kind	source	target	status
cover	Music/Recovered/AJR/OK ORCHESTRA/01 - OK Overture.flac	Music/Recovered/AJR/OK ORCHESTRA/cover.jpg	staged
cover	Music/Recovered/AJR/The Maybe Man/01 - Maybe Man.flac	Music/Recovered/AJR/The Maybe Man/cover.jpg	staged
cover	Music/Recovered/April Wine/Electric Jewels/01 - Weeping Widow.flac	Music/Recovered/April Wine/Electric Jewels/cover.jpg	staged
cover	Music/Recovered/April Wine/On Record/02 - You Could Have Been A Lady.flac	Music/Recovered/April Wine/On Record/cover.jpg	staged
cover	Music/Recovered/Avril Lavigne/Let Go/01 - Losing Grip.flac	Music/Recovered/Avril Lavigne/Let Go/cover.jpg	staged
cover	Music/Recovered/Bachman-Turner Overdrive/Bachman-Turner Overdrive II/01 - Blown.flac	Music/Recovered/Bachman-Turner Overdrive/Bachman-Turner Overdrive II/cover.jpg	staged
cover	Music/Recovered/Bachman-Turner Overdrive/Not Fragile/01 - Not Fragile.flac	Music/Recovered/Bachman-Turner Overdrive/Not Fragile/cover.jpg	staged
cover	Music/Recovered/Big Wreck/In Loving Memory of - 20th Anniversary Special Edition/01 - The Oaf.flac	Music/Recovered/Big Wreck/In Loving Memory of - 20th Anniversary Special Edition/cover.jpg	staged
cover	Music/Recovered/Billie Eilish/Happier Than Ever/01 - Getting Older.flac	Music/Recovered/Billie Eilish/Happier Than Ever/cover.jpg	staged
cover	Music/Recovered/Billie Eilish/Hit Me Hard and Soft/01 - Skinny.flac	Music/Recovered/Billie Eilish/Hit Me Hard and Soft/cover.jpg	staged
cover	Music/Recovered/Billie Eilish, Khalid/lovely/01 - lovely.flac	Music/Recovered/Billie Eilish, Khalid/lovely/cover.jpg	staged
cover	Music/Recovered/Billy Talent/Billy Talent/01 - This Is How It Goes.flac	Music/Recovered/Billy Talent/Billy Talent/cover.jpg	staged
cover	Music/Recovered/Billy Talent/Dead Silence/01 - Lonely Road To Absolution.flac	Music/Recovered/Billy Talent/Dead Silence/cover.jpg	staged
cover	Music/Recovered/Black Eyed Peas/The E.N.D/01 - Boom Boom Pow.flac	Music/Recovered/Black Eyed Peas/The E.N.D/cover.jpg	staged
cover	Music/Recovered/Bo Burnham/Inside/01 - Content.flac	Music/Recovered/Bo Burnham/Inside/cover.jpg	staged
cover	Music/Recovered/Bo Burnham/What/01 - Intro.flac	Music/Recovered/Bo Burnham/What/cover.jpg	staged
cover	Music/Recovered/Boston/Boston/01 - More Than A Feeling.flac	Music/Recovered/Boston/Boston/cover.jpg	staged
cover	Music/Recovered/Bronnie/Jaded/01 - Jaded.flac	Music/Recovered/Bronnie/Jaded/cover.jpg	staged
cover	Music/Recovered/Cage The Elephant/Cage the Elephant/01 - In One Ear.flac	Music/Recovered/Cage The Elephant/Cage the Elephant/cover.jpg	staged
cover	Music/Recovered/Cage The Elephant/Melophobia/01 - Spiderhead.flac	Music/Recovered/Cage The Elephant/Melophobia/cover.jpg	staged
cover	Music/Recovered/Cage The Elephant/Neon Pill/01 - Hifi.flac	Music/Recovered/Cage The Elephant/Neon Pill/cover.jpg	staged
cover	Music/Recovered/Cage The Elephant/Social Cues/01 - Broken Boy.flac	Music/Recovered/Cage The Elephant/Social Cues/cover.jpg	staged
cover	Music/Recovered/Cage The Elephant/Thank You Happy Birthday/01 - Always Something.flac	Music/Recovered/Cage The Elephant/Thank You Happy Birthday/cover.jpg	staged
cover	Music/Recovered/Cage The Elephant/Unpeeled/01 - Cry Baby (Unpeeled).flac	Music/Recovered/Cage The Elephant/Unpeeled/cover.jpg	staged
cover	Music/Recovered/Creedence Clearwater Revival/Pendulum/01 - Pagan Baby.flac	Music/Recovered/Creedence Clearwater Revival/Pendulum/cover.jpg	staged
cover	Music/Recovered/Daft Punk/Random Access Memories/01 - Give Life Back To Music.flac	Music/Recovered/Daft Punk/Random Access Memories/cover.jpg	staged
cover	Music/Recovered/Disturbed/Ten Thousand Fists/01 - Ten Thousand Fists.flac	Music/Recovered/Disturbed/Ten Thousand Fists/cover.jpg	staged
cover	Music/Recovered/Don McLean/American Pie/01 - American Pie.mp3	Music/Recovered/Don McLean/American Pie/cover.jpg	staged
cover	Music/Recovered/Eagles/Hotel California/01 - Hotel California.flac	Music/Recovered/Eagles/Hotel California/cover.jpg	staged
cover	Music/Recovered/Eminem/Music to Be Murdered By/01 - Premonition.flac	Music/Recovered/Eminem/Music to Be Murdered By/cover.jpg	staged
cover	Music/Recovered/Eminem/Recovery/01 - Cold Wind Blows.flac	Music/Recovered/Eminem/Recovery/cover.jpg	staged
cover	Music/Recovered/Eminem/The Eminem Show/01 - Curtains Up.flac	Music/Recovered/Eminem/The Eminem Show/cover.jpg	staged
cover	Music/Recovered/Eminem/The Marshall Mathers Lp/01 - Public Service Announcement 2000.flac	Music/Recovered/Eminem/The Marshall Mathers Lp/cover.jpg	staged
cover	Music/Recovered/Emma Blackery/Cannot Help Myself/01 - Everybody Lies.flac	Music/Recovered/Emma Blackery/Cannot Help Myself/cover.jpg	staged
cover	Music/Recovered/Emma Blackery/Goldfish/01 - Goldfish.flac	Music/Recovered/Emma Blackery/Goldfish/cover.jpg	staged
cover	Music/Recovered/Emma Blackery/Nepo Baby/01 - Nepo Baby.flac	Music/Recovered/Emma Blackery/Nepo Baby/cover.jpg	staged
cover	Music/Recovered/Emma Blackery/She's THAT!/00 - She's THAT!.mp3	Music/Recovered/Emma Blackery/She's THAT!/cover.jpg	staged
cover	Music/Recovered/Emma Blackery/Sucks to Be You/01 - Sucks To Be You.flac	Music/Recovered/Emma Blackery/Sucks to Be You/cover.jpg	staged
cover	Music/Recovered/Emma Blackery/Villains/01 - Villains, Pt. 1.flac	Music/Recovered/Emma Blackery/Villains/cover.jpg	staged
cover	Music/Recovered/Emma Blackery_ Bronnie/Celebrity Skin/01 - Celebrity Skin.flac	Music/Recovered/Emma Blackery_ Bronnie/Celebrity Skin/cover.jpg	staged
cover	Music/Recovered/Evanescence/Fallen/01 - Going Under.flac	Music/Recovered/Evanescence/Fallen/cover.jpg	staged
cover	Music/Recovered/Finger Eleven/Finger Eleven/01 - Other Light.flac	Music/Recovered/Finger Eleven/Finger Eleven/cover.jpg	staged
cover	Music/Recovered/Finger Eleven/Them Vs. You Vs. Me/01 - Paralyzer.flac	Music/Recovered/Finger Eleven/Them Vs. You Vs. Me/cover.jpg	staged
cover	Music/Recovered/Fleetwood Mac/Rumours/01 - Second Hand News.flac	Music/Recovered/Fleetwood Mac/Rumours/cover.jpg	staged
cover	Music/Recovered/Foals/Total Life Forever/05 - Spanish Sahara.flac	Music/Recovered/Foals/Total Life Forever/cover.jpg	staged
cover	Music/Recovered/Foo Fighters/Concrete and Gold/01 - T-Shirt.flac	Music/Recovered/Foo Fighters/Concrete and Gold/cover.jpg	staged
cover	Music/Recovered/Foreigner/4/02 - Juke Box Hero.flac	Music/Recovered/Foreigner/4/cover.jpg	staged
cover	Music/Recovered/Fort Minor/The Rising Tied/01 - Introduction.flac	Music/Recovered/Fort Minor/The Rising Tied/cover.jpg	staged
cover	Music/Recovered/Genesis/Selling England by the Pound/01 - Dancing With the Moonlit Knight.flac	Music/Recovered/Genesis/Selling England by the Pound/cover.jpg	staged
cover	Music/Recovered/George Harrison/All Things Must Pass/00 - Let It Down.flac	Music/Recovered/George Harrison/All Things Must Pass/cover.jpg	staged
cover	Music/Recovered/George Harrison/Cloud Nine/01 - Cloud Nine.flac	Music/Recovered/George Harrison/Cloud Nine/cover.jpg	staged
cover	Music/Recovered/Gorillaz/Demon Days/01 - Intro.flac	Music/Recovered/Gorillaz/Demon Days/cover.jpg	staged
cover	Music/Recovered/Green Day/American Idiot/00 - Homecoming.flac	Music/Recovered/Green Day/American Idiot/cover.jpg	staged
cover	Music/Recovered/Halestorm/Back From the Dead/01 - Back From The Dead.flac	Music/Recovered/Halestorm/Back From the Dead/cover.jpg	staged
cover	Music/Recovered/Halestorm/Halestorm/01 - It's Not You.flac	Music/Recovered/Halestorm/Halestorm/cover.jpg	staged
cover	Music/Recovered/Halestorm/Into the Wild Life/01 - Scream.flac	Music/Recovered/Halestorm/Into the Wild Life/cover.jpg	staged
cover	Music/Recovered/Halestorm/The Strange Case Of/01 - Love Bites.flac	Music/Recovered/Halestorm/The Strange Case Of/cover.jpg	staged
cover	Music/Recovered/Halsey/Badlands/00 - Colors Pt. Ii.flac	Music/Recovered/Halsey/Badlands/cover.jpg	staged
cover	Music/Recovered/Halsey/Hopeless Fountain Kingdom/01 - The Prologue.flac	Music/Recovered/Halsey/Hopeless Fountain Kingdom/cover.jpg	staged
cover	Music/Recovered/Icon For Hire/Scripted/01 - Overture.flac	Music/Recovered/Icon For Hire/Scripted/cover.jpg	staged
cover	Music/Recovered/Icon For Hire/You Can't Kill Us/01 - Supposed To Be.flac	Music/Recovered/Icon For Hire/You Can't Kill Us/cover.jpg	staged
cover	Music/Recovered/John Lennon & Paul McCartney/A Toot and a Snore in '74/02 - Bluesy Jam Session.mp3	Music/Recovered/John Lennon & Paul McCartney/A Toot and a Snore in '74/cover.jpg	staged
cover	Music/Recovered/Katy Perry/Prism/01 - Roar.flac	Music/Recovered/Katy Perry/Prism/cover.jpg	staged
cover	Music/Recovered/Katy Perry/Teenage Dream/01 - Teenage Dream.flac	Music/Recovered/Katy Perry/Teenage Dream/cover.jpg	staged
cover	Music/Recovered/Led Zeppelin/Led Zeppelin Iv/01 - Black Dog.flac	Music/Recovered/Led Zeppelin/Led Zeppelin Iv/cover.jpg	staged
cover	Music/Recovered/Limp Bizkit/Chocolate Starfish and the Hot Dog Flavored Water/01 - Intro.flac	Music/Recovered/Limp Bizkit/Chocolate Starfish and the Hot Dog Flavored Water/cover.jpg	staged
cover	Music/Recovered/Limp Bizkit/Results May Vary/01 - Re-Entry.flac	Music/Recovered/Limp Bizkit/Results May Vary/cover.jpg	staged
cover	Music/Recovered/Linkin Park/From Zero/01 - From Zero.flac	Music/Recovered/Linkin Park/From Zero/cover.jpg	staged
cover	Music/Recovered/Linkin Park/Hybrid Theory/01 - Papercut.flac	Music/Recovered/Linkin Park/Hybrid Theory/cover.jpg	staged
cover	Music/Recovered/Linkin Park/Living Things/01 - Lost In The Echo.flac	Music/Recovered/Linkin Park/Living Things/cover.jpg	staged
cover	Music/Recovered/Linkin Park/Meteora/01 - Foreword.flac	Music/Recovered/Linkin Park/Meteora/cover.jpg	staged
cover	Music/Recovered/Lukas Graham/Lukas Graham/01 - 7 Years.flac	Music/Recovered/Lukas Graham/Lukas Graham/cover.jpg	staged
cover	Music/Recovered/Maximum The Hormone/Bu-ikikaesu/02 - Zetsubou Billy.flac	Music/Recovered/Maximum The Hormone/Bu-ikikaesu/cover.jpg	staged
cover	Music/Recovered/Melanie Martinez/Cry Baby/01 - Cry Baby.flac	Music/Recovered/Melanie Martinez/Cry Baby/cover.jpg	staged
cover	Music/Recovered/Mike Shinoda/Already Over/01 - Already Over.flac	Music/Recovered/Mike Shinoda/Already Over/cover.jpg	staged
cover	Music/Recovered/Mike Shinoda/Post Traumatic/01 - Place To Start.flac	Music/Recovered/Mike Shinoda/Post Traumatic/cover.jpg	staged
cover	Music/Recovered/Mikel_ Gamechops/Zelda & Chill/01 - Fairy Fountain.flac	Music/Recovered/Mikel_ Gamechops/Zelda & Chill/cover.jpg	staged
cover	Music/Recovered/My Chemical Romance/The Black Parade/01 - The End.flac	Music/Recovered/My Chemical Romance/The Black Parade/cover.jpg	staged
cover	Music/Recovered/Oliver Tree/Alone in a Crowd/00 - Highlight Of My Life.flac	Music/Recovered/Oliver Tree/Alone in a Crowd/cover.jpg	staged
cover	Music/Recovered/Oliver Tree/Cowboy Tears/01 - Cowboys Dont Cry.flac	Music/Recovered/Oliver Tree/Cowboy Tears/cover.jpg	staged
cover	Music/Recovered/Oliver Tree/Love You Madly Hate You Badly/01 - My Only Friend.flac	Music/Recovered/Oliver Tree/Love You Madly Hate You Badly/cover.jpg	staged
cover	Music/Recovered/Oliver Tree/Ugly Is Beautiful/01 - Me, Myself & I.flac	Music/Recovered/Oliver Tree/Ugly Is Beautiful/cover.jpg	staged
cover	Music/Recovered/Oliver Tree, David Guetta/Here We Go Again/01 - Here We Go Again.flac	Music/Recovered/Oliver Tree, David Guetta/Here We Go Again/cover.jpg	staged
cover	Music/Recovered/Osrsbeatz/Lofi Mix/01 - Scape Main.flac	Music/Recovered/Osrsbeatz/Lofi Mix/cover.jpg	staged
cover	Music/Recovered/Papa Roach/Getting Away With Murder/01 - Blood.flac	Music/Recovered/Papa Roach/Getting Away With Murder/cover.jpg	staged
cover	Music/Recovered/Paramore/Brand New Eyes/01 - Careful.flac	Music/Recovered/Paramore/Brand New Eyes/cover.jpg	staged
cover	Music/Recovered/Paramore/Paramore/01 - Fast in My Car.flac	Music/Recovered/Paramore/Paramore/cover.jpg	staged
cover	Music/Recovered/Paramore/Riot! (Deluxe Edition)/01 - For a Pessimist, I'm Pretty Optimistic.flac	Music/Recovered/Paramore/Riot! (Deluxe Edition)/cover.jpg	staged
cover	Music/Recovered/Paul McCartney/The Boys of Dungeon Lane/01 - As You Lie There.mp3	Music/Recovered/Paul McCartney/The Boys of Dungeon Lane/cover.jpg	staged
cover	Music/Recovered/Paul McCartney, Ringo Starr/The Boys of Dungeon Lane/10 - Home to Us.mp3	Music/Recovered/Paul McCartney, Ringo Starr/The Boys of Dungeon Lane/cover.jpg	staged
cover	Music/Recovered/Paul Mccartney_ Linda Mccartney/Ram/01 - Too Many People.flac	Music/Recovered/Paul Mccartney_ Linda Mccartney/Ram/cover.jpg	staged
cover	Music/Recovered/Paul Mccartney_ Wings/Band on the Run/00 - Nineteen Hundred And Eighty Five.flac	Music/Recovered/Paul Mccartney_ Wings/Band on the Run/cover.jpg	staged
cover	Music/Recovered/Paul _Bunyan_ Rosenberg/The Marshall Mathers Lp/04 - Paul.flac	Music/Recovered/Paul _Bunyan_ Rosenberg/The Marshall Mathers Lp/cover.jpg	staged
cover	Music/Recovered/Pink Floyd/A Momentary Lapse of Reason/00 - A New Machine, Pt. 1.flac	Music/Recovered/Pink Floyd/A Momentary Lapse of Reason/cover.jpg	staged
cover	Music/Recovered/Pink Floyd/Animals/01 - Pigs On The Wing 1.flac	Music/Recovered/Pink Floyd/Animals/cover.jpg	staged
cover	Music/Recovered/Pink Floyd/The Division Bell/01 - Cluster One.flac	Music/Recovered/Pink Floyd/The Division Bell/cover.jpg	staged
cover	Music/Recovered/Pink Floyd/The Wall/01 - In the Flesh_.m4a	Music/Recovered/Pink Floyd/The Wall/cover.jpg	staged
cover	Music/Recovered/Purrple Cat/Distant Worlds Ii/01 - Alienated.flac	Music/Recovered/Purrple Cat/Distant Worlds Ii/cover.jpg	staged
cover	Music/Recovered/Purrple Cat/Multiverse/01 - Starseed.flac	Music/Recovered/Purrple Cat/Multiverse/cover.jpg	staged
cover	Music/Recovered/Ramones/Ramones (40th Anniversary Deluxe Edition_ 2016 Remaster)/01 - Blitzkrieg Bop (2016 Remaster).flac	Music/Recovered/Ramones/Ramones (40th Anniversary Deluxe Edition_ 2016 Remaster)/cover.jpg	staged
cover	Music/Recovered/Red Hot Chili Peppers/Blood Sugar Sex Magik/01 - The Power Of Equality.flac	Music/Recovered/Red Hot Chili Peppers/Blood Sugar Sex Magik/cover.jpg	staged
cover	Music/Recovered/Red Hot Chili Peppers/By the Way/00 - I Could Die For You.flac	Music/Recovered/Red Hot Chili Peppers/By the Way/cover.jpg	staged
cover	Music/Recovered/Red Hot Chili Peppers/Return of the Dream Canteen/01 - Tippa My Tongue.flac	Music/Recovered/Red Hot Chili Peppers/Return of the Dream Canteen/cover.jpg	staged
cover	Music/Recovered/Red Hot Chili Peppers/Stadium Arcadium/01 - Dani California.flac	Music/Recovered/Red Hot Chili Peppers/Stadium Arcadium/cover.jpg	staged
cover	Music/Recovered/Rev Theory/Light It Up/01 - Hell Yeah.flac	Music/Recovered/Rev Theory/Light It Up/cover.jpg	staged
cover	Music/Recovered/Rick Astley/Lights Out/01 - Lights Out.flac	Music/Recovered/Rick Astley/Lights Out/cover.jpg	staged
cover	Music/Recovered/Ringo Starr/Ringo/01 - I'm The Greatest.flac	Music/Recovered/Ringo Starr/Ringo/cover.jpg	staged
cover	Music/Recovered/Rob Thomas/Supernatural/05 - Smooth.flac	Music/Recovered/Rob Thomas/Supernatural/cover.jpg	staged
cover	Music/Recovered/Robb Nash/Tell Me Why/01 - One Last Breath.flac	Music/Recovered/Robb Nash/Tell Me Why/cover.jpg	staged
cover	Music/Recovered/Saliva/Back Into Your System/01 - Superstar Ii.flac	Music/Recovered/Saliva/Back Into Your System/cover.jpg	staged
cover	Music/Recovered/Saliva/Every Six Seconds/01 - Superstar.flac	Music/Recovered/Saliva/Every Six Seconds/cover.jpg	staged
cover	Music/Recovered/Santana/Supernatural/01 - (Da Le) Yaleo.flac	Music/Recovered/Santana/Supernatural/cover.jpg	staged
cover	Music/Recovered/Shinedown/Amaryllis/00 - I'll Follow You.flac	Music/Recovered/Shinedown/Amaryllis/cover.jpg	staged
cover	Music/Recovered/Shinedown/Attention Attention/00 - Creatures.flac	Music/Recovered/Shinedown/Attention Attention/cover.jpg	staged
cover	Music/Recovered/Shinedown/Planet Zero/01 - 2184.flac	Music/Recovered/Shinedown/Planet Zero/cover.jpg	staged
cover	Music/Recovered/Shinedown/The Sound of Madness/01 - Devour.flac	Music/Recovered/Shinedown/The Sound of Madness/cover.jpg	staged
cover	Music/Recovered/Shinedown/Threat to Survival/01 - Asking For It.flac	Music/Recovered/Shinedown/Threat to Survival/cover.jpg	staged
cover	Music/Recovered/Skillet/Awake/00 - Believe.flac	Music/Recovered/Skillet/Awake/cover.jpg	staged
cover	Music/Recovered/Tame Impala/Currents/01 - Let It Happen.flac	Music/Recovered/Tame Impala/Currents/cover.jpg	staged
cover	Music/Recovered/Tame Impala/Lonerism/01 - 01 - Be Above It.flac	Music/Recovered/Tame Impala/Lonerism/cover.jpg	staged
cover	Music/Recovered/The Beatles/A Hard Day's Night/01 - A Hard Day's Night.mp3	Music/Recovered/The Beatles/A Hard Day's Night/cover.jpg	staged
cover	Music/Recovered/The Beatles/Abbey Road/00 - Because.flac	Music/Recovered/The Beatles/Abbey Road/cover.jpg	staged
cover	Music/Recovered/The Beatles/Get Back (Rooftop Performance)/01 - Get Back (Rooftop Performance _ Take 1).flac	Music/Recovered/The Beatles/Get Back (Rooftop Performance)/cover.jpg	staged
cover	Music/Recovered/The Beatles/Help!/01 - Help!.flac	Music/Recovered/The Beatles/Help!/cover.jpg	staged
cover	Music/Recovered/The Beatles/Let It Be/01 - Two Of Us.flac	Music/Recovered/The Beatles/Let It Be/cover.jpg	staged
cover	Music/Recovered/The Beatles/Magical Mystery Tour/01 - Magical Mystery Tour.flac	Music/Recovered/The Beatles/Magical Mystery Tour/cover.jpg	staged
cover	Music/Recovered/The Beatles/Past Masters/01 - Love Me Do.flac	Music/Recovered/The Beatles/Past Masters/cover.jpg	staged
cover	Music/Recovered/The Beatles/Please Please Me/01 - I Saw Her Standing There.flac	Music/Recovered/The Beatles/Please Please Me/cover.jpg	staged
cover	Music/Recovered/The Beatles/Revolver/01 - Taxman.flac	Music/Recovered/The Beatles/Revolver/cover.jpg	staged
cover	Music/Recovered/The Beatles/Rubber Soul/01 - Drive My Car.flac	Music/Recovered/The Beatles/Rubber Soul/cover.jpg	staged
cover	Music/Recovered/The Beatles/Sgt. Pepper's Lonely Hearts Club Band/01 - Sgt. Pepper's Lonely Hearts Club Band.flac	Music/Recovered/The Beatles/Sgt. Pepper's Lonely Hearts Club Band/cover.jpg	staged
cover	Music/Recovered/The Beatles/The Beatles (white Album)/01 - Back In The U.S.S.R.mp3	Music/Recovered/The Beatles/The Beatles (white Album)/cover.jpg	staged
cover	Music/Recovered/The Beatles/With the Beatles/01 - It Won't Be Long.mp3	Music/Recovered/The Beatles/With the Beatles/cover.jpg	staged
cover	Music/Recovered/The Mamas/If You Can Believe Your Eyes & Ears/07 - California Dreamin'.flac	Music/Recovered/The Mamas/If You Can Believe Your Eyes & Ears/cover.jpg	staged
cover	Music/Recovered/The Moody Blues/A Question of Balance/00 - Dawning Is The Day.flac	Music/Recovered/The Moody Blues/A Question of Balance/cover.jpg	staged
cover	Music/Recovered/The Moody Blues/Every Good Boy Deserves Favour/01 - Procession.flac	Music/Recovered/The Moody Blues/Every Good Boy Deserves Favour/cover.jpg	staged
cover	Music/Recovered/The Moody Blues/In Search of the Lost Chord/01 - Departure.flac	Music/Recovered/The Moody Blues/In Search of the Lost Chord/cover.jpg	staged
cover	Music/Recovered/The Moody Blues/On the Threshold of a Dream/01 - In The Beginning.flac	Music/Recovered/The Moody Blues/On the Threshold of a Dream/cover.jpg	staged
cover	Music/Recovered/The Moody Blues/Seventh Sojourn/01 - Lost In A Lost World.flac	Music/Recovered/The Moody Blues/Seventh Sojourn/cover.jpg	staged
cover	Music/Recovered/The Offspring/Americana/00 - The End Of The Line.flac	Music/Recovered/The Offspring/Americana/cover.jpg	staged
cover	Music/Recovered/The Offspring/Smash/01 - Time To Relax.flac	Music/Recovered/The Offspring/Smash/cover.jpg	staged
cover	Music/Recovered/The Pretty Reckless/Death By Rock and Roll/01 - Death By Rock And Roll.flac	Music/Recovered/The Pretty Reckless/Death By Rock and Roll/cover.jpg	staged
cover	Music/Recovered/The Pretty Reckless/Going to Hell/01 - Follow Me Down.flac	Music/Recovered/The Pretty Reckless/Going to Hell/cover.jpg	staged
cover	Music/Recovered/The Pretty Reckless/Light Me Up/01 - My Medicine.flac	Music/Recovered/The Pretty Reckless/Light Me Up/cover.jpg	staged
cover	Music/Recovered/The Pretty Reckless/Who You Selling For/01 - The Walls Are Closing In _ Hangman.flac	Music/Recovered/The Pretty Reckless/Who You Selling For/cover.jpg	staged
cover	Music/Recovered/The Pretty Reckless, Warren Haynes/Who You Selling For/06 - Back To The River.flac	Music/Recovered/The Pretty Reckless, Warren Haynes/Who You Selling For/cover.jpg	staged
cover	Music/Recovered/The Raconteurs/Broken Boy Soldiers/01 - Steady, As She Goes.flac	Music/Recovered/The Raconteurs/Broken Boy Soldiers/cover.jpg	staged
cover	Music/Recovered/The Traveling Wilburys/The Traveling Wilburys, Vol. 1/01 - Handle With Care.flac	Music/Recovered/The Traveling Wilburys/The Traveling Wilburys, Vol. 1/cover.jpg	staged
cover	Music/Recovered/Three Days Grace/Human/01 - Human Race.flac	Music/Recovered/Three Days Grace/Human/cover.jpg	staged
cover	Music/Recovered/Three Days Grace/One-x/01 - It's All Over.flac	Music/Recovered/Three Days Grace/One-x/cover.jpg	staged
cover	Music/Recovered/Three Days Grace/Three Days Grace/01 - Burn.flac	Music/Recovered/Three Days Grace/Three Days Grace/cover.jpg	staged
cover	Music/Recovered/Veronicavon/Riptide/01 - Riptide.flac	Music/Recovered/Veronicavon/Riptide/cover.jpg	staged
cover	Music/Recovered/We The Kings/We The Kings/03 - Check Yes, Juliet.flac	Music/Recovered/We The Kings/We The Kings/cover.jpg	staged
cover	Music/Recovered/Wheatus/Teenage Dirtbag/01 - Teenage Dirtbag.flac	Music/Recovered/Wheatus/Teenage Dirtbag/cover.jpg	staged
cover	Music/Recovered/Yellowcard/Ocean Avenue/01 - Way Away.flac	Music/Recovered/Yellowcard/Ocean Avenue/cover.jpg	staged
rec	FSCK0000.REC	Recovered FSCK/Images/FSCK0000.jpg	jpeg
rec	FSCK0001.REC	Recovered FSCK/Unknown/FSCK0001.REC	unknown
rec	FSCK0002.REC	Recovered FSCK/Unknown/FSCK0002.REC	unknown
rec	FSCK0003.REC	Recovered FSCK/Unknown/FSCK0003.REC	unknown
rec	FSCK0004.REC	Recovered FSCK/Unknown/FSCK0004.REC	unknown
rec	FSCK0005.REC	Recovered FSCK/Unknown/FSCK0005.REC	unknown
rec	FSCK0006.REC	Recovered FSCK/Unknown/FSCK0006.REC	unknown
rec	FSCK0007.REC	Recovered FSCK/Unknown/FSCK0007.REC	unknown
rec	FSCK0008.REC	Recovered FSCK/Unknown/FSCK0008.REC	unknown
rec	FSCK0009.REC	Recovered FSCK/Unknown/FSCK0009.REC	unknown
rec	FSCK0010.REC	Recovered FSCK/Unknown/FSCK0010.REC	unknown
rec	FSCK0011.REC	Recovered FSCK/Unknown/FSCK0011.REC	unknown
rec	FSCK0012.REC	Recovered FSCK/Unknown/FSCK0012.REC	unknown
rec	FSCK0013.REC	Recovered FSCK/Unknown/FSCK0013.REC	unknown
rec	FSCK0014.REC	Recovered FSCK/Unknown/FSCK0014.REC	unknown
rec	FSCK0015.REC	Recovered FSCK/Unknown/FSCK0015.REC	unknown
rec	FSCK0016.REC	Recovered FSCK/Unknown/FSCK0016.REC	unknown
rec	FSCK0017.REC	Recovered FSCK/Unknown/FSCK0017.REC	unknown
rec	FSCK0018.REC	Recovered FSCK/Unknown/FSCK0018.REC	unknown
rec	FSCK0019.REC	Recovered FSCK/Unknown/FSCK0019.REC	unknown
rec	FSCK0020.REC	Recovered FSCK/Unknown/FSCK0020.REC	unknown
rec	FSCK0021.REC	Recovered FSCK/Unknown/FSCK0021.REC	unknown
rec	FSCK0022.REC	Recovered FSCK/Unknown/FSCK0022.REC	unknown
rec	FSCK0023.REC	Recovered FSCK/Unknown/FSCK0023.REC	unknown
rec	FSCK0024.REC	Recovered FSCK/Unknown/FSCK0024.REC	unknown
rec	FSCK0025.REC	Recovered FSCK/Unknown/FSCK0025.REC	unknown
rec	FSCK0026.REC	Recovered FSCK/Unknown/FSCK0026.REC	unknown
rec	FSCK0027.REC	Recovered FSCK/Unknown/FSCK0027.REC	unknown
rec	FSCK0028.REC	Recovered FSCK/Unknown/FSCK0028.REC	unknown
rec	FSCK0029.REC	Recovered FSCK/Unknown/FSCK0029.REC	unknown
rec	FSCK0030.REC	Recovered FSCK/Unknown/FSCK0030.REC	unknown
rec	FSCK0031.REC	Recovered FSCK/Unknown/FSCK0031.REC	unknown
rec	FSCK0032.REC	Recovered FSCK/Unknown/FSCK0032.REC	unknown
rec	FSCK0033.REC	Recovered FSCK/Unknown/FSCK0033.REC	unknown
rec	FSCK0034.REC	Recovered FSCK/Unknown/FSCK0034.REC	unknown
rec	FSCK0035.REC	Recovered FSCK/Unknown/FSCK0035.REC	unknown
rec	FSCK0036.REC	Recovered FSCK/Unknown/FSCK0036.REC	unknown
rec	FSCK0037.REC	Recovered FSCK/Unknown/FSCK0037.REC	unknown
rec	FSCK0038.REC	Recovered FSCK/Unknown/FSCK0038.REC	unknown
rec	FSCK0039.REC	Recovered FSCK/Unknown/FSCK0039.REC	unknown
rec	FSCK0040.REC	Recovered FSCK/Unknown/FSCK0040.REC	unknown
rec	FSCK0041.REC	Recovered FSCK/Unknown/FSCK0041.REC	unknown
rec	FSCK0042.REC	Recovered FSCK/Unknown/FSCK0042.REC	unknown
rec	FSCK0043.REC	Recovered FSCK/Unknown/FSCK0043.REC	unknown
rec	FSCK0044.REC	Recovered FSCK/Unknown/FSCK0044.REC	unknown
rec	FSCK0045.REC	Recovered FSCK/Unknown/FSCK0045.REC	unknown
rec	FSCK0046.REC	Recovered FSCK/Unknown/FSCK0046.REC	unknown
rec	FSCK0047.REC	Recovered FSCK/Unknown/FSCK0047.REC	unknown
rec	FSCK0048.REC	Recovered FSCK/Unknown/FSCK0048.REC	unknown
rec	FSCK0049.REC	Recovered FSCK/Unknown/FSCK0049.REC	unknown
rec	FSCK0050.REC	Recovered FSCK/Unknown/FSCK0050.REC	unknown
rec	FSCK0051.REC	Recovered FSCK/Unknown/FSCK0051.REC	unknown
rec	FSCK0052.REC	Recovered FSCK/Unknown/FSCK0052.REC	unknown
rec	FSCK0053.REC	Recovered FSCK/Unknown/FSCK0053.REC	unknown
rec	FSCK0054.REC	Recovered FSCK/Unknown/FSCK0054.REC	unknown
rec	FSCK0055.REC	Recovered FSCK/Unknown/FSCK0055.REC	unknown
rec	FSCK0056.REC	Recovered FSCK/Unknown/FSCK0056.REC	unknown
rec	FSCK0057.REC	Recovered FSCK/Unknown/FSCK0057.REC	unknown
rec	FSCK0058.REC	Recovered FSCK/Unknown/FSCK0058.REC	unknown
rec	FSCK0059.REC	Recovered FSCK/Unknown/FSCK0059.REC	unknown
rec	FSCK0060.REC	Recovered FSCK/Unknown/FSCK0060.REC	unknown
rec	FSCK0061.REC	Recovered FSCK/Unknown/FSCK0061.REC	unknown
rec	FSCK0062.REC	Recovered FSCK/Unknown/FSCK0062.REC	unknown
rec	FSCK0063.REC	Recovered FSCK/Unknown/FSCK0063.REC	unknown
rec	FSCK0064.REC	Recovered FSCK/Unknown/FSCK0064.REC	unknown
rec	FSCK0065.REC	Recovered FSCK/Unknown/FSCK0065.REC	unknown
rec	FSCK0066.REC	Recovered FSCK/Unknown/FSCK0066.REC	unknown
rec	FSCK0067.REC	Recovered FSCK/Unknown/FSCK0067.REC	unknown
rec	FSCK0068.REC	Recovered FSCK/Unknown/FSCK0068.REC	unknown
rec	FSCK0069.REC	Recovered FSCK/Unknown/FSCK0069.REC	unknown
rec	FSCK0070.REC	Recovered FSCK/Unknown/FSCK0070.REC	unknown
rec	FSCK0071.REC	Recovered FSCK/Unknown/FSCK0071.REC	unknown
rec	FSCK0072.REC	Recovered FSCK/Unknown/FSCK0072.REC	unknown
rec	FSCK0073.REC	Recovered FSCK/Unknown/FSCK0073.REC	unknown
rec	FSCK0074.REC	Recovered FSCK/Unknown/FSCK0074.REC	unknown
rec	FSCK0075.REC	Recovered FSCK/Unknown/FSCK0075.REC	unknown
rec	FSCK0076.REC	Recovered FSCK/Unknown/FSCK0076.REC	unknown
rec	FSCK0077.REC	Recovered FSCK/Unknown/FSCK0077.REC	unknown
rec	FSCK0078.REC	Recovered FSCK/Unknown/FSCK0078.REC	unknown
rec	FSCK0079.REC	Recovered FSCK/Unknown/FSCK0079.REC	unknown
rec	FSCK0080.REC	Recovered FSCK/Unknown/FSCK0080.REC	unknown
rec	FSCK0081.REC	Recovered FSCK/Unknown/FSCK0081.REC	unknown
rec	FSCK0082.REC	Recovered FSCK/Unknown/FSCK0082.REC	unknown
rec	FSCK0083.REC	Recovered FSCK/Unknown/FSCK0083.REC	unknown
rec	FSCK0084.REC	Recovered FSCK/Unknown/FSCK0084.REC	unknown
rec	FSCK0085.REC	Recovered FSCK/Unknown/FSCK0085.REC	unknown
rec	FSCK0086.REC	Recovered FSCK/Unknown/FSCK0086.REC	unknown
rec	FSCK0087.REC	Recovered FSCK/Unknown/FSCK0087.REC	unknown
rec	FSCK0088.REC	Recovered FSCK/Unknown/FSCK0088.REC	unknown
rec	FSCK0089.REC	Recovered FSCK/Unknown/FSCK0089.REC	unknown
rec	FSCK0090.REC	Recovered FSCK/Unknown/FSCK0090.REC	unknown
rec	FSCK0091.REC	Recovered FSCK/Unknown/FSCK0091.REC	unknown
rec	FSCK0092.REC	Recovered FSCK/Unknown/FSCK0092.REC	unknown
rec	FSCK0093.REC	Recovered FSCK/Unknown/FSCK0093.REC	unknown
rec	FSCK0094.REC	Recovered FSCK/Unknown/FSCK0094.REC	unknown
rec	FSCK0095.REC	Recovered FSCK/Unknown/FSCK0095.REC	unknown
rec	FSCK0096.REC	Recovered FSCK/Unknown/FSCK0096.REC	unknown
rec	FSCK0097.REC	Recovered FSCK/Unknown/FSCK0097.REC	unknown
rec	FSCK0098.REC	Recovered FSCK/Unknown/FSCK0098.REC	unknown
rec	FSCK0099.REC	Recovered FSCK/Unknown/FSCK0099.REC	unknown
rec	FSCK0100.REC	Recovered FSCK/Unknown/FSCK0100.REC	unknown
rec	FSCK0101.REC	Recovered FSCK/Unknown/FSCK0101.REC	unknown
rec	FSCK0102.REC	Recovered FSCK/Unknown/FSCK0102.REC	unknown
rec	FSCK0103.REC	Recovered FSCK/Unknown/FSCK0103.REC	unknown
rec	FSCK0104.REC	Recovered FSCK/Unknown/FSCK0104.REC	unknown
rec	FSCK0105.REC	Recovered FSCK/Unknown/FSCK0105.REC	unknown
rec	FSCK0106.REC	Recovered FSCK/Unknown/FSCK0106.REC	unknown
rec	FSCK0107.REC	Recovered FSCK/Unknown/FSCK0107.REC	unknown
rec	FSCK0108.REC	Recovered FSCK/Unknown/FSCK0108.REC	unknown
rec	FSCK0109.REC	Recovered FSCK/Unknown/FSCK0109.REC	unknown
rec	FSCK0110.REC	Recovered FSCK/Unknown/FSCK0110.REC	unknown
rec	FSCK0111.REC	Recovered FSCK/Unknown/FSCK0111.REC	unknown
rec	FSCK0112.REC	Recovered FSCK/Unknown/FSCK0112.REC	unknown
rec	FSCK0113.REC	Recovered FSCK/Unknown/FSCK0113.REC	unknown
rec	FSCK0114.REC	Recovered FSCK/Unknown/FSCK0114.REC	unknown
rec	FSCK0115.REC	Recovered FSCK/Unknown/FSCK0115.REC	unknown
rec	FSCK0116.REC	Recovered FSCK/Unknown/FSCK0116.REC	unknown
rec	FSCK0117.REC	Recovered FSCK/Unknown/FSCK0117.REC	unknown
rec	FSCK0118.REC	Recovered FSCK/Unknown/FSCK0118.REC	unknown
rec	FSCK0119.REC	Recovered FSCK/Unknown/FSCK0119.REC	unknown
rec	FSCK0120.REC	Recovered FSCK/Unknown/FSCK0120.REC	unknown
rec	FSCK0121.REC	Recovered FSCK/Unknown/FSCK0121.REC	unknown
rec	FSCK0122.REC	Recovered FSCK/Unknown/FSCK0122.REC	unknown
rec	FSCK0123.REC	Recovered FSCK/Unknown/FSCK0123.REC	unknown
rec	FSCK0124.REC	Recovered FSCK/Unknown/FSCK0124.REC	unknown
rec	FSCK0125.REC	Recovered FSCK/Unknown/FSCK0125.REC	unknown
rec	FSCK0126.REC	Recovered FSCK/Unknown/FSCK0126.REC	unknown
rec	FSCK0127.REC	Recovered FSCK/Unknown/FSCK0127.REC	unknown
rec	FSCK0128.REC	Recovered FSCK/Unknown/FSCK0128.REC	unknown
rec	FSCK0129.REC	Recovered FSCK/Unknown/FSCK0129.REC	unknown
rec	FSCK0130.REC	Recovered FSCK/Unknown/FSCK0130.REC	unknown
rec	FSCK0131.REC	Recovered FSCK/Unknown/FSCK0131.REC	unknown
rec	FSCK0132.REC	Recovered FSCK/Unknown/FSCK0132.REC	unknown
rec	FSCK0133.REC	Recovered FSCK/Unknown/FSCK0133.REC	unknown
rec	FSCK0134.REC	Recovered FSCK/Unknown/FSCK0134.REC	unknown
rec	FSCK0135.REC	Recovered FSCK/Unknown/FSCK0135.REC	unknown
rec	FSCK0136.REC	Recovered FSCK/Unknown/FSCK0136.REC	unknown
rec	FSCK0137.REC	Recovered FSCK/Unknown/FSCK0137.REC	unknown
rec	FSCK0138.REC	Recovered FSCK/Unknown/FSCK0138.REC	unknown
rec	FSCK0139.REC	Recovered FSCK/Unknown/FSCK0139.REC	unknown
rec	FSCK0140.REC	Recovered FSCK/Unknown/FSCK0140.REC	unknown
rec	FSCK0141.REC	Recovered FSCK/Unknown/FSCK0141.REC	unknown
rec	FSCK0142.REC	Recovered FSCK/Unknown/FSCK0142.REC	unknown
rec	FSCK0143.REC	Recovered FSCK/Unknown/FSCK0143.REC	unknown
rec	FSCK0144.REC	Recovered FSCK/Unknown/FSCK0144.REC	unknown
rec	FSCK0145.REC	Recovered FSCK/Unknown/FSCK0145.REC	unknown
rec	FSCK0146.REC	Recovered FSCK/Unknown/FSCK0146.REC	unknown
rec	FSCK0147.REC	Recovered FSCK/Unknown/FSCK0147.REC	unknown
rec	FSCK0148.REC	Recovered FSCK/Unknown/FSCK0148.REC	unknown
rec	FSCK0149.REC	Recovered FSCK/Unknown/FSCK0149.REC	unknown
rec	FSCK0150.REC	Recovered FSCK/Unknown/FSCK0150.REC	unknown
rec	FSCK0151.REC	Recovered FSCK/Unknown/FSCK0151.REC	unknown
rec	FSCK0152.REC	Recovered FSCK/Unknown/FSCK0152.REC	unknown
rec	FSCK0153.REC	Recovered FSCK/Unknown/FSCK0153.REC	unknown
rec	FSCK0154.REC	Recovered FSCK/Unknown/FSCK0154.REC	unknown
rec	FSCK0155.REC	Recovered FSCK/Unknown/FSCK0155.REC	unknown
rec	FSCK0156.REC	Recovered FSCK/Unknown/FSCK0156.REC	unknown
rec	FSCK0157.REC	Recovered FSCK/Unknown/FSCK0157.REC	unknown
rec	FSCK0158.REC	Recovered FSCK/Unknown/FSCK0158.REC	unknown
rec	FSCK0159.REC	Recovered FSCK/Unknown/FSCK0159.REC	unknown
rec	FSCK0160.REC	Recovered FSCK/Unknown/FSCK0160.REC	unknown
rec	FSCK0161.REC	Recovered FSCK/Unknown/FSCK0161.REC	unknown
rec	FSCK0162.REC	Recovered FSCK/Unknown/FSCK0162.REC	unknown
rec	FSCK0163.REC	Recovered FSCK/Unknown/FSCK0163.REC	unknown
rec	FSCK0164.REC	Recovered FSCK/Unknown/FSCK0164.REC	unknown
rec	FSCK0165.REC	Recovered FSCK/Unknown/FSCK0165.REC	unknown
rec	FSCK0166.REC	Recovered FSCK/Unknown/FSCK0166.REC	unknown
rec	FSCK0167.REC	Recovered FSCK/Unknown/FSCK0167.REC	unknown
rec	FSCK0168.REC	Recovered FSCK/Unknown/FSCK0168.REC	unknown
rec	FSCK0169.REC	Recovered FSCK/Unknown/FSCK0169.REC	unknown
rec	FSCK0170.REC	Recovered FSCK/Unknown/FSCK0170.REC	unknown
rec	FSCK0171.REC	Recovered FSCK/Unknown/FSCK0171.REC	unknown
rec	FSCK0172.REC	Recovered FSCK/Unknown/FSCK0172.REC	unknown
rec	FSCK0173.REC	Recovered FSCK/Unknown/FSCK0173.REC	unknown
rec	FSCK0174.REC	Recovered FSCK/Unknown/FSCK0174.REC	unknown
rec	FSCK0175.REC	Recovered FSCK/Unknown/FSCK0175.REC	unknown
rec	FSCK0176.REC	Recovered FSCK/Unknown/FSCK0176.REC	unknown
rec	FSCK0177.REC	Recovered FSCK/Unknown/FSCK0177.REC	unknown
rec	FSCK0178.REC	Recovered FSCK/Unknown/FSCK0178.REC	unknown
rec	FSCK0179.REC	Recovered FSCK/Unknown/FSCK0179.REC	unknown
rec	FSCK0180.REC	Recovered FSCK/Unknown/FSCK0180.REC	unknown
rec	FSCK0181.REC	Recovered FSCK/Unknown/FSCK0181.REC	unknown
rec	FSCK0260.REC	Recovered FSCK/Images/FSCK0260.jpg	jpeg
rec	FSCK0261.REC	Recovered FSCK/Images/FSCK0261.jpg	jpeg
rec	FSCK0262.REC	Recovered FSCK/Playlists/FSCK0262.m3u	m3u
rec	FSCK0263.REC	Recovered FSCK/Unknown/FSCK0263.REC	unknown
rec	FSCK0264.REC	Recovered FSCK/Unknown/FSCK0264.REC	unknown
rec	FSCK0265.REC	Recovered FSCK/Unknown/FSCK0265.REC	unknown
rec	FSCK0266.REC	Recovered FSCK/Unknown/FSCK0266.REC	unknown
rec	FSCK0267.REC	Recovered FSCK/Unknown/FSCK0267.REC	unknown
rec	FSCK0268.REC	Recovered FSCK/Unknown/FSCK0268.REC	unknown
rec	FSCK0269.REC	Recovered FSCK/Unknown/FSCK0269.REC	unknown
rec	FSCK0270.REC	Recovered FSCK/Unknown/FSCK0270.REC	unknown
rec	FSCK0271.REC	Recovered FSCK/Unknown/FSCK0271.REC	unknown
rec	FSCK0272.REC	Recovered FSCK/Unknown/FSCK0272.REC	unknown
rec	FSCK0273.REC	Recovered FSCK/Unknown/FSCK0273.REC	unknown
rec	FSCK0274.REC	Recovered FSCK/Unknown/FSCK0274.REC	unknown
rec	FSCK0275.REC	Recovered FSCK/Unknown/FSCK0275.REC	unknown
rec	FSCK0276.REC	Recovered FSCK/Unknown/FSCK0276.REC	unknown
rec	FSCK0277.REC	Recovered FSCK/Unknown/FSCK0277.REC	unknown
rec	FSCK0278.REC	Recovered FSCK/Unknown/FSCK0278.REC	unknown
rec	FSCK0279.REC	Recovered FSCK/Unknown/FSCK0279.REC	unknown
rec	FSCK0280.REC	Recovered FSCK/Unknown/FSCK0280.REC	unknown
rec	FSCK0281.REC	Recovered FSCK/Unknown/FSCK0281.REC	unknown
rec	FSCK0282.REC	Recovered FSCK/Unknown/FSCK0282.REC	unknown
rec	FSCK0283.REC	Recovered FSCK/Unknown/FSCK0283.REC	unknown
rec	FSCK0284.REC	Recovered FSCK/Unknown/FSCK0284.REC	unknown
rec	FSCK0285.REC	Recovered FSCK/Unknown/FSCK0285.REC	unknown
rec	FSCK0286.REC	Recovered FSCK/Unknown/FSCK0286.REC	unknown
rec	FSCK0287.REC	Recovered FSCK/Unknown/FSCK0287.REC	unknown
rec	FSCK0288.REC	Recovered FSCK/Unknown/FSCK0288.REC	unknown
rec	FSCK0289.REC	Recovered FSCK/Unknown/FSCK0289.REC	unknown
rec	FSCK0290.REC	Recovered FSCK/Unknown/FSCK0290.REC	unknown
rec	FSCK0291.REC	Recovered FSCK/Unknown/FSCK0291.REC	unknown
rec	FSCK0292.REC	Recovered FSCK/Unknown/FSCK0292.REC	unknown
rec	FSCK0293.REC	Recovered FSCK/Unknown/FSCK0293.REC	unknown
rec	FSCK0294.REC	Recovered FSCK/Unknown/FSCK0294.REC	unknown
rec	FSCK0295.REC	Recovered FSCK/Unknown/FSCK0295.REC	unknown
rec	FSCK0296.REC	Recovered FSCK/Unknown/FSCK0296.REC	unknown
rec	FSCK0297.REC	Recovered FSCK/Unknown/FSCK0297.REC	unknown
rec	FSCK0298.REC	Recovered FSCK/Unknown/FSCK0298.REC	unknown
rec	FSCK0299.REC	Recovered FSCK/Unknown/FSCK0299.REC	unknown
rec	FSCK0300.REC	Recovered FSCK/Unknown/FSCK0300.REC	unknown
rec	FSCK0301.REC	Recovered FSCK/Unknown/FSCK0301.REC	unknown
rec	FSCK0302.REC	Recovered FSCK/Unknown/FSCK0302.REC	unknown
rec	FSCK0303.REC	Recovered FSCK/Unknown/FSCK0303.REC	unknown
rec	FSCK0304.REC	Recovered FSCK/Unknown/FSCK0304.REC	unknown
rec	FSCK0305.REC	Recovered FSCK/Unknown/FSCK0305.REC	unknown
rec	FSCK0306.REC	Recovered FSCK/Unknown/FSCK0306.REC	unknown
rec	FSCK0307.REC	Recovered FSCK/Unknown/FSCK0307.REC	unknown
rec	FSCK0308.REC	Recovered FSCK/Unknown/FSCK0308.REC	unknown
rec	FSCK0309.REC	Recovered FSCK/Unknown/FSCK0309.REC	unknown
rec	FSCK0310.REC	Recovered FSCK/Unknown/FSCK0310.REC	unknown
rec	FSCK0311.REC	Recovered FSCK/Unknown/FSCK0311.REC	unknown
rec	FSCK0312.REC	Recovered FSCK/Unknown/FSCK0312.REC	unknown
rec	FSCK0313.REC	Recovered FSCK/Unknown/FSCK0313.REC	unknown
rec	FSCK0314.REC	Recovered FSCK/Unknown/FSCK0314.REC	unknown
rec	FSCK0315.REC	Recovered FSCK/Unknown/FSCK0315.REC	unknown
rec	FSCK0316.REC	Recovered FSCK/Unknown/FSCK0316.REC	unknown
rec	FSCK0317.REC	Recovered FSCK/Unknown/FSCK0317.REC	unknown
rec	FSCK0318.REC	Recovered FSCK/Unknown/FSCK0318.REC	unknown
rec	FSCK0319.REC	Recovered FSCK/Unknown/FSCK0319.REC	unknown
rec	FSCK0320.REC	Recovered FSCK/Unknown/FSCK0320.REC	unknown
rec	FSCK0321.REC	Recovered FSCK/Unknown/FSCK0321.REC	unknown
rec	FSCK0322.REC	Recovered FSCK/Unknown/FSCK0322.REC	unknown
rec	FSCK0323.REC	Recovered FSCK/Unknown/FSCK0323.REC	unknown
rec	FSCK0324.REC	Recovered FSCK/Unknown/FSCK0324.REC	unknown
rec	FSCK0325.REC	Recovered FSCK/Unknown/FSCK0325.REC	unknown
rec	FSCK0326.REC	Recovered FSCK/Unknown/FSCK0326.REC	unknown
rec	FSCK0327.REC	Recovered FSCK/Unknown/FSCK0327.REC	unknown
rec	FSCK0328.REC	Recovered FSCK/Unknown/FSCK0328.REC	unknown
rec	FSCK0329.REC	Recovered FSCK/Unknown/FSCK0329.REC	unknown
rec	FSCK0330.REC	Recovered FSCK/Unknown/FSCK0330.REC	unknown
rec	FSCK0331.REC	Recovered FSCK/Unknown/FSCK0331.REC	unknown
rec	FSCK0332.REC	Recovered FSCK/Unknown/FSCK0332.REC	unknown
rec	FSCK0333.REC	Recovered FSCK/Unknown/FSCK0333.REC	unknown
rec	FSCK0334.REC	Recovered FSCK/Unknown/FSCK0334.REC	unknown
rec	FSCK0363.REC	Recovered FSCK/Playlists/FSCK0363.m3u	m3u
rec	FSCK0364.REC	Recovered FSCK/Unknown/FSCK0364.REC	unknown
rec	FSCK0365.REC	Recovered FSCK/Unknown/FSCK0365.REC	unknown
rec	FSCK0366.REC	Recovered FSCK/Unknown/FSCK0366.REC	unknown
rec	FSCK0367.REC	Recovered FSCK/Unknown/FSCK0367.REC	unknown
rec	FSCK0368.REC	Recovered FSCK/Unknown/FSCK0368.REC	unknown
rec	FSCK0369.REC	Recovered FSCK/Unknown/FSCK0369.REC	unknown
rec	FSCK0370.REC	Recovered FSCK/Unknown/FSCK0370.REC	unknown
rec	FSCK0371.REC	Recovered FSCK/Unknown/FSCK0371.REC	unknown
rec	FSCK0372.REC	Recovered FSCK/Unknown/FSCK0372.REC	unknown
rec	FSCK0373.REC	Recovered FSCK/Unknown/FSCK0373.REC	unknown
rec	FSCK0374.REC	Recovered FSCK/Unknown/FSCK0374.REC	unknown
rec	FSCK0375.REC	Recovered FSCK/Unknown/FSCK0375.REC	unknown
rec	FSCK0376.REC	Recovered FSCK/Unknown/FSCK0376.REC	unknown
rec	FSCK0377.REC	Recovered FSCK/Unknown/FSCK0377.REC	unknown
rec	FSCK0378.REC	Recovered FSCK/Unknown/FSCK0378.REC	unknown
rec	FSCK0379.REC	Recovered FSCK/Unknown/FSCK0379.REC	unknown
rec	FSCK0380.REC	Recovered FSCK/Unknown/FSCK0380.REC	unknown
rec	FSCK0381.REC	Recovered FSCK/Unknown/FSCK0381.REC	unknown
rec	FSCK0382.REC	Recovered FSCK/Unknown/FSCK0382.REC	unknown
rec	FSCK0383.REC	Recovered FSCK/Unknown/FSCK0383.REC	unknown
rec	FSCK0384.REC	Recovered FSCK/Unknown/FSCK0384.REC	unknown
rec	FSCK0385.REC	Recovered FSCK/Unknown/FSCK0385.REC	unknown
rec	FSCK0386.REC	Recovered FSCK/Unknown/FSCK0386.REC	unknown
rec	FSCK0387.REC	Recovered FSCK/Unknown/FSCK0387.REC	unknown
rec	FSCK0388.REC	Recovered FSCK/Unknown/FSCK0388.REC	unknown
rec	FSCK0389.REC	Recovered FSCK/Unknown/FSCK0389.REC	unknown
rec	FSCK0390.REC	Recovered FSCK/Unknown/FSCK0390.REC	unknown
rec	FSCK0391.REC	Recovered FSCK/Unknown/FSCK0391.REC	unknown
rec	FSCK0407.REC	Recovered FSCK/Playlists/FSCK0407.m3u	m3u
rec	FSCK0415.REC	Recovered FSCK/Unknown/FSCK0415.REC	unknown
rec	FSCK0416.REC	Recovered FSCK/Unknown/FSCK0416.REC	unknown
rec	FSCK0417.REC	Recovered FSCK/Unknown/FSCK0417.REC	unknown
rec	FSCK0418.REC	Recovered FSCK/Unknown/FSCK0418.REC	unknown
rec	FSCK0419.REC	Recovered FSCK/Unknown/FSCK0419.REC	unknown
rec	FSCK0420.REC	Recovered FSCK/Unknown/FSCK0420.REC	unknown
rec	FSCK0421.REC	Recovered FSCK/Unknown/FSCK0421.REC	unknown
rec	FSCK0422.REC	Recovered FSCK/Unknown/FSCK0422.REC	unknown
rec	FSCK0423.REC	Recovered FSCK/Unknown/FSCK0423.REC	unknown
rec	FSCK0424.REC	Recovered FSCK/Unknown/FSCK0424.REC	unknown
rec	FSCK0425.REC	Recovered FSCK/Unknown/FSCK0425.REC	unknown
rec	FSCK0426.REC	Recovered FSCK/Unknown/FSCK0426.REC	unknown
rec	FSCK0427.REC	Recovered FSCK/Unknown/FSCK0427.REC	unknown
rec	FSCK0428.REC	Recovered FSCK/Unknown/FSCK0428.REC	unknown
rec	FSCK0429.REC	Recovered FSCK/Unknown/FSCK0429.REC	unknown
rec	FSCK0430.REC	Recovered FSCK/Unknown/FSCK0430.REC	unknown
rec	FSCK0431.REC	Recovered FSCK/Unknown/FSCK0431.REC	unknown
rec	FSCK0432.REC	Recovered FSCK/Unknown/FSCK0432.REC	unknown
rec	FSCK0433.REC	Recovered FSCK/Unknown/FSCK0433.REC	unknown
rec	FSCK0434.REC	Recovered FSCK/Unknown/FSCK0434.REC	unknown
rec	FSCK0435.REC	Recovered FSCK/Unknown/FSCK0435.REC	unknown
rec	FSCK0436.REC	Recovered FSCK/Unknown/FSCK0436.REC	unknown
rec	FSCK0454.REC	Recovered FSCK/Playlists/FSCK0454.m3u	m3u
rec	FSCK0456.REC	Recovered FSCK/Unknown/FSCK0456.REC	unknown
rec	FSCK0457.REC	Recovered FSCK/Unknown/FSCK0457.REC	unknown
rec	FSCK0458.REC	Recovered FSCK/Unknown/FSCK0458.REC	unknown
rec	FSCK0459.REC	Recovered FSCK/Unknown/FSCK0459.REC	unknown
rec	FSCK0460.REC	Recovered FSCK/Unknown/FSCK0460.REC	unknown
rec	FSCK0461.REC	Recovered FSCK/Unknown/FSCK0461.REC	unknown
rec	FSCK0462.REC	Recovered FSCK/Unknown/FSCK0462.REC	unknown
rec	FSCK0463.REC	Recovered FSCK/Unknown/FSCK0463.REC	unknown
rec	FSCK0464.REC	Recovered FSCK/Unknown/FSCK0464.REC	unknown
rec	FSCK0465.REC	Recovered FSCK/Unknown/FSCK0465.REC	unknown
rec	FSCK0466.REC	Recovered FSCK/Unknown/FSCK0466.REC	unknown
rec	FSCK0467.REC	Recovered FSCK/Unknown/FSCK0467.REC	unknown
rec	FSCK0468.REC	Recovered FSCK/Unknown/FSCK0468.REC	unknown
rec	FSCK0469.REC	Recovered FSCK/Unknown/FSCK0469.REC	unknown
rec	FSCK0470.REC	Recovered FSCK/Unknown/FSCK0470.REC	unknown
rec	FSCK0471.REC	Recovered FSCK/Unknown/FSCK0471.REC	unknown
rec	FSCK0472.REC	Recovered FSCK/Unknown/FSCK0472.REC	unknown
rec	FSCK0473.REC	Recovered FSCK/Unknown/FSCK0473.REC	unknown
rec	FSCK0474.REC	Recovered FSCK/Unknown/FSCK0474.REC	unknown
rec	FSCK0475.REC	Recovered FSCK/Unknown/FSCK0475.REC	unknown
rec	FSCK0494.REC	Recovered FSCK/Playlists/FSCK0494.m3u	m3u
rec	FSCK0496.REC	Recovered FSCK/Unknown/FSCK0496.REC	unknown
rec	FSCK0497.REC	Recovered FSCK/Unknown/FSCK0497.REC	unknown
rec	FSCK0498.REC	Recovered FSCK/Unknown/FSCK0498.REC	unknown
rec	FSCK0499.REC	Recovered FSCK/Unknown/FSCK0499.REC	unknown
rec	FSCK0500.REC	Recovered FSCK/Unknown/FSCK0500.REC	unknown
rec	FSCK0501.REC	Recovered FSCK/Unknown/FSCK0501.REC	unknown
rec	FSCK0502.REC	Recovered FSCK/Unknown/FSCK0502.REC	unknown
rec	FSCK0503.REC	Recovered FSCK/Unknown/FSCK0503.REC	unknown
rec	FSCK0504.REC	Recovered FSCK/Unknown/FSCK0504.REC	unknown
rec	FSCK0505.REC	Recovered FSCK/Unknown/FSCK0505.REC	unknown
rec	FSCK0506.REC	Recovered FSCK/Unknown/FSCK0506.REC	unknown
rec	FSCK0507.REC	Recovered FSCK/Unknown/FSCK0507.REC	unknown
rec	FSCK0508.REC	Recovered FSCK/Unknown/FSCK0508.REC	unknown
rec	FSCK0509.REC	Recovered FSCK/Unknown/FSCK0509.REC	unknown
rec	FSCK0510.REC	Recovered FSCK/Unknown/FSCK0510.REC	unknown
rec	FSCK0511.REC	Recovered FSCK/Unknown/FSCK0511.REC	unknown
rec	FSCK0512.REC	Recovered FSCK/Unknown/FSCK0512.REC	unknown
rec	FSCK0513.REC	Recovered FSCK/Unknown/FSCK0513.REC	unknown
rec	FSCK0514.REC	Recovered FSCK/Unknown/FSCK0514.REC	unknown
rec	FSCK0515.REC	Recovered FSCK/Unknown/FSCK0515.REC	unknown
rec	FSCK0539.REC	Recovered FSCK/Playlists/FSCK0539.m3u	m3u
rec	FSCK0540.REC	Recovered FSCK/Unknown/FSCK0540.REC	unknown
rec	FSCK0541.REC	Recovered FSCK/Unknown/FSCK0541.REC	unknown
rec	FSCK0542.REC	Recovered FSCK/Unknown/FSCK0542.REC	unknown
rec	FSCK0543.REC	Recovered FSCK/Unknown/FSCK0543.REC	unknown
rec	FSCK0544.REC	Recovered FSCK/Unknown/FSCK0544.REC	unknown
rec	FSCK0545.REC	Recovered FSCK/Unknown/FSCK0545.REC	unknown
rec	FSCK0546.REC	Recovered FSCK/Unknown/FSCK0546.REC	unknown
rec	FSCK0547.REC	Recovered FSCK/Unknown/FSCK0547.REC	unknown
rec	FSCK0548.REC	Recovered FSCK/Unknown/FSCK0548.REC	unknown
rec	FSCK0549.REC	Recovered FSCK/Unknown/FSCK0549.REC	unknown
rec	FSCK0550.REC	Recovered FSCK/Unknown/FSCK0550.REC	unknown
rec	FSCK0551.REC	Recovered FSCK/Unknown/FSCK0551.REC	unknown
rec	FSCK0552.REC	Recovered FSCK/Unknown/FSCK0552.REC	unknown
rec	FSCK0553.REC	Recovered FSCK/Unknown/FSCK0553.REC	unknown
rec	FSCK0554.REC	Recovered FSCK/Unknown/FSCK0554.REC	unknown
rec	FSCK0555.REC	Recovered FSCK/Unknown/FSCK0555.REC	unknown
rec	FSCK0556.REC	Recovered FSCK/Unknown/FSCK0556.REC	unknown
rec	FSCK0557.REC	Recovered FSCK/Unknown/FSCK0557.REC	unknown
rec	FSCK0558.REC	Recovered FSCK/Unknown/FSCK0558.REC	unknown
rec	FSCK0559.REC	Recovered FSCK/Unknown/FSCK0559.REC	unknown
rec	FSCK0570.REC	Recovered FSCK/Playlists/FSCK0570.m3u	m3u
rec	FSCK0579.REC	Recovered FSCK/Unknown/FSCK0579.REC	unknown
rec	FSCK0580.REC	Recovered FSCK/Unknown/FSCK0580.REC	unknown
rec	FSCK0581.REC	Recovered FSCK/Unknown/FSCK0581.REC	unknown
rec	FSCK0582.REC	Recovered FSCK/Unknown/FSCK0582.REC	unknown
rec	FSCK0583.REC	Recovered FSCK/Unknown/FSCK0583.REC	unknown
rec	FSCK0584.REC	Recovered FSCK/Unknown/FSCK0584.REC	unknown
rec	FSCK0585.REC	Recovered FSCK/Unknown/FSCK0585.REC	unknown
rec	FSCK0586.REC	Recovered FSCK/Unknown/FSCK0586.REC	unknown
rec	FSCK0587.REC	Recovered FSCK/Unknown/FSCK0587.REC	unknown
rec	FSCK0588.REC	Recovered FSCK/Unknown/FSCK0588.REC	unknown
rec	FSCK0589.REC	Recovered FSCK/Unknown/FSCK0589.REC	unknown
rec	FSCK0590.REC	Recovered FSCK/Unknown/FSCK0590.REC	unknown
rec	FSCK0591.REC	Recovered FSCK/Unknown/FSCK0591.REC	unknown
rec	FSCK0592.REC	Recovered FSCK/Unknown/FSCK0592.REC	unknown
rec	FSCK0593.REC	Recovered FSCK/Unknown/FSCK0593.REC	unknown
rec	FSCK0594.REC	Recovered FSCK/Unknown/FSCK0594.REC	unknown
rec	FSCK0595.REC	Recovered FSCK/Unknown/FSCK0595.REC	unknown
rec	FSCK0596.REC	Recovered FSCK/Unknown/FSCK0596.REC	unknown
rec	FSCK0597.REC	Recovered FSCK/Unknown/FSCK0597.REC	unknown
rec	FSCK0598.REC	Recovered FSCK/Unknown/FSCK0598.REC	unknown
rec	FSCK0620.REC	Recovered FSCK/Playlists/FSCK0620.m3u	m3u
rec	FSCK0621.REC	Recovered FSCK/Unknown/FSCK0621.REC	unknown
rec	FSCK0622.REC	Recovered FSCK/Unknown/FSCK0622.REC	unknown
rec	FSCK0623.REC	Recovered FSCK/Unknown/FSCK0623.REC	unknown
rec	FSCK0624.REC	Recovered FSCK/Unknown/FSCK0624.REC	unknown
rec	FSCK0625.REC	Recovered FSCK/Unknown/FSCK0625.REC	unknown
rec	FSCK0626.REC	Recovered FSCK/Unknown/FSCK0626.REC	unknown
rec	FSCK0627.REC	Recovered FSCK/Unknown/FSCK0627.REC	unknown
rec	FSCK0628.REC	Recovered FSCK/Unknown/FSCK0628.REC	unknown
rec	FSCK0629.REC	Recovered FSCK/Unknown/FSCK0629.REC	unknown
rec	FSCK0630.REC	Recovered FSCK/Unknown/FSCK0630.REC	unknown
rec	FSCK0631.REC	Recovered FSCK/Unknown/FSCK0631.REC	unknown
rec	FSCK0632.REC	Recovered FSCK/Unknown/FSCK0632.REC	unknown
rec	FSCK0633.REC	Recovered FSCK/Unknown/FSCK0633.REC	unknown
rec	FSCK0634.REC	Recovered FSCK/Unknown/FSCK0634.REC	unknown
rec	FSCK0635.REC	Recovered FSCK/Unknown/FSCK0635.REC	unknown
rec	FSCK0636.REC	Recovered FSCK/Unknown/FSCK0636.REC	unknown
rec	FSCK0637.REC	Recovered FSCK/Unknown/FSCK0637.REC	unknown
rec	FSCK0638.REC	Recovered FSCK/Unknown/FSCK0638.REC	unknown
rec	FSCK0639.REC	Recovered FSCK/Unknown/FSCK0639.REC	unknown
rec	FSCK0655.REC	Recovered FSCK/Playlists/FSCK0655.m3u	m3u
rec	FSCK0657.REC	Recovered FSCK/Unknown/FSCK0657.REC	unknown
rec	FSCK0658.REC	Recovered FSCK/Unknown/FSCK0658.REC	unknown
rec	FSCK0659.REC	Recovered FSCK/Unknown/FSCK0659.REC	unknown
rec	FSCK0660.REC	Recovered FSCK/Unknown/FSCK0660.REC	unknown
rec	FSCK0661.REC	Recovered FSCK/Unknown/FSCK0661.REC	unknown
rec	FSCK0662.REC	Recovered FSCK/Unknown/FSCK0662.REC	unknown
rec	FSCK0663.REC	Recovered FSCK/Unknown/FSCK0663.REC	unknown
rec	FSCK0664.REC	Recovered FSCK/Unknown/FSCK0664.REC	unknown
rec	FSCK0665.REC	Recovered FSCK/Unknown/FSCK0665.REC	unknown
rec	FSCK0666.REC	Recovered FSCK/Unknown/FSCK0666.REC	unknown
rec	FSCK0667.REC	Recovered FSCK/Unknown/FSCK0667.REC	unknown
rec	FSCK0668.REC	Recovered FSCK/Unknown/FSCK0668.REC	unknown
rec	FSCK0669.REC	Recovered FSCK/Unknown/FSCK0669.REC	unknown
rec	FSCK0670.REC	Recovered FSCK/Unknown/FSCK0670.REC	unknown
rec	FSCK0671.REC	Recovered FSCK/Unknown/FSCK0671.REC	unknown
rec	FSCK0672.REC	Recovered FSCK/Unknown/FSCK0672.REC	unknown
rec	FSCK0673.REC	Recovered FSCK/Unknown/FSCK0673.REC	unknown
rec	FSCK0674.REC	Recovered FSCK/Unknown/FSCK0674.REC	unknown
rec	FSCK0693.REC	Recovered FSCK/Playlists/FSCK0693.m3u	m3u
rec	FSCK0694.REC	Recovered FSCK/Unknown/FSCK0694.REC	unknown
rec	FSCK0695.REC	Recovered FSCK/Unknown/FSCK0695.REC	unknown
rec	FSCK0696.REC	Recovered FSCK/Unknown/FSCK0696.REC	unknown
rec	FSCK0697.REC	Recovered FSCK/Unknown/FSCK0697.REC	unknown
rec	FSCK0698.REC	Recovered FSCK/Unknown/FSCK0698.REC	unknown
rec	FSCK0699.REC	Recovered FSCK/Unknown/FSCK0699.REC	unknown
rec	FSCK0700.REC	Recovered FSCK/Unknown/FSCK0700.REC	unknown
rec	FSCK0701.REC	Recovered FSCK/Unknown/FSCK0701.REC	unknown
rec	FSCK0702.REC	Recovered FSCK/Unknown/FSCK0702.REC	unknown
rec	FSCK0703.REC	Recovered FSCK/Unknown/FSCK0703.REC	unknown
rec	FSCK0704.REC	Recovered FSCK/Unknown/FSCK0704.REC	unknown
rec	FSCK0705.REC	Recovered FSCK/Unknown/FSCK0705.REC	unknown
rec	FSCK0706.REC	Recovered FSCK/Unknown/FSCK0706.REC	unknown
rec	FSCK0707.REC	Recovered FSCK/Unknown/FSCK0707.REC	unknown
rec	FSCK0708.REC	Recovered FSCK/Unknown/FSCK0708.REC	unknown
rec	FSCK0709.REC	Recovered FSCK/Unknown/FSCK0709.REC	unknown
rec	FSCK0710.REC	Recovered FSCK/Unknown/FSCK0710.REC	unknown
rec	FSCK0711.REC	Recovered FSCK/Unknown/FSCK0711.REC	unknown
rec	FSCK0718.REC	Recovered FSCK/Playlists/FSCK0718.m3u	m3u
rec	FSCK0733.REC	Recovered FSCK/Unknown/FSCK0733.REC	unknown
rec	FSCK0734.REC	Recovered FSCK/Unknown/FSCK0734.REC	unknown
rec	FSCK0735.REC	Recovered FSCK/Unknown/FSCK0735.REC	unknown
rec	FSCK0736.REC	Recovered FSCK/Unknown/FSCK0736.REC	unknown
rec	FSCK0737.REC	Recovered FSCK/Unknown/FSCK0737.REC	unknown
rec	FSCK0738.REC	Recovered FSCK/Unknown/FSCK0738.REC	unknown
rec	FSCK0739.REC	Recovered FSCK/Unknown/FSCK0739.REC	unknown
rec	FSCK0740.REC	Recovered FSCK/Unknown/FSCK0740.REC	unknown
rec	FSCK0741.REC	Recovered FSCK/Unknown/FSCK0741.REC	unknown
rec	FSCK0742.REC	Recovered FSCK/Unknown/FSCK0742.REC	unknown
rec	FSCK0743.REC	Recovered FSCK/Unknown/FSCK0743.REC	unknown
rec	FSCK0744.REC	Recovered FSCK/Unknown/FSCK0744.REC	unknown
rec	FSCK0745.REC	Recovered FSCK/Unknown/FSCK0745.REC	unknown
rec	FSCK0746.REC	Recovered FSCK/Unknown/FSCK0746.REC	unknown
rec	FSCK0747.REC	Recovered FSCK/Unknown/FSCK0747.REC	unknown
rec	FSCK0748.REC	Recovered FSCK/Unknown/FSCK0748.REC	unknown
rec	FSCK0749.REC	Recovered FSCK/Unknown/FSCK0749.REC	unknown
rec	FSCK0750.REC	Recovered FSCK/Unknown/FSCK0750.REC	unknown
rec	FSCK0755.REC	Recovered FSCK/Playlists/FSCK0755.m3u	m3u
rec	FSCK0762.REC	Recovered FSCK/Unknown/FSCK0762.REC	unknown
rec	FSCK0763.REC	Recovered FSCK/Unknown/FSCK0763.REC	unknown
rec	FSCK0764.REC	Recovered FSCK/Unknown/FSCK0764.REC	unknown
rec	FSCK0765.REC	Recovered FSCK/Unknown/FSCK0765.REC	unknown
rec	FSCK0766.REC	Recovered FSCK/Unknown/FSCK0766.REC	unknown
rec	FSCK0767.REC	Recovered FSCK/Unknown/FSCK0767.REC	unknown
rec	FSCK0768.REC	Recovered FSCK/Unknown/FSCK0768.REC	unknown
rec	FSCK0769.REC	Recovered FSCK/Unknown/FSCK0769.REC	unknown
rec	FSCK0770.REC	Recovered FSCK/Unknown/FSCK0770.REC	unknown
rec	FSCK0771.REC	Recovered FSCK/Unknown/FSCK0771.REC	unknown
rec	FSCK0772.REC	Recovered FSCK/Unknown/FSCK0772.REC	unknown
rec	FSCK0773.REC	Recovered FSCK/Unknown/FSCK0773.REC	unknown
rec	FSCK0774.REC	Recovered FSCK/Unknown/FSCK0774.REC	unknown
rec	FSCK0775.REC	Recovered FSCK/Unknown/FSCK0775.REC	unknown
rec	FSCK0776.REC	Recovered FSCK/Unknown/FSCK0776.REC	unknown
rec	FSCK0777.REC	Recovered FSCK/Unknown/FSCK0777.REC	unknown
rec	FSCK0778.REC	Recovered FSCK/Unknown/FSCK0778.REC	unknown
rec	FSCK0779.REC	Recovered FSCK/Unknown/FSCK0779.REC	unknown
rec	FSCK0788.REC	Recovered FSCK/Images/FSCK0788.jpg	jpeg
rec	FSCK0789.REC	Recovered FSCK/Unknown/FSCK0789.REC	unknown
rec	FSCK0790.REC	Recovered FSCK/Unknown/FSCK0790.REC	unknown
rec	FSCK0791.REC	Recovered FSCK/Unknown/FSCK0791.REC	unknown
rec	FSCK0792.REC	Recovered FSCK/Unknown/FSCK0792.REC	unknown
rec	FSCK0793.REC	Recovered FSCK/Unknown/FSCK0793.REC	unknown
rec	FSCK0794.REC	Recovered FSCK/Unknown/FSCK0794.REC	unknown
rec	FSCK0795.REC	Recovered FSCK/Unknown/FSCK0795.REC	unknown
rec	FSCK0796.REC	Recovered FSCK/Unknown/FSCK0796.REC	unknown
rec	FSCK0797.REC	Recovered FSCK/Unknown/FSCK0797.REC	unknown
rec	FSCK0798.REC	Recovered FSCK/Unknown/FSCK0798.REC	unknown
rec	FSCK0799.REC	Recovered FSCK/Unknown/FSCK0799.REC	unknown
rec	FSCK0800.REC	Recovered FSCK/Unknown/FSCK0800.REC	unknown
rec	FSCK0801.REC	Recovered FSCK/Unknown/FSCK0801.REC	unknown
rec	FSCK0802.REC	Recovered FSCK/Unknown/FSCK0802.REC	unknown
rec	FSCK0803.REC	Recovered FSCK/Unknown/FSCK0803.REC	unknown
rec	FSCK0804.REC	Recovered FSCK/Unknown/FSCK0804.REC	unknown
rec	FSCK0805.REC	Recovered FSCK/Unknown/FSCK0805.REC	unknown
rec	FSCK0806.REC	Recovered FSCK/Unknown/FSCK0806.REC	unknown
rec	FSCK0807.REC	Recovered FSCK/Unknown/FSCK0807.REC	unknown
rec	FSCK0808.REC	Recovered FSCK/Unknown/FSCK0808.REC	unknown
rec	FSCK0809.REC	Recovered FSCK/Unknown/FSCK0809.REC	unknown
rec	FSCK0810.REC	Recovered FSCK/Unknown/FSCK0810.REC	unknown
rec	FSCK0811.REC	Recovered FSCK/Unknown/FSCK0811.REC	unknown
rec	FSCK0812.REC	Recovered FSCK/Unknown/FSCK0812.REC	unknown
rec	FSCK0813.REC	Recovered FSCK/Unknown/FSCK0813.REC	unknown
rec	FSCK0814.REC	Recovered FSCK/Unknown/FSCK0814.REC	unknown
rec	FSCK0815.REC	Recovered FSCK/Unknown/FSCK0815.REC	unknown
rec	FSCK0816.REC	Recovered FSCK/Unknown/FSCK0816.REC	unknown
rec	FSCK0817.REC	Recovered FSCK/Unknown/FSCK0817.REC	unknown
rec	FSCK0818.REC	Recovered FSCK/Unknown/FSCK0818.REC	unknown
rec	FSCK0819.REC	Recovered FSCK/Unknown/FSCK0819.REC	unknown
rec	FSCK0820.REC	Recovered FSCK/Unknown/FSCK0820.REC	unknown
rec	FSCK0821.REC	Recovered FSCK/Unknown/FSCK0821.REC	unknown
rec	FSCK0822.REC	Recovered FSCK/Unknown/FSCK0822.REC	unknown
rec	FSCK0823.REC	Recovered FSCK/Unknown/FSCK0823.REC	unknown
rec	FSCK0824.REC	Recovered FSCK/Unknown/FSCK0824.REC	unknown
rec	FSCK0825.REC	Recovered FSCK/Images/FSCK0825.jpg	jpeg
rec	FSCK0826.REC	Recovered FSCK/Unknown/FSCK0826.REC	unknown
rec	FSCK0827.REC	Recovered FSCK/Unknown/FSCK0827.REC	unknown
rec	FSCK0828.REC	Recovered FSCK/Unknown/FSCK0828.REC	unknown
rec	FSCK0829.REC	Recovered FSCK/Unknown/FSCK0829.REC	unknown
rec	FSCK0830.REC	Recovered FSCK/Unknown/FSCK0830.REC	unknown
rec	FSCK0831.REC	Recovered FSCK/Unknown/FSCK0831.REC	unknown
rec	FSCK0832.REC	Recovered FSCK/Unknown/FSCK0832.REC	unknown
rec	FSCK0833.REC	Recovered FSCK/Unknown/FSCK0833.REC	unknown
rec	FSCK0834.REC	Recovered FSCK/Unknown/FSCK0834.REC	unknown
rec	FSCK0835.REC	Recovered FSCK/Unknown/FSCK0835.REC	unknown
rec	FSCK0836.REC	Recovered FSCK/Unknown/FSCK0836.REC	unknown
rec	FSCK0837.REC	Recovered FSCK/Unknown/FSCK0837.REC	unknown
rec	FSCK0838.REC	Recovered FSCK/Unknown/FSCK0838.REC	unknown
rec	FSCK0839.REC	Recovered FSCK/Unknown/FSCK0839.REC	unknown
rec	FSCK0840.REC	Recovered FSCK/Unknown/FSCK0840.REC	unknown
rec	FSCK0841.REC	Recovered FSCK/Unknown/FSCK0841.REC	unknown
rec	FSCK0842.REC	Recovered FSCK/Unknown/FSCK0842.REC	unknown
rec	FSCK0843.REC	Recovered FSCK/Unknown/FSCK0843.REC	unknown
rec	FSCK0844.REC	Recovered FSCK/Unknown/FSCK0844.REC	unknown
rec	FSCK0845.REC	Recovered FSCK/Unknown/FSCK0845.REC	unknown
rec	FSCK0846.REC	Recovered FSCK/Unknown/FSCK0846.REC	unknown
rec	FSCK0847.REC	Recovered FSCK/Unknown/FSCK0847.REC	unknown
rec	FSCK0848.REC	Recovered FSCK/Unknown/FSCK0848.REC	unknown
rec	FSCK0849.REC	Recovered FSCK/Unknown/FSCK0849.REC	unknown
rec	FSCK0850.REC	Recovered FSCK/Unknown/FSCK0850.REC	unknown
rec	FSCK0851.REC	Recovered FSCK/Unknown/FSCK0851.REC	unknown
rec	FSCK0852.REC	Recovered FSCK/Unknown/FSCK0852.REC	unknown
rec	FSCK0853.REC	Recovered FSCK/Unknown/FSCK0853.REC	unknown
rec	FSCK0854.REC	Recovered FSCK/Unknown/FSCK0854.REC	unknown
rec	FSCK0855.REC	Recovered FSCK/Unknown/FSCK0855.REC	unknown
rec	FSCK0856.REC	Recovered FSCK/Unknown/FSCK0856.REC	unknown
rec	FSCK0857.REC	Recovered FSCK/Unknown/FSCK0857.REC	unknown
rec	FSCK0858.REC	Recovered FSCK/Unknown/FSCK0858.REC	unknown
rec	FSCK0859.REC	Recovered FSCK/Unknown/FSCK0859.REC	unknown
rec	FSCK0860.REC	Recovered FSCK/Unknown/FSCK0860.REC	unknown
rec	FSCK0861.REC	Recovered FSCK/Unknown/FSCK0861.REC	unknown
rec	FSCK0876.REC	Recovered FSCK/Unknown/FSCK0876.REC	unknown
rec	FSCK0878.REC	Recovered FSCK/Unknown/FSCK0878.REC	unknown
rec	FSCK0879.REC	Recovered FSCK/Unknown/FSCK0879.REC	unknown
rec	FSCK0880.REC	Recovered FSCK/Images/FSCK0880.jpg	jpeg
rec	FSCK0881.REC	Recovered FSCK/Unknown/FSCK0881.REC	unknown
rec	FSCK0882.REC	Recovered FSCK/Unknown/FSCK0882.REC	unknown
rec	FSCK0883.REC	Recovered FSCK/Unknown/FSCK0883.REC	unknown
rec	FSCK0884.REC	Recovered FSCK/Unknown/FSCK0884.REC	unknown
rec	FSCK0885.REC	Recovered FSCK/Unknown/FSCK0885.REC	unknown
rec	FSCK0886.REC	Recovered FSCK/Unknown/FSCK0886.REC	unknown
rec	FSCK0887.REC	Recovered FSCK/Unknown/FSCK0887.REC	unknown
rec	FSCK0888.REC	Recovered FSCK/Unknown/FSCK0888.REC	unknown
rec	FSCK0889.REC	Recovered FSCK/Unknown/FSCK0889.REC	unknown
rec	FSCK0890.REC	Recovered FSCK/Unknown/FSCK0890.REC	unknown
rec	FSCK0891.REC	Recovered FSCK/Unknown/FSCK0891.REC	unknown
rec	FSCK0892.REC	Recovered FSCK/Unknown/FSCK0892.REC	unknown
rec	FSCK0893.REC	Recovered FSCK/Unknown/FSCK0893.REC	unknown
rec	FSCK0894.REC	Recovered FSCK/Unknown/FSCK0894.REC	unknown
rec	FSCK0895.REC	Recovered FSCK/Unknown/FSCK0895.REC	unknown
rec	FSCK0908.REC	Recovered FSCK/Playlists/FSCK0908.m3u	m3u
rec	FSCK0909.REC	Recovered FSCK/Unknown/FSCK0909.REC	unknown
rec	FSCK0910.REC	Recovered FSCK/Unknown/FSCK0910.REC	unknown
rec	FSCK0911.REC	Recovered FSCK/Unknown/FSCK0911.REC	unknown
rec	FSCK0912.REC	Recovered FSCK/Unknown/FSCK0912.REC	unknown
rec	FSCK0913.REC	Recovered FSCK/Unknown/FSCK0913.REC	unknown
rec	FSCK0914.REC	Recovered FSCK/Unknown/FSCK0914.REC	unknown
rec	FSCK0915.REC	Recovered FSCK/Unknown/FSCK0915.REC	unknown
rec	FSCK0916.REC	Recovered FSCK/Unknown/FSCK0916.REC	unknown
rec	FSCK0917.REC	Recovered FSCK/Unknown/FSCK0917.REC	unknown
rec	FSCK0918.REC	Recovered FSCK/Unknown/FSCK0918.REC	unknown
rec	FSCK0919.REC	Recovered FSCK/Unknown/FSCK0919.REC	unknown
rec	FSCK0920.REC	Recovered FSCK/Unknown/FSCK0920.REC	unknown
rec	FSCK0921.REC	Recovered FSCK/Unknown/FSCK0921.REC	unknown
rec	FSCK0922.REC	Recovered FSCK/Unknown/FSCK0922.REC	unknown
rec	FSCK0923.REC	Recovered FSCK/Unknown/FSCK0923.REC	unknown
rec	FSCK0924.REC	Recovered FSCK/Unknown/FSCK0924.REC	unknown
rec	FSCK0925.REC	Recovered FSCK/Unknown/FSCK0925.REC	unknown
rec	FSCK0947.REC	Recovered FSCK/Playlists/FSCK0947.m3u	m3u
rec	FSCK0949.REC	Recovered FSCK/Unknown/FSCK0949.REC	unknown
rec	FSCK0950.REC	Recovered FSCK/Unknown/FSCK0950.REC	unknown
rec	FSCK0951.REC	Recovered FSCK/Unknown/FSCK0951.REC	unknown
rec	FSCK0952.REC	Recovered FSCK/Unknown/FSCK0952.REC	unknown
rec	FSCK0953.REC	Recovered FSCK/Unknown/FSCK0953.REC	unknown
rec	FSCK0954.REC	Recovered FSCK/Unknown/FSCK0954.REC	unknown
rec	FSCK0955.REC	Recovered FSCK/Unknown/FSCK0955.REC	unknown
rec	FSCK0956.REC	Recovered FSCK/Unknown/FSCK0956.REC	unknown
rec	FSCK0957.REC	Recovered FSCK/Unknown/FSCK0957.REC	unknown
rec	FSCK0958.REC	Recovered FSCK/Unknown/FSCK0958.REC	unknown
rec	FSCK0959.REC	Recovered FSCK/Unknown/FSCK0959.REC	unknown
rec	FSCK0960.REC	Recovered FSCK/Unknown/FSCK0960.REC	unknown
rec	FSCK0961.REC	Recovered FSCK/Unknown/FSCK0961.REC	unknown
rec	FSCK0962.REC	Recovered FSCK/Unknown/FSCK0962.REC	unknown
rec	FSCK0963.REC	Recovered FSCK/Unknown/FSCK0963.REC	unknown
rec	FSCK0964.REC	Recovered FSCK/Unknown/FSCK0964.REC	unknown
rec	FSCK0965.REC	Recovered FSCK/Unknown/FSCK0965.REC	unknown
rec	FSCK0979.REC	Recovered FSCK/Playlists/FSCK0979.m3u	m3u
rec	FSCK0980.REC	Recovered FSCK/Unknown/FSCK0980.REC	unknown
rec	FSCK0981.REC	Recovered FSCK/Unknown/FSCK0981.REC	unknown
rec	FSCK0982.REC	Recovered FSCK/Unknown/FSCK0982.REC	unknown
rec	FSCK0983.REC	Recovered FSCK/Unknown/FSCK0983.REC	unknown
rec	FSCK0984.REC	Recovered FSCK/Unknown/FSCK0984.REC	unknown
rec	FSCK0985.REC	Recovered FSCK/Unknown/FSCK0985.REC	unknown
rec	FSCK0986.REC	Recovered FSCK/Unknown/FSCK0986.REC	unknown
rec	FSCK0987.REC	Recovered FSCK/Unknown/FSCK0987.REC	unknown
rec	FSCK0988.REC	Recovered FSCK/Unknown/FSCK0988.REC	unknown
rec	FSCK0989.REC	Recovered FSCK/Unknown/FSCK0989.REC	unknown
rec	FSCK0990.REC	Recovered FSCK/Unknown/FSCK0990.REC	unknown
rec	FSCK0991.REC	Recovered FSCK/Unknown/FSCK0991.REC	unknown
rec	FSCK0992.REC	Recovered FSCK/Unknown/FSCK0992.REC	unknown
rec	FSCK0993.REC	Recovered FSCK/Unknown/FSCK0993.REC	unknown
rec	FSCK0994.REC	Recovered FSCK/Unknown/FSCK0994.REC	unknown
rec	FSCK0995.REC	Recovered FSCK/Unknown/FSCK0995.REC	unknown
rec	FSCK0996.REC	Recovered FSCK/Unknown/FSCK0996.REC	unknown
rec	FSCK1015.REC	Recovered FSCK/Playlists/FSCK1015.m3u	m3u
rec	FSCK1019.REC	Recovered FSCK/Unknown/FSCK1019.REC	unknown
rec	FSCK1020.REC	Recovered FSCK/Unknown/FSCK1020.REC	unknown
rec	FSCK1021.REC	Recovered FSCK/Unknown/FSCK1021.REC	unknown
rec	FSCK1022.REC	Recovered FSCK/Unknown/FSCK1022.REC	unknown
rec	FSCK1023.REC	Recovered FSCK/Unknown/FSCK1023.REC	unknown
rec	FSCK1024.REC	Recovered FSCK/Unknown/FSCK1024.REC	unknown
rec	FSCK1025.REC	Recovered FSCK/Unknown/FSCK1025.REC	unknown
rec	FSCK1026.REC	Recovered FSCK/Unknown/FSCK1026.REC	unknown
rec	FSCK1027.REC	Recovered FSCK/Unknown/FSCK1027.REC	unknown
rec	FSCK1028.REC	Recovered FSCK/Unknown/FSCK1028.REC	unknown
rec	FSCK1029.REC	Recovered FSCK/Unknown/FSCK1029.REC	unknown
rec	FSCK1030.REC	Recovered FSCK/Unknown/FSCK1030.REC	unknown
rec	FSCK1031.REC	Recovered FSCK/Unknown/FSCK1031.REC	unknown
rec	FSCK1032.REC	Recovered FSCK/Unknown/FSCK1032.REC	unknown
rec	FSCK1033.REC	Recovered FSCK/Unknown/FSCK1033.REC	unknown
rec	FSCK1034.REC	Recovered FSCK/Unknown/FSCK1034.REC	unknown
rec	FSCK1035.REC	Recovered FSCK/Unknown/FSCK1035.REC	unknown
rec	FSCK1036.REC	Recovered FSCK/Images/FSCK1036.jpg	jpeg
rec	FSCK1037.REC	Recovered FSCK/Unknown/FSCK1037.REC	unknown
rec	FSCK1038.REC	Recovered FSCK/Unknown/FSCK1038.REC	unknown
rec	FSCK1039.REC	Recovered FSCK/Unknown/FSCK1039.REC	unknown
rec	FSCK1040.REC	Recovered FSCK/Unknown/FSCK1040.REC	unknown
rec	FSCK1041.REC	Recovered FSCK/Unknown/FSCK1041.REC	unknown
rec	FSCK1042.REC	Recovered FSCK/Unknown/FSCK1042.REC	unknown
rec	FSCK1043.REC	Recovered FSCK/Unknown/FSCK1043.REC	unknown
rec	FSCK1044.REC	Recovered FSCK/Unknown/FSCK1044.REC	unknown
rec	FSCK1045.REC	Recovered FSCK/Unknown/FSCK1045.REC	unknown
rec	FSCK1046.REC	Recovered FSCK/Unknown/FSCK1046.REC	unknown
rec	FSCK1047.REC	Recovered FSCK/Unknown/FSCK1047.REC	unknown
rec	FSCK1048.REC	Recovered FSCK/Unknown/FSCK1048.REC	unknown
rec	FSCK1049.REC	Recovered FSCK/Unknown/FSCK1049.REC	unknown
rec	FSCK1050.REC	Recovered FSCK/Unknown/FSCK1050.REC	unknown
rec	FSCK1051.REC	Recovered FSCK/Unknown/FSCK1051.REC	unknown
rec	FSCK1052.REC	Recovered FSCK/Unknown/FSCK1052.REC	unknown
rec	FSCK1053.REC	Recovered FSCK/Unknown/FSCK1053.REC	unknown
rec	FSCK1054.REC	Recovered FSCK/Unknown/FSCK1054.REC	unknown
rec	FSCK1055.REC	Recovered FSCK/Unknown/FSCK1055.REC	unknown
rec	FSCK1056.REC	Recovered FSCK/Unknown/FSCK1056.REC	unknown
rec	FSCK1057.REC	Recovered FSCK/Unknown/FSCK1057.REC	unknown
rec	FSCK1058.REC	Recovered FSCK/Unknown/FSCK1058.REC	unknown
rec	FSCK1059.REC	Recovered FSCK/Unknown/FSCK1059.REC	unknown
rec	FSCK1060.REC	Recovered FSCK/Unknown/FSCK1060.REC	unknown
rec	FSCK1061.REC	Recovered FSCK/Unknown/FSCK1061.REC	unknown
rec	FSCK1062.REC	Recovered FSCK/Unknown/FSCK1062.REC	unknown
rec	FSCK1063.REC	Recovered FSCK/Unknown/FSCK1063.REC	unknown
rec	FSCK1064.REC	Recovered FSCK/Unknown/FSCK1064.REC	unknown
rec	FSCK1065.REC	Recovered FSCK/Unknown/FSCK1065.REC	unknown
rec	FSCK1066.REC	Recovered FSCK/Unknown/FSCK1066.REC	unknown
rec	FSCK1067.REC	Recovered FSCK/Unknown/FSCK1067.REC	unknown
rec	FSCK1068.REC	Recovered FSCK/Unknown/FSCK1068.REC	unknown
rec	FSCK1069.REC	Recovered FSCK/Unknown/FSCK1069.REC	unknown
rec	FSCK1070.REC	Recovered FSCK/Unknown/FSCK1070.REC	unknown
rec	FSCK1088.REC	Recovered FSCK/Images/FSCK1088.jpg	jpeg
rec	FSCK1089.REC	Recovered FSCK/Unknown/FSCK1089.REC	unknown
rec	FSCK1090.REC	Recovered FSCK/Unknown/FSCK1090.REC	unknown
rec	FSCK1091.REC	Recovered FSCK/Unknown/FSCK1091.REC	unknown
rec	FSCK1092.REC	Recovered FSCK/Unknown/FSCK1092.REC	unknown
rec	FSCK1093.REC	Recovered FSCK/Unknown/FSCK1093.REC	unknown
rec	FSCK1094.REC	Recovered FSCK/Unknown/FSCK1094.REC	unknown
rec	FSCK1095.REC	Recovered FSCK/Unknown/FSCK1095.REC	unknown
rec	FSCK1096.REC	Recovered FSCK/Unknown/FSCK1096.REC	unknown
rec	FSCK1097.REC	Recovered FSCK/Unknown/FSCK1097.REC	unknown
rec	FSCK1098.REC	Recovered FSCK/Unknown/FSCK1098.REC	unknown
rec	FSCK1099.REC	Recovered FSCK/Unknown/FSCK1099.REC	unknown
rec	FSCK1100.REC	Recovered FSCK/Unknown/FSCK1100.REC	unknown
rec	FSCK1101.REC	Recovered FSCK/Unknown/FSCK1101.REC	unknown
rec	FSCK1102.REC	Recovered FSCK/Unknown/FSCK1102.REC	unknown
rec	FSCK1103.REC	Recovered FSCK/Unknown/FSCK1103.REC	unknown
rec	FSCK1104.REC	Recovered FSCK/Unknown/FSCK1104.REC	unknown
rec	FSCK1105.REC	Recovered FSCK/Unknown/FSCK1105.REC	unknown
rec	FSCK1121.REC	Recovered FSCK/Playlists/FSCK1121.m3u	m3u
rec	FSCK1123.REC	Recovered FSCK/Unknown/FSCK1123.REC	unknown
rec	FSCK1124.REC	Recovered FSCK/Unknown/FSCK1124.REC	unknown
rec	FSCK1125.REC	Recovered FSCK/Unknown/FSCK1125.REC	unknown
rec	FSCK1126.REC	Recovered FSCK/Unknown/FSCK1126.REC	unknown
rec	FSCK1127.REC	Recovered FSCK/Unknown/FSCK1127.REC	unknown
rec	FSCK1128.REC	Recovered FSCK/Unknown/FSCK1128.REC	unknown
rec	FSCK1129.REC	Recovered FSCK/Unknown/FSCK1129.REC	unknown
rec	FSCK1130.REC	Recovered FSCK/Unknown/FSCK1130.REC	unknown
rec	FSCK1131.REC	Recovered FSCK/Unknown/FSCK1131.REC	unknown
rec	FSCK1132.REC	Recovered FSCK/Unknown/FSCK1132.REC	unknown
rec	FSCK1133.REC	Recovered FSCK/Unknown/FSCK1133.REC	unknown
rec	FSCK1134.REC	Recovered FSCK/Unknown/FSCK1134.REC	unknown
rec	FSCK1135.REC	Recovered FSCK/Unknown/FSCK1135.REC	unknown
rec	FSCK1136.REC	Recovered FSCK/Unknown/FSCK1136.REC	unknown
rec	FSCK1137.REC	Recovered FSCK/Unknown/FSCK1137.REC	unknown
rec	FSCK1138.REC	Recovered FSCK/Unknown/FSCK1138.REC	unknown
rec	FSCK1155.REC	Recovered FSCK/Playlists/FSCK1155.m3u	m3u
rec	FSCK1156.REC	Recovered FSCK/Unknown/FSCK1156.REC	unknown
rec	FSCK1157.REC	Recovered FSCK/Unknown/FSCK1157.REC	unknown
rec	FSCK1158.REC	Recovered FSCK/Unknown/FSCK1158.REC	unknown
rec	FSCK1159.REC	Recovered FSCK/Unknown/FSCK1159.REC	unknown
rec	FSCK1160.REC	Recovered FSCK/Unknown/FSCK1160.REC	unknown
rec	FSCK1161.REC	Recovered FSCK/Unknown/FSCK1161.REC	unknown
rec	FSCK1162.REC	Recovered FSCK/Unknown/FSCK1162.REC	unknown
rec	FSCK1163.REC	Recovered FSCK/Unknown/FSCK1163.REC	unknown
rec	FSCK1164.REC	Recovered FSCK/Unknown/FSCK1164.REC	unknown
rec	FSCK1165.REC	Recovered FSCK/Unknown/FSCK1165.REC	unknown
rec	FSCK1166.REC	Recovered FSCK/Unknown/FSCK1166.REC	unknown
rec	FSCK1167.REC	Recovered FSCK/Unknown/FSCK1167.REC	unknown
rec	FSCK1168.REC	Recovered FSCK/Unknown/FSCK1168.REC	unknown
rec	FSCK1169.REC	Recovered FSCK/Unknown/FSCK1169.REC	unknown
rec	FSCK1170.REC	Recovered FSCK/Unknown/FSCK1170.REC	unknown
rec	FSCK1171.REC	Recovered FSCK/Unknown/FSCK1171.REC	unknown
rec	FSCK1183.REC	Recovered FSCK/Playlists/FSCK1183.m3u	m3u
rec	FSCK1185.REC	Recovered FSCK/Unknown/FSCK1185.REC	unknown
rec	FSCK1186.REC	Recovered FSCK/Unknown/FSCK1186.REC	unknown
rec	FSCK1187.REC	Recovered FSCK/Unknown/FSCK1187.REC	unknown
rec	FSCK1188.REC	Recovered FSCK/Unknown/FSCK1188.REC	unknown
rec	FSCK1189.REC	Recovered FSCK/Unknown/FSCK1189.REC	unknown
rec	FSCK1190.REC	Recovered FSCK/Unknown/FSCK1190.REC	unknown
rec	FSCK1191.REC	Recovered FSCK/Unknown/FSCK1191.REC	unknown
rec	FSCK1192.REC	Recovered FSCK/Unknown/FSCK1192.REC	unknown
rec	FSCK1193.REC	Recovered FSCK/Unknown/FSCK1193.REC	unknown
rec	FSCK1194.REC	Recovered FSCK/Unknown/FSCK1194.REC	unknown
rec	FSCK1195.REC	Recovered FSCK/Unknown/FSCK1195.REC	unknown
rec	FSCK1196.REC	Recovered FSCK/Unknown/FSCK1196.REC	unknown
rec	FSCK1197.REC	Recovered FSCK/Unknown/FSCK1197.REC	unknown
rec	FSCK1198.REC	Recovered FSCK/Unknown/FSCK1198.REC	unknown
rec	FSCK1199.REC	Recovered FSCK/Unknown/FSCK1199.REC	unknown
rec	FSCK1200.REC	Recovered FSCK/Unknown/FSCK1200.REC	unknown
rec	FSCK1215.REC	Recovered FSCK/Playlists/FSCK1215.m3u	m3u
rec	FSCK1216.REC	Recovered FSCK/Unknown/FSCK1216.REC	unknown
rec	FSCK1217.REC	Recovered FSCK/Unknown/FSCK1217.REC	unknown
rec	FSCK1218.REC	Recovered FSCK/Unknown/FSCK1218.REC	unknown
rec	FSCK1219.REC	Recovered FSCK/Unknown/FSCK1219.REC	unknown
rec	FSCK1220.REC	Recovered FSCK/Unknown/FSCK1220.REC	unknown
rec	FSCK1221.REC	Recovered FSCK/Unknown/FSCK1221.REC	unknown
rec	FSCK1222.REC	Recovered FSCK/Unknown/FSCK1222.REC	unknown
rec	FSCK1223.REC	Recovered FSCK/Unknown/FSCK1223.REC	unknown
rec	FSCK1224.REC	Recovered FSCK/Unknown/FSCK1224.REC	unknown
rec	FSCK1225.REC	Recovered FSCK/Unknown/FSCK1225.REC	unknown
rec	FSCK1226.REC	Recovered FSCK/Unknown/FSCK1226.REC	unknown
rec	FSCK1227.REC	Recovered FSCK/Unknown/FSCK1227.REC	unknown
rec	FSCK1228.REC	Recovered FSCK/Unknown/FSCK1228.REC	unknown
rec	FSCK1229.REC	Recovered FSCK/Unknown/FSCK1229.REC	unknown
rec	FSCK1236.REC	Recovered FSCK/Images/FSCK1236.jpg	jpeg
rec	FSCK1237.REC	Recovered FSCK/Playlists/FSCK1237.m3u	m3u
rec	FSCK1238.REC	Recovered FSCK/Unknown/FSCK1238.REC	unknown
rec	FSCK1239.REC	Recovered FSCK/Unknown/FSCK1239.REC	unknown
rec	FSCK1240.REC	Recovered FSCK/Unknown/FSCK1240.REC	unknown
rec	FSCK1241.REC	Recovered FSCK/Unknown/FSCK1241.REC	unknown
rec	FSCK1242.REC	Recovered FSCK/Unknown/FSCK1242.REC	unknown
rec	FSCK1243.REC	Recovered FSCK/Unknown/FSCK1243.REC	unknown
rec	FSCK1244.REC	Recovered FSCK/Unknown/FSCK1244.REC	unknown
rec	FSCK1245.REC	Recovered FSCK/Unknown/FSCK1245.REC	unknown
rec	FSCK1246.REC	Recovered FSCK/Unknown/FSCK1246.REC	unknown
rec	FSCK1247.REC	Recovered FSCK/Unknown/FSCK1247.REC	unknown
rec	FSCK1248.REC	Recovered FSCK/Unknown/FSCK1248.REC	unknown
rec	FSCK1249.REC	Recovered FSCK/Unknown/FSCK1249.REC	unknown
rec	FSCK1250.REC	Recovered FSCK/Unknown/FSCK1250.REC	unknown
rec	FSCK1251.REC	Recovered FSCK/Unknown/FSCK1251.REC	unknown
rec	FSCK1252.REC	Recovered FSCK/Unknown/FSCK1252.REC	unknown
rec	FSCK1253.REC	Recovered FSCK/Unknown/FSCK1253.REC	unknown
rec	FSCK1254.REC	Recovered FSCK/Unknown/FSCK1254.REC	unknown
rec	FSCK1255.REC	Recovered FSCK/Unknown/FSCK1255.REC	unknown
rec	FSCK1256.REC	Recovered FSCK/Unknown/FSCK1256.REC	unknown
rec	FSCK1257.REC	Recovered FSCK/Unknown/FSCK1257.REC	unknown
rec	FSCK1258.REC	Recovered FSCK/Unknown/FSCK1258.REC	unknown
rec	FSCK1259.REC	Recovered FSCK/Unknown/FSCK1259.REC	unknown
rec	FSCK1260.REC	Recovered FSCK/Unknown/FSCK1260.REC	unknown
rec	FSCK1261.REC	Recovered FSCK/Unknown/FSCK1261.REC	unknown
rec	FSCK1262.REC	Recovered FSCK/Unknown/FSCK1262.REC	unknown
rec	FSCK1263.REC	Recovered FSCK/Unknown/FSCK1263.REC	unknown
rec	FSCK1264.REC	Recovered FSCK/Unknown/FSCK1264.REC	unknown
rec	FSCK1265.REC	Recovered FSCK/Unknown/FSCK1265.REC	unknown
rec	FSCK1266.REC	Recovered FSCK/Unknown/FSCK1266.REC	unknown
rec	FSCK1267.REC	Recovered FSCK/Unknown/FSCK1267.REC	unknown
rec	FSCK1268.REC	Recovered FSCK/Unknown/FSCK1268.REC	unknown
rec	FSCK1269.REC	Recovered FSCK/Unknown/FSCK1269.REC	unknown
rec	FSCK1276.REC	Recovered FSCK/Playlists/FSCK1276.m3u	m3u
rec	FSCK1283.REC	Recovered FSCK/Unknown/FSCK1283.REC	unknown
rec	FSCK1284.REC	Recovered FSCK/Unknown/FSCK1284.REC	unknown
rec	FSCK1285.REC	Recovered FSCK/Unknown/FSCK1285.REC	unknown
rec	FSCK1286.REC	Recovered FSCK/Unknown/FSCK1286.REC	unknown
rec	FSCK1287.REC	Recovered FSCK/Unknown/FSCK1287.REC	unknown
rec	FSCK1288.REC	Recovered FSCK/Unknown/FSCK1288.REC	unknown
rec	FSCK1289.REC	Recovered FSCK/Unknown/FSCK1289.REC	unknown
rec	FSCK1290.REC	Recovered FSCK/Unknown/FSCK1290.REC	unknown
rec	FSCK1291.REC	Recovered FSCK/Unknown/FSCK1291.REC	unknown
rec	FSCK1292.REC	Recovered FSCK/Unknown/FSCK1292.REC	unknown
rec	FSCK1293.REC	Recovered FSCK/Unknown/FSCK1293.REC	unknown
rec	FSCK1294.REC	Recovered FSCK/Unknown/FSCK1294.REC	unknown
rec	FSCK1295.REC	Recovered FSCK/Unknown/FSCK1295.REC	unknown
rec	FSCK1296.REC	Recovered FSCK/Unknown/FSCK1296.REC	unknown
rec	FSCK1297.REC	Recovered FSCK/Unknown/FSCK1297.REC	unknown
rec	FSCK1298.REC	Recovered FSCK/Unknown/FSCK1298.REC	unknown
rec	FSCK1303.REC	Recovered FSCK/Playlists/FSCK1303.m3u	m3u
rec	FSCK1320.REC	Recovered FSCK/Unknown/FSCK1320.REC	unknown
rec	FSCK1321.REC	Recovered FSCK/Unknown/FSCK1321.REC	unknown
rec	FSCK1322.REC	Recovered FSCK/Unknown/FSCK1322.REC	unknown
rec	FSCK1323.REC	Recovered FSCK/Unknown/FSCK1323.REC	unknown
rec	FSCK1324.REC	Recovered FSCK/Unknown/FSCK1324.REC	unknown
rec	FSCK1325.REC	Recovered FSCK/Unknown/FSCK1325.REC	unknown
rec	FSCK1326.REC	Recovered FSCK/Unknown/FSCK1326.REC	unknown
rec	FSCK1327.REC	Recovered FSCK/Unknown/FSCK1327.REC	unknown
rec	FSCK1328.REC	Recovered FSCK/Unknown/FSCK1328.REC	unknown
rec	FSCK1329.REC	Recovered FSCK/Unknown/FSCK1329.REC	unknown
rec	FSCK1330.REC	Recovered FSCK/Unknown/FSCK1330.REC	unknown
rec	FSCK1331.REC	Recovered FSCK/Unknown/FSCK1331.REC	unknown
rec	FSCK1332.REC	Recovered FSCK/Unknown/FSCK1332.REC	unknown
rec	FSCK1333.REC	Recovered FSCK/Unknown/FSCK1333.REC	unknown
rec	FSCK1334.REC	Recovered FSCK/Unknown/FSCK1334.REC	unknown
rec	FSCK1335.REC	Recovered FSCK/Unknown/FSCK1335.REC	unknown
rec	FSCK1336.REC	Recovered FSCK/Images/FSCK1336.jpg	jpeg
rec	FSCK1337.REC	Recovered FSCK/Unknown/FSCK1337.REC	unknown
rec	FSCK1338.REC	Recovered FSCK/Unknown/FSCK1338.REC	unknown
rec	FSCK1339.REC	Recovered FSCK/Unknown/FSCK1339.REC	unknown
rec	FSCK1340.REC	Recovered FSCK/Unknown/FSCK1340.REC	unknown
rec	FSCK1341.REC	Recovered FSCK/Unknown/FSCK1341.REC	unknown
rec	FSCK1342.REC	Recovered FSCK/Unknown/FSCK1342.REC	unknown
rec	FSCK1343.REC	Recovered FSCK/Unknown/FSCK1343.REC	unknown
rec	FSCK1344.REC	Recovered FSCK/Unknown/FSCK1344.REC	unknown
rec	FSCK1345.REC	Recovered FSCK/Unknown/FSCK1345.REC	unknown
rec	FSCK1346.REC	Recovered FSCK/Unknown/FSCK1346.REC	unknown
rec	FSCK1347.REC	Recovered FSCK/Unknown/FSCK1347.REC	unknown
rec	FSCK1348.REC	Recovered FSCK/Unknown/FSCK1348.REC	unknown
rec	FSCK1349.REC	Recovered FSCK/Unknown/FSCK1349.REC	unknown
rec	FSCK1350.REC	Recovered FSCK/Unknown/FSCK1350.REC	unknown
rec	FSCK1351.REC	Recovered FSCK/Unknown/FSCK1351.REC	unknown
rec	FSCK1352.REC	Recovered FSCK/Unknown/FSCK1352.REC	unknown
rec	FSCK1353.REC	Recovered FSCK/Unknown/FSCK1353.REC	unknown
rec	FSCK1354.REC	Recovered FSCK/Unknown/FSCK1354.REC	unknown
rec	FSCK1355.REC	Recovered FSCK/Unknown/FSCK1355.REC	unknown
rec	FSCK1356.REC	Recovered FSCK/Unknown/FSCK1356.REC	unknown
rec	FSCK1357.REC	Recovered FSCK/Unknown/FSCK1357.REC	unknown
rec	FSCK1358.REC	Recovered FSCK/Unknown/FSCK1358.REC	unknown
rec	FSCK1359.REC	Recovered FSCK/Unknown/FSCK1359.REC	unknown
rec	FSCK1360.REC	Recovered FSCK/Unknown/FSCK1360.REC	unknown
rec	FSCK1361.REC	Recovered FSCK/Unknown/FSCK1361.REC	unknown
rec	FSCK1362.REC	Recovered FSCK/Unknown/FSCK1362.REC	unknown
rec	FSCK1363.REC	Recovered FSCK/Unknown/FSCK1363.REC	unknown
rec	FSCK1364.REC	Recovered FSCK/Unknown/FSCK1364.REC	unknown
rec	FSCK1365.REC	Recovered FSCK/Unknown/FSCK1365.REC	unknown
rec	FSCK1366.REC	Recovered FSCK/Unknown/FSCK1366.REC	unknown
rec	FSCK1367.REC	Recovered FSCK/Unknown/FSCK1367.REC	unknown
rec	FSCK1368.REC	Recovered FSCK/Unknown/FSCK1368.REC	unknown
rec	FSCK1374.REC	Recovered FSCK/Playlists/FSCK1374.m3u	m3u
rec	FSCK1385.REC	Recovered FSCK/Unknown/FSCK1385.REC	unknown
rec	FSCK1386.REC	Recovered FSCK/Unknown/FSCK1386.REC	unknown
rec	FSCK1387.REC	Recovered FSCK/Unknown/FSCK1387.REC	unknown
rec	FSCK1388.REC	Recovered FSCK/Unknown/FSCK1388.REC	unknown
rec	FSCK1389.REC	Recovered FSCK/Unknown/FSCK1389.REC	unknown
rec	FSCK1390.REC	Recovered FSCK/Unknown/FSCK1390.REC	unknown
rec	FSCK1391.REC	Recovered FSCK/Unknown/FSCK1391.REC	unknown
rec	FSCK1392.REC	Recovered FSCK/Unknown/FSCK1392.REC	unknown
rec	FSCK1393.REC	Recovered FSCK/Unknown/FSCK1393.REC	unknown
rec	FSCK1394.REC	Recovered FSCK/Unknown/FSCK1394.REC	unknown
rec	FSCK1395.REC	Recovered FSCK/Unknown/FSCK1395.REC	unknown
rec	FSCK1396.REC	Recovered FSCK/Unknown/FSCK1396.REC	unknown
rec	FSCK1397.REC	Recovered FSCK/Unknown/FSCK1397.REC	unknown
rec	FSCK1398.REC	Recovered FSCK/Unknown/FSCK1398.REC	unknown
rec	FSCK1399.REC	Recovered FSCK/Unknown/FSCK1399.REC	unknown
rec	FSCK1405.REC	Recovered FSCK/Playlists/FSCK1405.m3u	m3u
rec	FSCK1416.REC	Recovered FSCK/Unknown/FSCK1416.REC	unknown
rec	FSCK1417.REC	Recovered FSCK/Unknown/FSCK1417.REC	unknown
rec	FSCK1418.REC	Recovered FSCK/Unknown/FSCK1418.REC	unknown
rec	FSCK1419.REC	Recovered FSCK/Unknown/FSCK1419.REC	unknown
rec	FSCK1420.REC	Recovered FSCK/Unknown/FSCK1420.REC	unknown
rec	FSCK1421.REC	Recovered FSCK/Unknown/FSCK1421.REC	unknown
rec	FSCK1422.REC	Recovered FSCK/Unknown/FSCK1422.REC	unknown
rec	FSCK1423.REC	Recovered FSCK/Unknown/FSCK1423.REC	unknown
rec	FSCK1424.REC	Recovered FSCK/Unknown/FSCK1424.REC	unknown
rec	FSCK1425.REC	Recovered FSCK/Unknown/FSCK1425.REC	unknown
rec	FSCK1426.REC	Recovered FSCK/Unknown/FSCK1426.REC	unknown
rec	FSCK1427.REC	Recovered FSCK/Unknown/FSCK1427.REC	unknown
rec	FSCK1428.REC	Recovered FSCK/Unknown/FSCK1428.REC	unknown
rec	FSCK1429.REC	Recovered FSCK/Unknown/FSCK1429.REC	unknown
rec	FSCK1435.REC	Recovered FSCK/Playlists/FSCK1435.m3u	m3u
rec	FSCK1444.REC	Recovered FSCK/Unknown/FSCK1444.REC	unknown
rec	FSCK1445.REC	Recovered FSCK/Unknown/FSCK1445.REC	unknown
rec	FSCK1446.REC	Recovered FSCK/Unknown/FSCK1446.REC	unknown
rec	FSCK1447.REC	Recovered FSCK/Unknown/FSCK1447.REC	unknown
rec	FSCK1448.REC	Recovered FSCK/Unknown/FSCK1448.REC	unknown
rec	FSCK1449.REC	Recovered FSCK/Unknown/FSCK1449.REC	unknown
rec	FSCK1450.REC	Recovered FSCK/Unknown/FSCK1450.REC	unknown
rec	FSCK1451.REC	Recovered FSCK/Unknown/FSCK1451.REC	unknown
rec	FSCK1452.REC	Recovered FSCK/Unknown/FSCK1452.REC	unknown
rec	FSCK1453.REC	Recovered FSCK/Unknown/FSCK1453.REC	unknown
rec	FSCK1454.REC	Recovered FSCK/Unknown/FSCK1454.REC	unknown
rec	FSCK1455.REC	Recovered FSCK/Unknown/FSCK1455.REC	unknown
rec	FSCK1456.REC	Recovered FSCK/Unknown/FSCK1456.REC	unknown
rec	FSCK1457.REC	Recovered FSCK/Unknown/FSCK1457.REC	unknown
rec	FSCK1458.REC	Recovered FSCK/Unknown/FSCK1458.REC	unknown
rec	FSCK1476.REC	Recovered FSCK/Playlists/FSCK1476.m3u	m3u
rec	FSCK1477.REC	Recovered FSCK/Unknown/FSCK1477.REC	unknown
rec	FSCK1478.REC	Recovered FSCK/Unknown/FSCK1478.REC	unknown
rec	FSCK1479.REC	Recovered FSCK/Unknown/FSCK1479.REC	unknown
rec	FSCK1480.REC	Recovered FSCK/Unknown/FSCK1480.REC	unknown
rec	FSCK1481.REC	Recovered FSCK/Unknown/FSCK1481.REC	unknown
rec	FSCK1482.REC	Recovered FSCK/Unknown/FSCK1482.REC	unknown
rec	FSCK1483.REC	Recovered FSCK/Unknown/FSCK1483.REC	unknown
rec	FSCK1484.REC	Recovered FSCK/Unknown/FSCK1484.REC	unknown
rec	FSCK1485.REC	Recovered FSCK/Unknown/FSCK1485.REC	unknown
rec	FSCK1486.REC	Recovered FSCK/Unknown/FSCK1486.REC	unknown
rec	FSCK1487.REC	Recovered FSCK/Unknown/FSCK1487.REC	unknown
rec	FSCK1488.REC	Recovered FSCK/Unknown/FSCK1488.REC	unknown
rec	FSCK1489.REC	Recovered FSCK/Unknown/FSCK1489.REC	unknown
rec	FSCK1490.REC	Recovered FSCK/Unknown/FSCK1490.REC	unknown
rec	FSCK1491.REC	Recovered FSCK/Unknown/FSCK1491.REC	unknown
rec	FSCK1502.REC	Recovered FSCK/Playlists/FSCK1502.m3u	m3u
rec	FSCK1508.REC	Recovered FSCK/Unknown/FSCK1508.REC	unknown
rec	FSCK1509.REC	Recovered FSCK/Unknown/FSCK1509.REC	unknown
rec	FSCK1510.REC	Recovered FSCK/Unknown/FSCK1510.REC	unknown
rec	FSCK1511.REC	Recovered FSCK/Unknown/FSCK1511.REC	unknown
rec	FSCK1512.REC	Recovered FSCK/Unknown/FSCK1512.REC	unknown
rec	FSCK1513.REC	Recovered FSCK/Unknown/FSCK1513.REC	unknown
rec	FSCK1514.REC	Recovered FSCK/Unknown/FSCK1514.REC	unknown
rec	FSCK1515.REC	Recovered FSCK/Unknown/FSCK1515.REC	unknown
rec	FSCK1516.REC	Recovered FSCK/Unknown/FSCK1516.REC	unknown
rec	FSCK1517.REC	Recovered FSCK/Unknown/FSCK1517.REC	unknown
rec	FSCK1518.REC	Recovered FSCK/Unknown/FSCK1518.REC	unknown
rec	FSCK1519.REC	Recovered FSCK/Unknown/FSCK1519.REC	unknown
rec	FSCK1520.REC	Recovered FSCK/Unknown/FSCK1520.REC	unknown
rec	FSCK1521.REC	Recovered FSCK/Unknown/FSCK1521.REC	unknown
rec	FSCK1522.REC	Recovered FSCK/Unknown/FSCK1522.REC	unknown
rec	FSCK1531.REC	Recovered FSCK/Playlists/FSCK1531.m3u	m3u
rec	FSCK1539.REC	Recovered FSCK/Unknown/FSCK1539.REC	unknown
rec	FSCK1540.REC	Recovered FSCK/Unknown/FSCK1540.REC	unknown
rec	FSCK1541.REC	Recovered FSCK/Unknown/FSCK1541.REC	unknown
rec	FSCK1542.REC	Recovered FSCK/Unknown/FSCK1542.REC	unknown
rec	FSCK1543.REC	Recovered FSCK/Unknown/FSCK1543.REC	unknown
rec	FSCK1544.REC	Recovered FSCK/Unknown/FSCK1544.REC	unknown
rec	FSCK1545.REC	Recovered FSCK/Unknown/FSCK1545.REC	unknown
rec	FSCK1546.REC	Recovered FSCK/Unknown/FSCK1546.REC	unknown
rec	FSCK1547.REC	Recovered FSCK/Unknown/FSCK1547.REC	unknown
rec	FSCK1548.REC	Recovered FSCK/Unknown/FSCK1548.REC	unknown
rec	FSCK1549.REC	Recovered FSCK/Unknown/FSCK1549.REC	unknown
rec	FSCK1550.REC	Recovered FSCK/Unknown/FSCK1550.REC	unknown
rec	FSCK1551.REC	Recovered FSCK/Unknown/FSCK1551.REC	unknown
rec	FSCK1552.REC	Recovered FSCK/Unknown/FSCK1552.REC	unknown
rec	FSCK1553.REC	Recovered FSCK/Unknown/FSCK1553.REC	unknown
rec	FSCK1557.REC	Recovered FSCK/Playlists/FSCK1557.m3u	m3u
rec	FSCK1568.REC	Recovered FSCK/Unknown/FSCK1568.REC	unknown
rec	FSCK1569.REC	Recovered FSCK/Unknown/FSCK1569.REC	unknown
rec	FSCK1570.REC	Recovered FSCK/Unknown/FSCK1570.REC	unknown
rec	FSCK1571.REC	Recovered FSCK/Unknown/FSCK1571.REC	unknown
rec	FSCK1572.REC	Recovered FSCK/Unknown/FSCK1572.REC	unknown
rec	FSCK1573.REC	Recovered FSCK/Unknown/FSCK1573.REC	unknown
rec	FSCK1574.REC	Recovered FSCK/Unknown/FSCK1574.REC	unknown
rec	FSCK1575.REC	Recovered FSCK/Unknown/FSCK1575.REC	unknown
rec	FSCK1576.REC	Recovered FSCK/Unknown/FSCK1576.REC	unknown
rec	FSCK1577.REC	Recovered FSCK/Unknown/FSCK1577.REC	unknown
rec	FSCK1578.REC	Recovered FSCK/Unknown/FSCK1578.REC	unknown
rec	FSCK1579.REC	Recovered FSCK/Unknown/FSCK1579.REC	unknown
rec	FSCK1580.REC	Recovered FSCK/Unknown/FSCK1580.REC	unknown
rec	FSCK1581.REC	Recovered FSCK/Unknown/FSCK1581.REC	unknown
rec	FSCK1582.REC	Recovered FSCK/Unknown/FSCK1582.REC	unknown
rec	FSCK1588.REC	Recovered FSCK/Playlists/FSCK1588.m3u	m3u
rec	FSCK1599.REC	Recovered FSCK/Unknown/FSCK1599.REC	unknown
rec	FSCK1600.REC	Recovered FSCK/Unknown/FSCK1600.REC	unknown
rec	FSCK1601.REC	Recovered FSCK/Unknown/FSCK1601.REC	unknown
rec	FSCK1602.REC	Recovered FSCK/Unknown/FSCK1602.REC	unknown
rec	FSCK1603.REC	Recovered FSCK/Unknown/FSCK1603.REC	unknown
rec	FSCK1604.REC	Recovered FSCK/Unknown/FSCK1604.REC	unknown
rec	FSCK1605.REC	Recovered FSCK/Unknown/FSCK1605.REC	unknown
rec	FSCK1606.REC	Recovered FSCK/Unknown/FSCK1606.REC	unknown
rec	FSCK1607.REC	Recovered FSCK/Unknown/FSCK1607.REC	unknown
rec	FSCK1608.REC	Recovered FSCK/Unknown/FSCK1608.REC	unknown
rec	FSCK1609.REC	Recovered FSCK/Unknown/FSCK1609.REC	unknown
rec	FSCK1610.REC	Recovered FSCK/Unknown/FSCK1610.REC	unknown
rec	FSCK1611.REC	Recovered FSCK/Unknown/FSCK1611.REC	unknown
rec	FSCK1612.REC	Recovered FSCK/Unknown/FSCK1612.REC	unknown
rec	FSCK1613.REC	Recovered FSCK/Unknown/FSCK1613.REC	unknown
rec	FSCK1628.REC	Recovered FSCK/Playlists/FSCK1628.m3u	m3u
rec	FSCK1632.REC	Recovered FSCK/Unknown/FSCK1632.REC	unknown
rec	FSCK1633.REC	Recovered FSCK/Unknown/FSCK1633.REC	unknown
rec	FSCK1634.REC	Recovered FSCK/Unknown/FSCK1634.REC	unknown
rec	FSCK1635.REC	Recovered FSCK/Unknown/FSCK1635.REC	unknown
rec	FSCK1636.REC	Recovered FSCK/Unknown/FSCK1636.REC	unknown
rec	FSCK1637.REC	Recovered FSCK/Unknown/FSCK1637.REC	unknown
rec	FSCK1638.REC	Recovered FSCK/Unknown/FSCK1638.REC	unknown
rec	FSCK1639.REC	Recovered FSCK/Unknown/FSCK1639.REC	unknown
rec	FSCK1640.REC	Recovered FSCK/Unknown/FSCK1640.REC	unknown
rec	FSCK1641.REC	Recovered FSCK/Unknown/FSCK1641.REC	unknown
rec	FSCK1642.REC	Recovered FSCK/Unknown/FSCK1642.REC	unknown
rec	FSCK1643.REC	Recovered FSCK/Unknown/FSCK1643.REC	unknown
rec	FSCK1644.REC	Recovered FSCK/Unknown/FSCK1644.REC	unknown
rec	FSCK1645.REC	Recovered FSCK/Unknown/FSCK1645.REC	unknown
rec	FSCK1646.REC	Recovered FSCK/Unknown/FSCK1646.REC	unknown
rec	FSCK1647.REC	Recovered FSCK/Images/FSCK1647.jpg	jpeg
rec	FSCK1648.REC	Recovered FSCK/Unknown/FSCK1648.REC	unknown
rec	FSCK1649.REC	Recovered FSCK/Unknown/FSCK1649.REC	unknown
rec	FSCK1650.REC	Recovered FSCK/Unknown/FSCK1650.REC	unknown
rec	FSCK1651.REC	Recovered FSCK/Unknown/FSCK1651.REC	unknown
rec	FSCK1652.REC	Recovered FSCK/Unknown/FSCK1652.REC	unknown
rec	FSCK1653.REC	Recovered FSCK/Unknown/FSCK1653.REC	unknown
rec	FSCK1654.REC	Recovered FSCK/Unknown/FSCK1654.REC	unknown
rec	FSCK1655.REC	Recovered FSCK/Unknown/FSCK1655.REC	unknown
rec	FSCK1656.REC	Recovered FSCK/Unknown/FSCK1656.REC	unknown
rec	FSCK1657.REC	Recovered FSCK/Unknown/FSCK1657.REC	unknown
rec	FSCK1658.REC	Recovered FSCK/Unknown/FSCK1658.REC	unknown
rec	FSCK1659.REC	Recovered FSCK/Unknown/FSCK1659.REC	unknown
rec	FSCK1660.REC	Recovered FSCK/Unknown/FSCK1660.REC	unknown
rec	FSCK1661.REC	Recovered FSCK/Unknown/FSCK1661.REC	unknown
rec	FSCK1662.REC	Recovered FSCK/Unknown/FSCK1662.REC	unknown
rec	FSCK1663.REC	Recovered FSCK/Unknown/FSCK1663.REC	unknown
rec	FSCK1664.REC	Recovered FSCK/Unknown/FSCK1664.REC	unknown
rec	FSCK1665.REC	Recovered FSCK/Unknown/FSCK1665.REC	unknown
rec	FSCK1666.REC	Recovered FSCK/Unknown/FSCK1666.REC	unknown
rec	FSCK1667.REC	Recovered FSCK/Unknown/FSCK1667.REC	unknown
rec	FSCK1668.REC	Recovered FSCK/Unknown/FSCK1668.REC	unknown
rec	FSCK1669.REC	Recovered FSCK/Unknown/FSCK1669.REC	unknown
rec	FSCK1670.REC	Recovered FSCK/Unknown/FSCK1670.REC	unknown
rec	FSCK1671.REC	Recovered FSCK/Unknown/FSCK1671.REC	unknown
rec	FSCK1672.REC	Recovered FSCK/Unknown/FSCK1672.REC	unknown
rec	FSCK1673.REC	Recovered FSCK/Unknown/FSCK1673.REC	unknown
rec	FSCK1674.REC	Recovered FSCK/Unknown/FSCK1674.REC	unknown
rec	FSCK1675.REC	Recovered FSCK/Unknown/FSCK1675.REC	unknown
rec	FSCK1676.REC	Recovered FSCK/Unknown/FSCK1676.REC	unknown
rec	FSCK1677.REC	Recovered FSCK/Unknown/FSCK1677.REC	unknown
rec	FSCK1687.REC	Recovered FSCK/Playlists/FSCK1687.m3u	m3u
rec	FSCK1693.REC	Recovered FSCK/Unknown/FSCK1693.REC	unknown
rec	FSCK1694.REC	Recovered FSCK/Unknown/FSCK1694.REC	unknown
rec	FSCK1695.REC	Recovered FSCK/Unknown/FSCK1695.REC	unknown
rec	FSCK1696.REC	Recovered FSCK/Unknown/FSCK1696.REC	unknown
rec	FSCK1697.REC	Recovered FSCK/Unknown/FSCK1697.REC	unknown
rec	FSCK1698.REC	Recovered FSCK/Unknown/FSCK1698.REC	unknown
rec	FSCK1699.REC	Recovered FSCK/Unknown/FSCK1699.REC	unknown
rec	FSCK1700.REC	Recovered FSCK/Unknown/FSCK1700.REC	unknown
rec	FSCK1701.REC	Recovered FSCK/Unknown/FSCK1701.REC	unknown
rec	FSCK1702.REC	Recovered FSCK/Unknown/FSCK1702.REC	unknown
rec	FSCK1703.REC	Recovered FSCK/Unknown/FSCK1703.REC	unknown
rec	FSCK1704.REC	Recovered FSCK/Unknown/FSCK1704.REC	unknown
rec	FSCK1705.REC	Recovered FSCK/Unknown/FSCK1705.REC	unknown
rec	FSCK1706.REC	Recovered FSCK/Unknown/FSCK1706.REC	unknown
rec	FSCK1714.REC	Recovered FSCK/Playlists/FSCK1714.m3u	m3u
rec	FSCK1720.REC	Recovered FSCK/Unknown/FSCK1720.REC	unknown
rec	FSCK1721.REC	Recovered FSCK/Unknown/FSCK1721.REC	unknown
rec	FSCK1722.REC	Recovered FSCK/Unknown/FSCK1722.REC	unknown
rec	FSCK1723.REC	Recovered FSCK/Unknown/FSCK1723.REC	unknown
rec	FSCK1724.REC	Recovered FSCK/Unknown/FSCK1724.REC	unknown
rec	FSCK1725.REC	Recovered FSCK/Unknown/FSCK1725.REC	unknown
rec	FSCK1726.REC	Recovered FSCK/Unknown/FSCK1726.REC	unknown
rec	FSCK1727.REC	Recovered FSCK/Unknown/FSCK1727.REC	unknown
rec	FSCK1728.REC	Recovered FSCK/Unknown/FSCK1728.REC	unknown
rec	FSCK1729.REC	Recovered FSCK/Unknown/FSCK1729.REC	unknown
rec	FSCK1730.REC	Recovered FSCK/Unknown/FSCK1730.REC	unknown
rec	FSCK1731.REC	Recovered FSCK/Unknown/FSCK1731.REC	unknown
rec	FSCK1732.REC	Recovered FSCK/Unknown/FSCK1732.REC	unknown
rec	FSCK1733.REC	Recovered FSCK/Unknown/FSCK1733.REC	unknown
rec	FSCK1745.REC	Recovered FSCK/Playlists/FSCK1745.m3u	m3u
rec	FSCK1746.REC	Recovered FSCK/Unknown/FSCK1746.REC	unknown
rec	FSCK1747.REC	Recovered FSCK/Unknown/FSCK1747.REC	unknown
rec	FSCK1748.REC	Recovered FSCK/Unknown/FSCK1748.REC	unknown
rec	FSCK1749.REC	Recovered FSCK/Unknown/FSCK1749.REC	unknown
rec	FSCK1750.REC	Recovered FSCK/Unknown/FSCK1750.REC	unknown
rec	FSCK1751.REC	Recovered FSCK/Unknown/FSCK1751.REC	unknown
rec	FSCK1752.REC	Recovered FSCK/Unknown/FSCK1752.REC	unknown
rec	FSCK1753.REC	Recovered FSCK/Unknown/FSCK1753.REC	unknown
rec	FSCK1754.REC	Recovered FSCK/Unknown/FSCK1754.REC	unknown
rec	FSCK1755.REC	Recovered FSCK/Unknown/FSCK1755.REC	unknown
rec	FSCK1756.REC	Recovered FSCK/Unknown/FSCK1756.REC	unknown
rec	FSCK1757.REC	Recovered FSCK/Unknown/FSCK1757.REC	unknown
rec	FSCK1758.REC	Recovered FSCK/Unknown/FSCK1758.REC	unknown
rec	FSCK1759.REC	Recovered FSCK/Unknown/FSCK1759.REC	unknown
rec	FSCK1779.REC	Recovered FSCK/Playlists/FSCK1779.m3u	m3u
rec	FSCK1780.REC	Recovered FSCK/Unknown/FSCK1780.REC	unknown
rec	FSCK1781.REC	Recovered FSCK/Unknown/FSCK1781.REC	unknown
rec	FSCK1782.REC	Recovered FSCK/Unknown/FSCK1782.REC	unknown
rec	FSCK1783.REC	Recovered FSCK/Unknown/FSCK1783.REC	unknown
rec	FSCK1784.REC	Recovered FSCK/Unknown/FSCK1784.REC	unknown
rec	FSCK1785.REC	Recovered FSCK/Unknown/FSCK1785.REC	unknown
rec	FSCK1786.REC	Recovered FSCK/Unknown/FSCK1786.REC	unknown
rec	FSCK1787.REC	Recovered FSCK/Unknown/FSCK1787.REC	unknown
rec	FSCK1788.REC	Recovered FSCK/Unknown/FSCK1788.REC	unknown
rec	FSCK1789.REC	Recovered FSCK/Unknown/FSCK1789.REC	unknown
rec	FSCK1790.REC	Recovered FSCK/Unknown/FSCK1790.REC	unknown
rec	FSCK1791.REC	Recovered FSCK/Unknown/FSCK1791.REC	unknown
rec	FSCK1792.REC	Recovered FSCK/Unknown/FSCK1792.REC	unknown
rec	FSCK1793.REC	Recovered FSCK/Unknown/FSCK1793.REC	unknown
rec	FSCK1802.REC	Recovered FSCK/Playlists/FSCK1802.m3u	m3u
rec	FSCK1809.REC	Recovered FSCK/Unknown/FSCK1809.REC	unknown
rec	FSCK1810.REC	Recovered FSCK/Unknown/FSCK1810.REC	unknown
rec	FSCK1811.REC	Recovered FSCK/Unknown/FSCK1811.REC	unknown
rec	FSCK1812.REC	Recovered FSCK/Unknown/FSCK1812.REC	unknown
rec	FSCK1813.REC	Recovered FSCK/Unknown/FSCK1813.REC	unknown
rec	FSCK1814.REC	Recovered FSCK/Unknown/FSCK1814.REC	unknown
rec	FSCK1815.REC	Recovered FSCK/Unknown/FSCK1815.REC	unknown
rec	FSCK1816.REC	Recovered FSCK/Unknown/FSCK1816.REC	unknown
rec	FSCK1817.REC	Recovered FSCK/Unknown/FSCK1817.REC	unknown
rec	FSCK1818.REC	Recovered FSCK/Unknown/FSCK1818.REC	unknown
rec	FSCK1819.REC	Recovered FSCK/Unknown/FSCK1819.REC	unknown
rec	FSCK1820.REC	Recovered FSCK/Unknown/FSCK1820.REC	unknown
rec	FSCK1821.REC	Recovered FSCK/Unknown/FSCK1821.REC	unknown
rec	FSCK1822.REC	Recovered FSCK/Unknown/FSCK1822.REC	unknown
rec	FSCK1836.REC	Recovered FSCK/Playlists/FSCK1836.m3u	m3u
rec	FSCK1838.REC	Recovered FSCK/Unknown/FSCK1838.REC	unknown
rec	FSCK1839.REC	Recovered FSCK/Unknown/FSCK1839.REC	unknown
rec	FSCK1840.REC	Recovered FSCK/Unknown/FSCK1840.REC	unknown
rec	FSCK1841.REC	Recovered FSCK/Unknown/FSCK1841.REC	unknown
rec	FSCK1842.REC	Recovered FSCK/Unknown/FSCK1842.REC	unknown
rec	FSCK1843.REC	Recovered FSCK/Unknown/FSCK1843.REC	unknown
rec	FSCK1844.REC	Recovered FSCK/Unknown/FSCK1844.REC	unknown
rec	FSCK1845.REC	Recovered FSCK/Unknown/FSCK1845.REC	unknown
rec	FSCK1846.REC	Recovered FSCK/Unknown/FSCK1846.REC	unknown
rec	FSCK1847.REC	Recovered FSCK/Unknown/FSCK1847.REC	unknown
rec	FSCK1848.REC	Recovered FSCK/Unknown/FSCK1848.REC	unknown
rec	FSCK1849.REC	Recovered FSCK/Unknown/FSCK1849.REC	unknown
rec	FSCK1850.REC	Recovered FSCK/Unknown/FSCK1850.REC	unknown
rec	FSCK1851.REC	Recovered FSCK/Unknown/FSCK1851.REC	unknown
rec	FSCK1854.REC	Recovered FSCK/Playlists/FSCK1854.m3u	m3u
rec	FSCK1867.REC	Recovered FSCK/Unknown/FSCK1867.REC	unknown
rec	FSCK1868.REC	Recovered FSCK/Unknown/FSCK1868.REC	unknown
rec	FSCK1869.REC	Recovered FSCK/Unknown/FSCK1869.REC	unknown
rec	FSCK1870.REC	Recovered FSCK/Unknown/FSCK1870.REC	unknown
rec	FSCK1871.REC	Recovered FSCK/Unknown/FSCK1871.REC	unknown
rec	FSCK1872.REC	Recovered FSCK/Unknown/FSCK1872.REC	unknown
rec	FSCK1873.REC	Recovered FSCK/Unknown/FSCK1873.REC	unknown
rec	FSCK1874.REC	Recovered FSCK/Unknown/FSCK1874.REC	unknown
rec	FSCK1875.REC	Recovered FSCK/Unknown/FSCK1875.REC	unknown
rec	FSCK1876.REC	Recovered FSCK/Unknown/FSCK1876.REC	unknown
rec	FSCK1877.REC	Recovered FSCK/Unknown/FSCK1877.REC	unknown
rec	FSCK1878.REC	Recovered FSCK/Unknown/FSCK1878.REC	unknown
rec	FSCK1879.REC	Recovered FSCK/Unknown/FSCK1879.REC	unknown
rec	FSCK1880.REC	Recovered FSCK/Unknown/FSCK1880.REC	unknown
rec	FSCK1890.REC	Recovered FSCK/Playlists/FSCK1890.m3u	m3u
rec	FSCK1896.REC	Recovered FSCK/Unknown/FSCK1896.REC	unknown
rec	FSCK1897.REC	Recovered FSCK/Unknown/FSCK1897.REC	unknown
rec	FSCK1898.REC	Recovered FSCK/Unknown/FSCK1898.REC	unknown
rec	FSCK1899.REC	Recovered FSCK/Unknown/FSCK1899.REC	unknown
rec	FSCK1900.REC	Recovered FSCK/Unknown/FSCK1900.REC	unknown
rec	FSCK1901.REC	Recovered FSCK/Unknown/FSCK1901.REC	unknown
rec	FSCK1902.REC	Recovered FSCK/Unknown/FSCK1902.REC	unknown
rec	FSCK1903.REC	Recovered FSCK/Unknown/FSCK1903.REC	unknown
rec	FSCK1904.REC	Recovered FSCK/Unknown/FSCK1904.REC	unknown
rec	FSCK1905.REC	Recovered FSCK/Unknown/FSCK1905.REC	unknown
rec	FSCK1906.REC	Recovered FSCK/Unknown/FSCK1906.REC	unknown
rec	FSCK1907.REC	Recovered FSCK/Unknown/FSCK1907.REC	unknown
rec	FSCK1908.REC	Recovered FSCK/Unknown/FSCK1908.REC	unknown
rec	FSCK1909.REC	Recovered FSCK/Unknown/FSCK1909.REC	unknown
rec	FSCK1915.REC	Recovered FSCK/Playlists/FSCK1915.m3u	m3u
rec	FSCK1925.REC	Recovered FSCK/Unknown/FSCK1925.REC	unknown
rec	FSCK1926.REC	Recovered FSCK/Unknown/FSCK1926.REC	unknown
rec	FSCK1927.REC	Recovered FSCK/Unknown/FSCK1927.REC	unknown
rec	FSCK1928.REC	Recovered FSCK/Unknown/FSCK1928.REC	unknown
rec	FSCK1929.REC	Recovered FSCK/Unknown/FSCK1929.REC	unknown
rec	FSCK1930.REC	Recovered FSCK/Unknown/FSCK1930.REC	unknown
rec	FSCK1931.REC	Recovered FSCK/Unknown/FSCK1931.REC	unknown
rec	FSCK1932.REC	Recovered FSCK/Unknown/FSCK1932.REC	unknown
rec	FSCK1933.REC	Recovered FSCK/Unknown/FSCK1933.REC	unknown
rec	FSCK1934.REC	Recovered FSCK/Unknown/FSCK1934.REC	unknown
rec	FSCK1935.REC	Recovered FSCK/Unknown/FSCK1935.REC	unknown
rec	FSCK1936.REC	Recovered FSCK/Unknown/FSCK1936.REC	unknown
rec	FSCK1937.REC	Recovered FSCK/Unknown/FSCK1937.REC	unknown
rec	FSCK1938.REC	Recovered FSCK/Unknown/FSCK1938.REC	unknown
rec	FSCK1953.REC	Recovered FSCK/Playlists/FSCK1953.m3u	m3u
rec	FSCK1954.REC	Recovered FSCK/Unknown/FSCK1954.REC	unknown
rec	FSCK1955.REC	Recovered FSCK/Unknown/FSCK1955.REC	unknown
rec	FSCK1956.REC	Recovered FSCK/Unknown/FSCK1956.REC	unknown
rec	FSCK1957.REC	Recovered FSCK/Unknown/FSCK1957.REC	unknown
rec	FSCK1958.REC	Recovered FSCK/Unknown/FSCK1958.REC	unknown
rec	FSCK1959.REC	Recovered FSCK/Unknown/FSCK1959.REC	unknown
rec	FSCK1960.REC	Recovered FSCK/Unknown/FSCK1960.REC	unknown
rec	FSCK1961.REC	Recovered FSCK/Unknown/FSCK1961.REC	unknown
rec	FSCK1962.REC	Recovered FSCK/Unknown/FSCK1962.REC	unknown
rec	FSCK1963.REC	Recovered FSCK/Unknown/FSCK1963.REC	unknown
rec	FSCK1964.REC	Recovered FSCK/Unknown/FSCK1964.REC	unknown
rec	FSCK1965.REC	Recovered FSCK/Unknown/FSCK1965.REC	unknown
rec	FSCK1966.REC	Recovered FSCK/Unknown/FSCK1966.REC	unknown
rec	FSCK1967.REC	Recovered FSCK/Unknown/FSCK1967.REC	unknown
rec	FSCK1973.REC	Recovered FSCK/Playlists/FSCK1973.m3u	m3u
rec	FSCK1977.REC	Recovered FSCK/Unknown/FSCK1977.REC	unknown
rec	FSCK1978.REC	Recovered FSCK/Unknown/FSCK1978.REC	unknown
rec	FSCK1979.REC	Recovered FSCK/Unknown/FSCK1979.REC	unknown
rec	FSCK1980.REC	Recovered FSCK/Unknown/FSCK1980.REC	unknown
rec	FSCK1981.REC	Recovered FSCK/Unknown/FSCK1981.REC	unknown
rec	FSCK1982.REC	Recovered FSCK/Unknown/FSCK1982.REC	unknown
rec	FSCK1983.REC	Recovered FSCK/Unknown/FSCK1983.REC	unknown
rec	FSCK1984.REC	Recovered FSCK/Unknown/FSCK1984.REC	unknown
rec	FSCK1985.REC	Recovered FSCK/Unknown/FSCK1985.REC	unknown
rec	FSCK1986.REC	Recovered FSCK/Unknown/FSCK1986.REC	unknown
rec	FSCK1987.REC	Recovered FSCK/Unknown/FSCK1987.REC	unknown
rec	FSCK1988.REC	Recovered FSCK/Unknown/FSCK1988.REC	unknown
rec	FSCK1989.REC	Recovered FSCK/Unknown/FSCK1989.REC	unknown
rec	FSCK1990.REC	Recovered FSCK/Unknown/FSCK1990.REC	unknown
rec	FSCK1997.REC	Recovered FSCK/Playlists/FSCK1997.m3u	m3u
rec	FSCK2004.REC	Recovered FSCK/Unknown/FSCK2004.REC	unknown
rec	FSCK2005.REC	Recovered FSCK/Unknown/FSCK2005.REC	unknown
rec	FSCK2006.REC	Recovered FSCK/Unknown/FSCK2006.REC	unknown
rec	FSCK2007.REC	Recovered FSCK/Unknown/FSCK2007.REC	unknown
rec	FSCK2008.REC	Recovered FSCK/Unknown/FSCK2008.REC	unknown
rec	FSCK2009.REC	Recovered FSCK/Unknown/FSCK2009.REC	unknown
rec	FSCK2010.REC	Recovered FSCK/Unknown/FSCK2010.REC	unknown
rec	FSCK2011.REC	Recovered FSCK/Unknown/FSCK2011.REC	unknown
rec	FSCK2012.REC	Recovered FSCK/Unknown/FSCK2012.REC	unknown
rec	FSCK2013.REC	Recovered FSCK/Unknown/FSCK2013.REC	unknown
rec	FSCK2014.REC	Recovered FSCK/Unknown/FSCK2014.REC	unknown
rec	FSCK2015.REC	Recovered FSCK/Unknown/FSCK2015.REC	unknown
rec	FSCK2016.REC	Recovered FSCK/Unknown/FSCK2016.REC	unknown
rec	FSCK2017.REC	Recovered FSCK/Unknown/FSCK2017.REC	unknown
rec	FSCK2040.REC	Recovered FSCK/Playlists/FSCK2040.m3u	m3u
rec	FSCK2041.REC	Recovered FSCK/Unknown/FSCK2041.REC	unknown
rec	FSCK2042.REC	Recovered FSCK/Unknown/FSCK2042.REC	unknown
rec	FSCK2043.REC	Recovered FSCK/Unknown/FSCK2043.REC	unknown
rec	FSCK2044.REC	Recovered FSCK/Unknown/FSCK2044.REC	unknown
rec	FSCK2045.REC	Recovered FSCK/Unknown/FSCK2045.REC	unknown
rec	FSCK2046.REC	Recovered FSCK/Unknown/FSCK2046.REC	unknown
rec	FSCK2047.REC	Recovered FSCK/Unknown/FSCK2047.REC	unknown
rec	FSCK2048.REC	Recovered FSCK/Unknown/FSCK2048.REC	unknown
rec	FSCK2049.REC	Recovered FSCK/Unknown/FSCK2049.REC	unknown
rec	FSCK2050.REC	Recovered FSCK/Unknown/FSCK2050.REC	unknown
rec	FSCK2051.REC	Recovered FSCK/Unknown/FSCK2051.REC	unknown
rec	FSCK2052.REC	Recovered FSCK/Unknown/FSCK2052.REC	unknown
rec	FSCK2053.REC	Recovered FSCK/Unknown/FSCK2053.REC	unknown
rec	FSCK2054.REC	Recovered FSCK/Unknown/FSCK2054.REC	unknown
rec	FSCK2058.REC	Recovered FSCK/Playlists/FSCK2058.m3u	m3u
rec	FSCK2067.REC	Recovered FSCK/Unknown/FSCK2067.REC	unknown
rec	FSCK2068.REC	Recovered FSCK/Unknown/FSCK2068.REC	unknown
rec	FSCK2069.REC	Recovered FSCK/Unknown/FSCK2069.REC	unknown
rec	FSCK2070.REC	Recovered FSCK/Unknown/FSCK2070.REC	unknown
rec	FSCK2071.REC	Recovered FSCK/Unknown/FSCK2071.REC	unknown
rec	FSCK2072.REC	Recovered FSCK/Unknown/FSCK2072.REC	unknown
rec	FSCK2073.REC	Recovered FSCK/Unknown/FSCK2073.REC	unknown
rec	FSCK2074.REC	Recovered FSCK/Unknown/FSCK2074.REC	unknown
rec	FSCK2075.REC	Recovered FSCK/Unknown/FSCK2075.REC	unknown
rec	FSCK2076.REC	Recovered FSCK/Unknown/FSCK2076.REC	unknown
rec	FSCK2077.REC	Recovered FSCK/Unknown/FSCK2077.REC	unknown
rec	FSCK2078.REC	Recovered FSCK/Unknown/FSCK2078.REC	unknown
rec	FSCK2079.REC	Recovered FSCK/Unknown/FSCK2079.REC	unknown
rec	FSCK2080.REC	Recovered FSCK/Unknown/FSCK2080.REC	unknown
rec	FSCK2091.REC	Recovered FSCK/Playlists/FSCK2091.m3u	m3u
rec	FSCK2094.REC	Recovered FSCK/Unknown/FSCK2094.REC	unknown
rec	FSCK2095.REC	Recovered FSCK/Unknown/FSCK2095.REC	unknown
rec	FSCK2096.REC	Recovered FSCK/Unknown/FSCK2096.REC	unknown
rec	FSCK2097.REC	Recovered FSCK/Unknown/FSCK2097.REC	unknown
rec	FSCK2098.REC	Recovered FSCK/Unknown/FSCK2098.REC	unknown
rec	FSCK2099.REC	Recovered FSCK/Unknown/FSCK2099.REC	unknown
rec	FSCK2100.REC	Recovered FSCK/Unknown/FSCK2100.REC	unknown
rec	FSCK2101.REC	Recovered FSCK/Unknown/FSCK2101.REC	unknown
rec	FSCK2102.REC	Recovered FSCK/Unknown/FSCK2102.REC	unknown
rec	FSCK2103.REC	Recovered FSCK/Unknown/FSCK2103.REC	unknown
rec	FSCK2104.REC	Recovered FSCK/Unknown/FSCK2104.REC	unknown
rec	FSCK2105.REC	Recovered FSCK/Unknown/FSCK2105.REC	unknown
rec	FSCK2106.REC	Recovered FSCK/Unknown/FSCK2106.REC	unknown
rec	FSCK2107.REC	Recovered FSCK/Unknown/FSCK2107.REC	unknown
rec	FSCK2114.REC	Recovered FSCK/Playlists/FSCK2114.m3u	m3u
rec	FSCK2120.REC	Recovered FSCK/Unknown/FSCK2120.REC	unknown
rec	FSCK2121.REC	Recovered FSCK/Unknown/FSCK2121.REC	unknown
rec	FSCK2122.REC	Recovered FSCK/Unknown/FSCK2122.REC	unknown
rec	FSCK2123.REC	Recovered FSCK/Unknown/FSCK2123.REC	unknown
rec	FSCK2124.REC	Recovered FSCK/Unknown/FSCK2124.REC	unknown
rec	FSCK2125.REC	Recovered FSCK/Unknown/FSCK2125.REC	unknown
rec	FSCK2126.REC	Recovered FSCK/Unknown/FSCK2126.REC	unknown
rec	FSCK2127.REC	Recovered FSCK/Unknown/FSCK2127.REC	unknown
rec	FSCK2128.REC	Recovered FSCK/Unknown/FSCK2128.REC	unknown
rec	FSCK2129.REC	Recovered FSCK/Unknown/FSCK2129.REC	unknown
rec	FSCK2130.REC	Recovered FSCK/Unknown/FSCK2130.REC	unknown
rec	FSCK2131.REC	Recovered FSCK/Unknown/FSCK2131.REC	unknown
rec	FSCK2132.REC	Recovered FSCK/Unknown/FSCK2132.REC	unknown
rec	FSCK2133.REC	Recovered FSCK/Unknown/FSCK2133.REC	unknown
rec	FSCK2142.REC	Recovered FSCK/Images/FSCK2142.jpg	jpeg
rec	FSCK2143.REC	Recovered FSCK/Unknown/FSCK2143.REC	unknown
rec	FSCK2144.REC	Recovered FSCK/Unknown/FSCK2144.REC	unknown
rec	FSCK2145.REC	Recovered FSCK/Unknown/FSCK2145.REC	unknown
rec	FSCK2146.REC	Recovered FSCK/Unknown/FSCK2146.REC	unknown
rec	FSCK2147.REC	Recovered FSCK/Unknown/FSCK2147.REC	unknown
rec	FSCK2148.REC	Recovered FSCK/Unknown/FSCK2148.REC	unknown
rec	FSCK2149.REC	Recovered FSCK/Unknown/FSCK2149.REC	unknown
rec	FSCK2150.REC	Recovered FSCK/Unknown/FSCK2150.REC	unknown
rec	FSCK2151.REC	Recovered FSCK/Unknown/FSCK2151.REC	unknown
rec	FSCK2152.REC	Recovered FSCK/Unknown/FSCK2152.REC	unknown
rec	FSCK2153.REC	Recovered FSCK/Unknown/FSCK2153.REC	unknown
rec	FSCK2154.REC	Recovered FSCK/Unknown/FSCK2154.REC	unknown
rec	FSCK2155.REC	Recovered FSCK/Unknown/FSCK2155.REC	unknown
rec	FSCK2156.REC	Recovered FSCK/Unknown/FSCK2156.REC	unknown
rec	FSCK2171.REC	Recovered FSCK/Unknown/FSCK2171.REC	unknown
rec	FSCK2172.REC	Recovered FSCK/Unknown/FSCK2172.REC	unknown
rec	FSCK2173.REC	Recovered FSCK/Unknown/FSCK2173.REC	unknown
rec	FSCK2174.REC	Recovered FSCK/Unknown/FSCK2174.REC	unknown
rec	FSCK2175.REC	Recovered FSCK/Unknown/FSCK2175.REC	unknown
rec	FSCK2176.REC	Recovered FSCK/Unknown/FSCK2176.REC	unknown
rec	FSCK2177.REC	Recovered FSCK/Unknown/FSCK2177.REC	unknown
rec	FSCK2178.REC	Recovered FSCK/Unknown/FSCK2178.REC	unknown
rec	FSCK2179.REC	Recovered FSCK/Unknown/FSCK2179.REC	unknown
rec	FSCK2180.REC	Recovered FSCK/Unknown/FSCK2180.REC	unknown
rec	FSCK2181.REC	Recovered FSCK/Unknown/FSCK2181.REC	unknown
rec	FSCK2182.REC	Recovered FSCK/Unknown/FSCK2182.REC	unknown
rec	FSCK2183.REC	Recovered FSCK/Unknown/FSCK2183.REC	unknown
rec	FSCK2184.REC	Recovered FSCK/Unknown/FSCK2184.REC	unknown
rec	FSCK2185.REC	Recovered FSCK/Unknown/FSCK2185.REC	unknown
rec	FSCK2186.REC	Recovered FSCK/Unknown/FSCK2186.REC	unknown
rec	FSCK2187.REC	Recovered FSCK/Unknown/FSCK2187.REC	unknown
rec	FSCK2188.REC	Recovered FSCK/Unknown/FSCK2188.REC	unknown
rec	FSCK2189.REC	Recovered FSCK/Unknown/FSCK2189.REC	unknown
rec	FSCK2190.REC	Recovered FSCK/Unknown/FSCK2190.REC	unknown
rec	FSCK2191.REC	Recovered FSCK/Unknown/FSCK2191.REC	unknown
rec	FSCK2192.REC	Recovered FSCK/Unknown/FSCK2192.REC	unknown
rec	FSCK2193.REC	Recovered FSCK/Unknown/FSCK2193.REC	unknown
rec	FSCK2194.REC	Recovered FSCK/Unknown/FSCK2194.REC	unknown
rec	FSCK2195.REC	Recovered FSCK/Unknown/FSCK2195.REC	unknown
rec	FSCK2196.REC	Recovered FSCK/Unknown/FSCK2196.REC	unknown
rec	FSCK2197.REC	Recovered FSCK/Unknown/FSCK2197.REC	unknown
rec	FSCK2198.REC	Recovered FSCK/Unknown/FSCK2198.REC	unknown
rec	FSCK2212.REC	Recovered FSCK/Unknown/FSCK2212.REC	unknown
rec	FSCK2213.REC	Recovered FSCK/Unknown/FSCK2213.REC	unknown
rec	FSCK2214.REC	Recovered FSCK/Unknown/FSCK2214.REC	unknown
rec	FSCK2215.REC	Recovered FSCK/Unknown/FSCK2215.REC	unknown
rec	FSCK2216.REC	Recovered FSCK/Unknown/FSCK2216.REC	unknown
rec	FSCK2217.REC	Recovered FSCK/Unknown/FSCK2217.REC	unknown
rec	FSCK2218.REC	Recovered FSCK/Unknown/FSCK2218.REC	unknown
rec	FSCK2219.REC	Recovered FSCK/Unknown/FSCK2219.REC	unknown
rec	FSCK2220.REC	Recovered FSCK/Unknown/FSCK2220.REC	unknown
rec	FSCK2221.REC	Recovered FSCK/Unknown/FSCK2221.REC	unknown
rec	FSCK2222.REC	Recovered FSCK/Unknown/FSCK2222.REC	unknown
rec	FSCK2223.REC	Recovered FSCK/Unknown/FSCK2223.REC	unknown
rec	FSCK2224.REC	Recovered FSCK/Unknown/FSCK2224.REC	unknown
rec	FSCK2225.REC	Recovered FSCK/Unknown/FSCK2225.REC	unknown
rec	FSCK2226.REC	Recovered FSCK/Unknown/FSCK2226.REC	unknown
rec	FSCK2227.REC	Recovered FSCK/Unknown/FSCK2227.REC	unknown
rec	FSCK2228.REC	Recovered FSCK/Unknown/FSCK2228.REC	unknown
rec	FSCK2229.REC	Recovered FSCK/Unknown/FSCK2229.REC	unknown
rec	FSCK2230.REC	Recovered FSCK/Unknown/FSCK2230.REC	unknown
rec	FSCK2231.REC	Recovered FSCK/Unknown/FSCK2231.REC	unknown
rec	FSCK2232.REC	Recovered FSCK/Unknown/FSCK2232.REC	unknown
rec	FSCK2233.REC	Recovered FSCK/Unknown/FSCK2233.REC	unknown
rec	FSCK2234.REC	Recovered FSCK/Unknown/FSCK2234.REC	unknown
rec	FSCK2235.REC	Recovered FSCK/Unknown/FSCK2235.REC	unknown
rec	FSCK2236.REC	Recovered FSCK/Unknown/FSCK2236.REC	unknown
rec	FSCK2237.REC	Recovered FSCK/Unknown/FSCK2237.REC	unknown
rec	FSCK2238.REC	Recovered FSCK/Unknown/FSCK2238.REC	unknown
rec	FSCK2239.REC	Recovered FSCK/Unknown/FSCK2239.REC	unknown
rec	FSCK2240.REC	Recovered FSCK/Unknown/FSCK2240.REC	unknown
rec	FSCK2241.REC	Recovered FSCK/Unknown/FSCK2241.REC	unknown
rec	FSCK2268.REC	Recovered FSCK/Playlists/FSCK2268.m3u	m3u
rec	FSCK2269.REC	Recovered FSCK/Unknown/FSCK2269.REC	unknown
rec	FSCK2270.REC	Recovered FSCK/Unknown/FSCK2270.REC	unknown
rec	FSCK2271.REC	Recovered FSCK/Unknown/FSCK2271.REC	unknown
rec	FSCK2272.REC	Recovered FSCK/Unknown/FSCK2272.REC	unknown
rec	FSCK2273.REC	Recovered FSCK/Unknown/FSCK2273.REC	unknown
rec	FSCK2274.REC	Recovered FSCK/Unknown/FSCK2274.REC	unknown
rec	FSCK2275.REC	Recovered FSCK/Unknown/FSCK2275.REC	unknown
rec	FSCK2276.REC	Recovered FSCK/Unknown/FSCK2276.REC	unknown
rec	FSCK2277.REC	Recovered FSCK/Unknown/FSCK2277.REC	unknown
rec	FSCK2278.REC	Recovered FSCK/Unknown/FSCK2278.REC	unknown
rec	FSCK2279.REC	Recovered FSCK/Unknown/FSCK2279.REC	unknown
rec	FSCK2280.REC	Recovered FSCK/Unknown/FSCK2280.REC	unknown
rec	FSCK2281.REC	Recovered FSCK/Unknown/FSCK2281.REC	unknown
rec	FSCK2294.REC	Recovered FSCK/Playlists/FSCK2294.m3u	m3u
rec	FSCK2296.REC	Recovered FSCK/Unknown/FSCK2296.REC	unknown
rec	FSCK2297.REC	Recovered FSCK/Unknown/FSCK2297.REC	unknown
rec	FSCK2298.REC	Recovered FSCK/Unknown/FSCK2298.REC	unknown
rec	FSCK2299.REC	Recovered FSCK/Unknown/FSCK2299.REC	unknown
rec	FSCK2300.REC	Recovered FSCK/Unknown/FSCK2300.REC	unknown
rec	FSCK2301.REC	Recovered FSCK/Unknown/FSCK2301.REC	unknown
rec	FSCK2302.REC	Recovered FSCK/Unknown/FSCK2302.REC	unknown
rec	FSCK2303.REC	Recovered FSCK/Unknown/FSCK2303.REC	unknown
rec	FSCK2304.REC	Recovered FSCK/Unknown/FSCK2304.REC	unknown
rec	FSCK2305.REC	Recovered FSCK/Unknown/FSCK2305.REC	unknown
rec	FSCK2306.REC	Recovered FSCK/Unknown/FSCK2306.REC	unknown
rec	FSCK2307.REC	Recovered FSCK/Unknown/FSCK2307.REC	unknown
rec	FSCK2308.REC	Recovered FSCK/Unknown/FSCK2308.REC	unknown
rec	FSCK2310.REC	Recovered FSCK/Playlists/FSCK2310.m3u	m3u
rec	FSCK2323.REC	Recovered FSCK/Unknown/FSCK2323.REC	unknown
rec	FSCK2324.REC	Recovered FSCK/Unknown/FSCK2324.REC	unknown
rec	FSCK2325.REC	Recovered FSCK/Unknown/FSCK2325.REC	unknown
rec	FSCK2326.REC	Recovered FSCK/Unknown/FSCK2326.REC	unknown
rec	FSCK2327.REC	Recovered FSCK/Unknown/FSCK2327.REC	unknown
rec	FSCK2328.REC	Recovered FSCK/Unknown/FSCK2328.REC	unknown
rec	FSCK2329.REC	Recovered FSCK/Unknown/FSCK2329.REC	unknown
rec	FSCK2330.REC	Recovered FSCK/Unknown/FSCK2330.REC	unknown
rec	FSCK2331.REC	Recovered FSCK/Unknown/FSCK2331.REC	unknown
rec	FSCK2332.REC	Recovered FSCK/Unknown/FSCK2332.REC	unknown
rec	FSCK2333.REC	Recovered FSCK/Unknown/FSCK2333.REC	unknown
rec	FSCK2334.REC	Recovered FSCK/Unknown/FSCK2334.REC	unknown
rec	FSCK2335.REC	Recovered FSCK/Unknown/FSCK2335.REC	unknown
rec	FSCK2342.REC	Recovered FSCK/Playlists/FSCK2342.m3u	m3u
rec	FSCK2350.REC	Recovered FSCK/Unknown/FSCK2350.REC	unknown
rec	FSCK2351.REC	Recovered FSCK/Unknown/FSCK2351.REC	unknown
rec	FSCK2352.REC	Recovered FSCK/Unknown/FSCK2352.REC	unknown
rec	FSCK2353.REC	Recovered FSCK/Unknown/FSCK2353.REC	unknown
rec	FSCK2354.REC	Recovered FSCK/Unknown/FSCK2354.REC	unknown
rec	FSCK2355.REC	Recovered FSCK/Unknown/FSCK2355.REC	unknown
rec	FSCK2356.REC	Recovered FSCK/Unknown/FSCK2356.REC	unknown
rec	FSCK2357.REC	Recovered FSCK/Unknown/FSCK2357.REC	unknown
rec	FSCK2358.REC	Recovered FSCK/Unknown/FSCK2358.REC	unknown
rec	FSCK2359.REC	Recovered FSCK/Unknown/FSCK2359.REC	unknown
rec	FSCK2360.REC	Recovered FSCK/Unknown/FSCK2360.REC	unknown
rec	FSCK2361.REC	Recovered FSCK/Unknown/FSCK2361.REC	unknown
rec	FSCK2362.REC	Recovered FSCK/Unknown/FSCK2362.REC	unknown
rec	FSCK2376.REC	Recovered FSCK/Playlists/FSCK2376.m3u	m3u
rec	FSCK2377.REC	Recovered FSCK/Unknown/FSCK2377.REC	unknown
rec	FSCK2378.REC	Recovered FSCK/Unknown/FSCK2378.REC	unknown
rec	FSCK2379.REC	Recovered FSCK/Unknown/FSCK2379.REC	unknown
rec	FSCK2380.REC	Recovered FSCK/Unknown/FSCK2380.REC	unknown
rec	FSCK2381.REC	Recovered FSCK/Unknown/FSCK2381.REC	unknown
rec	FSCK2382.REC	Recovered FSCK/Unknown/FSCK2382.REC	unknown
rec	FSCK2383.REC	Recovered FSCK/Unknown/FSCK2383.REC	unknown
rec	FSCK2384.REC	Recovered FSCK/Unknown/FSCK2384.REC	unknown
rec	FSCK2385.REC	Recovered FSCK/Unknown/FSCK2385.REC	unknown
rec	FSCK2386.REC	Recovered FSCK/Unknown/FSCK2386.REC	unknown
rec	FSCK2387.REC	Recovered FSCK/Unknown/FSCK2387.REC	unknown
rec	FSCK2388.REC	Recovered FSCK/Unknown/FSCK2388.REC	unknown
rec	FSCK2389.REC	Recovered FSCK/Unknown/FSCK2389.REC	unknown
rec	FSCK2391.REC	Recovered FSCK/Playlists/FSCK2391.m3u	m3u
rec	FSCK2401.REC	Recovered FSCK/Unknown/FSCK2401.REC	unknown
rec	FSCK2402.REC	Recovered FSCK/Unknown/FSCK2402.REC	unknown
rec	FSCK2403.REC	Recovered FSCK/Unknown/FSCK2403.REC	unknown
rec	FSCK2404.REC	Recovered FSCK/Unknown/FSCK2404.REC	unknown
rec	FSCK2405.REC	Recovered FSCK/Unknown/FSCK2405.REC	unknown
rec	FSCK2406.REC	Recovered FSCK/Unknown/FSCK2406.REC	unknown
rec	FSCK2407.REC	Recovered FSCK/Unknown/FSCK2407.REC	unknown
rec	FSCK2408.REC	Recovered FSCK/Unknown/FSCK2408.REC	unknown
rec	FSCK2409.REC	Recovered FSCK/Unknown/FSCK2409.REC	unknown
rec	FSCK2410.REC	Recovered FSCK/Unknown/FSCK2410.REC	unknown
rec	FSCK2411.REC	Recovered FSCK/Unknown/FSCK2411.REC	unknown
rec	FSCK2412.REC	Recovered FSCK/Unknown/FSCK2412.REC	unknown
rec	FSCK2413.REC	Recovered FSCK/Unknown/FSCK2413.REC	unknown
rec	FSCK2417.REC	Recovered FSCK/Images/FSCK2417.jpg	jpeg
rec	FSCK2418.REC	Recovered FSCK/Playlists/FSCK2418.m3u	m3u
rec	FSCK2419.REC	Recovered FSCK/Unknown/FSCK2419.REC	unknown
rec	FSCK2420.REC	Recovered FSCK/Unknown/FSCK2420.REC	unknown
rec	FSCK2421.REC	Recovered FSCK/Unknown/FSCK2421.REC	unknown
rec	FSCK2422.REC	Recovered FSCK/Unknown/FSCK2422.REC	unknown
rec	FSCK2423.REC	Recovered FSCK/Unknown/FSCK2423.REC	unknown
rec	FSCK2424.REC	Recovered FSCK/Unknown/FSCK2424.REC	unknown
rec	FSCK2425.REC	Recovered FSCK/Unknown/FSCK2425.REC	unknown
rec	FSCK2426.REC	Recovered FSCK/Unknown/FSCK2426.REC	unknown
rec	FSCK2427.REC	Recovered FSCK/Unknown/FSCK2427.REC	unknown
rec	FSCK2428.REC	Recovered FSCK/Unknown/FSCK2428.REC	unknown
rec	FSCK2429.REC	Recovered FSCK/Unknown/FSCK2429.REC	unknown
rec	FSCK2430.REC	Recovered FSCK/Unknown/FSCK2430.REC	unknown
rec	FSCK2431.REC	Recovered FSCK/Unknown/FSCK2431.REC	unknown
rec	FSCK2432.REC	Recovered FSCK/Unknown/FSCK2432.REC	unknown
rec	FSCK2433.REC	Recovered FSCK/Unknown/FSCK2433.REC	unknown
rec	FSCK2434.REC	Recovered FSCK/Unknown/FSCK2434.REC	unknown
rec	FSCK2435.REC	Recovered FSCK/Unknown/FSCK2435.REC	unknown
rec	FSCK2436.REC	Recovered FSCK/Unknown/FSCK2436.REC	unknown
rec	FSCK2437.REC	Recovered FSCK/Unknown/FSCK2437.REC	unknown
rec	FSCK2438.REC	Recovered FSCK/Unknown/FSCK2438.REC	unknown
rec	FSCK2439.REC	Recovered FSCK/Unknown/FSCK2439.REC	unknown
rec	FSCK2440.REC	Recovered FSCK/Unknown/FSCK2440.REC	unknown
rec	FSCK2441.REC	Recovered FSCK/Unknown/FSCK2441.REC	unknown
rec	FSCK2442.REC	Recovered FSCK/Unknown/FSCK2442.REC	unknown
rec	FSCK2443.REC	Recovered FSCK/Unknown/FSCK2443.REC	unknown
rec	FSCK2444.REC	Recovered FSCK/Unknown/FSCK2444.REC	unknown
rec	FSCK2449.REC	Recovered FSCK/Playlists/FSCK2449.m3u	m3u
rec	FSCK2459.REC	Recovered FSCK/Unknown/FSCK2459.REC	unknown
rec	FSCK2460.REC	Recovered FSCK/Unknown/FSCK2460.REC	unknown
rec	FSCK2461.REC	Recovered FSCK/Unknown/FSCK2461.REC	unknown
rec	FSCK2462.REC	Recovered FSCK/Unknown/FSCK2462.REC	unknown
rec	FSCK2463.REC	Recovered FSCK/Unknown/FSCK2463.REC	unknown
rec	FSCK2464.REC	Recovered FSCK/Unknown/FSCK2464.REC	unknown
rec	FSCK2465.REC	Recovered FSCK/Unknown/FSCK2465.REC	unknown
rec	FSCK2466.REC	Recovered FSCK/Unknown/FSCK2466.REC	unknown
rec	FSCK2467.REC	Recovered FSCK/Unknown/FSCK2467.REC	unknown
rec	FSCK2468.REC	Recovered FSCK/Unknown/FSCK2468.REC	unknown
rec	FSCK2469.REC	Recovered FSCK/Unknown/FSCK2469.REC	unknown
rec	FSCK2470.REC	Recovered FSCK/Unknown/FSCK2470.REC	unknown
rec	FSCK2471.REC	Recovered FSCK/Unknown/FSCK2471.REC	unknown
rec	FSCK2474.REC	Recovered FSCK/Playlists/FSCK2474.m3u	m3u
rec	FSCK2486.REC	Recovered FSCK/Unknown/FSCK2486.REC	unknown
rec	FSCK2487.REC	Recovered FSCK/Unknown/FSCK2487.REC	unknown
rec	FSCK2488.REC	Recovered FSCK/Unknown/FSCK2488.REC	unknown
rec	FSCK2489.REC	Recovered FSCK/Unknown/FSCK2489.REC	unknown
rec	FSCK2490.REC	Recovered FSCK/Unknown/FSCK2490.REC	unknown
rec	FSCK2491.REC	Recovered FSCK/Unknown/FSCK2491.REC	unknown
rec	FSCK2492.REC	Recovered FSCK/Unknown/FSCK2492.REC	unknown
rec	FSCK2493.REC	Recovered FSCK/Unknown/FSCK2493.REC	unknown
rec	FSCK2494.REC	Recovered FSCK/Unknown/FSCK2494.REC	unknown
rec	FSCK2495.REC	Recovered FSCK/Unknown/FSCK2495.REC	unknown
rec	FSCK2496.REC	Recovered FSCK/Unknown/FSCK2496.REC	unknown
rec	FSCK2497.REC	Recovered FSCK/Unknown/FSCK2497.REC	unknown
rec	FSCK2498.REC	Recovered FSCK/Unknown/FSCK2498.REC	unknown
rec	FSCK2512.REC	Recovered FSCK/Playlists/FSCK2512.m3u	m3u
rec	FSCK2513.REC	Recovered FSCK/Unknown/FSCK2513.REC	unknown
rec	FSCK2514.REC	Recovered FSCK/Unknown/FSCK2514.REC	unknown
rec	FSCK2515.REC	Recovered FSCK/Unknown/FSCK2515.REC	unknown
rec	FSCK2516.REC	Recovered FSCK/Unknown/FSCK2516.REC	unknown
rec	FSCK2517.REC	Recovered FSCK/Unknown/FSCK2517.REC	unknown
rec	FSCK2518.REC	Recovered FSCK/Unknown/FSCK2518.REC	unknown
rec	FSCK2519.REC	Recovered FSCK/Unknown/FSCK2519.REC	unknown
rec	FSCK2520.REC	Recovered FSCK/Unknown/FSCK2520.REC	unknown
rec	FSCK2521.REC	Recovered FSCK/Unknown/FSCK2521.REC	unknown
rec	FSCK2522.REC	Recovered FSCK/Unknown/FSCK2522.REC	unknown
rec	FSCK2523.REC	Recovered FSCK/Unknown/FSCK2523.REC	unknown
rec	FSCK2524.REC	Recovered FSCK/Unknown/FSCK2524.REC	unknown
rec	FSCK2525.REC	Recovered FSCK/Unknown/FSCK2525.REC	unknown
rec	FSCK2526.REC	Recovered FSCK/Images/FSCK2526.jpg	jpeg
rec	FSCK2527.REC	Recovered FSCK/Unknown/FSCK2527.REC	unknown
rec	FSCK2528.REC	Recovered FSCK/Unknown/FSCK2528.REC	unknown
rec	FSCK2529.REC	Recovered FSCK/Unknown/FSCK2529.REC	unknown
rec	FSCK2530.REC	Recovered FSCK/Unknown/FSCK2530.REC	unknown
rec	FSCK2531.REC	Recovered FSCK/Unknown/FSCK2531.REC	unknown
rec	FSCK2532.REC	Recovered FSCK/Unknown/FSCK2532.REC	unknown
rec	FSCK2533.REC	Recovered FSCK/Unknown/FSCK2533.REC	unknown
rec	FSCK2534.REC	Recovered FSCK/Unknown/FSCK2534.REC	unknown
rec	FSCK2535.REC	Recovered FSCK/Unknown/FSCK2535.REC	unknown
rec	FSCK2536.REC	Recovered FSCK/Unknown/FSCK2536.REC	unknown
rec	FSCK2537.REC	Recovered FSCK/Unknown/FSCK2537.REC	unknown
rec	FSCK2538.REC	Recovered FSCK/Unknown/FSCK2538.REC	unknown
rec	FSCK2539.REC	Recovered FSCK/Unknown/FSCK2539.REC	unknown
rec	FSCK2540.REC	Recovered FSCK/Unknown/FSCK2540.REC	unknown
rec	FSCK2541.REC	Recovered FSCK/Unknown/FSCK2541.REC	unknown
rec	FSCK2542.REC	Recovered FSCK/Unknown/FSCK2542.REC	unknown
rec	FSCK2543.REC	Recovered FSCK/Unknown/FSCK2543.REC	unknown
rec	FSCK2544.REC	Recovered FSCK/Unknown/FSCK2544.REC	unknown
rec	FSCK2545.REC	Recovered FSCK/Unknown/FSCK2545.REC	unknown
rec	FSCK2546.REC	Recovered FSCK/Unknown/FSCK2546.REC	unknown
rec	FSCK2547.REC	Recovered FSCK/Unknown/FSCK2547.REC	unknown
rec	FSCK2548.REC	Recovered FSCK/Unknown/FSCK2548.REC	unknown
rec	FSCK2549.REC	Recovered FSCK/Unknown/FSCK2549.REC	unknown
rec	FSCK2550.REC	Recovered FSCK/Unknown/FSCK2550.REC	unknown
rec	FSCK2551.REC	Recovered FSCK/Unknown/FSCK2551.REC	unknown
rec	FSCK2552.REC	Recovered FSCK/Unknown/FSCK2552.REC	unknown
rec	FSCK2553.REC	Recovered FSCK/Images/FSCK2553.jpg	jpeg
rec	FSCK2554.REC	Recovered FSCK/Unknown/FSCK2554.REC	unknown
rec	FSCK2555.REC	Recovered FSCK/Unknown/FSCK2555.REC	unknown
rec	FSCK2556.REC	Recovered FSCK/Unknown/FSCK2556.REC	unknown
rec	FSCK2557.REC	Recovered FSCK/Unknown/FSCK2557.REC	unknown
rec	FSCK2558.REC	Recovered FSCK/Unknown/FSCK2558.REC	unknown
rec	FSCK2559.REC	Recovered FSCK/Unknown/FSCK2559.REC	unknown
rec	FSCK2560.REC	Recovered FSCK/Unknown/FSCK2560.REC	unknown
rec	FSCK2561.REC	Recovered FSCK/Unknown/FSCK2561.REC	unknown
rec	FSCK2562.REC	Recovered FSCK/Unknown/FSCK2562.REC	unknown
rec	FSCK2563.REC	Recovered FSCK/Unknown/FSCK2563.REC	unknown
rec	FSCK2564.REC	Recovered FSCK/Unknown/FSCK2564.REC	unknown
rec	FSCK2565.REC	Recovered FSCK/Unknown/FSCK2565.REC	unknown
rec	FSCK2566.REC	Recovered FSCK/Unknown/FSCK2566.REC	unknown
rec	FSCK2567.REC	Recovered FSCK/Unknown/FSCK2567.REC	unknown
rec	FSCK2568.REC	Recovered FSCK/Unknown/FSCK2568.REC	unknown
rec	FSCK2569.REC	Recovered FSCK/Unknown/FSCK2569.REC	unknown
rec	FSCK2570.REC	Recovered FSCK/Unknown/FSCK2570.REC	unknown
rec	FSCK2571.REC	Recovered FSCK/Unknown/FSCK2571.REC	unknown
rec	FSCK2572.REC	Recovered FSCK/Unknown/FSCK2572.REC	unknown
rec	FSCK2573.REC	Recovered FSCK/Unknown/FSCK2573.REC	unknown
rec	FSCK2574.REC	Recovered FSCK/Unknown/FSCK2574.REC	unknown
rec	FSCK2575.REC	Recovered FSCK/Unknown/FSCK2575.REC	unknown
rec	FSCK2576.REC	Recovered FSCK/Unknown/FSCK2576.REC	unknown
rec	FSCK2577.REC	Recovered FSCK/Unknown/FSCK2577.REC	unknown
rec	FSCK2578.REC	Recovered FSCK/Unknown/FSCK2578.REC	unknown
rec	FSCK2579.REC	Recovered FSCK/Unknown/FSCK2579.REC	unknown
rec	FSCK2580.REC	Recovered FSCK/Images/FSCK2580.jpg	jpeg
rec	FSCK2581.REC	Recovered FSCK/Unknown/FSCK2581.REC	unknown
rec	FSCK2582.REC	Recovered FSCK/Unknown/FSCK2582.REC	unknown
rec	FSCK2583.REC	Recovered FSCK/Unknown/FSCK2583.REC	unknown
rec	FSCK2584.REC	Recovered FSCK/Unknown/FSCK2584.REC	unknown
rec	FSCK2585.REC	Recovered FSCK/Unknown/FSCK2585.REC	unknown
rec	FSCK2586.REC	Recovered FSCK/Unknown/FSCK2586.REC	unknown
rec	FSCK2587.REC	Recovered FSCK/Unknown/FSCK2587.REC	unknown
rec	FSCK2588.REC	Recovered FSCK/Unknown/FSCK2588.REC	unknown
rec	FSCK2589.REC	Recovered FSCK/Unknown/FSCK2589.REC	unknown
rec	FSCK2590.REC	Recovered FSCK/Unknown/FSCK2590.REC	unknown
rec	FSCK2591.REC	Recovered FSCK/Unknown/FSCK2591.REC	unknown
rec	FSCK2592.REC	Recovered FSCK/Unknown/FSCK2592.REC	unknown
rec	FSCK2593.REC	Recovered FSCK/Unknown/FSCK2593.REC	unknown
rec	FSCK2594.REC	Recovered FSCK/Unknown/FSCK2594.REC	unknown
rec	FSCK2595.REC	Recovered FSCK/Unknown/FSCK2595.REC	unknown
rec	FSCK2596.REC	Recovered FSCK/Unknown/FSCK2596.REC	unknown
rec	FSCK2597.REC	Recovered FSCK/Unknown/FSCK2597.REC	unknown
rec	FSCK2598.REC	Recovered FSCK/Unknown/FSCK2598.REC	unknown
rec	FSCK2599.REC	Recovered FSCK/Unknown/FSCK2599.REC	unknown
rec	FSCK2600.REC	Recovered FSCK/Unknown/FSCK2600.REC	unknown
rec	FSCK2601.REC	Recovered FSCK/Unknown/FSCK2601.REC	unknown
rec	FSCK2602.REC	Recovered FSCK/Unknown/FSCK2602.REC	unknown
rec	FSCK2603.REC	Recovered FSCK/Unknown/FSCK2603.REC	unknown
rec	FSCK2604.REC	Recovered FSCK/Unknown/FSCK2604.REC	unknown
rec	FSCK2605.REC	Recovered FSCK/Unknown/FSCK2605.REC	unknown
rec	FSCK2606.REC	Recovered FSCK/Unknown/FSCK2606.REC	unknown
rec	FSCK2607.REC	Recovered FSCK/Images/FSCK2607.jpg	jpeg
rec	FSCK2621.REC	Recovered FSCK/Playlists/FSCK2621.m3u	m3u
rec	FSCK2622.REC	Recovered FSCK/Unknown/FSCK2622.REC	unknown
rec	FSCK2623.REC	Recovered FSCK/Unknown/FSCK2623.REC	unknown
rec	FSCK2624.REC	Recovered FSCK/Unknown/FSCK2624.REC	unknown
rec	FSCK2625.REC	Recovered FSCK/Unknown/FSCK2625.REC	unknown
rec	FSCK2626.REC	Recovered FSCK/Unknown/FSCK2626.REC	unknown
rec	FSCK2627.REC	Recovered FSCK/Unknown/FSCK2627.REC	unknown
rec	FSCK2628.REC	Recovered FSCK/Unknown/FSCK2628.REC	unknown
rec	FSCK2629.REC	Recovered FSCK/Unknown/FSCK2629.REC	unknown
rec	FSCK2630.REC	Recovered FSCK/Unknown/FSCK2630.REC	unknown
rec	FSCK2631.REC	Recovered FSCK/Unknown/FSCK2631.REC	unknown
rec	FSCK2632.REC	Recovered FSCK/Unknown/FSCK2632.REC	unknown
rec	FSCK2633.REC	Recovered FSCK/Unknown/FSCK2633.REC	unknown
rec	FSCK2634.REC	Recovered FSCK/Images/FSCK2634.jpg	jpeg
rec	FSCK2648.REC	Recovered FSCK/Playlists/FSCK2648.m3u	m3u
rec	FSCK2649.REC	Recovered FSCK/Unknown/FSCK2649.REC	unknown
rec	FSCK2650.REC	Recovered FSCK/Unknown/FSCK2650.REC	unknown
rec	FSCK2651.REC	Recovered FSCK/Unknown/FSCK2651.REC	unknown
rec	FSCK2652.REC	Recovered FSCK/Unknown/FSCK2652.REC	unknown
rec	FSCK2653.REC	Recovered FSCK/Unknown/FSCK2653.REC	unknown
rec	FSCK2654.REC	Recovered FSCK/Unknown/FSCK2654.REC	unknown
rec	FSCK2655.REC	Recovered FSCK/Unknown/FSCK2655.REC	unknown
rec	FSCK2656.REC	Recovered FSCK/Unknown/FSCK2656.REC	unknown
rec	FSCK2657.REC	Recovered FSCK/Unknown/FSCK2657.REC	unknown
rec	FSCK2658.REC	Recovered FSCK/Unknown/FSCK2658.REC	unknown
rec	FSCK2659.REC	Recovered FSCK/Unknown/FSCK2659.REC	unknown
rec	FSCK2660.REC	Recovered FSCK/Unknown/FSCK2660.REC	unknown
rec	FSCK2661.REC	Recovered FSCK/Images/FSCK2661.jpg	jpeg
rec	FSCK2662.REC	Recovered FSCK/Unknown/FSCK2662.REC	unknown
rec	FSCK2663.REC	Recovered FSCK/Unknown/FSCK2663.REC	unknown
rec	FSCK2664.REC	Recovered FSCK/Unknown/FSCK2664.REC	unknown
rec	FSCK2665.REC	Recovered FSCK/Unknown/FSCK2665.REC	unknown
rec	FSCK2666.REC	Recovered FSCK/Unknown/FSCK2666.REC	unknown
rec	FSCK2667.REC	Recovered FSCK/Unknown/FSCK2667.REC	unknown
rec	FSCK2668.REC	Recovered FSCK/Unknown/FSCK2668.REC	unknown
rec	FSCK2669.REC	Recovered FSCK/Unknown/FSCK2669.REC	unknown
rec	FSCK2670.REC	Recovered FSCK/Unknown/FSCK2670.REC	unknown
rec	FSCK2671.REC	Recovered FSCK/Unknown/FSCK2671.REC	unknown
rec	FSCK2672.REC	Recovered FSCK/Unknown/FSCK2672.REC	unknown
rec	FSCK2673.REC	Recovered FSCK/Unknown/FSCK2673.REC	unknown
rec	FSCK2674.REC	Recovered FSCK/Unknown/FSCK2674.REC	unknown
rec	FSCK2699.REC	Recovered FSCK/Playlists/FSCK2699.m3u	m3u
rec	FSCK2701.REC	Recovered FSCK/Unknown/FSCK2701.REC	unknown
rec	FSCK2702.REC	Recovered FSCK/Unknown/FSCK2702.REC	unknown
rec	FSCK2703.REC	Recovered FSCK/Unknown/FSCK2703.REC	unknown
rec	FSCK2704.REC	Recovered FSCK/Unknown/FSCK2704.REC	unknown
rec	FSCK2705.REC	Recovered FSCK/Unknown/FSCK2705.REC	unknown
rec	FSCK2706.REC	Recovered FSCK/Unknown/FSCK2706.REC	unknown
rec	FSCK2707.REC	Recovered FSCK/Unknown/FSCK2707.REC	unknown
rec	FSCK2708.REC	Recovered FSCK/Unknown/FSCK2708.REC	unknown
rec	FSCK2709.REC	Recovered FSCK/Unknown/FSCK2709.REC	unknown
rec	FSCK2710.REC	Recovered FSCK/Unknown/FSCK2710.REC	unknown
rec	FSCK2711.REC	Recovered FSCK/Unknown/FSCK2711.REC	unknown
rec	FSCK2712.REC	Recovered FSCK/Unknown/FSCK2712.REC	unknown
rec	FSCK2723.REC	Recovered FSCK/Playlists/FSCK2723.m3u	m3u
rec	FSCK2726.REC	Recovered FSCK/Unknown/FSCK2726.REC	unknown
rec	FSCK2727.REC	Recovered FSCK/Unknown/FSCK2727.REC	unknown
rec	FSCK2728.REC	Recovered FSCK/Unknown/FSCK2728.REC	unknown
rec	FSCK2729.REC	Recovered FSCK/Unknown/FSCK2729.REC	unknown
rec	FSCK2730.REC	Recovered FSCK/Unknown/FSCK2730.REC	unknown
rec	FSCK2731.REC	Recovered FSCK/Unknown/FSCK2731.REC	unknown
rec	FSCK2732.REC	Recovered FSCK/Unknown/FSCK2732.REC	unknown
rec	FSCK2733.REC	Recovered FSCK/Unknown/FSCK2733.REC	unknown
rec	FSCK2734.REC	Recovered FSCK/Unknown/FSCK2734.REC	unknown
rec	FSCK2735.REC	Recovered FSCK/Unknown/FSCK2735.REC	unknown
rec	FSCK2736.REC	Recovered FSCK/Unknown/FSCK2736.REC	unknown
rec	FSCK2737.REC	Recovered FSCK/Unknown/FSCK2737.REC	unknown
rec	FSCK2750.REC	Recovered FSCK/Playlists/FSCK2750.m3u	m3u
rec	FSCK2751.REC	Recovered FSCK/Unknown/FSCK2751.REC	unknown
rec	FSCK2752.REC	Recovered FSCK/Unknown/FSCK2752.REC	unknown
rec	FSCK2753.REC	Recovered FSCK/Unknown/FSCK2753.REC	unknown
rec	FSCK2754.REC	Recovered FSCK/Unknown/FSCK2754.REC	unknown
rec	FSCK2755.REC	Recovered FSCK/Unknown/FSCK2755.REC	unknown
rec	FSCK2756.REC	Recovered FSCK/Unknown/FSCK2756.REC	unknown
rec	FSCK2757.REC	Recovered FSCK/Unknown/FSCK2757.REC	unknown
rec	FSCK2758.REC	Recovered FSCK/Unknown/FSCK2758.REC	unknown
rec	FSCK2759.REC	Recovered FSCK/Unknown/FSCK2759.REC	unknown
rec	FSCK2760.REC	Recovered FSCK/Unknown/FSCK2760.REC	unknown
rec	FSCK2761.REC	Recovered FSCK/Unknown/FSCK2761.REC	unknown
rec	FSCK2762.REC	Recovered FSCK/Unknown/FSCK2762.REC	unknown
rec	FSCK2775.REC	Recovered FSCK/Playlists/FSCK2775.m3u	m3u
rec	FSCK2776.REC	Recovered FSCK/Unknown/FSCK2776.REC	unknown
rec	FSCK2777.REC	Recovered FSCK/Unknown/FSCK2777.REC	unknown
rec	FSCK2778.REC	Recovered FSCK/Unknown/FSCK2778.REC	unknown
rec	FSCK2779.REC	Recovered FSCK/Unknown/FSCK2779.REC	unknown
rec	FSCK2780.REC	Recovered FSCK/Unknown/FSCK2780.REC	unknown
rec	FSCK2781.REC	Recovered FSCK/Unknown/FSCK2781.REC	unknown
rec	FSCK2782.REC	Recovered FSCK/Unknown/FSCK2782.REC	unknown
rec	FSCK2783.REC	Recovered FSCK/Unknown/FSCK2783.REC	unknown
rec	FSCK2784.REC	Recovered FSCK/Unknown/FSCK2784.REC	unknown
rec	FSCK2785.REC	Recovered FSCK/Unknown/FSCK2785.REC	unknown
rec	FSCK2786.REC	Recovered FSCK/Unknown/FSCK2786.REC	unknown
rec	FSCK2787.REC	Recovered FSCK/Unknown/FSCK2787.REC	unknown
rec	FSCK2800.REC	Recovered FSCK/Playlists/FSCK2800.m3u	m3u
rec	FSCK2801.REC	Recovered FSCK/Unknown/FSCK2801.REC	unknown
rec	FSCK2802.REC	Recovered FSCK/Unknown/FSCK2802.REC	unknown
rec	FSCK2803.REC	Recovered FSCK/Unknown/FSCK2803.REC	unknown
rec	FSCK2804.REC	Recovered FSCK/Unknown/FSCK2804.REC	unknown
rec	FSCK2805.REC	Recovered FSCK/Unknown/FSCK2805.REC	unknown
rec	FSCK2806.REC	Recovered FSCK/Unknown/FSCK2806.REC	unknown
rec	FSCK2807.REC	Recovered FSCK/Unknown/FSCK2807.REC	unknown
rec	FSCK2808.REC	Recovered FSCK/Unknown/FSCK2808.REC	unknown
rec	FSCK2809.REC	Recovered FSCK/Unknown/FSCK2809.REC	unknown
rec	FSCK2810.REC	Recovered FSCK/Unknown/FSCK2810.REC	unknown
rec	FSCK2811.REC	Recovered FSCK/Unknown/FSCK2811.REC	unknown
rec	FSCK2812.REC	Recovered FSCK/Unknown/FSCK2812.REC	unknown
rec	FSCK2816.REC	Recovered FSCK/Playlists/FSCK2816.m3u	m3u
rec	FSCK2826.REC	Recovered FSCK/Unknown/FSCK2826.REC	unknown
rec	FSCK2827.REC	Recovered FSCK/Unknown/FSCK2827.REC	unknown
rec	FSCK2828.REC	Recovered FSCK/Unknown/FSCK2828.REC	unknown
rec	FSCK2829.REC	Recovered FSCK/Unknown/FSCK2829.REC	unknown
rec	FSCK2830.REC	Recovered FSCK/Unknown/FSCK2830.REC	unknown
rec	FSCK2831.REC	Recovered FSCK/Unknown/FSCK2831.REC	unknown
rec	FSCK2832.REC	Recovered FSCK/Unknown/FSCK2832.REC	unknown
rec	FSCK2833.REC	Recovered FSCK/Unknown/FSCK2833.REC	unknown
rec	FSCK2834.REC	Recovered FSCK/Unknown/FSCK2834.REC	unknown
rec	FSCK2835.REC	Recovered FSCK/Unknown/FSCK2835.REC	unknown
rec	FSCK2836.REC	Recovered FSCK/Unknown/FSCK2836.REC	unknown
rec	FSCK2837.REC	Recovered FSCK/Unknown/FSCK2837.REC	unknown
rec	FSCK2844.REC	Recovered FSCK/Playlists/FSCK2844.m3u	m3u
rec	FSCK2851.REC	Recovered FSCK/Unknown/FSCK2851.REC	unknown
rec	FSCK2852.REC	Recovered FSCK/Unknown/FSCK2852.REC	unknown
rec	FSCK2853.REC	Recovered FSCK/Unknown/FSCK2853.REC	unknown
rec	FSCK2854.REC	Recovered FSCK/Unknown/FSCK2854.REC	unknown
rec	FSCK2855.REC	Recovered FSCK/Unknown/FSCK2855.REC	unknown
rec	FSCK2856.REC	Recovered FSCK/Unknown/FSCK2856.REC	unknown
rec	FSCK2857.REC	Recovered FSCK/Unknown/FSCK2857.REC	unknown
rec	FSCK2858.REC	Recovered FSCK/Unknown/FSCK2858.REC	unknown
rec	FSCK2859.REC	Recovered FSCK/Unknown/FSCK2859.REC	unknown
rec	FSCK2860.REC	Recovered FSCK/Unknown/FSCK2860.REC	unknown
rec	FSCK2861.REC	Recovered FSCK/Unknown/FSCK2861.REC	unknown
rec	FSCK2862.REC	Recovered FSCK/Unknown/FSCK2862.REC	unknown
rec	FSCK2870.REC	Recovered FSCK/Playlists/FSCK2870.m3u	m3u
rec	FSCK2876.REC	Recovered FSCK/Unknown/FSCK2876.REC	unknown
rec	FSCK2877.REC	Recovered FSCK/Unknown/FSCK2877.REC	unknown
rec	FSCK2878.REC	Recovered FSCK/Unknown/FSCK2878.REC	unknown
rec	FSCK2879.REC	Recovered FSCK/Unknown/FSCK2879.REC	unknown
rec	FSCK2880.REC	Recovered FSCK/Unknown/FSCK2880.REC	unknown
rec	FSCK2881.REC	Recovered FSCK/Unknown/FSCK2881.REC	unknown
rec	FSCK2882.REC	Recovered FSCK/Unknown/FSCK2882.REC	unknown
rec	FSCK2883.REC	Recovered FSCK/Unknown/FSCK2883.REC	unknown
rec	FSCK2884.REC	Recovered FSCK/Unknown/FSCK2884.REC	unknown
rec	FSCK2885.REC	Recovered FSCK/Unknown/FSCK2885.REC	unknown
rec	FSCK2886.REC	Recovered FSCK/Unknown/FSCK2886.REC	unknown
rec	FSCK2887.REC	Recovered FSCK/Unknown/FSCK2887.REC	unknown
rec	FSCK2897.REC	Recovered FSCK/Playlists/FSCK2897.m3u	m3u
rec	FSCK2901.REC	Recovered FSCK/Unknown/FSCK2901.REC	unknown
rec	FSCK2902.REC	Recovered FSCK/Unknown/FSCK2902.REC	unknown
rec	FSCK2903.REC	Recovered FSCK/Unknown/FSCK2903.REC	unknown
rec	FSCK2904.REC	Recovered FSCK/Unknown/FSCK2904.REC	unknown
rec	FSCK2905.REC	Recovered FSCK/Unknown/FSCK2905.REC	unknown
rec	FSCK2906.REC	Recovered FSCK/Unknown/FSCK2906.REC	unknown
rec	FSCK2907.REC	Recovered FSCK/Unknown/FSCK2907.REC	unknown
rec	FSCK2908.REC	Recovered FSCK/Unknown/FSCK2908.REC	unknown
rec	FSCK2909.REC	Recovered FSCK/Unknown/FSCK2909.REC	unknown
rec	FSCK2910.REC	Recovered FSCK/Unknown/FSCK2910.REC	unknown
rec	FSCK2911.REC	Recovered FSCK/Unknown/FSCK2911.REC	unknown
rec	FSCK2912.REC	Recovered FSCK/Unknown/FSCK2912.REC	unknown
rec	FSCK2918.REC	Recovered FSCK/Playlists/FSCK2918.m3u	m3u
rec	FSCK2926.REC	Recovered FSCK/Unknown/FSCK2926.REC	unknown
rec	FSCK2927.REC	Recovered FSCK/Unknown/FSCK2927.REC	unknown
rec	FSCK2928.REC	Recovered FSCK/Unknown/FSCK2928.REC	unknown
rec	FSCK2929.REC	Recovered FSCK/Unknown/FSCK2929.REC	unknown
rec	FSCK2930.REC	Recovered FSCK/Unknown/FSCK2930.REC	unknown
rec	FSCK2931.REC	Recovered FSCK/Unknown/FSCK2931.REC	unknown
rec	FSCK2932.REC	Recovered FSCK/Unknown/FSCK2932.REC	unknown
rec	FSCK2933.REC	Recovered FSCK/Unknown/FSCK2933.REC	unknown
rec	FSCK2934.REC	Recovered FSCK/Unknown/FSCK2934.REC	unknown
rec	FSCK2935.REC	Recovered FSCK/Unknown/FSCK2935.REC	unknown
rec	FSCK2936.REC	Recovered FSCK/Unknown/FSCK2936.REC	unknown
rec	FSCK2937.REC	Recovered FSCK/Unknown/FSCK2937.REC	unknown
rec	FSCK2950.REC	Recovered FSCK/Playlists/FSCK2950.m3u	m3u
rec	FSCK2951.REC	Recovered FSCK/Unknown/FSCK2951.REC	unknown
rec	FSCK2952.REC	Recovered FSCK/Unknown/FSCK2952.REC	unknown
rec	FSCK2953.REC	Recovered FSCK/Unknown/FSCK2953.REC	unknown
rec	FSCK2954.REC	Recovered FSCK/Unknown/FSCK2954.REC	unknown
rec	FSCK2955.REC	Recovered FSCK/Unknown/FSCK2955.REC	unknown
rec	FSCK2956.REC	Recovered FSCK/Unknown/FSCK2956.REC	unknown
rec	FSCK2957.REC	Recovered FSCK/Unknown/FSCK2957.REC	unknown
rec	FSCK2958.REC	Recovered FSCK/Unknown/FSCK2958.REC	unknown
rec	FSCK2959.REC	Recovered FSCK/Unknown/FSCK2959.REC	unknown
rec	FSCK2960.REC	Recovered FSCK/Unknown/FSCK2960.REC	unknown
rec	FSCK2961.REC	Recovered FSCK/Unknown/FSCK2961.REC	unknown
rec	FSCK2962.REC	Recovered FSCK/Unknown/FSCK2962.REC	unknown
rec	FSCK2973.REC	Recovered FSCK/Playlists/FSCK2973.m3u	m3u
rec	FSCK2976.REC	Recovered FSCK/Unknown/FSCK2976.REC	unknown
rec	FSCK2977.REC	Recovered FSCK/Unknown/FSCK2977.REC	unknown
rec	FSCK2978.REC	Recovered FSCK/Unknown/FSCK2978.REC	unknown
rec	FSCK2979.REC	Recovered FSCK/Unknown/FSCK2979.REC	unknown
rec	FSCK2980.REC	Recovered FSCK/Unknown/FSCK2980.REC	unknown
rec	FSCK2981.REC	Recovered FSCK/Unknown/FSCK2981.REC	unknown
rec	FSCK2982.REC	Recovered FSCK/Unknown/FSCK2982.REC	unknown
rec	FSCK2983.REC	Recovered FSCK/Unknown/FSCK2983.REC	unknown
rec	FSCK2984.REC	Recovered FSCK/Unknown/FSCK2984.REC	unknown
rec	FSCK2985.REC	Recovered FSCK/Unknown/FSCK2985.REC	unknown
rec	FSCK2986.REC	Recovered FSCK/Unknown/FSCK2986.REC	unknown
rec	FSCK2987.REC	Recovered FSCK/Unknown/FSCK2987.REC	unknown
rec	FSCK3000.REC	Recovered FSCK/Playlists/FSCK3000.m3u	m3u
rec	FSCK3001.REC	Recovered FSCK/Unknown/FSCK3001.REC	unknown
rec	FSCK3002.REC	Recovered FSCK/Unknown/FSCK3002.REC	unknown
rec	FSCK3003.REC	Recovered FSCK/Unknown/FSCK3003.REC	unknown
rec	FSCK3004.REC	Recovered FSCK/Unknown/FSCK3004.REC	unknown
rec	FSCK3005.REC	Recovered FSCK/Unknown/FSCK3005.REC	unknown
rec	FSCK3006.REC	Recovered FSCK/Unknown/FSCK3006.REC	unknown
rec	FSCK3007.REC	Recovered FSCK/Unknown/FSCK3007.REC	unknown
rec	FSCK3008.REC	Recovered FSCK/Unknown/FSCK3008.REC	unknown
rec	FSCK3009.REC	Recovered FSCK/Unknown/FSCK3009.REC	unknown
rec	FSCK3010.REC	Recovered FSCK/Unknown/FSCK3010.REC	unknown
rec	FSCK3011.REC	Recovered FSCK/Unknown/FSCK3011.REC	unknown
rec	FSCK3012.REC	Recovered FSCK/Unknown/FSCK3012.REC	unknown
rec	FSCK3013.REC	Recovered FSCK/Images/FSCK3013.jpg	jpeg
rec	FSCK3026.REC	Recovered FSCK/Playlists/FSCK3026.m3u	m3u
rec	FSCK3027.REC	Recovered FSCK/Unknown/FSCK3027.REC	unknown
rec	FSCK3028.REC	Recovered FSCK/Unknown/FSCK3028.REC	unknown
rec	FSCK3029.REC	Recovered FSCK/Unknown/FSCK3029.REC	unknown
rec	FSCK3030.REC	Recovered FSCK/Unknown/FSCK3030.REC	unknown
rec	FSCK3031.REC	Recovered FSCK/Unknown/FSCK3031.REC	unknown
rec	FSCK3032.REC	Recovered FSCK/Unknown/FSCK3032.REC	unknown
rec	FSCK3033.REC	Recovered FSCK/Unknown/FSCK3033.REC	unknown
rec	FSCK3034.REC	Recovered FSCK/Unknown/FSCK3034.REC	unknown
rec	FSCK3035.REC	Recovered FSCK/Unknown/FSCK3035.REC	unknown
rec	FSCK3036.REC	Recovered FSCK/Unknown/FSCK3036.REC	unknown
rec	FSCK3037.REC	Recovered FSCK/Unknown/FSCK3037.REC	unknown
rec	FSCK3038.REC	Recovered FSCK/Unknown/FSCK3038.REC	unknown
rec	FSCK3043.REC	Recovered FSCK/Playlists/FSCK3043.m3u	m3u
rec	FSCK3051.REC	Recovered FSCK/Unknown/FSCK3051.REC	unknown
rec	FSCK3052.REC	Recovered FSCK/Unknown/FSCK3052.REC	unknown
rec	FSCK3053.REC	Recovered FSCK/Unknown/FSCK3053.REC	unknown
rec	FSCK3054.REC	Recovered FSCK/Unknown/FSCK3054.REC	unknown
rec	FSCK3055.REC	Recovered FSCK/Unknown/FSCK3055.REC	unknown
rec	FSCK3056.REC	Recovered FSCK/Unknown/FSCK3056.REC	unknown
rec	FSCK3057.REC	Recovered FSCK/Unknown/FSCK3057.REC	unknown
rec	FSCK3058.REC	Recovered FSCK/Unknown/FSCK3058.REC	unknown
rec	FSCK3059.REC	Recovered FSCK/Unknown/FSCK3059.REC	unknown
rec	FSCK3060.REC	Recovered FSCK/Unknown/FSCK3060.REC	unknown
rec	FSCK3061.REC	Recovered FSCK/Unknown/FSCK3061.REC	unknown
rec	FSCK3062.REC	Recovered FSCK/Unknown/FSCK3062.REC	unknown
rec	FSCK3075.REC	Recovered FSCK/Unknown/FSCK3075.REC	unknown
rec	FSCK3076.REC	Recovered FSCK/Unknown/FSCK3076.REC	unknown
rec	FSCK3077.REC	Recovered FSCK/Unknown/FSCK3077.REC	unknown
rec	FSCK3078.REC	Recovered FSCK/Unknown/FSCK3078.REC	unknown
rec	FSCK3079.REC	Recovered FSCK/Unknown/FSCK3079.REC	unknown
rec	FSCK3080.REC	Recovered FSCK/Unknown/FSCK3080.REC	unknown
rec	FSCK3081.REC	Recovered FSCK/Unknown/FSCK3081.REC	unknown
rec	FSCK3082.REC	Recovered FSCK/Unknown/FSCK3082.REC	unknown
rec	FSCK3083.REC	Recovered FSCK/Unknown/FSCK3083.REC	unknown
rec	FSCK3084.REC	Recovered FSCK/Unknown/FSCK3084.REC	unknown
rec	FSCK3085.REC	Recovered FSCK/Unknown/FSCK3085.REC	unknown
rec	FSCK3086.REC	Recovered FSCK/Unknown/FSCK3086.REC	unknown
rec	FSCK3088.REC	Recovered FSCK/Images/FSCK3088.jpg	jpeg
rec	FSCK3089.REC	Recovered FSCK/Unknown/FSCK3089.REC	unknown
rec	FSCK3090.REC	Recovered FSCK/Unknown/FSCK3090.REC	unknown
rec	FSCK3091.REC	Recovered FSCK/Unknown/FSCK3091.REC	unknown
rec	FSCK3092.REC	Recovered FSCK/Unknown/FSCK3092.REC	unknown
rec	FSCK3093.REC	Recovered FSCK/Unknown/FSCK3093.REC	unknown
rec	FSCK3094.REC	Recovered FSCK/Unknown/FSCK3094.REC	unknown
rec	FSCK3095.REC	Recovered FSCK/Unknown/FSCK3095.REC	unknown
rec	FSCK3096.REC	Recovered FSCK/Unknown/FSCK3096.REC	unknown
rec	FSCK3097.REC	Recovered FSCK/Unknown/FSCK3097.REC	unknown
rec	FSCK3098.REC	Recovered FSCK/Unknown/FSCK3098.REC	unknown
rec	FSCK3099.REC	Recovered FSCK/Unknown/FSCK3099.REC	unknown
rec	FSCK3100.REC	Recovered FSCK/Unknown/FSCK3100.REC	unknown
rec	FSCK3101.REC	Recovered FSCK/Unknown/FSCK3101.REC	unknown
rec	FSCK3102.REC	Recovered FSCK/Unknown/FSCK3102.REC	unknown
rec	FSCK3103.REC	Recovered FSCK/Unknown/FSCK3103.REC	unknown
rec	FSCK3104.REC	Recovered FSCK/Unknown/FSCK3104.REC	unknown
rec	FSCK3105.REC	Recovered FSCK/Unknown/FSCK3105.REC	unknown
rec	FSCK3106.REC	Recovered FSCK/Unknown/FSCK3106.REC	unknown
rec	FSCK3107.REC	Recovered FSCK/Unknown/FSCK3107.REC	unknown
rec	FSCK3108.REC	Recovered FSCK/Unknown/FSCK3108.REC	unknown
rec	FSCK3109.REC	Recovered FSCK/Unknown/FSCK3109.REC	unknown
rec	FSCK3110.REC	Recovered FSCK/Unknown/FSCK3110.REC	unknown
rec	FSCK3111.REC	Recovered FSCK/Unknown/FSCK3111.REC	unknown
rec	FSCK3112.REC	Recovered FSCK/Unknown/FSCK3112.REC	unknown
rec	FSCK3113.REC	Recovered FSCK/Images/FSCK3113.jpg	jpeg
rec	FSCK3114.REC	Recovered FSCK/Unknown/FSCK3114.REC	unknown
rec	FSCK3115.REC	Recovered FSCK/Unknown/FSCK3115.REC	unknown
rec	FSCK3116.REC	Recovered FSCK/Unknown/FSCK3116.REC	unknown
rec	FSCK3117.REC	Recovered FSCK/Unknown/FSCK3117.REC	unknown
rec	FSCK3118.REC	Recovered FSCK/Unknown/FSCK3118.REC	unknown
rec	FSCK3119.REC	Recovered FSCK/Unknown/FSCK3119.REC	unknown
rec	FSCK3120.REC	Recovered FSCK/Unknown/FSCK3120.REC	unknown
rec	FSCK3121.REC	Recovered FSCK/Unknown/FSCK3121.REC	unknown
rec	FSCK3122.REC	Recovered FSCK/Unknown/FSCK3122.REC	unknown
rec	FSCK3123.REC	Recovered FSCK/Unknown/FSCK3123.REC	unknown
rec	FSCK3124.REC	Recovered FSCK/Unknown/FSCK3124.REC	unknown
rec	FSCK3125.REC	Recovered FSCK/Unknown/FSCK3125.REC	unknown
rec	FSCK3126.REC	Recovered FSCK/Unknown/FSCK3126.REC	unknown
rec	FSCK3127.REC	Recovered FSCK/Unknown/FSCK3127.REC	unknown
rec	FSCK3128.REC	Recovered FSCK/Unknown/FSCK3128.REC	unknown
rec	FSCK3129.REC	Recovered FSCK/Unknown/FSCK3129.REC	unknown
rec	FSCK3130.REC	Recovered FSCK/Unknown/FSCK3130.REC	unknown
rec	FSCK3131.REC	Recovered FSCK/Unknown/FSCK3131.REC	unknown
rec	FSCK3132.REC	Recovered FSCK/Unknown/FSCK3132.REC	unknown
rec	FSCK3133.REC	Recovered FSCK/Unknown/FSCK3133.REC	unknown
rec	FSCK3134.REC	Recovered FSCK/Unknown/FSCK3134.REC	unknown
rec	FSCK3135.REC	Recovered FSCK/Unknown/FSCK3135.REC	unknown
rec	FSCK3136.REC	Recovered FSCK/Unknown/FSCK3136.REC	unknown
rec	FSCK3137.REC	Recovered FSCK/Unknown/FSCK3137.REC	unknown
rec	FSCK3145.REC	Recovered FSCK/Playlists/FSCK3145.m3u	m3u
rec	FSCK3150.REC	Recovered FSCK/Unknown/FSCK3150.REC	unknown
rec	FSCK3151.REC	Recovered FSCK/Unknown/FSCK3151.REC	unknown
rec	FSCK3152.REC	Recovered FSCK/Unknown/FSCK3152.REC	unknown
rec	FSCK3153.REC	Recovered FSCK/Unknown/FSCK3153.REC	unknown
rec	FSCK3154.REC	Recovered FSCK/Unknown/FSCK3154.REC	unknown
rec	FSCK3155.REC	Recovered FSCK/Unknown/FSCK3155.REC	unknown
rec	FSCK3156.REC	Recovered FSCK/Unknown/FSCK3156.REC	unknown
rec	FSCK3157.REC	Recovered FSCK/Unknown/FSCK3157.REC	unknown
rec	FSCK3158.REC	Recovered FSCK/Unknown/FSCK3158.REC	unknown
rec	FSCK3159.REC	Recovered FSCK/Unknown/FSCK3159.REC	unknown
rec	FSCK3160.REC	Recovered FSCK/Unknown/FSCK3160.REC	unknown
rec	FSCK3168.REC	Recovered FSCK/Playlists/FSCK3168.m3u	m3u
rec	FSCK3173.REC	Recovered FSCK/Unknown/FSCK3173.REC	unknown
rec	FSCK3174.REC	Recovered FSCK/Unknown/FSCK3174.REC	unknown
rec	FSCK3175.REC	Recovered FSCK/Unknown/FSCK3175.REC	unknown
rec	FSCK3176.REC	Recovered FSCK/Unknown/FSCK3176.REC	unknown
rec	FSCK3177.REC	Recovered FSCK/Unknown/FSCK3177.REC	unknown
rec	FSCK3178.REC	Recovered FSCK/Unknown/FSCK3178.REC	unknown
rec	FSCK3179.REC	Recovered FSCK/Unknown/FSCK3179.REC	unknown
rec	FSCK3180.REC	Recovered FSCK/Unknown/FSCK3180.REC	unknown
rec	FSCK3181.REC	Recovered FSCK/Unknown/FSCK3181.REC	unknown
rec	FSCK3182.REC	Recovered FSCK/Unknown/FSCK3182.REC	unknown
rec	FSCK3183.REC	Recovered FSCK/Unknown/FSCK3183.REC	unknown
rec	FSCK3187.REC	Recovered FSCK/Playlists/FSCK3187.m3u	m3u
rec	FSCK3196.REC	Recovered FSCK/Unknown/FSCK3196.REC	unknown
rec	FSCK3197.REC	Recovered FSCK/Unknown/FSCK3197.REC	unknown
rec	FSCK3198.REC	Recovered FSCK/Unknown/FSCK3198.REC	unknown
rec	FSCK3199.REC	Recovered FSCK/Unknown/FSCK3199.REC	unknown
rec	FSCK3200.REC	Recovered FSCK/Unknown/FSCK3200.REC	unknown
rec	FSCK3201.REC	Recovered FSCK/Unknown/FSCK3201.REC	unknown
rec	FSCK3202.REC	Recovered FSCK/Unknown/FSCK3202.REC	unknown
rec	FSCK3203.REC	Recovered FSCK/Unknown/FSCK3203.REC	unknown
rec	FSCK3204.REC	Recovered FSCK/Unknown/FSCK3204.REC	unknown
rec	FSCK3205.REC	Recovered FSCK/Unknown/FSCK3205.REC	unknown
rec	FSCK3206.REC	Recovered FSCK/Unknown/FSCK3206.REC	unknown
rec	FSCK3211.REC	Recovered FSCK/Unknown/FSCK3211.REC	unknown
rec	FSCK3213.REC	Recovered FSCK/Unknown/FSCK3213.REC	unknown
rec	FSCK3215.REC	Recovered FSCK/Unknown/FSCK3215.REC	unknown
rec	FSCK3217.REC	Recovered FSCK/Unknown/FSCK3217.REC	unknown
rec	FSCK3219.REC	Recovered FSCK/Unknown/FSCK3219.REC	unknown
rec	FSCK3221.REC	Recovered FSCK/Unknown/FSCK3221.REC	unknown
rec	FSCK3224.REC	Recovered FSCK/Unknown/FSCK3224.REC	unknown
rec	FSCK3226.REC	Recovered FSCK/Unknown/FSCK3226.REC	unknown
rec	FSCK3227.REC	Recovered FSCK/Unknown/FSCK3227.REC	unknown
rec	FSCK3228.REC	Recovered FSCK/Unknown/FSCK3228.REC	unknown
rec	FSCK3240.REC	Recovered FSCK/Playlists/FSCK3240.m3u	m3u
rec	FSCK3241.REC	Recovered FSCK/Unknown/FSCK3241.REC	unknown
rec	FSCK3242.REC	Recovered FSCK/Unknown/FSCK3242.REC	unknown
rec	FSCK3243.REC	Recovered FSCK/Unknown/FSCK3243.REC	unknown
rec	FSCK3244.REC	Recovered FSCK/Unknown/FSCK3244.REC	unknown
rec	FSCK3245.REC	Recovered FSCK/Unknown/FSCK3245.REC	unknown
rec	FSCK3246.REC	Recovered FSCK/Unknown/FSCK3246.REC	unknown
rec	FSCK3247.REC	Recovered FSCK/Unknown/FSCK3247.REC	unknown
rec	FSCK3248.REC	Recovered FSCK/Unknown/FSCK3248.REC	unknown
rec	FSCK3249.REC	Recovered FSCK/Unknown/FSCK3249.REC	unknown
rec	FSCK3250.REC	Recovered FSCK/Unknown/FSCK3250.REC	unknown
rec	FSCK3251.REC	Recovered FSCK/Unknown/FSCK3251.REC	unknown
rec	FSCK3263.REC	Recovered FSCK/Playlists/FSCK3263.m3u	m3u
rec	FSCK3264.REC	Recovered FSCK/Unknown/FSCK3264.REC	unknown
rec	FSCK3265.REC	Recovered FSCK/Unknown/FSCK3265.REC	unknown
rec	FSCK3266.REC	Recovered FSCK/Unknown/FSCK3266.REC	unknown
rec	FSCK3267.REC	Recovered FSCK/Unknown/FSCK3267.REC	unknown
rec	FSCK3268.REC	Recovered FSCK/Unknown/FSCK3268.REC	unknown
rec	FSCK3269.REC	Recovered FSCK/Unknown/FSCK3269.REC	unknown
rec	FSCK3270.REC	Recovered FSCK/Unknown/FSCK3270.REC	unknown
rec	FSCK3271.REC	Recovered FSCK/Unknown/FSCK3271.REC	unknown
rec	FSCK3272.REC	Recovered FSCK/Unknown/FSCK3272.REC	unknown
rec	FSCK3273.REC	Recovered FSCK/Unknown/FSCK3273.REC	unknown
rec	FSCK3274.REC	Recovered FSCK/Unknown/FSCK3274.REC	unknown
rec	FSCK3279.REC	Recovered FSCK/Playlists/FSCK3279.m3u	m3u
rec	FSCK3286.REC	Recovered FSCK/Unknown/FSCK3286.REC	unknown
rec	FSCK3287.REC	Recovered FSCK/Unknown/FSCK3287.REC	unknown
rec	FSCK3288.REC	Recovered FSCK/Unknown/FSCK3288.REC	unknown
rec	FSCK3289.REC	Recovered FSCK/Unknown/FSCK3289.REC	unknown
rec	FSCK3290.REC	Recovered FSCK/Unknown/FSCK3290.REC	unknown
rec	FSCK3291.REC	Recovered FSCK/Unknown/FSCK3291.REC	unknown
rec	FSCK3292.REC	Recovered FSCK/Unknown/FSCK3292.REC	unknown
rec	FSCK3293.REC	Recovered FSCK/Unknown/FSCK3293.REC	unknown
rec	FSCK3294.REC	Recovered FSCK/Unknown/FSCK3294.REC	unknown
rec	FSCK3295.REC	Recovered FSCK/Unknown/FSCK3295.REC	unknown
rec	FSCK3296.REC	Recovered FSCK/Unknown/FSCK3296.REC	unknown
rec	FSCK3305.REC	Recovered FSCK/Playlists/FSCK3305.m3u	m3u
rec	FSCK3310.REC	Recovered FSCK/Unknown/FSCK3310.REC	unknown
rec	FSCK3311.REC	Recovered FSCK/Unknown/FSCK3311.REC	unknown
rec	FSCK3312.REC	Recovered FSCK/Unknown/FSCK3312.REC	unknown
rec	FSCK3313.REC	Recovered FSCK/Unknown/FSCK3313.REC	unknown
rec	FSCK3314.REC	Recovered FSCK/Unknown/FSCK3314.REC	unknown
rec	FSCK3315.REC	Recovered FSCK/Unknown/FSCK3315.REC	unknown
rec	FSCK3316.REC	Recovered FSCK/Unknown/FSCK3316.REC	unknown
rec	FSCK3317.REC	Recovered FSCK/Unknown/FSCK3317.REC	unknown
rec	FSCK3318.REC	Recovered FSCK/Unknown/FSCK3318.REC	unknown
rec	FSCK3319.REC	Recovered FSCK/Unknown/FSCK3319.REC	unknown
rec	FSCK3320.REC	Recovered FSCK/Unknown/FSCK3320.REC	unknown
rec	FSCK3329.REC	Recovered FSCK/Playlists/FSCK3329.m3u	m3u
rec	FSCK3333.REC	Recovered FSCK/Unknown/FSCK3333.REC	unknown
rec	FSCK3334.REC	Recovered FSCK/Unknown/FSCK3334.REC	unknown
rec	FSCK3335.REC	Recovered FSCK/Unknown/FSCK3335.REC	unknown
rec	FSCK3336.REC	Recovered FSCK/Unknown/FSCK3336.REC	unknown
rec	FSCK3337.REC	Recovered FSCK/Unknown/FSCK3337.REC	unknown
rec	FSCK3338.REC	Recovered FSCK/Unknown/FSCK3338.REC	unknown
rec	FSCK3339.REC	Recovered FSCK/Unknown/FSCK3339.REC	unknown
rec	FSCK3340.REC	Recovered FSCK/Unknown/FSCK3340.REC	unknown
rec	FSCK3341.REC	Recovered FSCK/Unknown/FSCK3341.REC	unknown
rec	FSCK3342.REC	Recovered FSCK/Unknown/FSCK3342.REC	unknown
rec	FSCK3343.REC	Recovered FSCK/Unknown/FSCK3343.REC	unknown
rec	FSCK3354.REC	Recovered FSCK/Playlists/FSCK3354.m3u	m3u
rec	FSCK3356.REC	Recovered FSCK/Unknown/FSCK3356.REC	unknown
rec	FSCK3357.REC	Recovered FSCK/Unknown/FSCK3357.REC	unknown
rec	FSCK3358.REC	Recovered FSCK/Unknown/FSCK3358.REC	unknown
rec	FSCK3359.REC	Recovered FSCK/Unknown/FSCK3359.REC	unknown
rec	FSCK3360.REC	Recovered FSCK/Unknown/FSCK3360.REC	unknown
rec	FSCK3361.REC	Recovered FSCK/Unknown/FSCK3361.REC	unknown
rec	FSCK3362.REC	Recovered FSCK/Unknown/FSCK3362.REC	unknown
rec	FSCK3363.REC	Recovered FSCK/Unknown/FSCK3363.REC	unknown
rec	FSCK3364.REC	Recovered FSCK/Unknown/FSCK3364.REC	unknown
rec	FSCK3365.REC	Recovered FSCK/Unknown/FSCK3365.REC	unknown
rec	FSCK3366.REC	Recovered FSCK/Unknown/FSCK3366.REC	unknown
rec	FSCK3378.REC	Recovered FSCK/Playlists/FSCK3378.m3u	m3u
rec	FSCK3379.REC	Recovered FSCK/Unknown/FSCK3379.REC	unknown
rec	FSCK3380.REC	Recovered FSCK/Unknown/FSCK3380.REC	unknown
rec	FSCK3381.REC	Recovered FSCK/Unknown/FSCK3381.REC	unknown
rec	FSCK3382.REC	Recovered FSCK/Unknown/FSCK3382.REC	unknown
rec	FSCK3383.REC	Recovered FSCK/Unknown/FSCK3383.REC	unknown
rec	FSCK3384.REC	Recovered FSCK/Unknown/FSCK3384.REC	unknown
rec	FSCK3385.REC	Recovered FSCK/Unknown/FSCK3385.REC	unknown
rec	FSCK3386.REC	Recovered FSCK/Unknown/FSCK3386.REC	unknown
rec	FSCK3387.REC	Recovered FSCK/Unknown/FSCK3387.REC	unknown
rec	FSCK3388.REC	Recovered FSCK/Unknown/FSCK3388.REC	unknown
rec	FSCK3389.REC	Recovered FSCK/Unknown/FSCK3389.REC	unknown
rec	FSCK3401.REC	Recovered FSCK/Playlists/FSCK3401.m3u	m3u
rec	FSCK3402.REC	Recovered FSCK/Unknown/FSCK3402.REC	unknown
rec	FSCK3403.REC	Recovered FSCK/Unknown/FSCK3403.REC	unknown
rec	FSCK3404.REC	Recovered FSCK/Unknown/FSCK3404.REC	unknown
rec	FSCK3405.REC	Recovered FSCK/Unknown/FSCK3405.REC	unknown
rec	FSCK3406.REC	Recovered FSCK/Unknown/FSCK3406.REC	unknown
rec	FSCK3407.REC	Recovered FSCK/Unknown/FSCK3407.REC	unknown
rec	FSCK3408.REC	Recovered FSCK/Unknown/FSCK3408.REC	unknown
rec	FSCK3409.REC	Recovered FSCK/Unknown/FSCK3409.REC	unknown
rec	FSCK3410.REC	Recovered FSCK/Unknown/FSCK3410.REC	unknown
rec	FSCK3411.REC	Recovered FSCK/Unknown/FSCK3411.REC	unknown
rec	FSCK3412.REC	Recovered FSCK/Unknown/FSCK3412.REC	unknown
rec	FSCK3418.REC	Recovered FSCK/Playlists/FSCK3418.m3u	m3u
rec	FSCK3424.REC	Recovered FSCK/Unknown/FSCK3424.REC	unknown
rec	FSCK3425.REC	Recovered FSCK/Unknown/FSCK3425.REC	unknown
rec	FSCK3426.REC	Recovered FSCK/Unknown/FSCK3426.REC	unknown
rec	FSCK3427.REC	Recovered FSCK/Unknown/FSCK3427.REC	unknown
rec	FSCK3428.REC	Recovered FSCK/Unknown/FSCK3428.REC	unknown
rec	FSCK3429.REC	Recovered FSCK/Unknown/FSCK3429.REC	unknown
rec	FSCK3430.REC	Recovered FSCK/Unknown/FSCK3430.REC	unknown
rec	FSCK3431.REC	Recovered FSCK/Unknown/FSCK3431.REC	unknown
rec	FSCK3432.REC	Recovered FSCK/Unknown/FSCK3432.REC	unknown
rec	FSCK3433.REC	Recovered FSCK/Unknown/FSCK3433.REC	unknown
rec	FSCK3434.REC	Recovered FSCK/Unknown/FSCK3434.REC	unknown
rec	FSCK3436.REC	Recovered FSCK/Images/FSCK3436.jpg	jpeg
rec	FSCK3437.REC	Recovered FSCK/Unknown/FSCK3437.REC	unknown
rec	FSCK3438.REC	Recovered FSCK/Unknown/FSCK3438.REC	unknown
rec	FSCK3439.REC	Recovered FSCK/Unknown/FSCK3439.REC	unknown
rec	FSCK3440.REC	Recovered FSCK/Unknown/FSCK3440.REC	unknown
rec	FSCK3441.REC	Recovered FSCK/Unknown/FSCK3441.REC	unknown
rec	FSCK3442.REC	Recovered FSCK/Unknown/FSCK3442.REC	unknown
rec	FSCK3443.REC	Recovered FSCK/Unknown/FSCK3443.REC	unknown
rec	FSCK3444.REC	Recovered FSCK/Unknown/FSCK3444.REC	unknown
rec	FSCK3445.REC	Recovered FSCK/Unknown/FSCK3445.REC	unknown
rec	FSCK3446.REC	Recovered FSCK/Unknown/FSCK3446.REC	unknown
rec	FSCK3447.REC	Recovered FSCK/Unknown/FSCK3447.REC	unknown
rec	FSCK3448.REC	Recovered FSCK/Unknown/FSCK3448.REC	unknown
rec	FSCK3449.REC	Recovered FSCK/Unknown/FSCK3449.REC	unknown
rec	FSCK3450.REC	Recovered FSCK/Unknown/FSCK3450.REC	unknown
rec	FSCK3451.REC	Recovered FSCK/Unknown/FSCK3451.REC	unknown
rec	FSCK3452.REC	Recovered FSCK/Unknown/FSCK3452.REC	unknown
rec	FSCK3453.REC	Recovered FSCK/Unknown/FSCK3453.REC	unknown
rec	FSCK3454.REC	Recovered FSCK/Unknown/FSCK3454.REC	unknown
rec	FSCK3455.REC	Recovered FSCK/Unknown/FSCK3455.REC	unknown
rec	FSCK3456.REC	Recovered FSCK/Unknown/FSCK3456.REC	unknown
rec	FSCK3457.REC	Recovered FSCK/Unknown/FSCK3457.REC	unknown
rec	FSCK3458.REC	Recovered FSCK/Unknown/FSCK3458.REC	unknown
rec	FSCK3470.REC	Recovered FSCK/Unknown/FSCK3470.REC	unknown
rec	FSCK3471.REC	Recovered FSCK/Unknown/FSCK3471.REC	unknown
rec	FSCK3472.REC	Recovered FSCK/Unknown/FSCK3472.REC	unknown
rec	FSCK3473.REC	Recovered FSCK/Unknown/FSCK3473.REC	unknown
rec	FSCK3474.REC	Recovered FSCK/Unknown/FSCK3474.REC	unknown
rec	FSCK3475.REC	Recovered FSCK/Unknown/FSCK3475.REC	unknown
rec	FSCK3476.REC	Recovered FSCK/Unknown/FSCK3476.REC	unknown
rec	FSCK3477.REC	Recovered FSCK/Unknown/FSCK3477.REC	unknown
rec	FSCK3478.REC	Recovered FSCK/Unknown/FSCK3478.REC	unknown
rec	FSCK3479.REC	Recovered FSCK/Unknown/FSCK3479.REC	unknown
rec	FSCK3480.REC	Recovered FSCK/Unknown/FSCK3480.REC	unknown
rec	FSCK3492.REC	Recovered FSCK/Unknown/FSCK3492.REC	unknown
rec	FSCK3493.REC	Recovered FSCK/Unknown/FSCK3493.REC	unknown
rec	FSCK3494.REC	Recovered FSCK/Unknown/FSCK3494.REC	unknown
rec	FSCK3495.REC	Recovered FSCK/Unknown/FSCK3495.REC	unknown
rec	FSCK3496.REC	Recovered FSCK/Unknown/FSCK3496.REC	unknown
rec	FSCK3497.REC	Recovered FSCK/Unknown/FSCK3497.REC	unknown
rec	FSCK3498.REC	Recovered FSCK/Unknown/FSCK3498.REC	unknown
rec	FSCK3499.REC	Recovered FSCK/Unknown/FSCK3499.REC	unknown
rec	FSCK3500.REC	Recovered FSCK/Unknown/FSCK3500.REC	unknown
rec	FSCK3501.REC	Recovered FSCK/Unknown/FSCK3501.REC	unknown
rec	FSCK3502.REC	Recovered FSCK/Unknown/FSCK3502.REC	unknown
rec	FSCK3503.REC	Recovered FSCK/Images/FSCK3503.jpg	jpeg
rec	FSCK3504.REC	Recovered FSCK/Unknown/FSCK3504.REC	unknown
rec	FSCK3505.REC	Recovered FSCK/Unknown/FSCK3505.REC	unknown
rec	FSCK3506.REC	Recovered FSCK/Unknown/FSCK3506.REC	unknown
rec	FSCK3507.REC	Recovered FSCK/Unknown/FSCK3507.REC	unknown
rec	FSCK3508.REC	Recovered FSCK/Unknown/FSCK3508.REC	unknown
rec	FSCK3509.REC	Recovered FSCK/Unknown/FSCK3509.REC	unknown
rec	FSCK3510.REC	Recovered FSCK/Unknown/FSCK3510.REC	unknown
rec	FSCK3511.REC	Recovered FSCK/Unknown/FSCK3511.REC	unknown
rec	FSCK3512.REC	Recovered FSCK/Unknown/FSCK3512.REC	unknown
rec	FSCK3513.REC	Recovered FSCK/Unknown/FSCK3513.REC	unknown
rec	FSCK3514.REC	Recovered FSCK/Unknown/FSCK3514.REC	unknown
rec	FSCK3515.REC	Recovered FSCK/Unknown/FSCK3515.REC	unknown
rec	FSCK3516.REC	Recovered FSCK/Unknown/FSCK3516.REC	unknown
rec	FSCK3517.REC	Recovered FSCK/Unknown/FSCK3517.REC	unknown
rec	FSCK3518.REC	Recovered FSCK/Unknown/FSCK3518.REC	unknown
rec	FSCK3519.REC	Recovered FSCK/Unknown/FSCK3519.REC	unknown
rec	FSCK3520.REC	Recovered FSCK/Unknown/FSCK3520.REC	unknown
rec	FSCK3521.REC	Recovered FSCK/Unknown/FSCK3521.REC	unknown
rec	FSCK3522.REC	Recovered FSCK/Unknown/FSCK3522.REC	unknown
rec	FSCK3523.REC	Recovered FSCK/Unknown/FSCK3523.REC	unknown
rec	FSCK3524.REC	Recovered FSCK/Unknown/FSCK3524.REC	unknown
rec	FSCK3525.REC	Recovered FSCK/Unknown/FSCK3525.REC	unknown
rec	FSCK3526.REC	Recovered FSCK/Images/FSCK3526.jpg	jpeg
rec	FSCK3527.REC	Recovered FSCK/Unknown/FSCK3527.REC	unknown
rec	FSCK3528.REC	Recovered FSCK/Unknown/FSCK3528.REC	unknown
rec	FSCK3529.REC	Recovered FSCK/Unknown/FSCK3529.REC	unknown
rec	FSCK3530.REC	Recovered FSCK/Unknown/FSCK3530.REC	unknown
rec	FSCK3531.REC	Recovered FSCK/Unknown/FSCK3531.REC	unknown
rec	FSCK3532.REC	Recovered FSCK/Unknown/FSCK3532.REC	unknown
rec	FSCK3533.REC	Recovered FSCK/Unknown/FSCK3533.REC	unknown
rec	FSCK3534.REC	Recovered FSCK/Unknown/FSCK3534.REC	unknown
rec	FSCK3535.REC	Recovered FSCK/Unknown/FSCK3535.REC	unknown
rec	FSCK3536.REC	Recovered FSCK/Unknown/FSCK3536.REC	unknown
rec	FSCK3537.REC	Recovered FSCK/Unknown/FSCK3537.REC	unknown
rec	FSCK3538.REC	Recovered FSCK/Unknown/FSCK3538.REC	unknown
rec	FSCK3539.REC	Recovered FSCK/Unknown/FSCK3539.REC	unknown
rec	FSCK3540.REC	Recovered FSCK/Unknown/FSCK3540.REC	unknown
rec	FSCK3541.REC	Recovered FSCK/Unknown/FSCK3541.REC	unknown
rec	FSCK3542.REC	Recovered FSCK/Unknown/FSCK3542.REC	unknown
rec	FSCK3543.REC	Recovered FSCK/Unknown/FSCK3543.REC	unknown
rec	FSCK3544.REC	Recovered FSCK/Unknown/FSCK3544.REC	unknown
rec	FSCK3545.REC	Recovered FSCK/Unknown/FSCK3545.REC	unknown
rec	FSCK3546.REC	Recovered FSCK/Unknown/FSCK3546.REC	unknown
rec	FSCK3547.REC	Recovered FSCK/Unknown/FSCK3547.REC	unknown
rec	FSCK3548.REC	Recovered FSCK/Unknown/FSCK3548.REC	unknown
rec	FSCK3556.REC	Recovered FSCK/Playlists/FSCK3556.m3u	m3u
rec	FSCK3560.REC	Recovered FSCK/Unknown/FSCK3560.REC	unknown
rec	FSCK3561.REC	Recovered FSCK/Unknown/FSCK3561.REC	unknown
rec	FSCK3562.REC	Recovered FSCK/Unknown/FSCK3562.REC	unknown
rec	FSCK3563.REC	Recovered FSCK/Unknown/FSCK3563.REC	unknown
rec	FSCK3564.REC	Recovered FSCK/Unknown/FSCK3564.REC	unknown
rec	FSCK3565.REC	Recovered FSCK/Unknown/FSCK3565.REC	unknown
rec	FSCK3566.REC	Recovered FSCK/Unknown/FSCK3566.REC	unknown
rec	FSCK3567.REC	Recovered FSCK/Unknown/FSCK3567.REC	unknown
rec	FSCK3568.REC	Recovered FSCK/Unknown/FSCK3568.REC	unknown
rec	FSCK3569.REC	Recovered FSCK/Unknown/FSCK3569.REC	unknown
rec	FSCK3580.REC	Recovered FSCK/Playlists/FSCK3580.m3u	m3u
rec	FSCK3581.REC	Recovered FSCK/Unknown/FSCK3581.REC	unknown
rec	FSCK3582.REC	Recovered FSCK/Unknown/FSCK3582.REC	unknown
rec	FSCK3583.REC	Recovered FSCK/Unknown/FSCK3583.REC	unknown
rec	FSCK3584.REC	Recovered FSCK/Unknown/FSCK3584.REC	unknown
rec	FSCK3585.REC	Recovered FSCK/Unknown/FSCK3585.REC	unknown
rec	FSCK3586.REC	Recovered FSCK/Unknown/FSCK3586.REC	unknown
rec	FSCK3587.REC	Recovered FSCK/Unknown/FSCK3587.REC	unknown
rec	FSCK3588.REC	Recovered FSCK/Unknown/FSCK3588.REC	unknown
rec	FSCK3589.REC	Recovered FSCK/Unknown/FSCK3589.REC	unknown
rec	FSCK3590.REC	Recovered FSCK/Unknown/FSCK3590.REC	unknown
rec	FSCK3591.REC	Recovered FSCK/Images/FSCK3591.jpg	jpeg
rec	FSCK3592.REC	Recovered FSCK/Playlists/FSCK3592.m3u	m3u
rec	FSCK3593.REC	Recovered FSCK/Unknown/FSCK3593.REC	unknown
rec	FSCK3594.REC	Recovered FSCK/Unknown/FSCK3594.REC	unknown
rec	FSCK3595.REC	Recovered FSCK/Unknown/FSCK3595.REC	unknown
rec	FSCK3596.REC	Recovered FSCK/Unknown/FSCK3596.REC	unknown
rec	FSCK3597.REC	Recovered FSCK/Unknown/FSCK3597.REC	unknown
rec	FSCK3598.REC	Recovered FSCK/Unknown/FSCK3598.REC	unknown
rec	FSCK3599.REC	Recovered FSCK/Unknown/FSCK3599.REC	unknown
rec	FSCK3600.REC	Recovered FSCK/Unknown/FSCK3600.REC	unknown
rec	FSCK3601.REC	Recovered FSCK/Unknown/FSCK3601.REC	unknown
rec	FSCK3602.REC	Recovered FSCK/Unknown/FSCK3602.REC	unknown
rec	FSCK3603.REC	Recovered FSCK/Unknown/FSCK3603.REC	unknown
rec	FSCK3604.REC	Recovered FSCK/Unknown/FSCK3604.REC	unknown
rec	FSCK3605.REC	Recovered FSCK/Unknown/FSCK3605.REC	unknown
rec	FSCK3606.REC	Recovered FSCK/Unknown/FSCK3606.REC	unknown
rec	FSCK3607.REC	Recovered FSCK/Unknown/FSCK3607.REC	unknown
rec	FSCK3608.REC	Recovered FSCK/Unknown/FSCK3608.REC	unknown
rec	FSCK3609.REC	Recovered FSCK/Unknown/FSCK3609.REC	unknown
rec	FSCK3610.REC	Recovered FSCK/Unknown/FSCK3610.REC	unknown
rec	FSCK3611.REC	Recovered FSCK/Unknown/FSCK3611.REC	unknown
rec	FSCK3612.REC	Recovered FSCK/Unknown/FSCK3612.REC	unknown
rec	FSCK3617.REC	Recovered FSCK/Playlists/FSCK3617.m3u	m3u
rec	FSCK3624.REC	Recovered FSCK/Unknown/FSCK3624.REC	unknown
rec	FSCK3625.REC	Recovered FSCK/Unknown/FSCK3625.REC	unknown
rec	FSCK3626.REC	Recovered FSCK/Unknown/FSCK3626.REC	unknown
rec	FSCK3627.REC	Recovered FSCK/Unknown/FSCK3627.REC	unknown
rec	FSCK3628.REC	Recovered FSCK/Unknown/FSCK3628.REC	unknown
rec	FSCK3629.REC	Recovered FSCK/Unknown/FSCK3629.REC	unknown
rec	FSCK3630.REC	Recovered FSCK/Unknown/FSCK3630.REC	unknown
rec	FSCK3631.REC	Recovered FSCK/Unknown/FSCK3631.REC	unknown
rec	FSCK3632.REC	Recovered FSCK/Unknown/FSCK3632.REC	unknown
rec	FSCK3633.REC	Recovered FSCK/Unknown/FSCK3633.REC	unknown
rec	FSCK3635.REC	Recovered FSCK/Playlists/FSCK3635.m3u	m3u
rec	FSCK3640.REC	Recovered FSCK/Unknown/FSCK3640.REC	unknown
rec	FSCK3641.REC	Recovered FSCK/Unknown/FSCK3641.REC	unknown
rec	FSCK3642.REC	Recovered FSCK/Unknown/FSCK3642.REC	unknown
rec	FSCK3643.REC	Recovered FSCK/Unknown/FSCK3643.REC	unknown
rec	FSCK3644.REC	Recovered FSCK/Unknown/FSCK3644.REC	unknown
rec	FSCK3645.REC	Recovered FSCK/Unknown/FSCK3645.REC	unknown
rec	FSCK3646.REC	Recovered FSCK/Unknown/FSCK3646.REC	unknown
rec	FSCK3647.REC	Recovered FSCK/Unknown/FSCK3647.REC	unknown
rec	FSCK3648.REC	Recovered FSCK/Unknown/FSCK3648.REC	unknown
rec	FSCK3664.REC	Recovered FSCK/Playlists/FSCK3664.m3u	m3u
rec	FSCK3665.REC	Recovered FSCK/Unknown/FSCK3665.REC	unknown
rec	FSCK3666.REC	Recovered FSCK/Unknown/FSCK3666.REC	unknown
rec	FSCK3667.REC	Recovered FSCK/Unknown/FSCK3667.REC	unknown
rec	FSCK3668.REC	Recovered FSCK/Unknown/FSCK3668.REC	unknown
rec	FSCK3669.REC	Recovered FSCK/Unknown/FSCK3669.REC	unknown
rec	FSCK3670.REC	Recovered FSCK/Unknown/FSCK3670.REC	unknown
rec	FSCK3671.REC	Recovered FSCK/Unknown/FSCK3671.REC	unknown
rec	FSCK3672.REC	Recovered FSCK/Unknown/FSCK3672.REC	unknown
rec	FSCK3673.REC	Recovered FSCK/Unknown/FSCK3673.REC	unknown
rec	FSCK3674.REC	Recovered FSCK/Unknown/FSCK3674.REC	unknown
rec	FSCK3685.REC	Recovered FSCK/Playlists/FSCK3685.m3u	m3u
rec	FSCK3686.REC	Recovered FSCK/Unknown/FSCK3686.REC	unknown
rec	FSCK3687.REC	Recovered FSCK/Unknown/FSCK3687.REC	unknown
rec	FSCK3688.REC	Recovered FSCK/Unknown/FSCK3688.REC	unknown
rec	FSCK3689.REC	Recovered FSCK/Unknown/FSCK3689.REC	unknown
rec	FSCK3690.REC	Recovered FSCK/Unknown/FSCK3690.REC	unknown
rec	FSCK3691.REC	Recovered FSCK/Unknown/FSCK3691.REC	unknown
rec	FSCK3692.REC	Recovered FSCK/Unknown/FSCK3692.REC	unknown
rec	FSCK3693.REC	Recovered FSCK/Unknown/FSCK3693.REC	unknown
rec	FSCK3694.REC	Recovered FSCK/Unknown/FSCK3694.REC	unknown
rec	FSCK3698.REC	Recovered FSCK/Playlists/FSCK3698.m3u	m3u
rec	FSCK3706.REC	Recovered FSCK/Unknown/FSCK3706.REC	unknown
rec	FSCK3707.REC	Recovered FSCK/Unknown/FSCK3707.REC	unknown
rec	FSCK3708.REC	Recovered FSCK/Unknown/FSCK3708.REC	unknown
rec	FSCK3709.REC	Recovered FSCK/Unknown/FSCK3709.REC	unknown
rec	FSCK3710.REC	Recovered FSCK/Unknown/FSCK3710.REC	unknown
rec	FSCK3711.REC	Recovered FSCK/Unknown/FSCK3711.REC	unknown
rec	FSCK3712.REC	Recovered FSCK/Unknown/FSCK3712.REC	unknown
rec	FSCK3713.REC	Recovered FSCK/Unknown/FSCK3713.REC	unknown
rec	FSCK3714.REC	Recovered FSCK/Unknown/FSCK3714.REC	unknown
rec	FSCK3715.REC	Recovered FSCK/Unknown/FSCK3715.REC	unknown
rec	FSCK3716.REC	Recovered FSCK/Images/FSCK3716.jpg	jpeg
rec	FSCK3717.REC	Recovered FSCK/Unknown/FSCK3717.REC	unknown
rec	FSCK3718.REC	Recovered FSCK/Unknown/FSCK3718.REC	unknown
rec	FSCK3719.REC	Recovered FSCK/Unknown/FSCK3719.REC	unknown
rec	FSCK3720.REC	Recovered FSCK/Unknown/FSCK3720.REC	unknown
rec	FSCK3721.REC	Recovered FSCK/Unknown/FSCK3721.REC	unknown
rec	FSCK3722.REC	Recovered FSCK/Unknown/FSCK3722.REC	unknown
rec	FSCK3723.REC	Recovered FSCK/Unknown/FSCK3723.REC	unknown
rec	FSCK3724.REC	Recovered FSCK/Unknown/FSCK3724.REC	unknown
rec	FSCK3725.REC	Recovered FSCK/Unknown/FSCK3725.REC	unknown
rec	FSCK3726.REC	Recovered FSCK/Unknown/FSCK3726.REC	unknown
rec	FSCK3727.REC	Recovered FSCK/Unknown/FSCK3727.REC	unknown
rec	FSCK3728.REC	Recovered FSCK/Unknown/FSCK3728.REC	unknown
rec	FSCK3729.REC	Recovered FSCK/Unknown/FSCK3729.REC	unknown
rec	FSCK3730.REC	Recovered FSCK/Unknown/FSCK3730.REC	unknown
rec	FSCK3731.REC	Recovered FSCK/Unknown/FSCK3731.REC	unknown
rec	FSCK3732.REC	Recovered FSCK/Unknown/FSCK3732.REC	unknown
rec	FSCK3733.REC	Recovered FSCK/Unknown/FSCK3733.REC	unknown
rec	FSCK3734.REC	Recovered FSCK/Unknown/FSCK3734.REC	unknown
rec	FSCK3735.REC	Recovered FSCK/Unknown/FSCK3735.REC	unknown
rec	FSCK3736.REC	Recovered FSCK/Unknown/FSCK3736.REC	unknown
rec	FSCK3737.REC	Recovered FSCK/Images/FSCK3737.jpg	jpeg
rec	FSCK3738.REC	Recovered FSCK/Unknown/FSCK3738.REC	unknown
rec	FSCK3739.REC	Recovered FSCK/Unknown/FSCK3739.REC	unknown
rec	FSCK3740.REC	Recovered FSCK/Unknown/FSCK3740.REC	unknown
rec	FSCK3741.REC	Recovered FSCK/Unknown/FSCK3741.REC	unknown
rec	FSCK3742.REC	Recovered FSCK/Unknown/FSCK3742.REC	unknown
rec	FSCK3743.REC	Recovered FSCK/Unknown/FSCK3743.REC	unknown
rec	FSCK3744.REC	Recovered FSCK/Unknown/FSCK3744.REC	unknown
rec	FSCK3745.REC	Recovered FSCK/Unknown/FSCK3745.REC	unknown
rec	FSCK3746.REC	Recovered FSCK/Unknown/FSCK3746.REC	unknown
rec	FSCK3747.REC	Recovered FSCK/Unknown/FSCK3747.REC	unknown
rec	FSCK3748.REC	Recovered FSCK/Unknown/FSCK3748.REC	unknown
rec	FSCK3749.REC	Recovered FSCK/Unknown/FSCK3749.REC	unknown
rec	FSCK3750.REC	Recovered FSCK/Unknown/FSCK3750.REC	unknown
rec	FSCK3751.REC	Recovered FSCK/Unknown/FSCK3751.REC	unknown
rec	FSCK3752.REC	Recovered FSCK/Unknown/FSCK3752.REC	unknown
rec	FSCK3753.REC	Recovered FSCK/Unknown/FSCK3753.REC	unknown
rec	FSCK3754.REC	Recovered FSCK/Unknown/FSCK3754.REC	unknown
rec	FSCK3755.REC	Recovered FSCK/Unknown/FSCK3755.REC	unknown
rec	FSCK3756.REC	Recovered FSCK/Unknown/FSCK3756.REC	unknown
rec	FSCK3757.REC	Recovered FSCK/Unknown/FSCK3757.REC	unknown
rec	FSCK3758.REC	Recovered FSCK/Images/FSCK3758.jpg	jpeg
rec	FSCK3759.REC	Recovered FSCK/Unknown/FSCK3759.REC	unknown
rec	FSCK3760.REC	Recovered FSCK/Unknown/FSCK3760.REC	unknown
rec	FSCK3761.REC	Recovered FSCK/Unknown/FSCK3761.REC	unknown
rec	FSCK3762.REC	Recovered FSCK/Unknown/FSCK3762.REC	unknown
rec	FSCK3763.REC	Recovered FSCK/Unknown/FSCK3763.REC	unknown
rec	FSCK3764.REC	Recovered FSCK/Unknown/FSCK3764.REC	unknown
rec	FSCK3765.REC	Recovered FSCK/Unknown/FSCK3765.REC	unknown
rec	FSCK3766.REC	Recovered FSCK/Unknown/FSCK3766.REC	unknown
rec	FSCK3767.REC	Recovered FSCK/Unknown/FSCK3767.REC	unknown
rec	FSCK3768.REC	Recovered FSCK/Unknown/FSCK3768.REC	unknown
rec	FSCK3769.REC	Recovered FSCK/Unknown/FSCK3769.REC	unknown
rec	FSCK3770.REC	Recovered FSCK/Unknown/FSCK3770.REC	unknown
rec	FSCK3771.REC	Recovered FSCK/Unknown/FSCK3771.REC	unknown
rec	FSCK3772.REC	Recovered FSCK/Unknown/FSCK3772.REC	unknown
rec	FSCK3773.REC	Recovered FSCK/Unknown/FSCK3773.REC	unknown
rec	FSCK3774.REC	Recovered FSCK/Unknown/FSCK3774.REC	unknown
rec	FSCK3775.REC	Recovered FSCK/Unknown/FSCK3775.REC	unknown
rec	FSCK3776.REC	Recovered FSCK/Unknown/FSCK3776.REC	unknown
rec	FSCK3777.REC	Recovered FSCK/Unknown/FSCK3777.REC	unknown
rec	FSCK3778.REC	Recovered FSCK/Unknown/FSCK3778.REC	unknown
rec	FSCK3782.REC	Recovered FSCK/Playlists/FSCK3782.m3u	m3u
rec	FSCK3789.REC	Recovered FSCK/Unknown/FSCK3789.REC	unknown
rec	FSCK3790.REC	Recovered FSCK/Unknown/FSCK3790.REC	unknown
rec	FSCK3791.REC	Recovered FSCK/Unknown/FSCK3791.REC	unknown
rec	FSCK3792.REC	Recovered FSCK/Unknown/FSCK3792.REC	unknown
rec	FSCK3793.REC	Recovered FSCK/Unknown/FSCK3793.REC	unknown
rec	FSCK3794.REC	Recovered FSCK/Unknown/FSCK3794.REC	unknown
rec	FSCK3795.REC	Recovered FSCK/Unknown/FSCK3795.REC	unknown
rec	FSCK3796.REC	Recovered FSCK/Unknown/FSCK3796.REC	unknown
rec	FSCK3797.REC	Recovered FSCK/Unknown/FSCK3797.REC	unknown
rec	FSCK3803.REC	Recovered FSCK/Playlists/FSCK3803.m3u	m3u
rec	FSCK3808.REC	Recovered FSCK/Unknown/FSCK3808.REC	unknown
rec	FSCK3809.REC	Recovered FSCK/Unknown/FSCK3809.REC	unknown
rec	FSCK3810.REC	Recovered FSCK/Unknown/FSCK3810.REC	unknown
rec	FSCK3811.REC	Recovered FSCK/Unknown/FSCK3811.REC	unknown
rec	FSCK3812.REC	Recovered FSCK/Unknown/FSCK3812.REC	unknown
rec	FSCK3813.REC	Recovered FSCK/Unknown/FSCK3813.REC	unknown
rec	FSCK3814.REC	Recovered FSCK/Unknown/FSCK3814.REC	unknown
rec	FSCK3815.REC	Recovered FSCK/Unknown/FSCK3815.REC	unknown
rec	FSCK3816.REC	Recovered FSCK/Unknown/FSCK3816.REC	unknown
rec	FSCK3819.REC	Recovered FSCK/Playlists/FSCK3819.m3u	m3u
rec	FSCK3823.REC	Recovered FSCK/Unknown/FSCK3823.REC	unknown
rec	FSCK3824.REC	Recovered FSCK/Unknown/FSCK3824.REC	unknown
rec	FSCK3825.REC	Recovered FSCK/Unknown/FSCK3825.REC	unknown
rec	FSCK3826.REC	Recovered FSCK/Unknown/FSCK3826.REC	unknown
rec	FSCK3827.REC	Recovered FSCK/Unknown/FSCK3827.REC	unknown
rec	FSCK3828.REC	Recovered FSCK/Unknown/FSCK3828.REC	unknown
rec	FSCK3829.REC	Recovered FSCK/Unknown/FSCK3829.REC	unknown
rec	FSCK3830.REC	Recovered FSCK/Unknown/FSCK3830.REC	unknown
rec	FSCK3831.REC	Recovered FSCK/Unknown/FSCK3831.REC	unknown
rec	FSCK3836.REC	Recovered FSCK/Images/FSCK3836.jpg	jpeg
rec	FSCK3837.REC	Recovered FSCK/Unknown/FSCK3837.REC	unknown
rec	FSCK3838.REC	Recovered FSCK/Unknown/FSCK3838.REC	unknown
rec	FSCK3839.REC	Recovered FSCK/Unknown/FSCK3839.REC	unknown
rec	FSCK3840.REC	Recovered FSCK/Unknown/FSCK3840.REC	unknown
rec	FSCK3841.REC	Recovered FSCK/Unknown/FSCK3841.REC	unknown
rec	FSCK3842.REC	Recovered FSCK/Unknown/FSCK3842.REC	unknown
rec	FSCK3843.REC	Recovered FSCK/Unknown/FSCK3843.REC	unknown
rec	FSCK3844.REC	Recovered FSCK/Unknown/FSCK3844.REC	unknown
rec	FSCK3845.REC	Recovered FSCK/Unknown/FSCK3845.REC	unknown
rec	FSCK3846.REC	Recovered FSCK/Unknown/FSCK3846.REC	unknown
rec	FSCK3847.REC	Recovered FSCK/Unknown/FSCK3847.REC	unknown
rec	FSCK3848.REC	Recovered FSCK/Unknown/FSCK3848.REC	unknown
rec	FSCK3849.REC	Recovered FSCK/Unknown/FSCK3849.REC	unknown
rec	FSCK3850.REC	Recovered FSCK/Unknown/FSCK3850.REC	unknown
rec	FSCK3851.REC	Recovered FSCK/Unknown/FSCK3851.REC	unknown
rec	FSCK3852.REC	Recovered FSCK/Unknown/FSCK3852.REC	unknown
rec	FSCK3853.REC	Recovered FSCK/Unknown/FSCK3853.REC	unknown
rec	FSCK3854.REC	Recovered FSCK/Unknown/FSCK3854.REC	unknown
rec	FSCK3858.REC	Recovered FSCK/Playlists/FSCK3858.m3u	m3u
rec	FSCK3864.REC	Recovered FSCK/Unknown/FSCK3864.REC	unknown
rec	FSCK3865.REC	Recovered FSCK/Unknown/FSCK3865.REC	unknown
rec	FSCK3866.REC	Recovered FSCK/Unknown/FSCK3866.REC	unknown
rec	FSCK3867.REC	Recovered FSCK/Unknown/FSCK3867.REC	unknown
rec	FSCK3868.REC	Recovered FSCK/Unknown/FSCK3868.REC	unknown
rec	FSCK3869.REC	Recovered FSCK/Unknown/FSCK3869.REC	unknown
rec	FSCK3870.REC	Recovered FSCK/Unknown/FSCK3870.REC	unknown
rec	FSCK3871.REC	Recovered FSCK/Unknown/FSCK3871.REC	unknown
rec	FSCK3879.REC	Recovered FSCK/Playlists/FSCK3879.m3u	m3u
rec	FSCK3880.REC	Recovered FSCK/Unknown/FSCK3880.REC	unknown
rec	FSCK3881.REC	Recovered FSCK/Unknown/FSCK3881.REC	unknown
rec	FSCK3882.REC	Recovered FSCK/Unknown/FSCK3882.REC	unknown
rec	FSCK3883.REC	Recovered FSCK/Unknown/FSCK3883.REC	unknown
rec	FSCK3884.REC	Recovered FSCK/Unknown/FSCK3884.REC	unknown
rec	FSCK3885.REC	Recovered FSCK/Unknown/FSCK3885.REC	unknown
rec	FSCK3886.REC	Recovered FSCK/Unknown/FSCK3886.REC	unknown
rec	FSCK3888.REC	Recovered FSCK/Images/FSCK3888.jpg	jpeg
rec	FSCK3889.REC	Recovered FSCK/Unknown/FSCK3889.REC	unknown
rec	FSCK3890.REC	Recovered FSCK/Unknown/FSCK3890.REC	unknown
rec	FSCK3891.REC	Recovered FSCK/Unknown/FSCK3891.REC	unknown
rec	FSCK3892.REC	Recovered FSCK/Unknown/FSCK3892.REC	unknown
rec	FSCK3893.REC	Recovered FSCK/Unknown/FSCK3893.REC	unknown
rec	FSCK3894.REC	Recovered FSCK/Unknown/FSCK3894.REC	unknown
rec	FSCK3895.REC	Recovered FSCK/Unknown/FSCK3895.REC	unknown
rec	FSCK3896.REC	Recovered FSCK/Unknown/FSCK3896.REC	unknown
rec	FSCK3905.REC	Recovered FSCK/Images/FSCK3905.jpg	jpeg
rec	FSCK3915.REC	Recovered FSCK/Playlists/FSCK3915.m3u	m3u
rec	FSCK3916.REC	Recovered FSCK/Unknown/FSCK3916.REC	unknown
rec	FSCK3917.REC	Recovered FSCK/Unknown/FSCK3917.REC	unknown
rec	FSCK3918.REC	Recovered FSCK/Unknown/FSCK3918.REC	unknown
rec	FSCK3919.REC	Recovered FSCK/Unknown/FSCK3919.REC	unknown
rec	FSCK3920.REC	Recovered FSCK/Unknown/FSCK3920.REC	unknown
rec	FSCK3921.REC	Recovered FSCK/Playlists/FSCK3921.m3u	m3u
rec	FSCK3922.REC	Recovered FSCK/Images/FSCK3922.jpg	jpeg
rec	FSCK3923.REC	Recovered FSCK/Unknown/FSCK3923.REC	unknown
rec	FSCK3924.REC	Recovered FSCK/Unknown/FSCK3924.REC	unknown
rec	FSCK3925.REC	Recovered FSCK/Unknown/FSCK3925.REC	unknown
rec	FSCK3926.REC	Recovered FSCK/Unknown/FSCK3926.REC	unknown
rec	FSCK3927.REC	Recovered FSCK/Unknown/FSCK3927.REC	unknown
rec	FSCK3928.REC	Recovered FSCK/Unknown/FSCK3928.REC	unknown
rec	FSCK3929.REC	Recovered FSCK/Unknown/FSCK3929.REC	unknown
rec	FSCK3930.REC	Recovered FSCK/Unknown/FSCK3930.REC	unknown
rec	FSCK3931.REC	Recovered FSCK/Unknown/FSCK3931.REC	unknown
rec	FSCK3932.REC	Recovered FSCK/Unknown/FSCK3932.REC	unknown
rec	FSCK3933.REC	Recovered FSCK/Unknown/FSCK3933.REC	unknown
rec	FSCK3934.REC	Recovered FSCK/Unknown/FSCK3934.REC	unknown
rec	FSCK3935.REC	Recovered FSCK/Unknown/FSCK3935.REC	unknown
rec	FSCK3936.REC	Recovered FSCK/Unknown/FSCK3936.REC	unknown
rec	FSCK3937.REC	Recovered FSCK/Images/FSCK3937.jpg	jpeg
rec	FSCK3946.REC	Recovered FSCK/Playlists/FSCK3946.m3u	m3u
rec	FSCK3947.REC	Recovered FSCK/Unknown/FSCK3947.REC	unknown
rec	FSCK3948.REC	Recovered FSCK/Unknown/FSCK3948.REC	unknown
rec	FSCK3949.REC	Recovered FSCK/Unknown/FSCK3949.REC	unknown
rec	FSCK3950.REC	Recovered FSCK/Unknown/FSCK3950.REC	unknown
rec	FSCK3951.REC	Recovered FSCK/Unknown/FSCK3951.REC	unknown
rec	FSCK3952.REC	Recovered FSCK/Unknown/FSCK3952.REC	unknown
rec	FSCK3953.REC	Recovered FSCK/Unknown/FSCK3953.REC	unknown
rec	FSCK3972.REC	Recovered FSCK/Playlists/FSCK3972.m3u	m3u
rec	FSCK3975.REC	Recovered FSCK/Unknown/FSCK3975.REC	unknown
rec	FSCK3976.REC	Recovered FSCK/Unknown/FSCK3976.REC	unknown
rec	FSCK3977.REC	Recovered FSCK/Unknown/FSCK3977.REC	unknown
rec	FSCK3978.REC	Recovered FSCK/Unknown/FSCK3978.REC	unknown
rec	FSCK3979.REC	Recovered FSCK/Unknown/FSCK3979.REC	unknown
rec	FSCK3980.REC	Recovered FSCK/Unknown/FSCK3980.REC	unknown
rec	FSCK3981.REC	Recovered FSCK/Images/FSCK3981.jpg	jpeg
rec	FSCK3982.REC	Recovered FSCK/Unknown/FSCK3982.REC	unknown
rec	FSCK3983.REC	Recovered FSCK/Unknown/FSCK3983.REC	unknown
rec	FSCK3984.REC	Recovered FSCK/Unknown/FSCK3984.REC	unknown
rec	FSCK3985.REC	Recovered FSCK/Unknown/FSCK3985.REC	unknown
rec	FSCK3986.REC	Recovered FSCK/Unknown/FSCK3986.REC	unknown
rec	FSCK3987.REC	Recovered FSCK/Unknown/FSCK3987.REC	unknown
rec	FSCK3988.REC	Recovered FSCK/Unknown/FSCK3988.REC	unknown
rec	FSCK3989.REC	Recovered FSCK/Unknown/FSCK3989.REC	unknown
rec	FSCK3990.REC	Recovered FSCK/Unknown/FSCK3990.REC	unknown
rec	FSCK3991.REC	Recovered FSCK/Unknown/FSCK3991.REC	unknown
rec	FSCK3992.REC	Recovered FSCK/Unknown/FSCK3992.REC	unknown
rec	FSCK3993.REC	Recovered FSCK/Unknown/FSCK3993.REC	unknown
rec	FSCK3994.REC	Recovered FSCK/Unknown/FSCK3994.REC	unknown
rec	FSCK3996.REC	Recovered FSCK/Playlists/FSCK3996.m3u	m3u
rec	FSCK4001.REC	Recovered FSCK/Unknown/FSCK4001.REC	unknown
rec	FSCK4002.REC	Recovered FSCK/Unknown/FSCK4002.REC	unknown
rec	FSCK4003.REC	Recovered FSCK/Unknown/FSCK4003.REC	unknown
rec	FSCK4004.REC	Recovered FSCK/Unknown/FSCK4004.REC	unknown
rec	FSCK4005.REC	Recovered FSCK/Unknown/FSCK4005.REC	unknown
rec	FSCK4011.REC	Recovered FSCK/Playlists/FSCK4011.m3u	m3u
rec	FSCK4012.REC	Recovered FSCK/Unknown/FSCK4012.REC	unknown
rec	FSCK4013.REC	Recovered FSCK/Unknown/FSCK4013.REC	unknown
rec	FSCK4014.REC	Recovered FSCK/Unknown/FSCK4014.REC	unknown
rec	FSCK4015.REC	Recovered FSCK/Unknown/FSCK4015.REC	unknown
rec	FSCK4016.REC	Recovered FSCK/Unknown/FSCK4016.REC	unknown
rec	FSCK4017.REC	Recovered FSCK/Images/FSCK4017.jpg	jpeg
rec	FSCK4018.REC	Recovered FSCK/Unknown/FSCK4018.REC	unknown
rec	FSCK4019.REC	Recovered FSCK/Unknown/FSCK4019.REC	unknown
rec	FSCK4020.REC	Recovered FSCK/Unknown/FSCK4020.REC	unknown
rec	FSCK4021.REC	Recovered FSCK/Unknown/FSCK4021.REC	unknown
rec	FSCK4022.REC	Recovered FSCK/Unknown/FSCK4022.REC	unknown
rec	FSCK4023.REC	Recovered FSCK/Unknown/FSCK4023.REC	unknown
rec	FSCK4024.REC	Recovered FSCK/Unknown/FSCK4024.REC	unknown
rec	FSCK4025.REC	Recovered FSCK/Unknown/FSCK4025.REC	unknown
rec	FSCK4026.REC	Recovered FSCK/Unknown/FSCK4026.REC	unknown
rec	FSCK4027.REC	Recovered FSCK/Unknown/FSCK4027.REC	unknown
rec	FSCK4028.REC	Recovered FSCK/Images/FSCK4028.jpg	jpeg
rec	FSCK4034.REC	Recovered FSCK/Playlists/FSCK4034.m3u	m3u
rec	FSCK4036.REC	Recovered FSCK/Unknown/FSCK4036.REC	unknown
rec	FSCK4037.REC	Recovered FSCK/Unknown/FSCK4037.REC	unknown
rec	FSCK4038.REC	Recovered FSCK/Unknown/FSCK4038.REC	unknown
rec	FSCK4039.REC	Recovered FSCK/Playlists/FSCK4039.m3u	m3u
rec	FSCK4040.REC	Recovered FSCK/Images/FSCK4040.jpg	jpeg
rec	FSCK4050.REC	Recovered FSCK/Unknown/FSCK4050.REC	unknown
rec	FSCK4051.REC	Recovered FSCK/Unknown/FSCK4051.REC	unknown
rec	FSCK4052.REC	Recovered FSCK/Unknown/FSCK4052.REC	unknown
rec	FSCK4053.REC	Recovered FSCK/Unknown/FSCK4053.REC	unknown
rec	FSCK4054.REC	Recovered FSCK/Unknown/FSCK4054.REC	unknown
rec	FSCK4055.REC	Recovered FSCK/Unknown/FSCK4055.REC	unknown
rec	FSCK4056.REC	Recovered FSCK/Unknown/FSCK4056.REC	unknown
rec	FSCK4057.REC	Recovered FSCK/Unknown/FSCK4057.REC	unknown
rec	FSCK4069.REC	Recovered FSCK/Unknown/FSCK4069.REC	unknown
rec	FSCK4070.REC	Recovered FSCK/Unknown/FSCK4070.REC	unknown
rec	FSCK4071.REC	Recovered FSCK/Unknown/FSCK4071.REC	unknown
rec	FSCK4072.REC	Recovered FSCK/Unknown/FSCK4072.REC	unknown
rec	FSCK4073.REC	Recovered FSCK/Unknown/FSCK4073.REC	unknown
rec	FSCK4074.REC	Recovered FSCK/Unknown/FSCK4074.REC	unknown
rec	FSCK4075.REC	Recovered FSCK/Unknown/FSCK4075.REC	unknown
rec	FSCK4076.REC	Recovered FSCK/Unknown/FSCK4076.REC	unknown
rec	FSCK4077.REC	Recovered FSCK/Unknown/FSCK4077.REC	unknown
rec	FSCK4078.REC	Recovered FSCK/Unknown/FSCK4078.REC	unknown
rec	FSCK4079.REC	Recovered FSCK/Unknown/FSCK4079.REC	unknown
rec	FSCK4080.REC	Recovered FSCK/Unknown/FSCK4080.REC	unknown
rec	FSCK4095.REC	Recovered FSCK/Unknown/FSCK4095.REC	unknown
rec	FSCK4096.REC	Recovered FSCK/Unknown/FSCK4096.REC	unknown
rec	FSCK4097.REC	Recovered FSCK/Unknown/FSCK4097.REC	unknown
rec	FSCK4098.REC	Recovered FSCK/Unknown/FSCK4098.REC	unknown
rec	FSCK4099.REC	Recovered FSCK/Unknown/FSCK4099.REC	unknown
rec	FSCK4100.REC	Recovered FSCK/Unknown/FSCK4100.REC	unknown
rec	FSCK4101.REC	Recovered FSCK/Unknown/FSCK4101.REC	unknown
rec	FSCK4102.REC	Recovered FSCK/Unknown/FSCK4102.REC	unknown
rec	FSCK4103.REC	Recovered FSCK/Unknown/FSCK4103.REC	unknown
rec	FSCK4104.REC	Recovered FSCK/Unknown/FSCK4104.REC	unknown
rec	FSCK4105.REC	Recovered FSCK/Unknown/FSCK4105.REC	unknown
rec	FSCK4106.REC	Recovered FSCK/Unknown/FSCK4106.REC	unknown
rec	FSCK4107.REC	Recovered FSCK/Unknown/FSCK4107.REC	unknown
rec	FSCK4119.REC	Recovered FSCK/Unknown/FSCK4119.REC	unknown
rec	FSCK4120.REC	Recovered FSCK/Unknown/FSCK4120.REC	unknown
rec	FSCK4121.REC	Recovered FSCK/Unknown/FSCK4121.REC	unknown
rec	FSCK4122.REC	Recovered FSCK/Unknown/FSCK4122.REC	unknown
rec	FSCK4123.REC	Recovered FSCK/Unknown/FSCK4123.REC	unknown
rec	FSCK4124.REC	Recovered FSCK/Unknown/FSCK4124.REC	unknown
rec	FSCK4125.REC	Recovered FSCK/Unknown/FSCK4125.REC	unknown
rec	FSCK4126.REC	Recovered FSCK/Unknown/FSCK4126.REC	unknown
rec	FSCK4127.REC	Recovered FSCK/Unknown/FSCK4127.REC	unknown
rec	FSCK4128.REC	Recovered FSCK/Unknown/FSCK4128.REC	unknown
rec	FSCK4129.REC	Recovered FSCK/Unknown/FSCK4129.REC	unknown
rec	FSCK4130.REC	Recovered FSCK/Images/FSCK4130.jpg	jpeg
rec	FSCK4131.REC	Recovered FSCK/Playlists/FSCK4131.m3u	m3u
rec	FSCK4145.REC	Recovered FSCK/Unknown/FSCK4145.REC	unknown
rec	FSCK4146.REC	Recovered FSCK/Unknown/FSCK4146.REC	unknown
rec	FSCK4147.REC	Recovered FSCK/Unknown/FSCK4147.REC	unknown
rec	FSCK4148.REC	Recovered FSCK/Unknown/FSCK4148.REC	unknown
rec	FSCK4149.REC	Recovered FSCK/Unknown/FSCK4149.REC	unknown
rec	FSCK4150.REC	Recovered FSCK/Unknown/FSCK4150.REC	unknown
rec	FSCK4151.REC	Recovered FSCK/Unknown/FSCK4151.REC	unknown
rec	FSCK4152.REC	Recovered FSCK/Unknown/FSCK4152.REC	unknown
rec	FSCK4153.REC	Recovered FSCK/Unknown/FSCK4153.REC	unknown
rec	FSCK4154.REC	Recovered FSCK/Unknown/FSCK4154.REC	unknown
rec	FSCK4155.REC	Recovered FSCK/Unknown/FSCK4155.REC	unknown
rec	FSCK4169.REC	Recovered FSCK/Unknown/FSCK4169.REC	unknown
rec	FSCK4170.REC	Recovered FSCK/Unknown/FSCK4170.REC	unknown
rec	FSCK4171.REC	Recovered FSCK/Unknown/FSCK4171.REC	unknown
rec	FSCK4172.REC	Recovered FSCK/Unknown/FSCK4172.REC	unknown
rec	FSCK4173.REC	Recovered FSCK/Unknown/FSCK4173.REC	unknown
rec	FSCK4174.REC	Recovered FSCK/Unknown/FSCK4174.REC	unknown
rec	FSCK4175.REC	Recovered FSCK/Unknown/FSCK4175.REC	unknown
rec	FSCK4176.REC	Recovered FSCK/Unknown/FSCK4176.REC	unknown
rec	FSCK4177.REC	Recovered FSCK/Unknown/FSCK4177.REC	unknown
rec	FSCK4178.REC	Recovered FSCK/Unknown/FSCK4178.REC	unknown
rec	FSCK4179.REC	Recovered FSCK/Unknown/FSCK4179.REC	unknown
rec	FSCK4180.REC	Recovered FSCK/Playlists/FSCK4180.m3u	m3u
rec	FSCK4181.REC	Recovered FSCK/Images/FSCK4181.jpg	jpeg
rec	FSCK4197.REC	Recovered FSCK/Unknown/FSCK4197.REC	unknown
rec	FSCK4198.REC	Recovered FSCK/Unknown/FSCK4198.REC	unknown
rec	FSCK4199.REC	Recovered FSCK/Unknown/FSCK4199.REC	unknown
rec	FSCK4200.REC	Recovered FSCK/Unknown/FSCK4200.REC	unknown
rec	FSCK4201.REC	Recovered FSCK/Unknown/FSCK4201.REC	unknown
rec	FSCK4202.REC	Recovered FSCK/Unknown/FSCK4202.REC	unknown
rec	FSCK4203.REC	Recovered FSCK/Unknown/FSCK4203.REC	unknown
rec	FSCK4204.REC	Recovered FSCK/Unknown/FSCK4204.REC	unknown
rec	FSCK4205.REC	Recovered FSCK/Unknown/FSCK4205.REC	unknown
rec	FSCK4206.REC	Recovered FSCK/Unknown/FSCK4206.REC	unknown
rec	FSCK4207.REC	Recovered FSCK/Unknown/FSCK4207.REC	unknown
rec	FSCK4208.REC	Recovered FSCK/Unknown/FSCK4208.REC	unknown
rec	FSCK4209.REC	Recovered FSCK/Unknown/FSCK4209.REC	unknown
rec	FSCK4210.REC	Recovered FSCK/Unknown/FSCK4210.REC	unknown
rec	FSCK4211.REC	Recovered FSCK/Unknown/FSCK4211.REC	unknown
rec	FSCK4230.REC	Recovered FSCK/Unknown/FSCK4230.REC	unknown
rec	FSCK4231.REC	Recovered FSCK/Unknown/FSCK4231.REC	unknown
rec	FSCK4232.REC	Recovered FSCK/Unknown/FSCK4232.REC	unknown
rec	FSCK4233.REC	Recovered FSCK/Unknown/FSCK4233.REC	unknown
rec	FSCK4234.REC	Recovered FSCK/Unknown/FSCK4234.REC	unknown
rec	FSCK4235.REC	Recovered FSCK/Unknown/FSCK4235.REC	unknown
rec	FSCK4236.REC	Recovered FSCK/Unknown/FSCK4236.REC	unknown
rec	FSCK4237.REC	Recovered FSCK/Unknown/FSCK4237.REC	unknown
rec	FSCK4238.REC	Recovered FSCK/Unknown/FSCK4238.REC	unknown
rec	FSCK4239.REC	Recovered FSCK/Unknown/FSCK4239.REC	unknown
rec	FSCK4240.REC	Recovered FSCK/Unknown/FSCK4240.REC	unknown
rec	FSCK4241.REC	Recovered FSCK/Unknown/FSCK4241.REC	unknown
rec	FSCK4242.REC	Recovered FSCK/Unknown/FSCK4242.REC	unknown
rec	FSCK4243.REC	Recovered FSCK/Unknown/FSCK4243.REC	unknown
rec	FSCK4244.REC	Recovered FSCK/Unknown/FSCK4244.REC	unknown
rec	FSCK4245.REC	Recovered FSCK/Unknown/FSCK4245.REC	unknown
rec	FSCK4246.REC	Recovered FSCK/Unknown/FSCK4246.REC	unknown
rec	FSCK4247.REC	Recovered FSCK/Unknown/FSCK4247.REC	unknown
rec	FSCK4248.REC	Recovered FSCK/Playlists/FSCK4248.m3u	m3u
rec	FSCK4250.REC	Recovered FSCK/Unknown/FSCK4250.REC	unknown
rec	FSCK4251.REC	Recovered FSCK/Images/FSCK4251.jpg	jpeg
rec	FSCK4252.REC	Recovered FSCK/Playlists/FSCK4252.m3u	m3u
rec	FSCK4261.REC	Recovered FSCK/Unknown/FSCK4261.REC	unknown
rec	FSCK4262.REC	Recovered FSCK/Unknown/FSCK4262.REC	unknown
rec	FSCK4263.REC	Recovered FSCK/Unknown/FSCK4263.REC	unknown
rec	FSCK4264.REC	Recovered FSCK/Unknown/FSCK4264.REC	unknown
rec	FSCK4265.REC	Recovered FSCK/Unknown/FSCK4265.REC	unknown
rec	FSCK4266.REC	Recovered FSCK/Unknown/FSCK4266.REC	unknown
rec	FSCK4267.REC	Recovered FSCK/Unknown/FSCK4267.REC	unknown
rec	FSCK4268.REC	Recovered FSCK/Unknown/FSCK4268.REC	unknown
rec	FSCK4277.REC	Recovered FSCK/Unknown/FSCK4277.REC	unknown
rec	FSCK4278.REC	Recovered FSCK/Unknown/FSCK4278.REC	unknown
rec	FSCK4279.REC	Recovered FSCK/Unknown/FSCK4279.REC	unknown
rec	FSCK4280.REC	Recovered FSCK/Unknown/FSCK4280.REC	unknown
rec	FSCK4281.REC	Recovered FSCK/Unknown/FSCK4281.REC	unknown
rec	FSCK4282.REC	Recovered FSCK/Unknown/FSCK4282.REC	unknown
rec	FSCK4283.REC	Recovered FSCK/Unknown/FSCK4283.REC	unknown
rec	FSCK4284.REC	Recovered FSCK/Unknown/FSCK4284.REC	unknown
rec	FSCK4285.REC	Recovered FSCK/Images/FSCK4285.jpg	jpeg
rec	FSCK4286.REC	Recovered FSCK/Playlists/FSCK4286.m3u	m3u
rec	FSCK4301.REC	Recovered FSCK/Unknown/FSCK4301.REC	unknown
rec	FSCK4302.REC	Recovered FSCK/Unknown/FSCK4302.REC	unknown
rec	FSCK4303.REC	Recovered FSCK/Unknown/FSCK4303.REC	unknown
rec	FSCK4304.REC	Recovered FSCK/Unknown/FSCK4304.REC	unknown
rec	FSCK4305.REC	Recovered FSCK/Unknown/FSCK4305.REC	unknown
rec	FSCK4306.REC	Recovered FSCK/Unknown/FSCK4306.REC	unknown
rec	FSCK4307.REC	Recovered FSCK/Unknown/FSCK4307.REC	unknown
rec	FSCK4308.REC	Recovered FSCK/Unknown/FSCK4308.REC	unknown
rec	FSCK4309.REC	Recovered FSCK/Unknown/FSCK4309.REC	unknown
rec	FSCK4310.REC	Recovered FSCK/Unknown/FSCK4310.REC	unknown
rec	FSCK4311.REC	Recovered FSCK/Unknown/FSCK4311.REC	unknown
rec	FSCK4312.REC	Recovered FSCK/Unknown/FSCK4312.REC	unknown
rec	FSCK4313.REC	Recovered FSCK/Unknown/FSCK4313.REC	unknown
rec	FSCK4314.REC	Recovered FSCK/Unknown/FSCK4314.REC	unknown
rec	FSCK4329.REC	Recovered FSCK/Unknown/FSCK4329.REC	unknown
rec	FSCK4330.REC	Recovered FSCK/Unknown/FSCK4330.REC	unknown
rec	FSCK4331.REC	Recovered FSCK/Unknown/FSCK4331.REC	unknown
rec	FSCK4332.REC	Recovered FSCK/Unknown/FSCK4332.REC	unknown
rec	FSCK4333.REC	Recovered FSCK/Unknown/FSCK4333.REC	unknown
rec	FSCK4334.REC	Recovered FSCK/Unknown/FSCK4334.REC	unknown
rec	FSCK4335.REC	Recovered FSCK/Unknown/FSCK4335.REC	unknown
rec	FSCK4336.REC	Recovered FSCK/Unknown/FSCK4336.REC	unknown
rec	FSCK4337.REC	Recovered FSCK/Unknown/FSCK4337.REC	unknown
rec	FSCK4338.REC	Recovered FSCK/Unknown/FSCK4338.REC	unknown
rec	FSCK4339.REC	Recovered FSCK/Unknown/FSCK4339.REC	unknown
rec	FSCK4340.REC	Recovered FSCK/Unknown/FSCK4340.REC	unknown
rec	FSCK4341.REC	Recovered FSCK/Unknown/FSCK4341.REC	unknown
rec	FSCK4342.REC	Recovered FSCK/Unknown/FSCK4342.REC	unknown
rec	FSCK4344.REC	Recovered FSCK/Unknown/FSCK4344.REC	unknown
rec	FSCK4345.REC	Recovered FSCK/Images/FSCK4345.jpg	jpeg
rec	FSCK4346.REC	Recovered FSCK/Unknown/FSCK4346.REC	unknown
rec	FSCK4347.REC	Recovered FSCK/Unknown/FSCK4347.REC	unknown
rec	FSCK4348.REC	Recovered FSCK/Unknown/FSCK4348.REC	unknown
rec	FSCK4349.REC	Recovered FSCK/Unknown/FSCK4349.REC	unknown
rec	FSCK4350.REC	Recovered FSCK/Unknown/FSCK4350.REC	unknown
rec	FSCK4351.REC	Recovered FSCK/Unknown/FSCK4351.REC	unknown
rec	FSCK4352.REC	Recovered FSCK/Unknown/FSCK4352.REC	unknown
rec	FSCK4353.REC	Recovered FSCK/Unknown/FSCK4353.REC	unknown
rec	FSCK4354.REC	Recovered FSCK/Unknown/FSCK4354.REC	unknown
rec	FSCK4355.REC	Recovered FSCK/Unknown/FSCK4355.REC	unknown
rec	FSCK4356.REC	Recovered FSCK/Unknown/FSCK4356.REC	unknown
rec	FSCK4357.REC	Recovered FSCK/Unknown/FSCK4357.REC	unknown
rec	FSCK4358.REC	Recovered FSCK/Unknown/FSCK4358.REC	unknown
rec	FSCK4372.REC	Recovered FSCK/Unknown/FSCK4372.REC	unknown
rec	FSCK4373.REC	Recovered FSCK/Unknown/FSCK4373.REC	unknown
rec	FSCK4374.REC	Recovered FSCK/Unknown/FSCK4374.REC	unknown
rec	FSCK4375.REC	Recovered FSCK/Unknown/FSCK4375.REC	unknown
rec	FSCK4376.REC	Recovered FSCK/Unknown/FSCK4376.REC	unknown
rec	FSCK4377.REC	Recovered FSCK/Unknown/FSCK4377.REC	unknown
rec	FSCK4378.REC	Recovered FSCK/Unknown/FSCK4378.REC	unknown
rec	FSCK4379.REC	Recovered FSCK/Unknown/FSCK4379.REC	unknown
rec	FSCK4380.REC	Recovered FSCK/Unknown/FSCK4380.REC	unknown
rec	FSCK4381.REC	Recovered FSCK/Unknown/FSCK4381.REC	unknown
rec	FSCK4382.REC	Recovered FSCK/Unknown/FSCK4382.REC	unknown
rec	FSCK4383.REC	Recovered FSCK/Unknown/FSCK4383.REC	unknown
rec	FSCK4384.REC	Recovered FSCK/Unknown/FSCK4384.REC	unknown
rec	FSCK4385.REC	Recovered FSCK/Unknown/FSCK4385.REC	unknown
rec	FSCK4386.REC	Recovered FSCK/Unknown/FSCK4386.REC	unknown
rec	FSCK4387.REC	Recovered FSCK/Unknown/FSCK4387.REC	unknown
rec	FSCK4388.REC	Recovered FSCK/Unknown/FSCK4388.REC	unknown
rec	FSCK4407.REC	Recovered FSCK/Unknown/FSCK4407.REC	unknown
rec	FSCK4408.REC	Recovered FSCK/Playlists/FSCK4408.m3u	m3u
rec	FSCK4411.REC	Recovered FSCK/Unknown/FSCK4411.REC	unknown
rec	FSCK4412.REC	Recovered FSCK/Images/FSCK4412.jpg	jpeg
rec	FSCK4413.REC	Recovered FSCK/Unknown/FSCK4413.REC	unknown
rec	FSCK4414.REC	Recovered FSCK/Unknown/FSCK4414.REC	unknown
rec	FSCK4415.REC	Recovered FSCK/Images/FSCK4415.jpg	jpeg
rec	FSCK4416.REC	Recovered FSCK/Unknown/FSCK4416.REC	unknown
rec	FSCK4417.REC	Recovered FSCK/Unknown/FSCK4417.REC	unknown
rec	FSCK4419.REC	Recovered FSCK/Unknown/FSCK4419.REC	unknown
rec	FSCK4420.REC	Recovered FSCK/Images/FSCK4420.jpg	jpeg
rec	FSCK4421.REC	Recovered FSCK/Unknown/FSCK4421.REC	unknown
rec	FSCK4422.REC	Recovered FSCK/Unknown/FSCK4422.REC	unknown
rec	FSCK4423.REC	Recovered FSCK/Images/FSCK4423.jpg	jpeg
rec	FSCK4424.REC	Recovered FSCK/Unknown/FSCK4424.REC	unknown
rec	FSCK4425.REC	Recovered FSCK/Unknown/FSCK4425.REC	unknown
rec	FSCK4427.REC	Recovered FSCK/Unknown/FSCK4427.REC	unknown
rec	FSCK4429.REC	Recovered FSCK/Unknown/FSCK4429.REC	unknown
rec	FSCK4431.REC	Recovered FSCK/Unknown/FSCK4431.REC	unknown
rec	FSCK4432.REC	Recovered FSCK/Images/FSCK4432.jpg	jpeg
rec	FSCK4433.REC	Recovered FSCK/Unknown/FSCK4433.REC	unknown
rec	FSCK4434.REC	Recovered FSCK/Unknown/FSCK4434.REC	unknown
rec	FSCK4436.REC	Recovered FSCK/Unknown/FSCK4436.REC	unknown
rec	FSCK4438.REC	Recovered FSCK/Unknown/FSCK4438.REC	unknown
rec	FSCK4439.REC	Recovered FSCK/Unknown/FSCK4439.REC	unknown
rec	FSCK4442.REC	Recovered FSCK/Unknown/FSCK4442.REC	unknown
rec	FSCK4444.REC	Recovered FSCK/Unknown/FSCK4444.REC	unknown
rec	FSCK4445.REC	Recovered FSCK/Unknown/FSCK4445.REC	unknown
rec	FSCK4446.REC	Recovered FSCK/Unknown/FSCK4446.REC	unknown
rec	FSCK4447.REC	Recovered FSCK/Images/FSCK4447.jpg	jpeg
rec	FSCK4448.REC	Recovered FSCK/Images/FSCK4448.jpg	jpeg
rec	FSCK4449.REC	Recovered FSCK/Images/FSCK4449.jpg	jpeg
rec	FSCK4450.REC	Recovered FSCK/Images/FSCK4450.jpg	jpeg
rec	FSCK4451.REC	Recovered FSCK/Images/FSCK4451.jpg	jpeg
rec	FSCK4452.REC	Recovered FSCK/Images/FSCK4452.jpg	jpeg
rec	FSCK4453.REC	Recovered FSCK/Images/FSCK4453.jpg	jpeg
rec	FSCK4454.REC	Recovered FSCK/Images/FSCK4454.jpg	jpeg
rec	FSCK4455.REC	Recovered FSCK/Images/FSCK4455.jpg	jpeg
rec	FSCK4456.REC	Recovered FSCK/Images/FSCK4456.jpg	jpeg
rec	FSCK4457.REC	Recovered FSCK/Images/FSCK4457.jpg	jpeg
rec	FSCK4458.REC	Recovered FSCK/Images/FSCK4458.jpg	jpeg
rec	FSCK4459.REC	Recovered FSCK/Images/FSCK4459.jpg	jpeg
rec	FSCK4460.REC	Recovered FSCK/Images/FSCK4460.jpg	jpeg
rec	FSCK4461.REC	Recovered FSCK/Images/FSCK4461.jpg	jpeg
rec	FSCK4462.REC	Recovered FSCK/Images/FSCK4462.jpg	jpeg
rec	FSCK4463.REC	Recovered FSCK/Images/FSCK4463.jpg	jpeg
rec	FSCK4464.REC	Recovered FSCK/Images/FSCK4464.jpg	jpeg
rec	FSCK4465.REC	Recovered FSCK/Images/FSCK4465.jpg	jpeg
rec	FSCK4466.REC	Recovered FSCK/Images/FSCK4466.jpg	jpeg
rec	FSCK4467.REC	Recovered FSCK/Images/FSCK4467.jpg	jpeg
rec	FSCK4468.REC	Recovered FSCK/Images/FSCK4468.jpg	jpeg
rec	FSCK4469.REC	Recovered FSCK/Images/FSCK4469.jpg	jpeg
rec	FSCK4470.REC	Recovered FSCK/Images/FSCK4470.jpg	jpeg
rec	FSCK4471.REC	Recovered FSCK/Images/FSCK4471.jpg	jpeg
rec	FSCK4472.REC	Recovered FSCK/Images/FSCK4472.jpg	jpeg
rec	FSCK4473.REC	Recovered FSCK/Images/FSCK4473.jpg	jpeg
rec	FSCK4474.REC	Recovered FSCK/Images/FSCK4474.jpg	jpeg
rec	FSCK4475.REC	Recovered FSCK/Images/FSCK4475.jpg	jpeg
rec	FSCK4476.REC	Recovered FSCK/Images/FSCK4476.jpg	jpeg
rec	FSCK4477.REC	Recovered FSCK/Images/FSCK4477.jpg	jpeg
rec	FSCK4478.REC	Recovered FSCK/Images/FSCK4478.jpg	jpeg
rec	FSCK4479.REC	Recovered FSCK/Images/FSCK4479.jpg	jpeg
rec	FSCK4480.REC	Recovered FSCK/Images/FSCK4480.jpg	jpeg
rec	FSCK4481.REC	Recovered FSCK/Images/FSCK4481.jpg	jpeg
rec	FSCK4482.REC	Recovered FSCK/Images/FSCK4482.jpg	jpeg
rec	FSCK4483.REC	Recovered FSCK/Images/FSCK4483.jpg	jpeg
rec	FSCK4484.REC	Recovered FSCK/Images/FSCK4484.jpg	jpeg
rec	FSCK4485.REC	Recovered FSCK/Images/FSCK4485.jpg	jpeg
rec	FSCK4486.REC	Recovered FSCK/Images/FSCK4486.jpg	jpeg
rec	FSCK4487.REC	Recovered FSCK/Images/FSCK4487.jpg	jpeg
rec	FSCK4488.REC	Recovered FSCK/Images/FSCK4488.jpg	jpeg
rec	FSCK4489.REC	Recovered FSCK/Images/FSCK4489.jpg	jpeg
rec	FSCK4490.REC	Recovered FSCK/Images/FSCK4490.jpg	jpeg
rec	FSCK4491.REC	Recovered FSCK/Images/FSCK4491.jpg	jpeg
rec	FSCK4492.REC	Recovered FSCK/Images/FSCK4492.jpg	jpeg
rec	FSCK4493.REC	Recovered FSCK/Images/FSCK4493.jpg	jpeg
rec	FSCK4494.REC	Recovered FSCK/Images/FSCK4494.jpg	jpeg
rec	FSCK4495.REC	Recovered FSCK/Images/FSCK4495.jpg	jpeg
rec	FSCK4496.REC	Recovered FSCK/Images/FSCK4496.jpg	jpeg
rec	FSCK4497.REC	Recovered FSCK/Images/FSCK4497.jpg	jpeg
rec	FSCK4498.REC	Recovered FSCK/Images/FSCK4498.jpg	jpeg
rec	FSCK4499.REC	Recovered FSCK/Images/FSCK4499.jpg	jpeg
rec	FSCK4500.REC	Recovered FSCK/Images/FSCK4500.jpg	jpeg
rec	FSCK4501.REC	Recovered FSCK/Images/FSCK4501.jpg	jpeg
rec	FSCK4502.REC	Recovered FSCK/Images/FSCK4502.jpg	jpeg
rec	FSCK4503.REC	Recovered FSCK/Images/FSCK4503.jpg	jpeg
rec	FSCK4504.REC	Recovered FSCK/Images/FSCK4504.jpg	jpeg
rec	FSCK4505.REC	Recovered FSCK/Images/FSCK4505.jpg	jpeg
rec	FSCK4506.REC	Recovered FSCK/Images/FSCK4506.jpg	jpeg
rec	FSCK4507.REC	Recovered FSCK/Images/FSCK4507.jpg	jpeg
rec	FSCK4508.REC	Recovered FSCK/Images/FSCK4508.jpg	jpeg
rec	FSCK4509.REC	Recovered FSCK/Images/FSCK4509.jpg	jpeg
rec	FSCK4510.REC	Recovered FSCK/Images/FSCK4510.jpg	jpeg
rec	FSCK4511.REC	Recovered FSCK/Images/FSCK4511.jpg	jpeg
rec	FSCK4512.REC	Recovered FSCK/Images/FSCK4512.jpg	jpeg
rec	FSCK4513.REC	Recovered FSCK/Images/FSCK4513.jpg	jpeg
rec	FSCK4514.REC	Recovered FSCK/Images/FSCK4514.jpg	jpeg
rec	FSCK4515.REC	Recovered FSCK/Images/FSCK4515.jpg	jpeg
rec	FSCK4516.REC	Recovered FSCK/Images/FSCK4516.jpg	jpeg
rec	FSCK4517.REC	Recovered FSCK/Images/FSCK4517.jpg	jpeg
rec	FSCK4518.REC	Recovered FSCK/Images/FSCK4518.jpg	jpeg
rec	FSCK4519.REC	Recovered FSCK/Images/FSCK4519.jpg	jpeg
rec	FSCK4520.REC	Recovered FSCK/Images/FSCK4520.jpg	jpeg
rec	FSCK4521.REC	Recovered FSCK/Images/FSCK4521.jpg	jpeg
rec	FSCK4522.REC	Recovered FSCK/Images/FSCK4522.jpg	jpeg
rec	FSCK4523.REC	Recovered FSCK/Images/FSCK4523.jpg	jpeg
rec	FSCK4524.REC	Recovered FSCK/Images/FSCK4524.jpg	jpeg
rec	FSCK4525.REC	Recovered FSCK/Images/FSCK4525.jpg	jpeg
rec	FSCK4526.REC	Recovered FSCK/Images/FSCK4526.jpg	jpeg
rec	FSCK4527.REC	Recovered FSCK/Images/FSCK4527.jpg	jpeg
rec	FSCK4528.REC	Recovered FSCK/Images/FSCK4528.jpg	jpeg
rec	FSCK4529.REC	Recovered FSCK/Images/FSCK4529.jpg	jpeg
rec	FSCK4530.REC	Recovered FSCK/Images/FSCK4530.jpg	jpeg
rec	FSCK4531.REC	Recovered FSCK/Images/FSCK4531.jpg	jpeg
rec	FSCK4532.REC	Recovered FSCK/Images/FSCK4532.jpg	jpeg
rec	FSCK4533.REC	Recovered FSCK/Images/FSCK4533.jpg	jpeg
rec	FSCK4534.REC	Recovered FSCK/Images/FSCK4534.jpg	jpeg
rec	FSCK4535.REC	Recovered FSCK/Images/FSCK4535.jpg	jpeg
rec	FSCK4536.REC	Recovered FSCK/Images/FSCK4536.jpg	jpeg
rec	FSCK4537.REC	Recovered FSCK/Images/FSCK4537.jpg	jpeg
rec	FSCK4538.REC	Recovered FSCK/Images/FSCK4538.jpg	jpeg
rec	FSCK4539.REC	Recovered FSCK/Images/FSCK4539.jpg	jpeg
rec	FSCK4540.REC	Recovered FSCK/Images/FSCK4540.jpg	jpeg
rec	FSCK4541.REC	Recovered FSCK/Images/FSCK4541.jpg	jpeg
rec	FSCK4542.REC	Recovered FSCK/Images/FSCK4542.jpg	jpeg
rec	FSCK4543.REC	Recovered FSCK/Images/FSCK4543.jpg	jpeg
rec	FSCK4544.REC	Recovered FSCK/Images/FSCK4544.jpg	jpeg
rec	FSCK4545.REC	Recovered FSCK/Images/FSCK4545.jpg	jpeg
rec	FSCK4546.REC	Recovered FSCK/Images/FSCK4546.jpg	jpeg
rec	FSCK4547.REC	Recovered FSCK/Images/FSCK4547.jpg	jpeg
rec	FSCK4548.REC	Recovered FSCK/Images/FSCK4548.jpg	jpeg
rec	FSCK4549.REC	Recovered FSCK/Images/FSCK4549.jpg	jpeg
rec	FSCK4550.REC	Recovered FSCK/Images/FSCK4550.jpg	jpeg
rec	FSCK4551.REC	Recovered FSCK/Images/FSCK4551.jpg	jpeg
rec	FSCK4552.REC	Recovered FSCK/Images/FSCK4552.jpg	jpeg
rec	FSCK4553.REC	Recovered FSCK/Images/FSCK4553.jpg	jpeg
rec	FSCK4554.REC	Recovered FSCK/Images/FSCK4554.jpg	jpeg
rec	FSCK4555.REC	Recovered FSCK/Images/FSCK4555.jpg	jpeg
rec	FSCK4556.REC	Recovered FSCK/Images/FSCK4556.jpg	jpeg
rec	FSCK4557.REC	Recovered FSCK/Images/FSCK4557.jpg	jpeg
rec	FSCK4558.REC	Recovered FSCK/Images/FSCK4558.jpg	jpeg
rec	FSCK4559.REC	Recovered FSCK/Images/FSCK4559.jpg	jpeg
rec	FSCK4560.REC	Recovered FSCK/Images/FSCK4560.jpg	jpeg
rec	FSCK4561.REC	Recovered FSCK/Images/FSCK4561.jpg	jpeg
rec	FSCK4562.REC	Recovered FSCK/Images/FSCK4562.jpg	jpeg
rec	FSCK4563.REC	Recovered FSCK/Images/FSCK4563.jpg	jpeg
rec	FSCK4564.REC	Recovered FSCK/Images/FSCK4564.jpg	jpeg
rec	FSCK4565.REC	Recovered FSCK/Images/FSCK4565.jpg	jpeg
rec	FSCK4566.REC	Recovered FSCK/Images/FSCK4566.jpg	jpeg
rec	FSCK4567.REC	Recovered FSCK/Images/FSCK4567.jpg	jpeg
rec	FSCK4568.REC	Recovered FSCK/Images/FSCK4568.jpg	jpeg
rec	FSCK4569.REC	Recovered FSCK/Images/FSCK4569.jpg	jpeg
rec	FSCK4570.REC	Recovered FSCK/Images/FSCK4570.jpg	jpeg
rec	FSCK4571.REC	Recovered FSCK/Images/FSCK4571.jpg	jpeg
rec	FSCK4572.REC	Recovered FSCK/Images/FSCK4572.jpg	jpeg
rec	FSCK4573.REC	Recovered FSCK/Images/FSCK4573.jpg	jpeg
rec	FSCK4574.REC	Recovered FSCK/Images/FSCK4574.jpg	jpeg
rec	FSCK4575.REC	Recovered FSCK/Images/FSCK4575.jpg	jpeg
rec	FSCK4576.REC	Recovered FSCK/Images/FSCK4576.jpg	jpeg
rec	FSCK4577.REC	Recovered FSCK/Images/FSCK4577.jpg	jpeg
rec	FSCK4578.REC	Recovered FSCK/Images/FSCK4578.jpg	jpeg
rec	FSCK4579.REC	Recovered FSCK/Images/FSCK4579.jpg	jpeg
rec	FSCK4580.REC	Recovered FSCK/Images/FSCK4580.jpg	jpeg
rec	FSCK4581.REC	Recovered FSCK/Images/FSCK4581.jpg	jpeg
rec	FSCK4582.REC	Recovered FSCK/Images/FSCK4582.jpg	jpeg
rec	FSCK4583.REC	Recovered FSCK/Images/FSCK4583.jpg	jpeg
rec	FSCK4584.REC	Recovered FSCK/Images/FSCK4584.jpg	jpeg
rec	FSCK4585.REC	Recovered FSCK/Images/FSCK4585.jpg	jpeg
rec	FSCK4586.REC	Recovered FSCK/Images/FSCK4586.jpg	jpeg
rec	FSCK4587.REC	Recovered FSCK/Images/FSCK4587.jpg	jpeg
rec	FSCK4588.REC	Recovered FSCK/Images/FSCK4588.jpg	jpeg
rec	FSCK4589.REC	Recovered FSCK/Images/FSCK4589.jpg	jpeg
rec	FSCK4590.REC	Recovered FSCK/Images/FSCK4590.jpg	jpeg
rec	FSCK4591.REC	Recovered FSCK/Images/FSCK4591.jpg	jpeg
rec	FSCK4592.REC	Recovered FSCK/Images/FSCK4592.jpg	jpeg
rec	FSCK4593.REC	Recovered FSCK/Images/FSCK4593.jpg	jpeg
rec	FSCK4594.REC	Recovered FSCK/Images/FSCK4594.jpg	jpeg
rec	FSCK4595.REC	Recovered FSCK/Images/FSCK4595.jpg	jpeg
rec	FSCK4596.REC	Recovered FSCK/Images/FSCK4596.jpg	jpeg
rec	FSCK4597.REC	Recovered FSCK/Images/FSCK4597.jpg	jpeg
rec	FSCK4598.REC	Recovered FSCK/Images/FSCK4598.jpg	jpeg
rec	FSCK4599.REC	Recovered FSCK/Images/FSCK4599.jpg	jpeg
rec	FSCK4600.REC	Recovered FSCK/Images/FSCK4600.jpg	jpeg
rec	FSCK4601.REC	Recovered FSCK/Images/FSCK4601.jpg	jpeg
rec	FSCK4602.REC	Recovered FSCK/Images/FSCK4602.jpg	jpeg
rec	FSCK4603.REC	Recovered FSCK/Images/FSCK4603.jpg	jpeg
rec	FSCK4604.REC	Recovered FSCK/Images/FSCK4604.jpg	jpeg
rec	FSCK4605.REC	Recovered FSCK/Images/FSCK4605.jpg	jpeg
rec	FSCK4606.REC	Recovered FSCK/Images/FSCK4606.jpg	jpeg
rec	FSCK4607.REC	Recovered FSCK/Images/FSCK4607.jpg	jpeg
rec	FSCK4608.REC	Recovered FSCK/Images/FSCK4608.jpg	jpeg
rec	FSCK4609.REC	Recovered FSCK/Images/FSCK4609.jpg	jpeg
rec	FSCK4610.REC	Recovered FSCK/Images/FSCK4610.jpg	jpeg
rec	FSCK4611.REC	Recovered FSCK/Images/FSCK4611.jpg	jpeg
rec	FSCK4612.REC	Recovered FSCK/Images/FSCK4612.jpg	jpeg
rec	FSCK4613.REC	Recovered FSCK/Images/FSCK4613.jpg	jpeg
rec	FSCK4614.REC	Recovered FSCK/Images/FSCK4614.jpg	jpeg
rec	FSCK4615.REC	Recovered FSCK/Images/FSCK4615.jpg	jpeg
rec	FSCK4616.REC	Recovered FSCK/Images/FSCK4616.jpg	jpeg
rec	FSCK4617.REC	Recovered FSCK/Images/FSCK4617.jpg	jpeg
rec	FSCK4618.REC	Recovered FSCK/Images/FSCK4618.jpg	jpeg
rec	FSCK4619.REC	Recovered FSCK/Images/FSCK4619.jpg	jpeg
rec	FSCK4620.REC	Recovered FSCK/Images/FSCK4620.jpg	jpeg
rec	FSCK4621.REC	Recovered FSCK/Images/FSCK4621.jpg	jpeg
rec	FSCK4622.REC	Recovered FSCK/Images/FSCK4622.jpg	jpeg
rec	FSCK4623.REC	Recovered FSCK/Images/FSCK4623.jpg	jpeg
rec	FSCK4624.REC	Recovered FSCK/Images/FSCK4624.jpg	jpeg
rec	FSCK4625.REC	Recovered FSCK/Images/FSCK4625.jpg	jpeg
rec	FSCK4626.REC	Recovered FSCK/Images/FSCK4626.jpg	jpeg
rec	FSCK4627.REC	Recovered FSCK/Images/FSCK4627.jpg	jpeg
rec	FSCK4628.REC	Recovered FSCK/Images/FSCK4628.jpg	jpeg
rec	FSCK4629.REC	Recovered FSCK/Images/FSCK4629.jpg	jpeg
rec	FSCK4630.REC	Recovered FSCK/Images/FSCK4630.jpg	jpeg
rec	FSCK4631.REC	Recovered FSCK/Images/FSCK4631.jpg	jpeg
rec	FSCK4632.REC	Recovered FSCK/Images/FSCK4632.jpg	jpeg
rec	FSCK4633.REC	Recovered FSCK/Images/FSCK4633.jpg	jpeg
rec	FSCK4634.REC	Recovered FSCK/Images/FSCK4634.jpg	jpeg
rec	FSCK4635.REC	Recovered FSCK/Images/FSCK4635.jpg	jpeg
rec	FSCK4636.REC	Recovered FSCK/Images/FSCK4636.jpg	jpeg
rec	FSCK4637.REC	Recovered FSCK/Images/FSCK4637.jpg	jpeg
rec	FSCK4638.REC	Recovered FSCK/Images/FSCK4638.jpg	jpeg
rec	FSCK4639.REC	Recovered FSCK/Images/FSCK4639.jpg	jpeg
rec	FSCK4640.REC	Recovered FSCK/Images/FSCK4640.jpg	jpeg
rec	FSCK4641.REC	Recovered FSCK/Images/FSCK4641.jpg	jpeg
rec	FSCK4642.REC	Recovered FSCK/Images/FSCK4642.jpg	jpeg
rec	FSCK4643.REC	Recovered FSCK/Images/FSCK4643.jpg	jpeg
rec	FSCK4644.REC	Recovered FSCK/Images/FSCK4644.jpg	jpeg
rec	FSCK4645.REC	Recovered FSCK/Images/FSCK4645.jpg	jpeg
rec	FSCK4646.REC	Recovered FSCK/Images/FSCK4646.jpg	jpeg
rec	FSCK4647.REC	Recovered FSCK/Images/FSCK4647.jpg	jpeg
rec	FSCK4648.REC	Recovered FSCK/Images/FSCK4648.jpg	jpeg
rec	FSCK4649.REC	Recovered FSCK/Images/FSCK4649.jpg	jpeg
rec	FSCK4650.REC	Recovered FSCK/Images/FSCK4650.jpg	jpeg
rec	FSCK4651.REC	Recovered FSCK/Images/FSCK4651.jpg	jpeg
rec	FSCK4652.REC	Recovered FSCK/Images/FSCK4652.jpg	jpeg
rec	FSCK4653.REC	Recovered FSCK/Images/FSCK4653.jpg	jpeg
rec	FSCK4654.REC	Recovered FSCK/Images/FSCK4654.jpg	jpeg
rec	FSCK4655.REC	Recovered FSCK/Images/FSCK4655.jpg	jpeg
rec	FSCK4656.REC	Recovered FSCK/Images/FSCK4656.jpg	jpeg
rec	FSCK4657.REC	Recovered FSCK/Images/FSCK4657.jpg	jpeg
rec	FSCK4658.REC	Recovered FSCK/Images/FSCK4658.jpg	jpeg
rec	FSCK4659.REC	Recovered FSCK/Images/FSCK4659.jpg	jpeg
rec	FSCK4660.REC	Recovered FSCK/Images/FSCK4660.jpg	jpeg
rec	FSCK4661.REC	Recovered FSCK/Images/FSCK4661.jpg	jpeg
rec	FSCK4662.REC	Recovered FSCK/Images/FSCK4662.jpg	jpeg
rec	FSCK4663.REC	Recovered FSCK/Images/FSCK4663.jpg	jpeg
rec	FSCK4664.REC	Recovered FSCK/Images/FSCK4664.jpg	jpeg
rec	FSCK4665.REC	Recovered FSCK/Images/FSCK4665.jpg	jpeg
rec	FSCK4666.REC	Recovered FSCK/Images/FSCK4666.jpg	jpeg
rec	FSCK4667.REC	Recovered FSCK/Images/FSCK4667.jpg	jpeg
rec	FSCK4668.REC	Recovered FSCK/Images/FSCK4668.jpg	jpeg
rec	FSCK4669.REC	Recovered FSCK/Images/FSCK4669.jpg	jpeg
rec	FSCK4670.REC	Recovered FSCK/Images/FSCK4670.jpg	jpeg
rec	FSCK4671.REC	Recovered FSCK/Images/FSCK4671.jpg	jpeg
rec	FSCK4672.REC	Recovered FSCK/Images/FSCK4672.jpg	jpeg
rec	FSCK4673.REC	Recovered FSCK/Images/FSCK4673.jpg	jpeg
rec	FSCK4674.REC	Recovered FSCK/Images/FSCK4674.jpg	jpeg
rec	FSCK4675.REC	Recovered FSCK/Images/FSCK4675.jpg	jpeg
rec	FSCK4676.REC	Recovered FSCK/Images/FSCK4676.jpg	jpeg
rec	FSCK4677.REC	Recovered FSCK/Images/FSCK4677.jpg	jpeg
rec	FSCK4678.REC	Recovered FSCK/Images/FSCK4678.jpg	jpeg
rec	FSCK4679.REC	Recovered FSCK/Images/FSCK4679.jpg	jpeg
rec	FSCK4680.REC	Recovered FSCK/Images/FSCK4680.jpg	jpeg
rec	FSCK4681.REC	Recovered FSCK/Images/FSCK4681.jpg	jpeg
rec	FSCK4682.REC	Recovered FSCK/Images/FSCK4682.jpg	jpeg
rec	FSCK4683.REC	Recovered FSCK/Images/FSCK4683.jpg	jpeg
rec	FSCK4684.REC	Recovered FSCK/Images/FSCK4684.jpg	jpeg
rec	FSCK4685.REC	Recovered FSCK/Images/FSCK4685.jpg	jpeg
rec	FSCK4686.REC	Recovered FSCK/Images/FSCK4686.jpg	jpeg
rec	FSCK4687.REC	Recovered FSCK/Images/FSCK4687.jpg	jpeg
rec	FSCK4688.REC	Recovered FSCK/Images/FSCK4688.jpg	jpeg
rec	FSCK4689.REC	Recovered FSCK/Images/FSCK4689.jpg	jpeg
rec	FSCK4690.REC	Recovered FSCK/Images/FSCK4690.jpg	jpeg
rec	FSCK4691.REC	Recovered FSCK/Images/FSCK4691.jpg	jpeg
rec	FSCK4692.REC	Recovered FSCK/Images/FSCK4692.jpg	jpeg
rec	FSCK4693.REC	Recovered FSCK/Images/FSCK4693.jpg	jpeg
rec	FSCK4694.REC	Recovered FSCK/Images/FSCK4694.jpg	jpeg
rec	FSCK4695.REC	Recovered FSCK/Images/FSCK4695.jpg	jpeg
rec	FSCK4696.REC	Recovered FSCK/Images/FSCK4696.jpg	jpeg
rec	FSCK4697.REC	Recovered FSCK/Images/FSCK4697.jpg	jpeg
rec	FSCK4698.REC	Recovered FSCK/Images/FSCK4698.jpg	jpeg
rec	FSCK4699.REC	Recovered FSCK/Images/FSCK4699.jpg	jpeg
rec	FSCK4700.REC	Recovered FSCK/Images/FSCK4700.jpg	jpeg
rec	FSCK4701.REC	Recovered FSCK/Images/FSCK4701.jpg	jpeg
rec	FSCK4702.REC	Recovered FSCK/Images/FSCK4702.jpg	jpeg
rec	FSCK4703.REC	Recovered FSCK/Images/FSCK4703.jpg	jpeg
rec	FSCK4704.REC	Recovered FSCK/Images/FSCK4704.jpg	jpeg
rec	FSCK4705.REC	Recovered FSCK/Images/FSCK4705.jpg	jpeg
rec	FSCK4706.REC	Recovered FSCK/Images/FSCK4706.jpg	jpeg
rec	FSCK4707.REC	Recovered FSCK/Images/FSCK4707.jpg	jpeg
rec	FSCK4708.REC	Recovered FSCK/Images/FSCK4708.jpg	jpeg
rec	FSCK4709.REC	Recovered FSCK/Images/FSCK4709.jpg	jpeg
rec	FSCK4710.REC	Recovered FSCK/Images/FSCK4710.jpg	jpeg
rec	FSCK4711.REC	Recovered FSCK/Images/FSCK4711.jpg	jpeg
rec	FSCK4712.REC	Recovered FSCK/Images/FSCK4712.jpg	jpeg
rec	FSCK4713.REC	Recovered FSCK/Images/FSCK4713.jpg	jpeg
rec	FSCK4714.REC	Recovered FSCK/Images/FSCK4714.jpg	jpeg
rec	FSCK4715.REC	Recovered FSCK/Images/FSCK4715.jpg	jpeg
rec	FSCK4716.REC	Recovered FSCK/Images/FSCK4716.jpg	jpeg
rec	FSCK4717.REC	Recovered FSCK/Images/FSCK4717.jpg	jpeg
rec	FSCK4718.REC	Recovered FSCK/Images/FSCK4718.jpg	jpeg
rec	FSCK4719.REC	Recovered FSCK/Images/FSCK4719.jpg	jpeg
rec	FSCK4720.REC	Recovered FSCK/Images/FSCK4720.jpg	jpeg
rec	FSCK4721.REC	Recovered FSCK/Images/FSCK4721.jpg	jpeg
rec	FSCK4722.REC	Recovered FSCK/Images/FSCK4722.jpg	jpeg
rec	FSCK4723.REC	Recovered FSCK/Images/FSCK4723.jpg	jpeg
rec	FSCK4724.REC	Recovered FSCK/Images/FSCK4724.jpg	jpeg
rec	FSCK4725.REC	Recovered FSCK/Images/FSCK4725.jpg	jpeg
rec	FSCK4726.REC	Recovered FSCK/Images/FSCK4726.jpg	jpeg
rec	FSCK4727.REC	Recovered FSCK/Images/FSCK4727.jpg	jpeg
rec	FSCK4728.REC	Recovered FSCK/Images/FSCK4728.jpg	jpeg
rec	FSCK4729.REC	Recovered FSCK/Images/FSCK4729.jpg	jpeg
rec	FSCK4730.REC	Recovered FSCK/Images/FSCK4730.jpg	jpeg
rec	FSCK4731.REC	Recovered FSCK/Images/FSCK4731.jpg	jpeg
rec	FSCK4732.REC	Recovered FSCK/Images/FSCK4732.jpg	jpeg
rec	FSCK4733.REC	Recovered FSCK/Images/FSCK4733.jpg	jpeg
rec	FSCK4734.REC	Recovered FSCK/Images/FSCK4734.jpg	jpeg
rec	FSCK4735.REC	Recovered FSCK/Images/FSCK4735.jpg	jpeg
rec	FSCK4736.REC	Recovered FSCK/Images/FSCK4736.jpg	jpeg
rec	FSCK4737.REC	Recovered FSCK/Images/FSCK4737.jpg	jpeg
rec	FSCK4738.REC	Recovered FSCK/Images/FSCK4738.jpg	jpeg
rec	FSCK4739.REC	Recovered FSCK/Images/FSCK4739.jpg	jpeg
rec	FSCK4740.REC	Recovered FSCK/Images/FSCK4740.jpg	jpeg
rec	FSCK4741.REC	Recovered FSCK/Images/FSCK4741.jpg	jpeg
rec	FSCK4742.REC	Recovered FSCK/Images/FSCK4742.jpg	jpeg
rec	FSCK4743.REC	Recovered FSCK/Images/FSCK4743.jpg	jpeg
rec	FSCK4744.REC	Recovered FSCK/Images/FSCK4744.jpg	jpeg
rec	FSCK4745.REC	Recovered FSCK/Images/FSCK4745.jpg	jpeg
rec	FSCK4746.REC	Recovered FSCK/Images/FSCK4746.jpg	jpeg
rec	FSCK4747.REC	Recovered FSCK/Images/FSCK4747.jpg	jpeg
rec	FSCK4748.REC	Recovered FSCK/Images/FSCK4748.jpg	jpeg
rec	FSCK4749.REC	Recovered FSCK/Images/FSCK4749.jpg	jpeg
rec	FSCK4750.REC	Recovered FSCK/Images/FSCK4750.jpg	jpeg
rec	FSCK4751.REC	Recovered FSCK/Images/FSCK4751.jpg	jpeg
rec	FSCK4752.REC	Recovered FSCK/Images/FSCK4752.jpg	jpeg
rec	FSCK4753.REC	Recovered FSCK/Images/FSCK4753.jpg	jpeg
rec	FSCK4754.REC	Recovered FSCK/Images/FSCK4754.jpg	jpeg
rec	FSCK4755.REC	Recovered FSCK/Images/FSCK4755.jpg	jpeg
rec	FSCK4756.REC	Recovered FSCK/Images/FSCK4756.jpg	jpeg
rec	FSCK4757.REC	Recovered FSCK/Images/FSCK4757.jpg	jpeg
rec	FSCK4758.REC	Recovered FSCK/Images/FSCK4758.jpg	jpeg
rec	FSCK4759.REC	Recovered FSCK/Images/FSCK4759.jpg	jpeg
rec	FSCK4760.REC	Recovered FSCK/Images/FSCK4760.jpg	jpeg
rec	FSCK4761.REC	Recovered FSCK/Images/FSCK4761.jpg	jpeg
rec	FSCK4762.REC	Recovered FSCK/Images/FSCK4762.jpg	jpeg
rec	FSCK4763.REC	Recovered FSCK/Images/FSCK4763.jpg	jpeg
rec	FSCK4764.REC	Recovered FSCK/Images/FSCK4764.jpg	jpeg
rec	FSCK4765.REC	Recovered FSCK/Images/FSCK4765.jpg	jpeg
rec	FSCK4766.REC	Recovered FSCK/Images/FSCK4766.jpg	jpeg
rec	FSCK4767.REC	Recovered FSCK/Images/FSCK4767.jpg	jpeg
rec	FSCK4768.REC	Recovered FSCK/Images/FSCK4768.jpg	jpeg
rec	FSCK4769.REC	Recovered FSCK/Images/FSCK4769.jpg	jpeg
rec	FSCK4770.REC	Recovered FSCK/Images/FSCK4770.jpg	jpeg
rec	FSCK4771.REC	Recovered FSCK/Images/FSCK4771.jpg	jpeg
rec	FSCK4772.REC	Recovered FSCK/Images/FSCK4772.jpg	jpeg
rec	FSCK4773.REC	Recovered FSCK/Images/FSCK4773.jpg	jpeg
rec	FSCK4774.REC	Recovered FSCK/Images/FSCK4774.jpg	jpeg
rec	FSCK4775.REC	Recovered FSCK/Images/FSCK4775.jpg	jpeg
rec	FSCK4776.REC	Recovered FSCK/Images/FSCK4776.jpg	jpeg
rec	FSCK4777.REC	Recovered FSCK/Images/FSCK4777.jpg	jpeg
rec	FSCK4778.REC	Recovered FSCK/Images/FSCK4778.jpg	jpeg
rec	FSCK4779.REC	Recovered FSCK/Images/FSCK4779.jpg	jpeg
rec	FSCK4780.REC	Recovered FSCK/Images/FSCK4780.jpg	jpeg
rec	FSCK4781.REC	Recovered FSCK/Images/FSCK4781.jpg	jpeg
rec	FSCK4782.REC	Recovered FSCK/Images/FSCK4782.jpg	jpeg
rec	FSCK4783.REC	Recovered FSCK/Images/FSCK4783.jpg	jpeg
rec	FSCK4784.REC	Recovered FSCK/Images/FSCK4784.jpg	jpeg
rec	FSCK4785.REC	Recovered FSCK/Images/FSCK4785.jpg	jpeg
rec	FSCK4786.REC	Recovered FSCK/Images/FSCK4786.jpg	jpeg
rec	FSCK4787.REC	Recovered FSCK/Images/FSCK4787.jpg	jpeg
rec	FSCK4788.REC	Recovered FSCK/Images/FSCK4788.jpg	jpeg
rec	FSCK4789.REC	Recovered FSCK/Images/FSCK4789.jpg	jpeg
rec	FSCK4790.REC	Recovered FSCK/Images/FSCK4790.jpg	jpeg
rec	FSCK4791.REC	Recovered FSCK/Images/FSCK4791.jpg	jpeg
rec	FSCK4792.REC	Recovered FSCK/Images/FSCK4792.jpg	jpeg
rec	FSCK4793.REC	Recovered FSCK/Images/FSCK4793.jpg	jpeg
rec	FSCK4794.REC	Recovered FSCK/Images/FSCK4794.jpg	jpeg
rec	FSCK4795.REC	Recovered FSCK/Images/FSCK4795.jpg	jpeg
rec	FSCK4796.REC	Recovered FSCK/Images/FSCK4796.jpg	jpeg
rec	FSCK4797.REC	Recovered FSCK/Images/FSCK4797.jpg	jpeg
rec	FSCK4798.REC	Recovered FSCK/Images/FSCK4798.jpg	jpeg
rec	FSCK4799.REC	Recovered FSCK/Images/FSCK4799.jpg	jpeg
rec	FSCK4800.REC	Recovered FSCK/Images/FSCK4800.jpg	jpeg
rec	FSCK4801.REC	Recovered FSCK/Images/FSCK4801.jpg	jpeg
rec	FSCK4802.REC	Recovered FSCK/Images/FSCK4802.jpg	jpeg
rec	FSCK4803.REC	Recovered FSCK/Images/FSCK4803.jpg	jpeg
rec	FSCK4804.REC	Recovered FSCK/Images/FSCK4804.jpg	jpeg
rec	FSCK4805.REC	Recovered FSCK/Images/FSCK4805.jpg	jpeg
rec	FSCK4806.REC	Recovered FSCK/Images/FSCK4806.jpg	jpeg
rec	FSCK4807.REC	Recovered FSCK/Images/FSCK4807.jpg	jpeg
rec	FSCK4808.REC	Recovered FSCK/Images/FSCK4808.jpg	jpeg
rec	FSCK4809.REC	Recovered FSCK/Images/FSCK4809.jpg	jpeg
rec	FSCK4810.REC	Recovered FSCK/Images/FSCK4810.jpg	jpeg
rec	FSCK4811.REC	Recovered FSCK/Images/FSCK4811.jpg	jpeg
rec	FSCK4812.REC	Recovered FSCK/Images/FSCK4812.jpg	jpeg
rec	FSCK4813.REC	Recovered FSCK/Images/FSCK4813.jpg	jpeg
rec	FSCK4814.REC	Recovered FSCK/Images/FSCK4814.jpg	jpeg
rec	FSCK4815.REC	Recovered FSCK/Images/FSCK4815.jpg	jpeg
rec	FSCK4816.REC	Recovered FSCK/Images/FSCK4816.jpg	jpeg
rec	FSCK4817.REC	Recovered FSCK/Images/FSCK4817.jpg	jpeg
rec	FSCK4818.REC	Recovered FSCK/Images/FSCK4818.jpg	jpeg
rec	FSCK4819.REC	Recovered FSCK/Images/FSCK4819.jpg	jpeg
rec	FSCK4820.REC	Recovered FSCK/Images/FSCK4820.jpg	jpeg
rec	FSCK4821.REC	Recovered FSCK/Images/FSCK4821.jpg	jpeg
rec	FSCK4822.REC	Recovered FSCK/Images/FSCK4822.jpg	jpeg
rec	FSCK4823.REC	Recovered FSCK/Images/FSCK4823.jpg	jpeg
rec	FSCK4824.REC	Recovered FSCK/Images/FSCK4824.jpg	jpeg
rec	FSCK4825.REC	Recovered FSCK/Images/FSCK4825.jpg	jpeg
rec	FSCK4826.REC	Recovered FSCK/Images/FSCK4826.jpg	jpeg
rec	FSCK4827.REC	Recovered FSCK/Images/FSCK4827.jpg	jpeg
rec	FSCK4828.REC	Recovered FSCK/Images/FSCK4828.jpg	jpeg
rec	FSCK4829.REC	Recovered FSCK/Images/FSCK4829.jpg	jpeg
rec	FSCK4830.REC	Recovered FSCK/Images/FSCK4830.jpg	jpeg
rec	FSCK4831.REC	Recovered FSCK/Images/FSCK4831.jpg	jpeg
rec	FSCK4832.REC	Recovered FSCK/Images/FSCK4832.jpg	jpeg
rec	FSCK4833.REC	Recovered FSCK/Images/FSCK4833.jpg	jpeg
rec	FSCK4834.REC	Recovered FSCK/Images/FSCK4834.jpg	jpeg
rec	FSCK4835.REC	Recovered FSCK/Images/FSCK4835.jpg	jpeg
rec	FSCK4836.REC	Recovered FSCK/Images/FSCK4836.jpg	jpeg
rec	FSCK4837.REC	Recovered FSCK/Images/FSCK4837.jpg	jpeg
rec	FSCK4838.REC	Recovered FSCK/Images/FSCK4838.jpg	jpeg
rec	FSCK4839.REC	Recovered FSCK/Images/FSCK4839.jpg	jpeg
rec	FSCK4840.REC	Recovered FSCK/Images/FSCK4840.jpg	jpeg
rec	FSCK4841.REC	Recovered FSCK/Images/FSCK4841.jpg	jpeg
rec	FSCK4842.REC	Recovered FSCK/Images/FSCK4842.jpg	jpeg
rec	FSCK4843.REC	Recovered FSCK/Images/FSCK4843.jpg	jpeg
rec	FSCK4844.REC	Recovered FSCK/Images/FSCK4844.jpg	jpeg
rec	FSCK4845.REC	Recovered FSCK/Images/FSCK4845.jpg	jpeg
rec	FSCK4846.REC	Recovered FSCK/Images/FSCK4846.jpg	jpeg
rec	FSCK4847.REC	Recovered FSCK/Images/FSCK4847.jpg	jpeg
rec	FSCK4848.REC	Recovered FSCK/Images/FSCK4848.jpg	jpeg
rec	FSCK4849.REC	Recovered FSCK/Images/FSCK4849.jpg	jpeg
rec	FSCK4850.REC	Recovered FSCK/Images/FSCK4850.jpg	jpeg
rec	FSCK4851.REC	Recovered FSCK/Images/FSCK4851.jpg	jpeg
rec	FSCK4852.REC	Recovered FSCK/Images/FSCK4852.jpg	jpeg
rec	FSCK4853.REC	Recovered FSCK/Images/FSCK4853.jpg	jpeg
rec	FSCK4854.REC	Recovered FSCK/Images/FSCK4854.jpg	jpeg
rec	FSCK4855.REC	Recovered FSCK/Images/FSCK4855.jpg	jpeg
rec	FSCK4856.REC	Recovered FSCK/Images/FSCK4856.jpg	jpeg
rec	FSCK4857.REC	Recovered FSCK/Images/FSCK4857.jpg	jpeg
rec	FSCK4858.REC	Recovered FSCK/Images/FSCK4858.jpg	jpeg
rec	FSCK4859.REC	Recovered FSCK/Images/FSCK4859.jpg	jpeg
rec	FSCK4860.REC	Recovered FSCK/Images/FSCK4860.jpg	jpeg
rec	FSCK4861.REC	Recovered FSCK/Images/FSCK4861.jpg	jpeg
rec	FSCK4862.REC	Recovered FSCK/Images/FSCK4862.jpg	jpeg
rec	FSCK4863.REC	Recovered FSCK/Images/FSCK4863.jpg	jpeg
rec	FSCK4864.REC	Recovered FSCK/Images/FSCK4864.jpg	jpeg
rec	FSCK4865.REC	Recovered FSCK/Images/FSCK4865.jpg	jpeg
rec	FSCK4866.REC	Recovered FSCK/Images/FSCK4866.jpg	jpeg
rec	FSCK4867.REC	Recovered FSCK/Images/FSCK4867.jpg	jpeg
rec	FSCK4868.REC	Recovered FSCK/Images/FSCK4868.jpg	jpeg
rec	FSCK4869.REC	Recovered FSCK/Images/FSCK4869.jpg	jpeg
rec	FSCK4870.REC	Recovered FSCK/Images/FSCK4870.jpg	jpeg
rec	FSCK4871.REC	Recovered FSCK/Images/FSCK4871.jpg	jpeg
rec	FSCK4872.REC	Recovered FSCK/Images/FSCK4872.jpg	jpeg
rec	FSCK4873.REC	Recovered FSCK/Images/FSCK4873.jpg	jpeg
rec	FSCK4874.REC	Recovered FSCK/Images/FSCK4874.jpg	jpeg
rec	FSCK4875.REC	Recovered FSCK/Images/FSCK4875.jpg	jpeg
rec	FSCK4876.REC	Recovered FSCK/Images/FSCK4876.jpg	jpeg
rec	FSCK4877.REC	Recovered FSCK/Images/FSCK4877.jpg	jpeg
rec	FSCK4878.REC	Recovered FSCK/Images/FSCK4878.jpg	jpeg
rec	FSCK4879.REC	Recovered FSCK/Images/FSCK4879.jpg	jpeg
rec	FSCK4880.REC	Recovered FSCK/Images/FSCK4880.jpg	jpeg
rec	FSCK4881.REC	Recovered FSCK/Images/FSCK4881.jpg	jpeg
rec	FSCK4882.REC	Recovered FSCK/Images/FSCK4882.jpg	jpeg
rec	FSCK4883.REC	Recovered FSCK/Images/FSCK4883.jpg	jpeg
rec	FSCK4884.REC	Recovered FSCK/Images/FSCK4884.jpg	jpeg
rec	FSCK4885.REC	Recovered FSCK/Images/FSCK4885.jpg	jpeg
rec	FSCK4886.REC	Recovered FSCK/Images/FSCK4886.jpg	jpeg
rec	FSCK4887.REC	Recovered FSCK/Images/FSCK4887.jpg	jpeg
rec	FSCK4888.REC	Recovered FSCK/Images/FSCK4888.jpg	jpeg
rec	FSCK4889.REC	Recovered FSCK/Images/FSCK4889.jpg	jpeg
rec	FSCK4890.REC	Recovered FSCK/Images/FSCK4890.jpg	jpeg
rec	FSCK4891.REC	Recovered FSCK/Images/FSCK4891.jpg	jpeg
rec	FSCK4892.REC	Recovered FSCK/Images/FSCK4892.jpg	jpeg
rec	FSCK4893.REC	Recovered FSCK/Images/FSCK4893.jpg	jpeg
rec	FSCK4894.REC	Recovered FSCK/Images/FSCK4894.jpg	jpeg
rec	FSCK4895.REC	Recovered FSCK/Images/FSCK4895.jpg	jpeg
rec	FSCK4896.REC	Recovered FSCK/Images/FSCK4896.jpg	jpeg
rec	FSCK4897.REC	Recovered FSCK/Images/FSCK4897.jpg	jpeg
rec	FSCK4898.REC	Recovered FSCK/Images/FSCK4898.jpg	jpeg
rec	FSCK4899.REC	Recovered FSCK/Images/FSCK4899.jpg	jpeg
rec	FSCK4900.REC	Recovered FSCK/Images/FSCK4900.jpg	jpeg
rec	FSCK4901.REC	Recovered FSCK/Images/FSCK4901.jpg	jpeg
rec	FSCK4902.REC	Recovered FSCK/Images/FSCK4902.jpg	jpeg
rec	FSCK4903.REC	Recovered FSCK/Images/FSCK4903.jpg	jpeg
rec	FSCK4904.REC	Recovered FSCK/Images/FSCK4904.jpg	jpeg
rec	FSCK4905.REC	Recovered FSCK/Images/FSCK4905.jpg	jpeg
rec	FSCK4906.REC	Recovered FSCK/Images/FSCK4906.jpg	jpeg
rec	FSCK4907.REC	Recovered FSCK/Images/FSCK4907.jpg	jpeg
rec	FSCK4908.REC	Recovered FSCK/Images/FSCK4908.jpg	jpeg
rec	FSCK4909.REC	Recovered FSCK/Images/FSCK4909.jpg	jpeg
rec	FSCK4910.REC	Recovered FSCK/Images/FSCK4910.jpg	jpeg
rec	FSCK4911.REC	Recovered FSCK/Images/FSCK4911.jpg	jpeg
rec	FSCK4912.REC	Recovered FSCK/Images/FSCK4912.jpg	jpeg
rec	FSCK4913.REC	Recovered FSCK/Images/FSCK4913.jpg	jpeg
rec	FSCK4914.REC	Recovered FSCK/Images/FSCK4914.jpg	jpeg
rec	FSCK4915.REC	Recovered FSCK/Images/FSCK4915.jpg	jpeg
rec	FSCK4916.REC	Recovered FSCK/Images/FSCK4916.jpg	jpeg
rec	FSCK4917.REC	Recovered FSCK/Images/FSCK4917.jpg	jpeg
rec	FSCK4918.REC	Recovered FSCK/Images/FSCK4918.jpg	jpeg
rec	FSCK4919.REC	Recovered FSCK/Images/FSCK4919.jpg	jpeg
rec	FSCK4920.REC	Recovered FSCK/Images/FSCK4920.jpg	jpeg
rec	FSCK4921.REC	Recovered FSCK/Images/FSCK4921.jpg	jpeg
rec	FSCK4922.REC	Recovered FSCK/Images/FSCK4922.jpg	jpeg
rec	FSCK4923.REC	Recovered FSCK/Images/FSCK4923.jpg	jpeg
rec	FSCK4924.REC	Recovered FSCK/Images/FSCK4924.jpg	jpeg
rec	FSCK4925.REC	Recovered FSCK/Images/FSCK4925.jpg	jpeg
rec	FSCK4926.REC	Recovered FSCK/Images/FSCK4926.jpg	jpeg
rec	FSCK4927.REC	Recovered FSCK/Images/FSCK4927.jpg	jpeg
rec	FSCK4928.REC	Recovered FSCK/Images/FSCK4928.jpg	jpeg
rec	FSCK4929.REC	Recovered FSCK/Images/FSCK4929.jpg	jpeg
rec	FSCK4930.REC	Recovered FSCK/Images/FSCK4930.jpg	jpeg
rec	FSCK4931.REC	Recovered FSCK/Images/FSCK4931.jpg	jpeg
rec	FSCK4932.REC	Recovered FSCK/Images/FSCK4932.jpg	jpeg
rec	FSCK4933.REC	Recovered FSCK/Images/FSCK4933.jpg	jpeg
rec	FSCK4934.REC	Recovered FSCK/Images/FSCK4934.jpg	jpeg
rec	FSCK4935.REC	Recovered FSCK/Images/FSCK4935.jpg	jpeg
rec	FSCK4936.REC	Recovered FSCK/Images/FSCK4936.jpg	jpeg
rec	FSCK4937.REC	Recovered FSCK/Images/FSCK4937.jpg	jpeg
rec	FSCK4938.REC	Recovered FSCK/Images/FSCK4938.jpg	jpeg
rec	FSCK4939.REC	Recovered FSCK/Images/FSCK4939.jpg	jpeg
rec	FSCK4940.REC	Recovered FSCK/Images/FSCK4940.jpg	jpeg
rec	FSCK4941.REC	Recovered FSCK/Images/FSCK4941.jpg	jpeg
rec	FSCK4942.REC	Recovered FSCK/Images/FSCK4942.jpg	jpeg
rec	FSCK4943.REC	Recovered FSCK/Images/FSCK4943.jpg	jpeg
rec	FSCK4944.REC	Recovered FSCK/Images/FSCK4944.jpg	jpeg
rec	FSCK4945.REC	Recovered FSCK/Images/FSCK4945.jpg	jpeg
rec	FSCK4946.REC	Recovered FSCK/Images/FSCK4946.jpg	jpeg
rec	FSCK4947.REC	Recovered FSCK/Images/FSCK4947.jpg	jpeg
rec	FSCK4948.REC	Recovered FSCK/Images/FSCK4948.jpg	jpeg
rec	FSCK4949.REC	Recovered FSCK/Images/FSCK4949.jpg	jpeg
rec	FSCK4950.REC	Recovered FSCK/Images/FSCK4950.jpg	jpeg
rec	FSCK4951.REC	Recovered FSCK/Images/FSCK4951.jpg	jpeg
rec	FSCK4952.REC	Recovered FSCK/Images/FSCK4952.jpg	jpeg
rec	FSCK4953.REC	Recovered FSCK/Images/FSCK4953.jpg	jpeg
rec	FSCK4954.REC	Recovered FSCK/Images/FSCK4954.jpg	jpeg
rec	FSCK4955.REC	Recovered FSCK/Images/FSCK4955.jpg	jpeg
rec	FSCK4956.REC	Recovered FSCK/Images/FSCK4956.jpg	jpeg
rec	FSCK4957.REC	Recovered FSCK/Images/FSCK4957.jpg	jpeg
rec	FSCK4958.REC	Recovered FSCK/Images/FSCK4958.jpg	jpeg
rec	FSCK4959.REC	Recovered FSCK/Images/FSCK4959.jpg	jpeg
rec	FSCK4960.REC	Recovered FSCK/Images/FSCK4960.jpg	jpeg
rec	FSCK4961.REC	Recovered FSCK/Images/FSCK4961.jpg	jpeg
rec	FSCK4962.REC	Recovered FSCK/Images/FSCK4962.jpg	jpeg
rec	FSCK4963.REC	Recovered FSCK/Images/FSCK4963.jpg	jpeg
rec	FSCK4964.REC	Recovered FSCK/Images/FSCK4964.jpg	jpeg
rec	FSCK4965.REC	Recovered FSCK/Images/FSCK4965.jpg	jpeg
rec	FSCK4966.REC	Recovered FSCK/Images/FSCK4966.jpg	jpeg
rec	FSCK4967.REC	Recovered FSCK/Images/FSCK4967.jpg	jpeg
rec	FSCK4968.REC	Recovered FSCK/Images/FSCK4968.jpg	jpeg
rec	FSCK4969.REC	Recovered FSCK/Images/FSCK4969.jpg	jpeg
rec	FSCK4970.REC	Recovered FSCK/Images/FSCK4970.jpg	jpeg
rec	FSCK4971.REC	Recovered FSCK/Images/FSCK4971.jpg	jpeg
rec	FSCK4972.REC	Recovered FSCK/Images/FSCK4972.jpg	jpeg
rec	FSCK4973.REC	Recovered FSCK/Images/FSCK4973.jpg	jpeg
rec	FSCK4974.REC	Recovered FSCK/Images/FSCK4974.jpg	jpeg
rec	FSCK4975.REC	Recovered FSCK/Images/FSCK4975.jpg	jpeg
rec	FSCK4976.REC	Recovered FSCK/Images/FSCK4976.jpg	jpeg
rec	FSCK4977.REC	Recovered FSCK/Images/FSCK4977.jpg	jpeg
rec	FSCK4978.REC	Recovered FSCK/Images/FSCK4978.jpg	jpeg
rec	FSCK4979.REC	Recovered FSCK/Images/FSCK4979.jpg	jpeg
rec	FSCK4980.REC	Recovered FSCK/Images/FSCK4980.jpg	jpeg
rec	FSCK4981.REC	Recovered FSCK/Images/FSCK4981.jpg	jpeg
rec	FSCK4982.REC	Recovered FSCK/Images/FSCK4982.jpg	jpeg
rec	FSCK4983.REC	Recovered FSCK/Images/FSCK4983.jpg	jpeg
rec	FSCK4984.REC	Recovered FSCK/Images/FSCK4984.jpg	jpeg
rec	FSCK4985.REC	Recovered FSCK/Images/FSCK4985.jpg	jpeg
rec	FSCK4986.REC	Recovered FSCK/Images/FSCK4986.jpg	jpeg
rec	FSCK4987.REC	Recovered FSCK/Images/FSCK4987.jpg	jpeg
rec	FSCK4988.REC	Recovered FSCK/Images/FSCK4988.jpg	jpeg
rec	FSCK4989.REC	Recovered FSCK/Images/FSCK4989.jpg	jpeg
rec	FSCK4990.REC	Recovered FSCK/Images/FSCK4990.jpg	jpeg
rec	FSCK4991.REC	Recovered FSCK/Images/FSCK4991.jpg	jpeg
rec	FSCK4992.REC	Recovered FSCK/Images/FSCK4992.jpg	jpeg
rec	FSCK4993.REC	Recovered FSCK/Images/FSCK4993.jpg	jpeg
rec	FSCK4994.REC	Recovered FSCK/Images/FSCK4994.jpg	jpeg
rec	FSCK4995.REC	Recovered FSCK/Images/FSCK4995.jpg	jpeg
rec	FSCK4996.REC	Recovered FSCK/Images/FSCK4996.jpg	jpeg
rec	FSCK4997.REC	Recovered FSCK/Images/FSCK4997.jpg	jpeg
rec	FSCK4998.REC	Recovered FSCK/Images/FSCK4998.jpg	jpeg
rec	FSCK4999.REC	Recovered FSCK/Images/FSCK4999.jpg	jpeg
rec	FSCK5000.REC	Recovered FSCK/Images/FSCK5000.jpg	jpeg
rec	FSCK5001.REC	Recovered FSCK/Images/FSCK5001.jpg	jpeg
rec	FSCK5002.REC	Recovered FSCK/Images/FSCK5002.jpg	jpeg
rec	FSCK5003.REC	Recovered FSCK/Images/FSCK5003.jpg	jpeg
rec	FSCK5004.REC	Recovered FSCK/Images/FSCK5004.jpg	jpeg
rec	FSCK5005.REC	Recovered FSCK/Images/FSCK5005.jpg	jpeg
rec	FSCK5006.REC	Recovered FSCK/Images/FSCK5006.jpg	jpeg
rec	FSCK5007.REC	Recovered FSCK/Images/FSCK5007.jpg	jpeg
rec	FSCK5008.REC	Recovered FSCK/Images/FSCK5008.jpg	jpeg
rec	FSCK5009.REC	Recovered FSCK/Images/FSCK5009.jpg	jpeg
rec	FSCK5010.REC	Recovered FSCK/Images/FSCK5010.jpg	jpeg
rec	FSCK5011.REC	Recovered FSCK/Images/FSCK5011.jpg	jpeg
rec	FSCK5012.REC	Recovered FSCK/Images/FSCK5012.jpg	jpeg
rec	FSCK5013.REC	Recovered FSCK/Images/FSCK5013.jpg	jpeg
rec	FSCK5014.REC	Recovered FSCK/Images/FSCK5014.jpg	jpeg
rec	FSCK5015.REC	Recovered FSCK/Images/FSCK5015.jpg	jpeg
rec	FSCK5016.REC	Recovered FSCK/Images/FSCK5016.jpg	jpeg
rec	FSCK5017.REC	Recovered FSCK/Images/FSCK5017.jpg	jpeg
rec	FSCK5018.REC	Recovered FSCK/Images/FSCK5018.jpg	jpeg
rec	FSCK5019.REC	Recovered FSCK/Images/FSCK5019.jpg	jpeg
rec	FSCK5020.REC	Recovered FSCK/Images/FSCK5020.jpg	jpeg
rec	FSCK5021.REC	Recovered FSCK/Images/FSCK5021.jpg	jpeg
rec	FSCK5022.REC	Recovered FSCK/Images/FSCK5022.jpg	jpeg
rec	FSCK5023.REC	Recovered FSCK/Images/FSCK5023.jpg	jpeg
rec	FSCK5024.REC	Recovered FSCK/Images/FSCK5024.jpg	jpeg
rec	FSCK5025.REC	Recovered FSCK/Images/FSCK5025.jpg	jpeg
rec	FSCK5026.REC	Recovered FSCK/Images/FSCK5026.jpg	jpeg
rec	FSCK5027.REC	Recovered FSCK/Images/FSCK5027.jpg	jpeg
rec	FSCK5028.REC	Recovered FSCK/Images/FSCK5028.jpg	jpeg
rec	FSCK5029.REC	Recovered FSCK/Images/FSCK5029.jpg	jpeg
rec	FSCK5030.REC	Recovered FSCK/Images/FSCK5030.jpg	jpeg
rec	FSCK5031.REC	Recovered FSCK/Images/FSCK5031.jpg	jpeg
rec	FSCK5032.REC	Recovered FSCK/Images/FSCK5032.jpg	jpeg
rec	FSCK5033.REC	Recovered FSCK/Images/FSCK5033.jpg	jpeg
rec	FSCK5034.REC	Recovered FSCK/Images/FSCK5034.jpg	jpeg
rec	FSCK5035.REC	Recovered FSCK/Images/FSCK5035.jpg	jpeg
rec	FSCK5036.REC	Recovered FSCK/Images/FSCK5036.jpg	jpeg
rec	FSCK5037.REC	Recovered FSCK/Images/FSCK5037.jpg	jpeg
rec	FSCK5038.REC	Recovered FSCK/Images/FSCK5038.jpg	jpeg
rec	FSCK5039.REC	Recovered FSCK/Images/FSCK5039.jpg	jpeg
rec	FSCK5040.REC	Recovered FSCK/Images/FSCK5040.jpg	jpeg
rec	FSCK5041.REC	Recovered FSCK/Images/FSCK5041.jpg	jpeg
rec	FSCK5042.REC	Recovered FSCK/Images/FSCK5042.jpg	jpeg
rec	FSCK5043.REC	Recovered FSCK/Images/FSCK5043.jpg	jpeg
rec	FSCK5044.REC	Recovered FSCK/Images/FSCK5044.jpg	jpeg
rec	FSCK5045.REC	Recovered FSCK/Images/FSCK5045.jpg	jpeg
rec	FSCK5046.REC	Recovered FSCK/Images/FSCK5046.jpg	jpeg
rec	FSCK5047.REC	Recovered FSCK/Images/FSCK5047.jpg	jpeg
rec	FSCK5048.REC	Recovered FSCK/Images/FSCK5048.jpg	jpeg
rec	FSCK5049.REC	Recovered FSCK/Images/FSCK5049.jpg	jpeg
rec	FSCK5050.REC	Recovered FSCK/Images/FSCK5050.jpg	jpeg
rec	FSCK5051.REC	Recovered FSCK/Images/FSCK5051.jpg	jpeg
rec	FSCK5052.REC	Recovered FSCK/Images/FSCK5052.jpg	jpeg
rec	FSCK5053.REC	Recovered FSCK/Images/FSCK5053.jpg	jpeg
rec	FSCK5054.REC	Recovered FSCK/Images/FSCK5054.jpg	jpeg
rec	FSCK5055.REC	Recovered FSCK/Images/FSCK5055.jpg	jpeg
rec	FSCK5056.REC	Recovered FSCK/Images/FSCK5056.jpg	jpeg
rec	FSCK5057.REC	Recovered FSCK/Images/FSCK5057.jpg	jpeg
rec	FSCK5058.REC	Recovered FSCK/Images/FSCK5058.jpg	jpeg
rec	FSCK5059.REC	Recovered FSCK/Images/FSCK5059.jpg	jpeg
rec	FSCK5060.REC	Recovered FSCK/Images/FSCK5060.jpg	jpeg
rec	FSCK5061.REC	Recovered FSCK/Images/FSCK5061.jpg	jpeg
rec	FSCK5062.REC	Recovered FSCK/Images/FSCK5062.jpg	jpeg
rec	FSCK5063.REC	Recovered FSCK/Images/FSCK5063.jpg	jpeg
rec	FSCK5064.REC	Recovered FSCK/Images/FSCK5064.jpg	jpeg
rec	FSCK5065.REC	Recovered FSCK/Images/FSCK5065.jpg	jpeg
rec	FSCK5066.REC	Recovered FSCK/Images/FSCK5066.jpg	jpeg
rec	FSCK5067.REC	Recovered FSCK/Images/FSCK5067.jpg	jpeg
rec	FSCK5068.REC	Recovered FSCK/Images/FSCK5068.jpg	jpeg
rec	FSCK5069.REC	Recovered FSCK/Images/FSCK5069.jpg	jpeg
rec	FSCK5070.REC	Recovered FSCK/Images/FSCK5070.jpg	jpeg
rec	FSCK5071.REC	Recovered FSCK/Images/FSCK5071.jpg	jpeg
rec	FSCK5072.REC	Recovered FSCK/Images/FSCK5072.jpg	jpeg
rec	FSCK5073.REC	Recovered FSCK/Images/FSCK5073.jpg	jpeg
rec	FSCK5074.REC	Recovered FSCK/Images/FSCK5074.jpg	jpeg
rec	FSCK5075.REC	Recovered FSCK/Unknown/FSCK5075.REC	unknown
rec	FSCK5079.REC	Recovered FSCK/Unknown/FSCK5079.REC	unknown
rec	FSCK5085.REC	Recovered FSCK/Images/FSCK5085.jpg	jpeg
rec	FSCK5105.REC	Recovered FSCK/Unknown/FSCK5105.REC	unknown
rec	FSCK5106.REC	Recovered FSCK/Unknown/FSCK5106.REC	unknown
rec	FSCK5108.REC	Recovered FSCK/Unknown/FSCK5108.REC	unknown
rec	FSCK5109.REC	Recovered FSCK/Unknown/FSCK5109.REC	unknown
rec	FSCK5110.REC	Recovered FSCK/Unknown/FSCK5110.REC	unknown
rec	FSCK5111.REC	Recovered FSCK/Unknown/FSCK5111.REC	unknown
rec	FSCK5112.REC	Recovered FSCK/Unknown/FSCK5112.REC	unknown
rec	FSCK5113.REC	Recovered FSCK/Unknown/FSCK5113.REC	unknown
rec	FSCK5114.REC	Recovered FSCK/Unknown/FSCK5114.REC	unknown
rec	FSCK5128.REC	Recovered FSCK/Unknown/FSCK5128.REC	unknown
rec	FSCK5130.REC	Recovered FSCK/Unknown/FSCK5130.REC	unknown
rec	FSCK5131.REC	Recovered FSCK/Unknown/FSCK5131.REC	unknown
rec	FSCK5142.REC	Recovered FSCK/Unknown/FSCK5142.REC	unknown
rec	FSCK5146.REC	Recovered FSCK/Unknown/FSCK5146.REC	unknown
rec	FSCK5147.REC	Recovered FSCK/Unknown/FSCK5147.REC	unknown
rec	FSCK5148.REC	Recovered FSCK/Unknown/FSCK5148.REC	unknown
rec	FSCK5149.REC	Recovered FSCK/Unknown/FSCK5149.REC	unknown
rec	FSCK5151.REC	Recovered FSCK/Unknown/FSCK5151.REC	unknown
rec	FSCK5152.REC	Recovered FSCK/Unknown/FSCK5152.REC	unknown
rec	FSCK5164.REC	Recovered FSCK/Unknown/FSCK5164.REC	unknown
rec	FSCK5165.REC	Recovered FSCK/Unknown/FSCK5165.REC	unknown
rec	FSCK5187.REC	Recovered FSCK/Unknown/FSCK5187.REC	unknown
rec	FSCK5188.REC	Recovered FSCK/Unknown/FSCK5188.REC	unknown
rec	FSCK5203.REC	Recovered FSCK/Unknown/FSCK5203.REC	unknown
rec	FSCK5204.REC	Recovered FSCK/Unknown/FSCK5204.REC	unknown
rec	FSCK5207.REC	Recovered FSCK/Unknown/FSCK5207.REC	unknown
rec	FSCK5208.REC	Recovered FSCK/Unknown/FSCK5208.REC	unknown
rec	FSCK5209.REC	Recovered FSCK/Unknown/FSCK5209.REC	unknown
rec	FSCK5211.REC	Recovered FSCK/Unknown/FSCK5211.REC	unknown
rec	FSCK5212.REC	Recovered FSCK/Unknown/FSCK5212.REC	unknown
rec	FSCK5226.REC	Recovered FSCK/Unknown/FSCK5226.REC	unknown
rec	FSCK5227.REC	Recovered FSCK/Unknown/FSCK5227.REC	unknown
rec	FSCK5229.REC	Recovered FSCK/Unknown/FSCK5229.REC	unknown
rec	FSCK5230.REC	Recovered FSCK/Unknown/FSCK5230.REC	unknown
rec	FSCK5232.REC	Recovered FSCK/Unknown/FSCK5232.REC	unknown
rec	FSCK5233.REC	Recovered FSCK/Unknown/FSCK5233.REC	unknown
rec	FSCK5246.REC	Recovered FSCK/Images/FSCK5246.jpg	jpeg
rec	FSCK5247.REC	Recovered FSCK/Images/FSCK5247.jpg	jpeg
rec	FSCK5248.REC	Recovered FSCK/Images/FSCK5248.jpg	jpeg
rec	FSCK5249.REC	Recovered FSCK/Images/FSCK5249.jpg	jpeg
rec	FSCK5250.REC	Recovered FSCK/Images/FSCK5250.jpg	jpeg
rec	FSCK5251.REC	Recovered FSCK/Images/FSCK5251.jpg	jpeg
rec	FSCK5252.REC	Recovered FSCK/Images/FSCK5252.jpg	jpeg
rec	FSCK5253.REC	Recovered FSCK/Images/FSCK5253.jpg	jpeg
rec	FSCK5254.REC	Recovered FSCK/Images/FSCK5254.jpg	jpeg
rec	FSCK5255.REC	Recovered FSCK/Images/FSCK5255.jpg	jpeg
rec	FSCK5256.REC	Recovered FSCK/Images/FSCK5256.jpg	jpeg
rec	FSCK5257.REC	Recovered FSCK/Images/FSCK5257.jpg	jpeg
rec	FSCK5258.REC	Recovered FSCK/Images/FSCK5258.jpg	jpeg
rec	FSCK5259.REC	Recovered FSCK/Images/FSCK5259.jpg	jpeg
rec	FSCK5260.REC	Recovered FSCK/Images/FSCK5260.jpg	jpeg
rec	FSCK5261.REC	Recovered FSCK/Images/FSCK5261.jpg	jpeg
rec	FSCK5262.REC	Recovered FSCK/Images/FSCK5262.jpg	jpeg
rec	FSCK5263.REC	Recovered FSCK/Images/FSCK5263.jpg	jpeg
rec	FSCK5264.REC	Recovered FSCK/Images/FSCK5264.jpg	jpeg
rec	FSCK5265.REC	Recovered FSCK/Images/FSCK5265.jpg	jpeg
rec	FSCK5266.REC	Recovered FSCK/Images/FSCK5266.jpg	jpeg
rec	FSCK5267.REC	Recovered FSCK/Images/FSCK5267.jpg	jpeg
rec	FSCK5268.REC	Recovered FSCK/Images/FSCK5268.jpg	jpeg
rec	FSCK5269.REC	Recovered FSCK/Images/FSCK5269.jpg	jpeg
rec	FSCK5270.REC	Recovered FSCK/Images/FSCK5270.jpg	jpeg
rec	FSCK5271.REC	Recovered FSCK/Images/FSCK5271.jpg	jpeg
rec	FSCK5272.REC	Recovered FSCK/Images/FSCK5272.jpg	jpeg
rec	FSCK5273.REC	Recovered FSCK/Images/FSCK5273.jpg	jpeg
rec	FSCK5274.REC	Recovered FSCK/Images/FSCK5274.jpg	jpeg
rec	FSCK5275.REC	Recovered FSCK/Images/FSCK5275.jpg	jpeg
rec	FSCK5276.REC	Recovered FSCK/Images/FSCK5276.jpg	jpeg
rec	FSCK5277.REC	Recovered FSCK/Images/FSCK5277.jpg	jpeg
rec	FSCK5278.REC	Recovered FSCK/Images/FSCK5278.jpg	jpeg
rec	FSCK5279.REC	Recovered FSCK/Images/FSCK5279.jpg	jpeg
rec	FSCK5280.REC	Recovered FSCK/Images/FSCK5280.jpg	jpeg
rec	FSCK5281.REC	Recovered FSCK/Images/FSCK5281.jpg	jpeg
rec	FSCK5282.REC	Recovered FSCK/Images/FSCK5282.jpg	jpeg
rec	FSCK5283.REC	Recovered FSCK/Images/FSCK5283.jpg	jpeg
rec	FSCK5284.REC	Recovered FSCK/Images/FSCK5284.jpg	jpeg
rec	FSCK5285.REC	Recovered FSCK/Images/FSCK5285.jpg	jpeg
rec	FSCK5286.REC	Recovered FSCK/Images/FSCK5286.jpg	jpeg
rec	FSCK5287.REC	Recovered FSCK/Images/FSCK5287.jpg	jpeg
rec	FSCK5288.REC	Recovered FSCK/Images/FSCK5288.jpg	jpeg
rec	FSCK5289.REC	Recovered FSCK/Images/FSCK5289.jpg	jpeg
rec	FSCK5290.REC	Recovered FSCK/Images/FSCK5290.jpg	jpeg
rec	FSCK5291.REC	Recovered FSCK/Images/FSCK5291.jpg	jpeg
rec	FSCK5292.REC	Recovered FSCK/Images/FSCK5292.jpg	jpeg
rec	FSCK5293.REC	Recovered FSCK/Images/FSCK5293.jpg	jpeg
rec	FSCK5294.REC	Recovered FSCK/Images/FSCK5294.jpg	jpeg
rec	FSCK5295.REC	Recovered FSCK/Images/FSCK5295.jpg	jpeg
rec	FSCK5296.REC	Recovered FSCK/Images/FSCK5296.jpg	jpeg
rec	FSCK5297.REC	Recovered FSCK/Images/FSCK5297.jpg	jpeg
rec	FSCK5298.REC	Recovered FSCK/Images/FSCK5298.jpg	jpeg
rec	FSCK5299.REC	Recovered FSCK/Images/FSCK5299.jpg	jpeg
rec	FSCK5300.REC	Recovered FSCK/Images/FSCK5300.jpg	jpeg
rec	FSCK5301.REC	Recovered FSCK/Images/FSCK5301.jpg	jpeg
rec	FSCK5302.REC	Recovered FSCK/Images/FSCK5302.jpg	jpeg
rec	FSCK5303.REC	Recovered FSCK/Images/FSCK5303.jpg	jpeg
rec	FSCK5304.REC	Recovered FSCK/Images/FSCK5304.jpg	jpeg
rec	FSCK5305.REC	Recovered FSCK/Images/FSCK5305.jpg	jpeg
rec	FSCK5306.REC	Recovered FSCK/Images/FSCK5306.jpg	jpeg
rec	FSCK5307.REC	Recovered FSCK/Images/FSCK5307.jpg	jpeg
rec	FSCK5308.REC	Recovered FSCK/Images/FSCK5308.jpg	jpeg
rec	FSCK5309.REC	Recovered FSCK/Images/FSCK5309.jpg	jpeg
rec	FSCK5310.REC	Recovered FSCK/Images/FSCK5310.jpg	jpeg
rec	FSCK5311.REC	Recovered FSCK/Images/FSCK5311.jpg	jpeg
rec	FSCK5312.REC	Recovered FSCK/Images/FSCK5312.jpg	jpeg
rec	FSCK5313.REC	Recovered FSCK/Images/FSCK5313.jpg	jpeg
rec	FSCK5314.REC	Recovered FSCK/Images/FSCK5314.jpg	jpeg
rec	FSCK5315.REC	Recovered FSCK/Images/FSCK5315.jpg	jpeg
rec	FSCK5316.REC	Recovered FSCK/Images/FSCK5316.jpg	jpeg
rec	FSCK5317.REC	Recovered FSCK/Images/FSCK5317.jpg	jpeg
rec	FSCK5318.REC	Recovered FSCK/Images/FSCK5318.jpg	jpeg
rec	FSCK5319.REC	Recovered FSCK/Images/FSCK5319.jpg	jpeg
rec	FSCK5320.REC	Recovered FSCK/Images/FSCK5320.jpg	jpeg
rec	FSCK5321.REC	Recovered FSCK/Images/FSCK5321.jpg	jpeg
rec	FSCK5322.REC	Recovered FSCK/Images/FSCK5322.jpg	jpeg
rec	FSCK5323.REC	Recovered FSCK/Images/FSCK5323.jpg	jpeg
rec	FSCK5324.REC	Recovered FSCK/Images/FSCK5324.jpg	jpeg
rec	FSCK5325.REC	Recovered FSCK/Images/FSCK5325.jpg	jpeg
rec	FSCK5326.REC	Recovered FSCK/Images/FSCK5326.jpg	jpeg
rec	FSCK5327.REC	Recovered FSCK/Images/FSCK5327.jpg	jpeg
rec	FSCK5328.REC	Recovered FSCK/Images/FSCK5328.jpg	jpeg
rec	FSCK5329.REC	Recovered FSCK/Images/FSCK5329.jpg	jpeg
rec	FSCK5330.REC	Recovered FSCK/Images/FSCK5330.jpg	jpeg
rec	FSCK5331.REC	Recovered FSCK/Images/FSCK5331.jpg	jpeg
rec	FSCK5332.REC	Recovered FSCK/Images/FSCK5332.jpg	jpeg
rec	FSCK5333.REC	Recovered FSCK/Images/FSCK5333.jpg	jpeg
rec	FSCK5334.REC	Recovered FSCK/Images/FSCK5334.jpg	jpeg
rec	FSCK5335.REC	Recovered FSCK/Images/FSCK5335.jpg	jpeg
rec	FSCK5336.REC	Recovered FSCK/Images/FSCK5336.jpg	jpeg
rec	FSCK5337.REC	Recovered FSCK/Images/FSCK5337.jpg	jpeg
rec	FSCK5338.REC	Recovered FSCK/Images/FSCK5338.jpg	jpeg
rec	FSCK5339.REC	Recovered FSCK/Images/FSCK5339.jpg	jpeg
rec	FSCK5340.REC	Recovered FSCK/Images/FSCK5340.jpg	jpeg
rec	FSCK5341.REC	Recovered FSCK/Images/FSCK5341.jpg	jpeg
rec	FSCK5342.REC	Recovered FSCK/Images/FSCK5342.jpg	jpeg
rec	FSCK5343.REC	Recovered FSCK/Images/FSCK5343.jpg	jpeg
rec	FSCK5344.REC	Recovered FSCK/Images/FSCK5344.jpg	jpeg
rec	FSCK5345.REC	Recovered FSCK/Images/FSCK5345.jpg	jpeg
rec	FSCK5346.REC	Recovered FSCK/Images/FSCK5346.jpg	jpeg
rec	FSCK5347.REC	Recovered FSCK/Images/FSCK5347.jpg	jpeg
rec	FSCK5348.REC	Recovered FSCK/Images/FSCK5348.jpg	jpeg
rec	FSCK5349.REC	Recovered FSCK/Images/FSCK5349.jpg	jpeg
rec	FSCK5350.REC	Recovered FSCK/Images/FSCK5350.jpg	jpeg
rec	FSCK5351.REC	Recovered FSCK/Images/FSCK5351.jpg	jpeg
rec	FSCK5352.REC	Recovered FSCK/Images/FSCK5352.jpg	jpeg
rec	FSCK5353.REC	Recovered FSCK/Images/FSCK5353.jpg	jpeg
rec	FSCK5354.REC	Recovered FSCK/Images/FSCK5354.jpg	jpeg
rec	FSCK5355.REC	Recovered FSCK/Images/FSCK5355.jpg	jpeg
rec	FSCK5356.REC	Recovered FSCK/Images/FSCK5356.jpg	jpeg
rec	FSCK5357.REC	Recovered FSCK/Images/FSCK5357.jpg	jpeg
rec	FSCK5358.REC	Recovered FSCK/Images/FSCK5358.jpg	jpeg
rec	FSCK5359.REC	Recovered FSCK/Images/FSCK5359.jpg	jpeg
rec	FSCK5360.REC	Recovered FSCK/Images/FSCK5360.jpg	jpeg
rec	FSCK5361.REC	Recovered FSCK/Images/FSCK5361.jpg	jpeg
rec	FSCK5362.REC	Recovered FSCK/Images/FSCK5362.jpg	jpeg
rec	FSCK5363.REC	Recovered FSCK/Images/FSCK5363.jpg	jpeg
rec	FSCK5364.REC	Recovered FSCK/Images/FSCK5364.jpg	jpeg
rec	FSCK5365.REC	Recovered FSCK/Images/FSCK5365.jpg	jpeg
rec	FSCK5366.REC	Recovered FSCK/Images/FSCK5366.jpg	jpeg
rec	FSCK5367.REC	Recovered FSCK/Images/FSCK5367.jpg	jpeg
rec	FSCK5368.REC	Recovered FSCK/Images/FSCK5368.jpg	jpeg
rec	FSCK5369.REC	Recovered FSCK/Images/FSCK5369.jpg	jpeg
rec	FSCK5370.REC	Recovered FSCK/Images/FSCK5370.jpg	jpeg
rec	FSCK5371.REC	Recovered FSCK/Images/FSCK5371.jpg	jpeg
rec	FSCK5372.REC	Recovered FSCK/Images/FSCK5372.jpg	jpeg
rec	FSCK5373.REC	Recovered FSCK/Images/FSCK5373.jpg	jpeg
rec	FSCK5374.REC	Recovered FSCK/Images/FSCK5374.jpg	jpeg
rec	FSCK5375.REC	Recovered FSCK/Images/FSCK5375.jpg	jpeg
rec	FSCK5376.REC	Recovered FSCK/Images/FSCK5376.jpg	jpeg
rec	FSCK5377.REC	Recovered FSCK/Images/FSCK5377.jpg	jpeg
rec	FSCK5378.REC	Recovered FSCK/Images/FSCK5378.jpg	jpeg
rec	FSCK5379.REC	Recovered FSCK/Images/FSCK5379.jpg	jpeg
rec	FSCK5380.REC	Recovered FSCK/Images/FSCK5380.jpg	jpeg
rec	FSCK5381.REC	Recovered FSCK/Images/FSCK5381.jpg	jpeg
rec	FSCK5382.REC	Recovered FSCK/Images/FSCK5382.jpg	jpeg
rec	FSCK5383.REC	Recovered FSCK/Images/FSCK5383.jpg	jpeg
rec	FSCK5384.REC	Recovered FSCK/Images/FSCK5384.jpg	jpeg
rec	FSCK5385.REC	Recovered FSCK/Images/FSCK5385.jpg	jpeg
rec	FSCK5386.REC	Recovered FSCK/Images/FSCK5386.jpg	jpeg
rec	FSCK5387.REC	Recovered FSCK/Images/FSCK5387.jpg	jpeg
rec	FSCK5388.REC	Recovered FSCK/Images/FSCK5388.jpg	jpeg
rec	FSCK5389.REC	Recovered FSCK/Images/FSCK5389.jpg	jpeg
rec	FSCK5390.REC	Recovered FSCK/Images/FSCK5390.jpg	jpeg
rec	FSCK5391.REC	Recovered FSCK/Images/FSCK5391.jpg	jpeg
rec	FSCK5392.REC	Recovered FSCK/Images/FSCK5392.jpg	jpeg
rec	FSCK5393.REC	Recovered FSCK/Images/FSCK5393.jpg	jpeg
rec	FSCK5394.REC	Recovered FSCK/Images/FSCK5394.jpg	jpeg
rec	FSCK5395.REC	Recovered FSCK/Images/FSCK5395.jpg	jpeg
rec	FSCK5396.REC	Recovered FSCK/Images/FSCK5396.jpg	jpeg
rec	FSCK5397.REC	Recovered FSCK/Images/FSCK5397.jpg	jpeg
rec	FSCK5398.REC	Recovered FSCK/Images/FSCK5398.jpg	jpeg
