source	kind	destination
FSCK0182.REC	flac;cover=cover.jpg	Music/Recovered/Ramones/Ramones (40th Anniversary Deluxe Edition; 2016 Remaster)/09 - Havana Affair (2016 Remaster).flac
FSCK0183.REC	flac;cover=cover.jpg	Music/Recovered/Ramones/Ramones (40th Anniversary Deluxe Edition; 2016 Remaster)/13 - I Don't Wanna Walk Around with You (Live at the Roxy, Hollywood, CA, 8_12_76; Set 1; 2016 Remaster).flac
FSCK0184.REC	flac;cover=cover.jpg	Music/Recovered/Ramones/Ramones (40th Anniversary Deluxe Edition; 2016 Remaster)/28 - Judy Is a Punk (Live at the Roxy, Hollywood, CA, 8_12_76; Set 2).flac
FSCK0185.REC	flac;cover=cover.jpg	Music/Recovered/Ramones/Ramones (40th Anniversary Deluxe Edition; 2016 Remaster)/17 - You're Gonna Kill That Girl (Demo).flac
FSCK0186.REC	flac;cover=cover.jpg	Music/Recovered/Ramones/Ramones (40th Anniversary Deluxe Edition; 2016 Remaster)/27 - California Sun (Live at the Roxy, Hollywood, CA 8_12_76; Set 2).flac
FSCK0187.REC	flac;cover=cover.jpg	Music/Recovered/Ramones/Ramones (40th Anniversary Deluxe Edition; 2016 Remaster)/31 - Now I Wanna Sniff Some Glue (Live at the Roxy, Hollywood, CA 8_12_76; Set 2).flac
FSCK0188.REC	flac;cover=cover.jpg	Music/Recovered/Ramones/Ramones (40th Anniversary Deluxe Edition; 2016 Remaster)/08 - Loudmouth (2016 Remaster).flac
FSCK0189.REC	flac;cover=cover.jpg	Music/Recovered/Ramones/Ramones (40th Anniversary Deluxe Edition; 2016 Remaster)/14 - I Don't Wanna Walk Around with You (Demo).flac
FSCK0190.REC	flac;cover=cover.jpg	Music/Recovered/Ramones/Ramones (40th Anniversary Deluxe Edition; 2016 Remaster)/22 - Chain Saw (Live at the Roxy, Hollywood, CA, 8_12_76; Set 2).flac
FSCK0191.REC	flac;cover=cover.jpg	Music/Recovered/Ramones/Ramones (40th Anniversary Deluxe Edition; 2016 Remaster)/12 - Judy Is a Punk (Live at the Roxy, Hollywood, CA 8_12_76; Set 1; 2016 Remaster).flac
FSCK0192.REC	flac;cover=cover.jpg	Music/Recovered/Ramones/Ramones (40th Anniversary Deluxe Edition; 2016 Remaster)/14 - Today Your Love, Tomorrow the World (Live at the Roxy, Hollywood, CA 8_12_76; Set 1; 2016 Remaster).flac
FSCK0193.REC	flac;cover=cover.jpg	Music/Recovered/Ramones/Ramones (40th Anniversary Deluxe Edition; 2016 Remaster)/07 - 53rd & 3rd (Demo).flac
FSCK0194.REC	flac;cover=cover.jpg	Music/Recovered/Ramones/Ramones (40th Anniversary Deluxe Edition; 2016 Remaster)/08 - Loudmouth (Demo).flac
FSCK0195.REC	flac;cover=cover.jpg	Music/Recovered/Ramones/Ramones (40th Anniversary Deluxe Edition; 2016 Remaster)/19 - Blitzkrieg Bop (Live at the Roxy, Hollywood, CA, 8_12_76; Set 2).flac
FSCK0196.REC	flac;cover=cover.jpg	Music/Recovered/Ramones/Ramones (40th Anniversary Deluxe Edition; 2016 Remaster)/15 - Blitzkrieg Bop (40th Anniversary Mono Mix).flac
FSCK0197.REC	flac;cover=cover.jpg	Music/Recovered/Ramones/Ramones (40th Anniversary Deluxe Edition; 2016 Remaster)/26 - Listen to My Heart (Live at the Roxy, Hollywood, CA, 8_12_76; Set 2).flac
FSCK0198.REC	flac;cover=cover.jpg	Music/Recovered/Ramones/Ramones (40th Anniversary Deluxe Edition; 2016 Remaster)/08 - I Wanna Be Your Boyfriend (Live at the Roxy, Hollywood, CA 8_12_76; Set 1; 2016 Remaster).flac
FSCK0199.REC	flac;cover=cover.jpg	Music/Recovered/Ramones/Ramones (40th Anniversary Deluxe Edition; 2016 Remaster)/01 - Blitzkrieg Bop (Single Version).flac
FSCK0200.REC	flac;cover=cover.jpg	Music/Recovered/Ramones/Ramones (40th Anniversary Deluxe Edition; 2016 Remaster)/02 - Blitzkrieg Bop (Mono).flac
FSCK0201.REC	flac;cover=cover.jpg	Music/Recovered/Ramones/Ramones (40th Anniversary Deluxe Edition; 2016 Remaster)/10 - You Should Have Never Opened That Door (Demo; 2016 Remaster).flac
FSCK0202.REC	flac;cover=cover.jpg	Music/Recovered/Ramones/Ramones (40th Anniversary Deluxe Edition; 2016 Remaster)/27 - I Don't Wanna Walk Around with You (40th Anniversary Mono Mix).flac
FSCK0203.REC	flac;cover=cover.jpg	Music/Recovered/Ramones/Ramones (40th Anniversary Deluxe Edition; 2016 Remaster)/28 - Today Your Love, Tomorrow the World (40th Anniversary Mono Mix).flac
FSCK0204.REC	flac;cover=cover.jpg	Music/Recovered/Ramones/Ramones (40th Anniversary Deluxe Edition; 2016 Remaster)/03 - I Wanna Be Your Boyfriend.flac
FSCK0205.REC	flac;cover=cover.jpg	Music/Recovered/Ramones/Ramones (40th Anniversary Deluxe Edition; 2016 Remaster)/11 - I Wanna Be Your Boyfriend (Demo).flac
FSCK0206.REC	flac;cover=cover.jpg	Music/Recovered/Ramones/Ramones (40th Anniversary Deluxe Edition; 2016 Remaster)/03 - Blitzkrieg Bop (Live at the Roxy, Hollywood, CA, 8_12_76; Set 1; 2016 Remaster).flac
FSCK0207.REC	flac;cover=cover.jpg	Music/Recovered/Ramones/Ramones (40th Anniversary Deluxe Edition; 2016 Remaster)/11 - California Sun (Live at the Roxy, Hollywood, CA, 8_12_76; Set 1; 2016 Remaster).flac
FSCK0208.REC	flac;cover=cover.jpg	Music/Recovered/Ramones/Ramones (40th Anniversary Deluxe Edition; 2016 Remaster)/10 - Listen to My Heart (2016 Remaster).flac
FSCK0209.REC	flac;cover=cover.jpg	Music/Recovered/Ramones/Ramones (40th Anniversary Deluxe Edition; 2016 Remaster)/23 - 53rd & 3rd (Live at the Roxy, Hollywood, CA, 8_12_76; Set 2).flac
FSCK0210.REC	flac;cover=cover.jpg	Music/Recovered/Ramones/Ramones (40th Anniversary Deluxe Edition; 2016 Remaster)/13 - I Don't Wanna Walk Around with You (2016 Remaster).flac
FSCK0211.REC	flac;cover=cover.jpg	Music/Recovered/Ramones/Ramones (40th Anniversary Deluxe Edition; 2016 Remaster)/25 - Havana Affair (Live at the Roxy, Hollywood, CA 8_12_76; Set 2).flac
FSCK0212.REC	flac;cover=cover.jpg	Music/Recovered/Ramones/Ramones (40th Anniversary Deluxe Edition; 2016 Remaster)/09 - Havana Affair (Live at the Roxy, Hollywood, CA 8_12_76; Set 1; 2016 Remaster).flac
FSCK0213.REC	flac;cover=cover.jpg	Music/Recovered/Ramones/Ramones (40th Anniversary Deluxe Edition; 2016 Remaster)/10 - Listen to My Heart (Live at the Roxy, Hollywood, CA, 8_12_76; Set 1; 2016 Remaster).flac
FSCK0214.REC	flac;cover=cover.jpg	Music/Recovered/Ramones/Ramones (40th Anniversary Deluxe Edition; 2016 Remaster)/15 - Now I Wanna Sniff Some Glue (Live at the Roxy, Hollywood, CA 8_12_76; Set 1; 2016 Remaster).flac
FSCK0215.REC	flac;cover=cover.jpg	Music/Recovered/Ramones/Ramones (40th Anniversary Deluxe Edition; 2016 Remaster)/21 - I Don't Wanna Go Down to the Basement (40th Anniversary Mono Mix).flac
FSCK0216.REC	flac;cover=cover.jpg	Music/Recovered/Ramones/Ramones (40th Anniversary Deluxe Edition; 2016 Remaster)/22 - Loudmouth (40th Anniversary Mono Mix).flac
FSCK0217.REC	flac;cover=cover.jpg	Music/Recovered/Ramones/Ramones (40th Anniversary Deluxe Edition; 2016 Remaster)/23 - Havana Affair (40th Anniversary Mono Mix).flac
FSCK0218.REC	flac;cover=cover.jpg	Music/Recovered/Ramones/Ramones (40th Anniversary Deluxe Edition; 2016 Remaster)/30 - Today Your Love, Tomorrow the World (Live at the Roxy, Hollywood, CA, 8_12_76; Set 2).flac
FSCK0219.REC	flac;cover=cover.jpg	Music/Recovered/Ramones/Ramones (40th Anniversary Deluxe Edition; 2016 Remaster)/18 - I Wanna Be Your Boyfriend (40th Anniversary Mono Mix).flac
FSCK0220.REC	flac;cover=cover.jpg	Music/Recovered/Ramones/Ramones (40th Anniversary Deluxe Edition; 2016 Remaster)/19 - Chain Saw (40th Anniversary Mono Mix).flac
FSCK0221.REC	flac;cover=cover.jpg	Music/Recovered/Ramones/Ramones (40th Anniversary Deluxe Edition; 2016 Remaster)/02 - Beat on the Brat (Live at the Roxy, Hollywood, CA, 8_12_76; Set 1; 2016 Remaster).flac
FSCK0222.REC	flac;cover=cover.jpg	Music/Recovered/Ramones/Ramones (40th Anniversary Deluxe Edition; 2016 Remaster)/14 - Today Your Love, Tomorrow the World (2016 Remaster).flac
FSCK0223.REC	flac;cover=cover.jpg	Music/Recovered/Ramones/Ramones (40th Anniversary Deluxe Edition; 2016 Remaster)/16 - Let's Dance (Live at the Roxy, Hollywood, CA 8_11_76; 2016 Remaster).flac
FSCK0224.REC	flac;cover=cover.jpg	Music/Recovered/Ramones/Ramones (40th Anniversary Deluxe Edition; 2016 Remaster)/01 - Loudmouth (Live at the Roxy, Hollywood, CA 8_12_76; Set 1; 2016 Remaster).flac
FSCK0225.REC	flac;cover=cover.jpg	Music/Recovered/Ramones/Ramones (40th Anniversary Deluxe Edition; 2016 Remaster)/12 - I Can't Be (Demo; 2016 Remaster).flac
FSCK0226.REC	flac;cover=cover.jpg	Music/Recovered/Ramones/Ramones (40th Anniversary Deluxe Edition; 2016 Remaster)/05 - Glad to See You Go (Live at the Roxy, Hollywood, CA, 8_12_76; Set 1; 2016 Remaster).flac
FSCK0227.REC	flac;cover=cover.jpg	Music/Recovered/Ramones/Ramones (40th Anniversary Deluxe Edition; 2016 Remaster)/06 - Chain Saw (Live at the Roxy, Hollywood, CA, 8_12_76; Set 1; 2016 Remaster).flac
FSCK0228.REC	flac;cover=cover.jpg	Music/Recovered/Ramones/Ramones (40th Anniversary Deluxe Edition; 2016 Remaster)/06 - I Don't Care (Demo; 2016 Remaster).flac
FSCK0229.REC	flac;cover=cover.jpg	Music/Recovered/Ramones/Ramones (40th Anniversary Deluxe Edition; 2016 Remaster)/11 - 53rd & 3rd (2016 Remaster).flac
FSCK0230.REC	flac;cover=cover.jpg	Music/Recovered/Ramones/Ramones (40th Anniversary Deluxe Edition; 2016 Remaster)/12 - Let's Dance (2016 Remaster).flac
FSCK0231.REC	flac;cover=cover.jpg	Music/Recovered/Ramones/Ramones (40th Anniversary Deluxe Edition; 2016 Remaster)/04 - I Remember You (Live at the Roxy, Hollywood, CA 8_12_76; Set 1; 2016 Remaster).flac
FSCK0232.REC	flac;cover=cover.jpg	Music/Recovered/Ramones/Ramones (40th Anniversary Deluxe Edition; 2016 Remaster)/05 - Today Your Love, Tomorrow the World (Uncensored Vocals).flac
FSCK0233.REC	flac;cover=cover.jpg	Music/Recovered/Ramones/Ramones (40th Anniversary Deluxe Edition; 2016 Remaster)/02 - Beat on the Brat (2016 Remaster).flac
FSCK0234.REC	flac;cover=cover.jpg	Music/Recovered/Ramones/Ramones (40th Anniversary Deluxe Edition; 2016 Remaster)/18 - What's Your Name (Demo; 2016 Remaster).flac
FSCK0235.REC	flac;cover=cover.jpg	Music/Recovered/Ramones/Ramones (40th Anniversary Deluxe Edition; 2016 Remaster)/07 - I Don't Wanna Go Down to the Basement (2016 Remaster).flac
FSCK0236.REC	flac;cover=cover.jpg	Music/Recovered/Ramones/Ramones (40th Anniversary Deluxe Edition; 2016 Remaster)/16 - Beat on the Brat (40th Anniversary Mono Mix).flac
FSCK0237.REC	flac;cover=cover.jpg	Music/Recovered/Ramones/Ramones (40th Anniversary Deluxe Edition; 2016 Remaster)/17 - Judy Is a Punk (40th Anniversary Mono Mix).flac
FSCK0238.REC	flac;cover=cover.jpg	Music/Recovered/Ramones/Ramones (40th Anniversary Deluxe Edition; 2016 Remaster)/13 - Today Your Love, Tomorrow the World (Demo).flac
FSCK0239.REC	flac;cover=cover.jpg	Music/Recovered/Ramones/Ramones (40th Anniversary Deluxe Edition; 2016 Remaster)/29 - I Don't Wanna Walk Around with You (Live at the Roxy, Hollywood, CA, 8_12_76; Set 2).flac
FSCK0240.REC	flac;cover=cover.jpg	Music/Recovered/Ramones/Ramones (40th Anniversary Deluxe Edition; 2016 Remaster)/24 - Listen to My Heart (40th Anniversary Mono Mix).flac
FSCK0241.REC	flac;cover=cover.jpg	Music/Recovered/Ramones/Ramones (40th Anniversary Deluxe Edition; 2016 Remaster)/25 - 53rd & 3rd (40th Anniversary Mono Mix).flac
FSCK0242.REC	flac;cover=cover.jpg	Music/Recovered/Ramones/Ramones (40th Anniversary Deluxe Edition; 2016 Remaster)/18 - Beat on the Brat (Live at the Roxy, Hollywood, CA, 8_12_76; Set 2).flac
FSCK0243.REC	flac;cover=cover.jpg	Music/Recovered/Ramones/Ramones (40th Anniversary Deluxe Edition; 2016 Remaster)/07 - 53rd & 3rd (Live at the Roxy, Hollywood, CA, 8_12_76; Set 1; 2016 Remaster).flac
FSCK0244.REC	flac;cover=cover.jpg	Music/Recovered/Ramones/Ramones (40th Anniversary Deluxe Edition; 2016 Remaster)/15 - Now I Wanna Sniff Some Glue (Demo; 2016 Remaster).flac
FSCK0245.REC	flac;cover=cover.jpg	Music/Recovered/Ramones/Ramones (40th Anniversary Deluxe Edition; 2016 Remaster)/04 - I Wanna Be Your Boyfriend (Original Mono; 2016 Remaster).flac
FSCK0246.REC	flac;cover=cover.jpg	Music/Recovered/Ramones/Ramones (40th Anniversary Deluxe Edition; 2016 Remaster)/17 - Loudmouth (Live at the Roxy, Hollywood, CA 8_12_76; Set 2).flac
FSCK0247.REC	flac;cover=cover.jpg	Music/Recovered/Ramones/Ramones (40th Anniversary Deluxe Edition; 2016 Remaster)/20 - Now I Wanna Sniff Some Glue (40th Anniversary Mono Mix).flac
FSCK0248.REC	flac;cover=cover.jpg	Music/Recovered/Ramones/Ramones (40th Anniversary Deluxe Edition; 2016 Remaster)/09 - Chain Saw (Demo).flac
FSCK0249.REC	flac;cover=cover.jpg	Music/Recovered/Ramones/Ramones (40th Anniversary Deluxe Edition; 2016 Remaster)/04 - I Wanna Be Your Boyfriend (2016 Remaster).flac
FSCK0250.REC	flac;cover=cover.jpg	Music/Recovered/Ramones/Ramones (40th Anniversary Deluxe Edition; 2016 Remaster)/03 - Judy Is a Punk (2016 Remaster).flac
FSCK0251.REC	flac;cover=cover.jpg	Music/Recovered/Ramones/Ramones (40th Anniversary Deluxe Edition; 2016 Remaster)/26 - Let's Dance (40th Anniversary Mono Mix).flac
FSCK0252.REC	flac;cover=cover.jpg	Music/Recovered/Ramones/Ramones (40th Anniversary Deluxe Edition; 2016 Remaster)/32 - Let's Dance (Live at the Roxy, Hollywood, CA 8_12_76; Set 2).flac
FSCK0253.REC	flac;cover=cover.jpg	Music/Recovered/Ramones/Ramones (40th Anniversary Deluxe Edition; 2016 Remaster)/05 - Chain Saw (2016 Remaster).flac
FSCK0254.REC	flac;cover=cover.jpg	Music/Recovered/Ramones/Ramones (40th Anniversary Deluxe Edition; 2016 Remaster)/06 - Now I Wanna Sniff Some Glue (2016 Remaster).flac
FSCK0255.REC	flac;cover=cover.jpg	Music/Recovered/Ramones/Ramones (40th Anniversary Deluxe Edition; 2016 Remaster)/16 - I Don't Wanna Be Learned _ I Don't Wanna Be Tamed (Demo; 2016 Remaster).flac
FSCK0256.REC	flac;cover=cover.jpg	Music/Recovered/Ramones/Ramones (40th Anniversary Deluxe Edition; 2016 Remaster)/24 - I Wanna Be Your Boyfriend (Live at the Roxy, Hollywood, CA 8_12_76; Set 2).flac
FSCK0257.REC	flac;cover=cover.jpg	Music/Recovered/Ramones/Ramones (40th Anniversary Deluxe Edition; 2016 Remaster)/20 - I Remember You (Live at the Roxy, Hollywood, CA 8_12_76; Set 2).flac
FSCK0258.REC	flac;cover=cover.jpg	Music/Recovered/Ramones/Ramones (40th Anniversary Deluxe Edition; 2016 Remaster)/01 - Blitzkrieg Bop (2016 Remaster).flac
FSCK0259.REC	flac;cover=cover.jpg	Music/Recovered/Ramones/Ramones (40th Anniversary Deluxe Edition; 2016 Remaster)/21 - Glad to See You Go (Live at the Roxy, Hollywood, CA, 8_12_76; Set 2).flac
FSCK0335.REC	flac;cover=cover.jpg	Music/Recovered/Red Hot Chili Peppers/Stadium Arcadium/01 - Dani California.flac
FSCK0336.REC	flac;cover=cover.jpg	Music/Recovered/Red Hot Chili Peppers/Stadium Arcadium/02 - Snow.flac
FSCK0337.REC	flac;cover=cover.jpg	Music/Recovered/Red Hot Chili Peppers/Stadium Arcadium/03 - Charlie.flac
FSCK0338.REC	flac;cover=cover.jpg	Music/Recovered/Red Hot Chili Peppers/Stadium Arcadium/04 - Stadium Arcadium.flac
FSCK0339.REC	flac;cover=cover.jpg	Music/Recovered/Red Hot Chili Peppers/Stadium Arcadium/05 - Hump De Bump.flac
FSCK0340.REC	flac;cover=cover.jpg	Music/Recovered/Red Hot Chili Peppers/Stadium Arcadium/06 - She's Only 18.flac
FSCK0341.REC	flac;cover=cover.jpg	Music/Recovered/Red Hot Chili Peppers/Stadium Arcadium/07 - Slow Cheetah.flac
FSCK0342.REC	flac;cover=cover.jpg	Music/Recovered/Red Hot Chili Peppers/Stadium Arcadium/08 - Torture Me.flac
FSCK0343.REC	flac;cover=cover.jpg	Music/Recovered/Red Hot Chili Peppers/Stadium Arcadium/09 - Strip My Mind.flac
FSCK0344.REC	flac;cover=cover.jpg	Music/Recovered/Red Hot Chili Peppers/Stadium Arcadium/10 - Especially In Michigan.flac
FSCK0345.REC	flac;cover=cover.jpg	Music/Recovered/Red Hot Chili Peppers/Stadium Arcadium/11 - Warlocks.flac
FSCK0346.REC	flac;cover=cover.jpg	Music/Recovered/Red Hot Chili Peppers/Stadium Arcadium/12 - C'mon Girl.flac
FSCK0347.REC	flac;cover=cover.jpg	Music/Recovered/Red Hot Chili Peppers/Stadium Arcadium/13 - Wet Sand.flac
FSCK0348.REC	flac;cover=cover.jpg	Music/Recovered/Red Hot Chili Peppers/Stadium Arcadium/14 - Hey.flac
FSCK0349.REC	flac;cover=cover.jpg	Music/Recovered/Red Hot Chili Peppers/Stadium Arcadium/15 - Desecration Smile.flac
FSCK0350.REC	flac;cover=cover.jpg	Music/Recovered/Red Hot Chili Peppers/Stadium Arcadium/16 - Tell Me Baby.flac
FSCK0351.REC	flac;cover=cover.jpg	Music/Recovered/Red Hot Chili Peppers/Stadium Arcadium/17 - Hard To Concentrate.flac
FSCK0352.REC	flac;cover=cover.jpg	Music/Recovered/Red Hot Chili Peppers/Stadium Arcadium/18 - 21St Century.flac
FSCK0353.REC	flac;cover=cover.jpg	Music/Recovered/Red Hot Chili Peppers/Stadium Arcadium/19 - She Looks To Me.flac
FSCK0354.REC	flac;cover=cover.jpg	Music/Recovered/Red Hot Chili Peppers/Stadium Arcadium/20 - Readymade.flac
FSCK0355.REC	flac;cover=cover.jpg	Music/Recovered/Red Hot Chili Peppers/Stadium Arcadium/21 - If.flac
FSCK0356.REC	flac;cover=cover.jpg	Music/Recovered/Red Hot Chili Peppers/Stadium Arcadium/22 - Make You Feel Better.flac
FSCK0357.REC	flac;cover=cover.jpg	Music/Recovered/Red Hot Chili Peppers/Stadium Arcadium/23 - Animal Bar.flac
FSCK0358.REC	flac;cover=cover.jpg	Music/Recovered/Red Hot Chili Peppers/Stadium Arcadium/24 - So Much I.flac
FSCK0359.REC	flac;cover=cover.jpg	Music/Recovered/Red Hot Chili Peppers/Stadium Arcadium/25 - Storm In A Teacup.flac
FSCK0360.REC	flac;cover=cover.jpg	Music/Recovered/Red Hot Chili Peppers/Stadium Arcadium/26 - We Believe.flac
FSCK0361.REC	flac;cover=cover.jpg	Music/Recovered/Red Hot Chili Peppers/Stadium Arcadium/27 - Turn It Again.flac
FSCK0362.REC	flac;cover=cover.jpg	Music/Recovered/Red Hot Chili Peppers/Stadium Arcadium/28 - Death Of A Martian.flac
FSCK0392.REC	flac;cover=cover.jpg	Music/Recovered/The Moody Blues/On the Threshold of a Dream/02 - Lovely To See You.flac
FSCK0393.REC	flac;cover=cover.jpg	Music/Recovered/The Moody Blues/On the Threshold of a Dream/19 - Lovely To See You.flac
FSCK0394.REC	flac;cover=cover.jpg	Music/Recovered/The Moody Blues/On the Threshold of a Dream/14 - In The Beginning.flac
FSCK0395.REC	flac;cover=cover.jpg	Music/Recovered/The Moody Blues/On the Threshold of a Dream/22 - Are You Sitting Comfortably.flac
FSCK0396.REC	flac;cover=cover.jpg	Music/Recovered/The Moody Blues/On the Threshold of a Dream/17 - Have You Heard.flac
FSCK0397.REC	flac;cover=cover.jpg	Music/Recovered/The Moody Blues/On the Threshold of a Dream/07 - Never Comes The Day.flac
FSCK0398.REC	flac;cover=cover.jpg	Music/Recovered/The Moody Blues/On the Threshold of a Dream/08 - Lazy Day.flac
FSCK0399.REC	flac;cover=cover.jpg	Music/Recovered/The Moody Blues/On the Threshold of a Dream/13 - Have You Heard.flac
FSCK0400.REC	flac;cover=cover.jpg	Music/Recovered/The Moody Blues/On the Threshold of a Dream/12 - The Voyage.flac
FSCK0401.REC	flac;cover=cover.jpg	Music/Recovered/The Moody Blues/On the Threshold of a Dream/11 - Have You Heard.flac
FSCK0402.REC	flac;cover=cover.jpg	Music/Recovered/The Moody Blues/On the Threshold of a Dream/21 - So Deep Within You.flac
FSCK0403.REC	flac;cover=cover.jpg	Music/Recovered/The Moody Blues/On the Threshold of a Dream/09 - Are You Sitting Comfortably_.flac
FSCK0404.REC	flac;cover=cover.jpg	Music/Recovered/The Moody Blues/On the Threshold of a Dream/05 - To Share Our Love.flac
FSCK0405.REC	flac;cover=cover.jpg	Music/Recovered/The Moody Blues/On the Threshold of a Dream/03 - Dear Diary.flac
FSCK0406.REC	flac;cover=cover.jpg	Music/Recovered/The Moody Blues/On the Threshold of a Dream/20 - Send Me No Wine.flac
FSCK0408.REC	flac;cover=cover.jpg	Music/Recovered/The Moody Blues/On the Threshold of a Dream/04 - Send Me No Wine.flac
FSCK0409.REC	flac;cover=cover.jpg	Music/Recovered/The Moody Blues/On the Threshold of a Dream/15 - So Deep Within You.flac
FSCK0410.REC	flac;cover=cover.jpg	Music/Recovered/The Moody Blues/On the Threshold of a Dream/18 - The Voyage.flac
FSCK0411.REC	flac;cover=cover.jpg	Music/Recovered/The Moody Blues/On the Threshold of a Dream/16 - Dear Diary.flac
FSCK0412.REC	flac;cover=cover.jpg	Music/Recovered/The Moody Blues/On the Threshold of a Dream/10 - The Dream.flac
FSCK0413.REC	flac;cover=cover.jpg	Music/Recovered/The Moody Blues/On the Threshold of a Dream/01 - In The Beginning.flac
FSCK0414.REC	flac;cover=cover.jpg	Music/Recovered/The Moody Blues/On the Threshold of a Dream/06 - So Deep Within You.flac
FSCK0437.REC	flac;cover=cover.jpg	Music/Recovered/Fort Minor/The Rising Tied/07 - In Stereo.flac
FSCK0438.REC	flac;cover=cover.jpg	Music/Recovered/Fort Minor/The Rising Tied/06 - Where'd You Go.flac
FSCK0439.REC	flac;cover=cover.jpg	Music/Recovered/Fort Minor/The Rising Tied/18 - There They Go.flac
FSCK0440.REC	flac;cover=cover.jpg	Music/Recovered/Fort Minor/The Rising Tied/14 - Red To Black.flac
FSCK0441.REC	flac;cover=cover.jpg	Music/Recovered/Fort Minor/The Rising Tied/04 - Petrified.flac
FSCK0442.REC	flac;cover=cover.jpg	Music/Recovered/Fort Minor/The Rising Tied/13 - Kenji.flac
FSCK0443.REC	flac;cover=cover.jpg	Music/Recovered/Fort Minor/The Rising Tied/20 - Welcome.flac
FSCK0444.REC	flac;cover=cover.jpg	Music/Recovered/Fort Minor/The Rising Tied/15 - The Battle.flac
FSCK0445.REC	flac;cover=cover.jpg	Music/Recovered/Fort Minor/The Rising Tied/08 - Back Home.flac
FSCK0446.REC	flac;cover=cover.jpg	Music/Recovered/Fort Minor/The Rising Tied/09 - Cigarettes.flac
FSCK0447.REC	flac;cover=cover.jpg	Music/Recovered/Fort Minor/The Rising Tied/01 - Introduction.flac
FSCK0448.REC	flac;cover=cover.jpg	Music/Recovered/Fort Minor/The Rising Tied/19 - The Hard Way.flac
FSCK0449.REC	flac;cover=cover.jpg	Music/Recovered/Fort Minor/The Rising Tied/17 - Be Somebody.flac
FSCK0450.REC	flac;cover=cover.jpg	Music/Recovered/Fort Minor/The Rising Tied/10 - Believe Me.flac
FSCK0451.REC	flac;cover=cover.jpg	Music/Recovered/Fort Minor/The Rising Tied/02 - Remember The Name.flac
FSCK0452.REC	flac;cover=cover.jpg	Music/Recovered/Fort Minor/The Rising Tied/03 - Right Now.flac
FSCK0453.REC	flac;cover=cover.jpg	Music/Recovered/Fort Minor/The Rising Tied/16 - Slip Out The Back.flac
FSCK0455.REC	flac;cover=cover.jpg	Music/Recovered/Fort Minor/The Rising Tied/12 - High Road.flac
FSCK0476.REC	flac;cover=cover.jpg	Music/Recovered/Fort Minor/The Rising Tied/05 - Feel Like Home.flac
FSCK0477.REC	flac;cover=cover.jpg	Music/Recovered/Fort Minor/The Rising Tied/11 - Get Me Gone.flac
FSCK0478.REC	flac;cover=cover.jpg	Music/Recovered/Eminem/The Eminem Show/04 - Cleanin' Out My Closet.flac
FSCK0479.REC	flac;cover=cover.jpg	Music/Recovered/Eminem/The Eminem Show/07 - Soldier.flac
FSCK0480.REC	flac;cover=cover.jpg	Music/Recovered/Eminem/The Eminem Show/15 - Steve Berman.flac
FSCK0481.REC	flac;cover=cover.jpg	Music/Recovered/Eminem/The Eminem Show/05 - Square Dance.flac
FSCK0482.REC	flac;cover=cover.jpg	Music/Recovered/Eminem/The Eminem Show/03 - Business.flac
FSCK0483.REC	flac;cover=cover.jpg	Music/Recovered/Eminem/The Eminem Show/09 - Drips.flac
FSCK0484.REC	flac;cover=cover.jpg	Music/Recovered/Eminem/The Eminem Show/10 - Without Me.flac
FSCK0485.REC	flac;cover=cover.jpg	Music/Recovered/Eminem/The Eminem Show/08 - Say Goodbye Hollywood.flac
FSCK0486.REC	flac;cover=cover.jpg	Music/Recovered/Eminem/The Eminem Show/11 - Paul Rosenberg.flac
FSCK0487.REC	flac;cover=cover.jpg	Music/Recovered/Eminem/The Eminem Show/02 - White America.flac
FSCK0488.REC	flac;cover=cover.jpg	Music/Recovered/Eminem/The Eminem Show/17 - Say What You Say.flac
FSCK0489.REC	flac;cover=cover.jpg	Music/Recovered/Eminem/The Eminem Show/06 - The Kiss.flac
FSCK0490.REC	flac;cover=cover.jpg	Music/Recovered/Eminem/The Eminem Show/14 - Hailie's Song.flac
FSCK0491.REC	flac;cover=cover.jpg	Music/Recovered/Eminem/The Eminem Show/01 - Curtains Up.flac
FSCK0492.REC	flac;cover=cover.jpg	Music/Recovered/Eminem/The Eminem Show/12 - Sing For The Moment.flac
FSCK0493.REC	flac;cover=cover.jpg	Music/Recovered/Eminem/The Eminem Show/18 - Till I Collapse.flac
FSCK0495.REC	flac;cover=cover.jpg	Music/Recovered/Eminem/The Eminem Show/20 - Curtains Close.flac
FSCK0516.REC	flac;cover=cover.jpg	Music/Recovered/Eminem/The Eminem Show/19 - My Dad's Gone Crazy.flac
FSCK0517.REC	flac;cover=cover.jpg	Music/Recovered/Eminem/The Eminem Show/16 - When The Music Stops.flac
FSCK0518.REC	flac;cover=cover.jpg	Music/Recovered/Eminem/The Eminem Show/13 - Superman.flac
FSCK0519.REC	flac;cover=cover.jpg	Music/Recovered/Shinedown/Planet Zero/01 - 2184.flac
FSCK0520.REC	flac;cover=cover.jpg	Music/Recovered/Shinedown/Planet Zero/02 - No Sleep Tonight.flac
FSCK0521.REC	flac;cover=cover.jpg	Music/Recovered/Shinedown/Planet Zero/03 - Planet Zero.flac
FSCK0522.REC	flac;cover=cover.jpg	Music/Recovered/Shinedown/Planet Zero/04 - Welcome.flac
FSCK0523.REC	flac;cover=cover.jpg	Music/Recovered/Shinedown/Planet Zero/05 - Dysfunctional You.flac
FSCK0524.REC	flac;cover=cover.jpg	Music/Recovered/Shinedown/Planet Zero/06 - Dead Don’T Die.flac
FSCK0525.REC	flac;cover=cover.jpg	Music/Recovered/Shinedown/Planet Zero/07 - Standardized Experiences.flac
FSCK0526.REC	flac;cover=cover.jpg	Music/Recovered/Shinedown/Planet Zero/08 - America Burning.flac
FSCK0527.REC	flac;cover=cover.jpg	Music/Recovered/Shinedown/Planet Zero/09 - Do Not Panic.flac
FSCK0528.REC	flac;cover=cover.jpg	Music/Recovered/Shinedown/Planet Zero/10 - A Symptom Of Being Human.flac
FSCK0529.REC	flac;cover=cover.jpg	Music/Recovered/Shinedown/Planet Zero/11 - Hope.flac
FSCK0530.REC	flac;cover=cover.jpg	Music/Recovered/Shinedown/Planet Zero/12 - A More Utopian Future.flac
FSCK0531.REC	flac;cover=cover.jpg	Music/Recovered/Shinedown/Planet Zero/13 - Clueless And Dramatic.flac
FSCK0532.REC	flac;cover=cover.jpg	Music/Recovered/Shinedown/Planet Zero/14 - Sure Is Fun.flac
FSCK0533.REC	flac;cover=cover.jpg	Music/Recovered/Shinedown/Planet Zero/15 - Daylight.flac
FSCK0534.REC	flac;cover=cover.jpg	Music/Recovered/Shinedown/Planet Zero/16 - This Is A Warning.flac
FSCK0535.REC	flac;cover=cover.jpg	Music/Recovered/Shinedown/Planet Zero/17 - The Saints Of Violence And Innuendo.flac
FSCK0536.REC	flac;cover=cover.jpg	Music/Recovered/Shinedown/Planet Zero/18 - Army Of The Underappreciated.flac
FSCK0537.REC	flac;cover=cover.jpg	Music/Recovered/Shinedown/Planet Zero/19 - Delete.flac
FSCK0538.REC	flac;cover=cover.jpg	Music/Recovered/Shinedown/Planet Zero/20 - What You Wanted.flac
FSCK0560.REC	flac;cover=cover.jpg	Music/Recovered/Eminem/Music to Be Murdered By/05 - Those Kinda Nights.flac
FSCK0561.REC	flac;cover=cover.jpg	Music/Recovered/Eminem/Music to Be Murdered By/01 - Premonition.flac
FSCK0562.REC	flac;cover=cover.jpg	Music/Recovered/Eminem/Music to Be Murdered By/13 - Marsh.flac
FSCK0563.REC	flac;cover=cover.jpg	Music/Recovered/Eminem/Music to Be Murdered By/20 - Alfred.flac
FSCK0564.REC	flac;cover=cover.jpg	Music/Recovered/Eminem/Music to Be Murdered By/18 - No Regrets.flac
FSCK0565.REC	flac;cover=cover.jpg	Music/Recovered/Eminem/Music to Be Murdered By/08 - Darkness.flac
FSCK0566.REC	flac;cover=cover.jpg	Music/Recovered/Eminem/Music to Be Murdered By/06 - In Too Deep.flac
FSCK0567.REC	flac;cover=cover.jpg	Music/Recovered/Eminem/Music to Be Murdered By/07 - Godzilla.flac
FSCK0568.REC	flac;cover=cover.jpg	Music/Recovered/Eminem/Music to Be Murdered By/15 - Little Engine.flac
FSCK0569.REC	flac;cover=cover.jpg	Music/Recovered/Eminem/Music to Be Murdered By/17 - Farewell.flac
FSCK0571.REC	flac;cover=cover.jpg	Music/Recovered/Eminem/Music to Be Murdered By/14 - Never Love Again.flac
FSCK0572.REC	flac;cover=cover.jpg	Music/Recovered/Eminem/Music to Be Murdered By/04 - Alfred.flac
FSCK0573.REC	flac;cover=cover.jpg	Music/Recovered/Eminem/Music to Be Murdered By/10 - Yah Yah.flac
FSCK0574.REC	flac;cover=cover.jpg	Music/Recovered/Eminem/Music to Be Murdered By/02 - Unaccommodating.flac
FSCK0575.REC	flac;cover=cover.jpg	Music/Recovered/Eminem/Music to Be Murdered By/11 - Stepdad.flac
FSCK0576.REC	flac;cover=cover.jpg	Music/Recovered/Eminem/Music to Be Murdered By/16 - Lock It Up.flac
FSCK0577.REC	flac;cover=cover.jpg	Music/Recovered/Eminem/Music to Be Murdered By/19 - I Will.flac
FSCK0578.REC	flac;cover=cover.jpg	Music/Recovered/Eminem/Music to Be Murdered By/12 - Stepdad.flac
FSCK0599.REC	flac;cover=cover.jpg	Music/Recovered/Eminem/Music to Be Murdered By/09 - Leaving Heaven.flac
FSCK0600.REC	flac;cover=cover.jpg	Music/Recovered/Eminem/Music to Be Murdered By/03 - You Gon’ Learn.flac
FSCK0601.REC	flac;cover=cover.jpg	Music/Recovered/Red Hot Chili Peppers/Blood Sugar Sex Magik/01 - The Power Of Equality.flac
FSCK0602.REC	flac;cover=cover.jpg	Music/Recovered/Red Hot Chili Peppers/Blood Sugar Sex Magik/02 - If You Have To Ask.flac
FSCK0603.REC	flac;cover=cover.jpg	Music/Recovered/Red Hot Chili Peppers/Blood Sugar Sex Magik/03 - Breaking The Girl.flac
FSCK0604.REC	flac;cover=cover.jpg	Music/Recovered/Red Hot Chili Peppers/Blood Sugar Sex Magik/04 - Funky Monks.flac
FSCK0605.REC	flac;cover=cover.jpg	Music/Recovered/Red Hot Chili Peppers/Blood Sugar Sex Magik/05 - Suck My Kiss.flac
FSCK0606.REC	flac;cover=cover.jpg	Music/Recovered/Red Hot Chili Peppers/Blood Sugar Sex Magik/06 - I Could Have Lied.flac
FSCK0607.REC	flac;cover=cover.jpg	Music/Recovered/Red Hot Chili Peppers/Blood Sugar Sex Magik/07 - Mellowship Slinky In B Major.flac
FSCK0608.REC	flac;cover=cover.jpg	Music/Recovered/Red Hot Chili Peppers/Blood Sugar Sex Magik/08 - The Righteous & The Wicked.flac
FSCK0609.REC	flac;cover=cover.jpg	Music/Recovered/Red Hot Chili Peppers/Blood Sugar Sex Magik/09 - Give It Away.flac
FSCK0610.REC	flac;cover=cover.jpg	Music/Recovered/Red Hot Chili Peppers/Blood Sugar Sex Magik/10 - Blood Sugar Sex Magik.flac
FSCK0611.REC	flac;cover=cover.jpg	Music/Recovered/Red Hot Chili Peppers/Blood Sugar Sex Magik/11 - Under The Bridge.flac
FSCK0612.REC	flac;cover=cover.jpg	Music/Recovered/Red Hot Chili Peppers/Blood Sugar Sex Magik/12 - Naked In The Rain.flac
FSCK0613.REC	flac;cover=cover.jpg	Music/Recovered/Red Hot Chili Peppers/Blood Sugar Sex Magik/13 - Apache Rose Peacock.flac
FSCK0614.REC	flac;cover=cover.jpg	Music/Recovered/Red Hot Chili Peppers/Blood Sugar Sex Magik/14 - The Greeting Song.flac
FSCK0615.REC	flac;cover=cover.jpg	Music/Recovered/Red Hot Chili Peppers/Blood Sugar Sex Magik/15 - My Lovely Man.flac
FSCK0616.REC	flac;cover=cover.jpg	Music/Recovered/Red Hot Chili Peppers/Blood Sugar Sex Magik/16 - Sir Psycho Sexy.flac
FSCK0617.REC	flac;cover=cover.jpg	Music/Recovered/Red Hot Chili Peppers/Blood Sugar Sex Magik/17 - They're Red Hot.flac
FSCK0618.REC	flac;cover=cover.jpg	Music/Recovered/Red Hot Chili Peppers/Blood Sugar Sex Magik/18 - Little Miss Lover.flac
FSCK0619.REC	flac;cover=cover.jpg	Music/Recovered/Red Hot Chili Peppers/Blood Sugar Sex Magik/19 - Castles Made Of Sand.flac
FSCK0640.REC	flac;cover=cover.jpg	Music/Recovered/Bo Burnham/What/10 - Andy The Frog.flac
FSCK0641.REC	flac;cover=cover.jpg	Music/Recovered/Bo Burnham/What/18 - Hell Of A Ride.flac
FSCK0642.REC	flac;cover=cover.jpg	Music/Recovered/Bo Burnham/What/11 - Out Of The Abyss.flac
FSCK0643.REC	flac;cover=cover.jpg	Music/Recovered/Bo Burnham/What/01 - Intro.flac
FSCK0644.REC	flac;cover=cover.jpg	Music/Recovered/Bo Burnham/What/06 - #Deep.flac
FSCK0645.REC	flac;cover=cover.jpg	Music/Recovered/Bo Burnham/What/16 - Nerds.flac
FSCK0646.REC	flac;cover=cover.jpg	Music/Recovered/Bo Burnham/What/15 - Eff.flac
FSCK0647.REC	flac;cover=cover.jpg	Music/Recovered/Bo Burnham/What/03 - I F--K Sl--Ts.flac
FSCK0648.REC	flac;cover=cover.jpg	Music/Recovered/Bo Burnham/What/13 - We Think We Know You.flac
FSCK0649.REC	flac;cover=cover.jpg	Music/Recovered/Bo Burnham/What/17 - Channel 5 News_ The Musical!.flac
FSCK0650.REC	flac;cover=cover.jpg	Music/Recovered/Bo Burnham/What/12 - Repeat Stuff.flac
FSCK0651.REC	flac;cover=cover.jpg	Music/Recovered/Bo Burnham/What/08 - Poems.flac
FSCK0652.REC	flac;cover=cover.jpg	Music/Recovered/Bo Burnham/What/09 - From God's Perspective.flac
FSCK0653.REC	flac;cover=cover.jpg	Music/Recovered/Bo Burnham/What/07 - Beating Off In A Minor.flac
FSCK0654.REC	flac;cover=cover.jpg	Music/Recovered/Bo Burnham/What/04 - Wdidln_.flac
FSCK0656.REC	flac;cover=cover.jpg	Music/Recovered/Bo Burnham/What/02 - Sad.flac
FSCK0675.REC	flac;cover=cover.jpg	Music/Recovered/Bo Burnham/What/05 - Left Brain, Right Brain.flac
FSCK0676.REC	flac;cover=cover.jpg	Music/Recovered/Bo Burnham/What/14 - Repeat Stuff.flac
FSCK0677.REC	flac;cover=cover.jpg	Music/Recovered/Eminem/The Marshall Mathers Lp/01 - Public Service Announcement 2000.flac
FSCK0678.REC	flac;cover=cover.jpg	Music/Recovered/Eminem/The Marshall Mathers Lp/02 - Kill You.flac
FSCK0679.REC	flac;cover=cover.jpg	Music/Recovered/Eminem/The Marshall Mathers Lp/03 - Stan.flac
FSCK0680.REC	flac;cover=cover.jpg	Music/Recovered/Paul _Bunyan_ Rosenberg/The Marshall Mathers Lp/04 - Paul.flac
FSCK0681.REC	flac;cover=cover.jpg	Music/Recovered/Eminem/The Marshall Mathers Lp/05 - Who Knew.flac
FSCK0682.REC	flac;cover=cover.jpg	Music/Recovered/Eminem/The Marshall Mathers Lp/06 - Steve Berman.flac
FSCK0683.REC	flac;cover=cover.jpg	Music/Recovered/Eminem/The Marshall Mathers Lp/07 - The Way I Am.flac
FSCK0684.REC	flac;cover=cover.jpg	Music/Recovered/Eminem/The Marshall Mathers Lp/08 - The Real Slim Shady.flac
FSCK0685.REC	flac;cover=cover.jpg	Music/Recovered/Eminem/The Marshall Mathers Lp/09 - Remember Me_.flac
FSCK0686.REC	flac;cover=cover.jpg	Music/Recovered/Eminem/The Marshall Mathers Lp/10 - I'm Back.flac
FSCK0687.REC	flac;cover=cover.jpg	Music/Recovered/Eminem/The Marshall Mathers Lp/11 - Marshall Mathers.flac
FSCK0688.REC	flac;cover=cover.jpg	Music/Recovered/Eminem/The Marshall Mathers Lp/12 - Ken Kaniff.flac
FSCK0689.REC	flac;cover=cover.jpg	Music/Recovered/Eminem/The Marshall Mathers Lp/13 - Drug Ballad.flac
FSCK0690.REC	flac;cover=cover.jpg	Music/Recovered/Eminem/The Marshall Mathers Lp/14 - Amityville.flac
FSCK0691.REC	flac;cover=cover.jpg	Music/Recovered/Eminem/The Marshall Mathers Lp/16 - Kim.flac
FSCK0692.REC	flac;cover=cover.jpg	Music/Recovered/Eminem/The Marshall Mathers Lp/18 - Criminal.flac
FSCK0712.REC	flac;cover=cover.jpg	Music/Recovered/Eminem/The Marshall Mathers Lp/15 - Bitch Please Ii.flac
FSCK0713.REC	flac;cover=cover.jpg	Music/Recovered/Eminem/The Marshall Mathers Lp/17 - Under The Influence.flac
FSCK0714.REC	flac;cover=cover.jpg	Music/Recovered/Limp Bizkit/Results May Vary/17 - All That Easy.flac
FSCK0715.REC	flac;cover=cover.jpg	Music/Recovered/Limp Bizkit/Results May Vary/12 - Lonely World.flac
FSCK0716.REC	flac;cover=cover.jpg	Music/Recovered/Limp Bizkit/Results May Vary/10 - The Only One.flac
FSCK0717.REC	flac;cover=cover.jpg	Music/Recovered/Limp Bizkit/Results May Vary/18 - Drown.flac
FSCK0719.REC	flac;cover=cover.jpg	Music/Recovered/Limp Bizkit/Results May Vary/15 - Head For The Barricade.flac
FSCK0720.REC	flac;cover=cover.jpg	Music/Recovered/Limp Bizkit/Results May Vary/01 - Re-Entry.flac
FSCK0721.REC	flac;cover=cover.jpg	Music/Recovered/Limp Bizkit/Results May Vary/11 - Let Me Down.flac
FSCK0722.REC	flac;cover=cover.jpg	Music/Recovered/Limp Bizkit/Results May Vary/06 - Almost Over.flac
FSCK0723.REC	flac;cover=cover.jpg	Music/Recovered/Limp Bizkit/Results May Vary/03 - Gimme The Mic.flac
FSCK0724.REC	flac;cover=cover.jpg	Music/Recovered/Limp Bizkit/Results May Vary/02 - Eat You Alive.flac
FSCK0725.REC	flac;cover=cover.jpg	Music/Recovered/Limp Bizkit/Results May Vary/14 - Creamer.flac
FSCK0726.REC	flac;cover=cover.jpg	Music/Recovered/Limp Bizkit/Results May Vary/09 - Take It Home.flac
FSCK0727.REC	flac;cover=cover.jpg	Music/Recovered/Limp Bizkit/Results May Vary/08 - Red Light - Green Light.flac
FSCK0728.REC	flac;cover=cover.jpg	Music/Recovered/Limp Bizkit/Results May Vary/04 - Underneath The Gun.flac
FSCK0729.REC	flac;cover=cover.jpg	Music/Recovered/Limp Bizkit/Results May Vary/07 - Build A Bridge.flac
FSCK0730.REC	flac;cover=cover.jpg	Music/Recovered/Limp Bizkit/Results May Vary/16 - Behind Blue Eyes.flac
FSCK0731.REC	flac;cover=cover.jpg	Music/Recovered/Limp Bizkit/Results May Vary/05 - Down Another Day.flac
FSCK0732.REC	flac;cover=cover.jpg	Music/Recovered/Limp Bizkit/Results May Vary/13 - Phenomenon.flac
FSCK0751.REC	flac;cover=cover.jpg	Music/Recovered/Red Hot Chili Peppers/By the Way/10 - Throw Away Your Television.flac
FSCK0752.REC	flac;cover=cover.jpg	Music/Recovered/Red Hot Chili Peppers/By the Way/05 - Don't Forget Me.flac
FSCK0753.REC	flac;cover=cover.jpg	Music/Recovered/Red Hot Chili Peppers/By the Way/00 - I Could Die For You.flac
FSCK0754.REC	flac;cover=cover.jpg	Music/Recovered/Red Hot Chili Peppers/By the Way/03 - This Is The Place.flac
FSCK0756.REC	flac;cover=cover.jpg	Music/Recovered/Red Hot Chili Peppers/By the Way/04 - Dosed.flac
FSCK0757.REC	flac;cover=cover.jpg	Music/Recovered/Red Hot Chili Peppers/By the Way/14 - Minor Thing.flac
FSCK0758.REC	flac;cover=cover.jpg	Music/Recovered/Red Hot Chili Peppers/By the Way/01 - By The Way.flac
FSCK0759.REC	flac;cover=cover.jpg	Music/Recovered/Red Hot Chili Peppers/By the Way/17 - Runaway.flac
FSCK0760.REC	flac;cover=cover.jpg	Music/Recovered/Red Hot Chili Peppers/By the Way/07 - Can't Stop.flac
FSCK0761.REC	flac;cover=cover.jpg	Music/Recovered/Red Hot Chili Peppers/By the Way/06 - The Zephyr Song.flac
FSCK0780.REC	flac;cover=cover.jpg	Music/Recovered/Red Hot Chili Peppers/By the Way/11 - Cabron.flac
FSCK0781.REC	flac;cover=cover.jpg	Music/Recovered/Red Hot Chili Peppers/By the Way/13 - On Mercury.flac
FSCK0782.REC	flac;cover=cover.jpg	Music/Recovered/Red Hot Chili Peppers/By the Way/02 - Universally Speaking.flac
FSCK0783.REC	flac;cover=cover.jpg	Music/Recovered/Red Hot Chili Peppers/By the Way/00 - Midnight.flac
FSCK0784.REC	flac;cover=cover.jpg	Music/Recovered/Red Hot Chili Peppers/By the Way/18 - Bicycle Song.flac
FSCK0785.REC	flac;cover=cover.jpg	Music/Recovered/Red Hot Chili Peppers/By the Way/16 - Venice Queen.flac
FSCK0786.REC	flac;cover=cover.jpg	Music/Recovered/Red Hot Chili Peppers/By the Way/15 - Warm Tape.flac
FSCK0787.REC	flac;cover=cover.jpg	Music/Recovered/Red Hot Chili Peppers/By the Way/12 - Tear.flac
FSCK0862.REC	flac;cover=cover.jpg	Music/Recovered/Paramore/Riot! (Deluxe Edition)/03 - Hallelujah.flac
FSCK0863.REC	flac;cover=cover.jpg	Music/Recovered/Paramore/Riot! (Deluxe Edition)/11 - Born for This.flac
FSCK0864.REC	flac;cover=cover.jpg	Music/Recovered/Paramore/Riot! (Deluxe Edition)/01 - For a Pessimist, I'm Pretty Optimistic.flac
FSCK0865.REC	flac;cover=cover.jpg	Music/Recovered/Paramore/Riot! (Deluxe Edition)/02 - That's What You Get.flac
FSCK0866.REC	flac;cover=cover.jpg	Music/Recovered/Paramore/Riot! (Deluxe Edition)/12 - Stop This Song (Love Sick Melody).flac
FSCK0867.REC	flac;cover=cover.jpg	Music/Recovered/Paramore/Riot! (Deluxe Edition)/04 - Misery Business.flac
FSCK0868.REC	flac;cover=cover.jpg	Music/Recovered/Paramore/Riot! (Deluxe Edition)/05 - When It Rains.flac
FSCK0869.REC	flac;cover=cover.jpg	Music/Recovered/Paramore/Riot! (Deluxe Edition)/10 - Fences.flac
FSCK0870.REC	flac;cover=cover.jpg	Music/Recovered/Paramore/Riot! (Deluxe Edition)/14 - Emergency (Live).flac
FSCK0871.REC	flac;cover=cover.jpg	Music/Recovered/Paramore/Riot! (Deluxe Edition)/13 - Rewind (Demo).flac
FSCK0872.REC	flac;cover=cover.jpg	Music/Recovered/Paramore/Riot! (Deluxe Edition)/06 - Let the Flames Begin.flac
FSCK0873.REC	flac;cover=cover.jpg	Music/Recovered/Paramore/Riot! (Deluxe Edition)/07 - Miracle.flac
FSCK0874.REC	flac;cover=cover.jpg	Music/Recovered/Paramore/Riot! (Deluxe Edition)/08 - crushcrushcrush.flac
FSCK0875.REC	flac;cover=cover.jpg	Music/Recovered/Paramore/Riot! (Deluxe Edition)/15 - Misery Business (Acoustic Version).flac
FSCK0877.REC	flac;cover=cover.jpg	Music/Recovered/Paramore/Riot! (Deluxe Edition)/09 - We Are Broken.flac
FSCK0896.REC	flac;cover=cover.jpg	Music/Recovered/Red Hot Chili Peppers/Return of the Dream Canteen/01 - Tippa My Tongue.flac
FSCK0897.REC	flac;cover=cover.jpg	Music/Recovered/Red Hot Chili Peppers/Return of the Dream Canteen/02 - Peace And Love.flac
FSCK0898.REC	flac;cover=cover.jpg	Music/Recovered/Red Hot Chili Peppers/Return of the Dream Canteen/03 - Reach Out.flac
FSCK0899.REC	flac;cover=cover.jpg	Music/Recovered/Red Hot Chili Peppers/Return of the Dream Canteen/04 - Eddie.flac
FSCK0900.REC	flac;cover=cover.jpg	Music/Recovered/Red Hot Chili Peppers/Return of the Dream Canteen/05 - Fake As Fu@K.flac
FSCK0901.REC	flac;cover=cover.jpg	Music/Recovered/Red Hot Chili Peppers/Return of the Dream Canteen/06 - Bella.flac
FSCK0902.REC	flac;cover=cover.jpg	Music/Recovered/Red Hot Chili Peppers/Return of the Dream Canteen/07 - Roulette.flac
FSCK0903.REC	flac;cover=cover.jpg	Music/Recovered/Red Hot Chili Peppers/Return of the Dream Canteen/08 - My Cigarette.flac
FSCK0904.REC	flac;cover=cover.jpg	Music/Recovered/Red Hot Chili Peppers/Return of the Dream Canteen/09 - Afterlife.flac
FSCK0905.REC	flac;cover=cover.jpg	Music/Recovered/Red Hot Chili Peppers/Return of the Dream Canteen/14 - La La La La La La La La.flac
FSCK0906.REC	flac;cover=cover.jpg	Music/Recovered/Red Hot Chili Peppers/Return of the Dream Canteen/15 - Copperbelly.flac
FSCK0907.REC	flac;cover=cover.jpg	Music/Recovered/Red Hot Chili Peppers/Return of the Dream Canteen/17 - In The Snow.flac
FSCK0926.REC	flac;cover=cover.jpg	Music/Recovered/Red Hot Chili Peppers/Return of the Dream Canteen/10 - Shoot Me A Smile.flac
FSCK0927.REC	flac;cover=cover.jpg	Music/Recovered/Red Hot Chili Peppers/Return of the Dream Canteen/11 - Handful.flac
FSCK0928.REC	flac;cover=cover.jpg	Music/Recovered/Red Hot Chili Peppers/Return of the Dream Canteen/12 - The Drummer.flac
FSCK0929.REC	flac;cover=cover.jpg	Music/Recovered/Red Hot Chili Peppers/Return of the Dream Canteen/13 - Bag Of Grins.flac
FSCK0930.REC	flac;cover=cover.jpg	Music/Recovered/Red Hot Chili Peppers/Return of the Dream Canteen/16 - Carry Me Home.flac
FSCK0931.REC	flac;cover=cover.jpg	Music/Recovered/Eminem/Recovery/04 - Won't Back Down.flac
FSCK0932.REC	flac;cover=cover.jpg	Music/Recovered/Eminem/Recovery/17 - Untitled.flac
FSCK0933.REC	flac;cover=cover.jpg	Music/Recovered/Eminem/Recovery/10 - Space Bound.flac
FSCK0934.REC	flac;cover=cover.jpg	Music/Recovered/Eminem/Recovery/08 - Seduction.flac
FSCK0935.REC	flac;cover=cover.jpg	Music/Recovered/Eminem/Recovery/03 - On Fire.flac
FSCK0936.REC	flac;cover=cover.jpg	Music/Recovered/Eminem/Recovery/09 - No Love.flac
FSCK0937.REC	flac;cover=cover.jpg	Music/Recovered/Eminem/Recovery/15 - Love The Way You Lie.flac
FSCK0938.REC	flac;cover=cover.jpg	Music/Recovered/Eminem/Recovery/02 - Talkin’ 2 Myself.flac
FSCK0939.REC	flac;cover=cover.jpg	Music/Recovered/Eminem/Recovery/05 - W.T.P.flac
FSCK0940.REC	flac;cover=cover.jpg	Music/Recovered/Eminem/Recovery/07 - Not Afraid.flac
FSCK0941.REC	flac;cover=cover.jpg	Music/Recovered/Eminem/Recovery/01 - Cold Wind Blows.flac
FSCK0942.REC	flac;cover=cover.jpg	Music/Recovered/Eminem/Recovery/06 - Going Through Changes.flac
FSCK0943.REC	flac;cover=cover.jpg	Music/Recovered/Eminem/Recovery/12 - 25 To Life.flac
FSCK0944.REC	flac;cover=cover.jpg	Music/Recovered/Eminem/Recovery/14 - Almost Famous.flac
FSCK0945.REC	flac;cover=cover.jpg	Music/Recovered/Eminem/Recovery/16 - You’Re Never Over.flac
FSCK0946.REC	flac;cover=cover.jpg	Music/Recovered/Eminem/Recovery/11 - Cinderella Man.flac
FSCK0948.REC	flac;cover=cover.jpg	Music/Recovered/Eminem/Recovery/13 - So Bad.flac
FSCK0966.REC	flac;cover=cover.jpg	Music/Recovered/Halsey/Hopeless Fountain Kingdom/01 - The Prologue.flac
FSCK0967.REC	flac;cover=cover.jpg	Music/Recovered/Halsey/Hopeless Fountain Kingdom/02 - 100 Letters.flac
FSCK0968.REC	flac;cover=cover.jpg	Music/Recovered/Halsey/Hopeless Fountain Kingdom/03 - Eyes Closed.flac
FSCK0969.REC	flac;cover=cover.jpg	Music/Recovered/Halsey/Hopeless Fountain Kingdom/04 - Heaven In Hiding.flac
FSCK0970.REC	flac;cover=cover.jpg	Music/Recovered/Halsey/Hopeless Fountain Kingdom/05 - Alone.flac
FSCK0971.REC	flac;cover=cover.jpg	Music/Recovered/Halsey/Hopeless Fountain Kingdom/06 - Now Or Never.flac
FSCK0972.REC	flac;cover=cover.jpg	Music/Recovered/Halsey/Hopeless Fountain Kingdom/07 - Sorry.flac
FSCK0973.REC	flac;cover=cover.jpg	Music/Recovered/Halsey/Hopeless Fountain Kingdom/08 - Good Mourning.flac
FSCK0974.REC	flac;cover=cover.jpg	Music/Recovered/Halsey/Hopeless Fountain Kingdom/09 - Lie.flac
FSCK0975.REC	flac;cover=cover.jpg	Music/Recovered/Halsey/Hopeless Fountain Kingdom/10 - Walls Could Talk.flac
FSCK0976.REC	flac;cover=cover.jpg	Music/Recovered/Halsey/Hopeless Fountain Kingdom/11 - Bad At Love.flac
FSCK0977.REC	flac;cover=cover.jpg	Music/Recovered/Halsey/Hopeless Fountain Kingdom/12 - Don’T Play.flac
FSCK0978.REC	flac;cover=cover.jpg	Music/Recovered/Halsey/Hopeless Fountain Kingdom/17 - Alone.flac
FSCK0997.REC	flac;cover=cover.jpg	Music/Recovered/Halsey/Hopeless Fountain Kingdom/13 - Strangers.flac
FSCK0998.REC	flac;cover=cover.jpg	Music/Recovered/Halsey/Hopeless Fountain Kingdom/14 - Angel On Fire.flac
FSCK0999.REC	flac;cover=cover.jpg	Music/Recovered/Halsey/Hopeless Fountain Kingdom/15 - Devil In Me.flac
FSCK1000.REC	flac;cover=cover.jpg	Music/Recovered/Halsey/Hopeless Fountain Kingdom/16 - Hopeless.flac
FSCK1001.REC	flac;cover=cover.jpg	Music/Recovered/The Beatles/Abbey Road/15 - Carry That Weight.flac
FSCK1002.REC	flac;cover=cover.jpg	Music/Recovered/The Beatles/Abbey Road/06 - I Want You.flac
FSCK1003.REC	flac;cover=cover.jpg	Music/Recovered/The Beatles/Abbey Road/14 - Golden Slumbers.flac
FSCK1004.REC	flac;cover=cover.jpg	Music/Recovered/The Beatles/Abbey Road/01 - Come Together.flac
FSCK1005.REC	flac;cover=cover.jpg	Music/Recovered/The Beatles/Abbey Road/17 - Her Majesty.flac
FSCK1006.REC	flac;cover=cover.jpg	Music/Recovered/The Beatles/Abbey Road/03 - Maxwell's Silver Hammer.flac
FSCK1007.REC	flac;cover=cover.jpg	Music/Recovered/The Beatles/Abbey Road/07 - Here Comes The Sun.flac
FSCK1008.REC	flac;cover=cover.jpg	Music/Recovered/The Beatles/Abbey Road/02 - Something.flac
FSCK1009.REC	flac;cover=cover.jpg	Music/Recovered/The Beatles/Abbey Road/04 - Oh! Darling.flac
FSCK1010.REC	flac;cover=cover.jpg	Music/Recovered/The Beatles/Abbey Road/00 - Because.flac
FSCK1011.REC	flac;cover=cover.jpg	Music/Recovered/The Beatles/Abbey Road/11 - Mean Mr Mustard.flac
FSCK1012.REC	flac;cover=cover.jpg	Music/Recovered/The Beatles/Abbey Road/13 - She Came In Through The Bathroom Window.flac
FSCK1013.REC	flac;cover=cover.jpg	Music/Recovered/The Beatles/Abbey Road/10 - Sun King.flac
FSCK1014.REC	flac;cover=cover.jpg	Music/Recovered/The Beatles/Abbey Road/16 - The End.flac
FSCK1016.REC	flac;cover=cover.jpg	Music/Recovered/The Beatles/Abbey Road/05 - Octopus's Garden.flac
FSCK1017.REC	flac;cover=cover.jpg	Music/Recovered/The Beatles/Abbey Road/00 - You Never Give Me Your Money.flac
FSCK1018.REC	flac;cover=cover.jpg	Music/Recovered/The Beatles/Abbey Road/12 - Polythene Pam.flac
FSCK1071.REC	flac;cover=cover.jpg	Music/Recovered/Paramore/Paramore/03 - Grow Up.flac
FSCK1072.REC	flac;cover=cover.jpg	Music/Recovered/Paramore/Paramore/11 - Interlude_ Holiday.flac
FSCK1073.REC	flac;cover=cover.jpg	Music/Recovered/Paramore/Paramore/06 - Ain’t It Fun.flac
FSCK1074.REC	flac;cover=cover.jpg	Music/Recovered/Paramore/Paramore/10 - Anklebiters.flac
FSCK1075.REC	flac;cover=cover.jpg	Music/Recovered/Paramore/Paramore/12 - Proof.flac
FSCK1076.REC	flac;cover=cover.jpg	Music/Recovered/Paramore/Paramore/16 - Be Alone.flac
FSCK1077.REC	flac;cover=cover.jpg	Music/Recovered/Paramore/Paramore/15 - Interlude_ I’m Not Angry Anymore.flac
FSCK1078.REC	flac;cover=cover.jpg	Music/Recovered/Paramore/Paramore/04 - Daydreaming.flac
FSCK1079.REC	flac;cover=cover.jpg	Music/Recovered/Paramore/Paramore/07 - Part II.flac
FSCK1080.REC	flac;cover=cover.jpg	Music/Recovered/Paramore/Paramore/13 - Hate to See Your Heart Break.flac
FSCK1081.REC	flac;cover=cover.jpg	Music/Recovered/Paramore/Paramore/09 - Still Into You.flac
FSCK1082.REC	flac;cover=cover.jpg	Music/Recovered/Paramore/Paramore/17 - Future.flac
FSCK1083.REC	flac;cover=cover.jpg	Music/Recovered/Paramore/Paramore/01 - Fast in My Car.flac
FSCK1084.REC	flac;cover=cover.jpg	Music/Recovered/Paramore/Paramore/14 - (One of Those) Crazy Girls.flac
FSCK1085.REC	flac;cover=cover.jpg	Music/Recovered/Paramore/Paramore/05 - Interlude_ Moving On.flac
FSCK1086.REC	flac;cover=cover.jpg	Music/Recovered/Paramore/Paramore/08 - Last Hope.flac
FSCK1087.REC	flac;cover=cover.jpg	Music/Recovered/Paramore/Paramore/02 - Now.flac
FSCK1106.REC	flac;cover=cover.jpg	Music/Recovered/Finger Eleven/Them Vs. You Vs. Me/03 - I'll Keep Your Memory Vague.flac
FSCK1107.REC	flac;cover=cover.jpg	Music/Recovered/Finger Eleven/Them Vs. You Vs. Me/01 - Paralyzer.flac
FSCK1108.REC	flac;cover=cover.jpg	Music/Recovered/Finger Eleven/Them Vs. You Vs. Me/06 - Window Song.flac
FSCK1109.REC	flac;cover=cover.jpg	Music/Recovered/Finger Eleven/Them Vs. You Vs. Me/14 - Them Vs. You Vs. Me.flac
FSCK1110.REC	flac;cover=cover.jpg	Music/Recovered/Finger Eleven/Them Vs. You Vs. Me/04 - Lost My Way.flac
FSCK1111.REC	flac;cover=cover.jpg	Music/Recovered/Finger Eleven/Them Vs. You Vs. Me/02 - Falling On.flac
FSCK1112.REC	flac;cover=cover.jpg	Music/Recovered/Finger Eleven/Them Vs. You Vs. Me/10 - Gather & Give.flac
FSCK1113.REC	flac;cover=cover.jpg	Music/Recovered/Finger Eleven/Them Vs. You Vs. Me/09 - Change The World.flac
FSCK1114.REC	flac;cover=cover.jpg	Music/Recovered/Finger Eleven/Them Vs. You Vs. Me/07 - Sense Of A Spark.flac
FSCK1115.REC	flac;cover=cover.jpg	Music/Recovered/Finger Eleven/Them Vs. You Vs. Me/13 - Sacrifice.flac
FSCK1116.REC	flac;cover=cover.jpg	Music/Recovered/Finger Eleven/Them Vs. You Vs. Me/15 - Falling On.flac
FSCK1117.REC	flac;cover=cover.jpg	Music/Recovered/Finger Eleven/Them Vs. You Vs. Me/08 - Talking To The Walls.flac
FSCK1118.REC	flac;cover=cover.jpg	Music/Recovered/Finger Eleven/Them Vs. You Vs. Me/11 - Easy Life.flac
FSCK1119.REC	flac;cover=cover.jpg	Music/Recovered/Finger Eleven/Them Vs. You Vs. Me/05 - So-So Suicide.flac
FSCK1120.REC	flac;cover=cover.jpg	Music/Recovered/Finger Eleven/Them Vs. You Vs. Me/12 - Change The World.flac
FSCK1122.REC	flac;cover=cover.jpg	Music/Recovered/Finger Eleven/Them Vs. You Vs. Me/16 - Paralyzer.flac
FSCK1139.REC	flac;cover=cover.jpg	Music/Recovered/Halestorm/The Strange Case Of/15 - Hate It When You See Me Cry.flac
FSCK1140.REC	flac;cover=cover.jpg	Music/Recovered/Halestorm/The Strange Case Of/01 - Love Bites.flac
FSCK1141.REC	flac;cover=cover.jpg	Music/Recovered/Halestorm/The Strange Case Of/08 - Rock Show.flac
FSCK1142.REC	flac;cover=cover.jpg	Music/Recovered/Halestorm/The Strange Case Of/03 - I Miss The Misery.flac
FSCK1143.REC	flac;cover=cover.jpg	Music/Recovered/Halestorm/The Strange Case Of/14 - Private Parts.flac
FSCK1144.REC	flac;cover=cover.jpg	Music/Recovered/Halestorm/The Strange Case Of/04 - Freak Like Me.flac
FSCK1145.REC	flac;cover=cover.jpg	Music/Recovered/Halestorm/The Strange Case Of/02 - Mz. Hyde.flac
FSCK1146.REC	flac;cover=cover.jpg	Music/Recovered/Halestorm/The Strange Case Of/11 - American Boys.flac
FSCK1147.REC	flac;cover=cover.jpg	Music/Recovered/Halestorm/The Strange Case Of/12 - Here's To Us.flac
FSCK1148.REC	flac;cover=cover.jpg	Music/Recovered/Halestorm/The Strange Case Of/09 - Daughters Of Darkness.flac
FSCK1149.REC	flac;cover=cover.jpg	Music/Recovered/Halestorm/The Strange Case Of/16 - Here's To Us.flac
FSCK1150.REC	flac;cover=cover.jpg	Music/Recovered/Halestorm/The Strange Case Of/13 - Don't Know How To Stop.flac
FSCK1151.REC	flac;cover=cover.jpg	Music/Recovered/Halestorm/The Strange Case Of/06 - In Your Room.flac
FSCK1152.REC	flac;cover=cover.jpg	Music/Recovered/Halestorm/The Strange Case Of/10 - You Call Me A Bitch Like It's A Bad Thing.flac
FSCK1153.REC	flac;cover=cover.jpg	Music/Recovered/Halestorm/The Strange Case Of/05 - Beautiful With You.flac
FSCK1154.REC	flac;cover=cover.jpg	Music/Recovered/Halestorm/The Strange Case Of/07 - Break In.flac
FSCK1172.REC	flac;cover=cover.jpg	Music/Recovered/Mike Shinoda/Post Traumatic/08 - Crossing A Line.flac
FSCK1173.REC	flac;cover=cover.jpg	Music/Recovered/Mike Shinoda/Post Traumatic/06 - Brooding.flac
FSCK1174.REC	flac;cover=cover.jpg	Music/Recovered/Mike Shinoda/Post Traumatic/05 - About You.flac
FSCK1175.REC	flac;cover=cover.jpg	Music/Recovered/Mike Shinoda/Post Traumatic/09 - Hold It Together.flac
FSCK1176.REC	flac;cover=cover.jpg	Music/Recovered/Mike Shinoda/Post Traumatic/02 - Over Again.flac
FSCK1177.REC	flac;cover=cover.jpg	Music/Recovered/Mike Shinoda/Post Traumatic/12 - Lift Off.flac
FSCK1178.REC	flac;cover=cover.jpg	Music/Recovered/Mike Shinoda/Post Traumatic/01 - Place To Start.flac
FSCK1179.REC	flac;cover=cover.jpg	Music/Recovered/Mike Shinoda/Post Traumatic/07 - Promises I Can't Keep.flac
FSCK1180.REC	flac;cover=cover.jpg	Music/Recovered/Mike Shinoda/Post Traumatic/04 - Nothing Makes Sense Anymore.flac
FSCK1181.REC	flac;cover=cover.jpg	Music/Recovered/Mike Shinoda/Post Traumatic/16 - Can't Hear You Now.flac
FSCK1182.REC	flac;cover=cover.jpg	Music/Recovered/Mike Shinoda/Post Traumatic/11 - Make It Up As I Go.flac
FSCK1184.REC	flac;cover=cover.jpg	Music/Recovered/Mike Shinoda/Post Traumatic/03 - Watching As I Fall.flac
FSCK1201.REC	flac;cover=cover.jpg	Music/Recovered/Mike Shinoda/Post Traumatic/13 - I.O.U.flac
FSCK1202.REC	flac;cover=cover.jpg	Music/Recovered/Mike Shinoda/Post Traumatic/10 - Ghosts.flac
FSCK1203.REC	flac;cover=cover.jpg	Music/Recovered/Mike Shinoda/Post Traumatic/14 - Running From My Shadow.flac
FSCK1204.REC	flac;cover=cover.jpg	Music/Recovered/Mike Shinoda/Post Traumatic/15 - World's On Fire.flac
FSCK1205.REC	flac;cover=cover.jpg	Music/Recovered/Billie Eilish/Happier Than Ever/05 - Oxytocin.flac
FSCK1206.REC	flac;cover=cover.jpg	Music/Recovered/Billie Eilish/Happier Than Ever/04 - My Future.flac
FSCK1207.REC	flac;cover=cover.jpg	Music/Recovered/Billie Eilish/Happier Than Ever/16 - Male Fantasy.flac
FSCK1208.REC	flac;cover=cover.jpg	Music/Recovered/Billie Eilish/Happier Than Ever/15 - Happier Than Ever.flac
FSCK1209.REC	flac;cover=cover.jpg	Music/Recovered/Billie Eilish/Happier Than Ever/08 - Halley's Comet.flac
FSCK1210.REC	flac;cover=cover.jpg	Music/Recovered/Billie Eilish/Happier Than Ever/10 - Overheated.flac
FSCK1211.REC	flac;cover=cover.jpg	Music/Recovered/Billie Eilish/Happier Than Ever/14 - Therefore I Am.flac
FSCK1212.REC	flac;cover=cover.jpg	Music/Recovered/Billie Eilish/Happier Than Ever/11 - Everybody Dies.flac
FSCK1213.REC	flac;cover=cover.jpg	Music/Recovered/Billie Eilish/Happier Than Ever/02 - I Didn't Change My Number.flac
FSCK1214.REC	flac;cover=cover.jpg	Music/Recovered/Billie Eilish/Happier Than Ever/06 - Goldwing.flac
FSCK1230.REC	flac;cover=cover.jpg	Music/Recovered/Billie Eilish/Happier Than Ever/07 - Lost Cause.flac
FSCK1231.REC	flac;cover=cover.jpg	Music/Recovered/Billie Eilish/Happier Than Ever/09 - Not My Responsibility.flac
FSCK1232.REC	flac;cover=cover.jpg	Music/Recovered/Billie Eilish/Happier Than Ever/12 - Your Power.flac
FSCK1233.REC	flac;cover=cover.jpg	Music/Recovered/Billie Eilish/Happier Than Ever/03 - Billie Bossa Nova.flac
FSCK1234.REC	flac;cover=cover.jpg	Music/Recovered/Billie Eilish/Happier Than Ever/01 - Getting Older.flac
FSCK1235.REC	flac;cover=cover.jpg	Music/Recovered/Billie Eilish/Happier Than Ever/13 - Nda.flac
FSCK1270.REC	flac;cover=cover.jpg	Music/Recovered/Halsey/Badlands/04 - Drive.flac
FSCK1271.REC	flac;cover=cover.jpg	Music/Recovered/Halsey/Badlands/07 - Ghost.flac
FSCK1272.REC	flac;cover=cover.jpg	Music/Recovered/Halsey/Badlands/00 - Colors.flac
FSCK1273.REC	flac;cover=cover.jpg	Music/Recovered/Halsey/Badlands/05 - Hurricane.flac
FSCK1274.REC	flac;cover=cover.jpg	Music/Recovered/Halsey/Badlands/15 - Young God.flac
FSCK1275.REC	flac;cover=cover.jpg	Music/Recovered/Halsey/Badlands/10 - Strange Love.flac
FSCK1277.REC	flac;cover=cover.jpg	Music/Recovered/Halsey/Badlands/16 - I Walk The Line.flac
FSCK1278.REC	flac;cover=cover.jpg	Music/Recovered/Halsey/Badlands/01 - Castle.flac
FSCK1279.REC	flac;cover=cover.jpg	Music/Recovered/Halsey/Badlands/13 - Gasoline.flac
FSCK1280.REC	flac;cover=cover.jpg	Music/Recovered/Halsey/Badlands/12 - Haunting.flac
FSCK1281.REC	flac;cover=cover.jpg	Music/Recovered/Halsey/Badlands/00 - Colors Pt. Ii.flac
FSCK1282.REC	flac;cover=cover.jpg	Music/Recovered/Halsey/Badlands/03 - New Americana.flac
FSCK1299.REC	flac;cover=cover.jpg	Music/Recovered/Halsey/Badlands/14 - Control.flac
FSCK1300.REC	flac;cover=cover.jpg	Music/Recovered/Halsey/Badlands/02 - Hold Me Down.flac
FSCK1301.REC	flac;cover=cover.jpg	Music/Recovered/Halsey/Badlands/11 - Coming Down.flac
FSCK1302.REC	flac;cover=cover.jpg	Music/Recovered/Halsey/Badlands/06 - Roman Holiday.flac
FSCK1304.REC	flac;cover=cover.jpg	Music/Recovered/The Moody Blues/A Question of Balance/05 - Tortoise And The Hare.flac
FSCK1305.REC	flac;cover=cover.jpg	Music/Recovered/The Moody Blues/A Question of Balance/06 - It's Up To You.flac
FSCK1306.REC	flac;cover=cover.jpg	Music/Recovered/The Moody Blues/A Question of Balance/04 - Don't You Feel Small.flac
FSCK1307.REC	flac;cover=cover.jpg	Music/Recovered/The Moody Blues/A Question of Balance/03 - And The Tide Rushes In.flac
FSCK1308.REC	flac;cover=cover.jpg	Music/Recovered/The Moody Blues/A Question of Balance/11 - Mike's Number One.flac
FSCK1309.REC	flac;cover=cover.jpg	Music/Recovered/The Moody Blues/A Question of Balance/00 - Dawning Is The Day.flac
FSCK1310.REC	flac;cover=cover.jpg	Music/Recovered/The Moody Blues/A Question of Balance/01 - Question.flac
FSCK1311.REC	flac;cover=cover.jpg	Music/Recovered/The Moody Blues/A Question of Balance/14 - It's Up To You.flac
FSCK1312.REC	flac;cover=cover.jpg	Music/Recovered/The Moody Blues/A Question of Balance/10 - The Balance.flac
FSCK1313.REC	flac;cover=cover.jpg	Music/Recovered/The Moody Blues/A Question of Balance/07 - Minstrel's Song.flac
FSCK1314.REC	flac;cover=cover.jpg	Music/Recovered/The Moody Blues/A Question of Balance/00 - Melancholy Man.flac
FSCK1315.REC	flac;cover=cover.jpg	Music/Recovered/The Moody Blues/A Question of Balance/13 - Minstrel's Song.flac
FSCK1316.REC	flac;cover=cover.jpg	Music/Recovered/The Moody Blues/A Question of Balance/16 - Dawning Is The Day.flac
FSCK1317.REC	flac;cover=cover.jpg	Music/Recovered/The Moody Blues/A Question of Balance/02 - How Is It.flac
FSCK1318.REC	flac;cover=cover.jpg	Music/Recovered/The Moody Blues/A Question of Balance/15 - Don't You Feel Small.flac
FSCK1319.REC	flac;cover=cover.jpg	Music/Recovered/The Moody Blues/A Question of Balance/12 - Question.flac
FSCK1369.REC	flac;cover=cover.jpg	Music/Recovered/Three Days Grace/Three Days Grace/05 - Scared.flac
FSCK1370.REC	flac;cover=cover.jpg	Music/Recovered/Three Days Grace/Three Days Grace/08 - Born Like This.flac
FSCK1371.REC	flac;cover=cover.jpg	Music/Recovered/Three Days Grace/Three Days Grace/14 - Are You Ready.flac
FSCK1372.REC	flac;cover=cover.jpg	Music/Recovered/Three Days Grace/Three Days Grace/03 - I Hate Everything About You.flac
FSCK1373.REC	flac;cover=cover.jpg	Music/Recovered/Three Days Grace/Three Days Grace/15 - Drown.flac
FSCK1375.REC	flac;cover=cover.jpg	Music/Recovered/Three Days Grace/Three Days Grace/01 - Burn.flac
FSCK1376.REC	flac;cover=cover.jpg	Music/Recovered/Three Days Grace/Three Days Grace/13 - I Hate Everything About You.flac
FSCK1377.REC	flac;cover=cover.jpg	Music/Recovered/Three Days Grace/Three Days Grace/04 - Home.flac
FSCK1378.REC	flac;cover=cover.jpg	Music/Recovered/Three Days Grace/Three Days Grace/07 - Now Or Never.flac
FSCK1379.REC	flac;cover=cover.jpg	Music/Recovered/Three Days Grace/Three Days Grace/12 - Overrated.flac
FSCK1380.REC	flac;cover=cover.jpg	Music/Recovered/Three Days Grace/Three Days Grace/09 - Drown.flac
FSCK1381.REC	flac;cover=cover.jpg	Music/Recovered/Three Days Grace/Three Days Grace/02 - Just Like You.flac
FSCK1382.REC	flac;cover=cover.jpg	Music/Recovered/Three Days Grace/Three Days Grace/06 - Let You Down.flac
FSCK1383.REC	flac;cover=cover.jpg	Music/Recovered/Three Days Grace/Three Days Grace/10 - Wake Up.flac
FSCK1384.REC	flac;cover=cover.jpg	Music/Recovered/Three Days Grace/Three Days Grace/11 - Take Me Under.flac
FSCK1400.REC	flac;cover=cover.jpg	Music/Recovered/Black Eyed Peas/The E.N.D/15 - Rockin To The Beat.flac
FSCK1401.REC	flac;cover=cover.jpg	Music/Recovered/Black Eyed Peas/The E.N.D/10 - Out Of My Head.flac
FSCK1402.REC	flac;cover=cover.jpg	Music/Recovered/Black Eyed Peas/The E.N.D/09 - Party All The Time.flac
FSCK1403.REC	flac;cover=cover.jpg	Music/Recovered/Black Eyed Peas/The E.N.D/13 - Now Generation.flac
FSCK1404.REC	flac;cover=cover.jpg	Music/Recovered/Black Eyed Peas/The E.N.D/14 - One Tribe.flac
FSCK1406.REC	flac;cover=cover.jpg	Music/Recovered/Black Eyed Peas/The E.N.D/04 - Imma Be.flac
FSCK1407.REC	flac;cover=cover.jpg	Music/Recovered/Black Eyed Peas/The E.N.D/11 - Electric City.flac
FSCK1408.REC	flac;cover=cover.jpg	Music/Recovered/Black Eyed Peas/The E.N.D/12 - Showdown.flac
FSCK1409.REC	flac;cover=cover.jpg	Music/Recovered/Black Eyed Peas/The E.N.D/08 - Ring-A-Ling.flac
FSCK1410.REC	flac;cover=cover.jpg	Music/Recovered/Black Eyed Peas/The E.N.D/05 - I Gotta Feeling.flac
FSCK1411.REC	flac;cover=cover.jpg	Music/Recovered/Black Eyed Peas/The E.N.D/02 - Rock That Body.flac
FSCK1412.REC	flac;cover=cover.jpg	Music/Recovered/Black Eyed Peas/The E.N.D/06 - Alive.flac
FSCK1413.REC	flac;cover=cover.jpg	Music/Recovered/Black Eyed Peas/The E.N.D/03 - Meet Me Halfway.flac
FSCK1414.REC	flac;cover=cover.jpg	Music/Recovered/Black Eyed Peas/The E.N.D/07 - Missing You.flac
FSCK1415.REC	flac;cover=cover.jpg	Music/Recovered/Black Eyed Peas/The E.N.D/01 - Boom Boom Pow.flac
FSCK1430.REC	flac;cover=cover.jpg	Music/Recovered/Halestorm/Into the Wild Life/12 - What Sober Couldn't Say.flac
FSCK1431.REC	flac;cover=cover.jpg	Music/Recovered/Halestorm/Into the Wild Life/06 - New Modern Love.flac
FSCK1432.REC	flac;cover=cover.jpg	Music/Recovered/Halestorm/Into the Wild Life/13 - I Like It Heavy.flac
FSCK1433.REC	flac;cover=cover.jpg	Music/Recovered/Halestorm/Into the Wild Life/07 - Mayhem.flac
FSCK1434.REC	flac;cover=cover.jpg	Music/Recovered/Halestorm/Into the Wild Life/11 - Apocalyptic.flac
FSCK1436.REC	flac;cover=cover.jpg	Music/Recovered/Halestorm/Into the Wild Life/09 - Gonna Get Mine.flac
FSCK1437.REC	flac;cover=cover.jpg	Music/Recovered/Halestorm/Into the Wild Life/03 - Sick Individual.flac
FSCK1438.REC	flac;cover=cover.jpg	Music/Recovered/Halestorm/Into the Wild Life/15 - Unapologetic.flac
FSCK1439.REC	flac;cover=cover.jpg	Music/Recovered/Halestorm/Into the Wild Life/05 - Dear Daughter.flac
FSCK1440.REC	flac;cover=cover.jpg	Music/Recovered/Halestorm/Into the Wild Life/01 - Scream.flac
FSCK1441.REC	flac;cover=cover.jpg	Music/Recovered/Halestorm/Into the Wild Life/04 - Amen.flac
FSCK1442.REC	flac;cover=cover.jpg	Music/Recovered/Halestorm/Into the Wild Life/08 - Bad Girl's World.flac
FSCK1443.REC	flac;cover=cover.jpg	Music/Recovered/Halestorm/Into the Wild Life/02 - I Am The Fire.flac
FSCK1459.REC	flac;cover=cover.jpg	Music/Recovered/Halestorm/Into the Wild Life/10 - The Reckoning.flac
FSCK1460.REC	flac;cover=cover.jpg	Music/Recovered/Halestorm/Into the Wild Life/14 - Jump The Gun.flac
FSCK1461.REC	flac;cover=cover.jpg	Music/Recovered/Big Wreck/In Loving Memory of - 20th Anniversary Special Edition/01 - The Oaf.flac
FSCK1462.REC	flac;cover=cover.jpg	Music/Recovered/Big Wreck/In Loving Memory of - 20th Anniversary Special Edition/02 - That Song.flac
FSCK1463.REC	flac;cover=cover.jpg	Music/Recovered/Big Wreck/In Loving Memory of - 20th Anniversary Special Edition/03 - Look What I Found.flac
FSCK1464.REC	flac;cover=cover.jpg	Music/Recovered/Big Wreck/In Loving Memory of - 20th Anniversary Special Edition/04 - Blown Wide Open.flac
FSCK1465.REC	flac;cover=cover.jpg	Music/Recovered/Big Wreck/In Loving Memory of - 20th Anniversary Special Edition/05 - How Would You Know.flac
FSCK1466.REC	flac;cover=cover.jpg	Music/Recovered/Big Wreck/In Loving Memory of - 20th Anniversary Special Edition/06 - Oh My.flac
FSCK1467.REC	flac;cover=cover.jpg	Music/Recovered/Big Wreck/In Loving Memory of - 20th Anniversary Special Edition/07 - Under The Lighthouse.flac
FSCK1468.REC	flac;cover=cover.jpg	Music/Recovered/Big Wreck/In Loving Memory of - 20th Anniversary Special Edition/08 - Fall Through The Cracks.flac
FSCK1469.REC	flac;cover=cover.jpg	Music/Recovered/Big Wreck/In Loving Memory of - 20th Anniversary Special Edition/09 - Waste.flac
FSCK1470.REC	flac;cover=cover.jpg	Music/Recovered/Big Wreck/In Loving Memory of - 20th Anniversary Special Edition/10 - By The Way.flac
FSCK1471.REC	flac;cover=cover.jpg	Music/Recovered/Big Wreck/In Loving Memory of - 20th Anniversary Special Edition/11 - Between You And I.flac
FSCK1472.REC	flac;cover=cover.jpg	Music/Recovered/Big Wreck/In Loving Memory of - 20th Anniversary Special Edition/12 - Prayer.flac
FSCK1473.REC	flac;cover=cover.jpg	Music/Recovered/Big Wreck/In Loving Memory of - 20th Anniversary Special Edition/13 - Overemphasizing.flac
FSCK1474.REC	flac;cover=cover.jpg	Music/Recovered/Big Wreck/In Loving Memory of - 20th Anniversary Special Edition/14 - Ill Advice.flac
FSCK1475.REC	flac;cover=cover.jpg	Music/Recovered/Big Wreck/In Loving Memory of - 20th Anniversary Special Edition/15 - Still Holding.flac
FSCK1492.REC	flac;cover=cover.jpg	Music/Recovered/Linkin Park/Hybrid Theory/13 - My December.flac
FSCK1493.REC	flac;cover=cover.jpg	Music/Recovered/Linkin Park/Hybrid Theory/10 - Forgotten.flac
FSCK1494.REC	flac;cover=cover.jpg	Music/Recovered/Linkin Park/Hybrid Theory/05 - Crawling.flac
FSCK1495.REC	flac;cover=cover.jpg	Music/Recovered/Linkin Park/Hybrid Theory/01 - Papercut.flac
FSCK1496.REC	flac;cover=cover.jpg	Music/Recovered/Linkin Park/Hybrid Theory/07 - By Myself.flac
FSCK1497.REC	flac;cover=cover.jpg	Music/Recovered/Linkin Park/Hybrid Theory/02 - One Step Closer.flac
FSCK1498.REC	flac;cover=cover.jpg	Music/Recovered/Linkin Park/Hybrid Theory/12 - Pushing Me Away.flac
FSCK1499.REC	flac;cover=cover.jpg	Music/Recovered/Linkin Park/Hybrid Theory/11 - Cure For The Itch.flac
FSCK1500.REC	flac;cover=cover.jpg	Music/Recovered/Linkin Park/Hybrid Theory/06 - Runaway.flac
FSCK1501.REC	flac;cover=cover.jpg	Music/Recovered/Linkin Park/Hybrid Theory/14 - High Voltage.flac
FSCK1503.REC	flac;cover=cover.jpg	Music/Recovered/Linkin Park/Hybrid Theory/15 - Papercut.flac
FSCK1504.REC	flac;cover=cover.jpg	Music/Recovered/Linkin Park/Hybrid Theory/03 - With You.flac
FSCK1505.REC	flac;cover=cover.jpg	Music/Recovered/Linkin Park/Hybrid Theory/09 - A Place For My Head.flac
FSCK1506.REC	flac;cover=cover.jpg	Music/Recovered/Linkin Park/Hybrid Theory/08 - In The End.flac
FSCK1507.REC	flac;cover=cover.jpg	Music/Recovered/Linkin Park/Hybrid Theory/04 - Points Of Authority.flac
FSCK1523.REC	flac;cover=cover.jpg	Music/Recovered/Papa Roach/Getting Away With Murder/08 - Scars.flac
FSCK1524.REC	flac;cover=cover.jpg	Music/Recovered/Papa Roach/Getting Away With Murder/10 - Blanket Of Fear.flac
FSCK1525.REC	flac;cover=cover.jpg	Music/Recovered/Papa Roach/Getting Away With Murder/01 - Blood.flac
FSCK1526.REC	flac;cover=cover.jpg	Music/Recovered/Papa Roach/Getting Away With Murder/15 - Take Me.flac
FSCK1527.REC	flac;cover=cover.jpg	Music/Recovered/Papa Roach/Getting Away With Murder/06 - Be Free.flac
FSCK1528.REC	flac;cover=cover.jpg	Music/Recovered/Papa Roach/Getting Away With Murder/03 - Stop Looking.flac
FSCK1529.REC	flac;cover=cover.jpg	Music/Recovered/Papa Roach/Getting Away With Murder/02 - Not Listening.flac
FSCK1530.REC	flac;cover=cover.jpg	Music/Recovered/Papa Roach/Getting Away With Murder/14 - Caught Dead.flac
FSCK1532.REC	flac;cover=cover.jpg	Music/Recovered/Papa Roach/Getting Away With Murder/05 - Getting Away With Murder.flac
FSCK1533.REC	flac;cover=cover.jpg	Music/Recovered/Papa Roach/Getting Away With Murder/11 - Tyranny Of Normality.flac
FSCK1534.REC	flac;cover=cover.jpg	Music/Recovered/Papa Roach/Getting Away With Murder/13 - Harder Than A Coffin Nail.flac
FSCK1535.REC	flac;cover=cover.jpg	Music/Recovered/Papa Roach/Getting Away With Murder/09 - Sometimes.flac
FSCK1536.REC	flac;cover=cover.jpg	Music/Recovered/Papa Roach/Getting Away With Murder/12 - Do Or Die.flac
FSCK1537.REC	flac;cover=cover.jpg	Music/Recovered/Papa Roach/Getting Away With Murder/07 - Done With You.flac
FSCK1538.REC	flac;cover=cover.jpg	Music/Recovered/Papa Roach/Getting Away With Murder/04 - Take Me.flac
FSCK1554.REC	flac;cover=cover.jpg	Music/Recovered/Gorillaz/Demon Days/09 - November Has Come.flac
FSCK1555.REC	flac;cover=cover.jpg	Music/Recovered/Gorillaz/Demon Days/15 - Demon Days.flac
FSCK1556.REC	flac;cover=cover.jpg	Music/Recovered/Gorillaz/Demon Days/13 - Fire Coming Out Of The Monkey's Head.flac
FSCK1558.REC	flac;cover=cover.jpg	Music/Recovered/Gorillaz/Demon Days/14 - Don't Get Lost In Heaven.flac
FSCK1559.REC	flac;cover=cover.jpg	Music/Recovered/Gorillaz/Demon Days/01 - Intro.flac
FSCK1560.REC	flac;cover=cover.jpg	Music/Recovered/Gorillaz/Demon Days/08 - Every Planet We Reach Is Dead.flac
FSCK1561.REC	flac;cover=cover.jpg	Music/Recovered/Gorillaz/Demon Days/04 - O Green World.flac
FSCK1562.REC	flac;cover=cover.jpg	Music/Recovered/Gorillaz/Demon Days/12 - Dare.flac
FSCK1563.REC	flac;cover=cover.jpg	Music/Recovered/Gorillaz/Demon Days/10 - All Alone.flac
FSCK1564.REC	flac;cover=cover.jpg	Music/Recovered/Gorillaz/Demon Days/02 - Last Living Souls.flac
FSCK1565.REC	flac;cover=cover.jpg	Music/Recovered/Gorillaz/Demon Days/07 - El Mañana.flac
FSCK1566.REC	flac;cover=cover.jpg	Music/Recovered/Gorillaz/Demon Days/11 - White Light.flac
FSCK1567.REC	flac;cover=cover.jpg	Music/Recovered/Gorillaz/Demon Days/05 - Dirty Harry.flac
FSCK1583.REC	flac;cover=cover.jpg	Music/Recovered/Gorillaz/Demon Days/03 - Kids With Guns.flac
FSCK1584.REC	flac;cover=cover.jpg	Music/Recovered/Gorillaz/Demon Days/06 - Feel Good Inc.flac
FSCK1585.REC	flac;cover=cover.jpg	Music/Recovered/Limp Bizkit/Chocolate Starfish and the Hot Dog Flavored Water/02 - Hot Dog.flac
FSCK1586.REC	flac;cover=cover.jpg	Music/Recovered/Limp Bizkit/Chocolate Starfish and the Hot Dog Flavored Water/05 - My Way.flac
FSCK1587.REC	flac;cover=cover.jpg	Music/Recovered/Limp Bizkit/Chocolate Starfish and the Hot Dog Flavored Water/01 - Intro.flac
FSCK1589.REC	flac;cover=cover.jpg	Music/Recovered/Limp Bizkit/Chocolate Starfish and the Hot Dog Flavored Water/04 - Full Nelson.flac
FSCK1590.REC	flac;cover=cover.jpg	Music/Recovered/Limp Bizkit/Chocolate Starfish and the Hot Dog Flavored Water/11 - It'll Be Ok.flac
FSCK1591.REC	flac;cover=cover.jpg	Music/Recovered/Limp Bizkit/Chocolate Starfish and the Hot Dog Flavored Water/08 - The One.flac
FSCK1592.REC	flac;cover=cover.jpg	Music/Recovered/Limp Bizkit/Chocolate Starfish and the Hot Dog Flavored Water/13 - Hold On.flac
FSCK1593.REC	flac;cover=cover.jpg	Music/Recovered/Limp Bizkit/Chocolate Starfish and the Hot Dog Flavored Water/12 - Boiler.flac
FSCK1594.REC	flac;cover=cover.jpg	Music/Recovered/Limp Bizkit/Chocolate Starfish and the Hot Dog Flavored Water/14 - Rollin'.flac
FSCK1595.REC	flac;cover=cover.jpg	Music/Recovered/Limp Bizkit/Chocolate Starfish and the Hot Dog Flavored Water/10 - Take A Look Around.flac
FSCK1596.REC	flac;cover=cover.jpg	Music/Recovered/Limp Bizkit/Chocolate Starfish and the Hot Dog Flavored Water/03 - My Generation.flac
FSCK1597.REC	flac;cover=cover.jpg	Music/Recovered/Limp Bizkit/Chocolate Starfish and the Hot Dog Flavored Water/06 - Rollin'.flac
FSCK1598.REC	flac;cover=cover.jpg	Music/Recovered/Limp Bizkit/Chocolate Starfish and the Hot Dog Flavored Water/07 - Livin' It Up.flac
FSCK1614.REC	flac;cover=cover.jpg	Music/Recovered/Limp Bizkit/Chocolate Starfish and the Hot Dog Flavored Water/15 - Outro.flac
FSCK1615.REC	flac;cover=cover.jpg	Music/Recovered/Limp Bizkit/Chocolate Starfish and the Hot Dog Flavored Water/09 - Getcha Groove On.flac
FSCK1616.REC	flac;cover=cover.jpg	Music/Recovered/Skillet/Awake/12 - Lucy.flac
FSCK1617.REC	flac;cover=cover.jpg	Music/Recovered/Skillet/Awake/14 - Would It Matter.flac
FSCK1618.REC	flac;cover=cover.jpg	Music/Recovered/Skillet/Awake/04 - Awake And Alive.flac
FSCK1619.REC	flac;cover=cover.jpg	Music/Recovered/Skillet/Awake/01 - Hero.flac
FSCK1620.REC	flac;cover=cover.jpg	Music/Recovered/Skillet/Awake/03 - Don't Wake Me.flac
FSCK1621.REC	flac;cover=cover.jpg	Music/Recovered/Skillet/Awake/06 - It's Not Me, It's You.flac
FSCK1622.REC	flac;cover=cover.jpg	Music/Recovered/Skillet/Awake/15 - Monster.flac
FSCK1623.REC	flac;cover=cover.jpg	Music/Recovered/Skillet/Awake/13 - Dead Inside.flac
FSCK1624.REC	flac;cover=cover.jpg	Music/Recovered/Skillet/Awake/05 - One Day Too Late.flac
FSCK1625.REC	flac;cover=cover.jpg	Music/Recovered/Skillet/Awake/00 - Believe.flac
FSCK1626.REC	flac;cover=cover.jpg	Music/Recovered/Skillet/Awake/02 - Monster.flac
FSCK1627.REC	flac;cover=cover.jpg	Music/Recovered/Skillet/Awake/11 - Never Surrender.flac
FSCK1629.REC	flac;cover=cover.jpg	Music/Recovered/Skillet/Awake/00 - Forgiven.flac
FSCK1630.REC	flac;cover=cover.jpg	Music/Recovered/Skillet/Awake/07 - Should've When You Could've.flac
FSCK1631.REC	flac;cover=cover.jpg	Music/Recovered/Skillet/Awake/10 - Sometimes.flac
FSCK1678.REC	flac;cover=cover.jpg	Music/Recovered/Mikel; Gamechops/Zelda & Chill/07 - Oath To Order.flac
FSCK1679.REC	flac;cover=cover.jpg	Music/Recovered/Mikel; Gamechops/Zelda & Chill/09 - Kakariko Village.flac
FSCK1680.REC	flac;cover=cover.jpg	Music/Recovered/Mikel; Gamechops/Zelda & Chill/14 - Ocarina Of Time.flac
FSCK1681.REC	flac;cover=cover.jpg	Music/Recovered/Mikel; Gamechops/Zelda & Chill/06 - Gerudo Valley.flac
FSCK1682.REC	flac;cover=cover.jpg	Music/Recovered/Mikel; Gamechops/Zelda & Chill/01 - Fairy Fountain.flac
FSCK1683.REC	flac;cover=cover.jpg	Music/Recovered/Mikel; Gamechops/Zelda & Chill/08 - Dragon Roost Island.flac
FSCK1684.REC	flac;cover=cover.jpg	Music/Recovered/Mikel; Gamechops/Zelda & Chill/02 - Dark World.flac
FSCK1685.REC	flac;cover=cover.jpg	Music/Recovered/Mikel; Gamechops/Zelda & Chill/03 - Lost Woods.flac
FSCK1686.REC	flac;cover=cover.jpg	Music/Recovered/Mikel; Gamechops/Zelda & Chill/04 - Song Of Storms.flac
FSCK1688.REC	flac;cover=cover.jpg	Music/Recovered/Mikel; Gamechops/Zelda & Chill/13 - Legend Of Zelda.flac
FSCK1689.REC	flac;cover=cover.jpg	Music/Recovered/Mikel; Gamechops/Zelda & Chill/12 - Hateno Village.flac
FSCK1690.REC	flac;cover=cover.jpg	Music/Recovered/Mikel; Gamechops/Zelda & Chill/11 - Breath Of The Wild.flac
FSCK1691.REC	flac;cover=cover.jpg	Music/Recovered/Mikel; Gamechops/Zelda & Chill/10 - Ballad Of The Goddess.flac
FSCK1692.REC	flac;cover=cover.jpg	Music/Recovered/Mikel; Gamechops/Zelda & Chill/05 - Minuet Of Forest.flac
FSCK1707.REC	flac;cover=cover.jpg	Music/Recovered/Oliver Tree/Ugly Is Beautiful/11 - Jerk.flac
FSCK1708.REC	flac;cover=cover.jpg	Music/Recovered/Oliver Tree/Ugly Is Beautiful/04 - Let Me Down.flac
FSCK1709.REC	flac;cover=cover.jpg	Music/Recovered/Oliver Tree/Ugly Is Beautiful/06 - Bury Me Alive.flac
FSCK1710.REC	flac;cover=cover.jpg	Music/Recovered/Oliver Tree/Ugly Is Beautiful/02 - 1993.flac
FSCK1711.REC	flac;cover=cover.jpg	Music/Recovered/Oliver Tree/Ugly Is Beautiful/07 - Alien Boy.flac
FSCK1712.REC	flac;cover=cover.jpg	Music/Recovered/Oliver Tree/Ugly Is Beautiful/05 - Miracle Man.flac
FSCK1713.REC	flac;cover=cover.jpg	Music/Recovered/Oliver Tree/Ugly Is Beautiful/01 - Me, Myself & I.flac
FSCK1715.REC	flac;cover=cover.jpg	Music/Recovered/Oliver Tree/Ugly Is Beautiful/14 - I'm Gone.flac
FSCK1716.REC	flac;cover=cover.jpg	Music/Recovered/Oliver Tree/Ugly Is Beautiful/10 - Waste My Time.flac
FSCK1717.REC	flac;cover=cover.jpg	Music/Recovered/Oliver Tree/Ugly Is Beautiful/13 - Introspective.flac
FSCK1718.REC	flac;cover=cover.jpg	Music/Recovered/Oliver Tree/Ugly Is Beautiful/08 - Joke's On You!.flac
FSCK1719.REC	flac;cover=cover.jpg	Music/Recovered/Oliver Tree/Ugly Is Beautiful/09 - Again & Again.flac
FSCK1734.REC	flac;cover=cover.jpg	Music/Recovered/Oliver Tree/Ugly Is Beautiful/03 - Cash Machine.flac
FSCK1735.REC	flac;cover=cover.jpg	Music/Recovered/Oliver Tree/Ugly Is Beautiful/12 - Hurt.flac
FSCK1736.REC	flac;cover=cover.jpg	Music/Recovered/Cage The Elephant/Thank You Happy Birthday/01 - Always Something.flac
FSCK1737.REC	flac;cover=cover.jpg	Music/Recovered/Cage The Elephant/Thank You Happy Birthday/02 - Aberdeen.flac
FSCK1738.REC	flac;cover=cover.jpg	Music/Recovered/Cage The Elephant/Thank You Happy Birthday/03 - Indy Kidz.flac
FSCK1739.REC	flac;cover=cover.jpg	Music/Recovered/Cage The Elephant/Thank You Happy Birthday/06 - Sell Yourself.flac
FSCK1740.REC	flac;cover=cover.jpg	Music/Recovered/Cage The Elephant/Thank You Happy Birthday/07 - Rubber Ball.flac
FSCK1741.REC	flac;cover=cover.jpg	Music/Recovered/Cage The Elephant/Thank You Happy Birthday/11 - Japanese Buffalo.flac
FSCK1742.REC	flac;cover=cover.jpg	Music/Recovered/Cage The Elephant/Thank You Happy Birthday/12 - Flow.flac
FSCK1743.REC	flac;cover=cover.jpg	Music/Recovered/Cage The Elephant/Thank You Happy Birthday/13 - Doctor Doctor Doctor Help Me Help Me Help Me.flac
FSCK1744.REC	flac;cover=cover.jpg	Music/Recovered/Cage The Elephant/Thank You Happy Birthday/14 - Carry Me In.flac
FSCK1760.REC	flac;cover=cover.jpg	Music/Recovered/Cage The Elephant/Thank You Happy Birthday/04 - Shake Me Down.flac
FSCK1761.REC	flac;cover=cover.jpg	Music/Recovered/Cage The Elephant/Thank You Happy Birthday/05 - 2024.flac
FSCK1762.REC	flac;cover=cover.jpg	Music/Recovered/Cage The Elephant/Thank You Happy Birthday/08 - Right Before My Eyes.flac
FSCK1763.REC	flac;cover=cover.jpg	Music/Recovered/Cage The Elephant/Thank You Happy Birthday/09 - Around My Head.flac
FSCK1764.REC	flac;cover=cover.jpg	Music/Recovered/Cage The Elephant/Thank You Happy Birthday/10 - Sabertooth Tiger.flac
FSCK1765.REC	flac;cover=cover.jpg	Music/Recovered/Santana/Supernatural/01 - (Da Le) Yaleo.flac
FSCK1766.REC	flac;cover=cover.jpg	Music/Recovered/Santana/Supernatural/02 - Love Of My Life.flac
FSCK1767.REC	flac;cover=cover.jpg	Music/Recovered/Santana/Supernatural/03 - Put Your Lights On.flac
FSCK1768.REC	flac;cover=cover.jpg	Music/Recovered/Santana/Supernatural/04 - Africa Bamba.flac
FSCK1769.REC	flac;cover=cover.jpg	Music/Recovered/Rob Thomas/Supernatural/05 - Smooth.flac
FSCK1770.REC	flac;cover=cover.jpg	Music/Recovered/Santana/Supernatural/06 - Do You Like The Way.flac
FSCK1771.REC	flac;cover=cover.jpg	Music/Recovered/Santana/Supernatural/07 - Maria Maria.flac
FSCK1772.REC	flac;cover=cover.jpg	Music/Recovered/Santana/Supernatural/08 - Migra.flac
FSCK1773.REC	flac;cover=cover.jpg	Music/Recovered/Santana/Supernatural/09 - Corazon Espinado.flac
FSCK1774.REC	flac;cover=cover.jpg	Music/Recovered/Santana/Supernatural/10 - Wishing It Was.flac
FSCK1775.REC	flac;cover=cover.jpg	Music/Recovered/Santana/Supernatural/11 - El Farol.flac
FSCK1776.REC	flac;cover=cover.jpg	Music/Recovered/Santana/Supernatural/12 - Primavera.flac
FSCK1777.REC	flac;cover=cover.jpg	Music/Recovered/Santana/Supernatural/13 - The Calling.flac
FSCK1778.REC	flac;cover=cover.jpg	Music/Recovered/Santana/Supernatural/14 - Day Of Celebration.flac
FSCK1794.REC	flac;cover=cover.jpg	Music/Recovered/The Offspring/Smash/04 - Gotta Get Away.flac
FSCK1795.REC	flac;cover=cover.jpg	Music/Recovered/The Offspring/Smash/01 - Time To Relax.flac
FSCK1796.REC	flac;cover=cover.jpg	Music/Recovered/The Offspring/Smash/02 - Nitro.flac
FSCK1797.REC	flac;cover=cover.jpg	Music/Recovered/The Offspring/Smash/13 - Not The One.flac
FSCK1798.REC	flac;cover=cover.jpg	Music/Recovered/The Offspring/Smash/03 - Bad Habit.flac
FSCK1799.REC	flac;cover=cover.jpg	Music/Recovered/The Offspring/Smash/09 - It'll Be A Long Time.flac
FSCK1800.REC	flac;cover=cover.jpg	Music/Recovered/The Offspring/Smash/14 - Smash.flac
FSCK1801.REC	flac;cover=cover.jpg	Music/Recovered/The Offspring/Smash/11 - What Happened To You_.flac
FSCK1803.REC	flac;cover=cover.jpg	Music/Recovered/The Offspring/Smash/05 - Genocide.flac
FSCK1804.REC	flac;cover=cover.jpg	Music/Recovered/The Offspring/Smash/10 - Killboy Powerhead.flac
FSCK1805.REC	flac;cover=cover.jpg	Music/Recovered/The Offspring/Smash/12 - So Alone.flac
FSCK1806.REC	flac;cover=cover.jpg	Music/Recovered/The Offspring/Smash/07 - Come Out And Play.flac
FSCK1807.REC	flac;cover=cover.jpg	Music/Recovered/The Offspring/Smash/08 - Self Esteem.flac
FSCK1808.REC	flac;cover=cover.jpg	Music/Recovered/The Offspring/Smash/06 - Something To Believe In.flac
FSCK1823.REC	flac;cover=cover.jpg	Music/Recovered/The Beatles/Rubber Soul/07 - Michelle.flac
FSCK1824.REC	flac;cover=cover.jpg	Music/Recovered/The Beatles/Rubber Soul/14 - Run For Your Life.flac
FSCK1825.REC	flac;cover=cover.jpg	Music/Recovered/The Beatles/Rubber Soul/08 - What Goes On.flac
FSCK1826.REC	flac;cover=cover.jpg	Music/Recovered/The Beatles/Rubber Soul/10 - I'm Looking Through You.flac
FSCK1827.REC	flac;cover=cover.jpg	Music/Recovered/The Beatles/Rubber Soul/12 - Wait.flac
FSCK1828.REC	flac;cover=cover.jpg	Music/Recovered/The Beatles/Rubber Soul/13 - If I Needed Someone.flac
FSCK1829.REC	flac;cover=cover.jpg	Music/Recovered/The Beatles/Rubber Soul/01 - Drive My Car.flac
FSCK1830.REC	flac;cover=cover.jpg	Music/Recovered/The Beatles/Rubber Soul/02 - Norwegian Wood.flac
FSCK1831.REC	flac;cover=cover.jpg	Music/Recovered/The Beatles/Rubber Soul/04 - Nowhere Man.flac
FSCK1832.REC	flac;cover=cover.jpg	Music/Recovered/The Beatles/Rubber Soul/05 - Think For Yourself.flac
FSCK1833.REC	flac;cover=cover.jpg	Music/Recovered/The Beatles/Rubber Soul/11 - In My Life.flac
FSCK1834.REC	flac;cover=cover.jpg	Music/Recovered/The Beatles/Rubber Soul/03 - You Won't See Me.flac
FSCK1835.REC	flac;cover=cover.jpg	Music/Recovered/The Beatles/Rubber Soul/06 - The Word.flac
FSCK1837.REC	flac;cover=cover.jpg	Music/Recovered/The Beatles/Rubber Soul/09 - Girl.flac
FSCK1852.REC	flac;cover=cover.jpg	Music/Recovered/The Beatles/Revolver/01 - Taxman.flac
FSCK1853.REC	flac;cover=cover.jpg	Music/Recovered/The Beatles/Revolver/10 - For No One.flac
FSCK1855.REC	flac;cover=cover.jpg	Music/Recovered/The Beatles/Revolver/03 - I'm Only Sleeping.flac
FSCK1856.REC	flac;cover=cover.jpg	Music/Recovered/The Beatles/Revolver/12 - I Want To Tell You.flac
FSCK1857.REC	flac;cover=cover.jpg	Music/Recovered/The Beatles/Revolver/07 - She Said She Said.flac
FSCK1858.REC	flac;cover=cover.jpg	Music/Recovered/The Beatles/Revolver/09 - And Your Bird Can Sing.flac
FSCK1859.REC	flac;cover=cover.jpg	Music/Recovered/The Beatles/Revolver/14 - Tomorrow Never Knows.flac
FSCK1860.REC	flac;cover=cover.jpg	Music/Recovered/The Beatles/Revolver/11 - Doctor Robert.flac
FSCK1861.REC	flac;cover=cover.jpg	Music/Recovered/The Beatles/Revolver/08 - Good Day Sunshine.flac
FSCK1862.REC	flac;cover=cover.jpg	Music/Recovered/The Beatles/Revolver/13 - Got To Get You Into My Life.flac
FSCK1863.REC	flac;cover=cover.jpg	Music/Recovered/The Beatles/Revolver/05 - Here, There And Everywhere.flac
FSCK1864.REC	flac;cover=cover.jpg	Music/Recovered/The Beatles/Revolver/04 - Love You To.flac
FSCK1865.REC	flac;cover=cover.jpg	Music/Recovered/The Beatles/Revolver/06 - Yellow Submarine.flac
FSCK1866.REC	flac;cover=cover.jpg	Music/Recovered/The Beatles/Revolver/02 - Eleanor Rigby.flac
FSCK1881.REC	flac;cover=cover.jpg	Music/Recovered/The Beatles/Please Please Me/12 - A Taste Of Honey.flac
FSCK1882.REC	flac;cover=cover.jpg	Music/Recovered/The Beatles/Please Please Me/03 - Anna.flac
FSCK1883.REC	flac;cover=cover.jpg	Music/Recovered/The Beatles/Please Please Me/14 - Twist And Shout.flac
FSCK1884.REC	flac;cover=cover.jpg	Music/Recovered/The Beatles/Please Please Me/09 - P.S. I Love You.flac
FSCK1885.REC	flac;cover=cover.jpg	Music/Recovered/The Beatles/Please Please Me/11 - Do You Want To Know A Secret.flac
FSCK1886.REC	flac;cover=cover.jpg	Music/Recovered/The Beatles/Please Please Me/08 - Love Me Do.flac
FSCK1887.REC	flac;cover=cover.jpg	Music/Recovered/The Beatles/Please Please Me/02 - Misery.flac
FSCK1888.REC	flac;cover=cover.jpg	Music/Recovered/The Beatles/Please Please Me/04 - Chains.flac
FSCK1889.REC	flac;cover=cover.jpg	Music/Recovered/The Beatles/Please Please Me/13 - There's A Place.flac
FSCK1891.REC	flac;cover=cover.jpg	Music/Recovered/The Beatles/Please Please Me/10 - Baby It's You.flac
FSCK1892.REC	flac;cover=cover.jpg	Music/Recovered/The Beatles/Please Please Me/07 - Please Please Me.flac
FSCK1893.REC	flac;cover=cover.jpg	Music/Recovered/The Beatles/Please Please Me/01 - I Saw Her Standing There.flac
FSCK1894.REC	flac;cover=cover.jpg	Music/Recovered/The Beatles/Please Please Me/05 - Boys.flac
FSCK1895.REC	flac;cover=cover.jpg	Music/Recovered/The Beatles/Please Please Me/06 - Ask Me Why.flac
FSCK1910.REC	flac;cover=cover.jpg	Music/Recovered/The Beatles/Help!/13 - Yesterday.flac
FSCK1911.REC	flac;cover=cover.jpg	Music/Recovered/The Beatles/Help!/01 - Help!.flac
FSCK1912.REC	flac;cover=cover.jpg	Music/Recovered/The Beatles/Help!/11 - Tell Me What You See.flac
FSCK1913.REC	flac;cover=cover.jpg	Music/Recovered/The Beatles/Help!/08 - Act Naturally.flac
FSCK1914.REC	flac;cover=cover.jpg	Music/Recovered/The Beatles/Help!/02 - The Night Before.flac
FSCK1916.REC	flac;cover=cover.jpg	Music/Recovered/The Beatles/Help!/05 - Another Girl.flac
FSCK1917.REC	flac;cover=cover.jpg	Music/Recovered/The Beatles/Help!/09 - It's Only Love.flac
FSCK1918.REC	flac;cover=cover.jpg	Music/Recovered/The Beatles/Help!/04 - I Need You.flac
FSCK1919.REC	flac;cover=cover.jpg	Music/Recovered/The Beatles/Help!/03 - You've Got To Hide Your Love Away.flac
FSCK1920.REC	flac;cover=cover.jpg	Music/Recovered/The Beatles/Help!/07 - Ticket To Ride.flac
FSCK1921.REC	flac;cover=cover.jpg	Music/Recovered/The Beatles/Help!/10 - You Like Me Too Much.flac
FSCK1922.REC	flac;cover=cover.jpg	Music/Recovered/The Beatles/Help!/06 - You're Going To Lose That Girl.flac
FSCK1923.REC	flac;cover=cover.jpg	Music/Recovered/The Beatles/Help!/12 - I've Just Seen A Face.flac
FSCK1924.REC	flac;cover=cover.jpg	Music/Recovered/The Beatles/Help!/14 - Dizzy Miss Lizzy.flac
FSCK1939.REC	flac;cover=cover.jpg	Music/Recovered/Halestorm/Halestorm/01 - It's Not You.flac
FSCK1940.REC	flac;cover=cover.jpg	Music/Recovered/Halestorm/Halestorm/02 - I Get Off.flac
FSCK1941.REC	flac;cover=cover.jpg	Music/Recovered/Halestorm/Halestorm/03 - Bet U Wish U Had Me Back.flac
FSCK1942.REC	flac;cover=cover.jpg	Music/Recovered/Halestorm/Halestorm/04 - Innocence.flac
FSCK1943.REC	flac;cover=cover.jpg	Music/Recovered/Halestorm/Halestorm/05 - Familiar Taste Of Poison.flac
FSCK1944.REC	flac;cover=cover.jpg	Music/Recovered/Halestorm/Halestorm/06 - I'm Not An Angel.flac
FSCK1945.REC	flac;cover=cover.jpg	Music/Recovered/Halestorm/Halestorm/07 - What Were You Expecting.flac
FSCK1946.REC	flac;cover=cover.jpg	Music/Recovered/Halestorm/Halestorm/08 - Love _ Hate Heartbreak.flac
FSCK1947.REC	flac;cover=cover.jpg	Music/Recovered/Halestorm/Halestorm/09 - Better Sorry Than Safe.flac
FSCK1948.REC	flac;cover=cover.jpg	Music/Recovered/Halestorm/Halestorm/10 - Dirty Work.flac
FSCK1949.REC	flac;cover=cover.jpg	Music/Recovered/Halestorm/Halestorm/11 - Nothing To Do With Love.flac
FSCK1950.REC	flac;cover=cover.jpg	Music/Recovered/Halestorm/Halestorm/12 - Tell Me Where It Hurts.flac
FSCK1951.REC	flac;cover=cover.jpg	Music/Recovered/Halestorm/Halestorm/13 - Conversation Over.flac
FSCK1952.REC	flac;cover=cover.jpg	Music/Recovered/Halestorm/Halestorm/14 - Dirty Mind.flac
FSCK1968.REC	flac;cover=cover.jpg	Music/Recovered/The Pretty Reckless/Going to Hell/04 - House On A Hill.flac
FSCK1969.REC	flac;cover=cover.jpg	Music/Recovered/The Pretty Reckless/Going to Hell/14 - Sweet Things.flac
FSCK1970.REC	flac;cover=cover.jpg	Music/Recovered/The Pretty Reckless/Going to Hell/05 - Sweet Things.flac
FSCK1971.REC	flac;cover=cover.jpg	Music/Recovered/The Pretty Reckless/Going to Hell/06 - Dear Sister.flac
FSCK1972.REC	flac;cover=cover.jpg	Music/Recovered/The Pretty Reckless/Going to Hell/12 - Waiting For A Friend.flac
FSCK1974.REC	flac;cover=cover.jpg	Music/Recovered/The Pretty Reckless/Going to Hell/09 - Burn.flac
FSCK1975.REC	flac;cover=cover.jpg	Music/Recovered/The Pretty Reckless/Going to Hell/01 - Follow Me Down.flac
FSCK1976.REC	flac;cover=cover.jpg	Music/Recovered/The Pretty Reckless/Going to Hell/11 - Fucked Up World.flac
FSCK1991.REC	flac;cover=cover.jpg	Music/Recovered/The Pretty Reckless/Going to Hell/02 - Going To Hell.flac
FSCK1992.REC	flac;cover=cover.jpg	Music/Recovered/The Pretty Reckless/Going to Hell/13 - Going To Hell.flac
FSCK1993.REC	flac;cover=cover.jpg	Music/Recovered/The Pretty Reckless/Going to Hell/03 - Heaven Knows.flac
FSCK1994.REC	flac;cover=cover.jpg	Music/Recovered/The Pretty Reckless/Going to Hell/08 - Blame Me.flac
FSCK1995.REC	flac;cover=cover.jpg	Music/Recovered/The Pretty Reckless/Going to Hell/10 - Why'd You Bring A Shotgun To The Party.flac
FSCK1996.REC	flac;cover=cover.jpg	Music/Recovered/The Pretty Reckless/Going to Hell/07 - Absolution.flac
FSCK1998.REC	flac;cover=cover.jpg	Music/Recovered/Billy Talent/Dead Silence/14 - Dead Silence.flac
FSCK1999.REC	flac;cover=cover.jpg	Music/Recovered/Billy Talent/Dead Silence/01 - Lonely Road To Absolution.flac
FSCK2000.REC	flac;cover=cover.jpg	Music/Recovered/Billy Talent/Dead Silence/10 - Cure For The Enemy.flac
FSCK2001.REC	flac;cover=cover.jpg	Music/Recovered/Billy Talent/Dead Silence/13 - Swallowed Up By The Ocean.flac
FSCK2002.REC	flac;cover=cover.jpg	Music/Recovered/Billy Talent/Dead Silence/08 - Man Alive!.flac
FSCK2003.REC	flac;cover=cover.jpg	Music/Recovered/Billy Talent/Dead Silence/12 - Show Me The Way.flac
FSCK2018.REC	flac;cover=cover.jpg	Music/Recovered/Billy Talent/Dead Silence/06 - Stand Up And Run.flac
FSCK2019.REC	flac;cover=cover.jpg	Music/Recovered/Billy Talent/Dead Silence/07 - Crooked Minds.flac
FSCK2020.REC	flac;cover=cover.jpg	Music/Recovered/Billy Talent/Dead Silence/02 - Viking Death March.flac
FSCK2021.REC	flac;cover=cover.jpg	Music/Recovered/Billy Talent/Dead Silence/09 - Hanging By A Thread.flac
FSCK2022.REC	flac;cover=cover.jpg	Music/Recovered/Billy Talent/Dead Silence/11 - Don't Count On The Wicked.flac
FSCK2023.REC	flac;cover=cover.jpg	Music/Recovered/Billy Talent/Dead Silence/05 - Love Was Still Around.flac
FSCK2024.REC	flac;cover=cover.jpg	Music/Recovered/Billy Talent/Dead Silence/04 - Runnin' Across The Tracks.flac
FSCK2025.REC	flac;cover=cover.jpg	Music/Recovered/Billy Talent/Dead Silence/03 - Surprise Surprise.flac
FSCK2026.REC	flac;cover=cover.jpg	Music/Recovered/George Harrison/Cloud Nine/01 - Cloud Nine.flac
FSCK2027.REC	flac;cover=cover.jpg	Music/Recovered/George Harrison/Cloud Nine/02 - That's What It Takes.flac
FSCK2028.REC	flac;cover=cover.jpg	Music/Recovered/George Harrison/Cloud Nine/03 - Fish On The Sand.flac
FSCK2029.REC	flac;cover=cover.jpg	Music/Recovered/George Harrison/Cloud Nine/04 - Just For Today.flac
FSCK2030.REC	flac;cover=cover.jpg	Music/Recovered/George Harrison/Cloud Nine/05 - This Is Love.flac
FSCK2031.REC	flac;cover=cover.jpg	Music/Recovered/George Harrison/Cloud Nine/06 - When We Was Fab.flac
FSCK2032.REC	flac;cover=cover.jpg	Music/Recovered/George Harrison/Cloud Nine/07 - Devil's Radio.flac
FSCK2033.REC	flac;cover=cover.jpg	Music/Recovered/George Harrison/Cloud Nine/08 - Someplace Else.flac
FSCK2034.REC	flac;cover=cover.jpg	Music/Recovered/George Harrison/Cloud Nine/09 - Wreck Of The Hesperus.flac
FSCK2035.REC	flac;cover=cover.jpg	Music/Recovered/George Harrison/Cloud Nine/10 - Breath Away From Heaven.flac
FSCK2036.REC	flac;cover=cover.jpg	Music/Recovered/George Harrison/Cloud Nine/11 - Got My Mind Set On You.flac
FSCK2037.REC	flac;cover=cover.jpg	Music/Recovered/George Harrison/Cloud Nine/12 - Shanghai Surprise.flac
FSCK2038.REC	flac;cover=cover.jpg	Music/Recovered/George Harrison/Cloud Nine/13 - Zig Zag.flac
FSCK2039.REC	flac;cover=cover.jpg	Music/Recovered/George Harrison/Cloud Nine/14 - Got My Mind Set On You.flac
FSCK2055.REC	flac;cover=cover.jpg	Music/Recovered/Shinedown/Attention Attention/12 - Special.flac
FSCK2056.REC	flac;cover=cover.jpg	Music/Recovered/Shinedown/Attention Attention/03 - Black Soul.flac
FSCK2057.REC	flac;cover=cover.jpg	Music/Recovered/Shinedown/Attention Attention/10 - Evolve.flac
FSCK2059.REC	flac;cover=cover.jpg	Music/Recovered/Shinedown/Attention Attention/05 - Kill Your Conscience.flac
FSCK2060.REC	flac;cover=cover.jpg	Music/Recovered/Shinedown/Attention Attention/06 - Pyro.flac
FSCK2061.REC	flac;cover=cover.jpg	Music/Recovered/Shinedown/Attention Attention/01 - The Entrance.flac
FSCK2062.REC	flac;cover=cover.jpg	Music/Recovered/Shinedown/Attention Attention/13 - The Human Radio.flac
FSCK2063.REC	flac;cover=cover.jpg	Music/Recovered/Shinedown/Attention Attention/02 - Devil.flac
FSCK2064.REC	flac;cover=cover.jpg	Music/Recovered/Shinedown/Attention Attention/14 - Brilliant.flac
FSCK2065.REC	flac;cover=cover.jpg	Music/Recovered/Shinedown/Attention Attention/11 - Get Up.flac
FSCK2066.REC	flac;cover=cover.jpg	Music/Recovered/Shinedown/Attention Attention/00 - Darkside.flac
FSCK2081.REC	flac;cover=cover.jpg	Music/Recovered/Shinedown/Attention Attention/00 - Creatures.flac
FSCK2082.REC	flac;cover=cover.jpg	Music/Recovered/Shinedown/Attention Attention/07 - Monsters.flac
FSCK2083.REC	flac;cover=cover.jpg	Music/Recovered/Shinedown/Attention Attention/04 - Attention Attention.flac
FSCK2084.REC	flac;cover=cover.jpg	Music/Recovered/The Offspring/Americana/04 - Pretty Fly.flac
FSCK2085.REC	flac;cover=cover.jpg	Music/Recovered/The Offspring/Americana/05 - The Kids Aren't Alright.flac
FSCK2086.REC	flac;cover=cover.jpg	Music/Recovered/The Offspring/Americana/13 - Pay The Man.flac
FSCK2087.REC	flac;cover=cover.jpg	Music/Recovered/The Offspring/Americana/03 - Staring At The Sun.flac
FSCK2088.REC	flac;cover=cover.jpg	Music/Recovered/The Offspring/Americana/12 - Americana.flac
FSCK2089.REC	flac;cover=cover.jpg	Music/Recovered/The Offspring/Americana/14 - Pretty Fly.flac
FSCK2090.REC	flac;cover=cover.jpg	Music/Recovered/The Offspring/Americana/00 - The End Of The Line.flac
FSCK2092.REC	flac;cover=cover.jpg	Music/Recovered/The Offspring/Americana/06 - Feelings.flac
FSCK2093.REC	flac;cover=cover.jpg	Music/Recovered/The Offspring/Americana/01 - Welcome.flac
FSCK2108.REC	flac;cover=cover.jpg	Music/Recovered/The Offspring/Americana/00 - Walla Walla.flac
FSCK2109.REC	flac;cover=cover.jpg	Music/Recovered/The Offspring/Americana/11 - Why Don't You Get A Job.flac
FSCK2110.REC	flac;cover=cover.jpg	Music/Recovered/The Offspring/Americana/07 - She's Got Issues.flac
FSCK2111.REC	flac;cover=cover.jpg	Music/Recovered/The Offspring/Americana/02 - Have You Ever.flac
FSCK2112.REC	flac;cover=cover.jpg	Music/Recovered/The Offspring/Americana/10 - No Brakes.flac
FSCK2113.REC	flac;cover=cover.jpg	Music/Recovered/Oliver Tree/Alone in a Crowd/05 - Fairweather Friends.flac
FSCK2115.REC	flac;cover=cover.jpg	Music/Recovered/Oliver Tree/Alone in a Crowd/03 - Essence.flac
FSCK2116.REC	flac;cover=cover.jpg	Music/Recovered/Oliver Tree/Alone in a Crowd/12 - Elevator To The Sky.flac
FSCK2117.REC	flac;cover=cover.jpg	Music/Recovered/Oliver Tree/Alone in a Crowd/04 - Star.flac
FSCK2118.REC	flac;cover=cover.jpg	Music/Recovered/Oliver Tree/Alone in a Crowd/06 - Smile.flac
FSCK2119.REC	flac;cover=cover.jpg	Music/Recovered/Oliver Tree/Alone in a Crowd/00 - The First Night.flac
FSCK2134.REC	flac;cover=cover.jpg	Music/Recovered/Oliver Tree/Alone in a Crowd/10 - Strangers.flac
FSCK2135.REC	flac;cover=cover.jpg	Music/Recovered/Oliver Tree/Alone in a Crowd/01 - Bounce.flac
FSCK2136.REC	flac;cover=cover.jpg	Music/Recovered/Oliver Tree/Alone in a Crowd/07 - Ugly Side.flac
FSCK2137.REC	flac;cover=cover.jpg	Music/Recovered/Oliver Tree/Alone in a Crowd/14 - Miss You.flac
FSCK2138.REC	flac;cover=cover.jpg	Music/Recovered/Oliver Tree/Alone in a Crowd/11 - Invisible Man.flac
FSCK2139.REC	flac;cover=cover.jpg	Music/Recovered/Oliver Tree/Alone in a Crowd/13 - With You.flac
FSCK2140.REC	flac;cover=cover.jpg	Music/Recovered/Oliver Tree/Alone in a Crowd/02 - One & Only.flac
FSCK2141.REC	flac;cover=cover.jpg	Music/Recovered/Oliver Tree/Alone in a Crowd/00 - Highlight Of My Life.flac
FSCK2157.REC	mp3;cover=cover.jpg	Music/Recovered/The Beatles/With the Beatles/01 - It Won't Be Long.mp3
FSCK2158.REC	mp3;cover=cover.jpg	Music/Recovered/The Beatles/With the Beatles/02 - All I've Got To Do.mp3
FSCK2159.REC	mp3;cover=cover.jpg	Music/Recovered/The Beatles/With the Beatles/03 - All My Loving.mp3
FSCK2160.REC	mp3;cover=cover.jpg	Music/Recovered/The Beatles/With the Beatles/04 - Don't Bother Me.mp3
FSCK2161.REC	mp3;cover=cover.jpg	Music/Recovered/The Beatles/With the Beatles/05 - Little Me.mp3
FSCK2162.REC	mp3;cover=cover.jpg	Music/Recovered/The Beatles/With the Beatles/06 - Till There Was You.mp3
FSCK2163.REC	mp3;cover=cover.jpg	Music/Recovered/The Beatles/With the Beatles/07 - Please Mister Postman.mp3
FSCK2164.REC	mp3;cover=cover.jpg	Music/Recovered/The Beatles/With the Beatles/08 - Roll Over Beethoven.mp3
FSCK2165.REC	mp3;cover=cover.jpg	Music/Recovered/The Beatles/With the Beatles/09 - Hold Me Tight.mp3
FSCK2166.REC	mp3;cover=cover.jpg	Music/Recovered/The Beatles/With the Beatles/10 - You Really Got A Hold On Me.mp3
FSCK2167.REC	mp3;cover=cover.jpg	Music/Recovered/The Beatles/With the Beatles/11 - I Wanna Be Your Man.mp3
FSCK2168.REC	mp3;cover=cover.jpg	Music/Recovered/The Beatles/With the Beatles/12 - Devil In Her Heart.mp3
FSCK2169.REC	mp3;cover=cover.jpg	Music/Recovered/The Beatles/With the Beatles/13 - Not A Second Time.mp3
FSCK2170.REC	mp3;cover=cover.jpg	Music/Recovered/The Beatles/With the Beatles/14 - Money.mp3
FSCK2199.REC	flac;cover=cover.jpg	Music/Recovered/AJR/OK ORCHESTRA/05 - Joe.flac
FSCK2200.REC	flac;cover=cover.jpg	Music/Recovered/AJR/OK ORCHESTRA/13 - Christmas in June.flac
FSCK2201.REC	flac;cover=cover.jpg	Music/Recovered/AJR/OK ORCHESTRA/07 - Bang!.flac
FSCK2202.REC	flac;cover=cover.jpg	Music/Recovered/AJR/OK ORCHESTRA/04 - My Play.flac
FSCK2203.REC	flac;cover=cover.jpg	Music/Recovered/AJR/OK ORCHESTRA/11 - World's Smallest Violin.flac
FSCK2204.REC	flac;cover=cover.jpg	Music/Recovered/AJR/OK ORCHESTRA/03 - 3 O'Clock Things.flac
FSCK2205.REC	flac;cover=cover.jpg	Music/Recovered/AJR/OK ORCHESTRA/08 - The Trick.flac
FSCK2206.REC	flac;cover=cover.jpg	Music/Recovered/AJR/OK ORCHESTRA/09 - Ordinaryish People (feat. Blue Man Group).flac
FSCK2207.REC	flac;cover=cover.jpg	Music/Recovered/AJR/OK ORCHESTRA/12 - Way Less Sad.flac
FSCK2208.REC	flac;cover=cover.jpg	Music/Recovered/AJR/OK ORCHESTRA/06 - Adventure Is Out There.flac
FSCK2209.REC	flac;cover=cover.jpg	Music/Recovered/AJR/OK ORCHESTRA/10 - Humpty Dumpty.flac
FSCK2210.REC	flac;cover=cover.jpg	Music/Recovered/AJR/OK ORCHESTRA/02 - Bummerland.flac
FSCK2211.REC	flac;cover=cover.jpg	Music/Recovered/AJR/OK ORCHESTRA/01 - OK Overture.flac
FSCK2242.REC	flac;cover=cover.jpg	Music/Recovered/Avril Lavigne/Let Go/01 - Losing Grip.flac
FSCK2243.REC	flac;cover=cover.jpg	Music/Recovered/Avril Lavigne/Let Go/02 - Complicated.flac
FSCK2244.REC	flac;cover=cover.jpg	Music/Recovered/Avril Lavigne/Let Go/03 - Sk8er Boi.flac
FSCK2245.REC	flac;cover=cover.jpg	Music/Recovered/Avril Lavigne/Let Go/04 - I'm With You.flac
FSCK2246.REC	flac;cover=cover.jpg	Music/Recovered/Avril Lavigne/Let Go/05 - Mobile.flac
FSCK2247.REC	flac;cover=cover.jpg	Music/Recovered/Avril Lavigne/Let Go/06 - Unwanted.flac
FSCK2248.REC	flac;cover=cover.jpg	Music/Recovered/Avril Lavigne/Let Go/07 - Tomorrow.flac
FSCK2249.REC	flac;cover=cover.jpg	Music/Recovered/Avril Lavigne/Let Go/08 - Anything But Ordinary.flac
FSCK2250.REC	flac;cover=cover.jpg	Music/Recovered/Avril Lavigne/Let Go/09 - Things I'll Never Say.flac
FSCK2251.REC	flac;cover=cover.jpg	Music/Recovered/Avril Lavigne/Let Go/10 - My World.flac
FSCK2252.REC	flac;cover=cover.jpg	Music/Recovered/Avril Lavigne/Let Go/11 - Nobody's Fool.flac
FSCK2253.REC	flac;cover=cover.jpg	Music/Recovered/Avril Lavigne/Let Go/12 - Too Much To Ask.flac
FSCK2254.REC	flac;cover=cover.jpg	Music/Recovered/Avril Lavigne/Let Go/13 - Naked.flac
FSCK2255.REC	flac;cover=cover.jpg	Music/Recovered/Icon For Hire/You Can't Kill Us/01 - Supposed To Be.flac
FSCK2256.REC	flac;cover=cover.jpg	Music/Recovered/Icon For Hire/You Can't Kill Us/02 - Demons.flac
FSCK2257.REC	flac;cover=cover.jpg	Music/Recovered/Icon For Hire/You Can't Kill Us/03 - Pulse.flac
FSCK2258.REC	flac;cover=cover.jpg	Music/Recovered/Icon For Hire/You Can't Kill Us/04 - Magic.flac
FSCK2259.REC	flac;cover=cover.jpg	Music/Recovered/Icon For Hire/You Can't Kill Us/05 - Happy Hurts.flac
FSCK2260.REC	flac;cover=cover.jpg	Music/Recovered/Icon For Hire/You Can't Kill Us/06 - You Were Wrong.flac
FSCK2261.REC	flac;cover=cover.jpg	Music/Recovered/Icon For Hire/You Can't Kill Us/07 - Too Loud.flac
FSCK2262.REC	flac;cover=cover.jpg	Music/Recovered/Icon For Hire/You Can't Kill Us/08 - War.flac
FSCK2263.REC	flac;cover=cover.jpg	Music/Recovered/Icon For Hire/You Can't Kill Us/09 - Under The Knife.flac
FSCK2264.REC	flac;cover=cover.jpg	Music/Recovered/Icon For Hire/You Can't Kill Us/10 - Here We Are.flac
FSCK2265.REC	flac;cover=cover.jpg	Music/Recovered/Icon For Hire/You Can't Kill Us/11 - Get Well Ii.flac
FSCK2266.REC	flac;cover=cover.jpg	Music/Recovered/Icon For Hire/You Can't Kill Us/12 - Invincible.flac
FSCK2267.REC	flac;cover=cover.jpg	Music/Recovered/Icon For Hire/You Can't Kill Us/13 - You Can't Kill Us.flac
FSCK2282.REC	flac;cover=cover.jpg	Music/Recovered/Cage The Elephant/Social Cues/03 - Black Madonna.flac
FSCK2283.REC	flac;cover=cover.jpg	Music/Recovered/Cage The Elephant/Social Cues/02 - Social Cues.flac
FSCK2284.REC	flac;cover=cover.jpg	Music/Recovered/Cage The Elephant/Social Cues/12 - Tokyo Smoke.flac
FSCK2285.REC	flac;cover=cover.jpg	Music/Recovered/Cage The Elephant/Social Cues/01 - Broken Boy.flac
FSCK2286.REC	flac;cover=cover.jpg	Music/Recovered/Cage The Elephant/Social Cues/09 - The War Is Over.flac
FSCK2287.REC	flac;cover=cover.jpg	Music/Recovered/Cage The Elephant/Social Cues/04 - Night Running.flac
FSCK2288.REC	flac;cover=cover.jpg	Music/Recovered/Cage The Elephant/Social Cues/06 - Ready To Let Go.flac
FSCK2289.REC	flac;cover=cover.jpg	Music/Recovered/Cage The Elephant/Social Cues/11 - What I'm Becoming.flac
FSCK2290.REC	flac;cover=cover.jpg	Music/Recovered/Cage The Elephant/Social Cues/08 - Love's The Only Way.flac
FSCK2291.REC	flac;cover=cover.jpg	Music/Recovered/Cage The Elephant/Social Cues/10 - Dance Dance.flac
FSCK2292.REC	flac;cover=cover.jpg	Music/Recovered/Cage The Elephant/Social Cues/05 - Skin And Bones.flac
FSCK2293.REC	flac;cover=cover.jpg	Music/Recovered/Cage The Elephant/Social Cues/07 - House Of Glass.flac
FSCK2295.REC	flac;cover=cover.jpg	Music/Recovered/Cage The Elephant/Social Cues/13 - Goodbye.flac
FSCK2309.REC	flac;cover=cover.jpg	Music/Recovered/The Beatles/Sgt. Pepper's Lonely Hearts Club Band/07 - Being For The Benefit Of Mr. Kite!.flac
FSCK2311.REC	flac;cover=cover.jpg	Music/Recovered/The Beatles/Sgt. Pepper's Lonely Hearts Club Band/13 - A Day In The Life.flac
FSCK2312.REC	flac;cover=cover.jpg	Music/Recovered/The Beatles/Sgt. Pepper's Lonely Hearts Club Band/01 - Sgt. Pepper's Lonely Hearts Club Band.flac
FSCK2313.REC	flac;cover=cover.jpg	Music/Recovered/The Beatles/Sgt. Pepper's Lonely Hearts Club Band/08 - Within You Without You.flac
FSCK2314.REC	flac;cover=cover.jpg	Music/Recovered/The Beatles/Sgt. Pepper's Lonely Hearts Club Band/12 - Sgt. Pepper's Lonely Hearts Club Band.flac
FSCK2315.REC	flac;cover=cover.jpg	Music/Recovered/The Beatles/Sgt. Pepper's Lonely Hearts Club Band/09 - When I'm Sixty Four.flac
FSCK2316.REC	flac;cover=cover.jpg	Music/Recovered/The Beatles/Sgt. Pepper's Lonely Hearts Club Band/11 - Good Morning Good Morning.flac
FSCK2317.REC	flac;cover=cover.jpg	Music/Recovered/The Beatles/Sgt. Pepper's Lonely Hearts Club Band/10 - Lovely Rita.flac
FSCK2318.REC	flac;cover=cover.jpg	Music/Recovered/The Beatles/Sgt. Pepper's Lonely Hearts Club Band/02 - With A Little Help From My Friends.flac
FSCK2319.REC	flac;cover=cover.jpg	Music/Recovered/The Beatles/Sgt. Pepper's Lonely Hearts Club Band/06 - She's Leaving Home.flac
FSCK2320.REC	flac;cover=cover.jpg	Music/Recovered/The Beatles/Sgt. Pepper's Lonely Hearts Club Band/03 - Lucy In The Sky With Diamonds.flac
FSCK2321.REC	flac;cover=cover.jpg	Music/Recovered/The Beatles/Sgt. Pepper's Lonely Hearts Club Band/05 - Fixing A Hole.flac
FSCK2322.REC	flac;cover=cover.jpg	Music/Recovered/The Beatles/Sgt. Pepper's Lonely Hearts Club Band/04 - Getting Better.flac
FSCK2336.REC	flac;cover=cover.jpg	Music/Recovered/Ringo Starr/Ringo/11 - You And Me.flac
FSCK2337.REC	flac;cover=cover.jpg	Music/Recovered/Ringo Starr/Ringo/08 - Step Lightly.flac
FSCK2338.REC	flac;cover=cover.jpg	Music/Recovered/Ringo Starr/Ringo/01 - I'm The Greatest.flac
FSCK2339.REC	flac;cover=cover.jpg	Music/Recovered/Ringo Starr/Ringo/09 - Six O'clock.flac
FSCK2340.REC	flac;cover=cover.jpg	Music/Recovered/Ringo Starr/Ringo/07 - Oh My My.flac
FSCK2341.REC	flac;cover=cover.jpg	Music/Recovered/Ringo Starr/Ringo/13 - Early 1970.flac
FSCK2343.REC	flac;cover=cover.jpg	Music/Recovered/Ringo Starr/Ringo/03 - Photograph.flac
FSCK2344.REC	flac;cover=cover.jpg	Music/Recovered/Ringo Starr/Ringo/02 - Have You Seen My Baby.flac
FSCK2345.REC	flac;cover=cover.jpg	Music/Recovered/Ringo Starr/Ringo/12 - It Don't Come Easy.flac
FSCK2346.REC	flac;cover=cover.jpg	Music/Recovered/Ringo Starr/Ringo/10 - Devil Woman.flac
FSCK2347.REC	flac;cover=cover.jpg	Music/Recovered/Ringo Starr/Ringo/06 - You're Sixteen.flac
FSCK2348.REC	flac;cover=cover.jpg	Music/Recovered/Ringo Starr/Ringo/04 - Down And Out.flac
FSCK2349.REC	flac;cover=cover.jpg	Music/Recovered/Ringo Starr/Ringo/05 - Sunshine Life For Me.flac
FSCK2363.REC	flac;cover=cover.jpg	Music/Recovered/Daft Punk/Random Access Memories/02 - The Game Of Love.flac
FSCK2364.REC	flac;cover=cover.jpg	Music/Recovered/Daft Punk/Random Access Memories/05 - Instant Crush.flac
FSCK2365.REC	flac;cover=cover.jpg	Music/Recovered/Daft Punk/Random Access Memories/01 - Give Life Back To Music.flac
FSCK2366.REC	flac;cover=cover.jpg	Music/Recovered/Daft Punk/Random Access Memories/10 - Motherboard.flac
FSCK2367.REC	flac;cover=cover.jpg	Music/Recovered/Daft Punk/Random Access Memories/07 - Touch.flac
FSCK2368.REC	flac;cover=cover.jpg	Music/Recovered/Daft Punk/Random Access Memories/08 - Get Lucky.flac
FSCK2369.REC	flac;cover=cover.jpg	Music/Recovered/Daft Punk/Random Access Memories/12 - Doin' It Right.flac
FSCK2370.REC	flac;cover=cover.jpg	Music/Recovered/Daft Punk/Random Access Memories/09 - Beyond.flac
FSCK2371.REC	flac;cover=cover.jpg	Music/Recovered/Daft Punk/Random Access Memories/11 - Fragments Of Time.flac
FSCK2372.REC	flac;cover=cover.jpg	Music/Recovered/Daft Punk/Random Access Memories/06 - Lose Yourself To Dance.flac
FSCK2373.REC	flac;cover=cover.jpg	Music/Recovered/Daft Punk/Random Access Memories/03 - Giorgio By Moroder.flac
FSCK2374.REC	flac;cover=cover.jpg	Music/Recovered/Daft Punk/Random Access Memories/04 - Within.flac
FSCK2375.REC	flac;cover=cover.jpg	Music/Recovered/Daft Punk/Random Access Memories/13 - Contact.flac
FSCK2390.REC	flac;cover=cover.jpg	Music/Recovered/Katy Perry/Prism/01 - Roar.flac
FSCK2392.REC	flac;cover=cover.jpg	Music/Recovered/Katy Perry/Prism/05 - Unconditionally.flac
FSCK2393.REC	flac;cover=cover.jpg	Music/Recovered/Katy Perry/Prism/06 - Dark Horse.flac
FSCK2394.REC	flac;cover=cover.jpg	Music/Recovered/Katy Perry/Prism/13 - By The Grace Of God.flac
FSCK2395.REC	flac;cover=cover.jpg	Music/Recovered/Katy Perry/Prism/10 - Love Me.flac
FSCK2396.REC	flac;cover=cover.jpg	Music/Recovered/Katy Perry/Prism/08 - International Smile.flac
FSCK2397.REC	flac;cover=cover.jpg	Music/Recovered/Katy Perry/Prism/04 - Walking On Air.flac
FSCK2398.REC	flac;cover=cover.jpg	Music/Recovered/Katy Perry/Prism/03 - Birthday.flac
FSCK2399.REC	flac;cover=cover.jpg	Music/Recovered/Katy Perry/Prism/07 - This Is How We Do.flac
FSCK2400.REC	flac;cover=cover.jpg	Music/Recovered/Katy Perry/Prism/12 - Double Rainbow.flac
FSCK2414.REC	flac;cover=cover.jpg	Music/Recovered/Katy Perry/Prism/02 - Legendary Lovers.flac
FSCK2415.REC	flac;cover=cover.jpg	Music/Recovered/Katy Perry/Prism/11 - This Moment.flac
FSCK2416.REC	flac;cover=cover.jpg	Music/Recovered/Katy Perry/Prism/09 - Ghost.flac
FSCK2445.REC	flac;cover=cover.jpg	Music/Recovered/Linkin Park/Meteora/01 - Foreword.flac
FSCK2446.REC	flac;cover=cover.jpg	Music/Recovered/Linkin Park/Meteora/05 - Hit The Floor.flac
FSCK2447.REC	flac;cover=cover.jpg	Music/Recovered/Linkin Park/Meteora/12 - Session.flac
FSCK2448.REC	flac;cover=cover.jpg	Music/Recovered/Linkin Park/Meteora/10 - From The Inside.flac
FSCK2450.REC	flac;cover=cover.jpg	Music/Recovered/Linkin Park/Meteora/08 - Figure.09.flac
FSCK2451.REC	flac;cover=cover.jpg	Music/Recovered/Linkin Park/Meteora/07 - Faint.flac
FSCK2452.REC	flac;cover=cover.jpg	Music/Recovered/Linkin Park/Meteora/03 - Somewhere I Belong.flac
FSCK2453.REC	flac;cover=cover.jpg	Music/Recovered/Linkin Park/Meteora/04 - Lying From You.flac
FSCK2454.REC	flac;cover=cover.jpg	Music/Recovered/Linkin Park/Meteora/06 - Easier To Run.flac
FSCK2455.REC	flac;cover=cover.jpg	Music/Recovered/Linkin Park/Meteora/13 - Numb.flac
FSCK2456.REC	flac;cover=cover.jpg	Music/Recovered/Linkin Park/Meteora/09 - Breaking The Habit.flac
FSCK2457.REC	flac;cover=cover.jpg	Music/Recovered/Linkin Park/Meteora/11 - Nobody's Listening.flac
FSCK2458.REC	flac;cover=cover.jpg	Music/Recovered/Linkin Park/Meteora/02 - Don't Stay.flac
FSCK2472.REC	flac;cover=cover.jpg	Music/Recovered/Melanie Martinez/Cry Baby/07 - Training Wheels.flac
FSCK2473.REC	flac;cover=cover.jpg	Music/Recovered/Melanie Martinez/Cry Baby/05 - Alphabet Boy.flac
FSCK2475.REC	flac;cover=cover.jpg	Music/Recovered/Melanie Martinez/Cry Baby/08 - Pity Party.flac
FSCK2476.REC	flac;cover=cover.jpg	Music/Recovered/Melanie Martinez/Cry Baby/09 - Tag, You're It.flac
FSCK2477.REC	flac;cover=cover.jpg	Music/Recovered/Melanie Martinez/Cry Baby/11 - Pacify Her.flac
FSCK2478.REC	flac;cover=cover.jpg	Music/Recovered/Melanie Martinez/Cry Baby/13 - Mad Hatter.flac
FSCK2479.REC	flac;cover=cover.jpg	Music/Recovered/Melanie Martinez/Cry Baby/02 - Dollhouse.flac
FSCK2480.REC	flac;cover=cover.jpg	Music/Recovered/Melanie Martinez/Cry Baby/10 - Milk And Cookies.flac
FSCK2481.REC	flac;cover=cover.jpg	Music/Recovered/Melanie Martinez/Cry Baby/04 - Carousel.flac
FSCK2482.REC	flac;cover=cover.jpg	Music/Recovered/Melanie Martinez/Cry Baby/03 - Sippy Cup.flac
FSCK2483.REC	flac;cover=cover.jpg	Music/Recovered/Melanie Martinez/Cry Baby/12 - Mrs. Potato Head.flac
FSCK2484.REC	flac;cover=cover.jpg	Music/Recovered/Melanie Martinez/Cry Baby/01 - Cry Baby.flac
FSCK2485.REC	flac;cover=cover.jpg	Music/Recovered/Melanie Martinez/Cry Baby/06 - Soap.flac
FSCK2499.REC	flac;cover=cover.jpg	Music/Recovered/Saliva/Back Into Your System/01 - Superstar Ii.flac
FSCK2500.REC	flac;cover=cover.jpg	Music/Recovered/Saliva/Back Into Your System/02 - Weight Of The World.flac
FSCK2501.REC	flac;cover=cover.jpg	Music/Recovered/Saliva/Back Into Your System/03 - Always.flac
FSCK2502.REC	flac;cover=cover.jpg	Music/Recovered/Saliva/Back Into Your System/04 - Back Into Your System.flac
FSCK2503.REC	flac;cover=cover.jpg	Music/Recovered/Saliva/Back Into Your System/05 - All Because Of You.flac
FSCK2504.REC	flac;cover=cover.jpg	Music/Recovered/Saliva/Back Into Your System/06 - Raise Up.flac
FSCK2505.REC	flac;cover=cover.jpg	Music/Recovered/Saliva/Back Into Your System/07 - Separated Self.flac
FSCK2506.REC	flac;cover=cover.jpg	Music/Recovered/Saliva/Back Into Your System/08 - Rest In Pieces.flac
FSCK2507.REC	flac;cover=cover.jpg	Music/Recovered/Saliva/Back Into Your System/09 - Storm.flac
FSCK2508.REC	flac;cover=cover.jpg	Music/Recovered/Saliva/Back Into Your System/10 - Holdin On.flac
FSCK2509.REC	flac;cover=cover.jpg	Music/Recovered/Saliva/Back Into Your System/11 - Pride.flac
FSCK2510.REC	flac;cover=cover.jpg	Music/Recovered/Saliva/Back Into Your System/12 - Famous Monsters.flac
FSCK2511.REC	flac;cover=cover.jpg	Music/Recovered/Saliva/Back Into Your System/13 - Click Click Boom.flac
FSCK2608.REC	flac;cover=cover.jpg	Music/Recovered/Tame Impala/Currents/01 - Let It Happen.flac
FSCK2609.REC	flac;cover=cover.jpg	Music/Recovered/Tame Impala/Currents/02 - Nangs.flac
FSCK2610.REC	flac;cover=cover.jpg	Music/Recovered/Tame Impala/Currents/03 - The Moment.flac
FSCK2611.REC	flac;cover=cover.jpg	Music/Recovered/Tame Impala/Currents/04 - Yes I'm Changing.flac
FSCK2612.REC	flac;cover=cover.jpg	Music/Recovered/Tame Impala/Currents/05 - Eventually.flac
FSCK2613.REC	flac;cover=cover.jpg	Music/Recovered/Tame Impala/Currents/06 - Gossip.flac
FSCK2614.REC	flac;cover=cover.jpg	Music/Recovered/Tame Impala/Currents/07 - The Less I Know The Better.flac
FSCK2615.REC	flac;cover=cover.jpg	Music/Recovered/Tame Impala/Currents/08 - Past Life.flac
FSCK2616.REC	flac;cover=cover.jpg	Music/Recovered/Tame Impala/Currents/09 - Disciples.flac
FSCK2617.REC	flac;cover=cover.jpg	Music/Recovered/Tame Impala/Currents/10 - 'Cause I'm A Man.flac
FSCK2618.REC	flac;cover=cover.jpg	Music/Recovered/Tame Impala/Currents/11 - Reality In Motion.flac
FSCK2619.REC	flac;cover=cover.jpg	Music/Recovered/Tame Impala/Currents/12 - Love_Paranoia.flac
FSCK2620.REC	flac;cover=cover.jpg	Music/Recovered/Tame Impala/Currents/13 - New Person, Same Old Mistakes.flac
FSCK2635.REC	flac;cover=cover.jpg	Music/Recovered/Oliver Tree/Cowboy Tears/01 - Cowboys Don’t Cry.flac
FSCK2636.REC	flac;cover=cover.jpg	Music/Recovered/Oliver Tree/Cowboy Tears/02 - Swing & A Miss.flac
FSCK2637.REC	flac;cover=cover.jpg	Music/Recovered/Oliver Tree/Cowboy Tears/03 - Get Well Soon.flac
FSCK2638.REC	flac;cover=cover.jpg	Music/Recovered/Oliver Tree/Cowboy Tears/04 - Freaks & Geeks.flac
FSCK2639.REC	flac;cover=cover.jpg	Music/Recovered/Oliver Tree/Cowboy Tears/05 - Doormat.flac
FSCK2640.REC	flac;cover=cover.jpg	Music/Recovered/Oliver Tree/Cowboy Tears/06 - Suitcase Full of Cash.flac
FSCK2641.REC	flac;cover=cover.jpg	Music/Recovered/Oliver Tree/Cowboy Tears/07 - Cigarettes.flac
FSCK2642.REC	flac;cover=cover.jpg	Music/Recovered/Oliver Tree/Cowboy Tears/08 - Balloon Boy.flac
FSCK2643.REC	flac;cover=cover.jpg	Music/Recovered/Oliver Tree/Cowboy Tears/09 - Things We Used To Do.flac
FSCK2644.REC	flac;cover=cover.jpg	Music/Recovered/Oliver Tree/Cowboy Tears/10 - California.flac
FSCK2645.REC	flac;cover=cover.jpg	Music/Recovered/Oliver Tree/Cowboy Tears/11 - Playing With Fire.flac
FSCK2646.REC	flac;cover=cover.jpg	Music/Recovered/Oliver Tree/Cowboy Tears/12 - The Villain.flac
FSCK2647.REC	flac;cover=cover.jpg	Music/Recovered/Oliver Tree/Cowboy Tears/13 - Cowboy Tears.flac
FSCK2675.REC	mp3;cover=cover.jpg	Music/Recovered/The Beatles/A Hard Day's Night/01 - A Hard Day's Night.mp3
FSCK2676.REC	mp3;cover=cover.jpg	Music/Recovered/The Beatles/A Hard Day's Night/02 - I Should Have Known Better.mp3
FSCK2677.REC	mp3;cover=cover.jpg	Music/Recovered/The Beatles/A Hard Day's Night/03 - If I Fell.mp3
FSCK2678.REC	mp3;cover=cover.jpg	Music/Recovered/The Beatles/A Hard Day's Night/04 - I'm Happy Just To Dance With You.mp3
FSCK2679.REC	mp3;cover=cover.jpg	Music/Recovered/The Beatles/A Hard Day's Night/05 - And I Love Her.mp3
FSCK2680.REC	mp3;cover=cover.jpg	Music/Recovered/The Beatles/A Hard Day's Night/06 - Tell Me Why.mp3
FSCK2681.REC	mp3;cover=cover.jpg	Music/Recovered/The Beatles/A Hard Day's Night/07 - Can't Buy Me Love.mp3
FSCK2682.REC	mp3;cover=cover.jpg	Music/Recovered/The Beatles/A Hard Day's Night/08 - Any Time At All.mp3
FSCK2683.REC	mp3;cover=cover.jpg	Music/Recovered/The Beatles/A Hard Day's Night/09 - I'll Cry Instead.mp3
FSCK2684.REC	mp3;cover=cover.jpg	Music/Recovered/The Beatles/A Hard Day's Night/10 - Things We Said Today.mp3
FSCK2685.REC	mp3;cover=cover.jpg	Music/Recovered/The Beatles/A Hard Day's Night/11 - When I Get Home.mp3
FSCK2686.REC	mp3;cover=cover.jpg	Music/Recovered/The Beatles/A Hard Day's Night/12 - You Can't Do That.mp3
FSCK2687.REC	mp3;cover=cover.jpg	Music/Recovered/The Beatles/A Hard Day's Night/13 - I'll Be Back.mp3
FSCK2688.REC	flac;cover=cover.jpg	Music/Recovered/Katy Perry/Teenage Dream/06 - Circle The Drain.flac
FSCK2689.REC	flac;cover=cover.jpg	Music/Recovered/Katy Perry/Teenage Dream/08 - E.T.flac
FSCK2690.REC	flac;cover=cover.jpg	Music/Recovered/Katy Perry/Teenage Dream/01 - Teenage Dream.flac
FSCK2691.REC	flac;cover=cover.jpg	Music/Recovered/Katy Perry/Teenage Dream/05 - Peacock.flac
FSCK2692.REC	flac;cover=cover.jpg	Music/Recovered/Katy Perry/Teenage Dream/07 - The One That Got Away.flac
FSCK2693.REC	flac;cover=cover.jpg	Music/Recovered/Katy Perry/Teenage Dream/02 - Last Friday Night.flac
FSCK2694.REC	flac;cover=cover.jpg	Music/Recovered/Katy Perry/Teenage Dream/04 - Firework.flac
FSCK2695.REC	flac;cover=cover.jpg	Music/Recovered/Katy Perry/Teenage Dream/12 - Not Like The Movies.flac
FSCK2696.REC	flac;cover=cover.jpg	Music/Recovered/Katy Perry/Teenage Dream/11 - Hummingbird Heartbeat.flac
FSCK2697.REC	flac;cover=cover.jpg	Music/Recovered/Katy Perry/Teenage Dream/09 - Who Am I Living For_.flac
FSCK2698.REC	flac;cover=cover.jpg	Music/Recovered/Katy Perry/Teenage Dream/10 - Pearl.flac
FSCK2700.REC	flac;cover=cover.jpg	Music/Recovered/Katy Perry/Teenage Dream/03 - California Gurls.flac
FSCK2713.REC	flac;cover=cover.jpg	Music/Recovered/Paul Mccartney; Linda Mccartney/Ram/02 - 3 Legs.flac
FSCK2714.REC	flac;cover=cover.jpg	Music/Recovered/Paul Mccartney; Linda Mccartney/Ram/12 - The Back Seat Of My Car.flac
FSCK2715.REC	flac;cover=cover.jpg	Music/Recovered/Paul Mccartney; Linda Mccartney/Ram/07 - Heart Of The Country.flac
FSCK2716.REC	flac;cover=cover.jpg	Music/Recovered/Paul Mccartney; Linda Mccartney/Ram/05 - Uncle Albert _ Admiral Halsey.flac
FSCK2717.REC	flac;cover=cover.jpg	Music/Recovered/Paul Mccartney; Linda Mccartney/Ram/08 - Monkberry Moon Delight.flac
FSCK2718.REC	flac;cover=cover.jpg	Music/Recovered/Paul Mccartney; Linda Mccartney/Ram/10 - Long Haired Lady.flac
FSCK2719.REC	flac;cover=cover.jpg	Music/Recovered/Paul Mccartney; Linda Mccartney/Ram/03 - Ram On.flac
FSCK2720.REC	flac;cover=cover.jpg	Music/Recovered/Paul Mccartney; Linda Mccartney/Ram/06 - Smile Away.flac
FSCK2721.REC	flac;cover=cover.jpg	Music/Recovered/Paul Mccartney; Linda Mccartney/Ram/04 - Dear Boy.flac
FSCK2722.REC	flac;cover=cover.jpg	Music/Recovered/Paul Mccartney; Linda Mccartney/Ram/11 - Ram On.flac
FSCK2724.REC	flac;cover=cover.jpg	Music/Recovered/Paul Mccartney; Linda Mccartney/Ram/09 - Eat At Home.flac
FSCK2725.REC	flac;cover=cover.jpg	Music/Recovered/Paul Mccartney; Linda Mccartney/Ram/01 - Too Many People.flac
FSCK2738.REC	flac;cover=cover.jpg	Music/Recovered/Three Days Grace/One-x/02 - Pain.flac
FSCK2739.REC	flac;cover=cover.jpg	Music/Recovered/Three Days Grace/One-x/12 - One X.flac
FSCK2740.REC	flac;cover=cover.jpg	Music/Recovered/Three Days Grace/One-x/11 - Gone Forever.flac
FSCK2741.REC	flac;cover=cover.jpg	Music/Recovered/Three Days Grace/One-x/03 - Animal I Have Become.flac
FSCK2742.REC	flac;cover=cover.jpg	Music/Recovered/Three Days Grace/One-x/04 - Never Too Late.flac
FSCK2743.REC	flac;cover=cover.jpg	Music/Recovered/Three Days Grace/One-x/05 - On My Own.flac
FSCK2744.REC	flac;cover=cover.jpg	Music/Recovered/Three Days Grace/One-x/10 - Time Of Dying.flac
FSCK2745.REC	flac;cover=cover.jpg	Music/Recovered/Three Days Grace/One-x/07 - Get Out Alive.flac
FSCK2746.REC	flac;cover=cover.jpg	Music/Recovered/Three Days Grace/One-x/06 - Riot.flac
FSCK2747.REC	flac;cover=cover.jpg	Music/Recovered/Three Days Grace/One-x/08 - Let It Die.flac
FSCK2748.REC	flac;cover=cover.jpg	Music/Recovered/Three Days Grace/One-x/01 - It's All Over.flac
FSCK2749.REC	flac;cover=cover.jpg	Music/Recovered/Three Days Grace/One-x/09 - Over And Over.flac
FSCK2763.REC	flac;cover=cover.jpg	Music/Recovered/Cage The Elephant/Neon Pill/10 - Silent Picture.flac
FSCK2764.REC	flac;cover=cover.jpg	Music/Recovered/Cage The Elephant/Neon Pill/09 - Shy Eyes.flac
FSCK2765.REC	flac;cover=cover.jpg	Music/Recovered/Cage The Elephant/Neon Pill/07 - Ball And Chain.flac
FSCK2766.REC	flac;cover=cover.jpg	Music/Recovered/Cage The Elephant/Neon Pill/03 - Neon Pill.flac
FSCK2767.REC	flac;cover=cover.jpg	Music/Recovered/Cage The Elephant/Neon Pill/12 - Over Your Shoulder.flac
FSCK2768.REC	flac;cover=cover.jpg	Music/Recovered/Cage The Elephant/Neon Pill/05 - Metaverse.flac
FSCK2769.REC	flac;cover=cover.jpg	Music/Recovered/Cage The Elephant/Neon Pill/08 - Good Time.flac
FSCK2770.REC	flac;cover=cover.jpg	Music/Recovered/Cage The Elephant/Neon Pill/04 - Float Into The Sky.flac
FSCK2771.REC	flac;cover=cover.jpg	Music/Recovered/Cage The Elephant/Neon Pill/02 - Rainbow.flac
FSCK2772.REC	flac;cover=cover.jpg	Music/Recovered/Cage The Elephant/Neon Pill/11 - Same.flac
FSCK2773.REC	flac;cover=cover.jpg	Music/Recovered/Cage The Elephant/Neon Pill/06 - Out Loud.flac
FSCK2774.REC	flac;cover=cover.jpg	Music/Recovered/Cage The Elephant/Neon Pill/01 - Hifi.flac
FSCK2788.REC	flac;cover=cover.jpg	Music/Recovered/Linkin Park/Living Things/01 - Lost In The Echo.flac
FSCK2789.REC	flac;cover=cover.jpg	Music/Recovered/Linkin Park/Living Things/02 - In My Remains.flac
FSCK2790.REC	flac;cover=cover.jpg	Music/Recovered/Linkin Park/Living Things/03 - Burn It Down.flac
FSCK2791.REC	flac;cover=cover.jpg	Music/Recovered/Linkin Park/Living Things/04 - Lies Greed Misery.flac
FSCK2792.REC	flac;cover=cover.jpg	Music/Recovered/Linkin Park/Living Things/05 - I'll Be Gone.flac
FSCK2793.REC	flac;cover=cover.jpg	Music/Recovered/Linkin Park/Living Things/06 - Castle Of Glass.flac
FSCK2794.REC	flac;cover=cover.jpg	Music/Recovered/Linkin Park/Living Things/07 - Victimized.flac
FSCK2795.REC	flac;cover=cover.jpg	Music/Recovered/Linkin Park/Living Things/08 - Roads Untraveled.flac
FSCK2796.REC	flac;cover=cover.jpg	Music/Recovered/Linkin Park/Living Things/09 - Skin To Bone.flac
FSCK2797.REC	flac;cover=cover.jpg	Music/Recovered/Linkin Park/Living Things/10 - Until It Breaks.flac
FSCK2798.REC	flac;cover=cover.jpg	Music/Recovered/Linkin Park/Living Things/11 - Tinfoil.flac
FSCK2799.REC	flac;cover=cover.jpg	Music/Recovered/Linkin Park/Living Things/12 - Powerless.flac
FSCK2813.REC	flac;cover=cover.jpg	Music/Recovered/The Beatles/Let It Be/11 - For You Blue.flac
FSCK2814.REC	flac;cover=cover.jpg	Music/Recovered/The Beatles/Let It Be/01 - Two Of Us.flac
FSCK2815.REC	flac;cover=cover.jpg	Music/Recovered/The Beatles/Let It Be/03 - Across The Universe.flac
FSCK2817.REC	flac;cover=cover.jpg	Music/Recovered/The Beatles/Let It Be/02 - Dig A Pony.flac
FSCK2818.REC	flac;cover=cover.jpg	Music/Recovered/The Beatles/Let It Be/06 - Let It Be.flac
FSCK2819.REC	flac;cover=cover.jpg	Music/Recovered/The Beatles/Let It Be/08 - I've Got A Feeling.flac
FSCK2820.REC	flac;cover=cover.jpg	Music/Recovered/The Beatles/Let It Be/05 - Dig It.flac
FSCK2821.REC	flac;cover=cover.jpg	Music/Recovered/The Beatles/Let It Be/09 - One After 909.flac
FSCK2822.REC	flac;cover=cover.jpg	Music/Recovered/The Beatles/Let It Be/10 - The Long And Winding Road.flac
FSCK2823.REC	flac;cover=cover.jpg	Music/Recovered/The Beatles/Let It Be/04 - I Me Mine.flac
FSCK2824.REC	flac;cover=cover.jpg	Music/Recovered/The Beatles/Let It Be/12 - Get Back.flac
FSCK2825.REC	flac;cover=cover.jpg	Music/Recovered/The Beatles/Let It Be/07 - Maggie Mae.flac
FSCK2838.REC	flac;cover=cover.jpg	Music/Recovered/The Moody Blues/In Search of the Lost Chord/07 - Voices In The Sky.flac
FSCK2839.REC	flac;cover=cover.jpg	Music/Recovered/The Moody Blues/In Search of the Lost Chord/01 - Departure.flac
FSCK2840.REC	flac;cover=cover.jpg	Music/Recovered/The Moody Blues/In Search of the Lost Chord/12 - Om.flac
FSCK2841.REC	flac;cover=cover.jpg	Music/Recovered/The Moody Blues/In Search of the Lost Chord/08 - The Best Way To Travel.flac
FSCK2842.REC	flac;cover=cover.jpg	Music/Recovered/The Moody Blues/In Search of the Lost Chord/09 - Visions Of Paradise.flac
FSCK2843.REC	flac;cover=cover.jpg	Music/Recovered/The Moody Blues/In Search of the Lost Chord/02 - Ride My See-Saw.flac
FSCK2845.REC	flac;cover=cover.jpg	Music/Recovered/The Moody Blues/In Search of the Lost Chord/10 - The Actor.flac
FSCK2846.REC	flac;cover=cover.jpg	Music/Recovered/The Moody Blues/In Search of the Lost Chord/04 - House Of Four Doors.flac
FSCK2847.REC	flac;cover=cover.jpg	Music/Recovered/The Moody Blues/In Search of the Lost Chord/11 - The Word.flac
FSCK2848.REC	flac;cover=cover.jpg	Music/Recovered/The Moody Blues/In Search of the Lost Chord/06 - House Of Four Doors.flac
FSCK2849.REC	flac;cover=cover.jpg	Music/Recovered/The Moody Blues/In Search of the Lost Chord/03 - Dr. Livingstone, I Presume.flac
FSCK2850.REC	flac;cover=cover.jpg	Music/Recovered/The Moody Blues/In Search of the Lost Chord/05 - Legend Of A Mind.flac
FSCK2863.REC	flac;cover=cover.jpg	Music/Recovered/Three Days Grace/Human/04 - Landmine.flac
FSCK2864.REC	flac;cover=cover.jpg	Music/Recovered/Three Days Grace/Human/02 - Painkiller.flac
FSCK2865.REC	flac;cover=cover.jpg	Music/Recovered/Three Days Grace/Human/08 - Car Crash.flac
FSCK2866.REC	flac;cover=cover.jpg	Music/Recovered/Three Days Grace/Human/06 - I Am Machine.flac
FSCK2867.REC	flac;cover=cover.jpg	Music/Recovered/Three Days Grace/Human/01 - Human Race.flac
FSCK2868.REC	flac;cover=cover.jpg	Music/Recovered/Three Days Grace/Human/12 - The Real You.flac
FSCK2869.REC	flac;cover=cover.jpg	Music/Recovered/Three Days Grace/Human/03 - Fallen Angel.flac
FSCK2871.REC	flac;cover=cover.jpg	Music/Recovered/Three Days Grace/Human/11 - The End Is Not The Answer.flac
FSCK2872.REC	flac;cover=cover.jpg	Music/Recovered/Three Days Grace/Human/07 - So What.flac
FSCK2873.REC	flac;cover=cover.jpg	Music/Recovered/Three Days Grace/Human/05 - Tell Me Why.flac
FSCK2874.REC	flac;cover=cover.jpg	Music/Recovered/Three Days Grace/Human/10 - One Too Many.flac
FSCK2875.REC	flac;cover=cover.jpg	Music/Recovered/Three Days Grace/Human/09 - Nothing's Fair In Love And War.flac
FSCK2888.REC	flac;cover=cover.jpg	Music/Recovered/Finger Eleven/Finger Eleven/02 - Complicated Questions.flac
FSCK2889.REC	flac;cover=cover.jpg	Music/Recovered/Finger Eleven/Finger Eleven/03 - Stay In Shadow.flac
FSCK2890.REC	flac;cover=cover.jpg	Music/Recovered/Finger Eleven/Finger Eleven/12 - Obvious Heart.flac
FSCK2891.REC	flac;cover=cover.jpg	Music/Recovered/Finger Eleven/Finger Eleven/09 - Panic Attack.flac
FSCK2892.REC	flac;cover=cover.jpg	Music/Recovered/Finger Eleven/Finger Eleven/07 - Conversations.flac
FSCK2893.REC	flac;cover=cover.jpg	Music/Recovered/Finger Eleven/Finger Eleven/10 - Therapy.flac
FSCK2894.REC	flac;cover=cover.jpg	Music/Recovered/Finger Eleven/Finger Eleven/08 - Last Scene Of Struggling.flac
FSCK2895.REC	flac;cover=cover.jpg	Music/Recovered/Finger Eleven/Finger Eleven/05 - Absent Elements.flac
FSCK2896.REC	flac;cover=cover.jpg	Music/Recovered/Finger Eleven/Finger Eleven/04 - Good Times.flac
FSCK2898.REC	flac;cover=cover.jpg	Music/Recovered/Finger Eleven/Finger Eleven/01 - Other Light.flac
FSCK2899.REC	flac;cover=cover.jpg	Music/Recovered/Finger Eleven/Finger Eleven/11 - One Thing.flac
FSCK2900.REC	flac;cover=cover.jpg	Music/Recovered/Finger Eleven/Finger Eleven/06 - Thousand Mile Wish.flac
FSCK2913.REC	flac;cover=cover.jpg	Music/Recovered/Evanescence/Fallen/01 - Going Under.flac
FSCK2914.REC	flac;cover=cover.jpg	Music/Recovered/Evanescence/Fallen/11 - Whisper.flac
FSCK2915.REC	flac;cover=cover.jpg	Music/Recovered/Evanescence/Fallen/03 - Everybody's Fool.flac
FSCK2916.REC	flac;cover=cover.jpg	Music/Recovered/Evanescence/Fallen/04 - My Immortal.flac
FSCK2917.REC	flac;cover=cover.jpg	Music/Recovered/Evanescence/Fallen/07 - Imaginary.flac
FSCK2919.REC	flac;cover=cover.jpg	Music/Recovered/Evanescence/Fallen/06 - Tourniquet.flac
FSCK2920.REC	flac;cover=cover.jpg	Music/Recovered/Evanescence/Fallen/09 - Hello.flac
FSCK2921.REC	flac;cover=cover.jpg	Music/Recovered/Evanescence/Fallen/12 - My Immortal.flac
FSCK2922.REC	flac;cover=cover.jpg	Music/Recovered/Evanescence/Fallen/08 - Taking Over Me.flac
FSCK2923.REC	flac;cover=cover.jpg	Music/Recovered/Evanescence/Fallen/10 - My Last Breath.flac
FSCK2924.REC	flac;cover=cover.jpg	Music/Recovered/Evanescence/Fallen/02 - Bring Me To Life.flac
FSCK2925.REC	flac;cover=cover.jpg	Music/Recovered/Evanescence/Fallen/05 - Haunted.flac
FSCK2938.REC	flac;cover=cover.jpg	Music/Recovered/Saliva/Every Six Seconds/01 - Superstar.flac
FSCK2939.REC	flac;cover=cover.jpg	Music/Recovered/Saliva/Every Six Seconds/02 - Musta Been Wrong.flac
FSCK2940.REC	flac;cover=cover.jpg	Music/Recovered/Saliva/Every Six Seconds/03 - Click Click Boom.flac
FSCK2941.REC	flac;cover=cover.jpg	Music/Recovered/Saliva/Every Six Seconds/04 - Your Disease.flac
FSCK2942.REC	flac;cover=cover.jpg	Music/Recovered/Saliva/Every Six Seconds/05 - After Me.flac
FSCK2943.REC	flac;cover=cover.jpg	Music/Recovered/Saliva/Every Six Seconds/06 - Greater Than_Less Than.flac
FSCK2944.REC	flac;cover=cover.jpg	Music/Recovered/Saliva/Every Six Seconds/07 - Lackluster.flac
FSCK2945.REC	flac;cover=cover.jpg	Music/Recovered/Saliva/Every Six Seconds/08 - Faultine.flac
FSCK2946.REC	flac;cover=cover.jpg	Music/Recovered/Saliva/Every Six Seconds/09 - Beg.flac
FSCK2947.REC	flac;cover=cover.jpg	Music/Recovered/Saliva/Every Six Seconds/10 - Hollywood.flac
FSCK2948.REC	flac;cover=cover.jpg	Music/Recovered/Saliva/Every Six Seconds/11 - Doperide.flac
FSCK2949.REC	flac;cover=cover.jpg	Music/Recovered/Saliva/Every Six Seconds/12 - My Goodbyes.flac
FSCK2963.REC	flac;cover=cover.jpg	Music/Recovered/The Pretty Reckless/Death By Rock and Roll/07 - Broomsticks.flac
FSCK2964.REC	flac;cover=cover.jpg	Music/Recovered/The Pretty Reckless/Death By Rock and Roll/03 - And So It Went.flac
FSCK2965.REC	flac;cover=cover.jpg	Music/Recovered/The Pretty Reckless/Death By Rock and Roll/04 - 25.flac
FSCK2966.REC	flac;cover=cover.jpg	Music/Recovered/The Pretty Reckless/Death By Rock and Roll/11 - Rock And Roll Heaven.flac
FSCK2967.REC	flac;cover=cover.jpg	Music/Recovered/The Pretty Reckless/Death By Rock and Roll/12 - Harley Darling.flac
FSCK2968.REC	flac;cover=cover.jpg	Music/Recovered/The Pretty Reckless/Death By Rock and Roll/10 - Turning Gold.flac
FSCK2969.REC	flac;cover=cover.jpg	Music/Recovered/The Pretty Reckless/Death By Rock and Roll/08 - Witches Burn.flac
FSCK2970.REC	flac;cover=cover.jpg	Music/Recovered/The Pretty Reckless/Death By Rock and Roll/02 - Only Love Can Save Me Now.flac
FSCK2971.REC	flac;cover=cover.jpg	Music/Recovered/The Pretty Reckless/Death By Rock and Roll/09 - Standing At The Wall.flac
FSCK2972.REC	flac;cover=cover.jpg	Music/Recovered/The Pretty Reckless/Death By Rock and Roll/05 - My Bones.flac
FSCK2974.REC	flac;cover=cover.jpg	Music/Recovered/The Pretty Reckless/Death By Rock and Roll/06 - Got So High.flac
FSCK2975.REC	flac;cover=cover.jpg	Music/Recovered/The Pretty Reckless/Death By Rock and Roll/01 - Death By Rock And Roll.flac
FSCK2988.REC	flac;cover=cover.jpg	Music/Recovered/Cage The Elephant/Cage the Elephant/01 - In One Ear.flac
FSCK2989.REC	flac;cover=cover.jpg	Music/Recovered/Cage The Elephant/Cage the Elephant/02 - James Brown.flac
FSCK2990.REC	flac;cover=cover.jpg	Music/Recovered/Cage The Elephant/Cage the Elephant/03 - Ain't No Rest For The Wicked.flac
FSCK2991.REC	flac;cover=cover.jpg	Music/Recovered/Cage The Elephant/Cage the Elephant/04 - Tiny Little Robots.flac
FSCK2992.REC	flac;cover=cover.jpg	Music/Recovered/Cage The Elephant/Cage the Elephant/05 - Lotus.flac
FSCK2993.REC	flac;cover=cover.jpg	Music/Recovered/Cage The Elephant/Cage the Elephant/06 - Back Against The Wall.flac
FSCK2994.REC	flac;cover=cover.jpg	Music/Recovered/Cage The Elephant/Cage the Elephant/07 - Drones In The Valley.flac
FSCK2995.REC	flac;cover=cover.jpg	Music/Recovered/Cage The Elephant/Cage the Elephant/08 - Judas.flac
FSCK2996.REC	flac;cover=cover.jpg	Music/Recovered/Cage The Elephant/Cage the Elephant/09 - Back Stabbin' Betty.flac
FSCK2997.REC	flac;cover=cover.jpg	Music/Recovered/Cage The Elephant/Cage the Elephant/10 - Soil To The Sun.flac
FSCK2998.REC	flac;cover=cover.jpg	Music/Recovered/Cage The Elephant/Cage the Elephant/11 - Free Love.flac
FSCK2999.REC	flac;cover=cover.jpg	Music/Recovered/Cage The Elephant/Cage the Elephant/12 - Cover Me Again.flac
FSCK3014.REC	flac;cover=cover.jpg	Music/Recovered/Billy Talent/Billy Talent/01 - This Is How It Goes.flac
FSCK3015.REC	flac;cover=cover.jpg	Music/Recovered/Billy Talent/Billy Talent/02 - Living in the Shadows.flac
FSCK3016.REC	flac;cover=cover.jpg	Music/Recovered/Billy Talent/Billy Talent/03 - Try Honesty.flac
FSCK3017.REC	flac;cover=cover.jpg	Music/Recovered/Billy Talent/Billy Talent/04 - Line and Sinker.flac
FSCK3018.REC	flac;cover=cover.jpg	Music/Recovered/Billy Talent/Billy Talent/05 - Lies.flac
FSCK3019.REC	flac;cover=cover.jpg	Music/Recovered/Billy Talent/Billy Talent/06 - The Ex.flac
FSCK3020.REC	flac;cover=cover.jpg	Music/Recovered/Billy Talent/Billy Talent/07 - River Below.flac
FSCK3021.REC	flac;cover=cover.jpg	Music/Recovered/Billy Talent/Billy Talent/08 - Standing in the Rain.flac
FSCK3022.REC	flac;cover=cover.jpg	Music/Recovered/Billy Talent/Billy Talent/09 - Cut the Curtains.flac
FSCK3023.REC	flac;cover=cover.jpg	Music/Recovered/Billy Talent/Billy Talent/10 - Prisoners of Today.flac
FSCK3024.REC	flac;cover=cover.jpg	Music/Recovered/Billy Talent/Billy Talent/11 - Nothing to Lose.flac
FSCK3025.REC	flac;cover=cover.jpg	Music/Recovered/Billy Talent/Billy Talent/12 - Voices of Violence.flac
FSCK3039.REC	flac;cover=cover.jpg	Music/Recovered/Shinedown/Amaryllis/04 - Unity.flac
FSCK3040.REC	flac;cover=cover.jpg	Music/Recovered/Shinedown/Amaryllis/06 - I'm Not Alright.flac
FSCK3041.REC	flac;cover=cover.jpg	Music/Recovered/Shinedown/Amaryllis/02 - Bully.flac
FSCK3042.REC	flac;cover=cover.jpg	Music/Recovered/Shinedown/Amaryllis/11 - My Name.flac
FSCK3044.REC	flac;cover=cover.jpg	Music/Recovered/Shinedown/Amaryllis/10 - For My Sake.flac
FSCK3045.REC	flac;cover=cover.jpg	Music/Recovered/Shinedown/Amaryllis/00 - Miracle.flac
FSCK3046.REC	flac;cover=cover.jpg	Music/Recovered/Shinedown/Amaryllis/03 - Amaryllis.flac
FSCK3047.REC	flac;cover=cover.jpg	Music/Recovered/Shinedown/Amaryllis/12 - Through The Ghost.flac
FSCK3048.REC	flac;cover=cover.jpg	Music/Recovered/Shinedown/Amaryllis/07 - Nowhere Kids.flac
FSCK3049.REC	flac;cover=cover.jpg	Music/Recovered/Shinedown/Amaryllis/05 - Enemies.flac
FSCK3050.REC	flac;cover=cover.jpg	Music/Recovered/Shinedown/Amaryllis/00 - I'll Follow You.flac
FSCK3063.REC	flac;cover=cover.jpg	Music/Recovered/Shinedown/Amaryllis/01 - Adrenaline.flac
FSCK3064.REC	flac;cover=cover.jpg	Music/Recovered/Tame Impala/Lonerism/01 - 01 - Be Above It.flac
FSCK3065.REC	flac;cover=cover.jpg	Music/Recovered/Tame Impala/Lonerism/02 - 02 - Endors Toi.flac
FSCK3066.REC	flac;cover=cover.jpg	Music/Recovered/Tame Impala/Lonerism/03 - 03 - Apocalypse Dreams.flac
FSCK3067.REC	flac;cover=cover.jpg	Music/Recovered/Tame Impala/Lonerism/04 - 04 - Mind Mischief.flac
FSCK3068.REC	flac;cover=cover.jpg	Music/Recovered/Tame Impala/Lonerism/05 - 05 - Music To Walk Home By.flac
FSCK3069.REC	flac;cover=cover.jpg	Music/Recovered/Tame Impala/Lonerism/06 - 06 - Why Won't They Talk To Me.flac
FSCK3070.REC	flac;cover=cover.jpg	Music/Recovered/Tame Impala/Lonerism/07 - 07 - Feels Like We Only Go Backwards.flac
FSCK3071.REC	flac;cover=cover.jpg	Music/Recovered/Tame Impala/Lonerism/08 - 08 - Keep On Lying.flac
FSCK3072.REC	flac;cover=cover.jpg	Music/Recovered/Tame Impala/Lonerism/09 - 09 - Elephant.flac
FSCK3073.REC	flac;cover=cover.jpg	Music/Recovered/Tame Impala/Lonerism/11 - 11 - Nothing That Has Happened So Far Has Been Anything We Could Control.flac
FSCK3074.REC	flac;cover=cover.jpg	Music/Recovered/Tame Impala/Lonerism/12 - 12 - Sun's Coming Up.flac
FSCK3087.REC	flac;cover=cover.jpg	Music/Recovered/Tame Impala/Lonerism/10 - 10 - She Just Won't Believe Me.flac
FSCK3138.REC	flac;cover=cover.jpg	Music/Recovered/Emma Blackery/Villains/10 - Burn The Witch.flac
FSCK3139.REC	flac;cover=cover.jpg	Music/Recovered/Emma Blackery/Villains/06 - Take Me Out.flac
FSCK3140.REC	flac;cover=cover.jpg	Music/Recovered/Emma Blackery/Villains/11 - Villains, Pt. 2.flac
FSCK3141.REC	flac;cover=cover.jpg	Music/Recovered/Emma Blackery/Villains/08 - Third Eye.flac
FSCK3142.REC	flac;cover=cover.jpg	Music/Recovered/Emma Blackery/Villains/04 - Fake Friends.flac
FSCK3143.REC	flac;cover=cover.jpg	Music/Recovered/Emma Blackery/Villains/09 - What I Felt With You.flac
FSCK3144.REC	flac;cover=cover.jpg	Music/Recovered/Emma Blackery/Villains/05 - Icarus.flac
FSCK3146.REC	flac;cover=cover.jpg	Music/Recovered/Emma Blackery/Villains/07 - Petty.flac
FSCK3147.REC	flac;cover=cover.jpg	Music/Recovered/Emma Blackery/Villains/01 - Villains, Pt. 1.flac
FSCK3148.REC	flac;cover=cover.jpg	Music/Recovered/Emma Blackery/Villains/02 - Dirt.flac
FSCK3149.REC	flac;cover=cover.jpg	Music/Recovered/Emma Blackery/Villains/03 - Agenda.flac
FSCK3161.REC	flac;cover=cover.jpg	Music/Recovered/Shinedown/Threat to Survival/08 - Dangerous.flac
FSCK3162.REC	flac;cover=cover.jpg	Music/Recovered/Shinedown/Threat to Survival/03 - State Of My Head.flac
FSCK3163.REC	flac;cover=cover.jpg	Music/Recovered/Shinedown/Threat to Survival/01 - Asking For It.flac
FSCK3164.REC	flac;cover=cover.jpg	Music/Recovered/Shinedown/Threat to Survival/07 - Oblivion.flac
FSCK3165.REC	flac;cover=cover.jpg	Music/Recovered/Shinedown/Threat to Survival/11 - Misfits.flac
FSCK3166.REC	flac;cover=cover.jpg	Music/Recovered/Shinedown/Threat to Survival/05 - How Did You Love.flac
FSCK3167.REC	flac;cover=cover.jpg	Music/Recovered/Shinedown/Threat to Survival/10 - Black Cadillac.flac
FSCK3169.REC	flac;cover=cover.jpg	Music/Recovered/Shinedown/Threat to Survival/06 - It All Adds Up.flac
FSCK3170.REC	flac;cover=cover.jpg	Music/Recovered/Shinedown/Threat to Survival/04 - Outcast.flac
FSCK3171.REC	flac;cover=cover.jpg	Music/Recovered/Shinedown/Threat to Survival/09 - Thick As Thieves.flac
FSCK3172.REC	flac;cover=cover.jpg	Music/Recovered/Shinedown/Threat to Survival/02 - Cut The Cord.flac
FSCK3184.REC	flac;cover=cover.jpg	Music/Recovered/Shinedown/The Sound of Madness/01 - Devour.flac
FSCK3185.REC	flac;cover=cover.jpg	Music/Recovered/Shinedown/The Sound of Madness/09 - Cyanide Sweet Tooth Suicide.flac
FSCK3186.REC	flac;cover=cover.jpg	Music/Recovered/Shinedown/The Sound of Madness/07 - Sin With A Grin.flac
FSCK3188.REC	flac;cover=cover.jpg	Music/Recovered/Shinedown/The Sound of Madness/03 - Second Chance.flac
FSCK3189.REC	flac;cover=cover.jpg	Music/Recovered/Shinedown/The Sound of Madness/05 - The Crow & The Butterfly.flac
FSCK3190.REC	flac;cover=cover.jpg	Music/Recovered/Shinedown/The Sound of Madness/11 - Call Me.flac
FSCK3191.REC	flac;cover=cover.jpg	Music/Recovered/Shinedown/The Sound of Madness/08 - What A Shame.flac
FSCK3192.REC	flac;cover=cover.jpg	Music/Recovered/Shinedown/The Sound of Madness/06 - If You Only Knew.flac
FSCK3193.REC	flac;cover=cover.jpg	Music/Recovered/Shinedown/The Sound of Madness/10 - Breaking Inside.flac
FSCK3194.REC	flac;cover=cover.jpg	Music/Recovered/Shinedown/The Sound of Madness/02 - Sound Of Madness.flac
FSCK3195.REC	flac;cover=cover.jpg	Music/Recovered/Shinedown/The Sound of Madness/04 - Cry For Help.flac
FSCK3207.REC	flac;cover=cover.jpg	Music/Recovered/AJR/The Maybe Man/09 - I Won't.flac
FSCK3208.REC	flac;cover=cover.jpg	Music/Recovered/AJR/The Maybe Man/10 - Steve’s Going to London.flac
FSCK3209.REC	flac;cover=cover.jpg	Music/Recovered/AJR/The Maybe Man/11 - God is Really Real.flac
FSCK3210.REC	flac;cover=cover.jpg	Music/Recovered/AJR/The Maybe Man/12 - 2085.flac
FSCK3212.REC	flac;cover=cover.jpg	Music/Recovered/AJR/The Maybe Man/01 - Maybe Man.flac
FSCK3214.REC	flac;cover=cover.jpg	Music/Recovered/AJR/The Maybe Man/02 - Touchy Feely Fool.flac
FSCK3216.REC	flac;cover=cover.jpg	Music/Recovered/AJR/The Maybe Man/03 - Yes I'm A Mess.flac
FSCK3218.REC	flac;cover=cover.jpg	Music/Recovered/AJR/The Maybe Man/04 - The Dumb Song.flac
FSCK3220.REC	flac;cover=cover.jpg	Music/Recovered/AJR/The Maybe Man/05 - Inertia.flac
FSCK3222.REC	flac;cover=cover.jpg	Music/Recovered/AJR/The Maybe Man/06 - Turning Out Pt. iii.flac
FSCK3223.REC	flac;cover=cover.jpg	Music/Recovered/AJR/The Maybe Man/07 - Hole in the Bottom of My Brain.flac
FSCK3225.REC	flac;cover=cover.jpg	Music/Recovered/AJR/The Maybe Man/08 - The DJ is Crying for Help.flac
FSCK3229.REC	flac;cover=cover.jpg	Music/Recovered/Pink Floyd/The Division Bell/01 - Cluster One.flac
FSCK3230.REC	flac;cover=cover.jpg	Music/Recovered/Pink Floyd/The Division Bell/02 - What Do You Want From Me.flac
FSCK3231.REC	flac;cover=cover.jpg	Music/Recovered/Pink Floyd/The Division Bell/03 - Poles Apart.flac
FSCK3232.REC	flac;cover=cover.jpg	Music/Recovered/Pink Floyd/The Division Bell/04 - Marooned.flac
FSCK3233.REC	flac;cover=cover.jpg	Music/Recovered/Pink Floyd/The Division Bell/05 - A Great Day For Freedom.flac
FSCK3234.REC	flac;cover=cover.jpg	Music/Recovered/Pink Floyd/The Division Bell/06 - Wearing The Inside Out.flac
FSCK3235.REC	flac;cover=cover.jpg	Music/Recovered/Pink Floyd/The Division Bell/07 - Take It Back.flac
FSCK3236.REC	flac;cover=cover.jpg	Music/Recovered/Pink Floyd/The Division Bell/08 - Coming Back To Life.flac
FSCK3237.REC	flac;cover=cover.jpg	Music/Recovered/Pink Floyd/The Division Bell/09 - Keep Talking.flac
FSCK3238.REC	flac;cover=cover.jpg	Music/Recovered/Pink Floyd/The Division Bell/10 - Lost For Words.flac
FSCK3239.REC	flac;cover=cover.jpg	Music/Recovered/Pink Floyd/The Division Bell/11 - High Hopes.flac
FSCK3252.REC	flac;cover=cover.jpg	Music/Recovered/Icon For Hire/Scripted/01 - Overture.flac
FSCK3253.REC	flac;cover=cover.jpg	Music/Recovered/Icon For Hire/Scripted/02 - Theatre.flac
FSCK3254.REC	flac;cover=cover.jpg	Music/Recovered/Icon For Hire/Scripted/03 - Make A Move.flac
FSCK3255.REC	flac;cover=cover.jpg	Music/Recovered/Icon For Hire/Scripted/04 - Get Well.flac
FSCK3256.REC	flac;cover=cover.jpg	Music/Recovered/Icon For Hire/Scripted/05 - The Grey.flac
FSCK3257.REC	flac;cover=cover.jpg	Music/Recovered/Icon For Hire/Scripted/06 - Off With Her Head.flac
FSCK3258.REC	flac;cover=cover.jpg	Music/Recovered/Icon For Hire/Scripted/07 - Fight.flac
FSCK3259.REC	flac;cover=cover.jpg	Music/Recovered/Icon For Hire/Scripted/08 - Up In Flames.flac
FSCK3260.REC	flac;cover=cover.jpg	Music/Recovered/Icon For Hire/Scripted/09 - Iodine.flac
FSCK3261.REC	flac;cover=cover.jpg	Music/Recovered/Icon For Hire/Scripted/10 - Only A Memory.flac
FSCK3262.REC	flac;cover=cover.jpg	Music/Recovered/Icon For Hire/Scripted/11 - Pieces.flac
FSCK3275.REC	flac;cover=cover.jpg	Music/Recovered/The Beatles/Magical Mystery Tour/07 - Hello, Goodbye.flac
FSCK3276.REC	flac;cover=cover.jpg	Music/Recovered/The Beatles/Magical Mystery Tour/05 - Your Mother Should Know.flac
FSCK3277.REC	flac;cover=cover.jpg	Music/Recovered/The Beatles/Magical Mystery Tour/06 - I Am The Walrus.flac
FSCK3278.REC	flac;cover=cover.jpg	Music/Recovered/The Beatles/Magical Mystery Tour/02 - The Fool On The Hill.flac
FSCK3280.REC	flac;cover=cover.jpg	Music/Recovered/The Beatles/Magical Mystery Tour/01 - Magical Mystery Tour.flac
FSCK3281.REC	flac;cover=cover.jpg	Music/Recovered/The Beatles/Magical Mystery Tour/11 - All You Need Is Love.flac
FSCK3282.REC	flac;cover=cover.jpg	Music/Recovered/The Beatles/Magical Mystery Tour/10 - Baby, You're A Rich Man.flac
FSCK3283.REC	flac;cover=cover.jpg	Music/Recovered/The Beatles/Magical Mystery Tour/09 - Penny Lane.flac
FSCK3284.REC	flac;cover=cover.jpg	Music/Recovered/The Beatles/Magical Mystery Tour/08 - Strawberry Fields Forever.flac
FSCK3285.REC	flac;cover=cover.jpg	Music/Recovered/The Beatles/Magical Mystery Tour/03 - Flying.flac
FSCK3297.REC	flac;cover=cover.jpg	Music/Recovered/The Beatles/Magical Mystery Tour/04 - Blue Jay Way.flac
FSCK3298.REC	flac;cover=cover.jpg	Music/Recovered/Osrsbeatz/Lofi Mix/06 - Still Night.flac
FSCK3299.REC	flac;cover=cover.jpg	Music/Recovered/Osrsbeatz/Lofi Mix/07 - Sea Shanty 2.flac
FSCK3300.REC	flac;cover=cover.jpg	Music/Recovered/Osrsbeatz/Lofi Mix/02 - Newbie Melody.flac
FSCK3301.REC	flac;cover=cover.jpg	Music/Recovered/Osrsbeatz/Lofi Mix/05 - Autumn Voyage.flac
FSCK3302.REC	flac;cover=cover.jpg	Music/Recovered/Osrsbeatz/Lofi Mix/09 - Forever.flac
FSCK3303.REC	flac;cover=cover.jpg	Music/Recovered/Osrsbeatz/Lofi Mix/03 - Harmony.flac
FSCK3304.REC	flac;cover=cover.jpg	Music/Recovered/Osrsbeatz/Lofi Mix/01 - Scape Main.flac
FSCK3306.REC	flac;cover=cover.jpg	Music/Recovered/Osrsbeatz/Lofi Mix/04 - Book Of Spells.flac
FSCK3307.REC	flac;cover=cover.jpg	Music/Recovered/Osrsbeatz/Lofi Mix/10 - Spirit.flac
FSCK3308.REC	flac;cover=cover.jpg	Music/Recovered/Osrsbeatz/Lofi Mix/11 - Home Sweet Home.flac
FSCK3309.REC	flac;cover=cover.jpg	Music/Recovered/Osrsbeatz/Lofi Mix/08 - Fanfare.flac
FSCK3321.REC	flac;cover=cover.jpg	Music/Recovered/The Pretty Reckless/Light Me Up/10 - You.flac
FSCK3322.REC	flac;cover=cover.jpg	Music/Recovered/The Pretty Reckless/Light Me Up/03 - Make Me Wanna Die.flac
FSCK3323.REC	flac;cover=cover.jpg	Music/Recovered/The Pretty Reckless/Light Me Up/11 - Factory Girl.flac
FSCK3324.REC	flac;cover=cover.jpg	Music/Recovered/The Pretty Reckless/Light Me Up/01 - My Medicine.flac
FSCK3325.REC	flac;cover=cover.jpg	Music/Recovered/The Pretty Reckless/Light Me Up/04 - Light Me Up.flac
FSCK3326.REC	flac;cover=cover.jpg	Music/Recovered/The Pretty Reckless/Light Me Up/02 - Since You're Gone.flac
FSCK3327.REC	flac;cover=cover.jpg	Music/Recovered/The Pretty Reckless/Light Me Up/06 - Just Tonight.flac
FSCK3328.REC	flac;cover=cover.jpg	Music/Recovered/The Pretty Reckless/Light Me Up/09 - Nothing Left To Lose.flac
FSCK3330.REC	flac;cover=cover.jpg	Music/Recovered/The Pretty Reckless/Light Me Up/07 - Miss Nothing.flac
FSCK3331.REC	flac;cover=cover.jpg	Music/Recovered/The Pretty Reckless/Light Me Up/05 - Zombie.flac
FSCK3332.REC	flac;cover=cover.jpg	Music/Recovered/The Pretty Reckless/Light Me Up/08 - Goin' Down.flac
FSCK3344.REC	flac;cover=cover.jpg	Music/Recovered/Linkin Park/From Zero/06 - Casualty.flac
FSCK3345.REC	flac;cover=cover.jpg	Music/Recovered/Linkin Park/From Zero/07 - Overflow.flac
FSCK3346.REC	flac;cover=cover.jpg	Music/Recovered/Linkin Park/From Zero/10 - Igyeih.flac
FSCK3347.REC	flac;cover=cover.jpg	Music/Recovered/Linkin Park/From Zero/09 - Stained.flac
FSCK3348.REC	flac;cover=cover.jpg	Music/Recovered/Linkin Park/From Zero/02 - The Emptiness Machine.flac
FSCK3349.REC	flac;cover=cover.jpg	Music/Recovered/Linkin Park/From Zero/08 - Two Faced.flac
FSCK3350.REC	flac;cover=cover.jpg	Music/Recovered/Linkin Park/From Zero/04 - Heavy Is The Crown.flac
FSCK3351.REC	flac;cover=cover.jpg	Music/Recovered/Linkin Park/From Zero/01 - From Zero.flac
FSCK3352.REC	flac;cover=cover.jpg	Music/Recovered/Linkin Park/From Zero/05 - Over Each Other.flac
FSCK3353.REC	flac;cover=cover.jpg	Music/Recovered/Linkin Park/From Zero/11 - Good Things Go.flac
FSCK3355.REC	flac;cover=cover.jpg	Music/Recovered/Linkin Park/From Zero/03 - Cut The Bridge.flac
FSCK3367.REC	flac;cover=cover.jpg	Music/Recovered/Foo Fighters/Concrete and Gold/01 - T-Shirt.flac
FSCK3368.REC	flac;cover=cover.jpg	Music/Recovered/Foo Fighters/Concrete and Gold/02 - Run.flac
FSCK3369.REC	flac;cover=cover.jpg	Music/Recovered/Foo Fighters/Concrete and Gold/03 - Make It Right.flac
FSCK3370.REC	flac;cover=cover.jpg	Music/Recovered/Foo Fighters/Concrete and Gold/04 - The Sky Is A Neighborhood.flac
FSCK3371.REC	flac;cover=cover.jpg	Music/Recovered/Foo Fighters/Concrete and Gold/05 - La Dee Da.flac
FSCK3372.REC	flac;cover=cover.jpg	Music/Recovered/Foo Fighters/Concrete and Gold/06 - Dirty Water.flac
FSCK3373.REC	flac;cover=cover.jpg	Music/Recovered/Foo Fighters/Concrete and Gold/07 - Arrows.flac
FSCK3374.REC	flac;cover=cover.jpg	Music/Recovered/Foo Fighters/Concrete and Gold/08 - Happy Ever After.flac
FSCK3375.REC	flac;cover=cover.jpg	Music/Recovered/Foo Fighters/Concrete and Gold/09 - Sunday Rain.flac
FSCK3376.REC	flac;cover=cover.jpg	Music/Recovered/Foo Fighters/Concrete and Gold/10 - The Line.flac
FSCK3377.REC	flac;cover=cover.jpg	Music/Recovered/Foo Fighters/Concrete and Gold/11 - Concrete And Gold.flac
FSCK3390.REC	flac;cover=cover.jpg	Music/Recovered/Halestorm/Back From the Dead/01 - Back From The Dead.flac
FSCK3391.REC	flac;cover=cover.jpg	Music/Recovered/Halestorm/Back From the Dead/02 - Wicked Ways.flac
FSCK3392.REC	flac;cover=cover.jpg	Music/Recovered/Halestorm/Back From the Dead/03 - Strange Girl.flac
FSCK3393.REC	flac;cover=cover.jpg	Music/Recovered/Halestorm/Back From the Dead/04 - Brightside.flac
FSCK3394.REC	flac;cover=cover.jpg	Music/Recovered/Halestorm/Back From the Dead/05 - The Steeple.flac
FSCK3395.REC	flac;cover=cover.jpg	Music/Recovered/Halestorm/Back From the Dead/06 - Terrible Things.flac
FSCK3396.REC	flac;cover=cover.jpg	Music/Recovered/Halestorm/Back From the Dead/07 - My Redemption.flac
FSCK3397.REC	flac;cover=cover.jpg	Music/Recovered/Halestorm/Back From the Dead/08 - Bombshell.flac
FSCK3398.REC	flac;cover=cover.jpg	Music/Recovered/Halestorm/Back From the Dead/09 - I Come First.flac
FSCK3399.REC	flac;cover=cover.jpg	Music/Recovered/Halestorm/Back From the Dead/10 - Psycho Crazy.flac
FSCK3400.REC	flac;cover=cover.jpg	Music/Recovered/Halestorm/Back From the Dead/11 - Raise Your Horns.flac
FSCK3413.REC	flac;cover=cover.jpg	Music/Recovered/Pink Floyd/A Momentary Lapse of Reason/07 - Round And Around.flac
FSCK3414.REC	flac;cover=cover.jpg	Music/Recovered/Pink Floyd/A Momentary Lapse of Reason/00 - Terminal Frost.flac
FSCK3415.REC	flac;cover=cover.jpg	Music/Recovered/Pink Floyd/A Momentary Lapse of Reason/10 - A New Machine, Pt. 2.flac
FSCK3416.REC	flac;cover=cover.jpg	Music/Recovered/Pink Floyd/A Momentary Lapse of Reason/11 - Sorrow.flac
FSCK3417.REC	flac;cover=cover.jpg	Music/Recovered/Pink Floyd/A Momentary Lapse of Reason/01 - Signs Of Life.flac
FSCK3419.REC	flac;cover=cover.jpg	Music/Recovered/Pink Floyd/A Momentary Lapse of Reason/03 - The Dogs Of War.flac
FSCK3420.REC	flac;cover=cover.jpg	Music/Recovered/Pink Floyd/A Momentary Lapse of Reason/00 - A New Machine, Pt. 1.flac
FSCK3421.REC	flac;cover=cover.jpg	Music/Recovered/Pink Floyd/A Momentary Lapse of Reason/05 - On The Turning Away.flac
FSCK3422.REC	flac;cover=cover.jpg	Music/Recovered/Pink Floyd/A Momentary Lapse of Reason/02 - Learning To Fly.flac
FSCK3423.REC	flac;cover=cover.jpg	Music/Recovered/Pink Floyd/A Momentary Lapse of Reason/04 - One Slip.flac
FSCK3435.REC	flac;cover=cover.jpg	Music/Recovered/Pink Floyd/A Momentary Lapse of Reason/06 - Yet Another Movie.flac
FSCK3459.REC	flac;cover=cover.jpg	Music/Recovered/Fleetwood Mac/Rumours/01 - Second Hand News.flac
FSCK3460.REC	flac;cover=cover.jpg	Music/Recovered/Fleetwood Mac/Rumours/02 - Dreams.flac
FSCK3461.REC	flac;cover=cover.jpg	Music/Recovered/Fleetwood Mac/Rumours/03 - Never Going Back Again.flac
FSCK3462.REC	flac;cover=cover.jpg	Music/Recovered/Fleetwood Mac/Rumours/04 - Don't Stop.flac
FSCK3463.REC	flac;cover=cover.jpg	Music/Recovered/Fleetwood Mac/Rumours/05 - Go Your Own Way.flac
FSCK3464.REC	flac;cover=cover.jpg	Music/Recovered/Fleetwood Mac/Rumours/06 - Songbird.flac
FSCK3465.REC	flac;cover=cover.jpg	Music/Recovered/Fleetwood Mac/Rumours/07 - The Chain.flac
FSCK3466.REC	flac;cover=cover.jpg	Music/Recovered/Fleetwood Mac/Rumours/10 - Oh Daddy.flac
FSCK3467.REC	flac;cover=cover.jpg	Music/Recovered/Fleetwood Mac/Rumours/08 - You Make Loving Fun.flac
FSCK3468.REC	flac;cover=cover.jpg	Music/Recovered/Fleetwood Mac/Rumours/09 - I Don't Want To Know.flac
FSCK3469.REC	flac;cover=cover.jpg	Music/Recovered/Fleetwood Mac/Rumours/11 - Gold Dust Woman.flac
FSCK3481.REC	flac;cover=cover.jpg	Music/Recovered/The Moody Blues/Every Good Boy Deserves Favour/08 - You Can Never Go Home.flac
FSCK3482.REC	flac;cover=cover.jpg	Music/Recovered/The Moody Blues/Every Good Boy Deserves Favour/01 - Procession.flac
FSCK3483.REC	flac;cover=cover.jpg	Music/Recovered/The Moody Blues/Every Good Boy Deserves Favour/06 - One More Time To Live.flac
FSCK3484.REC	flac;cover=cover.jpg	Music/Recovered/The Moody Blues/Every Good Boy Deserves Favour/04 - Emily's Song.flac
FSCK3485.REC	flac;cover=cover.jpg	Music/Recovered/The Moody Blues/Every Good Boy Deserves Favour/07 - Nice To Be Here.flac
FSCK3486.REC	flac;cover=cover.jpg	Music/Recovered/The Moody Blues/Every Good Boy Deserves Favour/11 - The Dreamer.flac
FSCK3487.REC	flac;cover=cover.jpg	Music/Recovered/The Moody Blues/Every Good Boy Deserves Favour/10 - The Story In Your Eyes.flac
FSCK3488.REC	flac;cover=cover.jpg	Music/Recovered/The Moody Blues/Every Good Boy Deserves Favour/05 - After You Came.flac
FSCK3489.REC	flac;cover=cover.jpg	Music/Recovered/The Moody Blues/Every Good Boy Deserves Favour/02 - The Story In Your Eyes.flac
FSCK3490.REC	flac;cover=cover.jpg	Music/Recovered/The Moody Blues/Every Good Boy Deserves Favour/03 - Our Guessing Game.flac
FSCK3491.REC	flac;cover=cover.jpg	Music/Recovered/The Moody Blues/Every Good Boy Deserves Favour/09 - My Song.flac
FSCK3549.REC	flac;cover=cover.jpg	Music/Recovered/The Traveling Wilburys/The Traveling Wilburys, Vol. 1/06 - Congratulations.flac
FSCK3550.REC	flac;cover=cover.jpg	Music/Recovered/The Traveling Wilburys/The Traveling Wilburys, Vol. 1/09 - Tweeter And The Monkey Man.flac
FSCK3551.REC	flac;cover=cover.jpg	Music/Recovered/The Traveling Wilburys/The Traveling Wilburys, Vol. 1/01 - Handle With Care.flac
FSCK3552.REC	flac;cover=cover.jpg	Music/Recovered/The Traveling Wilburys/The Traveling Wilburys, Vol. 1/02 - Dirty World.flac
FSCK3553.REC	flac;cover=cover.jpg	Music/Recovered/The Traveling Wilburys/The Traveling Wilburys, Vol. 1/10 - End Of The Line.flac
FSCK3554.REC	flac;cover=cover.jpg	Music/Recovered/The Traveling Wilburys/The Traveling Wilburys, Vol. 1/03 - Rattled.flac
FSCK3555.REC	flac;cover=cover.jpg	Music/Recovered/The Traveling Wilburys/The Traveling Wilburys, Vol. 1/07 - Heading For The Light.flac
FSCK3557.REC	flac;cover=cover.jpg	Music/Recovered/The Traveling Wilburys/The Traveling Wilburys, Vol. 1/05 - Not Alone Any More.flac
FSCK3558.REC	flac;cover=cover.jpg	Music/Recovered/The Traveling Wilburys/The Traveling Wilburys, Vol. 1/04 - Last Night.flac
FSCK3559.REC	flac;cover=cover.jpg	Music/Recovered/The Traveling Wilburys/The Traveling Wilburys, Vol. 1/08 - Margarita.flac
FSCK3570.REC	flac;cover=cover.jpg	Music/Recovered/Creedence Clearwater Revival/Pendulum/01 - Pagan Baby.flac
FSCK3571.REC	flac;cover=cover.jpg	Music/Recovered/Creedence Clearwater Revival/Pendulum/02 - Sailor's Lament.flac
FSCK3572.REC	flac;cover=cover.jpg	Music/Recovered/Creedence Clearwater Revival/Pendulum/03 - Chameleon.flac
FSCK3573.REC	flac;cover=cover.jpg	Music/Recovered/Creedence Clearwater Revival/Pendulum/04 - Have You Ever Seen The Rain.flac
FSCK3574.REC	flac;cover=cover.jpg	Music/Recovered/Creedence Clearwater Revival/Pendulum/05 - (Wish I Could) Hideaway.flac
FSCK3575.REC	flac;cover=cover.jpg	Music/Recovered/Creedence Clearwater Revival/Pendulum/06 - Born To Move.flac
FSCK3576.REC	flac;cover=cover.jpg	Music/Recovered/Creedence Clearwater Revival/Pendulum/07 - Hey Tonight.flac
FSCK3577.REC	flac;cover=cover.jpg	Music/Recovered/Creedence Clearwater Revival/Pendulum/08 - It's Just A Thought.flac
FSCK3578.REC	flac;cover=cover.jpg	Music/Recovered/Creedence Clearwater Revival/Pendulum/09 - Molina.flac
FSCK3579.REC	flac;cover=cover.jpg	Music/Recovered/Creedence Clearwater Revival/Pendulum/10 - Rude Awakening #2.flac
FSCK3613.REC	flac;cover=cover.jpg	Music/Recovered/Purrple Cat/Multiverse/10 - Ufo.flac
FSCK3614.REC	flac;cover=cover.jpg	Music/Recovered/Purrple Cat/Multiverse/09 - Cosmic Echoes.flac
FSCK3615.REC	flac;cover=cover.jpg	Music/Recovered/Purrple Cat/Multiverse/05 - Rift In Time.flac
FSCK3616.REC	flac;cover=cover.jpg	Music/Recovered/Purrple Cat/Multiverse/01 - Starseed.flac
FSCK3618.REC	flac;cover=cover.jpg	Music/Recovered/Purrple Cat/Multiverse/08 - Planetary Alignment.flac
FSCK3619.REC	flac;cover=cover.jpg	Music/Recovered/Purrple Cat/Multiverse/03 - Otherworldly.flac
FSCK3620.REC	flac;cover=cover.jpg	Music/Recovered/Purrple Cat/Multiverse/07 - Exhale.flac
FSCK3621.REC	flac;cover=cover.jpg	Music/Recovered/Purrple Cat/Multiverse/06 - Stasis.flac
FSCK3622.REC	flac;cover=cover.jpg	Music/Recovered/Purrple Cat/Multiverse/02 - Creation.flac
FSCK3623.REC	flac;cover=cover.jpg	Music/Recovered/Purrple Cat/Multiverse/04 - Fourth Dimension.flac
FSCK3634.REC	flac;cover=cover.jpg	Music/Recovered/Cage The Elephant/Melophobia/04 - It's Just Forever.flac
FSCK3636.REC	flac;cover=cover.jpg	Music/Recovered/Cage The Elephant/Melophobia/02 - Come A Little Closer.flac
FSCK3637.REC	flac;cover=cover.jpg	Music/Recovered/Cage The Elephant/Melophobia/08 - Hypocrite.flac
FSCK3638.REC	flac;cover=cover.jpg	Music/Recovered/Cage The Elephant/Melophobia/07 - Black Widow.flac
FSCK3639.REC	flac;cover=cover.jpg	Music/Recovered/Cage The Elephant/Melophobia/10 - Cigarette Daydreams.flac
FSCK3649.REC	flac;cover=cover.jpg	Music/Recovered/Cage The Elephant/Melophobia/05 - Take It Or Leave It.flac
FSCK3650.REC	flac;cover=cover.jpg	Music/Recovered/Cage The Elephant/Melophobia/03 - Telescope.flac
FSCK3651.REC	flac;cover=cover.jpg	Music/Recovered/Cage The Elephant/Melophobia/06 - Halo.flac
FSCK3652.REC	flac;cover=cover.jpg	Music/Recovered/Cage The Elephant/Melophobia/01 - Spiderhead.flac
FSCK3653.REC	flac;cover=cover.jpg	Music/Recovered/Cage The Elephant/Melophobia/09 - Teeth.flac
FSCK3654.REC	flac;cover=cover.jpg	Music/Recovered/Rev Theory/Light It Up/01 - Hell Yeah.flac
FSCK3655.REC	flac;cover=cover.jpg	Music/Recovered/Rev Theory/Light It Up/02 - Favorite Disease.flac
FSCK3656.REC	flac;cover=cover.jpg	Music/Recovered/Rev Theory/Light It Up/03 - Light It Up.flac
FSCK3657.REC	flac;cover=cover.jpg	Music/Recovered/Rev Theory/Light It Up/04 - Broken Bones.flac
FSCK3658.REC	flac;cover=cover.jpg	Music/Recovered/Rev Theory/Light It Up/05 - Kill The Headlights.flac
FSCK3659.REC	flac;cover=cover.jpg	Music/Recovered/Rev Theory/Light It Up/06 - Wanted Man.flac
FSCK3660.REC	flac;cover=cover.jpg	Music/Recovered/Rev Theory/Light It Up/07 - Ten Years.flac
FSCK3661.REC	flac;cover=cover.jpg	Music/Recovered/Rev Theory/Light It Up/08 - Falling Down.flac
FSCK3662.REC	flac;cover=cover.jpg	Music/Recovered/Rev Theory/Light It Up/09 - You're The One.flac
FSCK3663.REC	flac;cover=cover.jpg	Music/Recovered/Rev Theory/Light It Up/10 - Far From Over.flac
FSCK3675.REC	flac;cover=cover.jpg	Music/Recovered/Billie Eilish/Hit Me Hard and Soft/01 - Skinny.flac
FSCK3676.REC	flac;cover=cover.jpg	Music/Recovered/Billie Eilish/Hit Me Hard and Soft/02 - Lunch.flac
FSCK3677.REC	flac;cover=cover.jpg	Music/Recovered/Billie Eilish/Hit Me Hard and Soft/03 - Chihiro.flac
FSCK3678.REC	flac;cover=cover.jpg	Music/Recovered/Billie Eilish/Hit Me Hard and Soft/04 - Birds Of A Feather.flac
FSCK3679.REC	flac;cover=cover.jpg	Music/Recovered/Billie Eilish/Hit Me Hard and Soft/05 - Wildflower.flac
FSCK3680.REC	flac;cover=cover.jpg	Music/Recovered/Billie Eilish/Hit Me Hard and Soft/06 - The Greatest.flac
FSCK3681.REC	flac;cover=cover.jpg	Music/Recovered/Billie Eilish/Hit Me Hard and Soft/07 - L’Amour De Ma Vie.flac
FSCK3682.REC	flac;cover=cover.jpg	Music/Recovered/Billie Eilish/Hit Me Hard and Soft/08 - The Diner.flac
FSCK3683.REC	flac;cover=cover.jpg	Music/Recovered/Billie Eilish/Hit Me Hard and Soft/09 - Bittersuite.flac
FSCK3684.REC	flac;cover=cover.jpg	Music/Recovered/Billie Eilish/Hit Me Hard and Soft/10 - Blue.flac
FSCK3695.REC	flac;cover=cover.jpg	Music/Recovered/Purrple Cat/Distant Worlds Ii/08 - Dark Moon.flac
FSCK3696.REC	flac;cover=cover.jpg	Music/Recovered/Purrple Cat/Distant Worlds Ii/06 - Space Rain.flac
FSCK3697.REC	flac;cover=cover.jpg	Music/Recovered/Purrple Cat/Distant Worlds Ii/04 - Better Days.flac
FSCK3699.REC	flac;cover=cover.jpg	Music/Recovered/Purrple Cat/Distant Worlds Ii/07 - Through The Wormhole.flac
FSCK3700.REC	flac;cover=cover.jpg	Music/Recovered/Purrple Cat/Distant Worlds Ii/10 - Edge Of The Universe.flac
FSCK3701.REC	flac;cover=cover.jpg	Music/Recovered/Purrple Cat/Distant Worlds Ii/01 - Alienated.flac
FSCK3702.REC	flac;cover=cover.jpg	Music/Recovered/Purrple Cat/Distant Worlds Ii/03 - Muse.flac
FSCK3703.REC	flac;cover=cover.jpg	Music/Recovered/Purrple Cat/Distant Worlds Ii/05 - Secrets.flac
FSCK3704.REC	flac;cover=cover.jpg	Music/Recovered/Purrple Cat/Distant Worlds Ii/09 - Yesteryear.flac
FSCK3705.REC	flac;cover=cover.jpg	Music/Recovered/Purrple Cat/Distant Worlds Ii/02 - Light Years Apart.flac
FSCK3779.REC	flac;cover=cover.jpg	Music/Recovered/Eagles/Hotel California/06 - Victim Of Love.flac
FSCK3780.REC	flac;cover=cover.jpg	Music/Recovered/Eagles/Hotel California/03 - Life In The Fast Lane.flac
FSCK3781.REC	flac;cover=cover.jpg	Music/Recovered/Eagles/Hotel California/04 - Wasted Time.flac
FSCK3783.REC	flac;cover=cover.jpg	Music/Recovered/Eagles/Hotel California/01 - Hotel California.flac
FSCK3784.REC	flac;cover=cover.jpg	Music/Recovered/Eagles/Hotel California/08 - Try And Love Again.flac
FSCK3785.REC	flac;cover=cover.jpg	Music/Recovered/Eagles/Hotel California/05 - Wasted Time.flac
FSCK3786.REC	flac;cover=cover.jpg	Music/Recovered/Eagles/Hotel California/09 - The Last Resort.flac
FSCK3787.REC	flac;cover=cover.jpg	Music/Recovered/Eagles/Hotel California/07 - Pretty Maids All In A Row.flac
FSCK3788.REC	flac;cover=cover.jpg	Music/Recovered/Eagles/Hotel California/02 - New Kid In Town.flac
FSCK3798.REC	flac;cover=cover.jpg	Music/Recovered/Paul Mccartney; Wings/Band on the Run/02 - Jet.flac
FSCK3799.REC	flac;cover=cover.jpg	Music/Recovered/Paul Mccartney; Wings/Band on the Run/07 - No Words.flac
FSCK3800.REC	flac;cover=cover.jpg	Music/Recovered/Paul Mccartney; Wings/Band on the Run/00 - Picasso’S Last Words.flac
FSCK3801.REC	flac;cover=cover.jpg	Music/Recovered/Paul Mccartney; Wings/Band on the Run/01 - Band On The Run.flac
FSCK3802.REC	flac;cover=cover.jpg	Music/Recovered/Paul Mccartney; Wings/Band on the Run/03 - Bluebird.flac
FSCK3804.REC	flac;cover=cover.jpg	Music/Recovered/Paul Mccartney; Wings/Band on the Run/04 - Mrs. Vandebilt.flac
FSCK3805.REC	flac;cover=cover.jpg	Music/Recovered/Paul Mccartney; Wings/Band on the Run/05 - Let Me Roll It.flac
FSCK3806.REC	flac;cover=cover.jpg	Music/Recovered/Paul Mccartney; Wings/Band on the Run/06 - Mamunia.flac
FSCK3807.REC	flac;cover=cover.jpg	Music/Recovered/Paul Mccartney; Wings/Band on the Run/00 - Nineteen Hundred And Eighty Five.flac
FSCK3817.REC	flac;cover=cover.jpg	Music/Recovered/Green Day/American Idiot/02 - Jesus Of Suburbia.flac
FSCK3818.REC	flac;cover=cover.jpg	Music/Recovered/Green Day/American Idiot/07 - Wake Me Up When September Ends.flac
FSCK3820.REC	flac;cover=cover.jpg	Music/Recovered/Green Day/American Idiot/00 - Homecoming.flac
FSCK3821.REC	flac;cover=cover.jpg	Music/Recovered/Green Day/American Idiot/01 - American Idiot.flac
FSCK3822.REC	flac;cover=cover.jpg	Music/Recovered/Green Day/American Idiot/00 - Whatsername.flac
FSCK3832.REC	flac;cover=cover.jpg	Music/Recovered/Green Day/American Idiot/04 - Are We The Waiting _ St. Jimmy.flac
FSCK3833.REC	flac;cover=cover.jpg	Music/Recovered/Green Day/American Idiot/03 - Holiday _ Boulevard Of Broken Dreams.flac
FSCK3834.REC	flac;cover=cover.jpg	Music/Recovered/Green Day/American Idiot/06 - Extraordinary Girl _ Letterbomb.flac
FSCK3835.REC	flac;cover=cover.jpg	Music/Recovered/Green Day/American Idiot/05 - Give Me Novacaine _ She's A Rebel.flac
FSCK3855.REC	flac;cover=cover.jpg	Music/Recovered/The Moody Blues/Seventh Sojourn/05 - You And Me.flac
FSCK3856.REC	flac;cover=cover.jpg	Music/Recovered/The Moody Blues/Seventh Sojourn/01 - Lost In A Lost World.flac
FSCK3857.REC	flac;cover=cover.jpg	Music/Recovered/The Moody Blues/Seventh Sojourn/06 - The Land Of Make Believe.flac
FSCK3859.REC	flac;cover=cover.jpg	Music/Recovered/The Moody Blues/Seventh Sojourn/03 - For My Lady.flac
FSCK3860.REC	flac;cover=cover.jpg	Music/Recovered/The Moody Blues/Seventh Sojourn/04 - Isn't Life Strange.flac
FSCK3861.REC	flac;cover=cover.jpg	Music/Recovered/The Moody Blues/Seventh Sojourn/07 - When You're A Free Man.flac
FSCK3862.REC	flac;cover=cover.jpg	Music/Recovered/The Moody Blues/Seventh Sojourn/02 - New Horizons.flac
FSCK3863.REC	flac;cover=cover.jpg	Music/Recovered/The Moody Blues/Seventh Sojourn/08 - I'm Just A Singer.flac
FSCK3872.REC	flac;cover=cover.jpg	Music/Recovered/Boston/Boston/01 - More Than A Feeling.flac
FSCK3873.REC	flac;cover=cover.jpg	Music/Recovered/Boston/Boston/02 - Peace Of Mind.flac
FSCK3874.REC	flac;cover=cover.jpg	Music/Recovered/Boston/Boston/03 - Foreplay _ Long Time.flac
FSCK3875.REC	flac;cover=cover.jpg	Music/Recovered/Boston/Boston/05 - Smokin'.flac
FSCK3876.REC	flac;cover=cover.jpg	Music/Recovered/Boston/Boston/06 - Hitch A Ride.flac
FSCK3877.REC	flac;cover=cover.jpg	Music/Recovered/Boston/Boston/07 - Something About You.flac
FSCK3878.REC	flac;cover=cover.jpg	Music/Recovered/Boston/Boston/08 - Let Me Take You Home Tonight.flac
FSCK3887.REC	flac;cover=cover.jpg	Music/Recovered/Boston/Boston/04 - Rock & Roll Band.flac
FSCK3897.REC	flac;cover=cover.jpg	Music/Recovered/Genesis/Selling England by the Pound/01 - Dancing With the Moonlit Knight.flac
FSCK3898.REC	flac;cover=cover.jpg	Music/Recovered/Genesis/Selling England by the Pound/02 - I Know What I Like (In Your Wardrobe).flac
FSCK3899.REC	flac;cover=cover.jpg	Music/Recovered/Genesis/Selling England by the Pound/03 - Firth of Fifth.flac
FSCK3900.REC	flac;cover=cover.jpg	Music/Recovered/Genesis/Selling England by the Pound/04 - More Fool Me.flac
FSCK3901.REC	flac;cover=cover.jpg	Music/Recovered/Genesis/Selling England by the Pound/05 - The Battle of Epping Forest.flac
FSCK3902.REC	flac;cover=cover.jpg	Music/Recovered/Genesis/Selling England by the Pound/06 - After the Ordeal.flac
FSCK3903.REC	flac;cover=cover.jpg	Music/Recovered/Genesis/Selling England by the Pound/07 - The Cinema Show.flac
FSCK3904.REC	flac;cover=cover.jpg	Music/Recovered/Genesis/Selling England by the Pound/08 - Aisle of Plenty.flac
FSCK3906.REC	flac;cover=cover.jpg	Music/Recovered/Bachman-Turner Overdrive/Not Fragile/01 - Not Fragile.flac
FSCK3907.REC	flac;cover=cover.jpg	Music/Recovered/Bachman-Turner Overdrive/Not Fragile/02 - Rock Is My Life, And This Is My Song.flac
FSCK3908.REC	flac;cover=cover.jpg	Music/Recovered/Bachman-Turner Overdrive/Not Fragile/03 - Roll On Down The Highway.flac
FSCK3909.REC	flac;cover=cover.jpg	Music/Recovered/Bachman-Turner Overdrive/Not Fragile/04 - You Ain't Seen Nothing Yet.flac
FSCK3910.REC	flac;cover=cover.jpg	Music/Recovered/Bachman-Turner Overdrive/Not Fragile/05 - Free Wheelin.flac
FSCK3911.REC	flac;cover=cover.jpg	Music/Recovered/Bachman-Turner Overdrive/Not Fragile/06 - Sledgehammer.flac
FSCK3912.REC	flac;cover=cover.jpg	Music/Recovered/Bachman-Turner Overdrive/Not Fragile/07 - Blue Moanin'.flac
FSCK3913.REC	flac;cover=cover.jpg	Music/Recovered/Bachman-Turner Overdrive/Not Fragile/08 - Second Hand.flac
FSCK3914.REC	flac;cover=cover.jpg	Music/Recovered/Bachman-Turner Overdrive/Not Fragile/09 - Givin' It All Away.flac
FSCK3938.REC	flac;cover=cover.jpg	Music/Recovered/Bachman-Turner Overdrive/Bachman-Turner Overdrive II/01 - Blown.flac
FSCK3939.REC	flac;cover=cover.jpg	Music/Recovered/Bachman-Turner Overdrive/Bachman-Turner Overdrive II/02 - Welcome Home.flac
FSCK3940.REC	flac;cover=cover.jpg	Music/Recovered/Bachman-Turner Overdrive/Bachman-Turner Overdrive II/03 - Stonegates.flac
FSCK3941.REC	flac;cover=cover.jpg	Music/Recovered/Bachman-Turner Overdrive/Bachman-Turner Overdrive II/04 - Let It Ride.flac
FSCK3942.REC	flac;cover=cover.jpg	Music/Recovered/Bachman-Turner Overdrive/Bachman-Turner Overdrive II/05 - Give It Time.flac
FSCK3943.REC	flac;cover=cover.jpg	Music/Recovered/Bachman-Turner Overdrive/Bachman-Turner Overdrive II/06 - Tramp.flac
FSCK3944.REC	flac;cover=cover.jpg	Music/Recovered/Bachman-Turner Overdrive/Bachman-Turner Overdrive II/07 - I Don't Have To Hide.flac
FSCK3945.REC	flac;cover=cover.jpg	Music/Recovered/Bachman-Turner Overdrive/Bachman-Turner Overdrive II/08 - Takin' Care Of Business.flac
FSCK3954.REC	mp3;cover=cover.jpg	Music/Recovered/Paul McCartney/The Boys of Dungeon Lane/01 - As You Lie There.mp3
FSCK3955.REC	mp3;cover=cover.jpg	Music/Recovered/Paul McCartney/The Boys of Dungeon Lane/08 - Come Inside.mp3
FSCK3956.REC	mp3;cover=cover.jpg	Music/Recovered/Paul McCartney/The Boys of Dungeon Lane/03 - Days We Left Behind.mp3
FSCK3957.REC	mp3;cover=cover.jpg	Music/Recovered/Paul McCartney/The Boys of Dungeon Lane/06 - Down South.mp3
FSCK3958.REC	mp3;cover=cover.jpg	Music/Recovered/Paul McCartney/The Boys of Dungeon Lane/12 - First Star of the Night.mp3
FSCK3959.REC	mp3;cover=cover.jpg	Music/Recovered/Paul McCartney, Ringo Starr/The Boys of Dungeon Lane/10 - Home to Us.mp3
FSCK3960.REC	mp3;cover=cover.jpg	Music/Recovered/Paul McCartney/The Boys of Dungeon Lane/11 - Life Can Be Hard.mp3
FSCK3961.REC	mp3;cover=cover.jpg	Music/Recovered/Paul McCartney/The Boys of Dungeon Lane/02 - Lost Horizon.mp3
FSCK3962.REC	mp3;cover=cover.jpg	Music/Recovered/Paul McCartney/The Boys of Dungeon Lane/14 - Momma Gets By.mp3
FSCK3963.REC	mp3;cover=cover.jpg	Music/Recovered/Paul McCartney/The Boys of Dungeon Lane/05 - Mountain Top.mp3
FSCK3964.REC	mp3;cover=cover.jpg	Music/Recovered/Paul McCartney/The Boys of Dungeon Lane/09 - Never Know.mp3
FSCK3965.REC	mp3;cover=cover.jpg	Music/Recovered/Paul McCartney/The Boys of Dungeon Lane/04 - Ripples in a Pond.mp3
FSCK3966.REC	mp3;cover=cover.jpg	Music/Recovered/Paul McCartney/The Boys of Dungeon Lane/13 - Salesman Saint.mp3
FSCK3967.REC	mp3;cover=cover.jpg	Music/Recovered/Paul McCartney/The Boys of Dungeon Lane/07 - We Two.mp3
FSCK3968.REC	flac;cover=cover.jpg	Music/Recovered/Robb Nash/Tell Me Why/02 - Tell Me Why.flac
FSCK3969.REC	flac;cover=cover.jpg	Music/Recovered/Robb Nash/Tell Me Why/03 - Hello Goodbye.flac
FSCK3970.REC	flac;cover=cover.jpg	Music/Recovered/Robb Nash/Tell Me Why/05 - Stones.flac
FSCK3971.REC	flac;cover=cover.jpg	Music/Recovered/Robb Nash/Tell Me Why/01 - One Last Breath.flac
FSCK3973.REC	flac;cover=cover.jpg	Music/Recovered/Robb Nash/Tell Me Why/06 - Shadows.flac
FSCK3974.REC	flac;cover=cover.jpg	Music/Recovered/Robb Nash/Tell Me Why/04 - Thief Of Colours.flac
FSCK3995.REC	flac;cover=cover.jpg	Music/Recovered/Emma Blackery/Cannot Help Myself/02 - Fake My Death.flac
FSCK3997.REC	flac;cover=cover.jpg	Music/Recovered/Emma Blackery/Cannot Help Myself/05 - Heaven_Hell.flac
FSCK3998.REC	flac;cover=cover.jpg	Music/Recovered/Emma Blackery/Cannot Help Myself/04 - Parasite.flac
FSCK3999.REC	flac;cover=cover.jpg	Music/Recovered/Emma Blackery/Cannot Help Myself/01 - Everybody Lies.flac
FSCK4000.REC	flac;cover=cover.jpg	Music/Recovered/Emma Blackery/Cannot Help Myself/03 - Apologise.flac
FSCK4006.REC	flac;cover=cover.jpg	Music/Recovered/Pink Floyd/Animals/01 - Pigs On The Wing 1.flac
FSCK4007.REC	flac;cover=cover.jpg	Music/Recovered/Pink Floyd/Animals/02 - Dogs.flac
FSCK4008.REC	flac;cover=cover.jpg	Music/Recovered/Pink Floyd/Animals/03 - Pigs.flac
FSCK4009.REC	flac;cover=cover.jpg	Music/Recovered/Pink Floyd/Animals/04 - Sheep.flac
FSCK4010.REC	flac;cover=cover.jpg	Music/Recovered/Pink Floyd/Animals/05 - Pigs On The Wing 2.flac
FSCK4029.REC	mp3;cover=cover.jpg	Music/Recovered/John Lennon & Paul McCartney/A Toot and a Snore in '74/02 - Bluesy Jam Session.mp3
FSCK4030.REC	mp3;cover=cover.jpg	Music/Recovered/John Lennon & Paul McCartney/A Toot and a Snore in '74/03 - Studio Talk.mp3
FSCK4031.REC	mp3;cover=cover.jpg	Music/Recovered/John Lennon & Paul McCartney/A Toot and a Snore in '74/08 - Stand by Me III.mp3
FSCK4032.REC	flac;cover=cover.jpg	Music/Recovered/Emma Blackery/Sucks to Be You/02 - Look What You Made Me Do.flac
FSCK4033.REC	flac;cover=cover.jpg	Music/Recovered/Emma Blackery/Sucks to Be You/03 - Let Me Be.flac
FSCK4035.REC	flac;cover=cover.jpg	Music/Recovered/Emma Blackery/Sucks to Be You/01 - Sucks To Be You.flac
FSCK4041.REC	flac;cover=cover.jpg	Music/Recovered/Bo Burnham/Inside/02-06 - That Funny Feeling.flac
FSCK4042.REC	flac;cover=cover.jpg	Music/Recovered/Bo Burnham/Inside/02-01 - Don't Wanna Know.flac
FSCK4043.REC	flac;cover=cover.jpg	Music/Recovered/Bo Burnham/Inside/02-02 - Shit.flac
FSCK4044.REC	flac;cover=cover.jpg	Music/Recovered/Bo Burnham/Inside/02-09 - Any Day Now.flac
FSCK4045.REC	flac;cover=cover.jpg	Music/Recovered/Bo Burnham/Inside/02-04 - Welcome To The Internet.flac
FSCK4046.REC	flac;cover=cover.jpg	Music/Recovered/Bo Burnham/Inside/02-08 - Goodbye.flac
FSCK4047.REC	flac;cover=cover.jpg	Music/Recovered/Bo Burnham/Inside/02-03 - All Time Low.flac
FSCK4048.REC	flac;cover=cover.jpg	Music/Recovered/Bo Burnham/Inside/02-05 - Bezos Ii.flac
FSCK4049.REC	flac;cover=cover.jpg	Music/Recovered/Bo Burnham/Inside/02-07 - All Eyes On Me.flac
FSCK4058.REC	flac;cover=cover.jpg	Music/Recovered/Bo Burnham/Inside/03-06 - Five Years.flac
FSCK4059.REC	flac;cover=cover.jpg	Music/Recovered/Bo Burnham/Inside/03-10 - Spider.flac
FSCK4060.REC	flac;cover=cover.jpg	Music/Recovered/Bo Burnham/Inside/03-03 - Wtfigo.flac
FSCK4061.REC	flac;cover=cover.jpg	Music/Recovered/Bo Burnham/Inside/03-02 - The Future.flac
FSCK4062.REC	flac;cover=cover.jpg	Music/Recovered/Bo Burnham/Inside/03-09 - Bezos Iv.flac
FSCK4063.REC	flac;cover=cover.jpg	Music/Recovered/Bo Burnham/Inside/03-08 - Microwave Popcorn.flac
FSCK4064.REC	flac;cover=cover.jpg	Music/Recovered/Bo Burnham/Inside/03-12 - The Chicken.flac
FSCK4065.REC	flac;cover=cover.jpg	Music/Recovered/Bo Burnham/Inside/03-07 - Biden.flac
FSCK4066.REC	flac;cover=cover.jpg	Music/Recovered/Bo Burnham/Inside/03-11 - This Isn’T A Joke.flac
FSCK4067.REC	flac;cover=cover.jpg	Music/Recovered/Bo Burnham/Inside/03-01 - Bezos Iii.flac
FSCK4068.REC	flac;cover=cover.jpg	Music/Recovered/Bo Burnham/Inside/03-05 - Feel Good.flac
FSCK4081.REC	flac;cover=cover.jpg	Music/Recovered/Bo Burnham/Inside/03-04 - 1985.flac
FSCK4082.REC	flac;cover=cover.jpg	Music/Recovered/Bo Burnham/Inside/04-08 - Jeans.flac
FSCK4083.REC	flac;cover=cover.jpg	Music/Recovered/Bo Burnham/Inside/04-05 - Window Washer.flac
FSCK4084.REC	flac;cover=cover.jpg	Music/Recovered/Bo Burnham/Inside/04-09 - Be Yourself.flac
FSCK4085.REC	flac;cover=cover.jpg	Music/Recovered/Bo Burnham/Inside/04-07 - Sleep.flac
FSCK4086.REC	flac;cover=cover.jpg	Music/Recovered/Bo Burnham/Inside/04-04 - Knife.flac
FSCK4087.REC	flac;cover=cover.jpg	Music/Recovered/Bo Burnham/Inside/04-10 - Peanut Butter.flac
FSCK4088.REC	flac;cover=cover.jpg	Music/Recovered/Bo Burnham/Inside/04-06 - Video Game.flac
FSCK4089.REC	flac;cover=cover.jpg	Music/Recovered/Bo Burnham/Inside/04-11 - Camera.flac
FSCK4090.REC	flac;cover=cover.jpg	Music/Recovered/Bo Burnham/Inside/04-13 - The Icu.flac
FSCK4091.REC	flac;cover=cover.jpg	Music/Recovered/Bo Burnham/Inside/04-12 - Triggered.flac
FSCK4092.REC	flac;cover=cover.jpg	Music/Recovered/Bo Burnham/Inside/04-03 - Looking Back.flac
FSCK4093.REC	flac;cover=cover.jpg	Music/Recovered/Bo Burnham/Inside/04-02 - Brand Consultant.flac
FSCK4094.REC	flac;cover=cover.jpg	Music/Recovered/Bo Burnham/Inside/04-01 - The Inside Waltz.flac
FSCK4108.REC	flac;cover=cover.jpg	Music/Recovered/Bo Burnham/Inside/11 - 30.flac
FSCK4109.REC	flac;cover=cover.jpg	Music/Recovered/Bo Burnham/Inside/02 - Comedy.flac
FSCK4110.REC	flac;cover=cover.jpg	Music/Recovered/Bo Burnham/Inside/06 - Unpaid Intern.flac
FSCK4111.REC	flac;cover=cover.jpg	Music/Recovered/Bo Burnham/Inside/10 - Problematic.flac
FSCK4112.REC	flac;cover=cover.jpg	Music/Recovered/Bo Burnham/Inside/01 - Content.flac
FSCK4113.REC	flac;cover=cover.jpg	Music/Recovered/Bo Burnham/Inside/05 - White Woman’S Instagram.flac
FSCK4114.REC	flac;cover=cover.jpg	Music/Recovered/Bo Burnham/Inside/03 - Facetime With My Mom.flac
FSCK4115.REC	flac;cover=cover.jpg	Music/Recovered/Bo Burnham/Inside/07 - Bezos I.flac
FSCK4116.REC	flac;cover=cover.jpg	Music/Recovered/Bo Burnham/Inside/09 - Look Who’S Inside Again.flac
FSCK4117.REC	flac;cover=cover.jpg	Music/Recovered/Bo Burnham/Inside/04 - How The World Works.flac
FSCK4118.REC	flac;cover=cover.jpg	Music/Recovered/Bo Burnham/Inside/08 - Sexting.flac
FSCK4132.REC	m4a;cover=cover.jpg	Music/Recovered/Pink Floyd/The Wall/01 - In the Flesh_.m4a
FSCK4133.REC	m4a;cover=cover.jpg	Music/Recovered/Pink Floyd/The Wall/02 - The Thin Ice.m4a
FSCK4134.REC	m4a;cover=cover.jpg	Music/Recovered/Pink Floyd/The Wall/03 - Another Brick in the Wall, Pt. 1.m4a
FSCK4135.REC	m4a;cover=cover.jpg	Music/Recovered/Pink Floyd/The Wall/04 - The Happiest Days of Our Lives.m4a
FSCK4136.REC	m4a;cover=cover.jpg	Music/Recovered/Pink Floyd/The Wall/05 - Another Brick in the Wall, Pt. 2.m4a
FSCK4137.REC	m4a;cover=cover.jpg	Music/Recovered/Pink Floyd/The Wall/06 - Mother.m4a
FSCK4138.REC	m4a;cover=cover.jpg	Music/Recovered/Pink Floyd/The Wall/07 - Goodbye Blue Sky.m4a
FSCK4139.REC	m4a;cover=cover.jpg	Music/Recovered/Pink Floyd/The Wall/08 - Empty Spaces.m4a
FSCK4140.REC	m4a;cover=cover.jpg	Music/Recovered/Pink Floyd/The Wall/09 - Young Lust.m4a
FSCK4141.REC	m4a;cover=cover.jpg	Music/Recovered/Pink Floyd/The Wall/10 - One of My Turns.m4a
FSCK4142.REC	m4a;cover=cover.jpg	Music/Recovered/Pink Floyd/The Wall/11 - Don't Leave Me Now.m4a
FSCK4143.REC	m4a;cover=cover.jpg	Music/Recovered/Pink Floyd/The Wall/12 - Another Brick in the Wall, Pt. 3.m4a
FSCK4144.REC	m4a;cover=cover.jpg	Music/Recovered/Pink Floyd/The Wall/13 - Goodbye Cruel World.m4a
FSCK4156.REC	m4a;cover=cover.jpg	Music/Recovered/Pink Floyd/The Wall/02-01 - Hey You.m4a
FSCK4157.REC	m4a;cover=cover.jpg	Music/Recovered/Pink Floyd/The Wall/02-02 - Is There Anybody Out There_.m4a
FSCK4158.REC	m4a;cover=cover.jpg	Music/Recovered/Pink Floyd/The Wall/02-03 - Nobody Home.m4a
FSCK4159.REC	m4a;cover=cover.jpg	Music/Recovered/Pink Floyd/The Wall/02-04 - Vera.m4a
FSCK4160.REC	m4a;cover=cover.jpg	Music/Recovered/Pink Floyd/The Wall/02-05 - Bring the Boys Back Home.m4a
FSCK4161.REC	m4a;cover=cover.jpg	Music/Recovered/Pink Floyd/The Wall/02-06 - Comfortably Numb.m4a
FSCK4162.REC	m4a;cover=cover.jpg	Music/Recovered/Pink Floyd/The Wall/02-07 - The Show Must Go On.m4a
FSCK4163.REC	m4a;cover=cover.jpg	Music/Recovered/Pink Floyd/The Wall/02-08 - In the Flesh.m4a
FSCK4164.REC	m4a;cover=cover.jpg	Music/Recovered/Pink Floyd/The Wall/02-09 - Run Like Hell.m4a
FSCK4165.REC	m4a;cover=cover.jpg	Music/Recovered/Pink Floyd/The Wall/02-10 - Waiting for the Worms.m4a
FSCK4166.REC	m4a;cover=cover.jpg	Music/Recovered/Pink Floyd/The Wall/02-11 - Stop.m4a
FSCK4167.REC	m4a;cover=cover.jpg	Music/Recovered/Pink Floyd/The Wall/02-12 - The Trial.m4a
FSCK4168.REC	m4a;cover=cover.jpg	Music/Recovered/Pink Floyd/The Wall/02-13 - Outside the Wall.m4a
FSCK4182.REC	flac;cover=cover.jpg	Music/Recovered/The Beatles/Past Masters/02-04 - Rain.flac
FSCK4183.REC	flac;cover=cover.jpg	Music/Recovered/The Beatles/Past Masters/02-11 - The Ballad Of John And Yoko.flac
FSCK4184.REC	flac;cover=cover.jpg	Music/Recovered/The Beatles/Past Masters/02-12 - Old Brown Shoe.flac
FSCK4185.REC	flac;cover=cover.jpg	Music/Recovered/The Beatles/Past Masters/02-06 - The Inner Light.flac
FSCK4186.REC	flac;cover=cover.jpg	Music/Recovered/The Beatles/Past Masters/02-14 - Let It Be.flac
FSCK4187.REC	flac;cover=cover.jpg	Music/Recovered/The Beatles/Past Masters/02-02 - We Can Work It Out.flac
FSCK4188.REC	flac;cover=cover.jpg	Music/Recovered/The Beatles/Past Masters/02-07 - Hey Jude.flac
FSCK4189.REC	flac;cover=cover.jpg	Music/Recovered/The Beatles/Past Masters/02-13 - Across The Universe.flac
FSCK4190.REC	flac;cover=cover.jpg	Music/Recovered/The Beatles/Past Masters/02-09 - Get Back.flac
FSCK4191.REC	flac;cover=cover.jpg	Music/Recovered/The Beatles/Past Masters/02-01 - Day Tripper.flac
FSCK4192.REC	flac;cover=cover.jpg	Music/Recovered/The Beatles/Past Masters/02-05 - Lady Madonna.flac
FSCK4193.REC	flac;cover=cover.jpg	Music/Recovered/The Beatles/Past Masters/02-08 - Revolution.flac
FSCK4194.REC	flac;cover=cover.jpg	Music/Recovered/The Beatles/Past Masters/02-15 - You Know My Name.flac
FSCK4195.REC	flac;cover=cover.jpg	Music/Recovered/The Beatles/Past Masters/02-03 - Paperback Writer.flac
FSCK4196.REC	flac;cover=cover.jpg	Music/Recovered/The Beatles/Past Masters/02-10 - Don't Let Me Down.flac
FSCK4212.REC	flac;cover=cover.jpg	Music/Recovered/The Beatles/Past Masters/03 - Thank You Girl.flac
FSCK4213.REC	flac;cover=cover.jpg	Music/Recovered/The Beatles/Past Masters/06 - I Want To Hold Your Hand.flac
FSCK4214.REC	flac;cover=cover.jpg	Music/Recovered/The Beatles/Past Masters/12 - Slow Down.flac
FSCK4215.REC	flac;cover=cover.jpg	Music/Recovered/The Beatles/Past Masters/16 - Bad Boy.flac
FSCK4216.REC	flac;cover=cover.jpg	Music/Recovered/The Beatles/Past Masters/11 - I Call Your Name.flac
FSCK4217.REC	flac;cover=cover.jpg	Music/Recovered/The Beatles/Past Masters/07 - This Boy.flac
FSCK4218.REC	flac;cover=cover.jpg	Music/Recovered/The Beatles/Past Masters/17 - Yes It Is.flac
FSCK4219.REC	flac;cover=cover.jpg	Music/Recovered/The Beatles/Past Masters/14 - I Feel Fine.flac
FSCK4220.REC	flac;cover=cover.jpg	Music/Recovered/The Beatles/Past Masters/02 - From Me To You.flac
FSCK4221.REC	flac;cover=cover.jpg	Music/Recovered/The Beatles/Past Masters/09 - Sie Liebt Dich.flac
FSCK4222.REC	flac;cover=cover.jpg	Music/Recovered/The Beatles/Past Masters/05 - I'll Get You.flac
FSCK4223.REC	flac;cover=cover.jpg	Music/Recovered/The Beatles/Past Masters/18 - I'm Down.flac
FSCK4224.REC	flac;cover=cover.jpg	Music/Recovered/The Beatles/Past Masters/01 - Love Me Do.flac
FSCK4225.REC	flac;cover=cover.jpg	Music/Recovered/The Beatles/Past Masters/13 - Matchbox.flac
FSCK4226.REC	flac;cover=cover.jpg	Music/Recovered/The Beatles/Past Masters/04 - She Loves You.flac
FSCK4227.REC	flac;cover=cover.jpg	Music/Recovered/The Beatles/Past Masters/15 - She's A Woman.flac
FSCK4228.REC	flac;cover=cover.jpg	Music/Recovered/The Beatles/Past Masters/08 - Komm Gib Mir Deine Hand.flac
FSCK4229.REC	flac;cover=cover.jpg	Music/Recovered/The Beatles/Past Masters/10 - Long Tall Sally.flac
FSCK4249.REC	flac;cover=cover.jpg	Music/Recovered/Emma Blackery/Nepo Baby/01 - Nepo Baby.flac
FSCK4253.REC	flac;cover=cover.jpg	Music/Recovered/Led Zeppelin/Led Zeppelin Iv/01 - Black Dog.flac
FSCK4254.REC	flac;cover=cover.jpg	Music/Recovered/Led Zeppelin/Led Zeppelin Iv/02 - Rock And Roll.flac
FSCK4255.REC	flac;cover=cover.jpg	Music/Recovered/Led Zeppelin/Led Zeppelin Iv/03 - The Battle Of Evermore.flac
FSCK4256.REC	flac;cover=cover.jpg	Music/Recovered/Led Zeppelin/Led Zeppelin Iv/04 - Stairway To Heaven.flac
FSCK4257.REC	flac;cover=cover.jpg	Music/Recovered/Led Zeppelin/Led Zeppelin Iv/05 - Misty Mountain Hop.flac
FSCK4258.REC	flac;cover=cover.jpg	Music/Recovered/Led Zeppelin/Led Zeppelin Iv/06 - Four Sticks.flac
FSCK4259.REC	flac;cover=cover.jpg	Music/Recovered/Led Zeppelin/Led Zeppelin Iv/07 - Going To California.flac
FSCK4260.REC	flac;cover=cover.jpg	Music/Recovered/Led Zeppelin/Led Zeppelin Iv/08 - When The Levee Breaks.flac
FSCK4269.REC	flac;cover=cover.jpg	Music/Recovered/Led Zeppelin/Led Zeppelin Iv/02-01 - Black Dog.flac
FSCK4270.REC	flac;cover=cover.jpg	Music/Recovered/Led Zeppelin/Led Zeppelin Iv/02-02 - Rock And Roll.flac
FSCK4271.REC	flac;cover=cover.jpg	Music/Recovered/Led Zeppelin/Led Zeppelin Iv/02-03 - The Battle Of Evermore.flac
FSCK4272.REC	flac;cover=cover.jpg	Music/Recovered/Led Zeppelin/Led Zeppelin Iv/02-04 - Stairway To Heaven.flac
FSCK4273.REC	flac;cover=cover.jpg	Music/Recovered/Led Zeppelin/Led Zeppelin Iv/02-05 - Misty Mountain Hop.flac
FSCK4274.REC	flac;cover=cover.jpg	Music/Recovered/Led Zeppelin/Led Zeppelin Iv/02-06 - Four Sticks.flac
FSCK4275.REC	flac;cover=cover.jpg	Music/Recovered/Led Zeppelin/Led Zeppelin Iv/02-07 - Going To California.flac
FSCK4276.REC	flac;cover=cover.jpg	Music/Recovered/Led Zeppelin/Led Zeppelin Iv/02-08 - When The Levee Breaks.flac
FSCK4287.REC	flac;cover=cover.jpg	Music/Recovered/George Harrison/All Things Must Pass/02-01 - Beware Of Darkness.flac
FSCK4288.REC	flac;cover=cover.jpg	Music/Recovered/George Harrison/All Things Must Pass/02-10 - It's Johnny's Birthday.flac
FSCK4289.REC	flac;cover=cover.jpg	Music/Recovered/George Harrison/All Things Must Pass/02-00 - Hear Me Lord.flac
FSCK4290.REC	flac;cover=cover.jpg	Music/Recovered/George Harrison/All Things Must Pass/02-07 - Art Of Dying.flac
FSCK4291.REC	flac;cover=cover.jpg	Music/Recovered/George Harrison/All Things Must Pass/02-13 - Thanks For The Pepperoni.flac
FSCK4292.REC	flac;cover=cover.jpg	Music/Recovered/George Harrison/All Things Must Pass/02-05 - All Things Must Pass.flac
FSCK4293.REC	flac;cover=cover.jpg	Music/Recovered/George Harrison/All Things Must Pass/02-02 - Apple Scruffs.flac
FSCK4294.REC	flac;cover=cover.jpg	Music/Recovered/George Harrison/All Things Must Pass/02-06 - I Dig Love.flac
FSCK4295.REC	flac;cover=cover.jpg	Music/Recovered/George Harrison/All Things Must Pass/02-03 - Ballad Of Sir Frankie Crisp.flac
FSCK4296.REC	flac;cover=cover.jpg	Music/Recovered/George Harrison/All Things Must Pass/02-11 - Plug Me In.flac
FSCK4297.REC	flac;cover=cover.jpg	Music/Recovered/George Harrison/All Things Must Pass/02-00 - Isn't It A Pity.flac
FSCK4298.REC	flac;cover=cover.jpg	Music/Recovered/George Harrison/All Things Must Pass/02-04 - Awaiting On You All.flac
FSCK4299.REC	flac;cover=cover.jpg	Music/Recovered/George Harrison/All Things Must Pass/02-14 - Out Of The Blue.flac
FSCK4300.REC	flac;cover=cover.jpg	Music/Recovered/George Harrison/All Things Must Pass/02-12 - I Remember Jeep.flac
FSCK4315.REC	flac;cover=cover.jpg	Music/Recovered/George Harrison/All Things Must Pass/03 - Wah-Wah.flac
FSCK4316.REC	flac;cover=cover.jpg	Music/Recovered/George Harrison/All Things Must Pass/05 - What Is Life.flac
FSCK4317.REC	flac;cover=cover.jpg	Music/Recovered/George Harrison/All Things Must Pass/10 - I Live For You.flac
FSCK4318.REC	flac;cover=cover.jpg	Music/Recovered/George Harrison/All Things Must Pass/11 - Beware Of Darkness.flac
FSCK4319.REC	flac;cover=cover.jpg	Music/Recovered/George Harrison/All Things Must Pass/01 - I'd Have You Anytime.flac
FSCK4320.REC	flac;cover=cover.jpg	Music/Recovered/George Harrison/All Things Must Pass/12 - Let It Down.flac
FSCK4321.REC	flac;cover=cover.jpg	Music/Recovered/George Harrison/All Things Must Pass/06 - If Not For You.flac
FSCK4322.REC	flac;cover=cover.jpg	Music/Recovered/George Harrison/All Things Must Pass/14 - My Sweet Lord.flac
FSCK4323.REC	flac;cover=cover.jpg	Music/Recovered/George Harrison/All Things Must Pass/04 - Isn't It A Pity.flac
FSCK4324.REC	flac;cover=cover.jpg	Music/Recovered/George Harrison/All Things Must Pass/02 - My Sweet Lord.flac
FSCK4325.REC	flac;cover=cover.jpg	Music/Recovered/George Harrison/All Things Must Pass/00 - Run Of The Mill.flac
FSCK4326.REC	flac;cover=cover.jpg	Music/Recovered/George Harrison/All Things Must Pass/07 - Behind That Locked Door.flac
FSCK4327.REC	flac;cover=cover.jpg	Music/Recovered/George Harrison/All Things Must Pass/13 - What Is Life.flac
FSCK4328.REC	flac;cover=cover.jpg	Music/Recovered/George Harrison/All Things Must Pass/00 - Let It Down.flac
FSCK4343.REC	flac;cover=cover.jpg	Music/Recovered/Foals/Total Life Forever/05 - Spanish Sahara.flac
FSCK4359.REC	mp3;cover=cover.jpg	Music/Recovered/The Beatles/The Beatles (white Album)/02-01 - Birthday.mp3
FSCK4360.REC	mp3;cover=cover.jpg	Music/Recovered/The Beatles/The Beatles (white Album)/02-02 - Yer Blues.mp3
FSCK4361.REC	mp3;cover=cover.jpg	Music/Recovered/The Beatles/The Beatles (white Album)/02-03 - Mother Nature's Son.mp3
FSCK4362.REC	mp3;cover=cover.jpg	Music/Recovered/The Beatles/The Beatles (white Album)/02-04 - Everybody's Got Something To Hide Except Me And My Monkey.mp3
FSCK4363.REC	mp3;cover=cover.jpg	Music/Recovered/The Beatles/The Beatles (white Album)/02-05 - Sexy Sadie.mp3
FSCK4364.REC	mp3;cover=cover.jpg	Music/Recovered/The Beatles/The Beatles (white Album)/02-06 - Helter Skelter.mp3
FSCK4365.REC	mp3;cover=cover.jpg	Music/Recovered/The Beatles/The Beatles (white Album)/02-07 - Long, Long, Long.mp3
FSCK4366.REC	mp3;cover=cover.jpg	Music/Recovered/The Beatles/The Beatles (white Album)/02-08 - Revolution 1.mp3
FSCK4367.REC	mp3;cover=cover.jpg	Music/Recovered/The Beatles/The Beatles (white Album)/02-09 - Honey Pie.mp3
FSCK4368.REC	mp3;cover=cover.jpg	Music/Recovered/The Beatles/The Beatles (white Album)/02-10 - Savoy Truffle.mp3
FSCK4369.REC	mp3;cover=cover.jpg	Music/Recovered/The Beatles/The Beatles (white Album)/02-11 - Cry Baby Cry.mp3
FSCK4370.REC	mp3;cover=cover.jpg	Music/Recovered/The Beatles/The Beatles (white Album)/02-12 - Revolution 9.mp3
FSCK4371.REC	mp3;cover=cover.jpg	Music/Recovered/The Beatles/The Beatles (white Album)/02-13 - Good Night.mp3
FSCK4389.REC	mp3;cover=cover.jpg	Music/Recovered/The Beatles/The Beatles (white Album)/01 - Back In The U.S.S.R.mp3
FSCK4390.REC	mp3;cover=cover.jpg	Music/Recovered/The Beatles/The Beatles (white Album)/02 - Dear Prudence.mp3
FSCK4391.REC	mp3;cover=cover.jpg	Music/Recovered/The Beatles/The Beatles (white Album)/03 - Glass Onion.mp3
FSCK4392.REC	mp3;cover=cover.jpg	Music/Recovered/The Beatles/The Beatles (white Album)/04 - Ob-La-Di, Ob-La-Da.mp3
FSCK4393.REC	mp3;cover=cover.jpg	Music/Recovered/The Beatles/The Beatles (white Album)/05 - Wild Honey Pie.mp3
FSCK4394.REC	mp3;cover=cover.jpg	Music/Recovered/The Beatles/The Beatles (white Album)/06 - The Continuing Story Of Bungalow Bill.mp3
FSCK4395.REC	mp3;cover=cover.jpg	Music/Recovered/The Beatles/The Beatles (white Album)/07 - While My Guitar Gently Weeps.mp3
FSCK4396.REC	mp3;cover=cover.jpg	Music/Recovered/The Beatles/The Beatles (white Album)/08 - Happiness Is A Warm Gun.mp3
FSCK4397.REC	mp3;cover=cover.jpg	Music/Recovered/The Beatles/The Beatles (white Album)/09 - Martha My Dear.mp3
FSCK4398.REC	mp3;cover=cover.jpg	Music/Recovered/The Beatles/The Beatles (white Album)/10 - I'm So Tired.mp3
FSCK4399.REC	mp3;cover=cover.jpg	Music/Recovered/The Beatles/The Beatles (white Album)/11 - Blackbird.mp3
FSCK4400.REC	mp3;cover=cover.jpg	Music/Recovered/The Beatles/The Beatles (white Album)/12 - Piggies.mp3
FSCK4401.REC	mp3;cover=cover.jpg	Music/Recovered/The Beatles/The Beatles (white Album)/13 - Rocky Raccoon.mp3
FSCK4402.REC	mp3;cover=cover.jpg	Music/Recovered/The Beatles/The Beatles (white Album)/14 - Don't Pass Me By.mp3
FSCK4403.REC	mp3;cover=cover.jpg	Music/Recovered/The Beatles/The Beatles (white Album)/15 - Why Don't We Do It In The Road_.mp3
FSCK4404.REC	mp3;cover=cover.jpg	Music/Recovered/The Beatles/The Beatles (white Album)/16 - I Will.mp3
FSCK4405.REC	mp3;cover=cover.jpg	Music/Recovered/The Beatles/The Beatles (white Album)/17 - Julia.mp3
FSCK4406.REC	flac;cover=cover.jpg	Music/Recovered/Wheatus/Teenage Dirtbag/01 - Teenage Dirtbag.flac
FSCK4409.REC	mp3;cover=cover.jpg	Music/Recovered/Emma Blackery/She's THAT!/00 - She's THAT!.mp3
FSCK4410.REC	flac;cover=cover.jpg	Music/Recovered/Veronicavon/Riptide/01 - Riptide.flac
FSCK4418.REC	flac;cover=cover.jpg	Music/Recovered/April Wine/On Record/02 - You Could Have Been A Lady.flac
FSCK4426.REC	flac;cover=cover.jpg	Music/Recovered/Rick Astley/Lights Out/01 - Lights Out.flac
FSCK4428.REC	flac;cover=cover.jpg	Music/Recovered/The Mamas/If You Can Believe Your Eyes & Ears/07 - California Dreamin'.flac
FSCK4430.REC	flac;cover=cover.jpg	Music/Recovered/April Wine/Electric Jewels/01 - Weeping Widow.flac
FSCK4435.REC	flac;cover=cover.jpg	Music/Recovered/Emma Blackery; Bronnie/Celebrity Skin/01 - Celebrity Skin.flac
FSCK4437.REC	flac;cover=cover.jpg	Music/Recovered/Maximum The Hormone/Bu-ikikaesu/02 - Zetsubou Billy.flac
FSCK4440.REC	flac;cover=cover.jpg	Music/Recovered/Lukas Graham/Lukas Graham/01 - 7 Years.flac
FSCK4441.REC	flac;cover=cover.jpg	Music/Recovered/Foreigner/4/02 - Juke Box Hero.flac
FSCK4443.REC	mp3;cover=cover.jpg	Music/Recovered/Don McLean/American Pie/01 - American Pie.mp3
FSCK5076.REC	flac;cover=cover.jpg	Music/Recovered/Oliver Tree/Love You Madly Hate You Badly/17 - How It Ends.flac
FSCK5077.REC	flac;cover=cover.jpg	Music/Recovered/Oliver Tree/Love You Madly Hate You Badly/05 - Hey Shorty.flac
FSCK5078.REC	flac;cover=cover.jpg	Music/Recovered/Oliver Tree/Love You Madly Hate You Badly/03 - Glow On.flac
FSCK5080.REC	flac;cover=cover.jpg	Music/Recovered/The Beatles/Get Back (Rooftop Performance)/03 - Don't Let Me Down (Rooftop Performance _ Take 1).flac
FSCK5081.REC	flac;cover=cover.jpg	Music/Recovered/Oliver Tree/Love You Madly Hate You Badly/04 - Sideways.flac
FSCK5082.REC	flac;cover=cover.jpg	Music/Recovered/The Beatles/Get Back (Rooftop Performance)/09 - Don't Let Me Down (Rooftop Performance _ Take 2).flac
FSCK5083.REC	flac;cover=cover.jpg	Music/Recovered/Oliver Tree/Love You Madly Hate You Badly/01 - My Only Friend.flac
FSCK5084.REC	flac;cover=cover.jpg	Music/Recovered/The Beatles/Get Back (Rooftop Performance)/01 - Get Back (Rooftop Performance _ Take 1).flac
FSCK5086.REC	flac;cover=cover.jpg	Music/Recovered/Oliver Tree/Love You Madly Hate You Badly/07 - Superhero.flac
FSCK5087.REC	flac;cover=cover.jpg	Music/Recovered/The Beatles/Get Back (Rooftop Performance)/04 - I've Got A Feeling (Rooftop Performance _ Take 1).flac
FSCK5088.REC	flac;cover=cover.jpg	Music/Recovered/Oliver Tree/Love You Madly Hate You Badly/16 - Flowers.flac
FSCK5089.REC	flac;cover=cover.jpg	Music/Recovered/The Beatles/Get Back (Rooftop Performance)/07 - God Save The Queen (Rooftop Performance _ Jam).flac
FSCK5090.REC	flac;cover=cover.jpg	Music/Recovered/The Beatles/Get Back (Rooftop Performance)/08 - I've Got A Feeling (Rooftop Performance _ Take 2).flac
FSCK5091.REC	flac;cover=cover.jpg	Music/Recovered/Oliver Tree/Love You Madly Hate You Badly/15 - All You Ever Wanted.flac
FSCK5092.REC	flac;cover=cover.jpg	Music/Recovered/Oliver Tree/Love You Madly Hate You Badly/14 - Halo.flac
FSCK5093.REC	flac;cover=cover.jpg	Music/Recovered/The Beatles/Get Back (Rooftop Performance)/05 - One After 909 (Rooftop Performance).flac
FSCK5094.REC	flac;cover=cover.jpg	Music/Recovered/Oliver Tree/Love You Madly Hate You Badly/13 - Someone Else.flac
FSCK5095.REC	flac;cover=cover.jpg	Music/Recovered/The Beatles/Get Back (Rooftop Performance)/02 - Get Back (Rooftop Performance _ Take 2).flac
FSCK5096.REC	flac;cover=cover.jpg	Music/Recovered/Oliver Tree/Love You Madly Hate You Badly/10 - Deep End.flac
FSCK5097.REC	flac;cover=cover.jpg	Music/Recovered/The Beatles/Get Back (Rooftop Performance)/06 - Dig A Pony (Rooftop Performance).flac
FSCK5098.REC	flac;cover=cover.jpg	Music/Recovered/Oliver Tree/Love You Madly Hate You Badly/06 - Fuck The Whole World.flac
FSCK5099.REC	flac;cover=cover.jpg	Music/Recovered/Oliver Tree/Love You Madly Hate You Badly/08 - Death Ray.flac
FSCK5100.REC	flac;cover=cover.jpg	Music/Recovered/The Beatles/Get Back (Rooftop Performance)/10 - Get Back (Rooftop Performance _ Take 3).flac
FSCK5101.REC	flac;cover=cover.jpg	Music/Recovered/Oliver Tree/Love You Madly Hate You Badly/11 - Joyride.flac
FSCK5102.REC	flac;cover=cover.jpg	Music/Recovered/Oliver Tree/Love You Madly Hate You Badly/12 - Crazy.flac
FSCK5103.REC	flac;cover=cover.jpg	Music/Recovered/Oliver Tree/Love You Madly Hate You Badly/02 - I Need You.flac
FSCK5104.REC	flac;cover=cover.jpg	Music/Recovered/Oliver Tree/Love You Madly Hate You Badly/09 - Dirty.flac
FSCK5107.REC	flac;cover=cover.jpg	Music/Recovered/We The Kings/We The Kings/03 - Check Yes, Juliet.flac
FSCK5115.REC	flac;cover=cover.jpg	Music/Recovered/My Chemical Romance/The Black Parade/01 - The End.flac
FSCK5116.REC	flac;cover=cover.jpg	Music/Recovered/My Chemical Romance/The Black Parade/02 - Dead!.flac
FSCK5117.REC	flac;cover=cover.jpg	Music/Recovered/My Chemical Romance/The Black Parade/03 - This Is How I Disappear.flac
FSCK5118.REC	flac;cover=cover.jpg	Music/Recovered/My Chemical Romance/The Black Parade/04 - The Sharpest Lives.flac
FSCK5119.REC	flac;cover=cover.jpg	Music/Recovered/My Chemical Romance/The Black Parade/05 - Welcome to the Black Parade.flac
FSCK5120.REC	flac;cover=cover.jpg	Music/Recovered/My Chemical Romance/The Black Parade/06 - I Don't Love You.flac
FSCK5121.REC	flac;cover=cover.jpg	Music/Recovered/My Chemical Romance/The Black Parade/07 - House of Wolves.flac
FSCK5122.REC	flac;cover=cover.jpg	Music/Recovered/My Chemical Romance/The Black Parade/08 - Cancer.flac
FSCK5123.REC	flac;cover=cover.jpg	Music/Recovered/My Chemical Romance/The Black Parade/09 - Mama.flac
FSCK5124.REC	flac;cover=cover.jpg	Music/Recovered/My Chemical Romance/The Black Parade/10 - Sleep.flac
FSCK5125.REC	flac;cover=cover.jpg	Music/Recovered/My Chemical Romance/The Black Parade/11 - Teenagers.flac
FSCK5126.REC	flac;cover=cover.jpg	Music/Recovered/My Chemical Romance/The Black Parade/12 - Disenchanted.flac
FSCK5127.REC	flac;cover=cover.jpg	Music/Recovered/My Chemical Romance/The Black Parade/13 - Famous Last Words.flac
FSCK5129.REC	flac;cover=cover.jpg	Music/Recovered/My Chemical Romance/The Black Parade/14 - Blood (Hidden Track).flac
FSCK5132.REC	flac;cover=cover.jpg	Music/Recovered/Yellowcard/Ocean Avenue/01 - Way Away.flac
FSCK5133.REC	flac;cover=cover.jpg	Music/Recovered/Yellowcard/Ocean Avenue/02 - Breathing.flac
FSCK5134.REC	flac;cover=cover.jpg	Music/Recovered/Yellowcard/Ocean Avenue/03 - Ocean Avenue.flac
FSCK5135.REC	flac;cover=cover.jpg	Music/Recovered/Yellowcard/Ocean Avenue/04 - Empty Apartment.flac
FSCK5136.REC	flac;cover=cover.jpg	Music/Recovered/Yellowcard/Ocean Avenue/05 - Life Of A Salesman.flac
FSCK5137.REC	flac;cover=cover.jpg	Music/Recovered/Yellowcard/Ocean Avenue/06 - Only One.flac
FSCK5138.REC	flac;cover=cover.jpg	Music/Recovered/Yellowcard/Ocean Avenue/07 - Miles Apart.flac
FSCK5139.REC	flac;cover=cover.jpg	Music/Recovered/Yellowcard/Ocean Avenue/08 - Twentythree.flac
FSCK5140.REC	flac;cover=cover.jpg	Music/Recovered/Yellowcard/Ocean Avenue/09 - View From Heaven.flac
FSCK5141.REC	flac;cover=cover.jpg	Music/Recovered/Yellowcard/Ocean Avenue/10 - Inside Out.flac
FSCK5143.REC	flac;cover=cover.jpg	Music/Recovered/Yellowcard/Ocean Avenue/11 - Believe.flac
FSCK5144.REC	flac;cover=cover.jpg	Music/Recovered/Yellowcard/Ocean Avenue/12 - One Year, Six Months.flac
FSCK5145.REC	flac;cover=cover.jpg	Music/Recovered/Yellowcard/Ocean Avenue/13 - Back Home.flac
FSCK5150.REC	flac;cover=cover.jpg	Music/Recovered/Billie Eilish, Khalid/lovely/01 - lovely.flac
FSCK5153.REC	flac;cover=cover.jpg	Music/Recovered/Paramore/Brand New Eyes/01 - Careful.flac
FSCK5154.REC	flac;cover=cover.jpg	Music/Recovered/Paramore/Brand New Eyes/02 - Ignorance.flac
FSCK5155.REC	flac;cover=cover.jpg	Music/Recovered/Paramore/Brand New Eyes/03 - Playing God.flac
FSCK5156.REC	flac;cover=cover.jpg	Music/Recovered/Paramore/Brand New Eyes/04 - Brick by Boring Brick.flac
FSCK5157.REC	flac;cover=cover.jpg	Music/Recovered/Paramore/Brand New Eyes/05 - Turn It Off.flac
FSCK5158.REC	flac;cover=cover.jpg	Music/Recovered/Paramore/Brand New Eyes/06 - The Only Exception.flac
FSCK5159.REC	flac;cover=cover.jpg	Music/Recovered/Paramore/Brand New Eyes/07 - Feeling Sorry.flac
FSCK5160.REC	flac;cover=cover.jpg	Music/Recovered/Paramore/Brand New Eyes/08 - Looking Up.flac
FSCK5161.REC	flac;cover=cover.jpg	Music/Recovered/Paramore/Brand New Eyes/09 - Where the Lines Overlap.flac
FSCK5162.REC	flac;cover=cover.jpg	Music/Recovered/Paramore/Brand New Eyes/10 - Misguided Ghosts.flac
FSCK5163.REC	flac;cover=cover.jpg	Music/Recovered/Paramore/Brand New Eyes/11 - All I Wanted.flac
FSCK5166.REC	flac;cover=cover.jpg	Music/Recovered/Cage The Elephant/Unpeeled/01 - Cry Baby (Unpeeled).flac
FSCK5167.REC	flac;cover=cover.jpg	Music/Recovered/Cage The Elephant/Unpeeled/02 - Whole Wide World (Unpeeled).flac
FSCK5168.REC	flac;cover=cover.jpg	Music/Recovered/Cage The Elephant/Unpeeled/03 - Sweetie Little Jean (Unpeeled).flac
FSCK5169.REC	flac;cover=cover.jpg	Music/Recovered/Cage The Elephant/Unpeeled/04 - Spiderhead (Unpeeled).flac
FSCK5170.REC	flac;cover=cover.jpg	Music/Recovered/Cage The Elephant/Unpeeled/05 - Take It or Leave It (Unpeeled).flac
FSCK5171.REC	flac;cover=cover.jpg	Music/Recovered/Cage The Elephant/Unpeeled/06 - Too Late To Say Goodbye (Unpeeled).flac
FSCK5172.REC	flac;cover=cover.jpg	Music/Recovered/Cage The Elephant/Unpeeled/07 - Punchin' Bag (Unpeeled).flac
FSCK5173.REC	flac;cover=cover.jpg	Music/Recovered/Cage The Elephant/Unpeeled/08 - Shake Me Down (Unpeeled).flac
FSCK5174.REC	flac;cover=cover.jpg	Music/Recovered/Cage The Elephant/Unpeeled/09 - Telescope (Unpeeled).flac
FSCK5175.REC	flac;cover=cover.jpg	Music/Recovered/Cage The Elephant/Unpeeled/10 - Instant Crush (Unpeeled).flac
FSCK5176.REC	flac;cover=cover.jpg	Music/Recovered/Cage The Elephant/Unpeeled/11 - Trouble (Unpeeled).flac
FSCK5177.REC	flac;cover=cover.jpg	Music/Recovered/Cage The Elephant/Unpeeled/12 - Ain't No Rest for the Wicked (Unpeeled).flac
FSCK5178.REC	flac;cover=cover.jpg	Music/Recovered/Cage The Elephant/Unpeeled/13 - Rubber Ball (Unpeeled).flac
FSCK5179.REC	flac;cover=cover.jpg	Music/Recovered/Cage The Elephant/Unpeeled/14 - Aberdeen (Unpeeled).flac
FSCK5180.REC	flac;cover=cover.jpg	Music/Recovered/Cage The Elephant/Unpeeled/15 - Golden Brown (Unpeeled).flac
FSCK5181.REC	flac;cover=cover.jpg	Music/Recovered/Cage The Elephant/Unpeeled/16 - Cold Cold Cold (Unpeeled).flac
FSCK5182.REC	flac;cover=cover.jpg	Music/Recovered/Cage The Elephant/Unpeeled/17 - How Are You True (Unpeeled).flac
FSCK5183.REC	flac;cover=cover.jpg	Music/Recovered/Cage The Elephant/Unpeeled/18 - Come a Little Closer (Unpeeled).flac
FSCK5184.REC	flac;cover=cover.jpg	Music/Recovered/Cage The Elephant/Unpeeled/19 - Back Against the Wall (Unpeeled).flac
FSCK5185.REC	flac;cover=cover.jpg	Music/Recovered/Cage The Elephant/Unpeeled/20 - Cigarette Daydreams (Unpeeled).flac
FSCK5186.REC	flac;cover=cover.jpg	Music/Recovered/Cage The Elephant/Unpeeled/21 - Right Before My Eyes (Unpeeled).flac
FSCK5189.REC	flac;cover=cover.jpg	Music/Recovered/Disturbed/Ten Thousand Fists/01 - Ten Thousand Fists.flac
FSCK5190.REC	flac;cover=cover.jpg	Music/Recovered/Disturbed/Ten Thousand Fists/02 - Just Stop.flac
FSCK5191.REC	flac;cover=cover.jpg	Music/Recovered/Disturbed/Ten Thousand Fists/03 - Guarded.flac
FSCK5192.REC	flac;cover=cover.jpg	Music/Recovered/Disturbed/Ten Thousand Fists/04 - Deify.flac
FSCK5193.REC	flac;cover=cover.jpg	Music/Recovered/Disturbed/Ten Thousand Fists/05 - Stricken.flac
FSCK5194.REC	flac;cover=cover.jpg	Music/Recovered/Disturbed/Ten Thousand Fists/06 - I'm Alive.flac
FSCK5195.REC	flac;cover=cover.jpg	Music/Recovered/Disturbed/Ten Thousand Fists/07 - Sons of Plunder.flac
FSCK5196.REC	flac;cover=cover.jpg	Music/Recovered/Disturbed/Ten Thousand Fists/08 - Overburdened.flac
FSCK5197.REC	flac;cover=cover.jpg	Music/Recovered/Disturbed/Ten Thousand Fists/09 - Decadence.flac
FSCK5198.REC	flac;cover=cover.jpg	Music/Recovered/Disturbed/Ten Thousand Fists/10 - Forgiven.flac
FSCK5199.REC	flac;cover=cover.jpg	Music/Recovered/Disturbed/Ten Thousand Fists/11 - Land of Confusion.flac
FSCK5200.REC	flac;cover=cover.jpg	Music/Recovered/Disturbed/Ten Thousand Fists/12 - Sacred Lie.flac
FSCK5201.REC	flac;cover=cover.jpg	Music/Recovered/Disturbed/Ten Thousand Fists/13 - Pain Redefined.flac
FSCK5202.REC	flac;cover=cover.jpg	Music/Recovered/Disturbed/Ten Thousand Fists/14 - Avarice.flac
FSCK5205.REC	flac;cover=cover.jpg	Music/Recovered/Emma Blackery/Goldfish/01 - Goldfish.flac
FSCK5206.REC	flac;cover=cover.jpg	Music/Recovered/Emma Blackery/Goldfish/03 - Right Times.flac
FSCK5210.REC	flac;cover=cover.jpg	Music/Recovered/Oliver Tree, David Guetta/Here We Go Again/01 - Here We Go Again.flac
FSCK5213.REC	flac;cover=cover.jpg	Music/Recovered/Bronnie/Jaded/01 - Jaded.flac
FSCK5214.REC	flac;cover=cover.jpg	Music/Recovered/Bronnie/Jaded/02 - Back And Forth.flac
FSCK5215.REC	flac;cover=cover.jpg	Music/Recovered/Bronnie/Jaded/03 - OH!.flac
FSCK5216.REC	flac;cover=cover.jpg	Music/Recovered/Bronnie/Jaded/04 - Paranoid.flac
FSCK5217.REC	flac;cover=cover.jpg	Music/Recovered/Bronnie/Jaded/05 - Toxic.flac
FSCK5218.REC	flac;cover=cover.jpg	Music/Recovered/Bronnie/Jaded/06 - Scream.flac
FSCK5219.REC	flac;cover=cover.jpg	Music/Recovered/Bronnie/Jaded/07 - Ur Ex Gf.flac
FSCK5220.REC	flac;cover=cover.jpg	Music/Recovered/Bronnie/Jaded/08 - Lipstick.flac
FSCK5221.REC	flac;cover=cover.jpg	Music/Recovered/Bronnie/Jaded/09 - Plead Insanity.flac
FSCK5222.REC	flac;cover=cover.jpg	Music/Recovered/Bronnie/Jaded/10 - Drown In Your Misery.flac
FSCK5223.REC	flac;cover=cover.jpg	Music/Recovered/Bronnie/Jaded/11 - 3am.flac
FSCK5224.REC	flac;cover=cover.jpg	Music/Recovered/Bronnie/Jaded/12 - Friendzone.flac
FSCK5225.REC	flac;cover=cover.jpg	Music/Recovered/Bronnie/Jaded/13 - Galaxy.flac
FSCK5228.REC	flac;cover=cover.jpg	Music/Recovered/Mike Shinoda/Already Over/01 - Already Over.flac
FSCK5231.REC	flac;cover=cover.jpg	Music/Recovered/The Raconteurs/Broken Boy Soldiers/01 - Steady, As She Goes.flac
FSCK5234.REC	flac;cover=cover.jpg	Music/Recovered/The Pretty Reckless/Who You Selling For/01 - The Walls Are Closing In _ Hangman.flac
FSCK5235.REC	flac;cover=cover.jpg	Music/Recovered/The Pretty Reckless/Who You Selling For/02 - Oh My God.flac
FSCK5236.REC	flac;cover=cover.jpg	Music/Recovered/The Pretty Reckless/Who You Selling For/03 - Take Me Down.flac
FSCK5237.REC	flac;cover=cover.jpg	Music/Recovered/The Pretty Reckless/Who You Selling For/04 - Prisoner.flac
FSCK5238.REC	flac;cover=cover.jpg	Music/Recovered/The Pretty Reckless/Who You Selling For/05 - Wild City.flac
FSCK5239.REC	flac;cover=cover.jpg	Music/Recovered/The Pretty Reckless/Who You Selling For/07 - Who You Selling For.flac
FSCK5240.REC	flac;cover=cover.jpg	Music/Recovered/The Pretty Reckless/Who You Selling For/08 - Bedroom Window.flac
FSCK5241.REC	flac;cover=cover.jpg	Music/Recovered/The Pretty Reckless/Who You Selling For/09 - Living In The Storm.flac
FSCK5242.REC	flac;cover=cover.jpg	Music/Recovered/The Pretty Reckless/Who You Selling For/10 - Already Dead.flac
FSCK5243.REC	flac;cover=cover.jpg	Music/Recovered/The Pretty Reckless/Who You Selling For/11 - The Devil's Back.flac
FSCK5244.REC	flac;cover=cover.jpg	Music/Recovered/The Pretty Reckless/Who You Selling For/12 - Mad Love.flac
FSCK5245.REC	flac;cover=cover.jpg	Music/Recovered/The Pretty Reckless, Warren Haynes/Who You Selling For/06 - Back To The River.flac
