#include "lcd.h"
#include "/home/david/Documents/RockBox_Personal-master/build-hw-ipodnano2g/bitmaps/rockboxlogo.h"
const unsigned short rockboxlogo[] = {
0x2887, 0x2887, 0x2887, 0x2887, 0x2887, 0x2887, 0x30a7, 0x2887, 0x2887, 0x2887,
0x2887, 0x2887, 0x2887, 0x2887, 0x2887, 0x2887, 0x2887, 0x2887, 0x2887, 0x2887,
0x2887, 0x2887, 0x2887, 0x2887, 0x2887, 0x2887, 0x2887, 0x2887, 0x2887, 0x2887,
0x2887, 0x2887, 0x30a7, 0x2887, 0x2887, 0x2887, 0x2887, 0x2887, 0x2887, 0x30a7,
0x2887, 0x2887, 0x2887, 0x2887, 0x3087, 0x2887, 0x30a7, 0x2887, 0x2887, 0x2887,
0x2887, 0x30a7, 0x2887, 0x2887, 0x2887, 0x2887, 0x2887, 0x2887, 0x2887, 0x2887,
0x2887, 0x2887, 0x28a7, 0x2887, 0x28a7, 0x28a7, 0x28a7, 0x28a7, 0x2887, 0x28a7,
0x28a7, 0x2887, 0x28a7, 0x28a7, 0x20a7, 0x20a7, 0x20a7, 0x28a7, 0x28a7, 0x28a7,
0x28a7, 0x2887, 0x28a7, 0x28a7, 0x2887, 0x28a7, 0x2887, 0x30a7, 0x28a7, 0x2887,
0x28a7, 0x2887, 0x2887, 0x28a7, 0x28a8, 0x30a8, 0x30c8, 0x30c8, 0x2888, 0x28a8,
0x28a8, 0x30a8, 0x30a8, 0x30a8, 0x30c8, 0x30c8, 0x30a8, 0x30c8, 0x30c8, 0x30c8,
0x30e9, 0x30c9, 0x30c9, 0x30c9, 0x3909, 0x30c9, 0x38e9, 0x390a, 0x38ea, 0x38ea,
0x38eb, 0x410b, 0x410b, 0x38eb, 0x38eb, 0x38ea, 0x410b, 0x410b, 0x38eb, 0x40eb,
0x38eb, 0x38eb, 0x38eb, 0x38ea, 0x38ea, 0x40ea, 0x38ca, 0x38ca, 0x40ca, 0x38ca,
0x38ca, 0x30a8, 0x2887, 0x2887, 0x2887, 0x2887, 0x3087, 0x3087, 0x2887, 0x2887,
0x2887, 0x2887, 0x2887, 0x2887, 0x30a7, 0x2887, 0x2887, 0x2887, 0x2887, 0x2887,
0x2887, 0x2887, 0x2887, 0x2887, 0x2887, 0x3087, 0x30a7, 0x2887, 0x2887, 0x2887,
0x2887, 0x2887, 0x2887, 0x2887, 0x2887, 0x2887, 
0x2887, 0x2887, 0x2887, 0x2887, 0x30a7, 0x2887, 0x2887, 0x2887, 0x2887, 0x2887,
0x30a7, 0x2887, 0x2887, 0x2887, 0x2887, 0x2887, 0x2887, 0x2887, 0x2887, 0x2887,
0x2887, 0x2887, 0x2887, 0x2887, 0x2887, 0x2887, 0x2887, 0x2887, 0x2887, 0x2887,
0x2887, 0x2887, 0x2887, 0x2887, 0x2887, 0x2887, 0x2887, 0x2887, 0x2887, 0x3087,
0x2887, 0x2887, 0x2887, 0x30a7, 0x2887, 0x2887, 0x2887, 0x2887, 0x2887, 0x2887,
0x2887, 0x2887, 0x2887, 0x30a7, 0x2887, 0x2887, 0x2887, 0x2887, 0x2887, 0x2887,
0x2887, 0x2887, 0x2887, 0x2887, 0x28a7, 0x28a7, 0x28a7, 0x2887, 0x28a7, 0x28a7,
0x2887, 0x28a7, 0x28a7, 0x2887, 0x2887, 0x2887, 0x2887, 0x28a7, 0x28a7, 0x2887,
0x28a7, 0x2887, 0x28a7, 0x28a7, 0x28a7, 0x28a7, 0x28a7, 0x2887, 0x28a7, 0x30a7,
0x2887, 0x2887, 0x2887, 0x2888, 0x2888, 0x2887, 0x28a8, 0x30a8, 0x28a8, 0x28a8,
0x30a8, 0x30a8, 0x30a8, 0x30a8, 0x30a8, 0x30a8, 0x30a8, 0x30a8, 0x30a8, 0x30c8,
0x30c9, 0x30c9, 0x30c8, 0x48eb, 0x510c, 0x30e9, 0x38ea, 0x38ea, 0x38ea, 0x390a,
0x390b, 0x494c, 0x410b, 0x40ea, 0x40eb, 0x40ea, 0x38eb, 0x40eb, 0x38eb, 0x40eb,
0x40eb, 0x40eb, 0x40eb, 0x40eb, 0x38ea, 0x38ea, 0x38ca, 0x40ca, 0x40ea, 0x38ca,
0x38ca, 0x3088, 0x2887, 0x2887, 0x3087, 0x2887, 0x2887, 0x3087, 0x2887, 0x2887,
0x3087, 0x3087, 0x2887, 0x2887, 0x2887, 0x2887, 0x2887, 0x2887, 0x2887, 0x2887,
0x2887, 0x2887, 0x2887, 0x2887, 0x2887, 0x2887, 0x2887, 0x2887, 0x2887, 0x2887,
0x2887, 0x2887, 0x2887, 0x2887, 0x2887, 0x3087, 
0x2887, 0x2887, 0x2887, 0x2887, 0x490a, 0x38c8, 0x3087, 0x2887, 0x30a7, 0x2887,
0x2887, 0x2887, 0x2887, 0x2887, 0x2887, 0x3087, 0x2887, 0x2887, 0x2887, 0x2887,
0x2887, 0x2887, 0x2887, 0x2887, 0x2887, 0x30a7, 0x2887, 0x2887, 0x30a7, 0x2887,
0x2887, 0x2887, 0x2887, 0x2887, 0x2887, 0x2887, 0x3087, 0x490a, 0x30a7, 0x30a7,
0x2887, 0x30a8, 0x2887, 0x30a7, 0x2887, 0x2887, 0x2887, 0x2887, 0x30a7, 0x3087,
0x2887, 0x2887, 0x2887, 0x2887, 0x2887, 0x2887, 0x3087, 0x2887, 0x30a7, 0x2887,
0x28a7, 0x2887, 0x2887, 0x2887, 0x2887, 0x2887, 0x28a7, 0x28a7, 0x28a7, 0x28c7,
0x2887, 0x28a7, 0x2887, 0x28a7, 0x28a7, 0x28a7, 0x2887, 0x2887, 0x2887, 0x2887,
0x2887, 0x28a7, 0x2887, 0x2887, 0x28a7, 0x28a7, 0x28a7, 0x30a8, 0x28a7, 0x28a7,
0x28a7, 0x28a7, 0x2887, 0x2888, 0x28a8, 0x30a8, 0x30a8, 0x28a8, 0x28a8, 0x30a8,
0x30a8, 0x30a8, 0x30c8, 0x30a8, 0x30a8, 0x30a8, 0x30a8, 0x30a8, 0x30c9, 0x30c9,
0x30e9, 0x30c9, 0x30e9, 0x40ea, 0x40ea, 0x30e9, 0x38ea, 0x38ea, 0x390b, 0x390b,
0x410b, 0x410b, 0x38ea, 0x40ea, 0x40ea, 0x40ea, 0x40ea, 0x40ea, 0x40ea, 0x40eb,
0x40eb, 0x40eb, 0x40eb, 0x40eb, 0x40eb, 0x38eb, 0x40eb, 0x40ea, 0x40ca, 0x40ca,
0x40ca, 0x30a8, 0x2887, 0x2887, 0x38c8, 0x410a, 0x3087, 0x3087, 0x2887, 0x30a7,
0x2887, 0x3087, 0x2887, 0x2887, 0x2887, 0x2887, 0x3087, 0x2887, 0x2887, 0x2887,
0x2887, 0x2887, 0x3087, 0x2887, 0x2887, 0x2887, 0x2887, 0x2887, 0x2887, 0x2887,
0x2887, 0x2887, 0x2887, 0x2887, 0x2887, 0x2887, 
0x2887, 0x2887, 0x2887, 0x2887, 0x2887, 0x2887, 0x2887, 0x2887, 0x2887, 0x2887,
0x2887, 0x2887, 0x2887, 0x2887, 0x2887, 0x2887, 0x2887, 0x2887, 0x3087, 0x30a7,
0x2887, 0x2887, 0x3087, 0x2887, 0x2887, 0x2887, 0x30a7, 0x2887, 0x2887, 0x2887,
0x2887, 0x2887, 0x2887, 0x2887, 0x2887, 0x2887, 0x2887, 0x30a8, 0x30a7, 0x3087,
0x2887, 0x2887, 0x2887, 0x3087, 0x2887, 0x3087, 0x2887, 0x30a7, 0x2887, 0x2887,
0x2887, 0x30a7, 0x2887, 0x2887, 0x2887, 0x30a7, 0x2887, 0x2887, 0x30a7, 0x2887,
0x30a7, 0x2887, 0x2887, 0x28a7, 0x28a7, 0x2887, 0x28a7, 0x28a7, 0x28a7, 0x28a7,
0x28a7, 0x28a7, 0x28a7, 0x28a7, 0x28a7, 0x28a7, 0x2887, 0x28a7, 0x28a7, 0x2887,
0x28a7, 0x28a7, 0x2887, 0x28a7, 0x28a7, 0x28a7, 0x2887, 0x28a7, 0x28a7, 0x2887,
0x28a7, 0x28a7, 0x2888, 0x28a8, 0x30a8, 0x30a8, 0x30a8, 0x30a8, 0x28a8, 0x30a8,
0x30a8, 0x30a8, 0x30a8, 0x30a8, 0x30a8, 0x30a8, 0x30a8, 0x30c8, 0x30c9, 0x30c9,
0x30c9, 0x30e9, 0x38e9, 0x30e9, 0x30e9, 0x38ea, 0x390b, 0x410c, 0x410b, 0x410b,
0x410b, 0x38ea, 0x410b, 0x410b, 0x38ea, 0x38e9, 0x40ea, 0x40ea, 0x40ea, 0x40ea,
0x40ea, 0x40eb, 0x40eb, 0x40eb, 0x40eb, 0x40eb, 0x40eb, 0x40eb, 0x40ea, 0x40eb,
0x40ea, 0x30a8, 0x2887, 0x2887, 0x2887, 0x3087, 0x30a7, 0x2887, 0x2887, 0x2887,
0x2887, 0x2887, 0x2887, 0x2887, 0x2887, 0x2887, 0x2887, 0x2887, 0x2887, 0x2887,
0x2887, 0x2887, 0x2887, 0x2887, 0x2887, 0x2887, 0x2887, 0x2887, 0x2887, 0x2887,
0x2887, 0x2887, 0x2887, 0x2887, 0x30a7, 0x2887, 
0x2887, 0x2887, 0x2887, 0x2887, 0x2887, 0x2887, 0x3087, 0x38c8, 0x2887, 0x3087,
0x2887, 0x30a7, 0x2887, 0x2887, 0x30a7, 0x2887, 0x2887, 0x2887, 0x2887, 0x30a8,
0x2887, 0x30a8, 0x30a7, 0x2887, 0x2887, 0x2887, 0x30a7, 0x2887, 0x2887, 0x2887,
0x2887, 0x2887, 0x2887, 0x30a7, 0x30a7, 0x2887, 0x2887, 0x2887, 0x2887, 0x30a7,
0x30a8, 0x2887, 0x3087, 0x2887, 0x3087, 0x2887, 0x2887, 0x30a7, 0x2887, 0x2887,
0x2887, 0x3087, 0x30a8, 0x2887, 0x30c8, 0x30a7, 0x2887, 0x2887, 0x2887, 0x30a8,
0x2887, 0x2887, 0x2887, 0x2887, 0x28a7, 0x2887, 0x28a7, 0x28a7, 0x2887, 0x2887,
0x28c7, 0x28a7, 0x28a7, 0x28a7, 0x28a7, 0x2887, 0x28a7, 0x28a7, 0x2887, 0x28a7,
0x28a7, 0x28a7, 0x28a7, 0x28a7, 0x28a7, 0x30a8, 0x2887, 0x28a7, 0x28a7, 0x30a8,
0x28a7, 0x28a8, 0x28a8, 0x28a8, 0x28a8, 0x30a8, 0x30a8, 0x30a8, 0x30a8, 0x30a8,
0x30c8, 0x30a8, 0x30a8, 0x30c8, 0x30c9, 0x30c9, 0x30c9, 0x30c9, 0x30c9, 0x30c9,
0x30e9, 0x390a, 0x38ea, 0x38ea, 0x390b, 0x612e, 0x714f, 0x492d, 0x512d, 0x594e,
0x492c, 0x492c, 0x492d, 0x492c, 0x40ea, 0x40ea, 0x492c, 0x410b, 0x410b, 0x38e9,
0x40ea, 0x410b, 0x40ea, 0x38ea, 0x410b, 0x410b, 0x410b, 0x410b, 0x40eb, 0x40eb,
0x40ea, 0x30a8, 0x2887, 0x2887, 0x2887, 0x2887, 0x2887, 0x30c8, 0x30a7, 0x2887,
0x2887, 0x2887, 0x30a7, 0x2887, 0x2887, 0x2887, 0x2887, 0x2887, 0x2887, 0x2887,
0x2887, 0x2887, 0x2887, 0x2887, 0x2887, 0x2887, 0x2887, 0x2887, 0x2887, 0x2887,
0x2887, 0x2887, 0x2887, 0x30a7, 0x2887, 0x2887, 
0x2887, 0x2887, 0x2887, 0x2887, 0x2887, 0x2887, 0x2887, 0x30a7, 0x2887, 0x2887,
0x2887, 0x2887, 0x2887, 0x2887, 0x2887, 0x2887, 0x2887, 0x2887, 0x3087, 0x2887,
0x2887, 0x28a7, 0x2887, 0x2887, 0x30a7, 0x2887, 0x2887, 0x2887, 0x2887, 0x2887,
0x2887, 0x2887, 0x2887, 0x2887, 0x2887, 0x2887, 0x2887, 0x2887, 0x2887, 0x3087,
0x30a7, 0x2887, 0x2887, 0x2887, 0x30a7, 0x2887, 0x2887, 0x2887, 0x2887, 0x2887,
0x2887, 0x30a7, 0x2887, 0x2887, 0x30a8, 0x2887, 0x2887, 0x30a7, 0x2887, 0x2887,
0x2887, 0x2887, 0x2887, 0x2887, 0x2887, 0x28a7, 0x28a7, 0x28a7, 0x28a7, 0x28a7,
0x28a7, 0x28a7, 0x28a7, 0x28a7, 0x28a7, 0x2887, 0x28a7, 0x2887, 0x2887, 0x2887,
0x2887, 0x28a7, 0x30a7, 0x28a7, 0x30a8, 0x30a8, 0x28a7, 0x28a7, 0x30a8, 0x30a8,
0x28a8, 0x28a8, 0x30a8, 0x30c8, 0x30a8, 0x30a8, 0x30a8, 0x30a8, 0x30a8, 0x30a8,
0x30a8, 0x30c8, 0x30c9, 0x30c9, 0x30c9, 0x30c9, 0x30c9, 0x30c9, 0x30e9, 0x38e9,
0x38ea, 0x38ea, 0x492c, 0x410b, 0x410c, 0x7950, 0x8171, 0x492d, 0x494e, 0x596f,
0x516f, 0x518f, 0x494e, 0x492d, 0x410b, 0x40ea, 0x410b, 0x412b, 0x410a, 0x40ea,
0x410a, 0x410b, 0x390a, 0x410b, 0x410b, 0x410b, 0x410b, 0x410b, 0x410b, 0x40eb,
0x40ea, 0x30a8, 0x2887, 0x2887, 0x2887, 0x2887, 0x2887, 0x30a7, 0x3087, 0x2887,
0x2887, 0x2887, 0x2887, 0x2887, 0x2887, 0x2887, 0x2887, 0x2887, 0x2887, 0x2887,
0x2887, 0x2887, 0x2887, 0x2887, 0x2887, 0x2887, 0x2887, 0x2887, 0x2887, 0x2887,
0x2887, 0x2887, 0x2887, 0x2887, 0x2887, 0x2887, 
0x2887, 0x2887, 0x2887, 0x2887, 0x2887, 0x2887, 0x2887, 0x2887, 0x2887, 0x2887,
0x2887, 0x2887, 0x2887, 0x2887, 0x30a8, 0x2887, 0x2887, 0x2887, 0x2887, 0x30a7,
0x30a7, 0x2887, 0x2887, 0x2887, 0x2887, 0x2887, 0x2887, 0x2887, 0x2887, 0x2887,
0x30a7, 0x2887, 0x2887, 0x2887, 0x2887, 0x2887, 0x2887, 0x2887, 0x2887, 0x2887,
0x2887, 0x2887, 0x2887, 0x2887, 0x2887, 0x2887, 0x30a8, 0x30a7, 0x2887, 0x2887,
0x2887, 0x2887, 0x30a7, 0x2887, 0x2887, 0x2887, 0x2887, 0x2887, 0x2887, 0x2887,
0x2887, 0x28a7, 0x2887, 0x28a7, 0x28a7, 0x28a7, 0x2087, 0x28c7, 0x28c7, 0x28c7,
0x2887, 0x28a7, 0x28a7, 0x2887, 0x2887, 0x28a7, 0x28a7, 0x28a7, 0x2887, 0x2887,
0x28a7, 0x28a7, 0x2887, 0x28a7, 0x30a8, 0x30a8, 0x28a8, 0x30c8, 0x30a8, 0x28a8,
0x30a8, 0x30c8, 0x28a8, 0x30c8, 0x30a8, 0x30a8, 0x30a8, 0x30a8, 0x30a8, 0x30c8,
0x30c8, 0x30c9, 0x30c9, 0x30c9, 0x30c9, 0x30c9, 0x30e9, 0x30e9, 0x38e9, 0x38ea,
0x390a, 0x390b, 0x492c, 0x410b, 0x492c, 0x514e, 0x514e, 0x494d, 0x496e, 0x496d,
0x492c, 0x492b, 0x492c, 0x512d, 0x696f, 0x512c, 0x40ea, 0x40e9, 0x4109, 0x410a,
0x410b, 0x410b, 0x390a, 0x410b, 0x412c, 0x410b, 0x412c, 0x410c, 0x410b, 0x410b,
0x40eb, 0x30a8, 0x2887, 0x2887, 0x2887, 0x2887, 0x2887, 0x2887, 0x2887, 0x2887,
0x2887, 0x2887, 0x2887, 0x2887, 0x30c8, 0x3087, 0x3087, 0x2887, 0x2887, 0x2887,
0x2887, 0x2887, 0x2887, 0x2887, 0x2887, 0x2887, 0x2887, 0x2887, 0x30a7, 0x2887,
0x2887, 0x2887, 0x2887, 0x2887, 0x2887, 0x2887, 
0x2887, 0x2887, 0x2887, 0x2887, 0x2887, 0x2887, 0x2887, 0x2887, 0x2887, 0x2887,
0x2887, 0x2887, 0x2887, 0x2887, 0x30a7, 0x2887, 0x2887, 0x2887, 0x2887, 0x2887,
0x2887, 0x2887, 0x2887, 0x2887, 0x30a7, 0x2887, 0x2887, 0x2887, 0x2887, 0x2887,
0x2887, 0x2887, 0x2887, 0x2887, 0x2887, 0x2887, 0x2887, 0x2887, 0x2887, 0x2887,
0x2887, 0x2887, 0x2887, 0x2887, 0x2887, 0x2887, 0x30a8, 0x30a8, 0x2887, 0x2887,
0x2887, 0x2887, 0x2887, 0x2887, 0x2887, 0x2887, 0x2887, 0x28a7, 0x2887, 0x2887,
0x28a7, 0x28a7, 0x28a7, 0x2887, 0x28a7, 0x28a7, 0x28a7, 0x28a7, 0x28a7, 0x28a7,
0x28a7, 0x28a7, 0x28a7, 0x2887, 0x28a7, 0x28a7, 0x28a7, 0x28a7, 0x28a7, 0x28a7,
0x28a7, 0x28a7, 0x30a8, 0x30a8, 0x28a8, 0x30a8, 0x30a8, 0x30a8, 0x30a8, 0x30a8,
0x30a8, 0x30c8, 0x30a8, 0x30a8, 0x30a8, 0x30a8, 0x30c8, 0x30c9, 0x30c9, 0x30c9,
0x30c9, 0x30c9, 0x30c9, 0x30c9, 0x30e9, 0x38e9, 0x390a, 0x38e9, 0x38e9, 0x390a,
0x390a, 0x412b, 0x412c, 0x414c, 0x494d, 0x414d, 0x494d, 0x412b, 0x390a, 0x410a,
0x410a, 0x410a, 0x492b, 0x512c, 0x7970, 0x614e, 0x410a, 0x410a, 0x4109, 0x38e9,
0x410a, 0x410a, 0x410a, 0x410b, 0x412c, 0x412c, 0x412c, 0x412c, 0x410b, 0x410b,
0x410b, 0x30a8, 0x2887, 0x3087, 0x3087, 0x2887, 0x2887, 0x2887, 0x2887, 0x2887,
0x2887, 0x2887, 0x2887, 0x2887, 0x30a8, 0x3087, 0x2887, 0x2887, 0x2887, 0x2887,
0x2887, 0x2887, 0x2887, 0x2887, 0x2887, 0x2887, 0x30a7, 0x2887, 0x2887, 0x2887,
0x2887, 0x2887, 0x2887, 0x2887, 0x2887, 0x2887, 
0x2887, 0x2887, 0x2887, 0x2887, 0x2887, 0x2887, 0x2887, 0x2887, 0x2887, 0x30a7,
0x2887, 0x2887, 0x2887, 0x2887, 0x30a7, 0x2887, 0x2887, 0x30a7, 0x2887, 0x2887,
0x2887, 0x2887, 0x2887, 0x2887, 0x30a8, 0x2887, 0x2887, 0x2887, 0x2887, 0x2887,
0x2887, 0x2887, 0x2887, 0x2887, 0x2887, 0x2887, 0x2887, 0x3087, 0x2887, 0x2887,
0x2887, 0x2887, 0x30a8, 0x2887, 0x2887, 0x2887, 0x2887, 0x30a8, 0x2887, 0x2887,
0x2887, 0x2887, 0x2887, 0x2887, 0x2887, 0x2887, 0x30a7, 0x30a7, 0x2887, 0x28a7,
0x2887, 0x2887, 0x28a7, 0x28a7, 0x28a7, 0x28a7, 0x28a7, 0x28a7, 0x28a7, 0x28a7,
0x28a7, 0x28a7, 0x2887, 0x28a7, 0x30c8, 0x28a7, 0x28a7, 0x2887, 0x28a7, 0x28a7,
0x30c8, 0x28a7, 0x30c8, 0x30a8, 0x28a8, 0x30a8, 0x30a8, 0x30a8, 0x30a8, 0x30a8,
0x30c8, 0x30a8, 0x30c9, 0x30c8, 0x30c9, 0x30c9, 0x30c9, 0x30c9, 0x30c9, 0x30c9,
0x30c9, 0x30e9, 0x38e9, 0x30e9, 0x38e9, 0x38e9, 0x38e9, 0x38ea, 0x390a, 0x390a,
0x390b, 0x412b, 0x412c, 0x412b, 0x412b, 0x412b, 0x390a, 0x38e8, 0x38e8, 0x38e9,
0x4109, 0x40e9, 0x40e9, 0x490a, 0x490b, 0x512c, 0x492b, 0x410a, 0x410a, 0x4109,
0x38e8, 0x38e8, 0x3909, 0x412b, 0x494c, 0x412c, 0x412c, 0x412c, 0x412c, 0x412b,
0x410b, 0x30a8, 0x2887, 0x2887, 0x2887, 0x3087, 0x2887, 0x3087, 0x2887, 0x2887,
0x30a8, 0x2887, 0x2887, 0x2887, 0x30a7, 0x30a7, 0x2887, 0x3087, 0x2887, 0x2887,
0x3088, 0x2887, 0x2887, 0x2887, 0x2887, 0x2887, 0x2887, 0x2887, 0x28a7, 0x2887,
0x2887, 0x2887, 0x2887, 0x30a8, 0x2887, 0x2887, 
0x2887, 0x2887, 0x2887, 0x2887, 0x2887, 0x2887, 0x2887, 0x2887, 0x2887, 0x2887,
0x2887, 0x2887, 0x2887, 0x2887, 0x2887, 0x2887, 0x2887, 0x30a7, 0x2887, 0x28a7,
0x30a7, 0x28a7, 0x2887, 0x2887, 0x28a7, 0x2887, 0x2887, 0x2887, 0x2887, 0x2887,
0x2887, 0x2887, 0x2887, 0x2887, 0x2887, 0x2887, 0x2887, 0x2887, 0x2887, 0x2887,
0x2887, 0x2887, 0x30a7, 0x2887, 0x2887, 0x2887, 0x2887, 0x2887, 0x2887, 0x2887,
0x30a7, 0x2887, 0x30a8, 0x2887, 0x30a7, 0x2887, 0x2887, 0x30a7, 0x2887, 0x28a7,
0x2887, 0x2887, 0x28a7, 0x28a7, 0x28a7, 0x28a7, 0x28a7, 0x28a7, 0x28a7, 0x28a7,
0x28a7, 0x28a7, 0x2887, 0x2887, 0x2887, 0x28a7, 0x28a7, 0x28a7, 0x30a8, 0x30a8,
0x30a8, 0x28a8, 0x28a8, 0x30a8, 0x30c8, 0x30a8, 0x30a8, 0x30a8, 0x30a8, 0x30c9,
0x30c9, 0x30c9, 0x30c8, 0x30c9, 0x30c9, 0x30c9, 0x30e9, 0x30e9, 0x30e9, 0x30e9,
0x30e9, 0x38ea, 0x38ea, 0x38ea, 0x390a, 0x38e9, 0x38e9, 0x390a, 0x392a, 0x390a,
0x38e9, 0x38e9, 0x38e9, 0x38e8, 0x38e8, 0x38e9, 0x38e8, 0x3909, 0x410a, 0x4109,
0x410a, 0x410a, 0x492b, 0x492c, 0x492b, 0x492c, 0x516d, 0x492c, 0x412b, 0x410a,
0x38e9, 0x38e9, 0x38e9, 0x412b, 0x410b, 0x390b, 0x412c, 0x412c, 0x412c, 0x412c,
0x412c, 0x30c9, 0x2887, 0x30a7, 0x2887, 0x2887, 0x2887, 0x3087, 0x2887, 0x2887,
0x30a7, 0x2887, 0x2887, 0x2887, 0x2887, 0x2887, 0x2887, 0x3088, 0x3088, 0x2887,
0x30a8, 0x2888, 0x2887, 0x2887, 0x2887, 0x2887, 0x2887, 0x2887, 0x2887, 0x30a8,
0x2887, 0x2887, 0x2887, 0x2887, 0x2887, 0x2887, 
0x2887, 0x2887, 0x2887, 0x2887, 0x2887, 0x2887, 0x2887, 0x2887, 0x2887, 0x2887,
0x2887, 0x2887, 0x2887, 0x2887, 0x2887, 0x2887, 0x2887, 0x2887, 0x2887, 0x2887,
0x2887, 0x28a7, 0x2887, 0x2887, 0x2887, 0x2887, 0x2887, 0x2887, 0x2887, 0x2887,
0x2887, 0x2887, 0x2887, 0x2887, 0x2887, 0x2887, 0x2887, 0x2887, 0x2887, 0x2887,
0x2887, 0x2887, 0x2887, 0x2887, 0x2887, 0x2887, 0x2887, 0x2887, 0x2887, 0x2887,
0x2887, 0x2887, 0x2887, 0x30a7, 0x2887, 0x2887, 0x2887, 0x2887, 0x2887, 0x28a7,
0x2887, 0x28a7, 0x28a7, 0x28a7, 0x28a7, 0x28a7, 0x28a7, 0x28a7, 0x28a7, 0x2887,
0x28a7, 0x2887, 0x28a7, 0x28a7, 0x28a7, 0x30a7, 0x30a8, 0x30a8, 0x28a8, 0x30a8,
0x30a8, 0x28a8, 0x30a8, 0x30a8, 0x30a8, 0x30c8, 0x30a8, 0x30c9, 0x30c9, 0x30c9,
0x30c9, 0x30c9, 0x30c9, 0x30c9, 0x3909, 0x3909, 0x3909, 0x38e9, 0x38e9, 0x38e9,
0x38ea, 0x38ea, 0x390a, 0x390a, 0x390a, 0x390a, 0x38e9, 0x38e9, 0x38e9, 0x390a,
0x38e9, 0x30e8, 0x38e8, 0x38e8, 0x30e8, 0x38e8, 0x3909, 0x3909, 0x4109, 0x492a,
0x492b, 0x492b, 0x514d, 0x514d, 0x512c, 0x514c, 0x514d, 0x492c, 0x490b, 0x410a,
0x410a, 0x410a, 0x410a, 0x390a, 0x514e, 0x598f, 0x412b, 0x412c, 0x412b, 0x410b,
0x412c, 0x30c9, 0x2887, 0x30a7, 0x2887, 0x2887, 0x2887, 0x2887, 0x2887, 0x3087,
0x3087, 0x2887, 0x2887, 0x2887, 0x2887, 0x2887, 0x2887, 0x3088, 0x3088, 0x3088,
0x2888, 0x2888, 0x2887, 0x2887, 0x2887, 0x2887, 0x2887, 0x2887, 0x30a8, 0x40eb,
0x2887, 0x2887, 0x2887, 0x2887, 0x2887, 0x2887, 
0x2887, 0x2887, 0x2887, 0x2887, 0x2887, 0x30a7, 0x2887, 0x2887, 0x30a7, 0x2887,
0x2887, 0x2887, 0x2887, 0x2887, 0x2887, 0x2887, 0x2887, 0x30a7, 0x2887, 0x2887,
0x2887, 0x2887, 0x2887, 0x2887, 0x2887, 0x2887, 0x2887, 0x2887, 0x2887, 0x2887,
0x2887, 0x2887, 0x2887, 0x2887, 0x2887, 0x2887, 0x2887, 0x3087, 0x30a8, 0x2887,
0x2887, 0x30a8, 0x2887, 0x2887, 0x2887, 0x2887, 0x2887, 0x2887, 0x2887, 0x2887,
0x30a8, 0x2887, 0x2887, 0x2887, 0x2887, 0x2887, 0x28a7, 0x2887, 0x2887, 0x2887,
0x2887, 0x28c7, 0x28a7, 0x28a7, 0x28a7, 0x28a7, 0x28a7, 0x28a7, 0x28a7, 0x2887,
0x2887, 0x28a7, 0x28a7, 0x28a7, 0x28a7, 0x30a8, 0x28a7, 0x30a8, 0x30a8, 0x28a8,
0x28a8, 0x30c8, 0x30a8, 0x30a8, 0x30a8, 0x30a8, 0x30c8, 0x30c9, 0x30e9, 0x30c9,
0x30c9, 0x30c9, 0x30e9, 0x498b, 0x59eb, 0x49aa, 0x498a, 0x416a, 0x412a, 0x390a,
0x390a, 0x410b, 0x412b, 0x412b, 0x390b, 0x390a, 0x38e9, 0x38e9, 0x390a, 0x412b,
0x390a, 0x30e8, 0x30c8, 0x30e8, 0x38e8, 0x4109, 0x412a, 0x410a, 0x412a, 0x492b,
0x512c, 0x514c, 0x514d, 0x514d, 0x516d, 0x514d, 0x516d, 0x514d, 0x492c, 0x492b,
0x410b, 0x410a, 0x410a, 0x410a, 0x492c, 0x514e, 0x412c, 0x390a, 0x410b, 0x414c,
0x494c, 0x30c9, 0x2887, 0x2887, 0x2887, 0x30a8, 0x30a7, 0x3087, 0x30a7, 0x30a8,
0x2887, 0x2887, 0x2887, 0x2887, 0x2887, 0x3087, 0x3088, 0x3088, 0x30a8, 0x30a8,
0x30a8, 0x30a8, 0x28a8, 0x2887, 0x2887, 0x2887, 0x2887, 0x2887, 0x2887, 0x2887,
0x2887, 0x2887, 0x2887, 0x30a7, 0x30a8, 0x2887, 
0x2887, 0x2887, 0x2887, 0x30a7, 0x2887, 0x2066, 0x2887, 0x2887, 0x2887, 0x2887,
0x2887, 0x2887, 0x2887, 0x2887, 0x2887, 0x2887, 0x30a7, 0x2887, 0x2887, 0x2887,
0x2887, 0x2887, 0x2887, 0x2887, 0x2887, 0x2887, 0x2887, 0x2887, 0x2887, 0x2887,
0x2887, 0x30a7, 0x2887, 0x2887, 0x2887, 0x2887, 0x3087, 0x2887, 0x2066, 0x2887,
0x2887, 0x2887, 0x2887, 0x2887, 0x2887, 0x2887, 0x2887, 0x30a8, 0x38c8, 0x38c8,
0x30a8, 0x28a7, 0x2887, 0x2887, 0x2887, 0x2887, 0x2887, 0x2887, 0x2887, 0x2887,
0x2887, 0x28a7, 0x28a7, 0x28a7, 0x28a7, 0x2887, 0x2887, 0x28a7, 0x28a7, 0x28a7,
0x28a7, 0x28a7, 0x30a7, 0x28a7, 0x28a7, 0x30a8, 0x28a8, 0x28a8, 0x30a8, 0x28a8,
0x30a8, 0x30a8, 0x30a8, 0x30a8, 0x30c9, 0x30c9, 0x30c9, 0x30c9, 0x30e9, 0x3909,
0x3909, 0x3909, 0x59ec, 0x728d, 0x728c, 0x728c, 0x6a4c, 0x59eb, 0x498b, 0x412b,
0x514d, 0x614e, 0x694f, 0x594d, 0x38e9, 0x38e9, 0x390a, 0x390a, 0x390a, 0x3909,
0x38e9, 0x38e9, 0x38e8, 0x38e8, 0x3909, 0x412a, 0x410a, 0x492b, 0x492b, 0x512c,
0x514d, 0x514d, 0x594e, 0x596e, 0x598e, 0x596e, 0x596e, 0x514d, 0x514d, 0x492c,
0x492c, 0x412b, 0x410a, 0x38e9, 0x390a, 0x412b, 0x412c, 0x390a, 0x390a, 0x412c,
0x412c, 0x30c9, 0x2887, 0x3087, 0x3087, 0x2887, 0x2887, 0x3087, 0x2887, 0x2887,
0x3087, 0x2887, 0x2887, 0x2887, 0x2887, 0x3088, 0x3088, 0x30a8, 0x30a8, 0x30a8,
0x30a8, 0x30a8, 0x28a8, 0x2887, 0x30a8, 0x30a8, 0x2887, 0x2887, 0x2887, 0x2887,
0x2887, 0x2887, 0x2887, 0x2887, 0x2887, 0x2887, 
0x2887, 0x2887, 0x2887, 0x2887, 0x2887, 0x690d, 0x38a8, 0x2887, 0x2887, 0x2887,
0x2887, 0x2887, 0x2887, 0x2887, 0x2887, 0x30a8, 0x30a8, 0x2887, 0x2887, 0x2887,
0x2887, 0x2887, 0x2887, 0x28a7, 0x2887, 0x2887, 0x2887, 0x2887, 0x2887, 0x30a7,
0x30a7, 0x2887, 0x2887, 0x2887, 0x2887, 0x2887, 0x2887, 0x3888, 0x58eb, 0x2887,
0x2887, 0x2887, 0x2887, 0x2887, 0x2887, 0x2887, 0x2887, 0x38c9, 0x698e, 0x512b,
0x30a7, 0x2887, 0x2887, 0x2887, 0x2887, 0x28a7, 0x2887, 0x2887, 0x2887, 0x28a7,
0x2887, 0x28a7, 0x28a7, 0x28a7, 0x28a7, 0x28a7, 0x28a7, 0x2887, 0x28a7, 0x30a8,
0x28a7, 0x28a7, 0x30a8, 0x30a8, 0x28a8, 0x30a8, 0x30c8, 0x30a8, 0x30a8, 0x30a8,
0x30a8, 0x30a8, 0x30c9, 0x30c9, 0x30c8, 0x3909, 0x496a, 0x518a, 0x51cb, 0x622d,
0x728e, 0x7ace, 0x8b0f, 0x934f, 0x9b8f, 0xabf0, 0xac31, 0x9bd0, 0x7ace, 0x518b,
0x512c, 0x714f, 0x8170, 0x592c, 0x38e9, 0x38e9, 0x390a, 0x3909, 0x38e9, 0x38e9,
0x38e9, 0x38e9, 0x3909, 0x4109, 0x4109, 0x410a, 0x410a, 0x490a, 0x492b, 0x512b,
0x512c, 0x594d, 0x594d, 0x596d, 0x596e, 0x594e, 0x514e, 0x514e, 0x514d, 0x494d,
0x516d, 0x494b, 0x38ea, 0x38e9, 0x412b, 0x412c, 0x412c, 0x410a, 0x390a, 0x410b,
0x412c, 0x30a8, 0x2887, 0x3087, 0x2887, 0x50eb, 0x58eb, 0x2887, 0x3088, 0x30a7,
0x3088, 0x3087, 0x3087, 0x30a8, 0x3088, 0x30a8, 0x38a9, 0x30a8, 0x30a8, 0x30a8,
0x30a8, 0x2888, 0x28a8, 0x2888, 0x30a8, 0x30a8, 0x2887, 0x2887, 0x2887, 0x2887,
0x2887, 0x2887, 0x2887, 0x2887, 0x2887, 0x2887, 
0x2887, 0x2887, 0x2887, 0x2887, 0x2887, 0x60ec, 0x38a8, 0x2887, 0x2887, 0x2887,
0x2887, 0x28a7, 0x2887, 0x2887, 0x2887, 0x2887, 0x2887, 0x2887, 0x2887, 0x30a7,
0x2887, 0x2887, 0x2887, 0x2887, 0x2887, 0x2887, 0x2887, 0x2887, 0x2887, 0x38c8,
0x38c8, 0x2887, 0x2887, 0x2887, 0x2887, 0x2887, 0x2887, 0x38a9, 0x792f, 0x3087,
0x2887, 0x2887, 0x2887, 0x28a8, 0x30a8, 0x2887, 0x2887, 0x38c9, 0x616d, 0x490b,
0x2887, 0x28a8, 0x30a8, 0x2887, 0x2887, 0x2887, 0x2887, 0x2887, 0x2887, 0x28a7,
0x2887, 0x28a7, 0x28a7, 0x28a7, 0x28a7, 0x28a7, 0x28a8, 0x28a7, 0x28a7, 0x28a8,
0x28a8, 0x28a8, 0x28a8, 0x28a8, 0x30a8, 0x30a8, 0x30c8, 0x30a8, 0x30a8, 0x30c9,
0x30c8, 0x30c9, 0x30c8, 0x38e9, 0x51aa, 0x728c, 0x8b2d, 0x936e, 0x9baf, 0x936f,
0x8b2f, 0x8b2e, 0x936e, 0x936e, 0x8b2d, 0x8b2d, 0x9bae, 0xb450, 0xbc91, 0x9390,
0x59ac, 0x512b, 0x512b, 0x4109, 0x410a, 0x410a, 0x4109, 0x3909, 0x4109, 0x410a,
0x410a, 0x410a, 0x410a, 0x410a, 0x410a, 0x40ea, 0x40e9, 0x410a, 0x490a, 0x490a,
0x512b, 0x512b, 0x592c, 0x592c, 0x592c, 0x594d, 0x594e, 0x596e, 0x516e, 0x514d,
0x492c, 0x412b, 0x410a, 0x38e9, 0x412b, 0x412c, 0x410b, 0x390a, 0x38ea, 0x412b,
0x412c, 0x30a9, 0x2887, 0x30a8, 0x2887, 0x50eb, 0x58ec, 0x2887, 0x3088, 0x30a8,
0x3088, 0x30a8, 0x30a8, 0x30a8, 0x30a8, 0x30a8, 0x30a9, 0x30a8, 0x30a8, 0x30a8,
0x3088, 0x3088, 0x2888, 0x2888, 0x2888, 0x30a8, 0x30a8, 0x2887, 0x2887, 0x2887,
0x2887, 0x2887, 0x2887, 0x2887, 0x2887, 0x2887, 
0x2887, 0x2887, 0x2887, 0x2887, 0x2887, 0x2066, 0x2887, 0x2887, 0x2887, 0x2887,
0x2887, 0x28a7, 0x2887, 0x2887, 0x2887, 0x2887, 0x2887, 0x2887, 0x2887, 0x2887,
0x2887, 0x2887, 0x2887, 0x2887, 0x2887, 0x2887, 0x2887, 0x2887, 0x2887, 0x30a7,
0x30a7, 0x2887, 0x30a8, 0x30a8, 0x2887, 0x2887, 0x2887, 0x2887, 0x2867, 0x2887,
0x2887, 0x2887, 0x2887, 0x2887, 0x30a8, 0x2887, 0x2887, 0x28a7, 0x30a8, 0x30a8,
0x2887, 0x2887, 0x2887, 0x2887, 0x2887, 0x2887, 0x2887, 0x2887, 0x30a8, 0x2887,
0x30a7, 0x30c8, 0x2887, 0x28a7, 0x28a7, 0x28a7, 0x28a7, 0x28a7, 0x28a7, 0x28a7,
0x30a8, 0x30a8, 0x30a8, 0x30c8, 0x30a8, 0x30a8, 0x30c8, 0x30c8, 0x30a8, 0x30c9,
0x30a8, 0x30c8, 0x51cb, 0x8b2e, 0xac30, 0xbc90, 0xbcb1, 0xb450, 0x9bcf, 0x938e,
0x728b, 0x726b, 0x936e, 0x728b, 0x8b4d, 0x8b2d, 0x82ac, 0x82cc, 0xa3ce, 0xc4f2,
0x936f, 0x4129, 0x38e8, 0x4109, 0x412a, 0x410a, 0x4109, 0x40e9, 0x4109, 0x410a,
0x410a, 0x410a, 0x410a, 0x410a, 0x4109, 0x40e9, 0x40e9, 0x40e9, 0x48ea, 0x48ea,
0x510a, 0x512b, 0x512b, 0x512b, 0x510b, 0x512c, 0x594d, 0x514d, 0x516e, 0x514d,
0x492c, 0x492c, 0x410a, 0x40ea, 0x410b, 0x412c, 0x410b, 0x38ea, 0x38ea, 0x410b,
0x412c, 0x30c9, 0x2887, 0x2887, 0x3087, 0x2887, 0x2887, 0x3087, 0x3087, 0x30a8,
0x3088, 0x30a8, 0x30a8, 0x30a8, 0x30a8, 0x30a8, 0x30a8, 0x30a8, 0x30a8, 0x3088,
0x3088, 0x3088, 0x3088, 0x3088, 0x3088, 0x30a8, 0x2887, 0x2887, 0x2887, 0x2887,
0x2887, 0x2887, 0x2887, 0x2887, 0x30a7, 0x30a7, 
0x2887, 0x2887, 0x2887, 0x2887, 0x2887, 0x2887, 0x2887, 0x2887, 0x2887, 0x2887,
0x28a7, 0x30a7, 0x2887, 0x28a7, 0x2887, 0x2887, 0x2887, 0x2887, 0x2887, 0x2887,
0x2887, 0x2887, 0x2887, 0x2887, 0x2887, 0x2887, 0x2887, 0x2887, 0x2887, 0x28a8,
0x2887, 0x2887, 0x30a8, 0x30a8, 0x2887, 0x2887, 0x2887, 0x2887, 0x2887, 0x2887,
0x2887, 0x2887, 0x2887, 0x30a8, 0x30a8, 0x2887, 0x30a8, 0x2887, 0x2887, 0x2887,
0x2887, 0x2887, 0x2888, 0x2887, 0x2887, 0x2887, 0x2887, 0x2887, 0x30a8, 0x2887,
0x2887, 0x30a8, 0x28a7, 0x28a7, 0x28a7, 0x2887, 0x30a8, 0x30a8, 0x30a8, 0x28a8,
0x30a8, 0x30c8, 0x30a8, 0x30c8, 0x30a8, 0x30a8, 0x30a8, 0x30a8, 0x30c9, 0x30c8,
0x4129, 0x72ad, 0xb491, 0xcd11, 0xcd32, 0xd573, 0xcd53, 0xbc90, 0x9bae, 0x7acb,
0x6a6a, 0x82ed, 0x82ec, 0x7acb, 0x936e, 0x830d, 0x8b4d, 0x9bcf, 0x936d, 0xa3ce,
0xbcb1, 0x82ee, 0x4109, 0x412a, 0x410a, 0x410a, 0x4109, 0x40e9, 0x4109, 0x410a,
0x410a, 0x490a, 0x490a, 0x410a, 0x410a, 0x410a, 0x40e9, 0x40e9, 0x490a, 0x490a,
0x490a, 0x510b, 0x512b, 0x592c, 0x594d, 0x592c, 0x592c, 0x594e, 0x596e, 0x514e,
0x514d, 0x494c, 0x410b, 0x410a, 0x410b, 0x412c, 0x410b, 0x38ea, 0x38ea, 0x390a,
0x412b, 0x30c9, 0x2887, 0x2887, 0x2887, 0x30a8, 0x3088, 0x3087, 0x3087, 0x3088,
0x30a8, 0x30a8, 0x30a8, 0x30a8, 0x30a8, 0x30a8, 0x30a9, 0x30a8, 0x30a8, 0x3088,
0x3088, 0x3088, 0x3088, 0x3088, 0x3088, 0x30a8, 0x2887, 0x2887, 0x2887, 0x2887,
0x2887, 0x2887, 0x2887, 0x2887, 0x28a7, 0x2887, 
0x2887, 0x28a7, 0x2887, 0x2887, 0x28a7, 0x28a7, 0x2887, 0x28a7, 0x2887, 0x2887,
0x2887, 0x2887, 0x2887, 0x2887, 0x2887, 0x2887, 0x2887, 0x2887, 0x2887, 0x2887,
0x2887, 0x2887, 0x2887, 0x2887, 0x2887, 0x2887, 0x2887, 0x2887, 0x2888, 0x2888,
0x2887, 0x2888, 0x2887, 0x2887, 0x30a8, 0x2887, 0x2887, 0x30a8, 0x2887, 0x2887,
0x28a8, 0x2887, 0x2887, 0x30a8, 0x2887, 0x2887, 0x2887, 0x2887, 0x2887, 0x28a8,
0x28a8, 0x2887, 0x2888, 0x2887, 0x28a8, 0x2887, 0x2887, 0x2887, 0x28a8, 0x28a7,
0x28a7, 0x2887, 0x30c8, 0x28a7, 0x30a8, 0x30a8, 0x28a7, 0x30a8, 0x30a8, 0x30a8,
0x30a8, 0x30a8, 0x30a8, 0x30a8, 0x30c9, 0x30a9, 0x30c9, 0x30c9, 0x28a8, 0x414a,
0x9bf1, 0xcd12, 0xcd31, 0xd552, 0xd593, 0xd573, 0xc4d1, 0xb40e, 0x8b0c, 0x82cb,
0x82ec, 0x82ec, 0x726b, 0x6209, 0x728b, 0x59e8, 0x51a7, 0x830c, 0xa3ef, 0xa3ae,
0xac2f, 0xb471, 0x6a2c, 0x4109, 0x492a, 0x490a, 0x492a, 0x490a, 0x492a, 0x492b,
0x492b, 0x492b, 0x490a, 0x490a, 0x490a, 0x490a, 0x490a, 0x490a, 0x512b, 0x514b,
0x510b, 0x512b, 0x592c, 0x594c, 0x594d, 0x594d, 0x512c, 0x596e, 0x598f, 0x516e,
0x514d, 0x492c, 0x492c, 0x40ea, 0x410a, 0x412c, 0x390a, 0x38ea, 0x38ea, 0x390a,
0x390a, 0x30c9, 0x30a8, 0x30a8, 0x30a8, 0x30a8, 0x3088, 0x30a8, 0x30a8, 0x3088,
0x30a8, 0x30a8, 0x30a8, 0x30a8, 0x30a8, 0x30a8, 0x30a9, 0x30a8, 0x30a8, 0x3088,
0x3088, 0x3088, 0x3088, 0x3088, 0x3088, 0x2888, 0x3088, 0x2887, 0x2887, 0x2887,
0x2887, 0x2887, 0x2887, 0x2887, 0x2887, 0x2887, 
0x2887, 0x2887, 0x2887, 0x2887, 0x2887, 0x2887, 0x2887, 0x2887, 0x2887, 0x2887,
0x2887, 0x2887, 0x2887, 0x2887, 0x2887, 0x28a7, 0x2887, 0x2887, 0x2887, 0x2887,
0x2887, 0x2887, 0x2887, 0x2887, 0x2888, 0x28a8, 0x2887, 0x30a8, 0x2888, 0x2887,
0x28a8, 0x2888, 0x2888, 0x2887, 0x2887, 0x2887, 0x2887, 0x30a8, 0x2887, 0x28a7,
0x28a7, 0x2887, 0x2887, 0x28a7, 0x28a7, 0x2887, 0x2887, 0x28a8, 0x30a8, 0x2887,
0x28a8, 0x2887, 0x28a8, 0x28a8, 0x28a8, 0x28a8, 0x28a8, 0x28a8, 0x30a8, 0x30a8,
0x30a8, 0x28a7, 0x30a8, 0x30a8, 0x30a8, 0x30a8, 0x30c8, 0x30a8, 0x30a8, 0x30a8,
0x30a8, 0x30a8, 0x30c9, 0x30c8, 0x30c9, 0x30c9, 0x30c9, 0x30a8, 0x498a, 0xac72,
0xd573, 0xcd31, 0xd531, 0xd532, 0xccf1, 0xc46f, 0xc44f, 0xab8c, 0x92eb, 0x82aa,
0x8b0c, 0x8aec, 0x6a09, 0x5166, 0x59c8, 0x6209, 0x6a6a, 0x7acb, 0x936e, 0xb450,
0xac30, 0xbcb1, 0xa3d0, 0x516a, 0x490a, 0x492a, 0x492b, 0x492b, 0x492b, 0x492b,
0x512b, 0x512b, 0x512b, 0x512b, 0x512b, 0x492b, 0x490a, 0x512b, 0x512b, 0x510b,
0x512b, 0x592c, 0x594d, 0x596d, 0x592d, 0x592d, 0x512c, 0x596e, 0x598f, 0x596e,
0x516e, 0x494d, 0x492c, 0x410b, 0x410b, 0x412b, 0x410b, 0x410a, 0x410a, 0x38ea,
0x38ea, 0x30a8, 0x3087, 0x30a8, 0x30a8, 0x30a8, 0x3088, 0x30a8, 0x30a8, 0x30a8,
0x3088, 0x30a8, 0x30a8, 0x30a8, 0x30a8, 0x30a8, 0x30a8, 0x30a8, 0x30a8, 0x3088,
0x3088, 0x3088, 0x3088, 0x3088, 0x2888, 0x2888, 0x2888, 0x2888, 0x2887, 0x2887,
0x2887, 0x2887, 0x2887, 0x2887, 0x2887, 0x2887, 
0x2887, 0x2887, 0x2887, 0x2887, 0x2887, 0x2887, 0x2887, 0x2887, 0x2887, 0x2887,
0x2887, 0x2887, 0x2887, 0x2887, 0x28a7, 0x2887, 0x2887, 0x2887, 0x2887, 0x2887,
0x2887, 0x2887, 0x2887, 0x2887, 0x2888, 0x28a8, 0x2888, 0x2888, 0x2888, 0x2888,
0x2888, 0x2888, 0x2888, 0x2888, 0x2887, 0x28a7, 0x2887, 0x2887, 0x2887, 0x28a7,
0x2887, 0x28a7, 0x2887, 0x2887, 0x30a8, 0x28a7, 0x2887, 0x28a8, 0x28a7, 0x2887,
0x2887, 0x2888, 0x2887, 0x2888, 0x2887, 0x28a8, 0x30a8, 0x2887, 0x30a8, 0x30a8,
0x30a8, 0x30a8, 0x30a8, 0x30e8, 0x30c8, 0x30c8, 0x30c8, 0x30a8, 0x30c8, 0x30c8,
0x30a8, 0x30c9, 0x30c9, 0x30c9, 0x30c9, 0x30c9, 0x30c9, 0x498a, 0xb472, 0xcd53,
0xcd31, 0xd551, 0xcd11, 0xcd11, 0xccaf, 0xc42e, 0xc44f, 0xcc90, 0xd4d0, 0xcc90,
0xb40e, 0xa38d, 0xa36d, 0x9b2c, 0x7228, 0x4966, 0x728a, 0xac31, 0xbcd2, 0xbcb2,
0xbc91, 0xb470, 0xbcb2, 0x7aad, 0x48ea, 0x512b, 0x512b, 0x512c, 0x512c, 0x512c,
0x512b, 0x512c, 0x514c, 0x594c, 0x512c, 0x512b, 0x512b, 0x512b, 0x512b, 0x512b,
0x512b, 0x512b, 0x592c, 0x594d, 0x594d, 0x594d, 0x594d, 0x596e, 0x596e, 0x516e,
0x514e, 0x494d, 0x492c, 0x410b, 0x410b, 0x410b, 0x390a, 0x390a, 0x38e9, 0x38e9,
0x390a, 0x30a8, 0x30a8, 0x30a8, 0x30a8, 0x3088, 0x30a8, 0x30a8, 0x30a8, 0x30a8,
0x30a8, 0x30a8, 0x30a8, 0x30a8, 0x30a8, 0x30a8, 0x30a8, 0x30a8, 0x3088, 0x3088,
0x3088, 0x3088, 0x3088, 0x3088, 0x3088, 0x3088, 0x3088, 0x2888, 0x2887, 0x2887,
0x2887, 0x2887, 0x2887, 0x2887, 0x2887, 0x2887, 
0x2887, 0x2887, 0x2887, 0x2887, 0x30a7, 0x30a7, 0x2887, 0x30a7, 0x28a7, 0x2887,
0x2887, 0x28a7, 0x28a7, 0x2887, 0x28a7, 0x28a7, 0x2887, 0x2887, 0x2887, 0x2887,
0x2887, 0x2887, 0x2887, 0x2888, 0x2888, 0x2888, 0x2888, 0x28a8, 0x2888, 0x2888,
0x2888, 0x2888, 0x2888, 0x30a8, 0x2887, 0x28a7, 0x30a8, 0x30a8, 0x28a7, 0x2887,
0x30a8, 0x28a7, 0x28a7, 0x28a7, 0x28a8, 0x2887, 0x28a8, 0x30a8, 0x30a8, 0x2888,
0x28a8, 0x28a8, 0x2888, 0x2887, 0x28a7, 0x28a7, 0x28a8, 0x28a8, 0x2887, 0x492a,
0x30c8, 0x30a8, 0x30a8, 0x30c8, 0x30e9, 0x30c8, 0x30c8, 0x30a8, 0x30a8, 0x30c8,
0x30c9, 0x30c9, 0x30c9, 0x30e9, 0x30c9, 0x30e9, 0x3909, 0xa432, 0xd553, 0xcd52,
0xd572, 0xcd10, 0xd532, 0xccb0, 0xcc4f, 0xd4d0, 0xdd11, 0xdd11, 0xdd11, 0xdd11,
0xdcf1, 0xd4b0, 0xcc70, 0xcc70, 0xab8d, 0x5146, 0x4946, 0x936d, 0xcd54, 0xc533,
0xbcf2, 0xbc91, 0xbcb1, 0xac31, 0x618c, 0x594c, 0x594c, 0x594d, 0x594d, 0x594d,
0x594d, 0x594d, 0x594d, 0x594d, 0x594d, 0x594d, 0x594d, 0x594d, 0x594d, 0x594c,
0x594c, 0x512b, 0x512b, 0x592c, 0x592c, 0x594c, 0x594d, 0x596e, 0x596e, 0x516e,
0x598e, 0x514e, 0x516d, 0x410b, 0x410b, 0x410a, 0x390a, 0x38e9, 0x38c9, 0x38e9,
0x390a, 0x30c9, 0x3088, 0x30a8, 0x30a8, 0x38a8, 0x30a8, 0x30a8, 0x30a8, 0x30a8,
0x30a8, 0x30a8, 0x30a8, 0x38c8, 0x30a8, 0x30a8, 0x30a8, 0x30a8, 0x3088, 0x3088,
0x3088, 0x3088, 0x3088, 0x3088, 0x30c9, 0x3088, 0x30a8, 0x3088, 0x2887, 0x2887,
0x2887, 0x2887, 0x2887, 0x2887, 0x2887, 0x2887, 
0x28a7, 0x2887, 0x2887, 0x2887, 0x30a7, 0x28a7, 0x28a7, 0x30a7, 0x2887, 0x2887,
0x2887, 0x2887, 0x30a8, 0x2887, 0x2887, 0x2887, 0x2887, 0x2887, 0x2887, 0x2887,
0x2887, 0x30a8, 0x30a8, 0x2888, 0x28a8, 0x2888, 0x2888, 0x28a8, 0x2887, 0x2888,
0x2888, 0x2888, 0x2888, 0x30a8, 0x2887, 0x2887, 0x2887, 0x30c8, 0x30a8, 0x30a8,
0x30a8, 0x2887, 0x28a7, 0x2887, 0x30a8, 0x30a8, 0x2887, 0x28a7, 0x2887, 0x2887,
0x2887, 0x2887, 0x30a8, 0x30a8, 0x30a8, 0x28a8, 0x28a8, 0x28a8, 0x30a8, 0x30c8,
0x30a8, 0x30c8, 0x30c8, 0x30a8, 0x30a8, 0x30c8, 0x30c8, 0x30c9, 0x30c9, 0x30c9,
0x30c9, 0x30c9, 0x30c9, 0x38ea, 0x38e9, 0x30c9, 0x7ace, 0xcd34, 0xcd32, 0xddb3,
0xd511, 0xd552, 0xccf1, 0xcc6f, 0xdcd1, 0xdcf1, 0xdcf1, 0xdd11, 0xdd11, 0xdd11,
0xdd12, 0xe512, 0xdd12, 0xdcf1, 0xdcd1, 0x92aa, 0x4925, 0x59a7, 0xa3ce, 0xcd33,
0xc4f2, 0xbcd2, 0xbcb1, 0xbcd2, 0x8acf, 0x614e, 0x616e, 0x614d, 0x616e, 0x616e,
0x616e, 0x616e, 0x616e, 0x616e, 0x616e, 0x616e, 0x614d, 0x614d, 0x616e, 0x616e,
0x594c, 0x592b, 0x592b, 0x592c, 0x594c, 0x592c, 0x594e, 0x596e, 0x596e, 0x516e,
0x516e, 0x516e, 0x494d, 0x412b, 0x412b, 0x410b, 0x38ea, 0x38e9, 0x38e9, 0x38ea,
0x390a, 0x30a9, 0x3088, 0x30a8, 0x30a8, 0x38a9, 0x30a8, 0x30a8, 0x38a8, 0x30a8,
0x30a8, 0x30a8, 0x30a8, 0x38a8, 0x30a8, 0x30a8, 0x30a8, 0x30a8, 0x30a8, 0x3088,
0x3088, 0x3088, 0x3088, 0x3088, 0x3088, 0x30a8, 0x2888, 0x3088, 0x3088, 0x2887,
0x2887, 0x2887, 0x2887, 0x2887, 0x2887, 0x2887, 
0x2887, 0x2887, 0x28a7, 0x28a7, 0x2887, 0x2887, 0x2887, 0x2887, 0x2887, 0x2887,
0x2887, 0x2887, 0x2887, 0x2887, 0x2887, 0x2887, 0x2887, 0x28a7, 0x2887, 0x2887,
0x2887, 0x2887, 0x2887, 0x2888, 0x2888, 0x2888, 0x2888, 0x2888, 0x30c8, 0x28a8,
0x2888, 0x30a8, 0x2888, 0x2888, 0x2887, 0x30a8, 0x28a7, 0x2887, 0x2887, 0x2887,
0x2887, 0x2887, 0x2887, 0x2887, 0x28a7, 0x28a7, 0x2887, 0x2888, 0x2887, 0x28a8,
0x28a8, 0x2887, 0x30a8, 0x30a8, 0x28a8, 0x28a8, 0x30a8, 0x30a8, 0x30a8, 0x30a8,
0x30a8, 0x30c8, 0x30c8, 0x30c8, 0x30c9, 0x30c9, 0x30c9, 0x30c9, 0x38c9, 0x30c9,
0x30c9, 0x30c9, 0x38e9, 0x38ea, 0x30c9, 0x518b, 0xb472, 0xcd12, 0xd552, 0xd531,
0xd552, 0xd532, 0xcc90, 0xd4d0, 0xdd11, 0xdcf1, 0xdcf1, 0xdd11, 0xe511, 0xe512,
0xe532, 0xe532, 0xe511, 0xe511, 0xdd11, 0xcc4f, 0x92a9, 0x6186, 0x7208, 0xb430,
0xc4f2, 0xbcb1, 0xbcd2, 0xbcd1, 0xb432, 0x71cf, 0x696f, 0x698f, 0x698f, 0x698f,
0x698f, 0x696f, 0x698f, 0x696f, 0x696f, 0x696e, 0x696e, 0x616e, 0x616e, 0x614d,
0x594c, 0x592b, 0x592c, 0x592c, 0x592c, 0x594c, 0x596e, 0x596e, 0x516e, 0x516e,
0x516e, 0x514e, 0x492c, 0x412b, 0x412c, 0x38ea, 0x4109, 0x38e9, 0x38ea, 0x390a,
0x38ea, 0x30a9, 0x30a8, 0x38a8, 0x30a8, 0x3088, 0x38a9, 0x38a9, 0x38a9, 0x38a9,
0x38a9, 0x30a8, 0x30a8, 0x38a8, 0x30a8, 0x30a8, 0x30a8, 0x30a8, 0x3088, 0x3088,
0x3088, 0x3088, 0x3088, 0x30a8, 0x30a8, 0x3088, 0x3088, 0x3088, 0x2887, 0x2887,
0x30a7, 0x2887, 0x2887, 0x30a8, 0x28a7, 0x2887, 
0x2887, 0x2887, 0x2887, 0x2887, 0x2887, 0x2887, 0x2887, 0x2887, 0x2887, 0x2887,
0x2887, 0x2887, 0x2887, 0x2887, 0x2887, 0x2887, 0x2887, 0x28a7, 0x2887, 0x2887,
0x2887, 0x2887, 0x2887, 0x2887, 0x2888, 0x30a8, 0x30a8, 0x2887, 0x30a8, 0x30a8,
0x2887, 0x30c9, 0x38e9, 0x2888, 0x2887, 0x2887, 0x2887, 0x2887, 0x2887, 0x2887,
0x2887, 0x2887, 0x2887, 0x2887, 0x2887, 0x2887, 0x2887, 0x28a8, 0x2888, 0x30a8,
0x30a8, 0x28a8, 0x28a8, 0x28a8, 0x30a8, 0x30a8, 0x30c8, 0x30a8, 0x30a8, 0x30a8,
0x30a8, 0x30a8, 0x30c9, 0x30c9, 0x30c9, 0x30c9, 0x38c9, 0x38c9, 0x30c9, 0x38ea,
0x38ea, 0x38ea, 0x38ea, 0x390a, 0x390a, 0x830f, 0xc4d2, 0xc4f1, 0xd531, 0xccf0,
0xcd12, 0xd4d1, 0xdcf1, 0xdcf1, 0xdcf1, 0xdd11, 0xdd11, 0xe532, 0xe532, 0xe553,
0xe553, 0xe553, 0xe553, 0xe532, 0xe532, 0xdcd0, 0xc3ed, 0x9aca, 0x8a69, 0xa38d,
0xb44f, 0xb42f, 0xbc90, 0xbcb1, 0xbcb2, 0x92f1, 0x716f, 0x79b0, 0x7190, 0x7190,
0x7190, 0x718f, 0x718f, 0x718f, 0x718f, 0x696f, 0x696e, 0x696f, 0x696e, 0x696e,
0x594d, 0x592b, 0x592c, 0x594d, 0x594d, 0x594d, 0x596f, 0x596f, 0x596f, 0x516e,
0x514e, 0x514e, 0x492d, 0x492c, 0x412c, 0x38e9, 0x38e8, 0x38e9, 0x38ea, 0x412b,
0x38ea, 0x38c9, 0x3088, 0x30a8, 0x30a8, 0x38a9, 0x38a9, 0x38a9, 0x38a9, 0x38a9,
0x38a9, 0x30a9, 0x38a8, 0x38a8, 0x30a8, 0x30a8, 0x3087, 0x30a8, 0x38a8, 0x30a8,
0x3088, 0x3088, 0x3088, 0x3088, 0x3088, 0x2888, 0x3088, 0x3088, 0x2887, 0x2887,
0x2887, 0x2887, 0x2887, 0x30a7, 0x2887, 0x28a7, 
0x2887, 0x2887, 0x2887, 0x28a7, 0x2887, 0x28a7, 0x28a7, 0x2887, 0x2887, 0x2887,
0x2887, 0x28a7, 0x2887, 0x2887, 0x2887, 0x2887, 0x2887, 0x30a8, 0x2887, 0x2887,
0x2887, 0x28a7, 0x2887, 0x30a8, 0x30a8, 0x2888, 0x2888, 0x28a8, 0x2888, 0x2888,
0x2888, 0x2888, 0x28a8, 0x2888, 0x2887, 0x28a7, 0x2887, 0x2887, 0x30a8, 0x28a7,
0x2887, 0x2887, 0x2887, 0x2887, 0x28a8, 0x28a8, 0x28a8, 0x2887, 0x2887, 0x30a8,
0x30a8, 0x28a8, 0x30a8, 0x30a8, 0x30a8, 0x30a8, 0x30a8, 0x30a8, 0x30c8, 0x38c9,
0x38c9, 0x38c9, 0x38e9, 0x38c9, 0x30c9, 0x30c9, 0x30c9, 0x38e9, 0x38ea, 0x38ea,
0x38ea, 0x390b, 0x390b, 0x38ea, 0x59cd, 0xb473, 0xbc70, 0xccf0, 0xccd0, 0xc48f,
0xccd1, 0xdcf1, 0xdd11, 0xdcf1, 0xdd11, 0xdd11, 0xe532, 0xe532, 0xe553, 0xe594,
0xe595, 0xe594, 0xe594, 0xe573, 0xe553, 0xdd12, 0xd490, 0xcc2e, 0xb34b, 0x8a68,
0x8268, 0x8a89, 0xa34b, 0xbc4f, 0xbc91, 0xabf2, 0x79cf, 0x79b0, 0x79b0, 0x79b0,
0x79b0, 0x79b0, 0x718f, 0x718f, 0x7190, 0x718f, 0x698f, 0x718f, 0x696f, 0x696e,
0x614d, 0x594c, 0x592b, 0x594d, 0x616d, 0x596e, 0x598f, 0x598f, 0x596f, 0x596f,
0x516e, 0x514e, 0x492c, 0x412c, 0x410b, 0x30c8, 0x30c8, 0x38e9, 0x390a, 0x38eb,
0x390b, 0x30c9, 0x30a8, 0x30a8, 0x30a8, 0x38a9, 0x38a9, 0x38a9, 0x38a9, 0x38a9,
0x38a9, 0x38a9, 0x3889, 0x3888, 0x30a8, 0x30a8, 0x30a7, 0x30a8, 0x38c8, 0x3088,
0x3088, 0x3088, 0x3088, 0x3088, 0x3088, 0x2888, 0x2888, 0x2887, 0x2887, 0x2887,
0x2887, 0x2887, 0x2887, 0x2887, 0x2887, 0x2887, 
0x2887, 0x2887, 0x2887, 0x2887, 0x2887, 0x28a7, 0x2887, 0x2887, 0x2887, 0x2887,
0x2887, 0x2887, 0x2887, 0x2887, 0x2887, 0x2887, 0x2887, 0x28a7, 0x2887, 0x30a8,
0x30a8, 0x28a7, 0x2888, 0x30a8, 0x28a8, 0x2888, 0x30a8, 0x2888, 0x2888, 0x30a8,
0x2888, 0x2888, 0x2888, 0x2888, 0x2887, 0x2887, 0x2887, 0x2887, 0x30a8, 0x28a7,
0x2887, 0x28a7, 0x2887, 0x2887, 0x28a7, 0x2887, 0x28a8, 0x28a8, 0x2887, 0x30a8,
0x30a8, 0x30a8, 0x30a8, 0x30a8, 0x30a8, 0x30a8, 0x30a8, 0x30a8, 0x30a8, 0x38c9,
0x38c9, 0x38c9, 0x30c9, 0x38c9, 0x38e9, 0x38e9, 0x38ea, 0x38ea, 0x38ea, 0x390b,
0x38eb, 0x412c, 0x412c, 0x390b, 0x8b71, 0xc4d3, 0xb40d, 0xc46e, 0xc44e, 0xcc6e,
0xd4f1, 0xdd11, 0xdcf1, 0xdd11, 0xdd11, 0xe532, 0xe532, 0xe532, 0xe573, 0xe594,
0xe5b5, 0xedb5, 0xe5b5, 0xe594, 0xe573, 0xe532, 0xe532, 0xdcd1, 0xd46f, 0xbbad,
0x8208, 0x5965, 0x8207, 0xa32a, 0xbc70, 0xbc72, 0x8a6f, 0x79af, 0x79b0, 0x79b0,
0x79b0, 0x718f, 0x718f, 0x79b0, 0x79b0, 0x7190, 0x7190, 0x7190, 0x718f, 0x696e,
0x614e, 0x592c, 0x512b, 0x592c, 0x592c, 0x594e, 0x6190, 0x598f, 0x596f, 0x516f,
0x516f, 0x514e, 0x492c, 0x412b, 0x38e9, 0x30a7, 0x30c8, 0x38e9, 0x410b, 0x410b,
0x390b, 0x30c9, 0x30a8, 0x30a8, 0x30a8, 0x38a9, 0x38a9, 0x38a9, 0x38a9, 0x38a9,
0x38a9, 0x38a9, 0x38a9, 0x3888, 0x38a8, 0x30a8, 0x3087, 0x3087, 0x3087, 0x3088,
0x3889, 0x3088, 0x3088, 0x3088, 0x3088, 0x2888, 0x2888, 0x3087, 0x2887, 0x2887,
0x2887, 0x3087, 0x3087, 0x2887, 0x2887, 0x2887, 
0x2887, 0x28a7, 0x2887, 0x2887, 0x2887, 0x2887, 0x2887, 0x30c8, 0x2887, 0x2887,
0x2887, 0x28a7, 0x30a7, 0x2887, 0x2887, 0x2887, 0x2887, 0x2887, 0x28a7, 0x2887,
0x2887, 0x2887, 0x2888, 0x2888, 0x2888, 0x2888, 0x2888, 0x2888, 0x2888, 0x30a8,
0x2888, 0x28a8, 0x28a8, 0x2888, 0x2888, 0x2887, 0x2887, 0x2887, 0x2887, 0x30a8,
0x30c8, 0x2887, 0x2887, 0x28a7, 0x30a8, 0x30a8, 0x28a8, 0x30a8, 0x30a8, 0x2887,
0x30a8, 0x30a8, 0x30a8, 0x30a8, 0x30a8, 0x30a8, 0x38c9, 0x38a9, 0x38a9, 0x38e9,
0x38c9, 0x38c9, 0x38c9, 0x38ea, 0x38ea, 0x38ea, 0x390a, 0x390a, 0x412b, 0x390b,
0x390b, 0x412c, 0x412c, 0x59cd, 0xbcb4, 0xbc90, 0xabac, 0xbc2d, 0xc42d, 0xcc4e,
0xdcf1, 0xdd11, 0xdcf1, 0xd4b0, 0xd490, 0xd4b0, 0xe532, 0xe553, 0xe573, 0xe5b4,
0xe5b5, 0xe5b5, 0xe5b5, 0xe594, 0xe573, 0xe553, 0xe532, 0xdd11, 0xdcd1, 0xd490,
0xbbad, 0x6186, 0x5965, 0x8a48, 0xb3cd, 0xc4f3, 0x9310, 0x79ad, 0x79ae, 0x79af,
0x79af, 0x718f, 0x718f, 0x79af, 0x79b0, 0x79b0, 0x79b0, 0x79b0, 0x718f, 0x698f,
0x696e, 0x592c, 0x510b, 0x512b, 0x510b, 0x694f, 0x89b3, 0x69b0, 0x516e, 0x516e,
0x516f, 0x514d, 0x412b, 0x410b, 0x38c8, 0x30c8, 0x38e9, 0x410b, 0x410b, 0x390b,
0x390b, 0x38e9, 0x30a8, 0x30a8, 0x30a8, 0x30a9, 0x38a9, 0x38aa, 0x38a9, 0x38a9,
0x38a9, 0x38a9, 0x38a9, 0x38a9, 0x38a8, 0x3088, 0x30a7, 0x30a7, 0x3087, 0x4089,
0x50ac, 0x38a9, 0x3088, 0x3088, 0x3088, 0x3088, 0x2888, 0x3087, 0x2887, 0x2887,
0x3087, 0x2887, 0x2887, 0x2887, 0x2887, 0x2887, 
0x2887, 0x2887, 0x2887, 0x28a7, 0x2887, 0x2887, 0x2887, 0x28a7, 0x2887, 0x2887,
0x2887, 0x2887, 0x30a7, 0x2887, 0x2887, 0x2887, 0x2887, 0x2887, 0x2887, 0x2887,
0x2887, 0x2887, 0x2888, 0x2888, 0x2888, 0x30a8, 0x2888, 0x2888, 0x2888, 0x2888,
0x2888, 0x2888, 0x2888, 0x30a8, 0x2888, 0x28a7, 0x2887, 0x2887, 0x2887, 0x28a7,
0x30a8, 0x28a7, 0x28a7, 0x28a7, 0x30a8, 0x30c8, 0x30a8, 0x30a8, 0x30a8, 0x30a8,
0x30a8, 0x30a8, 0x30a8, 0x30a8, 0x30a8, 0x38a9, 0x410a, 0x38c9, 0x38c9, 0x38c9,
0x38c9, 0x38ca, 0x38ea, 0x38ea, 0x38ea, 0x390b, 0x390b, 0x390b, 0x390b, 0x410b,
0x410c, 0x412c, 0x410c, 0x7af0, 0xc514, 0xabad, 0xb3cc, 0xbc0d, 0xab4b, 0xd4b0,
0xdd12, 0xd4d1, 0xd4d1, 0xd4d1, 0xd4f2, 0xc42f, 0xab6c, 0xdd12, 0xedd5, 0xe5b5,
0xe5b5, 0xedb5, 0xe595, 0xe594, 0xe574, 0xe553, 0xe532, 0xdd12, 0xd4d1, 0xd48f,
0xd44f, 0x9289, 0x5965, 0x7a07, 0xa30a, 0xc4d1, 0xabd2, 0x71ad, 0x696c, 0x718d,
0x798f, 0x79af, 0x79b0, 0x79b0, 0x81d0, 0x79b0, 0x79b0, 0x79b0, 0x79b0, 0x718f,
0x696e, 0x614d, 0x510a, 0x510b, 0x510b, 0x714f, 0xa1f4, 0x7191, 0x512d, 0x514d,
0x516e, 0x494d, 0x492c, 0x38ea, 0x30c8, 0x38e8, 0x390a, 0x412c, 0x410c, 0x410b,
0x410b, 0x38c9, 0x30a8, 0x30c8, 0x30a8, 0x30a9, 0x38a9, 0x38aa, 0x38aa, 0x38a9,
0x38a9, 0x38a9, 0x38a9, 0x38a9, 0x38a9, 0x38a8, 0x30a7, 0x3087, 0x3087, 0x4089,
0x58cc, 0x38a9, 0x3087, 0x3087, 0x3088, 0x3088, 0x3087, 0x2887, 0x2887, 0x2887,
0x2887, 0x30a8, 0x28a8, 0x2887, 0x2887, 0x2887, 
0x2887, 0x2887, 0x2887, 0x2887, 0x2887, 0x2887, 0x2887, 0x2887, 0x2887, 0x2887,
0x2887, 0x30a8, 0x2887, 0x30a7, 0x2887, 0x30a7, 0x30a8, 0x2887, 0x2887, 0x2887,
0x2887, 0x2887, 0x30a8, 0x2888, 0x2888, 0x28a8, 0x2888, 0x2888, 0x2888, 0x30a8,
0x2888, 0x2888, 0x2888, 0x30a8, 0x2888, 0x2887, 0x2887, 0x2887, 0x2887, 0x2887,
0x2887, 0x28a7, 0x28a7, 0x30a8, 0x30a8, 0x30a8, 0x30a8, 0x30a8, 0x30a8, 0x30a8,
0x30a8, 0x30a8, 0x30a8, 0x30a8, 0x38a9, 0x38a9, 0x38a9, 0x38c9, 0x38c9, 0x38ca,
0x38ca, 0x40ea, 0x410b, 0x410b, 0x410b, 0x410b, 0x410b, 0x410b, 0x492c, 0x492c,
0x410c, 0x412d, 0x494d, 0xa3f3, 0xc4d2, 0x92c9, 0x92c9, 0x8248, 0xbbee, 0xdd11,
0xd4f1, 0xd4b1, 0xd512, 0xdd53, 0xe5b5, 0xedd6, 0xcc92, 0xab4d, 0xd513, 0xedf6,
0xe5b5, 0xe5b5, 0xe594, 0xe574, 0xe594, 0xe553, 0xdd32, 0xdd32, 0xdcf1, 0xcc8f,
0xcc4f, 0xab2b, 0x6165, 0x71e7, 0x9288, 0xbc4f, 0xbc53, 0x8a2f, 0x694c, 0x696c,
0x79af, 0x81d0, 0x81b0, 0x79b0, 0x81d0, 0x81b0, 0x79b0, 0x79b0, 0x79b0, 0x718f,
0x696e, 0x614d, 0x510a, 0x490a, 0x512c, 0x594d, 0x696f, 0x594e, 0x490c, 0x514d,
0x596e, 0x514d, 0x490c, 0x38e9, 0x30c8, 0x38ea, 0x410b, 0x494d, 0x412c, 0x410b,
0x412b, 0x38c9, 0x30a8, 0x30a8, 0x30a8, 0x30a9, 0x38a9, 0x38aa, 0x38aa, 0x38a9,
0x38aa, 0x38a9, 0x38a9, 0x38a9, 0x38a9, 0x38a8, 0x3087, 0x3087, 0x30a8, 0x3088,
0x3088, 0x3088, 0x3087, 0x2887, 0x30a8, 0x30a8, 0x2887, 0x2887, 0x30a7, 0x3087,
0x2887, 0x28a8, 0x30a8, 0x2887, 0x30a8, 0x2887, 
0x2887, 0x28a8, 0x2887, 0x2887, 0x2887, 0x2887, 0x2887, 0x2887, 0x2887, 0x2887,
0x2887, 0x2887, 0x2887, 0x28a7, 0x30a8, 0x30a8, 0x28a7, 0x2887, 0x2887, 0x2887,
0x2887, 0x2888, 0x28a8, 0x2888, 0x2888, 0x2888, 0x2888, 0x2888, 0x2888, 0x2888,
0x2888, 0x2888, 0x2888, 0x2888, 0x28a8, 0x2887, 0x2887, 0x2887, 0x28a7, 0x28a7,
0x28a7, 0x28a7, 0x28a7, 0x28a7, 0x30a8, 0x30a8, 0x30c8, 0x30a8, 0x30a8, 0x30a8,
0x38c8, 0x30a8, 0x30a8, 0x38a9, 0x38a9, 0x38c9, 0x38c9, 0x38c9, 0x38ca, 0x40ca,
0x40ea, 0x40eb, 0x40eb, 0x410b, 0x410b, 0x410b, 0x410b, 0x410c, 0x492c, 0x492d,
0x494d, 0x492d, 0x61ef, 0xb432, 0xb40f, 0x6986, 0x5124, 0x92ea, 0xd4d1, 0xd4d0,
0xd4d1, 0xd4d1, 0xd4d1, 0xdcd1, 0xdcf2, 0xdd74, 0xedf7, 0xccb1, 0xa32c, 0xdd34,
0xedd6, 0xe5b5, 0xe594, 0xe594, 0xe594, 0xe553, 0xe532, 0xdd32, 0xdcf1, 0xcc8f,
0xc42e, 0xbbad, 0x6985, 0x69c6, 0x8206, 0xb3ac, 0xbc93, 0x9ab1, 0x81af, 0x81af,
0x81af, 0x81d0, 0x81d0, 0x81b0, 0x81b0, 0x81b0, 0x81d1, 0x79b0, 0x718f, 0x698f,
0x696e, 0x614d, 0x510b, 0x48ea, 0x512b, 0x592d, 0x514d, 0x490b, 0x492c, 0x514e,
0x516d, 0x494c, 0x410a, 0x30c8, 0x38e9, 0x410b, 0x412c, 0x412c, 0x412c, 0x410b,
0x410b, 0x38c9, 0x30a8, 0x30a8, 0x30a9, 0x38a9, 0x38a9, 0x38aa, 0x38a9, 0x38aa,
0x40ca, 0x38a9, 0x38a9, 0x38a9, 0x38a9, 0x38a8, 0x3087, 0x3087, 0x30a8, 0x3088,
0x30a8, 0x3087, 0x3088, 0x3088, 0x30a8, 0x30a8, 0x30a8, 0x2887, 0x2887, 0x2887,
0x28a8, 0x2888, 0x2888, 0x2887, 0x2887, 0x2887, 
0x2887, 0x28a7, 0x2887, 0x2887, 0x2887, 0x2887, 0x2887, 0x2887, 0x2887, 0x28a7,
0x2887, 0x2887, 0x28a7, 0x2887, 0x30a8, 0x30a8, 0x28a8, 0x30a8, 0x28a8, 0x2887,
0x2888, 0x2888, 0x2888, 0x2888, 0x2888, 0x2888, 0x2888, 0x2888, 0x2888, 0x2888,
0x2888, 0x2888, 0x2888, 0x3088, 0x28a8, 0x2887, 0x2887, 0x2887, 0x2887, 0x28a7,
0x28a8, 0x28a7, 0x30a8, 0x30a7, 0x30a8, 0x30a8, 0x3088, 0x38e9, 0x30a8, 0x38c8,
0x38a8, 0x30a8, 0x38a9, 0x38c9, 0x38a9, 0x38c9, 0x38c9, 0x40ca, 0x40ca, 0x40ca,
0x40ea, 0x410b, 0x40eb, 0x410c, 0x410c, 0x410b, 0x410c, 0x492d, 0x494d, 0x494d,
0x516e, 0x596f, 0x7ab0, 0xb431, 0xa34c, 0x7165, 0x6965, 0xbc0e, 0xd4d1, 0xd4d0,
0xdd32, 0xcc8f, 0xc3cd, 0xc3ce, 0xcc50, 0xdcf2, 0xdd13, 0xe553, 0xcc70, 0xcc50,
0xe574, 0xe595, 0xe594, 0xe595, 0xe574, 0xe553, 0xe553, 0xdd12, 0xd4d0, 0xcc6f,
0xc40e, 0xbbcd, 0x7a07, 0x5985, 0x7a07, 0xa32a, 0xc492, 0x9ad2, 0x89d0, 0x89f1,
0x89d0, 0x81d0, 0x81d0, 0x81d0, 0x81d0, 0x81b0, 0x81d1, 0x81d1, 0x718f, 0x698e,
0x696e, 0x614d, 0x510b, 0x510b, 0x512c, 0x594d, 0x48ea, 0x490b, 0x616f, 0x514e,
0x514d, 0x492b, 0x4109, 0x38e9, 0x410b, 0x412d, 0x414d, 0x412c, 0x412c, 0x410b,
0x410b, 0x38c9, 0x30a8, 0x30a8, 0x30a9, 0x38a9, 0x38aa, 0x38aa, 0x38aa, 0x38aa,
0x40ca, 0x38aa, 0x38a9, 0x38a9, 0x38a9, 0x30a8, 0x3087, 0x3087, 0x3088, 0x3088,
0x3087, 0x3087, 0x38a8, 0x3088, 0x30a8, 0x3087, 0x30a8, 0x2887, 0x2887, 0x2888,
0x2888, 0x2888, 0x2888, 0x2887, 0x2887, 0x2887, 
0x28a7, 0x2887, 0x2887, 0x2887, 0x2887, 0x2887, 0x2887, 0x2887, 0x28a7, 0x28a7,
0x2887, 0x2887, 0x30a8, 0x2887, 0x2887, 0x28a8, 0x2887, 0x30a8, 0x30a8, 0x2888,
0x2888, 0x2888, 0x30a8, 0x2888, 0x2888, 0x2888, 0x2888, 0x2888, 0x2888, 0x30a8,
0x2888, 0x2888, 0x30a8, 0x2888, 0x2888, 0x2887, 0x28a7, 0x28a8, 0x28a8, 0x28a8,
0x30a8, 0x30a8, 0x30a8, 0x3088, 0x30a8, 0x30a8, 0x30a8, 0x30a8, 0x30a8, 0x30a8,
0x38a8, 0x38c9, 0x38a9, 0x38a9, 0x38c9, 0x38ca, 0x40ea, 0x40ca, 0x40ca, 0x40eb,
0x40eb, 0x40eb, 0x410b, 0x492c, 0x410c, 0x410c, 0x492d, 0x514d, 0x514e, 0x514e,
0x598f, 0x596e, 0x9350, 0xb451, 0xab0b, 0x9a07, 0x9aa9, 0xcc90, 0xd4b0, 0xdd12,
0xdd53, 0xd4d1, 0xbb6c, 0x92cb, 0x7b0d, 0x8b2d, 0xbc10, 0xd4f2, 0xdd12, 0xd4b0,
0xdd32, 0xe574, 0xe595, 0xe595, 0xe594, 0xe594, 0xe594, 0xe553, 0xdcf1, 0xd490,
0xc40e, 0xbbcd, 0x8227, 0x5965, 0x8247, 0xa32a, 0xc492, 0xa312, 0x89b0, 0x89d0,
0x89d1, 0x89d0, 0x81b0, 0x81b0, 0x81b0, 0x81b0, 0x79b0, 0x79b0, 0x718f, 0x696e,
0x616e, 0x594d, 0x510a, 0x510b, 0x592c, 0x512c, 0x490b, 0x592d, 0x592e, 0x512d,
0x492c, 0x40ea, 0x38c8, 0x410b, 0x494d, 0x494e, 0x412d, 0x412c, 0x412c, 0x410b,
0x410b, 0x38c9, 0x30a8, 0x30a8, 0x30a9, 0x38a9, 0x38aa, 0x38aa, 0x38aa, 0x38aa,
0x38a9, 0x38a9, 0x38a9, 0x38a9, 0x38a8, 0x38c8, 0x3087, 0x30a7, 0x3088, 0x3087,
0x3088, 0x38a8, 0x3888, 0x3088, 0x3088, 0x3087, 0x2887, 0x2888, 0x2888, 0x3088,
0x30a8, 0x2888, 0x2888, 0x2887, 0x2887, 0x2887, 
0x28a7, 0x28a7, 0x28a7, 0x30a8, 0x2887, 0x2887, 0x2887, 0x2887, 0x2887, 0x30a8,
0x30a8, 0x2887, 0x2887, 0x2888, 0x2887, 0x2888, 0x30a8, 0x2887, 0x2887, 0x2888,
0x30a8, 0x2888, 0x2888, 0x30a8, 0x2888, 0x2888, 0x2888, 0x2888, 0x2888, 0x3088,
0x2888, 0x2888, 0x30a8, 0x30a8, 0x2888, 0x28a7, 0x28a8, 0x28a8, 0x28a7, 0x28a7,
0x28a7, 0x30a8, 0x30c8, 0x30a8, 0x30a8, 0x30a8, 0x38a8, 0x38a8, 0x38a8, 0x38a9,
0x38a9, 0x38c9, 0x38c9, 0x40c9, 0x40ca, 0x40ca, 0x40ea, 0x40eb, 0x40eb, 0x40eb,
0x40eb, 0x410c, 0x490c, 0x410c, 0x492c, 0x492d, 0x492d, 0x514e, 0x514e, 0x514e,
0x598e, 0x59ad, 0xa3f1, 0xbc50, 0xaaaa, 0xaa89, 0xc3cd, 0xcc70, 0xd4b1, 0xdd32,
0xdd73, 0xdd73, 0xd4f2, 0xc450, 0xa432, 0x8bf1, 0xac11, 0xcc70, 0xd4d1, 0xd4d0,
0xe552, 0xe594, 0xe574, 0xe553, 0xdd12, 0xc450, 0xb3ce, 0xa36d, 0xa34c, 0xb3ad,
0xc40f, 0xbbcd, 0x7a07, 0x4904, 0x8227, 0xa34a, 0xbc91, 0x9af1, 0x81af, 0x81af,
0x89d0, 0x89d1, 0x89d0, 0x81af, 0x81b0, 0x81d1, 0x79b0, 0x7990, 0x716f, 0x696e,
0x592d, 0x510b, 0x490a, 0x512c, 0x592c, 0x48ea, 0x714f, 0x8971, 0x7150, 0x594e,
0x514d, 0x40ea, 0x40ea, 0x492d, 0x494d, 0x494d, 0x494d, 0x412c, 0x410b, 0x40eb,
0x40eb, 0x38c9, 0x30a8, 0x38c9, 0x38c9, 0x38a9, 0x38aa, 0x38aa, 0x40ca, 0x40ca,
0x38aa, 0x38a9, 0x38a9, 0x38a9, 0x30a8, 0x30a8, 0x30a7, 0x30a7, 0x3087, 0x3087,
0x488a, 0x58ab, 0x40aa, 0x3088, 0x30a8, 0x3087, 0x2887, 0x28a8, 0x3088, 0x2888,
0x30a8, 0x30a8, 0x2887, 0x2887, 0x2887, 0x2887, 
0x2887, 0x2887, 0x30a8, 0x30c8, 0x2887, 0x2887, 0x2887, 0x2887, 0x2887, 0x28a8,
0x2887, 0x2888, 0x2888, 0x2887, 0x2888, 0x2888, 0x2887, 0x2887, 0x2888, 0x2888,
0x30a8, 0x30a8, 0x2888, 0x2888, 0x2888, 0x2888, 0x2888, 0x2888, 0x2888, 0x2888,
0x2888, 0x2888, 0x2888, 0x30a8, 0x2888, 0x30c8, 0x30c9, 0x2887, 0x2888, 0x30a8,
0x3088, 0x30a8, 0x30a8, 0x30a8, 0x30a8, 0x30a8, 0x30a8, 0x38a9, 0x38a9, 0x38a9,
0x38a9, 0x38a9, 0x38c9, 0x40ca, 0x40ca, 0x40eb, 0x40cb, 0x40eb, 0x490b, 0x410c,
0x410c, 0x490c, 0x490d, 0x492d, 0x492d, 0x514e, 0x61b0, 0x598f, 0x514e, 0x514d,
0x410b, 0x6a0d, 0xac11, 0xb3ce, 0xbb6c, 0xc38d, 0xc40f, 0xc44f, 0xd4b1, 0xdd32,
0xe573, 0xe594, 0xdd74, 0xdd12, 0xd513, 0xd534, 0xd4f3, 0xd470, 0xdd33, 0xdd12,
0xe594, 0xe594, 0xdd12, 0xd46f, 0xc40e, 0xab6d, 0xa34c, 0x9b0c, 0x930b, 0x92aa,
0x9aeb, 0xb38d, 0x69a6, 0x3082, 0x7a07, 0xab8c, 0xbc91, 0x9ad0, 0x796e, 0x798e,
0x89d0, 0x89d1, 0x89d0, 0x89b0, 0x89d1, 0x81b0, 0x79b0, 0x7190, 0x696f, 0x614e,
0x592c, 0x510b, 0x490b, 0x490b, 0x592c, 0x8170, 0xa193, 0xa994, 0x692f, 0x510c,
0x512c, 0x40ea, 0x412c, 0x494e, 0x516e, 0x494d, 0x412c, 0x410c, 0x410b, 0x40eb,
0x40eb, 0x38c9, 0x30a8, 0x38ea, 0x38c9, 0x38a9, 0x38aa, 0x38ca, 0x40ca, 0x40aa,
0x40ca, 0x38a9, 0x38a9, 0x3888, 0x38a9, 0x30a8, 0x30a7, 0x3087, 0x3888, 0x50aa,
0x68ac, 0x60ac, 0x3889, 0x3087, 0x3087, 0x3087, 0x2887, 0x2888, 0x30a8, 0x30a8,
0x2888, 0x2888, 0x3088, 0x2887, 0x2887, 0x2887, 
0x2887, 0x2887, 0x2887, 0x2887, 0x2887, 0x2887, 0x2887, 0x2887, 0x2887, 0x2887,
0x2887, 0x2888, 0x2888, 0x2888, 0x2888, 0x2888, 0x2888, 0x2888, 0x2888, 0x30a8,
0x2888, 0x2888, 0x2888, 0x2888, 0x2888, 0x2888, 0x2888, 0x2888, 0x2888, 0x2888,
0x38e9, 0x30a8, 0x2888, 0x3088, 0x2888, 0x2887, 0x28a8, 0x30a8, 0x30a8, 0x30a8,
0x3088, 0x30a8, 0x30a8, 0x30a8, 0x30a8, 0x30a8, 0x38c9, 0x38c9, 0x38a9, 0x38a9,
0x38a9, 0x38a9, 0x38ca, 0x40ca, 0x40ca, 0x40eb, 0x40eb, 0x410b, 0x490c, 0x490c,
0x410c, 0x492d, 0x492d, 0x492d, 0x514e, 0x516f, 0x61b0, 0x596e, 0x516e, 0x492c,
0x490b, 0x724d, 0xac10, 0xb3ad, 0xcc6f, 0xd4d2, 0xbc0f, 0xc44f, 0xd490, 0xdd12,
0xe553, 0xe594, 0xe5b5, 0xe5b5, 0xe595, 0xdd54, 0xdd54, 0xe595, 0xdd74, 0xdd33,
0xe594, 0xe553, 0xcc4f, 0xc40e, 0xd4b1, 0xdd53, 0xe574, 0xe595, 0xe574, 0xd4b1,
0xab4c, 0xa30b, 0x5145, 0x30a2, 0x8248, 0xabad, 0xbcb2, 0x92b0, 0x714c, 0x714d,
0x81b0, 0x89d0, 0x81af, 0x81b0, 0x8190, 0x716f, 0x718f, 0x696f, 0x614e, 0x594d,
0x512c, 0x512c, 0x510b, 0x40e9, 0x712e, 0xb1b4, 0xb9d5, 0x9973, 0x592d, 0x490b,
0x410a, 0x410b, 0x494e, 0x494e, 0x494d, 0x412c, 0x410c, 0x410b, 0x40eb, 0x40eb,
0x40eb, 0x38c9, 0x30a8, 0x30a8, 0x30a9, 0x38a9, 0x38a9, 0x38a9, 0x38a9, 0x38a9,
0x38a9, 0x38a9, 0x38a9, 0x30a8, 0x38a8, 0x30a8, 0x30a7, 0x3087, 0x4889, 0x70ce,
0x78ee, 0x58ab, 0x3087, 0x30a8, 0x3087, 0x3087, 0x2888, 0x3088, 0x2888, 0x2888,
0x2888, 0x2888, 0x3087, 0x2887, 0x2887, 0x3087, 
0x28a7, 0x2887, 0x2887, 0x2887, 0x2887, 0x2887, 0x2887, 0x2887, 0x2888, 0x2887,
0x2888, 0x2888, 0x2888, 0x2888, 0x2888, 0x2888, 0x3088, 0x2888, 0x2888, 0x2888,
0x2888, 0x2888, 0x2888, 0x30a8, 0x2888, 0x2888, 0x2888, 0x2888, 0x2888, 0x2888,
0x30a8, 0x2888, 0x2888, 0x3088, 0x2888, 0x2887, 0x28a8, 0x2887, 0x30a8, 0x30a8,
0x30a8, 0x30c8, 0x30a8, 0x30a8, 0x38a8, 0x38a8, 0x38a9, 0x38a9, 0x38a9, 0x40c9,
0x40ea, 0x38c9, 0x40ca, 0x40eb, 0x40eb, 0x40cb, 0x40eb, 0x40ec, 0x410c, 0x492d,
0x492d, 0x492d, 0x492e, 0x514e, 0x516f, 0x516f, 0x514e, 0x516e, 0x61af, 0x514d,
0x490b, 0x724e, 0xabf0, 0xb3ce, 0xdcf1, 0xd4b1, 0xbc2f, 0xc42f, 0xd490, 0xdcf2,
0xe553, 0xe595, 0xe5b6, 0xe5b6, 0xe5b5, 0xe595, 0xe595, 0xe575, 0xdd12, 0xdd32,
0xe553, 0xdcf2, 0xcc70, 0xcc91, 0xbc51, 0xb451, 0xbc51, 0xc40f, 0xc40f, 0xcc4f,
0xbc0f, 0x92cb, 0x38a3, 0x5124, 0xa38c, 0xb40e, 0xbcb2, 0x8a8f, 0x714c, 0x716d,
0x798e, 0x796e, 0x818f, 0x81b0, 0x716e, 0x614c, 0x612d, 0x614e, 0x614d, 0x512c,
0x592d, 0x512c, 0x48ea, 0x48ea, 0x714f, 0xa1b3, 0xa9d4, 0x8150, 0x510c, 0x512c,
0x490c, 0x492d, 0x494e, 0x492d, 0x412c, 0x410c, 0x412c, 0x410b, 0x40eb, 0x40eb,
0x38ea, 0x38c9, 0x30a9, 0x38c9, 0x38a9, 0x38a9, 0x38a9, 0x38a9, 0x40c9, 0x38a9,
0x38a9, 0x38a9, 0x38a9, 0x30a8, 0x38a8, 0x38a8, 0x30a7, 0x3087, 0x4089, 0x68cd,
0x68cd, 0x4089, 0x3087, 0x3088, 0x3088, 0x3088, 0x2888, 0x2888, 0x2888, 0x2888,
0x3088, 0x30a8, 0x2887, 0x2887, 0x2887, 0x3087, 
0x28a7, 0x28a7, 0x2887, 0x2887, 0x2887, 0x2888, 0x2887, 0x2887, 0x2887, 0x2888,
0x2888, 0x2887, 0x2887, 0x30a8, 0x2888, 0x2888, 0x30a8, 0x30a8, 0x2888, 0x2888,
0x2888, 0x2888, 0x2888, 0x2888, 0x2888, 0x2888, 0x3088, 0x2888, 0x2888, 0x2888,
0x2888, 0x2888, 0x2888, 0x3088, 0x30a8, 0x2887, 0x2888, 0x30a8, 0x30a8, 0x30a8,
0x30c8, 0x30a8, 0x30a8, 0x30a8, 0x38a8, 0x38a9, 0x38a9, 0x38a9, 0x38a9, 0x38c9,
0x40ca, 0x40ca, 0x40ca, 0x40eb, 0x40eb, 0x40eb, 0x410c, 0x410c, 0x492d, 0x492d,
0x492d, 0x494e, 0x5990, 0x59b1, 0x5991, 0x5990, 0x516f, 0x596e, 0x618f, 0x594e,
0x512c, 0x7a8f, 0xac11, 0x9b0c, 0xb3ae, 0xdcd2, 0xbc0f, 0xc42f, 0xd490, 0xdcf2,
0xe533, 0xe594, 0xe5b5, 0xe595, 0xe595, 0xe5b6, 0xe595, 0xdd33, 0xdcf1, 0xdd12,
0xe532, 0xd491, 0xccb1, 0xd4d2, 0xbcd3, 0x7b6f, 0x6a8c, 0x92aa, 0xab0b, 0xbbad,
0xbbee, 0x8289, 0x3082, 0x61a6, 0xc4b0, 0xbc90, 0xbcb2, 0x7a0d, 0x796d, 0x81b0,
0x81b0, 0x81b0, 0x81b0, 0x798f, 0x614c, 0x510a, 0x592c, 0x612c, 0x592c, 0x512c,
0x512c, 0x510b, 0x490a, 0x48ea, 0x614f, 0x7991, 0x7170, 0x594e, 0x512d, 0x492d,
0x514e, 0x516e, 0x492d, 0x412d, 0x412c, 0x410b, 0x410b, 0x40eb, 0x40eb, 0x40eb,
0x40ea, 0x38c9, 0x30a9, 0x38c9, 0x38c9, 0x38a9, 0x38a9, 0x38c9, 0x38c9, 0x38a9,
0x38a9, 0x38a9, 0x38a8, 0x30a8, 0x30a8, 0x30a8, 0x30a7, 0x3087, 0x38a9, 0x40aa,
0x3889, 0x30a8, 0x3088, 0x3088, 0x30a8, 0x30a8, 0x2888, 0x3088, 0x3088, 0x2888,
0x2887, 0x2887, 0x2887, 0x2887, 0x3087, 0x2887, 
0x2887, 0x28a7, 0x2887, 0x2887, 0x2887, 0x30a8, 0x2887, 0x2887, 0x2887, 0x2888,
0x2888, 0x2888, 0x2888, 0x2888, 0x2888, 0x2888, 0x2888, 0x2888, 0x30a8, 0x2888,
0x2888, 0x2888, 0x2888, 0x2888, 0x2888, 0x2888, 0x38a9, 0x3088, 0x30a8, 0x2888,
0x2888, 0x2888, 0x3088, 0x3088, 0x30a8, 0x2887, 0x30a8, 0x30a8, 0x30a8, 0x30a8,
0x30a8, 0x30a8, 0x38c8, 0x38c9, 0x38a9, 0x38a9, 0x38a9, 0x38a9, 0x40c9, 0x40ca,
0x40ca, 0x40ea, 0x40eb, 0x40eb, 0x40eb, 0x410c, 0x490c, 0x490d, 0x492d, 0x492d,
0x514f, 0x61d2, 0x61d2, 0x61d2, 0x61b2, 0x5990, 0x596e, 0x514d, 0x616f, 0x698f,
0x594d, 0x8290, 0xb431, 0xa36d, 0x5966, 0x8acb, 0xc450, 0xc42f, 0xd490, 0xdcf2,
0xe533, 0xe554, 0xe595, 0xe5b6, 0xedb6, 0xedd6, 0xe574, 0xdcf1, 0xdcf1, 0xdd12,
0xdcf2, 0xcc50, 0xccb1, 0xdd74, 0xd513, 0xac10, 0xabf0, 0x7a08, 0x9aca, 0xb38d,
0xb3ce, 0x61c6, 0x40c3, 0x8269, 0xcd32, 0xbcb0, 0xbcb3, 0x7a0d, 0x796e, 0x89b0,
0x81b0, 0x798e, 0x714d, 0x716d, 0x614c, 0x614c, 0x612c, 0x510a, 0x510a, 0x512c,
0x512c, 0x510b, 0x40ea, 0x490b, 0x596f, 0x5970, 0x516f, 0x514e, 0x492d, 0x492d,
0x514e, 0x494d, 0x516e, 0x412c, 0x410c, 0x410b, 0x40eb, 0x40eb, 0x38ea, 0x490c,
0x48eb, 0x38c9, 0x38c9, 0x38c9, 0x38c9, 0x38c9, 0x38c9, 0x38c9, 0x38c9, 0x38c9,
0x38a9, 0x38a8, 0x38a8, 0x30a8, 0x30a8, 0x30a7, 0x30a7, 0x3087, 0x30a9, 0x30a9,
0x30a8, 0x3088, 0x3088, 0x3088, 0x3088, 0x2888, 0x30a8, 0x3088, 0x3088, 0x2887,
0x2887, 0x2887, 0x2887, 0x3088, 0x38a8, 0x2887, 
0x28a7, 0x2887, 0x2887, 0x2887, 0x2887, 0x2887, 0x28a7, 0x2887, 0x2887, 0x30a8,
0x28a8, 0x2888, 0x2888, 0x2888, 0x2888, 0x2888, 0x2888, 0x2888, 0x2888, 0x2888,
0x2888, 0x2888, 0x2888, 0x2888, 0x3088, 0x2888, 0x2888, 0x2888, 0x30a8, 0x2888,
0x2888, 0x2888, 0x30a8, 0x3088, 0x3088, 0x30a7, 0x30a8, 0x30a8, 0x38e9, 0x38e8,
0x30a8, 0x30a8, 0x38c9, 0x38a9, 0x38a9, 0x38a9, 0x38a9, 0x38c9, 0x40ca, 0x40ca,
0x40ea, 0x40eb, 0x40eb, 0x40eb, 0x410c, 0x490c, 0x492d, 0x492d, 0x492d, 0x514e,
0x5990, 0x71f4, 0x69f4, 0x61d1, 0x596f, 0x598f, 0x616f, 0x596e, 0x614e, 0x698f,
0x696f, 0x8290, 0xac11, 0xa3ae, 0x61a7, 0x7229, 0xcc70, 0xc44f, 0xd4b1, 0xdcf2,
0xe512, 0xe553, 0xe595, 0xedb6, 0xedb5, 0xe594, 0xdd12, 0xd4b1, 0xdcf2, 0xe533,
0xdcf2, 0xc42f, 0xcc91, 0xdd54, 0xd513, 0xcc90, 0xc40f, 0xab6d, 0xab8d, 0xc42f,
0xb3ee, 0x5145, 0x6185, 0x8aea, 0xcd73, 0xc4d1, 0xb472, 0x7a0d, 0x714d, 0x798f,
0x818f, 0x612c, 0x590a, 0x612c, 0x716e, 0x694d, 0x510b, 0x48ea, 0x490a, 0x510b,
0x48ea, 0x40e9, 0x48ea, 0x512d, 0x514e, 0x514f, 0x516f, 0x514f, 0x514e, 0x494d,
0x492d, 0x492d, 0x492d, 0x410c, 0x410b, 0x40eb, 0x40eb, 0x38eb, 0x38ea, 0x40ea,
0x40ca, 0x38c9, 0x38c9, 0x38c9, 0x38a9, 0x38c9, 0x38c9, 0x40ca, 0x40ca, 0x38a9,
0x38a8, 0x38a8, 0x30a8, 0x30a8, 0x30a7, 0x3087, 0x30a7, 0x30a8, 0x3088, 0x30a8,
0x30a9, 0x3088, 0x3088, 0x3088, 0x2888, 0x2888, 0x2888, 0x2888, 0x2888, 0x2888,
0x2887, 0x2887, 0x2887, 0x2887, 0x2887, 0x3087, 
0x28a7, 0x28a7, 0x2887, 0x2887, 0x2887, 0x2887, 0x2887, 0x2887, 0x2888, 0x2888,
0x2888, 0x2888, 0x2888, 0x2888, 0x2888, 0x2888, 0x2888, 0x2888, 0x2888, 0x2888,
0x2888, 0x2888, 0x2888, 0x30a8, 0x30a8, 0x3088, 0x3088, 0x2888, 0x2888, 0x2888,
0x2888, 0x30a8, 0x30a8, 0x30c9, 0x30c8, 0x3087, 0x30a8, 0x30a8, 0x38e9, 0x30c8,
0x38c8, 0x38a8, 0x38a8, 0x38a9, 0x38a9, 0x38a9, 0x38a9, 0x40ca, 0x40ea, 0x40ca,
0x40eb, 0x40eb, 0x40eb, 0x410c, 0x490c, 0x492d, 0x492d, 0x492e, 0x514e, 0x516f,
0x5990, 0x71d3, 0x69d2, 0x514d, 0x514d, 0x594d, 0x594e, 0x594d, 0x696f, 0x7190,
0x7990, 0x8251, 0xa3d1, 0xa38d, 0x7208, 0x8acb, 0xcc70, 0xcc70, 0xd4b1, 0xdcd1,
0xdd12, 0xe553, 0xed95, 0xedb5, 0xe594, 0xe552, 0xdcd1, 0xdcf2, 0xdd12, 0xe574,
0xdcf2, 0xc42f, 0xcc91, 0xdd33, 0xdd13, 0xd512, 0xd4d1, 0xcc90, 0xc490, 0xccb1,
0x9b4c, 0x40e3, 0x69c6, 0x930b, 0xd594, 0xc4f2, 0xb452, 0x79ce, 0x714d, 0x716d,
0x716e, 0x612b, 0x590a, 0x694d, 0x694e, 0x592b, 0x48ea, 0x48ea, 0x490a, 0x40e9,
0x40e9, 0x40e9, 0x512d, 0x514e, 0x514e, 0x516f, 0x514f, 0x514e, 0x514e, 0x492d,
0x492d, 0x492d, 0x410c, 0x410b, 0x40eb, 0x40eb, 0x40eb, 0x40eb, 0x38ea, 0x38ca,
0x38c9, 0x38c9, 0x38c9, 0x38c9, 0x38c9, 0x38c9, 0x40c9, 0x40ca, 0x40c9, 0x38a8,
0x30a8, 0x30a8, 0x30a7, 0x30a7, 0x3087, 0x3087, 0x30a8, 0x3088, 0x3088, 0x30a9,
0x30a8, 0x3088, 0x3088, 0x3088, 0x2888, 0x3088, 0x2888, 0x2888, 0x2888, 0x2887,
0x2887, 0x3088, 0x3088, 0x2887, 0x2887, 0x2887, 
0x28a7, 0x28a7, 0x2887, 0x2887, 0x28a8, 0x28a7, 0x2887, 0x2887, 0x2888, 0x2887,
0x2888, 0x2888, 0x2888, 0x2888, 0x30a8, 0x3088, 0x2888, 0x2888, 0x2888, 0x2888,
0x2888, 0x2888, 0x3088, 0x30a8, 0x30a8, 0x30a8, 0x3088, 0x2888, 0x3088, 0x30a8,
0x3088, 0x3088, 0x3088, 0x3088, 0x30a8, 0x30a8, 0x30c8, 0x38c8, 0x30a8, 0x38a8,
0x38c9, 0x38a8, 0x38a9, 0x38a9, 0x38c9, 0x40c9, 0x38c9, 0x40ca, 0x40ca, 0x40eb,
0x40eb, 0x40eb, 0x490c, 0x490d, 0x490d, 0x492d, 0x512e, 0x514e, 0x516f, 0x5990,
0x61b1, 0x5990, 0x514d, 0x512c, 0x512b, 0x512b, 0x594d, 0x696f, 0x7190, 0x7190,
0x7990, 0x7a10, 0xa3b1, 0xa38d, 0x69e7, 0x9b2c, 0xcc91, 0xcc70, 0xd4b1, 0xdcd1,
0xdd12, 0xe533, 0xe594, 0xe5b5, 0xe5b4, 0xdd11, 0xd44f, 0xcc0f, 0xdcf2, 0xe594,
0xdcf2, 0xc40f, 0xd4d1, 0xdd33, 0xdd12, 0xdd12, 0xdcf2, 0xd4d1, 0xccb0, 0xcc90,
0x7208, 0x40e3, 0x7a07, 0x9b6c, 0xd554, 0xc4f2, 0xb432, 0x81ce, 0x796e, 0x798f,
0x714d, 0x694d, 0x694d, 0x694d, 0x612c, 0x510a, 0x48ea, 0x510b, 0x48ea, 0x40e9,
0x40ea, 0x48ea, 0x512d, 0x512d, 0x514e, 0x516f, 0x514e, 0x514e, 0x514d, 0x494d,
0x410c, 0x410c, 0x410b, 0x410b, 0x40eb, 0x40eb, 0x40eb, 0x40ea, 0x40ea, 0x38ca,
0x38c9, 0x38c9, 0x38c9, 0x38c9, 0x40ca, 0x40ca, 0x40c9, 0x40ca, 0x40c9, 0x38a8,
0x30a7, 0x30a7, 0x30a7, 0x30a7, 0x3087, 0x3087, 0x3088, 0x3088, 0x30a8, 0x30a8,
0x30a8, 0x3088, 0x30a8, 0x30a8, 0x2888, 0x3088, 0x2888, 0x2888, 0x2888, 0x2887,
0x2887, 0x3088, 0x30a8, 0x3087, 0x2887, 0x2887, 
0x28a7, 0x2887, 0x2887, 0x28a8, 0x2887, 0x30a8, 0x3889, 0x2888, 0x2887, 0x2888,
0x2888, 0x2888, 0x2888, 0x2888, 0x2888, 0x2888, 0x2888, 0x2888, 0x2888, 0x2888,
0x2888, 0x2888, 0x2888, 0x30a8, 0x3088, 0x3088, 0x2888, 0x2888, 0x3088, 0x30a8,
0x30a8, 0x3088, 0x30a8, 0x30a8, 0x3088, 0x30a8, 0x30a8, 0x30a8, 0x38c9, 0x38a8,
0x38a8, 0x38a9, 0x38a9, 0x38a9, 0x38c9, 0x40ea, 0x40ca, 0x40ea, 0x40eb, 0x40eb,
0x410b, 0x410c, 0x492d, 0x492d, 0x492d, 0x512e, 0x514e, 0x514e, 0x516f, 0x61d2,
0x61d2, 0x514d, 0x492b, 0x512b, 0x510b, 0x592c, 0x614e, 0x718f, 0x716f, 0x7190,
0x7990, 0x71cf, 0x9b30, 0x9b4d, 0x69e7, 0x9b2c, 0xcc91, 0xcc90, 0xd4d1, 0xdcf2,
0xdd12, 0xdd32, 0xe553, 0xe594, 0xe594, 0xe552, 0xd42e, 0xcbcd, 0xcc2f, 0xcc2f,
0xc3ad, 0xc3ee, 0xe553, 0xe533, 0xdd12, 0xdcf1, 0xd4d1, 0xccb1, 0xd4d1, 0xabce,
0x40e3, 0x5145, 0x7a27, 0xac0f, 0xcd33, 0xc513, 0xb3f2, 0x79ae, 0x798e, 0x798f,
0x716e, 0x716f, 0x718f, 0x694d, 0x590b, 0x48ea, 0x48ea, 0x48ea, 0x48e9, 0x490a,
0x694f, 0x612e, 0x490c, 0x490b, 0x514e, 0x514e, 0x494d, 0x494d, 0x494d, 0x492c,
0x410c, 0x410b, 0x40eb, 0x40eb, 0x40eb, 0x40eb, 0x40eb, 0x40ea, 0x40ca, 0x38c9,
0x38c9, 0x38c9, 0x40c9, 0x40c9, 0x40ca, 0x40ca, 0x40c9, 0x40c9, 0x38a8, 0x30a8,
0x30a7, 0x30a7, 0x30a7, 0x30a8, 0x48aa, 0x3889, 0x3087, 0x3087, 0x30a8, 0x30a8,
0x3088, 0x30a8, 0x30a8, 0x2888, 0x2888, 0x2888, 0x2888, 0x2888, 0x2887, 0x2887,
0x2887, 0x30a8, 0x2887, 0x2887, 0x2887, 0x2887, 
0x28a7, 0x2887, 0x2887, 0x38c9, 0x28a7, 0x3088, 0x40aa, 0x30a8, 0x2887, 0x2888,
0x2888, 0x2888, 0x3088, 0x2888, 0x2888, 0x2888, 0x2888, 0x2888, 0x2888, 0x2888,
0x2888, 0x3088, 0x3088, 0x3088, 0x3088, 0x3088, 0x30a8, 0x3088, 0x3088, 0x3088,
0x3088, 0x3088, 0x3088, 0x30a8, 0x30a8, 0x30a8, 0x30a8, 0x30a8, 0x38c9, 0x38a9,
0x38a9, 0x38a9, 0x38a9, 0x38a9, 0x38c9, 0x38ca, 0x40ca, 0x40eb, 0x40eb, 0x40eb,
0x410c, 0x490c, 0x490d, 0x492d, 0x514e, 0x514e, 0x594f, 0x594f, 0x5990, 0x61b0,
0x596e, 0x490b, 0x490a, 0x512b, 0x592d, 0x614e, 0x696f, 0x716f, 0x716f, 0x718f,
0x798f, 0x718e, 0x92af, 0x9b2d, 0x7207, 0x92ec, 0xcc70, 0xcc90, 0xd4d1, 0xdcf2,
0xdd32, 0xdd32, 0xdd32, 0xe594, 0xe573, 0xe573, 0xe552, 0xe573, 0xdcd1, 0xbb4c,
0xb2ca, 0xd470, 0xe574, 0xdd33, 0xdcf2, 0xdcb1, 0xd490, 0xcc70, 0xccd2, 0x7229,
0x40e3, 0x61a6, 0x7a28, 0xb470, 0xc513, 0xcd13, 0xa371, 0x716d, 0x79af, 0x79af,
0x798f, 0x694e, 0x716e, 0x614d, 0x590b, 0x48ea, 0x48ea, 0x48ea, 0x490a, 0x510c,
0x9193, 0x8992, 0x490c, 0x492d, 0x514e, 0x492d, 0x492d, 0x492d, 0x492d, 0x410c,
0x410c, 0x410b, 0x40eb, 0x40eb, 0x40eb, 0x38ea, 0x38ea, 0x40ea, 0x38c9, 0x40ca,
0x38c9, 0x38c9, 0x40ca, 0x40ca, 0x40ca, 0x40ca, 0x40c9, 0x38c9, 0x38a8, 0x38a8,
0x30a8, 0x30a8, 0x3088, 0x3088, 0x60ad, 0x50ab, 0x3088, 0x3088, 0x30a8, 0x3088,
0x30a8, 0x3088, 0x3088, 0x3088, 0x2888, 0x2888, 0x2888, 0x2888, 0x2887, 0x2887,
0x2887, 0x30a8, 0x3087, 0x2887, 0x30a7, 0x2887, 
0x28a8, 0x28a8, 0x2887, 0x30a8, 0x30a8, 0x2888, 0x2888, 0x30a8, 0x2888, 0x2888,
0x2888, 0x2888, 0x30a8, 0x2888, 0x2888, 0x2888, 0x2888, 0x2888, 0x2888, 0x2888,
0x3088, 0x3088, 0x3088, 0x3088, 0x2888, 0x3088, 0x30a8, 0x3088, 0x3088, 0x3088,
0x3088, 0x30a8, 0x30a8, 0x3088, 0x30a8, 0x30a8, 0x38a8, 0x38a8, 0x38a9, 0x38c9,
0x38a9, 0x38a9, 0x38a9, 0x40c9, 0x40ca, 0x40ca, 0x40eb, 0x410b, 0x40eb, 0x490c,
0x490c, 0x492d, 0x492e, 0x514e, 0x514f, 0x6950, 0xa1b4, 0x9193, 0x592d, 0x510c,
0x510b, 0x490a, 0x510b, 0x592c, 0x696e, 0x696f, 0x716f, 0x716f, 0x718f, 0x694d,
0x716d, 0x716d, 0x8a4e, 0x930d, 0x69e7, 0x7a49, 0xcc50, 0xcc70, 0xd4d1, 0xdcf2,
0xdd32, 0xdd12, 0xcc91, 0xd4d2, 0xdcd2, 0xdcf2, 0xe533, 0xe553, 0xe594, 0xdcf1,
0xd44f, 0xdcd1, 0xe533, 0xdcf2, 0xdcb1, 0xd490, 0xcc4f, 0xcc71, 0x932d, 0x40e3,
0x5965, 0x7a28, 0x8aaa, 0xbc91, 0xc4f3, 0xcd13, 0x9b10, 0x714d, 0x716e, 0x798f,
0x798f, 0x714e, 0x694d, 0x612c, 0x510b, 0x510a, 0x490a, 0x48ea, 0x510c, 0x594f,
0x7171, 0x7171, 0x514e, 0x492d, 0x492d, 0x492d, 0x494d, 0x490d, 0x490c, 0x410c,
0x410b, 0x40eb, 0x40eb, 0x40eb, 0x38ea, 0x38ca, 0x38ca, 0x38c9, 0x38c9, 0x40ca,
0x38c9, 0x38c9, 0x40ca, 0x38c9, 0x40ca, 0x40c9, 0x38a9, 0x38c9, 0x38a8, 0x38a8,
0x3087, 0x3087, 0x3089, 0x30a9, 0x40ab, 0x40aa, 0x3088, 0x3088, 0x30a8, 0x3088,
0x30a8, 0x3088, 0x3088, 0x2888, 0x2888, 0x2888, 0x2888, 0x2888, 0x3087, 0x3087,
0x3087, 0x2887, 0x2887, 0x2887, 0x30a7, 0x2887, 
0x28a8, 0x28a7, 0x2887, 0x2887, 0x2888, 0x2888, 0x30a8, 0x2888, 0x2887, 0x2887,
0x30a8, 0x2888, 0x2887, 0x30a8, 0x30a8, 0x2888, 0x3088, 0x3088, 0x2888, 0x3088,
0x3088, 0x3088, 0x3088, 0x2888, 0x2888, 0x2888, 0x2888, 0x3088, 0x3088, 0x3088,
0x3088, 0x38c9, 0x38c9, 0x30a8, 0x38a8, 0x38c9, 0x38a8, 0x38a9, 0x38a9, 0x38a9,
0x38c9, 0x38a9, 0x38c9, 0x40ca, 0x38ca, 0x40eb, 0x40eb, 0x40eb, 0x490c, 0x492d,
0x492d, 0x492e, 0x514f, 0x514f, 0x5170, 0x8172, 0xc1d7, 0xa193, 0x50eb, 0x510b,
0x510a, 0x510b, 0x614d, 0x694e, 0x716f, 0x7190, 0x696e, 0x694d, 0x694d, 0x716d,
0x79ae, 0x81ae, 0x9270, 0x8acc, 0x7207, 0x6186, 0xb3cf, 0xcc91, 0xccb1, 0xd4f1,
0xdd12, 0xdd52, 0xccb1, 0xc36f, 0xc34f, 0xcb6f, 0xd3b0, 0xdc31, 0xdc92, 0xdcd2,
0xd4f1, 0xd4d1, 0xdcf1, 0xd4d1, 0xd490, 0xcc2f, 0xc40f, 0xb3cf, 0x4945, 0x4104,
0x69c7, 0x8269, 0xa38d, 0xbc91, 0xc513, 0xcd13, 0x92f0, 0x694d, 0x716e, 0x716f,
0x716f, 0x716f, 0x592c, 0x590b, 0x490a, 0x510b, 0x490b, 0x510b, 0x594f, 0x594f,
0x594f, 0x596f, 0x514e, 0x492d, 0x492d, 0x492d, 0x410c, 0x492c, 0x492c, 0x40eb,
0x410b, 0x40eb, 0x40eb, 0x40ea, 0x38ca, 0x38ca, 0x38c9, 0x38c9, 0x38c9, 0x38c9,
0x38a9, 0x38c9, 0x40ca, 0x40ca, 0x40ca, 0x40ca, 0x490b, 0x38a8, 0x38a8, 0x38a8,
0x3087, 0x3088, 0x30a9, 0x30a9, 0x30a9, 0x30a9, 0x30a8, 0x3088, 0x30a8, 0x30a8,
0x2888, 0x30a8, 0x30a8, 0x2888, 0x3088, 0x3088, 0x2887, 0x2887, 0x2887, 0x2887,
0x2887, 0x2887, 0x2887, 0x2887, 0x2887, 0x2887, 
0x30a8, 0x2887, 0x2887, 0x28a8, 0x28a8, 0x2888, 0x2888, 0x2888, 0x2888, 0x2888,
0x2888, 0x2888, 0x2888, 0x2888, 0x2888, 0x30a8, 0x30a8, 0x2888, 0x2888, 0x3088,
0x30a8, 0x2888, 0x3088, 0x3088, 0x2888, 0x2888, 0x2888, 0x3088, 0x30a8, 0x3088,
0x30a8, 0x3088, 0x30a8, 0x30a9, 0x38a9, 0x40e9, 0x38a9, 0x38a8, 0x38a9, 0x38a9,
0x38c9, 0x40c9, 0x40ca, 0x40ea, 0x40eb, 0x410b, 0x410b, 0x490c, 0x490d, 0x492d,
0x494e, 0x516f, 0x5190, 0x5190, 0x6191, 0x6950, 0x8951, 0x794f, 0x510b, 0x48ea,
0x48e9, 0x592c, 0x696f, 0x696f, 0x716f, 0x716e, 0x614d, 0x614c, 0x716d, 0x81d0,
0x81ae, 0x91d0, 0xa272, 0x8aac, 0x7207, 0x5145, 0x7a6a, 0xcc71, 0xcc91, 0xd4d1,
0xd4f1, 0xdd32, 0xdd32, 0xd471, 0xdc32, 0xdc53, 0xcb4e, 0xc2cd, 0xcb2e, 0xcbaf,
0xd470, 0xd4b0, 0xcc90, 0xd490, 0xcc4f, 0xbbce, 0xbbce, 0x7228, 0x38e3, 0x5165,
0x7a08, 0x92eb, 0xabee, 0xbcb1, 0xc513, 0xc513, 0x8a8f, 0x692d, 0x718f, 0x694e,
0x716f, 0x694e, 0x510b, 0x48e9, 0x48e9, 0x510b, 0x512c, 0x592d, 0x596f, 0x596f,
0x514e, 0x514e, 0x514d, 0x492d, 0x492d, 0x492c, 0x410c, 0x410c, 0x410b, 0x410b,
0x410b, 0x40eb, 0x40eb, 0x40ea, 0x40ca, 0x38c9, 0x38c9, 0x38c9, 0x38a9, 0x38a9,
0x38a9, 0x38c9, 0x512c, 0x490b, 0x38a9, 0x40c9, 0x40ea, 0x38a8, 0x38a8, 0x38a8,
0x3088, 0x3089, 0x30a9, 0x30a9, 0x30a9, 0x30a8, 0x30a8, 0x3088, 0x30a8, 0x3088,
0x3088, 0x3088, 0x2888, 0x3088, 0x30a8, 0x3088, 0x2887, 0x2887, 0x3087, 0x2887,
0x2887, 0x3087, 0x2887, 0x2887, 0x2887, 0x2887, 
0x2887, 0x40aa, 0x48cb, 0x2888, 0x30a8, 0x30a8, 0x2888, 0x2888, 0x2888, 0x2887,
0x2887, 0x2888, 0x2888, 0x2888, 0x2888, 0x2888, 0x2888, 0x2888, 0x3088, 0x3088,
0x3088, 0x2888, 0x2888, 0x2888, 0x2888, 0x3088, 0x3088, 0x3088, 0x3088, 0x3088,
0x3088, 0x30a8, 0x30a8, 0x30a9, 0x30a8, 0x30a8, 0x38a8, 0x38a9, 0x38a9, 0x38a9,
0x38c9, 0x40ca, 0x40ea, 0x40eb, 0x410b, 0x490c, 0x490c, 0x490c, 0x514e, 0x514e,
0x494e, 0x5990, 0x59b1, 0x5991, 0x6170, 0x594e, 0x510c, 0x510b, 0x490a, 0x510a,
0x510a, 0x614d, 0x696e, 0x694d, 0x612c, 0x612b, 0x614c, 0x718d, 0x81cf, 0x798d,
0x89f0, 0xaa74, 0xa293, 0x8a8c, 0x69e7, 0x4105, 0x7209, 0xbbef, 0xcc91, 0xd4d1,
0xd4f1, 0xdd11, 0xdd32, 0xd4f1, 0xcc0f, 0xd411, 0xe493, 0xe493, 0xcbd0, 0xb2ec,
0xab2c, 0xc44f, 0xcc6f, 0xcc70, 0xc40f, 0xbc0e, 0xa32c, 0x38c3, 0x3904, 0x61a6,
0x8289, 0xa38d, 0xa3ad, 0xbcb1, 0xc513, 0xc534, 0x8aaf, 0x692d, 0x694e, 0x716e,
0x696e, 0x590b, 0x48e9, 0x40e9, 0x490a, 0x510b, 0x7150, 0x7972, 0x594f, 0x596f,
0x516f, 0x512e, 0x492d, 0x492d, 0x490c, 0x410c, 0x410c, 0x410b, 0x40eb, 0x40eb,
0x40eb, 0x40eb, 0x40ea, 0x40ca, 0x40ca, 0x38c9, 0x38c9, 0x38a9, 0x38a9, 0x38a9,
0x38a9, 0x38c9, 0x40ca, 0x40ca, 0x40c9, 0x38a9, 0x38a8, 0x38a8, 0x38a8, 0x38a8,
0x50cc, 0x40aa, 0x3089, 0x38a9, 0x30a8, 0x30a8, 0x30a8, 0x3088, 0x3088, 0x3088,
0x3088, 0x3088, 0x3088, 0x2888, 0x2888, 0x2887, 0x3087, 0x2887, 0x3087, 0x2887,
0x2887, 0x2887, 0x2887, 0x2887, 0x2887, 0x2887, 
0x2887, 0x40aa, 0x50cb, 0x30a8, 0x2888, 0x30a8, 0x2888, 0x2888, 0x2888, 0x2887,
0x2887, 0x2888, 0x2888, 0x2888, 0x2888, 0x2888, 0x2888, 0x2888, 0x30a8, 0x30a8,
0x3088, 0x30a8, 0x2888, 0x2888, 0x2888, 0x3088, 0x30a8, 0x30a8, 0x30a8, 0x30a8,
0x30a8, 0x30a9, 0x30a8, 0x38c9, 0x38c9, 0x38a8, 0x38a9, 0x38a9, 0x38c9, 0x38c9,
0x38c9, 0x40ca, 0x40ea, 0x410b, 0x410b, 0x490c, 0x492c, 0x494d, 0x494e, 0x514f,
0x71b2, 0x69b2, 0x59b1, 0x59b1, 0x514d, 0x490a, 0x512b, 0x48e9, 0x510a, 0x592b,
0x614d, 0x694e, 0x694d, 0x612c, 0x590b, 0x612c, 0x614c, 0x716d, 0x79ae, 0x89cf,
0xa232, 0xb275, 0xaad4, 0x8a8c, 0x69c6, 0x38e4, 0x82ab, 0xab6d, 0xb3ce, 0xccb1,
0xd4f1, 0xdd12, 0xdd53, 0xe573, 0xdd33, 0xd490, 0xcbef, 0xcbf0, 0xd411, 0xc3af,
0xb3cd, 0xcc8f, 0xcc90, 0xc470, 0xc40f, 0xc42f, 0x61a6, 0x30c3, 0x4925, 0x7207,
0x92ea, 0x9b6c, 0xa3ad, 0xbcb2, 0xc4f3, 0xc534, 0x8ad0, 0x612d, 0x614c, 0x614c,
0x592b, 0x40e9, 0x40e9, 0x490a, 0x512b, 0x512c, 0x8193, 0x89b4, 0x6170, 0x596f,
0x516e, 0x492d, 0x492d, 0x490c, 0x410c, 0x410c, 0x410c, 0x410b, 0x40eb, 0x40eb,
0x40eb, 0x40ea, 0x40ea, 0x40ca, 0x40c9, 0x38c9, 0x38a9, 0x38a9, 0x38a9, 0x38a9,
0x38a8, 0x40c9, 0x40ca, 0x40c9, 0x40c9, 0x38c9, 0x38a8, 0x38a8, 0x38a8, 0x3889,
0x58cc, 0x48ac, 0x30a9, 0x38a9, 0x30a9, 0x30a8, 0x3088, 0x3088, 0x3088, 0x3088,
0x3088, 0x3088, 0x3088, 0x2888, 0x2887, 0x2887, 0x3088, 0x30a8, 0x2887, 0x30a7,
0x2887, 0x2887, 0x2887, 0x2887, 0x2887, 0x2887, 
0x28a8, 0x30a8, 0x38a9, 0x28a8, 0x2887, 0x2887, 0x2887, 0x2887, 0x2887, 0x2887,
0x2887, 0x2888, 0x2888, 0x2888, 0x2888, 0x2888, 0x2888, 0x2888, 0x2888, 0x2888,
0x2888, 0x2888, 0x2888, 0x3088, 0x30a8, 0x3088, 0x30a8, 0x30a8, 0x30a8, 0x30a8,
0x30a9, 0x38a9, 0x30a8, 0x30a9, 0x30a8, 0x38a8, 0x38a9, 0x38c9, 0x38c9, 0x40ca,
0x40ca, 0x40ea, 0x40eb, 0x40eb, 0x492c, 0x492d, 0x492d, 0x516f, 0x516f, 0x5170,
0x71b2, 0x69b1, 0x518f, 0x516e, 0x492c, 0x512b, 0x48e9, 0x48e9, 0x590c, 0x614e,
0x696f, 0x694d, 0x612b, 0x590b, 0x698d, 0x614c, 0x696d, 0x79cf, 0x81af, 0x9a12,
0xaa75, 0xb295, 0xaad4, 0x8a8b, 0x61a6, 0x38e3, 0x9b2c, 0xb38e, 0xa32c, 0xb3ae,
0xcc91, 0xdd12, 0xdd54, 0xe595, 0xe595, 0xe595, 0xe574, 0xd4d1, 0xcc4f, 0xc42e,
0xc44f, 0xc46f, 0xcc6f, 0xc40f, 0xcc50, 0x92eb, 0x38c3, 0x4924, 0x69c6, 0x8269,
0x8aca, 0x9b2a, 0xa3ac, 0xbcb1, 0xbcf3, 0xc514, 0x8ad0, 0x610c, 0x594b, 0x510a,
0x40e8, 0x40e9, 0x48ea, 0x512b, 0x512c, 0x616f, 0x6991, 0x6991, 0x594f, 0x512d,
0x492d, 0x492d, 0x492c, 0x490c, 0x410b, 0x410b, 0x410b, 0x40eb, 0x40eb, 0x40eb,
0x40ea, 0x40ca, 0x38ca, 0x38c9, 0x38c9, 0x38c9, 0x38a9, 0x38c9, 0x38a9, 0x38a9,
0x38a9, 0x38c9, 0x40c9, 0x40c9, 0x40c9, 0x38a9, 0x38a9, 0x38a9, 0x38a9, 0x38a9,
0x40ab, 0x38aa, 0x3089, 0x3088, 0x30a8, 0x30a8, 0x3088, 0x3088, 0x3088, 0x3088,
0x3088, 0x3088, 0x3088, 0x2887, 0x2887, 0x2887, 0x2887, 0x2887, 0x2887, 0x2887,
0x2887, 0x2887, 0x3087, 0x2887, 0x2887, 0x2887, 
0x28a8, 0x2887, 0x30a8, 0x30a8, 0x2887, 0x30a8, 0x28a8, 0x2887, 0x2887, 0x30c8,
0x30a8, 0x2887, 0x2888, 0x2887, 0x2887, 0x2888, 0x2888, 0x2888, 0x2888, 0x2888,
0x2888, 0x2888, 0x2888, 0x2888, 0x3088, 0x3088, 0x30a8, 0x30a8, 0x30a8, 0x30a8,
0x30a8, 0x38c9, 0x38e9, 0x30a9, 0x38a8, 0x38c9, 0x38c9, 0x38c9, 0x40ca, 0x40ca,
0x40eb, 0x490b, 0x40eb, 0x410b, 0x490c, 0x492d, 0x514e, 0x516f, 0x5190, 0x59b1,
0x5190, 0x516f, 0x514d, 0x40ea, 0x490a, 0x490a, 0x48ea, 0x592c, 0x612d, 0x612e,
0x694e, 0x614d, 0x592b, 0x590a, 0x696d, 0x798f, 0x798f, 0x818f, 0x91f1, 0xaa54,
0xb296, 0xbab6, 0xb2f4, 0x8a8b, 0x5965, 0x4104, 0xb3ae, 0xb3ce, 0xb3ae, 0xab4d,
0xb38d, 0xcc91, 0xdd34, 0xe575, 0xe595, 0xe595, 0xdd54, 0xdd32, 0xd4f1, 0xcc90,
0xc44f, 0xc42f, 0xc40e, 0xcc0f, 0xab6d, 0x4924, 0x4103, 0x5965, 0x7a28, 0x8248,
0x92ea, 0x9b0a, 0xabcd, 0xbcb1, 0xbcd2, 0xcd34, 0x8b10, 0x48c9, 0x512a, 0x510a,
0x48ea, 0x490a, 0x490b, 0x510c, 0x594e, 0x596f, 0x594f, 0x596f, 0x514d, 0x512d,
0x514d, 0x492d, 0x490c, 0x490c, 0x492c, 0x40eb, 0x410b, 0x40eb, 0x40eb, 0x40eb,
0x40ca, 0x38ca, 0x38ca, 0x38c9, 0x38c9, 0x38a9, 0x38a9, 0x38a9, 0x38a9, 0x38a9,
0x38a9, 0x38c9, 0x38c9, 0x38c9, 0x38a9, 0x38c9, 0x38a9, 0x38a9, 0x38a9, 0x38a9,
0x3089, 0x38a9, 0x3088, 0x30a8, 0x30a9, 0x3088, 0x2888, 0x3088, 0x38c9, 0x3088,
0x3088, 0x3088, 0x2888, 0x2887, 0x2887, 0x2887, 0x2887, 0x2887, 0x2887, 0x2887,
0x2887, 0x2887, 0x2887, 0x2887, 0x2887, 0x3087, 
0x28a7, 0x2887, 0x30a8, 0x2887, 0x2887, 0x2887, 0x2887, 0x2887, 0x2887, 0x30a8,
0x30a8, 0x2887, 0x30a8, 0x30a8, 0x2888, 0x2887, 0x2888, 0x3088, 0x3088, 0x30a8,
0x30a8, 0x2888, 0x2888, 0x30a8, 0x30a8, 0x3088, 0x30a8, 0x3088, 0x30a8, 0x30a8,
0x30a8, 0x30a9, 0x38c9, 0x38c9, 0x38c9, 0x38c9, 0x38c9, 0x38c9, 0x40ea, 0x40ea,
0x40eb, 0x410b, 0x410c, 0x492d, 0x492d, 0x494d, 0x516e, 0x518f, 0x51b0, 0x71f3,
0x79d2, 0x492d, 0x410a, 0x4109, 0x514b, 0x510b, 0x592d, 0x612e, 0x612d, 0x612d,
0x614d, 0x612c, 0x590a, 0x694c, 0x716e, 0x81b0, 0x89b0, 0x89b0, 0xa254, 0xb296,
0xb296, 0xb294, 0xaab2, 0x828b, 0x4924, 0x5986, 0xc451, 0xb3cf, 0xbc0f, 0xbbef,
0xab4c, 0xb38d, 0xd4b1, 0xdd33, 0xdd34, 0xdd34, 0xdd13, 0xd4f1, 0xd4d1, 0xcc70,
0xc42f, 0xc40f, 0xc40f, 0x9aeb, 0x40e4, 0x40e3, 0x4924, 0x61a5, 0x71e7, 0x8269,
0x930a, 0x9b4b, 0xac0e, 0xbcb1, 0xbcb2, 0xcd54, 0x9350, 0x48e9, 0x510a, 0x490b,
0x510b, 0x510c, 0x512c, 0x512d, 0x594e, 0x514e, 0x514e, 0x514e, 0x492d, 0x492d,
0x492c, 0x490c, 0x490c, 0x410b, 0x492c, 0x40eb, 0x410b, 0x40eb, 0x40ea, 0x40ca,
0x38ca, 0x40ca, 0x38c9, 0x38c9, 0x38a9, 0x38a9, 0x38a9, 0x38c9, 0x38a9, 0x38a9,
0x38a9, 0x30a8, 0x38a8, 0x38a9, 0x38a9, 0x38a9, 0x38a9, 0x38a9, 0x38a9, 0x30a9,
0x30a9, 0x30a9, 0x3088, 0x3088, 0x3088, 0x2888, 0x3088, 0x3088, 0x30a9, 0x3088,
0x30a8, 0x3088, 0x3088, 0x2887, 0x2887, 0x2887, 0x2887, 0x2887, 0x3087, 0x2887,
0x2887, 0x3087, 0x2887, 0x2887, 0x30a7, 0x2887, 
0x2887, 0x2887, 0x2887, 0x28a7, 0x2887, 0x2887, 0x2887, 0x2887, 0x2887, 0x2887,
0x2887, 0x2887, 0x2887, 0x2887, 0x2887, 0x30a8, 0x2888, 0x2888, 0x2887, 0x30a8,
0x3088, 0x2888, 0x2888, 0x2887, 0x3088, 0x3088, 0x30a8, 0x30a8, 0x30a8, 0x38c9,
0x30a9, 0x30a9, 0x38c9, 0x38e9, 0x38c9, 0x38c9, 0x40e9, 0x40ea, 0x40ea, 0x40ea,
0x40eb, 0x410b, 0x490c, 0x492d, 0x492d, 0x494e, 0x516f, 0x5190, 0x5190, 0x5990,
0x596d, 0x490b, 0x40e9, 0x48ea, 0x510b, 0x592d, 0x612e, 0x612d, 0x592c, 0x592c,
0x614c, 0x612b, 0x590a, 0x694d, 0x81b0, 0x89b0, 0x91d2, 0x9a13, 0xaa75, 0xb2d6,
0xb294, 0xb273, 0xa2b1, 0x7a4a, 0x40e3, 0x7269, 0xcc92, 0xbbef, 0xc430, 0xc471,
0xbbef, 0xb36d, 0xb38d, 0xc450, 0xd4d2, 0xd4f2, 0xd4d2, 0xd4b1, 0xc44f, 0xbbce,
0xbbad, 0xbb8d, 0x61c7, 0x1842, 0x30a3, 0x4104, 0x4104, 0x61a5, 0x71e6, 0x8a89,
0x930a, 0xa36c, 0xb40e, 0xbc90, 0xbcb1, 0xcd54, 0x9bb1, 0x50ea, 0x510b, 0x512c,
0x592d, 0x592d, 0x596e, 0x594e, 0x514e, 0x514e, 0x512d, 0x492d, 0x492d, 0x490c,
0x490c, 0x490c, 0x410b, 0x40eb, 0x40eb, 0x40eb, 0x40eb, 0x40ea, 0x40ca, 0x40ca,
0x40ca, 0x38c9, 0x38a9, 0x38c9, 0x38a9, 0x38a9, 0x38a9, 0x38a9, 0x38a8, 0x38a9,
0x38c9, 0x30a8, 0x38a8, 0x38a9, 0x38a9, 0x38a9, 0x38a9, 0x38a9, 0x30a9, 0x30a8,
0x30a8, 0x30a8, 0x30a8, 0x3088, 0x3088, 0x3088, 0x3088, 0x3088, 0x3088, 0x3088,
0x2887, 0x2887, 0x2887, 0x3087, 0x2887, 0x2887, 0x2887, 0x3087, 0x2887, 0x2887,
0x2887, 0x2887, 0x2887, 0x2887, 0x30a8, 0x3087, 
0x30a8, 0x2887, 0x2887, 0x30a8, 0x2887, 0x2887, 0x2887, 0x2887, 0x2887, 0x2887,
0x2887, 0x2887, 0x2887, 0x2887, 0x2887, 0x3088, 0x30a8, 0x2887, 0x2888, 0x2888,
0x3088, 0x3088, 0x30a8, 0x30a8, 0x3088, 0x3088, 0x30a8, 0x30a8, 0x30a9, 0x38c9,
0x30a9, 0x38a9, 0x38a9, 0x38c9, 0x38ea, 0x38c9, 0x40ca, 0x40ea, 0x40ea, 0x40eb,
0x410b, 0x410c, 0x492d, 0x494e, 0x516f, 0x5990, 0x598f, 0x518f, 0x516f, 0x492c,
0x410a, 0x48ea, 0x48ea, 0x510c, 0x592d, 0x612d, 0x696e, 0x612c, 0x590b, 0x590b,
0x590a, 0x590a, 0x694c, 0x796e, 0x89b0, 0x91d2, 0x99f2, 0xa233, 0xaa54, 0xaa94,
0xaa73, 0xb294, 0xa291, 0x7209, 0x38a3, 0xa38e, 0xccb2, 0xbc10, 0xc451, 0xccd2,
0xcc91, 0xc40f, 0xbbce, 0xb38d, 0xbbce, 0xbbee, 0xbbce, 0xb38d, 0xb34c, 0xb34c,
0xab0b, 0xaaca, 0x69a7, 0x1022, 0x28a3, 0x4924, 0x4104, 0x61a5, 0x69c6, 0x8288,
0x9b2b, 0xa38c, 0xb40e, 0xb44f, 0xbcb1, 0xcd34, 0xac12, 0x48e9, 0x510b, 0x592d,
0x592d, 0x594f, 0x594e, 0x512d, 0x514e, 0x514d, 0x492d, 0x492d, 0x492c, 0x490c,
0x490c, 0x410b, 0x410b, 0x410b, 0x40eb, 0x40eb, 0x40ea, 0x40ca, 0x40ca, 0x40ca,
0x40ea, 0x38a9, 0x38a9, 0x38a9, 0x38a9, 0x38a9, 0x38a9, 0x38c9, 0x3888, 0x3888,
0x3888, 0x3088, 0x30a8, 0x30a8, 0x38a9, 0x38a9, 0x38a9, 0x30a9, 0x30a9, 0x30a9,
0x3088, 0x30a8, 0x30a8, 0x3088, 0x3088, 0x3088, 0x3088, 0x3088, 0x3088, 0x2888,
0x2888, 0x2887, 0x2887, 0x2887, 0x30a8, 0x2887, 0x2887, 0x2887, 0x2887, 0x2887,
0x2887, 0x30a8, 0x2887, 0x2887, 0x2887, 0x2887, 
0x2887, 0x2887, 0x2887, 0x2887, 0x30a7, 0x2887, 0x2887, 0x2887, 0x2887, 0x2887,
0x2887, 0x2887, 0x30a8, 0x30a8, 0x2887, 0x2887, 0x2887, 0x2888, 0x2887, 0x30a8,
0x30a8, 0x3088, 0x30a8, 0x30a8, 0x3088, 0x30a8, 0x30a8, 0x30a8, 0x30a9, 0x38a9,
0x38c9, 0x38c9, 0x38c9, 0x38c9, 0x38c9, 0x40ea, 0x40ea, 0x40ea, 0x40eb, 0x410b,
0x410c, 0x490c, 0x492d, 0x494e, 0x6170, 0x99f5, 0x7191, 0x516e, 0x514d, 0x410a,
0x490a, 0x48ea, 0x510c, 0x592d, 0x614e, 0x694e, 0x612d, 0x590b, 0x590a, 0x592b,
0x5909, 0x612c, 0x796e, 0x89d1, 0x91d1, 0x99f2, 0x91d1, 0xa212, 0xaa54, 0xa232,
0xaa73, 0xbab5, 0xa2b2, 0x61a8, 0x61c7, 0xccb2, 0xccb2, 0xbc30, 0xc451, 0xd513,
0xd4f3, 0xcc91, 0xc450, 0xc40f, 0xbbae, 0xb36c, 0xb34c, 0xbb6d, 0xbb8d, 0xbb6d,
0xb32c, 0xa2ca, 0xaaea, 0x71e7, 0x2042, 0x3082, 0x4103, 0x61a5, 0x69a5, 0x8268,
0x9b4b, 0xa38c, 0xac0e, 0xb44f, 0xbc91, 0xc4f3, 0xb493, 0x514b, 0x510c, 0x592d,
0x592e, 0x512d, 0x594e, 0x512d, 0x492d, 0x492d, 0x492d, 0x490c, 0x490c, 0x490c,
0x490c, 0x410b, 0x40eb, 0x40eb, 0x40eb, 0x40ea, 0x40ca, 0x40ea, 0x38c9, 0x38a9,
0x38a9, 0x38a9, 0x38a9, 0x38c9, 0x38a9, 0x38a9, 0x38a9, 0x38a9, 0x3888, 0x38a9,
0x3888, 0x3088, 0x30a8, 0x30a8, 0x30a8, 0x30a9, 0x38a9, 0x30a9, 0x30a8, 0x30a8,
0x30a8, 0x3088, 0x3088, 0x30a8, 0x3088, 0x3088, 0x3088, 0x3088, 0x3088, 0x3088,
0x2887, 0x30a8, 0x2887, 0x2887, 0x2887, 0x2887, 0x2887, 0x2887, 0x3087, 0x2887,
0x3087, 0x30a8, 0x2887, 0x3087, 0x2887, 0x2887, 
0x2887, 0x2887, 0x2887, 0x30a8, 0x30c8, 0x2887, 0x2887, 0x30a8, 0x2887, 0x2887,
0x2887, 0x2887, 0x2887, 0x2887, 0x2887, 0x2888, 0x2888, 0x2888, 0x2888, 0x30a8,
0x3088, 0x30a8, 0x3088, 0x3088, 0x30a8, 0x30a8, 0x30a8, 0x30a9, 0x30a9, 0x30a9,
0x38c9, 0x38c9, 0x38c9, 0x38ca, 0x38ca, 0x38ea, 0x40ea, 0x410b, 0x410b, 0x410c,
0x492c, 0x492d, 0x494d, 0x516f, 0x6991, 0xa1f5, 0x696f, 0x492c, 0x490b, 0x40ea,
0x490a, 0x510b, 0x592d, 0x612e, 0x614e, 0x694e, 0x612d, 0x590b, 0x510a, 0x590a,
0x716d, 0x796f, 0x8190, 0x91f2, 0x9a13, 0x99d2, 0x99f2, 0xa212, 0xa212, 0xaa53,
0xb2b5, 0xc2d6, 0x9a91, 0x932d, 0xc471, 0xccd2, 0xccb2, 0xc471, 0xc430, 0xd513,
0xdd34, 0xd4f2, 0xccb1, 0xcc90, 0xc44f, 0xc40f, 0xc40f, 0xc40f, 0xc40f, 0xc3ce,
0xbb6d, 0xb32b, 0xab0a, 0xbb4b, 0x8a8a, 0x61e9, 0x4104, 0x5964, 0x69a5, 0x8248,
0x9b4b, 0xa38c, 0xabee, 0xb42e, 0xbc70, 0xbcd1, 0xc4f4, 0x69ee, 0x510d, 0x594e,
0x594e, 0x514e, 0x514e, 0x512d, 0x492d, 0x490c, 0x490c, 0x490c, 0x492c, 0x492c,
0x40eb, 0x40eb, 0x410b, 0x40eb, 0x40ea, 0x40ca, 0x40ca, 0x38ca, 0x38c9, 0x38c9,
0x38c9, 0x38a9, 0x38a9, 0x38c9, 0x38a9, 0x38a9, 0x38a8, 0x3888, 0x38a8, 0x38a9,
0x3088, 0x3088, 0x30a8, 0x30a8, 0x30a9, 0x30a9, 0x30a9, 0x30a9, 0x30a8, 0x30a8,
0x3088, 0x30a8, 0x30a8, 0x30a8, 0x3088, 0x3088, 0x30a8, 0x3088, 0x3088, 0x2887,
0x2887, 0x2887, 0x2887, 0x2887, 0x2887, 0x2887, 0x2887, 0x3087, 0x2887, 0x2887,
0x2887, 0x2887, 0x2887, 0x3087, 0x2887, 0x2887, 
0x2887, 0x2887, 0x2887, 0x30a8, 0x28a7, 0x28a7, 0x2887, 0x2887, 0x2887, 0x28a8,
0x2887, 0x30c8, 0x2887, 0x3088, 0x3087, 0x2887, 0x30a8, 0x3088, 0x3088, 0x3088,
0x3088, 0x3088, 0x3088, 0x3088, 0x30a8, 0x30a8, 0x30a8, 0x30c9, 0x38c9, 0x30a9,
0x38c9, 0x38c9, 0x38ca, 0x38ca, 0x38ea, 0x490b, 0x40eb, 0x410b, 0x410c, 0x492c,
0x494d, 0x514e, 0x516e, 0x516f, 0x6191, 0x7992, 0x512c, 0x490b, 0x40ea, 0x48ea,
0x48ea, 0x510c, 0x612e, 0x612d, 0x612d, 0x592c, 0x590b, 0x590a, 0x592b, 0x694d,
0x8190, 0x81b0, 0x89b1, 0x91f2, 0x9a13, 0x91d1, 0x91f1, 0xa232, 0xa212, 0xb274,
0xba75, 0xb2d4, 0xbc12, 0xd4f3, 0xccd2, 0xccd2, 0xccb2, 0xc4b1, 0xc430, 0xd4f3,
0xdd74, 0xdd33, 0xd4f2, 0xd4b1, 0xcc90, 0xcc91, 0xccb1, 0xcc70, 0xcc2f, 0xc3ee,
0xc3ad, 0xbbad, 0xc3cd, 0xc3cd, 0xab6c, 0xa3d0, 0x4987, 0x61a7, 0x6185, 0x71e6,
0x9aea, 0xa36c, 0xabcd, 0xabed, 0xb42e, 0xbc91, 0xcd54, 0x82f0, 0x510e, 0x596f,
0x594e, 0x514d, 0x512d, 0x492d, 0x492d, 0x490c, 0x490c, 0x490c, 0x490c, 0x410b,
0x410b, 0x40eb, 0x40eb, 0x40ea, 0x40ea, 0x410a, 0x40ea, 0x38c9, 0x38c9, 0x38a9,
0x38c9, 0x38a9, 0x38a9, 0x38a9, 0x38a9, 0x38a9, 0x38a9, 0x3888, 0x3088, 0x3088,
0x30a8, 0x30a8, 0x30a8, 0x30a9, 0x30a9, 0x30a9, 0x30a9, 0x30a8, 0x30a8, 0x30a8,
0x3088, 0x30a8, 0x30a8, 0x3088, 0x3088, 0x3088, 0x3088, 0x3088, 0x3088, 0x30a8,
0x30a8, 0x2887, 0x3087, 0x2887, 0x3087, 0x2887, 0x2887, 0x2887, 0x2887, 0x2887,
0x2887, 0x2887, 0x2887, 0x2887, 0x2887, 0x3087, 
0x2887, 0x2887, 0x2887, 0x28a7, 0x2887, 0x30a7, 0x2887, 0x2887, 0x2887, 0x2887,
0x2887, 0x30a8, 0x2887, 0x30a8, 0x30a8, 0x2887, 0x30a8, 0x3088, 0x3088, 0x30a8,
0x3088, 0x3088, 0x3088, 0x30c9, 0x30a8, 0x30a9, 0x30a9, 0x30a9, 0x30a9, 0x38c9,
0x38ca, 0x38ca, 0x38ea, 0x38ea, 0x38ea, 0x490b, 0x490c, 0x410b, 0x492c, 0x494d,
0x494d, 0x516e, 0x494d, 0x516f, 0x59b0, 0x514e, 0x410a, 0x40ea, 0x490a, 0x490a,
0x510b, 0x592d, 0x592d, 0x590c, 0x592b, 0x592c, 0x592b, 0x592b, 0x694c, 0x798f,
0x81b1, 0x89d1, 0x89d1, 0x9a13, 0x9a33, 0x99f2, 0x91af, 0x91af, 0xa212, 0x91f1,
0x824f, 0x9bb0, 0xd533, 0xccd2, 0xd4f3, 0xccd2, 0xc4b2, 0xccd2, 0xc450, 0xd4d3,
0xdd75, 0xdd33, 0xdd12, 0xd4f2, 0xd4f2, 0xd4d2, 0xd4b1, 0xd490, 0xcc2f, 0xcbee,
0xcc0e, 0xcc2e, 0xcc2e, 0xd44f, 0xbbee, 0x9b8f, 0x72ac, 0xa3d0, 0xb410, 0xa38d,
0x9b0a, 0x92e9, 0x9b2a, 0xabac, 0xb40e, 0xbc90, 0xcd34, 0xa3f2, 0x594e, 0x514e,
0x514d, 0x492d, 0x492d, 0x492c, 0x490c, 0x490c, 0x490c, 0x410b, 0x410b, 0x40eb,
0x490b, 0x40eb, 0x40ca, 0x40ca, 0x40ca, 0x40ea, 0x40c9, 0x38c9, 0x40e9, 0x38a9,
0x38a9, 0x38a9, 0x38a9, 0x38a9, 0x38a8, 0x3888, 0x38a8, 0x38a9, 0x3088, 0x38a8,
0x3088, 0x3088, 0x30a8, 0x30a8, 0x30a8, 0x30a8, 0x30a8, 0x30a8, 0x30a8, 0x30a8,
0x3088, 0x3088, 0x3088, 0x3088, 0x30a8, 0x3088, 0x2888, 0x2887, 0x2887, 0x3087,
0x3087, 0x2887, 0x30a8, 0x2887, 0x2887, 0x2887, 0x2887, 0x30a7, 0x2887, 0x2887,
0x2887, 0x30a7, 0x2887, 0x3087, 0x2887, 0x2887, 
0x2887, 0x2887, 0x2887, 0x2887, 0x2887, 0x2887, 0x2887, 0x2887, 0x2887, 0x2887,
0x2887, 0x2887, 0x2887, 0x2887, 0x2887, 0x2887, 0x2887, 0x3088, 0x2888, 0x2888,
0x3088, 0x30a8, 0x30a8, 0x30a8, 0x30a8, 0x30a9, 0x30c9, 0x30c9, 0x38a9, 0x38c9,
0x38ca, 0x38ca, 0x38ea, 0x38ea, 0x410b, 0x38ea, 0x410b, 0x410c, 0x412c, 0x492c,
0x494d, 0x496d, 0x494e, 0x516e, 0x518f, 0x516e, 0x490b, 0x490a, 0x48ea, 0x490b,
0x592d, 0x614e, 0x592d, 0x592c, 0x592c, 0x592b, 0x592a, 0x694c, 0x714e, 0x798f,
0x81b0, 0x89b1, 0x89d1, 0x91d2, 0x91d2, 0x91b1, 0x91d1, 0x9a51, 0x824f, 0x5a2b,
0x8b6f, 0xccb2, 0xccd2, 0xd533, 0xd513, 0xccd2, 0xccd2, 0xccf3, 0xcc91, 0xccb2,
0xdd74, 0xdd53, 0xdd33, 0xdd33, 0xdd33, 0xdd33, 0xdcf2, 0xd470, 0xcc0f, 0xcc4f,
0xd470, 0xd46f, 0xd470, 0xd490, 0xcc4f, 0x7aab, 0x7aac, 0x622a, 0xa3d0, 0xd4f3,
0xc4b2, 0xbc2f, 0xb3ce, 0xabad, 0xabcd, 0xbc90, 0xc4f3, 0xbcb3, 0x61ce, 0x490d,
0x514d, 0x492d, 0x492d, 0x492c, 0x492c, 0x490c, 0x410b, 0x40eb, 0x40eb, 0x40eb,
0x40eb, 0x40ea, 0x40ea, 0x40ca, 0x40ca, 0x38c9, 0x40c9, 0x38a9, 0x38a9, 0x38a9,
0x38a9, 0x38a9, 0x38a8, 0x3088, 0x3888, 0x38a9, 0x30a8, 0x3088, 0x3088, 0x30a8,
0x3088, 0x3088, 0x30a8, 0x30a8, 0x30a8, 0x30a8, 0x30a8, 0x3088, 0x30a8, 0x3088,
0x3088, 0x3088, 0x3088, 0x3088, 0x3088, 0x3088, 0x3088, 0x3087, 0x2887, 0x2887,
0x3087, 0x2887, 0x2887, 0x2887, 0x2887, 0x2887, 0x2887, 0x2887, 0x2887, 0x2887,
0x2887, 0x2887, 0x2887, 0x2887, 0x2887, 0x2887, 
0x2887, 0x2887, 0x2887, 0x28a7, 0x2887, 0x2887, 0x3088, 0x2887, 0x2887, 0x2887,
0x2887, 0x2887, 0x2887, 0x2887, 0x38c9, 0x38c8, 0x2887, 0x30a8, 0x30a8, 0x30a8,
0x2888, 0x30a8, 0x30a8, 0x30a8, 0x30a8, 0x30a9, 0x30a9, 0x30a9, 0x38c9, 0x38ca,
0x410a, 0x38ca, 0x38ea, 0x38eb, 0x40eb, 0x40ea, 0x410b, 0x492c, 0x412c, 0x492c,
0x492d, 0x492d, 0x494e, 0x516e, 0x516e, 0x514d, 0x490b, 0x490a, 0x490a, 0x510c,
0x592d, 0x614e, 0x614e, 0x614d, 0x614d, 0x592b, 0x590a, 0x694c, 0x716e, 0x7970,
0x7970, 0x8191, 0x91f1, 0x9a72, 0xa2f2, 0xab72, 0xbc12, 0xa411, 0x93b0, 0x834e,
0x8b0d, 0xdd34, 0xd533, 0xdd54, 0xd513, 0xccd3, 0xccd2, 0xccf3, 0xccd2, 0xcc71,
0xdd54, 0xdd54, 0xdd34, 0xdd54, 0xdd34, 0xdd33, 0xdcd1, 0xd450, 0xd450, 0xd4b1,
0xd470, 0xd450, 0xd450, 0xd42f, 0xcc0f, 0xbc11, 0x936f, 0x8b6f, 0x8b6f, 0xccd3,
0xc4b2, 0xccd2, 0xcd13, 0xccf3, 0xccd2, 0xc4d2, 0xc4b2, 0xc4d3, 0x82cf, 0x40cc,
0x40ec, 0x492c, 0x492c, 0x490c, 0x490c, 0x490c, 0x40eb, 0x40eb, 0x40eb, 0x40eb,
0x40ea, 0x40eb, 0x40ca, 0x38ca, 0x38ca, 0x38c9, 0x38c9, 0x38a9, 0x40ca, 0x490b,
0x38a9, 0x38a9, 0x38a9, 0x38c9, 0x3088, 0x3088, 0x38a8, 0x3088, 0x3088, 0x30a8,
0x3088, 0x30a8, 0x30a8, 0x30a8, 0x30a8, 0x30a8, 0x30a8, 0x30a8, 0x3088, 0x3088,
0x3088, 0x3088, 0x3088, 0x3088, 0x3088, 0x30a8, 0x3088, 0x2887, 0x2887, 0x2887,
0x2887, 0x2887, 0x30a8, 0x38e9, 0x2887, 0x30a8, 0x2887, 0x30c8, 0x2887, 0x2887,
0x3087, 0x2887, 0x2887, 0x3087, 0x2887, 0x2887, 
0x28a7, 0x30a8, 0x2887, 0x30c8, 0x2887, 0x2887, 0x38a9, 0x30a8, 0x2887, 0x2887,
0x2887, 0x2887, 0x2887, 0x2887, 0x30a8, 0x30a8, 0x3088, 0x2887, 0x30a8, 0x30a8,
0x3088, 0x30a8, 0x30a8, 0x30a8, 0x30a8, 0x30c9, 0x38c9, 0x30a9, 0x38ca, 0x38ca,
0x38ca, 0x38ea, 0x410b, 0x38eb, 0x40eb, 0x410b, 0x410c, 0x492c, 0x492c, 0x492c,
0x492d, 0x492d, 0x514e, 0x598f, 0x596f, 0x492c, 0x410a, 0x40ea, 0x490b, 0x592d,
0x614e, 0x614e, 0x614f, 0x694f, 0x612d, 0x592b, 0x590a, 0x612c, 0x79ce, 0x9ab0,
0xab51, 0xbbf2, 0xc473, 0xccd3, 0xcd14, 0xcd13, 0xccf4, 0x832e, 0x9bf1, 0xac31,
0xcc92, 0xd513, 0xd513, 0xd513, 0xd4f3, 0xccd2, 0xcc92, 0xd4d3, 0xd4b2, 0xcc51,
0xdd34, 0xdd34, 0xdd54, 0xdd54, 0xdd34, 0xdd33, 0xd4b1, 0xd470, 0xd450, 0xcc30,
0xcc0f, 0xcbef, 0xcbcf, 0xcbcf, 0xcc51, 0x934e, 0x72ac, 0x5a2a, 0x72ac, 0x9baf,
0xdd54, 0xcd13, 0xd534, 0xd554, 0xd534, 0xd534, 0xd513, 0xccd2, 0xc491, 0xa370,
0x6a0d, 0x40ec, 0x410c, 0x490c, 0x40eb, 0x40eb, 0x410b, 0x40eb, 0x490b, 0x40ca,
0x40ca, 0x510c, 0x40ca, 0x38c9, 0x38c9, 0x38c9, 0x38a9, 0x38a9, 0x38a9, 0x38a9,
0x38a9, 0x3888, 0x38a9, 0x38a9, 0x3088, 0x3088, 0x3088, 0x3088, 0x3088, 0x30a8,
0x3088, 0x3088, 0x30a8, 0x30a8, 0x30a8, 0x30a8, 0x3088, 0x3088, 0x3088, 0x30a8,
0x30a8, 0x3088, 0x38c8, 0x3088, 0x3088, 0x40a9, 0x3088, 0x2887, 0x2887, 0x2887,
0x2887, 0x2887, 0x2887, 0x30a7, 0x3087, 0x2887, 0x30a7, 0x30a8, 0x2887, 0x3087,
0x2887, 0x2887, 0x2887, 0x2887, 0x30a7, 0x2887, 
0x2887, 0x2887, 0x2887, 0x28a7, 0x2887, 0x2887, 0x3087, 0x2887, 0x2887, 0x28a7,
0x2887, 0x2887, 0x2887, 0x2887, 0x2887, 0x2887, 0x30a8, 0x2888, 0x30a8, 0x3088,
0x30a8, 0x30a8, 0x30a8, 0x30a8, 0x30a8, 0x30a9, 0x30a9, 0x38c9, 0x38a9, 0x38ca,
0x38ca, 0x38ea, 0x38ea, 0x38eb, 0x410b, 0x410b, 0x410b, 0x410c, 0x492c, 0x492c,
0x492c, 0x492d, 0x516e, 0x516f, 0x514e, 0x512c, 0x490a, 0x48ea, 0x510c, 0x592e,
0x614f, 0x614f, 0x696f, 0x7170, 0x694e, 0x50ca, 0x69ab, 0xab4e, 0xc431, 0xd4d2,
0xd513, 0xd534, 0xd554, 0xd554, 0xd555, 0xdd75, 0xac11, 0xb432, 0x624b, 0xb431,
0xdd34, 0xd4d3, 0xccb2, 0xcc92, 0xcc71, 0xcc71, 0xcc71, 0xd471, 0xd471, 0xd492,
0xdd13, 0xdd33, 0xdd34, 0xdd33, 0xdd33, 0xdd13, 0xdcf2, 0xdc91, 0xd471, 0xd492,
0xd472, 0xdc72, 0xd471, 0xdc72, 0xdd13, 0xac11, 0xd536, 0x938f, 0x936f, 0x9baf,
0xdd95, 0xd554, 0xd554, 0xd554, 0xd534, 0xd534, 0xd533, 0xdd13, 0xd4d2, 0xdcf2,
0xd4d2, 0xa390, 0x514c, 0x40eb, 0x40eb, 0x40eb, 0x40eb, 0x40cb, 0x40ca, 0x40ca,
0x40ca, 0x40ca, 0x40ca, 0x40ca, 0x40c9, 0x38a9, 0x38a9, 0x38a9, 0x38a9, 0x3088,
0x38a9, 0x3888, 0x3088, 0x3088, 0x30a8, 0x30a8, 0x3088, 0x3088, 0x3088, 0x3088,
0x3088, 0x30a8, 0x30a8, 0x30a8, 0x3088, 0x30a8, 0x3088, 0x3088, 0x3088, 0x3088,
0x3088, 0x3088, 0x3088, 0x3088, 0x3088, 0x3088, 0x3087, 0x30a8, 0x30a7, 0x2887,
0x2887, 0x2887, 0x2887, 0x2887, 0x2887, 0x2887, 0x2887, 0x2887, 0x2887, 0x3087,
0x2887, 0x2887, 0x2887, 0x3087, 0x2887, 0x30a7, 
0x2887, 0x2887, 0x2887, 0x2887, 0x2887, 0x2887, 0x2887, 0x2887, 0x2887, 0x2887,
0x2887, 0x2887, 0x2887, 0x2887, 0x2887, 0x2888, 0x2888, 0x2888, 0x30a8, 0x30c9,
0x30a8, 0x30a8, 0x30a8, 0x30c9, 0x30a9, 0x30a9, 0x30a9, 0x30a9, 0x38ea, 0x38ca,
0x38ca, 0x38ca, 0x38eb, 0x390b, 0x410b, 0x410b, 0x410b, 0x410c, 0x492c, 0x492c,
0x516d, 0x494d, 0x516f, 0x598f, 0x514e, 0x490b, 0x490a, 0x492b, 0x510c, 0x592e,
0x614e, 0x696f, 0x7170, 0x7190, 0x692f, 0x79eb, 0xc3ef, 0xd4b1, 0xd4d2, 0xd4f3,
0xd514, 0xd534, 0xdd54, 0xdd75, 0xdd95, 0xedd7, 0x6a6b, 0xac11, 0x5a2a, 0x934e,
0xe575, 0xdd34, 0xd534, 0xd4f3, 0xd4b3, 0xd492, 0xd492, 0xd492, 0xd4b2, 0xdcf3,
0xdcf3, 0xdd13, 0xdcf3, 0xdcf3, 0xdd13, 0xdd33, 0xdd13, 0xdcd2, 0xdcd3, 0xdcd3,
0xdcd3, 0xdcd3, 0xdcd3, 0xdcf3, 0xdd13, 0xb452, 0x626b, 0xccd4, 0x6a6b, 0x8b6f,
0xd555, 0xdd95, 0xdd74, 0xd554, 0xd554, 0xd534, 0xdd34, 0xdd34, 0xdd13, 0xd4f2,
0xd4d2, 0xdd12, 0xb411, 0x410b, 0x40cb, 0x40eb, 0x40cb, 0x40ca, 0x40ca, 0x40ca,
0x38ca, 0x40ca, 0x38a9, 0x38a9, 0x38c9, 0x38a9, 0x38a9, 0x38a9, 0x3888, 0x3088,
0x3088, 0x3088, 0x3088, 0x38c9, 0x30a8, 0x3088, 0x30a8, 0x30a8, 0x3088, 0x3088,
0x3088, 0x30a8, 0x30a8, 0x3088, 0x3088, 0x3088, 0x30a8, 0x3088, 0x3088, 0x3088,
0x3088, 0x3088, 0x3088, 0x3087, 0x2887, 0x3087, 0x2887, 0x2887, 0x3087, 0x2887,
0x2887, 0x2887, 0x2887, 0x2887, 0x2887, 0x2887, 0x2887, 0x30a8, 0x2887, 0x2887,
0x2887, 0x30a7, 0x2887, 0x2887, 0x2887, 0x2887, 
0x2887, 0x2887, 0x2887, 0x2887, 0x2887, 0x2887, 0x2887, 0x30a8, 0x38c8, 0x2887,
0x2887, 0x2887, 0x3088, 0x2887, 0x2887, 0x3088, 0x2888, 0x2888, 0x30a8, 0x30a8,
0x30a8, 0x30a8, 0x30a8, 0x30a8, 0x30a8, 0x30c9, 0x38c9, 0x30a9, 0x38ea, 0x38ca,
0x38ca, 0x410b, 0x412b, 0x390b, 0x410b, 0x410b, 0x410c, 0x492c, 0x492c, 0x492c,
0x492c, 0x492d, 0x516f, 0x61b1, 0x596f, 0x490b, 0x48e9, 0x490a, 0x512c, 0x614e,
0x614f, 0x696f, 0x7190, 0x7171, 0x8a2f, 0xc430, 0xd4b2, 0xd4d3, 0xd513, 0xd534,
0xdd54, 0xdd54, 0xdd75, 0xdd96, 0xe5d6, 0xd535, 0xa3d1, 0x6a6b, 0x72cc, 0xdd14,
0xc4b2, 0xd514, 0xdd34, 0xdd14, 0xd4d3, 0xd4b2, 0xd4b2, 0xdcb3, 0xe514, 0xe534,
0xdcf3, 0xdd13, 0xdcd2, 0xdcf3, 0xdd34, 0xe534, 0xe513, 0xe4f3, 0xdcb3, 0xdcb3,
0xd472, 0xdcd3, 0xdcf3, 0xdd13, 0xcd14, 0x522a, 0x7acd, 0x938f, 0x7b0d, 0x6aac,
0xd556, 0xdd95, 0xdd75, 0xdd74, 0xdd74, 0xdd74, 0xdd54, 0xdd74, 0xdd74, 0xdd54,
0xd513, 0xd4d2, 0xdd54, 0x8aef, 0x308a, 0x40eb, 0x40ca, 0x40ca, 0x40ca, 0x38ca,
0x38c9, 0x38a9, 0x48ea, 0x40ca, 0x38a9, 0x38a9, 0x38a9, 0x38a9, 0x3888, 0x38a8,
0x3088, 0x3088, 0x3088, 0x3088, 0x3088, 0x3088, 0x3088, 0x3088, 0x3088, 0x3088,
0x3088, 0x3088, 0x30a8, 0x3088, 0x3088, 0x3088, 0x3088, 0x3088, 0x3088, 0x3088,
0x3088, 0x3088, 0x2887, 0x2887, 0x3087, 0x2887, 0x38c9, 0x30a8, 0x2887, 0x2887,
0x2887, 0x3087, 0x2887, 0x2887, 0x2887, 0x2887, 0x2887, 0x2887, 0x2887, 0x3087,
0x2887, 0x2887, 0x2887, 0x3087, 0x30a7, 0x2887, 
0x2887, 0x30a7, 0x28a7, 0x2887, 0x2887, 0x28a7, 0x2887, 0x30a8, 0x30a8, 0x2887,
0x2887, 0x2887, 0x2887, 0x2887, 0x2887, 0x30a8, 0x2888, 0x2888, 0x30a8, 0x30a8,
0x3088, 0x30a8, 0x30a8, 0x30a8, 0x30a9, 0x30a9, 0x38ea, 0x38ca, 0x38ca, 0x38ca,
0x38ea, 0x410b, 0x410b, 0x494c, 0x412c, 0x410b, 0x412c, 0x492c, 0x412c, 0x492c,
0x492c, 0x494d, 0x598f, 0x5990, 0x516e, 0x490b, 0x490a, 0x490a, 0x592d, 0x614e,
0x696f, 0x6970, 0x7170, 0x79cf, 0xb3ef, 0xd4b2, 0xd4f3, 0xd534, 0xdd54, 0xdd54,
0xdd75, 0xdd95, 0xddb6, 0xe5d6, 0xe5f7, 0xa3f1, 0xa3f1, 0x6a8c, 0x626b, 0xc493,
0xa411, 0xbc93, 0xccb3, 0xd4b3, 0xcc93, 0xb3f0, 0xd493, 0xc451, 0xc492, 0xbc72,
0xd4d2, 0xd4d2, 0xdd13, 0xd4f3, 0xd514, 0xccd3, 0xccb3, 0xccb3, 0xd4b2, 0xdcf3,
0xa3f0, 0xd4f3, 0xc492, 0xc4b3, 0xc4d3, 0x628c, 0xc4d4, 0x8b4e, 0x834f, 0xb473,
0xc4d4, 0xe5b6, 0xddb5, 0xe5b5, 0xe5b5, 0xe5b5, 0xdd95, 0xe595, 0xe5b5, 0xdd95,
0xdd54, 0xd513, 0xd513, 0xccd3, 0x512b, 0x38aa, 0x40ea, 0x40ea, 0x38ca, 0x38ca,
0x40c9, 0x38a9, 0x40c9, 0x38c9, 0x38a9, 0x38a9, 0x3888, 0x3888, 0x3088, 0x38a8,
0x30a8, 0x3088, 0x3088, 0x3088, 0x3088, 0x3088, 0x3088, 0x3088, 0x3088, 0x3088,
0x38a8, 0x3088, 0x3088, 0x3088, 0x30a8, 0x30a8, 0x30a8, 0x3088, 0x3088, 0x3088,
0x3088, 0x3088, 0x2887, 0x3087, 0x30a7, 0x2887, 0x30a8, 0x30a8, 0x2887, 0x3087,
0x2887, 0x2887, 0x2887, 0x3087, 0x3087, 0x2887, 0x2887, 0x2887, 0x2887, 0x2887,
0x2887, 0x2887, 0x2887, 0x2887, 0x30a8, 0x3087, 
0x2887, 0x2887, 0x2887, 0x2887, 0x2887, 0x2887, 0x2887, 0x2887, 0x2887, 0x2887,
0x30a8, 0x2887, 0x2887, 0x2887, 0x2887, 0x2888, 0x2888, 0x3088, 0x3088, 0x3088,
0x30a8, 0x30a8, 0x30a8, 0x30a9, 0x30a9, 0x30a9, 0x38c9, 0x38c9, 0x38ca, 0x38ea,
0x38eb, 0x410b, 0x390b, 0x410c, 0x410b, 0x410b, 0x492c, 0x412c, 0x412c, 0x492c,
0x492c, 0x516e, 0x5990, 0x59b1, 0x514e, 0x490a, 0x490a, 0x510b, 0x592d, 0x614e,
0x696f, 0x7190, 0x7190, 0x82af, 0xb430, 0xd4f3, 0xd534, 0xdd54, 0xdd75, 0xdd95,
0xdd95, 0xe5b6, 0xe5b6, 0xe5f7, 0xe5d7, 0x5a2a, 0x7aed, 0xb472, 0x8b6f, 0x7b2e,
0x9c11, 0xa411, 0xa3f1, 0xac31, 0xb472, 0x8b8f, 0x8b8f, 0x7b6f, 0x62cd, 0x838f,
0xac31, 0x9bf0, 0xc4d3, 0xb492, 0x9bf0, 0xac52, 0x838f, 0x83b0, 0xa431, 0xa411,
0x9411, 0xbc92, 0xb472, 0xa411, 0x93d0, 0xb452, 0xbcb4, 0x830d, 0xccd4, 0x6a6b,
0x51e9, 0xe596, 0xe5d6, 0xe5d6, 0xe5d6, 0xe5d6, 0xe5b5, 0xe5b6, 0xe5b6, 0xe5b5,
0xdd95, 0xdd54, 0xd513, 0xdd74, 0x8aef, 0x3089, 0x40ea, 0x40ca, 0x38c9, 0x38c9,
0x38a9, 0x38a9, 0x38a9, 0x38a9, 0x38a9, 0x38a9, 0x3088, 0x3088, 0x3088, 0x30a8,
0x3088, 0x3088, 0x3088, 0x3088, 0x3088, 0x3088, 0x3088, 0x3088, 0x3088, 0x3088,
0x3088, 0x3088, 0x3088, 0x3088, 0x30a8, 0x3088, 0x2887, 0x30a8, 0x30a8, 0x2887,
0x2887, 0x3087, 0x2887, 0x3087, 0x3087, 0x2887, 0x2887, 0x2887, 0x30a7, 0x30a8,
0x2887, 0x2887, 0x2887, 0x2887, 0x2887, 0x2887, 0x2887, 0x2887, 0x2887, 0x2887,
0x2887, 0x2887, 0x2887, 0x2887, 0x2887, 0x2887, 
0x2887, 0x28a7, 0x2887, 0x2887, 0x2887, 0x2887, 0x30a8, 0x2887, 0x2887, 0x2887,
0x2887, 0x2887, 0x2887, 0x30a8, 0x30a8, 0x2888, 0x30a8, 0x30a8, 0x2888, 0x30c9,
0x30c9, 0x30a9, 0x30a8, 0x30c9, 0x38e9, 0x30c9, 0x38c9, 0x38ca, 0x38ca, 0x38ea,
0x390b, 0x412c, 0x390b, 0x410c, 0x410b, 0x410b, 0x494c, 0x412c, 0x492c, 0x492c,
0x494d, 0x514e, 0x516f, 0x61b0, 0x596e, 0x490a, 0x492b, 0x512c, 0x594e, 0x616f,
0x6970, 0x7191, 0x71b0, 0x832f, 0xac52, 0xc4f3, 0xdd74, 0xdd75, 0xdd95, 0xdd95,
0xe5b6, 0xe5b6, 0xe5d7, 0xdd96, 0x830d, 0x9bd0, 0xb432, 0xb452, 0x8b6f, 0x8b8f,
0xa431, 0x836f, 0x83b0, 0x8bd0, 0x732e, 0x7b8f, 0x6b4e, 0x630d, 0x630e, 0x8bd0,
0x83af, 0x8bd0, 0xac72, 0xa431, 0x838f, 0x93f0, 0x8bf1, 0x734f, 0x6b4f, 0x9411,
0x9431, 0x93f1, 0x8bb0, 0x8bb0, 0x834e, 0xbc93, 0x5a2a, 0x72cd, 0x72cc, 0xccd4,
0xa3d1, 0xc4d4, 0xe5f7, 0xe5f6, 0xe5f6, 0xe5d6, 0xe5d6, 0xe5d6, 0xe5d6, 0xe5b6,
0xe5b5, 0xdd95, 0xdd34, 0xdd53, 0xbc52, 0x40c9, 0x40ea, 0x38c9, 0x38c9, 0x38a9,
0x38a9, 0x38c9, 0x38a9, 0x38a9, 0x3088, 0x30a8, 0x30a8, 0x30a8, 0x38a8, 0x3088,
0x30a8, 0x30a8, 0x3088, 0x30a8, 0x30a8, 0x30a8, 0x3088, 0x3088, 0x30a8, 0x3088,
0x3088, 0x3088, 0x3088, 0x3088, 0x3088, 0x3087, 0x2887, 0x30a8, 0x30a8, 0x2887,
0x30a8, 0x2887, 0x2887, 0x2887, 0x2887, 0x30a7, 0x2887, 0x3087, 0x2887, 0x2887,
0x2887, 0x2887, 0x30a8, 0x2887, 0x2887, 0x30a7, 0x2887, 0x30a7, 0x30a8, 0x30a7,
0x3087, 0x3087, 0x30a8, 0x3087, 0x2887, 0x2887, 
0x30a8, 0x30a7, 0x2887, 0x28a7, 0x30a8, 0x28a7, 0x2887, 0x2887, 0x2887, 0x2887,
0x2887, 0x2887, 0x2887, 0x28a8, 0x30a8, 0x2888, 0x2888, 0x2888, 0x30a8, 0x30a8,
0x30a8, 0x30a9, 0x30a9, 0x30c9, 0x30c9, 0x30c9, 0x30c9, 0x38ea, 0x38ca, 0x38ea,
0x38eb, 0x38eb, 0x390b, 0x412c, 0x410c, 0x492c, 0x492c, 0x492c, 0x412b, 0x412c,
0x494d, 0x514d, 0x516e, 0x514e, 0x512c, 0x512b, 0x490a, 0x512c, 0x614f, 0x6970,
0x7190, 0x7191, 0x7a30, 0x838f, 0x9c32, 0xbcd4, 0xd554, 0xdd95, 0xdd95, 0xdd95,
0xe5b6, 0xe5d6, 0xe5f6, 0xd555, 0x936f, 0x5a09, 0x6a8b, 0x72ab, 0xac11, 0xb411,
0xc4d3, 0x93f1, 0x732e, 0x838f, 0x734e, 0x7b8f, 0x734e, 0x838f, 0xac92, 0x9411,
0x7b8f, 0xb492, 0xac31, 0xb472, 0xac72, 0x7b6f, 0xbcd3, 0xb4b3, 0x83b0, 0x8bf1,
0x9411, 0xa432, 0xb472, 0x9bf0, 0x9bb0, 0xccb4, 0xbc73, 0xe597, 0xccd4, 0x7b0d,
0x72ac, 0xb473, 0xcd75, 0xee17, 0xe5f6, 0xe5d6, 0xe5d6, 0xe5d6, 0xe5d6, 0xe5b5,
0xe5b6, 0xe595, 0xdd74, 0xd533, 0xd513, 0x598b, 0x38c9, 0x38c9, 0x38c9, 0x40e9,
0x38a9, 0x38a9, 0x38a9, 0x38a8, 0x30a8, 0x30a8, 0x3088, 0x3088, 0x30a8, 0x3088,
0x3088, 0x3088, 0x3088, 0x3088, 0x3088, 0x3088, 0x3088, 0x3088, 0x3088, 0x3088,
0x3088, 0x30a8, 0x30a8, 0x3088, 0x3088, 0x3088, 0x2887, 0x30a8, 0x30a7, 0x30a8,
0x30a8, 0x2887, 0x30a7, 0x30c8, 0x3087, 0x2887, 0x30a7, 0x2887, 0x2887, 0x2887,
0x2887, 0x2887, 0x3087, 0x2887, 0x2887, 0x2887, 0x2887, 0x2887, 0x2887, 0x3087,
0x2887, 0x3087, 0x3087, 0x3087, 0x2887, 0x30a8, 
0x2887, 0x2887, 0x2887, 0x28a7, 0x30a8, 0x2887, 0x2887, 0x30a8, 0x2887, 0x2887,
0x2887, 0x2887, 0x2887, 0x30a8, 0x390a, 0x2888, 0x3088, 0x38a9, 0x3088, 0x3088,
0x30a8, 0x30a9, 0x30a9, 0x30c9, 0x30c9, 0x30c9, 0x30c9, 0x38ca, 0x38ea, 0x38ea,
0x38eb, 0x38eb, 0x38eb, 0x410b, 0x410c, 0x492c, 0x412b, 0x412b, 0x412b, 0x492c,
0x494d, 0x514e, 0x514d, 0x492c, 0x492b, 0x490a, 0x490a, 0x512c, 0x616f, 0x696f,
0x7190, 0x7191, 0x726f, 0x83f1, 0xacb4, 0xac93, 0xcd14, 0xdd95, 0xdd95, 0xdd95,
0xddb5, 0xe5d6, 0xee17, 0xa3f0, 0xa3d0, 0xc493, 0x6a8c, 0x624a, 0xb432, 0xabf0,
0xac31, 0xb471, 0xbcb2, 0xbc72, 0x8baf, 0x836e, 0x6b0d, 0x83af, 0xa451, 0x7b8f,
0x8bd0, 0x9c10, 0x9c10, 0xa431, 0xa472, 0x8bd0, 0xa452, 0xac92, 0x8bf1, 0x8bf1,
0x9c31, 0xb492, 0xc4d3, 0xd4b2, 0xe535, 0x9bb0, 0x5a09, 0xd515, 0x936f, 0x20e6,
0x520a, 0xa411, 0xddb6, 0xe616, 0xe5f6, 0xe5d6, 0xe5d6, 0xe5d6, 0xe5d6, 0xe5d6,
0xe5d6, 0xe5b5, 0xdd74, 0xd533, 0xdd54, 0x726d, 0x3068, 0x38c9, 0x38a9, 0x38c9,
0x38a9, 0x38a9, 0x38a9, 0x30a8, 0x30a8, 0x3088, 0x3088, 0x3088, 0x40e9, 0x38c9,
0x3088, 0x38a9, 0x3088, 0x3088, 0x3088, 0x3088, 0x3088, 0x3088, 0x30a8, 0x3088,
0x3088, 0x30a8, 0x30a8, 0x3087, 0x3087, 0x3087, 0x2887, 0x2887, 0x2887, 0x3087,
0x2887, 0x2887, 0x2887, 0x30a8, 0x2887, 0x30a7, 0x30a7, 0x2887, 0x2887, 0x2887,
0x2887, 0x2887, 0x38e8, 0x38e8, 0x2867, 0x30a8, 0x30a8, 0x2887, 0x2887, 0x3087,
0x2887, 0x2887, 0x30a7, 0x3087, 0x2887, 0x2887, 
0x2887, 0x2887, 0x2887, 0x2887, 0x2887, 0x2887, 0x2887, 0x2887, 0x30a8, 0x2887,
0x30a8, 0x2887, 0x2887, 0x3088, 0x30a8, 0x3088, 0x2888, 0x30a8, 0x3088, 0x30a8,
0x30a8, 0x30a9, 0x30a9, 0x30a9, 0x30c9, 0x30c9, 0x30c9, 0x38ca, 0x38ea, 0x38eb,
0x38eb, 0x38eb, 0x410b, 0x410b, 0x412c, 0x494c, 0x494c, 0x412b, 0x412c, 0x492c,
0x494d, 0x516f, 0x514d, 0x490b, 0x492b, 0x490a, 0x490a, 0x512b, 0x594d, 0x616f,
0x7190, 0x7190, 0x72cf, 0x83d1, 0x9c73, 0xac93, 0xc514, 0xe595, 0xdd95, 0xdd95,
0xddb5, 0xe5d6, 0xddb6, 0x9bb0, 0x72cc, 0xa3d0, 0x6a6b, 0x832e, 0x49a8, 0xbc51,
0xdcf3, 0xdcd3, 0xbc72, 0x7b6f, 0x6b2e, 0x734e, 0x8bd0, 0x83af, 0x93f0, 0xa431,
0xac72, 0x83d0, 0xb4b3, 0xa472, 0xa452, 0xc4f3, 0xac92, 0x9c31, 0xa452, 0x9c32,
0x83d0, 0x9411, 0xac52, 0xccb2, 0xb431, 0xac32, 0x934e, 0xbc93, 0x3967, 0x5a4b,
0x936f, 0xbc93, 0xccf4, 0xddd6, 0xe5f6, 0xe5d5, 0xe5d6, 0xe5d6, 0xe5d6, 0xe5d6,
0xe5d6, 0xe5b5, 0xdd95, 0xd533, 0xdd54, 0x9b6f, 0x3068, 0x38c9, 0x38a9, 0x3088,
0x3888, 0x38a8, 0x30a8, 0x38a9, 0x30a8, 0x38c9, 0x3088, 0x3088, 0x3088, 0x3088,
0x3088, 0x3088, 0x3088, 0x3088, 0x3088, 0x3088, 0x3088, 0x3088, 0x3088, 0x3088,
0x3088, 0x3088, 0x3088, 0x3087, 0x2887, 0x3087, 0x3087, 0x3087, 0x3087, 0x2887,
0x3087, 0x2887, 0x2887, 0x2887, 0x2887, 0x3087, 0x2887, 0x30a7, 0x3087, 0x30a8,
0x2887, 0x2887, 0x2887, 0x30a7, 0x2887, 0x3087, 0x3087, 0x2887, 0x2887, 0x3087,
0x3087, 0x2887, 0x3087, 0x2887, 0x2887, 0x2887, 
0x40ea, 0x2887, 0x2887, 0x2887, 0x28a7, 0x30a8, 0x2887, 0x2887, 0x2887, 0x2887,
0x30a8, 0x2887, 0x2887, 0x2887, 0x3088, 0x30a8, 0x3088, 0x2888, 0x3088, 0x30a8,
0x30a8, 0x40ca, 0x40ca, 0x30a9, 0x30c9, 0x38c9, 0x38ca, 0x38ca, 0x38ea, 0x38ea,
0x38eb, 0x38eb, 0x410b, 0x412c, 0x410c, 0x494c, 0x492c, 0x412b, 0x492c, 0x492c,
0x514e, 0x516f, 0x516f, 0x514d, 0x514c, 0x492a, 0x4909, 0x490a, 0x510b, 0x616d,
0x6970, 0x69af, 0x7b4f, 0x83f2, 0x9412, 0xb4d4, 0xb4d3, 0xdd75, 0xdd95, 0xdd95,
0xdd95, 0xddb5, 0xdd76, 0x830e, 0x8b6f, 0xc4b4, 0xb473, 0xa432, 0x72cd, 0xc492,
0xd4b2, 0xb3f0, 0x9bd0, 0x9c11, 0xac72, 0x9c11, 0xac72, 0xac52, 0xac52, 0xac52,
0xac52, 0xac93, 0xacb3, 0xacb3, 0xac93, 0xbcd3, 0xac93, 0xb4b3, 0xc4f4, 0xb4b3,
0xb4b3, 0xc4f4, 0xbcd3, 0xbc92, 0x72cd, 0x4187, 0xb411, 0xd515, 0xb452, 0xcd35,
0xccd4, 0x8b2e, 0xb452, 0xedf6, 0xe5d5, 0xe5d5, 0xe5d5, 0xe5d5, 0xe5d6, 0xe5d6,
0xe5d6, 0xe5b5, 0xdd95, 0xdd54, 0xdd53, 0xbc52, 0x38c9, 0x30a9, 0x38a9, 0x38a9,
0x38c9, 0x30a8, 0x30a8, 0x30a8, 0x30a8, 0x38a8, 0x3088, 0x3088, 0x3088, 0x3088,
0x30a8, 0x3088, 0x3088, 0x3088, 0x3088, 0x38a9, 0x38c9, 0x3088, 0x3088, 0x3088,
0x3088, 0x3088, 0x3087, 0x3087, 0x2887, 0x2887, 0x38e9, 0x30a8, 0x38a9, 0x50eb,
0x3088, 0x2887, 0x2887, 0x30a7, 0x30a8, 0x2887, 0x2887, 0x2887, 0x2887, 0x30a8,
0x2887, 0x2887, 0x2887, 0x30a7, 0x30a7, 0x2887, 0x2887, 0x2887, 0x2887, 0x38a8,
0x40c9, 0x30a8, 0x2887, 0x3087, 0x3087, 0x2887, 
0x50eb, 0x2887, 0x2887, 0x2887, 0x30a7, 0x2887, 0x2887, 0x2887, 0x2887, 0x2887,
0x2887, 0x30a7, 0x2887, 0x2887, 0x30a8, 0x3088, 0x3088, 0x3088, 0x3088, 0x30a8,
0x30a9, 0x512c, 0x592d, 0x30a9, 0x30c9, 0x38c9, 0x38ea, 0x38ea, 0x38eb, 0x38ea,
0x38eb, 0x38eb, 0x410b, 0x410b, 0x492c, 0x492c, 0x410b, 0x492c, 0x514e, 0x514d,
0x514e, 0x516f, 0x516f, 0x514e, 0x514e, 0x512c, 0x490a, 0x510b, 0x512b, 0x594d,
0x696f, 0x6a0e, 0x7b90, 0x8bd1, 0xa493, 0xacb4, 0xacb4, 0xcd34, 0xdd95, 0xdd75,
0xdd74, 0xe5b6, 0x72cc, 0x6a8b, 0x9bf1, 0x830d, 0xc4b4, 0x832e, 0x9bd0, 0xccd3,
0xd4f2, 0xcc92, 0xc491, 0xd4f3, 0xc4b3, 0xb472, 0xbcb3, 0xc4b3, 0xbc92, 0xb472,
0xac93, 0xb4d4, 0xa473, 0xacd4, 0xb4f4, 0xac93, 0xc514, 0xc4d4, 0xbcd3, 0xb493,
0xbcb3, 0xccf4, 0xdd54, 0xdd34, 0xe5b8, 0x5a2a, 0x9bd0, 0xa3f0, 0xd515, 0xe577,
0xa3d0, 0x1042, 0x2906, 0xac71, 0xee16, 0xddb4, 0xe5d5, 0xe5b5, 0xe5d6, 0xe5d6,
0xe5d6, 0xe5b5, 0xdd95, 0xdd74, 0xd533, 0xccf3, 0x514a, 0x3088, 0x38a9, 0x38a9,
0x30a8, 0x30a8, 0x30a8, 0x3088, 0x3088, 0x30a8, 0x3088, 0x3088, 0x3088, 0x30a8,
0x3088, 0x3088, 0x3088, 0x3088, 0x3088, 0x512c, 0x614d, 0x3088, 0x3088, 0x3088,
0x3088, 0x3088, 0x3087, 0x2887, 0x2887, 0x2887, 0x30a7, 0x2887, 0x38a9, 0x58ec,
0x3088, 0x2887, 0x2887, 0x30a7, 0x3087, 0x3087, 0x3087, 0x2887, 0x2887, 0x30a7,
0x3087, 0x2887, 0x2887, 0x30a8, 0x2887, 0x2887, 0x2887, 0x2887, 0x2887, 0x40ca,
0x614d, 0x38a8, 0x2887, 0x30a7, 0x3087, 0x2887, 
0x2887, 0x2887, 0x2887, 0x2887, 0x2887, 0x2887, 0x2887, 0x2887, 0x2887, 0x2887,
0x2887, 0x2887, 0x3087, 0x2887, 0x2888, 0x2888, 0x3088, 0x3088, 0x3088, 0x30a8,
0x30a9, 0x48eb, 0x490b, 0x30a9, 0x30a9, 0x30c9, 0x38ea, 0x38ea, 0x38ea, 0x38ea,
0x38eb, 0x390b, 0x410b, 0x410c, 0x412c, 0x492c, 0x492c, 0x492c, 0x514d, 0x514d,
0x514e, 0x516f, 0x596f, 0x516e, 0x596f, 0x514d, 0x510b, 0x512b, 0x592c, 0x616f,
0x696f, 0x72ae, 0x8390, 0x9412, 0xa493, 0xa473, 0xbcf4, 0xcd34, 0xdd95, 0xdd74,
0xdd95, 0xdd76, 0x9b8f, 0x936f, 0xe597, 0xd4f4, 0xe576, 0xb473, 0x624b, 0xbc50,
0xdd33, 0xdd13, 0xdd33, 0xccd3, 0xb472, 0xac72, 0xbc92, 0xccf4, 0xb493, 0xbcd3,
0xac93, 0xb4d4, 0x9c73, 0xac93, 0xb4d4, 0xacb3, 0xcd35, 0xd535, 0xcd14, 0xd514,
0xc4d3, 0xccd3, 0xccf3, 0xdd75, 0xb493, 0x9bd0, 0xac11, 0x936f, 0x8b4e, 0x6a8c,
0xa3d1, 0xb452, 0x8b6f, 0x7b0d, 0xee16, 0xdd94, 0xe5b5, 0xe5b5, 0xe5b5, 0xe5d6,
0xe5d6, 0xe5b6, 0xe5b5, 0xdd74, 0xd533, 0xdd34, 0x61ec, 0x3068, 0x38a8, 0x30a8,
0x30a8, 0x30a8, 0x3088, 0x3088, 0x3088, 0x3088, 0x3088, 0x30a8, 0x3088, 0x3088,
0x3088, 0x3088, 0x3088, 0x3088, 0x3088, 0x48ea, 0x48eb, 0x3088, 0x3088, 0x3088,
0x3088, 0x3088, 0x2887, 0x2887, 0x2887, 0x2887, 0x2887, 0x2887, 0x3087, 0x3087,
0x3087, 0x3087, 0x2887, 0x2887, 0x2887, 0x3087, 0x2887, 0x2887, 0x2887, 0x3087,
0x2887, 0x30a7, 0x2887, 0x2887, 0x2887, 0x2887, 0x2887, 0x2887, 0x2887, 0x38a9,
0x490b, 0x30a8, 0x2887, 0x2887, 0x2887, 0x2887, 
0x2887, 0x2887, 0x2887, 0x2887, 0x2887, 0x2887, 0x2887, 0x2887, 0x2887, 0x2887,
0x2887, 0x2887, 0x3087, 0x2887, 0x3088, 0x3088, 0x3088, 0x3088, 0x3088, 0x30a8,
0x30a8, 0x38a9, 0x38a9, 0x30a9, 0x30a9, 0x38ca, 0x38ea, 0x38ea, 0x38ea, 0x38eb,
0x390b, 0x410b, 0x410b, 0x412c, 0x410c, 0x492c, 0x492c, 0x492c, 0x494d, 0x494d,
0x514e, 0x516e, 0x516f, 0x516f, 0x596f, 0x596f, 0x594d, 0x510b, 0x512b, 0x594d,
0x616d, 0x93b0, 0x9c52, 0x9c53, 0x9c32, 0xa493, 0xbd14, 0xd554, 0xdd74, 0xdd74,
0xdd95, 0xd535, 0xccf5, 0x3947, 0x8b2e, 0x6a8b, 0x49c8, 0xa411, 0x8b4f, 0xc491,
0xdd34, 0xdd33, 0xdd53, 0xdd33, 0xccf3, 0xbcb3, 0xb493, 0xbcd4, 0xbcf4, 0xc535,
0xc514, 0xc535, 0xa494, 0xbcf4, 0xc514, 0xbcf4, 0xcd35, 0xcd34, 0xcd14, 0xd534,
0xc4d3, 0xccf3, 0xdd54, 0xe5b6, 0x9bd0, 0xbc73, 0x8b2e, 0xb432, 0x9390, 0xa3f1,
0xdd56, 0xac11, 0x5209, 0xa3f1, 0xe5d6, 0xdd74, 0xe5b4, 0xe5b5, 0xe5d5, 0xe5b5,
0xe5d6, 0xe5b6, 0xe5b5, 0xdd75, 0xd533, 0xdd74, 0x82ce, 0x2847, 0x38a8, 0x30a8,
0x3088, 0x30a8, 0x3088, 0x3088, 0x3088, 0x3088, 0x3088, 0x3088, 0x3088, 0x3088,
0x3088, 0x3088, 0x3088, 0x3088, 0x3088, 0x3088, 0x3088, 0x3088, 0x3088, 0x3087,
0x3088, 0x3087, 0x3088, 0x2887, 0x2887, 0x2887, 0x2887, 0x3087, 0x2887, 0x2887,
0x2887, 0x2887, 0x2887, 0x2887, 0x2887, 0x3087, 0x2887, 0x2887, 0x2887, 0x2887,
0x2887, 0x3087, 0x2887, 0x30a7, 0x2887, 0x2887, 0x2887, 0x2887, 0x2887, 0x30a8,
0x3088, 0x2887, 0x2887, 0x2887, 0x2887, 0x2887, 
0x2887, 0x2887, 0x2887, 0x2887, 0x2887, 0x2887, 0x2887, 0x2887, 0x2887, 0x2887,
0x2887, 0x2887, 0x2887, 0x2888, 0x2888, 0x2888, 0x3088, 0x3088, 0x30a8, 0x30a8,
0x30c9, 0x30a9, 0x30a9, 0x38ea, 0x38ca, 0x30c9, 0x38ea, 0x38ea, 0x38eb, 0x38eb,
0x390b, 0x390b, 0x410b, 0x410c, 0x410c, 0x492c, 0x492c, 0x492c, 0x492d, 0x514d,
0x514e, 0x516e, 0x596f, 0x596f, 0x598f, 0x5990, 0x596f, 0x592c, 0x512b, 0x510b,
0x516a, 0x83b0, 0x9c52, 0xacb3, 0xacb3, 0xa493, 0xb4b3, 0xdd74, 0xd554, 0xe5b5,
0xac71, 0x51e9, 0xd536, 0x8b4f, 0x72ab, 0x5a2a, 0x1063, 0x7aed, 0xc4d4, 0xc4d2,
0xdd54, 0xdd54, 0xdd54, 0xdd74, 0xe574, 0xdd74, 0xd575, 0xc514, 0xc515, 0xbd14,
0xc534, 0xcd35, 0xc535, 0xcd76, 0xcd75, 0xc535, 0xcd55, 0xcd35, 0xc514, 0xd554,
0xdd75, 0xe5b5, 0xedf6, 0xc4b3, 0x9bb0, 0x9b8f, 0x830d, 0xac11, 0xac32, 0xdd97,
0xa3f1, 0x72ac, 0x8b4e, 0x72ac, 0xac51, 0xe5d5, 0xdd74, 0xe5d5, 0xe5d5, 0xe5b5,
0xe5b5, 0xe5b5, 0xe5b5, 0xdd95, 0xdd54, 0xdd74, 0x9b8f, 0x2847, 0x30a8, 0x3088,
0x30a8, 0x3088, 0x3088, 0x3088, 0x3088, 0x3088, 0x3088, 0x3088, 0x3088, 0x3088,
0x3088, 0x3088, 0x3088, 0x3088, 0x30a8, 0x3088, 0x2887, 0x30c8, 0x30a8, 0x2887,
0x3088, 0x3087, 0x30a8, 0x2887, 0x30a8, 0x30a8, 0x2887, 0x30a7, 0x2887, 0x2887,
0x2887, 0x2887, 0x2887, 0x2887, 0x30a7, 0x2887, 0x2887, 0x2887, 0x2887, 0x2887,
0x2887, 0x2887, 0x2887, 0x2887, 0x2887, 0x2887, 0x2887, 0x2887, 0x30a7, 0x3087,
0x2887, 0x30a7, 0x30c8, 0x2887, 0x2887, 0x3087, 
0x30a7, 0x2887, 0x2887, 0x2887, 0x2887, 0x2887, 0x2887, 0x2887, 0x2887, 0x2887,
0x2887, 0x2887, 0x2887, 0x2887, 0x2888, 0x30a8, 0x2888, 0x30a8, 0x30a8, 0x30a8,
0x30a8, 0x30a9, 0x30a9, 0x30a9, 0x30c9, 0x38ca, 0x38ca, 0x38ea, 0x390b, 0x38eb,
0x390b, 0x412c, 0x410c, 0x410b, 0x410c, 0x492c, 0x492c, 0x492c, 0x494d, 0x514d,
0x514e, 0x516e, 0x516f, 0x596f, 0x598f, 0x5990, 0x6190, 0x6190, 0x616e, 0x592d,
0x59cc, 0x7b90, 0xb4d4, 0xbd34, 0xacb3, 0xb4b3, 0xcd34, 0xdd74, 0xd512, 0xdd74,
0xbc93, 0xbcb4, 0x7b0d, 0x9bb0, 0xabf1, 0xc4b3, 0x3967, 0x5a2a, 0x628c, 0xd534,
0xdd74, 0xdd74, 0xdd74, 0xdd74, 0xe595, 0xe5b5, 0xedd6, 0xd575, 0xc555, 0xcd75,
0xcd55, 0xcd55, 0xc535, 0xcd76, 0xcd76, 0xcd55, 0xcd35, 0xcd34, 0xdd95, 0xe5d6,
0xe5d6, 0xe5d6, 0xe5d6, 0x8b4e, 0x8b4e, 0x82cc, 0x49a8, 0x6a8b, 0x832e, 0xb473,
0xac52, 0x3967, 0xb452, 0xccd4, 0xa411, 0xe5b5, 0xdd73, 0xe5d5, 0xe5d5, 0xe5b5,
0xe5b5, 0xe5b6, 0xe5b5, 0xdd95, 0xdd54, 0xdd54, 0xb431, 0x3088, 0x30a8, 0x30a8,
0x3088, 0x3088, 0x3088, 0x3088, 0x3088, 0x3088, 0x3088, 0x3088, 0x3088, 0x3088,
0x3088, 0x3088, 0x30a8, 0x3088, 0x3088, 0x3088, 0x3088, 0x3087, 0x3087, 0x3088,
0x3087, 0x3088, 0x2887, 0x2887, 0x2887, 0x30a7, 0x30a7, 0x2887, 0x2887, 0x3087,
0x3087, 0x2887, 0x2887, 0x2887, 0x2887, 0x2887, 0x3087, 0x2887, 0x2887, 0x2887,
0x2887, 0x2887, 0x2887, 0x30a7, 0x2887, 0x2887, 0x30a7, 0x2887, 0x2887, 0x2887,
0x2887, 0x2887, 0x2887, 0x2887, 0x2887, 0x2887, 
0x30a7, 0x2887, 0x2887, 0x30a7, 0x2887, 0x2887, 0x2887, 0x2887, 0x2887, 0x2887,
0x2887, 0x2887, 0x2887, 0x2887, 0x2888, 0x30a8, 0x2888, 0x30a8, 0x30c9, 0x3088,
0x30a9, 0x30a9, 0x30a9, 0x30a9, 0x38c9, 0x38ea, 0x38ea, 0x38ea, 0x390b, 0x410b,
0x410c, 0x412d, 0x410c, 0x410b, 0x410b, 0x492c, 0x494c, 0x492c, 0x494d, 0x494d,
0x514e, 0x514e, 0x516f, 0x516f, 0x596f, 0x596f, 0x6190, 0x6190, 0x6190, 0x6970,
0x726e, 0x83d1, 0x9c53, 0x9c73, 0xc514, 0xdd74, 0xdd74, 0xdd75, 0xd533, 0xb451,
0xa3f1, 0xd515, 0x72ed, 0x72ac, 0x5a29, 0x72ec, 0x9bd0, 0x9bd0, 0x72ed, 0xd555,
0xdd74, 0xdd74, 0xdd94, 0xe5b5, 0xe5d5, 0xe5d6, 0xe5d6, 0xe5f6, 0xd596, 0xd596,
0xd596, 0xd596, 0xddd6, 0xdd96, 0xd596, 0xd595, 0xd575, 0xe5b6, 0xe5f6, 0xe5d6,
0xe5d6, 0xedf6, 0xd575, 0xd535, 0xc493, 0xabf1, 0xdd36, 0x8b4e, 0xe597, 0xfe39,
0xac11, 0x72cc, 0x4187, 0xc4b3, 0x8b4e, 0xb491, 0xe594, 0xddb5, 0xe5d5, 0xe5b5,
0xe5b5, 0xe5b5, 0xe5b5, 0xdd95, 0xdd74, 0xdd53, 0xccd2, 0x38e8, 0x3088, 0x30a8,
0x3088, 0x3088, 0x3088, 0x3088, 0x3088, 0x3088, 0x3088, 0x3088, 0x3087, 0x3088,
0x30a8, 0x2887, 0x30a8, 0x3088, 0x3088, 0x3088, 0x3087, 0x3088, 0x3088, 0x3087,
0x2887, 0x2887, 0x3087, 0x2887, 0x2887, 0x3087, 0x2887, 0x2887, 0x2887, 0x30a7,
0x3087, 0x2887, 0x30a7, 0x28a7, 0x2887, 0x2887, 0x2887, 0x3087, 0x3087, 0x2887,
0x2887, 0x2887, 0x2887, 0x2887, 0x30a7, 0x2887, 0x30a8, 0x30a7, 0x2887, 0x30a7,
0x2887, 0x3087, 0x3087, 0x2887, 0x2887, 0x2887, 
0x2887, 0x2887, 0x2887, 0x2887, 0x2887, 0x2887, 0x2887, 0x2887, 0x2887, 0x2887,
0x2887, 0x2887, 0x2887, 0x2888, 0x2887, 0x2888, 0x28a8, 0x2888, 0x3088, 0x30a8,
0x30a8, 0x30a9, 0x30c9, 0x30a9, 0x38ea, 0x38ea, 0x390b, 0x410b, 0x38eb, 0x410c,
0x412d, 0x410c, 0x410c, 0x410b, 0x410b, 0x490b, 0x494c, 0x492c, 0x492c, 0x494d,
0x516e, 0x514d, 0x514e, 0x516f, 0x596f, 0x596f, 0x596f, 0x6170, 0x6990, 0x6990,
0x8b2f, 0x9c31, 0xa473, 0xa493, 0xb4d3, 0xdd74, 0xd554, 0xdd74, 0xccd1, 0x9baf,
0x8b4f, 0x3946, 0xccf4, 0xe597, 0x5a2a, 0x4187, 0xb452, 0xb472, 0xbcb4, 0xb430,
0xedb5, 0xdd95, 0xe5b5, 0xe5d6, 0xe5d6, 0xe5f6, 0xe5f6, 0xe5f6, 0xee17, 0xee17,
0xee37, 0xee17, 0xee17, 0xee17, 0xee16, 0xe5f6, 0xedf6, 0xedf6, 0xe5f6, 0xe5f6,
0xe5f6, 0xedf6, 0xdd96, 0x6a6b, 0xa3f1, 0x72ac, 0xa3f1, 0x6a4a, 0xa3d0, 0x9bb0,
0xdd36, 0x72ab, 0x830d, 0xedd8, 0x72ac, 0xb472, 0xe594, 0xdd74, 0xe5d5, 0xe5b5,
0xe5b5, 0xe5b5, 0xe5b5, 0xdd95, 0xdd74, 0xd533, 0xd513, 0x516a, 0x2867, 0x30a8,
0x3088, 0x3088, 0x3088, 0x3088, 0x3088, 0x3088, 0x3088, 0x3088, 0x3088, 0x3087,
0x3087, 0x3088, 0x2887, 0x3088, 0x3087, 0x3088, 0x30a8, 0x3087, 0x30a8, 0x2887,
0x30a8, 0x30a8, 0x2887, 0x2887, 0x2887, 0x2887, 0x2887, 0x2887, 0x2887, 0x2887,
0x2887, 0x2887, 0x2887, 0x2887, 0x2887, 0x2887, 0x2887, 0x2887, 0x2887, 0x2887,
0x2887, 0x3087, 0x2887, 0x2887, 0x2887, 0x2887, 0x2887, 0x2887, 0x2887, 0x2887,
0x30a8, 0x2887, 0x30a8, 0x3087, 0x2887, 0x30c8, 
0x2887, 0x2887, 0x2887, 0x2887, 0x2887, 0x2887, 0x30a7, 0x2887, 0x2887, 0x3087,
0x2887, 0x2887, 0x30a8, 0x2888, 0x2888, 0x2888, 0x2888, 0x2888, 0x3088, 0x30a8,
0x30a8, 0x30a8, 0x30c9, 0x30a9, 0x38c9, 0x38ca, 0x38eb, 0x390b, 0x390b, 0x412d,
0x412d, 0x412d, 0x412c, 0x410b, 0x410b, 0x410b, 0x492c, 0x492c, 0x492c, 0x492c,
0x492d, 0x514d, 0x514e, 0x516e, 0x516f, 0x516f, 0x596f, 0x596f, 0x594f, 0x616e,
0x9bd0, 0xb4d3, 0xb4b3, 0xb4b3, 0xac92, 0xdd74, 0xd574, 0xdd95, 0xb430, 0x938f,
0x8b4f, 0x6a8b, 0xa3d0, 0x8b4e, 0xedd8, 0x8b6f, 0x49c9, 0x51e9, 0xb473, 0xbc92,
0xe5b5, 0xe5b5, 0xe5d6, 0xe5d6, 0xe5d6, 0xe5f6, 0xe5f6, 0xe5f6, 0xee17, 0xee17,
0xee17, 0xee37, 0xee37, 0xee17, 0xee17, 0xedf6, 0xe5f6, 0xedf6, 0xedf6, 0xe616,
0xe5f6, 0xee37, 0xbcb3, 0x28c5, 0x7b0d, 0x934f, 0x832e, 0x728b, 0x8b2e, 0x6a6b,
0x7aed, 0xc4b3, 0xb451, 0xb452, 0x3126, 0x72cc, 0xd533, 0xdd74, 0xe5d6, 0xe5b5,
0xe5b5, 0xe5b5, 0xddb5, 0xdd95, 0xdd74, 0xd533, 0xdd54, 0x6a2c, 0x2847, 0x30a8,
0x3088, 0x30a8, 0x3088, 0x3088, 0x30a8, 0x3088, 0x3088, 0x3088, 0x3088, 0x3088,
0x3088, 0x3088, 0x3088, 0x3087, 0x3088, 0x3088, 0x3088, 0x3087, 0x2887, 0x3087,
0x3088, 0x3087, 0x2887, 0x2887, 0x2887, 0x2887, 0x2887, 0x2887, 0x3087, 0x2887,
0x2887, 0x2887, 0x2887, 0x2887, 0x2887, 0x30a7, 0x3087, 0x2887, 0x30a7, 0x3087,
0x2887, 0x3087, 0x2887, 0x2887, 0x2887, 0x2887, 0x2887, 0x2887, 0x2887, 0x2887,
0x3087, 0x2887, 0x2887, 0x2887, 0x2887, 0x30a7, 
0x2887, 0x2887, 0x2887, 0x2887, 0x2887, 0x3087, 0x2887, 0x2887, 0x2887, 0x30a8,
0x30a7, 0x2887, 0x2887, 0x2887, 0x2888, 0x30a8, 0x30a8, 0x3088, 0x30a8, 0x30a8,
0x30a9, 0x30a8, 0x30a9, 0x30c9, 0x30c9, 0x30c9, 0x38ea, 0x38eb, 0x390b, 0x410c,
0x412d, 0x410c, 0x410b, 0x410b, 0x410b, 0x492c, 0x492c, 0x490b, 0x492c, 0x492c,
0x514d, 0x514d, 0x514d, 0x516e, 0x516e, 0x516e, 0x516f, 0x596f, 0x596f, 0x596e,
0xac10, 0xc4f3, 0xb4d3, 0xd555, 0xac93, 0xcd34, 0xdd74, 0xe5b5, 0x9b8e, 0xb432,
0x8b2e, 0xedb8, 0x9bf1, 0x3987, 0x8b6f, 0x72cc, 0xc4d4, 0x8b4e, 0x520a, 0xdd55,
0xe595, 0xe5b5, 0xe5d6, 0xe5d6, 0xe5d6, 0xe5f6, 0xedf6, 0xedf7, 0xee17, 0xee37,
0xee17, 0xee37, 0xee37, 0xee17, 0xedf6, 0xe5f6, 0xe5f6, 0xe5f6, 0xedf6, 0xee17,
0xee17, 0xe616, 0xb452, 0xabf1, 0xac11, 0xfdf8, 0xc4b4, 0xb411, 0x7aed, 0xfe3a,
0x8b4f, 0xa3d0, 0xccb3, 0xb473, 0x8b2e, 0xb431, 0xccd1, 0xdd73, 0xe5d6, 0xe5b5,
0xe5b6, 0xe5d6, 0xe5b5, 0xdd95, 0xdd74, 0xd533, 0xdd54, 0x8aee, 0x2047, 0x3088,
0x30a8, 0x3088, 0x3088, 0x3088, 0x30a8, 0x3088, 0x3088, 0x3088, 0x3087, 0x3088,
0x3088, 0x3088, 0x3088, 0x3088, 0x3088, 0x3087, 0x2887, 0x2887, 0x2887, 0x3087,
0x3087, 0x2887, 0x2887, 0x2887, 0x3087, 0x2887, 0x30a7, 0x30c8, 0x30a7, 0x2887,
0x2887, 0x2887, 0x2887, 0x2887, 0x3087, 0x2887, 0x2887, 0x2887, 0x30a7, 0x30a7,
0x2887, 0x2887, 0x2887, 0x2887, 0x2887, 0x2887, 0x2887, 0x2887, 0x2887, 0x2887,
0x2887, 0x2887, 0x2887, 0x2887, 0x3087, 0x30a7, 
0x2887, 0x2887, 0x2887, 0x2887, 0x2887, 0x3087, 0x2887, 0x2887, 0x30a7, 0x2887,
0x2887, 0x2887, 0x2887, 0x2888, 0x2888, 0x2888, 0x2888, 0x2888, 0x30a8, 0x30a8,
0x30a8, 0x30a8, 0x30a9, 0x30c9, 0x38ca, 0x30c9, 0x38ea, 0x38eb, 0x390b, 0x390b,
0x390b, 0x390b, 0x390b, 0x410c, 0x410b, 0x410b, 0x490b, 0x492b, 0x492c, 0x490b,
0x492c, 0x492d, 0x514d, 0x514d, 0x514e, 0x514e, 0x514e, 0x516e, 0x594f, 0x598d,
0xac10, 0xcd14, 0xc514, 0xdd95, 0xac93, 0xc514, 0xdd75, 0xdd95, 0x5a09, 0xb473,
0xd516, 0x8b4f, 0x4a09, 0x836f, 0x41a8, 0x628b, 0x51e9, 0x41a8, 0x2906, 0xac31,
0xedf6, 0xe5b5, 0xe5d6, 0xe5d6, 0xe5f6, 0xedf7, 0xee17, 0xee17, 0xee17, 0xee37,
0xee37, 0xee37, 0xee37, 0xee17, 0xedf6, 0xe5f6, 0xe5d6, 0xe5f6, 0xedf6, 0xee17,
0xee37, 0xe5f7, 0xbcd4, 0xccb4, 0xd4f4, 0x934e, 0xccd4, 0xac11, 0x72ac, 0xbc93,
0xedb8, 0xbc93, 0xa3b0, 0xb412, 0x72ac, 0x7acc, 0xbc50, 0xe594, 0xe5d6, 0xe5b6,
0xe5b5, 0xe5b5, 0xddb5, 0xdd95, 0xdd74, 0xd534, 0xdd54, 0xa3b0, 0x2867, 0x3088,
0x3088, 0x3088, 0x3088, 0x30a8, 0x2887, 0x3087, 0x3088, 0x3088, 0x3088, 0x2887,
0x3088, 0x2887, 0x2888, 0x3087, 0x3087, 0x2887, 0x3087, 0x3087, 0x3087, 0x2887,
0x2887, 0x3087, 0x2887, 0x2887, 0x2887, 0x30a8, 0x30a8, 0x2887, 0x30a8, 0x2887,
0x2887, 0x2887, 0x2887, 0x2887, 0x2887, 0x2887, 0x2887, 0x3087, 0x2887, 0x2887,
0x2887, 0x2887, 0x3087, 0x2887, 0x2887, 0x2887, 0x2887, 0x2887, 0x2887, 0x2887,
0x2887, 0x2887, 0x2887, 0x2887, 0x2887, 0x2887, 
0x2887, 0x2887, 0x2887, 0x2887, 0x2887, 0x2887, 0x30a7, 0x2887, 0x2887, 0x2887,
0x2887, 0x2887, 0x2887, 0x2888, 0x2888, 0x30a8, 0x30a8, 0x30c8, 0x30a8, 0x30a8,
0x30a8, 0x30a8, 0x30a9, 0x30c9, 0x38ea, 0x38ea, 0x38ea, 0x38eb, 0x38eb, 0x390b,
0x390b, 0x390b, 0x410b, 0x410b, 0x410b, 0x410b, 0x410b, 0x490b, 0x410b, 0x410b,
0x492c, 0x492c, 0x492d, 0x492c, 0x492d, 0x514e, 0x516e, 0x516e, 0x514e, 0x59cd,
0xa410, 0xd514, 0xd554, 0xd554, 0xac93, 0xd555, 0xdd75, 0xd554, 0x51c8, 0xcd36,
0xdd77, 0x7aed, 0x9bf1, 0xa411, 0xac11, 0xdd36, 0xa3d1, 0x5a4a, 0x3167, 0xbcd3,
0xedf6, 0xe5d6, 0xe5d6, 0xe5f6, 0xe5f6, 0xedf7, 0xee17, 0xee17, 0xee17, 0xee17,
0xee37, 0xee17, 0xee37, 0xee17, 0xe5d6, 0xe5d6, 0xe5d6, 0xedf6, 0xee17, 0xee17,
0xee37, 0xe5f7, 0xa432, 0x8b4f, 0x7aed, 0x5a0a, 0x936f, 0x51c9, 0xb472, 0x72ac,
0xb453, 0xedd8, 0x830d, 0xc4d4, 0x3146, 0x18a4, 0xa3cf, 0xe5d5, 0xe5d6, 0xe5d6,
0xe5b5, 0xdd95, 0xddb5, 0xdd95, 0xdd54, 0xd534, 0xd534, 0xb451, 0x3088, 0x2888,
0x3088, 0x30a8, 0x3088, 0x3088, 0x3088, 0x3088, 0x3088, 0x2887, 0x3087, 0x3088,
0x2888, 0x30a8, 0x30a8, 0x2887, 0x3088, 0x3087, 0x2887, 0x2887, 0x3088, 0x3087,
0x3087, 0x3087, 0x2887, 0x2887, 0x3087, 0x30a7, 0x2887, 0x2887, 0x2887, 0x3087,
0x2887, 0x2887, 0x2887, 0x2887, 0x2887, 0x30a7, 0x2887, 0x2887, 0x2887, 0x2887,
0x2887, 0x2887, 0x2887, 0x2887, 0x2887, 0x30a7, 0x30a7, 0x2887, 0x2887, 0x2887,
0x2887, 0x2887, 0x2887, 0x2887, 0x3087, 0x2887, 
0x30c8, 0x2887, 0x2887, 0x2887, 0x2887, 0x2887, 0x2887, 0x2887, 0x2887, 0x2887,
0x2887, 0x2887, 0x2887, 0x2887, 0x2888, 0x2888, 0x30a8, 0x30a8, 0x30a8, 0x30a8,
0x30a8, 0x30a8, 0x30a9, 0x30c9, 0x30c9, 0x38ea, 0x38ea, 0x38eb, 0x38eb, 0x390b,
0x390b, 0x390b, 0x390b, 0x410c, 0x40eb, 0x40ea, 0x410b, 0x410b, 0x40eb, 0x40ea,
0x410b, 0x490c, 0x492c, 0x490b, 0x492c, 0x492c, 0x514d, 0x514e, 0x512e, 0x61ed,
0xa431, 0xbcb3, 0xd554, 0xcd55, 0xacb3, 0xd575, 0xdd74, 0xc491, 0xbc52, 0x9bf1,
0x6a6b, 0x836f, 0x5209, 0x832e, 0x936e, 0xccd5, 0x7acd, 0xb493, 0x7b0e, 0xd555,
0xe5d6, 0xe5d6, 0xe5d6, 0xe5f6, 0xee16, 0xee17, 0xee37, 0xee37, 0xee17, 0xee17,
0xee37, 0xee37, 0xee17, 0xee16, 0xe5f6, 0xe5d6, 0xedf6, 0xedf6, 0xee17, 0xee17,
0xee37, 0xcd96, 0x626b, 0xac73, 0x832e, 0xd535, 0xc4b4, 0xac11, 0xabf1, 0xc4d4,
0x8b2e, 0x51e9, 0x72ab, 0xa3b0, 0xc4b4, 0x830d, 0xc4b2, 0xe595, 0xe5d6, 0xe5b5,
0xe5b5, 0xdd95, 0xdd95, 0xdd74, 0xdd54, 0xd533, 0xd513, 0xc492, 0x38c8, 0x2867,
0x3088, 0x3088, 0x2887, 0x3088, 0x3088, 0x2887, 0x3088, 0x3088, 0x3088, 0x3088,
0x2887, 0x3088, 0x3088, 0x2887, 0x2887, 0x2887, 0x3087, 0x2887, 0x2887, 0x3088,
0x2887, 0x2887, 0x2887, 0x2887, 0x2887, 0x2887, 0x3087, 0x30a7, 0x2887, 0x30a8,
0x30c8, 0x2887, 0x2887, 0x2887, 0x2887, 0x2887, 0x2887, 0x2887, 0x2887, 0x2887,
0x2887, 0x2887, 0x2887, 0x2887, 0x2887, 0x2887, 0x2887, 0x2887, 0x2887, 0x2887,
0x2887, 0x2887, 0x2887, 0x2887, 0x2887, 0x2887, 
0x2887, 0x2887, 0x2887, 0x2887, 0x2887, 0x2887, 0x2887, 0x30a8, 0x30a7, 0x2887,
0x2887, 0x2887, 0x2888, 0x2887, 0x2888, 0x30a8, 0x30a8, 0x2888, 0x30a8, 0x30a8,
0x30a8, 0x30a8, 0x30c9, 0x30c9, 0x30c9, 0x38ea, 0x38ea, 0x38eb, 0x410b, 0x412c,
0x410c, 0x410c, 0x492d, 0x410c, 0x410c, 0x40ea, 0x40ea, 0x40eb, 0x410b, 0x40ea,
0x410a, 0x410b, 0x490c, 0x490b, 0x492c, 0x492c, 0x492c, 0x514d, 0x492d, 0x6a2d,
0xac72, 0xac72, 0xb4b3, 0xcd35, 0xbcf4, 0xd575, 0xdd95, 0xac10, 0xb452, 0x72cd,
0x5a2a, 0x41a8, 0xa411, 0x49c8, 0x1883, 0xbc94, 0x6aac, 0x93d0, 0xd556, 0xee18,
0xe5d6, 0xe5f6, 0xe5f6, 0xe617, 0xee17, 0xee37, 0xee37, 0xee17, 0xee17, 0xee17,
0xee37, 0xee38, 0xee37, 0xee17, 0xe5f6, 0xe5d6, 0xe5f6, 0xee17, 0xee37, 0xee17,
0xee17, 0xe5b7, 0xe5b8, 0x938f, 0xbc73, 0xd515, 0xccd4, 0xed97, 0x7acc, 0x936f,
0xf5f8, 0xa3d0, 0xd4b4, 0x82cc, 0xac32, 0xd4f4, 0xb451, 0xd553, 0xe5d6, 0xe5b5,
0xe5b5, 0xddb5, 0xdd95, 0xdd74, 0xdd74, 0xd533, 0xd513, 0xccd3, 0x4109, 0x2867,
0x3088, 0x3067, 0x30a8, 0x30a8, 0x2867, 0x2887, 0x3088, 0x3088, 0x3088, 0x3087,
0x3088, 0x3087, 0x2887, 0x3087, 0x2888, 0x2887, 0x3088, 0x2887, 0x2887, 0x30a8,
0x2887, 0x2887, 0x30c8, 0x3087, 0x2887, 0x2887, 0x3087, 0x2887, 0x2887, 0x2887,
0x2887, 0x2887, 0x2887, 0x2887, 0x2887, 0x2887, 0x30a8, 0x30a8, 0x2887, 0x2887,
0x2887, 0x3087, 0x2887, 0x2887, 0x3087, 0x2887, 0x2887, 0x2887, 0x2887, 0x2887,
0x2887, 0x2887, 0x2887, 0x30a7, 0x2887, 0x2887, 
0x30a7, 0x2887, 0x2887, 0x2887, 0x2887, 0x2887, 0x2887, 0x30a7, 0x2887, 0x2887,
0x2887, 0x2887, 0x2887, 0x2887, 0x2887, 0x30a8, 0x30a8, 0x30a8, 0x30a8, 0x30a8,
0x30a8, 0x30a8, 0x30c9, 0x30c9, 0x30c9, 0x38ea, 0x38ea, 0x38eb, 0x410b, 0x412c,
0x412c, 0x414d, 0x494d, 0x410d, 0x410c, 0x410b, 0x410b, 0x40ea, 0x40ea, 0x40ea,
0x40ea, 0x40ea, 0x410b, 0x490b, 0x490c, 0x492c, 0x492c, 0x492c, 0x490c, 0x6a6d,
0xb492, 0xcd14, 0xcd34, 0xb4d3, 0xb4d3, 0xd595, 0xe5b6, 0x72ec, 0x6aac, 0xa3d1,
0xb432, 0xac11, 0xd515, 0x72cc, 0x832e, 0xa3f1, 0x72ed, 0x51e9, 0xac52, 0x93b0,
0xe5d6, 0xe5f6, 0xe616, 0xee17, 0xee37, 0xee38, 0xee58, 0xee37, 0xee16, 0xee17,
0xee37, 0xee58, 0xee37, 0xee17, 0xedf6, 0xe5f6, 0xedf6, 0xee37, 0xee37, 0xee37,
0xf658, 0xb472, 0xac32, 0x7b0e, 0x8b4e, 0x622b, 0xac32, 0x82ed, 0x7acd, 0x624b,
0xccd4, 0xedb8, 0xdd15, 0x8b4e, 0x5a2a, 0x938f, 0xc4b3, 0xdd33, 0xe5b5, 0xe5b5,
0xddb5, 0xddb5, 0xdd95, 0xdd74, 0xdd54, 0xd533, 0xd513, 0xccf3, 0x4929, 0x2867,
0x3088, 0x3088, 0x3088, 0x3088, 0x3088, 0x2888, 0x2888, 0x3087, 0x2887, 0x2887,
0x30a8, 0x2887, 0x3087, 0x2887, 0x3088, 0x2887, 0x2887, 0x2887, 0x3087, 0x3087,
0x3087, 0x2887, 0x2887, 0x2887, 0x2887, 0x2887, 0x30a8, 0x2887, 0x2887, 0x30a8,
0x30a7, 0x2887, 0x2887, 0x2887, 0x2887, 0x2887, 0x2887, 0x30a7, 0x2887, 0x2887,
0x2887, 0x2887, 0x2887, 0x2887, 0x30a7, 0x2887, 0x2887, 0x2887, 0x2887, 0x2887,
0x2887, 0x2887, 0x2887, 0x30a7, 0x2887, 0x2887, 
0x30a8, 0x30a7, 0x2887, 0x2887, 0x2887, 0x2887, 0x3087, 0x2887, 0x2887, 0x2887,
0x2887, 0x2887, 0x30a7, 0x30a8, 0x2888, 0x2888, 0x30c8, 0x30a8, 0x30a8, 0x30a8,
0x30a8, 0x30a8, 0x30a9, 0x30c9, 0x30c9, 0x30c9, 0x38ea, 0x390b, 0x390b, 0x390c,
0x412d, 0x494d, 0x410d, 0x410d, 0x410c, 0x410b, 0x490b, 0x410b, 0x40eb, 0x40ea,
0x410b, 0x410b, 0x40ea, 0x494c, 0x492b, 0x410b, 0x492c, 0x492c, 0x40eb, 0x6a8d,
0xb492, 0xd534, 0xdd75, 0xcd55, 0xb4b3, 0xdd75, 0xcd13, 0x51c8, 0xdd77, 0x938f,
0xbc52, 0x5a2a, 0x72cc, 0xb473, 0xa432, 0x9bb1, 0x9bb0, 0xa3f1, 0xa3f1, 0x626b,
0xedf7, 0xe616, 0xee17, 0xee17, 0xee38, 0xee58, 0xee58, 0xee37, 0xee17, 0xee17,
0xee37, 0xee58, 0xee58, 0xee17, 0xedf6, 0xe5f6, 0xee17, 0xee37, 0xee37, 0xee37,
0xf658, 0x6aac, 0x51c9, 0x7b0e, 0x5a2b, 0xa412, 0xddb7, 0xa3d1, 0xb432, 0xccf5,
0x830e, 0x51e9, 0xb432, 0x5a2a, 0x7b0d, 0x8b2e, 0x7aed, 0xd4f3, 0xdd74, 0xddb5,
0xddb5, 0xddb5, 0xdd95, 0xdd74, 0xdd54, 0xd533, 0xd513, 0xd513, 0x496a, 0x2867,
0x3088, 0x3088, 0x3088, 0x3087, 0x3088, 0x3088, 0x2887, 0x30a8, 0x30a8, 0x2887,
0x3088, 0x38c9, 0x2887, 0x3087, 0x3087, 0x2887, 0x3087, 0x2887, 0x3088, 0x2887,
0x3087, 0x2887, 0x2887, 0x2887, 0x2887, 0x2887, 0x2887, 0x2887, 0x2887, 0x30a8,
0x30a8, 0x2887, 0x2887, 0x2887, 0x2887, 0x2887, 0x2887, 0x2887, 0x2887, 0x2887,
0x2887, 0x3087, 0x30a8, 0x2887, 0x2887, 0x30c8, 0x3087, 0x2887, 0x2887, 0x2887,
0x2887, 0x2887, 0x2887, 0x2887, 0x2887, 0x2887, 
0x2887, 0x2887, 0x2887, 0x2887, 0x2887, 0x2887, 0x30a7, 0x2887, 0x2887, 0x2887,
0x2887, 0x2887, 0x2887, 0x28a7, 0x28a8, 0x2887, 0x30c9, 0x30a8, 0x2888, 0x30a8,
0x30a8, 0x30a8, 0x30a9, 0x30c9, 0x30c9, 0x38ca, 0x38ea, 0x38eb, 0x390b, 0x412c,
0x412d, 0x410d, 0x412d, 0x494e, 0x410c, 0x38ea, 0x40ea, 0x410b, 0x490c, 0x490b,
0x492c, 0x410b, 0x492b, 0x410b, 0x492b, 0x40ea, 0x410b, 0x410b, 0x38e9, 0x626c,
0xbcb2, 0xdd54, 0xd554, 0xddb5, 0xbcf4, 0xcd14, 0xb451, 0x8b2e, 0xa3f1, 0x5a2a,
0x6aac, 0x5a6b, 0x5a4a, 0xa3f1, 0x8b8f, 0x9bd1, 0xcd15, 0xccb4, 0xd516, 0xd536,
0xe5b6, 0xee17, 0xee17, 0xee38, 0xee58, 0xee58, 0xee58, 0xee37, 0xee37, 0xee37,
0xee37, 0xee58, 0xee58, 0xee17, 0xe5f6, 0xe5f6, 0xee17, 0xee37, 0xee58, 0xee58,
0xee38, 0xdd97, 0x9390, 0x830e, 0xc4b4, 0xf619, 0xe597, 0xc4f5, 0x51e9, 0xb452,
0xc4d4, 0x3147, 0x7acd, 0x72ac, 0x936f, 0x936e, 0x2905, 0xa3f0, 0xe594, 0xdd95,
0xdd94, 0xddb5, 0xdd95, 0xdd74, 0xdd74, 0xd533, 0xd513, 0xd513, 0x518a, 0x2847,
0x3088, 0x3088, 0x3088, 0x3088, 0x2888, 0x2888, 0x3088, 0x2887, 0x2887, 0x2887,
0x2887, 0x38c9, 0x3087, 0x3087, 0x3087, 0x3088, 0x3087, 0x2887, 0x2887, 0x3088,
0x2887, 0x2887, 0x3087, 0x2887, 0x2887, 0x2887, 0x2887, 0x2887, 0x2887, 0x2887,
0x2887, 0x2887, 0x2887, 0x2887, 0x2887, 0x2887, 0x30a7, 0x2887, 0x2887, 0x2887,
0x2887, 0x2887, 0x2887, 0x2887, 0x2887, 0x30c8, 0x30a7, 0x2887, 0x2887, 0x2887,
0x2887, 0x2887, 0x2887, 0x2887, 0x2887, 0x2887, 
0x2887, 0x2887, 0x2887, 0x2887, 0x2887, 0x2887, 0x2887, 0x2887, 0x2887, 0x30a8,
0x2887, 0x2887, 0x2887, 0x30a8, 0x28a8, 0x2888, 0x2888, 0x30a8, 0x30a8, 0x30a8,
0x30a8, 0x30a8, 0x30c9, 0x30c9, 0x30c9, 0x38ea, 0x38eb, 0x38ea, 0x390b, 0x412d,
0x414d, 0x412d, 0x410d, 0x494d, 0x412c, 0x40ea, 0x38c9, 0x38e9, 0x40ea, 0x410b,
0x40ea, 0x410a, 0x410b, 0x410b, 0x410b, 0x410b, 0x40ea, 0x410b, 0x410a, 0x830d,
0xccf3, 0xccf3, 0xdd75, 0xdd95, 0xcd54, 0xc514, 0x8b4d, 0x934e, 0x49c8, 0x7aed,
0x8b8f, 0xd556, 0x7b0d, 0x834e, 0x6a8c, 0xedf9, 0x49c9, 0x626b, 0xc494, 0x6a8c,
0xcd34, 0xee57, 0xee37, 0xee58, 0xee78, 0xee79, 0xee58, 0xee57, 0xee37, 0xee37,
0xee58, 0xee58, 0xee58, 0xee37, 0xe5f6, 0xe5f6, 0xee17, 0xee38, 0xee58, 0xee79,
0xe618, 0xb473, 0x8b2f, 0xccb4, 0xd515, 0xa3f1, 0x7aee, 0xb453, 0x2907, 0x9bf1,
0xe5d8, 0xe597, 0xbc52, 0xdcf5, 0x936f, 0x7aac, 0x7aac, 0xc493, 0xdd54, 0xddb5,
0xddb5, 0xddb5, 0xdd95, 0xdd74, 0xdd74, 0xd533, 0xd4f3, 0xd513, 0x518a, 0x2847,
0x3088, 0x3088, 0x3088, 0x2887, 0x30a8, 0x30a8, 0x2887, 0x3088, 0x30a8, 0x2887,
0x2887, 0x2887, 0x30a8, 0x3088, 0x2887, 0x2887, 0x3088, 0x3088, 0x2887, 0x38a9,
0x38a9, 0x28a7, 0x30a8, 0x2887, 0x2887, 0x2887, 0x3087, 0x2887, 0x3087, 0x2887,
0x2887, 0x2887, 0x2887, 0x2887, 0x2887, 0x2887, 0x2887, 0x2887, 0x30a7, 0x30a7,
0x2887, 0x2887, 0x30a7, 0x30a7, 0x2887, 0x2887, 0x3087, 0x30a7, 0x2887, 0x2887,
0x2887, 0x2887, 0x3087, 0x3087, 0x38a9, 0x2887, 
0x2887, 0x2887, 0x30c8, 0x2887, 0x2887, 0x2887, 0x2887, 0x2887, 0x2887, 0x30a7,
0x2887, 0x2887, 0x2887, 0x2887, 0x28a7, 0x2888, 0x30a8, 0x30a8, 0x30a8, 0x30a8,
0x30a8, 0x30a8, 0x30c9, 0x30c9, 0x30e9, 0x30c9, 0x30ca, 0x38ea, 0x390b, 0x410c,
0x412c, 0x412d, 0x412d, 0x412d, 0x412c, 0x410a, 0x410b, 0x492b, 0x40ea, 0x490c,
0x492c, 0x410b, 0x40ea, 0x40ea, 0x410b, 0x410a, 0x40ea, 0x490b, 0x496c, 0xa3cf,
0xd513, 0xbcb3, 0xcd34, 0xdd95, 0xdd95, 0xb4d3, 0x9bd0, 0x9b4f, 0x8b2e, 0x8b4e,
0x832e, 0x836e, 0x3987, 0xb473, 0xedd8, 0xa412, 0x51ea, 0x8b6f, 0x8b4f, 0x6a8c,
0xcd34, 0xee58, 0xee38, 0xee58, 0xee79, 0xee79, 0xee58, 0xee37, 0xee37, 0xee37,
0xee58, 0xee58, 0xee38, 0xee17, 0xe5f6, 0xe5f6, 0xee17, 0xee58, 0xee58, 0xf6ba,
0xc535, 0x6aad, 0xd557, 0xa3d1, 0x4188, 0x4189, 0x626c, 0xe577, 0xc4d4, 0xf619,
0x8b6f, 0xbcd4, 0xdd56, 0x9bb0, 0x51e9, 0x932e, 0xb3f0, 0x7acc, 0xd513, 0xe5b5,
0xddb5, 0xddb5, 0xdd95, 0xdd74, 0xdd54, 0xd533, 0xd4f3, 0xd513, 0x61cb, 0x2047,
0x3088, 0x2888, 0x3088, 0x2887, 0x30a8, 0x3088, 0x2887, 0x3088, 0x3088, 0x3088,
0x2887, 0x3088, 0x3088, 0x3088, 0x2887, 0x2887, 0x3088, 0x3088, 0x30a8, 0x2887,
0x2887, 0x2887, 0x2887, 0x3087, 0x2887, 0x2887, 0x2887, 0x2887, 0x2887, 0x30a7,
0x2887, 0x30a8, 0x30a8, 0x2887, 0x2887, 0x2887, 0x2887, 0x2887, 0x3087, 0x30a7,
0x2887, 0x2887, 0x2887, 0x2887, 0x2887, 0x2887, 0x2887, 0x2887, 0x2887, 0x2887,
0x2887, 0x2887, 0x30a8, 0x2887, 0x2887, 0x2887, 
0x2887, 0x2887, 0x2887, 0x2887, 0x2887, 0x2887, 0x2887, 0x2887, 0x30a7, 0x2887,
0x2887, 0x30a7, 0x2887, 0x2887, 0x30a8, 0x2888, 0x28a8, 0x2888, 0x2888, 0x30a8,
0x30a8, 0x30a8, 0x30c9, 0x30c9, 0x30c9, 0x30c9, 0x30ca, 0x38ea, 0x38eb, 0x390b,
0x390c, 0x410c, 0x412c, 0x412d, 0x410c, 0x410b, 0x410b, 0x492c, 0x490c, 0x490c,
0x492c, 0x492c, 0x410b, 0x40ea, 0x40ea, 0x410b, 0x410a, 0x410c, 0x518c, 0xbc50,
0xd513, 0xc4f3, 0xc514, 0xdd96, 0xddb6, 0xa472, 0x9bd0, 0xb3f1, 0xa3d0, 0x72cc,
0x51e9, 0x0863, 0x41a8, 0xac12, 0xbcb4, 0x7aee, 0xdd77, 0xac32, 0xa412, 0xdd97,
0xd555, 0xee37, 0xee38, 0xee79, 0xee79, 0xee79, 0xee58, 0xee37, 0xee17, 0xee37,
0xee58, 0xee58, 0xee37, 0xee17, 0xe616, 0xe5f6, 0xee17, 0xee58, 0xee58, 0xf699,
0xd5b7, 0xe5b8, 0xd577, 0x520a, 0x7b0e, 0xa412, 0xac12, 0xc4b4, 0xe577, 0xd515,
0x8b4f, 0x626b, 0x8b4e, 0x5a2a, 0x4167, 0x7acc, 0x49c8, 0x2906, 0xccf3, 0xe5b5,
0xddb5, 0xddb5, 0xdd95, 0xdd74, 0xdd54, 0xd533, 0xd4f2, 0xdd33, 0x6a0c, 0x2047,
0x30a8, 0x3088, 0x2887, 0x30a8, 0x3088, 0x3088, 0x30a8, 0x3088, 0x3088, 0x30a8,
0x2887, 0x2887, 0x2887, 0x2887, 0x3088, 0x3088, 0x3088, 0x3088, 0x2887, 0x2887,
0x2887, 0x3087, 0x2887, 0x30a7, 0x2887, 0x2887, 0x30a7, 0x2887, 0x2887, 0x2887,
0x2887, 0x2887, 0x2887, 0x2887, 0x2887, 0x2887, 0x2887, 0x30a7, 0x2887, 0x2887,
0x30a7, 0x2887, 0x2887, 0x30a7, 0x2887, 0x2887, 0x2887, 0x2887, 0x2887, 0x2887,
0x2887, 0x3087, 0x2887, 0x2887, 0x2887, 0x2887, 
0x30a8, 0x2887, 0x2887, 0x2887, 0x2887, 0x30c8, 0x2887, 0x30a7, 0x28a7, 0x2887,
0x28a7, 0x2887, 0x2887, 0x2887, 0x2887, 0x28a8, 0x30a8, 0x30a8, 0x3088, 0x30a8,
0x30a8, 0x30a8, 0x30c9, 0x30c9, 0x30c9, 0x30c9, 0x30ca, 0x38eb, 0x412b, 0x38eb,
0x390b, 0x390c, 0x414d, 0x412d, 0x410c, 0x410b, 0x410b, 0x410b, 0x410b, 0x410b,
0x40eb, 0x410b, 0x492c, 0x410b, 0x492c, 0x492c, 0x492c, 0x40eb, 0x518b, 0xa3cf,
0xc4d3, 0xbcf4, 0xc535, 0xdd95, 0xdd95, 0xa493, 0x7aed, 0x6a8b, 0x3987, 0x9bb0,
0xd4d5, 0x9bb0, 0xb432, 0x520a, 0x6a8c, 0x520a, 0x8b6f, 0x7b0e, 0x5a2b, 0xddb8,
0xe5b7, 0xe5f7, 0xee58, 0xee79, 0xee99, 0xee79, 0xee58, 0xee17, 0xee17, 0xee37,
0xee58, 0xee38, 0xee37, 0xee37, 0xe5f6, 0xe5f6, 0xee37, 0xee58, 0xee58, 0xee79,
0xddb7, 0xbc94, 0x3127, 0x5a4b, 0xee19, 0xc4f5, 0xac12, 0xa412, 0x7ace, 0xa412,
0xd515, 0xc4b4, 0x7aad, 0x72cd, 0xe556, 0xa3f1, 0x3947, 0xa3d0, 0xccf3, 0xe595,
0xddb5, 0xdd95, 0xdd95, 0xdd74, 0xdd54, 0xdd33, 0xd4f2, 0xdd33, 0x6a2c, 0x2027,
0x30c8, 0x30a8, 0x30a8, 0x30a8, 0x3088, 0x3088, 0x3087, 0x3088, 0x3088, 0x2887,
0x3087, 0x3088, 0x3088, 0x3087, 0x3088, 0x2887, 0x2887, 0x30a8, 0x2887, 0x3087,
0x3087, 0x3088, 0x3087, 0x2887, 0x2887, 0x2887, 0x2887, 0x30a7, 0x2887, 0x2887,
0x30a8, 0x2887, 0x2887, 0x2887, 0x30a8, 0x30a8, 0x3087, 0x30a7, 0x2887, 0x2887,
0x2887, 0x2887, 0x2887, 0x2887, 0x2887, 0x2887, 0x2887, 0x2887, 0x2887, 0x2887,
0x2887, 0x30a8, 0x2887, 0x2887, 0x2887, 0x2887, 
0x2887, 0x2887, 0x2887, 0x2887, 0x2887, 0x2887, 0x2887, 0x30a7, 0x2887, 0x2887,
0x2887, 0x2887, 0x2887, 0x2887, 0x2887, 0x30a8, 0x30a8, 0x28a8, 0x30a8, 0x28a8,
0x30a8, 0x30a9, 0x30a8, 0x30a9, 0x30c9, 0x30c9, 0x38ca, 0x38ea, 0x38eb, 0x38eb,
0x412c, 0x414c, 0x390c, 0x410c, 0x410c, 0x410b, 0x410b, 0x410b, 0x410b, 0x410b,
0x410b, 0x410c, 0x492c, 0x410c, 0x492c, 0x492c, 0x492c, 0x40eb, 0x51ab, 0x9bd0,
0xbcd4, 0xa493, 0xb4f4, 0xc515, 0xcd35, 0x9c31, 0x72ac, 0x6a6b, 0x5a4a, 0x7aed,
0xa3d1, 0x5a2a, 0x18a4, 0x9390, 0xe5b8, 0x6a8d, 0x49ca, 0xb494, 0x7aed, 0xdd57,
0xdd76, 0xddb6, 0xee58, 0xee79, 0xee99, 0xee79, 0xee38, 0xe617, 0xee17, 0xee58,
0xee78, 0xee58, 0xee37, 0xee37, 0xe5f6, 0xe5b5, 0xe617, 0xee58, 0xee58, 0xf679,
0xac52, 0x7acd, 0x8b6f, 0xac32, 0x7acd, 0xac32, 0xa412, 0xc515, 0x5a4c, 0x9390,
0xd4f5, 0xdd36, 0xe556, 0xdd56, 0xac11, 0x6a8c, 0x624a, 0x51e9, 0xb472, 0xe595,
0xdd94, 0xdd95, 0xdd95, 0xdd95, 0xdd74, 0xdd33, 0xd4f2, 0xdd13, 0x6a2c, 0x2047,
0x3088, 0x3087, 0x3088, 0x3088, 0x3088, 0x3087, 0x3088, 0x3087, 0x3087, 0x2887,
0x3088, 0x3088, 0x3087, 0x3088, 0x2887, 0x3888, 0x3088, 0x2887, 0x3087, 0x3087,
0x3087, 0x2887, 0x2887, 0x3087, 0x2887, 0x2887, 0x2887, 0x30a7, 0x30a7, 0x2887,
0x2887, 0x3087, 0x2887, 0x2887, 0x2887, 0x2887, 0x3087, 0x2887, 0x2887, 0x2887,
0x2887, 0x2887, 0x2887, 0x2887, 0x2887, 0x2887, 0x2887, 0x2887, 0x2887, 0x3088,
0x3088, 0x2887, 0x2887, 0x2887, 0x2887, 0x2887, 
0x2887, 0x2887, 0x30a8, 0x2887, 0x2887, 0x2887, 0x2887, 0x2887, 0x2887, 0x2887,
0x2887, 0x30a8, 0x30a8, 0x30a8, 0x2887, 0x30a8, 0x2888, 0x30a8, 0x28a8, 0x28a8,
0x30a8, 0x38a9, 0x30a8, 0x30c9, 0x30c9, 0x30c9, 0x30ca, 0x38ea, 0x38ea, 0x38eb,
0x390b, 0x390c, 0x412c, 0x412d, 0x410c, 0x410b, 0x410b, 0x410b, 0x410b, 0x410c,
0x492c, 0x410c, 0x492c, 0x410b, 0x492c, 0x492c, 0x492c, 0x40ec, 0x622d, 0x9c11,
0x93f1, 0xac93, 0xc555, 0xc555, 0xc555, 0x9c31, 0x728c, 0xb411, 0xccf5, 0x41a9,
0x2926, 0x832e, 0x51e9, 0xe597, 0xabf2, 0x8b70, 0xcd16, 0xd536, 0xe597, 0xdd56,
0xdd96, 0xdd95, 0xee38, 0xee79, 0xee79, 0xee58, 0xee17, 0xe5f6, 0xee37, 0xee58,
0xee78, 0xee58, 0xee58, 0xee58, 0xee37, 0xdd95, 0xe5f6, 0xee58, 0xee78, 0xee79,
0xb473, 0x6a8c, 0xccf5, 0xccf5, 0x8b4f, 0x9bd1, 0x93b0, 0xbcd5, 0x6ace, 0x6ace,
0x628c, 0x6a8c, 0xbc73, 0xdd76, 0x41a8, 0x41a9, 0x72ac, 0x830d, 0xd534, 0xdd53,
0xdd95, 0xdd95, 0xdd95, 0xdd94, 0xdd74, 0xdd33, 0xd4f2, 0xdd13, 0x6a2c, 0x2047,
0x30a8, 0x3088, 0x2887, 0x2887, 0x3088, 0x2887, 0x30a8, 0x30a8, 0x30a8, 0x2887,
0x3088, 0x3087, 0x3088, 0x3088, 0x2887, 0x38a9, 0x3088, 0x3087, 0x3087, 0x3087,
0x3087, 0x2887, 0x2887, 0x2887, 0x30c8, 0x2887, 0x2887, 0x2887, 0x2887, 0x2887,
0x2887, 0x2887, 0x30a8, 0x2887, 0x2887, 0x2887, 0x2887, 0x2887, 0x2887, 0x2887,
0x30a7, 0x30a7, 0x30a7, 0x2887, 0x2887, 0x2887, 0x2887, 0x2887, 0x2887, 0x3088,
0x38a8, 0x2887, 0x3087, 0x2887, 0x2887, 0x2887, 
0x2887, 0x2887, 0x2887, 0x2887, 0x2887, 0x2887, 0x2887, 0x30a8, 0x2887, 0x2887,
0x2887, 0x2887, 0x2887, 0x30a8, 0x2887, 0x2887, 0x2887, 0x28a8, 0x28a8, 0x30a8,
0x28a8, 0x28a8, 0x30a8, 0x30c9, 0x30c9, 0x30c9, 0x30c9, 0x30ca, 0x38ea, 0x38ea,
0x390b, 0x390b, 0x390b, 0x412c, 0x390b, 0x38eb, 0x410b, 0x410b, 0x412b, 0x490c,
0x512d, 0x412c, 0x412c, 0x412c, 0x492c, 0x412c, 0x492c, 0x40eb, 0x728e, 0x8bd0,
0x8bf1, 0xb4d4, 0xb4d4, 0xc535, 0xc555, 0xb4b3, 0x620a, 0x7aac, 0x3967, 0x6acd,
0x2106, 0xccd4, 0xb432, 0x8b2e, 0x7aee, 0x3147, 0xac32, 0x3968, 0x8b2e, 0xdd57,
0xe5b7, 0xdd95, 0xee38, 0xee79, 0xee58, 0xee17, 0xe5f6, 0xe5f6, 0xee37, 0xee58,
0xee58, 0xee58, 0xee58, 0xee58, 0xee58, 0xe5d6, 0xdd94, 0xee38, 0xee79, 0xee58,
0xe5d8, 0x626c, 0x41a8, 0xedb8, 0xc4b4, 0xcd15, 0xedf8, 0xc4d4, 0x8b90, 0xa412,
0x626c, 0x626c, 0x41ca, 0x9bf1, 0x49e9, 0x93b0, 0x830d, 0x932e, 0xabf0, 0xdd54,
0xdd95, 0xdd95, 0xdd95, 0xdd94, 0xdd73, 0xdd33, 0xd4f2, 0xd513, 0x6a2c, 0x2047,
0x3088, 0x2887, 0x30a8, 0x30a8, 0x2887, 0x3087, 0x3087, 0x2887, 0x3087, 0x3087,
0x2887, 0x3088, 0x3088, 0x3087, 0x3087, 0x2887, 0x2887, 0x3088, 0x3087, 0x3088,
0x3088, 0x3087, 0x2887, 0x2887, 0x3087, 0x2887, 0x2887, 0x30a8, 0x2887, 0x2887,
0x2887, 0x2887, 0x2887, 0x2887, 0x2887, 0x2887, 0x30a7, 0x30a8, 0x2887, 0x2887,
0x2887, 0x2887, 0x2887, 0x2887, 0x2887, 0x2887, 0x2887, 0x2887, 0x2887, 0x2887,
0x2887, 0x2887, 0x2887, 0x2887, 0x2887, 0x3087, 
0x2887, 0x2887, 0x2887, 0x2887, 0x30a7, 0x30a8, 0x2887, 0x30a8, 0x2887, 0x2887,
0x2887, 0x2887, 0x2887, 0x2887, 0x2887, 0x2887, 0x28a8, 0x2888, 0x28a8, 0x28a8,
0x30c9, 0x30a8, 0x30a8, 0x30a8, 0x30c9, 0x38e9, 0x30c9, 0x30ca, 0x30ea, 0x38ea,
0x38ea, 0x38eb, 0x38eb, 0x38eb, 0x38eb, 0x412c, 0x38eb, 0x410b, 0x412c, 0x410c,
0x412c, 0x494c, 0x412c, 0x412b, 0x412c, 0x412c, 0x410b, 0x40eb, 0x6aad, 0x9c52,
0x9c52, 0x9c52, 0xb4d4, 0xbd15, 0xc555, 0x93d0, 0x72ac, 0x51e9, 0x3126, 0x832e,
0x2106, 0x72ac, 0x82ed, 0x9390, 0xd536, 0x9bf1, 0xb493, 0x834e, 0x72cd, 0x6a8c,
0xd516, 0xd554, 0xee37, 0xee38, 0xee17, 0xe5f6, 0xe5b5, 0xee17, 0xee58, 0xee58,
0xee79, 0xee79, 0xee78, 0xee58, 0xee37, 0xee57, 0xdd54, 0xe5f6, 0xee99, 0xe638,
0xa3f1, 0x5a4b, 0x2106, 0xa412, 0x51ea, 0x624c, 0xd536, 0xe597, 0xa3f1, 0xb453,
0xdd77, 0xcd16, 0x8b6f, 0xa412, 0x626b, 0xac11, 0x6a4b, 0xbc11, 0x936d, 0xdd74,
0xdd95, 0xddb5, 0xdd95, 0xdd74, 0xdd74, 0xd533, 0xd4f2, 0xd513, 0x61eb, 0x2047,
0x38c8, 0x30a8, 0x30a8, 0x3088, 0x2887, 0x2887, 0x3087, 0x3087, 0x3088, 0x3087,
0x3087, 0x3088, 0x3087, 0x3087, 0x3088, 0x30c8, 0x3088, 0x3088, 0x3087, 0x30c8,
0x30a8, 0x3087, 0x2887, 0x2887, 0x2887, 0x2887, 0x3087, 0x30c8, 0x2887, 0x2887,
0x2887, 0x2887, 0x2887, 0x2887, 0x30a8, 0x30a7, 0x30a7, 0x30a7, 0x2887, 0x2887,
0x2887, 0x2887, 0x2887, 0x2887, 0x2887, 0x2887, 0x2887, 0x2887, 0x2887, 0x30a8,
0x30a7, 0x2887, 0x2887, 0x30a8, 0x30a8, 0x3087, 
0x2887, 0x2887, 0x2887, 0x2887, 0x2887, 0x30a7, 0x2887, 0x2887, 0x2887, 0x30a8,
0x30a7, 0x2887, 0x2887, 0x2887, 0x30a8, 0x30a8, 0x2888, 0x28a8, 0x30a8, 0x28a8,
0x30a8, 0x30a8, 0x30c9, 0x30a8, 0x30a8, 0x30a8, 0x30e9, 0x38ea, 0x30ca, 0x38ea,
0x38ea, 0x38ea, 0x38ea, 0x38ea, 0x38ea, 0x410b, 0x38eb, 0x412c, 0x494d, 0x494d,
0x412c, 0x414c, 0x412c, 0x412b, 0x410b, 0x492c, 0x410b, 0x410b, 0x6aad, 0xa472,
0x9411, 0x9c93, 0xb515, 0xb4f5, 0xacd4, 0x8b8f, 0x936f, 0x7aed, 0x6a6b, 0xabf1,
0x18c5, 0x6a8c, 0xd4d4, 0xf5f8, 0x9bd1, 0x7b0e, 0xc4d4, 0xac32, 0xc4d4, 0x3927,
0x9bb1, 0xd555, 0xe5f6, 0xe617, 0xe5f6, 0xddb5, 0xe5d6, 0xee37, 0xee57, 0xee58,
0xee79, 0xee79, 0xee58, 0xee38, 0xee37, 0xee58, 0xe5d6, 0xdd54, 0xee79, 0xd5d6,
0xc4f5, 0xb474, 0x1084, 0x9bd1, 0x93b1, 0x8b70, 0x72ce, 0x7aee, 0xcd16, 0xc4f5,
0xa432, 0x9bf1, 0xdd56, 0xccd4, 0xac11, 0x9b8f, 0x51e9, 0xbc32, 0xa3ae, 0xdd74,
0xdd94, 0xddb5, 0xddb5, 0xdd74, 0xdd74, 0xd533, 0xd4f2, 0xd512, 0x61eb, 0x2047,
0x30a8, 0x3088, 0x3088, 0x2867, 0x3087, 0x30a8, 0x2887, 0x30a8, 0x3088, 0x3088,
0x30a8, 0x3087, 0x3087, 0x3088, 0x3087, 0x2867, 0x30a8, 0x30c8, 0x3087, 0x2887,
0x30a8, 0x30a8, 0x2887, 0x3087, 0x30a8, 0x3087, 0x2887, 0x2887, 0x2887, 0x2887,
0x2887, 0x2887, 0x30a7, 0x2887, 0x2887, 0x3087, 0x2887, 0x2887, 0x2887, 0x30c8,
0x2887, 0x2887, 0x2887, 0x2887, 0x30a7, 0x2887, 0x2887, 0x2887, 0x2887, 0x2887,
0x3087, 0x30c8, 0x2887, 0x2887, 0x2887, 0x30a8, 
0x2887, 0x2887, 0x3087, 0x3087, 0x2887, 0x2887, 0x2887, 0x30a8, 0x2887, 0x2887,
0x2887, 0x30a8, 0x30a8, 0x2887, 0x30a7, 0x28a7, 0x28a8, 0x28a8, 0x28a8, 0x28a8,
0x30a8, 0x30a8, 0x30a8, 0x30a8, 0x30c9, 0x30a8, 0x30c9, 0x30c9, 0x38ea, 0x38ea,
0x38ea, 0x38ea, 0x30ca, 0x38ea, 0x38ea, 0x410b, 0x412c, 0x410c, 0x410d, 0x492d,
0x410c, 0x410b, 0x412b, 0x492c, 0x492d, 0x410b, 0x410b, 0x390a, 0x72cd, 0xa452,
0x9c72, 0xb535, 0xacd4, 0xacf4, 0x9c52, 0x9bf1, 0x620a, 0x72ac, 0xb432, 0x7acd,
0x520a, 0xb432, 0xabf1, 0x7aed, 0x9bb0, 0x832f, 0xa412, 0x51ea, 0x5a4b, 0x8b4f,
0xac32, 0xac11, 0xee17, 0xe5f6, 0xddb5, 0xdd74, 0xe5f6, 0xee37, 0xee37, 0xee58,
0xee78, 0xee78, 0xee78, 0xee38, 0xee17, 0xee37, 0xee58, 0xdd54, 0xe5f6, 0xe638,
0x9bd1, 0x8b70, 0x93b0, 0x834f, 0x6a8d, 0xdd77, 0x624c, 0x520b, 0x8bb0, 0xac73,
0x3168, 0x2948, 0x41a9, 0x9bd1, 0x20e6, 0x624b, 0x832e, 0x6a4a, 0xb430, 0xe594,
0xdd95, 0xddb5, 0xdd95, 0xdd74, 0xdd74, 0xd553, 0xd512, 0xd512, 0x59aa, 0x2847,
0x3088, 0x3087, 0x3088, 0x30a8, 0x2887, 0x3087, 0x3087, 0x38e9, 0x2887, 0x3088,
0x3087, 0x3088, 0x3087, 0x3087, 0x3088, 0x3088, 0x3087, 0x3087, 0x30a8, 0x3087,
0x3087, 0x2887, 0x2887, 0x2887, 0x30a7, 0x2887, 0x2887, 0x2887, 0x2887, 0x2887,
0x2887, 0x2887, 0x30a7, 0x2887, 0x2887, 0x2887, 0x2887, 0x30a8, 0x2887, 0x2887,
0x2887, 0x38e8, 0x2887, 0x2887, 0x2887, 0x2887, 0x2887, 0x2887, 0x2887, 0x3087,
0x2887, 0x2887, 0x3087, 0x3087, 0x2887, 0x2887, 
0x3087, 0x2887, 0x2887, 0x2887, 0x2887, 0x30a7, 0x2887, 0x2887, 0x2887, 0x2887,
0x2887, 0x2887, 0x2887, 0x2887, 0x2887, 0x28a8, 0x30a8, 0x2887, 0x2888, 0x28a8,
0x28a8, 0x30c8, 0x30a8, 0x30a8, 0x30a8, 0x30c9, 0x30c9, 0x30c9, 0x38ea, 0x30c9,
0x30c9, 0x30c9, 0x30c9, 0x30c9, 0x38ea, 0x390b, 0x410b, 0x410b, 0x412c, 0x410c,
0x390b, 0x410b, 0x390b, 0x492c, 0x514d, 0x412c, 0x38eb, 0x390a, 0x7b0e, 0x9c31,
0x9c72, 0xa4b4, 0xa493, 0xa4b3, 0xb4f4, 0x72ed, 0x4187, 0x5a2a, 0x626b, 0x41a8,
0x834e, 0xed97, 0x8b6f, 0x8b4f, 0x830e, 0xccd4, 0xe577, 0x9bd1, 0x7b0e, 0xc4d4,
0xbcb4, 0xa411, 0xe617, 0xddb5, 0xd513, 0xe595, 0xe617, 0xee17, 0xee37, 0xee58,
0xee58, 0xee58, 0xee58, 0xee58, 0xee37, 0xee37, 0xee58, 0xe5f6, 0xdd95, 0xcd55,
0x4189, 0x4188, 0x9390, 0xdd97, 0xbc94, 0x6a6c, 0xb494, 0xac73, 0xac53, 0xdd77,
0x8370, 0x39ca, 0xa432, 0x9bd1, 0x5a4b, 0x9b8f, 0xc473, 0x8b0d, 0xccd2, 0xdd74,
0xdd95, 0xddb5, 0xdd94, 0xdd74, 0xdd74, 0xdd53, 0xd512, 0xccf2, 0x516a, 0x2847,
0x30a8, 0x30a8, 0x3087, 0x3087, 0x3087, 0x3087, 0x3087, 0x2887, 0x3087, 0x3087,
0x3087, 0x3088, 0x2887, 0x3087, 0x2887, 0x3087, 0x30a8, 0x3087, 0x3087, 0x3087,
0x30a8, 0x2887, 0x30a7, 0x2887, 0x2887, 0x2887, 0x2887, 0x30c8, 0x30a8, 0x2887,
0x30a7, 0x2887, 0x2887, 0x2887, 0x3087, 0x30a7, 0x2887, 0x2887, 0x2887, 0x2887,
0x2887, 0x2887, 0x2887, 0x2887, 0x2887, 0x30a7, 0x2887, 0x2887, 0x2887, 0x2887,
0x30a8, 0x3087, 0x2887, 0x2887, 0x30a8, 0x3087, 
0x30a8, 0x2887, 0x2887, 0x2887, 0x3087, 0x2887, 0x2887, 0x2887, 0x2887, 0x2887,
0x2887, 0x30a7, 0x2887, 0x2887, 0x2887, 0x2887, 0x2887, 0x28a8, 0x30a8, 0x28a8,
0x30a8, 0x28a8, 0x30a8, 0x30a8, 0x30a8, 0x30a8, 0x30a8, 0x30a8, 0x30a9, 0x30c9,
0x30c9, 0x30c9, 0x30c9, 0x30c9, 0x390a, 0x410b, 0x38eb, 0x390b, 0x38eb, 0x410b,
0x390b, 0x38ea, 0x390b, 0x390b, 0x390b, 0x412c, 0x390b, 0x412b, 0x834f, 0xa432,
0x9c52, 0xa4b4, 0xacd4, 0xbd15, 0xbd35, 0x730d, 0x1084, 0x5a0a, 0x624a, 0x5209,
0x830e, 0xe577, 0xa3f1, 0xc4d4, 0x6a8c, 0x830e, 0x72ad, 0xac12, 0xd556, 0x72ac,
0x9370, 0xf619, 0xdd75, 0xd4f2, 0xdd54, 0xe5f6, 0xe5f6, 0xe617, 0xee37, 0xee38,
0xee37, 0xee38, 0xee38, 0xee37, 0xee37, 0xee17, 0xee37, 0xee37, 0xe5d5, 0xb471,
0x72cd, 0x8b70, 0x9390, 0x7aee, 0xac32, 0x9bd1, 0x9bd1, 0x9bf1, 0x8b70, 0x832f,
0xd556, 0x93b1, 0x7b0e, 0xa411, 0xccf5, 0xb3f1, 0x49a8, 0x9b4e, 0xccf2, 0xdd74,
0xdd94, 0xdd95, 0xdd94, 0xdd74, 0xdd74, 0xdd53, 0xd513, 0xccd2, 0x4949, 0x2867,
0x30a8, 0x3087, 0x3087, 0x3088, 0x3087, 0x3087, 0x30a8, 0x3087, 0x3087, 0x3087,
0x2887, 0x3087, 0x3087, 0x30a8, 0x3087, 0x3087, 0x2887, 0x30a8, 0x3087, 0x3087,
0x3087, 0x2887, 0x30a8, 0x30a8, 0x2887, 0x2887, 0x2887, 0x30a8, 0x30a8, 0x30a7,
0x30a8, 0x2887, 0x2887, 0x2887, 0x30a7, 0x2887, 0x2887, 0x2887, 0x2887, 0x2887,
0x30a7, 0x30a7, 0x2887, 0x2887, 0x2887, 0x2887, 0x2887, 0x30a7, 0x2887, 0x30a7,
0x2887, 0x3087, 0x30a7, 0x2887, 0x2887, 0x2887, 
0x3087, 0x2887, 0x30a7, 0x2887, 0x2887, 0x30a8, 0x2887, 0x2887, 0x2887, 0x2887,
0x2887, 0x2887, 0x2887, 0x30a7, 0x30a8, 0x28a7, 0x2887, 0x2887, 0x30a8, 0x30c8,
0x30a8, 0x2887, 0x30a8, 0x30a8, 0x30a8, 0x30a8, 0x30a8, 0x30a8, 0x30a8, 0x30a8,
0x30a9, 0x30a8, 0x30c9, 0x30c9, 0x38e9, 0x390a, 0x410c, 0x512e, 0x38eb, 0x38eb,
0x38ea, 0x38ca, 0x38ea, 0x38ea, 0x390b, 0x390b, 0x38ca, 0x412b, 0x8b8f, 0xb493,
0x9c52, 0xa493, 0xacb4, 0xacb4, 0xb515, 0x93d0, 0x7aed, 0x82ed, 0x9b6f, 0xabd0,
0xb411, 0x41a8, 0x520a, 0x832e, 0x520a, 0xdd56, 0x628c, 0x5a0a, 0xb453, 0xccb4,
0xd516, 0xd536, 0xc491, 0xdd54, 0xe5f6, 0xe5f6, 0xe5f6, 0xee17, 0xee37, 0xee37,
0xee37, 0xee37, 0xee37, 0xee37, 0xee37, 0xee37, 0xee17, 0xee37, 0xe5f6, 0xc4d3,
0x41a9, 0x6aad, 0xbc94, 0x51eb, 0x49ca, 0xe5d8, 0xdd77, 0xac53, 0x41ca, 0x522b,
0x6a8c, 0xe597, 0xcd15, 0xa3f1, 0x520a, 0x8b0e, 0x6a4b, 0xa34d, 0xdd33, 0xdd74,
0xdd95, 0xdd95, 0xdd74, 0xdd74, 0xdd74, 0xdd53, 0xd513, 0xc4b2, 0x4129, 0x2867,
0x3087, 0x30a8, 0x3087, 0x3087, 0x3087, 0x3087, 0x3087, 0x2887, 0x3087, 0x30a8,
0x3087, 0x3087, 0x3087, 0x3087, 0x30c8, 0x30a8, 0x3087, 0x30a8, 0x3087, 0x3087,
0x3087, 0x30a8, 0x2887, 0x2887, 0x30a8, 0x30a7, 0x2887, 0x2887, 0x2887, 0x2887,
0x3087, 0x2887, 0x30a8, 0x2887, 0x2887, 0x30a8, 0x2887, 0x2887, 0x2887, 0x2887,
0x2887, 0x2887, 0x2887, 0x30a8, 0x3087, 0x30a7, 0x2887, 0x2887, 0x30a7, 0x30a8,
0x2887, 0x30a7, 0x2887, 0x3087, 0x2887, 0x3087, 
0x2887, 0x2887, 0x3087, 0x30a8, 0x2887, 0x30a8, 0x3087, 0x2887, 0x2887, 0x3087,
0x2887, 0x2887, 0x2887, 0x2887, 0x30a8, 0x2887, 0x2887, 0x2887, 0x30a8, 0x28a8,
0x30a8, 0x30c8, 0x28a8, 0x30a8, 0x30a8, 0x30a8, 0x30a8, 0x30a8, 0x30a8, 0x30a8,
0x30a8, 0x30a8, 0x30a8, 0x30a8, 0x30c9, 0x30c9, 0x514d, 0x79d2, 0x38ca, 0x38ea,
0x38c9, 0x38c9, 0x38c9, 0x38ca, 0x38ea, 0x38ea, 0x390b, 0x494b, 0x9bcf, 0xbcd3,
0xb4b3, 0xb4d4, 0xb4d4, 0xb4d4, 0xb4f4, 0x9bf1, 0x82ed, 0x7aed, 0x4188, 0x6a6b,
0x49a8, 0x7b0e, 0x93b0, 0xa3f1, 0x7b0e, 0xb453, 0x5a2b, 0xac32, 0x9bb1, 0x8b2e,
0xb432, 0x7aee, 0xc4b3, 0xe5d6, 0xe5f6, 0xe5f6, 0xe5f6, 0xe617, 0xee17, 0xee17,
0xee37, 0xee37, 0xee37, 0xee37, 0xee37, 0xee37, 0xee37, 0xee17, 0xe5f6, 0xdd76,
0xbcd5, 0xd536, 0x6a6c, 0x72ad, 0xb453, 0x9bd1, 0x6aad, 0xb453, 0x2928, 0x2948,
0x2127, 0x3168, 0xc4f5, 0x6a8c, 0x626c, 0x8b2e, 0x930d, 0xa36d, 0xd533, 0xdd74,
0xdd74, 0xdd94, 0xdd74, 0xdd74, 0xdd74, 0xd533, 0xd513, 0xc492, 0x38e8, 0x2887,
0x3087, 0x30a8, 0x3087, 0x2887, 0x30a8, 0x3087, 0x3087, 0x3087, 0x2887, 0x3087,
0x3087, 0x2887, 0x3087, 0x3087, 0x3087, 0x30a7, 0x30a8, 0x3087, 0x3088, 0x3088,
0x3087, 0x2887, 0x30a8, 0x3087, 0x3087, 0x2887, 0x2887, 0x2887, 0x2887, 0x2887,
0x2887, 0x2887, 0x30a7, 0x30a8, 0x2887, 0x30a8, 0x2887, 0x2887, 0x3087, 0x30a7,
0x2887, 0x3087, 0x2887, 0x2887, 0x30a7, 0x2887, 0x3087, 0x2887, 0x3087, 0x2887,
0x30a8, 0x2887, 0x3087, 0x3087, 0x2887, 0x2887, 
0x2887, 0x3087, 0x2887, 0x30a8, 0x2887, 0x2887, 0x2887, 0x30a8, 0x2887, 0x2887,
0x2887, 0x30a8, 0x2887, 0x2887, 0x30a8, 0x3087, 0x2887, 0x2887, 0x2887, 0x2887,
0x30a8, 0x30a8, 0x2888, 0x30a8, 0x30a8, 0x3088, 0x30a8, 0x30a8, 0x30a8, 0x30a8,
0x30c9, 0x30a8, 0x30a8, 0x30a8, 0x30a8, 0x38e9, 0x38c9, 0x38ca, 0x38c9, 0x30c9,
0x30c9, 0x38ea, 0x38e9, 0x30c9, 0x30c9, 0x38e9, 0x38ea, 0x412a, 0xb450, 0xbcf3,
0x9c52, 0xbcf4, 0xcd15, 0xc514, 0xcd35, 0xac92, 0x8b2d, 0x72ab, 0x626b, 0x6a8c,
0x7acc, 0x8b4e, 0x5a2a, 0x41a8, 0x9bf1, 0xbc94, 0x8b6f, 0x7aee, 0x830e, 0x8b4f,
0x6a6c, 0x49c9, 0xc4b4, 0xe5d6, 0xe617, 0xe5f6, 0xe5f6, 0xe617, 0xee17, 0xee17,
0xe617, 0xee17, 0xee38, 0xee38, 0xee17, 0xee17, 0xee37, 0xe617, 0xe5f6, 0xd535,
0xac53, 0x3968, 0x9bd1, 0x9390, 0xbc73, 0x7aee, 0x3148, 0xdd77, 0xac73, 0xac73,
0xcd16, 0x49ea, 0x72cd, 0x626b, 0x8b4f, 0x7acd, 0x61e9, 0xc450, 0xd513, 0xdd54,
0xdd94, 0xdd74, 0xdd74, 0xdd74, 0xdd74, 0xd533, 0xd513, 0xb451, 0x30a8, 0x3088,
0x3087, 0x2887, 0x30a8, 0x30a8, 0x3087, 0x2887, 0x3087, 0x3087, 0x3087, 0x30a8,
0x30a8, 0x2887, 0x3087, 0x3087, 0x3087, 0x3087, 0x3087, 0x3087, 0x30a8, 0x3087,
0x3087, 0x3087, 0x3087, 0x3087, 0x2887, 0x3087, 0x30a8, 0x2887, 0x2887, 0x2887,
0x2887, 0x3087, 0x2887, 0x30a8, 0x3087, 0x2887, 0x3087, 0x30a7, 0x2887, 0x2887,
0x3087, 0x3087, 0x2887, 0x30a7, 0x30a7, 0x2887, 0x2887, 0x2887, 0x2887, 0x2887,
0x3087, 0x2887, 0x30a8, 0x30a8, 0x2887, 0x2887, 
0x30a7, 0x30a8, 0x2887, 0x30a7, 0x2887, 0x2887, 0x2887, 0x2887, 0x2887, 0x2887,
0x2887, 0x2887, 0x2887, 0x30a7, 0x3087, 0x30a8, 0x30a8, 0x2887, 0x2887, 0x3088,
0x2888, 0x3088, 0x2887, 0x2888, 0x2888, 0x3088, 0x3088, 0x3088, 0x30c8, 0x3088,
0x30c8, 0x3088, 0x30a8, 0x30a8, 0x30a8, 0x30c9, 0x30c9, 0x30c9, 0x30c9, 0x30c9,
0x30c9, 0x30c9, 0x30c9, 0x30c9, 0x30c9, 0x30c9, 0x2888, 0x4929, 0xb430, 0x9c10,
0xbcd3, 0xbcf4, 0xcd35, 0xc514, 0xc514, 0xcd14, 0xd513, 0xabcf, 0x8aed, 0x6a6b,
0x936f, 0x3987, 0xa3d0, 0xa3d1, 0x6a8c, 0xa412, 0x20e6, 0x520b, 0x9390, 0xf639,
0x93b0, 0x3127, 0x72ac, 0xe5b6, 0xe5f7, 0xe5f6, 0xe5f6, 0xe5f7, 0xe5f7, 0xe5f7,
0xe618, 0xee38, 0xee38, 0xee38, 0xee17, 0xee17, 0xe617, 0xe5f7, 0xe5f7, 0xb452,
0x7aee, 0x39a9, 0x5a2b, 0xe577, 0x2907, 0x7aee, 0xccf5, 0x9390, 0xc4f5, 0xc4f5,
0x9bb0, 0x3988, 0x9bd1, 0xb432, 0x830d, 0x936e, 0x82cb, 0xbc91, 0xd554, 0xd554,
0xd534, 0xdd74, 0xdd74, 0xdd74, 0xdd74, 0xd533, 0xd513, 0xabf0, 0x3087, 0x3087,
0x3087, 0x3087, 0x3087, 0x3087, 0x3087, 0x3087, 0x2887, 0x3087, 0x3087, 0x30a8,
0x30a8, 0x30c8, 0x3087, 0x2887, 0x3087, 0x3087, 0x30a8, 0x3087, 0x3087, 0x2887,
0x3087, 0x3087, 0x2887, 0x3087, 0x3087, 0x2887, 0x2887, 0x3087, 0x2887, 0x2887,
0x30a7, 0x30a7, 0x2887, 0x3087, 0x2887, 0x3087, 0x2887, 0x2887, 0x3087, 0x2887,
0x2887, 0x2887, 0x2887, 0x30a8, 0x3087, 0x30c8, 0x3087, 0x2887, 0x2887, 0x3087,
0x30a7, 0x2887, 0x2887, 0x2887, 0x2887, 0x2887, 
0x2887, 0x2887, 0x2887, 0x2887, 0x2887, 0x2887, 0x30a7, 0x3087, 0x2887, 0x2887,
0x2887, 0x2887, 0x2887, 0x2887, 0x2887, 0x30a8, 0x2887, 0x2887, 0x2887, 0x2887,
0x2888, 0x2887, 0x2887, 0x3088, 0x2887, 0x2887, 0x3088, 0x3088, 0x2887, 0x2888,
0x2887, 0x30a8, 0x30a8, 0x30a8, 0x2888, 0x30a8, 0x30a8, 0x30c9, 0x38c9, 0x30c9,
0x30c9, 0x30c9, 0x30c9, 0x30a8, 0x30a9, 0x30a9, 0x2888, 0x4929, 0x938e, 0xc4b2,
0xd533, 0xd554, 0xd575, 0xd554, 0xd554, 0xd533, 0xccd2, 0xbc0f, 0x7209, 0x4987,
0x628b, 0x3988, 0xb452, 0xa3f1, 0x7aed, 0x7aee, 0x18c5, 0x49ea, 0xd577, 0xedf9,
0x9bd1, 0x2907, 0x3968, 0xc4d4, 0xee37, 0xe5f7, 0xe5f7, 0xe5f7, 0xe5f7, 0xee38,
0xee38, 0xe638, 0xee38, 0xee38, 0xe618, 0xe5f7, 0xe617, 0xe5f7, 0xedf7, 0xbc93,
0x7aee, 0x9bf1, 0x3147, 0xac32, 0xb473, 0x9390, 0xb493, 0x520b, 0x72ce, 0x832f,
0x9bb0, 0xccd4, 0xb412, 0xbc73, 0x4188, 0x82ec, 0x92ec, 0xbc71, 0xc513, 0xb4b2,
0xb4d3, 0xd534, 0xe574, 0xdd74, 0xdd53, 0xd533, 0xd533, 0x9baf, 0x2867, 0x30a7,
0x3087, 0x3087, 0x30a8, 0x30a8, 0x2887, 0x3087, 0x3087, 0x3087, 0x3087, 0x3087,
0x30a7, 0x30a7, 0x3087, 0x3087, 0x3087, 0x3087, 0x3087, 0x3087, 0x3087, 0x3087,
0x3087, 0x3087, 0x2887, 0x2887, 0x3087, 0x3087, 0x2887, 0x30a7, 0x2887, 0x3087,
0x2887, 0x3087, 0x2887, 0x3087, 0x3087, 0x3087, 0x30a8, 0x30a8, 0x2887, 0x2887,
0x3087, 0x3087, 0x2887, 0x2887, 0x2887, 0x30a7, 0x2887, 0x2887, 0x2887, 0x3087,
0x3087, 0x2887, 0x3087, 0x3087, 0x2887, 0x2887, 
0x2887, 0x2887, 0x30a8, 0x30c8, 0x3087, 0x2887, 0x2887, 0x30a8, 0x2887, 0x2887,
0x2887, 0x2887, 0x2887, 0x2887, 0x2887, 0x2887, 0x2887, 0x30a8, 0x2887, 0x2887,
0x2887, 0x2887, 0x2887, 0x2887, 0x2887, 0x30a8, 0x30a8, 0x3088, 0x2887, 0x3087,
0x2887, 0x30a8, 0x30a8, 0x2887, 0x3088, 0x30a8, 0x30c8, 0x38e9, 0x30a8, 0x30c8,
0x30c8, 0x30c8, 0x30e9, 0x30a8, 0x30a8, 0x30a8, 0x2888, 0x4949, 0xb40f, 0xccf2,
0xd533, 0xdd74, 0xd574, 0xd554, 0xd554, 0xd513, 0xccd2, 0xbc0f, 0x7a4a, 0x38c8,
0x49a9, 0x7aed, 0x6aac, 0x49e9, 0x0864, 0x6aac, 0x522a, 0x41a9, 0x836f, 0x5a2b,
0x8b70, 0x520a, 0x3127, 0xbcb4, 0xee38, 0xe5f7, 0xe618, 0xe618, 0xe638, 0xee38,
0xe638, 0xe638, 0xee38, 0xee38, 0xe618, 0xe5f7, 0xe5f7, 0xe5f7, 0xe5f7, 0xcd16,
0x3948, 0x7b0e, 0x9bf2, 0x18a5, 0x9bf1, 0xa412, 0x5a2b, 0xbc94, 0x72cd, 0x5a2b,
0x8b6f, 0x7acd, 0x49c9, 0x9bb0, 0x832d, 0x728b, 0x6a2a, 0xb471, 0xb4b2, 0xacb3,
0xbd14, 0xd534, 0xdd74, 0xdd74, 0xdd73, 0xd533, 0xd533, 0x8b2e, 0x2867, 0x38e8,
0x30a7, 0x2887, 0x3087, 0x30a8, 0x3087, 0x3087, 0x3087, 0x3087, 0x3087, 0x3087,
0x2887, 0x2887, 0x30a8, 0x3087, 0x2887, 0x2887, 0x3087, 0x3087, 0x3087, 0x3087,
0x30a8, 0x2887, 0x30a8, 0x3087, 0x30a8, 0x2887, 0x3087, 0x2887, 0x3087, 0x2887,
0x2887, 0x2887, 0x30a7, 0x30c8, 0x30a7, 0x2887, 0x2887, 0x30a8, 0x2887, 0x2887,
0x2887, 0x3087, 0x2887, 0x2887, 0x2887, 0x2887, 0x3087, 0x30a8, 0x2887, 0x2887,
0x2887, 0x2887, 0x2887, 0x2887, 0x3087, 0x3087, 
0x2887, 0x3087, 0x30a8, 0x3087, 0x2887, 0x2887, 0x2887, 0x2887, 0x2887, 0x2887,
0x30a8, 0x3087, 0x2887, 0x2887, 0x2887, 0x2887, 0x2887, 0x30a7, 0x2887, 0x3087,
0x30a8, 0x2887, 0x3087, 0x2887, 0x2887, 0x30c8, 0x3087, 0x2887, 0x2887, 0x30a8,
0x2887, 0x2887, 0x2887, 0x2887, 0x30a8, 0x3909, 0x30a8, 0x30a8, 0x30a8, 0x30a8,
0x30a8, 0x30a8, 0x30a8, 0x30a8, 0x30a8, 0x30a8, 0x2888, 0x518a, 0xbc50, 0xccf2,
0xd534, 0xd574, 0xdd95, 0xd574, 0xd534, 0xd533, 0xccd2, 0xbc30, 0x7a4b, 0x30a8,
0x30a7, 0x7aac, 0x7acc, 0x938f, 0x520a, 0x72ed, 0xa432, 0x834f, 0x93b0, 0x1085,
0x18c5, 0x9bd1, 0xa3f2, 0xdd97, 0xe5f7, 0xe617, 0xe618, 0xe618, 0xe618, 0xe618,
0xe618, 0xe638, 0xee38, 0xe638, 0xe618, 0xe618, 0xe618, 0xe5f7, 0xddd7, 0xbcb4,
0xa412, 0x9bd1, 0x3148, 0x6aad, 0x520b, 0xccf5, 0x5a0a, 0xa3f1, 0x7aed, 0x936f,
0x49c9, 0x8b6f, 0x8b4f, 0x7b0d, 0x72ac, 0x30c7, 0x51c9, 0x832d, 0x93f0, 0xbd14,
0xc534, 0xd534, 0xdd74, 0xdd74, 0xdd73, 0xd533, 0xd533, 0x82cd, 0x2047, 0x30a7,
0x3087, 0x30a8, 0x3087, 0x2887, 0x3087, 0x30a8, 0x30c8, 0x3087, 0x3087, 0x2887,
0x3087, 0x2887, 0x30a8, 0x2887, 0x3087, 0x30a8, 0x2887, 0x3087, 0x2887, 0x30a7,
0x30c8, 0x2887, 0x30a7, 0x3087, 0x2887, 0x3087, 0x30a8, 0x2887, 0x2887, 0x2887,
0x3087, 0x30a7, 0x30a7, 0x3087, 0x2887, 0x3087, 0x2887, 0x2887, 0x2887, 0x3087,
0x30c8, 0x3087, 0x2887, 0x2887, 0x2887, 0x2887, 0x30a7, 0x3087, 0x2887, 0x30a8,
0x2887, 0x2887, 0x2887, 0x2887, 0x30c8, 0x3087, 
0x30a8, 0x30c8, 0x2867, 0x2887, 0x2887, 0x30a8, 0x30a7, 0x2887, 0x2887, 0x3087,
0x2887, 0x2887, 0x2887, 0x2887, 0x2887, 0x2887, 0x3087, 0x30a8, 0x2887, 0x2887,
0x3087, 0x2887, 0x2887, 0x30a8, 0x2887, 0x2887, 0x2887, 0x2887, 0x2887, 0x2887,
0x2887, 0x2887, 0x30a8, 0x2887, 0x3088, 0x30c8, 0x30a8, 0x30a8, 0x30a8, 0x30a8,
0x30a8, 0x30a8, 0x3088, 0x3088, 0x3088, 0x30a8, 0x2867, 0x59ca, 0xc470, 0xccf2,
0xd554, 0xdd74, 0xd574, 0xd574, 0xd554, 0xd513, 0xccd2, 0xc471, 0x724b, 0x2887,
0x30c8, 0x4988, 0x82ed, 0x932e, 0x7aed, 0xc4d4, 0x626b, 0x72cd, 0xb473, 0x7b2e,
0x522b, 0x93b1, 0x5a4b, 0x6aad, 0xee18, 0xe617, 0xe5f7, 0xe617, 0xe618, 0xe638,
0xe638, 0xe638, 0xee38, 0xee38, 0xe638, 0xe618, 0xe618, 0xe618, 0xe5d7, 0xbcb4,
0x6a8c, 0x8b90, 0x628c, 0xdd56, 0x49ca, 0x9bb0, 0xabf2, 0x9bb0, 0x8b2e, 0x72ac,
0x5a2a, 0xac31, 0xac31, 0x7aed, 0x8b4e, 0x30c8, 0x4168, 0x7b0d, 0x9c31, 0xbd14,
0xd575, 0xdd94, 0xdd74, 0xdd74, 0xdd73, 0xd532, 0xd513, 0x6a4c, 0x2046, 0x30a8,
0x3087, 0x30a8, 0x3087, 0x2887, 0x3087, 0x30a8, 0x2887, 0x3087, 0x3087, 0x3087,
0x3087, 0x3087, 0x30a8, 0x3087, 0x3087, 0x3087, 0x3087, 0x3087, 0x30a8, 0x3087,
0x2887, 0x3087, 0x2887, 0x30a8, 0x3087, 0x3087, 0x2887, 0x2887, 0x30a7, 0x2887,
0x30a7, 0x30c8, 0x2887, 0x2887, 0x2887, 0x30a8, 0x30a8, 0x2887, 0x2887, 0x30a8,
0x3087, 0x2887, 0x2887, 0x2887, 0x2887, 0x2887, 0x30a8, 0x30a7, 0x2887, 0x3087,
0x3087, 0x2887, 0x30a7, 0x30a7, 0x2887, 0x2887, 
0x3087, 0x2887, 0x3087, 0x2887, 0x2887, 0x2887, 0x2887, 0x2887, 0x2887, 0x2887,
0x2887, 0x2887, 0x2887, 0x30a8, 0x2887, 0x2887, 0x2887, 0x2887, 0x2887, 0x2887,
0x2887, 0x2887, 0x2887, 0x30a7, 0x2887, 0x2887, 0x2887, 0x2887, 0x2887, 0x2887,
0x2887, 0x2887, 0x2887, 0x2887, 0x3087, 0x30a8, 0x30a8, 0x3088, 0x30a8, 0x3088,
0x3088, 0x3088, 0x3088, 0x3088, 0x3088, 0x30a8, 0x2888, 0x6a0b, 0xccb1, 0xcd12,
0xd554, 0xdd74, 0xd574, 0xd554, 0xd533, 0xccf3, 0xccb2, 0xc491, 0x6a2b, 0x2867,
0x30c8, 0x59c9, 0x5a09, 0x624a, 0x7aed, 0x628c, 0x522b, 0x522b, 0x49c9, 0x6aac,
0x7b2e, 0x93b0, 0x3148, 0x3968, 0xd576, 0xee18, 0xe5f7, 0xe618, 0xe618, 0xe618,
0xe638, 0xe638, 0xee38, 0xee38, 0xe638, 0xe638, 0xe617, 0xe617, 0xe5d7, 0x93b0,
0x2927, 0xac32, 0x41a9, 0x72ad, 0x8b4f, 0x9390, 0xd4f5, 0x6a8c, 0x830e, 0x8b4f,
0xbc93, 0x5a2a, 0x8b2d, 0x936e, 0x8b0e, 0x2887, 0x30e7, 0x520a, 0x8bd0, 0xc514,
0xdd95, 0xd554, 0xdd74, 0xdd74, 0xdd53, 0xd532, 0xd4f3, 0x61eb, 0x2867, 0x30a8,
0x3087, 0x3087, 0x3087, 0x3087, 0x3087, 0x2887, 0x30a7, 0x2887, 0x30a7, 0x30a7,
0x3087, 0x3087, 0x2887, 0x3087, 0x3087, 0x3087, 0x3087, 0x3087, 0x30a7, 0x2887,
0x3087, 0x3087, 0x30a8, 0x3087, 0x2887, 0x3087, 0x3087, 0x3087, 0x30a7, 0x3087,
0x3087, 0x3087, 0x30a8, 0x3087, 0x2887, 0x3087, 0x2887, 0x3087, 0x3087, 0x2887,
0x3087, 0x3087, 0x3087, 0x30a8, 0x2887, 0x2887, 0x2887, 0x3087, 0x2887, 0x2887,
0x2887, 0x2887, 0x3087, 0x3087, 0x2887, 0x3087, 
0x30a8, 0x3087, 0x2887, 0x2887, 0x30a8, 0x2887, 0x30a8, 0x2887, 0x2887, 0x2887,
0x30a8, 0x2887, 0x2887, 0x2887, 0x2887, 0x2887, 0x2887, 0x2887, 0x2887, 0x2887,
0x2887, 0x2887, 0x2887, 0x2887, 0x30a8, 0x2887, 0x2887, 0x2887, 0x2887, 0x2887,
0x2887, 0x2887, 0x3087, 0x30a8, 0x2887, 0x3088, 0x3088, 0x3087, 0x3087, 0x3087,
0x2887, 0x2887, 0x2887, 0x2887, 0x3087, 0x30c8, 0x2867, 0x7a6c, 0xccd1, 0xd513,
0xdd54, 0xdd74, 0xdd74, 0xd554, 0xd513, 0xccd2, 0xc4b2, 0xc492, 0x61eb, 0x2867,
0x30a7, 0x7a8c, 0x82ed, 0x51e9, 0x830d, 0xac11, 0x49c8, 0x9bb0, 0xac32, 0x49ea,
0x0003, 0x7b4f, 0x5a4b, 0x41a9, 0xbcd4, 0xee18, 0xe5f7, 0xe618, 0xe618, 0xe618,
0xe618, 0xe638, 0xe638, 0xe638, 0xe638, 0xe618, 0xe617, 0xe638, 0xcd35, 0xcd16,
0x9390, 0x72ac, 0x9390, 0xa3f1, 0xd536, 0x5a2b, 0xac32, 0xd535, 0xb432, 0x9b8f,
0x72ac, 0x936e, 0x72ab, 0x8b0d, 0x82ee, 0x2867, 0x3908, 0x524b, 0x8bd0, 0x836e,
0xcd13, 0xcd13, 0xdd74, 0xdd74, 0xdd53, 0xd533, 0xccf3, 0x518a, 0x2847, 0x3087,
0x30a8, 0x3087, 0x30a8, 0x3087, 0x3087, 0x3087, 0x30a8, 0x3087, 0x2887, 0x3087,
0x3087, 0x3087, 0x3087, 0x3087, 0x3087, 0x3087, 0x3087, 0x3087, 0x2887, 0x30c8,
0x3087, 0x3087, 0x2887, 0x2887, 0x2887, 0x3087, 0x2887, 0x30a7, 0x2887, 0x2887,
0x3087, 0x3087, 0x2887, 0x2887, 0x3088, 0x3087, 0x30a8, 0x3087, 0x2887, 0x2887,
0x30a7, 0x3087, 0x2887, 0x2887, 0x3087, 0x2887, 0x2887, 0x2887, 0x2887, 0x3087,
0x2887, 0x3087, 0x2887, 0x30a8, 0x30a7, 0x2887, 
0x2887, 0x2887, 0x2887, 0x2887, 0x2887, 0x2887, 0x30a8, 0x2887, 0x3087, 0x30a7,
0x2887, 0x2887, 0x2887, 0x2887, 0x2887, 0x2887, 0x2887, 0x2887, 0x2887, 0x2887,
0x2887, 0x2887, 0x2887, 0x2887, 0x30a8, 0x2887, 0x2887, 0x2887, 0x3087, 0x2887,
0x2887, 0x2887, 0x2887, 0x30a8, 0x2887, 0x3087, 0x2887, 0x2887, 0x3087, 0x3087,
0x2887, 0x2887, 0x30a8, 0x30a8, 0x2887, 0x3087, 0x2847, 0x8aed, 0xccd2, 0xd513,
0xdd54, 0xdd75, 0xdd54, 0xd534, 0xcd13, 0xc4b1, 0xc491, 0xbc51, 0x59aa, 0x30a8,
0x2887, 0x8b0f, 0x830d, 0x5a0a, 0x624b, 0x830d, 0x5a4a, 0x6a8c, 0x72cd, 0x834f,
0x5a2b, 0xc4f5, 0x5a4c, 0x3148, 0x6aac, 0xee18, 0xddf7, 0xe5f7, 0xe617, 0xe618,
0xe618, 0xe618, 0xe618, 0xe618, 0xe618, 0xe618, 0xe617, 0xe5f7, 0xd536, 0x622b,
0x9390, 0xb432, 0xdd36, 0x59ea, 0xb453, 0xac32, 0x8b6f, 0xac32, 0xb431, 0xbc32,
0xc473, 0x728b, 0x4987, 0x932d, 0x518a, 0x2867, 0x4949, 0x830e, 0x93af, 0xa431,
0xd533, 0xdd74, 0xdd54, 0xdd74, 0xdd54, 0xd533, 0xccd2, 0x516a, 0x2867, 0x3087,
0x3087, 0x3087, 0x30a8, 0x2887, 0x30a8, 0x30a8, 0x2887, 0x3087, 0x3087, 0x3087,
0x3087, 0x3087, 0x3087, 0x3087, 0x3087, 0x3087, 0x3087, 0x3087, 0x3087, 0x30a8,
0x2887, 0x2887, 0x2887, 0x2887, 0x3087, 0x2887, 0x3087, 0x2887, 0x2887, 0x2887,
0x2887, 0x2887, 0x3087, 0x3087, 0x2887, 0x2887, 0x30a8, 0x3087, 0x3087, 0x30a8,
0x2887, 0x3087, 0x3087, 0x3087, 0x2887, 0x3087, 0x2887, 0x2887, 0x3087, 0x2887,
0x2887, 0x2887, 0x2887, 0x30a8, 0x3087, 0x2887, 
0x2887, 0x2887, 0x2887, 0x2887, 0x2887, 0x2887, 0x2887, 0x3087, 0x2887, 0x3087,
0x2887, 0x2887, 0x2887, 0x2887, 0x2887, 0x2887, 0x2887, 0x2887, 0x30a8, 0x2887,
0x2887, 0x2887, 0x2887, 0x2887, 0x2887, 0x2887, 0x2887, 0x3088, 0x2887, 0x2887,
0x2887, 0x2887, 0x2887, 0x2887, 0x2887, 0x3087, 0x30a8, 0x30a8, 0x3087, 0x3087,
0x3088, 0x30a8, 0x3087, 0x3087, 0x2887, 0x3087, 0x2867, 0x930d, 0xccd1, 0xd513,
0xdd74, 0xdd75, 0xdd54, 0xd513, 0xccf3, 0xbc71, 0xc471, 0xbc30, 0x4928, 0x2887,
0x30a8, 0x726c, 0x9bb0, 0x5a0a, 0x6a4b, 0x5a0a, 0x49e9, 0x522a, 0x3167, 0x5a4b,
0x8bb0, 0x4189, 0x8b90, 0x9bf2, 0x3127, 0xd596, 0xe5f7, 0xddf7, 0xe5f7, 0xe618,
0xe618, 0xe618, 0xe618, 0xe617, 0xe618, 0xe5f7, 0xe5f7, 0xe618, 0xcd36, 0x72cd,
0x8b4f, 0x5a0a, 0xd515, 0x6aac, 0x830e, 0xa3d0, 0x936f, 0x5a2a, 0x93af, 0x49a8,
0x7acc, 0x49a8, 0x82ed, 0x622a, 0x38e8, 0x2867, 0x4949, 0x8b2e, 0xb451, 0xbcb2,
0xc4d2, 0xdd54, 0xdd74, 0xdd74, 0xdd54, 0xd533, 0xccd2, 0x494a, 0x2867, 0x3087,
0x3087, 0x3087, 0x3087, 0x3087, 0x2887, 0x3087, 0x3087, 0x3087, 0x3087, 0x2887,
0x3087, 0x3087, 0x2887, 0x30a8, 0x3087, 0x3087, 0x3087, 0x3087, 0x3087, 0x2887,
0x2867, 0x30a8, 0x30a8, 0x2887, 0x3087, 0x3087, 0x3087, 0x3087, 0x2887, 0x2887,
0x2887, 0x3087, 0x3087, 0x2887, 0x2887, 0x3087, 0x3087, 0x2887, 0x2887, 0x3087,
0x3087, 0x2887, 0x3087, 0x2887, 0x2887, 0x3087, 0x2887, 0x3087, 0x30a7, 0x2887,
0x3087, 0x2887, 0x2887, 0x2887, 0x2887, 0x2887, 
0x2887, 0x2887, 0x2887, 0x3087, 0x2887, 0x2887, 0x2887, 0x3087, 0x2887, 0x3087,
0x2887, 0x2887, 0x2887, 0x2887, 0x2887, 0x2887, 0x2887, 0x2887, 0x2887, 0x2887,
0x2887, 0x2887, 0x2887, 0x2887, 0x2887, 0x2887, 0x30a8, 0x30a8, 0x2887, 0x30a8,
0x2887, 0x3087, 0x2887, 0x2887, 0x2887, 0x3087, 0x30c8, 0x30a8, 0x2887, 0x3087,
0x3087, 0x2887, 0x2887, 0x2887, 0x3087, 0x3087, 0x2867, 0x930d, 0xccd1, 0xcd13,
0xdd54, 0xdd54, 0xd534, 0xd513, 0xccf2, 0xbc91, 0xbc71, 0xb410, 0x38e8, 0x2887,
0x30a8, 0x622b, 0x830e, 0x72ad, 0x7aac, 0x8b4e, 0x7aed, 0x6aac, 0x41c9, 0xb493,
0x9390, 0x0843, 0x3988, 0x93b1, 0x3988, 0xa431, 0xee38, 0xddd7, 0xe5f7, 0xe5f7,
0xe5f7, 0xe5f7, 0xe617, 0xe617, 0xe5f7, 0xe5f7, 0xe5f7, 0xee38, 0x8b70, 0x9bd1,
0x9bb1, 0x7b0e, 0xe597, 0x9390, 0x72ac, 0xccb4, 0xabf1, 0x7acd, 0xac11, 0xa3f0,
0xabf0, 0x934e, 0x7acc, 0x5a2b, 0x3909, 0x2847, 0x4109, 0x832e, 0xb471, 0xc4d2,
0xd513, 0xdd53, 0xdd74, 0xdd74, 0xdd54, 0xd513, 0xccd2, 0x59aa, 0x2867, 0x30a7,
0x30a8, 0x3087, 0x3087, 0x3087, 0x2887, 0x30a8, 0x3087, 0x3088, 0x30a8, 0x2887,
0x3087, 0x3087, 0x2887, 0x2887, 0x2887, 0x2887, 0x3087, 0x3087, 0x2887, 0x2887,
0x30a8, 0x30a7, 0x30a8, 0x2887, 0x2887, 0x30a8, 0x3087, 0x2887, 0x2887, 0x2887,
0x2887, 0x3087, 0x3087, 0x2887, 0x30a8, 0x3087, 0x2887, 0x2887, 0x2887, 0x3087,
0x3087, 0x2887, 0x30a8, 0x2887, 0x3087, 0x2887, 0x2887, 0x2887, 0x2887, 0x2887,
0x2887, 0x3087, 0x2887, 0x2887, 0x30a7, 0x30a8, 
0x30a8, 0x3087, 0x2887, 0x3087, 0x2887, 0x2887, 0x2887, 0x2887, 0x2887, 0x2887,
0x2887, 0x3087, 0x2887, 0x2887, 0x2887, 0x2887, 0x2887, 0x2887, 0x2887, 0x2887,
0x2887, 0x2887, 0x2887, 0x2887, 0x2887, 0x2887, 0x2887, 0x2887, 0x2887, 0x2887,
0x2887, 0x30a8, 0x3087, 0x2887, 0x2887, 0x3088, 0x2887, 0x30a8, 0x30a8, 0x2887,
0x3087, 0x3087, 0x3087, 0x3087, 0x3087, 0x3087, 0x2047, 0x8acd, 0xccd2, 0xcd13,
0xd554, 0xdd54, 0xd554, 0xd533, 0xcd13, 0xc4b2, 0xbc71, 0xac10, 0x4108, 0x2867,
0x30a8, 0x2108, 0x6a4b, 0xc473, 0x8b4f, 0x7acd, 0xb452, 0x624b, 0xa3f1, 0x3987,
0x626b, 0x3988, 0x4a0a, 0x3988, 0x3148, 0x6a8c, 0xe617, 0xddd6, 0xddf7, 0xddf7,
0xddf7, 0xde17, 0xddf7, 0xe5f7, 0xddf7, 0xddd7, 0xe5f7, 0xddd7, 0x7b0e, 0xb494,
0x832e, 0x8b4f, 0x624b, 0xac12, 0x5a2b, 0x6a8c, 0x6a8c, 0x3967, 0x624b, 0x7aed,
0x936e, 0x932d, 0x6a6b, 0xac12, 0x416a, 0x2046, 0x4129, 0x72cd, 0xb471, 0xc4d2,
0xd533, 0xdd53, 0xdd54, 0xdd74, 0xdd54, 0xccf2, 0xc4b2, 0x6a2c, 0x2047, 0x30a7,
0x30a8, 0x3087, 0x3087, 0x3087, 0x3087, 0x2887, 0x2887, 0x30a8, 0x30a7, 0x3087,
0x3087, 0x2887, 0x3087, 0x3087, 0x3087, 0x3087, 0x2887, 0x3087, 0x30a7, 0x2887,
0x3087, 0x2887, 0x30a8, 0x3087, 0x2887, 0x3088, 0x3087, 0x2887, 0x2887, 0x3087,
0x30a8, 0x2887, 0x2887, 0x2887, 0x30a7, 0x3087, 0x3087, 0x2887, 0x3087, 0x2887,
0x2887, 0x30a7, 0x30a7, 0x3087, 0x3087, 0x2887, 0x3087, 0x3087, 0x3087, 0x3087,
0x2887, 0x2887, 0x30a7, 0x2887, 0x3087, 0x3087, 
0x30a8, 0x3087, 0x2887, 0x2887, 0x2887, 0x2887, 0x2887, 0x30a8, 0x30c8, 0x2887,
0x2887, 0x2887, 0x2887, 0x2887, 0x2887, 0x2887, 0x3087, 0x2887, 0x30a7, 0x2887,
0x2887, 0x3087, 0x2887, 0x2887, 0x2887, 0x2887, 0x2887, 0x3087, 0x2887, 0x2887,
0x2887, 0x2887, 0x2887, 0x2887, 0x2887, 0x3087, 0x2887, 0x38c8, 0x30a8, 0x3087,
0x3088, 0x3087, 0x3087, 0x3087, 0x2887, 0x3087, 0x2047, 0x828c, 0xccd2, 0xccf2,
0xd533, 0xd534, 0xd534, 0xd533, 0xcd13, 0xc4f2, 0xbcb2, 0xac51, 0x4129, 0x2887,
0x28e8, 0x2129, 0x5a0b, 0x8b0e, 0xc4b4, 0x9390, 0x82ed, 0xac11, 0x7acd, 0x3988,
0x3167, 0x3168, 0x49ea, 0x6acd, 0x6a8c, 0x7aed, 0xe5d7, 0xddb6, 0xddd7, 0xddf7,
0xddf7, 0xddf7, 0xddf7, 0xddf7, 0xddf7, 0xddd7, 0xe618, 0xb493, 0x626c, 0x93d1,
0xa412, 0x9bd1, 0x72cd, 0x72ac, 0x9390, 0x72ed, 0xb453, 0x520a, 0x8b4e, 0x5a0a,
0x6a8b, 0x830d, 0x9bd1, 0x8b71, 0x396a, 0x2866, 0x49aa, 0x834e, 0xbc71, 0xc4d2,
0xd533, 0xdd54, 0xdd54, 0xdd54, 0xd533, 0xccd2, 0xbc71, 0x6a4c, 0x2046, 0x30a7,
0x3087, 0x3087, 0x3087, 0x2887, 0x30a8, 0x3087, 0x2887, 0x2887, 0x2887, 0x2887,
0x30a8, 0x3087, 0x2887, 0x3087, 0x3088, 0x30a8, 0x2887, 0x3087, 0x30a7, 0x3087,
0x3087, 0x2887, 0x2887, 0x3087, 0x3087, 0x3087, 0x3087, 0x2887, 0x2887, 0x2887,
0x2887, 0x3087, 0x2887, 0x2887, 0x2887, 0x2887, 0x3087, 0x2887, 0x30a8, 0x3087,
0x2887, 0x2887, 0x2887, 0x2887, 0x30a8, 0x3087, 0x2887, 0x3087, 0x3087, 0x30a8,
0x2887, 0x3087, 0x3087, 0x30a7, 0x3087, 0x3087, 
0x2887, 0x3087, 0x2887, 0x2887, 0x2887, 0x2887, 0x2887, 0x2887, 0x2887, 0x2887,
0x2887, 0x2887, 0x2887, 0x2887, 0x2887, 0x2887, 0x2887, 0x2887, 0x2887, 0x2887,
0x2887, 0x2887, 0x30a8, 0x3087, 0x2887, 0x2887, 0x2887, 0x2887, 0x2887, 0x2887,
0x2887, 0x2887, 0x2887, 0x3087, 0x3087, 0x3087, 0x3087, 0x2887, 0x3087, 0x3087,
0x3087, 0x3088, 0x30a8, 0x3087, 0x3087, 0x30a7, 0x2867, 0x7a6c, 0xccb1, 0xccf2,
0xd533, 0xd534, 0xd534, 0xd533, 0xcd13, 0xc4f2, 0xc4b2, 0xb472, 0x51aa, 0x2066,
0x294a, 0x216a, 0x628d, 0x72ac, 0x7acd, 0xb473, 0x2906, 0x72ac, 0x624a, 0x72ed,
0xa432, 0x41a8, 0x520a, 0xb473, 0xb473, 0xa3f1, 0x9bf0, 0xe617, 0xddb6, 0xddd7,
0xddd7, 0xddf7, 0xddf7, 0xddd7, 0xddd7, 0xddb6, 0xddd7, 0xbcb3, 0xbc95, 0x72cd,
0x41a9, 0xd556, 0xdd77, 0xbc73, 0xc4b4, 0x624b, 0x9bb0, 0x832e, 0xabf1, 0x936e,
0x830d, 0x626b, 0x93b0, 0x6acd, 0x3989, 0x2887, 0x5a4c, 0x730e, 0xac51, 0xd533,
0xd533, 0xdd54, 0xdd74, 0xdd54, 0xd533, 0xc491, 0xbc50, 0x59cb, 0x2867, 0x30a7,
0x30a8, 0x30a8, 0x3087, 0x2887, 0x2887, 0x3087, 0x2887, 0x3087, 0x30a8, 0x2887,
0x3087, 0x2887, 0x2887, 0x2887, 0x2887, 0x3087, 0x2887, 0x30a8, 0x30a8, 0x30a8,
0x3087, 0x2887, 0x2887, 0x2887, 0x2887, 0x2887, 0x3087, 0x2887, 0x2887, 0x3087,
0x2887, 0x3087, 0x2887, 0x2887, 0x30a7, 0x30a8, 0x2887, 0x2887, 0x2887, 0x3087,
0x2887, 0x2887, 0x3087, 0x2887, 0x2887, 0x2887, 0x2887, 0x2887, 0x2887, 0x3087,
0x2887, 0x3087, 0x30a8, 0x30c8, 0x3087, 0x3087, 
0x3087, 0x3087, 0x3087, 0x30a8, 0x2887, 0x2887, 0x2887, 0x2887, 0x2887, 0x2887,
0x2887, 0x3087, 0x2887, 0x2887, 0x2887, 0x2887, 0x2887, 0x2887, 0x2887, 0x2887,
0x2887, 0x2887, 0x2887, 0x2887, 0x2887, 0x2887, 0x2887, 0x2887, 0x2887, 0x2887,
0x2887, 0x2887, 0x30a8, 0x2867, 0x3087, 0x3087, 0x2887, 0x3087, 0x30a7, 0x3087,
0x2887, 0x2887, 0x30a8, 0x30c8, 0x2887, 0x30a7, 0x2867, 0x722b, 0xc491, 0xccd2,
0xd513, 0xd534, 0xd534, 0xd533, 0xccf3, 0xc4f3, 0xbcb2, 0xbc92, 0x622b, 0x2087,
0x298b, 0x320d, 0x420c, 0x72cd, 0x51c9, 0x8b2e, 0xb453, 0x9bd1, 0x3988, 0x830d,
0x520a, 0x9390, 0x626b, 0x20e6, 0x10a4, 0x41a9, 0x5a6b, 0xddd7, 0xd5b6, 0xddb6,
0xddd6, 0xddd7, 0xddd7, 0xddd6, 0xddd6, 0xddb6, 0xd596, 0xccf5, 0x9bb1, 0xd536,
0xac32, 0x9390, 0x72ed, 0x5a2b, 0xc4b4, 0x9bb0, 0x8b2e, 0x8b4e, 0x3946, 0x7aed,
0x7aed, 0x6aed, 0x4187, 0x72ee, 0x39aa, 0x4169, 0x8b6f, 0x9c11, 0xc4b2, 0xd513,
0xd554, 0xd554, 0xdd74, 0xd554, 0xd513, 0xbc70, 0xb430, 0x4129, 0x2867, 0x3087,
0x3087, 0x3087, 0x3087, 0x3087, 0x3087, 0x2887, 0x2887, 0x2887, 0x30a8, 0x2887,
0x2887, 0x2887, 0x3087, 0x2887, 0x3087, 0x30c8, 0x2887, 0x3087, 0x2887, 0x2887,
0x2887, 0x2887, 0x2887, 0x2887, 0x3087, 0x2887, 0x3087, 0x3087, 0x30a7, 0x2887,
0x2887, 0x2887, 0x2887, 0x2887, 0x2887, 0x3087, 0x2887, 0x2887, 0x2887, 0x2887,
0x2887, 0x2887, 0x30a8, 0x3087, 0x2887, 0x2887, 0x2887, 0x2887, 0x2887, 0x30a8,
0x3087, 0x2887, 0x2887, 0x2887, 0x2887, 0x2887, 
0x2887, 0x2887, 0x30a8, 0x30a8, 0x2887, 0x2887, 0x2887, 0x2887, 0x2887, 0x2887,
0x30c8, 0x30a8, 0x3087, 0x3087, 0x2887, 0x2887, 0x3087, 0x2887, 0x2887, 0x2887,
0x2887, 0x2887, 0x3087, 0x2887, 0x2887, 0x2887, 0x2887, 0x2887, 0x2887, 0x30a8,
0x2887, 0x2887, 0x2887, 0x30a8, 0x2887, 0x2887, 0x30a8, 0x30a7, 0x2887, 0x3087,
0x30a8, 0x3087, 0x3087, 0x2887, 0x3087, 0x30a7, 0x2867, 0x6a0b, 0xc470, 0xccd2,
0xd513, 0xd534, 0xd534, 0xd533, 0xcd13, 0xccf2, 0xc4d2, 0xb471, 0x72ad, 0x20e9,
0x218c, 0x320d, 0x29ab, 0x62ad, 0x6aad, 0x726c, 0xb432, 0x628c, 0x2947, 0x2926,
0x3988, 0x7b0d, 0x41a8, 0x3988, 0x39a9, 0x2968, 0x41c9, 0xb493, 0xddb7, 0xd596,
0xddb6, 0xddb6, 0xddd7, 0xddb6, 0xd5b6, 0xd596, 0xdd96, 0x626c, 0x3988, 0xa3f1,
0xbc94, 0x20e6, 0xa432, 0x6aad, 0x834f, 0x8b4e, 0x5a2a, 0x626b, 0x6a8b, 0xac32,
0x5a6b, 0x3188, 0x3967, 0x524c, 0x31ab, 0x72cc, 0xb472, 0xbcb2, 0xccf2, 0xd533,
0xd554, 0xd574, 0xd574, 0xd554, 0xccf2, 0xbc70, 0xa3af, 0x3087, 0x3087, 0x30a8,
0x3087, 0x2887, 0x3087, 0x30a7, 0x30a7, 0x30a7, 0x3087, 0x30a7, 0x3087, 0x2887,
0x3087, 0x30a8, 0x2887, 0x3087, 0x3087, 0x2887, 0x30a8, 0x3087, 0x30a8, 0x3087,
0x3087, 0x2887, 0x2887, 0x2887, 0x2887, 0x2887, 0x38c8, 0x30a8, 0x3087, 0x3087,
0x30a8, 0x2887, 0x3087, 0x30a7, 0x3087, 0x2887, 0x2887, 0x3087, 0x3087, 0x3087,
0x3087, 0x3087, 0x3087, 0x2887, 0x2887, 0x30a8, 0x3087, 0x2887, 0x2887, 0x3087,
0x3087, 0x30a8, 0x3087, 0x30a8, 0x3087, 0x2887, 
0x2887, 0x2887, 0x2887, 0x3087, 0x3087, 0x2887, 0x2887, 0x2887, 0x2887, 0x2887,
0x3087, 0x30a7, 0x2887, 0x2887, 0x2887, 0x2887, 0x2887, 0x2887, 0x2887, 0x2887,
0x2887, 0x2887, 0x2887, 0x2887, 0x2887, 0x2887, 0x2887, 0x2887, 0x2887, 0x30a8,
0x3087, 0x2887, 0x2887, 0x3087, 0x3087, 0x3087, 0x2887, 0x30a8, 0x3087, 0x3087,
0x3087, 0x3087, 0x3087, 0x3087, 0x3087, 0x3087, 0x2867, 0x6a0a, 0xbc50, 0xccd2,
0xd513, 0xd533, 0xd534, 0xd533, 0xd513, 0xccf2, 0xc4b2, 0xac72, 0x834f, 0x210a,
0x216b, 0x31ed, 0x29ac, 0x4a0c, 0x9bd1, 0xb474, 0x51ea, 0x7b0e, 0x72ed, 0x93b1,
0x522b, 0x49e9, 0x6aac, 0x72ed, 0x628c, 0x3188, 0x39a9, 0x626b, 0xdd97, 0xd575,
0xd576, 0xd596, 0xd596, 0xd596, 0xd575, 0xdd96, 0xc515, 0x41ca, 0x6aad, 0x5a2b,
0xac12, 0x522a, 0x5a4b, 0x3147, 0x6aac, 0x8b4f, 0x832e, 0x6a6b, 0x830e, 0x20e6,
0x628c, 0x72cd, 0x5a2a, 0x424d, 0x31ab, 0x8b4e, 0x834e, 0xa431, 0xcd13, 0xbcb2,
0xd554, 0xd574, 0xd554, 0xd533, 0xc491, 0xbc71, 0x82cd, 0x2047, 0x3087, 0x2887,
0x3087, 0x30a8, 0x3087, 0x2887, 0x3087, 0x3087, 0x30a7, 0x2887, 0x3087, 0x3087,
0x2887, 0x3087, 0x3087, 0x2887, 0x3087, 0x2887, 0x2887, 0x2887, 0x3087, 0x2887,
0x3087, 0x2887, 0x2887, 0x2887, 0x2887, 0x3087, 0x3087, 0x2887, 0x2887, 0x3087,
0x3087, 0x2887, 0x2887, 0x2887, 0x2887, 0x30a8, 0x3087, 0x2887, 0x2887, 0x3087,
0x30a7, 0x2887, 0x2887, 0x30a8, 0x2887, 0x3087, 0x3087, 0x2887, 0x2887, 0x2887,
0x2887, 0x2887, 0x3087, 0x2887, 0x2887, 0x2887, 
0x2887, 0x30a8, 0x2887, 0x2887, 0x30a8, 0x2887, 0x2887, 0x2887, 0x2887, 0x2887,
0x2887, 0x2887, 0x2887, 0x3087, 0x2887, 0x2887, 0x30c8, 0x2887, 0x3087, 0x30c8,
0x2887, 0x2887, 0x2887, 0x2887, 0x2887, 0x2887, 0x2887, 0x2887, 0x2887, 0x2887,
0x2887, 0x2887, 0x2887, 0x2867, 0x3087, 0x3087, 0x2887, 0x3087, 0x3087, 0x3087,
0x3087, 0x3087, 0x3087, 0x3087, 0x3087, 0x30a8, 0x30a8, 0x6a0a, 0xbc2f, 0xc4b1,
0xd4f3, 0xd533, 0xd534, 0xd533, 0xd513, 0xccf3, 0xc4d2, 0x9411, 0x7b6f, 0x214a,
0x192b, 0x218c, 0x29ac, 0x4a4e, 0x7b2f, 0x93d1, 0x18c5, 0x520a, 0x9bb1, 0x624b,
0x624b, 0x8b70, 0xc4b5, 0xac53, 0x49ea, 0x3988, 0x9bd1, 0x2906, 0xbcb4, 0xdd76,
0xd555, 0xd575, 0xd575, 0xd555, 0xcd35, 0xd576, 0x628c, 0x3169, 0x8370, 0x49ca,
0x3947, 0x9390, 0x7b0e, 0x9bb0, 0xa3f1, 0x6aac, 0xa412, 0x8b6f, 0xa3f2, 0x832f,
0x9bb0, 0xac32, 0x41c9, 0x4a8f, 0x41ca, 0x8b4e, 0x8b8f, 0xb4b2, 0xb4b2, 0xc4f3,
0xd554, 0xd554, 0xd533, 0xccf3, 0xbc71, 0xbc50, 0x61ca, 0x2047, 0x3087, 0x2887,
0x2887, 0x30a8, 0x2887, 0x2887, 0x2887, 0x2887, 0x30a8, 0x3087, 0x2887, 0x3087,
0x3087, 0x2887, 0x2887, 0x2887, 0x2887, 0x2887, 0x2887, 0x2887, 0x2887, 0x30c8,
0x2887, 0x2887, 0x3087, 0x30a8, 0x2887, 0x2887, 0x2887, 0x2887, 0x3087, 0x3087,
0x2887, 0x2887, 0x2887, 0x2887, 0x2887, 0x30a8, 0x3087, 0x2887, 0x2887, 0x2887,
0x30a7, 0x30a8, 0x2887, 0x30a7, 0x2887, 0x2887, 0x2887, 0x2887, 0x2887, 0x2887,
0x2887, 0x2887, 0x2887, 0x30a8, 0x3087, 0x2887, 
0x2887, 0x2887, 0x2887, 0x3087, 0x2887, 0x2887, 0x2887, 0x2887, 0x3087, 0x2887,
0x2887, 0x30a8, 0x2887, 0x2887, 0x3087, 0x2887, 0x30a8, 0x2887, 0x2887, 0x30a8,
0x3087, 0x2887, 0x2887, 0x2887, 0x2887, 0x3087, 0x3087, 0x2887, 0x2887, 0x3087,
0x2887, 0x2887, 0x2887, 0x2887, 0x3087, 0x3087, 0x3087, 0x3087, 0x3087, 0x3087,
0x3087, 0x3087, 0x2887, 0x3087, 0x3087, 0x30a7, 0x2867, 0x61ca, 0xb3ef, 0xc491,
0xccf2, 0xd533, 0xd534, 0xd533, 0xd513, 0xcd13, 0xc4f3, 0x9452, 0x630f, 0x214a,
0x194b, 0x216c, 0x29cd, 0x3a4e, 0x7350, 0x8b70, 0x3147, 0x8b90, 0x8350, 0x522b,
0x5a2b, 0x4188, 0x7b0e, 0x7b0f, 0x7b2f, 0x9370, 0xa3d1, 0xa412, 0xbc73, 0xc4b4,
0xc4d4, 0xcd14, 0xd555, 0xdd75, 0xdd96, 0xb472, 0x72ce, 0x5a4c, 0xb474, 0xa412,
0x8b4f, 0xb453, 0x9390, 0x3147, 0x72ed, 0x3168, 0x9bf2, 0x9bf2, 0x3988, 0x6aad,
0x5a2b, 0x520a, 0x4a4c, 0x424e, 0x6a6c, 0x9bd0, 0x836f, 0xac92, 0xb4b2, 0xd554,
0xd554, 0xd554, 0xcd13, 0xccd2, 0xbc71, 0xabcf, 0x38c8, 0x2867, 0x3087, 0x30a8,
0x3087, 0x2887, 0x3087, 0x3087, 0x2887, 0x2887, 0x3087, 0x30a8, 0x2887, 0x30a8,
0x30a8, 0x3087, 0x30a8, 0x2887, 0x3087, 0x2887, 0x2887, 0x3087, 0x2887, 0x30a8,
0x3087, 0x2887, 0x30a8, 0x2887, 0x30a8, 0x30a8, 0x2887, 0x3087, 0x2887, 0x2887,
0x2887, 0x2887, 0x2887, 0x3087, 0x2887, 0x2887, 0x2887, 0x2887, 0x2887, 0x2887,
0x2887, 0x30a8, 0x2887, 0x2887, 0x30a8, 0x2887, 0x30a8, 0x3087, 0x30a7, 0x3087,
0x2887, 0x3087, 0x2887, 0x30a8, 0x3087, 0x2887, 
0x3087, 0x3087, 0x2887, 0x2887, 0x2887, 0x2887, 0x2887, 0x2887, 0x3087, 0x3087,
0x2887, 0x3087, 0x3087, 0x2887, 0x2887, 0x2887, 0x2887, 0x2887, 0x2887, 0x2887,
0x2887, 0x2887, 0x2887, 0x30a8, 0x2887, 0x30a8, 0x38c8, 0x2887, 0x2887, 0x2887,
0x2887, 0x2887, 0x3087, 0x30a8, 0x3087, 0x3087, 0x2887, 0x2887, 0x3087, 0x3087,
0x30a8, 0x30a8, 0x30a8, 0x3087, 0x3087, 0x3087, 0x2867, 0x61ca, 0xb3ef, 0xc491,
0xccf2, 0xd513, 0xd534, 0xd534, 0xd513, 0xcd13, 0xa452, 0x7391, 0x52ce, 0x218b,
0x196c, 0x216c, 0x29ad, 0x320e, 0x6351, 0x72ee, 0x20c5, 0x6a8c, 0x93b1, 0x39aa,
0x7b50, 0xac53, 0x7b2f, 0x1084, 0x10a5, 0x9391, 0x522b, 0xa3f2, 0xccb5, 0x9bb1,
0xa3f2, 0xd557, 0xd557, 0xa432, 0xac73, 0xcd16, 0xa433, 0xac33, 0xac33, 0xcd17,
0xac33, 0x6a8d, 0x8bb1, 0x7b4f, 0xcd57, 0x4a0a, 0x72ce, 0x9390, 0x41a9, 0x520a,
0x6a8c, 0x49ea, 0x426e, 0x39ab, 0x832e, 0x93d0, 0x83b0, 0x6b4f, 0xac72, 0xd554,
0xd554, 0xd533, 0xcd13, 0xc4b2, 0xbc71, 0x82cd, 0x2867, 0x3087, 0x30a8, 0x30a8,
0x3087, 0x2887, 0x3087, 0x3087, 0x2887, 0x2887, 0x3087, 0x2887, 0x2887, 0x3087,
0x3087, 0x3087, 0x2887, 0x30a7, 0x30a8, 0x2887, 0x3087, 0x3087, 0x2887, 0x2887,
0x3087, 0x2887, 0x2887, 0x2887, 0x2887, 0x3087, 0x30c8, 0x30a8, 0x2887, 0x2887,
0x3087, 0x2887, 0x30a8, 0x30a8, 0x3087, 0x2887, 0x3087, 0x3087, 0x2887, 0x2887,
0x3087, 0x2887, 0x2887, 0x2887, 0x3087, 0x3087, 0x3087, 0x2867, 0x30a8, 0x3087,
0x2887, 0x3087, 0x2887, 0x2887, 0x2887, 0x2887, 
0x3087, 0x3087, 0x2887, 0x2887, 0x2887, 0x2887, 0x2887, 0x2887, 0x30a8, 0x3087,
0x2887, 0x2887, 0x2887, 0x2887, 0x2887, 0x3087, 0x2887, 0x2887, 0x30a7, 0x30a8,
0x2887, 0x2887, 0x2887, 0x2887, 0x2887, 0x2887, 0x3087, 0x2887, 0x2887, 0x2887,
0x3087, 0x3087, 0x30c8, 0x2887, 0x2887, 0x2887, 0x3087, 0x3087, 0x3087, 0x3087,
0x3087, 0x3087, 0x30a8, 0x3087, 0x30a8, 0x30a8, 0x2867, 0x59a9, 0xabae, 0xc471,
0xccd2, 0xd513, 0xd534, 0xd534, 0xd513, 0xd513, 0xbcb2, 0x7390, 0x5ace, 0x320e,
0x2a0f, 0x196c, 0x218c, 0x29cd, 0x424e, 0x630f, 0x7b0e, 0x7b0d, 0x7b2f, 0x8350,
0x628d, 0x4a2c, 0x5a8e, 0x6ace, 0x5a6c, 0xa433, 0x72ef, 0x6aae, 0x9bf3, 0x8350,
0x3169, 0x72ef, 0x9bf2, 0x18e7, 0x3169, 0x9bd2, 0xb474, 0xbc95, 0xb434, 0xd517,
0xccf6, 0xbcd6, 0xd578, 0x8370, 0x8b70, 0x8b4f, 0x9bb1, 0xb433, 0x9390, 0x9bb0,
0x8b4e, 0x4a4d, 0x424e, 0x3969, 0x9bcf, 0xbcd2, 0x9411, 0x9411, 0xa451, 0xdd74,
0xd554, 0xcd13, 0xccf2, 0xc491, 0xbc50, 0x59aa, 0x2867, 0x30a7, 0x2887, 0x2887,
0x3087, 0x3087, 0x2887, 0x3087, 0x3087, 0x2887, 0x3087, 0x3087, 0x2887, 0x2887,
0x2887, 0x30a8, 0x2887, 0x3087, 0x30a7, 0x2887, 0x2887, 0x3087, 0x3087, 0x2867,
0x38c9, 0x30a8, 0x2887, 0x2887, 0x3087, 0x2887, 0x2887, 0x2887, 0x2887, 0x3087,
0x3087, 0x3087, 0x2887, 0x2887, 0x2887, 0x2887, 0x2887, 0x3087, 0x3087, 0x3087,
0x2887, 0x3087, 0x2887, 0x2887, 0x2887, 0x30a8, 0x2867, 0x3909, 0x498b, 0x2867,
0x3087, 0x2887, 0x3087, 0x2887, 0x30a8, 0x38c8, 
0x2887, 0x2887, 0x2887, 0x2887, 0x2887, 0x2887, 0x2887, 0x2887, 0x2887, 0x2887,
0x2887, 0x2887, 0x2887, 0x2887, 0x2887, 0x30a8, 0x3087, 0x2887, 0x3087, 0x3087,
0x3087, 0x2887, 0x30a8, 0x2887, 0x3087, 0x3087, 0x2887, 0x2887, 0x30a8, 0x2887,
0x30a8, 0x3087, 0x2887, 0x2887, 0x2887, 0x3087, 0x30a8, 0x3087, 0x3087, 0x3087,
0x3087, 0x3087, 0x2887, 0x3087, 0x30a8, 0x3087, 0x2867, 0x5189, 0xa38e, 0xc451,
0xccd2, 0xcd13, 0xd533, 0xd534, 0xd513, 0xcd13, 0xc4d2, 0x7b70, 0x630f, 0x424e,
0x3a91, 0x21ad, 0x194b, 0x21cd, 0x29ed, 0x6b72, 0x8370, 0xac32, 0x5a2b, 0x6aad,
0x834f, 0x3988, 0x0044, 0x93d2, 0xddb9, 0x6aef, 0x10a7, 0x7b30, 0x730f, 0x9c13,
0xac75, 0x8350, 0xbcb6, 0xac95, 0x93d2, 0x7b0f, 0x5a4c, 0x7b0f, 0x9391, 0xc4d6,
0xb454, 0x7b0f, 0x8370, 0x2906, 0x8b90, 0x834f, 0x9bb1, 0x3967, 0xa3d1, 0xc4b4,
0x5a6c, 0x3a4e, 0x31cc, 0x5a4b, 0x836e, 0xac51, 0xac72, 0xc534, 0xcd54, 0xc4f3,
0xb4b2, 0xcd13, 0xccd2, 0xc491, 0xa3af, 0x38e8, 0x2867, 0x30a8, 0x3087, 0x3087,
0x2887, 0x2887, 0x2887, 0x30a7, 0x2887, 0x30a8, 0x3087, 0x2887, 0x3087, 0x3087,
0x2887, 0x2887, 0x2887, 0x3087, 0x30a8, 0x3087, 0x2887, 0x2887, 0x30a7, 0x3087,
0x3087, 0x3087, 0x2887, 0x30a7, 0x3087, 0x3087, 0x2887, 0x2887, 0x2887, 0x30a8,
0x2887, 0x3087, 0x3087, 0x3087, 0x2887, 0x2887, 0x2887, 0x30a7, 0x2887, 0x3087,
0x3087, 0x2887, 0x2887, 0x2887, 0x3087, 0x3087, 0x2006, 0x6a8e, 0x8bd2, 0x2847,
0x2887, 0x3087, 0x3087, 0x30a8, 0x2887, 0x3087, 
0x2887, 0x2887, 0x2887, 0x2887, 0x3087, 0x30c8, 0x30a8, 0x3087, 0x3087, 0x2887,
0x2887, 0x3087, 0x2887, 0x3087, 0x3087, 0x30a8, 0x3087, 0x2887, 0x2887, 0x2887,
0x2887, 0x2887, 0x30a7, 0x2887, 0x2887, 0x2887, 0x2887, 0x2887, 0x3087, 0x2887,
0x30c8, 0x3087, 0x2887, 0x2887, 0x2887, 0x2887, 0x2887, 0x3087, 0x3087, 0x2887,
0x30a8, 0x30a8, 0x2887, 0x3087, 0x3087, 0x3087, 0x2867, 0x4949, 0xa36e, 0xbc30,
0xc4d2, 0xcd13, 0xcd33, 0xcd33, 0xcd33, 0xcd33, 0xbcb2, 0x7b90, 0x5acf, 0x320d,
0x42d1, 0x2a0e, 0x29cd, 0x198d, 0x320e, 0x426f, 0x52ae, 0x5a6b, 0x6aad, 0x6aac,
0x7b0e, 0x41a9, 0x49ea, 0x626c, 0xbcb5, 0x8b91, 0x5a4c, 0xb495, 0x6aae, 0x41cb,
0x9bf3, 0x8bb2, 0xa434, 0xc4f6, 0x9bd2, 0xa413, 0xac54, 0x93b1, 0x9bf2, 0x9bf2,
0x628d, 0xb494, 0xac73, 0x72ee, 0xcd16, 0xb453, 0xac12, 0x3127, 0x6aac, 0x3968,
0x5af0, 0x4290, 0x298a, 0x834e, 0xa431, 0xa431, 0xa452, 0xbcf3, 0xdd95, 0xc4f3,
0xbcd3, 0xc4f3, 0xbc71, 0xbc71, 0x726c, 0x2867, 0x30a7, 0x3087, 0x3087, 0x3087,
0x3087, 0x3087, 0x2887, 0x2887, 0x30a8, 0x3087, 0x2887, 0x2887, 0x2887, 0x2887,
0x2887, 0x3087, 0x2887, 0x3087, 0x2887, 0x2887, 0x3087, 0x2887, 0x3087, 0x30a7,
0x2887, 0x2887, 0x30a8, 0x3087, 0x3087, 0x2887, 0x3087, 0x30a7, 0x2887, 0x30a8,
0x2887, 0x3087, 0x2887, 0x3087, 0x2887, 0x3087, 0x2887, 0x2887, 0x30a7, 0x3087,
0x2887, 0x2887, 0x2887, 0x2887, 0x2887, 0x2046, 0x51cb, 0x9453, 0x9c74, 0x6aae,
0x2867, 0x2867, 0x2887, 0x30a7, 0x2887, 0x2887, 
0x3087, 0x2887, 0x2887, 0x2887, 0x2887, 0x3087, 0x3087, 0x2887, 0x3087, 0x2887,
0x2887, 0x2867, 0x30a8, 0x30a8, 0x2887, 0x3087, 0x2887, 0x2887, 0x2887, 0x2887,
0x2887, 0x2887, 0x2887, 0x2887, 0x3087, 0x2887, 0x2887, 0x3087, 0x2887, 0x2887,
0x2887, 0x3087, 0x3087, 0x2887, 0x3087, 0x3087, 0x3087, 0x3087, 0x3087, 0x3087,
0x3087, 0x30a7, 0x3087, 0x3087, 0x3087, 0x3087, 0x2867, 0x4108, 0x9b4d, 0xb410,
0xc4b2, 0xccf3, 0xcd33, 0xcd33, 0xcd33, 0xcd13, 0xcd13, 0xbcd3, 0x7b70, 0x29cc,
0x4b12, 0x3270, 0x322f, 0x29ee, 0x320e, 0x320e, 0x5311, 0x52ad, 0x72ee, 0x7b0e,
0x62ac, 0x730e, 0x834f, 0x93d1, 0x93b1, 0x9370, 0x72ee, 0x9391, 0xd578, 0x4a0b,
0x2949, 0x6aef, 0x5a6d, 0x3169, 0x49eb, 0x7b0f, 0x8371, 0x41cb, 0x8bb1, 0xac94,
0x6aad, 0x72ce, 0x626c, 0xbcb5, 0x834f, 0x5a4b, 0x72ad, 0x7aee, 0x7b0e, 0x29ab,
0x4ad0, 0x2a0e, 0x522c, 0xa410, 0xac51, 0xac72, 0x9411, 0x9432, 0xac92, 0xcd54,
0xd534, 0xac51, 0xa410, 0xb430, 0x4949, 0x2867, 0x30a8, 0x30c8, 0x3087, 0x3087,
0x2887, 0x3087, 0x3087, 0x2887, 0x3087, 0x3087, 0x2887, 0x3087, 0x2887, 0x2887,
0x2887, 0x2887, 0x2887, 0x2867, 0x4129, 0x30c8, 0x2887, 0x2887, 0x2887, 0x2887,
0x2887, 0x30c8, 0x30a8, 0x2887, 0x2887, 0x2887, 0x30c8, 0x3087, 0x3087, 0x2887,
0x2887, 0x30c8, 0x3087, 0x2887, 0x2887, 0x2887, 0x2887, 0x2887, 0x3087, 0x3087,
0x2887, 0x3087, 0x2887, 0x2867, 0x38e8, 0x7b30, 0x9c94, 0x9433, 0x9c54, 0xa4b5,
0x8bd2, 0x496a, 0x2867, 0x2887, 0x2887, 0x2887, 
0x3087, 0x3087, 0x2887, 0x2887, 0x2887, 0x2887, 0x3087, 0x3087, 0x3087, 0x2887,
0x2887, 0x2887, 0x2887, 0x3087, 0x2887, 0x2887, 0x2887, 0x2887, 0x2887, 0x2887,
0x2887, 0x2887, 0x2887, 0x2887, 0x2887, 0x3087, 0x2887, 0x2887, 0x3087, 0x2887,
0x2887, 0x2887, 0x3087, 0x2887, 0x3087, 0x3087, 0x3087, 0x3087, 0x3087, 0x3087,
0x3087, 0x2887, 0x3087, 0x3087, 0x30a8, 0x30a7, 0x2867, 0x38c8, 0x930d, 0xb40f,
0xc492, 0xc4f3, 0xcd33, 0xcd34, 0xcd33, 0xcd13, 0xccf3, 0xc4f3, 0xac52, 0x420c,
0x42b0, 0x4312, 0x2a2f, 0x3a70, 0x21ad, 0x320e, 0x3a6f, 0x5b11, 0x62ad, 0x4a0a,
0x6acd, 0x730e, 0x6acd, 0x41ca, 0x72ce, 0x2948, 0x41ca, 0x41ea, 0x6aae, 0x62ae,
0x7b70, 0x7b50, 0x7b50, 0xdd98, 0x8b70, 0x8330, 0x8b91, 0x524c, 0x72ee, 0xbc95,
0xb474, 0xd538, 0x524b, 0x93f2, 0x41c9, 0x8370, 0x62ad, 0x628c, 0x6b31, 0x424e,
0x3a6f, 0x194b, 0x730d, 0xa431, 0xb492, 0xbcd3, 0xa472, 0x9c52, 0x9c72, 0x83d0,
0xb4b2, 0xac31, 0xb471, 0x934e, 0x2887, 0x3087, 0x2887, 0x2887, 0x3087, 0x2887,
0x30a8, 0x3087, 0x2887, 0x2887, 0x3087, 0x2887, 0x2887, 0x3087, 0x2887, 0x30a7,
0x3087, 0x3087, 0x2887, 0x2026, 0x7b50, 0x5a2c, 0x2006, 0x2887, 0x30a8, 0x3087,
0x3087, 0x3087, 0x3087, 0x2887, 0x2887, 0x2887, 0x2887, 0x2887, 0x3087, 0x2887,
0x2887, 0x2887, 0x2887, 0x2887, 0x30a8, 0x3087, 0x2887, 0x2887, 0x3087, 0x2887,
0x2887, 0x3087, 0x2887, 0x3087, 0x30a8, 0x496a, 0x8391, 0x9433, 0xad16, 0xb557,
0x51cb, 0x30a7, 0x30a8, 0x30a7, 0x3087, 0x2887, 
0x30a8, 0x30a8, 0x2887, 0x3087, 0x2887, 0x2887, 0x3087, 0x3087, 0x2887, 0x2887,
0x2887, 0x2887, 0x3087, 0x2887, 0x2887, 0x2887, 0x3087, 0x2887, 0x2887, 0x3087,
0x3087, 0x3087, 0x2887, 0x3087, 0x2867, 0x38e8, 0x30a7, 0x2887, 0x3087, 0x2887,
0x2887, 0x2887, 0x3087, 0x3087, 0x2887, 0x3087, 0x3087, 0x3087, 0x3087, 0x3087,
0x3087, 0x30a8, 0x3087, 0x3087, 0x3087, 0x3087, 0x3087, 0x3087, 0x82cc, 0xb3ef,
0xbc51, 0xc4b2, 0xcd13, 0xcd34, 0xcd34, 0xcd33, 0xc4f3, 0xbcb2, 0xbcb2, 0x7b2f,
0x2a0e, 0x42f2, 0x2a0f, 0x29ee, 0x218c, 0x21cd, 0x3a70, 0x4290, 0x6b92, 0x4a0b,
0x72cd, 0xb474, 0xbc95, 0x7b0f, 0x730f, 0x3188, 0x2948, 0x4a0b, 0x93f3, 0x5a6d,
0x3969, 0xb496, 0x49eb, 0xbcd6, 0xac74, 0x6ace, 0x8b71, 0x49ca, 0xc4d6, 0x41c9,
0x2907, 0x8370, 0x628d, 0x2927, 0x93b1, 0xc516, 0x41a8, 0x296a, 0x4a90, 0x426f,
0x21ad, 0x2949, 0x834e, 0x9bf0, 0xa451, 0xc514, 0xbcf3, 0xacb3, 0xbd14, 0xb4b2,
0xb492, 0xc4b2, 0xbc71, 0x620b, 0x2046, 0x30a7, 0x30a8, 0x2887, 0x3087, 0x3087,
0x30a7, 0x2887, 0x3087, 0x3087, 0x30a8, 0x3087, 0x2887, 0x3087, 0x3087, 0x30a8,
0x2887, 0x2887, 0x3909, 0x6ace, 0x9433, 0x8bd2, 0x5a2c, 0x30c8, 0x3087, 0x30a8,
0x30a7, 0x2887, 0x2887, 0x2887, 0x3087, 0x2887, 0x2887, 0x2887, 0x2887, 0x2887,
0x30a8, 0x2887, 0x2887, 0x2887, 0x30a8, 0x2887, 0x2887, 0x3087, 0x30a8, 0x3087,
0x2887, 0x2887, 0x3087, 0x30a8, 0x3087, 0x2026, 0x30c8, 0x9c94, 0xc5f9, 0x9c54,
0x626d, 0x38e8, 0x3087, 0x30a7, 0x30a7, 0x2887, 
0x2887, 0x2887, 0x3087, 0x3087, 0x2887, 0x3087, 0x30a8, 0x3087, 0x3087, 0x2887,
0x2887, 0x2887, 0x3087, 0x2887, 0x2887, 0x2887, 0x2887, 0x2887, 0x2887, 0x2887,
0x2887, 0x3087, 0x2887, 0x2887, 0x2887, 0x2887, 0x2887, 0x3087, 0x30c8, 0x3087,
0x3087, 0x2887, 0x2887, 0x2887, 0x30a7, 0x3087, 0x30a8, 0x30a8, 0x3087, 0x3087,
0x2887, 0x30a8, 0x30a8, 0x3087, 0x3087, 0x3087, 0x3087, 0x2867, 0x726b, 0xabcf,
0xb430, 0xc4b2, 0xb472, 0xcd13, 0xcd14, 0xcd13, 0xccf3, 0xc4d3, 0xbcb2, 0x8b8f,
0x21ad, 0x3a70, 0x3270, 0x21ad, 0x218d, 0x196c, 0x322f, 0x21ad, 0x3a0e, 0x6b71,
0xac53, 0x49ea, 0x93b1, 0x93b1, 0x9c12, 0xbcf6, 0xbcf6, 0xcd78, 0x62ae, 0x8bb2,
0x8b91, 0x7b2f, 0x3168, 0x8bb1, 0x7b2f, 0xc516, 0x9bf2, 0x626c, 0x8b70, 0x2948,
0x2927, 0x4a0b, 0x72ee, 0x7b2f, 0xbcb5, 0x6aad, 0x62ef, 0x4290, 0x4ad0, 0x29ee,
0x112b, 0x4a0b, 0xb451, 0xb471, 0xac51, 0x93f0, 0xb4b2, 0xacb3, 0x9431, 0xc513,
0xac10, 0xb451, 0xa3b0, 0x38e8, 0x2867, 0x2887, 0x30c8, 0x3087, 0x3087, 0x2887,
0x3087, 0x30a8, 0x3087, 0x3087, 0x2887, 0x2887, 0x2887, 0x3087, 0x3087, 0x3087,
0x3909, 0x2867, 0x51cb, 0x8bf2, 0x8bf2, 0x9413, 0x8391, 0x4129, 0x2867, 0x2887,
0x2887, 0x3087, 0x2887, 0x3087, 0x3087, 0x3087, 0x2887, 0x3087, 0x2887, 0x2887,
0x30a8, 0x3087, 0x3087, 0x3087, 0x2887, 0x30a8, 0x2887, 0x30a7, 0x2887, 0x2887,
0x2887, 0x2887, 0x3087, 0x2867, 0x3909, 0x3087, 0x38e8, 0x8bf2, 0xb557, 0x8bd2,
0x9413, 0x51cc, 0x2887, 0x2887, 0x2887, 0x30a8, 
0x30a8, 0x2887, 0x2887, 0x2887, 0x2887, 0x2887, 0x3087, 0x3087, 0x2887, 0x3087,
0x2887, 0x2887, 0x3087, 0x3087, 0x2887, 0x2887, 0x3087, 0x30a8, 0x2887, 0x3087,
0x3087, 0x2887, 0x2887, 0x2887, 0x2887, 0x2887, 0x3087, 0x2887, 0x3087, 0x2887,
0x2887, 0x3087, 0x3087, 0x2887, 0x3087, 0x3087, 0x3087, 0x3087, 0x3087, 0x3087,
0x3087, 0x3087, 0x3087, 0x3087, 0x3087, 0x2887, 0x30a8, 0x2887, 0x59ca, 0xabaf,
0xb410, 0xc492, 0x8bb0, 0xa452, 0xcd14, 0xccf3, 0xccf3, 0xc4d3, 0xc4d2, 0x8b6f,
0x320f, 0x322f, 0x3ab1, 0x2a0f, 0x21ad, 0x196c, 0x194b, 0x31ed, 0x4a8f, 0x52f1,
0x7350, 0x0843, 0x3147, 0x8b91, 0x5a4c, 0xac95, 0x39a9, 0xa454, 0x5a6d, 0xb4b6,
0x628d, 0x522b, 0x626c, 0xbcb5, 0x41ca, 0x2107, 0x8370, 0x39a9, 0x520b, 0xa434,
0xdd99, 0x520a, 0xa413, 0xac54, 0x3968, 0x420b, 0x6b94, 0x4ad0, 0x29ee, 0x198c,
0x08c8, 0x72ed, 0xac31, 0x836f, 0xc4f3, 0xbcd3, 0xa431, 0xb4d3, 0x9432, 0xb4b3,
0xbc92, 0xb451, 0x726c, 0x2867, 0x3087, 0x3087, 0x2887, 0x3087, 0x3087, 0x30a8,
0x30a7, 0x30a8, 0x2867, 0x30a7, 0x3087, 0x2887, 0x3087, 0x2887, 0x2887, 0x3087,
0x30c8, 0x3087, 0x2846, 0x30c8, 0x8bf2, 0x730f, 0x2846, 0x2867, 0x3087, 0x2887,
0x2887, 0x2887, 0x2887, 0x2887, 0x2887, 0x2887, 0x2887, 0x3087, 0x3087, 0x3087,
0x2887, 0x2887, 0x3087, 0x30a8, 0x3087, 0x30a8, 0x2887, 0x3087, 0x30a7, 0x2887,
0x3087, 0x2887, 0x2887, 0x2887, 0x30c8, 0x3087, 0x2887, 0x2867, 0x730f, 0x8bf2,
0x38e8, 0x2046, 0x3087, 0x3087, 0x2887, 0x2887, 
0x3087, 0x3087, 0x3087, 0x2887, 0x3087, 0x3087, 0x3087, 0x3087, 0x3087, 0x2887,
0x3087, 0x3087, 0x2887, 0x3087, 0x3087, 0x2887, 0x2887, 0x30a7, 0x2887, 0x2887,
0x30c8, 0x3087, 0x2887, 0x2887, 0x3087, 0x2887, 0x3087, 0x3087, 0x2887, 0x2887,
0x2887, 0x30a7, 0x3087, 0x2887, 0x2887, 0x3087, 0x2887, 0x3087, 0x3087, 0x3087,
0x30a7, 0x30a7, 0x30a7, 0x3087, 0x3087, 0x2887, 0x30a8, 0x2887, 0x4949, 0xa38e,
0xb3f0, 0xbc72, 0x8390, 0x83f1, 0xcd14, 0xccf3, 0xc4b3, 0xc4d3, 0xc4d3, 0x8b6f,
0x3a70, 0x3250, 0x2a0f, 0x324f, 0x21ce, 0x196c, 0x110a, 0x4ad1, 0x6bb4, 0x3a2e,
0x428f, 0x7392, 0x628d, 0x3168, 0x2107, 0x4a2b, 0x0024, 0x83b1, 0x41eb, 0x3168,
0x8b92, 0x2927, 0xc4f6, 0xb475, 0x8371, 0x2927, 0xbcd6, 0x49ea, 0x8350, 0x62ad,
0x6aae, 0x5a6c, 0x93b1, 0x20c5, 0x31ab, 0x6373, 0x5311, 0x29ee, 0x2a0f, 0x114c,
0x2149, 0x9bcf, 0xb451, 0xa411, 0xbcb2, 0xcd13, 0xc514, 0xa472, 0x8bf1, 0xb492,
0xbc92, 0xa3d0, 0x4108, 0x2867, 0x3087, 0x3087, 0x3087, 0x3087, 0x2887, 0x2887,
0x3087, 0x2887, 0x2887, 0x30a7, 0x30a7, 0x30a8, 0x2887, 0x3087, 0x30c8, 0x2887,
0x30a8, 0x3087, 0x30a7, 0x2026, 0x51ec, 0x4149, 0x2847, 0x3087, 0x3087, 0x2867,
0x2887, 0x2887, 0x2887, 0x2887, 0x2887, 0x2887, 0x2887, 0x2887, 0x2887, 0x2887,
0x3087, 0x2887, 0x2887, 0x2887, 0x2887, 0x2887, 0x2887, 0x30a8, 0x3087, 0x30c8,
0x2887, 0x2887, 0x30c8, 0x3087, 0x30a7, 0x30a7, 0x30a7, 0x2846, 0x3929, 0x51ec,
0x2046, 0x3087, 0x3087, 0x2887, 0x2867, 0x2887, 
0x30a7, 0x3087, 0x2887, 0x2887, 0x30a7, 0x3087, 0x2887, 0x2887, 0x3087, 0x2887,
0x3087, 0x30a7, 0x3087, 0x2887, 0x2887, 0x3087, 0x2887, 0x2887, 0x2887, 0x2887,
0x2887, 0x3087, 0x3087, 0x2887, 0x30c8, 0x2887, 0x3087, 0x3087, 0x2887, 0x2887,
0x2887, 0x3087, 0x2887, 0x2887, 0x3087, 0x3087, 0x3087, 0x3087, 0x3087, 0x2887,
0x30c8, 0x3087, 0x3087, 0x3087, 0x3087, 0x3087, 0x3087, 0x2867, 0x38e8, 0x8b0d,
0x9b8f, 0xb451, 0x7b90, 0x6b2f, 0x9c52, 0xbcd3, 0xc4d3, 0xc4d3, 0xbcd3, 0x93b0,
0x31cd, 0x3ad2, 0x21ce, 0x3250, 0x21ad, 0x110a, 0x29cd, 0x4270, 0x428f, 0x192a,
0x196c, 0x4af1, 0x7393, 0x5a6c, 0x8bd2, 0xa475, 0x524c, 0x8391, 0x83b2, 0x41ea,
0x72ef, 0x3148, 0xa413, 0x3147, 0xac54, 0xb495, 0xa413, 0xb495, 0x8b91, 0x1065,
0x628d, 0xcd37, 0x3988, 0x528e, 0x6393, 0x42d1, 0x21ce, 0x21ef, 0x21ce, 0x116c,
0x49eb, 0xb430, 0xbc72, 0xc492, 0xc4b3, 0xa431, 0x8bd0, 0x9c31, 0x8bd0, 0xbc92,
0xb451, 0x7a8c, 0x2867, 0x2887, 0x2887, 0x2887, 0x3087, 0x2867, 0x30a8, 0x30a8,
0x2887, 0x2887, 0x2887, 0x30a7, 0x2887, 0x3087, 0x2887, 0x3087, 0x3087, 0x2887,
0x30a7, 0x2887, 0x2887, 0x3087, 0x30a8, 0x2887, 0x2887, 0x2887, 0x2887, 0x38e8,
0x3087, 0x2887, 0x2887, 0x2887, 0x2887, 0x3087, 0x2887, 0x2887, 0x2887, 0x2887,
0x3087, 0x2887, 0x30a8, 0x30a8, 0x2887, 0x3087, 0x2887, 0x30a7, 0x2887, 0x3087,
0x2887, 0x2887, 0x3087, 0x2887, 0x3087, 0x3087, 0x2887, 0x2887, 0x30a8, 0x3087,
0x3087, 0x2887, 0x2867, 0x30c8, 0x30a8, 0x2867, 
0x30a7, 0x3087, 0x2887, 0x2887, 0x30a7, 0x30c8, 0x2887, 0x3087, 0x2887, 0x3087,
0x30a7, 0x2887, 0x3087, 0x3087, 0x2887, 0x30a7, 0x3087, 0x2887, 0x3087, 0x3087,
0x30a7, 0x2867, 0x3087, 0x3087, 0x2887, 0x3087, 0x2887, 0x2887, 0x2887, 0x3087,
0x30a8, 0x30a7, 0x30a7, 0x3087, 0x3087, 0x3087, 0x3087, 0x3087, 0x3087, 0x3087,
0x3087, 0x3087, 0x3087, 0x3087, 0x3087, 0x30a7, 0x2887, 0x3087, 0x2887, 0x726b,
0x9b8f, 0x8b90, 0x6b2f, 0x5ace, 0x73b1, 0x9c52, 0xbcb3, 0xc4d3, 0x9c32, 0xa411,
0x39ed, 0x42f2, 0x3230, 0x29ee, 0x21ad, 0x192a, 0x21ad, 0x29ac, 0x10e9, 0x114b,
0x196c, 0x192b, 0x3a4e, 0x6373, 0x6b10, 0x730f, 0xcd39, 0x2107, 0x18e6, 0x18c5,
0x3168, 0xbcd6, 0xd578, 0x2907, 0x628d, 0xbcb6, 0x4189, 0x49ea, 0x520a, 0x8bb2,
0xbcd6, 0x5a4c, 0x3a2c, 0x52f1, 0x21ac, 0x21ce, 0x2a30, 0x19ad, 0x19ae, 0x196c,
0x628c, 0xb451, 0xbc92, 0xbc72, 0xbc92, 0xb492, 0xac93, 0x8bd0, 0x7b4f, 0xbc92,
0xa3d0, 0x4128, 0x2867, 0x2887, 0x2887, 0x2887, 0x2887, 0x2887, 0x30a8, 0x30a7,
0x3087, 0x3087, 0x2887, 0x2887, 0x2887, 0x3087, 0x3087, 0x2887, 0x2887, 0x30a8,
0x3087, 0x30a7, 0x3087, 0x3087, 0x3087, 0x3087, 0x2887, 0x2887, 0x2887, 0x414a,
0x3087, 0x3087, 0x2887, 0x2887, 0x30a7, 0x30a8, 0x2887, 0x2887, 0x2887, 0x2887,
0x2887, 0x2887, 0x30a7, 0x30a8, 0x3087, 0x3087, 0x2887, 0x2887, 0x2887, 0x3087,
0x3087, 0x2887, 0x2887, 0x3087, 0x3087, 0x3087, 0x30a7, 0x2887, 0x3087, 0x3087,
0x3087, 0x2887, 0x2867, 0x3909, 0x3909, 0x2867, 
0x2887, 0x2887, 0x3087, 0x2887, 0x3087, 0x30a8, 0x2887, 0x3087, 0x3087, 0x3087,
0x30a7, 0x3087, 0x3087, 0x3087, 0x2887, 0x30a8, 0x30c8, 0x3087, 0x3087, 0x2887,
0x30a8, 0x38c8, 0x2867, 0x3087, 0x3087, 0x3087, 0x3087, 0x3087, 0x2887, 0x3087,
0x3087, 0x2887, 0x2887, 0x2887, 0x3087, 0x30a7, 0x3087, 0x3087, 0x3087, 0x30a8,
0x3087, 0x3087, 0x3087, 0x3087, 0x2887, 0x38c8, 0x30a8, 0x30a8, 0x2867, 0x51ca,
0x9bcf, 0x7b6f, 0x6b4f, 0x5ace, 0x6b50, 0x83f1, 0xac92, 0xac72, 0x8390, 0xa431,
0x420c, 0x4313, 0x3271, 0x21ce, 0x218c, 0x320e, 0x29ee, 0x10c8, 0x08c8, 0x198d,
0x198d, 0x198d, 0x112b, 0x4270, 0x4290, 0x6b31, 0xcd39, 0x5a6c, 0x628d, 0x41ca,
0x6acf, 0xcd58, 0xd578, 0x9c13, 0x2127, 0x20c6, 0x41a9, 0x2927, 0x8330, 0x522b,
0x62ce, 0x3a4d, 0x4ad1, 0x10e9, 0x196c, 0x29ef, 0x198d, 0x196d, 0x2a30, 0x31ab,
0x938f, 0xb431, 0xbc92, 0xbc92, 0xbcb3, 0xc4f4, 0xbcd3, 0x8bb0, 0x7b4f, 0xa411,
0x7aad, 0x2867, 0x3087, 0x2887, 0x3087, 0x2887, 0x2887, 0x3087, 0x2887, 0x2887,
0x2887, 0x2887, 0x2887, 0x2887, 0x3087, 0x3087, 0x2887, 0x2887, 0x2887, 0x3087,
0x3087, 0x2887, 0x3087, 0x2887, 0x2887, 0x3087, 0x3087, 0x2887, 0x3087, 0x2867,
0x2887, 0x3087, 0x3087, 0x3087, 0x30a8, 0x3087, 0x2887, 0x2887, 0x3087, 0x3087,
0x3087, 0x2887, 0x2887, 0x2887, 0x3087, 0x2887, 0x3087, 0x2887, 0x3087, 0x3087,
0x2887, 0x3087, 0x3087, 0x2887, 0x3087, 0x2887, 0x3087, 0x3087, 0x2887, 0x2887,
0x3087, 0x2887, 0x3087, 0x2867, 0x2867, 0x3087, 

};

const struct bitmap bm_rockboxlogo = { 
    .width = BMPWIDTH_rockboxlogo, 
    .height = BMPHEIGHT_rockboxlogo, 
    .format = FORMAT_NATIVE, 
    .data = (unsigned char*)rockboxlogo,
};
