/home/david/Documents/RockBox_Personal-master/devsrc/nano-soh-runtime/Shipwright/soh/src/overlays/actors/ovl_Boss_Tw/z_boss_tw.c: In function 'BossTw_Init':
/home/david/Documents/RockBox_Personal-master/devsrc/nano-soh-runtime/Shipwright/soh/src/overlays/actors/ovl_Boss_Tw/z_boss_tw.c:488:52: warning: passing argument 3 of 'SkelAnime_InitFlex' from incompatible pointer type [-Wincompatible-pointer-types]
  488 |         SkelAnime_InitFlex(play, &this->skelAnime, &gTwinrovaKotakeSkel, &gTwinrovaKotakeKoumeFlyAnim, NULL, NULL, 0);
      |                                                    ^~~~~~~~~~~~~~~~~~~~
      |                                                    |
      |                                                    const char (*)[45]
In file included from /home/david/Documents/RockBox_Personal-master/devsrc/nano-soh-runtime/Shipwright/soh/include/global.h:8,
                 from /home/david/Documents/RockBox_Personal-master/devsrc/nano-soh-runtime/Shipwright/soh/src/overlays/actors/ovl_Boss_Tw/z_boss_tw.h:5,
                 from /home/david/Documents/RockBox_Personal-master/devsrc/nano-soh-runtime/Shipwright/soh/src/overlays/actors/ovl_Boss_Tw/z_boss_tw.c:1:
/home/david/Documents/RockBox_Personal-master/devsrc/nano-soh-runtime/Shipwright/soh/include/functions.h:1329:83: note: expected 'FlexSkeletonHeader *' but argument is of type 'const char (*)[45]'
 1329 | s32 SkelAnime_InitFlex(PlayState* play, SkelAnime* skelAnime, FlexSkeletonHeader* skeletonHeaderSeg,
      |                                                               ~~~~~~~~~~~~~~~~~~~~^~~~~~~~~~~~~~~~~
/home/david/Documents/RockBox_Personal-master/devsrc/nano-soh-runtime/Shipwright/soh/src/overlays/actors/ovl_Boss_Tw/z_boss_tw.c:488:74: warning: passing argument 4 of 'SkelAnime_InitFlex' from incompatible pointer type [-Wincompatible-pointer-types]
  488 |         SkelAnime_InitFlex(play, &this->skelAnime, &gTwinrovaKotakeSkel, &gTwinrovaKotakeKoumeFlyAnim, NULL, NULL, 0);
      |                                                                          ^~~~~~~~~~~~~~~~~~~~~~~~~~~~
      |                                                                          |
      |                                                                          const char (*)[53]
/home/david/Documents/RockBox_Personal-master/devsrc/nano-soh-runtime/Shipwright/soh/include/functions.h:1330:41: note: expected 'AnimationHeader *' but argument is of type 'const char (*)[53]'
 1330 |                        AnimationHeader* animation, Vec3s* jointTable, Vec3s* morphTable, s32 limbCount);
      |                        ~~~~~~~~~~~~~~~~~^~~~~~~~~
/home/david/Documents/RockBox_Personal-master/devsrc/nano-soh-runtime/Shipwright/soh/src/overlays/actors/ovl_Boss_Tw/z_boss_tw.c:501:49: warning: passing argument 2 of 'Animation_MorphToLoop' from incompatible pointer type [-Wincompatible-pointer-types]
  501 |         Animation_MorphToLoop(&this->skelAnime, &gTwinrovaKotakeKoumeFlyAnim, -3.0f);
      |                                                 ^~~~~~~~~~~~~~~~~~~~~~~~~~~~
      |                                                 |
      |                                                 const char (*)[53]
/home/david/Documents/RockBox_Personal-master/devsrc/nano-soh-runtime/Shipwright/soh/include/functions.h:1342:67: note: expected 'AnimationHeader *' but argument is of type 'const char (*)[53]'
 1342 | void Animation_MorphToLoop(SkelAnime* skelAnime, AnimationHeader* animation, f32 morphFrames);
      |                                                  ~~~~~~~~~~~~~~~~~^~~~~~~~~
/home/david/Documents/RockBox_Personal-master/devsrc/nano-soh-runtime/Shipwright/soh/src/overlays/actors/ovl_Boss_Tw/z_boss_tw.c:506:52: warning: passing argument 3 of 'SkelAnime_InitFlex' from incompatible pointer type [-Wincompatible-pointer-types]
  506 |         SkelAnime_InitFlex(play, &this->skelAnime, &gTwinrovaKoumeSkel, &gTwinrovaKotakeKoumeFlyAnim, NULL, NULL, 0);
      |                                                    ^~~~~~~~~~~~~~~~~~~
      |                                                    |
      |                                                    const char (*)[44]
/home/david/Documents/RockBox_Personal-master/devsrc/nano-soh-runtime/Shipwright/soh/include/functions.h:1329:83: note: expected 'FlexSkeletonHeader *' but argument is of type 'const char (*)[44]'
 1329 | s32 SkelAnime_InitFlex(PlayState* play, SkelAnime* skelAnime, FlexSkeletonHeader* skeletonHeaderSeg,
      |                                                               ~~~~~~~~~~~~~~~~~~~~^~~~~~~~~~~~~~~~~
/home/david/Documents/RockBox_Personal-master/devsrc/nano-soh-runtime/Shipwright/soh/src/overlays/actors/ovl_Boss_Tw/z_boss_tw.c:506:73: warning: passing argument 4 of 'SkelAnime_InitFlex' from incompatible pointer type [-Wincompatible-pointer-types]
  506 |         SkelAnime_InitFlex(play, &this->skelAnime, &gTwinrovaKoumeSkel, &gTwinrovaKotakeKoumeFlyAnim, NULL, NULL, 0);
      |                                                                         ^~~~~~~~~~~~~~~~~~~~~~~~~~~~
      |                                                                         |
      |                                                                         const char (*)[53]
/home/david/Documents/RockBox_Personal-master/devsrc/nano-soh-runtime/Shipwright/soh/include/functions.h:1330:41: note: expected 'AnimationHeader *' but argument is of type 'const char (*)[53]'
 1330 |                        AnimationHeader* animation, Vec3s* jointTable, Vec3s* morphTable, s32 limbCount);
      |                        ~~~~~~~~~~~~~~~~~^~~~~~~~~
/home/david/Documents/RockBox_Personal-master/devsrc/nano-soh-runtime/Shipwright/soh/src/overlays/actors/ovl_Boss_Tw/z_boss_tw.c:518:49: warning: passing argument 2 of 'Animation_MorphToLoop' from incompatible pointer type [-Wincompatible-pointer-types]
  518 |         Animation_MorphToLoop(&this->skelAnime, &gTwinrovaKotakeKoumeFlyAnim, -3.0f);
      |                                                 ^~~~~~~~~~~~~~~~~~~~~~~~~~~~
      |                                                 |
      |                                                 const char (*)[53]
/home/david/Documents/RockBox_Personal-master/devsrc/nano-soh-runtime/Shipwright/soh/include/functions.h:1342:67: note: expected 'AnimationHeader *' but argument is of type 'const char (*)[53]'
 1342 | void Animation_MorphToLoop(SkelAnime* skelAnime, AnimationHeader* animation, f32 morphFrames);
      |                                                  ~~~~~~~~~~~~~~~~~^~~~~~~~~
/home/david/Documents/RockBox_Personal-master/devsrc/nano-soh-runtime/Shipwright/soh/src/overlays/actors/ovl_Boss_Tw/z_boss_tw.c:527:52: warning: passing argument 3 of 'SkelAnime_InitFlex' from incompatible pointer type [-Wincompatible-pointer-types]
  527 |         SkelAnime_InitFlex(play, &this->skelAnime, &gTwinrovaSkel, &gTwinrovaTPoseAnim, NULL, NULL, 0);
      |                                                    ^~~~~~~~~~~~~~
      |                                                    |
      |                                                    const char (*)[39]
/home/david/Documents/RockBox_Personal-master/devsrc/nano-soh-runtime/Shipwright/soh/include/functions.h:1329:83: note: expected 'FlexSkeletonHeader *' but argument is of type 'const char (*)[39]'
 1329 | s32 SkelAnime_InitFlex(PlayState* play, SkelAnime* skelAnime, FlexSkeletonHeader* skeletonHeaderSeg,
      |                                                               ~~~~~~~~~~~~~~~~~~~~^~~~~~~~~~~~~~~~~
/home/david/Documents/RockBox_Personal-master/devsrc/nano-soh-runtime/Shipwright/soh/src/overlays/actors/ovl_Boss_Tw/z_boss_tw.c:527:68: warning: passing argument 4 of 'SkelAnime_InitFlex' from incompatible pointer type [-Wincompatible-pointer-types]
  527 |         SkelAnime_InitFlex(play, &this->skelAnime, &gTwinrovaSkel, &gTwinrovaTPoseAnim, NULL, NULL, 0);
      |                                                                    ^~~~~~~~~~~~~~~~~~~
      |                                                                    |
      |                                                                    const char (*)[44]
/home/david/Documents/RockBox_Personal-master/devsrc/nano-soh-runtime/Shipwright/soh/include/functions.h:1330:41: note: expected 'AnimationHeader *' but argument is of type 'const char (*)[44]'
 1330 |                        AnimationHeader* animation, Vec3s* jointTable, Vec3s* morphTable, s32 limbCount);
      |                        ~~~~~~~~~~~~~~~~~^~~~~~~~~
/home/david/Documents/RockBox_Personal-master/devsrc/nano-soh-runtime/Shipwright/soh/src/overlays/actors/ovl_Boss_Tw/z_boss_tw.c:528:49: warning: passing argument 2 of 'Animation_MorphToLoop' from incompatible pointer type [-Wincompatible-pointer-types]
  528 |         Animation_MorphToLoop(&this->skelAnime, &gTwinrovaTPoseAnim, -3.0f);
      |                                                 ^~~~~~~~~~~~~~~~~~~
      |                                                 |
      |                                                 const char (*)[44]
/home/david/Documents/RockBox_Personal-master/devsrc/nano-soh-runtime/Shipwright/soh/include/functions.h:1342:67: note: expected 'AnimationHeader *' but argument is of type 'const char (*)[44]'
 1342 | void Animation_MorphToLoop(SkelAnime* skelAnime, AnimationHeader* animation, f32 morphFrames);
      |                                                  ~~~~~~~~~~~~~~~~~^~~~~~~~~
/home/david/Documents/RockBox_Personal-master/devsrc/nano-soh-runtime/Shipwright/soh/src/overlays/actors/ovl_Boss_Tw/z_boss_tw.c: In function 'BossTw_SetupFlyTo':
/home/david/Documents/RockBox_Personal-master/devsrc/nano-soh-runtime/Shipwright/soh/src/overlays/actors/ovl_Boss_Tw/z_boss_tw.c:631:45: warning: passing argument 2 of 'Animation_MorphToLoop' from incompatible pointer type [-Wincompatible-pointer-types]
  631 |     Animation_MorphToLoop(&this->skelAnime, &gTwinrovaKotakeKoumeFlyAnim, -10.0f);
      |                                             ^~~~~~~~~~~~~~~~~~~~~~~~~~~~
      |                                             |
      |                                             const char (*)[53]
/home/david/Documents/RockBox_Personal-master/devsrc/nano-soh-runtime/Shipwright/soh/include/functions.h:1342:67: note: expected 'AnimationHeader *' but argument is of type 'const char (*)[53]'
 1342 | void Animation_MorphToLoop(SkelAnime* skelAnime, AnimationHeader* animation, f32 morphFrames);
      |                                                  ~~~~~~~~~~~~~~~~~^~~~~~~~~
/home/david/Documents/RockBox_Personal-master/devsrc/nano-soh-runtime/Shipwright/soh/src/overlays/actors/ovl_Boss_Tw/z_boss_tw.c: In function 'BossTw_SetupShootBeam':
/home/david/Documents/RockBox_Personal-master/devsrc/nano-soh-runtime/Shipwright/soh/src/overlays/actors/ovl_Boss_Tw/z_boss_tw.c:692:49: warning: passing argument 2 of 'Animation_MorphToPlayOnce' from incompatible pointer type [-Wincompatible-pointer-types]
  692 |     Animation_MorphToPlayOnce(&this->skelAnime, &gTwinrovaKotakeKoumeChargeUpAttackStartAnim, -5.0f);
      |                                                 ^~~~~~~~~~~~~~~~~~~~~~~~~~~~~~~~~~~~~~~~~~~~
      |                                                 |
      |                                                 const char (*)[69]
/home/david/Documents/RockBox_Personal-master/devsrc/nano-soh-runtime/Shipwright/soh/include/functions.h:1339:71: note: expected 'AnimationHeader *' but argument is of type 'const char (*)[69]'
 1339 | void Animation_MorphToPlayOnce(SkelAnime* skelAnime, AnimationHeader* animation, f32 morphFrames);
      |                                                      ~~~~~~~~~~~~~~~~~^~~~~~~~~
/home/david/Documents/RockBox_Personal-master/devsrc/nano-soh-runtime/Shipwright/soh/src/overlays/actors/ovl_Boss_Tw/z_boss_tw.c:693:55: warning: passing argument 1 of 'Animation_GetLastFrame' discards 'const' qualifier from pointer target type [-Wdiscarded-array-qualifiers]
  693 |     this->workf[ANIM_SW_TGT] = Animation_GetLastFrame(&gTwinrovaKotakeKoumeChargeUpAttackStartAnim);
      |                                                       ^~~~~~~~~~~~~~~~~~~~~~~~~~~~~~~~~~~~~~~~~~~~
/home/david/Documents/RockBox_Personal-master/devsrc/nano-soh-runtime/Shipwright/soh/include/functions.h:1278:34: note: expected 'void *' but argument is of type 'const char (*)[69]'
 1278 | s16 Animation_GetLastFrame(void* animation);
      |                            ~~~~~~^~~~~~~~~
/home/david/Documents/RockBox_Personal-master/devsrc/nano-soh-runtime/Shipwright/soh/src/overlays/actors/ovl_Boss_Tw/z_boss_tw.c: In function 'BossTw_ShootBeam':
/home/david/Documents/RockBox_Personal-master/devsrc/nano-soh-runtime/Shipwright/soh/src/overlays/actors/ovl_Boss_Tw/z_boss_tw.c:1033:53: warning: passing argument 2 of 'Animation_MorphToLoop' from incompatible pointer type [-Wincompatible-pointer-types]
 1033 |             Animation_MorphToLoop(&this->skelAnime, &gTwinrovaKotakeKoumeChargeUpAttackLoopAnim, 0.0f);
      |                                                     ^~~~~~~~~~~~~~~~~~~~~~~~~~~~~~~~~~~~~~~~~~~
      |                                                     |
      |                                                     const char (*)[68]
/home/david/Documents/RockBox_Personal-master/devsrc/nano-soh-runtime/Shipwright/soh/include/functions.h:1342:67: note: expected 'AnimationHeader *' but argument is of type 'const char (*)[68]'
 1342 | void Animation_MorphToLoop(SkelAnime* skelAnime, AnimationHeader* animation, f32 morphFrames);
      |                                                  ~~~~~~~~~~~~~~~~~^~~~~~~~~
/home/david/Documents/RockBox_Personal-master/devsrc/nano-soh-runtime/Shipwright/soh/src/overlays/actors/ovl_Boss_Tw/z_boss_tw.c:1038:57: warning: passing argument 2 of 'Animation_MorphToPlayOnce' from incompatible pointer type [-Wincompatible-pointer-types]
 1038 |             Animation_MorphToPlayOnce(&this->skelAnime, &gTwinrovaKotakeKoumeAttackStartAnim, 0.0f);
      |                                                         ^~~~~~~~~~~~~~~~~~~~~~~~~~~~~~~~~~~~
      |                                                         |
      |                                                         const char (*)[61]
/home/david/Documents/RockBox_Personal-master/devsrc/nano-soh-runtime/Shipwright/soh/include/functions.h:1339:71: note: expected 'AnimationHeader *' but argument is of type 'const char (*)[61]'
 1339 | void Animation_MorphToPlayOnce(SkelAnime* skelAnime, AnimationHeader* animation, f32 morphFrames);
      |                                                      ~~~~~~~~~~~~~~~~~^~~~~~~~~
/home/david/Documents/RockBox_Personal-master/devsrc/nano-soh-runtime/Shipwright/soh/src/overlays/actors/ovl_Boss_Tw/z_boss_tw.c:1039:63: warning: passing argument 1 of 'Animation_GetLastFrame' discards 'const' qualifier from pointer target type [-Wdiscarded-array-qualifiers]
 1039 |             this->workf[ANIM_SW_TGT] = Animation_GetLastFrame(&gTwinrovaKotakeKoumeAttackStartAnim);
      |                                                               ^~~~~~~~~~~~~~~~~~~~~~~~~~~~~~~~~~~~
/home/david/Documents/RockBox_Personal-master/devsrc/nano-soh-runtime/Shipwright/soh/include/functions.h:1278:34: note: expected 'void *' but argument is of type 'const char (*)[61]'
 1278 | s16 Animation_GetLastFrame(void* animation);
      |                            ~~~~~~^~~~~~~~~
/home/david/Documents/RockBox_Personal-master/devsrc/nano-soh-runtime/Shipwright/soh/src/overlays/actors/ovl_Boss_Tw/z_boss_tw.c:1047:53: warning: passing argument 2 of 'Animation_MorphToLoop' from incompatible pointer type [-Wincompatible-pointer-types]
 1047 |             Animation_MorphToLoop(&this->skelAnime, &gTwinrovaKotakeKoumeAttackLoopAnim, 0.0f);
      |                                                     ^~~~~~~~~~~~~~~~~~~~~~~~~~~~~~~~~~~
      |                                                     |
      |                                                     const char (*)[60]
/home/david/Documents/RockBox_Personal-master/devsrc/nano-soh-runtime/Shipwright/soh/include/functions.h:1342:67: note: expected 'AnimationHeader *' but argument is of type 'const char (*)[60]'
 1342 | void Animation_MorphToLoop(SkelAnime* skelAnime, AnimationHeader* animation, f32 morphFrames);
      |                                                  ~~~~~~~~~~~~~~~~~^~~~~~~~~
/home/david/Documents/RockBox_Personal-master/devsrc/nano-soh-runtime/Shipwright/soh/src/overlays/actors/ovl_Boss_Tw/z_boss_tw.c: In function 'BossTw_SetupFinishBeamShoot':
/home/david/Documents/RockBox_Personal-master/devsrc/nano-soh-runtime/Shipwright/soh/src/overlays/actors/ovl_Boss_Tw/z_boss_tw.c:1301:49: warning: passing argument 2 of 'Animation_MorphToPlayOnce' from incompatible pointer type [-Wincompatible-pointer-types]
 1301 |     Animation_MorphToPlayOnce(&this->skelAnime, &gTwinrovaKotakeKoumeAttackEndAnim, 0.0f);
      |                                                 ^~~~~~~~~~~~~~~~~~~~~~~~~~~~~~~~~~
      |                                                 |
      |                                                 const char (*)[59]
/home/david/Documents/RockBox_Personal-master/devsrc/nano-soh-runtime/Shipwright/soh/include/functions.h:1339:71: note: expected 'AnimationHeader *' but argument is of type 'const char (*)[59]'
 1339 | void Animation_MorphToPlayOnce(SkelAnime* skelAnime, AnimationHeader* animation, f32 morphFrames);
      |                                                      ~~~~~~~~~~~~~~~~~^~~~~~~~~
/home/david/Documents/RockBox_Personal-master/devsrc/nano-soh-runtime/Shipwright/soh/src/overlays/actors/ovl_Boss_Tw/z_boss_tw.c:1302:55: warning: passing argument 1 of 'Animation_GetLastFrame' discards 'const' qualifier from pointer target type [-Wdiscarded-array-qualifiers]
 1302 |     this->workf[ANIM_SW_TGT] = Animation_GetLastFrame(&gTwinrovaKotakeKoumeAttackEndAnim);
      |                                                       ^~~~~~~~~~~~~~~~~~~~~~~~~~~~~~~~~~
/home/david/Documents/RockBox_Personal-master/devsrc/nano-soh-runtime/Shipwright/soh/include/functions.h:1278:34: note: expected 'void *' but argument is of type 'const char (*)[59]'
 1278 | s16 Animation_GetLastFrame(void* animation);
      |                            ~~~~~~^~~~~~~~~
/home/david/Documents/RockBox_Personal-master/devsrc/nano-soh-runtime/Shipwright/soh/src/overlays/actors/ovl_Boss_Tw/z_boss_tw.c: In function 'BossTw_SetupHitByBeam':
/home/david/Documents/RockBox_Personal-master/devsrc/nano-soh-runtime/Shipwright/soh/src/overlays/actors/ovl_Boss_Tw/z_boss_tw.c:1322:49: warning: passing argument 2 of 'Animation_MorphToPlayOnce' from incompatible pointer type [-Wincompatible-pointer-types]
 1322 |     Animation_MorphToPlayOnce(&this->skelAnime, &gTwinrovaKotakeKoumeDamageStartAnim, 0.0f);
      |                                                 ^~~~~~~~~~~~~~~~~~~~~~~~~~~~~~~~~~~~
      |                                                 |
      |                                                 const char (*)[61]
/home/david/Documents/RockBox_Personal-master/devsrc/nano-soh-runtime/Shipwright/soh/include/functions.h:1339:71: note: expected 'AnimationHeader *' but argument is of type 'const char (*)[61]'
 1339 | void Animation_MorphToPlayOnce(SkelAnime* skelAnime, AnimationHeader* animation, f32 morphFrames);
      |                                                      ~~~~~~~~~~~~~~~~~^~~~~~~~~
/home/david/Documents/RockBox_Personal-master/devsrc/nano-soh-runtime/Shipwright/soh/src/overlays/actors/ovl_Boss_Tw/z_boss_tw.c: In function 'BossTw_HitByBeam':
/home/david/Documents/RockBox_Personal-master/devsrc/nano-soh-runtime/Shipwright/soh/src/overlays/actors/ovl_Boss_Tw/z_boss_tw.c:1376:53: warning: passing argument 2 of 'Animation_MorphToPlayOnce' from incompatible pointer type [-Wincompatible-pointer-types]
 1376 |         Animation_MorphToPlayOnce(&this->skelAnime, &gTwinrovaKotakeKoumeDamageEndAnim, 0.0f);
      |                                                     ^~~~~~~~~~~~~~~~~~~~~~~~~~~~~~~~~~
      |                                                     |
      |                                                     const char (*)[59]
/home/david/Documents/RockBox_Personal-master/devsrc/nano-soh-runtime/Shipwright/soh/include/functions.h:1339:71: note: expected 'AnimationHeader *' but argument is of type 'const char (*)[59]'
 1339 | void Animation_MorphToPlayOnce(SkelAnime* skelAnime, AnimationHeader* animation, f32 morphFrames);
      |                                                      ~~~~~~~~~~~~~~~~~^~~~~~~~~
/home/david/Documents/RockBox_Personal-master/devsrc/nano-soh-runtime/Shipwright/soh/src/overlays/actors/ovl_Boss_Tw/z_boss_tw.c:1377:59: warning: passing argument 1 of 'Animation_GetLastFrame' discards 'const' qualifier from pointer target type [-Wdiscarded-array-qualifiers]
 1377 |         this->workf[ANIM_SW_TGT] = Animation_GetLastFrame(&gTwinrovaKotakeKoumeDamageEndAnim);
      |                                                           ^~~~~~~~~~~~~~~~~~~~~~~~~~~~~~~~~~
/home/david/Documents/RockBox_Personal-master/devsrc/nano-soh-runtime/Shipwright/soh/include/functions.h:1278:34: note: expected 'void *' but argument is of type 'const char (*)[59]'
 1278 | s16 Animation_GetLastFrame(void* animation);
      |                            ~~~~~~^~~~~~~~~
/home/david/Documents/RockBox_Personal-master/devsrc/nano-soh-runtime/Shipwright/soh/src/overlays/actors/ovl_Boss_Tw/z_boss_tw.c: In function 'BossTw_SetupLaugh':
/home/david/Documents/RockBox_Personal-master/devsrc/nano-soh-runtime/Shipwright/soh/src/overlays/actors/ovl_Boss_Tw/z_boss_tw.c:1387:49: warning: passing argument 2 of 'Animation_MorphToPlayOnce' from incompatible pointer type [-Wincompatible-pointer-types]
 1387 |     Animation_MorphToPlayOnce(&this->skelAnime, &gTwinrovaKotakeKoumeLaughAnim, 0.0f);
      |                                                 ^~~~~~~~~~~~~~~~~~~~~~~~~~~~~~
      |                                                 |
      |                                                 const char (*)[55]
/home/david/Documents/RockBox_Personal-master/devsrc/nano-soh-runtime/Shipwright/soh/include/functions.h:1339:71: note: expected 'AnimationHeader *' but argument is of type 'const char (*)[55]'
 1339 | void Animation_MorphToPlayOnce(SkelAnime* skelAnime, AnimationHeader* animation, f32 morphFrames);
      |                                                      ~~~~~~~~~~~~~~~~~^~~~~~~~~
/home/david/Documents/RockBox_Personal-master/devsrc/nano-soh-runtime/Shipwright/soh/src/overlays/actors/ovl_Boss_Tw/z_boss_tw.c:1388:55: warning: passing argument 1 of 'Animation_GetLastFrame' discards 'const' qualifier from pointer target type [-Wdiscarded-array-qualifiers]
 1388 |     this->workf[ANIM_SW_TGT] = Animation_GetLastFrame(&gTwinrovaKotakeKoumeLaughAnim);
      |                                                       ^~~~~~~~~~~~~~~~~~~~~~~~~~~~~~
/home/david/Documents/RockBox_Personal-master/devsrc/nano-soh-runtime/Shipwright/soh/include/functions.h:1278:34: note: expected 'void *' but argument is of type 'const char (*)[55]'
 1278 | s16 Animation_GetLastFrame(void* animation);
      |                            ~~~~~~^~~~~~~~~
/home/david/Documents/RockBox_Personal-master/devsrc/nano-soh-runtime/Shipwright/soh/src/overlays/actors/ovl_Boss_Tw/z_boss_tw.c: In function 'BossTw_SetupSpin':
/home/david/Documents/RockBox_Personal-master/devsrc/nano-soh-runtime/Shipwright/soh/src/overlays/actors/ovl_Boss_Tw/z_boss_tw.c:1410:49: warning: passing argument 2 of 'Animation_MorphToPlayOnce' from incompatible pointer type [-Wincompatible-pointer-types]
 1410 |     Animation_MorphToPlayOnce(&this->skelAnime, &gTwinrovaKotakeKoumeSpinAnim, -3.0f);
      |                                                 ^~~~~~~~~~~~~~~~~~~~~~~~~~~~~
      |                                                 |
      |                                                 const char (*)[54]
/home/david/Documents/RockBox_Personal-master/devsrc/nano-soh-runtime/Shipwright/soh/include/functions.h:1339:71: note: expected 'AnimationHeader *' but argument is of type 'const char (*)[54]'
 1339 | void Animation_MorphToPlayOnce(SkelAnime* skelAnime, AnimationHeader* animation, f32 morphFrames);
      |                                                      ~~~~~~~~~~~~~~~~~^~~~~~~~~
/home/david/Documents/RockBox_Personal-master/devsrc/nano-soh-runtime/Shipwright/soh/src/overlays/actors/ovl_Boss_Tw/z_boss_tw.c:1411:55: warning: passing argument 1 of 'Animation_GetLastFrame' discards 'const' qualifier from pointer target type [-Wdiscarded-array-qualifiers]
 1411 |     this->workf[ANIM_SW_TGT] = Animation_GetLastFrame(&gTwinrovaKotakeKoumeSpinAnim);
      |                                                       ^~~~~~~~~~~~~~~~~~~~~~~~~~~~~
/home/david/Documents/RockBox_Personal-master/devsrc/nano-soh-runtime/Shipwright/soh/include/functions.h:1278:34: note: expected 'void *' but argument is of type 'const char (*)[54]'
 1278 | s16 Animation_GetLastFrame(void* animation);
      |                            ~~~~~~^~~~~~~~~
/home/david/Documents/RockBox_Personal-master/devsrc/nano-soh-runtime/Shipwright/soh/src/overlays/actors/ovl_Boss_Tw/z_boss_tw.c: In function 'BossTw_SetupMergeCS':
/home/david/Documents/RockBox_Personal-master/devsrc/nano-soh-runtime/Shipwright/soh/src/overlays/actors/ovl_Boss_Tw/z_boss_tw.c:1439:45: warning: passing argument 2 of 'Animation_MorphToLoop' from incompatible pointer type [-Wincompatible-pointer-types]
 1439 |     Animation_MorphToLoop(&this->skelAnime, &gTwinrovaKotakeKoumeFlyAnim, -10.0f);
      |                                             ^~~~~~~~~~~~~~~~~~~~~~~~~~~~
      |                                             |
      |                                             const char (*)[53]
/home/david/Documents/RockBox_Personal-master/devsrc/nano-soh-runtime/Shipwright/soh/include/functions.h:1342:67: note: expected 'AnimationHeader *' but argument is of type 'const char (*)[53]'
 1342 | void Animation_MorphToLoop(SkelAnime* skelAnime, AnimationHeader* animation, f32 morphFrames);
      |                                                  ~~~~~~~~~~~~~~~~~^~~~~~~~~
/home/david/Documents/RockBox_Personal-master/devsrc/nano-soh-runtime/Shipwright/soh/src/overlays/actors/ovl_Boss_Tw/z_boss_tw.c: In function 'BossTw_TwinrovaMergeCS':
/home/david/Documents/RockBox_Personal-master/devsrc/nano-soh-runtime/Shipwright/soh/src/overlays/actors/ovl_Boss_Tw/z_boss_tw.c:1618:65: warning: passing argument 2 of 'Animation_MorphToPlayOnce' from incompatible pointer type [-Wincompatible-pointer-types]
 1618 |                     Animation_MorphToPlayOnce(&this->skelAnime, &gTwinrovaIntroAnim, 0.0f);
      |                                                                 ^~~~~~~~~~~~~~~~~~~
      |                                                                 |
      |                                                                 const char (*)[44]
/home/david/Documents/RockBox_Personal-master/devsrc/nano-soh-runtime/Shipwright/soh/include/functions.h:1339:71: note: expected 'AnimationHeader *' but argument is of type 'const char (*)[44]'
 1339 | void Animation_MorphToPlayOnce(SkelAnime* skelAnime, AnimationHeader* animation, f32 morphFrames);
      |                                                      ~~~~~~~~~~~~~~~~~^~~~~~~~~
/home/david/Documents/RockBox_Personal-master/devsrc/nano-soh-runtime/Shipwright/soh/src/overlays/actors/ovl_Boss_Tw/z_boss_tw.c:1619:71: warning: passing argument 1 of 'Animation_GetLastFrame' discards 'const' qualifier from pointer target type [-Wdiscarded-array-qualifiers]
 1619 |                     this->workf[ANIM_SW_TGT] = Animation_GetLastFrame(&gTwinrovaIntroAnim);
      |                                                                       ^~~~~~~~~~~~~~~~~~~
/home/david/Documents/RockBox_Personal-master/devsrc/nano-soh-runtime/Shipwright/soh/include/functions.h:1278:34: note: expected 'void *' but argument is of type 'const char (*)[44]'
 1278 | s16 Animation_GetLastFrame(void* animation);
      |                            ~~~~~~^~~~~~~~~
/home/david/Documents/RockBox_Personal-master/devsrc/nano-soh-runtime/Shipwright/soh/src/overlays/actors/ovl_Boss_Tw/z_boss_tw.c:1633:57: warning: passing argument 2 of 'Animation_MorphToLoop' from incompatible pointer type [-Wincompatible-pointer-types]
 1633 |                 Animation_MorphToLoop(&this->skelAnime, &gTwinrovaHoverAnim, -15.0f);
      |                                                         ^~~~~~~~~~~~~~~~~~~
      |                                                         |
      |                                                         const char (*)[44]
/home/david/Documents/RockBox_Personal-master/devsrc/nano-soh-runtime/Shipwright/soh/include/functions.h:1342:67: note: expected 'AnimationHeader *' but argument is of type 'const char (*)[44]'
 1342 | void Animation_MorphToLoop(SkelAnime* skelAnime, AnimationHeader* animation, f32 morphFrames);
      |                                                  ~~~~~~~~~~~~~~~~~^~~~~~~~~
/home/david/Documents/RockBox_Personal-master/devsrc/nano-soh-runtime/Shipwright/soh/src/overlays/actors/ovl_Boss_Tw/z_boss_tw.c: In function 'BossTw_SetupDeathCS':
/home/david/Documents/RockBox_Personal-master/devsrc/nano-soh-runtime/Shipwright/soh/src/overlays/actors/ovl_Boss_Tw/z_boss_tw.c:1708:45: warning: passing argument 2 of 'Animation_MorphToLoop' from incompatible pointer type [-Wincompatible-pointer-types]
 1708 |     Animation_MorphToLoop(&this->skelAnime, &gTwinrovaKotakeKoumeIdleLoopAnim, -3.0f);
      |                                             ^~~~~~~~~~~~~~~~~~~~~~~~~~~~~~~~~
      |                                             |
      |                                             const char (*)[58]
/home/david/Documents/RockBox_Personal-master/devsrc/nano-soh-runtime/Shipwright/soh/include/functions.h:1342:67: note: expected 'AnimationHeader *' but argument is of type 'const char (*)[58]'
 1342 | void Animation_MorphToLoop(SkelAnime* skelAnime, AnimationHeader* animation, f32 morphFrames);
      |                                                  ~~~~~~~~~~~~~~~~~^~~~~~~~~
/home/david/Documents/RockBox_Personal-master/devsrc/nano-soh-runtime/Shipwright/soh/src/overlays/actors/ovl_Boss_Tw/z_boss_tw.c: In function 'BossTw_TwinrovaIntroCS':
/home/david/Documents/RockBox_Personal-master/devsrc/nano-soh-runtime/Shipwright/soh/src/overlays/actors/ovl_Boss_Tw/z_boss_tw.c:1834:66: warning: passing argument 2 of 'Animation_MorphToLoop' from incompatible pointer type [-Wincompatible-pointer-types]
 1834 |                     Animation_MorphToLoop(&sKoumePtr->skelAnime, &gTwinrovaKotakeKoumeIdleLoopAnim, 0.0f);
      |                                                                  ^~~~~~~~~~~~~~~~~~~~~~~~~~~~~~~~~
      |                                                                  |
      |                                                                  const char (*)[58]
/home/david/Documents/RockBox_Personal-master/devsrc/nano-soh-runtime/Shipwright/soh/include/functions.h:1342:67: note: expected 'AnimationHeader *' but argument is of type 'const char (*)[58]'
 1342 | void Animation_MorphToLoop(SkelAnime* skelAnime, AnimationHeader* animation, f32 morphFrames);
      |                                                  ~~~~~~~~~~~~~~~~~^~~~~~~~~
/home/david/Documents/RockBox_Personal-master/devsrc/nano-soh-runtime/Shipwright/soh/src/overlays/actors/ovl_Boss_Tw/z_boss_tw.c:1914:66: warning: passing argument 2 of 'Animation_MorphToPlayOnce' from incompatible pointer type [-Wincompatible-pointer-types]
 1914 |                 Animation_MorphToPlayOnce(&sKoumePtr->skelAnime, &gTwinrovaKotakeKoumeIdleEndAnim, 0.0f);
      |                                                                  ^~~~~~~~~~~~~~~~~~~~~~~~~~~~~~~~
      |                                                                  |
      |                                                                  const char (*)[57]
/home/david/Documents/RockBox_Personal-master/devsrc/nano-soh-runtime/Shipwright/soh/include/functions.h:1339:71: note: expected 'AnimationHeader *' but argument is of type 'const char (*)[57]'
 1339 | void Animation_MorphToPlayOnce(SkelAnime* skelAnime, AnimationHeader* animation, f32 morphFrames);
      |                                                      ~~~~~~~~~~~~~~~~~^~~~~~~~~
/home/david/Documents/RockBox_Personal-master/devsrc/nano-soh-runtime/Shipwright/soh/src/overlays/actors/ovl_Boss_Tw/z_boss_tw.c:1915:67: warning: passing argument 1 of 'Animation_GetLastFrame' discards 'const' qualifier from pointer target type [-Wdiscarded-array-qualifiers]
 1915 |                 this->workf[ANIM_SW_TGT] = Animation_GetLastFrame(&gTwinrovaKotakeKoumeIdleEndAnim);
      |                                                                   ^~~~~~~~~~~~~~~~~~~~~~~~~~~~~~~~
/home/david/Documents/RockBox_Personal-master/devsrc/nano-soh-runtime/Shipwright/soh/include/functions.h:1278:34: note: expected 'void *' but argument is of type 'const char (*)[57]'
 1278 | s16 Animation_GetLastFrame(void* animation);
      |                            ~~~~~~^~~~~~~~~
/home/david/Documents/RockBox_Personal-master/devsrc/nano-soh-runtime/Shipwright/soh/src/overlays/actors/ovl_Boss_Tw/z_boss_tw.c:1962:78: warning: passing argument 2 of 'Animation_MorphToPlayOnce' from incompatible pointer type [-Wincompatible-pointer-types]
 1962 |                             Animation_MorphToPlayOnce(&sKoumePtr->skelAnime, &gTwinrovaKotakeKoumeLaughAnim, -5);
      |                                                                              ^~~~~~~~~~~~~~~~~~~~~~~~~~~~~~
      |                                                                              |
      |                                                                              const char (*)[55]
/home/david/Documents/RockBox_Personal-master/devsrc/nano-soh-runtime/Shipwright/soh/include/functions.h:1339:71: note: expected 'AnimationHeader *' but argument is of type 'const char (*)[55]'
 1339 | void Animation_MorphToPlayOnce(SkelAnime* skelAnime, AnimationHeader* animation, f32 morphFrames);
      |                                                      ~~~~~~~~~~~~~~~~~^~~~~~~~~
/home/david/Documents/RockBox_Personal-master/devsrc/nano-soh-runtime/Shipwright/soh/src/overlays/actors/ovl_Boss_Tw/z_boss_tw.c:1963:79: warning: passing argument 1 of 'Animation_GetLastFrame' discards 'const' qualifier from pointer target type [-Wdiscarded-array-qualifiers]
 1963 |                             this->workf[ANIM_SW_TGT] = Animation_GetLastFrame(&gTwinrovaKotakeKoumeLaughAnim);
      |                                                                               ^~~~~~~~~~~~~~~~~~~~~~~~~~~~~~
/home/david/Documents/RockBox_Personal-master/devsrc/nano-soh-runtime/Shipwright/soh/include/functions.h:1278:34: note: expected 'void *' but argument is of type 'const char (*)[55]'
 1278 | s16 Animation_GetLastFrame(void* animation);
      |                            ~~~~~~^~~~~~~~~
/home/david/Documents/RockBox_Personal-master/devsrc/nano-soh-runtime/Shipwright/soh/src/overlays/actors/ovl_Boss_Tw/z_boss_tw.c:1971:74: warning: passing argument 2 of 'Animation_MorphToLoop' from incompatible pointer type [-Wincompatible-pointer-types]
 1971 |                             Animation_MorphToLoop(&sKoumePtr->skelAnime, &gTwinrovaKotakeKoumeFlyAnim, 0.f);
      |                                                                          ^~~~~~~~~~~~~~~~~~~~~~~~~~~~
      |                                                                          |
      |                                                                          const char (*)[53]
/home/david/Documents/RockBox_Personal-master/devsrc/nano-soh-runtime/Shipwright/soh/include/functions.h:1342:67: note: expected 'AnimationHeader *' but argument is of type 'const char (*)[53]'
 1342 | void Animation_MorphToLoop(SkelAnime* skelAnime, AnimationHeader* animation, f32 morphFrames);
      |                                                  ~~~~~~~~~~~~~~~~~^~~~~~~~~
/home/david/Documents/RockBox_Personal-master/devsrc/nano-soh-runtime/Shipwright/soh/src/overlays/actors/ovl_Boss_Tw/z_boss_tw.c:1987:71: warning: passing argument 2 of 'Animation_MorphToLoop' from incompatible pointer type [-Wincompatible-pointer-types]
 1987 |                         Animation_MorphToLoop(&sKotakePtr->skelAnime, &gTwinrovaKotakeKoumeIdleLoopAnim, 0.0f);
      |                                                                       ^~~~~~~~~~~~~~~~~~~~~~~~~~~~~~~~~
      |                                                                       |
      |                                                                       const char (*)[58]
/home/david/Documents/RockBox_Personal-master/devsrc/nano-soh-runtime/Shipwright/soh/include/functions.h:1342:67: note: expected 'AnimationHeader *' but argument is of type 'const char (*)[58]'
 1342 | void Animation_MorphToLoop(SkelAnime* skelAnime, AnimationHeader* animation, f32 morphFrames);
      |                                                  ~~~~~~~~~~~~~~~~~^~~~~~~~~
/home/david/Documents/RockBox_Personal-master/devsrc/nano-soh-runtime/Shipwright/soh/src/overlays/actors/ovl_Boss_Tw/z_boss_tw.c:2015:66: warning: passing argument 2 of 'Animation_MorphToLoop' from incompatible pointer type [-Wincompatible-pointer-types]
 2015 |                     Animation_MorphToLoop(&sKoumePtr->skelAnime, &gTwinrovaKotakeKoumeFlyAnim, 0.0f);
      |                                                                  ^~~~~~~~~~~~~~~~~~~~~~~~~~~~
      |                                                                  |
      |                                                                  const char (*)[53]
/home/david/Documents/RockBox_Personal-master/devsrc/nano-soh-runtime/Shipwright/soh/include/functions.h:1342:67: note: expected 'AnimationHeader *' but argument is of type 'const char (*)[53]'
 1342 | void Animation_MorphToLoop(SkelAnime* skelAnime, AnimationHeader* animation, f32 morphFrames);
      |                                                  ~~~~~~~~~~~~~~~~~^~~~~~~~~
/home/david/Documents/RockBox_Personal-master/devsrc/nano-soh-runtime/Shipwright/soh/src/overlays/actors/ovl_Boss_Tw/z_boss_tw.c:2077:67: warning: passing argument 2 of 'Animation_MorphToPlayOnce' from incompatible pointer type [-Wincompatible-pointer-types]
 2077 |                 Animation_MorphToPlayOnce(&sKotakePtr->skelAnime, &gTwinrovaKotakeKoumeIdleEndAnim, 0);
      |                                                                   ^~~~~~~~~~~~~~~~~~~~~~~~~~~~~~~~
      |                                                                   |
      |                                                                   const char (*)[57]
/home/david/Documents/RockBox_Personal-master/devsrc/nano-soh-runtime/Shipwright/soh/include/functions.h:1339:71: note: expected 'AnimationHeader *' but argument is of type 'const char (*)[57]'
 1339 | void Animation_MorphToPlayOnce(SkelAnime* skelAnime, AnimationHeader* animation, f32 morphFrames);
      |                                                      ~~~~~~~~~~~~~~~~~^~~~~~~~~
/home/david/Documents/RockBox_Personal-master/devsrc/nano-soh-runtime/Shipwright/soh/src/overlays/actors/ovl_Boss_Tw/z_boss_tw.c:2078:67: warning: passing argument 1 of 'Animation_GetLastFrame' discards 'const' qualifier from pointer target type [-Wdiscarded-array-qualifiers]
 2078 |                 this->workf[ANIM_SW_TGT] = Animation_GetLastFrame(&gTwinrovaKotakeKoumeIdleEndAnim);
      |                                                                   ^~~~~~~~~~~~~~~~~~~~~~~~~~~~~~~~
/home/david/Documents/RockBox_Personal-master/devsrc/nano-soh-runtime/Shipwright/soh/include/functions.h:1278:34: note: expected 'void *' but argument is of type 'const char (*)[57]'
 1278 | s16 Animation_GetLastFrame(void* animation);
      |                            ~~~~~~^~~~~~~~~
/home/david/Documents/RockBox_Personal-master/devsrc/nano-soh-runtime/Shipwright/soh/src/overlays/actors/ovl_Boss_Tw/z_boss_tw.c:2123:79: warning: passing argument 2 of 'Animation_MorphToPlayOnce' from incompatible pointer type [-Wincompatible-pointer-types]
 2123 |                             Animation_MorphToPlayOnce(&sKotakePtr->skelAnime, &gTwinrovaKotakeKoumeLaughAnim, -5.0f);
      |                                                                               ^~~~~~~~~~~~~~~~~~~~~~~~~~~~~~
      |                                                                               |
      |                                                                               const char (*)[55]
/home/david/Documents/RockBox_Personal-master/devsrc/nano-soh-runtime/Shipwright/soh/include/functions.h:1339:71: note: expected 'AnimationHeader *' but argument is of type 'const char (*)[55]'
 1339 | void Animation_MorphToPlayOnce(SkelAnime* skelAnime, AnimationHeader* animation, f32 morphFrames);
      |                                                      ~~~~~~~~~~~~~~~~~^~~~~~~~~
/home/david/Documents/RockBox_Personal-master/devsrc/nano-soh-runtime/Shipwright/soh/src/overlays/actors/ovl_Boss_Tw/z_boss_tw.c:2124:79: warning: passing argument 1 of 'Animation_GetLastFrame' discards 'const' qualifier from pointer target type [-Wdiscarded-array-qualifiers]
 2124 |                             this->workf[ANIM_SW_TGT] = Animation_GetLastFrame(&gTwinrovaKotakeKoumeLaughAnim);
      |                                                                               ^~~~~~~~~~~~~~~~~~~~~~~~~~~~~~
/home/david/Documents/RockBox_Personal-master/devsrc/nano-soh-runtime/Shipwright/soh/include/functions.h:1278:34: note: expected 'void *' but argument is of type 'const char (*)[55]'
 1278 | s16 Animation_GetLastFrame(void* animation);
      |                            ~~~~~~^~~~~~~~~
/home/david/Documents/RockBox_Personal-master/devsrc/nano-soh-runtime/Shipwright/soh/src/overlays/actors/ovl_Boss_Tw/z_boss_tw.c:2132:75: warning: passing argument 2 of 'Animation_MorphToLoop' from incompatible pointer type [-Wincompatible-pointer-types]
 2132 |                             Animation_MorphToLoop(&sKotakePtr->skelAnime, &gTwinrovaKotakeKoumeFlyAnim, 0.0f);
      |                                                                           ^~~~~~~~~~~~~~~~~~~~~~~~~~~~
      |                                                                           |
      |                                                                           const char (*)[53]
/home/david/Documents/RockBox_Personal-master/devsrc/nano-soh-runtime/Shipwright/soh/include/functions.h:1342:67: note: expected 'AnimationHeader *' but argument is of type 'const char (*)[53]'
 1342 | void Animation_MorphToLoop(SkelAnime* skelAnime, AnimationHeader* animation, f32 morphFrames);
      |                                                  ~~~~~~~~~~~~~~~~~^~~~~~~~~
/home/david/Documents/RockBox_Personal-master/devsrc/nano-soh-runtime/Shipwright/soh/src/overlays/actors/ovl_Boss_Tw/z_boss_tw.c:2175:67: warning: passing argument 2 of 'Animation_MorphToLoop' from incompatible pointer type [-Wincompatible-pointer-types]
 2175 |                     Animation_MorphToLoop(&sKotakePtr->skelAnime, &gTwinrovaKotakeKoumeFlyAnim, 0.0f);
      |                                                                   ^~~~~~~~~~~~~~~~~~~~~~~~~~~~
      |                                                                   |
      |                                                                   const char (*)[53]
/home/david/Documents/RockBox_Personal-master/devsrc/nano-soh-runtime/Shipwright/soh/include/functions.h:1342:67: note: expected 'AnimationHeader *' but argument is of type 'const char (*)[53]'
 1342 | void Animation_MorphToLoop(SkelAnime* skelAnime, AnimationHeader* animation, f32 morphFrames);
      |                                                  ~~~~~~~~~~~~~~~~~^~~~~~~~~
In file included from /home/david/Documents/RockBox_Personal-master/devsrc/nano-soh-runtime/Shipwright/soh/include/global.h:10:
/home/david/Documents/RockBox_Personal-master/devsrc/nano-soh-runtime/Shipwright/soh/src/overlays/actors/ovl_Boss_Tw/z_boss_tw.c:2196:93: warning: passing argument 3 of 'TitleCard_InitBossName' discards 'const' qualifier from pointer target type [-Wdiscarded-qualifiers]
 2196 |                 TitleCard_InitBossName(play, &play->actorCtx.titleCtx, SEGMENTED_TO_VIRTUAL(gTwinrovaTitleCardENGTex),
      |                                                                                             ^~~~~~~~~~~~~~~~~~~~~~~~
/home/david/Documents/RockBox_Personal-master/devsrc/nano-soh-runtime/Shipwright/soh/include/macros.h:37:36: note: in definition of macro 'SEGMENTED_TO_VIRTUAL'
   37 | #define SEGMENTED_TO_VIRTUAL(addr) addr
      |                                    ^~~~
/home/david/Documents/RockBox_Personal-master/devsrc/nano-soh-runtime/Shipwright/soh/include/functions.h:394:80: note: expected 'void *' but argument is of type 'const char *'
  394 | void TitleCard_InitBossName(PlayState* play, TitleCardContext* titleCtx, void* texture, s16 x, s16 y, u8 width,
      |                                                                          ~~~~~~^~~~~~~
/home/david/Documents/RockBox_Personal-master/devsrc/nano-soh-runtime/Shipwright/soh/src/overlays/actors/ovl_Boss_Tw/z_boss_tw.c: In function 'BossTw_TwinrovaSetupDeathCS':
/home/david/Documents/RockBox_Personal-master/devsrc/nano-soh-runtime/Shipwright/soh/src/overlays/actors/ovl_Boss_Tw/z_boss_tw.c:2350:45: warning: passing argument 2 of 'Animation_MorphToLoop' from incompatible pointer type [-Wincompatible-pointer-types]
 2350 |     Animation_MorphToLoop(&this->skelAnime, &gTwinrovaDamageAnim, -3.0f);
      |                                             ^~~~~~~~~~~~~~~~~~~~
      |                                             |
      |                                             const char (*)[45]
/home/david/Documents/RockBox_Personal-master/devsrc/nano-soh-runtime/Shipwright/soh/include/functions.h:1342:67: note: expected 'AnimationHeader *' but argument is of type 'const char (*)[45]'
 1342 | void Animation_MorphToLoop(SkelAnime* skelAnime, AnimationHeader* animation, f32 morphFrames);
      |                                                  ~~~~~~~~~~~~~~~~~^~~~~~~~~
/home/david/Documents/RockBox_Personal-master/devsrc/nano-soh-runtime/Shipwright/soh/src/overlays/actors/ovl_Boss_Tw/z_boss_tw.c: In function 'BossTw_DeathCSMsgSfx':
/home/david/Documents/RockBox_Personal-master/devsrc/nano-soh-runtime/Shipwright/soh/src/overlays/actors/ovl_Boss_Tw/z_boss_tw.c:2525:59: warning: passing argument 2 of 'Animation_MorphToLoop' from incompatible pointer type [-Wincompatible-pointer-types]
 2525 |             Animation_MorphToLoop(&sKotakePtr->skelAnime, &gTwinrovaKotakeKoumeShakeHandAnim, -5.0f);
      |                                                           ^~~~~~~~~~~~~~~~~~~~~~~~~~~~~~~~~~
      |                                                           |
      |                                                           const char (*)[59]
/home/david/Documents/RockBox_Personal-master/devsrc/nano-soh-runtime/Shipwright/soh/include/functions.h:1342:67: note: expected 'AnimationHeader *' but argument is of type 'const char (*)[59]'
 1342 | void Animation_MorphToLoop(SkelAnime* skelAnime, AnimationHeader* animation, f32 morphFrames);
      |                                                  ~~~~~~~~~~~~~~~~~^~~~~~~~~
/home/david/Documents/RockBox_Personal-master/devsrc/nano-soh-runtime/Shipwright/soh/src/overlays/actors/ovl_Boss_Tw/z_boss_tw.c:2528:59: warning: passing argument 2 of 'Animation_MorphToLoop' from incompatible pointer type [-Wincompatible-pointer-types]
 2528 |             Animation_MorphToLoop(&sKotakePtr->skelAnime, &gTwinrovaKotakeKoumeFloatLookForwardAnim, -5.0f);
      |                                                           ^~~~~~~~~~~~~~~~~~~~~~~~~~~~~~~~~~~~~~~~~
      |                                                           |
      |                                                           const char (*)[66]
/home/david/Documents/RockBox_Personal-master/devsrc/nano-soh-runtime/Shipwright/soh/include/functions.h:1342:67: note: expected 'AnimationHeader *' but argument is of type 'const char (*)[66]'
 1342 | void Animation_MorphToLoop(SkelAnime* skelAnime, AnimationHeader* animation, f32 morphFrames);
      |                                                  ~~~~~~~~~~~~~~~~~^~~~~~~~~
/home/david/Documents/RockBox_Personal-master/devsrc/nano-soh-runtime/Shipwright/soh/src/overlays/actors/ovl_Boss_Tw/z_boss_tw.c:2531:59: warning: passing argument 2 of 'Animation_MorphToLoop' from incompatible pointer type [-Wincompatible-pointer-types]
 2531 |             Animation_MorphToLoop(&sKotakePtr->skelAnime, &gTwinrovaKotakeKoumeFloatLookUpAnim, -5.0f);
      |                                                           ^~~~~~~~~~~~~~~~~~~~~~~~~~~~~~~~~~~~
      |                                                           |
      |                                                           const char (*)[61]
/home/david/Documents/RockBox_Personal-master/devsrc/nano-soh-runtime/Shipwright/soh/include/functions.h:1342:67: note: expected 'AnimationHeader *' but argument is of type 'const char (*)[61]'
 1342 | void Animation_MorphToLoop(SkelAnime* skelAnime, AnimationHeader* animation, f32 morphFrames);
      |                                                  ~~~~~~~~~~~~~~~~~^~~~~~~~~
/home/david/Documents/RockBox_Personal-master/devsrc/nano-soh-runtime/Shipwright/soh/src/overlays/actors/ovl_Boss_Tw/z_boss_tw.c:2534:59: warning: passing argument 2 of 'Animation_MorphToLoop' from incompatible pointer type [-Wincompatible-pointer-types]
 2534 |             Animation_MorphToLoop(&sKotakePtr->skelAnime, &gTwinrovaKotakeKoumeBickerAnim, -5.0f);
      |                                                           ^~~~~~~~~~~~~~~~~~~~~~~~~~~~~~~
      |                                                           |
      |                                                           const char (*)[56]
/home/david/Documents/RockBox_Personal-master/devsrc/nano-soh-runtime/Shipwright/soh/include/functions.h:1342:67: note: expected 'AnimationHeader *' but argument is of type 'const char (*)[56]'
 1342 | void Animation_MorphToLoop(SkelAnime* skelAnime, AnimationHeader* animation, f32 morphFrames);
      |                                                  ~~~~~~~~~~~~~~~~~^~~~~~~~~
/home/david/Documents/RockBox_Personal-master/devsrc/nano-soh-runtime/Shipwright/soh/src/overlays/actors/ovl_Boss_Tw/z_boss_tw.c:2540:58: warning: passing argument 2 of 'Animation_MorphToLoop' from incompatible pointer type [-Wincompatible-pointer-types]
 2540 |             Animation_MorphToLoop(&sKoumePtr->skelAnime, &gTwinrovaKotakeKoumeShakeHandAnim, -5.0f);
      |                                                          ^~~~~~~~~~~~~~~~~~~~~~~~~~~~~~~~~~
      |                                                          |
      |                                                          const char (*)[59]
/home/david/Documents/RockBox_Personal-master/devsrc/nano-soh-runtime/Shipwright/soh/include/functions.h:1342:67: note: expected 'AnimationHeader *' but argument is of type 'const char (*)[59]'
 1342 | void Animation_MorphToLoop(SkelAnime* skelAnime, AnimationHeader* animation, f32 morphFrames);
      |                                                  ~~~~~~~~~~~~~~~~~^~~~~~~~~
/home/david/Documents/RockBox_Personal-master/devsrc/nano-soh-runtime/Shipwright/soh/src/overlays/actors/ovl_Boss_Tw/z_boss_tw.c:2543:58: warning: passing argument 2 of 'Animation_MorphToLoop' from incompatible pointer type [-Wincompatible-pointer-types]
 2543 |             Animation_MorphToLoop(&sKoumePtr->skelAnime, &gTwinrovaKotakeKoumeFloatLookForwardAnim, -5.0f);
      |                                                          ^~~~~~~~~~~~~~~~~~~~~~~~~~~~~~~~~~~~~~~~~
      |                                                          |
      |                                                          const char (*)[66]
/home/david/Documents/RockBox_Personal-master/devsrc/nano-soh-runtime/Shipwright/soh/include/functions.h:1342:67: note: expected 'AnimationHeader *' but argument is of type 'const char (*)[66]'
 1342 | void Animation_MorphToLoop(SkelAnime* skelAnime, AnimationHeader* animation, f32 morphFrames);
      |                                                  ~~~~~~~~~~~~~~~~~^~~~~~~~~
/home/david/Documents/RockBox_Personal-master/devsrc/nano-soh-runtime/Shipwright/soh/src/overlays/actors/ovl_Boss_Tw/z_boss_tw.c:2546:58: warning: passing argument 2 of 'Animation_MorphToLoop' from incompatible pointer type [-Wincompatible-pointer-types]
 2546 |             Animation_MorphToLoop(&sKoumePtr->skelAnime, &gTwinrovaKotakeKoumeFloatLookUpAnim, -5.0f);
      |                                                          ^~~~~~~~~~~~~~~~~~~~~~~~~~~~~~~~~~~~
      |                                                          |
      |                                                          const char (*)[61]
/home/david/Documents/RockBox_Personal-master/devsrc/nano-soh-runtime/Shipwright/soh/include/functions.h:1342:67: note: expected 'AnimationHeader *' but argument is of type 'const char (*)[61]'
 1342 | void Animation_MorphToLoop(SkelAnime* skelAnime, AnimationHeader* animation, f32 morphFrames);
      |                                                  ~~~~~~~~~~~~~~~~~^~~~~~~~~
/home/david/Documents/RockBox_Personal-master/devsrc/nano-soh-runtime/Shipwright/soh/src/overlays/actors/ovl_Boss_Tw/z_boss_tw.c:2549:58: warning: passing argument 2 of 'Animation_MorphToLoop' from incompatible pointer type [-Wincompatible-pointer-types]
 2549 |             Animation_MorphToLoop(&sKoumePtr->skelAnime, &gTwinrovaKotakeKoumeBickerAnim, -5.0f);
      |                                                          ^~~~~~~~~~~~~~~~~~~~~~~~~~~~~~~
      |                                                          |
      |                                                          const char (*)[56]
/home/david/Documents/RockBox_Personal-master/devsrc/nano-soh-runtime/Shipwright/soh/include/functions.h:1342:67: note: expected 'AnimationHeader *' but argument is of type 'const char (*)[56]'
 1342 | void Animation_MorphToLoop(SkelAnime* skelAnime, AnimationHeader* animation, f32 morphFrames);
      |                                                  ~~~~~~~~~~~~~~~~~^~~~~~~~~
/home/david/Documents/RockBox_Personal-master/devsrc/nano-soh-runtime/Shipwright/soh/src/overlays/actors/ovl_Boss_Tw/z_boss_tw.c: In function 'BossTw_TwinrovaDeathCS':
/home/david/Documents/RockBox_Personal-master/devsrc/nano-soh-runtime/Shipwright/soh/src/overlays/actors/ovl_Boss_Tw/z_boss_tw.c:2604:61: warning: passing argument 2 of 'Animation_MorphToPlayOnce' from incompatible pointer type [-Wincompatible-pointer-types]
 2604 |                 Animation_MorphToPlayOnce(&this->skelAnime, &gTwinrovaDeathAnim, -3.0f);
      |                                                             ^~~~~~~~~~~~~~~~~~~
      |                                                             |
      |                                                             const char (*)[44]
/home/david/Documents/RockBox_Personal-master/devsrc/nano-soh-runtime/Shipwright/soh/include/functions.h:1339:71: note: expected 'AnimationHeader *' but argument is of type 'const char (*)[44]'
 1339 | void Animation_MorphToPlayOnce(SkelAnime* skelAnime, AnimationHeader* animation, f32 morphFrames);
      |                                                      ~~~~~~~~~~~~~~~~~^~~~~~~~~
/home/david/Documents/RockBox_Personal-master/devsrc/nano-soh-runtime/Shipwright/soh/src/overlays/actors/ovl_Boss_Tw/z_boss_tw.c: In function 'BossTw_OverrideLimbDraw':
/home/david/Documents/RockBox_Personal-master/devsrc/nano-soh-runtime/Shipwright/soh/src/overlays/actors/ovl_Boss_Tw/z_boss_tw.c:3164:24: warning: assignment to 'Gfx *' from incompatible pointer type 'const char *' [-Wincompatible-pointer-types]
 3164 |                 *dList = gTwinrovaKotakeHeadDL;
      |                        ^
/home/david/Documents/RockBox_Personal-master/devsrc/nano-soh-runtime/Shipwright/soh/src/overlays/actors/ovl_Boss_Tw/z_boss_tw.c:3166:24: warning: assignment to 'Gfx *' from incompatible pointer type 'const char *' [-Wincompatible-pointer-types]
 3166 |                 *dList = gTwinrovaKoumeHeadDL;
      |                        ^
/home/david/Documents/RockBox_Personal-master/devsrc/nano-soh-runtime/Shipwright/soh/src/overlays/actors/ovl_Boss_Tw/z_boss_tw.c:3176:24: warning: assignment to 'Gfx *' from incompatible pointer type 'const char *' [-Wincompatible-pointer-types]
 3176 |                 *dList = gTwinrovaKotakeBroomDL;
      |                        ^
/home/david/Documents/RockBox_Personal-master/devsrc/nano-soh-runtime/Shipwright/soh/src/overlays/actors/ovl_Boss_Tw/z_boss_tw.c:3178:24: warning: assignment to 'Gfx *' from incompatible pointer type 'const char *' [-Wincompatible-pointer-types]
 3178 |                 *dList = gTwinrovaKoumeBroomDL;
      |                        ^
/home/david/Documents/RockBox_Personal-master/devsrc/nano-soh-runtime/Shipwright/soh/src/overlays/actors/ovl_Boss_Tw/z_boss_tw.c: In function 'BossTw_PostLimbDraw':
/home/david/Documents/RockBox_Personal-master/devsrc/nano-soh-runtime/Shipwright/soh/src/overlays/actors/ovl_Boss_Tw/z_boss_tw.c:3206:74: warning: passing argument 2 of 'gSPDisplayList' from incompatible pointer type [-Wincompatible-pointer-types]
 3206 |                     gSPDisplayList(POLY_XLU_DISP++, SEGMENTED_TO_VIRTUAL(gTwinrovaKotakeIceHairDL));
      |                                                                          ^~~~~~~~~~~~~~~~~~~~~~~~
      |                                                                          |
      |                                                                          const char *
/home/david/Documents/RockBox_Personal-master/devsrc/nano-soh-runtime/Shipwright/soh/include/macros.h:37:36: note: in definition of macro 'SEGMENTED_TO_VIRTUAL'
   37 | #define SEGMENTED_TO_VIRTUAL(addr) addr
      |                                    ^~~~
/home/david/Documents/RockBox_Personal-master/devsrc/nano-soh-runtime/Shipwright/soh/include/functions.h:24:36: note: expected 'Gfx *' but argument is of type 'const char *'
   24 | void gSPDisplayList(Gfx* pkt, Gfx* dl);
      |                               ~~~~~^~
/home/david/Documents/RockBox_Personal-master/devsrc/nano-soh-runtime/Shipwright/soh/src/overlays/actors/ovl_Boss_Tw/z_boss_tw.c:3208:74: warning: passing argument 2 of 'gSPDisplayList' from incompatible pointer type [-Wincompatible-pointer-types]
 3208 |                     gSPDisplayList(POLY_XLU_DISP++, SEGMENTED_TO_VIRTUAL(gTwinrovaKoumeFireHairDL));
      |                                                                          ^~~~~~~~~~~~~~~~~~~~~~~~
      |                                                                          |
      |                                                                          const char *
/home/david/Documents/RockBox_Personal-master/devsrc/nano-soh-runtime/Shipwright/soh/include/macros.h:37:36: note: in definition of macro 'SEGMENTED_TO_VIRTUAL'
   37 | #define SEGMENTED_TO_VIRTUAL(addr) addr
      |                                    ^~~~
/home/david/Documents/RockBox_Personal-master/devsrc/nano-soh-runtime/Shipwright/soh/include/functions.h:24:36: note: expected 'Gfx *' but argument is of type 'const char *'
   24 | void gSPDisplayList(Gfx* pkt, Gfx* dl);
      |                               ~~~~~^~
/home/david/Documents/RockBox_Personal-master/devsrc/nano-soh-runtime/Shipwright/soh/src/overlays/actors/ovl_Boss_Tw/z_boss_tw.c:3224:74: warning: passing argument 2 of 'gSPDisplayList' from incompatible pointer type [-Wincompatible-pointer-types]
 3224 |                     gSPDisplayList(POLY_XLU_DISP++, SEGMENTED_TO_VIRTUAL(gTwinrovaKotakeIceBroomHeadDL));
      |                                                                          ^~~~~~~~~~~~~~~~~~~~~~~~~~~~~
      |                                                                          |
      |                                                                          const char *
/home/david/Documents/RockBox_Personal-master/devsrc/nano-soh-runtime/Shipwright/soh/include/macros.h:37:36: note: in definition of macro 'SEGMENTED_TO_VIRTUAL'
   37 | #define SEGMENTED_TO_VIRTUAL(addr) addr
      |                                    ^~~~
/home/david/Documents/RockBox_Personal-master/devsrc/nano-soh-runtime/Shipwright/soh/include/functions.h:24:36: note: expected 'Gfx *' but argument is of type 'const char *'
   24 | void gSPDisplayList(Gfx* pkt, Gfx* dl);
      |                               ~~~~~^~
/home/david/Documents/RockBox_Personal-master/devsrc/nano-soh-runtime/Shipwright/soh/src/overlays/actors/ovl_Boss_Tw/z_boss_tw.c:3226:74: warning: passing argument 2 of 'gSPDisplayList' from incompatible pointer type [-Wincompatible-pointer-types]
 3226 |                     gSPDisplayList(POLY_XLU_DISP++, SEGMENTED_TO_VIRTUAL(gTwinrovaKotakeIceBroomHeadOuterDL));
      |                                                                          ^~~~~~~~~~~~~~~~~~~~~~~~~~~~~~~~~~
      |                                                                          |
      |                                                                          const char *
/home/david/Documents/RockBox_Personal-master/devsrc/nano-soh-runtime/Shipwright/soh/include/macros.h:37:36: note: in definition of macro 'SEGMENTED_TO_VIRTUAL'
   37 | #define SEGMENTED_TO_VIRTUAL(addr) addr
      |                                    ^~~~
/home/david/Documents/RockBox_Personal-master/devsrc/nano-soh-runtime/Shipwright/soh/include/functions.h:24:36: note: expected 'Gfx *' but argument is of type 'const char *'
   24 | void gSPDisplayList(Gfx* pkt, Gfx* dl);
      |                               ~~~~~^~
/home/david/Documents/RockBox_Personal-master/devsrc/nano-soh-runtime/Shipwright/soh/src/overlays/actors/ovl_Boss_Tw/z_boss_tw.c:3229:74: warning: passing argument 2 of 'gSPDisplayList' from incompatible pointer type [-Wincompatible-pointer-types]
 3229 |                     gSPDisplayList(POLY_XLU_DISP++, SEGMENTED_TO_VIRTUAL(gTwinrovaKotakeFireBroomHeadDL));
      |                                                                          ^~~~~~~~~~~~~~~~~~~~~~~~~~~~~~
      |                                                                          |
      |                                                                          const char *
/home/david/Documents/RockBox_Personal-master/devsrc/nano-soh-runtime/Shipwright/soh/include/macros.h:37:36: note: in definition of macro 'SEGMENTED_TO_VIRTUAL'
   37 | #define SEGMENTED_TO_VIRTUAL(addr) addr
      |                                    ^~~~
/home/david/Documents/RockBox_Personal-master/devsrc/nano-soh-runtime/Shipwright/soh/include/functions.h:24:36: note: expected 'Gfx *' but argument is of type 'const char *'
   24 | void gSPDisplayList(Gfx* pkt, Gfx* dl);
      |                               ~~~~~^~
/home/david/Documents/RockBox_Personal-master/devsrc/nano-soh-runtime/Shipwright/soh/src/overlays/actors/ovl_Boss_Tw/z_boss_tw.c:3231:74: warning: passing argument 2 of 'gSPDisplayList' from incompatible pointer type [-Wincompatible-pointer-types]
 3231 |                     gSPDisplayList(POLY_XLU_DISP++, SEGMENTED_TO_VIRTUAL(gTwinrovaKotakeFireBroomHeadOuterDL));
      |                                                                          ^~~~~~~~~~~~~~~~~~~~~~~~~~~~~~~~~~~
      |                                                                          |
      |                                                                          const char *
/home/david/Documents/RockBox_Personal-master/devsrc/nano-soh-runtime/Shipwright/soh/include/macros.h:37:36: note: in definition of macro 'SEGMENTED_TO_VIRTUAL'
   37 | #define SEGMENTED_TO_VIRTUAL(addr) addr
      |                                    ^~~~
/home/david/Documents/RockBox_Personal-master/devsrc/nano-soh-runtime/Shipwright/soh/include/functions.h:24:36: note: expected 'Gfx *' but argument is of type 'const char *'
   24 | void gSPDisplayList(Gfx* pkt, Gfx* dl);
      |                               ~~~~~^~
/home/david/Documents/RockBox_Personal-master/devsrc/nano-soh-runtime/Shipwright/soh/src/overlays/actors/ovl_Boss_Tw/z_boss_tw.c: In function 'func_80941BC0':
/home/david/Documents/RockBox_Personal-master/devsrc/nano-soh-runtime/Shipwright/soh/src/overlays/actors/ovl_Boss_Tw/z_boss_tw.c:3252:58: warning: passing argument 2 of 'gSPDisplayList' from incompatible pointer type [-Wincompatible-pointer-types]
 3252 |     gSPDisplayList(POLY_XLU_DISP++, SEGMENTED_TO_VIRTUAL(gTwinrovaIcePoolDL));
      |                                                          ^~~~~~~~~~~~~~~~~~
      |                                                          |
      |                                                          const char *
/home/david/Documents/RockBox_Personal-master/devsrc/nano-soh-runtime/Shipwright/soh/include/macros.h:37:36: note: in definition of macro 'SEGMENTED_TO_VIRTUAL'
   37 | #define SEGMENTED_TO_VIRTUAL(addr) addr
      |                                    ^~~~
/home/david/Documents/RockBox_Personal-master/devsrc/nano-soh-runtime/Shipwright/soh/include/functions.h:24:36: note: expected 'Gfx *' but argument is of type 'const char *'
   24 | void gSPDisplayList(Gfx* pkt, Gfx* dl);
      |                               ~~~~~^~
/home/david/Documents/RockBox_Personal-master/devsrc/nano-soh-runtime/Shipwright/soh/src/overlays/actors/ovl_Boss_Tw/z_boss_tw.c:3256:16: warning: passing argument 3 of 'gSPSegment' makes integer from pointer without a cast [-Wint-conversion]
 3256 |                Gfx_TwoTexScrollEx(play->state.gfxCtx, 0, 0, 0, 0x20, 0x40, 1, (u32)this->workf[UNK_F16] & 0x3F,
      |                ^~~~~~~~~~~~~~~~~~~~~~~~~~~~~~~~~~~~~~~~~~~~~~~~~~~~~~~~~~~~~~~~~~~~~~~~~~~~~~~~~~~~~~~~~~~~~~~~
      |                |
      |                Gfx *
 3257 |                                   (this->work[CS_TIMER_2] * 4) & 0x3F, 0x10, 0x10, 0, 0, 5, 4));
      |                                   ~~~~~~~~~~~~~~~~~~~~~~~~~~~~~~~~~~~~~~~~~~~~~~~~~~~~~~~~~~~~
/home/david/Documents/RockBox_Personal-master/devsrc/nano-soh-runtime/Shipwright/soh/include/functions.h:22:52: note: expected 'uintptr_t' {aka 'unsigned int'} but argument is of type 'Gfx *'
   22 | void gSPSegment(void* value, int segNum, uintptr_t target);
      |                                          ~~~~~~~~~~^~~~~~
/home/david/Documents/RockBox_Personal-master/devsrc/nano-soh-runtime/Shipwright/soh/src/overlays/actors/ovl_Boss_Tw/z_boss_tw.c:3261:58: warning: passing argument 2 of 'gSPDisplayList' from incompatible pointer type [-Wincompatible-pointer-types]
 3261 |     gSPDisplayList(POLY_XLU_DISP++, SEGMENTED_TO_VIRTUAL(gTwinrovaIcePoolShineDL));
      |                                                          ^~~~~~~~~~~~~~~~~~~~~~~
      |                                                          |
      |                                                          const char *
/home/david/Documents/RockBox_Personal-master/devsrc/nano-soh-runtime/Shipwright/soh/include/macros.h:37:36: note: in definition of macro 'SEGMENTED_TO_VIRTUAL'
   37 | #define SEGMENTED_TO_VIRTUAL(addr) addr
      |                                    ^~~~
/home/david/Documents/RockBox_Personal-master/devsrc/nano-soh-runtime/Shipwright/soh/include/functions.h:24:36: note: expected 'Gfx *' but argument is of type 'const char *'
   24 | void gSPDisplayList(Gfx* pkt, Gfx* dl);
      |                               ~~~~~^~
/home/david/Documents/RockBox_Personal-master/devsrc/nano-soh-runtime/Shipwright/soh/src/overlays/actors/ovl_Boss_Tw/z_boss_tw.c:3265:16: warning: passing argument 3 of 'gSPSegment' makes integer from pointer without a cast [-Wint-conversion]
 3265 |                Gfx_TwoTexScrollEx(play->state.gfxCtx, 0, this->work[CS_TIMER_2] & 0x7F,
      |                ^~~~~~~~~~~~~~~~~~~~~~~~~~~~~~~~~~~~~~~~~~~~~~~~~~~~~~~~~~~~~~~~~~~~~~~~
      |                |
      |                Gfx *
 3266 |                                   (this->work[CS_TIMER_2] * 8) & 0xFF, 0x20, 0x40, 1,
      |                                   ~~~~~~~~~~~~~~~~~~~~~~~~~~~~~~~~~~~~~~~~~~~~~~~~~~~
 3267 |                                   (-this->work[CS_TIMER_2] * 2) & 0x3F, 0, 0x10, 0x10, 1, 8, 2, 0));
      |                                   ~~~~~~~~~~~~~~~~~~~~~~~~~~~~~~~~~~~~~~~~~~~~~~~~~~~~~~~~~~~~~~~~
/home/david/Documents/RockBox_Personal-master/devsrc/nano-soh-runtime/Shipwright/soh/include/functions.h:22:52: note: expected 'uintptr_t' {aka 'unsigned int'} but argument is of type 'Gfx *'
   22 | void gSPSegment(void* value, int segNum, uintptr_t target);
      |                                          ~~~~~~~~~~^~~~~~
/home/david/Documents/RockBox_Personal-master/devsrc/nano-soh-runtime/Shipwright/soh/src/overlays/actors/ovl_Boss_Tw/z_boss_tw.c:3275:58: warning: passing argument 2 of 'gSPDisplayList' from incompatible pointer type [-Wincompatible-pointer-types]
 3275 |     gSPDisplayList(POLY_XLU_DISP++, SEGMENTED_TO_VIRTUAL(gTwinrovaEffectHaloDL));
      |                                                          ^~~~~~~~~~~~~~~~~~~~~
      |                                                          |
      |                                                          const char *
/home/david/Documents/RockBox_Personal-master/devsrc/nano-soh-runtime/Shipwright/soh/include/macros.h:37:36: note: in definition of macro 'SEGMENTED_TO_VIRTUAL'
   37 | #define SEGMENTED_TO_VIRTUAL(addr) addr
      |                                    ^~~~
/home/david/Documents/RockBox_Personal-master/devsrc/nano-soh-runtime/Shipwright/soh/include/functions.h:24:36: note: expected 'Gfx *' but argument is of type 'const char *'
   24 | void gSPDisplayList(Gfx* pkt, Gfx* dl);
      |                               ~~~~~^~
/home/david/Documents/RockBox_Personal-master/devsrc/nano-soh-runtime/Shipwright/soh/src/overlays/actors/ovl_Boss_Tw/z_boss_tw.c: In function 'func_80942180':
/home/david/Documents/RockBox_Personal-master/devsrc/nano-soh-runtime/Shipwright/soh/src/overlays/actors/ovl_Boss_Tw/z_boss_tw.c:3292:16: warning: passing argument 3 of 'gSPSegment' makes integer from pointer without a cast [-Wint-conversion]
 3292 |                Gfx_TwoTexScrollEx(play->state.gfxCtx, 0, (-this->work[CS_TIMER_1]) & 0x7F, 0, 0x20, 0x20, 1,
      |                ^~~~~~~~~~~~~~~~~~~~~~~~~~~~~~~~~~~~~~~~~~~~~~~~~~~~~~~~~~~~~~~~~~~~~~~~~~~~~~~~~~~~~~~~~~~~~
      |                |
      |                Gfx *
 3293 |                                   (this->work[CS_TIMER_1] * 2) & 0x7F, 0, 0x20, 0x20, -1, 0, 2, 0));
      |                                   ~~~~~~~~~~~~~~~~~~~~~~~~~~~~~~~~~~~~~~~~~~~~~~~~~~~~~~~~~~~~~~~~
/home/david/Documents/RockBox_Personal-master/devsrc/nano-soh-runtime/Shipwright/soh/include/functions.h:22:52: note: expected 'uintptr_t' {aka 'unsigned int'} but argument is of type 'Gfx *'
   22 | void gSPSegment(void* value, int segNum, uintptr_t target);
      |                                          ~~~~~~~~~~^~~~~~
/home/david/Documents/RockBox_Personal-master/devsrc/nano-soh-runtime/Shipwright/soh/src/overlays/actors/ovl_Boss_Tw/z_boss_tw.c:3298:58: warning: passing argument 2 of 'gSPDisplayList' from incompatible pointer type [-Wincompatible-pointer-types]
 3298 |     gSPDisplayList(POLY_XLU_DISP++, SEGMENTED_TO_VIRTUAL(gTwinrovaFirePoolDL));
      |                                                          ^~~~~~~~~~~~~~~~~~~
      |                                                          |
      |                                                          const char *
/home/david/Documents/RockBox_Personal-master/devsrc/nano-soh-runtime/Shipwright/soh/include/macros.h:37:36: note: in definition of macro 'SEGMENTED_TO_VIRTUAL'
   37 | #define SEGMENTED_TO_VIRTUAL(addr) addr
      |                                    ^~~~
/home/david/Documents/RockBox_Personal-master/devsrc/nano-soh-runtime/Shipwright/soh/include/functions.h:24:36: note: expected 'Gfx *' but argument is of type 'const char *'
   24 | void gSPDisplayList(Gfx* pkt, Gfx* dl);
      |                               ~~~~~^~
/home/david/Documents/RockBox_Personal-master/devsrc/nano-soh-runtime/Shipwright/soh/src/overlays/actors/ovl_Boss_Tw/z_boss_tw.c:3303:16: warning: passing argument 3 of 'gSPSegment' makes integer from pointer without a cast [-Wint-conversion]
 3303 |                Gfx_TwoTexScrollEx(play->state.gfxCtx, 0, this->work[CS_TIMER_1] & 0x7F,
      |                ^~~~~~~~~~~~~~~~~~~~~~~~~~~~~~~~~~~~~~~~~~~~~~~~~~~~~~~~~~~~~~~~~~~~~~~~
      |                |
      |                Gfx *
 3304 |                                   (-this->work[CS_TIMER_1] * 6) & 0xFF, 0x20, 0x40, 1,
      |                                   ~~~~~~~~~~~~~~~~~~~~~~~~~~~~~~~~~~~~~~~~~~~~~~~~~~~~
 3305 |                                   (this->work[CS_TIMER_1] * 2) & 0x7F, (-this->work[CS_TIMER_1] * 6) & 0xFF, 0x20, 0x40,
      |                                   ~~~~~~~~~~~~~~~~~~~~~~~~~~~~~~~~~~~~~~~~~~~~~~~~~~~~~~~~~~~~~~~~~~~~~~~~~~~~~~~~~~~~~~
 3306 |                                   1, -6, 2, -6));
      |                                   ~~~~~~~~~~~~~
/home/david/Documents/RockBox_Personal-master/devsrc/nano-soh-runtime/Shipwright/soh/include/functions.h:22:52: note: expected 'uintptr_t' {aka 'unsigned int'} but argument is of type 'Gfx *'
   22 | void gSPSegment(void* value, int segNum, uintptr_t target);
      |                                          ~~~~~~~~~~^~~~~~
/home/david/Documents/RockBox_Personal-master/devsrc/nano-soh-runtime/Shipwright/soh/src/overlays/actors/ovl_Boss_Tw/z_boss_tw.c:3310:58: warning: passing argument 2 of 'gSPDisplayList' from incompatible pointer type [-Wincompatible-pointer-types]
 3310 |     gSPDisplayList(POLY_XLU_DISP++, SEGMENTED_TO_VIRTUAL(gTwinrovaFireSmokeDL));
      |                                                          ^~~~~~~~~~~~~~~~~~~~
      |                                                          |
      |                                                          const char *
/home/david/Documents/RockBox_Personal-master/devsrc/nano-soh-runtime/Shipwright/soh/include/macros.h:37:36: note: in definition of macro 'SEGMENTED_TO_VIRTUAL'
   37 | #define SEGMENTED_TO_VIRTUAL(addr) addr
      |                                    ^~~~
/home/david/Documents/RockBox_Personal-master/devsrc/nano-soh-runtime/Shipwright/soh/include/functions.h:24:36: note: expected 'Gfx *' but argument is of type 'const char *'
   24 | void gSPDisplayList(Gfx* pkt, Gfx* dl);
      |                               ~~~~~^~
/home/david/Documents/RockBox_Personal-master/devsrc/nano-soh-runtime/Shipwright/soh/src/overlays/actors/ovl_Boss_Tw/z_boss_tw.c:3313:16: warning: passing argument 3 of 'gSPSegment' makes integer from pointer without a cast [-Wint-conversion]
 3313 |                Gfx_TwoTexScrollEx(play->state.gfxCtx, 0, (-this->work[CS_TIMER_1] * 3) & 0x7F, 0, 0x20, 0x20, 1, 0,
      |                ^~~~~~~~~~~~~~~~~~~~~~~~~~~~~~~~~~~~~~~~~~~~~~~~~~~~~~~~~~~~~~~~~~~~~~~~~~~~~~~~~~~~~~~~~~~~~~~~~~~~
      |                |
      |                Gfx *
 3314 |                                   (-this->work[CS_TIMER_1] * 10) & 0xFF, 0x20, 0x40, -3, 0, 0, -10));
      |                                   ~~~~~~~~~~~~~~~~~~~~~~~~~~~~~~~~~~~~~~~~~~~~~~~~~~~~~~~~~~~~~~~~~
/home/david/Documents/RockBox_Personal-master/devsrc/nano-soh-runtime/Shipwright/soh/include/functions.h:22:52: note: expected 'uintptr_t' {aka 'unsigned int'} but argument is of type 'Gfx *'
   22 | void gSPSegment(void* value, int segNum, uintptr_t target);
      |                                          ~~~~~~~~~~^~~~~~
/home/david/Documents/RockBox_Personal-master/devsrc/nano-soh-runtime/Shipwright/soh/src/overlays/actors/ovl_Boss_Tw/z_boss_tw.c:3320:58: warning: passing argument 2 of 'gSPDisplayList' from incompatible pointer type [-Wincompatible-pointer-types]
 3320 |     gSPDisplayList(POLY_XLU_DISP++, SEGMENTED_TO_VIRTUAL(gTwinrovaBigFlameDL));
      |                                                          ^~~~~~~~~~~~~~~~~~~
      |                                                          |
      |                                                          const char *
/home/david/Documents/RockBox_Personal-master/devsrc/nano-soh-runtime/Shipwright/soh/include/macros.h:37:36: note: in definition of macro 'SEGMENTED_TO_VIRTUAL'
   37 | #define SEGMENTED_TO_VIRTUAL(addr) addr
      |                                    ^~~~
/home/david/Documents/RockBox_Personal-master/devsrc/nano-soh-runtime/Shipwright/soh/include/functions.h:24:36: note: expected 'Gfx *' but argument is of type 'const char *'
   24 | void gSPDisplayList(Gfx* pkt, Gfx* dl);
      |                               ~~~~~^~
/home/david/Documents/RockBox_Personal-master/devsrc/nano-soh-runtime/Shipwright/soh/src/overlays/actors/ovl_Boss_Tw/z_boss_tw.c: In function 'func_809426F0':
/home/david/Documents/RockBox_Personal-master/devsrc/nano-soh-runtime/Shipwright/soh/src/overlays/actors/ovl_Boss_Tw/z_boss_tw.c:3334:16: warning: passing argument 3 of 'gSPSegment' makes integer from pointer without a cast [-Wint-conversion]
 3334 |                Gfx_TwoTexScrollEx(play->state.gfxCtx, 0, 0, (u8)(-this->work[CS_TIMER_2] * 15), 0x20, 0x40, 1, 0, 0,
      |                ^~~~~~~~~~~~~~~~~~~~~~~~~~~~~~~~~~~~~~~~~~~~~~~~~~~~~~~~~~~~~~~~~~~~~~~~~~~~~~~~~~~~~~~~~~~~~~~~~~~~~
      |                |
      |                Gfx *
 3335 |                                   0x40, 0x40, 0, -15, 0, 0));
      |                                   ~~~~~~~~~~~~~~~~~~~~~~~~~
/home/david/Documents/RockBox_Personal-master/devsrc/nano-soh-runtime/Shipwright/soh/include/functions.h:22:52: note: expected 'uintptr_t' {aka 'unsigned int'} but argument is of type 'Gfx *'
   22 | void gSPSegment(void* value, int segNum, uintptr_t target);
      |                                          ~~~~~~~~~~^~~~~~
/home/david/Documents/RockBox_Personal-master/devsrc/nano-soh-runtime/Shipwright/soh/src/overlays/actors/ovl_Boss_Tw/z_boss_tw.c:3345:62: warning: passing argument 2 of 'gSPDisplayList' from incompatible pointer type [-Wincompatible-pointer-types]
 3345 |         gSPDisplayList(POLY_XLU_DISP++, SEGMENTED_TO_VIRTUAL(gTwinrovaKotakeMagicSigilDL));
      |                                                              ^~~~~~~~~~~~~~~~~~~~~~~~~~~
      |                                                              |
      |                                                              const char *
/home/david/Documents/RockBox_Personal-master/devsrc/nano-soh-runtime/Shipwright/soh/include/macros.h:37:36: note: in definition of macro 'SEGMENTED_TO_VIRTUAL'
   37 | #define SEGMENTED_TO_VIRTUAL(addr) addr
      |                                    ^~~~
/home/david/Documents/RockBox_Personal-master/devsrc/nano-soh-runtime/Shipwright/soh/include/functions.h:24:36: note: expected 'Gfx *' but argument is of type 'const char *'
   24 | void gSPDisplayList(Gfx* pkt, Gfx* dl);
      |                               ~~~~~^~
/home/david/Documents/RockBox_Personal-master/devsrc/nano-soh-runtime/Shipwright/soh/src/overlays/actors/ovl_Boss_Tw/z_boss_tw.c:3348:62: warning: passing argument 2 of 'gSPDisplayList' from incompatible pointer type [-Wincompatible-pointer-types]
 3348 |         gSPDisplayList(POLY_XLU_DISP++, SEGMENTED_TO_VIRTUAL(gTwinrovaKoumeMagicSigilDL));
      |                                                              ^~~~~~~~~~~~~~~~~~~~~~~~~~
      |                                                              |
      |                                                              const char *
/home/david/Documents/RockBox_Personal-master/devsrc/nano-soh-runtime/Shipwright/soh/include/macros.h:37:36: note: in definition of macro 'SEGMENTED_TO_VIRTUAL'
   37 | #define SEGMENTED_TO_VIRTUAL(addr) addr
      |                                    ^~~~
/home/david/Documents/RockBox_Personal-master/devsrc/nano-soh-runtime/Shipwright/soh/include/functions.h:24:36: note: expected 'Gfx *' but argument is of type 'const char *'
   24 | void gSPDisplayList(Gfx* pkt, Gfx* dl);
      |                               ~~~~~^~
/home/david/Documents/RockBox_Personal-master/devsrc/nano-soh-runtime/Shipwright/soh/src/overlays/actors/ovl_Boss_Tw/z_boss_tw.c:3355:62: warning: passing argument 2 of 'gSPDisplayList' from incompatible pointer type [-Wincompatible-pointer-types]
 3355 |         gSPDisplayList(POLY_XLU_DISP++, SEGMENTED_TO_VIRTUAL(gTwinrovaIceMaterialDL));
      |                                                              ^~~~~~~~~~~~~~~~~~~~~~
      |                                                              |
      |                                                              const char *
/home/david/Documents/RockBox_Personal-master/devsrc/nano-soh-runtime/Shipwright/soh/include/macros.h:37:36: note: in definition of macro 'SEGMENTED_TO_VIRTUAL'
   37 | #define SEGMENTED_TO_VIRTUAL(addr) addr
      |                                    ^~~~
/home/david/Documents/RockBox_Personal-master/devsrc/nano-soh-runtime/Shipwright/soh/include/functions.h:24:36: note: expected 'Gfx *' but argument is of type 'const char *'
   24 | void gSPDisplayList(Gfx* pkt, Gfx* dl);
      |                               ~~~~~^~
/home/david/Documents/RockBox_Personal-master/devsrc/nano-soh-runtime/Shipwright/soh/src/overlays/actors/ovl_Boss_Tw/z_boss_tw.c:3369:20: warning: passing argument 3 of 'gSPSegment' makes integer from pointer without a cast [-Wint-conversion]
 3369 |                    Gfx_TwoTexScrollEx(play->state.gfxCtx, 0, ((this->work[CS_TIMER_2] * 3) + (i * 10)) & 0x7F,
      |                    ^~~~~~~~~~~~~~~~~~~~~~~~~~~~~~~~~~~~~~~~~~~~~~~~~~~~~~~~~~~~~~~~~~~~~~~~~~~~~~~~~~~~~~~~~~~
      |                    |
      |                    Gfx *
 3370 |                                       (u8)((-this->work[CS_TIMER_2] * 15) + (i * 50)), 0x20, 0x40, 1, 0, 0, 0x20, 0x20,
      |                                       ~~~~~~~~~~~~~~~~~~~~~~~~~~~~~~~~~~~~~~~~~~~~~~~~~~~~~~~~~~~~~~~~~~~~~~~~~~~~~~~~~
 3371 |                                       3, -15, 0, 0));
      |                                       ~~~~~~~~~~~~~
/home/david/Documents/RockBox_Personal-master/devsrc/nano-soh-runtime/Shipwright/soh/include/functions.h:22:52: note: expected 'uintptr_t' {aka 'unsigned int'} but argument is of type 'Gfx *'
   22 | void gSPSegment(void* value, int segNum, uintptr_t target);
      |                                          ~~~~~~~~~~^~~~~~
/home/david/Documents/RockBox_Personal-master/devsrc/nano-soh-runtime/Shipwright/soh/src/overlays/actors/ovl_Boss_Tw/z_boss_tw.c:3375:62: warning: passing argument 2 of 'gSPDisplayList' from incompatible pointer type [-Wincompatible-pointer-types]
 3375 |         gSPDisplayList(POLY_XLU_DISP++, SEGMENTED_TO_VIRTUAL(gTwinrovaFireDL));
      |                                                              ^~~~~~~~~~~~~~~
      |                                                              |
      |                                                              const char *
/home/david/Documents/RockBox_Personal-master/devsrc/nano-soh-runtime/Shipwright/soh/include/macros.h:37:36: note: in definition of macro 'SEGMENTED_TO_VIRTUAL'
   37 | #define SEGMENTED_TO_VIRTUAL(addr) addr
      |                                    ^~~~
/home/david/Documents/RockBox_Personal-master/devsrc/nano-soh-runtime/Shipwright/soh/include/functions.h:24:36: note: expected 'Gfx *' but argument is of type 'const char *'
   24 | void gSPDisplayList(Gfx* pkt, Gfx* dl);
      |                               ~~~~~^~
/home/david/Documents/RockBox_Personal-master/devsrc/nano-soh-runtime/Shipwright/soh/src/overlays/actors/ovl_Boss_Tw/z_boss_tw.c: In function 'func_80942C70':
/home/david/Documents/RockBox_Personal-master/devsrc/nano-soh-runtime/Shipwright/soh/src/overlays/actors/ovl_Boss_Tw/z_boss_tw.c:3393:20: warning: passing argument 3 of 'gSPSegment' makes integer from pointer without a cast [-Wint-conversion]
 3393 |                    Gfx_TexScrollEx(play->state.gfxCtx, 0, (u8)(this->work[CS_TIMER_1] * -0xF), 0x20, 0x40, 0, -0xF));
      |                    ^~~~~~~~~~~~~~~~~~~~~~~~~~~~~~~~~~~~~~~~~~~~~~~~~~~~~~~~~~~~~~~~~~~~~~~~~~~~~~~~~~~~~~~~~~~~~~~~
      |                    |
      |                    Gfx *
/home/david/Documents/RockBox_Personal-master/devsrc/nano-soh-runtime/Shipwright/soh/include/functions.h:22:52: note: expected 'uintptr_t' {aka 'unsigned int'} but argument is of type 'Gfx *'
   22 | void gSPSegment(void* value, int segNum, uintptr_t target);
      |                                          ~~~~~~~~~~^~~~~~
/home/david/Documents/RockBox_Personal-master/devsrc/nano-soh-runtime/Shipwright/soh/src/overlays/actors/ovl_Boss_Tw/z_boss_tw.c:3410:62: warning: passing argument 2 of 'gSPDisplayList' from incompatible pointer type [-Wincompatible-pointer-types]
 3410 |         gSPDisplayList(POLY_XLU_DISP++, SEGMENTED_TO_VIRTUAL(gTwinrovaBeamDL));
      |                                                              ^~~~~~~~~~~~~~~
      |                                                              |
      |                                                              const char *
/home/david/Documents/RockBox_Personal-master/devsrc/nano-soh-runtime/Shipwright/soh/include/macros.h:37:36: note: in definition of macro 'SEGMENTED_TO_VIRTUAL'
   37 | #define SEGMENTED_TO_VIRTUAL(addr) addr
      |                                    ^~~~
/home/david/Documents/RockBox_Personal-master/devsrc/nano-soh-runtime/Shipwright/soh/include/functions.h:24:36: note: expected 'Gfx *' but argument is of type 'const char *'
   24 | void gSPDisplayList(Gfx* pkt, Gfx* dl);
      |                               ~~~~~^~
/home/david/Documents/RockBox_Personal-master/devsrc/nano-soh-runtime/Shipwright/soh/src/overlays/actors/ovl_Boss_Tw/z_boss_tw.c:3421:66: warning: passing argument 2 of 'gSPDisplayList' from incompatible pointer type [-Wincompatible-pointer-types]
 3421 |             gSPDisplayList(POLY_XLU_DISP++, SEGMENTED_TO_VIRTUAL(gTwinrovaBeamDL));
      |                                                                  ^~~~~~~~~~~~~~~
      |                                                                  |
      |                                                                  const char *
/home/david/Documents/RockBox_Personal-master/devsrc/nano-soh-runtime/Shipwright/soh/include/macros.h:37:36: note: in definition of macro 'SEGMENTED_TO_VIRTUAL'
   37 | #define SEGMENTED_TO_VIRTUAL(addr) addr
      |                                    ^~~~
/home/david/Documents/RockBox_Personal-master/devsrc/nano-soh-runtime/Shipwright/soh/include/functions.h:24:36: note: expected 'Gfx *' but argument is of type 'const char *'
   24 | void gSPDisplayList(Gfx* pkt, Gfx* dl);
      |                               ~~~~~^~
/home/david/Documents/RockBox_Personal-master/devsrc/nano-soh-runtime/Shipwright/soh/src/overlays/actors/ovl_Boss_Tw/z_boss_tw.c: In function 'func_80943028':
/home/david/Documents/RockBox_Personal-master/devsrc/nano-soh-runtime/Shipwright/soh/src/overlays/actors/ovl_Boss_Tw/z_boss_tw.c:3440:58: warning: passing argument 2 of 'gSPDisplayList' from incompatible pointer type [-Wincompatible-pointer-types]
 3440 |     gSPDisplayList(POLY_XLU_DISP++, SEGMENTED_TO_VIRTUAL(gTwinrovaHaloDL));
      |                                                          ^~~~~~~~~~~~~~~
      |                                                          |
      |                                                          const char *
/home/david/Documents/RockBox_Personal-master/devsrc/nano-soh-runtime/Shipwright/soh/include/macros.h:37:36: note: in definition of macro 'SEGMENTED_TO_VIRTUAL'
   37 | #define SEGMENTED_TO_VIRTUAL(addr) addr
      |                                    ^~~~
/home/david/Documents/RockBox_Personal-master/devsrc/nano-soh-runtime/Shipwright/soh/include/functions.h:24:36: note: expected 'Gfx *' but argument is of type 'const char *'
   24 | void gSPDisplayList(Gfx* pkt, Gfx* dl);
      |                               ~~~~~^~
/home/david/Documents/RockBox_Personal-master/devsrc/nano-soh-runtime/Shipwright/soh/src/overlays/actors/ovl_Boss_Tw/z_boss_tw.c:3447:58: warning: passing argument 2 of 'gSPDisplayList' from incompatible pointer type [-Wincompatible-pointer-types]
 3447 |     gSPDisplayList(POLY_XLU_DISP++, SEGMENTED_TO_VIRTUAL(gCircleShadowDL));
      |                                                          ^~~~~~~~~~~~~~~
      |                                                          |
      |                                                          const char *
/home/david/Documents/RockBox_Personal-master/devsrc/nano-soh-runtime/Shipwright/soh/include/macros.h:37:36: note: in definition of macro 'SEGMENTED_TO_VIRTUAL'
   37 | #define SEGMENTED_TO_VIRTUAL(addr) addr
      |                                    ^~~~
/home/david/Documents/RockBox_Personal-master/devsrc/nano-soh-runtime/Shipwright/soh/include/functions.h:24:36: note: expected 'Gfx *' but argument is of type 'const char *'
   24 | void gSPDisplayList(Gfx* pkt, Gfx* dl);
      |                               ~~~~~^~
/home/david/Documents/RockBox_Personal-master/devsrc/nano-soh-runtime/Shipwright/soh/src/overlays/actors/ovl_Boss_Tw/z_boss_tw.c: At top level:
/home/david/Documents/RockBox_Personal-master/devsrc/nano-soh-runtime/Shipwright/soh/src/overlays/actors/ovl_Boss_Tw/z_boss_tw.c:3454:5: warning: initialization discards 'const' qualifier from pointer target type [-Wdiscarded-qualifiers]
 3454 |     gTwinrovaKotakeKoumeEyeOpenTex,
      |     ^~~~~~~~~~~~~~~~~~~~~~~~~~~~~~
/home/david/Documents/RockBox_Personal-master/devsrc/nano-soh-runtime/Shipwright/soh/src/overlays/actors/ovl_Boss_Tw/z_boss_tw.c:3455:5: warning: initialization discards 'const' qualifier from pointer target type [-Wdiscarded-qualifiers]
 3455 |     gTwinrovaKotakeKoumeEyeHalfTex,
      |     ^~~~~~~~~~~~~~~~~~~~~~~~~~~~~~
/home/david/Documents/RockBox_Personal-master/devsrc/nano-soh-runtime/Shipwright/soh/src/overlays/actors/ovl_Boss_Tw/z_boss_tw.c:3456:5: warning: initialization discards 'const' qualifier from pointer target type [-Wdiscarded-qualifiers]
 3456 |     gTwinrovaKotakeKoumeEyeClosedTex,
      |     ^~~~~~~~~~~~~~~~~~~~~~~~~~~~~~~~
/home/david/Documents/RockBox_Personal-master/devsrc/nano-soh-runtime/Shipwright/soh/src/overlays/actors/ovl_Boss_Tw/z_boss_tw.c: In function 'BossTw_Draw':
/home/david/Documents/RockBox_Personal-master/devsrc/nano-soh-runtime/Shipwright/soh/src/overlays/actors/ovl_Boss_Tw/z_boss_tw.c:3468:74: warning: passing argument 3 of 'gSPSegment' makes integer from pointer without a cast [-Wint-conversion]
 3468 |         gSPSegment(POLY_OPA_DISP++, 10, SEGMENTED_TO_VIRTUAL(sEyeTextures[this->eyeTexIdx]));
      |                                                              ~~~~~~~~~~~~^~~~~~~~~~~~~~~~~
      |                                                                          |
      |                                                                          void *
/home/david/Documents/RockBox_Personal-master/devsrc/nano-soh-runtime/Shipwright/soh/include/macros.h:37:36: note: in definition of macro 'SEGMENTED_TO_VIRTUAL'
   37 | #define SEGMENTED_TO_VIRTUAL(addr) addr
      |                                    ^~~~
/home/david/Documents/RockBox_Personal-master/devsrc/nano-soh-runtime/Shipwright/soh/include/functions.h:22:52: note: expected 'uintptr_t' {aka 'unsigned int'} but argument is of type 'void *'
   22 | void gSPSegment(void* value, int segNum, uintptr_t target);
      |                                          ~~~~~~~~~~^~~~~~
/home/david/Documents/RockBox_Personal-master/devsrc/nano-soh-runtime/Shipwright/soh/src/overlays/actors/ovl_Boss_Tw/z_boss_tw.c:3469:74: warning: passing argument 3 of 'gSPSegment' makes integer from pointer without a cast [-Wint-conversion]
 3469 |         gSPSegment(POLY_XLU_DISP++, 10, SEGMENTED_TO_VIRTUAL(sEyeTextures[this->eyeTexIdx]));
      |                                                              ~~~~~~~~~~~~^~~~~~~~~~~~~~~~~
      |                                                                          |
      |                                                                          void *
/home/david/Documents/RockBox_Personal-master/devsrc/nano-soh-runtime/Shipwright/soh/include/macros.h:37:36: note: in definition of macro 'SEGMENTED_TO_VIRTUAL'
   37 | #define SEGMENTED_TO_VIRTUAL(addr) addr
      |                                    ^~~~
/home/david/Documents/RockBox_Personal-master/devsrc/nano-soh-runtime/Shipwright/soh/include/functions.h:22:52: note: expected 'uintptr_t' {aka 'unsigned int'} but argument is of type 'void *'
   22 | void gSPSegment(void* value, int segNum, uintptr_t target);
      |                                          ~~~~~~~~~~^~~~~~
/home/david/Documents/RockBox_Personal-master/devsrc/nano-soh-runtime/Shipwright/soh/src/overlays/actors/ovl_Boss_Tw/z_boss_tw.c:3471:20: warning: passing argument 3 of 'gSPSegment' makes integer from pointer without a cast [-Wint-conversion]
 3471 |                    Gfx_TwoTexScrollEx(play->state.gfxCtx, 0, (s16)this->workf[OUTR_CRWN_TX_X1] & 0x7F,
      |                    ^~~~~~~~~~~~~~~~~~~~~~~~~~~~~~~~~~~~~~~~~~~~~~~~~~~~~~~~~~~~~~~~~~~~~~~~~~~~~~~~~~~
      |                    |
      |                    Gfx *
 3472 |                                       (s16)this->workf[OUTR_CRWN_TX_Y1] & 0x7F, 0x20, 0x20, 1,
      |                                       ~~~~~~~~~~~~~~~~~~~~~~~~~~~~~~~~~~~~~~~~~~~~~~~~~~~~~~~~
 3473 |                                       (s16)this->workf[OUTR_CRWN_TX_X2] & 0x7F,
      |                                       ~~~~~~~~~~~~~~~~~~~~~~~~~~~~~~~~~~~~~~~~~
 3474 |                                       (s16)this->workf[OUTR_CRWN_TX_Y2] & 0xFF, 0x20, 0x40, 0, 0,
      |                                       ~~~~~~~~~~~~~~~~~~~~~~~~~~~~~~~~~~~~~~~~~~~~~~~~~~~~~~~~~~~
 3475 |                                       this->actor.params == 0 ? 1 : 0, this->actor.params == 0 ? -7 : -15));
      |                                       ~~~~~~~~~~~~~~~~~~~~~~~~~~~~~~~~~~~~~~~~~~~~~~~~~~~~~~~~~~~~~~~~~~~~
/home/david/Documents/RockBox_Personal-master/devsrc/nano-soh-runtime/Shipwright/soh/include/functions.h:22:52: note: expected 'uintptr_t' {aka 'unsigned int'} but argument is of type 'Gfx *'
   22 | void gSPSegment(void* value, int segNum, uintptr_t target);
      |                                          ~~~~~~~~~~^~~~~~
/home/david/Documents/RockBox_Personal-master/devsrc/nano-soh-runtime/Shipwright/soh/src/overlays/actors/ovl_Boss_Tw/z_boss_tw.c:3479:24: warning: passing argument 3 of 'gSPSegment' makes integer from pointer without a cast [-Wint-conversion]
 3479 |                        Gfx_TexScrollEx(play->state.gfxCtx, (s16)this->workf[INNR_CRWN_TX_X1] & 0x7F,
      |                        ^~~~~~~~~~~~~~~~~~~~~~~~~~~~~~~~~~~~~~~~~~~~~~~~~~~~~~~~~~~~~~~~~~~~~~~~~~~~~
      |                        |
      |                        Gfx *
 3480 |                                        (s16)this->workf[INNR_CRWN_TX_Y1] & 0xFF, 0x20, 0x40, 0,
      |                                        ~~~~~~~~~~~~~~~~~~~~~~~~~~~~~~~~~~~~~~~~~~~~~~~~~~~~~~~~
 3481 |                                        this->actor.params == 0 ? 1 : 0));
      |                                        ~~~~~~~~~~~~~~~~~~~~~~~~~~~~~~~~
/home/david/Documents/RockBox_Personal-master/devsrc/nano-soh-runtime/Shipwright/soh/include/functions.h:22:52: note: expected 'uintptr_t' {aka 'unsigned int'} but argument is of type 'Gfx *'
   22 | void gSPSegment(void* value, int segNum, uintptr_t target);
      |                                          ~~~~~~~~~~^~~~~~
/home/david/Documents/RockBox_Personal-master/devsrc/nano-soh-runtime/Shipwright/soh/src/overlays/actors/ovl_Boss_Tw/z_boss_tw.c:3484:24: warning: passing argument 3 of 'gSPSegment' makes integer from pointer without a cast [-Wint-conversion]
 3484 |                        Gfx_TwoTexScrollEx(play->state.gfxCtx, 0, (s16)this->workf[INNR_CRWN_TX_X1] & 0x7F,
      |                        ^~~~~~~~~~~~~~~~~~~~~~~~~~~~~~~~~~~~~~~~~~~~~~~~~~~~~~~~~~~~~~~~~~~~~~~~~~~~~~~~~~~
      |                        |
      |                        Gfx *
 3485 |                                           (s16)this->workf[INNR_CRWN_TX_Y1] & 0x7F, 0x20, 0x20, 1,
      |                                           ~~~~~~~~~~~~~~~~~~~~~~~~~~~~~~~~~~~~~~~~~~~~~~~~~~~~~~~~
 3486 |                                           (s16)this->workf[INNR_CRWN_TX_X2] & 0x7F,
      |                                           ~~~~~~~~~~~~~~~~~~~~~~~~~~~~~~~~~~~~~~~~~
 3487 |                                           (s16)this->workf[INNR_CRWN_TX_Y2] & 0xFF, 0x20, 0x40, 0, 0, 0,
      |                                           ~~~~~~~~~~~~~~~~~~~~~~~~~~~~~~~~~~~~~~~~~~~~~~~~~~~~~~~~~~~~~~
 3488 |                                           this->actor.params == 0 ? 0 : -10));
      |                                           ~~~~~~~~~~~~~~~~~~~~~~~~~~~~~~~~~~
/home/david/Documents/RockBox_Personal-master/devsrc/nano-soh-runtime/Shipwright/soh/include/functions.h:22:52: note: expected 'uintptr_t' {aka 'unsigned int'} but argument is of type 'Gfx *'
   22 | void gSPSegment(void* value, int segNum, uintptr_t target);
      |                                          ~~~~~~~~~~^~~~~~
/home/david/Documents/RockBox_Personal-master/devsrc/nano-soh-runtime/Shipwright/soh/src/overlays/actors/ovl_Boss_Tw/z_boss_tw.c: At top level:
/home/david/Documents/RockBox_Personal-master/devsrc/nano-soh-runtime/Shipwright/soh/src/overlays/actors/ovl_Boss_Tw/z_boss_tw.c:3543:5: warning: initialization discards 'const' qualifier from pointer target type [-Wdiscarded-qualifiers]
 3543 |     gTwinrovaEyeOpenTex,
      |     ^~~~~~~~~~~~~~~~~~~
/home/david/Documents/RockBox_Personal-master/devsrc/nano-soh-runtime/Shipwright/soh/src/overlays/actors/ovl_Boss_Tw/z_boss_tw.c:3544:5: warning: initialization discards 'const' qualifier from pointer target type [-Wdiscarded-qualifiers]
 3544 |     gTwinrovaEyeHalfTex,
      |     ^~~~~~~~~~~~~~~~~~~
/home/david/Documents/RockBox_Personal-master/devsrc/nano-soh-runtime/Shipwright/soh/src/overlays/actors/ovl_Boss_Tw/z_boss_tw.c:3545:5: warning: initialization discards 'const' qualifier from pointer target type [-Wdiscarded-qualifiers]
 3545 |     gTwinrovaEyeClosedTex,
      |     ^~~~~~~~~~~~~~~~~~~~~
/home/david/Documents/RockBox_Personal-master/devsrc/nano-soh-runtime/Shipwright/soh/src/overlays/actors/ovl_Boss_Tw/z_boss_tw.c: In function 'BossTw_TwinrovaOverrideLimbDraw':
/home/david/Documents/RockBox_Personal-master/devsrc/nano-soh-runtime/Shipwright/soh/src/overlays/actors/ovl_Boss_Tw/z_boss_tw.c:3556:24: warning: passing argument 3 of 'gSPSegment' makes integer from pointer without a cast [-Wint-conversion]
 3556 |                        Gfx_TexScrollEx(play->state.gfxCtx, 0, (s16)(f32)this->work[CS_TIMER_1], 8, 8, 0, 1));
      |                        ^~~~~~~~~~~~~~~~~~~~~~~~~~~~~~~~~~~~~~~~~~~~~~~~~~~~~~~~~~~~~~~~~~~~~~~~~~~~~~~~~~~~
      |                        |
      |                        Gfx *
/home/david/Documents/RockBox_Personal-master/devsrc/nano-soh-runtime/Shipwright/soh/include/functions.h:22:52: note: expected 'uintptr_t' {aka 'unsigned int'} but argument is of type 'Gfx *'
   22 | void gSPSegment(void* value, int segNum, uintptr_t target);
      |                                          ~~~~~~~~~~^~~~~~
/home/david/Documents/RockBox_Personal-master/devsrc/nano-soh-runtime/Shipwright/soh/src/overlays/actors/ovl_Boss_Tw/z_boss_tw.c:3557:75: warning: passing argument 3 of 'gSPSegment' makes integer from pointer without a cast [-Wint-conversion]
 3557 |             gSPSegment(POLY_OPA_DISP++, 8, SEGMENTED_TO_VIRTUAL(D_8094A9B0[this->eyeTexIdx]));
      |                                                                 ~~~~~~~~~~^~~~~~~~~~~~~~~~~
      |                                                                           |
      |                                                                           void *
/home/david/Documents/RockBox_Personal-master/devsrc/nano-soh-runtime/Shipwright/soh/include/macros.h:37:36: note: in definition of macro 'SEGMENTED_TO_VIRTUAL'
   37 | #define SEGMENTED_TO_VIRTUAL(addr) addr
      |                                    ^~~~
/home/david/Documents/RockBox_Personal-master/devsrc/nano-soh-runtime/Shipwright/soh/include/functions.h:22:52: note: expected 'uintptr_t' {aka 'unsigned int'} but argument is of type 'void *'
   22 | void gSPSegment(void* value, int segNum, uintptr_t target);
      |                                          ~~~~~~~~~~^~~~~~
/home/david/Documents/RockBox_Personal-master/devsrc/nano-soh-runtime/Shipwright/soh/src/overlays/actors/ovl_Boss_Tw/z_boss_tw.c:3558:75: warning: passing argument 3 of 'gSPSegment' makes integer from pointer without a cast [-Wint-conversion]
 3558 |             gSPSegment(POLY_OPA_DISP++, 9, SEGMENTED_TO_VIRTUAL(D_8094A9B0[this->leftEyeTexIdx]));
      |                                                                 ~~~~~~~~~~^~~~~~~~~~~~~~~~~~~~~
      |                                                                           |
      |                                                                           void *
/home/david/Documents/RockBox_Personal-master/devsrc/nano-soh-runtime/Shipwright/soh/include/macros.h:37:36: note: in definition of macro 'SEGMENTED_TO_VIRTUAL'
   37 | #define SEGMENTED_TO_VIRTUAL(addr) addr
      |                                    ^~~~
/home/david/Documents/RockBox_Personal-master/devsrc/nano-soh-runtime/Shipwright/soh/include/functions.h:22:52: note: expected 'uintptr_t' {aka 'unsigned int'} but argument is of type 'void *'
   22 | void gSPSegment(void* value, int segNum, uintptr_t target);
      |                                          ~~~~~~~~~~^~~~~~
/home/david/Documents/RockBox_Personal-master/devsrc/nano-soh-runtime/Shipwright/soh/src/overlays/actors/ovl_Boss_Tw/z_boss_tw.c:3565:24: warning: passing argument 3 of 'gSPSegment' makes integer from pointer without a cast [-Wint-conversion]
 3565 |                        Gfx_TwoTexScrollEx(play->state.gfxCtx, 0, 0, 0, 0x20, 0x20, 1, 0, -this->work[CS_TIMER_1] * 0xF,
      |                        ^~~~~~~~~~~~~~~~~~~~~~~~~~~~~~~~~~~~~~~~~~~~~~~~~~~~~~~~~~~~~~~~~~~~~~~~~~~~~~~~~~~~~~~~~~~~~~~~
      |                        |
      |                        Gfx *
 3566 |                                           0x20, 0x40, 0, 0, 0, -0xF));
      |                                           ~~~~~~~~~~~~~~~~~~~~~~~~~~
/home/david/Documents/RockBox_Personal-master/devsrc/nano-soh-runtime/Shipwright/soh/include/functions.h:22:52: note: expected 'uintptr_t' {aka 'unsigned int'} but argument is of type 'Gfx *'
   22 | void gSPSegment(void* value, int segNum, uintptr_t target);
      |                                          ~~~~~~~~~~^~~~~~
/home/david/Documents/RockBox_Personal-master/devsrc/nano-soh-runtime/Shipwright/soh/src/overlays/actors/ovl_Boss_Tw/z_boss_tw.c:3572:24: warning: passing argument 3 of 'gSPSegment' makes integer from pointer without a cast [-Wint-conversion]
 3572 |                        Gfx_TwoTexScrollEx(play->state.gfxCtx, 0, 0, 0, 0x20, 0x20, 1, 0, -this->work[CS_TIMER_1] * 0xA,
      |                        ^~~~~~~~~~~~~~~~~~~~~~~~~~~~~~~~~~~~~~~~~~~~~~~~~~~~~~~~~~~~~~~~~~~~~~~~~~~~~~~~~~~~~~~~~~~~~~~~
      |                        |
      |                        Gfx *
 3573 |                                           0x20, 0x40, 0, 0, 0, -0xA));
      |                                           ~~~~~~~~~~~~~~~~~~~~~~~~~~
/home/david/Documents/RockBox_Personal-master/devsrc/nano-soh-runtime/Shipwright/soh/include/functions.h:22:52: note: expected 'uintptr_t' {aka 'unsigned int'} but argument is of type 'Gfx *'
   22 | void gSPSegment(void* value, int segNum, uintptr_t target);
      |                                          ~~~~~~~~~~^~~~~~
/home/david/Documents/RockBox_Personal-master/devsrc/nano-soh-runtime/Shipwright/soh/src/overlays/actors/ovl_Boss_Tw/z_boss_tw.c:3579:24: warning: passing argument 3 of 'gSPSegment' makes integer from pointer without a cast [-Wint-conversion]
 3579 |                        Gfx_TwoTexScrollEx(play->state.gfxCtx, 0, 0, 0, 0x20, 0x20, 1, this->work[CS_TIMER_1],
      |                        ^~~~~~~~~~~~~~~~~~~~~~~~~~~~~~~~~~~~~~~~~~~~~~~~~~~~~~~~~~~~~~~~~~~~~~~~~~~~~~~~~~~~~~
      |                        |
      |                        Gfx *
 3580 |                                           -this->work[CS_TIMER_1] * 7, 0x20, 0x40, 0, 0, 1, -7));
      |                                           ~~~~~~~~~~~~~~~~~~~~~~~~~~~~~~~~~~~~~~~~~~~~~~~~~~~~~
/home/david/Documents/RockBox_Personal-master/devsrc/nano-soh-runtime/Shipwright/soh/include/functions.h:22:52: note: expected 'uintptr_t' {aka 'unsigned int'} but argument is of type 'Gfx *'
   22 | void gSPSegment(void* value, int segNum, uintptr_t target);
      |                                          ~~~~~~~~~~^~~~~~
/home/david/Documents/RockBox_Personal-master/devsrc/nano-soh-runtime/Shipwright/soh/src/overlays/actors/ovl_Boss_Tw/z_boss_tw.c:3586:24: warning: passing argument 3 of 'gSPSegment' makes integer from pointer without a cast [-Wint-conversion]
 3586 |                        Gfx_TexScrollEx(play->state.gfxCtx, 0, this->work[CS_TIMER_1], 0x20, 0x40, 0, 1));
      |                        ^~~~~~~~~~~~~~~~~~~~~~~~~~~~~~~~~~~~~~~~~~~~~~~~~~~~~~~~~~~~~~~~~~~~~~~~~~~~~~~~
      |                        |
      |                        Gfx *
/home/david/Documents/RockBox_Personal-master/devsrc/nano-soh-runtime/Shipwright/soh/include/functions.h:22:52: note: expected 'uintptr_t' {aka 'unsigned int'} but argument is of type 'Gfx *'
   22 | void gSPSegment(void* value, int segNum, uintptr_t target);
      |                                          ~~~~~~~~~~^~~~~~
/home/david/Documents/RockBox_Personal-master/devsrc/nano-soh-runtime/Shipwright/soh/src/overlays/actors/ovl_Boss_Tw/z_boss_tw.c:3590:24: warning: assignment to 'Gfx *' from incompatible pointer type 'const char *' [-Wincompatible-pointer-types]
 3590 |                 *dList = gTwinrovaLeftHairBunDL;
      |                        ^
/home/david/Documents/RockBox_Personal-master/devsrc/nano-soh-runtime/Shipwright/soh/src/overlays/actors/ovl_Boss_Tw/z_boss_tw.c:3596:24: warning: assignment to 'Gfx *' from incompatible pointer type 'const char *' [-Wincompatible-pointer-types]
 3596 |                 *dList = gTwinrovaRightHairBunDL;
      |                        ^
/home/david/Documents/RockBox_Personal-master/devsrc/nano-soh-runtime/Shipwright/soh/src/overlays/actors/ovl_Boss_Tw/z_boss_tw.c: In function 'BossTw_ShieldChargeDraw':
/home/david/Documents/RockBox_Personal-master/devsrc/nano-soh-runtime/Shipwright/soh/src/overlays/actors/ovl_Boss_Tw/z_boss_tw.c:3695:70: warning: passing argument 2 of 'gSPDisplayList' from incompatible pointer type [-Wincompatible-pointer-types]
 3695 |                 gSPDisplayList(POLY_XLU_DISP++, SEGMENTED_TO_VIRTUAL(gTwinrovaMirrorShieldFireChargeSidesDL));
      |                                                                      ^~~~~~~~~~~~~~~~~~~~~~~~~~~~~~~~~~~~~~
      |                                                                      |
      |                                                                      const char *
/home/david/Documents/RockBox_Personal-master/devsrc/nano-soh-runtime/Shipwright/soh/include/macros.h:37:36: note: in definition of macro 'SEGMENTED_TO_VIRTUAL'
   37 | #define SEGMENTED_TO_VIRTUAL(addr) addr
      |                                    ^~~~
/home/david/Documents/RockBox_Personal-master/devsrc/nano-soh-runtime/Shipwright/soh/include/functions.h:24:36: note: expected 'Gfx *' but argument is of type 'const char *'
   24 | void gSPDisplayList(Gfx* pkt, Gfx* dl);
      |                               ~~~~~^~
/home/david/Documents/RockBox_Personal-master/devsrc/nano-soh-runtime/Shipwright/soh/src/overlays/actors/ovl_Boss_Tw/z_boss_tw.c:3697:28: warning: passing argument 3 of 'gSPSegment' makes integer from pointer without a cast [-Wint-conversion]
 3697 |                            Gfx_TwoTexScrollEx(play->state.gfxCtx, 0, (this->work[CS_TIMER_1] * 2) * temp_t0, 0, 0x20,
      |                            ^~~~~~~~~~~~~~~~~~~~~~~~~~~~~~~~~~~~~~~~~~~~~~~~~~~~~~~~~~~~~~~~~~~~~~~~~~~~~~~~~~~~~~~~~~
      |                            |
      |                            Gfx *
 3698 |                                               0x20, 1, (-this->work[CS_TIMER_1] * 2) * temp_t0, 0, 0x20, 0x20, 0,
      |                                               ~~~~~~~~~~~~~~~~~~~~~~~~~~~~~~~~~~~~~~~~~~~~~~~~~~~~~~~~~~~~~~~~~~~
 3699 |                                               2 * temp_t0, -2 * temp_t0, 0));
      |                                               ~~~~~~~~~~~~~~~~~~~~~~~~~~~~~
/home/david/Documents/RockBox_Personal-master/devsrc/nano-soh-runtime/Shipwright/soh/include/functions.h:22:52: note: expected 'uintptr_t' {aka 'unsigned int'} but argument is of type 'Gfx *'
   22 | void gSPSegment(void* value, int segNum, uintptr_t target);
      |                                          ~~~~~~~~~~^~~~~~
/home/david/Documents/RockBox_Personal-master/devsrc/nano-soh-runtime/Shipwright/soh/src/overlays/actors/ovl_Boss_Tw/z_boss_tw.c:3701:70: warning: passing argument 2 of 'gSPDisplayList' from incompatible pointer type [-Wincompatible-pointer-types]
 3701 |                 gSPDisplayList(POLY_XLU_DISP++, SEGMENTED_TO_VIRTUAL(gTwinrovaMirrorShieldFireChargeCenterDL));
      |                                                                      ^~~~~~~~~~~~~~~~~~~~~~~~~~~~~~~~~~~~~~~
      |                                                                      |
      |                                                                      const char *
/home/david/Documents/RockBox_Personal-master/devsrc/nano-soh-runtime/Shipwright/soh/include/macros.h:37:36: note: in definition of macro 'SEGMENTED_TO_VIRTUAL'
   37 | #define SEGMENTED_TO_VIRTUAL(addr) addr
      |                                    ^~~~
/home/david/Documents/RockBox_Personal-master/devsrc/nano-soh-runtime/Shipwright/soh/include/functions.h:24:36: note: expected 'Gfx *' but argument is of type 'const char *'
   24 | void gSPDisplayList(Gfx* pkt, Gfx* dl);
      |                               ~~~~~^~
/home/david/Documents/RockBox_Personal-master/devsrc/nano-soh-runtime/Shipwright/soh/src/overlays/actors/ovl_Boss_Tw/z_boss_tw.c:3704:70: warning: passing argument 2 of 'gSPDisplayList' from incompatible pointer type [-Wincompatible-pointer-types]
 3704 |                 gSPDisplayList(POLY_XLU_DISP++, SEGMENTED_TO_VIRTUAL(gTwinrovaMirrorShieldIceChargeSidesDL));
      |                                                                      ^~~~~~~~~~~~~~~~~~~~~~~~~~~~~~~~~~~~~
      |                                                                      |
      |                                                                      const char *
/home/david/Documents/RockBox_Personal-master/devsrc/nano-soh-runtime/Shipwright/soh/include/macros.h:37:36: note: in definition of macro 'SEGMENTED_TO_VIRTUAL'
   37 | #define SEGMENTED_TO_VIRTUAL(addr) addr
      |                                    ^~~~
/home/david/Documents/RockBox_Personal-master/devsrc/nano-soh-runtime/Shipwright/soh/include/functions.h:24:36: note: expected 'Gfx *' but argument is of type 'const char *'
   24 | void gSPDisplayList(Gfx* pkt, Gfx* dl);
      |                               ~~~~~^~
/home/david/Documents/RockBox_Personal-master/devsrc/nano-soh-runtime/Shipwright/soh/src/overlays/actors/ovl_Boss_Tw/z_boss_tw.c:3706:28: warning: passing argument 3 of 'gSPSegment' makes integer from pointer without a cast [-Wint-conversion]
 3706 |                            Gfx_TwoTexScrollEx(play->state.gfxCtx, 0, 0, (-this->work[CS_TIMER_1] * 5) * temp_t0, 0x20,
      |                            ^~~~~~~~~~~~~~~~~~~~~~~~~~~~~~~~~~~~~~~~~~~~~~~~~~~~~~~~~~~~~~~~~~~~~~~~~~~~~~~~~~~~~~~~~~~
      |                            |
      |                            Gfx *
 3707 |                                               0x40, 1, (this->work[CS_TIMER_1] * 4) * temp_t0, 0, 0x20, 0x200, 0,
      |                                               ~~~~~~~~~~~~~~~~~~~~~~~~~~~~~~~~~~~~~~~~~~~~~~~~~~~~~~~~~~~~~~~~~~~
 3708 |                                               -5 * temp_t0, 4 * temp_t0, 0));
      |                                               ~~~~~~~~~~~~~~~~~~~~~~~~~~~~~
/home/david/Documents/RockBox_Personal-master/devsrc/nano-soh-runtime/Shipwright/soh/include/functions.h:22:52: note: expected 'uintptr_t' {aka 'unsigned int'} but argument is of type 'Gfx *'
   22 | void gSPSegment(void* value, int segNum, uintptr_t target);
      |                                          ~~~~~~~~~~^~~~~~
/home/david/Documents/RockBox_Personal-master/devsrc/nano-soh-runtime/Shipwright/soh/src/overlays/actors/ovl_Boss_Tw/z_boss_tw.c:3710:70: warning: passing argument 2 of 'gSPDisplayList' from incompatible pointer type [-Wincompatible-pointer-types]
 3710 |                 gSPDisplayList(POLY_XLU_DISP++, SEGMENTED_TO_VIRTUAL(gTwinrovaMirrorShieldIceChargeCenterDL));
      |                                                                      ^~~~~~~~~~~~~~~~~~~~~~~~~~~~~~~~~~~~~~
      |                                                                      |
      |                                                                      const char *
/home/david/Documents/RockBox_Personal-master/devsrc/nano-soh-runtime/Shipwright/soh/include/macros.h:37:36: note: in definition of macro 'SEGMENTED_TO_VIRTUAL'
   37 | #define SEGMENTED_TO_VIRTUAL(addr) addr
      |                                    ^~~~
/home/david/Documents/RockBox_Personal-master/devsrc/nano-soh-runtime/Shipwright/soh/include/functions.h:24:36: note: expected 'Gfx *' but argument is of type 'const char *'
   24 | void gSPDisplayList(Gfx* pkt, Gfx* dl);
      |                               ~~~~~^~
/home/david/Documents/RockBox_Personal-master/devsrc/nano-soh-runtime/Shipwright/soh/src/overlays/actors/ovl_Boss_Tw/z_boss_tw.c:3742:20: warning: passing argument 3 of 'gSPSegment' makes integer from pointer without a cast [-Wint-conversion]
 3742 |                    Gfx_TwoTexScrollEx(play->state.gfxCtx, 0, 0, this->work[CS_TIMER_1] * D_8094C872, 0x20, 0x40, 1, 0,
      |                    ^~~~~~~~~~~~~~~~~~~~~~~~~~~~~~~~~~~~~~~~~~~~~~~~~~~~~~~~~~~~~~~~~~~~~~~~~~~~~~~~~~~~~~~~~~~~~~~~~~~
      |                    |
      |                    Gfx *
 3743 |                                       this->work[CS_TIMER_1] * D_8094C872, 0x20, 0x20, 0, D_8094C872, 0, D_8094C872));
      |                                       ~~~~~~~~~~~~~~~~~~~~~~~~~~~~~~~~~~~~~~~~~~~~~~~~~~~~~~~~~~~~~~~~~~~~~~~~~~~~~~
/home/david/Documents/RockBox_Personal-master/devsrc/nano-soh-runtime/Shipwright/soh/include/functions.h:22:52: note: expected 'uintptr_t' {aka 'unsigned int'} but argument is of type 'Gfx *'
   22 | void gSPSegment(void* value, int segNum, uintptr_t target);
      |                                          ~~~~~~~~~~^~~~~~
/home/david/Documents/RockBox_Personal-master/devsrc/nano-soh-runtime/Shipwright/soh/src/overlays/actors/ovl_Boss_Tw/z_boss_tw.c:3744:62: warning: passing argument 2 of 'gSPDisplayList' from incompatible pointer type [-Wincompatible-pointer-types]
 3744 |         gSPDisplayList(POLY_XLU_DISP++, SEGMENTED_TO_VIRTUAL(gTwinrovaShieldAbsorbAndReflectEffectDL));
      |                                                              ^~~~~~~~~~~~~~~~~~~~~~~~~~~~~~~~~~~~~~~
      |                                                              |
      |                                                              const char *
/home/david/Documents/RockBox_Personal-master/devsrc/nano-soh-runtime/Shipwright/soh/include/macros.h:37:36: note: in definition of macro 'SEGMENTED_TO_VIRTUAL'
   37 | #define SEGMENTED_TO_VIRTUAL(addr) addr
      |                                    ^~~~
/home/david/Documents/RockBox_Personal-master/devsrc/nano-soh-runtime/Shipwright/soh/include/functions.h:24:36: note: expected 'Gfx *' but argument is of type 'const char *'
   24 | void gSPDisplayList(Gfx* pkt, Gfx* dl);
      |                               ~~~~~^~
/home/david/Documents/RockBox_Personal-master/devsrc/nano-soh-runtime/Shipwright/soh/src/overlays/actors/ovl_Boss_Tw/z_boss_tw.c: In function 'BossTw_SpawnPortalDraw':
/home/david/Documents/RockBox_Personal-master/devsrc/nano-soh-runtime/Shipwright/soh/src/overlays/actors/ovl_Boss_Tw/z_boss_tw.c:3759:16: warning: passing argument 3 of 'gSPSegment' makes integer from pointer without a cast [-Wint-conversion]
 3759 |                Gfx_TwoTexScrollEx(play->state.gfxCtx, 0, 0, -this->work[CS_TIMER_1] * 15, 0x20, 0x40, 1, 0, 0, 0x40,
      |                ^~~~~~~~~~~~~~~~~~~~~~~~~~~~~~~~~~~~~~~~~~~~~~~~~~~~~~~~~~~~~~~~~~~~~~~~~~~~~~~~~~~~~~~~~~~~~~~~~~~~~
      |                |
      |                Gfx *
 3760 |                                   0x40, 0, -15, 0, 0));
      |                                   ~~~~~~~~~~~~~~~~~~~
/home/david/Documents/RockBox_Personal-master/devsrc/nano-soh-runtime/Shipwright/soh/include/functions.h:22:52: note: expected 'uintptr_t' {aka 'unsigned int'} but argument is of type 'Gfx *'
   22 | void gSPSegment(void* value, int segNum, uintptr_t target);
      |                                          ~~~~~~~~~~^~~~~~
/home/david/Documents/RockBox_Personal-master/devsrc/nano-soh-runtime/Shipwright/soh/src/overlays/actors/ovl_Boss_Tw/z_boss_tw.c:3770:58: warning: passing argument 2 of 'gSPDisplayList' from incompatible pointer type [-Wincompatible-pointer-types]
 3770 |     gSPDisplayList(POLY_XLU_DISP++, SEGMENTED_TO_VIRTUAL(gTwinrovaSpawnPortalShadowDL));
      |                                                          ^~~~~~~~~~~~~~~~~~~~~~~~~~~~
      |                                                          |
      |                                                          const char *
/home/david/Documents/RockBox_Personal-master/devsrc/nano-soh-runtime/Shipwright/soh/include/macros.h:37:36: note: in definition of macro 'SEGMENTED_TO_VIRTUAL'
   37 | #define SEGMENTED_TO_VIRTUAL(addr) addr
      |                                    ^~~~
/home/david/Documents/RockBox_Personal-master/devsrc/nano-soh-runtime/Shipwright/soh/include/functions.h:24:36: note: expected 'Gfx *' but argument is of type 'const char *'
   24 | void gSPDisplayList(Gfx* pkt, Gfx* dl);
      |                               ~~~~~^~
/home/david/Documents/RockBox_Personal-master/devsrc/nano-soh-runtime/Shipwright/soh/src/overlays/actors/ovl_Boss_Tw/z_boss_tw.c:3776:58: warning: passing argument 2 of 'gSPDisplayList' from incompatible pointer type [-Wincompatible-pointer-types]
 3776 |     gSPDisplayList(POLY_XLU_DISP++, SEGMENTED_TO_VIRTUAL(gTwinrovaKotakeMagicSigilDL));
      |                                                          ^~~~~~~~~~~~~~~~~~~~~~~~~~~
      |                                                          |
      |                                                          const char *
/home/david/Documents/RockBox_Personal-master/devsrc/nano-soh-runtime/Shipwright/soh/include/macros.h:37:36: note: in definition of macro 'SEGMENTED_TO_VIRTUAL'
   37 | #define SEGMENTED_TO_VIRTUAL(addr) addr
      |                                    ^~~~
/home/david/Documents/RockBox_Personal-master/devsrc/nano-soh-runtime/Shipwright/soh/include/functions.h:24:36: note: expected 'Gfx *' but argument is of type 'const char *'
   24 | void gSPDisplayList(Gfx* pkt, Gfx* dl);
      |                               ~~~~~^~
/home/david/Documents/RockBox_Personal-master/devsrc/nano-soh-runtime/Shipwright/soh/src/overlays/actors/ovl_Boss_Tw/z_boss_tw.c:3784:58: warning: passing argument 2 of 'gSPDisplayList' from incompatible pointer type [-Wincompatible-pointer-types]
 3784 |     gSPDisplayList(POLY_XLU_DISP++, SEGMENTED_TO_VIRTUAL(gTwinrovaSpawnPortalShadowDL));
      |                                                          ^~~~~~~~~~~~~~~~~~~~~~~~~~~~
      |                                                          |
      |                                                          const char *
/home/david/Documents/RockBox_Personal-master/devsrc/nano-soh-runtime/Shipwright/soh/include/macros.h:37:36: note: in definition of macro 'SEGMENTED_TO_VIRTUAL'
   37 | #define SEGMENTED_TO_VIRTUAL(addr) addr
      |                                    ^~~~
/home/david/Documents/RockBox_Personal-master/devsrc/nano-soh-runtime/Shipwright/soh/include/functions.h:24:36: note: expected 'Gfx *' but argument is of type 'const char *'
   24 | void gSPDisplayList(Gfx* pkt, Gfx* dl);
      |                               ~~~~~^~
/home/david/Documents/RockBox_Personal-master/devsrc/nano-soh-runtime/Shipwright/soh/src/overlays/actors/ovl_Boss_Tw/z_boss_tw.c:3790:58: warning: passing argument 2 of 'gSPDisplayList' from incompatible pointer type [-Wincompatible-pointer-types]
 3790 |     gSPDisplayList(POLY_XLU_DISP++, SEGMENTED_TO_VIRTUAL(gTwinrovaKoumeMagicSigilDL));
      |                                                          ^~~~~~~~~~~~~~~~~~~~~~~~~~
      |                                                          |
      |                                                          const char *
/home/david/Documents/RockBox_Personal-master/devsrc/nano-soh-runtime/Shipwright/soh/include/macros.h:37:36: note: in definition of macro 'SEGMENTED_TO_VIRTUAL'
   37 | #define SEGMENTED_TO_VIRTUAL(addr) addr
      |                                    ^~~~
/home/david/Documents/RockBox_Personal-master/devsrc/nano-soh-runtime/Shipwright/soh/include/functions.h:24:36: note: expected 'Gfx *' but argument is of type 'const char *'
   24 | void gSPDisplayList(Gfx* pkt, Gfx* dl);
      |                               ~~~~~^~
/home/david/Documents/RockBox_Personal-master/devsrc/nano-soh-runtime/Shipwright/soh/src/overlays/actors/ovl_Boss_Tw/z_boss_tw.c: In function 'func_80944C50':
/home/david/Documents/RockBox_Personal-master/devsrc/nano-soh-runtime/Shipwright/soh/src/overlays/actors/ovl_Boss_Tw/z_boss_tw.c:3809:58: warning: passing argument 2 of 'gSPDisplayList' from incompatible pointer type [-Wincompatible-pointer-types]
 3809 |     gSPDisplayList(POLY_XLU_DISP++, SEGMENTED_TO_VIRTUAL(gTwinrovaLightCircleDL));
      |                                                          ^~~~~~~~~~~~~~~~~~~~~~
      |                                                          |
      |                                                          const char *
/home/david/Documents/RockBox_Personal-master/devsrc/nano-soh-runtime/Shipwright/soh/include/macros.h:37:36: note: in definition of macro 'SEGMENTED_TO_VIRTUAL'
   37 | #define SEGMENTED_TO_VIRTUAL(addr) addr
      |                                    ^~~~
/home/david/Documents/RockBox_Personal-master/devsrc/nano-soh-runtime/Shipwright/soh/include/functions.h:24:36: note: expected 'Gfx *' but argument is of type 'const char *'
   24 | void gSPDisplayList(Gfx* pkt, Gfx* dl);
      |                               ~~~~~^~
/home/david/Documents/RockBox_Personal-master/devsrc/nano-soh-runtime/Shipwright/soh/src/overlays/actors/ovl_Boss_Tw/z_boss_tw.c:3813:16: warning: passing argument 3 of 'gSPSegment' makes integer from pointer without a cast [-Wint-conversion]
 3813 |                Gfx_TwoTexScrollEx(play->state.gfxCtx, 0, -sKoumePtr->work[CS_TIMER_1] * 2, 0, 0x20, 0x20, 1,
      |                ^~~~~~~~~~~~~~~~~~~~~~~~~~~~~~~~~~~~~~~~~~~~~~~~~~~~~~~~~~~~~~~~~~~~~~~~~~~~~~~~~~~~~~~~~~~~~
      |                |
      |                Gfx *
 3814 |                                   -sKoumePtr->work[CS_TIMER_1] * 2, 0, 0x20, 0x40, -2, 0, -2, 0));
      |                                   ~~~~~~~~~~~~~~~~~~~~~~~~~~~~~~~~~~~~~~~~~~~~~~~~~~~~~~~~~~~~~~
/home/david/Documents/RockBox_Personal-master/devsrc/nano-soh-runtime/Shipwright/soh/include/functions.h:22:52: note: expected 'uintptr_t' {aka 'unsigned int'} but argument is of type 'Gfx *'
   22 | void gSPSegment(void* value, int segNum, uintptr_t target);
      |                                          ~~~~~~~~~~^~~~~~
/home/david/Documents/RockBox_Personal-master/devsrc/nano-soh-runtime/Shipwright/soh/src/overlays/actors/ovl_Boss_Tw/z_boss_tw.c:3817:58: warning: passing argument 2 of 'gSPDisplayList' from incompatible pointer type [-Wincompatible-pointer-types]
 3817 |     gSPDisplayList(POLY_XLU_DISP++, SEGMENTED_TO_VIRTUAL(gTwinrovaLightRaysDL));
      |                                                          ^~~~~~~~~~~~~~~~~~~~
      |                                                          |
      |                                                          const char *
/home/david/Documents/RockBox_Personal-master/devsrc/nano-soh-runtime/Shipwright/soh/include/macros.h:37:36: note: in definition of macro 'SEGMENTED_TO_VIRTUAL'
   37 | #define SEGMENTED_TO_VIRTUAL(addr) addr
      |                                    ^~~~
/home/david/Documents/RockBox_Personal-master/devsrc/nano-soh-runtime/Shipwright/soh/include/functions.h:24:36: note: expected 'Gfx *' but argument is of type 'const char *'
   24 | void gSPDisplayList(Gfx* pkt, Gfx* dl);
      |                               ~~~~~^~
/home/david/Documents/RockBox_Personal-master/devsrc/nano-soh-runtime/Shipwright/soh/src/overlays/actors/ovl_Boss_Tw/z_boss_tw.c:3820:16: warning: passing argument 3 of 'gSPSegment' makes integer from pointer without a cast [-Wint-conversion]
 3820 |                Gfx_TwoTexScrollEx(play->state.gfxCtx, 0, -sKoumePtr->work[CS_TIMER_1] * 5,
      |                ^~~~~~~~~~~~~~~~~~~~~~~~~~~~~~~~~~~~~~~~~~~~~~~~~~~~~~~~~~~~~~~~~~~~~~~~~~~
      |                |
      |                Gfx *
 3821 |                                   -sKoumePtr->work[CS_TIMER_1] * 2, 0x20, 0x40, 1, 0, -sKoumePtr->work[CS_TIMER_1] * 2,
      |                                   ~~~~~~~~~~~~~~~~~~~~~~~~~~~~~~~~~~~~~~~~~~~~~~~~~~~~~~~~~~~~~~~~~~~~~~~~~~~~~~~~~~~~~
 3822 |                                   0x10, 0x10, -5, -2, 0, -2));
      |                                   ~~~~~~~~~~~~~~~~~~~~~~~~~~
/home/david/Documents/RockBox_Personal-master/devsrc/nano-soh-runtime/Shipwright/soh/include/functions.h:22:52: note: expected 'uintptr_t' {aka 'unsigned int'} but argument is of type 'Gfx *'
   22 | void gSPSegment(void* value, int segNum, uintptr_t target);
      |                                          ~~~~~~~~~~^~~~~~
/home/david/Documents/RockBox_Personal-master/devsrc/nano-soh-runtime/Shipwright/soh/src/overlays/actors/ovl_Boss_Tw/z_boss_tw.c:3830:58: warning: passing argument 2 of 'gSPDisplayList' from incompatible pointer type [-Wincompatible-pointer-types]
 3830 |     gSPDisplayList(POLY_XLU_DISP++, SEGMENTED_TO_VIRTUAL(gTwinrovaLightPillarDL));
      |                                                          ^~~~~~~~~~~~~~~~~~~~~~
      |                                                          |
      |                                                          const char *
/home/david/Documents/RockBox_Personal-master/devsrc/nano-soh-runtime/Shipwright/soh/include/macros.h:37:36: note: in definition of macro 'SEGMENTED_TO_VIRTUAL'
   37 | #define SEGMENTED_TO_VIRTUAL(addr) addr
      |                                    ^~~~
/home/david/Documents/RockBox_Personal-master/devsrc/nano-soh-runtime/Shipwright/soh/include/functions.h:24:36: note: expected 'Gfx *' but argument is of type 'const char *'
   24 | void gSPDisplayList(Gfx* pkt, Gfx* dl);
      |                               ~~~~~^~
/home/david/Documents/RockBox_Personal-master/devsrc/nano-soh-runtime/Shipwright/soh/src/overlays/actors/ovl_Boss_Tw/z_boss_tw.c: In function 'BossTw_BlastDraw':
/home/david/Documents/RockBox_Personal-master/devsrc/nano-soh-runtime/Shipwright/soh/src/overlays/actors/ovl_Boss_Tw/z_boss_tw.c:4417:28: warning: passing argument 3 of 'gSPSegment' makes integer from pointer without a cast [-Wint-conversion]
 4417 |                            Gfx_TwoTexScrollEx(play->state.gfxCtx, 0, ((this->work[CS_TIMER_1] * 3) + (i * 10)) & 0x7F,
      |                            ^~~~~~~~~~~~~~~~~~~~~~~~~~~~~~~~~~~~~~~~~~~~~~~~~~~~~~~~~~~~~~~~~~~~~~~~~~~~~~~~~~~~~~~~~~~
      |                            |
      |                            Gfx *
 4418 |                                               ((-this->work[CS_TIMER_1] * 15) + (i * 50)) & 0xFF, 0x20, 0x40, 1, 0, 0,
      |                                               ~~~~~~~~~~~~~~~~~~~~~~~~~~~~~~~~~~~~~~~~~~~~~~~~~~~~~~~~~~~~~~~~~~~~~~~~
 4419 |                                               0x20, 0x20, 3, -15, 0, 0));
      |                                               ~~~~~~~~~~~~~~~~~~~~~~~~~
/home/david/Documents/RockBox_Personal-master/devsrc/nano-soh-runtime/Shipwright/soh/include/functions.h:22:52: note: expected 'uintptr_t' {aka 'unsigned int'} but argument is of type 'Gfx *'
   22 | void gSPSegment(void* value, int segNum, uintptr_t target);
      |                                          ~~~~~~~~~~^~~~~~
/home/david/Documents/RockBox_Personal-master/devsrc/nano-soh-runtime/Shipwright/soh/src/overlays/actors/ovl_Boss_Tw/z_boss_tw.c:4429:70: warning: passing argument 2 of 'gSPDisplayList' from incompatible pointer type [-Wincompatible-pointer-types]
 4429 |                 gSPDisplayList(POLY_XLU_DISP++, SEGMENTED_TO_VIRTUAL(gTwinrovaFireDL));
      |                                                                      ^~~~~~~~~~~~~~~
      |                                                                      |
      |                                                                      const char *
/home/david/Documents/RockBox_Personal-master/devsrc/nano-soh-runtime/Shipwright/soh/include/macros.h:37:36: note: in definition of macro 'SEGMENTED_TO_VIRTUAL'
   37 | #define SEGMENTED_TO_VIRTUAL(addr) addr
      |                                    ^~~~
/home/david/Documents/RockBox_Personal-master/devsrc/nano-soh-runtime/Shipwright/soh/include/functions.h:24:36: note: expected 'Gfx *' but argument is of type 'const char *'
   24 | void gSPDisplayList(Gfx* pkt, Gfx* dl);
      |                               ~~~~~^~
/home/david/Documents/RockBox_Personal-master/devsrc/nano-soh-runtime/Shipwright/soh/src/overlays/actors/ovl_Boss_Tw/z_boss_tw.c:4440:66: warning: passing argument 2 of 'gSPDisplayList' from incompatible pointer type [-Wincompatible-pointer-types]
 4440 |             gSPDisplayList(POLY_XLU_DISP++, SEGMENTED_TO_VIRTUAL(gTwinrovaIceMaterialDL));
      |                                                                  ^~~~~~~~~~~~~~~~~~~~~~
      |                                                                  |
      |                                                                  const char *
/home/david/Documents/RockBox_Personal-master/devsrc/nano-soh-runtime/Shipwright/soh/include/macros.h:37:36: note: in definition of macro 'SEGMENTED_TO_VIRTUAL'
   37 | #define SEGMENTED_TO_VIRTUAL(addr) addr
      |                                    ^~~~
/home/david/Documents/RockBox_Personal-master/devsrc/nano-soh-runtime/Shipwright/soh/include/functions.h:24:36: note: expected 'Gfx *' but argument is of type 'const char *'
   24 | void gSPDisplayList(Gfx* pkt, Gfx* dl);
      |                               ~~~~~^~
/home/david/Documents/RockBox_Personal-master/devsrc/nano-soh-runtime/Shipwright/soh/src/overlays/actors/ovl_Boss_Tw/z_boss_tw.c:4445:28: warning: passing argument 3 of 'gSPSegment' makes integer from pointer without a cast [-Wint-conversion]
 4445 |                            Gfx_TwoTexScrollEx(play->state.gfxCtx, 0, ((this->work[CS_TIMER_1] * 3) + (i * 0xA)) & 0x7F,
      |                            ^~~~~~~~~~~~~~~~~~~~~~~~~~~~~~~~~~~~~~~~~~~~~~~~~~~~~~~~~~~~~~~~~~~~~~~~~~~~~~~~~~~~~~~~~~~~
      |                            |
      |                            Gfx *
 4446 |                                               (u8)((-this->work[CS_TIMER_1] * 0xF) + (i * 50)), 0x20, 0x40, 1, 0, 0,
      |                                               ~~~~~~~~~~~~~~~~~~~~~~~~~~~~~~~~~~~~~~~~~~~~~~~~~~~~~~~~~~~~~~~~~~~~~~
 4447 |                                               0x20, 0x20, 3, -0xF, 0, 0));
      |                                               ~~~~~~~~~~~~~~~~~~~~~~~~~~
/home/david/Documents/RockBox_Personal-master/devsrc/nano-soh-runtime/Shipwright/soh/include/functions.h:22:52: note: expected 'uintptr_t' {aka 'unsigned int'} but argument is of type 'Gfx *'
   22 | void gSPSegment(void* value, int segNum, uintptr_t target);
      |                                          ~~~~~~~~~~^~~~~~
/home/david/Documents/RockBox_Personal-master/devsrc/nano-soh-runtime/Shipwright/soh/src/overlays/actors/ovl_Boss_Tw/z_boss_tw.c:4457:70: warning: passing argument 2 of 'gSPDisplayList' from incompatible pointer type [-Wincompatible-pointer-types]
 4457 |                 gSPDisplayList(POLY_XLU_DISP++, SEGMENTED_TO_VIRTUAL(gTwinrovaIceModelDL));
      |                                                                      ^~~~~~~~~~~~~~~~~~~
      |                                                                      |
      |                                                                      const char *
/home/david/Documents/RockBox_Personal-master/devsrc/nano-soh-runtime/Shipwright/soh/include/macros.h:37:36: note: in definition of macro 'SEGMENTED_TO_VIRTUAL'
   37 | #define SEGMENTED_TO_VIRTUAL(addr) addr
      |                                    ^~~~
/home/david/Documents/RockBox_Personal-master/devsrc/nano-soh-runtime/Shipwright/soh/include/functions.h:24:36: note: expected 'Gfx *' but argument is of type 'const char *'
   24 | void gSPDisplayList(Gfx* pkt, Gfx* dl);
      |                               ~~~~~^~
/home/david/Documents/RockBox_Personal-master/devsrc/nano-soh-runtime/Shipwright/soh/src/overlays/actors/ovl_Boss_Tw/z_boss_tw.c: In function 'BossTw_DrawDeathBall':
/home/david/Documents/RockBox_Personal-master/devsrc/nano-soh-runtime/Shipwright/soh/src/overlays/actors/ovl_Boss_Tw/z_boss_tw.c:4489:24: warning: passing argument 3 of 'gSPSegment' makes integer from pointer without a cast [-Wint-conversion]
 4489 |                        Gfx_TwoTexScrollEx(play->state.gfxCtx, 0, (((this->work[CS_TIMER_1] * 3) + (i * 0xA))) & 0x7F,
      |                        ^~~~~~~~~~~~~~~~~~~~~~~~~~~~~~~~~~~~~~~~~~~~~~~~~~~~~~~~~~~~~~~~~~~~~~~~~~~~~~~~~~~~~~~~~~~~~~
      |                        |
      |                        Gfx *
 4490 |                                           (u8)((-this->work[CS_TIMER_1] * 0xF) + (i * 50)), 0x20, 0x40, 1, 0, 0, 0x20,
      |                                           ~~~~~~~~~~~~~~~~~~~~~~~~~~~~~~~~~~~~~~~~~~~~~~~~~~~~~~~~~~~~~~~~~~~~~~~~~~~~
 4491 |                                           0x20, 3, -0xF, 0, 0));
      |                                           ~~~~~~~~~~~~~~~~~~~~
/home/david/Documents/RockBox_Personal-master/devsrc/nano-soh-runtime/Shipwright/soh/include/functions.h:22:52: note: expected 'uintptr_t' {aka 'unsigned int'} but argument is of type 'Gfx *'
   22 | void gSPSegment(void* value, int segNum, uintptr_t target);
      |                                          ~~~~~~~~~~^~~~~~
/home/david/Documents/RockBox_Personal-master/devsrc/nano-soh-runtime/Shipwright/soh/src/overlays/actors/ovl_Boss_Tw/z_boss_tw.c:4500:66: warning: passing argument 2 of 'gSPDisplayList' from incompatible pointer type [-Wincompatible-pointer-types]
 4500 |             gSPDisplayList(POLY_XLU_DISP++, SEGMENTED_TO_VIRTUAL(gTwinrovaFireDL));
      |                                                                  ^~~~~~~~~~~~~~~
      |                                                                  |
      |                                                                  const char *
/home/david/Documents/RockBox_Personal-master/devsrc/nano-soh-runtime/Shipwright/soh/include/macros.h:37:36: note: in definition of macro 'SEGMENTED_TO_VIRTUAL'
   37 | #define SEGMENTED_TO_VIRTUAL(addr) addr
      |                                    ^~~~
/home/david/Documents/RockBox_Personal-master/devsrc/nano-soh-runtime/Shipwright/soh/include/functions.h:24:36: note: expected 'Gfx *' but argument is of type 'const char *'
   24 | void gSPDisplayList(Gfx* pkt, Gfx* dl);
      |                               ~~~~~^~
/home/david/Documents/RockBox_Personal-master/devsrc/nano-soh-runtime/Shipwright/soh/src/overlays/actors/ovl_Boss_Tw/z_boss_tw.c:4506:62: warning: passing argument 2 of 'gSPDisplayList' from incompatible pointer type [-Wincompatible-pointer-types]
 4506 |         gSPDisplayList(POLY_XLU_DISP++, SEGMENTED_TO_VIRTUAL(gTwinrovaIceMaterialDL));
      |                                                              ^~~~~~~~~~~~~~~~~~~~~~
      |                                                              |
      |                                                              const char *
/home/david/Documents/RockBox_Personal-master/devsrc/nano-soh-runtime/Shipwright/soh/include/macros.h:37:36: note: in definition of macro 'SEGMENTED_TO_VIRTUAL'
   37 | #define SEGMENTED_TO_VIRTUAL(addr) addr
      |                                    ^~~~
/home/david/Documents/RockBox_Personal-master/devsrc/nano-soh-runtime/Shipwright/soh/include/functions.h:24:36: note: expected 'Gfx *' but argument is of type 'const char *'
   24 | void gSPDisplayList(Gfx* pkt, Gfx* dl);
      |                               ~~~~~^~
/home/david/Documents/RockBox_Personal-master/devsrc/nano-soh-runtime/Shipwright/soh/src/overlays/actors/ovl_Boss_Tw/z_boss_tw.c:4512:24: warning: passing argument 3 of 'gSPSegment' makes integer from pointer without a cast [-Wint-conversion]
 4512 |                        Gfx_TwoTexScrollEx(play->state.gfxCtx, 0, (((this->work[CS_TIMER_1] * 3) + (i * 0xA))) & 0x7F,
      |                        ^~~~~~~~~~~~~~~~~~~~~~~~~~~~~~~~~~~~~~~~~~~~~~~~~~~~~~~~~~~~~~~~~~~~~~~~~~~~~~~~~~~~~~~~~~~~~~
      |                        |
      |                        Gfx *
 4513 |                                           (u8)((-this->work[CS_TIMER_1] * 0xF) + (i * 50)), 0x20, 0x40, 1, 0, 0, 0x20,
      |                                           ~~~~~~~~~~~~~~~~~~~~~~~~~~~~~~~~~~~~~~~~~~~~~~~~~~~~~~~~~~~~~~~~~~~~~~~~~~~~
 4514 |                                           0x20, 3, -0xF, 0, 0));
      |                                           ~~~~~~~~~~~~~~~~~~~~
/home/david/Documents/RockBox_Personal-master/devsrc/nano-soh-runtime/Shipwright/soh/include/functions.h:22:52: note: expected 'uintptr_t' {aka 'unsigned int'} but argument is of type 'Gfx *'
   22 | void gSPSegment(void* value, int segNum, uintptr_t target);
      |                                          ~~~~~~~~~~^~~~~~
/home/david/Documents/RockBox_Personal-master/devsrc/nano-soh-runtime/Shipwright/soh/src/overlays/actors/ovl_Boss_Tw/z_boss_tw.c:4523:66: warning: passing argument 2 of 'gSPDisplayList' from incompatible pointer type [-Wincompatible-pointer-types]
 4523 |             gSPDisplayList(POLY_XLU_DISP++, SEGMENTED_TO_VIRTUAL(gTwinrovaIceModelDL));
      |                                                                  ^~~~~~~~~~~~~~~~~~~
      |                                                                  |
      |                                                                  const char *
/home/david/Documents/RockBox_Personal-master/devsrc/nano-soh-runtime/Shipwright/soh/include/macros.h:37:36: note: in definition of macro 'SEGMENTED_TO_VIRTUAL'
   37 | #define SEGMENTED_TO_VIRTUAL(addr) addr
      |                                    ^~~~
/home/david/Documents/RockBox_Personal-master/devsrc/nano-soh-runtime/Shipwright/soh/include/functions.h:24:36: note: expected 'Gfx *' but argument is of type 'const char *'
   24 | void gSPDisplayList(Gfx* pkt, Gfx* dl);
      |                               ~~~~~^~
/home/david/Documents/RockBox_Personal-master/devsrc/nano-soh-runtime/Shipwright/soh/src/overlays/actors/ovl_Boss_Tw/z_boss_tw.c: In function 'BossTw_DrawEffects':
/home/david/Documents/RockBox_Personal-master/devsrc/nano-soh-runtime/Shipwright/soh/src/overlays/actors/ovl_Boss_Tw/z_boss_tw.c:4894:49: warning: passing argument 2 of 'gSPDisplayList' from incompatible pointer type [-Wincompatible-pointer-types]
 4894 |                 gSPDisplayList(POLY_XLU_DISP++, gTwinrovaMagicParticleMaterialDL);
      |                                                 ^~~~~~~~~~~~~~~~~~~~~~~~~~~~~~~~
      |                                                 |
      |                                                 const char *
/home/david/Documents/RockBox_Personal-master/devsrc/nano-soh-runtime/Shipwright/soh/include/functions.h:24:36: note: expected 'Gfx *' but argument is of type 'const char *'
   24 | void gSPDisplayList(Gfx* pkt, Gfx* dl);
      |                               ~~~~~^~
/home/david/Documents/RockBox_Personal-master/devsrc/nano-soh-runtime/Shipwright/soh/src/overlays/actors/ovl_Boss_Tw/z_boss_tw.c:4904:45: warning: passing argument 2 of 'gSPDisplayList' from incompatible pointer type [-Wincompatible-pointer-types]
 4904 |             gSPDisplayList(POLY_XLU_DISP++, gTwinrovaMagicParticleModelDL);
      |                                             ^~~~~~~~~~~~~~~~~~~~~~~~~~~~~
      |                                             |
      |                                             const char *
/home/david/Documents/RockBox_Personal-master/devsrc/nano-soh-runtime/Shipwright/soh/include/functions.h:24:36: note: expected 'Gfx *' but argument is of type 'const char *'
   24 | void gSPDisplayList(Gfx* pkt, Gfx* dl);
      |                               ~~~~~^~
/home/david/Documents/RockBox_Personal-master/devsrc/nano-soh-runtime/Shipwright/soh/src/overlays/actors/ovl_Boss_Tw/z_boss_tw.c:4919:70: warning: passing argument 2 of 'gSPDisplayList' from incompatible pointer type [-Wincompatible-pointer-types]
 4919 |                 gSPDisplayList(POLY_XLU_DISP++, SEGMENTED_TO_VIRTUAL(gTwinrovaIceMaterialDL));
      |                                                                      ^~~~~~~~~~~~~~~~~~~~~~
      |                                                                      |
      |                                                                      const char *
/home/david/Documents/RockBox_Personal-master/devsrc/nano-soh-runtime/Shipwright/soh/include/macros.h:37:36: note: in definition of macro 'SEGMENTED_TO_VIRTUAL'
   37 | #define SEGMENTED_TO_VIRTUAL(addr) addr
      |                                    ^~~~
/home/david/Documents/RockBox_Personal-master/devsrc/nano-soh-runtime/Shipwright/soh/include/functions.h:24:36: note: expected 'Gfx *' but argument is of type 'const char *'
   24 | void gSPDisplayList(Gfx* pkt, Gfx* dl);
      |                               ~~~~~^~
/home/david/Documents/RockBox_Personal-master/devsrc/nano-soh-runtime/Shipwright/soh/src/overlays/actors/ovl_Boss_Tw/z_boss_tw.c:4925:24: warning: passing argument 3 of 'gSPSegment' makes integer from pointer without a cast [-Wint-conversion]
 4925 |                        Gfx_TwoTexScrollEx(play->state.gfxCtx, 0, (currentEffect->frame * 3) & 0x7F,
      |                        ^~~~~~~~~~~~~~~~~~~~~~~~~~~~~~~~~~~~~~~~~~~~~~~~~~~~~~~~~~~~~~~~~~~~~~~~~~~~
      |                        |
      |                        Gfx *
 4926 |                                           (currentEffect->frame * 15) & 0xFF, 0x20, 0x40, 1, 0, 0, 0x20, 0x20, 3, 15, 0,
      |                                           ~~~~~~~~~~~~~~~~~~~~~~~~~~~~~~~~~~~~~~~~~~~~~~~~~~~~~~~~~~~~~~~~~~~~~~~~~~~~~~
 4927 |                                           0));
      |                                           ~~
/home/david/Documents/RockBox_Personal-master/devsrc/nano-soh-runtime/Shipwright/soh/include/functions.h:22:52: note: expected 'uintptr_t' {aka 'unsigned int'} but argument is of type 'Gfx *'
   22 | void gSPSegment(void* value, int segNum, uintptr_t target);
      |                                          ~~~~~~~~~~^~~~~~
/home/david/Documents/RockBox_Personal-master/devsrc/nano-soh-runtime/Shipwright/soh/src/overlays/actors/ovl_Boss_Tw/z_boss_tw.c:4932:66: warning: passing argument 2 of 'gSPDisplayList' from incompatible pointer type [-Wincompatible-pointer-types]
 4932 |             gSPDisplayList(POLY_XLU_DISP++, SEGMENTED_TO_VIRTUAL(gTwinrovaIceModelDL));
      |                                                                  ^~~~~~~~~~~~~~~~~~~
      |                                                                  |
      |                                                                  const char *
/home/david/Documents/RockBox_Personal-master/devsrc/nano-soh-runtime/Shipwright/soh/include/macros.h:37:36: note: in definition of macro 'SEGMENTED_TO_VIRTUAL'
   37 | #define SEGMENTED_TO_VIRTUAL(addr) addr
      |                                    ^~~~
/home/david/Documents/RockBox_Personal-master/devsrc/nano-soh-runtime/Shipwright/soh/include/functions.h:24:36: note: expected 'Gfx *' but argument is of type 'const char *'
   24 | void gSPDisplayList(Gfx* pkt, Gfx* dl);
      |                               ~~~~~^~
/home/david/Documents/RockBox_Personal-master/devsrc/nano-soh-runtime/Shipwright/soh/src/overlays/actors/ovl_Boss_Tw/z_boss_tw.c:4954:24: warning: passing argument 3 of 'gSPSegment' makes integer from pointer without a cast [-Wint-conversion]
 4954 |                        Gfx_TwoTexScrollEx(play->state.gfxCtx, 0, (currentEffect->frame * 3) & 0x7F,
      |                        ^~~~~~~~~~~~~~~~~~~~~~~~~~~~~~~~~~~~~~~~~~~~~~~~~~~~~~~~~~~~~~~~~~~~~~~~~~~~
      |                        |
      |                        Gfx *
 4955 |                                           (currentEffect->frame * 15) & 0xFF, 0x20, 0x40, 1, 0, 0, 0x20, 0x20, 3, 15, 0,
      |                                           ~~~~~~~~~~~~~~~~~~~~~~~~~~~~~~~~~~~~~~~~~~~~~~~~~~~~~~~~~~~~~~~~~~~~~~~~~~~~~~
 4956 |                                           0));
      |                                           ~~
/home/david/Documents/RockBox_Personal-master/devsrc/nano-soh-runtime/Shipwright/soh/include/functions.h:22:52: note: expected 'uintptr_t' {aka 'unsigned int'} but argument is of type 'Gfx *'
   22 | void gSPSegment(void* value, int segNum, uintptr_t target);
      |                                          ~~~~~~~~~~^~~~~~
/home/david/Documents/RockBox_Personal-master/devsrc/nano-soh-runtime/Shipwright/soh/src/overlays/actors/ovl_Boss_Tw/z_boss_tw.c:4961:66: warning: passing argument 2 of 'gSPDisplayList' from incompatible pointer type [-Wincompatible-pointer-types]
 4961 |             gSPDisplayList(POLY_XLU_DISP++, SEGMENTED_TO_VIRTUAL(gTwinrovaFireDL));
      |                                                                  ^~~~~~~~~~~~~~~
      |                                                                  |
      |                                                                  const char *
/home/david/Documents/RockBox_Personal-master/devsrc/nano-soh-runtime/Shipwright/soh/include/macros.h:37:36: note: in definition of macro 'SEGMENTED_TO_VIRTUAL'
   37 | #define SEGMENTED_TO_VIRTUAL(addr) addr
      |                                    ^~~~
/home/david/Documents/RockBox_Personal-master/devsrc/nano-soh-runtime/Shipwright/soh/include/functions.h:24:36: note: expected 'Gfx *' but argument is of type 'const char *'
   24 | void gSPDisplayList(Gfx* pkt, Gfx* dl);
      |                               ~~~~~^~
/home/david/Documents/RockBox_Personal-master/devsrc/nano-soh-runtime/Shipwright/soh/src/overlays/actors/ovl_Boss_Tw/z_boss_tw.c:4981:24: warning: passing argument 3 of 'gSPSegment' makes integer from pointer without a cast [-Wint-conversion]
 4981 |                        Gfx_TwoTexScrollEx(play->state.gfxCtx, 0, currentEffect->frame & 0x7F,
      |                        ^~~~~~~~~~~~~~~~~~~~~~~~~~~~~~~~~~~~~~~~~~~~~~~~~~~~~~~~~~~~~~~~~~~~~~
      |                        |
      |                        Gfx *
 4982 |                                           (currentEffect->frame * 8) & 0xFF, 0x20, 0x40, 1,
      |                                           ~~~~~~~~~~~~~~~~~~~~~~~~~~~~~~~~~~~~~~~~~~~~~~~~~
 4983 |                                           (currentEffect->frame * -2) & 0x7F, 0, 0x10, 0x10, 1, 8, -2, 0));
      |                                           ~~~~~~~~~~~~~~~~~~~~~~~~~~~~~~~~~~~~~~~~~~~~~~~~~~~~~~~~~~~~~~~
/home/david/Documents/RockBox_Personal-master/devsrc/nano-soh-runtime/Shipwright/soh/include/functions.h:22:52: note: expected 'uintptr_t' {aka 'unsigned int'} but argument is of type 'Gfx *'
   22 | void gSPSegment(void* value, int segNum, uintptr_t target);
      |                                          ~~~~~~~~~~^~~~~~
/home/david/Documents/RockBox_Personal-master/devsrc/nano-soh-runtime/Shipwright/soh/src/overlays/actors/ovl_Boss_Tw/z_boss_tw.c:5009:66: warning: passing argument 2 of 'gSPDisplayList' from incompatible pointer type [-Wincompatible-pointer-types]
 5009 |             gSPDisplayList(POLY_XLU_DISP++, SEGMENTED_TO_VIRTUAL(gTwinrovaEffectHaloDL));
      |                                                                  ^~~~~~~~~~~~~~~~~~~~~
      |                                                                  |
      |                                                                  const char *
/home/david/Documents/RockBox_Personal-master/devsrc/nano-soh-runtime/Shipwright/soh/include/macros.h:37:36: note: in definition of macro 'SEGMENTED_TO_VIRTUAL'
   37 | #define SEGMENTED_TO_VIRTUAL(addr) addr
      |                                    ^~~~
/home/david/Documents/RockBox_Personal-master/devsrc/nano-soh-runtime/Shipwright/soh/include/functions.h:24:36: note: expected 'Gfx *' but argument is of type 'const char *'
   24 | void gSPDisplayList(Gfx* pkt, Gfx* dl);
      |                               ~~~~~^~
/home/david/Documents/RockBox_Personal-master/devsrc/nano-soh-runtime/Shipwright/soh/src/overlays/actors/ovl_Boss_Tw/z_boss_tw.c:5028:70: warning: passing argument 2 of 'gSPDisplayList' from incompatible pointer type [-Wincompatible-pointer-types]
 5028 |                 gSPDisplayList(POLY_XLU_DISP++, SEGMENTED_TO_VIRTUAL(gTwinrovaIceSurroundingPlayerMaterialDL));
      |                                                                      ^~~~~~~~~~~~~~~~~~~~~~~~~~~~~~~~~~~~~~~
      |                                                                      |
      |                                                                      const char *
/home/david/Documents/RockBox_Personal-master/devsrc/nano-soh-runtime/Shipwright/soh/include/macros.h:37:36: note: in definition of macro 'SEGMENTED_TO_VIRTUAL'
   37 | #define SEGMENTED_TO_VIRTUAL(addr) addr
      |                                    ^~~~
/home/david/Documents/RockBox_Personal-master/devsrc/nano-soh-runtime/Shipwright/soh/include/functions.h:24:36: note: expected 'Gfx *' but argument is of type 'const char *'
   24 | void gSPDisplayList(Gfx* pkt, Gfx* dl);
      |                               ~~~~~^~
/home/david/Documents/RockBox_Personal-master/devsrc/nano-soh-runtime/Shipwright/soh/src/overlays/actors/ovl_Boss_Tw/z_boss_tw.c:5032:21: warning: passing argument 3 of 'gSPSegment' makes integer from pointer without a cast [-Wint-conversion]
 5032 |                     Gfx_TwoTexScrollEx(play->state.gfxCtx, 0, 0, 0, 0x20, 0x40, 1, 0, 0, 0x20, 0x20, 0, 0, 0, 0));
      |                     ^~~~~~~~~~~~~~~~~~~~~~~~~~~~~~~~~~~~~~~~~~~~~~~~~~~~~~~~~~~~~~~~~~~~~~~~~~~~~~~~~~~~~~~~~~~~
      |                     |
      |                     Gfx *
/home/david/Documents/RockBox_Personal-master/devsrc/nano-soh-runtime/Shipwright/soh/include/functions.h:22:52: note: expected 'uintptr_t' {aka 'unsigned int'} but argument is of type 'Gfx *'
   22 | void gSPSegment(void* value, int segNum, uintptr_t target);
      |                                          ~~~~~~~~~~^~~~~~
/home/david/Documents/RockBox_Personal-master/devsrc/nano-soh-runtime/Shipwright/soh/src/overlays/actors/ovl_Boss_Tw/z_boss_tw.c:5058:70: warning: passing argument 2 of 'gSPDisplayList' from incompatible pointer type [-Wincompatible-pointer-types]
 5058 |                 gSPDisplayList(POLY_XLU_DISP++, SEGMENTED_TO_VIRTUAL(gTwinrovaIceModelDL));
      |                                                                      ^~~~~~~~~~~~~~~~~~~
      |                                                                      |
      |                                                                      const char *
/home/david/Documents/RockBox_Personal-master/devsrc/nano-soh-runtime/Shipwright/soh/include/macros.h:37:36: note: in definition of macro 'SEGMENTED_TO_VIRTUAL'
   37 | #define SEGMENTED_TO_VIRTUAL(addr) addr
      |                                    ^~~~
/home/david/Documents/RockBox_Personal-master/devsrc/nano-soh-runtime/Shipwright/soh/include/functions.h:24:36: note: expected 'Gfx *' but argument is of type 'const char *'
   24 | void gSPDisplayList(Gfx* pkt, Gfx* dl);
      |                               ~~~~~^~
/home/david/Documents/RockBox_Personal-master/devsrc/nano-soh-runtime/Shipwright/soh/src/overlays/actors/ovl_Boss_Tw/z_boss_tw.c:5076:70: warning: passing argument 2 of 'gSPDisplayList' from incompatible pointer type [-Wincompatible-pointer-types]
 5076 |                 gSPDisplayList(POLY_XLU_DISP++, SEGMENTED_TO_VIRTUAL(gTwinrovaIceMaterialDL));
      |                                                                      ^~~~~~~~~~~~~~~~~~~~~~
      |                                                                      |
      |                                                                      const char *
/home/david/Documents/RockBox_Personal-master/devsrc/nano-soh-runtime/Shipwright/soh/include/macros.h:37:36: note: in definition of macro 'SEGMENTED_TO_VIRTUAL'
   37 | #define SEGMENTED_TO_VIRTUAL(addr) addr
      |                                    ^~~~
/home/david/Documents/RockBox_Personal-master/devsrc/nano-soh-runtime/Shipwright/soh/include/functions.h:24:36: note: expected 'Gfx *' but argument is of type 'const char *'
   24 | void gSPDisplayList(Gfx* pkt, Gfx* dl);
      |                               ~~~~~^~
/home/david/Documents/RockBox_Personal-master/devsrc/nano-soh-runtime/Shipwright/soh/src/overlays/actors/ovl_Boss_Tw/z_boss_tw.c:5084:24: warning: passing argument 3 of 'gSPSegment' makes integer from pointer without a cast [-Wint-conversion]
 5084 |                        Gfx_TwoTexScrollEx(play->state.gfxCtx, 0, (currentEffect->frame * 3) & 0x7F,
      |                        ^~~~~~~~~~~~~~~~~~~~~~~~~~~~~~~~~~~~~~~~~~~~~~~~~~~~~~~~~~~~~~~~~~~~~~~~~~~~
      |                        |
      |                        Gfx *
 5085 |                                           (-currentEffect->frame * 15) & 0xFF, 0x20, 0x40, 1, 0, 0, 0x20, 0x20, 3, -15,
      |                                           ~~~~~~~~~~~~~~~~~~~~~~~~~~~~~~~~~~~~~~~~~~~~~~~~~~~~~~~~~~~~~~~~~~~~~~~~~~~~~
 5086 |                                           0, 0));
      |                                           ~~~~~
/home/david/Documents/RockBox_Personal-master/devsrc/nano-soh-runtime/Shipwright/soh/include/functions.h:22:52: note: expected 'uintptr_t' {aka 'unsigned int'} but argument is of type 'Gfx *'
   22 | void gSPSegment(void* value, int segNum, uintptr_t target);
      |                                          ~~~~~~~~~~^~~~~~
/home/david/Documents/RockBox_Personal-master/devsrc/nano-soh-runtime/Shipwright/soh/src/overlays/actors/ovl_Boss_Tw/z_boss_tw.c:5093:70: warning: passing argument 2 of 'gSPDisplayList' from incompatible pointer type [-Wincompatible-pointer-types]
 5093 |                 gSPDisplayList(POLY_XLU_DISP++, SEGMENTED_TO_VIRTUAL(gTwinrovaIceModelDL));
      |                                                                      ^~~~~~~~~~~~~~~~~~~
      |                                                                      |
      |                                                                      const char *
/home/david/Documents/RockBox_Personal-master/devsrc/nano-soh-runtime/Shipwright/soh/include/macros.h:37:36: note: in definition of macro 'SEGMENTED_TO_VIRTUAL'
   37 | #define SEGMENTED_TO_VIRTUAL(addr) addr
      |                                    ^~~~
/home/david/Documents/RockBox_Personal-master/devsrc/nano-soh-runtime/Shipwright/soh/include/functions.h:24:36: note: expected 'Gfx *' but argument is of type 'const char *'
   24 | void gSPDisplayList(Gfx* pkt, Gfx* dl);
      |                               ~~~~~^~
/home/david/Documents/RockBox_Personal-master/devsrc/nano-soh-runtime/Shipwright/soh/src/overlays/actors/ovl_Boss_Tw/z_boss_tw.c:5095:70: warning: passing argument 2 of 'gSPDisplayList' from incompatible pointer type [-Wincompatible-pointer-types]
 5095 |                 gSPDisplayList(POLY_XLU_DISP++, SEGMENTED_TO_VIRTUAL(gTwinrovaFireDL));
      |                                                                      ^~~~~~~~~~~~~~~
      |                                                                      |
      |                                                                      const char *
/home/david/Documents/RockBox_Personal-master/devsrc/nano-soh-runtime/Shipwright/soh/include/macros.h:37:36: note: in definition of macro 'SEGMENTED_TO_VIRTUAL'
   37 | #define SEGMENTED_TO_VIRTUAL(addr) addr
      |                                    ^~~~
/home/david/Documents/RockBox_Personal-master/devsrc/nano-soh-runtime/Shipwright/soh/include/functions.h:24:36: note: expected 'Gfx *' but argument is of type 'const char *'
   24 | void gSPDisplayList(Gfx* pkt, Gfx* dl);
      |                               ~~~~~^~
/home/david/Documents/RockBox_Personal-master/devsrc/nano-soh-runtime/Shipwright/soh/src/overlays/actors/ovl_Boss_Tw/z_boss_tw.c: In function 'BossTw_TwinrovaSetupArriveAtTarget':
/home/david/Documents/RockBox_Personal-master/devsrc/nano-soh-runtime/Shipwright/soh/src/overlays/actors/ovl_Boss_Tw/z_boss_tw.c:5109:45: warning: passing argument 2 of 'Animation_MorphToLoop' from incompatible pointer type [-Wincompatible-pointer-types]
 5109 |     Animation_MorphToLoop(&this->skelAnime, &gTwinrovaHoverAnim, -3.0f);
      |                                             ^~~~~~~~~~~~~~~~~~~
      |                                             |
      |                                             const char (*)[44]
/home/david/Documents/RockBox_Personal-master/devsrc/nano-soh-runtime/Shipwright/soh/include/functions.h:1342:67: note: expected 'AnimationHeader *' but argument is of type 'const char (*)[44]'
 1342 | void Animation_MorphToLoop(SkelAnime* skelAnime, AnimationHeader* animation, f32 morphFrames);
      |                                                  ~~~~~~~~~~~~~~~~~^~~~~~~~~
/home/david/Documents/RockBox_Personal-master/devsrc/nano-soh-runtime/Shipwright/soh/src/overlays/actors/ovl_Boss_Tw/z_boss_tw.c: In function 'BossTw_TwinrovaSetupChargeBlast':
/home/david/Documents/RockBox_Personal-master/devsrc/nano-soh-runtime/Shipwright/soh/src/overlays/actors/ovl_Boss_Tw/z_boss_tw.c:5132:49: warning: passing argument 2 of 'Animation_MorphToPlayOnce' from incompatible pointer type [-Wincompatible-pointer-types]
 5132 |     Animation_MorphToPlayOnce(&this->skelAnime, &gTwinrovaWindUpAnim, -5.0f);
      |                                                 ^~~~~~~~~~~~~~~~~~~~
      |                                                 |
      |                                                 const char (*)[45]
/home/david/Documents/RockBox_Personal-master/devsrc/nano-soh-runtime/Shipwright/soh/include/functions.h:1339:71: note: expected 'AnimationHeader *' but argument is of type 'const char (*)[45]'
 1339 | void Animation_MorphToPlayOnce(SkelAnime* skelAnime, AnimationHeader* animation, f32 morphFrames);
      |                                                      ~~~~~~~~~~~~~~~~~^~~~~~~~~
/home/david/Documents/RockBox_Personal-master/devsrc/nano-soh-runtime/Shipwright/soh/src/overlays/actors/ovl_Boss_Tw/z_boss_tw.c:5133:55: warning: passing argument 1 of 'Animation_GetLastFrame' discards 'const' qualifier from pointer target type [-Wdiscarded-array-qualifiers]
 5133 |     this->workf[ANIM_SW_TGT] = Animation_GetLastFrame(&gTwinrovaWindUpAnim);
      |                                                       ^~~~~~~~~~~~~~~~~~~~
/home/david/Documents/RockBox_Personal-master/devsrc/nano-soh-runtime/Shipwright/soh/include/functions.h:1278:34: note: expected 'void *' but argument is of type 'const char (*)[45]'
 1278 | s16 Animation_GetLastFrame(void* animation);
      |                            ~~~~~~^~~~~~~~~
/home/david/Documents/RockBox_Personal-master/devsrc/nano-soh-runtime/Shipwright/soh/src/overlays/actors/ovl_Boss_Tw/z_boss_tw.c: In function 'BossTw_TwinrovaSetupShootBlast':
/home/david/Documents/RockBox_Personal-master/devsrc/nano-soh-runtime/Shipwright/soh/src/overlays/actors/ovl_Boss_Tw/z_boss_tw.c:5165:53: warning: passing argument 2 of 'Animation_MorphToPlayOnce' from incompatible pointer type [-Wincompatible-pointer-types]
 5165 |         Animation_MorphToPlayOnce(&this->skelAnime, &gTwinrovaIceAttackAnim, 0.0f);
      |                                                     ^~~~~~~~~~~~~~~~~~~~~~~
      |                                                     |
      |                                                     const char (*)[48]
/home/david/Documents/RockBox_Personal-master/devsrc/nano-soh-runtime/Shipwright/soh/include/functions.h:1339:71: note: expected 'AnimationHeader *' but argument is of type 'const char (*)[48]'
 1339 | void Animation_MorphToPlayOnce(SkelAnime* skelAnime, AnimationHeader* animation, f32 morphFrames);
      |                                                      ~~~~~~~~~~~~~~~~~^~~~~~~~~
/home/david/Documents/RockBox_Personal-master/devsrc/nano-soh-runtime/Shipwright/soh/src/overlays/actors/ovl_Boss_Tw/z_boss_tw.c:5167:53: warning: passing argument 2 of 'Animation_MorphToPlayOnce' from incompatible pointer type [-Wincompatible-pointer-types]
 5167 |         Animation_MorphToPlayOnce(&this->skelAnime, &gTwinrovaFireAttackAnim, 0.0f);
      |                                                     ^~~~~~~~~~~~~~~~~~~~~~~~
      |                                                     |
      |                                                     const char (*)[49]
/home/david/Documents/RockBox_Personal-master/devsrc/nano-soh-runtime/Shipwright/soh/include/functions.h:1339:71: note: expected 'AnimationHeader *' but argument is of type 'const char (*)[49]'
 1339 | void Animation_MorphToPlayOnce(SkelAnime* skelAnime, AnimationHeader* animation, f32 morphFrames);
      |                                                      ~~~~~~~~~~~~~~~~~^~~~~~~~~
/home/david/Documents/RockBox_Personal-master/devsrc/nano-soh-runtime/Shipwright/soh/src/overlays/actors/ovl_Boss_Tw/z_boss_tw.c:5170:55: warning: passing argument 1 of 'Animation_GetLastFrame' discards 'const' qualifier from pointer target type [-Wdiscarded-array-qualifiers]
 5170 |     this->workf[ANIM_SW_TGT] = Animation_GetLastFrame(&gTwinrovaFireAttackAnim);
      |                                                       ^~~~~~~~~~~~~~~~~~~~~~~~
/home/david/Documents/RockBox_Personal-master/devsrc/nano-soh-runtime/Shipwright/soh/include/functions.h:1278:34: note: expected 'void *' but argument is of type 'const char (*)[49]'
 1278 | s16 Animation_GetLastFrame(void* animation);
      |                            ~~~~~~^~~~~~~~~
/home/david/Documents/RockBox_Personal-master/devsrc/nano-soh-runtime/Shipwright/soh/src/overlays/actors/ovl_Boss_Tw/z_boss_tw.c: In function 'BossTw_TwinrovaSetupDoneBlastShoot':
/home/david/Documents/RockBox_Personal-master/devsrc/nano-soh-runtime/Shipwright/soh/src/overlays/actors/ovl_Boss_Tw/z_boss_tw.c:5227:45: warning: passing argument 2 of 'Animation_MorphToLoop' from incompatible pointer type [-Wincompatible-pointer-types]
 5227 |     Animation_MorphToLoop(&this->skelAnime, &gTwinrovaHoverAnim, -10.0f);
      |                                             ^~~~~~~~~~~~~~~~~~~
      |                                             |
      |                                             const char (*)[44]
/home/david/Documents/RockBox_Personal-master/devsrc/nano-soh-runtime/Shipwright/soh/include/functions.h:1342:67: note: expected 'AnimationHeader *' but argument is of type 'const char (*)[44]'
 1342 | void Animation_MorphToLoop(SkelAnime* skelAnime, AnimationHeader* animation, f32 morphFrames);
      |                                                  ~~~~~~~~~~~~~~~~~^~~~~~~~~
/home/david/Documents/RockBox_Personal-master/devsrc/nano-soh-runtime/Shipwright/soh/src/overlays/actors/ovl_Boss_Tw/z_boss_tw.c: In function 'BossTw_TwinrovaDamage':
/home/david/Documents/RockBox_Personal-master/devsrc/nano-soh-runtime/Shipwright/soh/src/overlays/actors/ovl_Boss_Tw/z_boss_tw.c:5248:53: warning: passing argument 2 of 'Animation_MorphToPlayOnce' from incompatible pointer type [-Wincompatible-pointer-types]
 5248 |         Animation_MorphToPlayOnce(&this->skelAnime, &gTwinrovaChargedAttackHitAnim, -15.0f);
      |                                                     ^~~~~~~~~~~~~~~~~~~~~~~~~~~~~~
      |                                                     |
      |                                                     const char (*)[55]
/home/david/Documents/RockBox_Personal-master/devsrc/nano-soh-runtime/Shipwright/soh/include/functions.h:1339:71: note: expected 'AnimationHeader *' but argument is of type 'const char (*)[55]'
 1339 | void Animation_MorphToPlayOnce(SkelAnime* skelAnime, AnimationHeader* animation, f32 morphFrames);
      |                                                      ~~~~~~~~~~~~~~~~~^~~~~~~~~
/home/david/Documents/RockBox_Personal-master/devsrc/nano-soh-runtime/Shipwright/soh/src/overlays/actors/ovl_Boss_Tw/z_boss_tw.c:5256:53: warning: passing argument 2 of 'Animation_MorphToPlayOnce' from incompatible pointer type [-Wincompatible-pointer-types]
 5256 |         Animation_MorphToPlayOnce(&this->skelAnime, &gTwinrovaDamageAnim, -3.0f);
      |                                                     ^~~~~~~~~~~~~~~~~~~~
      |                                                     |
      |                                                     const char (*)[45]
/home/david/Documents/RockBox_Personal-master/devsrc/nano-soh-runtime/Shipwright/soh/include/functions.h:1339:71: note: expected 'AnimationHeader *' but argument is of type 'const char (*)[45]'
 1339 | void Animation_MorphToPlayOnce(SkelAnime* skelAnime, AnimationHeader* animation, f32 morphFrames);
      |                                                      ~~~~~~~~~~~~~~~~~^~~~~~~~~
/home/david/Documents/RockBox_Personal-master/devsrc/nano-soh-runtime/Shipwright/soh/src/overlays/actors/ovl_Boss_Tw/z_boss_tw.c:5257:59: warning: passing argument 1 of 'Animation_GetLastFrame' discards 'const' qualifier from pointer target type [-Wdiscarded-array-qualifiers]
 5257 |         this->workf[ANIM_SW_TGT] = Animation_GetLastFrame(&gTwinrovaDamageAnim);
      |                                                           ^~~~~~~~~~~~~~~~~~~~
/home/david/Documents/RockBox_Personal-master/devsrc/nano-soh-runtime/Shipwright/soh/include/functions.h:1278:34: note: expected 'void *' but argument is of type 'const char (*)[45]'
 1278 | s16 Animation_GetLastFrame(void* animation);
      |                            ~~~~~~^~~~~~~~~
/home/david/Documents/RockBox_Personal-master/devsrc/nano-soh-runtime/Shipwright/soh/src/overlays/actors/ovl_Boss_Tw/z_boss_tw.c: In function 'BossTw_TwinrovaStun':
/home/david/Documents/RockBox_Personal-master/devsrc/nano-soh-runtime/Shipwright/soh/src/overlays/actors/ovl_Boss_Tw/z_boss_tw.c:5320:63: warning: passing argument 1 of 'Animation_GetLastFrame' discards 'const' qualifier from pointer target type [-Wdiscarded-array-qualifiers]
 5320 |             this->workf[ANIM_SW_TGT] = Animation_GetLastFrame(&gTwinrovaStunStartAnim);
      |                                                               ^~~~~~~~~~~~~~~~~~~~~~~
/home/david/Documents/RockBox_Personal-master/devsrc/nano-soh-runtime/Shipwright/soh/include/functions.h:1278:34: note: expected 'void *' but argument is of type 'const char (*)[48]'
 1278 | s16 Animation_GetLastFrame(void* animation);
      |                            ~~~~~~^~~~~~~~~
/home/david/Documents/RockBox_Personal-master/devsrc/nano-soh-runtime/Shipwright/soh/src/overlays/actors/ovl_Boss_Tw/z_boss_tw.c:5321:48: warning: passing argument 2 of 'Animation_Change' from incompatible pointer type [-Wincompatible-pointer-types]
 5321 |             Animation_Change(&this->skelAnime, &gTwinrovaStunStartAnim, 1.0f, 0.0f, this->workf[ANIM_SW_TGT], 3, 0.0f);
      |                                                ^~~~~~~~~~~~~~~~~~~~~~~
      |                                                |
      |                                                const char (*)[48]
/home/david/Documents/RockBox_Personal-master/devsrc/nano-soh-runtime/Shipwright/soh/include/functions.h:1336:62: note: expected 'AnimationHeader *' but argument is of type 'const char (*)[48]'
 1336 | void Animation_Change(SkelAnime* skelAnime, AnimationHeader* animation, f32 playSpeed, f32 startFrame, f32 endFrame,
      |                                             ~~~~~~~~~~~~~~~~~^~~~~~~~~
/home/david/Documents/RockBox_Personal-master/devsrc/nano-soh-runtime/Shipwright/soh/src/overlays/actors/ovl_Boss_Tw/z_boss_tw.c:5325:49: warning: passing argument 2 of 'Animation_MorphToLoop' from incompatible pointer type [-Wincompatible-pointer-types]
 5325 |         Animation_MorphToLoop(&this->skelAnime, &gTwinrovaStunLoopAnim, 0.0f);
      |                                                 ^~~~~~~~~~~~~~~~~~~~~~
      |                                                 |
      |                                                 const char (*)[47]
/home/david/Documents/RockBox_Personal-master/devsrc/nano-soh-runtime/Shipwright/soh/include/functions.h:1342:67: note: expected 'AnimationHeader *' but argument is of type 'const char (*)[47]'
 1342 | void Animation_MorphToLoop(SkelAnime* skelAnime, AnimationHeader* animation, f32 morphFrames);
      |                                                  ~~~~~~~~~~~~~~~~~^~~~~~~~~
/home/david/Documents/RockBox_Personal-master/devsrc/nano-soh-runtime/Shipwright/soh/src/overlays/actors/ovl_Boss_Tw/z_boss_tw.c: In function 'BossTw_TwinrovaSetupGetUp':
/home/david/Documents/RockBox_Personal-master/devsrc/nano-soh-runtime/Shipwright/soh/src/overlays/actors/ovl_Boss_Tw/z_boss_tw.c:5338:49: warning: passing argument 2 of 'Animation_MorphToPlayOnce' from incompatible pointer type [-Wincompatible-pointer-types]
 5338 |     Animation_MorphToPlayOnce(&this->skelAnime, &gTwinrovaStunEndAnim, 0.0f);
      |                                                 ^~~~~~~~~~~~~~~~~~~~~
      |                                                 |
      |                                                 const char (*)[46]
/home/david/Documents/RockBox_Personal-master/devsrc/nano-soh-runtime/Shipwright/soh/include/functions.h:1339:71: note: expected 'AnimationHeader *' but argument is of type 'const char (*)[46]'
 1339 | void Animation_MorphToPlayOnce(SkelAnime* skelAnime, AnimationHeader* animation, f32 morphFrames);
      |                                                      ~~~~~~~~~~~~~~~~~^~~~~~~~~
/home/david/Documents/RockBox_Personal-master/devsrc/nano-soh-runtime/Shipwright/soh/src/overlays/actors/ovl_Boss_Tw/z_boss_tw.c:5339:55: warning: passing argument 1 of 'Animation_GetLastFrame' discards 'const' qualifier from pointer target type [-Wdiscarded-array-qualifiers]
 5339 |     this->workf[ANIM_SW_TGT] = Animation_GetLastFrame(&gTwinrovaStunEndAnim);
      |                                                       ^~~~~~~~~~~~~~~~~~~~~
/home/david/Documents/RockBox_Personal-master/devsrc/nano-soh-runtime/Shipwright/soh/include/functions.h:1278:34: note: expected 'void *' but argument is of type 'const char (*)[46]'
 1278 | s16 Animation_GetLastFrame(void* animation);
      |                            ~~~~~~^~~~~~~~~
/home/david/Documents/RockBox_Personal-master/devsrc/nano-soh-runtime/Shipwright/soh/src/overlays/actors/ovl_Boss_Tw/z_boss_tw.c: In function 'BossTw_TwinrovaGetUp':
/home/david/Documents/RockBox_Personal-master/devsrc/nano-soh-runtime/Shipwright/soh/src/overlays/actors/ovl_Boss_Tw/z_boss_tw.c:5350:49: warning: passing argument 2 of 'Animation_MorphToLoop' from incompatible pointer type [-Wincompatible-pointer-types]
 5350 |         Animation_MorphToLoop(&this->skelAnime, &gTwinrovaHoverAnim, 0.0f);
      |                                                 ^~~~~~~~~~~~~~~~~~~
      |                                                 |
      |                                                 const char (*)[44]
/home/david/Documents/RockBox_Personal-master/devsrc/nano-soh-runtime/Shipwright/soh/include/functions.h:1342:67: note: expected 'AnimationHeader *' but argument is of type 'const char (*)[44]'
 1342 | void Animation_MorphToLoop(SkelAnime* skelAnime, AnimationHeader* animation, f32 morphFrames);
      |                                                  ~~~~~~~~~~~~~~~~~^~~~~~~~~
/home/david/Documents/RockBox_Personal-master/devsrc/nano-soh-runtime/Shipwright/soh/src/overlays/actors/ovl_Boss_Tw/z_boss_tw.c: In function 'BossTw_TwinrovaSetupFly':
/home/david/Documents/RockBox_Personal-master/devsrc/nano-soh-runtime/Shipwright/soh/src/overlays/actors/ovl_Boss_Tw/z_boss_tw.c:5384:45: warning: passing argument 2 of 'Animation_MorphToLoop' from incompatible pointer type [-Wincompatible-pointer-types]
 5384 |     Animation_MorphToLoop(&this->skelAnime, &gTwinrovaHoverAnim, -10.0f);
      |                                             ^~~~~~~~~~~~~~~~~~~
      |                                             |
      |                                             const char (*)[44]
/home/david/Documents/RockBox_Personal-master/devsrc/nano-soh-runtime/Shipwright/soh/include/functions.h:1342:67: note: expected 'AnimationHeader *' but argument is of type 'const char (*)[44]'
 1342 | void Animation_MorphToLoop(SkelAnime* skelAnime, AnimationHeader* animation, f32 morphFrames);
      |                                                  ~~~~~~~~~~~~~~~~~^~~~~~~~~
/home/david/Documents/RockBox_Personal-master/devsrc/nano-soh-runtime/Shipwright/soh/src/overlays/actors/ovl_Boss_Tw/z_boss_tw.c: In function 'BossTw_TwinrovaSetupSpin':
/home/david/Documents/RockBox_Personal-master/devsrc/nano-soh-runtime/Shipwright/soh/src/overlays/actors/ovl_Boss_Tw/z_boss_tw.c:5423:45: warning: passing argument 2 of 'Animation_MorphToLoop' from incompatible pointer type [-Wincompatible-pointer-types]
 5423 |     Animation_MorphToLoop(&this->skelAnime, &gTwinrovaHoverAnim, 0.0f);
      |                                             ^~~~~~~~~~~~~~~~~~~
      |                                             |
      |                                             const char (*)[44]
/home/david/Documents/RockBox_Personal-master/devsrc/nano-soh-runtime/Shipwright/soh/include/functions.h:1342:67: note: expected 'AnimationHeader *' but argument is of type 'const char (*)[44]'
 1342 | void Animation_MorphToLoop(SkelAnime* skelAnime, AnimationHeader* animation, f32 morphFrames);
      |                                                  ~~~~~~~~~~~~~~~~~^~~~~~~~~
/home/david/Documents/RockBox_Personal-master/devsrc/nano-soh-runtime/Shipwright/soh/src/overlays/actors/ovl_Boss_Tw/z_boss_tw.c: In function 'BossTw_TwinrovaSetupLaugh':
/home/david/Documents/RockBox_Personal-master/devsrc/nano-soh-runtime/Shipwright/soh/src/overlays/actors/ovl_Boss_Tw/z_boss_tw.c:5444:49: warning: passing argument 2 of 'Animation_MorphToPlayOnce' from incompatible pointer type [-Wincompatible-pointer-types]
 5444 |     Animation_MorphToPlayOnce(&this->skelAnime, &gTwinrovaLaughAnim, 0.0f);
      |                                                 ^~~~~~~~~~~~~~~~~~~
      |                                                 |
      |                                                 const char (*)[44]
/home/david/Documents/RockBox_Personal-master/devsrc/nano-soh-runtime/Shipwright/soh/include/functions.h:1339:71: note: expected 'AnimationHeader *' but argument is of type 'const char (*)[44]'
 1339 | void Animation_MorphToPlayOnce(SkelAnime* skelAnime, AnimationHeader* animation, f32 morphFrames);
      |                                                      ~~~~~~~~~~~~~~~~~^~~~~~~~~
/home/david/Documents/RockBox_Personal-master/devsrc/nano-soh-runtime/Shipwright/soh/src/overlays/actors/ovl_Boss_Tw/z_boss_tw.c:5445:55: warning: passing argument 1 of 'Animation_GetLastFrame' discards 'const' qualifier from pointer target type [-Wdiscarded-array-qualifiers]
 5445 |     this->workf[ANIM_SW_TGT] = Animation_GetLastFrame(&gTwinrovaLaughAnim);
      |                                                       ^~~~~~~~~~~~~~~~~~~
/home/david/Documents/RockBox_Personal-master/devsrc/nano-soh-runtime/Shipwright/soh/include/functions.h:1278:34: note: expected 'void *' but argument is of type 'const char (*)[44]'
 1278 | s16 Animation_GetLastFrame(void* animation);
      |                            ~~~~~~^~~~~~~~~
