/home/david/Documents/RockBox_Personal-master/devsrc/nano-soh-runtime/Shipwright/soh/src/overlays/actors/ovl_Boss_Ganon/z_boss_ganon.c:139:1: warning: braces around scalar initializer
  139 | static u8 sWindowShatterTex[2048] = { { 0 } };
      | ^~~~~~
/home/david/Documents/RockBox_Personal-master/devsrc/nano-soh-runtime/Shipwright/soh/src/overlays/actors/ovl_Boss_Ganon/z_boss_ganon.c:139:1: note: (near initialization for 'sWindowShatterTex[0]')
/home/david/Documents/RockBox_Personal-master/devsrc/nano-soh-runtime/Shipwright/soh/src/overlays/actors/ovl_Boss_Ganon/z_boss_ganon.c: In function 'BossGanon_Init':
/home/david/Documents/RockBox_Personal-master/devsrc/nano-soh-runtime/Shipwright/soh/src/overlays/actors/ovl_Boss_Ganon/z_boss_ganon.c:373:52: warning: passing argument 3 of 'SkelAnime_InitFlex' from incompatible pointer type [-Wincompatible-pointer-types]
  373 |         SkelAnime_InitFlex(play, &this->skelAnime, &gGanondorfSkel, NULL, NULL, NULL, 0);
      |                                                    ^~~~~~~~~~~~~~~
      |                                                    |
      |                                                    const char (*)[43]
In file included from /home/david/Documents/RockBox_Personal-master/devsrc/nano-soh-runtime/Shipwright/soh/include/global.h:8,
                 from /home/david/Documents/RockBox_Personal-master/devsrc/nano-soh-runtime/Shipwright/soh/src/overlays/actors/ovl_Boss_Ganon/z_boss_ganon.h:5,
                 from /home/david/Documents/RockBox_Personal-master/devsrc/nano-soh-runtime/Shipwright/soh/src/overlays/actors/ovl_Boss_Ganon/z_boss_ganon.c:1:
/home/david/Documents/RockBox_Personal-master/devsrc/nano-soh-runtime/Shipwright/soh/include/functions.h:1329:83: note: expected 'FlexSkeletonHeader *' but argument is of type 'const char (*)[43]'
 1329 | s32 SkelAnime_InitFlex(PlayState* play, SkelAnime* skelAnime, FlexSkeletonHeader* skeletonHeaderSeg,
      |                                                               ~~~~~~~~~~~~~~~~~~~~^~~~~~~~~~~~~~~~~
/home/david/Documents/RockBox_Personal-master/devsrc/nano-soh-runtime/Shipwright/soh/src/overlays/actors/ovl_Boss_Ganon/z_boss_ganon.c: In function 'BossGanon_SetupIntroCutscene':
/home/david/Documents/RockBox_Personal-master/devsrc/nano-soh-runtime/Shipwright/soh/src/overlays/actors/ovl_Boss_Ganon/z_boss_ganon.c:510:49: warning: passing argument 2 of 'Animation_MorphToLoop' from incompatible pointer type [-Wincompatible-pointer-types]
  510 |         Animation_MorphToLoop(&this->skelAnime, &gGanondorfPlayOrganAnim, 0.0f);
      |                                                 ^~~~~~~~~~~~~~~~~~~~~~~~
      |                                                 |
      |                                                 const char (*)[59]
/home/david/Documents/RockBox_Personal-master/devsrc/nano-soh-runtime/Shipwright/soh/include/functions.h:1342:67: note: expected 'AnimationHeader *' but argument is of type 'const char (*)[59]'
 1342 | void Animation_MorphToLoop(SkelAnime* skelAnime, AnimationHeader* animation, f32 morphFrames);
      |                                                  ~~~~~~~~~~~~~~~~~^~~~~~~~~
/home/david/Documents/RockBox_Personal-master/devsrc/nano-soh-runtime/Shipwright/soh/src/overlays/actors/ovl_Boss_Ganon/z_boss_ganon.c: In function 'BossGanon_IntroCutscene':
/home/david/Documents/RockBox_Personal-master/devsrc/nano-soh-runtime/Shipwright/soh/src/overlays/actors/ovl_Boss_Ganon/z_boss_ganon.c:594:57: warning: passing argument 2 of 'Animation_MorphToLoop' from incompatible pointer type [-Wincompatible-pointer-types]
  594 |                 Animation_MorphToLoop(&this->skelAnime, &gGanondorfStandBackwardsAnim, -5.0f);
      |                                                         ^~~~~~~~~~~~~~~~~~~~~~~~~~~~~
      |                                                         |
      |                                                         const char (*)[64]
/home/david/Documents/RockBox_Personal-master/devsrc/nano-soh-runtime/Shipwright/soh/include/functions.h:1342:67: note: expected 'AnimationHeader *' but argument is of type 'const char (*)[64]'
 1342 | void Animation_MorphToLoop(SkelAnime* skelAnime, AnimationHeader* animation, f32 morphFrames);
      |                                                  ~~~~~~~~~~~~~~~~~^~~~~~~~~
/home/david/Documents/RockBox_Personal-master/devsrc/nano-soh-runtime/Shipwright/soh/src/overlays/actors/ovl_Boss_Ganon/z_boss_ganon.c:835:67: warning: passing argument 1 of 'Animation_GetLastFrame' discards 'const' qualifier from pointer target type [-Wdiscarded-array-qualifiers]
  835 |                 this->fwork[GDF_FWORK_1] = Animation_GetLastFrame(&gGanondorfStopPlayingOrganAnim);
      |                                                                   ^~~~~~~~~~~~~~~~~~~~~~~~~~~~~~~
/home/david/Documents/RockBox_Personal-master/devsrc/nano-soh-runtime/Shipwright/soh/include/functions.h:1278:34: note: expected 'void *' but argument is of type 'const char (*)[66]'
 1278 | s16 Animation_GetLastFrame(void* animation);
      |                            ~~~~~~^~~~~~~~~
/home/david/Documents/RockBox_Personal-master/devsrc/nano-soh-runtime/Shipwright/soh/src/overlays/actors/ovl_Boss_Ganon/z_boss_ganon.c:836:61: warning: passing argument 2 of 'Animation_MorphToPlayOnce' from incompatible pointer type [-Wincompatible-pointer-types]
  836 |                 Animation_MorphToPlayOnce(&this->skelAnime, &gGanondorfStopPlayingOrganAnim, -5.0f);
      |                                                             ^~~~~~~~~~~~~~~~~~~~~~~~~~~~~~~
      |                                                             |
      |                                                             const char (*)[66]
/home/david/Documents/RockBox_Personal-master/devsrc/nano-soh-runtime/Shipwright/soh/include/functions.h:1339:71: note: expected 'AnimationHeader *' but argument is of type 'const char (*)[66]'
 1339 | void Animation_MorphToPlayOnce(SkelAnime* skelAnime, AnimationHeader* animation, f32 morphFrames);
      |                                                      ~~~~~~~~~~~~~~~~~^~~~~~~~~
/home/david/Documents/RockBox_Personal-master/devsrc/nano-soh-runtime/Shipwright/soh/src/overlays/actors/ovl_Boss_Ganon/z_boss_ganon.c:840:57: warning: passing argument 2 of 'Animation_MorphToLoop' from incompatible pointer type [-Wincompatible-pointer-types]
  840 |                 Animation_MorphToLoop(&this->skelAnime, &gGanondorfLeanOnOrganAnim, 0.0f);
      |                                                         ^~~~~~~~~~~~~~~~~~~~~~~~~~
      |                                                         |
      |                                                         const char (*)[61]
/home/david/Documents/RockBox_Personal-master/devsrc/nano-soh-runtime/Shipwright/soh/include/functions.h:1342:67: note: expected 'AnimationHeader *' but argument is of type 'const char (*)[61]'
 1342 | void Animation_MorphToLoop(SkelAnime* skelAnime, AnimationHeader* animation, f32 morphFrames);
      |                                                  ~~~~~~~~~~~~~~~~~^~~~~~~~~
/home/david/Documents/RockBox_Personal-master/devsrc/nano-soh-runtime/Shipwright/soh/src/overlays/actors/ovl_Boss_Ganon/z_boss_ganon.c:880:65: warning: passing argument 2 of 'Animation_MorphToPlayOnce' from incompatible pointer type [-Wincompatible-pointer-types]
  880 |                     Animation_MorphToPlayOnce(&this->skelAnime, &gGanondorfStandUpFromOrganAnim, -5.0f);
      |                                                                 ^~~~~~~~~~~~~~~~~~~~~~~~~~~~~~~
      |                                                                 |
      |                                                                 const char (*)[66]
/home/david/Documents/RockBox_Personal-master/devsrc/nano-soh-runtime/Shipwright/soh/include/functions.h:1339:71: note: expected 'AnimationHeader *' but argument is of type 'const char (*)[66]'
 1339 | void Animation_MorphToPlayOnce(SkelAnime* skelAnime, AnimationHeader* animation, f32 morphFrames);
      |                                                      ~~~~~~~~~~~~~~~~~^~~~~~~~~
/home/david/Documents/RockBox_Personal-master/devsrc/nano-soh-runtime/Shipwright/soh/src/overlays/actors/ovl_Boss_Ganon/z_boss_ganon.c:881:71: warning: passing argument 1 of 'Animation_GetLastFrame' discards 'const' qualifier from pointer target type [-Wdiscarded-array-qualifiers]
  881 |                     this->fwork[GDF_FWORK_1] = Animation_GetLastFrame(&gGanondorfStandUpFromOrganAnim);
      |                                                                       ^~~~~~~~~~~~~~~~~~~~~~~~~~~~~~~
/home/david/Documents/RockBox_Personal-master/devsrc/nano-soh-runtime/Shipwright/soh/include/functions.h:1278:34: note: expected 'void *' but argument is of type 'const char (*)[66]'
 1278 | s16 Animation_GetLastFrame(void* animation);
      |                            ~~~~~~^~~~~~~~~
/home/david/Documents/RockBox_Personal-master/devsrc/nano-soh-runtime/Shipwright/soh/src/overlays/actors/ovl_Boss_Ganon/z_boss_ganon.c:885:57: warning: passing argument 2 of 'Animation_MorphToLoop' from incompatible pointer type [-Wincompatible-pointer-types]
  885 |                 Animation_MorphToLoop(&this->skelAnime, &gGanondorfStandBackwardsAnim, -5.0f);
      |                                                         ^~~~~~~~~~~~~~~~~~~~~~~~~~~~~
      |                                                         |
      |                                                         const char (*)[64]
/home/david/Documents/RockBox_Personal-master/devsrc/nano-soh-runtime/Shipwright/soh/include/functions.h:1342:67: note: expected 'AnimationHeader *' but argument is of type 'const char (*)[64]'
 1342 | void Animation_MorphToLoop(SkelAnime* skelAnime, AnimationHeader* animation, f32 morphFrames);
      |                                                  ~~~~~~~~~~~~~~~~~^~~~~~~~~
/home/david/Documents/RockBox_Personal-master/devsrc/nano-soh-runtime/Shipwright/soh/src/overlays/actors/ovl_Boss_Ganon/z_boss_ganon.c:899:61: warning: passing argument 2 of 'Animation_MorphToPlayOnce' from incompatible pointer type [-Wincompatible-pointer-types]
  899 |                 Animation_MorphToPlayOnce(&this->skelAnime, &gGanondorfTurnAroundAnim, -5.0f);
      |                                                             ^~~~~~~~~~~~~~~~~~~~~~~~~
      |                                                             |
      |                                                             const char (*)[60]
/home/david/Documents/RockBox_Personal-master/devsrc/nano-soh-runtime/Shipwright/soh/include/functions.h:1339:71: note: expected 'AnimationHeader *' but argument is of type 'const char (*)[60]'
 1339 | void Animation_MorphToPlayOnce(SkelAnime* skelAnime, AnimationHeader* animation, f32 morphFrames);
      |                                                      ~~~~~~~~~~~~~~~~~^~~~~~~~~
/home/david/Documents/RockBox_Personal-master/devsrc/nano-soh-runtime/Shipwright/soh/src/overlays/actors/ovl_Boss_Ganon/z_boss_ganon.c:900:67: warning: passing argument 1 of 'Animation_GetLastFrame' discards 'const' qualifier from pointer target type [-Wdiscarded-array-qualifiers]
  900 |                 this->fwork[GDF_FWORK_1] = Animation_GetLastFrame(&gGanondorfTurnAroundAnim);
      |                                                                   ^~~~~~~~~~~~~~~~~~~~~~~~~
/home/david/Documents/RockBox_Personal-master/devsrc/nano-soh-runtime/Shipwright/soh/include/functions.h:1278:34: note: expected 'void *' but argument is of type 'const char (*)[60]'
 1278 | s16 Animation_GetLastFrame(void* animation);
      |                            ~~~~~~^~~~~~~~~
/home/david/Documents/RockBox_Personal-master/devsrc/nano-soh-runtime/Shipwright/soh/src/overlays/actors/ovl_Boss_Ganon/z_boss_ganon.c:935:57: warning: passing argument 2 of 'Animation_MorphToLoop' from incompatible pointer type [-Wincompatible-pointer-types]
  935 |                 Animation_MorphToLoop(&this->skelAnime, &gGanondorfStandIdleAnim, -5.0f);
      |                                                         ^~~~~~~~~~~~~~~~~~~~~~~~
      |                                                         |
      |                                                         const char (*)[59]
/home/david/Documents/RockBox_Personal-master/devsrc/nano-soh-runtime/Shipwright/soh/include/functions.h:1342:67: note: expected 'AnimationHeader *' but argument is of type 'const char (*)[59]'
 1342 | void Animation_MorphToLoop(SkelAnime* skelAnime, AnimationHeader* animation, f32 morphFrames);
      |                                                  ~~~~~~~~~~~~~~~~~^~~~~~~~~
/home/david/Documents/RockBox_Personal-master/devsrc/nano-soh-runtime/Shipwright/soh/src/overlays/actors/ovl_Boss_Ganon/z_boss_ganon.c:948:57: warning: passing argument 2 of 'Animation_MorphToPlayOnce' from incompatible pointer type [-Wincompatible-pointer-types]
  948 |             Animation_MorphToPlayOnce(&this->skelAnime, &gGanondorfRaiseHandStartAnim, -5.0f);
      |                                                         ^~~~~~~~~~~~~~~~~~~~~~~~~~~~~
      |                                                         |
      |                                                         const char (*)[64]
/home/david/Documents/RockBox_Personal-master/devsrc/nano-soh-runtime/Shipwright/soh/include/functions.h:1339:71: note: expected 'AnimationHeader *' but argument is of type 'const char (*)[64]'
 1339 | void Animation_MorphToPlayOnce(SkelAnime* skelAnime, AnimationHeader* animation, f32 morphFrames);
      |                                                      ~~~~~~~~~~~~~~~~~^~~~~~~~~
/home/david/Documents/RockBox_Personal-master/devsrc/nano-soh-runtime/Shipwright/soh/src/overlays/actors/ovl_Boss_Ganon/z_boss_ganon.c:984:57: warning: passing argument 2 of 'Animation_MorphToLoop' from incompatible pointer type [-Wincompatible-pointer-types]
  984 |                 Animation_MorphToLoop(&this->skelAnime, &gGanondorfRaiseHandLoopAnim, -5.0f);
      |                                                         ^~~~~~~~~~~~~~~~~~~~~~~~~~~~
      |                                                         |
      |                                                         const char (*)[63]
/home/david/Documents/RockBox_Personal-master/devsrc/nano-soh-runtime/Shipwright/soh/include/functions.h:1342:67: note: expected 'AnimationHeader *' but argument is of type 'const char (*)[63]'
 1342 | void Animation_MorphToLoop(SkelAnime* skelAnime, AnimationHeader* animation, f32 morphFrames);
      |                                                  ~~~~~~~~~~~~~~~~~^~~~~~~~~
/home/david/Documents/RockBox_Personal-master/devsrc/nano-soh-runtime/Shipwright/soh/src/overlays/actors/ovl_Boss_Ganon/z_boss_ganon.c:1112:61: warning: passing argument 2 of 'Animation_MorphToPlayOnce' from incompatible pointer type [-Wincompatible-pointer-types]
 1112 |                 Animation_MorphToPlayOnce(&this->skelAnime, &gGanondorfGetUp3Anim, 0.0f);
      |                                                             ^~~~~~~~~~~~~~~~~~~~~
      |                                                             |
      |                                                             const char (*)[56]
/home/david/Documents/RockBox_Personal-master/devsrc/nano-soh-runtime/Shipwright/soh/include/functions.h:1339:71: note: expected 'AnimationHeader *' but argument is of type 'const char (*)[56]'
 1339 | void Animation_MorphToPlayOnce(SkelAnime* skelAnime, AnimationHeader* animation, f32 morphFrames);
      |                                                      ~~~~~~~~~~~~~~~~~^~~~~~~~~
In file included from /home/david/Documents/RockBox_Personal-master/devsrc/nano-soh-runtime/Shipwright/soh/include/global.h:10:
/home/david/Documents/RockBox_Personal-master/devsrc/nano-soh-runtime/Shipwright/soh/src/overlays/actors/ovl_Boss_Ganon/z_boss_ganon.c:1127:65: warning: passing argument 3 of 'TitleCard_InitBossName' discards 'const' qualifier from pointer target type [-Wdiscarded-qualifiers]
 1127 |                                            SEGMENTED_TO_VIRTUAL(gGanondorfTitleCardENGTex), 160, 180, 128, 40, true);
      |                                                                 ^~~~~~~~~~~~~~~~~~~~~~~~~
/home/david/Documents/RockBox_Personal-master/devsrc/nano-soh-runtime/Shipwright/soh/include/macros.h:37:36: note: in definition of macro 'SEGMENTED_TO_VIRTUAL'
   37 | #define SEGMENTED_TO_VIRTUAL(addr) addr
      |                                    ^~~~
/home/david/Documents/RockBox_Personal-master/devsrc/nano-soh-runtime/Shipwright/soh/include/functions.h:394:80: note: expected 'void *' but argument is of type 'const char *'
  394 | void TitleCard_InitBossName(PlayState* play, TitleCardContext* titleCtx, void* texture, s16 x, s16 y, u8 width,
      |                                                                          ~~~~~~^~~~~~~
/home/david/Documents/RockBox_Personal-master/devsrc/nano-soh-runtime/Shipwright/soh/src/overlays/actors/ovl_Boss_Ganon/z_boss_ganon.c: In function 'BossGanon_SetupDeathCutscene':
/home/david/Documents/RockBox_Personal-master/devsrc/nano-soh-runtime/Shipwright/soh/src/overlays/actors/ovl_Boss_Ganon/z_boss_ganon.c:1214:53: warning: passing argument 2 of 'Animation_MorphToPlayOnce' from incompatible pointer type [-Wincompatible-pointer-types]
 1214 |         Animation_MorphToPlayOnce(&this->skelAnime, &gGanondorfDefeatedStartAnim, 0.0f);
      |                                                     ^~~~~~~~~~~~~~~~~~~~~~~~~~~~
      |                                                     |
      |                                                     const char (*)[63]
/home/david/Documents/RockBox_Personal-master/devsrc/nano-soh-runtime/Shipwright/soh/include/functions.h:1339:71: note: expected 'AnimationHeader *' but argument is of type 'const char (*)[63]'
 1339 | void Animation_MorphToPlayOnce(SkelAnime* skelAnime, AnimationHeader* animation, f32 morphFrames);
      |                                                      ~~~~~~~~~~~~~~~~~^~~~~~~~~
/home/david/Documents/RockBox_Personal-master/devsrc/nano-soh-runtime/Shipwright/soh/src/overlays/actors/ovl_Boss_Ganon/z_boss_ganon.c:1215:59: warning: passing argument 1 of 'Animation_GetLastFrame' discards 'const' qualifier from pointer target type [-Wdiscarded-array-qualifiers]
 1215 |         this->fwork[GDF_FWORK_1] = Animation_GetLastFrame(&gGanondorfDefeatedStartAnim);
      |                                                           ^~~~~~~~~~~~~~~~~~~~~~~~~~~~
/home/david/Documents/RockBox_Personal-master/devsrc/nano-soh-runtime/Shipwright/soh/include/functions.h:1278:34: note: expected 'void *' but argument is of type 'const char (*)[63]'
 1278 | s16 Animation_GetLastFrame(void* animation);
      |                            ~~~~~~^~~~~~~~~
/home/david/Documents/RockBox_Personal-master/devsrc/nano-soh-runtime/Shipwright/soh/src/overlays/actors/ovl_Boss_Ganon/z_boss_ganon.c: In function 'BossGanon_SetupTowerCutscene':
/home/david/Documents/RockBox_Personal-master/devsrc/nano-soh-runtime/Shipwright/soh/src/overlays/actors/ovl_Boss_Ganon/z_boss_ganon.c:1227:53: warning: passing argument 2 of 'Animation_MorphToPlayOnce' from incompatible pointer type [-Wincompatible-pointer-types]
 1227 |         Animation_MorphToPlayOnce(&this->skelAnime, &gGanondorfDefeatedStartAnim, 0.0f);
      |                                                     ^~~~~~~~~~~~~~~~~~~~~~~~~~~~
      |                                                     |
      |                                                     const char (*)[63]
/home/david/Documents/RockBox_Personal-master/devsrc/nano-soh-runtime/Shipwright/soh/include/functions.h:1339:71: note: expected 'AnimationHeader *' but argument is of type 'const char (*)[63]'
 1339 | void Animation_MorphToPlayOnce(SkelAnime* skelAnime, AnimationHeader* animation, f32 morphFrames);
      |                                                      ~~~~~~~~~~~~~~~~~^~~~~~~~~
/home/david/Documents/RockBox_Personal-master/devsrc/nano-soh-runtime/Shipwright/soh/src/overlays/actors/ovl_Boss_Ganon/z_boss_ganon.c:1228:59: warning: passing argument 1 of 'Animation_GetLastFrame' discards 'const' qualifier from pointer target type [-Wdiscarded-array-qualifiers]
 1228 |         this->fwork[GDF_FWORK_1] = Animation_GetLastFrame(&gGanondorfDefeatedStartAnim);
      |                                                           ^~~~~~~~~~~~~~~~~~~~~~~~~~~~
/home/david/Documents/RockBox_Personal-master/devsrc/nano-soh-runtime/Shipwright/soh/include/functions.h:1278:34: note: expected 'void *' but argument is of type 'const char (*)[63]'
 1278 | s16 Animation_GetLastFrame(void* animation);
      |                            ~~~~~~^~~~~~~~~
/home/david/Documents/RockBox_Personal-master/devsrc/nano-soh-runtime/Shipwright/soh/src/overlays/actors/ovl_Boss_Ganon/z_boss_ganon.c: In function 'BossGanon_DeathAndTowerCutscene':
/home/david/Documents/RockBox_Personal-master/devsrc/nano-soh-runtime/Shipwright/soh/src/overlays/actors/ovl_Boss_Ganon/z_boss_ganon.c:1334:57: warning: passing argument 2 of 'Animation_MorphToLoop' from incompatible pointer type [-Wincompatible-pointer-types]
 1334 |                 Animation_MorphToLoop(&this->skelAnime, &gGanondorfDefeatedLoopAnim, 0.0f);
      |                                                         ^~~~~~~~~~~~~~~~~~~~~~~~~~~
      |                                                         |
      |                                                         const char (*)[62]
/home/david/Documents/RockBox_Personal-master/devsrc/nano-soh-runtime/Shipwright/soh/include/functions.h:1342:67: note: expected 'AnimationHeader *' but argument is of type 'const char (*)[62]'
 1342 | void Animation_MorphToLoop(SkelAnime* skelAnime, AnimationHeader* animation, f32 morphFrames);
      |                                                  ~~~~~~~~~~~~~~~~~^~~~~~~~~
/home/david/Documents/RockBox_Personal-master/devsrc/nano-soh-runtime/Shipwright/soh/src/overlays/actors/ovl_Boss_Ganon/z_boss_ganon.c:1380:61: warning: passing argument 2 of 'Animation_MorphToPlayOnce' from incompatible pointer type [-Wincompatible-pointer-types]
 1380 |                 Animation_MorphToPlayOnce(&this->skelAnime, &gGanondorfVomitStartAnim, 0.0f);
      |                                                             ^~~~~~~~~~~~~~~~~~~~~~~~~
      |                                                             |
      |                                                             const char (*)[60]
/home/david/Documents/RockBox_Personal-master/devsrc/nano-soh-runtime/Shipwright/soh/include/functions.h:1339:71: note: expected 'AnimationHeader *' but argument is of type 'const char (*)[60]'
 1339 | void Animation_MorphToPlayOnce(SkelAnime* skelAnime, AnimationHeader* animation, f32 morphFrames);
      |                                                      ~~~~~~~~~~~~~~~~~^~~~~~~~~
/home/david/Documents/RockBox_Personal-master/devsrc/nano-soh-runtime/Shipwright/soh/src/overlays/actors/ovl_Boss_Ganon/z_boss_ganon.c:1381:67: warning: passing argument 1 of 'Animation_GetLastFrame' discards 'const' qualifier from pointer target type [-Wdiscarded-array-qualifiers]
 1381 |                 this->fwork[GDF_FWORK_1] = Animation_GetLastFrame(&gGanondorfVomitStartAnim);
      |                                                                   ^~~~~~~~~~~~~~~~~~~~~~~~~
/home/david/Documents/RockBox_Personal-master/devsrc/nano-soh-runtime/Shipwright/soh/include/functions.h:1278:34: note: expected 'void *' but argument is of type 'const char (*)[60]'
 1278 | s16 Animation_GetLastFrame(void* animation);
      |                            ~~~~~~^~~~~~~~~
/home/david/Documents/RockBox_Personal-master/devsrc/nano-soh-runtime/Shipwright/soh/src/overlays/actors/ovl_Boss_Ganon/z_boss_ganon.c:1404:61: warning: passing argument 2 of 'Animation_MorphToLoop' from incompatible pointer type [-Wincompatible-pointer-types]
 1404 |                     Animation_MorphToLoop(&this->skelAnime, &gGanondorfVomitLoopAnim, 0.0f);
      |                                                             ^~~~~~~~~~~~~~~~~~~~~~~~
      |                                                             |
      |                                                             const char (*)[59]
/home/david/Documents/RockBox_Personal-master/devsrc/nano-soh-runtime/Shipwright/soh/include/functions.h:1342:67: note: expected 'AnimationHeader *' but argument is of type 'const char (*)[59]'
 1342 | void Animation_MorphToLoop(SkelAnime* skelAnime, AnimationHeader* animation, f32 morphFrames);
      |                                                  ~~~~~~~~~~~~~~~~~^~~~~~~~~
/home/david/Documents/RockBox_Personal-master/devsrc/nano-soh-runtime/Shipwright/soh/src/overlays/actors/ovl_Boss_Ganon/z_boss_ganon.c:1427:61: warning: passing argument 2 of 'Animation_MorphToPlayOnce' from incompatible pointer type [-Wincompatible-pointer-types]
 1427 |                 Animation_MorphToPlayOnce(&this->skelAnime, &gGanondorfYellStartAnim, 0.0f);
      |                                                             ^~~~~~~~~~~~~~~~~~~~~~~~
      |                                                             |
      |                                                             const char (*)[59]
/home/david/Documents/RockBox_Personal-master/devsrc/nano-soh-runtime/Shipwright/soh/include/functions.h:1339:71: note: expected 'AnimationHeader *' but argument is of type 'const char (*)[59]'
 1339 | void Animation_MorphToPlayOnce(SkelAnime* skelAnime, AnimationHeader* animation, f32 morphFrames);
      |                                                      ~~~~~~~~~~~~~~~~~^~~~~~~~~
/home/david/Documents/RockBox_Personal-master/devsrc/nano-soh-runtime/Shipwright/soh/src/overlays/actors/ovl_Boss_Ganon/z_boss_ganon.c:1428:67: warning: passing argument 1 of 'Animation_GetLastFrame' discards 'const' qualifier from pointer target type [-Wdiscarded-array-qualifiers]
 1428 |                 this->fwork[GDF_FWORK_1] = Animation_GetLastFrame(&gGanondorfYellStartAnim);
      |                                                                   ^~~~~~~~~~~~~~~~~~~~~~~~
/home/david/Documents/RockBox_Personal-master/devsrc/nano-soh-runtime/Shipwright/soh/include/functions.h:1278:34: note: expected 'void *' but argument is of type 'const char (*)[59]'
 1278 | s16 Animation_GetLastFrame(void* animation);
      |                            ~~~~~~^~~~~~~~~
/home/david/Documents/RockBox_Personal-master/devsrc/nano-soh-runtime/Shipwright/soh/src/overlays/actors/ovl_Boss_Ganon/z_boss_ganon.c:1459:57: warning: passing argument 2 of 'Animation_MorphToLoop' from incompatible pointer type [-Wincompatible-pointer-types]
 1459 |                 Animation_MorphToLoop(&this->skelAnime, &gGanondorfYellLoopAnim, 0.0f);
      |                                                         ^~~~~~~~~~~~~~~~~~~~~~~
      |                                                         |
      |                                                         const char (*)[58]
/home/david/Documents/RockBox_Personal-master/devsrc/nano-soh-runtime/Shipwright/soh/include/functions.h:1342:67: note: expected 'AnimationHeader *' but argument is of type 'const char (*)[58]'
 1342 | void Animation_MorphToLoop(SkelAnime* skelAnime, AnimationHeader* animation, f32 morphFrames);
      |                                                  ~~~~~~~~~~~~~~~~~^~~~~~~~~
/home/david/Documents/RockBox_Personal-master/devsrc/nano-soh-runtime/Shipwright/soh/src/overlays/actors/ovl_Boss_Ganon/z_boss_ganon.c:1567:57: warning: passing argument 2 of 'Animation_MorphToPlayOnce' from incompatible pointer type [-Wincompatible-pointer-types]
 1567 |             Animation_MorphToPlayOnce(&this->skelAnime, &gGanondorfCollapseAnim, 0.0f);
      |                                                         ^~~~~~~~~~~~~~~~~~~~~~~
      |                                                         |
      |                                                         const char (*)[58]
/home/david/Documents/RockBox_Personal-master/devsrc/nano-soh-runtime/Shipwright/soh/include/functions.h:1339:71: note: expected 'AnimationHeader *' but argument is of type 'const char (*)[58]'
 1339 | void Animation_MorphToPlayOnce(SkelAnime* skelAnime, AnimationHeader* animation, f32 morphFrames);
      |                                                      ~~~~~~~~~~~~~~~~~^~~~~~~~~
/home/david/Documents/RockBox_Personal-master/devsrc/nano-soh-runtime/Shipwright/soh/src/overlays/actors/ovl_Boss_Ganon/z_boss_ganon.c:1568:53: warning: passing argument 1 of 'Animation_GetLastFrame' discards 'const' qualifier from pointer target type [-Wdiscarded-array-qualifiers]
 1568 |             this->fwork[1] = Animation_GetLastFrame(&gGanondorfDefeatedStartAnim);
      |                                                     ^~~~~~~~~~~~~~~~~~~~~~~~~~~~
/home/david/Documents/RockBox_Personal-master/devsrc/nano-soh-runtime/Shipwright/soh/include/functions.h:1278:34: note: expected 'void *' but argument is of type 'const char (*)[63]'
 1278 | s16 Animation_GetLastFrame(void* animation);
      |                            ~~~~~~^~~~~~~~~
/home/david/Documents/RockBox_Personal-master/devsrc/nano-soh-runtime/Shipwright/soh/src/overlays/actors/ovl_Boss_Ganon/z_boss_ganon.c: In function 'BossGanon_PoundFloor':
/home/david/Documents/RockBox_Personal-master/devsrc/nano-soh-runtime/Shipwright/soh/src/overlays/actors/ovl_Boss_Ganon/z_boss_ganon.c:1959:67: warning: passing argument 1 of 'Animation_GetLastFrame' discards 'const' qualifier from pointer target type [-Wdiscarded-array-qualifiers]
 1959 |                 this->fwork[GDF_FWORK_1] = Animation_GetLastFrame(&gGanondorfPoundAnim);
      |                                                                   ^~~~~~~~~~~~~~~~~~~~
/home/david/Documents/RockBox_Personal-master/devsrc/nano-soh-runtime/Shipwright/soh/include/functions.h:1278:34: note: expected 'void *' but argument is of type 'const char (*)[55]'
 1278 | s16 Animation_GetLastFrame(void* animation);
      |                            ~~~~~~^~~~~~~~~
/home/david/Documents/RockBox_Personal-master/devsrc/nano-soh-runtime/Shipwright/soh/src/overlays/actors/ovl_Boss_Ganon/z_boss_ganon.c:1960:61: warning: passing argument 2 of 'Animation_MorphToPlayOnce' from incompatible pointer type [-Wincompatible-pointer-types]
 1960 |                 Animation_MorphToPlayOnce(&this->skelAnime, &gGanondorfPoundAnim, 0.0f);
      |                                                             ^~~~~~~~~~~~~~~~~~~~
      |                                                             |
      |                                                             const char (*)[55]
/home/david/Documents/RockBox_Personal-master/devsrc/nano-soh-runtime/Shipwright/soh/include/functions.h:1339:71: note: expected 'AnimationHeader *' but argument is of type 'const char (*)[55]'
 1339 | void Animation_MorphToPlayOnce(SkelAnime* skelAnime, AnimationHeader* animation, f32 morphFrames);
      |                                                      ~~~~~~~~~~~~~~~~~^~~~~~~~~
/home/david/Documents/RockBox_Personal-master/devsrc/nano-soh-runtime/Shipwright/soh/src/overlays/actors/ovl_Boss_Ganon/z_boss_ganon.c:2002:67: warning: passing argument 1 of 'Animation_GetLastFrame' discards 'const' qualifier from pointer target type [-Wdiscarded-array-qualifiers]
 2002 |                 this->fwork[GDF_FWORK_1] = Animation_GetLastFrame(&gGanondorfPoundEndAnim);
      |                                                                   ^~~~~~~~~~~~~~~~~~~~~~~
/home/david/Documents/RockBox_Personal-master/devsrc/nano-soh-runtime/Shipwright/soh/include/functions.h:1278:34: note: expected 'void *' but argument is of type 'const char (*)[58]'
 1278 | s16 Animation_GetLastFrame(void* animation);
      |                            ~~~~~~^~~~~~~~~
/home/david/Documents/RockBox_Personal-master/devsrc/nano-soh-runtime/Shipwright/soh/src/overlays/actors/ovl_Boss_Ganon/z_boss_ganon.c:2003:61: warning: passing argument 2 of 'Animation_MorphToPlayOnce' from incompatible pointer type [-Wincompatible-pointer-types]
 2003 |                 Animation_MorphToPlayOnce(&this->skelAnime, &gGanondorfPoundEndAnim, 0.0f);
      |                                                             ^~~~~~~~~~~~~~~~~~~~~~~
      |                                                             |
      |                                                             const char (*)[58]
/home/david/Documents/RockBox_Personal-master/devsrc/nano-soh-runtime/Shipwright/soh/include/functions.h:1339:71: note: expected 'AnimationHeader *' but argument is of type 'const char (*)[58]'
 1339 | void Animation_MorphToPlayOnce(SkelAnime* skelAnime, AnimationHeader* animation, f32 morphFrames);
      |                                                      ~~~~~~~~~~~~~~~~~^~~~~~~~~
/home/david/Documents/RockBox_Personal-master/devsrc/nano-soh-runtime/Shipwright/soh/src/overlays/actors/ovl_Boss_Ganon/z_boss_ganon.c:2015:67: warning: passing argument 1 of 'Animation_GetLastFrame' discards 'const' qualifier from pointer target type [-Wdiscarded-array-qualifiers]
 2015 |                 this->fwork[GDF_FWORK_1] = Animation_GetLastFrame(&gGanondorfGetUp3Anim);
      |                                                                   ^~~~~~~~~~~~~~~~~~~~~
/home/david/Documents/RockBox_Personal-master/devsrc/nano-soh-runtime/Shipwright/soh/include/functions.h:1278:34: note: expected 'void *' but argument is of type 'const char (*)[56]'
 1278 | s16 Animation_GetLastFrame(void* animation);
      |                            ~~~~~~^~~~~~~~~
/home/david/Documents/RockBox_Personal-master/devsrc/nano-soh-runtime/Shipwright/soh/src/overlays/actors/ovl_Boss_Ganon/z_boss_ganon.c:2016:61: warning: passing argument 2 of 'Animation_MorphToPlayOnce' from incompatible pointer type [-Wincompatible-pointer-types]
 2016 |                 Animation_MorphToPlayOnce(&this->skelAnime, &gGanondorfGetUp3Anim, 0.0f);
      |                                                             ^~~~~~~~~~~~~~~~~~~~~
      |                                                             |
      |                                                             const char (*)[56]
/home/david/Documents/RockBox_Personal-master/devsrc/nano-soh-runtime/Shipwright/soh/include/functions.h:1339:71: note: expected 'AnimationHeader *' but argument is of type 'const char (*)[56]'
 1339 | void Animation_MorphToPlayOnce(SkelAnime* skelAnime, AnimationHeader* animation, f32 morphFrames);
      |                                                      ~~~~~~~~~~~~~~~~~^~~~~~~~~
/home/david/Documents/RockBox_Personal-master/devsrc/nano-soh-runtime/Shipwright/soh/src/overlays/actors/ovl_Boss_Ganon/z_boss_ganon.c: In function 'BossGanon_ChargeBigMagic':
/home/david/Documents/RockBox_Personal-master/devsrc/nano-soh-runtime/Shipwright/soh/src/overlays/actors/ovl_Boss_Ganon/z_boss_ganon.c:2085:67: warning: passing argument 1 of 'Animation_GetLastFrame' discards 'const' qualifier from pointer target type [-Wdiscarded-array-qualifiers]
 2085 |                 this->fwork[GDF_FWORK_1] = Animation_GetLastFrame(&gGanondorfBigMagicChargeStartAnim);
      |                                                                   ^~~~~~~~~~~~~~~~~~~~~~~~~~~~~~~~~~
/home/david/Documents/RockBox_Personal-master/devsrc/nano-soh-runtime/Shipwright/soh/include/functions.h:1278:34: note: expected 'void *' but argument is of type 'const char (*)[69]'
 1278 | s16 Animation_GetLastFrame(void* animation);
      |                            ~~~~~~^~~~~~~~~
/home/david/Documents/RockBox_Personal-master/devsrc/nano-soh-runtime/Shipwright/soh/src/overlays/actors/ovl_Boss_Ganon/z_boss_ganon.c:2086:61: warning: passing argument 2 of 'Animation_MorphToPlayOnce' from incompatible pointer type [-Wincompatible-pointer-types]
 2086 |                 Animation_MorphToPlayOnce(&this->skelAnime, &gGanondorfBigMagicChargeStartAnim, 0.0f);
      |                                                             ^~~~~~~~~~~~~~~~~~~~~~~~~~~~~~~~~~
      |                                                             |
      |                                                             const char (*)[69]
/home/david/Documents/RockBox_Personal-master/devsrc/nano-soh-runtime/Shipwright/soh/include/functions.h:1339:71: note: expected 'AnimationHeader *' but argument is of type 'const char (*)[69]'
 1339 | void Animation_MorphToPlayOnce(SkelAnime* skelAnime, AnimationHeader* animation, f32 morphFrames);
      |                                                      ~~~~~~~~~~~~~~~~~^~~~~~~~~
/home/david/Documents/RockBox_Personal-master/devsrc/nano-soh-runtime/Shipwright/soh/src/overlays/actors/ovl_Boss_Ganon/z_boss_ganon.c:2093:67: warning: passing argument 1 of 'Animation_GetLastFrame' discards 'const' qualifier from pointer target type [-Wdiscarded-array-qualifiers]
 2093 |                 this->fwork[GDF_FWORK_1] = Animation_GetLastFrame(&gGanondorfBigMagicChargeHoldAnim);
      |                                                                   ^~~~~~~~~~~~~~~~~~~~~~~~~~~~~~~~~
/home/david/Documents/RockBox_Personal-master/devsrc/nano-soh-runtime/Shipwright/soh/include/functions.h:1278:34: note: expected 'void *' but argument is of type 'const char (*)[68]'
 1278 | s16 Animation_GetLastFrame(void* animation);
      |                            ~~~~~~^~~~~~~~~
/home/david/Documents/RockBox_Personal-master/devsrc/nano-soh-runtime/Shipwright/soh/src/overlays/actors/ovl_Boss_Ganon/z_boss_ganon.c:2094:57: warning: passing argument 2 of 'Animation_MorphToLoop' from incompatible pointer type [-Wincompatible-pointer-types]
 2094 |                 Animation_MorphToLoop(&this->skelAnime, &gGanondorfBigMagicChargeHoldAnim, 0.0f);
      |                                                         ^~~~~~~~~~~~~~~~~~~~~~~~~~~~~~~~~
      |                                                         |
      |                                                         const char (*)[68]
/home/david/Documents/RockBox_Personal-master/devsrc/nano-soh-runtime/Shipwright/soh/include/functions.h:1342:67: note: expected 'AnimationHeader *' but argument is of type 'const char (*)[68]'
 1342 | void Animation_MorphToLoop(SkelAnime* skelAnime, AnimationHeader* animation, f32 morphFrames);
      |                                                  ~~~~~~~~~~~~~~~~~^~~~~~~~~
/home/david/Documents/RockBox_Personal-master/devsrc/nano-soh-runtime/Shipwright/soh/src/overlays/actors/ovl_Boss_Ganon/z_boss_ganon.c:2116:67: warning: passing argument 1 of 'Animation_GetLastFrame' discards 'const' qualifier from pointer target type [-Wdiscarded-array-qualifiers]
 2116 |                 this->fwork[GDF_FWORK_1] = Animation_GetLastFrame(&gGanondorfBigMagicWindupAnim);
      |                                                                   ^~~~~~~~~~~~~~~~~~~~~~~~~~~~~
/home/david/Documents/RockBox_Personal-master/devsrc/nano-soh-runtime/Shipwright/soh/include/functions.h:1278:34: note: expected 'void *' but argument is of type 'const char (*)[64]'
 1278 | s16 Animation_GetLastFrame(void* animation);
      |                            ~~~~~~^~~~~~~~~
/home/david/Documents/RockBox_Personal-master/devsrc/nano-soh-runtime/Shipwright/soh/src/overlays/actors/ovl_Boss_Ganon/z_boss_ganon.c:2117:61: warning: passing argument 2 of 'Animation_MorphToPlayOnce' from incompatible pointer type [-Wincompatible-pointer-types]
 2117 |                 Animation_MorphToPlayOnce(&this->skelAnime, &gGanondorfBigMagicWindupAnim, 0.0f);
      |                                                             ^~~~~~~~~~~~~~~~~~~~~~~~~~~~~
      |                                                             |
      |                                                             const char (*)[64]
/home/david/Documents/RockBox_Personal-master/devsrc/nano-soh-runtime/Shipwright/soh/include/functions.h:1339:71: note: expected 'AnimationHeader *' but argument is of type 'const char (*)[64]'
 1339 | void Animation_MorphToPlayOnce(SkelAnime* skelAnime, AnimationHeader* animation, f32 morphFrames);
      |                                                      ~~~~~~~~~~~~~~~~~^~~~~~~~~
/home/david/Documents/RockBox_Personal-master/devsrc/nano-soh-runtime/Shipwright/soh/src/overlays/actors/ovl_Boss_Ganon/z_boss_ganon.c:2216:67: warning: passing argument 1 of 'Animation_GetLastFrame' discards 'const' qualifier from pointer target type [-Wdiscarded-array-qualifiers]
 2216 |                 this->fwork[GDF_FWORK_1] = Animation_GetLastFrame(&gGanondorfBigMagicThrowAnim);
      |                                                                   ^~~~~~~~~~~~~~~~~~~~~~~~~~~~
/home/david/Documents/RockBox_Personal-master/devsrc/nano-soh-runtime/Shipwright/soh/include/functions.h:1278:34: note: expected 'void *' but argument is of type 'const char (*)[63]'
 1278 | s16 Animation_GetLastFrame(void* animation);
      |                            ~~~~~~^~~~~~~~~
/home/david/Documents/RockBox_Personal-master/devsrc/nano-soh-runtime/Shipwright/soh/src/overlays/actors/ovl_Boss_Ganon/z_boss_ganon.c:2217:57: warning: passing argument 2 of 'Animation_MorphToLoop' from incompatible pointer type [-Wincompatible-pointer-types]
 2217 |                 Animation_MorphToLoop(&this->skelAnime, &gGanondorfBigMagicThrowAnim, 0.0f);
      |                                                         ^~~~~~~~~~~~~~~~~~~~~~~~~~~~
      |                                                         |
      |                                                         const char (*)[63]
/home/david/Documents/RockBox_Personal-master/devsrc/nano-soh-runtime/Shipwright/soh/include/functions.h:1342:67: note: expected 'AnimationHeader *' but argument is of type 'const char (*)[63]'
 1342 | void Animation_MorphToLoop(SkelAnime* skelAnime, AnimationHeader* animation, f32 morphFrames);
      |                                                  ~~~~~~~~~~~~~~~~~^~~~~~~~~
/home/david/Documents/RockBox_Personal-master/devsrc/nano-soh-runtime/Shipwright/soh/src/overlays/actors/ovl_Boss_Ganon/z_boss_ganon.c:2245:67: warning: passing argument 1 of 'Animation_GetLastFrame' discards 'const' qualifier from pointer target type [-Wdiscarded-array-qualifiers]
 2245 |                 this->fwork[GDF_FWORK_1] = Animation_GetLastFrame(&gGanondorfBigMagicThrowEndAnim);
      |                                                                   ^~~~~~~~~~~~~~~~~~~~~~~~~~~~~~~
/home/david/Documents/RockBox_Personal-master/devsrc/nano-soh-runtime/Shipwright/soh/include/functions.h:1278:34: note: expected 'void *' but argument is of type 'const char (*)[66]'
 1278 | s16 Animation_GetLastFrame(void* animation);
      |                            ~~~~~~^~~~~~~~~
/home/david/Documents/RockBox_Personal-master/devsrc/nano-soh-runtime/Shipwright/soh/src/overlays/actors/ovl_Boss_Ganon/z_boss_ganon.c:2246:57: warning: passing argument 2 of 'Animation_MorphToLoop' from incompatible pointer type [-Wincompatible-pointer-types]
 2246 |                 Animation_MorphToLoop(&this->skelAnime, &gGanondorfBigMagicThrowEndAnim, 0.0f);
      |                                                         ^~~~~~~~~~~~~~~~~~~~~~~~~~~~~~~
      |                                                         |
      |                                                         const char (*)[66]
/home/david/Documents/RockBox_Personal-master/devsrc/nano-soh-runtime/Shipwright/soh/include/functions.h:1342:67: note: expected 'AnimationHeader *' but argument is of type 'const char (*)[66]'
 1342 | void Animation_MorphToLoop(SkelAnime* skelAnime, AnimationHeader* animation, f32 morphFrames);
      |                                                  ~~~~~~~~~~~~~~~~~^~~~~~~~~
/home/david/Documents/RockBox_Personal-master/devsrc/nano-soh-runtime/Shipwright/soh/src/overlays/actors/ovl_Boss_Ganon/z_boss_ganon.c: In function 'BossGanon_SetupWait':
/home/david/Documents/RockBox_Personal-master/devsrc/nano-soh-runtime/Shipwright/soh/src/overlays/actors/ovl_Boss_Ganon/z_boss_ganon.c:2263:45: warning: passing argument 2 of 'Animation_MorphToLoop' from incompatible pointer type [-Wincompatible-pointer-types]
 2263 |     Animation_MorphToLoop(&this->skelAnime, &gGanondorfFloatAnim, -10.0f);
      |                                             ^~~~~~~~~~~~~~~~~~~~
      |                                             |
      |                                             const char (*)[55]
/home/david/Documents/RockBox_Personal-master/devsrc/nano-soh-runtime/Shipwright/soh/include/functions.h:1342:67: note: expected 'AnimationHeader *' but argument is of type 'const char (*)[55]'
 1342 | void Animation_MorphToLoop(SkelAnime* skelAnime, AnimationHeader* animation, f32 morphFrames);
      |                                                  ~~~~~~~~~~~~~~~~~^~~~~~~~~
/home/david/Documents/RockBox_Personal-master/devsrc/nano-soh-runtime/Shipwright/soh/src/overlays/actors/ovl_Boss_Ganon/z_boss_ganon.c: In function 'BossGanon_SetupChargeLightBall':
/home/david/Documents/RockBox_Personal-master/devsrc/nano-soh-runtime/Shipwright/soh/src/overlays/actors/ovl_Boss_Ganon/z_boss_ganon.c:2328:55: warning: passing argument 1 of 'Animation_GetLastFrame' discards 'const' qualifier from pointer target type [-Wdiscarded-array-qualifiers]
 2328 |     this->fwork[GDF_FWORK_1] = Animation_GetLastFrame(&gGanondorfChargeLightBallAnim);
      |                                                       ^~~~~~~~~~~~~~~~~~~~~~~~~~~~~~
/home/david/Documents/RockBox_Personal-master/devsrc/nano-soh-runtime/Shipwright/soh/include/functions.h:1278:34: note: expected 'void *' but argument is of type 'const char (*)[65]'
 1278 | s16 Animation_GetLastFrame(void* animation);
      |                            ~~~~~~^~~~~~~~~
/home/david/Documents/RockBox_Personal-master/devsrc/nano-soh-runtime/Shipwright/soh/src/overlays/actors/ovl_Boss_Ganon/z_boss_ganon.c:2329:49: warning: passing argument 2 of 'Animation_MorphToPlayOnce' from incompatible pointer type [-Wincompatible-pointer-types]
 2329 |     Animation_MorphToPlayOnce(&this->skelAnime, &gGanondorfChargeLightBallAnim, -3.0f);
      |                                                 ^~~~~~~~~~~~~~~~~~~~~~~~~~~~~~
      |                                                 |
      |                                                 const char (*)[65]
/home/david/Documents/RockBox_Personal-master/devsrc/nano-soh-runtime/Shipwright/soh/include/functions.h:1339:71: note: expected 'AnimationHeader *' but argument is of type 'const char (*)[65]'
 1339 | void Animation_MorphToPlayOnce(SkelAnime* skelAnime, AnimationHeader* animation, f32 morphFrames);
      |                                                      ~~~~~~~~~~~~~~~~~^~~~~~~~~
/home/david/Documents/RockBox_Personal-master/devsrc/nano-soh-runtime/Shipwright/soh/src/overlays/actors/ovl_Boss_Ganon/z_boss_ganon.c: In function 'BossGanon_SetupPlayTennis':
/home/david/Documents/RockBox_Personal-master/devsrc/nano-soh-runtime/Shipwright/soh/src/overlays/actors/ovl_Boss_Ganon/z_boss_ganon.c:2375:55: warning: passing argument 1 of 'Animation_GetLastFrame' discards 'const' qualifier from pointer target type [-Wdiscarded-array-qualifiers]
 2375 |     this->fwork[GDF_FWORK_1] = Animation_GetLastFrame(&gGanondorfThrowAnim);
      |                                                       ^~~~~~~~~~~~~~~~~~~~
/home/david/Documents/RockBox_Personal-master/devsrc/nano-soh-runtime/Shipwright/soh/include/functions.h:1278:34: note: expected 'void *' but argument is of type 'const char (*)[55]'
 1278 | s16 Animation_GetLastFrame(void* animation);
      |                            ~~~~~~^~~~~~~~~
/home/david/Documents/RockBox_Personal-master/devsrc/nano-soh-runtime/Shipwright/soh/src/overlays/actors/ovl_Boss_Ganon/z_boss_ganon.c:2376:49: warning: passing argument 2 of 'Animation_MorphToPlayOnce' from incompatible pointer type [-Wincompatible-pointer-types]
 2376 |     Animation_MorphToPlayOnce(&this->skelAnime, &gGanondorfThrowAnim, 0.0f);
      |                                                 ^~~~~~~~~~~~~~~~~~~~
      |                                                 |
      |                                                 const char (*)[55]
/home/david/Documents/RockBox_Personal-master/devsrc/nano-soh-runtime/Shipwright/soh/include/functions.h:1339:71: note: expected 'AnimationHeader *' but argument is of type 'const char (*)[55]'
 1339 | void Animation_MorphToPlayOnce(SkelAnime* skelAnime, AnimationHeader* animation, f32 morphFrames);
      |                                                      ~~~~~~~~~~~~~~~~~^~~~~~~~~
/home/david/Documents/RockBox_Personal-master/devsrc/nano-soh-runtime/Shipwright/soh/src/overlays/actors/ovl_Boss_Ganon/z_boss_ganon.c: In function 'BossGanon_PlayTennis':
/home/david/Documents/RockBox_Personal-master/devsrc/nano-soh-runtime/Shipwright/soh/src/overlays/actors/ovl_Boss_Ganon/z_boss_ganon.c:2381:47: warning: initialization of 'AnimationHeader *' from incompatible pointer type 'const char (*)[60]' [-Wincompatible-pointer-types]
 2381 |     static AnimationHeader* volleyAnims[] = { &gGanondorfVolleyLeftAnim, &gGanondorfVolleyRightAnim };
      |                                               ^
/home/david/Documents/RockBox_Personal-master/devsrc/nano-soh-runtime/Shipwright/soh/src/overlays/actors/ovl_Boss_Ganon/z_boss_ganon.c:2381:47: note: (near initialization for 'volleyAnims[0]')
/home/david/Documents/RockBox_Personal-master/devsrc/nano-soh-runtime/Shipwright/soh/src/overlays/actors/ovl_Boss_Ganon/z_boss_ganon.c:2381:74: warning: initialization of 'AnimationHeader *' from incompatible pointer type 'const char (*)[61]' [-Wincompatible-pointer-types]
 2381 |     static AnimationHeader* volleyAnims[] = { &gGanondorfVolleyLeftAnim, &gGanondorfVolleyRightAnim };
      |                                                                          ^
/home/david/Documents/RockBox_Personal-master/devsrc/nano-soh-runtime/Shipwright/soh/src/overlays/actors/ovl_Boss_Ganon/z_boss_ganon.c:2381:74: note: (near initialization for 'volleyAnims[1]')
/home/david/Documents/RockBox_Personal-master/devsrc/nano-soh-runtime/Shipwright/soh/src/overlays/actors/ovl_Boss_Ganon/z_boss_ganon.c:2394:57: warning: passing argument 2 of 'Animation_MorphToLoop' from incompatible pointer type [-Wincompatible-pointer-types]
 2394 |                 Animation_MorphToLoop(&this->skelAnime, &gGanondorfFloatAnim, 0.0f);
      |                                                         ^~~~~~~~~~~~~~~~~~~~
      |                                                         |
      |                                                         const char (*)[55]
/home/david/Documents/RockBox_Personal-master/devsrc/nano-soh-runtime/Shipwright/soh/include/functions.h:1342:67: note: expected 'AnimationHeader *' but argument is of type 'const char (*)[55]'
 1342 | void Animation_MorphToLoop(SkelAnime* skelAnime, AnimationHeader* animation, f32 morphFrames);
      |                                                  ~~~~~~~~~~~~~~~~~^~~~~~~~~
/home/david/Documents/RockBox_Personal-master/devsrc/nano-soh-runtime/Shipwright/soh/src/overlays/actors/ovl_Boss_Ganon/z_boss_ganon.c: In function 'BossGanon_SetupBlock':
/home/david/Documents/RockBox_Personal-master/devsrc/nano-soh-runtime/Shipwright/soh/src/overlays/actors/ovl_Boss_Ganon/z_boss_ganon.c:2443:59: warning: passing argument 1 of 'Animation_GetLastFrame' discards 'const' qualifier from pointer target type [-Wdiscarded-array-qualifiers]
 2443 |         this->fwork[GDF_FWORK_1] = Animation_GetLastFrame(&gGanondorfBlockAnim);
      |                                                           ^~~~~~~~~~~~~~~~~~~~
/home/david/Documents/RockBox_Personal-master/devsrc/nano-soh-runtime/Shipwright/soh/include/functions.h:1278:34: note: expected 'void *' but argument is of type 'const char (*)[55]'
 1278 | s16 Animation_GetLastFrame(void* animation);
      |                            ~~~~~~^~~~~~~~~
/home/david/Documents/RockBox_Personal-master/devsrc/nano-soh-runtime/Shipwright/soh/src/overlays/actors/ovl_Boss_Ganon/z_boss_ganon.c:2444:53: warning: passing argument 2 of 'Animation_MorphToPlayOnce' from incompatible pointer type [-Wincompatible-pointer-types]
 2444 |         Animation_MorphToPlayOnce(&this->skelAnime, &gGanondorfBlockAnim, 0.0f);
      |                                                     ^~~~~~~~~~~~~~~~~~~~
      |                                                     |
      |                                                     const char (*)[55]
/home/david/Documents/RockBox_Personal-master/devsrc/nano-soh-runtime/Shipwright/soh/include/functions.h:1339:71: note: expected 'AnimationHeader *' but argument is of type 'const char (*)[55]'
 1339 | void Animation_MorphToPlayOnce(SkelAnime* skelAnime, AnimationHeader* animation, f32 morphFrames);
      |                                                      ~~~~~~~~~~~~~~~~~^~~~~~~~~
/home/david/Documents/RockBox_Personal-master/devsrc/nano-soh-runtime/Shipwright/soh/src/overlays/actors/ovl_Boss_Ganon/z_boss_ganon.c: In function 'BossGanon_Block':
/home/david/Documents/RockBox_Personal-master/devsrc/nano-soh-runtime/Shipwright/soh/src/overlays/actors/ovl_Boss_Ganon/z_boss_ganon.c:2465:57: warning: passing argument 2 of 'Animation_MorphToPlayOnce' from incompatible pointer type [-Wincompatible-pointer-types]
 2465 |             Animation_MorphToPlayOnce(&this->skelAnime, &gGanondorfBlockReleaseAnim, 0.0f);
      |                                                         ^~~~~~~~~~~~~~~~~~~~~~~~~~~
      |                                                         |
      |                                                         const char (*)[62]
/home/david/Documents/RockBox_Personal-master/devsrc/nano-soh-runtime/Shipwright/soh/include/functions.h:1339:71: note: expected 'AnimationHeader *' but argument is of type 'const char (*)[62]'
 1339 | void Animation_MorphToPlayOnce(SkelAnime* skelAnime, AnimationHeader* animation, f32 morphFrames);
      |                                                      ~~~~~~~~~~~~~~~~~^~~~~~~~~
/home/david/Documents/RockBox_Personal-master/devsrc/nano-soh-runtime/Shipwright/soh/src/overlays/actors/ovl_Boss_Ganon/z_boss_ganon.c:2466:63: warning: passing argument 1 of 'Animation_GetLastFrame' discards 'const' qualifier from pointer target type [-Wdiscarded-array-qualifiers]
 2466 |             this->fwork[GDF_FWORK_1] = Animation_GetLastFrame(&gGanondorfBlockReleaseAnim);
      |                                                               ^~~~~~~~~~~~~~~~~~~~~~~~~~~
/home/david/Documents/RockBox_Personal-master/devsrc/nano-soh-runtime/Shipwright/soh/include/functions.h:1278:34: note: expected 'void *' but argument is of type 'const char (*)[62]'
 1278 | s16 Animation_GetLastFrame(void* animation);
      |                            ~~~~~~^~~~~~~~~
/home/david/Documents/RockBox_Personal-master/devsrc/nano-soh-runtime/Shipwright/soh/src/overlays/actors/ovl_Boss_Ganon/z_boss_ganon.c: In function 'BossGanon_SetupHitByLightBall':
/home/david/Documents/RockBox_Personal-master/devsrc/nano-soh-runtime/Shipwright/soh/src/overlays/actors/ovl_Boss_Ganon/z_boss_ganon.c:2492:55: warning: passing argument 1 of 'Animation_GetLastFrame' discards 'const' qualifier from pointer target type [-Wdiscarded-array-qualifiers]
 2492 |     this->fwork[GDF_FWORK_1] = Animation_GetLastFrame(&gGanondorfBigMagicHitAnim);
      |                                                       ^~~~~~~~~~~~~~~~~~~~~~~~~~
/home/david/Documents/RockBox_Personal-master/devsrc/nano-soh-runtime/Shipwright/soh/include/functions.h:1278:34: note: expected 'void *' but argument is of type 'const char (*)[61]'
 1278 | s16 Animation_GetLastFrame(void* animation);
      |                            ~~~~~~^~~~~~~~~
/home/david/Documents/RockBox_Personal-master/devsrc/nano-soh-runtime/Shipwright/soh/src/overlays/actors/ovl_Boss_Ganon/z_boss_ganon.c:2493:49: warning: passing argument 2 of 'Animation_MorphToPlayOnce' from incompatible pointer type [-Wincompatible-pointer-types]
 2493 |     Animation_MorphToPlayOnce(&this->skelAnime, &gGanondorfBigMagicHitAnim, 0);
      |                                                 ^~~~~~~~~~~~~~~~~~~~~~~~~~
      |                                                 |
      |                                                 const char (*)[61]
/home/david/Documents/RockBox_Personal-master/devsrc/nano-soh-runtime/Shipwright/soh/include/functions.h:1339:71: note: expected 'AnimationHeader *' but argument is of type 'const char (*)[61]'
 1339 | void Animation_MorphToPlayOnce(SkelAnime* skelAnime, AnimationHeader* animation, f32 morphFrames);
      |                                                      ~~~~~~~~~~~~~~~~~^~~~~~~~~
/home/david/Documents/RockBox_Personal-master/devsrc/nano-soh-runtime/Shipwright/soh/src/overlays/actors/ovl_Boss_Ganon/z_boss_ganon.c: In function 'BossGanon_HitByLightBall':
/home/david/Documents/RockBox_Personal-master/devsrc/nano-soh-runtime/Shipwright/soh/src/overlays/actors/ovl_Boss_Ganon/z_boss_ganon.c:2520:63: warning: passing argument 1 of 'Animation_GetLastFrame' discards 'const' qualifier from pointer target type [-Wdiscarded-array-qualifiers]
 2520 |             this->fwork[GDF_FWORK_1] = Animation_GetLastFrame(&gGanondorfLightArrowWaitAnim);
      |                                                               ^~~~~~~~~~~~~~~~~~~~~~~~~~~~~
/home/david/Documents/RockBox_Personal-master/devsrc/nano-soh-runtime/Shipwright/soh/include/functions.h:1278:34: note: expected 'void *' but argument is of type 'const char (*)[64]'
 1278 | s16 Animation_GetLastFrame(void* animation);
      |                            ~~~~~~^~~~~~~~~
/home/david/Documents/RockBox_Personal-master/devsrc/nano-soh-runtime/Shipwright/soh/src/overlays/actors/ovl_Boss_Ganon/z_boss_ganon.c:2521:53: warning: passing argument 2 of 'Animation_MorphToLoop' from incompatible pointer type [-Wincompatible-pointer-types]
 2521 |             Animation_MorphToLoop(&this->skelAnime, &gGanondorfLightArrowWaitAnim, 0.0f);
      |                                                     ^~~~~~~~~~~~~~~~~~~~~~~~~~~~~
      |                                                     |
      |                                                     const char (*)[64]
/home/david/Documents/RockBox_Personal-master/devsrc/nano-soh-runtime/Shipwright/soh/include/functions.h:1342:67: note: expected 'AnimationHeader *' but argument is of type 'const char (*)[64]'
 1342 | void Animation_MorphToLoop(SkelAnime* skelAnime, AnimationHeader* animation, f32 morphFrames);
      |                                                  ~~~~~~~~~~~~~~~~~^~~~~~~~~
/home/david/Documents/RockBox_Personal-master/devsrc/nano-soh-runtime/Shipwright/soh/src/overlays/actors/ovl_Boss_Ganon/z_boss_ganon.c:2528:63: warning: passing argument 1 of 'Animation_GetLastFrame' discards 'const' qualifier from pointer target type [-Wdiscarded-array-qualifiers]
 2528 |             this->fwork[GDF_FWORK_1] = Animation_GetLastFrame(&gGanondorfGetUp3Anim);
      |                                                               ^~~~~~~~~~~~~~~~~~~~~
/home/david/Documents/RockBox_Personal-master/devsrc/nano-soh-runtime/Shipwright/soh/include/functions.h:1278:34: note: expected 'void *' but argument is of type 'const char (*)[56]'
 1278 | s16 Animation_GetLastFrame(void* animation);
      |                            ~~~~~~^~~~~~~~~
/home/david/Documents/RockBox_Personal-master/devsrc/nano-soh-runtime/Shipwright/soh/src/overlays/actors/ovl_Boss_Ganon/z_boss_ganon.c:2529:57: warning: passing argument 2 of 'Animation_MorphToPlayOnce' from incompatible pointer type [-Wincompatible-pointer-types]
 2529 |             Animation_MorphToPlayOnce(&this->skelAnime, &gGanondorfGetUp3Anim, 0.0f);
      |                                                         ^~~~~~~~~~~~~~~~~~~~~
      |                                                         |
      |                                                         const char (*)[56]
/home/david/Documents/RockBox_Personal-master/devsrc/nano-soh-runtime/Shipwright/soh/include/functions.h:1339:71: note: expected 'AnimationHeader *' but argument is of type 'const char (*)[56]'
 1339 | void Animation_MorphToPlayOnce(SkelAnime* skelAnime, AnimationHeader* animation, f32 morphFrames);
      |                                                      ~~~~~~~~~~~~~~~~~^~~~~~~~~
/home/david/Documents/RockBox_Personal-master/devsrc/nano-soh-runtime/Shipwright/soh/src/overlays/actors/ovl_Boss_Ganon/z_boss_ganon.c: In function 'BossGanon_SetupVulnerable':
/home/david/Documents/RockBox_Personal-master/devsrc/nano-soh-runtime/Shipwright/soh/src/overlays/actors/ovl_Boss_Ganon/z_boss_ganon.c:2564:59: warning: passing argument 1 of 'Animation_GetLastFrame' discards 'const' qualifier from pointer target type [-Wdiscarded-array-qualifiers]
 2564 |         this->fwork[GDF_FWORK_1] = Animation_GetLastFrame(&gGanondorfLightArrowHitAnim);
      |                                                           ^~~~~~~~~~~~~~~~~~~~~~~~~~~~
/home/david/Documents/RockBox_Personal-master/devsrc/nano-soh-runtime/Shipwright/soh/include/functions.h:1278:34: note: expected 'void *' but argument is of type 'const char (*)[63]'
 1278 | s16 Animation_GetLastFrame(void* animation);
      |                            ~~~~~~^~~~~~~~~
/home/david/Documents/RockBox_Personal-master/devsrc/nano-soh-runtime/Shipwright/soh/src/overlays/actors/ovl_Boss_Ganon/z_boss_ganon.c:2565:53: warning: passing argument 2 of 'Animation_MorphToPlayOnce' from incompatible pointer type [-Wincompatible-pointer-types]
 2565 |         Animation_MorphToPlayOnce(&this->skelAnime, &gGanondorfLightArrowHitAnim, 0.0f);
      |                                                     ^~~~~~~~~~~~~~~~~~~~~~~~~~~~
      |                                                     |
      |                                                     const char (*)[63]
/home/david/Documents/RockBox_Personal-master/devsrc/nano-soh-runtime/Shipwright/soh/include/functions.h:1339:71: note: expected 'AnimationHeader *' but argument is of type 'const char (*)[63]'
 1339 | void Animation_MorphToPlayOnce(SkelAnime* skelAnime, AnimationHeader* animation, f32 morphFrames);
      |                                                      ~~~~~~~~~~~~~~~~~^~~~~~~~~
/home/david/Documents/RockBox_Personal-master/devsrc/nano-soh-runtime/Shipwright/soh/src/overlays/actors/ovl_Boss_Ganon/z_boss_ganon.c: In function 'BossGanon_Vulnerable':
/home/david/Documents/RockBox_Personal-master/devsrc/nano-soh-runtime/Shipwright/soh/src/overlays/actors/ovl_Boss_Ganon/z_boss_ganon.c:2623:67: warning: passing argument 1 of 'Animation_GetLastFrame' discards 'const' qualifier from pointer target type [-Wdiscarded-array-qualifiers]
 2623 |                 this->fwork[GDF_FWORK_1] = Animation_GetLastFrame(&gGanondorfLightEnergyHitAnim);
      |                                                                   ^~~~~~~~~~~~~~~~~~~~~~~~~~~~~
/home/david/Documents/RockBox_Personal-master/devsrc/nano-soh-runtime/Shipwright/soh/include/functions.h:1278:34: note: expected 'void *' but argument is of type 'const char (*)[64]'
 1278 | s16 Animation_GetLastFrame(void* animation);
      |                            ~~~~~~^~~~~~~~~
/home/david/Documents/RockBox_Personal-master/devsrc/nano-soh-runtime/Shipwright/soh/src/overlays/actors/ovl_Boss_Ganon/z_boss_ganon.c:2624:61: warning: passing argument 2 of 'Animation_MorphToPlayOnce' from incompatible pointer type [-Wincompatible-pointer-types]
 2624 |                 Animation_MorphToPlayOnce(&this->skelAnime, &gGanondorfLightEnergyHitAnim, 0.0f);
      |                                                             ^~~~~~~~~~~~~~~~~~~~~~~~~~~~~
      |                                                             |
      |                                                             const char (*)[64]
/home/david/Documents/RockBox_Personal-master/devsrc/nano-soh-runtime/Shipwright/soh/include/functions.h:1339:71: note: expected 'AnimationHeader *' but argument is of type 'const char (*)[64]'
 1339 | void Animation_MorphToPlayOnce(SkelAnime* skelAnime, AnimationHeader* animation, f32 morphFrames);
      |                                                      ~~~~~~~~~~~~~~~~~^~~~~~~~~
/home/david/Documents/RockBox_Personal-master/devsrc/nano-soh-runtime/Shipwright/soh/src/overlays/actors/ovl_Boss_Ganon/z_boss_ganon.c:2631:67: warning: passing argument 1 of 'Animation_GetLastFrame' discards 'const' qualifier from pointer target type [-Wdiscarded-array-qualifiers]
 2631 |                 this->fwork[GDF_FWORK_1] = Animation_GetLastFrame(&gGanondorfDownedAnim);
      |                                                                   ^~~~~~~~~~~~~~~~~~~~~
/home/david/Documents/RockBox_Personal-master/devsrc/nano-soh-runtime/Shipwright/soh/include/functions.h:1278:34: note: expected 'void *' but argument is of type 'const char (*)[56]'
 1278 | s16 Animation_GetLastFrame(void* animation);
      |                            ~~~~~~^~~~~~~~~
/home/david/Documents/RockBox_Personal-master/devsrc/nano-soh-runtime/Shipwright/soh/src/overlays/actors/ovl_Boss_Ganon/z_boss_ganon.c:2632:61: warning: passing argument 2 of 'Animation_MorphToPlayOnce' from incompatible pointer type [-Wincompatible-pointer-types]
 2632 |                 Animation_MorphToPlayOnce(&this->skelAnime, &gGanondorfDownedAnim, 0.0f);
      |                                                             ^~~~~~~~~~~~~~~~~~~~~
      |                                                             |
      |                                                             const char (*)[56]
/home/david/Documents/RockBox_Personal-master/devsrc/nano-soh-runtime/Shipwright/soh/include/functions.h:1339:71: note: expected 'AnimationHeader *' but argument is of type 'const char (*)[56]'
 1339 | void Animation_MorphToPlayOnce(SkelAnime* skelAnime, AnimationHeader* animation, f32 morphFrames);
      |                                                      ~~~~~~~~~~~~~~~~~^~~~~~~~~
/home/david/Documents/RockBox_Personal-master/devsrc/nano-soh-runtime/Shipwright/soh/src/overlays/actors/ovl_Boss_Ganon/z_boss_ganon.c:2644:67: warning: passing argument 1 of 'Animation_GetLastFrame' discards 'const' qualifier from pointer target type [-Wdiscarded-array-qualifiers]
 2644 |                 this->fwork[GDF_FWORK_1] = Animation_GetLastFrame(&gGanondorfLandAnim);
      |                                                                   ^~~~~~~~~~~~~~~~~~~
/home/david/Documents/RockBox_Personal-master/devsrc/nano-soh-runtime/Shipwright/soh/include/functions.h:1278:34: note: expected 'void *' but argument is of type 'const char (*)[54]'
 1278 | s16 Animation_GetLastFrame(void* animation);
      |                            ~~~~~~^~~~~~~~~
/home/david/Documents/RockBox_Personal-master/devsrc/nano-soh-runtime/Shipwright/soh/src/overlays/actors/ovl_Boss_Ganon/z_boss_ganon.c:2645:61: warning: passing argument 2 of 'Animation_MorphToPlayOnce' from incompatible pointer type [-Wincompatible-pointer-types]
 2645 |                 Animation_MorphToPlayOnce(&this->skelAnime, &gGanondorfLandAnim, 0.0f);
      |                                                             ^~~~~~~~~~~~~~~~~~~
      |                                                             |
      |                                                             const char (*)[54]
/home/david/Documents/RockBox_Personal-master/devsrc/nano-soh-runtime/Shipwright/soh/include/functions.h:1339:71: note: expected 'AnimationHeader *' but argument is of type 'const char (*)[54]'
 1339 | void Animation_MorphToPlayOnce(SkelAnime* skelAnime, AnimationHeader* animation, f32 morphFrames);
      |                                                      ~~~~~~~~~~~~~~~~~^~~~~~~~~
/home/david/Documents/RockBox_Personal-master/devsrc/nano-soh-runtime/Shipwright/soh/src/overlays/actors/ovl_Boss_Ganon/z_boss_ganon.c:2658:67: warning: passing argument 1 of 'Animation_GetLastFrame' discards 'const' qualifier from pointer target type [-Wdiscarded-array-qualifiers]
 2658 |                 this->fwork[GDF_FWORK_1] = Animation_GetLastFrame(&gGanondorfVulnerableAnim);
      |                                                                   ^~~~~~~~~~~~~~~~~~~~~~~~~
/home/david/Documents/RockBox_Personal-master/devsrc/nano-soh-runtime/Shipwright/soh/include/functions.h:1278:34: note: expected 'void *' but argument is of type 'const char (*)[60]'
 1278 | s16 Animation_GetLastFrame(void* animation);
      |                            ~~~~~~^~~~~~~~~
/home/david/Documents/RockBox_Personal-master/devsrc/nano-soh-runtime/Shipwright/soh/src/overlays/actors/ovl_Boss_Ganon/z_boss_ganon.c:2659:57: warning: passing argument 2 of 'Animation_MorphToLoop' from incompatible pointer type [-Wincompatible-pointer-types]
 2659 |                 Animation_MorphToLoop(&this->skelAnime, &gGanondorfVulnerableAnim, 0.0f);
      |                                                         ^~~~~~~~~~~~~~~~~~~~~~~~~
      |                                                         |
      |                                                         const char (*)[60]
/home/david/Documents/RockBox_Personal-master/devsrc/nano-soh-runtime/Shipwright/soh/include/functions.h:1342:67: note: expected 'AnimationHeader *' but argument is of type 'const char (*)[60]'
 1342 | void Animation_MorphToLoop(SkelAnime* skelAnime, AnimationHeader* animation, f32 morphFrames);
      |                                                  ~~~~~~~~~~~~~~~~~^~~~~~~~~
/home/david/Documents/RockBox_Personal-master/devsrc/nano-soh-runtime/Shipwright/soh/src/overlays/actors/ovl_Boss_Ganon/z_boss_ganon.c:2670:67: warning: passing argument 1 of 'Animation_GetLastFrame' discards 'const' qualifier from pointer target type [-Wdiscarded-array-qualifiers]
 2670 |                 this->fwork[GDF_FWORK_1] = Animation_GetLastFrame(&gGanondorfGetUp1Anim);
      |                                                                   ^~~~~~~~~~~~~~~~~~~~~
/home/david/Documents/RockBox_Personal-master/devsrc/nano-soh-runtime/Shipwright/soh/include/functions.h:1278:34: note: expected 'void *' but argument is of type 'const char (*)[56]'
 1278 | s16 Animation_GetLastFrame(void* animation);
      |                            ~~~~~~^~~~~~~~~
/home/david/Documents/RockBox_Personal-master/devsrc/nano-soh-runtime/Shipwright/soh/src/overlays/actors/ovl_Boss_Ganon/z_boss_ganon.c:2671:61: warning: passing argument 2 of 'Animation_MorphToPlayOnce' from incompatible pointer type [-Wincompatible-pointer-types]
 2671 |                 Animation_MorphToPlayOnce(&this->skelAnime, &gGanondorfGetUp1Anim, 0.0f);
      |                                                             ^~~~~~~~~~~~~~~~~~~~~
      |                                                             |
      |                                                             const char (*)[56]
/home/david/Documents/RockBox_Personal-master/devsrc/nano-soh-runtime/Shipwright/soh/include/functions.h:1339:71: note: expected 'AnimationHeader *' but argument is of type 'const char (*)[56]'
 1339 | void Animation_MorphToPlayOnce(SkelAnime* skelAnime, AnimationHeader* animation, f32 morphFrames);
      |                                                      ~~~~~~~~~~~~~~~~~^~~~~~~~~
/home/david/Documents/RockBox_Personal-master/devsrc/nano-soh-runtime/Shipwright/soh/src/overlays/actors/ovl_Boss_Ganon/z_boss_ganon.c:2689:67: warning: passing argument 1 of 'Animation_GetLastFrame' discards 'const' qualifier from pointer target type [-Wdiscarded-array-qualifiers]
 2689 |                 this->fwork[GDF_FWORK_1] = Animation_GetLastFrame(&gGanondorfGetUp2Anim);
      |                                                                   ^~~~~~~~~~~~~~~~~~~~~
/home/david/Documents/RockBox_Personal-master/devsrc/nano-soh-runtime/Shipwright/soh/include/functions.h:1278:34: note: expected 'void *' but argument is of type 'const char (*)[56]'
 1278 | s16 Animation_GetLastFrame(void* animation);
      |                            ~~~~~~^~~~~~~~~
/home/david/Documents/RockBox_Personal-master/devsrc/nano-soh-runtime/Shipwright/soh/src/overlays/actors/ovl_Boss_Ganon/z_boss_ganon.c:2690:61: warning: passing argument 2 of 'Animation_MorphToPlayOnce' from incompatible pointer type [-Wincompatible-pointer-types]
 2690 |                 Animation_MorphToPlayOnce(&this->skelAnime, &gGanondorfGetUp2Anim, 0.0f);
      |                                                             ^~~~~~~~~~~~~~~~~~~~~
      |                                                             |
      |                                                             const char (*)[56]
/home/david/Documents/RockBox_Personal-master/devsrc/nano-soh-runtime/Shipwright/soh/include/functions.h:1339:71: note: expected 'AnimationHeader *' but argument is of type 'const char (*)[56]'
 1339 | void Animation_MorphToPlayOnce(SkelAnime* skelAnime, AnimationHeader* animation, f32 morphFrames);
      |                                                      ~~~~~~~~~~~~~~~~~^~~~~~~~~
/home/david/Documents/RockBox_Personal-master/devsrc/nano-soh-runtime/Shipwright/soh/src/overlays/actors/ovl_Boss_Ganon/z_boss_ganon.c:2708:63: warning: passing argument 1 of 'Animation_GetLastFrame' discards 'const' qualifier from pointer target type [-Wdiscarded-array-qualifiers]
 2708 |             this->fwork[GDF_FWORK_1] = Animation_GetLastFrame(&gGanondorfGetUp3Anim);
      |                                                               ^~~~~~~~~~~~~~~~~~~~~
/home/david/Documents/RockBox_Personal-master/devsrc/nano-soh-runtime/Shipwright/soh/include/functions.h:1278:34: note: expected 'void *' but argument is of type 'const char (*)[56]'
 1278 | s16 Animation_GetLastFrame(void* animation);
      |                            ~~~~~~^~~~~~~~~
/home/david/Documents/RockBox_Personal-master/devsrc/nano-soh-runtime/Shipwright/soh/src/overlays/actors/ovl_Boss_Ganon/z_boss_ganon.c:2709:57: warning: passing argument 2 of 'Animation_MorphToPlayOnce' from incompatible pointer type [-Wincompatible-pointer-types]
 2709 |             Animation_MorphToPlayOnce(&this->skelAnime, &gGanondorfGetUp3Anim, 0.0f);
      |                                                         ^~~~~~~~~~~~~~~~~~~~~
      |                                                         |
      |                                                         const char (*)[56]
/home/david/Documents/RockBox_Personal-master/devsrc/nano-soh-runtime/Shipwright/soh/include/functions.h:1339:71: note: expected 'AnimationHeader *' but argument is of type 'const char (*)[56]'
 1339 | void Animation_MorphToPlayOnce(SkelAnime* skelAnime, AnimationHeader* animation, f32 morphFrames);
      |                                                      ~~~~~~~~~~~~~~~~~^~~~~~~~~
/home/david/Documents/RockBox_Personal-master/devsrc/nano-soh-runtime/Shipwright/soh/src/overlays/actors/ovl_Boss_Ganon/z_boss_ganon.c: In function 'BossGanon_SetupDamaged':
/home/david/Documents/RockBox_Personal-master/devsrc/nano-soh-runtime/Shipwright/soh/src/overlays/actors/ovl_Boss_Ganon/z_boss_ganon.c:2742:55: warning: passing argument 1 of 'Animation_GetLastFrame' discards 'const' qualifier from pointer target type [-Wdiscarded-array-qualifiers]
 2742 |     this->fwork[GDF_FWORK_1] = Animation_GetLastFrame(&gGanondorfDamageAnim);
      |                                                       ^~~~~~~~~~~~~~~~~~~~~
/home/david/Documents/RockBox_Personal-master/devsrc/nano-soh-runtime/Shipwright/soh/include/functions.h:1278:34: note: expected 'void *' but argument is of type 'const char (*)[56]'
 1278 | s16 Animation_GetLastFrame(void* animation);
      |                            ~~~~~~^~~~~~~~~
/home/david/Documents/RockBox_Personal-master/devsrc/nano-soh-runtime/Shipwright/soh/src/overlays/actors/ovl_Boss_Ganon/z_boss_ganon.c:2743:49: warning: passing argument 2 of 'Animation_MorphToPlayOnce' from incompatible pointer type [-Wincompatible-pointer-types]
 2743 |     Animation_MorphToPlayOnce(&this->skelAnime, &gGanondorfDamageAnim, 0.0f);
      |                                                 ^~~~~~~~~~~~~~~~~~~~~
      |                                                 |
      |                                                 const char (*)[56]
/home/david/Documents/RockBox_Personal-master/devsrc/nano-soh-runtime/Shipwright/soh/include/functions.h:1339:71: note: expected 'AnimationHeader *' but argument is of type 'const char (*)[56]'
 1339 | void Animation_MorphToPlayOnce(SkelAnime* skelAnime, AnimationHeader* animation, f32 morphFrames);
      |                                                      ~~~~~~~~~~~~~~~~~^~~~~~~~~
/home/david/Documents/RockBox_Personal-master/devsrc/nano-soh-runtime/Shipwright/soh/src/overlays/actors/ovl_Boss_Ganon/z_boss_ganon.c: In function 'BossGanon_Damaged':
/home/david/Documents/RockBox_Personal-master/devsrc/nano-soh-runtime/Shipwright/soh/src/overlays/actors/ovl_Boss_Ganon/z_boss_ganon.c:2760:59: warning: passing argument 1 of 'Animation_GetLastFrame' discards 'const' qualifier from pointer target type [-Wdiscarded-array-qualifiers]
 2760 |         this->fwork[GDF_FWORK_1] = Animation_GetLastFrame(&gGanondorfVulnerableAnim);
      |                                                           ^~~~~~~~~~~~~~~~~~~~~~~~~
/home/david/Documents/RockBox_Personal-master/devsrc/nano-soh-runtime/Shipwright/soh/include/functions.h:1278:34: note: expected 'void *' but argument is of type 'const char (*)[60]'
 1278 | s16 Animation_GetLastFrame(void* animation);
      |                            ~~~~~~^~~~~~~~~
/home/david/Documents/RockBox_Personal-master/devsrc/nano-soh-runtime/Shipwright/soh/src/overlays/actors/ovl_Boss_Ganon/z_boss_ganon.c:2761:49: warning: passing argument 2 of 'Animation_MorphToLoop' from incompatible pointer type [-Wincompatible-pointer-types]
 2761 |         Animation_MorphToLoop(&this->skelAnime, &gGanondorfVulnerableAnim, 0.0f);
      |                                                 ^~~~~~~~~~~~~~~~~~~~~~~~~
      |                                                 |
      |                                                 const char (*)[60]
/home/david/Documents/RockBox_Personal-master/devsrc/nano-soh-runtime/Shipwright/soh/include/functions.h:1342:67: note: expected 'AnimationHeader *' but argument is of type 'const char (*)[60]'
 1342 | void Animation_MorphToLoop(SkelAnime* skelAnime, AnimationHeader* animation, f32 morphFrames);
      |                                                  ~~~~~~~~~~~~~~~~~^~~~~~~~~
/home/david/Documents/RockBox_Personal-master/devsrc/nano-soh-runtime/Shipwright/soh/src/overlays/actors/ovl_Boss_Ganon/z_boss_ganon.c: In function 'BossGanon_OverrideLimbDraw':
/home/david/Documents/RockBox_Personal-master/devsrc/nano-soh-runtime/Shipwright/soh/src/overlays/actors/ovl_Boss_Ganon/z_boss_ganon.c:3278:24: warning: assignment to 'Gfx *' from incompatible pointer type 'const char *' [-Wincompatible-pointer-types]
 3278 |                 *dList = gGanondorfRightHandOpenDL;
      |                        ^
/home/david/Documents/RockBox_Personal-master/devsrc/nano-soh-runtime/Shipwright/soh/src/overlays/actors/ovl_Boss_Ganon/z_boss_ganon.c: In function 'BossGanon_PostLimbDraw':
/home/david/Documents/RockBox_Personal-master/devsrc/nano-soh-runtime/Shipwright/soh/src/overlays/actors/ovl_Boss_Ganon/z_boss_ganon.c:3349:62: warning: passing argument 2 of 'gSPDisplayList' from incompatible pointer type [-Wincompatible-pointer-types]
 3349 |         gSPDisplayList(POLY_XLU_DISP++, SEGMENTED_TO_VIRTUAL(gGanondorfEyesDL));
      |                                                              ^~~~~~~~~~~~~~~~
      |                                                              |
      |                                                              const char *
/home/david/Documents/RockBox_Personal-master/devsrc/nano-soh-runtime/Shipwright/soh/include/macros.h:37:36: note: in definition of macro 'SEGMENTED_TO_VIRTUAL'
   37 | #define SEGMENTED_TO_VIRTUAL(addr) addr
      |                                    ^~~~
/home/david/Documents/RockBox_Personal-master/devsrc/nano-soh-runtime/Shipwright/soh/include/functions.h:24:36: note: expected 'Gfx *' but argument is of type 'const char *'
   24 | void gSPDisplayList(Gfx* pkt, Gfx* dl);
      |                               ~~~~~^~
/home/david/Documents/RockBox_Personal-master/devsrc/nano-soh-runtime/Shipwright/soh/src/overlays/actors/ovl_Boss_Ganon/z_boss_ganon.c: In function 'BossGanon_DrawShock':
/home/david/Documents/RockBox_Personal-master/devsrc/nano-soh-runtime/Shipwright/soh/src/overlays/actors/ovl_Boss_Ganon/z_boss_ganon.c:3430:41: warning: passing argument 2 of 'gSPDisplayList' from incompatible pointer type [-Wincompatible-pointer-types]
 3430 |         gSPDisplayList(POLY_XLU_DISP++, gGanondorfLightBallMaterialDL);
      |                                         ^~~~~~~~~~~~~~~~~~~~~~~~~~~~~
      |                                         |
      |                                         const char *
/home/david/Documents/RockBox_Personal-master/devsrc/nano-soh-runtime/Shipwright/soh/include/functions.h:24:36: note: expected 'Gfx *' but argument is of type 'const char *'
   24 | void gSPDisplayList(Gfx* pkt, Gfx* dl);
      |                               ~~~~~^~
/home/david/Documents/RockBox_Personal-master/devsrc/nano-soh-runtime/Shipwright/soh/src/overlays/actors/ovl_Boss_Ganon/z_boss_ganon.c:3444:49: warning: passing argument 2 of 'gSPDisplayList' from incompatible pointer type [-Wincompatible-pointer-types]
 3444 |                 gSPDisplayList(POLY_XLU_DISP++, gGanondorfSquareDL);
      |                                                 ^~~~~~~~~~~~~~~~~~
      |                                                 |
      |                                                 const char *
/home/david/Documents/RockBox_Personal-master/devsrc/nano-soh-runtime/Shipwright/soh/include/functions.h:24:36: note: expected 'Gfx *' but argument is of type 'const char *'
   24 | void gSPDisplayList(Gfx* pkt, Gfx* dl);
      |                               ~~~~~^~
/home/david/Documents/RockBox_Personal-master/devsrc/nano-soh-runtime/Shipwright/soh/src/overlays/actors/ovl_Boss_Ganon/z_boss_ganon.c:3464:32: warning: passing argument 3 of 'gSPSegment' makes integer from pointer without a cast [-Wint-conversion]
 3464 |                                Gfx_TwoTexScrollEx(play->state.gfxCtx, 0, 0, 0, 32, 64, 1, 0, (this->unk_1A2 + i) * -15,
      |                                ^~~~~~~~~~~~~~~~~~~~~~~~~~~~~~~~~~~~~~~~~~~~~~~~~~~~~~~~~~~~~~~~~~~~~~~~~~~~~~~~~~~~~~~~
      |                                |
      |                                Gfx *
 3465 |                                                   32, 64, 0, 0, 0, -15));
      |                                                   ~~~~~~~~~~~~~~~~~~~~~
/home/david/Documents/RockBox_Personal-master/devsrc/nano-soh-runtime/Shipwright/soh/include/functions.h:22:52: note: expected 'uintptr_t' {aka 'unsigned int'} but argument is of type 'Gfx *'
   22 | void gSPSegment(void* value, int segNum, uintptr_t target);
      |                                          ~~~~~~~~~~^~~~~~
/home/david/Documents/RockBox_Personal-master/devsrc/nano-soh-runtime/Shipwright/soh/src/overlays/actors/ovl_Boss_Ganon/z_boss_ganon.c:3468:53: warning: passing argument 2 of 'gSPDisplayList' from incompatible pointer type [-Wincompatible-pointer-types]
 3468 |                     gSPDisplayList(POLY_XLU_DISP++, gGanondorfShockGlowDL);
      |                                                     ^~~~~~~~~~~~~~~~~~~~~
      |                                                     |
      |                                                     const char *
/home/david/Documents/RockBox_Personal-master/devsrc/nano-soh-runtime/Shipwright/soh/include/functions.h:24:36: note: expected 'Gfx *' but argument is of type 'const char *'
   24 | void gSPDisplayList(Gfx* pkt, Gfx* dl);
      |                               ~~~~~^~
/home/david/Documents/RockBox_Personal-master/devsrc/nano-soh-runtime/Shipwright/soh/src/overlays/actors/ovl_Boss_Ganon/z_boss_ganon.c:3470:53: warning: passing argument 2 of 'gSPDisplayList' from incompatible pointer type [-Wincompatible-pointer-types]
 3470 |                     gSPDisplayList(POLY_XLU_DISP++, gGanondorfSquareDL);
      |                                                     ^~~~~~~~~~~~~~~~~~
      |                                                     |
      |                                                     const char *
/home/david/Documents/RockBox_Personal-master/devsrc/nano-soh-runtime/Shipwright/soh/include/functions.h:24:36: note: expected 'Gfx *' but argument is of type 'const char *'
   24 | void gSPDisplayList(Gfx* pkt, Gfx* dl);
      |                               ~~~~~^~
/home/david/Documents/RockBox_Personal-master/devsrc/nano-soh-runtime/Shipwright/soh/src/overlays/actors/ovl_Boss_Ganon/z_boss_ganon.c: In function 'BossGanon_DrawHandLightBall':
/home/david/Documents/RockBox_Personal-master/devsrc/nano-soh-runtime/Shipwright/soh/src/overlays/actors/ovl_Boss_Ganon/z_boss_ganon.c:3498:41: warning: passing argument 2 of 'gSPDisplayList' from incompatible pointer type [-Wincompatible-pointer-types]
 3498 |         gSPDisplayList(POLY_XLU_DISP++, gGanondorfLightBallMaterialDL);
      |                                         ^~~~~~~~~~~~~~~~~~~~~~~~~~~~~
      |                                         |
      |                                         const char *
/home/david/Documents/RockBox_Personal-master/devsrc/nano-soh-runtime/Shipwright/soh/include/functions.h:24:36: note: expected 'Gfx *' but argument is of type 'const char *'
   24 | void gSPDisplayList(Gfx* pkt, Gfx* dl);
      |                               ~~~~~^~
/home/david/Documents/RockBox_Personal-master/devsrc/nano-soh-runtime/Shipwright/soh/src/overlays/actors/ovl_Boss_Ganon/z_boss_ganon.c:3505:41: warning: passing argument 2 of 'gSPDisplayList' from incompatible pointer type [-Wincompatible-pointer-types]
 3505 |         gSPDisplayList(POLY_XLU_DISP++, gGanondorfSquareDL);
      |                                         ^~~~~~~~~~~~~~~~~~
      |                                         |
      |                                         const char *
/home/david/Documents/RockBox_Personal-master/devsrc/nano-soh-runtime/Shipwright/soh/include/functions.h:24:36: note: expected 'Gfx *' but argument is of type 'const char *'
   24 | void gSPDisplayList(Gfx* pkt, Gfx* dl);
      |                               ~~~~~^~
/home/david/Documents/RockBox_Personal-master/devsrc/nano-soh-runtime/Shipwright/soh/src/overlays/actors/ovl_Boss_Ganon/z_boss_ganon.c:3513:41: warning: passing argument 2 of 'gSPDisplayList' from incompatible pointer type [-Wincompatible-pointer-types]
 3513 |         gSPDisplayList(POLY_XLU_DISP++, gGanondorfLightCoreDL);
      |                                         ^~~~~~~~~~~~~~~~~~~~~
      |                                         |
      |                                         const char *
/home/david/Documents/RockBox_Personal-master/devsrc/nano-soh-runtime/Shipwright/soh/include/functions.h:24:36: note: expected 'Gfx *' but argument is of type 'const char *'
   24 | void gSPDisplayList(Gfx* pkt, Gfx* dl);
      |                               ~~~~~^~
/home/david/Documents/RockBox_Personal-master/devsrc/nano-soh-runtime/Shipwright/soh/src/overlays/actors/ovl_Boss_Ganon/z_boss_ganon.c: In function 'BossGanon_DrawBigMagicCharge':
/home/david/Documents/RockBox_Personal-master/devsrc/nano-soh-runtime/Shipwright/soh/src/overlays/actors/ovl_Boss_Ganon/z_boss_ganon.c:3534:20: warning: passing argument 3 of 'gSPSegment' makes integer from pointer without a cast [-Wint-conversion]
 3534 |                    Gfx_TwoTexScrollEx(play->state.gfxCtx, 0, this->unk_1A2 * -2, 0, 0x40, 0x40, 1, 0,
      |                    ^~~~~~~~~~~~~~~~~~~~~~~~~~~~~~~~~~~~~~~~~~~~~~~~~~~~~~~~~~~~~~~~~~~~~~~~~~~~~~~~~~
      |                    |
      |                    Gfx *
 3535 |                                       this->unk_1A2 * 0xA, 0x40, 0x40, -2, 0, 0, 0xA));
      |                                       ~~~~~~~~~~~~~~~~~~~~~~~~~~~~~~~~~~~~~~~~~~~~~~~
/home/david/Documents/RockBox_Personal-master/devsrc/nano-soh-runtime/Shipwright/soh/include/functions.h:22:52: note: expected 'uintptr_t' {aka 'unsigned int'} but argument is of type 'Gfx *'
   22 | void gSPSegment(void* value, int segNum, uintptr_t target);
      |                                          ~~~~~~~~~~^~~~~~
/home/david/Documents/RockBox_Personal-master/devsrc/nano-soh-runtime/Shipwright/soh/src/overlays/actors/ovl_Boss_Ganon/z_boss_ganon.c:3540:41: warning: passing argument 2 of 'gSPDisplayList' from incompatible pointer type [-Wincompatible-pointer-types]
 3540 |         gSPDisplayList(POLY_XLU_DISP++, gGanondorfLightFlecksDL);
      |                                         ^~~~~~~~~~~~~~~~~~~~~~~
      |                                         |
      |                                         const char *
/home/david/Documents/RockBox_Personal-master/devsrc/nano-soh-runtime/Shipwright/soh/include/functions.h:24:36: note: expected 'Gfx *' but argument is of type 'const char *'
   24 | void gSPDisplayList(Gfx* pkt, Gfx* dl);
      |                               ~~~~~^~
/home/david/Documents/RockBox_Personal-master/devsrc/nano-soh-runtime/Shipwright/soh/src/overlays/actors/ovl_Boss_Ganon/z_boss_ganon.c:3549:20: warning: passing argument 3 of 'gSPSegment' makes integer from pointer without a cast [-Wint-conversion]
 3549 |                    Gfx_TwoTexScrollEx(play->state.gfxCtx, 0, 0, 0, 0x20, 0x20, 1, 0, this->unk_1A2 * -4, 0x20, 0x20, 0,
      |                    ^~~~~~~~~~~~~~~~~~~~~~~~~~~~~~~~~~~~~~~~~~~~~~~~~~~~~~~~~~~~~~~~~~~~~~~~~~~~~~~~~~~~~~~~~~~~~~~~~~~~
      |                    |
      |                    Gfx *
 3550 |                                       0, 0, -4));
      |                                       ~~~~~~~~~
/home/david/Documents/RockBox_Personal-master/devsrc/nano-soh-runtime/Shipwright/soh/include/functions.h:22:52: note: expected 'uintptr_t' {aka 'unsigned int'} but argument is of type 'Gfx *'
   22 | void gSPSegment(void* value, int segNum, uintptr_t target);
      |                                          ~~~~~~~~~~^~~~~~
/home/david/Documents/RockBox_Personal-master/devsrc/nano-soh-runtime/Shipwright/soh/src/overlays/actors/ovl_Boss_Ganon/z_boss_ganon.c:3551:41: warning: passing argument 2 of 'gSPDisplayList' from incompatible pointer type [-Wincompatible-pointer-types]
 3551 |         gSPDisplayList(POLY_XLU_DISP++, gGanondorfBigMagicBGCircleDL);
      |                                         ^~~~~~~~~~~~~~~~~~~~~~~~~~~~
      |                                         |
      |                                         const char *
/home/david/Documents/RockBox_Personal-master/devsrc/nano-soh-runtime/Shipwright/soh/include/functions.h:24:36: note: expected 'Gfx *' but argument is of type 'const char *'
   24 | void gSPDisplayList(Gfx* pkt, Gfx* dl);
      |                               ~~~~~^~
/home/david/Documents/RockBox_Personal-master/devsrc/nano-soh-runtime/Shipwright/soh/src/overlays/actors/ovl_Boss_Ganon/z_boss_ganon.c:3556:20: warning: passing argument 3 of 'gSPSegment' makes integer from pointer without a cast [-Wint-conversion]
 3556 |                    Gfx_TwoTexScrollEx(play->state.gfxCtx, 0, 0, 0, 0x20, 0x20, 1, this->unk_1A2 * 2,
      |                    ^~~~~~~~~~~~~~~~~~~~~~~~~~~~~~~~~~~~~~~~~~~~~~~~~~~~~~~~~~~~~~~~~~~~~~~~~~~~~~~~~
      |                    |
      |                    Gfx *
 3557 |                                       this->unk_1A2 * -0x14, 0x40, 0x40, 0, 0, 2, -0x14));
      |                                       ~~~~~~~~~~~~~~~~~~~~~~~~~~~~~~~~~~~~~~~~~~~~~~~~~~
/home/david/Documents/RockBox_Personal-master/devsrc/nano-soh-runtime/Shipwright/soh/include/functions.h:22:52: note: expected 'uintptr_t' {aka 'unsigned int'} but argument is of type 'Gfx *'
   22 | void gSPSegment(void* value, int segNum, uintptr_t target);
      |                                          ~~~~~~~~~~^~~~~~
/home/david/Documents/RockBox_Personal-master/devsrc/nano-soh-runtime/Shipwright/soh/src/overlays/actors/ovl_Boss_Ganon/z_boss_ganon.c:3558:41: warning: passing argument 2 of 'gSPDisplayList' from incompatible pointer type [-Wincompatible-pointer-types]
 3558 |         gSPDisplayList(POLY_XLU_DISP++, gGanondorfDotDL);
      |                                         ^~~~~~~~~~~~~~~
      |                                         |
      |                                         const char *
/home/david/Documents/RockBox_Personal-master/devsrc/nano-soh-runtime/Shipwright/soh/include/functions.h:24:36: note: expected 'Gfx *' but argument is of type 'const char *'
   24 | void gSPDisplayList(Gfx* pkt, Gfx* dl);
      |                               ~~~~~^~
/home/david/Documents/RockBox_Personal-master/devsrc/nano-soh-runtime/Shipwright/soh/src/overlays/actors/ovl_Boss_Ganon/z_boss_ganon.c:3563:41: warning: passing argument 2 of 'gSPDisplayList' from incompatible pointer type [-Wincompatible-pointer-types]
 3563 |         gSPDisplayList(POLY_XLU_DISP++, gGanondorfLightBallMaterialDL);
      |                                         ^~~~~~~~~~~~~~~~~~~~~~~~~~~~~
      |                                         |
      |                                         const char *
/home/david/Documents/RockBox_Personal-master/devsrc/nano-soh-runtime/Shipwright/soh/include/functions.h:24:36: note: expected 'Gfx *' but argument is of type 'const char *'
   24 | void gSPDisplayList(Gfx* pkt, Gfx* dl);
      |                               ~~~~~^~
/home/david/Documents/RockBox_Personal-master/devsrc/nano-soh-runtime/Shipwright/soh/src/overlays/actors/ovl_Boss_Ganon/z_boss_ganon.c:3571:41: warning: passing argument 2 of 'gSPDisplayList' from incompatible pointer type [-Wincompatible-pointer-types]
 3571 |         gSPDisplayList(POLY_XLU_DISP++, gGanondorfSquareDL);
      |                                         ^~~~~~~~~~~~~~~~~~
      |                                         |
      |                                         const char *
/home/david/Documents/RockBox_Personal-master/devsrc/nano-soh-runtime/Shipwright/soh/include/functions.h:24:36: note: expected 'Gfx *' but argument is of type 'const char *'
   24 | void gSPDisplayList(Gfx* pkt, Gfx* dl);
      |                               ~~~~~^~
/home/david/Documents/RockBox_Personal-master/devsrc/nano-soh-runtime/Shipwright/soh/src/overlays/actors/ovl_Boss_Ganon/z_boss_ganon.c:3593:45: warning: passing argument 2 of 'gSPDisplayList' from incompatible pointer type [-Wincompatible-pointer-types]
 3593 |             gSPDisplayList(POLY_XLU_DISP++, gGanondorfLightRayTriDL);
      |                                             ^~~~~~~~~~~~~~~~~~~~~~~
      |                                             |
      |                                             const char *
/home/david/Documents/RockBox_Personal-master/devsrc/nano-soh-runtime/Shipwright/soh/include/functions.h:24:36: note: expected 'Gfx *' but argument is of type 'const char *'
   24 | void gSPDisplayList(Gfx* pkt, Gfx* dl);
      |                               ~~~~~^~
/home/david/Documents/RockBox_Personal-master/devsrc/nano-soh-runtime/Shipwright/soh/src/overlays/actors/ovl_Boss_Ganon/z_boss_ganon.c: In function 'BossGanon_DrawTriforce':
/home/david/Documents/RockBox_Personal-master/devsrc/nano-soh-runtime/Shipwright/soh/src/overlays/actors/ovl_Boss_Ganon/z_boss_ganon.c:3647:62: warning: passing argument 2 of 'gSPDisplayList' from incompatible pointer type [-Wincompatible-pointer-types]
 3647 |         gSPDisplayList(POLY_XLU_DISP++, SEGMENTED_TO_VIRTUAL(gGanondorfTriforceDL));
      |                                                              ^~~~~~~~~~~~~~~~~~~~
      |                                                              |
      |                                                              const char *
/home/david/Documents/RockBox_Personal-master/devsrc/nano-soh-runtime/Shipwright/soh/include/macros.h:37:36: note: in definition of macro 'SEGMENTED_TO_VIRTUAL'
   37 | #define SEGMENTED_TO_VIRTUAL(addr) addr
      |                                    ^~~~
/home/david/Documents/RockBox_Personal-master/devsrc/nano-soh-runtime/Shipwright/soh/include/functions.h:24:36: note: expected 'Gfx *' but argument is of type 'const char *'
   24 | void gSPDisplayList(Gfx* pkt, Gfx* dl);
      |                               ~~~~~^~
/home/david/Documents/RockBox_Personal-master/devsrc/nano-soh-runtime/Shipwright/soh/src/overlays/actors/ovl_Boss_Ganon/z_boss_ganon.c: In function 'BossGanon_DrawDarkVortex':
/home/david/Documents/RockBox_Personal-master/devsrc/nano-soh-runtime/Shipwright/soh/src/overlays/actors/ovl_Boss_Ganon/z_boss_ganon.c:3664:20: warning: passing argument 3 of 'gSPSegment' makes integer from pointer without a cast [-Wint-conversion]
 3664 |                    Gfx_TwoTexScrollEx(play->state.gfxCtx, 0, this->unk_1A2 * -8, 0, 0x20, 0x40, 1, this->unk_1A2 * -4,
      |                    ^~~~~~~~~~~~~~~~~~~~~~~~~~~~~~~~~~~~~~~~~~~~~~~~~~~~~~~~~~~~~~~~~~~~~~~~~~~~~~~~~~~~~~~~~~~~~~~~~~~
      |                    |
      |                    Gfx *
 3665 |                                       this->unk_1A2 * -8, 0x20, 0x20, -8, 0, -4, -8));
      |                                       ~~~~~~~~~~~~~~~~~~~~~~~~~~~~~~~~~~~~~~~~~~~~~~
/home/david/Documents/RockBox_Personal-master/devsrc/nano-soh-runtime/Shipwright/soh/include/functions.h:22:52: note: expected 'uintptr_t' {aka 'unsigned int'} but argument is of type 'Gfx *'
   22 | void gSPSegment(void* value, int segNum, uintptr_t target);
      |                                          ~~~~~~~~~~^~~~~~
/home/david/Documents/RockBox_Personal-master/devsrc/nano-soh-runtime/Shipwright/soh/src/overlays/actors/ovl_Boss_Ganon/z_boss_ganon.c:3681:62: warning: passing argument 2 of 'gSPDisplayList' from incompatible pointer type [-Wincompatible-pointer-types]
 3681 |         gSPDisplayList(POLY_XLU_DISP++, SEGMENTED_TO_VIRTUAL(gGanondorfVortexDL));
      |                                                              ^~~~~~~~~~~~~~~~~~
      |                                                              |
      |                                                              const char *
/home/david/Documents/RockBox_Personal-master/devsrc/nano-soh-runtime/Shipwright/soh/include/macros.h:37:36: note: in definition of macro 'SEGMENTED_TO_VIRTUAL'
   37 | #define SEGMENTED_TO_VIRTUAL(addr) addr
      |                                    ^~~~
/home/david/Documents/RockBox_Personal-master/devsrc/nano-soh-runtime/Shipwright/soh/include/functions.h:24:36: note: expected 'Gfx *' but argument is of type 'const char *'
   24 | void gSPDisplayList(Gfx* pkt, Gfx* dl);
      |                               ~~~~~^~
/home/david/Documents/RockBox_Personal-master/devsrc/nano-soh-runtime/Shipwright/soh/src/overlays/actors/ovl_Boss_Ganon/z_boss_ganon.c: In function 'BossGanon_DrawShadowTexture':
/home/david/Documents/RockBox_Personal-master/devsrc/nano-soh-runtime/Shipwright/soh/src/overlays/actors/ovl_Boss_Ganon/z_boss_ganon.c:3854:37: warning: passing argument 2 of 'gSPDisplayList' from incompatible pointer type [-Wincompatible-pointer-types]
 3854 |     gSPDisplayList(POLY_OPA_DISP++, gGanondorfShadowSetupDL);
      |                                     ^~~~~~~~~~~~~~~~~~~~~~~
      |                                     |
      |                                     const char *
/home/david/Documents/RockBox_Personal-master/devsrc/nano-soh-runtime/Shipwright/soh/include/functions.h:24:36: note: expected 'Gfx *' but argument is of type 'const char *'
   24 | void gSPDisplayList(Gfx* pkt, Gfx* dl);
      |                               ~~~~~^~
/home/david/Documents/RockBox_Personal-master/devsrc/nano-soh-runtime/Shipwright/soh/src/overlays/actors/ovl_Boss_Ganon/z_boss_ganon.c:3857:37: warning: passing argument 2 of 'gSPDisplayList' from incompatible pointer type [-Wincompatible-pointer-types]
 3857 |     gSPDisplayList(POLY_OPA_DISP++, gGanondorfShadowModelDL);
      |                                     ^~~~~~~~~~~~~~~~~~~~~~~
      |                                     |
      |                                     const char *
/home/david/Documents/RockBox_Personal-master/devsrc/nano-soh-runtime/Shipwright/soh/include/functions.h:24:36: note: expected 'Gfx *' but argument is of type 'const char *'
   24 | void gSPDisplayList(Gfx* pkt, Gfx* dl);
      |                               ~~~~~^~
/home/david/Documents/RockBox_Personal-master/devsrc/nano-soh-runtime/Shipwright/soh/src/overlays/actors/ovl_Boss_Ganon/z_boss_ganon.c:3858:44: warning: passing argument 2 of 'gSPInvalidateTexCache' makes integer from pointer without a cast [-Wint-conversion]
 3858 |     gSPInvalidateTexCache(POLY_OPA_DISP++, tex); // Shadow texture will change every frame, no use keeping it around
      |                                            ^~~
      |                                            |
      |                                            void *
/home/david/Documents/RockBox_Personal-master/devsrc/nano-soh-runtime/Shipwright/soh/include/functions.h:30:48: note: expected 'uintptr_t' {aka 'unsigned int'} but argument is of type 'void *'
   30 | void gSPInvalidateTexCache(Gfx* pkt, uintptr_t texAddr);
      |                                      ~~~~~~~~~~^~~~~~~
/home/david/Documents/RockBox_Personal-master/devsrc/nano-soh-runtime/Shipwright/soh/src/overlays/actors/ovl_Boss_Ganon/z_boss_ganon.c: In function 'BossGanon_Draw':
/home/david/Documents/RockBox_Personal-master/devsrc/nano-soh-runtime/Shipwright/soh/src/overlays/actors/ovl_Boss_Ganon/z_boss_ganon.c:3874:48: warning: passing argument 2 of 'gSPInvalidateTexCache' makes integer from pointer without a cast [-Wint-conversion]
 3874 |         gSPInvalidateTexCache(POLY_OPA_DISP++, sWindowShatterTex);
      |                                                ^~~~~~~~~~~~~~~~~
      |                                                |
      |                                                u8 * {aka unsigned char *}
/home/david/Documents/RockBox_Personal-master/devsrc/nano-soh-runtime/Shipwright/soh/include/functions.h:30:48: note: expected 'uintptr_t' {aka 'unsigned int'} but argument is of type 'u8 *' {aka 'unsigned char *'}
   30 | void gSPInvalidateTexCache(Gfx* pkt, uintptr_t texAddr);
      |                                      ~~~~~~~~~~^~~~~~~
/home/david/Documents/RockBox_Personal-master/devsrc/nano-soh-runtime/Shipwright/soh/src/overlays/actors/ovl_Boss_Ganon/z_boss_ganon.c:3884:60: warning: passing argument 3 of 'gSPSegment' makes integer from pointer without a cast [-Wint-conversion]
 3884 |     gSPSegment(POLY_XLU_DISP++, 0x08, SEGMENTED_TO_VIRTUAL(gGanondorfNormalEyeTex));
      |                                                            ^~~~~~~~~~~~~~~~~~~~~~
      |                                                            |
      |                                                            const char *
/home/david/Documents/RockBox_Personal-master/devsrc/nano-soh-runtime/Shipwright/soh/include/macros.h:37:36: note: in definition of macro 'SEGMENTED_TO_VIRTUAL'
   37 | #define SEGMENTED_TO_VIRTUAL(addr) addr
      |                                    ^~~~
/home/david/Documents/RockBox_Personal-master/devsrc/nano-soh-runtime/Shipwright/soh/include/functions.h:22:52: note: expected 'uintptr_t' {aka 'unsigned int'} but argument is of type 'const char *'
   22 | void gSPSegment(void* value, int segNum, uintptr_t target);
      |                                          ~~~~~~~~~~^~~~~~
/home/david/Documents/RockBox_Personal-master/devsrc/nano-soh-runtime/Shipwright/soh/src/overlays/actors/ovl_Boss_Ganon/z_boss_ganon.c: In function 'BossGanon_LightBall_Draw':
/home/david/Documents/RockBox_Personal-master/devsrc/nano-soh-runtime/Shipwright/soh/src/overlays/actors/ovl_Boss_Ganon/z_boss_ganon.c:4228:37: warning: passing argument 2 of 'gSPDisplayList' from incompatible pointer type [-Wincompatible-pointer-types]
 4228 |     gSPDisplayList(POLY_XLU_DISP++, gGanondorfLightCoreDL);
      |                                     ^~~~~~~~~~~~~~~~~~~~~
      |                                     |
      |                                     const char *
/home/david/Documents/RockBox_Personal-master/devsrc/nano-soh-runtime/Shipwright/soh/include/functions.h:24:36: note: expected 'Gfx *' but argument is of type 'const char *'
   24 | void gSPDisplayList(Gfx* pkt, Gfx* dl);
      |                               ~~~~~^~
/home/david/Documents/RockBox_Personal-master/devsrc/nano-soh-runtime/Shipwright/soh/src/overlays/actors/ovl_Boss_Ganon/z_boss_ganon.c:4231:37: warning: passing argument 2 of 'gSPDisplayList' from incompatible pointer type [-Wincompatible-pointer-types]
 4231 |     gSPDisplayList(POLY_XLU_DISP++, gGanondorfLightBallMaterialDL);
      |                                     ^~~~~~~~~~~~~~~~~~~~~~~~~~~~~
      |                                     |
      |                                     const char *
/home/david/Documents/RockBox_Personal-master/devsrc/nano-soh-runtime/Shipwright/soh/include/functions.h:24:36: note: expected 'Gfx *' but argument is of type 'const char *'
   24 | void gSPDisplayList(Gfx* pkt, Gfx* dl);
      |                               ~~~~~^~
/home/david/Documents/RockBox_Personal-master/devsrc/nano-soh-runtime/Shipwright/soh/src/overlays/actors/ovl_Boss_Ganon/z_boss_ganon.c:4246:45: warning: passing argument 2 of 'gSPDisplayList' from incompatible pointer type [-Wincompatible-pointer-types]
 4246 |             gSPDisplayList(POLY_XLU_DISP++, gGanondorfSquareDL);
      |                                             ^~~~~~~~~~~~~~~~~~
      |                                             |
      |                                             const char *
/home/david/Documents/RockBox_Personal-master/devsrc/nano-soh-runtime/Shipwright/soh/include/functions.h:24:36: note: expected 'Gfx *' but argument is of type 'const char *'
   24 | void gSPDisplayList(Gfx* pkt, Gfx* dl);
      |                               ~~~~~^~
/home/david/Documents/RockBox_Personal-master/devsrc/nano-soh-runtime/Shipwright/soh/src/overlays/actors/ovl_Boss_Ganon/z_boss_ganon.c:4255:41: warning: passing argument 2 of 'gSPDisplayList' from incompatible pointer type [-Wincompatible-pointer-types]
 4255 |         gSPDisplayList(POLY_XLU_DISP++, gGanondorfSquareDL);
      |                                         ^~~~~~~~~~~~~~~~~~
      |                                         |
      |                                         const char *
/home/david/Documents/RockBox_Personal-master/devsrc/nano-soh-runtime/Shipwright/soh/include/functions.h:24:36: note: expected 'Gfx *' but argument is of type 'const char *'
   24 | void gSPDisplayList(Gfx* pkt, Gfx* dl);
      |                               ~~~~~^~
/home/david/Documents/RockBox_Personal-master/devsrc/nano-soh-runtime/Shipwright/soh/src/overlays/actors/ovl_Boss_Ganon/z_boss_ganon.c: In function 'func_808E229C':
/home/david/Documents/RockBox_Personal-master/devsrc/nano-soh-runtime/Shipwright/soh/src/overlays/actors/ovl_Boss_Ganon/z_boss_ganon.c:4368:37: warning: passing argument 2 of 'gSPDisplayList' from incompatible pointer type [-Wincompatible-pointer-types]
 4368 |     gSPDisplayList(POLY_XLU_DISP++, gGanondorfLightBallMaterialDL);
      |                                     ^~~~~~~~~~~~~~~~~~~~~~~~~~~~~
      |                                     |
      |                                     const char *
/home/david/Documents/RockBox_Personal-master/devsrc/nano-soh-runtime/Shipwright/soh/include/functions.h:24:36: note: expected 'Gfx *' but argument is of type 'const char *'
   24 | void gSPDisplayList(Gfx* pkt, Gfx* dl);
      |                               ~~~~~^~
/home/david/Documents/RockBox_Personal-master/devsrc/nano-soh-runtime/Shipwright/soh/src/overlays/actors/ovl_Boss_Ganon/z_boss_ganon.c:4378:41: warning: passing argument 2 of 'gSPDisplayList' from incompatible pointer type [-Wincompatible-pointer-types]
 4378 |         gSPDisplayList(POLY_XLU_DISP++, gGanondorfSquareDL);
      |                                         ^~~~~~~~~~~~~~~~~~
      |                                         |
      |                                         const char *
/home/david/Documents/RockBox_Personal-master/devsrc/nano-soh-runtime/Shipwright/soh/include/functions.h:24:36: note: expected 'Gfx *' but argument is of type 'const char *'
   24 | void gSPDisplayList(Gfx* pkt, Gfx* dl);
      |                               ~~~~~^~
/home/david/Documents/RockBox_Personal-master/devsrc/nano-soh-runtime/Shipwright/soh/src/overlays/actors/ovl_Boss_Ganon/z_boss_ganon.c: At top level:
/home/david/Documents/RockBox_Personal-master/devsrc/nano-soh-runtime/Shipwright/soh/src/overlays/actors/ovl_Boss_Ganon/z_boss_ganon.c:4631:5: warning: initialization of 'Gfx *' from incompatible pointer type 'const char *' [-Wincompatible-pointer-types]
 4631 |     gGanondorfLightStreak12DL, gGanondorfLightStreak11DL, gGanondorfLightStreak10DL, gGanondorfLightStreak9DL,
      |     ^~~~~~~~~~~~~~~~~~~~~~~~~
/home/david/Documents/RockBox_Personal-master/devsrc/nano-soh-runtime/Shipwright/soh/src/overlays/actors/ovl_Boss_Ganon/z_boss_ganon.c:4631:5: note: (near initialization for 'sBigMagicLightStreakDLists[0]')
/home/david/Documents/RockBox_Personal-master/devsrc/nano-soh-runtime/Shipwright/soh/src/overlays/actors/ovl_Boss_Ganon/z_boss_ganon.c:4631:32: warning: initialization of 'Gfx *' from incompatible pointer type 'const char *' [-Wincompatible-pointer-types]
 4631 |     gGanondorfLightStreak12DL, gGanondorfLightStreak11DL, gGanondorfLightStreak10DL, gGanondorfLightStreak9DL,
      |                                ^~~~~~~~~~~~~~~~~~~~~~~~~
/home/david/Documents/RockBox_Personal-master/devsrc/nano-soh-runtime/Shipwright/soh/src/overlays/actors/ovl_Boss_Ganon/z_boss_ganon.c:4631:32: note: (near initialization for 'sBigMagicLightStreakDLists[1]')
/home/david/Documents/RockBox_Personal-master/devsrc/nano-soh-runtime/Shipwright/soh/src/overlays/actors/ovl_Boss_Ganon/z_boss_ganon.c:4631:59: warning: initialization of 'Gfx *' from incompatible pointer type 'const char *' [-Wincompatible-pointer-types]
 4631 |     gGanondorfLightStreak12DL, gGanondorfLightStreak11DL, gGanondorfLightStreak10DL, gGanondorfLightStreak9DL,
      |                                                           ^~~~~~~~~~~~~~~~~~~~~~~~~
/home/david/Documents/RockBox_Personal-master/devsrc/nano-soh-runtime/Shipwright/soh/src/overlays/actors/ovl_Boss_Ganon/z_boss_ganon.c:4631:59: note: (near initialization for 'sBigMagicLightStreakDLists[2]')
/home/david/Documents/RockBox_Personal-master/devsrc/nano-soh-runtime/Shipwright/soh/src/overlays/actors/ovl_Boss_Ganon/z_boss_ganon.c:4631:86: warning: initialization of 'Gfx *' from incompatible pointer type 'const char *' [-Wincompatible-pointer-types]
 4631 |     gGanondorfLightStreak12DL, gGanondorfLightStreak11DL, gGanondorfLightStreak10DL, gGanondorfLightStreak9DL,
      |                                                                                      ^~~~~~~~~~~~~~~~~~~~~~~~
/home/david/Documents/RockBox_Personal-master/devsrc/nano-soh-runtime/Shipwright/soh/src/overlays/actors/ovl_Boss_Ganon/z_boss_ganon.c:4631:86: note: (near initialization for 'sBigMagicLightStreakDLists[3]')
/home/david/Documents/RockBox_Personal-master/devsrc/nano-soh-runtime/Shipwright/soh/src/overlays/actors/ovl_Boss_Ganon/z_boss_ganon.c:4632:5: warning: initialization of 'Gfx *' from incompatible pointer type 'const char *' [-Wincompatible-pointer-types]
 4632 |     gGanondorfLightStreak8DL,  gGanondorfLightStreak7DL,  gGanondorfLightStreak6DL,  gGanondorfLightStreak5DL,
      |     ^~~~~~~~~~~~~~~~~~~~~~~~
/home/david/Documents/RockBox_Personal-master/devsrc/nano-soh-runtime/Shipwright/soh/src/overlays/actors/ovl_Boss_Ganon/z_boss_ganon.c:4632:5: note: (near initialization for 'sBigMagicLightStreakDLists[4]')
/home/david/Documents/RockBox_Personal-master/devsrc/nano-soh-runtime/Shipwright/soh/src/overlays/actors/ovl_Boss_Ganon/z_boss_ganon.c:4632:32: warning: initialization of 'Gfx *' from incompatible pointer type 'const char *' [-Wincompatible-pointer-types]
 4632 |     gGanondorfLightStreak8DL,  gGanondorfLightStreak7DL,  gGanondorfLightStreak6DL,  gGanondorfLightStreak5DL,
      |                                ^~~~~~~~~~~~~~~~~~~~~~~~
/home/david/Documents/RockBox_Personal-master/devsrc/nano-soh-runtime/Shipwright/soh/src/overlays/actors/ovl_Boss_Ganon/z_boss_ganon.c:4632:32: note: (near initialization for 'sBigMagicLightStreakDLists[5]')
/home/david/Documents/RockBox_Personal-master/devsrc/nano-soh-runtime/Shipwright/soh/src/overlays/actors/ovl_Boss_Ganon/z_boss_ganon.c:4632:59: warning: initialization of 'Gfx *' from incompatible pointer type 'const char *' [-Wincompatible-pointer-types]
 4632 |     gGanondorfLightStreak8DL,  gGanondorfLightStreak7DL,  gGanondorfLightStreak6DL,  gGanondorfLightStreak5DL,
      |                                                           ^~~~~~~~~~~~~~~~~~~~~~~~
/home/david/Documents/RockBox_Personal-master/devsrc/nano-soh-runtime/Shipwright/soh/src/overlays/actors/ovl_Boss_Ganon/z_boss_ganon.c:4632:59: note: (near initialization for 'sBigMagicLightStreakDLists[6]')
/home/david/Documents/RockBox_Personal-master/devsrc/nano-soh-runtime/Shipwright/soh/src/overlays/actors/ovl_Boss_Ganon/z_boss_ganon.c:4632:86: warning: initialization of 'Gfx *' from incompatible pointer type 'const char *' [-Wincompatible-pointer-types]
 4632 |     gGanondorfLightStreak8DL,  gGanondorfLightStreak7DL,  gGanondorfLightStreak6DL,  gGanondorfLightStreak5DL,
      |                                                                                      ^~~~~~~~~~~~~~~~~~~~~~~~
/home/david/Documents/RockBox_Personal-master/devsrc/nano-soh-runtime/Shipwright/soh/src/overlays/actors/ovl_Boss_Ganon/z_boss_ganon.c:4632:86: note: (near initialization for 'sBigMagicLightStreakDLists[7]')
/home/david/Documents/RockBox_Personal-master/devsrc/nano-soh-runtime/Shipwright/soh/src/overlays/actors/ovl_Boss_Ganon/z_boss_ganon.c:4633:5: warning: initialization of 'Gfx *' from incompatible pointer type 'const char *' [-Wincompatible-pointer-types]
 4633 |     gGanondorfLightStreak4DL,  gGanondorfLightStreak3DL,  gGanondorfLightStreak2DL,  gGanondorfLightStreak1DL,
      |     ^~~~~~~~~~~~~~~~~~~~~~~~
/home/david/Documents/RockBox_Personal-master/devsrc/nano-soh-runtime/Shipwright/soh/src/overlays/actors/ovl_Boss_Ganon/z_boss_ganon.c:4633:5: note: (near initialization for 'sBigMagicLightStreakDLists[8]')
/home/david/Documents/RockBox_Personal-master/devsrc/nano-soh-runtime/Shipwright/soh/src/overlays/actors/ovl_Boss_Ganon/z_boss_ganon.c:4633:32: warning: initialization of 'Gfx *' from incompatible pointer type 'const char *' [-Wincompatible-pointer-types]
 4633 |     gGanondorfLightStreak4DL,  gGanondorfLightStreak3DL,  gGanondorfLightStreak2DL,  gGanondorfLightStreak1DL,
      |                                ^~~~~~~~~~~~~~~~~~~~~~~~
/home/david/Documents/RockBox_Personal-master/devsrc/nano-soh-runtime/Shipwright/soh/src/overlays/actors/ovl_Boss_Ganon/z_boss_ganon.c:4633:32: note: (near initialization for 'sBigMagicLightStreakDLists[9]')
/home/david/Documents/RockBox_Personal-master/devsrc/nano-soh-runtime/Shipwright/soh/src/overlays/actors/ovl_Boss_Ganon/z_boss_ganon.c:4633:59: warning: initialization of 'Gfx *' from incompatible pointer type 'const char *' [-Wincompatible-pointer-types]
 4633 |     gGanondorfLightStreak4DL,  gGanondorfLightStreak3DL,  gGanondorfLightStreak2DL,  gGanondorfLightStreak1DL,
      |                                                           ^~~~~~~~~~~~~~~~~~~~~~~~
/home/david/Documents/RockBox_Personal-master/devsrc/nano-soh-runtime/Shipwright/soh/src/overlays/actors/ovl_Boss_Ganon/z_boss_ganon.c:4633:59: note: (near initialization for 'sBigMagicLightStreakDLists[10]')
/home/david/Documents/RockBox_Personal-master/devsrc/nano-soh-runtime/Shipwright/soh/src/overlays/actors/ovl_Boss_Ganon/z_boss_ganon.c:4633:86: warning: initialization of 'Gfx *' from incompatible pointer type 'const char *' [-Wincompatible-pointer-types]
 4633 |     gGanondorfLightStreak4DL,  gGanondorfLightStreak3DL,  gGanondorfLightStreak2DL,  gGanondorfLightStreak1DL,
      |                                                                                      ^~~~~~~~~~~~~~~~~~~~~~~~
/home/david/Documents/RockBox_Personal-master/devsrc/nano-soh-runtime/Shipwright/soh/src/overlays/actors/ovl_Boss_Ganon/z_boss_ganon.c:4633:86: note: (near initialization for 'sBigMagicLightStreakDLists[11]')
/home/david/Documents/RockBox_Personal-master/devsrc/nano-soh-runtime/Shipwright/soh/src/overlays/actors/ovl_Boss_Ganon/z_boss_ganon.c: In function 'func_808E324C':
/home/david/Documents/RockBox_Personal-master/devsrc/nano-soh-runtime/Shipwright/soh/src/overlays/actors/ovl_Boss_Ganon/z_boss_ganon.c:4649:39: warning: passing argument 3 of 'gSPSegment' makes integer from pointer without a cast [-Wint-conversion]
 4649 |     gSPSegment(POLY_XLU_DISP++, 0x0D, mtx);
      |                                       ^~~
      |                                       |
      |                                       Mtx * {aka MtxS *}
/home/david/Documents/RockBox_Personal-master/devsrc/nano-soh-runtime/Shipwright/soh/include/functions.h:22:52: note: expected 'uintptr_t' {aka 'unsigned int'} but argument is of type 'Mtx *' {aka 'MtxS *'}
   22 | void gSPSegment(void* value, int segNum, uintptr_t target);
      |                                          ~~~~~~~~~~^~~~~~
/home/david/Documents/RockBox_Personal-master/devsrc/nano-soh-runtime/Shipwright/soh/src/overlays/actors/ovl_Boss_Ganon/z_boss_ganon.c:4669:37: warning: passing argument 2 of 'gSPDisplayList' from incompatible pointer type [-Wincompatible-pointer-types]
 4669 |     gSPDisplayList(POLY_XLU_DISP++, gGanondorfLightBallMaterialDL);
      |                                     ^~~~~~~~~~~~~~~~~~~~~~~~~~~~~
      |                                     |
      |                                     const char *
/home/david/Documents/RockBox_Personal-master/devsrc/nano-soh-runtime/Shipwright/soh/include/functions.h:24:36: note: expected 'Gfx *' but argument is of type 'const char *'
   24 | void gSPDisplayList(Gfx* pkt, Gfx* dl);
      |                               ~~~~~^~
/home/david/Documents/RockBox_Personal-master/devsrc/nano-soh-runtime/Shipwright/soh/src/overlays/actors/ovl_Boss_Ganon/z_boss_ganon.c:4671:37: warning: passing argument 2 of 'gSPDisplayList' from incompatible pointer type [-Wincompatible-pointer-types]
 4671 |     gSPDisplayList(POLY_XLU_DISP++, gGanondorfSquareDL);
      |                                     ^~~~~~~~~~~~~~~~~~
      |                                     |
      |                                     const char *
/home/david/Documents/RockBox_Personal-master/devsrc/nano-soh-runtime/Shipwright/soh/include/functions.h:24:36: note: expected 'Gfx *' but argument is of type 'const char *'
   24 | void gSPDisplayList(Gfx* pkt, Gfx* dl);
      |                               ~~~~~^~
/home/david/Documents/RockBox_Personal-master/devsrc/nano-soh-runtime/Shipwright/soh/src/overlays/actors/ovl_Boss_Ganon/z_boss_ganon.c: At top level:
/home/david/Documents/RockBox_Personal-master/devsrc/nano-soh-runtime/Shipwright/soh/src/overlays/actors/ovl_Boss_Ganon/z_boss_ganon.c:4876:5: warning: initialization discards 'const' qualifier from pointer target type [-Wdiscarded-qualifiers]
 4876 |     gGanondorfLightning1Tex,  gGanondorfLightning1Tex, gGanondorfLightning2Tex,  gGanondorfLightning3Tex,
      |     ^~~~~~~~~~~~~~~~~~~~~~~
/home/david/Documents/RockBox_Personal-master/devsrc/nano-soh-runtime/Shipwright/soh/src/overlays/actors/ovl_Boss_Ganon/z_boss_ganon.c:4876:31: warning: initialization discards 'const' qualifier from pointer target type [-Wdiscarded-qualifiers]
 4876 |     gGanondorfLightning1Tex,  gGanondorfLightning1Tex, gGanondorfLightning2Tex,  gGanondorfLightning3Tex,
      |                               ^~~~~~~~~~~~~~~~~~~~~~~
/home/david/Documents/RockBox_Personal-master/devsrc/nano-soh-runtime/Shipwright/soh/src/overlays/actors/ovl_Boss_Ganon/z_boss_ganon.c:4876:56: warning: initialization discards 'const' qualifier from pointer target type [-Wdiscarded-qualifiers]
 4876 |     gGanondorfLightning1Tex,  gGanondorfLightning1Tex, gGanondorfLightning2Tex,  gGanondorfLightning3Tex,
      |                                                        ^~~~~~~~~~~~~~~~~~~~~~~
/home/david/Documents/RockBox_Personal-master/devsrc/nano-soh-runtime/Shipwright/soh/src/overlays/actors/ovl_Boss_Ganon/z_boss_ganon.c:4876:82: warning: initialization discards 'const' qualifier from pointer target type [-Wdiscarded-qualifiers]
 4876 |     gGanondorfLightning1Tex,  gGanondorfLightning1Tex, gGanondorfLightning2Tex,  gGanondorfLightning3Tex,
      |                                                                                  ^~~~~~~~~~~~~~~~~~~~~~~
/home/david/Documents/RockBox_Personal-master/devsrc/nano-soh-runtime/Shipwright/soh/src/overlays/actors/ovl_Boss_Ganon/z_boss_ganon.c:4877:5: warning: initialization discards 'const' qualifier from pointer target type [-Wdiscarded-qualifiers]
 4877 |     gGanondorfLightning4Tex,  gGanondorfLightning5Tex, gGanondorfLightning6Tex,  gGanondorfLightning7Tex,
      |     ^~~~~~~~~~~~~~~~~~~~~~~
/home/david/Documents/RockBox_Personal-master/devsrc/nano-soh-runtime/Shipwright/soh/src/overlays/actors/ovl_Boss_Ganon/z_boss_ganon.c:4877:31: warning: initialization discards 'const' qualifier from pointer target type [-Wdiscarded-qualifiers]
 4877 |     gGanondorfLightning4Tex,  gGanondorfLightning5Tex, gGanondorfLightning6Tex,  gGanondorfLightning7Tex,
      |                               ^~~~~~~~~~~~~~~~~~~~~~~
/home/david/Documents/RockBox_Personal-master/devsrc/nano-soh-runtime/Shipwright/soh/src/overlays/actors/ovl_Boss_Ganon/z_boss_ganon.c:4877:56: warning: initialization discards 'const' qualifier from pointer target type [-Wdiscarded-qualifiers]
 4877 |     gGanondorfLightning4Tex,  gGanondorfLightning5Tex, gGanondorfLightning6Tex,  gGanondorfLightning7Tex,
      |                                                        ^~~~~~~~~~~~~~~~~~~~~~~
/home/david/Documents/RockBox_Personal-master/devsrc/nano-soh-runtime/Shipwright/soh/src/overlays/actors/ovl_Boss_Ganon/z_boss_ganon.c:4877:82: warning: initialization discards 'const' qualifier from pointer target type [-Wdiscarded-qualifiers]
 4877 |     gGanondorfLightning4Tex,  gGanondorfLightning5Tex, gGanondorfLightning6Tex,  gGanondorfLightning7Tex,
      |                                                                                  ^~~~~~~~~~~~~~~~~~~~~~~
/home/david/Documents/RockBox_Personal-master/devsrc/nano-soh-runtime/Shipwright/soh/src/overlays/actors/ovl_Boss_Ganon/z_boss_ganon.c:4878:5: warning: initialization discards 'const' qualifier from pointer target type [-Wdiscarded-qualifiers]
 4878 |     gGanondorfLightning8Tex,  gGanondorfLightning9Tex, gGanondorfLightning10Tex, gGanondorfLightning11Tex,
      |     ^~~~~~~~~~~~~~~~~~~~~~~
/home/david/Documents/RockBox_Personal-master/devsrc/nano-soh-runtime/Shipwright/soh/src/overlays/actors/ovl_Boss_Ganon/z_boss_ganon.c:4878:31: warning: initialization discards 'const' qualifier from pointer target type [-Wdiscarded-qualifiers]
 4878 |     gGanondorfLightning8Tex,  gGanondorfLightning9Tex, gGanondorfLightning10Tex, gGanondorfLightning11Tex,
      |                               ^~~~~~~~~~~~~~~~~~~~~~~
/home/david/Documents/RockBox_Personal-master/devsrc/nano-soh-runtime/Shipwright/soh/src/overlays/actors/ovl_Boss_Ganon/z_boss_ganon.c:4878:56: warning: initialization discards 'const' qualifier from pointer target type [-Wdiscarded-qualifiers]
 4878 |     gGanondorfLightning8Tex,  gGanondorfLightning9Tex, gGanondorfLightning10Tex, gGanondorfLightning11Tex,
      |                                                        ^~~~~~~~~~~~~~~~~~~~~~~~
/home/david/Documents/RockBox_Personal-master/devsrc/nano-soh-runtime/Shipwright/soh/src/overlays/actors/ovl_Boss_Ganon/z_boss_ganon.c:4878:82: warning: initialization discards 'const' qualifier from pointer target type [-Wdiscarded-qualifiers]
 4878 |     gGanondorfLightning8Tex,  gGanondorfLightning9Tex, gGanondorfLightning10Tex, gGanondorfLightning11Tex,
      |                                                                                  ^~~~~~~~~~~~~~~~~~~~~~~~
/home/david/Documents/RockBox_Personal-master/devsrc/nano-soh-runtime/Shipwright/soh/src/overlays/actors/ovl_Boss_Ganon/z_boss_ganon.c:4879:5: warning: initialization discards 'const' qualifier from pointer target type [-Wdiscarded-qualifiers]
 4879 |     gGanondorfLightning12Tex,
      |     ^~~~~~~~~~~~~~~~~~~~~~~~
/home/david/Documents/RockBox_Personal-master/devsrc/nano-soh-runtime/Shipwright/soh/src/overlays/actors/ovl_Boss_Ganon/z_boss_ganon.c: In function 'BossGanon_DrawEffects':
/home/david/Documents/RockBox_Personal-master/devsrc/nano-soh-runtime/Shipwright/soh/src/overlays/actors/ovl_Boss_Ganon/z_boss_ganon.c:4909:49: warning: passing argument 2 of 'gSPDisplayList' from incompatible pointer type [-Wincompatible-pointer-types]
 4909 |                 gSPDisplayList(POLY_OPA_DISP++, gGanondorfWindowShardMaterialDL);
      |                                                 ^~~~~~~~~~~~~~~~~~~~~~~~~~~~~~~
      |                                                 |
      |                                                 const char *
/home/david/Documents/RockBox_Personal-master/devsrc/nano-soh-runtime/Shipwright/soh/include/functions.h:24:36: note: expected 'Gfx *' but argument is of type 'const char *'
   24 | void gSPDisplayList(Gfx* pkt, Gfx* dl);
      |                               ~~~~~^~
/home/david/Documents/RockBox_Personal-master/devsrc/nano-soh-runtime/Shipwright/soh/src/overlays/actors/ovl_Boss_Ganon/z_boss_ganon.c:4922:45: warning: passing argument 2 of 'gSPDisplayList' from incompatible pointer type [-Wincompatible-pointer-types]
 4922 |             gSPDisplayList(POLY_OPA_DISP++, gGanondorfWindowShardModelDL);
      |                                             ^~~~~~~~~~~~~~~~~~~~~~~~~~~~
      |                                             |
      |                                             const char *
/home/david/Documents/RockBox_Personal-master/devsrc/nano-soh-runtime/Shipwright/soh/include/functions.h:24:36: note: expected 'Gfx *' but argument is of type 'const char *'
   24 | void gSPDisplayList(Gfx* pkt, Gfx* dl);
      |                               ~~~~~^~
/home/david/Documents/RockBox_Personal-master/devsrc/nano-soh-runtime/Shipwright/soh/src/overlays/actors/ovl_Boss_Ganon/z_boss_ganon.c:4936:49: warning: passing argument 2 of 'gSPDisplayList' from incompatible pointer type [-Wincompatible-pointer-types]
 4936 |                 gSPDisplayList(POLY_XLU_DISP++, gGanondorfLightBallMaterialDL);
      |                                                 ^~~~~~~~~~~~~~~~~~~~~~~~~~~~~
      |                                                 |
      |                                                 const char *
/home/david/Documents/RockBox_Personal-master/devsrc/nano-soh-runtime/Shipwright/soh/include/functions.h:24:36: note: expected 'Gfx *' but argument is of type 'const char *'
   24 | void gSPDisplayList(Gfx* pkt, Gfx* dl);
      |                               ~~~~~^~
/home/david/Documents/RockBox_Personal-master/devsrc/nano-soh-runtime/Shipwright/soh/src/overlays/actors/ovl_Boss_Ganon/z_boss_ganon.c:4945:45: warning: passing argument 2 of 'gSPDisplayList' from incompatible pointer type [-Wincompatible-pointer-types]
 4945 |             gSPDisplayList(POLY_XLU_DISP++, gGanondorfSquareDL);
      |                                             ^~~~~~~~~~~~~~~~~~
      |                                             |
      |                                             const char *
/home/david/Documents/RockBox_Personal-master/devsrc/nano-soh-runtime/Shipwright/soh/include/functions.h:24:36: note: expected 'Gfx *' but argument is of type 'const char *'
   24 | void gSPDisplayList(Gfx* pkt, Gfx* dl);
      |                               ~~~~~^~
/home/david/Documents/RockBox_Personal-master/devsrc/nano-soh-runtime/Shipwright/soh/src/overlays/actors/ovl_Boss_Ganon/z_boss_ganon.c:4959:49: warning: passing argument 2 of 'gSPDisplayList' from incompatible pointer type [-Wincompatible-pointer-types]
 4959 |                 gSPDisplayList(POLY_XLU_DISP++, gGanondorfLightBallMaterialDL);
      |                                                 ^~~~~~~~~~~~~~~~~~~~~~~~~~~~~
      |                                                 |
      |                                                 const char *
/home/david/Documents/RockBox_Personal-master/devsrc/nano-soh-runtime/Shipwright/soh/include/functions.h:24:36: note: expected 'Gfx *' but argument is of type 'const char *'
   24 | void gSPDisplayList(Gfx* pkt, Gfx* dl);
      |                               ~~~~~^~
/home/david/Documents/RockBox_Personal-master/devsrc/nano-soh-runtime/Shipwright/soh/src/overlays/actors/ovl_Boss_Ganon/z_boss_ganon.c:4970:45: warning: passing argument 2 of 'gSPDisplayList' from incompatible pointer type [-Wincompatible-pointer-types]
 4970 |             gSPDisplayList(POLY_XLU_DISP++, gGanondorfSquareDL);
      |                                             ^~~~~~~~~~~~~~~~~~
      |                                             |
      |                                             const char *
/home/david/Documents/RockBox_Personal-master/devsrc/nano-soh-runtime/Shipwright/soh/include/functions.h:24:36: note: expected 'Gfx *' but argument is of type 'const char *'
   24 | void gSPDisplayList(Gfx* pkt, Gfx* dl);
      |                               ~~~~~^~
/home/david/Documents/RockBox_Personal-master/devsrc/nano-soh-runtime/Shipwright/soh/src/overlays/actors/ovl_Boss_Ganon/z_boss_ganon.c:4997:45: warning: passing argument 2 of 'gSPDisplayList' from incompatible pointer type [-Wincompatible-pointer-types]
 4997 |             gSPDisplayList(POLY_XLU_DISP++, gGanondorfShockDL);
      |                                             ^~~~~~~~~~~~~~~~~
      |                                             |
      |                                             const char *
/home/david/Documents/RockBox_Personal-master/devsrc/nano-soh-runtime/Shipwright/soh/include/functions.h:24:36: note: expected 'Gfx *' but argument is of type 'const char *'
   24 | void gSPDisplayList(Gfx* pkt, Gfx* dl);
      |                               ~~~~~^~
/home/david/Documents/RockBox_Personal-master/devsrc/nano-soh-runtime/Shipwright/soh/src/overlays/actors/ovl_Boss_Ganon/z_boss_ganon.c:5019:86: warning: passing argument 3 of 'gSPSegment' makes integer from pointer without a cast [-Wint-conversion]
 5019 |             gSPSegment(POLY_XLU_DISP++, 0x08, SEGMENTED_TO_VIRTUAL(sLightningTextures[eff->timer]));
      |                                                                    ~~~~~~~~~~~~~~~~~~^~~~~~~~~~~~
      |                                                                                      |
      |                                                                                      void *
/home/david/Documents/RockBox_Personal-master/devsrc/nano-soh-runtime/Shipwright/soh/include/macros.h:37:36: note: in definition of macro 'SEGMENTED_TO_VIRTUAL'
   37 | #define SEGMENTED_TO_VIRTUAL(addr) addr
      |                                    ^~~~
/home/david/Documents/RockBox_Personal-master/devsrc/nano-soh-runtime/Shipwright/soh/include/functions.h:22:52: note: expected 'uintptr_t' {aka 'unsigned int'} but argument is of type 'void *'
   22 | void gSPSegment(void* value, int segNum, uintptr_t target);
      |                                          ~~~~~~~~~~^~~~~~
/home/david/Documents/RockBox_Personal-master/devsrc/nano-soh-runtime/Shipwright/soh/src/overlays/actors/ovl_Boss_Ganon/z_boss_ganon.c:5020:45: warning: passing argument 2 of 'gSPDisplayList' from incompatible pointer type [-Wincompatible-pointer-types]
 5020 |             gSPDisplayList(POLY_XLU_DISP++, gGanondorfLightningDL);
      |                                             ^~~~~~~~~~~~~~~~~~~~~
      |                                             |
      |                                             const char *
/home/david/Documents/RockBox_Personal-master/devsrc/nano-soh-runtime/Shipwright/soh/include/functions.h:24:36: note: expected 'Gfx *' but argument is of type 'const char *'
   24 | void gSPDisplayList(Gfx* pkt, Gfx* dl);
      |                               ~~~~~^~
/home/david/Documents/RockBox_Personal-master/devsrc/nano-soh-runtime/Shipwright/soh/src/overlays/actors/ovl_Boss_Ganon/z_boss_ganon.c:5034:24: warning: passing argument 3 of 'gSPSegment' makes integer from pointer without a cast [-Wint-conversion]
 5034 |                        Gfx_TwoTexScrollEx(play->state.gfxCtx, 0, eff->timer * 4, 0, 32, 64, 1, eff->timer * 2,
      |                        ^~~~~~~~~~~~~~~~~~~~~~~~~~~~~~~~~~~~~~~~~~~~~~~~~~~~~~~~~~~~~~~~~~~~~~~~~~~~~~~~~~~~~~~
      |                        |
      |                        Gfx *
 5035 |                                           eff->timer * -20, 32, 32, 4, 0, 2, -20));
      |                                           ~~~~~~~~~~~~~~~~~~~~~~~~~~~~~~~~~~~~~~~
/home/david/Documents/RockBox_Personal-master/devsrc/nano-soh-runtime/Shipwright/soh/include/functions.h:22:52: note: expected 'uintptr_t' {aka 'unsigned int'} but argument is of type 'Gfx *'
   22 | void gSPSegment(void* value, int segNum, uintptr_t target);
      |                                          ~~~~~~~~~~^~~~~~
/home/david/Documents/RockBox_Personal-master/devsrc/nano-soh-runtime/Shipwright/soh/src/overlays/actors/ovl_Boss_Ganon/z_boss_ganon.c:5039:45: warning: passing argument 2 of 'gSPDisplayList' from incompatible pointer type [-Wincompatible-pointer-types]
 5039 |             gSPDisplayList(POLY_XLU_DISP++, gGanondorfImpactDarkDL);
      |                                             ^~~~~~~~~~~~~~~~~~~~~~
      |                                             |
      |                                             const char *
/home/david/Documents/RockBox_Personal-master/devsrc/nano-soh-runtime/Shipwright/soh/include/functions.h:24:36: note: expected 'Gfx *' but argument is of type 'const char *'
   24 | void gSPDisplayList(Gfx* pkt, Gfx* dl);
      |                               ~~~~~^~
/home/david/Documents/RockBox_Personal-master/devsrc/nano-soh-runtime/Shipwright/soh/src/overlays/actors/ovl_Boss_Ganon/z_boss_ganon.c:5053:24: warning: passing argument 3 of 'gSPSegment' makes integer from pointer without a cast [-Wint-conversion]
 5053 |                        Gfx_TwoTexScrollEx(play->state.gfxCtx, 0, eff->timer * 4, 0, 32, 64, 1, eff->timer * 2,
      |                        ^~~~~~~~~~~~~~~~~~~~~~~~~~~~~~~~~~~~~~~~~~~~~~~~~~~~~~~~~~~~~~~~~~~~~~~~~~~~~~~~~~~~~~~
      |                        |
      |                        Gfx *
 5054 |                                           eff->timer * -20, 32, 32, 4, 0, 2, -20));
      |                                           ~~~~~~~~~~~~~~~~~~~~~~~~~~~~~~~~~~~~~~~
/home/david/Documents/RockBox_Personal-master/devsrc/nano-soh-runtime/Shipwright/soh/include/functions.h:22:52: note: expected 'uintptr_t' {aka 'unsigned int'} but argument is of type 'Gfx *'
   22 | void gSPSegment(void* value, int segNum, uintptr_t target);
      |                                          ~~~~~~~~~~^~~~~~
/home/david/Documents/RockBox_Personal-master/devsrc/nano-soh-runtime/Shipwright/soh/src/overlays/actors/ovl_Boss_Ganon/z_boss_ganon.c:5058:45: warning: passing argument 2 of 'gSPDisplayList' from incompatible pointer type [-Wincompatible-pointer-types]
 5058 |             gSPDisplayList(POLY_XLU_DISP++, gGanondorfImpactLightDL);
      |                                             ^~~~~~~~~~~~~~~~~~~~~~~
      |                                             |
      |                                             const char *
/home/david/Documents/RockBox_Personal-master/devsrc/nano-soh-runtime/Shipwright/soh/include/functions.h:24:36: note: expected 'Gfx *' but argument is of type 'const char *'
   24 | void gSPDisplayList(Gfx* pkt, Gfx* dl);
      |                               ~~~~~^~
/home/david/Documents/RockBox_Personal-master/devsrc/nano-soh-runtime/Shipwright/soh/src/overlays/actors/ovl_Boss_Ganon/z_boss_ganon.c:5072:24: warning: passing argument 3 of 'gSPSegment' makes integer from pointer without a cast [-Wint-conversion]
 5072 |                        Gfx_TwoTexScrollEx(play->state.gfxCtx, 0, (eff->timer * 100), 0, 64, 32, 1, (eff->timer * 100),
      |                        ^~~~~~~~~~~~~~~~~~~~~~~~~~~~~~~~~~~~~~~~~~~~~~~~~~~~~~~~~~~~~~~~~~~~~~~~~~~~~~~~~~~~~~~~~~~~~~~
      |                        |
      |                        Gfx *
 5073 |                                           0, 64, 32, 100, 0, 100, 0));
      |                                           ~~~~~~~~~~~~~~~~~~~~~~~~~~
/home/david/Documents/RockBox_Personal-master/devsrc/nano-soh-runtime/Shipwright/soh/include/functions.h:22:52: note: expected 'uintptr_t' {aka 'unsigned int'} but argument is of type 'Gfx *'
   22 | void gSPSegment(void* value, int segNum, uintptr_t target);
      |                                          ~~~~~~~~~~^~~~~~
/home/david/Documents/RockBox_Personal-master/devsrc/nano-soh-runtime/Shipwright/soh/src/overlays/actors/ovl_Boss_Ganon/z_boss_ganon.c:5078:45: warning: passing argument 2 of 'gSPDisplayList' from incompatible pointer type [-Wincompatible-pointer-types]
 5078 |             gSPDisplayList(POLY_XLU_DISP++, gGanondorfShockwaveDL);
      |                                             ^~~~~~~~~~~~~~~~~~~~~
      |                                             |
      |                                             const char *
/home/david/Documents/RockBox_Personal-master/devsrc/nano-soh-runtime/Shipwright/soh/include/functions.h:24:36: note: expected 'Gfx *' but argument is of type 'const char *'
   24 | void gSPDisplayList(Gfx* pkt, Gfx* dl);
      |                               ~~~~~^~
/home/david/Documents/RockBox_Personal-master/devsrc/nano-soh-runtime/Shipwright/soh/src/overlays/actors/ovl_Boss_Ganon/z_boss_ganon.c:5092:24: warning: passing argument 3 of 'gSPSegment' makes integer from pointer without a cast [-Wint-conversion]
 5092 |                        Gfx_TwoTexScrollEx(play->state.gfxCtx, 0, 0, 0, 32, 32, 1, eff->timer * 2, eff->timer * -20, 64,
      |                        ^~~~~~~~~~~~~~~~~~~~~~~~~~~~~~~~~~~~~~~~~~~~~~~~~~~~~~~~~~~~~~~~~~~~~~~~~~~~~~~~~~~~~~~~~~~~~~~~
      |                        |
      |                        Gfx *
 5093 |                                           64, 0, 0, 2, -20));
      |                                           ~~~~~~~~~~~~~~~~~
/home/david/Documents/RockBox_Personal-master/devsrc/nano-soh-runtime/Shipwright/soh/include/functions.h:22:52: note: expected 'uintptr_t' {aka 'unsigned int'} but argument is of type 'Gfx *'
   22 | void gSPSegment(void* value, int segNum, uintptr_t target);
      |                                          ~~~~~~~~~~^~~~~~
/home/david/Documents/RockBox_Personal-master/devsrc/nano-soh-runtime/Shipwright/soh/src/overlays/actors/ovl_Boss_Ganon/z_boss_ganon.c:5098:45: warning: passing argument 2 of 'gSPDisplayList' from incompatible pointer type [-Wincompatible-pointer-types]
 5098 |             gSPDisplayList(POLY_XLU_DISP++, gGanondorfDotDL);
      |                                             ^~~~~~~~~~~~~~~
      |                                             |
      |                                             const char *
/home/david/Documents/RockBox_Personal-master/devsrc/nano-soh-runtime/Shipwright/soh/include/functions.h:24:36: note: expected 'Gfx *' but argument is of type 'const char *'
   24 | void gSPDisplayList(Gfx* pkt, Gfx* dl);
      |                               ~~~~~^~
