#include "lcd.h"
#include "/home/david/Documents/RockBox_Personal-master/build-sim-3g/pluginbitmaps/minishcap_room_creek_real.h"
const unsigned char minishcap_room_creek_real[] = {
0x00, 0x00, 0x00, 0x00, 0x00, 0x00, 0x00, 0x00, 0x00, 0x00, 0x00, 0x00, 0x00,
0x00, 0x00, 0x00, 0x00, 0x00, 0x00, 0x01, 0x15, 0x55, 0x00, 0x00, 0x00, 0x00,
0x00, 0x00, 0x00, 0x00, 0x00, 0x00, 0x00, 0x00, 0x00, 0x00, 0x00, 0x00, 0x00,
0x01, 0x15, 0x55, 0x00, 0x00, 0x00, 0x00, 0x00, 0x00, 0x00, 0x00, 0x00, 0x00,
0x00, 0x00, 0x00, 0x00, 0x00, 0x04, 0x00, 0x00, 0x00, 0x00, 0x00, 0x00, 0x00,
0x00, 0x68, 0x90, 0x6a, 0x40, 0x00, 0x00, 0x00, 0x10, 0x00, 0x05, 0x55, 0x40,
0x00, 0x00, 
0x00, 0x00, 0x00, 0x00, 0x00, 0x00, 0x00, 0x00, 0x00, 0x00, 0x00, 0x00, 0x00,
0x00, 0x00, 0x00, 0x00, 0x00, 0x00, 0x00, 0x45, 0x45, 0x00, 0x00, 0x00, 0x00,
0x00, 0x00, 0x00, 0x00, 0x00, 0x00, 0x00, 0x00, 0x00, 0x00, 0x00, 0x00, 0x00,
0x00, 0x45, 0x45, 0x00, 0x00, 0x00, 0x00, 0x00, 0x00, 0x00, 0x00, 0x00, 0x00,
0x00, 0x00, 0x00, 0x00, 0x00, 0x00, 0x00, 0x14, 0x00, 0x00, 0x00, 0x00, 0x00,
0x00, 0x14, 0x00, 0x06, 0x40, 0x00, 0x14, 0x00, 0x00, 0x00, 0x01, 0x55, 0x00,
0x00, 0x00, 
0x40, 0x00, 0x00, 0x00, 0x40, 0x00, 0x00, 0x00, 0x40, 0x00, 0x00, 0x00, 0x40,
0x00, 0x00, 0xaa, 0x40, 0x2a, 0xa0, 0xaa, 0xa8, 0x00, 0x00, 0x00, 0x40, 0x00,
0x00, 0x00, 0x40, 0x00, 0x00, 0x00, 0x40, 0x00, 0x00, 0x00, 0x00, 0x00, 0x45,
0x40, 0x00, 0x00, 0x00, 0x00, 0x00, 0x50, 0x00, 0x00, 0x00, 0x00, 0x00, 0x00,
0x00, 0x00, 0x00, 0x00, 0x40, 0x00, 0x00, 0x00, 0x00, 0x08, 0x18, 0x00, 0x58,
0x08, 0x18, 0xaa, 0x58, 0x2a, 0xa0, 0xaa, 0xa8, 0x00, 0x00, 0x00, 0x40, 0x00,
0x00, 0x00, 
0x10, 0x00, 0x01, 0x00, 0x10, 0x00, 0x01, 0x00, 0x10, 0x00, 0x01, 0x00, 0x10,
0xaa, 0x82, 0xaa, 0xaa, 0xaa, 0xaa, 0xa9, 0x58, 0x00, 0x01, 0x00, 0x10, 0x00,
0x01, 0x00, 0x10, 0x00, 0x01, 0x00, 0x10, 0x00, 0x01, 0x00, 0x00, 0x01, 0x15,
0x50, 0x00, 0x00, 0x00, 0x00, 0x00, 0x50, 0x00, 0x00, 0x00, 0x00, 0x00, 0x00,
0x40, 0x00, 0x01, 0x00, 0x10, 0x00, 0x01, 0x00, 0x00, 0x08, 0x42, 0x2a, 0x08,
0xaa, 0x82, 0xaa, 0xaa, 0xaa, 0xaa, 0xa9, 0x58, 0x00, 0x01, 0x00, 0x10, 0x00,
0x01, 0x00, 
0x11, 0x04, 0x11, 0x04, 0x11, 0x04, 0x11, 0x04, 0x11, 0x04, 0x11, 0x04, 0x11,
0xa5, 0xa9, 0x5a, 0x95, 0x69, 0x5a, 0x95, 0x5a, 0xa8, 0x11, 0x04, 0x11, 0x04,
0x11, 0x04, 0x11, 0x04, 0x11, 0x04, 0x11, 0x04, 0x11, 0x00, 0x00, 0x00, 0x55,
0x50, 0x00, 0x00, 0x00, 0x00, 0x00, 0x00, 0x00, 0x00, 0x00, 0x00, 0x00, 0x00,
0x44, 0x14, 0x11, 0x04, 0x11, 0x04, 0x11, 0x00, 0x00, 0x08, 0x15, 0xc2, 0xa0,
0xa5, 0xa9, 0x5a, 0x95, 0x69, 0x5a, 0x95, 0x5a, 0xa8, 0x11, 0x04, 0x11, 0x04,
0x11, 0x04, 
0x00, 0x00, 0x10, 0x00, 0x00, 0x00, 0x10, 0x00, 0x00, 0x00, 0x10, 0x00, 0x00,
0x95, 0x65, 0x55, 0x55, 0x55, 0x56, 0x95, 0x56, 0xa8, 0x10, 0x00, 0x00, 0x00,
0x10, 0x00, 0x00, 0x00, 0x10, 0x00, 0x00, 0x00, 0x10, 0x00, 0x00, 0x00, 0x05,
0x00, 0x00, 0x00, 0x00, 0x00, 0x10, 0x00, 0x00, 0x00, 0x00, 0x00, 0x00, 0x00,
0x04, 0x00, 0x10, 0x00, 0x00, 0x00, 0x10, 0x00, 0x00, 0x02, 0x41, 0xc2, 0x2a,
0x95, 0x65, 0x55, 0x55, 0x55, 0x56, 0x95, 0x56, 0xa8, 0x10, 0x00, 0x00, 0x00,
0x10, 0x00, 
0x00, 0x00, 0x00, 0x00, 0x00, 0x00, 0x00, 0x00, 0x00, 0x00, 0x00, 0x00, 0xaa,
0x95, 0x55, 0x55, 0x55, 0x55, 0x55, 0x55, 0x56, 0xaa, 0xaa, 0x00, 0x00, 0x00,
0x00, 0x00, 0x00, 0x00, 0x00, 0x00, 0x00, 0x00, 0x00, 0x00, 0x00, 0x00, 0x00,
0x00, 0x10, 0x00, 0x00, 0x00, 0x00, 0x00, 0x00, 0x00, 0x00, 0x00, 0x00, 0x00,
0x00, 0x00, 0x00, 0x00, 0x00, 0x00, 0x00, 0x00, 0x00, 0x00, 0xaa, 0xeb, 0xaa,
0x95, 0x55, 0x55, 0x55, 0x55, 0x55, 0x55, 0x56, 0xaa, 0xaa, 0x00, 0x00, 0x00,
0x00, 0x00, 
0x00, 0x00, 0x00, 0x00, 0x00, 0x00, 0x00, 0x00, 0x00, 0x00, 0x00, 0x00, 0xaa,
0xa5, 0x55, 0x55, 0x55, 0x55, 0x55, 0x55, 0x56, 0xaa, 0xab, 0x00, 0x00, 0x00,
0x00, 0x00, 0x00, 0x00, 0x00, 0x00, 0x00, 0x00, 0x00, 0x00, 0x00, 0x00, 0x00,
0x00, 0x00, 0x00, 0x00, 0x00, 0x00, 0x00, 0x00, 0x00, 0x00, 0x00, 0x00, 0x00,
0x00, 0x00, 0x00, 0x00, 0x00, 0x00, 0x00, 0x00, 0x00, 0x00, 0x00, 0xeb, 0xaa,
0xa5, 0x55, 0x55, 0x55, 0x55, 0x55, 0x55, 0x56, 0xaa, 0xab, 0x00, 0x00, 0x00,
0x00, 0x00, 
0x00, 0x00, 0x00, 0x00, 0x00, 0x00, 0x00, 0x00, 0x00, 0x00, 0x00, 0x00, 0xa5,
0x55, 0x55, 0x55, 0x55, 0x55, 0x55, 0x55, 0x55, 0x55, 0xab, 0x00, 0x00, 0x00,
0x00, 0x00, 0x00, 0x00, 0x00, 0x00, 0x00, 0x00, 0x00, 0x00, 0x00, 0x00, 0x00,
0x00, 0x00, 0x50, 0x00, 0x00, 0x00, 0x00, 0x00, 0x00, 0x00, 0x00, 0x00, 0x00,
0x00, 0x00, 0x00, 0x00, 0x00, 0x00, 0x00, 0x00, 0x00, 0x00, 0x00, 0xeb, 0xa5,
0x55, 0x55, 0x55, 0x55, 0x55, 0x55, 0x55, 0x55, 0x55, 0xab, 0x00, 0x00, 0x00,
0x00, 0x00, 
0x00, 0x00, 0x00, 0x00, 0x00, 0x00, 0x00, 0x00, 0x00, 0x00, 0x00, 0x0a, 0xa5,
0x55, 0x50, 0x01, 0x55, 0x55, 0x55, 0x55, 0x55, 0x55, 0xaa, 0xa0, 0x00, 0x00,
0x00, 0x00, 0x00, 0x00, 0x00, 0x00, 0x00, 0x00, 0x00, 0x00, 0x00, 0x00, 0x00,
0x00, 0x00, 0x50, 0x00, 0x00, 0x00, 0x00, 0x00, 0x00, 0x00, 0x00, 0x00, 0x00,
0x00, 0x00, 0x00, 0x00, 0x00, 0x00, 0x00, 0x00, 0x00, 0x00, 0x15, 0xea, 0xa5,
0x55, 0x50, 0x01, 0x55, 0x55, 0x55, 0x55, 0x55, 0x55, 0xaa, 0xa0, 0x00, 0x00,
0x00, 0x00, 
0x00, 0x00, 0x00, 0x00, 0x00, 0x00, 0x00, 0x00, 0x00, 0x00, 0x00, 0xaa, 0x65,
0x55, 0x50, 0x00, 0x55, 0x55, 0x55, 0x55, 0x55, 0x55, 0x56, 0xbf, 0xc0, 0x00,
0x00, 0x00, 0x00, 0x00, 0x00, 0x00, 0x00, 0x00, 0x00, 0x00, 0x50, 0x00, 0x00,
0x00, 0x00, 0x00, 0x00, 0x00, 0x45, 0x40, 0x00, 0x00, 0x00, 0x00, 0x05, 0x00,
0x00, 0x00, 0x00, 0x00, 0x00, 0x00, 0x00, 0x00, 0x00, 0x00, 0x19, 0xaa, 0x65,
0x55, 0x50, 0x00, 0x55, 0x55, 0x55, 0x55, 0x55, 0x55, 0x56, 0xbf, 0xc0, 0x00,
0x00, 0x00, 
0x00, 0x00, 0x00, 0x00, 0x00, 0x00, 0x00, 0x00, 0x00, 0x00, 0x00, 0x95, 0x55,
0x55, 0x50, 0x05, 0x55, 0x55, 0x55, 0x50, 0x05, 0x55, 0x55, 0xaa, 0xc0, 0x00,
0x00, 0x00, 0x00, 0x00, 0x00, 0x00, 0x00, 0x00, 0x00, 0x00, 0x04, 0x00, 0x00,
0x00, 0x00, 0x00, 0x00, 0x01, 0x15, 0x50, 0x00, 0x00, 0x00, 0x00, 0x10, 0x00,
0x00, 0x00, 0x00, 0x00, 0x00, 0x00, 0x00, 0x00, 0x00, 0x00, 0x06, 0x95, 0x55,
0x55, 0x50, 0x05, 0x55, 0x55, 0x55, 0x50, 0x05, 0x55, 0x55, 0xaa, 0xc0, 0x00,
0x00, 0x00, 
0x00, 0x00, 0x00, 0x00, 0x00, 0x00, 0x00, 0x00, 0x00, 0x00, 0x00, 0x95, 0x55,
0x55, 0x50, 0x55, 0x55, 0x55, 0x55, 0x50, 0x01, 0x55, 0x55, 0xaa, 0x80, 0x00,
0x00, 0x00, 0x00, 0x00, 0x00, 0x00, 0x00, 0x00, 0x00, 0x00, 0x00, 0x00, 0x00,
0x00, 0x00, 0x00, 0x00, 0x00, 0x55, 0x50, 0x00, 0x00, 0x00, 0x00, 0x00, 0x00,
0x00, 0x00, 0x00, 0x00, 0x00, 0x00, 0x00, 0x00, 0x01, 0x01, 0x45, 0x95, 0x55,
0x55, 0x50, 0x55, 0x55, 0x55, 0x55, 0x50, 0x01, 0x55, 0x55, 0xaa, 0x80, 0x00,
0x10, 0x00, 
0x00, 0x00, 0x00, 0x00, 0x00, 0x00, 0x00, 0x00, 0x00, 0x00, 0x2a, 0xa6, 0x55,
0x55, 0x55, 0x55, 0x55, 0x55, 0x55, 0x54, 0x01, 0x55, 0x55, 0xaa, 0xac, 0x00,
0x00, 0x00, 0x00, 0x00, 0x00, 0x00, 0x00, 0x00, 0x00, 0x01, 0x00, 0x00, 0x00,
0x00, 0x00, 0x00, 0x00, 0x00, 0x05, 0x00, 0x00, 0x00, 0x00, 0x00, 0x00, 0x40,
0x00, 0x00, 0x00, 0x00, 0x00, 0x00, 0x00, 0x00, 0x00, 0x01, 0xaa, 0xa6, 0x55,
0x55, 0x55, 0x55, 0x55, 0x55, 0x55, 0x54, 0x01, 0x55, 0x55, 0xaa, 0xac, 0x01,
0x45, 0x00, 
0x00, 0x00, 0x00, 0x00, 0x00, 0x00, 0x00, 0x00, 0x00, 0x00, 0x25, 0xaa, 0x55,
0x55, 0x55, 0x55, 0x55, 0x55, 0x55, 0x55, 0x41, 0x55, 0x56, 0xaa, 0xac, 0x00,
0x00, 0x00, 0x00, 0x00, 0x00, 0x00, 0x00, 0x00, 0x00, 0x14, 0x40, 0x00, 0x00,
0x00, 0x00, 0x00, 0x00, 0x00, 0x00, 0x00, 0x00, 0x00, 0x00, 0x00, 0x01, 0x14,
0x00, 0x00, 0x00, 0x00, 0x00, 0x00, 0x00, 0x00, 0x10, 0x10, 0x25, 0xaa, 0x55,
0x55, 0x55, 0x55, 0x55, 0x55, 0x55, 0x55, 0x41, 0x55, 0x56, 0xaa, 0xac, 0x05,
0x04, 0x40, 
0x00, 0x00, 0x00, 0x00, 0x00, 0x00, 0x00, 0x00, 0x00, 0x00, 0x25, 0x95, 0x55,
0x55, 0x55, 0x55, 0x55, 0x55, 0x55, 0x55, 0x55, 0x55, 0x56, 0xaa, 0xac, 0x00,
0x00, 0x00, 0x00, 0x00, 0x00, 0x00, 0x00, 0x00, 0x00, 0x00, 0x11, 0x40, 0x00,
0x00, 0x00, 0x00, 0x00, 0x00, 0x00, 0x00, 0x00, 0x00, 0x00, 0x01, 0x44, 0x00,
0x00, 0x00, 0x00, 0x00, 0x00, 0x00, 0x00, 0x00, 0x10, 0x40, 0x25, 0x95, 0x55,
0x55, 0x55, 0x55, 0x55, 0x55, 0x55, 0x55, 0x55, 0x55, 0x56, 0xaa, 0xac, 0x00,
0x04, 0x00, 
0x00, 0x00, 0x00, 0x00, 0x00, 0x00, 0x00, 0x00, 0x00, 0x00, 0x2a, 0x95, 0x55,
0x41, 0x55, 0x55, 0x55, 0x55, 0x55, 0x55, 0x55, 0x55, 0x55, 0xaa, 0xac, 0x00,
0x00, 0x00, 0x00, 0x00, 0x00, 0x00, 0x00, 0x00, 0x00, 0x00, 0x00, 0x10, 0x00,
0x00, 0x00, 0x00, 0x00, 0x00, 0x00, 0x00, 0x00, 0x00, 0x00, 0x04, 0x00, 0x00,
0x00, 0x00, 0x00, 0x00, 0x00, 0x00, 0x00, 0x00, 0x00, 0x40, 0x6a, 0x95, 0x55,
0x41, 0x55, 0x55, 0x55, 0x55, 0x55, 0x55, 0x55, 0x55, 0x55, 0xaa, 0xac, 0x00,
0x00, 0x00, 
0x00, 0x00, 0x00, 0x00, 0x00, 0x00, 0x00, 0x00, 0x00, 0x02, 0xaa, 0x95, 0x55,
0x00, 0x55, 0x55, 0x55, 0x55, 0x55, 0x55, 0x55, 0x55, 0x55, 0xaa, 0xaa, 0x00,
0x00, 0x00, 0x00, 0x00, 0x00, 0x00, 0x00, 0x00, 0x00, 0x14, 0x00, 0x00, 0x00,
0x00, 0x00, 0x00, 0x00, 0x00, 0x00, 0x00, 0x00, 0x00, 0x00, 0x00, 0x00, 0x14,
0x00, 0x00, 0x00, 0x00, 0x00, 0x00, 0x00, 0x00, 0x00, 0x02, 0xaa, 0x95, 0x55,
0x00, 0x55, 0x55, 0x55, 0x55, 0x55, 0x55, 0x55, 0x55, 0x55, 0xaa, 0xaa, 0x00,
0x00, 0x00, 
0x00, 0x00, 0x00, 0x00, 0x00, 0x00, 0xaa, 0x02, 0xa8, 0x02, 0x56, 0x95, 0x54,
0x00, 0x55, 0x55, 0x55, 0x55, 0x55, 0x55, 0x55, 0x55, 0x55, 0xaa, 0xaa, 0x80,
0x00, 0x00, 0x00, 0x00, 0x00, 0x00, 0x00, 0x00, 0x00, 0x00, 0x40, 0x00, 0x00,
0x00, 0x00, 0x00, 0x45, 0x40, 0x00, 0x00, 0x00, 0x00, 0x00, 0x00, 0x00, 0x00,
0x00, 0x00, 0x00, 0x00, 0x00, 0x00, 0x00, 0x00, 0x00, 0x02, 0x56, 0x95, 0x54,
0x00, 0x55, 0x55, 0x55, 0x55, 0x55, 0x55, 0x55, 0x55, 0x55, 0xaa, 0xaa, 0x80,
0x00, 0xa0, 
0x00, 0x00, 0x00, 0x00, 0x00, 0x02, 0x41, 0x89, 0x06, 0x02, 0x55, 0x95, 0x54,
0x00, 0x15, 0x55, 0x55, 0x55, 0x55, 0x55, 0x55, 0x55, 0x55, 0x5a, 0xaa, 0xc0,
0x00, 0x00, 0x00, 0x00, 0x00, 0x00, 0x00, 0x00, 0x00, 0x00, 0x10, 0x00, 0x01,
0x00, 0x00, 0x01, 0x15, 0x50, 0x00, 0x00, 0x00, 0x00, 0x40, 0x00, 0x01, 0x00,
0x00, 0x00, 0x00, 0x00, 0x00, 0x00, 0x00, 0x00, 0x00, 0x02, 0x55, 0x95, 0x54,
0x00, 0x15, 0x55, 0x55, 0x55, 0x55, 0x55, 0x55, 0x55, 0x55, 0x5a, 0xaa, 0xc1,
0x56, 0xa8, 
0x00, 0x00, 0x0f, 0xc0, 0x3f, 0x03, 0x00, 0xcc, 0x03, 0x02, 0x55, 0x65, 0x54,
0x00, 0x15, 0x55, 0x55, 0x55, 0x55, 0x55, 0x55, 0x55, 0x55, 0x56, 0xaa, 0xc0,
0x00, 0x00, 0x00, 0x00, 0x00, 0x00, 0x00, 0x00, 0x00, 0x04, 0x11, 0x04, 0x11,
0x00, 0x00, 0x00, 0x55, 0x50, 0x00, 0x00, 0x00, 0x00, 0x44, 0x14, 0x11, 0x00,
0x00, 0x00, 0x00, 0x00, 0x00, 0x00, 0x00, 0x00, 0x00, 0x02, 0x55, 0x65, 0x54,
0x00, 0x15, 0x55, 0x55, 0x55, 0x55, 0x55, 0x55, 0x55, 0x55, 0x56, 0xaa, 0xc1,
0x05, 0xaa, 
0x00, 0x00, 0x30, 0x30, 0xc0, 0xc3, 0x41, 0xcd, 0x07, 0x02, 0x55, 0x65, 0x54,
0x00, 0x15, 0x55, 0x55, 0x55, 0x55, 0x55, 0x55, 0x55, 0x55, 0x55, 0xaa, 0xc0,
0x00, 0x00, 0x00, 0x00, 0x00, 0x00, 0x00, 0x00, 0x00, 0x00, 0x00, 0x00, 0x10,
0x00, 0x00, 0x00, 0x05, 0x00, 0x00, 0x00, 0x00, 0x00, 0x04, 0x00, 0x10, 0x00,
0x00, 0x00, 0x00, 0x00, 0x00, 0x00, 0x00, 0x00, 0x01, 0x02, 0x55, 0x65, 0x54,
0x00, 0x15, 0x55, 0x55, 0x55, 0x55, 0x55, 0x55, 0x55, 0x55, 0x55, 0xaa, 0xc1,
0x05, 0x65, 
0x00, 0x00, 0xc5, 0x4f, 0x15, 0x33, 0xaa, 0xce, 0xab, 0x02, 0x96, 0xa5, 0x54,
0x00, 0x55, 0x55, 0x55, 0x55, 0x55, 0x55, 0x55, 0x55, 0x55, 0x55, 0xaa, 0xc0,
0x00, 0x00, 0x00, 0x00, 0x00, 0x00, 0x00, 0x00, 0x00, 0x00, 0x00, 0x00, 0x00,
0x00, 0x00, 0x00, 0x00, 0x00, 0x00, 0x00, 0x00, 0x00, 0x00, 0x00, 0x00, 0x00,
0x00, 0x00, 0x00, 0x00, 0x00, 0x00, 0x00, 0x00, 0x01, 0x02, 0x96, 0xa5, 0x54,
0x00, 0x55, 0x55, 0x55, 0x55, 0x55, 0x55, 0x55, 0x55, 0x55, 0x55, 0xaa, 0xc0,
0x55, 0x65, 
0x00, 0x00, 0xc5, 0x4f, 0x15, 0x33, 0xaa, 0xce, 0xab, 0x00, 0xa5, 0x55, 0x55,
0x55, 0x55, 0x55, 0x55, 0x55, 0x55, 0x55, 0x55, 0x55, 0x55, 0x56, 0xaf, 0x00,
0x00, 0x00, 0x00, 0x00, 0x00, 0x00, 0x00, 0x00, 0x00, 0x00, 0x00, 0x00, 0x00,
0x00, 0x00, 0x00, 0x00, 0x00, 0x00, 0x00, 0x00, 0x00, 0x00, 0x00, 0x00, 0x00,
0x00, 0x00, 0x00, 0x00, 0x00, 0x00, 0x00, 0x00, 0x00, 0x00, 0xa5, 0x55, 0x55,
0x55, 0x55, 0x55, 0x55, 0x55, 0x55, 0x55, 0x55, 0x55, 0x55, 0x56, 0xaf, 0x00,
0x95, 0x65, 
0x00, 0x00, 0xe0, 0x2f, 0x80, 0xbf, 0xea, 0xff, 0xaf, 0xc2, 0xa5, 0x55, 0x55,
0x55, 0x54, 0x15, 0x55, 0x55, 0x55, 0x55, 0x55, 0x55, 0x55, 0x56, 0xab, 0x00,
0x00, 0x00, 0x00, 0x00, 0x00, 0x00, 0x00, 0x00, 0x00, 0x00, 0x00, 0x00, 0x00,
0x00, 0x00, 0x00, 0x00, 0x00, 0x00, 0x00, 0x00, 0x00, 0x00, 0x00, 0x00, 0x00,
0x00, 0x00, 0x00, 0x00, 0x00, 0x00, 0x00, 0x00, 0x00, 0x02, 0xa5, 0x55, 0x55,
0x55, 0x54, 0x15, 0x55, 0x55, 0x55, 0x55, 0x55, 0x55, 0x55, 0x56, 0xab, 0x05,
0x6a, 0xa5, 
0x00, 0x00, 0xea, 0x6f, 0xa9, 0xb9, 0x05, 0x40, 0x55, 0x8a, 0xa5, 0x55, 0x55,
0x55, 0x54, 0x05, 0x55, 0x55, 0x55, 0x54, 0x01, 0x55, 0x55, 0x5a, 0xaa, 0x80,
0x00, 0x00, 0x00, 0x00, 0x00, 0x00, 0x00, 0x00, 0x00, 0x00, 0x00, 0x00, 0x00,
0x00, 0x00, 0x00, 0x00, 0x00, 0x00, 0x00, 0x00, 0x00, 0x00, 0x00, 0x00, 0x00,
0x00, 0x00, 0x00, 0x00, 0x00, 0x00, 0x00, 0x00, 0x00, 0x0a, 0xa5, 0x55, 0x55,
0x55, 0x54, 0x05, 0x55, 0x55, 0x55, 0x54, 0x01, 0x55, 0x55, 0x5a, 0xaa, 0x85,
0x5a, 0x56, 
0x00, 0x00, 0xea, 0x73, 0xa9, 0xb8, 0x00, 0x00, 0x00, 0x8a, 0xa5, 0x55, 0x55,
0x55, 0x54, 0x05, 0x55, 0x55, 0x55, 0x50, 0x00, 0x55, 0x55, 0xaa, 0xaa, 0xb0,
0x00, 0x00, 0x00, 0x00, 0x00, 0x00, 0x00, 0x00, 0x00, 0x00, 0x00, 0x00, 0x00,
0x00, 0x50, 0x00, 0x00, 0x05, 0x00, 0x00, 0x05, 0x00, 0x00, 0x00, 0x00, 0x00,
0x00, 0x00, 0x00, 0x00, 0x00, 0x00, 0x00, 0x00, 0x00, 0x0a, 0xa5, 0x55, 0x55,
0x55, 0x54, 0x05, 0x55, 0x55, 0x55, 0x50, 0x00, 0x55, 0x55, 0xaa, 0xaa, 0xb5,
0x59, 0x55, 
0x00, 0x00, 0xea, 0x73, 0xa9, 0xbd, 0x55, 0x55, 0x55, 0xce, 0xa5, 0x55, 0x54,
0x00, 0x55, 0x55, 0x55, 0x55, 0x55, 0x50, 0x00, 0x55, 0x55, 0xaa, 0xaa, 0xb0,
0x00, 0x00, 0x00, 0x00, 0x00, 0x00, 0x00, 0x00, 0x00, 0x00, 0x00, 0x00, 0x00,
0x00, 0x04, 0x00, 0x00, 0x05, 0x00, 0x00, 0x10, 0x00, 0x00, 0x00, 0x00, 0x00,
0x00, 0x00, 0x00, 0x00, 0x00, 0x00, 0x00, 0x00, 0x00, 0x0e, 0xa5, 0x55, 0x54,
0x00, 0x55, 0x55, 0x55, 0x55, 0x55, 0x50, 0x00, 0x55, 0x55, 0xaa, 0xaa, 0xb5,
0x69, 0x55, 
0x00, 0x00, 0x7a, 0x76, 0xe9, 0xde, 0xaa, 0x95, 0x6a, 0xcd, 0x65, 0x55, 0x50,
0x00, 0x15, 0x55, 0x55, 0x55, 0x55, 0x50, 0x00, 0x55, 0x55, 0xaa, 0xaa, 0xb0,
0x00, 0x00, 0x00, 0x00, 0x00, 0x00, 0x00, 0x10, 0x00, 0x00, 0x00, 0x00, 0x00,
0x00, 0x00, 0x00, 0x00, 0x00, 0x00, 0x00, 0x00, 0x00, 0x00, 0x00, 0x00, 0x00,
0x00, 0x00, 0x00, 0x00, 0x00, 0x00, 0x00, 0x00, 0x00, 0x0d, 0x65, 0x55, 0x50,
0x00, 0x15, 0x55, 0x55, 0x55, 0x55, 0x50, 0x00, 0x55, 0x55, 0xaa, 0xaa, 0xba,
0xa9, 0x41, 
0x00, 0x01, 0xba, 0x7a, 0xe9, 0xdd, 0x56, 0xaa, 0x55, 0xcd, 0x6a, 0xa5, 0x50,
0x00, 0x15, 0x55, 0x50, 0x05, 0x55, 0x50, 0x00, 0x55, 0x55, 0xaa, 0xaa, 0xb0,
0x00, 0x00, 0x00, 0x00, 0x00, 0x00, 0x04, 0x50, 0x00, 0x00, 0x00, 0x00, 0x00,
0x01, 0x00, 0x00, 0x00, 0x00, 0x04, 0x00, 0x00, 0x40, 0x00, 0x00, 0x00, 0x00,
0x00, 0x00, 0x00, 0x00, 0x00, 0x00, 0x00, 0x00, 0x00, 0x0d, 0x6a, 0xa5, 0x50,
0x00, 0x15, 0x55, 0x50, 0x05, 0x55, 0x50, 0x00, 0x55, 0x55, 0xaa, 0xaa, 0xb6,
0xaa, 0x41, 
0x00, 0x01, 0xba, 0x7a, 0xe9, 0xde, 0xa5, 0x55, 0x5a, 0xcb, 0xfa, 0x55, 0x50,
0x00, 0x15, 0x55, 0x40, 0x00, 0x55, 0x54, 0x00, 0x55, 0x55, 0x5a, 0xaf, 0xf0,
0x00, 0x00, 0x00, 0x00, 0x00, 0x04, 0x14, 0x40, 0x00, 0x00, 0x00, 0x00, 0x00,
0x14, 0x40, 0x00, 0x00, 0x00, 0x00, 0x00, 0x01, 0x14, 0x00, 0x00, 0x00, 0x00,
0x00, 0x00, 0x00, 0x00, 0x00, 0x00, 0x00, 0x00, 0x00, 0x0b, 0xfa, 0x55, 0x50,
0x00, 0x15, 0x55, 0x40, 0x00, 0x55, 0x54, 0x00, 0x55, 0x55, 0x5a, 0xaf, 0xf6,
0xab, 0x96, 
0x00, 0x01, 0xaa, 0xaa, 0xa9, 0x9f, 0xff, 0xff, 0xff, 0xc0, 0x39, 0x55, 0x50,
0x00, 0x55, 0x55, 0x40, 0x00, 0x55, 0x55, 0x55, 0x55, 0x55, 0x56, 0xaa, 0xc0,
0x00, 0x00, 0x00, 0x00, 0x00, 0x05, 0x14, 0x00, 0x00, 0x00, 0x00, 0x00, 0x00,
0x00, 0x11, 0x40, 0x00, 0x00, 0x00, 0x01, 0x44, 0x00, 0x00, 0x00, 0x00, 0x00,
0x00, 0x00, 0x00, 0x00, 0x00, 0x00, 0x00, 0x00, 0x00, 0x00, 0x39, 0x55, 0x50,
0x00, 0x55, 0x55, 0x40, 0x00, 0x55, 0x55, 0x55, 0x55, 0x55, 0x56, 0xaa, 0xc2,
0xbe, 0xaa, 
0x00, 0x01, 0x6a, 0xa5, 0xaa, 0x55, 0x7a, 0xee, 0xb9, 0x40, 0xa9, 0x55, 0x50,
0x01, 0x50, 0x55, 0x50, 0x01, 0x55, 0x55, 0x55, 0x55, 0x55, 0x56, 0xaa, 0xb0,
0x00, 0x00, 0x00, 0x00, 0x00, 0x05, 0x00, 0x00, 0x00, 0x00, 0x00, 0x00, 0x00,
0x00, 0x00, 0x10, 0x00, 0x00, 0x00, 0x04, 0x00, 0x00, 0x00, 0x00, 0x00, 0x00,
0x00, 0x00, 0x00, 0x00, 0x00, 0x00, 0x00, 0x00, 0x00, 0x00, 0xa9, 0x55, 0x50,
0x01, 0x50, 0x55, 0x50, 0x01, 0x55, 0x55, 0x55, 0x55, 0x55, 0x56, 0xaa, 0xb1,
0xaa, 0x55, 
0x00, 0x00, 0x55, 0x41, 0x55, 0x45, 0x6a, 0x9a, 0xb9, 0x40, 0xa9, 0x55, 0x55,
0x55, 0x40, 0x05, 0x54, 0x05, 0x55, 0x55, 0x55, 0x55, 0x55, 0x56, 0xaa, 0xb0,
0x00, 0x00, 0x00, 0x00, 0x00, 0x00, 0x04, 0x00, 0x00, 0x00, 0x00, 0x00, 0x00,
0x14, 0x00, 0x00, 0x00, 0x00, 0x00, 0x00, 0x00, 0x14, 0x00, 0x00, 0x00, 0x00,
0x00, 0x00, 0x00, 0x00, 0x00, 0x00, 0x00, 0x00, 0x00, 0x00, 0xa9, 0x55, 0x55,
0x55, 0x40, 0x05, 0x54, 0x05, 0x55, 0x55, 0x55, 0x55, 0x55, 0x56, 0xaa, 0xb0,
0x00, 0x00, 
0x00, 0x00, 0x01, 0x04, 0x00, 0x00, 0x1a, 0xb8, 0x00, 0x00, 0x95, 0x55, 0x55,
0x55, 0x40, 0x01, 0x55, 0x55, 0x55, 0x55, 0x55, 0x55, 0x55, 0x56, 0xaa, 0xb0,
0x00, 0x00, 0x00, 0x00, 0x00, 0x00, 0x00, 0x00, 0x50, 0x00, 0x00, 0x00, 0x00,
0x01, 0x40, 0x00, 0x00, 0x00, 0x00, 0x00, 0x01, 0x40, 0x00, 0x00, 0x00, 0x00,
0x00, 0x00, 0x00, 0x00, 0x00, 0x00, 0x00, 0x00, 0x00, 0x00, 0x95, 0x55, 0x55,
0x55, 0x40, 0x01, 0x55, 0x55, 0x55, 0x55, 0x55, 0x55, 0x55, 0x56, 0xaa, 0xb0,
0x00, 0xa0, 
0x00, 0x00, 0x00, 0x40, 0x00, 0x06, 0xa5, 0xfa, 0x00, 0x00, 0x95, 0x55, 0x55,
0x55, 0x40, 0x01, 0x55, 0x55, 0x55, 0x55, 0x55, 0x55, 0x55, 0x56, 0xaa, 0xb0,
0x00, 0x00, 0x00, 0x00, 0x00, 0x00, 0x00, 0x01, 0x14, 0x00, 0x04, 0x00, 0x00,
0x00, 0x50, 0x00, 0x00, 0x00, 0x00, 0x00, 0x05, 0x00, 0x00, 0x00, 0x00, 0x00,
0x00, 0x00, 0x00, 0x00, 0x00, 0x00, 0x00, 0x00, 0x00, 0x00, 0x95, 0x55, 0x55,
0x55, 0x40, 0x01, 0x55, 0x55, 0x55, 0x55, 0x55, 0x55, 0x55, 0x56, 0xaa, 0xb1,
0x56, 0xa8, 
0x00, 0x00, 0x00, 0x14, 0x00, 0x06, 0x96, 0xea, 0xa0, 0x02, 0x95, 0xaa, 0x55,
0x55, 0x40, 0x05, 0x55, 0x55, 0x55, 0x55, 0x55, 0x56, 0x95, 0x56, 0xaa, 0xb0,
0x00, 0x00, 0x00, 0x00, 0x00, 0x00, 0x00, 0x00, 0x40, 0x00, 0x14, 0x40, 0x00,
0x00, 0x10, 0x00, 0x00, 0x00, 0x00, 0x00, 0x04, 0x00, 0x00, 0x00, 0x00, 0x00,
0x00, 0x00, 0x00, 0x00, 0x00, 0x00, 0x00, 0x00, 0x00, 0x02, 0x95, 0xaa, 0x55,
0x55, 0x40, 0x05, 0x55, 0x55, 0x55, 0x55, 0x55, 0x56, 0x95, 0x56, 0xaa, 0xb1,
0x05, 0xaa, 
0x00, 0x40, 0x00, 0x59, 0x00, 0x1a, 0x96, 0xea, 0xa9, 0x0a, 0xaa, 0xaa, 0x55,
0x55, 0x55, 0x55, 0x55, 0x55, 0x55, 0x55, 0x55, 0x55, 0xaa, 0xaa, 0xaa, 0xe0,
0x00, 0x00, 0x00, 0x00, 0x00, 0x00, 0x00, 0x00, 0x00, 0x00, 0x11, 0x10, 0x00,
0x01, 0x40, 0x00, 0x00, 0x00, 0x00, 0x00, 0x01, 0x40, 0x00, 0x00, 0x00, 0x00,
0x00, 0x00, 0x00, 0x00, 0x00, 0x00, 0x00, 0x00, 0x00, 0x0a, 0xaa, 0xaa, 0x55,
0x55, 0x55, 0x55, 0x55, 0x55, 0x55, 0x55, 0x55, 0x55, 0xaa, 0xaa, 0xaa, 0xe1,
0x05, 0x65, 
0x00, 0x40, 0x00, 0xaa, 0x90, 0x6a, 0x5b, 0xea, 0xa0, 0x0e, 0xa9, 0x5a, 0x55,
0x55, 0x55, 0x55, 0x55, 0x55, 0x55, 0x55, 0x55, 0x55, 0x6a, 0xaa, 0xae, 0xd0,
0x00, 0x00, 0x00, 0x00, 0x00, 0x00, 0x00, 0x01, 0x40, 0x00, 0x14, 0x10, 0x00,
0x00, 0x05, 0x00, 0x50, 0x00, 0x00, 0x00, 0x50, 0x00, 0x00, 0x00, 0x00, 0x00,
0x00, 0x00, 0x00, 0x00, 0x00, 0x00, 0x00, 0x00, 0x00, 0x0e, 0xa9, 0x5a, 0x55,
0x55, 0x55, 0x55, 0x55, 0x55, 0x55, 0x55, 0x55, 0x55, 0x6a, 0xaa, 0xae, 0xd0,
0x55, 0x65, 
0x00, 0x40, 0x01, 0x65, 0xa5, 0xa9, 0x5b, 0xea, 0xa0, 0x0e, 0xa9, 0x5a, 0x55,
0x55, 0x55, 0x55, 0x55, 0x55, 0x55, 0x56, 0x55, 0x55, 0x6a, 0xaa, 0xae, 0xb0,
0x00, 0x00, 0x00, 0x00, 0x00, 0x00, 0x00, 0x05, 0x00, 0x00, 0x00, 0x00, 0x00,
0x00, 0x11, 0x45, 0x55, 0x00, 0x00, 0x01, 0x44, 0x00, 0x00, 0x00, 0x00, 0x00,
0x00, 0x00, 0x00, 0x00, 0x00, 0x00, 0x00, 0x00, 0x00, 0x0e, 0xa9, 0x5a, 0x55,
0x55, 0x55, 0x55, 0x55, 0x55, 0x55, 0x56, 0x55, 0x55, 0x6a, 0xaa, 0xae, 0xb0,
0x95, 0x65, 
0x00, 0x40, 0x00, 0x35, 0x55, 0xa5, 0x5b, 0xaa, 0x90, 0x0e, 0xa9, 0x5a, 0xaa,
0x95, 0x55, 0xa5, 0x55, 0x55, 0x55, 0x56, 0x95, 0x55, 0x6a, 0xaa, 0xfe, 0xb0,
0x00, 0x00, 0x00, 0x00, 0x00, 0x00, 0x00, 0x05, 0x40, 0x10, 0x00, 0x00, 0x00,
0x01, 0x40, 0x15, 0x54, 0x40, 0x00, 0x04, 0x01, 0x40, 0x00, 0x00, 0x00, 0x00,
0x00, 0x00, 0x00, 0x00, 0x00, 0x00, 0x00, 0x00, 0x00, 0x0e, 0xa9, 0x5a, 0xaa,
0x95, 0x55, 0xa5, 0x55, 0x55, 0x55, 0x56, 0x95, 0x55, 0x6a, 0xaa, 0xfe, 0xb5,
0x6a, 0xa5, 
0x40, 0xa0, 0x40, 0x35, 0x95, 0xa5, 0x5f, 0xaa, 0x94, 0x0e, 0xaa, 0xaa, 0xaa,
0x95, 0x55, 0xa5, 0x55, 0x59, 0x55, 0x56, 0x95, 0x55, 0x6a, 0xaa, 0xaa, 0xb0,
0x00, 0x00, 0x00, 0x00, 0x00, 0x00, 0x00, 0x00, 0x00, 0x00, 0x00, 0x00, 0x00,
0x14, 0x50, 0x01, 0x51, 0x00, 0x00, 0x00, 0x05, 0x14, 0x00, 0x00, 0x00, 0x00,
0x00, 0x00, 0x00, 0x00, 0x00, 0x00, 0x00, 0x00, 0x00, 0x0e, 0xaa, 0xaa, 0xaa,
0x95, 0x55, 0xa5, 0x55, 0x59, 0x55, 0x56, 0x95, 0x55, 0x6a, 0xaa, 0xaa, 0xb5,
0x5a, 0x56, 
0x02, 0xa4, 0xa0, 0xa2, 0x95, 0xa5, 0x6f, 0xaa, 0x9a, 0x4f, 0xfa, 0xa9, 0x5a,
0x95, 0x55, 0xa5, 0x55, 0x69, 0x55, 0x5a, 0xa5, 0x55, 0xaa, 0xaa, 0xaa, 0xb0,
0x00, 0x00, 0x00, 0x00, 0x00, 0x00, 0x00, 0x00, 0x00, 0x00, 0x50, 0x00, 0x00,
0x01, 0x04, 0x00, 0x00, 0x00, 0x00, 0x00, 0x10, 0x40, 0x00, 0x00, 0x00, 0x00,
0x00, 0x00, 0x00, 0x00, 0x00, 0x00, 0x00, 0x00, 0x00, 0x0f, 0xfa, 0xa9, 0x5a,
0x95, 0x55, 0xa5, 0x55, 0x69, 0x55, 0x5a, 0xa5, 0x55, 0xaa, 0xaa, 0xaa, 0xb5,
0x59, 0x55, 
0xaa, 0xaa, 0xaa, 0xaa, 0x96, 0xa5, 0x6f, 0xee, 0x6a, 0x40, 0xea, 0xa9, 0x56,
0xa5, 0x56, 0xaa, 0x55, 0xaa, 0x55, 0x5a, 0xaa, 0xaa, 0xaa, 0xab, 0xea, 0xb0,
0x00, 0x00, 0x00, 0x00, 0x00, 0x00, 0x00, 0x00, 0x04, 0x00, 0x10, 0x00, 0x00,
0x00, 0x10, 0x00, 0x00, 0x00, 0x00, 0x00, 0x04, 0x00, 0x00, 0x00, 0x00, 0x00,
0x00, 0x00, 0x00, 0x00, 0x00, 0x00, 0x00, 0x00, 0x00, 0x00, 0xea, 0xa9, 0x56,
0xa5, 0x56, 0xaa, 0x55, 0xaa, 0x55, 0x5a, 0xaa, 0xaa, 0xaa, 0xab, 0xea, 0xb5,
0x69, 0x55, 
0xaa, 0x9a, 0xaa, 0xaa, 0x5a, 0x55, 0x6f, 0xff, 0x6a, 0x00, 0xea, 0xa9, 0x56,
0xaa, 0xaa, 0x5a, 0xaa, 0xaa, 0x95, 0x6a, 0xaa, 0xaa, 0xaa, 0xaf, 0xbf, 0xf0,
0x00, 0x00, 0x00, 0x00, 0x00, 0x00, 0x00, 0x00, 0x14, 0x40, 0x00, 0x00, 0x00,
0x00, 0x40, 0x00, 0x00, 0x00, 0x00, 0x00, 0x01, 0x00, 0x00, 0x00, 0x00, 0x00,
0x00, 0x00, 0x00, 0x00, 0x00, 0x00, 0x00, 0x00, 0x00, 0x00, 0xea, 0xa9, 0x56,
0xaa, 0xaa, 0x5a, 0xaa, 0xaa, 0x95, 0x6a, 0xaa, 0xaa, 0xaa, 0xaf, 0xbf, 0xfa,
0xa9, 0x41, 
0xaa, 0x50, 0x1a, 0x99, 0x55, 0x55, 0x7f, 0xfe, 0xa0, 0x00, 0xea, 0xaa, 0xaa,
0xaa, 0xa5, 0x5a, 0xa9, 0x5a, 0xa9, 0xaa, 0xaa, 0xaa, 0xab, 0xfe, 0xbe, 0xa0,
0x00, 0x00, 0x00, 0x00, 0x00, 0x00, 0x00, 0x00, 0x11, 0x14, 0x04, 0x00, 0x00,
0x14, 0x40, 0x00, 0x00, 0x00, 0x00, 0x00, 0x01, 0x14, 0x00, 0x00, 0x00, 0x00,
0x00, 0x00, 0x00, 0x00, 0x00, 0x00, 0x00, 0x00, 0x00, 0x00, 0xea, 0xaa, 0xaa,
0xaa, 0xa5, 0x5a, 0xa9, 0x5a, 0xa9, 0xaa, 0xaa, 0xaa, 0xab, 0xfe, 0xbe, 0xa6,
0xaa, 0x41, 
0x64, 0x00, 0x02, 0x55, 0x55, 0x55, 0x7f, 0xfe, 0x80, 0x03, 0xba, 0xaa, 0xaa,
0xaa, 0xa5, 0x56, 0xaa, 0x5a, 0x96, 0xaa, 0xaa, 0xaa, 0xab, 0xfa, 0xae, 0x90,
0x00, 0x00, 0x00, 0x00, 0x00, 0x00, 0x00, 0x00, 0x14, 0x14, 0x00, 0x10, 0x01,
0x55, 0x00, 0x00, 0x04, 0x00, 0x00, 0x00, 0x00, 0x55, 0x40, 0x00, 0x00, 0x00,
0x00, 0x00, 0x00, 0x00, 0x00, 0x00, 0x00, 0x00, 0x00, 0x03, 0xba, 0xaa, 0xaa,
0xaa, 0xa5, 0x56, 0xaa, 0x5a, 0x96, 0xaa, 0xaa, 0xaa, 0xab, 0xfa, 0xae, 0x96,
0xab, 0x96, 
0x10, 0x00, 0x02, 0x65, 0x55, 0x55, 0xbf, 0xfc, 0x00, 0x03, 0xbf, 0xaa, 0xaa,
0xaa, 0xa9, 0x56, 0xaa, 0xaa, 0x95, 0x5a, 0xaa, 0xaa, 0xab, 0xea, 0xae, 0x80,
0x00, 0x00, 0x00, 0x00, 0x00, 0x00, 0x00, 0x00, 0x00, 0x00, 0x54, 0x50, 0x00,
0x01, 0x00, 0x00, 0x00, 0x00, 0x00, 0x00, 0x00, 0x40, 0x00, 0x00, 0x00, 0x00,
0x00, 0x00, 0x00, 0x00, 0x00, 0x00, 0x00, 0x00, 0x00, 0x03, 0xbf, 0xaa, 0xaa,
0xaa, 0xa9, 0x56, 0xaa, 0xaa, 0x95, 0x5a, 0xaa, 0xaa, 0xab, 0xea, 0xae, 0x82,
0xbe, 0xaa, 
0x00, 0x00, 0x03, 0xa5, 0x55, 0x55, 0xff, 0xf0, 0x00, 0x03, 0x96, 0xaa, 0xaa,
0xa5, 0x6a, 0xaa, 0xaa, 0xaa, 0xa5, 0x6a, 0xaa, 0xaa, 0xab, 0xfa, 0xae, 0x90,
0x00, 0x00, 0x00, 0x00, 0x00, 0x00, 0x00, 0x00, 0x00, 0x00, 0x14, 0x10, 0x00,
0x00, 0x54, 0x05, 0x00, 0x00, 0x00, 0x00, 0x15, 0x00, 0x00, 0x00, 0x00, 0x00,
0x00, 0x00, 0x00, 0x00, 0x00, 0x00, 0x00, 0x00, 0x00, 0x03, 0x96, 0xaa, 0xaa,
0xa5, 0x6a, 0xaa, 0xaa, 0xaa, 0xa5, 0x6a, 0xaa, 0xaa, 0xab, 0xfa, 0xae, 0x91,
0xaa, 0x55, 
0x20, 0x01, 0x07, 0x66, 0x55, 0x55, 0xff, 0xe8, 0x00, 0x03, 0xaa, 0xba, 0xaa,
0xa5, 0x6a, 0xaa, 0xaa, 0xaa, 0xaa, 0xaa, 0xaa, 0xaa, 0xff, 0xff, 0xfe, 0xa0,
0x00, 0x00, 0x00, 0x00, 0x00, 0x00, 0x00, 0x00, 0x00, 0x00, 0x50, 0x00, 0x00,
0x00, 0x45, 0x05, 0x00, 0x00, 0x00, 0x00, 0x51, 0x00, 0x00, 0x00, 0x00, 0x00,
0x00, 0x00, 0x00, 0x00, 0x00, 0x00, 0x00, 0x00, 0x00, 0x03, 0xaa, 0xba, 0xaa,
0xa5, 0x6a, 0xaa, 0xaa, 0xaa, 0xaa, 0xaa, 0xaa, 0xaa, 0xff, 0xff, 0xfe, 0xa0,
0x00, 0x00, 
0x7c, 0x0a, 0xbf, 0x5a, 0x55, 0x5b, 0xff, 0xe8, 0x00, 0x02, 0xea, 0xae, 0xab,
0xe5, 0x5a, 0xaa, 0x56, 0xaa, 0xaa, 0xaa, 0xaa, 0xaa, 0xaa, 0xaa, 0xaa, 0xaa,
0xa0, 0xaa, 0xa8, 0x00, 0x00, 0x00, 0x00, 0x00, 0x00, 0x00, 0x00, 0x00, 0x00,
0x04, 0x00, 0x40, 0x00, 0x00, 0x00, 0x51, 0x00, 0x10, 0x00, 0x00, 0x00, 0x00,
0x00, 0x00, 0x00, 0x00, 0x00, 0x00, 0x00, 0xaa, 0x00, 0x22, 0xea, 0xaa, 0xaa,
0xaa, 0xaa, 0xaa, 0xaa, 0xaa, 0xaa, 0xaa, 0xaa, 0xaa, 0xaa, 0xaa, 0xae, 0xa0,
0x50, 0x00, 
0xef, 0xff, 0xfe, 0xaa, 0x55, 0x5a, 0xff, 0x9a, 0x80, 0x01, 0xea, 0xaf, 0xff,
0xfa, 0xaa, 0xaa, 0x55, 0x6a, 0xaa, 0xaa, 0xaa, 0xaa, 0xaa, 0xaa, 0xaa, 0xaa,
0xaa, 0xa9, 0x58, 0x00, 0x00, 0x00, 0x00, 0x00, 0x00, 0x00, 0x00, 0x00, 0x00,
0x01, 0x00, 0x00, 0x00, 0x00, 0x00, 0x50, 0x00, 0x40, 0x00, 0x00, 0x00, 0x00,
0x00, 0x00, 0x00, 0x00, 0x00, 0xaa, 0x82, 0xaa, 0xaa, 0xaa, 0xaa, 0xaa, 0xaa,
0xaa, 0xaa, 0xaa, 0xaa, 0xaa, 0xaa, 0xaa, 0xaa, 0xaa, 0xaa, 0xa9, 0x5b, 0xe0,
0x10, 0x00, 
0x95, 0x95, 0x7a, 0xa9, 0x65, 0x5b, 0xff, 0x9a, 0xa0, 0x01, 0xb6, 0xaf, 0xfe,
0xbf, 0xaa, 0xaa, 0x95, 0xaa, 0xaa, 0xaa, 0xea, 0xa5, 0xa9, 0x5a, 0x95, 0x69,
0x5a, 0x95, 0x5a, 0xa8, 0x00, 0x00, 0x00, 0x00, 0x00, 0x00, 0x00, 0x00, 0x00,
0x50, 0x10, 0x00, 0x00, 0x00, 0x00, 0x00, 0x04, 0x05, 0x00, 0x00, 0x00, 0x00,
0x00, 0x00, 0x00, 0x00, 0x01, 0xa5, 0xa9, 0x5a, 0x95, 0x65, 0xa9, 0x5a, 0x95,
0x6a, 0xea, 0xaa, 0xea, 0xa5, 0xa9, 0x5a, 0x95, 0x69, 0x5a, 0x95, 0x5a, 0xa8,
0x00, 0x00, 
0x10, 0x50, 0x2a, 0xa5, 0xa9, 0x5b, 0xff, 0x5a, 0xa8, 0x00, 0x67, 0xfe, 0xfe,
0xaa, 0xaa, 0xaa, 0xaa, 0xaa, 0xaa, 0xab, 0xfb, 0x95, 0x65, 0x55, 0x55, 0x55,
0x56, 0x95, 0x56, 0xa8, 0x00, 0x00, 0x00, 0x00, 0x01, 0x00, 0x00, 0x00, 0x00,
0x04, 0x54, 0x00, 0x00, 0x00, 0x10, 0x00, 0x15, 0x10, 0x00, 0x00, 0x00, 0x00,
0x00, 0x00, 0x40, 0x00, 0x00, 0x95, 0x65, 0x55, 0x55, 0x55, 0x65, 0x55, 0x55,
0x5b, 0xfa, 0xab, 0xfb, 0x95, 0x65, 0x55, 0x55, 0x55, 0x56, 0x95, 0x56, 0xa8,
0x04, 0x00, 
0x00, 0x40, 0x2a, 0xa6, 0xa9, 0x6e, 0xfe, 0x6a, 0xa9, 0x00, 0x56, 0xed, 0xfe,
0xaa, 0xfa, 0xaa, 0xaa, 0xaa, 0xaa, 0xbf, 0xfe, 0x95, 0x55, 0x55, 0x55, 0x55,
0x55, 0x55, 0x56, 0xaa, 0xaa, 0x00, 0x00, 0x00, 0x01, 0x00, 0x00, 0x00, 0x00,
0x00, 0x00, 0x00, 0x00, 0x00, 0x00, 0x00, 0x00, 0x00, 0x00, 0x00, 0x00, 0x00,
0x00, 0x00, 0x40, 0x00, 0xaa, 0x95, 0x55, 0x55, 0x55, 0x55, 0x55, 0x55, 0x55,
0x5a, 0xaf, 0xff, 0xfe, 0x95, 0x55, 0x55, 0x55, 0x55, 0x55, 0x55, 0x56, 0xaa,
0xaa, 0x10, 
0x01, 0xd0, 0x7a, 0xaa, 0xa9, 0xae, 0xfe, 0xaa, 0xa9, 0x00, 0x15, 0x69, 0xbe,
0xab, 0xff, 0xfe, 0xaa, 0xba, 0xaf, 0xff, 0xaa, 0xa5, 0x55, 0x55, 0x55, 0x55,
0x55, 0x55, 0x56, 0xaa, 0xab, 0x00, 0x00, 0x00, 0x00, 0x00, 0x00, 0x00, 0x00,
0x00, 0x00, 0x00, 0x00, 0x00, 0x00, 0x00, 0x00, 0x00, 0x00, 0x00, 0x00, 0x00,
0x00, 0x00, 0x00, 0x00, 0xaa, 0xa5, 0x55, 0x55, 0x55, 0x55, 0x55, 0x55, 0x55,
0x5a, 0xab, 0xff, 0xaa, 0xa5, 0x55, 0x55, 0x55, 0x55, 0x55, 0x55, 0x56, 0xaa,
0xab, 0x50, 
0xab, 0xef, 0xfa, 0xaa, 0xaa, 0xaa, 0xfa, 0xaa, 0xa0, 0x00, 0x05, 0x55, 0x7f,
0xff, 0xab, 0xfa, 0xaa, 0xfe, 0xbf, 0xfa, 0xa5, 0x55, 0x55, 0x55, 0x55, 0x55,
0x55, 0x55, 0x55, 0x55, 0xab, 0x00, 0x00, 0x00, 0x00, 0x00, 0x00, 0x00, 0x00,
0x00, 0x00, 0x00, 0x00, 0x00, 0x00, 0x00, 0x00, 0x00, 0x00, 0x00, 0x00, 0x00,
0x00, 0x00, 0x00, 0x00, 0xa5, 0x55, 0x55, 0x55, 0x55, 0x55, 0x55, 0x55, 0x55,
0x55, 0xaa, 0xfa, 0xa5, 0x55, 0x55, 0x55, 0x55, 0x55, 0x55, 0x55, 0x55, 0x55,
0xab, 0x10, 
0xff, 0xff, 0xfa, 0xaa, 0xaa, 0xab, 0xfa, 0xea, 0x00, 0x00, 0x00, 0x15, 0x7a,
0xaf, 0xaa, 0xfe, 0xaf, 0xff, 0xff, 0xaa, 0xa5, 0x55, 0x50, 0x01, 0x55, 0x55,
0x55, 0x55, 0x55, 0x55, 0xaa, 0xa0, 0x00, 0x00, 0x00, 0x00, 0x00, 0x00, 0x00,
0x05, 0x40, 0x00, 0x00, 0x00, 0x00, 0x00, 0x01, 0x50, 0x00, 0x00, 0x00, 0x00,
0x00, 0x00, 0x00, 0x0a, 0xa5, 0x55, 0x50, 0x01, 0x55, 0x55, 0x50, 0x01, 0x55,
0x55, 0xaa, 0xea, 0xa5, 0x55, 0x50, 0x01, 0x55, 0x55, 0x55, 0x55, 0x55, 0x55,
0xaa, 0xaa, 
0xf9, 0x6a, 0xbf, 0xfa, 0xaa, 0xab, 0xfb, 0xf8, 0x00, 0x00, 0x00, 0x00, 0x3a,
0x6a, 0xff, 0xff, 0xff, 0xaf, 0xff, 0xaa, 0x65, 0x55, 0x50, 0x00, 0x55, 0x55,
0x55, 0x55, 0x55, 0x55, 0x56, 0xbf, 0xc0, 0x00, 0x00, 0x00, 0x00, 0x00, 0x00,
0x00, 0x50, 0x00, 0x00, 0x00, 0x45, 0x40, 0x05, 0x00, 0x00, 0x00, 0x00, 0x00,
0x00, 0x00, 0x00, 0xaa, 0x65, 0x55, 0x50, 0x00, 0x55, 0x55, 0x50, 0x00, 0x55,
0x55, 0x56, 0xa5, 0x65, 0x55, 0x50, 0x00, 0x55, 0x55, 0x55, 0x55, 0x55, 0x55,
0x56, 0xba, 
0xd5, 0x5a, 0xeb, 0xfa, 0xaa, 0xaf, 0xff, 0xf9, 0x00, 0x00, 0x2a, 0x00, 0x3a,
0x55, 0xab, 0xff, 0xff, 0xff, 0xff, 0x95, 0x55, 0x55, 0x50, 0x05, 0x55, 0x55,
0x55, 0x50, 0x05, 0x55, 0x55, 0xaa, 0xc0, 0x00, 0x00, 0x00, 0x00, 0x00, 0x00,
0x00, 0x04, 0x00, 0x00, 0x01, 0x15, 0x50, 0x10, 0x00, 0x00, 0x00, 0x00, 0x00,
0x00, 0x00, 0x00, 0x95, 0x55, 0x55, 0x50, 0x05, 0x55, 0x55, 0x50, 0x05, 0x55,
0x55, 0x55, 0xa5, 0x55, 0x55, 0x50, 0x05, 0x55, 0x55, 0x55, 0x50, 0x05, 0x55,
0x55, 0xa5, 
0xd5, 0x5a, 0xea, 0xfa, 0xaa, 0xae, 0xff, 0xfa, 0x40, 0x00, 0x81, 0x80, 0x2e,
0x56, 0xaa, 0xfe, 0xff, 0xff, 0xdf, 0x95, 0x55, 0x55, 0x50, 0x55, 0x55, 0x55,
0x55, 0x50, 0x01, 0x55, 0x55, 0xaa, 0x80, 0x00, 0x00, 0x00, 0x00, 0x00, 0x00,
0x00, 0x00, 0x00, 0x00, 0x00, 0x55, 0x50, 0x00, 0x00, 0x00, 0x00, 0x00, 0x00,
0x00, 0x00, 0x40, 0x95, 0x55, 0x55, 0x50, 0x55, 0x55, 0x55, 0x50, 0x55, 0x55,
0x55, 0x55, 0xa5, 0x55, 0x55, 0x50, 0x55, 0x55, 0x55, 0x55, 0x50, 0x01, 0x55,
0x55, 0xa5, 
0xff, 0xfe, 0xea, 0xfa, 0xaa, 0xee, 0xbf, 0xea, 0xa0, 0x01, 0x00, 0x60, 0x1e,
0x6a, 0xaa, 0xf7, 0xfe, 0x6a, 0xea, 0xa6, 0x55, 0x55, 0x55, 0x55, 0x55, 0x55,
0x55, 0x54, 0x01, 0x55, 0x55, 0xaa, 0xac, 0x00, 0x00, 0x00, 0x00, 0x00, 0x00,
0x01, 0x00, 0x00, 0x00, 0x00, 0x05, 0x00, 0x00, 0x40, 0x00, 0x00, 0x00, 0x00,
0x00, 0x00, 0x2a, 0xa6, 0x55, 0x55, 0x55, 0x55, 0x55, 0x55, 0x55, 0x55, 0x55,
0x55, 0x55, 0xaa, 0x55, 0x55, 0x55, 0x55, 0x55, 0x55, 0x55, 0x54, 0x01, 0x55,
0x55, 0xa6, 
0xea, 0xfb, 0xfa, 0xfe, 0xaf, 0xba, 0xff, 0xea, 0xa0, 0x02, 0x40, 0x60, 0x07,
0x66, 0xa7, 0xf7, 0x7a, 0xaa, 0xa5, 0xaa, 0x55, 0x55, 0x55, 0x55, 0x55, 0x55,
0x55, 0x55, 0x41, 0x55, 0x56, 0xaa, 0xac, 0x00, 0x00, 0x00, 0x00, 0x00, 0x00,
0x14, 0x40, 0x00, 0x00, 0x00, 0x00, 0x00, 0x01, 0x14, 0x00, 0x00, 0x00, 0x00,
0x00, 0x04, 0x25, 0xaa, 0x55, 0x55, 0x55, 0x55, 0x55, 0x55, 0x55, 0x55, 0x55,
0x55, 0x56, 0xaa, 0x55, 0x55, 0x55, 0x55, 0x55, 0x55, 0x55, 0x55, 0x41, 0x55,
0x56, 0xaa, 
0xe5, 0x7f, 0xff, 0xff, 0xdb, 0x3a, 0xff, 0xea, 0x00, 0x02, 0x59, 0xa0, 0x05,
0x66, 0xb7, 0xfa, 0xaa, 0x54, 0x25, 0x95, 0x55, 0x55, 0x55, 0x55, 0x55, 0x55,
0x55, 0x55, 0x55, 0x55, 0x56, 0xaa, 0xac, 0x00, 0x00, 0x00, 0x00, 0x00, 0x00,
0x00, 0x11, 0x40, 0x00, 0x00, 0x00, 0x01, 0x44, 0x00, 0x00, 0x00, 0x00, 0x00,
0x00, 0x01, 0x25, 0x95, 0x55, 0x55, 0x55, 0x55, 0x55, 0x55, 0x55, 0x55, 0x55,
0x55, 0x56, 0xaa, 0x55, 0x55, 0x55, 0x55, 0x55, 0x55, 0x55, 0x55, 0x55, 0x55,
0x56, 0xa5, 
0xbf, 0xff, 0xea, 0xa5, 0xff, 0x3a, 0xff, 0xa0, 0x00, 0x01, 0x89, 0x90, 0x01,
0x66, 0xa6, 0xaa, 0x95, 0x40, 0x2a, 0x95, 0x55, 0x41, 0x55, 0x55, 0x55, 0x55,
0x55, 0x55, 0x55, 0x55, 0x55, 0xaa, 0xac, 0x00, 0x00, 0x00, 0x00, 0x00, 0x00,
0x00, 0x00, 0x10, 0x00, 0x00, 0x00, 0x04, 0x00, 0x00, 0x00, 0x00, 0x00, 0x00,
0x00, 0x01, 0x2a, 0x95, 0x55, 0x41, 0x55, 0x55, 0x55, 0x51, 0x55, 0x55, 0x55,
0x55, 0x55, 0xaa, 0x55, 0x41, 0x55, 0x55, 0x55, 0x55, 0x55, 0x55, 0x55, 0x55,
0x55, 0xa5, 
0x55, 0x5a, 0xa5, 0x5f, 0xa5, 0x5b, 0xff, 0x80, 0x00, 0x00, 0x00, 0x00, 0x00,
0x15, 0x55, 0x55, 0x50, 0x02, 0xaa, 0x95, 0x55, 0x00, 0x55, 0x55, 0x55, 0x55,
0x55, 0x55, 0x55, 0x55, 0x55, 0xaa, 0xaa, 0x00, 0x00, 0x00, 0x00, 0x00, 0x00,
0x14, 0x00, 0x00, 0x00, 0x00, 0x00, 0x00, 0x00, 0x14, 0x00, 0x00, 0x00, 0x00,
0x00, 0x02, 0xaa, 0x95, 0x55, 0x00, 0x55, 0x55, 0x55, 0x50, 0x55, 0x55, 0x55,
0x55, 0x55, 0xaa, 0x95, 0x00, 0x55, 0x55, 0x55, 0x55, 0x55, 0x55, 0x55, 0x55,
0x55, 0xa5, 
0x00, 0x00, 0x00, 0x00, 0x00, 0x0f, 0xaf, 0x80, 0x00, 0x00, 0x02, 0xa8, 0x00,
0x00, 0x00, 0x06, 0xa0, 0x02, 0x56, 0x95, 0x54, 0x00, 0x55, 0x55, 0x55, 0x55,
0x55, 0x55, 0x55, 0x55, 0x55, 0xaa, 0xaa, 0x80, 0x00, 0x00, 0x00, 0x00, 0x00,
0x01, 0x40, 0x00, 0x00, 0x00, 0x00, 0x00, 0x01, 0x40, 0x00, 0x00, 0x00, 0x00,
0x00, 0x02, 0x56, 0x95, 0x54, 0x00, 0x55, 0x55, 0x55, 0x55, 0x55, 0x55, 0x55,
0x55, 0x55, 0xa5, 0x54, 0x00, 0x55, 0x55, 0x55, 0x55, 0x55, 0x55, 0x55, 0x55,
0x55, 0xa5, 
0x00, 0x00, 0x00, 0x00, 0x00, 0x0f, 0xae, 0x80, 0x00, 0x00, 0x08, 0x2a, 0x00,
0x02, 0xa5, 0x50, 0x28, 0x02, 0x55, 0x95, 0x54, 0x00, 0x15, 0x55, 0x55, 0x55,
0x55, 0x55, 0x55, 0x55, 0x55, 0x5a, 0xaa, 0xc0, 0x00, 0x00, 0x00, 0x00, 0x00,
0x00, 0x50, 0x00, 0x00, 0x00, 0x00, 0x00, 0x05, 0x00, 0x00, 0x00, 0x00, 0x00,
0x00, 0x02, 0x55, 0x95, 0x54, 0x00, 0x15, 0x55, 0x55, 0x55, 0x55, 0x55, 0x55,
0x55, 0x55, 0x55, 0x54, 0x00, 0x15, 0x55, 0x55, 0x55, 0x55, 0x55, 0x55, 0x55,
0x55, 0x55, 
0x00, 0x00, 0x00, 0x00, 0x10, 0x0b, 0xae, 0x80, 0x00, 0x00, 0x10, 0x0a, 0x4a,
0x89, 0x50, 0x00, 0x28, 0x02, 0x55, 0x65, 0x54, 0x00, 0x15, 0x55, 0x55, 0x55,
0x55, 0x55, 0x55, 0x55, 0x55, 0x56, 0xaa, 0xc0, 0x00, 0x00, 0x00, 0x00, 0x00,
0x00, 0x10, 0x00, 0x00, 0x00, 0x00, 0x00, 0x04, 0x00, 0x00, 0x00, 0x00, 0x00,
0x00, 0x02, 0x55, 0x65, 0x54, 0x00, 0x15, 0x55, 0x55, 0x55, 0x55, 0x55, 0x55,
0x55, 0x55, 0x55, 0x54, 0x00, 0x15, 0x55, 0x55, 0x55, 0x55, 0x55, 0x55, 0x55,
0x55, 0x55, 
0x00, 0x00, 0x00, 0x01, 0x45, 0x07, 0xae, 0x60, 0x00, 0x02, 0x60, 0x0a, 0x64,
0x29, 0x00, 0x00, 0x0a, 0x02, 0x55, 0x65, 0x54, 0x00, 0x15, 0x55, 0x55, 0x55,
0x55, 0x55, 0x55, 0x55, 0x55, 0x55, 0xaa, 0xc0, 0x00, 0x00, 0x00, 0x00, 0x00,
0x01, 0x40, 0x00, 0x00, 0x00, 0x00, 0x00, 0x01, 0x40, 0x00, 0x00, 0x00, 0x00,
0x00, 0x02, 0x55, 0x65, 0x54, 0x00, 0x15, 0x55, 0x55, 0x55, 0x55, 0x55, 0x55,
0x55, 0x55, 0x55, 0x54, 0x00, 0x15, 0x55, 0x55, 0x55, 0x55, 0x55, 0x55, 0x55,
0x55, 0x55, 
0x00, 0x00, 0x00, 0x05, 0x04, 0x43, 0xae, 0x68, 0x00, 0x09, 0xa5, 0xaa, 0x64,
0x24, 0x00, 0x00, 0x0a, 0x02, 0x96, 0xa5, 0x54, 0x00, 0x55, 0x55, 0x55, 0x55,
0x55, 0x55, 0x55, 0x55, 0x55, 0x55, 0xaa, 0xc0, 0x00, 0x00, 0x00, 0x00, 0x00,
0x00, 0x05, 0x00, 0x00, 0x00, 0x00, 0x00, 0x50, 0x00, 0x00, 0x00, 0x00, 0x00,
0x00, 0x02, 0x96, 0xa5, 0x54, 0x00, 0x55, 0x55, 0x55, 0x55, 0x55, 0x55, 0x55,
0x55, 0x55, 0x55, 0x54, 0x00, 0x55, 0x55, 0x55, 0x55, 0x55, 0x55, 0x55, 0x55,
0x55, 0x55, 
0x00, 0x00, 0x00, 0x00, 0x04, 0x0f, 0xa9, 0x6a, 0x00, 0x08, 0x28, 0x99, 0x28,
0x68, 0x00, 0x00, 0x2a, 0x80, 0xa5, 0x55, 0x55, 0x55, 0x55, 0x55, 0x55, 0x55,
0x55, 0x55, 0x55, 0x55, 0x55, 0x56, 0xaf, 0x00, 0x00, 0x00, 0x00, 0x00, 0x00,
0x00, 0x11, 0x40, 0x00, 0x00, 0x00, 0x01, 0x44, 0x00, 0x00, 0x00, 0x00, 0x00,
0x00, 0x00, 0xa5, 0x55, 0x55, 0x55, 0x55, 0x55, 0x55, 0x55, 0x55, 0x55, 0x55,
0x55, 0x55, 0x55, 0x55, 0x55, 0x55, 0x55, 0x55, 0x55, 0x55, 0x55, 0x55, 0x55,
0x55, 0x55, 
0x00, 0x00, 0x00, 0x00, 0x00, 0x0f, 0xa9, 0xaa, 0x80, 0x0a, 0x68, 0x44, 0x19,
0x99, 0x00, 0x00, 0x2a, 0x62, 0xa5, 0x55, 0x55, 0x55, 0x54, 0x15, 0x55, 0x55,
0x55, 0x55, 0x55, 0x55, 0x55, 0x56, 0xab, 0x00, 0x00, 0x00, 0x00, 0x00, 0x00,
0x01, 0x40, 0x10, 0x00, 0x00, 0x00, 0x04, 0x01, 0x40, 0x00, 0x00, 0x00, 0x00,
0x00, 0x02, 0xa5, 0x55, 0x55, 0x55, 0x54, 0x15, 0x55, 0x55, 0x55, 0x55, 0x55,
0x55, 0x55, 0x55, 0x55, 0x55, 0x54, 0x15, 0x55, 0x55, 0x55, 0x55, 0x55, 0x55,
0x55, 0x55, 
0x00, 0x00, 0x00, 0x00, 0x00, 0x0e, 0xb9, 0xaa, 0x00, 0x06, 0x64, 0x01, 0x00,
0x09, 0x40, 0x55, 0xa9, 0x6a, 0xa5, 0x55, 0x55, 0x55, 0x54, 0x05, 0x55, 0x55,
0x55, 0x54, 0x01, 0x55, 0x55, 0x5a, 0xaa, 0x80, 0x00, 0x00, 0x00, 0x00, 0x00,
0x14, 0x50, 0x00, 0x00, 0x00, 0x00, 0x00, 0x05, 0x14, 0x00, 0x00, 0x00, 0x00,
0x00, 0x0a, 0xa5, 0x55, 0x55, 0x55, 0x54, 0x05, 0x55, 0x55, 0x55, 0x54, 0x01,
0x55, 0x55, 0x55, 0x55, 0x55, 0x54, 0x05, 0x55, 0x55, 0x55, 0x54, 0x01, 0x55,
0x55, 0x55, 
0x00, 0x00, 0x00, 0x00, 0x00, 0x0e, 0xba, 0xa0, 0x00, 0x00, 0x00, 0x00, 0x00,
0x06, 0x55, 0x5a, 0xa6, 0xaa, 0xa5, 0x55, 0x55, 0x55, 0x54, 0x05, 0x55, 0x55,
0x55, 0x50, 0x00, 0x55, 0x55, 0xaa, 0xaa, 0xb0, 0x00, 0x00, 0x00, 0x00, 0x00,
0x01, 0x04, 0x00, 0x00, 0x00, 0x00, 0x00, 0x10, 0x40, 0x00, 0x00, 0x00, 0x00,
0x00, 0x0a, 0xa5, 0x55, 0x55, 0x55, 0x54, 0x05, 0x55, 0x55, 0x55, 0x50, 0x00,
0x55, 0x55, 0xa5, 0x55, 0x55, 0x54, 0x05, 0x55, 0x55, 0x55, 0x50, 0x00, 0x55,
0x55, 0xa5, 
0x00, 0x00, 0x00, 0x00, 0x00, 0x0e, 0xfa, 0x80, 0x00, 0x00, 0x00, 0x00, 0x00,
0x06, 0x55, 0xaa, 0xaa, 0xae, 0xa5, 0x55, 0x54, 0x00, 0x55, 0x55, 0x55, 0x55,
0x55, 0x50, 0x00, 0x55, 0x55, 0xaa, 0xaa, 0xb0, 0x00, 0x00, 0x00, 0x00, 0x00,
0x00, 0x10, 0x00, 0x00, 0x00, 0x00, 0x00, 0x04, 0x00, 0x00, 0x00, 0x00, 0x00,
0x00, 0x0e, 0xa5, 0x55, 0x54, 0x00, 0x55, 0x55, 0x55, 0x55, 0x55, 0x50, 0x00,
0x55, 0x55, 0xa5, 0x54, 0x00, 0x55, 0x55, 0x55, 0x55, 0x55, 0x50, 0x00, 0x55,
0x55, 0xa5, 
0x01, 0x00, 0x00, 0x00, 0x00, 0x0f, 0xea, 0x00, 0x00, 0x00, 0x00, 0x00, 0x00,
0x02, 0x56, 0xaa, 0x6a, 0x9d, 0x65, 0x55, 0x50, 0x00, 0x15, 0x55, 0x55, 0x55,
0x55, 0x50, 0x00, 0x55, 0x55, 0xaa, 0xaa, 0xb0, 0x00, 0x00, 0x00, 0x00, 0x00,
0x00, 0x40, 0x00, 0x00, 0x00, 0x00, 0x00, 0x01, 0x00, 0x00, 0x00, 0x00, 0x00,
0x00, 0x0d, 0x65, 0x55, 0x50, 0x00, 0x15, 0x55, 0x55, 0x55, 0x55, 0x50, 0x00,
0x55, 0x55, 0xa5, 0x50, 0x00, 0x15, 0x55, 0x55, 0x55, 0x55, 0x50, 0x00, 0x55,
0x55, 0xa5, 
0x00, 0x00, 0x00, 0x00, 0x00, 0x0b, 0xea, 0x40, 0x00, 0x00, 0x00, 0x00, 0x00,
0x01, 0x8a, 0x52, 0xaa, 0x9d, 0x6a, 0xa5, 0x50, 0x00, 0x15, 0x55, 0x50, 0x05,
0x55, 0x50, 0x00, 0x55, 0x55, 0xaa, 0xaa, 0xb0, 0x00, 0x00, 0x00, 0x00, 0x00,
0x14, 0x40, 0x00, 0x00, 0x00, 0x00, 0x00, 0x01, 0x14, 0x00, 0x00, 0x00, 0x00,
0x00, 0x0d, 0x6a, 0xa5, 0x50, 0x00, 0x15, 0x55, 0x50, 0x05, 0x55, 0x50, 0x00,
0x55, 0x55, 0xa5, 0x50, 0x00, 0x15, 0x55, 0x50, 0x05, 0x55, 0x50, 0x00, 0x55,
0x55, 0xa5, 
0x10, 0x10, 0x00, 0x00, 0x00, 0x07, 0xea, 0x80, 0x00, 0x00, 0x00, 0x00, 0x00,
0x00, 0x49, 0x40, 0xa5, 0x2b, 0xfa, 0x55, 0x50, 0x00, 0x15, 0x55, 0x40, 0x00,
0x55, 0x54, 0x00, 0x55, 0x55, 0x5a, 0xaf, 0xf0, 0x00, 0x00, 0x00, 0x00, 0x01,
0x55, 0x00, 0x00, 0x00, 0x00, 0x00, 0x00, 0x00, 0x55, 0x40, 0x00, 0x00, 0x00,
0x00, 0x0b, 0xfa, 0x55, 0x50, 0x00, 0x15, 0x55, 0x40, 0x00, 0x55, 0x54, 0x00,
0x55, 0x55, 0x55, 0x50, 0x00, 0x15, 0x55, 0x40, 0x00, 0x55, 0x54, 0x00, 0x55,
0x55, 0x55, 
0x10, 0x40, 0x00, 0x00, 0x00, 0x07, 0xaa, 0xaa, 0x40, 0x00, 0x00, 0x00, 0x00,
0x00, 0x08, 0x00, 0xa5, 0x20, 0x39, 0x55, 0x50, 0x00, 0x55, 0x55, 0x40, 0x00,
0x55, 0x55, 0x55, 0x55, 0x55, 0x56, 0xaa, 0xc0, 0x00, 0x00, 0x00, 0x00, 0x00,
0x01, 0x00, 0x00, 0x00, 0x00, 0x00, 0x00, 0x00, 0x40, 0x00, 0x00, 0x00, 0x00,
0x00, 0x00, 0x39, 0x55, 0x50, 0x00, 0x55, 0x55, 0x40, 0x00, 0x55, 0x55, 0x55,
0x55, 0x55, 0x55, 0x50, 0x00, 0x55, 0x55, 0x40, 0x00, 0x55, 0x55, 0x55, 0x55,
0x55, 0x55, 
0x00, 0x40, 0x00, 0x00, 0x00, 0x07, 0xaa, 0xaa, 0x90, 0x00, 0x00, 0x00, 0x00,
0x00, 0x09, 0x06, 0xa8, 0x60, 0xa9, 0x55, 0x50, 0x01, 0x50, 0x55, 0x50, 0x01,
0x55, 0x55, 0x55, 0x55, 0x55, 0x56, 0xaa, 0xb0, 0x00, 0x00, 0x00, 0x00, 0x00,
0x00, 0x54, 0x00, 0x00, 0x00, 0x00, 0x00, 0x15, 0x00, 0x00, 0x00, 0x00, 0x00,
0x00, 0x00, 0xa9, 0x55, 0x50, 0x01, 0x50, 0x55, 0x50, 0x01, 0x55, 0x55, 0x55,
0x55, 0x55, 0x55, 0x50, 0x01, 0x50, 0x55, 0x50, 0x01, 0x55, 0x55, 0x55, 0x55,
0x55, 0x55, 
0x00, 0x00, 0x00, 0x00, 0x00, 0x0f, 0xa0, 0x6a, 0x95, 0x00, 0x00, 0x00, 0x00,
0x00, 0x02, 0x26, 0x98, 0x90, 0xa9, 0x55, 0x55, 0x55, 0x40, 0x05, 0x54, 0x05,
0x55, 0x55, 0x55, 0x55, 0x55, 0x56, 0xaa, 0xb0, 0x00, 0x00, 0x00, 0x00, 0x00,
0x00, 0x45, 0x00, 0x00, 0x00, 0x00, 0x00, 0x51, 0x00, 0x00, 0x00, 0x00, 0x00,
0x00, 0x00, 0xa9, 0x55, 0x55, 0x55, 0x40, 0x05, 0x54, 0x05, 0x55, 0x55, 0x55,
0x55, 0x55, 0x55, 0x55, 0x55, 0x40, 0x05, 0x54, 0x05, 0x55, 0x55, 0x55, 0x55,
0x55, 0x55, 
0x00, 0x00, 0x00, 0x00, 0x00, 0x0a, 0x80, 0x06, 0xa5, 0x50, 0x00, 0x59, 0x00,
0x00, 0x1a, 0xb8, 0x00, 0x00, 0x95, 0x55, 0x55, 0x55, 0x40, 0x01, 0x55, 0x55,
0x55, 0x55, 0x55, 0x55, 0x55, 0x56, 0xaa, 0xb0, 0x00, 0x00, 0x00, 0x00, 0x00,
0x04, 0x00, 0x40, 0x00, 0x00, 0x00, 0x01, 0x00, 0x10, 0x00, 0x00, 0x00, 0x00,
0x00, 0x00, 0x95, 0x55, 0x55, 0x55, 0x40, 0x01, 0x55, 0x55, 0x55, 0x55, 0x55,
0x55, 0x55, 0x55, 0x55, 0x55, 0x40, 0x01, 0x55, 0x55, 0x55, 0x55, 0x55, 0x55,
0x55, 0x55, 
0x00, 0x00, 0x00, 0x00, 0x00, 0x0a, 0x80, 0x01, 0xa5, 0xa4, 0x00, 0x02, 0x52,
0x96, 0xa5, 0xfa, 0x00, 0x00, 0x95, 0x55, 0x55, 0x55, 0x40, 0x01, 0x55, 0x55,
0x55, 0x55, 0x55, 0x55, 0x55, 0x56, 0xaa, 0xb0, 0x00, 0x00, 0x00, 0x00, 0x00,
0x01, 0x00, 0x00, 0x00, 0x00, 0x00, 0x00, 0x00, 0x40, 0x00, 0x00, 0x00, 0x00,
0x14, 0x00, 0x95, 0x55, 0x55, 0x55, 0x40, 0x01, 0x55, 0x55, 0x55, 0x55, 0x55,
0x55, 0x55, 0x55, 0x55, 0x55, 0x40, 0x01, 0x55, 0x55, 0x55, 0x55, 0x55, 0x55,
0x55, 0x55, 
0x00, 0x00, 0x00, 0x00, 0x00, 0x0e, 0x80, 0x00, 0xaa, 0xa9, 0x00, 0x06, 0xaa,
0x56, 0x96, 0xea, 0xa0, 0x02, 0x95, 0xaa, 0x55, 0x55, 0x40, 0x05, 0x55, 0x55,
0x55, 0x55, 0x55, 0x56, 0x95, 0x56, 0xaa, 0xb0, 0x00, 0x00, 0x00, 0x00, 0x00,
0x50, 0x10, 0x00, 0x00, 0x00, 0x00, 0x00, 0x04, 0x05, 0x00, 0x00, 0x00, 0x00,
0x50, 0x42, 0x95, 0xaa, 0x55, 0x55, 0x40, 0x05, 0x55, 0x55, 0x55, 0x55, 0x55,
0x56, 0x95, 0x5a, 0x55, 0x55, 0x40, 0x05, 0x55, 0x55, 0x55, 0x55, 0x55, 0x56,
0x95, 0x5a, 
0x00, 0x00, 0x00, 0x00, 0x00, 0x0e, 0xd0, 0x00, 0xa9, 0xaa, 0x90, 0x0a, 0x90,
0x1a, 0x96, 0xea, 0xa9, 0x0a, 0xaa, 0xaa, 0x55, 0x55, 0x55, 0x55, 0x55, 0x55,
0x55, 0x55, 0x55, 0x55, 0xaa, 0xaa, 0xaa, 0xe4, 0x00, 0x00, 0x01, 0x00, 0x00,
0x04, 0x54, 0x00, 0x00, 0x00, 0x00, 0x00, 0x15, 0x10, 0x00, 0x00, 0x00, 0x00,
0x15, 0x1a, 0xaa, 0xaa, 0x55, 0x55, 0x55, 0x55, 0x55, 0x55, 0x55, 0x55, 0x55,
0x55, 0xaa, 0xaa, 0x55, 0x55, 0x55, 0x55, 0x55, 0x55, 0x55, 0x55, 0x55, 0x55,
0xaa, 0xaa, 
0x00, 0x00, 0x00, 0x00, 0x00, 0x0f, 0xd0, 0x06, 0xa5, 0xa9, 0x6a, 0x6a, 0x94,
0x6a, 0x5b, 0xea, 0xa0, 0x0e, 0xa9, 0x5a, 0x55, 0x55, 0x55, 0x55, 0x55, 0x55,
0x55, 0x55, 0x55, 0x55, 0x6a, 0xaa, 0xae, 0xd4, 0x54, 0x00, 0x01, 0x00, 0x00,
0x00, 0x00, 0x00, 0x00, 0x00, 0x00, 0x00, 0x00, 0x00, 0x00, 0x00, 0x00, 0x00,
0x00, 0x1e, 0xa9, 0x5a, 0x55, 0x55, 0x55, 0x55, 0x55, 0x55, 0x55, 0x55, 0x55,
0x55, 0x6a, 0xaa, 0x55, 0x55, 0x55, 0x55, 0x55, 0x55, 0x55, 0x55, 0x55, 0x55,
0x6a, 0xaa, 
0x00, 0x00, 0x00, 0x00, 0x00, 0x0f, 0xff, 0xaa, 0xa5, 0xa9, 0x55, 0x6a, 0x96,
0xa9, 0x5b, 0xea, 0xa0, 0x0e, 0xa9, 0x5a, 0x55, 0x55, 0x55, 0x55, 0x55, 0x55,
0x55, 0x56, 0x55, 0x55, 0x6a, 0xaa, 0xae, 0xb1, 0x05, 0x00, 0x00, 0x00, 0x00,
0x00, 0x00, 0x00, 0x00, 0x00, 0x00, 0x00, 0x00, 0x00, 0x00, 0x00, 0x00, 0x00,
0x00, 0x0e, 0xa9, 0x5a, 0x55, 0x55, 0x55, 0x55, 0x55, 0x55, 0x55, 0x56, 0x55,
0x55, 0x6a, 0xaa, 0x55, 0x55, 0x55, 0x55, 0x55, 0x55, 0x55, 0x56, 0x55, 0x55,
0x6a, 0xaa, 
0x00, 0x00, 0x00, 0x00, 0x00, 0x0e, 0xea, 0xa5, 0x95, 0x69, 0x55, 0xa9, 0x96,
0xa5, 0x5b, 0xaa, 0x90, 0x0e, 0xa9, 0x5a, 0xaa, 0x95, 0x55, 0xa5, 0x55, 0x55,
0x55, 0x56, 0x95, 0x55, 0x6a, 0xaa, 0xfe, 0xb0, 0x14, 0x00, 0x00, 0x00, 0x00,
0x00, 0x00, 0x00, 0x00, 0x00, 0x00, 0x00, 0x00, 0x00, 0x00, 0x00, 0x00, 0x00,
0x00, 0x0e, 0xa9, 0x5a, 0xaa, 0x95, 0x55, 0xa5, 0x55, 0x55, 0x55, 0x56, 0x95,
0x55, 0x6a, 0xaa, 0xaa, 0x95, 0x55, 0xa5, 0x55, 0x55, 0x55, 0x56, 0x95, 0x55,
0x6a, 0xaa, 
0x00, 0x00, 0x00, 0x00, 0x00, 0x0d, 0x6a, 0xa5, 0x95, 0x69, 0x5a, 0xa5, 0x55,
0x65, 0x5f, 0xaa, 0x94, 0x0e, 0xaa, 0xaa, 0xaa, 0x95, 0x55, 0xa5, 0x55, 0x59,
0x55, 0x56, 0x95, 0x55, 0x6a, 0xaa, 0xaa, 0xb0, 0x00, 0x00, 0x00, 0x00, 0x00,
0x05, 0x40, 0x00, 0x00, 0x00, 0x00, 0x00, 0x01, 0x50, 0x00, 0x00, 0x00, 0x00,
0x00, 0x0e, 0xaa, 0xaa, 0xaa, 0x95, 0x55, 0xa5, 0x55, 0x59, 0x55, 0x56, 0x95,
0x55, 0x6a, 0xaa, 0xaa, 0x95, 0x55, 0xa5, 0x55, 0x59, 0x55, 0x56, 0x95, 0x55,
0x6a, 0xaa, 
0x00, 0x00, 0x00, 0x00, 0x00, 0x0d, 0x9a, 0xa6, 0x95, 0x55, 0x56, 0x95, 0xa5,
0x55, 0x6f, 0xaa, 0x9a, 0x4f, 0xfa, 0xa9, 0x5a, 0x95, 0x55, 0xa5, 0x55, 0x69,
0x55, 0x5a, 0xa5, 0x55, 0xaa, 0xaa, 0xaa, 0xb0, 0x00, 0x00, 0x00, 0x00, 0x00,
0x00, 0x50, 0x00, 0x00, 0x00, 0x00, 0x00, 0x05, 0x00, 0x00, 0x00, 0x00, 0x00,
0x50, 0x0f, 0xfa, 0xa9, 0x5a, 0x95, 0x55, 0xa5, 0x55, 0x69, 0x55, 0x5a, 0xa5,
0x55, 0xaa, 0xa9, 0x5a, 0x95, 0x55, 0xa5, 0x55, 0x69, 0x55, 0x5a, 0xa5, 0x55,
0xaa, 0xa9, 
0x00, 0x00, 0x00, 0x00, 0x00, 0x0b, 0x55, 0x6a, 0x95, 0x55, 0x55, 0x55, 0xa5,
0x55, 0x6f, 0xee, 0x6a, 0x40, 0xea, 0xa9, 0x56, 0xa5, 0x56, 0xaa, 0x55, 0xaa,
0x55, 0x5a, 0xaa, 0xaa, 0xaa, 0xab, 0xea, 0xb4, 0x05, 0x40, 0x00, 0x00, 0x00,
0x00, 0x04, 0x00, 0x00, 0x00, 0x00, 0x00, 0x10, 0x00, 0x00, 0x00, 0x00, 0x00,
0x44, 0x00, 0xea, 0xa9, 0x56, 0xa5, 0x56, 0xaa, 0x55, 0xaa, 0x55, 0x5a, 0xaa,
0xaa, 0xaa, 0xa9, 0x56, 0xa5, 0x56, 0xaa, 0x55, 0xaa, 0x55, 0x5a, 0xaa, 0xaa,
0xaa, 0xa9, 
0x00, 0x00, 0x00, 0x00, 0x00, 0x0b, 0x81, 0x56, 0x55, 0x55, 0x55, 0x55, 0x55,
0x55, 0x6f, 0xff, 0x6a, 0x00, 0xea, 0xa9, 0x56, 0xaa, 0xaa, 0x5a, 0xaa, 0xaa,
0x95, 0x6a, 0xaa, 0xaa, 0xaa, 0xaf, 0xbf, 0xf0, 0x00, 0x50, 0x00, 0x00, 0x00,
0x00, 0x00, 0x00, 0x00, 0x00, 0x00, 0x00, 0x00, 0x00, 0x00, 0x00, 0x00, 0x00,
0x40, 0x00, 0xea, 0xa9, 0x56, 0xaa, 0xaa, 0x5a, 0xaa, 0xaa, 0x95, 0x6a, 0xaa,
0xaa, 0xaa, 0xa9, 0x56, 0xaa, 0xaa, 0x5a, 0xaa, 0xaa, 0x95, 0x6a, 0xaa, 0xaa,
0xaa, 0xa9, 
0x00, 0x00, 0x00, 0x00, 0x00, 0x0b, 0x80, 0x05, 0x95, 0x55, 0x55, 0x55, 0x55,
0x55, 0x7f, 0xfe, 0xa0, 0x00, 0xea, 0xaa, 0xaa, 0xaa, 0xa5, 0x5a, 0xa9, 0x5a,
0xa9, 0xaa, 0xaa, 0xaa, 0xab, 0xfe, 0xbe, 0xa0, 0x01, 0x40, 0x00, 0x00, 0x00,
0x01, 0x00, 0x00, 0x00, 0x00, 0x00, 0x00, 0x00, 0x40, 0x00, 0x00, 0x00, 0x00,
0x00, 0x00, 0xea, 0xaa, 0xaa, 0xaa, 0xa5, 0x5a, 0xa9, 0x5a, 0xa9, 0xaa, 0xaa,
0xaa, 0xab, 0xfa, 0xaa, 0xaa, 0xa5, 0x5a, 0xa9, 0x5a, 0xa9, 0xaa, 0xaa, 0xaa,
0xab, 0xfa, 
0x00, 0x00, 0x00, 0x00, 0x00, 0x0f, 0xd0, 0x1a, 0xa5, 0x59, 0x55, 0x55, 0x55,
0x55, 0x7f, 0xfe, 0x80, 0x03, 0xba, 0xaa, 0xaa, 0xaa, 0xa5, 0x56, 0xaa, 0x5a,
0x96, 0xaa, 0xaa, 0xaa, 0xab, 0xfa, 0xae, 0x90, 0x00, 0x00, 0x00, 0x00, 0x00,
0x14, 0x40, 0x00, 0x00, 0x00, 0x00, 0x00, 0x01, 0x14, 0x00, 0x00, 0x00, 0x01,
0x40, 0x03, 0xba, 0xaa, 0xaa, 0xaa, 0xa5, 0x56, 0xaa, 0x5a, 0x96, 0xaa, 0xaa,
0xaa, 0xab, 0xfa, 0xaa, 0xaa, 0xa5, 0x56, 0xaa, 0x5a, 0x96, 0xaa, 0xaa, 0xaa,
0xab, 0xfa, 
0x00, 0x00, 0x00, 0x00, 0x00, 0x0f, 0xea, 0xaa, 0x95, 0x59, 0x56, 0x55, 0x55,
0x55, 0xbf, 0xfc, 0x00, 0x03, 0xbf, 0xaa, 0xaa, 0xaa, 0xa9, 0x56, 0xaa, 0xaa,
0x95, 0x5a, 0xaa, 0xaa, 0xab, 0xea, 0xae, 0x80, 0x01, 0x00, 0x00, 0x00, 0x00,
0x00, 0x11, 0x40, 0x00, 0x00, 0x00, 0x01, 0x44, 0x00, 0x00, 0x00, 0x00, 0x05,
0x00, 0x03, 0xbf, 0xaa, 0xaa, 0xaa, 0xa9, 0x56, 0xaa, 0xaa, 0x95, 0x5a, 0xaa,
0xaa, 0xab, 0xea, 0xaa, 0xaa, 0xa9, 0x56, 0xaa, 0xaa, 0x95, 0x5a, 0xaa, 0xaa,
0xab, 0xea, 
0x00, 0x00, 0x00, 0x00, 0x00, 0x0b, 0xfe, 0xaa, 0x95, 0x56, 0x5a, 0x96, 0x55,
0x55, 0xff, 0xf0, 0x00, 0x03, 0x96, 0xaa, 0xaa, 0xa5, 0x6a, 0xaa, 0xaa, 0xaa,
0xa5, 0x6a, 0xaa, 0xaa, 0xab, 0xfa, 0xae, 0x90, 0x11, 0x00, 0x00, 0x00, 0x00,
0x00, 0x00, 0x10, 0x00, 0x00, 0x00, 0x04, 0x00, 0x00, 0x00, 0x00, 0x00, 0x01,
0x50, 0x13, 0x96, 0xaa, 0xaa, 0xa5, 0x6a, 0xaa, 0xaa, 0xaa, 0xa5, 0x6a, 0xaa,
0xaa, 0xab, 0xfa, 0xaa, 0xa5, 0x6a, 0xaa, 0xaa, 0xaa, 0xa5, 0x6a, 0xaa, 0xaa,
0xab, 0xfa, 
0x00, 0x00, 0x00, 0x00, 0x00, 0x0b, 0xf5, 0xaa, 0x95, 0x56, 0xaa, 0x9a, 0x56,
0x55, 0xff, 0xe8, 0x00, 0x03, 0xaa, 0xba, 0xaa, 0xa5, 0x6a, 0xaa, 0xaa, 0xaa,
0xaa, 0xaa, 0xaa, 0xaa, 0xff, 0xff, 0xfe, 0xa0, 0x05, 0x00, 0x00, 0x00, 0x00,
0x14, 0x00, 0x00, 0x00, 0x00, 0x00, 0x00, 0x00, 0x14, 0x00, 0x00, 0x00, 0x00,
0x00, 0x03, 0xaa, 0xba, 0xaa, 0xa5, 0x6a, 0xaa, 0xaa, 0xaa, 0xaa, 0xaa, 0xaa,
0xaa, 0xff, 0xfa, 0xaa, 0xa5, 0x6a, 0xaa, 0xaa, 0xaa, 0xaa, 0xaa, 0xaa, 0xaa,
0xff, 0xfa, 
0x00, 0x00, 0x00, 0x00, 0x00, 0x0a, 0xfa, 0x5a, 0x55, 0x55, 0x95, 0x9a, 0x55,
0x5b, 0xff, 0xe8, 0x00, 0x02, 0xea, 0xae, 0xeb, 0xfa, 0xaa, 0xaa, 0xaa, 0xaa,
0xaa, 0xaa, 0xae, 0xaf, 0xfa, 0xbb, 0xfe, 0xa0, 0x00, 0x00, 0x00, 0x00, 0x00,
0x01, 0x40, 0x00, 0x00, 0x00, 0x00, 0x00, 0x01, 0x40, 0x00, 0x00, 0x00, 0x00,
0x00, 0x02, 0xea, 0xae, 0xab, 0xe5, 0x5a, 0xaa, 0x56, 0xaa, 0xaa, 0xaa, 0xaa,
0xba, 0xbf, 0xfe, 0xab, 0xe5, 0x5a, 0xaa, 0xaa, 0xaa, 0xaa, 0xaa, 0xaa, 0xaa,
0xaa, 0xaa, 
0x00, 0x00, 0x00, 0x00, 0x00, 0x0b, 0xf9, 0x56, 0x55, 0x56, 0x95, 0xaa, 0x55,
0x5a, 0xff, 0x9a, 0x80, 0x01, 0xea, 0xaf, 0xeb, 0xba, 0xaa, 0xaa, 0xaa, 0xaa,
0xaa, 0xa9, 0x5b, 0xef, 0xfa, 0xbf, 0xba, 0x90, 0x00, 0x00, 0x00, 0x00, 0x00,
0x00, 0x50, 0x00, 0x00, 0x00, 0x00, 0x00, 0x05, 0x00, 0x00, 0x00, 0x00, 0x00,
0x00, 0x01, 0xea, 0xaf, 0xff, 0xfa, 0xaa, 0xaa, 0x55, 0x6a, 0xaa, 0xaa, 0xaa,
0xbe, 0xbe, 0xbf, 0xff, 0xfa, 0xaa, 0xaa, 0xaa, 0xaa, 0xaa, 0xaa, 0xaa, 0xaa,
0xaa, 0xa9, 
0x00, 0x00, 0x00, 0x00, 0x00, 0x0b, 0xf9, 0x5a, 0x9a, 0x55, 0x59, 0x69, 0x65,
0x5b, 0xff, 0x9a, 0xa0, 0x01, 0xb6, 0xaf, 0xeb, 0xa5, 0xa9, 0x5a, 0x95, 0x69,
0x5a, 0x95, 0x5a, 0xab, 0xfa, 0xbe, 0xfa, 0x90, 0x01, 0x00, 0x00, 0x00, 0x00,
0x00, 0x10, 0x00, 0x00, 0x00, 0x00, 0x00, 0x04, 0x00, 0x00, 0x00, 0x00, 0x00,
0x00, 0x01, 0xb6, 0xaf, 0xfe, 0xbf, 0xaa, 0xaa, 0x95, 0xaa, 0xaa, 0xaa, 0xaa,
0xbe, 0xbe, 0xbf, 0xfe, 0xbf, 0xaa, 0xaa, 0xea, 0xa5, 0xa9, 0x5a, 0x95, 0x69,
0x5a, 0x95, 
0x00, 0x00, 0x00, 0x00, 0x00, 0x0e, 0xba, 0xaa, 0x9a, 0x56, 0x69, 0x55, 0xa9,
0x5b, 0xff, 0x5a, 0xa8, 0x00, 0x67, 0xfe, 0xff, 0x95, 0x65, 0x55, 0x55, 0x55,
0x56, 0x95, 0x56, 0xab, 0xff, 0xfe, 0xea, 0x40, 0x00, 0x00, 0x00, 0x00, 0x00,
0x01, 0x40, 0x00, 0x00, 0x00, 0x00, 0x00, 0x01, 0x40, 0x00, 0x00, 0x00, 0x00,
0x00, 0x00, 0x67, 0xfe, 0xfe, 0xaa, 0xaa, 0xaa, 0xaa, 0xaa, 0xaa, 0xae, 0xaa,
0xba, 0xbf, 0xff, 0xfe, 0xaa, 0xaa, 0xab, 0xfb, 0x95, 0x65, 0x55, 0x55, 0x55,
0x56, 0x95, 
0x00, 0x00, 0x00, 0x00, 0x00, 0x0e, 0x6a, 0xaa, 0xaa, 0x66, 0xaa, 0x66, 0xa9,
0x6e, 0xfe, 0x6a, 0xa9, 0x00, 0x56, 0xed, 0xaa, 0x95, 0x55, 0x55, 0x55, 0x55,
0x55, 0x55, 0x56, 0xaa, 0xaa, 0xbe, 0xaa, 0x40, 0x10, 0x10, 0x00, 0x00, 0x00,
0x00, 0x05, 0x00, 0x00, 0x00, 0x00, 0x00, 0x50, 0x00, 0x00, 0x00, 0x00, 0x00,
0x00, 0x00, 0x56, 0xed, 0xfe, 0xaa, 0xfa, 0xaa, 0xaa, 0xaa, 0xaa, 0xbf, 0xff,
0xea, 0xbf, 0xff, 0xfe, 0xaa, 0xfa, 0xaf, 0xfe, 0x95, 0x55, 0x55, 0x55, 0x55,
0x55, 0x55, 
0x00, 0x00, 0x00, 0x00, 0x00, 0x0e, 0x9a, 0xaa, 0xaa, 0xaa, 0xaa, 0x6a, 0xa9,
0xae, 0xfe, 0xaa, 0xa9, 0x00, 0x15, 0x69, 0xaa, 0xa5, 0x55, 0x55, 0x55, 0x55,
0x55, 0x55, 0x56, 0xaa, 0xab, 0xaa, 0x99, 0x00, 0x10, 0x40, 0x00, 0x00, 0x00,
0x00, 0x11, 0x40, 0x00, 0x00, 0x00, 0x01, 0x44, 0x00, 0x00, 0x00, 0x00, 0x00,
0x00, 0x00, 0x15, 0x69, 0xbe, 0xab, 0xff, 0xfe, 0xaa, 0xba, 0xaf, 0xfa, 0xbf,
0xff, 0xeb, 0xff, 0xfe, 0xab, 0xff, 0xff, 0xaa, 0xa5, 0x55, 0x55, 0x55, 0x55,
0x55, 0x55, 
0x00, 0x00, 0x00, 0x00, 0x00, 0x0e, 0x56, 0xaa, 0xaa, 0xaa, 0xaa, 0xaa, 0xaa,
0xaa, 0xfa, 0xaa, 0xa0, 0x00, 0x05, 0x55, 0xa5, 0x55, 0x55, 0x55, 0x55, 0x55,
0x55, 0x55, 0x55, 0x55, 0xab, 0xa5, 0x40, 0x00, 0x00, 0x40, 0x00, 0x00, 0x00,
0x01, 0x40, 0x10, 0x00, 0x00, 0x00, 0x04, 0x01, 0x40, 0x00, 0x00, 0x00, 0x00,
0x00, 0x00, 0x05, 0x55, 0x7f, 0xff, 0xab, 0xfa, 0xaa, 0xfe, 0xbf, 0xfa, 0xbf,
0xff, 0xff, 0xff, 0xff, 0xff, 0xab, 0xfa, 0xa5, 0x55, 0x55, 0x55, 0x55, 0x55,
0x55, 0x55, 
0x00, 0x00, 0x00, 0x00, 0x00, 0x0b, 0xea, 0xaa, 0xaa, 0xaa, 0xaf, 0xff, 0xfa,
0xab, 0xfa, 0xea, 0x00, 0x00, 0x00, 0x1a, 0xa5, 0x55, 0x50, 0x01, 0x55, 0x55,
0x55, 0x55, 0x55, 0x55, 0xaa, 0xa8, 0x00, 0x00, 0x00, 0x00, 0x00, 0x00, 0x00,
0x14, 0x50, 0x00, 0x00, 0x00, 0x00, 0x00, 0x05, 0x14, 0x00, 0x00, 0x00, 0x00,
0x00, 0x00, 0x00, 0x15, 0x7a, 0xaf, 0xaa, 0xfe, 0xaf, 0xff, 0xff, 0xaa, 0xbf,
0xaf, 0xff, 0xff, 0xfa, 0xaf, 0xaa, 0xfa, 0xa5, 0x55, 0x50, 0x01, 0x55, 0x55,
0x55, 0x55, 
0x00, 0x00, 0x00, 0x00, 0x00, 0x0a, 0xaa, 0x9a, 0xaa, 0xaa, 0xb4, 0x00, 0x1e,
0xab, 0xfb, 0xf8, 0x00, 0x00, 0x00, 0xaa, 0x65, 0x55, 0x50, 0x00, 0x55, 0x55,
0x55, 0x55, 0x55, 0x55, 0x56, 0xbf, 0xc0, 0x00, 0x00, 0x00, 0x00, 0x00, 0x00,
0x01, 0x04, 0x01, 0x55, 0x40, 0x00, 0x00, 0x10, 0x40, 0x00, 0x00, 0x00, 0x00,
0x00, 0x00, 0x00, 0x00, 0x3a, 0x6a, 0xff, 0xff, 0xff, 0xab, 0xff, 0xff, 0xfe,
0xaf, 0xff, 0xaa, 0xfa, 0x6f, 0xff, 0xaa, 0x65, 0x55, 0x50, 0x00, 0x55, 0x55,
0x55, 0x55, 
0x00, 0x00, 0x00, 0x00, 0x00, 0x0d, 0x6a, 0x5a, 0xaa, 0xaa, 0xd2, 0xff, 0x86,
0xaf, 0xff, 0xf9, 0x00, 0x00, 0x00, 0x95, 0x55, 0x55, 0x50, 0x05, 0x55, 0x55,
0x55, 0x50, 0x05, 0x55, 0x55, 0xaa, 0xc0, 0x00, 0x00, 0x00, 0x00, 0x00, 0x00,
0x00, 0x10, 0x05, 0x55, 0x50, 0x00, 0x00, 0x04, 0x00, 0x00, 0x00, 0x00, 0x00,
0x00, 0x00, 0x00, 0x00, 0x3a, 0x55, 0xab, 0xff, 0xff, 0xff, 0xff, 0xfa, 0xbf,
0xff, 0xee, 0xa6, 0xba, 0x55, 0xfe, 0x95, 0x55, 0x55, 0x50, 0x05, 0x55, 0x55,
0x55, 0x50, 
0x00, 0x00, 0x10, 0x00, 0x00, 0x0e, 0x9a, 0x6a, 0xaa, 0xaa, 0xcb, 0xff, 0xe3,
0xae, 0xff, 0xfa, 0x40, 0x00, 0x00, 0x95, 0x55, 0x55, 0x50, 0x55, 0x55, 0x55,
0x55, 0x50, 0x01, 0x55, 0x55, 0xaa, 0x80, 0x00, 0x00, 0x00, 0x00, 0x00, 0x00,
0x00, 0x40, 0x05, 0x55, 0x50, 0x00, 0x00, 0x01, 0x00, 0x00, 0x00, 0x00, 0x00,
0x00, 0x00, 0x00, 0x00, 0x2e, 0x56, 0xaa, 0xfe, 0xff, 0xfd, 0xdf, 0xaa, 0xaa,
0xaf, 0xde, 0xa6, 0xbe, 0x56, 0xaa, 0x95, 0x55, 0x55, 0x50, 0x55, 0x55, 0x55,
0x55, 0x50, 
0x00, 0x01, 0x45, 0x00, 0x00, 0x0b, 0xea, 0xff, 0xab, 0xeb, 0xcf, 0xff, 0xf3,
0xee, 0xbf, 0xea, 0xa0, 0x00, 0x2a, 0xa6, 0x55, 0x55, 0x55, 0x55, 0x55, 0x55,
0x55, 0x54, 0x01, 0x55, 0x55, 0xaa, 0xac, 0x00, 0x00, 0x00, 0x00, 0x00, 0x00,
0x14, 0x40, 0x01, 0x55, 0x50, 0x00, 0x00, 0x01, 0x14, 0x00, 0x00, 0x00, 0x00,
0x00, 0x00, 0x00, 0x00, 0x1e, 0x6a, 0xaa, 0xf7, 0xfe, 0x6a, 0xef, 0xea, 0xaa,
0xad, 0xda, 0xaa, 0xae, 0xaa, 0xaa, 0xa6, 0x55, 0x55, 0x55, 0x55, 0x55, 0x55,
0x55, 0x54, 
0x00, 0x05, 0x04, 0x40, 0x00, 0x0d, 0xbf, 0xeb, 0xee, 0xbf, 0xcb, 0xff, 0xe3,
0xba, 0xff, 0xea, 0xa0, 0x00, 0x25, 0xaa, 0x55, 0x55, 0x55, 0x55, 0x55, 0x55,
0x55, 0x55, 0x41, 0x55, 0x56, 0xaa, 0xac, 0x00, 0x00, 0x00, 0x00, 0x00, 0x01,
0x55, 0x00, 0x04, 0x55, 0x40, 0x05, 0x00, 0x00, 0x55, 0x40, 0x00, 0x00, 0x00,
0x00, 0x00, 0x00, 0x00, 0x07, 0x66, 0xa7, 0xf7, 0x7a, 0xaa, 0xab, 0x7e, 0x6a,
0xfd, 0xea, 0x50, 0x1b, 0x66, 0xa5, 0xaa, 0x55, 0x55, 0x55, 0x55, 0x55, 0x55,
0x55, 0x55, 
0x00, 0x00, 0x04, 0x00, 0x00, 0x0f, 0xfe, 0xaf, 0xef, 0xff, 0xe3, 0xff, 0xcb,
0xfa, 0xff, 0xea, 0x00, 0x00, 0x25, 0x95, 0x55, 0x55, 0x55, 0x55, 0x55, 0x55,
0x55, 0x55, 0x55, 0x55, 0x56, 0xaa, 0xac, 0x00, 0x00, 0x00, 0x00, 0x00, 0x00,
0x01, 0x00, 0x01, 0x10, 0x10, 0x55, 0x50, 0x00, 0x40, 0x00, 0x00, 0x00, 0x00,
0x00, 0x00, 0x00, 0x00, 0x05, 0x66, 0xb7, 0xfa, 0xaa, 0x54, 0x01, 0x7f, 0x77,
0xea, 0xa9, 0x40, 0x06, 0x76, 0xa5, 0x95, 0x55, 0x55, 0x55, 0x55, 0x55, 0x55,
0x55, 0x55, 
0x00, 0x00, 0x00, 0x00, 0x00, 0x0a, 0xcf, 0xdd, 0x6f, 0xfa, 0xe2, 0xaa, 0x8a,
0xfa, 0xff, 0xa0, 0x00, 0x00, 0x2a, 0x95, 0x55, 0x41, 0x55, 0x55, 0x55, 0x55,
0x55, 0x55, 0x55, 0x55, 0x55, 0xaa, 0xac, 0x00, 0x00, 0x00, 0x00, 0x00, 0x00,
0x00, 0x54, 0x00, 0x00, 0x01, 0x15, 0x50, 0x15, 0x00, 0x00, 0x00, 0x00, 0x00,
0x00, 0x00, 0x00, 0x00, 0x01, 0x66, 0xa6, 0xaa, 0x95, 0x40, 0x00, 0x1a, 0xaa,
0xa5, 0x54, 0x00, 0x01, 0xa6, 0xaa, 0x95, 0x55, 0x41, 0x55, 0x55, 0x55, 0x55,
0x55, 0x55, 
0x00, 0x00, 0x00, 0x00, 0x00, 0x00, 0x0a, 0xcf, 0xf2, 0x90, 0x05, 0x55, 0x50,
0x0b, 0xff, 0x80, 0x00, 0x02, 0xaa, 0x95, 0x55, 0x00, 0x55, 0x55, 0x55, 0x55,
0x55, 0x55, 0x55, 0x55, 0x55, 0xaa, 0xaa, 0x00, 0x00, 0x00, 0x00, 0x00, 0x00,
0x00, 0x45, 0x00, 0x00, 0x00, 0x45, 0x40, 0x51, 0x00, 0x00, 0x00, 0x00, 0x00,
0x00, 0x00, 0x00, 0x00, 0x00, 0x15, 0x55, 0x55, 0x50, 0x00, 0x00, 0x00, 0x55,
0x50, 0x00, 0x00, 0x00, 0x06, 0xaa, 0x95, 0x55, 0x00, 0x55, 0x55, 0x55, 0x55,
0x55, 0x55, 
0x10, 0x48, 0x40, 0x00, 0x10, 0x45, 0x01, 0x50, 0x55, 0x55, 0x01, 0x55, 0x55,
0x5f, 0xbf, 0xa0, 0x00, 0x02, 0x56, 0x95, 0x54, 0x00, 0x55, 0x55, 0x55, 0x55,
0x55, 0x55, 0x55, 0x55, 0x55, 0xaa, 0xaa, 0x80, 0x00, 0x00, 0x00, 0x00, 0x00,
0x04, 0x00, 0x40, 0x45, 0x40, 0x00, 0x01, 0x00, 0x10, 0x00, 0x00, 0x10, 0x00,
0x00, 0x00, 0x00, 0x00, 0x00, 0x00, 0x00, 0xa0, 0x00, 0x00, 0x00, 0xa0, 0x00,
0x08, 0x18, 0x00, 0x58, 0x02, 0x56, 0x95, 0x54, 0x00, 0x55, 0x55, 0x55, 0x55,
0x55, 0x55, 
0x94, 0x95, 0x84, 0x48, 0x94, 0x9a, 0xa5, 0x6a, 0xa9, 0x6a, 0xaa, 0xaa, 0xa9,
0x5f, 0xbf, 0xa4, 0x00, 0x02, 0x55, 0x95, 0x54, 0x00, 0x15, 0x55, 0x55, 0x55,
0x55, 0x55, 0x55, 0x55, 0x55, 0x5a, 0xaa, 0xc0, 0x00, 0x00, 0x00, 0x00, 0x00,
0x01, 0x00, 0x01, 0x15, 0x50, 0x00, 0x00, 0x00, 0x40, 0x00, 0x00, 0x00, 0x50,
0x00, 0x00, 0x00, 0x00, 0x00, 0x01, 0x56, 0xa8, 0x00, 0x01, 0x56, 0xa8, 0x00,
0x08, 0x42, 0x2a, 0x08, 0x02, 0x55, 0x95, 0x54, 0x00, 0x15, 0x55, 0x55, 0x55,
0x55, 0x55, 
0xa8, 0x69, 0x98, 0x88, 0xa8, 0x6a, 0xaa, 0xaa, 0xaa, 0xaa, 0xaa, 0x9a, 0xaa,
0x5f, 0xbf, 0xa5, 0xa0, 0x02, 0x55, 0x65, 0x54, 0x00, 0x15, 0x55, 0x55, 0x55,
0x55, 0x55, 0x55, 0x55, 0x55, 0x56, 0xaa, 0xc0, 0x00, 0x00, 0x00, 0x00, 0x00,
0x50, 0x10, 0x00, 0x55, 0x50, 0x00, 0x00, 0x04, 0x05, 0x00, 0x00, 0x14, 0x50,
0x00, 0x00, 0x00, 0x00, 0x00, 0x01, 0x05, 0xaa, 0x55, 0x01, 0x05, 0xaa, 0x55,
0x08, 0x15, 0xc2, 0xa0, 0x02, 0x55, 0x65, 0x54, 0x00, 0x15, 0x55, 0x55, 0x55,
0x55, 0x55, 
0x96, 0x9a, 0x64, 0x99, 0x96, 0x9a, 0xaa, 0xaa, 0xaa, 0xaa, 0xaa, 0xaa, 0xaa,
0x53, 0xfe, 0xa6, 0xa8, 0x02, 0x55, 0x65, 0x54, 0x00, 0x15, 0x55, 0x55, 0x55,
0x55, 0x55, 0x55, 0x55, 0x55, 0x55, 0xaa, 0xc4, 0x00, 0x00, 0x00, 0x00, 0x00,
0x04, 0x54, 0x00, 0x05, 0x00, 0x00, 0x00, 0x15, 0x10, 0x00, 0x01, 0x14, 0x10,
0x00, 0x00, 0x00, 0x00, 0x01, 0x01, 0x05, 0x65, 0x41, 0x01, 0x05, 0x65, 0x41,
0x02, 0x41, 0xc2, 0x2a, 0x02, 0x55, 0x65, 0x54, 0x00, 0x15, 0x55, 0x55, 0x55,
0x55, 0x55, 
0x51, 0x55, 0x94, 0x95, 0x51, 0x5f, 0xab, 0xfe, 0xab, 0xff, 0xab, 0xff, 0xea,
0x54, 0xfe, 0xa6, 0xa0, 0x02, 0x96, 0xa5, 0x54, 0x00, 0x55, 0x55, 0x55, 0x55,
0x55, 0x55, 0x55, 0x55, 0x55, 0x55, 0xaa, 0xc4, 0x54, 0x00, 0x00, 0x00, 0x00,
0x00, 0x00, 0x00, 0x00, 0x00, 0x10, 0x00, 0x00, 0x00, 0x00, 0x05, 0x10, 0x00,
0x00, 0x00, 0x00, 0x00, 0x01, 0x00, 0x55, 0x65, 0x41, 0x00, 0x55, 0x65, 0x41,
0x00, 0xaa, 0xeb, 0x94, 0x82, 0x96, 0xa5, 0x54, 0x00, 0x55, 0x55, 0x55, 0x55,
0x55, 0x55, 
0x5a, 0xaa, 0xa5, 0x40, 0x5a, 0xaf, 0xff, 0xff, 0xff, 0xff, 0xe5, 0xbf, 0xfa,
0x57, 0xfe, 0xea, 0xa0, 0x00, 0xa5, 0x55, 0x55, 0x55, 0x55, 0x55, 0x55, 0x55,
0x55, 0x55, 0x55, 0x55, 0x55, 0x56, 0xaf, 0x01, 0x05, 0x00, 0x00, 0x00, 0x00,
0x00, 0x00, 0x00, 0x00, 0x00, 0x00, 0x00, 0x00, 0x00, 0x00, 0x04, 0x00, 0x00,
0x00, 0x00, 0x00, 0x00, 0x00, 0x00, 0x95, 0x65, 0x55, 0x40, 0x95, 0x65, 0x55,
0x40, 0x00, 0xeb, 0x81, 0x20, 0xa5, 0x55, 0x55, 0x55, 0x55, 0x55, 0x55, 0x55,
0x55, 0x55, 
0xaf, 0xff, 0xfa, 0xaa, 0xaf, 0xff, 0xff, 0xff, 0xe5, 0xbf, 0xff, 0xff, 0xea,
0x9b, 0xee, 0xea, 0x90, 0x02, 0xa5, 0x55, 0x55, 0x55, 0x54, 0x15, 0x55, 0x55,
0x55, 0x55, 0x55, 0x55, 0x55, 0x56, 0xab, 0x00, 0x14, 0x00, 0x00, 0x00, 0x00,
0x00, 0x00, 0x00, 0x00, 0x00, 0x00, 0x50, 0x00, 0x00, 0x00, 0x00, 0x00, 0x00,
0x00, 0x00, 0x00, 0x00, 0x00, 0x05, 0x6a, 0xa5, 0x56, 0x45, 0x6a, 0xa5, 0x56,
0x40, 0x00, 0xeb, 0x20, 0x22, 0xa5, 0x55, 0x55, 0x55, 0x54, 0x15, 0x55, 0x55,
0x55, 0x55, 
0xfa, 0xbe, 0xaa, 0xab, 0xfa, 0xbf, 0xff, 0xff, 0xff, 0xff, 0xff, 0xfa, 0xfa,
0x9b, 0xee, 0xea, 0x94, 0x0a, 0xa5, 0x55, 0x55, 0x55, 0x54, 0x05, 0x55, 0x55,
0x55, 0x54, 0x01, 0x55, 0x55, 0x5a, 0xaa, 0x80, 0x00, 0x00, 0x00, 0x00, 0x00,
0x05, 0x40, 0x00, 0x00, 0x00, 0x00, 0x50, 0x01, 0x50, 0x00, 0x00, 0x00, 0x00,
0x00, 0x00, 0x00, 0x00, 0x00, 0x05, 0x5a, 0x56, 0xa5, 0x45, 0x5a, 0x56, 0xa5,
0x40, 0x15, 0xeb, 0x9a, 0x8a, 0xa5, 0x55, 0x55, 0x55, 0x54, 0x05, 0x55, 0x55,
0x55, 0x54, 
0xff, 0xff, 0xff, 0xff, 0xff, 0xff, 0xff, 0xff, 0xff, 0xff, 0xff, 0xfa, 0xba,
0x9b, 0xef, 0xaa, 0x9a, 0x4a, 0xa5, 0x55, 0x55, 0x55, 0x54, 0x05, 0x55, 0x55,
0x55, 0x50, 0x00, 0x55, 0x55, 0xaa, 0xaa, 0xb0, 0x00, 0x00, 0x00, 0x00, 0x00,
0x00, 0x50, 0x00, 0x00, 0x00, 0x00, 0x00, 0x05, 0x00, 0x00, 0x00, 0x00, 0x00,
0x00, 0x00, 0x00, 0x00, 0x00, 0x05, 0x59, 0x55, 0x95, 0x55, 0x59, 0x55, 0x95,
0x50, 0x19, 0xeb, 0xaa, 0x0a, 0xa5, 0x55, 0x55, 0x55, 0x54, 0x05, 0x55, 0x55,
0x55, 0x50, 
0xff, 0xfb, 0xff, 0xff, 0xff, 0xff, 0xff, 0xff, 0xff, 0xfb, 0xff, 0xfa, 0xfa,
0x9b, 0xaf, 0xae, 0x6a, 0x4e, 0xa5, 0x55, 0x54, 0x00, 0x55, 0x55, 0x55, 0x55,
0x55, 0x50, 0x00, 0x55, 0x55, 0xaa, 0xaa, 0xb4, 0x05, 0x40, 0x00, 0x00, 0x00,
0x00, 0x04, 0x00, 0x00, 0x00, 0x00, 0x00, 0x10, 0x00, 0x00, 0x00, 0x00, 0x00,
0x00, 0x00, 0x00, 0x00, 0x00, 0x05, 0x69, 0x55, 0x95, 0x65, 0x69, 0x55, 0x95,
0x60, 0x06, 0xaa, 0xea, 0x4e, 0xa5, 0x55, 0x54, 0x00, 0x55, 0x55, 0x55, 0x55,
0x55, 0x50, 
0xab, 0xff, 0xaf, 0xfe, 0xab, 0xff, 0xff, 0xfe, 0xab, 0xff, 0xaf, 0xfa, 0xaa,
0x9f, 0xbf, 0xaf, 0x6a, 0x0d, 0x65, 0x55, 0x50, 0x00, 0x15, 0x55, 0x55, 0x55,
0x55, 0x50, 0x00, 0x55, 0x55, 0xaa, 0xaa, 0xb0, 0x00, 0x50, 0x01, 0x00, 0x00,
0x00, 0x00, 0x00, 0x00, 0x00, 0x00, 0x00, 0x00, 0x00, 0x00, 0x00, 0x00, 0x00,
0x00, 0x00, 0x00, 0x00, 0x00, 0x1a, 0xa9, 0x41, 0xa5, 0x6a, 0xa9, 0x41, 0xa5,
0x61, 0x45, 0xaa, 0xaa, 0x9d, 0x65, 0x55, 0x50, 0x00, 0x15, 0x55, 0x55, 0x55,
0x55, 0x50, 
0xfa, 0xaa, 0xff, 0xea, 0xaa, 0xaf, 0xaa, 0xff, 0xfa, 0xaa, 0xff, 0xea, 0xfe,
0x9f, 0xbf, 0xbe, 0xa0, 0x0d, 0x6a, 0xa5, 0x50, 0x00, 0x15, 0x55, 0x50, 0x05,
0x55, 0x50, 0x00, 0x55, 0x55, 0xaa, 0xaa, 0xb0, 0x01, 0x40, 0x00, 0x00, 0x00,
0x01, 0x00, 0x00, 0x00, 0x00, 0x00, 0x00, 0x00, 0x40, 0x00, 0x00, 0x00, 0x00,
0x00, 0x00, 0x00, 0x00, 0x04, 0x56, 0xaa, 0x41, 0xaf, 0xa6, 0xaa, 0x41, 0xaf,
0xa1, 0x99, 0xaa, 0xa6, 0xad, 0x6a, 0xa5, 0x50, 0x00, 0x15, 0x55, 0x50, 0x05,
0x55, 0x50, 
0xaa, 0xaa, 0xab, 0xff, 0xfe, 0xaa, 0xaf, 0xff, 0xaa, 0xaa, 0xab, 0xfa, 0xbe,
0x93, 0xbf, 0xfe, 0x80, 0x0b, 0xfa, 0x55, 0x50, 0x00, 0x15, 0x55, 0x40, 0x00,
0x55, 0x54, 0x00, 0x55, 0x55, 0x5a, 0xaf, 0xf0, 0x00, 0x00, 0x10, 0x10, 0x00,
0x14, 0x40, 0x00, 0x00, 0x00, 0x00, 0x00, 0x01, 0x14, 0x00, 0x00, 0x00, 0x00,
0x00, 0x00, 0x00, 0x04, 0x14, 0x46, 0xab, 0x96, 0xeb, 0x96, 0xab, 0x96, 0xeb,
0x90, 0x08, 0x69, 0xaa, 0x9b, 0xfa, 0x55, 0x50, 0x00, 0x15, 0x55, 0x40, 0x00,
0x55, 0x54, 
0xaa, 0xaa, 0xaa, 0xaa, 0xaa, 0xaa, 0xaa, 0xaa, 0xaa, 0xaa, 0xaa, 0xaa, 0xae,
0x97, 0xbf, 0xfc, 0x00, 0x00, 0x39, 0x55, 0x50, 0x00, 0x55, 0x55, 0x40, 0x00,
0x55, 0x55, 0x55, 0x55, 0x55, 0x56, 0xaa, 0xc0, 0x01, 0x00, 0x10, 0x40, 0x00,
0x00, 0x11, 0x40, 0x00, 0x00, 0x00, 0x01, 0x44, 0x00, 0x00, 0x00, 0x00, 0x00,
0x00, 0x00, 0x00, 0x05, 0x14, 0x02, 0xbe, 0xaa, 0xff, 0x92, 0xbe, 0xaa, 0xff,
0x90, 0x25, 0xa5, 0xa9, 0x00, 0x39, 0x55, 0x50, 0x00, 0x55, 0x55, 0x40, 0x00,
0x55, 0x55, 
0xaa, 0xaa, 0xaa, 0xaa, 0xaa, 0xaa, 0xaa, 0xaa, 0xaa, 0xaa, 0xaa, 0xaa, 0xbe,
0x56, 0xff, 0xf0, 0x00, 0x00, 0xa9, 0x55, 0x50, 0x01, 0x50, 0x55, 0x50, 0x01,
0x55, 0x55, 0x55, 0x55, 0x55, 0x56, 0xaa, 0xb0, 0x11, 0x00, 0x00, 0x40, 0x00,
0x00, 0x00, 0x10, 0x00, 0x00, 0x00, 0x04, 0x00, 0x00, 0x00, 0x00, 0x00, 0x00,
0x00, 0x00, 0x00, 0x05, 0x00, 0x01, 0xaa, 0x55, 0xaa, 0x41, 0xaa, 0x55, 0xaa,
0x40, 0x68, 0x90, 0x6a, 0x40, 0xa9, 0x55, 0x50, 0x01, 0x50, 0x55, 0x50, 0x01,
0x55, 0x55, 
0xaa, 0xaa, 0xaa, 0xaa, 0xaa, 0xaa, 0xaa, 0xaa, 0xaa, 0xaa, 0xaa, 0xaa, 0xfe,
0x5e, 0xef, 0xe0, 0x00, 0x00, 0xa9, 0x55, 0x55, 0x55, 0x40, 0x05, 0x54, 0x05,
0x55, 0x55, 0x55, 0x55, 0x55, 0x56, 0xaa, 0xb0, 0x05, 0x00, 0x00, 0x00, 0x00,
0x14, 0x00, 0x00, 0x00, 0x00, 0x00, 0x00, 0x00, 0x14, 0x00, 0x00, 0x00, 0x00,
0x00, 0x00, 0x00, 0x00, 0x04, 0x00, 0x00, 0x00, 0x00, 0x00, 0x00, 0x00, 0x00,
0x00, 0x14, 0x00, 0x06, 0x40, 0xa9, 0x55, 0x55, 0x55, 0x40, 0x05, 0x54, 0x05,
0x55, 0x55, 
0xaa, 0xaa, 0xaa, 0xaa, 0xaa, 0xaa, 0xaa, 0xaa, 0xaa, 0xaa, 0xaa, 0xaa, 0xba,
0x9f, 0xff, 0xe8, 0x00, 0x00, 0x95, 0x55, 0x55, 0x55, 0x40, 0x01, 0x55, 0x55,
0x55, 0x55, 0x55, 0x55, 0x55, 0x56, 0xaa, 0xb0, 0x00, 0x00, 0x00, 0x00, 0x00,
0x01, 0x40, 0x00, 0x00, 0x00, 0x00, 0x00, 0x01, 0x40, 0x00, 0x00, 0x00, 0x00,
0x00, 0x00, 0x00, 0x00, 0x00, 0x00, 0x00, 0x00, 0x00, 0x00, 0x00, 0x00, 0x00,
0x08, 0x18, 0x00, 0x58, 0x00, 0x95, 0x55, 0x55, 0x55, 0x40, 0x01, 0x55, 0x55,
0x55, 0x55, 
0xaa, 0xaa, 0xaa, 0xaa, 0xaa, 0xaa, 0xaa, 0xaa, 0xaa, 0xaa, 0xaa, 0xaa, 0xfa,
0x9f, 0xaf, 0x9a, 0x80, 0x00, 0x95, 0x55, 0x55, 0x55, 0x40, 0x01, 0x55, 0x55,
0x55, 0x55, 0x55, 0x55, 0x55, 0x56, 0xaa, 0xb0, 0x00, 0x00, 0x00, 0x00, 0x00,
0x00, 0x50, 0x00, 0x00, 0x00, 0x00, 0x00, 0x05, 0x00, 0x00, 0x00, 0x00, 0x00,
0x14, 0x00, 0x00, 0x00, 0x00, 0x00, 0x00, 0x00, 0x00, 0x00, 0x00, 0x00, 0x00,
0x08, 0x42, 0x2a, 0x08, 0x00, 0x95, 0x55, 0x55, 0x55, 0x40, 0x01, 0x55, 0x55,
0x55, 0x55, 
0xaa, 0xa5, 0xaa, 0xaa, 0xaa, 0xaa, 0xaa, 0xaa, 0xaa, 0xaa, 0xaa, 0xaa, 0xaa,
0x9f, 0xaf, 0x9a, 0xa0, 0x02, 0x95, 0xaa, 0x55, 0x55, 0x40, 0x05, 0x55, 0x55,
0x55, 0x55, 0x55, 0x56, 0x95, 0x56, 0xaa, 0xb0, 0x01, 0x00, 0x00, 0x00, 0x00,
0x00, 0x10, 0x00, 0x00, 0x00, 0x00, 0x00, 0x04, 0x00, 0x00, 0x00, 0x00, 0x00,
0x50, 0x40, 0x00, 0x00, 0x00, 0x00, 0x00, 0x00, 0x00, 0x00, 0x00, 0x00, 0x00,
0x08, 0x15, 0xc2, 0xa0, 0x02, 0x95, 0xaa, 0x55, 0x55, 0x40, 0x05, 0x55, 0x55,
0x55, 0x55, 
0xaa, 0xaa, 0xaa, 0xaa, 0xaa, 0xaa, 0xaa, 0xaa, 0xaa, 0xaa, 0xaa, 0xaa, 0xfe,
0x93, 0xbf, 0x5a, 0xa8, 0x0a, 0xaa, 0xaa, 0x55, 0x55, 0x55, 0x55, 0x55, 0x55,
0x55, 0x55, 0x55, 0x55, 0xaa, 0xaa, 0xaa, 0xe0, 0x00, 0x00, 0x01, 0x00, 0x00,
0x01, 0x40, 0x00, 0x00, 0x00, 0x00, 0x00, 0x01, 0x40, 0x00, 0x00, 0x01, 0x00,
0x15, 0x10, 0x04, 0x54, 0x04, 0x04, 0x00, 0x00, 0x01, 0x00, 0x00, 0x00, 0x00,
0x02, 0x41, 0xc2, 0x2a, 0x0a, 0xaa, 0xaa, 0x55, 0x55, 0x55, 0x55, 0x55, 0x55,
0x55, 0x55, 
0xaa, 0xaa, 0xaa, 0xaa, 0xaa, 0xaa, 0xaa, 0xaa, 0xaa, 0xaa, 0xaa, 0xaa, 0xbe,
0x97, 0xbe, 0x6a, 0xa9, 0x0e, 0xa9, 0x5a, 0x55, 0x55, 0x55, 0x55, 0x55, 0x55,
0x55, 0x55, 0x55, 0x55, 0x6a, 0xaa, 0xae, 0xd0, 0x10, 0x10, 0x01, 0x00, 0x00,
0x00, 0x05, 0x00, 0x00, 0x00, 0x00, 0x00, 0x50, 0x00, 0x00, 0x00, 0x01, 0x00,
0x00, 0x14, 0x14, 0x44, 0x00, 0x14, 0x54, 0x00, 0x01, 0x00, 0x00, 0x00, 0x00,
0x00, 0xaa, 0xeb, 0x94, 0x8e, 0xa9, 0x5a, 0x55, 0x55, 0x55, 0x55, 0x55, 0x55,
0x55, 0x55, 
0xaa, 0xaa, 0xaa, 0xaa, 0xaa, 0xaa, 0xaa, 0xaa, 0xaa, 0xaa, 0xaa, 0xaa, 0xae,
0x9f, 0xbe, 0xaa, 0xa9, 0x0e, 0xa9, 0x5a, 0x55, 0x55, 0x55, 0x55, 0x55, 0x55,
0x55, 0x56, 0x55, 0x55, 0x6a, 0xaa, 0xae, 0xb0, 0x10, 0x40, 0x00, 0x00, 0x00,
0x00, 0x11, 0x40, 0x00, 0x00, 0x00, 0x01, 0x44, 0x00, 0x00, 0x00, 0x00, 0x00,
0x00, 0x05, 0x14, 0x00, 0x54, 0x51, 0x05, 0x00, 0x00, 0x00, 0x00, 0x00, 0x00,
0x00, 0x00, 0xeb, 0x81, 0x2e, 0xa9, 0x5a, 0x55, 0x55, 0x55, 0x55, 0x55, 0x55,
0x55, 0x56, 
0xaa, 0xaa, 0xaa, 0xaa, 0xaa, 0xaa, 0xaa, 0xaa, 0xaa, 0xaa, 0xaa, 0xaa, 0xbe,
0x5e, 0xba, 0xaa, 0xa0, 0x0e, 0xa9, 0x5a, 0xaa, 0x95, 0x55, 0xa5, 0x55, 0x55,
0x55, 0x56, 0x95, 0x55, 0x6a, 0xaa, 0xfe, 0xb0, 0x00, 0x40, 0x00, 0x00, 0x00,
0x01, 0x40, 0x10, 0x00, 0x00, 0x00, 0x04, 0x01, 0x40, 0x00, 0x00, 0x00, 0x00,
0x00, 0x05, 0x00, 0x00, 0x14, 0x10, 0x14, 0x00, 0x00, 0x00, 0x00, 0x00, 0x00,
0x00, 0x00, 0xeb, 0x20, 0x2e, 0xa9, 0x5a, 0xaa, 0x95, 0x55, 0xa5, 0x55, 0x55,
0x55, 0x56, 
0xaa, 0xaa, 0xaa, 0xaa, 0xaa, 0xaa, 0xaa, 0xaa, 0xaa, 0xaa, 0xaa, 0xaa, 0xfe,
0x5e, 0xfa, 0xea, 0x00, 0x0e, 0xaa, 0xaa, 0xaa, 0x95, 0x55, 0xa5, 0x55, 0x59,
0x55, 0x56, 0x95, 0x55, 0x6a, 0xaa, 0xaa, 0xb0, 0x00, 0x00, 0x00, 0x00, 0x00,
0x14, 0x50, 0x00, 0x00, 0x00, 0x00, 0x00, 0x05, 0x14, 0x00, 0x00, 0x00, 0x00,
0x00, 0x00, 0x04, 0x00, 0x50, 0x00, 0x00, 0x00, 0x00, 0x00, 0x00, 0x00, 0x00,
0x00, 0x15, 0xeb, 0x9a, 0x8e, 0xaa, 0xaa, 0xaa, 0x95, 0x55, 0xa5, 0x55, 0x59,
0x55, 0x56, 
0xaa, 0xaa, 0xaa, 0xaa, 0xaa, 0xaa, 0xaa, 0xaa, 0xaa, 0xaa, 0xaa, 0xaa, 0xfa,
0x9f, 0xeb, 0xf8, 0x00, 0x0f, 0xfa, 0xa9, 0x5a, 0x95, 0x55, 0xa5, 0x55, 0x69,
0x55, 0x5a, 0xa5, 0x55, 0xaa, 0xaa, 0xaa, 0xb0, 0x00, 0x00, 0x00, 0x00, 0x00,
0x01, 0x04, 0x00, 0x00, 0x00, 0x00, 0x00, 0x10, 0x40, 0x00, 0x00, 0x00, 0x00,
0x50, 0x01, 0x14, 0x00, 0x00, 0x00, 0x00, 0x00, 0x00, 0x00, 0x00, 0x00, 0x00,
0x00, 0x19, 0xeb, 0xaa, 0x0f, 0xfa, 0xa9, 0x5a, 0x95, 0x55, 0xa5, 0x55, 0x69,
0x55, 0x5a, 
0xaa, 0xaa, 0xaa, 0xaa, 0xaa, 0xaa, 0xaa, 0xaa, 0xaa, 0xaa, 0xaa, 0xaf, 0xea,
0x93, 0xef, 0xf9, 0x00, 0x00, 0xea, 0xa9, 0x56, 0xa5, 0x56, 0xaa, 0x55, 0xaa,
0x55, 0x5a, 0xaa, 0xaa, 0xaa, 0xab, 0xea, 0xb0, 0x00, 0x00, 0x00, 0x00, 0x00,
0x00, 0x10, 0x00, 0x00, 0x00, 0x00, 0x00, 0x04, 0x00, 0x00, 0x00, 0x00, 0x00,
0x44, 0x05, 0x51, 0x40, 0x00, 0x44, 0x05, 0x40, 0x00, 0x00, 0x00, 0x00, 0x00,
0x00, 0x06, 0xaa, 0xea, 0x40, 0xea, 0xa9, 0x56, 0xa5, 0x56, 0xaa, 0x55, 0xaa,
0x55, 0x5a, 
0xaa, 0xaa, 0xaa, 0xaa, 0xaa, 0xaa, 0xaa, 0xaa, 0xaa, 0xaa, 0xaa, 0xaf, 0xfa,
0x53, 0xff, 0xfa, 0x40, 0x00, 0xea, 0xa9, 0x56, 0xaa, 0xaa, 0x5a, 0xaa, 0xaa,
0x95, 0x6a, 0xaa, 0xaa, 0xaa, 0xaf, 0xbf, 0xf0, 0x00, 0x00, 0x00, 0x00, 0x00,
0x00, 0x40, 0x00, 0x00, 0x00, 0x00, 0x00, 0x01, 0x00, 0x00, 0x00, 0x00, 0x00,
0x40, 0x05, 0x00, 0x14, 0x00, 0x10, 0x00, 0x50, 0x00, 0x00, 0x00, 0x00, 0x00,
0x01, 0x45, 0xaa, 0xaa, 0x90, 0xea, 0xa9, 0x56, 0xaa, 0xaa, 0x5a, 0xaa, 0xaa,
0x95, 0x6a, 
0xaa, 0xaa, 0xaa, 0xaa, 0xaf, 0xea, 0xbf, 0xff, 0xfe, 0xaa, 0xbf, 0xff, 0xea,
0x55, 0xef, 0xea, 0xa0, 0x00, 0xea, 0xaa, 0xaa, 0xaa, 0xa5, 0x5a, 0xa9, 0x5a,
0xa9, 0xaa, 0xaa, 0xaa, 0xab, 0xfe, 0xbe, 0xa0, 0x00, 0x00, 0x00, 0x00, 0x00,
0x14, 0x40, 0x00, 0x00, 0x00, 0x00, 0x00, 0x01, 0x14, 0x00, 0x00, 0x00, 0x00,
0x00, 0x04, 0x00, 0x14, 0x00, 0x50, 0x01, 0x40, 0x00, 0x00, 0x00, 0x00, 0x00,
0x01, 0x99, 0xaa, 0xa6, 0xa0, 0xea, 0xaa, 0xaa, 0xaa, 0xa5, 0x5a, 0xa9, 0x5a,
0xa9, 0xaa, 
0xaa, 0xaa, 0xaa, 0xaa, 0xbf, 0xff, 0xfe, 0xaa, 0xbf, 0xff, 0xfe, 0xaa, 0xaa,
0x55, 0xef, 0xea, 0xa0, 0x03, 0xba, 0xaa, 0xaa, 0xaa, 0xa5, 0x56, 0xaa, 0x5a,
0x96, 0xaa, 0xaa, 0xaa, 0xab, 0xfa, 0xae, 0x90, 0x00, 0x00, 0x00, 0x00, 0x01,
0x55, 0x00, 0x00, 0x00, 0x00, 0x00, 0x00, 0x00, 0x55, 0x40, 0x00, 0x00, 0x01,
0x40, 0x00, 0x00, 0x04, 0x44, 0x00, 0x00, 0x00, 0x00, 0x00, 0x00, 0x00, 0x00,
0x00, 0x08, 0x69, 0xaa, 0x93, 0xba, 0xaa, 0xaa, 0xaa, 0xa5, 0x56, 0xaa, 0x5a,
0x96, 0xaa, 
0xaa, 0xaa, 0xaa, 0xaa, 0xff, 0xaa, 0xaa, 0xaa, 0xa6, 0xaa, 0xaa, 0xaa, 0xaa,
0x57, 0xaf, 0xea, 0x00, 0x03, 0xbf, 0xaa, 0xaa, 0xaa, 0xa9, 0x56, 0xaa, 0xaa,
0x95, 0x5a, 0xaa, 0xaa, 0xab, 0xea, 0xae, 0x80, 0x00, 0x00, 0x00, 0x00, 0x00,
0x01, 0x00, 0x00, 0x00, 0x00, 0x00, 0x00, 0x00, 0x40, 0x00, 0x00, 0x00, 0x05,
0x00, 0x01, 0x00, 0x10, 0x54, 0x00, 0x01, 0x00, 0x00, 0x00, 0x00, 0x00, 0x00,
0x00, 0x25, 0xa5, 0xa9, 0x03, 0xbf, 0xaa, 0xaa, 0xaa, 0xa9, 0x56, 0xaa, 0xaa,
0x95, 0x5a, 
0xaa, 0xaa, 0xaa, 0xaa, 0xfe, 0xaa, 0xaa, 0xaa, 0xaa, 0xaa, 0xaa, 0xaa, 0xa9,
0x57, 0xbf, 0xa8, 0x00, 0x03, 0x96, 0xaa, 0xaa, 0xa5, 0x6a, 0xaa, 0xaa, 0xaa,
0xa5, 0x6a, 0xaa, 0xaa, 0xab, 0xfa, 0xae, 0x90, 0x00, 0x00, 0x00, 0x00, 0x00,
0x00, 0x54, 0x00, 0x00, 0x00, 0x00, 0x00, 0x15, 0x00, 0x00, 0x00, 0x00, 0x01,
0x50, 0x14, 0x51, 0x44, 0x10, 0x00, 0x11, 0x00, 0x00, 0x00, 0x00, 0x00, 0x00,
0x00, 0x68, 0x90, 0x6a, 0x43, 0x96, 0xaa, 0xaa, 0xa5, 0x6a, 0xaa, 0xaa, 0xaa,
0xa5, 0x6a, 
0xaa, 0xaa, 0xaa, 0xaa, 0xfe, 0xa5, 0x55, 0x55, 0x55, 0x55, 0x55, 0x55, 0x55,
0x57, 0xbf, 0xa0, 0x00, 0x03, 0xaa, 0xba, 0xaa, 0xa5, 0x6a, 0xaa, 0xaa, 0xaa,
0xaa, 0xaa, 0xaa, 0xaa, 0xff, 0xff, 0xfe, 0xa0, 0x00, 0x00, 0x00, 0x00, 0x00,
0x00, 0x45, 0x00, 0x00, 0x00, 0x00, 0x00, 0x51, 0x00, 0x00, 0x00, 0x00, 0x00,
0x00, 0x05, 0x40, 0x54, 0x00, 0x00, 0x05, 0x00, 0x00, 0x00, 0x00, 0x00, 0x00,
0x00, 0x14, 0x00, 0x06, 0x43, 0xaa, 0xba, 0xaa, 0xa5, 0x6a, 0xaa, 0xaa, 0xaa,
0xaa, 0xaa, 
0xaa, 0xaa, 0xaa, 0xaa, 0xba, 0x94, 0xfe, 0x5b, 0xf9, 0x4b, 0xaa, 0xaa, 0x00,
0x2a, 0xaa, 0xaa, 0xab, 0xa2, 0xea, 0xae, 0xab, 0xe5, 0x5a, 0xaa, 0x56, 0xaa,
0xaa, 0xaa, 0xaa, 0xba, 0xbf, 0xfb, 0xfe, 0xa0, 0x00, 0x00, 0x00, 0x00, 0x00,
0x04, 0x00, 0x40, 0x00, 0x00, 0x00, 0x01, 0x00, 0x10, 0x00, 0x00, 0x00, 0x00,
0x00, 0x00, 0x50, 0x00, 0x00, 0x00, 0x00, 0x00, 0x00, 0x00, 0x00, 0x00, 0x00,
0x00, 0x10, 0x00, 0x00, 0x02, 0xea, 0xae, 0xab, 0xe5, 0x5a, 0xaa, 0xaa, 0xaa,
0xaa, 0xaa, 
0xaa, 0xaa, 0xaa, 0xaa, 0xfa, 0x93, 0xeb, 0xff, 0xbf, 0xaa, 0xaa, 0xaa, 0xaa,
0xaa, 0xaa, 0xa9, 0x5b, 0xa1, 0xea, 0xaf, 0xff, 0xfa, 0xaa, 0xaa, 0x55, 0x6a,
0xaa, 0xaa, 0xaa, 0xbe, 0xbe, 0xbf, 0xba, 0x90, 0x00, 0x00, 0x00, 0x00, 0x00,
0x01, 0x00, 0x00, 0x00, 0x00, 0x00, 0x00, 0x00, 0x40, 0x00, 0x00, 0x00, 0x00,
0x00, 0x00, 0x10, 0x00, 0x00, 0x00, 0x00, 0x00, 0x00, 0x00, 0x00, 0x00, 0x00,
0x00, 0x00, 0x50, 0x00, 0x01, 0xea, 0xaf, 0xff, 0xfa, 0xaa, 0xaa, 0xaa, 0xaa,
0xaa, 0xaa, 
0xaa, 0xaa, 0xaa, 0xaa, 0xaa, 0x9e, 0xaa, 0xbe, 0xaa, 0xa5, 0xa9, 0x5a, 0x95,
0x69, 0x5a, 0x95, 0x5a, 0xa9, 0xb6, 0xaf, 0xfe, 0xbf, 0xaa, 0xaa, 0x95, 0xaa,
0xaa, 0xaa, 0xaa, 0xbe, 0xbe, 0xbe, 0xfa, 0x90, 0x00, 0x00, 0x00, 0x00, 0x00,
0x50, 0x10, 0x00, 0x00, 0x00, 0x00, 0x00, 0x04, 0x05, 0x00, 0x00, 0x00, 0x00,
0x01, 0x00, 0x00, 0x00, 0x00, 0x00, 0x01, 0x00, 0x00, 0x00, 0x10, 0x00, 0x00,
0x00, 0x14, 0x50, 0x00, 0x01, 0xb6, 0xaf, 0xfe, 0xbf, 0xaa, 0xaa, 0xea, 0xa5,
0xa9, 0x5a, 
0xaa, 0xaa, 0xaa, 0xaa, 0xfe, 0x9e, 0xaf, 0xaf, 0xaa, 0x95, 0x65, 0x55, 0x55,
0x55, 0x56, 0x95, 0x56, 0xa8, 0x67, 0xfe, 0xfe, 0xaa, 0xaa, 0xaa, 0xaa, 0xaa,
0xaa, 0xae, 0xaa, 0xba, 0xbf, 0xfe, 0xea, 0x40, 0x00, 0x00, 0x00, 0x00, 0x00,
0x04, 0x54, 0x00, 0x00, 0x00, 0x00, 0x00, 0x15, 0x10, 0x00, 0x00, 0x00, 0x00,
0x00, 0x04, 0x04, 0x00, 0x01, 0x00, 0x00, 0x00, 0x01, 0x01, 0x45, 0x00, 0x00,
0x01, 0x14, 0x10, 0x00, 0x00, 0x67, 0xfe, 0xfe, 0xaa, 0xaa, 0xab, 0xfb, 0x95,
0x65, 0x55, 
0xaa, 0xaa, 0xaa, 0xaa, 0xbe, 0x9e, 0x5b, 0xfb, 0xaa, 0x95, 0x55, 0x55, 0x55,
0x55, 0x55, 0x55, 0x56, 0xaa, 0xaa, 0xed, 0xfe, 0xaa, 0xfa, 0xaa, 0xaa, 0xaa,
0xaa, 0xbf, 0xff, 0xea, 0xbf, 0xbe, 0xaa, 0x40, 0x00, 0x00, 0x00, 0x00, 0x00,
0x00, 0x00, 0x00, 0x00, 0x00, 0x00, 0x00, 0x00, 0x00, 0x00, 0x00, 0x00, 0x00,
0x10, 0x14, 0x00, 0x10, 0x01, 0x00, 0x10, 0x10, 0x01, 0x05, 0x04, 0x40, 0x00,
0x05, 0x10, 0x00, 0x00, 0x00, 0x56, 0xed, 0xfe, 0xaa, 0xfa, 0xaf, 0xfe, 0x95,
0x55, 0x55, 
0xaa, 0xaa, 0xaa, 0xaa, 0xae, 0x9e, 0x65, 0x5a, 0xaa, 0xa5, 0x55, 0x55, 0x55,
0x55, 0x55, 0x55, 0x56, 0xaa, 0xab, 0x69, 0xbe, 0xab, 0xff, 0xfe, 0xaa, 0xba,
0xaf, 0xfa, 0xbf, 0xff, 0xeb, 0xaa, 0x99, 0x00, 0x00, 0x00, 0x00, 0x00, 0x00,
0x00, 0x00, 0x00, 0x00, 0x00, 0x00, 0x00, 0x00, 0x00, 0x00, 0x00, 0x00, 0x00,
0x10, 0x40, 0x54, 0x50, 0x00, 0x00, 0x10, 0x40, 0x00, 0x00, 0x04, 0x00, 0x00,
0x04, 0x00, 0x00, 0x00, 0x00, 0x15, 0x69, 0xbe, 0xab, 0xff, 0xff, 0xaa, 0xa5,
0x55, 0x55, 
0xaa, 0xaa, 0xaa, 0xaa, 0xbe, 0x5e, 0xa5, 0xaa, 0xa5, 0x55, 0x55, 0x55, 0x55,
0x55, 0x55, 0x55, 0x55, 0x55, 0xab, 0x55, 0x7f, 0xff, 0xab, 0xfa, 0xaa, 0xfe,
0xbf, 0xfa, 0xbf, 0xff, 0xff, 0xa5, 0x40, 0x00, 0x00, 0x00, 0x00, 0x00, 0x00,
0x00, 0x00, 0x00, 0x00, 0x00, 0x00, 0x00, 0x00, 0x00, 0x00, 0x00, 0x00, 0x00,
0x00, 0x40, 0x14, 0x10, 0x00, 0x00, 0x00, 0x40, 0x00, 0x00, 0x00, 0x00, 0x00,
0x00, 0x00, 0x00, 0x00, 0x00, 0x05, 0x55, 0x7f, 0xff, 0xab, 0xfa, 0xa5, 0x55,
0x55, 0x55, 
0xaa, 0xaa, 0xaa, 0xaa, 0xfe, 0x5f, 0xa6, 0xba, 0xa5, 0x55, 0x50, 0x01, 0x55,
0x55, 0x55, 0x55, 0x55, 0x55, 0xaa, 0xa5, 0x7a, 0xaf, 0xaa, 0xfe, 0xaf, 0xff,
0xff, 0xaa, 0xbf, 0xaf, 0xfa, 0xa8, 0x00, 0x00, 0x00, 0x00, 0x00, 0x00, 0x00,
0x05, 0x40, 0x00, 0x00, 0x00, 0x00, 0x00, 0x01, 0x50, 0x00, 0x00, 0x00, 0x00,
0x00, 0x00, 0x50, 0x00, 0x00, 0x00, 0x00, 0x00, 0x00, 0x00, 0x00, 0x00, 0x00,
0x00, 0x00, 0x00, 0x00, 0x00, 0x00, 0x15, 0x7a, 0xaf, 0xaa, 0xfa, 0xa5, 0x55,
0x50, 0x01, 
0xaa, 0xaa, 0xaa, 0xaa, 0xfa, 0x93, 0xaa, 0xaa, 0x65, 0x55, 0x50, 0x00, 0x55,
0x55, 0x55, 0x55, 0x55, 0x55, 0x56, 0xbf, 0xfa, 0x6a, 0xff, 0xff, 0xff, 0xab,
0xff, 0xff, 0xfe, 0xaf, 0xfa, 0xa8, 0x00, 0x00, 0x00, 0x00, 0x00, 0x00, 0x00,
0x00, 0x50, 0x00, 0x00, 0x00, 0x00, 0x00, 0x05, 0x00, 0x00, 0x00, 0x00, 0x00,
0x00, 0x00, 0x00, 0x00, 0x00, 0x00, 0x00, 0x00, 0x00, 0x00, 0x00, 0x00, 0x00,
0x00, 0x00, 0x00, 0x00, 0x00, 0x00, 0x00, 0x3a, 0x6f, 0xff, 0xaa, 0x65, 0x55,
0x50, 0x00, 
0xaa, 0xaa, 0xaa, 0xaf, 0xea, 0x93, 0xe8, 0x95, 0x55, 0x55, 0x50, 0x05, 0x55,
0x55, 0x55, 0x50, 0x05, 0x55, 0x55, 0xaa, 0xfa, 0x55, 0xab, 0xff, 0xff, 0xff,
0xff, 0xfa, 0xbf, 0xff, 0xf9, 0xa8, 0x00, 0x00, 0x00, 0x00, 0x00, 0x00, 0x00,
0x00, 0x04, 0x00, 0x00, 0x00, 0x00, 0x00, 0x10, 0x00, 0x00, 0x00, 0x00, 0x00,
0x00, 0x00, 0x00, 0x00, 0x00, 0x00, 0x00, 0x00, 0x00, 0x00, 0x00, 0x00, 0x00,
0x00, 0x00, 0x00, 0x00, 0x00, 0x00, 0x00, 0x3a, 0x55, 0xfe, 0x95, 0x55, 0x55,
0x50, 0x05, 
0xaa, 0xaa, 0xaa, 0xaf, 0xfa, 0x53, 0xe8, 0x95, 0x55, 0x55, 0x50, 0x55, 0x55,
0x55, 0x55, 0x50, 0x01, 0x55, 0x55, 0xaa, 0xae, 0x56, 0xaa, 0xfe, 0xff, 0xfd,
0xdf, 0xaa, 0xaa, 0xae, 0xe9, 0xa4, 0x00, 0x00, 0x00, 0x00, 0x00, 0x00, 0x00,
0x00, 0x00, 0x00, 0x00, 0x00, 0x00, 0x00, 0x00, 0x00, 0x00, 0x00, 0x00, 0x00,
0x00, 0x00, 0x00, 0x00, 0x00, 0x00, 0x00, 0x00, 0x00, 0x00, 0x00, 0x00, 0x10,
0x00, 0x00, 0x00, 0x00, 0x00, 0x00, 0x00, 0x2e, 0x56, 0xaa, 0x95, 0x55, 0x55,
0x50, 0x55, 
0xaf, 0xea, 0xbf, 0xff, 0xea, 0x57, 0xea, 0xa6, 0x55, 0x55, 0x55, 0x55, 0x55,
0x55, 0x55, 0x54, 0x01, 0x55, 0x55, 0xaa, 0xae, 0x6a, 0xaa, 0xf7, 0xfe, 0x6a,
0xef, 0xea, 0xaa, 0xa7, 0xea, 0xa0, 0x00, 0x00, 0x00, 0x00, 0x00, 0x00, 0x00,
0x01, 0x00, 0x00, 0x00, 0x00, 0x00, 0x00, 0x00, 0x40, 0x00, 0x00, 0x00, 0x00,
0x00, 0x00, 0x00, 0x00, 0x00, 0x00, 0x00, 0x00, 0x00, 0x00, 0x00, 0x01, 0x45,
0x00, 0x00, 0x00, 0x00, 0x00, 0x00, 0x00, 0x1e, 0x6a, 0xaa, 0xa6, 0x55, 0x55,
0x55, 0x55, 
0xbf, 0xff, 0xfe, 0xaa, 0xaa, 0x57, 0xe5, 0xaa, 0x55, 0x55, 0x55, 0x55, 0x55,
0x55, 0x55, 0x55, 0x41, 0x55, 0x56, 0xaa, 0xaf, 0x66, 0xa7, 0xf7, 0x7a, 0xaa,
0xab, 0x7e, 0x6a, 0xf7, 0xaa, 0x90, 0x00, 0x00, 0x00, 0x00, 0x00, 0x00, 0x00,
0x14, 0x40, 0x00, 0x00, 0x00, 0x00, 0x00, 0x01, 0x14, 0x00, 0x00, 0x00, 0x00,
0x00, 0x00, 0x00, 0x00, 0x00, 0x00, 0x00, 0x00, 0x00, 0x00, 0x00, 0x05, 0x04,
0x40, 0x00, 0x00, 0x00, 0x00, 0x00, 0x00, 0x07, 0x66, 0xa5, 0xaa, 0x55, 0x55,
0x55, 0x55, 
0xff, 0xaa, 0xaa, 0xaa, 0xaa, 0x5f, 0xa5, 0x95, 0x55, 0x55, 0x55, 0x55, 0x55,
0x55, 0x55, 0x55, 0x55, 0x55, 0x56, 0xaa, 0xad, 0x66, 0xb7, 0xfa, 0xaa, 0x54,
0x01, 0x7f, 0x77, 0xea, 0xaa, 0x40, 0x00, 0x00, 0x00, 0x00, 0x00, 0x00, 0x00,
0x00, 0x11, 0x40, 0x00, 0x00, 0x00, 0x01, 0x44, 0x00, 0x00, 0x00, 0x00, 0x00,
0x00, 0x00, 0x00, 0x00, 0x00, 0x00, 0x00, 0x00, 0x00, 0x00, 0x00, 0x00, 0x04,
0x00, 0x00, 0x00, 0x00, 0x00, 0x00, 0x00, 0x05, 0x66, 0xa5, 0x95, 0x55, 0x55,
0x55, 0x55, 
0xfe, 0xaa, 0xaa, 0xaa, 0xa9, 0x5e, 0xaa, 0x95, 0x55, 0x41, 0x55, 0x55, 0x55,
0x55, 0x55, 0x55, 0x55, 0x55, 0x55, 0xaa, 0xad, 0x66, 0xa6, 0xaa, 0x95, 0x40,
0x00, 0x1a, 0xaa, 0xa5, 0x54, 0x00, 0x00, 0x00, 0x00, 0x00, 0x00, 0x00, 0x00,
0x00, 0x00, 0x10, 0x00, 0x00, 0x00, 0x04, 0x00, 0x00, 0x00, 0x00, 0x00, 0x00,
0x00, 0x00, 0x00, 0x00, 0x00, 0x00, 0x00, 0x00, 0x00, 0x00, 0x00, 0x00, 0x00,
0x00, 0x00, 0x00, 0x00, 0x00, 0x00, 0x00, 0x01, 0x66, 0xaa, 0x95, 0x55, 0x41,
0x55, 0x55, 
0xfe, 0xa5, 0x55, 0x55, 0x55, 0x5e, 0xaa, 0x95, 0x55, 0x00, 0x55, 0x55, 0x55,
0x55, 0x55, 0x55, 0x55, 0x55, 0x55, 0xaa, 0xaa, 0x15, 0x55, 0x55, 0x50, 0x00,
0x00, 0x00, 0x55, 0x55, 0x40, 0x00, 0x00, 0x00, 0x00, 0x00, 0x00, 0x00, 0x00,
0x14, 0x00, 0x00, 0x00, 0x00, 0x00, 0x00, 0x00, 0x14, 0x00, 0x00, 0x00, 0x00,
0x00, 0x00, 0x00, 0x00, 0x00, 0x00, 0x00, 0x00, 0x00, 0x00, 0x00, 0x00, 0x00,
0x00, 0x00, 0x00, 0x00, 0x00, 0x00, 0x00, 0x00, 0x16, 0xaa, 0x95, 0x55, 0x00,
0x55, 0x55, 
0xba, 0x94, 0xfe, 0x5b, 0xf9, 0x4a, 0x56, 0x95, 0x54, 0x00, 0x55, 0x55, 0x55,
0x55, 0x55, 0x55, 0x55, 0x55, 0x55, 0xaa, 0xaa, 0x88, 0x18, 0x00, 0x58, 0x08,
0x18, 0x00, 0x58, 0x00, 0x00, 0x00, 0x00, 0x00, 0x00, 0x00, 0x00, 0x00, 0x00,
0x04, 0x00, 0x40, 0x00, 0x00, 0x00, 0x00, 0x01, 0x40, 0x00, 0x00, 0x00, 0x00,
0x00, 0x00, 0x00, 0x00, 0x00, 0x00, 0x00, 0x00, 0x00, 0x00, 0x00, 0x00, 0x00,
0x00, 0x00, 0xa0, 0x00, 0x08, 0x18, 0x00, 0x58, 0x02, 0x56, 0x95, 0x54, 0x00,
0x55, 0x55, 
0xfa, 0x93, 0xeb, 0xff, 0xbf, 0xfe, 0x55, 0x95, 0x54, 0x00, 0x15, 0x55, 0x55,
0x55, 0x55, 0x55, 0x55, 0x55, 0x55, 0x5a, 0xaa, 0xc8, 0x42, 0x2a, 0x08, 0x08,
0x42, 0x2a, 0x08, 0x00, 0x00, 0x00, 0x00, 0x00, 0x00, 0x00, 0x00, 0x00, 0x00,
0x01, 0x00, 0x00, 0x00, 0x00, 0x00, 0x00, 0x05, 0x00, 0x00, 0x00, 0x00, 0x00,
0x14, 0x00, 0x00, 0x00, 0x00, 0x00, 0x00, 0x00, 0x00, 0x00, 0x00, 0x00, 0x00,
0x01, 0x56, 0xa8, 0x00, 0x08, 0x42, 0x2a, 0x08, 0x02, 0x55, 0x95, 0x54, 0x00,
0x15, 0x55, 
0xaa, 0x9e, 0xaa, 0xbe, 0xaa, 0xfa, 0x55, 0x65, 0x54, 0x00, 0x15, 0x55, 0x55,
0x55, 0x55, 0x55, 0x55, 0x55, 0x55, 0x56, 0xaa, 0xc8, 0x15, 0xc2, 0xa0, 0x08,
0x15, 0xc2, 0xa0, 0x00, 0x00, 0x00, 0x00, 0x00, 0x00, 0x00, 0x00, 0x00, 0x00,
0x00, 0x10, 0x00, 0x00, 0x00, 0x00, 0x00, 0x04, 0x00, 0x00, 0x00, 0x00, 0x00,
0x50, 0x40, 0x00, 0x00, 0x00, 0x00, 0x00, 0x00, 0x00, 0x00, 0x00, 0x00, 0x00,
0x01, 0x05, 0xaa, 0x55, 0x08, 0x15, 0xc2, 0xa0, 0x02, 0x55, 0x65, 0x54, 0x00,
0x15, 0x55, 
0xfe, 0x9e, 0xaf, 0xaf, 0xaa, 0xfa, 0x55, 0x65, 0x54, 0x00, 0x15, 0x55, 0x55,
0x55, 0x55, 0x55, 0x55, 0x55, 0x55, 0x55, 0xaa, 0xc2, 0x41, 0xc2, 0x2a, 0x02,
0x41, 0xc2, 0x2a, 0x00, 0x01, 0x00, 0x00, 0x00, 0x00, 0x00, 0x00, 0x00, 0x00,
0x00, 0x54, 0x00, 0x00, 0x00, 0x00, 0x00, 0x01, 0x40, 0x00, 0x00, 0x00, 0x00,
0x15, 0x10, 0x04, 0x54, 0x04, 0x04, 0x00, 0x00, 0x00, 0x00, 0x00, 0x00, 0x00,
0x01, 0x05, 0x65, 0x41, 0x02, 0x41, 0xc2, 0x2a, 0x02, 0x55, 0x65, 0x54, 0x00,
0x15, 0x55, 
0xbe, 0x9e, 0x5b, 0xfb, 0xaa, 0xfa, 0x96, 0xa5, 0x54, 0x00, 0x55, 0x55, 0x55,
0x55, 0x55, 0x55, 0x55, 0x55, 0x55, 0x55, 0xaa, 0xc0, 0xaa, 0xeb, 0x94, 0x80,
0xaa, 0xeb, 0x94, 0x80, 0x01, 0x00, 0x00, 0x00, 0x00, 0x00, 0x00, 0x00, 0x00,
0x00, 0x00, 0x00, 0x00, 0x00, 0x00, 0x00, 0x50, 0x00, 0x00, 0x00, 0x00, 0x00,
0x00, 0x14, 0x14, 0x44, 0x00, 0x14, 0x54, 0x00, 0x00, 0x00, 0x00, 0x00, 0x00,
0x00, 0x55, 0x65, 0x41, 0x00, 0xaa, 0xeb, 0x94, 0x82, 0x96, 0xa5, 0x54, 0x00,
0x55, 0x55, 
0xae, 0x9e, 0x65, 0x5a, 0xaa, 0xba, 0xa5, 0x55, 0x55, 0x55, 0x55, 0x55, 0x55,
0x55, 0x55, 0x55, 0x55, 0x55, 0x55, 0x56, 0xaf, 0x00, 0x00, 0xeb, 0x81, 0x20,
0x00, 0xeb, 0x81, 0x20, 0x00, 0x00, 0x00, 0x00, 0x00, 0x00, 0x00, 0x00, 0x00,
0x00, 0x00, 0x00, 0x00, 0x00, 0x00, 0x01, 0x44, 0x00, 0x00, 0x00, 0x00, 0x00,
0x00, 0x05, 0x14, 0x00, 0x54, 0x51, 0x05, 0x00, 0x00, 0x00, 0x00, 0x00, 0x00,
0x00, 0x95, 0x65, 0x55, 0x40, 0x00, 0xeb, 0x81, 0x20, 0xa5, 0x55, 0x55, 0x55,
0x55, 0x55, 
0xbe, 0x5e, 0xa5, 0xaa, 0xa6, 0xaa, 0xa5, 0x55, 0x55, 0x55, 0x54, 0x15, 0x55,
0x55, 0x55, 0x55, 0x55, 0x55, 0x55, 0x56, 0xab, 0x00, 0x00, 0xeb, 0x20, 0x20,
0x00, 0xeb, 0x20, 0x20, 0x00, 0x00, 0x00, 0x00, 0x00, 0x00, 0x00, 0x00, 0x00,
0x00, 0x00, 0x00, 0x00, 0x00, 0x00, 0x04, 0x01, 0x40, 0x00, 0x00, 0x00, 0x00,
0x00, 0x05, 0x00, 0x00, 0x14, 0x10, 0x14, 0x00, 0x00, 0x00, 0x00, 0x00, 0x00,
0x05, 0x6a, 0xa5, 0x56, 0x40, 0x00, 0xeb, 0x20, 0x22, 0xa5, 0x55, 0x55, 0x55,
0x54, 0x15, 
0xfe, 0x5f, 0xa6, 0xbe, 0xa5, 0xaa, 0xa5, 0x55, 0x55, 0x55, 0x54, 0x05, 0x55,
0x55, 0x55, 0x54, 0x01, 0x55, 0x55, 0x5a, 0xaa, 0x80, 0x15, 0xeb, 0x9a, 0x80,
0x15, 0xeb, 0x9a, 0x80, 0x00, 0x00, 0x00, 0x00, 0x00, 0x00, 0x01, 0x00, 0x00,
0x00, 0x40, 0x00, 0x00, 0x00, 0x00, 0x00, 0x05, 0x14, 0x00, 0x00, 0x00, 0x00,
0x00, 0x00, 0x04, 0x00, 0x50, 0x00, 0x00, 0x00, 0x00, 0x00, 0x00, 0x00, 0x00,
0x05, 0x5a, 0x56, 0xa5, 0x40, 0x15, 0xeb, 0x9a, 0x8a, 0xa5, 0x55, 0x55, 0x55,
0x54, 0x05, 
0xfa, 0x93, 0xaa, 0xff, 0xa5, 0xaa, 0xa5, 0x55, 0x55, 0x55, 0x54, 0x05, 0x55,
0x55, 0x55, 0x50, 0x00, 0x55, 0x55, 0xaa, 0xaa, 0xb0, 0x19, 0xeb, 0xaa, 0x00,
0x19, 0xeb, 0xaa, 0x00, 0x00, 0x00, 0x00, 0x00, 0x00, 0x04, 0x11, 0x40, 0x04,
0x00, 0x00, 0x00, 0x00, 0x00, 0x00, 0x00, 0x10, 0x40, 0x00, 0x00, 0x00, 0x00,
0x50, 0x01, 0x14, 0x00, 0x00, 0x00, 0x00, 0x00, 0x00, 0x00, 0x00, 0x00, 0x00,
0x05, 0x59, 0x55, 0x95, 0x50, 0x19, 0xeb, 0xaa, 0x0a, 0xa5, 0x55, 0x55, 0x55,
0x54, 0x05, 
0xea, 0x93, 0xe8, 0x0a, 0xaa, 0xae, 0xa5, 0x55, 0x54, 0x00, 0x55, 0x55, 0x55,
0x55, 0x55, 0x50, 0x00, 0x55, 0x55, 0xaa, 0xaa, 0xb0, 0x06, 0xaa, 0xea, 0x40,
0x06, 0xaa, 0xea, 0x40, 0x00, 0x00, 0x00, 0x00, 0x00, 0x04, 0x15, 0x40, 0x14,
0x04, 0x00, 0x00, 0x00, 0x00, 0x00, 0x00, 0x04, 0x00, 0x00, 0x00, 0x00, 0x00,
0x44, 0x05, 0x51, 0x40, 0x00, 0x44, 0x05, 0x40, 0x00, 0x00, 0x00, 0x00, 0x00,
0x05, 0x69, 0x55, 0x95, 0x60, 0x06, 0xaa, 0xea, 0x4e, 0xa5, 0x55, 0x54, 0x00,
0x55, 0x55, 
0xfa, 0x53, 0xe8, 0x0a, 0xaa, 0xad, 0x65, 0x55, 0x50, 0x00, 0x15, 0x55, 0x55,
0x55, 0x55, 0x50, 0x00, 0x55, 0x55, 0xaa, 0xaa, 0xb1, 0x45, 0xaa, 0xaa, 0x91,
0x45, 0xaa, 0xaa, 0x90, 0x00, 0x00, 0x01, 0x00, 0x00, 0x00, 0x10, 0x54, 0x11,
0x11, 0x00, 0x00, 0x00, 0x00, 0x00, 0x00, 0x01, 0x00, 0x00, 0x00, 0x00, 0x00,
0x40, 0x05, 0x00, 0x14, 0x00, 0x10, 0x00, 0x50, 0x01, 0x00, 0x00, 0x00, 0x00,
0x1a, 0xa9, 0x41, 0xa5, 0x61, 0x45, 0xaa, 0xaa, 0x9d, 0x65, 0x55, 0x50, 0x00,
0x15, 0x55, 
0xea, 0x57, 0xf9, 0x5a, 0xaa, 0xad, 0x6a, 0xa5, 0x50, 0x00, 0x15, 0x55, 0x50,
0x05, 0x55, 0x50, 0x00, 0x55, 0x55, 0xaa, 0xaa, 0xb1, 0x99, 0xaa, 0xa6, 0xa1,
0x99, 0xaa, 0xa6, 0xa0, 0x00, 0x00, 0x00, 0x00, 0x00, 0x04, 0x40, 0x44, 0x51,
0x00, 0x00, 0x00, 0x00, 0x00, 0x00, 0x00, 0x01, 0x14, 0x00, 0x00, 0x00, 0x00,
0x00, 0x04, 0x00, 0x14, 0x00, 0x50, 0x01, 0x40, 0x00, 0x00, 0x00, 0x00, 0x04,
0x56, 0xaa, 0x41, 0xaf, 0xa1, 0x99, 0xaa, 0xa6, 0xad, 0x6a, 0xa5, 0x50, 0x00,
0x15, 0x55, 
0xaa, 0x57, 0xfd, 0x68, 0x00, 0x1b, 0xfa, 0x55, 0x50, 0x00, 0x15, 0x55, 0x40,
0x00, 0x55, 0x54, 0x00, 0x55, 0x55, 0x5a, 0xaf, 0xf0, 0x08, 0x69, 0xaa, 0x90,
0x08, 0x69, 0xaa, 0x90, 0x00, 0x00, 0x10, 0x10, 0x00, 0x14, 0x41, 0x00, 0x50,
0x00, 0x00, 0x00, 0x00, 0x00, 0x00, 0x00, 0x00, 0x55, 0x40, 0x00, 0x00, 0x01,
0x40, 0x00, 0x00, 0x04, 0x44, 0x00, 0x00, 0x00, 0x10, 0x10, 0x00, 0x04, 0x14,
0x46, 0xab, 0x96, 0xeb, 0x90, 0x08, 0x69, 0xaa, 0x9b, 0xfa, 0x55, 0x50, 0x00,
0x15, 0x55, 
0xaa, 0x5f, 0xaa, 0x68, 0x00, 0x00, 0x39, 0x55, 0x50, 0x00, 0x55, 0x55, 0x40,
0x00, 0x55, 0x55, 0x55, 0x55, 0x55, 0x56, 0xaa, 0xc0, 0x25, 0xa5, 0xa9, 0x00,
0x25, 0xa5, 0xa9, 0x00, 0x00, 0x00, 0x10, 0x40, 0x00, 0x04, 0x01, 0x00, 0x10,
0x00, 0x00, 0x00, 0x00, 0x00, 0x00, 0x00, 0x00, 0x40, 0x00, 0x00, 0x00, 0x05,
0x00, 0x01, 0x00, 0x10, 0x54, 0x00, 0x01, 0x00, 0x10, 0x40, 0x00, 0x05, 0x14,
0x02, 0xbe, 0xaa, 0xff, 0x90, 0x25, 0xa5, 0xa9, 0x00, 0x39, 0x55, 0x50, 0x00,
0x55, 0x55, 
0xa9, 0x5e, 0xaa, 0xa8, 0x00, 0x00, 0xa9, 0x55, 0x50, 0x01, 0x50, 0x55, 0x50,
0x01, 0x55, 0x55, 0x55, 0x55, 0x55, 0x56, 0xaa, 0xb0, 0x68, 0x90, 0x6a, 0x40,
0x68, 0x90, 0x6a, 0x40, 0x00, 0x00, 0x00, 0x40, 0x00, 0x00, 0x00, 0x00, 0x00,
0x00, 0x00, 0x00, 0x00, 0x00, 0x00, 0x00, 0x15, 0x00, 0x00, 0x00, 0x00, 0x01,
0x50, 0x14, 0x51, 0x44, 0x10, 0x00, 0x11, 0x00, 0x00, 0x40, 0x00, 0x05, 0x00,
0x01, 0xaa, 0x55, 0xaa, 0x40, 0x68, 0x90, 0x6a, 0x40, 0xa9, 0x55, 0x50, 0x01,
0x50, 0x55, 
0x55, 0x5e, 0x95, 0x68, 0x00, 0x00, 0xa9, 0x55, 0x55, 0x55, 0x40, 0x05, 0x54,
0x05, 0x55, 0x55, 0x55, 0x55, 0x55, 0x56, 0xaa, 0xb0, 0x14, 0x00, 0x06, 0x40,
0x14, 0x00, 0x06, 0x40, 0x00, 0x00, 0x00, 0x00, 0x00, 0x10, 0x00, 0x00, 0x00,
0x00, 0x00, 0x00, 0x00, 0x00, 0x00, 0x00, 0x51, 0x00, 0x00, 0x00, 0x00, 0x00,
0x00, 0x05, 0x40, 0x54, 0x00, 0x00, 0x05, 0x00, 0x00, 0x00, 0x00, 0x00, 0x04,
0x00, 0x00, 0x00, 0x00, 0x00, 0x14, 0x00, 0x06, 0x40, 0xa9, 0x55, 0x55, 0x55,
0x40, 0x05, 
0xe5, 0x2b, 0xaa, 0xa0, 0x00, 0x00, 0x95, 0x55, 0x55, 0x55, 0x40, 0x01, 0x55,
0x55, 0x55, 0x55, 0x55, 0x55, 0x55, 0x56, 0xaa, 0xb0, 0x00, 0xa0, 0x00, 0x00,
0x00, 0x00, 0x00, 0x00, 0x00, 0x00, 0x00, 0x00, 0x00, 0x01, 0x40, 0x00, 0x00,
0x00, 0x00, 0x50, 0x00, 0x00, 0x00, 0x01, 0x00, 0x10, 0x00, 0x00, 0x00, 0x00,
0x00, 0x00, 0x10, 0x00, 0x00, 0x00, 0x00, 0x00, 0x00, 0x00, 0x00, 0x00, 0x00,
0x00, 0x00, 0x00, 0x00, 0x08, 0x18, 0x00, 0x58, 0x00, 0x95, 0x55, 0x55, 0x55,
0x40, 0x01, 
0xbe, 0xef, 0xea, 0xa8, 0x00, 0x00, 0x95, 0x55, 0x55, 0x55, 0x40, 0x01, 0x55,
0x55, 0x55, 0x55, 0x55, 0x55, 0x55, 0x56, 0xaa, 0xb1, 0x56, 0xa8, 0x00, 0x00,
0x00, 0x00, 0x00, 0x00, 0x00, 0x00, 0x00, 0x00, 0x00, 0x00, 0x50, 0x00, 0x00,
0x00, 0x00, 0x50, 0x00, 0x00, 0x00, 0x00, 0x00, 0x40, 0x00, 0x00, 0x00, 0x00,
0x00, 0x00, 0x00, 0x50, 0x00, 0x00, 0x00, 0x00, 0x14, 0x00, 0x00, 0x00, 0x00,
0x00, 0x00, 0x00, 0x00, 0x08, 0x42, 0x2a, 0x08, 0x00, 0x95, 0x55, 0x55, 0x55,
0x40, 0x01, 
0xab, 0xbb, 0xea, 0xa8, 0x00, 0x02, 0x95, 0xaa, 0x55, 0x55, 0x40, 0x05, 0x55,
0x55, 0x55, 0x55, 0x55, 0x56, 0x95, 0x56, 0xaa, 0xb1, 0x05, 0xaa, 0x55, 0x00,
0x00, 0x00, 0x00, 0x00, 0x00, 0x00, 0x00, 0x00, 0x00, 0x00, 0x10, 0x00, 0x00,
0x00, 0x00, 0x00, 0x00, 0x00, 0x00, 0x00, 0x04, 0x05, 0x00, 0x00, 0x00, 0x00,
0x00, 0x00, 0x14, 0x50, 0x00, 0x00, 0x00, 0x00, 0x50, 0x40, 0x00, 0x00, 0x00,
0x00, 0x00, 0x00, 0x00, 0x08, 0x15, 0xc2, 0xa0, 0x02, 0x95, 0xaa, 0x55, 0x55,
0x40, 0x05, 
0xab, 0xfb, 0xfa, 0xa8, 0x00, 0x0a, 0xaa, 0xaa, 0x55, 0x55, 0x55, 0x55, 0x55,
0x55, 0x55, 0x55, 0x55, 0x55, 0xaa, 0xaa, 0xaa, 0xe1, 0x05, 0x65, 0x41, 0x00,
0x01, 0x00, 0x00, 0x00, 0x00, 0x00, 0x00, 0x00, 0x00, 0x01, 0x40, 0x00, 0x00,
0x00, 0x10, 0x00, 0x00, 0x00, 0x00, 0x00, 0x15, 0x10, 0x00, 0x00, 0x00, 0x00,
0x00, 0x01, 0x14, 0x10, 0x00, 0x00, 0x01, 0x00, 0x15, 0x10, 0x04, 0x54, 0x04,
0x04, 0x00, 0x00, 0x01, 0x02, 0x41, 0xc2, 0x2a, 0x0a, 0xaa, 0xaa, 0x55, 0x55,
0x55, 0x55, 
0xab, 0xfa, 0xfe, 0xbf, 0x00, 0x0e, 0xa9, 0x5a, 0x55, 0x55, 0x55, 0x55, 0x55,
0x55, 0x55, 0x55, 0x55, 0x55, 0x6a, 0xaa, 0xae, 0xd0, 0x55, 0x65, 0x41, 0x00,
0x01, 0x00, 0x00, 0x00, 0x00, 0x00, 0x00, 0x00, 0x00, 0x00, 0x05, 0x00, 0x00,
0x00, 0x00, 0x00, 0x00, 0x00, 0x10, 0x00, 0x00, 0x00, 0x00, 0x00, 0x00, 0x00,
0x00, 0x05, 0x10, 0x00, 0x00, 0x00, 0x01, 0x00, 0x00, 0x14, 0x14, 0x44, 0x00,
0x14, 0x54, 0x00, 0x01, 0x00, 0xaa, 0xeb, 0x94, 0x8e, 0xa9, 0x5a, 0x55, 0x55,
0x55, 0x55, 
0xab, 0xea, 0xef, 0xab, 0x00, 0x0e, 0xa9, 0x5a, 0x55, 0x55, 0x55, 0x55, 0x55,
0x55, 0x55, 0x56, 0x55, 0x55, 0x6a, 0xaa, 0xae, 0xb0, 0x95, 0x65, 0x55, 0x40,
0x00, 0x00, 0x00, 0x00, 0x00, 0x00, 0x00, 0x00, 0x00, 0x00, 0x11, 0x40, 0x00,
0x00, 0x00, 0x00, 0x00, 0x00, 0x00, 0x00, 0x00, 0x00, 0x00, 0x00, 0x00, 0x00,
0x00, 0x04, 0x00, 0x00, 0x00, 0x00, 0x00, 0x00, 0x00, 0x05, 0x14, 0x00, 0x54,
0x51, 0x05, 0x00, 0x00, 0x00, 0x00, 0xeb, 0x81, 0x2e, 0xa9, 0x5a, 0x55, 0x55,
0x55, 0x55, 
0xaa, 0xea, 0xeb, 0xea, 0xc0, 0x0e, 0xa9, 0x5a, 0xaa, 0x95, 0x55, 0xa5, 0x55,
0x55, 0x55, 0x56, 0x95, 0x55, 0x6a, 0xaa, 0xfe, 0xb5, 0x6a, 0xa5, 0x56, 0x40,
0x00, 0x00, 0x00, 0x00, 0x00, 0x00, 0x00, 0x00, 0x00, 0x01, 0x40, 0x10, 0x00,
0x00, 0x00, 0x00, 0x00, 0x00, 0x00, 0x50, 0x00, 0x00, 0x00, 0x00, 0x00, 0x00,
0x00, 0x00, 0x00, 0x00, 0x00, 0x00, 0x00, 0x00, 0x00, 0x05, 0x00, 0x00, 0x14,
0x10, 0x14, 0x00, 0x00, 0x00, 0x00, 0xeb, 0x20, 0x2e, 0xa9, 0x5a, 0xaa, 0x95,
0x55, 0xa5, 
0xaa, 0xea, 0xbb, 0xfa, 0xf0, 0x0e, 0xaa, 0xaa, 0xaa, 0x95, 0x55, 0xa5, 0x55,
0x59, 0x55, 0x56, 0x95, 0x55, 0x6a, 0xaa, 0xaa, 0xb5, 0x5a, 0x56, 0xa5, 0x40,
0x00, 0x00, 0x00, 0x00, 0x00, 0x00, 0x00, 0x00, 0x00, 0x14, 0x50, 0x00, 0x00,
0x00, 0x00, 0x00, 0x00, 0x00, 0x00, 0x50, 0x01, 0x50, 0x00, 0x00, 0x00, 0x00,
0x00, 0x00, 0x00, 0x00, 0x00, 0x00, 0x00, 0x00, 0x00, 0x00, 0x04, 0x00, 0x50,
0x00, 0x00, 0x00, 0x00, 0x00, 0x15, 0xeb, 0x9a, 0x8e, 0xaa, 0xaa, 0xaa, 0x95,
0x55, 0xa5, 
0xaa, 0xea, 0xbb, 0xfe, 0xb0, 0x0f, 0xfa, 0xa9, 0x5a, 0x95, 0x55, 0xa5, 0x55,
0x69, 0x55, 0x5a, 0xa5, 0x55, 0xaa, 0xaa, 0xaa, 0xb5, 0x59, 0x55, 0x95, 0x50,
0x00, 0x00, 0x00, 0x00, 0x00, 0x00, 0x00, 0x00, 0x00, 0x01, 0x04, 0x01, 0x55,
0x40, 0x00, 0x01, 0x15, 0x40, 0x00, 0x00, 0x05, 0x00, 0x00, 0x00, 0x00, 0x00,
0x00, 0x00, 0x00, 0x00, 0x00, 0x00, 0x00, 0x00, 0x50, 0x01, 0x14, 0x00, 0x00,
0x00, 0x00, 0x00, 0x00, 0x00, 0x19, 0xeb, 0xaa, 0x0f, 0xfa, 0xa9, 0x5a, 0x95,
0x55, 0xa5, 
0xaa, 0xaa, 0xbb, 0xff, 0xf8, 0x00, 0xea, 0xa9, 0x56, 0xa5, 0x56, 0xaa, 0x55,
0xaa, 0x55, 0x5a, 0xaa, 0xaa, 0xaa, 0xab, 0xea, 0xb5, 0x69, 0x55, 0x95, 0x60,
0x00, 0x00, 0x00, 0x00, 0x00, 0x00, 0x00, 0x00, 0x00, 0x00, 0x10, 0x05, 0x55,
0x50, 0x00, 0x04, 0x55, 0x50, 0x00, 0x00, 0x10, 0x00, 0x00, 0x00, 0x00, 0x00,
0x00, 0x00, 0x00, 0x00, 0x00, 0x00, 0x00, 0x00, 0x44, 0x05, 0x51, 0x40, 0x00,
0x44, 0x05, 0x40, 0x00, 0x00, 0x06, 0xaa, 0xea, 0x40, 0xea, 0xa9, 0x56, 0xa5,
0x56, 0xaa, 
0xaa, 0xa8, 0x0a, 0xff, 0x01, 0x00, 0xea, 0xa9, 0x56, 0xaa, 0xaa, 0x5a, 0xaa,
0xaa, 0x95, 0x6a, 0xaa, 0xaa, 0xaa, 0xaf, 0xbf, 0xfa, 0xa9, 0x41, 0xa5, 0x60,
0x00, 0x00, 0x01, 0x00, 0x00, 0x00, 0x00, 0x00, 0x00, 0x00, 0x40, 0x05, 0x55,
0x50, 0x00, 0x00, 0x55, 0x50, 0x00, 0x00, 0x00, 0x00, 0x00, 0x00, 0x00, 0x00,
0x00, 0x00, 0x00, 0x00, 0x00, 0x00, 0x00, 0x00, 0x40, 0x05, 0x00, 0x14, 0x00,
0x10, 0x00, 0x50, 0x00, 0x01, 0x45, 0xaa, 0xaa, 0x90, 0xea, 0xa9, 0x56, 0xaa,
0xaa, 0x5a, 
0x1a, 0xa0, 0x02, 0xff, 0x01, 0x00, 0xea, 0xaa, 0xaa, 0xaa, 0xa5, 0x5a, 0xa9,
0x5a, 0xa9, 0xaa, 0xaa, 0xaa, 0xab, 0xfe, 0xbe, 0xa6, 0xaa, 0x41, 0xaf, 0xa0,
0x00, 0x00, 0x00, 0x00, 0x01, 0x00, 0x00, 0x00, 0x00, 0x14, 0x40, 0x01, 0x55,
0x55, 0x40, 0x00, 0x15, 0x40, 0x00, 0x00, 0x00, 0x40, 0x00, 0x00, 0x00, 0x00,
0x00, 0x00, 0x00, 0x00, 0x00, 0x00, 0x00, 0x00, 0x00, 0x04, 0x00, 0x14, 0x00,
0x50, 0x01, 0x40, 0x00, 0x01, 0x99, 0xaa, 0xa6, 0xa0, 0xea, 0xaa, 0xaa, 0xaa,
0xa5, 0x5a, 
0x06, 0xe0, 0x00, 0x02, 0x00, 0x03, 0xba, 0xaa, 0xaa, 0xaa, 0xa5, 0x56, 0xaa,
0x5a, 0x96, 0xaa, 0xaa, 0xaa, 0xab, 0xfa, 0xae, 0x96, 0xab, 0x96, 0xeb, 0x90,
0x00, 0x00, 0x10, 0x10, 0x01, 0x00, 0x00, 0x00, 0x01, 0x55, 0x00, 0x04, 0x55,
0x45, 0x41, 0x55, 0x40, 0x00, 0x05, 0x00, 0x01, 0x14, 0x00, 0x00, 0x00, 0x00,
0x00, 0x00, 0x00, 0x00, 0x00, 0x00, 0x00, 0x01, 0x40, 0x00, 0x00, 0x04, 0x44,
0x00, 0x00, 0x00, 0x00, 0x00, 0x08, 0x69, 0xaa, 0x93, 0xba, 0xaa, 0xaa, 0xaa,
0xa5, 0x56, 
0x01, 0x90, 0x00, 0x00, 0xa4, 0x03, 0xbf, 0xaa, 0xaa, 0xaa, 0xa9, 0x56, 0xaa,
0xaa, 0x95, 0x5a, 0xaa, 0xaa, 0xab, 0xea, 0xae, 0x82, 0xbe, 0xaa, 0xff, 0x90,
0x00, 0x00, 0x10, 0x40, 0x00, 0x00, 0x00, 0x00, 0x00, 0x01, 0x00, 0x01, 0x10,
0x10, 0x05, 0x55, 0x50, 0x50, 0x55, 0x51, 0x44, 0x00, 0x00, 0x00, 0x00, 0x00,
0x00, 0x00, 0x00, 0x00, 0x00, 0x00, 0x00, 0x05, 0x00, 0x01, 0x00, 0x10, 0x54,
0x00, 0x01, 0x00, 0x00, 0x00, 0x25, 0xa5, 0xa9, 0x03, 0xbf, 0xaa, 0xaa, 0xaa,
0xa9, 0x56, 
0x00, 0x00, 0x00, 0x00, 0x00, 0x03, 0x96, 0xaa, 0xaa, 0xa5, 0x6a, 0xaa, 0xaa,
0xaa, 0xa5, 0x6a, 0xaa, 0xaa, 0xab, 0xfa, 0xae, 0x91, 0xaa, 0x55, 0xaa, 0x40,
0x00, 0x00, 0x00, 0x40, 0x00, 0x00, 0x00, 0x00, 0x00, 0x00, 0x54, 0x00, 0x00,
0x00, 0x55, 0x55, 0x54, 0x01, 0x15, 0x54, 0x00, 0x00, 0x00, 0x00, 0x00, 0x00,
0x00, 0x00, 0x00, 0x00, 0x00, 0x00, 0x00, 0x01, 0x50, 0x14, 0x51, 0x44, 0x10,
0x00, 0x11, 0x00, 0x00, 0x00, 0x68, 0x90, 0x6a, 0x43, 0x96, 0xaa, 0xaa, 0xa5,
0x6a, 0xaa, 
0x00, 0x00, 0x00, 0x00, 0x00, 0x03, 0xaa, 0xba, 0xaa, 0xa5, 0x6a, 0xaa, 0xaa,
0xaa, 0xaa, 0xaa, 0xaa, 0xaa, 0xff, 0xff, 0xfe, 0xa0, 0x00, 0x00, 0x00, 0x00,
0x00, 0x00, 0x00, 0x00, 0x00, 0x00, 0x00, 0x00, 0x00, 0x00, 0x45, 0x00, 0x00,
0x01, 0x55, 0x55, 0x55, 0x40, 0x45, 0x40, 0x00, 0x14, 0x00, 0x00, 0x00, 0x00,
0x00, 0x00, 0x00, 0x00, 0x00, 0x00, 0x00, 0x00, 0x00, 0x05, 0x40, 0x54, 0x00,
0x00, 0x05, 0x00, 0x00, 0x00, 0x14, 0x00, 0x06, 0x43, 0xaa, 0xba, 0xaa, 0xa5,
0x6a, 0xaa, 
0xa8, 0x00, 0x00, 0x00, 0x00, 0x02, 0xea, 0xaa, 0xaa, 0xaa, 0xaa, 0xaa, 0xae,
0xaa, 0xaa, 0xaa, 0xaa, 0xba, 0xbf, 0xfb, 0xfe, 0xa8, 0x18, 0x00, 0x58, 0x00,
0x00, 0x00, 0x00, 0x00, 0x00, 0x00, 0x00, 0x00, 0x00, 0x04, 0x00, 0x40, 0x00,
0x01, 0x55, 0x55, 0x55, 0x10, 0x00, 0x00, 0x01, 0x40, 0x00, 0x00, 0x00, 0x00,
0x00, 0x00, 0x00, 0x00, 0x00, 0x00, 0x00, 0x00, 0x00, 0x00, 0x50, 0x00, 0x00,
0x08, 0x18, 0x00, 0x58, 0x00, 0x00, 0x00, 0x00, 0x02, 0xea, 0xae, 0xab, 0xe5,
0x5a, 0xaa, 
0x58, 0x00, 0x00, 0x00, 0x00, 0xaa, 0xaa, 0xaa, 0xaa, 0xaa, 0xaa, 0xa9, 0x5b,
0xea, 0xaa, 0xaa, 0xaa, 0xbe, 0xbe, 0xbf, 0xba, 0x98, 0x42, 0x2a, 0x08, 0x00,
0x00, 0x00, 0x00, 0x00, 0x00, 0x00, 0x00, 0x00, 0x00, 0x01, 0x00, 0x00, 0x00,
0x00, 0x15, 0x54, 0x55, 0x40, 0x00, 0x00, 0x05, 0x00, 0x00, 0x00, 0x00, 0x00,
0x00, 0x00, 0x00, 0x00, 0x00, 0x00, 0x00, 0x00, 0x00, 0x00, 0x10, 0x00, 0x00,
0x08, 0x42, 0x2a, 0x08, 0x00, 0x00, 0x00, 0x00, 0x01, 0xea, 0xaf, 0xff, 0xfa,
0xaa, 0xaa, 
0x5a, 0xa8, 0x00, 0x00, 0x00, 0xa5, 0xa9, 0x5a, 0x95, 0x69, 0x5a, 0x95, 0x5a,
0xaa, 0xea, 0xaa, 0xaa, 0xbe, 0xbe, 0xbe, 0xfa, 0x98, 0x15, 0xc2, 0xa0, 0x00,
0x00, 0x00, 0x00, 0x00, 0x00, 0x00, 0x00, 0x00, 0x00, 0x00, 0x10, 0x00, 0x00,
0x00, 0x45, 0x55, 0x51, 0x10, 0x00, 0x00, 0x04, 0x00, 0x00, 0x00, 0x00, 0x00,
0x00, 0x00, 0x00, 0x00, 0x01, 0x00, 0x00, 0x00, 0x00, 0x00, 0x00, 0x00, 0x00,
0x08, 0x15, 0xc2, 0xa0, 0x00, 0x00, 0x00, 0x00, 0x01, 0xb6, 0xaf, 0xfe, 0xbf,
0xaa, 0xaa, 
0x56, 0xa8, 0x00, 0x00, 0x00, 0x95, 0x65, 0x55, 0x55, 0x55, 0x56, 0x95, 0x56,
0xab, 0xfa, 0xae, 0xaa, 0xba, 0xbf, 0xfe, 0xea, 0x42, 0x41, 0xc2, 0x2a, 0x00,
0x00, 0x00, 0x00, 0x00, 0x00, 0x00, 0x00, 0x00, 0x00, 0x00, 0x54, 0x00, 0x00,
0x01, 0x15, 0x55, 0x54, 0x00, 0x00, 0x00, 0x01, 0x40, 0x00, 0x00, 0x00, 0x00,
0x00, 0x00, 0x40, 0x00, 0x00, 0x00, 0x00, 0x00, 0x00, 0x04, 0x04, 0x00, 0x01,
0x02, 0x41, 0xc2, 0x2a, 0x00, 0x04, 0x54, 0x04, 0x00, 0x67, 0xfe, 0xfe, 0xaa,
0xaa, 0xaa, 
0x56, 0xaa, 0xaa, 0x00, 0xaa, 0x95, 0x55, 0x55, 0x55, 0x55, 0x55, 0x55, 0x56,
0xaa, 0xaf, 0xff, 0xff, 0xea, 0xbf, 0xbe, 0xaa, 0x40, 0xaa, 0xeb, 0x94, 0x80,
0x00, 0x00, 0x00, 0x00, 0x00, 0x00, 0x00, 0x00, 0x00, 0x00, 0x00, 0x00, 0x00,
0x00, 0x45, 0x15, 0x50, 0x00, 0x10, 0x00, 0x50, 0x00, 0x00, 0x00, 0x00, 0x00,
0x00, 0x00, 0x40, 0x00, 0x10, 0x10, 0x00, 0x00, 0x00, 0x04, 0x00, 0x10, 0x01,
0x00, 0xaa, 0xeb, 0x94, 0x84, 0x14, 0x44, 0x00, 0x10, 0x56, 0xed, 0xfe, 0xaa,
0xfa, 0xaa, 
0x56, 0xaa, 0xab, 0x00, 0xaa, 0xa5, 0x55, 0x55, 0x55, 0x55, 0x55, 0x55, 0x56,
0xaa, 0xab, 0xfa, 0xbf, 0xff, 0xeb, 0xaa, 0x99, 0x00, 0x00, 0xeb, 0x81, 0x20,
0x00, 0x00, 0x00, 0x00, 0x00, 0x00, 0x00, 0x00, 0x00, 0x00, 0x00, 0x00, 0x00,
0x00, 0x00, 0x01, 0x55, 0x00, 0x00, 0x01, 0x44, 0x00, 0x00, 0x00, 0x00, 0x00,
0x00, 0x00, 0x00, 0x00, 0x10, 0x40, 0x00, 0x00, 0x00, 0x00, 0x54, 0x50, 0x00,
0x00, 0x00, 0xeb, 0x81, 0x25, 0x14, 0x00, 0x54, 0x50, 0x15, 0x69, 0xbe, 0xab,
0xff, 0xfe, 
0x55, 0x55, 0xab, 0x00, 0xa5, 0x55, 0x55, 0x55, 0x55, 0x55, 0x55, 0x55, 0x55,
0x55, 0xaa, 0xfa, 0xbf, 0xff, 0xff, 0xa5, 0x40, 0x00, 0x00, 0xeb, 0x20, 0x20,
0x00, 0x00, 0x00, 0x00, 0x00, 0x00, 0x00, 0x00, 0x00, 0x00, 0x00, 0x00, 0x00,
0x00, 0x00, 0x05, 0x55, 0x40, 0x00, 0x54, 0x01, 0x40, 0x00, 0x00, 0x00, 0x00,
0x00, 0x00, 0x00, 0x00, 0x00, 0x40, 0x00, 0x00, 0x00, 0x00, 0x14, 0x10, 0x00,
0x00, 0x00, 0xeb, 0x20, 0x25, 0x00, 0x00, 0x14, 0x10, 0x05, 0x55, 0x7f, 0xff,
0xab, 0xfa, 
0x55, 0x55, 0xaa, 0xaa, 0xa5, 0x55, 0x50, 0x01, 0x55, 0x55, 0x55, 0x55, 0x55,
0x55, 0xaa, 0xea, 0xbf, 0xaf, 0xfa, 0xa8, 0x00, 0x00, 0x15, 0xeb, 0x9a, 0x80,
0x00, 0x00, 0x00, 0x00, 0x00, 0x00, 0x01, 0x00, 0x00, 0x00, 0x40, 0x00, 0x00,
0x00, 0x00, 0x01, 0x55, 0x00, 0x00, 0x50, 0x05, 0x14, 0x00, 0x00, 0x00, 0x00,
0x00, 0x00, 0x00, 0x00, 0x00, 0x00, 0x00, 0x00, 0x00, 0x00, 0x50, 0x00, 0x00,
0x00, 0x15, 0xeb, 0x9a, 0x80, 0x04, 0x00, 0x50, 0x00, 0x00, 0x15, 0x7a, 0xaf,
0xaa, 0xfe, 
0x55, 0x55, 0x56, 0xba, 0x65, 0x55, 0x50, 0x00, 0x55, 0x55, 0x55, 0x55, 0x55,
0x55, 0x56, 0xbf, 0xff, 0xff, 0xfa, 0xa8, 0x00, 0x00, 0x19, 0xeb, 0xaa, 0x00,
0x00, 0x00, 0x00, 0x00, 0x00, 0x04, 0x11, 0x40, 0x04, 0x00, 0x00, 0x00, 0x45,
0x40, 0x00, 0x00, 0x00, 0x00, 0x00, 0x00, 0x10, 0x40, 0x00, 0x00, 0x00, 0x00,
0x00, 0x00, 0x00, 0x00, 0x00, 0x00, 0x00, 0x00, 0x00, 0x00, 0x00, 0x00, 0x00,
0x00, 0x19, 0xeb, 0xaa, 0x01, 0x14, 0x00, 0x00, 0x00, 0x00, 0x00, 0x3a, 0x6a,
0xff, 0xff, 
0x05, 0x55, 0x55, 0xa5, 0x55, 0x55, 0x50, 0x05, 0x55, 0x55, 0x55, 0x50, 0x05,
0x55, 0x55, 0xaa, 0xea, 0xff, 0xf9, 0xa8, 0x00, 0x00, 0x06, 0xaa, 0xea, 0x40,
0x00, 0x00, 0x00, 0x00, 0x00, 0x04, 0x15, 0x40, 0x14, 0x04, 0x00, 0x01, 0x15,
0x50, 0x00, 0x00, 0x00, 0x00, 0x00, 0x00, 0x04, 0x00, 0x00, 0x00, 0x00, 0x00,
0x00, 0x00, 0x00, 0x00, 0x00, 0x00, 0x00, 0x00, 0x00, 0x00, 0x00, 0x00, 0x00,
0x00, 0x06, 0xaa, 0xea, 0x45, 0x51, 0x40, 0x00, 0x40, 0x00, 0x00, 0x3a, 0x55,
0xab, 0xff, 
0x01, 0x55, 0x55, 0xa5, 0x55, 0x55, 0x50, 0x55, 0x55, 0x55, 0x55, 0x50, 0x01,
0x55, 0x55, 0xaa, 0xaa, 0xae, 0xe9, 0xa4, 0x00, 0x01, 0x45, 0xaa, 0xaa, 0x90,
0x00, 0x00, 0x00, 0x00, 0x00, 0x00, 0x10, 0x54, 0x11, 0x11, 0x00, 0x00, 0x55,
0x50, 0x00, 0x00, 0x00, 0x00, 0x00, 0x00, 0x01, 0x00, 0x00, 0x00, 0x00, 0x00,
0x00, 0x00, 0x40, 0x00, 0x00, 0x00, 0x00, 0x00, 0x00, 0x00, 0x00, 0x00, 0x00,
0x01, 0x45, 0xaa, 0xaa, 0x95, 0x00, 0x14, 0x00, 0x10, 0x00, 0x00, 0x2e, 0x56,
0xaa, 0xfe, 
0x01, 0x55, 0x55, 0xa6, 0x55, 0x55, 0x55, 0x55, 0x55, 0x55, 0x55, 0x54, 0x01,
0x55, 0x55, 0xaa, 0xae, 0xa7, 0xea, 0xa0, 0x00, 0x01, 0x99, 0xaa, 0xa6, 0xa0,
0x01, 0x00, 0x00, 0x00, 0x00, 0x04, 0x40, 0x44, 0x51, 0x00, 0x00, 0x00, 0x05,
0x00, 0x00, 0x00, 0x00, 0x00, 0x00, 0x00, 0x01, 0x14, 0x00, 0x00, 0x00, 0x00,
0x00, 0x00, 0x00, 0x00, 0x01, 0x00, 0x00, 0x00, 0x00, 0x00, 0x00, 0x00, 0x00,
0x01, 0x99, 0xaa, 0xa6, 0xa4, 0x00, 0x14, 0x00, 0x50, 0x00, 0x00, 0x1e, 0x6a,
0xaa, 0xf7, 
0x41, 0x55, 0x56, 0xaa, 0x55, 0x55, 0x55, 0x55, 0x55, 0x55, 0x55, 0x55, 0x41,
0x55, 0x56, 0xaa, 0xae, 0xf7, 0xaa, 0x90, 0x00, 0x00, 0x08, 0x69, 0xaa, 0x90,
0x01, 0x00, 0x00, 0x00, 0x00, 0x14, 0x41, 0x00, 0x50, 0x00, 0x00, 0x00, 0x00,
0x00, 0x00, 0x00, 0x04, 0x00, 0x00, 0x00, 0x00, 0x55, 0x40, 0x00, 0x00, 0x00,
0x00, 0x04, 0x04, 0x00, 0x01, 0x00, 0x00, 0x00, 0x00, 0x00, 0x00, 0x00, 0x00,
0x00, 0x08, 0x69, 0xaa, 0x90, 0x00, 0x04, 0x44, 0x00, 0x00, 0x00, 0x07, 0x66,
0xa7, 0xf7, 
0x55, 0x55, 0x56, 0xa5, 0x55, 0x55, 0x55, 0x55, 0x55, 0x55, 0x55, 0x55, 0x55,
0x55, 0x56, 0xaa, 0xaf, 0xea, 0xaa, 0x40, 0x00, 0x00, 0x25, 0xa5, 0xa9, 0x00,
0x00, 0x00, 0x00, 0x00, 0x00, 0x04, 0x01, 0x00, 0x10, 0x00, 0x00, 0x00, 0x00,
0x00, 0x00, 0x00, 0x00, 0x00, 0x00, 0x00, 0x00, 0x40, 0x00, 0x00, 0x00, 0x00,
0x00, 0x01, 0x04, 0x00, 0x00, 0x00, 0x00, 0x00, 0x00, 0x00, 0x00, 0x00, 0x00,
0x00, 0x25, 0xa5, 0xa9, 0x01, 0x00, 0x10, 0x54, 0x00, 0x00, 0x00, 0x05, 0x66,
0xb7, 0xfa, 

};

const struct bitmap bm_minishcap_room_creek_real = { 
    .width = BMPWIDTH_minishcap_room_creek_real, 
    .height = BMPHEIGHT_minishcap_room_creek_real, 
    .format = FORMAT_NATIVE, 
    .data = (unsigned char*)minishcap_room_creek_real,
};
