#include "lcd.h"
#include "/home/david/Documents/RockBox_Personal-master/build-hw-ipodvideo-5g/pluginbitmaps/cdogs_enemy_upper.h"
const unsigned short cdogs_enemy_upper[] = {
0xf81f, 0xf81f, 0xf81f, 0xf81f, 0xf81f, 0xf81f, 0xf81f, 0xf81f, 0xf81f, 0x2104,
0x18c3, 0x18c3, 0x1082, 0x1082, 0x0000, 0xf81f, 0xf81f, 0xf81f, 0xf81f, 0xf81f,
0xf81f, 0xf81f, 0xf81f, 0xf81f, 0xf81f, 0xf81f, 0xf81f, 0xf81f, 0xf81f, 0xf81f,
0xf81f, 0xf81f, 0xf81f, 0x2104, 0x2104, 0x18c3, 0x18c3, 0x1082, 0x0000, 0xf81f,
0xf81f, 0xf81f, 0xf81f, 0xf81f, 0xf81f, 0xf81f, 0xf81f, 0xf81f, 0xf81f, 0xf81f,
0xf81f, 0xf81f, 0xf81f, 0xf81f, 0xf81f, 0xf81f, 0xf81f, 0x2104, 0x18c3, 0x18c3,
0x1082, 0x1082, 0x0000, 0xf81f, 0xf81f, 0xf81f, 0xf81f, 0xf81f, 0xf81f, 0xf81f,
0xf81f, 0xf81f, 0xf81f, 0xf81f, 0xf81f, 0xf81f, 0xf81f, 0xf81f, 0xf81f, 0xf81f,
0xf81f, 0x2104, 0x2104, 0x18c3, 0x1082, 0x1082, 0x0000, 0xf81f, 0xf81f, 0xf81f,
0xf81f, 0xf81f, 0xf81f, 0xf81f, 0xf81f, 0xf81f, 0xf81f, 0xf81f, 0xf81f, 0xf81f,
0xf81f, 0xf81f, 0xf81f, 0xf81f, 0xf81f, 0x2104, 0x18c3, 0x18c3, 0x1082, 0x1082,
0x0000, 0xf81f, 0xf81f, 0xf81f, 0xf81f, 0xf81f, 0xf81f, 0xf81f, 0xf81f, 0xf81f,
0xf81f, 0xf81f, 0xf81f, 0xf81f, 0xf81f, 0xf81f, 0xf81f, 0xf81f, 0xf81f, 0x2104,
0x18c3, 0x18c3, 0x1082, 0x1082, 0x0000, 0xf81f, 0xf81f, 0xf81f, 0xf81f, 0xf81f,
0xf81f, 0xf81f, 0xf81f, 0xf81f, 0xf81f, 0xf81f, 0xf81f, 0xf81f, 0xf81f, 0xf81f,
0xf81f, 0xf81f, 0xf81f, 0x2104, 0x2104, 0x18c3, 0x18c3, 0x1082, 0x0000, 0xf81f,
0xf81f, 0xf81f, 0xf81f, 0xf81f, 0xf81f, 0xf81f, 0xf81f, 0xf81f, 0xf81f, 0xf81f,
0xf81f, 0xf81f, 0xf81f, 0xf81f, 0xf81f, 0xf81f, 0xf81f, 0x2104, 0x18c3, 0x1082,
0x1082, 0x0000, 0x0000, 0xf81f, 0xf81f, 0xf81f, 0xf81f, 0xf81f, 0xf81f, 0xf81f,
0xf81f, 0xf81f, 
0xf81f, 0xf81f, 0xf81f, 0xf81f, 0xf81f, 0xf81f, 0xf81f, 0xf81f, 0xf81f, 0x2104,
0x18c3, 0x18c3, 0x1082, 0x1082, 0x0000, 0xf81f, 0xf81f, 0xf81f, 0xf81f, 0xf81f,
0xf81f, 0xf81f, 0xf81f, 0xf81f, 0xf81f, 0xf81f, 0xf81f, 0xf81f, 0xf81f, 0xf81f,
0xf81f, 0xf81f, 0xf81f, 0x2104, 0x18c3, 0x18c3, 0x1082, 0x1082, 0x0000, 0x0000,
0xf81f, 0xf81f, 0xf81f, 0xf81f, 0xf81f, 0xf81f, 0xf81f, 0xf81f, 0xf81f, 0xf81f,
0xf81f, 0xf81f, 0xf81f, 0xf81f, 0xf81f, 0xf81f, 0xf81f, 0x2104, 0x18c3, 0x18c3,
0x1082, 0x1082, 0x0000, 0xf81f, 0xf81f, 0xf81f, 0xf81f, 0xf81f, 0xf81f, 0xf81f,
0xf81f, 0xf81f, 0xf81f, 0xf81f, 0xf81f, 0xf81f, 0xf81f, 0xf81f, 0xf81f, 0xf81f,
0xf81f, 0x2104, 0x18c3, 0x18c3, 0x18c3, 0x1082, 0x1082, 0x0000, 0xf81f, 0xf81f,
0xf81f, 0xf81f, 0xf81f, 0xf81f, 0xf81f, 0xf81f, 0xf81f, 0xf81f, 0xf81f, 0xf81f,
0xf81f, 0xf81f, 0xf81f, 0xf81f, 0xf81f, 0x2104, 0x18c3, 0x18c3, 0x1082, 0x1082,
0x0000, 0xf81f, 0xf81f, 0xf81f, 0xf81f, 0xf81f, 0xf81f, 0xf81f, 0xf81f, 0xf81f,
0xf81f, 0xf81f, 0xf81f, 0xf81f, 0xf81f, 0xf81f, 0xf81f, 0xf81f, 0x2104, 0x18c3,
0x18c3, 0x1082, 0x1082, 0x1082, 0x0000, 0xf81f, 0xf81f, 0xf81f, 0xf81f, 0xf81f,
0xf81f, 0xf81f, 0xf81f, 0xf81f, 0xf81f, 0xf81f, 0xf81f, 0xf81f, 0xf81f, 0xf81f,
0xf81f, 0xf81f, 0xf81f, 0x2104, 0x2104, 0x18c3, 0x18c3, 0x1082, 0x0000, 0xf81f,
0xf81f, 0xf81f, 0xf81f, 0xf81f, 0xf81f, 0xf81f, 0xf81f, 0xf81f, 0xf81f, 0xf81f,
0xf81f, 0xf81f, 0xf81f, 0xf81f, 0xf81f, 0xf81f, 0x2104, 0x2104, 0x18c3, 0x18c3,
0x1082, 0x1082, 0x0000, 0xf81f, 0xf81f, 0xf81f, 0xf81f, 0xf81f, 0xf81f, 0xf81f,
0xf81f, 0xf81f, 
0xf81f, 0xf81f, 0xf81f, 0xf81f, 0xf81f, 0xf81f, 0xf81f, 0xf81f, 0xf81f, 0x2104,
0x18c3, 0x18c3, 0x1082, 0x1082, 0x0000, 0xf81f, 0xf81f, 0xf81f, 0xf81f, 0xf81f,
0xf81f, 0xf81f, 0xf81f, 0xf81f, 0xf81f, 0xf81f, 0xf81f, 0xf81f, 0xf81f, 0xf81f,
0xf81f, 0xf81f, 0xf81f, 0x2104, 0x18c3, 0x1082, 0x1082, 0x1082, 0x6120, 0x40c0,
0xf81f, 0xf81f, 0xf81f, 0xf81f, 0xf81f, 0xf81f, 0xf81f, 0xf81f, 0xf81f, 0xf81f,
0xf81f, 0xf81f, 0xf81f, 0xf81f, 0xf81f, 0xf81f, 0xf81f, 0x2104, 0x18c3, 0x18c3,
0x1082, 0x1082, 0x0000, 0x2060, 0xf81f, 0xf81f, 0xf81f, 0xf81f, 0xf81f, 0xf81f,
0xf81f, 0xf81f, 0xf81f, 0xf81f, 0xf81f, 0xf81f, 0xf81f, 0xf81f, 0xf81f, 0xf81f,
0xf81f, 0x18c3, 0xf4a9, 0xd280, 0xd280, 0xaa00, 0x89a0, 0x40c0, 0xf81f, 0xf81f,
0xf81f, 0xf81f, 0xf81f, 0xf81f, 0xf81f, 0xf81f, 0xf81f, 0xf81f, 0xf81f, 0xf81f,
0xf81f, 0xf81f, 0xf81f, 0xf81f, 0xf81f, 0x89a0, 0xf4a9, 0xd280, 0xaa00, 0x89a0,
0x6120, 0xf81f, 0xf81f, 0xf81f, 0xf81f, 0xf81f, 0xf81f, 0xf81f, 0xf81f, 0xf81f,
0xf81f, 0xf81f, 0xf81f, 0xf81f, 0xf81f, 0xf81f, 0xf81f, 0xf81f, 0x40c0, 0xf4a9,
0xd280, 0xaa00, 0x89a0, 0x89a0, 0x0000, 0xf81f, 0xf81f, 0xf81f, 0xf81f, 0xf81f,
0xf81f, 0xf81f, 0xf81f, 0xf81f, 0xf81f, 0xf81f, 0xf81f, 0xf81f, 0xf81f, 0xf81f,
0xf81f, 0xf81f, 0x6120, 0x2104, 0x2104, 0x18c3, 0x18c3, 0x1082, 0x0000, 0xf81f,
0xf81f, 0xf81f, 0xf81f, 0xf81f, 0xf81f, 0xf81f, 0xf81f, 0xf81f, 0xf81f, 0xf81f,
0xf81f, 0xf81f, 0xf81f, 0xf81f, 0xf81f, 0xf81f, 0xaa00, 0xf4a9, 0x18c3, 0x18c3,
0x18c3, 0x1082, 0x0000, 0xf81f, 0xf81f, 0xf81f, 0xf81f, 0xf81f, 0xf81f, 0xf81f,
0xf81f, 0xf81f, 
0xf81f, 0xf81f, 0xf81f, 0xf81f, 0xf81f, 0xf81f, 0xf81f, 0xf81f, 0xf81f, 0x2104,
0x18c3, 0x18c3, 0x1082, 0x1082, 0x0000, 0xf81f, 0xf81f, 0xf81f, 0xf81f, 0xf81f,
0xf81f, 0xf81f, 0xf81f, 0xf81f, 0xf81f, 0xf81f, 0xf81f, 0xf81f, 0xf81f, 0xf81f,
0xf81f, 0xf81f, 0xf81f, 0x2104, 0x18c3, 0x1082, 0x1082, 0x0000, 0x6120, 0x30a0,
0xf81f, 0xf81f, 0xf81f, 0xf81f, 0xf81f, 0xf81f, 0xf81f, 0xf81f, 0xf81f, 0xf81f,
0xf81f, 0xf81f, 0xf81f, 0xf81f, 0xf81f, 0xf81f, 0xf81f, 0x2104, 0x18c3, 0x18c3,
0xaa00, 0x89a0, 0x6120, 0x30a0, 0xf81f, 0xf81f, 0xf81f, 0xf81f, 0xf81f, 0xf81f,
0xf81f, 0xf81f, 0xf81f, 0xf81f, 0xf81f, 0xf81f, 0xf81f, 0xf81f, 0xf81f, 0xf81f,
0xf81f, 0x18c3, 0xf4a9, 0xd280, 0xd280, 0xaa00, 0x89a0, 0x40c0, 0xf81f, 0xf81f,
0xf81f, 0xf81f, 0xf81f, 0xf81f, 0xf81f, 0xf81f, 0xf81f, 0xf81f, 0xf81f, 0xf81f,
0xf81f, 0xf81f, 0xf81f, 0xf81f, 0xf81f, 0x89a0, 0xf4a9, 0xd280, 0xaa00, 0x89a0,
0x6120, 0xf81f, 0xf81f, 0xf81f, 0xf81f, 0xf81f, 0xf81f, 0xf81f, 0xf81f, 0xf81f,
0xf81f, 0xf81f, 0xf81f, 0xf81f, 0xf81f, 0xf81f, 0xf81f, 0xf81f, 0x6120, 0xf4a9,
0xd280, 0xaa00, 0x89a0, 0x89a0, 0x0000, 0xf81f, 0xf81f, 0xf81f, 0xf81f, 0xf81f,
0xf81f, 0xf81f, 0xf81f, 0xf81f, 0xf81f, 0xf81f, 0xf81f, 0xf81f, 0xf81f, 0xf81f,
0xf81f, 0xf81f, 0x40c0, 0xd280, 0xf4a9, 0xaa00, 0x18c3, 0x1082, 0x0000, 0xf81f,
0xf81f, 0xf81f, 0xf81f, 0xf81f, 0xf81f, 0xf81f, 0xf81f, 0xf81f, 0xf81f, 0xf81f,
0xf81f, 0xf81f, 0xf81f, 0xf81f, 0xf81f, 0xf81f, 0x40c0, 0xd280, 0x2104, 0x18c3,
0x18c3, 0x1082, 0x0000, 0xf81f, 0xf81f, 0xf81f, 0xf81f, 0xf81f, 0xf81f, 0xf81f,
0xf81f, 0xf81f, 
0xf81f, 0xf81f, 0xf81f, 0xf81f, 0xf81f, 0xf81f, 0xf81f, 0xf81f, 0xf81f, 0x2104,
0x18c3, 0x18c3, 0x1082, 0x1082, 0x0000, 0xf81f, 0xf81f, 0xf81f, 0xf81f, 0xf81f,
0xf81f, 0xf81f, 0xf81f, 0xf81f, 0xf81f, 0xf81f, 0xf81f, 0xf81f, 0xf81f, 0xf81f,
0xf81f, 0xf81f, 0xf81f, 0x2104, 0x18c3, 0x1082, 0x1082, 0x0000, 0xaa00, 0x6120,
0xf81f, 0xf81f, 0xf81f, 0xf81f, 0xf81f, 0xf81f, 0xf81f, 0xf81f, 0xf81f, 0xf81f,
0xf81f, 0xf81f, 0xf81f, 0xf81f, 0xf81f, 0xf81f, 0xf81f, 0x2104, 0x18c3, 0xaa00,
0x6120, 0x40c0, 0x0000, 0x2060, 0x40c0, 0xf81f, 0xf81f, 0xf81f, 0xf81f, 0xf81f,
0xf81f, 0xf81f, 0xf81f, 0xf81f, 0xf81f, 0xf81f, 0xf81f, 0xf81f, 0xf81f, 0xf81f,
0xf81f, 0x89a0, 0x40c0, 0x0000, 0x40c0, 0x40c0, 0x0000, 0x40c0, 0xf81f, 0xf81f,
0xf81f, 0xf81f, 0xf81f, 0xf81f, 0xf81f, 0xf81f, 0xf81f, 0xf81f, 0xf81f, 0xf81f,
0xf81f, 0xf81f, 0xf81f, 0xf81f, 0xf81f, 0x40c0, 0x0000, 0x40c0, 0x40c0, 0x0000,
0x40c0, 0xf81f, 0xf81f, 0xf81f, 0xf81f, 0xf81f, 0xf81f, 0xf81f, 0xf81f, 0xf81f,
0xf81f, 0xf81f, 0xf81f, 0xf81f, 0xf81f, 0xf81f, 0xf81f, 0xf81f, 0x40c0, 0x0000,
0x40c0, 0x40c0, 0x0000, 0x40c0, 0x6120, 0xf81f, 0xf81f, 0xf81f, 0xf81f, 0xf81f,
0xf81f, 0xf81f, 0xf81f, 0xf81f, 0xf81f, 0xf81f, 0xf81f, 0xf81f, 0xf81f, 0xf81f,
0xf81f, 0xd280, 0x6120, 0x0000, 0x40c0, 0x6120, 0x89a0, 0x1082, 0x0000, 0xf81f,
0xf81f, 0xf81f, 0xf81f, 0xf81f, 0xf81f, 0xf81f, 0xf81f, 0xf81f, 0xf81f, 0xf81f,
0xf81f, 0xf81f, 0xf81f, 0xf81f, 0xf81f, 0xf81f, 0xaa00, 0xf4a9, 0x2104, 0x18c3,
0x18c3, 0x1082, 0x0000, 0xf81f, 0xf81f, 0xf81f, 0xf81f, 0xf81f, 0xf81f, 0xf81f,
0xf81f, 0xf81f, 
0xf81f, 0xf81f, 0xf81f, 0xf81f, 0xf81f, 0xf81f, 0xf81f, 0xf81f, 0xf81f, 0x2104,
0x18c3, 0x18c3, 0x1082, 0x1082, 0x0000, 0xf81f, 0xf81f, 0xf81f, 0xf81f, 0xf81f,
0xf81f, 0xf81f, 0xf81f, 0xf81f, 0xf81f, 0xf81f, 0xf81f, 0xf81f, 0xf81f, 0xf81f,
0xf81f, 0xf81f, 0xf81f, 0x2104, 0x18c3, 0x1082, 0x1082, 0x0000, 0xaa00, 0x6120,
0xf81f, 0xf81f, 0xf81f, 0xf81f, 0xf81f, 0xf81f, 0xf81f, 0xf81f, 0xf81f, 0xf81f,
0xf81f, 0xf81f, 0xf81f, 0xf81f, 0xf81f, 0xf81f, 0xf81f, 0x2104, 0xf4a9, 0xaa00,
0x89a0, 0x6120, 0x6120, 0x89a0, 0x6120, 0xf81f, 0xf81f, 0xf81f, 0xf81f, 0xf81f,
0xf81f, 0xf81f, 0xf81f, 0xf81f, 0xf81f, 0xf81f, 0xf81f, 0xf81f, 0xf81f, 0xf81f,
0xf81f, 0x89a0, 0x6120, 0x6120, 0xf4a9, 0x89a0, 0x6120, 0x6120, 0xf81f, 0xf81f,
0xf81f, 0xf81f, 0xf81f, 0xf81f, 0xf81f, 0xf81f, 0xf81f, 0xf81f, 0xf81f, 0xf81f,
0xf81f, 0xf81f, 0xf81f, 0xf81f, 0xf81f, 0x6120, 0x6120, 0xf4a9, 0x89a0, 0x6120,
0x6120, 0xf81f, 0xf81f, 0xf81f, 0xf81f, 0xf81f, 0xf81f, 0xf81f, 0xf81f, 0xf81f,
0xf81f, 0xf81f, 0xf81f, 0xf81f, 0xf81f, 0xf81f, 0xf81f, 0xf81f, 0x6120, 0x6120,
0xf4a9, 0x89a0, 0x6120, 0x6120, 0x6120, 0xf81f, 0xf81f, 0xf81f, 0xf81f, 0xf81f,
0xf81f, 0xf81f, 0xf81f, 0xf81f, 0xf81f, 0xf81f, 0xf81f, 0xf81f, 0xf81f, 0xf81f,
0xf81f, 0x6120, 0x89a0, 0x6120, 0x6120, 0x89a0, 0x89a0, 0xd280, 0x0000, 0xf81f,
0xf81f, 0xf81f, 0xf81f, 0xf81f, 0xf81f, 0xf81f, 0xf81f, 0xf81f, 0xf81f, 0xf81f,
0xf81f, 0xf81f, 0xf81f, 0xf81f, 0xf81f, 0xf81f, 0xaa00, 0xf4a9, 0x2104, 0x18c3,
0x18c3, 0x1082, 0x0000, 0xf81f, 0xf81f, 0xf81f, 0xf81f, 0xf81f, 0xf81f, 0xf81f,
0xf81f, 0xf81f, 
0xf81f, 0xf81f, 0xf81f, 0xf81f, 0xf81f, 0xf81f, 0xf81f, 0xf81f, 0xf81f, 0x40c0,
0xaa00, 0x6120, 0x6120, 0x6120, 0x40c0, 0x6a08, 0x6a08, 0x28c3, 0x4965, 0xf81f,
0xf81f, 0xf81f, 0xf81f, 0xf81f, 0xf81f, 0xf81f, 0xf81f, 0xf81f, 0xf81f, 0xf81f,
0xf81f, 0xf81f, 0xf81f, 0x6120, 0xaa00, 0x6120, 0x6120, 0x89a0, 0x6120, 0x6120,
0xf81f, 0xf81f, 0xf81f, 0xf81f, 0xf81f, 0xf81f, 0xf81f, 0xf81f, 0xf81f, 0xf81f,
0xf81f, 0xf81f, 0xf81f, 0xf81f, 0xf81f, 0xf81f, 0xf81f, 0x89a0, 0xd280, 0x89a0,
0xd280, 0x89a0, 0x89a0, 0x40c0, 0xf81f, 0xf81f, 0xf81f, 0xf81f, 0xf81f, 0xf81f,
0xf81f, 0xf81f, 0xf81f, 0xf81f, 0xf81f, 0xf81f, 0xf81f, 0xf81f, 0xf81f, 0xf81f,
0xf81f, 0x89a0, 0xaa00, 0xaa00, 0x89a0, 0x6120, 0x6120, 0x6120, 0xf81f, 0x7980,
0xf81f, 0xf81f, 0xf81f, 0xf81f, 0xf81f, 0xf81f, 0xf81f, 0xf81f, 0xf81f, 0xf81f,
0xf81f, 0xf81f, 0x8a8a, 0x8a8a, 0x6a08, 0x89a0, 0xaa00, 0x89a0, 0x6120, 0x6120,
0x89a0, 0x6a08, 0x6a08, 0x28c3, 0x4965, 0xf81f, 0xf81f, 0xf81f, 0xf81f, 0xf81f,
0xf81f, 0xf81f, 0xf81f, 0xf81f, 0xf81f, 0xf81f, 0xf81f, 0xf81f, 0x89a0, 0xaa00,
0x89a0, 0x6120, 0x6120, 0x89a0, 0x6120, 0xf81f, 0xf81f, 0xf81f, 0xf81f, 0xf81f,
0xf81f, 0xf81f, 0xf81f, 0xf81f, 0xf81f, 0xf81f, 0xf81f, 0xf81f, 0xf81f, 0xf81f,
0xf81f, 0xf81f, 0x6120, 0x89a0, 0xd280, 0xaa00, 0x89a0, 0xaa00, 0x40c0, 0xf81f,
0xf81f, 0xf81f, 0xf81f, 0xf81f, 0xf81f, 0xf81f, 0xf81f, 0xf81f, 0xf81f, 0xf81f,
0xf81f, 0xf81f, 0xf81f, 0xf81f, 0xf81f, 0xf81f, 0xaa00, 0xaa00, 0x89a0, 0x6120,
0x40c0, 0x40c0, 0x40c0, 0xf81f, 0xf81f, 0x7980, 0xf81f, 0xf81f, 0xf81f, 0xf81f,
0xf81f, 0xf81f, 
0xf81f, 0xf81f, 0xf81f, 0xf81f, 0xf81f, 0xf81f, 0xf81f, 0xf81f, 0x0000, 0x0000,
0xaa00, 0xaa00, 0x6120, 0x6120, 0x0000, 0x0000, 0x6a08, 0x4965, 0x0000, 0xf81f,
0xf81f, 0xf81f, 0xf81f, 0xf81f, 0xf81f, 0xf81f, 0xf81f, 0xf81f, 0xf81f, 0xf81f,
0xf81f, 0xf81f, 0xf81f, 0x0000, 0x0000, 0xaa00, 0x6120, 0x6120, 0x6120, 0x40c0,
0x6a08, 0x28c3, 0x6a08, 0xf81f, 0xf81f, 0xf81f, 0xf81f, 0xf81f, 0xf81f, 0xf81f,
0xf81f, 0xf81f, 0xf81f, 0xf81f, 0xf81f, 0xf81f, 0xf81f, 0x6120, 0x89a0, 0xaa00,
0xaa00, 0xd280, 0xaa00, 0x30a0, 0xf81f, 0xf81f, 0xf81f, 0xf81f, 0xf81f, 0xf81f,
0xf81f, 0xf81f, 0xf81f, 0xf81f, 0xf81f, 0xf81f, 0xf81f, 0x8a8a, 0x8a8a, 0x8a8a,
0x6a08, 0xaa00, 0xf4a9, 0xd280, 0x40c0, 0x40c0, 0x89a0, 0x6120, 0x6a08, 0x4965,
0x8a8a, 0xf81f, 0xf81f, 0xf81f, 0xf81f, 0xf81f, 0xf81f, 0xf81f, 0xf81f, 0xf81f,
0xf81f, 0xf81f, 0x8a8a, 0x8a8a, 0x0000, 0xaa00, 0xf4a9, 0x40c0, 0x40c0, 0x6120,
0x89a0, 0x0000, 0x6a08, 0x4965, 0x0000, 0xf81f, 0xf81f, 0xf81f, 0xf81f, 0xf81f,
0xf81f, 0xf81f, 0xf81f, 0xf81f, 0xf81f, 0xf81f, 0x8a8a, 0x8a8a, 0xaa00, 0xf4a9,
0x40c0, 0x40c0, 0x6120, 0x89a0, 0x6120, 0x6a08, 0x6a08, 0x28c3, 0x6a08, 0xf81f,
0xf81f, 0xf81f, 0xf81f, 0xf81f, 0xf81f, 0xf81f, 0xf81f, 0xf81f, 0xf81f, 0xf81f,
0xf81f, 0xf81f, 0x40c0, 0xaa00, 0x89a0, 0x89a0, 0x89a0, 0x6120, 0x40c0, 0xf81f,
0xf81f, 0xf81f, 0xf81f, 0xf81f, 0xf81f, 0xf81f, 0xf81f, 0xf81f, 0xf81f, 0xf81f,
0xf81f, 0xf81f, 0xf81f, 0xf81f, 0xf81f, 0xf81f, 0x6120, 0xd280, 0xd280, 0x6120,
0x6120, 0x40c0, 0x0000, 0x6a08, 0x6a08, 0x4965, 0x8a8a, 0xf81f, 0xf81f, 0xf81f,
0xf81f, 0xf81f, 
0xf81f, 0xf81f, 0xf81f, 0xf81f, 0xf81f, 0xf81f, 0xf81f, 0x6a08, 0x6a08, 0x8a8a,
0x0000, 0x0000, 0x0000, 0x0000, 0x0000, 0x6a08, 0x4965, 0x0000, 0x0000, 0x0000,
0xf81f, 0xf81f, 0xf81f, 0xf81f, 0xf81f, 0xf81f, 0xf81f, 0xf81f, 0xf81f, 0xf81f,
0xf81f, 0xf81f, 0x0000, 0x0000, 0x0000, 0x0000, 0x0000, 0x0000, 0x0000, 0x0000,
0x6a08, 0x4965, 0x0000, 0xf81f, 0xf81f, 0xf81f, 0xf81f, 0xf81f, 0xf81f, 0xf81f,
0xf81f, 0xf81f, 0xf81f, 0xf81f, 0xf81f, 0xf81f, 0xf81f, 0x728a, 0x40c0, 0x6120,
0xaa00, 0x89a0, 0xaa00, 0x6120, 0x6a08, 0x28c3, 0x8a8a, 0xf81f, 0xf81f, 0xf81f,
0xf81f, 0xf81f, 0xf81f, 0xf81f, 0xf81f, 0xf81f, 0xf81f, 0x8a8a, 0x6a08, 0x8a8a,
0x0000, 0x0000, 0xaa00, 0xf4a9, 0xf4a9, 0xd280, 0x89a0, 0x40c0, 0x4965, 0x28c3,
0x0000, 0x0000, 0xf81f, 0xf81f, 0xf81f, 0xf81f, 0xf81f, 0xf81f, 0xf81f, 0xf81f,
0xf81f, 0xf81f, 0x6a08, 0x8a8a, 0x8a8a, 0x40c0, 0xaa00, 0xf4a9, 0xf4a9, 0x89a0,
0x40c0, 0x6a08, 0x4965, 0x0000, 0x0000, 0x0000, 0xf81f, 0xf81f, 0xf81f, 0xf81f,
0xf81f, 0xf81f, 0xf81f, 0xf81f, 0xf81f, 0xf81f, 0x8a8a, 0x8a8a, 0x40c0, 0xaa00,
0xf4a9, 0xf4a9, 0x89a0, 0x6120, 0x0000, 0x0000, 0x6a08, 0x4965, 0x0000, 0xf81f,
0xf81f, 0xf81f, 0xf81f, 0xf81f, 0xf81f, 0xf81f, 0xf81f, 0xf81f, 0xf81f, 0xf81f,
0xf81f, 0xf81f, 0xd280, 0xf4a9, 0xaa00, 0x6120, 0x40c0, 0x40c0, 0x0000, 0x6a08,
0x6a08, 0x28c3, 0x8a8a, 0xf81f, 0xf81f, 0xf81f, 0xf81f, 0xf81f, 0xf81f, 0xf81f,
0xf81f, 0xf81f, 0xf81f, 0xf81f, 0xf81f, 0xf81f, 0x0000, 0x0000, 0x0000, 0x0000,
0x0000, 0x0000, 0x0000, 0x0000, 0x4965, 0x28c3, 0x0000, 0x0000, 0xf81f, 0xf81f,
0xf81f, 0xf81f, 
0xf81f, 0xf81f, 0xf81f, 0xf81f, 0xf81f, 0xf81f, 0x8a8a, 0x6a08, 0x6a08, 0x8a8a,
0x8a8a, 0x8a8a, 0x6a08, 0x6a08, 0x0000, 0x4965, 0x28c3, 0x28c3, 0x0000, 0xf81f,
0xf81f, 0xf81f, 0xf81f, 0xf81f, 0xf81f, 0xf81f, 0xf81f, 0xf81f, 0xf81f, 0xf81f,
0x6a08, 0x6a08, 0x6a08, 0x8a8a, 0x0000, 0x0000, 0x0000, 0x0000, 0x0000, 0x6a08,
0x4965, 0x0000, 0x0000, 0xf81f, 0xf81f, 0xf81f, 0xf81f, 0xf81f, 0xf81f, 0xf81f,
0xf81f, 0xf81f, 0xf81f, 0x8a8a, 0x8a8a, 0x6a08, 0x0000, 0x0000, 0x0000, 0x0000,
0x0000, 0x0000, 0x0000, 0x0000, 0x6a08, 0x28c3, 0x0000, 0x0000, 0xf81f, 0xf81f,
0xf81f, 0xf81f, 0xf81f, 0xf81f, 0xf81f, 0xf81f, 0xf81f, 0x4965, 0x4965, 0x8a8a,
0x8a8a, 0x8a8a, 0x8a8a, 0x8a8a, 0x0000, 0x0000, 0x0000, 0x4965, 0x4965, 0x0000,
0x0000, 0xf81f, 0xf81f, 0xf81f, 0xf81f, 0xf81f, 0xf81f, 0xf81f, 0xf81f, 0xf81f,
0xf81f, 0xf81f, 0xf81f, 0x8a8a, 0x8a8a, 0x92aa, 0x92aa, 0x8a8a, 0x6a08, 0x6a08,
0x0000, 0x4965, 0x28c3, 0x28c3, 0x0000, 0xf81f, 0xf81f, 0xf81f, 0xf81f, 0xf81f,
0xf81f, 0xf81f, 0xf81f, 0xf81f, 0xf81f, 0xf81f, 0x6a08, 0x8a8a, 0x8a8a, 0x8a8a,
0x0000, 0x0000, 0x0000, 0x0000, 0x0000, 0x6a08, 0x4965, 0x0000, 0x0000, 0xf81f,
0xf81f, 0xf81f, 0xf81f, 0xf81f, 0xf81f, 0xf81f, 0xf81f, 0xf81f, 0xf81f, 0xf81f,
0x8a8a, 0x6a08, 0x0000, 0x0000, 0x0000, 0x0000, 0x0000, 0x0000, 0x0000, 0x0000,
0x6a08, 0x28c3, 0x0000, 0x0000, 0xf81f, 0xf81f, 0xf81f, 0xf81f, 0xf81f, 0xf81f,
0xf81f, 0xf81f, 0xf81f, 0xf81f, 0x8a8a, 0x8a8a, 0x6a08, 0x8a8a, 0x8a8a, 0x8a8a,
0x0000, 0x0000, 0x0000, 0x4965, 0x4965, 0x0000, 0x0000, 0xf81f, 0xf81f, 0xf81f,
0xf81f, 0xf81f, 
0xf81f, 0xf81f, 0xf81f, 0xf81f, 0xf81f, 0x8a8a, 0x6a08, 0x4965, 0x6a08, 0x6a08,
0x6a08, 0x6a08, 0x6a08, 0x0000, 0x4965, 0x4965, 0x0000, 0x0000, 0xf81f, 0xf81f,
0xf81f, 0xf81f, 0xf81f, 0xf81f, 0xf81f, 0xf81f, 0xf81f, 0xf81f, 0xf81f, 0x6a08,
0x4965, 0x6a08, 0x8a8a, 0x8a8a, 0x8a8a, 0x8a8a, 0x6a08, 0x6a08, 0x0000, 0x4965,
0x28c3, 0x28c3, 0x0000, 0xf81f, 0xf81f, 0xf81f, 0xf81f, 0xf81f, 0xf81f, 0xf81f,
0xf81f, 0xf81f, 0x8a8a, 0x9acb, 0x8aaa, 0x92aa, 0x8a8a, 0x8a8a, 0x0000, 0x0000,
0x0000, 0x0000, 0x0000, 0x4965, 0x4965, 0x0000, 0x0000, 0xf81f, 0xf81f, 0xf81f,
0xf81f, 0xf81f, 0xf81f, 0xf81f, 0xf81f, 0xf81f, 0xf81f, 0xf81f, 0x6a08, 0x8a8a,
0x8a8a, 0x92aa, 0x9acb, 0x92aa, 0x6a08, 0x0000, 0x0000, 0x4965, 0x28c3, 0x0000,
0x0000, 0xf81f, 0xf81f, 0xf81f, 0xf81f, 0xf81f, 0xf81f, 0xf81f, 0xf81f, 0xf81f,
0xf81f, 0xf81f, 0xf81f, 0x6a08, 0x8a8a, 0x92aa, 0x92aa, 0x8a8a, 0x6a08, 0x0000,
0x4965, 0x4965, 0x0000, 0x0000, 0xf81f, 0xf81f, 0xf81f, 0xf81f, 0xf81f, 0xf81f,
0xf81f, 0xf81f, 0xf81f, 0xf81f, 0xf81f, 0xf81f, 0xf81f, 0x8a8a, 0x8a8a, 0x92aa,
0x92aa, 0x8a8a, 0x6a08, 0x6a08, 0x0000, 0x4965, 0x28c3, 0x28c3, 0x0000, 0xf81f,
0xf81f, 0xf81f, 0xf81f, 0xf81f, 0xf81f, 0xf81f, 0xf81f, 0xf81f, 0xf81f, 0x8a8a,
0x8aaa, 0x92aa, 0x8a8a, 0x8a8a, 0x0000, 0x0000, 0x0000, 0x0000, 0x0000, 0x4965,
0x4965, 0x0000, 0x0000, 0xf81f, 0xf81f, 0xf81f, 0xf81f, 0xf81f, 0xf81f, 0xf81f,
0xf81f, 0xf81f, 0xf81f, 0x8a8a, 0x8aaa, 0x8aaa, 0x8a8a, 0x8a8a, 0x8a8a, 0x8a8a,
0x6a08, 0x0000, 0x0000, 0x4965, 0x28c3, 0x0000, 0x0000, 0xf81f, 0xf81f, 0xf81f,
0xf81f, 0xf81f, 
0xf81f, 0xf81f, 0xf81f, 0xf81f, 0x4965, 0x8a8a, 0x6a08, 0x28c3, 0x28c3, 0x4965,
0x6a08, 0x6a08, 0x0000, 0x0000, 0x4965, 0x28c3, 0x0000, 0x0000, 0xf81f, 0xf81f,
0xf81f, 0xf81f, 0xf81f, 0xf81f, 0xf81f, 0xf81f, 0xf81f, 0xf81f, 0x6a08, 0x9acb,
0x4965, 0x6a08, 0x6a08, 0x6a08, 0x6a08, 0x6a08, 0x6a08, 0x0000, 0x4965, 0x4965,
0x0000, 0x0000, 0xf81f, 0xf81f, 0xf81f, 0xf81f, 0xf81f, 0xf81f, 0xf81f, 0xf81f,
0xf81f, 0xf81f, 0x8a8a, 0x6a08, 0x4965, 0x8a8a, 0x92aa, 0x9acb, 0x92aa, 0x8a8a,
0x6a08, 0x6a08, 0x0000, 0x4965, 0x28c3, 0x28c3, 0x0000, 0xf81f, 0xf81f, 0xf81f,
0xf81f, 0xf81f, 0xf81f, 0xf81f, 0xf81f, 0xf81f, 0xf81f, 0xf81f, 0x0000, 0x728a,
0x8a8a, 0x8a8a, 0x92aa, 0x6a08, 0x6a08, 0x0000, 0x4965, 0x28c3, 0x0000, 0x0000,
0xf81f, 0xf81f, 0xf81f, 0xf81f, 0xf81f, 0xf81f, 0xf81f, 0xf81f, 0xf81f, 0xf81f,
0xf81f, 0xf81f, 0x0000, 0x6a08, 0x8a8a, 0x8a8a, 0x6a08, 0x6a08, 0x0000, 0x0000,
0x4965, 0x28c3, 0x0000, 0x0000, 0xf81f, 0xf81f, 0xf81f, 0xf81f, 0xf81f, 0xf81f,
0xf81f, 0xf81f, 0xf81f, 0xf81f, 0xf81f, 0xf81f, 0xf81f, 0x6a08, 0x8a8a, 0x92aa,
0x92aa, 0x8a8a, 0x6a08, 0x0000, 0x4965, 0x4965, 0x0000, 0x0000, 0xf81f, 0xf81f,
0xf81f, 0xf81f, 0xf81f, 0xf81f, 0xf81f, 0xf81f, 0xf81f, 0xf81f, 0x6a08, 0x8a8a,
0x6a08, 0x8a8a, 0x9acb, 0x9acb, 0x92aa, 0x8a8a, 0x6a08, 0x6a08, 0x0000, 0x4965,
0x28c3, 0x28c3, 0x0000, 0xf81f, 0xf81f, 0xf81f, 0xf81f, 0xf81f, 0xf81f, 0xf81f,
0xf81f, 0xf81f, 0xf81f, 0x8a8a, 0x8aaa, 0x6a08, 0x6a08, 0x6a08, 0x6a08, 0x6a08,
0x6a08, 0x0000, 0x4965, 0x28c3, 0x0000, 0x0000, 0xf81f, 0xf81f, 0xf81f, 0xf81f,
0xf81f, 0xf81f, 
0xf81f, 0xf81f, 0xf81f, 0xf81f, 0xf81f, 0x6a08, 0x6a08, 0x0000, 0x4965, 0x6a08,
0x6a08, 0x0000, 0x0000, 0x4965, 0x28c3, 0x28c3, 0x0000, 0x0000, 0xf81f, 0xf81f,
0xf81f, 0xf81f, 0xf81f, 0xf81f, 0xf81f, 0xf81f, 0xf81f, 0xf81f, 0x4965, 0x8a8a,
0x6a08, 0x4965, 0x4965, 0x6a08, 0x6a08, 0x6a08, 0x0000, 0x0000, 0x4965, 0x28c3,
0x0000, 0x0000, 0xf81f, 0xf81f, 0xf81f, 0xf81f, 0xf81f, 0xf81f, 0xf81f, 0xf81f,
0xf81f, 0xf81f, 0x6a08, 0x4965, 0x0000, 0x6a08, 0x8a8a, 0x92aa, 0x92aa, 0x6a08,
0x6a08, 0x0000, 0x4965, 0x4965, 0x0000, 0x0000, 0xf81f, 0xf81f, 0xf81f, 0xf81f,
0xf81f, 0xf81f, 0xf81f, 0xf81f, 0xf81f, 0xf81f, 0xf81f, 0xf81f, 0x0000, 0x6a08,
0x6a08, 0x6a08, 0x6a08, 0x6a08, 0x0000, 0x4965, 0x4965, 0x28c3, 0x0000, 0x0000,
0xf81f, 0xf81f, 0xf81f, 0xf81f, 0xf81f, 0xf81f, 0xf81f, 0xf81f, 0xf81f, 0xf81f,
0xf81f, 0xf81f, 0x0000, 0x6a08, 0x6a08, 0x6a08, 0x6a08, 0x0000, 0x0000, 0x4965,
0x28c3, 0x28c3, 0x0000, 0x0000, 0xf81f, 0xf81f, 0xf81f, 0xf81f, 0xf81f, 0xf81f,
0xf81f, 0xf81f, 0xf81f, 0xf81f, 0xf81f, 0xf81f, 0x0000, 0x6a08, 0x8a8a, 0x8a8a,
0x6a08, 0x6a08, 0x0000, 0x0000, 0x4965, 0x28c3, 0x0000, 0x0000, 0xf81f, 0xf81f,
0xf81f, 0xf81f, 0xf81f, 0xf81f, 0xf81f, 0xf81f, 0xf81f, 0xf81f, 0xf81f, 0x6a08,
0x28c3, 0x6a08, 0x8a8a, 0x92aa, 0x92aa, 0x6a08, 0x6a08, 0x0000, 0x4965, 0x4965,
0x0000, 0x0000, 0xf81f, 0xf81f, 0xf81f, 0xf81f, 0xf81f, 0xf81f, 0xf81f, 0xf81f,
0xf81f, 0xf81f, 0xf81f, 0x8a8a, 0x6a08, 0x28c3, 0x6a08, 0x6a08, 0x6a08, 0x6a08,
0x0000, 0x4965, 0x4965, 0x28c3, 0x0000, 0x0000, 0xf81f, 0xf81f, 0xf81f, 0xf81f,
0xf81f, 0xf81f, 
0xf81f, 0xf81f, 0xf81f, 0xf81f, 0xf81f, 0x6a08, 0x6a08, 0x4965, 0x0000, 0x6a08,
0x0000, 0x0000, 0x4965, 0x28c3, 0x28c3, 0x0000, 0x0000, 0xf81f, 0xf81f, 0xf81f,
0xf81f, 0xf81f, 0xf81f, 0xf81f, 0xf81f, 0xf81f, 0xf81f, 0xf81f, 0xf81f, 0x6a08,
0x6a08, 0x28c3, 0x6a08, 0x6a08, 0x6a08, 0x0000, 0x0000, 0x4965, 0x28c3, 0x28c3,
0x0000, 0x0000, 0xf81f, 0xf81f, 0xf81f, 0xf81f, 0xf81f, 0xf81f, 0xf81f, 0xf81f,
0xf81f, 0xf81f, 0x4965, 0x4965, 0x4965, 0x6a08, 0x6a08, 0x6a08, 0x6a08, 0x6a08,
0x0000, 0x0000, 0x4965, 0x28c3, 0x0000, 0x0000, 0xf81f, 0xf81f, 0xf81f, 0xf81f,
0xf81f, 0xf81f, 0xf81f, 0xf81f, 0xf81f, 0xf81f, 0xf81f, 0xf81f, 0x0000, 0x6a08,
0x6a08, 0x6a08, 0x6a08, 0x0000, 0x0000, 0x4965, 0x28c3, 0x28c3, 0x0000, 0x0000,
0xf81f, 0xf81f, 0xf81f, 0xf81f, 0xf81f, 0xf81f, 0xf81f, 0xf81f, 0xf81f, 0xf81f,
0xf81f, 0xf81f, 0xf81f, 0x0000, 0x6a08, 0x6a08, 0x0000, 0x0000, 0x4965, 0x28c3,
0x28c3, 0x0000, 0x0000, 0x0000, 0xf81f, 0xf81f, 0xf81f, 0xf81f, 0xf81f, 0xf81f,
0xf81f, 0xf81f, 0xf81f, 0xf81f, 0xf81f, 0xf81f, 0x0000, 0x6a08, 0x6a08, 0x6a08,
0x6a08, 0x0000, 0x0000, 0x4965, 0x28c3, 0x28c3, 0x0000, 0x0000, 0xf81f, 0xf81f,
0xf81f, 0xf81f, 0xf81f, 0xf81f, 0xf81f, 0xf81f, 0xf81f, 0xf81f, 0xf81f, 0xf81f,
0xb220, 0x6a08, 0x6a08, 0x6a08, 0x6a08, 0x6a08, 0x0000, 0x0000, 0x4965, 0x28c3,
0x0000, 0x0000, 0xf81f, 0xf81f, 0xf81f, 0xf81f, 0xf81f, 0xf81f, 0xf81f, 0xf81f,
0xf81f, 0xf81f, 0xf81f, 0x4965, 0x4965, 0x0000, 0x6a08, 0x6a08, 0x4965, 0x0000,
0x0000, 0x4965, 0x28c3, 0x28c3, 0x0000, 0x0000, 0xf81f, 0xf81f, 0xf81f, 0xf81f,
0xf81f, 0xf81f, 
0xf81f, 0xf81f, 0xf81f, 0xf81f, 0xf81f, 0xf81f, 0x6a08, 0x4965, 0xaa00, 0x0000,
0x0000, 0x4965, 0x28c3, 0x0000, 0x0000, 0x0000, 0x0000, 0xf81f, 0xf81f, 0xf81f,
0xf81f, 0xf81f, 0xf81f, 0xf81f, 0xf81f, 0xf81f, 0xf81f, 0xf81f, 0xf81f, 0x6a08,
0x6a08, 0x28c3, 0xaa00, 0x6a08, 0x0000, 0x0000, 0x4965, 0x28c3, 0x28c3, 0x0000,
0x0000, 0xf81f, 0xf81f, 0xf81f, 0xf81f, 0xf81f, 0xf81f, 0xf81f, 0xf81f, 0xf81f,
0xf81f, 0xf81f, 0xf81f, 0x28c3, 0x0000, 0x6a08, 0x6a08, 0x6a08, 0x6a08, 0x0000,
0x0000, 0x4965, 0x28c3, 0x28c3, 0x0000, 0x0000, 0xf81f, 0xf81f, 0xf81f, 0xf81f,
0xf81f, 0xf81f, 0xf81f, 0xf81f, 0xf81f, 0xf81f, 0xf81f, 0xf81f, 0xf81f, 0x0000,
0x6a08, 0x6a08, 0x0000, 0x0000, 0x4965, 0x28c3, 0x28c3, 0x0000, 0x0000, 0x1082,
0xf81f, 0xf81f, 0xf81f, 0xf81f, 0xf81f, 0xf81f, 0xf81f, 0xf81f, 0xf81f, 0xf81f,
0xf81f, 0xf81f, 0xf81f, 0x3186, 0x0000, 0x0000, 0x0000, 0x4965, 0x28c3, 0x0000,
0x0000, 0x0000, 0x18e3, 0xf81f, 0xf81f, 0xf81f, 0xf81f, 0xf81f, 0xf81f, 0xf81f,
0xf81f, 0xf81f, 0xf81f, 0xf81f, 0xf81f, 0xf81f, 0xf81f, 0x0000, 0x6a08, 0x6a08,
0x0000, 0x0000, 0x4965, 0x28c3, 0x28c3, 0x0000, 0x0000, 0x1082, 0xf81f, 0xf81f,
0xf81f, 0xf81f, 0xf81f, 0xf81f, 0xf81f, 0xf81f, 0xf81f, 0xf81f, 0xf81f, 0xf81f,
0x2880, 0x6a08, 0x6a08, 0x6a08, 0x6a08, 0x0000, 0x0000, 0x4965, 0x28c3, 0x28c3,
0x0000, 0x0000, 0xf81f, 0xf81f, 0xf81f, 0xf81f, 0xf81f, 0xf81f, 0xf81f, 0xf81f,
0xf81f, 0xf81f, 0xf81f, 0x28c3, 0x0000, 0x2880, 0x4965, 0x4965, 0x0000, 0x0000,
0x4965, 0x28c3, 0x28c3, 0x0000, 0x0000, 0xf81f, 0xf81f, 0xf81f, 0xf81f, 0xf81f,
0xf81f, 0xf81f, 
0xf81f, 0xf81f, 0xf81f, 0xf81f, 0xf81f, 0xf81f, 0x7980, 0xaa00, 0x7980, 0x31a6,
0x0000, 0x0000, 0x0000, 0x0000, 0x3186, 0x2945, 0x0020, 0xf81f, 0xf81f, 0xf81f,
0xf81f, 0xf81f, 0xf81f, 0xf81f, 0xf81f, 0xf81f, 0xf81f, 0xf81f, 0xf81f, 0xf81f,
0x7980, 0xaa00, 0x7980, 0x0000, 0x0000, 0x0000, 0x0000, 0x0000, 0x0000, 0x0000,
0x1082, 0xf81f, 0xf81f, 0xf81f, 0xf81f, 0xf81f, 0xf81f, 0xf81f, 0xf81f, 0xf81f,
0xf81f, 0xf81f, 0xf81f, 0x7980, 0x2880, 0x0000, 0x6a08, 0x6a08, 0x0000, 0x0000,
0x4965, 0x28c3, 0x28c3, 0x0000, 0x0000, 0xf81f, 0xf81f, 0xf81f, 0xf81f, 0xf81f,
0xf81f, 0xf81f, 0xf81f, 0xf81f, 0xf81f, 0xf81f, 0xf81f, 0xf81f, 0xf81f, 0x3186,
0x0000, 0x0000, 0x0000, 0x0000, 0x0000, 0x0000, 0x0000, 0x0000, 0x0000, 0x0000,
0xf81f, 0xf81f, 0xf81f, 0xf81f, 0xf81f, 0xf81f, 0xf81f, 0xf81f, 0xf81f, 0xf81f,
0xf81f, 0xf81f, 0xf81f, 0x3186, 0x3186, 0x2945, 0x0000, 0x0000, 0x0000, 0x0000,
0x18e3, 0x1082, 0x0000, 0xf81f, 0xf81f, 0xf81f, 0xf81f, 0xf81f, 0xf81f, 0xf81f,
0xf81f, 0xf81f, 0xf81f, 0xf81f, 0xf81f, 0xf81f, 0xf81f, 0x3186, 0x0000, 0x0000,
0x0000, 0x0000, 0x0000, 0x0000, 0x0000, 0x0000, 0x18e3, 0x0020, 0xf81f, 0xf81f,
0xf81f, 0xf81f, 0xf81f, 0xf81f, 0xf81f, 0xf81f, 0xf81f, 0xf81f, 0xf81f, 0xf81f,
0xf81f, 0x4965, 0x6a08, 0x4965, 0x0000, 0x0000, 0x4965, 0x28c3, 0x28c3, 0x0000,
0x0000, 0xf81f, 0xf81f, 0xf81f, 0xf81f, 0xf81f, 0xf81f, 0xf81f, 0xf81f, 0xf81f,
0xf81f, 0xf81f, 0xf81f, 0xf81f, 0x7980, 0x0000, 0x0000, 0x0000, 0x0000, 0x0000,
0x0000, 0x0000, 0x0000, 0x0000, 0x0000, 0xf81f, 0xf81f, 0xf81f, 0xf81f, 0xf81f,
0xf81f, 0xf81f, 
0xf81f, 0xf81f, 0xf81f, 0xf81f, 0xf81f, 0xf81f, 0x7980, 0x7980, 0x7980, 0x0000,
0xf81f, 0xf81f, 0xf81f, 0x3186, 0x31a6, 0x2945, 0x1082, 0xf81f, 0xf81f, 0xf81f,
0xf81f, 0xf81f, 0xf81f, 0xf81f, 0xf81f, 0xf81f, 0xf81f, 0xf81f, 0xf81f, 0xf81f,
0x7980, 0x7980, 0x3186, 0x31a6, 0x0000, 0x0000, 0x0000, 0x0000, 0x31a6, 0x2945,
0x18e3, 0xf81f, 0xf81f, 0xf81f, 0xf81f, 0xf81f, 0xf81f, 0xf81f, 0xf81f, 0xf81f,
0xf81f, 0xf81f, 0xf81f, 0xf81f, 0xf81f, 0x3186, 0x0000, 0x0000, 0x0000, 0x0000,
0x0000, 0x0000, 0x0000, 0x0000, 0x18e3, 0xf81f, 0xf81f, 0xf81f, 0xf81f, 0xf81f,
0xf81f, 0xf81f, 0xf81f, 0xf81f, 0xf81f, 0xf81f, 0xf81f, 0xf81f, 0xf81f, 0x3186,
0x31a6, 0x2945, 0x18e3, 0x1082, 0x18e3, 0x1082, 0x0020, 0x0000, 0x0020, 0x0000,
0xf81f, 0xf81f, 0xf81f, 0xf81f, 0xf81f, 0xf81f, 0xf81f, 0xf81f, 0xf81f, 0xf81f,
0xf81f, 0xf81f, 0xf81f, 0x3186, 0x31a6, 0x2945, 0x18e3, 0xf81f, 0xf81f, 0xf81f,
0x0000, 0x0000, 0xf81f, 0xf81f, 0xf81f, 0xf81f, 0xf81f, 0xf81f, 0xf81f, 0xf81f,
0xf81f, 0xf81f, 0xf81f, 0xf81f, 0xf81f, 0xf81f, 0xf81f, 0x3186, 0x2945, 0x2945,
0x0000, 0x0000, 0x0000, 0x0000, 0x2945, 0x18e3, 0x0000, 0x0000, 0xf81f, 0xf81f,
0xf81f, 0xf81f, 0xf81f, 0xf81f, 0xf81f, 0xf81f, 0xf81f, 0xf81f, 0xf81f, 0xf81f,
0xf81f, 0x3186, 0x0000, 0x0000, 0x0000, 0x0000, 0x0000, 0x0000, 0x0000, 0x0000,
0x18e3, 0xf81f, 0xf81f, 0xf81f, 0xf81f, 0xf81f, 0xf81f, 0xf81f, 0xf81f, 0xf81f,
0xf81f, 0xf81f, 0xf81f, 0xf81f, 0xaa00, 0x3186, 0x10a2, 0x2945, 0x2945, 0x2945,
0x1082, 0x3186, 0x31a6, 0x2945, 0x0000, 0xf81f, 0xf81f, 0xf81f, 0xf81f, 0xf81f,
0xf81f, 0xf81f, 
0xf81f, 0xf81f, 0xf81f, 0xf81f, 0xf81f, 0xf81f, 0xf81f, 0xf81f, 0xf81f, 0xf81f,
0xf81f, 0xf81f, 0xf81f, 0x3186, 0x31a6, 0x18e3, 0x0000, 0xf81f, 0xf81f, 0xf81f,
0xf81f, 0xf81f, 0xf81f, 0xf81f, 0xf81f, 0xf81f, 0xf81f, 0xf81f, 0xf81f, 0xf81f,
0xf81f, 0x18e3, 0x0020, 0x0000, 0x0000, 0xf81f, 0x2945, 0x31a6, 0x2945, 0x2945,
0x2945, 0xf81f, 0xf81f, 0xf81f, 0xf81f, 0xf81f, 0xf81f, 0xf81f, 0xf81f, 0xf81f,
0xf81f, 0xf81f, 0xf81f, 0xf81f, 0x2945, 0x18e3, 0x3186, 0x31a6, 0x3186, 0x0000,
0x0000, 0x2945, 0x3186, 0x3186, 0x2945, 0x0000, 0xf81f, 0xf81f, 0xf81f, 0xf81f,
0xf81f, 0xf81f, 0xf81f, 0xf81f, 0xf81f, 0xf81f, 0xf81f, 0xf81f, 0xf81f, 0x3186,
0x31a6, 0x2945, 0x18e3, 0xf81f, 0xf81f, 0xf81f, 0x18e3, 0x1082, 0x0020, 0xf81f,
0xf81f, 0xf81f, 0xf81f, 0xf81f, 0xf81f, 0xf81f, 0xf81f, 0xf81f, 0xf81f, 0xf81f,
0xf81f, 0xf81f, 0xf81f, 0x2945, 0x31a6, 0x2945, 0x0020, 0xf81f, 0xf81f, 0xf81f,
0xf81f, 0xf81f, 0xf81f, 0xf81f, 0xf81f, 0xf81f, 0xf81f, 0xf81f, 0xf81f, 0xf81f,
0xf81f, 0xf81f, 0xf81f, 0xf81f, 0xf81f, 0xf81f, 0xf81f, 0x3186, 0x2945, 0x2945,
0x18e3, 0x0000, 0xf81f, 0x0000, 0x0000, 0x0000, 0x0000, 0xf81f, 0xf81f, 0xf81f,
0xf81f, 0xf81f, 0xf81f, 0xf81f, 0xf81f, 0xf81f, 0xf81f, 0xf81f, 0xf81f, 0xf81f,
0xf81f, 0x3186, 0x18e3, 0x18e3, 0x31a6, 0x0000, 0x0000, 0x2945, 0x2945, 0x18e3,
0x0000, 0x0020, 0xf81f, 0xf81f, 0xf81f, 0xf81f, 0xf81f, 0xf81f, 0xf81f, 0xf81f,
0xf81f, 0xf81f, 0xf81f, 0xf81f, 0xf81f, 0x2945, 0x18e3, 0x0000, 0xf81f, 0xf81f,
0xf81f, 0x3186, 0x3186, 0x2945, 0x0020, 0xf81f, 0xf81f, 0xf81f, 0xf81f, 0xf81f,
0xf81f, 0xf81f, 
0xf81f, 0xf81f, 0xf81f, 0xf81f, 0xf81f, 0xf81f, 0xf81f, 0xf81f, 0xf81f, 0xf81f,
0xf81f, 0xf81f, 0xf81f, 0x2945, 0x3186, 0x18e3, 0x0000, 0xf81f, 0xf81f, 0xf81f,
0xf81f, 0xf81f, 0xf81f, 0xf81f, 0xf81f, 0xf81f, 0xf81f, 0xf81f, 0xf81f, 0xf81f,
0xf81f, 0xf81f, 0x1082, 0x0000, 0x0000, 0xf81f, 0xf81f, 0x3186, 0x2945, 0x2945,
0x2945, 0x0000, 0xf81f, 0xf81f, 0xf81f, 0xf81f, 0xf81f, 0xf81f, 0xf81f, 0xf81f,
0xf81f, 0xf81f, 0xf81f, 0xf81f, 0x1082, 0x3186, 0x31a6, 0x2945, 0x0020, 0xf81f,
0x2945, 0x3186, 0x3186, 0x3186, 0x2945, 0x0000, 0xf81f, 0xf81f, 0xf81f, 0xf81f,
0xf81f, 0xf81f, 0xf81f, 0xf81f, 0xf81f, 0xf81f, 0xf81f, 0xf81f, 0xf81f, 0x2945,
0x3186, 0x2945, 0x1082, 0xf81f, 0xf81f, 0xf81f, 0xf81f, 0xf81f, 0xf81f, 0xf81f,
0xf81f, 0xf81f, 0xf81f, 0xf81f, 0xf81f, 0xf81f, 0xf81f, 0xf81f, 0xf81f, 0xf81f,
0xf81f, 0xf81f, 0xf81f, 0x3186, 0x31a6, 0x18e3, 0x0000, 0xf81f, 0xf81f, 0xf81f,
0xf81f, 0xf81f, 0xf81f, 0xf81f, 0xf81f, 0xf81f, 0xf81f, 0xf81f, 0xf81f, 0xf81f,
0xf81f, 0xf81f, 0xf81f, 0xf81f, 0xf81f, 0xf81f, 0x2945, 0x2945, 0x2945, 0x2945,
0x2945, 0xf81f, 0xf81f, 0xf81f, 0x0000, 0x0000, 0xf81f, 0xf81f, 0xf81f, 0xf81f,
0xf81f, 0xf81f, 0xf81f, 0xf81f, 0xf81f, 0xf81f, 0xf81f, 0xf81f, 0xf81f, 0xf81f,
0x2945, 0x2945, 0x18e3, 0x18e3, 0x18e3, 0x0000, 0xf81f, 0x3186, 0x3186, 0x18e3,
0x0020, 0x3186, 0xf81f, 0xf81f, 0xf81f, 0xf81f, 0xf81f, 0xf81f, 0xf81f, 0xf81f,
0xf81f, 0xf81f, 0xf81f, 0xf81f, 0xf81f, 0xf81f, 0xf81f, 0xf81f, 0xf81f, 0xf81f,
0xf81f, 0x3186, 0x2945, 0x18e3, 0x0000, 0xf81f, 0xf81f, 0xf81f, 0xf81f, 0xf81f,
0xf81f, 0xf81f, 
0xf81f, 0xf81f, 0xf81f, 0xf81f, 0xf81f, 0xf81f, 0xf81f, 0xf81f, 0xf81f, 0xf81f,
0xf81f, 0xf81f, 0x2945, 0x3186, 0x31a6, 0x2945, 0x0020, 0xf81f, 0xf81f, 0xf81f,
0xf81f, 0xf81f, 0xf81f, 0xf81f, 0xf81f, 0xf81f, 0xf81f, 0xf81f, 0xf81f, 0xf81f,
0xf81f, 0xf81f, 0xf81f, 0xf81f, 0xf81f, 0xf81f, 0x2945, 0x2945, 0x2945, 0x2945,
0x2945, 0x0000, 0xf81f, 0xf81f, 0xf81f, 0xf81f, 0xf81f, 0xf81f, 0xf81f, 0xf81f,
0xf81f, 0xf81f, 0xf81f, 0xf81f, 0x3186, 0x3186, 0x3186, 0x18e3, 0x0000, 0xf81f,
0xf81f, 0x3186, 0x3186, 0x2945, 0x2945, 0x0000, 0xf81f, 0xf81f, 0xf81f, 0xf81f,
0xf81f, 0xf81f, 0xf81f, 0xf81f, 0xf81f, 0xf81f, 0xf81f, 0xf81f, 0xf81f, 0x3186,
0x3186, 0x18e3, 0x0000, 0xf81f, 0xf81f, 0xf81f, 0xf81f, 0xf81f, 0xf81f, 0xf81f,
0xf81f, 0xf81f, 0xf81f, 0xf81f, 0xf81f, 0xf81f, 0xf81f, 0xf81f, 0xf81f, 0xf81f,
0xf81f, 0xf81f, 0xf81f, 0x3186, 0x31a6, 0x2945, 0x0020, 0x0000, 0xf81f, 0xf81f,
0xf81f, 0xf81f, 0xf81f, 0xf81f, 0xf81f, 0xf81f, 0xf81f, 0xf81f, 0xf81f, 0xf81f,
0xf81f, 0xf81f, 0xf81f, 0xf81f, 0xf81f, 0xf81f, 0x2945, 0x2945, 0x2945, 0x2945,
0x2945, 0x0000, 0xf81f, 0xf81f, 0xf81f, 0xf81f, 0xf81f, 0xf81f, 0xf81f, 0xf81f,
0xf81f, 0xf81f, 0xf81f, 0xf81f, 0xf81f, 0xf81f, 0xf81f, 0xf81f, 0xf81f, 0xf81f,
0x2945, 0x2945, 0x18e3, 0x18e3, 0x18e3, 0xf81f, 0xf81f, 0x2945, 0x2945, 0x18e3,
0x1082, 0x0000, 0xf81f, 0xf81f, 0xf81f, 0xf81f, 0xf81f, 0xf81f, 0xf81f, 0xf81f,
0xf81f, 0xf81f, 0xf81f, 0xf81f, 0xf81f, 0xf81f, 0xf81f, 0xf81f, 0xf81f, 0xf81f,
0xf81f, 0x2945, 0x2945, 0x18e3, 0x0000, 0xf81f, 0xf81f, 0xf81f, 0xf81f, 0xf81f,
0xf81f, 0xf81f, 
0xf81f, 0xf81f, 0xf81f, 0xf81f, 0xf81f, 0xf81f, 0xf81f, 0xf81f, 0xf81f, 0xf81f,
0xf81f, 0xf81f, 0x2945, 0x3186, 0x3186, 0x18e3, 0x0000, 0xf81f, 0xf81f, 0xf81f,
0xf81f, 0xf81f, 0xf81f, 0xf81f, 0xf81f, 0xf81f, 0xf81f, 0xf81f, 0xf81f, 0xf81f,
0xf81f, 0xf81f, 0xf81f, 0xf81f, 0xf81f, 0xf81f, 0x3186, 0x2945, 0x2945, 0x2945,
0x2945, 0x0000, 0xf81f, 0xf81f, 0xf81f, 0xf81f, 0xf81f, 0xf81f, 0xf81f, 0xf81f,
0xf81f, 0xf81f, 0xf81f, 0xf81f, 0x2945, 0x3186, 0x2945, 0x18e3, 0x0000, 0xf81f,
0xf81f, 0x2945, 0x2945, 0x2945, 0x2945, 0x0000, 0xf81f, 0xf81f, 0xf81f, 0xf81f,
0xf81f, 0xf81f, 0xf81f, 0xf81f, 0xf81f, 0xf81f, 0xf81f, 0xf81f, 0x2945, 0x3186,
0x3186, 0x18e3, 0x0000, 0x0000, 0xf81f, 0xf81f, 0xf81f, 0xf81f, 0xf81f, 0xf81f,
0xf81f, 0xf81f, 0xf81f, 0xf81f, 0xf81f, 0xf81f, 0xf81f, 0xf81f, 0xf81f, 0xf81f,
0xf81f, 0xf81f, 0xf81f, 0x3186, 0x3186, 0x18e3, 0x0000, 0x0000, 0xf81f, 0xf81f,
0xf81f, 0xf81f, 0xf81f, 0xf81f, 0xf81f, 0xf81f, 0xf81f, 0xf81f, 0xf81f, 0xf81f,
0xf81f, 0xf81f, 0xf81f, 0xf81f, 0xf81f, 0xf81f, 0xf81f, 0x2945, 0x2945, 0x2945,
0x2945, 0x0000, 0xf81f, 0xf81f, 0xf81f, 0xf81f, 0xf81f, 0xf81f, 0xf81f, 0xf81f,
0xf81f, 0xf81f, 0xf81f, 0xf81f, 0xf81f, 0xf81f, 0xf81f, 0xf81f, 0xf81f, 0xf81f,
0xf81f, 0x18e3, 0x18e3, 0x18e3, 0x1082, 0xf81f, 0xf81f, 0x2945, 0x2945, 0x18e3,
0x0020, 0x0000, 0xf81f, 0xf81f, 0xf81f, 0xf81f, 0xf81f, 0xf81f, 0xf81f, 0xf81f,
0xf81f, 0xf81f, 0xf81f, 0xf81f, 0xf81f, 0xf81f, 0xf81f, 0xf81f, 0xf81f, 0xf81f,
0x2945, 0x3186, 0x3186, 0x18e3, 0x0020, 0x0000, 0xf81f, 0xf81f, 0xf81f, 0xf81f,
0xf81f, 0xf81f, 
0xf81f, 0xf81f, 0xf81f, 0xf81f, 0xf81f, 0xf81f, 0xf81f, 0xf81f, 0xf81f, 0xf81f,
0xf81f, 0xf81f, 0xf81f, 0xf81f, 0x0000, 0x0000, 0x0000, 0xf81f, 0xf81f, 0xf81f,
0xf81f, 0xf81f, 0xf81f, 0xf81f, 0xf81f, 0xf81f, 0xf81f, 0xf81f, 0xf81f, 0xf81f,
0xf81f, 0xf81f, 0xf81f, 0xf81f, 0xf81f, 0xf81f, 0xf81f, 0x2945, 0x2945, 0x2945,
0x2945, 0xf81f, 0xf81f, 0xf81f, 0xf81f, 0xf81f, 0xf81f, 0xf81f, 0xf81f, 0xf81f,
0xf81f, 0xf81f, 0xf81f, 0xf81f, 0xf81f, 0x2945, 0x2945, 0x1082, 0x0000, 0xf81f,
0xf81f, 0xf81f, 0x2945, 0x2945, 0x18e3, 0xf81f, 0xf81f, 0xf81f, 0xf81f, 0xf81f,
0xf81f, 0xf81f, 0xf81f, 0xf81f, 0xf81f, 0xf81f, 0xf81f, 0xf81f, 0xf81f, 0x2945,
0x3186, 0x18e3, 0x0020, 0xf81f, 0xf81f, 0xf81f, 0xf81f, 0xf81f, 0xf81f, 0xf81f,
0xf81f, 0xf81f, 0xf81f, 0xf81f, 0xf81f, 0xf81f, 0xf81f, 0xf81f, 0xf81f, 0xf81f,
0xf81f, 0xf81f, 0xf81f, 0x0000, 0x0000, 0x0000, 0xf81f, 0xf81f, 0xf81f, 0xf81f,
0xf81f, 0xf81f, 0xf81f, 0xf81f, 0xf81f, 0xf81f, 0xf81f, 0xf81f, 0xf81f, 0xf81f,
0xf81f, 0xf81f, 0xf81f, 0xf81f, 0xf81f, 0xf81f, 0xf81f, 0x2945, 0x2945, 0x2945,
0x2945, 0x0000, 0xf81f, 0xf81f, 0xf81f, 0xf81f, 0xf81f, 0xf81f, 0xf81f, 0xf81f,
0xf81f, 0xf81f, 0xf81f, 0xf81f, 0xf81f, 0xf81f, 0xf81f, 0xf81f, 0xf81f, 0xf81f,
0xf81f, 0x18e3, 0x18e3, 0x1082, 0xf81f, 0xf81f, 0xf81f, 0x18e3, 0x2945, 0x18e3,
0x0000, 0xf81f, 0xf81f, 0xf81f, 0xf81f, 0xf81f, 0xf81f, 0xf81f, 0xf81f, 0xf81f,
0xf81f, 0xf81f, 0xf81f, 0xf81f, 0xf81f, 0xf81f, 0xf81f, 0xf81f, 0xf81f, 0xf81f,
0xf81f, 0x3186, 0x3186, 0x18e3, 0x0000, 0xf81f, 0xf81f, 0xf81f, 0xf81f, 0xf81f,
0xf81f, 0xf81f, 
0xf81f, 0xf81f, 0xf81f, 0xf81f, 0xf81f, 0xf81f, 0xf81f, 0xf81f, 0xf81f, 0xf81f,
0xf81f, 0xf81f, 0xf81f, 0xf81f, 0xf81f, 0xf81f, 0xf81f, 0xf81f, 0xf81f, 0xf81f,
0xf81f, 0xf81f, 0xf81f, 0xf81f, 0xf81f, 0xf81f, 0xf81f, 0xf81f, 0xf81f, 0xf81f,
0xf81f, 0xf81f, 0xf81f, 0xf81f, 0xf81f, 0xf81f, 0xf81f, 0x2945, 0x2945, 0x2945,
0x1082, 0xf81f, 0xf81f, 0xf81f, 0xf81f, 0xf81f, 0xf81f, 0xf81f, 0xf81f, 0xf81f,
0xf81f, 0xf81f, 0xf81f, 0xf81f, 0xf81f, 0xf81f, 0xf81f, 0xf81f, 0xf81f, 0xf81f,
0xf81f, 0xf81f, 0xf81f, 0x18e3, 0xf81f, 0xf81f, 0xf81f, 0xf81f, 0xf81f, 0xf81f,
0xf81f, 0xf81f, 0xf81f, 0xf81f, 0xf81f, 0xf81f, 0xf81f, 0xf81f, 0xf81f, 0xf81f,
0x0020, 0xf81f, 0xf81f, 0xf81f, 0xf81f, 0xf81f, 0xf81f, 0xf81f, 0xf81f, 0xf81f,
0xf81f, 0xf81f, 0xf81f, 0xf81f, 0xf81f, 0xf81f, 0xf81f, 0xf81f, 0xf81f, 0xf81f,
0xf81f, 0xf81f, 0xf81f, 0xf81f, 0xf81f, 0xf81f, 0xf81f, 0xf81f, 0xf81f, 0xf81f,
0xf81f, 0xf81f, 0xf81f, 0xf81f, 0xf81f, 0xf81f, 0xf81f, 0xf81f, 0xf81f, 0xf81f,
0xf81f, 0xf81f, 0xf81f, 0xf81f, 0xf81f, 0xf81f, 0xf81f, 0x2945, 0x2945, 0x2945,
0x18e3, 0xf81f, 0xf81f, 0xf81f, 0xf81f, 0xf81f, 0xf81f, 0xf81f, 0xf81f, 0xf81f,
0xf81f, 0xf81f, 0xf81f, 0xf81f, 0xf81f, 0xf81f, 0xf81f, 0xf81f, 0xf81f, 0xf81f,
0xf81f, 0xf81f, 0x1082, 0xf81f, 0xf81f, 0xf81f, 0xf81f, 0xf81f, 0xf81f, 0xf81f,
0xf81f, 0xf81f, 0xf81f, 0xf81f, 0xf81f, 0xf81f, 0xf81f, 0xf81f, 0xf81f, 0xf81f,
0xf81f, 0xf81f, 0xf81f, 0xf81f, 0xf81f, 0xf81f, 0xf81f, 0xf81f, 0xf81f, 0xf81f,
0xf81f, 0xf81f, 0xf81f, 0x0000, 0x0000, 0xf81f, 0xf81f, 0xf81f, 0xf81f, 0xf81f,
0xf81f, 0xf81f, 
0xf81f, 0xf81f, 0xf81f, 0xf81f, 0xf81f, 0xf81f, 0xf81f, 0xf81f, 0xf81f, 0xf81f,
0xf81f, 0xf81f, 0xf81f, 0xf81f, 0xf81f, 0xf81f, 0xf81f, 0xf81f, 0xf81f, 0xf81f,
0xf81f, 0xf81f, 0xf81f, 0xf81f, 0xf81f, 0xf81f, 0xf81f, 0xf81f, 0xf81f, 0xf81f,
0xf81f, 0xf81f, 0xf81f, 0xf81f, 0xf81f, 0xf81f, 0xf81f, 0x2945, 0x18e3, 0x18e3,
0xf81f, 0xf81f, 0xf81f, 0xf81f, 0xf81f, 0xf81f, 0xf81f, 0xf81f, 0xf81f, 0xf81f,
0xf81f, 0xf81f, 0xf81f, 0xf81f, 0xf81f, 0xf81f, 0xf81f, 0xf81f, 0xf81f, 0xf81f,
0xf81f, 0xf81f, 0xf81f, 0xf81f, 0xf81f, 0xf81f, 0xf81f, 0xf81f, 0xf81f, 0xf81f,
0xf81f, 0xf81f, 0xf81f, 0xf81f, 0xf81f, 0xf81f, 0xf81f, 0xf81f, 0xf81f, 0xf81f,
0xf81f, 0xf81f, 0xf81f, 0xf81f, 0xf81f, 0xf81f, 0xf81f, 0xf81f, 0xf81f, 0xf81f,
0xf81f, 0xf81f, 0xf81f, 0xf81f, 0xf81f, 0xf81f, 0xf81f, 0xf81f, 0xf81f, 0xf81f,
0xf81f, 0xf81f, 0xf81f, 0xf81f, 0xf81f, 0xf81f, 0xf81f, 0xf81f, 0xf81f, 0xf81f,
0xf81f, 0xf81f, 0xf81f, 0xf81f, 0xf81f, 0xf81f, 0xf81f, 0xf81f, 0xf81f, 0xf81f,
0xf81f, 0xf81f, 0xf81f, 0xf81f, 0xf81f, 0xf81f, 0xf81f, 0xf81f, 0x18e3, 0x18e3,
0x0020, 0xf81f, 0xf81f, 0xf81f, 0xf81f, 0xf81f, 0xf81f, 0xf81f, 0xf81f, 0xf81f,
0xf81f, 0xf81f, 0xf81f, 0xf81f, 0xf81f, 0xf81f, 0xf81f, 0xf81f, 0xf81f, 0xf81f,
0xf81f, 0xf81f, 0xf81f, 0xf81f, 0xf81f, 0xf81f, 0xf81f, 0xf81f, 0xf81f, 0xf81f,
0xf81f, 0xf81f, 0xf81f, 0xf81f, 0xf81f, 0xf81f, 0xf81f, 0xf81f, 0xf81f, 0xf81f,
0xf81f, 0xf81f, 0xf81f, 0xf81f, 0xf81f, 0xf81f, 0xf81f, 0xf81f, 0xf81f, 0xf81f,
0xf81f, 0xf81f, 0xf81f, 0xf81f, 0xf81f, 0xf81f, 0xf81f, 0xf81f, 0xf81f, 0xf81f,
0xf81f, 0xf81f, 
0xf81f, 0xf81f, 0xf81f, 0xf81f, 0xf81f, 0xf81f, 0xf81f, 0xf81f, 0xf81f, 0x2104,
0x18c3, 0x18c3, 0x1082, 0x1082, 0x0000, 0xf81f, 0xf81f, 0xf81f, 0xf81f, 0xf81f,
0xf81f, 0xf81f, 0xf81f, 0xf81f, 0xf81f, 0xf81f, 0xf81f, 0xf81f, 0xf81f, 0xf81f,
0xf81f, 0xf81f, 0xf81f, 0x2104, 0x2104, 0x18c3, 0x18c3, 0x1082, 0x0000, 0xf81f,
0xf81f, 0xf81f, 0xf81f, 0xf81f, 0xf81f, 0xf81f, 0xf81f, 0xf81f, 0xf81f, 0xf81f,
0xf81f, 0xf81f, 0xf81f, 0xf81f, 0xf81f, 0xf81f, 0xf81f, 0x2104, 0x18c3, 0x18c3,
0x1082, 0x1082, 0x0000, 0xf81f, 0xf81f, 0xf81f, 0xf81f, 0xf81f, 0xf81f, 0xf81f,
0xf81f, 0xf81f, 0xf81f, 0xf81f, 0xf81f, 0xf81f, 0xf81f, 0xf81f, 0xf81f, 0xf81f,
0xf81f, 0x2104, 0x2104, 0x18c3, 0x1082, 0x1082, 0x0000, 0xf81f, 0xf81f, 0xf81f,
0xf81f, 0xf81f, 0xf81f, 0xf81f, 0xf81f, 0xf81f, 0xf81f, 0xf81f, 0xf81f, 0xf81f,
0xf81f, 0xf81f, 0xf81f, 0xf81f, 0xf81f, 0x2104, 0x18c3, 0x18c3, 0x1082, 0x1082,
0x0000, 0xf81f, 0xf81f, 0xf81f, 0xf81f, 0xf81f, 0xf81f, 0xf81f, 0xf81f, 0xf81f,
0xf81f, 0xf81f, 0xf81f, 0xf81f, 0xf81f, 0xf81f, 0xf81f, 0xf81f, 0xf81f, 0x2104,
0x18c3, 0x18c3, 0x1082, 0x1082, 0x0000, 0xf81f, 0xf81f, 0xf81f, 0xf81f, 0xf81f,
0xf81f, 0xf81f, 0xf81f, 0xf81f, 0xf81f, 0xf81f, 0xf81f, 0xf81f, 0xf81f, 0xf81f,
0xf81f, 0xf81f, 0xf81f, 0x2104, 0x2104, 0x18c3, 0x18c3, 0x1082, 0x0000, 0xf81f,
0xf81f, 0xf81f, 0xf81f, 0xf81f, 0xf81f, 0xf81f, 0xf81f, 0xf81f, 0xf81f, 0xf81f,
0xf81f, 0xf81f, 0xf81f, 0xf81f, 0xf81f, 0xf81f, 0xf81f, 0x2104, 0x18c3, 0x1082,
0x1082, 0x0000, 0x0000, 0xf81f, 0xf81f, 0xf81f, 0xf81f, 0xf81f, 0xf81f, 0xf81f,
0xf81f, 0xf81f, 
0xf81f, 0xf81f, 0xf81f, 0xf81f, 0xf81f, 0xf81f, 0xf81f, 0xf81f, 0xf81f, 0x2104,
0x18c3, 0x18c3, 0x1082, 0x1082, 0x0000, 0xf81f, 0xf81f, 0xf81f, 0xf81f, 0xf81f,
0xf81f, 0xf81f, 0xf81f, 0xf81f, 0xf81f, 0xf81f, 0xf81f, 0xf81f, 0xf81f, 0xf81f,
0xf81f, 0xf81f, 0xf81f, 0x2104, 0x18c3, 0x18c3, 0x1082, 0x1082, 0x0000, 0x0000,
0xf81f, 0xf81f, 0xf81f, 0xf81f, 0xf81f, 0xf81f, 0xf81f, 0xf81f, 0xf81f, 0xf81f,
0xf81f, 0xf81f, 0xf81f, 0xf81f, 0xf81f, 0xf81f, 0xf81f, 0x2104, 0x18c3, 0x18c3,
0x1082, 0x1082, 0x0000, 0xf81f, 0xf81f, 0xf81f, 0xf81f, 0xf81f, 0xf81f, 0xf81f,
0xf81f, 0xf81f, 0xf81f, 0xf81f, 0xf81f, 0xf81f, 0xf81f, 0xf81f, 0xf81f, 0xf81f,
0xf81f, 0x2104, 0x18c3, 0x18c3, 0x18c3, 0x1082, 0x1082, 0x0000, 0xf81f, 0xf81f,
0xf81f, 0xf81f, 0xf81f, 0xf81f, 0xf81f, 0xf81f, 0xf81f, 0xf81f, 0xf81f, 0xf81f,
0xf81f, 0xf81f, 0xf81f, 0xf81f, 0xf81f, 0x2104, 0x18c3, 0x18c3, 0x1082, 0x1082,
0x0000, 0xf81f, 0xf81f, 0xf81f, 0xf81f, 0xf81f, 0xf81f, 0xf81f, 0xf81f, 0xf81f,
0xf81f, 0xf81f, 0xf81f, 0xf81f, 0xf81f, 0xf81f, 0xf81f, 0xf81f, 0x2104, 0x18c3,
0x18c3, 0x1082, 0x1082, 0x1082, 0x0000, 0xf81f, 0xf81f, 0xf81f, 0xf81f, 0xf81f,
0xf81f, 0xf81f, 0xf81f, 0xf81f, 0xf81f, 0xf81f, 0xf81f, 0xf81f, 0xf81f, 0xf81f,
0xf81f, 0xf81f, 0xf81f, 0x2104, 0x2104, 0x18c3, 0x18c3, 0x1082, 0x0000, 0xf81f,
0xf81f, 0xf81f, 0xf81f, 0xf81f, 0xf81f, 0xf81f, 0xf81f, 0xf81f, 0xf81f, 0xf81f,
0xf81f, 0xf81f, 0xf81f, 0xf81f, 0xf81f, 0xf81f, 0x2104, 0x2104, 0x18c3, 0x18c3,
0x1082, 0x1082, 0x0000, 0xf81f, 0xf81f, 0xf81f, 0xf81f, 0xf81f, 0xf81f, 0xf81f,
0xf81f, 0xf81f, 
0xf81f, 0xf81f, 0xf81f, 0xf81f, 0xf81f, 0xf81f, 0xf81f, 0xf81f, 0xf81f, 0x2104,
0x18c3, 0x18c3, 0x1082, 0x1082, 0x0000, 0xf81f, 0xf81f, 0xf81f, 0xf81f, 0xf81f,
0xf81f, 0xf81f, 0xf81f, 0xf81f, 0xf81f, 0xf81f, 0xf81f, 0xf81f, 0xf81f, 0xf81f,
0xf81f, 0xf81f, 0xf81f, 0x2104, 0x18c3, 0x1082, 0x1082, 0x1082, 0x6120, 0x40c0,
0xf81f, 0xf81f, 0xf81f, 0xf81f, 0xf81f, 0xf81f, 0xf81f, 0xf81f, 0xf81f, 0xf81f,
0xf81f, 0xf81f, 0xf81f, 0xf81f, 0xf81f, 0xf81f, 0xf81f, 0x2104, 0x18c3, 0x18c3,
0x1082, 0x1082, 0x0000, 0x2060, 0xf81f, 0xf81f, 0xf81f, 0xf81f, 0xf81f, 0xf81f,
0xf81f, 0xf81f, 0xf81f, 0xf81f, 0xf81f, 0xf81f, 0xf81f, 0xf81f, 0xf81f, 0xf81f,
0xf81f, 0x18c3, 0xf4a9, 0xd280, 0xd280, 0xaa00, 0x89a0, 0x40c0, 0xf81f, 0xf81f,
0xf81f, 0xf81f, 0xf81f, 0xf81f, 0xf81f, 0xf81f, 0xf81f, 0xf81f, 0xf81f, 0xf81f,
0xf81f, 0xf81f, 0xf81f, 0xf81f, 0xf81f, 0x89a0, 0xf4a9, 0xd280, 0xaa00, 0x89a0,
0x6120, 0xf81f, 0xf81f, 0xf81f, 0xf81f, 0xf81f, 0xf81f, 0xf81f, 0xf81f, 0xf81f,
0xf81f, 0xf81f, 0xf81f, 0xf81f, 0xf81f, 0xf81f, 0xf81f, 0xf81f, 0x40c0, 0xf4a9,
0xd280, 0xaa00, 0x89a0, 0x89a0, 0x0000, 0xf81f, 0xf81f, 0xf81f, 0xf81f, 0xf81f,
0xf81f, 0xf81f, 0xf81f, 0xf81f, 0xf81f, 0xf81f, 0xf81f, 0xf81f, 0xf81f, 0xf81f,
0xf81f, 0xf81f, 0x6120, 0x2104, 0x2104, 0x18c3, 0x18c3, 0x1082, 0x0000, 0xf81f,
0xf81f, 0xf81f, 0xf81f, 0xf81f, 0xf81f, 0xf81f, 0xf81f, 0xf81f, 0xf81f, 0xf81f,
0xf81f, 0xf81f, 0xf81f, 0xf81f, 0xf81f, 0xf81f, 0xaa00, 0xf4a9, 0x18c3, 0x18c3,
0x18c3, 0x1082, 0x0000, 0xf81f, 0xf81f, 0xf81f, 0xf81f, 0xf81f, 0xf81f, 0xf81f,
0xf81f, 0xf81f, 
0xf81f, 0xf81f, 0xf81f, 0xf81f, 0xf81f, 0xf81f, 0xf81f, 0xf81f, 0xf81f, 0x2104,
0x18c3, 0x18c3, 0x1082, 0x1082, 0x0000, 0xf81f, 0xf81f, 0xf81f, 0xf81f, 0xf81f,
0xf81f, 0xf81f, 0xf81f, 0xf81f, 0xf81f, 0xf81f, 0xf81f, 0xf81f, 0xf81f, 0xf81f,
0xf81f, 0xf81f, 0xf81f, 0x2104, 0x18c3, 0x1082, 0x1082, 0x0000, 0x6120, 0x30a0,
0xf81f, 0xf81f, 0xf81f, 0xf81f, 0xf81f, 0xf81f, 0xf81f, 0xf81f, 0xf81f, 0xf81f,
0xf81f, 0xf81f, 0xf81f, 0xf81f, 0xf81f, 0xf81f, 0xf81f, 0x2104, 0x18c3, 0x18c3,
0xaa00, 0x89a0, 0x6120, 0x30a0, 0xf81f, 0xf81f, 0xf81f, 0xf81f, 0xf81f, 0xf81f,
0xf81f, 0xf81f, 0xf81f, 0xf81f, 0xf81f, 0xf81f, 0xf81f, 0xf81f, 0xf81f, 0xf81f,
0xf81f, 0x18c3, 0xf4a9, 0xd280, 0xd280, 0xaa00, 0x89a0, 0x40c0, 0xf81f, 0xf81f,
0xf81f, 0xf81f, 0xf81f, 0xf81f, 0xf81f, 0xf81f, 0xf81f, 0xf81f, 0xf81f, 0xf81f,
0xf81f, 0xf81f, 0xf81f, 0xf81f, 0xf81f, 0x89a0, 0xf4a9, 0xd280, 0xaa00, 0x89a0,
0x6120, 0xf81f, 0xf81f, 0xf81f, 0xf81f, 0xf81f, 0xf81f, 0xf81f, 0xf81f, 0xf81f,
0xf81f, 0xf81f, 0xf81f, 0xf81f, 0xf81f, 0xf81f, 0xf81f, 0xf81f, 0x6120, 0xf4a9,
0xd280, 0xaa00, 0x89a0, 0x89a0, 0x0000, 0xf81f, 0xf81f, 0xf81f, 0xf81f, 0xf81f,
0xf81f, 0xf81f, 0xf81f, 0xf81f, 0xf81f, 0xf81f, 0xf81f, 0xf81f, 0xf81f, 0xf81f,
0xf81f, 0xf81f, 0x40c0, 0xd280, 0xf4a9, 0xaa00, 0x18c3, 0x1082, 0x0000, 0xf81f,
0xf81f, 0xf81f, 0xf81f, 0xf81f, 0xf81f, 0xf81f, 0xf81f, 0xf81f, 0xf81f, 0xf81f,
0xf81f, 0xf81f, 0xf81f, 0xf81f, 0xf81f, 0xf81f, 0x40c0, 0xd280, 0x2104, 0x18c3,
0x18c3, 0x1082, 0x0000, 0xf81f, 0xf81f, 0xf81f, 0xf81f, 0xf81f, 0xf81f, 0xf81f,
0xf81f, 0xf81f, 
0xf81f, 0xf81f, 0xf81f, 0xf81f, 0xf81f, 0xf81f, 0xf81f, 0xf81f, 0xf81f, 0x2104,
0x18c3, 0x18c3, 0x1082, 0x1082, 0x0000, 0xf81f, 0xf81f, 0xf81f, 0xf81f, 0xf81f,
0xf81f, 0xf81f, 0xf81f, 0xf81f, 0xf81f, 0xf81f, 0xf81f, 0xf81f, 0xf81f, 0xf81f,
0xf81f, 0xf81f, 0xf81f, 0x2104, 0x18c3, 0x1082, 0x1082, 0x0000, 0xaa00, 0x6120,
0xf81f, 0xf81f, 0xf81f, 0xf81f, 0xf81f, 0xf81f, 0xf81f, 0xf81f, 0xf81f, 0xf81f,
0xf81f, 0xf81f, 0xf81f, 0xf81f, 0xf81f, 0xf81f, 0xf81f, 0x2104, 0x18c3, 0xaa00,
0x6120, 0x40c0, 0x0000, 0x2060, 0x40c0, 0xf81f, 0xf81f, 0xf81f, 0xf81f, 0xf81f,
0xf81f, 0xf81f, 0xf81f, 0xf81f, 0xf81f, 0xf81f, 0xf81f, 0xf81f, 0xf81f, 0xf81f,
0xf81f, 0x89a0, 0x40c0, 0x0000, 0x40c0, 0x40c0, 0x0000, 0x40c0, 0xf81f, 0xf81f,
0xf81f, 0xf81f, 0xf81f, 0xf81f, 0xf81f, 0xf81f, 0xf81f, 0xf81f, 0xf81f, 0xf81f,
0xf81f, 0xf81f, 0xf81f, 0xf81f, 0xf81f, 0x40c0, 0x0000, 0x40c0, 0x40c0, 0x0000,
0x40c0, 0xf81f, 0xf81f, 0xf81f, 0xf81f, 0xf81f, 0xf81f, 0xf81f, 0xf81f, 0xf81f,
0xf81f, 0xf81f, 0xf81f, 0xf81f, 0xf81f, 0xf81f, 0xf81f, 0xf81f, 0x40c0, 0x0000,
0x40c0, 0x40c0, 0x0000, 0x40c0, 0x6120, 0xf81f, 0xf81f, 0xf81f, 0xf81f, 0xf81f,
0xf81f, 0xf81f, 0xf81f, 0xf81f, 0xf81f, 0xf81f, 0xf81f, 0xf81f, 0xf81f, 0xf81f,
0xf81f, 0xd280, 0x6120, 0x0000, 0x40c0, 0x6120, 0x89a0, 0x1082, 0x0000, 0xf81f,
0xf81f, 0xf81f, 0xf81f, 0xf81f, 0xf81f, 0xf81f, 0xf81f, 0xf81f, 0xf81f, 0xf81f,
0xf81f, 0xf81f, 0xf81f, 0xf81f, 0xf81f, 0xf81f, 0xaa00, 0xf4a9, 0x2104, 0x18c3,
0x18c3, 0x1082, 0x0000, 0xf81f, 0xf81f, 0xf81f, 0xf81f, 0xf81f, 0xf81f, 0xf81f,
0xf81f, 0xf81f, 
0xf81f, 0xf81f, 0xf81f, 0xf81f, 0xf81f, 0xf81f, 0xf81f, 0xf81f, 0xf81f, 0x2104,
0x18c3, 0x18c3, 0x1082, 0x1082, 0x0000, 0xf81f, 0xf81f, 0xf81f, 0xf81f, 0xf81f,
0xf81f, 0xf81f, 0xf81f, 0xf81f, 0xf81f, 0xf81f, 0xf81f, 0xf81f, 0xf81f, 0xf81f,
0xf81f, 0xf81f, 0xf81f, 0x2104, 0x18c3, 0x1082, 0x1082, 0x0000, 0xaa00, 0x6120,
0xf81f, 0xf81f, 0xf81f, 0xf81f, 0xf81f, 0xf81f, 0xf81f, 0xf81f, 0xf81f, 0xf81f,
0xf81f, 0xf81f, 0xf81f, 0xf81f, 0xf81f, 0xf81f, 0xf81f, 0x2104, 0xf4a9, 0xaa00,
0x89a0, 0x6120, 0x6120, 0x89a0, 0x6120, 0xf81f, 0xf81f, 0xf81f, 0xf81f, 0xf81f,
0xf81f, 0xf81f, 0xf81f, 0xf81f, 0xf81f, 0xf81f, 0xf81f, 0xf81f, 0xf81f, 0xf81f,
0x8a8a, 0x89a0, 0x6120, 0x6120, 0xf4a9, 0x89a0, 0x6120, 0x6120, 0xf81f, 0xf81f,
0xf81f, 0xf81f, 0xf81f, 0xf81f, 0xf81f, 0xf81f, 0xf81f, 0xf81f, 0xf81f, 0xf81f,
0xf81f, 0xf81f, 0xf81f, 0xf81f, 0xf81f, 0x6120, 0x6120, 0xf4a9, 0x89a0, 0x6120,
0x6120, 0xf81f, 0xf81f, 0xf81f, 0xf81f, 0xf81f, 0xf81f, 0xf81f, 0xf81f, 0xf81f,
0xf81f, 0xf81f, 0xf81f, 0xf81f, 0xf81f, 0xf81f, 0xf81f, 0xf81f, 0x6120, 0x6120,
0xf4a9, 0x89a0, 0x6120, 0x6120, 0x6120, 0xf81f, 0xf81f, 0xf81f, 0xf81f, 0xf81f,
0xf81f, 0xf81f, 0xf81f, 0xf81f, 0xf81f, 0xf81f, 0xf81f, 0xf81f, 0xf81f, 0xf81f,
0xf81f, 0x6120, 0x89a0, 0x6120, 0x6120, 0x89a0, 0x89a0, 0xd280, 0x0000, 0xf81f,
0xf81f, 0xf81f, 0xf81f, 0xf81f, 0xf81f, 0xf81f, 0xf81f, 0xf81f, 0xf81f, 0xf81f,
0xf81f, 0xf81f, 0xf81f, 0xf81f, 0xf81f, 0xf81f, 0xaa00, 0xf4a9, 0x2104, 0x18c3,
0x18c3, 0x1082, 0x0000, 0xf81f, 0xf81f, 0xf81f, 0xf81f, 0xf81f, 0xf81f, 0xf81f,
0xf81f, 0xf81f, 
0xf81f, 0xf81f, 0xf81f, 0xf81f, 0xf81f, 0xf81f, 0x6a08, 0x6a08, 0x6a08, 0x40c0,
0xaa00, 0x6120, 0x6120, 0x6120, 0x40c0, 0xf81f, 0xf81f, 0xf81f, 0xf81f, 0xf81f,
0xf81f, 0xf81f, 0xf81f, 0xf81f, 0xf81f, 0xf81f, 0xf81f, 0xf81f, 0xf81f, 0xf81f,
0xf81f, 0xf81f, 0xf81f, 0x6120, 0xaa00, 0x6120, 0x6120, 0x89a0, 0x6120, 0x6120,
0xf81f, 0xf81f, 0xf81f, 0xf81f, 0xf81f, 0xf81f, 0xf81f, 0xf81f, 0xf81f, 0xf81f,
0xf81f, 0xf81f, 0xf81f, 0xf81f, 0xf81f, 0xf81f, 0xf81f, 0x89a0, 0xd280, 0x89a0,
0xd280, 0x89a0, 0x89a0, 0x40c0, 0xf81f, 0xf81f, 0xf81f, 0xf81f, 0xf81f, 0xf81f,
0xf81f, 0xf81f, 0xf81f, 0xf81f, 0xf81f, 0xf81f, 0xf81f, 0xf81f, 0xf81f, 0xf81f,
0x6a08, 0x89a0, 0xaa00, 0xaa00, 0x89a0, 0x6120, 0x6120, 0x6120, 0xf81f, 0xf81f,
0xf81f, 0xf81f, 0xf81f, 0xf81f, 0xf81f, 0xf81f, 0xf81f, 0xf81f, 0xf81f, 0xf81f,
0xf81f, 0xf81f, 0xf81f, 0xf81f, 0xf81f, 0x89a0, 0xaa00, 0x89a0, 0x6120, 0x6120,
0x89a0, 0xf81f, 0xf81f, 0xf81f, 0xf81f, 0xf81f, 0xf81f, 0xf81f, 0xf81f, 0xf81f,
0xf81f, 0xf81f, 0xf81f, 0xf81f, 0xf81f, 0xf81f, 0xf81f, 0xf81f, 0x89a0, 0xaa00,
0x89a0, 0x6120, 0x6120, 0x89a0, 0x6120, 0xf81f, 0xf81f, 0xf81f, 0xf81f, 0xf81f,
0xf81f, 0xf81f, 0xf81f, 0xf81f, 0xf81f, 0xf81f, 0xf81f, 0xf81f, 0xf81f, 0xf81f,
0xf81f, 0xf81f, 0x6120, 0x89a0, 0xd280, 0xaa00, 0x89a0, 0xaa00, 0x40c0, 0xf81f,
0xf81f, 0xf81f, 0xf81f, 0xf81f, 0xf81f, 0xf81f, 0xf81f, 0xf81f, 0xf81f, 0xf81f,
0xf81f, 0xf81f, 0xf81f, 0xf81f, 0xf81f, 0xf81f, 0xaa00, 0xaa00, 0x89a0, 0x6120,
0x40c0, 0x40c0, 0x40c0, 0xf81f, 0xf81f, 0xf81f, 0xf81f, 0xf81f, 0xf81f, 0xf81f,
0xf81f, 0xf81f, 
0xf81f, 0xf81f, 0xf81f, 0xf81f, 0x8a8a, 0x8aaa, 0x8aaa, 0x8a8a, 0x8a8a, 0x0000,
0xaa00, 0xaa00, 0x6120, 0x6120, 0x0000, 0x0000, 0xf81f, 0xf81f, 0xf81f, 0xf81f,
0xf81f, 0xf81f, 0xf81f, 0xf81f, 0xf81f, 0xf81f, 0xf81f, 0xf81f, 0x8a8a, 0x6a08,
0x8a8a, 0x6a08, 0x6a08, 0x0000, 0x0000, 0xaa00, 0x6120, 0x6120, 0x6120, 0x40c0,
0xf81f, 0xf81f, 0xf81f, 0xf81f, 0xf81f, 0xf81f, 0xf81f, 0xf81f, 0xf81f, 0xf81f,
0xf81f, 0xf81f, 0xf81f, 0xf81f, 0x8a8a, 0x8a8a, 0x6a08, 0x6120, 0x89a0, 0xaa00,
0xaa00, 0xd280, 0xaa00, 0x30a0, 0xf81f, 0xf81f, 0xf81f, 0xf81f, 0xf81f, 0xf81f,
0xf81f, 0xf81f, 0xf81f, 0xf81f, 0xf81f, 0xf81f, 0xf81f, 0xf81f, 0xf81f, 0xf81f,
0x8a8a, 0xaa00, 0xf4a9, 0xd280, 0x40c0, 0x40c0, 0x89a0, 0x6120, 0xf81f, 0xf81f,
0xf81f, 0xf81f, 0xf81f, 0xf81f, 0xf81f, 0xf81f, 0xf81f, 0xf81f, 0xf81f, 0xf81f,
0xf81f, 0xf81f, 0xf81f, 0xf81f, 0x8a8a, 0xaa00, 0xf4a9, 0x40c0, 0x40c0, 0x6120,
0x89a0, 0x0000, 0xf81f, 0xf81f, 0xf81f, 0xf81f, 0xf81f, 0xf81f, 0xf81f, 0xf81f,
0xf81f, 0xf81f, 0xf81f, 0xf81f, 0xf81f, 0xf81f, 0xf81f, 0xf81f, 0xaa00, 0xf4a9,
0x40c0, 0x40c0, 0x6120, 0x89a0, 0x6120, 0xf81f, 0xf81f, 0xf81f, 0xf81f, 0xf81f,
0xf81f, 0xf81f, 0xf81f, 0xf81f, 0xf81f, 0xf81f, 0xf81f, 0xf81f, 0xf81f, 0xf81f,
0xf81f, 0x8a8a, 0x40c0, 0xaa00, 0x89a0, 0x89a0, 0x89a0, 0x6120, 0x40c0, 0xf81f,
0xf81f, 0xf81f, 0xf81f, 0xf81f, 0xf81f, 0xf81f, 0xf81f, 0xf81f, 0xf81f, 0xf81f,
0xf81f, 0xf81f, 0xf81f, 0xf81f, 0x8a8a, 0x8a8a, 0x6120, 0xd280, 0xd280, 0x6120,
0x6120, 0x40c0, 0xf81f, 0xf81f, 0xf81f, 0xf81f, 0xf81f, 0xf81f, 0xf81f, 0xf81f,
0xf81f, 0xf81f, 
0xf81f, 0xf81f, 0xf81f, 0xf81f, 0x8aaa, 0x6a08, 0x8a8a, 0x8a8a, 0x8a8a, 0x8a8a,
0x8a8a, 0x0000, 0x0000, 0x0000, 0x0000, 0x6a08, 0x6a08, 0xf81f, 0xf81f, 0xf81f,
0xf81f, 0xf81f, 0xf81f, 0xf81f, 0xf81f, 0xf81f, 0xf81f, 0xf81f, 0x8aaa, 0x4965,
0x8aaa, 0x8a8a, 0x8a8a, 0x0000, 0x0000, 0x0000, 0x0000, 0x0000, 0x0000, 0x0000,
0xf81f, 0xf81f, 0xf81f, 0xf81f, 0xf81f, 0xf81f, 0xf81f, 0xf81f, 0xf81f, 0xf81f,
0xf81f, 0xf81f, 0xf81f, 0xf81f, 0x8a8a, 0x8a8a, 0x8a8a, 0x0000, 0x40c0, 0x6120,
0xaa00, 0x89a0, 0xaa00, 0x6120, 0xf81f, 0xf81f, 0xf81f, 0xf81f, 0xf81f, 0xf81f,
0xf81f, 0xf81f, 0xf81f, 0xf81f, 0xf81f, 0xf81f, 0xf81f, 0xf81f, 0xf81f, 0xf81f,
0x8a8a, 0x8a8a, 0xaa00, 0xf4a9, 0xf4a9, 0xd280, 0x89a0, 0x40c0, 0x0000, 0xf81f,
0xf81f, 0xf81f, 0xf81f, 0xf81f, 0xf81f, 0xf81f, 0xf81f, 0xf81f, 0xf81f, 0xf81f,
0xf81f, 0xf81f, 0xf81f, 0xf81f, 0x8a8a, 0x40c0, 0xaa00, 0xf4a9, 0xf4a9, 0x89a0,
0x40c0, 0x6a08, 0x6a08, 0xf81f, 0xf81f, 0xf81f, 0xf81f, 0xf81f, 0xf81f, 0xf81f,
0xf81f, 0xf81f, 0xf81f, 0xf81f, 0xf81f, 0xf81f, 0xf81f, 0xf81f, 0x40c0, 0xaa00,
0xf4a9, 0xf4a9, 0x89a0, 0x6120, 0x0000, 0x0000, 0xf81f, 0xf81f, 0xf81f, 0xf81f,
0xf81f, 0xf81f, 0xf81f, 0xf81f, 0xf81f, 0xf81f, 0xf81f, 0xf81f, 0xf81f, 0xf81f,
0x6a08, 0x8a8a, 0xd280, 0xf4a9, 0xaa00, 0x6120, 0x40c0, 0x40c0, 0xf81f, 0xf81f,
0xf81f, 0xf81f, 0xf81f, 0xf81f, 0xf81f, 0xf81f, 0xf81f, 0xf81f, 0xf81f, 0xf81f,
0xf81f, 0xf81f, 0xf81f, 0x8a8a, 0x8a8a, 0x8a8a, 0x8a8a, 0x8a8a, 0x0000, 0x0000,
0x0000, 0x0000, 0x0000, 0x0000, 0x0000, 0xf81f, 0xf81f, 0xf81f, 0xf81f, 0xf81f,
0xf81f, 0xf81f, 
0xf81f, 0xf81f, 0xf81f, 0xf81f, 0x8a8a, 0x4965, 0x0000, 0x6a08, 0x8a8a, 0x8a8a,
0x8a8a, 0x0000, 0x0000, 0x8a8a, 0x8a8a, 0x8a8a, 0x6a08, 0x4965, 0x8a8a, 0xaa00,
0x2880, 0xf81f, 0xf81f, 0xf81f, 0xf81f, 0xf81f, 0xf81f, 0x8a8a, 0x8a8a, 0x28c3,
0x6a08, 0x8a8a, 0x8a8a, 0x8a8a, 0x8a8a, 0x0000, 0x0000, 0x0000, 0x0000, 0x6a08,
0x6a08, 0xf81f, 0xf81f, 0xf81f, 0xf81f, 0xf81f, 0xf81f, 0xf81f, 0xf81f, 0xf81f,
0xf81f, 0xf81f, 0xf81f, 0xf81f, 0x6a08, 0x8a8a, 0x8a8a, 0x0000, 0x0000, 0x0000,
0x0000, 0x0000, 0x0000, 0x0000, 0x0000, 0xf81f, 0xf81f, 0xf81f, 0xf81f, 0xf81f,
0xf81f, 0xf81f, 0xf81f, 0xf81f, 0xf81f, 0xf81f, 0xf81f, 0xf81f, 0xf81f, 0xf81f,
0x8a8a, 0x8a8a, 0x8a8a, 0x0000, 0x0000, 0x0000, 0x0000, 0x6a08, 0x6a08, 0xf81f,
0x7980, 0x2880, 0xf81f, 0xf81f, 0xf81f, 0xf81f, 0xf81f, 0xf81f, 0xf81f, 0xf81f,
0xf81f, 0xf81f, 0xf81f, 0x8a8a, 0x8a8a, 0x8a8a, 0x92aa, 0x0000, 0x0000, 0x8a8a,
0x8a8a, 0x8a8a, 0x6a08, 0x4965, 0x8a8a, 0xaa00, 0x2880, 0xf81f, 0xf81f, 0xf81f,
0xf81f, 0xf81f, 0xf81f, 0xf81f, 0xf81f, 0xf81f, 0xf81f, 0x8a8a, 0x8a8a, 0x8a8a,
0x8a8a, 0x0000, 0x0000, 0x0000, 0x0000, 0x6a08, 0x6a08, 0xf81f, 0xf81f, 0xf81f,
0xf81f, 0xf81f, 0xf81f, 0xf81f, 0xf81f, 0xf81f, 0xf81f, 0xf81f, 0xf81f, 0xf81f,
0x6a08, 0x8a8a, 0x8a8a, 0x0000, 0x0000, 0x0000, 0x0000, 0x0000, 0x0000, 0x0000,
0x0000, 0xf81f, 0xf81f, 0xf81f, 0xf81f, 0xf81f, 0xf81f, 0xf81f, 0xf81f, 0xf81f,
0xf81f, 0xf81f, 0x8a8a, 0x8a8a, 0x4965, 0x8a8a, 0x8a8a, 0x8a8a, 0x8a8a, 0x0000,
0x0000, 0x0000, 0x0000, 0x6a08, 0x6a08, 0xf81f, 0x7980, 0x2880, 0xf81f, 0xf81f,
0xf81f, 0xf81f, 
0xf81f, 0xf81f, 0xf81f, 0xf81f, 0x8a8a, 0x6a08, 0x4965, 0x6a08, 0x8a8a, 0x8a8a,
0x0000, 0x18e3, 0x8a8a, 0x6a08, 0x6a08, 0x6a08, 0x4965, 0x4965, 0x28c3, 0x28c3,
0x2880, 0x0000, 0xf81f, 0xf81f, 0xf81f, 0xf81f, 0xf81f, 0x8a8a, 0x6a08, 0x4965,
0x0000, 0x8a8a, 0x8a8a, 0x8a8a, 0x92aa, 0x0000, 0x0000, 0x8a8a, 0x8a8a, 0x8a8a,
0x6a08, 0x4965, 0x8a8a, 0xaa00, 0x2880, 0xf81f, 0xf81f, 0xf81f, 0xf81f, 0xf81f,
0xf81f, 0xf81f, 0xf81f, 0xf81f, 0x6a08, 0x8a8a, 0x8a8a, 0x8a8a, 0x8a8a, 0x0000,
0x0000, 0x0000, 0x0000, 0x6a08, 0x6a08, 0xf81f, 0xf81f, 0xf81f, 0xf81f, 0xf81f,
0xf81f, 0xf81f, 0xf81f, 0xf81f, 0xf81f, 0xf81f, 0xf81f, 0xf81f, 0xf81f, 0x728a,
0x8a8a, 0x8a8a, 0x9acb, 0x18e3, 0x0000, 0x8a8a, 0x6a08, 0x6a08, 0x6a08, 0x4965,
0x6a08, 0xaa00, 0x2880, 0xf81f, 0xf81f, 0xf81f, 0xf81f, 0xf81f, 0xf81f, 0xf81f,
0xf81f, 0xf81f, 0xf81f, 0x6a08, 0x8a8a, 0x8a8a, 0x0000, 0x18e3, 0x8a8a, 0x6a08,
0x6a08, 0x6a08, 0x4965, 0x4965, 0x28c3, 0x28c3, 0x2880, 0x0000, 0xf81f, 0xf81f,
0xf81f, 0xf81f, 0xf81f, 0xf81f, 0xf81f, 0xf81f, 0xf81f, 0x8a8a, 0x8a8a, 0x8a8a,
0x92aa, 0x0000, 0x0000, 0x8a8a, 0x8a8a, 0x8a8a, 0x6a08, 0x4965, 0x8a8a, 0xaa00,
0x2880, 0xf81f, 0xf81f, 0xf81f, 0xf81f, 0xf81f, 0xf81f, 0xf81f, 0xf81f, 0xf81f,
0xf81f, 0x8a8a, 0x8a8a, 0x8a8a, 0x8a8a, 0x0000, 0x0000, 0x0000, 0x0000, 0x6a08,
0x6a08, 0xf81f, 0xf81f, 0xf81f, 0xf81f, 0xf81f, 0xf81f, 0xf81f, 0xf81f, 0xf81f,
0xf81f, 0xf81f, 0xf81f, 0x6a08, 0x28c3, 0x8a8a, 0x8a8a, 0x8a8a, 0x9acb, 0x18e3,
0x0000, 0x8a8a, 0x6a08, 0x6a08, 0x6a08, 0x4965, 0x6a08, 0xaa00, 0x2880, 0xf81f,
0xf81f, 0xf81f, 
0xf81f, 0xf81f, 0xf81f, 0x4965, 0x6a08, 0x7980, 0x0000, 0x6a08, 0x0000, 0x0000,
0x8a8a, 0x8a8a, 0x6a08, 0x6a08, 0x4965, 0x28c3, 0x4965, 0x4965, 0x8aaa, 0x0000,
0x2880, 0x0000, 0xf81f, 0xf81f, 0xf81f, 0xf81f, 0xf81f, 0xf81f, 0x4965, 0x7980,
0x0000, 0x6a08, 0x8a8a, 0x8a8a, 0x0000, 0x92aa, 0x8a8a, 0x6a08, 0x6a08, 0x6a08,
0x4965, 0x4965, 0x28c3, 0x28c3, 0x2880, 0x0000, 0xf81f, 0xf81f, 0xf81f, 0xf81f,
0xf81f, 0xf81f, 0xf81f, 0xf81f, 0x4965, 0x8a8a, 0x8a8a, 0x8a8a, 0x92aa, 0x18e3,
0x0000, 0x8a8a, 0x8a8a, 0x8a8a, 0x6a08, 0x4965, 0x6a08, 0xaa00, 0x2880, 0xf81f,
0xf81f, 0xf81f, 0xf81f, 0xf81f, 0xf81f, 0xf81f, 0xf81f, 0xf81f, 0xf81f, 0x6a08,
0x8a8a, 0x0000, 0x0000, 0x92aa, 0x8a8a, 0x6a08, 0x6a08, 0x6a08, 0x4965, 0x4965,
0x4965, 0x28c3, 0x2880, 0x0000, 0xf81f, 0xf81f, 0xf81f, 0xf81f, 0xf81f, 0xf81f,
0xf81f, 0xf81f, 0xf81f, 0x6a08, 0x0000, 0x0000, 0x8a8a, 0x8a8a, 0x6a08, 0x6a08,
0x4965, 0x28c3, 0x4965, 0x4965, 0x8aaa, 0x0000, 0x2880, 0x0000, 0xf81f, 0xf81f,
0xf81f, 0xf81f, 0xf81f, 0xf81f, 0xf81f, 0xf81f, 0xf81f, 0x6a08, 0x8a8a, 0x8a8a,
0x0000, 0x92aa, 0x8a8a, 0x6a08, 0x6a08, 0x6a08, 0x4965, 0x4965, 0x28c3, 0x28c3,
0x2880, 0x0000, 0xf81f, 0xf81f, 0xf81f, 0xf81f, 0xf81f, 0xf81f, 0xf81f, 0xf81f,
0xf81f, 0x8a8a, 0x8a8a, 0x92aa, 0x92aa, 0x18e3, 0x0000, 0x8a8a, 0x8a8a, 0x8a8a,
0x6a08, 0x4965, 0x6a08, 0xaa00, 0x2880, 0xf81f, 0xf81f, 0xf81f, 0xf81f, 0xf81f,
0xf81f, 0xf81f, 0xf81f, 0xaa00, 0x28c3, 0x6a08, 0x8a8a, 0x0000, 0x0000, 0x92aa,
0x8a8a, 0x6a08, 0x6a08, 0x6a08, 0x4965, 0x4965, 0x4965, 0x28c3, 0x2880, 0x0000,
0xf81f, 0xf81f, 
0xf81f, 0xf81f, 0xf81f, 0xf81f, 0x7980, 0x2880, 0xf81f, 0x0000, 0x0000, 0x6a08,
0x6a08, 0x6a08, 0x4965, 0x4965, 0x28c3, 0x0000, 0x28c3, 0x28c3, 0x0000, 0xf81f,
0xf81f, 0xf81f, 0xf81f, 0xf81f, 0xf81f, 0xf81f, 0xf81f, 0xf81f, 0xaa00, 0x0000,
0xf81f, 0x6a08, 0x0000, 0x0000, 0x8a8a, 0x6a08, 0x6a08, 0x6a08, 0x4965, 0x28c3,
0x4965, 0x4965, 0x8aaa, 0x0000, 0x2880, 0xf81f, 0xf81f, 0xf81f, 0xf81f, 0xf81f,
0xf81f, 0xf81f, 0xf81f, 0xf81f, 0xf81f, 0x6a08, 0x8a8a, 0x8a8a, 0x0000, 0x92aa,
0x8a8a, 0x6a08, 0x6a08, 0x6a08, 0x4965, 0x4965, 0x28c3, 0x28c3, 0x2880, 0x0000,
0xf81f, 0xf81f, 0xf81f, 0xf81f, 0xf81f, 0xf81f, 0xf81f, 0xf81f, 0xf81f, 0x6a08,
0x0000, 0x0000, 0x6a08, 0x6a08, 0x6a08, 0x4965, 0x4965, 0x0000, 0x4965, 0x4965,
0x6a08, 0x0000, 0x0000, 0xf81f, 0xf81f, 0xf81f, 0xf81f, 0xf81f, 0xf81f, 0xf81f,
0xf81f, 0xf81f, 0xf81f, 0x0000, 0x0000, 0x6a08, 0x6a08, 0x6a08, 0x4965, 0x4965,
0x28c3, 0x0000, 0x28c3, 0x28c3, 0x0000, 0x2945, 0x0020, 0xf81f, 0xf81f, 0xf81f,
0xf81f, 0xf81f, 0xf81f, 0xf81f, 0xf81f, 0xf81f, 0xf81f, 0x6a08, 0x0000, 0x0000,
0x8a8a, 0x6a08, 0x6a08, 0x6a08, 0x4965, 0x28c3, 0x4965, 0x4965, 0x8aaa, 0x0000,
0x2880, 0xf81f, 0xf81f, 0xf81f, 0xf81f, 0xf81f, 0xf81f, 0xf81f, 0xf81f, 0xf81f,
0xf81f, 0x6a08, 0x8a8a, 0x8a8a, 0x0000, 0x92aa, 0x8a8a, 0x6a08, 0x6a08, 0x6a08,
0x4965, 0x4965, 0x28c3, 0x28c3, 0x2880, 0x0000, 0xf81f, 0xf81f, 0xf81f, 0xf81f,
0xf81f, 0xf81f, 0xf81f, 0x7980, 0x2880, 0x6a08, 0x0000, 0x0000, 0x6a08, 0x6a08,
0x6a08, 0x4965, 0x4965, 0x0000, 0x4965, 0x4965, 0x6a08, 0x0000, 0x0000, 0xf81f,
0xf81f, 0xf81f, 
0xf81f, 0xf81f, 0xf81f, 0xf81f, 0xaa00, 0x0000, 0xf81f, 0x0000, 0x6a08, 0x6a08,
0x6a08, 0x4965, 0x4965, 0x28c3, 0x0000, 0x0000, 0x0000, 0x0000, 0xf81f, 0xf81f,
0xf81f, 0xf81f, 0xf81f, 0xf81f, 0xf81f, 0xf81f, 0xf81f, 0xf81f, 0x0000, 0xf81f,
0xf81f, 0x0000, 0x0000, 0x6a08, 0x6a08, 0x6a08, 0x4965, 0x4965, 0x28c3, 0x0000,
0x0000, 0x28c3, 0x0000, 0xf81f, 0xf81f, 0xf81f, 0xf81f, 0xf81f, 0xf81f, 0xf81f,
0xf81f, 0xf81f, 0xf81f, 0xf81f, 0xf81f, 0x6a08, 0x0000, 0x0000, 0x8a8a, 0x6a08,
0x6a08, 0x6a08, 0x4965, 0x0000, 0x4965, 0x4965, 0x8a8a, 0x0000, 0x2880, 0xf81f,
0xf81f, 0xf81f, 0xf81f, 0xf81f, 0xf81f, 0xf81f, 0xf81f, 0xf81f, 0xf81f, 0x0000,
0x6a08, 0x6a08, 0x6a08, 0x6a08, 0x4965, 0x4965, 0x0000, 0x0000, 0x0000, 0x0000,
0x0000, 0xf81f, 0xf81f, 0xf81f, 0xf81f, 0xf81f, 0xf81f, 0xf81f, 0xf81f, 0xf81f,
0xf81f, 0xf81f, 0x3186, 0x0000, 0x6a08, 0x6a08, 0x6a08, 0x6a08, 0x4965, 0x28c3,
0x0000, 0x0000, 0x0000, 0x0000, 0x2945, 0x18e3, 0x0000, 0xf81f, 0xf81f, 0xf81f,
0xf81f, 0xf81f, 0xf81f, 0xf81f, 0xf81f, 0x3186, 0x18e3, 0x0000, 0x0000, 0x6a08,
0x6a08, 0x6a08, 0x4965, 0x4965, 0x28c3, 0x0000, 0x0000, 0x28c3, 0x0000, 0x18e3,
0xf81f, 0xf81f, 0xf81f, 0xf81f, 0xf81f, 0xf81f, 0xf81f, 0xf81f, 0xf81f, 0xf81f,
0xf81f, 0x6a08, 0x0000, 0x0000, 0x8a8a, 0x6a08, 0x6a08, 0x6a08, 0x4965, 0x0000,
0x4965, 0x4965, 0x8a8a, 0x0000, 0x2880, 0xf81f, 0xf81f, 0xf81f, 0xf81f, 0xf81f,
0xf81f, 0xf81f, 0xf81f, 0xf81f, 0xf81f, 0x0000, 0x6a08, 0x6a08, 0x6a08, 0x6a08,
0x4965, 0x4965, 0x0000, 0x0000, 0x0000, 0x0000, 0x0000, 0xf81f, 0xf81f, 0xf81f,
0xf81f, 0xf81f, 
0xf81f, 0xf81f, 0xf81f, 0xf81f, 0xf81f, 0xf81f, 0xf81f, 0xf81f, 0x0000, 0x0000,
0x4965, 0x4965, 0x4965, 0x28c3, 0x0000, 0x0000, 0x0000, 0xf81f, 0xf81f, 0xf81f,
0xf81f, 0xf81f, 0xf81f, 0xf81f, 0xf81f, 0xf81f, 0xf81f, 0xf81f, 0xf81f, 0xf81f,
0xf81f, 0x0000, 0x4965, 0x6a08, 0x6a08, 0x4965, 0x4965, 0x28c3, 0x0000, 0x0000,
0x0000, 0x0000, 0xf81f, 0xf81f, 0xf81f, 0xf81f, 0xf81f, 0xf81f, 0xf81f, 0xf81f,
0xf81f, 0xf81f, 0xf81f, 0xf81f, 0xf81f, 0x0000, 0x0000, 0x6a08, 0x6a08, 0x6a08,
0x4965, 0x4965, 0x28c3, 0x0000, 0x0000, 0x28c3, 0x0000, 0xf81f, 0xf81f, 0xf81f,
0xf81f, 0xf81f, 0xf81f, 0xf81f, 0xf81f, 0xf81f, 0xf81f, 0xf81f, 0x3186, 0x0000,
0x0000, 0x6a08, 0x6a08, 0x4965, 0x4965, 0x28c3, 0x0000, 0x0000, 0x0000, 0x0000,
0x2945, 0x18e3, 0xf81f, 0xf81f, 0xf81f, 0xf81f, 0xf81f, 0xf81f, 0xf81f, 0xf81f,
0xf81f, 0x3186, 0x31a6, 0x3186, 0x0000, 0x0000, 0x4965, 0x4965, 0x4965, 0x28c3,
0x0000, 0x0000, 0x0000, 0x2945, 0x18e3, 0x0020, 0xf81f, 0xf81f, 0xf81f, 0xf81f,
0xf81f, 0xf81f, 0xf81f, 0xf81f, 0x3186, 0x3186, 0x31a6, 0x0000, 0x4965, 0x6a08,
0x6a08, 0x4965, 0x4965, 0x28c3, 0x0000, 0x0000, 0x0000, 0x0000, 0x3186, 0x2945,
0x0000, 0xf81f, 0xf81f, 0xf81f, 0xf81f, 0xf81f, 0xf81f, 0xf81f, 0xf81f, 0xf81f,
0x3186, 0x0000, 0x0000, 0x6a08, 0x6a08, 0x6a08, 0x4965, 0x4965, 0x28c3, 0x0000,
0x0000, 0x28c3, 0x0000, 0xf81f, 0xf81f, 0xf81f, 0xf81f, 0xf81f, 0xf81f, 0xf81f,
0xf81f, 0xf81f, 0xf81f, 0xf81f, 0xf81f, 0x0000, 0x0000, 0x6a08, 0x6a08, 0x4965,
0x4965, 0x28c3, 0x0000, 0x0000, 0x0000, 0x0000, 0xf81f, 0xf81f, 0xf81f, 0xf81f,
0xf81f, 0xf81f, 
0xf81f, 0xf81f, 0xf81f, 0xf81f, 0xf81f, 0xf81f, 0xf81f, 0xf81f, 0xf81f, 0xf81f,
0x0000, 0x0000, 0x0000, 0x0000, 0x0000, 0xf81f, 0xf81f, 0xf81f, 0xf81f, 0xf81f,
0xf81f, 0xf81f, 0xf81f, 0xf81f, 0xf81f, 0xf81f, 0xf81f, 0xf81f, 0xf81f, 0xf81f,
0xf81f, 0xf81f, 0x0000, 0x0000, 0x0000, 0x4965, 0x4965, 0x28c3, 0x0000, 0x0000,
0x0000, 0xf81f, 0xf81f, 0xf81f, 0xf81f, 0xf81f, 0xf81f, 0xf81f, 0xf81f, 0xf81f,
0xf81f, 0xf81f, 0xf81f, 0xf81f, 0xf81f, 0x0000, 0x4965, 0x6a08, 0x6a08, 0x4965,
0x4965, 0x28c3, 0x0000, 0x0000, 0x0000, 0x0000, 0xf81f, 0xf81f, 0xf81f, 0xf81f,
0xf81f, 0xf81f, 0xf81f, 0xf81f, 0xf81f, 0xf81f, 0xf81f, 0x3186, 0x31a6, 0x31a6,
0x18e3, 0x0000, 0x0000, 0x0000, 0x4965, 0x0000, 0x0000, 0x0000, 0x0000, 0x2945,
0x2945, 0x18e3, 0x0000, 0xf81f, 0xf81f, 0xf81f, 0xf81f, 0xf81f, 0xf81f, 0xf81f,
0xf81f, 0x3186, 0x3186, 0x18e3, 0x0020, 0x0000, 0x0000, 0x0000, 0x0000, 0x0000,
0x0000, 0x1082, 0x0000, 0x18e3, 0x1082, 0x0000, 0xf81f, 0xf81f, 0xf81f, 0xf81f,
0xf81f, 0xf81f, 0xf81f, 0x3186, 0x3186, 0x3186, 0x31a6, 0x0000, 0x0000, 0x0000,
0x0000, 0x4965, 0x4965, 0x28c3, 0x0000, 0x0000, 0x0000, 0x31a6, 0x3186, 0x18e3,
0xf81f, 0xf81f, 0xf81f, 0xf81f, 0xf81f, 0xf81f, 0xf81f, 0xf81f, 0xf81f, 0x3186,
0x3186, 0x0000, 0x4965, 0x6a08, 0x6a08, 0x4965, 0x4965, 0x28c3, 0x0000, 0x0000,
0x0000, 0x0000, 0xf81f, 0xf81f, 0xf81f, 0xf81f, 0xf81f, 0xf81f, 0xf81f, 0xf81f,
0xf81f, 0xf81f, 0xf81f, 0xf81f, 0xf81f, 0xf81f, 0x10a2, 0x0000, 0x0000, 0x0000,
0x4965, 0x0000, 0x0000, 0x0000, 0xf81f, 0xf81f, 0xf81f, 0xf81f, 0xf81f, 0xf81f,
0xf81f, 0xf81f, 
0xf81f, 0xf81f, 0xf81f, 0xf81f, 0xf81f, 0xf81f, 0xf81f, 0xf81f, 0xf81f, 0x3186,
0x31a6, 0x3186, 0x18e3, 0x1082, 0x0000, 0xf81f, 0xf81f, 0xf81f, 0xf81f, 0xf81f,
0xf81f, 0xf81f, 0xf81f, 0xf81f, 0xf81f, 0xf81f, 0xf81f, 0xf81f, 0xf81f, 0xf81f,
0xf81f, 0xf81f, 0x1082, 0x3186, 0x3186, 0x0000, 0x0000, 0x0000, 0x0000, 0xf81f,
0xf81f, 0xf81f, 0xf81f, 0xf81f, 0xf81f, 0xf81f, 0xf81f, 0xf81f, 0xf81f, 0xf81f,
0xf81f, 0xf81f, 0xf81f, 0xf81f, 0xf81f, 0x3186, 0x0000, 0x0000, 0x0000, 0x4965,
0x4965, 0x28c3, 0x0000, 0x0000, 0x0000, 0xf81f, 0xf81f, 0xf81f, 0xf81f, 0xf81f,
0xf81f, 0xf81f, 0xf81f, 0xf81f, 0xf81f, 0xf81f, 0xf81f, 0x3186, 0x3186, 0x2945,
0x1082, 0x0000, 0x2945, 0x0000, 0x0000, 0x0000, 0x0000, 0x0000, 0x0000, 0x2945,
0x18e3, 0x0020, 0xf81f, 0xf81f, 0xf81f, 0xf81f, 0xf81f, 0xf81f, 0xf81f, 0xf81f,
0x3186, 0x3186, 0x18e3, 0x1082, 0x0000, 0xf81f, 0xf81f, 0x18e3, 0x2945, 0x2945,
0x18e3, 0x0000, 0x0000, 0x18e3, 0x0000, 0xf81f, 0xf81f, 0xf81f, 0xf81f, 0xf81f,
0xf81f, 0xf81f, 0xf81f, 0x3186, 0x3186, 0x3186, 0x3186, 0x0000, 0x0020, 0x0020,
0x31a6, 0x0000, 0x0000, 0x0000, 0x0000, 0x1082, 0x1082, 0x31a6, 0x2945, 0x0020,
0xf81f, 0xf81f, 0xf81f, 0xf81f, 0xf81f, 0xf81f, 0xf81f, 0xf81f, 0xf81f, 0x3186,
0x3186, 0x3186, 0x0000, 0x0000, 0x0000, 0x4965, 0x4965, 0x28c3, 0x0000, 0x0000,
0x0000, 0xf81f, 0xf81f, 0xf81f, 0xf81f, 0xf81f, 0xf81f, 0xf81f, 0xf81f, 0xf81f,
0xf81f, 0xf81f, 0xf81f, 0xf81f, 0xf81f, 0xf81f, 0xf81f, 0x18e3, 0x3186, 0x0000,
0x0000, 0x0000, 0x0000, 0xf81f, 0xf81f, 0xf81f, 0xf81f, 0xf81f, 0xf81f, 0xf81f,
0xf81f, 0xf81f, 
0xf81f, 0xf81f, 0xf81f, 0xf81f, 0xf81f, 0xf81f, 0xf81f, 0xf81f, 0xf81f, 0x3186,
0x31a6, 0x2945, 0x1082, 0x0000, 0x0000, 0xf81f, 0xf81f, 0xf81f, 0xf81f, 0xf81f,
0xf81f, 0xf81f, 0xf81f, 0xf81f, 0xf81f, 0xf81f, 0xf81f, 0xf81f, 0xf81f, 0xf81f,
0xf81f, 0xf81f, 0x3186, 0x3186, 0x3186, 0x1082, 0x0000, 0x1082, 0x0000, 0xf81f,
0xf81f, 0xf81f, 0xf81f, 0xf81f, 0xf81f, 0xf81f, 0xf81f, 0xf81f, 0xf81f, 0xf81f,
0xf81f, 0xf81f, 0xf81f, 0xf81f, 0x3186, 0x3186, 0x2945, 0x2945, 0x31a6, 0x0000,
0x0000, 0x0000, 0x0000, 0x0000, 0xf81f, 0xf81f, 0xf81f, 0xf81f, 0xf81f, 0xf81f,
0xf81f, 0xf81f, 0xf81f, 0xf81f, 0xf81f, 0xf81f, 0x2945, 0x3186, 0x2945, 0x1082,
0x0000, 0x18e3, 0xf81f, 0xf81f, 0x1082, 0x1082, 0x0000, 0x2945, 0x2945, 0x1082,
0x0020, 0x0000, 0xf81f, 0xf81f, 0xf81f, 0xf81f, 0xf81f, 0xf81f, 0xf81f, 0x3186,
0x31a6, 0x2945, 0x18e3, 0x1082, 0x0000, 0xf81f, 0xf81f, 0xf81f, 0xf81f, 0x0000,
0x0000, 0x0000, 0x18e3, 0x0000, 0xf81f, 0xf81f, 0xf81f, 0xf81f, 0xf81f, 0xf81f,
0xf81f, 0xf81f, 0xf81f, 0x3186, 0x3186, 0x3186, 0x2945, 0x0000, 0x0000, 0x0000,
0xf81f, 0x2945, 0x2945, 0x2945, 0x0020, 0x0000, 0x0000, 0x2945, 0x18e3, 0x0000,
0xf81f, 0xf81f, 0xf81f, 0xf81f, 0xf81f, 0xf81f, 0xf81f, 0xf81f, 0xf81f, 0x3186,
0x2945, 0x2945, 0x2945, 0x2945, 0x31a6, 0x0000, 0x0000, 0x0000, 0x0000, 0x1082,
0xf81f, 0xf81f, 0xf81f, 0xf81f, 0xf81f, 0xf81f, 0xf81f, 0xf81f, 0xf81f, 0xf81f,
0xf81f, 0xf81f, 0xf81f, 0xf81f, 0xf81f, 0xf81f, 0xf81f, 0x3186, 0x31a6, 0x3186,
0x18e3, 0x1082, 0x0000, 0xf81f, 0xf81f, 0xf81f, 0xf81f, 0xf81f, 0xf81f, 0xf81f,
0xf81f, 0xf81f, 
0xf81f, 0xf81f, 0xf81f, 0xf81f, 0xf81f, 0xf81f, 0xf81f, 0xf81f, 0xf81f, 0x31a6,
0x2945, 0x1082, 0x0000, 0x0000, 0xf81f, 0xf81f, 0xf81f, 0xf81f, 0xf81f, 0xf81f,
0xf81f, 0xf81f, 0xf81f, 0xf81f, 0xf81f, 0xf81f, 0xf81f, 0xf81f, 0xf81f, 0xf81f,
0xf81f, 0x3186, 0x3186, 0x3186, 0x3186, 0x1082, 0x0000, 0x0000, 0x0000, 0xf81f,
0xf81f, 0xf81f, 0xf81f, 0xf81f, 0xf81f, 0xf81f, 0xf81f, 0xf81f, 0xf81f, 0xf81f,
0xf81f, 0xf81f, 0xf81f, 0xf81f, 0x3186, 0x2945, 0x18e3, 0x0000, 0x3186, 0x3186,
0x31a6, 0x1082, 0x0000, 0x0020, 0xf81f, 0xf81f, 0xf81f, 0xf81f, 0xf81f, 0xf81f,
0xf81f, 0xf81f, 0xf81f, 0xf81f, 0xf81f, 0xf81f, 0x3186, 0x3186, 0x18e3, 0x1082,
0x0020, 0x0000, 0x0000, 0xf81f, 0xf81f, 0x2945, 0x2945, 0x18e3, 0x1082, 0x0020,
0xf81f, 0xf81f, 0xf81f, 0xf81f, 0xf81f, 0xf81f, 0xf81f, 0xf81f, 0xf81f, 0xf81f,
0x1082, 0x18e3, 0x18e3, 0x0020, 0x0000, 0x0000, 0xf81f, 0xf81f, 0xf81f, 0xf81f,
0xf81f, 0xf81f, 0xf81f, 0xf81f, 0xf81f, 0xf81f, 0xf81f, 0xf81f, 0xf81f, 0xf81f,
0xf81f, 0xf81f, 0x3186, 0x3186, 0x3186, 0x3186, 0x1082, 0xf81f, 0xf81f, 0xf81f,
0xf81f, 0xf81f, 0x0000, 0x0000, 0x0020, 0x0000, 0x18e3, 0x18e3, 0x0000, 0xf81f,
0xf81f, 0xf81f, 0xf81f, 0xf81f, 0xf81f, 0xf81f, 0xf81f, 0xf81f, 0xf81f, 0x2945,
0x2945, 0x2945, 0x2945, 0xf81f, 0xf81f, 0x2945, 0x2945, 0x2945, 0x0020, 0x0000,
0xf81f, 0xf81f, 0xf81f, 0xf81f, 0xf81f, 0xf81f, 0xf81f, 0xf81f, 0xf81f, 0xf81f,
0xf81f, 0xf81f, 0xf81f, 0xf81f, 0xf81f, 0xf81f, 0xf81f, 0x3186, 0x3186, 0x2945,
0x1082, 0x0000, 0x0000, 0xf81f, 0xf81f, 0xf81f, 0xf81f, 0xf81f, 0xf81f, 0xf81f,
0xf81f, 0xf81f, 
0xf81f, 0xf81f, 0xf81f, 0xf81f, 0xf81f, 0xf81f, 0xf81f, 0xf81f, 0x3186, 0x31a6,
0x18e3, 0x0020, 0x0000, 0xf81f, 0xf81f, 0xf81f, 0xf81f, 0xf81f, 0xf81f, 0xf81f,
0xf81f, 0xf81f, 0xf81f, 0xf81f, 0xf81f, 0xf81f, 0xf81f, 0xf81f, 0xf81f, 0xf81f,
0xf81f, 0x3186, 0x3186, 0x3186, 0x3186, 0x0000, 0x0000, 0x0000, 0xf81f, 0xf81f,
0xf81f, 0xf81f, 0xf81f, 0xf81f, 0xf81f, 0xf81f, 0xf81f, 0xf81f, 0xf81f, 0xf81f,
0xf81f, 0xf81f, 0xf81f, 0xf81f, 0x2945, 0x18e3, 0x1082, 0x0000, 0x3186, 0x3186,
0x2945, 0x1082, 0x0000, 0xf81f, 0xf81f, 0xf81f, 0xf81f, 0xf81f, 0xf81f, 0xf81f,
0xf81f, 0xf81f, 0xf81f, 0xf81f, 0xf81f, 0xf81f, 0x2945, 0x2945, 0x18e3, 0x1082,
0x0020, 0x0000, 0x0000, 0xf81f, 0xf81f, 0x18e3, 0x18e3, 0x1082, 0x0000, 0xf81f,
0xf81f, 0xf81f, 0xf81f, 0xf81f, 0xf81f, 0xf81f, 0xf81f, 0xf81f, 0xf81f, 0xf81f,
0xf81f, 0xf81f, 0xf81f, 0x0000, 0x0000, 0x0000, 0xf81f, 0xf81f, 0xf81f, 0xf81f,
0xf81f, 0xf81f, 0xf81f, 0xf81f, 0xf81f, 0xf81f, 0xf81f, 0xf81f, 0xf81f, 0xf81f,
0xf81f, 0xf81f, 0x2945, 0x3186, 0x3186, 0x2945, 0x0000, 0xf81f, 0xf81f, 0xf81f,
0xf81f, 0xf81f, 0xf81f, 0x0020, 0x0000, 0x0020, 0x1082, 0x0000, 0xf81f, 0xf81f,
0xf81f, 0xf81f, 0xf81f, 0xf81f, 0xf81f, 0xf81f, 0xf81f, 0xf81f, 0xf81f, 0x2945,
0x2945, 0x18e3, 0xf81f, 0xf81f, 0xf81f, 0x3186, 0x2945, 0x1082, 0x0020, 0x0000,
0x3186, 0x0020, 0xf81f, 0xf81f, 0xf81f, 0xf81f, 0xf81f, 0xf81f, 0xf81f, 0xf81f,
0xf81f, 0xf81f, 0xf81f, 0xf81f, 0xf81f, 0xf81f, 0xf81f, 0x3186, 0x2945, 0x1082,
0x0000, 0x0000, 0xf81f, 0xf81f, 0xf81f, 0xf81f, 0xf81f, 0xf81f, 0xf81f, 0xf81f,
0xf81f, 0xf81f, 
0xf81f, 0xf81f, 0xf81f, 0xf81f, 0xf81f, 0xf81f, 0xf81f, 0xf81f, 0x3186, 0x2945,
0x18e3, 0x1082, 0x0000, 0xf81f, 0xf81f, 0xf81f, 0xf81f, 0xf81f, 0xf81f, 0xf81f,
0xf81f, 0xf81f, 0xf81f, 0xf81f, 0xf81f, 0xf81f, 0xf81f, 0xf81f, 0xf81f, 0xf81f,
0xf81f, 0x3186, 0x3186, 0x3186, 0x2945, 0x0000, 0xf81f, 0xf81f, 0xf81f, 0xf81f,
0xf81f, 0xf81f, 0xf81f, 0xf81f, 0xf81f, 0xf81f, 0xf81f, 0xf81f, 0xf81f, 0xf81f,
0xf81f, 0xf81f, 0xf81f, 0xf81f, 0xf81f, 0xf81f, 0xf81f, 0xf81f, 0x3186, 0x3186,
0x18e3, 0x0000, 0xf81f, 0xf81f, 0xf81f, 0xf81f, 0xf81f, 0xf81f, 0xf81f, 0xf81f,
0xf81f, 0xf81f, 0xf81f, 0xf81f, 0xf81f, 0xf81f, 0xf81f, 0xf81f, 0xf81f, 0xf81f,
0xf81f, 0xf81f, 0xf81f, 0xf81f, 0xf81f, 0xf81f, 0xf81f, 0xf81f, 0xf81f, 0xf81f,
0xf81f, 0xf81f, 0xf81f, 0xf81f, 0xf81f, 0xf81f, 0xf81f, 0xf81f, 0xf81f, 0xf81f,
0xf81f, 0xf81f, 0xf81f, 0xf81f, 0xf81f, 0xf81f, 0xf81f, 0xf81f, 0xf81f, 0xf81f,
0xf81f, 0xf81f, 0xf81f, 0xf81f, 0xf81f, 0xf81f, 0xf81f, 0xf81f, 0xf81f, 0xf81f,
0xf81f, 0xf81f, 0xf81f, 0x3186, 0x3186, 0x1082, 0xf81f, 0xf81f, 0xf81f, 0xf81f,
0xf81f, 0xf81f, 0xf81f, 0xf81f, 0xf81f, 0x0000, 0x0000, 0xf81f, 0xf81f, 0xf81f,
0xf81f, 0xf81f, 0xf81f, 0xf81f, 0xf81f, 0xf81f, 0xf81f, 0xf81f, 0xf81f, 0xf81f,
0xf81f, 0xf81f, 0xf81f, 0xf81f, 0x2945, 0x3186, 0x2945, 0x18e3, 0x0000, 0x3186,
0x1082, 0x0000, 0xf81f, 0xf81f, 0xf81f, 0xf81f, 0xf81f, 0xf81f, 0xf81f, 0xf81f,
0xf81f, 0xf81f, 0xf81f, 0xf81f, 0xf81f, 0xf81f, 0xf81f, 0x3186, 0x2945, 0x18e3,
0x0000, 0x1082, 0x18e3, 0xf81f, 0xf81f, 0xf81f, 0xf81f, 0xf81f, 0xf81f, 0xf81f,
0xf81f, 0xf81f, 
0xf81f, 0xf81f, 0xf81f, 0xf81f, 0xf81f, 0xf81f, 0xf81f, 0xf81f, 0xf81f, 0x1082,
0x1082, 0x0020, 0x0000, 0x0000, 0xf81f, 0xf81f, 0xf81f, 0xf81f, 0xf81f, 0xf81f,
0xf81f, 0xf81f, 0xf81f, 0xf81f, 0xf81f, 0xf81f, 0xf81f, 0xf81f, 0xf81f, 0xf81f,
0x2945, 0x3186, 0x3186, 0x3186, 0x0020, 0xf81f, 0xf81f, 0xf81f, 0xf81f, 0xf81f,
0xf81f, 0xf81f, 0xf81f, 0xf81f, 0xf81f, 0xf81f, 0xf81f, 0xf81f, 0xf81f, 0xf81f,
0xf81f, 0xf81f, 0xf81f, 0xf81f, 0xf81f, 0xf81f, 0xf81f, 0xf81f, 0x3186, 0x3186,
0x0020, 0x0000, 0xf81f, 0xf81f, 0xf81f, 0xf81f, 0xf81f, 0xf81f, 0xf81f, 0xf81f,
0xf81f, 0xf81f, 0xf81f, 0xf81f, 0xf81f, 0xf81f, 0xf81f, 0xf81f, 0xf81f, 0xf81f,
0xf81f, 0xf81f, 0xf81f, 0xf81f, 0xf81f, 0xf81f, 0xf81f, 0xf81f, 0xf81f, 0xf81f,
0xf81f, 0xf81f, 0xf81f, 0xf81f, 0xf81f, 0xf81f, 0xf81f, 0xf81f, 0xf81f, 0xf81f,
0xf81f, 0xf81f, 0xf81f, 0xf81f, 0xf81f, 0xf81f, 0xf81f, 0xf81f, 0xf81f, 0xf81f,
0xf81f, 0xf81f, 0xf81f, 0xf81f, 0xf81f, 0xf81f, 0xf81f, 0xf81f, 0xf81f, 0xf81f,
0xf81f, 0xf81f, 0xf81f, 0x1082, 0x0000, 0xf81f, 0xf81f, 0xf81f, 0xf81f, 0xf81f,
0xf81f, 0xf81f, 0xf81f, 0xf81f, 0xf81f, 0xf81f, 0xf81f, 0xf81f, 0xf81f, 0xf81f,
0xf81f, 0xf81f, 0xf81f, 0xf81f, 0xf81f, 0xf81f, 0xf81f, 0xf81f, 0xf81f, 0xf81f,
0xf81f, 0xf81f, 0xf81f, 0xf81f, 0x2945, 0x2945, 0x18e3, 0x18e3, 0x1082, 0x0020,
0x0000, 0xf81f, 0xf81f, 0xf81f, 0xf81f, 0xf81f, 0xf81f, 0xf81f, 0xf81f, 0xf81f,
0xf81f, 0xf81f, 0xf81f, 0xf81f, 0xf81f, 0xf81f, 0x3186, 0x3186, 0x18e3, 0x1082,
0x0020, 0x0020, 0x0000, 0xf81f, 0xf81f, 0xf81f, 0xf81f, 0xf81f, 0xf81f, 0xf81f,
0xf81f, 0xf81f, 
0xf81f, 0xf81f, 0xf81f, 0xf81f, 0xf81f, 0xf81f, 0xf81f, 0xf81f, 0xf81f, 0xf81f,
0xf81f, 0x0000, 0x0000, 0x0000, 0xf81f, 0xf81f, 0xf81f, 0xf81f, 0xf81f, 0xf81f,
0xf81f, 0xf81f, 0xf81f, 0xf81f, 0xf81f, 0xf81f, 0xf81f, 0xf81f, 0xf81f, 0xf81f,
0x18e3, 0x3186, 0x3186, 0x18e3, 0x0000, 0xf81f, 0xf81f, 0xf81f, 0xf81f, 0xf81f,
0xf81f, 0xf81f, 0xf81f, 0xf81f, 0xf81f, 0xf81f, 0xf81f, 0xf81f, 0xf81f, 0xf81f,
0xf81f, 0xf81f, 0xf81f, 0xf81f, 0xf81f, 0xf81f, 0xf81f, 0xf81f, 0x2945, 0x18e3,
0x0000, 0xf81f, 0xf81f, 0xf81f, 0xf81f, 0xf81f, 0xf81f, 0xf81f, 0xf81f, 0xf81f,
0xf81f, 0xf81f, 0xf81f, 0xf81f, 0xf81f, 0xf81f, 0xf81f, 0xf81f, 0xf81f, 0xf81f,
0xf81f, 0xf81f, 0xf81f, 0xf81f, 0xf81f, 0xf81f, 0xf81f, 0xf81f, 0xf81f, 0xf81f,
0xf81f, 0xf81f, 0xf81f, 0xf81f, 0xf81f, 0xf81f, 0xf81f, 0xf81f, 0xf81f, 0xf81f,
0xf81f, 0xf81f, 0xf81f, 0xf81f, 0xf81f, 0xf81f, 0xf81f, 0xf81f, 0xf81f, 0xf81f,
0xf81f, 0xf81f, 0xf81f, 0xf81f, 0xf81f, 0xf81f, 0xf81f, 0xf81f, 0xf81f, 0xf81f,
0xf81f, 0xf81f, 0xf81f, 0xf81f, 0xf81f, 0xf81f, 0xf81f, 0xf81f, 0xf81f, 0xf81f,
0xf81f, 0xf81f, 0xf81f, 0xf81f, 0xf81f, 0xf81f, 0xf81f, 0xf81f, 0xf81f, 0xf81f,
0xf81f, 0xf81f, 0xf81f, 0xf81f, 0xf81f, 0xf81f, 0xf81f, 0xf81f, 0xf81f, 0xf81f,
0xf81f, 0xf81f, 0xf81f, 0xf81f, 0xf81f, 0x2945, 0x18e3, 0x1082, 0x0000, 0xf81f,
0xf81f, 0xf81f, 0xf81f, 0xf81f, 0xf81f, 0xf81f, 0xf81f, 0xf81f, 0xf81f, 0xf81f,
0xf81f, 0xf81f, 0xf81f, 0xf81f, 0xf81f, 0xf81f, 0xf81f, 0x18e3, 0x18e3, 0x1082,
0x0000, 0x0000, 0x0000, 0xf81f, 0xf81f, 0xf81f, 0xf81f, 0xf81f, 0xf81f, 0xf81f,
0xf81f, 0xf81f, 
0xf81f, 0xf81f, 0xf81f, 0xf81f, 0xf81f, 0xf81f, 0xf81f, 0xf81f, 0xf81f, 0xf81f,
0xf81f, 0xf81f, 0xf81f, 0xf81f, 0xf81f, 0xf81f, 0xf81f, 0xf81f, 0xf81f, 0xf81f,
0xf81f, 0xf81f, 0xf81f, 0xf81f, 0xf81f, 0xf81f, 0xf81f, 0xf81f, 0xf81f, 0xf81f,
0xf81f, 0x2945, 0x18e3, 0xf81f, 0xf81f, 0xf81f, 0xf81f, 0xf81f, 0xf81f, 0xf81f,
0xf81f, 0xf81f, 0xf81f, 0xf81f, 0xf81f, 0xf81f, 0xf81f, 0xf81f, 0xf81f, 0xf81f,
0xf81f, 0xf81f, 0xf81f, 0xf81f, 0xf81f, 0xf81f, 0xf81f, 0xf81f, 0xf81f, 0xf81f,
0xf81f, 0xf81f, 0xf81f, 0xf81f, 0xf81f, 0xf81f, 0xf81f, 0xf81f, 0xf81f, 0xf81f,
0xf81f, 0xf81f, 0xf81f, 0xf81f, 0xf81f, 0xf81f, 0xf81f, 0xf81f, 0xf81f, 0xf81f,
0xf81f, 0xf81f, 0xf81f, 0xf81f, 0xf81f, 0xf81f, 0xf81f, 0xf81f, 0xf81f, 0xf81f,
0xf81f, 0xf81f, 0xf81f, 0xf81f, 0xf81f, 0xf81f, 0xf81f, 0xf81f, 0xf81f, 0xf81f,
0xf81f, 0xf81f, 0xf81f, 0xf81f, 0xf81f, 0xf81f, 0xf81f, 0xf81f, 0xf81f, 0xf81f,
0xf81f, 0xf81f, 0xf81f, 0xf81f, 0xf81f, 0xf81f, 0xf81f, 0xf81f, 0xf81f, 0xf81f,
0xf81f, 0xf81f, 0xf81f, 0xf81f, 0xf81f, 0xf81f, 0xf81f, 0xf81f, 0xf81f, 0xf81f,
0xf81f, 0xf81f, 0xf81f, 0xf81f, 0xf81f, 0xf81f, 0xf81f, 0xf81f, 0xf81f, 0xf81f,
0xf81f, 0xf81f, 0xf81f, 0xf81f, 0xf81f, 0xf81f, 0xf81f, 0xf81f, 0xf81f, 0xf81f,
0xf81f, 0xf81f, 0xf81f, 0xf81f, 0xf81f, 0xf81f, 0xf81f, 0xf81f, 0xf81f, 0xf81f,
0xf81f, 0xf81f, 0xf81f, 0xf81f, 0xf81f, 0xf81f, 0xf81f, 0xf81f, 0xf81f, 0xf81f,
0xf81f, 0xf81f, 0xf81f, 0xf81f, 0xf81f, 0xf81f, 0xf81f, 0xf81f, 0xf81f, 0xf81f,
0xf81f, 0xf81f, 0xf81f, 0xf81f, 0xf81f, 0xf81f, 0xf81f, 0xf81f, 0xf81f, 0xf81f,
0xf81f, 0xf81f, 
0xf81f, 0xf81f, 0xf81f, 0xf81f, 0xf81f, 0xf81f, 0xf81f, 0xf81f, 0xf81f, 0x2104,
0x18c3, 0x18c3, 0x1082, 0x1082, 0x0000, 0xf81f, 0xf81f, 0xf81f, 0xf81f, 0xf81f,
0xf81f, 0xf81f, 0xf81f, 0xf81f, 0xf81f, 0xf81f, 0xf81f, 0xf81f, 0xf81f, 0xf81f,
0xf81f, 0xf81f, 0xf81f, 0x2104, 0x2104, 0x18c3, 0x18c3, 0x1082, 0x0000, 0xf81f,
0xf81f, 0xf81f, 0xf81f, 0xf81f, 0xf81f, 0xf81f, 0xf81f, 0xf81f, 0xf81f, 0xf81f,
0xf81f, 0xf81f, 0xf81f, 0xf81f, 0xf81f, 0xf81f, 0xf81f, 0x2104, 0x18c3, 0x18c3,
0x1082, 0x1082, 0x0000, 0xf81f, 0xf81f, 0xf81f, 0xf81f, 0xf81f, 0xf81f, 0xf81f,
0xf81f, 0xf81f, 0xf81f, 0xf81f, 0xf81f, 0xf81f, 0xf81f, 0xf81f, 0xf81f, 0xf81f,
0xf81f, 0x2104, 0x2104, 0x18c3, 0x1082, 0x1082, 0x0000, 0xf81f, 0xf81f, 0xf81f,
0xf81f, 0xf81f, 0xf81f, 0xf81f, 0xf81f, 0xf81f, 0xf81f, 0xf81f, 0xf81f, 0xf81f,
0xf81f, 0xf81f, 0xf81f, 0xf81f, 0xf81f, 0x2104, 0x18c3, 0x18c3, 0x1082, 0x1082,
0x0000, 0xf81f, 0xf81f, 0xf81f, 0xf81f, 0xf81f, 0xf81f, 0xf81f, 0xf81f, 0xf81f,
0xf81f, 0xf81f, 0xf81f, 0xf81f, 0xf81f, 0xf81f, 0xf81f, 0xf81f, 0xf81f, 0x2104,
0x18c3, 0x18c3, 0x1082, 0x1082, 0x0000, 0xf81f, 0xf81f, 0xf81f, 0xf81f, 0xf81f,
0xf81f, 0xf81f, 0xf81f, 0xf81f, 0xf81f, 0xf81f, 0xf81f, 0xf81f, 0xf81f, 0xf81f,
0xf81f, 0xf81f, 0xf81f, 0x2104, 0x2104, 0x18c3, 0x18c3, 0x1082, 0x0000, 0xf81f,
0xf81f, 0xf81f, 0xf81f, 0xf81f, 0xf81f, 0xf81f, 0xf81f, 0xf81f, 0xf81f, 0xf81f,
0xf81f, 0xf81f, 0xf81f, 0xf81f, 0xf81f, 0xf81f, 0xf81f, 0x2104, 0x18c3, 0x1082,
0x1082, 0x0000, 0x0000, 0xf81f, 0xf81f, 0xf81f, 0xf81f, 0xf81f, 0xf81f, 0xf81f,
0xf81f, 0xf81f, 
0xf81f, 0xf81f, 0xf81f, 0xf81f, 0xf81f, 0xf81f, 0xf81f, 0xf81f, 0xf81f, 0x2104,
0x18c3, 0x18c3, 0x1082, 0x1082, 0x0000, 0xf81f, 0xf81f, 0xf81f, 0xf81f, 0xf81f,
0xf81f, 0xf81f, 0xf81f, 0xf81f, 0xf81f, 0xf81f, 0xf81f, 0xf81f, 0xf81f, 0xf81f,
0xf81f, 0xf81f, 0xf81f, 0x2104, 0x18c3, 0x18c3, 0x1082, 0x1082, 0x0000, 0x0000,
0xf81f, 0xf81f, 0xf81f, 0xf81f, 0xf81f, 0xf81f, 0xf81f, 0xf81f, 0xf81f, 0xf81f,
0xf81f, 0xf81f, 0xf81f, 0xf81f, 0xf81f, 0xf81f, 0xf81f, 0x2104, 0x18c3, 0x18c3,
0x1082, 0x1082, 0x0000, 0xf81f, 0xf81f, 0xf81f, 0xf81f, 0xf81f, 0xf81f, 0xf81f,
0xf81f, 0xf81f, 0xf81f, 0xf81f, 0xf81f, 0xf81f, 0xf81f, 0xf81f, 0xf81f, 0xf81f,
0xf81f, 0x2104, 0x18c3, 0x18c3, 0x18c3, 0x1082, 0x1082, 0x0000, 0xf81f, 0xf81f,
0xf81f, 0xf81f, 0xf81f, 0xf81f, 0xf81f, 0xf81f, 0xf81f, 0xf81f, 0xf81f, 0xf81f,
0xf81f, 0xf81f, 0xf81f, 0xf81f, 0xf81f, 0x2104, 0x18c3, 0x18c3, 0x1082, 0x1082,
0x0000, 0xf81f, 0xf81f, 0xf81f, 0xf81f, 0xf81f, 0xf81f, 0xf81f, 0xf81f, 0xf81f,
0xf81f, 0xf81f, 0xf81f, 0xf81f, 0xf81f, 0xf81f, 0xf81f, 0xf81f, 0x2104, 0x18c3,
0x18c3, 0x1082, 0x1082, 0x1082, 0x0000, 0xf81f, 0xf81f, 0xf81f, 0xf81f, 0xf81f,
0xf81f, 0xf81f, 0xf81f, 0xf81f, 0xf81f, 0xf81f, 0xf81f, 0xf81f, 0xf81f, 0xf81f,
0xf81f, 0xf81f, 0xf81f, 0x2104, 0x2104, 0x18c3, 0x18c3, 0x1082, 0x0000, 0xf81f,
0xf81f, 0xf81f, 0xf81f, 0xf81f, 0xf81f, 0xf81f, 0xf81f, 0xf81f, 0xf81f, 0xf81f,
0xf81f, 0xf81f, 0xf81f, 0xf81f, 0xf81f, 0xf81f, 0x2104, 0x2104, 0x18c3, 0x18c3,
0x1082, 0x1082, 0x0000, 0xf81f, 0xf81f, 0xf81f, 0xf81f, 0xf81f, 0xf81f, 0xf81f,
0xf81f, 0xf81f, 
0xf81f, 0xf81f, 0xf81f, 0xf81f, 0xf81f, 0xf81f, 0xf81f, 0xf81f, 0xf81f, 0x2104,
0x18c3, 0x18c3, 0x1082, 0x1082, 0x0000, 0xf81f, 0xf81f, 0xf81f, 0xf81f, 0xf81f,
0xf81f, 0xf81f, 0xf81f, 0xf81f, 0xf81f, 0xf81f, 0xf81f, 0xf81f, 0xf81f, 0xf81f,
0xf81f, 0xf81f, 0xf81f, 0x2104, 0x18c3, 0x1082, 0x1082, 0x1082, 0x6120, 0x40c0,
0xf81f, 0xf81f, 0xf81f, 0xf81f, 0xf81f, 0xf81f, 0xf81f, 0xf81f, 0xf81f, 0xf81f,
0xf81f, 0xf81f, 0xf81f, 0xf81f, 0xf81f, 0xf81f, 0xf81f, 0x2104, 0x18c3, 0x18c3,
0x1082, 0x1082, 0x0000, 0x2060, 0xf81f, 0xf81f, 0xf81f, 0xf81f, 0xf81f, 0xf81f,
0xf81f, 0xf81f, 0xf81f, 0xf81f, 0xf81f, 0xf81f, 0xf81f, 0xf81f, 0xf81f, 0xf81f,
0xf81f, 0x18c3, 0xf4a9, 0xd280, 0xd280, 0xaa00, 0x89a0, 0x40c0, 0xf81f, 0xf81f,
0xf81f, 0xf81f, 0xf81f, 0xf81f, 0xf81f, 0xf81f, 0xf81f, 0xf81f, 0xf81f, 0xf81f,
0xf81f, 0xf81f, 0xf81f, 0xf81f, 0xf81f, 0x89a0, 0xf4a9, 0xd280, 0xaa00, 0x89a0,
0x6120, 0xf81f, 0xf81f, 0xf81f, 0xf81f, 0xf81f, 0xf81f, 0xf81f, 0xf81f, 0xf81f,
0xf81f, 0xf81f, 0xf81f, 0xf81f, 0xf81f, 0xf81f, 0xf81f, 0xf81f, 0x40c0, 0xf4a9,
0xd280, 0xaa00, 0x89a0, 0x89a0, 0x0000, 0xf81f, 0xf81f, 0xf81f, 0xf81f, 0xf81f,
0xf81f, 0xf81f, 0xf81f, 0xf81f, 0xf81f, 0xf81f, 0xf81f, 0xf81f, 0xf81f, 0xf81f,
0xf81f, 0xf81f, 0x6120, 0x2104, 0x2104, 0x18c3, 0x18c3, 0x1082, 0x0000, 0xf81f,
0xf81f, 0xf81f, 0xf81f, 0xf81f, 0xf81f, 0xf81f, 0xf81f, 0xf81f, 0xf81f, 0xf81f,
0xf81f, 0xf81f, 0xf81f, 0xf81f, 0xf81f, 0xf81f, 0xaa00, 0xf4a9, 0x18c3, 0x18c3,
0x18c3, 0x1082, 0x0000, 0xf81f, 0xf81f, 0xf81f, 0xf81f, 0xf81f, 0xf81f, 0xf81f,
0xf81f, 0xf81f, 
0xf81f, 0xf81f, 0xf81f, 0xf81f, 0xf81f, 0xf81f, 0xf81f, 0xf81f, 0xf81f, 0x2104,
0x18c3, 0x18c3, 0x1082, 0x1082, 0x0000, 0xf81f, 0xf81f, 0xf81f, 0xf81f, 0xf81f,
0xf81f, 0xf81f, 0xf81f, 0xf81f, 0xf81f, 0xf81f, 0xf81f, 0xf81f, 0xf81f, 0xf81f,
0xf81f, 0xf81f, 0xf81f, 0x2104, 0x18c3, 0x1082, 0x1082, 0x0000, 0x6120, 0x30a0,
0xf81f, 0xf81f, 0xf81f, 0xf81f, 0xf81f, 0xf81f, 0xf81f, 0xf81f, 0xf81f, 0xf81f,
0xf81f, 0xf81f, 0xf81f, 0xf81f, 0xf81f, 0xf81f, 0xf81f, 0x2104, 0x18c3, 0x18c3,
0xaa00, 0x89a0, 0x6120, 0x30a0, 0xf81f, 0xf81f, 0xf81f, 0xf81f, 0xf81f, 0xf81f,
0xf81f, 0xf81f, 0xf81f, 0xf81f, 0xf81f, 0xf81f, 0xf81f, 0xf81f, 0xf81f, 0xf81f,
0xf81f, 0x18c3, 0xf4a9, 0xd280, 0xd280, 0xaa00, 0x89a0, 0x40c0, 0xf81f, 0xf81f,
0xf81f, 0xf81f, 0xf81f, 0xf81f, 0xf81f, 0xf81f, 0xf81f, 0xf81f, 0xf81f, 0xf81f,
0xf81f, 0xf81f, 0xf81f, 0xf81f, 0xf81f, 0x89a0, 0xf4a9, 0xd280, 0xaa00, 0x89a0,
0x6120, 0xf81f, 0xf81f, 0xf81f, 0xf81f, 0xf81f, 0xf81f, 0xf81f, 0xf81f, 0xf81f,
0xf81f, 0xf81f, 0xf81f, 0xf81f, 0xf81f, 0xf81f, 0xf81f, 0xf81f, 0x6120, 0xf4a9,
0xd280, 0xaa00, 0x89a0, 0x89a0, 0x0000, 0xf81f, 0xf81f, 0xf81f, 0xf81f, 0xf81f,
0xf81f, 0xf81f, 0xf81f, 0xf81f, 0xf81f, 0xf81f, 0xf81f, 0xf81f, 0xf81f, 0xf81f,
0xf81f, 0xf81f, 0x40c0, 0xd280, 0xf4a9, 0xaa00, 0x18c3, 0x1082, 0x0000, 0xf81f,
0xf81f, 0xf81f, 0xf81f, 0xf81f, 0xf81f, 0xf81f, 0xf81f, 0xf81f, 0xf81f, 0xf81f,
0xf81f, 0xf81f, 0xf81f, 0xf81f, 0xf81f, 0xf81f, 0x40c0, 0xd280, 0x2104, 0x18c3,
0x18c3, 0x1082, 0x0000, 0xf81f, 0xf81f, 0xf81f, 0xf81f, 0xf81f, 0xf81f, 0xf81f,
0xf81f, 0xf81f, 
0xf81f, 0xf81f, 0xf81f, 0xf81f, 0xf81f, 0xf81f, 0xf81f, 0x8a8a, 0x8a8a, 0x2104,
0x18c3, 0x18c3, 0x1082, 0x1082, 0x0000, 0xf81f, 0xf81f, 0xf81f, 0xf81f, 0xf81f,
0xf81f, 0xf81f, 0xf81f, 0xf81f, 0xf81f, 0xf81f, 0xf81f, 0xf81f, 0xf81f, 0xf81f,
0xf81f, 0xf81f, 0x6a08, 0x2104, 0x18c3, 0x1082, 0x1082, 0x0000, 0xaa00, 0x6120,
0xf81f, 0xf81f, 0xf81f, 0xf81f, 0xf81f, 0xf81f, 0xf81f, 0xf81f, 0xf81f, 0xf81f,
0xf81f, 0xf81f, 0xf81f, 0xf81f, 0xf81f, 0xf81f, 0xf81f, 0x2104, 0x18c3, 0xaa00,
0x6120, 0x40c0, 0x0000, 0x2060, 0x40c0, 0xf81f, 0xf81f, 0xf81f, 0xf81f, 0xf81f,
0xf81f, 0xf81f, 0xf81f, 0xf81f, 0xf81f, 0xf81f, 0xf81f, 0xf81f, 0xf81f, 0xf81f,
0xf81f, 0x89a0, 0x40c0, 0x0000, 0x40c0, 0x40c0, 0x0000, 0x40c0, 0xf81f, 0xf81f,
0xf81f, 0xf81f, 0xf81f, 0xf81f, 0xf81f, 0xf81f, 0xf81f, 0xf81f, 0xf81f, 0xf81f,
0xf81f, 0xf81f, 0xf81f, 0xf81f, 0xf81f, 0x40c0, 0x0000, 0x40c0, 0x40c0, 0x0000,
0x40c0, 0xf81f, 0xf81f, 0xf81f, 0xf81f, 0xf81f, 0xf81f, 0xf81f, 0xf81f, 0xf81f,
0xf81f, 0xf81f, 0xf81f, 0xf81f, 0xf81f, 0xf81f, 0xf81f, 0xf81f, 0x40c0, 0x0000,
0x40c0, 0x40c0, 0x0000, 0x40c0, 0x6120, 0xf81f, 0xf81f, 0xf81f, 0xf81f, 0xf81f,
0xf81f, 0xf81f, 0xf81f, 0xf81f, 0xf81f, 0xf81f, 0xf81f, 0xf81f, 0xf81f, 0xf81f,
0xf81f, 0xd280, 0x6120, 0x0000, 0x40c0, 0x6120, 0x89a0, 0x1082, 0x0000, 0xf81f,
0xf81f, 0xf81f, 0xf81f, 0xf81f, 0xf81f, 0xf81f, 0xf81f, 0xf81f, 0xf81f, 0xf81f,
0xf81f, 0xf81f, 0xf81f, 0xf81f, 0xf81f, 0xf81f, 0xaa00, 0xf4a9, 0x2104, 0x18c3,
0x18c3, 0x1082, 0x0000, 0xf81f, 0xf81f, 0xf81f, 0xf81f, 0xf81f, 0xf81f, 0xf81f,
0xf81f, 0xf81f, 
0xf81f, 0xf81f, 0xf81f, 0xf81f, 0xf81f, 0xf81f, 0xf81f, 0x8a8a, 0x8a8a, 0x2104,
0x18c3, 0x18c3, 0x1082, 0x1082, 0x0000, 0xf81f, 0xf81f, 0xf81f, 0xf81f, 0xf81f,
0xf81f, 0xf81f, 0xf81f, 0xf81f, 0xf81f, 0xf81f, 0xf81f, 0xf81f, 0xf81f, 0xf81f,
0xf81f, 0x8aaa, 0x8aaa, 0x2104, 0x18c3, 0x1082, 0x1082, 0x0000, 0xaa00, 0x6120,
0xf81f, 0xf81f, 0xf81f, 0xf81f, 0xf81f, 0xf81f, 0xf81f, 0xf81f, 0xf81f, 0xf81f,
0xf81f, 0xf81f, 0xf81f, 0xf81f, 0xf81f, 0xf81f, 0xf81f, 0x2104, 0xf4a9, 0xaa00,
0x89a0, 0x6120, 0x6120, 0x89a0, 0x6120, 0xf81f, 0xf81f, 0xf81f, 0xf81f, 0xf81f,
0xf81f, 0xf81f, 0xf81f, 0xf81f, 0xf81f, 0xf81f, 0xf81f, 0xf81f, 0xf81f, 0xf81f,
0xf81f, 0x89a0, 0x6120, 0x6120, 0xf4a9, 0x89a0, 0x6120, 0x6120, 0xf81f, 0xf81f,
0xf81f, 0xf81f, 0xf81f, 0xf81f, 0xf81f, 0xf81f, 0xf81f, 0xf81f, 0xf81f, 0xf81f,
0xf81f, 0xf81f, 0xf81f, 0xf81f, 0xf81f, 0x6120, 0x6120, 0xf4a9, 0x89a0, 0x6120,
0x6120, 0x4965, 0x28c3, 0xf81f, 0xf81f, 0xf81f, 0xf81f, 0xf81f, 0xf81f, 0xf81f,
0xf81f, 0xf81f, 0xf81f, 0xf81f, 0xf81f, 0xf81f, 0xf81f, 0xf81f, 0x6120, 0x6120,
0xf4a9, 0x89a0, 0x6120, 0x6120, 0x6120, 0xf81f, 0xf81f, 0xf81f, 0xf81f, 0xf81f,
0xf81f, 0xf81f, 0xf81f, 0xf81f, 0xf81f, 0xf81f, 0xf81f, 0xf81f, 0xf81f, 0xf81f,
0xf81f, 0x6120, 0x89a0, 0x6120, 0x6120, 0x89a0, 0x89a0, 0xd280, 0x0000, 0xf81f,
0xf81f, 0xf81f, 0xf81f, 0xf81f, 0xf81f, 0xf81f, 0xf81f, 0xf81f, 0xf81f, 0xf81f,
0xf81f, 0xf81f, 0xf81f, 0xf81f, 0xf81f, 0xf81f, 0xaa00, 0xf4a9, 0x2104, 0x18c3,
0x18c3, 0x1082, 0x0000, 0xf81f, 0xf81f, 0xf81f, 0xf81f, 0xf81f, 0xf81f, 0xf81f,
0xf81f, 0xf81f, 
0xf81f, 0xf81f, 0xf81f, 0xf81f, 0xf81f, 0xf81f, 0x8aaa, 0x6a08, 0x8a8a, 0x40c0,
0xaa00, 0x6120, 0x6120, 0x6120, 0x40c0, 0xf81f, 0xf81f, 0xf81f, 0xf81f, 0xf81f,
0xf81f, 0xf81f, 0xf81f, 0xf81f, 0xf81f, 0xf81f, 0xf81f, 0xf81f, 0xf81f, 0xf81f,
0x8a8a, 0x6a08, 0x6a08, 0x6120, 0xaa00, 0x6120, 0x6120, 0x89a0, 0x6120, 0x6120,
0xf81f, 0xf81f, 0xf81f, 0xf81f, 0xf81f, 0xf81f, 0xf81f, 0xf81f, 0xf81f, 0xf81f,
0xf81f, 0xf81f, 0xf81f, 0xf81f, 0xf81f, 0xf81f, 0xf81f, 0x89a0, 0xd280, 0x89a0,
0xd280, 0x89a0, 0x89a0, 0x40c0, 0xf81f, 0xf81f, 0xf81f, 0xf81f, 0xf81f, 0xf81f,
0xf81f, 0xf81f, 0xf81f, 0xf81f, 0xf81f, 0xf81f, 0xf81f, 0xf81f, 0xf81f, 0xf81f,
0xf81f, 0x89a0, 0xaa00, 0xaa00, 0x89a0, 0x6120, 0x6120, 0x6120, 0xf81f, 0xf81f,
0xf81f, 0xf81f, 0xf81f, 0xf81f, 0xf81f, 0xf81f, 0xf81f, 0xf81f, 0xf81f, 0xf81f,
0xf81f, 0xf81f, 0xf81f, 0xf81f, 0xf81f, 0x89a0, 0xaa00, 0x89a0, 0x6120, 0x6120,
0x89a0, 0x4965, 0x4965, 0xf81f, 0xf81f, 0xf81f, 0xf81f, 0xf81f, 0xf81f, 0xf81f,
0xf81f, 0xf81f, 0xf81f, 0xf81f, 0xf81f, 0xf81f, 0xf81f, 0xf81f, 0x89a0, 0xaa00,
0x89a0, 0x6120, 0x6120, 0x89a0, 0x6120, 0x28c3, 0xf81f, 0xf81f, 0xf81f, 0xf81f,
0xf81f, 0xf81f, 0xf81f, 0xf81f, 0xf81f, 0xf81f, 0xf81f, 0xf81f, 0xf81f, 0xf81f,
0xf81f, 0xf81f, 0x6120, 0x89a0, 0xd280, 0xaa00, 0x89a0, 0xaa00, 0x40c0, 0xf81f,
0xf81f, 0xf81f, 0xf81f, 0xf81f, 0xf81f, 0xf81f, 0xf81f, 0xf81f, 0xf81f, 0xf81f,
0xf81f, 0xf81f, 0xf81f, 0xf81f, 0xf81f, 0xf81f, 0xaa00, 0xaa00, 0x89a0, 0x6120,
0x40c0, 0x40c0, 0x40c0, 0xf81f, 0xf81f, 0xf81f, 0xf81f, 0xf81f, 0xf81f, 0xf81f,
0xf81f, 0xf81f, 
0xf81f, 0xf81f, 0xf81f, 0xf81f, 0xf81f, 0xf81f, 0x8a8a, 0x28c3, 0x8a8a, 0x8a8a,
0xaa00, 0xaa00, 0x6120, 0x6120, 0x4965, 0x0000, 0xf81f, 0xf81f, 0xf81f, 0xf81f,
0xf81f, 0xf81f, 0xf81f, 0xf81f, 0xf81f, 0xf81f, 0xf81f, 0xf81f, 0xf81f, 0xf81f,
0x8a8a, 0x6a08, 0x28c3, 0x8a8a, 0x0000, 0xaa00, 0x6120, 0x6120, 0x6120, 0x40c0,
0xf81f, 0xf81f, 0xf81f, 0xf81f, 0xf81f, 0xf81f, 0xf81f, 0xf81f, 0xf81f, 0xf81f,
0xf81f, 0xf81f, 0xf81f, 0xf81f, 0xf81f, 0xf81f, 0xf81f, 0x6120, 0x89a0, 0xaa00,
0xaa00, 0xd280, 0xaa00, 0x30a0, 0xf81f, 0xf81f, 0xf81f, 0xf81f, 0xf81f, 0xf81f,
0xf81f, 0xf81f, 0xf81f, 0xf81f, 0xf81f, 0xf81f, 0xf81f, 0xf81f, 0xf81f, 0xf81f,
0xf81f, 0xaa00, 0xf4a9, 0xd280, 0x40c0, 0x40c0, 0x89a0, 0x6120, 0xf81f, 0xf81f,
0xf81f, 0xf81f, 0xf81f, 0xf81f, 0xf81f, 0xf81f, 0xf81f, 0xf81f, 0xf81f, 0xf81f,
0xf81f, 0xf81f, 0xf81f, 0xf81f, 0xf81f, 0xaa00, 0xf4a9, 0x40c0, 0x40c0, 0x6120,
0x89a0, 0x28c3, 0x28c3, 0xf81f, 0xf81f, 0xf81f, 0xf81f, 0xf81f, 0xf81f, 0xf81f,
0xf81f, 0xf81f, 0xf81f, 0xf81f, 0xf81f, 0xf81f, 0xf81f, 0xf81f, 0xaa00, 0xf4a9,
0x40c0, 0x40c0, 0x6120, 0x89a0, 0x6120, 0x4965, 0xf81f, 0xf81f, 0xf81f, 0xf81f,
0xf81f, 0xf81f, 0xf81f, 0xf81f, 0xf81f, 0xf81f, 0xf81f, 0xf81f, 0xf81f, 0xf81f,
0xf81f, 0xf81f, 0x40c0, 0xaa00, 0x89a0, 0x89a0, 0x89a0, 0x6120, 0x40c0, 0xf81f,
0xf81f, 0xf81f, 0xf81f, 0xf81f, 0xf81f, 0xf81f, 0xf81f, 0xf81f, 0xf81f, 0xf81f,
0xf81f, 0xf81f, 0xf81f, 0xf81f, 0xf81f, 0x8a8a, 0x6120, 0xd280, 0xd280, 0x6120,
0x6120, 0x40c0, 0x0000, 0xf81f, 0xf81f, 0xf81f, 0xf81f, 0xf81f, 0xf81f, 0xf81f,
0xf81f, 0xf81f, 
0xf81f, 0xf81f, 0xf81f, 0xf81f, 0xf81f, 0x4965, 0x6a08, 0x6a08, 0x8a8a, 0x8a8a,
0x0000, 0x0000, 0x0000, 0x0000, 0x0000, 0x4965, 0x0000, 0xf81f, 0xf81f, 0xf81f,
0xf81f, 0xf81f, 0xf81f, 0xf81f, 0xf81f, 0xf81f, 0xf81f, 0xf81f, 0xf81f, 0x6a08,
0x7980, 0x4965, 0x8a8a, 0x8a8a, 0x0000, 0x0000, 0x0000, 0x6a08, 0x4965, 0x28c3,
0xf81f, 0xf81f, 0xf81f, 0xf81f, 0xf81f, 0xf81f, 0xf81f, 0xf81f, 0xf81f, 0xf81f,
0xf81f, 0xf81f, 0xf81f, 0xf81f, 0xf81f, 0xf81f, 0xf81f, 0x8a8a, 0x40c0, 0x6120,
0xaa00, 0x89a0, 0xaa00, 0x6120, 0xf81f, 0xf81f, 0xf81f, 0xf81f, 0xf81f, 0xf81f,
0xf81f, 0xf81f, 0xf81f, 0xf81f, 0xf81f, 0xf81f, 0xf81f, 0xf81f, 0xf81f, 0xf81f,
0x8a8a, 0x8a8a, 0xaa00, 0xf4a9, 0xf4a9, 0xd280, 0x89a0, 0x40c0, 0xf81f, 0xf81f,
0xf81f, 0xf81f, 0xf81f, 0xf81f, 0xf81f, 0xf81f, 0xf81f, 0xf81f, 0xf81f, 0xf81f,
0xf81f, 0xf81f, 0xf81f, 0xf81f, 0x8a8a, 0x40c0, 0xaa00, 0xf4a9, 0xf4a9, 0x89a0,
0x40c0, 0x4965, 0xaa00, 0x7980, 0xf81f, 0xf81f, 0xf81f, 0xf81f, 0xf81f, 0xf81f,
0xf81f, 0xf81f, 0xf81f, 0xf81f, 0xf81f, 0xf81f, 0xf81f, 0xf81f, 0x40c0, 0xaa00,
0xf4a9, 0xf4a9, 0x89a0, 0x6120, 0x4965, 0x28c3, 0xf81f, 0xf81f, 0xf81f, 0xf81f,
0xf81f, 0xf81f, 0xf81f, 0xf81f, 0xf81f, 0xf81f, 0xf81f, 0xf81f, 0xf81f, 0xf81f,
0xf81f, 0xf81f, 0xd280, 0xf4a9, 0xaa00, 0x6120, 0x40c0, 0x40c0, 0x0000, 0xf81f,
0xf81f, 0xf81f, 0xf81f, 0xf81f, 0xf81f, 0xf81f, 0xf81f, 0xf81f, 0xf81f, 0xf81f,
0xf81f, 0xf81f, 0xf81f, 0xf81f, 0xf81f, 0xf81f, 0x8a8a, 0x8a8a, 0x0000, 0x0000,
0x0000, 0x0000, 0x4965, 0x28c3, 0xf81f, 0xf81f, 0xf81f, 0xf81f, 0xf81f, 0xf81f,
0xf81f, 0xf81f, 
0xf81f, 0xf81f, 0xf81f, 0xf81f, 0xf81f, 0x7980, 0x7980, 0x0000, 0x0000, 0x8a8a,
0x8a8a, 0x0000, 0x0000, 0x6a08, 0x4965, 0x0000, 0x0000, 0x0000, 0x2945, 0x1082,
0xf81f, 0xf81f, 0xf81f, 0xf81f, 0xf81f, 0xf81f, 0xf81f, 0xf81f, 0xf81f, 0x2880,
0x2880, 0x2880, 0x8a8a, 0x8a8a, 0x0000, 0x0000, 0x0000, 0x0000, 0x0000, 0x4965,
0x0000, 0xf81f, 0xf81f, 0xf81f, 0xf81f, 0xf81f, 0xf81f, 0xf81f, 0xf81f, 0xf81f,
0xf81f, 0xf81f, 0xf81f, 0xf81f, 0xf81f, 0xf81f, 0x8a8a, 0x8a8a, 0x0000, 0x0000,
0x0000, 0x6a08, 0x4965, 0x4965, 0xf81f, 0xf81f, 0xf81f, 0xf81f, 0xf81f, 0xf81f,
0xf81f, 0xf81f, 0xf81f, 0xf81f, 0xf81f, 0xf81f, 0xf81f, 0xf81f, 0xf81f, 0xf81f,
0x0000, 0x0000, 0x0000, 0x0000, 0x0000, 0x0000, 0x0000, 0x0000, 0x28c3, 0xf81f,
0xf81f, 0xf81f, 0xf81f, 0xf81f, 0xf81f, 0xf81f, 0xf81f, 0xf81f, 0xf81f, 0xf81f,
0xf81f, 0xf81f, 0xf81f, 0x0000, 0x0000, 0x8a8a, 0x8a8a, 0x0000, 0x0000, 0x6a08,
0x4965, 0x0000, 0x0000, 0x0000, 0xf81f, 0xf81f, 0xf81f, 0xf81f, 0xf81f, 0xf81f,
0xf81f, 0xf81f, 0xf81f, 0xf81f, 0xf81f, 0xf81f, 0xf81f, 0xf81f, 0x8a8a, 0x8a8a,
0x0000, 0x0000, 0x0000, 0x0000, 0x0000, 0x4965, 0xf81f, 0xf81f, 0xf81f, 0xf81f,
0xf81f, 0xf81f, 0xf81f, 0xf81f, 0xf81f, 0xf81f, 0xf81f, 0xf81f, 0xf81f, 0xf81f,
0xf81f, 0xf81f, 0x8a8a, 0x8a8a, 0x0000, 0x0000, 0x0000, 0x6a08, 0x4965, 0x28c3,
0xf81f, 0xf81f, 0xf81f, 0xf81f, 0xf81f, 0xf81f, 0xf81f, 0xf81f, 0xf81f, 0xf81f,
0xf81f, 0xf81f, 0xf81f, 0xf81f, 0xf81f, 0x7980, 0x0000, 0x0000, 0x0000, 0x0000,
0x0000, 0x0000, 0x0000, 0x0000, 0x0000, 0xf81f, 0xf81f, 0xf81f, 0xf81f, 0xf81f,
0xf81f, 0xf81f, 
0xf81f, 0xf81f, 0xf81f, 0xf81f, 0xf81f, 0x0000, 0x0000, 0x728a, 0x8a8a, 0x8a8a,
0x8a8a, 0x92aa, 0x8a8a, 0x6a08, 0x4965, 0x0000, 0x0000, 0x0000, 0x3186, 0x18e3,
0xf81f, 0xf81f, 0xf81f, 0xf81f, 0xf81f, 0xf81f, 0xf81f, 0xf81f, 0xf81f, 0xf81f,
0xf81f, 0x0000, 0x0000, 0x8a8a, 0x8a8a, 0x0000, 0x0000, 0x6a08, 0x4965, 0x0000,
0x0000, 0x0000, 0xf81f, 0xf81f, 0xf81f, 0xf81f, 0xf81f, 0xf81f, 0xf81f, 0xf81f,
0xf81f, 0xf81f, 0xf81f, 0xf81f, 0xf81f, 0xf81f, 0x8a8a, 0x0000, 0x0000, 0x0000,
0x0000, 0x0000, 0x0000, 0x4965, 0x28c3, 0xf81f, 0xf81f, 0xf81f, 0xf81f, 0xf81f,
0xf81f, 0xf81f, 0xf81f, 0xf81f, 0xf81f, 0xf81f, 0xf81f, 0xf81f, 0xf81f, 0x0000,
0x8a8a, 0x8a8a, 0x8a8a, 0x0000, 0x0000, 0x6a08, 0x4965, 0x0000, 0x0000, 0x0000,
0xf81f, 0xf81f, 0xf81f, 0xf81f, 0xf81f, 0xf81f, 0xf81f, 0xf81f, 0xf81f, 0xf81f,
0xf81f, 0xf81f, 0xf81f, 0x728a, 0x8a8a, 0x8a8a, 0x8a8a, 0x92aa, 0x8a8a, 0x6a08,
0x4965, 0x0000, 0x0000, 0x0000, 0xf81f, 0xf81f, 0xf81f, 0xf81f, 0xf81f, 0xf81f,
0xf81f, 0xf81f, 0xf81f, 0xf81f, 0xf81f, 0xf81f, 0x3186, 0x0000, 0x0000, 0x8a8a,
0x8a8a, 0x0000, 0x0000, 0x6a08, 0x4965, 0x0000, 0x0000, 0x0000, 0xf81f, 0xf81f,
0xf81f, 0xf81f, 0xf81f, 0xf81f, 0xf81f, 0xf81f, 0xf81f, 0xf81f, 0xf81f, 0xf81f,
0xf81f, 0xf81f, 0x8a8a, 0x0000, 0x0000, 0x0000, 0x0000, 0x0000, 0x0000, 0x4965,
0x0000, 0xf81f, 0xf81f, 0xf81f, 0xf81f, 0xf81f, 0xf81f, 0xf81f, 0xf81f, 0xf81f,
0xf81f, 0xf81f, 0xf81f, 0xf81f, 0xf81f, 0x0000, 0x8a8a, 0x8a8a, 0x8a8a, 0x0000,
0x0000, 0x6a08, 0x4965, 0x0000, 0x0000, 0x0000, 0xf81f, 0xf81f, 0xf81f, 0xf81f,
0xf81f, 0xf81f, 
0xf81f, 0xf81f, 0xf81f, 0xf81f, 0xf81f, 0xf81f, 0xf81f, 0x728a, 0x8a8a, 0x8a8a,
0x8a8a, 0x8a8a, 0x8a8a, 0x8aaa, 0x4965, 0x0000, 0x28c3, 0x0000, 0x2945, 0x0000,
0xf81f, 0xf81f, 0xf81f, 0xf81f, 0xf81f, 0xf81f, 0xf81f, 0xf81f, 0xf81f, 0xf81f,
0xf81f, 0x728a, 0x8a8a, 0x8a8a, 0x8a8a, 0x92aa, 0x8a8a, 0x8a8a, 0x4965, 0x0000,
0x0000, 0x0000, 0xf81f, 0xf81f, 0xf81f, 0xf81f, 0xf81f, 0xf81f, 0xf81f, 0xf81f,
0xf81f, 0xf81f, 0xf81f, 0xf81f, 0xf81f, 0x0000, 0x0000, 0x8a8a, 0x8a8a, 0x0000,
0x0000, 0x6a08, 0x4965, 0x0000, 0x0000, 0x0000, 0xf81f, 0xf81f, 0xf81f, 0xf81f,
0xf81f, 0xf81f, 0xf81f, 0xf81f, 0xf81f, 0xf81f, 0xf81f, 0xf81f, 0xf81f, 0x728a,
0x8a8a, 0x8a8a, 0x8a8a, 0x92aa, 0x8aaa, 0x8a8a, 0x4965, 0x0000, 0x0000, 0x0000,
0xf81f, 0xf81f, 0xf81f, 0xf81f, 0xf81f, 0xf81f, 0xf81f, 0xf81f, 0xf81f, 0xf81f,
0xf81f, 0xf81f, 0x3186, 0x728a, 0x8a8a, 0x8a8a, 0x8a8a, 0x8a8a, 0x8a8a, 0x8aaa,
0x4965, 0x0000, 0x28c3, 0x0000, 0xf81f, 0xf81f, 0xf81f, 0xf81f, 0xf81f, 0xf81f,
0xf81f, 0xf81f, 0xf81f, 0xf81f, 0xf81f, 0x3186, 0x3186, 0x728a, 0x8a8a, 0x8a8a,
0x8a8a, 0x92aa, 0x8a8a, 0x8a8a, 0x4965, 0x0000, 0x0000, 0x0000, 0xf81f, 0xf81f,
0xf81f, 0xf81f, 0xf81f, 0xf81f, 0xf81f, 0xf81f, 0xf81f, 0xf81f, 0xf81f, 0xf81f,
0xf81f, 0x0000, 0x0000, 0x8a8a, 0x8a8a, 0x0000, 0x0000, 0x6a08, 0x4965, 0x0000,
0x0000, 0x0000, 0xf81f, 0xf81f, 0xf81f, 0xf81f, 0xf81f, 0xf81f, 0xf81f, 0xf81f,
0xf81f, 0xf81f, 0xf81f, 0xf81f, 0xf81f, 0x728a, 0x8a8a, 0x8a8a, 0x8a8a, 0x92aa,
0x8aaa, 0x8a8a, 0x4965, 0x0000, 0x0000, 0x0000, 0xf81f, 0xf81f, 0xf81f, 0xf81f,
0xf81f, 0xf81f, 
0xf81f, 0xf81f, 0xf81f, 0xf81f, 0xf81f, 0xf81f, 0xf81f, 0x728a, 0x6a08, 0x6a08,
0x6a08, 0x4965, 0x6a08, 0x8a8a, 0x4965, 0x6a08, 0xaa00, 0x7980, 0x0000, 0xf81f,
0xf81f, 0xf81f, 0xf81f, 0xf81f, 0xf81f, 0xf81f, 0xf81f, 0xf81f, 0xf81f, 0xf81f,
0xf81f, 0x728a, 0x8a8a, 0x8a8a, 0x8a8a, 0x8a8a, 0x8a8a, 0x8aaa, 0x4965, 0x0000,
0xaa00, 0x0000, 0x2945, 0xf81f, 0xf81f, 0xf81f, 0xf81f, 0xf81f, 0xf81f, 0xf81f,
0xf81f, 0xf81f, 0xf81f, 0xf81f, 0xf81f, 0x728a, 0x8a8a, 0x8a8a, 0x8a8a, 0x92aa,
0x8a8a, 0x8a8a, 0x4965, 0x0000, 0x0000, 0x0000, 0xf81f, 0xf81f, 0xf81f, 0xf81f,
0xf81f, 0xf81f, 0xf81f, 0xf81f, 0xf81f, 0xf81f, 0xf81f, 0xf81f, 0xf81f, 0x728a,
0x8a8a, 0x8a8a, 0x8a8a, 0x8a8a, 0x8a8a, 0x8aaa, 0x4965, 0x0000, 0xaa00, 0x2880,
0xf81f, 0xf81f, 0xf81f, 0xf81f, 0xf81f, 0xf81f, 0xf81f, 0xf81f, 0xf81f, 0xf81f,
0xf81f, 0x3186, 0x3186, 0x728a, 0x6a08, 0x6a08, 0x6a08, 0x4965, 0x6a08, 0x8a8a,
0x4965, 0x6a08, 0xaa00, 0x7980, 0x0000, 0xf81f, 0xf81f, 0xf81f, 0xf81f, 0xf81f,
0xf81f, 0xf81f, 0xf81f, 0xf81f, 0x3186, 0x3186, 0x2945, 0x728a, 0x8a8a, 0x8a8a,
0x8a8a, 0x8a8a, 0x8a8a, 0x8aaa, 0x4965, 0x0000, 0xaa00, 0x0000, 0xf81f, 0xf81f,
0xf81f, 0xf81f, 0xf81f, 0xf81f, 0xf81f, 0xf81f, 0xf81f, 0xf81f, 0xf81f, 0xf81f,
0xf81f, 0x728a, 0x8a8a, 0x8a8a, 0x8a8a, 0x92aa, 0x8a8a, 0x8a8a, 0x4965, 0x0000,
0x0000, 0x0000, 0xf81f, 0xf81f, 0xf81f, 0xf81f, 0xf81f, 0xf81f, 0xf81f, 0xf81f,
0xf81f, 0xf81f, 0xf81f, 0xf81f, 0xf81f, 0x728a, 0x8a8a, 0x8a8a, 0x8a8a, 0x8a8a,
0x8a8a, 0x8aaa, 0x4965, 0x0000, 0xaa00, 0x2880, 0xf81f, 0xf81f, 0xf81f, 0xf81f,
0xf81f, 0xf81f, 
0xf81f, 0xf81f, 0xf81f, 0xf81f, 0xf81f, 0xf81f, 0xf81f, 0x0000, 0x6a08, 0x6a08,
0x4965, 0x28c3, 0x4965, 0x8a8a, 0x8aaa, 0x4965, 0x7980, 0x7980, 0x2880, 0xf81f,
0xf81f, 0xf81f, 0xf81f, 0xf81f, 0xf81f, 0xf81f, 0xf81f, 0xf81f, 0xf81f, 0xf81f,
0xf81f, 0x728a, 0x6a08, 0x6a08, 0x4965, 0x4965, 0x6a08, 0x8a8a, 0x4965, 0x6a08,
0xaa00, 0x7980, 0x0000, 0xf81f, 0xf81f, 0xf81f, 0xf81f, 0xf81f, 0xf81f, 0xf81f,
0xf81f, 0xf81f, 0xf81f, 0xf81f, 0xf81f, 0x728a, 0x8a8a, 0x8a8a, 0x8a8a, 0x8a8a,
0x8a8a, 0x8aaa, 0x4965, 0x6a08, 0xaa00, 0x0000, 0xf81f, 0xf81f, 0xf81f, 0xf81f,
0xf81f, 0xf81f, 0xf81f, 0xf81f, 0xf81f, 0xf81f, 0xf81f, 0xf81f, 0x3186, 0x728a,
0x6a08, 0x6a08, 0x4965, 0x28c3, 0x6a08, 0x6a08, 0x4965, 0x4965, 0xb220, 0x7980,
0x2880, 0xf81f, 0xf81f, 0xf81f, 0xf81f, 0xf81f, 0xf81f, 0xf81f, 0xf81f, 0xf81f,
0x3186, 0x3186, 0x2945, 0x0000, 0x6a08, 0x6a08, 0x4965, 0x28c3, 0x4965, 0x8a8a,
0x8aaa, 0x4965, 0x7980, 0x7980, 0x2880, 0xf81f, 0xf81f, 0xf81f, 0xf81f, 0xf81f,
0xf81f, 0xf81f, 0xf81f, 0xf81f, 0x3186, 0x3186, 0x18e3, 0x728a, 0x6a08, 0x6a08,
0x4965, 0x4965, 0x6a08, 0x8a8a, 0x4965, 0x6a08, 0xaa00, 0x7980, 0x0000, 0xf81f,
0xf81f, 0xf81f, 0xf81f, 0xf81f, 0xf81f, 0xf81f, 0xf81f, 0xf81f, 0xf81f, 0xf81f,
0xf81f, 0x728a, 0x8a8a, 0x8a8a, 0x8a8a, 0x8a8a, 0x8a8a, 0x8aaa, 0x4965, 0x6a08,
0xaa00, 0x0000, 0xf81f, 0xf81f, 0xf81f, 0xf81f, 0xf81f, 0xf81f, 0xf81f, 0xf81f,
0xf81f, 0xf81f, 0xf81f, 0xf81f, 0xf81f, 0x728a, 0x6a08, 0x6a08, 0x4965, 0x28c3,
0x6a08, 0x6a08, 0x4965, 0x4965, 0xb220, 0x7980, 0x2880, 0xf81f, 0xf81f, 0xf81f,
0xf81f, 0xf81f, 
0xf81f, 0xf81f, 0xf81f, 0xf81f, 0xf81f, 0xf81f, 0xf81f, 0x3186, 0x0000, 0x0000,
0x4965, 0x4965, 0x4965, 0x0000, 0x28c3, 0x0000, 0x7980, 0x7980, 0x2880, 0xf81f,
0xf81f, 0xf81f, 0xf81f, 0xf81f, 0xf81f, 0xf81f, 0xf81f, 0xf81f, 0xf81f, 0xf81f,
0x3186, 0x0000, 0x6a08, 0x6a08, 0x4965, 0x28c3, 0x4965, 0x8a8a, 0x8a8a, 0x4965,
0x7980, 0x7980, 0x2880, 0xf81f, 0xf81f, 0xf81f, 0xf81f, 0xf81f, 0xf81f, 0xf81f,
0xf81f, 0xf81f, 0xf81f, 0xf81f, 0xf81f, 0x728a, 0x6a08, 0x6a08, 0x4965, 0x4965,
0x6a08, 0x8a8a, 0x4965, 0x6a08, 0xaa00, 0x7980, 0x0000, 0xf81f, 0xf81f, 0xf81f,
0xf81f, 0xf81f, 0xf81f, 0xf81f, 0xf81f, 0xf81f, 0xf81f, 0x3186, 0x3186, 0x0000,
0x6a08, 0x6a08, 0x4965, 0x28c3, 0x28c3, 0x8a8a, 0x6a08, 0x4965, 0x7980, 0x7980,
0x2880, 0xf81f, 0xf81f, 0xf81f, 0xf81f, 0xf81f, 0xf81f, 0xf81f, 0xf81f, 0xf81f,
0x3186, 0x3186, 0x2945, 0x18e3, 0x0000, 0x0000, 0x4965, 0x4965, 0x4965, 0x0000,
0x28c3, 0x0000, 0x7980, 0x7980, 0x2880, 0x18e3, 0xf81f, 0xf81f, 0xf81f, 0xf81f,
0xf81f, 0xf81f, 0xf81f, 0x3186, 0x3186, 0x18e3, 0x1082, 0x0000, 0x6a08, 0x6a08,
0x4965, 0x28c3, 0x4965, 0x8a8a, 0x8a8a, 0x4965, 0x7980, 0x7980, 0x2880, 0xf81f,
0xf81f, 0xf81f, 0xf81f, 0xf81f, 0xf81f, 0xf81f, 0xf81f, 0xf81f, 0xf81f, 0xf81f,
0xf81f, 0x728a, 0x6a08, 0x6a08, 0x4965, 0x4965, 0x6a08, 0x8a8a, 0x4965, 0x6a08,
0xaa00, 0x7980, 0x0000, 0xf81f, 0xf81f, 0xf81f, 0xf81f, 0xf81f, 0xf81f, 0xf81f,
0xf81f, 0xf81f, 0xf81f, 0xf81f, 0xf81f, 0x0000, 0x6a08, 0x6a08, 0x4965, 0x28c3,
0x28c3, 0x8a8a, 0x6a08, 0x4965, 0x7980, 0x7980, 0x2880, 0x0000, 0xf81f, 0xf81f,
0xf81f, 0xf81f, 
0xf81f, 0xf81f, 0xf81f, 0xf81f, 0xf81f, 0xf81f, 0x3186, 0x31a6, 0x31a6, 0x28c3,
0x0000, 0x0000, 0x0000, 0x0000, 0x0000, 0x0000, 0x2880, 0x2880, 0xf81f, 0xf81f,
0xf81f, 0xf81f, 0xf81f, 0xf81f, 0xf81f, 0xf81f, 0xf81f, 0xf81f, 0xf81f, 0x3186,
0x31a6, 0x18e3, 0x0000, 0x0000, 0x4965, 0x4965, 0x4965, 0x0000, 0x28c3, 0x0000,
0x7980, 0x7980, 0x2880, 0xf81f, 0xf81f, 0xf81f, 0xf81f, 0xf81f, 0xf81f, 0xf81f,
0xf81f, 0xf81f, 0xf81f, 0xf81f, 0xf81f, 0x0000, 0x6a08, 0x6a08, 0x4965, 0x28c3,
0x4965, 0x8a8a, 0x6a08, 0x4965, 0x7980, 0x7980, 0x2880, 0xf81f, 0xf81f, 0xf81f,
0xf81f, 0xf81f, 0xf81f, 0xf81f, 0xf81f, 0xf81f, 0x3186, 0x3186, 0x18e3, 0x18e3,
0x0000, 0x0000, 0x0000, 0x0000, 0x0000, 0x0000, 0x28c3, 0x0000, 0x7980, 0x7980,
0x2880, 0xf81f, 0xf81f, 0xf81f, 0xf81f, 0xf81f, 0xf81f, 0xf81f, 0xf81f, 0xf81f,
0xf81f, 0x2945, 0x2945, 0x18e3, 0x0000, 0x28c3, 0x0000, 0x0000, 0x0000, 0x0000,
0x0000, 0x0000, 0x2880, 0x2880, 0x2945, 0x0000, 0xf81f, 0xf81f, 0xf81f, 0xf81f,
0xf81f, 0xf81f, 0xf81f, 0x3186, 0x2945, 0x1082, 0x0020, 0x1082, 0x0000, 0x0000,
0x4965, 0x4965, 0x4965, 0x0000, 0x28c3, 0x0000, 0x7980, 0x7980, 0x2880, 0xf81f,
0xf81f, 0xf81f, 0xf81f, 0xf81f, 0xf81f, 0xf81f, 0xf81f, 0xf81f, 0xf81f, 0xf81f,
0x3186, 0x0000, 0x6a08, 0x6a08, 0x4965, 0x28c3, 0x4965, 0x8a8a, 0x6a08, 0x4965,
0x7980, 0x7980, 0x2880, 0xf81f, 0xf81f, 0xf81f, 0xf81f, 0xf81f, 0xf81f, 0xf81f,
0xf81f, 0xf81f, 0xf81f, 0xf81f, 0xf81f, 0x3186, 0x0000, 0x0000, 0x0000, 0x0000,
0x0000, 0x0000, 0x28c3, 0x0000, 0x7980, 0x7980, 0x2880, 0xf81f, 0xf81f, 0xf81f,
0xf81f, 0xf81f, 
0xf81f, 0xf81f, 0xf81f, 0xf81f, 0xf81f, 0x3186, 0x3186, 0x3186, 0x2945, 0x2945,
0x18e3, 0x1082, 0x0020, 0xf81f, 0xf81f, 0xf81f, 0xf81f, 0xf81f, 0xf81f, 0xf81f,
0xf81f, 0xf81f, 0xf81f, 0xf81f, 0xf81f, 0xf81f, 0xf81f, 0xf81f, 0x3186, 0x3186,
0x18e3, 0x18e3, 0x0020, 0x28c3, 0x0000, 0x0000, 0x0000, 0x0000, 0x0000, 0x0000,
0x1082, 0x0000, 0xf81f, 0xf81f, 0xf81f, 0xf81f, 0xf81f, 0xf81f, 0xf81f, 0xf81f,
0xf81f, 0xf81f, 0xf81f, 0xf81f, 0xf81f, 0x3186, 0x0000, 0x0000, 0x4965, 0x4965,
0x4965, 0x0000, 0x28c3, 0x0000, 0x7980, 0x7980, 0x2880, 0xf81f, 0xf81f, 0xf81f,
0xf81f, 0xf81f, 0xf81f, 0xf81f, 0xf81f, 0xf81f, 0xf81f, 0x3186, 0x2945, 0x18e3,
0x1082, 0x3186, 0x28c3, 0x0000, 0x0000, 0x0000, 0x0000, 0xf81f, 0xf81f, 0xf81f,
0xf81f, 0xf81f, 0xf81f, 0xf81f, 0xf81f, 0xf81f, 0xf81f, 0xf81f, 0xf81f, 0xf81f,
0xf81f, 0xf81f, 0x18e3, 0x18e3, 0x1082, 0x2945, 0x3186, 0x2945, 0x1082, 0x1082,
0x2945, 0x3186, 0x3186, 0x2945, 0x18e3, 0xf81f, 0xf81f, 0xf81f, 0xf81f, 0xf81f,
0xf81f, 0xf81f, 0xf81f, 0x2945, 0x0020, 0x0000, 0xf81f, 0xf81f, 0xf81f, 0x28c3,
0x0000, 0x0000, 0x0000, 0x0000, 0x0000, 0x0000, 0x3186, 0x0000, 0xf81f, 0xf81f,
0xf81f, 0xf81f, 0xf81f, 0xf81f, 0xf81f, 0xf81f, 0xf81f, 0xf81f, 0xf81f, 0xf81f,
0x3186, 0x3186, 0x0000, 0x0000, 0x4965, 0x4965, 0x4965, 0x0000, 0x28c3, 0x0000,
0x7980, 0x7980, 0x2880, 0xf81f, 0xf81f, 0xf81f, 0xf81f, 0xf81f, 0xf81f, 0xf81f,
0xf81f, 0xf81f, 0xf81f, 0xf81f, 0x3186, 0x31a6, 0x31a6, 0x3186, 0x28c3, 0x0000,
0x0000, 0x0000, 0x0000, 0x1082, 0x0020, 0x0000, 0xf81f, 0xf81f, 0xf81f, 0xf81f,
0xf81f, 0xf81f, 
0xf81f, 0xf81f, 0xf81f, 0xf81f, 0x3186, 0x31a6, 0x2945, 0x18e3, 0x1082, 0x1082,
0x1082, 0x0000, 0x0000, 0xf81f, 0xf81f, 0xf81f, 0xf81f, 0xf81f, 0xf81f, 0xf81f,
0xf81f, 0xf81f, 0xf81f, 0xf81f, 0xf81f, 0xf81f, 0xf81f, 0x2945, 0x3186, 0x2945,
0x18e3, 0x1082, 0x1082, 0x2945, 0x18e3, 0x18e3, 0x1082, 0x1082, 0x18e3, 0x1082,
0xf81f, 0xf81f, 0xf81f, 0xf81f, 0xf81f, 0xf81f, 0xf81f, 0xf81f, 0xf81f, 0xf81f,
0xf81f, 0xf81f, 0xf81f, 0xf81f, 0xf81f, 0x2945, 0x3186, 0x28c3, 0x0000, 0x0000,
0x0000, 0x0000, 0x0000, 0x0000, 0xf81f, 0xf81f, 0xf81f, 0xf81f, 0xf81f, 0xf81f,
0xf81f, 0xf81f, 0xf81f, 0xf81f, 0xf81f, 0xf81f, 0xf81f, 0xf81f, 0x2945, 0x2945,
0x18e3, 0x18e3, 0x18e3, 0x0020, 0x1082, 0x1082, 0x0020, 0x18e3, 0x2945, 0x2945,
0x18e3, 0xf81f, 0xf81f, 0xf81f, 0xf81f, 0xf81f, 0xf81f, 0xf81f, 0xf81f, 0xf81f,
0xf81f, 0xf81f, 0xf81f, 0x18e3, 0x1082, 0x0020, 0x0000, 0x0020, 0x1082, 0x0020,
0x18e3, 0x3186, 0x2945, 0x18e3, 0x0000, 0xf81f, 0xf81f, 0xf81f, 0xf81f, 0xf81f,
0xf81f, 0xf81f, 0xf81f, 0x0000, 0xf81f, 0xf81f, 0xf81f, 0xf81f, 0xf81f, 0x2945,
0x3186, 0x2945, 0x1082, 0x0000, 0x18e3, 0x3186, 0x3186, 0x3186, 0x2945, 0xf81f,
0xf81f, 0xf81f, 0xf81f, 0xf81f, 0xf81f, 0xf81f, 0xf81f, 0xf81f, 0xf81f, 0xf81f,
0x18e3, 0x18e3, 0x2945, 0x28c3, 0x0000, 0x0000, 0x0000, 0x0000, 0x0000, 0x0000,
0xf81f, 0xf81f, 0xf81f, 0xf81f, 0xf81f, 0xf81f, 0xf81f, 0xf81f, 0xf81f, 0xf81f,
0xf81f, 0xf81f, 0xf81f, 0xf81f, 0x3186, 0x3186, 0x2945, 0x2945, 0x18e3, 0x18e3,
0x1082, 0xf81f, 0xf81f, 0xf81f, 0xf81f, 0xf81f, 0xf81f, 0xf81f, 0xf81f, 0xf81f,
0xf81f, 0xf81f, 
0xf81f, 0xf81f, 0xf81f, 0xf81f, 0x3186, 0x2945, 0x2945, 0x1082, 0x0000, 0x0000,
0xf81f, 0xf81f, 0xf81f, 0xf81f, 0xf81f, 0xf81f, 0xf81f, 0xf81f, 0xf81f, 0xf81f,
0xf81f, 0xf81f, 0xf81f, 0xf81f, 0xf81f, 0xf81f, 0xf81f, 0x3186, 0x3186, 0x18e3,
0x1082, 0x0000, 0x1082, 0x18e3, 0x1082, 0x0020, 0x0000, 0x0020, 0xf81f, 0xf81f,
0xf81f, 0xf81f, 0xf81f, 0xf81f, 0xf81f, 0xf81f, 0xf81f, 0xf81f, 0xf81f, 0xf81f,
0xf81f, 0xf81f, 0xf81f, 0xf81f, 0xf81f, 0x3186, 0x2945, 0x2945, 0x18e3, 0x18e3,
0x18e3, 0x1082, 0x0000, 0xf81f, 0xf81f, 0xf81f, 0xf81f, 0xf81f, 0xf81f, 0xf81f,
0xf81f, 0xf81f, 0xf81f, 0xf81f, 0xf81f, 0xf81f, 0xf81f, 0xf81f, 0xf81f, 0xf81f,
0x1082, 0x1082, 0x1082, 0x3186, 0x31a6, 0x31a6, 0x3186, 0x3186, 0x2945, 0x2945,
0x18e3, 0x0000, 0xf81f, 0xf81f, 0xf81f, 0xf81f, 0xf81f, 0xf81f, 0xf81f, 0xf81f,
0xf81f, 0xf81f, 0xf81f, 0xf81f, 0x0000, 0x0000, 0x0000, 0xf81f, 0x0000, 0x0000,
0x2945, 0x18e3, 0x1082, 0x0020, 0xf81f, 0xf81f, 0xf81f, 0xf81f, 0xf81f, 0xf81f,
0xf81f, 0xf81f, 0xf81f, 0xf81f, 0xf81f, 0xf81f, 0xf81f, 0xf81f, 0xf81f, 0xf81f,
0x1082, 0x18e3, 0x1082, 0x0020, 0x31a6, 0x3186, 0x31a6, 0x2945, 0x18e3, 0xf81f,
0xf81f, 0xf81f, 0xf81f, 0xf81f, 0xf81f, 0xf81f, 0xf81f, 0xf81f, 0xf81f, 0xf81f,
0xf81f, 0xf81f, 0x3186, 0x2945, 0x3186, 0x2945, 0x18e3, 0x0000, 0xf81f, 0xf81f,
0xf81f, 0xf81f, 0xf81f, 0xf81f, 0xf81f, 0xf81f, 0xf81f, 0xf81f, 0xf81f, 0xf81f,
0xf81f, 0xf81f, 0xf81f, 0x3186, 0x3186, 0x18e3, 0x18e3, 0x1082, 0x1082, 0x0000,
0x0000, 0xf81f, 0xf81f, 0xf81f, 0xf81f, 0xf81f, 0xf81f, 0xf81f, 0xf81f, 0xf81f,
0xf81f, 0xf81f, 
0xf81f, 0xf81f, 0xf81f, 0xf81f, 0xf81f, 0x2945, 0x18e3, 0x18e3, 0x0020, 0x0020,
0x0000, 0xf81f, 0xf81f, 0xf81f, 0xf81f, 0xf81f, 0xf81f, 0xf81f, 0xf81f, 0xf81f,
0xf81f, 0xf81f, 0xf81f, 0xf81f, 0xf81f, 0xf81f, 0xf81f, 0x3186, 0x1082, 0x1082,
0x0000, 0xf81f, 0x0000, 0x0000, 0x0000, 0xf81f, 0xf81f, 0xf81f, 0xf81f, 0xf81f,
0xf81f, 0xf81f, 0xf81f, 0xf81f, 0xf81f, 0xf81f, 0xf81f, 0xf81f, 0xf81f, 0xf81f,
0xf81f, 0xf81f, 0xf81f, 0xf81f, 0xf81f, 0x2945, 0x2945, 0x18e3, 0x1082, 0x18e3,
0x18e3, 0xf81f, 0xf81f, 0xf81f, 0xf81f, 0xf81f, 0xf81f, 0xf81f, 0xf81f, 0xf81f,
0xf81f, 0xf81f, 0xf81f, 0xf81f, 0xf81f, 0xf81f, 0xf81f, 0xf81f, 0xf81f, 0xf81f,
0xf81f, 0xf81f, 0xf81f, 0x2945, 0x2945, 0x2945, 0x2945, 0x2945, 0x18e3, 0x18e3,
0x1082, 0xf81f, 0xf81f, 0xf81f, 0xf81f, 0xf81f, 0xf81f, 0xf81f, 0xf81f, 0xf81f,
0xf81f, 0xf81f, 0xf81f, 0xf81f, 0xf81f, 0xf81f, 0xf81f, 0xf81f, 0xf81f, 0xf81f,
0x0020, 0x0861, 0x0000, 0xf81f, 0xf81f, 0xf81f, 0xf81f, 0xf81f, 0xf81f, 0xf81f,
0xf81f, 0xf81f, 0xf81f, 0xf81f, 0xf81f, 0xf81f, 0xf81f, 0xf81f, 0xf81f, 0xf81f,
0x18e3, 0x1082, 0x0020, 0x1082, 0x3186, 0x3186, 0x2945, 0x18e3, 0xf81f, 0xf81f,
0xf81f, 0xf81f, 0xf81f, 0xf81f, 0xf81f, 0xf81f, 0xf81f, 0xf81f, 0xf81f, 0xf81f,
0xf81f, 0x2945, 0x3186, 0x2945, 0x18e3, 0x1082, 0x0020, 0x0000, 0xf81f, 0xf81f,
0xf81f, 0xf81f, 0xf81f, 0xf81f, 0xf81f, 0xf81f, 0xf81f, 0xf81f, 0xf81f, 0xf81f,
0xf81f, 0xf81f, 0x3186, 0x3186, 0x2945, 0x2945, 0x0020, 0x0000, 0x18e3, 0x1082,
0xf81f, 0xf81f, 0xf81f, 0xf81f, 0xf81f, 0xf81f, 0xf81f, 0xf81f, 0xf81f, 0xf81f,
0xf81f, 0xf81f, 
0xf81f, 0xf81f, 0xf81f, 0xf81f, 0xf81f, 0x1082, 0x18e3, 0x1082, 0x1082, 0x0020,
0x0020, 0xf81f, 0xf81f, 0xf81f, 0xf81f, 0xf81f, 0xf81f, 0xf81f, 0xf81f, 0xf81f,
0xf81f, 0xf81f, 0xf81f, 0xf81f, 0xf81f, 0xf81f, 0xf81f, 0x0020, 0x0000, 0xf81f,
0xf81f, 0xf81f, 0xf81f, 0xf81f, 0xf81f, 0xf81f, 0xf81f, 0xf81f, 0xf81f, 0xf81f,
0xf81f, 0xf81f, 0xf81f, 0xf81f, 0xf81f, 0xf81f, 0xf81f, 0xf81f, 0xf81f, 0xf81f,
0xf81f, 0xf81f, 0xf81f, 0xf81f, 0x2945, 0x18e3, 0x1082, 0x0020, 0x0000, 0xf81f,
0xf81f, 0xf81f, 0xf81f, 0xf81f, 0xf81f, 0xf81f, 0xf81f, 0xf81f, 0xf81f, 0xf81f,
0xf81f, 0xf81f, 0xf81f, 0xf81f, 0xf81f, 0xf81f, 0xf81f, 0xf81f, 0xf81f, 0xf81f,
0xf81f, 0xf81f, 0xf81f, 0xf81f, 0x18e3, 0x18e3, 0x18e3, 0x18e3, 0x1082, 0xf81f,
0xf81f, 0xf81f, 0xf81f, 0xf81f, 0xf81f, 0xf81f, 0xf81f, 0xf81f, 0xf81f, 0xf81f,
0xf81f, 0xf81f, 0xf81f, 0xf81f, 0xf81f, 0xf81f, 0xf81f, 0xf81f, 0xf81f, 0xf81f,
0xf81f, 0xf81f, 0xf81f, 0xf81f, 0xf81f, 0xf81f, 0xf81f, 0xf81f, 0xf81f, 0xf81f,
0xf81f, 0xf81f, 0xf81f, 0xf81f, 0xf81f, 0xf81f, 0xf81f, 0xf81f, 0xf81f, 0xf81f,
0xf81f, 0xf81f, 0x18e3, 0x3186, 0x2945, 0x18e3, 0x18e3, 0xf81f, 0xf81f, 0xf81f,
0xf81f, 0xf81f, 0xf81f, 0xf81f, 0xf81f, 0xf81f, 0xf81f, 0xf81f, 0xf81f, 0xf81f,
0xf81f, 0x3186, 0x3186, 0x2945, 0x18e3, 0x0020, 0x0000, 0x3186, 0x2945, 0xf81f,
0xf81f, 0xf81f, 0xf81f, 0xf81f, 0xf81f, 0xf81f, 0xf81f, 0xf81f, 0xf81f, 0xf81f,
0xf81f, 0xf81f, 0xf81f, 0x2945, 0x2945, 0x2945, 0x18e3, 0x1082, 0x18e3, 0x18e3,
0x0020, 0xf81f, 0xf81f, 0xf81f, 0xf81f, 0xf81f, 0xf81f, 0xf81f, 0xf81f, 0xf81f,
0xf81f, 0xf81f, 
0xf81f, 0xf81f, 0xf81f, 0xf81f, 0xf81f, 0xf81f, 0xf81f, 0x1082, 0x0020, 0x0000,
0x0000, 0xf81f, 0xf81f, 0xf81f, 0xf81f, 0xf81f, 0xf81f, 0xf81f, 0xf81f, 0xf81f,
0xf81f, 0xf81f, 0xf81f, 0xf81f, 0xf81f, 0xf81f, 0xf81f, 0xf81f, 0xf81f, 0xf81f,
0xf81f, 0xf81f, 0xf81f, 0xf81f, 0xf81f, 0xf81f, 0xf81f, 0xf81f, 0xf81f, 0xf81f,
0xf81f, 0xf81f, 0xf81f, 0xf81f, 0xf81f, 0xf81f, 0xf81f, 0xf81f, 0xf81f, 0xf81f,
0xf81f, 0xf81f, 0xf81f, 0xf81f, 0x1082, 0x0020, 0x0000, 0xf81f, 0xf81f, 0xf81f,
0xf81f, 0xf81f, 0xf81f, 0xf81f, 0xf81f, 0xf81f, 0xf81f, 0xf81f, 0xf81f, 0xf81f,
0xf81f, 0xf81f, 0xf81f, 0xf81f, 0xf81f, 0xf81f, 0xf81f, 0xf81f, 0xf81f, 0xf81f,
0xf81f, 0xf81f, 0xf81f, 0xf81f, 0xf81f, 0xf81f, 0xf81f, 0xf81f, 0xf81f, 0xf81f,
0xf81f, 0xf81f, 0xf81f, 0xf81f, 0xf81f, 0xf81f, 0xf81f, 0xf81f, 0xf81f, 0xf81f,
0xf81f, 0xf81f, 0xf81f, 0xf81f, 0xf81f, 0xf81f, 0xf81f, 0xf81f, 0xf81f, 0xf81f,
0xf81f, 0xf81f, 0xf81f, 0xf81f, 0xf81f, 0xf81f, 0xf81f, 0xf81f, 0xf81f, 0xf81f,
0xf81f, 0xf81f, 0xf81f, 0xf81f, 0xf81f, 0xf81f, 0xf81f, 0xf81f, 0xf81f, 0xf81f,
0xf81f, 0xf81f, 0xf81f, 0x1082, 0x1082, 0x0020, 0xf81f, 0xf81f, 0xf81f, 0xf81f,
0xf81f, 0xf81f, 0xf81f, 0xf81f, 0xf81f, 0xf81f, 0xf81f, 0xf81f, 0xf81f, 0xf81f,
0xf81f, 0x2945, 0x2945, 0x2945, 0x2945, 0x2945, 0x2945, 0x2945, 0x18e3, 0x0020,
0xf81f, 0xf81f, 0xf81f, 0xf81f, 0xf81f, 0xf81f, 0xf81f, 0xf81f, 0xf81f, 0xf81f,
0xf81f, 0xf81f, 0xf81f, 0xf81f, 0x18e3, 0x18e3, 0x18e3, 0x18e3, 0x18e3, 0x18e3,
0x1082, 0xf81f, 0xf81f, 0xf81f, 0xf81f, 0xf81f, 0xf81f, 0xf81f, 0xf81f, 0xf81f,
0xf81f, 0xf81f, 
0xf81f, 0xf81f, 0xf81f, 0xf81f, 0xf81f, 0xf81f, 0xf81f, 0xf81f, 0xf81f, 0xf81f,
0xf81f, 0xf81f, 0xf81f, 0xf81f, 0xf81f, 0xf81f, 0xf81f, 0xf81f, 0xf81f, 0xf81f,
0xf81f, 0xf81f, 0xf81f, 0xf81f, 0xf81f, 0xf81f, 0xf81f, 0xf81f, 0xf81f, 0xf81f,
0xf81f, 0xf81f, 0xf81f, 0xf81f, 0xf81f, 0xf81f, 0xf81f, 0xf81f, 0xf81f, 0xf81f,
0xf81f, 0xf81f, 0xf81f, 0xf81f, 0xf81f, 0xf81f, 0xf81f, 0xf81f, 0xf81f, 0xf81f,
0xf81f, 0xf81f, 0xf81f, 0xf81f, 0xf81f, 0xf81f, 0xf81f, 0xf81f, 0xf81f, 0xf81f,
0xf81f, 0xf81f, 0xf81f, 0xf81f, 0xf81f, 0xf81f, 0xf81f, 0xf81f, 0xf81f, 0xf81f,
0xf81f, 0xf81f, 0xf81f, 0xf81f, 0xf81f, 0xf81f, 0xf81f, 0xf81f, 0xf81f, 0xf81f,
0xf81f, 0xf81f, 0xf81f, 0xf81f, 0xf81f, 0xf81f, 0xf81f, 0xf81f, 0xf81f, 0xf81f,
0xf81f, 0xf81f, 0xf81f, 0xf81f, 0xf81f, 0xf81f, 0xf81f, 0xf81f, 0xf81f, 0xf81f,
0xf81f, 0xf81f, 0xf81f, 0xf81f, 0xf81f, 0xf81f, 0xf81f, 0xf81f, 0xf81f, 0xf81f,
0xf81f, 0xf81f, 0xf81f, 0xf81f, 0xf81f, 0xf81f, 0xf81f, 0xf81f, 0xf81f, 0xf81f,
0xf81f, 0xf81f, 0xf81f, 0xf81f, 0xf81f, 0xf81f, 0xf81f, 0xf81f, 0xf81f, 0xf81f,
0xf81f, 0xf81f, 0xf81f, 0xf81f, 0xf81f, 0xf81f, 0xf81f, 0xf81f, 0xf81f, 0xf81f,
0xf81f, 0xf81f, 0xf81f, 0xf81f, 0xf81f, 0xf81f, 0xf81f, 0xf81f, 0xf81f, 0xf81f,
0xf81f, 0xf81f, 0xf81f, 0x18e3, 0x18e3, 0x18e3, 0x18e3, 0x1082, 0x0020, 0x0000,
0xf81f, 0xf81f, 0xf81f, 0xf81f, 0xf81f, 0xf81f, 0xf81f, 0xf81f, 0xf81f, 0xf81f,
0xf81f, 0xf81f, 0xf81f, 0xf81f, 0xf81f, 0xf81f, 0x1082, 0x1082, 0x0020, 0x0000,
0xf81f, 0xf81f, 0xf81f, 0xf81f, 0xf81f, 0xf81f, 0xf81f, 0xf81f, 0xf81f, 0xf81f,
0xf81f, 0xf81f, 
0xf81f, 0xf81f, 0xf81f, 0xf81f, 0xf81f, 0xf81f, 0xf81f, 0xf81f, 0xf81f, 0xf81f,
0xf81f, 0xf81f, 0xf81f, 0xf81f, 0xf81f, 0xf81f, 0xf81f, 0xf81f, 0xf81f, 0xf81f,
0xf81f, 0xf81f, 0xf81f, 0xf81f, 0xf81f, 0xf81f, 0xf81f, 0xf81f, 0xf81f, 0xf81f,
0xf81f, 0xf81f, 0xf81f, 0xf81f, 0xf81f, 0xf81f, 0xf81f, 0xf81f, 0xf81f, 0xf81f,
0xf81f, 0xf81f, 0xf81f, 0xf81f, 0xf81f, 0xf81f, 0xf81f, 0xf81f, 0xf81f, 0xf81f,
0xf81f, 0xf81f, 0xf81f, 0xf81f, 0xf81f, 0xf81f, 0xf81f, 0xf81f, 0xf81f, 0xf81f,
0xf81f, 0xf81f, 0xf81f, 0xf81f, 0xf81f, 0xf81f, 0xf81f, 0xf81f, 0xf81f, 0xf81f,
0xf81f, 0xf81f, 0xf81f, 0xf81f, 0xf81f, 0xf81f, 0xf81f, 0xf81f, 0xf81f, 0xf81f,
0xf81f, 0xf81f, 0xf81f, 0xf81f, 0xf81f, 0xf81f, 0xf81f, 0xf81f, 0xf81f, 0xf81f,
0xf81f, 0xf81f, 0xf81f, 0xf81f, 0xf81f, 0xf81f, 0xf81f, 0xf81f, 0xf81f, 0xf81f,
0xf81f, 0xf81f, 0xf81f, 0xf81f, 0xf81f, 0xf81f, 0xf81f, 0xf81f, 0xf81f, 0xf81f,
0xf81f, 0xf81f, 0xf81f, 0xf81f, 0xf81f, 0xf81f, 0xf81f, 0xf81f, 0xf81f, 0xf81f,
0xf81f, 0xf81f, 0xf81f, 0xf81f, 0xf81f, 0xf81f, 0xf81f, 0xf81f, 0xf81f, 0xf81f,
0xf81f, 0xf81f, 0xf81f, 0xf81f, 0xf81f, 0xf81f, 0xf81f, 0xf81f, 0xf81f, 0xf81f,
0xf81f, 0xf81f, 0xf81f, 0xf81f, 0xf81f, 0xf81f, 0xf81f, 0xf81f, 0xf81f, 0xf81f,
0xf81f, 0xf81f, 0xf81f, 0xf81f, 0xf81f, 0xf81f, 0xf81f, 0xf81f, 0xf81f, 0xf81f,
0xf81f, 0xf81f, 0xf81f, 0xf81f, 0xf81f, 0xf81f, 0xf81f, 0xf81f, 0xf81f, 0xf81f,
0xf81f, 0xf81f, 0xf81f, 0xf81f, 0xf81f, 0xf81f, 0xf81f, 0xf81f, 0xf81f, 0xf81f,
0xf81f, 0xf81f, 0xf81f, 0xf81f, 0xf81f, 0xf81f, 0xf81f, 0xf81f, 0xf81f, 0xf81f,
0xf81f, 0xf81f, 
0xf81f, 0xf81f, 0xf81f, 0xf81f, 0xf81f, 0xf81f, 0xf81f, 0xf81f, 0xf81f, 0x2104,
0x18c3, 0x18c3, 0x1082, 0x1082, 0x0000, 0xf81f, 0xf81f, 0xf81f, 0xf81f, 0xf81f,
0xf81f, 0xf81f, 0xf81f, 0xf81f, 0xf81f, 0xf81f, 0xf81f, 0xf81f, 0xf81f, 0xf81f,
0xf81f, 0xf81f, 0xf81f, 0x2104, 0x2104, 0x18c3, 0x18c3, 0x1082, 0x0000, 0xf81f,
0xf81f, 0xf81f, 0xf81f, 0xf81f, 0xf81f, 0xf81f, 0xf81f, 0xf81f, 0xf81f, 0xf81f,
0xf81f, 0xf81f, 0xf81f, 0xf81f, 0xf81f, 0xf81f, 0xf81f, 0x2104, 0x18c3, 0x18c3,
0x1082, 0x1082, 0x0000, 0xf81f, 0xf81f, 0xf81f, 0xf81f, 0xf81f, 0xf81f, 0xf81f,
0xf81f, 0xf81f, 0xf81f, 0xf81f, 0xf81f, 0xf81f, 0xf81f, 0xf81f, 0xf81f, 0xf81f,
0xf81f, 0x2104, 0x2104, 0x18c3, 0x1082, 0x1082, 0x0000, 0xf81f, 0xf81f, 0xf81f,
0xf81f, 0xf81f, 0xf81f, 0xf81f, 0xf81f, 0xf81f, 0xf81f, 0xf81f, 0xf81f, 0xf81f,
0xf81f, 0xf81f, 0xf81f, 0xf81f, 0xf81f, 0x2104, 0x18c3, 0x18c3, 0x1082, 0x1082,
0x0000, 0xf81f, 0xf81f, 0xf81f, 0xf81f, 0xf81f, 0xf81f, 0xf81f, 0xf81f, 0xf81f,
0xf81f, 0xf81f, 0xf81f, 0xf81f, 0xf81f, 0xf81f, 0xf81f, 0xf81f, 0xf81f, 0x2104,
0x18c3, 0x18c3, 0x1082, 0x1082, 0x0000, 0xf81f, 0xf81f, 0xf81f, 0xf81f, 0xf81f,
0xf81f, 0xf81f, 0xf81f, 0xf81f, 0xf81f, 0xf81f, 0xf81f, 0xf81f, 0xf81f, 0xf81f,
0xf81f, 0xf81f, 0xf81f, 0x2104, 0x2104, 0x18c3, 0x18c3, 0x1082, 0x0000, 0xf81f,
0xf81f, 0xf81f, 0xf81f, 0xf81f, 0xf81f, 0xf81f, 0xf81f, 0xf81f, 0xf81f, 0xf81f,
0xf81f, 0xf81f, 0xf81f, 0xf81f, 0xf81f, 0xf81f, 0xf81f, 0x2104, 0x18c3, 0x1082,
0x1082, 0x0000, 0x0000, 0xf81f, 0xf81f, 0xf81f, 0xf81f, 0xf81f, 0xf81f, 0xf81f,
0xf81f, 0xf81f, 
0xf81f, 0xf81f, 0xf81f, 0xf81f, 0xf81f, 0xf81f, 0xf81f, 0xf81f, 0xf81f, 0x2104,
0x18c3, 0x18c3, 0x1082, 0x1082, 0x0000, 0xf81f, 0xf81f, 0xf81f, 0xf81f, 0xf81f,
0xf81f, 0xf81f, 0xf81f, 0xf81f, 0xf81f, 0xf81f, 0xf81f, 0xf81f, 0xf81f, 0xf81f,
0xf81f, 0xf81f, 0xf81f, 0x2104, 0x18c3, 0x18c3, 0x1082, 0x1082, 0x0000, 0x0000,
0xf81f, 0xf81f, 0xf81f, 0xf81f, 0xf81f, 0xf81f, 0xf81f, 0xf81f, 0xf81f, 0xf81f,
0xf81f, 0xf81f, 0xf81f, 0xf81f, 0xf81f, 0xf81f, 0xf81f, 0x2104, 0x18c3, 0x18c3,
0x1082, 0x1082, 0x0000, 0xf81f, 0xf81f, 0xf81f, 0xf81f, 0xf81f, 0xf81f, 0xf81f,
0xf81f, 0xf81f, 0xf81f, 0xf81f, 0xf81f, 0xf81f, 0xf81f, 0xf81f, 0xf81f, 0xf81f,
0xf81f, 0x2104, 0x18c3, 0x18c3, 0x18c3, 0x1082, 0x1082, 0x0000, 0xf81f, 0xf81f,
0xf81f, 0xf81f, 0xf81f, 0xf81f, 0xf81f, 0xf81f, 0xf81f, 0xf81f, 0xf81f, 0xf81f,
0xf81f, 0xf81f, 0xf81f, 0xf81f, 0xf81f, 0x2104, 0x18c3, 0x18c3, 0x1082, 0x1082,
0x0000, 0xf81f, 0xf81f, 0xf81f, 0xf81f, 0xf81f, 0xf81f, 0xf81f, 0xf81f, 0xf81f,
0xf81f, 0xf81f, 0xf81f, 0xf81f, 0xf81f, 0xf81f, 0xf81f, 0xf81f, 0x2104, 0x18c3,
0x18c3, 0x1082, 0x1082, 0x1082, 0x0000, 0xf81f, 0xf81f, 0xf81f, 0xf81f, 0xf81f,
0xf81f, 0xf81f, 0xf81f, 0xf81f, 0xf81f, 0xf81f, 0xf81f, 0xf81f, 0xf81f, 0xf81f,
0xf81f, 0xf81f, 0xf81f, 0x2104, 0x2104, 0x18c3, 0x18c3, 0x1082, 0x0000, 0xf81f,
0xf81f, 0xf81f, 0xf81f, 0xf81f, 0xf81f, 0xf81f, 0xf81f, 0xf81f, 0xf81f, 0xf81f,
0xf81f, 0xf81f, 0xf81f, 0xf81f, 0xf81f, 0xf81f, 0x2104, 0x2104, 0x18c3, 0x18c3,
0x1082, 0x1082, 0x0000, 0xf81f, 0xf81f, 0xf81f, 0xf81f, 0xf81f, 0xf81f, 0xf81f,
0xf81f, 0xf81f, 
0xf81f, 0xf81f, 0xf81f, 0xf81f, 0xf81f, 0xf81f, 0xf81f, 0xf81f, 0xf81f, 0x2104,
0x18c3, 0x18c3, 0x1082, 0x1082, 0x0000, 0xf81f, 0xf81f, 0xf81f, 0xf81f, 0xf81f,
0xf81f, 0xf81f, 0xf81f, 0xf81f, 0xf81f, 0xf81f, 0xf81f, 0xf81f, 0xf81f, 0xf81f,
0xf81f, 0xf81f, 0xf81f, 0x2104, 0x18c3, 0x1082, 0x1082, 0x1082, 0x6120, 0x40c0,
0xf81f, 0xf81f, 0xf81f, 0xf81f, 0xf81f, 0xf81f, 0xf81f, 0xf81f, 0xf81f, 0xf81f,
0xf81f, 0xf81f, 0xf81f, 0xf81f, 0xf81f, 0xf81f, 0xf81f, 0x2104, 0x18c3, 0x18c3,
0x1082, 0x1082, 0x0000, 0x2060, 0xf81f, 0xf81f, 0xf81f, 0xf81f, 0xf81f, 0xf81f,
0xf81f, 0xf81f, 0xf81f, 0xf81f, 0xf81f, 0xf81f, 0xf81f, 0xf81f, 0xf81f, 0xf81f,
0xf81f, 0x18c3, 0xf4a9, 0xd280, 0xd280, 0xaa00, 0x89a0, 0x40c0, 0xf81f, 0xf81f,
0xf81f, 0xf81f, 0xf81f, 0xf81f, 0xf81f, 0xf81f, 0xf81f, 0xf81f, 0xf81f, 0xf81f,
0xf81f, 0xf81f, 0xf81f, 0xf81f, 0xf81f, 0x89a0, 0xf4a9, 0xd280, 0xaa00, 0x89a0,
0x6120, 0xf81f, 0xf81f, 0xf81f, 0xf81f, 0xf81f, 0xf81f, 0xf81f, 0xf81f, 0xf81f,
0xf81f, 0xf81f, 0xf81f, 0xf81f, 0xf81f, 0xf81f, 0xf81f, 0xf81f, 0x40c0, 0xf4a9,
0xd280, 0xaa00, 0x89a0, 0x89a0, 0x0000, 0xf81f, 0xf81f, 0xf81f, 0xf81f, 0xf81f,
0xf81f, 0xf81f, 0xf81f, 0xf81f, 0xf81f, 0xf81f, 0xf81f, 0xf81f, 0xf81f, 0xf81f,
0xf81f, 0xf81f, 0x6120, 0x2104, 0x2104, 0x18c3, 0x18c3, 0x1082, 0x0000, 0xf81f,
0xf81f, 0xf81f, 0xf81f, 0xf81f, 0xf81f, 0xf81f, 0xf81f, 0xf81f, 0xf81f, 0xf81f,
0xf81f, 0xf81f, 0xf81f, 0xf81f, 0xf81f, 0xf81f, 0xaa00, 0xf4a9, 0x18c3, 0x18c3,
0x18c3, 0x1082, 0x0000, 0xf81f, 0xf81f, 0xf81f, 0xf81f, 0xf81f, 0xf81f, 0xf81f,
0xf81f, 0xf81f, 
0xf81f, 0xf81f, 0xf81f, 0xf81f, 0xf81f, 0xf81f, 0xf81f, 0xf81f, 0xf81f, 0x2104,
0x18c3, 0x18c3, 0x1082, 0x1082, 0x0000, 0xf81f, 0xf81f, 0xf81f, 0xf81f, 0xf81f,
0xf81f, 0xf81f, 0xf81f, 0xf81f, 0xf81f, 0xf81f, 0xf81f, 0xf81f, 0xf81f, 0xf81f,
0xf81f, 0xf81f, 0xf81f, 0x2104, 0x18c3, 0x1082, 0x1082, 0x0000, 0x6120, 0x30a0,
0xf81f, 0xf81f, 0xf81f, 0xf81f, 0xf81f, 0xf81f, 0xf81f, 0xf81f, 0xf81f, 0xf81f,
0xf81f, 0xf81f, 0xf81f, 0xf81f, 0xf81f, 0xf81f, 0xf81f, 0x2104, 0x18c3, 0x18c3,
0xaa00, 0x89a0, 0x6120, 0x30a0, 0xf81f, 0xf81f, 0xf81f, 0xf81f, 0xf81f, 0xf81f,
0xf81f, 0xf81f, 0xf81f, 0xf81f, 0xf81f, 0xf81f, 0xf81f, 0xf81f, 0xf81f, 0xf81f,
0xf81f, 0x18c3, 0xf4a9, 0xd280, 0xd280, 0xaa00, 0x89a0, 0x40c0, 0xf81f, 0xf81f,
0xf81f, 0xf81f, 0xf81f, 0xf81f, 0xf81f, 0xf81f, 0xf81f, 0xf81f, 0xf81f, 0xf81f,
0xf81f, 0xf81f, 0xf81f, 0xf81f, 0xf81f, 0x89a0, 0xf4a9, 0xd280, 0xaa00, 0x89a0,
0x6120, 0xf81f, 0xf81f, 0xf81f, 0xf81f, 0xf81f, 0xf81f, 0xf81f, 0xf81f, 0xf81f,
0xf81f, 0xf81f, 0xf81f, 0xf81f, 0xf81f, 0xf81f, 0xf81f, 0xf81f, 0x6120, 0xf4a9,
0xd280, 0xaa00, 0x89a0, 0x89a0, 0x0000, 0xf81f, 0xf81f, 0xf81f, 0xf81f, 0xf81f,
0xf81f, 0xf81f, 0xf81f, 0xf81f, 0xf81f, 0xf81f, 0xf81f, 0xf81f, 0xf81f, 0xf81f,
0xf81f, 0xf81f, 0x40c0, 0xd280, 0xf4a9, 0xaa00, 0x18c3, 0x1082, 0x0000, 0xf81f,
0xf81f, 0xf81f, 0xf81f, 0xf81f, 0xf81f, 0xf81f, 0xf81f, 0xf81f, 0xf81f, 0xf81f,
0xf81f, 0xf81f, 0xf81f, 0xf81f, 0xf81f, 0xf81f, 0x40c0, 0xd280, 0x2104, 0x18c3,
0x18c3, 0x1082, 0x0000, 0xf81f, 0xf81f, 0xf81f, 0xf81f, 0xf81f, 0xf81f, 0xf81f,
0xf81f, 0xf81f, 
0xf81f, 0xf81f, 0xf81f, 0xf81f, 0xf81f, 0xf81f, 0xf81f, 0xf81f, 0xf81f, 0x2104,
0x18c3, 0x18c3, 0x1082, 0x1082, 0x0000, 0xf81f, 0xf81f, 0xf81f, 0xf81f, 0xf81f,
0xf81f, 0xf81f, 0xf81f, 0xf81f, 0xf81f, 0xf81f, 0xf81f, 0xf81f, 0xf81f, 0xf81f,
0xf81f, 0xf81f, 0xf81f, 0x2104, 0x18c3, 0x1082, 0x1082, 0x0000, 0xaa00, 0x6120,
0xf81f, 0xf81f, 0xf81f, 0xf81f, 0xf81f, 0xf81f, 0xf81f, 0xf81f, 0xf81f, 0xf81f,
0xf81f, 0xf81f, 0xf81f, 0xf81f, 0xf81f, 0xf81f, 0xf81f, 0x2104, 0x18c3, 0xaa00,
0x6120, 0x40c0, 0x0000, 0x2060, 0x40c0, 0xf81f, 0xf81f, 0xf81f, 0xf81f, 0xf81f,
0xf81f, 0xf81f, 0xf81f, 0xf81f, 0xf81f, 0xf81f, 0xf81f, 0xf81f, 0xf81f, 0xf81f,
0xf81f, 0x89a0, 0x40c0, 0x0000, 0x40c0, 0x40c0, 0x0000, 0x40c0, 0xf81f, 0xf81f,
0xf81f, 0xf81f, 0xf81f, 0xf81f, 0xf81f, 0xf81f, 0xf81f, 0xf81f, 0xf81f, 0xf81f,
0xf81f, 0xf81f, 0xf81f, 0xf81f, 0xf81f, 0x40c0, 0x0000, 0x40c0, 0x40c0, 0x0000,
0x40c0, 0xf81f, 0xf81f, 0xf81f, 0xf81f, 0xf81f, 0xf81f, 0xf81f, 0xf81f, 0xf81f,
0xf81f, 0xf81f, 0xf81f, 0xf81f, 0xf81f, 0xf81f, 0xf81f, 0xf81f, 0x40c0, 0x0000,
0x40c0, 0x40c0, 0x0000, 0x40c0, 0x6120, 0xf81f, 0xf81f, 0xf81f, 0xf81f, 0xf81f,
0xf81f, 0xf81f, 0xf81f, 0xf81f, 0xf81f, 0xf81f, 0xf81f, 0xf81f, 0xf81f, 0xf81f,
0xf81f, 0xd280, 0x6120, 0x0000, 0x40c0, 0x6120, 0x89a0, 0x1082, 0x0000, 0xf81f,
0xf81f, 0xf81f, 0xf81f, 0xf81f, 0xf81f, 0xf81f, 0xf81f, 0xf81f, 0xf81f, 0xf81f,
0xf81f, 0xf81f, 0xf81f, 0xf81f, 0xf81f, 0xf81f, 0xaa00, 0xf4a9, 0x2104, 0x18c3,
0x18c3, 0x1082, 0x0000, 0xf81f, 0xf81f, 0xf81f, 0xf81f, 0xf81f, 0xf81f, 0xf81f,
0xf81f, 0xf81f, 
0xf81f, 0xf81f, 0xf81f, 0xf81f, 0xf81f, 0xf81f, 0xf81f, 0xf81f, 0xf81f, 0x2104,
0x18c3, 0x18c3, 0x1082, 0x1082, 0x0000, 0x0000, 0xf81f, 0xf81f, 0xf81f, 0xf81f,
0xf81f, 0xf81f, 0xf81f, 0xf81f, 0xf81f, 0xf81f, 0xf81f, 0xf81f, 0xf81f, 0xf81f,
0xf81f, 0xf81f, 0xf81f, 0x2104, 0x18c3, 0x1082, 0x1082, 0x0000, 0xaa00, 0x6120,
0xf81f, 0xf81f, 0xf81f, 0xf81f, 0xf81f, 0xf81f, 0xf81f, 0xf81f, 0xf81f, 0xf81f,
0xf81f, 0xf81f, 0xf81f, 0xf81f, 0xf81f, 0xf81f, 0xf81f, 0x2104, 0xf4a9, 0xaa00,
0x89a0, 0x6120, 0x6120, 0x89a0, 0x6120, 0xf81f, 0xf81f, 0xf81f, 0xf81f, 0xf81f,
0xf81f, 0xf81f, 0xf81f, 0xf81f, 0xf81f, 0xf81f, 0xf81f, 0xf81f, 0xf81f, 0xf81f,
0xf81f, 0x89a0, 0x6120, 0x6120, 0xf4a9, 0x89a0, 0x6120, 0x6120, 0xf81f, 0xf81f,
0xf81f, 0xf81f, 0xf81f, 0xf81f, 0xf81f, 0xf81f, 0xf81f, 0xf81f, 0xf81f, 0xf81f,
0xf81f, 0xf81f, 0xf81f, 0xf81f, 0xf81f, 0x6120, 0x6120, 0xf4a9, 0x89a0, 0x6120,
0x6120, 0xf81f, 0xf81f, 0xf81f, 0xf81f, 0xf81f, 0xf81f, 0xf81f, 0xf81f, 0xf81f,
0xf81f, 0xf81f, 0xf81f, 0xf81f, 0xf81f, 0xf81f, 0xf81f, 0xf81f, 0x6120, 0x6120,
0xf4a9, 0x89a0, 0x6120, 0x6120, 0x6120, 0xf81f, 0xf81f, 0xf81f, 0xf81f, 0xf81f,
0xf81f, 0xf81f, 0xf81f, 0xf81f, 0xf81f, 0xf81f, 0xf81f, 0xf81f, 0xf81f, 0xf81f,
0xf81f, 0x6120, 0x89a0, 0x6120, 0x6120, 0x89a0, 0x89a0, 0xd280, 0x0000, 0xf81f,
0xf81f, 0xf81f, 0xf81f, 0xf81f, 0xf81f, 0xf81f, 0xf81f, 0xf81f, 0xf81f, 0xf81f,
0xf81f, 0xf81f, 0xf81f, 0xf81f, 0xf81f, 0xf81f, 0xaa00, 0xf4a9, 0x2104, 0x18c3,
0x18c3, 0x1082, 0x0000, 0xf81f, 0xf81f, 0xf81f, 0xf81f, 0xf81f, 0xf81f, 0xf81f,
0xf81f, 0xf81f, 
0xf81f, 0xf81f, 0xf81f, 0xf81f, 0xf81f, 0xf81f, 0xf81f, 0xf81f, 0xf81f, 0x40c0,
0xaa00, 0x6120, 0x6120, 0x6120, 0x40c0, 0x28c3, 0xf81f, 0xf81f, 0xf81f, 0xf81f,
0xf81f, 0xf81f, 0xf81f, 0xf81f, 0xf81f, 0xf81f, 0xf81f, 0xf81f, 0xf81f, 0xf81f,
0xf81f, 0xf81f, 0xf81f, 0x6120, 0xaa00, 0x6120, 0x6120, 0x89a0, 0x6120, 0x6120,
0xf81f, 0xf81f, 0xf81f, 0xf81f, 0xf81f, 0xf81f, 0xf81f, 0xf81f, 0xf81f, 0xf81f,
0xf81f, 0xf81f, 0xf81f, 0xf81f, 0xf81f, 0xf81f, 0xf81f, 0x89a0, 0xd280, 0x89a0,
0xd280, 0x89a0, 0x89a0, 0x40c0, 0xf81f, 0xf81f, 0xf81f, 0xf81f, 0xf81f, 0xf81f,
0xf81f, 0xf81f, 0xf81f, 0xf81f, 0xf81f, 0xf81f, 0xf81f, 0xf81f, 0xf81f, 0xf81f,
0xf81f, 0x89a0, 0xaa00, 0xaa00, 0x89a0, 0x6120, 0x6120, 0x6120, 0xf81f, 0xf81f,
0xf81f, 0xf81f, 0xf81f, 0xf81f, 0xf81f, 0xf81f, 0xf81f, 0xf81f, 0xf81f, 0xf81f,
0xf81f, 0xf81f, 0xf81f, 0xf81f, 0xf81f, 0x89a0, 0xaa00, 0x89a0, 0x6120, 0x6120,
0x89a0, 0x6a08, 0xf81f, 0xf81f, 0xf81f, 0xf81f, 0xf81f, 0xf81f, 0xf81f, 0xf81f,
0xf81f, 0xf81f, 0xf81f, 0xf81f, 0xf81f, 0xf81f, 0xf81f, 0xf81f, 0x89a0, 0xaa00,
0x89a0, 0x6120, 0x6120, 0x89a0, 0x6120, 0xf81f, 0xf81f, 0xf81f, 0xf81f, 0xf81f,
0xf81f, 0xf81f, 0xf81f, 0xf81f, 0xf81f, 0xf81f, 0xf81f, 0xf81f, 0xf81f, 0xf81f,
0xf81f, 0xf81f, 0x6120, 0x89a0, 0xd280, 0xaa00, 0x89a0, 0xaa00, 0x40c0, 0xf81f,
0xf81f, 0xf81f, 0xf81f, 0xf81f, 0xf81f, 0xf81f, 0xf81f, 0xf81f, 0xf81f, 0xf81f,
0xf81f, 0xf81f, 0xf81f, 0xf81f, 0xf81f, 0xf81f, 0xaa00, 0xaa00, 0x89a0, 0x6120,
0x40c0, 0x40c0, 0x40c0, 0x28c3, 0xf81f, 0xf81f, 0xf81f, 0xf81f, 0xf81f, 0xf81f,
0xf81f, 0xf81f, 
0xf81f, 0xf81f, 0xf81f, 0xf81f, 0xf81f, 0xf81f, 0xf81f, 0xf81f, 0x0000, 0x0000,
0xaa00, 0xaa00, 0x6120, 0x6120, 0x0000, 0x0000, 0x0000, 0xf81f, 0xf81f, 0xf81f,
0xf81f, 0xf81f, 0xf81f, 0xf81f, 0xf81f, 0xf81f, 0xf81f, 0xf81f, 0xf81f, 0xf81f,
0xf81f, 0xf81f, 0xf81f, 0xf81f, 0x6a08, 0xaa00, 0x6120, 0x6120, 0x6120, 0x40c0,
0xf81f, 0xf81f, 0xf81f, 0xf81f, 0xf81f, 0xf81f, 0xf81f, 0xf81f, 0xf81f, 0xf81f,
0xf81f, 0xf81f, 0xf81f, 0xf81f, 0xf81f, 0xf81f, 0xf81f, 0x6120, 0x89a0, 0xaa00,
0xaa00, 0xd280, 0xaa00, 0x30a0, 0x6a08, 0x28c3, 0xf81f, 0xf81f, 0xf81f, 0xf81f,
0xf81f, 0xf81f, 0xf81f, 0xf81f, 0xf81f, 0xf81f, 0xf81f, 0xf81f, 0xf81f, 0xf81f,
0xf81f, 0xaa00, 0xf4a9, 0xd280, 0x40c0, 0x40c0, 0x89a0, 0x6120, 0x6a08, 0x6a08,
0x4965, 0xf81f, 0xf81f, 0xf81f, 0xf81f, 0xf81f, 0xf81f, 0xf81f, 0xf81f, 0xf81f,
0xf81f, 0xf81f, 0xf81f, 0xf81f, 0x0000, 0xaa00, 0xf4a9, 0x40c0, 0x40c0, 0x6120,
0x89a0, 0x6a08, 0x6a08, 0x4965, 0xf81f, 0xf81f, 0xf81f, 0xf81f, 0xf81f, 0xf81f,
0xf81f, 0xf81f, 0xf81f, 0xf81f, 0xf81f, 0xf81f, 0xf81f, 0xf81f, 0xaa00, 0xf4a9,
0x40c0, 0x40c0, 0x6120, 0x89a0, 0x6120, 0x6a08, 0x6a08, 0xf81f, 0xf81f, 0xf81f,
0xf81f, 0xf81f, 0xf81f, 0xf81f, 0xf81f, 0xf81f, 0xf81f, 0xf81f, 0xf81f, 0xf81f,
0xf81f, 0xf81f, 0x40c0, 0xaa00, 0x89a0, 0x89a0, 0x89a0, 0x6120, 0x40c0, 0x6a08,
0x28c3, 0xf81f, 0xf81f, 0xf81f, 0xf81f, 0xf81f, 0xf81f, 0xf81f, 0xf81f, 0xf81f,
0xf81f, 0xf81f, 0xf81f, 0xf81f, 0xf81f, 0xf81f, 0x6120, 0xd280, 0xd280, 0x6120,
0x6120, 0x40c0, 0x0000, 0x28c3, 0xf81f, 0xf81f, 0xf81f, 0xf81f, 0xf81f, 0xf81f,
0xf81f, 0xf81f, 
0xf81f, 0xf81f, 0xf81f, 0xf81f, 0xf81f, 0xf81f, 0xf81f, 0xf81f, 0x8a8a, 0x0000,
0x0000, 0x0000, 0x0000, 0x6a08, 0x0000, 0x0000, 0x28c3, 0xf81f, 0xf81f, 0xf81f,
0xf81f, 0xf81f, 0xf81f, 0xf81f, 0xf81f, 0xf81f, 0xf81f, 0xf81f, 0xf81f, 0xf81f,
0xf81f, 0xf81f, 0x0000, 0x0000, 0x0000, 0x0000, 0x6a08, 0x0000, 0x0000, 0x0000,
0x28c3, 0xf81f, 0xf81f, 0xf81f, 0xf81f, 0xf81f, 0xf81f, 0xf81f, 0xf81f, 0xf81f,
0xf81f, 0xf81f, 0xf81f, 0xf81f, 0xf81f, 0xf81f, 0xf81f, 0xf81f, 0x40c0, 0x6120,
0xaa00, 0x89a0, 0xaa00, 0x6120, 0x4965, 0x0000, 0xf81f, 0xf81f, 0xf81f, 0xf81f,
0xf81f, 0xf81f, 0xf81f, 0xf81f, 0xf81f, 0xf81f, 0xf81f, 0xf81f, 0xf81f, 0xf81f,
0x0000, 0x0000, 0xaa00, 0xf4a9, 0xf4a9, 0xd280, 0x89a0, 0x40c0, 0x6a08, 0x4965,
0x4965, 0xf81f, 0xf81f, 0xf81f, 0xf81f, 0xf81f, 0xf81f, 0xf81f, 0xf81f, 0xf81f,
0xf81f, 0xf81f, 0xf81f, 0xf81f, 0x8a8a, 0x40c0, 0xaa00, 0xf4a9, 0xf4a9, 0x89a0,
0x40c0, 0x6a08, 0x4965, 0x4965, 0x4965, 0xf81f, 0xf81f, 0xf81f, 0xf81f, 0xf81f,
0xf81f, 0xf81f, 0xf81f, 0xf81f, 0xf81f, 0xf81f, 0xf81f, 0xf81f, 0x40c0, 0xaa00,
0xf4a9, 0xf4a9, 0x89a0, 0x6120, 0x0000, 0x6a08, 0x6a08, 0x4965, 0x0000, 0xf81f,
0xf81f, 0xf81f, 0xf81f, 0xf81f, 0xf81f, 0xf81f, 0xf81f, 0xf81f, 0xf81f, 0xf81f,
0xf81f, 0xf81f, 0xd280, 0xf4a9, 0xaa00, 0x6120, 0x40c0, 0x40c0, 0x0000, 0x6a08,
0x4965, 0x0000, 0xf81f, 0xf81f, 0xf81f, 0xf81f, 0xf81f, 0xf81f, 0xf81f, 0xf81f,
0xf81f, 0xf81f, 0xf81f, 0xf81f, 0xf81f, 0xf81f, 0x0000, 0x0000, 0x0000, 0x0000,
0x0000, 0x6a08, 0x0000, 0x0000, 0xf81f, 0xf81f, 0xf81f, 0xf81f, 0xf81f, 0xf81f,
0xf81f, 0xf81f, 
0xf81f, 0xf81f, 0xf81f, 0xf81f, 0xf81f, 0xf81f, 0xf81f, 0x8a8a, 0x8a8a, 0x8a8a,
0x0000, 0x0000, 0x0000, 0x6a08, 0x4965, 0x4965, 0x28c3, 0xf81f, 0xf81f, 0xf81f,
0xf81f, 0xf81f, 0xf81f, 0xf81f, 0xf81f, 0xf81f, 0xf81f, 0xf81f, 0xf81f, 0xf81f,
0xf81f, 0xf81f, 0x8a8a, 0x0000, 0x0000, 0x0000, 0x0000, 0x6a08, 0x4965, 0x0000,
0x28c3, 0xf81f, 0xf81f, 0xf81f, 0xf81f, 0xf81f, 0xf81f, 0xf81f, 0xf81f, 0xf81f,
0xf81f, 0xf81f, 0xf81f, 0xf81f, 0xf81f, 0xf81f, 0x0000, 0x0000, 0x0000, 0x0000,
0x6a08, 0x0000, 0x0000, 0x6a08, 0x4965, 0x0000, 0xf81f, 0xf81f, 0xf81f, 0xf81f,
0xf81f, 0xf81f, 0xf81f, 0xf81f, 0xf81f, 0xf81f, 0xf81f, 0xf81f, 0xf81f, 0x728a,
0x8a8a, 0x0000, 0x0000, 0x0000, 0x0000, 0x6a08, 0x6a08, 0x6a08, 0x4965, 0x0000,
0x28c3, 0xf81f, 0xf81f, 0xf81f, 0xf81f, 0xf81f, 0xf81f, 0xf81f, 0xf81f, 0xf81f,
0xf81f, 0xf81f, 0xf81f, 0x8a8a, 0x8a8a, 0x8a8a, 0x0000, 0x0000, 0x0000, 0x4965,
0x6a08, 0x4965, 0x0000, 0x6a08, 0x4965, 0xf81f, 0xf81f, 0xf81f, 0xf81f, 0xf81f,
0xf81f, 0xf81f, 0xf81f, 0xf81f, 0xf81f, 0xf81f, 0xf81f, 0xf81f, 0x8a8a, 0x0000,
0x0000, 0x0000, 0x0000, 0x6a08, 0x6a08, 0x4965, 0x28c3, 0x4965, 0x0000, 0xf81f,
0xf81f, 0xf81f, 0xf81f, 0xf81f, 0xf81f, 0xf81f, 0xf81f, 0xf81f, 0xf81f, 0xf81f,
0xf81f, 0xf81f, 0x0000, 0x0000, 0x0000, 0x0000, 0x6a08, 0x0000, 0x0000, 0x4965,
0x28c3, 0x0000, 0xf81f, 0xf81f, 0xf81f, 0xf81f, 0xf81f, 0xf81f, 0xf81f, 0xf81f,
0xf81f, 0xf81f, 0xf81f, 0xf81f, 0xf81f, 0x728a, 0x8a8a, 0x0000, 0x0000, 0x0000,
0x0000, 0x6a08, 0x4965, 0x0000, 0x28c3, 0xf81f, 0xf81f, 0xf81f, 0xf81f, 0xf81f,
0xf81f, 0xf81f, 
0xf81f, 0xf81f, 0xf81f, 0xf81f, 0xf81f, 0xf81f, 0xf81f, 0x6a08, 0x8a8a, 0x8a8a,
0x6a08, 0x4965, 0x0000, 0x0000, 0x4965, 0x28c3, 0x28c3, 0x0000, 0xf81f, 0xf81f,
0xf81f, 0xf81f, 0xf81f, 0xf81f, 0xf81f, 0xf81f, 0xf81f, 0xf81f, 0xf81f, 0xf81f,
0xf81f, 0x8a8a, 0x8a8a, 0x8a8a, 0x0000, 0x0000, 0x0000, 0x6a08, 0x4965, 0x4965,
0x28c3, 0xf81f, 0xf81f, 0xf81f, 0xf81f, 0xf81f, 0xf81f, 0xf81f, 0xf81f, 0xf81f,
0xf81f, 0xf81f, 0xf81f, 0xf81f, 0xf81f, 0xf81f, 0x8a8a, 0x0000, 0x0000, 0x0000,
0x0000, 0x6a08, 0x6a08, 0x0000, 0x4965, 0x0000, 0xf81f, 0xf81f, 0xf81f, 0xf81f,
0xf81f, 0xf81f, 0xf81f, 0xf81f, 0xf81f, 0xf81f, 0xf81f, 0xf81f, 0xf81f, 0x8a8a,
0x8a8a, 0x8a8a, 0x6a08, 0x0000, 0x0000, 0x4965, 0x6a08, 0x4965, 0x0000, 0x6a08,
0x28c3, 0xf81f, 0xf81f, 0xf81f, 0xf81f, 0xf81f, 0xf81f, 0xf81f, 0xf81f, 0xf81f,
0xf81f, 0xf81f, 0xf81f, 0x6a08, 0x8a8a, 0x8a8a, 0x6a08, 0x4965, 0x0000, 0x0000,
0x4965, 0x28c3, 0x0000, 0x28c3, 0x28c3, 0xf81f, 0xf81f, 0xf81f, 0xf81f, 0xf81f,
0xf81f, 0xf81f, 0xf81f, 0xf81f, 0xf81f, 0xf81f, 0xf81f, 0x8a8a, 0x8a8a, 0x8a8a,
0x0000, 0x0000, 0x0000, 0x4965, 0x6a08, 0x4965, 0x2880, 0x4965, 0xf81f, 0xf81f,
0xf81f, 0xf81f, 0xf81f, 0xf81f, 0xf81f, 0xf81f, 0xf81f, 0xf81f, 0xf81f, 0xf81f,
0xf81f, 0xf81f, 0x8a8a, 0x0000, 0x0000, 0x0000, 0x0000, 0x6a08, 0x6a08, 0x0000,
0x0000, 0x0000, 0xf81f, 0xf81f, 0xf81f, 0xf81f, 0xf81f, 0xf81f, 0xf81f, 0xf81f,
0xf81f, 0xf81f, 0xf81f, 0xf81f, 0xf81f, 0x8a8a, 0x8a8a, 0x8a8a, 0x6a08, 0x0000,
0x0000, 0x6a08, 0x4965, 0x4965, 0x0000, 0xf81f, 0xf81f, 0xf81f, 0xf81f, 0xf81f,
0xf81f, 0xf81f, 
0xf81f, 0xf81f, 0xf81f, 0xf81f, 0xf81f, 0xf81f, 0xf81f, 0x6a08, 0x8a8a, 0x9acb,
0x6a08, 0x28c3, 0x28c3, 0x4965, 0x0000, 0x0000, 0x28c3, 0x0000, 0xf81f, 0xf81f,
0xf81f, 0xf81f, 0xf81f, 0xf81f, 0xf81f, 0xf81f, 0xf81f, 0xf81f, 0xf81f, 0xf81f,
0x18e3, 0x728a, 0x8a8a, 0x8a8a, 0x6a08, 0x4965, 0x0000, 0x0000, 0x4965, 0x28c3,
0x28c3, 0x0000, 0xf81f, 0xf81f, 0xf81f, 0xf81f, 0xf81f, 0xf81f, 0xf81f, 0xf81f,
0xf81f, 0xf81f, 0xf81f, 0xf81f, 0xf81f, 0x8a8a, 0x8a8a, 0x8a8a, 0x6a08, 0x0000,
0x0000, 0x4965, 0x4965, 0x6a08, 0x28c3, 0x0000, 0xf81f, 0xf81f, 0xf81f, 0xf81f,
0xf81f, 0xf81f, 0xf81f, 0xf81f, 0xf81f, 0xf81f, 0xf81f, 0xf81f, 0xf81f, 0x728a,
0x8a8a, 0x8a8a, 0x6a08, 0x4965, 0x4965, 0x0000, 0x0000, 0x4965, 0x28c3, 0x7980,
0xf81f, 0xf81f, 0xf81f, 0xf81f, 0xf81f, 0xf81f, 0xf81f, 0xf81f, 0xf81f, 0xf81f,
0xf81f, 0xf81f, 0xf81f, 0x6a08, 0x8a8a, 0x9acb, 0x6a08, 0x28c3, 0x28c3, 0x4965,
0x0000, 0x0000, 0x7980, 0xaa00, 0x0000, 0xf81f, 0xf81f, 0xf81f, 0xf81f, 0xf81f,
0xf81f, 0xf81f, 0xf81f, 0xf81f, 0xf81f, 0xf81f, 0xf81f, 0x728a, 0x8a8a, 0x8a8a,
0x6a08, 0x4965, 0x0000, 0x0000, 0x4965, 0x28c3, 0x2880, 0x0000, 0xf81f, 0xf81f,
0xf81f, 0xf81f, 0xf81f, 0xf81f, 0xf81f, 0xf81f, 0xf81f, 0xf81f, 0xf81f, 0xf81f,
0xf81f, 0x8a8a, 0x8a8a, 0x8a8a, 0x6a08, 0x0000, 0x0000, 0x4965, 0x4965, 0x4965,
0x0000, 0xf81f, 0xf81f, 0xf81f, 0xf81f, 0xf81f, 0xf81f, 0xf81f, 0xf81f, 0xf81f,
0xf81f, 0xf81f, 0xf81f, 0xf81f, 0xf81f, 0x728a, 0x8a8a, 0x8a8a, 0x6a08, 0x4965,
0x4965, 0x0000, 0x0000, 0x28c3, 0x28c3, 0x0000, 0xf81f, 0xf81f, 0xf81f, 0xf81f,
0xf81f, 0xf81f, 
0xf81f, 0xf81f, 0xf81f, 0xf81f, 0xf81f, 0xf81f, 0x3186, 0x6a08, 0x8a8a, 0x8a8a,
0x6a08, 0x28c3, 0x4965, 0x4965, 0x4965, 0x0000, 0x0000, 0x0000, 0xf81f, 0xf81f,
0xf81f, 0xf81f, 0xf81f, 0xf81f, 0xf81f, 0xf81f, 0xf81f, 0xf81f, 0xf81f, 0x31a6,
0x18e3, 0x6a08, 0x8a8a, 0x9acb, 0x6a08, 0x28c3, 0x28c3, 0x4965, 0x0000, 0x0000,
0x28c3, 0x0000, 0xf81f, 0xf81f, 0xf81f, 0xf81f, 0xf81f, 0xf81f, 0xf81f, 0xf81f,
0xf81f, 0xf81f, 0xf81f, 0xf81f, 0xf81f, 0x728a, 0x8a8a, 0x8a8a, 0x6a08, 0x4965,
0x0000, 0x0000, 0x0000, 0x4965, 0x28c3, 0x0000, 0xf81f, 0xf81f, 0xf81f, 0xf81f,
0xf81f, 0xf81f, 0xf81f, 0xf81f, 0xf81f, 0xf81f, 0xf81f, 0xf81f, 0xf81f, 0x6a08,
0x8a8a, 0x8aaa, 0x4965, 0x28c3, 0x28c3, 0x4965, 0x0000, 0x0000, 0x28c3, 0x0000,
0x0000, 0xf81f, 0xf81f, 0xf81f, 0xf81f, 0xf81f, 0xf81f, 0xf81f, 0xf81f, 0xf81f,
0xf81f, 0xf81f, 0xf81f, 0x6a08, 0x8a8a, 0x8a8a, 0x6a08, 0x28c3, 0x4965, 0x4965,
0x4965, 0x0000, 0x0000, 0x2880, 0x0000, 0xf81f, 0xf81f, 0xf81f, 0xf81f, 0xf81f,
0xf81f, 0xf81f, 0xf81f, 0xf81f, 0xf81f, 0xf81f, 0xf81f, 0x6a08, 0x8a8a, 0x9acb,
0x6a08, 0x28c3, 0x28c3, 0x4965, 0x0000, 0x0000, 0x0000, 0x0000, 0xf81f, 0xf81f,
0xf81f, 0xf81f, 0xf81f, 0xf81f, 0xf81f, 0xf81f, 0xf81f, 0xf81f, 0xf81f, 0xf81f,
0xf81f, 0x728a, 0x8a8a, 0x8a8a, 0x6a08, 0x4965, 0x0000, 0x0000, 0x0000, 0x4965,
0x0000, 0x0000, 0xf81f, 0xf81f, 0xf81f, 0xf81f, 0xf81f, 0xf81f, 0xf81f, 0xf81f,
0xf81f, 0xf81f, 0xf81f, 0xf81f, 0xf81f, 0x6a08, 0x8a8a, 0x8aaa, 0x4965, 0x28c3,
0x28c3, 0x4965, 0x0000, 0x0000, 0x28c3, 0x0000, 0xf81f, 0xf81f, 0xf81f, 0xf81f,
0xf81f, 0xf81f, 
0xf81f, 0xf81f, 0xf81f, 0xf81f, 0x3186, 0x3186, 0x3186, 0x0000, 0x8a8a, 0x8a8a,
0x6a08, 0x7980, 0x7980, 0x6a08, 0x4965, 0x28c3, 0x0000, 0x0000, 0x3186, 0x2945,
0x0000, 0xf81f, 0xf81f, 0xf81f, 0xf81f, 0xf81f, 0xf81f, 0xf81f, 0x3186, 0x2945,
0x2945, 0x6a08, 0x8a8a, 0x6a08, 0x6a08, 0x28c3, 0x4965, 0x4965, 0x4965, 0x0000,
0x0000, 0x0000, 0xf81f, 0xf81f, 0xf81f, 0xf81f, 0xf81f, 0xf81f, 0xf81f, 0xf81f,
0xf81f, 0xf81f, 0xf81f, 0xf81f, 0xf81f, 0x6a08, 0x8a8a, 0x9acb, 0x4965, 0x28c3,
0x28c3, 0x4965, 0x0000, 0x0000, 0x28c3, 0x0000, 0xf81f, 0xf81f, 0xf81f, 0xf81f,
0xf81f, 0xf81f, 0xf81f, 0xf81f, 0xf81f, 0xf81f, 0xf81f, 0xf81f, 0xf81f, 0x6a08,
0x8a8a, 0x8a8a, 0x6a08, 0x28c3, 0x0000, 0x4965, 0x4965, 0x28c3, 0x0000, 0x0000,
0xf81f, 0xf81f, 0xf81f, 0xf81f, 0xf81f, 0xf81f, 0xf81f, 0xf81f, 0xf81f, 0xf81f,
0xf81f, 0xf81f, 0xf81f, 0x0000, 0x8a8a, 0x8a8a, 0x6a08, 0x7980, 0x7980, 0x6a08,
0x4965, 0x28c3, 0x0000, 0x0000, 0xf81f, 0xf81f, 0xf81f, 0xf81f, 0xf81f, 0xf81f,
0xf81f, 0xf81f, 0xf81f, 0xf81f, 0xf81f, 0xf81f, 0x18e3, 0x6a08, 0x8a8a, 0x6a08,
0x6a08, 0x28c3, 0x4965, 0x4965, 0x4965, 0x0000, 0x0000, 0x0000, 0xf81f, 0xf81f,
0xf81f, 0xf81f, 0xf81f, 0xf81f, 0xf81f, 0xf81f, 0xf81f, 0xf81f, 0xf81f, 0xf81f,
0xf81f, 0x6a08, 0x8a8a, 0x9acb, 0x4965, 0x28c3, 0x28c3, 0x4965, 0x0000, 0x0000,
0x28c3, 0x0000, 0xf81f, 0xf81f, 0xf81f, 0xf81f, 0xf81f, 0xf81f, 0xf81f, 0xf81f,
0xf81f, 0xf81f, 0xf81f, 0xf81f, 0x3186, 0x6a08, 0x8a8a, 0x8a8a, 0x6a08, 0x28c3,
0x0000, 0x4965, 0x4965, 0x28c3, 0x0000, 0x0000, 0xf81f, 0xf81f, 0xf81f, 0xf81f,
0xf81f, 0xf81f, 
0xf81f, 0xf81f, 0xf81f, 0x3186, 0x3186, 0x2945, 0x3186, 0x31a6, 0x0000, 0x4965,
0xaa00, 0x7980, 0x7980, 0x0000, 0x4965, 0x28c3, 0x0000, 0x3186, 0x31a6, 0x0000,
0x0000, 0xf81f, 0xf81f, 0xf81f, 0xf81f, 0xf81f, 0xf81f, 0x2945, 0x2945, 0x2945,
0x18e3, 0x0000, 0x6a08, 0x8a8a, 0x6a08, 0x7980, 0x7980, 0x6a08, 0x4965, 0x28c3,
0x0000, 0x0000, 0xf81f, 0xf81f, 0xf81f, 0xf81f, 0xf81f, 0xf81f, 0xf81f, 0xf81f,
0xf81f, 0xf81f, 0xf81f, 0xf81f, 0xf81f, 0x6a08, 0x8a8a, 0x6a08, 0x6a08, 0x28c3,
0x4965, 0x4965, 0x4965, 0x28c3, 0x0000, 0x0000, 0xf81f, 0xf81f, 0xf81f, 0xf81f,
0xf81f, 0xf81f, 0xf81f, 0xf81f, 0xf81f, 0xf81f, 0xf81f, 0xf81f, 0xf81f, 0x0000,
0x6a08, 0x8a8a, 0x4965, 0x7980, 0x7980, 0x6a08, 0x4965, 0x28c3, 0x0000, 0x0000,
0xf81f, 0xf81f, 0xf81f, 0xf81f, 0xf81f, 0xf81f, 0xf81f, 0xf81f, 0xf81f, 0xf81f,
0xf81f, 0xf81f, 0xf81f, 0xf81f, 0x0000, 0x4965, 0xaa00, 0x7980, 0x7980, 0x0000,
0x4965, 0x0000, 0x0000, 0xf81f, 0xf81f, 0xf81f, 0xf81f, 0xf81f, 0xf81f, 0xf81f,
0xf81f, 0xf81f, 0xf81f, 0xf81f, 0xf81f, 0xf81f, 0xf81f, 0x0000, 0x6a08, 0x8a8a,
0x6a08, 0x7980, 0x7980, 0x6a08, 0x4965, 0x28c3, 0x0000, 0x0000, 0xf81f, 0xf81f,
0xf81f, 0xf81f, 0xf81f, 0xf81f, 0xf81f, 0xf81f, 0xf81f, 0xf81f, 0xf81f, 0xf81f,
0xf81f, 0x6a08, 0x8a8a, 0x6a08, 0x6a08, 0x28c3, 0x4965, 0x4965, 0x4965, 0x28c3,
0x0000, 0x0000, 0xf81f, 0xf81f, 0xf81f, 0xf81f, 0xf81f, 0xf81f, 0xf81f, 0xf81f,
0xf81f, 0xf81f, 0xf81f, 0x3186, 0x3186, 0x0000, 0x6a08, 0x8a8a, 0x4965, 0x7980,
0x7980, 0x6a08, 0x4965, 0x28c3, 0x0000, 0x0000, 0xf81f, 0xf81f, 0xf81f, 0xf81f,
0xf81f, 0xf81f, 
0xf81f, 0xf81f, 0xf81f, 0x2945, 0x3186, 0x2945, 0x2945, 0x2945, 0x2945, 0x0000,
0x7980, 0x7980, 0x7980, 0x2880, 0x0000, 0x0000, 0x3186, 0x2945, 0x0000, 0x0000,
0xf81f, 0xf81f, 0xf81f, 0xf81f, 0xf81f, 0xf81f, 0x18e3, 0x18e3, 0x18e3, 0x1082,
0x3186, 0x31a6, 0x0000, 0x4965, 0xaa00, 0x7980, 0x7980, 0x0000, 0x4965, 0x0000,
0x0000, 0x2945, 0x2945, 0x18e3, 0xf81f, 0xf81f, 0xf81f, 0xf81f, 0xf81f, 0xf81f,
0xf81f, 0xf81f, 0xf81f, 0xf81f, 0x3186, 0x0000, 0x6a08, 0x8a8a, 0x6a08, 0x7980,
0x7980, 0x6a08, 0x4965, 0x28c3, 0x0000, 0x0000, 0xf81f, 0xf81f, 0xf81f, 0xf81f,
0xf81f, 0xf81f, 0xf81f, 0xf81f, 0xf81f, 0xf81f, 0xf81f, 0xf81f, 0xf81f, 0xf81f,
0x0000, 0x28c3, 0x7980, 0x7980, 0x7980, 0x2880, 0x28c3, 0x0000, 0x0000, 0xf81f,
0xf81f, 0xf81f, 0xf81f, 0xf81f, 0xf81f, 0xf81f, 0xf81f, 0xf81f, 0xf81f, 0xf81f,
0xf81f, 0xf81f, 0xf81f, 0xf81f, 0x2945, 0x0000, 0x7980, 0x7980, 0x7980, 0x2880,
0x0000, 0x0000, 0xf81f, 0xf81f, 0xf81f, 0xf81f, 0xf81f, 0xf81f, 0xf81f, 0xf81f,
0xf81f, 0xf81f, 0xf81f, 0xf81f, 0xf81f, 0xf81f, 0xf81f, 0x3186, 0x0000, 0x4965,
0xaa00, 0x7980, 0x7980, 0x0000, 0x4965, 0x0000, 0x0000, 0xf81f, 0xf81f, 0xf81f,
0xf81f, 0xf81f, 0xf81f, 0xf81f, 0xf81f, 0xf81f, 0xf81f, 0xf81f, 0xf81f, 0xf81f,
0xf81f, 0x0000, 0x6a08, 0x8a8a, 0x6a08, 0x7980, 0x7980, 0x6a08, 0x4965, 0x28c3,
0x0000, 0x0000, 0xf81f, 0xf81f, 0xf81f, 0xf81f, 0xf81f, 0xf81f, 0xf81f, 0xf81f,
0xf81f, 0xf81f, 0x2945, 0x2945, 0x3186, 0x31a6, 0x0000, 0x28c3, 0x7980, 0x7980,
0x7980, 0x2880, 0x28c3, 0x0000, 0x0000, 0x2945, 0x2945, 0xf81f, 0xf81f, 0xf81f,
0xf81f, 0xf81f, 
0xf81f, 0xf81f, 0xf81f, 0xf81f, 0x2945, 0x2945, 0x0020, 0x10a2, 0x18e3, 0x18e3,
0x1082, 0x7980, 0x2880, 0xf81f, 0x0020, 0x2945, 0x2945, 0x0000, 0x0000, 0xf81f,
0xf81f, 0xf81f, 0xf81f, 0xf81f, 0xf81f, 0xf81f, 0xf81f, 0x0020, 0x0000, 0xf81f,
0x2945, 0x2945, 0x2945, 0x0000, 0x7980, 0x7980, 0x7980, 0x2880, 0x0000, 0x0000,
0x3186, 0x31a6, 0x31a6, 0x2945, 0xf81f, 0xf81f, 0xf81f, 0xf81f, 0xf81f, 0xf81f,
0xf81f, 0xf81f, 0xf81f, 0x3186, 0x3186, 0x3186, 0x0000, 0x4965, 0xaa00, 0x7980,
0x7980, 0x0000, 0x28c3, 0x0000, 0x0000, 0xf81f, 0xf81f, 0xf81f, 0xf81f, 0xf81f,
0xf81f, 0xf81f, 0xf81f, 0xf81f, 0xf81f, 0xf81f, 0xf81f, 0xf81f, 0xf81f, 0xf81f,
0x18e3, 0x4965, 0x7980, 0x7980, 0x2880, 0x2880, 0x0000, 0xf81f, 0xf81f, 0xf81f,
0xf81f, 0xf81f, 0xf81f, 0xf81f, 0xf81f, 0xf81f, 0xf81f, 0xf81f, 0xf81f, 0xf81f,
0xf81f, 0xf81f, 0xf81f, 0xf81f, 0x18e3, 0x2945, 0x31a6, 0x7980, 0x2880, 0x3186,
0x2945, 0x0000, 0xf81f, 0xf81f, 0xf81f, 0xf81f, 0xf81f, 0xf81f, 0xf81f, 0xf81f,
0xf81f, 0xf81f, 0xf81f, 0xf81f, 0xf81f, 0xf81f, 0xf81f, 0xf81f, 0x3186, 0x0000,
0x7980, 0x7980, 0x7980, 0x2880, 0x0000, 0x0000, 0xf81f, 0xf81f, 0xf81f, 0xf81f,
0xf81f, 0xf81f, 0xf81f, 0xf81f, 0xf81f, 0xf81f, 0xf81f, 0xf81f, 0xf81f, 0xf81f,
0xf81f, 0x3186, 0x0000, 0x4965, 0xaa00, 0x7980, 0x7980, 0x0000, 0x28c3, 0x0000,
0x0000, 0xf81f, 0xf81f, 0xf81f, 0xf81f, 0xf81f, 0xf81f, 0xf81f, 0xf81f, 0xf81f,
0xf81f, 0xf81f, 0x3186, 0x2945, 0x2945, 0x2945, 0x2945, 0x4965, 0x7980, 0x7980,
0x2880, 0x2880, 0x0000, 0x31a6, 0x3186, 0x3186, 0x2945, 0x2945, 0xf81f, 0xf81f,
0xf81f, 0xf81f, 
0xf81f, 0xf81f, 0xf81f, 0xf81f, 0x2945, 0x2945, 0x18e3, 0x18e3, 0x18e3, 0x1082,
0xf81f, 0xf81f, 0xf81f, 0xf81f, 0xf81f, 0x18e3, 0x0000, 0x0000, 0xf81f, 0xf81f,
0xf81f, 0xf81f, 0xf81f, 0xf81f, 0xf81f, 0xf81f, 0xf81f, 0xf81f, 0xf81f, 0xf81f,
0xf81f, 0x10a2, 0x18e3, 0x18e3, 0x18e3, 0x7980, 0x2880, 0x1082, 0x2945, 0x3186,
0x3186, 0x3186, 0x18e3, 0xf81f, 0xf81f, 0xf81f, 0xf81f, 0xf81f, 0xf81f, 0xf81f,
0xf81f, 0xf81f, 0xf81f, 0x2945, 0x2945, 0x2945, 0x2945, 0x0000, 0x7980, 0x7980,
0x2880, 0x2880, 0x0000, 0x0000, 0x3186, 0x0000, 0xf81f, 0xf81f, 0xf81f, 0xf81f,
0xf81f, 0xf81f, 0xf81f, 0xf81f, 0xf81f, 0xf81f, 0xf81f, 0xf81f, 0xf81f, 0xf81f,
0xf81f, 0x2945, 0x18e3, 0x2880, 0x2880, 0x2945, 0x18e3, 0xf81f, 0xf81f, 0xf81f,
0xf81f, 0xf81f, 0xf81f, 0xf81f, 0xf81f, 0xf81f, 0xf81f, 0xf81f, 0xf81f, 0xf81f,
0xf81f, 0xf81f, 0xf81f, 0xf81f, 0xf81f, 0x18e3, 0x3186, 0x3186, 0x3186, 0x3186,
0x0000, 0x0000, 0xf81f, 0xf81f, 0xf81f, 0xf81f, 0xf81f, 0xf81f, 0xf81f, 0xf81f,
0xf81f, 0xf81f, 0xf81f, 0xf81f, 0xf81f, 0xf81f, 0xf81f, 0xf81f, 0x2945, 0x18e3,
0x1082, 0x7980, 0x2880, 0xf81f, 0xf81f, 0xf81f, 0xf81f, 0xf81f, 0xf81f, 0xf81f,
0xf81f, 0xf81f, 0xf81f, 0xf81f, 0xf81f, 0xf81f, 0xf81f, 0xf81f, 0xf81f, 0xf81f,
0x3186, 0x18e3, 0x3186, 0x0000, 0x7980, 0x7980, 0x2880, 0x2880, 0x0000, 0x0000,
0xf81f, 0xf81f, 0xf81f, 0xf81f, 0xf81f, 0xf81f, 0xf81f, 0xf81f, 0xf81f, 0xf81f,
0xf81f, 0xf81f, 0x2945, 0x3186, 0x1082, 0x1082, 0x18e3, 0x18e3, 0x1082, 0x2880,
0x2880, 0xf81f, 0x2945, 0x2945, 0x3186, 0x31a6, 0x2945, 0x18e3, 0x0000, 0xf81f,
0xf81f, 0xf81f, 
0xf81f, 0xf81f, 0xf81f, 0xf81f, 0xf81f, 0x18e3, 0x2945, 0x18e3, 0x18e3, 0x1082,
0xf81f, 0xf81f, 0xf81f, 0xf81f, 0xf81f, 0xf81f, 0xf81f, 0xf81f, 0xf81f, 0xf81f,
0xf81f, 0xf81f, 0xf81f, 0xf81f, 0xf81f, 0xf81f, 0xf81f, 0xf81f, 0xf81f, 0xf81f,
0xf81f, 0xf81f, 0xf81f, 0xf81f, 0xf81f, 0xf81f, 0xf81f, 0xf81f, 0x2945, 0x2945,
0x18e3, 0x0000, 0xf81f, 0xf81f, 0xf81f, 0xf81f, 0xf81f, 0xf81f, 0xf81f, 0xf81f,
0xf81f, 0xf81f, 0xf81f, 0x18e3, 0x18e3, 0x1082, 0x2945, 0x2945, 0x0020, 0x7980,
0x2880, 0x2945, 0x31a6, 0x3186, 0x2945, 0x0020, 0xf81f, 0xf81f, 0xf81f, 0xf81f,
0xf81f, 0xf81f, 0xf81f, 0xf81f, 0xf81f, 0xf81f, 0xf81f, 0xf81f, 0xf81f, 0xf81f,
0x2945, 0x3186, 0x3186, 0x3186, 0x2945, 0x2945, 0x1082, 0xf81f, 0xf81f, 0xf81f,
0xf81f, 0xf81f, 0xf81f, 0xf81f, 0xf81f, 0xf81f, 0xf81f, 0xf81f, 0xf81f, 0xf81f,
0xf81f, 0xf81f, 0xf81f, 0xf81f, 0xf81f, 0xf81f, 0x2945, 0x2945, 0x2945, 0x0000,
0x0000, 0xf81f, 0xf81f, 0xf81f, 0xf81f, 0xf81f, 0xf81f, 0xf81f, 0xf81f, 0xf81f,
0xf81f, 0xf81f, 0xf81f, 0xf81f, 0xf81f, 0xf81f, 0xf81f, 0xf81f, 0x18e3, 0x18e3,
0x2945, 0x3186, 0x3186, 0x2945, 0x1082, 0xf81f, 0xf81f, 0xf81f, 0xf81f, 0xf81f,
0xf81f, 0xf81f, 0xf81f, 0xf81f, 0xf81f, 0xf81f, 0xf81f, 0xf81f, 0xf81f, 0xf81f,
0x3186, 0x2945, 0x18e3, 0x18e3, 0x1082, 0x7980, 0x2880, 0xf81f, 0xf81f, 0xf81f,
0xf81f, 0xf81f, 0xf81f, 0xf81f, 0xf81f, 0xf81f, 0xf81f, 0xf81f, 0xf81f, 0xf81f,
0xf81f, 0xf81f, 0x18e3, 0x3186, 0x2945, 0x2945, 0x18e3, 0x2945, 0x0000, 0xf81f,
0xf81f, 0xf81f, 0xf81f, 0x18e3, 0x2945, 0x2945, 0x18e3, 0x1082, 0xf81f, 0xf81f,
0xf81f, 0xf81f, 
0xf81f, 0xf81f, 0xf81f, 0xf81f, 0xf81f, 0xf81f, 0x18e3, 0x18e3, 0x18e3, 0x0000,
0xf81f, 0xf81f, 0xf81f, 0xf81f, 0xf81f, 0xf81f, 0xf81f, 0xf81f, 0xf81f, 0xf81f,
0xf81f, 0xf81f, 0xf81f, 0xf81f, 0xf81f, 0xf81f, 0xf81f, 0xf81f, 0xf81f, 0xf81f,
0xf81f, 0xf81f, 0xf81f, 0xf81f, 0xf81f, 0xf81f, 0xf81f, 0xf81f, 0x0861, 0x0000,
0xf81f, 0xf81f, 0xf81f, 0xf81f, 0xf81f, 0xf81f, 0xf81f, 0xf81f, 0xf81f, 0xf81f,
0xf81f, 0xf81f, 0xf81f, 0xf81f, 0xf81f, 0xf81f, 0xf81f, 0xf81f, 0xf81f, 0xf81f,
0xf81f, 0x1082, 0x2945, 0x2945, 0x18e3, 0x0000, 0xf81f, 0xf81f, 0xf81f, 0xf81f,
0xf81f, 0xf81f, 0xf81f, 0xf81f, 0xf81f, 0xf81f, 0xf81f, 0xf81f, 0xf81f, 0xf81f,
0x2945, 0x3186, 0x3186, 0x3186, 0x3186, 0x2945, 0x18e3, 0xf81f, 0xf81f, 0xf81f,
0xf81f, 0xf81f, 0xf81f, 0xf81f, 0xf81f, 0xf81f, 0xf81f, 0xf81f, 0xf81f, 0xf81f,
0xf81f, 0xf81f, 0xf81f, 0xf81f, 0xf81f, 0xf81f, 0x18e3, 0x18e3, 0x0020, 0x0000,
0xf81f, 0xf81f, 0xf81f, 0xf81f, 0xf81f, 0xf81f, 0xf81f, 0xf81f, 0xf81f, 0xf81f,
0xf81f, 0xf81f, 0xf81f, 0xf81f, 0xf81f, 0xf81f, 0xf81f, 0xf81f, 0xf81f, 0x18e3,
0x3186, 0x3186, 0x3186, 0x3186, 0x18e3, 0xf81f, 0xf81f, 0xf81f, 0xf81f, 0xf81f,
0xf81f, 0xf81f, 0xf81f, 0xf81f, 0xf81f, 0xf81f, 0xf81f, 0xf81f, 0xf81f, 0xf81f,
0x3186, 0x18e3, 0x18e3, 0x1082, 0x0000, 0x3186, 0xf81f, 0xf81f, 0xf81f, 0xf81f,
0xf81f, 0xf81f, 0xf81f, 0xf81f, 0xf81f, 0xf81f, 0xf81f, 0xf81f, 0xf81f, 0xf81f,
0xf81f, 0xf81f, 0xf81f, 0x2945, 0x3186, 0x2945, 0x2945, 0x2945, 0x18e3, 0xf81f,
0xf81f, 0xf81f, 0xf81f, 0xf81f, 0xf81f, 0xf81f, 0xf81f, 0xf81f, 0xf81f, 0xf81f,
0xf81f, 0xf81f, 
0xf81f, 0xf81f, 0xf81f, 0xf81f, 0xf81f, 0xf81f, 0xf81f, 0x0020, 0x0000, 0xf81f,
0xf81f, 0xf81f, 0xf81f, 0xf81f, 0xf81f, 0xf81f, 0xf81f, 0xf81f, 0xf81f, 0xf81f,
0xf81f, 0xf81f, 0xf81f, 0xf81f, 0xf81f, 0xf81f, 0xf81f, 0xf81f, 0xf81f, 0xf81f,
0xf81f, 0xf81f, 0xf81f, 0xf81f, 0xf81f, 0xf81f, 0xf81f, 0xf81f, 0xf81f, 0xf81f,
0xf81f, 0xf81f, 0xf81f, 0xf81f, 0xf81f, 0xf81f, 0xf81f, 0xf81f, 0xf81f, 0xf81f,
0xf81f, 0xf81f, 0xf81f, 0xf81f, 0xf81f, 0xf81f, 0xf81f, 0xf81f, 0xf81f, 0xf81f,
0xf81f, 0xf81f, 0xf81f, 0xf81f, 0xf81f, 0xf81f, 0xf81f, 0xf81f, 0xf81f, 0xf81f,
0xf81f, 0xf81f, 0xf81f, 0xf81f, 0xf81f, 0xf81f, 0xf81f, 0xf81f, 0xf81f, 0xf81f,
0xf81f, 0x2945, 0x2945, 0x3186, 0x31a6, 0x2945, 0x18e3, 0xf81f, 0xf81f, 0xf81f,
0xf81f, 0xf81f, 0xf81f, 0xf81f, 0xf81f, 0xf81f, 0xf81f, 0xf81f, 0xf81f, 0xf81f,
0xf81f, 0xf81f, 0xf81f, 0xf81f, 0xf81f, 0xf81f, 0xf81f, 0x0020, 0x0000, 0xf81f,
0xf81f, 0xf81f, 0xf81f, 0xf81f, 0xf81f, 0xf81f, 0xf81f, 0xf81f, 0xf81f, 0xf81f,
0xf81f, 0xf81f, 0xf81f, 0xf81f, 0xf81f, 0xf81f, 0xf81f, 0xf81f, 0xf81f, 0x2945,
0x3186, 0x3186, 0x3186, 0x1082, 0xf81f, 0xf81f, 0xf81f, 0xf81f, 0xf81f, 0xf81f,
0xf81f, 0xf81f, 0xf81f, 0xf81f, 0xf81f, 0xf81f, 0xf81f, 0xf81f, 0xf81f, 0xf81f,
0x2945, 0x3186, 0x1082, 0x3186, 0x3186, 0x2945, 0xf81f, 0xf81f, 0xf81f, 0xf81f,
0xf81f, 0xf81f, 0xf81f, 0xf81f, 0xf81f, 0xf81f, 0xf81f, 0xf81f, 0xf81f, 0xf81f,
0xf81f, 0xf81f, 0xf81f, 0xf81f, 0x18e3, 0x2945, 0x2945, 0x2945, 0x1082, 0xf81f,
0xf81f, 0xf81f, 0xf81f, 0xf81f, 0xf81f, 0xf81f, 0xf81f, 0xf81f, 0xf81f, 0xf81f,
0xf81f, 0xf81f, 
0xf81f, 0xf81f, 0xf81f, 0xf81f, 0xf81f, 0xf81f, 0xf81f, 0xf81f, 0xf81f, 0xf81f,
0xf81f, 0xf81f, 0xf81f, 0xf81f, 0xf81f, 0xf81f, 0xf81f, 0xf81f, 0xf81f, 0xf81f,
0xf81f, 0xf81f, 0xf81f, 0xf81f, 0xf81f, 0xf81f, 0xf81f, 0xf81f, 0xf81f, 0xf81f,
0xf81f, 0xf81f, 0xf81f, 0xf81f, 0xf81f, 0xf81f, 0xf81f, 0xf81f, 0xf81f, 0xf81f,
0xf81f, 0xf81f, 0xf81f, 0xf81f, 0xf81f, 0xf81f, 0xf81f, 0xf81f, 0xf81f, 0xf81f,
0xf81f, 0xf81f, 0xf81f, 0xf81f, 0xf81f, 0xf81f, 0xf81f, 0xf81f, 0xf81f, 0xf81f,
0xf81f, 0xf81f, 0xf81f, 0xf81f, 0xf81f, 0xf81f, 0xf81f, 0xf81f, 0xf81f, 0xf81f,
0xf81f, 0xf81f, 0xf81f, 0xf81f, 0xf81f, 0xf81f, 0xf81f, 0xf81f, 0xf81f, 0xf81f,
0xf81f, 0xf81f, 0xf81f, 0x18e3, 0x2945, 0x18e3, 0x0020, 0xf81f, 0xf81f, 0xf81f,
0xf81f, 0xf81f, 0xf81f, 0xf81f, 0xf81f, 0xf81f, 0xf81f, 0xf81f, 0xf81f, 0xf81f,
0xf81f, 0xf81f, 0xf81f, 0xf81f, 0xf81f, 0xf81f, 0xf81f, 0xf81f, 0xf81f, 0xf81f,
0xf81f, 0xf81f, 0xf81f, 0xf81f, 0xf81f, 0xf81f, 0xf81f, 0xf81f, 0xf81f, 0xf81f,
0xf81f, 0xf81f, 0xf81f, 0xf81f, 0xf81f, 0xf81f, 0xf81f, 0xf81f, 0xf81f, 0xf81f,
0x2945, 0x18e3, 0x0000, 0xf81f, 0xf81f, 0xf81f, 0xf81f, 0xf81f, 0xf81f, 0xf81f,
0xf81f, 0xf81f, 0xf81f, 0xf81f, 0xf81f, 0xf81f, 0xf81f, 0xf81f, 0xf81f, 0xf81f,
0xf81f, 0x2945, 0x2945, 0x31a6, 0x3186, 0x2945, 0x0000, 0xf81f, 0xf81f, 0xf81f,
0xf81f, 0xf81f, 0xf81f, 0xf81f, 0xf81f, 0xf81f, 0xf81f, 0xf81f, 0xf81f, 0xf81f,
0xf81f, 0xf81f, 0xf81f, 0xf81f, 0xf81f, 0xf81f, 0x0020, 0x0020, 0xf81f, 0xf81f,
0xf81f, 0xf81f, 0xf81f, 0xf81f, 0xf81f, 0xf81f, 0xf81f, 0xf81f, 0xf81f, 0xf81f,
0xf81f, 0xf81f, 
0xf81f, 0xf81f, 0xf81f, 0xf81f, 0xf81f, 0xf81f, 0xf81f, 0xf81f, 0xf81f, 0xf81f,
0xf81f, 0xf81f, 0xf81f, 0xf81f, 0xf81f, 0xf81f, 0xf81f, 0xf81f, 0xf81f, 0xf81f,
0xf81f, 0xf81f, 0xf81f, 0xf81f, 0xf81f, 0xf81f, 0xf81f, 0xf81f, 0xf81f, 0xf81f,
0xf81f, 0xf81f, 0xf81f, 0xf81f, 0xf81f, 0xf81f, 0xf81f, 0xf81f, 0xf81f, 0xf81f,
0xf81f, 0xf81f, 0xf81f, 0xf81f, 0xf81f, 0xf81f, 0xf81f, 0xf81f, 0xf81f, 0xf81f,
0xf81f, 0xf81f, 0xf81f, 0xf81f, 0xf81f, 0xf81f, 0xf81f, 0xf81f, 0xf81f, 0xf81f,
0xf81f, 0xf81f, 0xf81f, 0xf81f, 0xf81f, 0xf81f, 0xf81f, 0xf81f, 0xf81f, 0xf81f,
0xf81f, 0xf81f, 0xf81f, 0xf81f, 0xf81f, 0xf81f, 0xf81f, 0xf81f, 0xf81f, 0xf81f,
0xf81f, 0xf81f, 0xf81f, 0xf81f, 0xf81f, 0xf81f, 0xf81f, 0xf81f, 0xf81f, 0xf81f,
0xf81f, 0xf81f, 0xf81f, 0xf81f, 0xf81f, 0xf81f, 0xf81f, 0xf81f, 0xf81f, 0xf81f,
0xf81f, 0xf81f, 0xf81f, 0xf81f, 0xf81f, 0xf81f, 0xf81f, 0xf81f, 0xf81f, 0xf81f,
0xf81f, 0xf81f, 0xf81f, 0xf81f, 0xf81f, 0xf81f, 0xf81f, 0xf81f, 0xf81f, 0xf81f,
0xf81f, 0xf81f, 0xf81f, 0xf81f, 0xf81f, 0xf81f, 0xf81f, 0xf81f, 0xf81f, 0xf81f,
0xf81f, 0xf81f, 0xf81f, 0xf81f, 0xf81f, 0xf81f, 0xf81f, 0xf81f, 0xf81f, 0xf81f,
0xf81f, 0xf81f, 0xf81f, 0xf81f, 0xf81f, 0xf81f, 0xf81f, 0xf81f, 0xf81f, 0xf81f,
0xf81f, 0xf81f, 0xf81f, 0x2945, 0x2945, 0x18e3, 0x0000, 0xf81f, 0xf81f, 0xf81f,
0xf81f, 0xf81f, 0xf81f, 0xf81f, 0xf81f, 0xf81f, 0xf81f, 0xf81f, 0xf81f, 0xf81f,
0xf81f, 0xf81f, 0xf81f, 0xf81f, 0xf81f, 0xf81f, 0xf81f, 0xf81f, 0xf81f, 0xf81f,
0xf81f, 0xf81f, 0xf81f, 0xf81f, 0xf81f, 0xf81f, 0xf81f, 0xf81f, 0xf81f, 0xf81f,
0xf81f, 0xf81f, 
0xf81f, 0xf81f, 0xf81f, 0xf81f, 0xf81f, 0xf81f, 0xf81f, 0xf81f, 0xf81f, 0xf81f,
0xf81f, 0xf81f, 0xf81f, 0xf81f, 0xf81f, 0xf81f, 0xf81f, 0xf81f, 0xf81f, 0xf81f,
0xf81f, 0xf81f, 0xf81f, 0xf81f, 0xf81f, 0xf81f, 0xf81f, 0xf81f, 0xf81f, 0xf81f,
0xf81f, 0xf81f, 0xf81f, 0xf81f, 0xf81f, 0xf81f, 0xf81f, 0xf81f, 0xf81f, 0xf81f,
0xf81f, 0xf81f, 0xf81f, 0xf81f, 0xf81f, 0xf81f, 0xf81f, 0xf81f, 0xf81f, 0xf81f,
0xf81f, 0xf81f, 0xf81f, 0xf81f, 0xf81f, 0xf81f, 0xf81f, 0xf81f, 0xf81f, 0xf81f,
0xf81f, 0xf81f, 0xf81f, 0xf81f, 0xf81f, 0xf81f, 0xf81f, 0xf81f, 0xf81f, 0xf81f,
0xf81f, 0xf81f, 0xf81f, 0xf81f, 0xf81f, 0xf81f, 0xf81f, 0xf81f, 0xf81f, 0xf81f,
0xf81f, 0xf81f, 0xf81f, 0xf81f, 0xf81f, 0xf81f, 0xf81f, 0xf81f, 0xf81f, 0xf81f,
0xf81f, 0xf81f, 0xf81f, 0xf81f, 0xf81f, 0xf81f, 0xf81f, 0xf81f, 0xf81f, 0xf81f,
0xf81f, 0xf81f, 0xf81f, 0xf81f, 0xf81f, 0xf81f, 0xf81f, 0xf81f, 0xf81f, 0xf81f,
0xf81f, 0xf81f, 0xf81f, 0xf81f, 0xf81f, 0xf81f, 0xf81f, 0xf81f, 0xf81f, 0xf81f,
0xf81f, 0xf81f, 0xf81f, 0xf81f, 0xf81f, 0xf81f, 0xf81f, 0xf81f, 0xf81f, 0xf81f,
0xf81f, 0xf81f, 0xf81f, 0xf81f, 0xf81f, 0xf81f, 0xf81f, 0xf81f, 0xf81f, 0xf81f,
0xf81f, 0xf81f, 0xf81f, 0xf81f, 0xf81f, 0xf81f, 0xf81f, 0xf81f, 0xf81f, 0xf81f,
0xf81f, 0xf81f, 0xf81f, 0xf81f, 0xf81f, 0xf81f, 0xf81f, 0xf81f, 0xf81f, 0xf81f,
0xf81f, 0xf81f, 0xf81f, 0xf81f, 0xf81f, 0xf81f, 0xf81f, 0xf81f, 0xf81f, 0xf81f,
0xf81f, 0xf81f, 0xf81f, 0xf81f, 0xf81f, 0xf81f, 0xf81f, 0xf81f, 0xf81f, 0xf81f,
0xf81f, 0xf81f, 0xf81f, 0xf81f, 0xf81f, 0xf81f, 0xf81f, 0xf81f, 0xf81f, 0xf81f,
0xf81f, 0xf81f, 
0xf81f, 0xf81f, 0xf81f, 0xf81f, 0xf81f, 0xf81f, 0xf81f, 0xf81f, 0xf81f, 0x2104,
0x18c3, 0x18c3, 0x1082, 0x1082, 0x0000, 0xf81f, 0xf81f, 0xf81f, 0xf81f, 0xf81f,
0xf81f, 0xf81f, 0xf81f, 0xf81f, 0xf81f, 0xf81f, 0xf81f, 0xf81f, 0xf81f, 0xf81f,
0xf81f, 0xf81f, 0xf81f, 0x2104, 0x2104, 0x18c3, 0x18c3, 0x1082, 0x0000, 0xf81f,
0xf81f, 0xf81f, 0xf81f, 0xf81f, 0xf81f, 0xf81f, 0xf81f, 0xf81f, 0xf81f, 0xf81f,
0xf81f, 0xf81f, 0xf81f, 0xf81f, 0xf81f, 0xf81f, 0xf81f, 0x2104, 0x18c3, 0x18c3,
0x1082, 0x1082, 0x0000, 0xf81f, 0xf81f, 0xf81f, 0xf81f, 0xf81f, 0xf81f, 0xf81f,
0xf81f, 0xf81f, 0xf81f, 0xf81f, 0xf81f, 0xf81f, 0xf81f, 0xf81f, 0xf81f, 0xf81f,
0xf81f, 0x2104, 0x2104, 0x18c3, 0x1082, 0x1082, 0x0000, 0xf81f, 0xf81f, 0xf81f,
0xf81f, 0xf81f, 0xf81f, 0xf81f, 0xf81f, 0xf81f, 0xf81f, 0xf81f, 0xf81f, 0xf81f,
0xf81f, 0xf81f, 0xf81f, 0xf81f, 0xf81f, 0x2104, 0x18c3, 0x18c3, 0x1082, 0x1082,
0x0000, 0xf81f, 0xf81f, 0xf81f, 0xf81f, 0xf81f, 0xf81f, 0xf81f, 0xf81f, 0xf81f,
0xf81f, 0xf81f, 0xf81f, 0xf81f, 0xf81f, 0xf81f, 0xf81f, 0xf81f, 0xf81f, 0x2104,
0x18c3, 0x18c3, 0x1082, 0x1082, 0x0000, 0xf81f, 0xf81f, 0xf81f, 0xf81f, 0xf81f,
0xf81f, 0xf81f, 0xf81f, 0xf81f, 0xf81f, 0xf81f, 0xf81f, 0xf81f, 0xf81f, 0xf81f,
0xf81f, 0xf81f, 0xf81f, 0x2104, 0x2104, 0x18c3, 0x18c3, 0x1082, 0x0000, 0xf81f,
0xf81f, 0xf81f, 0xf81f, 0xf81f, 0xf81f, 0xf81f, 0xf81f, 0xf81f, 0xf81f, 0xf81f,
0xf81f, 0xf81f, 0xf81f, 0xf81f, 0xf81f, 0xf81f, 0xf81f, 0x2104, 0x18c3, 0x1082,
0x1082, 0x0000, 0x0000, 0xf81f, 0xf81f, 0xf81f, 0xf81f, 0xf81f, 0xf81f, 0xf81f,
0xf81f, 0xf81f, 
0xf81f, 0xf81f, 0xf81f, 0xf81f, 0xf81f, 0xf81f, 0xf81f, 0xf81f, 0xf81f, 0x2104,
0x18c3, 0x18c3, 0x1082, 0x1082, 0x0000, 0xf81f, 0xf81f, 0xf81f, 0xf81f, 0xf81f,
0xf81f, 0xf81f, 0xf81f, 0xf81f, 0xf81f, 0xf81f, 0xf81f, 0xf81f, 0xf81f, 0xf81f,
0xf81f, 0xf81f, 0xf81f, 0x2104, 0x18c3, 0x18c3, 0x1082, 0x1082, 0x0000, 0x0000,
0xf81f, 0xf81f, 0xf81f, 0xf81f, 0xf81f, 0xf81f, 0xf81f, 0xf81f, 0xf81f, 0xf81f,
0xf81f, 0xf81f, 0xf81f, 0xf81f, 0xf81f, 0xf81f, 0xf81f, 0x2104, 0x18c3, 0x18c3,
0x1082, 0x1082, 0x0000, 0xf81f, 0xf81f, 0xf81f, 0xf81f, 0xf81f, 0xf81f, 0xf81f,
0xf81f, 0xf81f, 0xf81f, 0xf81f, 0xf81f, 0xf81f, 0xf81f, 0xf81f, 0xf81f, 0xf81f,
0xf81f, 0x2104, 0x18c3, 0x18c3, 0x18c3, 0x1082, 0x1082, 0x0000, 0xf81f, 0xf81f,
0xf81f, 0xf81f, 0xf81f, 0xf81f, 0xf81f, 0xf81f, 0xf81f, 0xf81f, 0xf81f, 0xf81f,
0xf81f, 0xf81f, 0xf81f, 0xf81f, 0xf81f, 0x2104, 0x18c3, 0x18c3, 0x1082, 0x1082,
0x0000, 0xf81f, 0xf81f, 0xf81f, 0xf81f, 0xf81f, 0xf81f, 0xf81f, 0xf81f, 0xf81f,
0xf81f, 0xf81f, 0xf81f, 0xf81f, 0xf81f, 0xf81f, 0xf81f, 0xf81f, 0x2104, 0x18c3,
0x18c3, 0x1082, 0x1082, 0x1082, 0x0000, 0xf81f, 0xf81f, 0xf81f, 0xf81f, 0xf81f,
0xf81f, 0xf81f, 0xf81f, 0xf81f, 0xf81f, 0xf81f, 0xf81f, 0xf81f, 0xf81f, 0xf81f,
0xf81f, 0xf81f, 0xf81f, 0x2104, 0x2104, 0x18c3, 0x18c3, 0x1082, 0x0000, 0xf81f,
0xf81f, 0xf81f, 0xf81f, 0xf81f, 0xf81f, 0xf81f, 0xf81f, 0xf81f, 0xf81f, 0xf81f,
0xf81f, 0xf81f, 0xf81f, 0xf81f, 0xf81f, 0xf81f, 0x2104, 0x2104, 0x18c3, 0x18c3,
0x1082, 0x1082, 0x0000, 0xf81f, 0xf81f, 0xf81f, 0xf81f, 0xf81f, 0xf81f, 0xf81f,
0xf81f, 0xf81f, 
0xf81f, 0xf81f, 0xf81f, 0xf81f, 0xf81f, 0xf81f, 0xf81f, 0xf81f, 0xf81f, 0x2104,
0x18c3, 0x18c3, 0x1082, 0x1082, 0x0000, 0xf81f, 0xf81f, 0xf81f, 0xf81f, 0xf81f,
0xf81f, 0xf81f, 0xf81f, 0xf81f, 0xf81f, 0xf81f, 0xf81f, 0xf81f, 0xf81f, 0xf81f,
0xf81f, 0xf81f, 0xf81f, 0x2104, 0x18c3, 0x1082, 0x1082, 0x1082, 0x6120, 0x40c0,
0xf81f, 0xf81f, 0xf81f, 0xf81f, 0xf81f, 0xf81f, 0xf81f, 0xf81f, 0xf81f, 0xf81f,
0xf81f, 0xf81f, 0xf81f, 0xf81f, 0xf81f, 0xf81f, 0xf81f, 0x2104, 0x18c3, 0x18c3,
0x1082, 0x1082, 0x0000, 0x2060, 0xf81f, 0xf81f, 0xf81f, 0xf81f, 0xf81f, 0xf81f,
0xf81f, 0xf81f, 0xf81f, 0xf81f, 0xf81f, 0xf81f, 0xf81f, 0xf81f, 0xf81f, 0xf81f,
0xf81f, 0x18c3, 0xf4a9, 0xd280, 0xd280, 0xaa00, 0x89a0, 0x40c0, 0xf81f, 0xf81f,
0xf81f, 0xf81f, 0xf81f, 0xf81f, 0xf81f, 0xf81f, 0xf81f, 0xf81f, 0xf81f, 0xf81f,
0xf81f, 0xf81f, 0xf81f, 0xf81f, 0xf81f, 0x89a0, 0xf4a9, 0xd280, 0xaa00, 0x89a0,
0x6120, 0xf81f, 0xf81f, 0xf81f, 0xf81f, 0xf81f, 0xf81f, 0xf81f, 0xf81f, 0xf81f,
0xf81f, 0xf81f, 0xf81f, 0xf81f, 0xf81f, 0xf81f, 0xf81f, 0xf81f, 0x40c0, 0xf4a9,
0xd280, 0xaa00, 0x89a0, 0x89a0, 0x0000, 0xf81f, 0xf81f, 0xf81f, 0xf81f, 0xf81f,
0xf81f, 0xf81f, 0xf81f, 0xf81f, 0xf81f, 0xf81f, 0xf81f, 0xf81f, 0xf81f, 0xf81f,
0xf81f, 0xf81f, 0x6120, 0x2104, 0x2104, 0x18c3, 0x18c3, 0x1082, 0x0000, 0xf81f,
0xf81f, 0xf81f, 0xf81f, 0xf81f, 0xf81f, 0xf81f, 0xf81f, 0xf81f, 0xf81f, 0xf81f,
0xf81f, 0xf81f, 0xf81f, 0xf81f, 0xf81f, 0xf81f, 0xaa00, 0xf4a9, 0x18c3, 0x18c3,
0x18c3, 0x1082, 0x0000, 0xf81f, 0xf81f, 0xf81f, 0xf81f, 0xf81f, 0xf81f, 0xf81f,
0xf81f, 0xf81f, 
0xf81f, 0xf81f, 0xf81f, 0xf81f, 0xf81f, 0xf81f, 0xf81f, 0xf81f, 0xf81f, 0x2104,
0x18c3, 0x18c3, 0x1082, 0x1082, 0x0000, 0xf81f, 0xf81f, 0xf81f, 0xf81f, 0xf81f,
0xf81f, 0xf81f, 0xf81f, 0xf81f, 0xf81f, 0xf81f, 0xf81f, 0xf81f, 0xf81f, 0xf81f,
0xf81f, 0xf81f, 0xf81f, 0x2104, 0x18c3, 0x1082, 0x1082, 0x0000, 0x6120, 0x30a0,
0xf81f, 0xf81f, 0xf81f, 0xf81f, 0xf81f, 0xf81f, 0xf81f, 0xf81f, 0xf81f, 0xf81f,
0xf81f, 0xf81f, 0xf81f, 0xf81f, 0xf81f, 0xf81f, 0xf81f, 0x2104, 0x18c3, 0x18c3,
0xaa00, 0x89a0, 0x6120, 0x30a0, 0xf81f, 0xf81f, 0xf81f, 0xf81f, 0xf81f, 0xf81f,
0xf81f, 0xf81f, 0xf81f, 0xf81f, 0xf81f, 0xf81f, 0xf81f, 0xf81f, 0xf81f, 0xf81f,
0xf81f, 0x18c3, 0xf4a9, 0xd280, 0xd280, 0xaa00, 0x89a0, 0x40c0, 0xf81f, 0xf81f,
0xf81f, 0xf81f, 0xf81f, 0xf81f, 0xf81f, 0xf81f, 0xf81f, 0xf81f, 0xf81f, 0xf81f,
0xf81f, 0xf81f, 0xf81f, 0xf81f, 0xf81f, 0x89a0, 0xf4a9, 0xd280, 0xaa00, 0x89a0,
0x6120, 0xf81f, 0xf81f, 0xf81f, 0xf81f, 0xf81f, 0xf81f, 0xf81f, 0xf81f, 0xf81f,
0xf81f, 0xf81f, 0xf81f, 0xf81f, 0xf81f, 0xf81f, 0xf81f, 0xf81f, 0x6120, 0xf4a9,
0xd280, 0xaa00, 0x89a0, 0x89a0, 0x0000, 0xf81f, 0xf81f, 0xf81f, 0xf81f, 0xf81f,
0xf81f, 0xf81f, 0xf81f, 0xf81f, 0xf81f, 0xf81f, 0xf81f, 0xf81f, 0xf81f, 0xf81f,
0xf81f, 0xf81f, 0x40c0, 0xd280, 0xf4a9, 0xaa00, 0x18c3, 0x1082, 0x0000, 0xf81f,
0xf81f, 0xf81f, 0xf81f, 0xf81f, 0xf81f, 0xf81f, 0xf81f, 0xf81f, 0xf81f, 0xf81f,
0xf81f, 0xf81f, 0xf81f, 0xf81f, 0xf81f, 0xf81f, 0x40c0, 0xd280, 0x2104, 0x18c3,
0x18c3, 0x1082, 0x0000, 0xf81f, 0xf81f, 0xf81f, 0xf81f, 0xf81f, 0xf81f, 0xf81f,
0xf81f, 0xf81f, 
0xf81f, 0xf81f, 0xf81f, 0xf81f, 0xf81f, 0xf81f, 0xf81f, 0xf81f, 0xf81f, 0x2104,
0x18c3, 0x18c3, 0x1082, 0x1082, 0x0000, 0xf81f, 0xf81f, 0xf81f, 0xf81f, 0xf81f,
0xf81f, 0xf81f, 0xf81f, 0xf81f, 0xf81f, 0xf81f, 0xf81f, 0xf81f, 0xf81f, 0xf81f,
0xf81f, 0xf81f, 0xf81f, 0x2104, 0x18c3, 0x1082, 0x1082, 0x0000, 0xaa00, 0x6120,
0xf81f, 0xf81f, 0xf81f, 0xf81f, 0xf81f, 0xf81f, 0xf81f, 0xf81f, 0xf81f, 0xf81f,
0xf81f, 0xf81f, 0xf81f, 0xf81f, 0xf81f, 0xf81f, 0xf81f, 0x2104, 0x18c3, 0xaa00,
0x6120, 0x40c0, 0x0000, 0x2060, 0x40c0, 0xf81f, 0xf81f, 0xf81f, 0xf81f, 0xf81f,
0xf81f, 0xf81f, 0xf81f, 0xf81f, 0xf81f, 0xf81f, 0xf81f, 0xf81f, 0xf81f, 0xf81f,
0xf81f, 0x89a0, 0x40c0, 0x0000, 0x40c0, 0x40c0, 0x0000, 0x40c0, 0xf81f, 0xf81f,
0xf81f, 0xf81f, 0xf81f, 0xf81f, 0xf81f, 0xf81f, 0xf81f, 0xf81f, 0xf81f, 0xf81f,
0xf81f, 0xf81f, 0xf81f, 0xf81f, 0xf81f, 0x40c0, 0x0000, 0x40c0, 0x40c0, 0x0000,
0x40c0, 0xf81f, 0xf81f, 0xf81f, 0xf81f, 0xf81f, 0xf81f, 0xf81f, 0xf81f, 0xf81f,
0xf81f, 0xf81f, 0xf81f, 0xf81f, 0xf81f, 0xf81f, 0xf81f, 0xf81f, 0x40c0, 0x0000,
0x40c0, 0x40c0, 0x0000, 0x40c0, 0x6120, 0xf81f, 0xf81f, 0xf81f, 0xf81f, 0xf81f,
0xf81f, 0xf81f, 0xf81f, 0xf81f, 0xf81f, 0xf81f, 0xf81f, 0xf81f, 0xf81f, 0xf81f,
0xf81f, 0xd280, 0x6120, 0x0000, 0x40c0, 0x6120, 0x89a0, 0x1082, 0x0000, 0xf81f,
0xf81f, 0xf81f, 0xf81f, 0xf81f, 0xf81f, 0xf81f, 0xf81f, 0xf81f, 0xf81f, 0xf81f,
0xf81f, 0xf81f, 0xf81f, 0xf81f, 0xf81f, 0xf81f, 0xaa00, 0xf4a9, 0x2104, 0x18c3,
0x18c3, 0x1082, 0x0000, 0xf81f, 0xf81f, 0xf81f, 0xf81f, 0xf81f, 0xf81f, 0xf81f,
0xf81f, 0xf81f, 
0xf81f, 0xf81f, 0xf81f, 0xf81f, 0xf81f, 0xf81f, 0xf81f, 0xf81f, 0xf81f, 0x2104,
0x18c3, 0x18c3, 0x1082, 0x1082, 0x0000, 0xf81f, 0xf81f, 0xf81f, 0xf81f, 0xf81f,
0xf81f, 0xf81f, 0xf81f, 0xf81f, 0xf81f, 0xf81f, 0xf81f, 0xf81f, 0xf81f, 0xf81f,
0xf81f, 0xf81f, 0xf81f, 0x2104, 0x18c3, 0x1082, 0x1082, 0x0000, 0xaa00, 0x6120,
0xf81f, 0xf81f, 0xf81f, 0xf81f, 0xf81f, 0xf81f, 0xf81f, 0xf81f, 0xf81f, 0xf81f,
0xf81f, 0xf81f, 0xf81f, 0xf81f, 0xf81f, 0xf81f, 0xf81f, 0x2104, 0xf4a9, 0xaa00,
0x89a0, 0x6120, 0x6120, 0x89a0, 0x6120, 0xf81f, 0xf81f, 0xf81f, 0xf81f, 0xf81f,
0xf81f, 0xf81f, 0xf81f, 0xf81f, 0xf81f, 0xf81f, 0xf81f, 0xf81f, 0xf81f, 0xf81f,
0xf81f, 0x89a0, 0x6120, 0x6120, 0xf4a9, 0x89a0, 0x6120, 0x6120, 0xf81f, 0xf81f,
0xf81f, 0xf81f, 0xf81f, 0xf81f, 0xf81f, 0xf81f, 0xf81f, 0xf81f, 0xf81f, 0xf81f,
0xf81f, 0xf81f, 0xf81f, 0xf81f, 0xf81f, 0x6120, 0x6120, 0xf4a9, 0x89a0, 0x6120,
0x6120, 0xf81f, 0xf81f, 0xf81f, 0xf81f, 0xf81f, 0xf81f, 0xf81f, 0xf81f, 0xf81f,
0xf81f, 0xf81f, 0xf81f, 0xf81f, 0xf81f, 0xf81f, 0xf81f, 0xf81f, 0x6120, 0x6120,
0xf4a9, 0x89a0, 0x6120, 0x6120, 0x6120, 0xf81f, 0xf81f, 0xf81f, 0xf81f, 0xf81f,
0xf81f, 0xf81f, 0xf81f, 0xf81f, 0xf81f, 0xf81f, 0xf81f, 0xf81f, 0xf81f, 0xf81f,
0xf81f, 0x6120, 0x89a0, 0x6120, 0x6120, 0x89a0, 0x89a0, 0xd280, 0x0000, 0xf81f,
0xf81f, 0xf81f, 0xf81f, 0xf81f, 0xf81f, 0xf81f, 0xf81f, 0xf81f, 0xf81f, 0xf81f,
0xf81f, 0xf81f, 0xf81f, 0xf81f, 0xf81f, 0xf81f, 0xaa00, 0xf4a9, 0x2104, 0x18c3,
0x18c3, 0x1082, 0x0000, 0xf81f, 0xf81f, 0xf81f, 0xf81f, 0xf81f, 0xf81f, 0xf81f,
0xf81f, 0xf81f, 
0xf81f, 0xf81f, 0xf81f, 0xf81f, 0xf81f, 0xf81f, 0xf81f, 0xf81f, 0xf81f, 0x40c0,
0xaa00, 0x6120, 0x6120, 0x6120, 0x40c0, 0x6a08, 0x6a08, 0x6a08, 0x28c3, 0xf81f,
0xf81f, 0xf81f, 0xf81f, 0xf81f, 0xf81f, 0xf81f, 0xf81f, 0xf81f, 0xf81f, 0xf81f,
0xf81f, 0xf81f, 0xf81f, 0x6120, 0xaa00, 0x6120, 0x6120, 0x89a0, 0x6120, 0x6120,
0x8a8a, 0x8a8a, 0x6a08, 0xf81f, 0xf81f, 0xf81f, 0xf81f, 0xf81f, 0xf81f, 0xf81f,
0xf81f, 0xf81f, 0xf81f, 0xf81f, 0xf81f, 0xf81f, 0xf81f, 0x89a0, 0xd280, 0x89a0,
0xd280, 0x89a0, 0x89a0, 0x40c0, 0xf81f, 0xf81f, 0xf81f, 0xf81f, 0xf81f, 0xf81f,
0xf81f, 0xf81f, 0xf81f, 0xf81f, 0xf81f, 0xf81f, 0xf81f, 0xf81f, 0xf81f, 0xf81f,
0xf81f, 0x89a0, 0xaa00, 0xaa00, 0x89a0, 0x6120, 0x6120, 0x6120, 0xf81f, 0xf81f,
0xf81f, 0xf81f, 0xf81f, 0xf81f, 0xf81f, 0xf81f, 0xf81f, 0xf81f, 0xf81f, 0xf81f,
0xf81f, 0xf81f, 0xf81f, 0xf81f, 0xf81f, 0x89a0, 0xaa00, 0x89a0, 0x6120, 0x6120,
0x89a0, 0xf81f, 0xf81f, 0xf81f, 0xf81f, 0xf81f, 0xf81f, 0xf81f, 0xf81f, 0xf81f,
0xf81f, 0xf81f, 0xf81f, 0xf81f, 0xf81f, 0xf81f, 0xf81f, 0xf81f, 0x89a0, 0xaa00,
0x89a0, 0x6120, 0x6120, 0x89a0, 0x6120, 0xf81f, 0xf81f, 0xf81f, 0xf81f, 0xf81f,
0xf81f, 0xf81f, 0xf81f, 0xf81f, 0xf81f, 0xf81f, 0xf81f, 0xf81f, 0xf81f, 0xf81f,
0xf81f, 0xf81f, 0x6120, 0x89a0, 0xd280, 0xaa00, 0x89a0, 0xaa00, 0x40c0, 0xf81f,
0xf81f, 0xf81f, 0xf81f, 0xf81f, 0xf81f, 0xf81f, 0xf81f, 0xf81f, 0xf81f, 0xf81f,
0xf81f, 0xf81f, 0xf81f, 0xf81f, 0xf81f, 0xf81f, 0xaa00, 0xaa00, 0x89a0, 0x6120,
0x40c0, 0x40c0, 0x40c0, 0xf81f, 0xf81f, 0xf81f, 0xf81f, 0xf81f, 0xf81f, 0xf81f,
0xf81f, 0xf81f, 
0xf81f, 0xf81f, 0xf81f, 0xf81f, 0xf81f, 0xf81f, 0xf81f, 0xf81f, 0x0000, 0x0000,
0xaa00, 0xaa00, 0x6120, 0x6120, 0x0000, 0x0000, 0x6a08, 0x4965, 0x0000, 0x0000,
0xf81f, 0xf81f, 0xf81f, 0xf81f, 0xf81f, 0xf81f, 0xf81f, 0xf81f, 0xf81f, 0xf81f,
0xf81f, 0xf81f, 0xf81f, 0x0000, 0x0000, 0xaa00, 0x6120, 0x6120, 0x6120, 0x40c0,
0x6a08, 0x6a08, 0x6a08, 0x28c3, 0xf81f, 0xf81f, 0xf81f, 0xf81f, 0xf81f, 0xf81f,
0xf81f, 0xf81f, 0xf81f, 0xf81f, 0xf81f, 0xf81f, 0xf81f, 0x6120, 0x89a0, 0xaa00,
0xaa00, 0xd280, 0xaa00, 0x30a0, 0xf81f, 0xf81f, 0xf81f, 0xf81f, 0xf81f, 0xf81f,
0xf81f, 0xf81f, 0xf81f, 0xf81f, 0xf81f, 0xf81f, 0xf81f, 0xf81f, 0xf81f, 0xf81f,
0xf81f, 0xaa00, 0xf4a9, 0xd280, 0x40c0, 0x40c0, 0x89a0, 0x6120, 0xf81f, 0xf81f,
0xf81f, 0xf81f, 0xf81f, 0xf81f, 0xf81f, 0xf81f, 0xf81f, 0xf81f, 0xf81f, 0xf81f,
0xf81f, 0xf81f, 0xf81f, 0xf81f, 0x0000, 0xaa00, 0xf4a9, 0x40c0, 0x40c0, 0x6120,
0x89a0, 0x0000, 0xf81f, 0xf81f, 0xf81f, 0xf81f, 0xf81f, 0xf81f, 0xf81f, 0xf81f,
0xf81f, 0xf81f, 0xf81f, 0xf81f, 0xf81f, 0xf81f, 0xf81f, 0xf81f, 0xaa00, 0xf4a9,
0x40c0, 0x40c0, 0x6120, 0x89a0, 0x6120, 0xf81f, 0xf81f, 0xf81f, 0xf81f, 0xf81f,
0xf81f, 0xf81f, 0xf81f, 0xf81f, 0xf81f, 0xf81f, 0xf81f, 0xf81f, 0xf81f, 0xf81f,
0xf81f, 0xf81f, 0x40c0, 0xaa00, 0x89a0, 0x89a0, 0x89a0, 0x6120, 0x40c0, 0xf81f,
0xf81f, 0xf81f, 0xf81f, 0xf81f, 0xf81f, 0xf81f, 0xf81f, 0xf81f, 0xf81f, 0xf81f,
0xf81f, 0xf81f, 0xf81f, 0xf81f, 0xf81f, 0xf81f, 0x6120, 0xd280, 0xd280, 0x6120,
0x6120, 0x40c0, 0x0000, 0x6a08, 0x6a08, 0x4965, 0xf81f, 0xf81f, 0xf81f, 0xf81f,
0xf81f, 0xf81f, 
0xf81f, 0xf81f, 0xf81f, 0xf81f, 0xf81f, 0xf81f, 0x6a08, 0x6a08, 0x6a08, 0x0000,
0x0000, 0x6a08, 0x6a08, 0x0000, 0x0000, 0x0000, 0x4965, 0x28c3, 0x0000, 0xf81f,
0xf81f, 0xf81f, 0xf81f, 0xf81f, 0xf81f, 0xf81f, 0xf81f, 0xf81f, 0xf81f, 0xf81f,
0xf81f, 0xf81f, 0x0000, 0x0000, 0x0000, 0x0000, 0x0000, 0x0000, 0x0000, 0x0000,
0x6a08, 0x6a08, 0x28c3, 0x0000, 0xf81f, 0xf81f, 0xf81f, 0xf81f, 0xf81f, 0xf81f,
0xf81f, 0xf81f, 0xf81f, 0xf81f, 0xf81f, 0xf81f, 0xf81f, 0x0000, 0x40c0, 0x6120,
0xaa00, 0x89a0, 0xaa00, 0x6120, 0xf81f, 0xf81f, 0xf81f, 0xf81f, 0xf81f, 0xf81f,
0xf81f, 0xf81f, 0xf81f, 0xf81f, 0xf81f, 0xf81f, 0xf81f, 0xf81f, 0xf81f, 0x728a,
0x0000, 0x0000, 0xaa00, 0xf4a9, 0xf4a9, 0xd280, 0x89a0, 0x40c0, 0xf81f, 0xf81f,
0xf81f, 0xf81f, 0xf81f, 0xf81f, 0xf81f, 0xf81f, 0xf81f, 0xf81f, 0xf81f, 0xf81f,
0xf81f, 0xf81f, 0x6a08, 0x6a08, 0x6a08, 0x40c0, 0xaa00, 0xf4a9, 0xf4a9, 0x89a0,
0x40c0, 0x6a08, 0x0000, 0xf81f, 0xf81f, 0xf81f, 0xf81f, 0xf81f, 0xf81f, 0xf81f,
0xf81f, 0xf81f, 0xf81f, 0xf81f, 0xf81f, 0xf81f, 0xf81f, 0xf81f, 0x40c0, 0xaa00,
0xf4a9, 0xf4a9, 0x89a0, 0x6120, 0x0000, 0x0000, 0xf81f, 0xf81f, 0xf81f, 0xf81f,
0xf81f, 0xf81f, 0xf81f, 0xf81f, 0xf81f, 0xf81f, 0xf81f, 0xf81f, 0xf81f, 0xf81f,
0xf81f, 0xf81f, 0xd280, 0xf4a9, 0xaa00, 0x6120, 0x40c0, 0x40c0, 0x0000, 0xf81f,
0xf81f, 0xf81f, 0xf81f, 0xf81f, 0xf81f, 0xf81f, 0xf81f, 0xf81f, 0xf81f, 0xf81f,
0xf81f, 0xf81f, 0xf81f, 0xf81f, 0xf81f, 0x728a, 0x0000, 0x0000, 0x0000, 0x0000,
0x0000, 0x0000, 0x0000, 0x0000, 0x6a08, 0x4965, 0x28c3, 0xf81f, 0xf81f, 0xf81f,
0xf81f, 0xf81f, 
0xf81f, 0xf81f, 0xf81f, 0xf81f, 0xf81f, 0xf81f, 0x8a8a, 0x8a8a, 0x8a8a, 0x0000,
0x6a08, 0x6a08, 0x6a08, 0x0000, 0x0000, 0x6a08, 0x4965, 0x0000, 0xf81f, 0xf81f,
0xf81f, 0xf81f, 0xf81f, 0xf81f, 0xf81f, 0xf81f, 0xf81f, 0xf81f, 0xf81f, 0xf81f,
0x8a8a, 0x6a08, 0x6a08, 0x0000, 0x0000, 0x6a08, 0x6a08, 0x0000, 0x0000, 0x0000,
0x4965, 0x4965, 0x0000, 0xf81f, 0xf81f, 0xf81f, 0xf81f, 0xf81f, 0xf81f, 0xf81f,
0xf81f, 0xf81f, 0xf81f, 0xf81f, 0xf81f, 0xf81f, 0x0000, 0x0000, 0x0000, 0x0000,
0x0000, 0x0000, 0x0000, 0x0000, 0x6a08, 0x6a08, 0x4965, 0xf81f, 0xf81f, 0xf81f,
0xf81f, 0xf81f, 0xf81f, 0xf81f, 0xf81f, 0xf81f, 0xf81f, 0xf81f, 0x8a8a, 0x8a8a,
0x6a08, 0x0000, 0x0000, 0x6a08, 0x8a8a, 0x0000, 0x8a8a, 0x8a8a, 0x6a08, 0x4965,
0xf81f, 0xf81f, 0xf81f, 0xf81f, 0xf81f, 0xf81f, 0xf81f, 0xf81f, 0xf81f, 0xf81f,
0xf81f, 0xf81f, 0x8a8a, 0x8a8a, 0x8a8a, 0x0000, 0x6a08, 0x6a08, 0x8a8a, 0x8a8a,
0x8a8a, 0x8a8a, 0x6a08, 0xf81f, 0xf81f, 0xf81f, 0xf81f, 0xf81f, 0xf81f, 0xf81f,
0xf81f, 0xf81f, 0xf81f, 0xf81f, 0xf81f, 0xf81f, 0x8a8a, 0x6a08, 0x6a08, 0x0000,
0x0000, 0x6a08, 0x8a8a, 0x0000, 0x6a08, 0x8a8a, 0x6a08, 0xf81f, 0xf81f, 0xf81f,
0xf81f, 0xf81f, 0xf81f, 0xf81f, 0xf81f, 0xf81f, 0xf81f, 0xf81f, 0xf81f, 0xf81f,
0xf81f, 0xf81f, 0x0000, 0x0000, 0x0000, 0x0000, 0x0000, 0x0000, 0x0000, 0x0000,
0x6a08, 0x4965, 0xf81f, 0xf81f, 0xf81f, 0xf81f, 0xf81f, 0xf81f, 0xf81f, 0xf81f,
0xf81f, 0xf81f, 0xf81f, 0xf81f, 0x8a8a, 0x8a8a, 0x6a08, 0x0000, 0x0000, 0x6a08,
0x6a08, 0x0000, 0x0000, 0x0000, 0x4965, 0x0000, 0x0000, 0xf81f, 0xf81f, 0xf81f,
0xf81f, 0xf81f, 
0xf81f, 0xf81f, 0xf81f, 0xf81f, 0xf81f, 0x8a8a, 0x8a8a, 0x4965, 0x6a08, 0x18e3,
0x18e3, 0x8a8a, 0x6a08, 0x0000, 0x6a08, 0x4965, 0x28c3, 0x0000, 0xf81f, 0xf81f,
0xf81f, 0xf81f, 0xf81f, 0xf81f, 0xf81f, 0xf81f, 0xf81f, 0xf81f, 0xf81f, 0xf81f,
0x8a8a, 0x8a8a, 0x8a8a, 0x0000, 0x8a8a, 0x6a08, 0x6a08, 0x0000, 0x0000, 0x6a08,
0x4965, 0x28c3, 0xf81f, 0xf81f, 0xf81f, 0xf81f, 0xf81f, 0xf81f, 0xf81f, 0xf81f,
0xf81f, 0xf81f, 0xf81f, 0xf81f, 0x8a8a, 0x8a8a, 0x6a08, 0x0000, 0x0000, 0x6a08,
0x8a8a, 0x0000, 0x0000, 0x0000, 0x6a08, 0x6a08, 0x4965, 0x28c3, 0xf81f, 0xf81f,
0xf81f, 0xf81f, 0xf81f, 0xf81f, 0xf81f, 0xf81f, 0xf81f, 0x6a08, 0x8aaa, 0x6a08,
0x6a08, 0x0000, 0x6a08, 0x6a08, 0x8a8a, 0x8a8a, 0x8a8a, 0x8a8a, 0x8a8a, 0x6a08,
0x4965, 0xf81f, 0xf81f, 0xf81f, 0xf81f, 0xf81f, 0xf81f, 0xf81f, 0xf81f, 0xf81f,
0xf81f, 0x8a8a, 0x8a8a, 0x4965, 0x6a08, 0x18e3, 0x18e3, 0x4965, 0x92aa, 0x8a8a,
0x6a08, 0x8a8a, 0x6a08, 0x28c3, 0xf81f, 0xf81f, 0xf81f, 0xf81f, 0xf81f, 0xf81f,
0xf81f, 0xf81f, 0xf81f, 0xf81f, 0xf81f, 0xf81f, 0x8a8a, 0x8a8a, 0x8a8a, 0x0000,
0x6a08, 0x6a08, 0x8a8a, 0x8a8a, 0x8a8a, 0x8a8a, 0x6a08, 0x28c3, 0xf81f, 0xf81f,
0xf81f, 0xf81f, 0xf81f, 0xf81f, 0xf81f, 0xf81f, 0xf81f, 0xf81f, 0xf81f, 0xf81f,
0x8a8a, 0x8a8a, 0x6a08, 0x0000, 0x0000, 0x6a08, 0x8a8a, 0x0000, 0x0000, 0x0000,
0x6a08, 0x6a08, 0x28c3, 0xf81f, 0xf81f, 0xf81f, 0xf81f, 0xf81f, 0xf81f, 0xf81f,
0xf81f, 0xf81f, 0xf81f, 0x6a08, 0x8aaa, 0x6a08, 0x6a08, 0x0000, 0x8a8a, 0x6a08,
0x6a08, 0x0000, 0x0000, 0x4965, 0x28c3, 0x0000, 0x28c3, 0xf81f, 0xf81f, 0xf81f,
0xf81f, 0xf81f, 
0xf81f, 0xf81f, 0xf81f, 0xf81f, 0xf81f, 0x8aaa, 0x6a08, 0x4965, 0x4965, 0x6a08,
0x18e3, 0x0000, 0x6a08, 0x6a08, 0x4965, 0x28c3, 0x0000, 0x0000, 0xf81f, 0xf81f,
0xf81f, 0xf81f, 0xf81f, 0xf81f, 0xf81f, 0xf81f, 0xf81f, 0xf81f, 0xf81f, 0x6a08,
0x8a8a, 0x4965, 0x6a08, 0x18e3, 0x18e3, 0x8a8a, 0x6a08, 0x0000, 0x6a08, 0x4965,
0x28c3, 0x0000, 0xf81f, 0xf81f, 0xf81f, 0xf81f, 0xf81f, 0xf81f, 0xf81f, 0xf81f,
0xf81f, 0xf81f, 0xf81f, 0xf81f, 0x8aaa, 0x8a8a, 0x6a08, 0x0000, 0x8a8a, 0x6a08,
0x8a8a, 0x0000, 0x6a08, 0x6a08, 0x6a08, 0x4965, 0x4965, 0x28c3, 0xf81f, 0xf81f,
0xf81f, 0xf81f, 0xf81f, 0xf81f, 0xf81f, 0xf81f, 0xf81f, 0x8a8a, 0x6a08, 0x4965,
0x4965, 0x6a08, 0x18e3, 0x6a08, 0x9acb, 0x8a8a, 0x6a08, 0x6a08, 0x6a08, 0x6a08,
0x4965, 0xf81f, 0xf81f, 0xf81f, 0xf81f, 0xf81f, 0xf81f, 0xf81f, 0xf81f, 0xf81f,
0xf81f, 0x8aaa, 0x6a08, 0x4965, 0x4965, 0x6a08, 0x18e3, 0x0000, 0x6a08, 0x4965,
0x28c3, 0x8a8a, 0x6a08, 0x4965, 0x0000, 0xf81f, 0xf81f, 0xf81f, 0xf81f, 0xf81f,
0xf81f, 0xf81f, 0xf81f, 0xf81f, 0xf81f, 0x6a08, 0x8a8a, 0x4965, 0x6a08, 0x18e3,
0x18e3, 0x6a08, 0x9acb, 0x0000, 0x6a08, 0x8a8a, 0x6a08, 0x4965, 0xf81f, 0xf81f,
0xf81f, 0xf81f, 0xf81f, 0xf81f, 0xf81f, 0xf81f, 0xf81f, 0xf81f, 0xf81f, 0xf81f,
0x8aaa, 0x8a8a, 0x6a08, 0x0000, 0x8a8a, 0x6a08, 0x8a8a, 0x0000, 0x0000, 0x6a08,
0x4965, 0x4965, 0x4965, 0x0000, 0xf81f, 0xf81f, 0xf81f, 0xf81f, 0xf81f, 0xf81f,
0xf81f, 0xf81f, 0xf81f, 0x8a8a, 0x6a08, 0x4965, 0x4965, 0x6a08, 0x18e3, 0x8a8a,
0x6a08, 0x0000, 0x6a08, 0x4965, 0x0000, 0x7980, 0xf81f, 0xf81f, 0xf81f, 0xf81f,
0xf81f, 0xf81f, 
0xf81f, 0xf81f, 0xf81f, 0xf81f, 0xf81f, 0xaa00, 0xaa00, 0x7980, 0x8a8a, 0x8a8a,
0x8a8a, 0x0000, 0x6a08, 0x4965, 0x4965, 0x28c3, 0x0000, 0x0000, 0xf81f, 0xf81f,
0xf81f, 0xf81f, 0xf81f, 0xf81f, 0xf81f, 0xf81f, 0xf81f, 0xf81f, 0xf81f, 0x8aaa,
0x7980, 0x4965, 0x6a08, 0x6a08, 0x18e3, 0x0000, 0x6a08, 0x6a08, 0x4965, 0x28c3,
0x0000, 0x0000, 0xf81f, 0xf81f, 0xf81f, 0xf81f, 0xf81f, 0xf81f, 0xf81f, 0xf81f,
0xf81f, 0xf81f, 0xf81f, 0x8a8a, 0x8a8a, 0x4965, 0x6a08, 0x18e3, 0x18e3, 0x6a08,
0x8a8a, 0x0000, 0x6a08, 0x6a08, 0x28c3, 0x0000, 0x28c3, 0x0000, 0xf81f, 0xf81f,
0xf81f, 0xf81f, 0xf81f, 0xf81f, 0xf81f, 0xf81f, 0xf81f, 0x8a8a, 0xaa00, 0x7980,
0x6a08, 0x6a08, 0x18e3, 0x0000, 0x8a8a, 0x6a08, 0x4965, 0x28c3, 0x4965, 0x4965,
0x0000, 0xf81f, 0xf81f, 0xf81f, 0xf81f, 0xf81f, 0xf81f, 0xf81f, 0xf81f, 0xf81f,
0xf81f, 0xaa00, 0xaa00, 0x7980, 0x8a8a, 0x8a8a, 0x6a08, 0x0000, 0x6a08, 0x4965,
0x28c3, 0x4965, 0x4965, 0x28c3, 0xf81f, 0xf81f, 0xf81f, 0xf81f, 0xf81f, 0xf81f,
0xf81f, 0xf81f, 0xf81f, 0xf81f, 0xf81f, 0x8aaa, 0x7980, 0x4965, 0x6a08, 0x6a08,
0x18e3, 0x0000, 0x6a08, 0x4965, 0x7980, 0x6a08, 0x4965, 0x0000, 0xf81f, 0xf81f,
0xf81f, 0xf81f, 0xf81f, 0xf81f, 0xf81f, 0xf81f, 0xf81f, 0xf81f, 0xf81f, 0x8a8a,
0x8a8a, 0x4965, 0x6a08, 0x18e3, 0x18e3, 0x6a08, 0x6a08, 0x0000, 0x6a08, 0x4965,
0x0000, 0x6a08, 0x28c3, 0xf81f, 0xf81f, 0xf81f, 0xf81f, 0xf81f, 0xf81f, 0xf81f,
0xf81f, 0xf81f, 0xf81f, 0x8a8a, 0xaa00, 0x7980, 0x6a08, 0x6a08, 0x18e3, 0x0000,
0x6a08, 0x6a08, 0x4965, 0x28c3, 0x0000, 0x0000, 0xf81f, 0xf81f, 0xf81f, 0xf81f,
0xf81f, 0xf81f, 
0xf81f, 0xf81f, 0xf81f, 0xf81f, 0xf81f, 0xb220, 0xaa00, 0x7980, 0x8a8a, 0x8a8a,
0x6a08, 0x6a08, 0x0000, 0x4965, 0x4965, 0x28c3, 0x0000, 0x0000, 0xf81f, 0xf81f,
0xf81f, 0xf81f, 0xf81f, 0xf81f, 0xf81f, 0xf81f, 0xf81f, 0xf81f, 0xf81f, 0xaa00,
0xaa00, 0x7980, 0x8a8a, 0x8a8a, 0x8a8a, 0x0000, 0x6a08, 0x4965, 0x4965, 0x28c3,
0x28c3, 0x0000, 0xf81f, 0xf81f, 0xf81f, 0xf81f, 0xf81f, 0xf81f, 0xf81f, 0xf81f,
0xf81f, 0xf81f, 0xf81f, 0x8a8a, 0x7980, 0x4965, 0x6a08, 0x6a08, 0x18e3, 0x0000,
0x6a08, 0x6a08, 0x4965, 0x28c3, 0x0000, 0x6a08, 0x4965, 0x0000, 0xf81f, 0xf81f,
0xf81f, 0xf81f, 0xf81f, 0xf81f, 0xf81f, 0xf81f, 0xf81f, 0xaa00, 0xaa00, 0x7980,
0x8a8a, 0x8a8a, 0x6a08, 0x0000, 0x0000, 0x4965, 0x4965, 0x0000, 0x4965, 0x28c3,
0xf81f, 0xf81f, 0xf81f, 0xf81f, 0xf81f, 0xf81f, 0xf81f, 0xf81f, 0xf81f, 0xf81f,
0xf81f, 0xb220, 0xaa00, 0x7980, 0x8a8a, 0x8a8a, 0x6a08, 0x6a08, 0x0000, 0x7980,
0x7980, 0x7980, 0x28c3, 0x0000, 0xf81f, 0xf81f, 0xf81f, 0xf81f, 0xf81f, 0xf81f,
0xf81f, 0xf81f, 0xf81f, 0xf81f, 0xf81f, 0xaa00, 0xaa00, 0x7980, 0x8a8a, 0x8a8a,
0x6a08, 0x0000, 0x6a08, 0x4965, 0x2880, 0x0000, 0x0000, 0x0000, 0xf81f, 0xf81f,
0xf81f, 0xf81f, 0xf81f, 0xf81f, 0xf81f, 0xf81f, 0xf81f, 0xf81f, 0xf81f, 0x8a8a,
0x7980, 0x4965, 0x6a08, 0x6a08, 0x18e3, 0x0000, 0x6a08, 0x6a08, 0x4965, 0x0000,
0x0000, 0x6a08, 0x0000, 0xf81f, 0xf81f, 0xf81f, 0xf81f, 0xf81f, 0xf81f, 0xf81f,
0xf81f, 0xf81f, 0xf81f, 0xaa00, 0xaa00, 0x7980, 0x8a8a, 0x8a8a, 0x8a8a, 0x0000,
0x0000, 0x4965, 0x4965, 0x28c3, 0x0000, 0x0000, 0xf81f, 0xf81f, 0xf81f, 0xf81f,
0xf81f, 0xf81f, 
0xf81f, 0xf81f, 0xf81f, 0xf81f, 0xf81f, 0x7980, 0x7980, 0x2880, 0x0000, 0x8a8a,
0x6a08, 0x6a08, 0x4965, 0x0000, 0x28c3, 0x28c3, 0x0000, 0xf81f, 0xf81f, 0xf81f,
0xf81f, 0xf81f, 0xf81f, 0xf81f, 0xf81f, 0xf81f, 0xf81f, 0xf81f, 0xf81f, 0xaa00,
0x7980, 0x7980, 0x8a8a, 0x8a8a, 0x6a08, 0x6a08, 0x0000, 0x4965, 0x4965, 0x28c3,
0x0000, 0x0000, 0xf81f, 0xf81f, 0xf81f, 0xf81f, 0xf81f, 0xf81f, 0xf81f, 0xf81f,
0xf81f, 0xf81f, 0xf81f, 0xaa00, 0xaa00, 0x7980, 0x8a8a, 0x8a8a, 0x8a8a, 0x0000,
0x6a08, 0x6a08, 0x4965, 0x28c3, 0x0000, 0xb220, 0x7980, 0xf81f, 0xf81f, 0xf81f,
0xf81f, 0xf81f, 0xf81f, 0xf81f, 0xf81f, 0xf81f, 0xf81f, 0xaa00, 0x7980, 0x7980,
0x8a8a, 0x8a8a, 0x6a08, 0x6a08, 0x0000, 0x4965, 0x28c3, 0x7980, 0x2880, 0x0000,
0xf81f, 0xf81f, 0xf81f, 0xf81f, 0xf81f, 0xf81f, 0xf81f, 0xf81f, 0xf81f, 0xf81f,
0xf81f, 0x7980, 0x7980, 0x2880, 0x0000, 0x8a8a, 0x6a08, 0x6a08, 0x4965, 0x0000,
0x2880, 0x2880, 0x0000, 0x0000, 0xf81f, 0xf81f, 0xf81f, 0xf81f, 0xf81f, 0xf81f,
0xf81f, 0xf81f, 0xf81f, 0xf81f, 0xf81f, 0xaa00, 0x7980, 0x7980, 0x8a8a, 0x8a8a,
0x6a08, 0x6a08, 0x0000, 0x4965, 0x28c3, 0x28c3, 0x0000, 0x0000, 0xf81f, 0xf81f,
0xf81f, 0xf81f, 0xf81f, 0xf81f, 0xf81f, 0xf81f, 0xf81f, 0xf81f, 0xf81f, 0xaa00,
0xaa00, 0x7980, 0x8a8a, 0x8a8a, 0x8a8a, 0x0000, 0x6a08, 0x4965, 0x28c3, 0x28c3,
0x0000, 0x2880, 0xf81f, 0xf81f, 0xf81f, 0xf81f, 0xf81f, 0xf81f, 0xf81f, 0xf81f,
0xf81f, 0xf81f, 0xf81f, 0xaa00, 0x7980, 0x7980, 0x8a8a, 0x8a8a, 0x6a08, 0x6a08,
0x0000, 0x4965, 0x4965, 0x28c3, 0x0000, 0x0000, 0xf81f, 0xf81f, 0xf81f, 0xf81f,
0xf81f, 0xf81f, 
0xf81f, 0xf81f, 0xf81f, 0xf81f, 0xf81f, 0xf81f, 0xf81f, 0x31a6, 0x0000, 0x0000,
0x0000, 0x0000, 0x0000, 0x0000, 0x0000, 0x0000, 0x0861, 0xf81f, 0xf81f, 0xf81f,
0xf81f, 0xf81f, 0xf81f, 0xf81f, 0xf81f, 0xf81f, 0xf81f, 0xf81f, 0xf81f, 0x7980,
0x7980, 0x2880, 0x0000, 0x6a08, 0x6a08, 0x6a08, 0x4965, 0x0000, 0x28c3, 0x28c3,
0x0000, 0xf81f, 0xf81f, 0xf81f, 0xf81f, 0xf81f, 0xf81f, 0xf81f, 0xf81f, 0xf81f,
0xf81f, 0xf81f, 0xf81f, 0xaa00, 0x7980, 0x7980, 0x8a8a, 0x8a8a, 0x6a08, 0x6a08,
0x0000, 0x4965, 0x4965, 0x28c3, 0x0000, 0x2880, 0x2880, 0xf81f, 0xf81f, 0xf81f,
0xf81f, 0xf81f, 0xf81f, 0xf81f, 0xf81f, 0xf81f, 0xf81f, 0x7980, 0x7980, 0x2880,
0x0000, 0x6a08, 0x6a08, 0x6a08, 0x4965, 0x0000, 0x0000, 0x7980, 0x0000, 0x0000,
0xf81f, 0xf81f, 0xf81f, 0xf81f, 0xf81f, 0xf81f, 0xf81f, 0xf81f, 0xf81f, 0xf81f,
0xf81f, 0xf81f, 0xf81f, 0x2945, 0x0000, 0x0000, 0x0000, 0x0000, 0x0000, 0x0000,
0x0000, 0x0000, 0x18e3, 0xf81f, 0xf81f, 0xf81f, 0xf81f, 0xf81f, 0xf81f, 0xf81f,
0xf81f, 0xf81f, 0xf81f, 0xf81f, 0xf81f, 0x7980, 0x7980, 0x2880, 0x0000, 0x6a08,
0x6a08, 0x6a08, 0x4965, 0x0000, 0x28c3, 0x0000, 0x0000, 0xf81f, 0xf81f, 0xf81f,
0xf81f, 0xf81f, 0xf81f, 0xf81f, 0xf81f, 0xf81f, 0xf81f, 0xf81f, 0xf81f, 0xaa00,
0x7980, 0x7980, 0x8a8a, 0x8a8a, 0x6a08, 0x6a08, 0x0000, 0x4965, 0x28c3, 0x28c3,
0x0000, 0x2880, 0xf81f, 0xf81f, 0xf81f, 0xf81f, 0xf81f, 0xf81f, 0xf81f, 0xf81f,
0xf81f, 0xf81f, 0xf81f, 0x7980, 0x7980, 0x2880, 0x0000, 0x6a08, 0x6a08, 0x6a08,
0x4965, 0x0000, 0x0000, 0x0000, 0x0000, 0xf81f, 0xf81f, 0xf81f, 0xf81f, 0xf81f,
0xf81f, 0xf81f, 
0xf81f, 0xf81f, 0xf81f, 0xf81f, 0xf81f, 0xf81f, 0xf81f, 0x3186, 0x31a6, 0x3186,
0x2945, 0x0000, 0xf81f, 0x3186, 0x3186, 0x3186, 0x18e3, 0x0000, 0xf81f, 0xf81f,
0xf81f, 0xf81f, 0xf81f, 0xf81f, 0xf81f, 0xf81f, 0xf81f, 0xf81f, 0xf81f, 0xf81f,
0xf81f, 0xf81f, 0x0000, 0x0000, 0x0000, 0x0000, 0x0000, 0x0000, 0x0000, 0x0000,
0x0000, 0xf81f, 0xf81f, 0xf81f, 0xf81f, 0xf81f, 0xf81f, 0xf81f, 0xf81f, 0xf81f,
0xf81f, 0xf81f, 0xf81f, 0x7980, 0x7980, 0x2880, 0x0000, 0x6a08, 0x6a08, 0x6a08,
0x4965, 0x0000, 0x28c3, 0x0000, 0x0000, 0xf81f, 0xf81f, 0xf81f, 0xf81f, 0xf81f,
0xf81f, 0xf81f, 0xf81f, 0xf81f, 0xf81f, 0xf81f, 0xf81f, 0xf81f, 0xf81f, 0x2945,
0x2945, 0x0000, 0x0000, 0x0000, 0x0000, 0x0000, 0x0000, 0x0000, 0x2945, 0x0000,
0xf81f, 0xf81f, 0xf81f, 0xf81f, 0xf81f, 0xf81f, 0xf81f, 0xf81f, 0xf81f, 0xf81f,
0xf81f, 0xf81f, 0x2945, 0x3186, 0x2945, 0x18e3, 0x0000, 0xf81f, 0x2945, 0x3186,
0x2945, 0x2945, 0x18e3, 0xf81f, 0xf81f, 0xf81f, 0xf81f, 0xf81f, 0xf81f, 0xf81f,
0xf81f, 0xf81f, 0xf81f, 0xf81f, 0xf81f, 0xf81f, 0xf81f, 0x1082, 0x0000, 0x0000,
0x0000, 0x0000, 0x0000, 0x0000, 0x0000, 0x0000, 0xf81f, 0xf81f, 0xf81f, 0xf81f,
0xf81f, 0xf81f, 0xf81f, 0xf81f, 0xf81f, 0xf81f, 0xf81f, 0xf81f, 0xf81f, 0x7980,
0x7980, 0x2880, 0x0000, 0x6a08, 0x6a08, 0x6a08, 0x4965, 0x0000, 0x28c3, 0x0000,
0x0000, 0xf81f, 0xf81f, 0xf81f, 0xf81f, 0xf81f, 0xf81f, 0xf81f, 0xf81f, 0xf81f,
0xf81f, 0xf81f, 0xf81f, 0xf81f, 0x2945, 0x31a6, 0x1082, 0x0000, 0x0000, 0x0000,
0x0000, 0x0000, 0x0000, 0x0020, 0x0000, 0xf81f, 0xf81f, 0xf81f, 0xf81f, 0xf81f,
0xf81f, 0xf81f, 
0xf81f, 0xf81f, 0xf81f, 0xf81f, 0xf81f, 0xf81f, 0xf81f, 0x2945, 0x3186, 0x2945,
0x1082, 0xf81f, 0xf81f, 0x18e3, 0x0020, 0x0020, 0x0000, 0x0000, 0xf81f, 0xf81f,
0xf81f, 0xf81f, 0xf81f, 0xf81f, 0xf81f, 0xf81f, 0xf81f, 0xf81f, 0xf81f, 0xf81f,
0xf81f, 0xf81f, 0xf81f, 0xf81f, 0xf81f, 0xf81f, 0xf81f, 0x3186, 0x2945, 0x18e3,
0x0000, 0xf81f, 0xf81f, 0xf81f, 0xf81f, 0xf81f, 0xf81f, 0xf81f, 0xf81f, 0xf81f,
0xf81f, 0xf81f, 0xf81f, 0xf81f, 0xf81f, 0xf81f, 0x28c3, 0x0000, 0x0000, 0x0000,
0x0000, 0x0000, 0x0000, 0x0000, 0x0000, 0x3186, 0xf81f, 0xf81f, 0xf81f, 0xf81f,
0xf81f, 0xf81f, 0xf81f, 0xf81f, 0xf81f, 0xf81f, 0xf81f, 0xf81f, 0x3186, 0x3186,
0x3186, 0x2945, 0x1082, 0xf81f, 0x2945, 0x3186, 0x2945, 0x2945, 0x2945, 0x0000,
0xf81f, 0xf81f, 0xf81f, 0xf81f, 0xf81f, 0xf81f, 0xf81f, 0xf81f, 0xf81f, 0xf81f,
0xf81f, 0xf81f, 0x2945, 0x0861, 0x0000, 0x0000, 0x0000, 0xf81f, 0xf81f, 0x2945,
0x2945, 0x2945, 0x0000, 0xf81f, 0xf81f, 0xf81f, 0xf81f, 0xf81f, 0xf81f, 0xf81f,
0xf81f, 0xf81f, 0xf81f, 0xf81f, 0xf81f, 0xf81f, 0xf81f, 0x3186, 0x2945, 0x18e3,
0x10a2, 0xf81f, 0xf81f, 0xf81f, 0xf81f, 0xf81f, 0xf81f, 0xf81f, 0xf81f, 0xf81f,
0xf81f, 0xf81f, 0xf81f, 0xf81f, 0xf81f, 0xf81f, 0xf81f, 0xf81f, 0xf81f, 0xf81f,
0x2945, 0x18e3, 0x28c3, 0x0000, 0x0000, 0x0000, 0x0000, 0x0000, 0x0000, 0x0000,
0xf81f, 0xf81f, 0xf81f, 0xf81f, 0xf81f, 0xf81f, 0xf81f, 0xf81f, 0xf81f, 0xf81f,
0xf81f, 0xf81f, 0xf81f, 0xf81f, 0xf81f, 0x31a6, 0x3186, 0x3186, 0x3186, 0x0000,
0xf81f, 0x3186, 0x31a6, 0x2945, 0x2945, 0x1082, 0xf81f, 0xf81f, 0xf81f, 0xf81f,
0xf81f, 0xf81f, 
0xf81f, 0xf81f, 0xf81f, 0xf81f, 0xf81f, 0xf81f, 0xf81f, 0xf81f, 0x18e3, 0x1082,
0x0000, 0xf81f, 0xf81f, 0x0000, 0x0000, 0x0000, 0x0000, 0x0000, 0xf81f, 0xf81f,
0xf81f, 0xf81f, 0xf81f, 0xf81f, 0xf81f, 0xf81f, 0xf81f, 0xf81f, 0xf81f, 0xf81f,
0xf81f, 0xf81f, 0xf81f, 0xf81f, 0xf81f, 0xf81f, 0xf81f, 0x3186, 0x3186, 0x3186,
0x18e3, 0x0000, 0xf81f, 0xf81f, 0xf81f, 0xf81f, 0xf81f, 0xf81f, 0xf81f, 0xf81f,
0xf81f, 0xf81f, 0xf81f, 0xf81f, 0xf81f, 0xf81f, 0xf81f, 0xf81f, 0xf81f, 0xf81f,
0xf81f, 0x0020, 0x0000, 0x0000, 0x3186, 0x3186, 0xf81f, 0xf81f, 0xf81f, 0xf81f,
0xf81f, 0xf81f, 0xf81f, 0xf81f, 0xf81f, 0xf81f, 0xf81f, 0xf81f, 0x3186, 0x3186,
0x2945, 0x2945, 0x1082, 0xf81f, 0xf81f, 0x3186, 0x3186, 0x2945, 0x18e3, 0xf81f,
0xf81f, 0xf81f, 0xf81f, 0xf81f, 0xf81f, 0xf81f, 0xf81f, 0xf81f, 0xf81f, 0xf81f,
0xf81f, 0xf81f, 0x0861, 0x0000, 0x0000, 0x0000, 0x0000, 0xf81f, 0xf81f, 0x18e3,
0x18e3, 0x0020, 0xf81f, 0xf81f, 0xf81f, 0xf81f, 0xf81f, 0xf81f, 0xf81f, 0xf81f,
0xf81f, 0xf81f, 0xf81f, 0xf81f, 0xf81f, 0xf81f, 0x3186, 0x3186, 0x2945, 0x18e3,
0x0000, 0xf81f, 0xf81f, 0xf81f, 0xf81f, 0xf81f, 0xf81f, 0xf81f, 0xf81f, 0xf81f,
0xf81f, 0xf81f, 0xf81f, 0xf81f, 0xf81f, 0xf81f, 0xf81f, 0xf81f, 0xf81f, 0xf81f,
0x2945, 0x1082, 0x0000, 0x0000, 0x3186, 0xf81f, 0xf81f, 0xf81f, 0xf81f, 0xf81f,
0xf81f, 0xf81f, 0xf81f, 0xf81f, 0xf81f, 0xf81f, 0xf81f, 0xf81f, 0xf81f, 0xf81f,
0xf81f, 0xf81f, 0xf81f, 0xf81f, 0xf81f, 0x31a6, 0x3186, 0x3186, 0x1082, 0xf81f,
0xf81f, 0x3186, 0x3186, 0x3186, 0x2945, 0x1082, 0xf81f, 0xf81f, 0xf81f, 0xf81f,
0xf81f, 0xf81f, 
0xf81f, 0xf81f, 0xf81f, 0xf81f, 0xf81f, 0xf81f, 0xf81f, 0xf81f, 0xf81f, 0xf81f,
0xf81f, 0xf81f, 0xf81f, 0xf81f, 0x0000, 0x0000, 0x0000, 0xf81f, 0xf81f, 0xf81f,
0xf81f, 0xf81f, 0xf81f, 0xf81f, 0xf81f, 0xf81f, 0xf81f, 0xf81f, 0xf81f, 0xf81f,
0xf81f, 0xf81f, 0xf81f, 0xf81f, 0xf81f, 0xf81f, 0xf81f, 0x3186, 0x3186, 0x2945,
0x1082, 0x0000, 0xf81f, 0xf81f, 0xf81f, 0xf81f, 0xf81f, 0xf81f, 0xf81f, 0xf81f,
0xf81f, 0xf81f, 0xf81f, 0xf81f, 0xf81f, 0xf81f, 0xf81f, 0xf81f, 0xf81f, 0xf81f,
0xf81f, 0x3186, 0x18e3, 0x2945, 0x2945, 0x0020, 0xf81f, 0xf81f, 0xf81f, 0xf81f,
0xf81f, 0xf81f, 0xf81f, 0xf81f, 0xf81f, 0xf81f, 0xf81f, 0xf81f, 0x3186, 0x3186,
0x2945, 0x18e3, 0x0000, 0xf81f, 0xf81f, 0x18e3, 0x3186, 0x2945, 0x0000, 0xf81f,
0xf81f, 0xf81f, 0xf81f, 0xf81f, 0xf81f, 0xf81f, 0xf81f, 0xf81f, 0xf81f, 0xf81f,
0xf81f, 0xf81f, 0xf81f, 0x0000, 0x0000, 0x0000, 0x0000, 0xf81f, 0xf81f, 0xf81f,
0xf81f, 0xf81f, 0xf81f, 0xf81f, 0xf81f, 0xf81f, 0xf81f, 0xf81f, 0xf81f, 0xf81f,
0xf81f, 0xf81f, 0xf81f, 0xf81f, 0xf81f, 0xf81f, 0x2945, 0x2945, 0x18e3, 0x1082,
0x0000, 0xf81f, 0xf81f, 0xf81f, 0xf81f, 0xf81f, 0xf81f, 0xf81f, 0xf81f, 0xf81f,
0xf81f, 0xf81f, 0xf81f, 0xf81f, 0xf81f, 0xf81f, 0xf81f, 0xf81f, 0xf81f, 0xf81f,
0x3186, 0x18e3, 0x18e3, 0x2945, 0x0020, 0xf81f, 0xf81f, 0xf81f, 0xf81f, 0xf81f,
0xf81f, 0xf81f, 0xf81f, 0xf81f, 0xf81f, 0xf81f, 0xf81f, 0xf81f, 0xf81f, 0xf81f,
0xf81f, 0xf81f, 0xf81f, 0xf81f, 0xf81f, 0x18e3, 0x31a6, 0x18e3, 0x0000, 0xf81f,
0xf81f, 0x3186, 0x3186, 0x3186, 0x2945, 0x0000, 0xf81f, 0xf81f, 0xf81f, 0xf81f,
0xf81f, 0xf81f, 
0xf81f, 0xf81f, 0xf81f, 0xf81f, 0xf81f, 0xf81f, 0xf81f, 0xf81f, 0xf81f, 0xf81f,
0xf81f, 0xf81f, 0xf81f, 0xf81f, 0xf81f, 0xf81f, 0xf81f, 0xf81f, 0xf81f, 0xf81f,
0xf81f, 0xf81f, 0xf81f, 0xf81f, 0xf81f, 0xf81f, 0xf81f, 0xf81f, 0xf81f, 0xf81f,
0xf81f, 0xf81f, 0xf81f, 0xf81f, 0xf81f, 0xf81f, 0xf81f, 0x0000, 0x0000, 0x0000,
0x0000, 0x0000, 0xf81f, 0xf81f, 0xf81f, 0xf81f, 0xf81f, 0xf81f, 0xf81f, 0xf81f,
0xf81f, 0xf81f, 0xf81f, 0xf81f, 0xf81f, 0xf81f, 0xf81f, 0xf81f, 0xf81f, 0xf81f,
0xf81f, 0x2945, 0x3186, 0x31a6, 0x18e3, 0x0000, 0xf81f, 0xf81f, 0xf81f, 0xf81f,
0xf81f, 0xf81f, 0xf81f, 0xf81f, 0xf81f, 0xf81f, 0xf81f, 0xf81f, 0x18e3, 0x3186,
0x2945, 0x0020, 0x0000, 0xf81f, 0xf81f, 0xf81f, 0xf81f, 0xf81f, 0xf81f, 0xf81f,
0xf81f, 0xf81f, 0xf81f, 0xf81f, 0xf81f, 0xf81f, 0xf81f, 0xf81f, 0xf81f, 0xf81f,
0xf81f, 0xf81f, 0xf81f, 0xf81f, 0xf81f, 0xf81f, 0xf81f, 0xf81f, 0xf81f, 0xf81f,
0xf81f, 0xf81f, 0xf81f, 0xf81f, 0xf81f, 0xf81f, 0xf81f, 0xf81f, 0xf81f, 0xf81f,
0xf81f, 0xf81f, 0xf81f, 0xf81f, 0xf81f, 0xf81f, 0x0000, 0x0000, 0x0000, 0x0000,
0x0000, 0xf81f, 0xf81f, 0xf81f, 0xf81f, 0xf81f, 0xf81f, 0xf81f, 0xf81f, 0xf81f,
0xf81f, 0xf81f, 0xf81f, 0xf81f, 0xf81f, 0xf81f, 0xf81f, 0xf81f, 0xf81f, 0xf81f,
0x2945, 0x31a6, 0x2945, 0x18e3, 0x0000, 0xf81f, 0xf81f, 0xf81f, 0xf81f, 0xf81f,
0xf81f, 0xf81f, 0xf81f, 0xf81f, 0xf81f, 0xf81f, 0xf81f, 0xf81f, 0xf81f, 0xf81f,
0xf81f, 0xf81f, 0xf81f, 0xf81f, 0xf81f, 0xf81f, 0xf81f, 0xf81f, 0xf81f, 0xf81f,
0xf81f, 0x18e3, 0x3186, 0x3186, 0x18e3, 0x0000, 0xf81f, 0xf81f, 0xf81f, 0xf81f,
0xf81f, 0xf81f, 
0xf81f, 0xf81f, 0xf81f, 0xf81f, 0xf81f, 0xf81f, 0xf81f, 0xf81f, 0xf81f, 0xf81f,
0xf81f, 0xf81f, 0xf81f, 0xf81f, 0xf81f, 0xf81f, 0xf81f, 0xf81f, 0xf81f, 0xf81f,
0xf81f, 0xf81f, 0xf81f, 0xf81f, 0xf81f, 0xf81f, 0xf81f, 0xf81f, 0xf81f, 0xf81f,
0xf81f, 0xf81f, 0xf81f, 0xf81f, 0xf81f, 0xf81f, 0xf81f, 0xf81f, 0xf81f, 0xf81f,
0xf81f, 0xf81f, 0xf81f, 0xf81f, 0xf81f, 0xf81f, 0xf81f, 0xf81f, 0xf81f, 0xf81f,
0xf81f, 0xf81f, 0xf81f, 0xf81f, 0xf81f, 0xf81f, 0xf81f, 0xf81f, 0xf81f, 0xf81f,
0xf81f, 0xf81f, 0x18e3, 0x2945, 0x1082, 0xf81f, 0xf81f, 0xf81f, 0xf81f, 0xf81f,
0xf81f, 0xf81f, 0xf81f, 0xf81f, 0xf81f, 0xf81f, 0xf81f, 0xf81f, 0xf81f, 0xf81f,
0xf81f, 0xf81f, 0xf81f, 0xf81f, 0xf81f, 0xf81f, 0xf81f, 0xf81f, 0xf81f, 0xf81f,
0xf81f, 0xf81f, 0xf81f, 0xf81f, 0xf81f, 0xf81f, 0xf81f, 0xf81f, 0xf81f, 0xf81f,
0xf81f, 0xf81f, 0xf81f, 0xf81f, 0xf81f, 0xf81f, 0xf81f, 0xf81f, 0xf81f, 0xf81f,
0xf81f, 0xf81f, 0xf81f, 0xf81f, 0xf81f, 0xf81f, 0xf81f, 0xf81f, 0xf81f, 0xf81f,
0xf81f, 0xf81f, 0xf81f, 0xf81f, 0xf81f, 0xf81f, 0xf81f, 0xf81f, 0xf81f, 0xf81f,
0xf81f, 0xf81f, 0xf81f, 0xf81f, 0xf81f, 0xf81f, 0xf81f, 0xf81f, 0xf81f, 0xf81f,
0xf81f, 0xf81f, 0xf81f, 0xf81f, 0xf81f, 0xf81f, 0xf81f, 0xf81f, 0xf81f, 0xf81f,
0xf81f, 0x2945, 0x18e3, 0x0000, 0xf81f, 0xf81f, 0xf81f, 0xf81f, 0xf81f, 0xf81f,
0xf81f, 0xf81f, 0xf81f, 0xf81f, 0xf81f, 0xf81f, 0xf81f, 0xf81f, 0xf81f, 0xf81f,
0xf81f, 0xf81f, 0xf81f, 0xf81f, 0xf81f, 0xf81f, 0xf81f, 0xf81f, 0xf81f, 0xf81f,
0xf81f, 0xf81f, 0xf81f, 0xf81f, 0xf81f, 0xf81f, 0xf81f, 0xf81f, 0xf81f, 0xf81f,
0xf81f, 0xf81f, 
0xf81f, 0xf81f, 0xf81f, 0xf81f, 0xf81f, 0xf81f, 0xf81f, 0xf81f, 0xf81f, 0xf81f,
0xf81f, 0xf81f, 0xf81f, 0xf81f, 0xf81f, 0xf81f, 0xf81f, 0xf81f, 0xf81f, 0xf81f,
0xf81f, 0xf81f, 0xf81f, 0xf81f, 0xf81f, 0xf81f, 0xf81f, 0xf81f, 0xf81f, 0xf81f,
0xf81f, 0xf81f, 0xf81f, 0xf81f, 0xf81f, 0xf81f, 0xf81f, 0xf81f, 0xf81f, 0xf81f,
0xf81f, 0xf81f, 0xf81f, 0xf81f, 0xf81f, 0xf81f, 0xf81f, 0xf81f, 0xf81f, 0xf81f,
0xf81f, 0xf81f, 0xf81f, 0xf81f, 0xf81f, 0xf81f, 0xf81f, 0xf81f, 0xf81f, 0xf81f,
0xf81f, 0xf81f, 0xf81f, 0xf81f, 0xf81f, 0xf81f, 0xf81f, 0xf81f, 0xf81f, 0xf81f,
0xf81f, 0xf81f, 0xf81f, 0xf81f, 0xf81f, 0xf81f, 0xf81f, 0xf81f, 0xf81f, 0xf81f,
0xf81f, 0xf81f, 0xf81f, 0xf81f, 0xf81f, 0xf81f, 0xf81f, 0xf81f, 0xf81f, 0xf81f,
0xf81f, 0xf81f, 0xf81f, 0xf81f, 0xf81f, 0xf81f, 0xf81f, 0xf81f, 0xf81f, 0xf81f,
0xf81f, 0xf81f, 0xf81f, 0xf81f, 0xf81f, 0xf81f, 0xf81f, 0xf81f, 0xf81f, 0xf81f,
0xf81f, 0xf81f, 0xf81f, 0xf81f, 0xf81f, 0xf81f, 0xf81f, 0xf81f, 0xf81f, 0xf81f,
0xf81f, 0xf81f, 0xf81f, 0xf81f, 0xf81f, 0xf81f, 0xf81f, 0xf81f, 0xf81f, 0xf81f,
0xf81f, 0xf81f, 0xf81f, 0xf81f, 0xf81f, 0xf81f, 0xf81f, 0xf81f, 0xf81f, 0xf81f,
0xf81f, 0xf81f, 0xf81f, 0xf81f, 0xf81f, 0xf81f, 0xf81f, 0xf81f, 0xf81f, 0xf81f,
0xf81f, 0xf81f, 0xf81f, 0xf81f, 0xf81f, 0xf81f, 0xf81f, 0xf81f, 0xf81f, 0xf81f,
0xf81f, 0xf81f, 0xf81f, 0xf81f, 0xf81f, 0xf81f, 0xf81f, 0xf81f, 0xf81f, 0xf81f,
0xf81f, 0xf81f, 0xf81f, 0xf81f, 0xf81f, 0xf81f, 0xf81f, 0xf81f, 0xf81f, 0xf81f,
0xf81f, 0xf81f, 0xf81f, 0xf81f, 0xf81f, 0xf81f, 0xf81f, 0xf81f, 0xf81f, 0xf81f,
0xf81f, 0xf81f, 
0xf81f, 0xf81f, 0xf81f, 0xf81f, 0xf81f, 0xf81f, 0xf81f, 0xf81f, 0xf81f, 0xf81f,
0xf81f, 0xf81f, 0xf81f, 0xf81f, 0xf81f, 0xf81f, 0xf81f, 0xf81f, 0xf81f, 0xf81f,
0xf81f, 0xf81f, 0xf81f, 0xf81f, 0xf81f, 0xf81f, 0xf81f, 0xf81f, 0xf81f, 0xf81f,
0xf81f, 0xf81f, 0xf81f, 0xf81f, 0xf81f, 0xf81f, 0xf81f, 0xf81f, 0xf81f, 0xf81f,
0xf81f, 0xf81f, 0xf81f, 0xf81f, 0xf81f, 0xf81f, 0xf81f, 0xf81f, 0xf81f, 0xf81f,
0xf81f, 0xf81f, 0xf81f, 0xf81f, 0xf81f, 0xf81f, 0xf81f, 0xf81f, 0xf81f, 0xf81f,
0xf81f, 0xf81f, 0xf81f, 0xf81f, 0xf81f, 0xf81f, 0xf81f, 0xf81f, 0xf81f, 0xf81f,
0xf81f, 0xf81f, 0xf81f, 0xf81f, 0xf81f, 0xf81f, 0xf81f, 0xf81f, 0xf81f, 0xf81f,
0xf81f, 0xf81f, 0xf81f, 0xf81f, 0xf81f, 0xf81f, 0xf81f, 0xf81f, 0xf81f, 0xf81f,
0xf81f, 0xf81f, 0xf81f, 0xf81f, 0xf81f, 0xf81f, 0xf81f, 0xf81f, 0xf81f, 0xf81f,
0xf81f, 0xf81f, 0xf81f, 0xf81f, 0xf81f, 0xf81f, 0xf81f, 0xf81f, 0xf81f, 0xf81f,
0xf81f, 0xf81f, 0xf81f, 0xf81f, 0xf81f, 0xf81f, 0xf81f, 0xf81f, 0xf81f, 0xf81f,
0xf81f, 0xf81f, 0xf81f, 0xf81f, 0xf81f, 0xf81f, 0xf81f, 0xf81f, 0xf81f, 0xf81f,
0xf81f, 0xf81f, 0xf81f, 0xf81f, 0xf81f, 0xf81f, 0xf81f, 0xf81f, 0xf81f, 0xf81f,
0xf81f, 0xf81f, 0xf81f, 0xf81f, 0xf81f, 0xf81f, 0xf81f, 0xf81f, 0xf81f, 0xf81f,
0xf81f, 0xf81f, 0xf81f, 0xf81f, 0xf81f, 0xf81f, 0xf81f, 0xf81f, 0xf81f, 0xf81f,
0xf81f, 0xf81f, 0xf81f, 0xf81f, 0xf81f, 0xf81f, 0xf81f, 0xf81f, 0xf81f, 0xf81f,
0xf81f, 0xf81f, 0xf81f, 0xf81f, 0xf81f, 0xf81f, 0xf81f, 0xf81f, 0xf81f, 0xf81f,
0xf81f, 0xf81f, 0xf81f, 0xf81f, 0xf81f, 0xf81f, 0xf81f, 0xf81f, 0xf81f, 0xf81f,
0xf81f, 0xf81f, 
0xf81f, 0xf81f, 0xf81f, 0xf81f, 0xf81f, 0xf81f, 0xf81f, 0xf81f, 0xf81f, 0x2104,
0x18c3, 0x18c3, 0x1082, 0x1082, 0x0000, 0xf81f, 0xf81f, 0xf81f, 0xf81f, 0xf81f,
0xf81f, 0xf81f, 0xf81f, 0xf81f, 0xf81f, 0xf81f, 0xf81f, 0xf81f, 0xf81f, 0xf81f,
0xf81f, 0xf81f, 0xf81f, 0x2104, 0x2104, 0x18c3, 0x18c3, 0x1082, 0x0000, 0xf81f,
0xf81f, 0xf81f, 0xf81f, 0xf81f, 0xf81f, 0xf81f, 0xf81f, 0xf81f, 0xf81f, 0xf81f,
0xf81f, 0xf81f, 0xf81f, 0xf81f, 0xf81f, 0xf81f, 0xf81f, 0x2104, 0x18c3, 0x18c3,
0x1082, 0x1082, 0x0000, 0xf81f, 0xf81f, 0xf81f, 0xf81f, 0xf81f, 0xf81f, 0xf81f,
0xf81f, 0xf81f, 0xf81f, 0xf81f, 0xf81f, 0xf81f, 0xf81f, 0xf81f, 0xf81f, 0xf81f,
0xf81f, 0x2104, 0x2104, 0x18c3, 0x1082, 0x1082, 0x0000, 0xf81f, 0xf81f, 0xf81f,
0xf81f, 0xf81f, 0xf81f, 0xf81f, 0xf81f, 0xf81f, 0xf81f, 0xf81f, 0xf81f, 0xf81f,
0xf81f, 0xf81f, 0xf81f, 0xf81f, 0xf81f, 0x2104, 0x18c3, 0x18c3, 0x1082, 0x1082,
0x0000, 0xf81f, 0xf81f, 0xf81f, 0xf81f, 0xf81f, 0xf81f, 0xf81f, 0xf81f, 0xf81f,
0xf81f, 0xf81f, 0xf81f, 0xf81f, 0xf81f, 0xf81f, 0xf81f, 0xf81f, 0xf81f, 0x2104,
0x18c3, 0x18c3, 0x1082, 0x1082, 0x0000, 0xf81f, 0xf81f, 0xf81f, 0xf81f, 0xf81f,
0xf81f, 0xf81f, 0xf81f, 0xf81f, 0xf81f, 0xf81f, 0xf81f, 0xf81f, 0xf81f, 0xf81f,
0xf81f, 0xf81f, 0xf81f, 0x2104, 0x2104, 0x18c3, 0x18c3, 0x1082, 0x0000, 0xf81f,
0xf81f, 0xf81f, 0xf81f, 0xf81f, 0xf81f, 0xf81f, 0xf81f, 0xf81f, 0xf81f, 0xf81f,
0xf81f, 0xf81f, 0xf81f, 0xf81f, 0xf81f, 0xf81f, 0xf81f, 0x2104, 0x18c3, 0x1082,
0x1082, 0x0000, 0x0000, 0xf81f, 0xf81f, 0xf81f, 0xf81f, 0xf81f, 0xf81f, 0xf81f,
0xf81f, 0xf81f, 
0xf81f, 0xf81f, 0xf81f, 0xf81f, 0xf81f, 0xf81f, 0xf81f, 0xf81f, 0xf81f, 0x2104,
0x18c3, 0x18c3, 0x1082, 0x1082, 0x0000, 0xf81f, 0xf81f, 0xf81f, 0xf81f, 0xf81f,
0xf81f, 0xf81f, 0xf81f, 0xf81f, 0xf81f, 0xf81f, 0xf81f, 0xf81f, 0xf81f, 0xf81f,
0xf81f, 0xf81f, 0xf81f, 0x2104, 0x18c3, 0x18c3, 0x1082, 0x1082, 0x0000, 0x0000,
0xf81f, 0xf81f, 0xf81f, 0xf81f, 0xf81f, 0xf81f, 0xf81f, 0xf81f, 0xf81f, 0xf81f,
0xf81f, 0xf81f, 0xf81f, 0xf81f, 0xf81f, 0xf81f, 0xf81f, 0x2104, 0x18c3, 0x18c3,
0x1082, 0x1082, 0x0000, 0xf81f, 0xf81f, 0xf81f, 0xf81f, 0xf81f, 0xf81f, 0xf81f,
0xf81f, 0xf81f, 0xf81f, 0xf81f, 0xf81f, 0xf81f, 0xf81f, 0xf81f, 0xf81f, 0xf81f,
0xf81f, 0x2104, 0x18c3, 0x18c3, 0x18c3, 0x1082, 0x1082, 0x0000, 0xf81f, 0xf81f,
0xf81f, 0xf81f, 0xf81f, 0xf81f, 0xf81f, 0xf81f, 0xf81f, 0xf81f, 0xf81f, 0xf81f,
0xf81f, 0xf81f, 0xf81f, 0xf81f, 0xf81f, 0x2104, 0x18c3, 0x18c3, 0x1082, 0x1082,
0x0000, 0xf81f, 0xf81f, 0xf81f, 0xf81f, 0xf81f, 0xf81f, 0xf81f, 0xf81f, 0xf81f,
0xf81f, 0xf81f, 0xf81f, 0xf81f, 0xf81f, 0xf81f, 0xf81f, 0xf81f, 0x2104, 0x18c3,
0x18c3, 0x1082, 0x1082, 0x1082, 0x0000, 0xf81f, 0xf81f, 0xf81f, 0xf81f, 0xf81f,
0xf81f, 0xf81f, 0xf81f, 0xf81f, 0xf81f, 0xf81f, 0xf81f, 0xf81f, 0xf81f, 0xf81f,
0xf81f, 0xf81f, 0xf81f, 0x2104, 0x2104, 0x18c3, 0x18c3, 0x1082, 0x0000, 0xf81f,
0xf81f, 0xf81f, 0xf81f, 0xf81f, 0xf81f, 0xf81f, 0xf81f, 0xf81f, 0xf81f, 0xf81f,
0xf81f, 0xf81f, 0xf81f, 0xf81f, 0xf81f, 0xf81f, 0x2104, 0x2104, 0x18c3, 0x18c3,
0x1082, 0x1082, 0x0000, 0xf81f, 0xf81f, 0xf81f, 0xf81f, 0xf81f, 0xf81f, 0xf81f,
0xf81f, 0xf81f, 
0xf81f, 0xf81f, 0xf81f, 0xf81f, 0xf81f, 0xf81f, 0xf81f, 0xf81f, 0xf81f, 0x2104,
0x18c3, 0x18c3, 0x1082, 0x1082, 0x0000, 0xf81f, 0xf81f, 0xf81f, 0xf81f, 0xf81f,
0xf81f, 0xf81f, 0xf81f, 0xf81f, 0xf81f, 0xf81f, 0xf81f, 0xf81f, 0xf81f, 0xf81f,
0xf81f, 0xf81f, 0xf81f, 0x2104, 0x18c3, 0x1082, 0x1082, 0x1082, 0x6120, 0x40c0,
0xf81f, 0xf81f, 0xf81f, 0xf81f, 0xf81f, 0xf81f, 0xf81f, 0xf81f, 0xf81f, 0xf81f,
0xf81f, 0xf81f, 0xf81f, 0xf81f, 0xf81f, 0xf81f, 0xf81f, 0x2104, 0x18c3, 0x18c3,
0x1082, 0x1082, 0x0000, 0x2060, 0xf81f, 0xf81f, 0xf81f, 0xf81f, 0xf81f, 0xf81f,
0xf81f, 0xf81f, 0xf81f, 0xf81f, 0xf81f, 0xf81f, 0xf81f, 0xf81f, 0xf81f, 0xf81f,
0xf81f, 0x18c3, 0xf4a9, 0xd280, 0xd280, 0xaa00, 0x89a0, 0x40c0, 0xf81f, 0xf81f,
0xf81f, 0xf81f, 0xf81f, 0xf81f, 0xf81f, 0xf81f, 0xf81f, 0xf81f, 0xf81f, 0xf81f,
0xf81f, 0xf81f, 0xf81f, 0xf81f, 0xf81f, 0x89a0, 0xf4a9, 0xd280, 0xaa00, 0x89a0,
0x6120, 0xf81f, 0xf81f, 0xf81f, 0xf81f, 0xf81f, 0xf81f, 0xf81f, 0xf81f, 0xf81f,
0xf81f, 0xf81f, 0xf81f, 0xf81f, 0xf81f, 0xf81f, 0xf81f, 0xf81f, 0x40c0, 0xf4a9,
0xd280, 0xaa00, 0x89a0, 0x89a0, 0x0000, 0xf81f, 0xf81f, 0xf81f, 0xf81f, 0xf81f,
0xf81f, 0xf81f, 0xf81f, 0xf81f, 0xf81f, 0xf81f, 0xf81f, 0xf81f, 0xf81f, 0xf81f,
0xf81f, 0xf81f, 0x6120, 0x2104, 0x2104, 0x18c3, 0x18c3, 0x1082, 0x0000, 0xf81f,
0xf81f, 0xf81f, 0xf81f, 0xf81f, 0xf81f, 0xf81f, 0xf81f, 0xf81f, 0xf81f, 0xf81f,
0xf81f, 0xf81f, 0xf81f, 0xf81f, 0xf81f, 0xf81f, 0xaa00, 0xf4a9, 0x18c3, 0x18c3,
0x18c3, 0x1082, 0x0000, 0xf81f, 0xf81f, 0xf81f, 0xf81f, 0xf81f, 0xf81f, 0xf81f,
0xf81f, 0xf81f, 
0xf81f, 0xf81f, 0xf81f, 0xf81f, 0xf81f, 0xf81f, 0xf81f, 0xf81f, 0xf81f, 0x2104,
0x18c3, 0x18c3, 0x1082, 0x1082, 0x0000, 0xf81f, 0xf81f, 0xf81f, 0xf81f, 0xf81f,
0xf81f, 0xf81f, 0xf81f, 0xf81f, 0xf81f, 0xf81f, 0xf81f, 0xf81f, 0xf81f, 0xf81f,
0xf81f, 0xf81f, 0xf81f, 0x2104, 0x18c3, 0x1082, 0x1082, 0x0000, 0x6120, 0x30a0,
0xf81f, 0xf81f, 0xf81f, 0xf81f, 0xf81f, 0xf81f, 0xf81f, 0xf81f, 0xf81f, 0xf81f,
0xf81f, 0xf81f, 0xf81f, 0xf81f, 0xf81f, 0xf81f, 0xf81f, 0x2104, 0x18c3, 0x18c3,
0xaa00, 0x89a0, 0x6120, 0x30a0, 0xf81f, 0xf81f, 0xf81f, 0xf81f, 0xf81f, 0xf81f,
0xf81f, 0xf81f, 0xf81f, 0xf81f, 0xf81f, 0xf81f, 0xf81f, 0xf81f, 0xf81f, 0xf81f,
0xf81f, 0x18c3, 0xf4a9, 0xd280, 0xd280, 0xaa00, 0x89a0, 0x40c0, 0xf81f, 0xf81f,
0xf81f, 0xf81f, 0xf81f, 0xf81f, 0xf81f, 0xf81f, 0xf81f, 0xf81f, 0xf81f, 0xf81f,
0xf81f, 0xf81f, 0xf81f, 0xf81f, 0xf81f, 0x89a0, 0xf4a9, 0xd280, 0xaa00, 0x89a0,
0x6120, 0xf81f, 0xf81f, 0xf81f, 0xf81f, 0xf81f, 0xf81f, 0xf81f, 0xf81f, 0xf81f,
0xf81f, 0xf81f, 0xf81f, 0xf81f, 0xf81f, 0xf81f, 0xf81f, 0xf81f, 0x6120, 0xf4a9,
0xd280, 0xaa00, 0x89a0, 0x89a0, 0x0000, 0xf81f, 0xf81f, 0xf81f, 0xf81f, 0xf81f,
0xf81f, 0xf81f, 0xf81f, 0xf81f, 0xf81f, 0xf81f, 0xf81f, 0xf81f, 0xf81f, 0xf81f,
0xf81f, 0xf81f, 0x40c0, 0xd280, 0xf4a9, 0xaa00, 0x18c3, 0x1082, 0x0000, 0xf81f,
0xf81f, 0xf81f, 0xf81f, 0xf81f, 0xf81f, 0xf81f, 0xf81f, 0xf81f, 0xf81f, 0xf81f,
0xf81f, 0xf81f, 0xf81f, 0xf81f, 0xf81f, 0xf81f, 0x40c0, 0xd280, 0x2104, 0x18c3,
0x18c3, 0x1082, 0x0000, 0xf81f, 0xf81f, 0xf81f, 0xf81f, 0xf81f, 0xf81f, 0xf81f,
0xf81f, 0xf81f, 
0xf81f, 0xf81f, 0xf81f, 0xf81f, 0xf81f, 0xf81f, 0xf81f, 0xf81f, 0xf81f, 0x2104,
0x18c3, 0x18c3, 0x1082, 0x1082, 0x0000, 0xf81f, 0xf81f, 0xf81f, 0xf81f, 0xf81f,
0xf81f, 0xf81f, 0xf81f, 0xf81f, 0xf81f, 0xf81f, 0xf81f, 0xf81f, 0xf81f, 0xf81f,
0xf81f, 0xf81f, 0xf81f, 0x2104, 0x18c3, 0x1082, 0x1082, 0x0000, 0xaa00, 0x6120,
0xf81f, 0xf81f, 0xf81f, 0xf81f, 0xf81f, 0xf81f, 0xf81f, 0xf81f, 0xf81f, 0xf81f,
0xf81f, 0xf81f, 0xf81f, 0xf81f, 0xf81f, 0xf81f, 0xf81f, 0x2104, 0x18c3, 0xaa00,
0x6120, 0x40c0, 0x0000, 0x2060, 0x40c0, 0xf81f, 0xf81f, 0xf81f, 0xf81f, 0xf81f,
0xf81f, 0xf81f, 0xf81f, 0xf81f, 0xf81f, 0xf81f, 0xf81f, 0xf81f, 0xf81f, 0xf81f,
0xf81f, 0x89a0, 0x40c0, 0x0000, 0x40c0, 0x40c0, 0x0000, 0x40c0, 0xf81f, 0xf81f,
0xf81f, 0xf81f, 0xf81f, 0xf81f, 0xf81f, 0xf81f, 0xf81f, 0xf81f, 0xf81f, 0xf81f,
0xf81f, 0xf81f, 0xf81f, 0xf81f, 0xf81f, 0x40c0, 0x0000, 0x40c0, 0x40c0, 0x0000,
0x40c0, 0xf81f, 0xf81f, 0xf81f, 0xf81f, 0xf81f, 0xf81f, 0xf81f, 0xf81f, 0xf81f,
0xf81f, 0xf81f, 0xf81f, 0xf81f, 0xf81f, 0xf81f, 0xf81f, 0xf81f, 0x40c0, 0x0000,
0x40c0, 0x40c0, 0x0000, 0x40c0, 0x6120, 0xf81f, 0xf81f, 0xf81f, 0xf81f, 0xf81f,
0xf81f, 0xf81f, 0xf81f, 0xf81f, 0xf81f, 0xf81f, 0xf81f, 0xf81f, 0xf81f, 0xf81f,
0xf81f, 0xd280, 0x6120, 0x0000, 0x40c0, 0x6120, 0x89a0, 0x1082, 0x0000, 0xf81f,
0xf81f, 0xf81f, 0xf81f, 0xf81f, 0xf81f, 0xf81f, 0xf81f, 0xf81f, 0xf81f, 0xf81f,
0xf81f, 0xf81f, 0xf81f, 0xf81f, 0xf81f, 0xf81f, 0xaa00, 0xf4a9, 0x2104, 0x18c3,
0x18c3, 0x1082, 0x0000, 0xf81f, 0xf81f, 0xf81f, 0xf81f, 0xf81f, 0xf81f, 0xf81f,
0xf81f, 0xf81f, 
0xf81f, 0xf81f, 0xf81f, 0xf81f, 0xf81f, 0xf81f, 0xf81f, 0xf81f, 0xf81f, 0x2104,
0x18c3, 0x18c3, 0x1082, 0x1082, 0x0000, 0xf81f, 0xf81f, 0xf81f, 0xf81f, 0xf81f,
0xf81f, 0xf81f, 0xf81f, 0xf81f, 0xf81f, 0xf81f, 0xf81f, 0xf81f, 0xf81f, 0xf81f,
0xf81f, 0xf81f, 0xf81f, 0x2104, 0x18c3, 0x1082, 0x1082, 0x0000, 0xaa00, 0x6120,
0xf81f, 0xf81f, 0xf81f, 0xf81f, 0xf81f, 0xf81f, 0xf81f, 0xf81f, 0xf81f, 0xf81f,
0xf81f, 0xf81f, 0xf81f, 0xf81f, 0xf81f, 0xf81f, 0xf81f, 0x2104, 0xf4a9, 0xaa00,
0x89a0, 0x6120, 0x6120, 0x89a0, 0x6120, 0xf81f, 0xf81f, 0xf81f, 0xf81f, 0xf81f,
0xf81f, 0xf81f, 0xf81f, 0xf81f, 0xf81f, 0xf81f, 0xf81f, 0xf81f, 0xf81f, 0xf81f,
0xf81f, 0x89a0, 0x6120, 0x6120, 0xf4a9, 0x89a0, 0x6120, 0x6120, 0xf81f, 0xf81f,
0xf81f, 0xf81f, 0xf81f, 0xf81f, 0xf81f, 0xf81f, 0xf81f, 0xf81f, 0xf81f, 0xf81f,
0xf81f, 0xf81f, 0xf81f, 0xf81f, 0xf81f, 0x6120, 0x6120, 0xf4a9, 0x89a0, 0x6120,
0x6120, 0xf81f, 0xf81f, 0xf81f, 0xf81f, 0xf81f, 0xf81f, 0xf81f, 0xf81f, 0xf81f,
0xf81f, 0xf81f, 0xf81f, 0xf81f, 0xf81f, 0xf81f, 0xf81f, 0xf81f, 0x6120, 0x6120,
0xf4a9, 0x89a0, 0x6120, 0x6120, 0x6120, 0xf81f, 0xf81f, 0xf81f, 0xf81f, 0xf81f,
0xf81f, 0xf81f, 0xf81f, 0xf81f, 0xf81f, 0xf81f, 0xf81f, 0xf81f, 0xf81f, 0xf81f,
0xf81f, 0x6120, 0x89a0, 0x6120, 0x6120, 0x89a0, 0x89a0, 0xd280, 0x0000, 0xf81f,
0xf81f, 0xf81f, 0xf81f, 0xf81f, 0xf81f, 0xf81f, 0xf81f, 0xf81f, 0xf81f, 0xf81f,
0xf81f, 0xf81f, 0xf81f, 0xf81f, 0xf81f, 0xf81f, 0xaa00, 0xf4a9, 0x2104, 0x18c3,
0x18c3, 0x1082, 0x0000, 0xf81f, 0xf81f, 0xf81f, 0xf81f, 0xf81f, 0xf81f, 0xf81f,
0xf81f, 0xf81f, 
0xf81f, 0xf81f, 0xf81f, 0xf81f, 0xf81f, 0xf81f, 0x8a8a, 0x8a8a, 0x6a08, 0x40c0,
0xaa00, 0x6120, 0x6120, 0x6120, 0x40c0, 0xf81f, 0xf81f, 0xf81f, 0xf81f, 0xf81f,
0xf81f, 0xf81f, 0xf81f, 0xf81f, 0xf81f, 0xf81f, 0xf81f, 0xf81f, 0xf81f, 0xf81f,
0xf81f, 0xf81f, 0xf81f, 0x6120, 0xaa00, 0x6120, 0x6120, 0x89a0, 0x6120, 0x6120,
0xf81f, 0xf81f, 0xf81f, 0xf81f, 0xf81f, 0xf81f, 0xf81f, 0xf81f, 0xf81f, 0xf81f,
0xf81f, 0xf81f, 0xf81f, 0xf81f, 0xf81f, 0xf81f, 0xf81f, 0x89a0, 0xd280, 0x89a0,
0xd280, 0x89a0, 0x89a0, 0x40c0, 0xf81f, 0xf81f, 0xf81f, 0xf81f, 0xf81f, 0xf81f,
0xf81f, 0xf81f, 0xf81f, 0xf81f, 0xf81f, 0xf81f, 0xf81f, 0xf81f, 0xf81f, 0xf81f,
0xf81f, 0x89a0, 0xaa00, 0xaa00, 0x89a0, 0x6120, 0x6120, 0x6120, 0xf81f, 0xf81f,
0xf81f, 0xf81f, 0xf81f, 0xf81f, 0xf81f, 0xf81f, 0xf81f, 0xf81f, 0xf81f, 0xf81f,
0xf81f, 0xf81f, 0x8a8a, 0x8a8a, 0x6a08, 0x89a0, 0xaa00, 0x89a0, 0x6120, 0x6120,
0x89a0, 0xf81f, 0xf81f, 0xf81f, 0xf81f, 0xf81f, 0xf81f, 0xf81f, 0xf81f, 0xf81f,
0xf81f, 0xf81f, 0xf81f, 0xf81f, 0xf81f, 0xf81f, 0xf81f, 0xf81f, 0x89a0, 0xaa00,
0x89a0, 0x6120, 0x6120, 0x89a0, 0x6120, 0xf81f, 0xf81f, 0xf81f, 0xf81f, 0xf81f,
0xf81f, 0xf81f, 0xf81f, 0xf81f, 0xf81f, 0xf81f, 0xf81f, 0xf81f, 0xf81f, 0xf81f,
0xf81f, 0xf81f, 0x6120, 0x89a0, 0xd280, 0xaa00, 0x89a0, 0xaa00, 0x40c0, 0xf81f,
0xf81f, 0xf81f, 0xf81f, 0xf81f, 0xf81f, 0xf81f, 0xf81f, 0xf81f, 0xf81f, 0xf81f,
0xf81f, 0xf81f, 0xf81f, 0xf81f, 0xf81f, 0xf81f, 0xaa00, 0xaa00, 0x89a0, 0x6120,
0x40c0, 0x40c0, 0x40c0, 0xf81f, 0xf81f, 0xf81f, 0xf81f, 0xf81f, 0xf81f, 0xf81f,
0xf81f, 0xf81f, 
0xf81f, 0xf81f, 0xf81f, 0xf81f, 0xf81f, 0x8a8a, 0x8a8a, 0x8aaa, 0x0000, 0x0000,
0xaa00, 0xaa00, 0x6120, 0x6120, 0x0000, 0x4965, 0xf81f, 0xf81f, 0xf81f, 0xf81f,
0xf81f, 0xf81f, 0xf81f, 0xf81f, 0xf81f, 0xf81f, 0xf81f, 0xf81f, 0xf81f, 0xf81f,
0x8a8a, 0x8a8a, 0x6a08, 0x0000, 0x0000, 0xaa00, 0x6120, 0x6120, 0x6120, 0x40c0,
0xf81f, 0xf81f, 0xf81f, 0xf81f, 0xf81f, 0xf81f, 0xf81f, 0xf81f, 0xf81f, 0xf81f,
0xf81f, 0xf81f, 0xf81f, 0xf81f, 0xf81f, 0xf81f, 0xf81f, 0x6120, 0x89a0, 0xaa00,
0xaa00, 0xd280, 0xaa00, 0x30a0, 0xf81f, 0xf81f, 0xf81f, 0xf81f, 0xf81f, 0xf81f,
0xf81f, 0xf81f, 0xf81f, 0xf81f, 0xf81f, 0xf81f, 0xf81f, 0xf81f, 0x8a8a, 0x8a8a,
0x6a08, 0xaa00, 0xf4a9, 0xd280, 0x40c0, 0x40c0, 0x89a0, 0x6120, 0xf81f, 0xf81f,
0xf81f, 0xf81f, 0xf81f, 0xf81f, 0xf81f, 0xf81f, 0xf81f, 0xf81f, 0xf81f, 0xf81f,
0xf81f, 0x8a8a, 0x8a8a, 0x8aaa, 0x0000, 0xaa00, 0xf4a9, 0x40c0, 0x40c0, 0x6120,
0x89a0, 0x0000, 0xf81f, 0xf81f, 0xf81f, 0xf81f, 0xf81f, 0xf81f, 0xf81f, 0xf81f,
0xf81f, 0xf81f, 0xf81f, 0xf81f, 0xf81f, 0xf81f, 0x8a8a, 0x8a8a, 0xaa00, 0xf4a9,
0x40c0, 0x40c0, 0x6120, 0x89a0, 0x6120, 0xf81f, 0xf81f, 0xf81f, 0xf81f, 0xf81f,
0xf81f, 0xf81f, 0xf81f, 0xf81f, 0xf81f, 0xf81f, 0xf81f, 0xf81f, 0xf81f, 0xf81f,
0xf81f, 0xf81f, 0x40c0, 0xaa00, 0x89a0, 0x89a0, 0x89a0, 0x6120, 0x40c0, 0xf81f,
0xf81f, 0xf81f, 0xf81f, 0xf81f, 0xf81f, 0xf81f, 0xf81f, 0xf81f, 0xf81f, 0xf81f,
0xf81f, 0xf81f, 0xf81f, 0xf81f, 0x8a8a, 0x8a8a, 0x6120, 0xd280, 0xd280, 0x6120,
0x6120, 0x40c0, 0x4965, 0xf81f, 0xf81f, 0xf81f, 0xf81f, 0xf81f, 0xf81f, 0xf81f,
0xf81f, 0xf81f, 
0xf81f, 0xf81f, 0xf81f, 0xf81f, 0xaa00, 0x9acb, 0x6a08, 0x8a8a, 0x0000, 0x0000,
0x8a8a, 0x0000, 0x0000, 0x0000, 0x0000, 0x6a08, 0x6a08, 0x6a08, 0xf81f, 0xf81f,
0xf81f, 0xf81f, 0xf81f, 0xf81f, 0xf81f, 0xf81f, 0xf81f, 0xf81f, 0xf81f, 0x8a8a,
0x8a8a, 0x8aaa, 0x0000, 0x0000, 0x0000, 0x8a8a, 0x0000, 0x0000, 0x0000, 0x4965,
0xf81f, 0xf81f, 0xf81f, 0xf81f, 0xf81f, 0xf81f, 0xf81f, 0xf81f, 0xf81f, 0xf81f,
0xf81f, 0xf81f, 0xf81f, 0xf81f, 0x8a8a, 0x8a8a, 0x6a08, 0x0000, 0x40c0, 0x6120,
0xaa00, 0x89a0, 0xaa00, 0x6120, 0xf81f, 0xf81f, 0xf81f, 0xf81f, 0xf81f, 0xf81f,
0xf81f, 0xf81f, 0xf81f, 0xf81f, 0xf81f, 0xf81f, 0x8a8a, 0x8a8a, 0x8a8a, 0x8a8a,
0x0000, 0x0000, 0xaa00, 0xf4a9, 0xf4a9, 0xd280, 0x89a0, 0x40c0, 0xf81f, 0xf81f,
0xf81f, 0xf81f, 0xf81f, 0xf81f, 0xf81f, 0xf81f, 0xf81f, 0xf81f, 0xf81f, 0xf81f,
0xaa00, 0x9acb, 0x6a08, 0x8a8a, 0x0000, 0x40c0, 0xaa00, 0xf4a9, 0xf4a9, 0x89a0,
0x40c0, 0x28c3, 0xf81f, 0xf81f, 0xf81f, 0xf81f, 0xf81f, 0xf81f, 0xf81f, 0xf81f,
0xf81f, 0xf81f, 0xf81f, 0xf81f, 0xf81f, 0x8a8a, 0x8a8a, 0x8aaa, 0x40c0, 0xaa00,
0xf4a9, 0xf4a9, 0x89a0, 0x6120, 0x0000, 0x0000, 0xf81f, 0xf81f, 0xf81f, 0xf81f,
0xf81f, 0xf81f, 0xf81f, 0xf81f, 0xf81f, 0xf81f, 0xf81f, 0xf81f, 0xf81f, 0xf81f,
0x8a8a, 0x8a8a, 0xd280, 0xf4a9, 0xaa00, 0x6120, 0x40c0, 0x40c0, 0x28c3, 0xf81f,
0xf81f, 0xf81f, 0xf81f, 0xf81f, 0xf81f, 0xf81f, 0xf81f, 0xf81f, 0xf81f, 0xf81f,
0xf81f, 0xf81f, 0x8a8a, 0x8a8a, 0x8a8a, 0x8a8a, 0x0000, 0x0000, 0x8a8a, 0x8a8a,
0x0000, 0x0000, 0x0000, 0x6a08, 0xf81f, 0xf81f, 0xf81f, 0xf81f, 0xf81f, 0xf81f,
0xf81f, 0xf81f, 
0xf81f, 0xf81f, 0xf81f, 0xaa00, 0xaa00, 0x7980, 0x28c3, 0x0000, 0x8a8a, 0x8a8a,
0x8a8a, 0x0000, 0x0000, 0x0000, 0x8a8a, 0x8a8a, 0x8a8a, 0x6a08, 0x6a08, 0x4965,
0xf81f, 0xf81f, 0xf81f, 0xf81f, 0xf81f, 0xf81f, 0xf81f, 0xf81f, 0xaa00, 0x9acb,
0x4965, 0x8a8a, 0x0000, 0x0000, 0x8a8a, 0x0000, 0x0000, 0x0000, 0x0000, 0x6a08,
0x6a08, 0xf81f, 0x9acb, 0x4965, 0xf81f, 0xf81f, 0xf81f, 0xf81f, 0xf81f, 0xf81f,
0xf81f, 0xf81f, 0x6a08, 0x4965, 0x8a8a, 0x92aa, 0x0000, 0x0000, 0x0000, 0x8a8a,
0x0000, 0x0000, 0x0000, 0x28c3, 0xf81f, 0xf81f, 0xf81f, 0xf81f, 0xf81f, 0xf81f,
0xf81f, 0xf81f, 0xf81f, 0xf81f, 0xf81f, 0xaa00, 0xaa00, 0x2880, 0x6a08, 0x8a8a,
0x0000, 0x8a8a, 0x8a8a, 0x0000, 0x0000, 0x0000, 0x0000, 0x28c3, 0xf81f, 0xf81f,
0xf81f, 0xf81f, 0xf81f, 0xf81f, 0xf81f, 0xf81f, 0xf81f, 0xf81f, 0xf81f, 0xaa00,
0xaa00, 0x7980, 0x28c3, 0x0000, 0x92aa, 0x8a8a, 0x8a8a, 0x8a8a, 0x6a08, 0x6a08,
0x4965, 0x28c3, 0x0000, 0xf81f, 0xf81f, 0xf81f, 0xf81f, 0xf81f, 0xf81f, 0xf81f,
0xf81f, 0xf81f, 0xf81f, 0xf81f, 0xaa00, 0x9acb, 0x4965, 0x8a8a, 0x0000, 0x0000,
0x8a8a, 0x0000, 0x0000, 0x0000, 0x0000, 0x28c3, 0xf81f, 0xf81f, 0xf81f, 0xf81f,
0xf81f, 0xf81f, 0xf81f, 0xf81f, 0xf81f, 0xf81f, 0xf81f, 0xf81f, 0x6a08, 0x4965,
0x8a8a, 0x92aa, 0x0000, 0x0000, 0x0000, 0x8a8a, 0x0000, 0x0000, 0x0000, 0x28c3,
0xf81f, 0xf81f, 0xf81f, 0xf81f, 0xf81f, 0xf81f, 0xf81f, 0xf81f, 0xf81f, 0xf81f,
0xf81f, 0xaa00, 0xaa00, 0x2880, 0x6a08, 0x8a8a, 0x0000, 0x8a8a, 0x8a8a, 0x0000,
0x0000, 0x0000, 0x0000, 0x6a08, 0x6a08, 0x28c3, 0xf81f, 0xf81f, 0xf81f, 0xf81f,
0xf81f, 0xf81f, 
0xf81f, 0xf81f, 0xaa00, 0xaa00, 0x7980, 0x0000, 0x0000, 0x0000, 0x8a8a, 0x9acb,
0x0000, 0x0000, 0x8a8a, 0x8a8a, 0x6a08, 0x6a08, 0x6a08, 0x4965, 0x4965, 0x28c3,
0x0000, 0xf81f, 0xf81f, 0xf81f, 0xf81f, 0xf81f, 0xf81f, 0xaa00, 0xaa00, 0x2880,
0x28c3, 0x0000, 0x8a8a, 0x8a8a, 0x8a8a, 0x0000, 0x0000, 0x0000, 0x8a8a, 0x8a8a,
0x8a8a, 0x8a8a, 0x8a8a, 0x6a08, 0x0000, 0xf81f, 0xf81f, 0xf81f, 0xf81f, 0xf81f,
0xf81f, 0xf81f, 0xaa00, 0x9acb, 0x6a08, 0x8a8a, 0x0000, 0x8a8a, 0x8a8a, 0x0000,
0x0000, 0x0000, 0x0000, 0x6a08, 0x0000, 0xf81f, 0xf81f, 0xf81f, 0xf81f, 0xf81f,
0xf81f, 0xf81f, 0xf81f, 0xf81f, 0xf81f, 0xaa00, 0xaa00, 0x0000, 0x28c3, 0x0000,
0x92aa, 0x92aa, 0x8a8a, 0x8a8a, 0x8a8a, 0x6a08, 0x4965, 0x28c3, 0x0000, 0xf81f,
0xf81f, 0xf81f, 0xf81f, 0xf81f, 0xf81f, 0xf81f, 0xf81f, 0xf81f, 0xaa00, 0xaa00,
0x7980, 0x0000, 0x0000, 0x0000, 0x8a8a, 0x8a8a, 0x8a8a, 0x8a8a, 0x8a8a, 0x6a08,
0x28c3, 0x0000, 0x0000, 0xf81f, 0xf81f, 0xf81f, 0xf81f, 0xf81f, 0xf81f, 0xf81f,
0xf81f, 0xf81f, 0xf81f, 0xaa00, 0xaa00, 0x2880, 0x28c3, 0x0000, 0x92aa, 0x92aa,
0x8a8a, 0x8a8a, 0x8a8a, 0x6a08, 0x6a08, 0x28c3, 0x0000, 0xf81f, 0xf81f, 0xf81f,
0xf81f, 0xf81f, 0xf81f, 0xf81f, 0xf81f, 0xf81f, 0xf81f, 0xf81f, 0xaa00, 0x9acb,
0x6a08, 0x8a8a, 0x0000, 0x8a8a, 0x8a8a, 0x0000, 0x0000, 0x0000, 0x0000, 0x6a08,
0x0000, 0xf81f, 0xf81f, 0xf81f, 0xf81f, 0xf81f, 0xf81f, 0xf81f, 0xf81f, 0xf81f,
0xf81f, 0xaa00, 0xaa00, 0x0000, 0x28c3, 0x0000, 0x8a8a, 0x8a8a, 0x8a8a, 0x0000,
0x0000, 0x0000, 0x8a8a, 0x8a8a, 0x6a08, 0x4965, 0x28c3, 0xf81f, 0xf81f, 0xf81f,
0xf81f, 0xf81f, 
0xf81f, 0xf81f, 0xf81f, 0x7980, 0x2880, 0xf81f, 0x0000, 0x8a8a, 0x8a8a, 0x8a8a,
0x9acb, 0x9acb, 0x8a8a, 0x6a08, 0x6a08, 0x4965, 0x28c3, 0x28c3, 0x28c3, 0x0000,
0x0000, 0xf81f, 0xf81f, 0xf81f, 0xf81f, 0xf81f, 0xaa00, 0xaa00, 0x7980, 0x0000,
0x0000, 0x0000, 0x8a8a, 0x9acb, 0x0000, 0x0000, 0x8a8a, 0x8a8a, 0x8a8a, 0x8a8a,
0x6a08, 0x6a08, 0x6a08, 0x4965, 0x0000, 0xf81f, 0xf81f, 0xf81f, 0xf81f, 0xf81f,
0xf81f, 0xaa00, 0xaa00, 0x2880, 0x28c3, 0x0000, 0x8a8a, 0x8a8a, 0x8a8a, 0x0000,
0x0000, 0x0000, 0x8a8a, 0x6a08, 0x28c3, 0xf81f, 0xf81f, 0xf81f, 0xf81f, 0xf81f,
0xf81f, 0xf81f, 0xf81f, 0xf81f, 0xaa00, 0xaa00, 0x7980, 0x0000, 0x0000, 0x0000,
0x8a8a, 0x8a8a, 0x92aa, 0x92aa, 0x8a8a, 0x8a8a, 0x6a08, 0x0000, 0x0000, 0xf81f,
0xf81f, 0xf81f, 0xf81f, 0xf81f, 0xf81f, 0xf81f, 0xf81f, 0xf81f, 0xf81f, 0x7980,
0x2880, 0xf81f, 0x0000, 0x8a8a, 0x8a8a, 0x8a8a, 0x6a08, 0x8a8a, 0x8aaa, 0x6a08,
0x0000, 0x0000, 0x0000, 0xf81f, 0xf81f, 0xf81f, 0xf81f, 0xf81f, 0xf81f, 0xf81f,
0xf81f, 0xf81f, 0xaa00, 0xaa00, 0x7980, 0x0000, 0x0000, 0x0000, 0x8a8a, 0x8a8a,
0x0000, 0x8a8a, 0x8a8a, 0x8a8a, 0x4965, 0x0000, 0x0000, 0x18e3, 0xf81f, 0xf81f,
0xf81f, 0xf81f, 0xf81f, 0xf81f, 0xf81f, 0xf81f, 0xf81f, 0xaa00, 0xaa00, 0x2880,
0x28c3, 0x0000, 0x8a8a, 0x8a8a, 0x8a8a, 0x0000, 0x0000, 0x0000, 0x8a8a, 0x6a08,
0x28c3, 0xf81f, 0xf81f, 0xf81f, 0xf81f, 0xf81f, 0xf81f, 0xf81f, 0xf81f, 0xf81f,
0xaa00, 0xaa00, 0x7980, 0x0000, 0x0000, 0x0000, 0x8a8a, 0x9acb, 0x0000, 0x0000,
0x8a8a, 0x6a08, 0x6a08, 0x6a08, 0x4965, 0x6a08, 0x4965, 0x0000, 0xf81f, 0xf81f,
0xf81f, 0xf81f, 
0xf81f, 0xf81f, 0xf81f, 0xf81f, 0xf81f, 0xf81f, 0x8a8a, 0x8a8a, 0x0000, 0x8a8a,
0x8a8a, 0x6a08, 0x6a08, 0x4965, 0x28c3, 0x28c3, 0x0000, 0xaa00, 0x28c3, 0x0000,
0xf81f, 0xf81f, 0xf81f, 0xf81f, 0xf81f, 0xf81f, 0xf81f, 0x7980, 0x2880, 0xf81f,
0x0000, 0x8a8a, 0x0000, 0x8a8a, 0x92aa, 0x92aa, 0x8a8a, 0x6a08, 0x6a08, 0x6a08,
0x4965, 0x28c3, 0x28c3, 0x0000, 0x0000, 0xf81f, 0xf81f, 0xf81f, 0xf81f, 0xf81f,
0xaa00, 0xaa00, 0x7980, 0x0000, 0x0000, 0x0000, 0x8a8a, 0x92aa, 0x0000, 0x0000,
0x92aa, 0x92aa, 0x8a8a, 0x8a8a, 0x6a08, 0x28c3, 0xf81f, 0xf81f, 0xf81f, 0xf81f,
0xf81f, 0xf81f, 0xf81f, 0xf81f, 0xf81f, 0x7980, 0x2880, 0xf81f, 0x728a, 0x8a8a,
0x0000, 0x8a8a, 0x6a08, 0x6a08, 0x8a8a, 0x8aaa, 0x6a08, 0x28c3, 0x0000, 0xf81f,
0xf81f, 0xf81f, 0xf81f, 0xf81f, 0xf81f, 0xf81f, 0xf81f, 0xf81f, 0xf81f, 0xf81f,
0xf81f, 0xf81f, 0x8a8a, 0x8a8a, 0x0000, 0xaa00, 0x6a08, 0x8a8a, 0x9acb, 0x4965,
0x0000, 0x0000, 0x0000, 0x18e3, 0xf81f, 0xf81f, 0xf81f, 0xf81f, 0xf81f, 0xf81f,
0xf81f, 0xf81f, 0xf81f, 0x7980, 0x2880, 0xf81f, 0x0000, 0x8a8a, 0x0000, 0x8a8a,
0x6a08, 0x4965, 0x8a8a, 0x8aaa, 0x28c3, 0x0000, 0x0000, 0x31a6, 0x2945, 0xf81f,
0xf81f, 0xf81f, 0xf81f, 0xf81f, 0xf81f, 0xf81f, 0xaa00, 0xaa00, 0x7980, 0x0000,
0x0000, 0x0000, 0x8a8a, 0x92aa, 0x0000, 0x0000, 0x9acb, 0x9acb, 0x8aaa, 0x6a08,
0x4965, 0xf81f, 0xf81f, 0xf81f, 0xf81f, 0xf81f, 0xf81f, 0xf81f, 0xf81f, 0xf81f,
0xf81f, 0x7980, 0x2880, 0xf81f, 0x728a, 0x8a8a, 0x0000, 0x8a8a, 0x8a8a, 0x6a08,
0x6a08, 0x6a08, 0x4965, 0x28c3, 0x4965, 0x4965, 0x4965, 0xf81f, 0xf81f, 0xf81f,
0xf81f, 0xf81f, 
0xf81f, 0xf81f, 0xf81f, 0xf81f, 0xf81f, 0xf81f, 0x0000, 0x8a8a, 0x0000, 0x8a8a,
0x6a08, 0x6a08, 0x4965, 0x4965, 0x28c3, 0x0000, 0x0000, 0xf81f, 0xf81f, 0x0000,
0xf81f, 0xf81f, 0xf81f, 0xf81f, 0xf81f, 0xf81f, 0xf81f, 0xf81f, 0xf81f, 0xf81f,
0x6a08, 0x8a8a, 0x0000, 0x8a8a, 0x8a8a, 0x6a08, 0x6a08, 0x4965, 0x28c3, 0x28c3,
0x0000, 0x0000, 0xf81f, 0x7980, 0xf81f, 0xf81f, 0xf81f, 0xf81f, 0xf81f, 0xf81f,
0xf81f, 0x7980, 0x2880, 0xf81f, 0x0000, 0x8a8a, 0x0000, 0x8a8a, 0x92aa, 0x92aa,
0x92aa, 0x8a8a, 0x8a8a, 0x8a8a, 0x6a08, 0x4965, 0xf81f, 0xf81f, 0xf81f, 0xf81f,
0xf81f, 0xf81f, 0xf81f, 0xf81f, 0xf81f, 0xf81f, 0xf81f, 0xf81f, 0x6a08, 0x8a8a,
0x0000, 0x8a8a, 0x6a08, 0x6a08, 0x8a8a, 0x8a8a, 0x6a08, 0x0000, 0x0000, 0x1082,
0xf81f, 0xf81f, 0xf81f, 0xf81f, 0xf81f, 0xf81f, 0xf81f, 0xf81f, 0xf81f, 0x3186,
0x3186, 0x2945, 0x0000, 0x8a8a, 0x0000, 0xaa00, 0xaa00, 0x6a08, 0x6a08, 0x4965,
0x0000, 0x0000, 0x0000, 0x1082, 0x0020, 0x0020, 0xf81f, 0xf81f, 0xf81f, 0xf81f,
0xf81f, 0xf81f, 0xf81f, 0xf81f, 0xf81f, 0xf81f, 0x6a08, 0x8a8a, 0x0000, 0x8a8a,
0x6a08, 0x7980, 0x6a08, 0x6a08, 0x28c3, 0x0000, 0x0000, 0x3186, 0x18e3, 0x1082,
0x0000, 0xf81f, 0xf81f, 0xf81f, 0xf81f, 0xf81f, 0xf81f, 0x7980, 0x2880, 0xf81f,
0x0000, 0x8a8a, 0x0000, 0x8a8a, 0x8a8a, 0x6a08, 0x6a08, 0x6a08, 0x6a08, 0x6a08,
0x4965, 0x0000, 0xf81f, 0xf81f, 0xf81f, 0xf81f, 0xf81f, 0xf81f, 0xf81f, 0xf81f,
0xf81f, 0xf81f, 0xf81f, 0xf81f, 0x6a08, 0x8a8a, 0x0000, 0x8a8a, 0x6a08, 0x6a08,
0x4965, 0x28c3, 0x28c3, 0x0000, 0x4965, 0x4965, 0x0000, 0xf81f, 0xf81f, 0xf81f,
0xf81f, 0xf81f, 
0xf81f, 0xf81f, 0xf81f, 0xf81f, 0xf81f, 0xf81f, 0xf81f, 0x0000, 0x0000, 0x0000,
0x6a08, 0x6a08, 0x4965, 0x28c3, 0x0000, 0x0000, 0x0000, 0xf81f, 0xf81f, 0xf81f,
0xf81f, 0xf81f, 0xf81f, 0xf81f, 0xf81f, 0xf81f, 0xf81f, 0xf81f, 0xf81f, 0xf81f,
0x0000, 0x8a8a, 0x0000, 0x8a8a, 0x6a08, 0x6a08, 0x6a08, 0x4965, 0x28c3, 0x0000,
0x0000, 0xf81f, 0xf81f, 0xf81f, 0xf81f, 0xf81f, 0xf81f, 0xf81f, 0xf81f, 0xf81f,
0xf81f, 0xf81f, 0xf81f, 0xf81f, 0x6a08, 0x8a8a, 0x0000, 0x8a8a, 0x8a8a, 0x6a08,
0x4965, 0x4965, 0x28c3, 0x6a08, 0x6a08, 0x0000, 0xf81f, 0xf81f, 0xf81f, 0xf81f,
0xf81f, 0xf81f, 0xf81f, 0xf81f, 0xf81f, 0xf81f, 0xf81f, 0xf81f, 0x0000, 0x6a08,
0x0000, 0x6a08, 0x6a08, 0x4965, 0x6a08, 0x6a08, 0x4965, 0x0000, 0x0000, 0x1082,
0x0000, 0xf81f, 0xf81f, 0xf81f, 0xf81f, 0xf81f, 0xf81f, 0xf81f, 0xf81f, 0x1082,
0x18e3, 0x2945, 0x18e3, 0x0000, 0x0000, 0x7980, 0x7980, 0x7980, 0x28c3, 0x0000,
0x0000, 0x0000, 0x0000, 0x0020, 0x0000, 0x1082, 0x0000, 0xf81f, 0xf81f, 0xf81f,
0xf81f, 0xf81f, 0xf81f, 0xf81f, 0xf81f, 0xf81f, 0x0000, 0x8a8a, 0x0000, 0x6a08,
0x6a08, 0x4965, 0x4965, 0x28c3, 0x0000, 0x0000, 0x0000, 0x18e3, 0x18e3, 0x0020,
0x0000, 0xf81f, 0xf81f, 0xf81f, 0xf81f, 0xf81f, 0xf81f, 0xf81f, 0xf81f, 0xf81f,
0x6a08, 0x8a8a, 0x0000, 0x8a8a, 0x6a08, 0x6a08, 0x4965, 0x28c3, 0x8a8a, 0x4965,
0x4965, 0x0000, 0xf81f, 0xf81f, 0xf81f, 0xf81f, 0xf81f, 0xf81f, 0xf81f, 0xf81f,
0xf81f, 0xf81f, 0xf81f, 0xf81f, 0x0000, 0x6a08, 0x0000, 0x6a08, 0x6a08, 0x6a08,
0x4965, 0x28c3, 0x28c3, 0x0000, 0x0000, 0x7980, 0x0000, 0xf81f, 0xf81f, 0xf81f,
0xf81f, 0xf81f, 
0xf81f, 0xf81f, 0xf81f, 0xf81f, 0xf81f, 0xf81f, 0xf81f, 0xf81f, 0x0000, 0x0000,
0x0000, 0x0000, 0x0000, 0x0000, 0x0000, 0x0000, 0xf81f, 0xf81f, 0xf81f, 0xf81f,
0xf81f, 0xf81f, 0xf81f, 0xf81f, 0xf81f, 0xf81f, 0xf81f, 0xf81f, 0xf81f, 0xf81f,
0xf81f, 0x0000, 0x0000, 0x0000, 0x6a08, 0x6a08, 0x4965, 0x4965, 0x0000, 0x0000,
0x0020, 0xf81f, 0xf81f, 0xf81f, 0xf81f, 0xf81f, 0xf81f, 0xf81f, 0xf81f, 0xf81f,
0xf81f, 0xf81f, 0xf81f, 0xf81f, 0x0000, 0x6a08, 0x0000, 0x6a08, 0x6a08, 0x6a08,
0x4965, 0x28c3, 0x0000, 0x6a08, 0x4965, 0x0000, 0xf81f, 0xf81f, 0xf81f, 0xf81f,
0xf81f, 0xf81f, 0xf81f, 0xf81f, 0xf81f, 0xf81f, 0xf81f, 0x3186, 0x3186, 0x0000,
0x0000, 0x0000, 0x7980, 0xaa00, 0x7980, 0x28c3, 0x0000, 0x0000, 0x18e3, 0x0020,
0x0000, 0x0000, 0xf81f, 0xf81f, 0xf81f, 0xf81f, 0xf81f, 0xf81f, 0xf81f, 0xf81f,
0x0861, 0x1082, 0x1082, 0x0020, 0x0000, 0x0000, 0x7980, 0x2880, 0x0000, 0x0000,
0x0000, 0x3186, 0x0000, 0x0000, 0x0000, 0x1082, 0x0000, 0xf81f, 0xf81f, 0xf81f,
0xf81f, 0xf81f, 0xf81f, 0xf81f, 0x3186, 0x2945, 0x18e3, 0x0000, 0x0000, 0x0000,
0x6a08, 0x6a08, 0x4965, 0x28c3, 0x0000, 0x0000, 0x2945, 0x0000, 0x0020, 0x0000,
0x0000, 0x0000, 0xf81f, 0xf81f, 0xf81f, 0xf81f, 0xf81f, 0xf81f, 0xf81f, 0xf81f,
0x0000, 0x6a08, 0x0000, 0x6a08, 0x6a08, 0x6a08, 0x4965, 0x28c3, 0xb220, 0x4965,
0x0000, 0x1082, 0xf81f, 0xf81f, 0xf81f, 0xf81f, 0xf81f, 0xf81f, 0xf81f, 0xf81f,
0xf81f, 0xf81f, 0xf81f, 0xf81f, 0xf81f, 0x0000, 0x0000, 0x0000, 0x6a08, 0x6a08,
0x4965, 0x28c3, 0x0000, 0x0000, 0x7980, 0x2880, 0xf81f, 0xf81f, 0xf81f, 0xf81f,
0xf81f, 0xf81f, 
0xf81f, 0xf81f, 0xf81f, 0xf81f, 0xf81f, 0xf81f, 0xf81f, 0xf81f, 0x3186, 0x3186,
0x18e3, 0x0000, 0x0000, 0x18e3, 0x0020, 0x0000, 0xf81f, 0xf81f, 0xf81f, 0xf81f,
0xf81f, 0xf81f, 0xf81f, 0xf81f, 0xf81f, 0xf81f, 0xf81f, 0xf81f, 0xf81f, 0xf81f,
0xf81f, 0xf81f, 0x0000, 0x0000, 0x0000, 0x0000, 0x0000, 0x0000, 0x0000, 0x0020,
0x0000, 0xf81f, 0xf81f, 0xf81f, 0xf81f, 0xf81f, 0xf81f, 0xf81f, 0xf81f, 0xf81f,
0xf81f, 0xf81f, 0xf81f, 0xf81f, 0xf81f, 0x0000, 0x0000, 0x0000, 0x6a08, 0x4965,
0x4965, 0x0000, 0xaa00, 0x4965, 0x28c3, 0x0000, 0xf81f, 0xf81f, 0xf81f, 0xf81f,
0xf81f, 0xf81f, 0xf81f, 0xf81f, 0xf81f, 0xf81f, 0x3186, 0x3186, 0x2945, 0x2945,
0x2945, 0x0000, 0x0000, 0x2880, 0x2880, 0x0000, 0x0000, 0x2945, 0x0000, 0x0000,
0x0000, 0x0000, 0xf81f, 0xf81f, 0xf81f, 0xf81f, 0xf81f, 0xf81f, 0xf81f, 0xf81f,
0xf81f, 0x0020, 0x0020, 0x0000, 0x0000, 0x0000, 0xf81f, 0x0000, 0x0000, 0x2945,
0x2945, 0x1082, 0x0000, 0x0000, 0x2945, 0x0020, 0xf81f, 0xf81f, 0xf81f, 0xf81f,
0xf81f, 0xf81f, 0xf81f, 0xf81f, 0x31a6, 0x2945, 0x2945, 0x18e3, 0x0000, 0x0000,
0x0000, 0x0000, 0x0000, 0x0000, 0x0000, 0x2945, 0x0000, 0x0000, 0xf81f, 0x0000,
0x0000, 0xf81f, 0xf81f, 0xf81f, 0xf81f, 0xf81f, 0xf81f, 0xf81f, 0xf81f, 0xf81f,
0xf81f, 0x0000, 0x0000, 0x0000, 0x6a08, 0x6a08, 0x4965, 0x28c3, 0x7980, 0x0000,
0x2880, 0x1082, 0x0000, 0xf81f, 0xf81f, 0xf81f, 0xf81f, 0xf81f, 0xf81f, 0xf81f,
0xf81f, 0xf81f, 0xf81f, 0xf81f, 0xf81f, 0xf81f, 0xf81f, 0x0000, 0x0000, 0x0000,
0x0000, 0x0000, 0x0000, 0x0000, 0xf81f, 0xf81f, 0xf81f, 0xf81f, 0xf81f, 0xf81f,
0xf81f, 0xf81f, 
0xf81f, 0xf81f, 0xf81f, 0xf81f, 0xf81f, 0xf81f, 0xf81f, 0xf81f, 0x0861, 0x18e3,
0x18e3, 0x1082, 0x0000, 0x0000, 0x0000, 0xf81f, 0xf81f, 0xf81f, 0xf81f, 0xf81f,
0xf81f, 0xf81f, 0xf81f, 0xf81f, 0xf81f, 0xf81f, 0xf81f, 0xf81f, 0xf81f, 0xf81f,
0xf81f, 0xf81f, 0xf81f, 0xf81f, 0xf81f, 0x0000, 0x31a6, 0x18e3, 0x0020, 0x0000,
0xf81f, 0xf81f, 0xf81f, 0xf81f, 0xf81f, 0xf81f, 0xf81f, 0xf81f, 0xf81f, 0xf81f,
0xf81f, 0xf81f, 0xf81f, 0xf81f, 0xf81f, 0xf81f, 0x0000, 0x0000, 0x0000, 0x0000,
0x0000, 0x0000, 0x7980, 0x7980, 0x2880, 0x0000, 0xf81f, 0xf81f, 0xf81f, 0xf81f,
0xf81f, 0xf81f, 0xf81f, 0xf81f, 0xf81f, 0xf81f, 0x31a6, 0x3186, 0x2945, 0x18e3,
0x0020, 0x0000, 0xf81f, 0xf81f, 0xf81f, 0x18e3, 0x18e3, 0x0000, 0x0000, 0x0000,
0x18e3, 0x0000, 0xf81f, 0xf81f, 0xf81f, 0xf81f, 0xf81f, 0xf81f, 0xf81f, 0xf81f,
0xf81f, 0xf81f, 0x0000, 0x0000, 0x0000, 0xf81f, 0xf81f, 0xf81f, 0xf81f, 0xf81f,
0x3186, 0x31a6, 0x3186, 0x3186, 0x18e3, 0x0000, 0xf81f, 0xf81f, 0xf81f, 0xf81f,
0xf81f, 0xf81f, 0xf81f, 0xf81f, 0xf81f, 0x18e3, 0x18e3, 0x1082, 0x0020, 0x0000,
0x0000, 0x0000, 0x18e3, 0x2945, 0x2945, 0x0020, 0x0000, 0xf81f, 0xf81f, 0xf81f,
0xf81f, 0xf81f, 0xf81f, 0xf81f, 0xf81f, 0xf81f, 0xf81f, 0xf81f, 0xf81f, 0xf81f,
0xf81f, 0x2945, 0x0000, 0x0000, 0x0000, 0x0000, 0x0000, 0x0000, 0x7980, 0x2880,
0x1082, 0x0020, 0x0000, 0x0000, 0xf81f, 0xf81f, 0xf81f, 0xf81f, 0xf81f, 0xf81f,
0xf81f, 0xf81f, 0xf81f, 0xf81f, 0xf81f, 0xf81f, 0xf81f, 0x3186, 0x3186, 0x2945,
0x18e3, 0x1082, 0x0000, 0xf81f, 0xf81f, 0xf81f, 0xf81f, 0xf81f, 0xf81f, 0xf81f,
0xf81f, 0xf81f, 
0xf81f, 0xf81f, 0xf81f, 0xf81f, 0xf81f, 0xf81f, 0xf81f, 0xf81f, 0xf81f, 0x0861,
0x1082, 0x0020, 0x0000, 0x0000, 0xf81f, 0xf81f, 0xf81f, 0xf81f, 0xf81f, 0xf81f,
0xf81f, 0xf81f, 0xf81f, 0xf81f, 0xf81f, 0xf81f, 0xf81f, 0xf81f, 0xf81f, 0xf81f,
0xf81f, 0xf81f, 0xf81f, 0x3186, 0x2945, 0x18e3, 0x10a2, 0x2945, 0x1082, 0x0000,
0xf81f, 0xf81f, 0xf81f, 0xf81f, 0xf81f, 0xf81f, 0xf81f, 0xf81f, 0xf81f, 0xf81f,
0xf81f, 0xf81f, 0xf81f, 0xf81f, 0xf81f, 0xf81f, 0xf81f, 0xf81f, 0xf81f, 0xf81f,
0x10a2, 0x1082, 0x0020, 0x2880, 0x0000, 0x0020, 0xf81f, 0xf81f, 0xf81f, 0xf81f,
0xf81f, 0xf81f, 0xf81f, 0xf81f, 0xf81f, 0xf81f, 0x2945, 0x18e3, 0x1082, 0x0020,
0x0000, 0xf81f, 0xf81f, 0xf81f, 0xf81f, 0xf81f, 0x3186, 0x31a6, 0x31a6, 0x31a6,
0x1082, 0x0000, 0xf81f, 0xf81f, 0xf81f, 0xf81f, 0xf81f, 0xf81f, 0xf81f, 0xf81f,
0xf81f, 0xf81f, 0xf81f, 0xf81f, 0xf81f, 0xf81f, 0xf81f, 0xf81f, 0xf81f, 0xf81f,
0x3186, 0x31a6, 0x31a6, 0x2945, 0x0000, 0xf81f, 0xf81f, 0xf81f, 0xf81f, 0xf81f,
0xf81f, 0xf81f, 0xf81f, 0xf81f, 0xf81f, 0xf81f, 0x0000, 0x0020, 0x0000, 0x0000,
0xf81f, 0xf81f, 0xf81f, 0xf81f, 0xf81f, 0xf81f, 0xf81f, 0xf81f, 0xf81f, 0xf81f,
0xf81f, 0xf81f, 0xf81f, 0xf81f, 0xf81f, 0xf81f, 0xf81f, 0xf81f, 0xf81f, 0xf81f,
0x3186, 0x31a6, 0x3186, 0x2945, 0x18e3, 0x0020, 0x0000, 0x18e3, 0x1082, 0x0000,
0x0000, 0x0000, 0x0000, 0xf81f, 0xf81f, 0xf81f, 0xf81f, 0xf81f, 0xf81f, 0xf81f,
0xf81f, 0xf81f, 0xf81f, 0xf81f, 0xf81f, 0xf81f, 0xf81f, 0x2945, 0x3186, 0x3186,
0x3186, 0x2945, 0x18e3, 0x0000, 0xf81f, 0xf81f, 0xf81f, 0xf81f, 0xf81f, 0xf81f,
0xf81f, 0xf81f, 
0xf81f, 0xf81f, 0xf81f, 0xf81f, 0xf81f, 0xf81f, 0xf81f, 0xf81f, 0xf81f, 0xf81f,
0x0020, 0x0020, 0x0000, 0x0000, 0xf81f, 0xf81f, 0xf81f, 0xf81f, 0xf81f, 0xf81f,
0xf81f, 0xf81f, 0xf81f, 0xf81f, 0xf81f, 0xf81f, 0xf81f, 0xf81f, 0xf81f, 0xf81f,
0xf81f, 0xf81f, 0xf81f, 0x3186, 0x2945, 0x18e3, 0x1082, 0x0020, 0x0000, 0xf81f,
0xf81f, 0xf81f, 0xf81f, 0xf81f, 0xf81f, 0xf81f, 0xf81f, 0xf81f, 0xf81f, 0xf81f,
0xf81f, 0xf81f, 0xf81f, 0xf81f, 0xf81f, 0xf81f, 0xf81f, 0xf81f, 0xf81f, 0xf81f,
0x2945, 0x0020, 0x0020, 0x0000, 0x18e3, 0x0000, 0xf81f, 0xf81f, 0xf81f, 0xf81f,
0xf81f, 0xf81f, 0xf81f, 0xf81f, 0xf81f, 0xf81f, 0xf81f, 0xf81f, 0xf81f, 0xf81f,
0xf81f, 0xf81f, 0xf81f, 0xf81f, 0xf81f, 0x3186, 0x3186, 0x3186, 0x31a6, 0x18e3,
0x0000, 0xf81f, 0xf81f, 0xf81f, 0xf81f, 0xf81f, 0xf81f, 0xf81f, 0xf81f, 0xf81f,
0xf81f, 0xf81f, 0xf81f, 0xf81f, 0xf81f, 0xf81f, 0xf81f, 0xf81f, 0xf81f, 0xf81f,
0x2945, 0x3186, 0x2945, 0x0020, 0xf81f, 0xf81f, 0xf81f, 0xf81f, 0xf81f, 0xf81f,
0xf81f, 0xf81f, 0xf81f, 0xf81f, 0xf81f, 0xf81f, 0xf81f, 0xf81f, 0xf81f, 0x0000,
0xf81f, 0xf81f, 0xf81f, 0xf81f, 0xf81f, 0xf81f, 0xf81f, 0xf81f, 0xf81f, 0xf81f,
0xf81f, 0xf81f, 0xf81f, 0xf81f, 0xf81f, 0xf81f, 0xf81f, 0xf81f, 0xf81f, 0xf81f,
0x18e3, 0x2945, 0x18e3, 0x1082, 0x0000, 0xf81f, 0xf81f, 0xf81f, 0xf81f, 0xf81f,
0xf81f, 0xf81f, 0xf81f, 0xf81f, 0xf81f, 0xf81f, 0xf81f, 0xf81f, 0xf81f, 0xf81f,
0xf81f, 0xf81f, 0xf81f, 0xf81f, 0xf81f, 0xf81f, 0xf81f, 0x3186, 0x3186, 0x2945,
0x2945, 0x18e3, 0x0000, 0x0000, 0xf81f, 0xf81f, 0xf81f, 0xf81f, 0xf81f, 0xf81f,
0xf81f, 0xf81f, 
0xf81f, 0xf81f, 0xf81f, 0xf81f, 0xf81f, 0xf81f, 0xf81f, 0xf81f, 0xf81f, 0xf81f,
0xf81f, 0x0020, 0x0000, 0xf81f, 0xf81f, 0xf81f, 0xf81f, 0xf81f, 0xf81f, 0xf81f,
0xf81f, 0xf81f, 0xf81f, 0xf81f, 0xf81f, 0xf81f, 0xf81f, 0xf81f, 0xf81f, 0xf81f,
0xf81f, 0xf81f, 0xf81f, 0xf81f, 0x18e3, 0x1082, 0x0020, 0x0000, 0x0000, 0xf81f,
0xf81f, 0xf81f, 0xf81f, 0xf81f, 0xf81f, 0xf81f, 0xf81f, 0xf81f, 0xf81f, 0xf81f,
0xf81f, 0xf81f, 0xf81f, 0xf81f, 0xf81f, 0xf81f, 0xf81f, 0xf81f, 0xf81f, 0xf81f,
0x2945, 0x18e3, 0x2945, 0x3186, 0x18e3, 0x0000, 0xf81f, 0xf81f, 0xf81f, 0xf81f,
0xf81f, 0xf81f, 0xf81f, 0xf81f, 0xf81f, 0xf81f, 0xf81f, 0xf81f, 0xf81f, 0xf81f,
0xf81f, 0xf81f, 0xf81f, 0xf81f, 0xf81f, 0x3186, 0x31a6, 0x3186, 0x18e3, 0x0000,
0xf81f, 0xf81f, 0xf81f, 0xf81f, 0xf81f, 0xf81f, 0xf81f, 0xf81f, 0xf81f, 0xf81f,
0xf81f, 0xf81f, 0xf81f, 0xf81f, 0xf81f, 0xf81f, 0xf81f, 0xf81f, 0xf81f, 0xf81f,
0xf81f, 0x1082, 0x0000, 0xf81f, 0xf81f, 0xf81f, 0xf81f, 0xf81f, 0xf81f, 0xf81f,
0xf81f, 0xf81f, 0xf81f, 0xf81f, 0xf81f, 0xf81f, 0xf81f, 0xf81f, 0xf81f, 0xf81f,
0xf81f, 0xf81f, 0xf81f, 0xf81f, 0xf81f, 0xf81f, 0xf81f, 0xf81f, 0xf81f, 0xf81f,
0xf81f, 0xf81f, 0xf81f, 0xf81f, 0xf81f, 0xf81f, 0xf81f, 0xf81f, 0xf81f, 0xf81f,
0xf81f, 0xf81f, 0xf81f, 0xf81f, 0xf81f, 0xf81f, 0xf81f, 0xf81f, 0xf81f, 0xf81f,
0xf81f, 0xf81f, 0xf81f, 0xf81f, 0xf81f, 0xf81f, 0xf81f, 0xf81f, 0xf81f, 0xf81f,
0xf81f, 0xf81f, 0xf81f, 0xf81f, 0xf81f, 0xf81f, 0xf81f, 0x3186, 0x3186, 0x2945,
0x18e3, 0x0020, 0x0000, 0xf81f, 0xf81f, 0xf81f, 0xf81f, 0xf81f, 0xf81f, 0xf81f,
0xf81f, 0xf81f, 
0xf81f, 0xf81f, 0xf81f, 0xf81f, 0xf81f, 0xf81f, 0xf81f, 0xf81f, 0xf81f, 0xf81f,
0xf81f, 0xf81f, 0xf81f, 0xf81f, 0xf81f, 0xf81f, 0xf81f, 0xf81f, 0xf81f, 0xf81f,
0xf81f, 0xf81f, 0xf81f, 0xf81f, 0xf81f, 0xf81f, 0xf81f, 0xf81f, 0xf81f, 0xf81f,
0xf81f, 0xf81f, 0xf81f, 0xf81f, 0xf81f, 0x0000, 0x0000, 0x0000, 0xf81f, 0xf81f,
0xf81f, 0xf81f, 0xf81f, 0xf81f, 0xf81f, 0xf81f, 0xf81f, 0xf81f, 0xf81f, 0xf81f,
0xf81f, 0xf81f, 0xf81f, 0xf81f, 0xf81f, 0xf81f, 0xf81f, 0xf81f, 0xf81f, 0x3186,
0x31a6, 0x3186, 0x2945, 0x1082, 0x0000, 0xf81f, 0xf81f, 0xf81f, 0xf81f, 0xf81f,
0xf81f, 0xf81f, 0xf81f, 0xf81f, 0xf81f, 0xf81f, 0xf81f, 0xf81f, 0xf81f, 0xf81f,
0xf81f, 0xf81f, 0xf81f, 0xf81f, 0xf81f, 0xf81f, 0x1082, 0x0000, 0xf81f, 0xf81f,
0xf81f, 0xf81f, 0xf81f, 0xf81f, 0xf81f, 0xf81f, 0xf81f, 0xf81f, 0xf81f, 0xf81f,
0xf81f, 0xf81f, 0xf81f, 0xf81f, 0xf81f, 0xf81f, 0xf81f, 0xf81f, 0xf81f, 0xf81f,
0xf81f, 0xf81f, 0xf81f, 0xf81f, 0xf81f, 0xf81f, 0xf81f, 0xf81f, 0xf81f, 0xf81f,
0xf81f, 0xf81f, 0xf81f, 0xf81f, 0xf81f, 0xf81f, 0xf81f, 0xf81f, 0xf81f, 0xf81f,
0xf81f, 0xf81f, 0xf81f, 0xf81f, 0xf81f, 0xf81f, 0xf81f, 0xf81f, 0xf81f, 0xf81f,
0xf81f, 0xf81f, 0xf81f, 0xf81f, 0xf81f, 0xf81f, 0xf81f, 0xf81f, 0xf81f, 0xf81f,
0xf81f, 0xf81f, 0xf81f, 0xf81f, 0xf81f, 0xf81f, 0xf81f, 0xf81f, 0xf81f, 0xf81f,
0xf81f, 0xf81f, 0xf81f, 0xf81f, 0xf81f, 0xf81f, 0xf81f, 0xf81f, 0xf81f, 0xf81f,
0xf81f, 0xf81f, 0xf81f, 0xf81f, 0xf81f, 0xf81f, 0xf81f, 0x2945, 0x18e3, 0x1082,
0x0000, 0xf81f, 0xf81f, 0xf81f, 0xf81f, 0xf81f, 0xf81f, 0xf81f, 0xf81f, 0xf81f,
0xf81f, 0xf81f, 
0xf81f, 0xf81f, 0xf81f, 0xf81f, 0xf81f, 0xf81f, 0xf81f, 0xf81f, 0xf81f, 0xf81f,
0xf81f, 0xf81f, 0xf81f, 0xf81f, 0xf81f, 0xf81f, 0xf81f, 0xf81f, 0xf81f, 0xf81f,
0xf81f, 0xf81f, 0xf81f, 0xf81f, 0xf81f, 0xf81f, 0xf81f, 0xf81f, 0xf81f, 0xf81f,
0xf81f, 0xf81f, 0xf81f, 0xf81f, 0xf81f, 0xf81f, 0xf81f, 0xf81f, 0xf81f, 0xf81f,
0xf81f, 0xf81f, 0xf81f, 0xf81f, 0xf81f, 0xf81f, 0xf81f, 0xf81f, 0xf81f, 0xf81f,
0xf81f, 0xf81f, 0xf81f, 0xf81f, 0xf81f, 0xf81f, 0xf81f, 0xf81f, 0xf81f, 0xf81f,
0x2945, 0x18e3, 0x0020, 0x0000, 0xf81f, 0xf81f, 0xf81f, 0xf81f, 0xf81f, 0xf81f,
0xf81f, 0xf81f, 0xf81f, 0xf81f, 0xf81f, 0xf81f, 0xf81f, 0xf81f, 0xf81f, 0xf81f,
0xf81f, 0xf81f, 0xf81f, 0xf81f, 0xf81f, 0xf81f, 0xf81f, 0xf81f, 0xf81f, 0xf81f,
0xf81f, 0xf81f, 0xf81f, 0xf81f, 0xf81f, 0xf81f, 0xf81f, 0xf81f, 0xf81f, 0xf81f,
0xf81f, 0xf81f, 0xf81f, 0xf81f, 0xf81f, 0xf81f, 0xf81f, 0xf81f, 0xf81f, 0xf81f,
0xf81f, 0xf81f, 0xf81f, 0xf81f, 0xf81f, 0xf81f, 0xf81f, 0xf81f, 0xf81f, 0xf81f,
0xf81f, 0xf81f, 0xf81f, 0xf81f, 0xf81f, 0xf81f, 0xf81f, 0xf81f, 0xf81f, 0xf81f,
0xf81f, 0xf81f, 0xf81f, 0xf81f, 0xf81f, 0xf81f, 0xf81f, 0xf81f, 0xf81f, 0xf81f,
0xf81f, 0xf81f, 0xf81f, 0xf81f, 0xf81f, 0xf81f, 0xf81f, 0xf81f, 0xf81f, 0xf81f,
0xf81f, 0xf81f, 0xf81f, 0xf81f, 0xf81f, 0xf81f, 0xf81f, 0xf81f, 0xf81f, 0xf81f,
0xf81f, 0xf81f, 0xf81f, 0xf81f, 0xf81f, 0xf81f, 0xf81f, 0xf81f, 0xf81f, 0xf81f,
0xf81f, 0xf81f, 0xf81f, 0xf81f, 0xf81f, 0xf81f, 0xf81f, 0xf81f, 0xf81f, 0xf81f,
0xf81f, 0xf81f, 0xf81f, 0xf81f, 0xf81f, 0xf81f, 0xf81f, 0xf81f, 0xf81f, 0xf81f,
0xf81f, 0xf81f, 
0xf81f, 0xf81f, 0xf81f, 0xf81f, 0xf81f, 0xf81f, 0xf81f, 0xf81f, 0xf81f, 0xf81f,
0xf81f, 0xf81f, 0xf81f, 0xf81f, 0xf81f, 0xf81f, 0xf81f, 0xf81f, 0xf81f, 0xf81f,
0xf81f, 0xf81f, 0xf81f, 0xf81f, 0xf81f, 0xf81f, 0xf81f, 0xf81f, 0xf81f, 0xf81f,
0xf81f, 0xf81f, 0xf81f, 0xf81f, 0xf81f, 0xf81f, 0xf81f, 0xf81f, 0xf81f, 0xf81f,
0xf81f, 0xf81f, 0xf81f, 0xf81f, 0xf81f, 0xf81f, 0xf81f, 0xf81f, 0xf81f, 0xf81f,
0xf81f, 0xf81f, 0xf81f, 0xf81f, 0xf81f, 0xf81f, 0xf81f, 0xf81f, 0xf81f, 0xf81f,
0xf81f, 0xf81f, 0xf81f, 0xf81f, 0xf81f, 0xf81f, 0xf81f, 0xf81f, 0xf81f, 0xf81f,
0xf81f, 0xf81f, 0xf81f, 0xf81f, 0xf81f, 0xf81f, 0xf81f, 0xf81f, 0xf81f, 0xf81f,
0xf81f, 0xf81f, 0xf81f, 0xf81f, 0xf81f, 0xf81f, 0xf81f, 0xf81f, 0xf81f, 0xf81f,
0xf81f, 0xf81f, 0xf81f, 0xf81f, 0xf81f, 0xf81f, 0xf81f, 0xf81f, 0xf81f, 0xf81f,
0xf81f, 0xf81f, 0xf81f, 0xf81f, 0xf81f, 0xf81f, 0xf81f, 0xf81f, 0xf81f, 0xf81f,
0xf81f, 0xf81f, 0xf81f, 0xf81f, 0xf81f, 0xf81f, 0xf81f, 0xf81f, 0xf81f, 0xf81f,
0xf81f, 0xf81f, 0xf81f, 0xf81f, 0xf81f, 0xf81f, 0xf81f, 0xf81f, 0xf81f, 0xf81f,
0xf81f, 0xf81f, 0xf81f, 0xf81f, 0xf81f, 0xf81f, 0xf81f, 0xf81f, 0xf81f, 0xf81f,
0xf81f, 0xf81f, 0xf81f, 0xf81f, 0xf81f, 0xf81f, 0xf81f, 0xf81f, 0xf81f, 0xf81f,
0xf81f, 0xf81f, 0xf81f, 0xf81f, 0xf81f, 0xf81f, 0xf81f, 0xf81f, 0xf81f, 0xf81f,
0xf81f, 0xf81f, 0xf81f, 0xf81f, 0xf81f, 0xf81f, 0xf81f, 0xf81f, 0xf81f, 0xf81f,
0xf81f, 0xf81f, 0xf81f, 0xf81f, 0xf81f, 0xf81f, 0xf81f, 0xf81f, 0xf81f, 0xf81f,
0xf81f, 0xf81f, 0xf81f, 0xf81f, 0xf81f, 0xf81f, 0xf81f, 0xf81f, 0xf81f, 0xf81f,
0xf81f, 0xf81f, 
0xf81f, 0xf81f, 0xf81f, 0xf81f, 0xf81f, 0xf81f, 0xf81f, 0xf81f, 0xf81f, 0x2104,
0x18c3, 0x18c3, 0x1082, 0x1082, 0x0000, 0xf81f, 0xf81f, 0xf81f, 0xf81f, 0xf81f,
0xf81f, 0xf81f, 0xf81f, 0xf81f, 0xf81f, 0xf81f, 0xf81f, 0xf81f, 0xf81f, 0xf81f,
0xf81f, 0xf81f, 0xf81f, 0x2104, 0x2104, 0x18c3, 0x18c3, 0x1082, 0x0000, 0xf81f,
0xf81f, 0xf81f, 0xf81f, 0xf81f, 0xf81f, 0xf81f, 0xf81f, 0xf81f, 0xf81f, 0xf81f,
0xf81f, 0xf81f, 0xf81f, 0xf81f, 0xf81f, 0xf81f, 0xf81f, 0x2104, 0x18c3, 0x18c3,
0x1082, 0x1082, 0x0000, 0xf81f, 0xf81f, 0xf81f, 0xf81f, 0xf81f, 0xf81f, 0xf81f,
0xf81f, 0xf81f, 0xf81f, 0xf81f, 0xf81f, 0xf81f, 0xf81f, 0xf81f, 0xf81f, 0xf81f,
0xf81f, 0x2104, 0x2104, 0x18c3, 0x1082, 0x1082, 0x0000, 0xf81f, 0xf81f, 0xf81f,
0xf81f, 0xf81f, 0xf81f, 0xf81f, 0xf81f, 0xf81f, 0xf81f, 0xf81f, 0xf81f, 0xf81f,
0xf81f, 0xf81f, 0xf81f, 0xf81f, 0xf81f, 0x2104, 0x18c3, 0x18c3, 0x1082, 0x1082,
0x0000, 0xf81f, 0xf81f, 0xf81f, 0xf81f, 0xf81f, 0xf81f, 0xf81f, 0xf81f, 0xf81f,
0xf81f, 0xf81f, 0xf81f, 0xf81f, 0xf81f, 0xf81f, 0xf81f, 0xf81f, 0xf81f, 0x2104,
0x18c3, 0x18c3, 0x1082, 0x1082, 0x0000, 0xf81f, 0xf81f, 0xf81f, 0xf81f, 0xf81f,
0xf81f, 0xf81f, 0xf81f, 0xf81f, 0xf81f, 0xf81f, 0xf81f, 0xf81f, 0xf81f, 0xf81f,
0xf81f, 0xf81f, 0xf81f, 0x2104, 0x2104, 0x18c3, 0x18c3, 0x1082, 0x0000, 0xf81f,
0xf81f, 0xf81f, 0xf81f, 0xf81f, 0xf81f, 0xf81f, 0xf81f, 0xf81f, 0xf81f, 0xf81f,
0xf81f, 0xf81f, 0xf81f, 0xf81f, 0xf81f, 0xf81f, 0xf81f, 0x2104, 0x18c3, 0x1082,
0x1082, 0x0000, 0x0000, 0xf81f, 0xf81f, 0xf81f, 0xf81f, 0xf81f, 0xf81f, 0xf81f,
0xf81f, 0xf81f, 
0xf81f, 0xf81f, 0xf81f, 0xf81f, 0xf81f, 0xf81f, 0xf81f, 0xf81f, 0xf81f, 0x2104,
0x18c3, 0x18c3, 0x1082, 0x1082, 0x0000, 0xf81f, 0xf81f, 0xf81f, 0xf81f, 0xf81f,
0xf81f, 0xf81f, 0xf81f, 0xf81f, 0xf81f, 0xf81f, 0xf81f, 0xf81f, 0xf81f, 0xf81f,
0xf81f, 0xf81f, 0xf81f, 0x2104, 0x18c3, 0x18c3, 0x1082, 0x1082, 0x0000, 0x0000,
0xf81f, 0xf81f, 0xf81f, 0xf81f, 0xf81f, 0xf81f, 0xf81f, 0xf81f, 0xf81f, 0xf81f,
0xf81f, 0xf81f, 0xf81f, 0xf81f, 0xf81f, 0xf81f, 0xf81f, 0x2104, 0x18c3, 0x18c3,
0x1082, 0x1082, 0x0000, 0xf81f, 0xf81f, 0xf81f, 0xf81f, 0xf81f, 0xf81f, 0xf81f,
0xf81f, 0xf81f, 0xf81f, 0xf81f, 0xf81f, 0xf81f, 0xf81f, 0xf81f, 0xf81f, 0xf81f,
0xf81f, 0x2104, 0x18c3, 0x18c3, 0x18c3, 0x1082, 0x1082, 0x0000, 0xf81f, 0xf81f,
0xf81f, 0xf81f, 0xf81f, 0xf81f, 0xf81f, 0xf81f, 0xf81f, 0xf81f, 0xf81f, 0xf81f,
0xf81f, 0xf81f, 0xf81f, 0xf81f, 0xf81f, 0x2104, 0x18c3, 0x18c3, 0x1082, 0x1082,
0x0000, 0xf81f, 0xf81f, 0xf81f, 0xf81f, 0xf81f, 0xf81f, 0xf81f, 0xf81f, 0xf81f,
0xf81f, 0xf81f, 0xf81f, 0xf81f, 0xf81f, 0xf81f, 0xf81f, 0xf81f, 0x2104, 0x18c3,
0x18c3, 0x1082, 0x1082, 0x1082, 0x0000, 0xf81f, 0xf81f, 0xf81f, 0xf81f, 0xf81f,
0xf81f, 0xf81f, 0xf81f, 0xf81f, 0xf81f, 0xf81f, 0xf81f, 0xf81f, 0xf81f, 0xf81f,
0xf81f, 0xf81f, 0xf81f, 0x2104, 0x2104, 0x18c3, 0x18c3, 0x1082, 0x0000, 0xf81f,
0xf81f, 0xf81f, 0xf81f, 0xf81f, 0xf81f, 0xf81f, 0xf81f, 0xf81f, 0xf81f, 0xf81f,
0xf81f, 0xf81f, 0xf81f, 0xf81f, 0xf81f, 0xf81f, 0x2104, 0x2104, 0x18c3, 0x18c3,
0x1082, 0x1082, 0x0000, 0xf81f, 0xf81f, 0xf81f, 0xf81f, 0xf81f, 0xf81f, 0xf81f,
0xf81f, 0xf81f, 
0xf81f, 0xf81f, 0xf81f, 0xf81f, 0xf81f, 0xf81f, 0xf81f, 0xf81f, 0xf81f, 0x2104,
0x18c3, 0x18c3, 0x1082, 0x1082, 0x0000, 0xf81f, 0xf81f, 0xf81f, 0xf81f, 0xf81f,
0xf81f, 0xf81f, 0xf81f, 0xf81f, 0xf81f, 0xf81f, 0xf81f, 0xf81f, 0xf81f, 0xf81f,
0xf81f, 0xf81f, 0xf81f, 0x2104, 0x18c3, 0x1082, 0x1082, 0x1082, 0x6120, 0x40c0,
0xf81f, 0xf81f, 0xf81f, 0xf81f, 0xf81f, 0xf81f, 0xf81f, 0xf81f, 0xf81f, 0xf81f,
0xf81f, 0xf81f, 0xf81f, 0xf81f, 0xf81f, 0xf81f, 0xf81f, 0x2104, 0x18c3, 0x18c3,
0x1082, 0x1082, 0x0000, 0x2060, 0xf81f, 0xf81f, 0xf81f, 0xf81f, 0xf81f, 0xf81f,
0xf81f, 0xf81f, 0xf81f, 0xf81f, 0xf81f, 0xf81f, 0xf81f, 0xf81f, 0xf81f, 0xf81f,
0xf81f, 0x18c3, 0xf4a9, 0xd280, 0xd280, 0xaa00, 0x89a0, 0x40c0, 0xf81f, 0xf81f,
0xf81f, 0xf81f, 0xf81f, 0xf81f, 0xf81f, 0xf81f, 0xf81f, 0xf81f, 0xf81f, 0xf81f,
0xf81f, 0xf81f, 0xf81f, 0xf81f, 0xf81f, 0x89a0, 0xf4a9, 0xd280, 0xaa00, 0x89a0,
0x6120, 0xf81f, 0xf81f, 0xf81f, 0xf81f, 0xf81f, 0xf81f, 0xf81f, 0xf81f, 0xf81f,
0xf81f, 0xf81f, 0xf81f, 0xf81f, 0xf81f, 0xf81f, 0xf81f, 0xf81f, 0x40c0, 0xf4a9,
0xd280, 0xaa00, 0x89a0, 0x89a0, 0x0000, 0xf81f, 0xf81f, 0xf81f, 0xf81f, 0xf81f,
0xf81f, 0xf81f, 0xf81f, 0xf81f, 0xf81f, 0xf81f, 0xf81f, 0xf81f, 0xf81f, 0xf81f,
0xf81f, 0xf81f, 0x6120, 0x2104, 0x2104, 0x18c3, 0x18c3, 0x1082, 0x0000, 0xf81f,
0xf81f, 0xf81f, 0xf81f, 0xf81f, 0xf81f, 0xf81f, 0xf81f, 0xf81f, 0xf81f, 0xf81f,
0xf81f, 0xf81f, 0xf81f, 0xf81f, 0xf81f, 0xf81f, 0xaa00, 0xf4a9, 0x18c3, 0x18c3,
0x18c3, 0x1082, 0x0000, 0xf81f, 0xf81f, 0xf81f, 0xf81f, 0xf81f, 0xf81f, 0xf81f,
0xf81f, 0xf81f, 
0xf81f, 0xf81f, 0xf81f, 0xf81f, 0xf81f, 0xf81f, 0xf81f, 0xf81f, 0xf81f, 0x2104,
0x18c3, 0x18c3, 0x1082, 0x1082, 0x0000, 0xf81f, 0xf81f, 0xf81f, 0xf81f, 0xf81f,
0xf81f, 0xf81f, 0xf81f, 0xf81f, 0xf81f, 0xf81f, 0xf81f, 0xf81f, 0xf81f, 0xf81f,
0xf81f, 0xf81f, 0xf81f, 0x2104, 0x18c3, 0x1082, 0x1082, 0x0000, 0x6120, 0x30a0,
0xf81f, 0xf81f, 0xf81f, 0xf81f, 0xf81f, 0xf81f, 0xf81f, 0xf81f, 0xf81f, 0xf81f,
0xf81f, 0xf81f, 0xf81f, 0xf81f, 0xf81f, 0xf81f, 0xf81f, 0x2104, 0x18c3, 0x18c3,
0xaa00, 0x89a0, 0x6120, 0x30a0, 0xf81f, 0xf81f, 0xf81f, 0xf81f, 0xf81f, 0xf81f,
0xf81f, 0xf81f, 0xf81f, 0xf81f, 0xf81f, 0xf81f, 0xf81f, 0xf81f, 0xf81f, 0xf81f,
0xf81f, 0x18c3, 0xf4a9, 0xd280, 0xd280, 0xaa00, 0x89a0, 0x40c0, 0xf81f, 0xf81f,
0xf81f, 0xf81f, 0xf81f, 0xf81f, 0xf81f, 0xf81f, 0xf81f, 0xf81f, 0xf81f, 0xf81f,
0xf81f, 0xf81f, 0xf81f, 0xf81f, 0xf81f, 0x89a0, 0xf4a9, 0xd280, 0xaa00, 0x89a0,
0x6120, 0xf81f, 0xf81f, 0xf81f, 0xf81f, 0xf81f, 0xf81f, 0xf81f, 0xf81f, 0xf81f,
0xf81f, 0xf81f, 0xf81f, 0xf81f, 0xf81f, 0xf81f, 0xf81f, 0xf81f, 0x6120, 0xf4a9,
0xd280, 0xaa00, 0x89a0, 0x89a0, 0x0000, 0xf81f, 0xf81f, 0xf81f, 0xf81f, 0xf81f,
0xf81f, 0xf81f, 0xf81f, 0xf81f, 0xf81f, 0xf81f, 0xf81f, 0xf81f, 0xf81f, 0xf81f,
0xf81f, 0xf81f, 0x40c0, 0xd280, 0xf4a9, 0xaa00, 0x18c3, 0x1082, 0x0000, 0xf81f,
0xf81f, 0xf81f, 0xf81f, 0xf81f, 0xf81f, 0xf81f, 0xf81f, 0xf81f, 0xf81f, 0xf81f,
0xf81f, 0xf81f, 0xf81f, 0xf81f, 0xf81f, 0xf81f, 0x40c0, 0xd280, 0x2104, 0x18c3,
0x18c3, 0x1082, 0x0000, 0xf81f, 0xf81f, 0xf81f, 0xf81f, 0xf81f, 0xf81f, 0xf81f,
0xf81f, 0xf81f, 
0xf81f, 0xf81f, 0xf81f, 0xf81f, 0xf81f, 0xf81f, 0xf81f, 0xf81f, 0xf81f, 0x2104,
0x18c3, 0x18c3, 0x1082, 0x1082, 0x0000, 0xf81f, 0xf81f, 0xf81f, 0xf81f, 0xf81f,
0xf81f, 0xf81f, 0xf81f, 0xf81f, 0xf81f, 0xf81f, 0xf81f, 0xf81f, 0xf81f, 0xf81f,
0xf81f, 0xf81f, 0xf81f, 0x2104, 0x18c3, 0x1082, 0x1082, 0x0000, 0xaa00, 0x6120,
0xf81f, 0xf81f, 0xf81f, 0xf81f, 0xf81f, 0xf81f, 0xf81f, 0xf81f, 0xf81f, 0xf81f,
0xf81f, 0xf81f, 0xf81f, 0xf81f, 0xf81f, 0xf81f, 0xf81f, 0x2104, 0x18c3, 0xaa00,
0x6120, 0x40c0, 0x0000, 0x2060, 0x40c0, 0xf81f, 0xf81f, 0xf81f, 0xf81f, 0xf81f,
0xf81f, 0xf81f, 0xf81f, 0xf81f, 0xf81f, 0xf81f, 0xf81f, 0xf81f, 0xf81f, 0xf81f,
0xf81f, 0x89a0, 0x40c0, 0x0000, 0x40c0, 0x40c0, 0x0000, 0x40c0, 0xf81f, 0xf81f,
0xf81f, 0xf81f, 0xf81f, 0xf81f, 0xf81f, 0xf81f, 0xf81f, 0xf81f, 0xf81f, 0xf81f,
0xf81f, 0xf81f, 0xf81f, 0xf81f, 0xf81f, 0x40c0, 0x0000, 0x40c0, 0x40c0, 0x0000,
0x40c0, 0xf81f, 0xf81f, 0xf81f, 0xf81f, 0xf81f, 0xf81f, 0xf81f, 0xf81f, 0xf81f,
0xf81f, 0xf81f, 0xf81f, 0xf81f, 0xf81f, 0xf81f, 0xf81f, 0xf81f, 0x40c0, 0x0000,
0x40c0, 0x40c0, 0x0000, 0x40c0, 0x6120, 0xf81f, 0xf81f, 0xf81f, 0xf81f, 0xf81f,
0xf81f, 0xf81f, 0xf81f, 0xf81f, 0xf81f, 0xf81f, 0xf81f, 0xf81f, 0xf81f, 0xf81f,
0xf81f, 0xd280, 0x6120, 0x0000, 0x40c0, 0x6120, 0x89a0, 0x1082, 0x0000, 0xf81f,
0xf81f, 0xf81f, 0xf81f, 0xf81f, 0xf81f, 0xf81f, 0xf81f, 0xf81f, 0xf81f, 0xf81f,
0xf81f, 0xf81f, 0xf81f, 0xf81f, 0xf81f, 0xf81f, 0xaa00, 0xf4a9, 0x2104, 0x18c3,
0x18c3, 0x1082, 0x0000, 0xf81f, 0xf81f, 0xf81f, 0xf81f, 0xf81f, 0xf81f, 0xf81f,
0xf81f, 0xf81f, 
0xf81f, 0xf81f, 0xf81f, 0xf81f, 0xf81f, 0xf81f, 0xaa00, 0x7980, 0x4965, 0x2104,
0x18c3, 0x18c3, 0x1082, 0x1082, 0x0000, 0xf81f, 0xf81f, 0xf81f, 0xf81f, 0xf81f,
0xf81f, 0xf81f, 0xf81f, 0xf81f, 0xf81f, 0xf81f, 0xf81f, 0xf81f, 0xf81f, 0xf81f,
0xf81f, 0xf81f, 0xf81f, 0x2104, 0x18c3, 0x1082, 0x1082, 0x0000, 0xaa00, 0x6120,
0xf81f, 0xf81f, 0xf81f, 0xf81f, 0xf81f, 0xf81f, 0xf81f, 0xf81f, 0xf81f, 0xf81f,
0xf81f, 0xf81f, 0xf81f, 0xf81f, 0xf81f, 0xf81f, 0xf81f, 0x2104, 0xf4a9, 0xaa00,
0x89a0, 0x6120, 0x6120, 0x89a0, 0x6120, 0xf81f, 0xf81f, 0xf81f, 0xf81f, 0xf81f,
0xf81f, 0xf81f, 0xf81f, 0xf81f, 0xf81f, 0xf81f, 0xf81f, 0xf81f, 0xf81f, 0xf81f,
0x6a08, 0x89a0, 0x6120, 0x6120, 0xf4a9, 0x89a0, 0x6120, 0x6120, 0xf81f, 0xf81f,
0xf81f, 0xf81f, 0xf81f, 0xf81f, 0xf81f, 0xf81f, 0xf81f, 0xf81f, 0xf81f, 0xf81f,
0xf81f, 0xf81f, 0xaa00, 0x7980, 0x4965, 0x6120, 0x6120, 0xf4a9, 0x89a0, 0x6120,
0x6120, 0xf81f, 0xf81f, 0xf81f, 0xf81f, 0xf81f, 0xf81f, 0xf81f, 0xf81f, 0xf81f,
0xf81f, 0xf81f, 0xf81f, 0xf81f, 0xf81f, 0xf81f, 0xf81f, 0xf81f, 0x6120, 0x6120,
0xf4a9, 0x89a0, 0x6120, 0x6120, 0x6120, 0xf81f, 0xf81f, 0xf81f, 0xf81f, 0xf81f,
0xf81f, 0xf81f, 0xf81f, 0xf81f, 0xf81f, 0xf81f, 0xf81f, 0xf81f, 0xf81f, 0xf81f,
0xf81f, 0x6120, 0x89a0, 0x6120, 0x6120, 0x89a0, 0x89a0, 0xd280, 0x0000, 0xf81f,
0xf81f, 0xf81f, 0xf81f, 0xf81f, 0xf81f, 0xf81f, 0xf81f, 0xf81f, 0xf81f, 0xf81f,
0xf81f, 0xf81f, 0xf81f, 0xf81f, 0xf81f, 0xf81f, 0xaa00, 0xf4a9, 0x2104, 0x18c3,
0x18c3, 0x1082, 0x0000, 0xf81f, 0xf81f, 0xf81f, 0xf81f, 0xf81f, 0xf81f, 0xf81f,
0xf81f, 0xf81f, 
0xf81f, 0xf81f, 0xf81f, 0xf81f, 0xf81f, 0xaa00, 0xaa00, 0x7980, 0x9acb, 0x40c0,
0xaa00, 0x6120, 0x6120, 0x6120, 0x40c0, 0xf81f, 0xf81f, 0xf81f, 0xf81f, 0xf81f,
0xf81f, 0xf81f, 0xf81f, 0xf81f, 0xf81f, 0xf81f, 0xf81f, 0xf81f, 0xf81f, 0xf81f,
0xaa00, 0x7980, 0x4965, 0x6120, 0xaa00, 0x6120, 0x6120, 0x89a0, 0x6120, 0x6120,
0xf81f, 0xf81f, 0xf81f, 0xf81f, 0xf81f, 0xf81f, 0xf81f, 0xf81f, 0xf81f, 0xf81f,
0xf81f, 0xf81f, 0xf81f, 0xf81f, 0xf81f, 0xf81f, 0xf81f, 0x89a0, 0xd280, 0x89a0,
0xd280, 0x89a0, 0x89a0, 0x40c0, 0xf81f, 0xf81f, 0xf81f, 0xf81f, 0xf81f, 0xf81f,
0xf81f, 0xf81f, 0xf81f, 0xf81f, 0xf81f, 0xf81f, 0xf81f, 0xf81f, 0xaa00, 0x7980,
0x4965, 0x89a0, 0xaa00, 0xaa00, 0x89a0, 0x6120, 0x6120, 0x6120, 0xf81f, 0xf81f,
0xf81f, 0xf81f, 0xf81f, 0xf81f, 0xf81f, 0xf81f, 0xf81f, 0xf81f, 0xf81f, 0xf81f,
0xf81f, 0xaa00, 0xaa00, 0x7980, 0x9acb, 0x89a0, 0xaa00, 0x89a0, 0x6120, 0x6120,
0x89a0, 0xf81f, 0xf81f, 0xf81f, 0xf81f, 0xf81f, 0xf81f, 0xf81f, 0xf81f, 0xf81f,
0xf81f, 0xf81f, 0xf81f, 0xf81f, 0xf81f, 0xf81f, 0xaa00, 0x7980, 0x89a0, 0xaa00,
0x89a0, 0x6120, 0x6120, 0x89a0, 0x6120, 0xf81f, 0xf81f, 0xf81f, 0xf81f, 0xf81f,
0xf81f, 0xf81f, 0xf81f, 0xf81f, 0xf81f, 0xf81f, 0xf81f, 0xf81f, 0xf81f, 0xf81f,
0xf81f, 0xf81f, 0x6120, 0x89a0, 0xd280, 0xaa00, 0x89a0, 0xaa00, 0x40c0, 0xf81f,
0xf81f, 0xf81f, 0xf81f, 0xf81f, 0xf81f, 0xf81f, 0xf81f, 0xf81f, 0xf81f, 0xf81f,
0xf81f, 0xf81f, 0xf81f, 0xf81f, 0xaa00, 0x7980, 0xaa00, 0xaa00, 0x89a0, 0x6120,
0x40c0, 0x40c0, 0x40c0, 0xf81f, 0xf81f, 0xf81f, 0xf81f, 0xf81f, 0xf81f, 0xf81f,
0xf81f, 0xf81f, 
0xf81f, 0xf81f, 0xf81f, 0xf81f, 0xf81f, 0xaa00, 0x2880, 0xaa00, 0x0000, 0x8a8a,
0xaa00, 0xaa00, 0x6120, 0x6120, 0x4965, 0x0000, 0xf81f, 0xf81f, 0xf81f, 0xf81f,
0xf81f, 0xf81f, 0xf81f, 0xf81f, 0xf81f, 0xf81f, 0xf81f, 0xf81f, 0xf81f, 0xaa00,
0xaa00, 0x7980, 0x0000, 0x8a8a, 0x0000, 0xaa00, 0x6120, 0x6120, 0x6120, 0x40c0,
0xf81f, 0xf81f, 0xf81f, 0xf81f, 0xf81f, 0xf81f, 0xf81f, 0xf81f, 0xf81f, 0xf81f,
0xf81f, 0xf81f, 0xf81f, 0xf81f, 0xaa00, 0x7980, 0x4965, 0x6120, 0x89a0, 0xaa00,
0xaa00, 0xd280, 0xaa00, 0x30a0, 0xf81f, 0xf81f, 0xf81f, 0xf81f, 0xf81f, 0xf81f,
0xf81f, 0xf81f, 0xf81f, 0xf81f, 0xf81f, 0xf81f, 0xf81f, 0xaa00, 0x7980, 0x7980,
0x0000, 0xaa00, 0xf4a9, 0xd280, 0x40c0, 0x40c0, 0x89a0, 0x6120, 0xf81f, 0xf81f,
0xf81f, 0xf81f, 0xf81f, 0xf81f, 0xf81f, 0xf81f, 0xf81f, 0xf81f, 0xf81f, 0xf81f,
0xf81f, 0xaa00, 0x2880, 0xaa00, 0x0000, 0xaa00, 0xf4a9, 0x40c0, 0x40c0, 0x6120,
0x89a0, 0x0000, 0xf81f, 0xf81f, 0xf81f, 0xf81f, 0xf81f, 0xf81f, 0xf81f, 0xf81f,
0xf81f, 0xf81f, 0xf81f, 0xf81f, 0xf81f, 0xaa00, 0xaa00, 0x7980, 0xaa00, 0xf4a9,
0x40c0, 0x40c0, 0x6120, 0x89a0, 0x6120, 0xf81f, 0xf81f, 0xf81f, 0xf81f, 0xf81f,
0xf81f, 0xf81f, 0xf81f, 0xf81f, 0xf81f, 0xf81f, 0xf81f, 0xf81f, 0xf81f, 0xf81f,
0xaa00, 0x7980, 0x40c0, 0xaa00, 0x89a0, 0x89a0, 0x89a0, 0x6120, 0x40c0, 0xf81f,
0xf81f, 0xf81f, 0xf81f, 0xf81f, 0xf81f, 0xf81f, 0xf81f, 0xf81f, 0xf81f, 0xf81f,
0xf81f, 0xf81f, 0xf81f, 0xaa00, 0x7980, 0x7980, 0x6120, 0xd280, 0xd280, 0x6120,
0x6120, 0x40c0, 0x4965, 0xf81f, 0xf81f, 0xf81f, 0xf81f, 0xf81f, 0xf81f, 0xf81f,
0xf81f, 0xf81f, 
0xf81f, 0xf81f, 0xf81f, 0xf81f, 0xf81f, 0x7980, 0x0000, 0xf81f, 0x8a8a, 0x0000,
0x0000, 0x0000, 0x0000, 0x0000, 0x6a08, 0x28c3, 0xf81f, 0xf81f, 0xf81f, 0xf81f,
0xf81f, 0xf81f, 0xf81f, 0xf81f, 0xf81f, 0xf81f, 0xf81f, 0xf81f, 0xf81f, 0x7980,
0x2880, 0x2880, 0x8a8a, 0x8a8a, 0x8a8a, 0x0000, 0x0000, 0x0000, 0x4965, 0x28c3,
0xf81f, 0xf81f, 0xf81f, 0xf81f, 0xf81f, 0xf81f, 0xf81f, 0xf81f, 0xf81f, 0xf81f,
0xf81f, 0xf81f, 0xf81f, 0xaa00, 0xaa00, 0x7980, 0x0000, 0x8a8a, 0x40c0, 0x6120,
0xaa00, 0x89a0, 0xaa00, 0x6120, 0xf81f, 0xf81f, 0xf81f, 0xf81f, 0xf81f, 0xf81f,
0xf81f, 0xf81f, 0xf81f, 0xf81f, 0xf81f, 0xf81f, 0xf81f, 0x7980, 0x2880, 0x0000,
0x8a8a, 0x8a8a, 0xaa00, 0xf4a9, 0xf4a9, 0xd280, 0x89a0, 0x40c0, 0xf81f, 0xf81f,
0xf81f, 0xf81f, 0xf81f, 0xf81f, 0xf81f, 0xf81f, 0xf81f, 0xf81f, 0xf81f, 0xf81f,
0xf81f, 0x7980, 0x0000, 0xf81f, 0x8a8a, 0x40c0, 0xaa00, 0xf4a9, 0xf4a9, 0x89a0,
0x40c0, 0x28c3, 0xf81f, 0xf81f, 0xf81f, 0xf81f, 0xf81f, 0xf81f, 0xf81f, 0xf81f,
0xf81f, 0xf81f, 0xf81f, 0xf81f, 0xf81f, 0x7980, 0x2880, 0x2880, 0x40c0, 0xaa00,
0xf4a9, 0xf4a9, 0x89a0, 0x6120, 0x4965, 0x0000, 0xf81f, 0xf81f, 0xf81f, 0xf81f,
0xf81f, 0xf81f, 0xf81f, 0xf81f, 0xf81f, 0xf81f, 0xf81f, 0xf81f, 0xf81f, 0xaa00,
0xaa00, 0x7980, 0xd280, 0xf4a9, 0xaa00, 0x6120, 0x40c0, 0x40c0, 0x28c3, 0xf81f,
0xf81f, 0xf81f, 0xf81f, 0xf81f, 0xf81f, 0xf81f, 0xf81f, 0xf81f, 0xf81f, 0xf81f,
0xf81f, 0xf81f, 0xf81f, 0x7980, 0x2880, 0x0000, 0x8a8a, 0x8a8a, 0x0000, 0x0000,
0x0000, 0x0000, 0x4965, 0x28c3, 0xf81f, 0xf81f, 0xf81f, 0xf81f, 0xf81f, 0xf81f,
0xf81f, 0xf81f, 
0xf81f, 0xf81f, 0xf81f, 0xf81f, 0xf81f, 0xf81f, 0xf81f, 0x8a8a, 0x0000, 0x0000,
0x0000, 0x0000, 0x0000, 0x6a08, 0x6a08, 0x28c3, 0x0000, 0xf81f, 0xf81f, 0xf81f,
0xf81f, 0xf81f, 0xf81f, 0xf81f, 0xf81f, 0xf81f, 0xf81f, 0xf81f, 0xf81f, 0x7980,
0x0000, 0xf81f, 0x8a8a, 0x0000, 0x0000, 0x0000, 0x0000, 0x0000, 0x6a08, 0x28c3,
0xf81f, 0xf81f, 0xf81f, 0xf81f, 0xf81f, 0xf81f, 0xf81f, 0xf81f, 0xf81f, 0xf81f,
0xf81f, 0xf81f, 0xf81f, 0x7980, 0x2880, 0x6a08, 0x8a8a, 0x8a8a, 0x8a8a, 0x0000,
0x0000, 0x0000, 0x4965, 0x28c3, 0xf81f, 0xf81f, 0xf81f, 0xf81f, 0xf81f, 0xf81f,
0xf81f, 0xf81f, 0xf81f, 0xf81f, 0xf81f, 0xf81f, 0xf81f, 0xf81f, 0xf81f, 0x8a8a,
0x8a8a, 0x8a8a, 0x0000, 0x0000, 0x0000, 0x0000, 0x4965, 0x28c3, 0xf81f, 0xf81f,
0xf81f, 0xf81f, 0xf81f, 0xf81f, 0xf81f, 0xf81f, 0xf81f, 0xf81f, 0xf81f, 0xf81f,
0x3186, 0x2945, 0x0861, 0x8a8a, 0x8a8a, 0x6a08, 0x6a08, 0x0000, 0x0000, 0x4965,
0x4965, 0x28c3, 0x0000, 0xf81f, 0xf81f, 0xf81f, 0xf81f, 0xf81f, 0xf81f, 0xf81f,
0xf81f, 0xf81f, 0xf81f, 0xf81f, 0xf81f, 0x7980, 0x0000, 0xf81f, 0x8a8a, 0x0000,
0x0000, 0x0000, 0x0000, 0x0000, 0x4965, 0x28c3, 0xf81f, 0xf81f, 0xf81f, 0xf81f,
0xf81f, 0xf81f, 0xf81f, 0xf81f, 0xf81f, 0xf81f, 0xf81f, 0xf81f, 0xf81f, 0x7980,
0x2880, 0x6a08, 0x8a8a, 0x8a8a, 0x8a8a, 0x0000, 0x0000, 0x0000, 0x4965, 0x28c3,
0xf81f, 0xf81f, 0xf81f, 0xf81f, 0xf81f, 0xf81f, 0xf81f, 0xf81f, 0xf81f, 0xf81f,
0xf81f, 0xf81f, 0xf81f, 0xf81f, 0xf81f, 0x728a, 0x8a8a, 0x0000, 0x0000, 0x0000,
0x0000, 0x0000, 0x6a08, 0x28c3, 0xf81f, 0xf81f, 0xf81f, 0xf81f, 0xf81f, 0xf81f,
0xf81f, 0xf81f, 
0xf81f, 0xf81f, 0xf81f, 0xf81f, 0xf81f, 0xf81f, 0x0000, 0x8a8a, 0x8a8a, 0x8a8a,
0x8a8a, 0x8a8a, 0x8a8a, 0x8a8a, 0x6a08, 0x28c3, 0x0000, 0xf81f, 0xf81f, 0xf81f,
0xf81f, 0xf81f, 0xf81f, 0xf81f, 0xf81f, 0xf81f, 0xf81f, 0xf81f, 0xf81f, 0xf81f,
0xf81f, 0x8a8a, 0x0000, 0x0000, 0x0000, 0x0000, 0x0000, 0x6a08, 0x6a08, 0x28c3,
0x0000, 0x1082, 0xf81f, 0xf81f, 0xf81f, 0xf81f, 0xf81f, 0xf81f, 0xf81f, 0xf81f,
0xf81f, 0xf81f, 0xf81f, 0x7980, 0x0000, 0xf81f, 0x8a8a, 0x0000, 0x0000, 0x0000,
0x0000, 0x0000, 0x6a08, 0x28c3, 0xf81f, 0xf81f, 0xf81f, 0xf81f, 0xf81f, 0xf81f,
0xf81f, 0xf81f, 0xf81f, 0xf81f, 0xf81f, 0xf81f, 0xf81f, 0xf81f, 0xf81f, 0x8a8a,
0x8a8a, 0x8a8a, 0x6a08, 0x6a08, 0x6a08, 0x4965, 0x4965, 0x28c3, 0x0000, 0xf81f,
0xf81f, 0xf81f, 0xf81f, 0xf81f, 0xf81f, 0xf81f, 0xf81f, 0xf81f, 0xf81f, 0xf81f,
0x3186, 0x3186, 0x0000, 0x8a8a, 0x8a8a, 0x8a8a, 0x6a08, 0x6a08, 0x4965, 0x4965,
0x4965, 0x28c3, 0x0000, 0xf81f, 0xf81f, 0xf81f, 0xf81f, 0xf81f, 0xf81f, 0xf81f,
0xf81f, 0xf81f, 0xf81f, 0xf81f, 0xf81f, 0xf81f, 0xf81f, 0x8a8a, 0x8a8a, 0x8a8a,
0x6a08, 0x0000, 0x0000, 0x6a08, 0x4965, 0x28c3, 0x0000, 0xf81f, 0xf81f, 0xf81f,
0xf81f, 0xf81f, 0xf81f, 0xf81f, 0xf81f, 0xf81f, 0xf81f, 0xf81f, 0xf81f, 0x7980,
0x0000, 0xf81f, 0x8a8a, 0x0000, 0x0000, 0x0000, 0x0000, 0x0000, 0x6a08, 0x28c3,
0xf81f, 0xf81f, 0xf81f, 0xf81f, 0xf81f, 0xf81f, 0xf81f, 0xf81f, 0xf81f, 0xf81f,
0xf81f, 0xf81f, 0xf81f, 0xf81f, 0xf81f, 0x8a8a, 0x8a8a, 0x0000, 0x0000, 0x8a8a,
0x8a8a, 0x6a08, 0x6a08, 0x28c3, 0x0000, 0xf81f, 0xf81f, 0xf81f, 0xf81f, 0xf81f,
0xf81f, 0xf81f, 
0xf81f, 0xf81f, 0xf81f, 0xf81f, 0xf81f, 0xf81f, 0x8a8a, 0x8a8a, 0x8a8a, 0x8a8a,
0x92aa, 0x92aa, 0x92aa, 0x8aaa, 0x8a8a, 0x6a08, 0x28c3, 0x0020, 0xf81f, 0xf81f,
0xf81f, 0xf81f, 0xf81f, 0xf81f, 0xf81f, 0xf81f, 0xf81f, 0xf81f, 0xf81f, 0xf81f,
0x0000, 0x8a8a, 0x8a8a, 0x8a8a, 0x8a8a, 0x8a8a, 0x8a8a, 0x8a8a, 0x4965, 0x0000,
0x0000, 0x18e3, 0x0000, 0xf81f, 0xf81f, 0xf81f, 0xf81f, 0xf81f, 0xf81f, 0xf81f,
0xf81f, 0xf81f, 0xf81f, 0xf81f, 0xf81f, 0x8a8a, 0x0000, 0x8a8a, 0x0000, 0x0000,
0x0000, 0x6a08, 0x4965, 0x28c3, 0x0000, 0xf81f, 0xf81f, 0xf81f, 0xf81f, 0xf81f,
0xf81f, 0xf81f, 0xf81f, 0xf81f, 0xf81f, 0xf81f, 0xf81f, 0xf81f, 0x728a, 0x8a8a,
0x8a8a, 0x8a8a, 0x6a08, 0x4965, 0x4965, 0x4965, 0x4965, 0x28c3, 0x0000, 0xf81f,
0xf81f, 0xf81f, 0xf81f, 0xf81f, 0xf81f, 0xf81f, 0xf81f, 0xf81f, 0xf81f, 0xf81f,
0xf81f, 0x2945, 0xaa00, 0x8a8a, 0x9acb, 0x6a08, 0x4965, 0x4965, 0x4965, 0x4965,
0x28c3, 0x0000, 0x0000, 0xf81f, 0xf81f, 0xf81f, 0xf81f, 0xf81f, 0xf81f, 0xf81f,
0xf81f, 0xf81f, 0xf81f, 0xf81f, 0xf81f, 0xf81f, 0x0000, 0x8a8a, 0x8a8a, 0x8a8a,
0x6a08, 0x6a08, 0x4965, 0x4965, 0x4965, 0x28c3, 0x0000, 0xf81f, 0xf81f, 0xf81f,
0xf81f, 0xf81f, 0xf81f, 0xf81f, 0xf81f, 0xf81f, 0xf81f, 0xf81f, 0xf81f, 0xf81f,
0xf81f, 0x8a8a, 0x0000, 0x0000, 0x0000, 0x0000, 0x0000, 0x6a08, 0x4965, 0x28c3,
0x0000, 0xf81f, 0xf81f, 0xf81f, 0xf81f, 0xf81f, 0xf81f, 0xf81f, 0xf81f, 0xf81f,
0xf81f, 0xf81f, 0xf81f, 0xf81f, 0x728a, 0x8a8a, 0x8a8a, 0x8a8a, 0x8a8a, 0x8a8a,
0x8a8a, 0x8a8a, 0x6a08, 0x0000, 0x0000, 0xf81f, 0xf81f, 0xf81f, 0xf81f, 0xf81f,
0xf81f, 0xf81f, 
0xf81f, 0xf81f, 0xf81f, 0xf81f, 0xf81f, 0xf81f, 0x6a08, 0x8a8a, 0x8a8a, 0x6a08,
0x6a08, 0x6a08, 0x6a08, 0x6a08, 0x8a8a, 0x6a08, 0x4965, 0x0000, 0x0020, 0xf81f,
0xf81f, 0xf81f, 0xf81f, 0xf81f, 0xf81f, 0xf81f, 0xf81f, 0xf81f, 0xf81f, 0xf81f,
0x8a8a, 0x8a8a, 0x8a8a, 0x8a8a, 0x92aa, 0x8a8a, 0x8a8a, 0x8a8a, 0x8a8a, 0x6a08,
0x4965, 0x4965, 0x0020, 0x0000, 0xf81f, 0xf81f, 0xf81f, 0xf81f, 0xf81f, 0xf81f,
0xf81f, 0xf81f, 0xf81f, 0xf81f, 0x0000, 0x8a8a, 0x8a8a, 0x8a8a, 0x8a8a, 0x8a8a,
0x6a08, 0x4965, 0x28c3, 0x28c3, 0x0000, 0xf81f, 0xf81f, 0xf81f, 0xf81f, 0xf81f,
0xf81f, 0xf81f, 0xf81f, 0xf81f, 0xf81f, 0xf81f, 0xf81f, 0xf81f, 0x728a, 0x8a8a,
0x8a8a, 0x8a8a, 0x4965, 0x0000, 0x28c3, 0x28c3, 0x28c3, 0x0000, 0x0000, 0xf81f,
0xf81f, 0xf81f, 0xf81f, 0xf81f, 0xf81f, 0xf81f, 0xf81f, 0xf81f, 0xf81f, 0xf81f,
0xf81f, 0x2945, 0xaa00, 0x8a8a, 0x6a08, 0x4965, 0x0000, 0x28c3, 0x28c3, 0x28c3,
0x28c3, 0x0000, 0x0000, 0xf81f, 0xf81f, 0xf81f, 0xf81f, 0xf81f, 0xf81f, 0xf81f,
0xf81f, 0xf81f, 0xf81f, 0xf81f, 0xf81f, 0x3186, 0x8a8a, 0x8a8a, 0x8a8a, 0x8a8a,
0x4965, 0x4965, 0x4965, 0x4965, 0x28c3, 0x0000, 0x0000, 0xf81f, 0xf81f, 0xf81f,
0xf81f, 0xf81f, 0xf81f, 0xf81f, 0xf81f, 0xf81f, 0xf81f, 0xf81f, 0xf81f, 0xf81f,
0x0000, 0x8a8a, 0x8a8a, 0x8a8a, 0x8a8a, 0x8a8a, 0x6a08, 0x4965, 0x28c3, 0x28c3,
0x0000, 0xf81f, 0xf81f, 0xf81f, 0xf81f, 0xf81f, 0xf81f, 0xf81f, 0xf81f, 0xf81f,
0xf81f, 0xf81f, 0xf81f, 0xf81f, 0x8a8a, 0x8a8a, 0x8a8a, 0x6a08, 0x8a8a, 0x8a8a,
0x8a8a, 0x8aaa, 0x6a08, 0x0000, 0x0000, 0xf81f, 0xf81f, 0xf81f, 0xf81f, 0xf81f,
0xf81f, 0xf81f, 
0xf81f, 0xf81f, 0xf81f, 0xf81f, 0xf81f, 0x2945, 0x0000, 0x8a8a, 0x6a08, 0x6a08,
0x6a08, 0x4965, 0x4965, 0x28c3, 0x6a08, 0x6a08, 0x0000, 0x0000, 0x0000, 0x7980,
0xf81f, 0xf81f, 0xf81f, 0xf81f, 0xf81f, 0xf81f, 0xf81f, 0xf81f, 0xf81f, 0xf81f,
0x6a08, 0x8a8a, 0x8a8a, 0x6a08, 0x6a08, 0x8a8a, 0x8a8a, 0x8a8a, 0x8aaa, 0x4965,
0x4965, 0x0000, 0x6a08, 0x0000, 0x0000, 0xf81f, 0xf81f, 0xf81f, 0xf81f, 0xf81f,
0xf81f, 0xf81f, 0xf81f, 0xf81f, 0x728a, 0x8a8a, 0x8a8a, 0x8a8a, 0x8a8a, 0x8a8a,
0x6a08, 0x0000, 0x0000, 0x0000, 0x0000, 0xf81f, 0xf81f, 0xf81f, 0xf81f, 0xf81f,
0xf81f, 0xf81f, 0xf81f, 0xf81f, 0xf81f, 0xf81f, 0xf81f, 0x3186, 0x6a08, 0xaa00,
0x4965, 0x6a08, 0x28c3, 0x4965, 0x28c3, 0x28c3, 0x28c3, 0x0000, 0x0000, 0xf81f,
0xf81f, 0xf81f, 0xf81f, 0xf81f, 0xf81f, 0xf81f, 0xf81f, 0xf81f, 0xf81f, 0xf81f,
0xf81f, 0xf81f, 0x7980, 0x4965, 0x4965, 0x28c3, 0x4965, 0x4965, 0x28c3, 0x28c3,
0x28c3, 0x0000, 0x0000, 0xf81f, 0xf81f, 0xf81f, 0xf81f, 0xf81f, 0xf81f, 0xf81f,
0xf81f, 0xf81f, 0xf81f, 0xf81f, 0xf81f, 0x31a6, 0x6a08, 0x8a8a, 0x6a08, 0x4965,
0x28c3, 0x4965, 0x28c3, 0x28c3, 0x28c3, 0x0000, 0x0000, 0xf81f, 0xf81f, 0xf81f,
0xf81f, 0xf81f, 0xf81f, 0xf81f, 0xf81f, 0xf81f, 0xf81f, 0xf81f, 0xf81f, 0xf81f,
0x8a8a, 0x8a8a, 0x6a08, 0x6a08, 0x8a8a, 0x8aaa, 0x4965, 0x28c3, 0x28c3, 0x0000,
0x0000, 0xf81f, 0xf81f, 0xf81f, 0xf81f, 0xf81f, 0xf81f, 0xf81f, 0xf81f, 0xf81f,
0xf81f, 0xf81f, 0xf81f, 0xf81f, 0x6a08, 0x8a8a, 0x8a8a, 0x6a08, 0x6a08, 0x4965,
0x4965, 0x8a8a, 0x6a08, 0x4965, 0x0000, 0x0020, 0xf81f, 0xf81f, 0xf81f, 0xf81f,
0xf81f, 0xf81f, 
0xf81f, 0xf81f, 0xf81f, 0xf81f, 0x3186, 0x2945, 0x18e3, 0x0000, 0x0000, 0x4965,
0x4965, 0x28c3, 0x0000, 0x28c3, 0x0000, 0x4965, 0x28c3, 0x0000, 0x0000, 0x0000,
0xf81f, 0xf81f, 0xf81f, 0xf81f, 0xf81f, 0xf81f, 0xf81f, 0xf81f, 0xf81f, 0xf81f,
0x0000, 0x8a8a, 0x8a8a, 0x6a08, 0x6a08, 0x4965, 0x4965, 0x4965, 0x6a08, 0x0000,
0x28c3, 0x0000, 0x2880, 0x0000, 0x0000, 0xf81f, 0xf81f, 0xf81f, 0xf81f, 0xf81f,
0xf81f, 0xf81f, 0xf81f, 0xf81f, 0x6a08, 0x8a8a, 0x6a08, 0x6a08, 0x8a8a, 0x9acb,
0x6a08, 0x0000, 0x0000, 0x0000, 0x0000, 0x0000, 0xf81f, 0xf81f, 0xf81f, 0xf81f,
0xf81f, 0xf81f, 0xf81f, 0xf81f, 0xf81f, 0xf81f, 0x3186, 0x3186, 0x7980, 0xaa00,
0x6a08, 0x4965, 0x0000, 0x4965, 0x4965, 0x28c3, 0x28c3, 0x0000, 0x0000, 0xf81f,
0xf81f, 0xf81f, 0xf81f, 0xf81f, 0xf81f, 0xf81f, 0xf81f, 0xf81f, 0xf81f, 0xf81f,
0xf81f, 0xf81f, 0x1082, 0x0000, 0x0000, 0x0000, 0x0000, 0x6a08, 0x4965, 0x4965,
0x0000, 0x0000, 0x18e3, 0xf81f, 0xf81f, 0xf81f, 0xf81f, 0xf81f, 0xf81f, 0xf81f,
0xf81f, 0xf81f, 0xf81f, 0xf81f, 0xf81f, 0x2945, 0x0000, 0x8a8a, 0x8a8a, 0x0000,
0x0000, 0x4965, 0x28c3, 0x28c3, 0x28c3, 0x0000, 0x0000, 0x1082, 0xf81f, 0xf81f,
0xf81f, 0xf81f, 0xf81f, 0xf81f, 0xf81f, 0xf81f, 0xf81f, 0xf81f, 0xf81f, 0xf81f,
0x6a08, 0x8a8a, 0x8a8a, 0x6a08, 0x8a8a, 0x8aaa, 0x4965, 0x0000, 0x0000, 0x0000,
0x0000, 0xf81f, 0xf81f, 0xf81f, 0xf81f, 0xf81f, 0xf81f, 0xf81f, 0xf81f, 0xf81f,
0xf81f, 0xf81f, 0xf81f, 0xf81f, 0x0000, 0x8a8a, 0x6a08, 0x6a08, 0x6a08, 0x4965,
0x28c3, 0x6a08, 0x28c3, 0x28c3, 0x0000, 0x0020, 0x0000, 0xf81f, 0xf81f, 0xf81f,
0xf81f, 0xf81f, 
0xf81f, 0xf81f, 0xf81f, 0xf81f, 0x2945, 0x2945, 0x18e3, 0x18e3, 0x28c3, 0x0000,
0x0000, 0x0000, 0x0000, 0x0000, 0x0000, 0x2945, 0xaa00, 0x2880, 0x2880, 0x0000,
0xf81f, 0xf81f, 0xf81f, 0xf81f, 0xf81f, 0xf81f, 0xf81f, 0xf81f, 0xf81f, 0xf81f,
0xf81f, 0x0000, 0x0000, 0x4965, 0x4965, 0x28c3, 0x0000, 0x0000, 0x0000, 0x0000,
0x28c3, 0x2880, 0x0000, 0x1082, 0x0000, 0xf81f, 0xf81f, 0xf81f, 0xf81f, 0xf81f,
0xf81f, 0xf81f, 0xf81f, 0xf81f, 0x0000, 0x6a08, 0x6a08, 0x4965, 0x6a08, 0x8a8a,
0x4965, 0x0000, 0x28c3, 0x0000, 0x0000, 0x0000, 0xf81f, 0xf81f, 0xf81f, 0xf81f,
0xf81f, 0xf81f, 0xf81f, 0xf81f, 0xf81f, 0xf81f, 0xf81f, 0x2945, 0x2945, 0x7980,
0x28c3, 0x0000, 0x0000, 0x0000, 0x0000, 0x0000, 0x0000, 0x0000, 0x1082, 0xf81f,
0xf81f, 0xf81f, 0xf81f, 0xf81f, 0xf81f, 0xf81f, 0xf81f, 0xf81f, 0xf81f, 0xf81f,
0xf81f, 0xf81f, 0xf81f, 0x0861, 0x28c3, 0x0000, 0x0000, 0x0000, 0x0000, 0x0000,
0x0000, 0x2945, 0x2945, 0x1082, 0xf81f, 0xf81f, 0xf81f, 0xf81f, 0xf81f, 0xf81f,
0xf81f, 0xf81f, 0xf81f, 0xf81f, 0xf81f, 0xf81f, 0x2945, 0x0000, 0x0000, 0x0000,
0x0000, 0x4965, 0x4965, 0x28c3, 0x0000, 0x0000, 0x3186, 0x2945, 0x0000, 0xf81f,
0xf81f, 0xf81f, 0xf81f, 0xf81f, 0xf81f, 0xf81f, 0xf81f, 0xf81f, 0xf81f, 0xf81f,
0x0000, 0x8a8a, 0x6a08, 0x6a08, 0x8a8a, 0x6a08, 0x4965, 0x0000, 0x28c3, 0x0000,
0x0000, 0xf81f, 0xf81f, 0xf81f, 0xf81f, 0xf81f, 0xf81f, 0xf81f, 0xf81f, 0xf81f,
0xf81f, 0xf81f, 0xf81f, 0xf81f, 0xf81f, 0x0000, 0x0000, 0x0000, 0x0000, 0x0000,
0x0000, 0x6a08, 0x4965, 0x0000, 0x2880, 0x0000, 0x1082, 0x0000, 0xf81f, 0xf81f,
0xf81f, 0xf81f, 
0xf81f, 0xf81f, 0xf81f, 0xf81f, 0xf81f, 0x2945, 0x18e3, 0x18e3, 0x1082, 0x2945,
0x2945, 0x18e3, 0x1082, 0x1082, 0x0000, 0x2945, 0x18e3, 0x2880, 0x0000, 0xf81f,
0xf81f, 0xf81f, 0xf81f, 0xf81f, 0xf81f, 0xf81f, 0xf81f, 0xf81f, 0xf81f, 0xf81f,
0x2945, 0x18e3, 0x28c3, 0x0000, 0x0000, 0x0000, 0x0000, 0x0000, 0x0000, 0x0000,
0xf81f, 0x2880, 0x1082, 0x1082, 0x0000, 0x0000, 0xf81f, 0xf81f, 0xf81f, 0xf81f,
0xf81f, 0xf81f, 0xf81f, 0xf81f, 0xf81f, 0x0000, 0x0000, 0x4965, 0x6a08, 0x6a08,
0x4965, 0x0000, 0x0000, 0x0000, 0x0000, 0x0000, 0xf81f, 0xf81f, 0xf81f, 0xf81f,
0xf81f, 0xf81f, 0xf81f, 0xf81f, 0xf81f, 0xf81f, 0xf81f, 0xf81f, 0xf81f, 0x18e3,
0x2880, 0x2880, 0x0000, 0x0000, 0x0000, 0x0000, 0x0000, 0x2945, 0x18e3, 0x0020,
0xf81f, 0xf81f, 0xf81f, 0xf81f, 0xf81f, 0xf81f, 0xf81f, 0xf81f, 0xf81f, 0xf81f,
0xf81f, 0xf81f, 0xf81f, 0xf81f, 0xf81f, 0xf81f, 0xf81f, 0x3186, 0x3186, 0x3186,
0x18e3, 0x2945, 0x18e3, 0x0020, 0x1082, 0xf81f, 0xf81f, 0xf81f, 0xf81f, 0xf81f,
0xf81f, 0xf81f, 0xf81f, 0xf81f, 0xf81f, 0xf81f, 0xf81f, 0x18e3, 0x28c3, 0x0000,
0x0000, 0x0000, 0x0000, 0x0000, 0x0000, 0x3186, 0x3186, 0x2945, 0x0020, 0x0000,
0xf81f, 0xf81f, 0xf81f, 0xf81f, 0xf81f, 0xf81f, 0xf81f, 0xf81f, 0xf81f, 0xf81f,
0xf81f, 0x0000, 0x0000, 0x0000, 0x4965, 0x28c3, 0x0000, 0x28c3, 0x0000, 0x0000,
0x0000, 0xf81f, 0xf81f, 0xf81f, 0xf81f, 0xf81f, 0xf81f, 0xf81f, 0xf81f, 0xf81f,
0xf81f, 0xf81f, 0xf81f, 0xf81f, 0xf81f, 0xf81f, 0xf81f, 0x28c3, 0x0000, 0x0000,
0x0000, 0x7980, 0x2880, 0x2880, 0x2880, 0x18e3, 0x1082, 0x0000, 0xf81f, 0xf81f,
0xf81f, 0xf81f, 
0xf81f, 0xf81f, 0xf81f, 0xf81f, 0xf81f, 0x18e3, 0x18e3, 0x1082, 0x1082, 0x1082,
0x18e3, 0x1082, 0x0000, 0x0000, 0x2945, 0x18e3, 0x18e3, 0xf81f, 0xf81f, 0xf81f,
0xf81f, 0xf81f, 0xf81f, 0xf81f, 0xf81f, 0xf81f, 0xf81f, 0xf81f, 0xf81f, 0x31a6,
0x2945, 0x18e3, 0x18e3, 0x3186, 0x2945, 0x18e3, 0x18e3, 0x18e3, 0x0000, 0xf81f,
0xf81f, 0xf81f, 0xf81f, 0xf81f, 0x0000, 0xf81f, 0xf81f, 0xf81f, 0xf81f, 0xf81f,
0xf81f, 0xf81f, 0xf81f, 0xf81f, 0xf81f, 0xf81f, 0x28c3, 0x0000, 0x7980, 0x4965,
0x28c3, 0x0000, 0x0000, 0x0000, 0x0000, 0x0000, 0xf81f, 0xf81f, 0xf81f, 0xf81f,
0xf81f, 0xf81f, 0xf81f, 0xf81f, 0xf81f, 0xf81f, 0xf81f, 0xf81f, 0xf81f, 0xf81f,
0xf81f, 0xf81f, 0xf81f, 0x3186, 0x3186, 0x18e3, 0x18e3, 0x2945, 0x18e3, 0x0000,
0x0000, 0xf81f, 0xf81f, 0xf81f, 0xf81f, 0xf81f, 0xf81f, 0xf81f, 0xf81f, 0xf81f,
0xf81f, 0xf81f, 0xf81f, 0xf81f, 0xf81f, 0xf81f, 0xf81f, 0xf81f, 0x18e3, 0x1082,
0x18e3, 0x18e3, 0x0020, 0x18e3, 0x18e3, 0x1082, 0xf81f, 0xf81f, 0xf81f, 0xf81f,
0xf81f, 0xf81f, 0xf81f, 0xf81f, 0xf81f, 0xf81f, 0xf81f, 0xf81f, 0x1082, 0x1082,
0x0000, 0x3186, 0x3186, 0x3186, 0x1082, 0x2945, 0x2945, 0x2945, 0x18e3, 0x0000,
0x0000, 0xf81f, 0xf81f, 0xf81f, 0xf81f, 0xf81f, 0xf81f, 0xf81f, 0xf81f, 0xf81f,
0xf81f, 0xf81f, 0x28c3, 0x0000, 0x7980, 0x28c3, 0x7980, 0x0000, 0x0000, 0x18e3,
0x0000, 0xf81f, 0xf81f, 0xf81f, 0xf81f, 0xf81f, 0xf81f, 0xf81f, 0xf81f, 0xf81f,
0xf81f, 0xf81f, 0xf81f, 0x2945, 0x2945, 0x2945, 0x3186, 0x2945, 0x18e3, 0x1082,
0x0020, 0x2880, 0x2880, 0x2880, 0x18e3, 0x1082, 0xf81f, 0xf81f, 0xf81f, 0xf81f,
0xf81f, 0xf81f, 
0xf81f, 0xf81f, 0xf81f, 0xf81f, 0xf81f, 0xf81f, 0x1082, 0x1082, 0x0020, 0x0000,
0x0000, 0x0000, 0xf81f, 0x18e3, 0x18e3, 0x0000, 0xf81f, 0xf81f, 0xf81f, 0xf81f,
0xf81f, 0xf81f, 0xf81f, 0xf81f, 0xf81f, 0xf81f, 0xf81f, 0xf81f, 0xf81f, 0x3186,
0x2945, 0x18e3, 0x18e3, 0x2945, 0x2945, 0x18e3, 0x0020, 0x0000, 0xf81f, 0xf81f,
0xf81f, 0xf81f, 0xf81f, 0xf81f, 0xf81f, 0xf81f, 0xf81f, 0xf81f, 0xf81f, 0xf81f,
0xf81f, 0xf81f, 0xf81f, 0xf81f, 0xf81f, 0xf81f, 0xf81f, 0xf81f, 0xaa00, 0x7980,
0x2880, 0x0000, 0x0020, 0x1082, 0xf81f, 0xf81f, 0xf81f, 0xf81f, 0xf81f, 0xf81f,
0xf81f, 0xf81f, 0xf81f, 0xf81f, 0xf81f, 0xf81f, 0xf81f, 0xf81f, 0xf81f, 0xf81f,
0xf81f, 0xf81f, 0xf81f, 0x0020, 0x1082, 0x1082, 0x18e3, 0x1082, 0x0000, 0x1082,
0x0020, 0xf81f, 0xf81f, 0xf81f, 0xf81f, 0xf81f, 0xf81f, 0xf81f, 0xf81f, 0xf81f,
0xf81f, 0xf81f, 0xf81f, 0xf81f, 0xf81f, 0xf81f, 0xf81f, 0xf81f, 0xf81f, 0xf81f,
0x0000, 0x0020, 0x18e3, 0x2945, 0x18e3, 0x1082, 0xf81f, 0xf81f, 0xf81f, 0xf81f,
0xf81f, 0xf81f, 0xf81f, 0xf81f, 0xf81f, 0xf81f, 0xf81f, 0xf81f, 0xf81f, 0xf81f,
0x0000, 0x18e3, 0x18e3, 0x1082, 0x1082, 0x1082, 0x18e3, 0x18e3, 0x18e3, 0x1082,
0x0000, 0xf81f, 0xf81f, 0xf81f, 0xf81f, 0xf81f, 0xf81f, 0xf81f, 0xf81f, 0xf81f,
0xf81f, 0xf81f, 0xf81f, 0x1082, 0x2945, 0x2880, 0x18e3, 0x2945, 0x2945, 0x18e3,
0x0000, 0xf81f, 0xf81f, 0xf81f, 0xf81f, 0xf81f, 0xf81f, 0xf81f, 0xf81f, 0xf81f,
0xf81f, 0xf81f, 0x3186, 0x3186, 0x3186, 0x3186, 0x3186, 0x2945, 0x2945, 0x2945,
0x1082, 0x2945, 0x18e3, 0x1082, 0xf81f, 0xf81f, 0xf81f, 0xf81f, 0xf81f, 0xf81f,
0xf81f, 0xf81f, 
0xf81f, 0xf81f, 0xf81f, 0xf81f, 0xf81f, 0xf81f, 0xf81f, 0x0000, 0x0000, 0x0000,
0xf81f, 0xf81f, 0xf81f, 0xf81f, 0xf81f, 0xf81f, 0xf81f, 0xf81f, 0xf81f, 0xf81f,
0xf81f, 0xf81f, 0xf81f, 0xf81f, 0xf81f, 0xf81f, 0xf81f, 0xf81f, 0xf81f, 0xf81f,
0x18e3, 0x18e3, 0x18e3, 0x1082, 0x18e3, 0x1082, 0x0020, 0x0000, 0xf81f, 0xf81f,
0xf81f, 0xf81f, 0xf81f, 0xf81f, 0xf81f, 0xf81f, 0xf81f, 0xf81f, 0xf81f, 0xf81f,
0xf81f, 0xf81f, 0xf81f, 0xf81f, 0xf81f, 0xf81f, 0xf81f, 0xf81f, 0x7980, 0x2880,
0x1082, 0x0020, 0x2945, 0x1082, 0x0000, 0xf81f, 0xf81f, 0xf81f, 0xf81f, 0xf81f,
0xf81f, 0xf81f, 0xf81f, 0xf81f, 0xf81f, 0xf81f, 0xf81f, 0xf81f, 0xf81f, 0xf81f,
0xf81f, 0xf81f, 0xf81f, 0xf81f, 0x3186, 0x3186, 0x1082, 0x1082, 0x2945, 0x18e3,
0x1082, 0x0000, 0xf81f, 0xf81f, 0xf81f, 0xf81f, 0xf81f, 0xf81f, 0xf81f, 0xf81f,
0xf81f, 0xf81f, 0xf81f, 0xf81f, 0xf81f, 0xf81f, 0xf81f, 0xf81f, 0xf81f, 0x2945,
0x3186, 0x3186, 0x3186, 0x18e3, 0x1082, 0x0000, 0xf81f, 0xf81f, 0xf81f, 0xf81f,
0xf81f, 0xf81f, 0xf81f, 0xf81f, 0xf81f, 0xf81f, 0xf81f, 0xf81f, 0xf81f, 0xf81f,
0xf81f, 0xf81f, 0xf81f, 0x0000, 0x0000, 0x0000, 0xf81f, 0x1082, 0x1082, 0x1082,
0x0000, 0xf81f, 0xf81f, 0xf81f, 0xf81f, 0xf81f, 0xf81f, 0xf81f, 0xf81f, 0xf81f,
0xf81f, 0xf81f, 0xf81f, 0xf81f, 0xf81f, 0x18e3, 0x1082, 0x18e3, 0x18e3, 0x18e3,
0x1082, 0xf81f, 0xf81f, 0xf81f, 0xf81f, 0xf81f, 0xf81f, 0xf81f, 0xf81f, 0xf81f,
0xf81f, 0xf81f, 0xf81f, 0x2945, 0x2945, 0x2945, 0x2945, 0x18e3, 0x18e3, 0x1082,
0x0000, 0xf81f, 0xf81f, 0xf81f, 0xf81f, 0xf81f, 0xf81f, 0xf81f, 0xf81f, 0xf81f,
0xf81f, 0xf81f, 
0xf81f, 0xf81f, 0xf81f, 0xf81f, 0xf81f, 0xf81f, 0xf81f, 0xf81f, 0xf81f, 0xf81f,
0xf81f, 0xf81f, 0xf81f, 0xf81f, 0xf81f, 0xf81f, 0xf81f, 0xf81f, 0xf81f, 0xf81f,
0xf81f, 0xf81f, 0xf81f, 0xf81f, 0xf81f, 0xf81f, 0xf81f, 0xf81f, 0xf81f, 0xf81f,
0xf81f, 0x1082, 0x1082, 0x1082, 0x0020, 0x0000, 0xf81f, 0xf81f, 0xf81f, 0xf81f,
0xf81f, 0xf81f, 0xf81f, 0xf81f, 0xf81f, 0xf81f, 0xf81f, 0xf81f, 0xf81f, 0xf81f,
0xf81f, 0xf81f, 0xf81f, 0xf81f, 0xf81f, 0xf81f, 0xf81f, 0x2945, 0x18e3, 0x0020,
0x0000, 0x1082, 0x2945, 0x1082, 0x0000, 0xf81f, 0xf81f, 0xf81f, 0xf81f, 0xf81f,
0xf81f, 0xf81f, 0xf81f, 0xf81f, 0xf81f, 0xf81f, 0xf81f, 0xf81f, 0xf81f, 0xf81f,
0xf81f, 0xf81f, 0xf81f, 0xf81f, 0x3186, 0x3186, 0x3186, 0x31a6, 0x2945, 0x1082,
0x0020, 0xf81f, 0xf81f, 0xf81f, 0xf81f, 0xf81f, 0xf81f, 0xf81f, 0xf81f, 0xf81f,
0xf81f, 0xf81f, 0xf81f, 0xf81f, 0xf81f, 0xf81f, 0xf81f, 0xf81f, 0xf81f, 0x3186,
0x3186, 0x3186, 0x18e3, 0x1082, 0x0000, 0xf81f, 0xf81f, 0xf81f, 0xf81f, 0xf81f,
0xf81f, 0xf81f, 0xf81f, 0xf81f, 0xf81f, 0xf81f, 0xf81f, 0xf81f, 0xf81f, 0xf81f,
0xf81f, 0xf81f, 0xf81f, 0xf81f, 0xf81f, 0xf81f, 0xf81f, 0xf81f, 0xf81f, 0x0000,
0x0000, 0xf81f, 0xf81f, 0xf81f, 0xf81f, 0xf81f, 0xf81f, 0xf81f, 0xf81f, 0xf81f,
0xf81f, 0xf81f, 0xf81f, 0xf81f, 0xf81f, 0xf81f, 0xf81f, 0xf81f, 0x1082, 0x1082,
0x1082, 0x0000, 0xf81f, 0xf81f, 0xf81f, 0xf81f, 0xf81f, 0xf81f, 0xf81f, 0xf81f,
0xf81f, 0xf81f, 0xf81f, 0xf81f, 0xf81f, 0x18e3, 0x18e3, 0x1082, 0x1082, 0x0000,
0xf81f, 0xf81f, 0xf81f, 0xf81f, 0xf81f, 0xf81f, 0xf81f, 0xf81f, 0xf81f, 0xf81f,
0xf81f, 0xf81f, 
0xf81f, 0xf81f, 0xf81f, 0xf81f, 0xf81f, 0xf81f, 0xf81f, 0xf81f, 0xf81f, 0xf81f,
0xf81f, 0xf81f, 0xf81f, 0xf81f, 0xf81f, 0xf81f, 0xf81f, 0xf81f, 0xf81f, 0xf81f,
0xf81f, 0xf81f, 0xf81f, 0xf81f, 0xf81f, 0xf81f, 0xf81f, 0xf81f, 0xf81f, 0xf81f,
0xf81f, 0xf81f, 0x0020, 0x0000, 0x0000, 0xf81f, 0xf81f, 0xf81f, 0xf81f, 0xf81f,
0xf81f, 0xf81f, 0xf81f, 0xf81f, 0xf81f, 0xf81f, 0xf81f, 0xf81f, 0xf81f, 0xf81f,
0xf81f, 0xf81f, 0xf81f, 0xf81f, 0xf81f, 0xf81f, 0x3186, 0x31a6, 0x3186, 0x18e3,
0x2945, 0x2945, 0x18e3, 0x0020, 0x0000, 0xf81f, 0xf81f, 0xf81f, 0xf81f, 0xf81f,
0xf81f, 0xf81f, 0xf81f, 0xf81f, 0xf81f, 0xf81f, 0xf81f, 0xf81f, 0xf81f, 0xf81f,
0xf81f, 0xf81f, 0xf81f, 0x3186, 0x3186, 0x31a6, 0x3186, 0x18e3, 0x1082, 0x0020,
0xf81f, 0xf81f, 0xf81f, 0xf81f, 0xf81f, 0xf81f, 0xf81f, 0xf81f, 0xf81f, 0xf81f,
0xf81f, 0xf81f, 0xf81f, 0xf81f, 0xf81f, 0xf81f, 0xf81f, 0xf81f, 0xf81f, 0x2945,
0x18e3, 0x1082, 0x1082, 0xf81f, 0xf81f, 0xf81f, 0xf81f, 0xf81f, 0xf81f, 0xf81f,
0xf81f, 0xf81f, 0xf81f, 0xf81f, 0xf81f, 0xf81f, 0xf81f, 0xf81f, 0xf81f, 0xf81f,
0xf81f, 0xf81f, 0xf81f, 0xf81f, 0xf81f, 0xf81f, 0xf81f, 0xf81f, 0xf81f, 0xf81f,
0xf81f, 0xf81f, 0xf81f, 0xf81f, 0xf81f, 0xf81f, 0xf81f, 0xf81f, 0xf81f, 0xf81f,
0xf81f, 0xf81f, 0xf81f, 0xf81f, 0xf81f, 0xf81f, 0xf81f, 0xf81f, 0xf81f, 0x0000,
0x0000, 0x0000, 0xf81f, 0xf81f, 0xf81f, 0xf81f, 0xf81f, 0xf81f, 0xf81f, 0xf81f,
0xf81f, 0xf81f, 0xf81f, 0xf81f, 0xf81f, 0xf81f, 0xf81f, 0xf81f, 0xf81f, 0xf81f,
0xf81f, 0xf81f, 0xf81f, 0xf81f, 0xf81f, 0xf81f, 0xf81f, 0xf81f, 0xf81f, 0xf81f,
0xf81f, 0xf81f, 
0xf81f, 0xf81f, 0xf81f, 0xf81f, 0xf81f, 0xf81f, 0xf81f, 0xf81f, 0xf81f, 0xf81f,
0xf81f, 0xf81f, 0xf81f, 0xf81f, 0xf81f, 0xf81f, 0xf81f, 0xf81f, 0xf81f, 0xf81f,
0xf81f, 0xf81f, 0xf81f, 0xf81f, 0xf81f, 0xf81f, 0xf81f, 0xf81f, 0xf81f, 0xf81f,
0xf81f, 0xf81f, 0xf81f, 0xf81f, 0xf81f, 0xf81f, 0xf81f, 0xf81f, 0xf81f, 0xf81f,
0xf81f, 0xf81f, 0xf81f, 0xf81f, 0xf81f, 0xf81f, 0xf81f, 0xf81f, 0xf81f, 0xf81f,
0xf81f, 0xf81f, 0xf81f, 0xf81f, 0xf81f, 0xf81f, 0xf81f, 0x2945, 0x2945, 0x18e3,
0x18e3, 0x1082, 0x0020, 0xf81f, 0xf81f, 0xf81f, 0xf81f, 0xf81f, 0xf81f, 0xf81f,
0xf81f, 0xf81f, 0xf81f, 0xf81f, 0xf81f, 0xf81f, 0xf81f, 0xf81f, 0xf81f, 0xf81f,
0xf81f, 0xf81f, 0xf81f, 0xf81f, 0x1082, 0x18e3, 0x1082, 0x0020, 0xf81f, 0xf81f,
0xf81f, 0xf81f, 0xf81f, 0xf81f, 0xf81f, 0xf81f, 0xf81f, 0xf81f, 0xf81f, 0xf81f,
0xf81f, 0xf81f, 0xf81f, 0xf81f, 0xf81f, 0xf81f, 0xf81f, 0xf81f, 0xf81f, 0xf81f,
0xf81f, 0xf81f, 0xf81f, 0xf81f, 0xf81f, 0xf81f, 0xf81f, 0xf81f, 0xf81f, 0xf81f,
0xf81f, 0xf81f, 0xf81f, 0xf81f, 0xf81f, 0xf81f, 0xf81f, 0xf81f, 0xf81f, 0xf81f,
0xf81f, 0xf81f, 0xf81f, 0xf81f, 0xf81f, 0xf81f, 0xf81f, 0xf81f, 0xf81f, 0xf81f,
0xf81f, 0xf81f, 0xf81f, 0xf81f, 0xf81f, 0xf81f, 0xf81f, 0xf81f, 0xf81f, 0xf81f,
0xf81f, 0xf81f, 0xf81f, 0xf81f, 0xf81f, 0xf81f, 0xf81f, 0xf81f, 0xf81f, 0xf81f,
0xf81f, 0xf81f, 0xf81f, 0xf81f, 0xf81f, 0xf81f, 0xf81f, 0xf81f, 0xf81f, 0xf81f,
0xf81f, 0xf81f, 0xf81f, 0xf81f, 0xf81f, 0xf81f, 0xf81f, 0xf81f, 0xf81f, 0xf81f,
0xf81f, 0xf81f, 0xf81f, 0xf81f, 0xf81f, 0xf81f, 0xf81f, 0xf81f, 0xf81f, 0xf81f,
0xf81f, 0xf81f, 
0xf81f, 0xf81f, 0xf81f, 0xf81f, 0xf81f, 0xf81f, 0xf81f, 0xf81f, 0xf81f, 0xf81f,
0xf81f, 0xf81f, 0xf81f, 0xf81f, 0xf81f, 0xf81f, 0xf81f, 0xf81f, 0xf81f, 0xf81f,
0xf81f, 0xf81f, 0xf81f, 0xf81f, 0xf81f, 0xf81f, 0xf81f, 0xf81f, 0xf81f, 0xf81f,
0xf81f, 0xf81f, 0xf81f, 0xf81f, 0xf81f, 0xf81f, 0xf81f, 0xf81f, 0xf81f, 0xf81f,
0xf81f, 0xf81f, 0xf81f, 0xf81f, 0xf81f, 0xf81f, 0xf81f, 0xf81f, 0xf81f, 0xf81f,
0xf81f, 0xf81f, 0xf81f, 0xf81f, 0xf81f, 0xf81f, 0xf81f, 0xf81f, 0xf81f, 0xf81f,
0xf81f, 0xf81f, 0xf81f, 0xf81f, 0xf81f, 0xf81f, 0xf81f, 0xf81f, 0xf81f, 0xf81f,
0xf81f, 0xf81f, 0xf81f, 0xf81f, 0xf81f, 0xf81f, 0xf81f, 0xf81f, 0xf81f, 0xf81f,
0xf81f, 0xf81f, 0xf81f, 0xf81f, 0xf81f, 0xf81f, 0xf81f, 0xf81f, 0xf81f, 0xf81f,
0xf81f, 0xf81f, 0xf81f, 0xf81f, 0xf81f, 0xf81f, 0xf81f, 0xf81f, 0xf81f, 0xf81f,
0xf81f, 0xf81f, 0xf81f, 0xf81f, 0xf81f, 0xf81f, 0xf81f, 0xf81f, 0xf81f, 0xf81f,
0xf81f, 0xf81f, 0xf81f, 0xf81f, 0xf81f, 0xf81f, 0xf81f, 0xf81f, 0xf81f, 0xf81f,
0xf81f, 0xf81f, 0xf81f, 0xf81f, 0xf81f, 0xf81f, 0xf81f, 0xf81f, 0xf81f, 0xf81f,
0xf81f, 0xf81f, 0xf81f, 0xf81f, 0xf81f, 0xf81f, 0xf81f, 0xf81f, 0xf81f, 0xf81f,
0xf81f, 0xf81f, 0xf81f, 0xf81f, 0xf81f, 0xf81f, 0xf81f, 0xf81f, 0xf81f, 0xf81f,
0xf81f, 0xf81f, 0xf81f, 0xf81f, 0xf81f, 0xf81f, 0xf81f, 0xf81f, 0xf81f, 0xf81f,
0xf81f, 0xf81f, 0xf81f, 0xf81f, 0xf81f, 0xf81f, 0xf81f, 0xf81f, 0xf81f, 0xf81f,
0xf81f, 0xf81f, 0xf81f, 0xf81f, 0xf81f, 0xf81f, 0xf81f, 0xf81f, 0xf81f, 0xf81f,
0xf81f, 0xf81f, 0xf81f, 0xf81f, 0xf81f, 0xf81f, 0xf81f, 0xf81f, 0xf81f, 0xf81f,
0xf81f, 0xf81f, 
0xf81f, 0xf81f, 0xf81f, 0xf81f, 0xf81f, 0xf81f, 0xf81f, 0xf81f, 0xf81f, 0x2104,
0x18c3, 0x18c3, 0x1082, 0x1082, 0x0000, 0xf81f, 0xf81f, 0xf81f, 0xf81f, 0xf81f,
0xf81f, 0xf81f, 0xf81f, 0xf81f, 0xf81f, 0xf81f, 0xf81f, 0xf81f, 0xf81f, 0xf81f,
0xf81f, 0xf81f, 0xf81f, 0x2104, 0x2104, 0x18c3, 0x18c3, 0x1082, 0x0000, 0xf81f,
0xf81f, 0xf81f, 0xf81f, 0xf81f, 0xf81f, 0xf81f, 0xf81f, 0xf81f, 0xf81f, 0xf81f,
0xf81f, 0xf81f, 0xf81f, 0xf81f, 0xf81f, 0xf81f, 0xf81f, 0x2104, 0x18c3, 0x18c3,
0x1082, 0x1082, 0x0000, 0xf81f, 0xf81f, 0xf81f, 0xf81f, 0xf81f, 0xf81f, 0xf81f,
0xf81f, 0xf81f, 0xf81f, 0xf81f, 0xf81f, 0xf81f, 0xf81f, 0xf81f, 0xf81f, 0xf81f,
0xf81f, 0x2104, 0x2104, 0x18c3, 0x1082, 0x1082, 0x0000, 0xf81f, 0xf81f, 0xf81f,
0xf81f, 0xf81f, 0xf81f, 0xf81f, 0xf81f, 0xf81f, 0xf81f, 0xf81f, 0xf81f, 0xf81f,
0xf81f, 0xf81f, 0xf81f, 0xf81f, 0xf81f, 0x2104, 0x18c3, 0x18c3, 0x1082, 0x1082,
0x0000, 0xf81f, 0xf81f, 0xf81f, 0xf81f, 0xf81f, 0xf81f, 0xf81f, 0xf81f, 0xf81f,
0xf81f, 0xf81f, 0xf81f, 0xf81f, 0xf81f, 0xf81f, 0xf81f, 0xf81f, 0xf81f, 0x2104,
0x18c3, 0x18c3, 0x1082, 0x1082, 0x0000, 0xf81f, 0xf81f, 0xf81f, 0xf81f, 0xf81f,
0xf81f, 0xf81f, 0xf81f, 0xf81f, 0xf81f, 0xf81f, 0xf81f, 0xf81f, 0xf81f, 0xf81f,
0xf81f, 0xf81f, 0xf81f, 0x2104, 0x2104, 0x18c3, 0x18c3, 0x1082, 0x0000, 0xf81f,
0xf81f, 0xf81f, 0xf81f, 0xf81f, 0xf81f, 0xf81f, 0xf81f, 0xf81f, 0xf81f, 0xf81f,
0xf81f, 0xf81f, 0xf81f, 0xf81f, 0xf81f, 0xf81f, 0xf81f, 0x2104, 0x18c3, 0x1082,
0x1082, 0x0000, 0x0000, 0xf81f, 0xf81f, 0xf81f, 0xf81f, 0xf81f, 0xf81f, 0xf81f,
0xf81f, 0xf81f, 
0xf81f, 0xf81f, 0xf81f, 0xf81f, 0xf81f, 0xf81f, 0xf81f, 0xf81f, 0xf81f, 0x2104,
0x18c3, 0x18c3, 0x1082, 0x1082, 0x0000, 0xf81f, 0xf81f, 0xf81f, 0xf81f, 0xf81f,
0xf81f, 0xf81f, 0xf81f, 0xf81f, 0xf81f, 0xf81f, 0xf81f, 0xf81f, 0xf81f, 0xf81f,
0xf81f, 0xf81f, 0xf81f, 0x2104, 0x18c3, 0x18c3, 0x1082, 0x1082, 0x0000, 0x0000,
0xf81f, 0xf81f, 0xf81f, 0xf81f, 0xf81f, 0xf81f, 0xf81f, 0xf81f, 0xf81f, 0xf81f,
0xf81f, 0xf81f, 0xf81f, 0xf81f, 0xf81f, 0xf81f, 0xf81f, 0x2104, 0x18c3, 0x18c3,
0x1082, 0x1082, 0x0000, 0xf81f, 0xf81f, 0xf81f, 0xf81f, 0xf81f, 0xf81f, 0xf81f,
0xf81f, 0xf81f, 0xf81f, 0xf81f, 0xf81f, 0xf81f, 0xf81f, 0xf81f, 0xf81f, 0xf81f,
0xf81f, 0x2104, 0x18c3, 0x18c3, 0x18c3, 0x1082, 0x1082, 0x0000, 0xf81f, 0xf81f,
0xf81f, 0xf81f, 0xf81f, 0xf81f, 0xf81f, 0xf81f, 0xf81f, 0xf81f, 0xf81f, 0xf81f,
0xf81f, 0xf81f, 0xf81f, 0xf81f, 0xf81f, 0x2104, 0x18c3, 0x18c3, 0x1082, 0x1082,
0x0000, 0xf81f, 0xf81f, 0xf81f, 0xf81f, 0xf81f, 0xf81f, 0xf81f, 0xf81f, 0xf81f,
0xf81f, 0xf81f, 0xf81f, 0xf81f, 0xf81f, 0xf81f, 0xf81f, 0xf81f, 0x2104, 0x18c3,
0x18c3, 0x1082, 0x1082, 0x1082, 0x0000, 0xf81f, 0xf81f, 0xf81f, 0xf81f, 0xf81f,
0xf81f, 0xf81f, 0xf81f, 0xf81f, 0xf81f, 0xf81f, 0xf81f, 0xf81f, 0xf81f, 0xf81f,
0xf81f, 0xf81f, 0xf81f, 0x2104, 0x2104, 0x18c3, 0x18c3, 0x1082, 0x0000, 0xf81f,
0xf81f, 0xf81f, 0xf81f, 0xf81f, 0xf81f, 0xf81f, 0xf81f, 0xf81f, 0xf81f, 0xf81f,
0xf81f, 0xf81f, 0xf81f, 0xf81f, 0xf81f, 0xf81f, 0x2104, 0x2104, 0x18c3, 0x18c3,
0x1082, 0x1082, 0x0000, 0xf81f, 0xf81f, 0xf81f, 0xf81f, 0xf81f, 0xf81f, 0xf81f,
0xf81f, 0xf81f, 
0xf81f, 0xf81f, 0xf81f, 0xf81f, 0xf81f, 0xf81f, 0xf81f, 0xf81f, 0xf81f, 0x2104,
0x18c3, 0x18c3, 0x1082, 0x1082, 0x0000, 0xf81f, 0xf81f, 0xf81f, 0xf81f, 0xf81f,
0xf81f, 0xf81f, 0xf81f, 0xf81f, 0xf81f, 0xf81f, 0xf81f, 0xf81f, 0xf81f, 0xf81f,
0xf81f, 0xf81f, 0xf81f, 0x2104, 0x18c3, 0x1082, 0x1082, 0x1082, 0x6120, 0x40c0,
0xf81f, 0xf81f, 0xf81f, 0xf81f, 0xf81f, 0xf81f, 0xf81f, 0xf81f, 0xf81f, 0xf81f,
0xf81f, 0xf81f, 0xf81f, 0xf81f, 0xf81f, 0xf81f, 0xf81f, 0x2104, 0x18c3, 0x18c3,
0x1082, 0x1082, 0x0000, 0x2060, 0xf81f, 0xf81f, 0xf81f, 0xf81f, 0xf81f, 0xf81f,
0xf81f, 0xf81f, 0xf81f, 0xf81f, 0xf81f, 0xf81f, 0xf81f, 0xf81f, 0xf81f, 0xf81f,
0xf81f, 0x18c3, 0xf4a9, 0xd280, 0xd280, 0xaa00, 0x89a0, 0x40c0, 0xf81f, 0xf81f,
0xf81f, 0xf81f, 0xf81f, 0xf81f, 0xf81f, 0xf81f, 0xf81f, 0xf81f, 0xf81f, 0xf81f,
0xf81f, 0xf81f, 0xf81f, 0xf81f, 0xf81f, 0x89a0, 0xf4a9, 0xd280, 0xaa00, 0x89a0,
0x6120, 0xf81f, 0xf81f, 0xf81f, 0xf81f, 0xf81f, 0xf81f, 0xf81f, 0xf81f, 0xf81f,
0xf81f, 0xf81f, 0xf81f, 0xf81f, 0xf81f, 0xf81f, 0xf81f, 0xf81f, 0x40c0, 0xf4a9,
0xd280, 0xaa00, 0x89a0, 0x89a0, 0x0000, 0xf81f, 0xf81f, 0xf81f, 0xf81f, 0xf81f,
0xf81f, 0xf81f, 0xf81f, 0xf81f, 0xf81f, 0xf81f, 0xf81f, 0xf81f, 0xf81f, 0xf81f,
0xf81f, 0xf81f, 0x6120, 0x2104, 0x2104, 0x18c3, 0x18c3, 0x1082, 0x0000, 0xf81f,
0xf81f, 0xf81f, 0xf81f, 0xf81f, 0xf81f, 0xf81f, 0xf81f, 0xf81f, 0xf81f, 0xf81f,
0xf81f, 0xf81f, 0xf81f, 0xf81f, 0xf81f, 0xf81f, 0xaa00, 0xf4a9, 0x18c3, 0x18c3,
0x18c3, 0x1082, 0x0000, 0xf81f, 0xf81f, 0xf81f, 0xf81f, 0xf81f, 0xf81f, 0xf81f,
0xf81f, 0xf81f, 
0xf81f, 0xf81f, 0xf81f, 0xf81f, 0xf81f, 0xf81f, 0xf81f, 0xf81f, 0xf81f, 0x2104,
0x18c3, 0x18c3, 0x1082, 0x1082, 0x0000, 0xf81f, 0xf81f, 0xf81f, 0xf81f, 0xf81f,
0xf81f, 0xf81f, 0xf81f, 0xf81f, 0xf81f, 0xf81f, 0xf81f, 0xf81f, 0xf81f, 0xf81f,
0xf81f, 0xf81f, 0xf81f, 0x2104, 0x18c3, 0x1082, 0x1082, 0x0000, 0x6120, 0x30a0,
0xf81f, 0xf81f, 0xf81f, 0xf81f, 0xf81f, 0xf81f, 0xf81f, 0xf81f, 0xf81f, 0xf81f,
0xf81f, 0xf81f, 0xf81f, 0xf81f, 0xf81f, 0xf81f, 0xf81f, 0x2104, 0x18c3, 0x18c3,
0xaa00, 0x89a0, 0x6120, 0x30a0, 0xf81f, 0xf81f, 0xf81f, 0xf81f, 0xf81f, 0xf81f,
0xf81f, 0xf81f, 0xf81f, 0xf81f, 0xf81f, 0xf81f, 0xf81f, 0xf81f, 0xf81f, 0xf81f,
0xf81f, 0x18c3, 0xf4a9, 0xd280, 0xd280, 0xaa00, 0x89a0, 0x40c0, 0xf81f, 0xf81f,
0xf81f, 0xf81f, 0xf81f, 0xf81f, 0xf81f, 0xf81f, 0xf81f, 0xf81f, 0xf81f, 0xf81f,
0xf81f, 0xf81f, 0xf81f, 0xf81f, 0xf81f, 0x89a0, 0xf4a9, 0xd280, 0xaa00, 0x89a0,
0x6120, 0xf81f, 0xf81f, 0xf81f, 0xf81f, 0xf81f, 0xf81f, 0xf81f, 0xf81f, 0xf81f,
0xf81f, 0xf81f, 0xf81f, 0xf81f, 0xf81f, 0xf81f, 0xf81f, 0xf81f, 0x6120, 0xf4a9,
0xd280, 0xaa00, 0x89a0, 0x89a0, 0x0000, 0xf81f, 0xf81f, 0xf81f, 0xf81f, 0xf81f,
0xf81f, 0xf81f, 0xf81f, 0xf81f, 0xf81f, 0xf81f, 0xf81f, 0xf81f, 0xf81f, 0xf81f,
0xf81f, 0xf81f, 0x40c0, 0xd280, 0xf4a9, 0xaa00, 0x18c3, 0x1082, 0x0000, 0xf81f,
0xf81f, 0xf81f, 0xf81f, 0xf81f, 0xf81f, 0xf81f, 0xf81f, 0xf81f, 0xf81f, 0xf81f,
0xf81f, 0xf81f, 0xf81f, 0xf81f, 0xf81f, 0xf81f, 0x40c0, 0xd280, 0x2104, 0x18c3,
0x18c3, 0x1082, 0x0000, 0xf81f, 0xf81f, 0xf81f, 0xf81f, 0xf81f, 0xf81f, 0xf81f,
0xf81f, 0xf81f, 
0xf81f, 0xf81f, 0xf81f, 0xf81f, 0xf81f, 0xf81f, 0xf81f, 0xf81f, 0xf81f, 0x2104,
0x18c3, 0x18c3, 0x1082, 0x1082, 0x0000, 0xf81f, 0xf81f, 0xf81f, 0xf81f, 0xf81f,
0xf81f, 0xf81f, 0xf81f, 0xf81f, 0xf81f, 0xf81f, 0xf81f, 0xf81f, 0xf81f, 0xf81f,
0xf81f, 0xf81f, 0xf81f, 0x2104, 0x18c3, 0x1082, 0x1082, 0x0000, 0xaa00, 0x6120,
0xf81f, 0xf81f, 0xf81f, 0xf81f, 0xf81f, 0xf81f, 0xf81f, 0xf81f, 0xf81f, 0xf81f,
0xf81f, 0xf81f, 0xf81f, 0xf81f, 0xf81f, 0xf81f, 0xf81f, 0x2104, 0x18c3, 0xaa00,
0x6120, 0x40c0, 0x0000, 0x2060, 0x40c0, 0xf81f, 0xf81f, 0xf81f, 0xf81f, 0xf81f,
0xf81f, 0xf81f, 0xf81f, 0xf81f, 0xf81f, 0xf81f, 0xf81f, 0xf81f, 0xf81f, 0xf81f,
0xf81f, 0x89a0, 0x40c0, 0x0000, 0x40c0, 0x40c0, 0x0000, 0x40c0, 0xf81f, 0xf81f,
0xf81f, 0xf81f, 0xf81f, 0xf81f, 0xf81f, 0xf81f, 0xf81f, 0xf81f, 0xf81f, 0xf81f,
0xf81f, 0xf81f, 0xf81f, 0xf81f, 0xf81f, 0x40c0, 0x0000, 0x40c0, 0x40c0, 0x0000,
0x40c0, 0xf81f, 0xf81f, 0xf81f, 0xf81f, 0xf81f, 0xf81f, 0xf81f, 0xf81f, 0xf81f,
0xf81f, 0xf81f, 0xf81f, 0xf81f, 0xf81f, 0xf81f, 0xf81f, 0xf81f, 0x40c0, 0x0000,
0x40c0, 0x40c0, 0x0000, 0x40c0, 0x6120, 0xf81f, 0xf81f, 0xf81f, 0xf81f, 0xf81f,
0xf81f, 0xf81f, 0xf81f, 0xf81f, 0xf81f, 0xf81f, 0xf81f, 0xf81f, 0xf81f, 0xf81f,
0xf81f, 0xd280, 0x6120, 0x0000, 0x40c0, 0x6120, 0x89a0, 0x1082, 0x0000, 0xf81f,
0xf81f, 0xf81f, 0xf81f, 0xf81f, 0xf81f, 0xf81f, 0xf81f, 0xf81f, 0xf81f, 0xf81f,
0xf81f, 0xf81f, 0xf81f, 0xf81f, 0xf81f, 0xf81f, 0xaa00, 0xf4a9, 0x2104, 0x18c3,
0x18c3, 0x1082, 0x0000, 0xf81f, 0xf81f, 0xf81f, 0xf81f, 0xf81f, 0xf81f, 0xf81f,
0xf81f, 0xf81f, 
0xf81f, 0xf81f, 0xf81f, 0xf81f, 0xf81f, 0xf81f, 0xf81f, 0xf81f, 0xf81f, 0x2104,
0x18c3, 0x18c3, 0x1082, 0x1082, 0x0000, 0x28c3, 0xf81f, 0xf81f, 0xf81f, 0xf81f,
0xf81f, 0xf81f, 0xf81f, 0xf81f, 0xf81f, 0xf81f, 0xf81f, 0xf81f, 0xf81f, 0xf81f,
0xf81f, 0xf81f, 0xf81f, 0x2104, 0x18c3, 0x1082, 0x1082, 0x0000, 0xaa00, 0x6120,
0xf81f, 0xf81f, 0xf81f, 0xf81f, 0xf81f, 0xf81f, 0xf81f, 0xf81f, 0xf81f, 0xf81f,
0xf81f, 0xf81f, 0xf81f, 0xf81f, 0xf81f, 0xf81f, 0xf81f, 0x2104, 0xf4a9, 0xaa00,
0x89a0, 0x6120, 0x6120, 0x89a0, 0x6120, 0xf81f, 0xf81f, 0xf81f, 0xf81f, 0xf81f,
0xf81f, 0xf81f, 0xf81f, 0xf81f, 0xf81f, 0xf81f, 0xf81f, 0xf81f, 0xf81f, 0xf81f,
0xf81f, 0x89a0, 0x6120, 0x6120, 0xf4a9, 0x89a0, 0x6120, 0x6120, 0xf81f, 0xf81f,
0xf81f, 0xf81f, 0xf81f, 0xf81f, 0xf81f, 0xf81f, 0xf81f, 0xf81f, 0xf81f, 0xf81f,
0xf81f, 0xf81f, 0xf81f, 0xf81f, 0xf81f, 0x6120, 0x6120, 0xf4a9, 0x89a0, 0x6120,
0x6120, 0x28c3, 0xf81f, 0xf81f, 0xf81f, 0xf81f, 0xf81f, 0xf81f, 0xf81f, 0xf81f,
0xf81f, 0xf81f, 0xf81f, 0xf81f, 0xf81f, 0xf81f, 0xf81f, 0xf81f, 0x6120, 0x6120,
0xf4a9, 0x89a0, 0x6120, 0x6120, 0x6120, 0xf81f, 0xf81f, 0xf81f, 0xf81f, 0xf81f,
0xf81f, 0xf81f, 0xf81f, 0xf81f, 0xf81f, 0xf81f, 0xf81f, 0xf81f, 0xf81f, 0xf81f,
0xf81f, 0x6120, 0x89a0, 0x6120, 0x6120, 0x89a0, 0x89a0, 0xd280, 0x0000, 0xf81f,
0xf81f, 0xf81f, 0xf81f, 0xf81f, 0xf81f, 0xf81f, 0xf81f, 0xf81f, 0xf81f, 0xf81f,
0xf81f, 0xf81f, 0xf81f, 0xf81f, 0xf81f, 0xf81f, 0xaa00, 0xf4a9, 0x2104, 0x18c3,
0x18c3, 0x1082, 0x0000, 0xf81f, 0xf81f, 0xf81f, 0xf81f, 0xf81f, 0xf81f, 0xf81f,
0xf81f, 0xf81f, 
0xf81f, 0xf81f, 0xf81f, 0xf81f, 0xf81f, 0xf81f, 0xf81f, 0xf81f, 0xf81f, 0x40c0,
0xaa00, 0x6120, 0x6120, 0x6120, 0x40c0, 0x28c3, 0xf81f, 0xf81f, 0xf81f, 0xf81f,
0xf81f, 0xf81f, 0xf81f, 0xf81f, 0xf81f, 0xf81f, 0xf81f, 0xf81f, 0xf81f, 0xf81f,
0xf81f, 0xf81f, 0xf81f, 0x6120, 0xaa00, 0x6120, 0x6120, 0x89a0, 0x6120, 0x6120,
0xf81f, 0xf81f, 0xf81f, 0xf81f, 0xf81f, 0xf81f, 0xf81f, 0xf81f, 0xf81f, 0xf81f,
0xf81f, 0xf81f, 0xf81f, 0xf81f, 0xf81f, 0xf81f, 0xf81f, 0x89a0, 0xd280, 0x89a0,
0xd280, 0x89a0, 0x89a0, 0x40c0, 0xf81f, 0xf81f, 0xf81f, 0xf81f, 0xf81f, 0xf81f,
0xf81f, 0xf81f, 0xf81f, 0xf81f, 0xf81f, 0xf81f, 0xf81f, 0xf81f, 0xf81f, 0xf81f,
0xf81f, 0x89a0, 0xaa00, 0xaa00, 0x89a0, 0x6120, 0x6120, 0x6120, 0xf81f, 0xf81f,
0xf81f, 0xf81f, 0xf81f, 0xf81f, 0xf81f, 0xf81f, 0xf81f, 0xf81f, 0xf81f, 0xf81f,
0xf81f, 0xf81f, 0xf81f, 0xf81f, 0xf81f, 0x89a0, 0xaa00, 0x89a0, 0x6120, 0x6120,
0x89a0, 0x28c3, 0xf81f, 0xf81f, 0xf81f, 0xf81f, 0xf81f, 0xf81f, 0xf81f, 0xf81f,
0xf81f, 0xf81f, 0xf81f, 0xf81f, 0xf81f, 0xf81f, 0xf81f, 0xf81f, 0x89a0, 0xaa00,
0x89a0, 0x6120, 0x6120, 0x89a0, 0x6120, 0x28c3, 0xf81f, 0xf81f, 0xf81f, 0xf81f,
0xf81f, 0xf81f, 0xf81f, 0xf81f, 0xf81f, 0xf81f, 0xf81f, 0xf81f, 0xf81f, 0xf81f,
0xf81f, 0xf81f, 0x6120, 0x89a0, 0xd280, 0xaa00, 0x89a0, 0xaa00, 0x40c0, 0xf81f,
0xf81f, 0xf81f, 0xf81f, 0xf81f, 0xf81f, 0xf81f, 0xf81f, 0xf81f, 0xf81f, 0xf81f,
0xf81f, 0xf81f, 0xf81f, 0xf81f, 0xf81f, 0xf81f, 0xaa00, 0xaa00, 0x89a0, 0x6120,
0x40c0, 0x40c0, 0x40c0, 0x28c3, 0xf81f, 0xf81f, 0xf81f, 0xf81f, 0xf81f, 0xf81f,
0xf81f, 0xf81f, 
0xf81f, 0xf81f, 0xf81f, 0xf81f, 0xf81f, 0xf81f, 0xf81f, 0xf81f, 0x0000, 0x0000,
0xaa00, 0xaa00, 0x6120, 0x6120, 0x0000, 0x0000, 0xf81f, 0xf81f, 0xf81f, 0xf81f,
0xf81f, 0xf81f, 0xf81f, 0xf81f, 0xf81f, 0xf81f, 0xf81f, 0xf81f, 0xf81f, 0xf81f,
0xf81f, 0xf81f, 0xf81f, 0xf81f, 0x728a, 0xaa00, 0x6120, 0x6120, 0x6120, 0x40c0,
0xf81f, 0xf81f, 0xf81f, 0xf81f, 0xf81f, 0xf81f, 0xf81f, 0xf81f, 0xf81f, 0xf81f,
0xf81f, 0xf81f, 0xf81f, 0xf81f, 0xf81f, 0xf81f, 0xf81f, 0x6120, 0x89a0, 0xaa00,
0xaa00, 0xd280, 0xaa00, 0x30a0, 0xf81f, 0xf81f, 0xf81f, 0xf81f, 0xf81f, 0xf81f,
0xf81f, 0xf81f, 0xf81f, 0xf81f, 0xf81f, 0xf81f, 0xf81f, 0xf81f, 0xf81f, 0xf81f,
0xf81f, 0xaa00, 0xf4a9, 0xd280, 0x40c0, 0x40c0, 0x89a0, 0x6120, 0xf81f, 0xf81f,
0xf81f, 0xf81f, 0xf81f, 0xf81f, 0xf81f, 0xf81f, 0xf81f, 0xf81f, 0xf81f, 0xf81f,
0xf81f, 0xf81f, 0xf81f, 0xf81f, 0x6a08, 0xaa00, 0xf4a9, 0x40c0, 0x40c0, 0x6120,
0x89a0, 0x0000, 0xf81f, 0xf81f, 0xf81f, 0xf81f, 0xf81f, 0xf81f, 0xf81f, 0xf81f,
0xf81f, 0xf81f, 0xf81f, 0xf81f, 0xf81f, 0xf81f, 0xf81f, 0xf81f, 0xaa00, 0xf4a9,
0x40c0, 0x40c0, 0x6120, 0x89a0, 0x6120, 0x28c3, 0xf81f, 0xf81f, 0xf81f, 0xf81f,
0xf81f, 0xf81f, 0xf81f, 0xf81f, 0xf81f, 0xf81f, 0xf81f, 0xf81f, 0xf81f, 0xf81f,
0xf81f, 0xf81f, 0x40c0, 0xaa00, 0x89a0, 0x89a0, 0x89a0, 0x6120, 0x40c0, 0x28c3,
0xf81f, 0xf81f, 0xf81f, 0xf81f, 0xf81f, 0xf81f, 0xf81f, 0xf81f, 0xf81f, 0xf81f,
0xf81f, 0xf81f, 0xf81f, 0xf81f, 0xf81f, 0xf81f, 0x6120, 0xd280, 0xd280, 0x6120,
0x6120, 0x40c0, 0x0000, 0x28c3, 0xf81f, 0xf81f, 0xf81f, 0xf81f, 0xf81f, 0xf81f,
0xf81f, 0xf81f, 
0xf81f, 0xf81f, 0xf81f, 0xf81f, 0xf81f, 0xf81f, 0xf81f, 0x0000, 0x0000, 0x0000,
0x0000, 0x0000, 0x0000, 0x6a08, 0x6a08, 0x0000, 0x0000, 0xf81f, 0xf81f, 0xf81f,
0xf81f, 0xf81f, 0xf81f, 0xf81f, 0xf81f, 0xf81f, 0xf81f, 0xf81f, 0xf81f, 0xf81f,
0xf81f, 0xf81f, 0x0000, 0x0000, 0x0000, 0x0000, 0x0000, 0x0000, 0x0000, 0x0000,
0xf81f, 0xf81f, 0xf81f, 0xf81f, 0xf81f, 0xf81f, 0xf81f, 0xf81f, 0xf81f, 0xf81f,
0xf81f, 0xf81f, 0xf81f, 0xf81f, 0xf81f, 0xf81f, 0xf81f, 0xf81f, 0x40c0, 0x6120,
0xaa00, 0x89a0, 0xaa00, 0x6120, 0xf81f, 0xf81f, 0xf81f, 0xf81f, 0xf81f, 0xf81f,
0xf81f, 0xf81f, 0xf81f, 0xf81f, 0xf81f, 0xf81f, 0xf81f, 0xf81f, 0xf81f, 0x728a,
0x6a08, 0x0000, 0xaa00, 0xf4a9, 0xf4a9, 0xd280, 0x89a0, 0x40c0, 0x0000, 0xf81f,
0xf81f, 0xf81f, 0xf81f, 0xf81f, 0xf81f, 0xf81f, 0xf81f, 0xf81f, 0xf81f, 0xf81f,
0xf81f, 0x6a08, 0x8a8a, 0x8a8a, 0x6a08, 0x40c0, 0xaa00, 0xf4a9, 0xf4a9, 0x89a0,
0x40c0, 0x0000, 0x0000, 0xf81f, 0xf81f, 0xf81f, 0xf81f, 0xf81f, 0xf81f, 0xf81f,
0xf81f, 0xf81f, 0xf81f, 0xf81f, 0xf81f, 0xf81f, 0xf81f, 0xf81f, 0x40c0, 0xaa00,
0xf4a9, 0xf4a9, 0x89a0, 0x6120, 0x0000, 0x0000, 0xf81f, 0xf81f, 0xf81f, 0xf81f,
0xf81f, 0xf81f, 0xf81f, 0xf81f, 0xf81f, 0xf81f, 0xf81f, 0xf81f, 0xf81f, 0xf81f,
0xf81f, 0xf81f, 0xd280, 0xf4a9, 0xaa00, 0x6120, 0x40c0, 0x40c0, 0x0000, 0x28c3,
0xf81f, 0xf81f, 0xf81f, 0xf81f, 0xf81f, 0xf81f, 0xf81f, 0xf81f, 0xf81f, 0xf81f,
0xf81f, 0xf81f, 0xf81f, 0xf81f, 0xf81f, 0xf81f, 0x0000, 0x0000, 0x0000, 0x0000,
0x0000, 0x0000, 0x0000, 0x0000, 0x0000, 0xf81f, 0xf81f, 0xf81f, 0xf81f, 0xf81f,
0xf81f, 0xf81f, 
0xf81f, 0xf81f, 0xf81f, 0xf81f, 0xf81f, 0xf81f, 0xf81f, 0x8a8a, 0x8a8a, 0x8a8a,
0x6a08, 0x6a08, 0x6a08, 0x6a08, 0x4965, 0x0000, 0x0000, 0xf81f, 0xf81f, 0xf81f,
0xf81f, 0xf81f, 0xf81f, 0xf81f, 0xf81f, 0xf81f, 0xf81f, 0xf81f, 0xf81f, 0xf81f,
0xf81f, 0x0000, 0x0000, 0x0000, 0x0000, 0x0000, 0x0000, 0x6a08, 0x6a08, 0x0000,
0x0000, 0xf81f, 0xf81f, 0xf81f, 0xf81f, 0xf81f, 0xf81f, 0xf81f, 0xf81f, 0xf81f,
0xf81f, 0xf81f, 0xf81f, 0xf81f, 0xf81f, 0xf81f, 0x0000, 0x0000, 0x0000, 0x0000,
0x0000, 0x0000, 0x0000, 0x0000, 0xf81f, 0xf81f, 0xf81f, 0xf81f, 0xf81f, 0xf81f,
0xf81f, 0xf81f, 0xf81f, 0xf81f, 0xf81f, 0xf81f, 0xf81f, 0xf81f, 0x8a8a, 0x6a08,
0x6a08, 0x0000, 0x0000, 0x0000, 0x0000, 0x6a08, 0x6a08, 0x0000, 0x0000, 0xf81f,
0xf81f, 0xf81f, 0xf81f, 0xf81f, 0xf81f, 0xf81f, 0xf81f, 0xf81f, 0xf81f, 0xf81f,
0xf81f, 0x8a8a, 0x8aaa, 0x8aaa, 0x9acb, 0x9acb, 0x8a8a, 0x8a8a, 0x6a08, 0x6a08,
0x4965, 0x0000, 0x0000, 0xf81f, 0xf81f, 0xf81f, 0xf81f, 0xf81f, 0xf81f, 0xf81f,
0xf81f, 0xf81f, 0xf81f, 0xf81f, 0xf81f, 0xf81f, 0x8a8a, 0x6a08, 0x6a08, 0x0000,
0x0000, 0x0000, 0x0000, 0x6a08, 0x6a08, 0x0000, 0x0000, 0xf81f, 0xf81f, 0xf81f,
0xf81f, 0xf81f, 0xf81f, 0xf81f, 0xf81f, 0xf81f, 0xf81f, 0xf81f, 0xf81f, 0xf81f,
0xf81f, 0xf81f, 0x0000, 0x0000, 0x0000, 0x0000, 0x0000, 0x0000, 0x0000, 0x0000,
0xf81f, 0xf81f, 0xf81f, 0xf81f, 0xf81f, 0xf81f, 0xf81f, 0xf81f, 0xf81f, 0xf81f,
0xf81f, 0xf81f, 0xf81f, 0xf81f, 0xf81f, 0x728a, 0x8a8a, 0x0000, 0x0000, 0x0000,
0x0000, 0x6a08, 0x6a08, 0x0000, 0x0000, 0xf81f, 0xf81f, 0xf81f, 0xf81f, 0xf81f,
0xf81f, 0xf81f, 
0xf81f, 0xf81f, 0xf81f, 0xf81f, 0x3186, 0x2945, 0x728a, 0x8a8a, 0x8a8a, 0x8a8a,
0x6a08, 0x6a08, 0x4965, 0x4965, 0x28c3, 0x0000, 0x0000, 0xf81f, 0xf81f, 0xf81f,
0xf81f, 0xf81f, 0xf81f, 0xf81f, 0xf81f, 0xf81f, 0xf81f, 0xf81f, 0xf81f, 0xf81f,
0xf81f, 0x8a8a, 0x8a8a, 0x8a8a, 0x6a08, 0x6a08, 0x6a08, 0x6a08, 0x4965, 0x0000,
0x0000, 0xf81f, 0xf81f, 0xf81f, 0xf81f, 0xf81f, 0xf81f, 0xf81f, 0xf81f, 0xf81f,
0xf81f, 0xf81f, 0xf81f, 0xf81f, 0xf81f, 0x8a8a, 0x6a08, 0x0000, 0x0000, 0x0000,
0x0000, 0x6a08, 0x6a08, 0x0000, 0x0000, 0xf81f, 0xf81f, 0xf81f, 0xf81f, 0xf81f,
0xf81f, 0xf81f, 0xf81f, 0xf81f, 0xf81f, 0xf81f, 0xf81f, 0x8a8a, 0x8a8a, 0x6a08,
0x8a8a, 0x8a8a, 0x8a8a, 0x6a08, 0x6a08, 0x6a08, 0x4965, 0x0000, 0x0000, 0xf81f,
0xf81f, 0xf81f, 0xf81f, 0xf81f, 0xf81f, 0xf81f, 0xf81f, 0xf81f, 0xf81f, 0xf81f,
0xf81f, 0x8a8a, 0x6a08, 0x4965, 0x6a08, 0x8a8a, 0x8a8a, 0x6a08, 0x6a08, 0x4965,
0x4965, 0x0000, 0x0000, 0xf81f, 0xf81f, 0xf81f, 0xf81f, 0xf81f, 0xf81f, 0xf81f,
0xf81f, 0xf81f, 0xf81f, 0xf81f, 0xf81f, 0xf81f, 0x8a8a, 0x9acb, 0x92aa, 0x8a8a,
0x8a8a, 0x8a8a, 0x6a08, 0x6a08, 0x4965, 0x0000, 0x0000, 0xf81f, 0xf81f, 0xf81f,
0xf81f, 0xf81f, 0xf81f, 0xf81f, 0xf81f, 0xf81f, 0xf81f, 0xf81f, 0xf81f, 0xf81f,
0xf81f, 0x728a, 0x0000, 0x0000, 0x0000, 0x0000, 0x0000, 0x6a08, 0x6a08, 0x0000,
0x0000, 0xf81f, 0xf81f, 0xf81f, 0xf81f, 0xf81f, 0xf81f, 0xf81f, 0xf81f, 0xf81f,
0xf81f, 0xf81f, 0xf81f, 0xf81f, 0x0000, 0x8a8a, 0x8a8a, 0x8a8a, 0x6a08, 0x6a08,
0x6a08, 0x6a08, 0x4965, 0x0000, 0x0000, 0xf81f, 0xf81f, 0xf81f, 0xf81f, 0xf81f,
0xf81f, 0xf81f, 
0xf81f, 0xf81f, 0xf81f, 0x3186, 0x31a6, 0x2945, 0x728a, 0x6a08, 0x8a8a, 0x8a8a,
0x6a08, 0x4965, 0x28c3, 0x28c3, 0x28c3, 0x0000, 0x0000, 0xf81f, 0xf81f, 0xf81f,
0xf81f, 0xf81f, 0xf81f, 0xf81f, 0xf81f, 0xf81f, 0xf81f, 0xf81f, 0xf81f, 0xf81f,
0x728a, 0x8a8a, 0x8a8a, 0x6a08, 0x6a08, 0x6a08, 0x4965, 0x4965, 0x4965, 0x0000,
0x0000, 0xf81f, 0xf81f, 0xf81f, 0xf81f, 0xf81f, 0xf81f, 0xf81f, 0xf81f, 0xf81f,
0xf81f, 0xf81f, 0xf81f, 0xf81f, 0x0000, 0x8a8a, 0x6a08, 0x6a08, 0x6a08, 0x6a08,
0x6a08, 0x6a08, 0x4965, 0x0000, 0x0000, 0xf81f, 0xf81f, 0xf81f, 0xf81f, 0xf81f,
0xf81f, 0xf81f, 0xf81f, 0xf81f, 0xf81f, 0xf81f, 0xf81f, 0x6a08, 0x4965, 0x0000,
0x6a08, 0x6a08, 0x6a08, 0x6a08, 0x6a08, 0x4965, 0x4965, 0x0000, 0x0000, 0xf81f,
0xf81f, 0xf81f, 0xf81f, 0xf81f, 0xf81f, 0xf81f, 0xf81f, 0xf81f, 0xf81f, 0xf81f,
0xf81f, 0x4965, 0x4965, 0x0000, 0x4965, 0x6a08, 0x6a08, 0x6a08, 0x6a08, 0x4965,
0x28c3, 0x0000, 0x0000, 0xf81f, 0xf81f, 0xf81f, 0xf81f, 0xf81f, 0xf81f, 0xf81f,
0xf81f, 0xf81f, 0xf81f, 0xf81f, 0xf81f, 0x8a8a, 0x6a08, 0x6a08, 0x6a08, 0x8a8a,
0x6a08, 0x6a08, 0x6a08, 0x4965, 0x4965, 0x0000, 0x0000, 0xf81f, 0xf81f, 0xf81f,
0xf81f, 0xf81f, 0xf81f, 0xf81f, 0xf81f, 0xf81f, 0xf81f, 0xf81f, 0xf81f, 0xf81f,
0x0000, 0x8a8a, 0x8a8a, 0x6a08, 0x6a08, 0x6a08, 0x6a08, 0x6a08, 0x4965, 0x0000,
0x0000, 0xf81f, 0xf81f, 0xf81f, 0xf81f, 0xf81f, 0xf81f, 0xf81f, 0xf81f, 0xf81f,
0xf81f, 0xf81f, 0xf81f, 0xf81f, 0x728a, 0x728a, 0x8a8a, 0x8a8a, 0x6a08, 0x6a08,
0x4965, 0x4965, 0x28c3, 0x0000, 0x0000, 0xf81f, 0xf81f, 0xf81f, 0xf81f, 0xf81f,
0xf81f, 0xf81f, 
0xf81f, 0xf81f, 0xf81f, 0x3186, 0x31a6, 0x3186, 0x728a, 0x6a08, 0x6a08, 0x8a8a,
0x6a08, 0x28c3, 0x0000, 0x28c3, 0x28c3, 0x0000, 0x0000, 0xf81f, 0xf81f, 0xf81f,
0xf81f, 0xf81f, 0xf81f, 0xf81f, 0xf81f, 0xf81f, 0xf81f, 0xf81f, 0xf81f, 0xf81f,
0x728a, 0x728a, 0x8a8a, 0x8a8a, 0x28c3, 0x28c3, 0x28c3, 0x28c3, 0x28c3, 0x0000,
0x0000, 0xf81f, 0xf81f, 0xf81f, 0xf81f, 0xf81f, 0xf81f, 0xf81f, 0xf81f, 0xf81f,
0xf81f, 0xf81f, 0xf81f, 0xf81f, 0x8a8a, 0x8a8a, 0x6a08, 0x6a08, 0x6a08, 0x6a08,
0x6a08, 0x4965, 0x4965, 0x0000, 0x0000, 0xf81f, 0xf81f, 0xf81f, 0xf81f, 0xf81f,
0xf81f, 0xf81f, 0xf81f, 0xf81f, 0xf81f, 0xf81f, 0xf81f, 0x4965, 0x28c3, 0x0000,
0x4965, 0x4965, 0x6a08, 0x6a08, 0x4965, 0x4965, 0x28c3, 0x0000, 0x0000, 0xf81f,
0xf81f, 0xf81f, 0xf81f, 0xf81f, 0xf81f, 0xf81f, 0xf81f, 0xf81f, 0xf81f, 0xf81f,
0xf81f, 0xf81f, 0x0000, 0x8a8a, 0x4965, 0x6a08, 0x6a08, 0x6a08, 0x4965, 0x28c3,
0x28c3, 0x0000, 0x0000, 0xf81f, 0xf81f, 0xf81f, 0xf81f, 0xf81f, 0xf81f, 0xf81f,
0xf81f, 0xf81f, 0xf81f, 0xf81f, 0xf81f, 0xf81f, 0x4965, 0x28c3, 0x4965, 0x6a08,
0x6a08, 0x6a08, 0x6a08, 0x4965, 0x28c3, 0x0000, 0x0000, 0xf81f, 0xf81f, 0xf81f,
0xf81f, 0xf81f, 0xf81f, 0xf81f, 0xf81f, 0xf81f, 0xf81f, 0xf81f, 0xf81f, 0xf81f,
0x728a, 0x8a8a, 0x8a8a, 0x6a08, 0x6a08, 0x6a08, 0x6a08, 0x4965, 0x4965, 0x0000,
0x0000, 0xf81f, 0xf81f, 0xf81f, 0xf81f, 0xf81f, 0xf81f, 0xf81f, 0xf81f, 0xf81f,
0xf81f, 0xf81f, 0xf81f, 0xf81f, 0x8a8a, 0x6a08, 0x8a8a, 0x9acb, 0x6a08, 0x28c3,
0x28c3, 0x28c3, 0x28c3, 0x0000, 0x0000, 0xf81f, 0xf81f, 0xf81f, 0xf81f, 0xf81f,
0xf81f, 0xf81f, 
0xf81f, 0xf81f, 0xf81f, 0x2945, 0x3186, 0x2945, 0x0000, 0x4965, 0x28c3, 0x8a8a,
0x6a08, 0x4965, 0x6a08, 0x28c3, 0x0000, 0x0000, 0x0000, 0x18e3, 0x0000, 0xf81f,
0xf81f, 0xf81f, 0xf81f, 0xf81f, 0xf81f, 0xf81f, 0xf81f, 0xf81f, 0x3186, 0x2945,
0x728a, 0x6a08, 0x8a8a, 0x6a08, 0x6a08, 0x28c3, 0x28c3, 0x28c3, 0x28c3, 0x0000,
0x0000, 0x3186, 0x18e3, 0xf81f, 0xf81f, 0xf81f, 0xf81f, 0xf81f, 0xf81f, 0xf81f,
0xf81f, 0xf81f, 0xf81f, 0xf81f, 0x8a8a, 0x8a8a, 0x4965, 0x4965, 0x4965, 0x4965,
0x4965, 0x4965, 0x28c3, 0x0000, 0x0000, 0xf81f, 0xf81f, 0xf81f, 0xf81f, 0xf81f,
0xf81f, 0xf81f, 0xf81f, 0xf81f, 0xf81f, 0xf81f, 0xf81f, 0xf81f, 0x0000, 0x6a08,
0x6a08, 0x6a08, 0x6a08, 0x4965, 0x4965, 0x28c3, 0x28c3, 0x0000, 0x0000, 0xf81f,
0xf81f, 0xf81f, 0xf81f, 0xf81f, 0xf81f, 0xf81f, 0xf81f, 0xf81f, 0xf81f, 0xf81f,
0xf81f, 0xf81f, 0x0000, 0x0000, 0x6a08, 0x6a08, 0x6a08, 0x4965, 0x4965, 0x28c3,
0x0000, 0x0000, 0x0000, 0xf81f, 0xf81f, 0xf81f, 0xf81f, 0xf81f, 0xf81f, 0xf81f,
0xf81f, 0xf81f, 0xf81f, 0xf81f, 0xf81f, 0xf81f, 0x0000, 0x8a8a, 0x4965, 0x6a08,
0x6a08, 0x4965, 0x4965, 0x28c3, 0x28c3, 0x0000, 0x0000, 0xf81f, 0xf81f, 0xf81f,
0xf81f, 0xf81f, 0xf81f, 0xf81f, 0xf81f, 0xf81f, 0xf81f, 0xf81f, 0xf81f, 0xf81f,
0x8a8a, 0x8aaa, 0x6a08, 0x4965, 0x6a08, 0x6a08, 0x4965, 0x4965, 0x28c3, 0x0000,
0x0000, 0xf81f, 0xf81f, 0xf81f, 0xf81f, 0xf81f, 0xf81f, 0xf81f, 0xf81f, 0xf81f,
0xf81f, 0xf81f, 0xf81f, 0xf81f, 0x0000, 0x6a08, 0x8a8a, 0x8aaa, 0x4965, 0x0000,
0x28c3, 0x28c3, 0x0000, 0x0000, 0x0000, 0xf81f, 0xf81f, 0xf81f, 0xf81f, 0xf81f,
0xf81f, 0xf81f, 
0xf81f, 0xf81f, 0xf81f, 0xf81f, 0x2945, 0x2945, 0x2945, 0x0000, 0x0000, 0x0000,
0x4965, 0x4965, 0x28c3, 0x0000, 0x0000, 0x0000, 0x3186, 0x2945, 0x1082, 0xf81f,
0xf81f, 0xf81f, 0xf81f, 0xf81f, 0xf81f, 0xf81f, 0xf81f, 0xf81f, 0x31a6, 0x2945,
0x0000, 0x4965, 0x4965, 0x4965, 0x6a08, 0x4965, 0x28c3, 0x7980, 0x0000, 0x0000,
0x0000, 0x2945, 0x18e3, 0x1082, 0xf81f, 0xf81f, 0xf81f, 0xf81f, 0xf81f, 0xf81f,
0xf81f, 0xf81f, 0xf81f, 0xf81f, 0x4965, 0x4965, 0x28c3, 0x4965, 0x4965, 0x4965,
0x4965, 0x28c3, 0x28c3, 0x0000, 0x0000, 0x18e3, 0xf81f, 0xf81f, 0xf81f, 0xf81f,
0xf81f, 0xf81f, 0xf81f, 0xf81f, 0xf81f, 0xf81f, 0xf81f, 0xf81f, 0x2880, 0x0000,
0x0000, 0x6a08, 0x6a08, 0x4965, 0x4965, 0x28c3, 0x0000, 0x0000, 0x0000, 0xf81f,
0xf81f, 0xf81f, 0xf81f, 0xf81f, 0xf81f, 0xf81f, 0xf81f, 0xf81f, 0xf81f, 0xf81f,
0xf81f, 0xf81f, 0xf81f, 0x0000, 0x0000, 0x0000, 0x6a08, 0x4965, 0x28c3, 0x0000,
0x0000, 0x0000, 0xf81f, 0xf81f, 0xf81f, 0xf81f, 0xf81f, 0xf81f, 0xf81f, 0xf81f,
0xf81f, 0xf81f, 0xf81f, 0xf81f, 0xf81f, 0xf81f, 0x0000, 0x0000, 0x6a08, 0x6a08,
0x4965, 0x4965, 0x4965, 0x28c3, 0x0000, 0x0000, 0x0000, 0xf81f, 0xf81f, 0xf81f,
0xf81f, 0xf81f, 0xf81f, 0xf81f, 0xf81f, 0xf81f, 0xf81f, 0xf81f, 0xf81f, 0xf81f,
0x6a08, 0x6a08, 0x4965, 0x4965, 0x4965, 0x4965, 0x4965, 0x28c3, 0x28c3, 0x0000,
0x0000, 0xf81f, 0xf81f, 0xf81f, 0xf81f, 0xf81f, 0xf81f, 0xf81f, 0xf81f, 0xf81f,
0xf81f, 0xf81f, 0x2945, 0x2945, 0x2945, 0x0000, 0x6a08, 0x6a08, 0x4965, 0x0000,
0x28c3, 0x28c3, 0x0000, 0x0000, 0x0000, 0x18e3, 0xf81f, 0xf81f, 0xf81f, 0xf81f,
0xf81f, 0xf81f, 
0xf81f, 0xf81f, 0xf81f, 0xf81f, 0x18e3, 0x2945, 0x18e3, 0x2945, 0x2945, 0x28c3,
0x4965, 0x4965, 0x4965, 0x0000, 0x7980, 0x2945, 0x2945, 0x2945, 0x18e3, 0xf81f,
0xf81f, 0xf81f, 0xf81f, 0xf81f, 0xf81f, 0xf81f, 0xf81f, 0xf81f, 0x3186, 0x3186,
0x2945, 0x0000, 0x0000, 0x4965, 0x4965, 0x4965, 0x4965, 0x6a08, 0x0000, 0x0000,
0x3186, 0x2945, 0x18e3, 0x1082, 0x1082, 0xf81f, 0xf81f, 0xf81f, 0xf81f, 0xf81f,
0xf81f, 0xf81f, 0xf81f, 0xf81f, 0x6a08, 0x4965, 0x28c3, 0x28c3, 0x4965, 0x4965,
0x4965, 0x28c3, 0x0000, 0x0000, 0x0000, 0x18e3, 0x0020, 0xf81f, 0xf81f, 0xf81f,
0xf81f, 0xf81f, 0xf81f, 0xf81f, 0xf81f, 0xf81f, 0xf81f, 0xf81f, 0xf81f, 0xf81f,
0x0000, 0x0000, 0x0000, 0x0000, 0x0000, 0x0000, 0x0000, 0x0000, 0xf81f, 0xf81f,
0xf81f, 0xf81f, 0xf81f, 0xf81f, 0xf81f, 0xf81f, 0xf81f, 0xf81f, 0xf81f, 0xf81f,
0xf81f, 0xf81f, 0xf81f, 0xf81f, 0xf81f, 0x4965, 0x0000, 0x0000, 0x0000, 0x0000,
0xf81f, 0xf81f, 0xf81f, 0xf81f, 0xf81f, 0xf81f, 0xf81f, 0xf81f, 0xf81f, 0xf81f,
0xf81f, 0xf81f, 0xf81f, 0xf81f, 0xf81f, 0xf81f, 0xf81f, 0x0000, 0x0000, 0x0000,
0x4965, 0x4965, 0x28c3, 0x0000, 0x0000, 0x0000, 0xf81f, 0xf81f, 0xf81f, 0xf81f,
0xf81f, 0xf81f, 0xf81f, 0xf81f, 0xf81f, 0xf81f, 0xf81f, 0xf81f, 0xf81f, 0xf81f,
0x0000, 0x4965, 0x0000, 0x4965, 0x4965, 0x4965, 0x28c3, 0x28c3, 0x0000, 0x0000,
0x0000, 0xf81f, 0xf81f, 0xf81f, 0xf81f, 0xf81f, 0xf81f, 0xf81f, 0xf81f, 0xf81f,
0xf81f, 0xf81f, 0x3186, 0x3186, 0x3186, 0x2945, 0x6a08, 0x4965, 0x28c3, 0x0000,
0x28c3, 0x0000, 0x0000, 0x31a6, 0x2945, 0x18e3, 0x0000, 0xf81f, 0xf81f, 0xf81f,
0xf81f, 0xf81f, 
0xf81f, 0xf81f, 0xf81f, 0xf81f, 0xf81f, 0x18e3, 0x18e3, 0x18e3, 0x18e3, 0x18e3,
0x2945, 0x28c3, 0x0000, 0x7980, 0x7980, 0x18e3, 0x2945, 0x18e3, 0x2945, 0x18e3,
0xf81f, 0xf81f, 0xf81f, 0xf81f, 0xf81f, 0xf81f, 0xf81f, 0xf81f, 0x2945, 0x3186,
0x2945, 0x3186, 0x3186, 0x28c3, 0x0000, 0x0000, 0x7980, 0x7980, 0x0000, 0x2945,
0x2945, 0x2945, 0x18e3, 0x1082, 0x1082, 0xf81f, 0xf81f, 0xf81f, 0xf81f, 0xf81f,
0xf81f, 0xf81f, 0xf81f, 0xf81f, 0x4965, 0x4965, 0x28c3, 0x0000, 0x4965, 0x4965,
0x28c3, 0x0000, 0x0000, 0x0000, 0x18e3, 0x18e3, 0x18e3, 0xf81f, 0xf81f, 0xf81f,
0xf81f, 0xf81f, 0xf81f, 0xf81f, 0xf81f, 0xf81f, 0xf81f, 0xf81f, 0xf81f, 0xf81f,
0xf81f, 0x4965, 0x28c3, 0x0000, 0x0000, 0x1082, 0x1082, 0x0000, 0xf81f, 0xf81f,
0xf81f, 0xf81f, 0xf81f, 0xf81f, 0xf81f, 0xf81f, 0xf81f, 0xf81f, 0xf81f, 0xf81f,
0xf81f, 0xf81f, 0xf81f, 0xf81f, 0xf81f, 0x3186, 0x3186, 0x31a6, 0x3186, 0x2945,
0x0020, 0xf81f, 0xf81f, 0xf81f, 0xf81f, 0xf81f, 0xf81f, 0xf81f, 0xf81f, 0xf81f,
0xf81f, 0xf81f, 0xf81f, 0xf81f, 0xf81f, 0xf81f, 0xf81f, 0xf81f, 0xf81f, 0x28c3,
0x0000, 0x0000, 0x0000, 0x0000, 0x1082, 0x0000, 0xf81f, 0xf81f, 0xf81f, 0xf81f,
0xf81f, 0xf81f, 0xf81f, 0xf81f, 0xf81f, 0xf81f, 0xf81f, 0xf81f, 0xf81f, 0xf81f,
0xf81f, 0x6a08, 0x7980, 0x0000, 0x4965, 0x4965, 0x28c3, 0x0000, 0x0000, 0x0000,
0x0000, 0x0000, 0xf81f, 0xf81f, 0xf81f, 0xf81f, 0xf81f, 0xf81f, 0xf81f, 0xf81f,
0xf81f, 0xf81f, 0x3186, 0x3186, 0x3186, 0x2945, 0x18e3, 0x28c3, 0x0000, 0x7980,
0x0000, 0x1082, 0x2945, 0x2945, 0x2945, 0x18e3, 0x0020, 0xf81f, 0xf81f, 0xf81f,
0xf81f, 0xf81f, 
0xf81f, 0xf81f, 0xf81f, 0xf81f, 0xf81f, 0xf81f, 0x0020, 0x0020, 0x1082, 0x0020,
0x0000, 0xf81f, 0x7980, 0x2880, 0xf81f, 0x3186, 0x2945, 0x3186, 0x3186, 0x2945,
0x0000, 0xf81f, 0xf81f, 0xf81f, 0xf81f, 0xf81f, 0xf81f, 0xf81f, 0x2945, 0x2945,
0x2945, 0x3186, 0x2945, 0x18e3, 0x2945, 0x7980, 0x2880, 0x2880, 0x1082, 0x18e3,
0x2945, 0x2945, 0x18e3, 0x1082, 0x1082, 0x0000, 0xf81f, 0xf81f, 0xf81f, 0xf81f,
0xf81f, 0xf81f, 0xf81f, 0xf81f, 0x7980, 0x7980, 0x2880, 0x2880, 0x0000, 0x0000,
0x0000, 0x2945, 0x0000, 0x18e3, 0x18e3, 0x18e3, 0x1082, 0xf81f, 0xf81f, 0xf81f,
0xf81f, 0xf81f, 0xf81f, 0xf81f, 0xf81f, 0xf81f, 0xf81f, 0xf81f, 0xf81f, 0xf81f,
0xf81f, 0x2945, 0x2945, 0x31a6, 0x3186, 0x18e3, 0x0000, 0xf81f, 0xf81f, 0xf81f,
0xf81f, 0xf81f, 0xf81f, 0xf81f, 0xf81f, 0xf81f, 0xf81f, 0xf81f, 0xf81f, 0xf81f,
0xf81f, 0xf81f, 0xf81f, 0xf81f, 0xf81f, 0x18e3, 0x2945, 0x3186, 0x2945, 0x2945,
0x18e3, 0xf81f, 0xf81f, 0xf81f, 0xf81f, 0xf81f, 0xf81f, 0xf81f, 0xf81f, 0xf81f,
0xf81f, 0xf81f, 0xf81f, 0xf81f, 0xf81f, 0xf81f, 0xf81f, 0xf81f, 0xf81f, 0x3186,
0x2945, 0x2945, 0x3186, 0x18e3, 0x1082, 0x1082, 0xf81f, 0xf81f, 0xf81f, 0xf81f,
0xf81f, 0xf81f, 0xf81f, 0xf81f, 0xf81f, 0xf81f, 0xf81f, 0xf81f, 0xf81f, 0xf81f,
0xf81f, 0x7980, 0x2945, 0x28c3, 0x0000, 0x0000, 0x0000, 0x2945, 0x0020, 0x18e3,
0x18e3, 0x0020, 0xf81f, 0xf81f, 0xf81f, 0xf81f, 0xf81f, 0xf81f, 0xf81f, 0xf81f,
0xf81f, 0xf81f, 0x18e3, 0x2945, 0x3186, 0x31a6, 0x31a6, 0x7980, 0x7980, 0x7980,
0xf81f, 0xf81f, 0x2945, 0x18e3, 0x2945, 0x18e3, 0x1082, 0x0000, 0xf81f, 0xf81f,
0xf81f, 0xf81f, 
0xf81f, 0xf81f, 0xf81f, 0xf81f, 0xf81f, 0xf81f, 0xf81f, 0xf81f, 0xf81f, 0xf81f,
0xf81f, 0xf81f, 0xf81f, 0xf81f, 0x2945, 0x2945, 0x3186, 0x3186, 0x2945, 0x0000,
0xf81f, 0xf81f, 0xf81f, 0xf81f, 0xf81f, 0xf81f, 0xf81f, 0xf81f, 0xf81f, 0x18e3,
0x2945, 0x2945, 0x18e3, 0x18e3, 0x0020, 0x0000, 0xf81f, 0xf81f, 0xf81f, 0xf81f,
0xf81f, 0x2945, 0x18e3, 0x1082, 0x1082, 0x0000, 0xf81f, 0xf81f, 0xf81f, 0xf81f,
0xf81f, 0xf81f, 0xf81f, 0xf81f, 0xf81f, 0x0000, 0x0000, 0x2945, 0x2945, 0x2945,
0x1082, 0xf81f, 0xf81f, 0x18e3, 0x18e3, 0x18e3, 0x1082, 0x0000, 0xf81f, 0xf81f,
0xf81f, 0xf81f, 0xf81f, 0xf81f, 0xf81f, 0xf81f, 0xf81f, 0xf81f, 0xf81f, 0xf81f,
0xf81f, 0x18e3, 0x2945, 0x3186, 0x2945, 0x18e3, 0x1082, 0xf81f, 0xf81f, 0xf81f,
0xf81f, 0xf81f, 0xf81f, 0xf81f, 0xf81f, 0xf81f, 0xf81f, 0xf81f, 0xf81f, 0xf81f,
0xf81f, 0xf81f, 0xf81f, 0xf81f, 0xf81f, 0xf81f, 0x18e3, 0x18e3, 0x18e3, 0x2945,
0x18e3, 0xf81f, 0xf81f, 0xf81f, 0xf81f, 0xf81f, 0xf81f, 0xf81f, 0xf81f, 0xf81f,
0xf81f, 0xf81f, 0xf81f, 0xf81f, 0xf81f, 0xf81f, 0xf81f, 0xf81f, 0xf81f, 0x18e3,
0x2945, 0x2945, 0x3186, 0x18e3, 0x1082, 0x1082, 0x0000, 0xf81f, 0xf81f, 0xf81f,
0xf81f, 0xf81f, 0xf81f, 0xf81f, 0xf81f, 0xf81f, 0xf81f, 0xf81f, 0xf81f, 0xf81f,
0xf81f, 0xf81f, 0x2945, 0x3186, 0x3186, 0x18e3, 0x0000, 0x0000, 0x18e3, 0x18e3,
0x18e3, 0x0020, 0xf81f, 0xf81f, 0xf81f, 0xf81f, 0xf81f, 0xf81f, 0xf81f, 0xf81f,
0xf81f, 0xf81f, 0xf81f, 0xf81f, 0x2945, 0x2945, 0x2945, 0x18e3, 0x0000, 0xf81f,
0xf81f, 0x3186, 0x3186, 0x2945, 0x2945, 0x2945, 0x18e3, 0x0020, 0xf81f, 0xf81f,
0xf81f, 0xf81f, 
0xf81f, 0xf81f, 0xf81f, 0xf81f, 0xf81f, 0xf81f, 0xf81f, 0xf81f, 0xf81f, 0xf81f,
0xf81f, 0xf81f, 0xf81f, 0xf81f, 0x2945, 0x2945, 0x1082, 0x0000, 0xf81f, 0xf81f,
0xf81f, 0xf81f, 0xf81f, 0xf81f, 0xf81f, 0xf81f, 0xf81f, 0xf81f, 0xf81f, 0xf81f,
0x18e3, 0x18e3, 0x18e3, 0x0020, 0x0000, 0xf81f, 0xf81f, 0xf81f, 0xf81f, 0xf81f,
0xf81f, 0x18e3, 0x18e3, 0x1082, 0x1082, 0x0000, 0xf81f, 0xf81f, 0xf81f, 0xf81f,
0xf81f, 0xf81f, 0xf81f, 0xf81f, 0x3186, 0x2945, 0x10a2, 0x2945, 0x18e3, 0x2945,
0x18e3, 0xf81f, 0xf81f, 0xf81f, 0x18e3, 0x1082, 0x1082, 0xf81f, 0xf81f, 0xf81f,
0xf81f, 0xf81f, 0xf81f, 0xf81f, 0xf81f, 0xf81f, 0xf81f, 0xf81f, 0xf81f, 0xf81f,
0xf81f, 0xf81f, 0x0020, 0x18e3, 0x18e3, 0x18e3, 0x1082, 0xf81f, 0xf81f, 0xf81f,
0xf81f, 0xf81f, 0xf81f, 0xf81f, 0xf81f, 0xf81f, 0xf81f, 0xf81f, 0xf81f, 0xf81f,
0xf81f, 0xf81f, 0xf81f, 0xf81f, 0xf81f, 0xf81f, 0xf81f, 0x18e3, 0x3186, 0x31a6,
0x2945, 0x1082, 0xf81f, 0xf81f, 0xf81f, 0xf81f, 0xf81f, 0xf81f, 0xf81f, 0xf81f,
0xf81f, 0xf81f, 0xf81f, 0xf81f, 0xf81f, 0xf81f, 0xf81f, 0xf81f, 0xf81f, 0xf81f,
0x18e3, 0x18e3, 0x2945, 0x18e3, 0x1082, 0x1082, 0x0020, 0xf81f, 0xf81f, 0xf81f,
0xf81f, 0xf81f, 0xf81f, 0xf81f, 0xf81f, 0xf81f, 0xf81f, 0xf81f, 0xf81f, 0xf81f,
0xf81f, 0xf81f, 0xf81f, 0x2945, 0x3186, 0x2945, 0x0020, 0x0000, 0x2945, 0x18e3,
0x18e3, 0x0020, 0xf81f, 0xf81f, 0xf81f, 0xf81f, 0xf81f, 0xf81f, 0xf81f, 0xf81f,
0xf81f, 0xf81f, 0xf81f, 0xf81f, 0xf81f, 0xf81f, 0x18e3, 0x1082, 0x0000, 0xf81f,
0xf81f, 0x2945, 0x2945, 0x2945, 0x2945, 0x2945, 0x2945, 0x0020, 0xf81f, 0xf81f,
0xf81f, 0xf81f, 
0xf81f, 0xf81f, 0xf81f, 0xf81f, 0xf81f, 0xf81f, 0xf81f, 0xf81f, 0xf81f, 0xf81f,
0xf81f, 0xf81f, 0xf81f, 0xf81f, 0xf81f, 0xf81f, 0xf81f, 0xf81f, 0xf81f, 0xf81f,
0xf81f, 0xf81f, 0xf81f, 0xf81f, 0xf81f, 0xf81f, 0xf81f, 0xf81f, 0xf81f, 0xf81f,
0xf81f, 0x0020, 0x0000, 0xf81f, 0xf81f, 0xf81f, 0xf81f, 0xf81f, 0xf81f, 0xf81f,
0xf81f, 0xf81f, 0x18e3, 0x1082, 0x0020, 0xf81f, 0xf81f, 0xf81f, 0xf81f, 0xf81f,
0xf81f, 0xf81f, 0xf81f, 0xf81f, 0x2945, 0x3186, 0x1082, 0x18e3, 0x3186, 0x2945,
0x18e3, 0x0000, 0xf81f, 0xf81f, 0xf81f, 0xf81f, 0xf81f, 0xf81f, 0xf81f, 0xf81f,
0xf81f, 0xf81f, 0xf81f, 0xf81f, 0xf81f, 0xf81f, 0xf81f, 0xf81f, 0xf81f, 0xf81f,
0xf81f, 0x3186, 0x2945, 0x2945, 0x3186, 0x2945, 0x18e3, 0x0000, 0xf81f, 0xf81f,
0xf81f, 0xf81f, 0xf81f, 0xf81f, 0xf81f, 0xf81f, 0xf81f, 0xf81f, 0xf81f, 0xf81f,
0xf81f, 0xf81f, 0xf81f, 0xf81f, 0xf81f, 0xf81f, 0xf81f, 0x3186, 0x3186, 0x2945,
0x2945, 0x18e3, 0xf81f, 0xf81f, 0xf81f, 0xf81f, 0xf81f, 0xf81f, 0xf81f, 0xf81f,
0xf81f, 0xf81f, 0xf81f, 0xf81f, 0xf81f, 0xf81f, 0xf81f, 0xf81f, 0xf81f, 0xf81f,
0xf81f, 0xf81f, 0x2945, 0x2945, 0x1082, 0x1082, 0x1082, 0xf81f, 0xf81f, 0xf81f,
0xf81f, 0xf81f, 0xf81f, 0xf81f, 0xf81f, 0xf81f, 0xf81f, 0xf81f, 0xf81f, 0xf81f,
0xf81f, 0xf81f, 0xf81f, 0xf81f, 0x2945, 0x2945, 0x0020, 0x0000, 0xf81f, 0xf81f,
0xf81f, 0xf81f, 0xf81f, 0xf81f, 0xf81f, 0xf81f, 0xf81f, 0xf81f, 0xf81f, 0xf81f,
0xf81f, 0xf81f, 0xf81f, 0xf81f, 0xf81f, 0xf81f, 0xf81f, 0xf81f, 0xf81f, 0xf81f,
0xf81f, 0xf81f, 0xf81f, 0xf81f, 0xf81f, 0xf81f, 0xf81f, 0xf81f, 0xf81f, 0xf81f,
0xf81f, 0xf81f, 
0xf81f, 0xf81f, 0xf81f, 0xf81f, 0xf81f, 0xf81f, 0xf81f, 0xf81f, 0xf81f, 0xf81f,
0xf81f, 0xf81f, 0xf81f, 0xf81f, 0xf81f, 0xf81f, 0xf81f, 0xf81f, 0xf81f, 0xf81f,
0xf81f, 0xf81f, 0xf81f, 0xf81f, 0xf81f, 0xf81f, 0xf81f, 0xf81f, 0xf81f, 0xf81f,
0xf81f, 0xf81f, 0xf81f, 0xf81f, 0xf81f, 0xf81f, 0xf81f, 0xf81f, 0xf81f, 0xf81f,
0xf81f, 0xf81f, 0xf81f, 0x0000, 0x0000, 0xf81f, 0xf81f, 0xf81f, 0xf81f, 0xf81f,
0xf81f, 0xf81f, 0xf81f, 0xf81f, 0xf81f, 0x2945, 0x2945, 0x2945, 0x2945, 0x2945,
0x18e3, 0x0000, 0xf81f, 0xf81f, 0xf81f, 0xf81f, 0xf81f, 0xf81f, 0xf81f, 0xf81f,
0xf81f, 0xf81f, 0xf81f, 0xf81f, 0xf81f, 0xf81f, 0xf81f, 0xf81f, 0xf81f, 0xf81f,
0xf81f, 0x3186, 0x3186, 0x3186, 0x2945, 0x2945, 0x18e3, 0x0020, 0xf81f, 0xf81f,
0xf81f, 0xf81f, 0xf81f, 0xf81f, 0xf81f, 0xf81f, 0xf81f, 0xf81f, 0xf81f, 0xf81f,
0xf81f, 0xf81f, 0xf81f, 0xf81f, 0xf81f, 0xf81f, 0x2945, 0x2945, 0x2945, 0x2945,
0x1082, 0xf81f, 0xf81f, 0xf81f, 0xf81f, 0xf81f, 0xf81f, 0xf81f, 0xf81f, 0xf81f,
0xf81f, 0xf81f, 0xf81f, 0xf81f, 0xf81f, 0xf81f, 0xf81f, 0xf81f, 0xf81f, 0xf81f,
0xf81f, 0xf81f, 0xf81f, 0x18e3, 0x1082, 0x1082, 0x1082, 0x0000, 0xf81f, 0xf81f,
0xf81f, 0xf81f, 0xf81f, 0xf81f, 0xf81f, 0xf81f, 0xf81f, 0xf81f, 0xf81f, 0xf81f,
0xf81f, 0xf81f, 0xf81f, 0xf81f, 0x1082, 0x2945, 0x0020, 0x0000, 0xf81f, 0xf81f,
0xf81f, 0xf81f, 0xf81f, 0xf81f, 0xf81f, 0xf81f, 0xf81f, 0xf81f, 0xf81f, 0xf81f,
0xf81f, 0xf81f, 0xf81f, 0xf81f, 0xf81f, 0xf81f, 0xf81f, 0xf81f, 0xf81f, 0xf81f,
0xf81f, 0xf81f, 0xf81f, 0xf81f, 0xf81f, 0xf81f, 0xf81f, 0xf81f, 0xf81f, 0xf81f,
0xf81f, 0xf81f, 
0xf81f, 0xf81f, 0xf81f, 0xf81f, 0xf81f, 0xf81f, 0xf81f, 0xf81f, 0xf81f, 0xf81f,
0xf81f, 0xf81f, 0xf81f, 0xf81f, 0xf81f, 0xf81f, 0xf81f, 0xf81f, 0xf81f, 0xf81f,
0xf81f, 0xf81f, 0xf81f, 0xf81f, 0xf81f, 0xf81f, 0xf81f, 0xf81f, 0xf81f, 0xf81f,
0xf81f, 0xf81f, 0xf81f, 0xf81f, 0xf81f, 0xf81f, 0xf81f, 0xf81f, 0xf81f, 0xf81f,
0xf81f, 0xf81f, 0xf81f, 0xf81f, 0xf81f, 0xf81f, 0xf81f, 0xf81f, 0xf81f, 0xf81f,
0xf81f, 0xf81f, 0xf81f, 0xf81f, 0xf81f, 0xf81f, 0xf81f, 0x18e3, 0x18e3, 0x18e3,
0x1082, 0xf81f, 0xf81f, 0xf81f, 0xf81f, 0xf81f, 0xf81f, 0xf81f, 0xf81f, 0xf81f,
0xf81f, 0xf81f, 0xf81f, 0xf81f, 0xf81f, 0xf81f, 0xf81f, 0xf81f, 0xf81f, 0xf81f,
0xf81f, 0x18e3, 0x2945, 0x2945, 0x2945, 0x18e3, 0x1082, 0xf81f, 0xf81f, 0xf81f,
0xf81f, 0xf81f, 0xf81f, 0xf81f, 0xf81f, 0xf81f, 0xf81f, 0xf81f, 0xf81f, 0xf81f,
0xf81f, 0xf81f, 0xf81f, 0xf81f, 0xf81f, 0xf81f, 0xf81f, 0x18e3, 0x0861, 0xf81f,
0xf81f, 0xf81f, 0xf81f, 0xf81f, 0xf81f, 0xf81f, 0xf81f, 0xf81f, 0xf81f, 0xf81f,
0xf81f, 0xf81f, 0xf81f, 0xf81f, 0xf81f, 0xf81f, 0xf81f, 0xf81f, 0xf81f, 0xf81f,
0xf81f, 0xf81f, 0xf81f, 0x1082, 0x18e3, 0x1082, 0x0020, 0x0000, 0xf81f, 0xf81f,
0xf81f, 0xf81f, 0xf81f, 0xf81f, 0xf81f, 0xf81f, 0xf81f, 0xf81f, 0xf81f, 0xf81f,
0xf81f, 0xf81f, 0xf81f, 0xf81f, 0xf81f, 0x1082, 0x1082, 0x0000, 0xf81f, 0xf81f,
0xf81f, 0xf81f, 0xf81f, 0xf81f, 0xf81f, 0xf81f, 0xf81f, 0xf81f, 0xf81f, 0xf81f,
0xf81f, 0xf81f, 0xf81f, 0xf81f, 0xf81f, 0xf81f, 0xf81f, 0xf81f, 0xf81f, 0xf81f,
0xf81f, 0xf81f, 0xf81f, 0xf81f, 0xf81f, 0xf81f, 0xf81f, 0xf81f, 0xf81f, 0xf81f,
0xf81f, 0xf81f, 
0xf81f, 0xf81f, 0xf81f, 0xf81f, 0xf81f, 0xf81f, 0xf81f, 0xf81f, 0xf81f, 0xf81f,
0xf81f, 0xf81f, 0xf81f, 0xf81f, 0xf81f, 0xf81f, 0xf81f, 0xf81f, 0xf81f, 0xf81f,
0xf81f, 0xf81f, 0xf81f, 0xf81f, 0xf81f, 0xf81f, 0xf81f, 0xf81f, 0xf81f, 0xf81f,
0xf81f, 0xf81f, 0xf81f, 0xf81f, 0xf81f, 0xf81f, 0xf81f, 0xf81f, 0xf81f, 0xf81f,
0xf81f, 0xf81f, 0xf81f, 0xf81f, 0xf81f, 0xf81f, 0xf81f, 0xf81f, 0xf81f, 0xf81f,
0xf81f, 0xf81f, 0xf81f, 0xf81f, 0xf81f, 0xf81f, 0xf81f, 0xf81f, 0xf81f, 0xf81f,
0xf81f, 0xf81f, 0xf81f, 0xf81f, 0xf81f, 0xf81f, 0xf81f, 0xf81f, 0xf81f, 0xf81f,
0xf81f, 0xf81f, 0xf81f, 0xf81f, 0xf81f, 0xf81f, 0xf81f, 0xf81f, 0xf81f, 0xf81f,
0xf81f, 0xf81f, 0xf81f, 0xf81f, 0xf81f, 0xf81f, 0xf81f, 0xf81f, 0xf81f, 0xf81f,
0xf81f, 0xf81f, 0xf81f, 0xf81f, 0xf81f, 0xf81f, 0xf81f, 0xf81f, 0xf81f, 0xf81f,
0xf81f, 0xf81f, 0xf81f, 0xf81f, 0xf81f, 0xf81f, 0xf81f, 0xf81f, 0xf81f, 0xf81f,
0xf81f, 0xf81f, 0xf81f, 0xf81f, 0xf81f, 0xf81f, 0xf81f, 0xf81f, 0xf81f, 0xf81f,
0xf81f, 0xf81f, 0xf81f, 0xf81f, 0xf81f, 0xf81f, 0xf81f, 0xf81f, 0xf81f, 0xf81f,
0xf81f, 0xf81f, 0xf81f, 0xf81f, 0xf81f, 0x0020, 0x0000, 0xf81f, 0xf81f, 0xf81f,
0xf81f, 0xf81f, 0xf81f, 0xf81f, 0xf81f, 0xf81f, 0xf81f, 0xf81f, 0xf81f, 0xf81f,
0xf81f, 0xf81f, 0xf81f, 0xf81f, 0xf81f, 0xf81f, 0xf81f, 0xf81f, 0xf81f, 0xf81f,
0xf81f, 0xf81f, 0xf81f, 0xf81f, 0xf81f, 0xf81f, 0xf81f, 0xf81f, 0xf81f, 0xf81f,
0xf81f, 0xf81f, 0xf81f, 0xf81f, 0xf81f, 0xf81f, 0xf81f, 0xf81f, 0xf81f, 0xf81f,
0xf81f, 0xf81f, 0xf81f, 0xf81f, 0xf81f, 0xf81f, 0xf81f, 0xf81f, 0xf81f, 0xf81f,
0xf81f, 0xf81f, 

};

const struct bitmap bm_cdogs_enemy_upper = { 
    .width = BMPWIDTH_cdogs_enemy_upper, 
    .height = BMPHEIGHT_cdogs_enemy_upper, 
    .format = FORMAT_NATIVE, 
    .data = (unsigned char*)cdogs_enemy_upper,
};
