/* Generated by tools/generate_twemoji_atlas.py; do not edit. */
#ifndef ROCKBOX_SOCIAL_EMOJI_DATA_H
#define ROCKBOX_SOCIAL_EMOJI_DATA_H

struct social_emoji_entry_data {
    unsigned short offset;
    unsigned short cell;
    unsigned char length;
};

struct social_emoji_bucket_data {
    unsigned int codepoint;
    unsigned short start;
    unsigned short count;
};

static const unsigned int social_emoji_codepoints[] = {
    0x23, 0x20e3, 0x2a, 0x20e3, 0x30, 0x20e3, 0x31, 0x20e3, 0x32, 0x20e3,
    0x33, 0x20e3, 0x34, 0x20e3, 0x35, 0x20e3, 0x36, 0x20e3, 0x37, 0x20e3,
    0x38, 0x20e3, 0x39, 0x20e3, 0xa9, 0xae, 0x203c, 0x2049, 0x2122, 0x2139,
    0x2194, 0x2195, 0x2196, 0x2197, 0x2198, 0x2199, 0x21a9, 0x21aa, 0x231a, 0x231b,
    0x2328, 0x23cf, 0x23e9, 0x23ea, 0x23eb, 0x23ec, 0x23ed, 0x23ee, 0x23ef, 0x23f0,
    0x23f1, 0x23f2, 0x23f3, 0x23f8, 0x23f9, 0x23fa, 0x24c2, 0x25aa, 0x25ab, 0x25b6,
    0x25c0, 0x25fb, 0x25fc, 0x25fd, 0x25fe, 0x2600, 0x2601, 0x2602, 0x2603, 0x2604,
    0x260e, 0x2611, 0x2614, 0x2615, 0x2618, 0x261d, 0x1f3fb, 0x261d, 0x1f3fc, 0x261d,
    0x1f3fd, 0x261d, 0x1f3fe, 0x261d, 0x1f3ff, 0x261d, 0x2620, 0x2622, 0x2623, 0x2626,
    0x262a, 0x262e, 0x262f, 0x2638, 0x2639, 0x263a, 0x2640, 0x2642, 0x2648, 0x2649,
    0x264a, 0x264b, 0x264c, 0x264d, 0x264e, 0x264f, 0x2650, 0x2651, 0x2652, 0x2653,
    0x265f, 0x2660, 0x2663, 0x2665, 0x2666, 0x2668, 0x267b, 0x267e, 0x267f, 0x2692,
    0x2693, 0x2694, 0x2695, 0x2696, 0x2697, 0x2699, 0x269b, 0x269c, 0x26a0, 0x26a1,
    0x26a7, 0x26aa, 0x26ab, 0x26b0, 0x26b1, 0x26bd, 0x26be, 0x26c4, 0x26c5, 0x26c8,
    0x26ce, 0x26cf, 0x26d1, 0x26d3, 0x200d, 0x1f4a5, 0x26d3, 0x26d4, 0x26e9, 0x26ea,
    0x26f0, 0x26f1, 0x26f2, 0x26f3, 0x26f4, 0x26f5, 0x26f7, 0x1f3fb, 0x26f7, 0x1f3fc,
    0x26f7, 0x1f3fd, 0x26f7, 0x1f3fe, 0x26f7, 0x1f3ff, 0x26f7, 0x26f8, 0x26f9, 0x1f3fb,
    0x200d, 0x2640, 0x26f9, 0x1f3fb, 0x200d, 0x2642, 0x26f9, 0x1f3fc, 0x200d, 0x2640,
    0x26f9, 0x1f3fc, 0x200d, 0x2642, 0x26f9, 0x1f3fd, 0x200d, 0x2640, 0x26f9, 0x1f3fd,
    0x200d, 0x2642, 0x26f9, 0x1f3fe, 0x200d, 0x2640, 0x26f9, 0x1f3fe, 0x200d, 0x2642,
    0x26f9, 0x1f3ff, 0x200d, 0x2640, 0x26f9, 0x1f3ff, 0x200d, 0x2642, 0x26f9, 0x200d,
    0x2640, 0x26f9, 0x200d, 0x2642, 0x26f9, 0x1f3fb, 0x26f9, 0x1f3fc, 0x26f9, 0x1f3fd,
    0x26f9, 0x1f3fe, 0x26f9, 0x1f3ff, 0x26f9, 0x26fa, 0x26fd, 0x2702, 0x2705, 0x2708,
    0x2709, 0x270a, 0x1f3fb, 0x270a, 0x1f3fc, 0x270a, 0x1f3fd, 0x270a, 0x1f3fe, 0x270a,
    0x1f3ff, 0x270a, 0x270b, 0x1f3fb, 0x270b, 0x1f3fc, 0x270b, 0x1f3fd, 0x270b, 0x1f3fe,
    0x270b, 0x1f3ff, 0x270b, 0x270c, 0x1f3fb, 0x270c, 0x1f3fc, 0x270c, 0x1f3fd, 0x270c,
    0x1f3fe, 0x270c, 0x1f3ff, 0x270c, 0x270d, 0x1f3fb, 0x270d, 0x1f3fc, 0x270d, 0x1f3fd,
    0x270d, 0x1f3fe, 0x270d, 0x1f3ff, 0x270d, 0x270f, 0x2712, 0x2714, 0x2716, 0x271d,
    0x2721, 0x2728, 0x2733, 0x2734, 0x2744, 0x2747, 0x274c, 0x274e, 0x2753, 0x2754,
    0x2755, 0x2757, 0x2763, 0x2764, 0x200d, 0x1f525, 0x2764, 0x200d, 0x1fa79, 0x2764,
    0x2795, 0x2796, 0x2797, 0x27a1, 0x27b0, 0x27bf, 0x2934, 0x2935, 0x2b05, 0x2b06,
    0x2b07, 0x2b1b, 0x2b1c, 0x2b50, 0x2b55, 0x3030, 0x303d, 0x3297, 0x3299, 0xe50a,
    0x1f004, 0x1f0cf, 0x1f170, 0x1f171, 0x1f17e, 0x1f17f, 0x1f18e, 0x1f191, 0x1f192, 0x1f193,
    0x1f194, 0x1f195, 0x1f196, 0x1f197, 0x1f198, 0x1f199, 0x1f19a, 0x1f1e6, 0x1f1e8, 0x1f1e6,
    0x1f1e9, 0x1f1e6, 0x1f1ea, 0x1f1e6, 0x1f1eb, 0x1f1e6, 0x1f1ec, 0x1f1e6, 0x1f1ee, 0x1f1e6,
    0x1f1f1, 0x1f1e6, 0x1f1f2, 0x1f1e6, 0x1f1f4, 0x1f1e6, 0x1f1f6, 0x1f1e6, 0x1f1f7, 0x1f1e6,
    0x1f1f8, 0x1f1e6, 0x1f1f9, 0x1f1e6, 0x1f1fa, 0x1f1e6, 0x1f1fc, 0x1f1e6, 0x1f1fd, 0x1f1e6,
    0x1f1ff, 0x1f1e6, 0x1f1e7, 0x1f1e6, 0x1f1e7, 0x1f1e7, 0x1f1e7, 0x1f1e9, 0x1f1e7, 0x1f1ea,
    0x1f1e7, 0x1f1eb, 0x1f1e7, 0x1f1ec, 0x1f1e7, 0x1f1ed, 0x1f1e7, 0x1f1ee, 0x1f1e7, 0x1f1ef,
    0x1f1e7, 0x1f1f1, 0x1f1e7, 0x1f1f2, 0x1f1e7, 0x1f1f3, 0x1f1e7, 0x1f1f4, 0x1f1e7, 0x1f1f6,
    0x1f1e7, 0x1f1f7, 0x1f1e7, 0x1f1f8, 0x1f1e7, 0x1f1f9, 0x1f1e7, 0x1f1fb, 0x1f1e7, 0x1f1fc,
    0x1f1e7, 0x1f1fe, 0x1f1e7, 0x1f1ff, 0x1f1e7, 0x1f1e8, 0x1f1e6, 0x1f1e8, 0x1f1e8, 0x1f1e8,
    0x1f1e9, 0x1f1e8, 0x1f1eb, 0x1f1e8, 0x1f1ec, 0x1f1e8, 0x1f1ed, 0x1f1e8, 0x1f1ee, 0x1f1e8,
    0x1f1f0, 0x1f1e8, 0x1f1f1, 0x1f1e8, 0x1f1f2, 0x1f1e8, 0x1f1f3, 0x1f1e8, 0x1f1f4, 0x1f1e8,
    0x1f1f5, 0x1f1e8, 0x1f1f6, 0x1f1e8, 0x1f1f7, 0x1f1e8, 0x1f1fa, 0x1f1e8, 0x1f1fb, 0x1f1e8,
    0x1f1fc, 0x1f1e8, 0x1f1fd, 0x1f1e8, 0x1f1fe, 0x1f1e8, 0x1f1ff, 0x1f1e8, 0x1f1e9, 0x1f1ea,
    0x1f1e9, 0x1f1ec, 0x1f1e9, 0x1f1ef, 0x1f1e9, 0x1f1f0, 0x1f1e9, 0x1f1f2, 0x1f1e9, 0x1f1f4,
    0x1f1e9, 0x1f1ff, 0x1f1e9, 0x1f1ea, 0x1f1e6, 0x1f1ea, 0x1f1e8, 0x1f1ea, 0x1f1ea, 0x1f1ea,
    0x1f1ec, 0x1f1ea, 0x1f1ed, 0x1f1ea, 0x1f1f7, 0x1f1ea, 0x1f1f8, 0x1f1ea, 0x1f1f9, 0x1f1ea,
    0x1f1fa, 0x1f1ea, 0x1f1eb, 0x1f1ee, 0x1f1eb, 0x1f1ef, 0x1f1eb, 0x1f1f0, 0x1f1eb, 0x1f1f2,
    0x1f1eb, 0x1f1f4, 0x1f1eb, 0x1f1f7, 0x1f1eb, 0x1f1ec, 0x1f1e6, 0x1f1ec, 0x1f1e7, 0x1f1ec,
    0x1f1e9, 0x1f1ec, 0x1f1ea, 0x1f1ec, 0x1f1eb, 0x1f1ec, 0x1f1ec, 0x1f1ec, 0x1f1ed, 0x1f1ec,
    0x1f1ee, 0x1f1ec, 0x1f1f1, 0x1f1ec, 0x1f1f2, 0x1f1ec, 0x1f1f3, 0x1f1ec, 0x1f1f5, 0x1f1ec,
    0x1f1f6, 0x1f1ec, 0x1f1f7, 0x1f1ec, 0x1f1f8, 0x1f1ec, 0x1f1f9, 0x1f1ec, 0x1f1fa, 0x1f1ec,
    0x1f1fc, 0x1f1ec, 0x1f1fe, 0x1f1ec, 0x1f1ed, 0x1f1f0, 0x1f1ed, 0x1f1f2, 0x1f1ed, 0x1f1f3,
    0x1f1ed, 0x1f1f7, 0x1f1ed, 0x1f1f9, 0x1f1ed, 0x1f1fa, 0x1f1ed, 0x1f1ee, 0x1f1e8, 0x1f1ee,
    0x1f1e9, 0x1f1ee, 0x1f1ea, 0x1f1ee, 0x1f1f1, 0x1f1ee, 0x1f1f2, 0x1f1ee, 0x1f1f3, 0x1f1ee,
    0x1f1f4, 0x1f1ee, 0x1f1f6, 0x1f1ee, 0x1f1f7, 0x1f1ee, 0x1f1f8, 0x1f1ee, 0x1f1f9, 0x1f1ee,
    0x1f1ef, 0x1f1ea, 0x1f1ef, 0x1f1f2, 0x1f1ef, 0x1f1f4, 0x1f1ef, 0x1f1f5, 0x1f1ef, 0x1f1f0,
    0x1f1ea, 0x1f1f0, 0x1f1ec, 0x1f1f0, 0x1f1ed, 0x1f1f0, 0x1f1ee, 0x1f1f0, 0x1f1f2, 0x1f1f0,
    0x1f1f3, 0x1f1f0, 0x1f1f5, 0x1f1f0, 0x1f1f7, 0x1f1f0, 0x1f1fc, 0x1f1f0, 0x1f1fe, 0x1f1f0,
    0x1f1ff, 0x1f1f0, 0x1f1f1, 0x1f1e6, 0x1f1f1, 0x1f1e7, 0x1f1f1, 0x1f1e8, 0x1f1f1, 0x1f1ee,
    0x1f1f1, 0x1f1f0, 0x1f1f1, 0x1f1f7, 0x1f1f1, 0x1f1f8, 0x1f1f1, 0x1f1f9, 0x1f1f1, 0x1f1fa,
    0x1f1f1, 0x1f1fb, 0x1f1f1, 0x1f1fe, 0x1f1f1, 0x1f1f2, 0x1f1e6, 0x1f1f2, 0x1f1e8, 0x1f1f2,
    0x1f1e9, 0x1f1f2, 0x1f1ea, 0x1f1f2, 0x1f1eb, 0x1f1f2, 0x1f1ec, 0x1f1f2, 0x1f1ed, 0x1f1f2,
    0x1f1f0, 0x1f1f2, 0x1f1f1, 0x1f1f2, 0x1f1f2, 0x1f1f2, 0x1f1f3, 0x1f1f2, 0x1f1f4, 0x1f1f2,
    0x1f1f5, 0x1f1f2, 0x1f1f6, 0x1f1f2, 0x1f1f7, 0x1f1f2, 0x1f1f8, 0x1f1f2, 0x1f1f9, 0x1f1f2,
    0x1f1fa, 0x1f1f2, 0x1f1fb, 0x1f1f2, 0x1f1fc, 0x1f1f2, 0x1f1fd, 0x1f1f2, 0x1f1fe, 0x1f1f2,
    0x1f1ff, 0x1f1f2, 0x1f1f3, 0x1f1e6, 0x1f1f3, 0x1f1e8, 0x1f1f3, 0x1f1ea, 0x1f1f3, 0x1f1eb,
    0x1f1f3, 0x1f1ec, 0x1f1f3, 0x1f1ee, 0x1f1f3, 0x1f1f1, 0x1f1f3, 0x1f1f4, 0x1f1f3, 0x1f1f5,
    0x1f1f3, 0x1f1f7, 0x1f1f3, 0x1f1fa, 0x1f1f3, 0x1f1ff, 0x1f1f3, 0x1f1f4, 0x1f1f2, 0x1f1f4,
    0x1f1f5, 0x1f1e6, 0x1f1f5, 0x1f1ea, 0x1f1f5, 0x1f1eb, 0x1f1f5, 0x1f1ec, 0x1f1f5, 0x1f1ed,
    0x1f1f5, 0x1f1f0, 0x1f1f5, 0x1f1f1, 0x1f1f5, 0x1f1f2, 0x1f1f5, 0x1f1f3, 0x1f1f5, 0x1f1f7,
    0x1f1f5, 0x1f1f8, 0x1f1f5, 0x1f1f9, 0x1f1f5, 0x1f1fc, 0x1f1f5, 0x1f1fe, 0x1f1f5, 0x1f1f6,
    0x1f1e6, 0x1f1f6, 0x1f1f7, 0x1f1ea, 0x1f1f7, 0x1f1f4, 0x1f1f7, 0x1f1f8, 0x1f1f7, 0x1f1fa,
    0x1f1f7, 0x1f1fc, 0x1f1f7, 0x1f1f8, 0x1f1e6, 0x1f1f8, 0x1f1e7, 0x1f1f8, 0x1f1e8, 0x1f1f8,
    0x1f1e9, 0x1f1f8, 0x1f1ea, 0x1f1f8, 0x1f1ec, 0x1f1f8, 0x1f1ed, 0x1f1f8, 0x1f1ee, 0x1f1f8,
    0x1f1ef, 0x1f1f8, 0x1f1f0, 0x1f1f8, 0x1f1f1, 0x1f1f8, 0x1f1f2, 0x1f1f8, 0x1f1f3, 0x1f1f8,
    0x1f1f4, 0x1f1f8, 0x1f1f7, 0x1f1f8, 0x1f1f8, 0x1f1f8, 0x1f1f9, 0x1f1f8, 0x1f1fb, 0x1f1f8,
    0x1f1fd, 0x1f1f8, 0x1f1fe, 0x1f1f8, 0x1f1ff, 0x1f1f8, 0x1f1f9, 0x1f1e6, 0x1f1f9, 0x1f1e8,
    0x1f1f9, 0x1f1e9, 0x1f1f9, 0x1f1eb, 0x1f1f9, 0x1f1ec, 0x1f1f9, 0x1f1ed, 0x1f1f9, 0x1f1ef,
    0x1f1f9, 0x1f1f0, 0x1f1f9, 0x1f1f1, 0x1f1f9, 0x1f1f2, 0x1f1f9, 0x1f1f3, 0x1f1f9, 0x1f1f4,
    0x1f1f9, 0x1f1f7, 0x1f1f9, 0x1f1f9, 0x1f1f9, 0x1f1fb, 0x1f1f9, 0x1f1fc, 0x1f1f9, 0x1f1ff,
    0x1f1f9, 0x1f1fa, 0x1f1e6, 0x1f1fa, 0x1f1ec, 0x1f1fa, 0x1f1f2, 0x1f1fa, 0x1f1f3, 0x1f1fa,
    0x1f1f8, 0x1f1fa, 0x1f1fe, 0x1f1fa, 0x1f1ff, 0x1f1fa, 0x1f1fb, 0x1f1e6, 0x1f1fb, 0x1f1e8,
    0x1f1fb, 0x1f1ea, 0x1f1fb, 0x1f1ec, 0x1f1fb, 0x1f1ee, 0x1f1fb, 0x1f1f3, 0x1f1fb, 0x1f1fa,
    0x1f1fb, 0x1f1fc, 0x1f1eb, 0x1f1fc, 0x1f1f8, 0x1f1fc, 0x1f1fd, 0x1f1f0, 0x1f1fd, 0x1f1fe,
    0x1f1ea, 0x1f1fe, 0x1f1f9, 0x1f1fe, 0x1f1ff, 0x1f1e6, 0x1f1ff, 0x1f1f2, 0x1f1ff, 0x1f1fc,
    0x1f1ff, 0x1f201, 0x1f202, 0x1f21a, 0x1f22f, 0x1f232, 0x1f233, 0x1f234, 0x1f235, 0x1f236,
    0x1f237, 0x1f238, 0x1f239, 0x1f23a, 0x1f250, 0x1f251, 0x1f300, 0x1f301, 0x1f302, 0x1f303,
    0x1f304, 0x1f305, 0x1f306, 0x1f307, 0x1f308, 0x1f309, 0x1f30a, 0x1f30b, 0x1f30c, 0x1f30d,
    0x1f30e, 0x1f30f, 0x1f310, 0x1f311, 0x1f312, 0x1f313, 0x1f314, 0x1f315, 0x1f316, 0x1f317,
    0x1f318, 0x1f319, 0x1f31a, 0x1f31b, 0x1f31c, 0x1f31d, 0x1f31e, 0x1f31f, 0x1f320, 0x1f321,
    0x1f324, 0x1f325, 0x1f326, 0x1f327, 0x1f328, 0x1f329, 0x1f32a, 0x1f32b, 0x1f32c, 0x1f32d,
    0x1f32e, 0x1f32f, 0x1f330, 0x1f331, 0x1f332, 0x1f333, 0x1f334, 0x1f335, 0x1f336, 0x1f337,
    0x1f338, 0x1f339, 0x1f33a, 0x1f33b, 0x1f33c, 0x1f33d, 0x1f33e, 0x1f33f, 0x1f340, 0x1f341,
    0x1f342, 0x1f343, 0x1f344, 0x200d, 0x1f7eb, 0x1f344, 0x1f345, 0x1f346, 0x1f347, 0x1f348,
    0x1f349, 0x1f34a, 0x1f34b, 0x200d, 0x1f7e9, 0x1f34b, 0x1f34c, 0x1f34d, 0x1f34e, 0x1f34f,
    0x1f350, 0x1f351, 0x1f352, 0x1f353, 0x1f354, 0x1f355, 0x1f356, 0x1f357, 0x1f358, 0x1f359,
    0x1f35a, 0x1f35b, 0x1f35c, 0x1f35d, 0x1f35e, 0x1f35f, 0x1f360, 0x1f361, 0x1f362, 0x1f363,
    0x1f364, 0x1f365, 0x1f366, 0x1f367, 0x1f368, 0x1f369, 0x1f36a, 0x1f36b, 0x1f36c, 0x1f36d,
    0x1f36e, 0x1f36f, 0x1f370, 0x1f371, 0x1f372, 0x1f373, 0x1f374, 0x1f375, 0x1f376, 0x1f377,
    0x1f378, 0x1f379, 0x1f37a, 0x1f37b, 0x1f37c, 0x1f37d, 0x1f37e, 0x1f37f, 0x1f380, 0x1f381,
    0x1f382, 0x1f383, 0x1f384, 0x1f385, 0x1f3fb, 0x1f385, 0x1f3fc, 0x1f385, 0x1f3fd, 0x1f385,
    0x1f3fe, 0x1f385, 0x1f3ff, 0x1f385, 0x1f386, 0x1f387, 0x1f388, 0x1f389, 0x1f38a, 0x1f38b,
    0x1f38c, 0x1f38d, 0x1f38e, 0x1f38f, 0x1f390, 0x1f391, 0x1f392, 0x1f393, 0x1f396, 0x1f397,
    0x1f399, 0x1f39a, 0x1f39b, 0x1f39e, 0x1f39f, 0x1f3a0, 0x1f3a1, 0x1f3a2, 0x1f3a3, 0x1f3a4,
    0x1f3a5, 0x1f3a6, 0x1f3a7, 0x1f3a8, 0x1f3a9, 0x1f3aa, 0x1f3ab, 0x1f3ac, 0x1f3ad, 0x1f3ae,
    0x1f3af, 0x1f3b0, 0x1f3b1, 0x1f3b2, 0x1f3b3, 0x1f3b4, 0x1f3b5, 0x1f3b6, 0x1f3b7, 0x1f3b8,
    0x1f3b9, 0x1f3ba, 0x1f3bb, 0x1f3bc, 0x1f3bd, 0x1f3be, 0x1f3bf, 0x1f3c0, 0x1f3c1, 0x1f3c2,
    0x1f3fb, 0x1f3c2, 0x1f3fc, 0x1f3c2, 0x1f3fd, 0x1f3c2, 0x1f3fe, 0x1f3c2, 0x1f3ff, 0x1f3c2,
    0x1f3c3, 0x1f3fb, 0x200d, 0x2640, 0x200d, 0x27a1, 0x1f3c3, 0x1f3fb, 0x200d, 0x2642,
    0x200d, 0x27a1, 0x1f3c3, 0x1f3fc, 0x200d, 0x2640, 0x200d, 0x27a1, 0x1f3c3, 0x1f3fc,
    0x200d, 0x2642, 0x200d, 0x27a1, 0x1f3c3, 0x1f3fd, 0x200d, 0x2640, 0x200d, 0x27a1,
    0x1f3c3, 0x1f3fd, 0x200d, 0x2642, 0x200d, 0x27a1, 0x1f3c3, 0x1f3fe, 0x200d, 0x2640,
    0x200d, 0x27a1, 0x1f3c3, 0x1f3fe, 0x200d, 0x2642, 0x200d, 0x27a1, 0x1f3c3, 0x1f3ff,
    0x200d, 0x2640, 0x200d, 0x27a1, 0x1f3c3, 0x1f3ff, 0x200d, 0x2642, 0x200d, 0x27a1,
    0x1f3c3, 0x200d, 0x2640, 0x200d, 0x27a1, 0x1f3c3, 0x200d, 0x2642, 0x200d, 0x27a1,
    0x1f3c3, 0x1f3fb, 0x200d, 0x2640, 0x1f3c3, 0x1f3fb, 0x200d, 0x2642, 0x1f3c3, 0x1f3fb,
    0x200d, 0x27a1, 0x1f3c3, 0x1f3fc, 0x200d, 0x2640, 0x1f3c3, 0x1f3fc, 0x200d, 0x2642,
    0x1f3c3, 0x1f3fc, 0x200d, 0x27a1, 0x1f3c3, 0x1f3fd, 0x200d, 0x2640, 0x1f3c3, 0x1f3fd,
    0x200d, 0x2642, 0x1f3c3, 0x1f3fd, 0x200d, 0x27a1, 0x1f3c3, 0x1f3fe, 0x200d, 0x2640,
    0x1f3c3, 0x1f3fe, 0x200d, 0x2642, 0x1f3c3, 0x1f3fe, 0x200d, 0x27a1, 0x1f3c3, 0x1f3ff,
    0x200d, 0x2640, 0x1f3c3, 0x1f3ff, 0x200d, 0x2642, 0x1f3c3, 0x1f3ff, 0x200d, 0x27a1,
    0x1f3c3, 0x200d, 0x2640, 0x1f3c3, 0x200d, 0x2642, 0x1f3c3, 0x200d, 0x27a1, 0x1f3c3,
    0x1f3fb, 0x1f3c3, 0x1f3fc, 0x1f3c3, 0x1f3fd, 0x1f3c3, 0x1f3fe, 0x1f3c3, 0x1f3ff, 0x1f3c3,
    0x1f3c4, 0x1f3fb, 0x200d, 0x2640, 0x1f3c4, 0x1f3fb, 0x200d, 0x2642, 0x1f3c4, 0x1f3fc,
    0x200d, 0x2640, 0x1f3c4, 0x1f3fc, 0x200d, 0x2642, 0x1f3c4, 0x1f3fd, 0x200d, 0x2640,
    0x1f3c4, 0x1f3fd, 0x200d, 0x2642, 0x1f3c4, 0x1f3fe, 0x200d, 0x2640, 0x1f3c4, 0x1f3fe,
    0x200d, 0x2642, 0x1f3c4, 0x1f3ff, 0x200d, 0x2640, 0x1f3c4, 0x1f3ff, 0x200d, 0x2642,
    0x1f3c4, 0x200d, 0x2640, 0x1f3c4, 0x200d, 0x2642, 0x1f3c4, 0x1f3fb, 0x1f3c4, 0x1f3fc,
    0x1f3c4, 0x1f3fd, 0x1f3c4, 0x1f3fe, 0x1f3c4, 0x1f3ff, 0x1f3c4, 0x1f3c5, 0x1f3c6, 0x1f3c7,
    0x1f3fb, 0x1f3c7, 0x1f3fc, 0x1f3c7, 0x1f3fd, 0x1f3c7, 0x1f3fe, 0x1f3c7, 0x1f3ff, 0x1f3c7,
    0x1f3c8, 0x1f3c9, 0x1f3ca, 0x1f3fb, 0x200d, 0x2640, 0x1f3ca, 0x1f3fb, 0x200d, 0x2642,
    0x1f3ca, 0x1f3fc, 0x200d, 0x2640, 0x1f3ca, 0x1f3fc, 0x200d, 0x2642, 0x1f3ca, 0x1f3fd,
    0x200d, 0x2640, 0x1f3ca, 0x1f3fd, 0x200d, 0x2642, 0x1f3ca, 0x1f3fe, 0x200d, 0x2640,
    0x1f3ca, 0x1f3fe, 0x200d, 0x2642, 0x1f3ca, 0x1f3ff, 0x200d, 0x2640, 0x1f3ca, 0x1f3ff,
    0x200d, 0x2642, 0x1f3ca, 0x200d, 0x2640, 0x1f3ca, 0x200d, 0x2642, 0x1f3ca, 0x1f3fb,
    0x1f3ca, 0x1f3fc, 0x1f3ca, 0x1f3fd, 0x1f3ca, 0x1f3fe, 0x1f3ca, 0x1f3ff, 0x1f3ca, 0x1f3cb,
    0x1f3fb, 0x200d, 0x2640, 0x1f3cb, 0x1f3fb, 0x200d, 0x2642, 0x1f3cb, 0x1f3fc, 0x200d,
    0x2640, 0x1f3cb, 0x1f3fc, 0x200d, 0x2642, 0x1f3cb, 0x1f3fd, 0x200d, 0x2640, 0x1f3cb,
    0x1f3fd, 0x200d, 0x2642, 0x1f3cb, 0x1f3fe, 0x200d, 0x2640, 0x1f3cb, 0x1f3fe, 0x200d,
    0x2642, 0x1f3cb, 0x1f3ff, 0x200d, 0x2640, 0x1f3cb, 0x1f3ff, 0x200d, 0x2642, 0x1f3cb,
    0x200d, 0x2640, 0x1f3cb, 0x200d, 0x2642, 0x1f3cb, 0x1f3fb, 0x1f3cb, 0x1f3fc, 0x1f3cb,
    0x1f3fd, 0x1f3cb, 0x1f3fe, 0x1f3cb, 0x1f3ff, 0x1f3cb, 0x1f3cc, 0x1f3fb, 0x200d, 0x2640,
    0x1f3cc, 0x1f3fb, 0x200d, 0x2642, 0x1f3cc, 0x1f3fc, 0x200d, 0x2640, 0x1f3cc, 0x1f3fc,
    0x200d, 0x2642, 0x1f3cc, 0x1f3fd, 0x200d, 0x2640, 0x1f3cc, 0x1f3fd, 0x200d, 0x2642,
    0x1f3cc, 0x1f3fe, 0x200d, 0x2640, 0x1f3cc, 0x1f3fe, 0x200d, 0x2642, 0x1f3cc, 0x1f3ff,
    0x200d, 0x2640, 0x1f3cc, 0x1f3ff, 0x200d, 0x2642, 0x1f3cc, 0x200d, 0x2640, 0x1f3cc,
    0x200d, 0x2642, 0x1f3cc, 0x1f3fb, 0x1f3cc, 0x1f3fc, 0x1f3cc, 0x1f3fd, 0x1f3cc, 0x1f3fe,
    0x1f3cc, 0x1f3ff, 0x1f3cc, 0x1f3cd, 0x1f3ce, 0x1f3cf, 0x1f3d0, 0x1f3d1, 0x1f3d2, 0x1f3d3,
    0x1f3d4, 0x1f3d5, 0x1f3d6, 0x1f3d7, 0x1f3d8, 0x1f3d9, 0x1f3da, 0x1f3db, 0x1f3dc, 0x1f3dd,
    0x1f3de, 0x1f3df, 0x1f3e0, 0x1f3e1, 0x1f3e2, 0x1f3e3, 0x1f3e4, 0x1f3e5, 0x1f3e6, 0x1f3e7,
    0x1f3e8, 0x1f3e9, 0x1f3ea, 0x1f3eb, 0x1f3ec, 0x1f3ed, 0x1f3ee, 0x1f3ef, 0x1f3f0, 0x1f3f3,
    0x200d, 0x26a7, 0x1f3f3, 0x200d, 0x1f308, 0x1f3f3, 0x1f3f4, 0xe0067, 0xe0062, 0xe0065,
    0xe006e, 0xe0067, 0xe007f, 0x1f3f4, 0xe0067, 0xe0062, 0xe0073, 0xe0063, 0xe0074, 0xe007f,
    0x1f3f4, 0xe0067, 0xe0062, 0xe0077, 0xe006c, 0xe0073, 0xe007f, 0x1f3f4, 0x200d, 0x2620,
    0x1f3f4, 0x1f3f5, 0x1f3f7, 0x1f3f8, 0x1f3f9, 0x1f3fa, 0x1f3fb, 0x1f3fc, 0x1f3fd, 0x1f3fe,
    0x1f3ff, 0x1f400, 0x1f401, 0x1f402, 0x1f403, 0x1f404, 0x1f405, 0x1f406, 0x1f407, 0x1f408,
    0x200d, 0x2b1b, 0x1f408, 0x1f409, 0x1f40a, 0x1f40b, 0x1f40c, 0x1f40d, 0x1f40e, 0x1f40f,
    0x1f410, 0x1f411, 0x1f412, 0x1f413, 0x1f414, 0x1f415, 0x200d, 0x1f9ba, 0x1f415, 0x1f416,
    0x1f417, 0x1f418, 0x1f419, 0x1f41a, 0x1f41b, 0x1f41c, 0x1f41d, 0x1f41e, 0x1f41f, 0x1f420,
    0x1f421, 0x1f422, 0x1f423, 0x1f424, 0x1f425, 0x1f426, 0x200d, 0x2b1b, 0x1f426, 0x200d,
    0x1f525, 0x1f426, 0x1f427, 0x1f428, 0x1f429, 0x1f42a, 0x1f42b, 0x1f42c, 0x1f42d, 0x1f42e,
    0x1f42f, 0x1f430, 0x1f431, 0x1f432, 0x1f433, 0x1f434, 0x1f435, 0x1f436, 0x1f437, 0x1f438,
    0x1f439, 0x1f43a, 0x1f43b, 0x200d, 0x2744, 0x1f43b, 0x1f43c, 0x1f43d, 0x1f43e, 0x1f43f,
    0x1f440, 0x1f441, 0x200d, 0x1f5e8, 0x1f441, 0x1f442, 0x1f3fb, 0x1f442, 0x1f3fc, 0x1f442,
    0x1f3fd, 0x1f442, 0x1f3fe, 0x1f442, 0x1f3ff, 0x1f442, 0x1f443, 0x1f3fb, 0x1f443, 0x1f3fc,
    0x1f443, 0x1f3fd, 0x1f443, 0x1f3fe, 0x1f443, 0x1f3ff, 0x1f443, 0x1f444, 0x1f445, 0x1f446,
    0x1f3fb, 0x1f446, 0x1f3fc, 0x1f446, 0x1f3fd, 0x1f446, 0x1f3fe, 0x1f446, 0x1f3ff, 0x1f446,
    0x1f447, 0x1f3fb, 0x1f447, 0x1f3fc, 0x1f447, 0x1f3fd, 0x1f447, 0x1f3fe, 0x1f447, 0x1f3ff,
    0x1f447, 0x1f448, 0x1f3fb, 0x1f448, 0x1f3fc, 0x1f448, 0x1f3fd, 0x1f448, 0x1f3fe, 0x1f448,
    0x1f3ff, 0x1f448, 0x1f449, 0x1f3fb, 0x1f449, 0x1f3fc, 0x1f449, 0x1f3fd, 0x1f449, 0x1f3fe,
    0x1f449, 0x1f3ff, 0x1f449, 0x1f44a, 0x1f3fb, 0x1f44a, 0x1f3fc, 0x1f44a, 0x1f3fd, 0x1f44a,
    0x1f3fe, 0x1f44a, 0x1f3ff, 0x1f44a, 0x1f44b, 0x1f3fb, 0x1f44b, 0x1f3fc, 0x1f44b, 0x1f3fd,
    0x1f44b, 0x1f3fe, 0x1f44b, 0x1f3ff, 0x1f44b, 0x1f44c, 0x1f3fb, 0x1f44c, 0x1f3fc, 0x1f44c,
    0x1f3fd, 0x1f44c, 0x1f3fe, 0x1f44c, 0x1f3ff, 0x1f44c, 0x1f44d, 0x1f3fb, 0x1f44d, 0x1f3fc,
    0x1f44d, 0x1f3fd, 0x1f44d, 0x1f3fe, 0x1f44d, 0x1f3ff, 0x1f44d, 0x1f44e, 0x1f3fb, 0x1f44e,
    0x1f3fc, 0x1f44e, 0x1f3fd, 0x1f44e, 0x1f3fe, 0x1f44e, 0x1f3ff, 0x1f44e, 0x1f44f, 0x1f3fb,
    0x1f44f, 0x1f3fc, 0x1f44f, 0x1f3fd, 0x1f44f, 0x1f3fe, 0x1f44f, 0x1f3ff, 0x1f44f, 0x1f450,
    0x1f3fb, 0x1f450, 0x1f3fc, 0x1f450, 0x1f3fd, 0x1f450, 0x1f3fe, 0x1f450, 0x1f3ff, 0x1f450,
    0x1f451, 0x1f452, 0x1f453, 0x1f454, 0x1f455, 0x1f456, 0x1f457, 0x1f458, 0x1f459, 0x1f45a,
    0x1f45b, 0x1f45c, 0x1f45d, 0x1f45e, 0x1f45f, 0x1f460, 0x1f461, 0x1f462, 0x1f463, 0x1f464,
    0x1f465, 0x1f466, 0x1f3fb, 0x1f466, 0x1f3fc, 0x1f466, 0x1f3fd, 0x1f466, 0x1f3fe, 0x1f466,
    0x1f3ff, 0x1f466, 0x1f467, 0x1f3fb, 0x1f467, 0x1f3fc, 0x1f467, 0x1f3fd, 0x1f467, 0x1f3fe,
    0x1f467, 0x1f3ff, 0x1f467, 0x1f468, 0x1f3fb, 0x200d, 0x2764, 0x200d, 0x1f48b, 0x200d,
    0x1f468, 0x1f3fb, 0x1f468, 0x1f3fb, 0x200d, 0x2764, 0x200d, 0x1f48b, 0x200d, 0x1f468,
    0x1f3fc, 0x1f468, 0x1f3fb, 0x200d, 0x2764, 0x200d, 0x1f48b, 0x200d, 0x1f468, 0x1f3fd,
    0x1f468, 0x1f3fb, 0x200d, 0x2764, 0x200d, 0x1f48b, 0x200d, 0x1f468, 0x1f3fe, 0x1f468,
    0x1f3fb, 0x200d, 0x2764, 0x200d, 0x1f48b, 0x200d, 0x1f468, 0x1f3ff, 0x1f468, 0x1f3fc,
    0x200d, 0x2764, 0x200d, 0x1f48b, 0x200d, 0x1f468, 0x1f3fb, 0x1f468, 0x1f3fc, 0x200d,
    0x2764, 0x200d, 0x1f48b, 0x200d, 0x1f468, 0x1f3fc, 0x1f468, 0x1f3fc, 0x200d, 0x2764,
    0x200d, 0x1f48b, 0x200d, 0x1f468, 0x1f3fd, 0x1f468, 0x1f3fc, 0x200d, 0x2764, 0x200d,
    0x1f48b, 0x200d, 0x1f468, 0x1f3fe, 0x1f468, 0x1f3fc, 0x200d, 0x2764, 0x200d, 0x1f48b,
    0x200d, 0x1f468, 0x1f3ff, 0x1f468, 0x1f3fd, 0x200d, 0x2764, 0x200d, 0x1f48b, 0x200d,
    0x1f468, 0x1f3fb, 0x1f468, 0x1f3fd, 0x200d, 0x2764, 0x200d, 0x1f48b, 0x200d, 0x1f468,
    0x1f3fc, 0x1f468, 0x1f3fd, 0x200d, 0x2764, 0x200d, 0x1f48b, 0x200d, 0x1f468, 0x1f3fd,
    0x1f468, 0x1f3fd, 0x200d, 0x2764, 0x200d, 0x1f48b, 0x200d, 0x1f468, 0x1f3fe, 0x1f468,
    0x1f3fd, 0x200d, 0x2764, 0x200d, 0x1f48b, 0x200d, 0x1f468, 0x1f3ff, 0x1f468, 0x1f3fe,
    0x200d, 0x2764, 0x200d, 0x1f48b, 0x200d, 0x1f468, 0x1f3fb, 0x1f468, 0x1f3fe, 0x200d,
    0x2764, 0x200d, 0x1f48b, 0x200d, 0x1f468, 0x1f3fc, 0x1f468, 0x1f3fe, 0x200d, 0x2764,
    0x200d, 0x1f48b, 0x200d, 0x1f468, 0x1f3fd, 0x1f468, 0x1f3fe, 0x200d, 0x2764, 0x200d,
    0x1f48b, 0x200d, 0x1f468, 0x1f3fe, 0x1f468, 0x1f3fe, 0x200d, 0x2764, 0x200d, 0x1f48b,
    0x200d, 0x1f468, 0x1f3ff, 0x1f468, 0x1f3ff, 0x200d, 0x2764, 0x200d, 0x1f48b, 0x200d,
    0x1f468, 0x1f3fb, 0x1f468, 0x1f3ff, 0x200d, 0x2764, 0x200d, 0x1f48b, 0x200d, 0x1f468,
    0x1f3fc, 0x1f468, 0x1f3ff, 0x200d, 0x2764, 0x200d, 0x1f48b, 0x200d, 0x1f468, 0x1f3fd,
    0x1f468, 0x1f3ff, 0x200d, 0x2764, 0x200d, 0x1f48b, 0x200d, 0x1f468, 0x1f3fe, 0x1f468,
    0x1f3ff, 0x200d, 0x2764, 0x200d, 0x1f48b, 0x200d, 0x1f468, 0x1f3ff, 0x1f468, 0x200d,
    0x2764, 0x200d, 0x1f48b, 0x200d, 0x1f468, 0x1f468, 0x200d, 0x1f468, 0x200d, 0x1f466,
    0x200d, 0x1f466, 0x1f468, 0x200d, 0x1f468, 0x200d, 0x1f467, 0x200d, 0x1f466, 0x1f468,
    0x200d, 0x1f468, 0x200d, 0x1f467, 0x200d, 0x1f467, 0x1f468, 0x200d, 0x1f469, 0x200d,
    0x1f466, 0x200d, 0x1f466, 0x1f468, 0x200d, 0x1f469, 0x200d, 0x1f467, 0x200d, 0x1f466,
    0x1f468, 0x200d, 0x1f469, 0x200d, 0x1f467, 0x200d, 0x1f467, 0x1f468, 0x1f3fb, 0x200d,
    0x2764, 0x200d, 0x1f468, 0x1f3fb, 0x1f468, 0x1f3fb, 0x200d, 0x2764, 0x200d, 0x1f468,
    0x1f3fc, 0x1f468, 0x1f3fb, 0x200d, 0x2764, 0x200d, 0x1f468, 0x1f3fd, 0x1f468, 0x1f3fb,
    0x200d, 0x2764, 0x200d, 0x1f468, 0x1f3fe, 0x1f468, 0x1f3fb, 0x200d, 0x2764, 0x200d,
    0x1f468, 0x1f3ff, 0x1f468, 0x1f3fb, 0x200d, 0x1f430, 0x200d, 0x1f468, 0x1f3fc, 0x1f468,
    0x1f3fb, 0x200d, 0x1f430, 0x200d, 0x1f468, 0x1f3fd, 0x1f468, 0x1f3fb, 0x200d, 0x1f430,
    0x200d, 0x1f468, 0x1f3fe, 0x1f468, 0x1f3fb, 0x200d, 0x1f430, 0x200d, 0x1f468, 0x1f3ff,
    0x1f468, 0x1f3fb, 0x200d, 0x1f91d, 0x200d, 0x1f468, 0x1f3fc, 0x1f468, 0x1f3fb, 0x200d,
    0x1f91d, 0x200d, 0x1f468, 0x1f3fd, 0x1f468, 0x1f3fb, 0x200d, 0x1f91d, 0x200d, 0x1f468,
    0x1f3fe, 0x1f468, 0x1f3fb, 0x200d, 0x1f91d, 0x200d, 0x1f468, 0x1f3ff, 0x1f468, 0x1f3fb,
    0x200d, 0x1faef, 0x200d, 0x1f468, 0x1f3fc, 0x1f468, 0x1f3fb, 0x200d, 0x1faef, 0x200d,
    0x1f468, 0x1f3fd, 0x1f468, 0x1f3fb, 0x200d, 0x1faef, 0x200d, 0x1f468, 0x1f3fe, 0x1f468,
    0x1f3fb, 0x200d, 0x1faef, 0x200d, 0x1f468, 0x1f3ff, 0x1f468, 0x1f3fc, 0x200d, 0x2764,
    0x200d, 0x1f468, 0x1f3fb, 0x1f468, 0x1f3fc, 0x200d, 0x2764, 0x200d, 0x1f468, 0x1f3fc,
    0x1f468, 0x1f3fc, 0x200d, 0x2764, 0x200d, 0x1f468, 0x1f3fd, 0x1f468, 0x1f3fc, 0x200d,
    0x2764, 0x200d, 0x1f468, 0x1f3fe, 0x1f468, 0x1f3fc, 0x200d, 0x2764, 0x200d, 0x1f468,
    0x1f3ff, 0x1f468, 0x1f3fc, 0x200d, 0x1f430, 0x200d, 0x1f468, 0x1f3fb, 0x1f468, 0x1f3fc,
    0x200d, 0x1f430, 0x200d, 0x1f468, 0x1f3fd, 0x1f468, 0x1f3fc, 0x200d, 0x1f430, 0x200d,
    0x1f468, 0x1f3fe, 0x1f468, 0x1f3fc, 0x200d, 0x1f430, 0x200d, 0x1f468, 0x1f3ff, 0x1f468,
    0x1f3fc, 0x200d, 0x1f91d, 0x200d, 0x1f468, 0x1f3fb, 0x1f468, 0x1f3fc, 0x200d, 0x1f91d,
    0x200d, 0x1f468, 0x1f3fd, 0x1f468, 0x1f3fc, 0x200d, 0x1f91d, 0x200d, 0x1f468, 0x1f3fe,
    0x1f468, 0x1f3fc, 0x200d, 0x1f91d, 0x200d, 0x1f468, 0x1f3ff, 0x1f468, 0x1f3fc, 0x200d,
    0x1faef, 0x200d, 0x1f468, 0x1f3fb, 0x1f468, 0x1f3fc, 0x200d, 0x1faef, 0x200d, 0x1f468,
    0x1f3fd, 0x1f468, 0x1f3fc, 0x200d, 0x1faef, 0x200d, 0x1f468, 0x1f3fe, 0x1f468, 0x1f3fc,
    0x200d, 0x1faef, 0x200d, 0x1f468, 0x1f3ff, 0x1f468, 0x1f3fd, 0x200d, 0x2764, 0x200d,
    0x1f468, 0x1f3fb, 0x1f468, 0x1f3fd, 0x200d, 0x2764, 0x200d, 0x1f468, 0x1f3fc, 0x1f468,
    0x1f3fd, 0x200d, 0x2764, 0x200d, 0x1f468, 0x1f3fd, 0x1f468, 0x1f3fd, 0x200d, 0x2764,
    0x200d, 0x1f468, 0x1f3fe, 0x1f468, 0x1f3fd, 0x200d, 0x2764, 0x200d, 0x1f468, 0x1f3ff,
    0x1f468, 0x1f3fd, 0x200d, 0x1f430, 0x200d, 0x1f468, 0x1f3fb, 0x1f468, 0x1f3fd, 0x200d,
    0x1f430, 0x200d, 0x1f468, 0x1f3fc, 0x1f468, 0x1f3fd, 0x200d, 0x1f430, 0x200d, 0x1f468,
    0x1f3fe, 0x1f468, 0x1f3fd, 0x200d, 0x1f430, 0x200d, 0x1f468, 0x1f3ff, 0x1f468, 0x1f3fd,
    0x200d, 0x1f91d, 0x200d, 0x1f468, 0x1f3fb, 0x1f468, 0x1f3fd, 0x200d, 0x1f91d, 0x200d,
    0x1f468, 0x1f3fc, 0x1f468, 0x1f3fd, 0x200d, 0x1f91d, 0x200d, 0x1f468, 0x1f3fe, 0x1f468,
    0x1f3fd, 0x200d, 0x1f91d, 0x200d, 0x1f468, 0x1f3ff, 0x1f468, 0x1f3fd, 0x200d, 0x1faef,
    0x200d, 0x1f468, 0x1f3fb, 0x1f468, 0x1f3fd, 0x200d, 0x1faef, 0x200d, 0x1f468, 0x1f3fc,
    0x1f468, 0x1f3fd, 0x200d, 0x1faef, 0x200d, 0x1f468, 0x1f3fe, 0x1f468, 0x1f3fd, 0x200d,
    0x1faef, 0x200d, 0x1f468, 0x1f3ff, 0x1f468, 0x1f3fe, 0x200d, 0x2764, 0x200d, 0x1f468,
    0x1f3fb, 0x1f468, 0x1f3fe, 0x200d, 0x2764, 0x200d, 0x1f468, 0x1f3fc, 0x1f468, 0x1f3fe,
    0x200d, 0x2764, 0x200d, 0x1f468, 0x1f3fd, 0x1f468, 0x1f3fe, 0x200d, 0x2764, 0x200d,
    0x1f468, 0x1f3fe, 0x1f468, 0x1f3fe, 0x200d, 0x2764, 0x200d, 0x1f468, 0x1f3ff, 0x1f468,
    0x1f3fe, 0x200d, 0x1f430, 0x200d, 0x1f468, 0x1f3fb, 0x1f468, 0x1f3fe, 0x200d, 0x1f430,
    0x200d, 0x1f468, 0x1f3fc, 0x1f468, 0x1f3fe, 0x200d, 0x1f430, 0x200d, 0x1f468, 0x1f3fd,
    0x1f468, 0x1f3fe, 0x200d, 0x1f430, 0x200d, 0x1f468, 0x1f3ff, 0x1f468, 0x1f3fe, 0x200d,
    0x1f91d, 0x200d, 0x1f468, 0x1f3fb, 0x1f468, 0x1f3fe, 0x200d, 0x1f91d, 0x200d, 0x1f468,
    0x1f3fc, 0x1f468, 0x1f3fe, 0x200d, 0x1f91d, 0x200d, 0x1f468, 0x1f3fd, 0x1f468, 0x1f3fe,
    0x200d, 0x1f91d, 0x200d, 0x1f468, 0x1f3ff, 0x1f468, 0x1f3fe, 0x200d, 0x1faef, 0x200d,
    0x1f468, 0x1f3fb, 0x1f468, 0x1f3fe, 0x200d, 0x1faef, 0x200d, 0x1f468, 0x1f3fc, 0x1f468,
    0x1f3fe, 0x200d, 0x1faef, 0x200d, 0x1f468, 0x1f3fd, 0x1f468, 0x1f3fe, 0x200d, 0x1faef,
    0x200d, 0x1f468, 0x1f3ff, 0x1f468, 0x1f3ff, 0x200d, 0x2764, 0x200d, 0x1f468, 0x1f3fb,
    0x1f468, 0x1f3ff, 0x200d, 0x2764, 0x200d, 0x1f468, 0x1f3fc, 0x1f468, 0x1f3ff, 0x200d,
    0x2764, 0x200d, 0x1f468, 0x1f3fd, 0x1f468, 0x1f3ff, 0x200d, 0x2764, 0x200d, 0x1f468,
    0x1f3fe, 0x1f468, 0x1f3ff, 0x200d, 0x2764, 0x200d, 0x1f468, 0x1f3ff, 0x1f468, 0x1f3ff,
    0x200d, 0x1f430, 0x200d, 0x1f468, 0x1f3fb, 0x1f468, 0x1f3ff, 0x200d, 0x1f430, 0x200d,
    0x1f468, 0x1f3fc, 0x1f468, 0x1f3ff, 0x200d, 0x1f430, 0x200d, 0x1f468, 0x1f3fd, 0x1f468,
    0x1f3ff, 0x200d, 0x1f430, 0x200d, 0x1f468, 0x1f3fe, 0x1f468, 0x1f3ff, 0x200d, 0x1f91d,
    0x200d, 0x1f468, 0x1f3fb, 0x1f468, 0x1f3ff, 0x200d, 0x1f91d, 0x200d, 0x1f468, 0x1f3fc,
    0x1f468, 0x1f3ff, 0x200d, 0x1f91d, 0x200d, 0x1f468, 0x1f3fd, 0x1f468, 0x1f3ff, 0x200d,
    0x1f91d, 0x200d, 0x1f468, 0x1f3fe, 0x1f468, 0x1f3ff, 0x200d, 0x1faef, 0x200d, 0x1f468,
    0x1f3fb, 0x1f468, 0x1f3ff, 0x200d, 0x1faef, 0x200d, 0x1f468, 0x1f3fc, 0x1f468, 0x1f3ff,
    0x200d, 0x1faef, 0x200d, 0x1f468, 0x1f3fd, 0x1f468, 0x1f3ff, 0x200d, 0x1faef, 0x200d,
    0x1f468, 0x1f3fe, 0x1f468, 0x1f3fb, 0x200d, 0x1f9af, 0x200d, 0x27a1, 0x1f468, 0x1f3fb,
    0x200d, 0x1f9bc, 0x200d, 0x27a1, 0x1f468, 0x1f3fb, 0x200d, 0x1f9bd, 0x200d, 0x27a1,
    0x1f468, 0x1f3fc, 0x200d, 0x1f9af, 0x200d, 0x27a1, 0x1f468, 0x1f3fc, 0x200d, 0x1f9bc,
    0x200d, 0x27a1, 0x1f468, 0x1f3fc, 0x200d, 0x1f9bd, 0x200d, 0x27a1, 0x1f468, 0x1f3fd,
    0x200d, 0x1f9af, 0x200d, 0x27a1, 0x1f468, 0x1f3fd, 0x200d, 0x1f9bc, 0x200d, 0x27a1,
    0x1f468, 0x1f3fd, 0x200d, 0x1f9bd, 0x200d, 0x27a1, 0x1f468, 0x1f3fe, 0x200d, 0x1f9af,
    0x200d, 0x27a1, 0x1f468, 0x1f3fe, 0x200d, 0x1f9bc, 0x200d, 0x27a1, 0x1f468, 0x1f3fe,
    0x200d, 0x1f9bd, 0x200d, 0x27a1, 0x1f468, 0x1f3ff, 0x200d, 0x1f9af, 0x200d, 0x27a1,
    0x1f468, 0x1f3ff, 0x200d, 0x1f9bc, 0x200d, 0x27a1, 0x1f468, 0x1f3ff, 0x200d, 0x1f9bd,
    0x200d, 0x27a1, 0x1f468, 0x200d, 0x2764, 0x200d, 0x1f468, 0x1f468, 0x200d, 0x1f466,
    0x200d, 0x1f466, 0x1f468, 0x200d, 0x1f467, 0x200d, 0x1f466, 0x1f468, 0x200d, 0x1f467,
    0x200d, 0x1f467, 0x1f468, 0x200d, 0x1f468, 0x200d, 0x1f466, 0x1f468, 0x200d, 0x1f468,
    0x200d, 0x1f467, 0x1f468, 0x200d, 0x1f469, 0x200d, 0x1f466, 0x1f468, 0x200d, 0x1f469,
    0x200d, 0x1f467, 0x1f468, 0x200d, 0x1f9af, 0x200d, 0x27a1, 0x1f468, 0x200d, 0x1f9bc,
    0x200d, 0x27a1, 0x1f468, 0x200d, 0x1f9bd, 0x200d, 0x27a1, 0x1f468, 0x1f3fb, 0x200d,
    0x2695, 0x1f468, 0x1f3fb, 0x200d, 0x2696, 0x1f468, 0x1f3fb, 0x200d, 0x2708, 0x1f468,
    0x1f3fb, 0x200d, 0x1f33e, 0x1f468, 0x1f3fb, 0x200d, 0x1f373, 0x1f468, 0x1f3fb, 0x200d,
    0x1f37c, 0x1f468, 0x1f3fb, 0x200d, 0x1f384, 0x1f468, 0x1f3fb, 0x200d, 0x1f393, 0x1f468,
    0x1f3fb, 0x200d, 0x1f3a4, 0x1f468, 0x1f3fb, 0x200d, 0x1f3a8, 0x1f468, 0x1f3fb, 0x200d,
    0x1f3eb, 0x1f468, 0x1f3fb, 0x200d, 0x1f3ed, 0x1f468, 0x1f3fb, 0x200d, 0x1f4bb, 0x1f468,
    0x1f3fb, 0x200d, 0x1f4bc, 0x1f468, 0x1f3fb, 0x200d, 0x1f527, 0x1f468, 0x1f3fb, 0x200d,
    0x1f52c, 0x1f468, 0x1f3fb, 0x200d, 0x1f680, 0x1f468, 0x1f3fb, 0x200d, 0x1f692, 0x1f468,
    0x1f3fb, 0x200d, 0x1f9af, 0x1f468, 0x1f3fb, 0x200d, 0x1f9b0, 0x1f468, 0x1f3fb, 0x200d,
    0x1f9b1, 0x1f468, 0x1f3fb, 0x200d, 0x1f9b2, 0x1f468, 0x1f3fb, 0x200d, 0x1f9b3, 0x1f468,
    0x1f3fb, 0x200d, 0x1f9bc, 0x1f468, 0x1f3fb, 0x200d, 0x1f9bd, 0x1f468, 0x1f3fc, 0x200d,
    0x2695, 0x1f468, 0x1f3fc, 0x200d, 0x2696, 0x1f468, 0x1f3fc, 0x200d, 0x2708, 0x1f468,
    0x1f3fc, 0x200d, 0x1f33e, 0x1f468, 0x1f3fc, 0x200d, 0x1f373, 0x1f468, 0x1f3fc, 0x200d,
    0x1f37c, 0x1f468, 0x1f3fc, 0x200d, 0x1f384, 0x1f468, 0x1f3fc, 0x200d, 0x1f393, 0x1f468,
    0x1f3fc, 0x200d, 0x1f3a4, 0x1f468, 0x1f3fc, 0x200d, 0x1f3a8, 0x1f468, 0x1f3fc, 0x200d,
    0x1f3eb, 0x1f468, 0x1f3fc, 0x200d, 0x1f3ed, 0x1f468, 0x1f3fc, 0x200d, 0x1f4bb, 0x1f468,
    0x1f3fc, 0x200d, 0x1f4bc, 0x1f468, 0x1f3fc, 0x200d, 0x1f527, 0x1f468, 0x1f3fc, 0x200d,
    0x1f52c, 0x1f468, 0x1f3fc, 0x200d, 0x1f680, 0x1f468, 0x1f3fc, 0x200d, 0x1f692, 0x1f468,
    0x1f3fc, 0x200d, 0x1f9af, 0x1f468, 0x1f3fc, 0x200d, 0x1f9b0, 0x1f468, 0x1f3fc, 0x200d,
    0x1f9b1, 0x1f468, 0x1f3fc, 0x200d, 0x1f9b2, 0x1f468, 0x1f3fc, 0x200d, 0x1f9b3, 0x1f468,
    0x1f3fc, 0x200d, 0x1f9bc, 0x1f468, 0x1f3fc, 0x200d, 0x1f9bd, 0x1f468, 0x1f3fd, 0x200d,
    0x2695, 0x1f468, 0x1f3fd, 0x200d, 0x2696, 0x1f468, 0x1f3fd, 0x200d, 0x2708, 0x1f468,
    0x1f3fd, 0x200d, 0x1f33e, 0x1f468, 0x1f3fd, 0x200d, 0x1f373, 0x1f468, 0x1f3fd, 0x200d,
    0x1f37c, 0x1f468, 0x1f3fd, 0x200d, 0x1f384, 0x1f468, 0x1f3fd, 0x200d, 0x1f393, 0x1f468,
    0x1f3fd, 0x200d, 0x1f3a4, 0x1f468, 0x1f3fd, 0x200d, 0x1f3a8, 0x1f468, 0x1f3fd, 0x200d,
    0x1f3eb, 0x1f468, 0x1f3fd, 0x200d, 0x1f3ed, 0x1f468, 0x1f3fd, 0x200d, 0x1f4bb, 0x1f468,
    0x1f3fd, 0x200d, 0x1f4bc, 0x1f468, 0x1f3fd, 0x200d, 0x1f527, 0x1f468, 0x1f3fd, 0x200d,
    0x1f52c, 0x1f468, 0x1f3fd, 0x200d, 0x1f680, 0x1f468, 0x1f3fd, 0x200d, 0x1f692, 0x1f468,
    0x1f3fd, 0x200d, 0x1f9af, 0x1f468, 0x1f3fd, 0x200d, 0x1f9b0, 0x1f468, 0x1f3fd, 0x200d,
    0x1f9b1, 0x1f468, 0x1f3fd, 0x200d, 0x1f9b2, 0x1f468, 0x1f3fd, 0x200d, 0x1f9b3, 0x1f468,
    0x1f3fd, 0x200d, 0x1f9bc, 0x1f468, 0x1f3fd, 0x200d, 0x1f9bd, 0x1f468, 0x1f3fe, 0x200d,
    0x2695, 0x1f468, 0x1f3fe, 0x200d, 0x2696, 0x1f468, 0x1f3fe, 0x200d, 0x2708, 0x1f468,
    0x1f3fe, 0x200d, 0x1f33e, 0x1f468, 0x1f3fe, 0x200d, 0x1f373, 0x1f468, 0x1f3fe, 0x200d,
    0x1f37c, 0x1f468, 0x1f3fe, 0x200d, 0x1f384, 0x1f468, 0x1f3fe, 0x200d, 0x1f393, 0x1f468,
    0x1f3fe, 0x200d, 0x1f3a4, 0x1f468, 0x1f3fe, 0x200d, 0x1f3a8, 0x1f468, 0x1f3fe, 0x200d,
    0x1f3eb, 0x1f468, 0x1f3fe, 0x200d, 0x1f3ed, 0x1f468, 0x1f3fe, 0x200d, 0x1f4bb, 0x1f468,
    0x1f3fe, 0x200d, 0x1f4bc, 0x1f468, 0x1f3fe, 0x200d, 0x1f527, 0x1f468, 0x1f3fe, 0x200d,
    0x1f52c, 0x1f468, 0x1f3fe, 0x200d, 0x1f680, 0x1f468, 0x1f3fe, 0x200d, 0x1f692, 0x1f468,
    0x1f3fe, 0x200d, 0x1f9af, 0x1f468, 0x1f3fe, 0x200d, 0x1f9b0, 0x1f468, 0x1f3fe, 0x200d,
    0x1f9b1, 0x1f468, 0x1f3fe, 0x200d, 0x1f9b2, 0x1f468, 0x1f3fe, 0x200d, 0x1f9b3, 0x1f468,
    0x1f3fe, 0x200d, 0x1f9bc, 0x1f468, 0x1f3fe, 0x200d, 0x1f9bd, 0x1f468, 0x1f3ff, 0x200d,
    0x2695, 0x1f468, 0x1f3ff, 0x200d, 0x2696, 0x1f468, 0x1f3ff, 0x200d, 0x2708, 0x1f468,
    0x1f3ff, 0x200d, 0x1f33e, 0x1f468, 0x1f3ff, 0x200d, 0x1f373, 0x1f468, 0x1f3ff, 0x200d,
    0x1f37c, 0x1f468, 0x1f3ff, 0x200d, 0x1f384, 0x1f468, 0x1f3ff, 0x200d, 0x1f393, 0x1f468,
    0x1f3ff, 0x200d, 0x1f3a4, 0x1f468, 0x1f3ff, 0x200d, 0x1f3a8, 0x1f468, 0x1f3ff, 0x200d,
    0x1f3eb, 0x1f468, 0x1f3ff, 0x200d, 0x1f3ed, 0x1f468, 0x1f3ff, 0x200d, 0x1f4bb, 0x1f468,
    0x1f3ff, 0x200d, 0x1f4bc, 0x1f468, 0x1f3ff, 0x200d, 0x1f527, 0x1f468, 0x1f3ff, 0x200d,
    0x1f52c, 0x1f468, 0x1f3ff, 0x200d, 0x1f680, 0x1f468, 0x1f3ff, 0x200d, 0x1f692, 0x1f468,
    0x1f3ff, 0x200d, 0x1f9af, 0x1f468, 0x1f3ff, 0x200d, 0x1f9b0, 0x1f468, 0x1f3ff, 0x200d,
    0x1f9b1, 0x1f468, 0x1f3ff, 0x200d, 0x1f9b2, 0x1f468, 0x1f3ff, 0x200d, 0x1f9b3, 0x1f468,
    0x1f3ff, 0x200d, 0x1f9bc, 0x1f468, 0x1f3ff, 0x200d, 0x1f9bd, 0x1f468, 0x200d, 0x2695,
    0x1f468, 0x200d, 0x2696, 0x1f468, 0x200d, 0x2708, 0x1f468, 0x200d, 0x1f33e, 0x1f468,
    0x200d, 0x1f373, 0x1f468, 0x200d, 0x1f37c, 0x1f468, 0x200d, 0x1f384, 0x1f468, 0x200d,
    0x1f393, 0x1f468, 0x200d, 0x1f3a4, 0x1f468, 0x200d, 0x1f3a8, 0x1f468, 0x200d, 0x1f3eb,
    0x1f468, 0x200d, 0x1f3ed, 0x1f468, 0x200d, 0x1f466, 0x1f468, 0x200d, 0x1f467, 0x1f468,
    0x200d, 0x1f4bb, 0x1f468, 0x200d, 0x1f4bc, 0x1f468, 0x200d, 0x1f527, 0x1f468, 0x200d,
    0x1f52c, 0x1f468, 0x200d, 0x1f680, 0x1f468, 0x200d, 0x1f692, 0x1f468, 0x200d, 0x1f9af,
    0x1f468, 0x200d, 0x1f9b0, 0x1f468, 0x200d, 0x1f9b1, 0x1f468, 0x200d, 0x1f9b2, 0x1f468,
    0x200d, 0x1f9b3, 0x1f468, 0x200d, 0x1f9bc, 0x1f468, 0x200d, 0x1f9bd, 0x1f468, 0x1f3fb,
    0x1f468, 0x1f3fc, 0x1f468, 0x1f3fd, 0x1f468, 0x1f3fe, 0x1f468, 0x1f3ff, 0x1f468, 0x1f469,
    0x1f3fb, 0x200d, 0x2764, 0x200d, 0x1f48b, 0x200d, 0x1f468, 0x1f3fb, 0x1f469, 0x1f3fb,
    0x200d, 0x2764, 0x200d, 0x1f48b, 0x200d, 0x1f468, 0x1f3fc, 0x1f469, 0x1f3fb, 0x200d,
    0x2764, 0x200d, 0x1f48b, 0x200d, 0x1f468, 0x1f3fd, 0x1f469, 0x1f3fb, 0x200d, 0x2764,
    0x200d, 0x1f48b, 0x200d, 0x1f468, 0x1f3fe, 0x1f469, 0x1f3fb, 0x200d, 0x2764, 0x200d,
    0x1f48b, 0x200d, 0x1f468, 0x1f3ff, 0x1f469, 0x1f3fb, 0x200d, 0x2764, 0x200d, 0x1f48b,
    0x200d, 0x1f469, 0x1f3fb, 0x1f469, 0x1f3fb, 0x200d, 0x2764, 0x200d, 0x1f48b, 0x200d,
    0x1f469, 0x1f3fc, 0x1f469, 0x1f3fb, 0x200d, 0x2764, 0x200d, 0x1f48b, 0x200d, 0x1f469,
    0x1f3fd, 0x1f469, 0x1f3fb, 0x200d, 0x2764, 0x200d, 0x1f48b, 0x200d, 0x1f469, 0x1f3fe,
    0x1f469, 0x1f3fb, 0x200d, 0x2764, 0x200d, 0x1f48b, 0x200d, 0x1f469, 0x1f3ff, 0x1f469,
    0x1f3fc, 0x200d, 0x2764, 0x200d, 0x1f48b, 0x200d, 0x1f468, 0x1f3fb, 0x1f469, 0x1f3fc,
    0x200d, 0x2764, 0x200d, 0x1f48b, 0x200d, 0x1f468, 0x1f3fc, 0x1f469, 0x1f3fc, 0x200d,
    0x2764, 0x200d, 0x1f48b, 0x200d, 0x1f468, 0x1f3fd, 0x1f469, 0x1f3fc, 0x200d, 0x2764,
    0x200d, 0x1f48b, 0x200d, 0x1f468, 0x1f3fe, 0x1f469, 0x1f3fc, 0x200d, 0x2764, 0x200d,
    0x1f48b, 0x200d, 0x1f468, 0x1f3ff, 0x1f469, 0x1f3fc, 0x200d, 0x2764, 0x200d, 0x1f48b,
    0x200d, 0x1f469, 0x1f3fb, 0x1f469, 0x1f3fc, 0x200d, 0x2764, 0x200d, 0x1f48b, 0x200d,
    0x1f469, 0x1f3fc, 0x1f469, 0x1f3fc, 0x200d, 0x2764, 0x200d, 0x1f48b, 0x200d, 0x1f469,
    0x1f3fd, 0x1f469, 0x1f3fc, 0x200d, 0x2764, 0x200d, 0x1f48b, 0x200d, 0x1f469, 0x1f3fe,
    0x1f469, 0x1f3fc, 0x200d, 0x2764, 0x200d, 0x1f48b, 0x200d, 0x1f469, 0x1f3ff, 0x1f469,
    0x1f3fd, 0x200d, 0x2764, 0x200d, 0x1f48b, 0x200d, 0x1f468, 0x1f3fb, 0x1f469, 0x1f3fd,
    0x200d, 0x2764, 0x200d, 0x1f48b, 0x200d, 0x1f468, 0x1f3fc, 0x1f469, 0x1f3fd, 0x200d,
    0x2764, 0x200d, 0x1f48b, 0x200d, 0x1f468, 0x1f3fd, 0x1f469, 0x1f3fd, 0x200d, 0x2764,
    0x200d, 0x1f48b, 0x200d, 0x1f468, 0x1f3fe, 0x1f469, 0x1f3fd, 0x200d, 0x2764, 0x200d,
    0x1f48b, 0x200d, 0x1f468, 0x1f3ff, 0x1f469, 0x1f3fd, 0x200d, 0x2764, 0x200d, 0x1f48b,
    0x200d, 0x1f469, 0x1f3fb, 0x1f469, 0x1f3fd, 0x200d, 0x2764, 0x200d, 0x1f48b, 0x200d,
    0x1f469, 0x1f3fc, 0x1f469, 0x1f3fd, 0x200d, 0x2764, 0x200d, 0x1f48b, 0x200d, 0x1f469,
    0x1f3fd, 0x1f469, 0x1f3fd, 0x200d, 0x2764, 0x200d, 0x1f48b, 0x200d, 0x1f469, 0x1f3fe,
    0x1f469, 0x1f3fd, 0x200d, 0x2764, 0x200d, 0x1f48b, 0x200d, 0x1f469, 0x1f3ff, 0x1f469,
    0x1f3fe, 0x200d, 0x2764, 0x200d, 0x1f48b, 0x200d, 0x1f468, 0x1f3fb, 0x1f469, 0x1f3fe,
    0x200d, 0x2764, 0x200d, 0x1f48b, 0x200d, 0x1f468, 0x1f3fc, 0x1f469, 0x1f3fe, 0x200d,
    0x2764, 0x200d, 0x1f48b, 0x200d, 0x1f468, 0x1f3fd, 0x1f469, 0x1f3fe, 0x200d, 0x2764,
    0x200d, 0x1f48b, 0x200d, 0x1f468, 0x1f3fe, 0x1f469, 0x1f3fe, 0x200d, 0x2764, 0x200d,
    0x1f48b, 0x200d, 0x1f468, 0x1f3ff, 0x1f469, 0x1f3fe, 0x200d, 0x2764, 0x200d, 0x1f48b,
    0x200d, 0x1f469, 0x1f3fb, 0x1f469, 0x1f3fe, 0x200d, 0x2764, 0x200d, 0x1f48b, 0x200d,
    0x1f469, 0x1f3fc, 0x1f469, 0x1f3fe, 0x200d, 0x2764, 0x200d, 0x1f48b, 0x200d, 0x1f469,
    0x1f3fd, 0x1f469, 0x1f3fe, 0x200d, 0x2764, 0x200d, 0x1f48b, 0x200d, 0x1f469, 0x1f3fe,
    0x1f469, 0x1f3fe, 0x200d, 0x2764, 0x200d, 0x1f48b, 0x200d, 0x1f469, 0x1f3ff, 0x1f469,
    0x1f3ff, 0x200d, 0x2764, 0x200d, 0x1f48b, 0x200d, 0x1f468, 0x1f3fb, 0x1f469, 0x1f3ff,
    0x200d, 0x2764, 0x200d, 0x1f48b, 0x200d, 0x1f468, 0x1f3fc, 0x1f469, 0x1f3ff, 0x200d,
    0x2764, 0x200d, 0x1f48b, 0x200d, 0x1f468, 0x1f3fd, 0x1f469, 0x1f3ff, 0x200d, 0x2764,
    0x200d, 0x1f48b, 0x200d, 0x1f468, 0x1f3fe, 0x1f469, 0x1f3ff, 0x200d, 0x2764, 0x200d,
    0x1f48b, 0x200d, 0x1f468, 0x1f3ff, 0x1f469, 0x1f3ff, 0x200d, 0x2764, 0x200d, 0x1f48b,
    0x200d, 0x1f469, 0x1f3fb, 0x1f469, 0x1f3ff, 0x200d, 0x2764, 0x200d, 0x1f48b, 0x200d,
    0x1f469, 0x1f3fc, 0x1f469, 0x1f3ff, 0x200d, 0x2764, 0x200d, 0x1f48b, 0x200d, 0x1f469,
    0x1f3fd, 0x1f469, 0x1f3ff, 0x200d, 0x2764, 0x200d, 0x1f48b, 0x200d, 0x1f469, 0x1f3fe,
    0x1f469, 0x1f3ff, 0x200d, 0x2764, 0x200d, 0x1f48b, 0x200d, 0x1f469, 0x1f3ff, 0x1f469,
    0x200d, 0x2764, 0x200d, 0x1f48b, 0x200d, 0x1f468, 0x1f469, 0x200d, 0x2764, 0x200d,
    0x1f48b, 0x200d, 0x1f469, 0x1f469, 0x200d, 0x1f469, 0x200d, 0x1f466, 0x200d, 0x1f466,
    0x1f469, 0x200d, 0x1f469, 0x200d, 0x1f467, 0x200d, 0x1f466, 0x1f469, 0x200d, 0x1f469,
    0x200d, 0x1f467, 0x200d, 0x1f467, 0x1f469, 0x1f3fb, 0x200d, 0x2764, 0x200d, 0x1f468,
    0x1f3fb, 0x1f469, 0x1f3fb, 0x200d, 0x2764, 0x200d, 0x1f468, 0x1f3fc, 0x1f469, 0x1f3fb,
    0x200d, 0x2764, 0x200d, 0x1f468, 0x1f3fd, 0x1f469, 0x1f3fb, 0x200d, 0x2764, 0x200d,
    0x1f468, 0x1f3fe, 0x1f469, 0x1f3fb, 0x200d, 0x2764, 0x200d, 0x1f468, 0x1f3ff, 0x1f469,
    0x1f3fb, 0x200d, 0x2764, 0x200d, 0x1f469, 0x1f3fb, 0x1f469, 0x1f3fb, 0x200d, 0x2764,
    0x200d, 0x1f469, 0x1f3fc, 0x1f469, 0x1f3fb, 0x200d, 0x2764, 0x200d, 0x1f469, 0x1f3fd,
    0x1f469, 0x1f3fb, 0x200d, 0x2764, 0x200d, 0x1f469, 0x1f3fe, 0x1f469, 0x1f3fb, 0x200d,
    0x2764, 0x200d, 0x1f469, 0x1f3ff, 0x1f469, 0x1f3fb, 0x200d, 0x1f430, 0x200d, 0x1f469,
    0x1f3fc, 0x1f469, 0x1f3fb, 0x200d, 0x1f430, 0x200d, 0x1f469, 0x1f3fd, 0x1f469, 0x1f3fb,
    0x200d, 0x1f430, 0x200d, 0x1f469, 0x1f3fe, 0x1f469, 0x1f3fb, 0x200d, 0x1f430, 0x200d,
    0x1f469, 0x1f3ff, 0x1f469, 0x1f3fb, 0x200d, 0x1f91d, 0x200d, 0x1f468, 0x1f3fc, 0x1f469,
    0x1f3fb, 0x200d, 0x1f91d, 0x200d, 0x1f468, 0x1f3fd, 0x1f469, 0x1f3fb, 0x200d, 0x1f91d,
    0x200d, 0x1f468, 0x1f3fe, 0x1f469, 0x1f3fb, 0x200d, 0x1f91d, 0x200d, 0x1f468, 0x1f3ff,
    0x1f469, 0x1f3fb, 0x200d, 0x1f91d, 0x200d, 0x1f469, 0x1f3fc, 0x1f469, 0x1f3fb, 0x200d,
    0x1f91d, 0x200d, 0x1f469, 0x1f3fd, 0x1f469, 0x1f3fb, 0x200d, 0x1f91d, 0x200d, 0x1f469,
    0x1f3fe, 0x1f469, 0x1f3fb, 0x200d, 0x1f91d, 0x200d, 0x1f469, 0x1f3ff, 0x1f469, 0x1f3fb,
    0x200d, 0x1faef, 0x200d, 0x1f469, 0x1f3fc, 0x1f469, 0x1f3fb, 0x200d, 0x1faef, 0x200d,
    0x1f469, 0x1f3fd, 0x1f469, 0x1f3fb, 0x200d, 0x1faef, 0x200d, 0x1f469, 0x1f3fe, 0x1f469,
    0x1f3fb, 0x200d, 0x1faef, 0x200d, 0x1f469, 0x1f3ff, 0x1f469, 0x1f3fc, 0x200d, 0x2764,
    0x200d, 0x1f468, 0x1f3fb, 0x1f469, 0x1f3fc, 0x200d, 0x2764, 0x200d, 0x1f468, 0x1f3fc,
    0x1f469, 0x1f3fc, 0x200d, 0x2764, 0x200d, 0x1f468, 0x1f3fd, 0x1f469, 0x1f3fc, 0x200d,
    0x2764, 0x200d, 0x1f468, 0x1f3fe, 0x1f469, 0x1f3fc, 0x200d, 0x2764, 0x200d, 0x1f468,
    0x1f3ff, 0x1f469, 0x1f3fc, 0x200d, 0x2764, 0x200d, 0x1f469, 0x1f3fb, 0x1f469, 0x1f3fc,
    0x200d, 0x2764, 0x200d, 0x1f469, 0x1f3fc, 0x1f469, 0x1f3fc, 0x200d, 0x2764, 0x200d,
    0x1f469, 0x1f3fd, 0x1f469, 0x1f3fc, 0x200d, 0x2764, 0x200d, 0x1f469, 0x1f3fe, 0x1f469,
    0x1f3fc, 0x200d, 0x2764, 0x200d, 0x1f469, 0x1f3ff, 0x1f469, 0x1f3fc, 0x200d, 0x1f430,
    0x200d, 0x1f469, 0x1f3fb, 0x1f469, 0x1f3fc, 0x200d, 0x1f430, 0x200d, 0x1f469, 0x1f3fd,
    0x1f469, 0x1f3fc, 0x200d, 0x1f430, 0x200d, 0x1f469, 0x1f3fe, 0x1f469, 0x1f3fc, 0x200d,
    0x1f430, 0x200d, 0x1f469, 0x1f3ff, 0x1f469, 0x1f3fc, 0x200d, 0x1f91d, 0x200d, 0x1f468,
    0x1f3fb, 0x1f469, 0x1f3fc, 0x200d, 0x1f91d, 0x200d, 0x1f468, 0x1f3fd, 0x1f469, 0x1f3fc,
    0x200d, 0x1f91d, 0x200d, 0x1f468, 0x1f3fe, 0x1f469, 0x1f3fc, 0x200d, 0x1f91d, 0x200d,
    0x1f468, 0x1f3ff, 0x1f469, 0x1f3fc, 0x200d, 0x1f91d, 0x200d, 0x1f469, 0x1f3fb, 0x1f469,
    0x1f3fc, 0x200d, 0x1f91d, 0x200d, 0x1f469, 0x1f3fd, 0x1f469, 0x1f3fc, 0x200d, 0x1f91d,
    0x200d, 0x1f469, 0x1f3fe, 0x1f469, 0x1f3fc, 0x200d, 0x1f91d, 0x200d, 0x1f469, 0x1f3ff,
    0x1f469, 0x1f3fc, 0x200d, 0x1faef, 0x200d, 0x1f469, 0x1f3fb, 0x1f469, 0x1f3fc, 0x200d,
    0x1faef, 0x200d, 0x1f469, 0x1f3fd, 0x1f469, 0x1f3fc, 0x200d, 0x1faef, 0x200d, 0x1f469,
    0x1f3fe, 0x1f469, 0x1f3fc, 0x200d, 0x1faef, 0x200d, 0x1f469, 0x1f3ff, 0x1f469, 0x1f3fd,
    0x200d, 0x2764, 0x200d, 0x1f468, 0x1f3fb, 0x1f469, 0x1f3fd, 0x200d, 0x2764, 0x200d,
    0x1f468, 0x1f3fc, 0x1f469, 0x1f3fd, 0x200d, 0x2764, 0x200d, 0x1f468, 0x1f3fd, 0x1f469,
    0x1f3fd, 0x200d, 0x2764, 0x200d, 0x1f468, 0x1f3fe, 0x1f469, 0x1f3fd, 0x200d, 0x2764,
    0x200d, 0x1f468, 0x1f3ff, 0x1f469, 0x1f3fd, 0x200d, 0x2764, 0x200d, 0x1f469, 0x1f3fb,
    0x1f469, 0x1f3fd, 0x200d, 0x2764, 0x200d, 0x1f469, 0x1f3fc, 0x1f469, 0x1f3fd, 0x200d,
    0x2764, 0x200d, 0x1f469, 0x1f3fd, 0x1f469, 0x1f3fd, 0x200d, 0x2764, 0x200d, 0x1f469,
    0x1f3fe, 0x1f469, 0x1f3fd, 0x200d, 0x2764, 0x200d, 0x1f469, 0x1f3ff, 0x1f469, 0x1f3fd,
    0x200d, 0x1f430, 0x200d, 0x1f469, 0x1f3fb, 0x1f469, 0x1f3fd, 0x200d, 0x1f430, 0x200d,
    0x1f469, 0x1f3fc, 0x1f469, 0x1f3fd, 0x200d, 0x1f430, 0x200d, 0x1f469, 0x1f3fe, 0x1f469,
    0x1f3fd, 0x200d, 0x1f430, 0x200d, 0x1f469, 0x1f3ff, 0x1f469, 0x1f3fd, 0x200d, 0x1f91d,
    0x200d, 0x1f468, 0x1f3fb, 0x1f469, 0x1f3fd, 0x200d, 0x1f91d, 0x200d, 0x1f468, 0x1f3fc,
    0x1f469, 0x1f3fd, 0x200d, 0x1f91d, 0x200d, 0x1f468, 0x1f3fe, 0x1f469, 0x1f3fd, 0x200d,
    0x1f91d, 0x200d, 0x1f468, 0x1f3ff, 0x1f469, 0x1f3fd, 0x200d, 0x1f91d, 0x200d, 0x1f469,
    0x1f3fb, 0x1f469, 0x1f3fd, 0x200d, 0x1f91d, 0x200d, 0x1f469, 0x1f3fc, 0x1f469, 0x1f3fd,
    0x200d, 0x1f91d, 0x200d, 0x1f469, 0x1f3fe, 0x1f469, 0x1f3fd, 0x200d, 0x1f91d, 0x200d,
    0x1f469, 0x1f3ff, 0x1f469, 0x1f3fd, 0x200d, 0x1faef, 0x200d, 0x1f469, 0x1f3fb, 0x1f469,
    0x1f3fd, 0x200d, 0x1faef, 0x200d, 0x1f469, 0x1f3fc, 0x1f469, 0x1f3fd, 0x200d, 0x1faef,
    0x200d, 0x1f469, 0x1f3fe, 0x1f469, 0x1f3fd, 0x200d, 0x1faef, 0x200d, 0x1f469, 0x1f3ff,
    0x1f469, 0x1f3fe, 0x200d, 0x2764, 0x200d, 0x1f468, 0x1f3fb, 0x1f469, 0x1f3fe, 0x200d,
    0x2764, 0x200d, 0x1f468, 0x1f3fc, 0x1f469, 0x1f3fe, 0x200d, 0x2764, 0x200d, 0x1f468,
    0x1f3fd, 0x1f469, 0x1f3fe, 0x200d, 0x2764, 0x200d, 0x1f468, 0x1f3fe, 0x1f469, 0x1f3fe,
    0x200d, 0x2764, 0x200d, 0x1f468, 0x1f3ff, 0x1f469, 0x1f3fe, 0x200d, 0x2764, 0x200d,
    0x1f469, 0x1f3fb, 0x1f469, 0x1f3fe, 0x200d, 0x2764, 0x200d, 0x1f469, 0x1f3fc, 0x1f469,
    0x1f3fe, 0x200d, 0x2764, 0x200d, 0x1f469, 0x1f3fd, 0x1f469, 0x1f3fe, 0x200d, 0x2764,
    0x200d, 0x1f469, 0x1f3fe, 0x1f469, 0x1f3fe, 0x200d, 0x2764, 0x200d, 0x1f469, 0x1f3ff,
    0x1f469, 0x1f3fe, 0x200d, 0x1f430, 0x200d, 0x1f469, 0x1f3fb, 0x1f469, 0x1f3fe, 0x200d,
    0x1f430, 0x200d, 0x1f469, 0x1f3fc, 0x1f469, 0x1f3fe, 0x200d, 0x1f430, 0x200d, 0x1f469,
    0x1f3fd, 0x1f469, 0x1f3fe, 0x200d, 0x1f430, 0x200d, 0x1f469, 0x1f3ff, 0x1f469, 0x1f3fe,
    0x200d, 0x1f91d, 0x200d, 0x1f468, 0x1f3fb, 0x1f469, 0x1f3fe, 0x200d, 0x1f91d, 0x200d,
    0x1f468, 0x1f3fc, 0x1f469, 0x1f3fe, 0x200d, 0x1f91d, 0x200d, 0x1f468, 0x1f3fd, 0x1f469,
    0x1f3fe, 0x200d, 0x1f91d, 0x200d, 0x1f468, 0x1f3ff, 0x1f469, 0x1f3fe, 0x200d, 0x1f91d,
    0x200d, 0x1f469, 0x1f3fb, 0x1f469, 0x1f3fe, 0x200d, 0x1f91d, 0x200d, 0x1f469, 0x1f3fc,
    0x1f469, 0x1f3fe, 0x200d, 0x1f91d, 0x200d, 0x1f469, 0x1f3fd, 0x1f469, 0x1f3fe, 0x200d,
    0x1f91d, 0x200d, 0x1f469, 0x1f3ff, 0x1f469, 0x1f3fe, 0x200d, 0x1faef, 0x200d, 0x1f469,
    0x1f3fb, 0x1f469, 0x1f3fe, 0x200d, 0x1faef, 0x200d, 0x1f469, 0x1f3fc, 0x1f469, 0x1f3fe,
    0x200d, 0x1faef, 0x200d, 0x1f469, 0x1f3fd, 0x1f469, 0x1f3fe, 0x200d, 0x1faef, 0x200d,
    0x1f469, 0x1f3ff, 0x1f469, 0x1f3ff, 0x200d, 0x2764, 0x200d, 0x1f468, 0x1f3fb, 0x1f469,
    0x1f3ff, 0x200d, 0x2764, 0x200d, 0x1f468, 0x1f3fc, 0x1f469, 0x1f3ff, 0x200d, 0x2764,
    0x200d, 0x1f468, 0x1f3fd, 0x1f469, 0x1f3ff, 0x200d, 0x2764, 0x200d, 0x1f468, 0x1f3fe,
    0x1f469, 0x1f3ff, 0x200d, 0x2764, 0x200d, 0x1f468, 0x1f3ff, 0x1f469, 0x1f3ff, 0x200d,
    0x2764, 0x200d, 0x1f469, 0x1f3fb, 0x1f469, 0x1f3ff, 0x200d, 0x2764, 0x200d, 0x1f469,
    0x1f3fc, 0x1f469, 0x1f3ff, 0x200d, 0x2764, 0x200d, 0x1f469, 0x1f3fd, 0x1f469, 0x1f3ff,
    0x200d, 0x2764, 0x200d, 0x1f469, 0x1f3fe, 0x1f469, 0x1f3ff, 0x200d, 0x2764, 0x200d,
    0x1f469, 0x1f3ff, 0x1f469, 0x1f3ff, 0x200d, 0x1f430, 0x200d, 0x1f469, 0x1f3fb, 0x1f469,
    0x1f3ff, 0x200d, 0x1f430, 0x200d, 0x1f469, 0x1f3fc, 0x1f469, 0x1f3ff, 0x200d, 0x1f430,
    0x200d, 0x1f469, 0x1f3fd, 0x1f469, 0x1f3ff, 0x200d, 0x1f430, 0x200d, 0x1f469, 0x1f3fe,
    0x1f469, 0x1f3ff, 0x200d, 0x1f91d, 0x200d, 0x1f468, 0x1f3fb, 0x1f469, 0x1f3ff, 0x200d,
    0x1f91d, 0x200d, 0x1f468, 0x1f3fc, 0x1f469, 0x1f3ff, 0x200d, 0x1f91d, 0x200d, 0x1f468,
    0x1f3fd, 0x1f469, 0x1f3ff, 0x200d, 0x1f91d, 0x200d, 0x1f468, 0x1f3fe, 0x1f469, 0x1f3ff,
    0x200d, 0x1f91d, 0x200d, 0x1f469, 0x1f3fb, 0x1f469, 0x1f3ff, 0x200d, 0x1f91d, 0x200d,
    0x1f469, 0x1f3fc, 0x1f469, 0x1f3ff, 0x200d, 0x1f91d, 0x200d, 0x1f469, 0x1f3fd, 0x1f469,
    0x1f3ff, 0x200d, 0x1f91d, 0x200d, 0x1f469, 0x1f3fe, 0x1f469, 0x1f3ff, 0x200d, 0x1faef,
    0x200d, 0x1f469, 0x1f3fb, 0x1f469, 0x1f3ff, 0x200d, 0x1faef, 0x200d, 0x1f469, 0x1f3fc,
    0x1f469, 0x1f3ff, 0x200d, 0x1faef, 0x200d, 0x1f469, 0x1f3fd, 0x1f469, 0x1f3ff, 0x200d,
    0x1faef, 0x200d, 0x1f469, 0x1f3fe, 0x1f469, 0x1f3fb, 0x200d, 0x1f9af, 0x200d, 0x27a1,
    0x1f469, 0x1f3fb, 0x200d, 0x1f9bc, 0x200d, 0x27a1, 0x1f469, 0x1f3fb, 0x200d, 0x1f9bd,
    0x200d, 0x27a1, 0x1f469, 0x1f3fc, 0x200d, 0x1f9af, 0x200d, 0x27a1, 0x1f469, 0x1f3fc,
    0x200d, 0x1f9bc, 0x200d, 0x27a1, 0x1f469, 0x1f3fc, 0x200d, 0x1f9bd, 0x200d, 0x27a1,
    0x1f469, 0x1f3fd, 0x200d, 0x1f9af, 0x200d, 0x27a1, 0x1f469, 0x1f3fd, 0x200d, 0x1f9bc,
    0x200d, 0x27a1, 0x1f469, 0x1f3fd, 0x200d, 0x1f9bd, 0x200d, 0x27a1, 0x1f469, 0x1f3fe,
    0x200d, 0x1f9af, 0x200d, 0x27a1, 0x1f469, 0x1f3fe, 0x200d, 0x1f9bc, 0x200d, 0x27a1,
    0x1f469, 0x1f3fe, 0x200d, 0x1f9bd, 0x200d, 0x27a1, 0x1f469, 0x1f3ff, 0x200d, 0x1f9af,
    0x200d, 0x27a1, 0x1f469, 0x1f3ff, 0x200d, 0x1f9bc, 0x200d, 0x27a1, 0x1f469, 0x1f3ff,
    0x200d, 0x1f9bd, 0x200d, 0x27a1, 0x1f469, 0x200d, 0x2764, 0x200d, 0x1f468, 0x1f469,
    0x200d, 0x2764, 0x200d, 0x1f469, 0x1f469, 0x200d, 0x1f466, 0x200d, 0x1f466, 0x1f469,
    0x200d, 0x1f467, 0x200d, 0x1f466, 0x1f469, 0x200d, 0x1f467, 0x200d, 0x1f467, 0x1f469,
    0x200d, 0x1f469, 0x200d, 0x1f466, 0x1f469, 0x200d, 0x1f469, 0x200d, 0x1f467, 0x1f469,
    0x200d, 0x1f9af, 0x200d, 0x27a1, 0x1f469, 0x200d, 0x1f9bc, 0x200d, 0x27a1, 0x1f469,
    0x200d, 0x1f9bd, 0x200d, 0x27a1, 0x1f469, 0x1f3fb, 0x200d, 0x2695, 0x1f469, 0x1f3fb,
    0x200d, 0x2696, 0x1f469, 0x1f3fb, 0x200d, 0x2708, 0x1f469, 0x1f3fb, 0x200d, 0x1f33e,
    0x1f469, 0x1f3fb, 0x200d, 0x1f373, 0x1f469, 0x1f3fb, 0x200d, 0x1f37c, 0x1f469, 0x1f3fb,
    0x200d, 0x1f384, 0x1f469, 0x1f3fb, 0x200d, 0x1f393, 0x1f469, 0x1f3fb, 0x200d, 0x1f3a4,
    0x1f469, 0x1f3fb, 0x200d, 0x1f3a8, 0x1f469, 0x1f3fb, 0x200d, 0x1f3eb, 0x1f469, 0x1f3fb,
    0x200d, 0x1f3ed, 0x1f469, 0x1f3fb, 0x200d, 0x1f4bb, 0x1f469, 0x1f3fb, 0x200d, 0x1f4bc,
    0x1f469, 0x1f3fb, 0x200d, 0x1f527, 0x1f469, 0x1f3fb, 0x200d, 0x1f52c, 0x1f469, 0x1f3fb,
    0x200d, 0x1f680, 0x1f469, 0x1f3fb, 0x200d, 0x1f692, 0x1f469, 0x1f3fb, 0x200d, 0x1f9af,
    0x1f469, 0x1f3fb, 0x200d, 0x1f9b0, 0x1f469, 0x1f3fb, 0x200d, 0x1f9b1, 0x1f469, 0x1f3fb,
    0x200d, 0x1f9b2, 0x1f469, 0x1f3fb, 0x200d, 0x1f9b3, 0x1f469, 0x1f3fb, 0x200d, 0x1f9bc,
    0x1f469, 0x1f3fb, 0x200d, 0x1f9bd, 0x1f469, 0x1f3fc, 0x200d, 0x2695, 0x1f469, 0x1f3fc,
    0x200d, 0x2696, 0x1f469, 0x1f3fc, 0x200d, 0x2708, 0x1f469, 0x1f3fc, 0x200d, 0x1f33e,
    0x1f469, 0x1f3fc, 0x200d, 0x1f373, 0x1f469, 0x1f3fc, 0x200d, 0x1f37c, 0x1f469, 0x1f3fc,
    0x200d, 0x1f384, 0x1f469, 0x1f3fc, 0x200d, 0x1f393, 0x1f469, 0x1f3fc, 0x200d, 0x1f3a4,
    0x1f469, 0x1f3fc, 0x200d, 0x1f3a8, 0x1f469, 0x1f3fc, 0x200d, 0x1f3eb, 0x1f469, 0x1f3fc,
    0x200d, 0x1f3ed, 0x1f469, 0x1f3fc, 0x200d, 0x1f4bb, 0x1f469, 0x1f3fc, 0x200d, 0x1f4bc,
    0x1f469, 0x1f3fc, 0x200d, 0x1f527, 0x1f469, 0x1f3fc, 0x200d, 0x1f52c, 0x1f469, 0x1f3fc,
    0x200d, 0x1f680, 0x1f469, 0x1f3fc, 0x200d, 0x1f692, 0x1f469, 0x1f3fc, 0x200d, 0x1f9af,
    0x1f469, 0x1f3fc, 0x200d, 0x1f9b0, 0x1f469, 0x1f3fc, 0x200d, 0x1f9b1, 0x1f469, 0x1f3fc,
    0x200d, 0x1f9b2, 0x1f469, 0x1f3fc, 0x200d, 0x1f9b3, 0x1f469, 0x1f3fc, 0x200d, 0x1f9bc,
    0x1f469, 0x1f3fc, 0x200d, 0x1f9bd, 0x1f469, 0x1f3fd, 0x200d, 0x2695, 0x1f469, 0x1f3fd,
    0x200d, 0x2696, 0x1f469, 0x1f3fd, 0x200d, 0x2708, 0x1f469, 0x1f3fd, 0x200d, 0x1f33e,
    0x1f469, 0x1f3fd, 0x200d, 0x1f373, 0x1f469, 0x1f3fd, 0x200d, 0x1f37c, 0x1f469, 0x1f3fd,
    0x200d, 0x1f384, 0x1f469, 0x1f3fd, 0x200d, 0x1f393, 0x1f469, 0x1f3fd, 0x200d, 0x1f3a4,
    0x1f469, 0x1f3fd, 0x200d, 0x1f3a8, 0x1f469, 0x1f3fd, 0x200d, 0x1f3eb, 0x1f469, 0x1f3fd,
    0x200d, 0x1f3ed, 0x1f469, 0x1f3fd, 0x200d, 0x1f4bb, 0x1f469, 0x1f3fd, 0x200d, 0x1f4bc,
    0x1f469, 0x1f3fd, 0x200d, 0x1f527, 0x1f469, 0x1f3fd, 0x200d, 0x1f52c, 0x1f469, 0x1f3fd,
    0x200d, 0x1f680, 0x1f469, 0x1f3fd, 0x200d, 0x1f692, 0x1f469, 0x1f3fd, 0x200d, 0x1f9af,
    0x1f469, 0x1f3fd, 0x200d, 0x1f9b0, 0x1f469, 0x1f3fd, 0x200d, 0x1f9b1, 0x1f469, 0x1f3fd,
    0x200d, 0x1f9b2, 0x1f469, 0x1f3fd, 0x200d, 0x1f9b3, 0x1f469, 0x1f3fd, 0x200d, 0x1f9bc,
    0x1f469, 0x1f3fd, 0x200d, 0x1f9bd, 0x1f469, 0x1f3fe, 0x200d, 0x2695, 0x1f469, 0x1f3fe,
    0x200d, 0x2696, 0x1f469, 0x1f3fe, 0x200d, 0x2708, 0x1f469, 0x1f3fe, 0x200d, 0x1f33e,
    0x1f469, 0x1f3fe, 0x200d, 0x1f373, 0x1f469, 0x1f3fe, 0x200d, 0x1f37c, 0x1f469, 0x1f3fe,
    0x200d, 0x1f384, 0x1f469, 0x1f3fe, 0x200d, 0x1f393, 0x1f469, 0x1f3fe, 0x200d, 0x1f3a4,
    0x1f469, 0x1f3fe, 0x200d, 0x1f3a8, 0x1f469, 0x1f3fe, 0x200d, 0x1f3eb, 0x1f469, 0x1f3fe,
    0x200d, 0x1f3ed, 0x1f469, 0x1f3fe, 0x200d, 0x1f4bb, 0x1f469, 0x1f3fe, 0x200d, 0x1f4bc,
    0x1f469, 0x1f3fe, 0x200d, 0x1f527, 0x1f469, 0x1f3fe, 0x200d, 0x1f52c, 0x1f469, 0x1f3fe,
    0x200d, 0x1f680, 0x1f469, 0x1f3fe, 0x200d, 0x1f692, 0x1f469, 0x1f3fe, 0x200d, 0x1f9af,
    0x1f469, 0x1f3fe, 0x200d, 0x1f9b0, 0x1f469, 0x1f3fe, 0x200d, 0x1f9b1, 0x1f469, 0x1f3fe,
    0x200d, 0x1f9b2, 0x1f469, 0x1f3fe, 0x200d, 0x1f9b3, 0x1f469, 0x1f3fe, 0x200d, 0x1f9bc,
    0x1f469, 0x1f3fe, 0x200d, 0x1f9bd, 0x1f469, 0x1f3ff, 0x200d, 0x2695, 0x1f469, 0x1f3ff,
    0x200d, 0x2696, 0x1f469, 0x1f3ff, 0x200d, 0x2708, 0x1f469, 0x1f3ff, 0x200d, 0x1f33e,
    0x1f469, 0x1f3ff, 0x200d, 0x1f373, 0x1f469, 0x1f3ff, 0x200d, 0x1f37c, 0x1f469, 0x1f3ff,
    0x200d, 0x1f384, 0x1f469, 0x1f3ff, 0x200d, 0x1f393, 0x1f469, 0x1f3ff, 0x200d, 0x1f3a4,
    0x1f469, 0x1f3ff, 0x200d, 0x1f3a8, 0x1f469, 0x1f3ff, 0x200d, 0x1f3eb, 0x1f469, 0x1f3ff,
    0x200d, 0x1f3ed, 0x1f469, 0x1f3ff, 0x200d, 0x1f4bb, 0x1f469, 0x1f3ff, 0x200d, 0x1f4bc,
    0x1f469, 0x1f3ff, 0x200d, 0x1f527, 0x1f469, 0x1f3ff, 0x200d, 0x1f52c, 0x1f469, 0x1f3ff,
    0x200d, 0x1f680, 0x1f469, 0x1f3ff, 0x200d, 0x1f692, 0x1f469, 0x1f3ff, 0x200d, 0x1f9af,
    0x1f469, 0x1f3ff, 0x200d, 0x1f9b0, 0x1f469, 0x1f3ff, 0x200d, 0x1f9b1, 0x1f469, 0x1f3ff,
    0x200d, 0x1f9b2, 0x1f469, 0x1f3ff, 0x200d, 0x1f9b3, 0x1f469, 0x1f3ff, 0x200d, 0x1f9bc,
    0x1f469, 0x1f3ff, 0x200d, 0x1f9bd, 0x1f469, 0x200d, 0x2695, 0x1f469, 0x200d, 0x2696,
    0x1f469, 0x200d, 0x2708, 0x1f469, 0x200d, 0x1f33e, 0x1f469, 0x200d, 0x1f373, 0x1f469,
    0x200d, 0x1f37c, 0x1f469, 0x200d, 0x1f384, 0x1f469, 0x200d, 0x1f393, 0x1f469, 0x200d,
    0x1f3a4, 0x1f469, 0x200d, 0x1f3a8, 0x1f469, 0x200d, 0x1f3eb, 0x1f469, 0x200d, 0x1f3ed,
    0x1f469, 0x200d, 0x1f466, 0x1f469, 0x200d, 0x1f467, 0x1f469, 0x200d, 0x1f4bb, 0x1f469,
    0x200d, 0x1f4bc, 0x1f469, 0x200d, 0x1f527, 0x1f469, 0x200d, 0x1f52c, 0x1f469, 0x200d,
    0x1f680, 0x1f469, 0x200d, 0x1f692, 0x1f469, 0x200d, 0x1f9af, 0x1f469, 0x200d, 0x1f9b0,
    0x1f469, 0x200d, 0x1f9b1, 0x1f469, 0x200d, 0x1f9b2, 0x1f469, 0x200d, 0x1f9b3, 0x1f469,
    0x200d, 0x1f9bc, 0x1f469, 0x200d, 0x1f9bd, 0x1f469, 0x1f3fb, 0x1f469, 0x1f3fc, 0x1f469,
    0x1f3fd, 0x1f469, 0x1f3fe, 0x1f469, 0x1f3ff, 0x1f469, 0x1f46a, 0x1f46b, 0x1f3fb, 0x1f46b,
    0x1f3fc, 0x1f46b, 0x1f3fd, 0x1f46b, 0x1f3fe, 0x1f46b, 0x1f3ff, 0x1f46b, 0x1f46c, 0x1f3fb,
    0x1f46c, 0x1f3fc, 0x1f46c, 0x1f3fd, 0x1f46c, 0x1f3fe, 0x1f46c, 0x1f3ff, 0x1f46c, 0x1f46d,
    0x1f3fb, 0x1f46d, 0x1f3fc, 0x1f46d, 0x1f3fd, 0x1f46d, 0x1f3fe, 0x1f46d, 0x1f3ff, 0x1f46d,
    0x1f46e, 0x1f3fb, 0x200d, 0x2640, 0x1f46e, 0x1f3fb, 0x200d, 0x2642, 0x1f46e, 0x1f3fc,
    0x200d, 0x2640, 0x1f46e, 0x1f3fc, 0x200d, 0x2642, 0x1f46e, 0x1f3fd, 0x200d, 0x2640,
    0x1f46e, 0x1f3fd, 0x200d, 0x2642, 0x1f46e, 0x1f3fe, 0x200d, 0x2640, 0x1f46e, 0x1f3fe,
    0x200d, 0x2642, 0x1f46e, 0x1f3ff, 0x200d, 0x2640, 0x1f46e, 0x1f3ff, 0x200d, 0x2642,
    0x1f46e, 0x200d, 0x2640, 0x1f46e, 0x200d, 0x2642, 0x1f46e, 0x1f3fb, 0x1f46e, 0x1f3fc,
    0x1f46e, 0x1f3fd, 0x1f46e, 0x1f3fe, 0x1f46e, 0x1f3ff, 0x1f46e, 0x1f46f, 0x1f3fb, 0x200d,
    0x2640, 0x1f46f, 0x1f3fb, 0x200d, 0x2642, 0x1f46f, 0x1f3fc, 0x200d, 0x2640, 0x1f46f,
    0x1f3fc, 0x200d, 0x2642, 0x1f46f, 0x1f3fd, 0x200d, 0x2640, 0x1f46f, 0x1f3fd, 0x200d,
    0x2642, 0x1f46f, 0x1f3fe, 0x200d, 0x2640, 0x1f46f, 0x1f3fe, 0x200d, 0x2642, 0x1f46f,
    0x1f3ff, 0x200d, 0x2640, 0x1f46f, 0x1f3ff, 0x200d, 0x2642, 0x1f46f, 0x200d, 0x2640,
    0x1f46f, 0x200d, 0x2642, 0x1f46f, 0x1f3fb, 0x1f46f, 0x1f3fc, 0x1f46f, 0x1f3fd, 0x1f46f,
    0x1f3fe, 0x1f46f, 0x1f3ff, 0x1f46f, 0x1f470, 0x1f3fb, 0x200d, 0x2640, 0x1f470, 0x1f3fb,
    0x200d, 0x2642, 0x1f470, 0x1f3fc, 0x200d, 0x2640, 0x1f470, 0x1f3fc, 0x200d, 0x2642,
    0x1f470, 0x1f3fd, 0x200d, 0x2640, 0x1f470, 0x1f3fd, 0x200d, 0x2642, 0x1f470, 0x1f3fe,
    0x200d, 0x2640, 0x1f470, 0x1f3fe, 0x200d, 0x2642, 0x1f470, 0x1f3ff, 0x200d, 0x2640,
    0x1f470, 0x1f3ff, 0x200d, 0x2642, 0x1f470, 0x200d, 0x2640, 0x1f470, 0x200d, 0x2642,
    0x1f470, 0x1f3fb, 0x1f470, 0x1f3fc, 0x1f470, 0x1f3fd, 0x1f470, 0x1f3fe, 0x1f470, 0x1f3ff,
    0x1f470, 0x1f471, 0x1f3fb, 0x200d, 0x2640, 0x1f471, 0x1f3fb, 0x200d, 0x2642, 0x1f471,
    0x1f3fc, 0x200d, 0x2640, 0x1f471, 0x1f3fc, 0x200d, 0x2642, 0x1f471, 0x1f3fd, 0x200d,
    0x2640, 0x1f471, 0x1f3fd, 0x200d, 0x2642, 0x1f471, 0x1f3fe, 0x200d, 0x2640, 0x1f471,
    0x1f3fe, 0x200d, 0x2642, 0x1f471, 0x1f3ff, 0x200d, 0x2640, 0x1f471, 0x1f3ff, 0x200d,
    0x2642, 0x1f471, 0x200d, 0x2640, 0x1f471, 0x200d, 0x2642, 0x1f471, 0x1f3fb, 0x1f471,
    0x1f3fc, 0x1f471, 0x1f3fd, 0x1f471, 0x1f3fe, 0x1f471, 0x1f3ff, 0x1f471, 0x1f472, 0x1f3fb,
    0x1f472, 0x1f3fc, 0x1f472, 0x1f3fd, 0x1f472, 0x1f3fe, 0x1f472, 0x1f3ff, 0x1f472, 0x1f473,
    0x1f3fb, 0x200d, 0x2640, 0x1f473, 0x1f3fb, 0x200d, 0x2642, 0x1f473, 0x1f3fc, 0x200d,
    0x2640, 0x1f473, 0x1f3fc, 0x200d, 0x2642, 0x1f473, 0x1f3fd, 0x200d, 0x2640, 0x1f473,
    0x1f3fd, 0x200d, 0x2642, 0x1f473, 0x1f3fe, 0x200d, 0x2640, 0x1f473, 0x1f3fe, 0x200d,
    0x2642, 0x1f473, 0x1f3ff, 0x200d, 0x2640, 0x1f473, 0x1f3ff, 0x200d, 0x2642, 0x1f473,
    0x200d, 0x2640, 0x1f473, 0x200d, 0x2642, 0x1f473, 0x1f3fb, 0x1f473, 0x1f3fc, 0x1f473,
    0x1f3fd, 0x1f473, 0x1f3fe, 0x1f473, 0x1f3ff, 0x1f473, 0x1f474, 0x1f3fb, 0x1f474, 0x1f3fc,
    0x1f474, 0x1f3fd, 0x1f474, 0x1f3fe, 0x1f474, 0x1f3ff, 0x1f474, 0x1f475, 0x1f3fb, 0x1f475,
    0x1f3fc, 0x1f475, 0x1f3fd, 0x1f475, 0x1f3fe, 0x1f475, 0x1f3ff, 0x1f475, 0x1f476, 0x1f3fb,
    0x1f476, 0x1f3fc, 0x1f476, 0x1f3fd, 0x1f476, 0x1f3fe, 0x1f476, 0x1f3ff, 0x1f476, 0x1f477,
    0x1f3fb, 0x200d, 0x2640, 0x1f477, 0x1f3fb, 0x200d, 0x2642, 0x1f477, 0x1f3fc, 0x200d,
    0x2640, 0x1f477, 0x1f3fc, 0x200d, 0x2642, 0x1f477, 0x1f3fd, 0x200d, 0x2640, 0x1f477,
    0x1f3fd, 0x200d, 0x2642, 0x1f477, 0x1f3fe, 0x200d, 0x2640, 0x1f477, 0x1f3fe, 0x200d,
    0x2642, 0x1f477, 0x1f3ff, 0x200d, 0x2640, 0x1f477, 0x1f3ff, 0x200d, 0x2642, 0x1f477,
    0x200d, 0x2640, 0x1f477, 0x200d, 0x2642, 0x1f477, 0x1f3fb, 0x1f477, 0x1f3fc, 0x1f477,
    0x1f3fd, 0x1f477, 0x1f3fe, 0x1f477, 0x1f3ff, 0x1f477, 0x1f478, 0x1f3fb, 0x1f478, 0x1f3fc,
    0x1f478, 0x1f3fd, 0x1f478, 0x1f3fe, 0x1f478, 0x1f3ff, 0x1f478, 0x1f479, 0x1f47a, 0x1f47b,
    0x1f47c, 0x1f3fb, 0x1f47c, 0x1f3fc, 0x1f47c, 0x1f3fd, 0x1f47c, 0x1f3fe, 0x1f47c, 0x1f3ff,
    0x1f47c, 0x1f47d, 0x1f47e, 0x1f47f, 0x1f480, 0x1f481, 0x1f3fb, 0x200d, 0x2640, 0x1f481,
    0x1f3fb, 0x200d, 0x2642, 0x1f481, 0x1f3fc, 0x200d, 0x2640, 0x1f481, 0x1f3fc, 0x200d,
    0x2642, 0x1f481, 0x1f3fd, 0x200d, 0x2640, 0x1f481, 0x1f3fd, 0x200d, 0x2642, 0x1f481,
    0x1f3fe, 0x200d, 0x2640, 0x1f481, 0x1f3fe, 0x200d, 0x2642, 0x1f481, 0x1f3ff, 0x200d,
    0x2640, 0x1f481, 0x1f3ff, 0x200d, 0x2642, 0x1f481, 0x200d, 0x2640, 0x1f481, 0x200d,
    0x2642, 0x1f481, 0x1f3fb, 0x1f481, 0x1f3fc, 0x1f481, 0x1f3fd, 0x1f481, 0x1f3fe, 0x1f481,
    0x1f3ff, 0x1f481, 0x1f482, 0x1f3fb, 0x200d, 0x2640, 0x1f482, 0x1f3fb, 0x200d, 0x2642,
    0x1f482, 0x1f3fc, 0x200d, 0x2640, 0x1f482, 0x1f3fc, 0x200d, 0x2642, 0x1f482, 0x1f3fd,
    0x200d, 0x2640, 0x1f482, 0x1f3fd, 0x200d, 0x2642, 0x1f482, 0x1f3fe, 0x200d, 0x2640,
    0x1f482, 0x1f3fe, 0x200d, 0x2642, 0x1f482, 0x1f3ff, 0x200d, 0x2640, 0x1f482, 0x1f3ff,
    0x200d, 0x2642, 0x1f482, 0x200d, 0x2640, 0x1f482, 0x200d, 0x2642, 0x1f482, 0x1f3fb,
    0x1f482, 0x1f3fc, 0x1f482, 0x1f3fd, 0x1f482, 0x1f3fe, 0x1f482, 0x1f3ff, 0x1f482, 0x1f483,
    0x1f3fb, 0x1f483, 0x1f3fc, 0x1f483, 0x1f3fd, 0x1f483, 0x1f3fe, 0x1f483, 0x1f3ff, 0x1f483,
    0x1f484, 0x1f485, 0x1f3fb, 0x1f485, 0x1f3fc, 0x1f485, 0x1f3fd, 0x1f485, 0x1f3fe, 0x1f485,
    0x1f3ff, 0x1f485, 0x1f486, 0x1f3fb, 0x200d, 0x2640, 0x1f486, 0x1f3fb, 0x200d, 0x2642,
    0x1f486, 0x1f3fc, 0x200d, 0x2640, 0x1f486, 0x1f3fc, 0x200d, 0x2642, 0x1f486, 0x1f3fd,
    0x200d, 0x2640, 0x1f486, 0x1f3fd, 0x200d, 0x2642, 0x1f486, 0x1f3fe, 0x200d, 0x2640,
    0x1f486, 0x1f3fe, 0x200d, 0x2642, 0x1f486, 0x1f3ff, 0x200d, 0x2640, 0x1f486, 0x1f3ff,
    0x200d, 0x2642, 0x1f486, 0x200d, 0x2640, 0x1f486, 0x200d, 0x2642, 0x1f486, 0x1f3fb,
    0x1f486, 0x1f3fc, 0x1f486, 0x1f3fd, 0x1f486, 0x1f3fe, 0x1f486, 0x1f3ff, 0x1f486, 0x1f487,
    0x1f3fb, 0x200d, 0x2640, 0x1f487, 0x1f3fb, 0x200d, 0x2642, 0x1f487, 0x1f3fc, 0x200d,
    0x2640, 0x1f487, 0x1f3fc, 0x200d, 0x2642, 0x1f487, 0x1f3fd, 0x200d, 0x2640, 0x1f487,
    0x1f3fd, 0x200d, 0x2642, 0x1f487, 0x1f3fe, 0x200d, 0x2640, 0x1f487, 0x1f3fe, 0x200d,
    0x2642, 0x1f487, 0x1f3ff, 0x200d, 0x2640, 0x1f487, 0x1f3ff, 0x200d, 0x2642, 0x1f487,
    0x200d, 0x2640, 0x1f487, 0x200d, 0x2642, 0x1f487, 0x1f3fb, 0x1f487, 0x1f3fc, 0x1f487,
    0x1f3fd, 0x1f487, 0x1f3fe, 0x1f487, 0x1f3ff, 0x1f487, 0x1f488, 0x1f489, 0x1f48a, 0x1f48b,
    0x1f48c, 0x1f48d, 0x1f48e, 0x1f48f, 0x1f3fb, 0x1f48f, 0x1f3fc, 0x1f48f, 0x1f3fd, 0x1f48f,
    0x1f3fe, 0x1f48f, 0x1f3ff, 0x1f48f, 0x1f490, 0x1f491, 0x1f3fb, 0x1f491, 0x1f3fc, 0x1f491,
    0x1f3fd, 0x1f491, 0x1f3fe, 0x1f491, 0x1f3ff, 0x1f491, 0x1f492, 0x1f493, 0x1f494, 0x1f495,
    0x1f496, 0x1f497, 0x1f498, 0x1f499, 0x1f49a, 0x1f49b, 0x1f49c, 0x1f49d, 0x1f49e, 0x1f49f,
    0x1f4a0, 0x1f4a1, 0x1f4a2, 0x1f4a3, 0x1f4a4, 0x1f4a5, 0x1f4a6, 0x1f4a7, 0x1f4a8, 0x1f4a9,
    0x1f4aa, 0x1f3fb, 0x1f4aa, 0x1f3fc, 0x1f4aa, 0x1f3fd, 0x1f4aa, 0x1f3fe, 0x1f4aa, 0x1f3ff,
    0x1f4aa, 0x1f4ab, 0x1f4ac, 0x1f4ad, 0x1f4ae, 0x1f4af, 0x1f4b0, 0x1f4b1, 0x1f4b2, 0x1f4b3,
    0x1f4b4, 0x1f4b5, 0x1f4b6, 0x1f4b7, 0x1f4b8, 0x1f4b9, 0x1f4ba, 0x1f4bb, 0x1f4bc, 0x1f4bd,
    0x1f4be, 0x1f4bf, 0x1f4c0, 0x1f4c1, 0x1f4c2, 0x1f4c3, 0x1f4c4, 0x1f4c5, 0x1f4c6, 0x1f4c7,
    0x1f4c8, 0x1f4c9, 0x1f4ca, 0x1f4cb, 0x1f4cc, 0x1f4cd, 0x1f4ce, 0x1f4cf, 0x1f4d0, 0x1f4d1,
    0x1f4d2, 0x1f4d3, 0x1f4d4, 0x1f4d5, 0x1f4d6, 0x1f4d7, 0x1f4d8, 0x1f4d9, 0x1f4da, 0x1f4db,
    0x1f4dc, 0x1f4dd, 0x1f4de, 0x1f4df, 0x1f4e0, 0x1f4e1, 0x1f4e2, 0x1f4e3, 0x1f4e4, 0x1f4e5,
    0x1f4e6, 0x1f4e7, 0x1f4e8, 0x1f4e9, 0x1f4ea, 0x1f4eb, 0x1f4ec, 0x1f4ed, 0x1f4ee, 0x1f4ef,
    0x1f4f0, 0x1f4f1, 0x1f4f2, 0x1f4f3, 0x1f4f4, 0x1f4f5, 0x1f4f6, 0x1f4f7, 0x1f4f8, 0x1f4f9,
    0x1f4fa, 0x1f4fb, 0x1f4fc, 0x1f4fd, 0x1f4ff, 0x1f500, 0x1f501, 0x1f502, 0x1f503, 0x1f504,
    0x1f505, 0x1f506, 0x1f507, 0x1f508, 0x1f509, 0x1f50a, 0x1f50b, 0x1f50c, 0x1f50d, 0x1f50e,
    0x1f50f, 0x1f510, 0x1f511, 0x1f512, 0x1f513, 0x1f514, 0x1f515, 0x1f516, 0x1f517, 0x1f518,
    0x1f519, 0x1f51a, 0x1f51b, 0x1f51c, 0x1f51d, 0x1f51e, 0x1f51f, 0x1f520, 0x1f521, 0x1f522,
    0x1f523, 0x1f524, 0x1f525, 0x1f526, 0x1f527, 0x1f528, 0x1f529, 0x1f52a, 0x1f52b, 0x1f52c,
    0x1f52d, 0x1f52e, 0x1f52f, 0x1f530, 0x1f531, 0x1f532, 0x1f533, 0x1f534, 0x1f535, 0x1f536,
    0x1f537, 0x1f538, 0x1f539, 0x1f53a, 0x1f53b, 0x1f53c, 0x1f53d, 0x1f549, 0x1f54a, 0x1f54b,
    0x1f54c, 0x1f54d, 0x1f54e, 0x1f550, 0x1f551, 0x1f552, 0x1f553, 0x1f554, 0x1f555, 0x1f556,
    0x1f557, 0x1f558, 0x1f559, 0x1f55a, 0x1f55b, 0x1f55c, 0x1f55d, 0x1f55e, 0x1f55f, 0x1f560,
    0x1f561, 0x1f562, 0x1f563, 0x1f564, 0x1f565, 0x1f566, 0x1f567, 0x1f56f, 0x1f570, 0x1f573,
    0x1f574, 0x1f3fb, 0x200d, 0x2640, 0x1f574, 0x1f3fb, 0x200d, 0x2642, 0x1f574, 0x1f3fc,
    0x200d, 0x2640, 0x1f574, 0x1f3fc, 0x200d, 0x2642, 0x1f574, 0x1f3fd, 0x200d, 0x2640,
    0x1f574, 0x1f3fd, 0x200d, 0x2642, 0x1f574, 0x1f3fe, 0x200d, 0x2640, 0x1f574, 0x1f3fe,
    0x200d, 0x2642, 0x1f574, 0x1f3ff, 0x200d, 0x2640, 0x1f574, 0x1f3ff, 0x200d, 0x2642,
    0x1f574, 0x200d, 0x2640, 0x1f574, 0x200d, 0x2642, 0x1f574, 0x1f3fb, 0x1f574, 0x1f3fc,
    0x1f574, 0x1f3fd, 0x1f574, 0x1f3fe, 0x1f574, 0x1f3ff, 0x1f574, 0x1f575, 0x1f3fb, 0x200d,
    0x2640, 0x1f575, 0x1f3fb, 0x200d, 0x2642, 0x1f575, 0x1f3fc, 0x200d, 0x2640, 0x1f575,
    0x1f3fc, 0x200d, 0x2642, 0x1f575, 0x1f3fd, 0x200d, 0x2640, 0x1f575, 0x1f3fd, 0x200d,
    0x2642, 0x1f575, 0x1f3fe, 0x200d, 0x2640, 0x1f575, 0x1f3fe, 0x200d, 0x2642, 0x1f575,
    0x1f3ff, 0x200d, 0x2640, 0x1f575, 0x1f3ff, 0x200d, 0x2642, 0x1f575, 0x200d, 0x2640,
    0x1f575, 0x200d, 0x2642, 0x1f575, 0x1f3fb, 0x1f575, 0x1f3fc, 0x1f575, 0x1f3fd, 0x1f575,
    0x1f3fe, 0x1f575, 0x1f3ff, 0x1f575, 0x1f576, 0x1f577, 0x1f578, 0x1f579, 0x1f57a, 0x1f3fb,
    0x1f57a, 0x1f3fc, 0x1f57a, 0x1f3fd, 0x1f57a, 0x1f3fe, 0x1f57a, 0x1f3ff, 0x1f57a, 0x1f587,
    0x1f58a, 0x1f58b, 0x1f58c, 0x1f58d, 0x1f590, 0x1f3fb, 0x1f590, 0x1f3fc, 0x1f590, 0x1f3fd,
    0x1f590, 0x1f3fe, 0x1f590, 0x1f3ff, 0x1f590, 0x1f595, 0x1f3fb, 0x1f595, 0x1f3fc, 0x1f595,
    0x1f3fd, 0x1f595, 0x1f3fe, 0x1f595, 0x1f3ff, 0x1f595, 0x1f596, 0x1f3fb, 0x1f596, 0x1f3fc,
    0x1f596, 0x1f3fd, 0x1f596, 0x1f3fe, 0x1f596, 0x1f3ff, 0x1f596, 0x1f5a4, 0x1f5a5, 0x1f5a8,
    0x1f5b1, 0x1f5b2, 0x1f5bc, 0x1f5c2, 0x1f5c3, 0x1f5c4, 0x1f5d1, 0x1f5d2, 0x1f5d3, 0x1f5dc,
    0x1f5dd, 0x1f5de, 0x1f5e1, 0x1f5e3, 0x1f5e8, 0x1f5ef, 0x1f5f3, 0x1f5fa, 0x1f5fb, 0x1f5fc,
    0x1f5fd, 0x1f5fe, 0x1f5ff, 0x1f600, 0x1f601, 0x1f602, 0x1f603, 0x1f604, 0x1f605, 0x1f606,
    0x1f607, 0x1f608, 0x1f609, 0x1f60a, 0x1f60b, 0x1f60c, 0x1f60d, 0x1f60e, 0x1f60f, 0x1f610,
    0x1f611, 0x1f612, 0x1f613, 0x1f614, 0x1f615, 0x1f616, 0x1f617, 0x1f618, 0x1f619, 0x1f61a,
    0x1f61b, 0x1f61c, 0x1f61d, 0x1f61e, 0x1f61f, 0x1f620, 0x1f621, 0x1f622, 0x1f623, 0x1f624,
    0x1f625, 0x1f626, 0x1f627, 0x1f628, 0x1f629, 0x1f62a, 0x1f62b, 0x1f62c, 0x1f62d, 0x1f62e,
    0x200d, 0x1f4a8, 0x1f62e, 0x1f62f, 0x1f630, 0x1f631, 0x1f632, 0x1f633, 0x1f634, 0x1f635,
    0x200d, 0x1f4ab, 0x1f635, 0x1f636, 0x200d, 0x1f32b, 0x1f636, 0x1f637, 0x1f638, 0x1f639,
    0x1f63a, 0x1f63b, 0x1f63c, 0x1f63d, 0x1f63e, 0x1f63f, 0x1f640, 0x1f641, 0x1f642, 0x200d,
    0x2194, 0x1f642, 0x200d, 0x2195, 0x1f642, 0x1f643, 0x1f644, 0x1f645, 0x1f3fb, 0x200d,
    0x2640, 0x1f645, 0x1f3fb, 0x200d, 0x2642, 0x1f645, 0x1f3fc, 0x200d, 0x2640, 0x1f645,
    0x1f3fc, 0x200d, 0x2642, 0x1f645, 0x1f3fd, 0x200d, 0x2640, 0x1f645, 0x1f3fd, 0x200d,
    0x2642, 0x1f645, 0x1f3fe, 0x200d, 0x2640, 0x1f645, 0x1f3fe, 0x200d, 0x2642, 0x1f645,
    0x1f3ff, 0x200d, 0x2640, 0x1f645, 0x1f3ff, 0x200d, 0x2642, 0x1f645, 0x200d, 0x2640,
    0x1f645, 0x200d, 0x2642, 0x1f645, 0x1f3fb, 0x1f645, 0x1f3fc, 0x1f645, 0x1f3fd, 0x1f645,
    0x1f3fe, 0x1f645, 0x1f3ff, 0x1f645, 0x1f646, 0x1f3fb, 0x200d, 0x2640, 0x1f646, 0x1f3fb,
    0x200d, 0x2642, 0x1f646, 0x1f3fc, 0x200d, 0x2640, 0x1f646, 0x1f3fc, 0x200d, 0x2642,
    0x1f646, 0x1f3fd, 0x200d, 0x2640, 0x1f646, 0x1f3fd, 0x200d, 0x2642, 0x1f646, 0x1f3fe,
    0x200d, 0x2640, 0x1f646, 0x1f3fe, 0x200d, 0x2642, 0x1f646, 0x1f3ff, 0x200d, 0x2640,
    0x1f646, 0x1f3ff, 0x200d, 0x2642, 0x1f646, 0x200d, 0x2640, 0x1f646, 0x200d, 0x2642,
    0x1f646, 0x1f3fb, 0x1f646, 0x1f3fc, 0x1f646, 0x1f3fd, 0x1f646, 0x1f3fe, 0x1f646, 0x1f3ff,
    0x1f646, 0x1f647, 0x1f3fb, 0x200d, 0x2640, 0x1f647, 0x1f3fb, 0x200d, 0x2642, 0x1f647,
    0x1f3fc, 0x200d, 0x2640, 0x1f647, 0x1f3fc, 0x200d, 0x2642, 0x1f647, 0x1f3fd, 0x200d,
    0x2640, 0x1f647, 0x1f3fd, 0x200d, 0x2642, 0x1f647, 0x1f3fe, 0x200d, 0x2640, 0x1f647,
    0x1f3fe, 0x200d, 0x2642, 0x1f647, 0x1f3ff, 0x200d, 0x2640, 0x1f647, 0x1f3ff, 0x200d,
    0x2642, 0x1f647, 0x200d, 0x2640, 0x1f647, 0x200d, 0x2642, 0x1f647, 0x1f3fb, 0x1f647,
    0x1f3fc, 0x1f647, 0x1f3fd, 0x1f647, 0x1f3fe, 0x1f647, 0x1f3ff, 0x1f647, 0x1f648, 0x1f649,
    0x1f64a, 0x1f64b, 0x1f3fb, 0x200d, 0x2640, 0x1f64b, 0x1f3fb, 0x200d, 0x2642, 0x1f64b,
    0x1f3fc, 0x200d, 0x2640, 0x1f64b, 0x1f3fc, 0x200d, 0x2642, 0x1f64b, 0x1f3fd, 0x200d,
    0x2640, 0x1f64b, 0x1f3fd, 0x200d, 0x2642, 0x1f64b, 0x1f3fe, 0x200d, 0x2640, 0x1f64b,
    0x1f3fe, 0x200d, 0x2642, 0x1f64b, 0x1f3ff, 0x200d, 0x2640, 0x1f64b, 0x1f3ff, 0x200d,
    0x2642, 0x1f64b, 0x200d, 0x2640, 0x1f64b, 0x200d, 0x2642, 0x1f64b, 0x1f3fb, 0x1f64b,
    0x1f3fc, 0x1f64b, 0x1f3fd, 0x1f64b, 0x1f3fe, 0x1f64b, 0x1f3ff, 0x1f64b, 0x1f64c, 0x1f3fb,
    0x1f64c, 0x1f3fc, 0x1f64c, 0x1f3fd, 0x1f64c, 0x1f3fe, 0x1f64c, 0x1f3ff, 0x1f64c, 0x1f64d,
    0x1f3fb, 0x200d, 0x2640, 0x1f64d, 0x1f3fb, 0x200d, 0x2642, 0x1f64d, 0x1f3fc, 0x200d,
    0x2640, 0x1f64d, 0x1f3fc, 0x200d, 0x2642, 0x1f64d, 0x1f3fd, 0x200d, 0x2640, 0x1f64d,
    0x1f3fd, 0x200d, 0x2642, 0x1f64d, 0x1f3fe, 0x200d, 0x2640, 0x1f64d, 0x1f3fe, 0x200d,
    0x2642, 0x1f64d, 0x1f3ff, 0x200d, 0x2640, 0x1f64d, 0x1f3ff, 0x200d, 0x2642, 0x1f64d,
    0x200d, 0x2640, 0x1f64d, 0x200d, 0x2642, 0x1f64d, 0x1f3fb, 0x1f64d, 0x1f3fc, 0x1f64d,
    0x1f3fd, 0x1f64d, 0x1f3fe, 0x1f64d, 0x1f3ff, 0x1f64d, 0x1f64e, 0x1f3fb, 0x200d, 0x2640,
    0x1f64e, 0x1f3fb, 0x200d, 0x2642, 0x1f64e, 0x1f3fc, 0x200d, 0x2640, 0x1f64e, 0x1f3fc,
    0x200d, 0x2642, 0x1f64e, 0x1f3fd, 0x200d, 0x2640, 0x1f64e, 0x1f3fd, 0x200d, 0x2642,
    0x1f64e, 0x1f3fe, 0x200d, 0x2640, 0x1f64e, 0x1f3fe, 0x200d, 0x2642, 0x1f64e, 0x1f3ff,
    0x200d, 0x2640, 0x1f64e, 0x1f3ff, 0x200d, 0x2642, 0x1f64e, 0x200d, 0x2640, 0x1f64e,
    0x200d, 0x2642, 0x1f64e, 0x1f3fb, 0x1f64e, 0x1f3fc, 0x1f64e, 0x1f3fd, 0x1f64e, 0x1f3fe,
    0x1f64e, 0x1f3ff, 0x1f64e, 0x1f64f, 0x1f3fb, 0x1f64f, 0x1f3fc, 0x1f64f, 0x1f3fd, 0x1f64f,
    0x1f3fe, 0x1f64f, 0x1f3ff, 0x1f64f, 0x1f680, 0x1f681, 0x1f682, 0x1f683, 0x1f684, 0x1f685,
    0x1f686, 0x1f687, 0x1f688, 0x1f689, 0x1f68a, 0x1f68b, 0x1f68c, 0x1f68d, 0x1f68e, 0x1f68f,
    0x1f690, 0x1f691, 0x1f692, 0x1f693, 0x1f694, 0x1f695, 0x1f696, 0x1f697, 0x1f698, 0x1f699,
    0x1f69a, 0x1f69b, 0x1f69c, 0x1f69d, 0x1f69e, 0x1f69f, 0x1f6a0, 0x1f6a1, 0x1f6a2, 0x1f6a3,
    0x1f3fb, 0x200d, 0x2640, 0x1f6a3, 0x1f3fb, 0x200d, 0x2642, 0x1f6a3, 0x1f3fc, 0x200d,
    0x2640, 0x1f6a3, 0x1f3fc, 0x200d, 0x2642, 0x1f6a3, 0x1f3fd, 0x200d, 0x2640, 0x1f6a3,
    0x1f3fd, 0x200d, 0x2642, 0x1f6a3, 0x1f3fe, 0x200d, 0x2640, 0x1f6a3, 0x1f3fe, 0x200d,
    0x2642, 0x1f6a3, 0x1f3ff, 0x200d, 0x2640, 0x1f6a3, 0x1f3ff, 0x200d, 0x2642, 0x1f6a3,
    0x200d, 0x2640, 0x1f6a3, 0x200d, 0x2642, 0x1f6a3, 0x1f3fb, 0x1f6a3, 0x1f3fc, 0x1f6a3,
    0x1f3fd, 0x1f6a3, 0x1f3fe, 0x1f6a3, 0x1f3ff, 0x1f6a3, 0x1f6a4, 0x1f6a5, 0x1f6a6, 0x1f6a7,
    0x1f6a8, 0x1f6a9, 0x1f6aa, 0x1f6ab, 0x1f6ac, 0x1f6ad, 0x1f6ae, 0x1f6af, 0x1f6b0, 0x1f6b1,
    0x1f6b2, 0x1f6b3, 0x1f6b4, 0x1f3fb, 0x200d, 0x2640, 0x1f6b4, 0x1f3fb, 0x200d, 0x2642,
    0x1f6b4, 0x1f3fc, 0x200d, 0x2640, 0x1f6b4, 0x1f3fc, 0x200d, 0x2642, 0x1f6b4, 0x1f3fd,
    0x200d, 0x2640, 0x1f6b4, 0x1f3fd, 0x200d, 0x2642, 0x1f6b4, 0x1f3fe, 0x200d, 0x2640,
    0x1f6b4, 0x1f3fe, 0x200d, 0x2642, 0x1f6b4, 0x1f3ff, 0x200d, 0x2640, 0x1f6b4, 0x1f3ff,
    0x200d, 0x2642, 0x1f6b4, 0x200d, 0x2640, 0x1f6b4, 0x200d, 0x2642, 0x1f6b4, 0x1f3fb,
    0x1f6b4, 0x1f3fc, 0x1f6b4, 0x1f3fd, 0x1f6b4, 0x1f3fe, 0x1f6b4, 0x1f3ff, 0x1f6b4, 0x1f6b5,
    0x1f3fb, 0x200d, 0x2640, 0x1f6b5, 0x1f3fb, 0x200d, 0x2642, 0x1f6b5, 0x1f3fc, 0x200d,
    0x2640, 0x1f6b5, 0x1f3fc, 0x200d, 0x2642, 0x1f6b5, 0x1f3fd, 0x200d, 0x2640, 0x1f6b5,
    0x1f3fd, 0x200d, 0x2642, 0x1f6b5, 0x1f3fe, 0x200d, 0x2640, 0x1f6b5, 0x1f3fe, 0x200d,
    0x2642, 0x1f6b5, 0x1f3ff, 0x200d, 0x2640, 0x1f6b5, 0x1f3ff, 0x200d, 0x2642, 0x1f6b5,
    0x200d, 0x2640, 0x1f6b5, 0x200d, 0x2642, 0x1f6b5, 0x1f3fb, 0x1f6b5, 0x1f3fc, 0x1f6b5,
    0x1f3fd, 0x1f6b5, 0x1f3fe, 0x1f6b5, 0x1f3ff, 0x1f6b5, 0x1f6b6, 0x1f3fb, 0x200d, 0x2640,
    0x200d, 0x27a1, 0x1f6b6, 0x1f3fb, 0x200d, 0x2642, 0x200d, 0x27a1, 0x1f6b6, 0x1f3fc,
    0x200d, 0x2640, 0x200d, 0x27a1, 0x1f6b6, 0x1f3fc, 0x200d, 0x2642, 0x200d, 0x27a1,
    0x1f6b6, 0x1f3fd, 0x200d, 0x2640, 0x200d, 0x27a1, 0x1f6b6, 0x1f3fd, 0x200d, 0x2642,
    0x200d, 0x27a1, 0x1f6b6, 0x1f3fe, 0x200d, 0x2640, 0x200d, 0x27a1, 0x1f6b6, 0x1f3fe,
    0x200d, 0x2642, 0x200d, 0x27a1, 0x1f6b6, 0x1f3ff, 0x200d, 0x2640, 0x200d, 0x27a1,
    0x1f6b6, 0x1f3ff, 0x200d, 0x2642, 0x200d, 0x27a1, 0x1f6b6, 0x200d, 0x2640, 0x200d,
    0x27a1, 0x1f6b6, 0x200d, 0x2642, 0x200d, 0x27a1, 0x1f6b6, 0x1f3fb, 0x200d, 0x2640,
    0x1f6b6, 0x1f3fb, 0x200d, 0x2642, 0x1f6b6, 0x1f3fb, 0x200d, 0x27a1, 0x1f6b6, 0x1f3fc,
    0x200d, 0x2640, 0x1f6b6, 0x1f3fc, 0x200d, 0x2642, 0x1f6b6, 0x1f3fc, 0x200d, 0x27a1,
    0x1f6b6, 0x1f3fd, 0x200d, 0x2640, 0x1f6b6, 0x1f3fd, 0x200d, 0x2642, 0x1f6b6, 0x1f3fd,
    0x200d, 0x27a1, 0x1f6b6, 0x1f3fe, 0x200d, 0x2640, 0x1f6b6, 0x1f3fe, 0x200d, 0x2642,
    0x1f6b6, 0x1f3fe, 0x200d, 0x27a1, 0x1f6b6, 0x1f3ff, 0x200d, 0x2640, 0x1f6b6, 0x1f3ff,
    0x200d, 0x2642, 0x1f6b6, 0x1f3ff, 0x200d, 0x27a1, 0x1f6b6, 0x200d, 0x2640, 0x1f6b6,
    0x200d, 0x2642, 0x1f6b6, 0x200d, 0x27a1, 0x1f6b6, 0x1f3fb, 0x1f6b6, 0x1f3fc, 0x1f6b6,
    0x1f3fd, 0x1f6b6, 0x1f3fe, 0x1f6b6, 0x1f3ff, 0x1f6b6, 0x1f6b7, 0x1f6b8, 0x1f6b9, 0x1f6ba,
    0x1f6bb, 0x1f6bc, 0x1f6bd, 0x1f6be, 0x1f6bf, 0x1f6c0, 0x1f3fb, 0x1f6c0, 0x1f3fc, 0x1f6c0,
    0x1f3fd, 0x1f6c0, 0x1f3fe, 0x1f6c0, 0x1f3ff, 0x1f6c0, 0x1f6c1, 0x1f6c2, 0x1f6c3, 0x1f6c4,
    0x1f6c5, 0x1f6cb, 0x1f6cc, 0x1f3fb, 0x1f6cc, 0x1f3fc, 0x1f6cc, 0x1f3fd, 0x1f6cc, 0x1f3fe,
    0x1f6cc, 0x1f3ff, 0x1f6cc, 0x1f6cd, 0x1f6ce, 0x1f6cf, 0x1f6d0, 0x1f6d1, 0x1f6d2, 0x1f6d5,
    0x1f6d6, 0x1f6d7, 0x1f6d8, 0x1f6dc, 0x1f6dd, 0x1f6de, 0x1f6df, 0x1f6e0, 0x1f6e1, 0x1f6e2,
    0x1f6e3, 0x1f6e4, 0x1f6e5, 0x1f6e9, 0x1f6eb, 0x1f6ec, 0x1f6f0, 0x1f6f3, 0x1f6f4, 0x1f6f5,
    0x1f6f6, 0x1f6f7, 0x1f6f8, 0x1f6f9, 0x1f6fa, 0x1f6fb, 0x1f6fc, 0x1f7e0, 0x1f7e1, 0x1f7e2,
    0x1f7e3, 0x1f7e4, 0x1f7e5, 0x1f7e6, 0x1f7e7, 0x1f7e8, 0x1f7e9, 0x1f7ea, 0x1f7eb, 0x1f7f0,
    0x1f90c, 0x1f3fb, 0x1f90c, 0x1f3fc, 0x1f90c, 0x1f3fd, 0x1f90c, 0x1f3fe, 0x1f90c, 0x1f3ff,
    0x1f90c, 0x1f90d, 0x1f90e, 0x1f90f, 0x1f3fb, 0x1f90f, 0x1f3fc, 0x1f90f, 0x1f3fd, 0x1f90f,
    0x1f3fe, 0x1f90f, 0x1f3ff, 0x1f90f, 0x1f910, 0x1f911, 0x1f912, 0x1f913, 0x1f914, 0x1f915,
    0x1f916, 0x1f917, 0x1f918, 0x1f3fb, 0x1f918, 0x1f3fc, 0x1f918, 0x1f3fd, 0x1f918, 0x1f3fe,
    0x1f918, 0x1f3ff, 0x1f918, 0x1f919, 0x1f3fb, 0x1f919, 0x1f3fc, 0x1f919, 0x1f3fd, 0x1f919,
    0x1f3fe, 0x1f919, 0x1f3ff, 0x1f919, 0x1f91a, 0x1f3fb, 0x1f91a, 0x1f3fc, 0x1f91a, 0x1f3fd,
    0x1f91a, 0x1f3fe, 0x1f91a, 0x1f3ff, 0x1f91a, 0x1f91b, 0x1f3fb, 0x1f91b, 0x1f3fc, 0x1f91b,
    0x1f3fd, 0x1f91b, 0x1f3fe, 0x1f91b, 0x1f3ff, 0x1f91b, 0x1f91c, 0x1f3fb, 0x1f91c, 0x1f3fc,
    0x1f91c, 0x1f3fd, 0x1f91c, 0x1f3fe, 0x1f91c, 0x1f3ff, 0x1f91c, 0x1f91d, 0x1f3fb, 0x1f91d,
    0x1f3fc, 0x1f91d, 0x1f3fd, 0x1f91d, 0x1f3fe, 0x1f91d, 0x1f3ff, 0x1f91d, 0x1f91e, 0x1f3fb,
    0x1f91e, 0x1f3fc, 0x1f91e, 0x1f3fd, 0x1f91e, 0x1f3fe, 0x1f91e, 0x1f3ff, 0x1f91e, 0x1f91f,
    0x1f3fb, 0x1f91f, 0x1f3fc, 0x1f91f, 0x1f3fd, 0x1f91f, 0x1f3fe, 0x1f91f, 0x1f3ff, 0x1f91f,
    0x1f920, 0x1f921, 0x1f922, 0x1f923, 0x1f924, 0x1f925, 0x1f926, 0x1f3fb, 0x200d, 0x2640,
    0x1f926, 0x1f3fb, 0x200d, 0x2642, 0x1f926, 0x1f3fc, 0x200d, 0x2640, 0x1f926, 0x1f3fc,
    0x200d, 0x2642, 0x1f926, 0x1f3fd, 0x200d, 0x2640, 0x1f926, 0x1f3fd, 0x200d, 0x2642,
    0x1f926, 0x1f3fe, 0x200d, 0x2640, 0x1f926, 0x1f3fe, 0x200d, 0x2642, 0x1f926, 0x1f3ff,
    0x200d, 0x2640, 0x1f926, 0x1f3ff, 0x200d, 0x2642, 0x1f926, 0x200d, 0x2640, 0x1f926,
    0x200d, 0x2642, 0x1f926, 0x1f3fb, 0x1f926, 0x1f3fc, 0x1f926, 0x1f3fd, 0x1f926, 0x1f3fe,
    0x1f926, 0x1f3ff, 0x1f926, 0x1f927, 0x1f928, 0x1f929, 0x1f92a, 0x1f92b, 0x1f92c, 0x1f92d,
    0x1f92e, 0x1f92f, 0x1f930, 0x1f3fb, 0x1f930, 0x1f3fc, 0x1f930, 0x1f3fd, 0x1f930, 0x1f3fe,
    0x1f930, 0x1f3ff, 0x1f930, 0x1f931, 0x1f3fb, 0x1f931, 0x1f3fc, 0x1f931, 0x1f3fd, 0x1f931,
    0x1f3fe, 0x1f931, 0x1f3ff, 0x1f931, 0x1f932, 0x1f3fb, 0x1f932, 0x1f3fc, 0x1f932, 0x1f3fd,
    0x1f932, 0x1f3fe, 0x1f932, 0x1f3ff, 0x1f932, 0x1f933, 0x1f3fb, 0x1f933, 0x1f3fc, 0x1f933,
    0x1f3fd, 0x1f933, 0x1f3fe, 0x1f933, 0x1f3ff, 0x1f933, 0x1f934, 0x1f3fb, 0x1f934, 0x1f3fc,
    0x1f934, 0x1f3fd, 0x1f934, 0x1f3fe, 0x1f934, 0x1f3ff, 0x1f934, 0x1f935, 0x1f3fb, 0x200d,
    0x2640, 0x1f935, 0x1f3fb, 0x200d, 0x2642, 0x1f935, 0x1f3fc, 0x200d, 0x2640, 0x1f935,
    0x1f3fc, 0x200d, 0x2642, 0x1f935, 0x1f3fd, 0x200d, 0x2640, 0x1f935, 0x1f3fd, 0x200d,
    0x2642, 0x1f935, 0x1f3fe, 0x200d, 0x2640, 0x1f935, 0x1f3fe, 0x200d, 0x2642, 0x1f935,
    0x1f3ff, 0x200d, 0x2640, 0x1f935, 0x1f3ff, 0x200d, 0x2642, 0x1f935, 0x200d, 0x2640,
    0x1f935, 0x200d, 0x2642, 0x1f935, 0x1f3fb, 0x1f935, 0x1f3fc, 0x1f935, 0x1f3fd, 0x1f935,
    0x1f3fe, 0x1f935, 0x1f3ff, 0x1f935, 0x1f936, 0x1f3fb, 0x1f936, 0x1f3fc, 0x1f936, 0x1f3fd,
    0x1f936, 0x1f3fe, 0x1f936, 0x1f3ff, 0x1f936, 0x1f937, 0x1f3fb, 0x200d, 0x2640, 0x1f937,
    0x1f3fb, 0x200d, 0x2642, 0x1f937, 0x1f3fc, 0x200d, 0x2640, 0x1f937, 0x1f3fc, 0x200d,
    0x2642, 0x1f937, 0x1f3fd, 0x200d, 0x2640, 0x1f937, 0x1f3fd, 0x200d, 0x2642, 0x1f937,
    0x1f3fe, 0x200d, 0x2640, 0x1f937, 0x1f3fe, 0x200d, 0x2642, 0x1f937, 0x1f3ff, 0x200d,
    0x2640, 0x1f937, 0x1f3ff, 0x200d, 0x2642, 0x1f937, 0x200d, 0x2640, 0x1f937, 0x200d,
    0x2642, 0x1f937, 0x1f3fb, 0x1f937, 0x1f3fc, 0x1f937, 0x1f3fd, 0x1f937, 0x1f3fe, 0x1f937,
    0x1f3ff, 0x1f937, 0x1f938, 0x1f3fb, 0x200d, 0x2640, 0x1f938, 0x1f3fb, 0x200d, 0x2642,
    0x1f938, 0x1f3fc, 0x200d, 0x2640, 0x1f938, 0x1f3fc, 0x200d, 0x2642, 0x1f938, 0x1f3fd,
    0x200d, 0x2640, 0x1f938, 0x1f3fd, 0x200d, 0x2642, 0x1f938, 0x1f3fe, 0x200d, 0x2640,
    0x1f938, 0x1f3fe, 0x200d, 0x2642, 0x1f938, 0x1f3ff, 0x200d, 0x2640, 0x1f938, 0x1f3ff,
    0x200d, 0x2642, 0x1f938, 0x200d, 0x2640, 0x1f938, 0x200d, 0x2642, 0x1f938, 0x1f3fb,
    0x1f938, 0x1f3fc, 0x1f938, 0x1f3fd, 0x1f938, 0x1f3fe, 0x1f938, 0x1f3ff, 0x1f938, 0x1f939,
    0x1f3fb, 0x200d, 0x2640, 0x1f939, 0x1f3fb, 0x200d, 0x2642, 0x1f939, 0x1f3fc, 0x200d,
    0x2640, 0x1f939, 0x1f3fc, 0x200d, 0x2642, 0x1f939, 0x1f3fd, 0x200d, 0x2640, 0x1f939,
    0x1f3fd, 0x200d, 0x2642, 0x1f939, 0x1f3fe, 0x200d, 0x2640, 0x1f939, 0x1f3fe, 0x200d,
    0x2642, 0x1f939, 0x1f3ff, 0x200d, 0x2640, 0x1f939, 0x1f3ff, 0x200d, 0x2642, 0x1f939,
    0x200d, 0x2640, 0x1f939, 0x200d, 0x2642, 0x1f939, 0x1f3fb, 0x1f939, 0x1f3fc, 0x1f939,
    0x1f3fd, 0x1f939, 0x1f3fe, 0x1f939, 0x1f3ff, 0x1f939, 0x1f93a, 0x1f93c, 0x1f3fb, 0x200d,
    0x2640, 0x1f93c, 0x1f3fb, 0x200d, 0x2642, 0x1f93c, 0x1f3fc, 0x200d, 0x2640, 0x1f93c,
    0x1f3fc, 0x200d, 0x2642, 0x1f93c, 0x1f3fd, 0x200d, 0x2640, 0x1f93c, 0x1f3fd, 0x200d,
    0x2642, 0x1f93c, 0x1f3fe, 0x200d, 0x2640, 0x1f93c, 0x1f3fe, 0x200d, 0x2642, 0x1f93c,
    0x1f3ff, 0x200d, 0x2640, 0x1f93c, 0x1f3ff, 0x200d, 0x2642, 0x1f93c, 0x200d, 0x2640,
    0x1f93c, 0x200d, 0x2642, 0x1f93c, 0x1f3fb, 0x1f93c, 0x1f3fc, 0x1f93c, 0x1f3fd, 0x1f93c,
    0x1f3fe, 0x1f93c, 0x1f3ff, 0x1f93c, 0x1f93d, 0x1f3fb, 0x200d, 0x2640, 0x1f93d, 0x1f3fb,
    0x200d, 0x2642, 0x1f93d, 0x1f3fc, 0x200d, 0x2640, 0x1f93d, 0x1f3fc, 0x200d, 0x2642,
    0x1f93d, 0x1f3fd, 0x200d, 0x2640, 0x1f93d, 0x1f3fd, 0x200d, 0x2642, 0x1f93d, 0x1f3fe,
    0x200d, 0x2640, 0x1f93d, 0x1f3fe, 0x200d, 0x2642, 0x1f93d, 0x1f3ff, 0x200d, 0x2640,
    0x1f93d, 0x1f3ff, 0x200d, 0x2642, 0x1f93d, 0x200d, 0x2640, 0x1f93d, 0x200d, 0x2642,
    0x1f93d, 0x1f3fb, 0x1f93d, 0x1f3fc, 0x1f93d, 0x1f3fd, 0x1f93d, 0x1f3fe, 0x1f93d, 0x1f3ff,
    0x1f93d, 0x1f93e, 0x1f3fb, 0x200d, 0x2640, 0x1f93e, 0x1f3fb, 0x200d, 0x2642, 0x1f93e,
    0x1f3fc, 0x200d, 0x2640, 0x1f93e, 0x1f3fc, 0x200d, 0x2642, 0x1f93e, 0x1f3fd, 0x200d,
    0x2640, 0x1f93e, 0x1f3fd, 0x200d, 0x2642, 0x1f93e, 0x1f3fe, 0x200d, 0x2640, 0x1f93e,
    0x1f3fe, 0x200d, 0x2642, 0x1f93e, 0x1f3ff, 0x200d, 0x2640, 0x1f93e, 0x1f3ff, 0x200d,
    0x2642, 0x1f93e, 0x200d, 0x2640, 0x1f93e, 0x200d, 0x2642, 0x1f93e, 0x1f3fb, 0x1f93e,
    0x1f3fc, 0x1f93e, 0x1f3fd, 0x1f93e, 0x1f3fe, 0x1f93e, 0x1f3ff, 0x1f93e, 0x1f93f, 0x1f940,
    0x1f941, 0x1f942, 0x1f943, 0x1f944, 0x1f945, 0x1f947, 0x1f948, 0x1f949, 0x1f94a, 0x1f94b,
    0x1f94c, 0x1f94d, 0x1f94e, 0x1f94f, 0x1f950, 0x1f951, 0x1f952, 0x1f953, 0x1f954, 0x1f955,
    0x1f956, 0x1f957, 0x1f958, 0x1f959, 0x1f95a, 0x1f95b, 0x1f95c, 0x1f95d, 0x1f95e, 0x1f95f,
    0x1f960, 0x1f961, 0x1f962, 0x1f963, 0x1f964, 0x1f965, 0x1f966, 0x1f967, 0x1f968, 0x1f969,
    0x1f96a, 0x1f96b, 0x1f96c, 0x1f96d, 0x1f96e, 0x1f96f, 0x1f970, 0x1f971, 0x1f972, 0x1f973,
    0x1f974, 0x1f975, 0x1f976, 0x1f977, 0x1f3fb, 0x1f977, 0x1f3fc, 0x1f977, 0x1f3fd, 0x1f977,
    0x1f3fe, 0x1f977, 0x1f3ff, 0x1f977, 0x1f978, 0x1f979, 0x1f97a, 0x1f97b, 0x1f97c, 0x1f97d,
    0x1f97e, 0x1f97f, 0x1f980, 0x1f981, 0x1f982, 0x1f983, 0x1f984, 0x1f985, 0x1f986, 0x1f987,
    0x1f988, 0x1f989, 0x1f98a, 0x1f98b, 0x1f98c, 0x1f98d, 0x1f98e, 0x1f98f, 0x1f990, 0x1f991,
    0x1f992, 0x1f993, 0x1f994, 0x1f995, 0x1f996, 0x1f997, 0x1f998, 0x1f999, 0x1f99a, 0x1f99b,
    0x1f99c, 0x1f99d, 0x1f99e, 0x1f99f, 0x1f9a0, 0x1f9a1, 0x1f9a2, 0x1f9a3, 0x1f9a4, 0x1f9a5,
    0x1f9a6, 0x1f9a7, 0x1f9a8, 0x1f9a9, 0x1f9aa, 0x1f9ab, 0x1f9ac, 0x1f9ad, 0x1f9ae, 0x1f9af,
    0x1f9b0, 0x1f9b1, 0x1f9b2, 0x1f9b3, 0x1f9b4, 0x1f9b5, 0x1f3fb, 0x1f9b5, 0x1f3fc, 0x1f9b5,
    0x1f3fd, 0x1f9b5, 0x1f3fe, 0x1f9b5, 0x1f3ff, 0x1f9b5, 0x1f9b6, 0x1f3fb, 0x1f9b6, 0x1f3fc,
    0x1f9b6, 0x1f3fd, 0x1f9b6, 0x1f3fe, 0x1f9b6, 0x1f3ff, 0x1f9b6, 0x1f9b7, 0x1f9b8, 0x1f3fb,
    0x200d, 0x2640, 0x1f9b8, 0x1f3fb, 0x200d, 0x2642, 0x1f9b8, 0x1f3fc, 0x200d, 0x2640,
    0x1f9b8, 0x1f3fc, 0x200d, 0x2642, 0x1f9b8, 0x1f3fd, 0x200d, 0x2640, 0x1f9b8, 0x1f3fd,
    0x200d, 0x2642, 0x1f9b8, 0x1f3fe, 0x200d, 0x2640, 0x1f9b8, 0x1f3fe, 0x200d, 0x2642,
    0x1f9b8, 0x1f3ff, 0x200d, 0x2640, 0x1f9b8, 0x1f3ff, 0x200d, 0x2642, 0x1f9b8, 0x200d,
    0x2640, 0x1f9b8, 0x200d, 0x2642, 0x1f9b8, 0x1f3fb, 0x1f9b8, 0x1f3fc, 0x1f9b8, 0x1f3fd,
    0x1f9b8, 0x1f3fe, 0x1f9b8, 0x1f3ff, 0x1f9b8, 0x1f9b9, 0x1f3fb, 0x200d, 0x2640, 0x1f9b9,
    0x1f3fb, 0x200d, 0x2642, 0x1f9b9, 0x1f3fc, 0x200d, 0x2640, 0x1f9b9, 0x1f3fc, 0x200d,
    0x2642, 0x1f9b9, 0x1f3fd, 0x200d, 0x2640, 0x1f9b9, 0x1f3fd, 0x200d, 0x2642, 0x1f9b9,
    0x1f3fe, 0x200d, 0x2640, 0x1f9b9, 0x1f3fe, 0x200d, 0x2642, 0x1f9b9, 0x1f3ff, 0x200d,
    0x2640, 0x1f9b9, 0x1f3ff, 0x200d, 0x2642, 0x1f9b9, 0x200d, 0x2640, 0x1f9b9, 0x200d,
    0x2642, 0x1f9b9, 0x1f3fb, 0x1f9b9, 0x1f3fc, 0x1f9b9, 0x1f3fd, 0x1f9b9, 0x1f3fe, 0x1f9b9,
    0x1f3ff, 0x1f9b9, 0x1f9ba, 0x1f9bb, 0x1f3fb, 0x1f9bb, 0x1f3fc, 0x1f9bb, 0x1f3fd, 0x1f9bb,
    0x1f3fe, 0x1f9bb, 0x1f3ff, 0x1f9bb, 0x1f9bc, 0x1f9bd, 0x1f9be, 0x1f9bf, 0x1f9c0, 0x1f9c1,
    0x1f9c2, 0x1f9c3, 0x1f9c4, 0x1f9c5, 0x1f9c6, 0x1f9c7, 0x1f9c8, 0x1f9c9, 0x1f9ca, 0x1f9cb,
    0x1f9cc, 0x1f9cd, 0x1f3fb, 0x200d, 0x2640, 0x1f9cd, 0x1f3fb, 0x200d, 0x2642, 0x1f9cd,
    0x1f3fc, 0x200d, 0x2640, 0x1f9cd, 0x1f3fc, 0x200d, 0x2642, 0x1f9cd, 0x1f3fd, 0x200d,
    0x2640, 0x1f9cd, 0x1f3fd, 0x200d, 0x2642, 0x1f9cd, 0x1f3fe, 0x200d, 0x2640, 0x1f9cd,
    0x1f3fe, 0x200d, 0x2642, 0x1f9cd, 0x1f3ff, 0x200d, 0x2640, 0x1f9cd, 0x1f3ff, 0x200d,
    0x2642, 0x1f9cd, 0x200d, 0x2640, 0x1f9cd, 0x200d, 0x2642, 0x1f9cd, 0x1f3fb, 0x1f9cd,
    0x1f3fc, 0x1f9cd, 0x1f3fd, 0x1f9cd, 0x1f3fe, 0x1f9cd, 0x1f3ff, 0x1f9cd, 0x1f9ce, 0x1f3fb,
    0x200d, 0x2640, 0x200d, 0x27a1, 0x1f9ce, 0x1f3fb, 0x200d, 0x2642, 0x200d, 0x27a1,
    0x1f9ce, 0x1f3fc, 0x200d, 0x2640, 0x200d, 0x27a1, 0x1f9ce, 0x1f3fc, 0x200d, 0x2642,
    0x200d, 0x27a1, 0x1f9ce, 0x1f3fd, 0x200d, 0x2640, 0x200d, 0x27a1, 0x1f9ce, 0x1f3fd,
    0x200d, 0x2642, 0x200d, 0x27a1, 0x1f9ce, 0x1f3fe, 0x200d, 0x2640, 0x200d, 0x27a1,
    0x1f9ce, 0x1f3fe, 0x200d, 0x2642, 0x200d, 0x27a1, 0x1f9ce, 0x1f3ff, 0x200d, 0x2640,
    0x200d, 0x27a1, 0x1f9ce, 0x1f3ff, 0x200d, 0x2642, 0x200d, 0x27a1, 0x1f9ce, 0x200d,
    0x2640, 0x200d, 0x27a1, 0x1f9ce, 0x200d, 0x2642, 0x200d, 0x27a1, 0x1f9ce, 0x1f3fb,
    0x200d, 0x2640, 0x1f9ce, 0x1f3fb, 0x200d, 0x2642, 0x1f9ce, 0x1f3fb, 0x200d, 0x27a1,
    0x1f9ce, 0x1f3fc, 0x200d, 0x2640, 0x1f9ce, 0x1f3fc, 0x200d, 0x2642, 0x1f9ce, 0x1f3fc,
    0x200d, 0x27a1, 0x1f9ce, 0x1f3fd, 0x200d, 0x2640, 0x1f9ce, 0x1f3fd, 0x200d, 0x2642,
    0x1f9ce, 0x1f3fd, 0x200d, 0x27a1, 0x1f9ce, 0x1f3fe, 0x200d, 0x2640, 0x1f9ce, 0x1f3fe,
    0x200d, 0x2642, 0x1f9ce, 0x1f3fe, 0x200d, 0x27a1, 0x1f9ce, 0x1f3ff, 0x200d, 0x2640,
    0x1f9ce, 0x1f3ff, 0x200d, 0x2642, 0x1f9ce, 0x1f3ff, 0x200d, 0x27a1, 0x1f9ce, 0x200d,
    0x2640, 0x1f9ce, 0x200d, 0x2642, 0x1f9ce, 0x200d, 0x27a1, 0x1f9ce, 0x1f3fb, 0x1f9ce,
    0x1f3fc, 0x1f9ce, 0x1f3fd, 0x1f9ce, 0x1f3fe, 0x1f9ce, 0x1f3ff, 0x1f9ce, 0x1f9cf, 0x1f3fb,
    0x200d, 0x2640, 0x1f9cf, 0x1f3fb, 0x200d, 0x2642, 0x1f9cf, 0x1f3fc, 0x200d, 0x2640,
    0x1f9cf, 0x1f3fc, 0x200d, 0x2642, 0x1f9cf, 0x1f3fd, 0x200d, 0x2640, 0x1f9cf, 0x1f3fd,
    0x200d, 0x2642, 0x1f9cf, 0x1f3fe, 0x200d, 0x2640, 0x1f9cf, 0x1f3fe, 0x200d, 0x2642,
    0x1f9cf, 0x1f3ff, 0x200d, 0x2640, 0x1f9cf, 0x1f3ff, 0x200d, 0x2642, 0x1f9cf, 0x200d,
    0x2640, 0x1f9cf, 0x200d, 0x2642, 0x1f9cf, 0x1f3fb, 0x1f9cf, 0x1f3fc, 0x1f9cf, 0x1f3fd,
    0x1f9cf, 0x1f3fe, 0x1f9cf, 0x1f3ff, 0x1f9cf, 0x1f9d0, 0x1f9d1, 0x1f3fb, 0x200d, 0x2764,
    0x200d, 0x1f48b, 0x200d, 0x1f9d1, 0x1f3fc, 0x1f9d1, 0x1f3fb, 0x200d, 0x2764, 0x200d,
    0x1f48b, 0x200d, 0x1f9d1, 0x1f3fd, 0x1f9d1, 0x1f3fb, 0x200d, 0x2764, 0x200d, 0x1f48b,
    0x200d, 0x1f9d1, 0x1f3fe, 0x1f9d1, 0x1f3fb, 0x200d, 0x2764, 0x200d, 0x1f48b, 0x200d,
    0x1f9d1, 0x1f3ff, 0x1f9d1, 0x1f3fc, 0x200d, 0x2764, 0x200d, 0x1f48b, 0x200d, 0x1f9d1,
    0x1f3fb, 0x1f9d1, 0x1f3fc, 0x200d, 0x2764, 0x200d, 0x1f48b, 0x200d, 0x1f9d1, 0x1f3fd,
    0x1f9d1, 0x1f3fc, 0x200d, 0x2764, 0x200d, 0x1f48b, 0x200d, 0x1f9d1, 0x1f3fe, 0x1f9d1,
    0x1f3fc, 0x200d, 0x2764, 0x200d, 0x1f48b, 0x200d, 0x1f9d1, 0x1f3ff, 0x1f9d1, 0x1f3fd,
    0x200d, 0x2764, 0x200d, 0x1f48b, 0x200d, 0x1f9d1, 0x1f3fb, 0x1f9d1, 0x1f3fd, 0x200d,
    0x2764, 0x200d, 0x1f48b, 0x200d, 0x1f9d1, 0x1f3fc, 0x1f9d1, 0x1f3fd, 0x200d, 0x2764,
    0x200d, 0x1f48b, 0x200d, 0x1f9d1, 0x1f3fe, 0x1f9d1, 0x1f3fd, 0x200d, 0x2764, 0x200d,
    0x1f48b, 0x200d, 0x1f9d1, 0x1f3ff, 0x1f9d1, 0x1f3fe, 0x200d, 0x2764, 0x200d, 0x1f48b,
    0x200d, 0x1f9d1, 0x1f3fb, 0x1f9d1, 0x1f3fe, 0x200d, 0x2764, 0x200d, 0x1f48b, 0x200d,
    0x1f9d1, 0x1f3fc, 0x1f9d1, 0x1f3fe, 0x200d, 0x2764, 0x200d, 0x1f48b, 0x200d, 0x1f9d1,
    0x1f3fd, 0x1f9d1, 0x1f3fe, 0x200d, 0x2764, 0x200d, 0x1f48b, 0x200d, 0x1f9d1, 0x1f3ff,
    0x1f9d1, 0x1f3ff, 0x200d, 0x2764, 0x200d, 0x1f48b, 0x200d, 0x1f9d1, 0x1f3fb, 0x1f9d1,
    0x1f3ff, 0x200d, 0x2764, 0x200d, 0x1f48b, 0x200d, 0x1f9d1, 0x1f3fc, 0x1f9d1, 0x1f3ff,
    0x200d, 0x2764, 0x200d, 0x1f48b, 0x200d, 0x1f9d1, 0x1f3fd, 0x1f9d1, 0x1f3ff, 0x200d,
    0x2764, 0x200d, 0x1f48b, 0x200d, 0x1f9d1, 0x1f3fe, 0x1f9d1, 0x200d, 0x1f9d1, 0x200d,
    0x1f9d2, 0x200d, 0x1f9d2, 0x1f9d1, 0x1f3fb, 0x200d, 0x2764, 0x200d, 0x1f9d1, 0x1f3fc,
    0x1f9d1, 0x1f3fb, 0x200d, 0x2764, 0x200d, 0x1f9d1, 0x1f3fd, 0x1f9d1, 0x1f3fb, 0x200d,
    0x2764, 0x200d, 0x1f9d1, 0x1f3fe, 0x1f9d1, 0x1f3fb, 0x200d, 0x2764, 0x200d, 0x1f9d1,
    0x1f3ff, 0x1f9d1, 0x1f3fb, 0x200d, 0x1f430, 0x200d, 0x1f9d1, 0x1f3fc, 0x1f9d1, 0x1f3fb,
    0x200d, 0x1f430, 0x200d, 0x1f9d1, 0x1f3fd, 0x1f9d1, 0x1f3fb, 0x200d, 0x1f430, 0x200d,
    0x1f9d1, 0x1f3fe, 0x1f9d1, 0x1f3fb, 0x200d, 0x1f430, 0x200d, 0x1f9d1, 0x1f3ff, 0x1f9d1,
    0x1f3fb, 0x200d, 0x1f91d, 0x200d, 0x1f9d1, 0x1f3fb, 0x1f9d1, 0x1f3fb, 0x200d, 0x1f91d,
    0x200d, 0x1f9d1, 0x1f3fc, 0x1f9d1, 0x1f3fb, 0x200d, 0x1f91d, 0x200d, 0x1f9d1, 0x1f3fd,
    0x1f9d1, 0x1f3fb, 0x200d, 0x1f91d, 0x200d, 0x1f9d1, 0x1f3fe, 0x1f9d1, 0x1f3fb, 0x200d,
    0x1f91d, 0x200d, 0x1f9d1, 0x1f3ff, 0x1f9d1, 0x1f3fb, 0x200d, 0x1faef, 0x200d, 0x1f9d1,
    0x1f3fc, 0x1f9d1, 0x1f3fb, 0x200d, 0x1faef, 0x200d, 0x1f9d1, 0x1f3fd, 0x1f9d1, 0x1f3fb,
    0x200d, 0x1faef, 0x200d, 0x1f9d1, 0x1f3fe, 0x1f9d1, 0x1f3fb, 0x200d, 0x1faef, 0x200d,
    0x1f9d1, 0x1f3ff, 0x1f9d1, 0x1f3fc, 0x200d, 0x2764, 0x200d, 0x1f9d1, 0x1f3fb, 0x1f9d1,
    0x1f3fc, 0x200d, 0x2764, 0x200d, 0x1f9d1, 0x1f3fd, 0x1f9d1, 0x1f3fc, 0x200d, 0x2764,
    0x200d, 0x1f9d1, 0x1f3fe, 0x1f9d1, 0x1f3fc, 0x200d, 0x2764, 0x200d, 0x1f9d1, 0x1f3ff,
    0x1f9d1, 0x1f3fc, 0x200d, 0x1f430, 0x200d, 0x1f9d1, 0x1f3fb, 0x1f9d1, 0x1f3fc, 0x200d,
    0x1f430, 0x200d, 0x1f9d1, 0x1f3fd, 0x1f9d1, 0x1f3fc, 0x200d, 0x1f430, 0x200d, 0x1f9d1,
    0x1f3fe, 0x1f9d1, 0x1f3fc, 0x200d, 0x1f430, 0x200d, 0x1f9d1, 0x1f3ff, 0x1f9d1, 0x1f3fc,
    0x200d, 0x1f91d, 0x200d, 0x1f9d1, 0x1f3fb, 0x1f9d1, 0x1f3fc, 0x200d, 0x1f91d, 0x200d,
    0x1f9d1, 0x1f3fc, 0x1f9d1, 0x1f3fc, 0x200d, 0x1f91d, 0x200d, 0x1f9d1, 0x1f3fd, 0x1f9d1,
    0x1f3fc, 0x200d, 0x1f91d, 0x200d, 0x1f9d1, 0x1f3fe, 0x1f9d1, 0x1f3fc, 0x200d, 0x1f91d,
    0x200d, 0x1f9d1, 0x1f3ff, 0x1f9d1, 0x1f3fc, 0x200d, 0x1faef, 0x200d, 0x1f9d1, 0x1f3fb,
    0x1f9d1, 0x1f3fc, 0x200d, 0x1faef, 0x200d, 0x1f9d1, 0x1f3fd, 0x1f9d1, 0x1f3fc, 0x200d,
    0x1faef, 0x200d, 0x1f9d1, 0x1f3fe, 0x1f9d1, 0x1f3fc, 0x200d, 0x1faef, 0x200d, 0x1f9d1,
    0x1f3ff, 0x1f9d1, 0x1f3fd, 0x200d, 0x2764, 0x200d, 0x1f9d1, 0x1f3fb, 0x1f9d1, 0x1f3fd,
    0x200d, 0x2764, 0x200d, 0x1f9d1, 0x1f3fc, 0x1f9d1, 0x1f3fd, 0x200d, 0x2764, 0x200d,
    0x1f9d1, 0x1f3fe, 0x1f9d1, 0x1f3fd, 0x200d, 0x2764, 0x200d, 0x1f9d1, 0x1f3ff, 0x1f9d1,
    0x1f3fd, 0x200d, 0x1f430, 0x200d, 0x1f9d1, 0x1f3fb, 0x1f9d1, 0x1f3fd, 0x200d, 0x1f430,
    0x200d, 0x1f9d1, 0x1f3fc, 0x1f9d1, 0x1f3fd, 0x200d, 0x1f430, 0x200d, 0x1f9d1, 0x1f3fe,
    0x1f9d1, 0x1f3fd, 0x200d, 0x1f430, 0x200d, 0x1f9d1, 0x1f3ff, 0x1f9d1, 0x1f3fd, 0x200d,
    0x1f91d, 0x200d, 0x1f9d1, 0x1f3fb, 0x1f9d1, 0x1f3fd, 0x200d, 0x1f91d, 0x200d, 0x1f9d1,
    0x1f3fc, 0x1f9d1, 0x1f3fd, 0x200d, 0x1f91d, 0x200d, 0x1f9d1, 0x1f3fd, 0x1f9d1, 0x1f3fd,
    0x200d, 0x1f91d, 0x200d, 0x1f9d1, 0x1f3fe, 0x1f9d1, 0x1f3fd, 0x200d, 0x1f91d, 0x200d,
    0x1f9d1, 0x1f3ff, 0x1f9d1, 0x1f3fd, 0x200d, 0x1faef, 0x200d, 0x1f9d1, 0x1f3fb, 0x1f9d1,
    0x1f3fd, 0x200d, 0x1faef, 0x200d, 0x1f9d1, 0x1f3fc, 0x1f9d1, 0x1f3fd, 0x200d, 0x1faef,
    0x200d, 0x1f9d1, 0x1f3fe, 0x1f9d1, 0x1f3fd, 0x200d, 0x1faef, 0x200d, 0x1f9d1, 0x1f3ff,
    0x1f9d1, 0x1f3fe, 0x200d, 0x2764, 0x200d, 0x1f9d1, 0x1f3fb, 0x1f9d1, 0x1f3fe, 0x200d,
    0x2764, 0x200d, 0x1f9d1, 0x1f3fc, 0x1f9d1, 0x1f3fe, 0x200d, 0x2764, 0x200d, 0x1f9d1,
    0x1f3fd, 0x1f9d1, 0x1f3fe, 0x200d, 0x2764, 0x200d, 0x1f9d1, 0x1f3ff, 0x1f9d1, 0x1f3fe,
    0x200d, 0x1f430, 0x200d, 0x1f9d1, 0x1f3fb, 0x1f9d1, 0x1f3fe, 0x200d, 0x1f430, 0x200d,
    0x1f9d1, 0x1f3fc, 0x1f9d1, 0x1f3fe, 0x200d, 0x1f430, 0x200d, 0x1f9d1, 0x1f3fd, 0x1f9d1,
    0x1f3fe, 0x200d, 0x1f430, 0x200d, 0x1f9d1, 0x1f3ff, 0x1f9d1, 0x1f3fe, 0x200d, 0x1f91d,
    0x200d, 0x1f9d1, 0x1f3fb, 0x1f9d1, 0x1f3fe, 0x200d, 0x1f91d, 0x200d, 0x1f9d1, 0x1f3fc,
    0x1f9d1, 0x1f3fe, 0x200d, 0x1f91d, 0x200d, 0x1f9d1, 0x1f3fd, 0x1f9d1, 0x1f3fe, 0x200d,
    0x1f91d, 0x200d, 0x1f9d1, 0x1f3fe, 0x1f9d1, 0x1f3fe, 0x200d, 0x1f91d, 0x200d, 0x1f9d1,
    0x1f3ff, 0x1f9d1, 0x1f3fe, 0x200d, 0x1faef, 0x200d, 0x1f9d1, 0x1f3fb, 0x1f9d1, 0x1f3fe,
    0x200d, 0x1faef, 0x200d, 0x1f9d1, 0x1f3fc, 0x1f9d1, 0x1f3fe, 0x200d, 0x1faef, 0x200d,
    0x1f9d1, 0x1f3fd, 0x1f9d1, 0x1f3fe, 0x200d, 0x1faef, 0x200d, 0x1f9d1, 0x1f3ff, 0x1f9d1,
    0x1f3ff, 0x200d, 0x2764, 0x200d, 0x1f9d1, 0x1f3fb, 0x1f9d1, 0x1f3ff, 0x200d, 0x2764,
    0x200d, 0x1f9d1, 0x1f3fc, 0x1f9d1, 0x1f3ff, 0x200d, 0x2764, 0x200d, 0x1f9d1, 0x1f3fd,
    0x1f9d1, 0x1f3ff, 0x200d, 0x2764, 0x200d, 0x1f9d1, 0x1f3fe, 0x1f9d1, 0x1f3ff, 0x200d,
    0x1f430, 0x200d, 0x1f9d1, 0x1f3fb, 0x1f9d1, 0x1f3ff, 0x200d, 0x1f430, 0x200d, 0x1f9d1,
    0x1f3fc, 0x1f9d1, 0x1f3ff, 0x200d, 0x1f430, 0x200d, 0x1f9d1, 0x1f3fd, 0x1f9d1, 0x1f3ff,
    0x200d, 0x1f430, 0x200d, 0x1f9d1, 0x1f3fe, 0x1f9d1, 0x1f3ff, 0x200d, 0x1f91d, 0x200d,
    0x1f9d1, 0x1f3fb, 0x1f9d1, 0x1f3ff, 0x200d, 0x1f91d, 0x200d, 0x1f9d1, 0x1f3fc, 0x1f9d1,
    0x1f3ff, 0x200d, 0x1f91d, 0x200d, 0x1f9d1, 0x1f3fd, 0x1f9d1, 0x1f3ff, 0x200d, 0x1f91d,
    0x200d, 0x1f9d1, 0x1f3fe, 0x1f9d1, 0x1f3ff, 0x200d, 0x1f91d, 0x200d, 0x1f9d1, 0x1f3ff,
    0x1f9d1, 0x1f3ff, 0x200d, 0x1faef, 0x200d, 0x1f9d1, 0x1f3fb, 0x1f9d1, 0x1f3ff, 0x200d,
    0x1faef, 0x200d, 0x1f9d1, 0x1f3fc, 0x1f9d1, 0x1f3ff, 0x200d, 0x1faef, 0x200d, 0x1f9d1,
    0x1f3fd, 0x1f9d1, 0x1f3ff, 0x200d, 0x1faef, 0x200d, 0x1f9d1, 0x1f3fe, 0x1f9d1, 0x1f3fb,
    0x200d, 0x1f9af, 0x200d, 0x27a1, 0x1f9d1, 0x1f3fb, 0x200d, 0x1f9bc, 0x200d, 0x27a1,
    0x1f9d1, 0x1f3fb, 0x200d, 0x1f9bd, 0x200d, 0x27a1, 0x1f9d1, 0x1f3fc, 0x200d, 0x1f9af,
    0x200d, 0x27a1, 0x1f9d1, 0x1f3fc, 0x200d, 0x1f9bc, 0x200d, 0x27a1, 0x1f9d1, 0x1f3fc,
    0x200d, 0x1f9bd, 0x200d, 0x27a1, 0x1f9d1, 0x1f3fd, 0x200d, 0x1f9af, 0x200d, 0x27a1,
    0x1f9d1, 0x1f3fd, 0x200d, 0x1f9bc, 0x200d, 0x27a1, 0x1f9d1, 0x1f3fd, 0x200d, 0x1f9bd,
    0x200d, 0x27a1, 0x1f9d1, 0x1f3fe, 0x200d, 0x1f9af, 0x200d, 0x27a1, 0x1f9d1, 0x1f3fe,
    0x200d, 0x1f9bc, 0x200d, 0x27a1, 0x1f9d1, 0x1f3fe, 0x200d, 0x1f9bd, 0x200d, 0x27a1,
    0x1f9d1, 0x1f3ff, 0x200d, 0x1f9af, 0x200d, 0x27a1, 0x1f9d1, 0x1f3ff, 0x200d, 0x1f9bc,
    0x200d, 0x27a1, 0x1f9d1, 0x1f3ff, 0x200d, 0x1f9bd, 0x200d, 0x27a1, 0x1f9d1, 0x200d,
    0x1f91d, 0x200d, 0x1f9d1, 0x1f9d1, 0x200d, 0x1f9af, 0x200d, 0x27a1, 0x1f9d1, 0x200d,
    0x1f9bc, 0x200d, 0x27a1, 0x1f9d1, 0x200d, 0x1f9bd, 0x200d, 0x27a1, 0x1f9d1, 0x200d,
    0x1f9d1, 0x200d, 0x1f9d2, 0x1f9d1, 0x200d, 0x1f9d2, 0x200d, 0x1f9d2, 0x1f9d1, 0x1f3fb,
    0x200d, 0x2695, 0x1f9d1, 0x1f3fb, 0x200d, 0x2696, 0x1f9d1, 0x1f3fb, 0x200d, 0x2708,
    0x1f9d1, 0x1f3fb, 0x200d, 0x1f33e, 0x1f9d1, 0x1f3fb, 0x200d, 0x1f373, 0x1f9d1, 0x1f3fb,
    0x200d, 0x1f37c, 0x1f9d1, 0x1f3fb, 0x200d, 0x1f384, 0x1f9d1, 0x1f3fb, 0x200d, 0x1f393,
    0x1f9d1, 0x1f3fb, 0x200d, 0x1f3a4, 0x1f9d1, 0x1f3fb, 0x200d, 0x1f3a8, 0x1f9d1, 0x1f3fb,
    0x200d, 0x1f3eb, 0x1f9d1, 0x1f3fb, 0x200d, 0x1f3ed, 0x1f9d1, 0x1f3fb, 0x200d, 0x1f4bb,
    0x1f9d1, 0x1f3fb, 0x200d, 0x1f4bc, 0x1f9d1, 0x1f3fb, 0x200d, 0x1f527, 0x1f9d1, 0x1f3fb,
    0x200d, 0x1f52c, 0x1f9d1, 0x1f3fb, 0x200d, 0x1f680, 0x1f9d1, 0x1f3fb, 0x200d, 0x1f692,
    0x1f9d1, 0x1f3fb, 0x200d, 0x1f9af, 0x1f9d1, 0x1f3fb, 0x200d, 0x1f9b0, 0x1f9d1, 0x1f3fb,
    0x200d, 0x1f9b1, 0x1f9d1, 0x1f3fb, 0x200d, 0x1f9b2, 0x1f9d1, 0x1f3fb, 0x200d, 0x1f9b3,
    0x1f9d1, 0x1f3fb, 0x200d, 0x1f9bc, 0x1f9d1, 0x1f3fb, 0x200d, 0x1f9bd, 0x1f9d1, 0x1f3fb,
    0x200d, 0x1fa70, 0x1f9d1, 0x1f3fc, 0x200d, 0x2695, 0x1f9d1, 0x1f3fc, 0x200d, 0x2696,
    0x1f9d1, 0x1f3fc, 0x200d, 0x2708, 0x1f9d1, 0x1f3fc, 0x200d, 0x1f33e, 0x1f9d1, 0x1f3fc,
    0x200d, 0x1f373, 0x1f9d1, 0x1f3fc, 0x200d, 0x1f37c, 0x1f9d1, 0x1f3fc, 0x200d, 0x1f384,
    0x1f9d1, 0x1f3fc, 0x200d, 0x1f393, 0x1f9d1, 0x1f3fc, 0x200d, 0x1f3a4, 0x1f9d1, 0x1f3fc,
    0x200d, 0x1f3a8, 0x1f9d1, 0x1f3fc, 0x200d, 0x1f3eb, 0x1f9d1, 0x1f3fc, 0x200d, 0x1f3ed,
    0x1f9d1, 0x1f3fc, 0x200d, 0x1f4bb, 0x1f9d1, 0x1f3fc, 0x200d, 0x1f4bc, 0x1f9d1, 0x1f3fc,
    0x200d, 0x1f527, 0x1f9d1, 0x1f3fc, 0x200d, 0x1f52c, 0x1f9d1, 0x1f3fc, 0x200d, 0x1f680,
    0x1f9d1, 0x1f3fc, 0x200d, 0x1f692, 0x1f9d1, 0x1f3fc, 0x200d, 0x1f9af, 0x1f9d1, 0x1f3fc,
    0x200d, 0x1f9b0, 0x1f9d1, 0x1f3fc, 0x200d, 0x1f9b1, 0x1f9d1, 0x1f3fc, 0x200d, 0x1f9b2,
    0x1f9d1, 0x1f3fc, 0x200d, 0x1f9b3, 0x1f9d1, 0x1f3fc, 0x200d, 0x1f9bc, 0x1f9d1, 0x1f3fc,
    0x200d, 0x1f9bd, 0x1f9d1, 0x1f3fc, 0x200d, 0x1fa70, 0x1f9d1, 0x1f3fd, 0x200d, 0x2695,
    0x1f9d1, 0x1f3fd, 0x200d, 0x2696, 0x1f9d1, 0x1f3fd, 0x200d, 0x2708, 0x1f9d1, 0x1f3fd,
    0x200d, 0x1f33e, 0x1f9d1, 0x1f3fd, 0x200d, 0x1f373, 0x1f9d1, 0x1f3fd, 0x200d, 0x1f37c,
    0x1f9d1, 0x1f3fd, 0x200d, 0x1f384, 0x1f9d1, 0x1f3fd, 0x200d, 0x1f393, 0x1f9d1, 0x1f3fd,
    0x200d, 0x1f3a4, 0x1f9d1, 0x1f3fd, 0x200d, 0x1f3a8, 0x1f9d1, 0x1f3fd, 0x200d, 0x1f3eb,
    0x1f9d1, 0x1f3fd, 0x200d, 0x1f3ed, 0x1f9d1, 0x1f3fd, 0x200d, 0x1f4bb, 0x1f9d1, 0x1f3fd,
    0x200d, 0x1f4bc, 0x1f9d1, 0x1f3fd, 0x200d, 0x1f527, 0x1f9d1, 0x1f3fd, 0x200d, 0x1f52c,
    0x1f9d1, 0x1f3fd, 0x200d, 0x1f680, 0x1f9d1, 0x1f3fd, 0x200d, 0x1f692, 0x1f9d1, 0x1f3fd,
    0x200d, 0x1f9af, 0x1f9d1, 0x1f3fd, 0x200d, 0x1f9b0, 0x1f9d1, 0x1f3fd, 0x200d, 0x1f9b1,
    0x1f9d1, 0x1f3fd, 0x200d, 0x1f9b2, 0x1f9d1, 0x1f3fd, 0x200d, 0x1f9b3, 0x1f9d1, 0x1f3fd,
    0x200d, 0x1f9bc, 0x1f9d1, 0x1f3fd, 0x200d, 0x1f9bd, 0x1f9d1, 0x1f3fd, 0x200d, 0x1fa70,
    0x1f9d1, 0x1f3fe, 0x200d, 0x2695, 0x1f9d1, 0x1f3fe, 0x200d, 0x2696, 0x1f9d1, 0x1f3fe,
    0x200d, 0x2708, 0x1f9d1, 0x1f3fe, 0x200d, 0x1f33e, 0x1f9d1, 0x1f3fe, 0x200d, 0x1f373,
    0x1f9d1, 0x1f3fe, 0x200d, 0x1f37c, 0x1f9d1, 0x1f3fe, 0x200d, 0x1f384, 0x1f9d1, 0x1f3fe,
    0x200d, 0x1f393, 0x1f9d1, 0x1f3fe, 0x200d, 0x1f3a4, 0x1f9d1, 0x1f3fe, 0x200d, 0x1f3a8,
    0x1f9d1, 0x1f3fe, 0x200d, 0x1f3eb, 0x1f9d1, 0x1f3fe, 0x200d, 0x1f3ed, 0x1f9d1, 0x1f3fe,
    0x200d, 0x1f4bb, 0x1f9d1, 0x1f3fe, 0x200d, 0x1f4bc, 0x1f9d1, 0x1f3fe, 0x200d, 0x1f527,
    0x1f9d1, 0x1f3fe, 0x200d, 0x1f52c, 0x1f9d1, 0x1f3fe, 0x200d, 0x1f680, 0x1f9d1, 0x1f3fe,
    0x200d, 0x1f692, 0x1f9d1, 0x1f3fe, 0x200d, 0x1f9af, 0x1f9d1, 0x1f3fe, 0x200d, 0x1f9b0,
    0x1f9d1, 0x1f3fe, 0x200d, 0x1f9b1, 0x1f9d1, 0x1f3fe, 0x200d, 0x1f9b2, 0x1f9d1, 0x1f3fe,
    0x200d, 0x1f9b3, 0x1f9d1, 0x1f3fe, 0x200d, 0x1f9bc, 0x1f9d1, 0x1f3fe, 0x200d, 0x1f9bd,
    0x1f9d1, 0x1f3fe, 0x200d, 0x1fa70, 0x1f9d1, 0x1f3ff, 0x200d, 0x2695, 0x1f9d1, 0x1f3ff,
    0x200d, 0x2696, 0x1f9d1, 0x1f3ff, 0x200d, 0x2708, 0x1f9d1, 0x1f3ff, 0x200d, 0x1f33e,
    0x1f9d1, 0x1f3ff, 0x200d, 0x1f373, 0x1f9d1, 0x1f3ff, 0x200d, 0x1f37c, 0x1f9d1, 0x1f3ff,
    0x200d, 0x1f384, 0x1f9d1, 0x1f3ff, 0x200d, 0x1f393, 0x1f9d1, 0x1f3ff, 0x200d, 0x1f3a4,
    0x1f9d1, 0x1f3ff, 0x200d, 0x1f3a8, 0x1f9d1, 0x1f3ff, 0x200d, 0x1f3eb, 0x1f9d1, 0x1f3ff,
    0x200d, 0x1f3ed, 0x1f9d1, 0x1f3ff, 0x200d, 0x1f4bb, 0x1f9d1, 0x1f3ff, 0x200d, 0x1f4bc,
    0x1f9d1, 0x1f3ff, 0x200d, 0x1f527, 0x1f9d1, 0x1f3ff, 0x200d, 0x1f52c, 0x1f9d1, 0x1f3ff,
    0x200d, 0x1f680, 0x1f9d1, 0x1f3ff, 0x200d, 0x1f692, 0x1f9d1, 0x1f3ff, 0x200d, 0x1f9af,
    0x1f9d1, 0x1f3ff, 0x200d, 0x1f9b0, 0x1f9d1, 0x1f3ff, 0x200d, 0x1f9b1, 0x1f9d1, 0x1f3ff,
    0x200d, 0x1f9b2, 0x1f9d1, 0x1f3ff, 0x200d, 0x1f9b3, 0x1f9d1, 0x1f3ff, 0x200d, 0x1f9bc,
    0x1f9d1, 0x1f3ff, 0x200d, 0x1f9bd, 0x1f9d1, 0x1f3ff, 0x200d, 0x1fa70, 0x1f9d1, 0x200d,
    0x2695, 0x1f9d1, 0x200d, 0x2696, 0x1f9d1, 0x200d, 0x2708, 0x1f9d1, 0x200d, 0x1f33e,
    0x1f9d1, 0x200d, 0x1f373, 0x1f9d1, 0x200d, 0x1f37c, 0x1f9d1, 0x200d, 0x1f384, 0x1f9d1,
    0x200d, 0x1f393, 0x1f9d1, 0x200d, 0x1f3a4, 0x1f9d1, 0x200d, 0x1f3a8, 0x1f9d1, 0x200d,
    0x1f3eb, 0x1f9d1, 0x200d, 0x1f3ed, 0x1f9d1, 0x200d, 0x1f4bb, 0x1f9d1, 0x200d, 0x1f4bc,
    0x1f9d1, 0x200d, 0x1f527, 0x1f9d1, 0x200d, 0x1f52c, 0x1f9d1, 0x200d, 0x1f680, 0x1f9d1,
    0x200d, 0x1f692, 0x1f9d1, 0x200d, 0x1f9af, 0x1f9d1, 0x200d, 0x1f9b0, 0x1f9d1, 0x200d,
    0x1f9b1, 0x1f9d1, 0x200d, 0x1f9b2, 0x1f9d1, 0x200d, 0x1f9b3, 0x1f9d1, 0x200d, 0x1f9bc,
    0x1f9d1, 0x200d, 0x1f9bd, 0x1f9d1, 0x200d, 0x1f9d2, 0x1f9d1, 0x200d, 0x1fa70, 0x1f9d1,
    0x1f3fb, 0x1f9d1, 0x1f3fc, 0x1f9d1, 0x1f3fd, 0x1f9d1, 0x1f3fe, 0x1f9d1, 0x1f3ff, 0x1f9d1,
    0x1f9d2, 0x1f3fb, 0x1f9d2, 0x1f3fc, 0x1f9d2, 0x1f3fd, 0x1f9d2, 0x1f3fe, 0x1f9d2, 0x1f3ff,
    0x1f9d2, 0x1f9d3, 0x1f3fb, 0x1f9d3, 0x1f3fc, 0x1f9d3, 0x1f3fd, 0x1f9d3, 0x1f3fe, 0x1f9d3,
    0x1f3ff, 0x1f9d3, 0x1f9d4, 0x1f3fb, 0x200d, 0x2640, 0x1f9d4, 0x1f3fb, 0x200d, 0x2642,
    0x1f9d4, 0x1f3fc, 0x200d, 0x2640, 0x1f9d4, 0x1f3fc, 0x200d, 0x2642, 0x1f9d4, 0x1f3fd,
    0x200d, 0x2640, 0x1f9d4, 0x1f3fd, 0x200d, 0x2642, 0x1f9d4, 0x1f3fe, 0x200d, 0x2640,
    0x1f9d4, 0x1f3fe, 0x200d, 0x2642, 0x1f9d4, 0x1f3ff, 0x200d, 0x2640, 0x1f9d4, 0x1f3ff,
    0x200d, 0x2642, 0x1f9d4, 0x200d, 0x2640, 0x1f9d4, 0x200d, 0x2642, 0x1f9d4, 0x1f3fb,
    0x1f9d4, 0x1f3fc, 0x1f9d4, 0x1f3fd, 0x1f9d4, 0x1f3fe, 0x1f9d4, 0x1f3ff, 0x1f9d4, 0x1f9d5,
    0x1f3fb, 0x1f9d5, 0x1f3fc, 0x1f9d5, 0x1f3fd, 0x1f9d5, 0x1f3fe, 0x1f9d5, 0x1f3ff, 0x1f9d5,
    0x1f9d6, 0x1f3fb, 0x200d, 0x2640, 0x1f9d6, 0x1f3fb, 0x200d, 0x2642, 0x1f9d6, 0x1f3fc,
    0x200d, 0x2640, 0x1f9d6, 0x1f3fc, 0x200d, 0x2642, 0x1f9d6, 0x1f3fd, 0x200d, 0x2640,
    0x1f9d6, 0x1f3fd, 0x200d, 0x2642, 0x1f9d6, 0x1f3fe, 0x200d, 0x2640, 0x1f9d6, 0x1f3fe,
    0x200d, 0x2642, 0x1f9d6, 0x1f3ff, 0x200d, 0x2640, 0x1f9d6, 0x1f3ff, 0x200d, 0x2642,
    0x1f9d6, 0x200d, 0x2640, 0x1f9d6, 0x200d, 0x2642, 0x1f9d6, 0x1f3fb, 0x1f9d6, 0x1f3fc,
    0x1f9d6, 0x1f3fd, 0x1f9d6, 0x1f3fe, 0x1f9d6, 0x1f3ff, 0x1f9d6, 0x1f9d7, 0x1f3fb, 0x200d,
    0x2640, 0x1f9d7, 0x1f3fb, 0x200d, 0x2642, 0x1f9d7, 0x1f3fc, 0x200d, 0x2640, 0x1f9d7,
    0x1f3fc, 0x200d, 0x2642, 0x1f9d7, 0x1f3fd, 0x200d, 0x2640, 0x1f9d7, 0x1f3fd, 0x200d,
    0x2642, 0x1f9d7, 0x1f3fe, 0x200d, 0x2640, 0x1f9d7, 0x1f3fe, 0x200d, 0x2642, 0x1f9d7,
    0x1f3ff, 0x200d, 0x2640, 0x1f9d7, 0x1f3ff, 0x200d, 0x2642, 0x1f9d7, 0x200d, 0x2640,
    0x1f9d7, 0x200d, 0x2642, 0x1f9d7, 0x1f3fb, 0x1f9d7, 0x1f3fc, 0x1f9d7, 0x1f3fd, 0x1f9d7,
    0x1f3fe, 0x1f9d7, 0x1f3ff, 0x1f9d7, 0x1f9d8, 0x1f3fb, 0x200d, 0x2640, 0x1f9d8, 0x1f3fb,
    0x200d, 0x2642, 0x1f9d8, 0x1f3fc, 0x200d, 0x2640, 0x1f9d8, 0x1f3fc, 0x200d, 0x2642,
    0x1f9d8, 0x1f3fd, 0x200d, 0x2640, 0x1f9d8, 0x1f3fd, 0x200d, 0x2642, 0x1f9d8, 0x1f3fe,
    0x200d, 0x2640, 0x1f9d8, 0x1f3fe, 0x200d, 0x2642, 0x1f9d8, 0x1f3ff, 0x200d, 0x2640,
    0x1f9d8, 0x1f3ff, 0x200d, 0x2642, 0x1f9d8, 0x200d, 0x2640, 0x1f9d8, 0x200d, 0x2642,
    0x1f9d8, 0x1f3fb, 0x1f9d8, 0x1f3fc, 0x1f9d8, 0x1f3fd, 0x1f9d8, 0x1f3fe, 0x1f9d8, 0x1f3ff,
    0x1f9d8, 0x1f9d9, 0x1f3fb, 0x200d, 0x2640, 0x1f9d9, 0x1f3fb, 0x200d, 0x2642, 0x1f9d9,
    0x1f3fc, 0x200d, 0x2640, 0x1f9d9, 0x1f3fc, 0x200d, 0x2642, 0x1f9d9, 0x1f3fd, 0x200d,
    0x2640, 0x1f9d9, 0x1f3fd, 0x200d, 0x2642, 0x1f9d9, 0x1f3fe, 0x200d, 0x2640, 0x1f9d9,
    0x1f3fe, 0x200d, 0x2642, 0x1f9d9, 0x1f3ff, 0x200d, 0x2640, 0x1f9d9, 0x1f3ff, 0x200d,
    0x2642, 0x1f9d9, 0x200d, 0x2640, 0x1f9d9, 0x200d, 0x2642, 0x1f9d9, 0x1f3fb, 0x1f9d9,
    0x1f3fc, 0x1f9d9, 0x1f3fd, 0x1f9d9, 0x1f3fe, 0x1f9d9, 0x1f3ff, 0x1f9d9, 0x1f9da, 0x1f3fb,
    0x200d, 0x2640, 0x1f9da, 0x1f3fb, 0x200d, 0x2642, 0x1f9da, 0x1f3fc, 0x200d, 0x2640,
    0x1f9da, 0x1f3fc, 0x200d, 0x2642, 0x1f9da, 0x1f3fd, 0x200d, 0x2640, 0x1f9da, 0x1f3fd,
    0x200d, 0x2642, 0x1f9da, 0x1f3fe, 0x200d, 0x2640, 0x1f9da, 0x1f3fe, 0x200d, 0x2642,
    0x1f9da, 0x1f3ff, 0x200d, 0x2640, 0x1f9da, 0x1f3ff, 0x200d, 0x2642, 0x1f9da, 0x200d,
    0x2640, 0x1f9da, 0x200d, 0x2642, 0x1f9da, 0x1f3fb, 0x1f9da, 0x1f3fc, 0x1f9da, 0x1f3fd,
    0x1f9da, 0x1f3fe, 0x1f9da, 0x1f3ff, 0x1f9da, 0x1f9db, 0x1f3fb, 0x200d, 0x2640, 0x1f9db,
    0x1f3fb, 0x200d, 0x2642, 0x1f9db, 0x1f3fc, 0x200d, 0x2640, 0x1f9db, 0x1f3fc, 0x200d,
    0x2642, 0x1f9db, 0x1f3fd, 0x200d, 0x2640, 0x1f9db, 0x1f3fd, 0x200d, 0x2642, 0x1f9db,
    0x1f3fe, 0x200d, 0x2640, 0x1f9db, 0x1f3fe, 0x200d, 0x2642, 0x1f9db, 0x1f3ff, 0x200d,
    0x2640, 0x1f9db, 0x1f3ff, 0x200d, 0x2642, 0x1f9db, 0x200d, 0x2640, 0x1f9db, 0x200d,
    0x2642, 0x1f9db, 0x1f3fb, 0x1f9db, 0x1f3fc, 0x1f9db, 0x1f3fd, 0x1f9db, 0x1f3fe, 0x1f9db,
    0x1f3ff, 0x1f9db, 0x1f9dc, 0x1f3fb, 0x200d, 0x2640, 0x1f9dc, 0x1f3fb, 0x200d, 0x2642,
    0x1f9dc, 0x1f3fc, 0x200d, 0x2640, 0x1f9dc, 0x1f3fc, 0x200d, 0x2642, 0x1f9dc, 0x1f3fd,
    0x200d, 0x2640, 0x1f9dc, 0x1f3fd, 0x200d, 0x2642, 0x1f9dc, 0x1f3fe, 0x200d, 0x2640,
    0x1f9dc, 0x1f3fe, 0x200d, 0x2642, 0x1f9dc, 0x1f3ff, 0x200d, 0x2640, 0x1f9dc, 0x1f3ff,
    0x200d, 0x2642, 0x1f9dc, 0x200d, 0x2640, 0x1f9dc, 0x200d, 0x2642, 0x1f9dc, 0x1f3fb,
    0x1f9dc, 0x1f3fc, 0x1f9dc, 0x1f3fd, 0x1f9dc, 0x1f3fe, 0x1f9dc, 0x1f3ff, 0x1f9dc, 0x1f9dd,
    0x1f3fb, 0x200d, 0x2640, 0x1f9dd, 0x1f3fb, 0x200d, 0x2642, 0x1f9dd, 0x1f3fc, 0x200d,
    0x2640, 0x1f9dd, 0x1f3fc, 0x200d, 0x2642, 0x1f9dd, 0x1f3fd, 0x200d, 0x2640, 0x1f9dd,
    0x1f3fd, 0x200d, 0x2642, 0x1f9dd, 0x1f3fe, 0x200d, 0x2640, 0x1f9dd, 0x1f3fe, 0x200d,
    0x2642, 0x1f9dd, 0x1f3ff, 0x200d, 0x2640, 0x1f9dd, 0x1f3ff, 0x200d, 0x2642, 0x1f9dd,
    0x200d, 0x2640, 0x1f9dd, 0x200d, 0x2642, 0x1f9dd, 0x1f3fb, 0x1f9dd, 0x1f3fc, 0x1f9dd,
    0x1f3fd, 0x1f9dd, 0x1f3fe, 0x1f9dd, 0x1f3ff, 0x1f9dd, 0x1f9de, 0x200d, 0x2640, 0x1f9de,
    0x200d, 0x2642, 0x1f9de, 0x1f9df, 0x200d, 0x2640, 0x1f9df, 0x200d, 0x2642, 0x1f9df,
    0x1f9e0, 0x1f9e1, 0x1f9e2, 0x1f9e3, 0x1f9e4, 0x1f9e5, 0x1f9e6, 0x1f9e7, 0x1f9e8, 0x1f9e9,
    0x1f9ea, 0x1f9eb, 0x1f9ec, 0x1f9ed, 0x1f9ee, 0x1f9ef, 0x1f9f0, 0x1f9f1, 0x1f9f2, 0x1f9f3,
    0x1f9f4, 0x1f9f5, 0x1f9f6, 0x1f9f7, 0x1f9f8, 0x1f9f9, 0x1f9fa, 0x1f9fb, 0x1f9fc, 0x1f9fd,
    0x1f9fe, 0x1f9ff, 0x1fa70, 0x1fa71, 0x1fa72, 0x1fa73, 0x1fa74, 0x1fa75, 0x1fa76, 0x1fa77,
    0x1fa78, 0x1fa79, 0x1fa7a, 0x1fa7b, 0x1fa7c, 0x1fa80, 0x1fa81, 0x1fa82, 0x1fa83, 0x1fa84,
    0x1fa85, 0x1fa86, 0x1fa87, 0x1fa88, 0x1fa89, 0x1fa8a, 0x1fa8e, 0x1fa8f, 0x1fa90, 0x1fa91,
    0x1fa92, 0x1fa93, 0x1fa94, 0x1fa95, 0x1fa96, 0x1fa97, 0x1fa98, 0x1fa99, 0x1fa9a, 0x1fa9b,
    0x1fa9c, 0x1fa9d, 0x1fa9e, 0x1fa9f, 0x1faa0, 0x1faa1, 0x1faa2, 0x1faa3, 0x1faa4, 0x1faa5,
    0x1faa6, 0x1faa7, 0x1faa8, 0x1faa9, 0x1faaa, 0x1faab, 0x1faac, 0x1faad, 0x1faae, 0x1faaf,
    0x1fab0, 0x1fab1, 0x1fab2, 0x1fab3, 0x1fab4, 0x1fab5, 0x1fab6, 0x1fab7, 0x1fab8, 0x1fab9,
    0x1faba, 0x1fabb, 0x1fabc, 0x1fabd, 0x1fabe, 0x1fabf, 0x1fac0, 0x1fac1, 0x1fac2, 0x1fac3,
    0x1f3fb, 0x1fac3, 0x1f3fc, 0x1fac3, 0x1f3fd, 0x1fac3, 0x1f3fe, 0x1fac3, 0x1f3ff, 0x1fac3,
    0x1fac4, 0x1f3fb, 0x1fac4, 0x1f3fc, 0x1fac4, 0x1f3fd, 0x1fac4, 0x1f3fe, 0x1fac4, 0x1f3ff,
    0x1fac4, 0x1fac5, 0x1f3fb, 0x1fac5, 0x1f3fc, 0x1fac5, 0x1f3fd, 0x1fac5, 0x1f3fe, 0x1fac5,
    0x1f3ff, 0x1fac5, 0x1fac6, 0x1fac8, 0x1facd, 0x1face, 0x1facf, 0x1fad0, 0x1fad1, 0x1fad2,
    0x1fad3, 0x1fad4, 0x1fad5, 0x1fad6, 0x1fad7, 0x1fad8, 0x1fad9, 0x1fada, 0x1fadb, 0x1fadc,
    0x1fadf, 0x1fae0, 0x1fae1, 0x1fae2, 0x1fae3, 0x1fae4, 0x1fae5, 0x1fae6, 0x1fae7, 0x1fae8,
    0x1fae9, 0x1faea, 0x1faef, 0x1faf0, 0x1f3fb, 0x1faf0, 0x1f3fc, 0x1faf0, 0x1f3fd, 0x1faf0,
    0x1f3fe, 0x1faf0, 0x1f3ff, 0x1faf0, 0x1faf1, 0x1f3fb, 0x200d, 0x1faf2, 0x1f3fc, 0x1faf1,
    0x1f3fb, 0x200d, 0x1faf2, 0x1f3fd, 0x1faf1, 0x1f3fb, 0x200d, 0x1faf2, 0x1f3fe, 0x1faf1,
    0x1f3fb, 0x200d, 0x1faf2, 0x1f3ff, 0x1faf1, 0x1f3fc, 0x200d, 0x1faf2, 0x1f3fb, 0x1faf1,
    0x1f3fc, 0x200d, 0x1faf2, 0x1f3fd, 0x1faf1, 0x1f3fc, 0x200d, 0x1faf2, 0x1f3fe, 0x1faf1,
    0x1f3fc, 0x200d, 0x1faf2, 0x1f3ff, 0x1faf1, 0x1f3fd, 0x200d, 0x1faf2, 0x1f3fb, 0x1faf1,
    0x1f3fd, 0x200d, 0x1faf2, 0x1f3fc, 0x1faf1, 0x1f3fd, 0x200d, 0x1faf2, 0x1f3fe, 0x1faf1,
    0x1f3fd, 0x200d, 0x1faf2, 0x1f3ff, 0x1faf1, 0x1f3fe, 0x200d, 0x1faf2, 0x1f3fb, 0x1faf1,
    0x1f3fe, 0x200d, 0x1faf2, 0x1f3fc, 0x1faf1, 0x1f3fe, 0x200d, 0x1faf2, 0x1f3fd, 0x1faf1,
    0x1f3fe, 0x200d, 0x1faf2, 0x1f3ff, 0x1faf1, 0x1f3ff, 0x200d, 0x1faf2, 0x1f3fb, 0x1faf1,
    0x1f3ff, 0x200d, 0x1faf2, 0x1f3fc, 0x1faf1, 0x1f3ff, 0x200d, 0x1faf2, 0x1f3fd, 0x1faf1,
    0x1f3ff, 0x200d, 0x1faf2, 0x1f3fe, 0x1faf1, 0x1f3fb, 0x1faf1, 0x1f3fc, 0x1faf1, 0x1f3fd,
    0x1faf1, 0x1f3fe, 0x1faf1, 0x1f3ff, 0x1faf1, 0x1faf2, 0x1f3fb, 0x1faf2, 0x1f3fc, 0x1faf2,
    0x1f3fd, 0x1faf2, 0x1f3fe, 0x1faf2, 0x1f3ff, 0x1faf2, 0x1faf3, 0x1f3fb, 0x1faf3, 0x1f3fc,
    0x1faf3, 0x1f3fd, 0x1faf3, 0x1f3fe, 0x1faf3, 0x1f3ff, 0x1faf3, 0x1faf4, 0x1f3fb, 0x1faf4,
    0x1f3fc, 0x1faf4, 0x1f3fd, 0x1faf4, 0x1f3fe, 0x1faf4, 0x1f3ff, 0x1faf4, 0x1faf5, 0x1f3fb,
    0x1faf5, 0x1f3fc, 0x1faf5, 0x1f3fd, 0x1faf5, 0x1f3fe, 0x1faf5, 0x1f3ff, 0x1faf5, 0x1faf6,
    0x1f3fb, 0x1faf6, 0x1f3fc, 0x1faf6, 0x1f3fd, 0x1faf6, 0x1f3fe, 0x1faf6, 0x1f3ff, 0x1faf6,
    0x1faf7, 0x1f3fb, 0x1faf7, 0x1f3fc, 0x1faf7, 0x1f3fd, 0x1faf7, 0x1f3fe, 0x1faf7, 0x1f3ff,
    0x1faf7, 0x1faf8, 0x1f3fb, 0x1faf8, 0x1f3fc, 0x1faf8, 0x1f3fd, 0x1faf8, 0x1f3fe, 0x1faf8,
    0x1f3ff, 0x1faf8,
};

static const struct social_emoji_entry_data social_emoji_entries[] = {
    {0, 0, 2},
    {2, 1, 2},
    {4, 2, 2},
    {6, 3, 2},
    {8, 4, 2},
    {10, 5, 2},
    {12, 6, 2},
    {14, 7, 2},
    {16, 8, 2},
    {18, 9, 2},
    {20, 10, 2},
    {22, 11, 2},
    {24, 12, 1},
    {25, 13, 1},
    {26, 14, 1},
    {27, 15, 1},
    {28, 16, 1},
    {29, 17, 1},
    {30, 18, 1},
    {31, 19, 1},
    {32, 20, 1},
    {33, 21, 1},
    {34, 22, 1},
    {35, 23, 1},
    {36, 24, 1},
    {37, 25, 1},
    {38, 26, 1},
    {39, 27, 1},
    {40, 28, 1},
    {41, 29, 1},
    {42, 30, 1},
    {43, 31, 1},
    {44, 32, 1},
    {45, 33, 1},
    {46, 34, 1},
    {47, 35, 1},
    {48, 36, 1},
    {49, 37, 1},
    {50, 38, 1},
    {51, 39, 1},
    {52, 40, 1},
    {53, 41, 1},
    {54, 42, 1},
    {55, 43, 1},
    {56, 44, 1},
    {57, 45, 1},
    {58, 46, 1},
    {59, 47, 1},
    {60, 48, 1},
    {61, 49, 1},
    {62, 50, 1},
    {63, 51, 1},
    {64, 52, 1},
    {65, 53, 1},
    {66, 54, 1},
    {67, 55, 1},
    {68, 56, 1},
    {69, 57, 1},
    {70, 58, 1},
    {71, 59, 1},
    {72, 60, 1},
    {73, 61, 1},
    {74, 62, 1},
    {75, 64, 2},
    {77, 65, 2},
    {79, 66, 2},
    {81, 67, 2},
    {83, 68, 2},
    {85, 63, 1},
    {86, 69, 1},
    {87, 70, 1},
    {88, 71, 1},
    {89, 72, 1},
    {90, 73, 1},
    {91, 74, 1},
    {92, 75, 1},
    {93, 76, 1},
    {94, 77, 1},
    {95, 78, 1},
    {96, 79, 1},
    {97, 80, 1},
    {98, 81, 1},
    {99, 82, 1},
    {100, 83, 1},
    {101, 84, 1},
    {102, 85, 1},
    {103, 86, 1},
    {104, 87, 1},
    {105, 88, 1},
    {106, 89, 1},
    {107, 90, 1},
    {108, 91, 1},
    {109, 92, 1},
    {110, 93, 1},
    {111, 94, 1},
    {112, 95, 1},
    {113, 96, 1},
    {114, 97, 1},
    {115, 98, 1},
    {116, 99, 1},
    {117, 100, 1},
    {118, 101, 1},
    {119, 102, 1},
    {120, 103, 1},
    {121, 104, 1},
    {122, 105, 1},
    {123, 106, 1},
    {124, 107, 1},
    {125, 108, 1},
    {126, 109, 1},
    {127, 110, 1},
    {128, 111, 1},
    {129, 112, 1},
    {130, 113, 1},
    {131, 114, 1},
    {132, 115, 1},
    {133, 116, 1},
    {134, 117, 1},
    {135, 118, 1},
    {136, 119, 1},
    {137, 120, 1},
    {138, 121, 1},
    {139, 122, 1},
    {140, 123, 1},
    {141, 124, 1},
    {142, 125, 1},
    {143, 127, 3},
    {146, 126, 1},
    {147, 128, 1},
    {148, 129, 1},
    {149, 130, 1},
    {150, 131, 1},
    {151, 132, 1},
    {152, 133, 1},
    {153, 134, 1},
    {154, 135, 1},
    {155, 136, 1},
    {156, 138, 2},
    {158, 139, 2},
    {160, 140, 2},
    {162, 141, 2},
    {164, 142, 2},
    {166, 137, 1},
    {167, 143, 1},
    {168, 148, 4},
    {172, 149, 4},
    {176, 151, 4},
    {180, 152, 4},
    {184, 154, 4},
    {188, 155, 4},
    {192, 157, 4},
    {196, 158, 4},
    {200, 160, 4},
    {204, 161, 4},
    {208, 145, 3},
    {211, 146, 3},
    {214, 147, 2},
    {216, 150, 2},
    {218, 153, 2},
    {220, 156, 2},
    {222, 159, 2},
    {224, 144, 1},
    {225, 162, 1},
    {226, 163, 1},
    {227, 164, 1},
    {228, 165, 1},
    {229, 166, 1},
    {230, 167, 1},
    {231, 169, 2},
    {233, 170, 2},
    {235, 171, 2},
    {237, 172, 2},
    {239, 173, 2},
    {241, 168, 1},
    {242, 175, 2},
    {244, 176, 2},
    {246, 177, 2},
    {248, 178, 2},
    {250, 179, 2},
    {252, 174, 1},
    {253, 181, 2},
    {255, 182, 2},
    {257, 183, 2},
    {259, 184, 2},
    {261, 185, 2},
    {263, 180, 1},
    {264, 187, 2},
    {266, 188, 2},
    {268, 189, 2},
    {270, 190, 2},
    {272, 191, 2},
    {274, 186, 1},
    {275, 192, 1},
    {276, 193, 1},
    {277, 194, 1},
    {278, 195, 1},
    {279, 196, 1},
    {280, 197, 1},
    {281, 198, 1},
    {282, 199, 1},
    {283, 200, 1},
    {284, 201, 1},
    {285, 202, 1},
    {286, 203, 1},
    {287, 204, 1},
    {288, 205, 1},
    {289, 206, 1},
    {290, 207, 1},
    {291, 208, 1},
    {292, 209, 1},
    {293, 211, 3},
    {296, 212, 3},
    {299, 210, 1},
    {300, 213, 1},
    {301, 214, 1},
    {302, 215, 1},
    {303, 216, 1},
    {304, 217, 1},
    {305, 218, 1},
    {306, 219, 1},
    {307, 220, 1},
    {308, 221, 1},
    {309, 222, 1},
    {310, 223, 1},
    {311, 224, 1},
    {312, 225, 1},
    {313, 226, 1},
    {314, 227, 1},
    {315, 228, 1},
    {316, 229, 1},
    {317, 230, 1},
    {318, 231, 1},
    {319, 232, 1},
    {320, 233, 1},
    {321, 234, 1},
    {322, 235, 1},
    {323, 236, 1},
    {324, 237, 1},
    {325, 238, 1},
    {326, 239, 1},
    {327, 240, 1},
    {328, 241, 1},
    {329, 242, 1},
    {330, 243, 1},
    {331, 244, 1},
    {332, 245, 1},
    {333, 246, 1},
    {334, 247, 1},
    {335, 248, 1},
    {336, 249, 1},
    {337, 251, 2},
    {339, 252, 2},
    {341, 253, 2},
    {343, 254, 2},
    {345, 255, 2},
    {347, 256, 2},
    {349, 257, 2},
    {351, 258, 2},
    {353, 259, 2},
    {355, 260, 2},
    {357, 261, 2},
    {359, 262, 2},
    {361, 263, 2},
    {363, 264, 2},
    {365, 265, 2},
    {367, 266, 2},
    {369, 267, 2},
    {371, 250, 1},
    {372, 269, 2},
    {374, 270, 2},
    {376, 271, 2},
    {378, 272, 2},
    {380, 273, 2},
    {382, 274, 2},
    {384, 275, 2},
    {386, 276, 2},
    {388, 277, 2},
    {390, 278, 2},
    {392, 279, 2},
    {394, 280, 2},
    {396, 281, 2},
    {398, 282, 2},
    {400, 283, 2},
    {402, 284, 2},
    {404, 285, 2},
    {406, 286, 2},
    {408, 287, 2},
    {410, 288, 2},
    {412, 289, 2},
    {414, 268, 1},
    {415, 291, 2},
    {417, 292, 2},
    {419, 293, 2},
    {421, 294, 2},
    {423, 295, 2},
    {425, 296, 2},
    {427, 297, 2},
    {429, 298, 2},
    {431, 299, 2},
    {433, 300, 2},
    {435, 301, 2},
    {437, 302, 2},
    {439, 303, 2},
    {441, 304, 2},
    {443, 305, 2},
    {445, 306, 2},
    {447, 307, 2},
    {449, 308, 2},
    {451, 309, 2},
    {453, 310, 2},
    {455, 311, 2},
    {457, 290, 1},
    {458, 313, 2},
    {460, 314, 2},
    {462, 315, 2},
    {464, 316, 2},
    {466, 317, 2},
    {468, 318, 2},
    {470, 319, 2},
    {472, 312, 1},
    {473, 321, 2},
    {475, 322, 2},
    {477, 323, 2},
    {479, 324, 2},
    {481, 325, 2},
    {483, 326, 2},
    {485, 327, 2},
    {487, 328, 2},
    {489, 329, 2},
    {491, 320, 1},
    {492, 331, 2},
    {494, 332, 2},
    {496, 333, 2},
    {498, 334, 2},
    {500, 335, 2},
    {502, 336, 2},
    {504, 330, 1},
    {505, 338, 2},
    {507, 339, 2},
    {509, 340, 2},
    {511, 341, 2},
    {513, 342, 2},
    {515, 343, 2},
    {517, 344, 2},
    {519, 345, 2},
    {521, 346, 2},
    {523, 347, 2},
    {525, 348, 2},
    {527, 349, 2},
    {529, 350, 2},
    {531, 351, 2},
    {533, 352, 2},
    {535, 353, 2},
    {537, 354, 2},
    {539, 355, 2},
    {541, 356, 2},
    {543, 337, 1},
    {544, 358, 2},
    {546, 359, 2},
    {548, 360, 2},
    {550, 361, 2},
    {552, 362, 2},
    {554, 363, 2},
    {556, 357, 1},
    {557, 365, 2},
    {559, 366, 2},
    {561, 367, 2},
    {563, 368, 2},
    {565, 369, 2},
    {567, 370, 2},
    {569, 371, 2},
    {571, 372, 2},
    {573, 373, 2},
    {575, 374, 2},
    {577, 375, 2},
    {579, 364, 1},
    {580, 377, 2},
    {582, 378, 2},
    {584, 379, 2},
    {586, 380, 2},
    {588, 376, 1},
    {589, 382, 2},
    {591, 383, 2},
    {593, 384, 2},
    {595, 385, 2},
    {597, 386, 2},
    {599, 387, 2},
    {601, 388, 2},
    {603, 389, 2},
    {605, 390, 2},
    {607, 391, 2},
    {609, 392, 2},
    {611, 381, 1},
    {612, 394, 2},
    {614, 395, 2},
    {616, 396, 2},
    {618, 397, 2},
    {620, 398, 2},
    {622, 399, 2},
    {624, 400, 2},
    {626, 401, 2},
    {628, 402, 2},
    {630, 403, 2},
    {632, 404, 2},
    {634, 393, 1},
    {635, 406, 2},
    {637, 407, 2},
    {639, 408, 2},
    {641, 409, 2},
    {643, 410, 2},
    {645, 411, 2},
    {647, 412, 2},
    {649, 413, 2},
    {651, 414, 2},
    {653, 415, 2},
    {655, 416, 2},
    {657, 417, 2},
    {659, 418, 2},
    {661, 419, 2},
    {663, 420, 2},
    {665, 421, 2},
    {667, 422, 2},
    {669, 423, 2},
    {671, 424, 2},
    {673, 425, 2},
    {675, 426, 2},
    {677, 427, 2},
    {679, 428, 2},
    {681, 405, 1},
    {682, 430, 2},
    {684, 431, 2},
    {686, 432, 2},
    {688, 433, 2},
    {690, 434, 2},
    {692, 435, 2},
    {694, 436, 2},
    {696, 437, 2},
    {698, 438, 2},
    {700, 439, 2},
    {702, 440, 2},
    {704, 441, 2},
    {706, 429, 1},
    {707, 443, 2},
    {709, 442, 1},
    {710, 445, 2},
    {712, 446, 2},
    {714, 447, 2},
    {716, 448, 2},
    {718, 449, 2},
    {720, 450, 2},
    {722, 451, 2},
    {724, 452, 2},
    {726, 453, 2},
    {728, 454, 2},
    {730, 455, 2},
    {732, 456, 2},
    {734, 457, 2},
    {736, 458, 2},
    {738, 444, 1},
    {739, 460, 2},
    {741, 459, 1},
    {742, 462, 2},
    {744, 463, 2},
    {746, 464, 2},
    {748, 465, 2},
    {750, 466, 2},
    {752, 461, 1},
    {753, 468, 2},
    {755, 469, 2},
    {757, 470, 2},
    {759, 471, 2},
    {761, 472, 2},
    {763, 473, 2},
    {765, 474, 2},
    {767, 475, 2},
    {769, 476, 2},
    {771, 477, 2},
    {773, 478, 2},
    {775, 479, 2},
    {777, 480, 2},
    {779, 481, 2},
    {781, 482, 2},
    {783, 483, 2},
    {785, 484, 2},
    {787, 485, 2},
    {789, 486, 2},
    {791, 487, 2},
    {793, 488, 2},
    {795, 467, 1},
    {796, 490, 2},
    {798, 491, 2},
    {800, 492, 2},
    {802, 493, 2},
    {804, 494, 2},
    {806, 495, 2},
    {808, 496, 2},
    {810, 497, 2},
    {812, 498, 2},
    {814, 499, 2},
    {816, 500, 2},
    {818, 501, 2},
    {820, 502, 2},
    {822, 503, 2},
    {824, 504, 2},
    {826, 505, 2},
    {828, 506, 2},
    {830, 489, 1},
    {831, 508, 2},
    {833, 509, 2},
    {835, 510, 2},
    {837, 511, 2},
    {839, 512, 2},
    {841, 513, 2},
    {843, 514, 2},
    {845, 507, 1},
    {846, 516, 2},
    {848, 517, 2},
    {850, 518, 2},
    {852, 519, 2},
    {854, 520, 2},
    {856, 521, 2},
    {858, 522, 2},
    {860, 515, 1},
    {861, 524, 2},
    {863, 525, 2},
    {865, 523, 1},
    {866, 527, 2},
    {868, 526, 1},
    {869, 529, 2},
    {871, 530, 2},
    {873, 528, 1},
    {874, 532, 2},
    {876, 533, 2},
    {878, 534, 2},
    {880, 531, 1},
    {881, 535, 1},
    {882, 536, 1},
    {883, 537, 1},
    {884, 538, 1},
    {885, 539, 1},
    {886, 540, 1},
    {887, 541, 1},
    {888, 542, 1},
    {889, 543, 1},
    {890, 544, 1},
    {891, 545, 1},
    {892, 546, 1},
    {893, 547, 1},
    {894, 548, 1},
    {895, 549, 1},
    {896, 550, 1},
    {897, 551, 1},
    {898, 552, 1},
    {899, 553, 1},
    {900, 554, 1},
    {901, 555, 1},
    {902, 556, 1},
    {903, 557, 1},
    {904, 558, 1},
    {905, 559, 1},
    {906, 560, 1},
    {907, 561, 1},
    {908, 562, 1},
    {909, 563, 1},
    {910, 564, 1},
    {911, 565, 1},
    {912, 566, 1},
    {913, 567, 1},
    {914, 568, 1},
    {915, 569, 1},
    {916, 570, 1},
    {917, 571, 1},
    {918, 572, 1},
    {919, 573, 1},
    {920, 574, 1},
    {921, 575, 1},
    {922, 576, 1},
    {923, 577, 1},
    {924, 578, 1},
    {925, 579, 1},
    {926, 580, 1},
    {927, 581, 1},
    {928, 582, 1},
    {929, 583, 1},
    {930, 584, 1},
    {931, 585, 1},
    {932, 586, 1},
    {933, 587, 1},
    {934, 588, 1},
    {935, 589, 1},
    {936, 590, 1},
    {937, 591, 1},
    {938, 592, 1},
    {939, 593, 1},
    {940, 594, 1},
    {941, 595, 1},
    {942, 596, 1},
    {943, 597, 1},
    {944, 598, 1},
    {945, 599, 1},
    {946, 600, 1},
    {947, 601, 1},
    {948, 602, 1},
    {949, 603, 1},
    {950, 604, 1},
    {951, 605, 1},
    {952, 606, 1},
    {953, 607, 1},
    {954, 608, 1},
    {955, 609, 1},
    {956, 610, 1},
    {957, 611, 1},
    {958, 612, 1},
    {959, 613, 1},
    {960, 614, 1},
    {961, 615, 1},
    {962, 617, 3},
    {965, 616, 1},
    {966, 618, 1},
    {967, 619, 1},
    {968, 620, 1},
    {969, 621, 1},
    {970, 622, 1},
    {971, 623, 1},
    {972, 625, 3},
    {975, 624, 1},
    {976, 626, 1},
    {977, 627, 1},
    {978, 628, 1},
    {979, 629, 1},
    {980, 630, 1},
    {981, 631, 1},
    {982, 632, 1},
    {983, 633, 1},
    {984, 634, 1},
    {985, 635, 1},
    {986, 636, 1},
    {987, 637, 1},
    {988, 638, 1},
    {989, 639, 1},
    {990, 640, 1},
    {991, 641, 1},
    {992, 642, 1},
    {993, 643, 1},
    {994, 644, 1},
    {995, 645, 1},
    {996, 646, 1},
    {997, 647, 1},
    {998, 648, 1},
    {999, 649, 1},
    {1000, 650, 1},
    {1001, 651, 1},
    {1002, 652, 1},
    {1003, 653, 1},
    {1004, 654, 1},
    {1005, 655, 1},
    {1006, 656, 1},
    {1007, 657, 1},
    {1008, 658, 1},
    {1009, 659, 1},
    {1010, 660, 1},
    {1011, 661, 1},
    {1012, 662, 1},
    {1013, 663, 1},
    {1014, 664, 1},
    {1015, 665, 1},
    {1016, 666, 1},
    {1017, 667, 1},
    {1018, 668, 1},
    {1019, 669, 1},
    {1020, 670, 1},
    {1021, 671, 1},
    {1022, 672, 1},
    {1023, 673, 1},
    {1024, 674, 1},
    {1025, 675, 1},
    {1026, 676, 1},
    {1027, 677, 1},
    {1028, 678, 1},
    {1029, 679, 1},
    {1030, 680, 1},
    {1031, 681, 1},
    {1032, 682, 1},
    {1033, 684, 2},
    {1035, 685, 2},
    {1037, 686, 2},
    {1039, 687, 2},
    {1041, 688, 2},
    {1043, 683, 1},
    {1044, 689, 1},
    {1045, 690, 1},
    {1046, 691, 1},
    {1047, 692, 1},
    {1048, 693, 1},
    {1049, 694, 1},
    {1050, 695, 1},
    {1051, 696, 1},
    {1052, 697, 1},
    {1053, 698, 1},
    {1054, 699, 1},
    {1055, 700, 1},
    {1056, 701, 1},
    {1057, 702, 1},
    {1058, 703, 1},
    {1059, 704, 1},
    {1060, 705, 1},
    {1061, 706, 1},
    {1062, 707, 1},
    {1063, 708, 1},
    {1064, 709, 1},
    {1065, 710, 1},
    {1066, 711, 1},
    {1067, 712, 1},
    {1068, 713, 1},
    {1069, 714, 1},
    {1070, 715, 1},
    {1071, 716, 1},
    {1072, 717, 1},
    {1073, 718, 1},
    {1074, 719, 1},
    {1075, 720, 1},
    {1076, 721, 1},
    {1077, 722, 1},
    {1078, 723, 1},
    {1079, 724, 1},
    {1080, 725, 1},
    {1081, 726, 1},
    {1082, 727, 1},
    {1083, 728, 1},
    {1084, 729, 1},
    {1085, 730, 1},
    {1086, 731, 1},
    {1087, 732, 1},
    {1088, 733, 1},
    {1089, 734, 1},
    {1090, 735, 1},
    {1091, 736, 1},
    {1092, 737, 1},
    {1093, 738, 1},
    {1094, 739, 1},
    {1095, 740, 1},
    {1096, 741, 1},
    {1097, 742, 1},
    {1098, 743, 1},
    {1099, 745, 2},
    {1101, 746, 2},
    {1103, 747, 2},
    {1105, 748, 2},
    {1107, 749, 2},
    {1109, 744, 1},
    {1110, 758, 6},
    {1116, 760, 6},
    {1122, 764, 6},
    {1128, 766, 6},
    {1134, 770, 6},
    {1140, 772, 6},
    {1146, 776, 6},
    {1152, 778, 6},
    {1158, 782, 6},
    {1164, 784, 6},
    {1170, 752, 5},
    {1175, 754, 5},
    {1180, 757, 4},
    {1184, 759, 4},
    {1188, 761, 4},
    {1192, 763, 4},
    {1196, 765, 4},
    {1200, 767, 4},
    {1204, 769, 4},
    {1208, 771, 4},
    {1212, 773, 4},
    {1216, 775, 4},
    {1220, 777, 4},
    {1224, 779, 4},
    {1228, 781, 4},
    {1232, 783, 4},
    {1236, 785, 4},
    {1240, 751, 3},
    {1243, 753, 3},
    {1246, 755, 3},
    {1249, 756, 2},
    {1251, 762, 2},
    {1253, 768, 2},
    {1255, 774, 2},
    {1257, 780, 2},
    {1259, 750, 1},
    {1260, 790, 4},
    {1264, 791, 4},
    {1268, 793, 4},
    {1272, 794, 4},
    {1276, 796, 4},
    {1280, 797, 4},
    {1284, 799, 4},
    {1288, 800, 4},
    {1292, 802, 4},
    {1296, 803, 4},
    {1300, 787, 3},
    {1303, 788, 3},
    {1306, 789, 2},
    {1308, 792, 2},
    {1310, 795, 2},
    {1312, 798, 2},
    {1314, 801, 2},
    {1316, 786, 1},
    {1317, 804, 1},
    {1318, 805, 1},
    {1319, 807, 2},
    {1321, 808, 2},
    {1323, 809, 2},
    {1325, 810, 2},
    {1327, 811, 2},
    {1329, 806, 1},
    {1330, 812, 1},
    {1331, 813, 1},
    {1332, 818, 4},
    {1336, 819, 4},
    {1340, 821, 4},
    {1344, 822, 4},
    {1348, 824, 4},
    {1352, 825, 4},
    {1356, 827, 4},
    {1360, 828, 4},
    {1364, 830, 4},
    {1368, 831, 4},
    {1372, 815, 3},
    {1375, 816, 3},
    {1378, 817, 2},
    {1380, 820, 2},
    {1382, 823, 2},
    {1384, 826, 2},
    {1386, 829, 2},
    {1388, 814, 1},
    {1389, 836, 4},
    {1393, 837, 4},
    {1397, 839, 4},
    {1401, 840, 4},
    {1405, 842, 4},
    {1409, 843, 4},
    {1413, 845, 4},
    {1417, 846, 4},
    {1421, 848, 4},
    {1425, 849, 4},
    {1429, 833, 3},
    {1432, 834, 3},
    {1435, 835, 2},
    {1437, 838, 2},
    {1439, 841, 2},
    {1441, 844, 2},
    {1443, 847, 2},
    {1445, 832, 1},
    {1446, 854, 4},
    {1450, 855, 4},
    {1454, 857, 4},
    {1458, 858, 4},
    {1462, 860, 4},
    {1466, 861, 4},
    {1470, 863, 4},
    {1474, 864, 4},
    {1478, 866, 4},
    {1482, 867, 4},
    {1486, 851, 3},
    {1489, 852, 3},
    {1492, 853, 2},
    {1494, 856, 2},
    {1496, 859, 2},
    {1498, 862, 2},
    {1500, 865, 2},
    {1502, 850, 1},
    {1503, 868, 1},
    {1504, 869, 1},
    {1505, 870, 1},
    {1506, 871, 1},
    {1507, 872, 1},
    {1508, 873, 1},
    {1509, 874, 1},
    {1510, 875, 1},
    {1511, 876, 1},
    {1512, 877, 1},
    {1513, 878, 1},
    {1514, 879, 1},
    {1515, 880, 1},
    {1516, 881, 1},
    {1517, 882, 1},
    {1518, 883, 1},
    {1519, 884, 1},
    {1520, 885, 1},
    {1521, 886, 1},
    {1522, 887, 1},
    {1523, 888, 1},
    {1524, 889, 1},
    {1525, 890, 1},
    {1526, 891, 1},
    {1527, 892, 1},
    {1528, 893, 1},
    {1529, 894, 1},
    {1530, 895, 1},
    {1531, 896, 1},
    {1532, 897, 1},
    {1533, 898, 1},
    {1534, 899, 1},
    {1535, 900, 1},
    {1536, 901, 1},
    {1537, 902, 1},
    {1538, 903, 1},
    {1539, 905, 3},
    {1542, 906, 3},
    {1545, 904, 1},
    {1546, 909, 7},
    {1553, 910, 7},
    {1560, 911, 7},
    {1567, 908, 3},
    {1570, 907, 1},
    {1571, 912, 1},
    {1572, 913, 1},
    {1573, 914, 1},
    {1574, 915, 1},
    {1575, 916, 1},
    {1576, 917, 1},
    {1577, 918, 1},
    {1578, 919, 1},
    {1579, 920, 1},
    {1580, 921, 1},
    {1581, 922, 1},
    {1582, 923, 1},
    {1583, 924, 1},
    {1584, 925, 1},
    {1585, 926, 1},
    {1586, 927, 1},
    {1587, 928, 1},
    {1588, 929, 1},
    {1589, 931, 3},
    {1592, 930, 1},
    {1593, 932, 1},
    {1594, 933, 1},
    {1595, 934, 1},
    {1596, 935, 1},
    {1597, 936, 1},
    {1598, 937, 1},
    {1599, 938, 1},
    {1600, 939, 1},
    {1601, 940, 1},
    {1602, 941, 1},
    {1603, 942, 1},
    {1604, 943, 1},
    {1605, 945, 3},
    {1608, 944, 1},
    {1609, 946, 1},
    {1610, 947, 1},
    {1611, 948, 1},
    {1612, 949, 1},
    {1613, 950, 1},
    {1614, 951, 1},
    {1615, 952, 1},
    {1616, 953, 1},
    {1617, 954, 1},
    {1618, 955, 1},
    {1619, 956, 1},
    {1620, 957, 1},
    {1621, 958, 1},
    {1622, 959, 1},
    {1623, 960, 1},
    {1624, 961, 1},
    {1625, 963, 3},
    {1628, 964, 3},
    {1631, 962, 1},
    {1632, 965, 1},
    {1633, 966, 1},
    {1634, 967, 1},
    {1635, 968, 1},
    {1636, 969, 1},
    {1637, 970, 1},
    {1638, 971, 1},
    {1639, 972, 1},
    {1640, 973, 1},
    {1641, 974, 1},
    {1642, 975, 1},
    {1643, 976, 1},
    {1644, 977, 1},
    {1645, 978, 1},
    {1646, 979, 1},
    {1647, 980, 1},
    {1648, 981, 1},
    {1649, 982, 1},
    {1650, 983, 1},
    {1651, 984, 1},
    {1652, 986, 3},
    {1655, 985, 1},
    {1656, 987, 1},
    {1657, 988, 1},
    {1658, 989, 1},
    {1659, 990, 1},
    {1660, 991, 1},
    {1661, 993, 3},
    {1664, 992, 1},
    {1665, 995, 2},
    {1667, 996, 2},
    {1669, 997, 2},
    {1671, 998, 2},
    {1673, 999, 2},
    {1675, 994, 1},
    {1676, 1001, 2},
    {1678, 1002, 2},
    {1680, 1003, 2},
    {1682, 1004, 2},
    {1684, 1005, 2},
    {1686, 1000, 1},
    {1687, 1006, 1},
    {1688, 1007, 1},
    {1689, 1009, 2},
    {1691, 1010, 2},
    {1693, 1011, 2},
    {1695, 1012, 2},
    {1697, 1013, 2},
    {1699, 1008, 1},
    {1700, 1015, 2},
    {1702, 1016, 2},
    {1704, 1017, 2},
    {1706, 1018, 2},
    {1708, 1019, 2},
    {1710, 1014, 1},
    {1711, 1021, 2},
    {1713, 1022, 2},
    {1715, 1023, 2},
    {1717, 1024, 2},
    {1719, 1025, 2},
    {1721, 1020, 1},
    {1722, 1027, 2},
    {1724, 1028, 2},
    {1726, 1029, 2},
    {1728, 1030, 2},
    {1730, 1031, 2},
    {1732, 1026, 1},
    {1733, 1033, 2},
    {1735, 1034, 2},
    {1737, 1035, 2},
    {1739, 1036, 2},
    {1741, 1037, 2},
    {1743, 1032, 1},
    {1744, 1039, 2},
    {1746, 1040, 2},
    {1748, 1041, 2},
    {1750, 1042, 2},
    {1752, 1043, 2},
    {1754, 1038, 1},
    {1755, 1045, 2},
    {1757, 1046, 2},
    {1759, 1047, 2},
    {1761, 1048, 2},
    {1763, 1049, 2},
    {1765, 1044, 1},
    {1766, 1051, 2},
    {1768, 1052, 2},
    {1770, 1053, 2},
    {1772, 1054, 2},
    {1774, 1055, 2},
    {1776, 1050, 1},
    {1777, 1057, 2},
    {1779, 1058, 2},
    {1781, 1059, 2},
    {1783, 1060, 2},
    {1785, 1061, 2},
    {1787, 1056, 1},
    {1788, 1063, 2},
    {1790, 1064, 2},
    {1792, 1065, 2},
    {1794, 1066, 2},
    {1796, 1067, 2},
    {1798, 1062, 1},
    {1799, 1069, 2},
    {1801, 1070, 2},
    {1803, 1071, 2},
    {1805, 1072, 2},
    {1807, 1073, 2},
    {1809, 1068, 1},
    {1810, 1074, 1},
    {1811, 1075, 1},
    {1812, 1076, 1},
    {1813, 1077, 1},
    {1814, 1078, 1},
    {1815, 1079, 1},
    {1816, 1080, 1},
    {1817, 1081, 1},
    {1818, 1082, 1},
    {1819, 1083, 1},
    {1820, 1084, 1},
    {1821, 1085, 1},
    {1822, 1086, 1},
    {1823, 1087, 1},
    {1824, 1088, 1},
    {1825, 1089, 1},
    {1826, 1090, 1},
    {1827, 1091, 1},
    {1828, 1092, 1},
    {1829, 1093, 1},
    {1830, 1094, 1},
    {1831, 1096, 2},
    {1833, 1097, 2},
    {1835, 1098, 2},
    {1837, 1099, 2},
    {1839, 1100, 2},
    {1841, 1095, 1},
    {1842, 1102, 2},
    {1844, 1103, 2},
    {1846, 1104, 2},
    {1848, 1105, 2},
    {1850, 1106, 2},
    {1852, 1101, 1},
    {1853, 1162, 9},
    {1862, 1163, 9},
    {1871, 1164, 9},
    {1880, 1165, 9},
    {1889, 1166, 9},
    {1898, 1213, 9},
    {1907, 1214, 9},
    {1916, 1215, 9},
    {1925, 1216, 9},
    {1934, 1217, 9},
    {1943, 1264, 9},
    {1952, 1265, 9},
    {1961, 1266, 9},
    {1970, 1267, 9},
    {1979, 1268, 9},
    {1988, 1315, 9},
    {1997, 1316, 9},
    {2006, 1317, 9},
    {2015, 1318, 9},
    {2024, 1319, 9},
    {2033, 1366, 9},
    {2042, 1367, 9},
    {2051, 1368, 9},
    {2060, 1369, 9},
    {2069, 1370, 9},
    {2078, 1112, 7},
    {2085, 1128, 7},
    {2092, 1130, 7},
    {2099, 1131, 7},
    {2106, 1133, 7},
    {2113, 1135, 7},
    {2120, 1136, 7},
    {2127, 1157, 7},
    {2134, 1158, 7},
    {2141, 1159, 7},
    {2148, 1160, 7},
    {2155, 1161, 7},
    {2162, 1176, 7},
    {2169, 1177, 7},
    {2176, 1178, 7},
    {2183, 1179, 7},
    {2190, 1186, 7},
    {2197, 1187, 7},
    {2204, 1188, 7},
    {2211, 1189, 7},
    {2218, 1200, 7},
    {2225, 1201, 7},
    {2232, 1202, 7},
    {2239, 1203, 7},
    {2246, 1208, 7},
    {2253, 1209, 7},
    {2260, 1210, 7},
    {2267, 1211, 7},
    {2274, 1212, 7},
    {2281, 1227, 7},
    {2288, 1228, 7},
    {2295, 1229, 7},
    {2302, 1230, 7},
    {2309, 1237, 7},
    {2316, 1238, 7},
    {2323, 1239, 7},
    {2330, 1240, 7},
    {2337, 1251, 7},
    {2344, 1252, 7},
    {2351, 1253, 7},
    {2358, 1254, 7},
    {2365, 1259, 7},
    {2372, 1260, 7},
    {2379, 1261, 7},
    {2386, 1262, 7},
    {2393, 1263, 7},
    {2400, 1278, 7},
    {2407, 1279, 7},
    {2414, 1280, 7},
    {2421, 1281, 7},
    {2428, 1288, 7},
    {2435, 1289, 7},
    {2442, 1290, 7},
    {2449, 1291, 7},
    {2456, 1302, 7},
    {2463, 1303, 7},
    {2470, 1304, 7},
    {2477, 1305, 7},
    {2484, 1310, 7},
    {2491, 1311, 7},
    {2498, 1312, 7},
    {2505, 1313, 7},
    {2512, 1314, 7},
    {2519, 1329, 7},
    {2526, 1330, 7},
    {2533, 1331, 7},
    {2540, 1332, 7},
    {2547, 1339, 7},
    {2554, 1340, 7},
    {2561, 1341, 7},
    {2568, 1342, 7},
    {2575, 1353, 7},
    {2582, 1354, 7},
    {2589, 1355, 7},
    {2596, 1356, 7},
    {2603, 1361, 7},
    {2610, 1362, 7},
    {2617, 1363, 7},
    {2624, 1364, 7},
    {2631, 1365, 7},
    {2638, 1380, 7},
    {2645, 1381, 7},
    {2652, 1382, 7},
    {2659, 1383, 7},
    {2666, 1390, 7},
    {2673, 1391, 7},
    {2680, 1392, 7},
    {2687, 1393, 7},
    {2694, 1404, 7},
    {2701, 1405, 7},
    {2708, 1406, 7},
    {2715, 1407, 7},
    {2722, 1191, 6},
    {2728, 1197, 6},
    {2734, 1199, 6},
    {2740, 1242, 6},
    {2746, 1248, 6},
    {2752, 1250, 6},
    {2758, 1293, 6},
    {2764, 1299, 6},
    {2770, 1301, 6},
    {2776, 1344, 6},
    {2782, 1350, 6},
    {2788, 1352, 6},
    {2794, 1395, 6},
    {2800, 1401, 6},
    {2806, 1403, 6},
    {2812, 1111, 5},
    {2817, 1123, 5},
    {2822, 1125, 5},
    {2827, 1126, 5},
    {2832, 1127, 5},
    {2837, 1129, 5},
    {2842, 1132, 5},
    {2847, 1134, 5},
    {2852, 1144, 5},
    {2857, 1150, 5},
    {2862, 1152, 5},
    {2867, 1154, 4},
    {2871, 1155, 4},
    {2875, 1156, 4},
    {2879, 1167, 4},
    {2883, 1168, 4},
    {2887, 1169, 4},
    {2891, 1170, 4},
    {2895, 1171, 4},
    {2899, 1172, 4},
    {2903, 1173, 4},
    {2907, 1174, 4},
    {2911, 1175, 4},
    {2915, 1180, 4},
    {2919, 1181, 4},
    {2923, 1182, 4},
    {2927, 1183, 4},
    {2931, 1184, 4},
    {2935, 1185, 4},
    {2939, 1190, 4},
    {2943, 1192, 4},
    {2947, 1193, 4},
    {2951, 1194, 4},
    {2955, 1195, 4},
    {2959, 1196, 4},
    {2963, 1198, 4},
    {2967, 1205, 4},
    {2971, 1206, 4},
    {2975, 1207, 4},
    {2979, 1218, 4},
    {2983, 1219, 4},
    {2987, 1220, 4},
    {2991, 1221, 4},
    {2995, 1222, 4},
    {2999, 1223, 4},
    {3003, 1224, 4},
    {3007, 1225, 4},
    {3011, 1226, 4},
    {3015, 1231, 4},
    {3019, 1232, 4},
    {3023, 1233, 4},
    {3027, 1234, 4},
    {3031, 1235, 4},
    {3035, 1236, 4},
    {3039, 1241, 4},
    {3043, 1243, 4},
    {3047, 1244, 4},
    {3051, 1245, 4},
    {3055, 1246, 4},
    {3059, 1247, 4},
    {3063, 1249, 4},
    {3067, 1256, 4},
    {3071, 1257, 4},
    {3075, 1258, 4},
    {3079, 1269, 4},
    {3083, 1270, 4},
    {3087, 1271, 4},
    {3091, 1272, 4},
    {3095, 1273, 4},
    {3099, 1274, 4},
    {3103, 1275, 4},
    {3107, 1276, 4},
    {3111, 1277, 4},
    {3115, 1282, 4},
    {3119, 1283, 4},
    {3123, 1284, 4},
    {3127, 1285, 4},
    {3131, 1286, 4},
    {3135, 1287, 4},
    {3139, 1292, 4},
    {3143, 1294, 4},
    {3147, 1295, 4},
    {3151, 1296, 4},
    {3155, 1297, 4},
    {3159, 1298, 4},
    {3163, 1300, 4},
    {3167, 1307, 4},
    {3171, 1308, 4},
    {3175, 1309, 4},
    {3179, 1320, 4},
    {3183, 1321, 4},
    {3187, 1322, 4},
    {3191, 1323, 4},
    {3195, 1324, 4},
    {3199, 1325, 4},
    {3203, 1326, 4},
    {3207, 1327, 4},
    {3211, 1328, 4},
    {3215, 1333, 4},
    {3219, 1334, 4},
    {3223, 1335, 4},
    {3227, 1336, 4},
    {3231, 1337, 4},
    {3235, 1338, 4},
    {3239, 1343, 4},
    {3243, 1345, 4},
    {3247, 1346, 4},
    {3251, 1347, 4},
    {3255, 1348, 4},
    {3259, 1349, 4},
    {3263, 1351, 4},
    {3267, 1358, 4},
    {3271, 1359, 4},
    {3275, 1360, 4},
    {3279, 1371, 4},
    {3283, 1372, 4},
    {3287, 1373, 4},
    {3291, 1374, 4},
    {3295, 1375, 4},
    {3299, 1376, 4},
    {3303, 1377, 4},
    {3307, 1378, 4},
    {3311, 1379, 4},
    {3315, 1384, 4},
    {3319, 1385, 4},
    {3323, 1386, 4},
    {3327, 1387, 4},
    {3331, 1388, 4},
    {3335, 1389, 4},
    {3339, 1394, 4},
    {3343, 1396, 4},
    {3347, 1397, 4},
    {3351, 1398, 4},
    {3355, 1399, 4},
    {3359, 1400, 4},
    {3363, 1402, 4},
    {3367, 1108, 3},
    {3370, 1109, 3},
    {3373, 1110, 3},
    {3376, 1113, 3},
    {3379, 1114, 3},
    {3382, 1115, 3},
    {3385, 1116, 3},
    {3388, 1117, 3},
    {3391, 1118, 3},
    {3394, 1119, 3},
    {3397, 1120, 3},
    {3400, 1121, 3},
    {3403, 1122, 3},
    {3406, 1124, 3},
    {3409, 1137, 3},
    {3412, 1138, 3},
    {3415, 1139, 3},
    {3418, 1140, 3},
    {3421, 1141, 3},
    {3424, 1142, 3},
    {3427, 1143, 3},
    {3430, 1145, 3},
    {3433, 1146, 3},
    {3436, 1147, 3},
    {3439, 1148, 3},
    {3442, 1149, 3},
    {3445, 1151, 3},
    {3448, 1153, 2},
    {3450, 1204, 2},
    {3452, 1255, 2},
    {3454, 1306, 2},
    {3456, 1357, 2},
    {3458, 1107, 1},
    {3459, 1465, 9},
    {3468, 1466, 9},
    {3477, 1467, 9},
    {3486, 1468, 9},
    {3495, 1469, 9},
    {3504, 1470, 9},
    {3513, 1471, 9},
    {3522, 1472, 9},
    {3531, 1473, 9},
    {3540, 1474, 9},
    {3549, 1530, 9},
    {3558, 1531, 9},
    {3567, 1532, 9},
    {3576, 1533, 9},
    {3585, 1534, 9},
    {3594, 1535, 9},
    {3603, 1536, 9},
    {3612, 1537, 9},
    {3621, 1538, 9},
    {3630, 1539, 9},
    {3639, 1595, 9},
    {3648, 1596, 9},
    {3657, 1597, 9},
    {3666, 1598, 9},
    {3675, 1599, 9},
    {3684, 1600, 9},
    {3693, 1601, 9},
    {3702, 1602, 9},
    {3711, 1603, 9},
    {3720, 1604, 9},
    {3729, 1660, 9},
    {3738, 1661, 9},
    {3747, 1662, 9},
    {3756, 1663, 9},
    {3765, 1664, 9},
    {3774, 1665, 9},
    {3783, 1666, 9},
    {3792, 1667, 9},
    {3801, 1668, 9},
    {3810, 1669, 9},
    {3819, 1725, 9},
    {3828, 1726, 9},
    {3837, 1727, 9},
    {3846, 1728, 9},
    {3855, 1729, 9},
    {3864, 1730, 9},
    {3873, 1731, 9},
    {3882, 1732, 9},
    {3891, 1733, 9},
    {3900, 1734, 9},
    {3909, 1414, 7},
    {3916, 1415, 7},
    {3923, 1431, 7},
    {3930, 1433, 7},
    {3937, 1434, 7},
    {3944, 1455, 7},
    {3951, 1456, 7},
    {3958, 1457, 7},
    {3965, 1458, 7},
    {3972, 1459, 7},
    {3979, 1460, 7},
    {3986, 1461, 7},
    {3993, 1462, 7},
    {4000, 1463, 7},
    {4007, 1464, 7},
    {4014, 1484, 7},
    {4021, 1485, 7},
    {4028, 1486, 7},
    {4035, 1487, 7},
    {4042, 1494, 7},
    {4049, 1495, 7},
    {4056, 1496, 7},
    {4063, 1497, 7},
    {4070, 1498, 7},
    {4077, 1499, 7},
    {4084, 1500, 7},
    {4091, 1501, 7},
    {4098, 1512, 7},
    {4105, 1513, 7},
    {4112, 1514, 7},
    {4119, 1515, 7},
    {4126, 1520, 7},
    {4133, 1521, 7},
    {4140, 1522, 7},
    {4147, 1523, 7},
    {4154, 1524, 7},
    {4161, 1525, 7},
    {4168, 1526, 7},
    {4175, 1527, 7},
    {4182, 1528, 7},
    {4189, 1529, 7},
    {4196, 1549, 7},
    {4203, 1550, 7},
    {4210, 1551, 7},
    {4217, 1552, 7},
    {4224, 1559, 7},
    {4231, 1560, 7},
    {4238, 1561, 7},
    {4245, 1562, 7},
    {4252, 1563, 7},
    {4259, 1564, 7},
    {4266, 1565, 7},
    {4273, 1566, 7},
    {4280, 1577, 7},
    {4287, 1578, 7},
    {4294, 1579, 7},
    {4301, 1580, 7},
    {4308, 1585, 7},
    {4315, 1586, 7},
    {4322, 1587, 7},
    {4329, 1588, 7},
    {4336, 1589, 7},
    {4343, 1590, 7},
    {4350, 1591, 7},
    {4357, 1592, 7},
    {4364, 1593, 7},
    {4371, 1594, 7},
    {4378, 1614, 7},
    {4385, 1615, 7},
    {4392, 1616, 7},
    {4399, 1617, 7},
    {4406, 1624, 7},
    {4413, 1625, 7},
    {4420, 1626, 7},
    {4427, 1627, 7},
    {4434, 1628, 7},
    {4441, 1629, 7},
    {4448, 1630, 7},
    {4455, 1631, 7},
    {4462, 1642, 7},
    {4469, 1643, 7},
    {4476, 1644, 7},
    {4483, 1645, 7},
    {4490, 1650, 7},
    {4497, 1651, 7},
    {4504, 1652, 7},
    {4511, 1653, 7},
    {4518, 1654, 7},
    {4525, 1655, 7},
    {4532, 1656, 7},
    {4539, 1657, 7},
    {4546, 1658, 7},
    {4553, 1659, 7},
    {4560, 1679, 7},
    {4567, 1680, 7},
    {4574, 1681, 7},
    {4581, 1682, 7},
    {4588, 1689, 7},
    {4595, 1690, 7},
    {4602, 1691, 7},
    {4609, 1692, 7},
    {4616, 1693, 7},
    {4623, 1694, 7},
    {4630, 1695, 7},
    {4637, 1696, 7},
    {4644, 1707, 7},
    {4651, 1708, 7},
    {4658, 1709, 7},
    {4665, 1710, 7},
    {4672, 1715, 7},
    {4679, 1716, 7},
    {4686, 1717, 7},
    {4693, 1718, 7},
    {4700, 1719, 7},
    {4707, 1720, 7},
    {4714, 1721, 7},
    {4721, 1722, 7},
    {4728, 1723, 7},
    {4735, 1724, 7},
    {4742, 1744, 7},
    {4749, 1745, 7},
    {4756, 1746, 7},
    {4763, 1747, 7},
    {4770, 1754, 7},
    {4777, 1755, 7},
    {4784, 1756, 7},
    {4791, 1757, 7},
    {4798, 1758, 7},
    {4805, 1759, 7},
    {4812, 1760, 7},
    {4819, 1761, 7},
    {4826, 1772, 7},
    {4833, 1773, 7},
    {4840, 1774, 7},
    {4847, 1775, 7},
    {4854, 1503, 6},
    {4860, 1509, 6},
    {4866, 1511, 6},
    {4872, 1568, 6},
    {4878, 1574, 6},
    {4884, 1576, 6},
    {4890, 1633, 6},
    {4896, 1639, 6},
    {4902, 1641, 6},
    {4908, 1698, 6},
    {4914, 1704, 6},
    {4920, 1706, 6},
    {4926, 1763, 6},
    {4932, 1769, 6},
    {4938, 1771, 6},
    {4944, 1412, 5},
    {4949, 1413, 5},
    {4954, 1426, 5},
    {4959, 1428, 5},
    {4964, 1429, 5},
    {4969, 1430, 5},
    {4974, 1432, 5},
    {4979, 1442, 5},
    {4984, 1448, 5},
    {4989, 1450, 5},
    {4994, 1452, 4},
    {4998, 1453, 4},
    {5002, 1454, 4},
    {5006, 1475, 4},
    {5010, 1476, 4},
    {5014, 1477, 4},
    {5018, 1478, 4},
    {5022, 1479, 4},
    {5026, 1480, 4},
    {5030, 1481, 4},
    {5034, 1482, 4},
    {5038, 1483, 4},
    {5042, 1488, 4},
    {5046, 1489, 4},
    {5050, 1490, 4},
    {5054, 1491, 4},
    {5058, 1492, 4},
    {5062, 1493, 4},
    {5066, 1502, 4},
    {5070, 1504, 4},
    {5074, 1505, 4},
    {5078, 1506, 4},
    {5082, 1507, 4},
    {5086, 1508, 4},
    {5090, 1510, 4},
    {5094, 1517, 4},
    {5098, 1518, 4},
    {5102, 1519, 4},
    {5106, 1540, 4},
    {5110, 1541, 4},
    {5114, 1542, 4},
    {5118, 1543, 4},
    {5122, 1544, 4},
    {5126, 1545, 4},
    {5130, 1546, 4},
    {5134, 1547, 4},
    {5138, 1548, 4},
    {5142, 1553, 4},
    {5146, 1554, 4},
    {5150, 1555, 4},
    {5154, 1556, 4},
    {5158, 1557, 4},
    {5162, 1558, 4},
    {5166, 1567, 4},
    {5170, 1569, 4},
    {5174, 1570, 4},
    {5178, 1571, 4},
    {5182, 1572, 4},
    {5186, 1573, 4},
    {5190, 1575, 4},
    {5194, 1582, 4},
    {5198, 1583, 4},
    {5202, 1584, 4},
    {5206, 1605, 4},
    {5210, 1606, 4},
    {5214, 1607, 4},
    {5218, 1608, 4},
    {5222, 1609, 4},
    {5226, 1610, 4},
    {5230, 1611, 4},
    {5234, 1612, 4},
    {5238, 1613, 4},
    {5242, 1618, 4},
    {5246, 1619, 4},
    {5250, 1620, 4},
    {5254, 1621, 4},
    {5258, 1622, 4},
    {5262, 1623, 4},
    {5266, 1632, 4},
    {5270, 1634, 4},
    {5274, 1635, 4},
    {5278, 1636, 4},
    {5282, 1637, 4},
    {5286, 1638, 4},
    {5290, 1640, 4},
    {5294, 1647, 4},
    {5298, 1648, 4},
    {5302, 1649, 4},
    {5306, 1670, 4},
    {5310, 1671, 4},
    {5314, 1672, 4},
    {5318, 1673, 4},
    {5322, 1674, 4},
    {5326, 1675, 4},
    {5330, 1676, 4},
    {5334, 1677, 4},
    {5338, 1678, 4},
    {5342, 1683, 4},
    {5346, 1684, 4},
    {5350, 1685, 4},
    {5354, 1686, 4},
    {5358, 1687, 4},
    {5362, 1688, 4},
    {5366, 1697, 4},
    {5370, 1699, 4},
    {5374, 1700, 4},
    {5378, 1701, 4},
    {5382, 1702, 4},
    {5386, 1703, 4},
    {5390, 1705, 4},
    {5394, 1712, 4},
    {5398, 1713, 4},
    {5402, 1714, 4},
    {5406, 1735, 4},
    {5410, 1736, 4},
    {5414, 1737, 4},
    {5418, 1738, 4},
    {5422, 1739, 4},
    {5426, 1740, 4},
    {5430, 1741, 4},
    {5434, 1742, 4},
    {5438, 1743, 4},
    {5442, 1748, 4},
    {5446, 1749, 4},
    {5450, 1750, 4},
    {5454, 1751, 4},
    {5458, 1752, 4},
    {5462, 1753, 4},
    {5466, 1762, 4},
    {5470, 1764, 4},
    {5474, 1765, 4},
    {5478, 1766, 4},
    {5482, 1767, 4},
    {5486, 1768, 4},
    {5490, 1770, 4},
    {5494, 1409, 3},
    {5497, 1410, 3},
    {5500, 1411, 3},
    {5503, 1416, 3},
    {5506, 1417, 3},
    {5509, 1418, 3},
    {5512, 1419, 3},
    {5515, 1420, 3},
    {5518, 1421, 3},
    {5521, 1422, 3},
    {5524, 1423, 3},
    {5527, 1424, 3},
    {5530, 1425, 3},
    {5533, 1427, 3},
    {5536, 1435, 3},
    {5539, 1436, 3},
    {5542, 1437, 3},
    {5545, 1438, 3},
    {5548, 1439, 3},
    {5551, 1440, 3},
    {5554, 1441, 3},
    {5557, 1443, 3},
    {5560, 1444, 3},
    {5563, 1445, 3},
    {5566, 1446, 3},
    {5569, 1447, 3},
    {5572, 1449, 3},
    {5575, 1451, 2},
    {5577, 1516, 2},
    {5579, 1581, 2},
    {5581, 1646, 2},
    {5583, 1711, 2},
    {5585, 1408, 1},
    {5586, 1776, 1},
    {5587, 1778, 2},
    {5589, 1779, 2},
    {5591, 1780, 2},
    {5593, 1781, 2},
    {5595, 1782, 2},
    {5597, 1777, 1},
    {5598, 1784, 2},
    {5600, 1785, 2},
    {5602, 1786, 2},
    {5604, 1787, 2},
    {5606, 1788, 2},
    {5608, 1783, 1},
    {5609, 1790, 2},
    {5611, 1791, 2},
    {5613, 1792, 2},
    {5615, 1793, 2},
    {5617, 1794, 2},
    {5619, 1789, 1},
    {5620, 1799, 4},
    {5624, 1800, 4},
    {5628, 1802, 4},
    {5632, 1803, 4},
    {5636, 1805, 4},
    {5640, 1806, 4},
    {5644, 1808, 4},
    {5648, 1809, 4},
    {5652, 1811, 4},
    {5656, 1812, 4},
    {5660, 1796, 3},
    {5663, 1797, 3},
    {5666, 1798, 2},
    {5668, 1801, 2},
    {5670, 1804, 2},
    {5672, 1807, 2},
    {5674, 1810, 2},
    {5676, 1795, 1},
    {5677, 1817, 4},
    {5681, 1818, 4},
    {5685, 1820, 4},
    {5689, 1821, 4},
    {5693, 1823, 4},
    {5697, 1824, 4},
    {5701, 1826, 4},
    {5705, 1827, 4},
    {5709, 1829, 4},
    {5713, 1830, 4},
    {5717, 1814, 3},
    {5720, 1815, 3},
    {5723, 1816, 2},
    {5725, 1819, 2},
    {5727, 1822, 2},
    {5729, 1825, 2},
    {5731, 1828, 2},
    {5733, 1813, 1},
    {5734, 1835, 4},
    {5738, 1836, 4},
    {5742, 1838, 4},
    {5746, 1839, 4},
    {5750, 1841, 4},
    {5754, 1842, 4},
    {5758, 1844, 4},
    {5762, 1845, 4},
    {5766, 1847, 4},
    {5770, 1848, 4},
    {5774, 1832, 3},
    {5777, 1833, 3},
    {5780, 1834, 2},
    {5782, 1837, 2},
    {5784, 1840, 2},
    {5786, 1843, 2},
    {5788, 1846, 2},
    {5790, 1831, 1},
    {5791, 1853, 4},
    {5795, 1854, 4},
    {5799, 1856, 4},
    {5803, 1857, 4},
    {5807, 1859, 4},
    {5811, 1860, 4},
    {5815, 1862, 4},
    {5819, 1863, 4},
    {5823, 1865, 4},
    {5827, 1866, 4},
    {5831, 1850, 3},
    {5834, 1851, 3},
    {5837, 1852, 2},
    {5839, 1855, 2},
    {5841, 1858, 2},
    {5843, 1861, 2},
    {5845, 1864, 2},
    {5847, 1849, 1},
    {5848, 1868, 2},
    {5850, 1869, 2},
    {5852, 1870, 2},
    {5854, 1871, 2},
    {5856, 1872, 2},
    {5858, 1867, 1},
    {5859, 1877, 4},
    {5863, 1878, 4},
    {5867, 1880, 4},
    {5871, 1881, 4},
    {5875, 1883, 4},
    {5879, 1884, 4},
    {5883, 1886, 4},
    {5887, 1887, 4},
    {5891, 1889, 4},
    {5895, 1890, 4},
    {5899, 1874, 3},
    {5902, 1875, 3},
    {5905, 1876, 2},
    {5907, 1879, 2},
    {5909, 1882, 2},
    {5911, 1885, 2},
    {5913, 1888, 2},
    {5915, 1873, 1},
    {5916, 1892, 2},
    {5918, 1893, 2},
    {5920, 1894, 2},
    {5922, 1895, 2},
    {5924, 1896, 2},
    {5926, 1891, 1},
    {5927, 1898, 2},
    {5929, 1899, 2},
    {5931, 1900, 2},
    {5933, 1901, 2},
    {5935, 1902, 2},
    {5937, 1897, 1},
    {5938, 1904, 2},
    {5940, 1905, 2},
    {5942, 1906, 2},
    {5944, 1907, 2},
    {5946, 1908, 2},
    {5948, 1903, 1},
    {5949, 1913, 4},
    {5953, 1914, 4},
    {5957, 1916, 4},
    {5961, 1917, 4},
    {5965, 1919, 4},
    {5969, 1920, 4},
    {5973, 1922, 4},
    {5977, 1923, 4},
    {5981, 1925, 4},
    {5985, 1926, 4},
    {5989, 1910, 3},
    {5992, 1911, 3},
    {5995, 1912, 2},
    {5997, 1915, 2},
    {5999, 1918, 2},
    {6001, 1921, 2},
    {6003, 1924, 2},
    {6005, 1909, 1},
    {6006, 1928, 2},
    {6008, 1929, 2},
    {6010, 1930, 2},
    {6012, 1931, 2},
    {6014, 1932, 2},
    {6016, 1927, 1},
    {6017, 1933, 1},
    {6018, 1934, 1},
    {6019, 1935, 1},
    {6020, 1937, 2},
    {6022, 1938, 2},
    {6024, 1939, 2},
    {6026, 1940, 2},
    {6028, 1941, 2},
    {6030, 1936, 1},
    {6031, 1942, 1},
    {6032, 1943, 1},
    {6033, 1944, 1},
    {6034, 1945, 1},
    {6035, 1950, 4},
    {6039, 1951, 4},
    {6043, 1953, 4},
    {6047, 1954, 4},
    {6051, 1956, 4},
    {6055, 1957, 4},
    {6059, 1959, 4},
    {6063, 1960, 4},
    {6067, 1962, 4},
    {6071, 1963, 4},
    {6075, 1947, 3},
    {6078, 1948, 3},
    {6081, 1949, 2},
    {6083, 1952, 2},
    {6085, 1955, 2},
    {6087, 1958, 2},
    {6089, 1961, 2},
    {6091, 1946, 1},
    {6092, 1968, 4},
    {6096, 1969, 4},
    {6100, 1971, 4},
    {6104, 1972, 4},
    {6108, 1974, 4},
    {6112, 1975, 4},
    {6116, 1977, 4},
    {6120, 1978, 4},
    {6124, 1980, 4},
    {6128, 1981, 4},
    {6132, 1965, 3},
    {6135, 1966, 3},
    {6138, 1967, 2},
    {6140, 1970, 2},
    {6142, 1973, 2},
    {6144, 1976, 2},
    {6146, 1979, 2},
    {6148, 1964, 1},
    {6149, 1983, 2},
    {6151, 1984, 2},
    {6153, 1985, 2},
    {6155, 1986, 2},
    {6157, 1987, 2},
    {6159, 1982, 1},
    {6160, 1988, 1},
    {6161, 1990, 2},
    {6163, 1991, 2},
    {6165, 1992, 2},
    {6167, 1993, 2},
    {6169, 1994, 2},
    {6171, 1989, 1},
    {6172, 1999, 4},
    {6176, 2000, 4},
    {6180, 2002, 4},
    {6184, 2003, 4},
    {6188, 2005, 4},
    {6192, 2006, 4},
    {6196, 2008, 4},
    {6200, 2009, 4},
    {6204, 2011, 4},
    {6208, 2012, 4},
    {6212, 1996, 3},
    {6215, 1997, 3},
    {6218, 1998, 2},
    {6220, 2001, 2},
    {6222, 2004, 2},
    {6224, 2007, 2},
    {6226, 2010, 2},
    {6228, 1995, 1},
    {6229, 2017, 4},
    {6233, 2018, 4},
    {6237, 2020, 4},
    {6241, 2021, 4},
    {6245, 2023, 4},
    {6249, 2024, 4},
    {6253, 2026, 4},
    {6257, 2027, 4},
    {6261, 2029, 4},
    {6265, 2030, 4},
    {6269, 2014, 3},
    {6272, 2015, 3},
    {6275, 2016, 2},
    {6277, 2019, 2},
    {6279, 2022, 2},
    {6281, 2025, 2},
    {6283, 2028, 2},
    {6285, 2013, 1},
    {6286, 2031, 1},
    {6287, 2032, 1},
    {6288, 2033, 1},
    {6289, 2034, 1},
    {6290, 2035, 1},
    {6291, 2036, 1},
    {6292, 2037, 1},
    {6293, 2039, 2},
    {6295, 2040, 2},
    {6297, 2041, 2},
    {6299, 2042, 2},
    {6301, 2043, 2},
    {6303, 2038, 1},
    {6304, 2044, 1},
    {6305, 2046, 2},
    {6307, 2047, 2},
    {6309, 2048, 2},
    {6311, 2049, 2},
    {6313, 2050, 2},
    {6315, 2045, 1},
    {6316, 2051, 1},
    {6317, 2052, 1},
    {6318, 2053, 1},
    {6319, 2054, 1},
    {6320, 2055, 1},
    {6321, 2056, 1},
    {6322, 2057, 1},
    {6323, 2058, 1},
    {6324, 2059, 1},
    {6325, 2060, 1},
    {6326, 2061, 1},
    {6327, 2062, 1},
    {6328, 2063, 1},
    {6329, 2064, 1},
    {6330, 2065, 1},
    {6331, 2066, 1},
    {6332, 2067, 1},
    {6333, 2068, 1},
    {6334, 2069, 1},
    {6335, 2070, 1},
    {6336, 2071, 1},
    {6337, 2072, 1},
    {6338, 2073, 1},
    {6339, 2074, 1},
    {6340, 2076, 2},
    {6342, 2077, 2},
    {6344, 2078, 2},
    {6346, 2079, 2},
    {6348, 2080, 2},
    {6350, 2075, 1},
    {6351, 2081, 1},
    {6352, 2082, 1},
    {6353, 2083, 1},
    {6354, 2084, 1},
    {6355, 2085, 1},
    {6356, 2086, 1},
    {6357, 2087, 1},
    {6358, 2088, 1},
    {6359, 2089, 1},
    {6360, 2090, 1},
    {6361, 2091, 1},
    {6362, 2092, 1},
    {6363, 2093, 1},
    {6364, 2094, 1},
    {6365, 2095, 1},
    {6366, 2096, 1},
    {6367, 2097, 1},
    {6368, 2098, 1},
    {6369, 2099, 1},
    {6370, 2100, 1},
    {6371, 2101, 1},
    {6372, 2102, 1},
    {6373, 2103, 1},
    {6374, 2104, 1},
    {6375, 2105, 1},
    {6376, 2106, 1},
    {6377, 2107, 1},
    {6378, 2108, 1},
    {6379, 2109, 1},
    {6380, 2110, 1},
    {6381, 2111, 1},
    {6382, 2112, 1},
    {6383, 2113, 1},
    {6384, 2114, 1},
    {6385, 2115, 1},
    {6386, 2116, 1},
    {6387, 2117, 1},
    {6388, 2118, 1},
    {6389, 2119, 1},
    {6390, 2120, 1},
    {6391, 2121, 1},
    {6392, 2122, 1},
    {6393, 2123, 1},
    {6394, 2124, 1},
    {6395, 2125, 1},
    {6396, 2126, 1},
    {6397, 2127, 1},
    {6398, 2128, 1},
    {6399, 2129, 1},
    {6400, 2130, 1},
    {6401, 2131, 1},
    {6402, 2132, 1},
    {6403, 2133, 1},
    {6404, 2134, 1},
    {6405, 2135, 1},
    {6406, 2136, 1},
    {6407, 2137, 1},
    {6408, 2138, 1},
    {6409, 2139, 1},
    {6410, 2140, 1},
    {6411, 2141, 1},
    {6412, 2142, 1},
    {6413, 2143, 1},
    {6414, 2144, 1},
    {6415, 2145, 1},
    {6416, 2146, 1},
    {6417, 2147, 1},
    {6418, 2148, 1},
    {6419, 2149, 1},
    {6420, 2150, 1},
    {6421, 2151, 1},
    {6422, 2152, 1},
    {6423, 2153, 1},
    {6424, 2154, 1},
    {6425, 2155, 1},
    {6426, 2156, 1},
    {6427, 2157, 1},
    {6428, 2158, 1},
    {6429, 2159, 1},
    {6430, 2160, 1},
    {6431, 2161, 1},
    {6432, 2162, 1},
    {6433, 2163, 1},
    {6434, 2164, 1},
    {6435, 2165, 1},
    {6436, 2166, 1},
    {6437, 2167, 1},
    {6438, 2168, 1},
    {6439, 2169, 1},
    {6440, 2170, 1},
    {6441, 2171, 1},
    {6442, 2172, 1},
    {6443, 2173, 1},
    {6444, 2174, 1},
    {6445, 2175, 1},
    {6446, 2176, 1},
    {6447, 2177, 1},
    {6448, 2178, 1},
    {6449, 2179, 1},
    {6450, 2180, 1},
    {6451, 2181, 1},
    {6452, 2182, 1},
    {6453, 2183, 1},
    {6454, 2184, 1},
    {6455, 2185, 1},
    {6456, 2186, 1},
    {6457, 2187, 1},
    {6458, 2188, 1},
    {6459, 2189, 1},
    {6460, 2190, 1},
    {6461, 2191, 1},
    {6462, 2192, 1},
    {6463, 2193, 1},
    {6464, 2194, 1},
    {6465, 2195, 1},
    {6466, 2196, 1},
    {6467, 2197, 1},
    {6468, 2198, 1},
    {6469, 2199, 1},
    {6470, 2200, 1},
    {6471, 2201, 1},
    {6472, 2202, 1},
    {6473, 2203, 1},
    {6474, 2204, 1},
    {6475, 2205, 1},
    {6476, 2206, 1},
    {6477, 2207, 1},
    {6478, 2208, 1},
    {6479, 2209, 1},
    {6480, 2210, 1},
    {6481, 2211, 1},
    {6482, 2212, 1},
    {6483, 2213, 1},
    {6484, 2214, 1},
    {6485, 2215, 1},
    {6486, 2216, 1},
    {6487, 2217, 1},
    {6488, 2218, 1},
    {6489, 2219, 1},
    {6490, 2220, 1},
    {6491, 2221, 1},
    {6492, 2222, 1},
    {6493, 2223, 1},
    {6494, 2224, 1},
    {6495, 2225, 1},
    {6496, 2226, 1},
    {6497, 2227, 1},
    {6498, 2228, 1},
    {6499, 2229, 1},
    {6500, 2230, 1},
    {6501, 2231, 1},
    {6502, 2232, 1},
    {6503, 2233, 1},
    {6504, 2234, 1},
    {6505, 2235, 1},
    {6506, 2236, 1},
    {6507, 2237, 1},
    {6508, 2238, 1},
    {6509, 2239, 1},
    {6510, 2240, 1},
    {6511, 2241, 1},
    {6512, 2242, 1},
    {6513, 2243, 1},
    {6514, 2244, 1},
    {6515, 2245, 1},
    {6516, 2246, 1},
    {6517, 2247, 1},
    {6518, 2248, 1},
    {6519, 2249, 1},
    {6520, 2250, 1},
    {6521, 2251, 1},
    {6522, 2252, 1},
    {6523, 2253, 1},
    {6524, 2254, 1},
    {6525, 2255, 1},
    {6526, 2256, 1},
    {6527, 2257, 1},
    {6528, 2258, 1},
    {6529, 2259, 1},
    {6530, 2264, 4},
    {6534, 2265, 4},
    {6538, 2267, 4},
    {6542, 2268, 4},
    {6546, 2270, 4},
    {6550, 2271, 4},
    {6554, 2273, 4},
    {6558, 2274, 4},
    {6562, 2276, 4},
    {6566, 2277, 4},
    {6570, 2261, 3},
    {6573, 2262, 3},
    {6576, 2263, 2},
    {6578, 2266, 2},
    {6580, 2269, 2},
    {6582, 2272, 2},
    {6584, 2275, 2},
    {6586, 2260, 1},
    {6587, 2282, 4},
    {6591, 2283, 4},
    {6595, 2285, 4},
    {6599, 2286, 4},
    {6603, 2288, 4},
    {6607, 2289, 4},
    {6611, 2291, 4},
    {6615, 2292, 4},
    {6619, 2294, 4},
    {6623, 2295, 4},
    {6627, 2279, 3},
    {6630, 2280, 3},
    {6633, 2281, 2},
    {6635, 2284, 2},
    {6637, 2287, 2},
    {6639, 2290, 2},
    {6641, 2293, 2},
    {6643, 2278, 1},
    {6644, 2296, 1},
    {6645, 2297, 1},
    {6646, 2298, 1},
    {6647, 2299, 1},
    {6648, 2301, 2},
    {6650, 2302, 2},
    {6652, 2303, 2},
    {6654, 2304, 2},
    {6656, 2305, 2},
    {6658, 2300, 1},
    {6659, 2306, 1},
    {6660, 2307, 1},
    {6661, 2308, 1},
    {6662, 2309, 1},
    {6663, 2310, 1},
    {6664, 2312, 2},
    {6666, 2313, 2},
    {6668, 2314, 2},
    {6670, 2315, 2},
    {6672, 2316, 2},
    {6674, 2311, 1},
    {6675, 2318, 2},
    {6677, 2319, 2},
    {6679, 2320, 2},
    {6681, 2321, 2},
    {6683, 2322, 2},
    {6685, 2317, 1},
    {6686, 2324, 2},
    {6688, 2325, 2},
    {6690, 2326, 2},
    {6692, 2327, 2},
    {6694, 2328, 2},
    {6696, 2323, 1},
    {6697, 2329, 1},
    {6698, 2330, 1},
    {6699, 2331, 1},
    {6700, 2332, 1},
    {6701, 2333, 1},
    {6702, 2334, 1},
    {6703, 2335, 1},
    {6704, 2336, 1},
    {6705, 2337, 1},
    {6706, 2338, 1},
    {6707, 2339, 1},
    {6708, 2340, 1},
    {6709, 2341, 1},
    {6710, 2342, 1},
    {6711, 2343, 1},
    {6712, 2344, 1},
    {6713, 2345, 1},
    {6714, 2346, 1},
    {6715, 2347, 1},
    {6716, 2348, 1},
    {6717, 2349, 1},
    {6718, 2350, 1},
    {6719, 2351, 1},
    {6720, 2352, 1},
    {6721, 2353, 1},
    {6722, 2354, 1},
    {6723, 2355, 1},
    {6724, 2356, 1},
    {6725, 2357, 1},
    {6726, 2358, 1},
    {6727, 2359, 1},
    {6728, 2360, 1},
    {6729, 2361, 1},
    {6730, 2362, 1},
    {6731, 2363, 1},
    {6732, 2364, 1},
    {6733, 2365, 1},
    {6734, 2366, 1},
    {6735, 2367, 1},
    {6736, 2368, 1},
    {6737, 2369, 1},
    {6738, 2370, 1},
    {6739, 2371, 1},
    {6740, 2372, 1},
    {6741, 2373, 1},
    {6742, 2374, 1},
    {6743, 2375, 1},
    {6744, 2376, 1},
    {6745, 2377, 1},
    {6746, 2378, 1},
    {6747, 2379, 1},
    {6748, 2380, 1},
    {6749, 2381, 1},
    {6750, 2382, 1},
    {6751, 2383, 1},
    {6752, 2384, 1},
    {6753, 2385, 1},
    {6754, 2386, 1},
    {6755, 2387, 1},
    {6756, 2388, 1},
    {6757, 2389, 1},
    {6758, 2390, 1},
    {6759, 2391, 1},
    {6760, 2392, 1},
    {6761, 2393, 1},
    {6762, 2394, 1},
    {6763, 2395, 1},
    {6764, 2396, 1},
    {6765, 2397, 1},
    {6766, 2398, 1},
    {6767, 2399, 1},
    {6768, 2400, 1},
    {6769, 2402, 3},
    {6772, 2401, 1},
    {6773, 2403, 1},
    {6774, 2404, 1},
    {6775, 2405, 1},
    {6776, 2406, 1},
    {6777, 2407, 1},
    {6778, 2408, 1},
    {6779, 2410, 3},
    {6782, 2409, 1},
    {6783, 2412, 3},
    {6786, 2411, 1},
    {6787, 2413, 1},
    {6788, 2414, 1},
    {6789, 2415, 1},
    {6790, 2416, 1},
    {6791, 2417, 1},
    {6792, 2418, 1},
    {6793, 2419, 1},
    {6794, 2420, 1},
    {6795, 2421, 1},
    {6796, 2422, 1},
    {6797, 2423, 1},
    {6798, 2425, 3},
    {6801, 2426, 3},
    {6804, 2424, 1},
    {6805, 2427, 1},
    {6806, 2428, 1},
    {6807, 2433, 4},
    {6811, 2434, 4},
    {6815, 2436, 4},
    {6819, 2437, 4},
    {6823, 2439, 4},
    {6827, 2440, 4},
    {6831, 2442, 4},
    {6835, 2443, 4},
    {6839, 2445, 4},
    {6843, 2446, 4},
    {6847, 2430, 3},
    {6850, 2431, 3},
    {6853, 2432, 2},
    {6855, 2435, 2},
    {6857, 2438, 2},
    {6859, 2441, 2},
    {6861, 2444, 2},
    {6863, 2429, 1},
    {6864, 2451, 4},
    {6868, 2452, 4},
    {6872, 2454, 4},
    {6876, 2455, 4},
    {6880, 2457, 4},
    {6884, 2458, 4},
    {6888, 2460, 4},
    {6892, 2461, 4},
    {6896, 2463, 4},
    {6900, 2464, 4},
    {6904, 2448, 3},
    {6907, 2449, 3},
    {6910, 2450, 2},
    {6912, 2453, 2},
    {6914, 2456, 2},
    {6916, 2459, 2},
    {6918, 2462, 2},
    {6920, 2447, 1},
    {6921, 2469, 4},
    {6925, 2470, 4},
    {6929, 2472, 4},
    {6933, 2473, 4},
    {6937, 2475, 4},
    {6941, 2476, 4},
    {6945, 2478, 4},
    {6949, 2479, 4},
    {6953, 2481, 4},
    {6957, 2482, 4},
    {6961, 2466, 3},
    {6964, 2467, 3},
    {6967, 2468, 2},
    {6969, 2471, 2},
    {6971, 2474, 2},
    {6973, 2477, 2},
    {6975, 2480, 2},
    {6977, 2465, 1},
    {6978, 2483, 1},
    {6979, 2484, 1},
    {6980, 2485, 1},
    {6981, 2490, 4},
    {6985, 2491, 4},
    {6989, 2493, 4},
    {6993, 2494, 4},
    {6997, 2496, 4},
    {7001, 2497, 4},
    {7005, 2499, 4},
    {7009, 2500, 4},
    {7013, 2502, 4},
    {7017, 2503, 4},
    {7021, 2487, 3},
    {7024, 2488, 3},
    {7027, 2489, 2},
    {7029, 2492, 2},
    {7031, 2495, 2},
    {7033, 2498, 2},
    {7035, 2501, 2},
    {7037, 2486, 1},
    {7038, 2505, 2},
    {7040, 2506, 2},
    {7042, 2507, 2},
    {7044, 2508, 2},
    {7046, 2509, 2},
    {7048, 2504, 1},
    {7049, 2514, 4},
    {7053, 2515, 4},
    {7057, 2517, 4},
    {7061, 2518, 4},
    {7065, 2520, 4},
    {7069, 2521, 4},
    {7073, 2523, 4},
    {7077, 2524, 4},
    {7081, 2526, 4},
    {7085, 2527, 4},
    {7089, 2511, 3},
    {7092, 2512, 3},
    {7095, 2513, 2},
    {7097, 2516, 2},
    {7099, 2519, 2},
    {7101, 2522, 2},
    {7103, 2525, 2},
    {7105, 2510, 1},
    {7106, 2532, 4},
    {7110, 2533, 4},
    {7114, 2535, 4},
    {7118, 2536, 4},
    {7122, 2538, 4},
    {7126, 2539, 4},
    {7130, 2541, 4},
    {7134, 2542, 4},
    {7138, 2544, 4},
    {7142, 2545, 4},
    {7146, 2529, 3},
    {7149, 2530, 3},
    {7152, 2531, 2},
    {7154, 2534, 2},
    {7156, 2537, 2},
    {7158, 2540, 2},
    {7160, 2543, 2},
    {7162, 2528, 1},
    {7163, 2547, 2},
    {7165, 2548, 2},
    {7167, 2549, 2},
    {7169, 2550, 2},
    {7171, 2551, 2},
    {7173, 2546, 1},
    {7174, 2552, 1},
    {7175, 2553, 1},
    {7176, 2554, 1},
    {7177, 2555, 1},
    {7178, 2556, 1},
    {7179, 2557, 1},
    {7180, 2558, 1},
    {7181, 2559, 1},
    {7182, 2560, 1},
    {7183, 2561, 1},
    {7184, 2562, 1},
    {7185, 2563, 1},
    {7186, 2564, 1},
    {7187, 2565, 1},
    {7188, 2566, 1},
    {7189, 2567, 1},
    {7190, 2568, 1},
    {7191, 2569, 1},
    {7192, 2570, 1},
    {7193, 2571, 1},
    {7194, 2572, 1},
    {7195, 2573, 1},
    {7196, 2574, 1},
    {7197, 2575, 1},
    {7198, 2576, 1},
    {7199, 2577, 1},
    {7200, 2578, 1},
    {7201, 2579, 1},
    {7202, 2580, 1},
    {7203, 2581, 1},
    {7204, 2582, 1},
    {7205, 2583, 1},
    {7206, 2584, 1},
    {7207, 2585, 1},
    {7208, 2586, 1},
    {7209, 2591, 4},
    {7213, 2592, 4},
    {7217, 2594, 4},
    {7221, 2595, 4},
    {7225, 2597, 4},
    {7229, 2598, 4},
    {7233, 2600, 4},
    {7237, 2601, 4},
    {7241, 2603, 4},
    {7245, 2604, 4},
    {7249, 2588, 3},
    {7252, 2589, 3},
    {7255, 2590, 2},
    {7257, 2593, 2},
    {7259, 2596, 2},
    {7261, 2599, 2},
    {7263, 2602, 2},
    {7265, 2587, 1},
    {7266, 2605, 1},
    {7267, 2606, 1},
    {7268, 2607, 1},
    {7269, 2608, 1},
    {7270, 2609, 1},
    {7271, 2610, 1},
    {7272, 2611, 1},
    {7273, 2612, 1},
    {7274, 2613, 1},
    {7275, 2614, 1},
    {7276, 2615, 1},
    {7277, 2616, 1},
    {7278, 2617, 1},
    {7279, 2618, 1},
    {7280, 2619, 1},
    {7281, 2620, 1},
    {7282, 2625, 4},
    {7286, 2626, 4},
    {7290, 2628, 4},
    {7294, 2629, 4},
    {7298, 2631, 4},
    {7302, 2632, 4},
    {7306, 2634, 4},
    {7310, 2635, 4},
    {7314, 2637, 4},
    {7318, 2638, 4},
    {7322, 2622, 3},
    {7325, 2623, 3},
    {7328, 2624, 2},
    {7330, 2627, 2},
    {7332, 2630, 2},
    {7334, 2633, 2},
    {7336, 2636, 2},
    {7338, 2621, 1},
    {7339, 2643, 4},
    {7343, 2644, 4},
    {7347, 2646, 4},
    {7351, 2647, 4},
    {7355, 2649, 4},
    {7359, 2650, 4},
    {7363, 2652, 4},
    {7367, 2653, 4},
    {7371, 2655, 4},
    {7375, 2656, 4},
    {7379, 2640, 3},
    {7382, 2641, 3},
    {7385, 2642, 2},
    {7387, 2645, 2},
    {7389, 2648, 2},
    {7391, 2651, 2},
    {7393, 2654, 2},
    {7395, 2639, 1},
    {7396, 2665, 6},
    {7402, 2667, 6},
    {7408, 2671, 6},
    {7414, 2673, 6},
    {7420, 2677, 6},
    {7426, 2679, 6},
    {7432, 2683, 6},
    {7438, 2685, 6},
    {7444, 2689, 6},
    {7450, 2691, 6},
    {7456, 2659, 5},
    {7461, 2661, 5},
    {7466, 2664, 4},
    {7470, 2666, 4},
    {7474, 2668, 4},
    {7478, 2670, 4},
    {7482, 2672, 4},
    {7486, 2674, 4},
    {7490, 2676, 4},
    {7494, 2678, 4},
    {7498, 2680, 4},
    {7502, 2682, 4},
    {7506, 2684, 4},
    {7510, 2686, 4},
    {7514, 2688, 4},
    {7518, 2690, 4},
    {7522, 2692, 4},
    {7526, 2658, 3},
    {7529, 2660, 3},
    {7532, 2662, 3},
    {7535, 2663, 2},
    {7537, 2669, 2},
    {7539, 2675, 2},
    {7541, 2681, 2},
    {7543, 2687, 2},
    {7545, 2657, 1},
    {7546, 2693, 1},
    {7547, 2694, 1},
    {7548, 2695, 1},
    {7549, 2696, 1},
    {7550, 2697, 1},
    {7551, 2698, 1},
    {7552, 2699, 1},
    {7553, 2700, 1},
    {7554, 2701, 1},
    {7555, 2703, 2},
    {7557, 2704, 2},
    {7559, 2705, 2},
    {7561, 2706, 2},
    {7563, 2707, 2},
    {7565, 2702, 1},
    {7566, 2708, 1},
    {7567, 2709, 1},
    {7568, 2710, 1},
    {7569, 2711, 1},
    {7570, 2712, 1},
    {7571, 2713, 1},
    {7572, 2715, 2},
    {7574, 2716, 2},
    {7576, 2717, 2},
    {7578, 2718, 2},
    {7580, 2719, 2},
    {7582, 2714, 1},
    {7583, 2720, 1},
    {7584, 2721, 1},
    {7585, 2722, 1},
    {7586, 2723, 1},
    {7587, 2724, 1},
    {7588, 2725, 1},
    {7589, 2726, 1},
    {7590, 2727, 1},
    {7591, 2728, 1},
    {7592, 2729, 1},
    {7593, 2730, 1},
    {7594, 2731, 1},
    {7595, 2732, 1},
    {7596, 2733, 1},
    {7597, 2734, 1},
    {7598, 2735, 1},
    {7599, 2736, 1},
    {7600, 2737, 1},
    {7601, 2738, 1},
    {7602, 2739, 1},
    {7603, 2740, 1},
    {7604, 2741, 1},
    {7605, 2742, 1},
    {7606, 2743, 1},
    {7607, 2744, 1},
    {7608, 2745, 1},
    {7609, 2746, 1},
    {7610, 2747, 1},
    {7611, 2748, 1},
    {7612, 2749, 1},
    {7613, 2750, 1},
    {7614, 2751, 1},
    {7615, 2752, 1},
    {7616, 2753, 1},
    {7617, 2754, 1},
    {7618, 2755, 1},
    {7619, 2756, 1},
    {7620, 2757, 1},
    {7621, 2758, 1},
    {7622, 2759, 1},
    {7623, 2760, 1},
    {7624, 2761, 1},
    {7625, 2762, 1},
    {7626, 2763, 1},
    {7627, 2764, 1},
    {7628, 2765, 1},
    {7629, 2766, 1},
    {7630, 2768, 2},
    {7632, 2769, 2},
    {7634, 2770, 2},
    {7636, 2771, 2},
    {7638, 2772, 2},
    {7640, 2767, 1},
    {7641, 2773, 1},
    {7642, 2774, 1},
    {7643, 2776, 2},
    {7645, 2777, 2},
    {7647, 2778, 2},
    {7649, 2779, 2},
    {7651, 2780, 2},
    {7653, 2775, 1},
    {7654, 2781, 1},
    {7655, 2782, 1},
    {7656, 2783, 1},
    {7657, 2784, 1},
    {7658, 2785, 1},
    {7659, 2786, 1},
    {7660, 2787, 1},
    {7661, 2788, 1},
    {7662, 2790, 2},
    {7664, 2791, 2},
    {7666, 2792, 2},
    {7668, 2793, 2},
    {7670, 2794, 2},
    {7672, 2789, 1},
    {7673, 2796, 2},
    {7675, 2797, 2},
    {7677, 2798, 2},
    {7679, 2799, 2},
    {7681, 2800, 2},
    {7683, 2795, 1},
    {7684, 2802, 2},
    {7686, 2803, 2},
    {7688, 2804, 2},
    {7690, 2805, 2},
    {7692, 2806, 2},
    {7694, 2801, 1},
    {7695, 2808, 2},
    {7697, 2809, 2},
    {7699, 2810, 2},
    {7701, 2811, 2},
    {7703, 2812, 2},
    {7705, 2807, 1},
    {7706, 2814, 2},
    {7708, 2815, 2},
    {7710, 2816, 2},
    {7712, 2817, 2},
    {7714, 2818, 2},
    {7716, 2813, 1},
    {7717, 2820, 2},
    {7719, 2821, 2},
    {7721, 2822, 2},
    {7723, 2823, 2},
    {7725, 2824, 2},
    {7727, 2819, 1},
    {7728, 2826, 2},
    {7730, 2827, 2},
    {7732, 2828, 2},
    {7734, 2829, 2},
    {7736, 2830, 2},
    {7738, 2825, 1},
    {7739, 2832, 2},
    {7741, 2833, 2},
    {7743, 2834, 2},
    {7745, 2835, 2},
    {7747, 2836, 2},
    {7749, 2831, 1},
    {7750, 2837, 1},
    {7751, 2838, 1},
    {7752, 2839, 1},
    {7753, 2840, 1},
    {7754, 2841, 1},
    {7755, 2842, 1},
    {7756, 2847, 4},
    {7760, 2848, 4},
    {7764, 2850, 4},
    {7768, 2851, 4},
    {7772, 2853, 4},
    {7776, 2854, 4},
    {7780, 2856, 4},
    {7784, 2857, 4},
    {7788, 2859, 4},
    {7792, 2860, 4},
    {7796, 2844, 3},
    {7799, 2845, 3},
    {7802, 2846, 2},
    {7804, 2849, 2},
    {7806, 2852, 2},
    {7808, 2855, 2},
    {7810, 2858, 2},
    {7812, 2843, 1},
    {7813, 2861, 1},
    {7814, 2862, 1},
    {7815, 2863, 1},
    {7816, 2864, 1},
    {7817, 2865, 1},
    {7818, 2866, 1},
    {7819, 2867, 1},
    {7820, 2868, 1},
    {7821, 2869, 1},
    {7822, 2871, 2},
    {7824, 2872, 2},
    {7826, 2873, 2},
    {7828, 2874, 2},
    {7830, 2875, 2},
    {7832, 2870, 1},
    {7833, 2877, 2},
    {7835, 2878, 2},
    {7837, 2879, 2},
    {7839, 2880, 2},
    {7841, 2881, 2},
    {7843, 2876, 1},
    {7844, 2883, 2},
    {7846, 2884, 2},
    {7848, 2885, 2},
    {7850, 2886, 2},
    {7852, 2887, 2},
    {7854, 2882, 1},
    {7855, 2889, 2},
    {7857, 2890, 2},
    {7859, 2891, 2},
    {7861, 2892, 2},
    {7863, 2893, 2},
    {7865, 2888, 1},
    {7866, 2895, 2},
    {7868, 2896, 2},
    {7870, 2897, 2},
    {7872, 2898, 2},
    {7874, 2899, 2},
    {7876, 2894, 1},
    {7877, 2904, 4},
    {7881, 2905, 4},
    {7885, 2907, 4},
    {7889, 2908, 4},
    {7893, 2910, 4},
    {7897, 2911, 4},
    {7901, 2913, 4},
    {7905, 2914, 4},
    {7909, 2916, 4},
    {7913, 2917, 4},
    {7917, 2901, 3},
    {7920, 2902, 3},
    {7923, 2903, 2},
    {7925, 2906, 2},
    {7927, 2909, 2},
    {7929, 2912, 2},
    {7931, 2915, 2},
    {7933, 2900, 1},
    {7934, 2919, 2},
    {7936, 2920, 2},
    {7938, 2921, 2},
    {7940, 2922, 2},
    {7942, 2923, 2},
    {7944, 2918, 1},
    {7945, 2928, 4},
    {7949, 2929, 4},
    {7953, 2931, 4},
    {7957, 2932, 4},
    {7961, 2934, 4},
    {7965, 2935, 4},
    {7969, 2937, 4},
    {7973, 2938, 4},
    {7977, 2940, 4},
    {7981, 2941, 4},
    {7985, 2925, 3},
    {7988, 2926, 3},
    {7991, 2927, 2},
    {7993, 2930, 2},
    {7995, 2933, 2},
    {7997, 2936, 2},
    {7999, 2939, 2},
    {8001, 2924, 1},
    {8002, 2946, 4},
    {8006, 2947, 4},
    {8010, 2949, 4},
    {8014, 2950, 4},
    {8018, 2952, 4},
    {8022, 2953, 4},
    {8026, 2955, 4},
    {8030, 2956, 4},
    {8034, 2958, 4},
    {8038, 2959, 4},
    {8042, 2943, 3},
    {8045, 2944, 3},
    {8048, 2945, 2},
    {8050, 2948, 2},
    {8052, 2951, 2},
    {8054, 2954, 2},
    {8056, 2957, 2},
    {8058, 2942, 1},
    {8059, 2964, 4},
    {8063, 2965, 4},
    {8067, 2967, 4},
    {8071, 2968, 4},
    {8075, 2970, 4},
    {8079, 2971, 4},
    {8083, 2973, 4},
    {8087, 2974, 4},
    {8091, 2976, 4},
    {8095, 2977, 4},
    {8099, 2961, 3},
    {8102, 2962, 3},
    {8105, 2963, 2},
    {8107, 2966, 2},
    {8109, 2969, 2},
    {8111, 2972, 2},
    {8113, 2975, 2},
    {8115, 2960, 1},
    {8116, 2978, 1},
    {8117, 2983, 4},
    {8121, 2984, 4},
    {8125, 2986, 4},
    {8129, 2987, 4},
    {8133, 2989, 4},
    {8137, 2990, 4},
    {8141, 2992, 4},
    {8145, 2993, 4},
    {8149, 2995, 4},
    {8153, 2996, 4},
    {8157, 2980, 3},
    {8160, 2981, 3},
    {8163, 2982, 2},
    {8165, 2985, 2},
    {8167, 2988, 2},
    {8169, 2991, 2},
    {8171, 2994, 2},
    {8173, 2979, 1},
    {8174, 3001, 4},
    {8178, 3002, 4},
    {8182, 3004, 4},
    {8186, 3005, 4},
    {8190, 3007, 4},
    {8194, 3008, 4},
    {8198, 3010, 4},
    {8202, 3011, 4},
    {8206, 3013, 4},
    {8210, 3014, 4},
    {8214, 2998, 3},
    {8217, 2999, 3},
    {8220, 3000, 2},
    {8222, 3003, 2},
    {8224, 3006, 2},
    {8226, 3009, 2},
    {8228, 3012, 2},
    {8230, 2997, 1},
    {8231, 3019, 4},
    {8235, 3020, 4},
    {8239, 3022, 4},
    {8243, 3023, 4},
    {8247, 3025, 4},
    {8251, 3026, 4},
    {8255, 3028, 4},
    {8259, 3029, 4},
    {8263, 3031, 4},
    {8267, 3032, 4},
    {8271, 3016, 3},
    {8274, 3017, 3},
    {8277, 3018, 2},
    {8279, 3021, 2},
    {8281, 3024, 2},
    {8283, 3027, 2},
    {8285, 3030, 2},
    {8287, 3015, 1},
    {8288, 3033, 1},
    {8289, 3034, 1},
    {8290, 3035, 1},
    {8291, 3036, 1},
    {8292, 3037, 1},
    {8293, 3038, 1},
    {8294, 3039, 1},
    {8295, 3040, 1},
    {8296, 3041, 1},
    {8297, 3042, 1},
    {8298, 3043, 1},
    {8299, 3044, 1},
    {8300, 3045, 1},
    {8301, 3046, 1},
    {8302, 3047, 1},
    {8303, 3048, 1},
    {8304, 3049, 1},
    {8305, 3050, 1},
    {8306, 3051, 1},
    {8307, 3052, 1},
    {8308, 3053, 1},
    {8309, 3054, 1},
    {8310, 3055, 1},
    {8311, 3056, 1},
    {8312, 3057, 1},
    {8313, 3058, 1},
    {8314, 3059, 1},
    {8315, 3060, 1},
    {8316, 3061, 1},
    {8317, 3062, 1},
    {8318, 3063, 1},
    {8319, 3064, 1},
    {8320, 3065, 1},
    {8321, 3066, 1},
    {8322, 3067, 1},
    {8323, 3068, 1},
    {8324, 3069, 1},
    {8325, 3070, 1},
    {8326, 3071, 1},
    {8327, 3072, 1},
    {8328, 3073, 1},
    {8329, 3074, 1},
    {8330, 3075, 1},
    {8331, 3076, 1},
    {8332, 3077, 1},
    {8333, 3078, 1},
    {8334, 3079, 1},
    {8335, 3080, 1},
    {8336, 3081, 1},
    {8337, 3082, 1},
    {8338, 3083, 1},
    {8339, 3084, 1},
    {8340, 3085, 1},
    {8341, 3086, 1},
    {8342, 3087, 1},
    {8343, 3089, 2},
    {8345, 3090, 2},
    {8347, 3091, 2},
    {8349, 3092, 2},
    {8351, 3093, 2},
    {8353, 3088, 1},
    {8354, 3094, 1},
    {8355, 3095, 1},
    {8356, 3096, 1},
    {8357, 3097, 1},
    {8358, 3098, 1},
    {8359, 3099, 1},
    {8360, 3100, 1},
    {8361, 3101, 1},
    {8362, 3102, 1},
    {8363, 3103, 1},
    {8364, 3104, 1},
    {8365, 3105, 1},
    {8366, 3106, 1},
    {8367, 3107, 1},
    {8368, 3108, 1},
    {8369, 3109, 1},
    {8370, 3110, 1},
    {8371, 3111, 1},
    {8372, 3112, 1},
    {8373, 3113, 1},
    {8374, 3114, 1},
    {8375, 3115, 1},
    {8376, 3116, 1},
    {8377, 3117, 1},
    {8378, 3118, 1},
    {8379, 3119, 1},
    {8380, 3120, 1},
    {8381, 3121, 1},
    {8382, 3122, 1},
    {8383, 3123, 1},
    {8384, 3124, 1},
    {8385, 3125, 1},
    {8386, 3126, 1},
    {8387, 3127, 1},
    {8388, 3128, 1},
    {8389, 3129, 1},
    {8390, 3130, 1},
    {8391, 3131, 1},
    {8392, 3132, 1},
    {8393, 3133, 1},
    {8394, 3134, 1},
    {8395, 3135, 1},
    {8396, 3136, 1},
    {8397, 3137, 1},
    {8398, 3138, 1},
    {8399, 3139, 1},
    {8400, 3140, 1},
    {8401, 3141, 1},
    {8402, 3142, 1},
    {8403, 3143, 1},
    {8404, 3144, 1},
    {8405, 3145, 1},
    {8406, 3146, 1},
    {8407, 3147, 1},
    {8408, 3148, 1},
    {8409, 3149, 1},
    {8410, 3150, 1},
    {8411, 3151, 1},
    {8412, 3152, 1},
    {8413, 3153, 1},
    {8414, 3154, 1},
    {8415, 3156, 2},
    {8417, 3157, 2},
    {8419, 3158, 2},
    {8421, 3159, 2},
    {8423, 3160, 2},
    {8425, 3155, 1},
    {8426, 3162, 2},
    {8428, 3163, 2},
    {8430, 3164, 2},
    {8432, 3165, 2},
    {8434, 3166, 2},
    {8436, 3161, 1},
    {8437, 3167, 1},
    {8438, 3172, 4},
    {8442, 3173, 4},
    {8446, 3175, 4},
    {8450, 3176, 4},
    {8454, 3178, 4},
    {8458, 3179, 4},
    {8462, 3181, 4},
    {8466, 3182, 4},
    {8470, 3184, 4},
    {8474, 3185, 4},
    {8478, 3169, 3},
    {8481, 3170, 3},
    {8484, 3171, 2},
    {8486, 3174, 2},
    {8488, 3177, 2},
    {8490, 3180, 2},
    {8492, 3183, 2},
    {8494, 3168, 1},
    {8495, 3190, 4},
    {8499, 3191, 4},
    {8503, 3193, 4},
    {8507, 3194, 4},
    {8511, 3196, 4},
    {8515, 3197, 4},
    {8519, 3199, 4},
    {8523, 3200, 4},
    {8527, 3202, 4},
    {8531, 3203, 4},
    {8535, 3187, 3},
    {8538, 3188, 3},
    {8541, 3189, 2},
    {8543, 3192, 2},
    {8545, 3195, 2},
    {8547, 3198, 2},
    {8549, 3201, 2},
    {8551, 3186, 1},
    {8552, 3204, 1},
    {8553, 3206, 2},
    {8555, 3207, 2},
    {8557, 3208, 2},
    {8559, 3209, 2},
    {8561, 3210, 2},
    {8563, 3205, 1},
    {8564, 3211, 1},
    {8565, 3212, 1},
    {8566, 3213, 1},
    {8567, 3214, 1},
    {8568, 3215, 1},
    {8569, 3216, 1},
    {8570, 3217, 1},
    {8571, 3218, 1},
    {8572, 3219, 1},
    {8573, 3220, 1},
    {8574, 3221, 1},
    {8575, 3222, 1},
    {8576, 3223, 1},
    {8577, 3224, 1},
    {8578, 3225, 1},
    {8579, 3226, 1},
    {8580, 3227, 1},
    {8581, 3232, 4},
    {8585, 3233, 4},
    {8589, 3235, 4},
    {8593, 3236, 4},
    {8597, 3238, 4},
    {8601, 3239, 4},
    {8605, 3241, 4},
    {8609, 3242, 4},
    {8613, 3244, 4},
    {8617, 3245, 4},
    {8621, 3229, 3},
    {8624, 3230, 3},
    {8627, 3231, 2},
    {8629, 3234, 2},
    {8631, 3237, 2},
    {8633, 3240, 2},
    {8635, 3243, 2},
    {8637, 3228, 1},
    {8638, 3254, 6},
    {8644, 3256, 6},
    {8650, 3260, 6},
    {8656, 3262, 6},
    {8662, 3266, 6},
    {8668, 3268, 6},
    {8674, 3272, 6},
    {8680, 3274, 6},
    {8686, 3278, 6},
    {8692, 3280, 6},
    {8698, 3248, 5},
    {8703, 3250, 5},
    {8708, 3253, 4},
    {8712, 3255, 4},
    {8716, 3257, 4},
    {8720, 3259, 4},
    {8724, 3261, 4},
    {8728, 3263, 4},
    {8732, 3265, 4},
    {8736, 3267, 4},
    {8740, 3269, 4},
    {8744, 3271, 4},
    {8748, 3273, 4},
    {8752, 3275, 4},
    {8756, 3277, 4},
    {8760, 3279, 4},
    {8764, 3281, 4},
    {8768, 3247, 3},
    {8771, 3249, 3},
    {8774, 3251, 3},
    {8777, 3252, 2},
    {8779, 3258, 2},
    {8781, 3264, 2},
    {8783, 3270, 2},
    {8785, 3276, 2},
    {8787, 3246, 1},
    {8788, 3286, 4},
    {8792, 3287, 4},
    {8796, 3289, 4},
    {8800, 3290, 4},
    {8804, 3292, 4},
    {8808, 3293, 4},
    {8812, 3295, 4},
    {8816, 3296, 4},
    {8820, 3298, 4},
    {8824, 3299, 4},
    {8828, 3283, 3},
    {8831, 3284, 3},
    {8834, 3285, 2},
    {8836, 3288, 2},
    {8838, 3291, 2},
    {8840, 3294, 2},
    {8842, 3297, 2},
    {8844, 3282, 1},
    {8845, 3300, 1},
    {8846, 3340, 9},
    {8855, 3341, 9},
    {8864, 3342, 9},
    {8873, 3343, 9},
    {8882, 3391, 9},
    {8891, 3392, 9},
    {8900, 3393, 9},
    {8909, 3394, 9},
    {8918, 3442, 9},
    {8927, 3443, 9},
    {8936, 3444, 9},
    {8945, 3445, 9},
    {8954, 3493, 9},
    {8963, 3494, 9},
    {8972, 3495, 9},
    {8981, 3496, 9},
    {8990, 3544, 9},
    {8999, 3545, 9},
    {9008, 3546, 9},
    {9017, 3547, 9},
    {9026, 3332, 7},
    {9033, 3344, 7},
    {9040, 3345, 7},
    {9047, 3346, 7},
    {9054, 3347, 7},
    {9061, 3357, 7},
    {9068, 3358, 7},
    {9075, 3359, 7},
    {9082, 3360, 7},
    {9089, 3367, 7},
    {9096, 3368, 7},
    {9103, 3369, 7},
    {9110, 3370, 7},
    {9117, 3371, 7},
    {9124, 3383, 7},
    {9131, 3384, 7},
    {9138, 3385, 7},
    {9145, 3386, 7},
    {9152, 3395, 7},
    {9159, 3396, 7},
    {9166, 3397, 7},
    {9173, 3398, 7},
    {9180, 3408, 7},
    {9187, 3409, 7},
    {9194, 3410, 7},
    {9201, 3411, 7},
    {9208, 3418, 7},
    {9215, 3419, 7},
    {9222, 3420, 7},
    {9229, 3421, 7},
    {9236, 3422, 7},
    {9243, 3434, 7},
    {9250, 3435, 7},
    {9257, 3436, 7},
    {9264, 3437, 7},
    {9271, 3446, 7},
    {9278, 3447, 7},
    {9285, 3448, 7},
    {9292, 3449, 7},
    {9299, 3459, 7},
    {9306, 3460, 7},
    {9313, 3461, 7},
    {9320, 3462, 7},
    {9327, 3469, 7},
    {9334, 3470, 7},
    {9341, 3471, 7},
    {9348, 3472, 7},
    {9355, 3473, 7},
    {9362, 3485, 7},
    {9369, 3486, 7},
    {9376, 3487, 7},
    {9383, 3488, 7},
    {9390, 3497, 7},
    {9397, 3498, 7},
    {9404, 3499, 7},
    {9411, 3500, 7},
    {9418, 3510, 7},
    {9425, 3511, 7},
    {9432, 3512, 7},
    {9439, 3513, 7},
    {9446, 3520, 7},
    {9453, 3521, 7},
    {9460, 3522, 7},
    {9467, 3523, 7},
    {9474, 3524, 7},
    {9481, 3536, 7},
    {9488, 3537, 7},
    {9495, 3538, 7},
    {9502, 3539, 7},
    {9509, 3548, 7},
    {9516, 3549, 7},
    {9523, 3550, 7},
    {9530, 3551, 7},
    {9537, 3561, 7},
    {9544, 3562, 7},
    {9551, 3563, 7},
    {9558, 3564, 7},
    {9565, 3571, 7},
    {9572, 3572, 7},
    {9579, 3573, 7},
    {9586, 3574, 7},
    {9593, 3575, 7},
    {9600, 3587, 7},
    {9607, 3588, 7},
    {9614, 3589, 7},
    {9621, 3590, 7},
    {9628, 3373, 6},
    {9634, 3379, 6},
    {9640, 3381, 6},
    {9646, 3424, 6},
    {9652, 3430, 6},
    {9658, 3432, 6},
    {9664, 3475, 6},
    {9670, 3481, 6},
    {9676, 3483, 6},
    {9682, 3526, 6},
    {9688, 3532, 6},
    {9694, 3534, 6},
    {9700, 3577, 6},
    {9706, 3583, 6},
    {9712, 3585, 6},
    {9718, 3320, 5},
    {9723, 3322, 5},
    {9728, 3328, 5},
    {9733, 3330, 5},
    {9738, 3331, 5},
    {9743, 3334, 5},
    {9748, 3337, 4},
    {9752, 3338, 4},
    {9756, 3339, 4},
    {9760, 3348, 4},
    {9764, 3349, 4},
    {9768, 3350, 4},
    {9772, 3351, 4},
    {9776, 3352, 4},
    {9780, 3353, 4},
    {9784, 3354, 4},
    {9788, 3355, 4},
    {9792, 3356, 4},
    {9796, 3361, 4},
    {9800, 3362, 4},
    {9804, 3363, 4},
    {9808, 3364, 4},
    {9812, 3365, 4},
    {9816, 3366, 4},
    {9820, 3372, 4},
    {9824, 3374, 4},
    {9828, 3375, 4},
    {9832, 3376, 4},
    {9836, 3377, 4},
    {9840, 3378, 4},
    {9844, 3380, 4},
    {9848, 3382, 4},
    {9852, 3388, 4},
    {9856, 3389, 4},
    {9860, 3390, 4},
    {9864, 3399, 4},
    {9868, 3400, 4},
    {9872, 3401, 4},
    {9876, 3402, 4},
    {9880, 3403, 4},
    {9884, 3404, 4},
    {9888, 3405, 4},
    {9892, 3406, 4},
    {9896, 3407, 4},
    {9900, 3412, 4},
    {9904, 3413, 4},
    {9908, 3414, 4},
    {9912, 3415, 4},
    {9916, 3416, 4},
    {9920, 3417, 4},
    {9924, 3423, 4},
    {9928, 3425, 4},
    {9932, 3426, 4},
    {9936, 3427, 4},
    {9940, 3428, 4},
    {9944, 3429, 4},
    {9948, 3431, 4},
    {9952, 3433, 4},
    {9956, 3439, 4},
    {9960, 3440, 4},
    {9964, 3441, 4},
    {9968, 3450, 4},
    {9972, 3451, 4},
    {9976, 3452, 4},
    {9980, 3453, 4},
    {9984, 3454, 4},
    {9988, 3455, 4},
    {9992, 3456, 4},
    {9996, 3457, 4},
    {10000, 3458, 4},
    {10004, 3463, 4},
    {10008, 3464, 4},
    {10012, 3465, 4},
    {10016, 3466, 4},
    {10020, 3467, 4},
    {10024, 3468, 4},
    {10028, 3474, 4},
    {10032, 3476, 4},
    {10036, 3477, 4},
    {10040, 3478, 4},
    {10044, 3479, 4},
    {10048, 3480, 4},
    {10052, 3482, 4},
    {10056, 3484, 4},
    {10060, 3490, 4},
    {10064, 3491, 4},
    {10068, 3492, 4},
    {10072, 3501, 4},
    {10076, 3502, 4},
    {10080, 3503, 4},
    {10084, 3504, 4},
    {10088, 3505, 4},
    {10092, 3506, 4},
    {10096, 3507, 4},
    {10100, 3508, 4},
    {10104, 3509, 4},
    {10108, 3514, 4},
    {10112, 3515, 4},
    {10116, 3516, 4},
    {10120, 3517, 4},
    {10124, 3518, 4},
    {10128, 3519, 4},
    {10132, 3525, 4},
    {10136, 3527, 4},
    {10140, 3528, 4},
    {10144, 3529, 4},
    {10148, 3530, 4},
    {10152, 3531, 4},
    {10156, 3533, 4},
    {10160, 3535, 4},
    {10164, 3541, 4},
    {10168, 3542, 4},
    {10172, 3543, 4},
    {10176, 3552, 4},
    {10180, 3553, 4},
    {10184, 3554, 4},
    {10188, 3555, 4},
    {10192, 3556, 4},
    {10196, 3557, 4},
    {10200, 3558, 4},
    {10204, 3559, 4},
    {10208, 3560, 4},
    {10212, 3565, 4},
    {10216, 3566, 4},
    {10220, 3567, 4},
    {10224, 3568, 4},
    {10228, 3569, 4},
    {10232, 3570, 4},
    {10236, 3576, 4},
    {10240, 3578, 4},
    {10244, 3579, 4},
    {10248, 3580, 4},
    {10252, 3581, 4},
    {10256, 3582, 4},
    {10260, 3584, 4},
    {10264, 3586, 4},
    {10268, 3302, 3},
    {10271, 3303, 3},
    {10274, 3304, 3},
    {10277, 3305, 3},
    {10280, 3306, 3},
    {10283, 3307, 3},
    {10286, 3308, 3},
    {10289, 3309, 3},
    {10292, 3310, 3},
    {10295, 3311, 3},
    {10298, 3312, 3},
    {10301, 3313, 3},
    {10304, 3314, 3},
    {10307, 3315, 3},
    {10310, 3316, 3},
    {10313, 3317, 3},
    {10316, 3318, 3},
    {10319, 3319, 3},
    {10322, 3321, 3},
    {10325, 3323, 3},
    {10328, 3324, 3},
    {10331, 3325, 3},
    {10334, 3326, 3},
    {10337, 3327, 3},
    {10340, 3329, 3},
    {10343, 3333, 3},
    {10346, 3335, 3},
    {10349, 3336, 2},
    {10351, 3387, 2},
    {10353, 3438, 2},
    {10355, 3489, 2},
    {10357, 3540, 2},
    {10359, 3301, 1},
    {10360, 3592, 2},
    {10362, 3593, 2},
    {10364, 3594, 2},
    {10366, 3595, 2},
    {10368, 3596, 2},
    {10370, 3591, 1},
    {10371, 3598, 2},
    {10373, 3599, 2},
    {10375, 3600, 2},
    {10377, 3601, 2},
    {10379, 3602, 2},
    {10381, 3597, 1},
    {10382, 3607, 4},
    {10386, 3608, 4},
    {10390, 3610, 4},
    {10394, 3611, 4},
    {10398, 3613, 4},
    {10402, 3614, 4},
    {10406, 3616, 4},
    {10410, 3617, 4},
    {10414, 3619, 4},
    {10418, 3620, 4},
    {10422, 3604, 3},
    {10425, 3605, 3},
    {10428, 3606, 2},
    {10430, 3609, 2},
    {10432, 3612, 2},
    {10434, 3615, 2},
    {10436, 3618, 2},
    {10438, 3603, 1},
    {10439, 3622, 2},
    {10441, 3623, 2},
    {10443, 3624, 2},
    {10445, 3625, 2},
    {10447, 3626, 2},
    {10449, 3621, 1},
    {10450, 3631, 4},
    {10454, 3632, 4},
    {10458, 3634, 4},
    {10462, 3635, 4},
    {10466, 3637, 4},
    {10470, 3638, 4},
    {10474, 3640, 4},
    {10478, 3641, 4},
    {10482, 3643, 4},
    {10486, 3644, 4},
    {10490, 3628, 3},
    {10493, 3629, 3},
    {10496, 3630, 2},
    {10498, 3633, 2},
    {10500, 3636, 2},
    {10502, 3639, 2},
    {10504, 3642, 2},
    {10506, 3627, 1},
    {10507, 3649, 4},
    {10511, 3650, 4},
    {10515, 3652, 4},
    {10519, 3653, 4},
    {10523, 3655, 4},
    {10527, 3656, 4},
    {10531, 3658, 4},
    {10535, 3659, 4},
    {10539, 3661, 4},
    {10543, 3662, 4},
    {10547, 3646, 3},
    {10550, 3647, 3},
    {10553, 3648, 2},
    {10555, 3651, 2},
    {10557, 3654, 2},
    {10559, 3657, 2},
    {10561, 3660, 2},
    {10563, 3645, 1},
    {10564, 3667, 4},
    {10568, 3668, 4},
    {10572, 3670, 4},
    {10576, 3671, 4},
    {10580, 3673, 4},
    {10584, 3674, 4},
    {10588, 3676, 4},
    {10592, 3677, 4},
    {10596, 3679, 4},
    {10600, 3680, 4},
    {10604, 3664, 3},
    {10607, 3665, 3},
    {10610, 3666, 2},
    {10612, 3669, 2},
    {10614, 3672, 2},
    {10616, 3675, 2},
    {10618, 3678, 2},
    {10620, 3663, 1},
    {10621, 3685, 4},
    {10625, 3686, 4},
    {10629, 3688, 4},
    {10633, 3689, 4},
    {10637, 3691, 4},
    {10641, 3692, 4},
    {10645, 3694, 4},
    {10649, 3695, 4},
    {10653, 3697, 4},
    {10657, 3698, 4},
    {10661, 3682, 3},
    {10664, 3683, 3},
    {10667, 3684, 2},
    {10669, 3687, 2},
    {10671, 3690, 2},
    {10673, 3693, 2},
    {10675, 3696, 2},
    {10677, 3681, 1},
    {10678, 3703, 4},
    {10682, 3704, 4},
    {10686, 3706, 4},
    {10690, 3707, 4},
    {10694, 3709, 4},
    {10698, 3710, 4},
    {10702, 3712, 4},
    {10706, 3713, 4},
    {10710, 3715, 4},
    {10714, 3716, 4},
    {10718, 3700, 3},
    {10721, 3701, 3},
    {10724, 3702, 2},
    {10726, 3705, 2},
    {10728, 3708, 2},
    {10730, 3711, 2},
    {10732, 3714, 2},
    {10734, 3699, 1},
    {10735, 3721, 4},
    {10739, 3722, 4},
    {10743, 3724, 4},
    {10747, 3725, 4},
    {10751, 3727, 4},
    {10755, 3728, 4},
    {10759, 3730, 4},
    {10763, 3731, 4},
    {10767, 3733, 4},
    {10771, 3734, 4},
    {10775, 3718, 3},
    {10778, 3719, 3},
    {10781, 3720, 2},
    {10783, 3723, 2},
    {10785, 3726, 2},
    {10787, 3729, 2},
    {10789, 3732, 2},
    {10791, 3717, 1},
    {10792, 3739, 4},
    {10796, 3740, 4},
    {10800, 3742, 4},
    {10804, 3743, 4},
    {10808, 3745, 4},
    {10812, 3746, 4},
    {10816, 3748, 4},
    {10820, 3749, 4},
    {10824, 3751, 4},
    {10828, 3752, 4},
    {10832, 3736, 3},
    {10835, 3737, 3},
    {10838, 3738, 2},
    {10840, 3741, 2},
    {10842, 3744, 2},
    {10844, 3747, 2},
    {10846, 3750, 2},
    {10848, 3735, 1},
    {10849, 3757, 4},
    {10853, 3758, 4},
    {10857, 3760, 4},
    {10861, 3761, 4},
    {10865, 3763, 4},
    {10869, 3764, 4},
    {10873, 3766, 4},
    {10877, 3767, 4},
    {10881, 3769, 4},
    {10885, 3770, 4},
    {10889, 3754, 3},
    {10892, 3755, 3},
    {10895, 3756, 2},
    {10897, 3759, 2},
    {10899, 3762, 2},
    {10901, 3765, 2},
    {10903, 3768, 2},
    {10905, 3753, 1},
    {10906, 3772, 3},
    {10909, 3773, 3},
    {10912, 3771, 1},
    {10913, 3775, 3},
    {10916, 3776, 3},
    {10919, 3774, 1},
    {10920, 3777, 1},
    {10921, 3778, 1},
    {10922, 3779, 1},
    {10923, 3780, 1},
    {10924, 3781, 1},
    {10925, 3782, 1},
    {10926, 3783, 1},
    {10927, 3784, 1},
    {10928, 3785, 1},
    {10929, 3786, 1},
    {10930, 3787, 1},
    {10931, 3788, 1},
    {10932, 3789, 1},
    {10933, 3790, 1},
    {10934, 3791, 1},
    {10935, 3792, 1},
    {10936, 3793, 1},
    {10937, 3794, 1},
    {10938, 3795, 1},
    {10939, 3796, 1},
    {10940, 3797, 1},
    {10941, 3798, 1},
    {10942, 3799, 1},
    {10943, 3800, 1},
    {10944, 3801, 1},
    {10945, 3802, 1},
    {10946, 3803, 1},
    {10947, 3804, 1},
    {10948, 3805, 1},
    {10949, 3806, 1},
    {10950, 3807, 1},
    {10951, 3808, 1},
    {10952, 3809, 1},
    {10953, 3810, 1},
    {10954, 3811, 1},
    {10955, 3812, 1},
    {10956, 3813, 1},
    {10957, 3814, 1},
    {10958, 3815, 1},
    {10959, 3816, 1},
    {10960, 3817, 1},
    {10961, 3818, 1},
    {10962, 3819, 1},
    {10963, 3820, 1},
    {10964, 3821, 1},
    {10965, 3822, 1},
    {10966, 3823, 1},
    {10967, 3824, 1},
    {10968, 3825, 1},
    {10969, 3826, 1},
    {10970, 3827, 1},
    {10971, 3828, 1},
    {10972, 3829, 1},
    {10973, 3830, 1},
    {10974, 3831, 1},
    {10975, 3832, 1},
    {10976, 3833, 1},
    {10977, 3834, 1},
    {10978, 3835, 1},
    {10979, 3836, 1},
    {10980, 3837, 1},
    {10981, 3838, 1},
    {10982, 3839, 1},
    {10983, 3840, 1},
    {10984, 3841, 1},
    {10985, 3842, 1},
    {10986, 3843, 1},
    {10987, 3844, 1},
    {10988, 3845, 1},
    {10989, 3846, 1},
    {10990, 3847, 1},
    {10991, 3848, 1},
    {10992, 3849, 1},
    {10993, 3850, 1},
    {10994, 3851, 1},
    {10995, 3852, 1},
    {10996, 3853, 1},
    {10997, 3854, 1},
    {10998, 3855, 1},
    {10999, 3856, 1},
    {11000, 3857, 1},
    {11001, 3858, 1},
    {11002, 3859, 1},
    {11003, 3860, 1},
    {11004, 3861, 1},
    {11005, 3862, 1},
    {11006, 3863, 1},
    {11007, 3864, 1},
    {11008, 3865, 1},
    {11009, 3866, 1},
    {11010, 3867, 1},
    {11011, 3868, 1},
    {11012, 3869, 1},
    {11013, 3870, 1},
    {11014, 3871, 1},
    {11015, 3872, 1},
    {11016, 3873, 1},
    {11017, 3874, 1},
    {11018, 3875, 1},
    {11019, 3876, 1},
    {11020, 3877, 1},
    {11021, 3878, 1},
    {11022, 3879, 1},
    {11023, 3880, 1},
    {11024, 3881, 1},
    {11025, 3882, 1},
    {11026, 3883, 1},
    {11027, 3884, 1},
    {11028, 3885, 1},
    {11029, 3887, 2},
    {11031, 3888, 2},
    {11033, 3889, 2},
    {11035, 3890, 2},
    {11037, 3891, 2},
    {11039, 3886, 1},
    {11040, 3893, 2},
    {11042, 3894, 2},
    {11044, 3895, 2},
    {11046, 3896, 2},
    {11048, 3897, 2},
    {11050, 3892, 1},
    {11051, 3899, 2},
    {11053, 3900, 2},
    {11055, 3901, 2},
    {11057, 3902, 2},
    {11059, 3903, 2},
    {11061, 3898, 1},
    {11062, 3904, 1},
    {11063, 3905, 1},
    {11064, 3906, 1},
    {11065, 3907, 1},
    {11066, 3908, 1},
    {11067, 3909, 1},
    {11068, 3910, 1},
    {11069, 3911, 1},
    {11070, 3912, 1},
    {11071, 3913, 1},
    {11072, 3914, 1},
    {11073, 3915, 1},
    {11074, 3916, 1},
    {11075, 3917, 1},
    {11076, 3918, 1},
    {11077, 3919, 1},
    {11078, 3920, 1},
    {11079, 3921, 1},
    {11080, 3922, 1},
    {11081, 3923, 1},
    {11082, 3924, 1},
    {11083, 3925, 1},
    {11084, 3926, 1},
    {11085, 3927, 1},
    {11086, 3928, 1},
    {11087, 3929, 1},
    {11088, 3930, 1},
    {11089, 3931, 1},
    {11090, 3932, 1},
    {11091, 3933, 1},
    {11092, 3934, 1},
    {11093, 3936, 2},
    {11095, 3937, 2},
    {11097, 3938, 2},
    {11099, 3939, 2},
    {11101, 3940, 2},
    {11103, 3935, 1},
    {11104, 3943, 5},
    {11109, 3944, 5},
    {11114, 3945, 5},
    {11119, 3946, 5},
    {11124, 3948, 5},
    {11129, 3949, 5},
    {11134, 3950, 5},
    {11139, 3951, 5},
    {11144, 3953, 5},
    {11149, 3954, 5},
    {11154, 3955, 5},
    {11159, 3956, 5},
    {11164, 3958, 5},
    {11169, 3959, 5},
    {11174, 3960, 5},
    {11179, 3961, 5},
    {11184, 3963, 5},
    {11189, 3964, 5},
    {11194, 3965, 5},
    {11199, 3966, 5},
    {11204, 3942, 2},
    {11206, 3947, 2},
    {11208, 3952, 2},
    {11210, 3957, 2},
    {11212, 3962, 2},
    {11214, 3941, 1},
    {11215, 3968, 2},
    {11217, 3969, 2},
    {11219, 3970, 2},
    {11221, 3971, 2},
    {11223, 3972, 2},
    {11225, 3967, 1},
    {11226, 3974, 2},
    {11228, 3975, 2},
    {11230, 3976, 2},
    {11232, 3977, 2},
    {11234, 3978, 2},
    {11236, 3973, 1},
    {11237, 3980, 2},
    {11239, 3981, 2},
    {11241, 3982, 2},
    {11243, 3983, 2},
    {11245, 3984, 2},
    {11247, 3979, 1},
    {11248, 3986, 2},
    {11250, 3987, 2},
    {11252, 3988, 2},
    {11254, 3989, 2},
    {11256, 3990, 2},
    {11258, 3985, 1},
    {11259, 3992, 2},
    {11261, 3993, 2},
    {11263, 3994, 2},
    {11265, 3995, 2},
    {11267, 3996, 2},
    {11269, 3991, 1},
    {11270, 3998, 2},
    {11272, 3999, 2},
    {11274, 4000, 2},
    {11276, 4001, 2},
    {11278, 4002, 2},
    {11280, 3997, 1},
    {11281, 4004, 2},
    {11283, 4005, 2},
    {11285, 4006, 2},
    {11287, 4007, 2},
    {11289, 4008, 2},
    {11291, 4003, 1},
};

static const struct social_emoji_bucket_data social_emoji_buckets[] = {
    {0x23, 0, 1},
    {0x2a, 1, 1},
    {0x30, 2, 1},
    {0x31, 3, 1},
    {0x32, 4, 1},
    {0x33, 5, 1},
    {0x34, 6, 1},
    {0x35, 7, 1},
    {0x36, 8, 1},
    {0x37, 9, 1},
    {0x38, 10, 1},
    {0x39, 11, 1},
    {0xa9, 12, 1},
    {0xae, 13, 1},
    {0x203c, 14, 1},
    {0x2049, 15, 1},
    {0x2122, 16, 1},
    {0x2139, 17, 1},
    {0x2194, 18, 1},
    {0x2195, 19, 1},
    {0x2196, 20, 1},
    {0x2197, 21, 1},
    {0x2198, 22, 1},
    {0x2199, 23, 1},
    {0x21a9, 24, 1},
    {0x21aa, 25, 1},
    {0x231a, 26, 1},
    {0x231b, 27, 1},
    {0x2328, 28, 1},
    {0x23cf, 29, 1},
    {0x23e9, 30, 1},
    {0x23ea, 31, 1},
    {0x23eb, 32, 1},
    {0x23ec, 33, 1},
    {0x23ed, 34, 1},
    {0x23ee, 35, 1},
    {0x23ef, 36, 1},
    {0x23f0, 37, 1},
    {0x23f1, 38, 1},
    {0x23f2, 39, 1},
    {0x23f3, 40, 1},
    {0x23f8, 41, 1},
    {0x23f9, 42, 1},
    {0x23fa, 43, 1},
    {0x24c2, 44, 1},
    {0x25aa, 45, 1},
    {0x25ab, 46, 1},
    {0x25b6, 47, 1},
    {0x25c0, 48, 1},
    {0x25fb, 49, 1},
    {0x25fc, 50, 1},
    {0x25fd, 51, 1},
    {0x25fe, 52, 1},
    {0x2600, 53, 1},
    {0x2601, 54, 1},
    {0x2602, 55, 1},
    {0x2603, 56, 1},
    {0x2604, 57, 1},
    {0x260e, 58, 1},
    {0x2611, 59, 1},
    {0x2614, 60, 1},
    {0x2615, 61, 1},
    {0x2618, 62, 1},
    {0x261d, 63, 6},
    {0x2620, 69, 1},
    {0x2622, 70, 1},
    {0x2623, 71, 1},
    {0x2626, 72, 1},
    {0x262a, 73, 1},
    {0x262e, 74, 1},
    {0x262f, 75, 1},
    {0x2638, 76, 1},
    {0x2639, 77, 1},
    {0x263a, 78, 1},
    {0x2640, 79, 1},
    {0x2642, 80, 1},
    {0x2648, 81, 1},
    {0x2649, 82, 1},
    {0x264a, 83, 1},
    {0x264b, 84, 1},
    {0x264c, 85, 1},
    {0x264d, 86, 1},
    {0x264e, 87, 1},
    {0x264f, 88, 1},
    {0x2650, 89, 1},
    {0x2651, 90, 1},
    {0x2652, 91, 1},
    {0x2653, 92, 1},
    {0x265f, 93, 1},
    {0x2660, 94, 1},
    {0x2663, 95, 1},
    {0x2665, 96, 1},
    {0x2666, 97, 1},
    {0x2668, 98, 1},
    {0x267b, 99, 1},
    {0x267e, 100, 1},
    {0x267f, 101, 1},
    {0x2692, 102, 1},
    {0x2693, 103, 1},
    {0x2694, 104, 1},
    {0x2695, 105, 1},
    {0x2696, 106, 1},
    {0x2697, 107, 1},
    {0x2699, 108, 1},
    {0x269b, 109, 1},
    {0x269c, 110, 1},
    {0x26a0, 111, 1},
    {0x26a1, 112, 1},
    {0x26a7, 113, 1},
    {0x26aa, 114, 1},
    {0x26ab, 115, 1},
    {0x26b0, 116, 1},
    {0x26b1, 117, 1},
    {0x26bd, 118, 1},
    {0x26be, 119, 1},
    {0x26c4, 120, 1},
    {0x26c5, 121, 1},
    {0x26c8, 122, 1},
    {0x26ce, 123, 1},
    {0x26cf, 124, 1},
    {0x26d1, 125, 1},
    {0x26d3, 126, 2},
    {0x26d4, 128, 1},
    {0x26e9, 129, 1},
    {0x26ea, 130, 1},
    {0x26f0, 131, 1},
    {0x26f1, 132, 1},
    {0x26f2, 133, 1},
    {0x26f3, 134, 1},
    {0x26f4, 135, 1},
    {0x26f5, 136, 1},
    {0x26f7, 137, 6},
    {0x26f8, 143, 1},
    {0x26f9, 144, 18},
    {0x26fa, 162, 1},
    {0x26fd, 163, 1},
    {0x2702, 164, 1},
    {0x2705, 165, 1},
    {0x2708, 166, 1},
    {0x2709, 167, 1},
    {0x270a, 168, 6},
    {0x270b, 174, 6},
    {0x270c, 180, 6},
    {0x270d, 186, 6},
    {0x270f, 192, 1},
    {0x2712, 193, 1},
    {0x2714, 194, 1},
    {0x2716, 195, 1},
    {0x271d, 196, 1},
    {0x2721, 197, 1},
    {0x2728, 198, 1},
    {0x2733, 199, 1},
    {0x2734, 200, 1},
    {0x2744, 201, 1},
    {0x2747, 202, 1},
    {0x274c, 203, 1},
    {0x274e, 204, 1},
    {0x2753, 205, 1},
    {0x2754, 206, 1},
    {0x2755, 207, 1},
    {0x2757, 208, 1},
    {0x2763, 209, 1},
    {0x2764, 210, 3},
    {0x2795, 213, 1},
    {0x2796, 214, 1},
    {0x2797, 215, 1},
    {0x27a1, 216, 1},
    {0x27b0, 217, 1},
    {0x27bf, 218, 1},
    {0x2934, 219, 1},
    {0x2935, 220, 1},
    {0x2b05, 221, 1},
    {0x2b06, 222, 1},
    {0x2b07, 223, 1},
    {0x2b1b, 224, 1},
    {0x2b1c, 225, 1},
    {0x2b50, 226, 1},
    {0x2b55, 227, 1},
    {0x3030, 228, 1},
    {0x303d, 229, 1},
    {0x3297, 230, 1},
    {0x3299, 231, 1},
    {0xe50a, 232, 1},
    {0x1f004, 233, 1},
    {0x1f0cf, 234, 1},
    {0x1f170, 235, 1},
    {0x1f171, 236, 1},
    {0x1f17e, 237, 1},
    {0x1f17f, 238, 1},
    {0x1f18e, 239, 1},
    {0x1f191, 240, 1},
    {0x1f192, 241, 1},
    {0x1f193, 242, 1},
    {0x1f194, 243, 1},
    {0x1f195, 244, 1},
    {0x1f196, 245, 1},
    {0x1f197, 246, 1},
    {0x1f198, 247, 1},
    {0x1f199, 248, 1},
    {0x1f19a, 249, 1},
    {0x1f1e6, 250, 18},
    {0x1f1e7, 268, 22},
    {0x1f1e8, 290, 22},
    {0x1f1e9, 312, 8},
    {0x1f1ea, 320, 10},
    {0x1f1eb, 330, 7},
    {0x1f1ec, 337, 20},
    {0x1f1ed, 357, 7},
    {0x1f1ee, 364, 12},
    {0x1f1ef, 376, 5},
    {0x1f1f0, 381, 12},
    {0x1f1f1, 393, 12},
    {0x1f1f2, 405, 24},
    {0x1f1f3, 429, 13},
    {0x1f1f4, 442, 2},
    {0x1f1f5, 444, 15},
    {0x1f1f6, 459, 2},
    {0x1f1f7, 461, 6},
    {0x1f1f8, 467, 22},
    {0x1f1f9, 489, 18},
    {0x1f1fa, 507, 8},
    {0x1f1fb, 515, 8},
    {0x1f1fc, 523, 3},
    {0x1f1fd, 526, 2},
    {0x1f1fe, 528, 3},
    {0x1f1ff, 531, 4},
    {0x1f201, 535, 1},
    {0x1f202, 536, 1},
    {0x1f21a, 537, 1},
    {0x1f22f, 538, 1},
    {0x1f232, 539, 1},
    {0x1f233, 540, 1},
    {0x1f234, 541, 1},
    {0x1f235, 542, 1},
    {0x1f236, 543, 1},
    {0x1f237, 544, 1},
    {0x1f238, 545, 1},
    {0x1f239, 546, 1},
    {0x1f23a, 547, 1},
    {0x1f250, 548, 1},
    {0x1f251, 549, 1},
    {0x1f300, 550, 1},
    {0x1f301, 551, 1},
    {0x1f302, 552, 1},
    {0x1f303, 553, 1},
    {0x1f304, 554, 1},
    {0x1f305, 555, 1},
    {0x1f306, 556, 1},
    {0x1f307, 557, 1},
    {0x1f308, 558, 1},
    {0x1f309, 559, 1},
    {0x1f30a, 560, 1},
    {0x1f30b, 561, 1},
    {0x1f30c, 562, 1},
    {0x1f30d, 563, 1},
    {0x1f30e, 564, 1},
    {0x1f30f, 565, 1},
    {0x1f310, 566, 1},
    {0x1f311, 567, 1},
    {0x1f312, 568, 1},
    {0x1f313, 569, 1},
    {0x1f314, 570, 1},
    {0x1f315, 571, 1},
    {0x1f316, 572, 1},
    {0x1f317, 573, 1},
    {0x1f318, 574, 1},
    {0x1f319, 575, 1},
    {0x1f31a, 576, 1},
    {0x1f31b, 577, 1},
    {0x1f31c, 578, 1},
    {0x1f31d, 579, 1},
    {0x1f31e, 580, 1},
    {0x1f31f, 581, 1},
    {0x1f320, 582, 1},
    {0x1f321, 583, 1},
    {0x1f324, 584, 1},
    {0x1f325, 585, 1},
    {0x1f326, 586, 1},
    {0x1f327, 587, 1},
    {0x1f328, 588, 1},
    {0x1f329, 589, 1},
    {0x1f32a, 590, 1},
    {0x1f32b, 591, 1},
    {0x1f32c, 592, 1},
    {0x1f32d, 593, 1},
    {0x1f32e, 594, 1},
    {0x1f32f, 595, 1},
    {0x1f330, 596, 1},
    {0x1f331, 597, 1},
    {0x1f332, 598, 1},
    {0x1f333, 599, 1},
    {0x1f334, 600, 1},
    {0x1f335, 601, 1},
    {0x1f336, 602, 1},
    {0x1f337, 603, 1},
    {0x1f338, 604, 1},
    {0x1f339, 605, 1},
    {0x1f33a, 606, 1},
    {0x1f33b, 607, 1},
    {0x1f33c, 608, 1},
    {0x1f33d, 609, 1},
    {0x1f33e, 610, 1},
    {0x1f33f, 611, 1},
    {0x1f340, 612, 1},
    {0x1f341, 613, 1},
    {0x1f342, 614, 1},
    {0x1f343, 615, 1},
    {0x1f344, 616, 2},
    {0x1f345, 618, 1},
    {0x1f346, 619, 1},
    {0x1f347, 620, 1},
    {0x1f348, 621, 1},
    {0x1f349, 622, 1},
    {0x1f34a, 623, 1},
    {0x1f34b, 624, 2},
    {0x1f34c, 626, 1},
    {0x1f34d, 627, 1},
    {0x1f34e, 628, 1},
    {0x1f34f, 629, 1},
    {0x1f350, 630, 1},
    {0x1f351, 631, 1},
    {0x1f352, 632, 1},
    {0x1f353, 633, 1},
    {0x1f354, 634, 1},
    {0x1f355, 635, 1},
    {0x1f356, 636, 1},
    {0x1f357, 637, 1},
    {0x1f358, 638, 1},
    {0x1f359, 639, 1},
    {0x1f35a, 640, 1},
    {0x1f35b, 641, 1},
    {0x1f35c, 642, 1},
    {0x1f35d, 643, 1},
    {0x1f35e, 644, 1},
    {0x1f35f, 645, 1},
    {0x1f360, 646, 1},
    {0x1f361, 647, 1},
    {0x1f362, 648, 1},
    {0x1f363, 649, 1},
    {0x1f364, 650, 1},
    {0x1f365, 651, 1},
    {0x1f366, 652, 1},
    {0x1f367, 653, 1},
    {0x1f368, 654, 1},
    {0x1f369, 655, 1},
    {0x1f36a, 656, 1},
    {0x1f36b, 657, 1},
    {0x1f36c, 658, 1},
    {0x1f36d, 659, 1},
    {0x1f36e, 660, 1},
    {0x1f36f, 661, 1},
    {0x1f370, 662, 1},
    {0x1f371, 663, 1},
    {0x1f372, 664, 1},
    {0x1f373, 665, 1},
    {0x1f374, 666, 1},
    {0x1f375, 667, 1},
    {0x1f376, 668, 1},
    {0x1f377, 669, 1},
    {0x1f378, 670, 1},
    {0x1f379, 671, 1},
    {0x1f37a, 672, 1},
    {0x1f37b, 673, 1},
    {0x1f37c, 674, 1},
    {0x1f37d, 675, 1},
    {0x1f37e, 676, 1},
    {0x1f37f, 677, 1},
    {0x1f380, 678, 1},
    {0x1f381, 679, 1},
    {0x1f382, 680, 1},
    {0x1f383, 681, 1},
    {0x1f384, 682, 1},
    {0x1f385, 683, 6},
    {0x1f386, 689, 1},
    {0x1f387, 690, 1},
    {0x1f388, 691, 1},
    {0x1f389, 692, 1},
    {0x1f38a, 693, 1},
    {0x1f38b, 694, 1},
    {0x1f38c, 695, 1},
    {0x1f38d, 696, 1},
    {0x1f38e, 697, 1},
    {0x1f38f, 698, 1},
    {0x1f390, 699, 1},
    {0x1f391, 700, 1},
    {0x1f392, 701, 1},
    {0x1f393, 702, 1},
    {0x1f396, 703, 1},
    {0x1f397, 704, 1},
    {0x1f399, 705, 1},
    {0x1f39a, 706, 1},
    {0x1f39b, 707, 1},
    {0x1f39e, 708, 1},
    {0x1f39f, 709, 1},
    {0x1f3a0, 710, 1},
    {0x1f3a1, 711, 1},
    {0x1f3a2, 712, 1},
    {0x1f3a3, 713, 1},
    {0x1f3a4, 714, 1},
    {0x1f3a5, 715, 1},
    {0x1f3a6, 716, 1},
    {0x1f3a7, 717, 1},
    {0x1f3a8, 718, 1},
    {0x1f3a9, 719, 1},
    {0x1f3aa, 720, 1},
    {0x1f3ab, 721, 1},
    {0x1f3ac, 722, 1},
    {0x1f3ad, 723, 1},
    {0x1f3ae, 724, 1},
    {0x1f3af, 725, 1},
    {0x1f3b0, 726, 1},
    {0x1f3b1, 727, 1},
    {0x1f3b2, 728, 1},
    {0x1f3b3, 729, 1},
    {0x1f3b4, 730, 1},
    {0x1f3b5, 731, 1},
    {0x1f3b6, 732, 1},
    {0x1f3b7, 733, 1},
    {0x1f3b8, 734, 1},
    {0x1f3b9, 735, 1},
    {0x1f3ba, 736, 1},
    {0x1f3bb, 737, 1},
    {0x1f3bc, 738, 1},
    {0x1f3bd, 739, 1},
    {0x1f3be, 740, 1},
    {0x1f3bf, 741, 1},
    {0x1f3c0, 742, 1},
    {0x1f3c1, 743, 1},
    {0x1f3c2, 744, 6},
    {0x1f3c3, 750, 36},
    {0x1f3c4, 786, 18},
    {0x1f3c5, 804, 1},
    {0x1f3c6, 805, 1},
    {0x1f3c7, 806, 6},
    {0x1f3c8, 812, 1},
    {0x1f3c9, 813, 1},
    {0x1f3ca, 814, 18},
    {0x1f3cb, 832, 18},
    {0x1f3cc, 850, 18},
    {0x1f3cd, 868, 1},
    {0x1f3ce, 869, 1},
    {0x1f3cf, 870, 1},
    {0x1f3d0, 871, 1},
    {0x1f3d1, 872, 1},
    {0x1f3d2, 873, 1},
    {0x1f3d3, 874, 1},
    {0x1f3d4, 875, 1},
    {0x1f3d5, 876, 1},
    {0x1f3d6, 877, 1},
    {0x1f3d7, 878, 1},
    {0x1f3d8, 879, 1},
    {0x1f3d9, 880, 1},
    {0x1f3da, 881, 1},
    {0x1f3db, 882, 1},
    {0x1f3dc, 883, 1},
    {0x1f3dd, 884, 1},
    {0x1f3de, 885, 1},
    {0x1f3df, 886, 1},
    {0x1f3e0, 887, 1},
    {0x1f3e1, 888, 1},
    {0x1f3e2, 889, 1},
    {0x1f3e3, 890, 1},
    {0x1f3e4, 891, 1},
    {0x1f3e5, 892, 1},
    {0x1f3e6, 893, 1},
    {0x1f3e7, 894, 1},
    {0x1f3e8, 895, 1},
    {0x1f3e9, 896, 1},
    {0x1f3ea, 897, 1},
    {0x1f3eb, 898, 1},
    {0x1f3ec, 899, 1},
    {0x1f3ed, 900, 1},
    {0x1f3ee, 901, 1},
    {0x1f3ef, 902, 1},
    {0x1f3f0, 903, 1},
    {0x1f3f3, 904, 3},
    {0x1f3f4, 907, 5},
    {0x1f3f5, 912, 1},
    {0x1f3f7, 913, 1},
    {0x1f3f8, 914, 1},
    {0x1f3f9, 915, 1},
    {0x1f3fa, 916, 1},
    {0x1f3fb, 917, 1},
    {0x1f3fc, 918, 1},
    {0x1f3fd, 919, 1},
    {0x1f3fe, 920, 1},
    {0x1f3ff, 921, 1},
    {0x1f400, 922, 1},
    {0x1f401, 923, 1},
    {0x1f402, 924, 1},
    {0x1f403, 925, 1},
    {0x1f404, 926, 1},
    {0x1f405, 927, 1},
    {0x1f406, 928, 1},
    {0x1f407, 929, 1},
    {0x1f408, 930, 2},
    {0x1f409, 932, 1},
    {0x1f40a, 933, 1},
    {0x1f40b, 934, 1},
    {0x1f40c, 935, 1},
    {0x1f40d, 936, 1},
    {0x1f40e, 937, 1},
    {0x1f40f, 938, 1},
    {0x1f410, 939, 1},
    {0x1f411, 940, 1},
    {0x1f412, 941, 1},
    {0x1f413, 942, 1},
    {0x1f414, 943, 1},
    {0x1f415, 944, 2},
    {0x1f416, 946, 1},
    {0x1f417, 947, 1},
    {0x1f418, 948, 1},
    {0x1f419, 949, 1},
    {0x1f41a, 950, 1},
    {0x1f41b, 951, 1},
    {0x1f41c, 952, 1},
    {0x1f41d, 953, 1},
    {0x1f41e, 954, 1},
    {0x1f41f, 955, 1},
    {0x1f420, 956, 1},
    {0x1f421, 957, 1},
    {0x1f422, 958, 1},
    {0x1f423, 959, 1},
    {0x1f424, 960, 1},
    {0x1f425, 961, 1},
    {0x1f426, 962, 3},
    {0x1f427, 965, 1},
    {0x1f428, 966, 1},
    {0x1f429, 967, 1},
    {0x1f42a, 968, 1},
    {0x1f42b, 969, 1},
    {0x1f42c, 970, 1},
    {0x1f42d, 971, 1},
    {0x1f42e, 972, 1},
    {0x1f42f, 973, 1},
    {0x1f430, 974, 1},
    {0x1f431, 975, 1},
    {0x1f432, 976, 1},
    {0x1f433, 977, 1},
    {0x1f434, 978, 1},
    {0x1f435, 979, 1},
    {0x1f436, 980, 1},
    {0x1f437, 981, 1},
    {0x1f438, 982, 1},
    {0x1f439, 983, 1},
    {0x1f43a, 984, 1},
    {0x1f43b, 985, 2},
    {0x1f43c, 987, 1},
    {0x1f43d, 988, 1},
    {0x1f43e, 989, 1},
    {0x1f43f, 990, 1},
    {0x1f440, 991, 1},
    {0x1f441, 992, 2},
    {0x1f442, 994, 6},
    {0x1f443, 1000, 6},
    {0x1f444, 1006, 1},
    {0x1f445, 1007, 1},
    {0x1f446, 1008, 6},
    {0x1f447, 1014, 6},
    {0x1f448, 1020, 6},
    {0x1f449, 1026, 6},
    {0x1f44a, 1032, 6},
    {0x1f44b, 1038, 6},
    {0x1f44c, 1044, 6},
    {0x1f44d, 1050, 6},
    {0x1f44e, 1056, 6},
    {0x1f44f, 1062, 6},
    {0x1f450, 1068, 6},
    {0x1f451, 1074, 1},
    {0x1f452, 1075, 1},
    {0x1f453, 1076, 1},
    {0x1f454, 1077, 1},
    {0x1f455, 1078, 1},
    {0x1f456, 1079, 1},
    {0x1f457, 1080, 1},
    {0x1f458, 1081, 1},
    {0x1f459, 1082, 1},
    {0x1f45a, 1083, 1},
    {0x1f45b, 1084, 1},
    {0x1f45c, 1085, 1},
    {0x1f45d, 1086, 1},
    {0x1f45e, 1087, 1},
    {0x1f45f, 1088, 1},
    {0x1f460, 1089, 1},
    {0x1f461, 1090, 1},
    {0x1f462, 1091, 1},
    {0x1f463, 1092, 1},
    {0x1f464, 1093, 1},
    {0x1f465, 1094, 1},
    {0x1f466, 1095, 6},
    {0x1f467, 1101, 6},
    {0x1f468, 1107, 301},
    {0x1f469, 1408, 368},
    {0x1f46a, 1776, 1},
    {0x1f46b, 1777, 6},
    {0x1f46c, 1783, 6},
    {0x1f46d, 1789, 6},
    {0x1f46e, 1795, 18},
    {0x1f46f, 1813, 18},
    {0x1f470, 1831, 18},
    {0x1f471, 1849, 18},
    {0x1f472, 1867, 6},
    {0x1f473, 1873, 18},
    {0x1f474, 1891, 6},
    {0x1f475, 1897, 6},
    {0x1f476, 1903, 6},
    {0x1f477, 1909, 18},
    {0x1f478, 1927, 6},
    {0x1f479, 1933, 1},
    {0x1f47a, 1934, 1},
    {0x1f47b, 1935, 1},
    {0x1f47c, 1936, 6},
    {0x1f47d, 1942, 1},
    {0x1f47e, 1943, 1},
    {0x1f47f, 1944, 1},
    {0x1f480, 1945, 1},
    {0x1f481, 1946, 18},
    {0x1f482, 1964, 18},
    {0x1f483, 1982, 6},
    {0x1f484, 1988, 1},
    {0x1f485, 1989, 6},
    {0x1f486, 1995, 18},
    {0x1f487, 2013, 18},
    {0x1f488, 2031, 1},
    {0x1f489, 2032, 1},
    {0x1f48a, 2033, 1},
    {0x1f48b, 2034, 1},
    {0x1f48c, 2035, 1},
    {0x1f48d, 2036, 1},
    {0x1f48e, 2037, 1},
    {0x1f48f, 2038, 6},
    {0x1f490, 2044, 1},
    {0x1f491, 2045, 6},
    {0x1f492, 2051, 1},
    {0x1f493, 2052, 1},
    {0x1f494, 2053, 1},
    {0x1f495, 2054, 1},
    {0x1f496, 2055, 1},
    {0x1f497, 2056, 1},
    {0x1f498, 2057, 1},
    {0x1f499, 2058, 1},
    {0x1f49a, 2059, 1},
    {0x1f49b, 2060, 1},
    {0x1f49c, 2061, 1},
    {0x1f49d, 2062, 1},
    {0x1f49e, 2063, 1},
    {0x1f49f, 2064, 1},
    {0x1f4a0, 2065, 1},
    {0x1f4a1, 2066, 1},
    {0x1f4a2, 2067, 1},
    {0x1f4a3, 2068, 1},
    {0x1f4a4, 2069, 1},
    {0x1f4a5, 2070, 1},
    {0x1f4a6, 2071, 1},
    {0x1f4a7, 2072, 1},
    {0x1f4a8, 2073, 1},
    {0x1f4a9, 2074, 1},
    {0x1f4aa, 2075, 6},
    {0x1f4ab, 2081, 1},
    {0x1f4ac, 2082, 1},
    {0x1f4ad, 2083, 1},
    {0x1f4ae, 2084, 1},
    {0x1f4af, 2085, 1},
    {0x1f4b0, 2086, 1},
    {0x1f4b1, 2087, 1},
    {0x1f4b2, 2088, 1},
    {0x1f4b3, 2089, 1},
    {0x1f4b4, 2090, 1},
    {0x1f4b5, 2091, 1},
    {0x1f4b6, 2092, 1},
    {0x1f4b7, 2093, 1},
    {0x1f4b8, 2094, 1},
    {0x1f4b9, 2095, 1},
    {0x1f4ba, 2096, 1},
    {0x1f4bb, 2097, 1},
    {0x1f4bc, 2098, 1},
    {0x1f4bd, 2099, 1},
    {0x1f4be, 2100, 1},
    {0x1f4bf, 2101, 1},
    {0x1f4c0, 2102, 1},
    {0x1f4c1, 2103, 1},
    {0x1f4c2, 2104, 1},
    {0x1f4c3, 2105, 1},
    {0x1f4c4, 2106, 1},
    {0x1f4c5, 2107, 1},
    {0x1f4c6, 2108, 1},
    {0x1f4c7, 2109, 1},
    {0x1f4c8, 2110, 1},
    {0x1f4c9, 2111, 1},
    {0x1f4ca, 2112, 1},
    {0x1f4cb, 2113, 1},
    {0x1f4cc, 2114, 1},
    {0x1f4cd, 2115, 1},
    {0x1f4ce, 2116, 1},
    {0x1f4cf, 2117, 1},
    {0x1f4d0, 2118, 1},
    {0x1f4d1, 2119, 1},
    {0x1f4d2, 2120, 1},
    {0x1f4d3, 2121, 1},
    {0x1f4d4, 2122, 1},
    {0x1f4d5, 2123, 1},
    {0x1f4d6, 2124, 1},
    {0x1f4d7, 2125, 1},
    {0x1f4d8, 2126, 1},
    {0x1f4d9, 2127, 1},
    {0x1f4da, 2128, 1},
    {0x1f4db, 2129, 1},
    {0x1f4dc, 2130, 1},
    {0x1f4dd, 2131, 1},
    {0x1f4de, 2132, 1},
    {0x1f4df, 2133, 1},
    {0x1f4e0, 2134, 1},
    {0x1f4e1, 2135, 1},
    {0x1f4e2, 2136, 1},
    {0x1f4e3, 2137, 1},
    {0x1f4e4, 2138, 1},
    {0x1f4e5, 2139, 1},
    {0x1f4e6, 2140, 1},
    {0x1f4e7, 2141, 1},
    {0x1f4e8, 2142, 1},
    {0x1f4e9, 2143, 1},
    {0x1f4ea, 2144, 1},
    {0x1f4eb, 2145, 1},
    {0x1f4ec, 2146, 1},
    {0x1f4ed, 2147, 1},
    {0x1f4ee, 2148, 1},
    {0x1f4ef, 2149, 1},
    {0x1f4f0, 2150, 1},
    {0x1f4f1, 2151, 1},
    {0x1f4f2, 2152, 1},
    {0x1f4f3, 2153, 1},
    {0x1f4f4, 2154, 1},
    {0x1f4f5, 2155, 1},
    {0x1f4f6, 2156, 1},
    {0x1f4f7, 2157, 1},
    {0x1f4f8, 2158, 1},
    {0x1f4f9, 2159, 1},
    {0x1f4fa, 2160, 1},
    {0x1f4fb, 2161, 1},
    {0x1f4fc, 2162, 1},
    {0x1f4fd, 2163, 1},
    {0x1f4ff, 2164, 1},
    {0x1f500, 2165, 1},
    {0x1f501, 2166, 1},
    {0x1f502, 2167, 1},
    {0x1f503, 2168, 1},
    {0x1f504, 2169, 1},
    {0x1f505, 2170, 1},
    {0x1f506, 2171, 1},
    {0x1f507, 2172, 1},
    {0x1f508, 2173, 1},
    {0x1f509, 2174, 1},
    {0x1f50a, 2175, 1},
    {0x1f50b, 2176, 1},
    {0x1f50c, 2177, 1},
    {0x1f50d, 2178, 1},
    {0x1f50e, 2179, 1},
    {0x1f50f, 2180, 1},
    {0x1f510, 2181, 1},
    {0x1f511, 2182, 1},
    {0x1f512, 2183, 1},
    {0x1f513, 2184, 1},
    {0x1f514, 2185, 1},
    {0x1f515, 2186, 1},
    {0x1f516, 2187, 1},
    {0x1f517, 2188, 1},
    {0x1f518, 2189, 1},
    {0x1f519, 2190, 1},
    {0x1f51a, 2191, 1},
    {0x1f51b, 2192, 1},
    {0x1f51c, 2193, 1},
    {0x1f51d, 2194, 1},
    {0x1f51e, 2195, 1},
    {0x1f51f, 2196, 1},
    {0x1f520, 2197, 1},
    {0x1f521, 2198, 1},
    {0x1f522, 2199, 1},
    {0x1f523, 2200, 1},
    {0x1f524, 2201, 1},
    {0x1f525, 2202, 1},
    {0x1f526, 2203, 1},
    {0x1f527, 2204, 1},
    {0x1f528, 2205, 1},
    {0x1f529, 2206, 1},
    {0x1f52a, 2207, 1},
    {0x1f52b, 2208, 1},
    {0x1f52c, 2209, 1},
    {0x1f52d, 2210, 1},
    {0x1f52e, 2211, 1},
    {0x1f52f, 2212, 1},
    {0x1f530, 2213, 1},
    {0x1f531, 2214, 1},
    {0x1f532, 2215, 1},
    {0x1f533, 2216, 1},
    {0x1f534, 2217, 1},
    {0x1f535, 2218, 1},
    {0x1f536, 2219, 1},
    {0x1f537, 2220, 1},
    {0x1f538, 2221, 1},
    {0x1f539, 2222, 1},
    {0x1f53a, 2223, 1},
    {0x1f53b, 2224, 1},
    {0x1f53c, 2225, 1},
    {0x1f53d, 2226, 1},
    {0x1f549, 2227, 1},
    {0x1f54a, 2228, 1},
    {0x1f54b, 2229, 1},
    {0x1f54c, 2230, 1},
    {0x1f54d, 2231, 1},
    {0x1f54e, 2232, 1},
    {0x1f550, 2233, 1},
    {0x1f551, 2234, 1},
    {0x1f552, 2235, 1},
    {0x1f553, 2236, 1},
    {0x1f554, 2237, 1},
    {0x1f555, 2238, 1},
    {0x1f556, 2239, 1},
    {0x1f557, 2240, 1},
    {0x1f558, 2241, 1},
    {0x1f559, 2242, 1},
    {0x1f55a, 2243, 1},
    {0x1f55b, 2244, 1},
    {0x1f55c, 2245, 1},
    {0x1f55d, 2246, 1},
    {0x1f55e, 2247, 1},
    {0x1f55f, 2248, 1},
    {0x1f560, 2249, 1},
    {0x1f561, 2250, 1},
    {0x1f562, 2251, 1},
    {0x1f563, 2252, 1},
    {0x1f564, 2253, 1},
    {0x1f565, 2254, 1},
    {0x1f566, 2255, 1},
    {0x1f567, 2256, 1},
    {0x1f56f, 2257, 1},
    {0x1f570, 2258, 1},
    {0x1f573, 2259, 1},
    {0x1f574, 2260, 18},
    {0x1f575, 2278, 18},
    {0x1f576, 2296, 1},
    {0x1f577, 2297, 1},
    {0x1f578, 2298, 1},
    {0x1f579, 2299, 1},
    {0x1f57a, 2300, 6},
    {0x1f587, 2306, 1},
    {0x1f58a, 2307, 1},
    {0x1f58b, 2308, 1},
    {0x1f58c, 2309, 1},
    {0x1f58d, 2310, 1},
    {0x1f590, 2311, 6},
    {0x1f595, 2317, 6},
    {0x1f596, 2323, 6},
    {0x1f5a4, 2329, 1},
    {0x1f5a5, 2330, 1},
    {0x1f5a8, 2331, 1},
    {0x1f5b1, 2332, 1},
    {0x1f5b2, 2333, 1},
    {0x1f5bc, 2334, 1},
    {0x1f5c2, 2335, 1},
    {0x1f5c3, 2336, 1},
    {0x1f5c4, 2337, 1},
    {0x1f5d1, 2338, 1},
    {0x1f5d2, 2339, 1},
    {0x1f5d3, 2340, 1},
    {0x1f5dc, 2341, 1},
    {0x1f5dd, 2342, 1},
    {0x1f5de, 2343, 1},
    {0x1f5e1, 2344, 1},
    {0x1f5e3, 2345, 1},
    {0x1f5e8, 2346, 1},
    {0x1f5ef, 2347, 1},
    {0x1f5f3, 2348, 1},
    {0x1f5fa, 2349, 1},
    {0x1f5fb, 2350, 1},
    {0x1f5fc, 2351, 1},
    {0x1f5fd, 2352, 1},
    {0x1f5fe, 2353, 1},
    {0x1f5ff, 2354, 1},
    {0x1f600, 2355, 1},
    {0x1f601, 2356, 1},
    {0x1f602, 2357, 1},
    {0x1f603, 2358, 1},
    {0x1f604, 2359, 1},
    {0x1f605, 2360, 1},
    {0x1f606, 2361, 1},
    {0x1f607, 2362, 1},
    {0x1f608, 2363, 1},
    {0x1f609, 2364, 1},
    {0x1f60a, 2365, 1},
    {0x1f60b, 2366, 1},
    {0x1f60c, 2367, 1},
    {0x1f60d, 2368, 1},
    {0x1f60e, 2369, 1},
    {0x1f60f, 2370, 1},
    {0x1f610, 2371, 1},
    {0x1f611, 2372, 1},
    {0x1f612, 2373, 1},
    {0x1f613, 2374, 1},
    {0x1f614, 2375, 1},
    {0x1f615, 2376, 1},
    {0x1f616, 2377, 1},
    {0x1f617, 2378, 1},
    {0x1f618, 2379, 1},
    {0x1f619, 2380, 1},
    {0x1f61a, 2381, 1},
    {0x1f61b, 2382, 1},
    {0x1f61c, 2383, 1},
    {0x1f61d, 2384, 1},
    {0x1f61e, 2385, 1},
    {0x1f61f, 2386, 1},
    {0x1f620, 2387, 1},
    {0x1f621, 2388, 1},
    {0x1f622, 2389, 1},
    {0x1f623, 2390, 1},
    {0x1f624, 2391, 1},
    {0x1f625, 2392, 1},
    {0x1f626, 2393, 1},
    {0x1f627, 2394, 1},
    {0x1f628, 2395, 1},
    {0x1f629, 2396, 1},
    {0x1f62a, 2397, 1},
    {0x1f62b, 2398, 1},
    {0x1f62c, 2399, 1},
    {0x1f62d, 2400, 1},
    {0x1f62e, 2401, 2},
    {0x1f62f, 2403, 1},
    {0x1f630, 2404, 1},
    {0x1f631, 2405, 1},
    {0x1f632, 2406, 1},
    {0x1f633, 2407, 1},
    {0x1f634, 2408, 1},
    {0x1f635, 2409, 2},
    {0x1f636, 2411, 2},
    {0x1f637, 2413, 1},
    {0x1f638, 2414, 1},
    {0x1f639, 2415, 1},
    {0x1f63a, 2416, 1},
    {0x1f63b, 2417, 1},
    {0x1f63c, 2418, 1},
    {0x1f63d, 2419, 1},
    {0x1f63e, 2420, 1},
    {0x1f63f, 2421, 1},
    {0x1f640, 2422, 1},
    {0x1f641, 2423, 1},
    {0x1f642, 2424, 3},
    {0x1f643, 2427, 1},
    {0x1f644, 2428, 1},
    {0x1f645, 2429, 18},
    {0x1f646, 2447, 18},
    {0x1f647, 2465, 18},
    {0x1f648, 2483, 1},
    {0x1f649, 2484, 1},
    {0x1f64a, 2485, 1},
    {0x1f64b, 2486, 18},
    {0x1f64c, 2504, 6},
    {0x1f64d, 2510, 18},
    {0x1f64e, 2528, 18},
    {0x1f64f, 2546, 6},
    {0x1f680, 2552, 1},
    {0x1f681, 2553, 1},
    {0x1f682, 2554, 1},
    {0x1f683, 2555, 1},
    {0x1f684, 2556, 1},
    {0x1f685, 2557, 1},
    {0x1f686, 2558, 1},
    {0x1f687, 2559, 1},
    {0x1f688, 2560, 1},
    {0x1f689, 2561, 1},
    {0x1f68a, 2562, 1},
    {0x1f68b, 2563, 1},
    {0x1f68c, 2564, 1},
    {0x1f68d, 2565, 1},
    {0x1f68e, 2566, 1},
    {0x1f68f, 2567, 1},
    {0x1f690, 2568, 1},
    {0x1f691, 2569, 1},
    {0x1f692, 2570, 1},
    {0x1f693, 2571, 1},
    {0x1f694, 2572, 1},
    {0x1f695, 2573, 1},
    {0x1f696, 2574, 1},
    {0x1f697, 2575, 1},
    {0x1f698, 2576, 1},
    {0x1f699, 2577, 1},
    {0x1f69a, 2578, 1},
    {0x1f69b, 2579, 1},
    {0x1f69c, 2580, 1},
    {0x1f69d, 2581, 1},
    {0x1f69e, 2582, 1},
    {0x1f69f, 2583, 1},
    {0x1f6a0, 2584, 1},
    {0x1f6a1, 2585, 1},
    {0x1f6a2, 2586, 1},
    {0x1f6a3, 2587, 18},
    {0x1f6a4, 2605, 1},
    {0x1f6a5, 2606, 1},
    {0x1f6a6, 2607, 1},
    {0x1f6a7, 2608, 1},
    {0x1f6a8, 2609, 1},
    {0x1f6a9, 2610, 1},
    {0x1f6aa, 2611, 1},
    {0x1f6ab, 2612, 1},
    {0x1f6ac, 2613, 1},
    {0x1f6ad, 2614, 1},
    {0x1f6ae, 2615, 1},
    {0x1f6af, 2616, 1},
    {0x1f6b0, 2617, 1},
    {0x1f6b1, 2618, 1},
    {0x1f6b2, 2619, 1},
    {0x1f6b3, 2620, 1},
    {0x1f6b4, 2621, 18},
    {0x1f6b5, 2639, 18},
    {0x1f6b6, 2657, 36},
    {0x1f6b7, 2693, 1},
    {0x1f6b8, 2694, 1},
    {0x1f6b9, 2695, 1},
    {0x1f6ba, 2696, 1},
    {0x1f6bb, 2697, 1},
    {0x1f6bc, 2698, 1},
    {0x1f6bd, 2699, 1},
    {0x1f6be, 2700, 1},
    {0x1f6bf, 2701, 1},
    {0x1f6c0, 2702, 6},
    {0x1f6c1, 2708, 1},
    {0x1f6c2, 2709, 1},
    {0x1f6c3, 2710, 1},
    {0x1f6c4, 2711, 1},
    {0x1f6c5, 2712, 1},
    {0x1f6cb, 2713, 1},
    {0x1f6cc, 2714, 6},
    {0x1f6cd, 2720, 1},
    {0x1f6ce, 2721, 1},
    {0x1f6cf, 2722, 1},
    {0x1f6d0, 2723, 1},
    {0x1f6d1, 2724, 1},
    {0x1f6d2, 2725, 1},
    {0x1f6d5, 2726, 1},
    {0x1f6d6, 2727, 1},
    {0x1f6d7, 2728, 1},
    {0x1f6d8, 2729, 1},
    {0x1f6dc, 2730, 1},
    {0x1f6dd, 2731, 1},
    {0x1f6de, 2732, 1},
    {0x1f6df, 2733, 1},
    {0x1f6e0, 2734, 1},
    {0x1f6e1, 2735, 1},
    {0x1f6e2, 2736, 1},
    {0x1f6e3, 2737, 1},
    {0x1f6e4, 2738, 1},
    {0x1f6e5, 2739, 1},
    {0x1f6e9, 2740, 1},
    {0x1f6eb, 2741, 1},
    {0x1f6ec, 2742, 1},
    {0x1f6f0, 2743, 1},
    {0x1f6f3, 2744, 1},
    {0x1f6f4, 2745, 1},
    {0x1f6f5, 2746, 1},
    {0x1f6f6, 2747, 1},
    {0x1f6f7, 2748, 1},
    {0x1f6f8, 2749, 1},
    {0x1f6f9, 2750, 1},
    {0x1f6fa, 2751, 1},
    {0x1f6fb, 2752, 1},
    {0x1f6fc, 2753, 1},
    {0x1f7e0, 2754, 1},
    {0x1f7e1, 2755, 1},
    {0x1f7e2, 2756, 1},
    {0x1f7e3, 2757, 1},
    {0x1f7e4, 2758, 1},
    {0x1f7e5, 2759, 1},
    {0x1f7e6, 2760, 1},
    {0x1f7e7, 2761, 1},
    {0x1f7e8, 2762, 1},
    {0x1f7e9, 2763, 1},
    {0x1f7ea, 2764, 1},
    {0x1f7eb, 2765, 1},
    {0x1f7f0, 2766, 1},
    {0x1f90c, 2767, 6},
    {0x1f90d, 2773, 1},
    {0x1f90e, 2774, 1},
    {0x1f90f, 2775, 6},
    {0x1f910, 2781, 1},
    {0x1f911, 2782, 1},
    {0x1f912, 2783, 1},
    {0x1f913, 2784, 1},
    {0x1f914, 2785, 1},
    {0x1f915, 2786, 1},
    {0x1f916, 2787, 1},
    {0x1f917, 2788, 1},
    {0x1f918, 2789, 6},
    {0x1f919, 2795, 6},
    {0x1f91a, 2801, 6},
    {0x1f91b, 2807, 6},
    {0x1f91c, 2813, 6},
    {0x1f91d, 2819, 6},
    {0x1f91e, 2825, 6},
    {0x1f91f, 2831, 6},
    {0x1f920, 2837, 1},
    {0x1f921, 2838, 1},
    {0x1f922, 2839, 1},
    {0x1f923, 2840, 1},
    {0x1f924, 2841, 1},
    {0x1f925, 2842, 1},
    {0x1f926, 2843, 18},
    {0x1f927, 2861, 1},
    {0x1f928, 2862, 1},
    {0x1f929, 2863, 1},
    {0x1f92a, 2864, 1},
    {0x1f92b, 2865, 1},
    {0x1f92c, 2866, 1},
    {0x1f92d, 2867, 1},
    {0x1f92e, 2868, 1},
    {0x1f92f, 2869, 1},
    {0x1f930, 2870, 6},
    {0x1f931, 2876, 6},
    {0x1f932, 2882, 6},
    {0x1f933, 2888, 6},
    {0x1f934, 2894, 6},
    {0x1f935, 2900, 18},
    {0x1f936, 2918, 6},
    {0x1f937, 2924, 18},
    {0x1f938, 2942, 18},
    {0x1f939, 2960, 18},
    {0x1f93a, 2978, 1},
    {0x1f93c, 2979, 18},
    {0x1f93d, 2997, 18},
    {0x1f93e, 3015, 18},
    {0x1f93f, 3033, 1},
    {0x1f940, 3034, 1},
    {0x1f941, 3035, 1},
    {0x1f942, 3036, 1},
    {0x1f943, 3037, 1},
    {0x1f944, 3038, 1},
    {0x1f945, 3039, 1},
    {0x1f947, 3040, 1},
    {0x1f948, 3041, 1},
    {0x1f949, 3042, 1},
    {0x1f94a, 3043, 1},
    {0x1f94b, 3044, 1},
    {0x1f94c, 3045, 1},
    {0x1f94d, 3046, 1},
    {0x1f94e, 3047, 1},
    {0x1f94f, 3048, 1},
    {0x1f950, 3049, 1},
    {0x1f951, 3050, 1},
    {0x1f952, 3051, 1},
    {0x1f953, 3052, 1},
    {0x1f954, 3053, 1},
    {0x1f955, 3054, 1},
    {0x1f956, 3055, 1},
    {0x1f957, 3056, 1},
    {0x1f958, 3057, 1},
    {0x1f959, 3058, 1},
    {0x1f95a, 3059, 1},
    {0x1f95b, 3060, 1},
    {0x1f95c, 3061, 1},
    {0x1f95d, 3062, 1},
    {0x1f95e, 3063, 1},
    {0x1f95f, 3064, 1},
    {0x1f960, 3065, 1},
    {0x1f961, 3066, 1},
    {0x1f962, 3067, 1},
    {0x1f963, 3068, 1},
    {0x1f964, 3069, 1},
    {0x1f965, 3070, 1},
    {0x1f966, 3071, 1},
    {0x1f967, 3072, 1},
    {0x1f968, 3073, 1},
    {0x1f969, 3074, 1},
    {0x1f96a, 3075, 1},
    {0x1f96b, 3076, 1},
    {0x1f96c, 3077, 1},
    {0x1f96d, 3078, 1},
    {0x1f96e, 3079, 1},
    {0x1f96f, 3080, 1},
    {0x1f970, 3081, 1},
    {0x1f971, 3082, 1},
    {0x1f972, 3083, 1},
    {0x1f973, 3084, 1},
    {0x1f974, 3085, 1},
    {0x1f975, 3086, 1},
    {0x1f976, 3087, 1},
    {0x1f977, 3088, 6},
    {0x1f978, 3094, 1},
    {0x1f979, 3095, 1},
    {0x1f97a, 3096, 1},
    {0x1f97b, 3097, 1},
    {0x1f97c, 3098, 1},
    {0x1f97d, 3099, 1},
    {0x1f97e, 3100, 1},
    {0x1f97f, 3101, 1},
    {0x1f980, 3102, 1},
    {0x1f981, 3103, 1},
    {0x1f982, 3104, 1},
    {0x1f983, 3105, 1},
    {0x1f984, 3106, 1},
    {0x1f985, 3107, 1},
    {0x1f986, 3108, 1},
    {0x1f987, 3109, 1},
    {0x1f988, 3110, 1},
    {0x1f989, 3111, 1},
    {0x1f98a, 3112, 1},
    {0x1f98b, 3113, 1},
    {0x1f98c, 3114, 1},
    {0x1f98d, 3115, 1},
    {0x1f98e, 3116, 1},
    {0x1f98f, 3117, 1},
    {0x1f990, 3118, 1},
    {0x1f991, 3119, 1},
    {0x1f992, 3120, 1},
    {0x1f993, 3121, 1},
    {0x1f994, 3122, 1},
    {0x1f995, 3123, 1},
    {0x1f996, 3124, 1},
    {0x1f997, 3125, 1},
    {0x1f998, 3126, 1},
    {0x1f999, 3127, 1},
    {0x1f99a, 3128, 1},
    {0x1f99b, 3129, 1},
    {0x1f99c, 3130, 1},
    {0x1f99d, 3131, 1},
    {0x1f99e, 3132, 1},
    {0x1f99f, 3133, 1},
    {0x1f9a0, 3134, 1},
    {0x1f9a1, 3135, 1},
    {0x1f9a2, 3136, 1},
    {0x1f9a3, 3137, 1},
    {0x1f9a4, 3138, 1},
    {0x1f9a5, 3139, 1},
    {0x1f9a6, 3140, 1},
    {0x1f9a7, 3141, 1},
    {0x1f9a8, 3142, 1},
    {0x1f9a9, 3143, 1},
    {0x1f9aa, 3144, 1},
    {0x1f9ab, 3145, 1},
    {0x1f9ac, 3146, 1},
    {0x1f9ad, 3147, 1},
    {0x1f9ae, 3148, 1},
    {0x1f9af, 3149, 1},
    {0x1f9b0, 3150, 1},
    {0x1f9b1, 3151, 1},
    {0x1f9b2, 3152, 1},
    {0x1f9b3, 3153, 1},
    {0x1f9b4, 3154, 1},
    {0x1f9b5, 3155, 6},
    {0x1f9b6, 3161, 6},
    {0x1f9b7, 3167, 1},
    {0x1f9b8, 3168, 18},
    {0x1f9b9, 3186, 18},
    {0x1f9ba, 3204, 1},
    {0x1f9bb, 3205, 6},
    {0x1f9bc, 3211, 1},
    {0x1f9bd, 3212, 1},
    {0x1f9be, 3213, 1},
    {0x1f9bf, 3214, 1},
    {0x1f9c0, 3215, 1},
    {0x1f9c1, 3216, 1},
    {0x1f9c2, 3217, 1},
    {0x1f9c3, 3218, 1},
    {0x1f9c4, 3219, 1},
    {0x1f9c5, 3220, 1},
    {0x1f9c6, 3221, 1},
    {0x1f9c7, 3222, 1},
    {0x1f9c8, 3223, 1},
    {0x1f9c9, 3224, 1},
    {0x1f9ca, 3225, 1},
    {0x1f9cb, 3226, 1},
    {0x1f9cc, 3227, 1},
    {0x1f9cd, 3228, 18},
    {0x1f9ce, 3246, 36},
    {0x1f9cf, 3282, 18},
    {0x1f9d0, 3300, 1},
    {0x1f9d1, 3301, 290},
    {0x1f9d2, 3591, 6},
    {0x1f9d3, 3597, 6},
    {0x1f9d4, 3603, 18},
    {0x1f9d5, 3621, 6},
    {0x1f9d6, 3627, 18},
    {0x1f9d7, 3645, 18},
    {0x1f9d8, 3663, 18},
    {0x1f9d9, 3681, 18},
    {0x1f9da, 3699, 18},
    {0x1f9db, 3717, 18},
    {0x1f9dc, 3735, 18},
    {0x1f9dd, 3753, 18},
    {0x1f9de, 3771, 3},
    {0x1f9df, 3774, 3},
    {0x1f9e0, 3777, 1},
    {0x1f9e1, 3778, 1},
    {0x1f9e2, 3779, 1},
    {0x1f9e3, 3780, 1},
    {0x1f9e4, 3781, 1},
    {0x1f9e5, 3782, 1},
    {0x1f9e6, 3783, 1},
    {0x1f9e7, 3784, 1},
    {0x1f9e8, 3785, 1},
    {0x1f9e9, 3786, 1},
    {0x1f9ea, 3787, 1},
    {0x1f9eb, 3788, 1},
    {0x1f9ec, 3789, 1},
    {0x1f9ed, 3790, 1},
    {0x1f9ee, 3791, 1},
    {0x1f9ef, 3792, 1},
    {0x1f9f0, 3793, 1},
    {0x1f9f1, 3794, 1},
    {0x1f9f2, 3795, 1},
    {0x1f9f3, 3796, 1},
    {0x1f9f4, 3797, 1},
    {0x1f9f5, 3798, 1},
    {0x1f9f6, 3799, 1},
    {0x1f9f7, 3800, 1},
    {0x1f9f8, 3801, 1},
    {0x1f9f9, 3802, 1},
    {0x1f9fa, 3803, 1},
    {0x1f9fb, 3804, 1},
    {0x1f9fc, 3805, 1},
    {0x1f9fd, 3806, 1},
    {0x1f9fe, 3807, 1},
    {0x1f9ff, 3808, 1},
    {0x1fa70, 3809, 1},
    {0x1fa71, 3810, 1},
    {0x1fa72, 3811, 1},
    {0x1fa73, 3812, 1},
    {0x1fa74, 3813, 1},
    {0x1fa75, 3814, 1},
    {0x1fa76, 3815, 1},
    {0x1fa77, 3816, 1},
    {0x1fa78, 3817, 1},
    {0x1fa79, 3818, 1},
    {0x1fa7a, 3819, 1},
    {0x1fa7b, 3820, 1},
    {0x1fa7c, 3821, 1},
    {0x1fa80, 3822, 1},
    {0x1fa81, 3823, 1},
    {0x1fa82, 3824, 1},
    {0x1fa83, 3825, 1},
    {0x1fa84, 3826, 1},
    {0x1fa85, 3827, 1},
    {0x1fa86, 3828, 1},
    {0x1fa87, 3829, 1},
    {0x1fa88, 3830, 1},
    {0x1fa89, 3831, 1},
    {0x1fa8a, 3832, 1},
    {0x1fa8e, 3833, 1},
    {0x1fa8f, 3834, 1},
    {0x1fa90, 3835, 1},
    {0x1fa91, 3836, 1},
    {0x1fa92, 3837, 1},
    {0x1fa93, 3838, 1},
    {0x1fa94, 3839, 1},
    {0x1fa95, 3840, 1},
    {0x1fa96, 3841, 1},
    {0x1fa97, 3842, 1},
    {0x1fa98, 3843, 1},
    {0x1fa99, 3844, 1},
    {0x1fa9a, 3845, 1},
    {0x1fa9b, 3846, 1},
    {0x1fa9c, 3847, 1},
    {0x1fa9d, 3848, 1},
    {0x1fa9e, 3849, 1},
    {0x1fa9f, 3850, 1},
    {0x1faa0, 3851, 1},
    {0x1faa1, 3852, 1},
    {0x1faa2, 3853, 1},
    {0x1faa3, 3854, 1},
    {0x1faa4, 3855, 1},
    {0x1faa5, 3856, 1},
    {0x1faa6, 3857, 1},
    {0x1faa7, 3858, 1},
    {0x1faa8, 3859, 1},
    {0x1faa9, 3860, 1},
    {0x1faaa, 3861, 1},
    {0x1faab, 3862, 1},
    {0x1faac, 3863, 1},
    {0x1faad, 3864, 1},
    {0x1faae, 3865, 1},
    {0x1faaf, 3866, 1},
    {0x1fab0, 3867, 1},
    {0x1fab1, 3868, 1},
    {0x1fab2, 3869, 1},
    {0x1fab3, 3870, 1},
    {0x1fab4, 3871, 1},
    {0x1fab5, 3872, 1},
    {0x1fab6, 3873, 1},
    {0x1fab7, 3874, 1},
    {0x1fab8, 3875, 1},
    {0x1fab9, 3876, 1},
    {0x1faba, 3877, 1},
    {0x1fabb, 3878, 1},
    {0x1fabc, 3879, 1},
    {0x1fabd, 3880, 1},
    {0x1fabe, 3881, 1},
    {0x1fabf, 3882, 1},
    {0x1fac0, 3883, 1},
    {0x1fac1, 3884, 1},
    {0x1fac2, 3885, 1},
    {0x1fac3, 3886, 6},
    {0x1fac4, 3892, 6},
    {0x1fac5, 3898, 6},
    {0x1fac6, 3904, 1},
    {0x1fac8, 3905, 1},
    {0x1facd, 3906, 1},
    {0x1face, 3907, 1},
    {0x1facf, 3908, 1},
    {0x1fad0, 3909, 1},
    {0x1fad1, 3910, 1},
    {0x1fad2, 3911, 1},
    {0x1fad3, 3912, 1},
    {0x1fad4, 3913, 1},
    {0x1fad5, 3914, 1},
    {0x1fad6, 3915, 1},
    {0x1fad7, 3916, 1},
    {0x1fad8, 3917, 1},
    {0x1fad9, 3918, 1},
    {0x1fada, 3919, 1},
    {0x1fadb, 3920, 1},
    {0x1fadc, 3921, 1},
    {0x1fadf, 3922, 1},
    {0x1fae0, 3923, 1},
    {0x1fae1, 3924, 1},
    {0x1fae2, 3925, 1},
    {0x1fae3, 3926, 1},
    {0x1fae4, 3927, 1},
    {0x1fae5, 3928, 1},
    {0x1fae6, 3929, 1},
    {0x1fae7, 3930, 1},
    {0x1fae8, 3931, 1},
    {0x1fae9, 3932, 1},
    {0x1faea, 3933, 1},
    {0x1faef, 3934, 1},
    {0x1faf0, 3935, 6},
    {0x1faf1, 3941, 26},
    {0x1faf2, 3967, 6},
    {0x1faf3, 3973, 6},
    {0x1faf4, 3979, 6},
    {0x1faf5, 3985, 6},
    {0x1faf6, 3991, 6},
    {0x1faf7, 3997, 6},
    {0x1faf8, 4003, 6},
};

#define SOCIAL_EMOJI_BUCKET_COUNT 1439
#define SOCIAL_EMOJI_ASSET_COUNT 4009

#endif /* ROCKBOX_SOCIAL_EMOJI_DATA_H */
