#include "lcd.h"
#include "/home/david/Documents/RockBox_Personal-master/build-sim-nano2g/pluginbitmaps/bubbles_background.h"
const unsigned short bubbles_background[] = {
0x424b, 0x4a4b, 0x4a4b, 0x4a4b, 0x0000, 0x0000, 0x0000, 0x0000, 0x0000, 0x0000,
0x0000, 0x0000, 0x0000, 0x0000, 0x0000, 0x0000, 0x0000, 0x0000, 0x0000, 0x0000,
0x0000, 0x0000, 0x0000, 0x0000, 0x0000, 0x0000, 0x0000, 0x0000, 0x0000, 0x0000,
0x0000, 0x0000, 0x0000, 0x0000, 0x0000, 0x0000, 0x0000, 0x7c14, 0x528d, 0x2106,
0xb5bb, 0xb5bb, 0xb5bb, 0xb5bb, 0xb5bb, 0xb5bb, 0xb5bb, 0xb5bb, 0xb5bb, 0xb5bb,
0xb5bb, 0xb5bb, 0xb5bb, 0xb5bb, 0xb5bb, 0xb5bb, 0xb5bb, 0xb5bb, 0xb5bb, 0xb5bb,
0xb5bb, 0xb5bb, 0xb5bb, 0xb5bb, 0xb5bb, 0xb5bb, 0xb5bb, 0xb5bb, 0xb5bb, 0xb5bb,
0xb5bb, 0xb5bb, 0xb5bb, 0xb5bb, 0xb5bb, 0xb5bb, 0xb5bb, 0xb5bb, 0xb5bb, 0xb5bb,
0xb5bb, 0xb5bb, 0xb5bb, 0xb5bb, 0xb5bb, 0xb5bb, 0xb5bb, 0xb5bb, 0xb5bb, 0xb5bb,
0xb5bb, 0xb5bb, 0xb5bb, 0xb5bb, 0xb5bb, 0xb5bb, 0xb5bb, 0xb5bb, 0xb5bb, 0xb5bb,
0xb5bb, 0xb5bb, 0xb5bb, 0xb5bb, 0xb5bb, 0xb5bb, 0xb5bb, 0xb5bb, 0xb5bb, 0xb5bb,
0xb5bb, 0xb5bb, 0xb5bb, 0xb5bb, 0xb5bb, 0xb5bb, 0xb5bb, 0xb5bb, 0xb5bb, 0xb5bb,
0xb5bb, 0xb5bb, 0xb5bb, 0xb5bb, 0xb5bb, 0xb5bb, 0xb5bb, 0xb5bb, 0xb5bb, 0xb5bb,
0xb5bb, 0xb5bb, 0xb5bb, 0xb5bb, 0xb5bb, 0xb5bb, 0xb5bb, 0xad59, 0x7bd2, 0x52ad,
0x5ad0, 0x6b74, 0x9cf9, 0xc63c, 0xad79, 0x4a51, 0x210c, 0x296c, 0x4211, 0x298d,
0x2129, 0x39e9, 0x424a, 0x4a4b, 0x4a4b, 0x4a4b, 0x4a4b, 0x4a4b, 0x4a4b, 0x4a4b,
0x4a4b, 0x4a4b, 0x4a4b, 0x4a4b, 0x4a4b, 0x4a4b, 0x4a4b, 0x4a4b, 0x4a4b, 0x4a4b,
0x4a4b, 0x4a4b, 0x4a4b, 0x4a4b, 0x4a4b, 0x4a4b, 
0x420a, 0x422a, 0x422a, 0x4a4b, 0x0000, 0xb5bb, 0xb5bb, 0xb5bb, 0xb5bb, 0xb5bb,
0xb5bb, 0xb5bb, 0xb5bb, 0xb5bb, 0xb5bb, 0xb5bb, 0xb5bb, 0xb5bb, 0xb5bb, 0xb5bb,
0xb5bb, 0xb5bb, 0xb5bb, 0xb5bb, 0xb5bb, 0xb5bb, 0xb5bb, 0xb5bb, 0xb5bb, 0xb5bb,
0xb5bb, 0xb5bb, 0xb5bb, 0xb5bb, 0xb5bb, 0xb5bb, 0x0000, 0x73f5, 0x5ace, 0x2967,
0xb5bb, 0xb5bb, 0xb5bb, 0xb5bb, 0xb5bb, 0xb5bb, 0xb5bb, 0xb5bb, 0xb5bb, 0xb5bb,
0xb5bb, 0xb5bb, 0xb5bb, 0xb5bb, 0xb5bb, 0xb5bb, 0xb5bb, 0xb5bb, 0xb5bb, 0xb5bb,
0xb5bb, 0xb5bb, 0xb5bb, 0xb5bb, 0xb5bb, 0xb5bb, 0xb5bb, 0xb5bb, 0xb5bb, 0xb5bb,
0xb5bb, 0xb5bb, 0xb5bb, 0xb5bb, 0xb5bb, 0xb5bb, 0xb5bb, 0xb5bb, 0xb5bb, 0xb5bb,
0xb5bb, 0xb5bb, 0xb5bb, 0xb5bb, 0xb5bb, 0xb5bb, 0xb5bb, 0xb5bb, 0xb5bb, 0xb5bb,
0xb5bb, 0xb5bb, 0xb5bb, 0xb5bb, 0xb5bb, 0xb5bb, 0xb5bb, 0xb5bb, 0xb5bb, 0xb5bb,
0xb5bb, 0xb5bb, 0xb5bb, 0xb5bb, 0xb5bb, 0xb5bb, 0xb5bb, 0xb5bb, 0xb5bb, 0xb5bb,
0xb5bb, 0xb5bb, 0xb5bb, 0xb5bb, 0xb5bb, 0xb5bb, 0xb5bb, 0xb5bb, 0xb5bb, 0xb5bb,
0xb5bb, 0xb5bb, 0xb5bb, 0xb5bb, 0xb5bb, 0xb5bb, 0xb5bb, 0xb5bb, 0xb5bb, 0xb5bb,
0xb5bb, 0xb5bb, 0xb5bb, 0xb5bb, 0xb5bb, 0xb5bb, 0xb5bb, 0xa538, 0x6b70, 0x528d,
0x5b11, 0x73f6, 0xad7a, 0xd69d, 0xb5ba, 0x4a52, 0x290c, 0x296c, 0x4231, 0x29ad,
0x2149, 0x39e9, 0x424a, 0x4a4b, 0x4a4b, 0x4a4b, 0x4a4b, 0x4a4b, 0x4a4b, 0x4a4b,
0x4a4b, 0x4a4b, 0x4a4b, 0x4a4b, 0x4a4b, 0x4a4b, 0x4a4b, 0x4a4b, 0x4a4b, 0x4a4b,
0x4a4b, 0x4a4b, 0x4a4b, 0x4a4b, 0x4a4b, 0x4a4b, 
0x420a, 0x420a, 0x420a, 0x422a, 0x0000, 0xb5bb, 0xb5bb, 0xb5bb, 0xb5bb, 0xb5bb,
0xb5bb, 0xb5bb, 0xb5bb, 0xb5bb, 0xb5bb, 0xb5bb, 0xb5bb, 0xb5bb, 0xb5bb, 0xb5bb,
0xb5bb, 0xb5bb, 0xb5bb, 0xb5bb, 0xb5bb, 0xb5bb, 0xb5bb, 0xb5bb, 0xb5bb, 0xb5bb,
0xb5bb, 0xb5bb, 0xb5bb, 0xb5bb, 0xb5bb, 0xb5bb, 0x0000, 0x73b4, 0x4a6c, 0x422a,
0xb5bb, 0xb5bb, 0xb5bb, 0xb5bb, 0xb5bb, 0xb5bb, 0xb5bb, 0xb5bb, 0xb5bb, 0xb5bb,
0xb5bb, 0xb5bb, 0xb5bb, 0xb5bb, 0xb5bb, 0xb5bb, 0xb5bb, 0xb5bb, 0xb5bb, 0xb5bb,
0xb5bb, 0xb5bb, 0xb5bb, 0xb5bb, 0xb5bb, 0xb5bb, 0xb5bb, 0xb5bb, 0xb5bb, 0xb5bb,
0xb5bb, 0xb5bb, 0xb5bb, 0xb5bb, 0xb5bb, 0xb5bb, 0xb5bb, 0xb5bb, 0xb5bb, 0xb5bb,
0xb5bb, 0xb5bb, 0xb5bb, 0xb5bb, 0xb5bb, 0xb5bb, 0xb5bb, 0xb5bb, 0xb5bb, 0xb5bb,
0xb5bb, 0xb5bb, 0xb5bb, 0xb5bb, 0xb5bb, 0xb5bb, 0xb5bb, 0xb5bb, 0xb5bb, 0xb5bb,
0xb5bb, 0xb5bb, 0xb5bb, 0xb5bb, 0xb5bb, 0xb5bb, 0xb5bb, 0xb5bb, 0xb5bb, 0xb5bb,
0xb5bb, 0xb5bb, 0xb5bb, 0xb5bb, 0xb5bb, 0xb5bb, 0xb5bb, 0xb5bb, 0xb5bb, 0xb5bb,
0xb5bb, 0xb5bb, 0xb5bb, 0xb5bb, 0xb5bb, 0xb5bb, 0xb5bb, 0xb5bb, 0xb5bb, 0xb5bb,
0xb5bb, 0xb5bb, 0xb5bb, 0xb5bb, 0xb5bb, 0xb5bb, 0xb59b, 0x8c75, 0x5aee, 0x52ae,
0x5b32, 0x8457, 0xb5db, 0xd6bd, 0xb5ba, 0x4a52, 0x290c, 0x296c, 0x4211, 0x29ad,
0x2149, 0x39e9, 0x424a, 0x4a4b, 0x4a4b, 0x4a4b, 0x4a4b, 0x4a4b, 0x4a4b, 0x4a4b,
0x4a4b, 0x4a4b, 0x4a4b, 0x4a4b, 0x4a4b, 0x4a4b, 0x4a4b, 0x4a4b, 0x4a4b, 0x4a4b,
0x4a4b, 0x4a4b, 0x4a4b, 0x4a4b, 0x4a4b, 0x4a4b, 
0x424b, 0x422a, 0x420a, 0x420a, 0x0000, 0xb5bb, 0xb5bb, 0xb5bb, 0xb5bb, 0xb5bb,
0xb5bb, 0xb5bb, 0xb5bb, 0xb5bb, 0xb5bb, 0xb5bb, 0xb5bb, 0xb5bb, 0xb5bb, 0xb5bb,
0xb5bb, 0xb5bb, 0xb5bb, 0xb5bb, 0xb5bb, 0xb5bb, 0xb5bb, 0xb5bb, 0xb5bb, 0xb5bb,
0xb5bb, 0xb5bb, 0xb5bb, 0xb5bb, 0xb5bb, 0xb5bb, 0x0000, 0x73d3, 0x52ac, 0x528d,
0xb5bb, 0xb5bb, 0xb5bb, 0xb5bb, 0xb5bb, 0xb5bb, 0xb5bb, 0xb5bb, 0xb5bb, 0xb5bb,
0xb5bb, 0xb5bb, 0xb5bb, 0xb5bb, 0xb5bb, 0xb5bb, 0xb5bb, 0xb5bb, 0xb5bb, 0xb5bb,
0xb5bb, 0xb5bb, 0xb5bb, 0xb5bb, 0xb5bb, 0xb5bb, 0xb5bb, 0xb5bb, 0xb5bb, 0xb5bb,
0xb5bb, 0xb5bb, 0xb5bb, 0xb5bb, 0xb5bb, 0xb5bb, 0xb5bb, 0xb5bb, 0xb5bb, 0xb5bb,
0xb5bb, 0xb5bb, 0xb5bb, 0xb5bb, 0xb5bb, 0xb5bb, 0xb5bb, 0xb5bb, 0xb5bb, 0xb5bb,
0xb5bb, 0xb5bb, 0xb5bb, 0xb5bb, 0xb5bb, 0xb5bb, 0xb5bb, 0xb5bb, 0xb5bb, 0xb5bb,
0xb5bb, 0xb5bb, 0xb5bb, 0xb5bb, 0xb5bb, 0xb5bb, 0xb5bb, 0xb5bb, 0xb5bb, 0xb5bb,
0xb5bb, 0xb5bb, 0xb5bb, 0xb5bb, 0xb5bb, 0xb5bb, 0xb5bb, 0xb5bb, 0xb5bb, 0xb5bb,
0xb5bb, 0xb5bb, 0xb5bb, 0xb5bb, 0xb5bb, 0xb5bb, 0xb5bb, 0xb5bb, 0xb5bb, 0xb5bb,
0xb5bb, 0xb5bb, 0xb5bb, 0xb5bb, 0xb5bb, 0xb5bb, 0xad5a, 0x73b1, 0x52ad, 0x52af,
0x6353, 0x9498, 0xbdfc, 0xdedd, 0xb5ba, 0x4a52, 0x290c, 0x296c, 0x4211, 0x29ad,
0x2149, 0x39e9, 0x424a, 0x4a4b, 0x4a4b, 0x4a4b, 0x4a4b, 0x4a4b, 0x4a4b, 0x4a4b,
0x4a4b, 0x4a4b, 0x4a4b, 0x4a4b, 0x4a4b, 0x4a4b, 0x4a4b, 0x4a4b, 0x4a4b, 0x4a4b,
0x4a4b, 0x4a4b, 0x4a4b, 0x4a4b, 0x4a4b, 0x4a4b, 
0x4a8c, 0x4a6b, 0x424a, 0x422a, 0x0000, 0xb5bb, 0xb5bb, 0xb5bb, 0xb5bb, 0xb5bb,
0xb5bb, 0xb5bb, 0xb5bb, 0xb5bb, 0xb5bb, 0xb5bb, 0xb5bb, 0xb5bb, 0xb5bb, 0xb5bb,
0xb5bb, 0xb5bb, 0xb5bb, 0xb5bb, 0xb5bb, 0xb5bb, 0xb5bb, 0xb5bb, 0xb5bb, 0xb5bb,
0xb5bb, 0xb5bb, 0xb5bb, 0xb5bb, 0xb5bb, 0xb5bb, 0x0000, 0x7bf3, 0x5acd, 0x5aef,
0xb5bb, 0xb5bb, 0xb5bb, 0xb5bb, 0xb5bb, 0xb5bb, 0xb5bb, 0xb5bb, 0xb5bb, 0xb5bb,
0xb5bb, 0xb5bb, 0xb5bb, 0xb5bb, 0xb5bb, 0xb5bb, 0xb5bb, 0xb5bb, 0xb5bb, 0xb5bb,
0xb5bb, 0xb5bb, 0xb5bb, 0xb5bb, 0xb5bb, 0xb5bb, 0xb5bb, 0xb5bb, 0xb5bb, 0xb5bb,
0xb5bb, 0xb5bb, 0xb5bb, 0xb5bb, 0xb5bb, 0xb5bb, 0xb5bb, 0xb5bb, 0xb5bb, 0xb5bb,
0xb5bb, 0xb5bb, 0xb5bb, 0xb5bb, 0xb5bb, 0xb5bb, 0xb5bb, 0xb5bb, 0xb5bb, 0xb5bb,
0xb5bb, 0xb5bb, 0xb5bb, 0xb5bb, 0xb5bb, 0xb5bb, 0xb5bb, 0xb5bb, 0xb5bb, 0xb5bb,
0xb5bb, 0xb5bb, 0xb5bb, 0xb5bb, 0xb5bb, 0xb5bb, 0xb5bb, 0xb5bb, 0xb5bb, 0xb5bb,
0xb5bb, 0xb5bb, 0xb5bb, 0xb5bb, 0xb5bb, 0xb5bb, 0xb5bb, 0xb5bb, 0xb5bb, 0xb5bb,
0xb5bb, 0xb5bb, 0xb5bb, 0xb5bb, 0xb5bb, 0xb5bb, 0xb5bb, 0xb5bb, 0xb5bb, 0xb5bb,
0xb5bb, 0xb5bb, 0xb5bb, 0xb5bb, 0xb5bb, 0xb5bb, 0x9cf8, 0x52ad, 0x4a6c, 0x4ab0,
0x6bb4, 0x9cf8, 0xc61c, 0xdedd, 0xb5ba, 0x4a52, 0x290c, 0x296c, 0x4211, 0x29ad,
0x2149, 0x39e9, 0x424a, 0x4a4b, 0x4a4b, 0x4a4b, 0x4a4b, 0x4a4b, 0x4a4b, 0x4a4b,
0x4a4b, 0x4a4b, 0x4a4b, 0x4a4b, 0x4a4b, 0x4a4b, 0x4a4b, 0x4a4b, 0x4a4b, 0x4a4b,
0x4a4b, 0x4a4b, 0x4a4b, 0x4a4b, 0x4a4b, 0x4a4b, 
0x528c, 0x528c, 0x528c, 0x4a6b, 0x0000, 0xb5bb, 0xb5bb, 0xb5bb, 0xb5bb, 0xb5bb,
0xb5bb, 0xb5bb, 0xb5bb, 0xb5bb, 0xb5bb, 0xb5bb, 0xb5bb, 0xb5bb, 0xb5bb, 0xb5bb,
0xb5bb, 0xb5bb, 0xb5bb, 0xb5bb, 0xb5bb, 0xb5bb, 0xb5bb, 0xb5bb, 0xb5bb, 0xb5bb,
0xb5bb, 0xb5bb, 0xb5bb, 0xb5bb, 0xb5bb, 0xb5bb, 0x0000, 0x73d3, 0x5acd, 0x630f,
0xb5bb, 0xb5bb, 0xb5bb, 0xb5bb, 0xb5bb, 0xb5bb, 0xb5bb, 0xb5bb, 0xb5bb, 0xb5bb,
0xb5bb, 0xb5bb, 0xb5bb, 0xb5bb, 0xb5bb, 0xb5bb, 0xb5bb, 0xb5bb, 0xb5bb, 0xb5bb,
0xb5bb, 0xb5bb, 0xb5bb, 0xb5bb, 0xb5bb, 0xb5bb, 0xb5bb, 0xb5bb, 0xb5bb, 0xb5bb,
0xb5bb, 0xb5bb, 0xb5bb, 0xb5bb, 0xb5bb, 0xb5bb, 0xb5bb, 0xb5bb, 0xb5bb, 0xb5bb,
0xb5bb, 0xb5bb, 0xb5bb, 0xb5bb, 0xb5bb, 0xb5bb, 0xb5bb, 0xb5bb, 0xb5bb, 0xb5bb,
0xb5bb, 0xb5bb, 0xb5bb, 0xb5bb, 0xb5bb, 0xb5bb, 0xb5bb, 0xb5bb, 0xb5bb, 0xb5bb,
0xb5bb, 0xb5bb, 0xb5bb, 0xb5bb, 0xb5bb, 0xb5bb, 0xb5bb, 0xb5bb, 0xb5bb, 0xb5bb,
0xb5bb, 0xb5bb, 0xb5bb, 0xb5bb, 0xb5bb, 0xb5bb, 0xb5bb, 0xb5bb, 0xb5bb, 0xb5bb,
0xb5bb, 0xb5bb, 0xb5bb, 0xb5bb, 0xb5bb, 0xb5bb, 0xb5bb, 0xb5bb, 0xb5bb, 0xb5bb,
0xb5bb, 0xb5bb, 0xb5bb, 0xb5bb, 0xb5bb, 0xb5bb, 0x6b90, 0x3a0a, 0x424d, 0x52d1,
0x7bf5, 0xa519, 0xc61c, 0xdedd, 0xb5ba, 0x4a52, 0x290c, 0x296c, 0x4211, 0x29ad,
0x2149, 0x39e9, 0x424a, 0x4a4b, 0x4a4b, 0x4a4b, 0x4a4b, 0x4a4b, 0x4a4b, 0x4a4b,
0x4a4b, 0x4a4b, 0x4a4b, 0x4a4b, 0x4a4b, 0x4a4b, 0x4a4b, 0x4a4b, 0x4a4b, 0x4a4b,
0x4a4b, 0x4a4b, 0x4a4b, 0x4a4b, 0x4a4b, 0x4a4b, 
0x4a8c, 0x528c, 0x528c, 0x528c, 0x0000, 0xb5bb, 0xb5bb, 0xb5bb, 0xb5bb, 0xb5bb,
0xb5bb, 0xb5bb, 0xb5bb, 0xb5bb, 0xb5bb, 0xb5bb, 0xb5bb, 0xb5bb, 0xb5bb, 0xb5bb,
0xb5bb, 0xb5bb, 0xb5bb, 0xb5bb, 0xb5bb, 0xb5bb, 0xb5bb, 0xb5bb, 0xb5bb, 0xb5bb,
0xb5bb, 0xb5bb, 0xb5bb, 0xb5bb, 0xb5bb, 0xb5bb, 0x0000, 0x6b70, 0x528c, 0x6b50,
0xb5bb, 0xb5bb, 0xb5bb, 0xb5bb, 0xb5bb, 0xb5bb, 0xb5bb, 0xb5bb, 0xb5bb, 0xb5bb,
0xb5bb, 0xb5bb, 0xb5bb, 0xb5bb, 0xb5bb, 0xb5bb, 0xb5bb, 0xb5bb, 0xb5bb, 0xb5bb,
0xb5bb, 0xb5bb, 0xb5bb, 0xb5bb, 0xb5bb, 0xb5bb, 0xb5bb, 0xb5bb, 0xb5bb, 0xb5bb,
0xb5bb, 0xb5bb, 0xb5bb, 0xb5bb, 0xb5bb, 0xb5bb, 0xb5bb, 0xb5bb, 0xb5bb, 0xb5bb,
0xb5bb, 0xb5bb, 0xb5bb, 0xb5bb, 0xb5bb, 0xb5bb, 0xb5bb, 0xb5bb, 0xb5bb, 0xb5bb,
0xb5bb, 0xb5bb, 0xb5bb, 0xb5bb, 0xb5bb, 0xb5bb, 0xb5bb, 0xb5bb, 0xb5bb, 0xb5bb,
0xb5bb, 0xb5bb, 0xb5bb, 0xb5bb, 0xb5bb, 0xb5bb, 0xb5bb, 0xb5bb, 0xb5bb, 0xb5bb,
0xb5bb, 0xb5bb, 0xb5bb, 0xb5bb, 0xb5bb, 0xb5bb, 0xb5bb, 0xb5bb, 0xb5bb, 0xb5bb,
0xb5bb, 0xb5bb, 0xb5bb, 0xb5bb, 0xb5bb, 0xb5bb, 0xb5bb, 0xb5bb, 0xb5bb, 0xb5bb,
0xb5bb, 0xb5bb, 0xb5bb, 0xb5bb, 0xb5bb, 0xb5bb, 0x5aed, 0x3a2b, 0x422f, 0x5af3,
0x7c16, 0xa519, 0xbdfc, 0xce9d, 0xb5b9, 0x4a52, 0x290c, 0x296c, 0x4211, 0x29ad,
0x2149, 0x39e9, 0x424a, 0x4a4b, 0x4a4b, 0x4a4b, 0x4a4b, 0x4a4b, 0x4a4b, 0x4a4b,
0x4a4b, 0x4a4b, 0x4a4b, 0x4a4b, 0x4a4b, 0x4a4b, 0x4a4b, 0x4a4b, 0x4a4b, 0x4a4b,
0x4a4b, 0x4a4b, 0x4a4b, 0x4a4b, 0x4a4b, 0x4a4b, 
0x4a8c, 0x4a8b, 0x4a8b, 0x528c, 0x0000, 0xb5bb, 0xb5bb, 0xb5bb, 0xb5bb, 0xb5bb,
0xb5bb, 0xb5bb, 0xb5bb, 0xb5bb, 0xb5bb, 0xb5bb, 0xb5bb, 0xb5bb, 0xb5bb, 0xb5bb,
0xb5bb, 0xb5bb, 0xb5bb, 0xb5bb, 0xb5bb, 0xb5bb, 0xb5bb, 0xb5bb, 0xb5bb, 0xb5bb,
0xb5bb, 0xb5bb, 0xb5bb, 0xb5bb, 0xb5bb, 0xb5bb, 0x0000, 0x7c13, 0x52ad, 0x632f,
0xb5bb, 0xb5bb, 0xb5bb, 0xb5bb, 0xb5bb, 0xb5bb, 0xb5bb, 0xb5bb, 0xb5bb, 0xb5bb,
0xb5bb, 0xb5bb, 0xb5bb, 0xb5bb, 0xb5bb, 0xb5bb, 0xb5bb, 0xb5bb, 0xb5bb, 0xb5bb,
0xb5bb, 0xb5bb, 0xb5bb, 0xb5bb, 0xb5bb, 0xb5bb, 0xb5bb, 0xb5bb, 0xb5bb, 0xb5bb,
0xb5bb, 0xb5bb, 0xb5bb, 0xb5bb, 0xb5bb, 0xb5bb, 0xb5bb, 0xb5bb, 0xb5bb, 0xb5bb,
0xb5bb, 0xb5bb, 0xb5bb, 0xb5bb, 0xb5bb, 0xb5bb, 0xb5bb, 0xb5bb, 0xb5bb, 0xb5bb,
0xb5bb, 0xb5bb, 0xb5bb, 0xb5bb, 0xb5bb, 0xb5bb, 0xb5bb, 0xb5bb, 0xb5bb, 0xb5bb,
0xb5bb, 0xb5bb, 0xb5bb, 0xb5bb, 0xb5bb, 0xb5bb, 0xb5bb, 0xb5bb, 0xb5bb, 0xb5bb,
0xb5bb, 0xb5bb, 0xb5bb, 0xb5bb, 0xb5bb, 0xb5bb, 0xb5bb, 0xb5bb, 0xb5bb, 0xb5bb,
0xb5bb, 0xb5bb, 0xb5bb, 0xb5bb, 0xb5bb, 0xb5bb, 0xb5bb, 0xb5bb, 0xb5bb, 0xb5bb,
0xb5bb, 0xb5bb, 0xb5bb, 0xb5bb, 0xb5bb, 0xb5bb, 0x5b0e, 0x3a0b, 0x4a6f, 0x5b13,
0x7bf7, 0x94b9, 0xb5bb, 0xc65c, 0xad79, 0x4a31, 0x290c, 0x296c, 0x4211, 0x29ad,
0x2149, 0x39e9, 0x424a, 0x4a4b, 0x4a4b, 0x4a4b, 0x4a4b, 0x4a4b, 0x4a4b, 0x4a4b,
0x4a4b, 0x4a4b, 0x4a4b, 0x4a4b, 0x4a4b, 0x4a4b, 0x4a4b, 0x4a4b, 0x4a4b, 0x4a4b,
0x4a4b, 0x4a4b, 0x4a4b, 0x4a4b, 0x4a4b, 0x424a, 
0x4a8c, 0x4a8c, 0x4a8c, 0x4a8c, 0x0000, 0xb5bb, 0xb5bb, 0xb5bb, 0xb5bb, 0xb5bb,
0xb5bb, 0xb5bb, 0xb5bb, 0xb5bb, 0xb5bb, 0xb5bb, 0xb5bb, 0xb5bb, 0xb5bb, 0xb5bb,
0xb5bb, 0xb5bb, 0xb5bb, 0xb5bb, 0xb5bb, 0xb5bb, 0xb5bb, 0xb5bb, 0xb5bb, 0xb5bb,
0xb5bb, 0xb5bb, 0xb5bb, 0xb5bb, 0xb5bb, 0xb5bb, 0x0000, 0x8435, 0x5b0e, 0x5aef,
0xb5bb, 0xb5bb, 0xb5bb, 0xb5bb, 0xb5bb, 0xb5bb, 0xb5bb, 0xb5bb, 0xb5bb, 0xb5bb,
0xb5bb, 0xb5bb, 0xb5bb, 0xb5bb, 0xb5bb, 0xb5bb, 0xb5bb, 0xb5bb, 0xb5bb, 0xb5bb,
0xb5bb, 0xb5bb, 0xb5bb, 0xb5bb, 0xb5bb, 0xb5bb, 0xb5bb, 0xb5bb, 0xb5bb, 0xb5bb,
0xb5bb, 0xb5bb, 0xb5bb, 0xb5bb, 0xb5bb, 0xb5bb, 0xb5bb, 0xb5bb, 0xb5bb, 0xb5bb,
0xb5bb, 0xb5bb, 0xb5bb, 0xb5bb, 0xb5bb, 0xb5bb, 0xb5bb, 0xb5bb, 0xb5bb, 0xb5bb,
0xb5bb, 0xb5bb, 0xb5bb, 0xb5bb, 0xb5bb, 0xb5bb, 0xb5bb, 0xb5bb, 0xb5bb, 0xb5bb,
0xb5bb, 0xb5bb, 0xb5bb, 0xb5bb, 0xb5bb, 0xb5bb, 0xb5bb, 0xb5bb, 0xb5bb, 0xb5bb,
0xb5bb, 0xb5bb, 0xb5bb, 0xb5bb, 0xb5bb, 0xb5bb, 0xb5bb, 0xb5bb, 0xb5bb, 0xb5bb,
0xb5bb, 0xb5bb, 0xb5bb, 0xb5bb, 0xb5bb, 0xb5bb, 0xb5bb, 0xb5bb, 0xb5bb, 0xb5bb,
0xb5bb, 0xb5bb, 0xb5bb, 0xb5bb, 0xb5bb, 0xb5bb, 0x73b0, 0x39ea, 0x4a4d, 0x52d0,
0x6bb4, 0x9498, 0xad5a, 0xbdfc, 0xa559, 0x5231, 0x290c, 0x296c, 0x4211, 0x29ad,
0x2149, 0x39e9, 0x424a, 0x4a4b, 0x4a4b, 0x4a4b, 0x4a4b, 0x4a4b, 0x4a4b, 0x4a4b,
0x4a4b, 0x4a4b, 0x4a4b, 0x4a4b, 0x4a4b, 0x4a4b, 0x4a4b, 0x4a4b, 0x4a4b, 0x4a4b,
0x4a4b, 0x4a4b, 0x4a4b, 0x4a4b, 0x424b, 0x424a, 
0x528c, 0x528c, 0x4a8c, 0x4a8c, 0x0000, 0xb5bb, 0xb5bb, 0xb5bb, 0xb5bb, 0xb5bb,
0xb5bb, 0xb5bb, 0xb5bb, 0xb5bb, 0xb5bb, 0xb5bb, 0xb5bb, 0xb5bb, 0xb5bb, 0xb5bb,
0xb5bb, 0xb5bb, 0xb5bb, 0xb5bb, 0xb5bb, 0xb5bb, 0xb5bb, 0xb5bb, 0xb5bb, 0xb5bb,
0xb5bb, 0xb5bb, 0xb5bb, 0xb5bb, 0xb5bb, 0xb5bb, 0x0000, 0x8476, 0x632f, 0x4a6c,
0xb5bb, 0xb5bb, 0xb5bb, 0xb5bb, 0xb5bb, 0xb5bb, 0xb5bb, 0xb5bb, 0xb5bb, 0xb5bb,
0xb5bb, 0xb5bb, 0xb5bb, 0xb5bb, 0xb5bb, 0xb5bb, 0xb5bb, 0xb5bb, 0xb5bb, 0xb5bb,
0xb5bb, 0xb5bb, 0xb5bb, 0xb5bb, 0xb5bb, 0xb5bb, 0xb5bb, 0xb5bb, 0xb5bb, 0xb5bb,
0xb5bb, 0xb5bb, 0xb5bb, 0xb5bb, 0xb5bb, 0xb5bb, 0xb5bb, 0xb5bb, 0xb5bb, 0xb5bb,
0xb5bb, 0xb5bb, 0xb5bb, 0xb5bb, 0xb5bb, 0xb5bb, 0xb5bb, 0xb5bb, 0xb5bb, 0xb5bb,
0xb5bb, 0xb5bb, 0xb5bb, 0xb5bb, 0xb5bb, 0xb5bb, 0xb5bb, 0xb5bb, 0xb5bb, 0xb5bb,
0xb5bb, 0xb5bb, 0xb5bb, 0xb5bb, 0xb5bb, 0xb5bb, 0xb5bb, 0xb5bb, 0xb5bb, 0xb5bb,
0xb5bb, 0xb5bb, 0xb5bb, 0xb5bb, 0xb5bb, 0xb5bb, 0xb5bb, 0xb5bb, 0xb5bb, 0xb5bb,
0xb5bb, 0xb5bb, 0xb5bb, 0xb5bb, 0xb5bb, 0xb5bb, 0xb5bb, 0xb5bb, 0xb5bb, 0xb5bb,
0xb5bb, 0xb5bb, 0xb5bb, 0xb5bb, 0xb5bb, 0xb5bb, 0x8c55, 0x39ca, 0x422c, 0x5b11,
0x6bb5, 0x8437, 0x9cf9, 0xb5bb, 0xa518, 0x5231, 0x290c, 0x296c, 0x4211, 0x29ad,
0x2149, 0x39e9, 0x424a, 0x4a4b, 0x4a4b, 0x4a4b, 0x4a4b, 0x4a4b, 0x4a4b, 0x4a4b,
0x4a4b, 0x4a4b, 0x4a4b, 0x4a4b, 0x4a4b, 0x4a4b, 0x4a4b, 0x4a4b, 0x4a4b, 0x4a4b,
0x4a4b, 0x4a4b, 0x424b, 0x424b, 0x424a, 0x424b, 
0x528c, 0x528c, 0x4a8c, 0x4a8c, 0x0000, 0xb5bb, 0xb5bb, 0xb5bb, 0xb5bb, 0xb5bb,
0xb5bb, 0xb5bb, 0xb5bb, 0xb5bb, 0xb5bb, 0xb5bb, 0xb5bb, 0xb5bb, 0xb5bb, 0xb5bb,
0xb5bb, 0xb5bb, 0xb5bb, 0xb5bb, 0xb5bb, 0xb5bb, 0xb5bb, 0xb5bb, 0xb5bb, 0xb5bb,
0xb5bb, 0xb5bb, 0xb5bb, 0xb5bb, 0xb5bb, 0xb5bb, 0x0000, 0x73d5, 0x7bf2, 0x4a8c,
0xb5bb, 0xb5bb, 0xb5bb, 0xb5bb, 0xb5bb, 0xb5bb, 0xb5bb, 0xb5bb, 0xb5bb, 0xb5bb,
0xb5bb, 0xb5bb, 0xb5bb, 0xb5bb, 0xb5bb, 0xb5bb, 0xb5bb, 0xb5bb, 0xb5bb, 0xb5bb,
0xb5bb, 0xb5bb, 0xb5bb, 0xb5bb, 0xb5bb, 0xb5bb, 0xb5bb, 0xb5bb, 0xb5bb, 0xb5bb,
0xb5bb, 0xb5bb, 0xb5bb, 0xb5bb, 0xb5bb, 0xb5bb, 0xb5bb, 0xb5bb, 0xb5bb, 0xb5bb,
0xb5bb, 0xb5bb, 0xb5bb, 0xb5bb, 0xb5bb, 0xb5bb, 0xb5bb, 0xb5bb, 0xb5bb, 0xb5bb,
0xb5bb, 0xb5bb, 0xb5bb, 0xb5bb, 0xb5bb, 0xb5bb, 0xb5bb, 0xb5bb, 0xb5bb, 0xb5bb,
0xb5bb, 0xb5bb, 0xb5bb, 0xb5bb, 0xb5bb, 0xb5bb, 0xb5bb, 0xb5bb, 0xb5bb, 0xb5bb,
0xb5bb, 0xb5bb, 0xb5bb, 0xb5bb, 0xb5bb, 0xb5bb, 0xb5bb, 0xb5bb, 0xb5bb, 0xb5bb,
0xb5bb, 0xb5bb, 0xb5bb, 0xb5bb, 0xb5bb, 0xb5bb, 0xb5bb, 0xb5bb, 0xb5bb, 0xb5bb,
0xb5bb, 0xb5bb, 0xb5bb, 0xb5bb, 0xb5bb, 0xb5bb, 0x52ad, 0x39eb, 0x4a6f, 0x52b2,
0x6334, 0x7bd7, 0x94b9, 0xb59b, 0x9cf8, 0x5231, 0x290c, 0x296c, 0x4211, 0x29ad,
0x2149, 0x39e9, 0x424a, 0x4a4b, 0x4a4b, 0x4a4b, 0x4a4b, 0x4a4b, 0x4a4b, 0x4a4b,
0x4a4b, 0x4a4b, 0x4a4b, 0x4a4b, 0x4a4b, 0x4a4b, 0x4a4b, 0x4a4b, 0x4a4b, 0x4a4b,
0x4a4b, 0x424b, 0x424b, 0x422a, 0x424b, 0x4a6b, 
0x528c, 0x528c, 0x4a8c, 0x4a8c, 0x0000, 0xb5bb, 0xb5bb, 0xb5bb, 0xb5bb, 0xb5bb,
0xb5bb, 0xb5bb, 0xb5bb, 0xb5bb, 0xb5bb, 0xb5bb, 0xb5bb, 0xb5bb, 0xb5bb, 0xb5bb,
0xb5bb, 0xb5bb, 0xb5bb, 0xb5bb, 0xb5bb, 0xb5bb, 0xb5bb, 0xb5bb, 0xb5bb, 0xb5bb,
0xb5bb, 0xb5bb, 0xb5bb, 0xb5bb, 0xb5bb, 0xb5bb, 0x0000, 0x5b74, 0x73f3, 0x4a4b,
0xb5bb, 0xb5bb, 0xb5bb, 0xb5bb, 0xb5bb, 0xb5bb, 0xb5bb, 0xb5bb, 0xb5bb, 0xb5bb,
0xb5bb, 0xb5bb, 0xb5bb, 0xb5bb, 0xb5bb, 0xb5bb, 0xb5bb, 0xb5bb, 0xb5bb, 0xb5bb,
0xb5bb, 0xb5bb, 0xb5bb, 0xb5bb, 0xb5bb, 0xb5bb, 0xb5bb, 0xb5bb, 0xb5bb, 0xb5bb,
0xb5bb, 0xb5bb, 0xb5bb, 0xb5bb, 0xb5bb, 0xb5bb, 0xb5bb, 0xb5bb, 0xb5bb, 0xb5bb,
0xb5bb, 0xb5bb, 0xb5bb, 0xb5bb, 0xb5bb, 0xb5bb, 0xb5bb, 0xb5bb, 0xb5bb, 0xb5bb,
0xb5bb, 0xb5bb, 0xb5bb, 0xb5bb, 0xb5bb, 0xb5bb, 0xb5bb, 0xb5bb, 0xb5bb, 0xb5bb,
0xb5bb, 0xb5bb, 0xb5bb, 0xb5bb, 0xb5bb, 0xb5bb, 0xb5bb, 0xb5bb, 0xb5bb, 0xb5bb,
0xb5bb, 0xb5bb, 0xb5bb, 0xb5bb, 0xb5bb, 0xb5bb, 0xb5bb, 0xb5bb, 0xb5bb, 0xb5bb,
0xb5bb, 0xb5bb, 0xb5bb, 0xb5bb, 0xb5bb, 0xb5bb, 0xb5bb, 0xb5bb, 0xb5bb, 0xb5bb,
0xb5bb, 0xb5bb, 0xb5bb, 0xb5bb, 0xb5bb, 0xb5bb, 0x4aad, 0x31ed, 0x3a2f, 0x4a71,
0x5af3, 0x73b5, 0x9498, 0xad7a, 0x9cf8, 0x4a31, 0x290c, 0x296c, 0x4211, 0x29ad,
0x2149, 0x39e9, 0x424a, 0x4a4b, 0x4a4b, 0x4a4b, 0x4a4b, 0x4a4b, 0x4a4b, 0x4a4b,
0x4a4b, 0x4a4b, 0x4a4b, 0x4a4b, 0x4a4b, 0x4a4b, 0x4a4b, 0x4a4b, 0x4a4b, 0x4a4b,
0x4a4b, 0x424b, 0x422a, 0x424b, 0x4a6b, 0x528c, 
0x4a8b, 0x4a8c, 0x4a8c, 0x4a8c, 0x0000, 0xb5bb, 0xb5bb, 0xb5bb, 0xb5bb, 0xb5bb,
0xb5bb, 0xb5bb, 0xb5bb, 0xb5bb, 0xb5bb, 0xb5bb, 0xb5bb, 0xb5bb, 0xb5bb, 0xb5bb,
0xb5bb, 0xb5bb, 0xb5bb, 0xb5bb, 0xb5bb, 0xb5bb, 0xb5bb, 0xb5bb, 0xb5bb, 0xb5bb,
0xb5bb, 0xb5bb, 0xb5bb, 0xb5bb, 0xb5bb, 0xb5bb, 0x0000, 0x5b32, 0x5aef, 0x39e9,
0xb5bb, 0xb5bb, 0xb5bb, 0xb5bb, 0xb5bb, 0xb5bb, 0xb5bb, 0xb5bb, 0xb5bb, 0xb5bb,
0xb5bb, 0xb5bb, 0xb5bb, 0xb5bb, 0xb5bb, 0xb5bb, 0xb5bb, 0xb5bb, 0xb5bb, 0xb5bb,
0xb5bb, 0xb5bb, 0xb5bb, 0xb5bb, 0xb5bb, 0xb5bb, 0xb5bb, 0xb5bb, 0xb5bb, 0xb5bb,
0xb5bb, 0xb5bb, 0xb5bb, 0xb5bb, 0xb5bb, 0xb5bb, 0xb5bb, 0xb5bb, 0xb5bb, 0xb5bb,
0xb5bb, 0xb5bb, 0xb5bb, 0xb5bb, 0xb5bb, 0xb5bb, 0xb5bb, 0xb5bb, 0xb5bb, 0xb5bb,
0xb5bb, 0xb5bb, 0xb5bb, 0xb5bb, 0xb5bb, 0xb5bb, 0xb5bb, 0xb5bb, 0xb5bb, 0xb5bb,
0xb5bb, 0xb5bb, 0xb5bb, 0xb5bb, 0xb5bb, 0xb5bb, 0xb5bb, 0xb5bb, 0xb5bb, 0xb5bb,
0xb5bb, 0xb5bb, 0xb5bb, 0xb5bb, 0xb5bb, 0xb5bb, 0xb5bb, 0xb5bb, 0xb5bb, 0xb5bb,
0xb5bb, 0xb5bb, 0xb5bb, 0xb5bb, 0xb5bb, 0xb5bb, 0xb5bb, 0xb5bb, 0xb5bb, 0xb5bb,
0xb5bb, 0xb5bb, 0xb5bb, 0xb5bb, 0xb5bb, 0xb5bb, 0x4a6c, 0x31cc, 0x31ee, 0x4250,
0x5af3, 0x6b75, 0x8c57, 0xa55a, 0x94b8, 0x4a31, 0x290c, 0x296c, 0x4211, 0x29ad,
0x2149, 0x39e9, 0x424a, 0x4a4b, 0x4a4b, 0x4a4b, 0x4a4b, 0x4a4b, 0x4a4b, 0x4a4b,
0x4a4b, 0x4a4b, 0x4a4b, 0x4a4b, 0x4a4b, 0x4a4b, 0x4a4b, 0x4a4b, 0x4a4b, 0x4a4b,
0x424a, 0x422a, 0x424b, 0x4a8c, 0x528c, 0x528c, 
0x422a, 0x426a, 0x4a6b, 0x4a8b, 0x0000, 0xb5bb, 0xb5bb, 0xb5bb, 0xb5bb, 0xb5bb,
0xb5bb, 0xb5bb, 0xb5bb, 0xb5bb, 0xb5bb, 0xb5bb, 0xb5bb, 0xb5bb, 0xb5bb, 0xb5bb,
0xb5bb, 0xb5bb, 0xb5bb, 0xb5bb, 0xb5bb, 0xb5bb, 0xb5bb, 0xb5bb, 0xb5bb, 0xb5bb,
0xb5bb, 0xb5bb, 0xb5bb, 0xb5bb, 0xb5bb, 0xb5bb, 0x0000, 0x5af0, 0x422a, 0x420a,
0xb5bb, 0xb5bb, 0xb5bb, 0xb5bb, 0xb5bb, 0xb5bb, 0xb5bb, 0xb5bb, 0xb5bb, 0xb5bb,
0xb5bb, 0xb5bb, 0xb5bb, 0xb5bb, 0xb5bb, 0xb5bb, 0xb5bb, 0xb5bb, 0xb5bb, 0xb5bb,
0xb5bb, 0xb5bb, 0xb5bb, 0xb5bb, 0xb5bb, 0xb5bb, 0xb5bb, 0xb5bb, 0xb5bb, 0xb5bb,
0xb5bb, 0xb5bb, 0xb5bb, 0xb5bb, 0xb5bb, 0xb5bb, 0xb5bb, 0xb5bb, 0xb5bb, 0xb5bb,
0xb5bb, 0xb5bb, 0xb5bb, 0xb5bb, 0xb5bb, 0xb5bb, 0xb5bb, 0xb5bb, 0xb5bb, 0xb5bb,
0xb5bb, 0xb5bb, 0xb5bb, 0xb5bb, 0xb5bb, 0xb5bb, 0xb5bb, 0xb5bb, 0xb5bb, 0xb5bb,
0xb5bb, 0xb5bb, 0xb5bb, 0xb5bb, 0xb5bb, 0xb5bb, 0xb5bb, 0xb5bb, 0xb5bb, 0xb5bb,
0xb5bb, 0xb5bb, 0xb5bb, 0xb5bb, 0xb5bb, 0xb5bb, 0xb5bb, 0xb5bb, 0xb5bb, 0xb5bb,
0xb5bb, 0xb5bb, 0xb5bb, 0xb5bb, 0xb5bb, 0xb5bb, 0xb5bb, 0xb5bb, 0xb5bb, 0xb5bb,
0xb5bb, 0xb5bb, 0xb5bb, 0xb5bb, 0xb5bb, 0xb5bb, 0x4a4b, 0x31cb, 0x422e, 0x3a2d,
0x424d, 0x6310, 0x94b7, 0xad7b, 0x94b8, 0x4a31, 0x290c, 0x296c, 0x4211, 0x29ad,
0x2149, 0x39e9, 0x424a, 0x4a4b, 0x4a4b, 0x4a4b, 0x4a4b, 0x4a4b, 0x4a4b, 0x4a4b,
0x4a4b, 0x4a4b, 0x4a4b, 0x4a4b, 0x4a4b, 0x4a4b, 0x4a4b, 0x4a4b, 0x4a4b, 0x424b,
0x422a, 0x424a, 0x4a6b, 0x528c, 0x528c, 0x528c, 
0x420a, 0x422a, 0x422a, 0x426a, 0x0000, 0xb5bb, 0xb5bb, 0xb5bb, 0xb5bb, 0xb5bb,
0xb5bb, 0xb5bb, 0xb5bb, 0xb5bb, 0xb5bb, 0xb5bb, 0xb5bb, 0xb5bb, 0xb5bb, 0xb5bb,
0xb5bb, 0xb5bb, 0xb5bb, 0xb5bb, 0xb5bb, 0xb5bb, 0xb5bb, 0xb5bb, 0xb5bb, 0xb5bb,
0xb5bb, 0xb5bb, 0xb5bb, 0xb5bb, 0xb5bb, 0xb5bb, 0x0000, 0x4a6c, 0x422a, 0x52ae,
0xb5bb, 0xb5bb, 0xb5bb, 0xb5bb, 0xb5bb, 0xb5bb, 0xb5bb, 0xb5bb, 0xb5bb, 0xb5bb,
0xb5bb, 0xb5bb, 0xb5bb, 0xb5bb, 0xb5bb, 0xb5bb, 0xb5bb, 0xb5bb, 0xb5bb, 0xb5bb,
0xb5bb, 0xb5bb, 0xb5bb, 0xb5bb, 0xb5bb, 0xb5bb, 0xb5bb, 0xb5bb, 0xb5bb, 0xb5bb,
0xb5bb, 0xb5bb, 0xb5bb, 0xb5bb, 0xb5bb, 0xb5bb, 0xb5bb, 0xb5bb, 0xb5bb, 0xb5bb,
0xb5bb, 0xb5bb, 0xb5bb, 0xb5bb, 0xb5bb, 0xb5bb, 0xb5bb, 0xb5bb, 0xb5bb, 0xb5bb,
0xb5bb, 0xb5bb, 0xb5bb, 0xb5bb, 0xb5bb, 0xb5bb, 0xb5bb, 0xb5bb, 0xb5bb, 0xb5bb,
0xb5bb, 0xb5bb, 0xb5bb, 0xb5bb, 0xb5bb, 0xb5bb, 0xb5bb, 0xb5bb, 0xb5bb, 0xb5bb,
0xb5bb, 0xb5bb, 0xb5bb, 0xb5bb, 0xb5bb, 0xb5bb, 0xb5bb, 0xb5bb, 0xb5bb, 0xb5bb,
0xb5bb, 0xb5bb, 0xb5bb, 0xb5bb, 0xb5bb, 0xb5bb, 0xb5bb, 0xb5bb, 0xb5bb, 0xb5bb,
0xb5bb, 0xb5bb, 0xb5bb, 0xb5bb, 0xb5bb, 0xb5bb, 0x6b4f, 0x39ea, 0x4a8d, 0x422b,
0x4a8d, 0x7393, 0x94d9, 0xad9b, 0x9cd8, 0x4a31, 0x290c, 0x296c, 0x4211, 0x29ad,
0x2149, 0x39e9, 0x424a, 0x4a4b, 0x4a4b, 0x4a4b, 0x4a4b, 0x4a4b, 0x4a4b, 0x4a4b,
0x4a4b, 0x4a4b, 0x4a4b, 0x4a4b, 0x4a4b, 0x4a4b, 0x4a4b, 0x4a4b, 0x424b, 0x422a,
0x424a, 0x4a6b, 0x528c, 0x528c, 0x528c, 0x528c, 
0x422a, 0x422a, 0x420a, 0x420a, 0x0000, 0xb5bb, 0xb5bb, 0xb5bb, 0xb5bb, 0xb5bb,
0xb5bb, 0xb5bb, 0xb5bb, 0xb5bb, 0xb5bb, 0xb5bb, 0xb5bb, 0xb5bb, 0xb5bb, 0xb5bb,
0xb5bb, 0xb5bb, 0xb5bb, 0xb5bb, 0xb5bb, 0xb5bb, 0xb5bb, 0xb5bb, 0xb5bb, 0xb5bb,
0xb5bb, 0xb5bb, 0xb5bb, 0xb5bb, 0xb5bb, 0xb5bb, 0x0000, 0x424b, 0x5ace, 0x73b2,
0xb5bb, 0xb5bb, 0xb5bb, 0xb5bb, 0xb5bb, 0xb5bb, 0xb5bb, 0xb5bb, 0xb5bb, 0xb5bb,
0xb5bb, 0xb5bb, 0xb5bb, 0xb5bb, 0xb5bb, 0xb5bb, 0xb5bb, 0xb5bb, 0xb5bb, 0xb5bb,
0xb5bb, 0xb5bb, 0xb5bb, 0xb5bb, 0xb5bb, 0xb5bb, 0xb5bb, 0xb5bb, 0xb5bb, 0xb5bb,
0xb5bb, 0xb5bb, 0xb5bb, 0xb5bb, 0xb5bb, 0xb5bb, 0xb5bb, 0xb5bb, 0xb5bb, 0xb5bb,
0xb5bb, 0xb5bb, 0xb5bb, 0xb5bb, 0xb5bb, 0xb5bb, 0xb5bb, 0xb5bb, 0xb5bb, 0xb5bb,
0xb5bb, 0xb5bb, 0xb5bb, 0xb5bb, 0xb5bb, 0xb5bb, 0xb5bb, 0xb5bb, 0xb5bb, 0xb5bb,
0xb5bb, 0xb5bb, 0xb5bb, 0xb5bb, 0xb5bb, 0xb5bb, 0xb5bb, 0xb5bb, 0xb5bb, 0xb5bb,
0xb5bb, 0xb5bb, 0xb5bb, 0xb5bb, 0xb5bb, 0xb5bb, 0xb5bb, 0xb5bb, 0xb5bb, 0xb5bb,
0xb5bb, 0xb5bb, 0xb5bb, 0xb5bb, 0xb5bb, 0xb5bb, 0xb5bb, 0xb5bb, 0xb5bb, 0xb5bb,
0xb5bb, 0xb5bb, 0xb5bb, 0xb5bb, 0xb5bb, 0xb5bb, 0x94b5, 0x422b, 0x39e9, 0x528e,
0x6374, 0x8c58, 0xa51a, 0xbddb, 0xa518, 0x5231, 0x290c, 0x296c, 0x4211, 0x29ad,
0x2149, 0x39e9, 0x424a, 0x4a4b, 0x4a4b, 0x4a4b, 0x4a4b, 0x4a4b, 0x4a4b, 0x4a4b,
0x4a4b, 0x4a4b, 0x4a4b, 0x4a4b, 0x4a4b, 0x4a4b, 0x4a4b, 0x424b, 0x420a, 0x422a,
0x4a6b, 0x4a8c, 0x528c, 0x528c, 0x528c, 0x524c, 
0x52cc, 0x4a6c, 0x422a, 0x422a, 0x0000, 0xb5bb, 0xb5bb, 0xb5bb, 0xb5bb, 0xb5bb,
0xb5bb, 0xb5bb, 0xb5bb, 0xb5bb, 0xb5bb, 0xb5bb, 0xb5bb, 0xb5bb, 0xb5bb, 0xb5bb,
0xb5bb, 0xb5bb, 0xb5bb, 0xb5bb, 0xb5bb, 0xb5bb, 0xb5bb, 0xb5bb, 0xb5bb, 0xb5bb,
0xb5bb, 0xb5bb, 0xb5bb, 0xb5bb, 0xb5bb, 0xb5bb, 0x0000, 0x4a6b, 0x6b50, 0x8435,
0xb5bb, 0xb5bb, 0xb5bb, 0xb5bb, 0xb5bb, 0xb5bb, 0xb5bb, 0xb5bb, 0xb5bb, 0xb5bb,
0xb5bb, 0xb5bb, 0xb5bb, 0xb5bb, 0xb5bb, 0xb5bb, 0xb5bb, 0xb5bb, 0xb5bb, 0xb5bb,
0xb5bb, 0xb5bb, 0xb5bb, 0xb5bb, 0xb5bb, 0xb5bb, 0xb5bb, 0xb5bb, 0xb5bb, 0xb5bb,
0xb5bb, 0xb5bb, 0xb5bb, 0xb5bb, 0xb5bb, 0xb5bb, 0xb5bb, 0xb5bb, 0xb5bb, 0xb5bb,
0xb5bb, 0xb5bb, 0xb5bb, 0xb5bb, 0xb5bb, 0xb5bb, 0xb5bb, 0xb5bb, 0xb5bb, 0xb5bb,
0xb5bb, 0xb5bb, 0xb5bb, 0xb5bb, 0xb5bb, 0xb5bb, 0xb5bb, 0xb5bb, 0xb5bb, 0xb5bb,
0xb5bb, 0xb5bb, 0xb5bb, 0xb5bb, 0xb5bb, 0xb5bb, 0xb5bb, 0xb5bb, 0xb5bb, 0xb5bb,
0xb5bb, 0xb5bb, 0xb5bb, 0xb5bb, 0xb5bb, 0xb5bb, 0xb5bb, 0xb5bb, 0xb5bb, 0xb5bb,
0xb5bb, 0xb5bb, 0xb5bb, 0xb5bb, 0xb5bb, 0xb5bb, 0xb5bb, 0xb5bb, 0xb5bb, 0xb5bb,
0xb5bb, 0xb5bb, 0xb5bb, 0xb5bb, 0xb5bb, 0xb5bb, 0xa518, 0x5aee, 0x4a4b, 0x52af,
0x6354, 0x8c78, 0xad7b, 0xc63c, 0xad59, 0x5231, 0x290c, 0x296c, 0x4211, 0x29ad,
0x2149, 0x39e9, 0x424a, 0x4a4b, 0x4a4b, 0x4a4b, 0x4a4b, 0x4a4b, 0x4a4b, 0x4a4b,
0x4a4b, 0x4a4b, 0x4a4b, 0x4a4b, 0x4a4b, 0x4a4b, 0x424b, 0x422a, 0x420a, 0x424b,
0x4a6c, 0x528c, 0x528c, 0x526c, 0x524c, 0x524c, 
0x630e, 0x5aed, 0x52ac, 0x4a6b, 0x0000, 0xb5bb, 0xb5bb, 0xb5bb, 0xb5bb, 0xb5bb,
0xb5bb, 0xb5bb, 0xb5bb, 0xb5bb, 0xb5bb, 0xb5bb, 0xb5bb, 0xb5bb, 0xb5bb, 0xb5bb,
0xb5bb, 0xb5bb, 0xb5bb, 0xb5bb, 0xb5bb, 0xb5bb, 0xb5bb, 0xb5bb, 0xb5bb, 0xb5bb,
0xb5bb, 0xb5bb, 0xb5bb, 0xb5bb, 0xb5bb, 0xb5bb, 0x0000, 0x528c, 0x7391, 0x8c96,
0xb5bb, 0xb5bb, 0xb5bb, 0xb5bb, 0xb5bb, 0xb5bb, 0xb5bb, 0xb5bb, 0xb5bb, 0xb5bb,
0xb5bb, 0xb5bb, 0xb5bb, 0xb5bb, 0xb5bb, 0xb5bb, 0xb5bb, 0xb5bb, 0xb5bb, 0xb5bb,
0xb5bb, 0xb5bb, 0xb5bb, 0xb5bb, 0xb5bb, 0xb5bb, 0xb5bb, 0xb5bb, 0xb5bb, 0xb5bb,
0xb5bb, 0xb5bb, 0xb5bb, 0xb5bb, 0xb5bb, 0xb5bb, 0xb5bb, 0xb5bb, 0xb5bb, 0xb5bb,
0xb5bb, 0xb5bb, 0xb5bb, 0xb5bb, 0xb5bb, 0xb5bb, 0xb5bb, 0xb5bb, 0xb5bb, 0xb5bb,
0xb5bb, 0xb5bb, 0xb5bb, 0xb5bb, 0xb5bb, 0xb5bb, 0xb5bb, 0xb5bb, 0xb5bb, 0xb5bb,
0xb5bb, 0xb5bb, 0xb5bb, 0xb5bb, 0xb5bb, 0xb5bb, 0xb5bb, 0xb5bb, 0xb5bb, 0xb5bb,
0xb5bb, 0xb5bb, 0xb5bb, 0xb5bb, 0xb5bb, 0xb5bb, 0xb5bb, 0xb5bb, 0xb5bb, 0xb5bb,
0xb5bb, 0xb5bb, 0xb5bb, 0xb5bb, 0xb5bb, 0xb5bb, 0xb5bb, 0xb5bb, 0xb5bb, 0xb5bb,
0xb5bb, 0xb5bb, 0xb5bb, 0xb5bb, 0xb5bb, 0xb5bb, 0xa539, 0x632f, 0x4a6c, 0x52b0,
0x6374, 0x9499, 0xb59b, 0xc63c, 0xad59, 0x4a31, 0x290c, 0x296c, 0x4211, 0x29ad,
0x2149, 0x39e9, 0x424a, 0x4a4b, 0x4a4b, 0x4a4b, 0x4a4b, 0x4a4b, 0x4a4b, 0x4a4b,
0x4a4b, 0x4a4b, 0x4a4b, 0x4a4b, 0x4a4b, 0x424b, 0x424b, 0x424a, 0x424a, 0x4a4b,
0x4a8c, 0x528c, 0x524c, 0x524c, 0x524c, 0x524c, 
0x630e, 0x630e, 0x630e, 0x5aed, 0x0000, 0xb5bb, 0xb5bb, 0xb5bb, 0xb5bb, 0xb5bb,
0xb5bb, 0xb5bb, 0xb5bb, 0xb5bb, 0xb5bb, 0xb5bb, 0xb5bb, 0xb5bb, 0xb5bb, 0xb5bb,
0xb5bb, 0xb5bb, 0xb5bb, 0xb5bb, 0xb5bb, 0xb5bb, 0xb5bb, 0xb5bb, 0xb5bb, 0xb5bb,
0xb5bb, 0xb5bb, 0xb5bb, 0xb5bb, 0xb5bb, 0xb5bb, 0x0000, 0x528c, 0x7bf2, 0x9d18,
0xb5bb, 0xb5bb, 0xb5bb, 0xb5bb, 0xb5bb, 0xb5bb, 0xb5bb, 0xb5bb, 0xb5bb, 0xb5bb,
0xb5bb, 0xb5bb, 0xb5bb, 0xb5bb, 0xb5bb, 0xb5bb, 0xb5bb, 0xb5bb, 0xb5bb, 0xb5bb,
0xb5bb, 0xb5bb, 0xb5bb, 0xb5bb, 0xb5bb, 0xb5bb, 0xb5bb, 0xb5bb, 0xb5bb, 0xb5bb,
0xb5bb, 0xb5bb, 0xb5bb, 0xb5bb, 0xb5bb, 0xb5bb, 0xb5bb, 0xb5bb, 0xb5bb, 0xb5bb,
0xb5bb, 0xb5bb, 0xb5bb, 0xb5bb, 0xb5bb, 0xb5bb, 0xb5bb, 0xb5bb, 0xb5bb, 0xb5bb,
0xb5bb, 0xb5bb, 0xb5bb, 0xb5bb, 0xb5bb, 0xb5bb, 0xb5bb, 0xb5bb, 0xb5bb, 0xb5bb,
0xb5bb, 0xb5bb, 0xb5bb, 0xb5bb, 0xb5bb, 0xb5bb, 0xb5bb, 0xb5bb, 0xb5bb, 0xb5bb,
0xb5bb, 0xb5bb, 0xb5bb, 0xb5bb, 0xb5bb, 0xb5bb, 0xb5bb, 0xb5bb, 0xb5bb, 0xb5bb,
0xb5bb, 0xb5bb, 0xb5bb, 0xb5bb, 0xb5bb, 0xb5bb, 0xb5bb, 0xb5bb, 0xb5bb, 0xb5bb,
0xb5bb, 0xb5bb, 0xb5bb, 0xb5bb, 0xb5bb, 0xb5bb, 0xa519, 0x5ace, 0x424c, 0x52d0,
0x6374, 0x8c77, 0xa579, 0xc61b, 0xad58, 0x5231, 0x290c, 0x296c, 0x4211, 0x29ad,
0x2149, 0x39e9, 0x424a, 0x4a4b, 0x4a4b, 0x4a4b, 0x4a4b, 0x4a4b, 0x4a4b, 0x4a4b,
0x4a4b, 0x4a4b, 0x4a4b, 0x4a4b, 0x4a4b, 0x424b, 0x424a, 0x424a, 0x4a4b, 0x4a8c,
0x526c, 0x4a4c, 0x4a4c, 0x524c, 0x524c, 0x524c, 
0x630e, 0x630e, 0x630e, 0x630e, 0x0000, 0x0000, 0x0000, 0x0000, 0x0000, 0x0000,
0x0000, 0x0000, 0x0000, 0x0000, 0x0000, 0x0000, 0x0000, 0x0000, 0x0000, 0x0000,
0x0000, 0x0000, 0x0000, 0x0000, 0x0000, 0x0000, 0x0000, 0x0000, 0x0000, 0x0000,
0x0000, 0x0000, 0x0000, 0x0000, 0x0000, 0x0000, 0x0000, 0x632f, 0x9cd7, 0xb59b,
0xb5bb, 0xb5bb, 0xb5bb, 0xb5bb, 0xb5bb, 0xb5bb, 0xb5bb, 0xb5bb, 0xb5bb, 0xb5bb,
0xb5bb, 0xb5bb, 0xb5bb, 0xb5bb, 0xb5bb, 0xb5bb, 0xb5bb, 0xb5bb, 0xb5bb, 0xb5bb,
0xb5bb, 0xb5bb, 0xb5bb, 0xb5bb, 0xb5bb, 0xb5bb, 0xb5bb, 0xb5bb, 0xb5bb, 0xb5bb,
0xb5bb, 0xb5bb, 0xb5bb, 0xb5bb, 0xb5bb, 0xb5bb, 0xb5bb, 0xb5bb, 0xb5bb, 0xb5bb,
0xb5bb, 0xb5bb, 0xb5bb, 0xb5bb, 0xb5bb, 0xb5bb, 0xb5bb, 0xb5bb, 0xb5bb, 0xb5bb,
0xb5bb, 0xb5bb, 0xb5bb, 0xb5bb, 0xb5bb, 0xb5bb, 0xb5bb, 0xb5bb, 0xb5bb, 0xb5bb,
0xb5bb, 0xb5bb, 0xb5bb, 0xb5bb, 0xb5bb, 0xb5bb, 0xb5bb, 0xb5bb, 0xb5bb, 0xb5bb,
0xb5bb, 0xb5bb, 0xb5bb, 0xb5bb, 0xb5bb, 0xb5bb, 0xb5bb, 0xb5bb, 0xb5bb, 0xb5bb,
0xb5bb, 0xb5bb, 0xb5bb, 0xb5bb, 0xb5bb, 0xb5bb, 0xb5bb, 0xb5bb, 0xb5bb, 0xb5bb,
0xb5bb, 0xb5bb, 0xb5bb, 0xb5bb, 0xb5bb, 0xb5bb, 0x9cf8, 0x4a6c, 0x424c, 0x426f,
0x52f1, 0x73b4, 0x94d7, 0xb59a, 0x9cf8, 0x4a31, 0x290c, 0x296c, 0x4211, 0x29ad,
0x2149, 0x39e9, 0x424a, 0x4a4b, 0x4a4b, 0x4a4b, 0x4a4b, 0x4a4b, 0x4a4b, 0x4a4b,
0x4a4b, 0x424b, 0x424b, 0x424b, 0x422a, 0x422a, 0x420a, 0x424b, 0x4a4b, 0x4a4b,
0x4a4b, 0x4a4b, 0x4a4b, 0x4a4c, 0x4a4b, 0x4a4b, 
0x630e, 0x630e, 0x630e, 0x630e, 0x630e, 0x630e, 0x5acd, 0x4a4b, 0x420a, 0x420a,
0x422a, 0x424a, 0x4a6b, 0x4a8b, 0x4a8b, 0x4a8b, 0x4a8b, 0x4a8b, 0x4a8b, 0x4a8b,
0x426b, 0x422a, 0x420a, 0x420a, 0x424a, 0x39e9, 0x4a4c, 0x5af1, 0x4232, 0x31af,
0x3990, 0x314d, 0x4a6c, 0x4a6d, 0x6371, 0x6b50, 0x4a6b, 0x6b91, 0xad5a, 0xb5bb,
0xb5bb, 0xb5bb, 0xb5bb, 0xb5bb, 0xb5bb, 0xb5bb, 0xb5bb, 0xb5bb, 0xb5bb, 0xb5bb,
0xb5bb, 0xb5bb, 0xb5bb, 0xb5bb, 0xb5bb, 0xb5bb, 0xb5bb, 0xb5bb, 0xb5bb, 0xb5bb,
0xb5bb, 0xb5bb, 0xb5bb, 0xb5bb, 0xb5bb, 0xb5bb, 0xb5bb, 0xb5bb, 0xb5bb, 0xb5bb,
0xb5bb, 0xb5bb, 0xb5bb, 0xb5bb, 0xb5bb, 0xb5bb, 0xb5bb, 0xb5bb, 0xb5bb, 0xb5bb,
0xb5bb, 0xb5bb, 0xb5bb, 0xb5bb, 0xb5bb, 0xb5bb, 0xb5bb, 0xb5bb, 0xb5bb, 0xb5bb,
0xb5bb, 0xb5bb, 0xb5bb, 0xb5bb, 0xb5bb, 0xb5bb, 0xb5bb, 0xb5bb, 0xb5bb, 0xb5bb,
0xb5bb, 0xb5bb, 0xb5bb, 0xb5bb, 0xb5bb, 0xb5bb, 0xb5bb, 0xb5bb, 0xb5bb, 0xb5bb,
0xb5bb, 0xb5bb, 0xb5bb, 0xb5bb, 0xb5bb, 0xb5bb, 0xb5bb, 0xb5bb, 0xb5bb, 0xb5bb,
0xb5bb, 0xb5bb, 0xb5bb, 0xb5bb, 0xb5bb, 0xb5bb, 0xb5bb, 0xb5bb, 0xb5bb, 0xb5bb,
0xb5bb, 0xb5bb, 0xb5bb, 0xb5bb, 0xb5bb, 0xb5bb, 0x9cd7, 0x422b, 0x422c, 0x31ed,
0x424f, 0x5af1, 0x7bf4, 0x9cf7, 0x9476, 0x4a31, 0x290c, 0x296c, 0x4211, 0x29ad,
0x2149, 0x39e9, 0x424a, 0x4a4b, 0x4a4b, 0x4a4b, 0x4a4b, 0x4a4b, 0x4a4b, 0x424b,
0x424b, 0x424a, 0x422a, 0x422a, 0x422a, 0x424a, 0x424b, 0x424b, 0x4a4b, 0x4a4b,
0x4a4b, 0x4a4b, 0x4a4b, 0x4a4b, 0x4a4b, 0x4a4b, 
0x630e, 0x630e, 0x630e, 0x630e, 0x630e, 0x630e, 0x5b0e, 0x52ac, 0x424b, 0x422a,
0x420a, 0x422a, 0x426b, 0x4a8b, 0x4a8b, 0x4a8b, 0x4a8b, 0x4a8b, 0x4a8b, 0x4a8b,
0x4a8b, 0x4a6b, 0x422a, 0x420a, 0x420a, 0x39c8, 0x4a4c, 0x5af1, 0x4232, 0x31af,
0x3990, 0x314d, 0x528e, 0x6353, 0x52b1, 0x6b92, 0x632f, 0x5ace, 0x9cd7, 0xb5bb,
0xb5bb, 0xb5bb, 0xb5bb, 0xb5bb, 0xb5bb, 0xb5bb, 0xb5bb, 0xb5bb, 0xb5bb, 0xb5bb,
0xb5bb, 0xb5bb, 0xb5bb, 0xb5bb, 0xb5bb, 0xb5bb, 0xb5bb, 0xb5bb, 0xb5bb, 0xb5bb,
0xb5bb, 0xb5bb, 0xb5bb, 0xb5bb, 0xb5bb, 0xb5bb, 0xb5bb, 0xb5bb, 0xb5bb, 0xb5bb,
0xb5bb, 0xb5bb, 0xb5bb, 0xb5bb, 0xb5bb, 0xb5bb, 0xb5bb, 0xb5bb, 0xb5bb, 0xb5bb,
0xb5bb, 0xb5bb, 0xb5bb, 0xb5bb, 0xb5bb, 0xb5bb, 0xb5bb, 0xb5bb, 0xb5bb, 0xb5bb,
0xb5bb, 0xb5bb, 0xb5bb, 0xb5bb, 0xb5bb, 0xb5bb, 0xb5bb, 0xb5bb, 0xb5bb, 0xb5bb,
0xb5bb, 0xb5bb, 0xb5bb, 0xb5bb, 0xb5bb, 0xb5bb, 0xb5bb, 0xb5bb, 0xb5bb, 0xb5bb,
0xb5bb, 0xb5bb, 0xb5bb, 0xb5bb, 0xb5bb, 0xb5bb, 0xb5bb, 0xb5bb, 0xb5bb, 0xb5bb,
0xb5bb, 0xb5bb, 0xb5bb, 0xb5bb, 0xb5bb, 0xb5bb, 0xb5bb, 0xb5bb, 0xb5bb, 0xb5bb,
0xb5bb, 0xb5bb, 0xb5bb, 0xb5bb, 0xb5bb, 0xb5bb, 0x9cf8, 0x4a8c, 0x31a9, 0x2149,
0x39cb, 0x52ae, 0x7392, 0x9496, 0x8436, 0x4a31, 0x292c, 0x296c, 0x4211, 0x29ad,
0x2149, 0x39e9, 0x424a, 0x4a4b, 0x4a4b, 0x4a4b, 0x4a4b, 0x4a4b, 0x424b, 0x424b,
0x422a, 0x422a, 0x426a, 0x4a6b, 0x4a8c, 0x4aac, 0x4aac, 0x4aac, 0x4a6c, 0x4a6b,
0x4a6b, 0x4a4b, 0x4a4b, 0x4a4b, 0x4a4b, 0x4a4b, 
0x630e, 0x630e, 0x630e, 0x630e, 0x630e, 0x630e, 0x630e, 0x5b0d, 0x52ac, 0x4a4b,
0x420a, 0x422a, 0x424a, 0x4a6b, 0x4a8b, 0x4a8b, 0x4a8b, 0x4a8b, 0x4a8b, 0x4a8b,
0x4a8b, 0x4a4b, 0x422a, 0x420a, 0x3a0a, 0x31a8, 0x4a4c, 0x5af1, 0x4232, 0x31af,
0x3990, 0x314d, 0x6311, 0x7bf6, 0x5af2, 0x52d1, 0x6b91, 0x5acd, 0x6b91, 0xa539,
0xb5bb, 0xb5bb, 0xb5bb, 0xb5bb, 0xb5bb, 0xb5bb, 0xb5bb, 0xb5bb, 0xb5bb, 0xb5bb,
0xb5bb, 0xb5bb, 0xb5bb, 0xb5bb, 0xb5bb, 0xb5bb, 0xb5bb, 0xb5bb, 0xb5bb, 0xb5bb,
0xb5bb, 0xb5bb, 0xb5bb, 0xb5bb, 0xb5bb, 0xb5bb, 0xb5bb, 0xb5bb, 0xb5bb, 0xb5bb,
0xb5bb, 0xb5bb, 0xb5bb, 0xb5bb, 0xb5bb, 0xb5bb, 0xb5bb, 0xb5bb, 0xb5bb, 0xb5bb,
0xb5bb, 0xb5bb, 0xb5bb, 0xb5bb, 0xb5bb, 0xb5bb, 0xb5bb, 0xb5bb, 0xb5bb, 0xb5bb,
0xb5bb, 0xb5bb, 0xb5bb, 0xb5bb, 0xb5bb, 0xb5bb, 0xb5bb, 0xb5bb, 0xb5bb, 0xb5bb,
0xb5bb, 0xb5bb, 0xb5bb, 0xb5bb, 0xb5bb, 0xb5bb, 0xb5bb, 0xb5bb, 0xb5bb, 0xb5bb,
0xb5bb, 0xb5bb, 0xb5bb, 0xb5bb, 0xb5bb, 0xb5bb, 0xb5bb, 0xb5bb, 0xb5bb, 0xb5bb,
0xb5bb, 0xb5bb, 0xb5bb, 0xb5bb, 0xb5bb, 0xb5bb, 0xb5bb, 0xb5bb, 0xb5bb, 0xb5bb,
0xb5bb, 0xb5bb, 0xb5bb, 0xb5bb, 0xb5bb, 0xb5bb, 0xa539, 0x6b50, 0x4a6c, 0x39c9,
0x4a6c, 0x6310, 0x73b3, 0x9496, 0x8c56, 0x4a31, 0x292c, 0x296c, 0x4211, 0x29ad,
0x2149, 0x39e9, 0x424a, 0x4a4b, 0x4a4b, 0x4a4b, 0x4a4b, 0x424b, 0x424b, 0x422a,
0x424b, 0x4a6b, 0x4aac, 0x52cd, 0x52ed, 0x5aed, 0x5aed, 0x5aed, 0x52ed, 0x52ac,
0x52ac, 0x4a6b, 0x4a4b, 0x4a4b, 0x4a4b, 0x4a4b, 
0x630e, 0x630e, 0x630e, 0x630e, 0x630e, 0x630e, 0x630e, 0x630e, 0x5b0e, 0x4aac,
0x422a, 0x420a, 0x420a, 0x424b, 0x4a6b, 0x4a8b, 0x4a8b, 0x4a8b, 0x4a6b, 0x426a,
0x424a, 0x422a, 0x420a, 0x420a, 0x3a09, 0x2987, 0x422c, 0x5af1, 0x4232, 0x31af,
0x3990, 0x314d, 0x6b72, 0x9497, 0x73b4, 0x4ab0, 0x5b11, 0x5aee, 0x630f, 0x8c55,
0xb5bb, 0xb5bb, 0xb5bb, 0xb5bb, 0xb5bb, 0xb5bb, 0xb5bb, 0xb5bb, 0xb5bb, 0xb5bb,
0xb5bb, 0xb5bb, 0xb5bb, 0xb5bb, 0xb5bb, 0xb5bb, 0xb5bb, 0xb5bb, 0xb5bb, 0xb5bb,
0xb5bb, 0xb5bb, 0xb5bb, 0xb5bb, 0xb5bb, 0xb5bb, 0xb5bb, 0xb5bb, 0xb5bb, 0xb5bb,
0xb5bb, 0xb5bb, 0xb5bb, 0xb5bb, 0xb5bb, 0xb5bb, 0xb5bb, 0xb5bb, 0xb5bb, 0xb5bb,
0xb5bb, 0xb5bb, 0xb5bb, 0xb5bb, 0xb5bb, 0xb5bb, 0xb5bb, 0xb5bb, 0xb5bb, 0xb5bb,
0xb5bb, 0xb5bb, 0xb5bb, 0xb5bb, 0xb5bb, 0xb5bb, 0xb5bb, 0xb5bb, 0xb5bb, 0xb5bb,
0xb5bb, 0xb5bb, 0xb5bb, 0xb5bb, 0xb5bb, 0xb5bb, 0xb5bb, 0xb5bb, 0xb5bb, 0xb5bb,
0xb5bb, 0xb5bb, 0xb5bb, 0xb5bb, 0xb5bb, 0xb5bb, 0xb5bb, 0xb5bb, 0xb5bb, 0xb5bb,
0xb5bb, 0xb5bb, 0xb5bb, 0xb5bb, 0xb5bb, 0xb5bb, 0xb5bb, 0xb5bb, 0xb5bb, 0xb5bb,
0xb5bb, 0xb5bb, 0xb5bb, 0xb5bb, 0xb5bb, 0xb5bb, 0xad5a, 0x8434, 0x630e, 0x4a6c,
0x4a8f, 0x52f1, 0x7bf5, 0x9cf8, 0x9497, 0x4a31, 0x290c, 0x296c, 0x4211, 0x29ad,
0x2149, 0x39e9, 0x424a, 0x4a4b, 0x4a4b, 0x4a4b, 0x424b, 0x424b, 0x422a, 0x424b,
0x4a6b, 0x52ad, 0x5b0d, 0x5b0e, 0x5b0e, 0x630e, 0x630e, 0x630e, 0x630e, 0x630e,
0x5aed, 0x52ac, 0x4a8c, 0x4a6b, 0x424b, 0x424b, 
0x630e, 0x630e, 0x630e, 0x630e, 0x630e, 0x630e, 0x630e, 0x630e, 0x630e, 0x5b0e,
0x4a8b, 0x422a, 0x420a, 0x422a, 0x424b, 0x4a4b, 0x4a4b, 0x424b, 0x424a, 0x422a,
0x420a, 0x420a, 0x422a, 0x422a, 0x422a, 0x31a8, 0x424c, 0x5af1, 0x4232, 0x31af,
0x3150, 0x314d, 0x7bd2, 0xa519, 0x7c15, 0x5311, 0x5b10, 0x4a6c, 0x52ed, 0x7bd2,
0xb5bb, 0xb5bb, 0xb5bb, 0xb5bb, 0xb5bb, 0xb5bb, 0xb5bb, 0xb5bb, 0xb5bb, 0xb5bb,
0xb5bb, 0xb5bb, 0xb5bb, 0xb5bb, 0xb5bb, 0xb5bb, 0xb5bb, 0xb5bb, 0xb5bb, 0xb5bb,
0xb5bb, 0xb5bb, 0xb5bb, 0xb5bb, 0xb5bb, 0xb5bb, 0xb5bb, 0xb5bb, 0xb5bb, 0xb5bb,
0xb5bb, 0xb5bb, 0xb5bb, 0xb5bb, 0xb5bb, 0xb5bb, 0xb5bb, 0xb5bb, 0xb5bb, 0xb5bb,
0xb5bb, 0xb5bb, 0xb5bb, 0xb5bb, 0xb5bb, 0xb5bb, 0xb5bb, 0xb5bb, 0xb5bb, 0xb5bb,
0xb5bb, 0xb5bb, 0xb5bb, 0xb5bb, 0xb5bb, 0xb5bb, 0xb5bb, 0xb5bb, 0xb5bb, 0xb5bb,
0xb5bb, 0xb5bb, 0xb5bb, 0xb5bb, 0xb5bb, 0xb5bb, 0xb5bb, 0xb5bb, 0xb5bb, 0xb5bb,
0xb5bb, 0xb5bb, 0xb5bb, 0xb5bb, 0xb5bb, 0xb5bb, 0xb5bb, 0xb5bb, 0xb5bb, 0xb5bb,
0xb5bb, 0xb5bb, 0xb5bb, 0xb5bb, 0xb5bb, 0xb5bb, 0xb5bb, 0xb5bb, 0xb5bb, 0xb5bb,
0xb5bb, 0xb5bb, 0xb5bb, 0xb5bb, 0xb5bb, 0xb5bb, 0xb59b, 0x94b6, 0x5aee, 0x4a8d,
0x52d2, 0x6bb5, 0x94f8, 0xb5bb, 0xa4f8, 0x4a31, 0x290c, 0x296c, 0x4211, 0x29ad,
0x2149, 0x39e9, 0x424a, 0x4a4b, 0x4a4b, 0x424b, 0x422a, 0x422a, 0x4a4b, 0x528c,
0x5acd, 0x5b0d, 0x5b0e, 0x5b0e, 0x5b0e, 0x630e, 0x630e, 0x630e, 0x630e, 0x630e,
0x630e, 0x5b0e, 0x52cd, 0x4a8c, 0x4a4b, 0x424a, 
0x630e, 0x630e, 0x630e, 0x630e, 0x630e, 0x630e, 0x630e, 0x630e, 0x630e, 0x630e,
0x52cd, 0x4a4b, 0x422a, 0x420a, 0x424a, 0x424a, 0x424a, 0x422a, 0x420a, 0x420a,
0x422a, 0x4a4b, 0x528c, 0x52ac, 0x52ac, 0x4209, 0x4a4c, 0x5af1, 0x4232, 0x31af,
0x3150, 0x314d, 0x8413, 0xa559, 0x8415, 0x6b73, 0x6371, 0x4a8c, 0x630e, 0x7c14,
0xb5bb, 0xb5bb, 0xb5bb, 0xb5bb, 0xb5bb, 0xb5bb, 0xb5bb, 0xb5bb, 0xb5bb, 0xb5bb,
0xb5bb, 0xb5bb, 0xb5bb, 0xb5bb, 0xb5bb, 0xb5bb, 0xb5bb, 0xb5bb, 0xb5bb, 0xb5bb,
0xb5bb, 0xb5bb, 0xb5bb, 0xb5bb, 0xb5bb, 0xb5bb, 0xb5bb, 0xb5bb, 0xb5bb, 0xb5bb,
0xb5bb, 0xb5bb, 0xb5bb, 0xb5bb, 0xb5bb, 0xb5bb, 0xb5bb, 0xb5bb, 0xb5bb, 0xb5bb,
0xb5bb, 0xb5bb, 0xb5bb, 0xb5bb, 0xb5bb, 0xb5bb, 0xb5bb, 0xb5bb, 0xb5bb, 0xb5bb,
0xb5bb, 0xb5bb, 0xb5bb, 0xb5bb, 0xb5bb, 0xb5bb, 0xb5bb, 0xb5bb, 0xb5bb, 0xb5bb,
0xb5bb, 0xb5bb, 0xb5bb, 0xb5bb, 0xb5bb, 0xb5bb, 0xb5bb, 0xb5bb, 0xb5bb, 0xb5bb,
0xb5bb, 0xb5bb, 0xb5bb, 0xb5bb, 0xb5bb, 0xb5bb, 0xb5bb, 0xb5bb, 0xb5bb, 0xb5bb,
0xb5bb, 0xb5bb, 0xb5bb, 0xb5bb, 0xb5bb, 0xb5bb, 0xb5bb, 0xb5bb, 0xb5bb, 0xb5bb,
0xb5bb, 0xb5bb, 0xb5bb, 0xb5bb, 0xb5bb, 0xb5bb, 0xad5a, 0x73b2, 0x52ad, 0x52d1,
0x6354, 0x8457, 0xad7a, 0xce5c, 0xad79, 0x4a31, 0x290c, 0x296c, 0x4211, 0x29ad,
0x2149, 0x39e9, 0x424a, 0x4a4b, 0x424b, 0x422a, 0x422a, 0x4a4b, 0x528c, 0x5acd,
0x5b0d, 0x5b0e, 0x5b0e, 0x5b0e, 0x630e, 0x630e, 0x630e, 0x630e, 0x630e, 0x630e,
0x630e, 0x630e, 0x5b0e, 0x5aed, 0x528c, 0x4a4b, 
0x630e, 0x630e, 0x630e, 0x630e, 0x630e, 0x630e, 0x630e, 0x630e, 0x630e, 0x630e,
0x5aee, 0x528c, 0x422a, 0x420a, 0x422a, 0x422a, 0x422a, 0x420a, 0x422a, 0x424b,
0x4a8c, 0x52ed, 0x5b0e, 0x630e, 0x5aed, 0x422a, 0x4a4c, 0x5af1, 0x4232, 0x31af,
0x3150, 0x314d, 0x8413, 0xad79, 0x8455, 0x73d3, 0x73b2, 0x52cd, 0x6b50, 0x8455,
0xb5bb, 0xb5bb, 0xb5bb, 0xb5bb, 0xb5bb, 0xb5bb, 0xb5bb, 0xb5bb, 0xb5bb, 0xb5bb,
0xb5bb, 0xb5bb, 0xb5bb, 0xb5bb, 0xb5bb, 0xb5bb, 0xb5bb, 0xb5bb, 0xb5bb, 0xb5bb,
0xb5bb, 0xb5bb, 0xb5bb, 0xb5bb, 0xb5bb, 0xb5bb, 0xb5bb, 0xb5bb, 0xb5bb, 0xb5bb,
0xb5bb, 0xb5bb, 0xb5bb, 0xb5bb, 0xb5bb, 0xb5bb, 0xb5bb, 0xb5bb, 0xb5bb, 0xb5bb,
0xb5bb, 0xb5bb, 0xb5bb, 0xb5bb, 0xb5bb, 0xb5bb, 0xb5bb, 0xb5bb, 0xb5bb, 0xb5bb,
0xb5bb, 0xb5bb, 0xb5bb, 0xb5bb, 0xb5bb, 0xb5bb, 0xb5bb, 0xb5bb, 0xb5bb, 0xb5bb,
0xb5bb, 0xb5bb, 0xb5bb, 0xb5bb, 0xb5bb, 0xb5bb, 0xb5bb, 0xb5bb, 0xb5bb, 0xb5bb,
0xb5bb, 0xb5bb, 0xb5bb, 0xb5bb, 0xb5bb, 0xb5bb, 0xb5bb, 0xb5bb, 0xb5bb, 0xb5bb,
0xb5bb, 0xb5bb, 0xb5bb, 0xb5bb, 0xb5bb, 0xb5bb, 0xb5bb, 0xb5bb, 0xb5bb, 0xb5bb,
0xb5bb, 0xb5bb, 0xb5bb, 0xb5bb, 0xb5bb, 0xb5bb, 0xa539, 0x6330, 0x52ef, 0x5b13,
0x6bb5, 0x94b9, 0xbdfb, 0xd6bd, 0xb5b9, 0x4a52, 0x290c, 0x296c, 0x4211, 0x29ad,
0x2149, 0x39e9, 0x424a, 0x4a4b, 0x424b, 0x424a, 0x4a4b, 0x528c, 0x5aed, 0x5b0d,
0x630e, 0x630e, 0x630e, 0x630e, 0x630e, 0x630e, 0x630e, 0x630e, 0x630e, 0x630e,
0x630e, 0x630e, 0x630e, 0x5b0e, 0x5acd, 0x528c, 
0x630e, 0x630e, 0x630e, 0x630e, 0x0000, 0x0000, 0x0000, 0x0000, 0x0000, 0x0000,
0x0000, 0x0000, 0x0000, 0x0000, 0x0000, 0x0000, 0x0000, 0x0000, 0x0000, 0x0000,
0x0000, 0x0000, 0x0000, 0x0000, 0x0000, 0x0000, 0x0000, 0x0000, 0x0000, 0x0000,
0x0000, 0x0000, 0x0000, 0x0000, 0x0000, 0x0000, 0x0000, 0x5b2d, 0x632f, 0x8c75,
0xb5bb, 0xb5bb, 0xb5bb, 0xb5bb, 0xb5bb, 0xb5bb, 0xb5bb, 0xb5bb, 0xb5bb, 0xb5bb,
0xb5bb, 0xb5bb, 0xb5bb, 0xb5bb, 0xb5bb, 0xb5bb, 0xb5bb, 0xb5bb, 0xb5bb, 0xb5bb,
0xb5bb, 0xb5bb, 0xb5bb, 0xb5bb, 0xb5bb, 0xb5bb, 0xb5bb, 0xb5bb, 0xb5bb, 0xb5bb,
0xb5bb, 0xb5bb, 0xb5bb, 0xb5bb, 0xb5bb, 0xb5bb, 0xb5bb, 0xb5bb, 0xb5bb, 0xb5bb,
0xb5bb, 0xb5bb, 0xb5bb, 0xb5bb, 0xb5bb, 0xb5bb, 0xb5bb, 0xb5bb, 0xb5bb, 0xb5bb,
0xb5bb, 0xb5bb, 0xb5bb, 0xb5bb, 0xb5bb, 0xb5bb, 0xb5bb, 0xb5bb, 0xb5bb, 0xb5bb,
0xb5bb, 0xb5bb, 0xb5bb, 0xb5bb, 0xb5bb, 0xb5bb, 0xb5bb, 0xb5bb, 0xb5bb, 0xb5bb,
0xb5bb, 0xb5bb, 0xb5bb, 0xb5bb, 0xb5bb, 0xb5bb, 0xb5bb, 0xb5bb, 0xb5bb, 0xb5bb,
0xb5bb, 0xb5bb, 0xb5bb, 0xb5bb, 0xb5bb, 0xb5bb, 0xb5bb, 0xb5bb, 0xb5bb, 0xb5bb,
0xb5bb, 0xb5bb, 0xb5bb, 0xb5bb, 0xb5bb, 0xb5bb, 0xa518, 0x632f, 0x5acf, 0x5b13,
0x6bb6, 0x9cd9, 0xc61c, 0xdedd, 0xb5ba, 0x4a52, 0x290c, 0x296c, 0x4211, 0x29ad,
0x2149, 0x39e9, 0x424a, 0x424b, 0x422a, 0x424b, 0x4aab, 0x52cd, 0x5aed, 0x5b0e,
0x5b0e, 0x5b0e, 0x630e, 0x630e, 0x630e, 0x630e, 0x630e, 0x630e, 0x630e, 0x630e,
0x630e, 0x630e, 0x630e, 0x5b0e, 0x5aed, 0x528c, 
0x630e, 0x630e, 0x630e, 0x630e, 0x0000, 0xb5bb, 0xb5bb, 0xb5bb, 0xb5bb, 0xb5bb,
0xb5bb, 0xb5bb, 0xb5bb, 0xb5bb, 0xb5bb, 0xb5bb, 0xb5bb, 0xb5bb, 0xb5bb, 0xb5bb,
0xb5bb, 0xb5bb, 0xb5bb, 0xb5bb, 0xb5bb, 0xb5bb, 0xb5bb, 0xb5bb, 0xb5bb, 0xb5bb,
0xb5bb, 0xb5bb, 0xb5bb, 0xb5bb, 0xb5bb, 0xb5bb, 0x0000, 0x6b70, 0x5aed, 0x7bf3,
0xb5bb, 0xb5bb, 0xb5bb, 0xb5bb, 0xb5bb, 0xb5bb, 0xb5bb, 0xb5bb, 0xb5bb, 0xb5bb,
0xb5bb, 0xb5bb, 0xb5bb, 0xb5bb, 0xb5bb, 0xb5bb, 0xb5bb, 0xb5bb, 0xb5bb, 0xb5bb,
0xb5bb, 0xb5bb, 0xb5bb, 0xb5bb, 0xb5bb, 0xb5bb, 0xb5bb, 0xb5bb, 0xb5bb, 0xb5bb,
0xb5bb, 0xb5bb, 0xb5bb, 0xb5bb, 0xb5bb, 0xb5bb, 0xb5bb, 0xb5bb, 0xb5bb, 0xb5bb,
0xb5bb, 0xb5bb, 0xb5bb, 0xb5bb, 0xb5bb, 0xb5bb, 0xb5bb, 0xb5bb, 0xb5bb, 0xb5bb,
0xb5bb, 0xb5bb, 0xb5bb, 0xb5bb, 0xb5bb, 0xb5bb, 0xb5bb, 0xb5bb, 0xb5bb, 0xb5bb,
0xb5bb, 0xb5bb, 0xb5bb, 0xb5bb, 0xb5bb, 0xb5bb, 0xb5bb, 0xb5bb, 0xb5bb, 0xb5bb,
0xb5bb, 0xb5bb, 0xb5bb, 0xb5bb, 0xb5bb, 0xb5bb, 0xb5bb, 0xb5bb, 0xb5bb, 0xb5bb,
0xb5bb, 0xb5bb, 0xb5bb, 0xb5bb, 0xb5bb, 0xb5bb, 0xb5bb, 0xb5bb, 0xb5bb, 0xb5bb,
0xb5bb, 0xb5bb, 0xb5bb, 0xb5bb, 0xb5bb, 0xb5bb, 0xa519, 0x630f, 0x52ad, 0x52f1,
0x6375, 0x94b8, 0xbddb, 0xd6bd, 0xb59a, 0x4a52, 0x290c, 0x296c, 0x4211, 0x29ad,
0x2149, 0x39c9, 0x424a, 0x422a, 0x422a, 0x4a4b, 0x52ac, 0x5acd, 0x5aed, 0x5b0e,
0x5b0e, 0x5b0e, 0x5b0e, 0x630e, 0x630e, 0x630e, 0x630e, 0x630e, 0x630e, 0x630e,
0x630e, 0x630e, 0x630e, 0x5b0e, 0x52ed, 0x528c, 
0x630e, 0x630e, 0x630e, 0x630e, 0x0000, 0xb5bb, 0xb5bb, 0xb5bb, 0xb5bb, 0xb5bb,
0xb5bb, 0xb5bb, 0xb5bb, 0xb5bb, 0xb5bb, 0xb5bb, 0xb5bb, 0xb5bb, 0xb5bb, 0xb5bb,
0xb5bb, 0xb5bb, 0xb5bb, 0xb5bb, 0xb5bb, 0xb5bb, 0xb5bb, 0xb5bb, 0xb5bb, 0xb5bb,
0xb5bb, 0xb5bb, 0xb5bb, 0xb5bb, 0xb5bb, 0xb5bb, 0x0000, 0x7bf3, 0x52cd, 0x5b2f,
0xb5bb, 0xb5bb, 0xb5bb, 0xb5bb, 0xb5bb, 0xb5bb, 0xb5bb, 0xb5bb, 0xb5bb, 0xb5bb,
0xb5bb, 0xb5bb, 0xb5bb, 0xb5bb, 0xb5bb, 0xb5bb, 0xb5bb, 0xb5bb, 0xb5bb, 0xb5bb,
0xb5bb, 0xb5bb, 0xb5bb, 0xb5bb, 0xb5bb, 0xb5bb, 0xb5bb, 0xb5bb, 0xb5bb, 0xb5bb,
0xb5bb, 0xb5bb, 0xb5bb, 0xb5bb, 0xb5bb, 0xb5bb, 0xb5bb, 0xb5bb, 0xb5bb, 0xb5bb,
0xb5bb, 0xb5bb, 0xb5bb, 0xb5bb, 0xb5bb, 0xb5bb, 0xb5bb, 0xb5bb, 0xb5bb, 0xb5bb,
0xb5bb, 0xb5bb, 0xb5bb, 0xb5bb, 0xb5bb, 0xb5bb, 0xb5bb, 0xb5bb, 0xb5bb, 0xb5bb,
0xb5bb, 0xb5bb, 0xb5bb, 0xb5bb, 0xb5bb, 0xb5bb, 0xb5bb, 0xb5bb, 0xb5bb, 0xb5bb,
0xb5bb, 0xb5bb, 0xb5bb, 0xb5bb, 0xb5bb, 0xb5bb, 0xb5bb, 0xb5bb, 0xb5bb, 0xb5bb,
0xb5bb, 0xb5bb, 0xb5bb, 0xb5bb, 0xb5bb, 0xb5bb, 0xb5bb, 0xb5bb, 0xb5bb, 0xb5bb,
0xb5bb, 0xb5bb, 0xb5bb, 0xb5bb, 0xb5bb, 0xb5bb, 0xa539, 0x634f, 0x4a8c, 0x52cf,
0x5b13, 0x7bf6, 0xa53a, 0xc63c, 0xad59, 0x4a32, 0x290c, 0x296c, 0x4211, 0x29ad,
0x2149, 0x39c9, 0x422a, 0x422a, 0x424a, 0x4a8c, 0x52cd, 0x5acd, 0x5aed, 0x5b0d,
0x5b0e, 0x5b0e, 0x5b0e, 0x630e, 0x630e, 0x630e, 0x630e, 0x630e, 0x630e, 0x630e,
0x630e, 0x630e, 0x630e, 0x5b0d, 0x52ed, 0x528c, 
0x630e, 0x630e, 0x630e, 0x630e, 0x0000, 0xb5bb, 0xb5bb, 0xb5bb, 0xb5bb, 0xb5bb,
0xb5bb, 0xb5bb, 0xb5bb, 0xb5bb, 0xb5bb, 0xb5bb, 0xb5bb, 0xb5bb, 0xb5bb, 0xb5bb,
0xb5bb, 0xb5bb, 0xb5bb, 0xb5bb, 0xb5bb, 0xb5bb, 0xb5bb, 0xb5bb, 0xb5bb, 0xb5bb,
0xb5bb, 0xb5bb, 0xb5bb, 0xb5bb, 0xb5bb, 0xb5bb, 0x0000, 0x6b92, 0x5acd, 0x4a4d,
0xb5bb, 0xb5bb, 0xb5bb, 0xb5bb, 0xb5bb, 0xb5bb, 0xb5bb, 0xb5bb, 0xb5bb, 0xb5bb,
0xb5bb, 0xb5bb, 0xb5bb, 0xb5bb, 0xb5bb, 0xb5bb, 0xb5bb, 0xb5bb, 0xb5bb, 0xb5bb,
0xb5bb, 0xb5bb, 0xb5bb, 0xb5bb, 0xb5bb, 0xb5bb, 0xb5bb, 0xb5bb, 0xb5bb, 0xb5bb,
0xb5bb, 0xb5bb, 0xb5bb, 0xb5bb, 0xb5bb, 0xb5bb, 0xb5bb, 0xb5bb, 0xb5bb, 0xb5bb,
0xb5bb, 0xb5bb, 0xb5bb, 0xb5bb, 0xb5bb, 0xb5bb, 0xb5bb, 0xb5bb, 0xb5bb, 0xb5bb,
0xb5bb, 0xb5bb, 0xb5bb, 0xb5bb, 0xb5bb, 0xb5bb, 0xb5bb, 0xb5bb, 0xb5bb, 0xb5bb,
0xb5bb, 0xb5bb, 0xb5bb, 0xb5bb, 0xb5bb, 0xb5bb, 0xb5bb, 0xb5bb, 0xb5bb, 0xb5bb,
0xb5bb, 0xb5bb, 0xb5bb, 0xb5bb, 0xb5bb, 0xb5bb, 0xb5bb, 0xb5bb, 0xb5bb, 0xb5bb,
0xb5bb, 0xb5bb, 0xb5bb, 0xb5bb, 0xb5bb, 0xb5bb, 0xb5bb, 0xb5bb, 0xb5bb, 0xb5bb,
0xb5bb, 0xb5bb, 0xb5bb, 0xb5bb, 0xb5bb, 0xb5bb, 0xad5a, 0x7bd2, 0x52ac, 0x4a6c,
0x52b0, 0x5b12, 0x8436, 0xa55a, 0x9cb8, 0x4a31, 0x290c, 0x296c, 0x4211, 0x29ad,
0x2129, 0x39c9, 0x422a, 0x424a, 0x4a6b, 0x52ac, 0x5acd, 0x5aed, 0x5b0d, 0x5b0d,
0x5b0e, 0x5b0e, 0x630e, 0x630e, 0x630e, 0x630e, 0x630e, 0x630e, 0x630e, 0x630e,
0x630e, 0x630e, 0x630e, 0x5aed, 0x52ac, 0x528c, 
0x630e, 0x630e, 0x630e, 0x630e, 0x0000, 0xb5bb, 0xb5bb, 0xb5bb, 0xb5bb, 0xb5bb,
0xb5bb, 0xb5bb, 0xb5bb, 0xb5bb, 0xb5bb, 0xb5bb, 0xb5bb, 0xb5bb, 0xb5bb, 0xb5bb,
0xb5bb, 0xb5bb, 0xb5bb, 0xb5bb, 0xb5bb, 0xb5bb, 0xb5bb, 0xb5bb, 0xb5bb, 0xb5bb,
0xb5bb, 0xb5bb, 0xb5bb, 0xb5bb, 0xb5bb, 0xb5bb, 0x0000, 0x52cf, 0x422a, 0x4a6c,
0xb5bb, 0xb5bb, 0xb5bb, 0xb5bb, 0xb5bb, 0xb5bb, 0xb5bb, 0xb5bb, 0xb5bb, 0xb5bb,
0xb5bb, 0xb5bb, 0xb5bb, 0xb5bb, 0xb5bb, 0xb5bb, 0xb5bb, 0xb5bb, 0xb5bb, 0xb5bb,
0xb5bb, 0xb5bb, 0xb5bb, 0xb5bb, 0xb5bb, 0xb5bb, 0xb5bb, 0xb5bb, 0xb5bb, 0xb5bb,
0xb5bb, 0xb5bb, 0xb5bb, 0xb5bb, 0xb5bb, 0xb5bb, 0xb5bb, 0xb5bb, 0xb5bb, 0xb5bb,
0xb5bb, 0xb5bb, 0xb5bb, 0xb5bb, 0xb5bb, 0xb5bb, 0xb5bb, 0xb5bb, 0xb5bb, 0xb5bb,
0xb5bb, 0xb5bb, 0xb5bb, 0xb5bb, 0xb5bb, 0xb5bb, 0xb5bb, 0xb5bb, 0xb5bb, 0xb5bb,
0xb5bb, 0xb5bb, 0xb5bb, 0xb5bb, 0xb5bb, 0xb5bb, 0xb5bb, 0xb5bb, 0xb5bb, 0xb5bb,
0xb5bb, 0xb5bb, 0xb5bb, 0xb5bb, 0xb5bb, 0xb5bb, 0xb5bb, 0xb5bb, 0xb5bb, 0xb5bb,
0xb5bb, 0xb5bb, 0xb5bb, 0xb5bb, 0xb5bb, 0xb5bb, 0xb5bb, 0xb5bb, 0xb5bb, 0xb5bb,
0xb5bb, 0xb5bb, 0xb5bb, 0xb5bb, 0xb5bb, 0xb5bb, 0xad7a, 0x8c54, 0x632f, 0x4a6c,
0x424d, 0x3a2e, 0x5b11, 0x7c15, 0x83f5, 0x4a11, 0x292c, 0x296c, 0x4211, 0x29ad,
0x2149, 0x39c9, 0x422a, 0x424b, 0x4a8c, 0x52cd, 0x5acd, 0x5aed, 0x5aed, 0x5aed,
0x5aed, 0x5aed, 0x5aed, 0x5b0e, 0x630e, 0x630e, 0x630e, 0x630e, 0x630e, 0x630e,
0x630e, 0x630e, 0x630e, 0x5aed, 0x52ac, 0x528c, 
0x630e, 0x630e, 0x630e, 0x630e, 0x0000, 0xb5bb, 0xb5bb, 0xb5bb, 0xb5bb, 0xb5bb,
0xb5bb, 0xb5bb, 0xb5bb, 0xb5bb, 0xb5bb, 0xb5bb, 0xb5bb, 0xb5bb, 0xb5bb, 0xb5bb,
0xb5bb, 0xb5bb, 0xb5bb, 0xb5bb, 0xb5bb, 0xb5bb, 0xb5bb, 0xb5bb, 0xb5bb, 0xb5bb,
0xb5bb, 0xb5bb, 0xb5bb, 0xb5bb, 0xb5bb, 0xb5bb, 0x0000, 0x52ad, 0x4a4b, 0x5aee,
0xb5bb, 0xb5bb, 0xb5bb, 0xb5bb, 0xb5bb, 0xb5bb, 0xb5bb, 0xb5bb, 0xb5bb, 0xb5bb,
0xb5bb, 0xb5bb, 0xb5bb, 0xb5bb, 0xb5bb, 0xb5bb, 0xb5bb, 0xb5bb, 0xb5bb, 0xb5bb,
0xb5bb, 0xb5bb, 0xb5bb, 0xb5bb, 0xb5bb, 0xb5bb, 0xb5bb, 0xb5bb, 0xb5bb, 0xb5bb,
0xb5bb, 0xb5bb, 0xb5bb, 0xb5bb, 0xb5bb, 0xb5bb, 0xb5bb, 0xb5bb, 0xb5bb, 0xb5bb,
0xb5bb, 0xb5bb, 0xb5bb, 0xb5bb, 0xb5bb, 0xb5bb, 0xb5bb, 0xb5bb, 0xb5bb, 0xb5bb,
0xb5bb, 0xb5bb, 0xb5bb, 0xb5bb, 0xb5bb, 0xb5bb, 0xb5bb, 0xb5bb, 0xb5bb, 0xb5bb,
0xb5bb, 0xb5bb, 0xb5bb, 0xb5bb, 0xb5bb, 0xb5bb, 0xb5bb, 0xb5bb, 0xb5bb, 0xb5bb,
0xb5bb, 0xb5bb, 0xb5bb, 0xb5bb, 0xb5bb, 0xb5bb, 0xb5bb, 0xb5bb, 0xb5bb, 0xb5bb,
0xb5bb, 0xb5bb, 0xb5bb, 0xb5bb, 0xb5bb, 0xb5bb, 0xb5bb, 0xb5bb, 0xb5bb, 0xb5bb,
0xb5bb, 0xb5bb, 0xb5bb, 0xb5bb, 0xb5bb, 0xb5bb, 0xb59b, 0xa518, 0x73b2, 0x4a8c,
0x31c9, 0x31ca, 0x424d, 0x5b31, 0x6b52, 0x41f0, 0x292c, 0x296c, 0x4211, 0x29ad,
0x2129, 0x39c9, 0x420a, 0x422a, 0x4a8c, 0x52cd, 0x5acd, 0x5acd, 0x52ad, 0x52ac,
0x4aac, 0x4aac, 0x52ac, 0x52ac, 0x5aed, 0x5b0e, 0x630e, 0x630e, 0x630e, 0x630e,
0x630e, 0x630e, 0x630e, 0x5aed, 0x52ac, 0x528c, 
0x630e, 0x630e, 0x630e, 0x630e, 0x0000, 0xb5bb, 0xb5bb, 0xb5bb, 0xb5bb, 0xb5bb,
0xb5bb, 0xb5bb, 0xb5bb, 0xb5bb, 0xb5bb, 0xb5bb, 0xb5bb, 0xb5bb, 0xb5bb, 0xb5bb,
0xb5bb, 0xb5bb, 0xb5bb, 0xb5bb, 0xb5bb, 0xb5bb, 0xb5bb, 0xb5bb, 0xb5bb, 0xb5bb,
0xb5bb, 0xb5bb, 0xb5bb, 0xb5bb, 0xb5bb, 0xb5bb, 0x0000, 0x4a4b, 0x5acd, 0x73b2,
0xb5bb, 0xb5bb, 0xb5bb, 0xb5bb, 0xb5bb, 0xb5bb, 0xb5bb, 0xb5bb, 0xb5bb, 0xb5bb,
0xb5bb, 0xb5bb, 0xb5bb, 0xb5bb, 0xb5bb, 0xb5bb, 0xb5bb, 0xb5bb, 0xb5bb, 0xb5bb,
0xb5bb, 0xb5bb, 0xb5bb, 0xb5bb, 0xb5bb, 0xb5bb, 0xb5bb, 0xb5bb, 0xb5bb, 0xb5bb,
0xb5bb, 0xb5bb, 0xb5bb, 0xb5bb, 0xb5bb, 0xb5bb, 0xb5bb, 0xb5bb, 0xb5bb, 0xb5bb,
0xb5bb, 0xb5bb, 0xb5bb, 0xb5bb, 0xb5bb, 0xb5bb, 0xb5bb, 0xb5bb, 0xb5bb, 0xb5bb,
0xb5bb, 0xb5bb, 0xb5bb, 0xb5bb, 0xb5bb, 0xb5bb, 0xb5bb, 0xb5bb, 0xb5bb, 0xb5bb,
0xb5bb, 0xb5bb, 0xb5bb, 0xb5bb, 0xb5bb, 0xb5bb, 0xb5bb, 0xb5bb, 0xb5bb, 0xb5bb,
0xb5bb, 0xb5bb, 0xb5bb, 0xb5bb, 0xb5bb, 0xb5bb, 0xb5bb, 0xb5bb, 0xb5bb, 0xb5bb,
0xb5bb, 0xb5bb, 0xb5bb, 0xb5bb, 0xb5bb, 0xb5bb, 0xb5bb, 0xb5bb, 0xb5bb, 0xb5bb,
0xb5bb, 0xb5bb, 0xb5bb, 0xb5bb, 0xb5bb, 0xb5bb, 0xb5bb, 0xad5a, 0x8c75, 0x7391,
0x4a4b, 0x4a4b, 0x5aee, 0x5ace, 0x6310, 0x41f0, 0x292c, 0x296c, 0x4211, 0x29ad,
0x2129, 0x39c9, 0x420a, 0x422a, 0x528c, 0x52cd, 0x52cd, 0x4a8c, 0x4a6b, 0x4a4b,
0x4a4b, 0x4a4b, 0x4a4b, 0x4a4b, 0x528c, 0x5aed, 0x5b0e, 0x630e, 0x630e, 0x630e,
0x630e, 0x630e, 0x5b0e, 0x5aed, 0x52ac, 0x528c, 
0x630e, 0x630e, 0x630e, 0x630e, 0x0000, 0xb5bb, 0xb5bb, 0xb5bb, 0xb5bb, 0xb5bb,
0xb5bb, 0xb5bb, 0xb5bb, 0xb5bb, 0xb5bb, 0xb5bb, 0xb5bb, 0xb5bb, 0xb5bb, 0xb5bb,
0xb5bb, 0xb5bb, 0xb5bb, 0xb5bb, 0xb5bb, 0xb5bb, 0xb5bb, 0xb5bb, 0xb5bb, 0xb5bb,
0xb5bb, 0xb5bb, 0xb5bb, 0xb5bb, 0xb5bb, 0xb5bb, 0x0000, 0x4a4b, 0x6b50, 0x8435,
0xb5bb, 0xb5bb, 0xb5bb, 0xb5bb, 0xb5bb, 0xb5bb, 0xb5bb, 0xb5bb, 0xb5bb, 0xb5bb,
0xb5bb, 0xb5bb, 0xb5bb, 0xb5bb, 0xb5bb, 0xb5bb, 0xb5bb, 0xb5bb, 0xb5bb, 0xb5bb,
0xb5bb, 0xb5bb, 0xb5bb, 0xb5bb, 0xb5bb, 0xb5bb, 0xb5bb, 0xb5bb, 0xb5bb, 0xb5bb,
0xb5bb, 0xb5bb, 0xb5bb, 0xb5bb, 0xb5bb, 0xb5bb, 0xb5bb, 0xb5bb, 0xb5bb, 0xb5bb,
0xb5bb, 0xb5bb, 0xb5bb, 0xb5bb, 0xb5bb, 0xb5bb, 0xb5bb, 0xb5bb, 0xb5bb, 0xb5bb,
0xb5bb, 0xb5bb, 0xb5bb, 0xb5bb, 0xb5bb, 0xb5bb, 0xb5bb, 0xb5bb, 0xb5bb, 0xb5bb,
0xb5bb, 0xb5bb, 0xb5bb, 0xb5bb, 0xb5bb, 0xb5bb, 0xb5bb, 0xb5bb, 0xb5bb, 0xb5bb,
0xb5bb, 0xb5bb, 0xb5bb, 0xb5bb, 0xb5bb, 0xb5bb, 0xb5bb, 0xb5bb, 0xb5bb, 0xb5bb,
0xb5bb, 0xb5bb, 0xb5bb, 0xb5bb, 0xb5bb, 0xb5bb, 0xb5bb, 0xb5bb, 0xb5bb, 0xb5bb,
0xb5bb, 0xb5bb, 0xb5bb, 0xb5bb, 0xb5bb, 0xb5bb, 0xb5bb, 0xb5bb, 0xad5a, 0x8c75,
0x5aed, 0x4aac, 0x6b91, 0x6b50, 0x6311, 0x41f0, 0x292c, 0x296c, 0x4211, 0x29ad,
0x2129, 0x39c9, 0x422a, 0x424a, 0x528c, 0x52cd, 0x52ac, 0x4a6b, 0x4a6b, 0x4a6b,
0x52ac, 0x4a8c, 0x4a6b, 0x424b, 0x4a6b, 0x52ac, 0x5aee, 0x630e, 0x630e, 0x630e,
0x630e, 0x630e, 0x5b0e, 0x5aed, 0x52ac, 0x528c, 
0x630e, 0x630e, 0x630e, 0x630e, 0x0000, 0xb5bb, 0xb5bb, 0xb5bb, 0xb5bb, 0xb5bb,
0xb5bb, 0xb5bb, 0xb5bb, 0xb5bb, 0xb5bb, 0xb5bb, 0xb5bb, 0xb5bb, 0xb5bb, 0xb5bb,
0xb5bb, 0xb5bb, 0xb5bb, 0xb5bb, 0xb5bb, 0xb5bb, 0xb5bb, 0xb5bb, 0xb5bb, 0xb5bb,
0xb5bb, 0xb5bb, 0xb5bb, 0xb5bb, 0xb5bb, 0xb5bb, 0x0000, 0x5acd, 0x7bd2, 0x94b7,
0xb5bb, 0xb5bb, 0xb5bb, 0xb5bb, 0xb5bb, 0xb5bb, 0xb5bb, 0xb5bb, 0xb5bb, 0xb5bb,
0xb5bb, 0xb5bb, 0xb5bb, 0xb5bb, 0xb5bb, 0xb5bb, 0xb5bb, 0xb5bb, 0xb5bb, 0xb5bb,
0xb5bb, 0xb5bb, 0xb5bb, 0xb5bb, 0xb5bb, 0xb5bb, 0xb5bb, 0xb5bb, 0xb5bb, 0xb5bb,
0xb5bb, 0xb5bb, 0xb5bb, 0xb5bb, 0xb5bb, 0xb5bb, 0xb5bb, 0xb5bb, 0xb5bb, 0xb5bb,
0xb5bb, 0xb5bb, 0xb5bb, 0xb5bb, 0xb5bb, 0xb5bb, 0xb5bb, 0xb5bb, 0xb5bb, 0xb5bb,
0xb5bb, 0xb5bb, 0xb5bb, 0xb5bb, 0xb5bb, 0xb5bb, 0xb5bb, 0xb5bb, 0xb5bb, 0xb5bb,
0xb5bb, 0xb5bb, 0xb5bb, 0xb5bb, 0xb5bb, 0xb5bb, 0xb5bb, 0xb5bb, 0xb5bb, 0xb5bb,
0xb5bb, 0xb5bb, 0xb5bb, 0xb5bb, 0xb5bb, 0xb5bb, 0xb5bb, 0xb5bb, 0xb5bb, 0xb5bb,
0xb5bb, 0xb5bb, 0xb5bb, 0xb5bb, 0xb5bb, 0xb5bb, 0xb5bb, 0xb5bb, 0xb5bb, 0xb5bb,
0xb5bb, 0xb5bb, 0xb5bb, 0xb5bb, 0xb5bb, 0xb5bb, 0xb5bb, 0xb5bb, 0xb5bb, 0x8c54,
0x4a8c, 0x424c, 0x4a8f, 0x5b32, 0x6b53, 0x41f0, 0x292c, 0x296c, 0x4211, 0x29ad,
0x2129, 0x39c9, 0x422a, 0x424b, 0x528c, 0x52cd, 0x528c, 0x4a4b, 0x4a6b, 0x52ac,
0x5aed, 0x5acd, 0x528c, 0x4a4b, 0x424b, 0x4a8c, 0x5aed, 0x630e, 0x630e, 0x630e,
0x630e, 0x630e, 0x630e, 0x5aed, 0x52ac, 0x528c, 
0x630e, 0x630e, 0x630e, 0x630e, 0x0000, 0xb5bb, 0xb5bb, 0xb5bb, 0xb5bb, 0xb5bb,
0xb5bb, 0xb5bb, 0xb5bb, 0xb5bb, 0xb5bb, 0xb5bb, 0xb5bb, 0xb5bb, 0xb5bb, 0xb5bb,
0xb5bb, 0xb5bb, 0xb5bb, 0xb5bb, 0xb5bb, 0xb5bb, 0xb5bb, 0xb5bb, 0xb5bb, 0xb5bb,
0xb5bb, 0xb5bb, 0xb5bb, 0xb5bb, 0xb5bb, 0xb5bb, 0x0000, 0x630f, 0x8c75, 0xb59b,
0xb5bb, 0xb5bb, 0xb5bb, 0xb5bb, 0xb5bb, 0xb5bb, 0xb5bb, 0xb5bb, 0xb5bb, 0xb5bb,
0xb5bb, 0xb5bb, 0xb5bb, 0xb5bb, 0xb5bb, 0xb5bb, 0xb5bb, 0xb5bb, 0xb5bb, 0xb5bb,
0xb5bb, 0xb5bb, 0xb5bb, 0xb5bb, 0xb5bb, 0xb5bb, 0xb5bb, 0xb5bb, 0xb5bb, 0xb5bb,
0xb5bb, 0xb5bb, 0xb5bb, 0xb5bb, 0xb5bb, 0xb5bb, 0xb5bb, 0xb5bb, 0xb5bb, 0xb5bb,
0xb5bb, 0xb5bb, 0xb5bb, 0xb5bb, 0xb5bb, 0xb5bb, 0xb5bb, 0xb5bb, 0xb5bb, 0xb5bb,
0xb5bb, 0xb5bb, 0xb5bb, 0xb5bb, 0xb5bb, 0xb5bb, 0xb5bb, 0xb5bb, 0xb5bb, 0xb5bb,
0xb5bb, 0xb5bb, 0xb5bb, 0xb5bb, 0xb5bb, 0xb5bb, 0xb5bb, 0xb5bb, 0xb5bb, 0xb5bb,
0xb5bb, 0xb5bb, 0xb5bb, 0xb5bb, 0xb5bb, 0xb5bb, 0xb5bb, 0xb5bb, 0xb5bb, 0xb5bb,
0xb5bb, 0xb5bb, 0xb5bb, 0xb5bb, 0xb5bb, 0xb5bb, 0xb5bb, 0xb5bb, 0xb5bb, 0xb5bb,
0xb5bb, 0xb5bb, 0xb5bb, 0xb5bb, 0xb5bb, 0xb5bb, 0xb5bb, 0xb59b, 0x94b7, 0x5aee,
0x4a6d, 0x4ab0, 0x5b32, 0x8456, 0x8415, 0x4a11, 0x292c, 0x296c, 0x4211, 0x29ad,
0x2129, 0x39c9, 0x422a, 0x424b, 0x528c, 0x528c, 0x4a6b, 0x4a4b, 0x4a6b, 0x52ad,
0x5aed, 0x5b0d, 0x528c, 0x424b, 0x422a, 0x4a6b, 0x52ad, 0x5b0e, 0x630e, 0x630e,
0x630e, 0x630e, 0x630e, 0x5aed, 0x52ac, 0x528c, 
0x630e, 0x630e, 0x630e, 0x630e, 0x0000, 0xb5bb, 0xb5bb, 0xb5bb, 0xb5bb, 0xb5bb,
0xb5bb, 0xb5bb, 0xb5bb, 0xb5bb, 0xb5bb, 0xb5bb, 0xb5bb, 0xb5bb, 0xb5bb, 0xb5bb,
0xb5bb, 0xb5bb, 0xb5bb, 0xb5bb, 0xb5bb, 0xb5bb, 0xb5bb, 0xb5bb, 0xb5bb, 0xb5bb,
0xb5bb, 0xb5bb, 0xb5bb, 0xb5bb, 0xb5bb, 0xb5bb, 0x0000, 0x5ace, 0x8c75, 0xb59b,
0xb5bb, 0xb5bb, 0xb5bb, 0xb5bb, 0xb5bb, 0xb5bb, 0xb5bb, 0xb5bb, 0xb5bb, 0xb5bb,
0xb5bb, 0xb5bb, 0xb5bb, 0xb5bb, 0xb5bb, 0xb5bb, 0xb5bb, 0xb5bb, 0xb5bb, 0xb5bb,
0xb5bb, 0xb5bb, 0xb5bb, 0xb5bb, 0xb5bb, 0xb5bb, 0xb5bb, 0xb5bb, 0xb5bb, 0xb5bb,
0xb5bb, 0xb5bb, 0xb5bb, 0xb5bb, 0xb5bb, 0xb5bb, 0xb5bb, 0xb5bb, 0xb5bb, 0xb5bb,
0xb5bb, 0xb5bb, 0xb5bb, 0xb5bb, 0xb5bb, 0xb5bb, 0xb5bb, 0xb5bb, 0xb5bb, 0xb5bb,
0xb5bb, 0xb5bb, 0xb5bb, 0xb5bb, 0xb5bb, 0xb5bb, 0xb5bb, 0xb5bb, 0xb5bb, 0xb5bb,
0xb5bb, 0xb5bb, 0xb5bb, 0xb5bb, 0xb5bb, 0xb5bb, 0xb5bb, 0xb5bb, 0xb5bb, 0xb5bb,
0xb5bb, 0xb5bb, 0xb5bb, 0xb5bb, 0xb5bb, 0xb5bb, 0xb5bb, 0xb5bb, 0xb5bb, 0xb5bb,
0xb5bb, 0xb5bb, 0xb5bb, 0xb5bb, 0xb5bb, 0xb5bb, 0xb5bb, 0xb5bb, 0xb5bb, 0xb5bb,
0xb5bb, 0xb5bb, 0xb5bb, 0xb5bb, 0xb5bb, 0xb5bb, 0xb5bb, 0xa518, 0x6b50, 0x4a8d,
0x52f1, 0x6354, 0x8456, 0xa55a, 0x9cd8, 0x4a31, 0x290c, 0x296c, 0x4211, 0x29ad,
0x2129, 0x39c9, 0x422a, 0x424b, 0x528c, 0x528c, 0x4a4b, 0x422a, 0x424b, 0x4a8c,
0x52ac, 0x52ac, 0x4a6b, 0x422a, 0x422a, 0x426b, 0x52ad, 0x5b0e, 0x630e, 0x630e,
0x630e, 0x630e, 0x630e, 0x5aed, 0x52ad, 0x528c, 
0x630e, 0x630e, 0x630e, 0x630e, 0x0000, 0xb5bb, 0xb5bb, 0xb5bb, 0xb5bb, 0xb5bb,
0xb5bb, 0xb5bb, 0xb5bb, 0xb5bb, 0xb5bb, 0xb5bb, 0xb5bb, 0xb5bb, 0xb5bb, 0xb5bb,
0xb5bb, 0xb5bb, 0xb5bb, 0xb5bb, 0xb5bb, 0xb5bb, 0xb5bb, 0xb5bb, 0xb5bb, 0xb5bb,
0xb5bb, 0xb5bb, 0xb5bb, 0xb5bb, 0xb5bb, 0xb5bb, 0x0000, 0x528c, 0x73b1, 0xad7a,
0xb5bb, 0xb5bb, 0xb5bb, 0xb5bb, 0xb5bb, 0xb5bb, 0xb5bb, 0xb5bb, 0xb5bb, 0xb5bb,
0xb5bb, 0xb5bb, 0xb5bb, 0xb5bb, 0xb5bb, 0xb5bb, 0xb5bb, 0xb5bb, 0xb5bb, 0xb5bb,
0xb5bb, 0xb5bb, 0xb5bb, 0xb5bb, 0xb5bb, 0xb5bb, 0xb5bb, 0xb5bb, 0xb5bb, 0xb5bb,
0xb5bb, 0xb5bb, 0xb5bb, 0xb5bb, 0xb5bb, 0xb5bb, 0xb5bb, 0xb5bb, 0xb5bb, 0xb5bb,
0xb5bb, 0xb5bb, 0xb5bb, 0xb5bb, 0xb5bb, 0xb5bb, 0xb5bb, 0xb5bb, 0xb5bb, 0xb5bb,
0xb5bb, 0xb5bb, 0xb5bb, 0xb5bb, 0xb5bb, 0xb5bb, 0xb5bb, 0xb5bb, 0xb5bb, 0xb5bb,
0xb5bb, 0xb5bb, 0xb5bb, 0xb5bb, 0xb5bb, 0xb5bb, 0xb5bb, 0xb5bb, 0xb5bb, 0xb5bb,
0xb5bb, 0xb5bb, 0xb5bb, 0xb5bb, 0xb5bb, 0xb5bb, 0xb5bb, 0xb5bb, 0xb5bb, 0xb5bb,
0xb5bb, 0xb5bb, 0xb5bb, 0xb5bb, 0xb5bb, 0xb5bb, 0xb5bb, 0xb5bb, 0xb5bb, 0xb5bb,
0xb5bb, 0xb5bb, 0xb5bb, 0xb5bb, 0xb5bb, 0xb5bb, 0xad7a, 0x7bf3, 0x4a8d, 0x4aaf,
0x5b33, 0x7c36, 0xa53a, 0xc61c, 0xad39, 0x4a31, 0x290c, 0x296c, 0x4211, 0x29ad,
0x2129, 0x39c9, 0x420a, 0x424b, 0x528c, 0x528c, 0x4a4b, 0x420a, 0x420a, 0x424b,
0x4a6b, 0x4a6b, 0x424a, 0x420a, 0x422a, 0x426b, 0x52ad, 0x5b0e, 0x630e, 0x630e,
0x630e, 0x630e, 0x630e, 0x5b0d, 0x52ed, 0x528c, 
0x630e, 0x630e, 0x630e, 0x630e, 0x0000, 0xb5bb, 0xb5bb, 0xb5bb, 0xb5bb, 0xb5bb,
0xb5bb, 0xb5bb, 0xb5bb, 0xb5bb, 0xb5bb, 0xb5bb, 0xb5bb, 0xb5bb, 0xb5bb, 0xb5bb,
0xb5bb, 0xb5bb, 0xb5bb, 0xb5bb, 0xb5bb, 0xb5bb, 0xb5bb, 0xb5bb, 0xb5bb, 0xb5bb,
0xb5bb, 0xb5bb, 0xb5bb, 0xb5bb, 0xb5bb, 0xb5bb, 0x0000, 0x6b70, 0x52ad, 0x7bd3,
0xb5bb, 0xb5bb, 0xb5bb, 0xb5bb, 0xb5bb, 0xb5bb, 0xb5bb, 0xb5bb, 0xb5bb, 0xb5bb,
0xb5bb, 0xb5bb, 0xb5bb, 0xb5bb, 0xb5bb, 0xb5bb, 0xb5bb, 0xb5bb, 0xb5bb, 0xb5bb,
0xb5bb, 0xb5bb, 0xb5bb, 0xb5bb, 0xb5bb, 0xb5bb, 0xb5bb, 0xb5bb, 0xb5bb, 0xb5bb,
0xb5bb, 0xb5bb, 0xb5bb, 0xb5bb, 0xb5bb, 0xb5bb, 0xb5bb, 0xb5bb, 0xb5bb, 0xb5bb,
0xb5bb, 0xb5bb, 0xb5bb, 0xb5bb, 0xb5bb, 0xb5bb, 0xb5bb, 0xb5bb, 0xb5bb, 0xb5bb,
0xb5bb, 0xb5bb, 0xb5bb, 0xb5bb, 0xb5bb, 0xb5bb, 0xb5bb, 0xb5bb, 0xb5bb, 0xb5bb,
0xb5bb, 0xb5bb, 0xb5bb, 0xb5bb, 0xb5bb, 0xb5bb, 0xb5bb, 0xb5bb, 0xb5bb, 0xb5bb,
0xb5bb, 0xb5bb, 0xb5bb, 0xb5bb, 0xb5bb, 0xb5bb, 0xb5bb, 0xb5bb, 0xb5bb, 0xb5bb,
0xb5bb, 0xb5bb, 0xb5bb, 0xb5bb, 0xb5bb, 0xb5bb, 0xb5bb, 0xb5bb, 0xb5bb, 0xb5bb,
0xb5bb, 0xb5bb, 0xb5bb, 0xb5bb, 0xb5bb, 0xb5bb, 0xa539, 0x6330, 0x4a8d, 0x4a90,
0x6354, 0x9499, 0xbddc, 0xd69d, 0xb579, 0x4a32, 0x290c, 0x296c, 0x4211, 0x29ad,
0x2129, 0x39c9, 0x420a, 0x424a, 0x4a8c, 0x528c, 0x4a4b, 0x420a, 0x420a, 0x422a,
0x4a4b, 0x4a6b, 0x424b, 0x422a, 0x422a, 0x426b, 0x52ad, 0x5b0e, 0x630e, 0x630e,
0x630e, 0x630e, 0x630e, 0x5b0e, 0x5aed, 0x528c, 
0x630e, 0x630e, 0x630e, 0x630e, 0x0000, 0xb5bb, 0xb5bb, 0xb5bb, 0xb5bb, 0xb5bb,
0xb5bb, 0xb5bb, 0xb5bb, 0xb5bb, 0xb5bb, 0xb5bb, 0xb5bb, 0xb5bb, 0xb5bb, 0xb5bb,
0xb5bb, 0xb5bb, 0xb5bb, 0xb5bb, 0xb5bb, 0xb5bb, 0xb5bb, 0xb5bb, 0xb5bb, 0xb5bb,
0xb5bb, 0xb5bb, 0xb5bb, 0xb5bb, 0xb5bb, 0xb5bb, 0x0000, 0x6b72, 0x5acd, 0x6310,
0xb5bb, 0xb5bb, 0xb5bb, 0xb5bb, 0xb5bb, 0xb5bb, 0xb5bb, 0xb5bb, 0xb5bb, 0xb5bb,
0xb5bb, 0xb5bb, 0xb5bb, 0xb5bb, 0xb5bb, 0xb5bb, 0xb5bb, 0xb5bb, 0xb5bb, 0xb5bb,
0xb5bb, 0xb5bb, 0xb5bb, 0xb5bb, 0xb5bb, 0xb5bb, 0xb5bb, 0xb5bb, 0xb5bb, 0xb5bb,
0xb5bb, 0xb5bb, 0xb5bb, 0xb5bb, 0xb5bb, 0xb5bb, 0xb5bb, 0xb5bb, 0xb5bb, 0xb5bb,
0xb5bb, 0xb5bb, 0xb5bb, 0xb5bb, 0xb5bb, 0xb5bb, 0xb5bb, 0xb5bb, 0xb5bb, 0xb5bb,
0xb5bb, 0xb5bb, 0xb5bb, 0xb5bb, 0xb5bb, 0xb5bb, 0xb5bb, 0xb5bb, 0xb5bb, 0xb5bb,
0xb5bb, 0xb5bb, 0xb5bb, 0xb5bb, 0xb5bb, 0xb5bb, 0xb5bb, 0xb5bb, 0xb5bb, 0xb5bb,
0xb5bb, 0xb5bb, 0xb5bb, 0xb5bb, 0xb5bb, 0xb5bb, 0xb5bb, 0xb5bb, 0xb5bb, 0xb5bb,
0xb5bb, 0xb5bb, 0xb5bb, 0xb5bb, 0xb5bb, 0xb5bb, 0xb5bb, 0xb5bb, 0xb5bb, 0xb5bb,
0xb5bb, 0xb5bb, 0xb5bb, 0xb5bb, 0xb5bb, 0xb5bb, 0xa519, 0x630f, 0x4a8c, 0x4a8f,
0x5b12, 0x8c77, 0xb5bb, 0xce9d, 0xb599, 0x4a32, 0x290c, 0x296c, 0x4211, 0x29ad,
0x2149, 0x39c9, 0x422a, 0x424a, 0x4a6b, 0x528c, 0x4a4b, 0x422a, 0x420a, 0x422a,
0x4a8c, 0x4aac, 0x4a6b, 0x424a, 0x422a, 0x4a6b, 0x52ad, 0x630e, 0x630e, 0x630e,
0x630e, 0x630e, 0x630e, 0x630e, 0x5aed, 0x528c, 
0x630e, 0x630e, 0x630e, 0x630e, 0x0000, 0xb5bb, 0xb5bb, 0xb5bb, 0xb5bb, 0xb5bb,
0xb5bb, 0xb5bb, 0xb5bb, 0xb5bb, 0xb5bb, 0xb5bb, 0xb5bb, 0xb5bb, 0xb5bb, 0xb5bb,
0xb5bb, 0xb5bb, 0xb5bb, 0xb5bb, 0xb5bb, 0xb5bb, 0xb5bb, 0xb5bb, 0xb5bb, 0xb5bb,
0xb5bb, 0xb5bb, 0xb5bb, 0xb5bb, 0xb5bb, 0xb5bb, 0x0000, 0x6b72, 0x5acd, 0x52ad,
0xb5bb, 0xb5bb, 0xb5bb, 0xb5bb, 0xb5bb, 0xb5bb, 0xb5bb, 0xb5bb, 0xb5bb, 0xb5bb,
0xb5bb, 0xb5bb, 0xb5bb, 0xb5bb, 0xb5bb, 0xb5bb, 0xb5bb, 0xb5bb, 0xb5bb, 0xb5bb,
0xb5bb, 0xb5bb, 0xb5bb, 0xb5bb, 0xb5bb, 0xb5bb, 0xb5bb, 0xb5bb, 0xb5bb, 0xb5bb,
0xb5bb, 0xb5bb, 0xb5bb, 0xb5bb, 0xb5bb, 0xb5bb, 0xb5bb, 0xb5bb, 0xb5bb, 0xb5bb,
0xb5bb, 0xb5bb, 0xb5bb, 0xb5bb, 0xb5bb, 0xb5bb, 0xb5bb, 0xb5bb, 0xb5bb, 0xb5bb,
0xb5bb, 0xb5bb, 0xb5bb, 0xb5bb, 0xb5bb, 0xb5bb, 0xb5bb, 0xb5bb, 0xb5bb, 0xb5bb,
0xb5bb, 0xb5bb, 0xb5bb, 0xb5bb, 0xb5bb, 0xb5bb, 0xb5bb, 0xb5bb, 0xb5bb, 0xb5bb,
0xb5bb, 0xb5bb, 0xb5bb, 0xb5bb, 0xb5bb, 0xb5bb, 0xb5bb, 0xb5bb, 0xb5bb, 0xb5bb,
0xb5bb, 0xb5bb, 0xb5bb, 0xb5bb, 0xb5bb, 0xb5bb, 0xb5bb, 0xb5bb, 0xb5bb, 0xb5bb,
0xb5bb, 0xb5bb, 0xb5bb, 0xb5bb, 0xb5bb, 0xb5bb, 0xa539, 0x6b50, 0x4a8c, 0x4a6d,
0x4ab0, 0x73d5, 0xa539, 0xc63c, 0xad59, 0x4a31, 0x290c, 0x296c, 0x4211, 0x29ad,
0x2149, 0x39c9, 0x420a, 0x424b, 0x4a4b, 0x4a8c, 0x4a6b, 0x422a, 0x420a, 0x422a,
0x528c, 0x52ac, 0x528c, 0x4a4b, 0x424a, 0x4a8c, 0x52cd, 0x630e, 0x630e, 0x630e,
0x630e, 0x630e, 0x630e, 0x630e, 0x5b0d, 0x52cd, 
0x630e, 0x630e, 0x630e, 0x630e, 0x0000, 0xb5bb, 0xb5bb, 0xb5bb, 0xb5bb, 0xb5bb,
0xb5bb, 0xb5bb, 0xb5bb, 0xb5bb, 0xb5bb, 0xb5bb, 0xb5bb, 0xb5bb, 0xb5bb, 0xb5bb,
0xb5bb, 0xb5bb, 0xb5bb, 0xb5bb, 0xb5bb, 0xb5bb, 0xb5bb, 0xb5bb, 0xb5bb, 0xb5bb,
0xb5bb, 0xb5bb, 0xb5bb, 0xb5bb, 0xb5bb, 0xb5bb, 0x0000, 0x6bb2, 0x5acd, 0x528d,
0xb5bb, 0xb5bb, 0xb5bb, 0xb5bb, 0xb5bb, 0xb5bb, 0xb5bb, 0xb5bb, 0xb5bb, 0xb5bb,
0xb5bb, 0xb5bb, 0xb5bb, 0xb5bb, 0xb5bb, 0xb5bb, 0xb5bb, 0xb5bb, 0xb5bb, 0xb5bb,
0xb5bb, 0xb5bb, 0xb5bb, 0xb5bb, 0xb5bb, 0xb5bb, 0xb5bb, 0xb5bb, 0xb5bb, 0xb5bb,
0xb5bb, 0xb5bb, 0xb5bb, 0xb5bb, 0xb5bb, 0xb5bb, 0xb5bb, 0xb5bb, 0xb5bb, 0xb5bb,
0xb5bb, 0xb5bb, 0xb5bb, 0xb5bb, 0xb5bb, 0xb5bb, 0xb5bb, 0xb5bb, 0xb5bb, 0xb5bb,
0xb5bb, 0xb5bb, 0xb5bb, 0xb5bb, 0xb5bb, 0xb5bb, 0xb5bb, 0xb5bb, 0xb5bb, 0xb5bb,
0xb5bb, 0xb5bb, 0xb5bb, 0xb5bb, 0xb5bb, 0xb5bb, 0xb5bb, 0xb5bb, 0xb5bb, 0xb5bb,
0xb5bb, 0xb5bb, 0xb5bb, 0xb5bb, 0xb5bb, 0xb5bb, 0xb5bb, 0xb5bb, 0xb5bb, 0xb5bb,
0xb5bb, 0xb5bb, 0xb5bb, 0xb5bb, 0xb5bb, 0xb5bb, 0xb5bb, 0xb5bb, 0xb5bb, 0xb5bb,
0xb5bb, 0xb5bb, 0xb5bb, 0xb5bb, 0xb5bb, 0xb5bb, 0xa539, 0x7391, 0x4a4b, 0x3a0a,
0x4a8e, 0x6311, 0x8c76, 0xb5ba, 0xa518, 0x5231, 0x290c, 0x296c, 0x4211, 0x29ad,
0x2129, 0x39c9, 0x422a, 0x422a, 0x424b, 0x4a8c, 0x4a8c, 0x4a4b, 0x422a, 0x422a,
0x424b, 0x4a4b, 0x424b, 0x424a, 0x4a6b, 0x52ac, 0x5aee, 0x5b0e, 0x630e, 0x630e,
0x630e, 0x630e, 0x630e, 0x630e, 0x5b0e, 0x5acd, 
0x630e, 0x630e, 0x630e, 0x630e, 0x0000, 0xb5bb, 0xb5bb, 0xb5bb, 0xb5bb, 0xb5bb,
0xb5bb, 0xb5bb, 0xb5bb, 0xb5bb, 0xb5bb, 0xb5bb, 0xb5bb, 0xb5bb, 0xb5bb, 0xb5bb,
0xb5bb, 0xb5bb, 0xb5bb, 0xb5bb, 0xb5bb, 0xb5bb, 0xb5bb, 0xb5bb, 0xb5bb, 0xb5bb,
0xb5bb, 0xb5bb, 0xb5bb, 0xb5bb, 0xb5bb, 0xb5bb, 0x0000, 0x6371, 0x4a6b, 0x52ad,
0xb5bb, 0xb5bb, 0xb5bb, 0xb5bb, 0xb5bb, 0xb5bb, 0xb5bb, 0xb5bb, 0xb5bb, 0xb5bb,
0xb5bb, 0xb5bb, 0xb5bb, 0xb5bb, 0xb5bb, 0xb5bb, 0xb5bb, 0xb5bb, 0xb5bb, 0xb5bb,
0xb5bb, 0xb5bb, 0xb5bb, 0xb5bb, 0xb5bb, 0xb5bb, 0xb5bb, 0xb5bb, 0xb5bb, 0xb5bb,
0xb5bb, 0xb5bb, 0xb5bb, 0xb5bb, 0xb5bb, 0xb5bb, 0xb5bb, 0xb5bb, 0xb5bb, 0xb5bb,
0xb5bb, 0xb5bb, 0xb5bb, 0xb5bb, 0xb5bb, 0xb5bb, 0xb5bb, 0xb5bb, 0xb5bb, 0xb5bb,
0xb5bb, 0xb5bb, 0xb5bb, 0xb5bb, 0xb5bb, 0xb5bb, 0xb5bb, 0xb5bb, 0xb5bb, 0xb5bb,
0xb5bb, 0xb5bb, 0xb5bb, 0xb5bb, 0xb5bb, 0xb5bb, 0xb5bb, 0xb5bb, 0xb5bb, 0xb5bb,
0xb5bb, 0xb5bb, 0xb5bb, 0xb5bb, 0xb5bb, 0xb5bb, 0xb5bb, 0xb5bb, 0xb5bb, 0xb5bb,
0xb5bb, 0xb5bb, 0xb5bb, 0xb5bb, 0xb5bb, 0xb5bb, 0xb5bb, 0xb5bb, 0xb5bb, 0xb5bb,
0xb5bb, 0xb5bb, 0xb5bb, 0xb5bb, 0xb5bb, 0xb5bb, 0xad5a, 0x7c13, 0x52cd, 0x31a9,
0x424b, 0x5b10, 0x73f3, 0xa537, 0x94b7, 0x4a31, 0x290c, 0x296c, 0x4211, 0x29ad,
0x2149, 0x39c9, 0x424a, 0x422a, 0x422a, 0x4a4b, 0x4a8c, 0x4a8c, 0x4a6b, 0x424a,
0x424a, 0x424b, 0x424a, 0x4a4b, 0x528c, 0x5acd, 0x5b0e, 0x630e, 0x630e, 0x630e,
0x630e, 0x630e, 0x630e, 0x630e, 0x630e, 0x5acd, 
0x630e, 0x630e, 0x630e, 0x630e, 0x0000, 0xb5bb, 0xb5bb, 0xb5bb, 0xb5bb, 0xb5bb,
0xb5bb, 0xb5bb, 0xb5bb, 0xb5bb, 0xb5bb, 0xb5bb, 0xb5bb, 0xb5bb, 0xb5bb, 0xb5bb,
0xb5bb, 0xb5bb, 0xb5bb, 0xb5bb, 0xb5bb, 0xb5bb, 0xb5bb, 0xb5bb, 0xb5bb, 0xb5bb,
0xb5bb, 0xb5bb, 0xb5bb, 0xb5bb, 0xb5bb, 0xb5bb, 0x0000, 0x6b71, 0x4a6c, 0x52ce,
0xb5bb, 0xb5bb, 0xb5bb, 0xb5bb, 0xb5bb, 0xb5bb, 0xb5bb, 0xb5bb, 0xb5bb, 0xb5bb,
0xb5bb, 0xb5bb, 0xb5bb, 0xb5bb, 0xb5bb, 0xb5bb, 0xb5bb, 0xb5bb, 0xb5bb, 0xb5bb,
0xb5bb, 0xb5bb, 0xb5bb, 0xb5bb, 0xb5bb, 0xb5bb, 0xb5bb, 0xb5bb, 0xb5bb, 0xb5bb,
0xb5bb, 0xb5bb, 0xb5bb, 0xb5bb, 0xb5bb, 0xb5bb, 0xb5bb, 0xb5bb, 0xb5bb, 0xb5bb,
0xb5bb, 0xb5bb, 0xb5bb, 0xb5bb, 0xb5bb, 0xb5bb, 0xb5bb, 0xb5bb, 0xb5bb, 0xb5bb,
0xb5bb, 0xb5bb, 0xb5bb, 0xb5bb, 0xb5bb, 0xb5bb, 0xb5bb, 0xb5bb, 0xb5bb, 0xb5bb,
0xb5bb, 0xb5bb, 0xb5bb, 0xb5bb, 0xb5bb, 0xb5bb, 0xb5bb, 0xb5bb, 0xb5bb, 0xb5bb,
0xb5bb, 0xb5bb, 0xb5bb, 0xb5bb, 0xb5bb, 0xb5bb, 0xb5bb, 0xb5bb, 0xb5bb, 0xb5bb,
0xb5bb, 0xb5bb, 0xb5bb, 0xb5bb, 0xb5bb, 0xb5bb, 0xb5bb, 0xb5bb, 0xb5bb, 0xb5bb,
0xb5bb, 0xb5bb, 0xb5bb, 0xb5bb, 0xb5bb, 0xb5bb, 0xad7a, 0x7bf4, 0x630f, 0x6b4f,
0x4a4b, 0x4a6c, 0x73b3, 0x94b6, 0x8c76, 0x4a31, 0x292c, 0x296c, 0x4211, 0x29ad,
0x2149, 0x39e9, 0x424a, 0x424b, 0x422a, 0x424a, 0x4a6b, 0x528c, 0x528c, 0x4a8c,
0x4a8c, 0x4a8c, 0x528c, 0x52ac, 0x5acd, 0x5b0d, 0x630e, 0x630e, 0x630e, 0x630e,
0x630e, 0x630e, 0x630e, 0x630e, 0x5b0e, 0x5acd, 
0x630e, 0x630e, 0x630e, 0x630e, 0x0000, 0xb5bb, 0xb5bb, 0xb5bb, 0xb5bb, 0xb5bb,
0xb5bb, 0xb5bb, 0xb5bb, 0xb5bb, 0xb5bb, 0xb5bb, 0xb5bb, 0xb5bb, 0xb5bb, 0xb5bb,
0xb5bb, 0xb5bb, 0xb5bb, 0xb5bb, 0xb5bb, 0xb5bb, 0xb5bb, 0xb5bb, 0xb5bb, 0xb5bb,
0xb5bb, 0xb5bb, 0xb5bb, 0xb5bb, 0xb5bb, 0xb5bb, 0x0000, 0x52ae, 0x4a4b, 0x630f,
0xb5bb, 0xb5bb, 0xb5bb, 0xb5bb, 0xb5bb, 0xb5bb, 0xb5bb, 0xb5bb, 0xb5bb, 0xb5bb,
0xb5bb, 0xb5bb, 0xb5bb, 0xb5bb, 0xb5bb, 0xb5bb, 0xb5bb, 0xb5bb, 0xb5bb, 0xb5bb,
0xb5bb, 0xb5bb, 0xb5bb, 0xb5bb, 0xb5bb, 0xb5bb, 0xb5bb, 0xb5bb, 0xb5bb, 0xb5bb,
0xb5bb, 0xb5bb, 0xb5bb, 0xb5bb, 0xb5bb, 0xb5bb, 0xb5bb, 0xb5bb, 0xb5bb, 0xb5bb,
0xb5bb, 0xb5bb, 0xb5bb, 0xb5bb, 0xb5bb, 0xb5bb, 0xb5bb, 0xb5bb, 0xb5bb, 0xb5bb,
0xb5bb, 0xb5bb, 0xb5bb, 0xb5bb, 0xb5bb, 0xb5bb, 0xb5bb, 0xb5bb, 0xb5bb, 0xb5bb,
0xb5bb, 0xb5bb, 0xb5bb, 0xb5bb, 0xb5bb, 0xb5bb, 0xb5bb, 0xb5bb, 0xb5bb, 0xb5bb,
0xb5bb, 0xb5bb, 0xb5bb, 0xb5bb, 0xb5bb, 0xb5bb, 0xb5bb, 0xb5bb, 0xb5bb, 0xb5bb,
0xb5bb, 0xb5bb, 0xb5bb, 0xb5bb, 0xb5bb, 0xb5bb, 0xb5bb, 0xb5bb, 0xb5bb, 0xb5bb,
0xb5bb, 0xb5bb, 0xb5bb, 0xb5bb, 0xb5bb, 0xb5bb, 0xad7a, 0x7bd2, 0x4a6c, 0x6350,
0x6bb0, 0x528c, 0x73b2, 0x9495, 0x8c35, 0x4a31, 0x292c, 0x296c, 0x4211, 0x29ad,
0x2149, 0x39c9, 0x424a, 0x424b, 0x422a, 0x424a, 0x4a4b, 0x4a8c, 0x52ac, 0x52cd,
0x52ac, 0x52cd, 0x5acd, 0x5aed, 0x5b0d, 0x5b0e, 0x5b0e, 0x630e, 0x630e, 0x630e,
0x630e, 0x630e, 0x630e, 0x630e, 0x5aed, 0x52cd, 
0x630e, 0x630e, 0x630e, 0x630e, 0x0000, 0x0000, 0x0000, 0x0000, 0x0000, 0x0000,
0x0000, 0x0000, 0x0000, 0x0000, 0x0000, 0x0000, 0x0000, 0x0000, 0x0000, 0x0000,
0x0000, 0x0000, 0x0000, 0x0000, 0x0000, 0x0000, 0x0000, 0x0000, 0x0000, 0x0000,
0x0000, 0x0000, 0x0000, 0x0000, 0x0000, 0x0000, 0x0000, 0x39c9, 0x4a6b, 0x6b71,
0xb5bb, 0xb5bb, 0xb5bb, 0xb5bb, 0xb5bb, 0xb5bb, 0xb5bb, 0xb5bb, 0xb5bb, 0xb5bb,
0xb5bb, 0xb5bb, 0xb5bb, 0xb5bb, 0xb5bb, 0xb5bb, 0xb5bb, 0xb5bb, 0xb5bb, 0xb5bb,
0xb5bb, 0xb5bb, 0xb5bb, 0xb5bb, 0xb5bb, 0xb5bb, 0xb5bb, 0xb5bb, 0xb5bb, 0xb5bb,
0xb5bb, 0xb5bb, 0xb5bb, 0xb5bb, 0xb5bb, 0xb5bb, 0xb5bb, 0xb5bb, 0xb5bb, 0xb5bb,
0xb5bb, 0xb5bb, 0xb5bb, 0xb5bb, 0xb5bb, 0xb5bb, 0xb5bb, 0xb5bb, 0xb5bb, 0xb5bb,
0xb5bb, 0xb5bb, 0xb5bb, 0xb5bb, 0xb5bb, 0xb5bb, 0xb5bb, 0xb5bb, 0xb5bb, 0xb5bb,
0xb5bb, 0xb5bb, 0xb5bb, 0xb5bb, 0xb5bb, 0xb5bb, 0xb5bb, 0xb5bb, 0xb5bb, 0xb5bb,
0xb5bb, 0xb5bb, 0xb5bb, 0xb5bb, 0xb5bb, 0xb5bb, 0xb5bb, 0xb5bb, 0xb5bb, 0xb5bb,
0xb5bb, 0xb5bb, 0xb5bb, 0xb5bb, 0xb5bb, 0xb5bb, 0xb5bb, 0xb5bb, 0xb5bb, 0xb5bb,
0xb5bb, 0xb5bb, 0xb5bb, 0xb5bb, 0xb5bb, 0xb5bb, 0xa539, 0x6330, 0x424c, 0x424e,
0x5b11, 0x6352, 0x7393, 0x9496, 0x8c55, 0x4a31, 0x292c, 0x296c, 0x4211, 0x29ad,
0x2149, 0x39c9, 0x424a, 0x4a4b, 0x424b, 0x420a, 0x422a, 0x4a4b, 0x528c, 0x52cd,
0x5acd, 0x5acd, 0x5acd, 0x5acd, 0x5aed, 0x5b0d, 0x5b0e, 0x5b0e, 0x5b0e, 0x5b0e,
0x5b0e, 0x5b0e, 0x5b0e, 0x5aed, 0x52ad, 0x4a6c, 
0x630e, 0x630e, 0x630e, 0x630e, 0x630e, 0x630e, 0x630e, 0x630e, 0x630e, 0x630e,
0x5aed, 0x4a8b, 0x422a, 0x420a, 0x420a, 0x4a4b, 0x5aed, 0x630e, 0x630e, 0x630e,
0x630e, 0x630e, 0x630e, 0x630e, 0x5b0d, 0x422a, 0x4a4c, 0x5af1, 0x4232, 0x31af,
0x3170, 0x314d, 0x6310, 0x8436, 0x7bd4, 0x6b52, 0x5aef, 0x422a, 0x5acd, 0x73b2,
0xb5bb, 0xb5bb, 0xb5bb, 0xb5bb, 0xb5bb, 0xb5bb, 0xb5bb, 0xb5bb, 0xb5bb, 0xb5bb,
0xb5bb, 0xb5bb, 0xb5bb, 0xb5bb, 0xb5bb, 0xb5bb, 0xb5bb, 0xb5bb, 0xb5bb, 0xb5bb,
0xb5bb, 0xb5bb, 0xb5bb, 0xb5bb, 0xb5bb, 0xb5bb, 0xb5bb, 0xb5bb, 0xb5bb, 0xb5bb,
0xb5bb, 0xb5bb, 0xb5bb, 0xb5bb, 0xb5bb, 0xb5bb, 0xb5bb, 0xb5bb, 0xb5bb, 0xb5bb,
0xb5bb, 0xb5bb, 0xb5bb, 0xb5bb, 0xb5bb, 0xb5bb, 0xb5bb, 0xb5bb, 0xb5bb, 0xb5bb,
0xb5bb, 0xb5bb, 0xb5bb, 0xb5bb, 0xb5bb, 0xb5bb, 0xb5bb, 0xb5bb, 0xb5bb, 0xb5bb,
0xb5bb, 0xb5bb, 0xb5bb, 0xb5bb, 0xb5bb, 0xb5bb, 0xb5bb, 0xb5bb, 0xb5bb, 0xb5bb,
0xb5bb, 0xb5bb, 0xb5bb, 0xb5bb, 0xb5bb, 0xb5bb, 0xb5bb, 0xb5bb, 0xb5bb, 0xb5bb,
0xb5bb, 0xb5bb, 0xb5bb, 0xb5bb, 0xb5bb, 0xb5bb, 0xb5bb, 0xb5bb, 0xb5bb, 0xb5bb,
0xb5bb, 0xb5bb, 0xb5bb, 0xb5bb, 0xb5bb, 0xb5bb, 0x9cf8, 0x52ac, 0x424c, 0x422f,
0x4271, 0x6313, 0x7bf5, 0x94b6, 0x8c56, 0x4a31, 0x292c, 0x296c, 0x4211, 0x29ad,
0x2149, 0x39e9, 0x424a, 0x4a4b, 0x4a4b, 0x424b, 0x420a, 0x422a, 0x4a6b, 0x4a8c,
0x52cd, 0x5acd, 0x5acd, 0x5acd, 0x5acd, 0x5aed, 0x5b0d, 0x5b0d, 0x5b0e, 0x5b0e,
0x5b0e, 0x5b0e, 0x5b0d, 0x52ac, 0x4a6b, 0x424a, 
0x630e, 0x630e, 0x630e, 0x630e, 0x630e, 0x630e, 0x630e, 0x630e, 0x630e, 0x5b0d,
0x528c, 0x422a, 0x420a, 0x420a, 0x420a, 0x422a, 0x4a8c, 0x5acd, 0x630e, 0x630e,
0x630e, 0x630e, 0x630e, 0x630e, 0x5b0d, 0x422a, 0x4a4c, 0x5af1, 0x4232, 0x31af,
0x3990, 0x314d, 0x6b52, 0x94ba, 0x8459, 0x6b75, 0x73f4, 0x632f, 0x52ad, 0x73f3,
0xb5bb, 0xb5bb, 0xb5bb, 0xb5bb, 0xb5bb, 0xb5bb, 0xb5bb, 0xb5bb, 0xb5bb, 0xb5bb,
0xb5bb, 0xb5bb, 0xb5bb, 0xb5bb, 0xb5bb, 0xb5bb, 0xb5bb, 0xb5bb, 0xb5bb, 0xb5bb,
0xb5bb, 0xb5bb, 0xb5bb, 0xb5bb, 0xb5bb, 0xb5bb, 0xb5bb, 0xb5bb, 0xb5bb, 0xb5bb,
0xb5bb, 0xb5bb, 0xb5bb, 0xb5bb, 0xb5bb, 0xb5bb, 0xb5bb, 0xb5bb, 0xb5bb, 0xb5bb,
0xb5bb, 0xb5bb, 0xb5bb, 0xb5bb, 0xb5bb, 0xb5bb, 0xb5bb, 0xb5bb, 0xb5bb, 0xb5bb,
0xb5bb, 0xb5bb, 0xb5bb, 0xb5bb, 0xb5bb, 0xb5bb, 0xb5bb, 0xb5bb, 0xb5bb, 0xb5bb,
0xb5bb, 0xb5bb, 0xb5bb, 0xb5bb, 0xb5bb, 0xb5bb, 0xb5bb, 0xb5bb, 0xb5bb, 0xb5bb,
0xb5bb, 0xb5bb, 0xb5bb, 0xb5bb, 0xb5bb, 0xb5bb, 0xb5bb, 0xb5bb, 0xb5bb, 0xb5bb,
0xb5bb, 0xb5bb, 0xb5bb, 0xb5bb, 0xb5bb, 0xb5bb, 0xb5bb, 0xb5bb, 0xb5bb, 0xb5bb,
0xb5bb, 0xb5bb, 0xb5bb, 0xb5bb, 0xb5bb, 0xb5bb, 0x9cf8, 0x528d, 0x424c, 0x3a4e,
0x4a91, 0x5b33, 0x73b4, 0x8c97, 0x8456, 0x4a31, 0x292c, 0x296c, 0x4211, 0x29ad,
0x2149, 0x39e9, 0x424a, 0x4a4b, 0x4a4b, 0x4a4b, 0x424b, 0x422a, 0x424a, 0x4a4b,
0x4a6b, 0x52ad, 0x5acd, 0x5acd, 0x5acd, 0x5acd, 0x5aed, 0x5b0d, 0x5b0d, 0x5b0e,
0x5aee, 0x5acd, 0x52ac, 0x4a6b, 0x424a, 0x424a, 
0x630e, 0x630e, 0x630e, 0x630e, 0x630e, 0x630e, 0x630e, 0x630e, 0x5b0e, 0x52cd,
0x4a4b, 0x422a, 0x420a, 0x420a, 0x420a, 0x420a, 0x422a, 0x4a8c, 0x5acd, 0x630e,
0x630e, 0x630e, 0x630e, 0x5b0e, 0x5aed, 0x422a, 0x4a4c, 0x5af1, 0x4232, 0x31af,
0x3170, 0x314d, 0x73b2, 0xa53a, 0x94d9, 0x6b95, 0x6bb4, 0x6b91, 0x52ac, 0x6b91,
0xb5bb, 0xb5bb, 0xb5bb, 0xb5bb, 0xb5bb, 0xb5bb, 0xb5bb, 0xb5bb, 0xb5bb, 0xb5bb,
0xb5bb, 0xb5bb, 0xb5bb, 0xb5bb, 0xb5bb, 0xb5bb, 0xb5bb, 0xb5bb, 0xb5bb, 0xb5bb,
0xb5bb, 0xb5bb, 0xb5bb, 0xb5bb, 0xb5bb, 0xb5bb, 0xb5bb, 0xb5bb, 0xb5bb, 0xb5bb,
0xb5bb, 0xb5bb, 0xb5bb, 0xb5bb, 0xb5bb, 0xb5bb, 0xb5bb, 0xb5bb, 0xb5bb, 0xb5bb,
0xb5bb, 0xb5bb, 0xb5bb, 0xb5bb, 0xb5bb, 0xb5bb, 0xb5bb, 0xb5bb, 0xb5bb, 0xb5bb,
0xb5bb, 0xb5bb, 0xb5bb, 0xb5bb, 0xb5bb, 0xb5bb, 0xb5bb, 0xb5bb, 0xb5bb, 0xb5bb,
0xb5bb, 0xb5bb, 0xb5bb, 0xb5bb, 0xb5bb, 0xb5bb, 0xb5bb, 0xb5bb, 0xb5bb, 0xb5bb,
0xb5bb, 0xb5bb, 0xb5bb, 0xb5bb, 0xb5bb, 0xb5bb, 0xb5bb, 0xb5bb, 0xb5bb, 0xb5bb,
0xb5bb, 0xb5bb, 0xb5bb, 0xb5bb, 0xb5bb, 0xb5bb, 0xb5bb, 0xb5bb, 0xb5bb, 0xb5bb,
0xb5bb, 0xb5bb, 0xb5bb, 0xb5bb, 0xb5bb, 0xb5bb, 0xa518, 0x5acd, 0x424b, 0x3a2d,
0x3a2f, 0x52b1, 0x6b53, 0x8436, 0x8415, 0x4a11, 0x292c, 0x296c, 0x4211, 0x29ad,
0x2149, 0x39e9, 0x424a, 0x4a4b, 0x4a4b, 0x4a4b, 0x424b, 0x420a, 0x420a, 0x422a,
0x4a4b, 0x4a6b, 0x4aac, 0x52ad, 0x52cd, 0x52cd, 0x5acd, 0x5acd, 0x5acd, 0x52cd,
0x52ac, 0x4a8c, 0x4a6b, 0x424a, 0x424a, 0x424a, 
0x630e, 0x630e, 0x630e, 0x630e, 0x630e, 0x630e, 0x630e, 0x630e, 0x5acd, 0x4a6b,
0x420a, 0x420a, 0x420a, 0x420a, 0x420a, 0x420a, 0x420a, 0x422a, 0x4a6b, 0x5acd,
0x5b0d, 0x5b0e, 0x5b0e, 0x5b0e, 0x52cd, 0x422a, 0x4a4c, 0x5af1, 0x4232, 0x31af,
0x3150, 0x314d, 0x8413, 0xb5db, 0xad5a, 0x7bf6, 0x6373, 0x73d2, 0x5aed, 0x632f,
0xb5bb, 0xb5bb, 0xb5bb, 0xb5bb, 0xb5bb, 0xb5bb, 0xb5bb, 0xb5bb, 0xb5bb, 0xb5bb,
0xb5bb, 0xb5bb, 0xb5bb, 0xb5bb, 0xb5bb, 0xb5bb, 0xb5bb, 0xb5bb, 0xb5bb, 0xb5bb,
0xb5bb, 0xb5bb, 0xb5bb, 0xb5bb, 0xb5bb, 0xb5bb, 0xb5bb, 0xb5bb, 0xb5bb, 0xb5bb,
0xb5bb, 0xb5bb, 0xb5bb, 0xb5bb, 0xb5bb, 0xb5bb, 0xb5bb, 0xb5bb, 0xb5bb, 0xb5bb,
0xb5bb, 0xb5bb, 0xb5bb, 0xb5bb, 0xb5bb, 0xb5bb, 0xb5bb, 0xb5bb, 0xb5bb, 0xb5bb,
0xb5bb, 0xb5bb, 0xb5bb, 0xb5bb, 0xb5bb, 0xb5bb, 0xb5bb, 0xb5bb, 0xb5bb, 0xb5bb,
0xb5bb, 0xb5bb, 0xb5bb, 0xb5bb, 0xb5bb, 0xb5bb, 0xb5bb, 0xb5bb, 0xb5bb, 0xb5bb,
0xb5bb, 0xb5bb, 0xb5bb, 0xb5bb, 0xb5bb, 0xb5bb, 0xb5bb, 0xb5bb, 0xb5bb, 0xb5bb,
0xb5bb, 0xb5bb, 0xb5bb, 0xb5bb, 0xb5bb, 0xb5bb, 0xb5bb, 0xb5bb, 0xb5bb, 0xb5bb,
0xb5bb, 0xb5bb, 0xb5bb, 0xb5bb, 0xb5bb, 0xb5bb, 0xa539, 0x630f, 0x4a4c, 0x3a2c,
0x31ec, 0x4a4f, 0x6312, 0x8415, 0x7bf5, 0x4a11, 0x292c, 0x296c, 0x4211, 0x29ad,
0x2149, 0x39e9, 0x424a, 0x4a4b, 0x4a4b, 0x4a4b, 0x424b, 0x420a, 0x422a, 0x424b,
0x4a4b, 0x4a4b, 0x4a6b, 0x4a6b, 0x4aac, 0x52ac, 0x52ac, 0x52ac, 0x4aac, 0x4a6b,
0x4a6b, 0x4a4a, 0x4a4a, 0x4a4a, 0x4a4a, 0x4a4a, 
0x630e, 0x630e, 0x630e, 0x630e, 0x630e, 0x630e, 0x630e, 0x5acd, 0x4a6b, 0x420a,
0x420a, 0x420a, 0x420a, 0x420a, 0x422a, 0x420a, 0x420a, 0x420a, 0x422a, 0x424b,
0x4a8c, 0x52ad, 0x5aed, 0x5b0d, 0x52cd, 0x422a, 0x4a4c, 0x5af1, 0x4232, 0x31af,
0x3150, 0x314d, 0x8c73, 0xbe1b, 0xb59b, 0x8457, 0x5b32, 0x73b3, 0x5aee, 0x528d,
0xb5bb, 0xb5bb, 0xb5bb, 0xb5bb, 0xb5bb, 0xb5bb, 0xb5bb, 0xb5bb, 0xb5bb, 0xb5bb,
0xb5bb, 0xb5bb, 0xb5bb, 0xb5bb, 0xb5bb, 0xb5bb, 0xb5bb, 0xb5bb, 0xb5bb, 0xb5bb,
0xb5bb, 0xb5bb, 0xb5bb, 0xb5bb, 0xb5bb, 0xb5bb, 0xb5bb, 0xb5bb, 0xb5bb, 0xb5bb,
0xb5bb, 0xb5bb, 0xb5bb, 0xb5bb, 0xb5bb, 0xb5bb, 0xb5bb, 0xb5bb, 0xb5bb, 0xb5bb,
0xb5bb, 0xb5bb, 0xb5bb, 0xb5bb, 0xb5bb, 0xb5bb, 0xb5bb, 0xb5bb, 0xb5bb, 0xb5bb,
0xb5bb, 0xb5bb, 0xb5bb, 0xb5bb, 0xb5bb, 0xb5bb, 0xb5bb, 0xb5bb, 0xb5bb, 0xb5bb,
0xb5bb, 0xb5bb, 0xb5bb, 0xb5bb, 0xb5bb, 0xb5bb, 0xb5bb, 0xb5bb, 0xb5bb, 0xb5bb,
0xb5bb, 0xb5bb, 0xb5bb, 0xb5bb, 0xb5bb, 0xb5bb, 0xb5bb, 0xb5bb, 0xb5bb, 0xb5bb,
0xb5bb, 0xb5bb, 0xb5bb, 0xb5bb, 0xb5bb, 0xb5bb, 0xb5bb, 0xb5bb, 0xb5bb, 0xb5bb,
0xb5bb, 0xb5bb, 0xb5bb, 0xb5bb, 0xb5bb, 0xb5bb, 0xa559, 0x6b91, 0x422b, 0x31a9,
0x31cb, 0x3a0c, 0x52ee, 0x8414, 0x83f5, 0x4a11, 0x292c, 0x296c, 0x4211, 0x29ad,
0x2149, 0x39e9, 0x424a, 0x4a4b, 0x4a4b, 0x424b, 0x422a, 0x422a, 0x4a4b, 0x4a8c,
0x52ac, 0x4a8c, 0x4a6b, 0x4a6b, 0x4a4b, 0x4a4b, 0x4a4b, 0x4a4b, 0x4a4b, 0x4a4a,
0x4a4a, 0x4a4a, 0x4a4a, 0x4a4a, 0x4a4a, 0x4a4a, 
0x630e, 0x630e, 0x630e, 0x630e, 0x630e, 0x630e, 0x5b0d, 0x4a8c, 0x422a, 0x420a,
0x420a, 0x422a, 0x422a, 0x422a, 0x424a, 0x422a, 0x422a, 0x420a, 0x420a, 0x420a,
0x422a, 0x4a4b, 0x4a8c, 0x52ac, 0x4a8c, 0x39e9, 0x4a4c, 0x5af1, 0x4232, 0x31af,
0x3150, 0x314d, 0x8c53, 0xbdfa, 0xad7a, 0x8436, 0x52f1, 0x6b92, 0x632f, 0x4a6c,
0xb5bb, 0xb5bb, 0xb5bb, 0xb5bb, 0xb5bb, 0xb5bb, 0xb5bb, 0xb5bb, 0xb5bb, 0xb5bb,
0xb5bb, 0xb5bb, 0xb5bb, 0xb5bb, 0xb5bb, 0xb5bb, 0xb5bb, 0xb5bb, 0xb5bb, 0xb5bb,
0xb5bb, 0xb5bb, 0xb5bb, 0xb5bb, 0xb5bb, 0xb5bb, 0xb5bb, 0xb5bb, 0xb5bb, 0xb5bb,
0xb5bb, 0xb5bb, 0xb5bb, 0xb5bb, 0xb5bb, 0xb5bb, 0xb5bb, 0xb5bb, 0xb5bb, 0xb5bb,
0xb5bb, 0xb5bb, 0xb5bb, 0xb5bb, 0xb5bb, 0xb5bb, 0xb5bb, 0xb5bb, 0xb5bb, 0xb5bb,
0xb5bb, 0xb5bb, 0xb5bb, 0xb5bb, 0xb5bb, 0xb5bb, 0xb5bb, 0xb5bb, 0xb5bb, 0xb5bb,
0xb5bb, 0xb5bb, 0xb5bb, 0xb5bb, 0xb5bb, 0xb5bb, 0xb5bb, 0xb5bb, 0xb5bb, 0xb5bb,
0xb5bb, 0xb5bb, 0xb5bb, 0xb5bb, 0xb5bb, 0xb5bb, 0xb5bb, 0xb5bb, 0xb5bb, 0xb5bb,
0xb5bb, 0xb5bb, 0xb5bb, 0xb5bb, 0xb5bb, 0xb5bb, 0xb5bb, 0xb5bb, 0xb5bb, 0xb5bb,
0xb5bb, 0xb5bb, 0xb5bb, 0xb5bb, 0xb5bb, 0xb5bb, 0xad59, 0x7c13, 0x5aed, 0x31a8,
0x39eb, 0x4a8e, 0x6b72, 0x8c77, 0x8436, 0x4a11, 0x292c, 0x296c, 0x4211, 0x29ad,
0x2149, 0x39e9, 0x424a, 0x4a4b, 0x4a4b, 0x424b, 0x422a, 0x424b, 0x4a8c, 0x52cd,
0x52cd, 0x52ac, 0x528c, 0x4a8b, 0x4a6b, 0x4a6b, 0x4a6b, 0x4a4b, 0x4a6a, 0x4a6a,
0x4a6a, 0x4a6a, 0x4a6a, 0x4a6a, 0x4a6a, 0x4a6a, 
0x630e, 0x630e, 0x630e, 0x630e, 0x5b0e, 0x5aed, 0x52ac, 0x422a, 0x420a, 0x420a,
0x422a, 0x424a, 0x4a4a, 0x4a4a, 0x4a4a, 0x4a4a, 0x4a4a, 0x424a, 0x422a, 0x420a,
0x420a, 0x420a, 0x422a, 0x422a, 0x422a, 0x31a8, 0x424c, 0x5af1, 0x4232, 0x31af,
0x3150, 0x314d, 0x8433, 0xb5ba, 0x9cd8, 0x73b4, 0x4ab0, 0x5b10, 0x52ad, 0x422b,
0xb5bb, 0xb5bb, 0xb5bb, 0xb5bb, 0xb5bb, 0xb5bb, 0xb5bb, 0xb5bb, 0xb5bb, 0xb5bb,
0xb5bb, 0xb5bb, 0xb5bb, 0xb5bb, 0xb5bb, 0xb5bb, 0xb5bb, 0xb5bb, 0xb5bb, 0xb5bb,
0xb5bb, 0xb5bb, 0xb5bb, 0xb5bb, 0xb5bb, 0xb5bb, 0xb5bb, 0xb5bb, 0xb5bb, 0xb5bb,
0xb5bb, 0xb5bb, 0xb5bb, 0xb5bb, 0xb5bb, 0xb5bb, 0xb5bb, 0xb5bb, 0xb5bb, 0xb5bb,
0xb5bb, 0xb5bb, 0xb5bb, 0xb5bb, 0xb5bb, 0xb5bb, 0xb5bb, 0xb5bb, 0xb5bb, 0xb5bb,
0xb5bb, 0xb5bb, 0xb5bb, 0xb5bb, 0xb5bb, 0xb5bb, 0xb5bb, 0xb5bb, 0xb5bb, 0xb5bb,
0xb5bb, 0xb5bb, 0xb5bb, 0xb5bb, 0xb5bb, 0xb5bb, 0xb5bb, 0xb5bb, 0xb5bb, 0xb5bb,
0xb5bb, 0xb5bb, 0xb5bb, 0xb5bb, 0xb5bb, 0xb5bb, 0xb5bb, 0xb5bb, 0xb5bb, 0xb5bb,
0xb5bb, 0xb5bb, 0xb5bb, 0xb5bb, 0xb5bb, 0xb5bb, 0xb5bb, 0xb5bb, 0xb5bb, 0xb5bb,
0xb5bb, 0xb5bb, 0xb5bb, 0xb5bb, 0xb5bb, 0xb5bb, 0xad7a, 0x8c55, 0x630e, 0x422b,
0x424d, 0x52d1, 0x7bf6, 0x9cf9, 0x94b7, 0x4a31, 0x292c, 0x296c, 0x4211, 0x29ad,
0x2149, 0x39e9, 0x424a, 0x4a4b, 0x4a4b, 0x424b, 0x424b, 0x4a6b, 0x52ac, 0x5acd,
0x5acd, 0x52cc, 0x52cc, 0x528c, 0x528b, 0x528b, 0x528b, 0x528b, 0x528b, 0x528b,
0x528b, 0x528b, 0x528b, 0x528b, 0x528b, 0x528b, 
0x630e, 0x630e, 0x630e, 0x5aed, 0x52ac, 0x4a4b, 0x420a, 0x420a, 0x420a, 0x422a,
0x424a, 0x4a4a, 0x4a4a, 0x4a4a, 0x4a4a, 0x4a4a, 0x4a4a, 0x4a4a, 0x4a4a, 0x424a,
0x422a, 0x422a, 0x422a, 0x422a, 0x3a09, 0x3187, 0x422c, 0x5af1, 0x4232, 0x31af,
0x3150, 0x314d, 0x7bf2, 0x9d18, 0x7c15, 0x52f1, 0x426f, 0x424c, 0x39ea, 0x4a6c,
0xb5bb, 0xb5bb, 0xb5bb, 0xb5bb, 0xb5bb, 0xb5bb, 0xb5bb, 0xb5bb, 0xb5bb, 0xb5bb,
0xb5bb, 0xb5bb, 0xb5bb, 0xb5bb, 0xb5bb, 0xb5bb, 0xb5bb, 0xb5bb, 0xb5bb, 0xb5bb,
0xb5bb, 0xb5bb, 0xb5bb, 0xb5bb, 0xb5bb, 0xb5bb, 0xb5bb, 0xb5bb, 0xb5bb, 0xb5bb,
0xb5bb, 0xb5bb, 0xb5bb, 0xb5bb, 0xb5bb, 0xb5bb, 0xb5bb, 0xb5bb, 0xb5bb, 0xb5bb,
0xb5bb, 0xb5bb, 0xb5bb, 0xb5bb, 0xb5bb, 0xb5bb, 0xb5bb, 0xb5bb, 0xb5bb, 0xb5bb,
0xb5bb, 0xb5bb, 0xb5bb, 0xb5bb, 0xb5bb, 0xb5bb, 0xb5bb, 0xb5bb, 0xb5bb, 0xb5bb,
0xb5bb, 0xb5bb, 0xb5bb, 0xb5bb, 0xb5bb, 0xb5bb, 0xb5bb, 0xb5bb, 0xb5bb, 0xb5bb,
0xb5bb, 0xb5bb, 0xb5bb, 0xb5bb, 0xb5bb, 0xb5bb, 0xb5bb, 0xb5bb, 0xb5bb, 0xb5bb,
0xb5bb, 0xb5bb, 0xb5bb, 0xb5bb, 0xb5bb, 0xb5bb, 0xb5bb, 0xb5bb, 0xb5bb, 0xb5bb,
0xb5bb, 0xb5bb, 0xb5bb, 0xb5bb, 0xb5bb, 0xb5bb, 0xad7a, 0x8c76, 0x6330, 0x4a6c,
0x4a6e, 0x6313, 0x9498, 0xb59b, 0xa4f8, 0x5231, 0x290c, 0x296c, 0x4211, 0x29ad,
0x2149, 0x39e9, 0x424a, 0x4a4b, 0x4a4b, 0x424b, 0x424a, 0x4a6b, 0x52ac, 0x5acd,
0x5acc, 0x52cc, 0x52cc, 0x528c, 0x528b, 0x528b, 0x528b, 0x528b, 0x528b, 0x528b,
0x528b, 0x528b, 0x528b, 0x528b, 0x528b, 0x528b, 
0x630e, 0x5b0e, 0x5aed, 0x4a8c, 0x424b, 0x420a, 0x420a, 0x420a, 0x422a, 0x424a,
0x4a4a, 0x4a6a, 0x4a6b, 0x4a6b, 0x4a6b, 0x4a6a, 0x4a6a, 0x4a6a, 0x4a6a, 0x4a6a,
0x4a6a, 0x4a6a, 0x4a6a, 0x4a6a, 0x424a, 0x31a8, 0x4a4c, 0x5af1, 0x4232, 0x31af,
0x3150, 0x314d, 0x73b2, 0x9496, 0x6bb4, 0x52f0, 0x3a0b, 0x39c9, 0x4a6b, 0x630f,
0xb5bb, 0xb5bb, 0xb5bb, 0xb5bb, 0xb5bb, 0xb5bb, 0xb5bb, 0xb5bb, 0xb5bb, 0xb5bb,
0xb5bb, 0xb5bb, 0xb5bb, 0xb5bb, 0xb5bb, 0xb5bb, 0xb5bb, 0xb5bb, 0xb5bb, 0xb5bb,
0xb5bb, 0xb5bb, 0xb5bb, 0xb5bb, 0xb5bb, 0xb5bb, 0xb5bb, 0xb5bb, 0xb5bb, 0xb5bb,
0xb5bb, 0xb5bb, 0xb5bb, 0xb5bb, 0xb5bb, 0xb5bb, 0xb5bb, 0xb5bb, 0xb5bb, 0xb5bb,
0xb5bb, 0xb5bb, 0xb5bb, 0xb5bb, 0xb5bb, 0xb5bb, 0xb5bb, 0xb5bb, 0xb5bb, 0xb5bb,
0xb5bb, 0xb5bb, 0xb5bb, 0xb5bb, 0xb5bb, 0xb5bb, 0xb5bb, 0xb5bb, 0xb5bb, 0xb5bb,
0xb5bb, 0xb5bb, 0xb5bb, 0xb5bb, 0xb5bb, 0xb5bb, 0xb5bb, 0xb5bb, 0xb5bb, 0xb5bb,
0xb5bb, 0xb5bb, 0xb5bb, 0xb5bb, 0xb5bb, 0xb5bb, 0xb5bb, 0xb5bb, 0xb5bb, 0xb5bb,
0xb5bb, 0xb5bb, 0xb5bb, 0xb5bb, 0xb5bb, 0xb5bb, 0xb5bb, 0xb5bb, 0xb5bb, 0xb5bb,
0xb5bb, 0xb5bb, 0xb5bb, 0xb5bb, 0xb5bb, 0xb5bb, 0xad7a, 0x8c75, 0x632f, 0x4a6c,
0x4a8f, 0x6354, 0x94d9, 0xbdfb, 0xad39, 0x5231, 0x290c, 0x296c, 0x4211, 0x29ad,
0x2149, 0x39e9, 0x424a, 0x4a4b, 0x424b, 0x422a, 0x424a, 0x4a6b, 0x52ac, 0x5acc,
0x52ac, 0x52ac, 0x528c, 0x528b, 0x528b, 0x528b, 0x528b, 0x528b, 0x528b, 0x528b,
0x528b, 0x528b, 0x528b, 0x5a8b, 0x5a8b, 0x5aab, 
0x5acd, 0x52ac, 0x4a4b, 0x422a, 0x420a, 0x420a, 0x422a, 0x424a, 0x4a4b, 0x4a8b,
0x528b, 0x528b, 0x528b, 0x528b, 0x528b, 0x528b, 0x528b, 0x528b, 0x528b, 0x528b,
0x528b, 0x528b, 0x528b, 0x528b, 0x4a6a, 0x39e8, 0x4a4c, 0x5af1, 0x4232, 0x31af,
0x3150, 0x314d, 0x73b1, 0x8c56, 0x7bf4, 0x6b71, 0x424a, 0x4a6b, 0x6b70, 0x7bf4,
0xb5bb, 0xb5bb, 0xb5bb, 0xb5bb, 0xb5bb, 0xb5bb, 0xb5bb, 0xb5bb, 0xb5bb, 0xb5bb,
0xb5bb, 0xb5bb, 0xb5bb, 0xb5bb, 0xb5bb, 0xb5bb, 0xb5bb, 0xb5bb, 0xb5bb, 0xb5bb,
0xb5bb, 0xb5bb, 0xb5bb, 0xb5bb, 0xb5bb, 0xb5bb, 0xb5bb, 0xb5bb, 0xb5bb, 0xb5bb,
0xb5bb, 0xb5bb, 0xb5bb, 0xb5bb, 0xb5bb, 0xb5bb, 0xb5bb, 0xb5bb, 0xb5bb, 0xb5bb,
0xb5bb, 0xb5bb, 0xb5bb, 0xb5bb, 0xb5bb, 0xb5bb, 0xb5bb, 0xb5bb, 0xb5bb, 0xb5bb,
0xb5bb, 0xb5bb, 0xb5bb, 0xb5bb, 0xb5bb, 0xb5bb, 0xb5bb, 0xb5bb, 0xb5bb, 0xb5bb,
0xb5bb, 0xb5bb, 0xb5bb, 0xb5bb, 0xb5bb, 0xb5bb, 0xb5bb, 0xb5bb, 0xb5bb, 0xb5bb,
0xb5bb, 0xb5bb, 0xb5bb, 0xb5bb, 0xb5bb, 0xb5bb, 0xb5bb, 0xb5bb, 0xb5bb, 0xb5bb,
0xb5bb, 0xb5bb, 0xb5bb, 0xb5bb, 0xb5bb, 0xb5bb, 0xb5bb, 0xb5bb, 0xb5bb, 0xb5bb,
0xb5bb, 0xb5bb, 0xb5bb, 0xb5bb, 0xb5bb, 0xb5bb, 0xad7a, 0x8c75, 0x6b4f, 0x528c,
0x52af, 0x6354, 0x94d9, 0xbe1c, 0xad59, 0x4a31, 0x290c, 0x296c, 0x4211, 0x29ad,
0x2149, 0x39e9, 0x424a, 0x4a4b, 0x424b, 0x424a, 0x424a, 0x4a6b, 0x52ac, 0x52cc,
0x52cc, 0x528c, 0x5a8b, 0x5acb, 0x5acb, 0x5aab, 0x5a8b, 0x5a8b, 0x5a8b, 0x5a8b,
0x5a8b, 0x5acb, 0x5acb, 0x5acb, 0x5acb, 0x5acb, 
0x4a6b, 0x422a, 0x420a, 0x420a, 0x422a, 0x4a4a, 0x4a6b, 0x4a8b, 0x528b, 0x528b,
0x528b, 0x528b, 0x52ab, 0x5aab, 0x5aab, 0x5aab, 0x5aab, 0x5aab, 0x5a8b, 0x528b,
0x528b, 0x528b, 0x528b, 0x528b, 0x528a, 0x4208, 0x4a4c, 0x5af1, 0x4232, 0x31af,
0x3150, 0x314d, 0x73b2, 0x8c96, 0x6b93, 0x73d3, 0x6b90, 0x528c, 0x73f2, 0x9cd8,
0xb5bb, 0xb5bb, 0xb5bb, 0xb5bb, 0xb5bb, 0xb5bb, 0xb5bb, 0xb5bb, 0xb5bb, 0xb5bb,
0xb5bb, 0xb5bb, 0xb5bb, 0xb5bb, 0xb5bb, 0xb5bb, 0xb5bb, 0xb5bb, 0xb5bb, 0xb5bb,
0xb5bb, 0xb5bb, 0xb5bb, 0xb5bb, 0xb5bb, 0xb5bb, 0xb5bb, 0xb5bb, 0xb5bb, 0xb5bb,
0xb5bb, 0xb5bb, 0xb5bb, 0xb5bb, 0xb5bb, 0xb5bb, 0xb5bb, 0xb5bb, 0xb5bb, 0xb5bb,
0xb5bb, 0xb5bb, 0xb5bb, 0xb5bb, 0xb5bb, 0xb5bb, 0xb5bb, 0xb5bb, 0xb5bb, 0xb5bb,
0xb5bb, 0xb5bb, 0xb5bb, 0xb5bb, 0xb5bb, 0xb5bb, 0xb5bb, 0xb5bb, 0xb5bb, 0xb5bb,
0xb5bb, 0xb5bb, 0xb5bb, 0xb5bb, 0xb5bb, 0xb5bb, 0xb5bb, 0xb5bb, 0xb5bb, 0xb5bb,
0xb5bb, 0xb5bb, 0xb5bb, 0xb5bb, 0xb5bb, 0xb5bb, 0xb5bb, 0xb5bb, 0xb5bb, 0xb5bb,
0xb5bb, 0xb5bb, 0xb5bb, 0xb5bb, 0xb5bb, 0xb5bb, 0xb5bb, 0xb5bb, 0xb5bb, 0xb5bb,
0xb5bb, 0xb5bb, 0xb5bb, 0xb5bb, 0xb5bb, 0xb5bb, 0xb59b, 0x9cd7, 0x73b1, 0x4a6c,
0x52ae, 0x6b94, 0x9499, 0xbe1c, 0xad59, 0x4a32, 0x290c, 0x296c, 0x4211, 0x29ad,
0x2149, 0x39e9, 0x424a, 0x4a4b, 0x4a4b, 0x424a, 0x426b, 0x4a8b, 0x52ac, 0x52cc,
0x52ab, 0x528b, 0x5acb, 0x5acb, 0x5acb, 0x5acb, 0x5acb, 0x5acb, 0x5acb, 0x5acb,
0x5acb, 0x5acb, 0x5acb, 0x5acb, 0x5acb, 0x5acb, 
0x420a, 0x420a, 0x420a, 0x424a, 0x4a6b, 0x4a6b, 0x528b, 0x528b, 0x528b, 0x52ab,
0x52ab, 0x5acb, 0x5acb, 0x5acb, 0x5acb, 0x5acb, 0x5acb, 0x5acb, 0x5acb, 0x5aab,
0x5a8b, 0x5a8b, 0x5a8b, 0x5a8b, 0x528a, 0x4208, 0x4a4c, 0x5af1, 0x4232, 0x31af,
0x3150, 0x314d, 0x7bf2, 0x9d18, 0x73f4, 0x5b11, 0x73b2, 0x630e, 0x6b70, 0x9cf8,
0xb5bb, 0xb5bb, 0xb5bb, 0xb5bb, 0xb5bb, 0xb5bb, 0xb5bb, 0xb5bb, 0xb5bb, 0xb5bb,
0xb5bb, 0xb5bb, 0xb5bb, 0xb5bb, 0xb5bb, 0xb5bb, 0xb5bb, 0xb5bb, 0xb5bb, 0xb5bb,
0xb5bb, 0xb5bb, 0xb5bb, 0xb5bb, 0xb5bb, 0xb5bb, 0xb5bb, 0xb5bb, 0xb5bb, 0xb5bb,
0xb5bb, 0xb5bb, 0xb5bb, 0xb5bb, 0xb5bb, 0xb5bb, 0xb5bb, 0xb5bb, 0xb5bb, 0xb5bb,
0xb5bb, 0xb5bb, 0xb5bb, 0xb5bb, 0xb5bb, 0xb5bb, 0xb5bb, 0xb5bb, 0xb5bb, 0xb5bb,
0xb5bb, 0xb5bb, 0xb5bb, 0xb5bb, 0xb5bb, 0xb5bb, 0xb5bb, 0xb5bb, 0xb5bb, 0xb5bb,
0xb5bb, 0xb5bb, 0xb5bb, 0xb5bb, 0xb5bb, 0xb5bb, 0xb5bb, 0xb5bb, 0xb5bb, 0xb5bb,
0xb5bb, 0xb5bb, 0xb5bb, 0xb5bb, 0xb5bb, 0xb5bb, 0xb5bb, 0xb5bb, 0xb5bb, 0xb5bb,
0xb5bb, 0xb5bb, 0xb5bb, 0xb5bb, 0xb5bb, 0xb5bb, 0xb5bb, 0xb5bb, 0xb5bb, 0xb5bb,
0xb5bb, 0xb5bb, 0xb5bb, 0xb5bb, 0xb5bb, 0xb5bb, 0xb5bb, 0xad59, 0x7bf3, 0x5acd,
0x5aef, 0x6b94, 0x94b9, 0xc63c, 0xad79, 0x4a32, 0x290c, 0x296c, 0x4211, 0x29ad,
0x2149, 0x39e9, 0x424a, 0x4a4b, 0x424b, 0x424a, 0x4a6b, 0x4a8c, 0x52ac, 0x52ac,
0x528b, 0x528b, 0x5a8b, 0x5aab, 0x5acb, 0x5acb, 0x5acb, 0x5acb, 0x5acb, 0x5acb,
0x5acb, 0x5acb, 0x5acb, 0x5acb, 0x5acb, 0x5acb, 
0x420a, 0x4a4a, 0x4a4b, 0x4a8b, 0x528b, 0x528b, 0x528b, 0x52ac, 0x5acc, 0x5acb,
0x5acb, 0x5acb, 0x5acb, 0x5acb, 0x5acb, 0x5acb, 0x5acb, 0x5acb, 0x5acb, 0x5acb,
0x5acb, 0x5acb, 0x5a8b, 0x5a8b, 0x528a, 0x4208, 0x4a4c, 0x5af1, 0x4232, 0x31af,
0x3150, 0x314d, 0x8c53, 0xb59a, 0x9497, 0x6332, 0x6b72, 0x632f, 0x5aee, 0x8414,
0xb5bb, 0xb5bb, 0xb5bb, 0xb5bb, 0xb5bb, 0xb5bb, 0xb5bb, 0xb5bb, 0xb5bb, 0xb5bb,
0xb5bb, 0xb5bb, 0xb5bb, 0xb5bb, 0xb5bb, 0xb5bb, 0xb5bb, 0xb5bb, 0xb5bb, 0xb5bb,
0xb5bb, 0xb5bb, 0xb5bb, 0xb5bb, 0xb5bb, 0xb5bb, 0xb5bb, 0xb5bb, 0xb5bb, 0xb5bb,
0xb5bb, 0xb5bb, 0xb5bb, 0xb5bb, 0xb5bb, 0xb5bb, 0xb5bb, 0xb5bb, 0xb5bb, 0xb5bb,
0xb5bb, 0xb5bb, 0xb5bb, 0xb5bb, 0xb5bb, 0xb5bb, 0xb5bb, 0xb5bb, 0xb5bb, 0xb5bb,
0xb5bb, 0xb5bb, 0xb5bb, 0xb5bb, 0xb5bb, 0xb5bb, 0xb5bb, 0xb5bb, 0xb5bb, 0xb5bb,
0xb5bb, 0xb5bb, 0xb5bb, 0xb5bb, 0xb5bb, 0xb5bb, 0xb5bb, 0xb5bb, 0xb5bb, 0xb5bb,
0xb5bb, 0xb5bb, 0xb5bb, 0xb5bb, 0xb5bb, 0xb5bb, 0xb5bb, 0xb5bb, 0xb5bb, 0xb5bb,
0xb5bb, 0xb5bb, 0xb5bb, 0xb5bb, 0xb5bb, 0xb5bb, 0xb5bb, 0xb5bb, 0xb5bb, 0xb5bb,
0xb5bb, 0xb5bb, 0xb5bb, 0xb5bb, 0xb5bb, 0xb5bb, 0xb5bb, 0xad59, 0x73b2, 0x52ad,
0x52f0, 0x6b95, 0x9d1a, 0xc65c, 0xb579, 0x4a32, 0x290c, 0x296c, 0x4211, 0x29ad,
0x2149, 0x39e9, 0x424a, 0x4a4b, 0x424b, 0x424a, 0x4a6b, 0x4a8c, 0x528c, 0x528b,
0x528b, 0x528b, 0x5a8b, 0x5aab, 0x5acb, 0x5acb, 0x5acb, 0x5acb, 0x5acb, 0x5acb,
0x5acb, 0x5acb, 0x5acb, 0x5acb, 0x5acb, 0x5acb, 
0x4a6b, 0x4a8b, 0x528b, 0x528b, 0x52ac, 0x5acc, 0x5acc, 0x5acc, 0x5acc, 0x5acc,
0x5acc, 0x5acc, 0x5acb, 0x5acb, 0x5acb, 0x5acb, 0x5acb, 0x5acb, 0x5acb, 0x5acb,
0x5acb, 0x5acb, 0x5acb, 0x5acb, 0x528a, 0x4208, 0x4a4c, 0x5af1, 0x4232, 0x31af,
0x3150, 0x314d, 0x8c53, 0xbddb, 0xa559, 0x6bb4, 0x6b93, 0x6b70, 0x5acd, 0x6b71,
0xb5bb, 0xb5bb, 0xb5bb, 0xb5bb, 0xb5bb, 0xb5bb, 0xb5bb, 0xb5bb, 0xb5bb, 0xb5bb,
0xb5bb, 0xb5bb, 0xb5bb, 0xb5bb, 0xb5bb, 0xb5bb, 0xb5bb, 0xb5bb, 0xb5bb, 0xb5bb,
0xb5bb, 0xb5bb, 0xb5bb, 0xb5bb, 0xb5bb, 0xb5bb, 0xb5bb, 0xb5bb, 0xb5bb, 0xb5bb,
0xb5bb, 0xb5bb, 0xb5bb, 0xb5bb, 0xb5bb, 0xb5bb, 0xb5bb, 0xb5bb, 0xb5bb, 0xb5bb,
0xb5bb, 0xb5bb, 0xb5bb, 0xb5bb, 0xb5bb, 0xb5bb, 0xb5bb, 0xb5bb, 0xb5bb, 0xb5bb,
0xb5bb, 0xb5bb, 0xb5bb, 0xb5bb, 0xb5bb, 0xb5bb, 0xb5bb, 0xb5bb, 0xb5bb, 0xb5bb,
0xb5bb, 0xb5bb, 0xb5bb, 0xb5bb, 0xb5bb, 0xb5bb, 0xb5bb, 0xb5bb, 0xb5bb, 0xb5bb,
0xb5bb, 0xb5bb, 0xb5bb, 0xb5bb, 0xb5bb, 0xb5bb, 0xb5bb, 0xb5bb, 0xb5bb, 0xb5bb,
0xb5bb, 0xb5bb, 0xb5bb, 0xb5bb, 0xb5bb, 0xb5bb, 0xb5bb, 0xb5bb, 0xb5bb, 0xb5bb,
0xb5bb, 0xb5bb, 0xb5bb, 0xb5bb, 0xb5bb, 0xb5bb, 0xb5bb, 0xa539, 0x6b70, 0x528d,
0x5b31, 0x73f6, 0xa57a, 0xce7c, 0xb59a, 0x4a52, 0x290c, 0x296c, 0x4211, 0x29ad,
0x2149, 0x39e9, 0x424a, 0x4a4b, 0x424b, 0x424a, 0x4a6b, 0x4a8c, 0x528c, 0x528b,
0x528b, 0x5a8b, 0x5a8b, 0x5aab, 0x5acb, 0x5acb, 0x5acb, 0x5acb, 0x5acb, 0x5acb,
0x5acb, 0x5acb, 0x5acb, 0x5acb, 0x5acb, 0x5acb, 
0x52ab, 0x52ac, 0x52ac, 0x5acc, 0x5acc, 0x5acc, 0x5acc, 0x5acc, 0x5acc, 0x5acc,
0x62cc, 0x62cc, 0x62cc, 0x62cc, 0x62cc, 0x62cb, 0x62cb, 0x5acb, 0x5acb, 0x5acb,
0x5acb, 0x5acb, 0x5acb, 0x5acb, 0x528a, 0x4208, 0x4a4c, 0x5af1, 0x4232, 0x31af,
0x3150, 0x314d, 0x8c33, 0xbddb, 0xa53a, 0x73d5, 0x6b94, 0x5b0f, 0x528c, 0x6b50,
0xb5bb, 0xb5bb, 0xb5bb, 0xb5bb, 0xb5bb, 0xb5bb, 0xb5bb, 0xb5bb, 0xb5bb, 0xb5bb,
0xb5bb, 0xb5bb, 0xb5bb, 0xb5bb, 0xb5bb, 0xb5bb, 0xb5bb, 0xb5bb, 0xb5bb, 0xb5bb,
0xb5bb, 0xb5bb, 0xb5bb, 0xb5bb, 0xb5bb, 0xb5bb, 0xb5bb, 0xb5bb, 0xb5bb, 0xb5bb,
0xb5bb, 0xb5bb, 0xb5bb, 0xb5bb, 0xb5bb, 0xb5bb, 0xb5bb, 0xb5bb, 0xb5bb, 0xb5bb,
0xb5bb, 0xb5bb, 0xb5bb, 0xb5bb, 0xb5bb, 0xb5bb, 0xb5bb, 0xb5bb, 0xb5bb, 0xb5bb,
0xb5bb, 0xb5bb, 0xb5bb, 0xb5bb, 0xb5bb, 0xb5bb, 0xb5bb, 0xb5bb, 0xb5bb, 0xb5bb,
0xb5bb, 0xb5bb, 0xb5bb, 0xb5bb, 0xb5bb, 0xb5bb, 0xb5bb, 0xb5bb, 0xb5bb, 0xb5bb,
0xb5bb, 0xb5bb, 0xb5bb, 0xb5bb, 0xb5bb, 0xb5bb, 0xb5bb, 0xb5bb, 0xb5bb, 0xb5bb,
0xb5bb, 0xb5bb, 0xb5bb, 0xb5bb, 0xb5bb, 0xb5bb, 0xb5bb, 0xb5bb, 0xb5bb, 0xb5bb,
0xb5bb, 0xb5bb, 0xb5bb, 0xb5bb, 0xb5bb, 0xb5bb, 0xb59b, 0x8c96, 0x5aee, 0x52af,
0x6333, 0x8437, 0xadbb, 0xd6bd, 0xb5ba, 0x4a52, 0x290c, 0x296c, 0x4211, 0x29ad,
0x2149, 0x39e9, 0x424a, 0x4a4b, 0x424b, 0x424a, 0x4a6b, 0x528b, 0x528b, 0x528b,
0x528b, 0x5a8b, 0x5a8b, 0x5acb, 0x5acb, 0x5acb, 0x5acb, 0x5acb, 0x5acb, 0x5acb,
0x5acb, 0x5acb, 0x62cb, 0x62cb, 0x62cb, 0x62cb, 
0x5acc, 0x5acc, 0x5acc, 0x5acc, 0x5acc, 0x5acc, 0x5acc, 0x5acc, 0x62cc, 0x630c,
0x630c, 0x62ec, 0x62cc, 0x62cc, 0x62cc, 0x62cb, 0x62cb, 0x62cb, 0x62cb, 0x5acb,
0x5acb, 0x5acb, 0x5acb, 0x5acb, 0x5a8a, 0x4208, 0x4a4c, 0x5af1, 0x4232, 0x31af,
0x3150, 0x314d, 0x8413, 0xad7a, 0x94b8, 0x6374, 0x6bb4, 0x634f, 0x528d, 0x6b71,
0xb5bb, 0xb5bb, 0xb5bb, 0xb5bb, 0xb5bb, 0xb5bb, 0xb5bb, 0xb5bb, 0xb5bb, 0xb5bb,
0xb5bb, 0xb5bb, 0xb5bb, 0xb5bb, 0xb5bb, 0xb5bb, 0xb5bb, 0xb5bb, 0xb5bb, 0xb5bb,
0xb5bb, 0xb5bb, 0xb5bb, 0xb5bb, 0xb5bb, 0xb5bb, 0xb5bb, 0xb5bb, 0xb5bb, 0xb5bb,
0xb5bb, 0xb5bb, 0xb5bb, 0xb5bb, 0xb5bb, 0xb5bb, 0xb5bb, 0xb5bb, 0xb5bb, 0xb5bb,
0xb5bb, 0xb5bb, 0xb5bb, 0xb5bb, 0xb5bb, 0xb5bb, 0xb5bb, 0xb5bb, 0xb5bb, 0xb5bb,
0xb5bb, 0xb5bb, 0xb5bb, 0xb5bb, 0xb5bb, 0xb5bb, 0xb5bb, 0xb5bb, 0xb5bb, 0xb5bb,
0xb5bb, 0xb5bb, 0xb5bb, 0xb5bb, 0xb5bb, 0xb5bb, 0xb5bb, 0xb5bb, 0xb5bb, 0xb5bb,
0xb5bb, 0xb5bb, 0xb5bb, 0xb5bb, 0xb5bb, 0xb5bb, 0xb5bb, 0xb5bb, 0xb5bb, 0xb5bb,
0xb5bb, 0xb5bb, 0xb5bb, 0xb5bb, 0xb5bb, 0xb5bb, 0xb5bb, 0xb5bb, 0xb5bb, 0xb5bb,
0xb5bb, 0xb5bb, 0xb5bb, 0xb5bb, 0xb5bb, 0xb5bb, 0xa559, 0x6b70, 0x4a6c, 0x52d0,
0x6374, 0x8c79, 0xbdfb, 0xdedd, 0xb5ba, 0x4a52, 0x290c, 0x296c, 0x4211, 0x29ad,
0x2149, 0x39e9, 0x424a, 0x4a4b, 0x424b, 0x424a, 0x4a6b, 0x4a8b, 0x528b, 0x528b,
0x528b, 0x5a8b, 0x5a8b, 0x5acb, 0x5acb, 0x5acb, 0x5acb, 0x5acb, 0x5acb, 0x5acb,
0x5acb, 0x62cb, 0x62cb, 0x62cb, 0x62cb, 0x62cc, 
0x5acc, 0x5acc, 0x5acc, 0x5acc, 0x5acc, 0x5acc, 0x62ec, 0x62ec, 0x62ec, 0x62ec,
0x62cc, 0x62cc, 0x62cc, 0x62cc, 0x62cc, 0x62cc, 0x62cb, 0x62cb, 0x62cb, 0x5acb,
0x5acb, 0x5acb, 0x5acb, 0x5acb, 0x5a8a, 0x4208, 0x4a4c, 0x5af1, 0x4232, 0x31af,
0x3150, 0x314d, 0x73b2, 0x94d8, 0x73d5, 0x52d2, 0x52af, 0x4a6b, 0x52ac, 0x7392,
0xb5bb, 0xb5bb, 0xb5bb, 0xb5bb, 0xb5bb, 0xb5bb, 0xb5bb, 0xb5bb, 0xb5bb, 0xb5bb,
0xb5bb, 0xb5bb, 0xb5bb, 0xb5bb, 0xb5bb, 0xb5bb, 0xb5bb, 0xb5bb, 0xb5bb, 0xb5bb,
0xb5bb, 0xb5bb, 0xb5bb, 0xb5bb, 0xb5bb, 0xb5bb, 0xb5bb, 0xb5bb, 0xb5bb, 0xb5bb,
0xb5bb, 0xb5bb, 0xb5bb, 0xb5bb, 0xb5bb, 0xb5bb, 0xb5bb, 0xb5bb, 0xb5bb, 0xb5bb,
0xb5bb, 0xb5bb, 0xb5bb, 0xb5bb, 0xb5bb, 0xb5bb, 0xb5bb, 0xb5bb, 0xb5bb, 0xb5bb,
0xb5bb, 0xb5bb, 0xb5bb, 0xb5bb, 0xb5bb, 0xb5bb, 0xb5bb, 0xb5bb, 0xb5bb, 0xb5bb,
0xb5bb, 0xb5bb, 0xb5bb, 0xb5bb, 0xb5bb, 0xb5bb, 0xb5bb, 0xb5bb, 0xb5bb, 0xb5bb,
0xb5bb, 0xb5bb, 0xb5bb, 0xb5bb, 0xb5bb, 0xb5bb, 0xb5bb, 0xb5bb, 0xb5bb, 0xb5bb,
0xb5bb, 0xb5bb, 0xb5bb, 0xb5bb, 0xb5bb, 0xb5bb, 0xb5bb, 0xb5bb, 0xb5bb, 0xb5bb,
0xb5bb, 0xb5bb, 0xb5bb, 0xb5bb, 0xb5bb, 0xb5bb, 0x9cf8, 0x52ad, 0x4a8e, 0x4ab1,
0x6b95, 0x9cd9, 0xc61c, 0xdedd, 0xb5ba, 0x4a52, 0x290c, 0x296c, 0x4211, 0x29ad,
0x2149, 0x39e9, 0x424a, 0x4a4b, 0x424b, 0x420a, 0x426b, 0x4a8b, 0x528b, 0x528b,
0x528b, 0x5a8b, 0x5a8a, 0x5aaa, 0x5acb, 0x5acb, 0x5acb, 0x5acb, 0x5acb, 0x5acb,
0x5acb, 0x5acb, 0x5acb, 0x62cb, 0x62cb, 0x62cc, 
0x5acc, 0x5acc, 0x5aec, 0x62ec, 0x62ec, 0x630c, 0x630c, 0x630c, 0x630c, 0x630c,
0x62ec, 0x62cc, 0x62cc, 0x62cc, 0x62cc, 0x62cc, 0x62cb, 0x62cb, 0x62cb, 0x62cb,
0x5acb, 0x5acb, 0x5acb, 0x5acb, 0x5a8a, 0x4208, 0x4a4c, 0x5af1, 0x4232, 0x31af,
0x3170, 0x314d, 0x6b51, 0x7c36, 0x6b94, 0x528f, 0x31a9, 0x39ea, 0x630f, 0x7bf4,
0xb5bb, 0xb5bb, 0xb5bb, 0xb5bb, 0xb5bb, 0xb5bb, 0xb5bb, 0xb5bb, 0xb5bb, 0xb5bb,
0xb5bb, 0xb5bb, 0xb5bb, 0xb5bb, 0xb5bb, 0xb5bb, 0xb5bb, 0xb5bb, 0xb5bb, 0xb5bb,
0xb5bb, 0xb5bb, 0xb5bb, 0xb5bb, 0xb5bb, 0xb5bb, 0xb5bb, 0xb5bb, 0xb5bb, 0xb5bb,
0xb5bb, 0xb5bb, 0xb5bb, 0xb5bb, 0xb5bb, 0xb5bb, 0xb5bb, 0xb5bb, 0xb5bb, 0xb5bb,
0xb5bb, 0xb5bb, 0xb5bb, 0xb5bb, 0xb5bb, 0xb5bb, 0xb5bb, 0xb5bb, 0xb5bb, 0xb5bb,
0xb5bb, 0xb5bb, 0xb5bb, 0xb5bb, 0xb5bb, 0xb5bb, 0xb5bb, 0xb5bb, 0xb5bb, 0xb5bb,
0xb5bb, 0xb5bb, 0xb5bb, 0xb5bb, 0xb5bb, 0xb5bb, 0xb5bb, 0xb5bb, 0xb5bb, 0xb5bb,
0xb5bb, 0xb5bb, 0xb5bb, 0xb5bb, 0xb5bb, 0xb5bb, 0xb5bb, 0xb5bb, 0xb5bb, 0xb5bb,
0xb5bb, 0xb5bb, 0xb5bb, 0xb5bb, 0xb5bb, 0xb5bb, 0xb5bb, 0xb5bb, 0xb5bb, 0xb5bb,
0xb5bb, 0xb5bb, 0xb5bb, 0xb5bb, 0xb5bb, 0xb5bb, 0x94b6, 0x424c, 0x426e, 0x4a91,
0x6b75, 0x94f9, 0xbdfc, 0xdedd, 0xb5ba, 0x4a52, 0x290c, 0x296c, 0x4211, 0x29ad,
0x2149, 0x39e9, 0x424a, 0x4a4b, 0x424b, 0x420a, 0x426b, 0x4a8b, 0x528b, 0x528b,
0x528a, 0x5a8a, 0x5a8a, 0x5aaa, 0x5aca, 0x5acb, 0x5acb, 0x5acb, 0x5acb, 0x5acb,
0x5acb, 0x5acb, 0x5acb, 0x62cb, 0x62cc, 0x62cc, 
0x630d, 0x630d, 0x630d, 0x630d, 0x630c, 0x630c, 0x630c, 0x630c, 0x630c, 0x630c,
0x630c, 0x630c, 0x630c, 0x630c, 0x630c, 0x62cc, 0x62cc, 0x62cb, 0x62cb, 0x62cb,
0x62cb, 0x62cb, 0x5acb, 0x5acb, 0x5aaa, 0x4208, 0x4a4c, 0x5af1, 0x4232, 0x31af,
0x3990, 0x314d, 0x5b10, 0x73f4, 0x6b92, 0x52ce, 0x4a8b, 0x4a6c, 0x73b1, 0x8c76,
0xb5bb, 0xb5bb, 0xb5bb, 0xb5bb, 0xb5bb, 0xb5bb, 0xb5bb, 0xb5bb, 0xb5bb, 0xb5bb,
0xb5bb, 0xb5bb, 0xb5bb, 0xb5bb, 0xb5bb, 0xb5bb, 0xb5bb, 0xb5bb, 0xb5bb, 0xb5bb,
0xb5bb, 0xb5bb, 0xb5bb, 0xb5bb, 0xb5bb, 0xb5bb, 0xb5bb, 0xb5bb, 0xb5bb, 0xb5bb,
0xb5bb, 0xb5bb, 0xb5bb, 0xb5bb, 0xb5bb, 0xb5bb, 0xb5bb, 0xb5bb, 0xb5bb, 0xb5bb,
0xb5bb, 0xb5bb, 0xb5bb, 0xb5bb, 0xb5bb, 0xb5bb, 0xb5bb, 0xb5bb, 0xb5bb, 0xb5bb,
0xb5bb, 0xb5bb, 0xb5bb, 0xb5bb, 0xb5bb, 0xb5bb, 0xb5bb, 0xb5bb, 0xb5bb, 0xb5bb,
0xb5bb, 0xb5bb, 0xb5bb, 0xb5bb, 0xb5bb, 0xb5bb, 0xb5bb, 0xb5bb, 0xb5bb, 0xb5bb,
0xb5bb, 0xb5bb, 0xb5bb, 0xb5bb, 0xb5bb, 0xb5bb, 0xb5bb, 0xb5bb, 0xb5bb, 0xb5bb,
0xb5bb, 0xb5bb, 0xb5bb, 0xb5bb, 0xb5bb, 0xb5bb, 0xb5bb, 0xb5bb, 0xb5bb, 0xb5bb,
0xb5bb, 0xb5bb, 0xb5bb, 0xb5bb, 0xb5bb, 0xb5bb, 0x9cd7, 0x424b, 0x424c, 0x4a8f,
0x5b12, 0x8476, 0xb5ba, 0xd69d, 0xb59a, 0x4a52, 0x290c, 0x296c, 0x4211, 0x29ad,
0x2149, 0x39e9, 0x424a, 0x4a4b, 0x4a4b, 0x424a, 0x4a6b, 0x4a8b, 0x528b, 0x528b,
0x528a, 0x5a8a, 0x5a8a, 0x5acb, 0x5acb, 0x5acb, 0x5acb, 0x5acb, 0x5acb, 0x5acb,
0x62cb, 0x62cb, 0x62cb, 0x62cb, 0x62cc, 0x62cc, 
0x630d, 0x630d, 0x630d, 0x630d, 0x630d, 0x630d, 0x630c, 0x630c, 0x630c, 0x630c,
0x630c, 0x630c, 0x630c, 0x630c, 0x630c, 0x62cc, 0x62cc, 0x62cb, 0x62cb, 0x62cb,
0x62cb, 0x62cb, 0x62cb, 0x5acb, 0x5aaa, 0x4208, 0x4a4c, 0x5af1, 0x4232, 0x31af,
0x3990, 0x314d, 0x6310, 0x7c34, 0x5aef, 0x5b10, 0x73b1, 0x528c, 0x632f, 0x9496,
0xb5bb, 0xb5bb, 0xb5bb, 0xb5bb, 0xb5bb, 0xb5bb, 0xb5bb, 0xb5bb, 0xb5bb, 0xb5bb,
0xb5bb, 0xb5bb, 0xb5bb, 0xb5bb, 0xb5bb, 0xb5bb, 0xb5bb, 0xb5bb, 0xb5bb, 0xb5bb,
0xb5bb, 0xb5bb, 0xb5bb, 0xb5bb, 0xb5bb, 0xb5bb, 0xb5bb, 0xb5bb, 0xb5bb, 0xb5bb,
0xb5bb, 0xb5bb, 0xb5bb, 0xb5bb, 0xb5bb, 0xb5bb, 0xb5bb, 0xb5bb, 0xb5bb, 0xb5bb,
0xb5bb, 0xb5bb, 0xb5bb, 0xb5bb, 0xb5bb, 0xb5bb, 0xb5bb, 0xb5bb, 0xb5bb, 0xb5bb,
0xb5bb, 0xb5bb, 0xb5bb, 0xb5bb, 0xb5bb, 0xb5bb, 0xb5bb, 0xb5bb, 0xb5bb, 0xb5bb,
0xb5bb, 0xb5bb, 0xb5bb, 0xb5bb, 0xb5bb, 0xb5bb, 0xb5bb, 0xb5bb, 0xb5bb, 0xb5bb,
0xb5bb, 0xb5bb, 0xb5bb, 0xb5bb, 0xb5bb, 0xb5bb, 0xb5bb, 0xb5bb, 0xb5bb, 0xb5bb,
0xb5bb, 0xb5bb, 0xb5bb, 0xb5bb, 0xb5bb, 0xb5bb, 0xb5bb, 0xb5bb, 0xb5bb, 0xb5bb,
0xb5bb, 0xb5bb, 0xb5bb, 0xb5bb, 0xb5bb, 0xb5bb, 0xa519, 0x630f, 0x4a4b, 0x426d,
0x4ad0, 0x6b73, 0x9cf8, 0xbdfb, 0xad58, 0x4a31, 0x290c, 0x296c, 0x4211, 0x29ad,
0x2149, 0x39e9, 0x424a, 0x4a4b, 0x4a4b, 0x424a, 0x4a4b, 0x4a8b, 0x528b, 0x528b,
0x528a, 0x5a8a, 0x5a8a, 0x5aca, 0x5acb, 0x5acb, 0x5acb, 0x5acb, 0x5acb, 0x5acb,
0x62cb, 0x62cb, 0x62cb, 0x62cb, 0x62cc, 0x62cc, 
0x630d, 0x630d, 0x630d, 0x630d, 0x630d, 0x630d, 0x630c, 0x630c, 0x630c, 0x630c,
0x630c, 0x62ec, 0x62ec, 0x62ec, 0x62cc, 0x62cc, 0x62cb, 0x62cb, 0x62cb, 0x62cb,
0x62cb, 0x5acb, 0x5acb, 0x5acb, 0x5aaa, 0x4208, 0x4a4c, 0x5af1, 0x4232, 0x31af,
0x3990, 0x314d, 0x6b50, 0x8455, 0x6372, 0x4a8f, 0x6351, 0x5b0e, 0x5aee, 0x8434,
0xb5bb, 0xb5bb, 0xb5bb, 0xb5bb, 0xb5bb, 0xb5bb, 0xb5bb, 0xb5bb, 0xb5bb, 0xb5bb,
0xb5bb, 0xb5bb, 0xb5bb, 0xb5bb, 0xb5bb, 0xb5bb, 0xb5bb, 0xb5bb, 0xb5bb, 0xb5bb,
0xb5bb, 0xb5bb, 0xb5bb, 0xb5bb, 0xb5bb, 0xb5bb, 0xb5bb, 0xb5bb, 0xb5bb, 0xb5bb,
0xb5bb, 0xb5bb, 0xb5bb, 0xb5bb, 0xb5bb, 0xb5bb, 0xb5bb, 0xb5bb, 0xb5bb, 0xb5bb,
0xb5bb, 0xb5bb, 0xb5bb, 0xb5bb, 0xb5bb, 0xb5bb, 0xb5bb, 0xb5bb, 0xb5bb, 0xb5bb,
0xb5bb, 0xb5bb, 0xb5bb, 0xb5bb, 0xb5bb, 0xb5bb, 0xb5bb, 0xb5bb, 0xb5bb, 0xb5bb,
0xb5bb, 0xb5bb, 0xb5bb, 0xb5bb, 0xb5bb, 0xb5bb, 0xb5bb, 0xb5bb, 0xb5bb, 0xb5bb,
0xb5bb, 0xb5bb, 0xb5bb, 0xb5bb, 0xb5bb, 0xb5bb, 0xb5bb, 0xb5bb, 0xb5bb, 0xb5bb,
0xb5bb, 0xb5bb, 0xb5bb, 0xb5bb, 0xb5bb, 0xb5bb, 0xb5bb, 0xb5bb, 0xb5bb, 0xb5bb,
0xb5bb, 0xb5bb, 0xb5bb, 0xb5bb, 0xb5bb, 0xb5bb, 0xa539, 0x7bd2, 0x52ac, 0x31c9,
0x426d, 0x6352, 0x8455, 0xad79, 0x9cf8, 0x5231, 0x290c, 0x296c, 0x4211, 0x29ad,
0x2149, 0x39e9, 0x424a, 0x4a4b, 0x424b, 0x422a, 0x424a, 0x4a6b, 0x528b, 0x528a,
0x528a, 0x5a8a, 0x5a8a, 0x5aca, 0x5acb, 0x5acb, 0x5acb, 0x5acb, 0x5acb, 0x5acb,
0x5acb, 0x62cb, 0x62cb, 0x62cb, 0x62cc, 0x62cc, 
0x630d, 0x630d, 0x630d, 0x630d, 0x630d, 0x630c, 0x630c, 0x630c, 0x630c, 0x630c,
0x630c, 0x62cc, 0x62cc, 0x62cc, 0x62cc, 0x62cc, 0x62cb, 0x62cb, 0x62cb, 0x62cb,
0x62cb, 0x5acb, 0x5acb, 0x5acb, 0x5a8a, 0x4208, 0x4a4c, 0x5af1, 0x4232, 0x31af,
0x3170, 0x314d, 0x6b71, 0x8c96, 0x7bf4, 0x52b0, 0x5ad0, 0x6350, 0x52cd, 0x7392,
0xb5bb, 0xb5bb, 0xb5bb, 0xb5bb, 0xb5bb, 0xb5bb, 0xb5bb, 0xb5bb, 0xb5bb, 0xb5bb,
0xb5bb, 0xb5bb, 0xb5bb, 0xb5bb, 0xb5bb, 0xb5bb, 0xb5bb, 0xb5bb, 0xb5bb, 0xb5bb,
0xb5bb, 0xb5bb, 0xb5bb, 0xb5bb, 0xb5bb, 0xb5bb, 0xb5bb, 0xb5bb, 0xb5bb, 0xb5bb,
0xb5bb, 0xb5bb, 0xb5bb, 0xb5bb, 0xb5bb, 0xb5bb, 0xb5bb, 0xb5bb, 0xb5bb, 0xb5bb,
0xb5bb, 0xb5bb, 0xb5bb, 0xb5bb, 0xb5bb, 0xb5bb, 0xb5bb, 0xb5bb, 0xb5bb, 0xb5bb,
0xb5bb, 0xb5bb, 0xb5bb, 0xb5bb, 0xb5bb, 0xb5bb, 0xb5bb, 0xb5bb, 0xb5bb, 0xb5bb,
0xb5bb, 0xb5bb, 0xb5bb, 0xb5bb, 0xb5bb, 0xb5bb, 0xb5bb, 0xb5bb, 0xb5bb, 0xb5bb,
0xb5bb, 0xb5bb, 0xb5bb, 0xb5bb, 0xb5bb, 0xb5bb, 0xb5bb, 0xb5bb, 0xb5bb, 0xb5bb,
0xb5bb, 0xb5bb, 0xb5bb, 0xb5bb, 0xb5bb, 0xb5bb, 0xb5bb, 0xb5bb, 0xb5bb, 0xb5bb,
0xb5bb, 0xb5bb, 0xb5bb, 0xb5bb, 0xb5bb, 0xb5bb, 0xad7a, 0x8414, 0x5aee, 0x422a,
0x31c9, 0x52ce, 0x7bf4, 0x9cf7, 0x9496, 0x4a31, 0x290c, 0x296c, 0x4211, 0x29ad,
0x2149, 0x39e9, 0x424a, 0x4a4b, 0x424b, 0x420a, 0x424a, 0x4a6b, 0x528b, 0x528a,
0x528a, 0x528a, 0x5a8a, 0x5aca, 0x5aca, 0x5aca, 0x5acb, 0x5acb, 0x5acb, 0x5acb,
0x5acb, 0x5acb, 0x62cb, 0x62cb, 0x62cb, 0x62cc, 
0x630c, 0x630c, 0x630c, 0x630c, 0x630c, 0x630c, 0x630c, 0x630c, 0x630c, 0x630c,
0x630c, 0x62ec, 0x62ec, 0x62ec, 0x62ec, 0x62cc, 0x62cc, 0x62cb, 0x62cb, 0x62cb,
0x62cb, 0x5acb, 0x5acb, 0x5acb, 0x5a8a, 0x4208, 0x4a4c, 0x5af1, 0x4232, 0x31af,
0x3150, 0x314d, 0x7bf2, 0xad78, 0x94b7, 0x6372, 0x5b10, 0x6b70, 0x52ad, 0x6330,
0xb5bb, 0xb5bb, 0xb5bb, 0xb5bb, 0xb5bb, 0xb5bb, 0xb5bb, 0xb5bb, 0xb5bb, 0xb5bb,
0xb5bb, 0xb5bb, 0xb5bb, 0xb5bb, 0xb5bb, 0xb5bb, 0xb5bb, 0xb5bb, 0xb5bb, 0xb5bb,
0xb5bb, 0xb5bb, 0xb5bb, 0xb5bb, 0xb5bb, 0xb5bb, 0xb5bb, 0xb5bb, 0xb5bb, 0xb5bb,
0xb5bb, 0xb5bb, 0xb5bb, 0xb5bb, 0xb5bb, 0xb5bb, 0xb5bb, 0xb5bb, 0xb5bb, 0xb5bb,
0xb5bb, 0xb5bb, 0xb5bb, 0xb5bb, 0xb5bb, 0xb5bb, 0xb5bb, 0xb5bb, 0xb5bb, 0xb5bb,
0xb5bb, 0xb5bb, 0xb5bb, 0xb5bb, 0xb5bb, 0xb5bb, 0xb5bb, 0xb5bb, 0xb5bb, 0xb5bb,
0xb5bb, 0xb5bb, 0xb5bb, 0xb5bb, 0xb5bb, 0xb5bb, 0xb5bb, 0xb5bb, 0xb5bb, 0xb5bb,
0xb5bb, 0xb5bb, 0xb5bb, 0xb5bb, 0xb5bb, 0xb5bb, 0xb5bb, 0xb5bb, 0xb5bb, 0xb5bb,
0xb5bb, 0xb5bb, 0xb5bb, 0xb5bb, 0xb5bb, 0xb5bb, 0xb5bb, 0xb5bb, 0xb5bb, 0xb5bb,
0xb5bb, 0xb5bb, 0xb5bb, 0xb5bb, 0xb5bb, 0xb5bb, 0xad7a, 0x8414, 0x52ad, 0x6b70,
0x6b4f, 0x4a8c, 0x73b2, 0x94b7, 0x8c56, 0x4a31, 0x292c, 0x296c, 0x4211, 0x29ad,
0x2149, 0x39e9, 0x424a, 0x4a4b, 0x424b, 0x422a, 0x424a, 0x4a6b, 0x528b, 0x528a,
0x528a, 0x5a8a, 0x5a8a, 0x5aca, 0x5aca, 0x5acb, 0x5acb, 0x5acb, 0x5acb, 0x5acb,
0x62cb, 0x62cb, 0x62cb, 0x62cb, 0x62cb, 0x62cc, 
0x630c, 0x630c, 0x630c, 0x630c, 0x630c, 0x630c, 0x630c, 0x630c, 0x630c, 0x630c,
0x630c, 0x630c, 0x630c, 0x630c, 0x630c, 0x62cc, 0x62cc, 0x62cb, 0x62cb, 0x62cb,
0x62cb, 0x62cb, 0x62cb, 0x5acb, 0x5aaa, 0x4208, 0x4a4c, 0x5af1, 0x4232, 0x31af,
0x3150, 0x314d, 0x8433, 0xb5ba, 0xa539, 0x73d4, 0x6352, 0x6b91, 0x52cd, 0x6310,
0xb5bb, 0xb5bb, 0xb5bb, 0xb5bb, 0xb5bb, 0xb5bb, 0xb5bb, 0xb5bb, 0xb5bb, 0xb5bb,
0xb5bb, 0xb5bb, 0xb5bb, 0xb5bb, 0xb5bb, 0xb5bb, 0xb5bb, 0xb5bb, 0xb5bb, 0xb5bb,
0xb5bb, 0xb5bb, 0xb5bb, 0xb5bb, 0xb5bb, 0xb5bb, 0xb5bb, 0xb5bb, 0xb5bb, 0xb5bb,
0xb5bb, 0xb5bb, 0xb5bb, 0xb5bb, 0xb5bb, 0xb5bb, 0xb5bb, 0xb5bb, 0xb5bb, 0xb5bb,
0xb5bb, 0xb5bb, 0xb5bb, 0xb5bb, 0xb5bb, 0xb5bb, 0xb5bb, 0xb5bb, 0xb5bb, 0xb5bb,
0xb5bb, 0xb5bb, 0xb5bb, 0xb5bb, 0xb5bb, 0xb5bb, 0xb5bb, 0xb5bb, 0xb5bb, 0xb5bb,
0xb5bb, 0xb5bb, 0xb5bb, 0xb5bb, 0xb5bb, 0xb5bb, 0xb5bb, 0xb5bb, 0xb5bb, 0xb5bb,
0xb5bb, 0xb5bb, 0xb5bb, 0xb5bb, 0xb5bb, 0xb5bb, 0xb5bb, 0xb5bb, 0xb5bb, 0xb5bb,
0xb5bb, 0xb5bb, 0xb5bb, 0xb5bb, 0xb5bb, 0xb5bb, 0xb5bb, 0xb5bb, 0xb5bb, 0xb5bb,
0xb5bb, 0xb5bb, 0xb5bb, 0xb5bb, 0xb5bb, 0xb5bb, 0xad5a, 0x73b2, 0x4a6c, 0x424d,
0x6371, 0x6b90, 0x73b1, 0x9496, 0x8c36, 0x4a31, 0x292c, 0x296c, 0x4211, 0x29ad,
0x2149, 0x39e9, 0x424a, 0x4a4b, 0x4a4b, 0x424a, 0x424a, 0x4a6b, 0x528b, 0x528b,
0x528a, 0x5a8a, 0x5a8a, 0x5aca, 0x5aca, 0x5acb, 0x5acb, 0x5acb, 0x5acb, 0x5acb,
0x62cb, 0x62cb, 0x62cb, 0x62cb, 0x62cb, 0x62cc, 
0x630c, 0x630c, 0x630c, 0x630c, 0x630c, 0x630c, 0x630c, 0x630c, 0x630c, 0x630c,
0x630c, 0x630c, 0x62ec, 0x62ec, 0x62ec, 0x62cc, 0x62cc, 0x62cb, 0x62cb, 0x62cb,
0x62cb, 0x62cb, 0x5acb, 0x5acb, 0x5aaa, 0x4208, 0x4a4c, 0x5af1, 0x4232, 0x31af,
0x3150, 0x314d, 0x8c73, 0xc61b, 0xad7a, 0x7c16, 0x6b93, 0x634f, 0x4aac, 0x6330,
0xb5bb, 0xb5bb, 0xb5bb, 0xb5bb, 0xb5bb, 0xb5bb, 0xb5bb, 0xb5bb, 0xb5bb, 0xb5bb,
0xb5bb, 0xb5bb, 0xb5bb, 0xb5bb, 0xb5bb, 0xb5bb, 0xb5bb, 0xb5bb, 0xb5bb, 0xb5bb,
0xb5bb, 0xb5bb, 0xb5bb, 0xb5bb, 0xb5bb, 0xb5bb, 0xb5bb, 0xb5bb, 0xb5bb, 0xb5bb,
0xb5bb, 0xb5bb, 0xb5bb, 0xb5bb, 0xb5bb, 0xb5bb, 0xb5bb, 0xb5bb, 0xb5bb, 0xb5bb,
0xb5bb, 0xb5bb, 0xb5bb, 0xb5bb, 0xb5bb, 0xb5bb, 0xb5bb, 0xb5bb, 0xb5bb, 0xb5bb,
0xb5bb, 0xb5bb, 0xb5bb, 0xb5bb, 0xb5bb, 0xb5bb, 0xb5bb, 0xb5bb, 0xb5bb, 0xb5bb,
0xb5bb, 0xb5bb, 0xb5bb, 0xb5bb, 0xb5bb, 0xb5bb, 0xb5bb, 0xb5bb, 0xb5bb, 0xb5bb,
0xb5bb, 0xb5bb, 0xb5bb, 0xb5bb, 0xb5bb, 0xb5bb, 0xb5bb, 0xb5bb, 0xb5bb, 0xb5bb,
0xb5bb, 0xb5bb, 0xb5bb, 0xb5bb, 0xb5bb, 0xb5bb, 0xb5bb, 0xb5bb, 0xb5bb, 0xb5bb,
0xb5bb, 0xb5bb, 0xb5bb, 0xb5bb, 0xb5bb, 0xb5bb, 0xa559, 0x6bb1, 0x528d, 0x3a2d,
0x426f, 0x6331, 0x73b2, 0x9497, 0x8c56, 0x4a31, 0x292c, 0x296c, 0x4211, 0x29ad,
0x2149, 0x39e9, 0x424a, 0x4a4b, 0x4a4b, 0x424b, 0x422a, 0x4a6b, 0x528b, 0x528b,
0x528a, 0x528a, 0x5a8a, 0x5aca, 0x5aca, 0x5aca, 0x5acb, 0x5acb, 0x5acb, 0x5acb,
0x5acb, 0x62cb, 0x62cb, 0x62cb, 0x62cb, 0x62cb, 
0x62cc, 0x62cc, 0x62cc, 0x62cc, 0x62cc, 0x62cc, 0x62cc, 0x62cc, 0x62cc, 0x62cc,
0x62cc, 0x62cc, 0x62cc, 0x62cc, 0x62cc, 0x62cc, 0x62cb, 0x62cb, 0x62cb, 0x62cb,
0x62cb, 0x5acb, 0x5acb, 0x5acb, 0x5aaa, 0x4208, 0x4a4c, 0x5af1, 0x4232, 0x31af,
0x3150, 0x314d, 0x8c73, 0xc65b, 0xad7a, 0x7c16, 0x73f5, 0x6350, 0x52ac, 0x6b51,
0xb5bb, 0xb5bb, 0xb5bb, 0xb5bb, 0xb5bb, 0xb5bb, 0xb5bb, 0xb5bb, 0xb5bb, 0xb5bb,
0xb5bb, 0xb5bb, 0xb5bb, 0xb5bb, 0xb5bb, 0xb5bb, 0xb5bb, 0xb5bb, 0xb5bb, 0xb5bb,
0xb5bb, 0xb5bb, 0xb5bb, 0xb5bb, 0xb5bb, 0xb5bb, 0xb5bb, 0xb5bb, 0xb5bb, 0xb5bb,
0xb5bb, 0xb5bb, 0xb5bb, 0xb5bb, 0xb5bb, 0xb5bb, 0xb5bb, 0xb5bb, 0xb5bb, 0xb5bb,
0xb5bb, 0xb5bb, 0xb5bb, 0xb5bb, 0xb5bb, 0xb5bb, 0xb5bb, 0xb5bb, 0xb5bb, 0xb5bb,
0xb5bb, 0xb5bb, 0xb5bb, 0xb5bb, 0xb5bb, 0xb5bb, 0xb5bb, 0xb5bb, 0xb5bb, 0xb5bb,
0xb5bb, 0xb5bb, 0xb5bb, 0xb5bb, 0xb5bb, 0xb5bb, 0xb5bb, 0xb5bb, 0xb5bb, 0xb5bb,
0xb5bb, 0xb5bb, 0xb5bb, 0xb5bb, 0xb5bb, 0xb5bb, 0xb5bb, 0xb5bb, 0xb5bb, 0xb5bb,
0xb5bb, 0xb5bb, 0xb5bb, 0xb5bb, 0xb5bb, 0xb5bb, 0xb5bb, 0xb5bb, 0xb5bb, 0xb5bb,
0xb5bb, 0xb5bb, 0xb5bb, 0xb5bb, 0xb5bb, 0xb5bb, 0xa539, 0x6b70, 0x4a6c, 0x422d,
0x3a2e, 0x5af1, 0x7c14, 0x9d18, 0x94b6, 0x4a31, 0x290c, 0x296c, 0x4211, 0x29ad,
0x2149, 0x39e9, 0x424a, 0x4a4b, 0x4a4b, 0x424b, 0x422a, 0x4a6b, 0x4a8b, 0x528a,
0x528a, 0x528a, 0x5a8a, 0x5aaa, 0x5aca, 0x5aca, 0x5aca, 0x5acb, 0x5acb, 0x5acb,
0x5acb, 0x5acb, 0x5acb, 0x62cb, 0x62cb, 0x62cb, 
0x5acc, 0x62cc, 0x62ec, 0x62ec, 0x62ec, 0x62ec, 0x62ec, 0x62ec, 0x62ec, 0x62ec,
0x62cc, 0x62cc, 0x62cc, 0x62cc, 0x62cc, 0x62cb, 0x62cb, 0x62cb, 0x62cb, 0x62cb,
0x62cb, 0x5acb, 0x5acb, 0x5acb, 0x5aaa, 0x4208, 0x4a4c, 0x5af1, 0x4232, 0x31af,
0x3150, 0x314d, 0x8c73, 0xce5c, 0xad7b, 0x7c16, 0x7bf5, 0x6b50, 0x52cd, 0x7391,
0xb5bb, 0xb5bb, 0xb5bb, 0xb5bb, 0xb5bb, 0xb5bb, 0xb5bb, 0xb5bb, 0xb5bb, 0xb5bb,
0xb5bb, 0xb5bb, 0xb5bb, 0xb5bb, 0xb5bb, 0xb5bb, 0xb5bb, 0xb5bb, 0xb5bb, 0xb5bb,
0xb5bb, 0xb5bb, 0xb5bb, 0xb5bb, 0xb5bb, 0xb5bb, 0xb5bb, 0xb5bb, 0xb5bb, 0xb5bb,
0xb5bb, 0xb5bb, 0xb5bb, 0xb5bb, 0xb5bb, 0xb5bb, 0xb5bb, 0xb5bb, 0xb5bb, 0xb5bb,
0xb5bb, 0xb5bb, 0xb5bb, 0xb5bb, 0xb5bb, 0xb5bb, 0xb5bb, 0xb5bb, 0xb5bb, 0xb5bb,
0xb5bb, 0xb5bb, 0xb5bb, 0xb5bb, 0xb5bb, 0xb5bb, 0xb5bb, 0xb5bb, 0xb5bb, 0xb5bb,
0xb5bb, 0xb5bb, 0xb5bb, 0xb5bb, 0xb5bb, 0xb5bb, 0xb5bb, 0xb5bb, 0xb5bb, 0xb5bb,
0xb5bb, 0xb5bb, 0xb5bb, 0xb5bb, 0xb5bb, 0xb5bb, 0xb5bb, 0xb5bb, 0xb5bb, 0xb5bb,
0xb5bb, 0xb5bb, 0xb5bb, 0xb5bb, 0xb5bb, 0xb5bb, 0xb5bb, 0xb5bb, 0xb5bb, 0xb5bb,
0xb5bb, 0xb5bb, 0xb5bb, 0xb5bb, 0xb5bb, 0xb5bb, 0xad59, 0x7391, 0x4a8c, 0x426d,
0x426f, 0x6352, 0x8c96, 0xb599, 0xa518, 0x5231, 0x290c, 0x296c, 0x4211, 0x29ad,
0x2149, 0x39e9, 0x424a, 0x4a4b, 0x4a4b, 0x424b, 0x422a, 0x424a, 0x4a6b, 0x528a,
0x528a, 0x528a, 0x528a, 0x5a8a, 0x5aaa, 0x5aca, 0x5aca, 0x5acb, 0x5acb, 0x5acb,
0x5acb, 0x5acb, 0x5acb, 0x62cb, 0x62cb, 0x62cb, 
0x62cc, 0x62cc, 0x62ec, 0x630c, 0x630c, 0x630c, 0x630c, 0x630c, 0x630c, 0x630c,
0x630c, 0x630c, 0x62ec, 0x62cc, 0x62cc, 0x62cb, 0x62cb, 0x62cb, 0x62cb, 0x62cb,
0x62cb, 0x62cb, 0x5acb, 0x5acb, 0x5aaa, 0x4208, 0x4a4c, 0x5af1, 0x4232, 0x31af,
0x3150, 0x314d, 0x8c73, 0xce5c, 0xad7b, 0x7c16, 0x73f5, 0x6b50, 0x5acd, 0x73b2,
0xb5bb, 0xb5bb, 0xb5bb, 0xb5bb, 0xb5bb, 0xb5bb, 0xb5bb, 0xb5bb, 0xb5bb, 0xb5bb,
0xb5bb, 0xb5bb, 0xb5bb, 0xb5bb, 0xb5bb, 0xb5bb, 0xb5bb, 0xb5bb, 0xb5bb, 0xb5bb,
0xb5bb, 0xb5bb, 0xb5bb, 0xb5bb, 0xb5bb, 0xb5bb, 0xb5bb, 0xb5bb, 0xb5bb, 0xb5bb,
0xb5bb, 0xb5bb, 0xb5bb, 0xb5bb, 0xb5bb, 0xb5bb, 0xb5bb, 0xb5bb, 0xb5bb, 0xb5bb,
0xb5bb, 0xb5bb, 0xb5bb, 0xb5bb, 0xb5bb, 0xb5bb, 0xb5bb, 0xb5bb, 0xb5bb, 0xb5bb,
0xb5bb, 0xb5bb, 0xb5bb, 0xb5bb, 0xb5bb, 0xb5bb, 0xb5bb, 0xb5bb, 0xb5bb, 0xb5bb,
0xb5bb, 0xb5bb, 0xb5bb, 0xb5bb, 0xb5bb, 0xb5bb, 0xb5bb, 0xb5bb, 0xb5bb, 0xb5bb,
0xb5bb, 0xb5bb, 0xb5bb, 0xb5bb, 0xb5bb, 0xb5bb, 0xb5bb, 0xb5bb, 0xb5bb, 0xb5bb,
0xb5bb, 0xb5bb, 0xb5bb, 0xb5bb, 0xb5bb, 0xb5bb, 0xb5bb, 0xb5bb, 0xb5bb, 0xb5bb,
0xb5bb, 0xb5bb, 0xb5bb, 0xb5bb, 0xb5bb, 0xb5bb, 0xad59, 0x7bd2, 0x5acd, 0x4a6d,
0x52f0, 0x6b93, 0x9cf7, 0xc61a, 0xad58, 0x4a31, 0x290c, 0x296c, 0x4211, 0x29ad,
0x2149, 0x39e9, 0x424a, 0x4a4b, 0x4a4b, 0x4a4b, 0x424a, 0x424a, 0x4a6b, 0x4a8a,
0x528a, 0x528a, 0x528a, 0x5a8a, 0x5aaa, 0x5aca, 0x5aca, 0x5acb, 0x5acb, 0x5acb,
0x5acb, 0x5acb, 0x62cb, 0x62cb, 0x62cb, 0x62cb, 
0x5acc, 0x62cc, 0x62cc, 0x62cc, 0x62cc, 0x62ec, 0x630c, 0x630c, 0x630c, 0x62ec,
0x62cc, 0x62cc, 0x62cc, 0x62cc, 0x62cb, 0x62cb, 0x62cb, 0x62cb, 0x62cb, 0x62cb,
0x62cb, 0x62cb, 0x5acb, 0x5acb, 0x5aaa, 0x4208, 0x4a4c, 0x5af1, 0x4232, 0x31af,
0x3150, 0x314d, 0x8c73, 0xc61c, 0xad7b, 0x8437, 0x7bf4, 0x5aed, 0x52ac, 0x73b2,
0xb5bb, 0xb5bb, 0xb5bb, 0xb5bb, 0xb5bb, 0xb5bb, 0xb5bb, 0xb5bb, 0xb5bb, 0xb5bb,
0xb5bb, 0xb5bb, 0xb5bb, 0xb5bb, 0xb5bb, 0xb5bb, 0xb5bb, 0xb5bb, 0xb5bb, 0xb5bb,
0xb5bb, 0xb5bb, 0xb5bb, 0xb5bb, 0xb5bb, 0xb5bb, 0xb5bb, 0xb5bb, 0xb5bb, 0xb5bb,
0xb5bb, 0xb5bb, 0xb5bb, 0xb5bb, 0xb5bb, 0xb5bb, 0xb5bb, 0xb5bb, 0xb5bb, 0xb5bb,
0xb5bb, 0xb5bb, 0xb5bb, 0xb5bb, 0xb5bb, 0xb5bb, 0xb5bb, 0xb5bb, 0xb5bb, 0xb5bb,
0xb5bb, 0xb5bb, 0xb5bb, 0xb5bb, 0xb5bb, 0xb5bb, 0xb5bb, 0xb5bb, 0xb5bb, 0xb5bb,
0xb5bb, 0xb5bb, 0xb5bb, 0xb5bb, 0xb5bb, 0xb5bb, 0xb5bb, 0xb5bb, 0xb5bb, 0xb5bb,
0xb5bb, 0xb5bb, 0xb5bb, 0xb5bb, 0xb5bb, 0xb5bb, 0xb5bb, 0xb5bb, 0xb5bb, 0xb5bb,
0xb5bb, 0xb5bb, 0xb5bb, 0xb5bb, 0xb5bb, 0xb5bb, 0xb5bb, 0xb5bb, 0xb5bb, 0xb5bb,
0xb5bb, 0xb5bb, 0xb5bb, 0xb5bb, 0xb5bb, 0xb5bb, 0xad5a, 0x7bd2, 0x52ac, 0x4a6e,
0x5af2, 0x7c15, 0xad59, 0xce5c, 0xb579, 0x4a31, 0x290c, 0x296c, 0x4211, 0x29ad,
0x2149, 0x39e9, 0x424a, 0x4a4b, 0x4a4b, 0x4a4b, 0x424b, 0x424a, 0x4a4a, 0x4a6a,
0x528a, 0x528a, 0x528a, 0x5a8a, 0x5aaa, 0x5aca, 0x5aca, 0x5aca, 0x5aca, 0x5acb,
0x5acb, 0x5acb, 0x62cb, 0x62cb, 0x62cb, 0x62cb, 
0x5acc, 0x5acc, 0x5acc, 0x5acc, 0x62cc, 0x62cc, 0x62cc, 0x62cc, 0x62cc, 0x62cb,
0x62cb, 0x62cb, 0x62cb, 0x62cb, 0x62cb, 0x62cb, 0x62cb, 0x62cb, 0x62cb, 0x62cb,
0x5acb, 0x5acb, 0x5aca, 0x5aca, 0x5a8a, 0x4208, 0x4a4c, 0x5af1, 0x4232, 0x31af,
0x3150, 0x314d, 0x8c73, 0xc61c, 0xad9b, 0x8457, 0x8456, 0x636f, 0x52ac, 0x73b2,
0xb5bb, 0xb5bb, 0xb5bb, 0xb5bb, 0xb5bb, 0xb5bb, 0xb5bb, 0xb5bb, 0xb5bb, 0xb5bb,
0xb5bb, 0xb5bb, 0xb5bb, 0xb5bb, 0xb5bb, 0xb5bb, 0xb5bb, 0xb5bb, 0xb5bb, 0xb5bb,
0xb5bb, 0xb5bb, 0xb5bb, 0xb5bb, 0xb5bb, 0xb5bb, 0xb5bb, 0xb5bb, 0xb5bb, 0xb5bb,
0xb5bb, 0xb5bb, 0xb5bb, 0xb5bb, 0xb5bb, 0xb5bb, 0xb5bb, 0xb5bb, 0xb5bb, 0xb5bb,
0xb5bb, 0xb5bb, 0xb5bb, 0xb5bb, 0xb5bb, 0xb5bb, 0xb5bb, 0xb5bb, 0xb5bb, 0xb5bb,
0xb5bb, 0xb5bb, 0xb5bb, 0xb5bb, 0xb5bb, 0xb5bb, 0xb5bb, 0xb5bb, 0xb5bb, 0xb5bb,
0xb5bb, 0xb5bb, 0xb5bb, 0xb5bb, 0xb5bb, 0xb5bb, 0xb5bb, 0xb5bb, 0xb5bb, 0xb5bb,
0xb5bb, 0xb5bb, 0xb5bb, 0xb5bb, 0xb5bb, 0xb5bb, 0xb5bb, 0xb5bb, 0xb5bb, 0xb5bb,
0xb5bb, 0xb5bb, 0xb5bb, 0xb5bb, 0xb5bb, 0xb5bb, 0xb5bb, 0xb5bb, 0xb5bb, 0xb5bb,
0xb5bb, 0xb5bb, 0xb5bb, 0xb5bb, 0xb5bb, 0xb5bb, 0xad59, 0x6b71, 0x4a6c, 0x4a8f,
0x5b13, 0x8457, 0xad7b, 0xc63c, 0xad79, 0x4a31, 0x290c, 0x296c, 0x4211, 0x29ad,
0x2149, 0x39e9, 0x424a, 0x4a4b, 0x4a4b, 0x4a4b, 0x424b, 0x422a, 0x4a4a, 0x4a6a,
0x526a, 0x528a, 0x528a, 0x528a, 0x5a8a, 0x5aaa, 0x5aca, 0x5aca, 0x5aca, 0x5aca,
0x5aca, 0x5acb, 0x5acb, 0x5acb, 0x5acb, 0x5acb, 
0x5acb, 0x5acb, 0x5acc, 0x5acc, 0x5acb, 0x62cb, 0x62cb, 0x62cb, 0x62cb, 0x62cb,
0x62cb, 0x62cb, 0x62cb, 0x62cb, 0x62cb, 0x62cb, 0x62cb, 0x62cb, 0x62cb, 0x5acb,
0x5acb, 0x5acb, 0x5acb, 0x5aca, 0x5a8a, 0x4208, 0x4a4c, 0x5af1, 0x4232, 0x31af,
0x3150, 0x314d, 0x8c53, 0xbdfc, 0xad7b, 0x8437, 0x73f6, 0x7c13, 0x52ac, 0x5b0f,
0xb5bb, 0xb5bb, 0xb5bb, 0xb5bb, 0xb5bb, 0xb5bb, 0xb5bb, 0xb5bb, 0xb5bb, 0xb5bb,
0xb5bb, 0xb5bb, 0xb5bb, 0xb5bb, 0xb5bb, 0xb5bb, 0xb5bb, 0xb5bb, 0xb5bb, 0xb5bb,
0xb5bb, 0xb5bb, 0xb5bb, 0xb5bb, 0xb5bb, 0xb5bb, 0xb5bb, 0xb5bb, 0xb5bb, 0xb5bb,
0xb5bb, 0xb5bb, 0xb5bb, 0xb5bb, 0xb5bb, 0xb5bb, 0xb5bb, 0xb5bb, 0xb5bb, 0xb5bb,
0xb5bb, 0xb5bb, 0xb5bb, 0xb5bb, 0xb5bb, 0xb5bb, 0xb5bb, 0xb5bb, 0xb5bb, 0xb5bb,
0xb5bb, 0xb5bb, 0xb5bb, 0xb5bb, 0xb5bb, 0xb5bb, 0xb5bb, 0xb5bb, 0xb5bb, 0xb5bb,
0xb5bb, 0xb5bb, 0xb5bb, 0xb5bb, 0xb5bb, 0xb5bb, 0xb5bb, 0xb5bb, 0xb5bb, 0xb5bb,
0xb5bb, 0xb5bb, 0xb5bb, 0xb5bb, 0xb5bb, 0xb5bb, 0xb5bb, 0xb5bb, 0xb5bb, 0xb5bb,
0xb5bb, 0xb5bb, 0xb5bb, 0xb5bb, 0xb5bb, 0xb5bb, 0xb5bb, 0xb5bb, 0xb5bb, 0xb5bb,
0xb5bb, 0xb5bb, 0xb5bb, 0xb5bb, 0xb5bb, 0xb5bb, 0xa539, 0x6350, 0x4aad, 0x4a90,
0x5b34, 0x8458, 0xa51a, 0xbddc, 0x9cf9, 0x4a31, 0x290c, 0x296c, 0x4211, 0x29ad,
0x2149, 0x39e9, 0x424a, 0x4a4b, 0x4a4b, 0x4a4b, 0x424b, 0x422a, 0x424a, 0x4a4a,
0x524a, 0x528a, 0x528a, 0x528a, 0x528a, 0x5a8a, 0x5a8a, 0x5aca, 0x5aca, 0x5aca,
0x5aca, 0x5aca, 0x5acb, 0x5acb, 0x5acb, 0x5acb, 
0x5acb, 0x5acb, 0x5acb, 0x5acb, 0x5acb, 0x5acb, 0x62cb, 0x62cb, 0x62cb, 0x62cb,
0x62cb, 0x62cb, 0x62cb, 0x62cb, 0x62cb, 0x62cb, 0x62cb, 0x62cb, 0x62cb, 0x62cb,
0x5acb, 0x5aca, 0x5aca, 0x5aca, 0x5289, 0x4207, 0x4a4c, 0x5af1, 0x4232, 0x31af,
0x3150, 0x314d, 0x8413, 0xb5bb, 0xa53b, 0x8438, 0x6335, 0x73b5, 0x5aee, 0x422b,
0xb5bb, 0xb5bb, 0xb5bb, 0xb5bb, 0xb5bb, 0xb5bb, 0xb5bb, 0xb5bb, 0xb5bb, 0xb5bb,
0xb5bb, 0xb5bb, 0xb5bb, 0xb5bb, 0xb5bb, 0xb5bb, 0xb5bb, 0xb5bb, 0xb5bb, 0xb5bb,
0xb5bb, 0xb5bb, 0xb5bb, 0xb5bb, 0xb5bb, 0xb5bb, 0xb5bb, 0xb5bb, 0xb5bb, 0xb5bb,
0xb5bb, 0xb5bb, 0xb5bb, 0xb5bb, 0xb5bb, 0xb5bb, 0xb5bb, 0xb5bb, 0xb5bb, 0xb5bb,
0xb5bb, 0xb5bb, 0xb5bb, 0xb5bb, 0xb5bb, 0xb5bb, 0xb5bb, 0xb5bb, 0xb5bb, 0xb5bb,
0xb5bb, 0xb5bb, 0xb5bb, 0xb5bb, 0xb5bb, 0xb5bb, 0xb5bb, 0xb5bb, 0xb5bb, 0xb5bb,
0xb5bb, 0xb5bb, 0xb5bb, 0xb5bb, 0xb5bb, 0xb5bb, 0xb5bb, 0xb5bb, 0xb5bb, 0xb5bb,
0xb5bb, 0xb5bb, 0xb5bb, 0xb5bb, 0xb5bb, 0xb5bb, 0xb5bb, 0xb5bb, 0xb5bb, 0xb5bb,
0xb5bb, 0xb5bb, 0xb5bb, 0xb5bb, 0xb5bb, 0xb5bb, 0xb5bb, 0xb5bb, 0xb5bb, 0xb5bb,
0xb5bb, 0xb5bb, 0xb5bb, 0xb5bb, 0xb5bb, 0xb5bb, 0xa519, 0x630e, 0x424b, 0x426e,
0x52b1, 0x6b74, 0x8c57, 0x9cf9, 0x8456, 0x4211, 0x292c, 0x296c, 0x4211, 0x29ad,
0x2149, 0x39e9, 0x424a, 0x4a4b, 0x4a4b, 0x4a4b, 0x424b, 0x420a, 0x422a, 0x4a4a,
0x528a, 0x528a, 0x528a, 0x528a, 0x528a, 0x5a8a, 0x5a8a, 0x5aca, 0x5aca, 0x5aca,
0x5aca, 0x5acb, 0x5acb, 0x5acb, 0x5acb, 0x5acb, 
0x5acb, 0x5acb, 0x5acb, 0x5acb, 0x5acb, 0x5acb, 0x5acb, 0x5acb, 0x62cb, 0x62cb,
0x62cb, 0x62cb, 0x62cb, 0x62cb, 0x62cb, 0x62cb, 0x62cb, 0x62cb, 0x62cb, 0x5acb,
0x5acb, 0x5aca, 0x5aca, 0x5aca, 0x528a, 0x4208, 0x4a4c, 0x5af1, 0x4232, 0x31af,
0x3150, 0x314d, 0x7bd3, 0xa53a, 0x94da, 0x7c18, 0x6b96, 0x52d0, 0x39ea, 0x4a4b,
0xb5bb, 0xb5bb, 0xb5bb, 0xb5bb, 0xb5bb, 0xb5bb, 0xb5bb, 0xb5bb, 0xb5bb, 0xb5bb,
0xb5bb, 0xb5bb, 0xb5bb, 0xb5bb, 0xb5bb, 0xb5bb, 0xb5bb, 0xb5bb, 0xb5bb, 0xb5bb,
0xb5bb, 0xb5bb, 0xb5bb, 0xb5bb, 0xb5bb, 0xb5bb, 0xb5bb, 0xb5bb, 0xb5bb, 0xb5bb,
0xb5bb, 0xb5bb, 0xb5bb, 0xb5bb, 0xb5bb, 0xb5bb, 0xb5bb, 0xb5bb, 0xb5bb, 0xb5bb,
0xb5bb, 0xb5bb, 0xb5bb, 0xb5bb, 0xb5bb, 0xb5bb, 0xb5bb, 0xb5bb, 0xb5bb, 0xb5bb,
0xb5bb, 0xb5bb, 0xb5bb, 0xb5bb, 0xb5bb, 0xb5bb, 0xb5bb, 0xb5bb, 0xb5bb, 0xb5bb,
0xb5bb, 0xb5bb, 0xb5bb, 0xb5bb, 0xb5bb, 0xb5bb, 0xb5bb, 0xb5bb, 0xb5bb, 0xb5bb,
0xb5bb, 0xb5bb, 0xb5bb, 0xb5bb, 0xb5bb, 0xb5bb, 0xb5bb, 0xb5bb, 0xb5bb, 0xb5bb,
0xb5bb, 0xb5bb, 0xb5bb, 0xb5bb, 0xb5bb, 0xb5bb, 0xb5bb, 0xb5bb, 0xb5bb, 0xb5bb,
0xb5bb, 0xb5bb, 0xb5bb, 0xb5bb, 0xb5bb, 0xb5bb, 0xa539, 0x6b50, 0x39ea, 0x2968,
0x39eb, 0x5ad0, 0x6b73, 0x7bf5, 0x6b73, 0x41f0, 0x292c, 0x296c, 0x4211, 0x29ad,
0x2149, 0x39e9, 0x424a, 0x4a4b, 0x4a4b, 0x4a4b, 0x4a4b, 0x422a, 0x422a, 0x4a4a,
0x528b, 0x528a, 0x528a, 0x528a, 0x528a, 0x5a8a, 0x5a8a, 0x5aaa, 0x5aca, 0x5aca,
0x5aca, 0x5aca, 0x5acb, 0x5acb, 0x5acb, 0x5acb, 
0x5acb, 0x5acb, 0x5acb, 0x5acb, 0x5acb, 0x5acb, 0x5acb, 0x5acb, 0x5acb, 0x5acb,
0x5acb, 0x5acb, 0x62cb, 0x62cb, 0x62cb, 0x5acb, 0x5acb, 0x5acb, 0x5acb, 0x5acb,
0x5aca, 0x5aca, 0x5aca, 0x5aaa, 0x5289, 0x4207, 0x4a4c, 0x5af1, 0x4232, 0x31af,
0x3170, 0x314d, 0x7392, 0x9cfa, 0x94bb, 0x7bf8, 0x6311, 0x39ca, 0x31a8, 0x4aad,
0xb5bb, 0xb5bb, 0xb5bb, 0xb5bb, 0xb5bb, 0xb5bb, 0xb5bb, 0xb5bb, 0xb5bb, 0xb5bb,
0xb5bb, 0xb5bb, 0xb5bb, 0xb5bb, 0xb5bb, 0xb5bb, 0xb5bb, 0xb5bb, 0xb5bb, 0xb5bb,
0xb5bb, 0xb5bb, 0xb5bb, 0xb5bb, 0xb5bb, 0xb5bb, 0xb5bb, 0xb5bb, 0xb5bb, 0xb5bb,
0xb5bb, 0xb5bb, 0xb5bb, 0xb5bb, 0xb5bb, 0xb5bb, 0xb5bb, 0xb5bb, 0xb5bb, 0xb5bb,
0xb5bb, 0xb5bb, 0xb5bb, 0xb5bb, 0xb5bb, 0xb5bb, 0xb5bb, 0xb5bb, 0xb5bb, 0xb5bb,
0xb5bb, 0xb5bb, 0xb5bb, 0xb5bb, 0xb5bb, 0xb5bb, 0xb5bb, 0xb5bb, 0xb5bb, 0xb5bb,
0xb5bb, 0xb5bb, 0xb5bb, 0xb5bb, 0xb5bb, 0xb5bb, 0xb5bb, 0xb5bb, 0xb5bb, 0xb5bb,
0xb5bb, 0xb5bb, 0xb5bb, 0xb5bb, 0xb5bb, 0xb5bb, 0xb5bb, 0xb5bb, 0xb5bb, 0xb5bb,
0xb5bb, 0xb5bb, 0xb5bb, 0xb5bb, 0xb5bb, 0xb5bb, 0xb5bb, 0xb5bb, 0xb5bb, 0xb5bb,
0xb5bb, 0xb5bb, 0xb5bb, 0xb5bb, 0xb5bb, 0xb5bb, 0xad59, 0x7391, 0x528c, 0x52ac,
0x39e9, 0x2968, 0x4a4c, 0x6330, 0x62f1, 0x41d0, 0x292c, 0x296c, 0x4211, 0x29ad,
0x2149, 0x39e9, 0x424a, 0x4a4b, 0x4a4b, 0x4a4b, 0x4a4b, 0x422a, 0x420a, 0x422a,
0x4a4b, 0x528b, 0x528a, 0x528a, 0x528a, 0x528a, 0x5a8a, 0x5a8a, 0x5aaa, 0x5aaa,
0x5aca, 0x5aca, 0x5aca, 0x5aca, 0x5acb, 0x5acb, 
0x528b, 0x5a8b, 0x5aab, 0x5acb, 0x5acb, 0x5acb, 0x5acb, 0x5acb, 0x5acb, 0x5acb,
0x5acb, 0x5acb, 0x5acb, 0x5acb, 0x5acb, 0x5acb, 0x5acb, 0x5acb, 0x5acb, 0x5aca,
0x5aca, 0x5aca, 0x5aca, 0x5a8a, 0x5289, 0x4207, 0x4a4c, 0x5af1, 0x4232, 0x31af,
0x3990, 0x314d, 0x7392, 0x9cb8, 0x73b2, 0x528d, 0x3a0b, 0x6b51, 0x5aed, 0x528d,
0xb5bb, 0xb5bb, 0xb5bb, 0xb5bb, 0xb5bb, 0xb5bb, 0xb5bb, 0xb5bb, 0xb5bb, 0xb5bb,
0xb5bb, 0xb5bb, 0xb5bb, 0xb5bb, 0xb5bb, 0xb5bb, 0xb5bb, 0xb5bb, 0xb5bb, 0xb5bb,
0xb5bb, 0xb5bb, 0xb5bb, 0xb5bb, 0xb5bb, 0xb5bb, 0xb5bb, 0xb5bb, 0xb5bb, 0xb5bb,
0xb5bb, 0xb5bb, 0xb5bb, 0xb5bb, 0xb5bb, 0xb5bb, 0xb5bb, 0xb5bb, 0xb5bb, 0xb5bb,
0xb5bb, 0xb5bb, 0xb5bb, 0xb5bb, 0xb5bb, 0xb5bb, 0xb5bb, 0xb5bb, 0xb5bb, 0xb5bb,
0xb5bb, 0xb5bb, 0xb5bb, 0xb5bb, 0xb5bb, 0xb5bb, 0xb5bb, 0xb5bb, 0xb5bb, 0xb5bb,
0xb5bb, 0xb5bb, 0xb5bb, 0xb5bb, 0xb5bb, 0xb5bb, 0xb5bb, 0xb5bb, 0xb5bb, 0xb5bb,
0xb5bb, 0xb5bb, 0xb5bb, 0xb5bb, 0xb5bb, 0xb5bb, 0xb5bb, 0xb5bb, 0xb5bb, 0xb5bb,
0xb5bb, 0xb5bb, 0xb5bb, 0xb5bb, 0xb5bb, 0xb5bb, 0xb5bb, 0xb5bb, 0xb5bb, 0xb5bb,
0xb5bb, 0xb5bb, 0xb5bb, 0xb5bb, 0xb5bb, 0xb5bb, 0xad59, 0x7391, 0x528d, 0x5acf,
0x6350, 0x632f, 0x52ad, 0x6350, 0x6332, 0x41d0, 0x292c, 0x296c, 0x4211, 0x29ad,
0x2129, 0x39e9, 0x424a, 0x4a4b, 0x4a4b, 0x4a4b, 0x4a4b, 0x424b, 0x420a, 0x422a,
0x4a4b, 0x4a4b, 0x528a, 0x528a, 0x528a, 0x528a, 0x528a, 0x528a, 0x5a8a, 0x5a8a,
0x5a8a, 0x5a8a, 0x5a8a, 0x5a8a, 0x5aaa, 0x5aca, 
0x528b, 0x528b, 0x528b, 0x5aab, 0x5aab, 0x5acb, 0x5acb, 0x5acb, 0x5acb, 0x5acb,
0x5acb, 0x5acb, 0x5acb, 0x5acb, 0x5acb, 0x5acb, 0x5acb, 0x5acb, 0x5aca, 0x5aca,
0x5aca, 0x5aca, 0x5aaa, 0x5a8a, 0x5289, 0x4207, 0x4a4c, 0x5af1, 0x4232, 0x31af,
0x3170, 0x314d, 0x7392, 0xa519, 0x8c77, 0x73b5, 0x5af3, 0x73b5, 0x6b50, 0x4a6c,
0xb5bb, 0xb5bb, 0xb5bb, 0xb5bb, 0xb5bb, 0xb5bb, 0xb5bb, 0xb5bb, 0xb5bb, 0xb5bb,
0xb5bb, 0xb5bb, 0xb5bb, 0xb5bb, 0xb5bb, 0xb5bb, 0xb5bb, 0xb5bb, 0xb5bb, 0xb5bb,
0xb5bb, 0xb5bb, 0xb5bb, 0xb5bb, 0xb5bb, 0xb5bb, 0xb5bb, 0xb5bb, 0xb5bb, 0xb5bb,
0xb5bb, 0xb5bb, 0xb5bb, 0xb5bb, 0xb5bb, 0xb5bb, 0xb5bb, 0xb5bb, 0xb5bb, 0xb5bb,
0xb5bb, 0xb5bb, 0xb5bb, 0xb5bb, 0xb5bb, 0xb5bb, 0xb5bb, 0xb5bb, 0xb5bb, 0xb5bb,
0xb5bb, 0xb5bb, 0xb5bb, 0xb5bb, 0xb5bb, 0xb5bb, 0xb5bb, 0xb5bb, 0xb5bb, 0xb5bb,
0xb5bb, 0xb5bb, 0xb5bb, 0xb5bb, 0xb5bb, 0xb5bb, 0xb5bb, 0xb5bb, 0xb5bb, 0xb5bb,
0xb5bb, 0xb5bb, 0xb5bb, 0xb5bb, 0xb5bb, 0xb5bb, 0xb5bb, 0xb5bb, 0xb5bb, 0xb5bb,
0xb5bb, 0xb5bb, 0xb5bb, 0xb5bb, 0xb5bb, 0xb5bb, 0xb5bb, 0xb5bb, 0xb5bb, 0xb5bb,
0xb5bb, 0xb5bb, 0xb5bb, 0xb5bb, 0xb5bb, 0xb5bb, 0xa539, 0x6b91, 0x4a8d, 0x422d,
0x426f, 0x5b31, 0x7392, 0x8414, 0x73b4, 0x41f0, 0x292c, 0x296c, 0x4211, 0x29ad,
0x2149, 0x39e9, 0x424a, 0x4a4b, 0x4a4b, 0x4a4b, 0x4a4b, 0x424b, 0x422b, 0x420a,
0x424a, 0x4a4a, 0x4a8a, 0x526a, 0x528a, 0x528a, 0x528a, 0x528a, 0x528a, 0x528a,
0x528a, 0x5a8a, 0x5a8a, 0x5a8a, 0x5a8a, 0x5a8b, 
0x528b, 0x528b, 0x528b, 0x528b, 0x528b, 0x5a8b, 0x5aab, 0x5acb, 0x5acb, 0x5acb,
0x5acb, 0x5acb, 0x5acb, 0x5acb, 0x5acb, 0x5acb, 0x5acb, 0x5acb, 0x5aca, 0x5aaa,
0x5aaa, 0x5aca, 0x5aaa, 0x5a8a, 0x5289, 0x4207, 0x4a4c, 0x5af1, 0x4232, 0x31af,
0x3150, 0x314d, 0x73b2, 0xa51a, 0x9cda, 0x8458, 0x5b35, 0x6b74, 0x630f, 0x422b,
0xb5bb, 0xb5bb, 0xb5bb, 0xb5bb, 0xb5bb, 0xb5bb, 0xb5bb, 0xb5bb, 0xb5bb, 0xb5bb,
0xb5bb, 0xb5bb, 0xb5bb, 0xb5bb, 0xb5bb, 0xb5bb, 0xb5bb, 0xb5bb, 0xb5bb, 0xb5bb,
0xb5bb, 0xb5bb, 0xb5bb, 0xb5bb, 0xb5bb, 0xb5bb, 0xb5bb, 0xb5bb, 0xb5bb, 0xb5bb,
0xb5bb, 0xb5bb, 0xb5bb, 0xb5bb, 0xb5bb, 0xb5bb, 0xb5bb, 0xb5bb, 0xb5bb, 0xb5bb,
0xb5bb, 0xb5bb, 0xb5bb, 0xb5bb, 0xb5bb, 0xb5bb, 0xb5bb, 0xb5bb, 0xb5bb, 0xb5bb,
0xb5bb, 0xb5bb, 0xb5bb, 0xb5bb, 0xb5bb, 0xb5bb, 0xb5bb, 0xb5bb, 0xb5bb, 0xb5bb,
0xb5bb, 0xb5bb, 0xb5bb, 0xb5bb, 0xb5bb, 0xb5bb, 0xb5bb, 0xb5bb, 0xb5bb, 0xb5bb,
0xb5bb, 0xb5bb, 0xb5bb, 0xb5bb, 0xb5bb, 0xb5bb, 0xb5bb, 0xb5bb, 0xb5bb, 0xb5bb,
0xb5bb, 0xb5bb, 0xb5bb, 0xb5bb, 0xb5bb, 0xb5bb, 0xb5bb, 0xb5bb, 0xb5bb, 0xb5bb,
0xb5bb, 0xb5bb, 0xb5bb, 0xb5bb, 0xb5bb, 0xb5bb, 0xa539, 0x6b71, 0x52ad, 0x4a8f,
0x4ab1, 0x6b73, 0x8c56, 0xa519, 0x8c56, 0x4a11, 0x292c, 0x296c, 0x4211, 0x29ad,
0x2149, 0x39e9, 0x424a, 0x4a4b, 0x4a4b, 0x4a4b, 0x4a4b, 0x4a4b, 0x4a4b, 0x424a,
0x422a, 0x4a4a, 0x4a6a, 0x526a, 0x528a, 0x528a, 0x528a, 0x528a, 0x528a, 0x528a,
0x528a, 0x5a8a, 0x5a8a, 0x5a8a, 0x5a8a, 0x5a8a, 
0x424a, 0x4a4b, 0x4a4b, 0x528b, 0x528b, 0x528b, 0x528b, 0x528b, 0x5a8b, 0x5a8b,
0x5acb, 0x5acb, 0x5acb, 0x5acb, 0x5acb, 0x5acb, 0x5aaa, 0x5a8a, 0x5aaa, 0x5a8a,
0x5a8a, 0x5a8a, 0x5a8a, 0x5a8a, 0x5289, 0x39e7, 0x4a4c, 0x5af1, 0x4232, 0x31af,
0x3150, 0x314d, 0x7bf3, 0xb5bb, 0xad5b, 0x8c79, 0x6b75, 0x6bb3, 0x52ad, 0x422a,
0xb5bb, 0xb5bb, 0xb5bb, 0xb5bb, 0xb5bb, 0xb5bb, 0xb5bb, 0xb5bb, 0xb5bb, 0xb5bb,
0xb5bb, 0xb5bb, 0xb5bb, 0xb5bb, 0xb5bb, 0xb5bb, 0xb5bb, 0xb5bb, 0xb5bb, 0xb5bb,
0xb5bb, 0xb5bb, 0xb5bb, 0xb5bb, 0xb5bb, 0xb5bb, 0xb5bb, 0xb5bb, 0xb5bb, 0xb5bb,
0xb5bb, 0xb5bb, 0xb5bb, 0xb5bb, 0xb5bb, 0xb5bb, 0xb5bb, 0xb5bb, 0xb5bb, 0xb5bb,
0xb5bb, 0xb5bb, 0xb5bb, 0xb5bb, 0xb5bb, 0xb5bb, 0xb5bb, 0xb5bb, 0xb5bb, 0xb5bb,
0xb5bb, 0xb5bb, 0xb5bb, 0xb5bb, 0xb5bb, 0xb5bb, 0xb5bb, 0xb5bb, 0xb5bb, 0xb5bb,
0xb5bb, 0xb5bb, 0xb5bb, 0xb5bb, 0xb5bb, 0xb5bb, 0xb5bb, 0xb5bb, 0xb5bb, 0xb5bb,
0xb5bb, 0xb5bb, 0xb5bb, 0xb5bb, 0xb5bb, 0xb5bb, 0xb5bb, 0xb5bb, 0xb5bb, 0xb5bb,
0xb5bb, 0xb5bb, 0xb5bb, 0xb5bb, 0xb5bb, 0xb5bb, 0xb5bb, 0xb5bb, 0xb5bb, 0xb5bb,
0xb5bb, 0xb5bb, 0xb5bb, 0xb5bb, 0xb5bb, 0xb5bb, 0xa539, 0x6b50, 0x4a8d, 0x4ab0,
0x6353, 0x8c57, 0xad7a, 0xc61c, 0xa539, 0x4a31, 0x290c, 0x296c, 0x4211, 0x29ad,
0x2149, 0x39e9, 0x424a, 0x4a4b, 0x4a4b, 0x4a4b, 0x4a4b, 0x4a4b, 0x4a4b, 0x424b,
0x422a, 0x420a, 0x4a4a, 0x4a4a, 0x4a6a, 0x528a, 0x528a, 0x528a, 0x528a, 0x528a,
0x528a, 0x528a, 0x528a, 0x528a, 0x528a, 0x528a, 
0x420a, 0x420a, 0x420a, 0x424a, 0x4a6a, 0x4a6b, 0x4a6b, 0x528b, 0x528b, 0x528b,
0x528b, 0x528a, 0x528a, 0x528a, 0x528a, 0x528a, 0x528a, 0x528a, 0x528a, 0x528a,
0x528a, 0x528a, 0x528a, 0x528a, 0x4a69, 0x39c7, 0x4a4c, 0x5af1, 0x4232, 0x31af,
0x3150, 0x314d, 0x8c53, 0xbdfc, 0xb59c, 0x9499, 0x73b5, 0x73d4, 0x52ac, 0x426b,
0xb5bb, 0xb5bb, 0xb5bb, 0xb5bb, 0xb5bb, 0xb5bb, 0xb5bb, 0xb5bb, 0xb5bb, 0xb5bb,
0xb5bb, 0xb5bb, 0xb5bb, 0xb5bb, 0xb5bb, 0xb5bb, 0xb5bb, 0xb5bb, 0xb5bb, 0xb5bb,
0xb5bb, 0xb5bb, 0xb5bb, 0xb5bb, 0xb5bb, 0xb5bb, 0xb5bb, 0xb5bb, 0xb5bb, 0xb5bb,
0xb5bb, 0xb5bb, 0xb5bb, 0xb5bb, 0xb5bb, 0xb5bb, 0xb5bb, 0xb5bb, 0xb5bb, 0xb5bb,
0xb5bb, 0xb5bb, 0xb5bb, 0xb5bb, 0xb5bb, 0xb5bb, 0xb5bb, 0xb5bb, 0xb5bb, 0xb5bb,
0xb5bb, 0xb5bb, 0xb5bb, 0xb5bb, 0xb5bb, 0xb5bb, 0xb5bb, 0xb5bb, 0xb5bb, 0xb5bb,
0xb5bb, 0xb5bb, 0xb5bb, 0xb5bb, 0xb5bb, 0xb5bb, 0xb5bb, 0xb5bb, 0xb5bb, 0xb5bb,
0xb5bb, 0xb5bb, 0xb5bb, 0xb5bb, 0xb5bb, 0xb5bb, 0xb5bb, 0xb5bb, 0xb5bb, 0xb5bb,
0xb5bb, 0xb5bb, 0xb5bb, 0xb5bb, 0xb5bb, 0xb5bb, 0xb5bb, 0xb5bb, 0xb5bb, 0xb5bb,
0xb5bb, 0xb5bb, 0xb5bb, 0xb5bb, 0xb5bb, 0xb5bb, 0xa518, 0x5aee, 0x4a8d, 0x4ab0,
0x6b93, 0x94b7, 0xbdfb, 0xd6bc, 0xb599, 0x4a31, 0x290c, 0x296c, 0x4211, 0x29ad,
0x2149, 0x39e9, 0x424a, 0x4a4b, 0x4a4b, 0x4a4b, 0x4a4b, 0x4a4b, 0x4a4b, 0x424b,
0x422a, 0x420a, 0x420a, 0x422a, 0x4a4a, 0x4a4a, 0x4a6a, 0x4a6a, 0x526a, 0x528a,
0x526a, 0x528a, 0x528a, 0x528a, 0x528a, 0x528a, 
0x422a, 0x420a, 0x420a, 0x3a0a, 0x422a, 0x422a, 0x424a, 0x4a6b, 0x4a8b, 0x528b,
0x528a, 0x528a, 0x528a, 0x528a, 0x528a, 0x528a, 0x528a, 0x528a, 0x528a, 0x528a,
0x528a, 0x528a, 0x528a, 0x528a, 0x4a49, 0x39c7, 0x4a4c, 0x5af1, 0x4232, 0x31af,
0x3150, 0x314d, 0x8c73, 0xc63c, 0xbddc, 0x8c99, 0x73f6, 0x73b3, 0x528c, 0x4a8c,
0xb5bb, 0xb5bb, 0xb5bb, 0xb5bb, 0xb5bb, 0xb5bb, 0xb5bb, 0xb5bb, 0xb5bb, 0xb5bb,
0xb5bb, 0xb5bb, 0xb5bb, 0xb5bb, 0xb5bb, 0xb5bb, 0xb5bb, 0xb5bb, 0xb5bb, 0xb5bb,
0xb5bb, 0xb5bb, 0xb5bb, 0xb5bb, 0xb5bb, 0xb5bb, 0xb5bb, 0xb5bb, 0xb5bb, 0xb5bb,
0xb5bb, 0xb5bb, 0xb5bb, 0xb5bb, 0xb5bb, 0xb5bb, 0xb5bb, 0xb5bb, 0xb5bb, 0xb5bb,
0xb5bb, 0xb5bb, 0xb5bb, 0xb5bb, 0xb5bb, 0xb5bb, 0xb5bb, 0xb5bb, 0xb5bb, 0xb5bb,
0xb5bb, 0xb5bb, 0xb5bb, 0xb5bb, 0xb5bb, 0xb5bb, 0xb5bb, 0xb5bb, 0xb5bb, 0xb5bb,
0xb5bb, 0xb5bb, 0xb5bb, 0xb5bb, 0xb5bb, 0xb5bb, 0xb5bb, 0xb5bb, 0xb5bb, 0xb5bb,
0xb5bb, 0xb5bb, 0xb5bb, 0xb5bb, 0xb5bb, 0xb5bb, 0xb5bb, 0xb5bb, 0xb5bb, 0xb5bb,
0xb5bb, 0xb5bb, 0xb5bb, 0xb5bb, 0xb5bb, 0xb5bb, 0xb5bb, 0xb5bb, 0xb5bb, 0xb5bb,
0xb5bb, 0xb5bb, 0xb5bb, 0xb5bb, 0xb5bb, 0xb5bb, 0x9cd7, 0x424b, 0x424c, 0x4a8f,
0x6b93, 0x9cd7, 0xbe1b, 0xdedc, 0xb5b9, 0x4a52, 0x290c, 0x296c, 0x4211, 0x29ad,
0x2149, 0x39e9, 0x424a, 0x4a4b, 0x4a4b, 0x4a4b, 0x4a4b, 0x4a4b, 0x4a4b, 0x4a4b,
0x424b, 0x424b, 0x420a, 0x420a, 0x422a, 0x424a, 0x4a4a, 0x4a4a, 0x4a4a, 0x4a6a,
0x526a, 0x528a, 0x528a, 0x526b, 0x528b, 0x528b, 
0x4a6b, 0x4a6b, 0x424a, 0x422a, 0x420a, 0x420a, 0x420a, 0x420a, 0x424a, 0x4a4a,
0x4a4a, 0x4a4a, 0x4a6a, 0x528a, 0x528a, 0x528a, 0x528a, 0x528a, 0x528a, 0x528a,
0x528a, 0x528a, 0x528a, 0x528a, 0x4a49, 0x39c7, 0x4a4c, 0x5af1, 0x4232, 0x31af,
0x3150, 0x314d, 0x8c73, 0xc63c, 0xbddc, 0x8c98, 0x7bf6, 0x6b91, 0x528c, 0x5acf,
0xb5bb, 0xb5bb, 0xb5bb, 0xb5bb, 0xb5bb, 0xb5bb, 0xb5bb, 0xb5bb, 0xb5bb, 0xb5bb,
0xb5bb, 0xb5bb, 0xb5bb, 0xb5bb, 0xb5bb, 0xb5bb, 0xb5bb, 0xb5bb, 0xb5bb, 0xb5bb,
0xb5bb, 0xb5bb, 0xb5bb, 0xb5bb, 0xb5bb, 0xb5bb, 0xb5bb, 0xb5bb, 0xb5bb, 0xb5bb,
0xb5bb, 0xb5bb, 0xb5bb, 0xb5bb, 0xb5bb, 0xb5bb, 0xb5bb, 0xb5bb, 0xb5bb, 0xb5bb,
0xb5bb, 0xb5bb, 0xb5bb, 0xb5bb, 0xb5bb, 0xb5bb, 0xb5bb, 0xb5bb, 0xb5bb, 0xb5bb,
0xb5bb, 0xb5bb, 0xb5bb, 0xb5bb, 0xb5bb, 0xb5bb, 0xb5bb, 0xb5bb, 0xb5bb, 0xb5bb,
0xb5bb, 0xb5bb, 0xb5bb, 0xb5bb, 0xb5bb, 0xb5bb, 0xb5bb, 0xb5bb, 0xb5bb, 0xb5bb,
0xb5bb, 0xb5bb, 0xb5bb, 0xb5bb, 0xb5bb, 0xb5bb, 0xb5bb, 0xb5bb, 0xb5bb, 0xb5bb,
0xb5bb, 0xb5bb, 0xb5bb, 0xb5bb, 0xb5bb, 0xb5bb, 0xb5bb, 0xb5bb, 0xb5bb, 0xb5bb,
0xb5bb, 0xb5bb, 0xb5bb, 0xb5bb, 0xb5bb, 0xb5bb, 0x9cf8, 0x528c, 0x4a6c, 0x4a8f,
0x6372, 0x9cd7, 0xc61b, 0xdedc, 0xb5b9, 0x4a52, 0x290c, 0x296c, 0x4211, 0x29ad,
0x2149, 0x39e9, 0x424a, 0x4a4b, 0x4a4b, 0x4a4b, 0x4a4b, 0x4a4b, 0x4a4b, 0x4a4b,
0x4a4b, 0x4a4b, 0x424b, 0x422a, 0x420a, 0x422a, 0x424a, 0x4a4a, 0x4a4a, 0x4a4b,
0x4a4b, 0x4a4b, 0x4a4b, 0x4a4b, 0x4a4b, 0x4a4b, 
0x52ac, 0x4aab, 0x4a6b, 0x4a6b, 0x424a, 0x422a, 0x422a, 0x420a, 0x420a, 0x420a,
0x420a, 0x422a, 0x422a, 0x422a, 0x4a4a, 0x4a6a, 0x4a6a, 0x4a6a, 0x4a6a, 0x4a6a,
0x4a6a, 0x4a6a, 0x4a6a, 0x4a6a, 0x4229, 0x3187, 0x424c, 0x5af2, 0x4232, 0x31af,
0x3150, 0x314d, 0x8c53, 0xbdfb, 0xad7b, 0x8437, 0x7bf5, 0x6350, 0x52ac, 0x6330,
0xb5bb, 0xb5bb, 0xb5bb, 0xb5bb, 0xb5bb, 0xb5bb, 0xb5bb, 0xb5bb, 0xb5bb, 0xb5bb,
0xb5bb, 0xb5bb, 0xb5bb, 0xb5bb, 0xb5bb, 0xb5bb, 0xb5bb, 0xb5bb, 0xb5bb, 0xb5bb,
0xb5bb, 0xb5bb, 0xb5bb, 0xb5bb, 0xb5bb, 0xb5bb, 0xb5bb, 0xb5bb, 0xb5bb, 0xb5bb,
0xb5bb, 0xb5bb, 0xb5bb, 0xb5bb, 0xb5bb, 0xb5bb, 0xb5bb, 0xb5bb, 0xb5bb, 0xb5bb,
0xb5bb, 0xb5bb, 0xb5bb, 0xb5bb, 0xb5bb, 0xb5bb, 0xb5bb, 0xb5bb, 0xb5bb, 0xb5bb,
0xb5bb, 0xb5bb, 0xb5bb, 0xb5bb, 0xb5bb, 0xb5bb, 0xb5bb, 0xb5bb, 0xb5bb, 0xb5bb,
0xb5bb, 0xb5bb, 0xb5bb, 0xb5bb, 0xb5bb, 0xb5bb, 0xb5bb, 0xb5bb, 0xb5bb, 0xb5bb,
0xb5bb, 0xb5bb, 0xb5bb, 0xb5bb, 0xb5bb, 0xb5bb, 0xb5bb, 0xb5bb, 0xb5bb, 0xb5bb,
0xb5bb, 0xb5bb, 0xb5bb, 0xb5bb, 0xb5bb, 0xb5bb, 0xb5bb, 0xb5bb, 0xb5bb, 0xb5bb,
0xb5bb, 0xb5bb, 0xb5bb, 0xb5bb, 0xb5bb, 0xb5bb, 0xa518, 0x5aee, 0x528c, 0x52cf,
0x6372, 0x94d7, 0xc61b, 0xdedc, 0xb5d9, 0x4a52, 0x290c, 0x296c, 0x4211, 0x29ad,
0x2149, 0x39e9, 0x424a, 0x4a4b, 0x4a4b, 0x4a4b, 0x4a4b, 0x4a4b, 0x4a4b, 0x4a4b,
0x4a4b, 0x4a4b, 0x4a4b, 0x424b, 0x420a, 0x420a, 0x420a, 0x422a, 0x424a, 0x4a4b,
0x4a4b, 0x4a4b, 0x4a4b, 0x4a4b, 0x4a4b, 0x4a4b, 
0x52cc, 0x52cc, 0x52cc, 0x52ac, 0x4a8b, 0x4a8b, 0x4a4b, 0x4a4b, 0x424a, 0x422a,
0x420a, 0x420a, 0x420a, 0x420a, 0x422a, 0x422a, 0x422a, 0x422a, 0x422a, 0x422a,
0x424a, 0x424a, 0x422a, 0x422a, 0x3a09, 0x2987, 0x422c, 0x5af2, 0x4232, 0x31af,
0x3150, 0x314d, 0x8433, 0xb5bb, 0xa519, 0x73d6, 0x7bd5, 0x6b50, 0x52cd, 0x6b71,
0xb5bb, 0xb5bb, 0xb5bb, 0xb5bb, 0xb5bb, 0xb5bb, 0xb5bb, 0xb5bb, 0xb5bb, 0xb5bb,
0xb5bb, 0xb5bb, 0xb5bb, 0xb5bb, 0xb5bb, 0xb5bb, 0xb5bb, 0xb5bb, 0xb5bb, 0xb5bb,
0xb5bb, 0xb5bb, 0xb5bb, 0xb5bb, 0xb5bb, 0xb5bb, 0xb5bb, 0xb5bb, 0xb5bb, 0xb5bb,
0xb5bb, 0xb5bb, 0xb5bb, 0xb5bb, 0xb5bb, 0xb5bb, 0xb5bb, 0xb5bb, 0xb5bb, 0xb5bb,
0xb5bb, 0xb5bb, 0xb5bb, 0xb5bb, 0xb5bb, 0xb5bb, 0xb5bb, 0xb5bb, 0xb5bb, 0xb5bb,
0xb5bb, 0xb5bb, 0xb5bb, 0xb5bb, 0xb5bb, 0xb5bb, 0xb5bb, 0xb5bb, 0xb5bb, 0xb5bb,
0xb5bb, 0xb5bb, 0xb5bb, 0xb5bb, 0xb5bb, 0xb5bb, 0xb5bb, 0xb5bb, 0xb5bb, 0xb5bb,
0xb5bb, 0xb5bb, 0xb5bb, 0xb5bb, 0xb5bb, 0xb5bb, 0xb5bb, 0xb5bb, 0xb5bb, 0xb5bb,
0xb5bb, 0xb5bb, 0xb5bb, 0xb5bb, 0xb5bb, 0xb5bb, 0xb5bb, 0xb5bb, 0xb5bb, 0xb5bb,
0xb5bb, 0xb5bb, 0xb5bb, 0xb5bb, 0xb5bb, 0xb5bb, 0xa539, 0x632f, 0x52ad, 0x52d0,
0x6373, 0x94d7, 0xc61b, 0xdedc, 0xb5b9, 0x4a52, 0x290c, 0x296c, 0x4211, 0x29ad,
0x2149, 0x39e9, 0x424a, 0x4a4b, 0x4a4b, 0x4a4b, 0x4a4b, 0x4a4b, 0x4a4b, 0x4a4b,
0x4a4b, 0x4a4b, 0x4a4b, 0x424b, 0x420a, 0x420a, 0x420a, 0x4a2b, 0x4a4b, 0x4a4b,
0x4a4b, 0x4a4b, 0x4a4b, 0x4a4b, 0x4a4b, 0x4a4b, 
0x5b0c, 0x5aec, 0x52cc, 0x52cc, 0x52cc, 0x52ac, 0x4aab, 0x4aab, 0x4a8b, 0x4a6b,
0x4a6b, 0x426a, 0x424a, 0x422a, 0x422a, 0x422a, 0x3a2a, 0x3a0a, 0x3a0a, 0x420a,
0x420a, 0x420a, 0x420a, 0x420a, 0x3a09, 0x2987, 0x422c, 0x5af2, 0x4232, 0x31af,
0x3170, 0x314d, 0x7bd3, 0xa53a, 0x8c78, 0x6b94, 0x6372, 0x4aad, 0x52ad, 0x7392,
0xb5bb, 0xb5bb, 0xb5bb, 0xb5bb, 0xb5bb, 0xb5bb, 0xb5bb, 0xb5bb, 0xb5bb, 0xb5bb,
0xb5bb, 0xb5bb, 0xb5bb, 0xb5bb, 0xb5bb, 0xb5bb, 0xb5bb, 0xb5bb, 0xb5bb, 0xb5bb,
0xb5bb, 0xb5bb, 0xb5bb, 0xb5bb, 0xb5bb, 0xb5bb, 0xb5bb, 0xb5bb, 0xb5bb, 0xb5bb,
0xb5bb, 0xb5bb, 0xb5bb, 0xb5bb, 0xb5bb, 0xb5bb, 0xb5bb, 0xb5bb, 0xb5bb, 0xb5bb,
0xb5bb, 0xb5bb, 0xb5bb, 0xb5bb, 0xb5bb, 0xb5bb, 0xb5bb, 0xb5bb, 0xb5bb, 0xb5bb,
0xb5bb, 0xb5bb, 0xb5bb, 0xb5bb, 0xb5bb, 0xb5bb, 0xb5bb, 0xb5bb, 0xb5bb, 0xb5bb,
0xb5bb, 0xb5bb, 0xb5bb, 0xb5bb, 0xb5bb, 0xb5bb, 0xb5bb, 0xb5bb, 0xb5bb, 0xb5bb,
0xb5bb, 0xb5bb, 0xb5bb, 0xb5bb, 0xb5bb, 0xb5bb, 0xb5bb, 0xb5bb, 0xb5bb, 0xb5bb,
0xb5bb, 0xb5bb, 0xb5bb, 0xb5bb, 0xb5bb, 0xb5bb, 0xb5bb, 0xb5bb, 0xb5bb, 0xb5bb,
0xb5bb, 0xb5bb, 0xb5bb, 0xb5bb, 0xb5bb, 0xb5bb, 0xa539, 0x632f, 0x52ad, 0x52d0,
0x6374, 0x94d7, 0xbdfa, 0xd6bc, 0xb5b9, 0x4a52, 0x290c, 0x296c, 0x4211, 0x29ad,
0x2149, 0x39e9, 0x424a, 0x4a4b, 0x4a4b, 0x4a4b, 0x4a4b, 0x4a4b, 0x4a4b, 0x4a4b,
0x4a4b, 0x4a4b, 0x4a4b, 0x424b, 0x420a, 0x420a, 0x424b, 0x4a4b, 0x4a4b, 0x4a4b,
0x4a4c, 0x524c, 0x524c, 0x526c, 0x526c, 0x526c, 
0x5b0d, 0x5b0d, 0x5b0c, 0x5aec, 0x5aec, 0x52ec, 0x52cc, 0x52cc, 0x52cc, 0x52ab,
0x4aab, 0x4aab, 0x4a8b, 0x4a6b, 0x4a6b, 0x426a, 0x426a, 0x424a, 0x424a, 0x422a,
0x422a, 0x422a, 0x422a, 0x422a, 0x4229, 0x2987, 0x422c, 0x5af2, 0x4232, 0x31af,
0x3190, 0x314d, 0x7392, 0x94d9, 0x8c58, 0x6332, 0x3a2b, 0x31a8, 0x4a4c, 0x73b2,
0xb5bb, 0xb5bb, 0xb5bb, 0xb5bb, 0xb5bb, 0xb5bb, 0xb5bb, 0xb5bb, 0xb5bb, 0xb5bb,
0xb5bb, 0xb5bb, 0xb5bb, 0xb5bb, 0xb5bb, 0xb5bb, 0xb5bb, 0xb5bb, 0xb5bb, 0xb5bb,
0xb5bb, 0xb5bb, 0xb5bb, 0xb5bb, 0xb5bb, 0xb5bb, 0xb5bb, 0xb5bb, 0xb5bb, 0xb5bb,
0xb5bb, 0xb5bb, 0xb5bb, 0xb5bb, 0xb5bb, 0xb5bb, 0xb5bb, 0xb5bb, 0xb5bb, 0xb5bb,
0xb5bb, 0xb5bb, 0xb5bb, 0xb5bb, 0xb5bb, 0xb5bb, 0xb5bb, 0xb5bb, 0xb5bb, 0xb5bb,
0xb5bb, 0xb5bb, 0xb5bb, 0xb5bb, 0xb5bb, 0xb5bb, 0xb5bb, 0xb5bb, 0xb5bb, 0xb5bb,
0xb5bb, 0xb5bb, 0xb5bb, 0xb5bb, 0xb5bb, 0xb5bb, 0xb5bb, 0xb5bb, 0xb5bb, 0xb5bb,
0xb5bb, 0xb5bb, 0xb5bb, 0xb5bb, 0xb5bb, 0xb5bb, 0xb5bb, 0xb5bb, 0xb5bb, 0xb5bb,
0xb5bb, 0xb5bb, 0xb5bb, 0xb5bb, 0xb5bb, 0xb5bb, 0xb5bb, 0xb5bb, 0xb5bb, 0xb5bb,
0xb5bb, 0xb5bb, 0xb5bb, 0xb5bb, 0xb5bb, 0xb5bb, 0x9cf8, 0x5ace, 0x52ae, 0x52d1,
0x6b74, 0x8c96, 0xb599, 0xce5c, 0xad79, 0x4a31, 0x290c, 0x296c, 0x4211, 0x29ad,
0x2149, 0x39e9, 0x424a, 0x4a4b, 0x4a4b, 0x4a4b, 0x4a4b, 0x4a4b, 0x4a4b, 0x4a4b,
0x4a4b, 0x4a4b, 0x4a4b, 0x424b, 0x422a, 0x422a, 0x4a4b, 0x4a4c, 0x524c, 0x524c,
0x526c, 0x526c, 0x528c, 0x528c, 0x528c, 0x528c, 
0x5b0d, 0x5b0d, 0x5b0d, 0x5b0d, 0x5b0d, 0x5b0d, 0x5b0c, 0x5b0c, 0x5acc, 0x5acc,
0x52cc, 0x52cc, 0x52cc, 0x52cc, 0x52cc, 0x52cc, 0x52ac, 0x528b, 0x528b, 0x528b,
0x4a8b, 0x4a8b, 0x4a8b, 0x4a8b, 0x4229, 0x3187, 0x422c, 0x5af2, 0x4232, 0x31af,
0x3990, 0x314d, 0x6b52, 0x94b9, 0x73b3, 0x422b, 0x420b, 0x5b0e, 0x4a8b, 0x6350,
0xb5bb, 0xb5bb, 0xb5bb, 0xb5bb, 0xb5bb, 0xb5bb, 0xb5bb, 0xb5bb, 0xb5bb, 0xb5bb,
0xb5bb, 0xb5bb, 0xb5bb, 0xb5bb, 0xb5bb, 0xb5bb, 0xb5bb, 0xb5bb, 0xb5bb, 0xb5bb,
0xb5bb, 0xb5bb, 0xb5bb, 0xb5bb, 0xb5bb, 0xb5bb, 0xb5bb, 0xb5bb, 0xb5bb, 0xb5bb,
0xb5bb, 0xb5bb, 0xb5bb, 0xb5bb, 0xb5bb, 0xb5bb, 0xb5bb, 0xb5bb, 0xb5bb, 0xb5bb,
0xb5bb, 0xb5bb, 0xb5bb, 0xb5bb, 0xb5bb, 0xb5bb, 0xb5bb, 0xb5bb, 0xb5bb, 0xb5bb,
0xb5bb, 0xb5bb, 0xb5bb, 0xb5bb, 0xb5bb, 0xb5bb, 0xb5bb, 0xb5bb, 0xb5bb, 0xb5bb,
0xb5bb, 0xb5bb, 0xb5bb, 0xb5bb, 0xb5bb, 0xb5bb, 0xb5bb, 0xb5bb, 0xb5bb, 0xb5bb,
0xb5bb, 0xb5bb, 0xb5bb, 0xb5bb, 0xb5bb, 0xb5bb, 0xb5bb, 0xb5bb, 0xb5bb, 0xb5bb,
0xb5bb, 0xb5bb, 0xb5bb, 0xb5bb, 0xb5bb, 0xb5bb, 0xb5bb, 0xb5bb, 0xb5bb, 0xb5bb,
0xb5bb, 0xb5bb, 0xb5bb, 0xb5bb, 0xb5bb, 0xb5bb, 0x9495, 0x424b, 0x424e, 0x426f,
0x5b12, 0x7bf5, 0x9cf7, 0xb5ba, 0xa4f8, 0x4a31, 0x290c, 0x296c, 0x4211, 0x29ad,
0x2149, 0x39e9, 0x424a, 0x4a4b, 0x4a4b, 0x4a4b, 0x4a4b, 0x4a4b, 0x4a4b, 0x4a4b,
0x4a4b, 0x4a4b, 0x4a4b, 0x4a4b, 0x422a, 0x422a, 0x4a4b, 0x524c, 0x526c, 0x5a8c,
0x5a8d, 0x5a8d, 0x5a8d, 0x5a8d, 0x5a8d, 0x5a8d, 
0x5b0d, 0x5b0d, 0x5b0d, 0x5b0d, 0x5b0d, 0x5b0d, 0x5b0d, 0x5b0d, 0x5b0c, 0x5b0c,
0x5b0c, 0x5aec, 0x52ec, 0x52cc, 0x52cc, 0x52cc, 0x52cc, 0x52cc, 0x52cc, 0x52cc,
0x52cb, 0x52ab, 0x4a8b, 0x4a8b, 0x4229, 0x2987, 0x422c, 0x5af2, 0x4232, 0x31af,
0x3990, 0x314d, 0x7392, 0x9cf8, 0x7c14, 0x6b73, 0x52d2, 0x73b4, 0x5b0e, 0x4a6c,
0xb5bb, 0xb5bb, 0xb5bb, 0xb5bb, 0xb5bb, 0xb5bb, 0xb5bb, 0xb5bb, 0xb5bb, 0xb5bb,
0xb5bb, 0xb5bb, 0xb5bb, 0xb5bb, 0xb5bb, 0xb5bb, 0xb5bb, 0xb5bb, 0xb5bb, 0xb5bb,
0xb5bb, 0xb5bb, 0xb5bb, 0xb5bb, 0xb5bb, 0xb5bb, 0xb5bb, 0xb5bb, 0xb5bb, 0xb5bb,
0xb5bb, 0xb5bb, 0xb5bb, 0xb5bb, 0xb5bb, 0xb5bb, 0xb5bb, 0xb5bb, 0xb5bb, 0xb5bb,
0xb5bb, 0xb5bb, 0xb5bb, 0xb5bb, 0xb5bb, 0xb5bb, 0xb5bb, 0xb5bb, 0xb5bb, 0xb5bb,
0xb5bb, 0xb5bb, 0xb5bb, 0xb5bb, 0xb5bb, 0xb5bb, 0xb5bb, 0xb5bb, 0xb5bb, 0xb5bb,
0xb5bb, 0xb5bb, 0xb5bb, 0xb5bb, 0xb5bb, 0xb5bb, 0xb5bb, 0xb5bb, 0xb5bb, 0xb5bb,
0xb5bb, 0xb5bb, 0xb5bb, 0xb5bb, 0xb5bb, 0xb5bb, 0xb5bb, 0xb5bb, 0xb5bb, 0xb5bb,
0xb5bb, 0xb5bb, 0xb5bb, 0xb5bb, 0xb5bb, 0xb5bb, 0xb5bb, 0xb5bb, 0xb5bb, 0xb5bb,
0xb5bb, 0xb5bb, 0xb5bb, 0xb5bb, 0xb5bb, 0xb5bb, 0x6b70, 0x3a2b, 0x31ec, 0x31ed,
0x4a6e, 0x6330, 0x7bf4, 0x9cf7, 0x9496, 0x4a31, 0x290c, 0x296c, 0x4211, 0x29ad,
0x2149, 0x39e9, 0x424a, 0x4a4b, 0x4a4b, 0x4a4b, 0x4a4b, 0x4a4b, 0x4a4b, 0x4a4b,
0x4a4b, 0x4a4b, 0x4a4b, 0x4a4b, 0x422a, 0x422a, 0x424b, 0x524c, 0x528c, 0x5a8d,
0x5a8d, 0x5a8d, 0x5a8d, 0x5a8d, 0x5a8d, 0x5a8d, 
0x5b0d, 0x5b0d, 0x5b0d, 0x5b2d, 0x5b2d, 0x5b2d, 0x5b0d, 0x5b0d, 0x5b0d, 0x5b0d,
0x5b0c, 0x5b0c, 0x5b0c, 0x5b0c, 0x5aec, 0x52ec, 0x52cc, 0x52cc, 0x52cc, 0x52cc,
0x52cc, 0x52cc, 0x52ab, 0x4a8b, 0x3a29, 0x2987, 0x422c, 0x5af2, 0x4232, 0x31af,
0x3170, 0x314d, 0x7392, 0xa51a, 0x94ba, 0x7bf8, 0x52d3, 0x5b12, 0x6bb1, 0x422b,
0xb5bb, 0xb5bb, 0xb5bb, 0xb5bb, 0xb5bb, 0xb5bb, 0xb5bb, 0xb5bb, 0xb5bb, 0xb5bb,
0xb5bb, 0xb5bb, 0xb5bb, 0xb5bb, 0xb5bb, 0xb5bb, 0xb5bb, 0xb5bb, 0xb5bb, 0xb5bb,
0xb5bb, 0xb5bb, 0xb5bb, 0xb5bb, 0xb5bb, 0xb5bb, 0xb5bb, 0xb5bb, 0xb5bb, 0xb5bb,
0xb5bb, 0xb5bb, 0xb5bb, 0xb5bb, 0xb5bb, 0xb5bb, 0xb5bb, 0xb5bb, 0xb5bb, 0xb5bb,
0xb5bb, 0xb5bb, 0xb5bb, 0xb5bb, 0xb5bb, 0xb5bb, 0xb5bb, 0xb5bb, 0xb5bb, 0xb5bb,
0xb5bb, 0xb5bb, 0xb5bb, 0xb5bb, 0xb5bb, 0xb5bb, 0xb5bb, 0xb5bb, 0xb5bb, 0xb5bb,
0xb5bb, 0xb5bb, 0xb5bb, 0xb5bb, 0xb5bb, 0xb5bb, 0xb5bb, 0xb5bb, 0xb5bb, 0xb5bb,
0xb5bb, 0xb5bb, 0xb5bb, 0xb5bb, 0xb5bb, 0xb5bb, 0xb5bb, 0xb5bb, 0xb5bb, 0xb5bb,
0xb5bb, 0xb5bb, 0xb5bb, 0xb5bb, 0xb5bb, 0xb5bb, 0xb5bb, 0xb5bb, 0xb5bb, 0xb5bb,
0xb5bb, 0xb5bb, 0xb5bb, 0xb5bb, 0xb5bb, 0xb5bb, 0x73b1, 0x39ea, 0x31eb, 0x29ab,
0x39eb, 0x52ae, 0x7392, 0x9496, 0x8c56, 0x4a31, 0x292c, 0x296c, 0x4211, 0x29ad,
0x2129, 0x39e9, 0x424a, 0x4a4b, 0x4a4b, 0x4a4b, 0x4a4b, 0x4a4b, 0x4a6b, 0x4a6b,
0x4a6b, 0x4a6b, 0x4a4b, 0x424b, 0x422a, 0x420a, 0x422b, 0x524c, 0x528c, 0x5a8d,
0x5a8d, 0x5a8d, 0x5a8d, 0x5a8d, 0x5a8d, 0x5a8d, 
0x632d, 0x634e, 0x5b2d, 0x52cb, 0x52cb, 0x5b0c, 0x5b4d, 0x632d, 0x5b0d, 0x5b0c,
0x5b0c, 0x5b0c, 0x5b0c, 0x5b0c, 0x5b0c, 0x5b0c, 0x5b0c, 0x5b0c, 0x5aec, 0x5acc,
0x5acc, 0x52cc, 0x52cb, 0x4a8b, 0x3a09, 0x2987, 0x422c, 0x5af2, 0x4232, 0x31af,
0x3150, 0x314d, 0x7bd2, 0xad5a, 0xa53b, 0x8c79, 0x6b74, 0x52d1, 0x73f3, 0x4a6c,
0xb5bb, 0xb5bb, 0xb5bb, 0xb5bb, 0xb5bb, 0xb5bb, 0xb5bb, 0xb5bb, 0xb5bb, 0xb5bb,
0xb5bb, 0xb5bb, 0xb5bb, 0xb5bb, 0xb5bb, 0xb5bb, 0xb5bb, 0xb5bb, 0xb5bb, 0xb5bb,
0xb5bb, 0xb5bb, 0xb5bb, 0xb5bb, 0xb5bb, 0xb5bb, 0xb5bb, 0xb5bb, 0xb5bb, 0xb5bb,
0xb5bb, 0xb5bb, 0xb5bb, 0xb5bb, 0xb5bb, 0xb5bb, 0xb5bb, 0xb5bb, 0xb5bb, 0xb5bb,
0xb5bb, 0xb5bb, 0xb5bb, 0xb5bb, 0xb5bb, 0xb5bb, 0xb5bb, 0xb5bb, 0xb5bb, 0xb5bb,
0xb5bb, 0xb5bb, 0xb5bb, 0xb5bb, 0xb5bb, 0xb5bb, 0xb5bb, 0xb5bb, 0xb5bb, 0xb5bb,
0xb5bb, 0xb5bb, 0xb5bb, 0xb5bb, 0xb5bb, 0xb5bb, 0xb5bb, 0xb5bb, 0xb5bb, 0xb5bb,
0xb5bb, 0xb5bb, 0xb5bb, 0xb5bb, 0xb5bb, 0xb5bb, 0xb5bb, 0xb5bb, 0xb5bb, 0xb5bb,
0xb5bb, 0xb5bb, 0xb5bb, 0xb5bb, 0xb5bb, 0xb5bb, 0xb5bb, 0xb5bb, 0xb5bb, 0xb5bb,
0xb5bb, 0xb5bb, 0xb5bb, 0xb5bb, 0xb5bb, 0xb5bb, 0x9494, 0x422b, 0x2968, 0x2948,
0x39ea, 0x5aee, 0x73b2, 0x9497, 0x8c56, 0x4a31, 0x292c, 0x296c, 0x4211, 0x29ad,
0x2149, 0x39e9, 0x424a, 0x4a4b, 0x4a4b, 0x4a4c, 0x4a8c, 0x4a6b, 0x39ea, 0x31a8,
0x2968, 0x31a9, 0x424b, 0x424c, 0x422a, 0x420a, 0x420a, 0x4a4b, 0x526c, 0x5a8d,
0x5a8d, 0x5a8d, 0x5a8d, 0x5a8d, 0x5a8d, 0x5a8d, 
0x4aab, 0x3a28, 0x3a28, 0x4a8a, 0x4a8a, 0x4229, 0x3a08, 0x424a, 0x52cc, 0x52ec,
0x5b0c, 0x5b0c, 0x5b0c, 0x5b0c, 0x5b0c, 0x5b0c, 0x5b0c, 0x5b0c, 0x5b0c, 0x5b0c,
0x5b0c, 0x52ec, 0x52cc, 0x4a8b, 0x3a09, 0x2987, 0x422c, 0x5af1, 0x4232, 0x31af,
0x3150, 0x314d, 0x8433, 0xbdfc, 0xbddc, 0x9d19, 0x7bf6, 0x52d3, 0x6b92, 0x426b,
0xb5bb, 0xb5bb, 0xb5bb, 0xb5bb, 0xb5bb, 0xb5bb, 0xb5bb, 0xb5bb, 0xb5bb, 0xb5bb,
0xb5bb, 0xb5bb, 0xb5bb, 0xb5bb, 0xb5bb, 0xb5bb, 0xb5bb, 0xb5bb, 0xb5bb, 0xb5bb,
0xb5bb, 0xb5bb, 0xb5bb, 0xb5bb, 0xb5bb, 0xb5bb, 0xb5bb, 0xb5bb, 0xb5bb, 0xb5bb,
0xb5bb, 0xb5bb, 0xb5bb, 0xb5bb, 0xb5bb, 0xb5bb, 0xb5bb, 0xb5bb, 0xb5bb, 0xb5bb,
0xb5bb, 0xb5bb, 0xb5bb, 0xb5bb, 0xb5bb, 0xb5bb, 0xb5bb, 0xb5bb, 0xb5bb, 0xb5bb,
0xb5bb, 0xb5bb, 0xb5bb, 0xb5bb, 0xb5bb, 0xb5bb, 0xb5bb, 0xb5bb, 0xb5bb, 0xb5bb,
0xb5bb, 0xb5bb, 0xb5bb, 0xb5bb, 0xb5bb, 0xb5bb, 0xb5bb, 0xb5bb, 0xb5bb, 0xb5bb,
0xb5bb, 0xb5bb, 0xb5bb, 0xb5bb, 0xb5bb, 0xb5bb, 0xb5bb, 0xb5bb, 0xb5bb, 0xb5bb,
0xb5bb, 0xb5bb, 0xb5bb, 0xb5bb, 0xb5bb, 0xb5bb, 0xb5bb, 0xb5bb, 0xb5bb, 0xb5bb,
0xb5bb, 0xb5bb, 0xb5bb, 0xb5bb, 0xb5bb, 0xb5bb, 0xa519, 0x5aee, 0x3a0a, 0x3a0b,
0x424d, 0x6310, 0x7c14, 0xa518, 0x94b7, 0x4a31, 0x290c, 0x296c, 0x4211, 0x29ad,
0x2149, 0x39e9, 0x424b, 0x4a4b, 0x424b, 0x3a09, 0x2988, 0x2966, 0x31c7, 0x526a,
0x5aeb, 0x4209, 0x2966, 0x2966, 0x31a8, 0x3a09, 0x420a, 0x422a, 0x4a4c, 0x5a8d,
0x5a8d, 0x5a8d, 0x5a8d, 0x5a8d, 0x5aad, 0x5aad, 
0x4a4a, 0x6b4d, 0x9c92, 0xad14, 0xa4b3, 0x9451, 0x7bcf, 0x5aab, 0x3a08, 0x3a28,
0x426a, 0x52ec, 0x5b0c, 0x5aec, 0x5b0c, 0x5b0c, 0x5b0c, 0x5b0c, 0x5b0c, 0x5b0c,
0x5b0c, 0x52ec, 0x4aac, 0x424a, 0x3a09, 0x2987, 0x424c, 0x5af1, 0x4232, 0x31af,
0x3150, 0x314d, 0x8c73, 0xce5c, 0xbdfc, 0xa51a, 0x7bd6, 0x5b33, 0x6351, 0x31e9,
0xb5bb, 0xb5bb, 0xb5bb, 0xb5bb, 0xb5bb, 0xb5bb, 0xb5bb, 0xb5bb, 0xb5bb, 0xb5bb,
0xb5bb, 0xb5bb, 0xb5bb, 0xb5bb, 0xb5bb, 0xb5bb, 0xb5bb, 0xb5bb, 0xb5bb, 0xb5bb,
0xb5bb, 0xb5bb, 0xb5bb, 0xb5bb, 0xb5bb, 0xb5bb, 0xb5bb, 0xb5bb, 0xb5bb, 0xb5bb,
0xb5bb, 0xb5bb, 0xb5bb, 0xb5bb, 0xb5bb, 0xb5bb, 0xb5bb, 0xb5bb, 0xb5bb, 0xb5bb,
0xb5bb, 0xb5bb, 0xb5bb, 0xb5bb, 0xb5bb, 0xb5bb, 0xb5bb, 0xb5bb, 0xb5bb, 0xb5bb,
0xb5bb, 0xb5bb, 0xb5bb, 0xb5bb, 0xb5bb, 0xb5bb, 0xb5bb, 0xb5bb, 0xb5bb, 0xb5bb,
0xb5bb, 0xb5bb, 0xb5bb, 0xb5bb, 0xb5bb, 0xb5bb, 0xb5bb, 0xb5bb, 0xb5bb, 0xb5bb,
0xb5bb, 0xb5bb, 0xb5bb, 0xb5bb, 0xb5bb, 0xb5bb, 0xb5bb, 0xb5bb, 0xb5bb, 0xb5bb,
0xb5bb, 0xb5bb, 0xb5bb, 0xb5bb, 0xb5bb, 0xb5bb, 0xb5bb, 0xb5bb, 0xb5bb, 0xb5bb,
0xb5bb, 0xb5bb, 0xb5bb, 0xb5bb, 0xb5bb, 0xb5bb, 0xa518, 0x5aee, 0x4a6c, 0x424d,
0x4aaf, 0x73d4, 0x9cf8, 0xbddb, 0xa518, 0x4a31, 0x290c, 0x296c, 0x4211, 0x29ad,
0x2149, 0x39e9, 0x424a, 0x31c9, 0x2967, 0x31a7, 0x528b, 0x8410, 0x9cb4, 0xa4b4,
0xad16, 0xb576, 0x8c51, 0x5aab, 0x31a7, 0x2125, 0x2967, 0x39c9, 0x4a4b, 0x4a4c,
0x526d, 0x5a8d, 0x5aad, 0x5aad, 0x526b, 0x4209, 
0x93d1, 0xa453, 0xbcf5, 0xacb4, 0xa433, 0xb494, 0xbd36, 0xad15, 0x8bcf, 0x62cb,
0x39e8, 0x31c7, 0x4a8a, 0x52cc, 0x52ec, 0x52ec, 0x52ec, 0x5aec, 0x5b0c, 0x52ec,
0x52cc, 0x52cc, 0x4a6b, 0x422a, 0x3a09, 0x2987, 0x424c, 0x5af1, 0x4232, 0x31af,
0x3150, 0x314d, 0x8c73, 0xce7c, 0xbdfc, 0x9cf9, 0x6b95, 0x6373, 0x5aee, 0x39c9,
0xb5bb, 0xb5bb, 0xb5bb, 0xb5bb, 0xb5bb, 0xb5bb, 0xb5bb, 0xb5bb, 0xb5bb, 0xb5bb,
0xb5bb, 0xb5bb, 0xb5bb, 0xb5bb, 0xb5bb, 0xb5bb, 0xb5bb, 0xb5bb, 0xb5bb, 0xb5bb,
0xb5bb, 0xb5bb, 0xb5bb, 0xb5bb, 0xb5bb, 0xb5bb, 0xb5bb, 0xb5bb, 0xb5bb, 0xb5bb,
0xb5bb, 0xb5bb, 0xb5bb, 0xb5bb, 0xb5bb, 0xb5bb, 0xb5bb, 0xb5bb, 0xb5bb, 0xb5bb,
0xb5bb, 0xb5bb, 0xb5bb, 0xb5bb, 0xb5bb, 0xb5bb, 0xb5bb, 0xb5bb, 0xb5bb, 0xb5bb,
0xb5bb, 0xb5bb, 0xb5bb, 0xb5bb, 0xb5bb, 0xb5bb, 0xb5bb, 0xb5bb, 0xb5bb, 0xb5bb,
0xb5bb, 0xb5bb, 0xb5bb, 0xb5bb, 0xb5bb, 0xb5bb, 0xb5bb, 0xb5bb, 0xb5bb, 0xb5bb,
0xb5bb, 0xb5bb, 0xb5bb, 0xb5bb, 0xb5bb, 0xb5bb, 0xb5bb, 0xb5bb, 0xb5bb, 0xb5bb,
0xb5bb, 0xb5bb, 0xb5bb, 0xb5bb, 0xb5bb, 0xb5bb, 0xb5bb, 0xb5bb, 0xb5bb, 0xb5bb,
0xb5bb, 0xb5bb, 0xb5bb, 0xb5bb, 0xb5bb, 0xb5bb, 0x9cf8, 0x52ad, 0x426c, 0x426f,
0x6373, 0x94b8, 0xb5bb, 0xce7c, 0xad79, 0x4a31, 0x290c, 0x296c, 0x4211, 0x298d,
0x2948, 0x2967, 0x2145, 0x31a6, 0x5acb, 0x8c11, 0xacf5, 0xbd37, 0xb4f6, 0xa455,
0xa475, 0xb4f6, 0xa474, 0x93d2, 0x8bd1, 0x630c, 0x3186, 0x18e4, 0x3188, 0x4a4b,
0x526c, 0x5a8d, 0x4a2b, 0x3188, 0x3187, 0x41c8, 
0x9390, 0xa432, 0xbcf5, 0xc597, 0xcd97, 0xcd77, 0xc557, 0xbcd5, 0xac73, 0xa453,
0x93d1, 0x62cc, 0x39c8, 0x3a08, 0x4a8b, 0x52cb, 0x52cc, 0x52cc, 0x52cc, 0x52cc,
0x52cc, 0x4a8b, 0x424a, 0x420a, 0x3a0a, 0x3188, 0x424c, 0x5af1, 0x4232, 0x31af,
0x3150, 0x314d, 0x8c73, 0xce5c, 0xbddc, 0x9498, 0x6b94, 0x5b30, 0x3a2a, 0x422b,
0xb5bb, 0xb5bb, 0xb5bb, 0xb5bb, 0xb5bb, 0xb5bb, 0xb5bb, 0xb5bb, 0xb5bb, 0xb5bb,
0xb5bb, 0xb5bb, 0xb5bb, 0xb5bb, 0xb5bb, 0xb5bb, 0xb5bb, 0xb5bb, 0xb5bb, 0xb5bb,
0xb5bb, 0xb5bb, 0xb5bb, 0xb5bb, 0xb5bb, 0xb5bb, 0xb5bb, 0xb5bb, 0xb5bb, 0xb5bb,
0xb5bb, 0xb5bb, 0xb5bb, 0xb5bb, 0xb5bb, 0xb5bb, 0xb5bb, 0xb5bb, 0xb5bb, 0xb5bb,
0xb5bb, 0xb5bb, 0xb5bb, 0xb5bb, 0xb5bb, 0xb5bb, 0xb5bb, 0xb5bb, 0xb5bb, 0xb5bb,
0xb5bb, 0xb5bb, 0xb5bb, 0xb5bb, 0xb5bb, 0xb5bb, 0xb5bb, 0xb5bb, 0xb5bb, 0xb5bb,
0xb5bb, 0xb5bb, 0xb5bb, 0xb5bb, 0xb5bb, 0xb5bb, 0xb5bb, 0xb5bb, 0xb5bb, 0xb5bb,
0xb5bb, 0xb5bb, 0xb5bb, 0xb5bb, 0xb5bb, 0xb5bb, 0xb5bb, 0xb5bb, 0xb5bb, 0xb5bb,
0xb5bb, 0xb5bb, 0xb5bb, 0xb5bb, 0xb5bb, 0xb5bb, 0xb5bb, 0xb5bb, 0xb5bb, 0xb5bb,
0xb5bb, 0xb5bb, 0xb5bb, 0xb5bb, 0xb5bb, 0xb5bb, 0x9cf8, 0x52cd, 0x52ce, 0x5b12,
0x7c37, 0xad7a, 0xce5d, 0xdede, 0xb5ba, 0x4a52, 0x290c, 0x296c, 0x4211, 0x298d,
0x18c6, 0x2145, 0x5aab, 0x8bb1, 0x93f2, 0x93b2, 0xa454, 0xb4d6, 0xc558, 0xc5b8,
0xcdb9, 0xbd77, 0xacb5, 0x93f3, 0x8bb2, 0x9413, 0x9411, 0x62eb, 0x2945, 0x2906,
0x39a9, 0x2967, 0x3166, 0x524a, 0x8350, 0x9392, 
0xbd36, 0xcdb8, 0xd63a, 0xde5a, 0xd619, 0xc597, 0xb515, 0xac93, 0xa412, 0x9bd1,
0x93b1, 0x9bf1, 0x838f, 0x4a49, 0x31a7, 0x4269, 0x52ab, 0x52cb, 0x52cc, 0x52cc,
0x52cb, 0x4a6a, 0x422a, 0x420a, 0x420a, 0x31a8, 0x424c, 0x5af1, 0x4232, 0x31af,
0x3150, 0x314d, 0x8c73, 0xc61b, 0xad7b, 0x8436, 0x6b73, 0x6bb2, 0x4a6b, 0x422b,
0xb5bb, 0xb5bb, 0xb5bb, 0xb5bb, 0xb5bb, 0xb5bb, 0xb5bb, 0xb5bb, 0xb5bb, 0xb5bb,
0xb5bb, 0xb5bb, 0xb5bb, 0xb5bb, 0xb5bb, 0xb5bb, 0xb5bb, 0xb5bb, 0xb5bb, 0xb5bb,
0xb5bb, 0xb5bb, 0xb5bb, 0xb5bb, 0xb5bb, 0xb5bb, 0xb5bb, 0xb5bb, 0xb5bb, 0xb5bb,
0xb5bb, 0xb5bb, 0xb5bb, 0xb5bb, 0xb5bb, 0xb5bb, 0xb5bb, 0xb5bb, 0xb5bb, 0xb5bb,
0xb5bb, 0xb5bb, 0xb5bb, 0xb5bb, 0xb5bb, 0xb5bb, 0xb5bb, 0xb5bb, 0xb5bb, 0xb5bb,
0xb5bb, 0xb5bb, 0xb5bb, 0xb5bb, 0xb5bb, 0xb5bb, 0xb5bb, 0xb5bb, 0xb5bb, 0xb5bb,
0xb5bb, 0xb5bb, 0xb5bb, 0xb5bb, 0xb5bb, 0xb5bb, 0xb5bb, 0xb5bb, 0xb5bb, 0xb5bb,
0xb5bb, 0xb5bb, 0xb5bb, 0xb5bb, 0xb5bb, 0xb5bb, 0xb5bb, 0xb5bb, 0xb5bb, 0xb5bb,
0xb5bb, 0xb5bb, 0xb5bb, 0xb5bb, 0xb5bb, 0xb5bb, 0xb5bb, 0xb5bb, 0xb5bb, 0xb5bb,
0xb5bb, 0xb5bb, 0xb5bb, 0xb5bb, 0xb5bb, 0xb5bb, 0xa518, 0x630e, 0x5b0f, 0x6374,
0x8477, 0xb59b, 0xd69d, 0xe71e, 0xbdda, 0x4a52, 0x290c, 0x298d, 0x39f0, 0x18e8,
0x3166, 0x6b0d, 0x7b4f, 0x72ee, 0x732e, 0x83b0, 0x83d0, 0x83b0, 0x9432, 0xb536,
0xd61a, 0xde5b, 0xd5fa, 0xc578, 0xb4d6, 0x9c13, 0x8bb2, 0x8bf2, 0x83b0, 0x39c7,
0x20e4, 0x520a, 0x7b2f, 0x9bd3, 0xac35, 0xac56, 
0xddf9, 0xde3a, 0xde3a, 0xc597, 0x9c72, 0x7baf, 0x7baf, 0x8c31, 0x9451, 0x8bd0,
0x7b2e, 0x7b0e, 0x8b90, 0x8bb0, 0x5269, 0x2966, 0x4269, 0x4aab, 0x52ab, 0x52ab,
0x4a8b, 0x422a, 0x420a, 0x420a, 0x422a, 0x31c8, 0x424c, 0x5af1, 0x4232, 0x31af,
0x3150, 0x314d, 0x8433, 0xbddb, 0xa539, 0x7bf5, 0x4ab0, 0x6372, 0x634f, 0x422a,
0xb5bb, 0xb5bb, 0xb5bb, 0xb5bb, 0xb5bb, 0xb5bb, 0xb5bb, 0xb5bb, 0xb5bb, 0xb5bb,
0xb5bb, 0xb5bb, 0xb5bb, 0xb5bb, 0xb5bb, 0xb5bb, 0xb5bb, 0xb5bb, 0xb5bb, 0xb5bb,
0xb5bb, 0xb5bb, 0xb5bb, 0xb5bb, 0xb5bb, 0xb5bb, 0xb5bb, 0xb5bb, 0xb5bb, 0xb5bb,
0xb5bb, 0xb5bb, 0xb5bb, 0xb5bb, 0xb5bb, 0xb5bb, 0xb5bb, 0xb5bb, 0xb5bb, 0xb5bb,
0xb5bb, 0xb5bb, 0xb5bb, 0xb5bb, 0xb5bb, 0xb5bb, 0xb5bb, 0xb5bb, 0xb5bb, 0xb5bb,
0xb5bb, 0xb5bb, 0xb5bb, 0xb5bb, 0xb5bb, 0xb5bb, 0xb5bb, 0xb5bb, 0xb5bb, 0xb5bb,
0xb5bb, 0xb5bb, 0xb5bb, 0xb5bb, 0xb5bb, 0xb5bb, 0xb5bb, 0xb5bb, 0xb5bb, 0xb5bb,
0xb5bb, 0xb5bb, 0xb5bb, 0xb5bb, 0xb5bb, 0xb5bb, 0xb5bb, 0xb5bb, 0xb5bb, 0xb5bb,
0xb5bb, 0xb5bb, 0xb5bb, 0xb5bb, 0xb5bb, 0xb5bb, 0xb5bb, 0xb5bb, 0xb5bb, 0xb5bb,
0xb5bb, 0xb5bb, 0xb5bb, 0xb5bb, 0xb5bb, 0xb5bb, 0xa518, 0x632f, 0x5b10, 0x6b94,
0x8477, 0xb59b, 0xd69d, 0xe73e, 0xbdda, 0x4a52, 0x292d, 0x296c, 0x2109, 0x39c8,
0x730e, 0x6aad, 0x732e, 0x9cd4, 0xce39, 0xd6da, 0xc618, 0xa4f4, 0x7bef, 0x736e,
0x9452, 0xc578, 0xd5da, 0xd5ba, 0xcd99, 0xbd17, 0xac75, 0x9392, 0x7b2f, 0x62cc,
0x6acd, 0x9bd3, 0xb456, 0xbcd7, 0xc538, 0xcd79, 
0xddf9, 0xcdb8, 0xa4b4, 0x736e, 0x73ae, 0xa514, 0xce79, 0xef7d, 0xffff, 0xef9d,
0xce79, 0x9cb3, 0x730d, 0x82ee, 0x9bf2, 0x5aab, 0x2145, 0x4229, 0x4a8a, 0x4a6a,
0x422a, 0x3a0a, 0x420a, 0x422a, 0x424a, 0x31c8, 0x424c, 0x5af1, 0x4232, 0x31af,
0x3150, 0x314d, 0x7c13, 0xad79, 0x94b8, 0x6b94, 0x4a90, 0x4a6e, 0x4a6c, 0x1928,
0xb5bb, 0xb5bb, 0xb5bb, 0xb5bb, 0xb5bb, 0xb5bb, 0xb5bb, 0xb5bb, 0xb5bb, 0xb5bb,
0xb5bb, 0xb5bb, 0xb5bb, 0xb5bb, 0xb5bb, 0xb5bb, 0xb5bb, 0xb5bb, 0xb5bb, 0xb5bb,
0xb5bb, 0xb5bb, 0xb5bb, 0xb5bb, 0xb5bb, 0xb5bb, 0xb5bb, 0xb5bb, 0xb5bb, 0xb5bb,
0xb5bb, 0xb5bb, 0xb5bb, 0xb5bb, 0xb5bb, 0xb5bb, 0xb5bb, 0xb5bb, 0xb5bb, 0xb5bb,
0xb5bb, 0xb5bb, 0xb5bb, 0xb5bb, 0xb5bb, 0xb5bb, 0xb5bb, 0xb5bb, 0xb5bb, 0xb5bb,
0xb5bb, 0xb5bb, 0xb5bb, 0xb5bb, 0xb5bb, 0xb5bb, 0xb5bb, 0xb5bb, 0xb5bb, 0xb5bb,
0xb5bb, 0xb5bb, 0xb5bb, 0xb5bb, 0xb5bb, 0xb5bb, 0xb5bb, 0xb5bb, 0xb5bb, 0xb5bb,
0xb5bb, 0xb5bb, 0xb5bb, 0xb5bb, 0xb5bb, 0xb5bb, 0xb5bb, 0xb5bb, 0xb5bb, 0xb5bb,
0xb5bb, 0xb5bb, 0xb5bb, 0xb5bb, 0xb5bb, 0xb5bb, 0xb5bb, 0xb5bb, 0xb5bb, 0xb5bb,
0xb5bb, 0xb5bb, 0xb5bb, 0xb5bb, 0xb5bb, 0xb5bb, 0x5313, 0x320c, 0x52cf, 0x6374,
0x8437, 0xb59b, 0xd69d, 0xe73e, 0xbdda, 0x4a30, 0x18ca, 0x0844, 0x39a8, 0x7b4f,
0x6aad, 0x9492, 0xe73c, 0xffff, 0xffff, 0xffdf, 0xf7be, 0xef5d, 0xce59, 0x9cd3,
0x6b2d, 0x7b6f, 0xb4f7, 0xc518, 0xc538, 0xc559, 0xc538, 0x93d2, 0x624d, 0x8b52,
0xb456, 0xbcb7, 0xcd39, 0xcd99, 0xd5ba, 0xddfb, 
0xcd98, 0xacb3, 0x734d, 0x7bef, 0xb596, 0xd69a, 0xef5d, 0xffdf, 0xffff, 0xffff,
0xffff, 0xf79e, 0xb596, 0x72ed, 0x82ee, 0x8b2f, 0x3166, 0x2145, 0x31c7, 0x3a09,
0x39e9, 0x39e9, 0x420a, 0x424b, 0x424a, 0x31c8, 0x424c, 0x5af1, 0x4232, 0x31af,
0x3150, 0x314d, 0x7bd2, 0x9d18, 0x8436, 0x6353, 0x4a6f, 0x31ca, 0x2126, 0x1085,
0xb5bb, 0xb5bb, 0xb5bb, 0xb5bb, 0xb5bb, 0xb5bb, 0xb5bb, 0xb5bb, 0xb5bb, 0xb5bb,
0xb5bb, 0xb5bb, 0xb5bb, 0xb5bb, 0xb5bb, 0xb5bb, 0xb5bb, 0xb5bb, 0xb5bb, 0xb5bb,
0xb5bb, 0xb5bb, 0xb5bb, 0xb5bb, 0xb5bb, 0xb5bb, 0xb5bb, 0xb5bb, 0xb5bb, 0xb5bb,
0xb5bb, 0xb5bb, 0xb5bb, 0xb5bb, 0xb5bb, 0xb5bb, 0xb5bb, 0xb5bb, 0xb5bb, 0xb5bb,
0xb5bb, 0xb5bb, 0xb5bb, 0xb5bb, 0xb5bb, 0xb5bb, 0xb5bb, 0xb5bb, 0xb5bb, 0xb5bb,
0xb5bb, 0xb5bb, 0xb5bb, 0xb5bb, 0xb5bb, 0xb5bb, 0xb5bb, 0xb5bb, 0xb5bb, 0xb5bb,
0xb5bb, 0xb5bb, 0xb5bb, 0xb5bb, 0xb5bb, 0xb5bb, 0xb5bb, 0xb5bb, 0xb5bb, 0xb5bb,
0xb5bb, 0xb5bb, 0xb5bb, 0xb5bb, 0xb5bb, 0xb5bb, 0xb5bb, 0xb5bb, 0xb5bb, 0xb5bb,
0xb5bb, 0xb5bb, 0xb5bb, 0xb5bb, 0xb5bb, 0xb5bb, 0xb5bb, 0xb5bb, 0xb5bb, 0xb5bb,
0xb5bb, 0xb5bb, 0xb5bb, 0xb5bb, 0xb5bb, 0xb5bb, 0x424e, 0x298a, 0x52af, 0x5b32,
0x7c16, 0xad7a, 0xce7d, 0xdedd, 0x9cd4, 0x31a9, 0x3188, 0x31a7, 0x524a, 0x5a2b,
0x9472, 0xef7d, 0xffff, 0xffdf, 0xd6ba, 0xb596, 0xc638, 0xe73c, 0xdefb, 0xbdf7,
0x9492, 0x630c, 0x8bd1, 0xbc97, 0xbc97, 0xc4f8, 0xb4b6, 0x8330, 0x9b94, 0xb497,
0xbcd8, 0xc4f8, 0xcd59, 0xd59a, 0xd5da, 0xddfb, 
0xbd16, 0x836f, 0x734d, 0xa534, 0xc638, 0xef5d, 0xffdf, 0xffff, 0xffff, 0xffff,
0xffff, 0xffff, 0xf7be, 0xa4f3, 0x5209, 0x626b, 0x8410, 0x632c, 0x31a6, 0x2145,
0x31a8, 0x39c9, 0x420a, 0x424b, 0x424a, 0x31c8, 0x424c, 0x5af1, 0x4232, 0x31af,
0x3150, 0x314d, 0x7392, 0x9cd8, 0x8435, 0x52ce, 0x39ca, 0x2967, 0x31e8, 0x4a4b,
0xb5bb, 0xb5bb, 0xb5bb, 0xb5bb, 0xb5bb, 0xb5bb, 0xb5bb, 0xb5bb, 0xb5bb, 0xb5bb,
0xb5bb, 0xb5bb, 0xb5bb, 0xb5bb, 0xb5bb, 0xb5bb, 0xb5bb, 0xb5bb, 0xb5bb, 0xb5bb,
0xb5bb, 0xb5bb, 0xb5bb, 0xb5bb, 0xb5bb, 0xb5bb, 0xb5bb, 0xb5bb, 0xb5bb, 0xb5bb,
0xb5bb, 0xb5bb, 0xb5bb, 0xb5bb, 0xb5bb, 0xb5bb, 0xb5bb, 0xb5bb, 0xb5bb, 0xb5bb,
0xb5bb, 0xb5bb, 0xb5bb, 0xb5bb, 0xb5bb, 0xb5bb, 0xb5bb, 0xb5bb, 0xb5bb, 0xb5bb,
0xb5bb, 0xb5bb, 0xb5bb, 0xb5bb, 0xb5bb, 0xb5bb, 0xb5bb, 0xb5bb, 0xb5bb, 0xb5bb,
0xb5bb, 0xb5bb, 0xb5bb, 0xb5bb, 0xb5bb, 0xb5bb, 0xb5bb, 0xb5bb, 0xb5bb, 0xb5bb,
0xb5bb, 0xb5bb, 0xb5bb, 0xb5bb, 0xb5bb, 0xb5bb, 0xb5bb, 0xb5bb, 0xb5bb, 0xb5bb,
0xb5bb, 0xb5bb, 0xb5bb, 0xb5bb, 0xb5bb, 0xb5bb, 0xb5bb, 0xb5bb, 0xb5bb, 0xb5bb,
0xb5bb, 0xb5bb, 0xb5bb, 0xb5bb, 0xb5bb, 0xb5bb, 0x8c53, 0x4a6b, 0x4a8d, 0x52b0,
0x73d5, 0xa539, 0xce5d, 0xad57, 0x52ab, 0x840f, 0xce79, 0xdedb, 0x7baf, 0x5acc,
0xd69a, 0xffff, 0xffff, 0xc618, 0x39e7, 0x52aa, 0xa514, 0xad75, 0xdefb, 0xd69a,
0xa534, 0x7bcf, 0x62ed, 0xac55, 0xb497, 0xb476, 0x93d3, 0x9bb3, 0xb477, 0xbcb7,
0xc4f8, 0xc4f9, 0xcd59, 0xd59a, 0xd5da, 0xd5da, 
0xac53, 0x6aec, 0x8c71, 0xb5b6, 0x0000, 0x0000, 0x0000, 0x0000, 0x0000, 0x0000,
0x0000, 0x0000, 0x0000, 0x0000, 0x0000, 0x0000, 0x0000, 0x0000, 0x0000, 0x0000,
0x0000, 0x0000, 0x0000, 0x0000, 0x0000, 0x0000, 0x0000, 0x0000, 0x0000, 0x0000,
0x0000, 0x0000, 0x0000, 0x0000, 0x0000, 0x0000, 0x0000, 0x6b71, 0x528d, 0x6330,
0xb5bb, 0xb5bb, 0xb5bb, 0xb5bb, 0xb5bb, 0xb5bb, 0xb5bb, 0xb5bb, 0xb5bb, 0xb5bb,
0xb5bb, 0xb5bb, 0xb5bb, 0xb5bb, 0xb5bb, 0xb5bb, 0xb5bb, 0xb5bb, 0xb5bb, 0xb5bb,
0xb5bb, 0xb5bb, 0xb5bb, 0xb5bb, 0xb5bb, 0xb5bb, 0xb5bb, 0xb5bb, 0xb5bb, 0xb5bb,
0xb5bb, 0xb5bb, 0xb5bb, 0xb5bb, 0xb5bb, 0xb5bb, 0xb5bb, 0xb5bb, 0xb5bb, 0xb5bb,
0xb5bb, 0xb5bb, 0xb5bb, 0xb5bb, 0xb5bb, 0xb5bb, 0xb5bb, 0xb5bb, 0xb5bb, 0xb5bb,
0xb5bb, 0xb5bb, 0xb5bb, 0xb5bb, 0xb5bb, 0xb5bb, 0xb5bb, 0xb5bb, 0xb5bb, 0xb5bb,
0xb5bb, 0xb5bb, 0xb5bb, 0xb5bb, 0xb5bb, 0xb5bb, 0xb5bb, 0xb5bb, 0xb5bb, 0xb5bb,
0xb5bb, 0xb5bb, 0xb5bb, 0xb5bb, 0xb5bb, 0xb5bb, 0xb5bb, 0xb5bb, 0xb5bb, 0xb5bb,
0xb5bb, 0xb5bb, 0xb5bb, 0xb5bb, 0xb5bb, 0xb5bb, 0xb5bb, 0xb5bb, 0xb5bb, 0xb5bb,
0xb5bb, 0xb5bb, 0xb5bb, 0xb5bb, 0xb5bb, 0xb5bb, 0x9cf8, 0x52ad, 0x424b, 0x4a8f,
0x6352, 0x94b8, 0xb59b, 0x5aed, 0x8430, 0xef5d, 0xdedb, 0xc618, 0xc638, 0xce59,
0xf7be, 0xffff, 0xef7d, 0x738e, 0x0861, 0x9492, 0xc638, 0x6b6d, 0xb596, 0xef5d,
0xbdd7, 0x8c71, 0x6b2d, 0x93b2, 0xbc97, 0xb476, 0xb456, 0xb497, 0xbcb7, 0xc4f8,
0xc4f8, 0xc4f9, 0xcd59, 0xcd99, 0xcd99, 0xc558, 
0x93d1, 0x632c, 0x9cd3, 0xc618, 0x0000, 0xb5bb, 0xb5bb, 0xb5bb, 0xb5bb, 0xb5bb,
0xb5bb, 0xb5bb, 0xb5bb, 0xb5bb, 0xb5bb, 0xb5bb, 0xb5bb, 0xb5bb, 0xb5bb, 0xb5bb,
0xb5bb, 0xb5bb, 0xb5bb, 0xb5bb, 0xb5bb, 0xb5bb, 0xb5bb, 0xb5bb, 0xb5bb, 0xb5bb,
0xb5bb, 0xb5bb, 0xb5bb, 0xb5bb, 0xb5bb, 0xb5bb, 0x0000, 0x6b92, 0x528c, 0x5aee,
0xb5bb, 0xb5bb, 0xb5bb, 0xb5bb, 0xb5bb, 0xb5bb, 0xb5bb, 0xb5bb, 0xb5bb, 0xb5bb,
0xb5bb, 0xb5bb, 0xb5bb, 0xb5bb, 0xb5bb, 0xb5bb, 0xb5bb, 0xb5bb, 0xb5bb, 0xb5bb,
0xb5bb, 0xb5bb, 0xb5bb, 0xb5bb, 0xb5bb, 0xb5bb, 0xb5bb, 0xb5bb, 0xb5bb, 0xb5bb,
0xb5bb, 0xb5bb, 0xb5bb, 0xb5bb, 0xb5bb, 0xb5bb, 0xb5bb, 0xb5bb, 0xb5bb, 0xb5bb,
0xb5bb, 0xb5bb, 0xb5bb, 0xb5bb, 0xb5bb, 0xb5bb, 0xb5bb, 0xb5bb, 0xb5bb, 0xb5bb,
0xb5bb, 0xb5bb, 0xb5bb, 0xb5bb, 0xb5bb, 0xb5bb, 0xb5bb, 0xb5bb, 0xb5bb, 0xb5bb,
0xb5bb, 0xb5bb, 0xb5bb, 0xb5bb, 0xb5bb, 0xb5bb, 0xb5bb, 0xb5bb, 0xb5bb, 0xb5bb,
0xb5bb, 0xb5bb, 0xb5bb, 0xb5bb, 0xb5bb, 0xb5bb, 0xb5bb, 0xb5bb, 0xb5bb, 0xb5bb,
0xb5bb, 0xb5bb, 0xb5bb, 0xb5bb, 0xb5bb, 0xb5bb, 0xb5bb, 0xb5bb, 0xb5bb, 0xb5bb,
0xb5bb, 0xb5bb, 0xb5bb, 0xb5bb, 0xb5bb, 0xb5bb, 0xa539, 0x630f, 0x420a, 0x4a6c,
0x6331, 0x8c77, 0x94b7, 0x5aec, 0xb596, 0xe71c, 0x8c71, 0x6b6d, 0x7bef, 0xd69a,
0xffff, 0xffff, 0xf79e, 0x8c51, 0x2965, 0x4a69, 0x3186, 0x4228, 0xc638, 0xf79e,
0xc638, 0x9492, 0x736e, 0x8b71, 0xbc97, 0xbc97, 0xbcb7, 0xbcb8, 0xbcd8, 0xc4f8,
0xc4f8, 0xc4f8, 0xc538, 0xcd59, 0xc538, 0xb4b6, 
0x8b90, 0x6b6d, 0x9cf3, 0xc638, 0x0000, 0xb5bb, 0xb5bb, 0xb5bb, 0xb5bb, 0xb5bb,
0xb5bb, 0xb5bb, 0xb5bb, 0xb5bb, 0xb5bb, 0xb5bb, 0xb5bb, 0xb5bb, 0xb5bb, 0xb5bb,
0xb5bb, 0xb5bb, 0xb5bb, 0xb5bb, 0xb5bb, 0xb5bb, 0xb5bb, 0xb5bb, 0xb5bb, 0xb5bb,
0xb5bb, 0xb5bb, 0xb5bb, 0xb5bb, 0xb5bb, 0xb5bb, 0x0000, 0x73d3, 0x4a6c, 0x4a8d,
0xb5bb, 0xb5bb, 0xb5bb, 0xb5bb, 0xb5bb, 0xb5bb, 0xb5bb, 0xb5bb, 0xb5bb, 0xb5bb,
0xb5bb, 0xb5bb, 0xb5bb, 0xb5bb, 0xb5bb, 0xb5bb, 0xb5bb, 0xb5bb, 0xb5bb, 0xb5bb,
0xb5bb, 0xb5bb, 0xb5bb, 0xb5bb, 0xb5bb, 0xb5bb, 0xb5bb, 0xb5bb, 0xb5bb, 0xb5bb,
0xb5bb, 0xb5bb, 0xb5bb, 0xb5bb, 0xb5bb, 0xb5bb, 0xb5bb, 0xb5bb, 0xb5bb, 0xb5bb,
0xb5bb, 0xb5bb, 0xb5bb, 0xb5bb, 0xb5bb, 0xb5bb, 0xb5bb, 0xb5bb, 0xb5bb, 0xb5bb,
0xb5bb, 0xb5bb, 0xb5bb, 0xb5bb, 0xb5bb, 0xb5bb, 0xb5bb, 0xb5bb, 0xb5bb, 0xb5bb,
0xb5bb, 0xb5bb, 0xb5bb, 0xb5bb, 0xb5bb, 0xb5bb, 0xb5bb, 0xb5bb, 0xb5bb, 0xb5bb,
0xb5bb, 0xb5bb, 0xb5bb, 0xb5bb, 0xb5bb, 0xb5bb, 0xb5bb, 0xb5bb, 0xb5bb, 0xb5bb,
0xb5bb, 0xb5bb, 0xb5bb, 0xb5bb, 0xb5bb, 0xb5bb, 0xb5bb, 0xb5bb, 0xb5bb, 0xb5bb,
0xb5bb, 0xb5bb, 0xb5bb, 0xb5bb, 0xb5bb, 0xb5bb, 0x9cf8, 0x4a6c, 0x426b, 0x52cd,
0x6330, 0x8c77, 0x8435, 0x632d, 0xbdf7, 0xdedb, 0x6b6d, 0x3186, 0x528a, 0xce79,
0xffff, 0xffff, 0xffff, 0xdedb, 0x7bcf, 0x31a6, 0x4228, 0xa534, 0xf7be, 0xf79e,
0xc638, 0x8c91, 0x6b6d, 0x8b71, 0xbcb7, 0xbcb7, 0xbcb7, 0xbcd8, 0xbcf8, 0xc4f8,
0xc4f8, 0xc4f8, 0xc538, 0xc518, 0xb476, 0x93b2, 
0x8b90, 0x62ec, 0x9cd3, 0xc618, 0x0000, 0xb5bb, 0xb5bb, 0xb5bb, 0xb5bb, 0xb5bb,
0xb5bb, 0xb5bb, 0xb5bb, 0xb5bb, 0xb5bb, 0xb5bb, 0xb5bb, 0xb5bb, 0xb5bb, 0xb5bb,
0xb5bb, 0xb5bb, 0xb5bb, 0xb5bb, 0xb5bb, 0xb5bb, 0xb5bb, 0xb5bb, 0xb5bb, 0xb5bb,
0xb5bb, 0xb5bb, 0xb5bb, 0xb5bb, 0xb5bb, 0xb5bb, 0x0000, 0x7bf5, 0x6b70, 0x4a6c,
0xb5bb, 0xb5bb, 0xb5bb, 0xb5bb, 0xb5bb, 0xb5bb, 0xb5bb, 0xb5bb, 0xb5bb, 0xb5bb,
0xb5bb, 0xb5bb, 0xb5bb, 0xb5bb, 0xb5bb, 0xb5bb, 0xb5bb, 0xb5bb, 0xb5bb, 0xb5bb,
0xb5bb, 0xb5bb, 0xb5bb, 0xb5bb, 0xb5bb, 0xb5bb, 0xb5bb, 0xb5bb, 0xb5bb, 0xb5bb,
0xb5bb, 0xb5bb, 0xb5bb, 0xb5bb, 0xb5bb, 0xb5bb, 0xb5bb, 0xb5bb, 0xb5bb, 0xb5bb,
0xb5bb, 0xb5bb, 0xb5bb, 0xb5bb, 0xb5bb, 0xb5bb, 0xb5bb, 0xb5bb, 0xb5bb, 0xb5bb,
0xb5bb, 0xb5bb, 0xb5bb, 0xb5bb, 0xb5bb, 0xb5bb, 0xb5bb, 0xb5bb, 0xb5bb, 0xb5bb,
0xb5bb, 0xb5bb, 0xb5bb, 0xb5bb, 0xb5bb, 0xb5bb, 0xb5bb, 0xb5bb, 0xb5bb, 0xb5bb,
0xb5bb, 0xb5bb, 0xb5bb, 0xb5bb, 0xb5bb, 0xb5bb, 0xb5bb, 0xb5bb, 0xb5bb, 0xb5bb,
0xb5bb, 0xb5bb, 0xb5bb, 0xb5bb, 0xb5bb, 0xb5bb, 0xb5bb, 0xb5bb, 0xb5bb, 0xb5bb,
0xb5bb, 0xb5bb, 0xb5bb, 0xb5bb, 0xb5bb, 0xb5bb, 0x94b6, 0x4a4b, 0x4a8e, 0x5b11,
0x6b52, 0x8457, 0x8c77, 0x52ac, 0xa514, 0xf79e, 0xc618, 0x8c71, 0xb596, 0xce79,
0xef7d, 0xffff, 0xffff, 0xffff, 0xffff, 0xf7be, 0xffff, 0xffff, 0xffdf, 0xe71c,
0xb5b6, 0x8c51, 0x62cc, 0x93b2, 0xbc97, 0xbc97, 0xbc97, 0xbcd8, 0xbcf8, 0xbcf8,
0xbcf8, 0xbcb7, 0xac55, 0x8b92, 0x72ce, 0x6a6d, 
0x9bb1, 0x62ab, 0x8c71, 0xb5b6, 0x0000, 0xb5bb, 0xb5bb, 0xb5bb, 0xb5bb, 0xb5bb,
0xb5bb, 0xb5bb, 0xb5bb, 0xb5bb, 0xb5bb, 0xb5bb, 0xb5bb, 0xb5bb, 0xb5bb, 0xb5bb,
0xb5bb, 0xb5bb, 0xb5bb, 0xb5bb, 0xb5bb, 0xb5bb, 0xb5bb, 0xb5bb, 0xb5bb, 0xb5bb,
0xb5bb, 0xb5bb, 0xb5bb, 0xb5bb, 0xb5bb, 0xb5bb, 0x0000, 0x6bb3, 0x5b0e, 0x4a4c,
0xb5bb, 0xb5bb, 0xb5bb, 0xb5bb, 0xb5bb, 0xb5bb, 0xb5bb, 0xb5bb, 0xb5bb, 0xb5bb,
0xb5bb, 0xb5bb, 0xb5bb, 0xb5bb, 0xb5bb, 0xb5bb, 0xb5bb, 0xb5bb, 0xb5bb, 0xb5bb,
0xb5bb, 0xb5bb, 0xb5bb, 0xb5bb, 0xb5bb, 0xb5bb, 0xb5bb, 0xb5bb, 0xb5bb, 0xb5bb,
0xb5bb, 0xb5bb, 0xb5bb, 0xb5bb, 0xb5bb, 0xb5bb, 0xb5bb, 0xb5bb, 0xb5bb, 0xb5bb,
0xb5bb, 0xb5bb, 0xb5bb, 0xb5bb, 0xb5bb, 0xb5bb, 0xb5bb, 0xb5bb, 0xb5bb, 0xb5bb,
0xb5bb, 0xb5bb, 0xb5bb, 0xb5bb, 0xb5bb, 0xb5bb, 0xb5bb, 0xb5bb, 0xb5bb, 0xb5bb,
0xb5bb, 0xb5bb, 0xb5bb, 0xb5bb, 0xb5bb, 0xb5bb, 0xb5bb, 0xb5bb, 0xb5bb, 0xb5bb,
0xb5bb, 0xb5bb, 0xb5bb, 0xb5bb, 0xb5bb, 0xb5bb, 0xb5bb, 0xb5bb, 0xb5bb, 0xb5bb,
0xb5bb, 0xb5bb, 0xb5bb, 0xb5bb, 0xb5bb, 0xb5bb, 0xb5bb, 0xb5bb, 0xb5bb, 0xb5bb,
0xb5bb, 0xb5bb, 0xb5bb, 0xb5bb, 0xb5bb, 0xb5bb, 0x8c73, 0x4a6c, 0x422d, 0x422f,
0x5b12, 0x8457, 0x9cf9, 0x52ad, 0x6b6d, 0xd69a, 0xffdf, 0xffdf, 0xe73c, 0x8c51,
0xc618, 0xffff, 0xffff, 0xffff, 0xffff, 0xffff, 0xffff, 0xffff, 0xf79e, 0xce79,
0xa514, 0x73ae, 0x628c, 0xac15, 0xbc77, 0xb457, 0xb477, 0xbc97, 0xbcb7, 0xbcd8,
0xbcb7, 0xa3f5, 0x8311, 0x82f1, 0x9312, 0x9312, 
0xa3f2, 0x6aac, 0x6b4d, 0xa534, 0x0000, 0xb5bb, 0xb5bb, 0xb5bb, 0xb5bb, 0xb5bb,
0xb5bb, 0xb5bb, 0xb5bb, 0xb5bb, 0xb5bb, 0xb5bb, 0xb5bb, 0xb5bb, 0xb5bb, 0xb5bb,
0xb5bb, 0xb5bb, 0xb5bb, 0xb5bb, 0xb5bb, 0xb5bb, 0xb5bb, 0xb5bb, 0xb5bb, 0xb5bb,
0xb5bb, 0xb5bb, 0xb5bb, 0xb5bb, 0xb5bb, 0xb5bb, 0x0000, 0x5aac, 0x41e8, 0x3186,
0xb5bb, 0xb5bb, 0xb5bb, 0xb5bb, 0xb5bb, 0xb5bb, 0xb5bb, 0xb5bb, 0xb5bb, 0xb5bb,
0xb5bb, 0xb5bb, 0xb5bb, 0xb5bb, 0xb5bb, 0xb5bb, 0xb5bb, 0xb5bb, 0xb5bb, 0xb5bb,
0xb5bb, 0xb5bb, 0xb5bb, 0xb5bb, 0xb5bb, 0xb5bb, 0xb5bb, 0xb5bb, 0xb5bb, 0xb5bb,
0xb5bb, 0xb5bb, 0xb5bb, 0xb5bb, 0xb5bb, 0xb5bb, 0xb5bb, 0xb5bb, 0xb5bb, 0xb5bb,
0xb5bb, 0xb5bb, 0xb5bb, 0xb5bb, 0xb5bb, 0xb5bb, 0xb5bb, 0xb5bb, 0xb5bb, 0xb5bb,
0xb5bb, 0xb5bb, 0xb5bb, 0xb5bb, 0xb5bb, 0xb5bb, 0xb5bb, 0xb5bb, 0xb5bb, 0xb5bb,
0xb5bb, 0xb5bb, 0xb5bb, 0xb5bb, 0xb5bb, 0xb5bb, 0xb5bb, 0xb5bb, 0xb5bb, 0xb5bb,
0xb5bb, 0xb5bb, 0xb5bb, 0xb5bb, 0xb5bb, 0xb5bb, 0xb5bb, 0xb5bb, 0xb5bb, 0xb5bb,
0xb5bb, 0xb5bb, 0xb5bb, 0xb5bb, 0xb5bb, 0xb5bb, 0xb5bb, 0xb5bb, 0xb5bb, 0xb5bb,
0xb5bb, 0xb5bb, 0xb5bb, 0xb5bb, 0xb5bb, 0xb5bb, 0x8c54, 0x422b, 0x424d, 0x424f,
0x5b13, 0x8457, 0xa53a, 0x8433, 0x3a08, 0x6b6d, 0xc638, 0xd6ba, 0x8410, 0x18e3,
0x734d, 0xe73c, 0xffff, 0xffff, 0xffff, 0xffff, 0xffff, 0xf79e, 0xdedb, 0xbdd7,
0x8c71, 0x5a6b, 0x7aef, 0xb436, 0xb456, 0xb436, 0xb436, 0xb476, 0xb477, 0xb477,
0xb476, 0xac16, 0xa3b5, 0xa375, 0xa375, 0x9b34, 
0xb3d3, 0x8b0f, 0x5a2a, 0x73ae, 0x0000, 0xb5bb, 0xb5bb, 0xb5bb, 0xb5bb, 0xb5bb,
0xb5bb, 0xb5bb, 0xb5bb, 0xb5bb, 0xb5bb, 0xb5bb, 0xb5bb, 0xb5bb, 0xb5bb, 0xb5bb,
0xb5bb, 0xb5bb, 0xb5bb, 0xb5bb, 0xb5bb, 0xb5bb, 0xb5bb, 0xb5bb, 0xb5bb, 0xb5bb,
0xb5bb, 0xb5bb, 0xb5bb, 0xb5bb, 0xb5bb, 0xb5bb, 0x0000, 0x61c2, 0x61e3, 0x5120,
0xb5bb, 0xb5bb, 0xb5bb, 0xb5bb, 0xb5bb, 0xb5bb, 0xb5bb, 0xb5bb, 0xb5bb, 0xb5bb,
0xb5bb, 0xb5bb, 0xb5bb, 0xb5bb, 0xb5bb, 0xb5bb, 0xb5bb, 0xb5bb, 0xb5bb, 0xb5bb,
0xb5bb, 0xb5bb, 0xb5bb, 0xb5bb, 0xb5bb, 0xb5bb, 0xb5bb, 0xb5bb, 0xb5bb, 0xb5bb,
0xb5bb, 0xb5bb, 0xb5bb, 0xb5bb, 0xb5bb, 0xb5bb, 0xb5bb, 0xb5bb, 0xb5bb, 0xb5bb,
0xb5bb, 0xb5bb, 0xb5bb, 0xb5bb, 0xb5bb, 0xb5bb, 0xb5bb, 0xb5bb, 0xb5bb, 0xb5bb,
0xb5bb, 0xb5bb, 0xb5bb, 0xb5bb, 0xb5bb, 0xb5bb, 0xb5bb, 0xb5bb, 0xb5bb, 0xb5bb,
0xb5bb, 0xb5bb, 0xb5bb, 0xb5bb, 0xb5bb, 0xb5bb, 0xb5bb, 0xb5bb, 0xb5bb, 0xb5bb,
0xb5bb, 0xb5bb, 0xb5bb, 0xb5bb, 0xb5bb, 0xb5bb, 0xb5bb, 0xb5bb, 0xb5bb, 0xb5bb,
0xb5bb, 0xb5bb, 0xb5bb, 0xb5bb, 0xb5bb, 0xb5bb, 0xb5bb, 0xb5bb, 0xb5bb, 0xb5bb,
0xb5bb, 0xb5bb, 0xb5bb, 0xb5bb, 0xb5bb, 0xb5bb, 0x94b5, 0x4a6c, 0x424b, 0x424e,
0x52d1, 0x7bf6, 0x9cf9, 0xa539, 0x5acd, 0x4228, 0x7bad, 0x6ae7, 0x6243, 0x6284,
0x5224, 0x7bad, 0xce59, 0xf77d, 0xffdf, 0xffdf, 0xef7d, 0xd6ba, 0xb5b6, 0x8430,
0x526a, 0x624c, 0x9b94, 0xac16, 0xb416, 0xb416, 0xac16, 0xac16, 0xac16, 0xac16,
0xabd6, 0xabb5, 0xa375, 0x9b54, 0x9b34, 0x9b13, 
0xa371, 0x92ef, 0x6a2b, 0x41a8, 0x0000, 0xb5bb, 0xb5bb, 0xb5bb, 0xb5bb, 0xb5bb,
0xb5bb, 0xb5bb, 0xb5bb, 0xb5bb, 0xb5bb, 0xb5bb, 0xb5bb, 0xb5bb, 0xb5bb, 0xb5bb,
0xb5bb, 0xb5bb, 0xb5bb, 0xb5bb, 0xb5bb, 0xb5bb, 0xb5bb, 0xb5bb, 0xb5bb, 0xb5bb,
0xb5bb, 0xb5bb, 0xb5bb, 0xb5bb, 0xb5bb, 0xb5bb, 0x0000, 0x92e5, 0x92e6, 0x8a84,
0xb5bb, 0xb5bb, 0xb5bb, 0xb5bb, 0xb5bb, 0xb5bb, 0xb5bb, 0xb5bb, 0xb5bb, 0xb5bb,
0xb5bb, 0xb5bb, 0xb5bb, 0xb5bb, 0xb5bb, 0xb5bb, 0xb5bb, 0xb5bb, 0xb5bb, 0xb5bb,
0xb5bb, 0xb5bb, 0xb5bb, 0xb5bb, 0xb5bb, 0xb5bb, 0xb5bb, 0xb5bb, 0xb5bb, 0xb5bb,
0xb5bb, 0xb5bb, 0xb5bb, 0xb5bb, 0xb5bb, 0xb5bb, 0xb5bb, 0xb5bb, 0xb5bb, 0xb5bb,
0xb5bb, 0xb5bb, 0xb5bb, 0xb5bb, 0xb5bb, 0xb5bb, 0xb5bb, 0xb5bb, 0xb5bb, 0xb5bb,
0xb5bb, 0xb5bb, 0xb5bb, 0xb5bb, 0xb5bb, 0xb5bb, 0xb5bb, 0xb5bb, 0xb5bb, 0xb5bb,
0xb5bb, 0xb5bb, 0xb5bb, 0xb5bb, 0xb5bb, 0xb5bb, 0xb5bb, 0xb5bb, 0xb5bb, 0xb5bb,
0xb5bb, 0xb5bb, 0xb5bb, 0xb5bb, 0xb5bb, 0xb5bb, 0xb5bb, 0xb5bb, 0xb5bb, 0xb5bb,
0xb5bb, 0xb5bb, 0xb5bb, 0xb5bb, 0xb5bb, 0xb5bb, 0xb5bb, 0xb5bb, 0xb5bb, 0xb5bb,
0xb5bb, 0xb5bb, 0xb5bb, 0xb5bb, 0xb5bb, 0xb5bb, 0xa519, 0x5aee, 0x39e9, 0x39eb,
0x4a6f, 0x6bb4, 0x94b8, 0x9cf8, 0x630d, 0x8c50, 0xc56f, 0xc4c9, 0xcce7, 0xd529,
0xbca9, 0x8ba8, 0x7bab, 0x9cb1, 0xb595, 0xc618, 0xad95, 0x8c51, 0x5aeb, 0x3987,
0x51aa, 0x7ad0, 0x9b33, 0xa394, 0xa3b4, 0xa3b5, 0xabb5, 0xabb5, 0xabb5, 0xabb5,
0xa375, 0xa375, 0xa354, 0x9b34, 0x9b13, 0x9ad3, 
0x7a8d, 0x726c, 0x626b, 0x49e8, 0x0000, 0xb5bb, 0xb5bb, 0xb5bb, 0xb5bb, 0xb5bb,
0xb5bb, 0xb5bb, 0xb5bb, 0xb5bb, 0xb5bb, 0xb5bb, 0xb5bb, 0xb5bb, 0xb5bb, 0xb5bb,
0xb5bb, 0xb5bb, 0xb5bb, 0xb5bb, 0xb5bb, 0xb5bb, 0xb5bb, 0xb5bb, 0xb5bb, 0xb5bb,
0xb5bb, 0xb5bb, 0xb5bb, 0xb5bb, 0xb5bb, 0xb5bb, 0x0000, 0xaba9, 0xab89, 0xa367,
0xb5bb, 0xb5bb, 0xb5bb, 0xb5bb, 0xb5bb, 0xb5bb, 0xb5bb, 0xb5bb, 0xb5bb, 0xb5bb,
0xb5bb, 0xb5bb, 0xb5bb, 0xb5bb, 0xb5bb, 0xb5bb, 0xb5bb, 0xb5bb, 0xb5bb, 0xb5bb,
0xb5bb, 0xb5bb, 0xb5bb, 0xb5bb, 0xb5bb, 0xb5bb, 0xb5bb, 0xb5bb, 0xb5bb, 0xb5bb,
0xb5bb, 0xb5bb, 0xb5bb, 0xb5bb, 0xb5bb, 0xb5bb, 0xb5bb, 0xb5bb, 0xb5bb, 0xb5bb,
0xb5bb, 0xb5bb, 0xb5bb, 0xb5bb, 0xb5bb, 0xb5bb, 0xb5bb, 0xb5bb, 0xb5bb, 0xb5bb,
0xb5bb, 0xb5bb, 0xb5bb, 0xb5bb, 0xb5bb, 0xb5bb, 0xb5bb, 0xb5bb, 0xb5bb, 0xb5bb,
0xb5bb, 0xb5bb, 0xb5bb, 0xb5bb, 0xb5bb, 0xb5bb, 0xb5bb, 0xb5bb, 0xb5bb, 0xb5bb,
0xb5bb, 0xb5bb, 0xb5bb, 0xb5bb, 0xb5bb, 0xb5bb, 0xb5bb, 0xb5bb, 0xb5bb, 0xb5bb,
0xb5bb, 0xb5bb, 0xb5bb, 0xb5bb, 0xb5bb, 0xb5bb, 0xb5bb, 0xb5bb, 0xb5bb, 0xb5bb,
0xb5bb, 0xb5bb, 0xb5bb, 0xb5bb, 0xb5bb, 0xb5bb, 0xa539, 0x7391, 0x424a, 0x2988,
0x420b, 0x6b52, 0x9498, 0x94b8, 0x630d, 0x942c, 0xd54a, 0xe587, 0xedc9, 0xfe4b,
0xfe8e, 0xee70, 0xcdb0, 0xacae, 0x8c0e, 0x736c, 0x62e9, 0x5a67, 0x62c9, 0x526a,
0x5a2a, 0x626d, 0x6a6d, 0x728f, 0x82d1, 0x9312, 0x9b53, 0xa374, 0xa374, 0xa374,
0xa354, 0x9b34, 0x9b34, 0x9af3, 0x92d3, 0x92d2, 
0x72ad, 0x8b30, 0x9331, 0x826f, 0x0000, 0xb5bb, 0xb5bb, 0xb5bb, 0xb5bb, 0xb5bb,
0xb5bb, 0xb5bb, 0xb5bb, 0xb5bb, 0xb5bb, 0xb5bb, 0xb5bb, 0xb5bb, 0xb5bb, 0xb5bb,
0xb5bb, 0xb5bb, 0xb5bb, 0xb5bb, 0xb5bb, 0xb5bb, 0xb5bb, 0xb5bb, 0xb5bb, 0xb5bb,
0xb5bb, 0xb5bb, 0xb5bb, 0xb5bb, 0xb5bb, 0xb5bb, 0x0000, 0xab88, 0xab89, 0x9b67,
0xb5bb, 0xb5bb, 0xb5bb, 0xb5bb, 0xb5bb, 0xb5bb, 0xb5bb, 0xb5bb, 0xb5bb, 0xb5bb,
0xb5bb, 0xb5bb, 0xb5bb, 0xb5bb, 0xb5bb, 0xb5bb, 0xb5bb, 0xb5bb, 0xb5bb, 0xb5bb,
0xb5bb, 0xb5bb, 0xb5bb, 0xb5bb, 0xb5bb, 0xb5bb, 0xb5bb, 0xb5bb, 0xb5bb, 0xb5bb,
0xb5bb, 0xb5bb, 0xb5bb, 0xb5bb, 0xb5bb, 0xb5bb, 0xb5bb, 0xb5bb, 0xb5bb, 0xb5bb,
0xb5bb, 0xb5bb, 0xb5bb, 0xb5bb, 0xb5bb, 0xb5bb, 0xb5bb, 0xb5bb, 0xb5bb, 0xb5bb,
0xb5bb, 0xb5bb, 0xb5bb, 0xb5bb, 0xb5bb, 0xb5bb, 0xb5bb, 0xb5bb, 0xb5bb, 0xb5bb,
0xb5bb, 0xb5bb, 0xb5bb, 0xb5bb, 0xb5bb, 0xb5bb, 0xb5bb, 0xb5bb, 0xb5bb, 0xb5bb,
0xb5bb, 0xb5bb, 0xb5bb, 0xb5bb, 0xb5bb, 0xb5bb, 0xb5bb, 0xb5bb, 0xb5bb, 0xb5bb,
0xb5bb, 0xb5bb, 0xb5bb, 0xb5bb, 0xb5bb, 0xb5bb, 0xb5bb, 0xb5bb, 0xb5bb, 0xb5bb,
0xb5bb, 0xb5bb, 0xb5bb, 0xb5bb, 0xb5bb, 0xb5bb, 0x94b7, 0x6310, 0x528c, 0x6b6f,
0x5aee, 0x5b2f, 0x8c77, 0x8c77, 0x62ed, 0x93a8, 0xd4e5, 0xed86, 0xfe29, 0xfeae,
0xfef1, 0xff13, 0xff35, 0xff16, 0xe696, 0xd5f4, 0xbd2e, 0xa44a, 0x942c, 0x730e,
0x7a2f, 0x9332, 0x8b71, 0x72ee, 0x626c, 0x6a2d, 0x7a6f, 0x8af2, 0x9b14, 0x9b14,
0x9b14, 0x9af3, 0x92d3, 0x92d2, 0x92d2, 0x8a92, 
0x8a8f, 0xa2b2, 0xbb14, 0xcb56, 0x0000, 0xb5bb, 0xb5bb, 0xb5bb, 0xb5bb, 0xb5bb,
0xb5bb, 0xb5bb, 0xb5bb, 0xb5bb, 0xb5bb, 0xb5bb, 0xb5bb, 0xb5bb, 0xb5bb, 0xb5bb,
0xb5bb, 0xb5bb, 0xb5bb, 0xb5bb, 0xb5bb, 0xb5bb, 0xb5bb, 0xb5bb, 0xb5bb, 0xb5bb,
0xb5bb, 0xb5bb, 0xb5bb, 0xb5bb, 0xb5bb, 0xb5bb, 0x0000, 0x9307, 0xa389, 0x9b68,
0xb5bb, 0xb5bb, 0xb5bb, 0xb5bb, 0xb5bb, 0xb5bb, 0xb5bb, 0xb5bb, 0xb5bb, 0xb5bb,
0xb5bb, 0xb5bb, 0xb5bb, 0xb5bb, 0xb5bb, 0xb5bb, 0xb5bb, 0xb5bb, 0xb5bb, 0xb5bb,
0xb5bb, 0xb5bb, 0xb5bb, 0xb5bb, 0xb5bb, 0xb5bb, 0xb5bb, 0xb5bb, 0xb5bb, 0xb5bb,
0xb5bb, 0xb5bb, 0xb5bb, 0xb5bb, 0xb5bb, 0xb5bb, 0xb5bb, 0xb5bb, 0xb5bb, 0xb5bb,
0xb5bb, 0xb5bb, 0xb5bb, 0xb5bb, 0xb5bb, 0xb5bb, 0xb5bb, 0xb5bb, 0xb5bb, 0xb5bb,
0xb5bb, 0xb5bb, 0xb5bb, 0xb5bb, 0xb5bb, 0xb5bb, 0xb5bb, 0xb5bb, 0xb5bb, 0xb5bb,
0xb5bb, 0xb5bb, 0xb5bb, 0xb5bb, 0xb5bb, 0xb5bb, 0xb5bb, 0xb5bb, 0xb5bb, 0xb5bb,
0xb5bb, 0xb5bb, 0xb5bb, 0xb5bb, 0xb5bb, 0xb5bb, 0xb5bb, 0xb5bb, 0xb5bb, 0xb5bb,
0xb5bb, 0xb5bb, 0xb5bb, 0xb5bb, 0xb5bb, 0xb5bb, 0xb5bb, 0xb5bb, 0xb5bb, 0xb5bb,
0xb5bb, 0xb5bb, 0xb5bb, 0xb5bb, 0xb5bb, 0xb5bb, 0x6331, 0x422d, 0x31aa, 0x4a6c,
0x6b71, 0x6b91, 0x8c56, 0x8c77, 0x52ab, 0x8345, 0xd4c4, 0xf586, 0xfe29, 0xfeae,
0xfef1, 0xff13, 0xff14, 0xff15, 0xeeb4, 0xd5f1, 0xb4ed, 0x9c2a, 0x7b8b, 0x828f,
0xbb16, 0xcb37, 0xa293, 0x92b1, 0x82ef, 0x72ce, 0x622c, 0x724f, 0x8ab1, 0x9af3,
0x92d3, 0x92d3, 0x92d2, 0x92d2, 0x8a92, 0x8a91, 
0xa2b2, 0xcb56, 0xec3a, 0xfcdc, 0x0000, 0xb5bb, 0xb5bb, 0xb5bb, 0xb5bb, 0xb5bb,
0xb5bb, 0xb5bb, 0xb5bb, 0xb5bb, 0xb5bb, 0xb5bb, 0xb5bb, 0xb5bb, 0xb5bb, 0xb5bb,
0xb5bb, 0xb5bb, 0xb5bb, 0xb5bb, 0xb5bb, 0xb5bb, 0xb5bb, 0xb5bb, 0xb5bb, 0xb5bb,
0xb5bb, 0xb5bb, 0xb5bb, 0xb5bb, 0xb5bb, 0xb5bb, 0x0000, 0x7ae9, 0x6a66, 0x6aa8,
0xb5bb, 0xb5bb, 0xb5bb, 0xb5bb, 0xb5bb, 0xb5bb, 0xb5bb, 0xb5bb, 0xb5bb, 0xb5bb,
0xb5bb, 0xb5bb, 0xb5bb, 0xb5bb, 0xb5bb, 0xb5bb, 0xb5bb, 0xb5bb, 0xb5bb, 0xb5bb,
0xb5bb, 0xb5bb, 0xb5bb, 0xb5bb, 0xb5bb, 0xb5bb, 0xb5bb, 0xb5bb, 0xb5bb, 0xb5bb,
0xb5bb, 0xb5bb, 0xb5bb, 0xb5bb, 0xb5bb, 0xb5bb, 0xb5bb, 0xb5bb, 0xb5bb, 0xb5bb,
0xb5bb, 0xb5bb, 0xb5bb, 0xb5bb, 0xb5bb, 0xb5bb, 0xb5bb, 0xb5bb, 0xb5bb, 0xb5bb,
0xb5bb, 0xb5bb, 0xb5bb, 0xb5bb, 0xb5bb, 0xb5bb, 0xb5bb, 0xb5bb, 0xb5bb, 0xb5bb,
0xb5bb, 0xb5bb, 0xb5bb, 0xb5bb, 0xb5bb, 0xb5bb, 0xb5bb, 0xb5bb, 0xb5bb, 0xb5bb,
0xb5bb, 0xb5bb, 0xb5bb, 0xb5bb, 0xb5bb, 0xb5bb, 0xb5bb, 0xb5bb, 0xb5bb, 0xb5bb,
0xb5bb, 0xb5bb, 0xb5bb, 0xb5bb, 0xb5bb, 0xb5bb, 0xb5bb, 0xb5bb, 0xb5bb, 0xb5bb,
0xb5bb, 0xb5bb, 0xb5bb, 0xb5bb, 0xb5bb, 0xad7a, 0x7bd3, 0x528e, 0x39eb, 0x422c,
0x5b10, 0x6371, 0x8c57, 0x6351, 0x3186, 0x7b04, 0xd4c4, 0xf585, 0xfe28, 0xfe8c,
0xfed0, 0xfef1, 0xfed1, 0xf6b1, 0xe630, 0xc54e, 0xa44a, 0x7b6a, 0x82cf, 0xcbb8,
0xfc9e, 0xf47c, 0xd398, 0xaab4, 0x8a30, 0x7a4e, 0x6acd, 0x59eb, 0x720f, 0x8ab1,
0x8ad2, 0x92d2, 0x8ab2, 0x8a91, 0x8271, 0x8270, 
0xb354, 0xdc18, 0xf4dc, 0xfd5e, 0x0000, 0xb5bb, 0xb5bb, 0xb5bb, 0xb5bb, 0xb5bb,
0xb5bb, 0xb5bb, 0xb5bb, 0xb5bb, 0xb5bb, 0xb5bb, 0xb5bb, 0xb5bb, 0xb5bb, 0xb5bb,
0xb5bb, 0xb5bb, 0xb5bb, 0xb5bb, 0xb5bb, 0xb5bb, 0xb5bb, 0xb5bb, 0xb5bb, 0xb5bb,
0xb5bb, 0xb5bb, 0xb5bb, 0xb5bb, 0xb5bb, 0xb5bb, 0x0000, 0x92c5, 0x8284, 0x7243,
0xb5bb, 0xb5bb, 0xb5bb, 0xb5bb, 0xb5bb, 0xb5bb, 0xb5bb, 0xb5bb, 0xb5bb, 0xb5bb,
0xb5bb, 0xb5bb, 0xb5bb, 0xb5bb, 0xb5bb, 0xb5bb, 0xb5bb, 0xb5bb, 0xb5bb, 0xb5bb,
0xb5bb, 0xb5bb, 0xb5bb, 0xb5bb, 0xb5bb, 0xb5bb, 0xb5bb, 0xb5bb, 0xb5bb, 0xb5bb,
0xb5bb, 0xb5bb, 0xb5bb, 0xb5bb, 0xb5bb, 0xb5bb, 0xb5bb, 0xb5bb, 0xb5bb, 0xb5bb,
0xb5bb, 0xb5bb, 0xb5bb, 0xb5bb, 0xb5bb, 0xb5bb, 0xb5bb, 0xb5bb, 0xb5bb, 0xb5bb,
0xb5bb, 0xb5bb, 0xb5bb, 0xb5bb, 0xb5bb, 0xb5bb, 0xb5bb, 0xb5bb, 0xb5bb, 0xb5bb,
0xb5bb, 0xb5bb, 0xb5bb, 0xb5bb, 0xb5bb, 0xb5bb, 0xb5bb, 0xb5bb, 0xb5bb, 0xb5bb,
0xb5bb, 0xb5bb, 0xb5bb, 0xb5bb, 0xb5bb, 0xb5bb, 0xb5bb, 0xb5bb, 0xb5bb, 0xb5bb,
0xb5bb, 0xb5bb, 0xb5bb, 0xb5bb, 0xb5bb, 0xb5bb, 0xb5bb, 0xb5bb, 0xb5bb, 0xb5bb,
0xb5bb, 0xb5bb, 0xb5bb, 0xb5bb, 0xb5bb, 0xb59b, 0x94d6, 0x5b10, 0x4a6c, 0x422b,
0x4a8e, 0x52f1, 0x6b92, 0x39e9, 0x4a08, 0x72c6, 0xbc03, 0xe524, 0xfdc6, 0xfe29,
0xfe6b, 0xfe8d, 0xf64d, 0xddad, 0xc50c, 0x940a, 0x730b, 0x8ad0, 0xd43a, 0xfd3f,
0xfd5f, 0xfd1f, 0xec7b, 0xcb97, 0xa2b3, 0x79ce, 0x69cc, 0x6aac, 0x59ab, 0x720f,
0x8291, 0x8a91, 0x8291, 0x8250, 0x7a0f, 0x69cd, 
0xab53, 0xd437, 0xf4db, 0xfd5d, 0x0000, 0xb5bb, 0xb5bb, 0xb5bb, 0xb5bb, 0xb5bb,
0xb5bb, 0xb5bb, 0xb5bb, 0xb5bb, 0xb5bb, 0xb5bb, 0xb5bb, 0xb5bb, 0xb5bb, 0xb5bb,
0xb5bb, 0xb5bb, 0xb5bb, 0xb5bb, 0xb5bb, 0xb5bb, 0xb5bb, 0xb5bb, 0xb5bb, 0xb5bb,
0xb5bb, 0xb5bb, 0xb5bb, 0xb5bb, 0xb5bb, 0xb5bb, 0x0000, 0x92c5, 0x92e5, 0x8a43,
0xb5bb, 0xb5bb, 0xb5bb, 0xb5bb, 0xb5bb, 0xb5bb, 0xb5bb, 0xb5bb, 0xb5bb, 0xb5bb,
0xb5bb, 0xb5bb, 0xb5bb, 0xb5bb, 0xb5bb, 0xb5bb, 0xb5bb, 0xb5bb, 0xb5bb, 0xb5bb,
0xb5bb, 0xb5bb, 0xb5bb, 0xb5bb, 0xb5bb, 0xb5bb, 0xb5bb, 0xb5bb, 0xb5bb, 0xb5bb,
0xb5bb, 0xb5bb, 0xb5bb, 0xb5bb, 0xb5bb, 0xb5bb, 0xb5bb, 0xb5bb, 0xb5bb, 0xb5bb,
0xb5bb, 0xb5bb, 0xb5bb, 0xb5bb, 0xb5bb, 0xb5bb, 0xb5bb, 0xb5bb, 0xb5bb, 0xb5bb,
0xb5bb, 0xb5bb, 0xb5bb, 0xb5bb, 0xb5bb, 0xb5bb, 0xb5bb, 0xb5bb, 0xb5bb, 0xb5bb,
0xb5bb, 0xb5bb, 0xb5bb, 0xb5bb, 0xb5bb, 0xb5bb, 0xb5bb, 0xb5bb, 0xb5bb, 0xb5bb,
0xb5bb, 0xb5bb, 0xb5bb, 0xb5bb, 0xb5bb, 0xb5bb, 0xb5bb, 0xb5bb, 0xb5bb, 0xb5bb,
0xb5bb, 0xb5bb, 0xb5bb, 0xb5bb, 0xb5bb, 0xb5bb, 0xb5bb, 0xb5bb, 0xb5bb, 0xb5bb,
0xb5bb, 0xb5bb, 0xb5bb, 0xb5bb, 0xb5bb, 0xb5bb, 0xa539, 0x6b92, 0x4a8d, 0x426c,
0x52cf, 0x6b73, 0x528d, 0x4a49, 0x7b8e, 0x6ae9, 0x9383, 0xd4a3, 0xed64, 0xf5a6,
0xf5e8, 0xe5a9, 0xd54a, 0xb4aa, 0x8bcb, 0x72cc, 0x9b33, 0xe4bb, 0xfd7f, 0xfd9f,
0xfd7f, 0xfd3f, 0xec9c, 0xd3f8, 0xab34, 0x8a70, 0x69cc, 0x620c, 0x6aad, 0x61ac,
0x8230, 0x8270, 0x8230, 0x720e, 0x722c, 0x830d, 
0x92d0, 0xc416, 0xe4da, 0xfd5c, 0x0000, 0xb5bb, 0xb5bb, 0xb5bb, 0xb5bb, 0xb5bb,
0xb5bb, 0xb5bb, 0xb5bb, 0xb5bb, 0xb5bb, 0xb5bb, 0xb5bb, 0xb5bb, 0xb5bb, 0xb5bb,
0xb5bb, 0xb5bb, 0xb5bb, 0xb5bb, 0xb5bb, 0xb5bb, 0xb5bb, 0xb5bb, 0xb5bb, 0xb5bb,
0xb5bb, 0xb5bb, 0xb5bb, 0xb5bb, 0xb5bb, 0xb5bb, 0x0000, 0x8ae6, 0x9306, 0x8a63,
0xb5bb, 0xb5bb, 0xb5bb, 0xb5bb, 0xb5bb, 0xb5bb, 0xb5bb, 0xb5bb, 0xb5bb, 0xb5bb,
0xb5bb, 0xb5bb, 0xb5bb, 0xb5bb, 0xb5bb, 0xb5bb, 0xb5bb, 0xb5bb, 0xb5bb, 0xb5bb,
0xb5bb, 0xb5bb, 0xb5bb, 0xb5bb, 0xb5bb, 0xb5bb, 0xb5bb, 0xb5bb, 0xb5bb, 0xb5bb,
0xb5bb, 0xb5bb, 0xb5bb, 0xb5bb, 0xb5bb, 0xb5bb, 0xb5bb, 0xb5bb, 0xb5bb, 0xb5bb,
0xb5bb, 0xb5bb, 0xb5bb, 0xb5bb, 0xb5bb, 0xb5bb, 0xb5bb, 0xb5bb, 0xb5bb, 0xb5bb,
0xb5bb, 0xb5bb, 0xb5bb, 0xb5bb, 0xb5bb, 0xb5bb, 0xb5bb, 0xb5bb, 0xb5bb, 0xb5bb,
0xb5bb, 0xb5bb, 0xb5bb, 0xb5bb, 0xb5bb, 0xb5bb, 0xb5bb, 0xb5bb, 0xb5bb, 0xb5bb,
0xb5bb, 0xb5bb, 0xb5bb, 0xb5bb, 0xb5bb, 0xb5bb, 0xb5bb, 0xb5bb, 0xb5bb, 0xb5bb,
0xb5bb, 0xb5bb, 0xb5bb, 0xb5bb, 0xb5bb, 0xb5bb, 0xb5bb, 0xb5bb, 0xb5bb, 0xb5bb,
0xb5bb, 0xb5bb, 0xb5bb, 0xb5bb, 0xb5bb, 0xb5bb, 0xad5a, 0x73b2, 0x4a6c, 0x4aae,
0x52f0, 0x73f4, 0x4a4a, 0x734d, 0x9cb4, 0x7b8e, 0x72c4, 0xa3a2, 0xc443, 0xc4a4,
0xbca6, 0xa428, 0x7b49, 0x6aab, 0x82f0, 0xcc58, 0xf55e, 0xfddf, 0xfddf, 0xfdbf,
0xfdbf, 0xfd7e, 0xecdb, 0xd439, 0xb375, 0x9ab2, 0x71ce, 0x596b, 0x6a8d, 0x620c,
0x718e, 0x7a10, 0x69ee, 0x82ed, 0xcd96, 0xef1b, 
0x51c7, 0xa352, 0xcc57, 0xe51a, 0x0000, 0xb5bb, 0xb5bb, 0xb5bb, 0xb5bb, 0xb5bb,
0xb5bb, 0xb5bb, 0xb5bb, 0xb5bb, 0xb5bb, 0xb5bb, 0xb5bb, 0xb5bb, 0xb5bb, 0xb5bb,
0xb5bb, 0xb5bb, 0xb5bb, 0xb5bb, 0xb5bb, 0xb5bb, 0xb5bb, 0xb5bb, 0xb5bb, 0xb5bb,
0xb5bb, 0xb5bb, 0xb5bb, 0xb5bb, 0xb5bb, 0xb5bb, 0x0000, 0x6a25, 0x6a66, 0x59a2,
0xb5bb, 0xb5bb, 0xb5bb, 0xb5bb, 0xb5bb, 0xb5bb, 0xb5bb, 0xb5bb, 0xb5bb, 0xb5bb,
0xb5bb, 0xb5bb, 0xb5bb, 0xb5bb, 0xb5bb, 0xb5bb, 0xb5bb, 0xb5bb, 0xb5bb, 0xb5bb,
0xb5bb, 0xb5bb, 0xb5bb, 0xb5bb, 0xb5bb, 0xb5bb, 0xb5bb, 0xb5bb, 0xb5bb, 0xb5bb,
0xb5bb, 0xb5bb, 0xb5bb, 0xb5bb, 0xb5bb, 0xb5bb, 0xb5bb, 0xb5bb, 0xb5bb, 0xb5bb,
0xb5bb, 0xb5bb, 0xb5bb, 0xb5bb, 0xb5bb, 0xb5bb, 0xb5bb, 0xb5bb, 0xb5bb, 0xb5bb,
0xb5bb, 0xb5bb, 0xb5bb, 0xb5bb, 0xb5bb, 0xb5bb, 0xb5bb, 0xb5bb, 0xb5bb, 0xb5bb,
0xb5bb, 0xb5bb, 0xb5bb, 0xb5bb, 0xb5bb, 0xb5bb, 0xb5bb, 0xb5bb, 0xb5bb, 0xb5bb,
0xb5bb, 0xb5bb, 0xb5bb, 0xb5bb, 0xb5bb, 0xb5bb, 0xb5bb, 0xb5bb, 0xb5bb, 0xb5bb,
0xb5bb, 0xb5bb, 0xb5bb, 0xb5bb, 0xb5bb, 0xb5bb, 0xb5bb, 0xb5bb, 0xb5bb, 0xb5bb,
0xb5bb, 0xb5bb, 0xb5bb, 0xb5bb, 0xb5bb, 0xb59b, 0x9495, 0x52cd, 0x4aae, 0x52f1,
0x73b4, 0x8434, 0x4a6a, 0x8c71, 0xbdb7, 0xad15, 0x6b0c, 0x49c4, 0x6a46, 0x6a88,
0x6a6a, 0x726e, 0x9332, 0xcc99, 0xfd9e, 0xfdff, 0xfdff, 0xfdff, 0xfdff, 0xfddf,
0xfdbe, 0xf57d, 0xe4db, 0xcc38, 0xb375, 0x9ad2, 0x7a0e, 0x616b, 0x61ea, 0x6a6d,
0x614c, 0x61ad, 0x724a, 0xd575, 0xffbe, 0xffff, 
0x5ac6, 0x6a4c, 0xabf4, 0xccd8, 0x0000, 0xb5bb, 0xb5bb, 0xb5bb, 0xb5bb, 0xb5bb,
0xb5bb, 0xb5bb, 0xb5bb, 0xb5bb, 0xb5bb, 0xb5bb, 0xb5bb, 0xb5bb, 0xb5bb, 0xb5bb,
0xb5bb, 0xb5bb, 0xb5bb, 0xb5bb, 0xb5bb, 0xb5bb, 0xb5bb, 0xb5bb, 0xb5bb, 0xb5bb,
0xb5bb, 0xb5bb, 0xb5bb, 0xb5bb, 0xb5bb, 0xb5bb, 0x0000, 0x6a24, 0x7285, 0x61e3,
0xb5bb, 0xb5bb, 0xb5bb, 0xb5bb, 0xb5bb, 0xb5bb, 0xb5bb, 0xb5bb, 0xb5bb, 0xb5bb,
0xb5bb, 0xb5bb, 0xb5bb, 0xb5bb, 0xb5bb, 0xb5bb, 0xb5bb, 0xb5bb, 0xb5bb, 0xb5bb,
0xb5bb, 0xb5bb, 0xb5bb, 0xb5bb, 0xb5bb, 0xb5bb, 0xb5bb, 0xb5bb, 0xb5bb, 0xb5bb,
0xb5bb, 0xb5bb, 0xb5bb, 0xb5bb, 0xb5bb, 0xb5bb, 0xb5bb, 0xb5bb, 0xb5bb, 0xb5bb,
0xb5bb, 0xb5bb, 0xb5bb, 0xb5bb, 0xb5bb, 0xb5bb, 0xb5bb, 0xb5bb, 0xb5bb, 0xb5bb,
0xb5bb, 0xb5bb, 0xb5bb, 0xb5bb, 0xb5bb, 0xb5bb, 0xb5bb, 0xb5bb, 0xb5bb, 0xb5bb,
0xb5bb, 0xb5bb, 0xb5bb, 0xb5bb, 0xb5bb, 0xb5bb, 0xb5bb, 0xb5bb, 0xb5bb, 0xb5bb,
0xb5bb, 0xb5bb, 0xb5bb, 0xb5bb, 0xb5bb, 0xb5bb, 0xb5bb, 0xb5bb, 0xb5bb, 0xb5bb,
0xb5bb, 0xb5bb, 0xb5bb, 0xb5bb, 0xb5bb, 0xb5bb, 0xb5bb, 0xb5bb, 0xb5bb, 0xb5bb,
0xb5bb, 0xb5bb, 0xb5bb, 0xb5bb, 0xb5bb, 0xad59, 0x528c, 0x422c, 0x52f1, 0x6b95,
0x9d19, 0x8454, 0x5aab, 0xb555, 0xce39, 0xbd97, 0x8c11, 0x6a2c, 0xa2d3, 0xbb96,
0xd439, 0xe4fc, 0xfd9e, 0xfdff, 0xfe1f, 0xfe1f, 0xfe3f, 0xfe3e, 0xfdfe, 0xf5dd,
0xf5bd, 0xed5c, 0xe4da, 0xcc37, 0xb374, 0x92b1, 0x7a0e, 0x616b, 0x59aa, 0x626c,
0x510b, 0x6169, 0xa30c, 0xedd7, 0xff5d, 0xff9e, 
0x8c49, 0x51e8, 0x8b30, 0xb455, 0x0000, 0xb5bb, 0xb5bb, 0xb5bb, 0xb5bb, 0xb5bb,
0xb5bb, 0xb5bb, 0xb5bb, 0xb5bb, 0xb5bb, 0xb5bb, 0xb5bb, 0xb5bb, 0xb5bb, 0xb5bb,
0xb5bb, 0xb5bb, 0xb5bb, 0xb5bb, 0xb5bb, 0xb5bb, 0xb5bb, 0xb5bb, 0xb5bb, 0xb5bb,
0xb5bb, 0xb5bb, 0xb5bb, 0xb5bb, 0xb5bb, 0xb5bb, 0x0000, 0x8ae6, 0x82c6, 0x61a1,
0xb5bb, 0xb5bb, 0xb5bb, 0xb5bb, 0xb5bb, 0xb5bb, 0xb5bb, 0xb5bb, 0xb5bb, 0xb5bb,
0xb5bb, 0xb5bb, 0xb5bb, 0xb5bb, 0xb5bb, 0xb5bb, 0xb5bb, 0xb5bb, 0xb5bb, 0xb5bb,
0xb5bb, 0xb5bb, 0xb5bb, 0xb5bb, 0xb5bb, 0xb5bb, 0xb5bb, 0xb5bb, 0xb5bb, 0xb5bb,
0xb5bb, 0xb5bb, 0xb5bb, 0xb5bb, 0xb5bb, 0xb5bb, 0xb5bb, 0xb5bb, 0xb5bb, 0xb5bb,
0xb5bb, 0xb5bb, 0xb5bb, 0xb5bb, 0xb5bb, 0xb5bb, 0xb5bb, 0xb5bb, 0xb5bb, 0xb5bb,
0xb5bb, 0xb5bb, 0xb5bb, 0xb5bb, 0xb5bb, 0xb5bb, 0xb5bb, 0xb5bb, 0xb5bb, 0xb5bb,
0xb5bb, 0xb5bb, 0xb5bb, 0xb5bb, 0xb5bb, 0xb5bb, 0xb5bb, 0xb5bb, 0xb5bb, 0xb5bb,
0xb5bb, 0xb5bb, 0xb5bb, 0xb5bb, 0xb5bb, 0xb5bb, 0xb5bb, 0xb5bb, 0xb5bb, 0xb5bb,
0xb5bb, 0xb5bb, 0xb5bb, 0xb5bb, 0xb5bb, 0xb5bb, 0xb5bb, 0xb5bb, 0xb5bb, 0xb5bb,
0xb5bb, 0xb5bb, 0xb5bb, 0xb5bb, 0xb5bb, 0xad5a, 0x52ee, 0x4a8f, 0x6394, 0x8c98,
0xbe1d, 0x8453, 0x62ec, 0xc618, 0xd69a, 0xc5f8, 0x9451, 0x7aae, 0xd3f9, 0xfd1d,
0xfd5e, 0xfd9e, 0xfdbf, 0xfddf, 0xfdff, 0xfe3e, 0xfe3e, 0xf5fd, 0xedfc, 0xeddc,
0xe59b, 0xdd1a, 0xd4b8, 0xbbf6, 0xa333, 0x8a90, 0x71ed, 0x598a, 0x620b, 0x620c,
0x50a9, 0x6987, 0xc38d, 0xf575, 0xfe79, 0xfedb, 
0xad6e, 0x5a68, 0x624c, 0x9bd2, 0x0000, 0xb5bb, 0xb5bb, 0xb5bb, 0xb5bb, 0xb5bb,
0xb5bb, 0xb5bb, 0xb5bb, 0xb5bb, 0xb5bb, 0xb5bb, 0xb5bb, 0xb5bb, 0xb5bb, 0xb5bb,
0xb5bb, 0xb5bb, 0xb5bb, 0xb5bb, 0xb5bb, 0xb5bb, 0xb5bb, 0xb5bb, 0xb5bb, 0xb5bb,
0xb5bb, 0xb5bb, 0xb5bb, 0xb5bb, 0xb5bb, 0xb5bb, 0x0000, 0x9b47, 0x9b26, 0x9282,
0xb5bb, 0xb5bb, 0xb5bb, 0xb5bb, 0xb5bb, 0xb5bb, 0xb5bb, 0xb5bb, 0xb5bb, 0xb5bb,
0xb5bb, 0xb5bb, 0xb5bb, 0xb5bb, 0xb5bb, 0xb5bb, 0xb5bb, 0xb5bb, 0xb5bb, 0xb5bb,
0xb5bb, 0xb5bb, 0xb5bb, 0xb5bb, 0xb5bb, 0xb5bb, 0xb5bb, 0xb5bb, 0xb5bb, 0xb5bb,
0xb5bb, 0xb5bb, 0xb5bb, 0xb5bb, 0xb5bb, 0xb5bb, 0xb5bb, 0xb5bb, 0xb5bb, 0xb5bb,
0xb5bb, 0xb5bb, 0xb5bb, 0xb5bb, 0xb5bb, 0xb5bb, 0xb5bb, 0xb5bb, 0xb5bb, 0xb5bb,
0xb5bb, 0xb5bb, 0xb5bb, 0xb5bb, 0xb5bb, 0xb5bb, 0xb5bb, 0xb5bb, 0xb5bb, 0xb5bb,
0xb5bb, 0xb5bb, 0xb5bb, 0xb5bb, 0xb5bb, 0xb5bb, 0xb5bb, 0xb5bb, 0xb5bb, 0xb5bb,
0xb5bb, 0xb5bb, 0xb5bb, 0xb5bb, 0xb5bb, 0xb5bb, 0xb5bb, 0xb5bb, 0xb5bb, 0xb5bb,
0xb5bb, 0xb5bb, 0xb5bb, 0xb5bb, 0xb5bb, 0xb5bb, 0xb5bb, 0xb5bb, 0xb5bb, 0xb5bb,
0xb5bb, 0xb5bb, 0xb5bb, 0xb5bb, 0xb5bb, 0xad5a, 0x52b0, 0x52d1, 0x8437, 0xa53a,
0xce7d, 0x9cd5, 0x528b, 0x738e, 0x630c, 0x39a8, 0x1083, 0x1083, 0x8ad1, 0xe4bb,
0xe4fb, 0xe53b, 0xed5b, 0xed7c, 0xe59c, 0xe5dc, 0xe59b, 0xdd9b, 0xdd7a, 0xd559,
0xcd19, 0xccb8, 0xc437, 0xabb4, 0x9af2, 0x824f, 0x71cd, 0x61ab, 0x6a6d, 0x512b,
0x48a8, 0x7165, 0xcaea, 0xebcd, 0xf4d1, 0xf594, 
0xb5b0, 0x5aa8, 0x51ca, 0x8b50, 0x0000, 0xb5bb, 0xb5bb, 0xb5bb, 0xb5bb, 0xb5bb,
0xb5bb, 0xb5bb, 0xb5bb, 0xb5bb, 0xb5bb, 0xb5bb, 0xb5bb, 0xb5bb, 0xb5bb, 0xb5bb,
0xb5bb, 0xb5bb, 0xb5bb, 0xb5bb, 0xb5bb, 0xb5bb, 0xb5bb, 0xb5bb, 0xb5bb, 0xb5bb,
0xb5bb, 0xb5bb, 0xb5bb, 0xb5bb, 0xb5bb, 0xb5bb, 0x0000, 0x9b06, 0x9b26, 0x9ac3,
0xb5bb, 0xb5bb, 0xb5bb, 0xb5bb, 0xb5bb, 0xb5bb, 0xb5bb, 0xb5bb, 0xb5bb, 0xb5bb,
0xb5bb, 0xb5bb, 0xb5bb, 0xb5bb, 0xb5bb, 0xb5bb, 0xb5bb, 0xb5bb, 0xb5bb, 0xb5bb,
0xb5bb, 0xb5bb, 0xb5bb, 0xb5bb, 0xb5bb, 0xb5bb, 0xb5bb, 0xb5bb, 0xb5bb, 0xb5bb,
0xb5bb, 0xb5bb, 0xb5bb, 0xb5bb, 0xb5bb, 0xb5bb, 0xb5bb, 0xb5bb, 0xb5bb, 0xb5bb,
0xb5bb, 0xb5bb, 0xb5bb, 0xb5bb, 0xb5bb, 0xb5bb, 0xb5bb, 0xb5bb, 0xb5bb, 0xb5bb,
0xb5bb, 0xb5bb, 0xb5bb, 0xb5bb, 0xb5bb, 0xb5bb, 0xb5bb, 0xb5bb, 0xb5bb, 0xb5bb,
0xb5bb, 0xb5bb, 0xb5bb, 0xb5bb, 0xb5bb, 0xb5bb, 0xb5bb, 0xb5bb, 0xb5bb, 0xb5bb,
0xb5bb, 0xb5bb, 0xb5bb, 0xb5bb, 0xb5bb, 0xb5bb, 0xb5bb, 0xb5bb, 0xb5bb, 0xb5bb,
0xb5bb, 0xb5bb, 0xb5bb, 0xb5bb, 0xb5bb, 0xb5bb, 0xb5bb, 0xb5bb, 0xb5bb, 0xb5bb,
0xb5bb, 0xb5bb, 0xb5bb, 0xb5bb, 0xb5bb, 0xad5a, 0x4a6f, 0x52d1, 0x8c57, 0xad7a,
0xce5d, 0xc63a, 0x94b3, 0x7c11, 0x630d, 0x20e8, 0x0846, 0x0022, 0x30e6, 0xab53,
0xd458, 0xd479, 0xd4d9, 0xd519, 0xd539, 0xcd39, 0xcd59, 0xcd58, 0xcd18, 0xc4f7,
0xbc96, 0xb456, 0xb3b5, 0xa353, 0x8ab1, 0x7a2e, 0x69ed, 0x726d, 0x622c, 0x486b,
0x48c7, 0x7143, 0xca67, 0xe2a6, 0xe32a, 0xebed, 
0xb5b0, 0x5a88, 0x51a9, 0x82ef, 0x0000, 0xb5bb, 0xb5bb, 0xb5bb, 0xb5bb, 0xb5bb,
0xb5bb, 0xb5bb, 0xb5bb, 0xb5bb, 0xb5bb, 0xb5bb, 0xb5bb, 0xb5bb, 0xb5bb, 0xb5bb,
0xb5bb, 0xb5bb, 0xb5bb, 0xb5bb, 0xb5bb, 0xb5bb, 0xb5bb, 0xb5bb, 0xb5bb, 0xb5bb,
0xb5bb, 0xb5bb, 0xb5bb, 0xb5bb, 0xb5bb, 0xb5bb, 0x0000, 0x8aa5, 0x8aa6, 0x7a42,
0xb5bb, 0xb5bb, 0xb5bb, 0xb5bb, 0xb5bb, 0xb5bb, 0xb5bb, 0xb5bb, 0xb5bb, 0xb5bb,
0xb5bb, 0xb5bb, 0xb5bb, 0xb5bb, 0xb5bb, 0xb5bb, 0xb5bb, 0xb5bb, 0xb5bb, 0xb5bb,
0xb5bb, 0xb5bb, 0xb5bb, 0xb5bb, 0xb5bb, 0xb5bb, 0xb5bb, 0xb5bb, 0xb5bb, 0xb5bb,
0xb5bb, 0xb5bb, 0xb5bb, 0xb5bb, 0xb5bb, 0xb5bb, 0xb5bb, 0xb5bb, 0xb5bb, 0xb5bb,
0xb5bb, 0xb5bb, 0xb5bb, 0xb5bb, 0xb5bb, 0xb5bb, 0xb5bb, 0xb5bb, 0xb5bb, 0xb5bb,
0xb5bb, 0xb5bb, 0xb5bb, 0xb5bb, 0xb5bb, 0xb5bb, 0xb5bb, 0xb5bb, 0xb5bb, 0xb5bb,
0xb5bb, 0xb5bb, 0xb5bb, 0xb5bb, 0xb5bb, 0xb5bb, 0xb5bb, 0xb5bb, 0xb5bb, 0xb5bb,
0xb5bb, 0xb5bb, 0xb5bb, 0xb5bb, 0xb5bb, 0xb5bb, 0xb5bb, 0xb5bb, 0xb5bb, 0xb5bb,
0xb5bb, 0xb5bb, 0xb5bb, 0xb5bb, 0xb5bb, 0xb5bb, 0xb5bb, 0xb5bb, 0xb5bb, 0xb5bb,
0xb5bb, 0xb5bb, 0xb5bb, 0xb5bb, 0xb5bb, 0xad5a, 0x52cf, 0x52b0, 0x8415, 0xad59,
0xc61c, 0xd6bc, 0xd6bb, 0xc65a, 0x94d4, 0x318b, 0x0845, 0x18e4, 0x4208, 0x628b,
0x9311, 0xbbd6, 0xbc37, 0xbc77, 0xc497, 0xbcb7, 0xbcb6, 0xb496, 0xb496, 0xb456,
0xb415, 0xabd4, 0xa373, 0x9312, 0x8270, 0x720e, 0x726d, 0x6a8d, 0x50ca, 0x58cc,
0x48a7, 0x70e2, 0xc183, 0xd9a3, 0xd245, 0xe309, 
0xa50f, 0x4186, 0x51ca, 0x72ad, 0x0000, 0xb5bb, 0xb5bb, 0xb5bb, 0xb5bb, 0xb5bb,
0xb5bb, 0xb5bb, 0xb5bb, 0xb5bb, 0xb5bb, 0xb5bb, 0xb5bb, 0xb5bb, 0xb5bb, 0xb5bb,
0xb5bb, 0xb5bb, 0xb5bb, 0xb5bb, 0xb5bb, 0xb5bb, 0xb5bb, 0xb5bb, 0xb5bb, 0xb5bb,
0xb5bb, 0xb5bb, 0xb5bb, 0xb5bb, 0xb5bb, 0xb5bb, 0x0000, 0x59c3, 0x59e3, 0x4100,
0xb5bb, 0xb5bb, 0xb5bb, 0xb5bb, 0xb5bb, 0xb5bb, 0xb5bb, 0xb5bb, 0xb5bb, 0xb5bb,
0xb5bb, 0xb5bb, 0xb5bb, 0xb5bb, 0xb5bb, 0xb5bb, 0xb5bb, 0xb5bb, 0xb5bb, 0xb5bb,
0xb5bb, 0xb5bb, 0xb5bb, 0xb5bb, 0xb5bb, 0xb5bb, 0xb5bb, 0xb5bb, 0xb5bb, 0xb5bb,
0xb5bb, 0xb5bb, 0xb5bb, 0xb5bb, 0xb5bb, 0xb5bb, 0xb5bb, 0xb5bb, 0xb5bb, 0xb5bb,
0xb5bb, 0xb5bb, 0xb5bb, 0xb5bb, 0xb5bb, 0xb5bb, 0xb5bb, 0xb5bb, 0xb5bb, 0xb5bb,
0xb5bb, 0xb5bb, 0xb5bb, 0xb5bb, 0xb5bb, 0xb5bb, 0xb5bb, 0xb5bb, 0xb5bb, 0xb5bb,
0xb5bb, 0xb5bb, 0xb5bb, 0xb5bb, 0xb5bb, 0xb5bb, 0xb5bb, 0xb5bb, 0xb5bb, 0xb5bb,
0xb5bb, 0xb5bb, 0xb5bb, 0xb5bb, 0xb5bb, 0xb5bb, 0xb5bb, 0xb5bb, 0xb5bb, 0xb5bb,
0xb5bb, 0xb5bb, 0xb5bb, 0xb5bb, 0xb5bb, 0xb5bb, 0xb5bb, 0xb5bb, 0xb5bb, 0xb5bb,
0xb5bb, 0xb5bb, 0xb5bb, 0xb5bb, 0xb5bb, 0xad59, 0x52ad, 0x6310, 0x7c14, 0x9cf8,
0xbdfb, 0xd6bc, 0xdedd, 0xc63a, 0x73af, 0x39c8, 0x6b6d, 0xa534, 0xa4d3, 0x6b2d,
0x49c8, 0x6a0c, 0x9311, 0xa393, 0xabb4, 0xa3b3, 0x8b71, 0x72ee, 0x7aef, 0x9bb3,
0xa3b3, 0xa353, 0x9311, 0x8ab0, 0x7a8f, 0x7ace, 0x6a6d, 0x50cb, 0x60cc, 0x594c,
0x5a09, 0x6924, 0xa8e1, 0xd142, 0xd9a3, 0xe2a7, 
0x6b2a, 0x3946, 0x622b, 0x72ad, 0x0000, 0xb5bb, 0xb5bb, 0xb5bb, 0xb5bb, 0xb5bb,
0xb5bb, 0xb5bb, 0xb5bb, 0xb5bb, 0xb5bb, 0xb5bb, 0xb5bb, 0xb5bb, 0xb5bb, 0xb5bb,
0xb5bb, 0xb5bb, 0xb5bb, 0xb5bb, 0xb5bb, 0xb5bb, 0xb5bb, 0xb5bb, 0xb5bb, 0xb5bb,
0xb5bb, 0xb5bb, 0xb5bb, 0xb5bb, 0xb5bb, 0xb5bb, 0x0000, 0x28e1, 0x28c1, 0x1000,
0xb5bb, 0xb5bb, 0xb5bb, 0xb5bb, 0xb5bb, 0xb5bb, 0xb5bb, 0xb5bb, 0xb5bb, 0xb5bb,
0xb5bb, 0xb5bb, 0xb5bb, 0xb5bb, 0xb5bb, 0xb5bb, 0xb5bb, 0xb5bb, 0xb5bb, 0xb5bb,
0xb5bb, 0xb5bb, 0xb5bb, 0xb5bb, 0xb5bb, 0xb5bb, 0xb5bb, 0xb5bb, 0xb5bb, 0xb5bb,
0xb5bb, 0xb5bb, 0xb5bb, 0xb5bb, 0xb5bb, 0xb5bb, 0xb5bb, 0xb5bb, 0xb5bb, 0xb5bb,
0xb5bb, 0xb5bb, 0xb5bb, 0xb5bb, 0xb5bb, 0xb5bb, 0xb5bb, 0xb5bb, 0xb5bb, 0xb5bb,
0xb5bb, 0xb5bb, 0xb5bb, 0xb5bb, 0xb5bb, 0xb5bb, 0xb5bb, 0xb5bb, 0xb5bb, 0xb5bb,
0xb5bb, 0xb5bb, 0xb5bb, 0xb5bb, 0xb5bb, 0xb5bb, 0xb5bb, 0xb5bb, 0xb5bb, 0xb5bb,
0xb5bb, 0xb5bb, 0xb5bb, 0xb5bb, 0xb5bb, 0xb5bb, 0xb5bb, 0xb5bb, 0xb5bb, 0xb5bb,
0xb5bb, 0xb5bb, 0xb5bb, 0xb5bb, 0xb5bb, 0xb5bb, 0xb5bb, 0xb5bb, 0xb5bb, 0xb5bb,
0xb5bb, 0xb5bb, 0xb5bb, 0xb5bb, 0xb5bb, 0xad7a, 0x73d1, 0x6b50, 0x8434, 0x9cf7,
0xbddb, 0xd6be, 0xb5b8, 0x632d, 0x630c, 0xad75, 0xd67a, 0xc5f7, 0xa534, 0x9432,
0x6b0d, 0x39a7, 0x4168, 0x726d, 0x8b30, 0x9351, 0x8b51, 0x7aef, 0x8310, 0x9351,
0x9351, 0x9331, 0x9331, 0x8b30, 0x7aee, 0x61ec, 0x58ec, 0x60cd, 0x592b, 0x6ace,
0x7b6f, 0x61a7, 0x80a1, 0xc962, 0xda05, 0xe2a7, 
0x2883, 0x38e6, 0x51e9, 0x6aac, 0x0000, 0xb5bb, 0xb5bb, 0xb5bb, 0xb5bb, 0xb5bb,
0xb5bb, 0xb5bb, 0xb5bb, 0xb5bb, 0xb5bb, 0xb5bb, 0xb5bb, 0xb5bb, 0xb5bb, 0xb5bb,
0xb5bb, 0xb5bb, 0xb5bb, 0xb5bb, 0xb5bb, 0xb5bb, 0xb5bb, 0xb5bb, 0xb5bb, 0xb5bb,
0xb5bb, 0xb5bb, 0xb5bb, 0xb5bb, 0xb5bb, 0xb5bb, 0x0000, 0x28a1, 0x2081, 0x0800,
0xb5bb, 0xb5bb, 0xb5bb, 0xb5bb, 0xb5bb, 0xb5bb, 0xb5bb, 0xb5bb, 0xb5bb, 0xb5bb,
0xb5bb, 0xb5bb, 0xb5bb, 0xb5bb, 0xb5bb, 0xb5bb, 0xb5bb, 0xb5bb, 0xb5bb, 0xb5bb,
0xb5bb, 0xb5bb, 0xb5bb, 0xb5bb, 0xb5bb, 0xb5bb, 0xb5bb, 0xb5bb, 0xb5bb, 0xb5bb,
0xb5bb, 0xb5bb, 0xb5bb, 0xb5bb, 0xb5bb, 0xb5bb, 0xb5bb, 0xb5bb, 0xb5bb, 0xb5bb,
0xb5bb, 0xb5bb, 0xb5bb, 0xb5bb, 0xb5bb, 0xb5bb, 0xb5bb, 0xb5bb, 0xb5bb, 0xb5bb,
0xb5bb, 0xb5bb, 0xb5bb, 0xb5bb, 0xb5bb, 0xb5bb, 0xb5bb, 0xb5bb, 0xb5bb, 0xb5bb,
0xb5bb, 0xb5bb, 0xb5bb, 0xb5bb, 0xb5bb, 0xb5bb, 0xb5bb, 0xb5bb, 0xb5bb, 0xb5bb,
0xb5bb, 0xb5bb, 0xb5bb, 0xb5bb, 0xb5bb, 0xb5bb, 0xb5bb, 0xb5bb, 0xb5bb, 0xb5bb,
0xb5bb, 0xb5bb, 0xb5bb, 0xb5bb, 0xb5bb, 0xb5bb, 0xb5bb, 0xb5bb, 0xb5bb, 0xb5bb,
0xb5bb, 0xb5bb, 0xb5bb, 0xb5bb, 0xb5bb, 0xb59b, 0x9495, 0x73b3, 0x8c75, 0xa558,
0xc63b, 0xa516, 0x4228, 0x7bcf, 0xd65a, 0xdedb, 0xd67a, 0xce39, 0xc5d8, 0xad55,
0x9472, 0x6b0d, 0x3987, 0x30a6, 0x4909, 0x6a2c, 0x832f, 0x8b90, 0x93b1, 0x93b1,
0x8bb1, 0x8b70, 0x72ce, 0x61cc, 0x590c, 0x610d, 0x690d, 0x592b, 0x6a4c, 0x8330,
0x72ce, 0x620b, 0x60e4, 0xa142, 0xd286, 0xeb2a, 
0x4086, 0x50c7, 0x58c8, 0x58c8, 0x0000, 0x0000, 0x0000, 0x0000, 0x0000, 0x0000,
0x0000, 0x0000, 0x0000, 0x0000, 0x0000, 0x0000, 0x0000, 0x0000, 0x0000, 0x0000,
0x0000, 0x0000, 0x0000, 0x0000, 0x0000, 0x0000, 0x0000, 0x0000, 0x0000, 0x0000,
0x0000, 0x0000, 0x0000, 0x0000, 0x0000, 0x0000, 0x0000, 0x5142, 0x4922, 0x2040,
0xb5bb, 0xb5bb, 0xb5bb, 0xb5bb, 0xb5bb, 0xb5bb, 0xb5bb, 0xb5bb, 0xb5bb, 0xb5bb,
0xb5bb, 0xb5bb, 0xb5bb, 0xb5bb, 0xb5bb, 0xb5bb, 0xb5bb, 0xb5bb, 0xb5bb, 0xb5bb,
0xb5bb, 0xb5bb, 0xb5bb, 0xb5bb, 0xb5bb, 0xb5bb, 0xb5bb, 0xb5bb, 0xb5bb, 0xb5bb,
0xb5bb, 0xb5bb, 0xb5bb, 0xb5bb, 0xb5bb, 0xb5bb, 0xb5bb, 0xb5bb, 0xb5bb, 0xb5bb,
0xb5bb, 0xb5bb, 0xb5bb, 0xb5bb, 0xb5bb, 0xb5bb, 0xb5bb, 0xb5bb, 0xb5bb, 0xb5bb,
0xb5bb, 0xb5bb, 0xb5bb, 0xb5bb, 0xb5bb, 0xb5bb, 0xb5bb, 0xb5bb, 0xb5bb, 0xb5bb,
0xb5bb, 0xb5bb, 0xb5bb, 0xb5bb, 0xb5bb, 0xb5bb, 0xb5bb, 0xb5bb, 0xb5bb, 0xb5bb,
0xb5bb, 0xb5bb, 0xb5bb, 0xb5bb, 0xb5bb, 0xb5bb, 0xb5bb, 0xb5bb, 0xb5bb, 0xb5bb,
0xb5bb, 0xb5bb, 0xb5bb, 0xb5bb, 0xb5bb, 0xb5bb, 0xb5bb, 0xb5bb, 0xb5bb, 0xb5bb,
0xb5bb, 0xb5bb, 0xb5bb, 0xb5bb, 0xb5bb, 0xb5bb, 0xad7a, 0x94b7, 0xa559, 0xb5b9,
0x7bf1, 0x39e7, 0x9c93, 0xde9b, 0xde9a, 0xd67a, 0xd65a, 0xce39, 0xcdd8, 0xbd97,
0xad15, 0x9452, 0x732d, 0x41e8, 0x30c6, 0x3827, 0x4049, 0x48ca, 0x590b, 0x592b,
0x590b, 0x58ec, 0x60ed, 0x690e, 0x710e, 0x692e, 0x590c, 0x59eb, 0x7aae, 0x6a0d,
0x6a4d, 0x728d, 0x620b, 0x6146, 0x99e6, 0xcb0a, 
0x3864, 0x4886, 0x50a7, 0x50a7, 0x5087, 0x4065, 0x3064, 0x28e4, 0x41a7, 0x62eb,
0x8bcf, 0x9c72, 0xa4b4, 0xad14, 0xb555, 0xb575, 0xb576, 0xbd96, 0xbd96, 0xb576,
0xb576, 0x83cf, 0x3145, 0x2987, 0x4209, 0x39c8, 0x422b, 0x52d1, 0x3a31, 0x31af,
0x3990, 0x290b, 0x28a1, 0x4121, 0x69a2, 0x7a03, 0x8223, 0x8223, 0x7a03, 0x5120,
0xb5bb, 0xb5bb, 0xb5bb, 0xb5bb, 0xb5bb, 0xb5bb, 0xb5bb, 0xb5bb, 0xb5bb, 0xb5bb,
0xb5bb, 0xb5bb, 0xb5bb, 0xb5bb, 0xb5bb, 0xb5bb, 0xb5bb, 0xb5bb, 0xb5bb, 0xb5bb,
0xb5bb, 0xb5bb, 0xb5bb, 0xb5bb, 0xb5bb, 0xb5bb, 0xb5bb, 0xb5bb, 0xb5bb, 0xb5bb,
0xb5bb, 0xb5bb, 0xb5bb, 0xb5bb, 0xb5bb, 0xb5bb, 0xb5bb, 0xb5bb, 0xb5bb, 0xb5bb,
0xb5bb, 0xb5bb, 0xb5bb, 0xb5bb, 0xb5bb, 0xb5bb, 0xb5bb, 0xb5bb, 0xb5bb, 0xb5bb,
0xb5bb, 0xb5bb, 0xb5bb, 0xb5bb, 0xb5bb, 0xb5bb, 0xb5bb, 0xb5bb, 0xb5bb, 0xb5bb,
0xb5bb, 0xb5bb, 0xb5bb, 0xb5bb, 0xb5bb, 0xb5bb, 0xb5bb, 0xb5bb, 0xb5bb, 0xb5bb,
0xb5bb, 0xb5bb, 0xb5bb, 0xb5bb, 0xb5bb, 0xb5bb, 0xb5bb, 0xb5bb, 0xb5bb, 0xb5bb,
0xb5bb, 0xb5bb, 0xb5bb, 0xb5bb, 0xb5bb, 0xb5bb, 0xb5bb, 0xb5bb, 0xb5bb, 0xb5bb,
0xb5bb, 0xb5bb, 0xb5bb, 0xb5bb, 0xb5bb, 0xb5bb, 0xb5bb, 0xbdfc, 0xc61b, 0x7bf1,
0x4a29, 0x9451, 0xcdd8, 0xc5d8, 0xc5d8, 0xc5d8, 0xc5b7, 0xbdb7, 0xb576, 0xb556,
0xacf5, 0x9c73, 0x7baf, 0x5aab, 0x39c7, 0x28e4, 0x2065, 0x3047, 0x4069, 0x506b,
0x58ac, 0x60cc, 0x60cc, 0x60cc, 0x60ec, 0x58cb, 0x596a, 0x6a4d, 0x6a2d, 0x69cc,
0x6a0d, 0x724d, 0x726d, 0x622b, 0x5988, 0x79e8, 
0x2927, 0x2927, 0x3127, 0x3127, 0x2927, 0x2927, 0x2967, 0x2968, 0x39e9, 0x4209,
0x4a2a, 0x524c, 0x526c, 0x528c, 0x5a8c, 0x5acc, 0x528c, 0x528c, 0x528c, 0x528c,
0x52ac, 0x5aac, 0x39c9, 0x39ea, 0x422b, 0x420a, 0x422c, 0x528f, 0x4250, 0x3a0e,
0x41ee, 0x39ac, 0x3987, 0x49e7, 0x6247, 0x7288, 0x7288, 0x7268, 0x6a48, 0x5185,
0xb5bb, 0xb5bb, 0xb5bb, 0xb5bb, 0xb5bb, 0xb5bb, 0xb5bb, 0xb5bb, 0xb5bb, 0xb5bb,
0xb5bb, 0xb5bb, 0xb5bb, 0xb5bb, 0xb5bb, 0xb5bb, 0xb5bb, 0xb5bb, 0xb5bb, 0xb5bb,
0xb5bb, 0xb5bb, 0xb5bb, 0xb5bb, 0xb5bb, 0xb5bb, 0xb5bb, 0xb5bb, 0xb5bb, 0xb5bb,
0xb5bb, 0xb5bb, 0xb5bb, 0xb5bb, 0xb5bb, 0xb5bb, 0xb5bb, 0xb5bb, 0xb5bb, 0xb5bb,
0xb5bb, 0xb5bb, 0xb5bb, 0xb5bb, 0xb5bb, 0xb5bb, 0xb5bb, 0xb5bb, 0xb5bb, 0xb5bb,
0xb5bb, 0xb5bb, 0xb5bb, 0xb5bb, 0xb5bb, 0xb5bb, 0xb5bb, 0xb5bb, 0xb5bb, 0xb5bb,
0xb5bb, 0xb5bb, 0xb5bb, 0xb5bb, 0xb5bb, 0xb5bb, 0xb5bb, 0xb5bb, 0xb5bb, 0xb5bb,
0xb5bb, 0xb5bb, 0xb5bb, 0xb5bb, 0xb5bb, 0xb5bb, 0xb5bb, 0xb5bb, 0xb5bb, 0xb5bb,
0xb5bb, 0xb5bb, 0xb5bb, 0xb5bb, 0xb5bb, 0xb5bb, 0xb5bb, 0xb5bb, 0xb5bb, 0xb5bb,
0xb5bb, 0xb5bb, 0xb5bb, 0xb5bb, 0xb5bb, 0xb59b, 0x9d17, 0x8c75, 0x8c74, 0x5acd,
0x528c, 0x7370, 0x736f, 0x7370, 0x7370, 0x7370, 0x7370, 0x736f, 0x6b6f, 0x6b4f,
0x6b2f, 0x630e, 0x5acd, 0x524b, 0x420a, 0x39a9, 0x3188, 0x3167, 0x3148, 0x3129,
0x394a, 0x414b, 0x494b, 0x494b, 0x414a, 0x3969, 0x49eb, 0x520c, 0x520b, 0x520b,
0x520b, 0x520c, 0x522c, 0x522c, 0x4a0b, 0x41ea, 

};

const struct bitmap bm_bubbles_background = { 
    .width = BMPWIDTH_bubbles_background, 
    .height = BMPHEIGHT_bubbles_background, 
    .format = FORMAT_NATIVE, 
    .data = (unsigned char*)bubbles_background,
};
