#include "lcd.h"
#include "/home/david/Documents/RockBox_Personal-master/build-sim-nano2g/pluginbitmaps/clock_logo.h"
const unsigned short clock_logo[] = {
0xb65c, 0xb65c, 0xb65c, 0xb65c, 0xb65c, 0xb65c, 0xb65c, 0xb65c, 0xb65c, 0xb65c,
0xb65c, 0xb65c, 0xb65c, 0xb65c, 0xb65c, 0xb65c, 0xb65c, 0xb65c, 0xb65c, 0xb65c,
0xb65c, 0xb65c, 0xb65c, 0xb65c, 0xb65c, 0xb65c, 0xb65c, 0xb65c, 0xb65c, 0xb65c,
0xb65c, 0xb65c, 0xb65c, 0xb65c, 0xb65c, 0xb65c, 0xb65c, 0xb65c, 0xb65c, 0xb65c,
0xb65c, 0xb65c, 0xbe5c, 0xbe7c, 0xbe7d, 0xbe7d, 0xbe7d, 0xbe7d, 0xbe7d, 0xbe7c,
0xbe5c, 0xb65c, 0xb65c, 0xb65c, 0xb65c, 0xb65c, 0xb65c, 0xb65c, 0xb65c, 0xb65c,
0xb65c, 0xb65c, 0xb65c, 0xb65c, 0xb65c, 0xb65c, 0xb65c, 0xb65c, 0xb65c, 0xb65c,
0xb65c, 0xb65c, 0xb65c, 0xb65c, 0xb65c, 0xb65c, 0xb65c, 0xb65c, 0xb65c, 0xb65c,
0xb65c, 0xb65c, 0xb65c, 0xb65c, 0xb65c, 0xb65c, 0xb65c, 0xb65c, 0xb65c, 0xb65c,
0xb65c, 0xb65c, 0xb65c, 0xb65c, 0xb65c, 0xb65c, 0xb65c, 0xb65c, 0xb65c, 0xb65c,
0xb65c, 0xb65c, 0xb65c, 0xb65c, 0xb65c, 0xb65c, 0xb65c, 0xb65c, 0xb65c, 0xb65c,
0xb65c, 0xb65c, 0xb65c, 0xb65c, 0xb65c, 0xb65c, 0xb65c, 0xb65c, 0xb65c, 0xb65c,
0xb65c, 0xb65c, 0xb65c, 0xb65c, 0xb65c, 0xb65c, 0xb65c, 0xb65c, 0xb65c, 0xb65c,
0xb65c, 0xb65c, 0xb65c, 0xb65c, 0xb65c, 0xb65c, 0xb65c, 0xb65c, 0xb65c, 0xbe5c,
0xbe7d, 0xbe7d, 0xbe7d, 0xbe7d, 0xbe7d, 0xbe7d, 0xbe5c, 0xb65c, 0xb65c, 0xb65c,
0xb65c, 0xb65c, 0xb65c, 0xb65c, 0xb65c, 0xb65c, 0xb65c, 0xb65c, 0xb65c, 0xb65c,
0xb65c, 0xb65c, 0xb65c, 0xb65c, 0xb65c, 0xb65c, 0xb65c, 0xb65c, 0xb65c, 0xb65c,
0xb65c, 0xb65c, 0xb65c, 0xb65c, 0xb65c, 0xb65c, 
0xb65c, 0xb65c, 0xb65c, 0xb65c, 0xb65c, 0xb65c, 0xb65c, 0xb65c, 0xb65c, 0xb65c,
0xb65c, 0xb65c, 0xb65c, 0xb65c, 0xb65c, 0xb65c, 0xb65c, 0xb65c, 0xb65c, 0xb65c,
0xb65c, 0xb65c, 0xb65c, 0xb65c, 0xb65c, 0xb65c, 0xb65c, 0xb65c, 0xb65c, 0xb65c,
0xb65c, 0xb65c, 0xb65c, 0xb65c, 0xb65c, 0xb65c, 0xb65c, 0xb65c, 0xb65c, 0xb65c,
0xb65c, 0xbe5c, 0xbe7c, 0xbe7d, 0xbe9d, 0xc69d, 0xc69d, 0xbe9d, 0xbe7d, 0xbe7d,
0xbe7c, 0xbe5c, 0xb65c, 0xb65c, 0xb65c, 0xb65c, 0xb65c, 0xb65c, 0xb65c, 0xb65c,
0xb65c, 0xb65c, 0xb65c, 0xb65c, 0xb65c, 0xb65c, 0xb65c, 0xb65c, 0xb65c, 0xb65c,
0xb65c, 0xb65c, 0xb65c, 0xb65c, 0xb65c, 0xb65c, 0xb65c, 0xb65c, 0xb65c, 0xb65c,
0xb65c, 0xb65c, 0xb65c, 0xb65c, 0xb65c, 0xb65c, 0xb65c, 0xb65c, 0xb65c, 0xb65c,
0xb65c, 0xb65c, 0xb65c, 0xb65c, 0xb65c, 0xb65c, 0xb65c, 0xb65c, 0xb65c, 0xb65c,
0xb65c, 0xb65c, 0xb65c, 0xb65c, 0xb65c, 0xb65c, 0xb65c, 0xb65c, 0xb65c, 0xb65c,
0xb65c, 0xb65c, 0xb65c, 0xb65c, 0xb65c, 0xb65c, 0xb65c, 0xb65c, 0xb65c, 0xb65c,
0xb65c, 0xb65c, 0xb65c, 0xb65c, 0xb65c, 0xb65c, 0xb65c, 0xb65c, 0xb65c, 0xb65c,
0xb65c, 0xb65c, 0xb65c, 0xb65c, 0xb65c, 0xb65c, 0xb65c, 0xb65c, 0xbe5c, 0xbe7d,
0xbe7d, 0xbe9d, 0xc69d, 0xc69d, 0xbe9d, 0xbe7d, 0xbe7d, 0xbe7c, 0xb65c, 0xb65c,
0xb65c, 0xb65c, 0xb65c, 0xb65c, 0xb65c, 0xb65c, 0xb65c, 0xb65c, 0xb65c, 0xb65c,
0xb65c, 0xb65c, 0xb65c, 0xb65c, 0xb65c, 0xb65c, 0xb65c, 0xb65c, 0xb65c, 0xb65c,
0xb65c, 0xb65c, 0xb65c, 0xb65c, 0xb65c, 0xb65c, 
0xb65c, 0xb65c, 0xb65c, 0xb65c, 0xb65c, 0xb65c, 0xb65c, 0xb65c, 0xb65c, 0xb65c,
0xb65c, 0xb65c, 0xb65c, 0xb65c, 0xb65c, 0xb65c, 0xb65c, 0xb65c, 0xb65c, 0xb65c,
0xb65c, 0xb65c, 0xb65c, 0xb65c, 0xb65c, 0xb65c, 0xb65c, 0xb65c, 0xb65c, 0xb65c,
0xb65c, 0xb65c, 0xb65c, 0xb65c, 0xb65c, 0xb65c, 0xb65c, 0xb65c, 0xb65c, 0xb65c,
0xb65c, 0xbe7c, 0xbe7d, 0x29a7, 0x0020, 0x2104, 0x2124, 0x2945, 0x39e7, 0x8473,
0xbe7d, 0xbe7c, 0xb65c, 0xb65c, 0xb65c, 0xb65c, 0xb65c, 0xb65c, 0xb65c, 0xb65c,
0xb65c, 0xb65c, 0xb65c, 0xb65c, 0xb65c, 0xb65c, 0xb65c, 0xb65c, 0xb65c, 0xb65c,
0xb65c, 0xb65c, 0xb65c, 0xb65c, 0xb65c, 0xb65c, 0xb65c, 0xb65c, 0xb65c, 0xb65c,
0xb65c, 0xb65c, 0xb65c, 0xb65c, 0xb65c, 0xb65c, 0xb65c, 0xb65c, 0xb65c, 0xb65c,
0xb65c, 0xb65c, 0xb65c, 0xb65c, 0xb65c, 0xb65c, 0xb65c, 0xb65c, 0xb65c, 0xb65c,
0xb65c, 0xb65c, 0xb65c, 0xb65c, 0xb65c, 0xb65c, 0xb65c, 0xb65c, 0xb65c, 0xb65c,
0xb65c, 0xb65c, 0xb65c, 0xb65c, 0xb65c, 0xb65c, 0xb65c, 0xb65c, 0xb65c, 0xb65c,
0xb65c, 0xb65c, 0xb65c, 0xb65c, 0xb65c, 0xb65c, 0xb65c, 0xb65c, 0xb65c, 0xb65c,
0xb65c, 0xb65c, 0xb65c, 0xb65c, 0xb65c, 0xb65c, 0xb65c, 0xbe5c, 0xbe7d, 0xbe7d,
0x0000, 0x1082, 0x2124, 0x2124, 0x2945, 0x39e7, 0xa578, 0xbe7d, 0xbe5c, 0xb65c,
0xb65c, 0xb65c, 0xb65c, 0xb65c, 0xb65c, 0xb65c, 0xb65c, 0xb65c, 0xb65c, 0xb65c,
0xb65c, 0xb65c, 0xb65c, 0xb65c, 0xb65c, 0xb65c, 0xb65c, 0xb65c, 0xb65c, 0xb65c,
0xb65c, 0xb65c, 0xb65c, 0xb65c, 0xb65c, 0xb65c, 
0xb65c, 0xb65c, 0xb65c, 0xb65c, 0xb65c, 0xb65c, 0xb65c, 0xb65c, 0xb65c, 0xb65c,
0xb65c, 0xb65c, 0xb65c, 0xb65c, 0xb65c, 0xb65c, 0xb65c, 0xb65c, 0xb65c, 0xb65c,
0xb65c, 0xb65c, 0xb65c, 0xb65c, 0xb65c, 0xb65c, 0xb65c, 0xb65c, 0xb65c, 0xb65c,
0xb65c, 0xb65c, 0xb65c, 0xb65c, 0xb65c, 0xb65c, 0xb65c, 0xb65c, 0xb65c, 0xb65c,
0xbe5c, 0xbe7d, 0xbe9d, 0x31a7, 0x0000, 0x0841, 0x2124, 0x31a6, 0x4208, 0x8452,
0xbe7d, 0xbe7d, 0xbe5c, 0xb65c, 0xb65c, 0xb65c, 0xb65c, 0xb65c, 0xb65c, 0xb65c,
0xb65c, 0xb65c, 0xb65c, 0xb65c, 0xb65c, 0xb65c, 0xb65c, 0xb65c, 0xb65c, 0xb65c,
0xb65c, 0xb65c, 0xb65c, 0xb65c, 0xb65c, 0xb65c, 0xb65c, 0xb65c, 0xb65c, 0xb65c,
0xb65c, 0xb65c, 0xb65c, 0xb65c, 0xb65c, 0xb65c, 0xb65c, 0xb65c, 0xb65c, 0xb65c,
0xb65c, 0xb65c, 0xb65c, 0xb65c, 0xb65c, 0xb65c, 0xb65c, 0xb65c, 0xb65c, 0xb65c,
0xb65c, 0xb65c, 0xb65c, 0xb65c, 0xb65c, 0xb65c, 0xb65c, 0xb65c, 0xb65c, 0xb65c,
0xb65c, 0xb65c, 0xb65c, 0xb65c, 0xb65c, 0xb65c, 0xb65c, 0xb65c, 0xb65c, 0xb65c,
0xb65c, 0xb65c, 0xb65c, 0xb65c, 0xb65c, 0xb65c, 0xb65c, 0xb65c, 0xb65c, 0xb65c,
0xb65c, 0xb65c, 0xb65c, 0xb65c, 0xb65c, 0xb65c, 0xb65c, 0xbe5c, 0xbe7d, 0xbe9d,
0x0000, 0x0000, 0x1082, 0x2945, 0x31a6, 0x4208, 0xa578, 0xbe7d, 0xbe7c, 0xb65c,
0xb65c, 0xb65c, 0xb65c, 0xb65c, 0xb65c, 0xb65c, 0xb65c, 0xb65c, 0xb65c, 0xb65c,
0xb65c, 0xb65c, 0xb65c, 0xb65c, 0xb65c, 0xb65c, 0xb65c, 0xb65c, 0xb65c, 0xb65c,
0xb65c, 0xb65c, 0xb65c, 0xb65c, 0xb65c, 0xb65c, 
0xb65c, 0xb65c, 0xb65c, 0xb65c, 0xb65c, 0xb65c, 0xb65c, 0xb65c, 0xb65c, 0xb65c,
0xb65c, 0xb65c, 0xb65c, 0xb65c, 0xb65c, 0xb65c, 0xb65c, 0xb65c, 0xb65c, 0xb65c,
0xb65c, 0xb65c, 0xb65c, 0xb65c, 0xb65c, 0xb65c, 0xb65c, 0xb65c, 0xb65c, 0xb65c,
0xb65c, 0xb65c, 0xb65c, 0xb65c, 0xb65c, 0xb65c, 0xb65c, 0xb65c, 0xb65c, 0xb65c,
0xbe5c, 0xbe7d, 0xc69d, 0x31a7, 0x0000, 0x0000, 0x18c3, 0x4208, 0x4228, 0x8473,
0xbe9d, 0xbe7d, 0xbe5c, 0xb65c, 0xb65c, 0xb65c, 0xb65c, 0xb65c, 0xb65c, 0xb65c,
0xb65c, 0xb65c, 0xb65c, 0xb65c, 0xb65c, 0xb65c, 0xb65c, 0xb65c, 0xb65c, 0xb65c,
0xb65c, 0xb65c, 0xb65c, 0xb65c, 0xb65c, 0xb65c, 0xb65c, 0xb65c, 0xb65c, 0xb65c,
0xb65c, 0xb65c, 0xb65c, 0xb65c, 0xb65c, 0xb65c, 0xb65c, 0xb65c, 0xb65c, 0xb65c,
0xb65c, 0xb65c, 0xb65c, 0xb65c, 0xb65c, 0xb65c, 0xb65c, 0xb65c, 0xb65c, 0xb65c,
0xb65c, 0xb65c, 0xb65c, 0xb65c, 0xb65c, 0xb65c, 0xb65c, 0xb65c, 0xb65c, 0xb65c,
0xb65c, 0xb65c, 0xb65c, 0xb65c, 0xb65c, 0xb65c, 0xb65c, 0xb65c, 0xb65c, 0xb65c,
0xb65c, 0xb65c, 0xb65c, 0xb65c, 0xb65c, 0xb65c, 0xb65c, 0xb65c, 0xb65c, 0xb65c,
0xb65c, 0xb65c, 0xb65c, 0xb65c, 0xb65c, 0xb65c, 0xb65c, 0xbe7c, 0xbe7d, 0xc69d,
0x0000, 0x0000, 0x0000, 0x2124, 0x4208, 0x4228, 0xa598, 0xbe7d, 0xbe7d, 0xb65c,
0xb65c, 0xb65c, 0xb65c, 0xb65c, 0xb65c, 0xb65c, 0xb65c, 0xb65c, 0xb65c, 0xb65c,
0xb65c, 0xb65c, 0xb65c, 0xb65c, 0xb65c, 0xb65c, 0xb65c, 0xb65c, 0xb65c, 0xb65c,
0xb65c, 0xb65c, 0xb65c, 0xb65c, 0xb65c, 0xb65c, 
0xb65c, 0xb65c, 0xb65c, 0xb65c, 0xb65c, 0xb65c, 0xb65c, 0xb65c, 0xb65c, 0xb65c,
0xb65c, 0xb65c, 0xb65c, 0xb65c, 0xb65c, 0xb65c, 0xb65c, 0xb65c, 0xb65c, 0xb65c,
0xb65c, 0xb65c, 0xb65c, 0xb65c, 0xb65c, 0xb65c, 0xb65c, 0xb65c, 0xb65c, 0xb65c,
0xb65c, 0xb65c, 0xb65c, 0xb65c, 0xb65c, 0xb65c, 0xb65c, 0xb65c, 0xb65c, 0xb65c,
0xbe7c, 0xbe7d, 0xc69d, 0x31a7, 0x0000, 0x0000, 0x0861, 0x4228, 0x4228, 0x8473,
0xc69d, 0xbe7d, 0xbe5c, 0xb65c, 0xb65c, 0xb65c, 0xb65c, 0xb65c, 0xb65c, 0xb65c,
0xb65c, 0xb65c, 0xb65c, 0xb65c, 0xb65c, 0xb65c, 0xb65c, 0xb65c, 0xb65c, 0xb65c,
0xb65c, 0xb65c, 0xb65c, 0xb65c, 0xb65c, 0xb65c, 0xb65c, 0xb65c, 0xb65c, 0xb65c,
0xb65c, 0xb65c, 0xb65c, 0xb65c, 0xb65c, 0xb65c, 0xb65c, 0xb65c, 0xb65c, 0xb65c,
0xb65c, 0xb65c, 0xb65c, 0xb65c, 0xb65c, 0xb65c, 0xb65c, 0xb65c, 0xb65c, 0xb65c,
0xb65c, 0xb65c, 0xb65c, 0xb65c, 0xb65c, 0xb65c, 0xb65c, 0xb65c, 0xb65c, 0xb65c,
0xb65c, 0xb65c, 0xb65c, 0xb65c, 0xb65c, 0xb65c, 0xb65c, 0xb65c, 0xb65c, 0xb65c,
0xb65c, 0xb65c, 0xb65c, 0xb65c, 0xb65c, 0xb65c, 0xb65c, 0xb65c, 0xb65c, 0xb65c,
0xb65c, 0xb65c, 0xb65c, 0xb65c, 0xb65c, 0xb65c, 0xb65c, 0xbe7c, 0xbe7d, 0xc69d,
0x0000, 0x0000, 0x0000, 0x18e3, 0x4228, 0x4228, 0xa598, 0xbe9d, 0xbe7d, 0xbe5c,
0xb65c, 0xb65c, 0xb65c, 0xb65c, 0xb65c, 0xb65c, 0xb65c, 0xb65c, 0xb65c, 0xb65c,
0xb65c, 0xb65c, 0xb65c, 0xb65c, 0xb65c, 0xb65c, 0xb65c, 0xb65c, 0xb65c, 0xb65c,
0xb65c, 0xb65c, 0xb65c, 0xb65c, 0xb65c, 0xb65c, 
0xb65c, 0xb65c, 0xb65c, 0xb65c, 0xb65c, 0xb65c, 0xb65c, 0xb65c, 0xb65c, 0xb65c,
0xb65c, 0xb65c, 0xb65c, 0xb65c, 0xb65c, 0xb65c, 0xb65c, 0xb65c, 0xb65c, 0xb65c,
0xb65c, 0xb65c, 0xb65c, 0xb65c, 0xb65c, 0xb65c, 0xb65c, 0xb65c, 0xb65c, 0xb65c,
0xb65c, 0xb65c, 0xb65c, 0xb65c, 0xb65c, 0xb65c, 0xb65c, 0xb65c, 0xb65c, 0xb65c,
0xbe7c, 0xbe7d, 0xc69d, 0x31a7, 0x0000, 0x0000, 0x0841, 0x4228, 0x4228, 0x8473,
0xc69d, 0xbe7d, 0xbe5c, 0xb65c, 0xb65c, 0xb65c, 0xb65c, 0xb65c, 0xb65c, 0xb65c,
0xb65c, 0xb65c, 0xb65c, 0xb65c, 0xb65c, 0xb65c, 0xb65c, 0xb65c, 0xb65c, 0xb65c,
0xb65c, 0xb65c, 0xb65c, 0xb65c, 0xb65c, 0xb65c, 0xb65c, 0xb65c, 0xb65c, 0xb65c,
0xb65c, 0xb65c, 0xb65c, 0xb65c, 0xb65c, 0xb65c, 0xb65c, 0xb65c, 0xb65c, 0xb65c,
0xb65c, 0xb65c, 0xb65c, 0xb65c, 0xb65c, 0xb65c, 0xb65c, 0xb65c, 0xb65c, 0xb65c,
0xb65c, 0xb65c, 0xb65c, 0xb65c, 0xb65c, 0xb65c, 0xb65c, 0xb65c, 0xb65c, 0xb65c,
0xb65c, 0xb65c, 0xb65c, 0xb65c, 0xb65c, 0xb65c, 0xb65c, 0xb65c, 0xb65c, 0xb65c,
0xb65c, 0xb65c, 0xb65c, 0xb65c, 0xb65c, 0xb65c, 0xb65c, 0xb65c, 0xb65c, 0xb65c,
0xb65c, 0xb65c, 0xb65c, 0xb65c, 0xb65c, 0xb65c, 0xb65c, 0xbe7d, 0xbe7d, 0xc69d,
0x0000, 0x0000, 0x0000, 0x18e3, 0x4228, 0x4228, 0xa598, 0xbe9d, 0xbe7d, 0xbe5c,
0xb65c, 0xb65c, 0xb65c, 0xb65c, 0xb65c, 0xb65c, 0xb65c, 0xb65c, 0xb65c, 0xb65c,
0xb65c, 0xb65c, 0xb65c, 0xb65c, 0xb65c, 0xb65c, 0xb65c, 0xb65c, 0xb65c, 0xb65c,
0xb65c, 0xb65c, 0xb65c, 0xb65c, 0xb65c, 0xb65c, 
0xb65c, 0xb65c, 0xb65c, 0xb65c, 0xb65c, 0xb65c, 0xb65c, 0xb65c, 0xb65c, 0xb65c,
0xb65c, 0xb65c, 0xb65c, 0xb65c, 0xb65c, 0xb65c, 0xb65c, 0xb65c, 0xb65c, 0xb65c,
0xb65c, 0xb65c, 0xb65c, 0xb65c, 0xb65c, 0xb65c, 0xb65c, 0xb65c, 0xb65c, 0xb65c,
0xb65c, 0xb65c, 0xb65c, 0xb65c, 0xb65c, 0xb65c, 0xb65c, 0xb65c, 0xb65c, 0xb65c,
0xbe7c, 0xbe7d, 0xc69d, 0x31a7, 0x0000, 0x0000, 0x0841, 0x4228, 0x4228, 0x8473,
0xc69d, 0xbe7d, 0xbe5c, 0xb65c, 0xb65c, 0xb65c, 0xb65c, 0xb65c, 0xb65c, 0xb65c,
0xb65c, 0xb65c, 0xb65c, 0xb65c, 0xb65c, 0xb65c, 0xb65c, 0xb65c, 0xb65c, 0xb65c,
0xb65c, 0xb65c, 0xb65c, 0xb65c, 0xb65c, 0xb65c, 0xb65c, 0xb65c, 0xb65c, 0xb65c,
0xb65c, 0xb65c, 0xb65c, 0xb65c, 0xb65c, 0xb65c, 0xb65c, 0xb65c, 0xb65c, 0xb65c,
0xb65c, 0xb65c, 0xb65c, 0xb65c, 0xb65c, 0xb65c, 0xb65c, 0xb65c, 0xb65c, 0xb65c,
0xb65c, 0xb65c, 0xb65c, 0xb65c, 0xb65c, 0xb65c, 0xb65c, 0xb65c, 0xb65c, 0xb65c,
0xb65c, 0xb65c, 0xb65c, 0xb65c, 0xb65c, 0xb65c, 0xb65c, 0xb65c, 0xb65c, 0xb65c,
0xb65c, 0xb65c, 0xb65c, 0xb65c, 0xb65c, 0xb65c, 0xb65c, 0xb65c, 0xb65c, 0xb65c,
0xb65c, 0xb65c, 0xb65c, 0xb65c, 0xb65c, 0xb65c, 0xb65c, 0xbe7d, 0xbe9d, 0xc69d,
0x0000, 0x0000, 0x0000, 0x18e3, 0x4228, 0x4228, 0xa598, 0xc69d, 0xbe7d, 0xbe5c,
0xb65c, 0xb65c, 0xb65c, 0xb65c, 0xb65c, 0xb65c, 0xb65c, 0xb65c, 0xb65c, 0xb65c,
0xb65c, 0xb65c, 0xb65c, 0xb65c, 0xb65c, 0xb65c, 0xb65c, 0xb65c, 0xb65c, 0xb65c,
0xb65c, 0xb65c, 0xb65c, 0xb65c, 0xb65c, 0xb65c, 
0xb65c, 0xb65c, 0xb65c, 0xb65c, 0xb65c, 0xb65c, 0xb65c, 0xb65c, 0xb65c, 0xb65c,
0xb65c, 0xb65c, 0xb65c, 0xb65c, 0xb65c, 0xb65c, 0xb65c, 0xb65c, 0xb65c, 0xb65c,
0xb65c, 0xb65c, 0xb65c, 0xb65c, 0xb65c, 0xb65c, 0xb65c, 0xb65c, 0xb65c, 0xb65c,
0xb65c, 0xb65c, 0xb65c, 0xb65c, 0xb65c, 0xb65c, 0xb65c, 0xb65c, 0xb65c, 0xb65c,
0xbe7c, 0xbe7d, 0xc69d, 0x31a7, 0x0000, 0x0000, 0x0841, 0x4228, 0x4228, 0x8473,
0xc69d, 0xbe7d, 0xbe5c, 0xb65c, 0xb65c, 0xb65c, 0xb65c, 0xb65c, 0xb65c, 0xb65c,
0xb65c, 0xb65c, 0xb65c, 0xb65c, 0xb65c, 0xb65c, 0xb65c, 0xb65c, 0xb65c, 0xb65c,
0xb65c, 0xb65c, 0xb65c, 0xb65c, 0xb65c, 0xb65c, 0xb65c, 0xb65c, 0xb65c, 0xb65c,
0xb65c, 0xb65c, 0xb65c, 0xb65c, 0xb65c, 0xb65c, 0xb65c, 0xb65c, 0xb65c, 0xb65c,
0xb65c, 0xb65c, 0xb65c, 0xb65c, 0xb65c, 0xb65c, 0xb65c, 0xb65c, 0xb65c, 0xb65c,
0xb65c, 0xb65c, 0xb65c, 0xb65c, 0xb65c, 0xb65c, 0xb65c, 0xb65c, 0xb65c, 0xb65c,
0xb65c, 0xb65c, 0xb65c, 0xb65c, 0xb65c, 0xb65c, 0xb65c, 0xb65c, 0xb65c, 0xb65c,
0xb65c, 0xb65c, 0xb65c, 0xb65c, 0xb65c, 0xb65c, 0xb65c, 0xb65c, 0xb65c, 0xb65c,
0xb65c, 0xb65c, 0xb65c, 0xb65c, 0xb65c, 0xb65c, 0xb65c, 0xbe7d, 0xbe9d, 0xc69d,
0x0000, 0x0000, 0x0000, 0x18e3, 0x4228, 0x4228, 0xa598, 0xc69d, 0xbe7d, 0xbe5c,
0xb65c, 0xb65c, 0xb65c, 0xb65c, 0xb65c, 0xb65c, 0xb65c, 0xb65c, 0xb65c, 0xb65c,
0xb65c, 0xb65c, 0xb65c, 0xb65c, 0xb65c, 0xb65c, 0xb65c, 0xb65c, 0xb65c, 0xb65c,
0xb65c, 0xb65c, 0xb65c, 0xb65c, 0xb65c, 0xb65c, 
0xb65c, 0xb65c, 0xb65c, 0xb65c, 0xb65c, 0xb65c, 0xb65c, 0xb65c, 0xb65c, 0xb65c,
0xb65c, 0xb65c, 0xb65c, 0xb65c, 0xb65c, 0xb65c, 0xb65c, 0xb65c, 0xb65c, 0xb65c,
0xb65c, 0xb65c, 0xb65c, 0xb65c, 0xb65c, 0xb65c, 0xb65c, 0xb65c, 0xb65c, 0xb65c,
0xb65c, 0xb65c, 0xb65c, 0xb65c, 0xb65c, 0xb65c, 0xb65c, 0xb65c, 0xb65c, 0xb65c,
0xbe7c, 0xbe7d, 0xc69d, 0x31a7, 0x0000, 0x0000, 0x0841, 0x4228, 0x4228, 0x8473,
0xc69d, 0xbe7d, 0xbe5c, 0xb65c, 0xb65c, 0xb65c, 0xb65c, 0xb65c, 0xb65c, 0xb65c,
0xb65c, 0xb65c, 0xb65c, 0xb65c, 0xb65c, 0xb65c, 0xb65c, 0xb65c, 0xb65c, 0xb65c,
0xb65c, 0xb65c, 0xb65c, 0xb65c, 0xb65c, 0xb65c, 0xb65c, 0xb65c, 0xb65c, 0xb65c,
0xb65c, 0xb65c, 0xb65c, 0xb65c, 0xb65c, 0xb65c, 0xb65c, 0xb65c, 0xb65c, 0xb65c,
0xb65c, 0xb65c, 0xb65c, 0xb65c, 0xb65c, 0xb65c, 0xb65c, 0xb65c, 0xb65c, 0xb65c,
0xb65c, 0xb65c, 0xb65c, 0xb65c, 0xb65c, 0xb65c, 0xb65c, 0xb65c, 0xb65c, 0xb65c,
0xb65c, 0xb65c, 0xb65c, 0xb65c, 0xb65c, 0xb65c, 0xb65c, 0xb65c, 0xb65c, 0xb65c,
0xb65c, 0xb65c, 0xb65c, 0xb65c, 0xb65c, 0xb65c, 0xb65c, 0xb65c, 0xb65c, 0xb65c,
0xb65c, 0xb65c, 0xb65c, 0xb65c, 0xb65c, 0xb65c, 0xb65c, 0xbe7d, 0xbe9d, 0xc69d,
0x0000, 0x0000, 0x0000, 0x18e3, 0x4228, 0x4228, 0xa598, 0xc69d, 0xbe7d, 0xbe5c,
0xb65c, 0xb65c, 0xb65c, 0xb65c, 0xb65c, 0xb65c, 0xb65c, 0xb65c, 0xb65c, 0xb65c,
0xb65c, 0xb65c, 0xb65c, 0xb65c, 0xb65c, 0xb65c, 0xb65c, 0xb65c, 0xb65c, 0xb65c,
0xb65c, 0xb65c, 0xb65c, 0xb65c, 0xb65c, 0xb65c, 
0xb65c, 0xb65c, 0xb65c, 0xb65c, 0xb65c, 0xb65c, 0xb65c, 0xb65c, 0xb65c, 0xb65c,
0xb65c, 0xb65c, 0xb65c, 0xb65c, 0xb65c, 0xb65c, 0xb65c, 0xb65c, 0xb65c, 0xb65c,
0xb65c, 0xb65c, 0xb65c, 0xb65c, 0xb65c, 0xb65c, 0xb65c, 0xb65c, 0xb65c, 0xb65c,
0xb65c, 0xb65c, 0xb65c, 0xb65c, 0xb65c, 0xb65c, 0xb65c, 0xb65c, 0xb65c, 0xb65c,
0xbe7c, 0xbe7d, 0xc69d, 0x31a7, 0x0000, 0x0000, 0x0841, 0x4228, 0x4228, 0x8473,
0xc69d, 0xbe7d, 0xbe5c, 0xb65c, 0xb65c, 0xb65c, 0xb65c, 0xb65c, 0xb65c, 0xb65c,
0xb65c, 0xb65c, 0xb65c, 0xb65c, 0xb65c, 0xb65c, 0xb65c, 0xb65c, 0xb65c, 0xb65c,
0xb65c, 0xb65c, 0xb65c, 0xb65c, 0xb65c, 0xb65c, 0xb65c, 0xb65c, 0xb65c, 0xb65c,
0xb65c, 0xb65c, 0xb65c, 0xb65c, 0xb65c, 0xb65c, 0xb65c, 0xb65c, 0xb65c, 0xb65c,
0xb65c, 0xb65c, 0xb65c, 0xb65c, 0xb65c, 0xb65c, 0xb65c, 0xb65c, 0xb65c, 0xb65c,
0xb65c, 0xb65c, 0xb65c, 0xb65c, 0xb65c, 0xb65c, 0xb65c, 0xb65c, 0xb65c, 0xb65c,
0xb65c, 0xb65c, 0xb65c, 0xb65c, 0xb65c, 0xb65c, 0xb65c, 0xb65c, 0xb65c, 0xb65c,
0xb65c, 0xb65c, 0xb65c, 0xb65c, 0xb65c, 0xb65c, 0xb65c, 0xb65c, 0xb65c, 0xb65c,
0xb65c, 0xb65c, 0xb65c, 0xb65c, 0xb65c, 0xb65c, 0xb65c, 0xbe7d, 0xbe9d, 0xc69d,
0x0000, 0x0000, 0x0000, 0x18e3, 0x4228, 0x4228, 0xa598, 0xc69d, 0xbe7d, 0xbe5c,
0xb65c, 0xb65c, 0xb65c, 0xb65c, 0xb65c, 0xb65c, 0xb65c, 0xb65c, 0xb65c, 0xb65c,
0xb65c, 0xb65c, 0xb65c, 0xb65c, 0xb65c, 0xb65c, 0xb65c, 0xb65c, 0xb65c, 0xb65c,
0xb65c, 0xb65c, 0xb65c, 0xb65c, 0xb65c, 0xb65c, 
0xb65c, 0xb65c, 0xb65c, 0xb65c, 0xb65c, 0xb65c, 0xb65c, 0xb65c, 0xb65c, 0xb65c,
0xb65c, 0xb65c, 0xb65c, 0xb65c, 0xb65c, 0xb65c, 0xb65c, 0xb65c, 0xb65c, 0xb65c,
0xb65c, 0xb65c, 0xb65c, 0xb65c, 0xb65c, 0xb65c, 0xb65c, 0xb65c, 0xb65c, 0xb65c,
0xb65c, 0xb65c, 0xb65c, 0xb65c, 0xb65c, 0xb65c, 0xb65c, 0xb65c, 0xb65c, 0xb65c,
0xbe7c, 0xbe7d, 0xc69d, 0x31a7, 0x0000, 0x0000, 0x0841, 0x4228, 0x4228, 0x8473,
0xc69d, 0xbe7d, 0xbe5c, 0xb65c, 0xb65c, 0xb65c, 0xb65c, 0xb65c, 0xb65c, 0xb65c,
0xb65c, 0xb65c, 0xb65c, 0xb65c, 0xb65c, 0xb65c, 0xb65c, 0xb65c, 0xb65c, 0xb65c,
0xb65c, 0xb65c, 0xb65c, 0xb65c, 0xb65c, 0xb65c, 0xb65c, 0xb65c, 0xb65c, 0xb65c,
0xb65c, 0xb65c, 0xb65c, 0xb65c, 0xb65c, 0xb65c, 0xb65c, 0xb65c, 0xb65c, 0xb65c,
0xb65c, 0xb65c, 0xb65c, 0xb65c, 0xb65c, 0xb65c, 0xb65c, 0xb65c, 0xb65c, 0xb65c,
0xb65c, 0xb65c, 0xb65c, 0xb65c, 0xb65c, 0xb65c, 0xb65c, 0xb65c, 0xb65c, 0xb65c,
0xb65c, 0xb65c, 0xb65c, 0xb65c, 0xb65c, 0xb65c, 0xb65c, 0xb65c, 0xb65c, 0xb65c,
0xb65c, 0xb65c, 0xb65c, 0xb65c, 0xb65c, 0xb65c, 0xb65c, 0xb65c, 0xb65c, 0xb65c,
0xb65c, 0xb65c, 0xb65c, 0xb65c, 0xb65c, 0xb65c, 0xb65c, 0xbe7d, 0xbe9d, 0xc69d,
0x0000, 0x0000, 0x0000, 0x18e3, 0x4228, 0x4228, 0xa598, 0xc69d, 0xbe7d, 0xbe5c,
0xb65c, 0xb65c, 0xb65c, 0xb65c, 0xb65c, 0xb65c, 0xb65c, 0xb65c, 0xb65c, 0xb65c,
0xb65c, 0xb65c, 0xb65c, 0xb65c, 0xb65c, 0xb65c, 0xb65c, 0xb65c, 0xb65c, 0xb65c,
0xb65c, 0xb65c, 0xb65c, 0xb65c, 0xb65c, 0xb65c, 
0xb65c, 0xb65c, 0xb65c, 0xb65c, 0xb65c, 0xb65c, 0xb65c, 0xb65c, 0xb65c, 0xb65c,
0xb65c, 0xb65c, 0xb65c, 0xb65c, 0xb65c, 0xb65c, 0xb65c, 0xb65c, 0xb65c, 0xb65c,
0xb65c, 0xb65c, 0xb65c, 0xb65c, 0xb65c, 0xb65c, 0xb65c, 0xb65c, 0xb65c, 0xb65c,
0xb65c, 0xb65c, 0xb65c, 0xb65c, 0xb65c, 0xb65c, 0xb65c, 0xb65c, 0xb65c, 0xb65c,
0xbe7c, 0xbe7d, 0xc69d, 0x31a7, 0x0000, 0x0000, 0x0841, 0x4228, 0x4228, 0x8473,
0xc69d, 0xbe7d, 0xbe5c, 0xb65c, 0xb65c, 0xb65c, 0xb65c, 0xb65c, 0xb65c, 0xb65c,
0xb65c, 0xb65c, 0xb65c, 0xb65c, 0xb65c, 0xb65c, 0xb65c, 0xb65c, 0xb65c, 0xb65c,
0xb65c, 0xb65c, 0xb65c, 0xb65c, 0xb65c, 0xb65c, 0xb65c, 0xb65c, 0xb65c, 0xb65c,
0xb65c, 0xb65c, 0xb65c, 0xb65c, 0xb65c, 0xb65c, 0xb65c, 0xb65c, 0xb65c, 0xb65c,
0xb65c, 0xb65c, 0xb65c, 0xb65c, 0xb65c, 0xb65c, 0xb65c, 0xb65c, 0xb65c, 0xb65c,
0xb65c, 0xb65c, 0xb65c, 0xb65c, 0xb65c, 0xb65c, 0xb65c, 0xb65c, 0xb65c, 0xb65c,
0xb65c, 0xb65c, 0xb65c, 0xb65c, 0xb65c, 0xb65c, 0xb65c, 0xb65c, 0xb65c, 0xb65c,
0xb65c, 0xb65c, 0xb65c, 0xb65c, 0xb65c, 0xb65c, 0xb65c, 0xb65c, 0xb65c, 0xb65c,
0xb65c, 0xb65c, 0xb65c, 0xb65c, 0xb65c, 0xb65c, 0xb65c, 0xbe7d, 0xbe9d, 0xc69d,
0x0000, 0x0000, 0x0000, 0x18e3, 0x4228, 0x4228, 0xa598, 0xc69d, 0xbe7d, 0xbe5c,
0xb65c, 0xb65c, 0xb65c, 0xb65c, 0xb65c, 0xb65c, 0xb65c, 0xb65c, 0xb65c, 0xb65c,
0xb65c, 0xb65c, 0xb65c, 0xb65c, 0xb65c, 0xb65c, 0xb65c, 0xb65c, 0xb65c, 0xb65c,
0xb65c, 0xb65c, 0xb65c, 0xb65c, 0xb65c, 0xb65c, 
0xb65c, 0xb65c, 0xb65c, 0xb65c, 0xb65c, 0xb65c, 0xb65c, 0xb65c, 0xb65c, 0xb65c,
0xb65c, 0xb65c, 0xb65c, 0xb65c, 0xb65c, 0xb65c, 0xb65c, 0xb65c, 0xb65c, 0xb65c,
0xb65c, 0xb65c, 0xb65c, 0xb65c, 0xb65c, 0xb65c, 0xb65c, 0xb65c, 0xb65c, 0xb65c,
0xb65c, 0xb65c, 0xb65c, 0xb65c, 0xb65c, 0xb65c, 0xb65c, 0xb65c, 0xb65c, 0xb65c,
0xbe7c, 0xbe7d, 0xc69d, 0x31a7, 0x0000, 0x0000, 0x0841, 0x4228, 0x4228, 0x8473,
0xc69d, 0xbe7d, 0xbe5c, 0xb65c, 0xb65c, 0xb65c, 0xb65c, 0xb65c, 0xb65c, 0xb65c,
0xb65c, 0xb65c, 0xb65c, 0xb65c, 0xb65c, 0xb65c, 0xb65c, 0xb65c, 0xb65c, 0xb65c,
0xb65c, 0xb65c, 0xb65c, 0xb65c, 0xb65c, 0xb65c, 0xb65c, 0xb65c, 0xb65c, 0xb65c,
0xb65c, 0xb65c, 0xb65c, 0xb65c, 0xb65c, 0xb65c, 0xb65c, 0xb65c, 0xb65c, 0xb65c,
0xb65c, 0xb65c, 0xb65c, 0xb65c, 0xb65c, 0xb65c, 0xb65c, 0xb65c, 0xb65c, 0xb65c,
0xb65c, 0xb65c, 0xb65c, 0xb65c, 0xb65c, 0xb65c, 0xb65c, 0xb65c, 0xb65c, 0xb65c,
0xb65c, 0xb65c, 0xb65c, 0xb65c, 0xb65c, 0xb65c, 0xb65c, 0xb65c, 0xb65c, 0xb65c,
0xb65c, 0xb65c, 0xb65c, 0xb65c, 0xb65c, 0xb65c, 0xb65c, 0xb65c, 0xb65c, 0xb65c,
0xb65c, 0xb65c, 0xb65c, 0xb65c, 0xb65c, 0xb65c, 0xb65c, 0xbe7d, 0xbe9d, 0xc69d,
0x0000, 0x0000, 0x0000, 0x18e3, 0x4228, 0x4228, 0xa598, 0xc69d, 0xbe7d, 0xbe5c,
0xb65c, 0xb65c, 0xb65c, 0xb65c, 0xb65c, 0xb65c, 0xb65c, 0xb65c, 0xb65c, 0xb65c,
0xb65c, 0xb65c, 0xb65c, 0xb65c, 0xb65c, 0xb65c, 0xb65c, 0xb65c, 0xb65c, 0xb65c,
0xb65c, 0xb65c, 0xb65c, 0xb65c, 0xb65c, 0xb65c, 
0xb65c, 0xb65c, 0xb65c, 0xb65c, 0xb65c, 0xb65c, 0xb65c, 0xb65c, 0xb65c, 0xb65c,
0xb65c, 0xb65c, 0xb65c, 0xb65c, 0xb65c, 0xb65c, 0xb65c, 0xb65c, 0xb65c, 0xb65c,
0xb65c, 0xb65c, 0xb65c, 0xb65c, 0xb65c, 0xb65c, 0xb65c, 0xb65c, 0xb65c, 0xb65c,
0xb65c, 0xb65c, 0xb65c, 0xb65c, 0xb65c, 0xb65c, 0xb65c, 0xb65c, 0xb65c, 0xb65c,
0xbe7c, 0xbe7d, 0xc69d, 0x31a7, 0x0000, 0x0000, 0x0841, 0x4228, 0x4228, 0x8473,
0xc69d, 0xbe7d, 0xbe5c, 0xb65c, 0xb65c, 0xb65c, 0xb65c, 0xb65c, 0xb65c, 0xb65c,
0xb65c, 0xb65c, 0xb65c, 0xb65c, 0xb65c, 0xb65c, 0xb65c, 0xb65c, 0xb65c, 0xb65c,
0xb65c, 0xb65c, 0xb65c, 0xb65c, 0xb65c, 0xb65c, 0xb65c, 0xb65c, 0xb65c, 0xb65c,
0xb65c, 0xb65c, 0xb65c, 0xb65c, 0xb65c, 0xb65c, 0xb65c, 0xb65c, 0xb65c, 0xb65c,
0xb65c, 0xb65c, 0xb65c, 0xb65c, 0xb65c, 0xb65c, 0xb65c, 0xb65c, 0xb65c, 0xb65c,
0xb65c, 0xb65c, 0xb65c, 0xb65c, 0xb65c, 0xb65c, 0xb65c, 0xb65c, 0xb65c, 0xb65c,
0xb65c, 0xb65c, 0xb65c, 0xb65c, 0xb65c, 0xb65c, 0xb65c, 0xb65c, 0xb65c, 0xb65c,
0xb65c, 0xb65c, 0xb65c, 0xb65c, 0xb65c, 0xb65c, 0xb65c, 0xb65c, 0xb65c, 0xb65c,
0xb65c, 0xb65c, 0xb65c, 0xb65c, 0xb65c, 0xb65c, 0xb65c, 0xbe7d, 0xbe9d, 0xc69d,
0x0000, 0x0000, 0x0000, 0x18e3, 0x4228, 0x4228, 0xa598, 0xc69d, 0xbe7d, 0xbe5c,
0xb65c, 0xb65c, 0xb65c, 0xb65c, 0xb65c, 0xb65c, 0xb65c, 0xb65c, 0xb65c, 0xb65c,
0xb65c, 0xb65c, 0xb65c, 0xb65c, 0xb65c, 0xb65c, 0xb65c, 0xb65c, 0xb65c, 0xb65c,
0xb65c, 0xb65c, 0xb65c, 0xb65c, 0xb65c, 0xb65c, 
0xb65c, 0xb65c, 0xb65c, 0xb65c, 0xb65c, 0xb65c, 0xb65c, 0xb65c, 0xb65c, 0xb65c,
0xb65c, 0xb65c, 0xb65c, 0xb65c, 0xb65c, 0xb65c, 0xb65c, 0xb65c, 0xb65c, 0xb65c,
0xb65c, 0xb65c, 0xb65c, 0xb65c, 0xb65c, 0xb65c, 0xb65c, 0xb65c, 0xb65c, 0xb65c,
0xb65c, 0xb65c, 0xb65c, 0xb65c, 0xb65c, 0xb65c, 0xb65c, 0xb65c, 0xb65c, 0xb65c,
0xbe7c, 0xbe7d, 0xc69d, 0x31a7, 0x0000, 0x0000, 0x0841, 0x4228, 0x4228, 0x8473,
0xc69d, 0xbe7d, 0xbe5c, 0xb65c, 0xb65c, 0xb65c, 0xb65c, 0xb65c, 0xb65c, 0xb65c,
0xb65c, 0xb65c, 0xb65c, 0xb65c, 0xb65c, 0xb65c, 0xb65c, 0xb65c, 0xb65c, 0xb65c,
0xb65c, 0xb65c, 0xb65c, 0xb65c, 0xb65c, 0xb65c, 0xb65c, 0xb65c, 0xb65c, 0xb65c,
0xb65c, 0xb65c, 0xb65c, 0xb65c, 0xb65c, 0xb65c, 0xb65c, 0xb65c, 0xb65c, 0xb65c,
0xb65c, 0xb65c, 0xb65c, 0xb65c, 0xb65c, 0xb65c, 0xb65c, 0xb65c, 0xb65c, 0xb65c,
0xb65c, 0xb65c, 0xb65c, 0xb65c, 0xb65c, 0xb65c, 0xb65c, 0xb65c, 0xb65c, 0xb65c,
0xb65c, 0xb65c, 0xb65c, 0xb65c, 0xb65c, 0xb65c, 0xb65c, 0xb65c, 0xb65c, 0xb65c,
0xb65c, 0xb65c, 0xb65c, 0xb65c, 0xb65c, 0xb65c, 0xb65c, 0xb65c, 0xb65c, 0xb65c,
0xb65c, 0xb65c, 0xb65c, 0xb65c, 0xb65c, 0xb65c, 0xb65c, 0xbe7d, 0xbe9d, 0xc69d,
0x0000, 0x0000, 0x0000, 0x18e3, 0x4228, 0x4228, 0xa598, 0xc69d, 0xbe7d, 0xbe5c,
0xb65c, 0xb65c, 0xb65c, 0xb65c, 0xb65c, 0xb65c, 0xb65c, 0xb65c, 0xb65c, 0xb65c,
0xb65c, 0xb65c, 0xb65c, 0xb65c, 0xb65c, 0xb65c, 0xb65c, 0xb65c, 0xb65c, 0xb65c,
0xb65c, 0xb65c, 0xb65c, 0xb65c, 0xb65c, 0xb65c, 
0xb65c, 0xb65c, 0xb65c, 0xb65c, 0xb65c, 0xb65c, 0xb65c, 0xb65c, 0xb65c, 0xb65c,
0xb65c, 0xb65c, 0xb65c, 0xb65c, 0xb65c, 0xb65c, 0xb65c, 0xb65c, 0xb65c, 0xb65c,
0xbe5c, 0xbe5c, 0xbe5c, 0xbe7c, 0xbe7c, 0xbe7c, 0xbe7c, 0xbe7c, 0xbe5c, 0xbe5c,
0xbe5c, 0xb65c, 0xb65c, 0xb65c, 0xb65c, 0xb65c, 0xb65c, 0xb65c, 0xb65c, 0xb65c,
0xbe7c, 0xbe7d, 0xc69d, 0x31a7, 0x0000, 0x0000, 0x0841, 0x4228, 0x4228, 0x8473,
0xc69d, 0xbe7d, 0xbe5c, 0xb65c, 0xb65c, 0xb65c, 0xb65c, 0xb65c, 0xb65c, 0xb65c,
0xb65c, 0xb65c, 0xb65c, 0xb65c, 0xb65c, 0xb65c, 0xb65c, 0xb65c, 0xb65c, 0xb65c,
0xb65c, 0xb65c, 0xbe5c, 0xbe5c, 0xbe5c, 0xbe7c, 0xbe7c, 0xbe7c, 0xbe7c, 0xbe7c,
0xbe7c, 0xbe5c, 0xbe5c, 0xbe5c, 0xb65c, 0xb65c, 0xb65c, 0xb65c, 0xb65c, 0xb65c,
0xb65c, 0xb65c, 0xb65c, 0xb65c, 0xb65c, 0xb65c, 0xb65c, 0xb65c, 0xb65c, 0xb65c,
0xb65c, 0xb65c, 0xb65c, 0xb65c, 0xb65c, 0xb65c, 0xb65c, 0xb65c, 0xb65c, 0xb65c,
0xb65c, 0xb65c, 0xb65c, 0xb65c, 0xb65c, 0xb65c, 0xb65c, 0xbe5c, 0xbe5c, 0xbe5c,
0xbe7c, 0xbe7c, 0xbe7c, 0xbe7c, 0xbe7c, 0xbe5c, 0xbe5c, 0xbe5c, 0xb65c, 0xb65c,
0xb65c, 0xb65c, 0xb65c, 0xb65c, 0xb65c, 0xb65c, 0xb65c, 0xbe7d, 0xbe9d, 0xc69d,
0x0000, 0x0000, 0x0000, 0x18e3, 0x4228, 0x4228, 0xa598, 0xc69d, 0xbe7d, 0xbe5c,
0xb65c, 0xb65c, 0xb65c, 0xb65c, 0xb65c, 0xb65c, 0xb65c, 0xb65c, 0xb65c, 0xb65c,
0xb65c, 0xb65c, 0xb65c, 0xb65c, 0xb65c, 0xb65c, 0xb65c, 0xb65c, 0xb65c, 0xb65c,
0xb65c, 0xb65c, 0xb65c, 0xb65c, 0xb65c, 0xb65c, 
0xb65c, 0xb65c, 0xb65c, 0xb65c, 0xb65c, 0xb65c, 0xb65c, 0xb65c, 0xb65c, 0xb65c,
0xb65c, 0xb65c, 0xb65c, 0xb65c, 0xb65c, 0xb65c, 0xb65c, 0xbe5c, 0xbe7c, 0xbe7d,
0xbe7d, 0xbe7d, 0xbe7d, 0xbe7d, 0xbe7d, 0xbe7d, 0xbe7d, 0xbe7d, 0xbe7d, 0xbe7d,
0xbe7d, 0xbe7d, 0xbe7c, 0xbe5c, 0xb65c, 0xb65c, 0xb65c, 0xb65c, 0xb65c, 0xb65c,
0xbe7c, 0xbe7d, 0xc69d, 0x31a7, 0x0000, 0x0000, 0x0841, 0x4228, 0x4228, 0x8473,
0xc69d, 0xbe7d, 0xbe5c, 0xb65c, 0xb65c, 0xb65c, 0xb65c, 0xb65c, 0xb65c, 0xb65c,
0xb65c, 0xb65c, 0xb65c, 0xb65c, 0xb65c, 0xb65c, 0xb65c, 0xb65c, 0xb65c, 0xbe5c,
0xbe7c, 0xbe7c, 0xbe7d, 0xbe7d, 0xbe7d, 0xbe7d, 0xbe7d, 0xbe7d, 0xbe7d, 0xbe7d,
0xbe7d, 0xbe7d, 0xbe7d, 0xbe7d, 0xbe7c, 0xbe5c, 0xbe5c, 0xb65c, 0xb65c, 0xb65c,
0xb65c, 0xb65c, 0xb65c, 0xb65c, 0xb65c, 0xb65c, 0xb65c, 0xb65c, 0xb65c, 0xb65c,
0xb65c, 0xb65c, 0xb65c, 0xb65c, 0xb65c, 0xb65c, 0xb65c, 0xb65c, 0xb65c, 0xb65c,
0xb65c, 0xb65c, 0xb65c, 0xbe5c, 0xbe5c, 0xbe7c, 0xbe7d, 0xbe7d, 0xbe7d, 0xbe7d,
0xbe7d, 0xbe7d, 0xbe7d, 0xbe7d, 0xbe7d, 0xbe7d, 0xbe7d, 0xbe7d, 0xbe7c, 0xbe5c,
0xbe5c, 0xb65c, 0xb65c, 0xb65c, 0xb65c, 0xb65c, 0xb65c, 0xbe7d, 0xbe9d, 0xc69d,
0x0000, 0x0000, 0x0000, 0x18e3, 0x4228, 0x4228, 0xa598, 0xc69d, 0xbe7d, 0xbe5c,
0xb65c, 0xb65c, 0xb65c, 0xb65c, 0xb65c, 0xb65c, 0xb65c, 0xb65c, 0xb65c, 0xb65c,
0xb65c, 0xbe5c, 0xbe5c, 0xbe7c, 0xbe7c, 0xbe7c, 0xbe7c, 0xbe5c, 0xbe5c, 0xb65c,
0xb65c, 0xb65c, 0xb65c, 0xb65c, 0xb65c, 0xb65c, 
0xb65c, 0xb65c, 0xb65c, 0xb65c, 0xb65c, 0xb65c, 0xb65c, 0xb65c, 0xb65c, 0xb65c,
0xb65c, 0xb65c, 0xb65c, 0xb65c, 0xb65c, 0xbe5c, 0xbe7c, 0xbe7d, 0xbe7d, 0xbe7d,
0xbe9d, 0xc69d, 0xc69d, 0xc69d, 0xc69d, 0xc69d, 0xc69d, 0xc69d, 0xc69d, 0xc69d,
0xbe9d, 0xbe7d, 0xbe7d, 0xbe7d, 0xbe5c, 0xb65c, 0xb65c, 0xb65c, 0xb65c, 0xb65c,
0xbe7c, 0xbe7d, 0xc69d, 0x31a7, 0x0000, 0x0000, 0x0841, 0x4228, 0x4228, 0x8473,
0xc69d, 0xbe7d, 0xbe5c, 0xb65c, 0xb65c, 0xb65c, 0xb65c, 0xb65c, 0xb65c, 0xb65c,
0xb65c, 0xb65c, 0xb65c, 0xb65c, 0xb65c, 0xb65c, 0xb65c, 0xbe5c, 0xbe7c, 0xbe7d,
0xbe7d, 0xbe7d, 0xbe9d, 0xc69d, 0xc69d, 0xc69d, 0xc69d, 0xc69d, 0xc69d, 0xc69d,
0xc69d, 0xc69d, 0xc69d, 0xbe9d, 0xbe7d, 0xbe7d, 0xbe7d, 0xbe7c, 0xbe5c, 0xb65c,
0xb65c, 0xb65c, 0xb65c, 0xb65c, 0xb65c, 0xb65c, 0xb65c, 0xb65c, 0xb65c, 0xb65c,
0xb65c, 0xb65c, 0xb65c, 0xb65c, 0xb65c, 0xb65c, 0xb65c, 0xb65c, 0xb65c, 0xb65c,
0xb65c, 0xbe5c, 0xbe7c, 0xbe7d, 0xbe7d, 0xbe7d, 0xbe9d, 0xbe9d, 0xc69d, 0xc69d,
0xc69d, 0xc69d, 0xc69d, 0xc69d, 0xc69d, 0xc69d, 0xc69d, 0xbe9d, 0xbe7d, 0xbe7d,
0xbe7c, 0xbe5c, 0xb65c, 0xb65c, 0xb65c, 0xb65c, 0xb65c, 0xbe7d, 0xbe9d, 0xc69d,
0x0000, 0x0000, 0x0000, 0x18e3, 0x4228, 0x4228, 0xa598, 0xc69d, 0xbe7d, 0xbe5c,
0xb65c, 0xb65c, 0xb65c, 0xb65c, 0xb65c, 0xb65c, 0xb65c, 0xb65c, 0xb65c, 0xbe5c,
0xbe7c, 0xbe7d, 0xbe7d, 0xbe7d, 0xbe7d, 0xbe7d, 0xbe7d, 0xbe7d, 0xbe7c, 0xbe5c,
0xb65c, 0xb65c, 0xb65c, 0xb65c, 0xb65c, 0xb65c, 
0xb65c, 0xb65c, 0xb65c, 0xb65c, 0xb65c, 0xb65c, 0xb65c, 0xb65c, 0xb65c, 0xb65c,
0xb65c, 0xb65c, 0xb65c, 0xbe5c, 0xbe7c, 0xbe7d, 0xbe7d, 0xc69d, 0xc69d, 0xc69d,
0x9516, 0x6bb0, 0x5b0d, 0x4a6a, 0x4a8a, 0x4a8a, 0x4a8a, 0x4a8b, 0x5b0d, 0x7c31,
0x9516, 0xb61a, 0xc69d, 0xbe7d, 0xbe7d, 0xbe5c, 0xb65c, 0xb65c, 0xb65c, 0xb65c,
0xbe7c, 0xbe7d, 0xc69d, 0x31a7, 0x0000, 0x0000, 0x0841, 0x4228, 0x4228, 0x8473,
0xc69d, 0xbe7d, 0xbe5c, 0xb65c, 0xb65c, 0xb65c, 0xb65c, 0xb65c, 0xb65c, 0xb65c,
0xb65c, 0xb65c, 0xb65c, 0xb65c, 0xb65c, 0xbe5c, 0xbe7c, 0xbe7d, 0xbe7d, 0xbe9d,
0xc69d, 0xc69d, 0xa578, 0x7c11, 0x6bb0, 0x4249, 0x4a8a, 0x4a8a, 0x4a8a, 0x4a8a,
0x52ab, 0x73d0, 0x8473, 0xadb9, 0xc69d, 0xc69d, 0xbe9d, 0xbe7d, 0xbe7d, 0xbe7c,
0xbe5c, 0xb65c, 0xb65c, 0xb65c, 0xb65c, 0xb65c, 0xb65c, 0xb65c, 0xb65c, 0xb65c,
0xb65c, 0xb65c, 0xb65c, 0xb65c, 0xb65c, 0xb65c, 0xb65c, 0xb65c, 0xb65c, 0xb65c,
0xbe7c, 0xbe7d, 0xbe7d, 0xbe9d, 0xc69d, 0xc69d, 0xadd9, 0x8cd4, 0x6bb0, 0x52ab,
0x4a6a, 0x4a8a, 0x4a8a, 0x4a8a, 0x52ab, 0x6b6e, 0x7c31, 0xa577, 0xc69d, 0xbe9d,
0xbe7d, 0xbe7d, 0xbe5c, 0xb65c, 0xb65c, 0xb65c, 0xb65c, 0xbe7d, 0xbe9d, 0xc69d,
0x0000, 0x0000, 0x0000, 0x18e3, 0x4228, 0x4228, 0xa598, 0xc69d, 0xbe7d, 0xbe5c,
0xb65c, 0xb65c, 0xb65c, 0xb65c, 0xb65c, 0xb65c, 0xb65c, 0xb65c, 0xbe5c, 0xbe7d,
0xbe7d, 0xbe9d, 0xc69d, 0xc69d, 0xc69d, 0xc69d, 0xc69d, 0xbe7d, 0xbe7d, 0xbe7c,
0xbe5c, 0xb65c, 0xb65c, 0xb65c, 0xb65c, 0xb65c, 
0xb65c, 0xb65c, 0xb65c, 0xb65c, 0xb65c, 0xb65c, 0xb65c, 0xb65c, 0xb65c, 0xb65c,
0xb65c, 0xbe5c, 0xbe7c, 0xbe7d, 0xbe7d, 0xc69d, 0xc69d, 0x7c32, 0x424a, 0x0861,
0x1082, 0x10a2, 0x18e3, 0x2104, 0x2124, 0x2124, 0x2124, 0x2945, 0x2965, 0x31a6,
0x31a6, 0x39c7, 0x5acb, 0x8cb4, 0xb63b, 0xbe7d, 0xbe5c, 0xb65c, 0xb65c, 0xb65c,
0xbe7c, 0xbe7d, 0xc69d, 0x31a7, 0x0000, 0x0000, 0x0841, 0x4228, 0x4228, 0x8473,
0xc69d, 0xbe7d, 0xbe5c, 0xb65c, 0xb65c, 0xb65c, 0xb65c, 0xb65c, 0xb65c, 0xb65c,
0xb65c, 0xb65c, 0xb65c, 0xb65c, 0xbe5c, 0xbe7d, 0xbe7d, 0xbe9d, 0xc69d, 0x9516,
0x52ab, 0x18c3, 0x1082, 0x18c3, 0x18c3, 0x18e3, 0x2124, 0x2124, 0x2124, 0x2124,
0x2965, 0x3186, 0x31a6, 0x39c7, 0x4228, 0x73d0, 0xb61a, 0xc69d, 0xbe9d, 0xbe7d,
0xbe7c, 0xbe5c, 0xb65c, 0xb65c, 0xb65c, 0xb65c, 0xb65c, 0xb65c, 0xb65c, 0xb65c,
0xb65c, 0xb65c, 0xb65c, 0xb65c, 0xb65c, 0xb65c, 0xb65c, 0xb65c, 0xbe5c, 0xbe7c,
0xbe7d, 0xbe9d, 0xc69d, 0xb63b, 0x73d0, 0x2986, 0x1082, 0x10a2, 0x10a2, 0x18e3,
0x2104, 0x2124, 0x2124, 0x2124, 0x2945, 0x2965, 0x31a6, 0x39c7, 0x39c7, 0x6b6e,
0x9d36, 0xbe7d, 0xbe7c, 0xbe5c, 0xb65c, 0xb65c, 0xb65c, 0xbe7d, 0xbe9d, 0xc69d,
0x0000, 0x0000, 0x0000, 0x18e3, 0x4228, 0x4228, 0xa598, 0xc69d, 0xbe7d, 0xbe5c,
0xb65c, 0xb65c, 0xb65c, 0xb65c, 0xb65c, 0xb65c, 0xb65c, 0xbe5c, 0xbe7d, 0xbe7d,
0xc69d, 0x52ec, 0x1082, 0x2124, 0x2124, 0x2124, 0x2945, 0x2965, 0x2945, 0x4a6a,
0xbe5c, 0xb65c, 0xb65c, 0xb65c, 0xb65c, 0xb65c, 
0xb65c, 0xb65c, 0xb65c, 0xb65c, 0xb65c, 0xb65c, 0xb65c, 0xb65c, 0xb65c, 0xb65c,
0xbe5c, 0xbe7c, 0xbe7d, 0xbe9d, 0xc69d, 0x7c32, 0x18c3, 0x0000, 0x0841, 0x0861,
0x10a2, 0x18c3, 0x10a2, 0x10a2, 0x10a2, 0x1082, 0x0861, 0x1082, 0x18c3, 0x2104,
0x2965, 0x39c7, 0x4208, 0x4a49, 0x8473, 0xbe7d, 0xbe7c, 0xb65c, 0xb65c, 0xb65c,
0xbe7c, 0xbe7d, 0xc69d, 0x31a7, 0x0000, 0x0000, 0x0841, 0x4228, 0x4228, 0x8473,
0xc69d, 0xbe7d, 0xbe5c, 0xb65c, 0xb65c, 0xb65c, 0xb65c, 0xb65c, 0xb65c, 0xb65c,
0xb65c, 0xb65c, 0xb65c, 0xbe7c, 0xbe7d, 0xbe9d, 0xc69d, 0x94f5, 0x31a7, 0x0000,
0x0841, 0x0861, 0x1082, 0x18e3, 0x18c3, 0x10a2, 0x1082, 0x1082, 0x1082, 0x1082,
0x10a2, 0x18e3, 0x2945, 0x31a6, 0x39e7, 0x4208, 0x4228, 0x73f0, 0xb61a, 0xc69d,
0xbe7d, 0xbe7d, 0xbe5c, 0xb65c, 0xb65c, 0xb65c, 0xb65c, 0xb65c, 0xb65c, 0xb65c,
0xb65c, 0xb65c, 0xb65c, 0xb65c, 0xb65c, 0xb65c, 0xb65c, 0xbe5c, 0xbe7d, 0xbe7d,
0xc69d, 0xb63b, 0x634e, 0x0000, 0x0020, 0x0020, 0x0861, 0x18c3, 0x18e3, 0x10a2,
0x10a2, 0x1082, 0x1082, 0x0861, 0x1082, 0x18e3, 0x2124, 0x3186, 0x39e7, 0x4228,
0x4a69, 0xa598, 0xbe7d, 0xbe5c, 0xb65c, 0xb65c, 0xb65c, 0xbe7d, 0xbe9d, 0xc69d,
0x0000, 0x0000, 0x0000, 0x18e3, 0x4228, 0x4228, 0xa598, 0xc69d, 0xbe7d, 0xbe5c,
0xb65c, 0xb65c, 0xb65c, 0xb65c, 0xb65c, 0xb65c, 0xbe5c, 0xbe7d, 0xbe7d, 0xc69d,
0x7c32, 0x0000, 0x0000, 0x18e3, 0x2945, 0x2945, 0x2124, 0x18e3, 0x31a7, 0xb61b,
0xbe7c, 0xb65c, 0xb65c, 0xb65c, 0xb65c, 0xb65c, 
0xb65c, 0xb65c, 0xb65c, 0xb65c, 0xb65c, 0xb65c, 0xb65c, 0xb65c, 0xb65c, 0xbe5c,
0xbe7d, 0xbe7d, 0xc69d, 0xadd9, 0x31a7, 0x0000, 0x0000, 0x0000, 0x0861, 0x0861,
0x0020, 0x0000, 0x0000, 0x0000, 0x0000, 0x0000, 0x0000, 0x0000, 0x0000, 0x0000,
0x0000, 0x10a2, 0x3186, 0x4228, 0x8473, 0xbe7d, 0xbe7d, 0xbe5c, 0xb65c, 0xb65c,
0xbe7c, 0xbe7d, 0xc69d, 0x31a7, 0x0000, 0x0000, 0x0841, 0x4228, 0x4228, 0x8473,
0xc69d, 0xbe7d, 0xbe5c, 0xb65c, 0xb65c, 0xb65c, 0xb65c, 0xb65c, 0xb65c, 0xb65c,
0xb65c, 0xb65c, 0xbe7c, 0xbe7d, 0xbe9d, 0xc69d, 0x52ec, 0x0000, 0x0000, 0x0000,
0x0861, 0x0861, 0x0020, 0x0000, 0x0000, 0x0000, 0x0000, 0x0000, 0x0000, 0x0000,
0x0000, 0x0000, 0x0000, 0x0861, 0x2104, 0x31a6, 0x4228, 0x4a49, 0x528a, 0x9d16,
0xc69d, 0xbe7d, 0xbe7d, 0xbe5c, 0xb65c, 0xb65c, 0xb65c, 0xb65c, 0xb65c, 0xb65c,
0xb65c, 0xb65c, 0xb65c, 0xb65c, 0xb65c, 0xb65c, 0xbe5c, 0xbe7d, 0xbe7d, 0xc69d,
0x8494, 0x0861, 0x0000, 0x0000, 0x0020, 0x0861, 0x0020, 0x0020, 0x0000, 0x0000,
0x0000, 0x0000, 0x0000, 0x0000, 0x0000, 0x0000, 0x0000, 0x0020, 0x2104, 0x39c7,
0x4228, 0xa578, 0xbe7d, 0xbe7c, 0xb65c, 0xb65c, 0xb65c, 0xbe7d, 0xbe9d, 0xc69d,
0x0000, 0x0000, 0x0000, 0x18e3, 0x4228, 0x4228, 0xa598, 0xc69d, 0xbe7d, 0xbe5c,
0xb65c, 0xb65c, 0xb65c, 0xb65c, 0xb65c, 0xbe5c, 0xbe7d, 0xbe7d, 0xc69d, 0x7c32,
0x0000, 0x0000, 0x0000, 0x18c3, 0x2104, 0x18c3, 0x1082, 0x31a7, 0xb63b, 0xbe7d,
0xbe5c, 0xb65c, 0xb65c, 0xb65c, 0xb65c, 0xb65c, 
0xb65c, 0xb65c, 0xb65c, 0xb65c, 0xb65c, 0xb65c, 0xb65c, 0xb65c, 0xbe5c, 0xbe7d,
0xbe7d, 0xc69d, 0x9d77, 0x0861, 0x0000, 0x0000, 0x0000, 0x0841, 0x0000, 0x0000,
0x0000, 0x0000, 0x0000, 0x0000, 0x0000, 0x0000, 0x0000, 0x0000, 0x0000, 0x0000,
0x0000, 0x0000, 0x18c3, 0x4208, 0x8473, 0xbe7d, 0xbe7d, 0xbe5c, 0xb65c, 0xb65c,
0xbe7c, 0xbe7d, 0xc69d, 0x31a7, 0x0000, 0x0000, 0x0841, 0x4228, 0x4228, 0x8473,
0xc69d, 0xbe7d, 0xbe5c, 0xb65c, 0xb65c, 0xb65c, 0xb65c, 0xb65c, 0xb65c, 0xb65c,
0xb65c, 0xbe7c, 0xbe7d, 0xbe9d, 0xb63b, 0x2125, 0x0000, 0x0000, 0x0000, 0x0841,
0x0000, 0x0000, 0x0000, 0x0000, 0x0000, 0x0000, 0x0000, 0x0000, 0x0000, 0x0000,
0x0000, 0x0000, 0x0000, 0x0000, 0x0000, 0x0020, 0x2945, 0x4208, 0x4a49, 0x528a,
0x9d36, 0xc69d, 0xbe7d, 0xbe7d, 0xbe5c, 0xb65c, 0xb65c, 0xb65c, 0xb65c, 0xb65c,
0xb65c, 0xb65c, 0xb65c, 0xb65c, 0xb65c, 0xbe5c, 0xbe7d, 0xbe9d, 0xc69d, 0x634e,
0x0000, 0x0000, 0x0000, 0x0020, 0x0841, 0x0000, 0x0000, 0x0000, 0x0000, 0x0000,
0x0000, 0x0000, 0x0000, 0x0000, 0x0000, 0x0000, 0x0000, 0x0000, 0x0000, 0x2945,
0x4228, 0xa578, 0xbe7d, 0xbe7c, 0xb65c, 0xb65c, 0xb65c, 0xbe7d, 0xbe9d, 0xc69d,
0x0000, 0x0000, 0x0000, 0x18e3, 0x4228, 0x4228, 0xa598, 0xc69d, 0xbe7d, 0xbe5c,
0xb65c, 0xb65c, 0xb65c, 0xb65c, 0xbe5c, 0xbe7d, 0xbe7d, 0xc69d, 0x8494, 0x0000,
0x0000, 0x0000, 0x0000, 0x0861, 0x1082, 0x1082, 0x31a7, 0xb63b, 0xbe7d, 0xbe7d,
0xbe5c, 0xb65c, 0xb65c, 0xb65c, 0xb65c, 0xb65c, 
0xb65c, 0xb65c, 0xb65c, 0xb65c, 0xb65c, 0xb65c, 0xb65c, 0xb65c, 0xbe7c, 0xbe7d,
0xc69d, 0x8494, 0x0861, 0x0000, 0x0000, 0x0000, 0x0020, 0x0000, 0x0000, 0x0000,
0x0000, 0x0000, 0x2125, 0x3a09, 0x634e, 0x634e, 0x634e, 0x3a09, 0x2125, 0x0000,
0x0000, 0x0000, 0x0000, 0x2965, 0x8472, 0xbe7d, 0xbe7d, 0xbe5c, 0xb65c, 0xb65c,
0xbe7c, 0xbe7d, 0xc69d, 0x31a7, 0x0000, 0x0000, 0x0841, 0x4228, 0x4228, 0x8473,
0xc69d, 0xbe7d, 0xbe5c, 0xb65c, 0xb65c, 0xb65c, 0xb65c, 0xb65c, 0xb65c, 0xb65c,
0xbe5c, 0xbe7d, 0xbe9d, 0xb63b, 0x2125, 0x0000, 0x0000, 0x0000, 0x0841, 0x0020,
0x0000, 0x0000, 0x0000, 0x0000, 0x18c3, 0x3a09, 0x634e, 0x634e, 0x634e, 0x4a8b,
0x31a7, 0x0000, 0x0000, 0x0000, 0x0000, 0x0000, 0x0000, 0x18c3, 0x39c7, 0x4a69,
0x528a, 0x9d36, 0xc69d, 0xbe7d, 0xbe7c, 0xb65c, 0xb65c, 0xb65c, 0xb65c, 0xb65c,
0xb65c, 0xb65c, 0xb65c, 0xb65c, 0xbe5c, 0xbe7d, 0xbe7d, 0xc69d, 0x4a6b, 0x0000,
0x0000, 0x0000, 0x0020, 0x0000, 0x0000, 0x0000, 0x0000, 0x0000, 0x0000, 0x31a7,
0x52ec, 0x634e, 0x634e, 0x634e, 0x31a7, 0x18c3, 0x0000, 0x0000, 0x0000, 0x0000,
0x39c7, 0xa578, 0xbe7d, 0xbe7c, 0xb65c, 0xb65c, 0xb65c, 0xbe7d, 0xbe9d, 0xc69d,
0x0000, 0x0000, 0x0000, 0x18e3, 0x4228, 0x4228, 0xa598, 0xc69d, 0xbe7d, 0xbe5c,
0xb65c, 0xb65c, 0xb65c, 0xbe5c, 0xbe7d, 0xbe7d, 0xc69d, 0xa577, 0x0861, 0x0000,
0x0000, 0x0000, 0x0841, 0x1082, 0x10a2, 0x31c7, 0xbe3b, 0xbe9d, 0xbe7d, 0xbe7c,
0xb65c, 0xb65c, 0xb65c, 0xb65c, 0xb65c, 0xb65c, 
0xb65c, 0xb65c, 0xb65c, 0xb65c, 0xb65c, 0xb65c, 0xb65c, 0xbe7c, 0xbe7d, 0xc69d,
0x9d77, 0x0861, 0x0000, 0x0000, 0x0000, 0x0000, 0x0020, 0x0000, 0x0000, 0x0861,
0x634e, 0xadd9, 0xc6bd, 0xc69d, 0xc69d, 0xc69d, 0xc69d, 0xc69d, 0xc6bd, 0xbe5b,
0x7c32, 0x2125, 0x0000, 0x0020, 0x7c32, 0xbe7d, 0xbe7c, 0xb65c, 0xb65c, 0xb65c,
0xbe7c, 0xbe7d, 0xc69d, 0x31a7, 0x0000, 0x0000, 0x0841, 0x4228, 0x4228, 0x8473,
0xc69d, 0xbe7d, 0xbe5c, 0xb65c, 0xb65c, 0xb65c, 0xb65c, 0xb65c, 0xb65c, 0xbe5c,
0xbe7d, 0xbe9d, 0xb63b, 0x2125, 0x0000, 0x0000, 0x0000, 0x0020, 0x0841, 0x0841,
0x0000, 0x0861, 0x52ec, 0xadd9, 0xc6bd, 0xc69d, 0xc69d, 0xc69d, 0xc69d, 0xc69d,
0xc6bd, 0xbe5b, 0x7c32, 0x18c3, 0x0000, 0x0000, 0x0000, 0x0000, 0x10a2, 0x39e7,
0x4a69, 0x528a, 0xadb8, 0xc69d, 0xbe7d, 0xbe5c, 0xb65c, 0xb65c, 0xb65c, 0xb65c,
0xb65c, 0xb65c, 0xb65c, 0xbe5c, 0xbe7c, 0xbe7d, 0xc69d, 0x634e, 0x0000, 0x0000,
0x0000, 0x0020, 0x0020, 0x0000, 0x0000, 0x0000, 0x31a7, 0x7c32, 0xbe5b, 0xc6bd,
0xc69d, 0xc69d, 0xc69d, 0xc69d, 0xc69d, 0xc6bd, 0xa577, 0x52ec, 0x0861, 0x0000,
0x18c3, 0x9d77, 0xbe7d, 0xbe7c, 0xb65c, 0xb65c, 0xb65c, 0xbe7d, 0xbe9d, 0xc69d,
0x0000, 0x0000, 0x0000, 0x18e3, 0x4228, 0x4228, 0xa598, 0xc69d, 0xbe7d, 0xbe5c,
0xb65c, 0xb65c, 0xbe5c, 0xbe7c, 0xbe7d, 0xc69d, 0xa577, 0x0861, 0x0000, 0x0000,
0x0000, 0x0841, 0x0861, 0x1082, 0x18e4, 0xadf9, 0xc69d, 0xbe7d, 0xbe7c, 0xbe5c,
0xb65c, 0xb65c, 0xb65c, 0xb65c, 0xb65c, 0xb65c, 
0xb65c, 0xb65c, 0xb65c, 0xb65c, 0xb65c, 0xb65c, 0xbe5c, 0xbe7d, 0xbe9d, 0xb63b,
0x18c3, 0x0000, 0x0000, 0x0000, 0x0841, 0x0861, 0x0861, 0x0841, 0x52ec, 0xbe5b,
0xc69d, 0xc69d, 0xbe9d, 0xbe7d, 0xbe7d, 0xbe7d, 0xbe7d, 0xbe7d, 0xbe9d, 0xc69d,
0xc69d, 0xc69d, 0x94f5, 0x10c3, 0x73d0, 0xbe7d, 0xbe5c, 0xb65c, 0xb65c, 0xb65c,
0xbe7c, 0xbe7d, 0xc69d, 0x31a7, 0x0000, 0x0000, 0x0841, 0x4228, 0x4228, 0x8473,
0xc69d, 0xbe7d, 0xbe5c, 0xb65c, 0xb65c, 0xb65c, 0xb65c, 0xb65c, 0xb65c, 0xbe7c,
0xbe7d, 0xc69d, 0x52ec, 0x0000, 0x0000, 0x0000, 0x0020, 0x0861, 0x0861, 0x0861,
0x4229, 0xbe5b, 0xc69d, 0xc69d, 0xbe9d, 0xbe9d, 0xbe7d, 0xbe7d, 0xbe7d, 0xbe7d,
0xbe9d, 0xc69d, 0xc69d, 0xc6bd, 0x73d0, 0x0000, 0x0000, 0x0000, 0x0000, 0x2104,
0x4a49, 0x528a, 0x5acb, 0xbe5c, 0xbe9d, 0xbe7d, 0xbe5c, 0xb65c, 0xb65c, 0xb65c,
0xb65c, 0xb65c, 0xb65c, 0xbe7c, 0xbe7d, 0xc69d, 0x8494, 0x0000, 0x0000, 0x0000,
0x0000, 0x0861, 0x0861, 0x0020, 0x0861, 0x7c32, 0xc6bd, 0xc69d, 0xc69d, 0xbe9d,
0xbe7d, 0xbe7d, 0xbe7d, 0xbe7d, 0xbe9d, 0xbe9d, 0xc69d, 0xc69d, 0xb63b, 0x634e,
0x0861, 0x9d37, 0xbe7d, 0xbe5c, 0xb65c, 0xb65c, 0xb65c, 0xbe7d, 0xbe9d, 0xc69d,
0x0000, 0x0000, 0x0000, 0x18e3, 0x4228, 0x4228, 0xa598, 0xc69d, 0xbe7d, 0xbe5c,
0xbe5c, 0xbe5c, 0xbe7c, 0xbe7d, 0xc69d, 0xadd9, 0x0861, 0x0000, 0x0000, 0x0000,
0x0020, 0x0861, 0x1082, 0x18e3, 0xa578, 0xc69d, 0xbe7d, 0xbe7c, 0xbe5c, 0xb65c,
0xb65c, 0xb65c, 0xb65c, 0xb65c, 0xb65c, 0xb65c, 
0xb65c, 0xb65c, 0xb65c, 0xb65c, 0xb65c, 0xb65c, 0xbe7c, 0xbe7d, 0xc69d, 0x3a09,
0x0000, 0x0000, 0x0000, 0x0861, 0x1082, 0x1082, 0x1082, 0x8452, 0xc6bd, 0xc69d,
0xbe9d, 0xbe7d, 0xbe7d, 0xbe7d, 0xbe7c, 0xbe7c, 0xbe7c, 0xbe7c, 0xbe7d, 0xbe7d,
0xbe7d, 0xbe7d, 0xbe7d, 0xb61b, 0x9537, 0xbe5c, 0xb65c, 0xb65c, 0xb65c, 0xb65c,
0xbe7c, 0xbe7d, 0xc69d, 0x31a7, 0x0000, 0x0000, 0x0841, 0x4228, 0x4228, 0x8473,
0xc69d, 0xbe7d, 0xbe5c, 0xb65c, 0xb65c, 0xb65c, 0xb65c, 0xb65c, 0xbe5c, 0xbe7d,
0xbe9d, 0x94f5, 0x0000, 0x0000, 0x0000, 0x0000, 0x10a2, 0x10a2, 0x1082, 0x52cc,
0xc6bd, 0xc69d, 0xbe9d, 0xbe7d, 0xbe7d, 0xbe7d, 0xbe7c, 0xbe7c, 0xbe7c, 0xbe7c,
0xbe7d, 0xbe7d, 0xbe7d, 0xc69d, 0xc6bd, 0x9516, 0x0861, 0x0000, 0x0000, 0x0000,
0x31a6, 0x528a, 0x528a, 0x8472, 0xc69d, 0xbe7d, 0xbe7c, 0xb65c, 0xb65c, 0xb65c,
0xb65c, 0xb65c, 0xbe5c, 0xbe7d, 0xbe9d, 0xb63b, 0x0861, 0x0000, 0x0000, 0x0000,
0x1082, 0x10a2, 0x1082, 0x2986, 0xa578, 0xc69d, 0xc69d, 0xbe7d, 0xbe7d, 0xbe7d,
0xbe7c, 0xbe7c, 0xbe7c, 0xbe7c, 0xbe7d, 0xbe7d, 0xbe7d, 0xbe7d, 0xbe7d, 0xbe7d,
0xa5b9, 0xa5b9, 0xbe5c, 0xb65c, 0xb65c, 0xb65c, 0xb65c, 0xbe7d, 0xbe9d, 0xc69d,
0x0000, 0x0000, 0x0000, 0x18e3, 0x4228, 0x4228, 0xa598, 0xc69d, 0xbe7d, 0xbe7c,
0xbe5c, 0xbe7c, 0xbe7d, 0xc69d, 0xbe3b, 0x2125, 0x0000, 0x0000, 0x0000, 0x0020,
0x0861, 0x1082, 0x18e3, 0xa578, 0xc69d, 0xbe7d, 0xbe7d, 0xbe5c, 0xb65c, 0xb65c,
0xb65c, 0xb65c, 0xb65c, 0xb65c, 0xb65c, 0xb65c, 
0xb65c, 0xb65c, 0xb65c, 0xb65c, 0xb65c, 0xbe5c, 0xbe7d, 0xbe9d, 0x94f5, 0x0000,
0x0000, 0x0000, 0x0020, 0x18e3, 0x18c3, 0x1082, 0x8473, 0xc69d, 0xc69d, 0xbe7d,
0xbe7d, 0xbe7c, 0xbe5c, 0xb65c, 0xb65c, 0xb65c, 0xb65c, 0xb65c, 0xbe5c, 0xbe5c,
0xbe5c, 0xbe7c, 0xbe7c, 0xbe5c, 0xbe5c, 0xb65c, 0xb65c, 0xb65c, 0xb65c, 0xb65c,
0xbe7c, 0xbe7d, 0xc69d, 0x31a7, 0x0000, 0x0000, 0x0841, 0x4228, 0x4228, 0x8473,
0xc69d, 0xbe7d, 0xbe5c, 0xb65c, 0xb65c, 0xb65c, 0xb65c, 0xb65c, 0xbe7c, 0xbe7d,
0xc69d, 0x31a7, 0x0000, 0x0000, 0x0000, 0x18c3, 0x18e3, 0x18c3, 0x5aec, 0xc6bd,
0xc69d, 0xbe7d, 0xbe7d, 0xbe7c, 0xbe5c, 0xb65c, 0xb65c, 0xb65c, 0xb65c, 0xb65c,
0xbe5c, 0xbe5c, 0xbe7d, 0xbe7d, 0xc69d, 0xc69d, 0x7c32, 0x0000, 0x0000, 0x0000,
0x0020, 0x4228, 0x528a, 0x52aa, 0xbe5c, 0xbe9d, 0xbe7d, 0xbe5c, 0xb65c, 0xb65c,
0xb65c, 0xb65c, 0xbe7c, 0xbe7d, 0xc69d, 0x52ec, 0x0000, 0x0000, 0x0000, 0x10a2,
0x18e3, 0x18e3, 0x2124, 0xbe5b, 0xc69d, 0xbe9d, 0xbe7d, 0xbe7c, 0xbe5c, 0xbe5c,
0xb65c, 0xb65c, 0xb65c, 0xb65c, 0xb65c, 0xbe5c, 0xbe5c, 0xbe7c, 0xbe7c, 0xbe7c,
0xbe5c, 0xbe5c, 0xb65c, 0xb65c, 0xb65c, 0xb65c, 0xb65c, 0xbe7d, 0xbe9d, 0xc69d,
0x0000, 0x0000, 0x0000, 0x18e3, 0x4228, 0x4228, 0xa598, 0xc69d, 0xbe7d, 0xbe7d,
0xbe7d, 0xbe7d, 0xc69d, 0xbe3b, 0x2125, 0x0000, 0x0000, 0x0000, 0x0020, 0x0861,
0x1082, 0x18e3, 0xa598, 0xc69d, 0xbe7d, 0xbe7d, 0xbe5c, 0xb65c, 0xb65c, 0xb65c,
0xb65c, 0xb65c, 0xb65c, 0xb65c, 0xb65c, 0xb65c, 
0xb65c, 0xb65c, 0xb65c, 0xb65c, 0xb65c, 0xbe7c, 0xbe7d, 0xc69d, 0x31a7, 0x0000,
0x0000, 0x0000, 0x18e3, 0x2104, 0x18e3, 0x73d0, 0xc69d, 0xc69d, 0xbe7d, 0xbe7c,
0xbe5c, 0xb65c, 0xb65c, 0xb65c, 0xb65c, 0xb65c, 0xb65c, 0xb65c, 0xb65c, 0xb65c,
0xb65c, 0xb65c, 0xb65c, 0xb65c, 0xb65c, 0xb65c, 0xb65c, 0xb65c, 0xb65c, 0xb65c,
0xbe7c, 0xbe7d, 0xc69d, 0x31a7, 0x0000, 0x0000, 0x0841, 0x4228, 0x4228, 0x8473,
0xc69d, 0xbe7d, 0xbe5c, 0xb65c, 0xb65c, 0xb65c, 0xb65c, 0xbe5c, 0xbe7d, 0xbe9d,
0x94f5, 0x0000, 0x0000, 0x0000, 0x0861, 0x2124, 0x2124, 0x4229, 0xc6bd, 0xc69d,
0xbe7d, 0xbe7d, 0xbe5c, 0xb65c, 0xb65c, 0xb65c, 0xb65c, 0xb65c, 0xb65c, 0xb65c,
0xb65c, 0xb65c, 0xbe5c, 0xbe7c, 0xbe7d, 0xc69d, 0xc6bd, 0x3a09, 0x0000, 0x0000,
0x0000, 0x2945, 0x528a, 0x528a, 0x8cb4, 0xc69d, 0xbe7d, 0xbe5c, 0xb65c, 0xb65c,
0xb65c, 0xbe5c, 0xbe7d, 0xbe9d, 0xadd9, 0x0000, 0x0000, 0x0000, 0x0000, 0x2104,
0x2104, 0x2104, 0xa598, 0xc69d, 0xbe9d, 0xbe7d, 0xbe5c, 0xb65c, 0xb65c, 0xb65c,
0xb65c, 0xb65c, 0xb65c, 0xb65c, 0xb65c, 0xb65c, 0xb65c, 0xb65c, 0xb65c, 0xb65c,
0xb65c, 0xb65c, 0xb65c, 0xb65c, 0xb65c, 0xb65c, 0xb65c, 0xbe7d, 0xbe9d, 0xc69d,
0x0000, 0x0000, 0x0000, 0x18e3, 0x4228, 0x4228, 0xa598, 0xc69d, 0xbe9d, 0xbe7d,
0xbe7d, 0xc69d, 0xc69d, 0x2125, 0x0000, 0x0000, 0x0000, 0x0841, 0x1082, 0x1082,
0x18e3, 0xa598, 0xc69d, 0xbe7d, 0xbe7d, 0xbe5c, 0xb65c, 0xb65c, 0xb65c, 0xb65c,
0xb65c, 0xb65c, 0xb65c, 0xb65c, 0xb65c, 0xb65c, 
0xb65c, 0xb65c, 0xb65c, 0xb65c, 0xbe5c, 0xbe7d, 0xbe9d, 0x9d77, 0x0000, 0x0000,
0x0000, 0x0861, 0x2945, 0x2124, 0x4229, 0xc6bd, 0xc69d, 0xbe7d, 0xbe7c, 0xb65c,
0xb65c, 0xb65c, 0xb65c, 0xb65c, 0xb65c, 0xb65c, 0xb65c, 0xb65c, 0xb65c, 0xb65c,
0xb65c, 0xb65c, 0xb65c, 0xb65c, 0xb65c, 0xb65c, 0xb65c, 0xb65c, 0xb65c, 0xb65c,
0xbe7c, 0xbe7d, 0xc69d, 0x31a7, 0x0000, 0x0000, 0x0841, 0x4228, 0x4228, 0x8473,
0xc69d, 0xbe7d, 0xbe5c, 0xb65c, 0xb65c, 0xb65c, 0xb65c, 0xbe7c, 0xbe7d, 0xc69d,
0x3a09, 0x0000, 0x0000, 0x0000, 0x2124, 0x2965, 0x2965, 0xa557, 0xc69d, 0xbe7d,
0xbe7d, 0xbe5c, 0xb65c, 0xb65c, 0xb65c, 0xb65c, 0xb65c, 0xb65c, 0xb65c, 0xb65c,
0xb65c, 0xb65c, 0xb65c, 0xb65c, 0xbe7c, 0xbe7d, 0xc69d, 0xadd9, 0x0000, 0x0000,
0x0000, 0x0841, 0x4a49, 0x528a, 0x630c, 0xc69d, 0xbe7d, 0xbe7c, 0xb65c, 0xb65c,
0xb65c, 0xbe5c, 0xbe7d, 0xc69d, 0x52ec, 0x0000, 0x0000, 0x0000, 0x18e3, 0x2124,
0x2124, 0x73f0, 0xc69d, 0xbe9d, 0xbe7d, 0xbe5c, 0xb65c, 0xb65c, 0xb65c, 0xb65c,
0xb65c, 0xb65c, 0xb65c, 0xb65c, 0xb65c, 0xb65c, 0xb65c, 0xb65c, 0xb65c, 0xb65c,
0xb65c, 0xb65c, 0xb65c, 0xb65c, 0xb65c, 0xb65c, 0xb65c, 0xbe7d, 0xbe9d, 0xc69d,
0x0000, 0x0000, 0x0000, 0x18e3, 0x4228, 0x4228, 0xa598, 0xc69d, 0xc69d, 0xbe9d,
0xc69d, 0xc69d, 0x4a8b, 0x0000, 0x0000, 0x0000, 0x0841, 0x10a2, 0x10a2, 0x1904,
0xa598, 0xc69d, 0xbe7d, 0xbe7d, 0xbe5c, 0xb65c, 0xb65c, 0xb65c, 0xb65c, 0xb65c,
0xb65c, 0xb65c, 0xb65c, 0xb65c, 0xb65c, 0xb65c, 
0xb65c, 0xb65c, 0xb65c, 0xb65c, 0xbe5c, 0xbe7d, 0xc69d, 0x4a6b, 0x0000, 0x0000,
0x0000, 0x2124, 0x2965, 0x2965, 0xa557, 0xc69d, 0xbe7d, 0xbe7c, 0xb65c, 0xb65c,
0xb65c, 0xb65c, 0xb65c, 0xb65c, 0xb65c, 0xb65c, 0xb65c, 0xb65c, 0xb65c, 0xb65c,
0xb65c, 0xb65c, 0xb65c, 0xb65c, 0xb65c, 0xb65c, 0xb65c, 0xb65c, 0xb65c, 0xb65c,
0xbe7c, 0xbe7d, 0xc69d, 0x31a7, 0x0000, 0x0000, 0x0841, 0x4228, 0x4228, 0x8473,
0xc69d, 0xbe7d, 0xbe5c, 0xb65c, 0xb65c, 0xb65c, 0xb65c, 0xbe7d, 0xbe9d, 0xb63b,
0x0000, 0x0000, 0x0000, 0x0841, 0x3186, 0x2965, 0x52cb, 0xc6bd, 0xbe9d, 0xbe7d,
0xbe5c, 0xb65c, 0xb65c, 0xb65c, 0xb65c, 0xb65c, 0xb65c, 0xb65c, 0xb65c, 0xb65c,
0xb65c, 0xb65c, 0xb65c, 0xb65c, 0xbe5c, 0xbe7d, 0xbe9d, 0xc69d, 0x4a8b, 0x0000,
0x0000, 0x0000, 0x31a6, 0x528a, 0x528a, 0xb63a, 0xbe9d, 0xbe7d, 0xbe5c, 0xb65c,
0xb65c, 0xbe7c, 0xbe7d, 0xc69d, 0x18c3, 0x0000, 0x0000, 0x0000, 0x2965, 0x2965,
0x3a08, 0xc6bd, 0xc69d, 0xbe7d, 0xbe7c, 0xb65c, 0xb65c, 0xb65c, 0xb65c, 0xb65c,
0xb65c, 0xb65c, 0xb65c, 0xb65c, 0xb65c, 0xb65c, 0xb65c, 0xb65c, 0xb65c, 0xb65c,
0xb65c, 0xb65c, 0xb65c, 0xb65c, 0xb65c, 0xb65c, 0xb65c, 0xbe7d, 0xbe9d, 0xc69d,
0x0000, 0x0000, 0x0000, 0x18e3, 0x4228, 0x4228, 0xa598, 0xc6bd, 0xc69d, 0xc69d,
0xc6bd, 0x4a8b, 0x0000, 0x0000, 0x0000, 0x0000, 0x1082, 0x10a2, 0x18e3, 0xa598,
0xc69d, 0xbe7d, 0xbe7d, 0xbe5c, 0xb65c, 0xb65c, 0xb65c, 0xb65c, 0xb65c, 0xb65c,
0xb65c, 0xb65c, 0xb65c, 0xb65c, 0xb65c, 0xb65c, 
0xb65c, 0xb65c, 0xb65c, 0xb65c, 0xbe7c, 0xbe7d, 0xc69d, 0x18c3, 0x0000, 0x0000,
0x0020, 0x3186, 0x2965, 0x4a6a, 0xc6bd, 0xbe9d, 0xbe7d, 0xbe5c, 0xb65c, 0xb65c,
0xb65c, 0xb65c, 0xb65c, 0xb65c, 0xb65c, 0xb65c, 0xb65c, 0xb65c, 0xb65c, 0xb65c,
0xb65c, 0xb65c, 0xb65c, 0xb65c, 0xb65c, 0xb65c, 0xb65c, 0xb65c, 0xb65c, 0xb65c,
0xbe7c, 0xbe7d, 0xc69d, 0x31a7, 0x0000, 0x0000, 0x0841, 0x4228, 0x4228, 0x8473,
0xc69d, 0xbe7d, 0xbe5c, 0xb65c, 0xb65c, 0xb65c, 0xbe5c, 0xbe7d, 0xbe9d, 0x8494,
0x0000, 0x0000, 0x0000, 0x18e3, 0x31a6, 0x31a6, 0x94d4, 0xc69d, 0xbe7d, 0xbe7c,
0xb65c, 0xb65c, 0xb65c, 0xb65c, 0xb65c, 0xb65c, 0xb65c, 0xb65c, 0xb65c, 0xb65c,
0xb65c, 0xb65c, 0xb65c, 0xb65c, 0xb65c, 0xbe7c, 0xbe7d, 0xc69d, 0x8c94, 0x0000,
0x0000, 0x0000, 0x2124, 0x528a, 0x528a, 0x9d16, 0xc69d, 0xbe7d, 0xbe5c, 0xb65c,
0xbe5c, 0xbe7d, 0xbe9d, 0x9d77, 0x0000, 0x0000, 0x0000, 0x18c3, 0x31a6, 0x31a6,
0x8473, 0xc69d, 0xbe7d, 0xbe7d, 0xb65c, 0xb65c, 0xb65c, 0xb65c, 0xb65c, 0xb65c,
0xb65c, 0xb65c, 0xb65c, 0xb65c, 0xb65c, 0xb65c, 0xb65c, 0xb65c, 0xb65c, 0xb65c,
0xb65c, 0xb65c, 0xb65c, 0xb65c, 0xb65c, 0xb65c, 0xb65c, 0xbe7d, 0xbe9d, 0xc69d,
0x0000, 0x0000, 0x0000, 0x18e3, 0x4228, 0x4228, 0xa598, 0xc6bd, 0xc6bd, 0xc6bd,
0x52ec, 0x0000, 0x0000, 0x0000, 0x0000, 0x0861, 0x1082, 0x10a2, 0x8473, 0xc69d,
0xbe7d, 0xbe7d, 0xbe5c, 0xb65c, 0xb65c, 0xb65c, 0xb65c, 0xb65c, 0xb65c, 0xb65c,
0xb65c, 0xb65c, 0xb65c, 0xb65c, 0xb65c, 0xb65c, 
0xb65c, 0xb65c, 0xb65c, 0xbe5c, 0xbe7d, 0xbe9d, 0x9d77, 0x0000, 0x0000, 0x0000,
0x18c3, 0x31a6, 0x31a6, 0x94d4, 0xc69d, 0xbe7d, 0xbe7c, 0xb65c, 0xb65c, 0xb65c,
0xb65c, 0xb65c, 0xb65c, 0xb65c, 0xb65c, 0xb65c, 0xb65c, 0xb65c, 0xb65c, 0xb65c,
0xb65c, 0xb65c, 0xb65c, 0xb65c, 0xb65c, 0xb65c, 0xb65c, 0xb65c, 0xb65c, 0xb65c,
0xbe7c, 0xbe7d, 0xc69d, 0x31a7, 0x0000, 0x0000, 0x0841, 0x4228, 0x4228, 0x8473,
0xc69d, 0xbe7d, 0xbe5c, 0xb65c, 0xb65c, 0xb65c, 0xbe5c, 0xbe7d, 0xc69d, 0x634e,
0x0000, 0x0000, 0x0000, 0x3186, 0x31a6, 0x31a6, 0xbe5b, 0xc69d, 0xbe7d, 0xbe5c,
0xb65c, 0xb65c, 0xb65c, 0xb65c, 0xb65c, 0xb65c, 0xb65c, 0xb65c, 0xb65c, 0xb65c,
0xb65c, 0xb65c, 0xb65c, 0xb65c, 0xb65c, 0xbe5c, 0xbe7d, 0xc69d, 0xc6bd, 0x0000,
0x0000, 0x0000, 0x1082, 0x4a69, 0x4a69, 0x7c11, 0xc69d, 0xbe7d, 0xbe7c, 0xbe5c,
0xbe7c, 0xbe7d, 0xc69d, 0x634e, 0x0000, 0x0000, 0x0000, 0x2965, 0x31a6, 0x31a6,
0xb61a, 0xc69d, 0xbe7d, 0xbe5c, 0xb65c, 0xb65c, 0xb65c, 0xb65c, 0xb65c, 0xb65c,
0xb65c, 0xb65c, 0xb65c, 0xb65c, 0xb65c, 0xb65c, 0xb65c, 0xb65c, 0xb65c, 0xb65c,
0xb65c, 0xb65c, 0xb65c, 0xb65c, 0xb65c, 0xb65c, 0xb65c, 0xbe7d, 0xbe9d, 0xc69d,
0x0000, 0x0000, 0x0000, 0x18e3, 0x4228, 0x4228, 0xa598, 0xc6bd, 0xc6bd, 0x7c32,
0x0000, 0x0000, 0x0000, 0x0000, 0x0861, 0x1082, 0x1082, 0x8453, 0xc69d, 0xbe7d,
0xbe7d, 0xbe5c, 0xb65c, 0xb65c, 0xb65c, 0xb65c, 0xb65c, 0xb65c, 0xb65c, 0xb65c,
0xb65c, 0xb65c, 0xb65c, 0xb65c, 0xb65c, 0xb65c, 
0xb65c, 0xb65c, 0xb65c, 0xbe5c, 0xbe7d, 0xc69d, 0x7c32, 0x0000, 0x0000, 0x0000,
0x2945, 0x39c7, 0x39c7, 0xb61a, 0xc69d, 0xbe7d, 0xbe5c, 0xb65c, 0xb65c, 0xb65c,
0xb65c, 0xb65c, 0xb65c, 0xb65c, 0xb65c, 0xb65c, 0xb65c, 0xb65c, 0xb65c, 0xb65c,
0xb65c, 0xb65c, 0xb65c, 0xb65c, 0xb65c, 0xb65c, 0xb65c, 0xb65c, 0xb65c, 0xb65c,
0xbe7c, 0xbe7d, 0xc69d, 0x31a7, 0x0000, 0x0000, 0x0841, 0x4228, 0x4228, 0x8473,
0xc69d, 0xbe7d, 0xbe5c, 0xb65c, 0xb65c, 0xb65c, 0xbe7c, 0xbe7d, 0xc69d, 0x31a7,
0x0000, 0x0000, 0x0000, 0x39c7, 0x39c7, 0x5b0c, 0xc69d, 0xbe9d, 0xbe7d, 0xb65c,
0xb65c, 0xb65c, 0xb65c, 0xb65c, 0xb65c, 0xb65c, 0xb65c, 0xb65c, 0xb65c, 0xb65c,
0xb65c, 0xb65c, 0xb65c, 0xb65c, 0xb65c, 0xb65c, 0xbe7d, 0xbe9d, 0xc69d, 0x31a7,
0x0000, 0x0000, 0x0000, 0x4228, 0x4a69, 0x6b6e, 0xc69d, 0xbe7d, 0xbe7c, 0xbe5c,
0xbe7c, 0xbe7d, 0xc69d, 0x31a7, 0x0000, 0x0000, 0x0000, 0x31a6, 0x39c7, 0x52ab,
0xc6bd, 0xbe9d, 0xbe7d, 0xbe5c, 0xb65c, 0xb65c, 0xb65c, 0xb65c, 0xb65c, 0xb65c,
0xb65c, 0xb65c, 0xb65c, 0xb65c, 0xb65c, 0xb65c, 0xb65c, 0xb65c, 0xb65c, 0xb65c,
0xb65c, 0xb65c, 0xb65c, 0xb65c, 0xb65c, 0xb65c, 0xb65c, 0xbe7d, 0xbe9d, 0xc69d,
0x0000, 0x0000, 0x0000, 0x18e3, 0x4228, 0x4228, 0xa598, 0xc6bd, 0x7c32, 0x0000,
0x0000, 0x0000, 0x0000, 0x0861, 0x1082, 0x1082, 0x8453, 0xc69d, 0xbe9d, 0xbe7d,
0xbe5c, 0xb65c, 0xb65c, 0xb65c, 0xb65c, 0xb65c, 0xb65c, 0xb65c, 0xb65c, 0xb65c,
0xb65c, 0xb65c, 0xb65c, 0xb65c, 0xb65c, 0xb65c, 
0xb65c, 0xb65c, 0xb65c, 0xbe5c, 0xbe7d, 0xc69d, 0x634e, 0x0000, 0x0000, 0x0000,
0x39c7, 0x39e7, 0x4a8a, 0xc6bd, 0xbe9d, 0xbe7d, 0xbe5c, 0xb65c, 0xb65c, 0xb65c,
0xb65c, 0xb65c, 0xb65c, 0xb65c, 0xb65c, 0xb65c, 0xb65c, 0xb65c, 0xb65c, 0xb65c,
0xb65c, 0xb65c, 0xb65c, 0xb65c, 0xb65c, 0xb65c, 0xb65c, 0xb65c, 0xb65c, 0xb65c,
0xbe7c, 0xbe7d, 0xc69d, 0x31a7, 0x0000, 0x0000, 0x0841, 0x4228, 0x4228, 0x8473,
0xc69d, 0xbe7d, 0xbe5c, 0xb65c, 0xb65c, 0xb65c, 0xbe7c, 0xbe7d, 0xc69d, 0x18c3,
0x0000, 0x0000, 0x0841, 0x4208, 0x4208, 0x7c11, 0xc69d, 0xbe7d, 0xbe7c, 0xb65c,
0xb65c, 0xb65c, 0xb65c, 0xb65c, 0xb65c, 0xb65c, 0xb65c, 0xb65c, 0xb65c, 0xb65c,
0xb65c, 0xb65c, 0xb65c, 0xb65c, 0xb65c, 0xb65c, 0xbe7c, 0xbe7d, 0xc69d, 0x52ec,
0x0000, 0x0000, 0x0000, 0x4208, 0x4a69, 0x5aeb, 0xc69d, 0xbe7d, 0xbe7d, 0xbe7c,
0xbe7d, 0xbe7d, 0xc69d, 0x18c3, 0x0000, 0x0000, 0x0020, 0x39e7, 0x39e7, 0x7c11,
0xc69d, 0xbe7d, 0xbe7c, 0xb65c, 0xb65c, 0xb65c, 0xb65c, 0xb65c, 0xb65c, 0xb65c,
0xb65c, 0xb65c, 0xb65c, 0xb65c, 0xb65c, 0xb65c, 0xb65c, 0xb65c, 0xb65c, 0xb65c,
0xb65c, 0xb65c, 0xb65c, 0xb65c, 0xb65c, 0xb65c, 0xb65c, 0xbe7d, 0xbe9d, 0xc69d,
0x0000, 0x0000, 0x0000, 0x18e3, 0x4a49, 0x4a49, 0xa577, 0x8c94, 0x0000, 0x0000,
0x0000, 0x0000, 0x0861, 0x1082, 0x1082, 0x8453, 0xc69d, 0xbe9d, 0xbe7d, 0xbe5c,
0xb65c, 0xb65c, 0xb65c, 0xb65c, 0xb65c, 0xb65c, 0xb65c, 0xb65c, 0xb65c, 0xb65c,
0xb65c, 0xb65c, 0xb65c, 0xb65c, 0xb65c, 0xb65c, 
0xb65c, 0xb65c, 0xb65c, 0xbe7c, 0xbe7d, 0xc69d, 0x31a7, 0x0000, 0x0000, 0x0000,
0x4208, 0x4208, 0x632d, 0xc69d, 0xbe7d, 0xbe7d, 0xb65c, 0xb65c, 0xb65c, 0xb65c,
0xb65c, 0xb65c, 0xb65c, 0xb65c, 0xb65c, 0xb65c, 0xb65c, 0xb65c, 0xb65c, 0xb65c,
0xb65c, 0xb65c, 0xb65c, 0xb65c, 0xb65c, 0xb65c, 0xb65c, 0xb65c, 0xb65c, 0xb65c,
0xbe7c, 0xbe7d, 0xc69d, 0x31a7, 0x0000, 0x0000, 0x0841, 0x4228, 0x4228, 0x8473,
0xc69d, 0xbe7d, 0xbe5c, 0xb65c, 0xb65c, 0xb65c, 0xbe7c, 0xbe7d, 0xc69d, 0x0000,
0x0000, 0x0000, 0x1082, 0x4208, 0x4208, 0x8452, 0xc69d, 0xbe7d, 0xbe7c, 0xb65c,
0xb65c, 0xb65c, 0xb65c, 0xb65c, 0xb65c, 0xb65c, 0xb65c, 0xb65c, 0xb65c, 0xb65c,
0xb65c, 0xb65c, 0xb65c, 0xb65c, 0xb65c, 0xb65c, 0xbe7c, 0xbe7d, 0xc69d, 0x634e,
0x0000, 0x0000, 0x0000, 0x39c7, 0x4a49, 0x4a49, 0xc69d, 0xbe7d, 0xbe7d, 0xbe7c,
0xbe7d, 0xbe7d, 0xc69d, 0x0000, 0x0000, 0x0000, 0x1082, 0x4208, 0x4208, 0x8cb4,
0xc69d, 0xbe7d, 0xbe7c, 0xb65c, 0xb65c, 0xb65c, 0xb65c, 0xb65c, 0xb65c, 0xb65c,
0xb65c, 0xb65c, 0xb65c, 0xb65c, 0xb65c, 0xb65c, 0xb65c, 0xb65c, 0xb65c, 0xb65c,
0xb65c, 0xb65c, 0xb65c, 0xb65c, 0xb65c, 0xb65c, 0xb65c, 0xbe7d, 0xbe9d, 0xc69d,
0x0000, 0x0000, 0x0000, 0x18e3, 0x4a69, 0x4a69, 0x8452, 0x0861, 0x0000, 0x0000,
0x0000, 0x18c3, 0x18c3, 0x1082, 0x8453, 0xc6bd, 0xc69d, 0xbe7d, 0xbe7c, 0xb65c,
0xb65c, 0xb65c, 0xb65c, 0xb65c, 0xb65c, 0xb65c, 0xb65c, 0xb65c, 0xb65c, 0xb65c,
0xb65c, 0xb65c, 0xb65c, 0xb65c, 0xb65c, 0xb65c, 
0xb65c, 0xb65c, 0xb65c, 0xbe7c, 0xbe7d, 0xc69d, 0x31a7, 0x0000, 0x0000, 0x0000,
0x4208, 0x4208, 0x73d0, 0xc69d, 0xbe7d, 0xbe7c, 0xb65c, 0xb65c, 0xb65c, 0xb65c,
0xb65c, 0xb65c, 0xb65c, 0xb65c, 0xb65c, 0xb65c, 0xb65c, 0xb65c, 0xb65c, 0xb65c,
0xb65c, 0xb65c, 0xb65c, 0xb65c, 0xb65c, 0xb65c, 0xb65c, 0xb65c, 0xb65c, 0xb65c,
0xbe7c, 0xbe7d, 0xc69d, 0x31a7, 0x0000, 0x0000, 0x0841, 0x4228, 0x4228, 0x8473,
0xc69d, 0xbe7d, 0xbe5c, 0xb65c, 0xb65c, 0xb65c, 0xbe7c, 0xbe7d, 0xc69d, 0x0000,
0x0000, 0x0000, 0x10a2, 0x4208, 0x4208, 0x9d36, 0xc69d, 0xbe7d, 0xbe5c, 0xb65c,
0xb65c, 0xb65c, 0xb65c, 0xb65c, 0xb65c, 0xb65c, 0xb65c, 0xb65c, 0xb65c, 0xb65c,
0xb65c, 0xb65c, 0xb65c, 0xb65c, 0xb65c, 0xb65c, 0xbe5c, 0xbe7d, 0xc69d, 0x634e,
0x0000, 0x0000, 0x0000, 0x31a6, 0x4228, 0x4228, 0xc69d, 0xbe9d, 0xbe7d, 0xbe7d,
0xbe7d, 0xbe9d, 0xbe3b, 0x0000, 0x0000, 0x0000, 0x18e3, 0x4208, 0x4208, 0xa598,
0xc69d, 0xbe7d, 0xbe5c, 0xb65c, 0xb65c, 0xb65c, 0xb65c, 0xb65c, 0xb65c, 0xb65c,
0xb65c, 0xb65c, 0xb65c, 0xb65c, 0xb65c, 0xb65c, 0xb65c, 0xb65c, 0xb65c, 0xb65c,
0xb65c, 0xb65c, 0xb65c, 0xb65c, 0xb65c, 0xb65c, 0xb65c, 0xbe7d, 0xbe9d, 0xc69d,
0x0000, 0x0000, 0x0000, 0x1082, 0x528a, 0x4a69, 0x2124, 0x0000, 0x0000, 0x0000,
0x2104, 0x2965, 0x2124, 0x8c93, 0xc6bd, 0xc69d, 0xbe7d, 0xbe7d, 0xbe5c, 0xb65c,
0xb65c, 0xb65c, 0xb65c, 0xb65c, 0xb65c, 0xb65c, 0xb65c, 0xb65c, 0xb65c, 0xb65c,
0xb65c, 0xb65c, 0xb65c, 0xb65c, 0xb65c, 0xb65c, 
0xb65c, 0xb65c, 0xb65c, 0xbe7c, 0xbe7d, 0xc69d, 0x31a7, 0x0000, 0x0000, 0x0020,
0x4208, 0x4208, 0x8472, 0xc69d, 0xbe7d, 0xbe7c, 0xb65c, 0xb65c, 0xb65c, 0xb65c,
0xb65c, 0xb65c, 0xb65c, 0xb65c, 0xb65c, 0xb65c, 0xb65c, 0xb65c, 0xb65c, 0xb65c,
0xb65c, 0xb65c, 0xb65c, 0xb65c, 0xb65c, 0xb65c, 0xb65c, 0xb65c, 0xb65c, 0xb65c,
0xbe7c, 0xbe7d, 0xc69d, 0x31a7, 0x0000, 0x0000, 0x0841, 0x4228, 0x4228, 0x8473,
0xc69d, 0xbe7d, 0xbe5c, 0xb65c, 0xb65c, 0xb65c, 0xbe7d, 0xbe9d, 0xc69d, 0x0000,
0x0000, 0x0000, 0x18c3, 0x4228, 0x4228, 0xa598, 0xc69d, 0xbe7d, 0xbe5c, 0xb65c,
0xb65c, 0xb65c, 0xb65c, 0xb65c, 0xb65c, 0xb65c, 0xb65c, 0xb65c, 0xb65c, 0xb65c,
0xb65c, 0xb65c, 0xb65c, 0xb65c, 0xb65c, 0xb65c, 0xbe5c, 0xbe7d, 0xc69d, 0x8c94,
0x0000, 0x0000, 0x0000, 0x3186, 0x4228, 0x4228, 0xc69d, 0xbe9d, 0xbe7d, 0xbe7d,
0xbe7d, 0xbe9d, 0x94f5, 0x0000, 0x0000, 0x0000, 0x2124, 0x4228, 0x4228, 0xa598,
0xc69d, 0xbe7d, 0xbe5c, 0xb65c, 0xb65c, 0xb65c, 0xb65c, 0xb65c, 0xb65c, 0xb65c,
0xb65c, 0xb65c, 0xb65c, 0xb65c, 0xb65c, 0xb65c, 0xb65c, 0xb65c, 0xb65c, 0xb65c,
0xb65c, 0xb65c, 0xb65c, 0xb65c, 0xb65c, 0xb65c, 0xb65c, 0xbe7d, 0xbe9d, 0xc69d,
0x0000, 0x0000, 0x0000, 0x0020, 0x39e7, 0x2945, 0x0000, 0x0000, 0x0000, 0x0000,
0x2965, 0x4208, 0x52aa, 0xbe7c, 0xc6bd, 0xc69d, 0xbe7d, 0xbe7d, 0xb65c, 0xb65c,
0xb65c, 0xb65c, 0xb65c, 0xb65c, 0xb65c, 0xb65c, 0xb65c, 0xb65c, 0xb65c, 0xb65c,
0xb65c, 0xb65c, 0xb65c, 0xb65c, 0xb65c, 0xb65c, 
0xb65c, 0xb65c, 0xb65c, 0xbe7c, 0xbe7d, 0xc69d, 0x31a7, 0x0000, 0x0000, 0x0841,
0x4228, 0x4228, 0x8473, 0xc69d, 0xbe7d, 0xbe7c, 0xb65c, 0xb65c, 0xb65c, 0xb65c,
0xb65c, 0xb65c, 0xb65c, 0xb65c, 0xb65c, 0xb65c, 0xb65c, 0xb65c, 0xb65c, 0xb65c,
0xb65c, 0xb65c, 0xb65c, 0xb65c, 0xb65c, 0xb65c, 0xb65c, 0xb65c, 0xb65c, 0xb65c,
0xbe7c, 0xbe7d, 0xc69d, 0x31a7, 0x0000, 0x0000, 0x0841, 0x4228, 0x4228, 0x8473,
0xc69d, 0xbe7d, 0xbe5c, 0xb65c, 0xb65c, 0xb65c, 0xbe7d, 0xbe9d, 0xc69d, 0x0000,
0x0000, 0x0000, 0x18e3, 0x4228, 0x4228, 0xa598, 0xc69d, 0xbe7d, 0xbe5c, 0xb65c,
0xb65c, 0xb65c, 0xb65c, 0xb65c, 0xb65c, 0xb65c, 0xb65c, 0xb65c, 0xb65c, 0xb65c,
0xb65c, 0xb65c, 0xb65c, 0xb65c, 0xb65c, 0xb65c, 0xbe5c, 0xbe7d, 0xc69d, 0x8c94,
0x0000, 0x0000, 0x0000, 0x31a6, 0x4228, 0x4228, 0xc69d, 0xbe9d, 0xbe7d, 0xbe7d,
0xbe7d, 0xbe9d, 0x94f5, 0x0000, 0x0000, 0x0000, 0x2124, 0x4228, 0x4228, 0xa598,
0xc69d, 0xbe7d, 0xbe5c, 0xb65c, 0xb65c, 0xb65c, 0xb65c, 0xb65c, 0xb65c, 0xb65c,
0xb65c, 0xb65c, 0xb65c, 0xb65c, 0xb65c, 0xb65c, 0xb65c, 0xb65c, 0xb65c, 0xb65c,
0xb65c, 0xb65c, 0xb65c, 0xb65c, 0xb65c, 0xb65c, 0xb65c, 0xbe7d, 0xbe9d, 0xc69d,
0x0000, 0x0000, 0x0000, 0x0000, 0x2945, 0x1082, 0x0000, 0x0000, 0x0000, 0x0000,
0x2104, 0x4a49, 0x528a, 0x634d, 0xbe7c, 0xc69d, 0xbe9d, 0xbe7d, 0xbe5c, 0xb65c,
0xb65c, 0xb65c, 0xb65c, 0xb65c, 0xb65c, 0xb65c, 0xb65c, 0xb65c, 0xb65c, 0xb65c,
0xb65c, 0xb65c, 0xb65c, 0xb65c, 0xb65c, 0xb65c, 
0xb65c, 0xb65c, 0xb65c, 0xbe7c, 0xbe7d, 0xc69d, 0x31a7, 0x0000, 0x0000, 0x0841,
0x4a49, 0x4a49, 0x8c93, 0xc69d, 0xbe7d, 0xbe7c, 0xb65c, 0xb65c, 0xb65c, 0xb65c,
0xb65c, 0xb65c, 0xb65c, 0xb65c, 0xb65c, 0xb65c, 0xb65c, 0xb65c, 0xb65c, 0xb65c,
0xb65c, 0xb65c, 0xb65c, 0xb65c, 0xb65c, 0xb65c, 0xb65c, 0xb65c, 0xb65c, 0xb65c,
0xbe7c, 0xbe7d, 0xc69d, 0x31a7, 0x0000, 0x0000, 0x0841, 0x4228, 0x4228, 0x8473,
0xc69d, 0xbe7d, 0xbe5c, 0xb65c, 0xb65c, 0xb65c, 0xbe7d, 0xbe9d, 0xc69d, 0x0000,
0x0000, 0x0000, 0x18e3, 0x4a69, 0x4a69, 0xad98, 0xc69d, 0xbe7d, 0xbe5c, 0xb65c,
0xb65c, 0xb65c, 0xb65c, 0xb65c, 0xb65c, 0xb65c, 0xb65c, 0xb65c, 0xb65c, 0xb65c,
0xb65c, 0xb65c, 0xb65c, 0xb65c, 0xb65c, 0xb65c, 0xbe5c, 0xbe7d, 0xc69d, 0x634e,
0x0000, 0x0000, 0x0000, 0x31a6, 0x4228, 0x4228, 0xc69d, 0xbe7d, 0xbe7d, 0xbe7d,
0xbe7d, 0xbe9d, 0x94f5, 0x0000, 0x0000, 0x0000, 0x2124, 0x4228, 0x4228, 0xa598,
0xc69d, 0xbe7d, 0xbe5c, 0xb65c, 0xb65c, 0xb65c, 0xb65c, 0xb65c, 0xb65c, 0xb65c,
0xb65c, 0xb65c, 0xb65c, 0xb65c, 0xb65c, 0xb65c, 0xb65c, 0xb65c, 0xb65c, 0xb65c,
0xb65c, 0xb65c, 0xb65c, 0xb65c, 0xb65c, 0xb65c, 0xb65c, 0xbe7d, 0xbe9d, 0xc69d,
0x0000, 0x0000, 0x0000, 0x0861, 0x39c7, 0x2965, 0x73d0, 0x0861, 0x0000, 0x0000,
0x0000, 0x2945, 0x4a49, 0x4a69, 0x634d, 0xbe7c, 0xc69d, 0xbe7d, 0xbe7c, 0xbe5c,
0xb65c, 0xb65c, 0xb65c, 0xb65c, 0xb65c, 0xb65c, 0xb65c, 0xb65c, 0xb65c, 0xb65c,
0xb65c, 0xb65c, 0xb65c, 0xb65c, 0xb65c, 0xb65c, 
0xb65c, 0xb65c, 0xb65c, 0xbe7c, 0xbe7d, 0xc69d, 0x31a7, 0x0000, 0x0000, 0x0841,
0x4a69, 0x4a69, 0x73af, 0xc69d, 0xbe7d, 0xbe7c, 0xb65c, 0xb65c, 0xb65c, 0xb65c,
0xb65c, 0xb65c, 0xb65c, 0xb65c, 0xb65c, 0xb65c, 0xb65c, 0xb65c, 0xb65c, 0xb65c,
0xb65c, 0xb65c, 0xb65c, 0xb65c, 0xb65c, 0xb65c, 0xb65c, 0xb65c, 0xb65c, 0xb65c,
0xbe7c, 0xbe7d, 0xc69d, 0x31a7, 0x0000, 0x0000, 0x0841, 0x4228, 0x4228, 0x8473,
0xc69d, 0xbe7d, 0xbe5c, 0xb65c, 0xb65c, 0xb65c, 0xbe7c, 0xbe7d, 0xc69d, 0x0000,
0x0000, 0x0000, 0x18c3, 0x4a69, 0x4a69, 0x8c93, 0xc69d, 0xbe7d, 0xbe7c, 0xb65c,
0xb65c, 0xb65c, 0xb65c, 0xb65c, 0xb65c, 0xb65c, 0xb65c, 0xb65c, 0xb65c, 0xb65c,
0xb65c, 0xb65c, 0xb65c, 0xb65c, 0xb65c, 0xb65c, 0xbe7c, 0xbe7d, 0xc69d, 0x634e,
0x0000, 0x0000, 0x0000, 0x31a6, 0x4208, 0x4208, 0xc69d, 0xbe7d, 0xbe7d, 0xbe7d,
0xbe7d, 0xbe9d, 0x9d77, 0x0000, 0x0000, 0x0000, 0x2104, 0x4a69, 0x4a69, 0xad98,
0xc69d, 0xbe7d, 0xbe5c, 0xb65c, 0xb65c, 0xb65c, 0xb65c, 0xb65c, 0xb65c, 0xb65c,
0xb65c, 0xb65c, 0xb65c, 0xb65c, 0xb65c, 0xb65c, 0xb65c, 0xb65c, 0xb65c, 0xb65c,
0xb65c, 0xb65c, 0xb65c, 0xb65c, 0xb65c, 0xb65c, 0xb65c, 0xbe7d, 0xbe9d, 0xc69d,
0x0000, 0x0000, 0x0000, 0x18c3, 0x4208, 0x4208, 0x9d36, 0x7c32, 0x0000, 0x0000,
0x0000, 0x0000, 0x2965, 0x4a69, 0x4a69, 0x634d, 0xbe7c, 0xc69d, 0xbe7d, 0xbe7c,
0xb65c, 0xb65c, 0xb65c, 0xb65c, 0xb65c, 0xb65c, 0xb65c, 0xb65c, 0xb65c, 0xb65c,
0xb65c, 0xb65c, 0xb65c, 0xb65c, 0xb65c, 0xb65c, 
0xb65c, 0xb65c, 0xb65c, 0xbe7c, 0xbe7d, 0xc69d, 0x31a7, 0x0000, 0x0000, 0x0000,
0x4228, 0x4a69, 0x6b6e, 0xc69d, 0xbe9d, 0xbe7d, 0xb65c, 0xb65c, 0xb65c, 0xb65c,
0xb65c, 0xb65c, 0xb65c, 0xb65c, 0xb65c, 0xb65c, 0xb65c, 0xb65c, 0xb65c, 0xb65c,
0xb65c, 0xb65c, 0xb65c, 0xb65c, 0xb65c, 0xb65c, 0xb65c, 0xb65c, 0xb65c, 0xb65c,
0xbe7c, 0xbe7d, 0xc69d, 0x31a7, 0x0000, 0x0000, 0x0841, 0x4228, 0x4228, 0x8473,
0xc69d, 0xbe7d, 0xbe5c, 0xb65c, 0xb65c, 0xb65c, 0xbe7c, 0xbe7d, 0xc69d, 0x0000,
0x0000, 0x0000, 0x1082, 0x4a69, 0x4a69, 0x8c93, 0xc69d, 0xbe7d, 0xbe7c, 0xb65c,
0xb65c, 0xb65c, 0xb65c, 0xb65c, 0xb65c, 0xb65c, 0xb65c, 0xb65c, 0xb65c, 0xb65c,
0xb65c, 0xb65c, 0xb65c, 0xb65c, 0xb65c, 0xb65c, 0xbe7c, 0xbe7d, 0xc69d, 0x52ec,
0x0000, 0x0000, 0x0000, 0x39e7, 0x4208, 0x632d, 0xc69d, 0xbe7d, 0xbe7d, 0xbe7c,
0xbe7d, 0xbe9d, 0xc69d, 0x0000, 0x0000, 0x0000, 0x18e3, 0x4a69, 0x4a69, 0x8c93,
0xc69d, 0xbe7d, 0xbe7c, 0xb65c, 0xb65c, 0xb65c, 0xb65c, 0xb65c, 0xb65c, 0xb65c,
0xb65c, 0xb65c, 0xb65c, 0xb65c, 0xb65c, 0xb65c, 0xb65c, 0xb65c, 0xb65c, 0xb65c,
0xb65c, 0xb65c, 0xb65c, 0xb65c, 0xb65c, 0xb65c, 0xb65c, 0xbe7d, 0xbe9d, 0xc69d,
0x0000, 0x0000, 0x0000, 0x18e3, 0x4228, 0x4228, 0xa577, 0xc6bd, 0x7c32, 0x0000,
0x0000, 0x0000, 0x0000, 0x3186, 0x4a69, 0x4a69, 0x634d, 0xbe7c, 0xc69d, 0xbe7d,
0xbe7c, 0xb65c, 0xb65c, 0xb65c, 0xb65c, 0xb65c, 0xb65c, 0xb65c, 0xb65c, 0xb65c,
0xb65c, 0xb65c, 0xb65c, 0xb65c, 0xb65c, 0xb65c, 
0xb65c, 0xb65c, 0xb65c, 0xbe5c, 0xbe7d, 0xc69d, 0x4a8b, 0x0000, 0x0000, 0x0000,
0x39e7, 0x4a69, 0x528a, 0xc6bd, 0xbe9d, 0xbe7d, 0xbe5c, 0xb65c, 0xb65c, 0xb65c,
0xb65c, 0xb65c, 0xb65c, 0xb65c, 0xb65c, 0xb65c, 0xb65c, 0xb65c, 0xb65c, 0xb65c,
0xb65c, 0xb65c, 0xb65c, 0xb65c, 0xb65c, 0xb65c, 0xb65c, 0xb65c, 0xb65c, 0xb65c,
0xbe7c, 0xbe7d, 0xc69d, 0x31a7, 0x0000, 0x0000, 0x0841, 0x4228, 0x4228, 0x8473,
0xc69d, 0xbe7d, 0xbe5c, 0xb65c, 0xb65c, 0xb65c, 0xbe7c, 0xbe7d, 0xc69d, 0x31a7,
0x0000, 0x0000, 0x0020, 0x4a49, 0x528a, 0x6b8e, 0xc69d, 0xbe9d, 0xbe7d, 0xb65c,
0xb65c, 0xb65c, 0xb65c, 0xb65c, 0xb65c, 0xb65c, 0xb65c, 0xb65c, 0xb65c, 0xb65c,
0xb65c, 0xb65c, 0xb65c, 0xb65c, 0xb65c, 0xb65c, 0xbe7d, 0xbe9d, 0xc69d, 0x31a7,
0x0000, 0x0000, 0x0020, 0x39e7, 0x4208, 0x6b6e, 0xc69d, 0xbe7d, 0xbe7c, 0xbe7c,
0xbe7d, 0xbe7d, 0xc69d, 0x0000, 0x0000, 0x0000, 0x0861, 0x4a69, 0x4a69, 0x7c11,
0xc69d, 0xbe7d, 0xbe7c, 0xb65c, 0xb65c, 0xb65c, 0xb65c, 0xb65c, 0xb65c, 0xb65c,
0xb65c, 0xb65c, 0xb65c, 0xb65c, 0xb65c, 0xb65c, 0xb65c, 0xb65c, 0xb65c, 0xb65c,
0xb65c, 0xb65c, 0xb65c, 0xb65c, 0xb65c, 0xb65c, 0xb65c, 0xbe7d, 0xbe9d, 0xc69d,
0x0000, 0x0000, 0x0000, 0x18e3, 0x4228, 0x4228, 0xa598, 0xc6bd, 0xc6bd, 0x7c32,
0x0000, 0x0000, 0x0000, 0x0000, 0x3186, 0x4a69, 0x4a69, 0x634d, 0xbe5c, 0xc69d,
0xbe7d, 0xbe7c, 0xb65c, 0xb65c, 0xb65c, 0xb65c, 0xb65c, 0xb65c, 0xb65c, 0xb65c,
0xb65c, 0xb65c, 0xb65c, 0xb65c, 0xb65c, 0xb65c, 
0xb65c, 0xb65c, 0xb65c, 0xbe5c, 0xbe7d, 0xc69d, 0x6bb0, 0x0000, 0x0000, 0x0000,
0x3186, 0x4a69, 0x528a, 0xb5f9, 0xc69d, 0xbe7d, 0xbe7c, 0xb65c, 0xb65c, 0xb65c,
0xb65c, 0xb65c, 0xb65c, 0xb65c, 0xb65c, 0xb65c, 0xb65c, 0xb65c, 0xb65c, 0xb65c,
0xb65c, 0xb65c, 0xb65c, 0xb65c, 0xb65c, 0xb65c, 0xb65c, 0xb65c, 0xb65c, 0xb65c,
0xbe7c, 0xbe7d, 0xc69d, 0x31a7, 0x0000, 0x0000, 0x0841, 0x4228, 0x4228, 0x8473,
0xc69d, 0xbe7d, 0xbe5c, 0xb65c, 0xb65c, 0xb65c, 0xbe5c, 0xbe7d, 0xc69d, 0x4a8b,
0x0000, 0x0000, 0x0000, 0x39e7, 0x528a, 0x528a, 0xc6bd, 0xc69d, 0xbe7d, 0xbe5c,
0xb65c, 0xb65c, 0xb65c, 0xb65c, 0xb65c, 0xb65c, 0xb65c, 0xb65c, 0xb65c, 0xb65c,
0xb65c, 0xb65c, 0xb65c, 0xb65c, 0xb65c, 0xbe5c, 0xbe7d, 0xc69d, 0xc6bd, 0x0000,
0x0000, 0x0000, 0x1082, 0x39c7, 0x39c7, 0x8432, 0xc69d, 0xbe7d, 0xbe7c, 0xbe5c,
0xbe7c, 0xbe7d, 0xc69d, 0x31a7, 0x0000, 0x0000, 0x0000, 0x4228, 0x528a, 0x630c,
0xc6bd, 0xbe9d, 0xbe7d, 0xbe5c, 0xb65c, 0xb65c, 0xb65c, 0xb65c, 0xb65c, 0xb65c,
0xb65c, 0xb65c, 0xb65c, 0xb65c, 0xb65c, 0xb65c, 0xb65c, 0xb65c, 0xb65c, 0xb65c,
0xb65c, 0xb65c, 0xb65c, 0xb65c, 0xb65c, 0xb65c, 0xb65c, 0xbe7d, 0xbe9d, 0xc69d,
0x0000, 0x0000, 0x0000, 0x18e3, 0x4228, 0x4228, 0xa598, 0xc6bd, 0xc6bd, 0xc6bd,
0x4a8b, 0x0000, 0x0000, 0x0000, 0x0000, 0x31a6, 0x528a, 0x528a, 0x7c31, 0xc69d,
0xbe9d, 0xbe7d, 0xbe7c, 0xb65c, 0xb65c, 0xb65c, 0xb65c, 0xb65c, 0xb65c, 0xb65c,
0xb65c, 0xb65c, 0xb65c, 0xb65c, 0xb65c, 0xb65c, 
0xb65c, 0xb65c, 0xb65c, 0xbe5c, 0xbe7d, 0xbe9d, 0x94f5, 0x0000, 0x0000, 0x0000,
0x18e3, 0x528a, 0x528a, 0x8472, 0xc69d, 0xbe9d, 0xbe7d, 0xb65c, 0xb65c, 0xb65c,
0xb65c, 0xb65c, 0xb65c, 0xb65c, 0xb65c, 0xb65c, 0xb65c, 0xb65c, 0xb65c, 0xb65c,
0xb65c, 0xb65c, 0xb65c, 0xb65c, 0xb65c, 0xb65c, 0xb65c, 0xb65c, 0xb65c, 0xb65c,
0xbe7c, 0xbe7d, 0xc69d, 0x31a7, 0x0000, 0x0000, 0x0841, 0x4228, 0x4228, 0x8473,
0xc69d, 0xbe7d, 0xbe5c, 0xb65c, 0xb65c, 0xb65c, 0xbe5c, 0xbe7d, 0xc69d, 0x6bb0,
0x0000, 0x0000, 0x0000, 0x2965, 0x528a, 0x528a, 0xa577, 0xc69d, 0xbe7d, 0xbe7c,
0xb65c, 0xb65c, 0xb65c, 0xb65c, 0xb65c, 0xb65c, 0xb65c, 0xb65c, 0xb65c, 0xb65c,
0xb65c, 0xb65c, 0xb65c, 0xb65c, 0xb65c, 0xbe7c, 0xbe7d, 0xc69d, 0x8c94, 0x0000,
0x0000, 0x0000, 0x2124, 0x31a6, 0x39c7, 0xadb9, 0xbe9d, 0xbe7d, 0xbe5c, 0xbe5c,
0xbe7c, 0xbe7d, 0xc69d, 0x52ec, 0x0000, 0x0000, 0x0000, 0x31a6, 0x528a, 0x528a,
0xb5f9, 0xc69d, 0xbe7d, 0xbe7c, 0xb65c, 0xb65c, 0xb65c, 0xb65c, 0xb65c, 0xb65c,
0xb65c, 0xb65c, 0xb65c, 0xb65c, 0xb65c, 0xb65c, 0xb65c, 0xb65c, 0xb65c, 0xb65c,
0xb65c, 0xb65c, 0xb65c, 0xb65c, 0xb65c, 0xb65c, 0xb65c, 0xbe7d, 0xbe9d, 0xc69d,
0x0000, 0x0000, 0x0000, 0x18e3, 0x4228, 0x4228, 0xa598, 0xc6bd, 0xc69d, 0xc69d,
0xc6bd, 0x4a8b, 0x0000, 0x0000, 0x0000, 0x0000, 0x39c7, 0x528a, 0x52aa, 0x7c31,
0xc69d, 0xbe9d, 0xbe7d, 0xbe7c, 0xb65c, 0xb65c, 0xb65c, 0xb65c, 0xb65c, 0xb65c,
0xb65c, 0xb65c, 0xb65c, 0xb65c, 0xb65c, 0xb65c, 
0xb65c, 0xb65c, 0xb65c, 0xb65c, 0xbe7c, 0xbe7d, 0xc69d, 0x0861, 0x0000, 0x0000,
0x0000, 0x4228, 0x528a, 0x5aeb, 0xbe7c, 0xc69d, 0xbe7d, 0xbe7c, 0xb65c, 0xb65c,
0xb65c, 0xb65c, 0xb65c, 0xb65c, 0xb65c, 0xb65c, 0xb65c, 0xb65c, 0xb65c, 0xb65c,
0xb65c, 0xb65c, 0xb65c, 0xb65c, 0xb65c, 0xb65c, 0xb65c, 0xb65c, 0xb65c, 0xb65c,
0xbe7c, 0xbe7d, 0xc69d, 0x31a7, 0x0000, 0x0000, 0x0841, 0x4228, 0x4228, 0x8473,
0xc69d, 0xbe7d, 0xbe5c, 0xb65c, 0xb65c, 0xb65c, 0xbe5c, 0xbe7d, 0xbe9d, 0xadd9,
0x0000, 0x0000, 0x0000, 0x1082, 0x4a69, 0x528a, 0x73af, 0xc6bd, 0xbe9d, 0xbe7d,
0xbe5c, 0xb65c, 0xb65c, 0xb65c, 0xb65c, 0xb65c, 0xb65c, 0xb65c, 0xb65c, 0xb65c,
0xb65c, 0xb65c, 0xb65c, 0xb65c, 0xbe5c, 0xbe7d, 0xbe9d, 0xc69d, 0x4a8b, 0x0000,
0x0000, 0x0000, 0x2965, 0x3186, 0x3a08, 0xc69d, 0xbe7d, 0xbe7c, 0xbe5c, 0xb65c,
0xbe5c, 0xbe7d, 0xbe9d, 0x8494, 0x0000, 0x0000, 0x0000, 0x18e3, 0x528a, 0x528a,
0x8431, 0xc69d, 0xbe9d, 0xbe7d, 0xbe5c, 0xb65c, 0xb65c, 0xb65c, 0xb65c, 0xb65c,
0xb65c, 0xb65c, 0xb65c, 0xb65c, 0xb65c, 0xb65c, 0xb65c, 0xb65c, 0xb65c, 0xb65c,
0xb65c, 0xb65c, 0xb65c, 0xb65c, 0xb65c, 0xb65c, 0xb65c, 0xbe7d, 0xbe9d, 0xc69d,
0x0000, 0x0000, 0x0000, 0x18e3, 0x4228, 0x4228, 0xa598, 0xc69d, 0xc69d, 0xc69d,
0xc69d, 0xc69d, 0x4a8b, 0x0000, 0x0000, 0x0000, 0x0020, 0x39c7, 0x4a69, 0x52aa,
0x7c31, 0xc69d, 0xbe9d, 0xbe7d, 0xbe7c, 0xb65c, 0xb65c, 0xb65c, 0xb65c, 0xb65c,
0xb65c, 0xb65c, 0xb65c, 0xb65c, 0xb65c, 0xb65c, 
0xb65c, 0xb65c, 0xb65c, 0xb65c, 0xbe7c, 0xbe7d, 0xc69d, 0x4a8b, 0x0000, 0x0000,
0x0000, 0x3186, 0x528a, 0x528a, 0x8cb4, 0xc69d, 0xbe9d, 0xbe7d, 0xbe5c, 0xb65c,
0xb65c, 0xb65c, 0xb65c, 0xb65c, 0xb65c, 0xb65c, 0xb65c, 0xb65c, 0xb65c, 0xb65c,
0xb65c, 0xb65c, 0xb65c, 0xb65c, 0xb65c, 0xb65c, 0xb65c, 0xb65c, 0xb65c, 0xb65c,
0xbe7c, 0xbe7d, 0xc69d, 0x31a7, 0x0000, 0x0000, 0x0841, 0x4228, 0x4228, 0x8473,
0xc69d, 0xbe7d, 0xbe5c, 0xb65c, 0xb65c, 0xb65c, 0xb65c, 0xbe7c, 0xbe7d, 0xc69d,
0x2125, 0x0000, 0x0000, 0x0000, 0x39c7, 0x528a, 0x52aa, 0xadb8, 0xc69d, 0xbe7d,
0xbe7d, 0xbe5c, 0xb65c, 0xb65c, 0xb65c, 0xb65c, 0xb65c, 0xb65c, 0xb65c, 0xb65c,
0xb65c, 0xb65c, 0xb65c, 0xb65c, 0xbe7c, 0xbe7d, 0xc69d, 0xadd9, 0x0000, 0x0000,
0x0000, 0x1082, 0x2965, 0x2965, 0x73d0, 0xc69d, 0xbe7d, 0xbe5c, 0xb65c, 0xb65c,
0xb65c, 0xbe7c, 0xbe7d, 0xc69d, 0x0861, 0x0000, 0x0000, 0x0000, 0x4208, 0x528a,
0x52aa, 0xb5f9, 0xc69d, 0xbe7d, 0xbe7d, 0xbe5c, 0xb65c, 0xb65c, 0xb65c, 0xb65c,
0xb65c, 0xb65c, 0xb65c, 0xb65c, 0xb65c, 0xb65c, 0xb65c, 0xb65c, 0xb65c, 0xb65c,
0xb65c, 0xb65c, 0xb65c, 0xb65c, 0xb65c, 0xb65c, 0xb65c, 0xbe7d, 0xbe9d, 0xc69d,
0x0000, 0x0000, 0x0000, 0x18e3, 0x4228, 0x4228, 0xa598, 0xc69d, 0xbe9d, 0xbe7d,
0xbe7d, 0xc69d, 0xbe3b, 0x2125, 0x0000, 0x0000, 0x0000, 0x0020, 0x39c7, 0x4a69,
0x52aa, 0x7c31, 0xc69d, 0xbe9d, 0xbe7d, 0xbe7c, 0xb65c, 0xb65c, 0xb65c, 0xb65c,
0xb65c, 0xb65c, 0xb65c, 0xb65c, 0xb65c, 0xb65c, 
0xb65c, 0xb65c, 0xb65c, 0xb65c, 0xbe5c, 0xbe7d, 0xbe9d, 0x94f5, 0x0000, 0x0000,
0x0000, 0x0841, 0x4228, 0x528a, 0x5aeb, 0xb5f9, 0xc69d, 0xbe9d, 0xbe7d, 0xbe5c,
0xb65c, 0xb65c, 0xb65c, 0xb65c, 0xb65c, 0xb65c, 0xb65c, 0xb65c, 0xb65c, 0xb65c,
0xb65c, 0xb65c, 0xbe5c, 0xbe5c, 0xb65c, 0xb65c, 0xb65c, 0xb65c, 0xb65c, 0xb65c,
0xbe7c, 0xbe7d, 0xc69d, 0x31a7, 0x0000, 0x0000, 0x0841, 0x4228, 0x4228, 0x8473,
0xc69d, 0xbe7d, 0xbe5c, 0xb65c, 0xb65c, 0xb65c, 0xb65c, 0xbe5c, 0xbe7d, 0xc69d,
0x7c32, 0x0000, 0x0000, 0x0000, 0x18c3, 0x4a49, 0x528a, 0x632c, 0xbe7c, 0xc69d,
0xbe7d, 0xbe7d, 0xbe5c, 0xb65c, 0xb65c, 0xb65c, 0xb65c, 0xb65c, 0xb65c, 0xb65c,
0xb65c, 0xb65c, 0xbe5c, 0xbe7c, 0xbe7d, 0xc69d, 0xc6bd, 0x3a09, 0x0000, 0x0000,
0x0000, 0x18e3, 0x2945, 0x2965, 0xb5fa, 0xbe9d, 0xbe7d, 0xbe5c, 0xb65c, 0xb65c,
0xb65c, 0xbe5c, 0xbe7d, 0xc69d, 0x52ec, 0x0000, 0x0000, 0x0000, 0x2124, 0x4a69,
0x528a, 0x6b6e, 0xc6bd, 0xc69d, 0xbe7d, 0xbe7d, 0xbe5c, 0xb65c, 0xb65c, 0xb65c,
0xb65c, 0xb65c, 0xb65c, 0xb65c, 0xb65c, 0xb65c, 0xb65c, 0xb65c, 0xbe5c, 0xbe5c,
0xbe5c, 0xb65c, 0xb65c, 0xb65c, 0xb65c, 0xb65c, 0xb65c, 0xbe7d, 0xbe9d, 0xc69d,
0x0000, 0x0000, 0x0000, 0x18e3, 0x4228, 0x4228, 0xa598, 0xc69d, 0xbe7d, 0xbe7d,
0xbe7d, 0xbe7d, 0xc69d, 0xbe3b, 0x2125, 0x0000, 0x0000, 0x0000, 0x0841, 0x39c7,
0x4a69, 0x52aa, 0x7c31, 0xc69d, 0xbe9d, 0xbe7d, 0xbe7c, 0xb65c, 0xb65c, 0xb65c,
0xb65c, 0xb65c, 0xb65c, 0xb65c, 0xb65c, 0xb65c, 
0xb65c, 0xb65c, 0xb65c, 0xb65c, 0xb65c, 0xbe7c, 0xbe7d, 0xc69d, 0x31a7, 0x0000,
0x0000, 0x0000, 0x2945, 0x528a, 0x528a, 0x634d, 0xbe7c, 0xc69d, 0xbe9d, 0xbe7d,
0xbe7c, 0xbe5c, 0xbe5c, 0xb65c, 0xb65c, 0xb65c, 0xb65c, 0xbe5c, 0xbe5c, 0xbe7c,
0xbe7c, 0xbe7d, 0xbe7d, 0xbe7c, 0xbe7c, 0xbe5c, 0xb65c, 0xb65c, 0xb65c, 0xb65c,
0xbe7c, 0xbe7d, 0xc69d, 0x31a7, 0x0000, 0x0000, 0x0841, 0x4228, 0x4228, 0x8473,
0xc69d, 0xbe7d, 0xbe5c, 0xb65c, 0xb65c, 0xb65c, 0xb65c, 0xb65c, 0xbe7d, 0xbe7d,
0xc69d, 0x18c3, 0x0000, 0x0000, 0x0000, 0x31a6, 0x528a, 0x528a, 0x7c31, 0xc6bd,
0xc69d, 0xbe7d, 0xbe7d, 0xbe7c, 0xbe5c, 0xbe5c, 0xb65c, 0xb65c, 0xb65c, 0xb65c,
0xbe5c, 0xbe7c, 0xbe7d, 0xbe7d, 0xc69d, 0xc6bd, 0x7c32, 0x0000, 0x0000, 0x0000,
0x1082, 0x2104, 0x2124, 0x634e, 0xc69d, 0xbe7d, 0xbe7c, 0xb65c, 0xb65c, 0xb65c,
0xb65c, 0xbe5c, 0xbe7d, 0xbe9d, 0xadd9, 0x0000, 0x0000, 0x0000, 0x0000, 0x39c7,
0x528a, 0x52aa, 0x7c31, 0xc6bd, 0xc69d, 0xbe7d, 0xbe7d, 0xbe7c, 0xbe5c, 0xbe5c,
0xb65c, 0xb65c, 0xb65c, 0xb65c, 0xbe5c, 0xbe5c, 0xbe7c, 0xbe7c, 0xbe7d, 0xbe7d,
0xbe7c, 0xbe5c, 0xbe5c, 0xb65c, 0xb65c, 0xb65c, 0xb65c, 0xbe7d, 0xbe9d, 0xc69d,
0x0000, 0x0000, 0x0000, 0x18e3, 0x4228, 0x4228, 0xa598, 0xc69d, 0xbe7d, 0xbe7c,
0xbe7c, 0xbe7c, 0xbe7d, 0xc69d, 0xbe3b, 0x2125, 0x0000, 0x0000, 0x0000, 0x0841,
0x39c7, 0x4a69, 0x52aa, 0x7c31, 0xc69d, 0xbe9d, 0xbe7d, 0xbe5c, 0xb65c, 0xb65c,
0xb65c, 0xb65c, 0xb65c, 0xb65c, 0xb65c, 0xb65c, 
0xb65c, 0xb65c, 0xb65c, 0xb65c, 0xb65c, 0xbe5c, 0xbe7d, 0xbe9d, 0x9d77, 0x0000,
0x0000, 0x0000, 0x0000, 0x31a6, 0x528a, 0x528a, 0x634d, 0xb63a, 0xc69d, 0xc69d,
0xbe7d, 0xbe7d, 0xbe7d, 0xbe7d, 0xbe7c, 0xbe7c, 0xbe7d, 0xbe7d, 0xbe7d, 0xbe7d,
0xbe7d, 0xbe7d, 0xbe7d, 0x8cb4, 0x8473, 0xbe7c, 0xbe5c, 0xb65c, 0xb65c, 0xb65c,
0xbe7c, 0xbe7d, 0xc69d, 0x31a7, 0x0000, 0x0000, 0x0841, 0x4228, 0x4228, 0x8473,
0xc69d, 0xbe7d, 0xbe5c, 0xb65c, 0xb65c, 0xb65c, 0xb65c, 0xb65c, 0xbe5c, 0xbe7d,
0xc69d, 0x7c32, 0x0000, 0x0000, 0x0000, 0x0000, 0x39e7, 0x528a, 0x52aa, 0x7c11,
0xc6bd, 0xc69d, 0xbe9d, 0xbe7d, 0xbe7d, 0xbe7d, 0xbe7d, 0xbe7c, 0xbe7d, 0xbe7d,
0xbe7d, 0xbe7d, 0xbe9d, 0xc69d, 0xc6bd, 0x7c32, 0x0000, 0x0000, 0x0000, 0x0000,
0x18c3, 0x2104, 0x2986, 0xb5fa, 0xbe9d, 0xbe7d, 0xbe5c, 0xb65c, 0xb65c, 0xb65c,
0xb65c, 0xb65c, 0xbe7c, 0xbe7d, 0xc69d, 0x634e, 0x0000, 0x0000, 0x0000, 0x0020,
0x39e7, 0x528a, 0x52aa, 0x7c11, 0xc6bd, 0xc69d, 0xbe9d, 0xbe7d, 0xbe7d, 0xbe7d,
0xbe7d, 0xbe7c, 0xbe7d, 0xbe7d, 0xbe7d, 0xbe7d, 0xbe7d, 0xbe7d, 0xbe7d, 0xb61b,
0x636f, 0x9d58, 0xbe7c, 0xbe5c, 0xb65c, 0xb65c, 0xb65c, 0xbe7d, 0xbe9d, 0xc69d,
0x0000, 0x0000, 0x0000, 0x18e3, 0x4228, 0x4228, 0xa598, 0xc69d, 0xbe7d, 0xbe5c,
0xbe5c, 0xbe5c, 0xbe7c, 0xbe7d, 0xc69d, 0xa577, 0x0861, 0x0000, 0x0000, 0x0000,
0x0841, 0x39e7, 0x4a69, 0x52aa, 0x8431, 0xc69d, 0xbe9d, 0xbe7d, 0xbe5c, 0xb65c,
0xb65c, 0xb65c, 0xb65c, 0xb65c, 0xb65c, 0xb65c, 
0xb65c, 0xb65c, 0xb65c, 0xb65c, 0xb65c, 0xb65c, 0xbe7c, 0xbe7d, 0xc69d, 0x52ec,
0x0000, 0x0000, 0x0000, 0x0000, 0x39c7, 0x4a69, 0x4a69, 0x528a, 0x9d15, 0xc6bd,
0xc69d, 0xc69d, 0xbe9d, 0xbe9d, 0xbe7d, 0xbe7d, 0xbe9d, 0xbe9d, 0xc69d, 0xc69d,
0xc69d, 0xadd9, 0x31a7, 0x18e3, 0x8452, 0xbe7d, 0xbe7c, 0xb65c, 0xb65c, 0xb65c,
0xbe7c, 0xbe7d, 0xc69d, 0x31a7, 0x0000, 0x0000, 0x0841, 0x4228, 0x4228, 0x8473,
0xc69d, 0xbe7d, 0xbe5c, 0xb65c, 0xb65c, 0xb65c, 0xb65c, 0xb65c, 0xb65c, 0xbe7c,
0xbe7d, 0xc69d, 0x3a09, 0x0000, 0x0000, 0x0000, 0x0861, 0x39c7, 0x4a69, 0x528a,
0x632d, 0xadf9, 0xc6bd, 0xc69d, 0xc69d, 0xbe9d, 0xbe9d, 0xbe7d, 0xbe7d, 0xbe9d,
0xbe9d, 0xc69d, 0xc69d, 0xbe5b, 0x52ec, 0x0000, 0x0000, 0x0000, 0x0000, 0x0861,
0x18c3, 0x18e3, 0x7c32, 0xc69d, 0xbe7d, 0xbe7c, 0xb65c, 0xb65c, 0xb65c, 0xb65c,
0xb65c, 0xb65c, 0xbe5c, 0xbe7d, 0xbe9d, 0xc69d, 0x2125, 0x0000, 0x0000, 0x0000,
0x0841, 0x39c7, 0x4a69, 0x528a, 0x632d, 0xadf9, 0xc6bd, 0xc69d, 0xc69d, 0xbe9d,
0xbe9d, 0xbe7d, 0xbe7d, 0xbe9d, 0xbe9d, 0xc69d, 0xc69d, 0xc69d, 0x7c32, 0x18e4,
0x2945, 0x9d77, 0xbe7d, 0xbe5c, 0xb65c, 0xb65c, 0xb65c, 0xbe7d, 0xbe9d, 0xc69d,
0x0000, 0x0000, 0x0000, 0x18e3, 0x4228, 0x4228, 0xa598, 0xc69d, 0xbe7d, 0xbe5c,
0xb65c, 0xb65c, 0xbe5c, 0xbe7c, 0xbe7d, 0xc69d, 0xa577, 0x0861, 0x0000, 0x0000,
0x0000, 0x1082, 0x39e7, 0x4a69, 0x52aa, 0x8cb4, 0xc69d, 0xbe9d, 0xbe7d, 0xbe5c,
0xb65c, 0xb65c, 0xb65c, 0xb65c, 0xb65c, 0xb65c, 
0xb65c, 0xb65c, 0xb65c, 0xb65c, 0xb65c, 0xb65c, 0xbe5c, 0xbe7d, 0xbe9d, 0xc69d,
0x2125, 0x0000, 0x0000, 0x0000, 0x0000, 0x3186, 0x4228, 0x4228, 0x4228, 0x52cb,
0x94f5, 0xbe5c, 0xc6bd, 0xc69d, 0xc69d, 0xc69d, 0xc69d, 0xc6bd, 0xbe5b, 0x8452,
0x31c7, 0x0020, 0x0861, 0x31a6, 0x8452, 0xbe7d, 0xbe7c, 0xb65c, 0xb65c, 0xb65c,
0xbe7c, 0xbe7d, 0xc69d, 0x31a7, 0x0000, 0x0000, 0x0841, 0x4228, 0x4228, 0x8473,
0xc69d, 0xbe7d, 0xbe5c, 0xb65c, 0xb65c, 0xb65c, 0xb65c, 0xb65c, 0xb65c, 0xbe5c,
0xbe7d, 0xbe9d, 0xb63b, 0x18c3, 0x0000, 0x0000, 0x0000, 0x0841, 0x31a6, 0x4a49,
0x4a49, 0x4228, 0x73d0, 0x9d36, 0xc6bd, 0xc6bd, 0xc69d, 0xc69d, 0xc69d, 0xc69d,
0xc6bd, 0xadf9, 0x636e, 0x0861, 0x0000, 0x0000, 0x0000, 0x0000, 0x0020, 0x0861,
0x1082, 0x5aec, 0xc69d, 0xbe7d, 0xbe7d, 0xbe5c, 0xb65c, 0xb65c, 0xb65c, 0xb65c,
0xb65c, 0xb65c, 0xb65c, 0xbe5c, 0xbe7d, 0xbe9d, 0x9d57, 0x0861, 0x0000, 0x0000,
0x0000, 0x0841, 0x31a6, 0x4a69, 0x4a49, 0x4228, 0x73d0, 0x9d36, 0xc6bd, 0xc6bd,
0xc69d, 0xc69d, 0xc69d, 0xc69d, 0xc6bd, 0xadf9, 0x73d0, 0x18c3, 0x0000, 0x18c3,
0x39e7, 0xa578, 0xbe7d, 0xbe7c, 0xb65c, 0xb65c, 0xb65c, 0xbe7d, 0xbe9d, 0xc69d,
0x0000, 0x0000, 0x0000, 0x18e3, 0x4228, 0x4228, 0xa598, 0xc69d, 0xbe7d, 0xbe5c,
0xb65c, 0xb65c, 0xb65c, 0xbe5c, 0xbe7d, 0xbe7d, 0xc69d, 0xa577, 0x0861, 0x0000,
0x0000, 0x0000, 0x10a2, 0x4208, 0x4a69, 0x528a, 0x9d36, 0xc69d, 0xbe9d, 0xbe7d,
0xbe5c, 0xb65c, 0xb65c, 0xb65c, 0xb65c, 0xb65c, 
0xb65c, 0xb65c, 0xb65c, 0xb65c, 0xb65c, 0xb65c, 0xb65c, 0xbe5c, 0xbe7d, 0xbe9d,
0xb63b, 0x2125, 0x0000, 0x0000, 0x0000, 0x0000, 0x18c3, 0x3186, 0x4208, 0x4208,
0x39e7, 0x31a6, 0x4229, 0x52ab, 0x4a8a, 0x4a8a, 0x4a6a, 0x39e8, 0x1082, 0x0841,
0x0020, 0x0861, 0x2945, 0x4208, 0x8472, 0xbe7d, 0xbe7d, 0xbe5c, 0xb65c, 0xb65c,
0xbe7c, 0xbe7d, 0xc69d, 0x31a7, 0x0000, 0x0000, 0x0841, 0x4228, 0x4228, 0x8473,
0xc69d, 0xbe7d, 0xbe5c, 0xb65c, 0xb65c, 0xb65c, 0xb65c, 0xb65c, 0xb65c, 0xb65c,
0xbe7c, 0xbe7d, 0xc69d, 0x9d57, 0x0861, 0x0000, 0x0000, 0x0000, 0x0000, 0x2124,
0x39c7, 0x4208, 0x39e7, 0x39c7, 0x39c7, 0x52cb, 0x4a8a, 0x4a8a, 0x4a8a, 0x4a6a,
0x2966, 0x0861, 0x0020, 0x0000, 0x0000, 0x0000, 0x0000, 0x0000, 0x0020, 0x0861,
0x3a08, 0xc69d, 0xbe9d, 0xbe7d, 0xbe5c, 0xb65c, 0xb65c, 0xb65c, 0xb65c, 0xb65c,
0xb65c, 0xb65c, 0xb65c, 0xb65c, 0xbe7c, 0xbe7d, 0xc69d, 0x9d77, 0x0861, 0x0000,
0x0000, 0x0000, 0x0000, 0x2945, 0x39c7, 0x4208, 0x39e7, 0x39c7, 0x39c7, 0x52cb,
0x4a8a, 0x4a8a, 0x4a8a, 0x4a4a, 0x2104, 0x1082, 0x0841, 0x0000, 0x0861, 0x31a6,
0x4228, 0xa578, 0xbe7d, 0xbe7c, 0xb65c, 0xb65c, 0xb65c, 0xbe7c, 0xbe7d, 0xc69d,
0x0000, 0x0000, 0x0000, 0x18e3, 0x4228, 0x4228, 0xa598, 0xbe9d, 0xbe7d, 0xbe5c,
0xb65c, 0xb65c, 0xb65c, 0xb65c, 0xbe5c, 0xbe7d, 0xbe7d, 0xc69d, 0x8c94, 0x0000,
0x0000, 0x0000, 0x0000, 0x18e3, 0x4208, 0x4a69, 0x528a, 0x9d36, 0xc69d, 0xbe7d,
0xbe7c, 0xbe5c, 0xb65c, 0xb65c, 0xb65c, 0xb65c, 
0xb65c, 0xb65c, 0xb65c, 0xb65c, 0xb65c, 0xb65c, 0xb65c, 0xb65c, 0xbe7c, 0xbe7d,
0xbe9d, 0xb63b, 0x2125, 0x0000, 0x0000, 0x0000, 0x0000, 0x0000, 0x18c3, 0x2945,
0x31a6, 0x31a6, 0x3186, 0x2945, 0x2124, 0x2124, 0x2104, 0x18c3, 0x1082, 0x1082,
0x0841, 0x0841, 0x2124, 0x39e7, 0x8472, 0xbe7d, 0xbe7d, 0xbe5c, 0xb65c, 0xb65c,
0xbe7c, 0xbe7d, 0xc69d, 0x31a7, 0x0000, 0x0000, 0x0020, 0x39c7, 0x4228, 0x8473,
0xc69d, 0xbe7d, 0xbe5c, 0xb65c, 0xb65c, 0xb65c, 0xb65c, 0xb65c, 0xb65c, 0xb65c,
0xb65c, 0xbe7c, 0xbe7d, 0xc69d, 0x9d57, 0x18c3, 0x0000, 0x0000, 0x0000, 0x0000,
0x0841, 0x2104, 0x2945, 0x31a6, 0x39c7, 0x2965, 0x2124, 0x2124, 0x2124, 0x2104,
0x10a2, 0x1082, 0x0861, 0x0020, 0x0000, 0x0000, 0x0000, 0x0000, 0x0000, 0x4aab,
0xc69d, 0xbe9d, 0xbe7d, 0xbe5c, 0xb65c, 0xb65c, 0xb65c, 0xb65c, 0xb65c, 0xb65c,
0xb65c, 0xb65c, 0xb65c, 0xb65c, 0xbe5c, 0xbe7c, 0xbe7d, 0xc69d, 0x9d77, 0x0861,
0x0000, 0x0000, 0x0000, 0x0000, 0x0841, 0x2104, 0x2965, 0x31a6, 0x39c7, 0x2965,
0x2124, 0x2124, 0x2124, 0x18e3, 0x10a2, 0x10a2, 0x1082, 0x0020, 0x0861, 0x2965,
0x4208, 0xa578, 0xbe7d, 0xbe7c, 0xb65c, 0xb65c, 0xb65c, 0xbe7c, 0xbe7d, 0xc69d,
0x0000, 0x0000, 0x0000, 0x10a2, 0x39e7, 0x4228, 0xa598, 0xbe9d, 0xbe7d, 0xbe5c,
0xb65c, 0xb65c, 0xb65c, 0xb65c, 0xb65c, 0xbe5c, 0xbe7d, 0xbe7d, 0xc69d, 0x7c32,
0x0000, 0x0000, 0x0000, 0x0000, 0x2104, 0x31a6, 0x4228, 0x528a, 0x9d36, 0xbe9d,
0xbe7d, 0xbe5c, 0xb65c, 0xb65c, 0xb65c, 0xb65c, 
0xb65c, 0xb65c, 0xb65c, 0xb65c, 0xb65c, 0xb65c, 0xb65c, 0xb65c, 0xb65c, 0xbe7c,
0xbe7d, 0xbe9d, 0xc69d, 0x52ec, 0x0000, 0x0000, 0x0000, 0x0000, 0x0000, 0x0000,
0x0020, 0x1082, 0x10a2, 0x10a2, 0x10a2, 0x10a2, 0x1082, 0x0020, 0x0000, 0x0000,
0x0000, 0x0000, 0x0841, 0x2104, 0x7c11, 0xbe7d, 0xbe7c, 0xb65c, 0xb65c, 0xb65c,
0xbe5c, 0xbe7d, 0xbe9d, 0x31a7, 0x0000, 0x0000, 0x0000, 0x10a2, 0x39c7, 0x8473,
0xbe9d, 0xbe7d, 0xbe5c, 0xb65c, 0xb65c, 0xb65c, 0xb65c, 0xb65c, 0xb65c, 0xb65c,
0xb65c, 0xbe5c, 0xbe7c, 0xbe7d, 0xc69d, 0xb63b, 0x3a09, 0x0000, 0x0000, 0x0000,
0x0000, 0x0000, 0x0000, 0x0841, 0x10a2, 0x10a2, 0x1082, 0x10a2, 0x10a2, 0x1082,
0x0020, 0x0000, 0x0000, 0x0000, 0x0000, 0x0000, 0x0000, 0x0861, 0x6bb0, 0xc69d,
0xbe9d, 0xbe7d, 0xbe7c, 0xb65c, 0xb65c, 0xb65c, 0xb65c, 0xb65c, 0xb65c, 0xb65c,
0xb65c, 0xb65c, 0xb65c, 0xb65c, 0xb65c, 0xbe5c, 0xbe7c, 0xbe7d, 0xc69d, 0xadd9,
0x2125, 0x0000, 0x0000, 0x0000, 0x0000, 0x0000, 0x0000, 0x0841, 0x10a2, 0x10a2,
0x10a2, 0x10a2, 0x10a2, 0x0861, 0x0020, 0x0000, 0x0000, 0x0000, 0x0000, 0x0861,
0x2124, 0x9d57, 0xbe7d, 0xbe5c, 0xb65c, 0xb65c, 0xb65c, 0xbe7c, 0xbe7d, 0xc69d,
0x0000, 0x0000, 0x0000, 0x0000, 0x2104, 0x39e7, 0xa578, 0xbe7d, 0xbe7c, 0xb65c,
0xb65c, 0xb65c, 0xb65c, 0xb65c, 0xb65c, 0xb65c, 0xbe5c, 0xbe7d, 0xbe9d, 0xc69d,
0x7c32, 0x0000, 0x0000, 0x0000, 0x0000, 0x0000, 0x18c3, 0x2965, 0x4228, 0x9d16,
0xbe7d, 0xbe7c, 0xb65c, 0xb65c, 0xb65c, 0xb65c, 
0xb65c, 0xb65c, 0xb65c, 0xb65c, 0xb65c, 0xb65c, 0xb65c, 0xb65c, 0xb65c, 0xb65c,
0xbe7c, 0xbe7d, 0xbe9d, 0xc69d, 0x94f5, 0x31a7, 0x0000, 0x0000, 0x0000, 0x0000,
0x0000, 0x0000, 0x0000, 0x0000, 0x0000, 0x0000, 0x0000, 0x0000, 0x0000, 0x0000,
0x0000, 0x0000, 0x0000, 0x4a6a, 0xadd9, 0xbe7d, 0xbe5c, 0xb65c, 0xb65c, 0xb65c,
0xbe5c, 0xbe7d, 0xbe7d, 0x31a7, 0x0000, 0x0000, 0x0000, 0x0000, 0x18c3, 0x7c32,
0xbe7d, 0xbe7c, 0xb65c, 0xb65c, 0xb65c, 0xb65c, 0xb65c, 0xb65c, 0xb65c, 0xb65c,
0xb65c, 0xb65c, 0xbe5c, 0xbe7c, 0xbe7d, 0xbe9d, 0xc69d, 0x8494, 0x18c3, 0x0000,
0x0000, 0x0000, 0x0000, 0x0000, 0x0000, 0x0000, 0x0000, 0x0000, 0x0000, 0x0000,
0x0000, 0x0000, 0x0000, 0x0000, 0x0000, 0x0000, 0x4a6b, 0xadd9, 0xc69d, 0xbe7d,
0xbe7d, 0xbe5c, 0xb65c, 0xb65c, 0xb65c, 0xb65c, 0xb65c, 0xb65c, 0xb65c, 0xb65c,
0xb65c, 0xb65c, 0xb65c, 0xb65c, 0xb65c, 0xb65c, 0xbe5c, 0xbe7c, 0xbe7d, 0xbe9d,
0xc69d, 0x6bb0, 0x0861, 0x0000, 0x0000, 0x0000, 0x0000, 0x0000, 0x0000, 0x0000,
0x0000, 0x0000, 0x0000, 0x0000, 0x0000, 0x0000, 0x0000, 0x0000, 0x0000, 0x0861,
0x636e, 0xbe7d, 0xbe7d, 0xbe5c, 0xb65c, 0xb65c, 0xb65c, 0xbe5c, 0xbe7d, 0xbe9d,
0x0000, 0x0000, 0x0000, 0x0000, 0x0000, 0x2104, 0x9d77, 0xbe7d, 0xbe7c, 0xb65c,
0xb65c, 0xb65c, 0xb65c, 0xb65c, 0xb65c, 0xb65c, 0xb65c, 0xbe5c, 0xbe7d, 0xbe7d,
0xc69d, 0x52ec, 0x0000, 0x0000, 0x0000, 0x0000, 0x0000, 0x0000, 0x0861, 0x2965,
0x94d5, 0xbe7c, 0xb65c, 0xb65c, 0xb65c, 0xb65c, 
0x31e8, 0x2986, 0x2987, 0x2987, 0x2987, 0x2987, 0x2987, 0x2987, 0x2987, 0x2987,
0x2987, 0x2987, 0x2987, 0x29a7, 0x31a7, 0x31a7, 0x2145, 0x10a2, 0x0000, 0x0000,
0x0000, 0x0000, 0x0000, 0x0000, 0x0000, 0x0000, 0x0000, 0x0000, 0x0000, 0x0000,
0x0841, 0x18c3, 0x2966, 0x31a7, 0x29a7, 0x2987, 0x2987, 0x2987, 0x2987, 0x2987,
0x2987, 0x2987, 0x29a7, 0x10a3, 0x0861, 0x0861, 0x0861, 0x0861, 0x0861, 0x2104,
0x2987, 0x2987, 0x2987, 0x2987, 0x2987, 0x2987, 0x2987, 0x2987, 0x2987, 0x2987,
0x2987, 0x2987, 0x2987, 0x2987, 0x2987, 0x2987, 0x29a7, 0x31a7, 0x31a7, 0x2125,
0x1082, 0x0000, 0x0000, 0x0000, 0x0000, 0x0000, 0x0000, 0x0000, 0x0000, 0x0000,
0x0000, 0x0000, 0x0000, 0x0020, 0x10a3, 0x2966, 0x31a7, 0x31a7, 0x29a7, 0x2987,
0x2987, 0x2987, 0x2987, 0x2987, 0x2987, 0x2987, 0x2987, 0x2987, 0x2987, 0x2987,
0x2987, 0x2987, 0x2987, 0x2987, 0x2987, 0x2987, 0x2987, 0x2987, 0x2987, 0x2987,
0x31a7, 0x31a7, 0x2986, 0x1904, 0x0841, 0x0000, 0x0000, 0x0000, 0x0000, 0x0000,
0x0000, 0x0000, 0x0000, 0x0000, 0x0000, 0x0000, 0x0000, 0x0882, 0x1904, 0x31a7,
0x31a7, 0x2987, 0x2987, 0x2987, 0x2987, 0x2987, 0x2987, 0x2987, 0x2987, 0x29a7,
0x0861, 0x0861, 0x0861, 0x0861, 0x0861, 0x0861, 0x2966, 0x2987, 0x2987, 0x2987,
0x2987, 0x2987, 0x2987, 0x2987, 0x2987, 0x2987, 0x2987, 0x2987, 0x2987, 0x2987,
0x29a7, 0x31a7, 0x10a3, 0x0861, 0x0861, 0x0861, 0x0861, 0x0861, 0x0861, 0x0861,
0x1082, 0x2966, 0x2987, 0x2987, 0x2986, 0x31e8, 
0x0861, 0x0000, 0x0000, 0x0000, 0x0000, 0x0000, 0x0000, 0x0000, 0x0000, 0x0000,
0x0000, 0x0000, 0x0000, 0x0000, 0x0000, 0x0000, 0x0000, 0x0000, 0x0000, 0x0000,
0x0000, 0x0000, 0x0020, 0x0020, 0x0020, 0x0020, 0x0020, 0x0020, 0x0000, 0x0000,
0x0000, 0x0000, 0x0000, 0x0000, 0x0000, 0x0000, 0x0000, 0x0000, 0x0000, 0x0000,
0x0000, 0x0000, 0x0000, 0x0000, 0x0000, 0x0000, 0x0000, 0x0000, 0x0000, 0x0000,
0x0000, 0x0000, 0x0000, 0x0000, 0x0000, 0x0000, 0x0000, 0x0000, 0x0000, 0x0000,
0x0000, 0x0000, 0x0000, 0x0000, 0x0000, 0x0000, 0x0000, 0x0000, 0x0000, 0x0000,
0x0000, 0x0000, 0x0000, 0x0000, 0x0000, 0x0020, 0x0020, 0x0020, 0x0020, 0x0020,
0x0020, 0x0000, 0x0000, 0x0000, 0x0000, 0x0000, 0x0000, 0x0000, 0x0000, 0x0000,
0x0000, 0x0000, 0x0000, 0x0000, 0x0000, 0x0000, 0x0000, 0x0000, 0x0000, 0x0000,
0x0000, 0x0000, 0x0000, 0x0000, 0x0000, 0x0000, 0x0000, 0x0000, 0x0000, 0x0000,
0x0000, 0x0000, 0x0000, 0x0000, 0x0000, 0x0000, 0x0000, 0x0000, 0x0000, 0x0020,
0x0020, 0x0020, 0x0020, 0x0020, 0x0000, 0x0000, 0x0000, 0x0000, 0x0000, 0x0000,
0x0000, 0x0000, 0x0000, 0x0000, 0x0000, 0x0000, 0x0000, 0x0000, 0x0000, 0x0000,
0x0000, 0x0000, 0x0000, 0x0000, 0x0000, 0x0000, 0x0000, 0x0000, 0x0000, 0x0000,
0x0000, 0x0000, 0x0000, 0x0000, 0x0000, 0x0000, 0x0000, 0x0000, 0x0000, 0x0000,
0x0000, 0x0000, 0x0000, 0x0000, 0x0000, 0x0000, 0x0000, 0x0000, 0x0000, 0x0000,
0x0000, 0x0000, 0x0000, 0x0000, 0x0000, 0x0861, 
0x31e8, 0x2986, 0x2987, 0x2987, 0x2987, 0x2987, 0x2987, 0x2987, 0x2987, 0x2987,
0x2987, 0x2987, 0x2987, 0x2987, 0x2987, 0x2987, 0x2987, 0x2966, 0x2966, 0x2966,
0x2966, 0x2966, 0x2986, 0x2986, 0x2986, 0x2986, 0x2986, 0x3186, 0x31a7, 0x31a7,
0x31a7, 0x31a7, 0x2987, 0x2987, 0x2987, 0x2987, 0x2987, 0x2987, 0x2987, 0x2987,
0x2987, 0x2987, 0x2987, 0x2966, 0x2966, 0x2986, 0x2986, 0x2986, 0x2987, 0x31a7,
0x2987, 0x2987, 0x2987, 0x2987, 0x2987, 0x2987, 0x2987, 0x2987, 0x2987, 0x2987,
0x2987, 0x2987, 0x2987, 0x2987, 0x2987, 0x2987, 0x2987, 0x2987, 0x2987, 0x2987,
0x2966, 0x2966, 0x2966, 0x2966, 0x2966, 0x2966, 0x2986, 0x2986, 0x2986, 0x2986,
0x3186, 0x31a7, 0x31a7, 0x31a7, 0x31a7, 0x2987, 0x2987, 0x2987, 0x2987, 0x2987,
0x2987, 0x2987, 0x2987, 0x2987, 0x2987, 0x2987, 0x2987, 0x2987, 0x2987, 0x2987,
0x2987, 0x2987, 0x2987, 0x2987, 0x2987, 0x2987, 0x2987, 0x2987, 0x2987, 0x2987,
0x2987, 0x2987, 0x2987, 0x2986, 0x2966, 0x2966, 0x2966, 0x2966, 0x2966, 0x2986,
0x2986, 0x2986, 0x2986, 0x3186, 0x3187, 0x31a7, 0x31a7, 0x31a7, 0x31a7, 0x2987,
0x2987, 0x2987, 0x2987, 0x2987, 0x2987, 0x2987, 0x2987, 0x2987, 0x2987, 0x2987,
0x2966, 0x2986, 0x2986, 0x2986, 0x2986, 0x31a7, 0x29a7, 0x2987, 0x2987, 0x2987,
0x2987, 0x2987, 0x2987, 0x2987, 0x2987, 0x2987, 0x2987, 0x2987, 0x2987, 0x2987,
0x2987, 0x2987, 0x2966, 0x2986, 0x2986, 0x2986, 0x2986, 0x2986, 0x2986, 0x2987,
0x2987, 0x2987, 0x2987, 0x2987, 0x2986, 0x31e8, 
0xb65c, 0xb65c, 0xb65c, 0xb65c, 0xb65c, 0xb65c, 0xb65c, 0xb65c, 0xb65c, 0xb65c,
0xb65c, 0xb65c, 0xb65c, 0xb65c, 0xb63c, 0x9d99, 0x94f6, 0x8cd6, 0x8cf6, 0x9516,
0x9516, 0x9537, 0x9d37, 0x9d37, 0x9d37, 0x9d37, 0x9d37, 0x9d57, 0x9d57, 0x9d57,
0x9d57, 0x9d57, 0xa598, 0xadfb, 0xb65c, 0xb65c, 0xb65c, 0xb65c, 0xb65c, 0xb65c,
0xb65c, 0xb65c, 0xb65c, 0x9d58, 0x8cd5, 0x9516, 0x9516, 0x9516, 0x9d37, 0xadda,
0xb65c, 0xb65c, 0xb65c, 0xb65c, 0xb65c, 0xb65c, 0xb65c, 0xb65c, 0xb65c, 0xb65c,
0xb65c, 0xb65c, 0xb65c, 0xb65c, 0xb65c, 0xb65c, 0xb65c, 0xb61b, 0x9d79, 0x8cf6,
0x8cd5, 0x8cf6, 0x9516, 0x9516, 0x9537, 0x9d37, 0x9d37, 0x9d37, 0x9d37, 0x9d37,
0x9d57, 0x9d57, 0x9d57, 0x9d57, 0x9d57, 0xa598, 0xadfa, 0xb65c, 0xb65c, 0xb65c,
0xb65c, 0xb65c, 0xb65c, 0xb65c, 0xb65c, 0xb65c, 0xb65c, 0xb65c, 0xb65c, 0xb65c,
0xb65c, 0xb65c, 0xb65c, 0xb65c, 0xb65c, 0xb65c, 0xb65c, 0xb65c, 0xb65c, 0xb65c,
0xb65c, 0xadfb, 0x9d58, 0x8cf6, 0x8cd5, 0x8cf6, 0x9516, 0x9516, 0x9537, 0x9d37,
0x9d37, 0x9d37, 0x9d37, 0x9d37, 0x9d57, 0x9d57, 0x9d57, 0x9d57, 0x9d58, 0xa5b9,
0xae1b, 0xb65c, 0xb65c, 0xb65c, 0xb65c, 0xb65c, 0xb65c, 0xb65c, 0xb65c, 0xb63c,
0x8cf6, 0x8cd6, 0x9516, 0x9516, 0x9537, 0x9d57, 0xb61b, 0xb65c, 0xb65c, 0xb65c,
0xb65c, 0xb65c, 0xb65c, 0xb65c, 0xb65c, 0xb65c, 0xb65c, 0xb65c, 0xb65c, 0xb65c,
0xb65c, 0xadfa, 0x8cd6, 0x8cf6, 0x9516, 0x9516, 0x9516, 0x9517, 0x9516, 0x94f6,
0xa5b9, 0xb65c, 0xb65c, 0xb65c, 0xb65c, 0xb65c, 
0xb65c, 0xb65c, 0xb65c, 0xb65c, 0xb65c, 0xb65c, 0xb65c, 0xb65c, 0xb65c, 0xb65c,
0xb65c, 0xb65c, 0xb65c, 0xadda, 0x9517, 0x8cd6, 0x8cd6, 0x8cf6, 0x94f6, 0x9516,
0x9516, 0x94f6, 0x94f6, 0x94f6, 0x94f6, 0x94f6, 0x94f6, 0x94f6, 0x9516, 0x9517,
0x9d37, 0x9d58, 0x9d58, 0x9d78, 0xadfb, 0xb65c, 0xb65c, 0xb65c, 0xb65c, 0xb65c,
0xb65c, 0xb65c, 0xb65c, 0x9d58, 0x8cd6, 0x8cf6, 0x9537, 0x9d58, 0x9d58, 0xadda,
0xb65c, 0xb65c, 0xb65c, 0xb65c, 0xb65c, 0xb65c, 0xb65c, 0xb65c, 0xb65c, 0xb65c,
0xb65c, 0xb65c, 0xb65c, 0xb65c, 0xb65c, 0xb65c, 0xa5ba, 0x9516, 0x8cd6, 0x8cd6,
0x8cf6, 0x94f6, 0x9516, 0x9516, 0x94f6, 0x94f6, 0x94f6, 0x94f6, 0x94f6, 0x94f6,
0x94f6, 0x9516, 0x9517, 0x9d57, 0x9d58, 0x9d58, 0x9d58, 0xa599, 0xae1b, 0xb65c,
0xb65c, 0xb65c, 0xb65c, 0xb65c, 0xb65c, 0xb65c, 0xb65c, 0xb65c, 0xb65c, 0xb65c,
0xb65c, 0xb65c, 0xb65c, 0xb65c, 0xb65c, 0xb65c, 0xb65c, 0xb65c, 0xb65c, 0xb63c,
0x9d99, 0x8cf6, 0x8cd6, 0x8cf6, 0x94f6, 0x94f6, 0x9516, 0x9516, 0x94f6, 0x94f6,
0x94f6, 0x94f6, 0x94f6, 0x94f6, 0x9516, 0x9517, 0x9537, 0x9d57, 0x9d78, 0x9d58,
0xa598, 0xb63c, 0xb65c, 0xb65c, 0xb65c, 0xb65c, 0xb65c, 0xb65c, 0xb65c, 0xb61c,
0x9517, 0x8cd6, 0x94f6, 0x9d37, 0x9d78, 0x9d78, 0xb61b, 0xb65c, 0xb65c, 0xb65c,
0xb65c, 0xb65c, 0xb65c, 0xb65c, 0xb65c, 0xb65c, 0xb65c, 0xb65c, 0xb65c, 0xb65c,
0xadfb, 0x8cf6, 0x8cd6, 0x8cf6, 0x9537, 0x9537, 0x9537, 0x9516, 0x94f6, 0xa5ba,
0xb65c, 0xb65c, 0xb65c, 0xb65c, 0xb65c, 0xb65c, 
0xb65c, 0xb65c, 0xb65c, 0xb65c, 0xb65c, 0xb65c, 0xb65c, 0xb65c, 0xb65c, 0xb65c,
0xb65c, 0xb63c, 0xa599, 0x8cf6, 0x8cf6, 0x8cf6, 0x94f6, 0x9517, 0x9516, 0x8cf6,
0x94f6, 0x8cf6, 0x8cf6, 0x8cf6, 0x8cf6, 0x8cf6, 0x8cf6, 0x8cf6, 0x8cf6, 0x8cf6,
0x9516, 0x9517, 0x9d58, 0x9d78, 0xadfb, 0xb65c, 0xb65c, 0xb65c, 0xb65c, 0xb65c,
0xb65c, 0xb65c, 0xb65c, 0x9d78, 0x8cf6, 0x8cf6, 0x9537, 0x9d78, 0x9d58, 0xadda,
0xb65c, 0xb65c, 0xb65c, 0xb65c, 0xb65c, 0xb65c, 0xb65c, 0xb65c, 0xb65c, 0xb65c,
0xb65c, 0xb65c, 0xb65c, 0xb65c, 0xb63c, 0x9d78, 0x8cf6, 0x8cf6, 0x8cf6, 0x94f6,
0x9516, 0x9516, 0x8cf6, 0x94f6, 0x8cf6, 0x8cf6, 0x8cf6, 0x8cf6, 0x8cf6, 0x8cf6,
0x8cf6, 0x8cf6, 0x8cf6, 0x9516, 0x9517, 0x9d58, 0x9d78, 0x9d78, 0x9d78, 0xadfb,
0xb65c, 0xb65c, 0xb65c, 0xb65c, 0xb65c, 0xb65c, 0xb65c, 0xb65c, 0xb65c, 0xb65c,
0xb65c, 0xb65c, 0xb65c, 0xb65c, 0xb65c, 0xb65c, 0xb65c, 0xb65c, 0xb61c, 0x9d58,
0x8cd6, 0x8cf6, 0x8cf6, 0x94f6, 0x9517, 0x9516, 0x8cf6, 0x94f6, 0x8cf6, 0x8cf6,
0x8cf6, 0x8cf6, 0x8cf6, 0x8cf6, 0x8cf6, 0x8cf6, 0x8cf6, 0x9516, 0x9537, 0x9d78,
0x9d78, 0xb63c, 0xb65c, 0xb65c, 0xb65c, 0xb65c, 0xb65c, 0xb65c, 0xb65c, 0xb61c,
0x9517, 0x8cf6, 0x8cf6, 0x9d58, 0x9d78, 0x9d78, 0xae1b, 0xb65c, 0xb65c, 0xb65c,
0xb65c, 0xb65c, 0xb65c, 0xb65c, 0xb65c, 0xb65c, 0xb65c, 0xb65c, 0xb65c, 0xadfb,
0x9517, 0x8cf6, 0x8cf6, 0x94f6, 0x9537, 0x9537, 0x9517, 0x9516, 0xa5ba, 0xb65c,
0xb65c, 0xb65c, 0xb65c, 0xb65c, 0xb65c, 0xb65c, 
0xb65c, 0xb65c, 0xb65c, 0xb65c, 0xb65c, 0xb65c, 0xb65c, 0xb65c, 0xb65c, 0xb65c,
0xb63c, 0x9d99, 0x8cf6, 0x9517, 0x9517, 0x9517, 0x9517, 0x9517, 0x9517, 0x9517,
0x8cf6, 0x9517, 0x9537, 0x9d58, 0x9d58, 0x9d58, 0x9d58, 0x9537, 0x9517, 0x8cf6,
0x8cf6, 0x9517, 0x9537, 0x9d78, 0xadfb, 0xb65c, 0xb65c, 0xb65c, 0xb65c, 0xb65c,
0xb65c, 0xb65c, 0xb65c, 0x9d79, 0x8cf6, 0x9517, 0x9537, 0xa599, 0x9d78, 0xadda,
0xb65c, 0xb65c, 0xb65c, 0xb65c, 0xb65c, 0xb65c, 0xb65c, 0xb65c, 0xb65c, 0xb65c,
0xb65c, 0xb65c, 0xb65c, 0xb63c, 0x9d58, 0x8cf6, 0x9517, 0x9517, 0x9517, 0x9517,
0x9517, 0x9517, 0x8cf6, 0x8cf6, 0x9517, 0x9538, 0x9d58, 0x9d58, 0x9d58, 0x9d58,
0x9537, 0x9517, 0x8cf6, 0x9517, 0x9517, 0x9517, 0x9537, 0x9d78, 0xa599, 0x9d78,
0xadfb, 0xb65c, 0xb65c, 0xb65c, 0xb65c, 0xb65c, 0xb65c, 0xb65c, 0xb65c, 0xb65c,
0xb65c, 0xb65c, 0xb65c, 0xb65c, 0xb65c, 0xb65c, 0xb65c, 0xae1c, 0x9537, 0x8cf6,
0x9517, 0x9517, 0x9517, 0x9517, 0x9517, 0x9517, 0x8cf6, 0x8cf6, 0x9517, 0x9537,
0x9d58, 0x9d58, 0x9d58, 0x9d58, 0x9537, 0x9517, 0x8cf6, 0x9517, 0x9517, 0x9d58,
0xa599, 0xb63c, 0xb65c, 0xb65c, 0xb65c, 0xb65c, 0xb65c, 0xb65c, 0xb65c, 0xb61c,
0x9537, 0x9517, 0x9517, 0x9d58, 0x9d78, 0x9d79, 0xb61c, 0xb65c, 0xb65c, 0xb65c,
0xb65c, 0xb65c, 0xb65c, 0xb65c, 0xb65c, 0xb65c, 0xb65c, 0xb65c, 0xae1c, 0x9537,
0x8cf6, 0x9517, 0x9517, 0x9517, 0x9537, 0x9537, 0x9517, 0xa5da, 0xb65c, 0xb65c,
0xb65c, 0xb65c, 0xb65c, 0xb65c, 0xb65c, 0xb65c, 
0xb65c, 0xb65c, 0xb65c, 0xb65c, 0xb65c, 0xb65c, 0xb65c, 0xb65c, 0xb65c, 0xb65c,
0xa5b9, 0x9517, 0x9517, 0x9537, 0x9537, 0x9537, 0x9537, 0x9517, 0x9517, 0x9d58,
0xa5ba, 0xadfb, 0xb63c, 0xb65c, 0xb65c, 0xb65c, 0xb65c, 0xb63c, 0xae1b, 0xa5da,
0x9d78, 0x9517, 0x9517, 0x9d58, 0xadfb, 0xb65c, 0xb65c, 0xb65c, 0xb65c, 0xb65c,
0xb65c, 0xb65c, 0xb65c, 0x9d99, 0x9517, 0x9537, 0x9d58, 0xa599, 0x9d78, 0xadfb,
0xb65c, 0xb65c, 0xb65c, 0xb65c, 0xb65c, 0xb65c, 0xb65c, 0xb65c, 0xb65c, 0xb65c,
0xb65c, 0xb65c, 0xb63c, 0x9d79, 0x9517, 0x9537, 0x9537, 0x9537, 0x9537, 0x9537,
0x9517, 0x9517, 0x9d78, 0xadda, 0xae1b, 0xb63c, 0xb65c, 0xb65c, 0xb65c, 0xb65c,
0xb63c, 0xadfb, 0xa5b9, 0x9538, 0x9517, 0x9517, 0x9537, 0x9538, 0xa599, 0xa599,
0xa599, 0xae1b, 0xb65c, 0xb65c, 0xb65c, 0xb65c, 0xb65c, 0xb65c, 0xb65c, 0xb65c,
0xb65c, 0xb65c, 0xb65c, 0xb65c, 0xb65c, 0xb65c, 0xb63c, 0x9d58, 0x9517, 0x9537,
0x9537, 0x9537, 0x9537, 0x9537, 0x9517, 0x9517, 0x9d78, 0xa5da, 0xae1b, 0xb63c,
0xb65c, 0xb65c, 0xb65c, 0xb65c, 0xb63c, 0xadfb, 0xa5b9, 0x9558, 0x9517, 0x9537,
0xa599, 0xb63c, 0xb65c, 0xb65c, 0xb65c, 0xb65c, 0xb65c, 0xb65c, 0xb65c, 0xb61c,
0x9538, 0x9517, 0x9537, 0x9d78, 0xa599, 0xa599, 0xb61c, 0xb65c, 0xb65c, 0xb65c,
0xb65c, 0xb65c, 0xb65c, 0xb65c, 0xb65c, 0xb65c, 0xb65c, 0xb61c, 0x9d58, 0x9517,
0x9537, 0x9537, 0x9537, 0x9537, 0x9537, 0x9537, 0xa5ba, 0xb65c, 0xb65c, 0xb65c,
0xb65c, 0xb65c, 0xb65c, 0xb65c, 0xb65c, 0xb65c, 
0xb65c, 0xb65c, 0xb65c, 0xb65c, 0xb65c, 0xb65c, 0xb65c, 0xb65c, 0xb65c, 0xadfb,
0x9537, 0x9537, 0x9537, 0x9538, 0x9d58, 0x9538, 0x9537, 0x9d58, 0xa5da, 0xb63c,
0xb65c, 0xb65c, 0xb65c, 0xb65c, 0xb65c, 0xb65c, 0xb65c, 0xb65c, 0xb65c, 0xb65c,
0xb65c, 0xadfb, 0x9d79, 0x9537, 0xadfb, 0xb65c, 0xb65c, 0xb65c, 0xb65c, 0xb65c,
0xb65c, 0xb65c, 0xb65c, 0xa599, 0x9537, 0x9537, 0x9d58, 0xa599, 0xa599, 0xadfb,
0xb65c, 0xb65c, 0xb65c, 0xb65c, 0xb65c, 0xb65c, 0xb65c, 0xb65c, 0xb65c, 0xb65c,
0xb65c, 0xb65c, 0xa5ba, 0x9537, 0x9537, 0x9537, 0x9538, 0x9d58, 0x9558, 0x9537,
0x9d78, 0xadfb, 0xb65c, 0xb65c, 0xb65c, 0xb65c, 0xb65c, 0xb65c, 0xb65c, 0xb65c,
0xb65c, 0xb65c, 0xb65c, 0xb63c, 0xa599, 0x9537, 0x9537, 0x9537, 0x9d58, 0xa599,
0xa5b9, 0xa5b9, 0xb61c, 0xb65c, 0xb65c, 0xb65c, 0xb65c, 0xb65c, 0xb65c, 0xb65c,
0xb65c, 0xb65c, 0xb65c, 0xb65c, 0xb65c, 0xb65c, 0xa599, 0x9537, 0x9537, 0x9537,
0x9538, 0x9d58, 0x9d58, 0x9537, 0x9d78, 0xadfb, 0xb65c, 0xb65c, 0xb65c, 0xb65c,
0xb65c, 0xb65c, 0xb65c, 0xb65c, 0xb65c, 0xb65c, 0xb65c, 0xb63c, 0xa5da, 0x9d58,
0x9d78, 0xb63c, 0xb65c, 0xb65c, 0xb65c, 0xb65c, 0xb65c, 0xb65c, 0xb65c, 0xb63c,
0x9d58, 0x9537, 0x9537, 0x9d78, 0xa599, 0xa599, 0xb61c, 0xb65c, 0xb65c, 0xb65c,
0xb65c, 0xb65c, 0xb65c, 0xb65c, 0xb65c, 0xb65c, 0xb63c, 0x9d79, 0x9537, 0x9537,
0x9537, 0x9538, 0x9d58, 0x9d58, 0x9538, 0xa5ba, 0xb65c, 0xb65c, 0xb65c, 0xb65c,
0xb65c, 0xb65c, 0xb65c, 0xb65c, 0xb65c, 0xb65c, 
0xb65c, 0xb65c, 0xb65c, 0xb65c, 0xb65c, 0xb65c, 0xb65c, 0xb65c, 0xb63c, 0x9d78,
0x9558, 0x9d58, 0x9d58, 0x9d78, 0x9d78, 0x9d58, 0x9d79, 0xae1b, 0xb65c, 0xb65c,
0xb65c, 0xb65c, 0xb65c, 0xb65c, 0xb65c, 0xb65c, 0xb65c, 0xb65c, 0xb65c, 0xb65c,
0xb65c, 0xb65c, 0xb65c, 0xa5da, 0xadfb, 0xb65c, 0xb65c, 0xb65c, 0xb65c, 0xb65c,
0xb65c, 0xb65c, 0xb65c, 0xa5b9, 0x9558, 0x9d58, 0x9d78, 0xa5b9, 0xa599, 0xadfb,
0xb65c, 0xb65c, 0xb65c, 0xb65c, 0xb65c, 0xb65c, 0xb65c, 0xb65c, 0xb65c, 0xb65c,
0xb65c, 0xae1b, 0x9d58, 0x9d58, 0x9d58, 0x9d58, 0x9d78, 0x9d78, 0x9d58, 0xa5b9,
0xb63c, 0xb65c, 0xb65c, 0xb65c, 0xb65c, 0xb65c, 0xb65c, 0xb65c, 0xb65c, 0xb65c,
0xb65c, 0xb65c, 0xb65c, 0xb65c, 0xb65c, 0xadda, 0x9d58, 0x9d58, 0x9d58, 0x9d78,
0xa5ba, 0xa5b9, 0xadda, 0xb63c, 0xb65c, 0xb65c, 0xb65c, 0xb65c, 0xb65c, 0xb65c,
0xb65c, 0xb65c, 0xb65c, 0xb65c, 0xb65c, 0xadfb, 0x9d58, 0x9d58, 0x9d58, 0x9d58,
0x9d78, 0x9d78, 0x9d58, 0xa5b9, 0xb63c, 0xb65c, 0xb65c, 0xb65c, 0xb65c, 0xb65c,
0xb65c, 0xb65c, 0xb65c, 0xb65c, 0xb65c, 0xb65c, 0xb65c, 0xb65c, 0xb65c, 0xb63c,
0xa5ba, 0xb63c, 0xb65c, 0xb65c, 0xb65c, 0xb65c, 0xb65c, 0xb65c, 0xb65c, 0xb63c,
0x9d78, 0x9d58, 0x9d58, 0xa599, 0xa5b9, 0xa5b9, 0xb63c, 0xb65c, 0xb65c, 0xb65c,
0xb65c, 0xb65c, 0xb65c, 0xb65c, 0xb65c, 0xb63c, 0xa599, 0x9538, 0x9d58, 0x9d58,
0x9d58, 0x9d78, 0x9d58, 0x9d58, 0xa5da, 0xb65c, 0xb65c, 0xb65c, 0xb65c, 0xb65c,
0xb65c, 0xb65c, 0xb65c, 0xb65c, 0xb65c, 0xb65c, 
0xb65c, 0xb65c, 0xb65c, 0xb65c, 0xb65c, 0xb65c, 0xb65c, 0xb65c, 0xa5da, 0x9d58,
0x9d78, 0x9d78, 0x9d79, 0x9d99, 0x9d79, 0xa599, 0xb63c, 0xb65c, 0xb65c, 0xb65c,
0xb65c, 0xb65c, 0xb65c, 0xb65c, 0xb65c, 0xb65c, 0xb65c, 0xb65c, 0xb65c, 0xb65c,
0xb65c, 0xb65c, 0xb65c, 0xb65c, 0xb63c, 0xb65c, 0xb65c, 0xb65c, 0xb65c, 0xb65c,
0xb65c, 0xb65c, 0xb65c, 0xa5ba, 0x9d58, 0x9d78, 0x9d79, 0xa5ba, 0xa5b9, 0xadfb,
0xb65c, 0xb65c, 0xb65c, 0xb65c, 0xb65c, 0xb65c, 0xb65c, 0xb65c, 0xb65c, 0xb65c,
0xb65c, 0xa5b9, 0x9d58, 0x9d78, 0x9d78, 0x9d99, 0x9d99, 0x9d79, 0xa5ba, 0xb63c,
0xb65c, 0xb65c, 0xb65c, 0xb65c, 0xb65c, 0xb65c, 0xb65c, 0xb65c, 0xb65c, 0xb65c,
0xb65c, 0xb65c, 0xb65c, 0xb65c, 0xb65c, 0xb65c, 0xadda, 0x9d58, 0x9d78, 0x9d78,
0xa599, 0xa5da, 0xa5ba, 0xae1b, 0xb65c, 0xb65c, 0xb65c, 0xb65c, 0xb65c, 0xb65c,
0xb65c, 0xb65c, 0xb65c, 0xb65c, 0xb63c, 0x9d99, 0x9d58, 0x9d78, 0x9d78, 0x9d99,
0x9d99, 0x9d78, 0xa5ba, 0xb63c, 0xb65c, 0xb65c, 0xb65c, 0xb65c, 0xb65c, 0xb65c,
0xb65c, 0xb65c, 0xb65c, 0xb65c, 0xb65c, 0xb65c, 0xb65c, 0xb65c, 0xb65c, 0xb65c,
0xb65c, 0xb63c, 0xb65c, 0xb65c, 0xb65c, 0xb65c, 0xb65c, 0xb65c, 0xb65c, 0xb63c,
0x9d79, 0x9d58, 0x9d78, 0xa599, 0xa5ba, 0xa5ba, 0xb63c, 0xb65c, 0xb65c, 0xb65c,
0xb65c, 0xb65c, 0xb65c, 0xb65c, 0xb63c, 0xa5ba, 0x9d58, 0x9d78, 0x9d78, 0x9d78,
0x9d78, 0x9d79, 0x9d78, 0xa5da, 0xb65c, 0xb65c, 0xb65c, 0xb65c, 0xb65c, 0xb65c,
0xb65c, 0xb65c, 0xb65c, 0xb65c, 0xb65c, 0xb65c, 
0xb65c, 0xb65c, 0xb65c, 0xb65c, 0xb65c, 0xb65c, 0xb65c, 0xb63c, 0x9d99, 0x9d78,
0x9d79, 0x9d99, 0xa599, 0xa599, 0xa599, 0xb61c, 0xb65c, 0xb65c, 0xb65c, 0xb65c,
0xb65c, 0xb65c, 0xb65c, 0xb65c, 0xb65c, 0xb65c, 0xb65c, 0xb65c, 0xb65c, 0xb65c,
0xb65c, 0xb65c, 0xb65c, 0xb65c, 0xb65c, 0xb65c, 0xb65c, 0xb65c, 0xb65c, 0xb65c,
0xb65c, 0xb65c, 0xb65c, 0xa5ba, 0x9d78, 0x9d79, 0xa599, 0xa5da, 0xa5ba, 0xae1b,
0xb65c, 0xb65c, 0xb65c, 0xb65c, 0xb65c, 0xb65c, 0xb65c, 0xb65c, 0xb65c, 0xb65c,
0xae1b, 0x9d79, 0x9d79, 0x9d79, 0x9d99, 0xa599, 0xa599, 0xa5ba, 0xb63c, 0xb65c,
0xb65c, 0xb65c, 0xb65c, 0xb65c, 0xb65c, 0xb65c, 0xb65c, 0xb65c, 0xb65c, 0xb65c,
0xb65c, 0xb65c, 0xb65c, 0xb65c, 0xb65c, 0xb65c, 0xb65c, 0xa5ba, 0x9d78, 0x9d79,
0x9d79, 0xa5da, 0xa5da, 0xadda, 0xb63c, 0xb65c, 0xb65c, 0xb65c, 0xb65c, 0xb65c,
0xb65c, 0xb65c, 0xb65c, 0xb65c, 0xadfb, 0x9d78, 0x9d79, 0x9d79, 0xa599, 0xa599,
0xa599, 0xa5ba, 0xb63c, 0xb65c, 0xb65c, 0xb65c, 0xb65c, 0xb65c, 0xb65c, 0xb65c,
0xb65c, 0xb65c, 0xb65c, 0xb65c, 0xb65c, 0xb65c, 0xb65c, 0xb65c, 0xb65c, 0xb65c,
0xb65c, 0xb65c, 0xb65c, 0xb65c, 0xb65c, 0xb65c, 0xb65c, 0xb65c, 0xb65c, 0xb63c,
0x9d99, 0x9d78, 0x9d79, 0xa5b9, 0xa5da, 0xa5da, 0xb63c, 0xb65c, 0xb65c, 0xb65c,
0xb65c, 0xb65c, 0xb65c, 0xb65c, 0xa5da, 0x9d78, 0x9d79, 0x9d79, 0x9d79, 0x9d99,
0x9d99, 0x9d79, 0xa5da, 0xb65c, 0xb65c, 0xb65c, 0xb65c, 0xb65c, 0xb65c, 0xb65c,
0xb65c, 0xb65c, 0xb65c, 0xb65c, 0xb65c, 0xb65c, 
0xb65c, 0xb65c, 0xb65c, 0xb65c, 0xb65c, 0xb65c, 0xb65c, 0xadfb, 0x9d99, 0xa599,
0xa599, 0xa5ba, 0xa5ba, 0xa5b9, 0xadfb, 0xb65c, 0xb65c, 0xb65c, 0xb65c, 0xb65c,
0xb65c, 0xb65c, 0xb65c, 0xb65c, 0xb65c, 0xb65c, 0xb65c, 0xb65c, 0xb65c, 0xb65c,
0xb65c, 0xb65c, 0xb65c, 0xb65c, 0xb65c, 0xb65c, 0xb65c, 0xb65c, 0xb65c, 0xb65c,
0xb65c, 0xb65c, 0xb65c, 0xa5da, 0x9d99, 0xa599, 0xa5b9, 0xadda, 0xa5da, 0xae1b,
0xb65c, 0xb65c, 0xb65c, 0xb65c, 0xb65c, 0xb65c, 0xb65c, 0xb65c, 0xb65c, 0xb65c,
0xa5da, 0x9d99, 0xa599, 0xa599, 0xa5ba, 0xa5ba, 0xa5b9, 0xae1b, 0xb65c, 0xb65c,
0xb65c, 0xb65c, 0xb65c, 0xb65c, 0xb65c, 0xb65c, 0xb65c, 0xb65c, 0xb65c, 0xb65c,
0xb65c, 0xb65c, 0xb65c, 0xb65c, 0xb65c, 0xb65c, 0xb65c, 0xb63c, 0xa599, 0x9d99,
0xa599, 0xa5ba, 0xadda, 0xadda, 0xae1b, 0xb65c, 0xb65c, 0xb65c, 0xb65c, 0xb65c,
0xb65c, 0xb65c, 0xb65c, 0xb63c, 0xa5ba, 0x9d99, 0xa599, 0xa599, 0xa5ba, 0xa5ba,
0xa5ba, 0xb63c, 0xb65c, 0xb65c, 0xb65c, 0xb65c, 0xb65c, 0xb65c, 0xb65c, 0xb65c,
0xb65c, 0xb65c, 0xb65c, 0xb65c, 0xb65c, 0xb65c, 0xb65c, 0xb65c, 0xb65c, 0xb65c,
0xb65c, 0xb65c, 0xb65c, 0xb65c, 0xb65c, 0xb65c, 0xb65c, 0xb65c, 0xb65c, 0xb63c,
0xa599, 0x9d99, 0xa599, 0xa5ba, 0xadda, 0xadda, 0xb63c, 0xb65c, 0xb65c, 0xb65c,
0xb65c, 0xb65c, 0xb65c, 0xaddb, 0x9d99, 0x9d99, 0xa599, 0xa599, 0xa599, 0xa599,
0xa599, 0xa5da, 0xb63c, 0xb65c, 0xb65c, 0xb65c, 0xb65c, 0xb65c, 0xb65c, 0xb65c,
0xb65c, 0xb65c, 0xb65c, 0xb65c, 0xb65c, 0xb65c, 
0xb65c, 0xb65c, 0xb65c, 0xb65c, 0xb65c, 0xb65c, 0xb65c, 0xa5da, 0xa599, 0xa5b9,
0xa5ba, 0xa5da, 0xa5da, 0xadda, 0xb63c, 0xb65c, 0xb65c, 0xb65c, 0xb65c, 0xb65c,
0xb65c, 0xb65c, 0xb65c, 0xb65c, 0xb65c, 0xb65c, 0xb65c, 0xb65c, 0xb65c, 0xb65c,
0xb65c, 0xb65c, 0xb65c, 0xb65c, 0xb65c, 0xb65c, 0xb65c, 0xb65c, 0xb65c, 0xb65c,
0xb65c, 0xb65c, 0xb65c, 0xa5da, 0xa599, 0xa5b9, 0xa5ba, 0xadda, 0xadda, 0xae1b,
0xb65c, 0xb65c, 0xb65c, 0xb65c, 0xb65c, 0xb65c, 0xb65c, 0xb65c, 0xb65c, 0xb63c,
0xa5ba, 0xa599, 0xa5b9, 0xa5ba, 0xa5da, 0xa5da, 0xadfb, 0xb65c, 0xb65c, 0xb65c,
0xb65c, 0xb65c, 0xb65c, 0xb65c, 0xb65c, 0xb65c, 0xb65c, 0xb65c, 0xb65c, 0xb65c,
0xb65c, 0xb65c, 0xb65c, 0xb65c, 0xb65c, 0xb65c, 0xb65c, 0xb65c, 0xaddb, 0xa599,
0xa5b9, 0xa5ba, 0xadfa, 0xadfa, 0xadfb, 0xb65c, 0xb65c, 0xb65c, 0xb65c, 0xb65c,
0xb65c, 0xb65c, 0xb65c, 0xb63c, 0xa5b9, 0xa5b9, 0xa5b9, 0xa5ba, 0xa5da, 0xa5da,
0xadfb, 0xb65c, 0xb65c, 0xb65c, 0xb65c, 0xb65c, 0xb65c, 0xb65c, 0xb65c, 0xb65c,
0xb65c, 0xb65c, 0xb65c, 0xb65c, 0xb65c, 0xb65c, 0xb65c, 0xb65c, 0xb65c, 0xb65c,
0xb65c, 0xb65c, 0xb65c, 0xb65c, 0xb65c, 0xb65c, 0xb65c, 0xb65c, 0xb65c, 0xb63c,
0xa5ba, 0xa599, 0xa5b9, 0xa5da, 0xadda, 0xadda, 0xb63c, 0xb65c, 0xb65c, 0xb65c,
0xb65c, 0xb65c, 0xadfb, 0xa599, 0xa5b9, 0xa5b9, 0xa5b9, 0xa5ba, 0xa5ba, 0xa5b9,
0xadfb, 0xb63c, 0xb65c, 0xb65c, 0xb65c, 0xb65c, 0xb65c, 0xb65c, 0xb65c, 0xb65c,
0xb65c, 0xb65c, 0xb65c, 0xb65c, 0xb65c, 0xb65c, 
0xb65c, 0xb65c, 0xb65c, 0xb65c, 0xb65c, 0xb65c, 0xb63c, 0xa5ba, 0xa5ba, 0xa5ba,
0xa5da, 0xadda, 0xa5da, 0xae1b, 0xb65c, 0xb65c, 0xb65c, 0xb65c, 0xb65c, 0xb65c,
0xb65c, 0xb65c, 0xb65c, 0xb65c, 0xb65c, 0xb65c, 0xb65c, 0xb65c, 0xb65c, 0xb65c,
0xb65c, 0xb65c, 0xb65c, 0xb65c, 0xb65c, 0xb65c, 0xb65c, 0xb65c, 0xb65c, 0xb65c,
0xb65c, 0xb65c, 0xb65c, 0xaddb, 0xa5b9, 0xa5ba, 0xa5da, 0xadfb, 0xadda, 0xae1b,
0xb65c, 0xb65c, 0xb65c, 0xb65c, 0xb65c, 0xb65c, 0xb65c, 0xb65c, 0xb65c, 0xae1c,
0xa5ba, 0xa5ba, 0xa5ba, 0xa5da, 0xadda, 0xadda, 0xb61c, 0xb65c, 0xb65c, 0xb65c,
0xb65c, 0xb65c, 0xb65c, 0xb65c, 0xb65c, 0xb65c, 0xb65c, 0xb65c, 0xb65c, 0xb65c,
0xb65c, 0xb65c, 0xb65c, 0xb65c, 0xb65c, 0xb65c, 0xb65c, 0xb65c, 0xae1c, 0xa5ba,
0xa5ba, 0xa5ba, 0xadfa, 0xadfb, 0xadfb, 0xb63c, 0xb65c, 0xb65c, 0xb65c, 0xb65c,
0xb65c, 0xb65c, 0xb65c, 0xadfb, 0xa5ba, 0xa5ba, 0xa5ba, 0xadda, 0xadda, 0xadda,
0xb63c, 0xb65c, 0xb65c, 0xb65c, 0xb65c, 0xb65c, 0xb65c, 0xb65c, 0xb65c, 0xb65c,
0xb65c, 0xb65c, 0xb65c, 0xb65c, 0xb65c, 0xb65c, 0xb65c, 0xb65c, 0xb65c, 0xb65c,
0xb65c, 0xb65c, 0xb65c, 0xb65c, 0xb65c, 0xb65c, 0xb65c, 0xb65c, 0xb65c, 0xb63c,
0xa5da, 0xa5ba, 0xa5ba, 0xadda, 0xadfa, 0xadfb, 0xb63c, 0xb65c, 0xb65c, 0xb65c,
0xb65c, 0xae1b, 0xa5ba, 0xa5ba, 0xa5ba, 0xa5ba, 0xa5ba, 0xa5ba, 0xa5ba, 0xadfb,
0xb63c, 0xb65c, 0xb65c, 0xb65c, 0xb65c, 0xb65c, 0xb65c, 0xb65c, 0xb65c, 0xb65c,
0xb65c, 0xb65c, 0xb65c, 0xb65c, 0xb65c, 0xb65c, 
0xb65c, 0xb65c, 0xb65c, 0xb65c, 0xb65c, 0xb65c, 0xae1c, 0xa5ba, 0xa5da, 0xa5da,
0xadda, 0xadfb, 0xadfb, 0xb63c, 0xb65c, 0xb65c, 0xb65c, 0xb65c, 0xb65c, 0xb65c,
0xb65c, 0xb65c, 0xb65c, 0xb65c, 0xb65c, 0xb65c, 0xb65c, 0xb65c, 0xb65c, 0xb65c,
0xb65c, 0xb65c, 0xb65c, 0xb65c, 0xb65c, 0xb65c, 0xb65c, 0xb65c, 0xb65c, 0xb65c,
0xb65c, 0xb65c, 0xb65c, 0xadfb, 0xa5ba, 0xa5da, 0xa5da, 0xadfb, 0xadfb, 0xb61c,
0xb65c, 0xb65c, 0xb65c, 0xb65c, 0xb65c, 0xb65c, 0xb65c, 0xb65c, 0xb65c, 0xadfb,
0xa5ba, 0xa5da, 0xa5da, 0xadfb, 0xadfb, 0xadfb, 0xb63c, 0xb65c, 0xb65c, 0xb65c,
0xb65c, 0xb65c, 0xb65c, 0xb65c, 0xb65c, 0xb65c, 0xb65c, 0xb65c, 0xb65c, 0xb65c,
0xb65c, 0xb65c, 0xb65c, 0xb65c, 0xb65c, 0xb65c, 0xb65c, 0xb65c, 0xb63c, 0xa5da,
0xa5da, 0xa5da, 0xadda, 0xadfb, 0xadfb, 0xb63c, 0xb65c, 0xb65c, 0xb65c, 0xb65c,
0xb65c, 0xb65c, 0xb65c, 0xadfb, 0xa5ba, 0xa5da, 0xa5da, 0xadfb, 0xadfb, 0xadfb,
0xb63c, 0xb65c, 0xb65c, 0xb65c, 0xb65c, 0xb65c, 0xb65c, 0xb65c, 0xb65c, 0xb65c,
0xb65c, 0xb65c, 0xb65c, 0xb65c, 0xb65c, 0xb65c, 0xb65c, 0xb65c, 0xb65c, 0xb65c,
0xb65c, 0xb65c, 0xb65c, 0xb65c, 0xb65c, 0xb65c, 0xb65c, 0xb65c, 0xb65c, 0xb63c,
0xa5da, 0xa5da, 0xa5da, 0xadda, 0xadfb, 0xadfb, 0xb63c, 0xb65c, 0xb65c, 0xb65c,
0xae1c, 0xa5da, 0xa5da, 0xa5da, 0xa5da, 0xa5da, 0xa5da, 0xa5da, 0xadfb, 0xb63c,
0xb65c, 0xb65c, 0xb65c, 0xb65c, 0xb65c, 0xb65c, 0xb65c, 0xb65c, 0xb65c, 0xb65c,
0xb65c, 0xb65c, 0xb65c, 0xb65c, 0xb65c, 0xb65c, 
0xb65c, 0xb65c, 0xb65c, 0xb65c, 0xb65c, 0xb65c, 0xae1b, 0xa5da, 0xa5da, 0xadda,
0xadfb, 0xadfb, 0xadfb, 0xb63c, 0xb65c, 0xb65c, 0xb65c, 0xb65c, 0xb65c, 0xb65c,
0xb65c, 0xb65c, 0xb65c, 0xb65c, 0xb65c, 0xb65c, 0xb65c, 0xb65c, 0xb65c, 0xb65c,
0xb65c, 0xb65c, 0xb65c, 0xb65c, 0xb65c, 0xb65c, 0xb65c, 0xb65c, 0xb65c, 0xb65c,
0xb65c, 0xb65c, 0xb65c, 0xadfb, 0xa5da, 0xa5da, 0xadfa, 0xadfb, 0xadfb, 0xb61c,
0xb65c, 0xb65c, 0xb65c, 0xb65c, 0xb65c, 0xb65c, 0xb65c, 0xb65c, 0xb65c, 0xadfb,
0xa5da, 0xa5da, 0xadda, 0xadfb, 0xadfb, 0xae1b, 0xb65c, 0xb65c, 0xb65c, 0xb65c,
0xb65c, 0xb65c, 0xb65c, 0xb65c, 0xb65c, 0xb65c, 0xb65c, 0xb65c, 0xb65c, 0xb65c,
0xb65c, 0xb65c, 0xb65c, 0xb65c, 0xb65c, 0xb65c, 0xb65c, 0xb65c, 0xb65c, 0xadfb,
0xa5da, 0xa5da, 0xadfb, 0xae1b, 0xadfb, 0xb61c, 0xb65c, 0xb65c, 0xb65c, 0xb65c,
0xb65c, 0xb65c, 0xb63c, 0xadfb, 0xa5da, 0xa5da, 0xadda, 0xadfb, 0xadfb, 0xae1b,
0xb65c, 0xb65c, 0xb65c, 0xb65c, 0xb65c, 0xb65c, 0xb65c, 0xb65c, 0xb65c, 0xb65c,
0xb65c, 0xb65c, 0xb65c, 0xb65c, 0xb65c, 0xb65c, 0xb65c, 0xb65c, 0xb65c, 0xb65c,
0xb65c, 0xb65c, 0xb65c, 0xb65c, 0xb65c, 0xb65c, 0xb65c, 0xb65c, 0xb65c, 0xb63c,
0xaddb, 0xa5da, 0xa5da, 0xadfb, 0xadfb, 0xadfb, 0xb63c, 0xb65c, 0xb65c, 0xb63c,
0xa5da, 0xa5da, 0xa5da, 0xa5da, 0xadda, 0xadda, 0xadda, 0xadfb, 0xb63c, 0xb65c,
0xb65c, 0xb65c, 0xb65c, 0xb65c, 0xb65c, 0xb65c, 0xb65c, 0xb65c, 0xb65c, 0xb65c,
0xb65c, 0xb65c, 0xb65c, 0xb65c, 0xb65c, 0xb65c, 
0xb65c, 0xb65c, 0xb65c, 0xb65c, 0xb65c, 0xb65c, 0xae1b, 0xadda, 0xaddb, 0xadfb,
0xadfb, 0xadfb, 0xae1b, 0xb65c, 0xb65c, 0xb65c, 0xb65c, 0xb65c, 0xb65c, 0xb65c,
0xb65c, 0xb65c, 0xb65c, 0xb65c, 0xb65c, 0xb65c, 0xb65c, 0xb65c, 0xb65c, 0xb65c,
0xb65c, 0xb65c, 0xb65c, 0xb65c, 0xb65c, 0xb65c, 0xb65c, 0xb65c, 0xb65c, 0xb65c,
0xb65c, 0xb65c, 0xb65c, 0xae1b, 0xaddb, 0xaddb, 0xadfb, 0xae1b, 0xadfb, 0xb63c,
0xb65c, 0xb65c, 0xb65c, 0xb65c, 0xb65c, 0xb65c, 0xb65c, 0xb65c, 0xb63c, 0xadfb,
0xaddb, 0xaddb, 0xadfb, 0xae1b, 0xadfb, 0xb63c, 0xb65c, 0xb65c, 0xb65c, 0xb65c,
0xb65c, 0xb65c, 0xb65c, 0xb65c, 0xb65c, 0xb65c, 0xb65c, 0xb65c, 0xb65c, 0xb65c,
0xb65c, 0xb65c, 0xb65c, 0xb65c, 0xb65c, 0xb65c, 0xb65c, 0xb65c, 0xb65c, 0xae1b,
0xaddb, 0xaddb, 0xadfb, 0xae1b, 0xae1b, 0xb61b, 0xb65c, 0xb65c, 0xb65c, 0xb65c,
0xb65c, 0xb65c, 0xb63c, 0xadfb, 0xaddb, 0xaddb, 0xadfb, 0xae1b, 0xadfb, 0xb63c,
0xb65c, 0xb65c, 0xb65c, 0xb65c, 0xb65c, 0xb65c, 0xb65c, 0xb65c, 0xb65c, 0xb65c,
0xb65c, 0xb65c, 0xb65c, 0xb65c, 0xb65c, 0xb65c, 0xb65c, 0xb65c, 0xb65c, 0xb65c,
0xb65c, 0xb65c, 0xb65c, 0xb65c, 0xb65c, 0xb65c, 0xb65c, 0xb65c, 0xb65c, 0xb63c,
0xadfb, 0xaddb, 0xaddb, 0xadfb, 0xae1b, 0xae1b, 0xb63c, 0xb65c, 0xb63c, 0xadfb,
0xaddb, 0xaddb, 0xadfb, 0xadfb, 0xadfb, 0xadfb, 0xadfb, 0xb63c, 0xb65c, 0xb65c,
0xb65c, 0xb65c, 0xb65c, 0xb65c, 0xb65c, 0xb65c, 0xb65c, 0xb65c, 0xb65c, 0xb65c,
0xb65c, 0xb65c, 0xb65c, 0xb65c, 0xb65c, 0xb65c, 
0xb65c, 0xb65c, 0xb65c, 0xb65c, 0xb65c, 0xb65c, 0xae1b, 0xadfb, 0xadfb, 0xadfb,
0xae1b, 0xae1b, 0xb63c, 0xb65c, 0xb65c, 0xb65c, 0xb65c, 0xb65c, 0xb65c, 0xb65c,
0xb65c, 0xb65c, 0xb65c, 0xb65c, 0xb65c, 0xb65c, 0xb65c, 0xb65c, 0xb65c, 0xb65c,
0xb65c, 0xb65c, 0xb65c, 0xb65c, 0xb65c, 0xb65c, 0xb65c, 0xb65c, 0xb65c, 0xb65c,
0xb65c, 0xb65c, 0xb65c, 0xae1b, 0xadfb, 0xadfb, 0xadfb, 0xae1b, 0xae1b, 0xb63c,
0xb65c, 0xb65c, 0xb65c, 0xb65c, 0xb65c, 0xb65c, 0xb65c, 0xb65c, 0xb63c, 0xadfb,
0xadfb, 0xadfb, 0xadfb, 0xae1b, 0xae1b, 0xb63c, 0xb65c, 0xb65c, 0xb65c, 0xb65c,
0xb65c, 0xb65c, 0xb65c, 0xb65c, 0xb65c, 0xb65c, 0xb65c, 0xb65c, 0xb65c, 0xb65c,
0xb65c, 0xb65c, 0xb65c, 0xb65c, 0xb65c, 0xb65c, 0xb65c, 0xb65c, 0xb65c, 0xb61c,
0xadfb, 0xadfb, 0xadfb, 0xae1b, 0xae1b, 0xb61b, 0xb65c, 0xb65c, 0xb65c, 0xb65c,
0xb65c, 0xb65c, 0xb63c, 0xadfb, 0xadfb, 0xadfb, 0xadfb, 0xae1b, 0xae1b, 0xb63c,
0xb65c, 0xb65c, 0xb65c, 0xb65c, 0xb65c, 0xb65c, 0xb65c, 0xb65c, 0xb65c, 0xb65c,
0xb65c, 0xb65c, 0xb65c, 0xb65c, 0xb65c, 0xb65c, 0xb65c, 0xb65c, 0xb65c, 0xb65c,
0xb65c, 0xb65c, 0xb65c, 0xb65c, 0xb65c, 0xb65c, 0xb65c, 0xb65c, 0xb65c, 0xb63c,
0xadfb, 0xadfb, 0xadfb, 0xae1b, 0xae1b, 0xae1b, 0xb63c, 0xb63c, 0xadfb, 0xadfb,
0xadfb, 0xadfb, 0xadfb, 0xadfb, 0xadfb, 0xae1b, 0xb63c, 0xb65c, 0xb65c, 0xb65c,
0xb65c, 0xb65c, 0xb65c, 0xb65c, 0xb65c, 0xb65c, 0xb65c, 0xb65c, 0xb65c, 0xb65c,
0xb65c, 0xb65c, 0xb65c, 0xb65c, 0xb65c, 0xb65c, 
0xb65c, 0xb65c, 0xb65c, 0xb65c, 0xb65c, 0xb65c, 0xae1b, 0xadfb, 0xadfb, 0xae1b,
0xae1b, 0xae1b, 0xb63c, 0xb65c, 0xb65c, 0xb65c, 0xb65c, 0xb65c, 0xb65c, 0xb65c,
0xb65c, 0xb65c, 0xb65c, 0xb65c, 0xb65c, 0xb65c, 0xb65c, 0xb65c, 0xb65c, 0xb65c,
0xb65c, 0xb65c, 0xb65c, 0xb65c, 0xb65c, 0xb65c, 0xb65c, 0xb65c, 0xb65c, 0xb65c,
0xb65c, 0xb65c, 0xb65c, 0xae1b, 0xadfb, 0xadfb, 0xae1b, 0xae1b, 0xae1b, 0xb63c,
0xb65c, 0xb65c, 0xb65c, 0xb65c, 0xb65c, 0xb65c, 0xb65c, 0xb65c, 0xb63c, 0xadfb,
0xadfb, 0xadfb, 0xae1b, 0xae1b, 0xae1b, 0xb63c, 0xb65c, 0xb65c, 0xb65c, 0xb65c,
0xb65c, 0xb65c, 0xb65c, 0xb65c, 0xb65c, 0xb65c, 0xb65c, 0xb65c, 0xb65c, 0xb65c,
0xb65c, 0xb65c, 0xb65c, 0xb65c, 0xb65c, 0xb65c, 0xb65c, 0xb65c, 0xb65c, 0xb63c,
0xadfb, 0xadfb, 0xadfb, 0xae1b, 0xae1b, 0xb61c, 0xb65c, 0xb65c, 0xb65c, 0xb65c,
0xb65c, 0xb65c, 0xb63c, 0xadfb, 0xadfb, 0xadfb, 0xae1b, 0xae1b, 0xae1b, 0xb63c,
0xb65c, 0xb65c, 0xb65c, 0xb65c, 0xb65c, 0xb65c, 0xb65c, 0xb65c, 0xb65c, 0xb65c,
0xb65c, 0xb65c, 0xb65c, 0xb65c, 0xb65c, 0xb65c, 0xb65c, 0xb65c, 0xb65c, 0xb65c,
0xb65c, 0xb65c, 0xb65c, 0xb65c, 0xb65c, 0xb65c, 0xb65c, 0xb65c, 0xb65c, 0xb63c,
0xadfb, 0xadfb, 0xadfb, 0xae1b, 0xae1b, 0xb61b, 0xb63c, 0xae1b, 0xadfb, 0xadfb,
0xadfb, 0xadfb, 0xadfb, 0xadfb, 0xae1b, 0xb63c, 0xb65c, 0xb65c, 0xb65c, 0xb65c,
0xb65c, 0xb65c, 0xb65c, 0xb65c, 0xb65c, 0xb65c, 0xb65c, 0xb65c, 0xb65c, 0xb65c,
0xb65c, 0xb65c, 0xb65c, 0xb65c, 0xb65c, 0xb65c, 
0xb65c, 0xb65c, 0xb65c, 0xb65c, 0xb65c, 0xb65c, 0xae1b, 0xae1b, 0xae1b, 0xae1b,
0xb61c, 0xb61c, 0xb63c, 0xb65c, 0xb65c, 0xb65c, 0xb65c, 0xb65c, 0xb65c, 0xb65c,
0xb65c, 0xb65c, 0xb65c, 0xb65c, 0xb65c, 0xb65c, 0xb65c, 0xb65c, 0xb65c, 0xb65c,
0xb65c, 0xb65c, 0xb65c, 0xb65c, 0xb65c, 0xb65c, 0xb65c, 0xb65c, 0xb65c, 0xb65c,
0xb65c, 0xb65c, 0xb65c, 0xae1c, 0xae1b, 0xae1b, 0xae1b, 0xb61c, 0xae1b, 0xb63c,
0xb65c, 0xb65c, 0xb65c, 0xb65c, 0xb65c, 0xb65c, 0xb65c, 0xb65c, 0xb63c, 0xae1b,
0xae1b, 0xae1b, 0xae1b, 0xb61c, 0xb61c, 0xb63c, 0xb65c, 0xb65c, 0xb65c, 0xb65c,
0xb65c, 0xb65c, 0xb65c, 0xb65c, 0xb65c, 0xb65c, 0xb65c, 0xb65c, 0xb65c, 0xb65c,
0xb65c, 0xb65c, 0xb65c, 0xb65c, 0xb65c, 0xb65c, 0xb65c, 0xb65c, 0xb65c, 0xb63c,
0xadfb, 0xae1b, 0xae1b, 0xae1b, 0xb61c, 0xb61c, 0xb63c, 0xb65c, 0xb65c, 0xb65c,
0xb65c, 0xb65c, 0xb63c, 0xae1b, 0xae1b, 0xae1b, 0xae1b, 0xb61c, 0xb61c, 0xb63c,
0xb65c, 0xb65c, 0xb65c, 0xb65c, 0xb65c, 0xb65c, 0xb65c, 0xb65c, 0xb65c, 0xb65c,
0xb65c, 0xb65c, 0xb65c, 0xb65c, 0xb65c, 0xb65c, 0xb65c, 0xb65c, 0xb65c, 0xb65c,
0xb65c, 0xb65c, 0xb65c, 0xb65c, 0xb65c, 0xb65c, 0xb65c, 0xb65c, 0xb65c, 0xb63c,
0xae1b, 0xae1b, 0xae1b, 0xae1b, 0xb63c, 0xb61c, 0xae1b, 0xae1b, 0xae1b, 0xae1b,
0xae1b, 0xae1b, 0xae1b, 0xae1b, 0xb63c, 0xb65c, 0xb65c, 0xb65c, 0xb65c, 0xb65c,
0xb65c, 0xb65c, 0xb65c, 0xb65c, 0xb65c, 0xb65c, 0xb65c, 0xb65c, 0xb65c, 0xb65c,
0xb65c, 0xb65c, 0xb65c, 0xb65c, 0xb65c, 0xb65c, 
0xb65c, 0xb65c, 0xb65c, 0xb65c, 0xb65c, 0xb65c, 0xae1c, 0xae1b, 0xae1b, 0xae1b,
0xb63c, 0xb61c, 0xb63c, 0xb65c, 0xb65c, 0xb65c, 0xb65c, 0xb65c, 0xb65c, 0xb65c,
0xb65c, 0xb65c, 0xb65c, 0xb65c, 0xb65c, 0xb65c, 0xb65c, 0xb65c, 0xb65c, 0xb65c,
0xb65c, 0xb65c, 0xb65c, 0xb65c, 0xb65c, 0xb65c, 0xb65c, 0xb65c, 0xb65c, 0xb65c,
0xb65c, 0xb65c, 0xb65c, 0xb61c, 0xae1b, 0xae1b, 0xae1b, 0xb63c, 0xb61c, 0xb63c,
0xb65c, 0xb65c, 0xb65c, 0xb65c, 0xb65c, 0xb65c, 0xb65c, 0xb65c, 0xb63c, 0xae1b,
0xae1b, 0xae1b, 0xae1c, 0xb63c, 0xb63c, 0xb63c, 0xb65c, 0xb65c, 0xb65c, 0xb65c,
0xb65c, 0xb65c, 0xb65c, 0xb65c, 0xb65c, 0xb65c, 0xb65c, 0xb65c, 0xb65c, 0xb65c,
0xb65c, 0xb65c, 0xb65c, 0xb65c, 0xb65c, 0xb65c, 0xb65c, 0xb65c, 0xb65c, 0xb63c,
0xae1b, 0xae1b, 0xae1b, 0xb61c, 0xb63c, 0xb63c, 0xb63c, 0xb65c, 0xb65c, 0xb65c,
0xb65c, 0xb65c, 0xb63c, 0xae1b, 0xae1b, 0xae1b, 0xae1c, 0xb63c, 0xb63c, 0xb63c,
0xb65c, 0xb65c, 0xb65c, 0xb65c, 0xb65c, 0xb65c, 0xb65c, 0xb65c, 0xb65c, 0xb65c,
0xb65c, 0xb65c, 0xb65c, 0xb65c, 0xb65c, 0xb65c, 0xb65c, 0xb65c, 0xb65c, 0xb65c,
0xb65c, 0xb65c, 0xb65c, 0xb65c, 0xb65c, 0xb65c, 0xb65c, 0xb65c, 0xb65c, 0xb63c,
0xae1b, 0xae1b, 0xae1b, 0xae1b, 0xb63c, 0xae1b, 0xae1b, 0xae1b, 0xae1b, 0xae1b,
0xb61c, 0xb61c, 0xb61c, 0xb63c, 0xb65c, 0xb65c, 0xb65c, 0xb65c, 0xb65c, 0xb65c,
0xb65c, 0xb65c, 0xb65c, 0xb65c, 0xb65c, 0xb65c, 0xb65c, 0xb65c, 0xb65c, 0xb65c,
0xb65c, 0xb65c, 0xb65c, 0xb65c, 0xb65c, 0xb65c, 
0xb65c, 0xb65c, 0xb65c, 0xb65c, 0xb65c, 0xb65c, 0xb63c, 0xae1c, 0xae1c, 0xb61c,
0xb63c, 0xb63c, 0xb63c, 0xb65c, 0xb65c, 0xb65c, 0xb65c, 0xb65c, 0xb65c, 0xb65c,
0xb65c, 0xb65c, 0xb65c, 0xb65c, 0xb65c, 0xb65c, 0xb65c, 0xb65c, 0xb65c, 0xb65c,
0xb65c, 0xb65c, 0xb65c, 0xb65c, 0xb65c, 0xb65c, 0xb65c, 0xb65c, 0xb65c, 0xb65c,
0xb65c, 0xb65c, 0xb65c, 0xb63c, 0xae1c, 0xae1c, 0xb61c, 0xb63c, 0xb63c, 0xb63c,
0xb65c, 0xb65c, 0xb65c, 0xb65c, 0xb65c, 0xb65c, 0xb65c, 0xb65c, 0xb63c, 0xb61c,
0xae1c, 0xae1c, 0xb63c, 0xb63c, 0xb63c, 0xb63c, 0xb65c, 0xb65c, 0xb65c, 0xb65c,
0xb65c, 0xb65c, 0xb65c, 0xb65c, 0xb65c, 0xb65c, 0xb65c, 0xb65c, 0xb65c, 0xb65c,
0xb65c, 0xb65c, 0xb65c, 0xb65c, 0xb65c, 0xb65c, 0xb65c, 0xb65c, 0xb65c, 0xb63c,
0xae1c, 0xae1c, 0xae1c, 0xb63c, 0xb63c, 0xb63c, 0xb63c, 0xb65c, 0xb65c, 0xb65c,
0xb65c, 0xb65c, 0xb63c, 0xae1c, 0xae1c, 0xae1c, 0xb63c, 0xb63c, 0xb63c, 0xb63c,
0xb65c, 0xb65c, 0xb65c, 0xb65c, 0xb65c, 0xb65c, 0xb65c, 0xb65c, 0xb65c, 0xb65c,
0xb65c, 0xb65c, 0xb65c, 0xb65c, 0xb65c, 0xb65c, 0xb65c, 0xb65c, 0xb65c, 0xb65c,
0xb65c, 0xb65c, 0xb65c, 0xb65c, 0xb65c, 0xb65c, 0xb65c, 0xb65c, 0xb65c, 0xb63c,
0xb61c, 0xae1c, 0xae1c, 0xb61c, 0xb63c, 0xae1c, 0xae1c, 0xae1c, 0xae1c, 0xae1c,
0xb63c, 0xb63c, 0xb63c, 0xb63c, 0xb65c, 0xb65c, 0xb65c, 0xb65c, 0xb65c, 0xb65c,
0xb65c, 0xb65c, 0xb65c, 0xb65c, 0xb65c, 0xb65c, 0xb65c, 0xb65c, 0xb65c, 0xb65c,
0xb65c, 0xb65c, 0xb65c, 0xb65c, 0xb65c, 0xb65c, 
0xb65c, 0xb65c, 0xb65c, 0xb65c, 0xb65c, 0xb65c, 0xb63c, 0xb61c, 0xb61c, 0xb63c,
0xb63c, 0xb63c, 0xb63c, 0xb65c, 0xb65c, 0xb65c, 0xb65c, 0xb65c, 0xb65c, 0xb65c,
0xb65c, 0xb65c, 0xb65c, 0xb65c, 0xb65c, 0xb65c, 0xb65c, 0xb65c, 0xb65c, 0xb65c,
0xb65c, 0xb65c, 0xb65c, 0xb65c, 0xb65c, 0xb65c, 0xb65c, 0xb65c, 0xb65c, 0xb65c,
0xb65c, 0xb65c, 0xb65c, 0xb63c, 0xb61c, 0xb61c, 0xb63c, 0xb63c, 0xb63c, 0xb63c,
0xb65c, 0xb65c, 0xb65c, 0xb65c, 0xb65c, 0xb65c, 0xb65c, 0xb65c, 0xb63c, 0xb63c,
0xb61c, 0xb61c, 0xb63c, 0xb63c, 0xb63c, 0xb63c, 0xb65c, 0xb65c, 0xb65c, 0xb65c,
0xb65c, 0xb65c, 0xb65c, 0xb65c, 0xb65c, 0xb65c, 0xb65c, 0xb65c, 0xb65c, 0xb65c,
0xb65c, 0xb65c, 0xb65c, 0xb65c, 0xb65c, 0xb65c, 0xb65c, 0xb65c, 0xb65c, 0xb63c,
0xb61c, 0xb61c, 0xb61c, 0xb63c, 0xb63c, 0xb63c, 0xb63c, 0xb65c, 0xb65c, 0xb65c,
0xb65c, 0xb65c, 0xb63c, 0xb63c, 0xb61c, 0xb61c, 0xb63c, 0xb63c, 0xb63c, 0xb63c,
0xb65c, 0xb65c, 0xb65c, 0xb65c, 0xb65c, 0xb65c, 0xb65c, 0xb65c, 0xb65c, 0xb65c,
0xb65c, 0xb65c, 0xb65c, 0xb65c, 0xb65c, 0xb65c, 0xb65c, 0xb65c, 0xb65c, 0xb65c,
0xb65c, 0xb65c, 0xb65c, 0xb65c, 0xb65c, 0xb65c, 0xb65c, 0xb65c, 0xb65c, 0xb63c,
0xb63c, 0xb61c, 0xb61c, 0xb63c, 0xb63c, 0xb63c, 0xb63c, 0xb63c, 0xb61c, 0xb61c,
0xb63c, 0xb63c, 0xb63c, 0xb63c, 0xb65c, 0xb65c, 0xb65c, 0xb65c, 0xb65c, 0xb65c,
0xb65c, 0xb65c, 0xb65c, 0xb65c, 0xb65c, 0xb65c, 0xb65c, 0xb65c, 0xb65c, 0xb65c,
0xb65c, 0xb65c, 0xb65c, 0xb65c, 0xb65c, 0xb65c, 
0xb65c, 0xb65c, 0xb65c, 0xb65c, 0xb65c, 0xb65c, 0xb63c, 0xb63c, 0xb63c, 0xb63c,
0xb63c, 0xb63c, 0xb63c, 0xb65c, 0xb65c, 0xb65c, 0xb65c, 0xb65c, 0xb65c, 0xb65c,
0xb65c, 0xb65c, 0xb65c, 0xb65c, 0xb65c, 0xb65c, 0xb65c, 0xb65c, 0xb65c, 0xb65c,
0xb65c, 0xb65c, 0xb65c, 0xb65c, 0xb65c, 0xb65c, 0xb65c, 0xb65c, 0xb65c, 0xb65c,
0xb65c, 0xb65c, 0xb65c, 0xb63c, 0xb63c, 0xb63c, 0xb63c, 0xb63c, 0xb63c, 0xb63c,
0xb65c, 0xb65c, 0xb65c, 0xb65c, 0xb65c, 0xb65c, 0xb65c, 0xb65c, 0xb65c, 0xb63c,
0xb63c, 0xb63c, 0xb63c, 0xb63c, 0xb63c, 0xb63c, 0xb65c, 0xb65c, 0xb65c, 0xb65c,
0xb65c, 0xb65c, 0xb65c, 0xb65c, 0xb65c, 0xb65c, 0xb65c, 0xb65c, 0xb65c, 0xb65c,
0xb65c, 0xb65c, 0xb65c, 0xb65c, 0xb65c, 0xb65c, 0xb65c, 0xb65c, 0xb65c, 0xb63c,
0xb63c, 0xb63c, 0xb63c, 0xb63c, 0xb63c, 0xb63c, 0xb65c, 0xb65c, 0xb65c, 0xb65c,
0xb65c, 0xb65c, 0xb65c, 0xb63c, 0xb63c, 0xb63c, 0xb63c, 0xb63c, 0xb63c, 0xb63c,
0xb65c, 0xb65c, 0xb65c, 0xb65c, 0xb65c, 0xb65c, 0xb65c, 0xb65c, 0xb65c, 0xb65c,
0xb65c, 0xb65c, 0xb65c, 0xb65c, 0xb65c, 0xb65c, 0xb65c, 0xb65c, 0xb65c, 0xb65c,
0xb65c, 0xb65c, 0xb65c, 0xb65c, 0xb65c, 0xb65c, 0xb65c, 0xb65c, 0xb65c, 0xb63c,
0xb63c, 0xb63c, 0xb63c, 0xb63c, 0xb63c, 0xb63c, 0xb63c, 0xb63c, 0xb63c, 0xb63c,
0xb63c, 0xb63c, 0xb63c, 0xb63c, 0xb63c, 0xb65c, 0xb65c, 0xb65c, 0xb65c, 0xb65c,
0xb65c, 0xb65c, 0xb65c, 0xb65c, 0xb65c, 0xb65c, 0xb65c, 0xb65c, 0xb65c, 0xb65c,
0xb65c, 0xb65c, 0xb65c, 0xb65c, 0xb65c, 0xb65c, 
0xb65c, 0xb65c, 0xb65c, 0xb65c, 0xb65c, 0xb65c, 0xb63c, 0xb63c, 0xb63c, 0xb63c,
0xb63c, 0xb63c, 0xb63c, 0xb65c, 0xb65c, 0xb65c, 0xb65c, 0xb65c, 0xb65c, 0xb65c,
0xb65c, 0xb65c, 0xb65c, 0xb65c, 0xb65c, 0xb65c, 0xb65c, 0xb65c, 0xb65c, 0xb65c,
0xb65c, 0xb65c, 0xb65c, 0xb65c, 0xb65c, 0xb65c, 0xb65c, 0xb65c, 0xb65c, 0xb65c,
0xb65c, 0xb65c, 0xb65c, 0xb63c, 0xb63c, 0xb63c, 0xb63c, 0xb63c, 0xb63c, 0xb63c,
0xb65c, 0xb65c, 0xb65c, 0xb65c, 0xb65c, 0xb65c, 0xb65c, 0xb65c, 0xb65c, 0xb63c,
0xb63c, 0xb63c, 0xb63c, 0xb63c, 0xb63c, 0xb63c, 0xb65c, 0xb65c, 0xb65c, 0xb65c,
0xb65c, 0xb65c, 0xb65c, 0xb65c, 0xb65c, 0xb65c, 0xb65c, 0xb65c, 0xb65c, 0xb65c,
0xb65c, 0xb65c, 0xb65c, 0xb65c, 0xb65c, 0xb65c, 0xb65c, 0xb65c, 0xb65c, 0xb63c,
0xb63c, 0xb63c, 0xb63c, 0xb63c, 0xb63c, 0xb63c, 0xb65c, 0xb65c, 0xb65c, 0xb65c,
0xb65c, 0xb65c, 0xb65c, 0xb63c, 0xb63c, 0xb63c, 0xb63c, 0xb63c, 0xb63c, 0xb63c,
0xb65c, 0xb65c, 0xb65c, 0xb65c, 0xb65c, 0xb65c, 0xb65c, 0xb65c, 0xb65c, 0xb65c,
0xb65c, 0xb65c, 0xb65c, 0xb65c, 0xb65c, 0xb65c, 0xb65c, 0xb65c, 0xb65c, 0xb65c,
0xb65c, 0xb65c, 0xb65c, 0xb65c, 0xb65c, 0xb65c, 0xb65c, 0xb65c, 0xb65c, 0xb63c,
0xb63c, 0xb63c, 0xb63c, 0xb63c, 0xb63c, 0xb63c, 0xb63c, 0xb65c, 0xb63c, 0xb63c,
0xb63c, 0xb63c, 0xb63c, 0xb63c, 0xb63c, 0xb63c, 0xb65c, 0xb65c, 0xb65c, 0xb65c,
0xb65c, 0xb65c, 0xb65c, 0xb65c, 0xb65c, 0xb65c, 0xb65c, 0xb65c, 0xb65c, 0xb65c,
0xb65c, 0xb65c, 0xb65c, 0xb65c, 0xb65c, 0xb65c, 
0xb65c, 0xb65c, 0xb65c, 0xb65c, 0xb65c, 0xb65c, 0xb63c, 0xb63c, 0xb63c, 0xb63c,
0xb63c, 0xb63c, 0xb63c, 0xb65c, 0xb65c, 0xb65c, 0xb65c, 0xb65c, 0xb65c, 0xb65c,
0xb65c, 0xb65c, 0xb65c, 0xb65c, 0xb65c, 0xb65c, 0xb65c, 0xb65c, 0xb65c, 0xb65c,
0xb65c, 0xb65c, 0xb65c, 0xb65c, 0xb65c, 0xb65c, 0xb65c, 0xb65c, 0xb65c, 0xb65c,
0xb65c, 0xb65c, 0xb65c, 0xb63c, 0xb63c, 0xb63c, 0xb63c, 0xb63c, 0xb63c, 0xb63c,
0xb65c, 0xb65c, 0xb65c, 0xb65c, 0xb65c, 0xb65c, 0xb65c, 0xb65c, 0xb65c, 0xb63c,
0xb63c, 0xb63c, 0xb63c, 0xb63c, 0xb63c, 0xb63c, 0xb65c, 0xb65c, 0xb65c, 0xb65c,
0xb65c, 0xb65c, 0xb65c, 0xb65c, 0xb65c, 0xb65c, 0xb65c, 0xb65c, 0xb65c, 0xb65c,
0xb65c, 0xb65c, 0xb65c, 0xb65c, 0xb65c, 0xb65c, 0xb65c, 0xb65c, 0xb65c, 0xb63c,
0xb63c, 0xb63c, 0xb63c, 0xb63c, 0xb63c, 0xb63c, 0xb65c, 0xb65c, 0xb65c, 0xb65c,
0xb65c, 0xb65c, 0xb65c, 0xb63c, 0xb63c, 0xb63c, 0xb63c, 0xb63c, 0xb63c, 0xb63c,
0xb65c, 0xb65c, 0xb65c, 0xb65c, 0xb65c, 0xb65c, 0xb65c, 0xb65c, 0xb65c, 0xb65c,
0xb65c, 0xb65c, 0xb65c, 0xb65c, 0xb65c, 0xb65c, 0xb65c, 0xb65c, 0xb65c, 0xb65c,
0xb65c, 0xb65c, 0xb65c, 0xb65c, 0xb65c, 0xb65c, 0xb65c, 0xb65c, 0xb65c, 0xb65c,
0xb63c, 0xb63c, 0xb63c, 0xb63c, 0xb63c, 0xb63c, 0xb65c, 0xb65c, 0xb65c, 0xb63c,
0xb63c, 0xb63c, 0xb63c, 0xb63c, 0xb63c, 0xb63c, 0xb63c, 0xb65c, 0xb65c, 0xb65c,
0xb65c, 0xb65c, 0xb65c, 0xb65c, 0xb65c, 0xb65c, 0xb65c, 0xb65c, 0xb65c, 0xb65c,
0xb65c, 0xb65c, 0xb65c, 0xb65c, 0xb65c, 0xb65c, 
0xb65c, 0xb65c, 0xb65c, 0xb65c, 0xb65c, 0xb65c, 0xb65c, 0xb63c, 0xb63c, 0xb63c,
0xb63c, 0xb63c, 0xb63c, 0xb63c, 0xb65c, 0xb65c, 0xb65c, 0xb65c, 0xb65c, 0xb65c,
0xb65c, 0xb65c, 0xb65c, 0xb65c, 0xb65c, 0xb65c, 0xb65c, 0xb65c, 0xb65c, 0xb65c,
0xb65c, 0xb65c, 0xb65c, 0xb65c, 0xb65c, 0xb65c, 0xb65c, 0xb65c, 0xb65c, 0xb65c,
0xb65c, 0xb65c, 0xb65c, 0xb63c, 0xb63c, 0xb63c, 0xb63c, 0xb63c, 0xb63c, 0xb63c,
0xb65c, 0xb65c, 0xb65c, 0xb65c, 0xb65c, 0xb65c, 0xb65c, 0xb65c, 0xb65c, 0xb63c,
0xb63c, 0xb63c, 0xb63c, 0xb63c, 0xb63c, 0xb63c, 0xb65c, 0xb65c, 0xb65c, 0xb65c,
0xb65c, 0xb65c, 0xb65c, 0xb65c, 0xb65c, 0xb65c, 0xb65c, 0xb65c, 0xb65c, 0xb65c,
0xb65c, 0xb65c, 0xb65c, 0xb65c, 0xb65c, 0xb65c, 0xb65c, 0xb65c, 0xb63c, 0xb63c,
0xb63c, 0xb63c, 0xb63c, 0xb63c, 0xb63c, 0xb63c, 0xb65c, 0xb65c, 0xb65c, 0xb65c,
0xb65c, 0xb65c, 0xb65c, 0xb63c, 0xb63c, 0xb63c, 0xb63c, 0xb63c, 0xb63c, 0xb63c,
0xb65c, 0xb65c, 0xb65c, 0xb65c, 0xb65c, 0xb65c, 0xb65c, 0xb65c, 0xb65c, 0xb65c,
0xb65c, 0xb65c, 0xb65c, 0xb65c, 0xb65c, 0xb65c, 0xb65c, 0xb65c, 0xb65c, 0xb65c,
0xb65c, 0xb65c, 0xb65c, 0xb65c, 0xb65c, 0xb65c, 0xb65c, 0xb65c, 0xb65c, 0xb65c,
0xb63c, 0xb63c, 0xb63c, 0xb63c, 0xb63c, 0xb63c, 0xb65c, 0xb65c, 0xb65c, 0xb65c,
0xb63c, 0xb63c, 0xb63c, 0xb63c, 0xb63c, 0xb63c, 0xb63c, 0xb63c, 0xb65c, 0xb65c,
0xb65c, 0xb65c, 0xb65c, 0xb65c, 0xb65c, 0xb65c, 0xb65c, 0xb65c, 0xb65c, 0xb65c,
0xb65c, 0xb65c, 0xb65c, 0xb65c, 0xb65c, 0xb65c, 
0xb65c, 0xb65c, 0xb65c, 0xb65c, 0xb65c, 0xb65c, 0xb65c, 0xb63c, 0xb63c, 0xb63c,
0xb63c, 0xb63c, 0xb63c, 0xb63c, 0xb65c, 0xb65c, 0xb65c, 0xb65c, 0xb65c, 0xb65c,
0xb65c, 0xb65c, 0xb65c, 0xb65c, 0xb65c, 0xb65c, 0xb65c, 0xb65c, 0xb65c, 0xb65c,
0xb65c, 0xb65c, 0xb65c, 0xb65c, 0xb65c, 0xb65c, 0xb65c, 0xb65c, 0xb65c, 0xb65c,
0xb65c, 0xb65c, 0xb65c, 0xb63c, 0xb63c, 0xb63c, 0xb63c, 0xb63c, 0xb63c, 0xb63c,
0xb65c, 0xb65c, 0xb65c, 0xb65c, 0xb65c, 0xb65c, 0xb65c, 0xb65c, 0xb65c, 0xb65c,
0xb63c, 0xb63c, 0xb63c, 0xb63c, 0xb63c, 0xb63c, 0xb65c, 0xb65c, 0xb65c, 0xb65c,
0xb65c, 0xb65c, 0xb65c, 0xb65c, 0xb65c, 0xb65c, 0xb65c, 0xb65c, 0xb65c, 0xb65c,
0xb65c, 0xb65c, 0xb65c, 0xb65c, 0xb65c, 0xb65c, 0xb65c, 0xb65c, 0xb63c, 0xb63c,
0xb63c, 0xb63c, 0xb63c, 0xb63c, 0xb63c, 0xb65c, 0xb65c, 0xb65c, 0xb65c, 0xb65c,
0xb65c, 0xb65c, 0xb65c, 0xb65c, 0xb63c, 0xb63c, 0xb63c, 0xb63c, 0xb63c, 0xb63c,
0xb65c, 0xb65c, 0xb65c, 0xb65c, 0xb65c, 0xb65c, 0xb65c, 0xb65c, 0xb65c, 0xb65c,
0xb65c, 0xb65c, 0xb65c, 0xb65c, 0xb65c, 0xb65c, 0xb65c, 0xb65c, 0xb65c, 0xb65c,
0xb65c, 0xb65c, 0xb65c, 0xb65c, 0xb65c, 0xb65c, 0xb65c, 0xb65c, 0xb65c, 0xb65c,
0xb63c, 0xb63c, 0xb63c, 0xb63c, 0xb63c, 0xb63c, 0xb63c, 0xb65c, 0xb65c, 0xb65c,
0xb65c, 0xb63c, 0xb63c, 0xb63c, 0xb63c, 0xb63c, 0xb63c, 0xb63c, 0xb63c, 0xb65c,
0xb65c, 0xb65c, 0xb65c, 0xb65c, 0xb65c, 0xb65c, 0xb65c, 0xb65c, 0xb65c, 0xb65c,
0xb65c, 0xb65c, 0xb65c, 0xb65c, 0xb65c, 0xb65c, 
0xb65c, 0xb65c, 0xb65c, 0xb65c, 0xb65c, 0xb65c, 0xb65c, 0xb65c, 0xb63c, 0xb63c,
0xb63c, 0xb63c, 0xb65c, 0xb65c, 0xb65c, 0xb65c, 0xb65c, 0xb65c, 0xb65c, 0xb65c,
0xb65c, 0xb65c, 0xb65c, 0xb65c, 0xb65c, 0xb65c, 0xb65c, 0xb65c, 0xb65c, 0xb65c,
0xb65c, 0xb65c, 0xb65c, 0xb65c, 0xb65c, 0xb65c, 0xb65c, 0xb65c, 0xb65c, 0xb65c,
0xb65c, 0xb65c, 0xb65c, 0xb63c, 0xb63c, 0xb63c, 0xb63c, 0xb65c, 0xb63c, 0xb63c,
0xb65c, 0xb65c, 0xb65c, 0xb65c, 0xb65c, 0xb65c, 0xb65c, 0xb65c, 0xb65c, 0xb65c,
0xb63c, 0xb63c, 0xb63c, 0xb63c, 0xb65c, 0xb65c, 0xb65c, 0xb65c, 0xb65c, 0xb65c,
0xb65c, 0xb65c, 0xb65c, 0xb65c, 0xb65c, 0xb65c, 0xb65c, 0xb65c, 0xb65c, 0xb65c,
0xb65c, 0xb65c, 0xb65c, 0xb65c, 0xb65c, 0xb65c, 0xb65c, 0xb65c, 0xb63c, 0xb63c,
0xb63c, 0xb63c, 0xb63c, 0xb63c, 0xb63c, 0xb65c, 0xb65c, 0xb65c, 0xb65c, 0xb65c,
0xb65c, 0xb65c, 0xb65c, 0xb65c, 0xb63c, 0xb63c, 0xb63c, 0xb63c, 0xb63c, 0xb65c,
0xb65c, 0xb65c, 0xb65c, 0xb65c, 0xb65c, 0xb65c, 0xb65c, 0xb65c, 0xb65c, 0xb65c,
0xb65c, 0xb65c, 0xb65c, 0xb65c, 0xb65c, 0xb65c, 0xb65c, 0xb65c, 0xb65c, 0xb65c,
0xb65c, 0xb65c, 0xb65c, 0xb65c, 0xb65c, 0xb65c, 0xb65c, 0xb65c, 0xb65c, 0xb65c,
0xb63c, 0xb63c, 0xb63c, 0xb63c, 0xb65c, 0xb63c, 0xb65c, 0xb65c, 0xb65c, 0xb65c,
0xb65c, 0xb65c, 0xb63c, 0xb63c, 0xb63c, 0xb63c, 0xb63c, 0xb65c, 0xb63c, 0xb65c,
0xb65c, 0xb65c, 0xb65c, 0xb65c, 0xb65c, 0xb65c, 0xb65c, 0xb65c, 0xb65c, 0xb65c,
0xb65c, 0xb65c, 0xb65c, 0xb65c, 0xb65c, 0xb65c, 
0xb65c, 0xb65c, 0xb65c, 0xb65c, 0xb65c, 0xb65c, 0xb65c, 0xb65c, 0xb63c, 0xb63c,
0xb63c, 0xb63c, 0xb65c, 0xb65c, 0xb65c, 0xb65c, 0xb65c, 0xb65c, 0xb65c, 0xb65c,
0xb65c, 0xb65c, 0xb65c, 0xb65c, 0xb65c, 0xb65c, 0xb65c, 0xb65c, 0xb65c, 0xb65c,
0xb65c, 0xb65c, 0xb65c, 0xb65c, 0xb65c, 0xb65c, 0xb65c, 0xb65c, 0xb65c, 0xb65c,
0xb65c, 0xb65c, 0xb65c, 0xb63c, 0xb63c, 0xb63c, 0xb63c, 0xb65c, 0xb63c, 0xb65c,
0xb65c, 0xb65c, 0xb65c, 0xb65c, 0xb65c, 0xb65c, 0xb65c, 0xb65c, 0xb65c, 0xb65c,
0xb65c, 0xb63c, 0xb63c, 0xb63c, 0xb63c, 0xb65c, 0xb65c, 0xb65c, 0xb65c, 0xb65c,
0xb65c, 0xb65c, 0xb65c, 0xb65c, 0xb65c, 0xb65c, 0xb65c, 0xb65c, 0xb65c, 0xb65c,
0xb65c, 0xb65c, 0xb65c, 0xb65c, 0xb65c, 0xb65c, 0xb65c, 0xb65c, 0xb63c, 0xb63c,
0xb63c, 0xb63c, 0xb63c, 0xb63c, 0xb63c, 0xb65c, 0xb65c, 0xb65c, 0xb65c, 0xb65c,
0xb65c, 0xb65c, 0xb65c, 0xb65c, 0xb65c, 0xb63c, 0xb63c, 0xb63c, 0xb63c, 0xb65c,
0xb65c, 0xb65c, 0xb65c, 0xb65c, 0xb65c, 0xb65c, 0xb65c, 0xb65c, 0xb65c, 0xb65c,
0xb65c, 0xb65c, 0xb65c, 0xb65c, 0xb65c, 0xb65c, 0xb65c, 0xb65c, 0xb65c, 0xb65c,
0xb65c, 0xb65c, 0xb65c, 0xb65c, 0xb65c, 0xb65c, 0xb65c, 0xb65c, 0xb65c, 0xb65c,
0xb63c, 0xb63c, 0xb63c, 0xb63c, 0xb65c, 0xb63c, 0xb65c, 0xb65c, 0xb65c, 0xb65c,
0xb65c, 0xb65c, 0xb65c, 0xb63c, 0xb63c, 0xb63c, 0xb63c, 0xb63c, 0xb65c, 0xb65c,
0xb65c, 0xb65c, 0xb65c, 0xb65c, 0xb65c, 0xb65c, 0xb65c, 0xb65c, 0xb65c, 0xb65c,
0xb65c, 0xb65c, 0xb65c, 0xb65c, 0xb65c, 0xb65c, 

};

const struct bitmap bm_clock_logo = { 
    .width = BMPWIDTH_clock_logo, 
    .height = BMPHEIGHT_clock_logo, 
    .format = FORMAT_NATIVE, 
    .data = (unsigned char*)clock_logo,
};
