#include "lcd.h"
#include "/home/david/Documents/RockBox_Personal-master/build-sim-nano2g/pluginbitmaps/minishcap_room_links_house_smith.h"
const unsigned short minishcap_room_links_house_smith[] = {
0xd44d, 0xd44d, 0xd44d, 0xd44d, 0xd44d, 0xd44d, 0xd44d, 0xd44d, 0xd44d, 0xd44d,
0xd44d, 0xd44d, 0xd44d, 0xd44d, 0xd44d, 0x924b, 0xedf0, 0xfef4, 0xfef4, 0xfef4,
0xfef4, 0xfef4, 0xfef4, 0xfef4, 0xfef4, 0xfef4, 0xfef4, 0xfef4, 0xfef4, 0xfef4,
0xfef4, 0xfef4, 0xfef4, 0xfef4, 0xfef4, 0xfef4, 0xfef4, 0xfef4, 0xfef4, 0xfef4,
0xfef4, 0xfef4, 0xfef4, 0xfef4, 0xfef4, 0xfef4, 0xfef4, 0xfef4, 0xfef4, 0xfef4,
0xfef4, 0xfef4, 0xfef4, 0xfef4, 0xfef4, 0xfef4, 0xfef4, 0xfef4, 0xfef4, 0xfef4,
0xfef4, 0xfef4, 0xfef4, 0xfef4, 0xfef4, 0xfef4, 0xfef4, 0xfef4, 0xfef4, 0xfef4,
0xfef4, 0xfef4, 0xfef4, 0xfef4, 0xfef4, 0xfef4, 0xfef4, 0xfef4, 0xfef4, 0xfef4,
0xfef4, 0xfef4, 0xfef4, 0xfef4, 0xfef4, 0xfef4, 0xfef4, 0xfef4, 0xfef4, 0xfef4,
0xfef4, 0xfef4, 0xfef4, 0xfef4, 0xfef4, 0xfef4, 0xfef4, 0xfef4, 0xfef4, 0xfef4,
0xfef4, 0xfef4, 0xfef4, 0xfef4, 0xfef4, 0xfef4, 0xfef4, 0xfef4, 0xfef4, 0xfef4,
0xfef4, 0xfef4, 0xedf0, 0xfef4, 0xfef4, 0xfef4, 0xfef4, 0xfef4, 0xfef4, 0xfef4,
0xfef4, 0xfef4, 0xfef4, 0xfef4, 0xfef4, 0xfef4, 0xfef4, 0xedf0, 0xfef4, 0xfef4,
0xfef4, 0xfef4, 0xfef4, 0xfef4, 0xfef4, 0xfef4, 0xfef4, 0xfef4, 0xfef4, 0xfef4,
0xfef4, 0xfef4, 0xfef4, 0xfef4, 0xfef4, 0xfef4, 0xfef4, 0xfef4, 0xfef4, 0xfef4,
0xfef4, 0xfef4, 0xfef4, 0xfef4, 0xfef4, 0xfef4, 0xfef4, 0xfef4, 0xfef4, 0xfef4,
0xfef4, 0xfef4, 0xfef4, 0xfef4, 0xfef4, 0xfef4, 0xfef4, 0xfef4, 0xfef4, 0xfef4,
0xfef4, 0xfef4, 0xfef4, 0xfef4, 0xfef4, 0xfef4, 0xfef4, 0xfef4, 0xfef4, 0xfef4,
0xfef4, 0xfef4, 0xfef4, 0xfef4, 0xfef4, 0xfef4, 0xfef4, 0xfef4, 0xfef4, 0xfef4,
0xfef4, 0xfef4, 0xfef4, 0xfef4, 0xfef4, 0xfef4, 0xfef4, 0xfef4, 0xfef4, 0xfef4,
0xfef4, 0xfef4, 0xfef4, 0xfef4, 0xfef4, 0xfef4, 0xfef4, 0xfef4, 0xfef4, 0xfef4,
0xfef4, 0xfef4, 0xfef4, 0xfef4, 0xfef4, 0xfef4, 0xfef4, 0xfef4, 0xfef4, 0xfef4,
0xfef4, 0xfef4, 0xfef4, 0xedf0, 0x924b, 0xd44d, 0xd44d, 0xd44d, 0xd44d, 0xd44d,
0xd44d, 0xd44d, 0xd44d, 0xd44d, 0xd44d, 0xd44d, 0xd44d, 0xd44d, 0xd44d, 0xd44d,

0xd44d, 0xedf0, 0xfef4, 0xfef4, 0xfef4, 0xfef4, 0xfef4, 0xfef4, 0xfef4, 0xfef4,
0xfef4, 0xfef4, 0xfef4, 0xedf0, 0xd44d, 0x924b, 0xedf0, 0xfef4, 0xfef4, 0xfef4,
0xfef4, 0xfef4, 0xfef4, 0xfef4, 0xfef4, 0xfef4, 0xfef4, 0xfef4, 0xfef4, 0xfef4,
0xfef4, 0xfef4, 0xfef4, 0xfef4, 0xfef4, 0xedf0, 0xfef4, 0xfef4, 0xfef4, 0xfef4,
0xfef4, 0xfef4, 0xfef4, 0xfef4, 0xfef4, 0xfef4, 0xfef4, 0xfef4, 0xfef4, 0xfef4,
0xfef4, 0xedf0, 0xfef4, 0xfef4, 0xfef4, 0xfef4, 0xfef4, 0xfef4, 0xfef4, 0xfef4,
0xfef4, 0xfef4, 0xfef4, 0xfef4, 0xfef4, 0xfef4, 0xfef4, 0xfef4, 0xedf0, 0xfef4,
0xfef4, 0xfef4, 0xfef4, 0xfef4, 0xfef4, 0xfef4, 0xfef4, 0xfef4, 0xfef4, 0xfef4,
0xfef4, 0xfef4, 0xfef4, 0xfef4, 0xedf0, 0xfef4, 0xfef4, 0xfef4, 0xfef4, 0xfef4,
0xfef4, 0xfef4, 0xfef4, 0xfef4, 0xfef4, 0xfef4, 0xfef4, 0xfef4, 0xfef4, 0xedf0,
0xfef4, 0xfef4, 0xfef4, 0xfef4, 0xfef4, 0xfef4, 0xfef4, 0xfef4, 0xfef4, 0xfef4,
0xfef4, 0xfef4, 0xedf0, 0xfef4, 0xfef4, 0xfef4, 0xfef4, 0xfef4, 0xfef4, 0xfef4,
0xfef4, 0xfef4, 0xfef4, 0xfef4, 0xfef4, 0xfef4, 0xfef4, 0xedf0, 0xfef4, 0xfef4,
0xfef4, 0xfef4, 0xfef4, 0xfef4, 0xfef4, 0xfef4, 0xfef4, 0xfef4, 0xfef4, 0xfef4,
0xfef4, 0xfef4, 0xfef4, 0xfef4, 0xfef4, 0xfef4, 0xfef4, 0xfef4, 0xedf0, 0xfef4,
0xfef4, 0xfef4, 0xfef4, 0xfef4, 0xfef4, 0xfef4, 0xfef4, 0xfef4, 0xfef4, 0xfef4,
0xfef4, 0xfef4, 0xfef4, 0xedf0, 0xfef4, 0xfef4, 0xfef4, 0xfef4, 0xfef4, 0xfef4,
0xfef4, 0xfef4, 0xfef4, 0xfef4, 0xfef4, 0xfef4, 0xfef4, 0xfef4, 0xfef4, 0xfef4,
0xedf0, 0xfef4, 0xfef4, 0xfef4, 0xfef4, 0xfef4, 0xfef4, 0xfef4, 0xfef4, 0xfef4,
0xfef4, 0xfef4, 0xfef4, 0xfef4, 0xfef4, 0xedf0, 0xfef4, 0xfef4, 0xfef4, 0xfef4,
0xfef4, 0xfef4, 0xfef4, 0xfef4, 0xfef4, 0xfef4, 0xfef4, 0xfef4, 0xfef4, 0xfef4,
0xfef4, 0xfef4, 0xfef4, 0xfef4, 0xfef4, 0xfef4, 0xfef4, 0xfef4, 0xfef4, 0xfef4,
0xfef4, 0xfef4, 0xfef4, 0xedf0, 0x924b, 0xd44d, 0xedf0, 0xfef4, 0xfef4, 0xfef4,
0xfef4, 0xfef4, 0xfef4, 0xfef4, 0xfef4, 0xfef4, 0xfef4, 0xfef4, 0xedf0, 0xd44d,

0xd44d, 0xfef4, 0xfef4, 0xfef4, 0xfef4, 0xfef4, 0xfef4, 0xfef4, 0xfef4, 0xfef4,
0xfef4, 0xfef4, 0xfef4, 0xfef4, 0xd44d, 0x924b, 0x924b, 0x924b, 0xbb4b, 0xbb4b,
0xbb4b, 0xd44d, 0xbb4b, 0xbb4b, 0xd44d, 0xd44d, 0xd44d, 0xd44d, 0xd44d, 0xd44d,
0xd44d, 0xd44d, 0xd44d, 0xd44d, 0xd44d, 0xd44d, 0xd44d, 0xd44d, 0xd44d, 0xd44d,
0xd44d, 0xd44d, 0xd44d, 0xd44d, 0xd44d, 0xd44d, 0xd44d, 0xd44d, 0xd44d, 0xd44d,
0xd44d, 0xd44d, 0xd44d, 0xd44d, 0xd44d, 0xd44d, 0xd44d, 0xd44d, 0xd44d, 0xd44d,
0xd44d, 0xd44d, 0xd44d, 0xd44d, 0xd44d, 0xd44d, 0xd44d, 0xedf0, 0xedf0, 0xd44d,
0xd44d, 0xd44d, 0xd44d, 0xd44d, 0xd44d, 0xd44d, 0xd44d, 0xd44d, 0xd44d, 0xd44d,
0xd44d, 0xd44d, 0xd44d, 0xedf0, 0xedf0, 0xd44d, 0xd44d, 0xd44d, 0xd44d, 0xd44d,
0xd44d, 0xd44d, 0xd44d, 0xd44d, 0xd44d, 0xd44d, 0xd44d, 0xd44d, 0xd44d, 0xd44d,
0xd44d, 0xd44d, 0xd44d, 0xd44d, 0xd44d, 0xd44d, 0xd44d, 0xd44d, 0xd44d, 0xd44d,
0xd44d, 0xd44d, 0xedf0, 0xfef4, 0xfef4, 0xfef4, 0xfef4, 0xfef4, 0xfef4, 0xfef4,
0xfef4, 0xfef4, 0xfef4, 0xfef4, 0xfef4, 0xfef4, 0xfef4, 0xedf0, 0xd44d, 0xd44d,
0xd44d, 0xd44d, 0xd44d, 0xd44d, 0xd44d, 0xd44d, 0xd44d, 0xd44d, 0xd44d, 0xd44d,
0xd44d, 0xd44d, 0xd44d, 0xd44d, 0xd44d, 0xd44d, 0xd44d, 0xedf0, 0xedf0, 0xd44d,
0xd44d, 0xd44d, 0xd44d, 0xd44d, 0xd44d, 0xd44d, 0xd44d, 0xd44d, 0xd44d, 0xd44d,
0xd44d, 0xd44d, 0xd44d, 0xd44d, 0xd44d, 0xd44d, 0xd44d, 0xd44d, 0xd44d, 0xd44d,
0xd44d, 0xd44d, 0xd44d, 0xd44d, 0xd44d, 0xd44d, 0xd44d, 0xd44d, 0xd44d, 0xedf0,
0xedf0, 0xd44d, 0xd44d, 0xd44d, 0xd44d, 0xd44d, 0xd44d, 0xd44d, 0xd44d, 0xd44d,
0xd44d, 0xd44d, 0xd44d, 0xd44d, 0xd44d, 0xd44d, 0xd44d, 0xd44d, 0xd44d, 0xd44d,
0xd44d, 0xd44d, 0xd44d, 0xd44d, 0xd44d, 0xd44d, 0xd44d, 0xd44d, 0xd44d, 0xd44d,
0xd44d, 0xd44d, 0xd44d, 0xd44d, 0xd44d, 0xd44d, 0xbb4b, 0xbb4b, 0xd44d, 0xbb4b,
0xbb4b, 0xbb4b, 0x924b, 0x924b, 0x924b, 0xd44d, 0xfef4, 0xfef4, 0xfef4, 0xfef4,
0xfef4, 0xfef4, 0xfef4, 0xfef4, 0xfef4, 0xfef4, 0xfef4, 0xfef4, 0xfef4, 0xd44d,

0xd44d, 0xfef4, 0xfef4, 0xfef4, 0xfef4, 0xfef4, 0xfef4, 0xfef4, 0xfef4, 0xfef4,
0xfef4, 0xfef4, 0xfef4, 0xfef4, 0xd44d, 0x924b, 0x924b, 0xbb4b, 0xd44d, 0xd44d,
0xd44d, 0xd44d, 0xd44d, 0xd44d, 0xd44d, 0xd44d, 0xd44d, 0xd44d, 0xd44d, 0xd44d,
0xd44d, 0xd44d, 0xd44d, 0xd44d, 0xd44d, 0xd44d, 0xd44d, 0xd44d, 0xd44d, 0xd44d,
0xd44d, 0xd44d, 0xd44d, 0xd44d, 0xd44d, 0xd44d, 0xd44d, 0xd44d, 0xd44d, 0xd44d,
0xd44d, 0xd44d, 0xd44d, 0xd44d, 0xd44d, 0xd44d, 0xd44d, 0xd44d, 0xd44d, 0xd44d,
0xd44d, 0xd44d, 0xd44d, 0xd44d, 0xd44d, 0xd44d, 0xd44d, 0xd44d, 0xd44d, 0xd44d,
0xd44d, 0xd44d, 0xd44d, 0xd44d, 0xd44d, 0xd44d, 0xd44d, 0xd44d, 0xd44d, 0xd44d,
0xd44d, 0xd44d, 0xd44d, 0xd44d, 0xd44d, 0xd44d, 0xd44d, 0xd44d, 0xd44d, 0xd44d,
0xd44d, 0xd44d, 0xd44d, 0xd44d, 0xd44d, 0xd44d, 0xd44d, 0xd44d, 0xd44d, 0xd44d,
0xd44d, 0xd44d, 0xd44d, 0xd44d, 0xbb4b, 0xfef4, 0xfef4, 0xfef4, 0xfef4, 0xfef4,
0xfef4, 0xbb4b, 0xbb4b, 0xfef4, 0xfef4, 0xfef4, 0xfef4, 0xfef4, 0xfef4, 0xfef4,
0xfef4, 0xfef4, 0xfef4, 0xfef4, 0xfef4, 0xfef4, 0xfef4, 0xbb4b, 0xbb4b, 0xfef4,
0xfef4, 0xfef4, 0xedf0, 0xfef4, 0xfef4, 0xbb4b, 0xd44d, 0xd44d, 0xd44d, 0xd44d,
0xd44d, 0xd44d, 0xd44d, 0xd44d, 0xd44d, 0xd44d, 0xd44d, 0xd44d, 0xd44d, 0xd44d,
0xd44d, 0xd44d, 0xd44d, 0xd44d, 0xd44d, 0xd44d, 0xd44d, 0xd44d, 0xd44d, 0xd44d,
0xd44d, 0xd44d, 0xd44d, 0xd44d, 0xd44d, 0xd44d, 0xd44d, 0xd44d, 0xd44d, 0xd44d,
0xd44d, 0xd44d, 0xd44d, 0xd44d, 0xd44d, 0xd44d, 0xd44d, 0xd44d, 0xd44d, 0xd44d,
0xd44d, 0xd44d, 0xd44d, 0xd44d, 0xd44d, 0xd44d, 0xd44d, 0xd44d, 0xd44d, 0xd44d,
0xd44d, 0xd44d, 0xd44d, 0xd44d, 0xd44d, 0xd44d, 0xd44d, 0xd44d, 0xd44d, 0xd44d,
0xd44d, 0xd44d, 0xd44d, 0xd44d, 0xd44d, 0xd44d, 0xd44d, 0xd44d, 0xd44d, 0xd44d,
0xd44d, 0xd44d, 0xd44d, 0xd44d, 0xd44d, 0xd44d, 0xd44d, 0xd44d, 0xd44d, 0xd44d,
0xd44d, 0xd44d, 0xbb4b, 0x924b, 0x924b, 0xd44d, 0xfef4, 0xfef4, 0xfef4, 0xfef4,
0xfef4, 0xfef4, 0xfef4, 0xfef4, 0xfef4, 0xfef4, 0xfef4, 0xfef4, 0xfef4, 0xd44d,

0xd44d, 0xfef4, 0xfef4, 0xfef4, 0xfef4, 0xfef4, 0xfef4, 0xfef4, 0xfef4, 0xfef4,
0xfef4, 0xfef4, 0xfef4, 0xfef4, 0xd44d, 0x924b, 0x694a, 0xbb4b, 0xd44d, 0xd44d,
0xd44d, 0xd44d, 0xd44d, 0xd44d, 0xd44d, 0xd44d, 0xd44d, 0xd44d, 0xd44d, 0xd44d,
0xd44d, 0xd44d, 0xd44d, 0xd44d, 0xd44d, 0xd44d, 0xd44d, 0xd44d, 0xd44d, 0xd44d,
0xd44d, 0xd44d, 0xd44d, 0xd44d, 0xd44d, 0xd44d, 0xd44d, 0xd44d, 0xd44d, 0xd44d,
0xd44d, 0xd44d, 0xd44d, 0xd44d, 0xd44d, 0xd44d, 0xd44d, 0xd44d, 0xd44d, 0xd44d,
0xd44d, 0xd44d, 0xd44d, 0xd44d, 0xd44d, 0xd44d, 0xd44d, 0xd44d, 0xd44d, 0xd44d,
0xd44d, 0xd44d, 0xd44d, 0xd44d, 0xd44d, 0xd44d, 0xd44d, 0xd44d, 0xd44d, 0xd44d,
0xd44d, 0xd44d, 0xd44d, 0xd44d, 0xd44d, 0xd44d, 0xd44d, 0xd44d, 0xd44d, 0xd44d,
0xd44d, 0xd44d, 0xd44d, 0xd44d, 0xd44d, 0xd44d, 0xd44d, 0xd44d, 0xd44d, 0xd44d,
0xd44d, 0xd44d, 0xd44d, 0xd44d, 0xbb4b, 0xfef4, 0xfef4, 0xfef4, 0xfef4, 0xfef4,
0xfef4, 0xbb4b, 0xbb4b, 0xfef4, 0xfef4, 0xfef4, 0xfef4, 0xfef4, 0xfef4, 0xfef4,
0xfef4, 0xfef4, 0xfef4, 0xfef4, 0xfef4, 0xfef4, 0xfef4, 0xbb4b, 0xbb4b, 0xfef4,
0xfef4, 0xfef4, 0xfef4, 0xfef4, 0xfef4, 0xbb4b, 0xd44d, 0xd44d, 0xd44d, 0xd44d,
0xd44d, 0xd44d, 0xd44d, 0xd44d, 0xd44d, 0xd44d, 0xd44d, 0xd44d, 0xd44d, 0xd44d,
0xd44d, 0xd44d, 0xd44d, 0xd44d, 0xd44d, 0xd44d, 0xd44d, 0xd44d, 0xd44d, 0xd44d,
0xd44d, 0xd44d, 0xd44d, 0xd44d, 0xd44d, 0xd44d, 0xd44d, 0xd44d, 0xd44d, 0xd44d,
0xd44d, 0xd44d, 0xd44d, 0xd44d, 0xd44d, 0xd44d, 0xd44d, 0xd44d, 0xd44d, 0xd44d,
0xd44d, 0xd44d, 0xd44d, 0xd44d, 0xd44d, 0xd44d, 0xd44d, 0xd44d, 0xd44d, 0xd44d,
0xd44d, 0xd44d, 0xd44d, 0xd44d, 0xd44d, 0xd44d, 0xd44d, 0xd44d, 0xd44d, 0xd44d,
0xd44d, 0xd44d, 0xd44d, 0xd44d, 0xd44d, 0xd44d, 0xd44d, 0xd44d, 0xd44d, 0xd44d,
0xd44d, 0xd44d, 0xd44d, 0xd44d, 0xd44d, 0xd44d, 0xd44d, 0xd44d, 0xd44d, 0xd44d,
0xd44d, 0xd44d, 0xbb4b, 0x694a, 0x924b, 0xd44d, 0xfef4, 0xfef4, 0xfef4, 0xfef4,
0xfef4, 0xfef4, 0xfef4, 0xfef4, 0xfef4, 0xfef4, 0xfef4, 0xfef4, 0xfef4, 0xd44d,

0xd44d, 0xfef4, 0xfef4, 0xfef4, 0xfef4, 0xfef4, 0xfef4, 0xfef4, 0xfef4, 0xfef4,
0xfef4, 0xfef4, 0xfef4, 0xfef4, 0xd44d, 0x924b, 0x694a, 0x924b, 0xbb4b, 0xbb4b,
0xd44d, 0xd44d, 0xd44d, 0xd44d, 0xd44d, 0xd44d, 0xd44d, 0xd44d, 0xd44d, 0xd44d,
0xd44d, 0xd44d, 0xd44d, 0xd44d, 0xd44d, 0xd44d, 0xd44d, 0xd44d, 0xd44d, 0xd44d,
0xd44d, 0xd44d, 0xd44d, 0xd44d, 0xd44d, 0xd44d, 0xd44d, 0xd44d, 0xd44d, 0xd44d,
0xd44d, 0xd44d, 0xd44d, 0xd44d, 0xd44d, 0xd44d, 0xd44d, 0xd44d, 0xd44d, 0xd44d,
0xd44d, 0xd44d, 0xd44d, 0xd44d, 0xd44d, 0xd44d, 0xd44d, 0xd44d, 0xd44d, 0xd44d,
0xd44d, 0xd44d, 0xd44d, 0xd44d, 0xd44d, 0xd44d, 0xd44d, 0xd44d, 0xd44d, 0xd44d,
0xd44d, 0xd44d, 0xd44d, 0xd44d, 0xd44d, 0xd44d, 0xd44d, 0xd44d, 0xd44d, 0xd44d,
0xd44d, 0xd44d, 0xd44d, 0xd44d, 0xd44d, 0xd44d, 0xd44d, 0xd44d, 0xd44d, 0xd44d,
0xd44d, 0xd44d, 0xd44d, 0xd44d, 0xbb4b, 0xfef4, 0xfef4, 0xfef4, 0xfef4, 0xfef4,
0xfef4, 0x924b, 0xbb4b, 0xfef4, 0xfef4, 0xfef4, 0xedf0, 0xfef4, 0xfef4, 0xfef4,
0xfef4, 0xfef4, 0xedf0, 0xedf0, 0xfef4, 0xfef4, 0xfef4, 0xbb4b, 0x924b, 0xfef4,
0xfef4, 0xfef4, 0xfef4, 0xfef4, 0xfef4, 0xbb4b, 0xd44d, 0xd44d, 0xd44d, 0xd44d,
0xd44d, 0xd44d, 0xd44d, 0xd44d, 0xd44d, 0xd44d, 0xd44d, 0xd44d, 0xd44d, 0xd44d,
0xd44d, 0xd44d, 0xd44d, 0xd44d, 0xd44d, 0xd44d, 0xd44d, 0xd44d, 0xd44d, 0xd44d,
0xd44d, 0xd44d, 0xd44d, 0xd44d, 0xd44d, 0xd44d, 0xd44d, 0xd44d, 0xd44d, 0xd44d,
0xd44d, 0xd44d, 0xd44d, 0xd44d, 0xd44d, 0xd44d, 0xd44d, 0xd44d, 0xd44d, 0xd44d,
0xd44d, 0xd44d, 0xd44d, 0xd44d, 0xd44d, 0xd44d, 0xd44d, 0xd44d, 0xd44d, 0xd44d,
0xd44d, 0xd44d, 0xd44d, 0xd44d, 0xd44d, 0xd44d, 0xd44d, 0xd44d, 0xd44d, 0xd44d,
0xd44d, 0xd44d, 0xd44d, 0xd44d, 0xd44d, 0xd44d, 0xd44d, 0xd44d, 0xd44d, 0xd44d,
0xd44d, 0xd44d, 0xd44d, 0xd44d, 0xd44d, 0xd44d, 0xd44d, 0xd44d, 0xd44d, 0xd44d,
0xbb4b, 0xbb4b, 0x924b, 0x694a, 0x924b, 0xd44d, 0xfef4, 0xfef4, 0xfef4, 0xfef4,
0xfef4, 0xfef4, 0xfef4, 0xfef4, 0xfef4, 0xfef4, 0xfef4, 0xfef4, 0xfef4, 0xd44d,

0xd44d, 0xfef4, 0xfef4, 0xfef4, 0xfef4, 0xfef4, 0xfef4, 0xfef4, 0xfef4, 0xfef4,
0xfef4, 0xfef4, 0xfef4, 0xedf0, 0xd44d, 0x924b, 0x694a, 0x924b, 0xd44d, 0xd44d,
0xd44d, 0xd44d, 0xd44d, 0xd44d, 0xd44d, 0xd44d, 0xd44d, 0xd44d, 0xd44d, 0xd44d,
0x924b, 0xbb4b, 0xbb4b, 0xbb4b, 0xd44d, 0xd44d, 0xd44d, 0xd44d, 0xd44d, 0xd44d,
0xd44d, 0xd44d, 0xd44d, 0xd44d, 0xd44d, 0xd44d, 0xd44d, 0xd44d, 0xbb4b, 0xbb4b,
0xd44d, 0xd44d, 0xd44d, 0xd44d, 0xd44d, 0xd44d, 0xd44d, 0xd44d, 0xd44d, 0xd44d,
0xd44d, 0xd44d, 0xd44d, 0xd44d, 0xd44d, 0xd44d, 0xd44d, 0xd44d, 0xd44d, 0x924b,
0xbb4b, 0xbb4b, 0xd44d, 0xd44d, 0xd44d, 0xd44d, 0xd44d, 0xd44d, 0xd44d, 0xd44d,
0xd44d, 0xd44d, 0xd44d, 0xd44d, 0xd44d, 0x924b, 0xbb4b, 0xbb4b, 0xd44d, 0xd44d,
0xd44d, 0xd44d, 0xd44d, 0xd44d, 0xd44d, 0xd44d, 0xbb4b, 0xbb4b, 0xd44d, 0xd44d,
0xd44d, 0xd44d, 0xd44d, 0xd44d, 0x924b, 0xfef4, 0xfef4, 0xedf0, 0xfef4, 0xfef4,
0xfef4, 0x924b, 0x924b, 0xedf0, 0xd44d, 0xd44d, 0xd44d, 0xd44d, 0xd44d, 0xd44d,
0xd44d, 0xd44d, 0xd44d, 0xd44d, 0xd44d, 0xd44d, 0xedf0, 0x924b, 0x924b, 0xfef4,
0xfef4, 0xfef4, 0xfef4, 0xfef4, 0xfef4, 0x924b, 0xd44d, 0xd44d, 0xd44d, 0xd44d,
0xd44d, 0xd44d, 0xd44d, 0xd44d, 0xd44d, 0xd44d, 0xd44d, 0xd44d, 0xd44d, 0x924b,
0xbb4b, 0xbb4b, 0xd44d, 0xd44d, 0xd44d, 0xd44d, 0xd44d, 0xd44d, 0xd44d, 0xd44d,
0xbb4b, 0xbb4b, 0xd44d, 0xd44d, 0xd44d, 0xd44d, 0xd44d, 0xd44d, 0xd44d, 0xd44d,
0xd44d, 0xd44d, 0xd44d, 0xd44d, 0xd44d, 0xd44d, 0xd44d, 0xd44d, 0xd44d, 0xd44d,
0xd44d, 0x924b, 0xbb4b, 0xbb4b, 0xd44d, 0xd44d, 0xd44d, 0xd44d, 0xd44d, 0xd44d,
0xd44d, 0xd44d, 0xbb4b, 0xbb4b, 0xd44d, 0xd44d, 0xd44d, 0xd44d, 0xd44d, 0xd44d,
0xd44d, 0xd44d, 0xd44d, 0xd44d, 0xd44d, 0xd44d, 0xd44d, 0xd44d, 0xbb4b, 0x924b,
0xd44d, 0xd44d, 0xd44d, 0xd44d, 0xd44d, 0xd44d, 0xd44d, 0xd44d, 0xd44d, 0xd44d,
0xd44d, 0xd44d, 0x924b, 0x694a, 0x924b, 0xd44d, 0xedf0, 0xfef4, 0xfef4, 0xfef4,
0xfef4, 0xfef4, 0xfef4, 0xfef4, 0xfef4, 0xfef4, 0xfef4, 0xfef4, 0xfef4, 0xd44d,

0xd44d, 0xfef4, 0xfef4, 0xfef4, 0xfef4, 0xfef4, 0xfef4, 0xfef4, 0xfef4, 0xfef4,
0xfef4, 0xfef4, 0xfef4, 0xfef4, 0xd44d, 0x924b, 0x924b, 0x694a, 0x924b, 0x924b,
0x924b, 0x924b, 0x924b, 0x924b, 0x924b, 0x924b, 0x924b, 0x924b, 0x924b, 0x924b,
0x924b, 0x924b, 0x924b, 0x924b, 0x924b, 0x924b, 0x924b, 0x924b, 0x924b, 0x924b,
0x924b, 0x924b, 0x924b, 0x924b, 0x924b, 0x924b, 0x924b, 0x924b, 0x924b, 0x924b,
0x924b, 0x924b, 0x924b, 0x924b, 0x924b, 0x924b, 0x924b, 0x924b, 0x924b, 0x924b,
0x924b, 0x924b, 0x924b, 0x924b, 0x924b, 0x924b, 0x924b, 0x924b, 0x924b, 0x924b,
0x924b, 0x924b, 0x924b, 0x924b, 0x924b, 0x924b, 0x924b, 0x924b, 0x924b, 0x924b,
0x924b, 0x924b, 0x924b, 0x924b, 0x924b, 0x924b, 0x924b, 0x924b, 0x924b, 0x924b,
0x924b, 0x924b, 0x924b, 0x924b, 0x924b, 0x924b, 0x924b, 0x924b, 0x924b, 0x924b,
0x924b, 0x924b, 0x924b, 0x924b, 0x924b, 0xd44d, 0xd44d, 0xd44d, 0xd44d, 0xd44d,
0xd44d, 0x924b, 0x924b, 0xd44d, 0xd44d, 0xd44d, 0xbb4b, 0xbb4b, 0xbb4b, 0xbb4b,
0xbb4b, 0xbb4b, 0xbb4b, 0xbb4b, 0xd44d, 0xd44d, 0xd44d, 0x924b, 0x924b, 0xd44d,
0xd44d, 0xd44d, 0xd44d, 0xd44d, 0xd44d, 0x924b, 0x924b, 0x924b, 0x924b, 0x924b,
0x924b, 0x924b, 0x924b, 0x924b, 0x924b, 0x924b, 0x924b, 0x924b, 0x924b, 0x924b,
0x924b, 0x924b, 0x924b, 0x924b, 0x924b, 0x924b, 0x924b, 0x924b, 0x924b, 0x924b,
0x924b, 0x924b, 0x924b, 0x924b, 0x924b, 0x924b, 0x924b, 0x924b, 0x924b, 0x924b,
0x924b, 0x924b, 0x924b, 0x924b, 0x924b, 0x924b, 0x924b, 0x924b, 0x924b, 0x924b,
0x924b, 0x924b, 0x924b, 0x924b, 0x924b, 0x924b, 0x924b, 0x924b, 0x924b, 0x924b,
0x924b, 0x924b, 0x924b, 0x924b, 0x924b, 0x924b, 0x924b, 0x924b, 0x924b, 0x924b,
0x924b, 0x924b, 0x924b, 0x924b, 0x924b, 0x924b, 0x924b, 0x924b, 0x924b, 0x924b,
0x924b, 0x924b, 0x924b, 0x924b, 0x924b, 0x924b, 0x924b, 0x924b, 0x924b, 0x924b,
0x924b, 0x924b, 0x694a, 0x924b, 0x924b, 0xd44d, 0xfef4, 0xfef4, 0xfef4, 0xfef4,
0xfef4, 0xfef4, 0xfef4, 0xfef4, 0xfef4, 0xfef4, 0xfef4, 0xfef4, 0xfef4, 0xd44d,

0xd44d, 0xfef4, 0xfef4, 0xfef4, 0xfef4, 0xfef4, 0xfef4, 0xfef4, 0xfef4, 0xfef4,
0xfef4, 0xfef4, 0xfef4, 0xfef4, 0xd44d, 0x924b, 0x924b, 0x694a, 0x694a, 0x424c,
0x6b8f, 0xa534, 0xa534, 0xa534, 0xa534, 0xa534, 0xa534, 0xa534, 0xa534, 0xa534,
0xa534, 0xa534, 0xa534, 0xa534, 0xa534, 0xa534, 0xa534, 0xa534, 0xa534, 0xa534,
0xa534, 0xa534, 0xa534, 0xa534, 0xa534, 0xa534, 0xa534, 0xa534, 0xa534, 0xa534,
0xa534, 0xa534, 0xa534, 0xa534, 0xa534, 0xa534, 0xa534, 0xa534, 0xa534, 0xa534,
0xa534, 0xa534, 0xa534, 0xa534, 0xa534, 0xa534, 0xa534, 0xa534, 0xa534, 0xa534,
0xa534, 0xa534, 0xa534, 0xa534, 0xa534, 0xa534, 0xa534, 0xa534, 0xa534, 0xa534,
0xa534, 0xa534, 0xa534, 0xa534, 0xa534, 0xa534, 0xa534, 0xa534, 0xa534, 0xa534,
0xa534, 0xa534, 0xa534, 0xa534, 0xa534, 0xa534, 0xa534, 0xa534, 0xa534, 0xa534,
0xa534, 0xa534, 0xa534, 0xa534, 0xa534, 0x924b, 0xbb4b, 0xd44d, 0xd44d, 0xd44d,
0xd44d, 0xd44d, 0x924b, 0xd44d, 0xd44d, 0xd44d, 0x924b, 0xedf0, 0xedf0, 0xedf0,
0xedf0, 0xedf0, 0xedf0, 0x924b, 0xd44d, 0xd44d, 0xd44d, 0x924b, 0xd44d, 0xd44d,
0xd44d, 0xd44d, 0xd44d, 0xbb4b, 0x924b, 0xa534, 0xa534, 0xa534, 0xa534, 0xa534,
0xa534, 0xa534, 0xa534, 0xa534, 0xa534, 0xa534, 0xa534, 0xa534, 0xa534, 0xa534,
0xa534, 0xa534, 0xa534, 0xa534, 0xa534, 0xa534, 0xa534, 0xa534, 0xa534, 0xa534,
0xa534, 0xa534, 0xa534, 0xa534, 0xa534, 0xa534, 0xa534, 0xa534, 0xa534, 0xa534,
0xa534, 0xa534, 0xa534, 0xa534, 0xa534, 0xa534, 0xa534, 0xa534, 0xa534, 0xa534,
0xa534, 0xa534, 0xa534, 0xa534, 0xa534, 0xa534, 0xa534, 0xa534, 0xa534, 0xa534,
0xa534, 0xa534, 0xa534, 0xa534, 0xa534, 0xa534, 0xa534, 0xa534, 0xa534, 0xa534,
0xa534, 0xa534, 0xa534, 0xa534, 0xa534, 0xa534, 0xa534, 0xa534, 0xa534, 0xa534,
0xa534, 0xa534, 0xa534, 0xa534, 0xa534, 0xa534, 0xa534, 0xa534, 0xa534, 0x6b8f,
0x424c, 0x694a, 0x694a, 0x924b, 0x924b, 0xd44d, 0xfef4, 0xfef4, 0xfef4, 0xfef4,
0xfef4, 0xfef4, 0xfef4, 0xfef4, 0xfef4, 0xfef4, 0xfef4, 0xfef4, 0xfef4, 0xd44d,

0xd44d, 0xedf0, 0xfef4, 0xfef4, 0xfef4, 0xfef4, 0xfef4, 0xfef4, 0xfef4, 0xfef4,
0xfef4, 0xfef4, 0xfef4, 0xfef4, 0xd44d, 0x924b, 0x924b, 0x694a, 0x694a, 0x694a,
0x6b8f, 0xce37, 0xce37, 0xce37, 0xce37, 0xce37, 0xce37, 0xce37, 0xce37, 0xce37,
0xce37, 0xce37, 0xce37, 0xce37, 0xce37, 0xce37, 0xce37, 0xce37, 0xce37, 0xce37,
0xce37, 0xce37, 0xce37, 0xce37, 0xce37, 0xce37, 0xce37, 0xce37, 0xce37, 0xce37,
0xce37, 0xce37, 0xce37, 0xce37, 0xce37, 0xce37, 0xce37, 0xce37, 0xa534, 0xbb4b,
0xbb4b, 0xbb4b, 0xbb4b, 0xbb4b, 0xbb4b, 0xbb4b, 0xbb4b, 0xbb4b, 0xbb4b, 0xa534,
0xce37, 0xce37, 0xce37, 0xce37, 0xce37, 0xce37, 0xce37, 0xce37, 0xce37, 0xce37,
0xce37, 0xce37, 0xce37, 0xce37, 0xce37, 0xce37, 0xce37, 0xce37, 0xce37, 0xce37,
0xce37, 0xce37, 0xce37, 0xce37, 0xce37, 0xce37, 0xce37, 0xce37, 0xce37, 0xce37,
0xce37, 0xce37, 0xce37, 0xce37, 0xce37, 0xce37, 0x924b, 0x924b, 0xbb4b, 0xd44d,
0xd44d, 0xd44d, 0x924b, 0xbb4b, 0xd44d, 0xd44d, 0x924b, 0xfef4, 0xfef4, 0xfef4,
0xfef4, 0xfef4, 0xfef4, 0x924b, 0xd44d, 0xd44d, 0xbb4b, 0x924b, 0xd44d, 0xd44d,
0xd44d, 0xbb4b, 0x924b, 0x924b, 0xce37, 0xce37, 0xce37, 0xce37, 0xce37, 0xce37,
0xce37, 0xce37, 0xce37, 0xce37, 0xce37, 0xce37, 0xce37, 0xce37, 0xce37, 0xce37,
0xce37, 0xce37, 0xce37, 0xce37, 0xce37, 0xce37, 0xce37, 0xce37, 0xce37, 0xce37,
0xce37, 0xce37, 0xce37, 0xce37, 0xce37, 0xce37, 0xce37, 0xce37, 0xce37, 0xce37,
0xce37, 0xce37, 0xce37, 0xce37, 0xce37, 0xce37, 0xce37, 0xce37, 0xce37, 0xce37,
0xce37, 0xce37, 0xce37, 0xce37, 0xce37, 0xce37, 0xce37, 0xce37, 0xce37, 0xce37,
0xce37, 0xce37, 0xce37, 0xce37, 0xce37, 0xce37, 0xce37, 0xce37, 0xce37, 0xce37,
0xce37, 0xce37, 0xce37, 0xce37, 0xce37, 0xce37, 0xce37, 0xce37, 0xce37, 0xce37,
0xce37, 0xce37, 0xce37, 0xce37, 0xce37, 0xce37, 0xce37, 0xce37, 0xce37, 0x6b8f,
0x694a, 0x694a, 0x694a, 0x924b, 0x924b, 0xd44d, 0xfef4, 0xfef4, 0xfef4, 0xfef4,
0xfef4, 0xfef4, 0xfef4, 0xfef4, 0xfef4, 0xfef4, 0xfef4, 0xfef4, 0xedf0, 0xd44d,

0xd44d, 0xfef4, 0xfef4, 0xfef4, 0xfef4, 0xfef4, 0xfef4, 0xfef4, 0xfef4, 0xfef4,
0xfef4, 0xfef4, 0xfef4, 0xfef4, 0xd44d, 0x924b, 0x924b, 0x694a, 0x924b, 0x694a,
0x6b8f, 0xce37, 0xdef9, 0xdef9, 0xdef9, 0xdef9, 0xdef9, 0xdef9, 0xdef9, 0xdef9,
0xdef9, 0xdef9, 0xdef9, 0xdef9, 0xdef9, 0xdef9, 0xdef9, 0xce37, 0xce37, 0xdef9,
0xdef9, 0xdef9, 0xdef9, 0xdef9, 0xdef9, 0xdef9, 0xdef9, 0xdef9, 0xdef9, 0xdef9,
0xdef9, 0xdef9, 0xdef9, 0xdef9, 0xdef9, 0xce37, 0xbb4b, 0xbb4b, 0xbb4b, 0xedf0,
0xedf0, 0xedf0, 0xedf0, 0xedf0, 0xedf0, 0xedf0, 0xedf0, 0xedf0, 0xedf0, 0xbb4b,
0xbb4b, 0xbb4b, 0xce37, 0xdef9, 0xdef9, 0xdef9, 0xdef9, 0xdef9, 0xdef9, 0xdef9,
0xdef9, 0xdef9, 0xdef9, 0xdef9, 0xdef9, 0xdef9, 0xdef9, 0xdef9, 0xdef9, 0xdef9,
0xdef9, 0xdef9, 0xdef9, 0xdef9, 0xdef9, 0xdef9, 0xdef9, 0xdef9, 0xdef9, 0xdef9,
0xdef9, 0xce37, 0xce37, 0xdef9, 0xdef9, 0xdef9, 0xdef9, 0xdef9, 0x924b, 0x924b,
0xbb4b, 0xd44d, 0x924b, 0xbb4b, 0xd44d, 0xd44d, 0x924b, 0xfef4, 0xfef4, 0xfef4,
0xfef4, 0xfef4, 0xfef4, 0x924b, 0xbb4b, 0xd44d, 0xbb4b, 0x924b, 0xd44d, 0xbb4b,
0x924b, 0x924b, 0xdef9, 0xdef9, 0xdef9, 0xdef9, 0xdef9, 0xdef9, 0xdef9, 0xdef9,
0xdef9, 0xdef9, 0xdef9, 0xdef9, 0xdef9, 0xdef9, 0xdef9, 0xdef9, 0xdef9, 0xdef9,
0xdef9, 0xdef9, 0xdef9, 0xdef9, 0xdef9, 0xdef9, 0xdef9, 0xdef9, 0xdef9, 0xdef9,
0xdef9, 0xdef9, 0xdef9, 0xdef9, 0xdef9, 0xce37, 0xce37, 0xdef9, 0xdef9, 0xdef9,
0xdef9, 0xdef9, 0xdef9, 0xdef9, 0xdef9, 0xdef9, 0xdef9, 0xdef9, 0xdef9, 0xdef9,
0xdef9, 0xdef9, 0xdef9, 0xdef9, 0xdef9, 0xdef9, 0xdef9, 0xdef9, 0xdef9, 0xdef9,
0xdef9, 0xdef9, 0xdef9, 0xdef9, 0xdef9, 0xdef9, 0xdef9, 0xce37, 0xce37, 0xdef9,
0xdef9, 0xdef9, 0xdef9, 0xdef9, 0xdef9, 0xdef9, 0xdef9, 0xdef9, 0xdef9, 0xdef9,
0xdef9, 0xdef9, 0xdef9, 0xdef9, 0xdef9, 0xdef9, 0xdef9, 0xdef9, 0xce37, 0x6b8f,
0x694a, 0x924b, 0x694a, 0x924b, 0x924b, 0xd44d, 0xfef4, 0xfef4, 0xfef4, 0xfef4,
0xfef4, 0xfef4, 0xfef4, 0xfef4, 0xfef4, 0xfef4, 0xfef4, 0xfef4, 0xfef4, 0xd44d,

0xd44d, 0xfef4, 0xfef4, 0xfef4, 0xfef4, 0xfef4, 0xfef4, 0xfef4, 0xfef4, 0xfef4,
0xfef4, 0xfef4, 0xfef4, 0xfef4, 0xd44d, 0x924b, 0x924b, 0x694a, 0x924b, 0x694a,
0x424c, 0xa534, 0xdef9, 0xdef9, 0xdef9, 0xdef9, 0xdef9, 0xdef9, 0xdef9, 0xdef9,
0xdef9, 0xdef9, 0xdef9, 0xdef9, 0xdef9, 0xdef9, 0xce37, 0xdef9, 0xdef9, 0xef3b,
0xdef9, 0xdef9, 0xdef9, 0xdef9, 0xdef9, 0xdef9, 0xdef9, 0xdef9, 0xdef9, 0xdef9,
0xdef9, 0xdef9, 0xdef9, 0xdef9, 0xbb4b, 0xbb4b, 0xedf0, 0xedf0, 0xedf0, 0xedf0,
0xedf0, 0xedf0, 0xedf0, 0xedf0, 0xedf0, 0xedf0, 0xedf0, 0xedf0, 0xedf0, 0xedf0,
0xedf0, 0xedf0, 0xbb4b, 0xbb4b, 0xdef9, 0xdef9, 0xdef9, 0xdef9, 0xdef9, 0xdef9,
0xdef9, 0xdef9, 0xdef9, 0xdef9, 0xdef9, 0xdef9, 0xdef9, 0xdef9, 0xdef9, 0xdef9,
0xdef9, 0xdef9, 0xdef9, 0xdef9, 0xdef9, 0xdef9, 0xdef9, 0xdef9, 0xdef9, 0xdef9,
0xce37, 0xdef9, 0xdef9, 0xef3b, 0xdef9, 0xdef9, 0xdef9, 0xdef9, 0xdef9, 0xdef9,
0x924b, 0x924b, 0xbb4b, 0x924b, 0xd44d, 0xd44d, 0x924b, 0xfef4, 0xfef4, 0xfef4,
0xfef4, 0xfef4, 0xfef4, 0x924b, 0xbb4b, 0xbb4b, 0x924b, 0xbb4b, 0x924b, 0x924b,
0xdef9, 0xdef9, 0xdef9, 0xdef9, 0xdef9, 0xdef9, 0xdef9, 0xdef9, 0xdef9, 0xdef9,
0xdef9, 0xdef9, 0xdef9, 0xdef9, 0xdef9, 0xdef9, 0xdef9, 0xdef9, 0xdef9, 0xdef9,
0xdef9, 0xdef9, 0xdef9, 0xdef9, 0xdef9, 0xdef9, 0xdef9, 0xdef9, 0xdef9, 0xdef9,
0xdef9, 0xdef9, 0xdef9, 0xdef9, 0xce37, 0xdef9, 0xdef9, 0xef3b, 0xdef9, 0xdef9,
0xdef9, 0xdef9, 0xdef9, 0xdef9, 0xdef9, 0xdef9, 0xdef9, 0xdef9, 0xdef9, 0xdef9,
0xdef9, 0xdef9, 0xdef9, 0xdef9, 0xdef9, 0xdef9, 0xdef9, 0xdef9, 0xdef9, 0xdef9,
0xdef9, 0xdef9, 0xdef9, 0xdef9, 0xdef9, 0xdef9, 0xce37, 0xdef9, 0xdef9, 0xef3b,
0xdef9, 0xdef9, 0xdef9, 0xdef9, 0xdef9, 0xdef9, 0xdef9, 0xdef9, 0xdef9, 0xdef9,
0xdef9, 0xdef9, 0xdef9, 0xdef9, 0xdef9, 0xdef9, 0xdef9, 0xdef9, 0xa534, 0x424c,
0x694a, 0x924b, 0x694a, 0x924b, 0x924b, 0xd44d, 0xfef4, 0xfef4, 0xfef4, 0xfef4,
0xfef4, 0xfef4, 0xfef4, 0xfef4, 0xfef4, 0xfef4, 0xfef4, 0xfef4, 0xfef4, 0xd44d,

0xd44d, 0xfef4, 0xfef4, 0xfef4, 0xfef4, 0xfef4, 0xfef4, 0xfef4, 0xfef4, 0xfef4,
0xfef4, 0xfef4, 0xfef4, 0xfef4, 0xedf0, 0x924b, 0x924b, 0x694a, 0x924b, 0x924b,
0x694a, 0x6b8f, 0xce37, 0xdef9, 0xdef9, 0xdef9, 0xdef9, 0xdef9, 0xdef9, 0xdef9,
0xdef9, 0xdef9, 0xdef9, 0xdef9, 0xdef9, 0xdef9, 0xdef9, 0xef3b, 0xef3b, 0xdef9,
0xdef9, 0xdef9, 0xdef9, 0xdef9, 0xdef9, 0xdef9, 0xdef9, 0xdef9, 0xdef9, 0xdef9,
0xdef9, 0xdef9, 0xdef9, 0xbb4b, 0xd44d, 0xedf0, 0xedf0, 0xedf0, 0xd44d, 0xbb4b,
0xbb4b, 0xbb4b, 0xbb4b, 0xbb4b, 0xbb4b, 0xbb4b, 0xbb4b, 0xbb4b, 0xbb4b, 0xd44d,
0xedf0, 0xedf0, 0xedf0, 0xd44d, 0xbb4b, 0xdef9, 0xdef9, 0xdef9, 0xdef9, 0xdef9,
0xdef9, 0xdef9, 0xdef9, 0xdef9, 0xdef9, 0xdef9, 0xdef9, 0xdef9, 0xdef9, 0xdef9,
0xdef9, 0xdef9, 0xdef9, 0xdef9, 0xdef9, 0xdef9, 0xdef9, 0xdef9, 0xdef9, 0xdef9,
0xdef9, 0xef3b, 0xef3b, 0xdef9, 0xdef9, 0xdef9, 0xdef9, 0xdef9, 0xdef9, 0xdef9,
0xdef9, 0xdef9, 0x924b, 0x694a, 0xd44d, 0xd44d, 0x924b, 0xedf0, 0xd44d, 0xd44d,
0xd44d, 0xd44d, 0xedf0, 0x924b, 0xbb4b, 0xbb4b, 0x694a, 0x924b, 0xdef9, 0xdef9,
0xdef9, 0xdef9, 0xdef9, 0xdef9, 0xdef9, 0xdef9, 0xdef9, 0xdef9, 0xdef9, 0xdef9,
0xdef9, 0xdef9, 0xdef9, 0xdef9, 0xdef9, 0xdef9, 0xdef9, 0xdef9, 0xdef9, 0xdef9,
0xdef9, 0xdef9, 0xdef9, 0xdef9, 0xdef9, 0xdef9, 0xdef9, 0xdef9, 0xdef9, 0xdef9,
0xdef9, 0xdef9, 0xdef9, 0xdef9, 0xdef9, 0xef3b, 0xef3b, 0xdef9, 0xdef9, 0xdef9,
0xdef9, 0xdef9, 0xdef9, 0xdef9, 0xdef9, 0xdef9, 0xdef9, 0xdef9, 0xdef9, 0xdef9,
0xdef9, 0xdef9, 0xdef9, 0xdef9, 0xdef9, 0xdef9, 0xdef9, 0xdef9, 0xdef9, 0xdef9,
0xdef9, 0xdef9, 0xdef9, 0xdef9, 0xdef9, 0xdef9, 0xdef9, 0xef3b, 0xef3b, 0xdef9,
0xdef9, 0xdef9, 0xdef9, 0xdef9, 0xdef9, 0xdef9, 0xdef9, 0xdef9, 0xdef9, 0xdef9,
0xdef9, 0xdef9, 0xdef9, 0xdef9, 0xdef9, 0xdef9, 0xdef9, 0xce37, 0x6b8f, 0x694a,
0x924b, 0x924b, 0x694a, 0x924b, 0x924b, 0xedf0, 0xfef4, 0xfef4, 0xfef4, 0xfef4,
0xfef4, 0xfef4, 0xfef4, 0xfef4, 0xfef4, 0xfef4, 0xfef4, 0xfef4, 0xfef4, 0xd44d,

0xd44d, 0xedf0, 0xfef4, 0xfef4, 0xfef4, 0xfef4, 0xfef4, 0xfef4, 0xfef4, 0xfef4,
0xfef4, 0xfef4, 0xfef4, 0xfef4, 0xedf0, 0x924b, 0x924b, 0x694a, 0x924b, 0xbb4b,
0x694a, 0x424c, 0xa534, 0xdef9, 0xdef9, 0xdef9, 0xdef9, 0xdef9, 0xdef9, 0xdef9,
0xdef9, 0xdef9, 0xdef9, 0xdef9, 0xdef9, 0xdef9, 0xdef9, 0xdef9, 0xdef9, 0xdef9,
0xdef9, 0xdef9, 0xdef9, 0xdef9, 0xdef9, 0xdef9, 0xdef9, 0xdef9, 0xdef9, 0xdef9,
0xdef9, 0xdef9, 0xbb4b, 0xd44d, 0xd44d, 0xedf0, 0xbb4b, 0xbb4b, 0xbb4b, 0xbb4b,
0xbb4b, 0xbb4b, 0xbb4b, 0xbb4b, 0xbb4b, 0xbb4b, 0xbb4b, 0xbb4b, 0xbb4b, 0xbb4b,
0xbb4b, 0xbb4b, 0xedf0, 0xd44d, 0xd44d, 0xbb4b, 0xdef9, 0xdef9, 0xdef9, 0xdef9,
0xdef9, 0xdef9, 0xdef9, 0xdef9, 0xdef9, 0xdef9, 0xdef9, 0xdef9, 0xce37, 0xce37,
0xdef9, 0xdef9, 0xdef9, 0xdef9, 0xdef9, 0xdef9, 0xdef9, 0xdef9, 0xdef9, 0xdef9,
0xdef9, 0xdef9, 0xdef9, 0xdef9, 0xdef9, 0xdef9, 0xdef9, 0xdef9, 0xdef9, 0xdef9,
0xdef9, 0xdef9, 0xdef9, 0x694a, 0xbb4b, 0xd44d, 0x924b, 0xd44d, 0xd44d, 0xd44d,
0xd44d, 0xd44d, 0xd44d, 0x924b, 0xbb4b, 0xbb4b, 0x694a, 0xdef9, 0xdef9, 0xdef9,
0xdef9, 0xdef9, 0xdef9, 0xdef9, 0xdef9, 0xdef9, 0xce37, 0xce37, 0xdef9, 0xdef9,
0xdef9, 0xdef9, 0xdef9, 0xdef9, 0xdef9, 0xdef9, 0xdef9, 0xdef9, 0xdef9, 0xdef9,
0xdef9, 0xdef9, 0xce37, 0xce37, 0xdef9, 0xdef9, 0xdef9, 0xdef9, 0xdef9, 0xdef9,
0xdef9, 0xdef9, 0xdef9, 0xdef9, 0xdef9, 0xdef9, 0xdef9, 0xdef9, 0xdef9, 0xdef9,
0xdef9, 0xdef9, 0xdef9, 0xdef9, 0xdef9, 0xdef9, 0xdef9, 0xdef9, 0xdef9, 0xdef9,
0xdef9, 0xdef9, 0xdef9, 0xdef9, 0xce37, 0xce37, 0xdef9, 0xdef9, 0xdef9, 0xdef9,
0xdef9, 0xdef9, 0xdef9, 0xdef9, 0xdef9, 0xdef9, 0xdef9, 0xdef9, 0xdef9, 0xdef9,
0xdef9, 0xdef9, 0xdef9, 0xdef9, 0xdef9, 0xdef9, 0xdef9, 0xdef9, 0xdef9, 0xdef9,
0xdef9, 0xdef9, 0xdef9, 0xdef9, 0xdef9, 0xdef9, 0xdef9, 0xa534, 0x424c, 0x694a,
0xbb4b, 0x924b, 0x694a, 0x924b, 0x924b, 0xedf0, 0xfef4, 0xfef4, 0xfef4, 0xfef4,
0xfef4, 0xfef4, 0xfef4, 0xfef4, 0xfef4, 0xfef4, 0xfef4, 0xfef4, 0xedf0, 0xd44d,

0x924b, 0xd44d, 0xd44d, 0xd44d, 0xd44d, 0xd44d, 0xd44d, 0xd44d, 0xd44d, 0xd44d,
0xd44d, 0xd44d, 0xedf0, 0xedf0, 0xfef4, 0x924b, 0x924b, 0x694a, 0x924b, 0xbb4b,
0x924b, 0x694a, 0x6b8f, 0xce37, 0xdef9, 0xdef9, 0xdef9, 0xdef9, 0xdef9, 0xdef9,
0xdef9, 0xdef9, 0xdef9, 0xdef9, 0xdef9, 0xdef9, 0xdef9, 0xdef9, 0xdef9, 0xdef9,
0xdef9, 0xdef9, 0xdef9, 0xdef9, 0xdef9, 0xdef9, 0xdef9, 0xdef9, 0xdef9, 0xbb4b,
0xbb4b, 0xbb4b, 0xbb4b, 0xd44d, 0xbb4b, 0xbb4b, 0xbb4b, 0xbb4b, 0xbb4b, 0xbb4b,
0xbb4b, 0xbb4b, 0xbb4b, 0xbb4b, 0xbb4b, 0xbb4b, 0xbb4b, 0xbb4b, 0xbb4b, 0xbb4b,
0xbb4b, 0xbb4b, 0xbb4b, 0xbb4b, 0xd44d, 0xbb4b, 0xbb4b, 0xbb4b, 0xbb4b, 0xdef9,
0xdef9, 0xdef9, 0xdef9, 0xdef9, 0xdef9, 0xdef9, 0xdef9, 0xdef9, 0xce37, 0xef3b,
0xdef9, 0xdef9, 0xdef9, 0xdef9, 0xdef9, 0xdef9, 0xdef9, 0xdef9, 0xdef9, 0xdef9,
0xdef9, 0xdef9, 0xdef9, 0xdef9, 0xdef9, 0xdef9, 0xdef9, 0xdef9, 0xdef9, 0xdef9,
0xdef9, 0xdef9, 0xdef9, 0x694a, 0x694a, 0x694a, 0x694a, 0xd44d, 0xd44d, 0xd44d,
0xd44d, 0xd44d, 0xd44d, 0x694a, 0x694a, 0x694a, 0x694a, 0xdef9, 0xdef9, 0xdef9,
0xdef9, 0xdef9, 0xdef9, 0xdef9, 0xdef9, 0xdef9, 0xce37, 0xef3b, 0xdef9, 0xdef9,
0xdef9, 0xdef9, 0xdef9, 0xdef9, 0xdef9, 0xdef9, 0xdef9, 0xdef9, 0xdef9, 0xdef9,
0xdef9, 0xdef9, 0xce37, 0xef3b, 0xdef9, 0xdef9, 0xdef9, 0xdef9, 0xdef9, 0xdef9,
0xdef9, 0xdef9, 0xdef9, 0xdef9, 0xdef9, 0xdef9, 0xdef9, 0xdef9, 0xdef9, 0xdef9,
0xdef9, 0xdef9, 0xdef9, 0xdef9, 0xdef9, 0xdef9, 0xdef9, 0xdef9, 0xdef9, 0xdef9,
0xdef9, 0xdef9, 0xdef9, 0xdef9, 0xce37, 0xef3b, 0xdef9, 0xdef9, 0xdef9, 0xdef9,
0xdef9, 0xdef9, 0xdef9, 0xdef9, 0xdef9, 0xdef9, 0xdef9, 0xdef9, 0xdef9, 0xdef9,
0xdef9, 0xdef9, 0xdef9, 0xdef9, 0xdef9, 0xdef9, 0xdef9, 0xdef9, 0xdef9, 0xdef9,
0xdef9, 0xdef9, 0xdef9, 0xdef9, 0xdef9, 0xdef9, 0xce37, 0x6b8f, 0x694a, 0x924b,
0xbb4b, 0x924b, 0x694a, 0x924b, 0x924b, 0xfef4, 0xedf0, 0xedf0, 0xd44d, 0xd44d,
0xd44d, 0xd44d, 0xd44d, 0xd44d, 0xd44d, 0xd44d, 0xd44d, 0xd44d, 0xd44d, 0x924b,

0xd44d, 0x924b, 0x924b, 0x924b, 0x924b, 0x924b, 0x924b, 0x924b, 0x924b, 0x924b,
0x924b, 0x924b, 0x924b, 0x924b, 0x924b, 0xedf0, 0xbb4b, 0x694a, 0x924b, 0xbb4b,
0xbb4b, 0x694a, 0x694a, 0xa534, 0xdef9, 0xdef9, 0xdef9, 0xdef9, 0xdef9, 0xdef9,
0xdef9, 0xdef9, 0xdef9, 0xdef9, 0xdef9, 0xdef9, 0xdef9, 0xdef9, 0xdef9, 0xdef9,
0xdef9, 0xdef9, 0xdef9, 0xdef9, 0xdef9, 0xdef9, 0xdef9, 0xdef9, 0x694a, 0xedf0,
0xedf0, 0xedf0, 0xbb4b, 0xbb4b, 0xbb4b, 0xbb4b, 0xbb4b, 0xbb4b, 0xbb4b, 0xbb4b,
0xbb4b, 0xbb4b, 0xbb4b, 0xbb4b, 0xbb4b, 0xbb4b, 0xbb4b, 0xbb4b, 0xbb4b, 0xbb4b,
0xbb4b, 0xbb4b, 0xbb4b, 0xbb4b, 0xbb4b, 0xbb4b, 0xedf0, 0xedf0, 0xedf0, 0x694a,
0xdef9, 0xdef9, 0xdef9, 0xdef9, 0xdef9, 0xdef9, 0xdef9, 0xdef9, 0xdef9, 0xdef9,
0xdef9, 0xdef9, 0xdef9, 0xdef9, 0xdef9, 0xdef9, 0xdef9, 0xdef9, 0xdef9, 0xdef9,
0xdef9, 0xdef9, 0xdef9, 0xdef9, 0xdef9, 0xdef9, 0xdef9, 0xdef9, 0xdef9, 0xdef9,
0xdef9, 0xdef9, 0xdef9, 0xdef9, 0x694a, 0x924b, 0x694a, 0x694a, 0x694a, 0x694a,
0x694a, 0x694a, 0x694a, 0x694a, 0x924b, 0x694a, 0xdef9, 0xdef9, 0xdef9, 0xdef9,
0xdef9, 0xdef9, 0xdef9, 0xdef9, 0xdef9, 0xdef9, 0xdef9, 0xdef9, 0xdef9, 0xdef9,
0xdef9, 0xdef9, 0xdef9, 0xdef9, 0xdef9, 0xdef9, 0xdef9, 0xdef9, 0xdef9, 0xdef9,
0xdef9, 0xdef9, 0xdef9, 0xdef9, 0xdef9, 0xdef9, 0xdef9, 0xdef9, 0xdef9, 0xdef9,
0xdef9, 0xdef9, 0xdef9, 0xdef9, 0xdef9, 0xdef9, 0xdef9, 0xdef9, 0xdef9, 0xdef9,
0xdef9, 0xdef9, 0xdef9, 0xdef9, 0xdef9, 0xdef9, 0xdef9, 0xdef9, 0xdef9, 0xdef9,
0xdef9, 0xdef9, 0xdef9, 0xdef9, 0xdef9, 0xdef9, 0xdef9, 0xdef9, 0xdef9, 0xdef9,
0xdef9, 0xdef9, 0xdef9, 0xdef9, 0xdef9, 0xdef9, 0xdef9, 0xdef9, 0xdef9, 0xdef9,
0xdef9, 0xdef9, 0xdef9, 0xdef9, 0xdef9, 0xdef9, 0xdef9, 0xdef9, 0xdef9, 0xdef9,
0xdef9, 0xdef9, 0xdef9, 0xdef9, 0xdef9, 0xdef9, 0xa534, 0x694a, 0x694a, 0xbb4b,
0xbb4b, 0x924b, 0x694a, 0xbb4b, 0xedf0, 0x924b, 0x924b, 0x924b, 0x924b, 0x924b,
0x924b, 0x924b, 0x924b, 0x924b, 0x924b, 0x924b, 0x924b, 0x924b, 0x924b, 0xd44d,

0xedf0, 0xedf0, 0x924b, 0x924b, 0x694a, 0x694a, 0x694a, 0x924b, 0x924b, 0x924b,
0x924b, 0x924b, 0x924b, 0x924b, 0x924b, 0xbb4b, 0xedf0, 0x924b, 0x924b, 0xbb4b,
0xbb4b, 0x924b, 0x694a, 0x6b8f, 0xce37, 0xce37, 0xce37, 0xce37, 0xdef9, 0xce37,
0xce37, 0xce37, 0xdef9, 0xdef9, 0xdef9, 0xdef9, 0xce37, 0xce37, 0xce37, 0xce37,
0xce37, 0xce37, 0xce37, 0xce37, 0xdef9, 0xdef9, 0xdef9, 0xdef9, 0x694a, 0xedf0,
0xedf0, 0xedf0, 0xbb4b, 0xbb4b, 0xbb4b, 0xbb4b, 0xbb4b, 0xbb4b, 0xbb4b, 0xbb4b,
0xbb4b, 0xbb4b, 0xbb4b, 0xbb4b, 0xbb4b, 0xbb4b, 0xbb4b, 0xbb4b, 0xbb4b, 0xbb4b,
0xbb4b, 0xbb4b, 0xbb4b, 0xbb4b, 0xbb4b, 0xbb4b, 0xedf0, 0xedf0, 0xedf0, 0x694a,
0xdef9, 0xdef9, 0xdef9, 0xdef9, 0xce37, 0xce37, 0xce37, 0xce37, 0xce37, 0xce37,
0xce37, 0xce37, 0xdef9, 0xdef9, 0xdef9, 0xdef9, 0xdef9, 0xdef9, 0xdef9, 0xdef9,
0xce37, 0xce37, 0xce37, 0xce37, 0xce37, 0xce37, 0xce37, 0xce37, 0xdef9, 0xdef9,
0xdef9, 0xdef9, 0xdef9, 0xdef9, 0x694a, 0x924b, 0x924b, 0x924b, 0x924b, 0x924b,
0x924b, 0x924b, 0x924b, 0x924b, 0x924b, 0x694a, 0xdef9, 0xdef9, 0xce37, 0xdef9,
0xdef9, 0xdef9, 0xce37, 0xce37, 0xce37, 0xce37, 0xce37, 0xce37, 0xce37, 0xce37,
0xdef9, 0xdef9, 0xdef9, 0xdef9, 0xdef9, 0xdef9, 0xdef9, 0xdef9, 0xce37, 0xce37,
0xce37, 0xce37, 0xce37, 0xce37, 0xce37, 0xce37, 0xdef9, 0xdef9, 0xdef9, 0xdef9,
0xdef9, 0xdef9, 0xdef9, 0xdef9, 0xce37, 0xce37, 0xce37, 0xce37, 0xce37, 0xce37,
0xce37, 0xce37, 0xdef9, 0xdef9, 0xdef9, 0xdef9, 0xdef9, 0xdef9, 0xdef9, 0xdef9,
0xce37, 0xce37, 0xce37, 0xce37, 0xce37, 0xce37, 0xce37, 0xce37, 0xdef9, 0xdef9,
0xdef9, 0xdef9, 0xce37, 0xdef9, 0xdef9, 0xdef9, 0xce37, 0xce37, 0xce37, 0xce37,
0xce37, 0xce37, 0xce37, 0xce37, 0xdef9, 0xdef9, 0xdef9, 0xdef9, 0xce37, 0xce37,
0xce37, 0xdef9, 0xce37, 0xce37, 0xce37, 0xce37, 0x6b8f, 0x694a, 0x924b, 0xbb4b,
0xbb4b, 0x924b, 0x924b, 0xedf0, 0xbb4b, 0x924b, 0x924b, 0x924b, 0x924b, 0x924b,
0x924b, 0x924b, 0x924b, 0x694a, 0x694a, 0x694a, 0x924b, 0x924b, 0xedf0, 0xedf0,

0xfef4, 0xfef4, 0x924b, 0xbb4b, 0xbb4b, 0x924b, 0x924b, 0x694a, 0x694a, 0x694a,
0x694a, 0x694a, 0x694a, 0x694a, 0x694a, 0x694a, 0x924b, 0xd44d, 0xd44d, 0x924b,
0xbb4b, 0xbb4b, 0x694a, 0x694a, 0xa534, 0xce37, 0xce37, 0xdef9, 0xce37, 0xce37,
0xce37, 0xce37, 0xce37, 0xce37, 0xdef9, 0xce37, 0xce37, 0xce37, 0xce37, 0xce37,
0xce37, 0xce37, 0xce37, 0xce37, 0xce37, 0xdef9, 0xdef9, 0xce37, 0x694a, 0xbb4b,
0xbb4b, 0xbb4b, 0xbb4b, 0xbb4b, 0xbb4b, 0xbb4b, 0x924b, 0x924b, 0x924b, 0x924b,
0x924b, 0x924b, 0x924b, 0x924b, 0x924b, 0x924b, 0x924b, 0x924b, 0x924b, 0x924b,
0x924b, 0x924b, 0xbb4b, 0xbb4b, 0xbb4b, 0xbb4b, 0xbb4b, 0xbb4b, 0xbb4b, 0x694a,
0xce37, 0xce37, 0xdef9, 0xce37, 0xce37, 0xce37, 0xce37, 0xce37, 0xce37, 0xce37,
0xce37, 0xce37, 0xce37, 0xdef9, 0xdef9, 0xce37, 0xce37, 0xce37, 0xdef9, 0xce37,
0xce37, 0xce37, 0xce37, 0xce37, 0xce37, 0xce37, 0xce37, 0xce37, 0xce37, 0xdef9,
0xdef9, 0xce37, 0xce37, 0xce37, 0x694a, 0x924b, 0xbb4b, 0xbb4b, 0xbb4b, 0xbb4b,
0xbb4b, 0xbb4b, 0xbb4b, 0xbb4b, 0x924b, 0x694a, 0xdef9, 0xce37, 0xce37, 0xce37,
0xdef9, 0xce37, 0xce37, 0xce37, 0xce37, 0xce37, 0xce37, 0xce37, 0xce37, 0xce37,
0xce37, 0xdef9, 0xdef9, 0xce37, 0xce37, 0xce37, 0xdef9, 0xce37, 0xce37, 0xce37,
0xce37, 0xce37, 0xce37, 0xce37, 0xce37, 0xce37, 0xce37, 0xdef9, 0xdef9, 0xce37,
0xce37, 0xce37, 0xdef9, 0xce37, 0xce37, 0xce37, 0xce37, 0xce37, 0xce37, 0xce37,
0xce37, 0xce37, 0xce37, 0xdef9, 0xdef9, 0xce37, 0xce37, 0xce37, 0xdef9, 0xce37,
0xce37, 0xce37, 0xce37, 0xce37, 0xce37, 0xce37, 0xce37, 0xce37, 0xce37, 0xdef9,
0xdef9, 0xce37, 0xce37, 0xce37, 0xdef9, 0xce37, 0xce37, 0xce37, 0xce37, 0xce37,
0xce37, 0xce37, 0xce37, 0xce37, 0xce37, 0xdef9, 0xdef9, 0xce37, 0xce37, 0xce37,
0xce37, 0xce37, 0xdef9, 0xce37, 0xce37, 0xa534, 0x694a, 0x694a, 0xbb4b, 0xbb4b,
0x924b, 0xd44d, 0xd44d, 0x924b, 0x694a, 0x694a, 0x694a, 0x694a, 0x694a, 0x694a,
0x694a, 0x694a, 0x694a, 0x924b, 0x924b, 0xbb4b, 0xbb4b, 0x924b, 0xfef4, 0xfef4,

0xfef4, 0xfef4, 0xbb4b, 0xd44d, 0xd44d, 0xbb4b, 0xd44d, 0x924b, 0x694a, 0x694a,
0x924b, 0x924b, 0x924b, 0x924b, 0x924b, 0x924b, 0x924b, 0xd44d, 0xedf0, 0xd44d,
0x924b, 0xbb4b, 0x924b, 0x694a, 0x424c, 0xa534, 0xce37, 0xce37, 0xce37, 0xce37,
0xce37, 0xce37, 0xce37, 0xce37, 0xdef9, 0xce37, 0xce37, 0xce37, 0xce37, 0xce37,
0xce37, 0xce37, 0xce37, 0xce37, 0xce37, 0xdef9, 0xce37, 0xce37, 0x694a, 0xbb4b,
0xbb4b, 0xbb4b, 0xbb4b, 0xbb4b, 0xbb4b, 0x694a, 0xffff, 0xffff, 0xffff, 0xffff,
0xffff, 0xffff, 0xf5f1, 0xdcae, 0xdcae, 0xf5f1, 0xffff, 0xffff, 0xffff, 0xffff,
0xffff, 0xffff, 0x694a, 0xbb4b, 0xbb4b, 0xbb4b, 0xbb4b, 0xbb4b, 0xbb4b, 0x694a,
0xce37, 0xce37, 0xce37, 0xdef9, 0xce37, 0xce37, 0xce37, 0xce37, 0xce37, 0xce37,
0xce37, 0xce37, 0xdef9, 0xdef9, 0xce37, 0xce37, 0xce37, 0xce37, 0xdef9, 0xce37,
0xce37, 0xce37, 0xce37, 0xce37, 0xce37, 0xce37, 0xce37, 0xce37, 0xce37, 0xdef9,
0xce37, 0xce37, 0xce37, 0xce37, 0x694a, 0x924b, 0xbb4b, 0xbb4b, 0xbb4b, 0xbb4b,
0xbb4b, 0xbb4b, 0xbb4b, 0xbb4b, 0x924b, 0x694a, 0xce37, 0xce37, 0xce37, 0xce37,
0xce37, 0xdef9, 0xce37, 0xce37, 0xce37, 0xce37, 0xce37, 0xce37, 0xce37, 0xce37,
0xdef9, 0xce37, 0xce37, 0xce37, 0xce37, 0xce37, 0xce37, 0xdef9, 0xce37, 0xce37,
0xce37, 0xce37, 0xce37, 0xce37, 0xce37, 0xce37, 0xdef9, 0xdef9, 0xce37, 0xce37,
0xce37, 0xce37, 0xdef9, 0xce37, 0xce37, 0xce37, 0xce37, 0xce37, 0xce37, 0xce37,
0xce37, 0xce37, 0xce37, 0xdef9, 0xce37, 0xce37, 0xce37, 0xce37, 0xce37, 0xdef9,
0xce37, 0xce37, 0xce37, 0xce37, 0xce37, 0xce37, 0xce37, 0xce37, 0xdef9, 0xdef9,
0xce37, 0xce37, 0xce37, 0xce37, 0xce37, 0xdef9, 0xce37, 0xce37, 0xce37, 0xce37,
0xce37, 0xce37, 0xce37, 0xce37, 0xdef9, 0xce37, 0xce37, 0xce37, 0xce37, 0xce37,
0xce37, 0xce37, 0xce37, 0xce37, 0xa534, 0x424c, 0x694a, 0x924b, 0xbb4b, 0x924b,
0xd44d, 0xedf0, 0xd44d, 0x924b, 0x924b, 0x924b, 0x924b, 0x924b, 0x924b, 0x924b,
0x694a, 0x694a, 0x924b, 0xd44d, 0xbb4b, 0xd44d, 0xd44d, 0xbb4b, 0xfef4, 0xfef4,

0xfef4, 0xfef4, 0xbb4b, 0xd44d, 0xd44d, 0xbb4b, 0xd44d, 0x924b, 0x424c, 0x694a,
0x694a, 0x694a, 0x924b, 0xbb4b, 0xbb4b, 0xbb4b, 0xbb4b, 0xbb4b, 0xd44d, 0xedf0,
0xd44d, 0xbb4b, 0x924b, 0x924b, 0x694a, 0x6b8f, 0xce37, 0xce37, 0xce37, 0xce37,
0xce37, 0xce37, 0xce37, 0xce37, 0xce37, 0xce37, 0xce37, 0xce37, 0xce37, 0xce37,
0xce37, 0xce37, 0xce37, 0xce37, 0xce37, 0xce37, 0xce37, 0xce37, 0xce37, 0x694a,
0x694a, 0x694a, 0x694a, 0x694a, 0x694a, 0x694a, 0xffff, 0xffff, 0xffff, 0xffff,
0xffff, 0xffff, 0xf5f1, 0xdcae, 0xdcae, 0xf5f1, 0xffff, 0xffff, 0xffff, 0xffff,
0xffff, 0xffff, 0x694a, 0x694a, 0x694a, 0x694a, 0x694a, 0x694a, 0x694a, 0xce37,
0xce37, 0xce37, 0xce37, 0xce37, 0xce37, 0xce37, 0xce37, 0xce37, 0xce37, 0xce37,
0xce37, 0xce37, 0xce37, 0xce37, 0xce37, 0xce37, 0xce37, 0xce37, 0xce37, 0xce37,
0xce37, 0xce37, 0xce37, 0xce37, 0xce37, 0xce37, 0xce37, 0xce37, 0xce37, 0xce37,
0xce37, 0xce37, 0xce37, 0xce37, 0xce37, 0x694a, 0xbb4b, 0xbb4b, 0xbb4b, 0xbb4b,
0xbb4b, 0xbb4b, 0xbb4b, 0xbb4b, 0x694a, 0xce37, 0xce37, 0xce37, 0xce37, 0xce37,
0xce37, 0xdef9, 0xdef9, 0xce37, 0xce37, 0xce37, 0xce37, 0xce37, 0xce37, 0xdef9,
0xdef9, 0xce37, 0xce37, 0xce37, 0xce37, 0xce37, 0xce37, 0xce37, 0xce37, 0xce37,
0xce37, 0xce37, 0xce37, 0xce37, 0xce37, 0xce37, 0xce37, 0xce37, 0xce37, 0xce37,
0xce37, 0xce37, 0xce37, 0xce37, 0xce37, 0xce37, 0xce37, 0xce37, 0xce37, 0xce37,
0xce37, 0xce37, 0xce37, 0xce37, 0xce37, 0xce37, 0xce37, 0xce37, 0xce37, 0xce37,
0xce37, 0xce37, 0xce37, 0xce37, 0xce37, 0xce37, 0xce37, 0xce37, 0xce37, 0xce37,
0xce37, 0xce37, 0xce37, 0xce37, 0xce37, 0xdef9, 0xdef9, 0xce37, 0xce37, 0xce37,
0xce37, 0xce37, 0xce37, 0xdef9, 0xdef9, 0xce37, 0xce37, 0xce37, 0xce37, 0xce37,
0xce37, 0xce37, 0xce37, 0xce37, 0x6b8f, 0x694a, 0x924b, 0x924b, 0xbb4b, 0xd44d,
0xedf0, 0xd44d, 0xbb4b, 0xbb4b, 0xbb4b, 0xbb4b, 0xbb4b, 0x924b, 0x694a, 0x694a,
0x694a, 0x424c, 0x924b, 0xd44d, 0xbb4b, 0xd44d, 0xd44d, 0xbb4b, 0xfef4, 0xfef4,

0xfef4, 0xfef4, 0xbb4b, 0xd44d, 0xd44d, 0xd44d, 0xd44d, 0x924b, 0x6b8f, 0x6b8f,
0x6b8f, 0x424c, 0x694a, 0x694a, 0x924b, 0xbb4b, 0xbb4b, 0xbb4b, 0xbb4b, 0xd44d,
0xedf0, 0xbb4b, 0xbb4b, 0x924b, 0x694a, 0x694a, 0xdef9, 0xef3b, 0xef3b, 0xef3b,
0xdef9, 0xce37, 0xce37, 0xce37, 0xce37, 0xef3b, 0xef3b, 0xef3b, 0xef3b, 0xdef9,
0xdef9, 0xef3b, 0xef3b, 0xef3b, 0xef3b, 0xdef9, 0xce37, 0xce37, 0xce37, 0xce37,
0x694a, 0x924b, 0x924b, 0x924b, 0xd44d, 0x694a, 0xbb4b, 0xbb4b, 0xdcae, 0xdcae,
0xdcae, 0xdcae, 0xdcae, 0xdcae, 0xdcae, 0xdcae, 0xdcae, 0xdcae, 0xdcae, 0xdcae,
0xbb4b, 0xbb4b, 0x694a, 0xd44d, 0x924b, 0x924b, 0x924b, 0x694a, 0xce37, 0xce37,
0xce37, 0xce37, 0xce37, 0xdef9, 0xdef9, 0xef3b, 0xef3b, 0xef3b, 0xef3b, 0xef3b,
0xef3b, 0xdef9, 0xdef9, 0xce37, 0xce37, 0xce37, 0xce37, 0xce37, 0xce37, 0xef3b,
0xef3b, 0xef3b, 0xef3b, 0xdef9, 0xdef9, 0xef3b, 0xef3b, 0xef3b, 0xef3b, 0xdef9,
0xce37, 0xce37, 0xce37, 0xdef9, 0xdef9, 0x694a, 0xbb4b, 0xbb4b, 0xbb4b, 0xbb4b,
0xbb4b, 0xbb4b, 0xbb4b, 0xbb4b, 0x694a, 0xdef9, 0xdef9, 0xce37, 0xce37, 0xce37,
0xdef9, 0xce37, 0xce37, 0xce37, 0xce37, 0xce37, 0xce37, 0xce37, 0xce37, 0xce37,
0xce37, 0xdef9, 0xce37, 0xce37, 0xce37, 0xce37, 0xce37, 0xdef9, 0xdef9, 0xef3b,
0xef3b, 0xef3b, 0xef3b, 0xef3b, 0xef3b, 0xdef9, 0xdef9, 0xce37, 0xce37, 0xce37,
0xce37, 0xce37, 0xce37, 0xef3b, 0xef3b, 0xef3b, 0xef3b, 0xdef9, 0xdef9, 0xef3b,
0xef3b, 0xef3b, 0xef3b, 0xdef9, 0xce37, 0xce37, 0xce37, 0xce37, 0xce37, 0xdef9,
0xdef9, 0xef3b, 0xef3b, 0xef3b, 0xef3b, 0xef3b, 0xef3b, 0xdef9, 0xdef9, 0xce37,
0xce37, 0xce37, 0xce37, 0xce37, 0xdef9, 0xce37, 0xce37, 0xce37, 0xce37, 0xce37,
0xce37, 0xce37, 0xce37, 0xce37, 0xce37, 0xdef9, 0xce37, 0xce37, 0xce37, 0xdef9,
0xef3b, 0xef3b, 0xef3b, 0xdef9, 0x694a, 0x694a, 0x924b, 0xbb4b, 0xbb4b, 0xedf0,
0xd44d, 0xbb4b, 0xbb4b, 0xbb4b, 0xbb4b, 0x924b, 0x694a, 0x694a, 0x424c, 0x6b8f,
0x6b8f, 0x6b8f, 0x924b, 0xd44d, 0xd44d, 0xd44d, 0xd44d, 0xbb4b, 0xfef4, 0xfef4,

0xfef4, 0xfef4, 0xd44d, 0xd44d, 0xd44d, 0xd44d, 0xd44d, 0x924b, 0xa534, 0xce37,
0xce37, 0xa534, 0x6b8f, 0x424c, 0x694a, 0x694a, 0x924b, 0xbb4b, 0xbb4b, 0xbb4b,
0xbb4b, 0xd44d, 0xbb4b, 0x924b, 0x924b, 0x694a, 0x6b8f, 0x6b8f, 0x6b8f, 0x6b8f,
0x6b8f, 0xdef9, 0xce37, 0xce37, 0xdef9, 0xce37, 0xa534, 0xa534, 0xa534, 0xa534,
0xa534, 0xa534, 0xa534, 0xa534, 0xa534, 0xa534, 0xdef9, 0xce37, 0xce37, 0xce37,
0xa534, 0x694a, 0x924b, 0x924b, 0xbb4b, 0x694a, 0x924b, 0xdcae, 0xffff, 0xffff,
0xffff, 0xffff, 0xffff, 0xdcae, 0xdcae, 0xffff, 0xffff, 0xffff, 0xffff, 0xffff,
0xdcae, 0x924b, 0x694a, 0xbb4b, 0x924b, 0x924b, 0x694a, 0xa534, 0xce37, 0xce37,
0xce37, 0xce37, 0xdef9, 0xa534, 0xa534, 0xa534, 0xa534, 0xa534, 0xa534, 0xa534,
0xa534, 0xa534, 0xa534, 0xdef9, 0xce37, 0xce37, 0xce37, 0xce37, 0xdef9, 0xce37,
0xa534, 0xa534, 0xa534, 0xa534, 0xa534, 0xa534, 0xa534, 0xa534, 0xa534, 0xa534,
0xdef9, 0xce37, 0xdef9, 0xa534, 0xa534, 0x694a, 0x924b, 0xbb4b, 0xbb4b, 0xbb4b,
0xbb4b, 0xbb4b, 0xbb4b, 0x924b, 0x694a, 0xa534, 0xa534, 0xdef9, 0xce37, 0xdef9,
0xce37, 0xce37, 0xce37, 0xce37, 0xce37, 0xce37, 0xce37, 0xce37, 0xce37, 0xce37,
0xce37, 0xce37, 0xdef9, 0xdef9, 0xce37, 0xce37, 0xdef9, 0xa534, 0xa534, 0xa534,
0xa534, 0xa534, 0xa534, 0xa534, 0xa534, 0xa534, 0xa534, 0xdef9, 0xce37, 0xce37,
0xce37, 0xce37, 0xdef9, 0xce37, 0xa534, 0xa534, 0xa534, 0xa534, 0xa534, 0xa534,
0xa534, 0xa534, 0xa534, 0xa534, 0xdef9, 0xce37, 0xce37, 0xce37, 0xdef9, 0xa534,
0xa534, 0xa534, 0xa534, 0xa534, 0xa534, 0xa534, 0xa534, 0xa534, 0xa534, 0xdef9,
0xce37, 0xce37, 0xce37, 0xdef9, 0xce37, 0xce37, 0xce37, 0xce37, 0xce37, 0xce37,
0xce37, 0xce37, 0xce37, 0xce37, 0xce37, 0xce37, 0xdef9, 0xdef9, 0xdef9, 0x6b8f,
0x6b8f, 0x6b8f, 0x6b8f, 0x6b8f, 0x694a, 0x924b, 0x924b, 0xbb4b, 0xd44d, 0xbb4b,
0xbb4b, 0xbb4b, 0xbb4b, 0x924b, 0x694a, 0x694a, 0x424c, 0x6b8f, 0xa534, 0xce37,
0xce37, 0xa534, 0x924b, 0xd44d, 0xd44d, 0xd44d, 0xd44d, 0xd44d, 0xfef4, 0xfef4,

0xfef4, 0xfef4, 0xbb4b, 0xd44d, 0xd44d, 0xd44d, 0xd44d, 0x924b, 0xa534, 0xce37,
0xdef9, 0xdef9, 0xce37, 0xa534, 0x6b8f, 0x694a, 0x694a, 0x924b, 0x924b, 0x924b,
0xbb4b, 0xbb4b, 0xd44d, 0xbb4b, 0x924b, 0x694a, 0x694a, 0x6b8f, 0x6b8f, 0x6b8f,
0x6b8f, 0x6b8f, 0xce37, 0xce37, 0xa534, 0xa534, 0xa534, 0xa534, 0xa534, 0xa534,
0xa534, 0xa534, 0xa534, 0xa534, 0xa534, 0xa534, 0xa534, 0xce37, 0xce37, 0xce37,
0xce37, 0x694a, 0x924b, 0x924b, 0x924b, 0xd44d, 0x924b, 0xbb4b, 0xdcae, 0xdcae,
0xdcae, 0xdcae, 0xdcae, 0xbb4b, 0xbb4b, 0xdcae, 0xdcae, 0xdcae, 0xdcae, 0xdcae,
0xbb4b, 0x924b, 0xd44d, 0x924b, 0x924b, 0x924b, 0x694a, 0xce37, 0xce37, 0xce37,
0xce37, 0xce37, 0xa534, 0xa534, 0xa534, 0xa534, 0xa534, 0xa534, 0xa534, 0xa534,
0xa534, 0xa534, 0xa534, 0xa534, 0xce37, 0xce37, 0xce37, 0xce37, 0xa534, 0xa534,
0xa534, 0xa534, 0xa534, 0xa534, 0xa534, 0xa534, 0xa534, 0xa534, 0xa534, 0xa534,
0xa534, 0xce37, 0xa534, 0xa534, 0xa534, 0x694a, 0x924b, 0xbb4b, 0xbb4b, 0xbb4b,
0xbb4b, 0xbb4b, 0xbb4b, 0x924b, 0x694a, 0xa534, 0xa534, 0xa534, 0xce37, 0xce37,
0xce37, 0xce37, 0xce37, 0xdef9, 0xdef9, 0xdef9, 0xdef9, 0xdef9, 0xdef9, 0xdef9,
0xdef9, 0xce37, 0xce37, 0xce37, 0xce37, 0xce37, 0xa534, 0xa534, 0xa534, 0xa534,
0xa534, 0xa534, 0xa534, 0xa534, 0xa534, 0xa534, 0xa534, 0xa534, 0xce37, 0xce37,
0xce37, 0xce37, 0xa534, 0xa534, 0xa534, 0xa534, 0xa534, 0xa534, 0xa534, 0xa534,
0xa534, 0xa534, 0xa534, 0xa534, 0xa534, 0xce37, 0xce37, 0xce37, 0xa534, 0xa534,
0xa534, 0xa534, 0xa534, 0xa534, 0xa534, 0xa534, 0xa534, 0xa534, 0xa534, 0xa534,
0xce37, 0xce37, 0xce37, 0xce37, 0xce37, 0xce37, 0xce37, 0xdef9, 0xdef9, 0xdef9,
0xdef9, 0xdef9, 0xdef9, 0xdef9, 0xdef9, 0xce37, 0xce37, 0xce37, 0x6b8f, 0x6b8f,
0x6b8f, 0x6b8f, 0x6b8f, 0x694a, 0x694a, 0x924b, 0xbb4b, 0xd44d, 0xbb4b, 0xbb4b,
0x924b, 0x924b, 0x924b, 0x694a, 0x694a, 0x6b8f, 0xa534, 0xce37, 0xdef9, 0xdef9,
0xce37, 0xa534, 0x924b, 0xd44d, 0xd44d, 0xd44d, 0xd44d, 0xbb4b, 0xfef4, 0xfef4,

0xfef4, 0xfef4, 0xbb4b, 0xd44d, 0xd44d, 0xd44d, 0xd44d, 0x924b, 0xa534, 0xce37,
0xdef9, 0xdef9, 0xdef9, 0xdef9, 0xce37, 0xa534, 0x424c, 0x694a, 0x694a, 0x924b,
0x924b, 0x924b, 0xbb4b, 0xd44d, 0x924b, 0x924b, 0x694a, 0x924b, 0x6b8f, 0x6b8f,
0x6b8f, 0x6b8f, 0xce37, 0xce37, 0xa534, 0xa534, 0xa534, 0xa534, 0xa534, 0xa534,
0xa534, 0xa534, 0xa534, 0xa534, 0xa534, 0xa534, 0xa534, 0xce37, 0xce37, 0xce37,
0xce37, 0xa534, 0x694a, 0x924b, 0x924b, 0xbb4b, 0x924b, 0x924b, 0x924b, 0x924b,
0x924b, 0x924b, 0x924b, 0x924b, 0x924b, 0x924b, 0x924b, 0x924b, 0x924b, 0x924b,
0x924b, 0x924b, 0xbb4b, 0x924b, 0x924b, 0x694a, 0xa534, 0xce37, 0xce37, 0xce37,
0xce37, 0xce37, 0xa534, 0xa534, 0xa534, 0xa534, 0xa534, 0xa534, 0xa534, 0xa534,
0xa534, 0xa534, 0xa534, 0xa534, 0xce37, 0xce37, 0xce37, 0xce37, 0xa534, 0xa534,
0xa534, 0xa534, 0xa534, 0xa534, 0xa534, 0xa534, 0xa534, 0xa534, 0xa534, 0xa534,
0xa534, 0xce37, 0xa534, 0xa534, 0xa534, 0x694a, 0x694a, 0xbb4b, 0xbb4b, 0xbb4b,
0xbb4b, 0xbb4b, 0xbb4b, 0x694a, 0x694a, 0xa534, 0xa534, 0xa534, 0xce37, 0xce37,
0xce37, 0xce37, 0xdef9, 0x6b8f, 0x6b8f, 0x6b8f, 0x6b8f, 0x6b8f, 0x6b8f, 0x6b8f,
0x6b8f, 0xdef9, 0xce37, 0xce37, 0xce37, 0xce37, 0xa534, 0xa534, 0xa534, 0xa534,
0xa534, 0xa534, 0xa534, 0xa534, 0xa534, 0xa534, 0xa534, 0xa534, 0xce37, 0xce37,
0xce37, 0xce37, 0xa534, 0xa534, 0xa534, 0xa534, 0xa534, 0xa534, 0xa534, 0xa534,
0xa534, 0xa534, 0xa534, 0xa534, 0xa534, 0xce37, 0xce37, 0xce37, 0xa534, 0xa534,
0xa534, 0xa534, 0xa534, 0xa534, 0xa534, 0xa534, 0xa534, 0xa534, 0xa534, 0xa534,
0xce37, 0xce37, 0xce37, 0xce37, 0xce37, 0xce37, 0xdef9, 0x6b8f, 0x6b8f, 0x6b8f,
0x6b8f, 0x6b8f, 0x6b8f, 0x6b8f, 0x6b8f, 0xdef9, 0xce37, 0xce37, 0x6b8f, 0x6b8f,
0x6b8f, 0x6b8f, 0x924b, 0x694a, 0x924b, 0x924b, 0xd44d, 0xbb4b, 0x924b, 0x924b,
0x924b, 0x694a, 0x694a, 0x424c, 0xa534, 0xce37, 0xdef9, 0xdef9, 0xdef9, 0xdef9,
0xce37, 0xa534, 0x924b, 0xd44d, 0xd44d, 0xd44d, 0xd44d, 0xbb4b, 0xfef4, 0xfef4,

0xfef4, 0xfef4, 0xd44d, 0xd44d, 0xd44d, 0xd44d, 0xd44d, 0x924b, 0xa534, 0xce37,
0xdef9, 0xdef9, 0xdef9, 0xdef9, 0xdef9, 0xdef9, 0xce37, 0x6b8f, 0x424c, 0x694a,
0x694a, 0x924b, 0x924b, 0x924b, 0xd44d, 0x924b, 0x924b, 0x694a, 0x924b, 0x424c,
0x6b8f, 0xa534, 0xce37, 0xce37, 0xce37, 0xa534, 0xa534, 0xa534, 0xa534, 0xa534,
0xa534, 0xa534, 0xa534, 0xa534, 0xa534, 0xa534, 0xce37, 0xce37, 0xce37, 0xce37,
0xce37, 0xce37, 0x694a, 0x694a, 0x924b, 0x924b, 0xbb4b, 0xedf0, 0xedf0, 0xedf0,
0xedf0, 0xedf0, 0xedf0, 0xedf0, 0xedf0, 0xedf0, 0xedf0, 0xedf0, 0xedf0, 0xedf0,
0xedf0, 0xbb4b, 0xbb4b, 0x924b, 0x694a, 0x694a, 0xce37, 0xce37, 0xce37, 0xce37,
0xce37, 0xce37, 0xce37, 0xa534, 0xa534, 0xa534, 0xa534, 0xa534, 0xa534, 0xa534,
0xa534, 0xa534, 0xa534, 0xce37, 0xce37, 0xce37, 0xce37, 0xce37, 0xce37, 0xa534,
0xa534, 0xa534, 0xa534, 0xa534, 0xa534, 0xa534, 0xa534, 0xa534, 0xa534, 0xa534,
0xce37, 0xce37, 0xce37, 0xa534, 0xa534, 0x0845, 0x694a, 0x924b, 0x924b, 0x924b,
0x924b, 0x924b, 0x924b, 0x694a, 0x0845, 0xa534, 0xa534, 0xce37, 0xce37, 0xce37,
0xce37, 0xce37, 0x6b8f, 0x6b8f, 0x6b8f, 0x6b8f, 0x6b8f, 0x6b8f, 0x6b8f, 0x6b8f,
0x6b8f, 0x6b8f, 0xce37, 0xce37, 0xce37, 0xce37, 0xce37, 0xa534, 0xa534, 0xa534,
0xa534, 0xa534, 0xa534, 0xa534, 0xa534, 0xa534, 0xa534, 0xce37, 0xce37, 0xce37,
0xce37, 0xce37, 0xce37, 0xa534, 0xa534, 0xa534, 0xa534, 0xa534, 0xa534, 0xa534,
0xa534, 0xa534, 0xa534, 0xa534, 0xce37, 0xce37, 0xce37, 0xce37, 0xce37, 0xa534,
0xa534, 0xa534, 0xa534, 0xa534, 0xa534, 0xa534, 0xa534, 0xa534, 0xa534, 0xce37,
0xce37, 0xce37, 0xce37, 0xce37, 0xce37, 0xce37, 0x6b8f, 0x6b8f, 0x6b8f, 0x6b8f,
0x6b8f, 0x6b8f, 0x6b8f, 0x6b8f, 0x6b8f, 0x6b8f, 0xce37, 0xce37, 0xa534, 0x6b8f,
0x424c, 0x924b, 0x694a, 0x924b, 0x924b, 0xd44d, 0x924b, 0x924b, 0x924b, 0x694a,
0x694a, 0x424c, 0x6b8f, 0xce37, 0xdef9, 0xdef9, 0xdef9, 0xdef9, 0xdef9, 0xdef9,
0xce37, 0xa534, 0x924b, 0xd44d, 0xd44d, 0xd44d, 0xd44d, 0xd44d, 0xfef4, 0xfef4,

0xfef4, 0xfef4, 0xd44d, 0xd44d, 0xd44d, 0xd44d, 0xd44d, 0x924b, 0xa534, 0xce37,
0xdef9, 0xdef9, 0xdef9, 0xdef9, 0xdef9, 0xdef9, 0xce37, 0xce37, 0xa534, 0x6b8f,
0x694a, 0x694a, 0x694a, 0x924b, 0x924b, 0xbb4b, 0x924b, 0x694a, 0xbb4b, 0x694a,
0xa534, 0xdef9, 0xdef9, 0xdef9, 0xdef9, 0xce37, 0xa534, 0xa534, 0xa534, 0xa534,
0xa534, 0xa534, 0xa534, 0xa534, 0xa534, 0xce37, 0xdef9, 0xdef9, 0xdef9, 0xdef9,
0xdef9, 0xce37, 0x694a, 0xbb4b, 0xd44d, 0xd44d, 0xd44d, 0xedf0, 0xedf0, 0xedf0,
0xedf0, 0xedf0, 0xedf0, 0xedf0, 0xedf0, 0xedf0, 0xedf0, 0xedf0, 0xedf0, 0xedf0,
0xedf0, 0xd44d, 0xd44d, 0xd44d, 0xbb4b, 0x694a, 0xce37, 0xdef9, 0xdef9, 0xdef9,
0xdef9, 0xdef9, 0xce37, 0xce37, 0xce37, 0xce37, 0xce37, 0xce37, 0xce37, 0xce37,
0xce37, 0xce37, 0xce37, 0xdef9, 0xdef9, 0xdef9, 0xdef9, 0xdef9, 0xdef9, 0xce37,
0xa534, 0xa534, 0xa534, 0xa534, 0xa534, 0xa534, 0xa534, 0xa534, 0xa534, 0xce37,
0xdef9, 0xdef9, 0xdef9, 0xce37, 0xce37, 0x694a, 0x694a, 0x924b, 0x924b, 0x924b,
0x924b, 0x924b, 0x924b, 0x694a, 0x694a, 0xce37, 0xdef9, 0xdef9, 0xdef9, 0xdef9,
0xdef9, 0xdef9, 0x6b8f, 0x6b8f, 0x6b8f, 0x6b8f, 0x6b8f, 0x6b8f, 0x6b8f, 0x6b8f,
0x6b8f, 0x6b8f, 0xdef9, 0xdef9, 0xdef9, 0xdef9, 0xce37, 0xce37, 0xce37, 0xce37,
0xce37, 0xce37, 0xce37, 0xce37, 0xce37, 0xce37, 0xce37, 0xdef9, 0xdef9, 0xdef9,
0xdef9, 0xdef9, 0xdef9, 0xce37, 0xa534, 0xa534, 0xa534, 0xa534, 0xa534, 0xa534,
0xa534, 0xa534, 0xa534, 0xce37, 0xdef9, 0xdef9, 0xdef9, 0xdef9, 0xce37, 0xce37,
0xce37, 0xce37, 0xce37, 0xce37, 0xce37, 0xce37, 0xce37, 0xce37, 0xce37, 0xdef9,
0xdef9, 0xdef9, 0xdef9, 0xdef9, 0xdef9, 0xdef9, 0x6b8f, 0x6b8f, 0x6b8f, 0x6b8f,
0x6b8f, 0x6b8f, 0x6b8f, 0x6b8f, 0x6b8f, 0x6b8f, 0xdef9, 0xdef9, 0xdef9, 0xa534,
0x694a, 0xbb4b, 0x694a, 0x924b, 0xbb4b, 0x924b, 0x924b, 0x694a, 0x694a, 0x694a,
0x6b8f, 0xa534, 0xce37, 0xce37, 0xdef9, 0xdef9, 0xdef9, 0xdef9, 0xdef9, 0xdef9,
0xce37, 0xa534, 0x924b, 0xd44d, 0xd44d, 0xd44d, 0xd44d, 0xd44d, 0xfef4, 0xfef4,

0xfef4, 0xfef4, 0xd44d, 0xd44d, 0xd44d, 0xd44d, 0xd44d, 0x924b, 0xa534, 0xce37,
0xdef9, 0xdef9, 0xdef9, 0xdef9, 0xdef9, 0xdef9, 0xce37, 0xce37, 0xce37, 0xce37,
0xdef9, 0x6b8f, 0x694a, 0x694a, 0x924b, 0x924b, 0xbb4b, 0x924b, 0xd44d, 0x694a,
0x424c, 0x424c, 0x6b8f, 0x6b8f, 0x6b8f, 0x6b8f, 0xce37, 0xce37, 0xce37, 0xdef9,
0xdef9, 0xdef9, 0xdef9, 0xce37, 0xce37, 0x6b8f, 0x6b8f, 0x6b8f, 0x6b8f, 0x6b8f,
0x6b8f, 0x6b8f, 0xce37, 0x694a, 0x924b, 0x924b, 0x924b, 0x924b, 0x924b, 0x924b,
0x924b, 0x924b, 0x924b, 0x924b, 0x924b, 0x924b, 0x924b, 0x924b, 0x924b, 0x924b,
0x924b, 0x924b, 0x924b, 0x924b, 0x694a, 0xce37, 0xce37, 0xa534, 0x6b8f, 0x6b8f,
0x6b8f, 0x6b8f, 0x6b8f, 0xce37, 0xa534, 0xce37, 0xdef9, 0xdef9, 0xdef9, 0xdef9,
0xdef9, 0xce37, 0xce37, 0xa534, 0x6b8f, 0x6b8f, 0x6b8f, 0x6b8f, 0x6b8f, 0x6b8f,
0xce37, 0xce37, 0xce37, 0xdef9, 0xdef9, 0xdef9, 0xdef9, 0xce37, 0xce37, 0x6b8f,
0x6b8f, 0x6b8f, 0x6b8f, 0x6b8f, 0x924b, 0xbb4b, 0x694a, 0x694a, 0x694a, 0x694a,
0x694a, 0x694a, 0x694a, 0x694a, 0xbb4b, 0x924b, 0x6b8f, 0x6b8f, 0x6b8f, 0x6b8f,
0x6b8f, 0x6b8f, 0xa534, 0x6b8f, 0x6b8f, 0x6b8f, 0x6b8f, 0x6b8f, 0x6b8f, 0x6b8f,
0x6b8f, 0xa534, 0x6b8f, 0x6b8f, 0x6b8f, 0x6b8f, 0x6b8f, 0xce37, 0xa534, 0xce37,
0xdef9, 0xdef9, 0xdef9, 0xdef9, 0xdef9, 0xce37, 0xce37, 0xa534, 0x6b8f, 0x6b8f,
0x6b8f, 0x6b8f, 0x6b8f, 0x6b8f, 0xce37, 0xce37, 0xce37, 0xdef9, 0xdef9, 0xdef9,
0xdef9, 0xce37, 0xce37, 0x6b8f, 0x6b8f, 0x6b8f, 0x6b8f, 0x6b8f, 0x6b8f, 0xce37,
0xa534, 0xce37, 0xdef9, 0xdef9, 0xdef9, 0xdef9, 0xdef9, 0xce37, 0xce37, 0xa534,
0x6b8f, 0x6b8f, 0x6b8f, 0x6b8f, 0x6b8f, 0x6b8f, 0xa534, 0x6b8f, 0x6b8f, 0x6b8f,
0x6b8f, 0x6b8f, 0x6b8f, 0x6b8f, 0x6b8f, 0xa534, 0x6b8f, 0x6b8f, 0x424c, 0x424c,
0x694a, 0xd44d, 0x924b, 0xbb4b, 0x924b, 0x924b, 0x694a, 0x694a, 0x6b8f, 0xdef9,
0xce37, 0xce37, 0xce37, 0xce37, 0xdef9, 0xdef9, 0xdef9, 0xdef9, 0xdef9, 0xdef9,
0xce37, 0xa534, 0x924b, 0xd44d, 0xd44d, 0xd44d, 0xd44d, 0xd44d, 0xfef4, 0xfef4,

0xfef4, 0xfef4, 0xd44d, 0xd44d, 0xd44d, 0xd44d, 0xd44d, 0x924b, 0xa534, 0xce37,
0xdef9, 0xdef9, 0xdef9, 0xdef9, 0xdef9, 0xdef9, 0xce37, 0xdef9, 0xce37, 0xce37,
0xef3b, 0x6b8f, 0x6b8f, 0x924b, 0x694a, 0x694a, 0x924b, 0x924b, 0xd44d, 0x694a,
0x0845, 0x424c, 0x6b8f, 0x6b8f, 0x6b8f, 0x6b8f, 0x6b8f, 0xce37, 0xa534, 0x6b8f,
0x6b8f, 0x6b8f, 0x6b8f, 0xa534, 0x6b8f, 0x6b8f, 0x6b8f, 0x6b8f, 0x6b8f, 0x6b8f,
0x6b8f, 0x6b8f, 0x6b8f, 0xce37, 0x694a, 0x694a, 0x694a, 0x694a, 0x694a, 0x694a,
0x694a, 0x694a, 0x694a, 0x694a, 0x694a, 0x694a, 0x694a, 0x694a, 0x694a, 0x694a,
0x694a, 0x694a, 0x694a, 0x694a, 0x424c, 0x6b8f, 0xa534, 0x6b8f, 0x6b8f, 0x6b8f,
0x6b8f, 0x6b8f, 0x6b8f, 0x6b8f, 0xa534, 0x6b8f, 0x424c, 0x424c, 0x424c, 0x424c,
0x424c, 0x6b8f, 0xa534, 0x6b8f, 0x6b8f, 0x6b8f, 0x6b8f, 0x6b8f, 0x6b8f, 0x6b8f,
0x6b8f, 0xce37, 0xa534, 0x6b8f, 0x6b8f, 0x6b8f, 0x6b8f, 0xa534, 0x6b8f, 0x6b8f,
0x6b8f, 0x6b8f, 0x6b8f, 0x6b8f, 0x924b, 0xd44d, 0x694a, 0x694a, 0x694a, 0x694a,
0x694a, 0x694a, 0x694a, 0x694a, 0xd44d, 0x924b, 0x6b8f, 0x6b8f, 0x6b8f, 0x6b8f,
0x6b8f, 0x6b8f, 0x6b8f, 0xa534, 0xa534, 0xa534, 0xa534, 0xa534, 0xa534, 0xa534,
0xa534, 0x6b8f, 0x6b8f, 0x6b8f, 0x6b8f, 0x6b8f, 0x6b8f, 0x6b8f, 0xa534, 0x6b8f,
0x424c, 0x424c, 0x424c, 0x424c, 0x424c, 0x6b8f, 0xa534, 0x6b8f, 0x6b8f, 0x6b8f,
0x6b8f, 0x6b8f, 0x6b8f, 0x6b8f, 0x6b8f, 0xce37, 0xa534, 0x6b8f, 0x6b8f, 0x6b8f,
0x6b8f, 0xa534, 0x6b8f, 0x6b8f, 0x6b8f, 0x6b8f, 0x6b8f, 0x6b8f, 0x6b8f, 0x6b8f,
0xa534, 0x6b8f, 0x424c, 0x424c, 0x424c, 0x424c, 0x424c, 0x6b8f, 0xa534, 0x6b8f,
0x6b8f, 0x6b8f, 0x6b8f, 0x6b8f, 0x6b8f, 0x6b8f, 0x6b8f, 0xa534, 0xa534, 0xa534,
0xa534, 0xa534, 0xa534, 0xa534, 0xa534, 0x6b8f, 0x6b8f, 0x6b8f, 0x424c, 0x0845,
0x694a, 0xd44d, 0x924b, 0x924b, 0x694a, 0x694a, 0x924b, 0x6b8f, 0x6b8f, 0xef3b,
0xce37, 0xce37, 0xdef9, 0xce37, 0xdef9, 0xdef9, 0xdef9, 0xdef9, 0xdef9, 0xdef9,
0xce37, 0xa534, 0x924b, 0xd44d, 0xd44d, 0xd44d, 0xd44d, 0xd44d, 0xfef4, 0xfef4,

0xfef4, 0xfef4, 0xd44d, 0xd44d, 0xd44d, 0xd44d, 0xd44d, 0x924b, 0xa534, 0xce37,
0xdef9, 0xdef9, 0xdef9, 0xdef9, 0xdef9, 0xdef9, 0xdef9, 0xce37, 0xce37, 0xce37,
0xdef9, 0x6b8f, 0x6b8f, 0x6b8f, 0x924b, 0xbb4b, 0xd44d, 0xd44d, 0xd44d, 0x694a,
0x0845, 0x424c, 0x6b8f, 0x6b8f, 0x6b8f, 0x6b8f, 0xa534, 0xa534, 0x6b8f, 0x6b8f,
0x6b8f, 0x6b8f, 0x6b8f, 0x6b8f, 0xa534, 0x6b8f, 0x6b8f, 0x6b8f, 0x6b8f, 0x6b8f,
0x6b8f, 0x6b8f, 0xa534, 0xa534, 0x6b8f, 0x6b8f, 0x6b8f, 0x6b8f, 0x6b8f, 0x6b8f,
0x424c, 0x424c, 0x424c, 0x424c, 0x424c, 0x424c, 0x6b8f, 0x6b8f, 0x6b8f, 0x424c,
0x424c, 0x424c, 0x424c, 0x424c, 0x424c, 0x424c, 0xa534, 0xa534, 0x6b8f, 0x6b8f,
0x6b8f, 0x6b8f, 0x6b8f, 0xa534, 0xa534, 0x424c, 0x424c, 0x424c, 0x424c, 0x424c,
0x424c, 0x424c, 0xa534, 0xa534, 0x6b8f, 0x6b8f, 0x6b8f, 0x6b8f, 0x6b8f, 0x6b8f,
0xa534, 0xa534, 0x6b8f, 0x6b8f, 0x6b8f, 0x6b8f, 0x6b8f, 0x6b8f, 0xa534, 0x6b8f,
0x6b8f, 0x6b8f, 0x6b8f, 0x6b8f, 0x694a, 0xd44d, 0xd44d, 0xd44d, 0xbb4b, 0xd44d,
0xd44d, 0xbb4b, 0xd44d, 0xd44d, 0xd44d, 0x694a, 0x6b8f, 0x6b8f, 0x6b8f, 0x6b8f,
0x6b8f, 0x6b8f, 0xa534, 0x6b8f, 0x6b8f, 0x6b8f, 0x6b8f, 0xa534, 0xa534, 0xa534,
0xa534, 0xa534, 0x6b8f, 0x6b8f, 0x6b8f, 0x6b8f, 0x6b8f, 0xa534, 0xa534, 0x424c,
0x424c, 0x424c, 0x424c, 0x424c, 0x424c, 0x424c, 0xa534, 0xa534, 0x6b8f, 0x6b8f,
0x6b8f, 0x6b8f, 0x6b8f, 0x6b8f, 0xa534, 0xa534, 0x6b8f, 0x6b8f, 0x6b8f, 0x6b8f,
0x6b8f, 0x6b8f, 0xa534, 0x6b8f, 0x6b8f, 0x6b8f, 0x6b8f, 0x6b8f, 0x6b8f, 0xa534,
0xa534, 0x424c, 0x424c, 0x424c, 0x424c, 0x424c, 0x424c, 0x424c, 0xa534, 0xa534,
0x6b8f, 0x6b8f, 0x6b8f, 0x6b8f, 0x6b8f, 0x6b8f, 0xa534, 0x6b8f, 0x6b8f, 0x6b8f,
0x6b8f, 0xa534, 0xa534, 0xa534, 0xa534, 0xa534, 0x6b8f, 0x6b8f, 0x424c, 0x0845,
0x694a, 0xd44d, 0xd44d, 0xd44d, 0xbb4b, 0x924b, 0x6b8f, 0x6b8f, 0x6b8f, 0xdef9,
0xce37, 0xce37, 0xce37, 0xdef9, 0xdef9, 0xdef9, 0xdef9, 0xdef9, 0xdef9, 0xdef9,
0xce37, 0xa534, 0x924b, 0xd44d, 0xd44d, 0xd44d, 0xd44d, 0xd44d, 0xfef4, 0xfef4,

0xfef4, 0xfef4, 0xd44d, 0xd44d, 0xd44d, 0xd44d, 0xd44d, 0x924b, 0xa534, 0xce37,
0xdef9, 0xdef9, 0xdef9, 0xdef9, 0xdef9, 0xdef9, 0xce37, 0xce37, 0xce37, 0xce37,
0xef3b, 0x6b8f, 0x6b8f, 0x6b8f, 0x424c, 0x694a, 0x694a, 0x694a, 0x694a, 0xbb4b,
0x694a, 0x0845, 0xa534, 0xa534, 0x424c, 0x424c, 0x424c, 0x6b8f, 0xa534, 0x6b8f,
0x6b8f, 0x6b8f, 0x6b8f, 0xa534, 0xa534, 0xa534, 0xa534, 0xa534, 0xa534, 0xa534,
0x424c, 0x424c, 0x424c, 0x6b8f, 0xa534, 0x6b8f, 0x6b8f, 0x6b8f, 0x6b8f, 0xa534,
0xa534, 0xa534, 0xa534, 0xa534, 0xa534, 0xa534, 0xa534, 0x6b8f, 0x6b8f, 0x6b8f,
0x424c, 0x424c, 0x424c, 0x424c, 0x424c, 0x6b8f, 0x6b8f, 0x6b8f, 0xa534, 0xa534,
0xa534, 0xa534, 0xa534, 0x6b8f, 0x6b8f, 0x6b8f, 0x424c, 0x424c, 0x424c, 0x424c,
0x424c, 0x6b8f, 0x6b8f, 0x6b8f, 0xa534, 0xa534, 0xa534, 0xa534, 0x424c, 0x424c,
0x424c, 0x6b8f, 0xa534, 0x6b8f, 0x6b8f, 0x6b8f, 0x6b8f, 0xa534, 0xa534, 0xa534,
0xa534, 0xa534, 0xa534, 0xa534, 0x0845, 0x694a, 0x694a, 0x694a, 0x694a, 0x694a,
0x694a, 0x694a, 0x694a, 0x694a, 0x694a, 0x0845, 0xa534, 0xa534, 0xa534, 0xa534,
0xa534, 0xa534, 0x424c, 0x0845, 0x0845, 0x0845, 0x0845, 0x0845, 0x6b8f, 0x6b8f,
0x6b8f, 0x6b8f, 0xa534, 0xa534, 0xa534, 0xa534, 0xa534, 0x6b8f, 0x6b8f, 0x6b8f,
0x424c, 0x424c, 0x424c, 0x424c, 0x424c, 0x6b8f, 0x6b8f, 0x6b8f, 0xa534, 0xa534,
0xa534, 0xa534, 0x424c, 0x424c, 0x424c, 0x6b8f, 0xa534, 0x6b8f, 0x6b8f, 0x6b8f,
0x6b8f, 0xa534, 0xa534, 0xa534, 0xa534, 0xa534, 0xa534, 0xa534, 0xa534, 0x6b8f,
0x6b8f, 0x6b8f, 0x424c, 0x424c, 0x424c, 0x424c, 0x424c, 0x6b8f, 0x6b8f, 0x6b8f,
0xa534, 0xa534, 0xa534, 0xa534, 0xa534, 0xa534, 0x424c, 0x0845, 0x0845, 0x0845,
0x0845, 0x0845, 0x6b8f, 0x6b8f, 0x6b8f, 0x6b8f, 0xa534, 0xa534, 0x0845, 0x694a,
0xbb4b, 0x694a, 0x694a, 0x694a, 0x694a, 0x424c, 0x6b8f, 0x6b8f, 0x6b8f, 0xef3b,
0xce37, 0xce37, 0xce37, 0xce37, 0xdef9, 0xdef9, 0xdef9, 0xdef9, 0xdef9, 0xdef9,
0xce37, 0xa534, 0x924b, 0xd44d, 0xd44d, 0xd44d, 0xd44d, 0xd44d, 0xfef4, 0xfef4,

0xfef4, 0xfef4, 0xd44d, 0xd44d, 0xd44d, 0xd44d, 0xd44d, 0x924b, 0xa534, 0xce37,
0xdef9, 0xdef9, 0xdef9, 0xdef9, 0xdef9, 0xdef9, 0xce37, 0xce37, 0xce37, 0xce37,
0xef3b, 0x6b8f, 0x6b8f, 0x6b8f, 0xa534, 0x424c, 0x424c, 0x0845, 0x0845, 0x694a,
0x694a, 0x0845, 0x424c, 0x0845, 0x0845, 0x0845, 0x0845, 0x0845, 0x424c, 0x424c,
0x424c, 0x424c, 0x0845, 0x0845, 0x0845, 0x424c, 0x6b8f, 0x424c, 0x424c, 0x0845,
0x0845, 0x0845, 0x0845, 0x0845, 0x424c, 0x424c, 0x424c, 0x424c, 0x0845, 0x0845,
0x0845, 0x424c, 0x6b8f, 0x424c, 0x0845, 0x0845, 0x0845, 0x0845, 0x424c, 0x0845,
0x0845, 0x0845, 0x0845, 0x0845, 0x6b8f, 0x6b8f, 0x424c, 0x0845, 0x0845, 0x0845,
0x0845, 0x0845, 0x0845, 0x0845, 0x424c, 0x0845, 0x0845, 0x0845, 0x0845, 0x0845,
0x6b8f, 0x6b8f, 0x424c, 0x0845, 0x0845, 0x0845, 0x424c, 0x0845, 0x0845, 0x0845,
0x0845, 0x0845, 0x424c, 0x424c, 0x424c, 0x424c, 0x0845, 0x0845, 0x0845, 0x424c,
0x6b8f, 0x424c, 0x0845, 0x0845, 0x0845, 0x0845, 0x694a, 0x694a, 0x694a, 0x694a,
0x694a, 0x694a, 0x694a, 0x694a, 0x0845, 0x0845, 0x0845, 0x0845, 0x0845, 0x424c,
0x6b8f, 0x6b8f, 0x0845, 0x0845, 0x0845, 0x0845, 0x0845, 0x0845, 0x424c, 0x0845,
0x0845, 0x0845, 0x0845, 0x0845, 0x0845, 0x0845, 0x0845, 0x0845, 0x424c, 0x0845,
0x0845, 0x0845, 0x0845, 0x0845, 0x6b8f, 0x6b8f, 0x424c, 0x0845, 0x0845, 0x0845,
0x424c, 0x0845, 0x0845, 0x0845, 0x0845, 0x0845, 0x424c, 0x424c, 0x424c, 0x424c,
0x0845, 0x0845, 0x0845, 0x424c, 0x6b8f, 0x424c, 0x0845, 0x0845, 0x0845, 0x0845,
0x424c, 0x0845, 0x0845, 0x0845, 0x0845, 0x0845, 0x6b8f, 0x6b8f, 0x424c, 0x0845,
0x0845, 0x0845, 0x0845, 0x424c, 0x6b8f, 0x6b8f, 0x0845, 0x0845, 0x0845, 0x0845,
0x0845, 0x0845, 0x424c, 0x0845, 0x0845, 0x0845, 0x0845, 0x0845, 0x0845, 0x694a,
0x694a, 0x0845, 0x0845, 0x424c, 0x424c, 0xa534, 0x6b8f, 0x6b8f, 0x6b8f, 0xef3b,
0xce37, 0xce37, 0xce37, 0xce37, 0xdef9, 0xdef9, 0xdef9, 0xdef9, 0xdef9, 0xdef9,
0xce37, 0xa534, 0x924b, 0xd44d, 0xd44d, 0xd44d, 0xd44d, 0xd44d, 0xfef4, 0xfef4,

0xfef4, 0xfef4, 0xd44d, 0xd44d, 0xd44d, 0xd44d, 0xd44d, 0x924b, 0xa534, 0xce37,
0xdef9, 0xdef9, 0xdef9, 0xdef9, 0xdef9, 0xdef9, 0xce37, 0xce37, 0xce37, 0xce37,
0xce37, 0xdef9, 0x6b8f, 0x6b8f, 0xce37, 0x424c, 0x6b8f, 0x424c, 0x424c, 0x0845,
0x0845, 0x694a, 0x0845, 0x0845, 0x0845, 0x0845, 0x0845, 0x0845, 0x424c, 0x424c,
0x424c, 0x0845, 0x0845, 0x0845, 0x0845, 0x0845, 0x424c, 0x0845, 0x0845, 0x0845,
0x0845, 0x0845, 0x0845, 0x0845, 0x424c, 0x424c, 0x424c, 0x0845, 0x0845, 0x0845,
0x0845, 0x0845, 0x424c, 0x0845, 0x0845, 0x0845, 0x0845, 0x0845, 0x424c, 0x0845,
0x0845, 0x0845, 0x0845, 0x0845, 0x424c, 0x424c, 0x0845, 0x0845, 0x0845, 0x0845,
0x0845, 0x0845, 0x0845, 0x0845, 0x424c, 0x0845, 0x0845, 0x0845, 0x0845, 0x0845,
0x424c, 0x424c, 0x0845, 0x0845, 0x0845, 0x0845, 0x0845, 0x0845, 0x0845, 0x0845,
0x0845, 0x0845, 0x424c, 0x424c, 0x424c, 0x0845, 0x0845, 0x0845, 0x0845, 0x0845,
0x424c, 0x0845, 0x0845, 0x0845, 0x0845, 0x0845, 0x694a, 0x694a, 0x694a, 0x694a,
0x694a, 0x694a, 0x694a, 0x694a, 0x0845, 0x0845, 0x0845, 0x0845, 0x0845, 0x0845,
0x424c, 0x424c, 0x424c, 0x0845, 0x0845, 0x0845, 0x0845, 0x424c, 0x0845, 0x0845,
0x0845, 0x0845, 0x0845, 0x0845, 0x0845, 0x0845, 0x0845, 0x0845, 0x424c, 0x0845,
0x0845, 0x0845, 0x0845, 0x0845, 0x424c, 0x424c, 0x0845, 0x0845, 0x0845, 0x0845,
0x0845, 0x0845, 0x0845, 0x0845, 0x0845, 0x0845, 0x424c, 0x424c, 0x424c, 0x0845,
0x0845, 0x0845, 0x0845, 0x0845, 0x424c, 0x0845, 0x0845, 0x0845, 0x0845, 0x0845,
0x424c, 0x0845, 0x0845, 0x0845, 0x0845, 0x0845, 0x424c, 0x424c, 0x0845, 0x0845,
0x0845, 0x0845, 0x0845, 0x0845, 0x424c, 0x424c, 0x424c, 0x0845, 0x0845, 0x0845,
0x0845, 0x424c, 0x0845, 0x0845, 0x0845, 0x0845, 0x0845, 0x0845, 0x694a, 0x0845,
0x0845, 0x424c, 0x424c, 0x6b8f, 0x424c, 0xce37, 0x6b8f, 0x6b8f, 0xdef9, 0xce37,
0xce37, 0xce37, 0xce37, 0xce37, 0xdef9, 0xdef9, 0xdef9, 0xdef9, 0xdef9, 0xdef9,
0xce37, 0xa534, 0x924b, 0xd44d, 0xd44d, 0xd44d, 0xd44d, 0xd44d, 0xfef4, 0xfef4,

0xfef4, 0xfef4, 0xd44d, 0xd44d, 0xd44d, 0xd44d, 0xd44d, 0x924b, 0xa534, 0xce37,
0xdef9, 0xdef9, 0xdef9, 0xdef9, 0xdef9, 0xdef9, 0xdef9, 0xce37, 0xce37, 0xce37,
0xce37, 0xce37, 0xce37, 0xce37, 0xce37, 0xdef9, 0x6b8f, 0x6b8f, 0x6b8f, 0xa534,
0x0845, 0x0845, 0xed6a, 0xed6a, 0xed6a, 0xed6a, 0xed6a, 0xed6a, 0xed6a, 0xed6a,
0xed6a, 0xed6a, 0xed6a, 0xed6a, 0xed6a, 0xed6a, 0xfe2c, 0xfe2c, 0xfe2c, 0xfe2c,
0xfe2c, 0xfe2c, 0xfe2c, 0xfe2c, 0xfe2c, 0xfe2c, 0xfe2c, 0xfe2c, 0xfe2c, 0xfe2c,
0xfe2c, 0xfe2c, 0xfe2c, 0xfe2c, 0xfe2c, 0xfe2c, 0xfe2c, 0xfe2c, 0xfe2c, 0xfe2c,
0xfe2c, 0xfe2c, 0xfe2c, 0xfe2c, 0xfe2c, 0xfe2c, 0xfe2c, 0xfe2c, 0xfe2c, 0xfe2c,
0xfe2c, 0xfe2c, 0xed6a, 0xed6a, 0xed6a, 0xed6a, 0xed6a, 0xed6a, 0xed6a, 0xed6a,
0xed6a, 0xed6a, 0xed6a, 0xed6a, 0xed6a, 0xdcac, 0xed6a, 0xed6a, 0xed6a, 0xed6a,
0xed6a, 0xed6a, 0xed6a, 0xed6a, 0xed6a, 0xed6a, 0xed6a, 0xed6a, 0xed6a, 0xed6a,
0xfe2c, 0xfe2c, 0xfe2c, 0xfe2c, 0xfe2c, 0xfe2c, 0x0845, 0x0845, 0x0845, 0x0845,
0x0845, 0x0845, 0x0845, 0x0845, 0xfe2c, 0xfe2c, 0xfe2c, 0xfe2c, 0xfe2c, 0xfe2c,
0xed6a, 0xed6a, 0xed6a, 0xed6a, 0xed6a, 0xed6a, 0xed6a, 0xed6a, 0xed6a, 0xed6a,
0xed6a, 0xed6a, 0xed6a, 0xdcac, 0xed6a, 0xed6a, 0xed6a, 0xed6a, 0xed6a, 0xed6a,
0xed6a, 0xed6a, 0xed6a, 0xed6a, 0xed6a, 0xed6a, 0xed6a, 0xed6a, 0xed6a, 0xed6a,
0xed6a, 0xed6a, 0xed6a, 0xed6a, 0xed6a, 0xed6a, 0xed6a, 0xed6a, 0xed6a, 0xed6a,
0xed6a, 0xed6a, 0xed6a, 0xed6a, 0xed6a, 0xed6a, 0xed6a, 0xed6a, 0xed6a, 0xed6a,
0xed6a, 0xed6a, 0xed6a, 0xed6a, 0xed6a, 0xed6a, 0xed6a, 0xed6a, 0xed6a, 0xed6a,
0xed6a, 0xed6a, 0xed6a, 0xed6a, 0xed6a, 0xed6a, 0xed6a, 0xed6a, 0xed6a, 0xed6a,
0xed6a, 0xed6a, 0xed6a, 0xed6a, 0xed6a, 0xed6a, 0xed6a, 0xed6a, 0x0845, 0x0845,
0xa534, 0x6b8f, 0x6b8f, 0x6b8f, 0xdef9, 0xce37, 0xce37, 0xce37, 0xce37, 0xce37,
0xce37, 0xce37, 0xce37, 0xce37, 0xdef9, 0xdef9, 0xdef9, 0xdef9, 0xdef9, 0xdef9,
0xce37, 0xa534, 0x6b8f, 0x6b8f, 0x6b8f, 0x6b8f, 0x6b8f, 0x6b8f, 0x6b8f, 0x6b8f,

0xfef4, 0xfef4, 0xd44d, 0xd44d, 0xd44d, 0xd44d, 0xd44d, 0x924b, 0xa534, 0xce37,
0xdef9, 0xdef9, 0xdef9, 0xdef9, 0xdef9, 0xdef9, 0xdef9, 0xdef9, 0xce37, 0xce37,
0xce37, 0xce37, 0xce37, 0xce37, 0xce37, 0xdef9, 0x6b8f, 0x6b8f, 0x6b8f, 0xa534,
0x0845, 0x0845, 0xed6a, 0xed6a, 0xed6a, 0xed6a, 0xed6a, 0xed6a, 0xed6a, 0xed6a,
0xed6a, 0xed6a, 0xfe2c, 0xfe2c, 0xfe2c, 0xfe2c, 0xfe2c, 0xfe2c, 0xfe2c, 0xfe2c,
0xfe2c, 0xfe2c, 0xfe2c, 0xfe2c, 0xfe2c, 0xfe2c, 0xfe2c, 0xfe2c, 0xfe2c, 0xfe2c,
0xfe2c, 0xfe2c, 0xfe2c, 0xfe2c, 0xfe2c, 0xfe2c, 0xfe2c, 0xfe2c, 0xfe2c, 0xfe2c,
0xfe2c, 0xfe2c, 0xfe2c, 0xfe2c, 0xfe2c, 0xfe2c, 0xfe2c, 0xfe2c, 0xfe2c, 0xfe2c,
0xfe2c, 0xfe2c, 0xfe2c, 0xfe2c, 0xfe2c, 0xfe2c, 0xed6a, 0xed6a, 0xed6a, 0xed6a,
0xed6a, 0xed6a, 0xed6a, 0xed6a, 0xed6a, 0xdcac, 0xed6a, 0xed6a, 0xed6a, 0xed6a,
0xed6a, 0xed6a, 0xed6a, 0xed6a, 0xed6a, 0xed6a, 0xfe2c, 0xfe2c, 0xfe2c, 0xfe2c,
0xfe2c, 0xfe2c, 0xfe2c, 0xfe2c, 0xfe2c, 0xfe2c, 0xfe2c, 0xfe2c, 0xfe2c, 0xfe2c,
0xfe2c, 0xfe2c, 0xfe2c, 0xfe2c, 0xfe2c, 0xfe2c, 0xfe2c, 0xfe2c, 0xfe2c, 0xfe2c,
0xfe2c, 0xfe2c, 0xfe2c, 0xfe2c, 0xed6a, 0xed6a, 0xed6a, 0xed6a, 0xed6a, 0xed6a,
0xed6a, 0xed6a, 0xed6a, 0xdcac, 0xed6a, 0xed6a, 0xed6a, 0xed6a, 0xed6a, 0xed6a,
0xed6a, 0xed6a, 0xed6a, 0xed6a, 0xed6a, 0xed6a, 0xed6a, 0xed6a, 0xed6a, 0xed6a,
0xed6a, 0xed6a, 0xed6a, 0xed6a, 0xed6a, 0xed6a, 0xed6a, 0xed6a, 0xed6a, 0xed6a,
0xed6a, 0xed6a, 0xed6a, 0xed6a, 0xed6a, 0xed6a, 0xed6a, 0xed6a, 0xed6a, 0xed6a,
0xed6a, 0xed6a, 0xed6a, 0xed6a, 0xed6a, 0xed6a, 0xed6a, 0xed6a, 0xed6a, 0xed6a,
0xed6a, 0xed6a, 0xed6a, 0xed6a, 0xed6a, 0xed6a, 0xed6a, 0xed6a, 0xed6a, 0xed6a,
0xed6a, 0xed6a, 0xed6a, 0xed6a, 0xed6a, 0xed6a, 0xed6a, 0xed6a, 0x8a9a, 0x8a9a,
0x8a9a, 0x8a9a, 0x8a9a, 0x8a9a, 0x8a9a, 0x8a9a, 0x8a9a, 0x8a9a, 0x8a9a, 0x8a9a,
0x8a9a, 0x8a9a, 0x8a9a, 0x8a9a, 0x8a9a, 0x8a9a, 0x8a9a, 0x8a9a, 0x8a9a, 0x8a9a,
0x8a9a, 0x8a9a, 0x924b, 0xbb4b, 0xd44d, 0xd44d, 0xd44d, 0xd44d, 0xfef4, 0xfef4,

0xfef4, 0xfef4, 0xd44d, 0xd44d, 0xd44d, 0xd44d, 0xd44d, 0x924b, 0xa534, 0xce37,
0xdef9, 0xdef9, 0xdef9, 0xdef9, 0xdef9, 0xdef9, 0xdef9, 0xdef9, 0xdef9, 0xce37,
0xce37, 0xdef9, 0xa534, 0xa534, 0xce37, 0xdef9, 0xa534, 0x6b8f, 0xa534, 0x6b8f,
0x0845, 0x0845, 0xed6a, 0xed6a, 0xed6a, 0xed6a, 0xed6a, 0xed6a, 0xed6a, 0xed6a,
0xed6a, 0xed6a, 0xed6a, 0xed6a, 0xfe2c, 0xfe2c, 0xfe2c, 0xfe2c, 0xfe2c, 0xfe2c,
0xfe2c, 0xfe2c, 0xfe2c, 0xfe2c, 0xfe2c, 0xfe2c, 0xfe2c, 0xfe2c, 0xfe2c, 0xfe2c,
0xfe2c, 0xfe2c, 0xfe2c, 0xfe2c, 0xfe2c, 0xfe2c, 0xfe2c, 0xfe2c, 0xfe2c, 0xfe2c,
0xfe2c, 0xfe2c, 0xfe2c, 0xfe2c, 0xfe2c, 0xfe2c, 0xfe2c, 0xfe2c, 0xfe2c, 0xfe2c,
0xfe2c, 0xfe2c, 0xfe2c, 0xfe2c, 0xed6a, 0xed6a, 0xed6a, 0xed6a, 0xed6a, 0xed6a,
0xed6a, 0xfe2c, 0xfe2c, 0xfe2c, 0xfe2c, 0xdcac, 0xed6a, 0xed6a, 0xed6a, 0xed6a,
0xed6a, 0xed6a, 0xed6a, 0xed6a, 0xed6a, 0xed6a, 0xed6a, 0xed6a, 0xfe2c, 0xfe2c,
0xfe2c, 0xfe2c, 0xfe2c, 0xfe2c, 0xfe2c, 0xfe2c, 0xfe2c, 0xfe2c, 0xfe2c, 0xfe2c,
0xfe2c, 0xfe2c, 0xfe2c, 0xfe2c, 0xfe2c, 0xfe2c, 0xfe2c, 0xfe2c, 0xfe2c, 0xfe2c,
0xfe2c, 0xfe2c, 0xed6a, 0xed6a, 0xed6a, 0xed6a, 0xed6a, 0xed6a, 0xed6a, 0xfe2c,
0xfe2c, 0xfe2c, 0xfe2c, 0xdcac, 0xed6a, 0xed6a, 0xed6a, 0xed6a, 0xed6a, 0xed6a,
0xed6a, 0xed6a, 0xdcac, 0xdcac, 0xdcac, 0xdcac, 0xed6a, 0xed6a, 0xed6a, 0xed6a,
0xed6a, 0xed6a, 0xed6a, 0xed6a, 0xed6a, 0xed6a, 0xed6a, 0xed6a, 0xdcac, 0xdcac,
0xdcac, 0xdcac, 0xed6a, 0xed6a, 0xed6a, 0xed6a, 0xed6a, 0xed6a, 0xed6a, 0xed6a,
0xed6a, 0xed6a, 0xed6a, 0xed6a, 0xdcac, 0xdcac, 0xdcac, 0xdcac, 0xed6a, 0xed6a,
0xed6a, 0xed6a, 0xed6a, 0xed6a, 0xed6a, 0xed6a, 0xed6a, 0xed6a, 0xed6a, 0xed6a,
0xdcac, 0xdcac, 0xdcac, 0xdcac, 0xed6a, 0xed6a, 0xed6a, 0xed6a, 0x424c, 0x6b8f,
0xa534, 0x6b8f, 0x6b8f, 0x6b8f, 0xdef9, 0xce37, 0xce37, 0xce37, 0xce37, 0xdef9,
0xce37, 0xce37, 0xdef9, 0xdef9, 0xdef9, 0xdef9, 0xdef9, 0xdef9, 0xdef9, 0xdef9,
0xce37, 0xa534, 0x6b8f, 0x6b8f, 0x6b8f, 0x6b8f, 0x6b8f, 0x6b8f, 0x6b8f, 0x6b8f,

0xfef4, 0xfef4, 0xd44d, 0xd44d, 0xd44d, 0xd44d, 0xd44d, 0x924b, 0xa534, 0xce37,
0xdef9, 0xdef9, 0xdef9, 0xdef9, 0xdef9, 0xdef9, 0xdef9, 0xce37, 0xdef9, 0xce37,
0xdef9, 0xa534, 0xa534, 0xa534, 0xa534, 0xce37, 0xce37, 0xa534, 0xa534, 0x6b8f,
0x424c, 0x0845, 0xed6a, 0xed6a, 0xed6a, 0xed6a, 0xdcac, 0xdcac, 0xdcac, 0xdcac,
0xed6a, 0xed6a, 0xed6a, 0xed6a, 0xfe2c, 0xfe2c, 0xfe2c, 0xfe2c, 0xfe2c, 0xfe2c,
0xfe2c, 0xfe2c, 0xfe2c, 0xfe2c, 0xfe2c, 0xfe2c, 0xfe2c, 0xfe2c, 0xfe2c, 0xfe2c,
0xfe2c, 0xfe2c, 0xfe2c, 0xfe2c, 0xfe2c, 0xfe2c, 0xfe2c, 0xfe2c, 0xfe2c, 0xfe2c,
0xfe2c, 0xfe2c, 0xfe2c, 0xfe2c, 0xfe2c, 0xfe2c, 0xfe2c, 0xfe2c, 0xfe2c, 0xfe2c,
0xfe2c, 0xfe2c, 0xfe2c, 0xfe2c, 0xed6a, 0xed6a, 0xed6a, 0xed6a, 0xed6a, 0xed6a,
0xed6a, 0xed6a, 0xed6a, 0xed6a, 0xed6a, 0xdcac, 0xed6a, 0xed6a, 0xed6a, 0xed6a,
0xdcac, 0xdcac, 0xdcac, 0xdcac, 0xed6a, 0xed6a, 0xed6a, 0xed6a, 0xfe2c, 0xfe2c,
0xfe2c, 0xfe2c, 0xfe2c, 0xfe2c, 0xfe2c, 0xfe2c, 0xfe2c, 0xfe2c, 0xfe2c, 0xfe2c,
0xfe2c, 0xfe2c, 0xfe2c, 0xfe2c, 0xfe2c, 0xfe2c, 0xfe2c, 0xfe2c, 0xfe2c, 0xfe2c,
0xfe2c, 0xfe2c, 0xed6a, 0xed6a, 0xed6a, 0xed6a, 0xed6a, 0xed6a, 0xed6a, 0xed6a,
0xed6a, 0xed6a, 0xed6a, 0xdcac, 0xfe2c, 0xfe2c, 0xfe2c, 0xed6a, 0xed6a, 0xed6a,
0xed6a, 0xed6a, 0xed6a, 0xed6a, 0xed6a, 0xed6a, 0xed6a, 0xed6a, 0xed6a, 0xed6a,
0xfe2c, 0xfe2c, 0xfe2c, 0xed6a, 0xed6a, 0xed6a, 0xed6a, 0xed6a, 0xed6a, 0xed6a,
0xed6a, 0xed6a, 0xed6a, 0xed6a, 0xed6a, 0xed6a, 0xfe2c, 0xfe2c, 0xfe2c, 0xed6a,
0xed6a, 0xed6a, 0xed6a, 0xed6a, 0xed6a, 0xed6a, 0xed6a, 0xed6a, 0xed6a, 0xed6a,
0xed6a, 0xed6a, 0xfe2c, 0xfe2c, 0xfe2c, 0xed6a, 0xed6a, 0xed6a, 0xed6a, 0xed6a,
0xed6a, 0xed6a, 0xed6a, 0xed6a, 0xed6a, 0xed6a, 0xed6a, 0xed6a, 0x8a9a, 0x8a9a,
0x8a9a, 0x8a9a, 0x8a9a, 0x8a9a, 0x8a9a, 0x8a9a, 0x8a9a, 0x8a9a, 0x8a9a, 0x8a9a,
0x8a9a, 0x8a9a, 0x8a9a, 0x8a9a, 0x8a9a, 0x8a9a, 0x8a9a, 0x8a9a, 0x8a9a, 0x8a9a,
0x8a9a, 0x8a9a, 0x924b, 0xd44d, 0xd44d, 0xd44d, 0xd44d, 0xd44d, 0xedf0, 0xfef4,

0xfef4, 0xfef4, 0xd44d, 0xd44d, 0xd44d, 0xd44d, 0xd44d, 0x924b, 0xa534, 0xce37,
0xdef9, 0xdef9, 0xdef9, 0xdef9, 0xdef9, 0xdef9, 0xce37, 0xce37, 0xce37, 0xce37,
0xdef9, 0xa534, 0xa534, 0xa534, 0xa534, 0xce37, 0xce37, 0x6b8f, 0x424c, 0x6b8f,
0x6b8f, 0x424c, 0xed6a, 0xed6a, 0xed6a, 0xed6a, 0xed6a, 0xed6a, 0xed6a, 0xed6a,
0xed6a, 0xed6a, 0xfe2c, 0xfe2c, 0xfe2c, 0xfe2c, 0xfe2c, 0xfe2c, 0xfe2c, 0xfe2c,
0xfe2c, 0xfe2c, 0xfe2c, 0xfe2c, 0xfe2c, 0xfe2c, 0xfe2c, 0xfeef, 0xfeef, 0xfeef,
0xfeef, 0xfeef, 0xfeef, 0xfe2c, 0xfe2c, 0xfeef, 0xfeef, 0xfeef, 0xfeef, 0xfeef,
0xfeef, 0xfe2c, 0xfe2c, 0xfe2c, 0xfe2c, 0xfe2c, 0xfe2c, 0xfe2c, 0xfe2c, 0xfe2c,
0xfe2c, 0xfe2c, 0xfe2c, 0xfe2c, 0xfe2c, 0xfe2c, 0xed6a, 0xed6a, 0xed6a, 0xed6a,
0xed6a, 0xed6a, 0xed6a, 0xed6a, 0xed6a, 0xdcac, 0xed6a, 0xed6a, 0xed6a, 0xed6a,
0xed6a, 0xed6a, 0xed6a, 0xed6a, 0xed6a, 0xed6a, 0xfe2c, 0xfe2c, 0xfe2c, 0xfe2c,
0xfe2c, 0xfe2c, 0xfe2c, 0xfe2c, 0xfe2c, 0xfe2c, 0xfe2c, 0xfe2c, 0xfe2c, 0xfe2c,
0xfe2c, 0xfe2c, 0xfe2c, 0xfe2c, 0xfe2c, 0xfe2c, 0xfe2c, 0xfe2c, 0xfe2c, 0xfe2c,
0xfe2c, 0xfe2c, 0xfe2c, 0xfe2c, 0xed6a, 0xed6a, 0xed6a, 0xed6a, 0xed6a, 0xed6a,
0xed6a, 0xed6a, 0xed6a, 0xdcac, 0xed6a, 0xed6a, 0xed6a, 0xed6a, 0xed6a, 0xed6a,
0xed6a, 0xed6a, 0xed6a, 0xed6a, 0xed6a, 0xed6a, 0xed6a, 0xed6a, 0xed6a, 0xed6a,
0xed6a, 0xed6a, 0xed6a, 0xed6a, 0xed6a, 0xed6a, 0xed6a, 0xed6a, 0xed6a, 0xed6a,
0xed6a, 0xed6a, 0xed6a, 0xed6a, 0xed6a, 0xed6a, 0xed6a, 0xed6a, 0xed6a, 0xed6a,
0xed6a, 0xed6a, 0xed6a, 0xed6a, 0xed6a, 0xed6a, 0xed6a, 0xed6a, 0xed6a, 0xed6a,
0xed6a, 0xed6a, 0xed6a, 0xed6a, 0xed6a, 0xed6a, 0xed6a, 0xed6a, 0xed6a, 0xed6a,
0xed6a, 0xed6a, 0xed6a, 0xed6a, 0xed6a, 0xed6a, 0xed6a, 0xed6a, 0x424c, 0x0845,
0x424c, 0xa534, 0x6b8f, 0xa534, 0x6b8f, 0x6b8f, 0xdef9, 0xce37, 0xce37, 0xce37,
0xdef9, 0xce37, 0xce37, 0xce37, 0xdef9, 0xdef9, 0xdef9, 0xdef9, 0xce37, 0xdef9,
0xce37, 0xa534, 0x6b8f, 0x6b8f, 0x6b8f, 0x6b8f, 0x6b8f, 0x6b8f, 0x6b8f, 0x6b8f,

0xfef4, 0xfef4, 0xd44d, 0xd44d, 0xd44d, 0xd44d, 0xd44d, 0x924b, 0xa534, 0xce37,
0xdef9, 0xdef9, 0xdef9, 0xdef9, 0xdef9, 0xdef9, 0xce37, 0xce37, 0xce37, 0xce37,
0xef3b, 0xa534, 0xa534, 0xa534, 0xa534, 0xce37, 0xdef9, 0x424c, 0x424c, 0x424c,
0x6b8f, 0x424c, 0xed6a, 0xed6a, 0xed6a, 0xed6a, 0xed6a, 0xed6a, 0xed6a, 0xed6a,
0xed6a, 0xed6a, 0xed6a, 0xed6a, 0xed6a, 0xed6a, 0xfe2c, 0xfe2c, 0xfe2c, 0xfe2c,
0xfe2c, 0xfe2c, 0xfe2c, 0xfe2c, 0xfe2c, 0xfe2c, 0xfe2c, 0xfeef, 0xfeef, 0xfeef,
0xfeef, 0xfeef, 0xfeef, 0xfeef, 0xfeef, 0xfeef, 0xfeef, 0xfeef, 0xfeef, 0xfeef,
0xfeef, 0xfe2c, 0xfe2c, 0xfe2c, 0xfe2c, 0xfe2c, 0xfe2c, 0xfe2c, 0xfe2c, 0xfe2c,
0xfe2c, 0xfe2c, 0xed6a, 0xed6a, 0xed6a, 0xed6a, 0xed6a, 0xed6a, 0xed6a, 0xed6a,
0xed6a, 0xed6a, 0xed6a, 0xed6a, 0xed6a, 0xdcac, 0xed6a, 0xed6a, 0xed6a, 0xed6a,
0xed6a, 0xed6a, 0xed6a, 0xed6a, 0xed6a, 0xed6a, 0xed6a, 0xed6a, 0xed6a, 0xed6a,
0xfe2c, 0xfe2c, 0xfe2c, 0xfe2c, 0xfe2c, 0xfe2c, 0xfe2c, 0xfe2c, 0xfe2c, 0xfe2c,
0xfe2c, 0xfe2c, 0xfe2c, 0xfe2c, 0xfe2c, 0xfe2c, 0xfe2c, 0xfe2c, 0xfe2c, 0xfe2c,
0xed6a, 0xed6a, 0xed6a, 0xed6a, 0xed6a, 0xed6a, 0xed6a, 0xed6a, 0xed6a, 0xed6a,
0xed6a, 0xed6a, 0xed6a, 0xdcac, 0xed6a, 0xed6a, 0xed6a, 0xed6a, 0xed6a, 0xed6a,
0xed6a, 0xed6a, 0xed6a, 0xed6a, 0xed6a, 0xed6a, 0xed6a, 0xed6a, 0xed6a, 0xed6a,
0xed6a, 0xed6a, 0xed6a, 0xed6a, 0xed6a, 0xed6a, 0xed6a, 0xed6a, 0xed6a, 0xed6a,
0xed6a, 0xed6a, 0xed6a, 0xed6a, 0xed6a, 0xed6a, 0xed6a, 0xed6a, 0xed6a, 0xed6a,
0xed6a, 0xed6a, 0xed6a, 0xed6a, 0xed6a, 0xed6a, 0xed6a, 0xed6a, 0xed6a, 0xed6a,
0xed6a, 0xed6a, 0xed6a, 0xed6a, 0xed6a, 0xed6a, 0xed6a, 0xed6a, 0xed6a, 0xed6a,
0xed6a, 0xed6a, 0xed6a, 0xed6a, 0xed6a, 0xed6a, 0xed6a, 0xed6a, 0x8a9a, 0x8a9a,
0x8a9a, 0x8a9a, 0x8a9a, 0x8a9a, 0x8a9a, 0x8a9a, 0x8a9a, 0x8a9a, 0x8a9a, 0x8a9a,
0x8a9a, 0x8a9a, 0x8a9a, 0x8a9a, 0x8a9a, 0x8a9a, 0x8a9a, 0x8a9a, 0x8a9a, 0x8a9a,
0x8a9a, 0x8a9a, 0x924b, 0xd44d, 0xd44d, 0xd44d, 0xd44d, 0xd44d, 0xfef4, 0xfef4,

0xfef4, 0xfef4, 0xd44d, 0xd44d, 0xd44d, 0xd44d, 0xd44d, 0x924b, 0xa534, 0xce37,
0xdef9, 0xdef9, 0xdef9, 0xce37, 0xef3b, 0xdef9, 0xce37, 0xce37, 0xce37, 0xce37,
0xef3b, 0xa534, 0xa534, 0xa534, 0xa534, 0xce37, 0xdef9, 0x424c, 0x424c, 0x424c,
0x0845, 0x0845, 0xfe2c, 0xfe2c, 0xfe2c, 0xfe2c, 0xfe2c, 0xfe2c, 0xfe2c, 0xfe2c,
0xfe2c, 0xfe2c, 0xfe2c, 0xfe2c, 0xfe2c, 0xfe2c, 0xfe2c, 0xfe2c, 0xfe2c, 0xfe2c,
0xfe2c, 0xfe2c, 0xfe2c, 0xfe2c, 0xfe2c, 0xfe2c, 0xfeef, 0xff6e, 0xff6e, 0xff6e,
0xff6e, 0xff6e, 0xff6e, 0xfeef, 0xfeef, 0xff6e, 0xff6e, 0xff6e, 0xff6e, 0xff6e,
0xff6e, 0xfeef, 0xfe2c, 0xfe2c, 0xfe2c, 0xfe2c, 0xfe2c, 0xfe2c, 0xfe2c, 0xfe2c,
0xfe2c, 0xfe2c, 0xfe2c, 0xfe2c, 0xfe2c, 0xfe2c, 0xfe2c, 0xfe2c, 0xfe2c, 0xfe2c,
0xed6a, 0xed6a, 0xfe2c, 0xfe2c, 0xfe2c, 0xdcac, 0xfe2c, 0xfe2c, 0xfe2c, 0xfe2c,
0xfe2c, 0xfe2c, 0xfe2c, 0xfe2c, 0xfe2c, 0xfe2c, 0xfe2c, 0xfe2c, 0xfe2c, 0xfe2c,
0xfe2c, 0xfe2c, 0xfe2c, 0xfe2c, 0xfe2c, 0xfe2c, 0xfe2c, 0xfe2c, 0xfe2c, 0xfe2c,
0xfe2c, 0xfe2c, 0xfe2c, 0xfe2c, 0xfe2c, 0xfe2c, 0xfe2c, 0xfe2c, 0xfe2c, 0xfe2c,
0xfe2c, 0xfe2c, 0xfe2c, 0xfe2c, 0xfe2c, 0xfe2c, 0xfe2c, 0xfe2c, 0xed6a, 0xed6a,
0xfe2c, 0xfe2c, 0xfe2c, 0xdcac, 0xfe2c, 0xfe2c, 0xfe2c, 0xed6a, 0xed6a, 0xed6a,
0xfe2c, 0xfe2c, 0xfe2c, 0xfe2c, 0xfe2c, 0xfe2c, 0xfe2c, 0xfe2c, 0xfe2c, 0xed6a,
0xfe2c, 0xfe2c, 0xfe2c, 0xed6a, 0xed6a, 0xed6a, 0xfe2c, 0xfe2c, 0xfe2c, 0xfe2c,
0xfe2c, 0xfe2c, 0xfe2c, 0xfe2c, 0xfe2c, 0xed6a, 0xfe2c, 0xfe2c, 0xfe2c, 0xed6a,
0xed6a, 0xed6a, 0xfe2c, 0xfe2c, 0xfe2c, 0xfe2c, 0xfe2c, 0xfe2c, 0xfe2c, 0xfe2c,
0xfe2c, 0xed6a, 0xfe2c, 0xfe2c, 0xfe2c, 0xed6a, 0xed6a, 0xed6a, 0xfe2c, 0xfe2c,
0xfe2c, 0xfe2c, 0xfe2c, 0xfe2c, 0xfe2c, 0xfe2c, 0xfe2c, 0xed6a, 0x0845, 0x0845,
0x0845, 0x6b8f, 0xa534, 0x6b8f, 0x6b8f, 0x6b8f, 0x6b8f, 0xdef9, 0xce37, 0xce37,
0xce37, 0xce37, 0xce37, 0xce37, 0xdef9, 0xdef9, 0xdef9, 0xef3b, 0xdef9, 0xce37,
0xce37, 0xa534, 0x6b8f, 0x6b8f, 0x6b8f, 0x6b8f, 0x6b8f, 0x6b8f, 0x6b8f, 0x6b8f,

0xfef4, 0xfef4, 0xd44d, 0xd44d, 0xd44d, 0xd44d, 0xd44d, 0x924b, 0xa534, 0xce37,
0xdef9, 0xdef9, 0xdef9, 0xce37, 0xce37, 0xdef9, 0xce37, 0xce37, 0xce37, 0xce37,
0xef3b, 0xa534, 0xa534, 0xa534, 0xa534, 0xce37, 0xdef9, 0x424c, 0x424c, 0x424c,
0x0845, 0x0845, 0xed6a, 0xed6a, 0xed6a, 0xed6a, 0xed6a, 0xed6a, 0xed6a, 0xed6a,
0xdcac, 0xdcac, 0xdcac, 0xdcac, 0xdcac, 0xdcac, 0xed6a, 0xed6a, 0xfe2c, 0xfe2c,
0xfe2c, 0xfe2c, 0xfe2c, 0xfe2c, 0xfe2c, 0xfe2c, 0xfeef, 0xff6e, 0xff6e, 0xff6e,
0xff6e, 0xff6e, 0xff6e, 0xfeef, 0xfeef, 0xff6e, 0xff6e, 0xff6e, 0xff6e, 0xff6e,
0xff6e, 0xfeef, 0xfe2c, 0xfe2c, 0xfe2c, 0xfe2c, 0xfe2c, 0xfe2c, 0xfe2c, 0xfe2c,
0xed6a, 0xed6a, 0xdcac, 0xdcac, 0xdcac, 0xdcac, 0xdcac, 0xdcac, 0xdcac, 0xdcac,
0xdcac, 0xdcac, 0xdcac, 0xdcac, 0xdcac, 0xdcac, 0xed6a, 0xed6a, 0xed6a, 0xed6a,
0xed6a, 0xed6a, 0xed6a, 0xed6a, 0xdcac, 0xdcac, 0xdcac, 0xdcac, 0xdcac, 0xdcac,
0xed6a, 0xed6a, 0xfe2c, 0xfe2c, 0xfe2c, 0xfe2c, 0xfe2c, 0xfe2c, 0xfe2c, 0xfe2c,
0xfe2c, 0xfe2c, 0xfe2c, 0xfe2c, 0xfe2c, 0xfe2c, 0xfe2c, 0xfe2c, 0xed6a, 0xed6a,
0xdcac, 0xdcac, 0xdcac, 0xdcac, 0xdcac, 0xdcac, 0xdcac, 0xdcac, 0xdcac, 0xdcac,
0xdcac, 0xdcac, 0xdcac, 0xdcac, 0xdcac, 0xdcac, 0xdcac, 0xdcac, 0xdcac, 0xdcac,
0xdcac, 0xdcac, 0xed6a, 0xed6a, 0xed6a, 0xed6a, 0xed6a, 0xed6a, 0xed6a, 0xdcac,
0xdcac, 0xdcac, 0xdcac, 0xdcac, 0xdcac, 0xdcac, 0xdcac, 0xdcac, 0xed6a, 0xed6a,
0xed6a, 0xed6a, 0xed6a, 0xed6a, 0xed6a, 0xdcac, 0xdcac, 0xdcac, 0xdcac, 0xdcac,
0xdcac, 0xdcac, 0xdcac, 0xdcac, 0xed6a, 0xed6a, 0xed6a, 0xed6a, 0xed6a, 0xed6a,
0xed6a, 0xdcac, 0xdcac, 0xdcac, 0xdcac, 0xdcac, 0xdcac, 0xdcac, 0xdcac, 0xdcac,
0xed6a, 0xed6a, 0xed6a, 0xed6a, 0xed6a, 0xed6a, 0xed6a, 0xdcac, 0x8a9a, 0x8a9a,
0x8a9a, 0x8a9a, 0x8a9a, 0x8a9a, 0x8a9a, 0x8a9a, 0x8a9a, 0x8a9a, 0x8a9a, 0x8a9a,
0x8a9a, 0x8a9a, 0x8a9a, 0x8a9a, 0x8a9a, 0x8a9a, 0x8a9a, 0x8a9a, 0x8a9a, 0x8a9a,
0x8a9a, 0x8a9a, 0x924b, 0xd44d, 0xd44d, 0xd44d, 0xd44d, 0xd44d, 0xfef4, 0xfef4,

0xfef4, 0xfef4, 0xd44d, 0xd44d, 0xd44d, 0xd44d, 0xbb4b, 0x924b, 0xa534, 0xce37,
0xdef9, 0xdef9, 0xdef9, 0xdef9, 0xdef9, 0xdef9, 0xce37, 0xce37, 0xce37, 0xce37,
0xef3b, 0xa534, 0xa534, 0xa534, 0xa534, 0xce37, 0xdef9, 0x424c, 0x424c, 0x424c,
0x0845, 0x0845, 0xed6a, 0xed6a, 0xed6a, 0xed6a, 0xed6a, 0xed6a, 0xfe2c, 0xfe2c,
0xfe2c, 0xfe2c, 0xfe2c, 0xfe2c, 0xfe2c, 0xfe2c, 0xfe2c, 0xfe2c, 0xfe2c, 0xfe2c,
0xfe2c, 0xfe2c, 0xfe2c, 0xfe2c, 0xfe2c, 0xfe2c, 0xfeef, 0xff6e, 0xef7c, 0xef7c,
0xef7c, 0xef7c, 0xef7c, 0xfeef, 0xfeef, 0xef7c, 0xef7c, 0xef7c, 0xef7c, 0xef7c,
0xff6e, 0xfeef, 0xfe2c, 0xfe2c, 0xfe2c, 0xfe2c, 0xfe2c, 0xfe2c, 0xfe2c, 0xfe2c,
0xfe2c, 0xfe2c, 0xfe2c, 0xfe2c, 0xfe2c, 0xfe2c, 0xfe2c, 0xed6a, 0xfe2c, 0xfe2c,
0xed6a, 0xed6a, 0xed6a, 0xed6a, 0xed6a, 0xed6a, 0xed6a, 0xed6a, 0xed6a, 0xed6a,
0xed6a, 0xed6a, 0xed6a, 0xdcac, 0xed6a, 0xed6a, 0xed6a, 0xed6a, 0xed6a, 0xed6a,
0xed6a, 0xed6a, 0xfe2c, 0xfe2c, 0xfe2c, 0xfe2c, 0xfe2c, 0xfe2c, 0xfe2c, 0xfe2c,
0xfe2c, 0xfe2c, 0xfe2c, 0xfe2c, 0xfe2c, 0xfe2c, 0xfe2c, 0xfe2c, 0xfe2c, 0xfe2c,
0xfe2c, 0xfe2c, 0xfe2c, 0xfe2c, 0xfe2c, 0xfe2c, 0xfe2c, 0xfe2c, 0xfe2c, 0xfe2c,
0xfe2c, 0xfe2c, 0xfe2c, 0xfe2c, 0xed6a, 0xed6a, 0xed6a, 0xed6a, 0xed6a, 0xed6a,
0xed6a, 0xdcac, 0xed6a, 0xed6a, 0xed6a, 0xed6a, 0xed6a, 0xed6a, 0xed6a, 0xed6a,
0xed6a, 0xed6a, 0xed6a, 0xed6a, 0xed6a, 0xed6a, 0xed6a, 0xdcac, 0xed6a, 0xed6a,
0xed6a, 0xed6a, 0xed6a, 0xed6a, 0xed6a, 0xed6a, 0xed6a, 0xed6a, 0xed6a, 0xed6a,
0xed6a, 0xed6a, 0xed6a, 0xdcac, 0xed6a, 0xed6a, 0xed6a, 0xed6a, 0xed6a, 0xed6a,
0xed6a, 0xed6a, 0xed6a, 0xed6a, 0xed6a, 0xed6a, 0xed6a, 0xed6a, 0xed6a, 0xdcac,
0xed6a, 0xed6a, 0xed6a, 0xed6a, 0xed6a, 0xed6a, 0xed6a, 0xed6a, 0x8a9a, 0x8a9a,
0x8a9a, 0x8a9a, 0x8a9a, 0x8a9a, 0x8a9a, 0x8a9a, 0x8a9a, 0x8a9a, 0x8a9a, 0x8a9a,
0x8a9a, 0x8a9a, 0x8a9a, 0x8a9a, 0x8a9a, 0x8a9a, 0x8a9a, 0x8a9a, 0x8a9a, 0x8a9a,
0x8a9a, 0x8a9a, 0x6b8f, 0x6b8f, 0x6b8f, 0x6b8f, 0x6b8f, 0x6b8f, 0x6b8f, 0x6b8f,

0xfef4, 0xfef4, 0xd44d, 0xd44d, 0xd44d, 0xd44d, 0xbb4b, 0x924b, 0xa534, 0xce37,
0xdef9, 0xdef9, 0xdef9, 0xdef9, 0xdef9, 0xdef9, 0xce37, 0xce37, 0xce37, 0xce37,
0xef3b, 0xa534, 0xa534, 0xa534, 0xa534, 0xce37, 0xdef9, 0x424c, 0x424c, 0x424c,
0x0845, 0x0845, 0xed6a, 0xed6a, 0xfe2c, 0xfe2c, 0xfe2c, 0xfe2c, 0xfe2c, 0xfe2c,
0xfe2c, 0xfe2c, 0xfe2c, 0xfe2c, 0xfe2c, 0xfe2c, 0xfe2c, 0xfe2c, 0xfe2c, 0xfe2c,
0xfe2c, 0xfe2c, 0xfe2c, 0xfe2c, 0xfe2c, 0xfe2c, 0xfeef, 0xff6e, 0xef7c, 0xef7c,
0xef7c, 0xef7c, 0xef7c, 0xff6e, 0xff6e, 0xef7c, 0xef7c, 0xef7c, 0xef7c, 0xef7c,
0xff6e, 0xfeef, 0xfe2c, 0xfe2c, 0xfe2c, 0xfe2c, 0xfe2c, 0xfe2c, 0xfe2c, 0xfe2c,
0xfe2c, 0xfe2c, 0xfe2c, 0xfe2c, 0xfe2c, 0xfe2c, 0xfe2c, 0xed6a, 0xfe2c, 0xfe2c,
0xfe2c, 0xfe2c, 0xfe2c, 0xfe2c, 0xed6a, 0xed6a, 0xed6a, 0xed6a, 0xed6a, 0xed6a,
0xed6a, 0xed6a, 0xed6a, 0xdcac, 0xed6a, 0xed6a, 0xed6a, 0xed6a, 0xed6a, 0xfe2c,
0xfe2c, 0xfe2c, 0xfe2c, 0xfe2c, 0xfe2c, 0xfe2c, 0xfe2c, 0xfe2c, 0xfe2c, 0xfe2c,
0xfe2c, 0xfe2c, 0xfe2c, 0xfe2c, 0xfe2c, 0xfe2c, 0xfe2c, 0xfe2c, 0xfe2c, 0xfe2c,
0xfe2c, 0xfe2c, 0xfe2c, 0xfe2c, 0xfe2c, 0xfe2c, 0xfe2c, 0xfe2c, 0xfe2c, 0xfe2c,
0xfe2c, 0xfe2c, 0xfe2c, 0xfe2c, 0xfe2c, 0xfe2c, 0xfe2c, 0xed6a, 0xed6a, 0xed6a,
0xed6a, 0xdcac, 0xed6a, 0xed6a, 0xed6a, 0xed6a, 0xed6a, 0xed6a, 0xed6a, 0xed6a,
0xed6a, 0xed6a, 0xed6a, 0xed6a, 0xed6a, 0xed6a, 0xed6a, 0xdcac, 0xed6a, 0xed6a,
0xed6a, 0xed6a, 0xed6a, 0xed6a, 0xed6a, 0xed6a, 0xed6a, 0xed6a, 0xed6a, 0xed6a,
0xed6a, 0xed6a, 0xed6a, 0xdcac, 0xed6a, 0xed6a, 0xed6a, 0xed6a, 0xed6a, 0xed6a,
0xed6a, 0xed6a, 0xed6a, 0xed6a, 0xed6a, 0xed6a, 0xed6a, 0xed6a, 0xed6a, 0xdcac,
0xed6a, 0xed6a, 0xed6a, 0xed6a, 0xed6a, 0xed6a, 0xed6a, 0xed6a, 0x424c, 0x0845,
0x0845, 0xa534, 0xa534, 0x6b8f, 0x6b8f, 0x6b8f, 0x6b8f, 0xdef9, 0xce37, 0xce37,
0xce37, 0xce37, 0xce37, 0xce37, 0xdef9, 0xdef9, 0xdef9, 0xdef9, 0xdef9, 0xdef9,
0xce37, 0xa534, 0x924b, 0xd44d, 0xd44d, 0xd44d, 0xd44d, 0xd44d, 0xfef4, 0xfef4,

0xfef4, 0xfef4, 0xd44d, 0xd44d, 0xd44d, 0xd44d, 0x924b, 0x924b, 0xa534, 0xce37,
0xdef9, 0xdef9, 0xdef9, 0xdef9, 0xdef9, 0xdef9, 0xce37, 0xce37, 0xce37, 0xce37,
0xef3b, 0xa534, 0xa534, 0xa534, 0xa534, 0xce37, 0xce37, 0x6b8f, 0x424c, 0x6b8f,
0x0845, 0x0845, 0xed6a, 0xed6a, 0xed6a, 0xed6a, 0xfe2c, 0xfe2c, 0xfe2c, 0xfe2c,
0xfe2c, 0xfe2c, 0xfe2c, 0xfe2c, 0xfe2c, 0xfe2c, 0xfe2c, 0xfe2c, 0xfe2c, 0xfe2c,
0xfe2c, 0xfe2c, 0xfe2c, 0xfe2c, 0xfe2c, 0xfe2c, 0xfe2c, 0xff6e, 0xfeef, 0xff6e,
0xff6e, 0xff6e, 0xff6e, 0xff6e, 0xff6e, 0xff6e, 0xff6e, 0xff6e, 0xff6e, 0xfeef,
0xff6e, 0xfe2c, 0xfe2c, 0xfe2c, 0xfe2c, 0xfe2c, 0xfe2c, 0xfe2c, 0xfe2c, 0xfe2c,
0xfe2c, 0xfe2c, 0xfe2c, 0xfe2c, 0xfe2c, 0xfe2c, 0xfe2c, 0xed6a, 0xfe2c, 0xfe2c,
0xfe2c, 0xfe2c, 0xed6a, 0xed6a, 0xed6a, 0xed6a, 0xed6a, 0xed6a, 0xed6a, 0xfe2c,
0xfe2c, 0xfe2c, 0xfe2c, 0xdcac, 0xed6a, 0xed6a, 0xed6a, 0xed6a, 0xed6a, 0xed6a,
0xfe2c, 0xfe2c, 0xfe2c, 0xfe2c, 0xfe2c, 0xfe2c, 0xfe2c, 0xfe2c, 0xfe2c, 0xfe2c,
0xfe2c, 0xfe2c, 0xfe2c, 0xfe2c, 0xfe2c, 0xfe2c, 0xfe2c, 0xfe2c, 0xfe2c, 0xfe2c,
0xfe2c, 0xfe2c, 0xfe2c, 0xfe2c, 0xfe2c, 0xfe2c, 0xfe2c, 0xfe2c, 0xfe2c, 0xfe2c,
0xfe2c, 0xfe2c, 0xfe2c, 0xfe2c, 0xfe2c, 0xfe2c, 0xed6a, 0xed6a, 0xed6a, 0xed6a,
0xed6a, 0xed6a, 0xed6a, 0xed6a, 0xed6a, 0xed6a, 0xed6a, 0xed6a, 0xed6a, 0xed6a,
0xed6a, 0xed6a, 0xed6a, 0xfe2c, 0xfe2c, 0xfe2c, 0xfe2c, 0xdcac, 0xed6a, 0xed6a,
0xed6a, 0xed6a, 0xed6a, 0xed6a, 0xed6a, 0xed6a, 0xed6a, 0xed6a, 0xed6a, 0xfe2c,
0xfe2c, 0xfe2c, 0xfe2c, 0xdcac, 0xed6a, 0xed6a, 0xed6a, 0xed6a, 0xed6a, 0xed6a,
0xed6a, 0xed6a, 0xed6a, 0xed6a, 0xed6a, 0xfe2c, 0xfe2c, 0xfe2c, 0xfe2c, 0xdcac,
0xed6a, 0xed6a, 0xed6a, 0xed6a, 0xed6a, 0xed6a, 0xed6a, 0xed6a, 0x8a9a, 0x8a9a,
0x8a9a, 0x8a9a, 0x8a9a, 0x8a9a, 0x8a9a, 0x8a9a, 0x8a9a, 0x8a9a, 0x8a9a, 0x8a9a,
0x8a9a, 0x8a9a, 0x8a9a, 0x8a9a, 0x8a9a, 0x8a9a, 0x8a9a, 0x8a9a, 0x8a9a, 0x8a9a,
0x8a9a, 0x8a9a, 0x6b8f, 0x6b8f, 0x6b8f, 0x6b8f, 0x6b8f, 0x6b8f, 0x6b8f, 0x6b8f,

0xfef4, 0xedf0, 0xedf0, 0xd44d, 0xd44d, 0xd44d, 0xd44d, 0x924b, 0xa534, 0xce37,
0xdef9, 0xdef9, 0xdef9, 0xdef9, 0xdef9, 0xdef9, 0xce37, 0xce37, 0xce37, 0xce37,
0xdef9, 0xa534, 0xa534, 0xa534, 0xa534, 0xce37, 0xa534, 0xa534, 0xa534, 0x6b8f,
0x424c, 0x424c, 0xed6a, 0xed6a, 0xed6a, 0xed6a, 0xfe2c, 0xfe2c, 0xfe2c, 0xfe2c,
0xfe2c, 0xfe2c, 0xfe2c, 0xfe2c, 0xfe2c, 0xfe2c, 0xfe2c, 0xfe2c, 0xfe2c, 0xfe2c,
0xfe2c, 0xfe2c, 0xfe2c, 0xfe2c, 0xfe2c, 0xfe2c, 0xfeef, 0xff6e, 0xef7c, 0xef7c,
0xef7c, 0xef7c, 0xef7c, 0xff6e, 0xff6e, 0xef7c, 0xef7c, 0xef7c, 0xef7c, 0xef7c,
0xff6e, 0xfeef, 0xfe2c, 0xfe2c, 0xfe2c, 0xfe2c, 0xfe2c, 0xfe2c, 0xfe2c, 0xfe2c,
0xfe2c, 0xfe2c, 0xfe2c, 0xfe2c, 0xfe2c, 0xfe2c, 0xfe2c, 0xed6a, 0xfe2c, 0xfe2c,
0xfe2c, 0xfe2c, 0xed6a, 0xed6a, 0xed6a, 0xed6a, 0xed6a, 0xed6a, 0xed6a, 0xed6a,
0xed6a, 0xed6a, 0xed6a, 0xdcac, 0xed6a, 0xed6a, 0xed6a, 0xed6a, 0xfe2c, 0xfe2c,
0xfe2c, 0xfe2c, 0xfe2c, 0xfe2c, 0xfe2c, 0xfe2c, 0xfe2c, 0xfe2c, 0xfe2c, 0xfe2c,
0xfe2c, 0xfe2c, 0xfe2c, 0xfe2c, 0xfe2c, 0xfe2c, 0xfe2c, 0xfe2c, 0xfe2c, 0xfe2c,
0xfe2c, 0xfe2c, 0xfe2c, 0xfe2c, 0xfe2c, 0xfe2c, 0xfe2c, 0xfe2c, 0xfe2c, 0xfe2c,
0xfe2c, 0xfe2c, 0xfe2c, 0xfe2c, 0xfe2c, 0xfe2c, 0xfe2c, 0xfe2c, 0xed6a, 0xed6a,
0xed6a, 0xed6a, 0xed6a, 0xed6a, 0xed6a, 0xed6a, 0xdcac, 0xdcac, 0xdcac, 0xdcac,
0xed6a, 0xed6a, 0xed6a, 0xed6a, 0xed6a, 0xed6a, 0xed6a, 0xdcac, 0xed6a, 0xed6a,
0xed6a, 0xed6a, 0xdcac, 0xdcac, 0xdcac, 0xdcac, 0xed6a, 0xed6a, 0xed6a, 0xed6a,
0xed6a, 0xed6a, 0xed6a, 0xdcac, 0xed6a, 0xed6a, 0xed6a, 0xed6a, 0xdcac, 0xdcac,
0xdcac, 0xdcac, 0xed6a, 0xed6a, 0xed6a, 0xed6a, 0xed6a, 0xed6a, 0xed6a, 0xdcac,
0xed6a, 0xed6a, 0xed6a, 0xed6a, 0xdcac, 0xdcac, 0xdcac, 0xdcac, 0x0845, 0x0845,
0x6b8f, 0xa534, 0xa534, 0x6b8f, 0x6b8f, 0x6b8f, 0x6b8f, 0xdef9, 0xce37, 0xce37,
0xdef9, 0xce37, 0xce37, 0xce37, 0xdef9, 0xdef9, 0xdef9, 0xdef9, 0xdef9, 0xdef9,
0xce37, 0xa534, 0x924b, 0xd44d, 0xd44d, 0xd44d, 0xd44d, 0xd44d, 0xfef4, 0xfef4,

0xfef4, 0xfef4, 0xedf0, 0xd44d, 0xd44d, 0xd44d, 0xd44d, 0x924b, 0xa534, 0xce37,
0xdef9, 0xdef9, 0xdef9, 0xdef9, 0xdef9, 0xdef9, 0xdef9, 0xce37, 0xdef9, 0xce37,
0xdef9, 0xa534, 0xa534, 0xa534, 0xa534, 0xce37, 0xce37, 0x6b8f, 0xa534, 0x6b8f,
0x0845, 0x0845, 0xed6a, 0xed6a, 0xfe2c, 0xfe2c, 0xfe2c, 0xfe2c, 0xfe2c, 0xfe2c,
0xfe2c, 0xfe2c, 0xfe2c, 0xfe2c, 0xfe2c, 0xfe2c, 0xfe2c, 0xfe2c, 0xfe2c, 0xfe2c,
0xfe2c, 0xfe2c, 0xfe2c, 0xfe2c, 0xfe2c, 0xfe2c, 0xfeef, 0xff6e, 0xef7c, 0xef7c,
0xef7c, 0xef7c, 0xef7c, 0xff6e, 0xff6e, 0xef7c, 0xef7c, 0xef7c, 0xef7c, 0xef7c,
0xff6e, 0xfeef, 0xfe2c, 0xfe2c, 0xfe2c, 0xfe2c, 0xfe2c, 0xfe2c, 0xfe2c, 0xfe2c,
0xfe2c, 0xfe2c, 0xfe2c, 0xfe2c, 0xfe2c, 0xfe2c, 0xfe2c, 0xed6a, 0xfe2c, 0xfe2c,
0xfe2c, 0xfe2c, 0xfe2c, 0xfe2c, 0xed6a, 0xed6a, 0xed6a, 0xed6a, 0xed6a, 0xed6a,
0xed6a, 0xed6a, 0xed6a, 0xdcac, 0xed6a, 0xed6a, 0xed6a, 0xed6a, 0xfe2c, 0xfe2c,
0xfe2c, 0xfe2c, 0xfe2c, 0xfe2c, 0xfe2c, 0xfe2c, 0xfe2c, 0xfe2c, 0xfe2c, 0xfe2c,
0xfe2c, 0xfe2c, 0xfe2c, 0xfe2c, 0xfe2c, 0xfe2c, 0xfe2c, 0xfe2c, 0xfe2c, 0xfe2c,
0xfe2c, 0xfe2c, 0xfe2c, 0xfe2c, 0xfe2c, 0xfe2c, 0xfe2c, 0xfe2c, 0xfe2c, 0xfe2c,
0xfe2c, 0xfe2c, 0xfe2c, 0xfe2c, 0xfe2c, 0xfe2c, 0xfe2c, 0xfe2c, 0xed6a, 0xed6a,
0xed6a, 0xdcac, 0xed6a, 0xed6a, 0xed6a, 0xed6a, 0xed6a, 0xed6a, 0xed6a, 0xed6a,
0xed6a, 0xed6a, 0xed6a, 0xed6a, 0xed6a, 0xed6a, 0xed6a, 0xdcac, 0xed6a, 0xed6a,
0xed6a, 0xed6a, 0xed6a, 0xed6a, 0xed6a, 0xed6a, 0xed6a, 0xed6a, 0xed6a, 0xed6a,
0xed6a, 0xed6a, 0xed6a, 0xdcac, 0xed6a, 0xed6a, 0xed6a, 0xed6a, 0xed6a, 0xed6a,
0xed6a, 0xed6a, 0xed6a, 0xed6a, 0xed6a, 0xed6a, 0xed6a, 0xed6a, 0xed6a, 0xdcac,
0xed6a, 0xed6a, 0xed6a, 0xed6a, 0xed6a, 0xed6a, 0xed6a, 0xed6a, 0x8a9a, 0x8a9a,
0x8a9a, 0x8a9a, 0x8a9a, 0x8a9a, 0x8a9a, 0x8a9a, 0x8a9a, 0x8a9a, 0x8a9a, 0x8a9a,
0x8a9a, 0x8a9a, 0x8a9a, 0x8a9a, 0x8a9a, 0x8a9a, 0x8a9a, 0x8a9a, 0x8a9a, 0x8a9a,
0x8a9a, 0x8a9a, 0x6b8f, 0x6b8f, 0x6b8f, 0x6b8f, 0x6b8f, 0x6b8f, 0x6b8f, 0x6b8f,

0xfef4, 0xfef4, 0xd44d, 0xd44d, 0xd44d, 0xd44d, 0xd44d, 0x924b, 0xa534, 0xce37,
0xdef9, 0xdef9, 0xdef9, 0xdef9, 0xdef9, 0xdef9, 0xdef9, 0xdef9, 0xce37, 0xce37,
0xce37, 0xdef9, 0xa534, 0xa534, 0xce37, 0xce37, 0x6b8f, 0x6b8f, 0x6b8f, 0xa534,
0x0845, 0x0845, 0xed6a, 0xed6a, 0xed6a, 0xed6a, 0xed6a, 0xed6a, 0xfe2c, 0xfe2c,
0xfe2c, 0xfe2c, 0xfe2c, 0xfe2c, 0xfe2c, 0xfe2c, 0xfe2c, 0xfe2c, 0xfe2c, 0xfe2c,
0xfe2c, 0xfe2c, 0xfe2c, 0xfe2c, 0xfe2c, 0xfe2c, 0xfeef, 0xff6e, 0xef7c, 0xef7c,
0xef7c, 0xef7c, 0xef7c, 0xfeef, 0xfeef, 0xef7c, 0xef7c, 0xef7c, 0xef7c, 0xef7c,
0xff6e, 0xfeef, 0xfe2c, 0xfe2c, 0xfe2c, 0xfe2c, 0xfe2c, 0xfe2c, 0xfe2c, 0xfe2c,
0xfe2c, 0xfe2c, 0xfe2c, 0xfe2c, 0xfe2c, 0xfe2c, 0xfe2c, 0xed6a, 0xfe2c, 0xfe2c,
0xed6a, 0xed6a, 0xed6a, 0xed6a, 0xed6a, 0xed6a, 0xed6a, 0xed6a, 0xed6a, 0xed6a,
0xed6a, 0xed6a, 0xed6a, 0xdcac, 0xed6a, 0xed6a, 0xed6a, 0xed6a, 0xed6a, 0xfe2c,
0xfe2c, 0xfe2c, 0xfe2c, 0xfe2c, 0xfe2c, 0xfe2c, 0xfe2c, 0xfe2c, 0xfe2c, 0xfe2c,
0xfe2c, 0xfe2c, 0xfe2c, 0xfe2c, 0xfe2c, 0xfe2c, 0xfe2c, 0xfe2c, 0xfe2c, 0xfe2c,
0xfe2c, 0xfe2c, 0xfe2c, 0xfe2c, 0xfe2c, 0xfe2c, 0xfe2c, 0xfe2c, 0xfe2c, 0xfe2c,
0xfe2c, 0xfe2c, 0xfe2c, 0xfe2c, 0xfe2c, 0xfe2c, 0xfe2c, 0xed6a, 0xed6a, 0xed6a,
0xed6a, 0xdcac, 0xed6a, 0xed6a, 0xed6a, 0xed6a, 0xed6a, 0xed6a, 0xed6a, 0xed6a,
0xed6a, 0xed6a, 0xed6a, 0xed6a, 0xed6a, 0xed6a, 0xed6a, 0xdcac, 0xed6a, 0xed6a,
0xed6a, 0xed6a, 0xed6a, 0xed6a, 0xed6a, 0xed6a, 0xed6a, 0xed6a, 0xed6a, 0xed6a,
0xed6a, 0xed6a, 0xed6a, 0xdcac, 0xed6a, 0xed6a, 0xed6a, 0xed6a, 0xed6a, 0xed6a,
0xed6a, 0xed6a, 0xed6a, 0xed6a, 0xed6a, 0xed6a, 0xed6a, 0xed6a, 0xed6a, 0xdcac,
0xed6a, 0xed6a, 0xed6a, 0xed6a, 0xed6a, 0xed6a, 0xed6a, 0xed6a, 0x0845, 0x0845,
0x6b8f, 0xa534, 0x6b8f, 0xa534, 0x6b8f, 0x6b8f, 0xdef9, 0xce37, 0xce37, 0xdef9,
0xce37, 0xce37, 0xdef9, 0xdef9, 0xdef9, 0xdef9, 0xdef9, 0xdef9, 0xdef9, 0xdef9,
0xce37, 0xa534, 0x924b, 0xd44d, 0xd44d, 0xd44d, 0xd44d, 0xd44d, 0xfef4, 0xfef4,

0xfef4, 0xfef4, 0xd44d, 0xd44d, 0xd44d, 0xd44d, 0xd44d, 0x924b, 0xa534, 0xce37,
0xdef9, 0xdef9, 0xdef9, 0xdef9, 0xdef9, 0xdef9, 0xdef9, 0xce37, 0xce37, 0xce37,
0xce37, 0xce37, 0xce37, 0xce37, 0xce37, 0xdef9, 0x6b8f, 0x6b8f, 0x6b8f, 0xa534,
0x0845, 0x0845, 0xfe2c, 0xfe2c, 0xfe2c, 0xfe2c, 0xfe2c, 0xfe2c, 0xfe2c, 0xfe2c,
0xfe2c, 0xfe2c, 0xfe2c, 0xfe2c, 0xfe2c, 0xfe2c, 0xfe2c, 0xfe2c, 0xfe2c, 0xfe2c,
0xfe2c, 0xfe2c, 0xfe2c, 0xfe2c, 0xfe2c, 0xfe2c, 0xfeef, 0xff6e, 0xff6e, 0xff6e,
0xff6e, 0xff6e, 0xff6e, 0xfeef, 0xfeef, 0xff6e, 0xff6e, 0xff6e, 0xff6e, 0xff6e,
0xff6e, 0xfeef, 0xfe2c, 0xfe2c, 0xfe2c, 0xfe2c, 0xfe2c, 0xfe2c, 0xfe2c, 0xfe2c,
0xfe2c, 0xfe2c, 0xfe2c, 0xfe2c, 0xfe2c, 0xfe2c, 0xfe2c, 0xed6a, 0xfe2c, 0xfe2c,
0xfe2c, 0xfe2c, 0xfe2c, 0xfe2c, 0xfe2c, 0xfe2c, 0xfe2c, 0xfe2c, 0xed6a, 0xed6a,
0xfe2c, 0xfe2c, 0xfe2c, 0xdcac, 0xfe2c, 0xfe2c, 0xfe2c, 0xfe2c, 0xfe2c, 0xfe2c,
0xfe2c, 0xfe2c, 0xfe2c, 0xfe2c, 0xfe2c, 0xfe2c, 0xfe2c, 0xfe2c, 0xfe2c, 0xfe2c,
0xfe2c, 0xfe2c, 0xfe2c, 0xfe2c, 0xfe2c, 0xfe2c, 0xfe2c, 0xfe2c, 0xfe2c, 0xfe2c,
0xfe2c, 0xfe2c, 0xfe2c, 0xfe2c, 0xfe2c, 0xfe2c, 0xfe2c, 0xfe2c, 0xfe2c, 0xfe2c,
0xfe2c, 0xfe2c, 0xfe2c, 0xfe2c, 0xfe2c, 0xfe2c, 0xfe2c, 0xfe2c, 0xfe2c, 0xfe2c,
0xfe2c, 0xdcac, 0xfe2c, 0xfe2c, 0xfe2c, 0xfe2c, 0xfe2c, 0xfe2c, 0xfe2c, 0xfe2c,
0xfe2c, 0xfe2c, 0xed6a, 0xed6a, 0xfe2c, 0xfe2c, 0xfe2c, 0xdcac, 0xfe2c, 0xfe2c,
0xfe2c, 0xfe2c, 0xfe2c, 0xfe2c, 0xfe2c, 0xfe2c, 0xfe2c, 0xfe2c, 0xed6a, 0xed6a,
0xfe2c, 0xfe2c, 0xfe2c, 0xdcac, 0xfe2c, 0xfe2c, 0xfe2c, 0xfe2c, 0xfe2c, 0xfe2c,
0xfe2c, 0xfe2c, 0xfe2c, 0xfe2c, 0xed6a, 0xed6a, 0xfe2c, 0xfe2c, 0xfe2c, 0xdcac,
0xfe2c, 0xfe2c, 0xfe2c, 0xfe2c, 0xfe2c, 0xfe2c, 0xfe2c, 0xfe2c, 0x8a9a, 0x8a9a,
0x8a9a, 0x8a9a, 0x8a9a, 0x8a9a, 0x8a9a, 0x8a9a, 0x8a9a, 0x8a9a, 0x8a9a, 0x8a9a,
0x8a9a, 0x8a9a, 0x8a9a, 0x8a9a, 0x8a9a, 0x8a9a, 0x8a9a, 0x8a9a, 0x8a9a, 0x8a9a,
0x8a9a, 0x8a9a, 0x6b8f, 0x6b8f, 0x6b8f, 0x6b8f, 0x6b8f, 0x6b8f, 0x6b8f, 0x6b8f,

0xfef4, 0xfef4, 0xd44d, 0xd44d, 0xd44d, 0xd44d, 0xd44d, 0x924b, 0xa534, 0xce37,
0xdef9, 0xdef9, 0xdef9, 0xdef9, 0xdef9, 0xdef9, 0xdef9, 0xce37, 0xce37, 0xce37,
0xce37, 0xce37, 0xce37, 0xce37, 0xce37, 0xdef9, 0x6b8f, 0x6b8f, 0x6b8f, 0xa534,
0x0845, 0x0845, 0xdcac, 0xdcac, 0xdcac, 0xdcac, 0xdcac, 0xdcac, 0xed6a, 0xed6a,
0xed6a, 0xed6a, 0xfe2c, 0xed6a, 0xed6a, 0xed6a, 0xed6a, 0xed6a, 0xfe2c, 0xfe2c,
0xfe2c, 0xfe2c, 0xfe2c, 0xfe2c, 0xfe2c, 0xfe2c, 0xfeef, 0xfeef, 0xfeef, 0xfeef,
0xfeef, 0xfeef, 0xfeef, 0xfe2c, 0xfe2c, 0xfeef, 0xfeef, 0xfeef, 0xfeef, 0xfeef,
0xfeef, 0xfeef, 0xfe2c, 0xfe2c, 0xfe2c, 0xfe2c, 0xfe2c, 0xfe2c, 0xfe2c, 0xfe2c,
0xed6a, 0xed6a, 0xed6a, 0xed6a, 0xed6a, 0xed6a, 0xed6a, 0xed6a, 0xed6a, 0xed6a,
0xdcac, 0xdcac, 0xdcac, 0xdcac, 0xdcac, 0xdcac, 0xdcac, 0xdcac, 0xdcac, 0xdcac,
0xdcac, 0xdcac, 0xdcac, 0xdcac, 0xdcac, 0xdcac, 0xdcac, 0xdcac, 0xdcac, 0xdcac,
0xed6a, 0xed6a, 0xfe2c, 0xfe2c, 0xfe2c, 0xfe2c, 0xfe2c, 0xfe2c, 0xfe2c, 0xfe2c,
0xfe2c, 0xfe2c, 0xfe2c, 0xfe2c, 0xfe2c, 0xfe2c, 0xfe2c, 0xfe2c, 0xfe2c, 0xfe2c,
0xfe2c, 0xfe2c, 0xfe2c, 0xfe2c, 0xfe2c, 0xfe2c, 0xfe2c, 0xfe2c, 0xfe2c, 0xfe2c,
0xfe2c, 0xfe2c, 0xfe2c, 0xfe2c, 0xed6a, 0xed6a, 0xed6a, 0xdcac, 0xdcac, 0xdcac,
0xdcac, 0xdcac, 0xed6a, 0xed6a, 0xed6a, 0xed6a, 0xed6a, 0xed6a, 0xed6a, 0xed6a,
0xdcac, 0xdcac, 0xdcac, 0xdcac, 0xdcac, 0xdcac, 0xdcac, 0xdcac, 0xed6a, 0xed6a,
0xed6a, 0xed6a, 0xed6a, 0xed6a, 0xed6a, 0xed6a, 0xdcac, 0xdcac, 0xdcac, 0xdcac,
0xdcac, 0xdcac, 0xdcac, 0xdcac, 0xed6a, 0xed6a, 0xed6a, 0xed6a, 0xed6a, 0xed6a,
0xed6a, 0xed6a, 0xdcac, 0xdcac, 0xdcac, 0xdcac, 0xdcac, 0xdcac, 0xdcac, 0xdcac,
0xed6a, 0xed6a, 0xed6a, 0xed6a, 0xed6a, 0xed6a, 0xed6a, 0xed6a, 0x0845, 0x0845,
0xa534, 0x6b8f, 0x6b8f, 0x6b8f, 0xdef9, 0xce37, 0xce37, 0xce37, 0xdef9, 0xce37,
0xce37, 0xce37, 0xce37, 0xdef9, 0xdef9, 0xdef9, 0xdef9, 0xdef9, 0xdef9, 0xdef9,
0xce37, 0xa534, 0x924b, 0xd44d, 0xd44d, 0xd44d, 0xd44d, 0xd44d, 0xfef4, 0xfef4,

0xfef4, 0xfef4, 0xd44d, 0xd44d, 0xd44d, 0xd44d, 0xd44d, 0x924b, 0xa534, 0xce37,
0xdef9, 0xdef9, 0xdef9, 0xdef9, 0xdef9, 0xdef9, 0xdef9, 0xce37, 0xce37, 0xce37,
0xce37, 0xdef9, 0xce37, 0xce37, 0xce37, 0xdef9, 0x6b8f, 0x6b8f, 0x6b8f, 0xa534,
0x0845, 0x0845, 0xed6a, 0xed6a, 0xed6a, 0xed6a, 0xed6a, 0xed6a, 0xed6a, 0xed6a,
0xed6a, 0xed6a, 0xed6a, 0xed6a, 0xed6a, 0xed6a, 0xfe2c, 0xfe2c, 0xfe2c, 0xfe2c,
0xfe2c, 0xfe2c, 0xfe2c, 0xfe2c, 0xfe2c, 0xfe2c, 0xfe2c, 0xfe2c, 0xfe2c, 0xfe2c,
0xfe2c, 0xfe2c, 0xfe2c, 0xfe2c, 0xfe2c, 0xfe2c, 0xfe2c, 0xfe2c, 0xfe2c, 0xfe2c,
0xfe2c, 0xfe2c, 0xfe2c, 0xfe2c, 0xfe2c, 0xfe2c, 0xfe2c, 0xfe2c, 0xfe2c, 0xfe2c,
0xfe2c, 0xfe2c, 0xed6a, 0xed6a, 0xed6a, 0xed6a, 0xed6a, 0xed6a, 0xed6a, 0xed6a,
0xed6a, 0xed6a, 0xed6a, 0xed6a, 0xed6a, 0xdcac, 0xed6a, 0xed6a, 0xed6a, 0xed6a,
0xed6a, 0xed6a, 0xed6a, 0xed6a, 0xed6a, 0xed6a, 0xed6a, 0xed6a, 0xed6a, 0xed6a,
0xed6a, 0xed6a, 0xed6a, 0xed6a, 0xed6a, 0xed6a, 0xed6a, 0xed6a, 0xed6a, 0xed6a,
0xed6a, 0xed6a, 0xed6a, 0xed6a, 0xed6a, 0xed6a, 0xfe2c, 0xfe2c, 0xfe2c, 0xfe2c,
0xfe2c, 0xfe2c, 0xfe2c, 0xfe2c, 0xfe2c, 0xed6a, 0xfe2c, 0xfe2c, 0xfe2c, 0xfe2c,
0xfe2c, 0xfe2c, 0xfe2c, 0xfe2c, 0xfe2c, 0xfe2c, 0xed6a, 0xed6a, 0xed6a, 0xed6a,
0xed6a, 0xed6a, 0xed6a, 0xed6a, 0xed6a, 0xed6a, 0xed6a, 0xed6a, 0xed6a, 0xdcac,
0xed6a, 0xed6a, 0xed6a, 0xed6a, 0xed6a, 0xed6a, 0xed6a, 0xed6a, 0xed6a, 0xed6a,
0xed6a, 0xed6a, 0xed6a, 0xed6a, 0xed6a, 0xed6a, 0xed6a, 0xed6a, 0xed6a, 0xed6a,
0xed6a, 0xed6a, 0xed6a, 0xed6a, 0xed6a, 0xed6a, 0xed6a, 0xed6a, 0xed6a, 0xed6a,
0xed6a, 0xed6a, 0xed6a, 0xed6a, 0xed6a, 0xed6a, 0xed6a, 0xed6a, 0xed6a, 0xed6a,
0xed6a, 0xed6a, 0xed6a, 0xed6a, 0xed6a, 0xed6a, 0xed6a, 0xed6a, 0x8a9a, 0x8a9a,
0x8a9a, 0x8a9a, 0x8a9a, 0x8a9a, 0x8a9a, 0x8a9a, 0x8a9a, 0x8a9a, 0x8a9a, 0x8a9a,
0x8a9a, 0x8a9a, 0x8a9a, 0x8a9a, 0x8a9a, 0x8a9a, 0x8a9a, 0x8a9a, 0x8a9a, 0x8a9a,
0x8a9a, 0x8a9a, 0x6b8f, 0x6b8f, 0x6b8f, 0x6b8f, 0x6b8f, 0x6b8f, 0x6b8f, 0x6b8f,

0xfef4, 0xfef4, 0xd44d, 0xd44d, 0xd44d, 0xd44d, 0xd44d, 0x924b, 0xa534, 0xce37,
0xdef9, 0xdef9, 0xdef9, 0xdef9, 0xdef9, 0xdef9, 0xdef9, 0xdef9, 0xce37, 0xce37,
0xce37, 0xdef9, 0xce37, 0xce37, 0xce37, 0xdef9, 0x6b8f, 0x6b8f, 0x6b8f, 0xa534,
0x0845, 0x0845, 0xed6a, 0xed6a, 0xed6a, 0xed6a, 0xed6a, 0xed6a, 0xed6a, 0xed6a,
0xed6a, 0xed6a, 0xfe2c, 0xfe2c, 0xfe2c, 0xfe2c, 0xfe2c, 0xfe2c, 0xfe2c, 0xfe2c,
0xfe2c, 0xfe2c, 0xfe2c, 0xfe2c, 0xfe2c, 0xfe2c, 0xfe2c, 0xfe2c, 0xfe2c, 0xfe2c,
0xfe2c, 0xfe2c, 0xfe2c, 0xfe2c, 0xfe2c, 0xfe2c, 0xfe2c, 0xfe2c, 0xfe2c, 0xfe2c,
0xfe2c, 0xfe2c, 0xfe2c, 0xfe2c, 0xfe2c, 0xfe2c, 0xfe2c, 0xfe2c, 0xfe2c, 0xfe2c,
0xfe2c, 0xfe2c, 0xfe2c, 0xfe2c, 0xfe2c, 0xfe2c, 0xed6a, 0xed6a, 0xed6a, 0xed6a,
0xed6a, 0xed6a, 0xed6a, 0xed6a, 0xed6a, 0xdcac, 0xed6a, 0xed6a, 0xed6a, 0xed6a,
0xed6a, 0xed6a, 0xed6a, 0xed6a, 0xed6a, 0xed6a, 0xed6a, 0xed6a, 0xed6a, 0xed6a,
0xed6a, 0xed6a, 0xed6a, 0xed6a, 0xed6a, 0xed6a, 0xed6a, 0xed6a, 0xed6a, 0xed6a,
0xed6a, 0xed6a, 0xfe2c, 0xfe2c, 0xfe2c, 0xfe2c, 0xfe2c, 0xfe2c, 0xfe2c, 0xfe2c,
0xfe2c, 0xfe2c, 0xfe2c, 0xfe2c, 0xfe2c, 0xed6a, 0xfe2c, 0xfe2c, 0xfe2c, 0xfe2c,
0xfe2c, 0xfe2c, 0xfe2c, 0xfe2c, 0xfe2c, 0xfe2c, 0xfe2c, 0xfe2c, 0xfe2c, 0xfe2c,
0xed6a, 0xed6a, 0xed6a, 0xed6a, 0xed6a, 0xed6a, 0xed6a, 0xed6a, 0xed6a, 0xdcac,
0xed6a, 0xed6a, 0xed6a, 0xed6a, 0xed6a, 0xed6a, 0xed6a, 0xed6a, 0xed6a, 0xed6a,
0xed6a, 0xed6a, 0xed6a, 0xed6a, 0xed6a, 0xed6a, 0xed6a, 0xed6a, 0xed6a, 0xed6a,
0xed6a, 0xed6a, 0xed6a, 0xed6a, 0xed6a, 0xed6a, 0xed6a, 0xed6a, 0xed6a, 0xed6a,
0xed6a, 0xed6a, 0xed6a, 0xed6a, 0xed6a, 0xed6a, 0xed6a, 0xed6a, 0xed6a, 0xed6a,
0xed6a, 0xed6a, 0xed6a, 0xed6a, 0xed6a, 0xed6a, 0xed6a, 0xed6a, 0x0845, 0x0845,
0xa534, 0x6b8f, 0x6b8f, 0x6b8f, 0xdef9, 0xce37, 0xce37, 0xce37, 0xce37, 0xce37,
0xce37, 0xce37, 0xce37, 0xdef9, 0xdef9, 0xdef9, 0xdef9, 0xdef9, 0xdef9, 0xdef9,
0xce37, 0xa534, 0x924b, 0xbb4b, 0xd44d, 0xd44d, 0xd44d, 0xd44d, 0xfef4, 0xfef4,

0xfef4, 0xfef4, 0xd44d, 0xd44d, 0xd44d, 0xd44d, 0xd44d, 0x924b, 0xa534, 0xce37,
0xdef9, 0xdef9, 0xdef9, 0xdef9, 0xdef9, 0xdef9, 0xdef9, 0xdef9, 0xce37, 0xce37,
0xdef9, 0xce37, 0xce37, 0xdef9, 0x6b8f, 0x6b8f, 0xa534, 0x6b8f, 0xa534, 0x6b8f,
0x0845, 0x0845, 0xed6a, 0xed6a, 0xed6a, 0xed6a, 0xed6a, 0xed6a, 0xed6a, 0xed6a,
0xed6a, 0xed6a, 0xed6a, 0xed6a, 0xfe2c, 0xfe2c, 0xfe2c, 0xfe2c, 0xfe2c, 0xfe2c,
0xfe2c, 0xfe2c, 0xfe2c, 0xfe2c, 0xfe2c, 0xfe2c, 0xfe2c, 0xfe2c, 0xfe2c, 0xfe2c,
0xfe2c, 0xfe2c, 0xfe2c, 0xfe2c, 0xfe2c, 0xfe2c, 0xfe2c, 0xfe2c, 0xfe2c, 0xfe2c,
0xfe2c, 0xfe2c, 0xfe2c, 0xfe2c, 0xfe2c, 0xfe2c, 0xfe2c, 0xfe2c, 0xfe2c, 0xfe2c,
0xfe2c, 0xfe2c, 0xfe2c, 0xfe2c, 0xed6a, 0xed6a, 0xed6a, 0xed6a, 0xed6a, 0xed6a,
0xed6a, 0xfe2c, 0xfe2c, 0xfe2c, 0xfe2c, 0xdcac, 0xed6a, 0xed6a, 0xed6a, 0xed6a,
0xed6a, 0xed6a, 0xed6a, 0xed6a, 0xdcac, 0xdcac, 0xdcac, 0xdcac, 0xed6a, 0xed6a,
0xed6a, 0xed6a, 0xed6a, 0xed6a, 0xed6a, 0xed6a, 0xed6a, 0xed6a, 0xed6a, 0xed6a,
0xed6a, 0xed6a, 0xed6a, 0xed6a, 0xfe2c, 0xfe2c, 0xfe2c, 0xfe2c, 0xfe2c, 0xfe2c,
0xfe2c, 0xfe2c, 0xfe2c, 0xfe2c, 0xfe2c, 0xed6a, 0xfe2c, 0xfe2c, 0xfe2c, 0xfe2c,
0xfe2c, 0xfe2c, 0xfe2c, 0xfe2c, 0xfe2c, 0xfe2c, 0xfe2c, 0xfe2c, 0xed6a, 0xed6a,
0xed6a, 0xed6a, 0xed6a, 0xed6a, 0xed6a, 0xfe2c, 0xfe2c, 0xfe2c, 0xfe2c, 0xdcac,
0xed6a, 0xed6a, 0xed6a, 0xed6a, 0xed6a, 0xed6a, 0xed6a, 0xed6a, 0xdcac, 0xdcac,
0xdcac, 0xdcac, 0xed6a, 0xed6a, 0xed6a, 0xed6a, 0xed6a, 0xed6a, 0xed6a, 0xed6a,
0xed6a, 0xed6a, 0xed6a, 0xed6a, 0xdcac, 0xdcac, 0xdcac, 0xdcac, 0xed6a, 0xed6a,
0xed6a, 0xed6a, 0xed6a, 0xed6a, 0xed6a, 0xed6a, 0xed6a, 0xed6a, 0xed6a, 0xed6a,
0xdcac, 0xdcac, 0xdcac, 0xdcac, 0xed6a, 0xed6a, 0xed6a, 0xed6a, 0x8a9a, 0x8a9a,
0x8a9a, 0x8a9a, 0x8a9a, 0x8a9a, 0x8a9a, 0x8a9a, 0x8a9a, 0x8a9a, 0x8a9a, 0x8a9a,
0x8a9a, 0x8a9a, 0x8a9a, 0x8a9a, 0x8a9a, 0x8a9a, 0x8a9a, 0x8a9a, 0x8a9a, 0x8a9a,
0x8a9a, 0x8a9a, 0x6b8f, 0x6b8f, 0x6b8f, 0x6b8f, 0x6b8f, 0x6b8f, 0x6b8f, 0x6b8f,

0xfef4, 0xfef4, 0xd44d, 0xd44d, 0xd44d, 0xd44d, 0xd44d, 0x924b, 0xa534, 0xce37,
0xdef9, 0xdef9, 0xdef9, 0xdef9, 0xdef9, 0xdef9, 0xdef9, 0xce37, 0xdef9, 0xdef9,
0xce37, 0xce37, 0xdef9, 0x6b8f, 0x6b8f, 0x6b8f, 0x6b8f, 0xa534, 0xa534, 0x6b8f,
0x0845, 0x0845, 0xed6a, 0xed6a, 0xed6a, 0xed6a, 0xdcac, 0xdcac, 0xdcac, 0xdcac,
0xed6a, 0xed6a, 0xed6a, 0xed6a, 0xfe2c, 0xfe2c, 0xfe2c, 0xfe2c, 0xfe2c, 0xfe2c,
0xfe2c, 0xfe2c, 0xfe2c, 0xfe2c, 0xfe2c, 0xfe2c, 0xfe2c, 0xfe2c, 0xfe2c, 0xfe2c,
0xfe2c, 0xfe2c, 0xfe2c, 0xfe2c, 0xfe2c, 0xfe2c, 0xfe2c, 0xfe2c, 0xfe2c, 0xfe2c,
0xfe2c, 0xfe2c, 0xfe2c, 0xfe2c, 0xfe2c, 0xfe2c, 0xfe2c, 0xfe2c, 0xfe2c, 0xfe2c,
0xfe2c, 0xfe2c, 0xfe2c, 0xfe2c, 0xed6a, 0xed6a, 0xed6a, 0xed6a, 0xed6a, 0xed6a,
0xed6a, 0xed6a, 0xed6a, 0xed6a, 0xed6a, 0xdcac, 0xfe2c, 0xfe2c, 0xfe2c, 0xed6a,
0xed6a, 0xed6a, 0xed6a, 0xed6a, 0xed6a, 0xed6a, 0xed6a, 0xed6a, 0xed6a, 0xed6a,
0xed6a, 0xed6a, 0xed6a, 0xed6a, 0xed6a, 0xed6a, 0xdcac, 0xdcac, 0xdcac, 0xdcac,
0xed6a, 0xed6a, 0xed6a, 0xed6a, 0xfe2c, 0xfe2c, 0xfe2c, 0xfe2c, 0xfe2c, 0xfe2c,
0xfe2c, 0xfe2c, 0xfe2c, 0xfe2c, 0xfe2c, 0xed6a, 0xfe2c, 0xfe2c, 0xfe2c, 0xfe2c,
0xfe2c, 0xfe2c, 0xfe2c, 0xfe2c, 0xfe2c, 0xfe2c, 0xfe2c, 0xfe2c, 0xed6a, 0xed6a,
0xed6a, 0xed6a, 0xed6a, 0xed6a, 0xed6a, 0xed6a, 0xed6a, 0xed6a, 0xed6a, 0xdcac,
0xfe2c, 0xfe2c, 0xfe2c, 0xed6a, 0xed6a, 0xed6a, 0xed6a, 0xed6a, 0xed6a, 0xed6a,
0xed6a, 0xed6a, 0xed6a, 0xed6a, 0xed6a, 0xed6a, 0xfe2c, 0xfe2c, 0xfe2c, 0xed6a,
0xed6a, 0xed6a, 0xed6a, 0xed6a, 0xed6a, 0xed6a, 0xed6a, 0xed6a, 0xed6a, 0xed6a,
0xed6a, 0xed6a, 0xfe2c, 0xfe2c, 0xfe2c, 0xed6a, 0xed6a, 0xed6a, 0xed6a, 0xed6a,
0xed6a, 0xed6a, 0xed6a, 0xed6a, 0xed6a, 0xed6a, 0xed6a, 0xed6a, 0x0845, 0x0845,
0x424c, 0x6b8f, 0x6b8f, 0x6b8f, 0xce37, 0xa534, 0xa534, 0xa534, 0xce37, 0xef3b,
0xce37, 0xce37, 0xce37, 0xdef9, 0xdef9, 0xdef9, 0xdef9, 0xdef9, 0xdef9, 0xdef9,
0xce37, 0xa534, 0x924b, 0xd44d, 0xd44d, 0xd44d, 0xd44d, 0xd44d, 0xedf0, 0xfef4,

0xfef4, 0xfef4, 0xd44d, 0xd44d, 0xd44d, 0xd44d, 0xd44d, 0x924b, 0xa534, 0xce37,
0xdef9, 0xdef9, 0xdef9, 0xdef9, 0xdef9, 0xdef9, 0xce37, 0xce37, 0xce37, 0xdef9,
0xce37, 0xce37, 0xdef9, 0x6b8f, 0x6b8f, 0x6b8f, 0x6b8f, 0xa534, 0xa534, 0x6b8f,
0x0845, 0x0845, 0xed6a, 0xed6a, 0xed6a, 0xed6a, 0xed6a, 0xed6a, 0xed6a, 0xed6a,
0xed6a, 0xed6a, 0xfe2c, 0xfe2c, 0xfe2c, 0xfe2c, 0xfe2c, 0xfe2c, 0xfe2c, 0xfe2c,
0xfe2c, 0xfe2c, 0xfe2c, 0xfe2c, 0xfe2c, 0xfe2c, 0xfe2c, 0xfe2c, 0xfe2c, 0xfe2c,
0xfe2c, 0xfe2c, 0xfe2c, 0xfe2c, 0xfe2c, 0xfe2c, 0xfe2c, 0xfe2c, 0xfe2c, 0xfe2c,
0xfe2c, 0xfe2c, 0xfe2c, 0xfe2c, 0xfe2c, 0xfe2c, 0xfe2c, 0xfe2c, 0xfe2c, 0xfe2c,
0xfe2c, 0xfe2c, 0xfe2c, 0xfe2c, 0xfe2c, 0xfe2c, 0xed6a, 0xed6a, 0xed6a, 0xed6a,
0xed6a, 0xed6a, 0xed6a, 0xed6a, 0xed6a, 0xdcac, 0xed6a, 0xed6a, 0xed6a, 0xed6a,
0xed6a, 0xed6a, 0xed6a, 0xed6a, 0xed6a, 0xed6a, 0xed6a, 0xed6a, 0xed6a, 0xed6a,
0xed6a, 0xed6a, 0xed6a, 0xed6a, 0xed6a, 0xed6a, 0xed6a, 0xed6a, 0xed6a, 0xed6a,
0xed6a, 0xed6a, 0xfe2c, 0xfe2c, 0xfe2c, 0xfe2c, 0xfe2c, 0xfe2c, 0xfe2c, 0xfe2c,
0xfe2c, 0xfe2c, 0xfe2c, 0xfe2c, 0xfe2c, 0xed6a, 0xfe2c, 0xfe2c, 0xfe2c, 0xfe2c,
0xfe2c, 0xfe2c, 0xfe2c, 0xfe2c, 0xfe2c, 0xfe2c, 0xfe2c, 0xfe2c, 0xfe2c, 0xfe2c,
0xed6a, 0xed6a, 0xed6a, 0xed6a, 0xed6a, 0xed6a, 0xed6a, 0xed6a, 0xed6a, 0xdcac,
0xed6a, 0xed6a, 0xed6a, 0xed6a, 0xed6a, 0xed6a, 0xed6a, 0xed6a, 0xed6a, 0xed6a,
0xed6a, 0xed6a, 0xed6a, 0xed6a, 0xed6a, 0xed6a, 0xed6a, 0xed6a, 0xed6a, 0xed6a,
0xed6a, 0xed6a, 0xed6a, 0xed6a, 0xed6a, 0xed6a, 0xed6a, 0xed6a, 0xed6a, 0xed6a,
0xed6a, 0xed6a, 0xed6a, 0xed6a, 0xed6a, 0xed6a, 0xed6a, 0xed6a, 0xed6a, 0xed6a,
0xed6a, 0xed6a, 0xed6a, 0xed6a, 0xed6a, 0xed6a, 0xed6a, 0xed6a, 0x8a9a, 0x8a9a,
0x8a9a, 0x8a9a, 0x8a9a, 0x8a9a, 0x8a9a, 0x8a9a, 0x8a9a, 0x8a9a, 0x8a9a, 0x8a9a,
0x8a9a, 0x8a9a, 0x8a9a, 0x8a9a, 0x8a9a, 0x8a9a, 0x8a9a, 0x8a9a, 0x8a9a, 0x8a9a,
0x8a9a, 0x8a9a, 0x6b8f, 0x6b8f, 0x6b8f, 0x6b8f, 0x6b8f, 0x6b8f, 0x6b8f, 0x6b8f,

0xfef4, 0xfef4, 0xd44d, 0xd44d, 0xd44d, 0xd44d, 0xd44d, 0x924b, 0xa534, 0xce37,
0xdef9, 0xdef9, 0xdef9, 0xdef9, 0xdef9, 0xdef9, 0xce37, 0xce37, 0xce37, 0xce37,
0xce37, 0xce37, 0xdef9, 0x6b8f, 0x6b8f, 0x6b8f, 0x6b8f, 0xa534, 0xa534, 0x6b8f,
0x424c, 0x0845, 0xed6a, 0xed6a, 0xed6a, 0xed6a, 0xed6a, 0xed6a, 0xed6a, 0xed6a,
0xed6a, 0xed6a, 0xed6a, 0xed6a, 0xed6a, 0xed6a, 0xfe2c, 0xfe2c, 0xfe2c, 0xfe2c,
0xfe2c, 0xfe2c, 0xfe2c, 0xfe2c, 0xfe2c, 0xfe2c, 0xfe2c, 0xfe2c, 0xfe2c, 0xfe2c,
0xfe2c, 0xfe2c, 0xfe2c, 0xfe2c, 0xfe2c, 0xfe2c, 0xfe2c, 0xfe2c, 0xfe2c, 0xfe2c,
0xfe2c, 0xfe2c, 0xfe2c, 0xfe2c, 0xfe2c, 0xfe2c, 0xfe2c, 0xfe2c, 0xfe2c, 0xfe2c,
0xfe2c, 0xfe2c, 0xed6a, 0xed6a, 0xed6a, 0xed6a, 0xed6a, 0xed6a, 0xed6a, 0xed6a,
0xed6a, 0xed6a, 0xed6a, 0xed6a, 0xed6a, 0xdcac, 0xed6a, 0xed6a, 0xed6a, 0xed6a,
0xed6a, 0xed6a, 0xed6a, 0xed6a, 0xed6a, 0xed6a, 0xed6a, 0xed6a, 0xed6a, 0xed6a,
0xed6a, 0xed6a, 0xed6a, 0xed6a, 0xed6a, 0xed6a, 0xed6a, 0xed6a, 0xed6a, 0xed6a,
0xed6a, 0xed6a, 0xed6a, 0xed6a, 0xed6a, 0xed6a, 0xfe2c, 0xfe2c, 0xfe2c, 0xfe2c,
0xfe2c, 0xfe2c, 0xfe2c, 0xfe2c, 0xfe2c, 0xed6a, 0xfe2c, 0xfe2c, 0xfe2c, 0xfe2c,
0xfe2c, 0xfe2c, 0xfe2c, 0xfe2c, 0xfe2c, 0xfe2c, 0xed6a, 0xed6a, 0xed6a, 0xed6a,
0xed6a, 0xed6a, 0xed6a, 0xed6a, 0xed6a, 0xed6a, 0xed6a, 0xed6a, 0xed6a, 0xdcac,
0xed6a, 0xed6a, 0xed6a, 0xed6a, 0xed6a, 0xed6a, 0xed6a, 0xed6a, 0xed6a, 0xed6a,
0xed6a, 0xed6a, 0xed6a, 0xed6a, 0xed6a, 0xed6a, 0xed6a, 0xed6a, 0xed6a, 0xed6a,
0xed6a, 0xed6a, 0xed6a, 0xed6a, 0xed6a, 0xed6a, 0xed6a, 0xed6a, 0xed6a, 0xed6a,
0xed6a, 0xed6a, 0xed6a, 0xed6a, 0xed6a, 0xed6a, 0xed6a, 0xed6a, 0xed6a, 0xed6a,
0xed6a, 0xed6a, 0xed6a, 0xed6a, 0xed6a, 0xed6a, 0xed6a, 0xed6a, 0x0845, 0x0845,
0x6b8f, 0xa534, 0xce37, 0xce37, 0xa534, 0xa534, 0xa534, 0xa534, 0xa534, 0xef3b,
0xce37, 0xce37, 0xce37, 0xce37, 0xdef9, 0xdef9, 0xdef9, 0xef3b, 0xdef9, 0xce37,
0xce37, 0xa534, 0x924b, 0xd44d, 0xd44d, 0xd44d, 0xd44d, 0xd44d, 0xfef4, 0xfef4,

0xfef4, 0xfef4, 0xd44d, 0xd44d, 0xd44d, 0xd44d, 0xd44d, 0x924b, 0xa534, 0xce37,
0xdef9, 0xdef9, 0xdef9, 0xdef9, 0xdef9, 0xdef9, 0xce37, 0xce37, 0xce37, 0xce37,
0xce37, 0xce37, 0xdef9, 0x6b8f, 0x6b8f, 0x6b8f, 0x6b8f, 0xa534, 0xa534, 0x0845,
0x0845, 0x424c, 0xfe2c, 0xfe2c, 0xfe2c, 0xfe2c, 0xfe2c, 0xfe2c, 0xfe2c, 0xfe2c,
0xfe2c, 0xfe2c, 0xfe2c, 0xfe2c, 0xfe2c, 0xfe2c, 0xfe2c, 0xfe2c, 0xfe2c, 0xfe2c,
0xfe2c, 0xfe2c, 0xfe2c, 0xfe2c, 0xfe2c, 0xfe2c, 0xfe2c, 0xfe2c, 0xfe2c, 0xfe2c,
0xfe2c, 0xfe2c, 0xfe2c, 0xfe2c, 0xfe2c, 0xfe2c, 0xfe2c, 0xfe2c, 0xfe2c, 0xfe2c,
0xfe2c, 0xfe2c, 0xfe2c, 0xfe2c, 0xfe2c, 0xfe2c, 0xfe2c, 0xfe2c, 0xfe2c, 0xfe2c,
0xfe2c, 0xfe2c, 0xfe2c, 0xfe2c, 0xfe2c, 0xfe2c, 0xfe2c, 0xfe2c, 0xfe2c, 0xfe2c,
0xed6a, 0xed6a, 0xfe2c, 0xfe2c, 0xfe2c, 0xdcac, 0xfe2c, 0xfe2c, 0xfe2c, 0xed6a,
0xed6a, 0xed6a, 0xfe2c, 0xfe2c, 0xfe2c, 0xfe2c, 0xfe2c, 0xfe2c, 0xfe2c, 0xfe2c,
0xfe2c, 0xed6a, 0xfe2c, 0xfe2c, 0xfe2c, 0xfe2c, 0xfe2c, 0xfe2c, 0xfe2c, 0xfe2c,
0xfe2c, 0xfe2c, 0xfe2c, 0xfe2c, 0xfe2c, 0xfe2c, 0xfe2c, 0xfe2c, 0xfe2c, 0xfe2c,
0xfe2c, 0xfe2c, 0xfe2c, 0xfe2c, 0xfe2c, 0xed6a, 0xfe2c, 0xfe2c, 0xfe2c, 0xfe2c,
0xfe2c, 0xfe2c, 0xfe2c, 0xfe2c, 0xfe2c, 0xfe2c, 0xfe2c, 0xfe2c, 0xfe2c, 0xfe2c,
0xfe2c, 0xfe2c, 0xfe2c, 0xfe2c, 0xed6a, 0xed6a, 0xfe2c, 0xfe2c, 0xfe2c, 0xdcac,
0xfe2c, 0xfe2c, 0xfe2c, 0xed6a, 0xed6a, 0xed6a, 0xfe2c, 0xfe2c, 0xfe2c, 0xfe2c,
0xfe2c, 0xfe2c, 0xfe2c, 0xfe2c, 0xfe2c, 0xed6a, 0xfe2c, 0xfe2c, 0xfe2c, 0xed6a,
0xed6a, 0xed6a, 0xfe2c, 0xfe2c, 0xfe2c, 0xfe2c, 0xfe2c, 0xfe2c, 0xfe2c, 0xfe2c,
0xfe2c, 0xed6a, 0xfe2c, 0xfe2c, 0xfe2c, 0xed6a, 0xed6a, 0xed6a, 0xfe2c, 0xfe2c,
0xfe2c, 0xfe2c, 0xfe2c, 0xfe2c, 0xfe2c, 0xfe2c, 0xfe2c, 0xed6a, 0x8a9a, 0x8a9a,
0x8a9a, 0x8a9a, 0x8a9a, 0x8a9a, 0x8a9a, 0x8a9a, 0x8a9a, 0x8a9a, 0x8a9a, 0x8a9a,
0x8a9a, 0x8a9a, 0x8a9a, 0x8a9a, 0x8a9a, 0x8a9a, 0x8a9a, 0x8a9a, 0x8a9a, 0x8a9a,
0x8a9a, 0x8a9a, 0x6b8f, 0x6b8f, 0x6b8f, 0x6b8f, 0x6b8f, 0x6b8f, 0x6b8f, 0x6b8f,

0xfef4, 0xfef4, 0xd44d, 0xd44d, 0xd44d, 0xd44d, 0xd44d, 0x924b, 0xa534, 0xce37,
0xdef9, 0xdef9, 0xdef9, 0xdef9, 0xdef9, 0xdef9, 0xce37, 0xce37, 0xce37, 0xce37,
0xce37, 0xce37, 0xdef9, 0x6b8f, 0x6b8f, 0x6b8f, 0x6b8f, 0xa534, 0x6b8f, 0x0845,
0x0845, 0x0845, 0xed6a, 0xed6a, 0xed6a, 0xed6a, 0xed6a, 0xed6a, 0xed6a, 0xed6a,
0xdcac, 0xdcac, 0xdcac, 0xdcac, 0xdcac, 0xdcac, 0xed6a, 0xed6a, 0xed6a, 0xed6a,
0xfe2c, 0xed6a, 0xed6a, 0xed6a, 0xed6a, 0xed6a, 0xed6a, 0xfe2c, 0xed6a, 0xed6a,
0xed6a, 0xed6a, 0xfe2c, 0xed6a, 0xfe2c, 0xfe2c, 0xfe2c, 0xfe2c, 0xfe2c, 0xfe2c,
0xfe2c, 0xfe2c, 0xfe2c, 0xfe2c, 0xfe2c, 0xfe2c, 0xfe2c, 0xfe2c, 0xfe2c, 0xfe2c,
0xed6a, 0xed6a, 0xdcac, 0xdcac, 0xdcac, 0xdcac, 0xdcac, 0xdcac, 0xdcac, 0xdcac,
0xdcac, 0xdcac, 0xdcac, 0xdcac, 0xdcac, 0xdcac, 0xdcac, 0xdcac, 0xdcac, 0xdcac,
0xdcac, 0xdcac, 0xdcac, 0xdcac, 0xed6a, 0xed6a, 0xed6a, 0xed6a, 0xed6a, 0xed6a,
0xed6a, 0xdcac, 0xed6a, 0xed6a, 0xed6a, 0xed6a, 0xed6a, 0xed6a, 0xed6a, 0xed6a,
0xdcac, 0xdcac, 0xdcac, 0xdcac, 0xdcac, 0xdcac, 0xed6a, 0xed6a, 0xed6a, 0xed6a,
0xed6a, 0xed6a, 0xed6a, 0xed6a, 0xed6a, 0xed6a, 0xed6a, 0xfe2c, 0xed6a, 0xed6a,
0xed6a, 0xed6a, 0xfe2c, 0xed6a, 0xed6a, 0xed6a, 0xdcac, 0xdcac, 0xdcac, 0xdcac,
0xdcac, 0xdcac, 0xdcac, 0xdcac, 0xdcac, 0xdcac, 0xdcac, 0xdcac, 0xdcac, 0xdcac,
0xdcac, 0xdcac, 0xdcac, 0xdcac, 0xdcac, 0xdcac, 0xdcac, 0xdcac, 0xed6a, 0xed6a,
0xed6a, 0xed6a, 0xed6a, 0xed6a, 0xed6a, 0xdcac, 0xdcac, 0xdcac, 0xdcac, 0xdcac,
0xdcac, 0xdcac, 0xdcac, 0xdcac, 0xed6a, 0xed6a, 0xed6a, 0xed6a, 0xed6a, 0xed6a,
0xed6a, 0xdcac, 0xdcac, 0xdcac, 0xdcac, 0xdcac, 0xdcac, 0xdcac, 0xdcac, 0xdcac,
0xed6a, 0xed6a, 0xed6a, 0xed6a, 0xed6a, 0xed6a, 0xed6a, 0xdcac, 0x424c, 0x424c,
0x6b8f, 0x6b8f, 0x6b8f, 0xdef9, 0xa534, 0xa534, 0xa534, 0xa534, 0xa534, 0xdef9,
0xce37, 0xce37, 0xce37, 0xce37, 0xdef9, 0xdef9, 0xdef9, 0xdef9, 0xef3b, 0xdef9,
0xce37, 0xa534, 0x924b, 0xd44d, 0xd44d, 0xd44d, 0xd44d, 0xd44d, 0xfef4, 0xfef4,

0xfef4, 0xfef4, 0xd44d, 0xd44d, 0xd44d, 0xd44d, 0xd44d, 0x924b, 0xa534, 0xce37,
0xdef9, 0xef3b, 0xdef9, 0xdef9, 0xdef9, 0xdef9, 0xce37, 0xce37, 0xce37, 0xce37,
0xce37, 0xce37, 0xdef9, 0x6b8f, 0x6b8f, 0x6b8f, 0x6b8f, 0xa534, 0x6b8f, 0x0845,
0x0845, 0x0845, 0xed6a, 0xed6a, 0xed6a, 0xed6a, 0xed6a, 0xed6a, 0xed6a, 0xdcac,
0xed6a, 0xed6a, 0xed6a, 0xed6a, 0xed6a, 0xed6a, 0xed6a, 0xed6a, 0xfe2c, 0xfe2c,
0xfe2c, 0xfe2c, 0xfe2c, 0xfe2c, 0xfe2c, 0xfe2c, 0xfe2c, 0xfe2c, 0xfe2c, 0xfe2c,
0xfe2c, 0xfe2c, 0xfe2c, 0xfe2c, 0xfe2c, 0xfe2c, 0xfe2c, 0xfe2c, 0xfe2c, 0xfe2c,
0xfe2c, 0xed6a, 0xfe2c, 0xfe2c, 0xfe2c, 0xfe2c, 0xfe2c, 0xfe2c, 0xfe2c, 0xfe2c,
0xfe2c, 0xfe2c, 0xfe2c, 0xed6a, 0xed6a, 0xed6a, 0xed6a, 0xdcac, 0xed6a, 0xed6a,
0xed6a, 0xed6a, 0xed6a, 0xed6a, 0xed6a, 0xed6a, 0xed6a, 0xed6a, 0xed6a, 0xed6a,
0xed6a, 0xed6a, 0xed6a, 0xdcac, 0xed6a, 0xed6a, 0xed6a, 0xed6a, 0xed6a, 0xed6a,
0xed6a, 0xed6a, 0xed6a, 0xed6a, 0xed6a, 0xed6a, 0xed6a, 0xed6a, 0xfe2c, 0xfe2c,
0xfe2c, 0xfe2c, 0xfe2c, 0xfe2c, 0xfe2c, 0xfe2c, 0xfe2c, 0xfe2c, 0xfe2c, 0xfe2c,
0xfe2c, 0xfe2c, 0xfe2c, 0xfe2c, 0xfe2c, 0xfe2c, 0xfe2c, 0xfe2c, 0xfe2c, 0xfe2c,
0xfe2c, 0xfe2c, 0xfe2c, 0xfe2c, 0xfe2c, 0xfe2c, 0xfe2c, 0xfe2c, 0xfe2c, 0xfe2c,
0xfe2c, 0xed6a, 0xfe2c, 0xfe2c, 0xed6a, 0xed6a, 0xed6a, 0xed6a, 0xed6a, 0xed6a,
0xed6a, 0xed6a, 0xed6a, 0xed6a, 0xed6a, 0xed6a, 0xed6a, 0xdcac, 0xed6a, 0xed6a,
0xed6a, 0xed6a, 0xed6a, 0xed6a, 0xed6a, 0xed6a, 0xed6a, 0xed6a, 0xed6a, 0xed6a,
0xed6a, 0xed6a, 0xed6a, 0xdcac, 0xed6a, 0xed6a, 0xed6a, 0xed6a, 0xed6a, 0xed6a,
0xed6a, 0xed6a, 0xed6a, 0xed6a, 0xed6a, 0xed6a, 0xed6a, 0xed6a, 0xed6a, 0xdcac,
0xed6a, 0xed6a, 0xed6a, 0xed6a, 0xed6a, 0xed6a, 0xed6a, 0xed6a, 0x8a9a, 0x8a9a,
0x8a9a, 0x8a9a, 0x8a9a, 0x8a9a, 0x8a9a, 0x8a9a, 0x8a9a, 0x8a9a, 0x8a9a, 0x8a9a,
0x8a9a, 0x8a9a, 0x8a9a, 0x8a9a, 0x6b8f, 0x6b8f, 0x6b8f, 0x6b8f, 0x6b8f, 0x6b8f,
0x6b8f, 0x6b8f, 0x6b8f, 0x6b8f, 0x6b8f, 0x6b8f, 0x6b8f, 0x6b8f, 0x6b8f, 0x6b8f,

0xfef4, 0xfef4, 0xd44d, 0xd44d, 0xd44d, 0xd44d, 0xd44d, 0x924b, 0xa534, 0xce37,
0xce37, 0xdef9, 0xef3b, 0xdef9, 0xdef9, 0xdef9, 0xce37, 0xce37, 0xce37, 0xce37,
0xce37, 0xce37, 0xdef9, 0x6b8f, 0x6b8f, 0x6b8f, 0x6b8f, 0xa534, 0x6b8f, 0x0845,
0x0845, 0x0845, 0xed6a, 0xed6a, 0xed6a, 0xed6a, 0xed6a, 0xed6a, 0xed6a, 0xdcac,
0xed6a, 0xed6a, 0xed6a, 0xed6a, 0xed6a, 0xfe2c, 0xfe2c, 0xfe2c, 0xfe2c, 0xfe2c,
0xfe2c, 0xfe2c, 0xfe2c, 0xfe2c, 0xfe2c, 0xfe2c, 0xfe2c, 0xfe2c, 0xfe2c, 0xfe2c,
0xfe2c, 0xfe2c, 0xfe2c, 0xfe2c, 0xfe2c, 0xfe2c, 0xfe2c, 0xfe2c, 0xfe2c, 0xfe2c,
0xfe2c, 0xed6a, 0xfe2c, 0xfe2c, 0xfe2c, 0xfe2c, 0xfe2c, 0xfe2c, 0xfe2c, 0xfe2c,
0xfe2c, 0xfe2c, 0xfe2c, 0xfe2c, 0xed6a, 0xed6a, 0xed6a, 0xed6a, 0xed6a, 0xed6a,
0xed6a, 0xed6a, 0xed6a, 0xed6a, 0xed6a, 0xed6a, 0xed6a, 0xed6a, 0xed6a, 0xed6a,
0xed6a, 0xed6a, 0xed6a, 0xdcac, 0xed6a, 0xed6a, 0xed6a, 0xed6a, 0xed6a, 0xed6a,
0xed6a, 0xed6a, 0xed6a, 0xed6a, 0xfe2c, 0xfe2c, 0xfe2c, 0xfe2c, 0xfe2c, 0xfe2c,
0xfe2c, 0xfe2c, 0xfe2c, 0xfe2c, 0xfe2c, 0xfe2c, 0xfe2c, 0xfe2c, 0xfe2c, 0xfe2c,
0xfe2c, 0xfe2c, 0xfe2c, 0xfe2c, 0xfe2c, 0xfe2c, 0xfe2c, 0xfe2c, 0xfe2c, 0xfe2c,
0xfe2c, 0xfe2c, 0xfe2c, 0xfe2c, 0xfe2c, 0xfe2c, 0xfe2c, 0xfe2c, 0xfe2c, 0xfe2c,
0xfe2c, 0xed6a, 0xfe2c, 0xfe2c, 0xfe2c, 0xfe2c, 0xfe2c, 0xfe2c, 0xed6a, 0xed6a,
0xed6a, 0xed6a, 0xed6a, 0xed6a, 0xed6a, 0xed6a, 0xed6a, 0xdcac, 0xed6a, 0xed6a,
0xed6a, 0xed6a, 0xed6a, 0xed6a, 0xed6a, 0xed6a, 0xed6a, 0xed6a, 0xed6a, 0xed6a,
0xed6a, 0xed6a, 0xed6a, 0xdcac, 0xed6a, 0xed6a, 0xed6a, 0xed6a, 0xed6a, 0xed6a,
0xed6a, 0xed6a, 0xed6a, 0xed6a, 0xed6a, 0xed6a, 0xed6a, 0xed6a, 0xed6a, 0xdcac,
0xed6a, 0xed6a, 0xed6a, 0xed6a, 0xed6a, 0xed6a, 0xed6a, 0xed6a, 0x0845, 0x424c,
0x6b8f, 0x6b8f, 0x6b8f, 0xdef9, 0xa534, 0xa534, 0xa534, 0xa534, 0xa534, 0xef3b,
0xce37, 0xce37, 0xce37, 0xce37, 0xdef9, 0xdef9, 0xdef9, 0xdef9, 0xdef9, 0xdef9,
0xce37, 0xa534, 0x924b, 0xd44d, 0xd44d, 0xd44d, 0xd44d, 0xd44d, 0xfef4, 0xfef4,

0xfef4, 0xfef4, 0xd44d, 0xd44d, 0xd44d, 0xd44d, 0xd44d, 0x924b, 0xa534, 0xce37,
0xce37, 0xdef9, 0xef3b, 0xdef9, 0xdef9, 0xdef9, 0xce37, 0xce37, 0xce37, 0xce37,
0xce37, 0xce37, 0xdef9, 0x6b8f, 0x6b8f, 0x6b8f, 0x6b8f, 0xa534, 0x6b8f, 0x0845,
0x0845, 0x0845, 0xed6a, 0xed6a, 0xed6a, 0xfe2c, 0xfe2c, 0xfe2c, 0xfe2c, 0xdcac,
0xed6a, 0xed6a, 0xed6a, 0xed6a, 0xed6a, 0xed6a, 0xfe2c, 0xfe2c, 0xfe2c, 0xfe2c,
0xfe2c, 0xfe2c, 0xfe2c, 0xfe2c, 0xfe2c, 0xfe2c, 0xfe2c, 0xfe2c, 0xfe2c, 0xfe2c,
0xfe2c, 0xfe2c, 0xfe2c, 0xfe2c, 0xfe2c, 0xfe2c, 0xfe2c, 0xfe2c, 0xfe2c, 0xfe2c,
0xfe2c, 0xed6a, 0xfe2c, 0xfe2c, 0xfe2c, 0xfe2c, 0xfe2c, 0xfe2c, 0xfe2c, 0xfe2c,
0xfe2c, 0xfe2c, 0xfe2c, 0xfe2c, 0xed6a, 0xed6a, 0xed6a, 0xed6a, 0xed6a, 0xed6a,
0xed6a, 0xed6a, 0xed6a, 0xed6a, 0xed6a, 0xed6a, 0xed6a, 0xed6a, 0xed6a, 0xfe2c,
0xfe2c, 0xfe2c, 0xfe2c, 0xdcac, 0xed6a, 0xed6a, 0xed6a, 0xed6a, 0xed6a, 0xed6a,
0xed6a, 0xed6a, 0xed6a, 0xed6a, 0xed6a, 0xed6a, 0xfe2c, 0xfe2c, 0xfe2c, 0xfe2c,
0xfe2c, 0xfe2c, 0xfe2c, 0xfe2c, 0xfe2c, 0xfe2c, 0xfe2c, 0xfe2c, 0xfe2c, 0xfe2c,
0xfe2c, 0xfe2c, 0xfe2c, 0xfe2c, 0xfe2c, 0xfe2c, 0xfe2c, 0xfe2c, 0xfe2c, 0xfe2c,
0xfe2c, 0xfe2c, 0xfe2c, 0xfe2c, 0xfe2c, 0xfe2c, 0xfe2c, 0xfe2c, 0xfe2c, 0xfe2c,
0xfe2c, 0xed6a, 0xfe2c, 0xfe2c, 0xfe2c, 0xfe2c, 0xed6a, 0xed6a, 0xed6a, 0xed6a,
0xed6a, 0xed6a, 0xed6a, 0xfe2c, 0xfe2c, 0xfe2c, 0xfe2c, 0xdcac, 0xed6a, 0xed6a,
0xed6a, 0xed6a, 0xed6a, 0xed6a, 0xed6a, 0xed6a, 0xed6a, 0xed6a, 0xed6a, 0xfe2c,
0xfe2c, 0xfe2c, 0xfe2c, 0xdcac, 0xed6a, 0xed6a, 0xed6a, 0xed6a, 0xed6a, 0xed6a,
0xed6a, 0xed6a, 0xed6a, 0xed6a, 0xed6a, 0xfe2c, 0xfe2c, 0xfe2c, 0xfe2c, 0xdcac,
0xed6a, 0xed6a, 0xed6a, 0xed6a, 0xed6a, 0xed6a, 0xed6a, 0xed6a, 0x8a9a, 0x8a9a,
0x8a9a, 0x8a9a, 0x8a9a, 0x8a9a, 0x8a9a, 0x8a9a, 0x8a9a, 0x8a9a, 0x8a9a, 0x8a9a,
0x8a9a, 0x8a9a, 0x8a9a, 0x8a9a, 0x6b8f, 0x6b8f, 0x6b8f, 0x6b8f, 0x6b8f, 0x6b8f,
0x6b8f, 0x6b8f, 0x6b8f, 0x6b8f, 0x6b8f, 0x6b8f, 0x6b8f, 0x6b8f, 0x6b8f, 0x6b8f,

0xfef4, 0xfef4, 0xd44d, 0xd44d, 0xd44d, 0xd44d, 0xd44d, 0x924b, 0xa534, 0xce37,
0xdef9, 0xce37, 0xdef9, 0xdef9, 0xdef9, 0xdef9, 0xce37, 0xce37, 0xce37, 0xdef9,
0xce37, 0xce37, 0xce37, 0xdef9, 0x6b8f, 0x6b8f, 0xa534, 0x6b8f, 0xa534, 0x424c,
0x0845, 0x424c, 0xed6a, 0xed6a, 0xed6a, 0xed6a, 0xed6a, 0xed6a, 0xed6a, 0xdcac,
0xed6a, 0xed6a, 0xed6a, 0xed6a, 0xfe2c, 0xfe2c, 0xfe2c, 0xfe2c, 0xfe2c, 0xfe2c,
0xfe2c, 0xfe2c, 0xfe2c, 0xfe2c, 0xfe2c, 0xfe2c, 0xfe2c, 0xfe2c, 0xfe2c, 0xfe2c,
0xfe2c, 0xfe2c, 0xfe2c, 0xfe2c, 0xfe2c, 0xfe2c, 0xfe2c, 0xfe2c, 0xfe2c, 0xfe2c,
0xfe2c, 0xed6a, 0xfe2c, 0xfe2c, 0xfe2c, 0xfe2c, 0xfe2c, 0xfe2c, 0xfe2c, 0xfe2c,
0xfe2c, 0xfe2c, 0xed6a, 0xed6a, 0xed6a, 0xed6a, 0xed6a, 0xdcac, 0xed6a, 0xed6a,
0xed6a, 0xed6a, 0xdcac, 0xdcac, 0xdcac, 0xdcac, 0xed6a, 0xed6a, 0xed6a, 0xed6a,
0xed6a, 0xed6a, 0xed6a, 0xdcac, 0xed6a, 0xed6a, 0xed6a, 0xed6a, 0xdcac, 0xdcac,
0xdcac, 0xdcac, 0xed6a, 0xed6a, 0xed6a, 0xed6a, 0xfe2c, 0xfe2c, 0xfe2c, 0xfe2c,
0xfe2c, 0xfe2c, 0xfe2c, 0xfe2c, 0xfe2c, 0xfe2c, 0xfe2c, 0xfe2c, 0xfe2c, 0xfe2c,
0xfe2c, 0xfe2c, 0xfe2c, 0xfe2c, 0xfe2c, 0xfe2c, 0xfe2c, 0xfe2c, 0xfe2c, 0xfe2c,
0xfe2c, 0xfe2c, 0xfe2c, 0xfe2c, 0xfe2c, 0xfe2c, 0xfe2c, 0xfe2c, 0xfe2c, 0xfe2c,
0xfe2c, 0xed6a, 0xfe2c, 0xfe2c, 0xfe2c, 0xfe2c, 0xed6a, 0xed6a, 0xed6a, 0xed6a,
0xed6a, 0xed6a, 0xed6a, 0xed6a, 0xed6a, 0xed6a, 0xed6a, 0xdcac, 0xed6a, 0xed6a,
0xed6a, 0xed6a, 0xdcac, 0xdcac, 0xdcac, 0xdcac, 0xed6a, 0xed6a, 0xed6a, 0xed6a,
0xed6a, 0xed6a, 0xed6a, 0xdcac, 0xed6a, 0xed6a, 0xed6a, 0xed6a, 0xdcac, 0xdcac,
0xdcac, 0xdcac, 0xed6a, 0xed6a, 0xed6a, 0xed6a, 0xed6a, 0xed6a, 0xed6a, 0xdcac,
0xed6a, 0xed6a, 0xed6a, 0xed6a, 0xdcac, 0xdcac, 0xdcac, 0xdcac, 0x0845, 0x0845,
0xa534, 0x6b8f, 0xa534, 0xce37, 0xa534, 0xa534, 0xa534, 0xa534, 0xa534, 0xef3b,
0xce37, 0xce37, 0xce37, 0xce37, 0xdef9, 0xdef9, 0xdef9, 0xdef9, 0xdef9, 0xdef9,
0xce37, 0xa534, 0x924b, 0xd44d, 0xd44d, 0xd44d, 0xd44d, 0xd44d, 0xfef4, 0xfef4,

0xfef4, 0xedf0, 0xd44d, 0xd44d, 0xd44d, 0xd44d, 0xd44d, 0x924b, 0xa534, 0xce37,
0xdef9, 0xdef9, 0xdef9, 0xdef9, 0xdef9, 0xdef9, 0xdef9, 0xce37, 0xdef9, 0xdef9,
0xce37, 0xce37, 0xce37, 0xce37, 0xce37, 0xdef9, 0x6b8f, 0x6b8f, 0x6b8f, 0xa534,
0x6b8f, 0x424c, 0xed6a, 0xed6a, 0xed6a, 0xed6a, 0xed6a, 0xed6a, 0xed6a, 0xdcac,
0xed6a, 0xed6a, 0xed6a, 0xed6a, 0xfe2c, 0xfe2c, 0xfe2c, 0xfe2c, 0xfe2c, 0xfe2c,
0xfe2c, 0xfe2c, 0xfe2c, 0xfe2c, 0xfe2c, 0xfe2c, 0xfe2c, 0xfe2c, 0xfe2c, 0xfe2c,
0xfe2c, 0xfe2c, 0xfe2c, 0xfe2c, 0xfe2c, 0xfe2c, 0xfe2c, 0xfe2c, 0xfe2c, 0xfe2c,
0xfe2c, 0xed6a, 0xfe2c, 0xfe2c, 0xfe2c, 0xfe2c, 0xfe2c, 0xfe2c, 0xfe2c, 0xfe2c,
0xfe2c, 0xfe2c, 0xfe2c, 0xed6a, 0xed6a, 0xed6a, 0xed6a, 0xdcac, 0xed6a, 0xed6a,
0xed6a, 0xed6a, 0xed6a, 0xed6a, 0xed6a, 0xed6a, 0xed6a, 0xed6a, 0xed6a, 0xed6a,
0xed6a, 0xed6a, 0xed6a, 0xdcac, 0xed6a, 0xed6a, 0xed6a, 0xed6a, 0xed6a, 0xed6a,
0xed6a, 0xed6a, 0xed6a, 0xed6a, 0xfe2c, 0xfe2c, 0xfe2c, 0xfe2c, 0xfe2c, 0xfe2c,
0xfe2c, 0xfe2c, 0xfe2c, 0xfe2c, 0xfe2c, 0xfe2c, 0xfe2c, 0xfe2c, 0xfe2c, 0xfe2c,
0xfe2c, 0xfe2c, 0xfe2c, 0xfe2c, 0xfe2c, 0xfe2c, 0xfe2c, 0xfe2c, 0xfe2c, 0xfe2c,
0xfe2c, 0xfe2c, 0xfe2c, 0xfe2c, 0xfe2c, 0xfe2c, 0xfe2c, 0xfe2c, 0xfe2c, 0xfe2c,
0xfe2c, 0xed6a, 0xfe2c, 0xfe2c, 0xfe2c, 0xfe2c, 0xfe2c, 0xfe2c, 0xed6a, 0xed6a,
0xed6a, 0xed6a, 0xed6a, 0xed6a, 0xed6a, 0xed6a, 0xed6a, 0xdcac, 0xed6a, 0xed6a,
0xed6a, 0xed6a, 0xed6a, 0xed6a, 0xed6a, 0xed6a, 0xed6a, 0xed6a, 0xed6a, 0xed6a,
0xed6a, 0xed6a, 0xed6a, 0xdcac, 0xed6a, 0xed6a, 0xed6a, 0xed6a, 0xed6a, 0xed6a,
0xed6a, 0xed6a, 0xed6a, 0xed6a, 0xed6a, 0xed6a, 0xed6a, 0xed6a, 0xed6a, 0xdcac,
0xed6a, 0xed6a, 0xed6a, 0xed6a, 0xed6a, 0xed6a, 0xed6a, 0xed6a, 0x8a9a, 0x8a9a,
0x8a9a, 0x8a9a, 0x8a9a, 0x8a9a, 0x8a9a, 0x8a9a, 0x8a9a, 0x8a9a, 0x8a9a, 0x8a9a,
0x8a9a, 0x8a9a, 0x8a9a, 0x8a9a, 0x6b8f, 0x6b8f, 0x6b8f, 0x6b8f, 0x6b8f, 0x6b8f,
0x6b8f, 0x6b8f, 0x6b8f, 0x6b8f, 0x6b8f, 0x6b8f, 0x6b8f, 0x6b8f, 0x6b8f, 0x6b8f,

0xfef4, 0xfef4, 0xd44d, 0xd44d, 0xd44d, 0xd44d, 0xd44d, 0x924b, 0xa534, 0xce37,
0xdef9, 0xdef9, 0xdef9, 0xdef9, 0xdef9, 0xdef9, 0xdef9, 0xdef9, 0xce37, 0xce37,
0xdef9, 0xce37, 0xce37, 0xce37, 0xce37, 0xdef9, 0x6b8f, 0x6b8f, 0x6b8f, 0xa534,
0x6b8f, 0x424c, 0xed6a, 0xed6a, 0xed6a, 0xed6a, 0xed6a, 0xed6a, 0xed6a, 0xdcac,
0xed6a, 0xed6a, 0xed6a, 0xed6a, 0xed6a, 0xfe2c, 0xfe2c, 0xfe2c, 0xfe2c, 0xfe2c,
0xfe2c, 0xfe2c, 0xfe2c, 0xfe2c, 0xfe2c, 0xfe2c, 0xfe2c, 0xfe2c, 0xfe2c, 0xfe2c,
0xfe2c, 0xfe2c, 0xfe2c, 0xfe2c, 0xfe2c, 0xfe2c, 0xfe2c, 0xfe2c, 0xfe2c, 0xfe2c,
0xfe2c, 0xed6a, 0xfe2c, 0xfe2c, 0xfe2c, 0xfe2c, 0xfe2c, 0xfe2c, 0xfe2c, 0xfe2c,
0xed6a, 0xed6a, 0xed6a, 0xed6a, 0xed6a, 0xed6a, 0xed6a, 0xdcac, 0xed6a, 0xed6a,
0xed6a, 0xed6a, 0xed6a, 0xed6a, 0xed6a, 0xed6a, 0xed6a, 0xed6a, 0xed6a, 0xed6a,
0xed6a, 0xed6a, 0xed6a, 0xdcac, 0xed6a, 0xed6a, 0xed6a, 0xed6a, 0xed6a, 0xed6a,
0xed6a, 0xed6a, 0xed6a, 0xed6a, 0xed6a, 0xed6a, 0xed6a, 0xed6a, 0xfe2c, 0xfe2c,
0xfe2c, 0xfe2c, 0xfe2c, 0xfe2c, 0xfe2c, 0xfe2c, 0xfe2c, 0xfe2c, 0xfe2c, 0xfe2c,
0xfe2c, 0xfe2c, 0xfe2c, 0xfe2c, 0xfe2c, 0xfe2c, 0xfe2c, 0xfe2c, 0xfe2c, 0xfe2c,
0xfe2c, 0xfe2c, 0xfe2c, 0xfe2c, 0xfe2c, 0xfe2c, 0xfe2c, 0xfe2c, 0xfe2c, 0xfe2c,
0xfe2c, 0xed6a, 0xfe2c, 0xfe2c, 0xed6a, 0xed6a, 0xed6a, 0xed6a, 0xed6a, 0xed6a,
0xed6a, 0xed6a, 0xed6a, 0xed6a, 0xed6a, 0xed6a, 0xed6a, 0xdcac, 0xed6a, 0xed6a,
0xed6a, 0xed6a, 0xed6a, 0xed6a, 0xed6a, 0xed6a, 0xed6a, 0xed6a, 0xed6a, 0xed6a,
0xed6a, 0xed6a, 0xed6a, 0xdcac, 0xed6a, 0xed6a, 0xed6a, 0xed6a, 0xed6a, 0xed6a,
0xed6a, 0xed6a, 0xed6a, 0xed6a, 0xed6a, 0xed6a, 0xed6a, 0xed6a, 0xed6a, 0xdcac,
0xed6a, 0xed6a, 0xed6a, 0xed6a, 0xed6a, 0xed6a, 0xed6a, 0xed6a, 0x0845, 0x424c,
0xa534, 0x6b8f, 0x6b8f, 0x6b8f, 0xce37, 0xa534, 0xa534, 0xa534, 0xa534, 0xdef9,
0xce37, 0xdef9, 0xdef9, 0xdef9, 0xdef9, 0xdef9, 0xdef9, 0xdef9, 0xdef9, 0xdef9,
0xce37, 0xa534, 0x924b, 0xd44d, 0xd44d, 0xd44d, 0xd44d, 0xd44d, 0xfef4, 0xfef4,

0xfef4, 0xfef4, 0xd44d, 0xd44d, 0xd44d, 0xd44d, 0xbb4b, 0x924b, 0xa534, 0xce37,
0xdef9, 0xdef9, 0xdef9, 0xdef9, 0xdef9, 0xdef9, 0xdef9, 0xce37, 0xce37, 0xce37,
0xce37, 0xdef9, 0xce37, 0xce37, 0xce37, 0xdef9, 0x6b8f, 0x6b8f, 0x6b8f, 0xa534,
0x424c, 0x0845, 0xfe2c, 0xfe2c, 0xed6a, 0xed6a, 0xfe2c, 0xfe2c, 0xfe2c, 0xdcac,
0xfe2c, 0xfe2c, 0xfe2c, 0xfe2c, 0xfe2c, 0xfe2c, 0xfe2c, 0xfe2c, 0xfe2c, 0xfe2c,
0xfe2c, 0xfe2c, 0xfe2c, 0xfe2c, 0xfe2c, 0xfe2c, 0xfe2c, 0xfe2c, 0xfe2c, 0xfe2c,
0xfe2c, 0xfe2c, 0xfe2c, 0xfe2c, 0xfe2c, 0xfe2c, 0xfe2c, 0xfe2c, 0xfe2c, 0xfe2c,
0xfe2c, 0xed6a, 0xfe2c, 0xfe2c, 0xfe2c, 0xfe2c, 0xfe2c, 0xfe2c, 0xfe2c, 0xfe2c,
0xfe2c, 0xfe2c, 0xfe2c, 0xfe2c, 0xfe2c, 0xfe2c, 0xfe2c, 0xdcac, 0xfe2c, 0xfe2c,
0xfe2c, 0xfe2c, 0xfe2c, 0xfe2c, 0xfe2c, 0xfe2c, 0xfe2c, 0xfe2c, 0xed6a, 0xed6a,
0xfe2c, 0xfe2c, 0xfe2c, 0xdcac, 0xfe2c, 0xfe2c, 0xfe2c, 0xfe2c, 0xfe2c, 0xfe2c,
0xfe2c, 0xfe2c, 0xfe2c, 0xfe2c, 0xfe2c, 0xfe2c, 0xfe2c, 0xfe2c, 0xfe2c, 0xfe2c,
0xfe2c, 0xfe2c, 0xfe2c, 0xfe2c, 0xfe2c, 0xfe2c, 0xfe2c, 0xfe2c, 0xfe2c, 0xfe2c,
0xfe2c, 0xfe2c, 0xfe2c, 0xfe2c, 0xfe2c, 0xfe2c, 0xfe2c, 0xfe2c, 0xfe2c, 0xfe2c,
0xfe2c, 0xfe2c, 0xfe2c, 0xfe2c, 0xfe2c, 0xfe2c, 0xfe2c, 0xfe2c, 0xfe2c, 0xfe2c,
0xfe2c, 0xed6a, 0xfe2c, 0xfe2c, 0xfe2c, 0xfe2c, 0xfe2c, 0xfe2c, 0xfe2c, 0xfe2c,
0xfe2c, 0xfe2c, 0xed6a, 0xed6a, 0xfe2c, 0xfe2c, 0xfe2c, 0xdcac, 0xfe2c, 0xfe2c,
0xfe2c, 0xfe2c, 0xfe2c, 0xfe2c, 0xfe2c, 0xfe2c, 0xfe2c, 0xfe2c, 0xed6a, 0xed6a,
0xfe2c, 0xfe2c, 0xfe2c, 0xdcac, 0xfe2c, 0xfe2c, 0xfe2c, 0xfe2c, 0xfe2c, 0xfe2c,
0xfe2c, 0xfe2c, 0xfe2c, 0xfe2c, 0xed6a, 0xed6a, 0xfe2c, 0xfe2c, 0xfe2c, 0xdcac,
0xfe2c, 0xfe2c, 0xfe2c, 0xfe2c, 0xfe2c, 0xfe2c, 0xfe2c, 0xfe2c, 0x8a9a, 0x8a9a,
0x8a9a, 0x8a9a, 0x8a9a, 0x8a9a, 0x8a9a, 0x8a9a, 0x8a9a, 0x8a9a, 0x8a9a, 0x8a9a,
0x8a9a, 0x8a9a, 0x8a9a, 0x8a9a, 0x6b8f, 0x6b8f, 0x6b8f, 0x6b8f, 0x6b8f, 0x6b8f,
0x6b8f, 0x6b8f, 0x6b8f, 0x6b8f, 0x6b8f, 0x6b8f, 0x6b8f, 0x6b8f, 0x6b8f, 0x6b8f,

0xfef4, 0xfef4, 0xd44d, 0xd44d, 0xd44d, 0xd44d, 0xbb4b, 0x924b, 0xa534, 0xce37,
0xdef9, 0xdef9, 0xdef9, 0xdef9, 0xdef9, 0xdef9, 0xce37, 0xce37, 0xce37, 0xce37,
0xce37, 0xce37, 0xce37, 0xce37, 0xce37, 0xdef9, 0x6b8f, 0x6b8f, 0x6b8f, 0xa534,
0x0845, 0x0845, 0xdcac, 0xdcac, 0xdcac, 0xdcac, 0xdcac, 0xdcac, 0xdcac, 0xdcac,
0xdcac, 0xdcac, 0xdcac, 0xdcac, 0xdcac, 0xdcac, 0xed6a, 0xed6a, 0xfe2c, 0xfe2c,
0xfe2c, 0xfe2c, 0xfe2c, 0xfe2c, 0xfe2c, 0xfe2c, 0xfe2c, 0xfe2c, 0xfe2c, 0xfe2c,
0xfe2c, 0xfe2c, 0xfe2c, 0xfe2c, 0xed6a, 0xed6a, 0xed6a, 0xed6a, 0xed6a, 0xed6a,
0xed6a, 0xed6a, 0xed6a, 0xfe2c, 0xed6a, 0xed6a, 0xed6a, 0xed6a, 0xfe2c, 0xed6a,
0xed6a, 0xed6a, 0xdcac, 0xdcac, 0xdcac, 0xdcac, 0xdcac, 0xdcac, 0xed6a, 0xed6a,
0xed6a, 0xed6a, 0xed6a, 0xed6a, 0xed6a, 0xed6a, 0xdcac, 0xdcac, 0xdcac, 0xdcac,
0xdcac, 0xdcac, 0xdcac, 0xdcac, 0xed6a, 0xed6a, 0xed6a, 0xed6a, 0xed6a, 0xed6a,
0xed6a, 0xed6a, 0xdcac, 0xdcac, 0xdcac, 0xdcac, 0xdcac, 0xdcac, 0xed6a, 0xed6a,
0xed6a, 0xed6a, 0xfe2c, 0xed6a, 0xed6a, 0xed6a, 0xed6a, 0xed6a, 0xfe2c, 0xfe2c,
0xfe2c, 0xfe2c, 0xfe2c, 0xfe2c, 0xfe2c, 0xfe2c, 0xfe2c, 0xfe2c, 0xfe2c, 0xfe2c,
0xfe2c, 0xfe2c, 0xfe2c, 0xfe2c, 0xed6a, 0xed6a, 0xed6a, 0xed6a, 0xed6a, 0xed6a,
0xed6a, 0xed6a, 0xed6a, 0xed6a, 0xdcac, 0xdcac, 0xdcac, 0xdcac, 0xdcac, 0xdcac,
0xdcac, 0xdcac, 0xdcac, 0xdcac, 0xdcac, 0xdcac, 0xdcac, 0xdcac, 0xed6a, 0xed6a,
0xed6a, 0xed6a, 0xed6a, 0xed6a, 0xed6a, 0xed6a, 0xdcac, 0xdcac, 0xdcac, 0xdcac,
0xdcac, 0xdcac, 0xdcac, 0xdcac, 0xed6a, 0xed6a, 0xed6a, 0xed6a, 0xed6a, 0xed6a,
0xed6a, 0xed6a, 0xdcac, 0xdcac, 0xdcac, 0xdcac, 0xdcac, 0xdcac, 0xdcac, 0xdcac,
0xed6a, 0xed6a, 0xed6a, 0xed6a, 0xed6a, 0xed6a, 0xed6a, 0xed6a, 0x0845, 0x424c,
0xa534, 0x6b8f, 0x6b8f, 0x6b8f, 0xdef9, 0xce37, 0xce37, 0xce37, 0xce37, 0xce37,
0xce37, 0xce37, 0xce37, 0xdef9, 0xdef9, 0xdef9, 0xdef9, 0xdef9, 0xdef9, 0xdef9,
0xce37, 0xa534, 0x924b, 0xd44d, 0xd44d, 0xd44d, 0xd44d, 0xd44d, 0xfef4, 0xfef4,

0x0000, 0x0000, 0x0000, 0x0000, 0x0000, 0x0000, 0x0000, 0x0000, 0x0000, 0x0000,
0x0000, 0x0000, 0x0000, 0x0000, 0x0000, 0x0000, 0xdef9, 0xce37, 0xce37, 0xce37,
0xce37, 0xce37, 0xce37, 0xce37, 0xce37, 0xdef9, 0x6b8f, 0x6b8f, 0x6b8f, 0xa534,
0x424c, 0x0845, 0xfe2c, 0xfe2c, 0xfe2c, 0xfe2c, 0xfe2c, 0xfe2c, 0xfe2c, 0xfe2c,
0xfe2c, 0xfe2c, 0xfe2c, 0xfe2c, 0xfe2c, 0xfe2c, 0xfe2c, 0xfe2c, 0xfe2c, 0xfe2c,
0xfe2c, 0xfe2c, 0xfe2c, 0xfe2c, 0xfe2c, 0xfe2c, 0xfe2c, 0xfe2c, 0xfe2c, 0xfe2c,
0xfe2c, 0xfe2c, 0xfe2c, 0xfe2c, 0xfe2c, 0xfe2c, 0xfe2c, 0xfe2c, 0xfe2c, 0xfe2c,
0xfe2c, 0xfe2c, 0xfe2c, 0xfe2c, 0xfe2c, 0xfe2c, 0xfe2c, 0xfe2c, 0xfe2c, 0xfe2c,
0xfe2c, 0xfe2c, 0xfe2c, 0xfe2c, 0xfe2c, 0xfe2c, 0xfe2c, 0xfe2c, 0xfe2c, 0xfe2c,
0xfe2c, 0xfe2c, 0xfe2c, 0xfe2c, 0xfe2c, 0xed6a, 0xfe2c, 0xfe2c, 0xfe2c, 0xfe2c,
0xfe2c, 0xfe2c, 0xfe2c, 0xfe2c, 0xfe2c, 0xfe2c, 0xfe2c, 0xfe2c, 0xfe2c, 0xfe2c,
0xfe2c, 0xfe2c, 0xfe2c, 0xfe2c, 0xfe2c, 0xfe2c, 0xfe2c, 0xfe2c, 0xfe2c, 0xfe2c,
0xfe2c, 0xfe2c, 0xfe2c, 0xfe2c, 0xfe2c, 0xfe2c, 0xfe2c, 0xfe2c, 0xfe2c, 0xfe2c,
0xfe2c, 0xfe2c, 0xfe2c, 0xfe2c, 0xfe2c, 0xfe2c, 0xfe2c, 0xfe2c, 0xfe2c, 0xfe2c,
0xfe2c, 0xfe2c, 0xfe2c, 0xfe2c, 0xfe2c, 0xfe2c, 0xfe2c, 0xfe2c, 0xfe2c, 0xfe2c,
0xfe2c, 0xfe2c, 0xfe2c, 0xfe2c, 0xfe2c, 0xfe2c, 0xfe2c, 0xfe2c, 0xfe2c, 0xfe2c,
0xfe2c, 0xfe2c, 0xfe2c, 0xfe2c, 0xfe2c, 0xfe2c, 0xfe2c, 0xfe2c, 0xfe2c, 0xfe2c,
0xfe2c, 0xfe2c, 0xfe2c, 0xfe2c, 0xfe2c, 0xfe2c, 0xfe2c, 0xfe2c, 0xed6a, 0xed6a,
0xed6a, 0xed6a, 0xed6a, 0xed6a, 0xed6a, 0xed6a, 0xed6a, 0xed6a, 0xed6a, 0xed6a,
0xed6a, 0xdcac, 0xed6a, 0xed6a, 0xed6a, 0xed6a, 0xed6a, 0xed6a, 0xed6a, 0xed6a,
0xed6a, 0xed6a, 0xed6a, 0xed6a, 0xed6a, 0xed6a, 0xfe2c, 0xfe2c, 0x6b8f, 0x6b8f,
0x6b8f, 0x6b8f, 0x6b8f, 0x6b8f, 0x6b8f, 0x6b8f, 0x6b8f, 0x6b8f, 0x6b8f, 0x6b8f,
0x6b8f, 0x6b8f, 0x6b8f, 0x6b8f, 0x6b8f, 0x6b8f, 0x6b8f, 0x6b8f, 0x6b8f, 0x6b8f,
0x6b8f, 0x6b8f, 0x6b8f, 0x6b8f, 0x6b8f, 0x6b8f, 0x6b8f, 0x6b8f, 0x6b8f, 0x6b8f,

0x0000, 0x0000, 0x0000, 0x0000, 0x0000, 0x0000, 0x0000, 0x0000, 0x0000, 0x0000,
0x0000, 0x0000, 0x0000, 0x0000, 0x0000, 0x0000, 0xdef9, 0xce37, 0xce37, 0xce37,
0xce37, 0xce37, 0xce37, 0xce37, 0xce37, 0xdef9, 0x6b8f, 0x6b8f, 0x6b8f, 0xa534,
0x0845, 0x0845, 0xfe2c, 0xfe2c, 0xfe2c, 0xfe2c, 0xfe2c, 0xfe2c, 0xfe2c, 0xfe2c,
0xfe2c, 0xfe2c, 0xfe2c, 0xfe2c, 0xfe2c, 0xfe2c, 0xfe2c, 0xfe2c, 0xfe2c, 0xfe2c,
0xfe2c, 0xfe2c, 0xfe2c, 0xfe2c, 0xfe2c, 0xfe2c, 0xfe2c, 0xfe2c, 0xfe2c, 0xfe2c,
0xfe2c, 0xfe2c, 0xfe2c, 0xfe2c, 0xfe2c, 0xfe2c, 0xfe2c, 0xfe2c, 0xfe2c, 0xfe2c,
0xfe2c, 0xfe2c, 0xfe2c, 0xfe2c, 0xfe2c, 0xfe2c, 0xfe2c, 0xfe2c, 0xfe2c, 0xfe2c,
0xfe2c, 0xfe2c, 0xfe2c, 0xfe2c, 0xfe2c, 0xfe2c, 0xfe2c, 0xfe2c, 0xfe2c, 0xfe2c,
0xfe2c, 0xfe2c, 0xfe2c, 0xfe2c, 0xfe2c, 0xed6a, 0xfe2c, 0xfe2c, 0xfe2c, 0xfe2c,
0xfe2c, 0xfe2c, 0xfe2c, 0xfe2c, 0xfe2c, 0xfe2c, 0xfe2c, 0xfe2c, 0xfe2c, 0xfe2c,
0xfe2c, 0xfe2c, 0xfe2c, 0xfe2c, 0xfe2c, 0xfe2c, 0xfe2c, 0xfe2c, 0xfe2c, 0xfe2c,
0xfe2c, 0xfe2c, 0xfe2c, 0xfe2c, 0xfe2c, 0xfe2c, 0xfe2c, 0xfe2c, 0xfe2c, 0xfe2c,
0xfe2c, 0xfe2c, 0xfe2c, 0xfe2c, 0xfe2c, 0xfe2c, 0xfe2c, 0xfe2c, 0xfe2c, 0xfe2c,
0xfe2c, 0xfe2c, 0xfe2c, 0xfe2c, 0xfe2c, 0xfe2c, 0xfe2c, 0xfe2c, 0xfe2c, 0xfe2c,
0xfe2c, 0xfe2c, 0xfe2c, 0xfe2c, 0xfe2c, 0xfe2c, 0xfe2c, 0xfe2c, 0xfe2c, 0xfe2c,
0xfe2c, 0xfe2c, 0xfe2c, 0xfe2c, 0xfe2c, 0xfe2c, 0xfe2c, 0xfe2c, 0xfe2c, 0xfe2c,
0xfe2c, 0xfe2c, 0xfe2c, 0xfe2c, 0xfe2c, 0xfe2c, 0xfe2c, 0xfe2c, 0xfe2c, 0xfe2c,
0xfe2c, 0xfe2c, 0xed6a, 0xed6a, 0xed6a, 0xed6a, 0xed6a, 0xed6a, 0xed6a, 0xed6a,
0xed6a, 0xdcac, 0xed6a, 0xed6a, 0xed6a, 0xed6a, 0xed6a, 0xed6a, 0xed6a, 0xed6a,
0xed6a, 0xed6a, 0xfe2c, 0xfe2c, 0xfe2c, 0xfe2c, 0xfe2c, 0xfe2c, 0x0845, 0x0845,
0xa534, 0x6b8f, 0x6b8f, 0x6b8f, 0xdef9, 0xce37, 0xa534, 0xa534, 0xa534, 0xce37,
0xce37, 0xce37, 0xce37, 0xce37, 0xdef9, 0xdef9, 0xdef9, 0xdef9, 0xdef9, 0xdef9,
0xce37, 0xa534, 0x924b, 0xbb4b, 0xd44d, 0xd44d, 0xd44d, 0xd44d, 0xfef4, 0xfef4,

0x0000, 0x0000, 0x0000, 0x0000, 0x0000, 0x0000, 0x0000, 0x0000, 0x0000, 0x0000,
0x0000, 0x0000, 0x0000, 0x0000, 0x0000, 0x0000, 0x694a, 0xdef9, 0xdef9, 0xce37,
0xce37, 0xdef9, 0xa534, 0xa534, 0xce37, 0xce37, 0x6b8f, 0x6b8f, 0x6b8f, 0x424c,
0x0845, 0x0845, 0xfe2c, 0xfe2c, 0xfe2c, 0xfe2c, 0xfe2c, 0xfe2c, 0xfe2c, 0xfe2c,
0xfe2c, 0xfe2c, 0xfe2c, 0xfe2c, 0xfe2c, 0xfe2c, 0xfe2c, 0xfe2c, 0xfe2c, 0xfe2c,
0xfe2c, 0xfe2c, 0xfe2c, 0xfe2c, 0xfe2c, 0xfe2c, 0xfe2c, 0xfe2c, 0xfe2c, 0xfe2c,
0xfe2c, 0xfe2c, 0xfe2c, 0xfe2c, 0xfe2c, 0xfe2c, 0xfe2c, 0xfe2c, 0xfe2c, 0xfe2c,
0xfe2c, 0xfe2c, 0xfe2c, 0xfe2c, 0xfe2c, 0xfe2c, 0xfe2c, 0xfe2c, 0xfe2c, 0xfe2c,
0xfe2c, 0xfe2c, 0xfe2c, 0xfe2c, 0xfe2c, 0xfe2c, 0xfe2c, 0xfe2c, 0xfe2c, 0xfe2c,
0xfe2c, 0xfe2c, 0xfe2c, 0xfe2c, 0xfe2c, 0xed6a, 0xfe2c, 0xfe2c, 0xfe2c, 0xfe2c,
0xfe2c, 0xfe2c, 0xfe2c, 0xfe2c, 0xfe2c, 0xfe2c, 0xfe2c, 0xfe2c, 0xfe2c, 0xfe2c,
0xfe2c, 0xfe2c, 0xfe2c, 0xfe2c, 0xfe2c, 0xfe2c, 0xfe2c, 0xfe2c, 0xfe2c, 0xfe2c,
0xfe2c, 0xfe2c, 0xfe2c, 0xfe2c, 0xfe2c, 0xfe2c, 0xfe2c, 0xfe2c, 0xfe2c, 0xfe2c,
0xfe2c, 0xfe2c, 0xfe2c, 0xfe2c, 0xfe2c, 0xfe2c, 0xfe2c, 0xfe2c, 0xfe2c, 0xfe2c,
0xfe2c, 0xfe2c, 0xfe2c, 0xfe2c, 0xfe2c, 0xfe2c, 0xfe2c, 0xfe2c, 0xfe2c, 0xfe2c,
0xfe2c, 0xfe2c, 0xfe2c, 0xfe2c, 0xfe2c, 0xfe2c, 0xfe2c, 0xfe2c, 0xfe2c, 0xfe2c,
0xfe2c, 0xfe2c, 0xfe2c, 0xfe2c, 0xfe2c, 0xfe2c, 0xfe2c, 0xfe2c, 0xfe2c, 0xfe2c,
0xfe2c, 0xfe2c, 0xfe2c, 0xfe2c, 0xfe2c, 0xfe2c, 0xfe2c, 0xfe2c, 0xfe2c, 0xfe2c,
0xed6a, 0xed6a, 0xed6a, 0xed6a, 0xed6a, 0xed6a, 0xed6a, 0xfe2c, 0xfe2c, 0xfe2c,
0xfe2c, 0xdcac, 0xed6a, 0xed6a, 0xed6a, 0xed6a, 0xed6a, 0xed6a, 0xed6a, 0xed6a,
0xed6a, 0xed6a, 0xed6a, 0xed6a, 0xfe2c, 0xfe2c, 0xfe2c, 0xfe2c, 0x6b8f, 0x6b8f,
0x6b8f, 0x6b8f, 0x6b8f, 0x6b8f, 0x6b8f, 0x6b8f, 0x6b8f, 0x6b8f, 0x6b8f, 0x6b8f,
0x6b8f, 0x6b8f, 0x6b8f, 0x6b8f, 0x6b8f, 0x6b8f, 0x6b8f, 0x6b8f, 0x6b8f, 0x6b8f,
0x6b8f, 0x6b8f, 0x6b8f, 0x6b8f, 0x6b8f, 0x6b8f, 0x6b8f, 0x6b8f, 0x6b8f, 0x6b8f,

0x0000, 0x0000, 0x0000, 0x0000, 0x0000, 0x0000, 0x0000, 0x0000, 0x0000, 0x0000,
0x0000, 0x0000, 0x0000, 0x0000, 0x0000, 0x0000, 0xedf0, 0x694a, 0xce37, 0xce37,
0xef3b, 0xa534, 0xa534, 0xa534, 0xa534, 0xce37, 0x6b8f, 0x6b8f, 0x6b8f, 0x424c,
0x0845, 0x0845, 0xfe2c, 0xfe2c, 0xfe2c, 0xfe2c, 0xfe2c, 0xfe2c, 0xfe2c, 0xfe2c,
0xfe2c, 0xfe2c, 0xfe2c, 0xfe2c, 0xfe2c, 0xfe2c, 0xfe2c, 0xfe2c, 0xfe2c, 0xfe2c,
0xfe2c, 0xfe2c, 0xfe2c, 0xfe2c, 0xfe2c, 0xfe2c, 0xfe2c, 0xfe2c, 0xfe2c, 0xfe2c,
0xfe2c, 0xfe2c, 0xfe2c, 0xfe2c, 0xfe2c, 0xfe2c, 0xfe2c, 0xfe2c, 0xfe2c, 0xfe2c,
0xfe2c, 0xfe2c, 0xfe2c, 0xfe2c, 0xfe2c, 0xfe2c, 0xfe2c, 0xfe2c, 0xfe2c, 0xfe2c,
0xfe2c, 0xfe2c, 0xfe2c, 0xfe2c, 0xfe2c, 0xfe2c, 0xfe2c, 0xfe2c, 0xfe2c, 0xfe2c,
0xfe2c, 0xfe2c, 0xfe2c, 0xfe2c, 0xfe2c, 0xed6a, 0xfe2c, 0xfe2c, 0xfe2c, 0xfe2c,
0xfe2c, 0xfe2c, 0xfe2c, 0xfe2c, 0xfe2c, 0xfe2c, 0xfe2c, 0xfe2c, 0xfe2c, 0xfe2c,
0xfe2c, 0xfe2c, 0xfe2c, 0xfe2c, 0xfe2c, 0xfe2c, 0xfe2c, 0xfe2c, 0xfe2c, 0xfe2c,
0xfe2c, 0xfe2c, 0xfe2c, 0xfe2c, 0xfe2c, 0xfe2c, 0xfe2c, 0xfe2c, 0xfe2c, 0xfe2c,
0xfe2c, 0xfe2c, 0xfe2c, 0xfe2c, 0xfe2c, 0xfe2c, 0xfe2c, 0xfe2c, 0xfe2c, 0xfe2c,
0xfe2c, 0xfe2c, 0xfe2c, 0xfe2c, 0xfe2c, 0xfe2c, 0xfe2c, 0xfe2c, 0xfe2c, 0xfe2c,
0xfe2c, 0xfe2c, 0xfe2c, 0xfe2c, 0xfe2c, 0xfe2c, 0xfe2c, 0xfe2c, 0xfe2c, 0xfe2c,
0xfe2c, 0xfe2c, 0xfe2c, 0xfe2c, 0xfe2c, 0xfe2c, 0xfe2c, 0xfe2c, 0xfe2c, 0xfe2c,
0xfe2c, 0xfe2c, 0xfe2c, 0xfe2c, 0xfe2c, 0xfe2c, 0xfe2c, 0xfe2c, 0xfe2c, 0xfe2c,
0xed6a, 0xed6a, 0xed6a, 0xed6a, 0xed6a, 0xed6a, 0xed6a, 0xed6a, 0xed6a, 0xed6a,
0xed6a, 0xdcac, 0xed6a, 0xed6a, 0xed6a, 0xed6a, 0xdcac, 0xdcac, 0xdcac, 0xdcac,
0xed6a, 0xed6a, 0xed6a, 0xed6a, 0xfe2c, 0xfe2c, 0xfe2c, 0xfe2c, 0x424c, 0x6b8f,
0xa534, 0xa534, 0x6b8f, 0xdef9, 0xce37, 0xa534, 0xa534, 0xa534, 0xa534, 0xa534,
0xef3b, 0xce37, 0xdef9, 0xdef9, 0xdef9, 0xdef9, 0xdef9, 0xdef9, 0xdef9, 0xdef9,
0xce37, 0xa534, 0x924b, 0xd44d, 0xd44d, 0xd44d, 0xd44d, 0xd44d, 0xedf0, 0xfef4,

0x0000, 0x0000, 0x0000, 0x0000, 0x0000, 0x0000, 0x0000, 0x0000, 0x0000, 0x0000,
0x0000, 0x0000, 0x0000, 0x0000, 0x0000, 0x0000, 0xd44d, 0xd44d, 0x694a, 0xce37,
0xef3b, 0xa534, 0xa534, 0xa534, 0xa534, 0xa534, 0xce37, 0x6b8f, 0xa534, 0x424c,
0x0845, 0x0845, 0xfe2c, 0xfe2c, 0xfe2c, 0xfe2c, 0xfe2c, 0xfe2c, 0xfe2c, 0xfe2c,
0xfe2c, 0xfe2c, 0xfe2c, 0xfe2c, 0xfe2c, 0xfe2c, 0xfe2c, 0xfe2c, 0xfe2c, 0xfe2c,
0xfe2c, 0xfe2c, 0xfe2c, 0xfe2c, 0xfe2c, 0xfe2c, 0xfe2c, 0xfe2c, 0xfe2c, 0xfe2c,
0xfe2c, 0xfe2c, 0xfe2c, 0xfe2c, 0xfe2c, 0xfe2c, 0xfe2c, 0xfe2c, 0xfe2c, 0xfe2c,
0xfe2c, 0xfe2c, 0xfe2c, 0xfe2c, 0xfe2c, 0xfe2c, 0xfe2c, 0xfe2c, 0xfe2c, 0xfe2c,
0xfe2c, 0xfe2c, 0xfe2c, 0xfe2c, 0xfe2c, 0xfe2c, 0xfe2c, 0xfe2c, 0xfe2c, 0xfe2c,
0xfe2c, 0xfe2c, 0xfe2c, 0xfe2c, 0xfe2c, 0xed6a, 0xfe2c, 0xfe2c, 0xfe2c, 0xfe2c,
0xfe2c, 0xfe2c, 0xfe2c, 0xfe2c, 0xfe2c, 0xfe2c, 0xfe2c, 0xfe2c, 0xfe2c, 0xfe2c,
0xfe2c, 0xfe2c, 0xfe2c, 0xfe2c, 0xfe2c, 0xfe2c, 0xfe2c, 0xfe2c, 0xfe2c, 0xfe2c,
0xfe2c, 0xfe2c, 0xfe2c, 0xfe2c, 0xfe2c, 0xfe2c, 0xfe2c, 0xfe2c, 0xfe2c, 0xfe2c,
0xfe2c, 0xfe2c, 0xfe2c, 0xfe2c, 0xfe2c, 0xfe2c, 0xfe2c, 0xfe2c, 0xfe2c, 0xfe2c,
0xfe2c, 0xfe2c, 0xfe2c, 0xfe2c, 0xfe2c, 0xfe2c, 0xfe2c, 0xfe2c, 0xfe2c, 0xfe2c,
0xfe2c, 0xfe2c, 0xfe2c, 0xfe2c, 0xfe2c, 0xfe2c, 0xfe2c, 0xfe2c, 0xfe2c, 0xfe2c,
0xfe2c, 0xfe2c, 0xfe2c, 0xfe2c, 0xfe2c, 0xfe2c, 0xfe2c, 0xfe2c, 0xfe2c, 0xfe2c,
0xfe2c, 0xfe2c, 0xfe2c, 0xfe2c, 0xfe2c, 0xfe2c, 0xfe2c, 0xfe2c, 0xfe2c, 0xfe2c,
0xfe2c, 0xfe2c, 0xed6a, 0xed6a, 0xed6a, 0xed6a, 0xed6a, 0xed6a, 0xed6a, 0xed6a,
0xed6a, 0xdcac, 0xed6a, 0xed6a, 0xed6a, 0xed6a, 0xed6a, 0xed6a, 0xed6a, 0xed6a,
0xed6a, 0xed6a, 0xfe2c, 0xfe2c, 0xfe2c, 0xfe2c, 0xfe2c, 0xfe2c, 0x6b8f, 0x6b8f,
0x6b8f, 0x6b8f, 0x6b8f, 0x6b8f, 0x6b8f, 0x6b8f, 0x6b8f, 0x6b8f, 0x6b8f, 0x6b8f,
0x6b8f, 0x6b8f, 0x6b8f, 0x6b8f, 0x6b8f, 0x6b8f, 0x6b8f, 0x6b8f, 0x6b8f, 0x6b8f,
0x6b8f, 0x6b8f, 0x6b8f, 0x6b8f, 0x6b8f, 0x6b8f, 0x6b8f, 0x6b8f, 0x6b8f, 0x6b8f,

0x0000, 0x0000, 0x0000, 0x0000, 0x0000, 0x0000, 0x0000, 0x0000, 0x0000, 0x0000,
0x0000, 0x0000, 0x0000, 0x0000, 0x0000, 0x0000, 0xbb4b, 0xd44d, 0x694a, 0xce37,
0xef3b, 0xa534, 0xa534, 0xa534, 0xa534, 0xa534, 0xce37, 0xa534, 0xa534, 0x6b8f,
0x424c, 0x424c, 0xfe2c, 0xfe2c, 0xfe2c, 0xfe2c, 0xfe2c, 0xfe2c, 0xfe2c, 0xfe2c,
0xfe2c, 0xfe2c, 0xfe2c, 0xfe2c, 0xfe2c, 0xfe2c, 0xfe2c, 0xfe2c, 0xfe2c, 0xfe2c,
0xfe2c, 0xfe2c, 0xfe2c, 0xfe2c, 0xfe2c, 0xfe2c, 0xfe2c, 0xfe2c, 0xfe2c, 0xfe2c,
0xfe2c, 0xfe2c, 0xfe2c, 0xfe2c, 0xfe2c, 0xfe2c, 0xfe2c, 0xfe2c, 0xfe2c, 0xfe2c,
0xfe2c, 0xfe2c, 0xfe2c, 0xfe2c, 0xfe2c, 0xfe2c, 0xfe2c, 0xfe2c, 0xfe2c, 0xfe2c,
0xfe2c, 0xfe2c, 0xfe2c, 0xfe2c, 0xfe2c, 0xfe2c, 0xfe2c, 0xfe2c, 0xfe2c, 0xfe2c,
0xfe2c, 0xfe2c, 0xfe2c, 0xfe2c, 0xfe2c, 0xed6a, 0xfe2c, 0xfe2c, 0xfe2c, 0xfe2c,
0xfe2c, 0xfe2c, 0xfe2c, 0xfe2c, 0xfe2c, 0xfe2c, 0xfe2c, 0xfe2c, 0xfe2c, 0xfe2c,
0xfe2c, 0xfe2c, 0xfe2c, 0xfe2c, 0xfe2c, 0xfe2c, 0xfe2c, 0xfe2c, 0xfe2c, 0xfe2c,
0xfe2c, 0xfe2c, 0xfe2c, 0xfe2c, 0xfe2c, 0xfe2c, 0xfe2c, 0xfe2c, 0xfe2c, 0xfe2c,
0xfe2c, 0xfe2c, 0xfe2c, 0xfe2c, 0xfe2c, 0xfe2c, 0xfe2c, 0xfe2c, 0xfe2c, 0xfe2c,
0xfe2c, 0xfe2c, 0xfe2c, 0xfe2c, 0xfe2c, 0xfe2c, 0xfe2c, 0xfe2c, 0xfe2c, 0xfe2c,
0xfe2c, 0xfe2c, 0xfe2c, 0xfe2c, 0xfe2c, 0xfe2c, 0xfe2c, 0xfe2c, 0xfe2c, 0xfe2c,
0xfe2c, 0xfe2c, 0xfe2c, 0xfe2c, 0xfe2c, 0xfe2c, 0xfe2c, 0xfe2c, 0xfe2c, 0xfe2c,
0xfe2c, 0xfe2c, 0xfe2c, 0xfe2c, 0xfe2c, 0xfe2c, 0xfe2c, 0xfe2c, 0xed6a, 0xed6a,
0xed6a, 0xed6a, 0xed6a, 0xed6a, 0xed6a, 0xed6a, 0xed6a, 0xed6a, 0xed6a, 0xed6a,
0xed6a, 0xdcac, 0xed6a, 0xed6a, 0xed6a, 0xed6a, 0xed6a, 0xed6a, 0xed6a, 0xed6a,
0xed6a, 0xed6a, 0xed6a, 0xed6a, 0xed6a, 0xed6a, 0xfe2c, 0xfe2c, 0x0845, 0x0845,
0x0845, 0xdef9, 0xce37, 0xce37, 0xce37, 0xa534, 0xa534, 0xa534, 0xa534, 0xa534,
0xef3b, 0xce37, 0xce37, 0xce37, 0xdef9, 0xdef9, 0xdef9, 0xef3b, 0xdef9, 0xce37,
0xce37, 0xa534, 0x924b, 0xd44d, 0xd44d, 0xd44d, 0xd44d, 0xd44d, 0xfef4, 0xfef4,

0x0000, 0x0000, 0x0000, 0x0000, 0x0000, 0x0000, 0x0000, 0x0000, 0x0000, 0x0000,
0x0000, 0x0000, 0x0000, 0x0000, 0x0000, 0x0000, 0xbb4b, 0xd44d, 0x694a, 0x694a,
0xef3b, 0xa534, 0xa534, 0xa534, 0xa534, 0xa534, 0xce37, 0xa534, 0x6b8f, 0x0845,
0x0845, 0x0845, 0xfe2c, 0xfe2c, 0xfe2c, 0xfe2c, 0xfe2c, 0xfe2c, 0xfe2c, 0xfe2c,
0xfe2c, 0xfe2c, 0xfe2c, 0xfe2c, 0xfe2c, 0xfe2c, 0xfe2c, 0xfe2c, 0xfe2c, 0xfe2c,
0xfe2c, 0xfe2c, 0xfe2c, 0xfe2c, 0xfe2c, 0xfe2c, 0xfe2c, 0xfe2c, 0xfe2c, 0xfe2c,
0xfe2c, 0xfe2c, 0xfe2c, 0xfe2c, 0xfe2c, 0xfe2c, 0xfe2c, 0xfe2c, 0xfe2c, 0xfe2c,
0xfe2c, 0xfe2c, 0xfe2c, 0xfe2c, 0xfe2c, 0xfe2c, 0xfe2c, 0xfe2c, 0xfe2c, 0xfe2c,
0xfe2c, 0xfe2c, 0xfe2c, 0xfe2c, 0xfe2c, 0xfe2c, 0xfe2c, 0xfe2c, 0xfe2c, 0xfe2c,
0xfe2c, 0xfe2c, 0xfe2c, 0xfe2c, 0xfe2c, 0xed6a, 0xfe2c, 0xfe2c, 0xfe2c, 0xfe2c,
0xfe2c, 0xfe2c, 0xfe2c, 0xfe2c, 0xfe2c, 0xfe2c, 0xfe2c, 0xfe2c, 0xfe2c, 0xfe2c,
0xfe2c, 0xfe2c, 0xfe2c, 0xfe2c, 0xfe2c, 0xfe2c, 0xfe2c, 0xfe2c, 0xfe2c, 0xfe2c,
0xfe2c, 0xfe2c, 0xfe2c, 0xfe2c, 0xfe2c, 0xfe2c, 0xfe2c, 0xfe2c, 0xfe2c, 0xfe2c,
0xfe2c, 0xfe2c, 0xfe2c, 0xfe2c, 0xfe2c, 0xfe2c, 0xfe2c, 0xfe2c, 0xfe2c, 0xfe2c,
0xfe2c, 0xfe2c, 0xfe2c, 0xfe2c, 0xfe2c, 0xfe2c, 0xfe2c, 0xfe2c, 0xfe2c, 0xfe2c,
0xfe2c, 0xfe2c, 0xfe2c, 0xfe2c, 0xfe2c, 0xfe2c, 0xfe2c, 0xfe2c, 0xfe2c, 0xfe2c,
0xfe2c, 0xfe2c, 0xfe2c, 0xfe2c, 0xfe2c, 0xfe2c, 0xfe2c, 0xfe2c, 0xfe2c, 0xfe2c,
0xfe2c, 0xfe2c, 0xfe2c, 0xfe2c, 0xfe2c, 0xfe2c, 0xfe2c, 0xfe2c, 0xfe2c, 0xfe2c,
0xfe2c, 0xfe2c, 0xfe2c, 0xfe2c, 0xfe2c, 0xfe2c, 0xed6a, 0xed6a, 0xfe2c, 0xfe2c,
0xfe2c, 0xdcac, 0xfe2c, 0xfe2c, 0xfe2c, 0xfe2c, 0xfe2c, 0xfe2c, 0xfe2c, 0xfe2c,
0xfe2c, 0xfe2c, 0xfe2c, 0xfe2c, 0xfe2c, 0xfe2c, 0xfe2c, 0xfe2c, 0x6b8f, 0x6b8f,
0x6b8f, 0x6b8f, 0x6b8f, 0x6b8f, 0x6b8f, 0x6b8f, 0x6b8f, 0x6b8f, 0x6b8f, 0x6b8f,
0x6b8f, 0x6b8f, 0x6b8f, 0x6b8f, 0x6b8f, 0x6b8f, 0x6b8f, 0x6b8f, 0x6b8f, 0x6b8f,
0x6b8f, 0x6b8f, 0x6b8f, 0x6b8f, 0x6b8f, 0x6b8f, 0x6b8f, 0x6b8f, 0x6b8f, 0x6b8f,

0x0000, 0x0000, 0x0000, 0x0000, 0x0000, 0x0000, 0x0000, 0x0000, 0x0000, 0x0000,
0x0000, 0x0000, 0x0000, 0x0000, 0x0000, 0x0000, 0xedf0, 0xd44d, 0x694a, 0x924b,
0x694a, 0xa534, 0xa534, 0xa534, 0xa534, 0xa534, 0xa534, 0x6b8f, 0x6b8f, 0x0845,
0x0845, 0x0845, 0xfe2c, 0xfe2c, 0xfe2c, 0xfe2c, 0xfe2c, 0xfe2c, 0xfe2c, 0xfe2c,
0xfe2c, 0xfe2c, 0xfe2c, 0xfe2c, 0xfe2c, 0xfe2c, 0xfe2c, 0xfe2c, 0xfe2c, 0xfe2c,
0xfe2c, 0xfe2c, 0xfe2c, 0xfe2c, 0xfe2c, 0xfe2c, 0xfe2c, 0xfe2c, 0xfe2c, 0xfe2c,
0xfe2c, 0xfe2c, 0xfe2c, 0xfe2c, 0xfe2c, 0xfe2c, 0xfe2c, 0xfe2c, 0xfe2c, 0xfe2c,
0xfe2c, 0xfe2c, 0xfe2c, 0xfe2c, 0xfe2c, 0xfe2c, 0xfe2c, 0xfe2c, 0xfe2c, 0xfe2c,
0xed6a, 0xfe2c, 0xed6a, 0xed6a, 0xed6a, 0xed6a, 0xfe2c, 0xed6a, 0xed6a, 0xed6a,
0xed6a, 0xed6a, 0xed6a, 0xed6a, 0xed6a, 0xed6a, 0xed6a, 0xfe2c, 0xed6a, 0xed6a,
0xed6a, 0xed6a, 0xfe2c, 0xed6a, 0xfe2c, 0xfe2c, 0xfe2c, 0xfe2c, 0xfe2c, 0xfe2c,
0xfe2c, 0xfe2c, 0xed6a, 0xed6a, 0xfe2c, 0xed6a, 0xed6a, 0xed6a, 0xed6a, 0xed6a,
0xed6a, 0xfe2c, 0xed6a, 0xed6a, 0xed6a, 0xed6a, 0xfe2c, 0xed6a, 0xed6a, 0xed6a,
0xfe2c, 0xed6a, 0xed6a, 0xed6a, 0xed6a, 0xed6a, 0xed6a, 0xfe2c, 0xed6a, 0xed6a,
0xed6a, 0xed6a, 0xfe2c, 0xed6a, 0xfe2c, 0xfe2c, 0xfe2c, 0xfe2c, 0xfe2c, 0xfe2c,
0xfe2c, 0xfe2c, 0xfe2c, 0xfe2c, 0xfe2c, 0xfe2c, 0xfe2c, 0xfe2c, 0xfe2c, 0xfe2c,
0xed6a, 0xed6a, 0xfe2c, 0xed6a, 0xed6a, 0xed6a, 0xed6a, 0xed6a, 0xed6a, 0xfe2c,
0xed6a, 0xed6a, 0xed6a, 0xed6a, 0xfe2c, 0xed6a, 0xed6a, 0xed6a, 0xdcac, 0xdcac,
0xdcac, 0xdcac, 0xdcac, 0xdcac, 0xdcac, 0xdcac, 0xdcac, 0xdcac, 0xdcac, 0xdcac,
0xdcac, 0xdcac, 0xed6a, 0xed6a, 0xed6a, 0xed6a, 0xed6a, 0xed6a, 0xed6a, 0xed6a,
0xdcac, 0xdcac, 0xdcac, 0xdcac, 0xdcac, 0xdcac, 0xed6a, 0xed6a, 0x0845, 0x0845,
0x0845, 0xdef9, 0xce37, 0xce37, 0xce37, 0xa534, 0xa534, 0xa534, 0xa534, 0xa534,
0xef3b, 0xce37, 0xce37, 0xce37, 0xdef9, 0xdef9, 0xdef9, 0xdef9, 0xef3b, 0xdef9,
0xce37, 0xa534, 0x924b, 0xd44d, 0xd44d, 0xd44d, 0xd44d, 0xd44d, 0xfef4, 0xfef4,

0x0845, 0x0845, 0x0845, 0x0845, 0x0845, 0x0845, 0x0845, 0x0845, 0x0845, 0x0845,
0x0845, 0x0845, 0x0845, 0x0845, 0x0845, 0x0845, 0xedf0, 0xd44d, 0x694a, 0x924b,
0x924b, 0x694a, 0x694a, 0xa534, 0xa534, 0x694a, 0x924b, 0x924b, 0x694a, 0x0845,
0x0845, 0x0845, 0x7a43, 0x7a43, 0x7a43, 0x7a43, 0x7a43, 0x7a43, 0x7a43, 0x7a43,
0x7a43, 0x7a43, 0x7a43, 0x7a43, 0x7a43, 0x7a43, 0x7a43, 0xdcac, 0xed6a, 0xed6a,
0xed6a, 0xed6a, 0xed6a, 0xed6a, 0xfe2c, 0xfe2c, 0xfe2c, 0xfe2c, 0xfe2c, 0xfe2c,
0xfe2c, 0xfe2c, 0xfe2c, 0xfe2c, 0xfe2c, 0xfe2c, 0xfe2c, 0xfe2c, 0xfe2c, 0xfe2c,
0xfe2c, 0xfe2c, 0xfe2c, 0xfe2c, 0xfe2c, 0xfe2c, 0xfe2c, 0xfe2c, 0xfe2c, 0xfe2c,
0xfe2c, 0xfe2c, 0xfe2c, 0xfe2c, 0xfe2c, 0xfe2c, 0xfe2c, 0xfe2c, 0xfe2c, 0xfe2c,
0xfe2c, 0xfe2c, 0xfe2c, 0xfe2c, 0xfe2c, 0xfe2c, 0xfe2c, 0xfe2c, 0xfe2c, 0xfe2c,
0xfe2c, 0xfe2c, 0xfe2c, 0xfe2c, 0xfe2c, 0xfe2c, 0xfe2c, 0xfe2c, 0xfe2c, 0xfe2c,
0xfe2c, 0xfe2c, 0xfe2c, 0xfe2c, 0xfe2c, 0xfe2c, 0xfe2c, 0xfe2c, 0xfe2c, 0xfe2c,
0xfe2c, 0xfe2c, 0xfe2c, 0xfe2c, 0xfe2c, 0xfe2c, 0xfe2c, 0xfe2c, 0xfe2c, 0xfe2c,
0xfe2c, 0xfe2c, 0xfe2c, 0xfe2c, 0xfe2c, 0xfe2c, 0xfe2c, 0xfe2c, 0xfe2c, 0xfe2c,
0xfe2c, 0xfe2c, 0xfe2c, 0xfe2c, 0xfe2c, 0xfe2c, 0xfe2c, 0xfe2c, 0xfe2c, 0xfe2c,
0xfe2c, 0xfe2c, 0xfe2c, 0xfe2c, 0xfe2c, 0xfe2c, 0xfe2c, 0xfe2c, 0xfe2c, 0xfe2c,
0xfe2c, 0xfe2c, 0xfe2c, 0xfe2c, 0xfe2c, 0xfe2c, 0xfe2c, 0xfe2c, 0xfe2c, 0xfe2c,
0xfe2c, 0xfe2c, 0xfe2c, 0xfe2c, 0xfe2c, 0xfe2c, 0xfe2c, 0xfe2c, 0xfe2c, 0xfe2c,
0xfe2c, 0xfe2c, 0xfe2c, 0xfe2c, 0xfe2c, 0xfe2c, 0xfe2c, 0xfe2c, 0xfe2c, 0xfe2c,
0xfe2c, 0xfe2c, 0xfe2c, 0xfe2c, 0xfe2c, 0xfe2c, 0xfe2c, 0xfe2c, 0xfe2c, 0xfe2c,
0xfe2c, 0xfe2c, 0xfe2c, 0xfe2c, 0xfe2c, 0xfe2c, 0xfe2c, 0xfe2c, 0x6b8f, 0x6b8f,
0x6b8f, 0x6b8f, 0x6b8f, 0x6b8f, 0x6b8f, 0x6b8f, 0x6b8f, 0x6b8f, 0x6b8f, 0x6b8f,
0x6b8f, 0x6b8f, 0x6b8f, 0x6b8f, 0x6b8f, 0x6b8f, 0x6b8f, 0x6b8f, 0x6b8f, 0x6b8f,
0x6b8f, 0x6b8f, 0x6b8f, 0x6b8f, 0x6b8f, 0x6b8f, 0x6b8f, 0x6b8f, 0x6b8f, 0x6b8f,

0x0845, 0x0845, 0x0845, 0x0845, 0x0845, 0x0845, 0x0845, 0x0845, 0x0845, 0x0845,
0x0845, 0x0845, 0x0845, 0x0845, 0x0845, 0x0845, 0xedf0, 0xd44d, 0x694a, 0x924b,
0xbb4b, 0xbb4b, 0x924b, 0x694a, 0x694a, 0x694a, 0xd44d, 0xd44d, 0xd44d, 0x694a,
0x0845, 0x0845, 0xabc8, 0xabc8, 0xabc8, 0xabc8, 0x7a43, 0xabc8, 0xdcac, 0xabc8,
0xabc8, 0xabc8, 0xabc8, 0xabc8, 0xabc8, 0xabc8, 0xdcac, 0x7a43, 0xed6a, 0xed6a,
0xfe2c, 0xfe2c, 0xfe2c, 0xfe2c, 0xfe2c, 0xfe2c, 0xfe2c, 0xfe2c, 0xfe2c, 0xfe2c,
0xfe2c, 0xfe2c, 0xfe2c, 0xfe2c, 0xfe2c, 0xfe2c, 0xfe2c, 0xfe2c, 0xfe2c, 0xfe2c,
0xfe2c, 0xfe2c, 0xfe2c, 0xfe2c, 0xfe2c, 0xfe2c, 0xfe2c, 0xfe2c, 0xfe2c, 0xfe2c,
0xfe2c, 0xfe2c, 0xfe2c, 0xfe2c, 0xfe2c, 0xfe2c, 0xfe2c, 0xfe2c, 0xfe2c, 0xfe2c,
0xfe2c, 0xfe2c, 0xfe2c, 0xfe2c, 0xfe2c, 0xfe2c, 0xfe2c, 0xfe2c, 0xfe2c, 0xfe2c,
0xfe2c, 0xfe2c, 0xfe2c, 0xfe2c, 0xfe2c, 0xfe2c, 0xfe2c, 0xfe2c, 0xfe2c, 0xfe2c,
0xfe2c, 0xfe2c, 0xfe2c, 0xfe2c, 0xfe2c, 0xfe2c, 0xfe2c, 0xfe2c, 0xfe2c, 0xfe2c,
0xfe2c, 0xfe2c, 0xfe2c, 0xfe2c, 0xfe2c, 0xfe2c, 0xfe2c, 0xfe2c, 0xfe2c, 0xfe2c,
0xfe2c, 0xfe2c, 0xfe2c, 0xfe2c, 0xfe2c, 0xfe2c, 0xfe2c, 0xfe2c, 0xfe2c, 0xfe2c,
0xfe2c, 0xfe2c, 0xfe2c, 0xfe2c, 0xfe2c, 0xfe2c, 0xfe2c, 0xfe2c, 0xfe2c, 0xfe2c,
0xfe2c, 0xfe2c, 0xfe2c, 0xfe2c, 0xfe2c, 0xfe2c, 0xfe2c, 0xfe2c, 0xfe2c, 0xfe2c,
0xfe2c, 0xfe2c, 0xfe2c, 0xfe2c, 0xfe2c, 0xfe2c, 0xfe2c, 0xfe2c, 0xfe2c, 0xfe2c,
0xfe2c, 0xfe2c, 0xfe2c, 0xfe2c, 0xfe2c, 0xfe2c, 0xfe2c, 0xfe2c, 0xfe2c, 0xfe2c,
0xfe2c, 0xfe2c, 0xfe2c, 0xfe2c, 0xfe2c, 0xfe2c, 0xfe2c, 0xfe2c, 0xfe2c, 0xfe2c,
0xfe2c, 0xfe2c, 0xfe2c, 0xfe2c, 0xfe2c, 0xfe2c, 0xfe2c, 0xfe2c, 0xfe2c, 0xfe2c,
0xfe2c, 0xfe2c, 0xfe2c, 0xfe2c, 0xfe2c, 0xfe2c, 0xfe2c, 0xfe2c, 0x424c, 0x0845,
0x0845, 0xdef9, 0xce37, 0xce37, 0xce37, 0xa534, 0xa534, 0xa534, 0xa534, 0xa534,
0xef3b, 0xce37, 0xce37, 0xce37, 0xdef9, 0xdef9, 0xdef9, 0xdef9, 0xdef9, 0xdef9,
0xce37, 0xa534, 0x924b, 0xd44d, 0xd44d, 0xd44d, 0xd44d, 0xd44d, 0xfef4, 0xfef4,

0x0845, 0x0845, 0x0845, 0x0845, 0x0845, 0x0845, 0x0845, 0x0845, 0x0845, 0x0845,
0x0845, 0x0845, 0x0845, 0x0845, 0x0845, 0x0845, 0xedf0, 0xd44d, 0x694a, 0x924b,
0xbb4b, 0xbb4b, 0xbb4b, 0x924b, 0x924b, 0x694a, 0x694a, 0x694a, 0xd44d, 0x694a,
0x694a, 0x0845, 0xed6a, 0xed6a, 0xed6a, 0xed6a, 0xabc8, 0xed6a, 0xed6a, 0xed6a,
0xed6a, 0xed6a, 0xed6a, 0xed6a, 0xed6a, 0xed6a, 0xabc8, 0x7a43, 0xed6a, 0xed6a,
0xed6a, 0xed6a, 0xfe2c, 0xfe2c, 0xfe2c, 0xfe2c, 0xfe2c, 0xfe2c, 0xfe2c, 0xfe2c,
0xfe2c, 0xfe2c, 0xfe2c, 0xfe2c, 0xfe2c, 0xfe2c, 0xfe2c, 0xfe2c, 0xfe2c, 0xfe2c,
0xfe2c, 0xfe2c, 0xfe2c, 0xfe2c, 0xfe2c, 0xfe2c, 0xfe2c, 0xfe2c, 0xfe2c, 0xfe2c,
0xfe2c, 0xfe2c, 0xfe2c, 0xfe2c, 0xfe2c, 0xfe2c, 0xfe2c, 0xfe2c, 0xfe2c, 0xfe2c,
0xfe2c, 0xfe2c, 0xfe2c, 0xfe2c, 0xfe2c, 0xfe2c, 0xfe2c, 0xfe2c, 0xfe2c, 0xfe2c,
0xfe2c, 0xfe2c, 0xfe2c, 0xfe2c, 0xfe2c, 0xfe2c, 0xfe2c, 0xfe2c, 0xfe2c, 0xfe2c,
0xfe2c, 0xfe2c, 0xfe2c, 0xfe2c, 0xfe2c, 0xfe2c, 0xfe2c, 0xfe2c, 0xfe2c, 0xfe2c,
0xfe2c, 0xfe2c, 0xfe2c, 0xfe2c, 0xfe2c, 0xfe2c, 0xfe2c, 0xfe2c, 0xfe2c, 0xfe2c,
0xfe2c, 0xfe2c, 0xfe2c, 0xfe2c, 0xfe2c, 0xfe2c, 0xfe2c, 0xfe2c, 0xfe2c, 0xfe2c,
0xfe2c, 0xfe2c, 0xfe2c, 0xfe2c, 0xfe2c, 0xfe2c, 0xfe2c, 0xfe2c, 0xfe2c, 0xfe2c,
0xfe2c, 0xfe2c, 0xfe2c, 0xfe2c, 0xfe2c, 0xfe2c, 0xfe2c, 0xfe2c, 0xfe2c, 0xfe2c,
0xfe2c, 0xfe2c, 0xfe2c, 0xfe2c, 0xfe2c, 0xfe2c, 0xfe2c, 0xfe2c, 0xfe2c, 0xfe2c,
0xfe2c, 0xfe2c, 0xfe2c, 0xfe2c, 0xfe2c, 0xfe2c, 0xfe2c, 0xfe2c, 0xfe2c, 0xfe2c,
0xfe2c, 0xfe2c, 0xfe2c, 0xfe2c, 0xfe2c, 0xfe2c, 0xfe2c, 0xfe2c, 0xfe2c, 0xfe2c,
0xfe2c, 0xfe2c, 0xfe2c, 0xfe2c, 0xfe2c, 0xfe2c, 0xfe2c, 0xfe2c, 0xfe2c, 0xfe2c,
0xfe2c, 0xfe2c, 0xfe2c, 0xfe2c, 0xfe2c, 0xfe2c, 0xfe2c, 0xfe2c, 0x6b8f, 0x6b8f,
0x6b8f, 0x6b8f, 0x6b8f, 0x6b8f, 0x6b8f, 0x6b8f, 0x6b8f, 0x6b8f, 0x6b8f, 0x6b8f,
0x6b8f, 0x6b8f, 0x6b8f, 0x6b8f, 0x6b8f, 0x6b8f, 0x6b8f, 0x6b8f, 0x6b8f, 0x6b8f,
0x6b8f, 0x6b8f, 0x6b8f, 0x6b8f, 0x6b8f, 0x6b8f, 0x6b8f, 0x6b8f, 0x6b8f, 0x6b8f,

0x0845, 0x0845, 0x0845, 0x0845, 0x0845, 0x0845, 0x0845, 0x0845, 0x0845, 0x0845,
0x0845, 0x0845, 0x0845, 0x0845, 0x0845, 0x0845, 0xbb4b, 0xd44d, 0x694a, 0x924b,
0xbb4b, 0xbb4b, 0xbb4b, 0x924b, 0x924b, 0x924b, 0x694a, 0x694a, 0xd44d, 0x694a,
0x694a, 0x0845, 0xdcac, 0xdcac, 0xdcac, 0xed6a, 0xabc8, 0xed6a, 0xdcac, 0xdcac,
0xdcac, 0xdcac, 0xdcac, 0xdcac, 0xdcac, 0xed6a, 0xabc8, 0x7a43, 0xed6a, 0xed6a,
0xed6a, 0xed6a, 0xfe2c, 0xfe2c, 0xfe2c, 0xfe2c, 0xfe2c, 0xfe2c, 0xfe2c, 0xfe2c,
0xfe2c, 0xfe2c, 0xfe2c, 0xfe2c, 0xfe2c, 0xfe2c, 0xfe2c, 0xfe2c, 0xfe2c, 0xfe2c,
0xfe2c, 0xfe2c, 0xfe2c, 0xfe2c, 0xfe2c, 0xfe2c, 0xfe2c, 0xfe2c, 0xfe2c, 0xfe2c,
0xfe2c, 0xfe2c, 0xfe2c, 0xfe2c, 0xfe2c, 0xfe2c, 0xfe2c, 0xfe2c, 0xfe2c, 0xfe2c,
0xfe2c, 0xfe2c, 0xfe2c, 0xfe2c, 0xfe2c, 0xfe2c, 0xfe2c, 0xfe2c, 0xfe2c, 0xfe2c,
0xfe2c, 0xfe2c, 0xfe2c, 0xfe2c, 0xfe2c, 0xfe2c, 0xfe2c, 0xfe2c, 0xfe2c, 0xfe2c,
0xfe2c, 0xfe2c, 0xfe2c, 0xfe2c, 0xfe2c, 0xfe2c, 0xfe2c, 0xfe2c, 0xfe2c, 0xfe2c,
0xfe2c, 0xfe2c, 0xfe2c, 0xfe2c, 0xfe2c, 0xfe2c, 0xfe2c, 0xfe2c, 0xfe2c, 0xfe2c,
0xfe2c, 0xfe2c, 0xfe2c, 0xfe2c, 0xfe2c, 0xfe2c, 0xfe2c, 0xfe2c, 0xfe2c, 0xfe2c,
0xfe2c, 0xfe2c, 0xfe2c, 0xfe2c, 0xfe2c, 0xfe2c, 0xfe2c, 0xfe2c, 0xfe2c, 0xfe2c,
0xfe2c, 0xfe2c, 0xfe2c, 0xfe2c, 0xfe2c, 0xfe2c, 0xfe2c, 0xfe2c, 0xfe2c, 0xfe2c,
0xfe2c, 0xfe2c, 0xfe2c, 0xfe2c, 0xfe2c, 0xfe2c, 0xfe2c, 0xfe2c, 0xfe2c, 0xfe2c,
0xfe2c, 0xfe2c, 0xfe2c, 0xfe2c, 0xfe2c, 0xfe2c, 0xfe2c, 0xfe2c, 0xfe2c, 0xfe2c,
0xfe2c, 0xfe2c, 0xfe2c, 0xfe2c, 0xfe2c, 0xfe2c, 0xfe2c, 0xfe2c, 0xfe2c, 0xfe2c,
0xfe2c, 0xfe2c, 0xfe2c, 0xfe2c, 0xfe2c, 0xfe2c, 0xfe2c, 0xfe2c, 0xfe2c, 0xfe2c,
0xfe2c, 0xfe2c, 0xfe2c, 0xfe2c, 0xfe2c, 0xfe2c, 0xfe2c, 0xfe2c, 0x0845, 0x0845,
0x6b8f, 0xa534, 0xce37, 0xdef9, 0xce37, 0xa534, 0xa534, 0xa534, 0xa534, 0xa534,
0xef3b, 0xce37, 0xce37, 0xdef9, 0xdef9, 0xdef9, 0xdef9, 0xdef9, 0xdef9, 0xdef9,
0xce37, 0xa534, 0x924b, 0xd44d, 0xd44d, 0xd44d, 0xd44d, 0xd44d, 0xfef4, 0xfef4,

0x0845, 0x0845, 0x0845, 0x0845, 0x0845, 0x0845, 0x0845, 0x0845, 0x0845, 0x0845,
0x0845, 0x0845, 0x0845, 0x0845, 0x0845, 0x0845, 0xbb4b, 0xd44d, 0x694a, 0x694a,
0x694a, 0x694a, 0x924b, 0x924b, 0x924b, 0x924b, 0x694a, 0x694a, 0xbb4b, 0x694a,
0x694a, 0x0845, 0xdcac, 0xdcac, 0xdcac, 0xed6a, 0xabc8, 0xed6a, 0xabc8, 0xdcac,
0xdcac, 0xdcac, 0xdcac, 0xdcac, 0xabc8, 0xed6a, 0xabc8, 0x7a43, 0xed6a, 0xed6a,
0xfe2c, 0xfe2c, 0xfe2c, 0xfe2c, 0xfe2c, 0xfe2c, 0xfe2c, 0xfe2c, 0xfe2c, 0xfe2c,
0xfe2c, 0xfe2c, 0xfe2c, 0xfe2c, 0xfe2c, 0xfe2c, 0xfe2c, 0xfe2c, 0xfe2c, 0xfe2c,
0xfe2c, 0xfe2c, 0xfe2c, 0xfe2c, 0xfe2c, 0xfe2c, 0xfe2c, 0xfe2c, 0xfe2c, 0xfe2c,
0xfe2c, 0xfe2c, 0xfe2c, 0xfe2c, 0xfe2c, 0xfe2c, 0xfe2c, 0xfe2c, 0xfe2c, 0xfe2c,
0xfe2c, 0xfe2c, 0xfe2c, 0xfe2c, 0xfe2c, 0xfe2c, 0xfe2c, 0xfe2c, 0xfe2c, 0xfe2c,
0xfe2c, 0xfe2c, 0xfe2c, 0xfe2c, 0xfe2c, 0xfe2c, 0xfe2c, 0xfe2c, 0xfe2c, 0xfe2c,
0xfe2c, 0xfe2c, 0xfe2c, 0xfe2c, 0xfe2c, 0xfe2c, 0xfe2c, 0xfe2c, 0xfe2c, 0xfe2c,
0xfe2c, 0xfe2c, 0xfe2c, 0xfe2c, 0xfe2c, 0xfe2c, 0xfe2c, 0xfe2c, 0xfe2c, 0xfe2c,
0xfe2c, 0xfe2c, 0xfe2c, 0xfe2c, 0xfe2c, 0xfe2c, 0xfe2c, 0xfe2c, 0xfe2c, 0xfe2c,
0xfe2c, 0xfe2c, 0xfe2c, 0xfe2c, 0xfe2c, 0xfe2c, 0xfe2c, 0xfe2c, 0xfe2c, 0xfe2c,
0xfe2c, 0xfe2c, 0xfe2c, 0xfe2c, 0xfe2c, 0xfe2c, 0xfe2c, 0xfe2c, 0xfe2c, 0xfe2c,
0xfe2c, 0xfe2c, 0xfe2c, 0xfe2c, 0xfe2c, 0xfe2c, 0xfe2c, 0xfe2c, 0xfe2c, 0xfe2c,
0xfe2c, 0xfe2c, 0xfe2c, 0xfe2c, 0xfe2c, 0xfe2c, 0xfe2c, 0xfe2c, 0xfe2c, 0xfe2c,
0xfe2c, 0xfe2c, 0xfe2c, 0xfe2c, 0xfe2c, 0xfe2c, 0xfe2c, 0xfe2c, 0xfe2c, 0xfe2c,
0xfe2c, 0xfe2c, 0xfe2c, 0xfe2c, 0xfe2c, 0xfe2c, 0xfe2c, 0xfe2c, 0xfe2c, 0xfe2c,
0xfe2c, 0xfe2c, 0xfe2c, 0xfe2c, 0xfe2c, 0xfe2c, 0xfe2c, 0xfe2c, 0x6b8f, 0x6b8f,
0x6b8f, 0x6b8f, 0x6b8f, 0x6b8f, 0x6b8f, 0x6b8f, 0x6b8f, 0x6b8f, 0x6b8f, 0x6b8f,
0x6b8f, 0x6b8f, 0x6b8f, 0x6b8f, 0x6b8f, 0x6b8f, 0x6b8f, 0x6b8f, 0x6b8f, 0x6b8f,
0x6b8f, 0x6b8f, 0x6b8f, 0x6b8f, 0x6b8f, 0x6b8f, 0x6b8f, 0x6b8f, 0x6b8f, 0x6b8f,

0x0845, 0x0845, 0x0845, 0x0845, 0x0845, 0x0845, 0x0845, 0x0845, 0x0845, 0x0845,
0x0845, 0x0845, 0x0845, 0x0845, 0x0845, 0x0845, 0xd44d, 0xbb4b, 0x694a, 0x694a,
0x694a, 0x694a, 0x694a, 0x694a, 0x924b, 0x924b, 0x694a, 0x694a, 0xd44d, 0x694a,
0x694a, 0x0845, 0xdcac, 0xdcac, 0xdcac, 0xed6a, 0xabc8, 0xed6a, 0xdcac, 0xdcac,
0xdcac, 0xdcac, 0xdcac, 0xdcac, 0xdcac, 0xed6a, 0xabc8, 0x7a43, 0xed6a, 0xed6a,
0xed6a, 0xed6a, 0xed6a, 0xed6a, 0xfe2c, 0xfe2c, 0xfe2c, 0xfe2c, 0xfe2c, 0xfe2c,
0xfe2c, 0xfe2c, 0xfe2c, 0xfe2c, 0xfe2c, 0xfe2c, 0xfe2c, 0xfe2c, 0xfe2c, 0xfe2c,
0xfe2c, 0xfe2c, 0xfe2c, 0xfe2c, 0xfe2c, 0xfe2c, 0xfe2c, 0xfe2c, 0xfe2c, 0xfe2c,
0xfe2c, 0xfe2c, 0xfe2c, 0xfe2c, 0xfe2c, 0xfe2c, 0xfe2c, 0xfe2c, 0xfe2c, 0xfe2c,
0xfe2c, 0xfe2c, 0xfe2c, 0xfe2c, 0xfe2c, 0xfe2c, 0xfe2c, 0xfe2c, 0xfe2c, 0xfe2c,
0xfe2c, 0xfe2c, 0xfe2c, 0xfe2c, 0xfe2c, 0xfe2c, 0xfe2c, 0xfe2c, 0xfe2c, 0xfe2c,
0xfe2c, 0xfe2c, 0xfe2c, 0xfe2c, 0xfe2c, 0xfe2c, 0xfe2c, 0xfe2c, 0xfe2c, 0xfe2c,
0xfe2c, 0xfe2c, 0xfe2c, 0xfe2c, 0xfe2c, 0xfe2c, 0xfe2c, 0xfe2c, 0xfe2c, 0xfe2c,
0xfe2c, 0xfe2c, 0xfe2c, 0xfe2c, 0xfe2c, 0xfe2c, 0xfe2c, 0xfe2c, 0xfe2c, 0xfe2c,
0xfe2c, 0xfe2c, 0xfe2c, 0xfe2c, 0xfe2c, 0xfe2c, 0xfe2c, 0xfe2c, 0xfe2c, 0xfe2c,
0xfe2c, 0xfe2c, 0xfe2c, 0xfe2c, 0xfe2c, 0xfe2c, 0xfe2c, 0xfe2c, 0xfe2c, 0xfe2c,
0xfe2c, 0xfe2c, 0xfe2c, 0xfe2c, 0xfe2c, 0xfe2c, 0xfe2c, 0xfe2c, 0xfe2c, 0xfe2c,
0xfe2c, 0xfe2c, 0xfe2c, 0xfe2c, 0xfe2c, 0xfe2c, 0xfe2c, 0xfe2c, 0xfe2c, 0xfe2c,
0xfe2c, 0xfe2c, 0xfe2c, 0xfe2c, 0xfe2c, 0xfe2c, 0xfe2c, 0xfe2c, 0xfe2c, 0xfe2c,
0xfe2c, 0xfe2c, 0xfe2c, 0xfe2c, 0xfe2c, 0xfe2c, 0xfe2c, 0xfe2c, 0xfe2c, 0xfe2c,
0xfe2c, 0xfe2c, 0xfe2c, 0xfe2c, 0xfe2c, 0xfe2c, 0xfe2c, 0xfe2c, 0x0845, 0x0845,
0x6b8f, 0x6b8f, 0x6b8f, 0x6b8f, 0xdef9, 0xce37, 0xa534, 0xa534, 0xa534, 0xdef9,
0xce37, 0xce37, 0xce37, 0xdef9, 0xdef9, 0xdef9, 0xdef9, 0xdef9, 0xdef9, 0xdef9,
0xce37, 0xa534, 0x924b, 0xd44d, 0xd44d, 0xd44d, 0xd44d, 0xd44d, 0xfef4, 0xfef4,

0x0845, 0x0845, 0x0845, 0x0845, 0x0845, 0x0845, 0x0845, 0x0845, 0x0845, 0x0845,
0x0845, 0x0845, 0x0845, 0x0845, 0x0845, 0x0845, 0xbb4b, 0x924b, 0x694a, 0x694a,
0x694a, 0x694a, 0x694a, 0x694a, 0x694a, 0x694a, 0x694a, 0xbb4b, 0xd44d, 0x694a,
0x694a, 0x0845, 0xdcac, 0xdcac, 0xdcac, 0xed6a, 0xabc8, 0xed6a, 0xdcac, 0xdcac,
0xdcac, 0xdcac, 0xdcac, 0xdcac, 0xdcac, 0xed6a, 0xabc8, 0x7a43, 0xfe2c, 0xfe2c,
0xfe2c, 0xfe2c, 0xfe2c, 0xfe2c, 0xfe2c, 0xfe2c, 0xfe2c, 0xfe2c, 0xfe2c, 0xfe2c,
0xfe2c, 0xfe2c, 0xfe2c, 0xfe2c, 0xfe2c, 0xfe2c, 0xfe2c, 0xfe2c, 0xfe2c, 0xfe2c,
0xfe2c, 0xfe2c, 0xfe2c, 0xfe2c, 0xfe2c, 0xfe2c, 0xfe2c, 0xfe2c, 0xfe2c, 0xfe2c,
0xfe2c, 0xfe2c, 0xfe2c, 0xfe2c, 0xfe2c, 0xfe2c, 0xfe2c, 0xfe2c, 0xfe2c, 0xfe2c,
0xfe2c, 0xfe2c, 0xfe2c, 0xfe2c, 0xfe2c, 0xfe2c, 0xfe2c, 0xfe2c, 0xfe2c, 0xfe2c,
0xfe2c, 0xfe2c, 0xfe2c, 0xfe2c, 0xfe2c, 0xfe2c, 0xfe2c, 0xfe2c, 0xfe2c, 0xfe2c,
0xfe2c, 0xfe2c, 0xfe2c, 0xfe2c, 0xfe2c, 0xfe2c, 0xfe2c, 0xfe2c, 0xfe2c, 0xfe2c,
0xfe2c, 0xfe2c, 0xfe2c, 0xfe2c, 0xfe2c, 0xfe2c, 0xfe2c, 0xfe2c, 0xfe2c, 0xfe2c,
0xfe2c, 0xfe2c, 0xfe2c, 0xfe2c, 0xfe2c, 0xfe2c, 0xfe2c, 0xfe2c, 0xfe2c, 0xfe2c,
0xfe2c, 0xfe2c, 0xfe2c, 0xfe2c, 0xfe2c, 0xfe2c, 0xfe2c, 0xfe2c, 0xfe2c, 0xfe2c,
0xfe2c, 0xfe2c, 0xfe2c, 0xfe2c, 0xfe2c, 0xfe2c, 0xfe2c, 0xfe2c, 0xfe2c, 0xfe2c,
0xfe2c, 0xfe2c, 0xfe2c, 0xfe2c, 0xfe2c, 0xfe2c, 0xfe2c, 0xfe2c, 0xfe2c, 0xfe2c,
0xfe2c, 0xfe2c, 0xfe2c, 0xfe2c, 0xfe2c, 0xfe2c, 0xfe2c, 0xfe2c, 0xfe2c, 0xfe2c,
0xfe2c, 0xfe2c, 0xfe2c, 0xfe2c, 0xfe2c, 0xfe2c, 0xfe2c, 0xfe2c, 0xfe2c, 0xfe2c,
0xfe2c, 0xfe2c, 0xfe2c, 0xfe2c, 0xfe2c, 0xfe2c, 0xfe2c, 0xfe2c, 0xfe2c, 0xfe2c,
0xfe2c, 0xfe2c, 0xfe2c, 0xfe2c, 0xfe2c, 0xfe2c, 0xfe2c, 0xfe2c, 0x6b8f, 0x6b8f,
0x6b8f, 0x6b8f, 0x6b8f, 0x6b8f, 0x6b8f, 0x6b8f, 0x6b8f, 0x6b8f, 0x6b8f, 0x6b8f,
0x6b8f, 0x6b8f, 0x6b8f, 0x6b8f, 0x6b8f, 0x6b8f, 0x6b8f, 0x6b8f, 0x6b8f, 0x6b8f,
0x6b8f, 0x6b8f, 0x6b8f, 0x6b8f, 0x6b8f, 0x6b8f, 0x6b8f, 0x6b8f, 0x6b8f, 0x6b8f,

0x0845, 0x0845, 0x0845, 0x0845, 0x0845, 0x0845, 0x0845, 0x0845, 0x0845, 0x0845,
0x0845, 0x0845, 0x0845, 0x0845, 0x0845, 0x0845, 0x694a, 0x0845, 0x0845, 0x0845,
0x0845, 0x0845, 0x0845, 0x0845, 0x0845, 0x694a, 0x694a, 0x694a, 0x694a, 0x694a,
0x0845, 0x0845, 0xabc8, 0xabc8, 0xabc8, 0xabc8, 0xabc8, 0xabc8, 0xabc8, 0xabc8,
0xabc8, 0xdcac, 0xdcac, 0xdcac, 0xdcac, 0xed6a, 0xabc8, 0x7a43, 0xdcac, 0xdcac,
0xdcac, 0xdcac, 0xdcac, 0xdcac, 0xed6a, 0xed6a, 0xed6a, 0xfe2c, 0xed6a, 0xed6a,
0xed6a, 0xed6a, 0xfe2c, 0xed6a, 0xed6a, 0xfe2c, 0xed6a, 0xed6a, 0xed6a, 0xed6a,
0xfe2c, 0xed6a, 0xfe2c, 0xfe2c, 0xfe2c, 0xfe2c, 0xfe2c, 0xfe2c, 0xfe2c, 0xfe2c,
0xfe2c, 0xfe2c, 0xfe2c, 0xfe2c, 0xfe2c, 0xfe2c, 0xfe2c, 0xfe2c, 0xfe2c, 0xfe2c,
0xfe2c, 0xfe2c, 0xfe2c, 0xfe2c, 0xfe2c, 0xfe2c, 0xfe2c, 0xfe2c, 0xfe2c, 0xfe2c,
0xfe2c, 0xfe2c, 0xfe2c, 0xfe2c, 0xfe2c, 0xfe2c, 0xfe2c, 0xfe2c, 0xfe2c, 0xfe2c,
0xfe2c, 0xfe2c, 0xfe2c, 0xfe2c, 0xfe2c, 0xfe2c, 0xfe2c, 0xfe2c, 0xfe2c, 0xfe2c,
0xfe2c, 0xfe2c, 0xfe2c, 0xfe2c, 0xfe2c, 0xfe2c, 0xfe2c, 0xfe2c, 0xfe2c, 0xfe2c,
0xfe2c, 0xfe2c, 0xfe2c, 0xfe2c, 0xfe2c, 0xfe2c, 0xfe2c, 0xfe2c, 0xfe2c, 0xfe2c,
0xfe2c, 0xfe2c, 0xfe2c, 0xfe2c, 0xfe2c, 0xfe2c, 0xfe2c, 0xfe2c, 0xfe2c, 0xfe2c,
0xfe2c, 0xfe2c, 0xfe2c, 0xfe2c, 0xfe2c, 0xfe2c, 0xfe2c, 0xfe2c, 0xfe2c, 0xfe2c,
0xfe2c, 0xfe2c, 0xfe2c, 0xfe2c, 0xfe2c, 0xfe2c, 0xfe2c, 0xfe2c, 0xfe2c, 0xfe2c,
0xfe2c, 0xfe2c, 0xfe2c, 0xfe2c, 0xfe2c, 0xfe2c, 0xfe2c, 0xfe2c, 0xfe2c, 0xfe2c,
0xfe2c, 0xfe2c, 0xfe2c, 0xfe2c, 0xfe2c, 0xfe2c, 0xfe2c, 0xfe2c, 0xfe2c, 0xfe2c,
0xfe2c, 0xfe2c, 0xfe2c, 0xfe2c, 0xfe2c, 0xfe2c, 0xfe2c, 0xfe2c, 0xfe2c, 0xfe2c,
0xfe2c, 0xfe2c, 0xfe2c, 0xfe2c, 0xfe2c, 0xfe2c, 0xfe2c, 0xfe2c, 0x0845, 0x0845,
0x6b8f, 0x6b8f, 0x6b8f, 0x6b8f, 0xdef9, 0xce37, 0xce37, 0xce37, 0xce37, 0xce37,
0xce37, 0xce37, 0xce37, 0xce37, 0xdef9, 0xdef9, 0xdef9, 0xdef9, 0xdef9, 0xdef9,
0xce37, 0xa534, 0x924b, 0xd44d, 0xd44d, 0xd44d, 0xd44d, 0xd44d, 0xfef4, 0xfef4,

0x0845, 0x0845, 0x0845, 0x0845, 0x0845, 0x0845, 0x0845, 0x0845, 0x0845, 0x0845,
0x0845, 0x0845, 0x0845, 0x0845, 0x0845, 0x0845, 0x0845, 0x0845, 0x0845, 0x0845,
0x0845, 0x0845, 0x0845, 0x0845, 0x0845, 0x0845, 0x0845, 0x0845, 0x7a43, 0x7a43,
0x7a43, 0xed6a, 0xed6a, 0xed6a, 0xed6a, 0xed6a, 0xed6a, 0xed6a, 0xed6a, 0xed6a,
0xabc8, 0xdcac, 0xdcac, 0xdcac, 0xdcac, 0xed6a, 0xabc8, 0x7a43, 0xed6a, 0xed6a,
0xed6a, 0xed6a, 0xed6a, 0xed6a, 0xed6a, 0xed6a, 0xed6a, 0xed6a, 0xed6a, 0xed6a,
0xed6a, 0xed6a, 0xfe2c, 0xfe2c, 0xfe2c, 0xfe2c, 0xfe2c, 0xfe2c, 0xfe2c, 0xfe2c,
0xfe2c, 0xfe2c, 0xfe2c, 0xfe2c, 0xfe2c, 0xfe2c, 0xfe2c, 0xfe2c, 0xfe2c, 0xfe2c,
0xfe2c, 0xfe2c, 0xfe2c, 0xfe2c, 0xfe2c, 0xfe2c, 0xfe2c, 0xfe2c, 0xfe2c, 0xfe2c,
0xfe2c, 0xfe2c, 0xfe2c, 0xfe2c, 0xfe2c, 0xfe2c, 0xfe2c, 0xfe2c, 0xfe2c, 0xfe2c,
0xfe2c, 0xfe2c, 0xfe2c, 0xed6a, 0xfe2c, 0xfe2c, 0xfe2c, 0xfe2c, 0xfe2c, 0xfe2c,
0xfe2c, 0xfe2c, 0xfe2c, 0xfe2c, 0xed6a, 0xed6a, 0xed6a, 0xed6a, 0xed6a, 0xed6a,
0xed6a, 0xed6a, 0xed6a, 0xed6a, 0xed6a, 0xed6a, 0xed6a, 0xdcac, 0xed6a, 0xed6a,
0xed6a, 0xed6a, 0xed6a, 0xed6a, 0xed6a, 0xed6a, 0xed6a, 0xed6a, 0xed6a, 0xed6a,
0xed6a, 0xed6a, 0xed6a, 0xed6a, 0xed6a, 0xed6a, 0xed6a, 0xed6a, 0xed6a, 0xed6a,
0xed6a, 0xed6a, 0xed6a, 0xed6a, 0xed6a, 0xed6a, 0xed6a, 0xed6a, 0xfe2c, 0xfe2c,
0xfe2c, 0x4187, 0x4187, 0x4187, 0x4187, 0x4187, 0x4187, 0x4187, 0x4187, 0x4187,
0x4187, 0x4187, 0x4187, 0x4187, 0x4187, 0xfe2c, 0xfe2c, 0xfe2c, 0xed6a, 0xed6a,
0xed6a, 0xed6a, 0xed6a, 0xed6a, 0xed6a, 0xed6a, 0xed6a, 0xed6a, 0xed6a, 0xed6a,
0xed6a, 0xdcac, 0xed6a, 0xed6a, 0xed6a, 0xed6a, 0xed6a, 0xed6a, 0xed6a, 0xed6a,
0xed6a, 0xed6a, 0xed6a, 0xed6a, 0xed6a, 0xed6a, 0xfe2c, 0xfe2c, 0x6b8f, 0x6b8f,
0x6b8f, 0x6b8f, 0x6b8f, 0x6b8f, 0x6b8f, 0x6b8f, 0xce37, 0xce37, 0xce37, 0xce37,
0xce37, 0xce37, 0xce37, 0xdef9, 0xdef9, 0xdef9, 0xdef9, 0xdef9, 0xdef9, 0xdef9,
0xce37, 0xa534, 0x6b8f, 0x6b8f, 0x6b8f, 0x6b8f, 0x6b8f, 0x6b8f, 0x6b8f, 0x6b8f,

0x0845, 0x0845, 0x0845, 0x0845, 0x0845, 0x0845, 0x0845, 0x0845, 0x0845, 0x0845,
0x0845, 0x0845, 0x0845, 0x0845, 0x0845, 0x0845, 0x0845, 0x0845, 0x0845, 0x0845,
0x0845, 0x0845, 0x0845, 0x0845, 0x0845, 0x7a43, 0x7a43, 0xabc8, 0xabc8, 0xabc8,
0x7a43, 0xdcac, 0xdcac, 0xdcac, 0xdcac, 0xdcac, 0xdcac, 0xdcac, 0xdcac, 0xed6a,
0xabc8, 0xdcac, 0xdcac, 0xdcac, 0xdcac, 0xed6a, 0xabc8, 0x7a43, 0xed6a, 0xed6a,
0xed6a, 0xed6a, 0xed6a, 0xed6a, 0xed6a, 0xed6a, 0xed6a, 0xed6a, 0xfe2c, 0xfe2c,
0xfe2c, 0xfe2c, 0xfe2c, 0xfe2c, 0xfe2c, 0xfe2c, 0xfe2c, 0xfe2c, 0xfe2c, 0xfe2c,
0xfe2c, 0xfe2c, 0xfe2c, 0xfe2c, 0xfe2c, 0xfe2c, 0xfe2c, 0xfe2c, 0xfe2c, 0xfe2c,
0xfe2c, 0xfe2c, 0xfe2c, 0xfe2c, 0xfe2c, 0xfe2c, 0xfe2c, 0xfe2c, 0xfe2c, 0xfe2c,
0xfe2c, 0xfe2c, 0xfe2c, 0xfe2c, 0xfe2c, 0xfe2c, 0xfe2c, 0xfe2c, 0xfe2c, 0xfe2c,
0xfe2c, 0xfe2c, 0xfe2c, 0xed6a, 0xfe2c, 0xfe2c, 0xfe2c, 0xfe2c, 0xfe2c, 0xfe2c,
0xfe2c, 0xfe2c, 0xfe2c, 0xfe2c, 0xfe2c, 0xfe2c, 0xfe2c, 0xfe2c, 0xed6a, 0xed6a,
0xed6a, 0xed6a, 0xed6a, 0xed6a, 0xed6a, 0xed6a, 0xed6a, 0xdcac, 0xed6a, 0xed6a,
0xed6a, 0xed6a, 0xed6a, 0xed6a, 0xed6a, 0xed6a, 0xed6a, 0xed6a, 0xed6a, 0xed6a,
0xed6a, 0xed6a, 0xed6a, 0xed6a, 0xed6a, 0xed6a, 0xed6a, 0xed6a, 0xed6a, 0xed6a,
0xed6a, 0xed6a, 0xed6a, 0xed6a, 0xfe2c, 0xfe2c, 0xfe2c, 0xfe2c, 0xfe2c, 0xfe2c,
0x4187, 0x5a4a, 0xc5f6, 0xc5f6, 0xc5f6, 0xc5f6, 0xc5f6, 0x9cb0, 0xc5f6, 0xc5f6,
0xc5f6, 0xc5f6, 0xc5f6, 0xc5f6, 0x5a4a, 0x4187, 0xfe2c, 0xfe2c, 0xfe2c, 0xfe2c,
0xfe2c, 0xfe2c, 0xed6a, 0xed6a, 0xed6a, 0xed6a, 0xed6a, 0xed6a, 0xed6a, 0xed6a,
0xed6a, 0xdcac, 0xed6a, 0xed6a, 0xed6a, 0xed6a, 0xed6a, 0xed6a, 0xed6a, 0xed6a,
0xed6a, 0xed6a, 0xfe2c, 0xfe2c, 0xfe2c, 0xfe2c, 0xfe2c, 0xfe2c, 0x0845, 0x0845,
0xa534, 0x6b8f, 0x6b8f, 0x6b8f, 0xdef9, 0xce37, 0x6b8f, 0x6b8f, 0x6b8f, 0x6b8f,
0x6b8f, 0x6b8f, 0x6b8f, 0x6b8f, 0x6b8f, 0x6b8f, 0x6b8f, 0x6b8f, 0x6b8f, 0x6b8f,
0x6b8f, 0x6b8f, 0x924b, 0xd44d, 0xd44d, 0xd44d, 0xd44d, 0xd44d, 0xfef4, 0xfef4,

0x0845, 0x0845, 0x0845, 0x0845, 0x0845, 0x0845, 0x0845, 0x0845, 0x0845, 0x0845,
0x0845, 0x0845, 0x0845, 0x0845, 0x0845, 0x0845, 0x0845, 0x0845, 0x0845, 0x0845,
0x0845, 0x0845, 0x0845, 0x0845, 0x7a43, 0x7a43, 0xabc8, 0xabc8, 0xabc8, 0xabc8,
0x7a43, 0xdcac, 0xabc8, 0xdcac, 0xdcac, 0xdcac, 0xdcac, 0xabc8, 0xdcac, 0xed6a,
0xabc8, 0xdcac, 0xdcac, 0xdcac, 0xdcac, 0xed6a, 0xabc8, 0x7a43, 0xed6a, 0xed6a,
0xed6a, 0xed6a, 0xed6a, 0xed6a, 0xed6a, 0xed6a, 0xed6a, 0xed6a, 0xed6a, 0xed6a,
0xfe2c, 0xfe2c, 0xfe2c, 0xfe2c, 0xfe2c, 0xfe2c, 0xfe2c, 0xfe2c, 0xfe2c, 0xfe2c,
0xfe2c, 0xfe2c, 0xfe2c, 0xfe2c, 0xfe2c, 0xfe2c, 0xfe2c, 0xfe2c, 0xfe2c, 0xfe2c,
0xfe2c, 0xfe2c, 0xfe2c, 0xfe2c, 0xfe2c, 0xfe2c, 0xfe2c, 0xfe2c, 0xfe2c, 0xfe2c,
0xfe2c, 0xfe2c, 0xfe2c, 0xfe2c, 0xfe2c, 0xfe2c, 0xfe2c, 0xfe2c, 0xfe2c, 0xfe2c,
0xfe2c, 0xfe2c, 0xfe2c, 0xed6a, 0xfe2c, 0xfe2c, 0xfe2c, 0xfe2c, 0xfe2c, 0xfe2c,
0xfe2c, 0xfe2c, 0xfe2c, 0xfe2c, 0xfe2c, 0xfe2c, 0xed6a, 0xed6a, 0xed6a, 0xed6a,
0xed6a, 0xed6a, 0xed6a, 0xfe2c, 0xfe2c, 0xfe2c, 0xfe2c, 0xdcac, 0xed6a, 0xed6a,
0xed6a, 0xed6a, 0xed6a, 0xed6a, 0xed6a, 0xed6a, 0xdcac, 0xdcac, 0xdcac, 0xdcac,
0xed6a, 0xed6a, 0xed6a, 0xed6a, 0xed6a, 0xed6a, 0xed6a, 0xed6a, 0xed6a, 0xed6a,
0xed6a, 0xed6a, 0xed6a, 0xed6a, 0xed6a, 0xed6a, 0xfe2c, 0xfe2c, 0xfe2c, 0xfe2c,
0x4187, 0xc5f6, 0x9cb0, 0xc5f6, 0xc5f6, 0xc5f6, 0xc5f6, 0xc5f6, 0xc5f6, 0xc5f6,
0xc5f6, 0xc5f6, 0xc5f6, 0x9cb0, 0xc5f6, 0x4187, 0xfe2c, 0xfe2c, 0xfe2c, 0xfe2c,
0xed6a, 0xed6a, 0xed6a, 0xed6a, 0xed6a, 0xed6a, 0xed6a, 0xfe2c, 0xfe2c, 0xfe2c,
0xfe2c, 0xdcac, 0xed6a, 0xed6a, 0xed6a, 0xed6a, 0xed6a, 0xed6a, 0xed6a, 0xed6a,
0xed6a, 0xed6a, 0xed6a, 0xed6a, 0xfe2c, 0xfe2c, 0xfe2c, 0xfe2c, 0x6b8f, 0x6b8f,
0x6b8f, 0x6b8f, 0x6b8f, 0x6b8f, 0x6b8f, 0x6b8f, 0xa534, 0xa534, 0xdef9, 0xce37,
0xce37, 0xce37, 0xdef9, 0xdef9, 0xdef9, 0xdef9, 0xdef9, 0xdef9, 0xdef9, 0xdef9,
0xce37, 0xa534, 0x6b8f, 0x6b8f, 0x6b8f, 0x6b8f, 0x6b8f, 0x6b8f, 0x6b8f, 0x6b8f,

0x0845, 0x0845, 0x0845, 0x0845, 0x0845, 0x0845, 0x0845, 0x0845, 0x0845, 0x0845,
0x0845, 0x0845, 0x0845, 0x0845, 0x0845, 0x0845, 0x0845, 0x0845, 0x0845, 0x0845,
0x0845, 0x0845, 0x0845, 0x0845, 0x7a43, 0x7a43, 0xabc8, 0xabc8, 0xabc8, 0xabc8,
0x7a43, 0xdcac, 0xdcac, 0xdcac, 0xdcac, 0xdcac, 0xdcac, 0xdcac, 0xdcac, 0xed6a,
0xabc8, 0xdcac, 0xdcac, 0xdcac, 0xdcac, 0xed6a, 0xabc8, 0x7a43, 0xed6a, 0xed6a,
0xed6a, 0xed6a, 0xdcac, 0xdcac, 0xdcac, 0xdcac, 0xed6a, 0xed6a, 0xed6a, 0xed6a,
0xfe2c, 0xfe2c, 0xfe2c, 0xfe2c, 0xfe2c, 0xfe2c, 0xfe2c, 0xfe2c, 0xfe2c, 0xfe2c,
0xfe2c, 0xfe2c, 0xfe2c, 0xfe2c, 0xfe2c, 0xfe2c, 0xfe2c, 0xfe2c, 0xfe2c, 0xfe2c,
0xfe2c, 0xfe2c, 0xfe2c, 0xfe2c, 0xfe2c, 0xfe2c, 0xfe2c, 0xfe2c, 0xfe2c, 0xfe2c,
0xfe2c, 0xfe2c, 0xfe2c, 0xfe2c, 0xfe2c, 0xfe2c, 0xfe2c, 0xfe2c, 0xfe2c, 0xfe2c,
0xfe2c, 0xfe2c, 0xfe2c, 0xed6a, 0xfe2c, 0xfe2c, 0xfe2c, 0xfe2c, 0xfe2c, 0xfe2c,
0xfe2c, 0xfe2c, 0xfe2c, 0xfe2c, 0xfe2c, 0xfe2c, 0xed6a, 0xed6a, 0xed6a, 0xed6a,
0xed6a, 0xed6a, 0xed6a, 0xed6a, 0xed6a, 0xed6a, 0xed6a, 0xdcac, 0xfe2c, 0xfe2c,
0xfe2c, 0xed6a, 0xed6a, 0xed6a, 0xed6a, 0xed6a, 0xed6a, 0xed6a, 0xed6a, 0xed6a,
0xed6a, 0xed6a, 0xed6a, 0xed6a, 0xed6a, 0xed6a, 0xed6a, 0xed6a, 0xdcac, 0xdcac,
0xdcac, 0xdcac, 0xed6a, 0xed6a, 0xed6a, 0xed6a, 0xfe2c, 0xfe2c, 0xfe2c, 0xfe2c,
0x4187, 0xc5f6, 0xc5f6, 0x5a4a, 0x5a4a, 0x5a4a, 0x5a4a, 0x5a4a, 0x5a4a, 0x5a4a,
0x5a4a, 0x5a4a, 0x5a4a, 0xc5f6, 0xc5f6, 0x4187, 0xfe2c, 0xfe2c, 0xfe2c, 0xfe2c,
0xed6a, 0xed6a, 0xed6a, 0xed6a, 0xed6a, 0xed6a, 0xed6a, 0xed6a, 0xed6a, 0xed6a,
0xed6a, 0xdcac, 0xed6a, 0xed6a, 0xed6a, 0xed6a, 0xdcac, 0xdcac, 0xdcac, 0xdcac,
0xed6a, 0xed6a, 0xed6a, 0xed6a, 0xfe2c, 0xfe2c, 0xfe2c, 0xfe2c, 0x0845, 0x0845,
0x6b8f, 0xa534, 0x6b8f, 0xce37, 0xce37, 0xa534, 0x6b8f, 0x6b8f, 0x6b8f, 0x6b8f,
0x6b8f, 0x6b8f, 0x6b8f, 0x6b8f, 0x6b8f, 0x6b8f, 0x6b8f, 0x6b8f, 0x6b8f, 0x6b8f,
0x6b8f, 0x6b8f, 0x924b, 0xd44d, 0xd44d, 0xd44d, 0xd44d, 0xedf0, 0xfef4, 0xfef4,

0x0845, 0x0845, 0x0845, 0x0845, 0x0845, 0x0845, 0x0845, 0x0845, 0x0845, 0x0845,
0x0845, 0x0845, 0x0845, 0x0845, 0x0845, 0x0845, 0x0845, 0x0845, 0x0845, 0x0845,
0x0845, 0x0845, 0x0845, 0x0845, 0x7a43, 0x7a43, 0xabc8, 0xabc8, 0xabc8, 0xabc8,
0x7a43, 0xdcac, 0xdcac, 0xdcac, 0xdcac, 0xdcac, 0xdcac, 0xdcac, 0xdcac, 0xed6a,
0xabc8, 0xdcac, 0xdcac, 0xdcac, 0xdcac, 0xed6a, 0xabc8, 0x7a43, 0xed6a, 0xed6a,
0xed6a, 0xed6a, 0xed6a, 0xed6a, 0xed6a, 0xed6a, 0xed6a, 0xed6a, 0xfe2c, 0xfe2c,
0xfe2c, 0xfe2c, 0xfe2c, 0xfe2c, 0xfe2c, 0xfe2c, 0xfe2c, 0xfe2c, 0xfe2c, 0xfe2c,
0xfe2c, 0xfe2c, 0xfe2c, 0xfe2c, 0xfe2c, 0xfe2c, 0xfe2c, 0xfe2c, 0xfe2c, 0xfe2c,
0xfe2c, 0xfe2c, 0xfe2c, 0xfe2c, 0xfe2c, 0xfe2c, 0xfe2c, 0xfe2c, 0xfe2c, 0xfe2c,
0xfe2c, 0xfe2c, 0xfe2c, 0xfe2c, 0xfe2c, 0xfe2c, 0xfe2c, 0xfe2c, 0xfe2c, 0xfe2c,
0xfe2c, 0xfe2c, 0xfe2c, 0xed6a, 0xfe2c, 0xfe2c, 0xfe2c, 0xfe2c, 0xfe2c, 0xfe2c,
0xfe2c, 0xfe2c, 0xfe2c, 0xfe2c, 0xfe2c, 0xfe2c, 0xfe2c, 0xfe2c, 0xed6a, 0xed6a,
0xed6a, 0xed6a, 0xed6a, 0xed6a, 0xed6a, 0xed6a, 0xed6a, 0xdcac, 0xed6a, 0xed6a,
0xed6a, 0xed6a, 0xed6a, 0xed6a, 0xed6a, 0xed6a, 0xed6a, 0xed6a, 0xed6a, 0xed6a,
0xed6a, 0xed6a, 0xed6a, 0xed6a, 0xed6a, 0xed6a, 0xed6a, 0xed6a, 0xed6a, 0xed6a,
0xed6a, 0xed6a, 0xed6a, 0xed6a, 0xfe2c, 0xfe2c, 0xfe2c, 0xfe2c, 0xfe2c, 0xfe2c,
0x4187, 0xc5f6, 0xc5f6, 0x2a55, 0x0bdb, 0x0bdb, 0x2a55, 0x2a55, 0x2a55, 0x2a55,
0x0bdb, 0x0bdb, 0x2a55, 0xc5f6, 0xc5f6, 0x4187, 0xfe2c, 0xfe2c, 0xfe2c, 0xfe2c,
0xfe2c, 0xfe2c, 0xed6a, 0xed6a, 0xed6a, 0xed6a, 0xed6a, 0xed6a, 0xed6a, 0xed6a,
0xed6a, 0xdcac, 0xed6a, 0xed6a, 0xed6a, 0xed6a, 0xed6a, 0xed6a, 0xed6a, 0xed6a,
0xed6a, 0xed6a, 0xfe2c, 0xfe2c, 0xfe2c, 0xfe2c, 0xfe2c, 0xfe2c, 0x6b8f, 0x6b8f,
0x6b8f, 0x6b8f, 0x6b8f, 0x6b8f, 0x6b8f, 0x6b8f, 0xa534, 0xa534, 0xa534, 0xdef9,
0xce37, 0xce37, 0xce37, 0xce37, 0xdef9, 0xdef9, 0xdef9, 0xdef9, 0xdef9, 0xdef9,
0xce37, 0xa534, 0x6b8f, 0x6b8f, 0x6b8f, 0x6b8f, 0x6b8f, 0x6b8f, 0x6b8f, 0x6b8f,

0x0845, 0x0845, 0x0845, 0x0845, 0x0845, 0x0845, 0x0845, 0x0845, 0x0845, 0x0845,
0x0845, 0x0845, 0x0845, 0x0845, 0x0845, 0x0845, 0x0845, 0x0845, 0x0845, 0x0845,
0x0845, 0x0845, 0x0845, 0x0845, 0x7a43, 0x7a43, 0xabc8, 0xabc8, 0xabc8, 0xabc8,
0x7a43, 0xdcac, 0xdcac, 0xdcac, 0xdcac, 0xdcac, 0xdcac, 0xdcac, 0xdcac, 0xed6a,
0xabc8, 0xdcac, 0xdcac, 0xdcac, 0xabc8, 0xed6a, 0xabc8, 0x7a43, 0xed6a, 0xed6a,
0xed6a, 0xed6a, 0xed6a, 0xed6a, 0xed6a, 0xed6a, 0xed6a, 0xed6a, 0xed6a, 0xed6a,
0xed6a, 0xed6a, 0xfe2c, 0xfe2c, 0xfe2c, 0xfe2c, 0xfe2c, 0xfe2c, 0xfe2c, 0xfe2c,
0xfe2c, 0xfe2c, 0xfe2c, 0xfe2c, 0xfe2c, 0xfe2c, 0xfe2c, 0xfe2c, 0xfe2c, 0xfe2c,
0xfe2c, 0xfe2c, 0xfe2c, 0xfe2c, 0xfe2c, 0xfe2c, 0xfe2c, 0xfe2c, 0xfe2c, 0xfe2c,
0xfe2c, 0xfe2c, 0xfe2c, 0xfe2c, 0xfe2c, 0xfe2c, 0xfe2c, 0xfe2c, 0xfe2c, 0xfe2c,
0xfe2c, 0xfe2c, 0xfe2c, 0xed6a, 0xfe2c, 0xfe2c, 0xfe2c, 0xfe2c, 0xfe2c, 0xfe2c,
0xfe2c, 0xfe2c, 0xfe2c, 0xfe2c, 0xed6a, 0xed6a, 0xed6a, 0xed6a, 0xed6a, 0xed6a,
0xed6a, 0xed6a, 0xed6a, 0xed6a, 0xed6a, 0xed6a, 0xed6a, 0xdcac, 0xed6a, 0xed6a,
0xed6a, 0xed6a, 0xed6a, 0xed6a, 0xed6a, 0xed6a, 0xed6a, 0xed6a, 0xed6a, 0xed6a,
0xed6a, 0xed6a, 0xed6a, 0xed6a, 0xed6a, 0xed6a, 0xed6a, 0xed6a, 0xed6a, 0xed6a,
0xed6a, 0xed6a, 0xed6a, 0xed6a, 0xed6a, 0xed6a, 0xed6a, 0xed6a, 0xfe2c, 0xfe2c,
0x4187, 0xc5f6, 0xc5f6, 0x2a55, 0x2a55, 0x2a55, 0x2a55, 0x2a55, 0x2a55, 0x2a55,
0x2a55, 0x2a55, 0x2a55, 0xc5f6, 0xc5f6, 0x4187, 0xfe2c, 0xfe2c, 0xed6a, 0xed6a,
0xed6a, 0xed6a, 0xed6a, 0xed6a, 0xed6a, 0xed6a, 0xed6a, 0xed6a, 0xed6a, 0xed6a,
0xed6a, 0xdcac, 0xed6a, 0xed6a, 0xed6a, 0xed6a, 0xed6a, 0xed6a, 0xed6a, 0xed6a,
0xed6a, 0xed6a, 0xed6a, 0xed6a, 0xed6a, 0xed6a, 0xfe2c, 0xfe2c, 0x0845, 0x0845,
0x6b8f, 0x424c, 0x6b8f, 0xce37, 0xce37, 0xa534, 0x6b8f, 0x6b8f, 0x6b8f, 0x6b8f,
0x6b8f, 0x6b8f, 0x6b8f, 0x6b8f, 0x6b8f, 0x6b8f, 0x6b8f, 0x6b8f, 0x6b8f, 0x6b8f,
0x6b8f, 0x6b8f, 0x924b, 0x924b, 0xd44d, 0xd44d, 0xd44d, 0xd44d, 0xfef4, 0xfef4,

0x0845, 0x0845, 0x0845, 0x0845, 0x0845, 0x0845, 0x0845, 0x0845, 0x0845, 0x0845,
0x0845, 0x0845, 0x0845, 0x0845, 0x0845, 0x0845, 0x0845, 0x0845, 0x0845, 0x0845,
0x0845, 0x0845, 0x0845, 0x0845, 0x7a43, 0x7a43, 0xabc8, 0xabc8, 0xabc8, 0xabc8,
0x7a43, 0xdcac, 0xdcac, 0xdcac, 0xdcac, 0xdcac, 0xdcac, 0xdcac, 0xdcac, 0xed6a,
0xabc8, 0xdcac, 0xed6a, 0xed6a, 0xed6a, 0xed6a, 0xdcac, 0x7a43, 0xfe2c, 0xfe2c,
0xfe2c, 0xfe2c, 0xfe2c, 0xfe2c, 0xfe2c, 0xfe2c, 0xfe2c, 0xfe2c, 0xfe2c, 0xfe2c,
0xfe2c, 0xfe2c, 0xfe2c, 0xfe2c, 0xfe2c, 0xfe2c, 0xfe2c, 0xfe2c, 0xfe2c, 0xfe2c,
0xfe2c, 0xfe2c, 0xfe2c, 0xfe2c, 0xfe2c, 0xfe2c, 0xfe2c, 0xfe2c, 0xfe2c, 0xfe2c,
0xfe2c, 0xfe2c, 0xfe2c, 0xfe2c, 0xfe2c, 0xfe2c, 0xfe2c, 0xfe2c, 0xfe2c, 0xfe2c,
0xfe2c, 0xfe2c, 0xfe2c, 0xfe2c, 0xfe2c, 0xfe2c, 0xfe2c, 0xfe2c, 0xfe2c, 0xfe2c,
0xfe2c, 0xfe2c, 0xfe2c, 0xed6a, 0xfe2c, 0xfe2c, 0xfe2c, 0xfe2c, 0xfe2c, 0xfe2c,
0xfe2c, 0xfe2c, 0xfe2c, 0xfe2c, 0xfe2c, 0xfe2c, 0xfe2c, 0xfe2c, 0xfe2c, 0xfe2c,
0xfe2c, 0xfe2c, 0xed6a, 0xed6a, 0xfe2c, 0xfe2c, 0xfe2c, 0xdcac, 0xfe2c, 0xfe2c,
0xfe2c, 0xed6a, 0xed6a, 0xed6a, 0xfe2c, 0xfe2c, 0xfe2c, 0xfe2c, 0xfe2c, 0xfe2c,
0xfe2c, 0xfe2c, 0xfe2c, 0xed6a, 0xfe2c, 0xfe2c, 0xfe2c, 0xfe2c, 0xfe2c, 0xfe2c,
0xfe2c, 0xfe2c, 0xfe2c, 0xfe2c, 0xfe2c, 0xfe2c, 0xfe2c, 0xfe2c, 0xfe2c, 0xfe2c,
0x4187, 0xc5f6, 0xc5f6, 0x2a55, 0x0bdb, 0x0bdb, 0x0bdb, 0x0bdb, 0x0bdb, 0x0bdb,
0x0bdb, 0x0bdb, 0x2a55, 0x9cb0, 0xc5f6, 0x4187, 0xfe2c, 0xfe2c, 0xfe2c, 0xfe2c,
0xfe2c, 0xfe2c, 0xfe2c, 0xfe2c, 0xfe2c, 0xfe2c, 0xed6a, 0xed6a, 0xfe2c, 0xfe2c,
0xfe2c, 0xdcac, 0xfe2c, 0xfe2c, 0xfe2c, 0xfe2c, 0xfe2c, 0xfe2c, 0xfe2c, 0xfe2c,
0xfe2c, 0xfe2c, 0xfe2c, 0xfe2c, 0xfe2c, 0xfe2c, 0xfe2c, 0xfe2c, 0x6b8f, 0x6b8f,
0x6b8f, 0x6b8f, 0x6b8f, 0x6b8f, 0x6b8f, 0x6b8f, 0xa534, 0xa534, 0xa534, 0xef3b,
0xce37, 0xce37, 0xce37, 0xce37, 0xdef9, 0xdef9, 0xdef9, 0xdef9, 0xdef9, 0xdef9,
0xce37, 0xa534, 0x6b8f, 0x6b8f, 0x6b8f, 0x6b8f, 0x6b8f, 0x6b8f, 0x6b8f, 0x6b8f,

0x0845, 0x0845, 0x0845, 0x0845, 0x0845, 0x0845, 0x0845, 0x0845, 0x0845, 0x0845,
0x0845, 0x0845, 0x0845, 0x0845, 0x0845, 0x0845, 0x0845, 0x0845, 0x0845, 0x0845,
0x0845, 0x0845, 0x0845, 0x0845, 0x7a43, 0x7a43, 0xabc8, 0xabc8, 0xabc8, 0xabc8,
0x7a43, 0xdcac, 0xdcac, 0xdcac, 0xdcac, 0xdcac, 0xdcac, 0xdcac, 0xdcac, 0xed6a,
0xabc8, 0xabc8, 0xabc8, 0xabc8, 0xabc8, 0xabc8, 0x7a43, 0x7a43, 0xed6a, 0xed6a,
0xed6a, 0xed6a, 0xed6a, 0xed6a, 0xed6a, 0xed6a, 0xdcac, 0xdcac, 0xdcac, 0xdcac,
0xdcac, 0xdcac, 0xed6a, 0xed6a, 0xed6a, 0xed6a, 0xfe2c, 0xed6a, 0xed6a, 0xed6a,
0xed6a, 0xed6a, 0xed6a, 0xfe2c, 0xed6a, 0xed6a, 0xed6a, 0xed6a, 0xfe2c, 0xed6a,
0xfe2c, 0xfe2c, 0xfe2c, 0xfe2c, 0xfe2c, 0xfe2c, 0xfe2c, 0xfe2c, 0xfe2c, 0xfe2c,
0xfe2c, 0xfe2c, 0xfe2c, 0xfe2c, 0xfe2c, 0xfe2c, 0xed6a, 0xed6a, 0xed6a, 0xed6a,
0xed6a, 0xed6a, 0xed6a, 0xed6a, 0xed6a, 0xfe2c, 0xed6a, 0xed6a, 0xed6a, 0xed6a,
0xfe2c, 0xed6a, 0xed6a, 0xed6a, 0xdcac, 0xdcac, 0xdcac, 0xdcac, 0xdcac, 0xdcac,
0xdcac, 0xdcac, 0xdcac, 0xdcac, 0xdcac, 0xdcac, 0xdcac, 0xdcac, 0xdcac, 0xdcac,
0xdcac, 0xdcac, 0xdcac, 0xdcac, 0xdcac, 0xdcac, 0xed6a, 0xed6a, 0xed6a, 0xed6a,
0xed6a, 0xed6a, 0xed6a, 0xdcac, 0xed6a, 0xed6a, 0xed6a, 0xed6a, 0xed6a, 0xed6a,
0xed6a, 0xed6a, 0xdcac, 0xdcac, 0xdcac, 0xdcac, 0xdcac, 0xdcac, 0xed6a, 0xed6a,
0x4187, 0xc5f6, 0xc5f6, 0x2a55, 0x0bdb, 0x0bdb, 0x0bdb, 0x0bdb, 0x0bdb, 0x0bdb,
0x0bdb, 0x0bdb, 0x2a55, 0xc5f6, 0xc5f6, 0x4187, 0xed6a, 0xed6a, 0xdcac, 0xdcac,
0xdcac, 0xdcac, 0xdcac, 0xdcac, 0xdcac, 0xdcac, 0xdcac, 0xdcac, 0xdcac, 0xdcac,
0xdcac, 0xdcac, 0xed6a, 0xed6a, 0xed6a, 0xed6a, 0xed6a, 0xed6a, 0xed6a, 0xed6a,
0xdcac, 0xdcac, 0xdcac, 0xdcac, 0xdcac, 0xdcac, 0xed6a, 0xed6a, 0x0845, 0x0845,
0x424c, 0x424c, 0x424c, 0xdef9, 0xce37, 0xa534, 0x6b8f, 0x6b8f, 0x6b8f, 0x6b8f,
0x6b8f, 0x6b8f, 0x6b8f, 0x6b8f, 0x6b8f, 0x6b8f, 0x6b8f, 0x6b8f, 0x6b8f, 0x6b8f,
0x6b8f, 0x6b8f, 0x924b, 0xbb4b, 0xd44d, 0xd44d, 0xd44d, 0xd44d, 0xfef4, 0xfef4,

0x0845, 0x0845, 0x0845, 0x0845, 0x0845, 0x0845, 0x0845, 0x0845, 0x0845, 0x0845,
0x0845, 0x0845, 0x0845, 0x0845, 0x0845, 0x0845, 0x0845, 0x0845, 0x0845, 0x0845,
0x0845, 0x0845, 0x0845, 0x0845, 0x7a43, 0x7a43, 0xabc8, 0xabc8, 0xabc8, 0xabc8,
0x7a43, 0xdcac, 0xdcac, 0xdcac, 0xdcac, 0xdcac, 0xdcac, 0xdcac, 0xdcac, 0xed6a,
0xabc8, 0xabc8, 0xabc8, 0xabc8, 0xabc8, 0xabc8, 0x7a43, 0x7a43, 0xed6a, 0xed6a,
0xed6a, 0xed6a, 0xed6a, 0xed6a, 0xed6a, 0xdcac, 0xed6a, 0xed6a, 0xed6a, 0xed6a,
0xed6a, 0xed6a, 0xed6a, 0xed6a, 0xfe2c, 0xfe2c, 0xfe2c, 0xfe2c, 0xfe2c, 0xfe2c,
0xfe2c, 0xfe2c, 0xfe2c, 0xfe2c, 0xfe2c, 0xfe2c, 0xfe2c, 0xfe2c, 0xfe2c, 0xfe2c,
0xfe2c, 0xfe2c, 0xfe2c, 0xfe2c, 0xfe2c, 0xfe2c, 0xfe2c, 0xfe2c, 0xfe2c, 0xfe2c,
0xfe2c, 0xfe2c, 0xfe2c, 0xfe2c, 0xfe2c, 0xfe2c, 0xfe2c, 0xfe2c, 0xfe2c, 0xfe2c,
0xfe2c, 0xfe2c, 0xfe2c, 0xfe2c, 0xfe2c, 0xfe2c, 0xfe2c, 0xfe2c, 0xfe2c, 0xfe2c,
0xfe2c, 0xfe2c, 0xfe2c, 0xfe2c, 0xfe2c, 0xfe2c, 0xfe2c, 0xfe2c, 0xfe2c, 0xfe2c,
0xfe2c, 0xfe2c, 0xfe2c, 0xfe2c, 0xfe2c, 0xfe2c, 0xfe2c, 0xfe2c, 0xed6a, 0xed6a,
0xed6a, 0xed6a, 0xed6a, 0xed6a, 0xed6a, 0xdcac, 0xed6a, 0xed6a, 0xed6a, 0xed6a,
0xed6a, 0xed6a, 0xed6a, 0xed6a, 0xed6a, 0xed6a, 0xed6a, 0xed6a, 0xed6a, 0xed6a,
0xed6a, 0xdcac, 0xed6a, 0xed6a, 0xed6a, 0xed6a, 0xed6a, 0xed6a, 0xed6a, 0xed6a,
0x4187, 0xc5f6, 0xc5f6, 0x2a55, 0x0bdb, 0x0bdb, 0x0bdb, 0x0bdb, 0x0bdb, 0x0bdb,
0x0bdb, 0x0bdb, 0x2a55, 0xc5f6, 0xc5f6, 0x4187, 0xed6a, 0xed6a, 0xed6a, 0xed6a,
0xed6a, 0xed6a, 0xed6a, 0xdcac, 0xed6a, 0xed6a, 0xed6a, 0xed6a, 0xed6a, 0xed6a,
0xed6a, 0xed6a, 0xed6a, 0xed6a, 0xed6a, 0xed6a, 0xed6a, 0xed6a, 0xed6a, 0xdcac,
0xed6a, 0xed6a, 0xed6a, 0xed6a, 0xed6a, 0xed6a, 0xed6a, 0xed6a, 0x6b8f, 0x6b8f,
0x6b8f, 0x6b8f, 0x6b8f, 0x6b8f, 0x6b8f, 0x6b8f, 0xa534, 0xa534, 0xa534, 0xef3b,
0xce37, 0xce37, 0xce37, 0xce37, 0xdef9, 0xce37, 0xce37, 0xdef9, 0xdef9, 0xdef9,
0xce37, 0xa534, 0x6b8f, 0x6b8f, 0x6b8f, 0x6b8f, 0x6b8f, 0x6b8f, 0x6b8f, 0x6b8f,

0x0845, 0x0845, 0x0845, 0x0845, 0x0845, 0x0845, 0x0845, 0x0845, 0x0845, 0x0845,
0x0845, 0x0845, 0x0845, 0x0845, 0x0845, 0x0845, 0x0845, 0x0845, 0x0845, 0x0845,
0x0845, 0x0845, 0x0845, 0x0845, 0x7a43, 0x7a43, 0xabc8, 0xabc8, 0xabc8, 0xabc8,
0x7a43, 0xdcac, 0xdcac, 0xdcac, 0xdcac, 0xdcac, 0xdcac, 0xdcac, 0xdcac, 0xed6a,
0xabc8, 0xdcac, 0xed6a, 0xed6a, 0xed6a, 0xed6a, 0xdcac, 0x7a43, 0xed6a, 0xed6a,
0xed6a, 0xed6a, 0xed6a, 0xed6a, 0xed6a, 0xdcac, 0xed6a, 0xed6a, 0xed6a, 0xed6a,
0xed6a, 0xfe2c, 0xfe2c, 0xfe2c, 0xfe2c, 0xfe2c, 0xfe2c, 0xfe2c, 0xfe2c, 0xfe2c,
0xfe2c, 0xfe2c, 0xfe2c, 0xfe2c, 0xfe2c, 0xfe2c, 0xfe2c, 0xfe2c, 0xfe2c, 0xfe2c,
0xfe2c, 0xfe2c, 0xfe2c, 0xfe2c, 0xfe2c, 0xfe2c, 0xfe2c, 0xfe2c, 0xfe2c, 0xfe2c,
0xfe2c, 0xfe2c, 0xfe2c, 0xfe2c, 0xfe2c, 0xfe2c, 0xfe2c, 0xfe2c, 0xfe2c, 0xfe2c,
0xfe2c, 0xfe2c, 0xfe2c, 0xfe2c, 0xfe2c, 0xfe2c, 0xfe2c, 0xfe2c, 0xfe2c, 0xfe2c,
0xfe2c, 0xfe2c, 0xfe2c, 0xfe2c, 0xfe2c, 0xfe2c, 0xfe2c, 0xfe2c, 0xfe2c, 0xfe2c,
0xfe2c, 0xfe2c, 0xfe2c, 0xfe2c, 0xfe2c, 0xfe2c, 0xfe2c, 0xfe2c, 0xfe2c, 0xfe2c,
0xfe2c, 0xed6a, 0xed6a, 0xed6a, 0xed6a, 0xdcac, 0xed6a, 0xed6a, 0xed6a, 0xed6a,
0xed6a, 0xed6a, 0xed6a, 0xed6a, 0xed6a, 0xed6a, 0xed6a, 0xed6a, 0xed6a, 0xed6a,
0xed6a, 0xdcac, 0xed6a, 0xed6a, 0xed6a, 0xed6a, 0xed6a, 0xfe2c, 0xfe2c, 0xfe2c,
0x4187, 0xc5f6, 0xc5f6, 0x2a55, 0x0bdb, 0x0bdb, 0x0bdb, 0x0bdb, 0x0bdb, 0x0bdb,
0x0bdb, 0x0bdb, 0x2a55, 0xc5f6, 0xc5f6, 0x4187, 0xfe2c, 0xfe2c, 0xfe2c, 0xed6a,
0xed6a, 0xed6a, 0xed6a, 0xdcac, 0xed6a, 0xed6a, 0xed6a, 0xed6a, 0xed6a, 0xed6a,
0xed6a, 0xed6a, 0xed6a, 0xed6a, 0xed6a, 0xed6a, 0xed6a, 0xed6a, 0xed6a, 0xdcac,
0xed6a, 0xed6a, 0xed6a, 0xed6a, 0xed6a, 0xfe2c, 0xfe2c, 0xfe2c, 0x0845, 0x0845,
0x424c, 0x424c, 0x424c, 0xdef9, 0xce37, 0xa534, 0x6b8f, 0x6b8f, 0x6b8f, 0x6b8f,
0x6b8f, 0x6b8f, 0x6b8f, 0x6b8f, 0x6b8f, 0x6b8f, 0x6b8f, 0x6b8f, 0x6b8f, 0x6b8f,
0x6b8f, 0x6b8f, 0x924b, 0xd44d, 0xd44d, 0xd44d, 0xd44d, 0xd44d, 0xfef4, 0xfef4,

0x0845, 0x0845, 0x0845, 0x0845, 0x0845, 0x0845, 0x0845, 0x0845, 0x0845, 0x0845,
0x0845, 0x0845, 0x0845, 0x0845, 0x0845, 0x0845, 0x0845, 0x0845, 0x0845, 0x0845,
0x0845, 0x0845, 0x0845, 0x0845, 0x7a43, 0x7a43, 0xabc8, 0xabc8, 0xabc8, 0xabc8,
0x7a43, 0xdcac, 0xdcac, 0xdcac, 0xdcac, 0xdcac, 0xdcac, 0xdcac, 0xdcac, 0xed6a,
0xabc8, 0xdcac, 0xdcac, 0xdcac, 0xabc8, 0xed6a, 0xabc8, 0x7a43, 0xed6a, 0xed6a,
0xed6a, 0xfe2c, 0xfe2c, 0xfe2c, 0xfe2c, 0xdcac, 0xed6a, 0xed6a, 0xed6a, 0xed6a,
0xed6a, 0xed6a, 0xfe2c, 0xfe2c, 0xfe2c, 0xfe2c, 0xfe2c, 0xfe2c, 0xfe2c, 0xfe2c,
0xfe2c, 0xfe2c, 0xfe2c, 0xfe2c, 0xfe2c, 0xfe2c, 0xfe2c, 0xfe2c, 0xfe2c, 0xfe2c,
0xfe2c, 0xfe2c, 0xfe2c, 0xfe2c, 0xfe2c, 0xfe2c, 0xfe2c, 0xfe2c, 0xfe2c, 0xfe2c,
0xfe2c, 0xfe2c, 0xfe2c, 0xfe2c, 0xfe2c, 0xfe2c, 0xfe2c, 0xfe2c, 0xfe2c, 0xfe2c,
0xfe2c, 0xfe2c, 0xfe2c, 0xfe2c, 0xfe2c, 0xfe2c, 0xfe2c, 0xfe2c, 0xfe2c, 0xfe2c,
0xfe2c, 0xfe2c, 0xfe2c, 0xfe2c, 0xfe2c, 0xfe2c, 0xfe2c, 0xfe2c, 0xfe2c, 0xfe2c,
0xfe2c, 0xfe2c, 0xfe2c, 0xfe2c, 0xfe2c, 0xfe2c, 0xfe2c, 0xfe2c, 0xfe2c, 0xfe2c,
0xed6a, 0xed6a, 0xed6a, 0xed6a, 0xed6a, 0xed6a, 0xed6a, 0xed6a, 0xed6a, 0xed6a,
0xed6a, 0xed6a, 0xed6a, 0xed6a, 0xed6a, 0xed6a, 0xed6a, 0xfe2c, 0xfe2c, 0xfe2c,
0xfe2c, 0xdcac, 0xed6a, 0xed6a, 0xed6a, 0xed6a, 0xed6a, 0xed6a, 0xfe2c, 0xfe2c,
0x4187, 0xc5f6, 0x9cb0, 0xc5f6, 0xc5f6, 0xc5f6, 0xc5f6, 0xc5f6, 0xc5f6, 0xc5f6,
0xc5f6, 0xc5f6, 0xc5f6, 0x9cb0, 0xc5f6, 0x4187, 0xfe2c, 0xfe2c, 0xed6a, 0xed6a,
0xed6a, 0xed6a, 0xed6a, 0xed6a, 0xed6a, 0xed6a, 0xed6a, 0xed6a, 0xed6a, 0xed6a,
0xed6a, 0xed6a, 0xed6a, 0xed6a, 0xed6a, 0xfe2c, 0xfe2c, 0xfe2c, 0xfe2c, 0xdcac,
0xed6a, 0xed6a, 0xed6a, 0xed6a, 0xed6a, 0xed6a, 0xfe2c, 0xfe2c, 0x6b8f, 0x6b8f,
0x6b8f, 0x6b8f, 0x6b8f, 0x6b8f, 0x6b8f, 0x6b8f, 0xa534, 0xa534, 0xa534, 0xef3b,
0xce37, 0xce37, 0xce37, 0xce37, 0xdef9, 0xdef9, 0xdef9, 0xdef9, 0xdef9, 0xdef9,
0xce37, 0xa534, 0x6b8f, 0x6b8f, 0x6b8f, 0x6b8f, 0x6b8f, 0x6b8f, 0x6b8f, 0x6b8f,

0x0845, 0x0845, 0x0845, 0x0845, 0x0845, 0x0845, 0x0845, 0x0845, 0x0845, 0x0845,
0x0845, 0x0845, 0x0845, 0x0845, 0x0845, 0x0845, 0x0845, 0x0845, 0x0845, 0x0845,
0x0845, 0x0845, 0x0845, 0x0845, 0x7a43, 0x7a43, 0xabc8, 0xabc8, 0xabc8, 0xabc8,
0x7a43, 0xdcac, 0xdcac, 0xdcac, 0xdcac, 0xdcac, 0xdcac, 0xdcac, 0xdcac, 0xed6a,
0xabc8, 0xdcac, 0xdcac, 0xdcac, 0xdcac, 0xed6a, 0xabc8, 0x7a43, 0xed6a, 0xed6a,
0xed6a, 0xed6a, 0xed6a, 0xed6a, 0xed6a, 0xdcac, 0xed6a, 0xed6a, 0xed6a, 0xed6a,
0xfe2c, 0xfe2c, 0xfe2c, 0xfe2c, 0xfe2c, 0xfe2c, 0xfe2c, 0xfe2c, 0xfe2c, 0xfe2c,
0xfe2c, 0xfe2c, 0xfe2c, 0xfe2c, 0xfe2c, 0xfe2c, 0xfe2c, 0xfe2c, 0xfe2c, 0xfe2c,
0xfe2c, 0xfe2c, 0xfe2c, 0xfe2c, 0xfe2c, 0xfe2c, 0xfe2c, 0xfe2c, 0xfe2c, 0xfe2c,
0xfe2c, 0xfe2c, 0xfe2c, 0xfe2c, 0xfe2c, 0xfe2c, 0xfe2c, 0xfe2c, 0xfe2c, 0xfe2c,
0xfe2c, 0xfe2c, 0xfe2c, 0xfe2c, 0xfe2c, 0xfe2c, 0xfe2c, 0xfe2c, 0xfe2c, 0xfe2c,
0xfe2c, 0xfe2c, 0xfe2c, 0xfe2c, 0xfe2c, 0xfe2c, 0xfe2c, 0xfe2c, 0xfe2c, 0xfe2c,
0xfe2c, 0xfe2c, 0xfe2c, 0xfe2c, 0xfe2c, 0xfe2c, 0xfe2c, 0xfe2c, 0xfe2c, 0xfe2c,
0xfe2c, 0xfe2c, 0xed6a, 0xed6a, 0xed6a, 0xed6a, 0xed6a, 0xed6a, 0xed6a, 0xed6a,
0xdcac, 0xdcac, 0xdcac, 0xdcac, 0xed6a, 0xed6a, 0xed6a, 0xed6a, 0xed6a, 0xed6a,
0xed6a, 0xdcac, 0xed6a, 0xed6a, 0xed6a, 0xed6a, 0xfe2c, 0xfe2c, 0xfe2c, 0xfe2c,
0x0845, 0x9cb0, 0xc5f6, 0xc5f6, 0xc5f6, 0xc5f6, 0xc5f6, 0x9cb0, 0xc5f6, 0xc5f6,
0xc5f6, 0xc5f6, 0xc5f6, 0xc5f6, 0x9cb0, 0x4187, 0xfe2c, 0xfe2c, 0xfe2c, 0xfe2c,
0xed6a, 0xed6a, 0xed6a, 0xed6a, 0xed6a, 0xed6a, 0xed6a, 0xed6a, 0xdcac, 0xdcac,
0xdcac, 0xdcac, 0xed6a, 0xed6a, 0xed6a, 0xed6a, 0xed6a, 0xed6a, 0xed6a, 0xdcac,
0xed6a, 0xed6a, 0xed6a, 0xed6a, 0xfe2c, 0xfe2c, 0xfe2c, 0xfe2c, 0x424c, 0x6b8f,
0x6b8f, 0x424c, 0x6b8f, 0xce37, 0xce37, 0xa534, 0x6b8f, 0x6b8f, 0x6b8f, 0x6b8f,
0x6b8f, 0x6b8f, 0x6b8f, 0x6b8f, 0x6b8f, 0x6b8f, 0x6b8f, 0x6b8f, 0x6b8f, 0x6b8f,
0x6b8f, 0x6b8f, 0x924b, 0xd44d, 0xd44d, 0xd44d, 0xd44d, 0xd44d, 0xfef4, 0xfef4,

0x0845, 0x0845, 0x0845, 0x0845, 0x0845, 0x0845, 0x0845, 0x0845, 0x0845, 0x0845,
0x0845, 0x0845, 0x0845, 0x0845, 0x0845, 0x0845, 0x0845, 0x0845, 0x0845, 0x0845,
0x0845, 0x0845, 0x0845, 0x0845, 0x7a43, 0x7a43, 0xabc8, 0xabc8, 0xabc8, 0xabc8,
0x7a43, 0xdcac, 0xdcac, 0xdcac, 0xdcac, 0xdcac, 0xdcac, 0xdcac, 0xdcac, 0xed6a,
0xabc8, 0xdcac, 0xdcac, 0xdcac, 0xdcac, 0xed6a, 0xabc8, 0x7a43, 0xed6a, 0xed6a,
0xed6a, 0xed6a, 0xed6a, 0xed6a, 0xed6a, 0xdcac, 0xed6a, 0xed6a, 0xed6a, 0xed6a,
0xfe2c, 0xfe2c, 0xfe2c, 0xfe2c, 0xfe2c, 0xfe2c, 0xfe2c, 0xfe2c, 0xfe2c, 0xfe2c,
0xfe2c, 0xfe2c, 0xfe2c, 0xfe2c, 0xfe2c, 0xfe2c, 0xfe2c, 0xfe2c, 0xfe2c, 0xfe2c,
0xfe2c, 0xfe2c, 0xfe2c, 0xfe2c, 0xfe2c, 0xfe2c, 0xfe2c, 0xfe2c, 0xfe2c, 0xfe2c,
0xfe2c, 0xfe2c, 0xfe2c, 0xfe2c, 0xfe2c, 0xfe2c, 0xfe2c, 0xfe2c, 0xfe2c, 0xfe2c,
0xfe2c, 0xfe2c, 0xfe2c, 0xfe2c, 0xfe2c, 0xfe2c, 0xfe2c, 0xfe2c, 0xfe2c, 0xfe2c,
0xfe2c, 0xfe2c, 0xfe2c, 0xfe2c, 0xfe2c, 0xfe2c, 0xfe2c, 0xfe2c, 0xfe2c, 0xfe2c,
0xfe2c, 0xfe2c, 0xfe2c, 0xfe2c, 0xfe2c, 0xfe2c, 0xfe2c, 0xfe2c, 0xfe2c, 0xfe2c,
0xfe2c, 0xfe2c, 0xed6a, 0xed6a, 0xed6a, 0xdcac, 0xed6a, 0xed6a, 0xed6a, 0xed6a,
0xed6a, 0xed6a, 0xed6a, 0xed6a, 0xed6a, 0xed6a, 0xed6a, 0xed6a, 0xed6a, 0xed6a,
0xed6a, 0xdcac, 0xed6a, 0xed6a, 0xed6a, 0xed6a, 0xfe2c, 0xfe2c, 0xfe2c, 0xfe2c,
0x0845, 0x5a4a, 0x5a4a, 0x5a4a, 0x5a4a, 0x5a4a, 0x5a4a, 0x5a4a, 0x5a4a, 0x5a4a,
0x5a4a, 0x5a4a, 0x5a4a, 0x5a4a, 0x5a4a, 0x0845, 0xfe2c, 0xfe2c, 0xfe2c, 0xfe2c,
0xed6a, 0xed6a, 0xed6a, 0xdcac, 0xed6a, 0xed6a, 0xed6a, 0xed6a, 0xed6a, 0xed6a,
0xed6a, 0xed6a, 0xed6a, 0xed6a, 0xed6a, 0xed6a, 0xed6a, 0xed6a, 0xed6a, 0xdcac,
0xed6a, 0xed6a, 0xed6a, 0xed6a, 0xfe2c, 0xfe2c, 0xfe2c, 0xfe2c, 0x6b8f, 0x6b8f,
0x6b8f, 0x6b8f, 0x6b8f, 0x6b8f, 0x6b8f, 0x6b8f, 0xa534, 0xa534, 0xa534, 0xdef9,
0xce37, 0xdef9, 0xce37, 0xdef9, 0xdef9, 0xdef9, 0xdef9, 0xdef9, 0xdef9, 0xdef9,
0xce37, 0xa534, 0x6b8f, 0x6b8f, 0x6b8f, 0x6b8f, 0x6b8f, 0x6b8f, 0x6b8f, 0x6b8f,

0x0845, 0x0845, 0x0845, 0x0845, 0x0845, 0x0845, 0x0845, 0x0845, 0x0845, 0x0845,
0x0845, 0x0845, 0x0845, 0x0845, 0x0845, 0x0845, 0x0845, 0x0845, 0x0845, 0x0845,
0x0845, 0x0845, 0x0845, 0x0845, 0x7a43, 0x7a43, 0xabc8, 0xabc8, 0xabc8, 0xabc8,
0x7a43, 0xdcac, 0xabc8, 0xdcac, 0xdcac, 0xdcac, 0xdcac, 0xabc8, 0xdcac, 0xed6a,
0xabc8, 0xdcac, 0xdcac, 0xdcac, 0xdcac, 0xed6a, 0xabc8, 0x7a43, 0xed6a, 0xed6a,
0xed6a, 0xed6a, 0xed6a, 0xed6a, 0xed6a, 0xdcac, 0xed6a, 0xed6a, 0xed6a, 0xed6a,
0xed6a, 0xfe2c, 0xfe2c, 0xfe2c, 0xfe2c, 0xfe2c, 0xfe2c, 0xfe2c, 0xfe2c, 0xfe2c,
0xfe2c, 0xfe2c, 0xfe2c, 0xfe2c, 0xfe2c, 0xfe2c, 0xfe2c, 0xfe2c, 0xfe2c, 0xfe2c,
0xfe2c, 0xfe2c, 0xfe2c, 0xfe2c, 0xfe2c, 0xfe2c, 0xfe2c, 0xfe2c, 0xfe2c, 0xfe2c,
0xfe2c, 0xfe2c, 0xfe2c, 0xfe2c, 0xfe2c, 0xfe2c, 0xfe2c, 0xfe2c, 0xfe2c, 0xfe2c,
0xfe2c, 0xfe2c, 0xfe2c, 0xfe2c, 0xfe2c, 0xfe2c, 0xfe2c, 0xfe2c, 0xfe2c, 0xfe2c,
0xfe2c, 0xfe2c, 0xfe2c, 0xfe2c, 0xfe2c, 0xfe2c, 0xfe2c, 0xfe2c, 0xfe2c, 0xfe2c,
0xfe2c, 0xfe2c, 0xfe2c, 0xfe2c, 0xfe2c, 0xfe2c, 0xfe2c, 0xfe2c, 0xfe2c, 0xfe2c,
0xfe2c, 0xed6a, 0xed6a, 0xed6a, 0xed6a, 0xdcac, 0xed6a, 0xed6a, 0xed6a, 0xed6a,
0xed6a, 0xed6a, 0xed6a, 0xed6a, 0xed6a, 0xed6a, 0xed6a, 0xed6a, 0xed6a, 0xed6a,
0xed6a, 0xdcac, 0xed6a, 0xed6a, 0xed6a, 0xed6a, 0xed6a, 0xfe2c, 0xfe2c, 0xfe2c,
0x0845, 0x4187, 0x4187, 0x4187, 0x4187, 0x4187, 0x4187, 0x4187, 0x4187, 0x4187,
0x4187, 0x4187, 0x4187, 0x4187, 0x4187, 0x0845, 0xfe2c, 0xfe2c, 0xfe2c, 0xed6a,
0xed6a, 0xed6a, 0xed6a, 0xdcac, 0xed6a, 0xed6a, 0xed6a, 0xed6a, 0xed6a, 0xed6a,
0xed6a, 0xed6a, 0xed6a, 0xed6a, 0xed6a, 0xed6a, 0xed6a, 0xed6a, 0xed6a, 0xdcac,
0xed6a, 0xed6a, 0xed6a, 0xed6a, 0xed6a, 0xfe2c, 0xfe2c, 0xfe2c, 0x0845, 0x0845,
0x6b8f, 0xa534, 0x6b8f, 0xa534, 0xdef9, 0xce37, 0x6b8f, 0x6b8f, 0x6b8f, 0x6b8f,
0x6b8f, 0x6b8f, 0x6b8f, 0x6b8f, 0x6b8f, 0x6b8f, 0x6b8f, 0x6b8f, 0x6b8f, 0x6b8f,
0x6b8f, 0x6b8f, 0x924b, 0xd44d, 0xd44d, 0xd44d, 0xd44d, 0xd44d, 0xfef4, 0xfef4,

0x0845, 0x0845, 0x0845, 0x0845, 0x0845, 0x0845, 0x0845, 0x0845, 0x0845, 0x0845,
0x0845, 0x0845, 0x0845, 0x0845, 0x0845, 0x0845, 0x0845, 0x0845, 0x0845, 0x0845,
0x0845, 0x0845, 0x0845, 0x0845, 0x0845, 0x7a43, 0x7a43, 0xabc8, 0xabc8, 0xabc8,
0x7a43, 0xdcac, 0xdcac, 0xdcac, 0xdcac, 0xdcac, 0xdcac, 0xdcac, 0xdcac, 0xed6a,
0xabc8, 0xdcac, 0xdcac, 0xdcac, 0xdcac, 0xed6a, 0xabc8, 0x7a43, 0xfe2c, 0xfe2c,
0xed6a, 0xed6a, 0xfe2c, 0xfe2c, 0xfe2c, 0xdcac, 0xfe2c, 0xfe2c, 0xfe2c, 0xfe2c,
0xfe2c, 0xfe2c, 0xfe2c, 0xfe2c, 0xfe2c, 0xfe2c, 0xfe2c, 0xfe2c, 0xfe2c, 0xfe2c,
0xfe2c, 0xfe2c, 0xfe2c, 0xfe2c, 0xfe2c, 0xfe2c, 0xfe2c, 0xfe2c, 0xfe2c, 0xfe2c,
0xfe2c, 0xfe2c, 0xfe2c, 0xfe2c, 0xfe2c, 0xfe2c, 0xfe2c, 0xfe2c, 0xfe2c, 0xfe2c,
0xfe2c, 0xfe2c, 0xfe2c, 0xfe2c, 0xfe2c, 0xfe2c, 0xfe2c, 0xfe2c, 0xfe2c, 0xfe2c,
0xfe2c, 0xfe2c, 0xfe2c, 0xfe2c, 0xfe2c, 0xfe2c, 0xfe2c, 0xfe2c, 0xfe2c, 0xfe2c,
0xfe2c, 0xfe2c, 0xfe2c, 0xfe2c, 0xfe2c, 0xfe2c, 0xfe2c, 0xfe2c, 0xfe2c, 0xfe2c,
0xfe2c, 0xfe2c, 0xfe2c, 0xfe2c, 0xfe2c, 0xfe2c, 0xfe2c, 0xfe2c, 0xfe2c, 0xfe2c,
0xfe2c, 0xfe2c, 0xfe2c, 0xfe2c, 0xfe2c, 0xdcac, 0xfe2c, 0xfe2c, 0xfe2c, 0xfe2c,
0xfe2c, 0xfe2c, 0xfe2c, 0xfe2c, 0xfe2c, 0xfe2c, 0xed6a, 0xed6a, 0xfe2c, 0xfe2c,
0xfe2c, 0xdcac, 0xfe2c, 0xfe2c, 0xfe2c, 0xfe2c, 0xfe2c, 0xfe2c, 0xfe2c, 0xfe2c,
0xdcac, 0x0845, 0x0845, 0x0845, 0x0845, 0x0845, 0x0845, 0x0845, 0x0845, 0x0845,
0x0845, 0x0845, 0x0845, 0x0845, 0x0845, 0xdcac, 0xfe2c, 0xfe2c, 0xfe2c, 0xfe2c,
0xfe2c, 0xfe2c, 0xfe2c, 0xdcac, 0xfe2c, 0xfe2c, 0xfe2c, 0xfe2c, 0xfe2c, 0xfe2c,
0xfe2c, 0xfe2c, 0xfe2c, 0xfe2c, 0xed6a, 0xed6a, 0xfe2c, 0xfe2c, 0xfe2c, 0xdcac,
0xfe2c, 0xfe2c, 0xfe2c, 0xfe2c, 0xfe2c, 0xfe2c, 0xfe2c, 0xfe2c, 0x6b8f, 0x6b8f,
0x6b8f, 0x6b8f, 0x6b8f, 0x6b8f, 0x6b8f, 0x6b8f, 0xce37, 0xce37, 0xce37, 0xce37,
0xce37, 0xce37, 0xdef9, 0xdef9, 0xdef9, 0xdef9, 0xdef9, 0xdef9, 0xdef9, 0xdef9,
0xce37, 0xa534, 0x6b8f, 0x6b8f, 0x6b8f, 0x6b8f, 0x6b8f, 0x6b8f, 0x6b8f, 0x6b8f,

0x0845, 0x0845, 0x0845, 0x0845, 0x0845, 0x0845, 0x0845, 0x0845, 0x0845, 0x0845,
0x0845, 0x0845, 0x0845, 0x0845, 0x0845, 0x0845, 0x0845, 0x0845, 0x0845, 0x0845,
0x0845, 0x0845, 0x0845, 0x0845, 0x0845, 0x0845, 0x0845, 0x0845, 0x7a43, 0x7a43,
0x7a43, 0xed6a, 0xed6a, 0xed6a, 0xed6a, 0xed6a, 0xed6a, 0xed6a, 0xed6a, 0xed6a,
0xabc8, 0xdcac, 0xdcac, 0xdcac, 0xdcac, 0xed6a, 0xabc8, 0x7a43, 0xdcac, 0xdcac,
0xdcac, 0xdcac, 0xdcac, 0xdcac, 0xdcac, 0xdcac, 0xdcac, 0xdcac, 0xdcac, 0xdcac,
0xdcac, 0xdcac, 0xed6a, 0xed6a, 0xfe2c, 0xfe2c, 0xfe2c, 0xfe2c, 0xfe2c, 0xfe2c,
0xfe2c, 0xfe2c, 0xfe2c, 0xfe2c, 0xfe2c, 0xfe2c, 0xfe2c, 0xfe2c, 0xfe2c, 0xfe2c,
0xfe2c, 0xfe2c, 0xfe2c, 0xfe2c, 0xfe2c, 0xfe2c, 0xfe2c, 0xfe2c, 0xfe2c, 0xfe2c,
0xfe2c, 0xfe2c, 0xfe2c, 0xfe2c, 0xfe2c, 0xfe2c, 0xfe2c, 0xfe2c, 0xfe2c, 0xfe2c,
0xfe2c, 0xfe2c, 0xfe2c, 0xfe2c, 0xfe2c, 0xfe2c, 0xfe2c, 0xfe2c, 0xfe2c, 0xfe2c,
0xfe2c, 0xfe2c, 0xfe2c, 0xfe2c, 0xfe2c, 0xfe2c, 0xfe2c, 0xfe2c, 0xfe2c, 0xfe2c,
0xfe2c, 0xfe2c, 0xfe2c, 0xfe2c, 0xfe2c, 0xfe2c, 0xfe2c, 0xfe2c, 0xed6a, 0xed6a,
0xed6a, 0xdcac, 0xdcac, 0xdcac, 0xdcac, 0xdcac, 0xed6a, 0xed6a, 0xed6a, 0xed6a,
0xed6a, 0xed6a, 0xed6a, 0xed6a, 0xdcac, 0xdcac, 0xdcac, 0xdcac, 0xdcac, 0xdcac,
0xdcac, 0xdcac, 0xdcac, 0xdcac, 0xdcac, 0xdcac, 0xdcac, 0xdcac, 0xed6a, 0xed6a,
0xfe2c, 0xdcac, 0x0845, 0x0845, 0x0845, 0xdcac, 0xdcac, 0xdcac, 0xdcac, 0xdcac,
0xdcac, 0x0845, 0x0845, 0x0845, 0xdcac, 0xfe2c, 0xed6a, 0xed6a, 0xed6a, 0xdcac,
0xdcac, 0xdcac, 0xdcac, 0xdcac, 0xed6a, 0xed6a, 0xed6a, 0xed6a, 0xed6a, 0xed6a,
0xed6a, 0xed6a, 0xdcac, 0xdcac, 0xdcac, 0xdcac, 0xdcac, 0xdcac, 0xdcac, 0xdcac,
0xdcac, 0xdcac, 0xdcac, 0xdcac, 0xdcac, 0xdcac, 0xed6a, 0xed6a, 0x0845, 0x0845,
0xa534, 0x6b8f, 0x6b8f, 0x6b8f, 0xdef9, 0xce37, 0x6b8f, 0x6b8f, 0x6b8f, 0x6b8f,
0x6b8f, 0x6b8f, 0x6b8f, 0x6b8f, 0x6b8f, 0x6b8f, 0x6b8f, 0x6b8f, 0x6b8f, 0x6b8f,
0x6b8f, 0x6b8f, 0x924b, 0xd44d, 0xd44d, 0xd44d, 0xd44d, 0xd44d, 0xfef4, 0xfef4,

0x0845, 0x0845, 0x0845, 0x0845, 0x0845, 0x0845, 0x0845, 0x0845, 0x0845, 0x0845,
0x0845, 0x0845, 0x0845, 0x0845, 0x0845, 0x0845, 0x694a, 0x0845, 0x0845, 0x0845,
0x0845, 0x0845, 0x0845, 0x0845, 0x0845, 0x694a, 0x694a, 0x694a, 0x694a, 0x694a,
0x0845, 0x0845, 0xabc8, 0xabc8, 0xabc8, 0xabc8, 0xabc8, 0xabc8, 0xabc8, 0xabc8,
0xabc8, 0xdcac, 0xdcac, 0xdcac, 0xdcac, 0xed6a, 0xabc8, 0x7a43, 0xed6a, 0xed6a,
0xed6a, 0xed6a, 0xed6a, 0xed6a, 0xfe2c, 0xfe2c, 0xfe2c, 0xfe2c, 0xfe2c, 0xfe2c,
0xfe2c, 0xfe2c, 0xfe2c, 0xfe2c, 0xfe2c, 0xfe2c, 0xfe2c, 0xfe2c, 0xfe2c, 0xfe2c,
0xfe2c, 0xed6a, 0xfe2c, 0xfe2c, 0xfe2c, 0xfe2c, 0xfe2c, 0xfe2c, 0xfe2c, 0xfe2c,
0xfe2c, 0xfe2c, 0xfe2c, 0xfe2c, 0xfe2c, 0xfe2c, 0xfe2c, 0xfe2c, 0xfe2c, 0xfe2c,
0xfe2c, 0xfe2c, 0xfe2c, 0xfe2c, 0xfe2c, 0xfe2c, 0xfe2c, 0xfe2c, 0xfe2c, 0xfe2c,
0xfe2c, 0xfe2c, 0xfe2c, 0xfe2c, 0xfe2c, 0xfe2c, 0xfe2c, 0xfe2c, 0xfe2c, 0xfe2c,
0xfe2c, 0xfe2c, 0xfe2c, 0xfe2c, 0xfe2c, 0xfe2c, 0xfe2c, 0xfe2c, 0xfe2c, 0xfe2c,
0xfe2c, 0xfe2c, 0xfe2c, 0xfe2c, 0xfe2c, 0xfe2c, 0xfe2c, 0xfe2c, 0xfe2c, 0xfe2c,
0xfe2c, 0xfe2c, 0xfe2c, 0xfe2c, 0xfe2c, 0xfe2c, 0xfe2c, 0xfe2c, 0xfe2c, 0xfe2c,
0xfe2c, 0xfe2c, 0xfe2c, 0xfe2c, 0xfe2c, 0xfe2c, 0xfe2c, 0xfe2c, 0xfe2c, 0xfe2c,
0xfe2c, 0xfe2c, 0xfe2c, 0xfe2c, 0xfe2c, 0xfe2c, 0xfe2c, 0xfe2c, 0xfe2c, 0xfe2c,
0xfe2c, 0xfe2c, 0xfe2c, 0x4187, 0xfe2c, 0xfe2c, 0xfe2c, 0x4187, 0x4187, 0xfe2c,
0xfe2c, 0xfe2c, 0x4187, 0x4187, 0xfe2c, 0xfe2c, 0xfe2c, 0x4187, 0x4187, 0x4187,
0x4187, 0x4187, 0x4187, 0x4187, 0x4187, 0x4187, 0x4187, 0x4187, 0x4187, 0x4187,
0x4187, 0x4187, 0xfe2c, 0xfe2c, 0xfe2c, 0xfe2c, 0xfe2c, 0xfe2c, 0xfe2c, 0xfe2c,
0xfe2c, 0xfe2c, 0xfe2c, 0xfe2c, 0xfe2c, 0xfe2c, 0xfe2c, 0xfe2c, 0x6b8f, 0x6b8f,
0x6b8f, 0x6b8f, 0x6b8f, 0x6b8f, 0x6b8f, 0x6b8f, 0x6b8f, 0x6b8f, 0x6b8f, 0x6b8f,
0x6b8f, 0x6b8f, 0x6b8f, 0x6b8f, 0x6b8f, 0x6b8f, 0x6b8f, 0x6b8f, 0x6b8f, 0x6b8f,
0x6b8f, 0x6b8f, 0x6b8f, 0x6b8f, 0x6b8f, 0x6b8f, 0x6b8f, 0x6b8f, 0x6b8f, 0x6b8f,

0x0845, 0x0845, 0x0845, 0x0845, 0x0845, 0x0845, 0x0845, 0x0845, 0x0845, 0x0845,
0x0845, 0x0845, 0x0845, 0x0845, 0x0845, 0x0845, 0xbb4b, 0x924b, 0x694a, 0x694a,
0x694a, 0x694a, 0x694a, 0x694a, 0x694a, 0x694a, 0x694a, 0xbb4b, 0xd44d, 0x694a,
0x694a, 0x0845, 0xdcac, 0xdcac, 0xdcac, 0xed6a, 0xabc8, 0xed6a, 0xdcac, 0xdcac,
0xdcac, 0xdcac, 0xdcac, 0xdcac, 0xdcac, 0xed6a, 0xabc8, 0x7a43, 0xed6a, 0xed6a,
0xfe2c, 0xfe2c, 0xfe2c, 0xfe2c, 0xfe2c, 0xfe2c, 0xfe2c, 0xfe2c, 0xfe2c, 0xfe2c,
0xfe2c, 0xfe2c, 0xfe2c, 0xfe2c, 0xfe2c, 0xfe2c, 0xfe2c, 0xfe2c, 0xfe2c, 0xfe2c,
0xfe2c, 0xed6a, 0xfe2c, 0xfe2c, 0xfe2c, 0xfe2c, 0xfe2c, 0xfe2c, 0xfe2c, 0xfe2c,
0xfe2c, 0xfe2c, 0xfe2c, 0xfe2c, 0xfe2c, 0xfe2c, 0xfe2c, 0xfe2c, 0xfe2c, 0xfe2c,
0xfe2c, 0xfe2c, 0xfe2c, 0xfe2c, 0xfe2c, 0xfe2c, 0xfe2c, 0xfe2c, 0xfe2c, 0xfe2c,
0xfe2c, 0xfe2c, 0xfe2c, 0xfe2c, 0xfe2c, 0xfe2c, 0xfe2c, 0xfe2c, 0xfe2c, 0xfe2c,
0xfe2c, 0xfe2c, 0xfe2c, 0xfe2c, 0xfe2c, 0xfe2c, 0xfe2c, 0xfe2c, 0xfe2c, 0xfe2c,
0xfe2c, 0xfe2c, 0xfe2c, 0xfe2c, 0xfe2c, 0xfe2c, 0xfe2c, 0xfe2c, 0xfe2c, 0xfe2c,
0xfe2c, 0xfe2c, 0xfe2c, 0xfe2c, 0xfe2c, 0xfe2c, 0xfe2c, 0xfe2c, 0xfe2c, 0xfe2c,
0xfe2c, 0xfe2c, 0xfe2c, 0xfe2c, 0xfe2c, 0xfe2c, 0xfe2c, 0xfe2c, 0xfe2c, 0xfe2c,
0xfe2c, 0xfe2c, 0xfe2c, 0xfe2c, 0xfe2c, 0xfe2c, 0xfe2c, 0xfe2c, 0xfe2c, 0xfe2c,
0xfe2c, 0xfe2c, 0x4187, 0x834d, 0x0845, 0xfe2c, 0xfe2c, 0x834d, 0x4187, 0xfe2c,
0xfe2c, 0xfe2c, 0x834d, 0x4187, 0xfe2c, 0xfe2c, 0x4187, 0x4187, 0xe6f9, 0xe6f9,
0xc5f6, 0xc5f6, 0xc5f6, 0xc5f6, 0xc5f6, 0xc5f6, 0xc5f6, 0xc5f6, 0xc5f6, 0xc5f6,
0x9cb0, 0x834d, 0x4187, 0x4187, 0x4187, 0xfe2c, 0xfe2c, 0xfe2c, 0xfe2c, 0xfe2c,
0xfe2c, 0xfe2c, 0xfe2c, 0xfe2c, 0xfe2c, 0xfe2c, 0xfe2c, 0xfe2c, 0x0845, 0x0845,
0xa534, 0x6b8f, 0x6b8f, 0x6b8f, 0xdef9, 0xce37, 0xce37, 0xce37, 0xce37, 0xce37,
0xce37, 0xce37, 0xce37, 0xdef9, 0xdef9, 0xdef9, 0xdef9, 0xdef9, 0xdef9, 0xdef9,
0xce37, 0xa534, 0x924b, 0xbb4b, 0xd44d, 0xd44d, 0xd44d, 0xd44d, 0xfef4, 0xfef4,

0x0845, 0x0845, 0x0845, 0x0845, 0x0845, 0x0845, 0x0845, 0x0845, 0x0845, 0x0845,
0x0845, 0x0845, 0x0845, 0x0845, 0x0845, 0x0845, 0xd44d, 0xbb4b, 0x694a, 0x694a,
0x694a, 0x694a, 0x694a, 0x694a, 0x924b, 0x924b, 0x694a, 0x694a, 0xd44d, 0x694a,
0x694a, 0x0845, 0xdcac, 0xdcac, 0xdcac, 0xed6a, 0xabc8, 0xed6a, 0xdcac, 0xdcac,
0xdcac, 0xdcac, 0xdcac, 0xdcac, 0xdcac, 0xed6a, 0xabc8, 0x7a43, 0xed6a, 0xed6a,
0xed6a, 0xed6a, 0xfe2c, 0xfe2c, 0xfe2c, 0xfe2c, 0xfe2c, 0xfe2c, 0xfe2c, 0xfe2c,
0xfe2c, 0xfe2c, 0xfe2c, 0xfe2c, 0xfe2c, 0xfe2c, 0xfe2c, 0xfe2c, 0xfe2c, 0xfe2c,
0xfe2c, 0xed6a, 0xfe2c, 0xfe2c, 0xfe2c, 0xfe2c, 0xfe2c, 0xfe2c, 0xfe2c, 0xfe2c,
0xfe2c, 0xfe2c, 0xfe2c, 0xfe2c, 0xfe2c, 0xfe2c, 0xfe2c, 0xfe2c, 0xfe2c, 0xfe2c,
0xfe2c, 0xfe2c, 0xfe2c, 0xfe2c, 0xfe2c, 0xfe2c, 0xfe2c, 0xfe2c, 0xfe2c, 0xfe2c,
0xfe2c, 0xfe2c, 0xfe2c, 0xfe2c, 0xfe2c, 0xfe2c, 0xfe2c, 0xfe2c, 0xfe2c, 0xfe2c,
0xfe2c, 0xfe2c, 0xfe2c, 0xfe2c, 0xfe2c, 0xfe2c, 0xfe2c, 0xfe2c, 0xfe2c, 0xfe2c,
0xfe2c, 0xfe2c, 0xfe2c, 0xfe2c, 0xfe2c, 0xfe2c, 0xfe2c, 0xfe2c, 0xfe2c, 0xfe2c,
0xfe2c, 0xfe2c, 0xfe2c, 0xfe2c, 0xfe2c, 0xfe2c, 0xfe2c, 0xfe2c, 0xfe2c, 0xfe2c,
0xfe2c, 0xfe2c, 0xfe2c, 0xfe2c, 0xfe2c, 0xfe2c, 0xfe2c, 0xfe2c, 0xfe2c, 0xfe2c,
0xfe2c, 0xfe2c, 0xfe2c, 0xfe2c, 0xfe2c, 0xfe2c, 0xfe2c, 0xfe2c, 0xfe2c, 0xfe2c,
0xfe2c, 0xfe2c, 0x4187, 0x834d, 0x0845, 0xfe2c, 0xfe2c, 0x834d, 0x4187, 0xfe2c,
0xfe2c, 0xfe2c, 0x834d, 0x4187, 0xfe2c, 0xfe2c, 0x4187, 0xe6f9, 0xc5f6, 0x834d,
0x834d, 0x834d, 0x834d, 0x834d, 0x834d, 0x834d, 0x9cb0, 0x834d, 0x9cb0, 0x9cb0,
0x9cb0, 0xc5f6, 0xc5f6, 0xc5f6, 0x9cb0, 0x4187, 0xfe2c, 0xfe2c, 0xfe2c, 0xfe2c,
0xfe2c, 0xfe2c, 0xfe2c, 0xfe2c, 0xfe2c, 0xfe2c, 0xfe2c, 0xfe2c, 0x6b8f, 0x6b8f,
0x6b8f, 0x6b8f, 0x6b8f, 0x6b8f, 0x6b8f, 0x6b8f, 0x6b8f, 0x6b8f, 0x6b8f, 0x6b8f,
0x6b8f, 0x6b8f, 0x6b8f, 0x6b8f, 0x6b8f, 0x6b8f, 0x6b8f, 0x6b8f, 0x6b8f, 0x6b8f,
0x6b8f, 0x6b8f, 0x6b8f, 0x6b8f, 0x6b8f, 0x6b8f, 0x6b8f, 0x6b8f, 0x6b8f, 0x6b8f,

0x0845, 0x0845, 0x0845, 0x0845, 0x0845, 0x0845, 0x0845, 0x0845, 0x0845, 0x0845,
0x0845, 0x0845, 0x0845, 0x0845, 0x0845, 0x0845, 0xbb4b, 0xd44d, 0x694a, 0x694a,
0x694a, 0x694a, 0x924b, 0x924b, 0x924b, 0x924b, 0x694a, 0x694a, 0xbb4b, 0x694a,
0x694a, 0x0845, 0xdcac, 0xdcac, 0xdcac, 0xed6a, 0xabc8, 0xed6a, 0xabc8, 0xdcac,
0xdcac, 0xdcac, 0xdcac, 0xdcac, 0xabc8, 0xed6a, 0xabc8, 0x7a43, 0xed6a, 0xed6a,
0xed6a, 0xed6a, 0xfe2c, 0xfe2c, 0xfe2c, 0xfe2c, 0xfe2c, 0xfe2c, 0xfe2c, 0xfe2c,
0xfe2c, 0xfe2c, 0xfe2c, 0xfe2c, 0xfe2c, 0xfe2c, 0xfe2c, 0xfe2c, 0xfe2c, 0xfe2c,
0xfe2c, 0xed6a, 0xfe2c, 0xfe2c, 0xfe2c, 0xfe2c, 0xfe2c, 0xfe2c, 0xfe2c, 0xfe2c,
0xfe2c, 0xfe2c, 0xfe2c, 0xfe2c, 0xfe2c, 0xfe2c, 0xfe2c, 0xfe2c, 0xfe2c, 0xfe2c,
0xfe2c, 0xfe2c, 0xfe2c, 0xfe2c, 0xfe2c, 0xfe2c, 0xfe2c, 0xfe2c, 0xfe2c, 0xfe2c,
0xfe2c, 0xfe2c, 0xfe2c, 0xfe2c, 0xfe2c, 0xfe2c, 0xfe2c, 0xfe2c, 0xfe2c, 0xfe2c,
0xfe2c, 0xfe2c, 0xfe2c, 0xfe2c, 0xfe2c, 0xfe2c, 0xfe2c, 0xfe2c, 0xfe2c, 0xfe2c,
0xfe2c, 0xfe2c, 0xfe2c, 0xfe2c, 0xfe2c, 0xfe2c, 0xfe2c, 0xfe2c, 0xfe2c, 0xfe2c,
0xfe2c, 0xfe2c, 0xfe2c, 0xfe2c, 0xfe2c, 0xfe2c, 0xfe2c, 0xfe2c, 0xfe2c, 0xfe2c,
0xfe2c, 0xfe2c, 0xfe2c, 0xfe2c, 0xfe2c, 0xfe2c, 0xfe2c, 0xfe2c, 0xfe2c, 0xfe2c,
0xfe2c, 0xfe2c, 0xfe2c, 0x5103, 0x5103, 0x5103, 0x5103, 0x5103, 0x0845, 0x5103,
0x5103, 0x0845, 0x834d, 0x0845, 0x0845, 0x5103, 0x5103, 0x834d, 0x4187, 0x5103,
0x5103, 0x5103, 0x834d, 0x4187, 0x5103, 0xfe2c, 0x4187, 0xe6f9, 0x834d, 0x9cb0,
0x834d, 0x834d, 0x834d, 0x834d, 0x834d, 0x834d, 0x834d, 0x9cb0, 0x9cb0, 0x834d,
0x9cb0, 0x9cb0, 0x9cb0, 0xc5f6, 0xc5f6, 0x4187, 0x4187, 0x4187, 0x4187, 0x4187,
0x4187, 0x4187, 0xfe2c, 0xfe2c, 0xfe2c, 0xfe2c, 0xfe2c, 0xfe2c, 0x0845, 0x0845,
0x424c, 0x6b8f, 0x6b8f, 0x6b8f, 0xce37, 0xa534, 0xa534, 0xa534, 0xce37, 0xef3b,
0xce37, 0xce37, 0xce37, 0xdef9, 0xdef9, 0xdef9, 0xdef9, 0xdef9, 0xdef9, 0xdef9,
0xce37, 0xa534, 0x924b, 0xd44d, 0xd44d, 0xd44d, 0xd44d, 0xd44d, 0xedf0, 0xfef4,

0x0845, 0x0845, 0x0845, 0x0845, 0x0845, 0x0845, 0x0845, 0x0845, 0x0845, 0x0845,
0x0845, 0x0845, 0x0845, 0x0845, 0x0845, 0x0845, 0xbb4b, 0xd44d, 0x694a, 0x924b,
0xbb4b, 0xbb4b, 0xbb4b, 0x924b, 0x924b, 0x924b, 0x694a, 0x694a, 0xd44d, 0x694a,
0x694a, 0x0845, 0xdcac, 0xdcac, 0xdcac, 0xed6a, 0xabc8, 0xed6a, 0xdcac, 0xdcac,
0xdcac, 0xdcac, 0xdcac, 0xdcac, 0xdcac, 0xed6a, 0xabc8, 0x7a43, 0xed6a, 0xed6a,
0xfe2c, 0xfe2c, 0xfe2c, 0xfe2c, 0xfe2c, 0xfe2c, 0xfe2c, 0xfe2c, 0xfe2c, 0xfe2c,
0xfe2c, 0xfe2c, 0xfe2c, 0xfe2c, 0xfe2c, 0xfe2c, 0xfe2c, 0xfe2c, 0xfe2c, 0xfe2c,
0xfe2c, 0xed6a, 0xfe2c, 0xfe2c, 0xfe2c, 0xfe2c, 0xfe2c, 0xfe2c, 0xfe2c, 0xfe2c,
0xfe2c, 0xfe2c, 0xfe2c, 0xfe2c, 0xfe2c, 0xfe2c, 0xfe2c, 0xfe2c, 0xfe2c, 0xfe2c,
0xfe2c, 0xfe2c, 0xfe2c, 0xfe2c, 0xfe2c, 0xfe2c, 0xfe2c, 0xfe2c, 0xfe2c, 0xfe2c,
0xfe2c, 0xfe2c, 0xfe2c, 0xfe2c, 0xfe2c, 0xfe2c, 0xfe2c, 0xfe2c, 0xfe2c, 0xfe2c,
0xfe2c, 0xfe2c, 0xfe2c, 0xfe2c, 0xfe2c, 0xfe2c, 0xfe2c, 0xfe2c, 0xfe2c, 0xfe2c,
0xfe2c, 0xfe2c, 0xfe2c, 0xfe2c, 0xfe2c, 0xfe2c, 0xfe2c, 0xfe2c, 0xfe2c, 0xfe2c,
0xfe2c, 0xfe2c, 0xfe2c, 0xfe2c, 0xfe2c, 0xfe2c, 0xfe2c, 0xfe2c, 0xfe2c, 0xfe2c,
0xfe2c, 0xfe2c, 0xfe2c, 0xfe2c, 0xfe2c, 0xfe2c, 0xfe2c, 0xfe2c, 0xfe2c, 0xfe2c,
0xfe2c, 0xfe2c, 0x5103, 0xb4a7, 0xd62c, 0xd62c, 0xd62c, 0xd62c, 0xd62c, 0xd62c,
0xd62c, 0x4187, 0x834d, 0x0845, 0x8b01, 0xd62c, 0xd62c, 0x4187, 0x4187, 0xb4a7,
0xd62c, 0xd62c, 0x834d, 0x4187, 0xb4a7, 0x5103, 0x4187, 0xe6f9, 0x834d, 0x834d,
0x834d, 0x9cb0, 0x9cb0, 0x834d, 0x834d, 0x834d, 0x9cb0, 0x834d, 0x9cb0, 0x9cb0,
0x9cb0, 0x9cb0, 0x9cb0, 0xc5f6, 0xc5f6, 0x834d, 0x9cb0, 0xc5f6, 0xc5f6, 0xc5f6,
0xc5f6, 0x834d, 0x4187, 0x4187, 0x4187, 0xfe2c, 0xfe2c, 0xfe2c, 0x6b8f, 0x6b8f,
0x6b8f, 0x6b8f, 0x6b8f, 0x6b8f, 0x6b8f, 0x6b8f, 0x6b8f, 0x6b8f, 0x6b8f, 0x6b8f,
0x6b8f, 0x6b8f, 0x6b8f, 0x6b8f, 0x6b8f, 0x6b8f, 0x6b8f, 0x6b8f, 0x6b8f, 0x6b8f,
0x6b8f, 0x6b8f, 0x6b8f, 0x6b8f, 0x6b8f, 0x6b8f, 0x6b8f, 0x6b8f, 0x6b8f, 0x6b8f,

0x0845, 0x0845, 0x0845, 0x0845, 0x0845, 0x0845, 0x0845, 0x0845, 0x0845, 0x0845,
0x0845, 0x0845, 0x0845, 0x0845, 0x0845, 0x0845, 0xedf0, 0xd44d, 0x694a, 0x924b,
0xbb4b, 0xbb4b, 0xbb4b, 0x924b, 0x924b, 0x694a, 0x694a, 0x694a, 0xd44d, 0x694a,
0x694a, 0x0845, 0xed6a, 0xed6a, 0xed6a, 0xed6a, 0xabc8, 0xed6a, 0xed6a, 0xed6a,
0xed6a, 0xed6a, 0xed6a, 0xed6a, 0xed6a, 0xed6a, 0xabc8, 0x7a43, 0xed6a, 0xed6a,
0xed6a, 0xed6a, 0xed6a, 0xed6a, 0xfe2c, 0xfe2c, 0xfe2c, 0xfe2c, 0xfe2c, 0xfe2c,
0xfe2c, 0xfe2c, 0xfe2c, 0xfe2c, 0xfe2c, 0xfe2c, 0xfe2c, 0xfe2c, 0xfe2c, 0xfe2c,
0xfe2c, 0xed6a, 0xfe2c, 0xfe2c, 0xfe2c, 0xfe2c, 0xfe2c, 0xfe2c, 0xfe2c, 0xfe2c,
0xfe2c, 0xfe2c, 0xfe2c, 0xfe2c, 0xfe2c, 0xfe2c, 0xfe2c, 0xfe2c, 0xfe2c, 0xfe2c,
0xfe2c, 0xfe2c, 0xfe2c, 0xfe2c, 0xfe2c, 0xfe2c, 0xfe2c, 0xfe2c, 0xfe2c, 0xfe2c,
0xfe2c, 0xfe2c, 0xfe2c, 0xfe2c, 0xfe2c, 0xfe2c, 0xfe2c, 0xfe2c, 0xfe2c, 0xfe2c,
0xfe2c, 0xfe2c, 0xfe2c, 0xfe2c, 0xfe2c, 0xfe2c, 0xfe2c, 0xfe2c, 0xfe2c, 0xfe2c,
0xfe2c, 0xfe2c, 0xfe2c, 0xfe2c, 0xfe2c, 0xfe2c, 0xfe2c, 0xfe2c, 0xfe2c, 0xfe2c,
0xfe2c, 0xfe2c, 0xfe2c, 0xfe2c, 0xfe2c, 0xfe2c, 0xfe2c, 0xfe2c, 0xfe2c, 0xfe2c,
0xfe2c, 0xfe2c, 0xfe2c, 0xfe2c, 0xfe2c, 0xfe2c, 0xfe2c, 0xfe2c, 0xfe2c, 0xfe2c,
0xfe2c, 0xfe2c, 0x5103, 0xd62c, 0xd62c, 0xd62c, 0xd62c, 0xd62c, 0xd62c, 0xd62c,
0x4187, 0x9cb0, 0x0845, 0x8b01, 0xb4a7, 0xd62c, 0xd62c, 0x4187, 0x4187, 0xb4a7,
0xd62c, 0xd62c, 0x834d, 0x4187, 0xb4a7, 0x5103, 0x4187, 0xc5f6, 0x834d, 0x834d,
0x9cb0, 0x9cb0, 0x9cb0, 0x9cb0, 0x9cb0, 0x9cb0, 0x834d, 0x9cb0, 0x9cb0, 0x9cb0,
0x9cb0, 0xc5f6, 0x9cb0, 0xc5f6, 0xc5f6, 0x834d, 0x834d, 0x834d, 0x9cb0, 0x9cb0,
0xc5f6, 0xc5f6, 0xe6f9, 0xc5f6, 0x834d, 0x4187, 0x4187, 0xfe2c, 0x0845, 0x0845,
0x6b8f, 0xa534, 0xce37, 0xce37, 0xa534, 0xa534, 0xa534, 0xa534, 0xa534, 0xef3b,
0xce37, 0xce37, 0xce37, 0xce37, 0xdef9, 0xdef9, 0xdef9, 0xef3b, 0xdef9, 0xce37,
0xce37, 0xa534, 0x924b, 0xd44d, 0xd44d, 0xd44d, 0xd44d, 0xd44d, 0xfef4, 0xfef4,

0x0845, 0x0845, 0x0845, 0x0845, 0x0845, 0x0845, 0x0845, 0x0845, 0x0845, 0x0845,
0x0845, 0x0845, 0x0845, 0x0845, 0x0845, 0x0845, 0xedf0, 0xd44d, 0x694a, 0x924b,
0xbb4b, 0xbb4b, 0x924b, 0x694a, 0x694a, 0x694a, 0xd44d, 0xd44d, 0xd44d, 0x694a,
0x0845, 0x0845, 0xabc8, 0xabc8, 0xabc8, 0xabc8, 0x7a43, 0xabc8, 0xdcac, 0xabc8,
0xabc8, 0xabc8, 0xabc8, 0xabc8, 0xabc8, 0xabc8, 0xdcac, 0x7a43, 0xfe2c, 0xfe2c,
0xfe2c, 0xfe2c, 0xfe2c, 0xfe2c, 0xfe2c, 0xfe2c, 0xfe2c, 0xfe2c, 0xfe2c, 0xfe2c,
0xfe2c, 0xfe2c, 0xfe2c, 0xfe2c, 0xfe2c, 0xfe2c, 0xfe2c, 0xfe2c, 0xfe2c, 0xfe2c,
0xfe2c, 0xed6a, 0xfe2c, 0xfe2c, 0xfe2c, 0xfe2c, 0xfe2c, 0xfe2c, 0xfe2c, 0xfe2c,
0xfe2c, 0xfe2c, 0xfe2c, 0xfe2c, 0xfe2c, 0xfe2c, 0xfe2c, 0xfe2c, 0xfe2c, 0xfe2c,
0xfe2c, 0xfe2c, 0xfe2c, 0xfe2c, 0xfe2c, 0xfe2c, 0xfe2c, 0xfe2c, 0xfe2c, 0xfe2c,
0xfe2c, 0xfe2c, 0xfe2c, 0xfe2c, 0xfe2c, 0xfe2c, 0xfe2c, 0xfe2c, 0xfe2c, 0xfe2c,
0xfe2c, 0xfe2c, 0xfe2c, 0xfe2c, 0xfe2c, 0xfe2c, 0xfe2c, 0xfe2c, 0xfe2c, 0xfe2c,
0xfe2c, 0xfe2c, 0xfe2c, 0xfe2c, 0xfe2c, 0xfe2c, 0xfe2c, 0xfe2c, 0xfe2c, 0xfe2c,
0xfe2c, 0xfe2c, 0xfe2c, 0xfe2c, 0xfe2c, 0xfe2c, 0xfe2c, 0xfe2c, 0xfe2c, 0xfe2c,
0xfe2c, 0xfe2c, 0xfe2c, 0xfe2c, 0xfe2c, 0xfe2c, 0xfe2c, 0xfe2c, 0xfe2c, 0xfe2c,
0xfe2c, 0xfe2c, 0x5103, 0xd62c, 0xd62c, 0xd62c, 0xd62c, 0xd62c, 0xd62c, 0xd62c,
0x4187, 0x834d, 0x0845, 0xb4a7, 0xd62c, 0xd62c, 0xd62c, 0x4187, 0x4187, 0x834d,
0xd62c, 0xb4a7, 0x4187, 0x4187, 0xb4a7, 0x5103, 0x4187, 0xc5f6, 0x834d, 0x9cb0,
0x9cb0, 0xc5f6, 0x9cb0, 0x9cb0, 0x9cb0, 0x834d, 0x9cb0, 0x9cb0, 0x9cb0, 0x9cb0,
0xc5f6, 0x9cb0, 0xc5f6, 0xc5f6, 0xc5f6, 0x834d, 0x834d, 0x9cb0, 0x9cb0, 0x9cb0,
0x9cb0, 0xc5f6, 0xc5f6, 0xe6f9, 0xe6f9, 0xe6f9, 0x9cb0, 0x4187, 0x6b8f, 0x6b8f,
0x6b8f, 0x6b8f, 0x6b8f, 0x6b8f, 0x6b8f, 0x6b8f, 0x6b8f, 0x6b8f, 0x6b8f, 0x6b8f,
0x6b8f, 0x6b8f, 0x6b8f, 0x6b8f, 0x6b8f, 0x6b8f, 0x6b8f, 0x6b8f, 0x6b8f, 0x6b8f,
0x6b8f, 0x6b8f, 0x6b8f, 0x6b8f, 0x6b8f, 0x6b8f, 0x6b8f, 0x6b8f, 0x6b8f, 0x6b8f,

0x0845, 0x0845, 0x0845, 0x0845, 0x0845, 0x0845, 0x0845, 0x0845, 0x0845, 0x0845,
0x0845, 0x0845, 0x0845, 0x0845, 0x0845, 0x0845, 0xedf0, 0xd44d, 0x694a, 0x924b,
0x924b, 0x694a, 0x694a, 0xa534, 0xa534, 0x694a, 0x924b, 0x924b, 0x694a, 0x0845,
0x0845, 0x0845, 0x7a43, 0x7a43, 0x7a43, 0x7a43, 0x7a43, 0x7a43, 0x7a43, 0x7a43,
0x7a43, 0x7a43, 0x7a43, 0x7a43, 0x7a43, 0x7a43, 0x7a43, 0xdcac, 0xdcac, 0xdcac,
0xdcac, 0xdcac, 0xdcac, 0xdcac, 0xed6a, 0xed6a, 0xed6a, 0xfe2c, 0xed6a, 0xed6a,
0xed6a, 0xed6a, 0xfe2c, 0xed6a, 0xed6a, 0xed6a, 0xed6a, 0xed6a, 0xed6a, 0xed6a,
0xed6a, 0xed6a, 0xed6a, 0xfe2c, 0xed6a, 0xed6a, 0xed6a, 0xed6a, 0xfe2c, 0xed6a,
0xed6a, 0xfe2c, 0xed6a, 0xed6a, 0xed6a, 0xed6a, 0xfe2c, 0xed6a, 0xfe2c, 0xfe2c,
0xfe2c, 0xfe2c, 0xfe2c, 0xfe2c, 0xfe2c, 0xfe2c, 0xed6a, 0xed6a, 0xfe2c, 0xed6a,
0xed6a, 0xed6a, 0xed6a, 0xed6a, 0xed6a, 0xfe2c, 0xed6a, 0xed6a, 0xed6a, 0xed6a,
0xfe2c, 0xed6a, 0xfe2c, 0xfe2c, 0xfe2c, 0xfe2c, 0xfe2c, 0xfe2c, 0xfe2c, 0xfe2c,
0xfe2c, 0xfe2c, 0xfe2c, 0xfe2c, 0xfe2c, 0xfe2c, 0xfe2c, 0xfe2c, 0xfe2c, 0xfe2c,
0xfe2c, 0xfe2c, 0xfe2c, 0xfe2c, 0xfe2c, 0xfe2c, 0xfe2c, 0xfe2c, 0xfe2c, 0xfe2c,
0xfe2c, 0xfe2c, 0xfe2c, 0xfe2c, 0xfe2c, 0xfe2c, 0xfe2c, 0xfe2c, 0xfe2c, 0xfe2c,
0xfe2c, 0xfe2c, 0x5103, 0xb4a7, 0xb4a7, 0xb4a7, 0x0845, 0x0845, 0xb4a7, 0x0845,
0x9cb0, 0x0845, 0x8b01, 0xd62c, 0xd62c, 0xd62c, 0xd62c, 0x8b01, 0x4187, 0x5a4a,
0xb4a7, 0x5a4a, 0x4187, 0x8b01, 0xd62c, 0x5103, 0x4187, 0xc5f6, 0x834d, 0x9cb0,
0xc5f6, 0x9cb0, 0xc5f6, 0x9cb0, 0x9cb0, 0x9cb0, 0x9cb0, 0x9cb0, 0x9cb0, 0xc5f6,
0xc5f6, 0xc5f6, 0xc5f6, 0x9cb0, 0xc5f6, 0x834d, 0x834d, 0x9cb0, 0x9cb0, 0x9cb0,
0x9cb0, 0xc5f6, 0xc5f6, 0xe6f9, 0xe6f9, 0xe6f9, 0x9cb0, 0x0845, 0x424c, 0x424c,
0x6b8f, 0x6b8f, 0x6b8f, 0xdef9, 0xa534, 0xa534, 0xa534, 0xa534, 0xa534, 0xdef9,
0xce37, 0xce37, 0xce37, 0xce37, 0xdef9, 0xdef9, 0xdef9, 0xdef9, 0xef3b, 0xdef9,
0xce37, 0xa534, 0x924b, 0xd44d, 0xd44d, 0xd44d, 0xd44d, 0xd44d, 0xfef4, 0xfef4,

0x0000, 0x0000, 0x0000, 0x0000, 0x0000, 0x0000, 0x0000, 0x0000, 0x0000, 0x0000,
0x0000, 0x0000, 0x0000, 0x0000, 0x0000, 0x0000, 0xedf0, 0xd44d, 0x694a, 0x924b,
0x694a, 0xa534, 0xa534, 0xa534, 0xa534, 0xa534, 0xa534, 0x6b8f, 0x6b8f, 0x0845,
0x0845, 0x0845, 0xfe2c, 0xfe2c, 0xfe2c, 0xfe2c, 0xfe2c, 0xfe2c, 0xfe2c, 0xfe2c,
0xfe2c, 0xfe2c, 0xfe2c, 0xfe2c, 0xfe2c, 0xfe2c, 0xfe2c, 0xfe2c, 0xfe2c, 0xfe2c,
0xfe2c, 0xfe2c, 0xfe2c, 0xfe2c, 0xfe2c, 0xfe2c, 0xfe2c, 0xfe2c, 0xfe2c, 0xfe2c,
0xfe2c, 0xfe2c, 0xfe2c, 0xfe2c, 0xfe2c, 0xfe2c, 0xfe2c, 0xfe2c, 0xfe2c, 0xfe2c,
0xfe2c, 0xfe2c, 0xfe2c, 0xfe2c, 0xfe2c, 0xfe2c, 0xfe2c, 0xfe2c, 0xfe2c, 0xfe2c,
0xfe2c, 0xfe2c, 0xfe2c, 0xfe2c, 0xfe2c, 0xfe2c, 0xfe2c, 0xfe2c, 0xfe2c, 0xfe2c,
0xfe2c, 0xfe2c, 0xfe2c, 0xfe2c, 0xfe2c, 0xfe2c, 0xfe2c, 0xfe2c, 0xfe2c, 0xfe2c,
0xfe2c, 0xfe2c, 0xfe2c, 0xfe2c, 0xfe2c, 0xfe2c, 0xfe2c, 0xfe2c, 0xfe2c, 0xfe2c,
0xfe2c, 0xfe2c, 0xfe2c, 0xfe2c, 0xfe2c, 0xfe2c, 0xfe2c, 0xfe2c, 0xfe2c, 0xfe2c,
0xfe2c, 0xfe2c, 0xfe2c, 0xfe2c, 0xfe2c, 0xfe2c, 0xfe2c, 0xed6a, 0xfe2c, 0xfe2c,
0xfe2c, 0xfe2c, 0xfe2c, 0xfe2c, 0xfe2c, 0xfe2c, 0xfe2c, 0xfe2c, 0xfe2c, 0xfe2c,
0xfe2c, 0xfe2c, 0xfe2c, 0xfe2c, 0xfe2c, 0xfe2c, 0xfe2c, 0xfe2c, 0xfe2c, 0xfe2c,
0xfe2c, 0xfe2c, 0x5103, 0xd62c, 0xd62c, 0x0845, 0x4187, 0x0845, 0x0845, 0x0845,
0x0845, 0x0845, 0xb4a7, 0xd62c, 0xb4a7, 0xb4a7, 0xb4a7, 0xb4a7, 0x5a4a, 0x4187,
0x0845, 0x4187, 0x5a4a, 0xb4a7, 0xd62c, 0x5103, 0x4187, 0xc5f6, 0x834d, 0xc5f6,
0xc5f6, 0xc5f6, 0x9cb0, 0x9cb0, 0x9cb0, 0x9cb0, 0x9cb0, 0x9cb0, 0xc5f6, 0xc5f6,
0xc5f6, 0xc5f6, 0x9cb0, 0x834d, 0xc5f6, 0x5a4a, 0x834d, 0x834d, 0x834d, 0x9cb0,
0xc5f6, 0xc5f6, 0xe6f9, 0xe6f9, 0x9cb0, 0x5a4a, 0x0845, 0xfe2c, 0x928a, 0x928a,
0x928a, 0x928a, 0x928a, 0x928a, 0x928a, 0x928a, 0x928a, 0x928a, 0x928a, 0x928a,
0x928a, 0x928a, 0x928a, 0x928a, 0x928a, 0x928a, 0x928a, 0x928a, 0x928a, 0x928a,
0x928a, 0x928a, 0x928a, 0x928a, 0x928a, 0x928a, 0x928a, 0x928a, 0x928a, 0x928a,

0x0000, 0x0000, 0x0000, 0x0000, 0x0000, 0x0000, 0x0000, 0x0000, 0x0000, 0x0000,
0x0000, 0x0000, 0x0000, 0x0000, 0x0000, 0x0000, 0xbb4b, 0xd44d, 0x694a, 0x694a,
0xef3b, 0xa534, 0xa534, 0xa534, 0xa534, 0xa534, 0xce37, 0xa534, 0x6b8f, 0x0845,
0x0845, 0x0845, 0xfe2c, 0xfe2c, 0xfe2c, 0xfe2c, 0xfe2c, 0xfe2c, 0xfe2c, 0xfe2c,
0xfe2c, 0xfe2c, 0xfe2c, 0xfe2c, 0xfe2c, 0xfe2c, 0xfe2c, 0xfe2c, 0xfe2c, 0xfe2c,
0xfe2c, 0xfe2c, 0xfe2c, 0xfe2c, 0xfe2c, 0xfe2c, 0xfe2c, 0xfe2c, 0xfe2c, 0xfe2c,
0xfe2c, 0xfe2c, 0xfe2c, 0xfe2c, 0xfe2c, 0xfe2c, 0xfe2c, 0xfe2c, 0xfe2c, 0xfe2c,
0xfe2c, 0xfe2c, 0xfe2c, 0xfe2c, 0xfe2c, 0xfe2c, 0xfe2c, 0xfe2c, 0xfe2c, 0xfe2c,
0xfe2c, 0xfe2c, 0xfe2c, 0xfe2c, 0xfe2c, 0xfe2c, 0xfe2c, 0xfe2c, 0xfe2c, 0xfe2c,
0xfe2c, 0xfe2c, 0xfe2c, 0xfe2c, 0xfe2c, 0xfe2c, 0xfe2c, 0xfe2c, 0xfe2c, 0xfe2c,
0xfe2c, 0xfe2c, 0xfe2c, 0xfe2c, 0xfe2c, 0xfe2c, 0xfe2c, 0xfe2c, 0xfe2c, 0xfe2c,
0xfe2c, 0xfe2c, 0xfe2c, 0xfe2c, 0xfe2c, 0xfe2c, 0xfe2c, 0xfe2c, 0xfe2c, 0xfe2c,
0xfe2c, 0xfe2c, 0xfe2c, 0xfe2c, 0xfe2c, 0xfe2c, 0xfe2c, 0xed6a, 0xfe2c, 0xfe2c,
0xfe2c, 0xfe2c, 0xfe2c, 0xfe2c, 0xfe2c, 0xfe2c, 0xfe2c, 0xfe2c, 0xfe2c, 0xfe2c,
0xfe2c, 0xfe2c, 0xfe2c, 0xfe2c, 0xfe2c, 0xfe2c, 0xfe2c, 0xfe2c, 0xfe2c, 0xfe2c,
0xfe2c, 0xfe2c, 0x5103, 0xd62c, 0xd62c, 0x0845, 0x9cb0, 0x834d, 0x4187, 0x0845,
0x0845, 0x0845, 0x0845, 0xb4a7, 0xd62c, 0xd62c, 0xd62c, 0xd62c, 0xd62c, 0x0845,
0x4187, 0x4187, 0x834d, 0xd62c, 0xd62c, 0x5103, 0x4187, 0xe6f9, 0x834d, 0x9cb0,
0xc5f6, 0x9cb0, 0x9cb0, 0x9cb0, 0x9cb0, 0x9cb0, 0x9cb0, 0xc5f6, 0xc5f6, 0xc5f6,
0xc5f6, 0x9cb0, 0x834d, 0x834d, 0xc5f6, 0x5a4a, 0x9cb0, 0x9cb0, 0x9cb0, 0xc5f6,
0xc5f6, 0x9cb0, 0x834d, 0x5a4a, 0x0845, 0x0845, 0xfe2c, 0xfe2c, 0x0845, 0x424c,
0x6b8f, 0x6b8f, 0x6b8f, 0xdef9, 0xa534, 0xa534, 0xa534, 0xa534, 0xa534, 0xef3b,
0xce37, 0xce37, 0xce37, 0xce37, 0xdef9, 0xdef9, 0xdef9, 0xdef9, 0xdef9, 0xdef9,
0xce37, 0xa534, 0x924b, 0xd44d, 0xd44d, 0xd44d, 0xd44d, 0xd44d, 0xfef4, 0xfef4,

0x0000, 0x0000, 0x0000, 0x0000, 0x0000, 0x0000, 0x0000, 0x0000, 0x0000, 0x0000,
0x0000, 0x0000, 0x0000, 0x0000, 0x0000, 0x0000, 0xbb4b, 0xd44d, 0x694a, 0xce37,
0xef3b, 0xa534, 0xa534, 0xa534, 0xa534, 0xa534, 0xce37, 0xa534, 0xa534, 0x6b8f,
0x424c, 0x424c, 0xfe2c, 0xfe2c, 0xfe2c, 0xfe2c, 0xfe2c, 0xfe2c, 0xfe2c, 0xfe2c,
0xfe2c, 0xfe2c, 0xfe2c, 0xfe2c, 0xfe2c, 0xfe2c, 0xfe2c, 0xfe2c, 0xfe2c, 0xfe2c,
0xfe2c, 0xfe2c, 0xfe2c, 0xfe2c, 0xfe2c, 0xfe2c, 0xfe2c, 0xfe2c, 0xfe2c, 0xfe2c,
0xfe2c, 0xfe2c, 0xfe2c, 0xfe2c, 0xfe2c, 0xfe2c, 0xfe2c, 0xfe2c, 0xfe2c, 0xfe2c,
0xfe2c, 0xfe2c, 0xfe2c, 0xfe2c, 0xfe2c, 0xfe2c, 0xfe2c, 0xfe2c, 0xfe2c, 0xfe2c,
0xfe2c, 0xfe2c, 0xfe2c, 0xfe2c, 0xfe2c, 0xfe2c, 0xfe2c, 0xfe2c, 0xfe2c, 0xfe2c,
0xfe2c, 0xfe2c, 0xfe2c, 0xfe2c, 0xfe2c, 0xfe2c, 0xfe2c, 0xfe2c, 0xfe2c, 0xfe2c,
0xfe2c, 0xfe2c, 0xfe2c, 0xfe2c, 0xfe2c, 0xfe2c, 0xfe2c, 0xfe2c, 0xfe2c, 0xfe2c,
0xfe2c, 0xfe2c, 0xfe2c, 0xfe2c, 0xfe2c, 0xfe2c, 0xfe2c, 0xfe2c, 0xfe2c, 0xfe2c,
0xfe2c, 0xfe2c, 0xfe2c, 0xfe2c, 0xfe2c, 0xfe2c, 0xfe2c, 0xed6a, 0xfe2c, 0xfe2c,
0xfe2c, 0xfe2c, 0xfe2c, 0xfe2c, 0xfe2c, 0xfe2c, 0xfe2c, 0xfe2c, 0xfe2c, 0xfe2c,
0xfe2c, 0xfe2c, 0xfe2c, 0xfe2c, 0xfe2c, 0xfe2c, 0xfe2c, 0xfe2c, 0xfe2c, 0xfe2c,
0xfe2c, 0xfe2c, 0x5103, 0xd62c, 0xd62c, 0x0845, 0x0845, 0x0845, 0xc5f6, 0x9cb0,
0x4187, 0x0845, 0x0845, 0x8b01, 0xd62c, 0xd62c, 0xd62c, 0xd62c, 0x4187, 0x4187,
0x834d, 0x4187, 0x4187, 0xd62c, 0xd62c, 0x5103, 0x4187, 0xe6f9, 0xc5f6, 0x834d,
0x834d, 0x9cb0, 0x9cb0, 0x9cb0, 0x9cb0, 0xc5f6, 0xc5f6, 0xc5f6, 0xc5f6, 0xc5f6,
0xc5f6, 0xc5f6, 0xc5f6, 0xc5f6, 0x9cb0, 0x0845, 0x4187, 0x4187, 0x4187, 0x4187,
0x4187, 0x4187, 0x0845, 0x0845, 0xfe2c, 0xfe2c, 0xfe2c, 0xfe2c, 0x928a, 0x928a,
0x928a, 0x928a, 0x928a, 0x928a, 0x928a, 0x928a, 0x928a, 0x928a, 0x928a, 0x928a,
0x928a, 0x928a, 0x928a, 0x928a, 0x928a, 0x928a, 0x928a, 0x928a, 0x928a, 0x928a,
0x928a, 0x928a, 0x928a, 0x928a, 0x928a, 0x928a, 0x928a, 0x928a, 0x928a, 0x928a,

0x0000, 0x0000, 0x0000, 0x0000, 0x0000, 0x0000, 0x0000, 0x0000, 0x0000, 0x0000,
0x0000, 0x0000, 0x0000, 0x0000, 0x0000, 0x0000, 0xd44d, 0xd44d, 0x694a, 0xce37,
0xef3b, 0xa534, 0xa534, 0xa534, 0xa534, 0xa534, 0xce37, 0x6b8f, 0xa534, 0x424c,
0x0845, 0x0845, 0xfe2c, 0xfe2c, 0xfe2c, 0xfe2c, 0xfe2c, 0xfe2c, 0xfe2c, 0xfe2c,
0xfe2c, 0xfe2c, 0xfe2c, 0xfe2c, 0xfe2c, 0xfe2c, 0xfe2c, 0xfe2c, 0xfe2c, 0xfe2c,
0xfe2c, 0xfe2c, 0xfe2c, 0xfe2c, 0xfe2c, 0xfe2c, 0xfe2c, 0xfe2c, 0xfe2c, 0xfe2c,
0xfe2c, 0xfe2c, 0xfe2c, 0xfe2c, 0xfe2c, 0xfe2c, 0xfe2c, 0xfe2c, 0xfe2c, 0xfe2c,
0xfe2c, 0xfe2c, 0xfe2c, 0xfe2c, 0xfe2c, 0xfe2c, 0xfe2c, 0xfe2c, 0xfe2c, 0xfe2c,
0xfe2c, 0xfe2c, 0xfe2c, 0xfe2c, 0xfe2c, 0xfe2c, 0xfe2c, 0xfe2c, 0xfe2c, 0xfe2c,
0xfe2c, 0xfe2c, 0xfe2c, 0xfe2c, 0xfe2c, 0xfe2c, 0xfe2c, 0xfe2c, 0xfe2c, 0xfe2c,
0xfe2c, 0xfe2c, 0xfe2c, 0xfe2c, 0xfe2c, 0xfe2c, 0xfe2c, 0xfe2c, 0xfe2c, 0xfe2c,
0xfe2c, 0xfe2c, 0xfe2c, 0xfe2c, 0xfe2c, 0xfe2c, 0xfe2c, 0xfe2c, 0xfe2c, 0xfe2c,
0xfe2c, 0xfe2c, 0xfe2c, 0xfe2c, 0xfe2c, 0xfe2c, 0xfe2c, 0xed6a, 0xfe2c, 0xfe2c,
0xfe2c, 0xfe2c, 0xfe2c, 0xfe2c, 0xfe2c, 0xfe2c, 0xfe2c, 0xfe2c, 0xfe2c, 0xfe2c,
0xfe2c, 0xfe2c, 0xfe2c, 0xfe2c, 0xfe2c, 0xfe2c, 0xfe2c, 0xfe2c, 0xfe2c, 0xfe2c,
0xfe2c, 0xfe2c, 0x5103, 0xd62c, 0xd62c, 0xd62c, 0x8b01, 0x0845, 0x0845, 0x0845,
0x834d, 0x4187, 0x0845, 0x8b01, 0xd62c, 0xd62c, 0xd62c, 0xd62c, 0x4187, 0x834d,
0xb4a7, 0x834d, 0x4187, 0xd62c, 0xd62c, 0x5103, 0x0845, 0x5a4a, 0xe6f9, 0xc5f6,
0xc5f6, 0xc5f6, 0xc5f6, 0xc5f6, 0xe6f9, 0xe6f9, 0xe6f9, 0xe6f9, 0xe6f9, 0xc5f6,
0x9cb0, 0x834d, 0x5a4a, 0x5a4a, 0x5a4a, 0x0845, 0x4187, 0x4187, 0x4187, 0x0845,
0x0845, 0x0845, 0xfe2c, 0xfe2c, 0xfe2c, 0xfe2c, 0xfe2c, 0xfe2c, 0x0845, 0x0845,
0xa534, 0x6b8f, 0xa534, 0xce37, 0xa534, 0xa534, 0xa534, 0xa534, 0xa534, 0xef3b,
0xce37, 0xce37, 0xce37, 0xce37, 0xdef9, 0xdef9, 0xdef9, 0xdef9, 0xdef9, 0xdef9,
0xce37, 0xa534, 0x924b, 0xd44d, 0xd44d, 0xd44d, 0xd44d, 0xd44d, 0xfef4, 0xfef4,

0x0000, 0x0000, 0x0000, 0x0000, 0x0000, 0x0000, 0x0000, 0x0000, 0x0000, 0x0000,
0x0000, 0x0000, 0x0000, 0x0000, 0x0000, 0x0000, 0xedf0, 0x694a, 0xce37, 0xce37,
0xef3b, 0xa534, 0xa534, 0xa534, 0xa534, 0xce37, 0x6b8f, 0x6b8f, 0x6b8f, 0x424c,
0x0845, 0x0845, 0xfe2c, 0xfe2c, 0xfe2c, 0xfe2c, 0xfe2c, 0xfe2c, 0xfe2c, 0xfe2c,
0xfe2c, 0xfe2c, 0xfe2c, 0xfe2c, 0xfe2c, 0xfe2c, 0xfe2c, 0xfe2c, 0xfe2c, 0xfe2c,
0xfe2c, 0xfe2c, 0xfe2c, 0xfe2c, 0xfe2c, 0xfe2c, 0xfe2c, 0xfe2c, 0xfe2c, 0xfe2c,
0xfe2c, 0xfe2c, 0xfe2c, 0xfe2c, 0xfe2c, 0xfe2c, 0xfe2c, 0xfe2c, 0xfe2c, 0xfe2c,
0xfe2c, 0xfe2c, 0xfe2c, 0xfe2c, 0xfe2c, 0xfe2c, 0xfe2c, 0xfe2c, 0xfe2c, 0xfe2c,
0xfe2c, 0xfe2c, 0xfe2c, 0xfe2c, 0xfe2c, 0xfe2c, 0xfe2c, 0xfe2c, 0xfe2c, 0xfe2c,
0xfe2c, 0xfe2c, 0xfe2c, 0xfe2c, 0xfe2c, 0xfe2c, 0xfe2c, 0xfe2c, 0xfe2c, 0xfe2c,
0xfe2c, 0xfe2c, 0xfe2c, 0xfe2c, 0xfe2c, 0xfe2c, 0xfe2c, 0xfe2c, 0xfe2c, 0xfe2c,
0xfe2c, 0xfe2c, 0xfe2c, 0xfe2c, 0xfe2c, 0xfe2c, 0xfe2c, 0xfe2c, 0xfe2c, 0xfe2c,
0xfe2c, 0xfe2c, 0xfe2c, 0xfe2c, 0xfe2c, 0xfe2c, 0xfe2c, 0xed6a, 0xfe2c, 0xfe2c,
0xfe2c, 0xfe2c, 0xfe2c, 0xfe2c, 0xfe2c, 0xfe2c, 0xfe2c, 0xfe2c, 0xfe2c, 0xfe2c,
0xfe2c, 0xfe2c, 0xfe2c, 0xfe2c, 0xfe2c, 0xfe2c, 0xfe2c, 0xfe2c, 0xfe2c, 0xfe2c,
0xfe2c, 0xfe2c, 0x5103, 0xd62c, 0xd62c, 0xd62c, 0xd62c, 0xd62c, 0x8b01, 0x0845,
0x0845, 0x0845, 0x8b01, 0xd62c, 0xd62c, 0xd62c, 0xd62c, 0xd62c, 0x834d, 0x4187,
0xb4a7, 0x4187, 0x834d, 0xb4a7, 0xb4a7, 0x5103, 0x0845, 0x0845, 0x4187, 0x4187,
0x4187, 0x4187, 0x4187, 0x4187, 0x4187, 0x4187, 0x4187, 0x4187, 0x4187, 0x4187,
0x4187, 0x4187, 0x4187, 0x0845, 0x0845, 0x0845, 0x0845, 0x0845, 0x0845, 0xdcac,
0xdcac, 0xfe2c, 0xfe2c, 0xfe2c, 0xfe2c, 0xfe2c, 0xfe2c, 0xfe2c, 0x928a, 0x928a,
0x928a, 0x928a, 0x928a, 0x928a, 0x928a, 0x928a, 0x928a, 0x928a, 0x928a, 0x928a,
0x928a, 0x928a, 0x928a, 0x928a, 0x928a, 0x928a, 0x928a, 0x928a, 0x928a, 0x928a,
0x928a, 0x928a, 0x928a, 0x928a, 0x928a, 0x928a, 0x928a, 0x928a, 0x928a, 0x928a,

0x0000, 0x0000, 0x0000, 0x0000, 0x0000, 0x0000, 0x0000, 0x0000, 0x0000, 0x0000,
0x0000, 0x0000, 0x0000, 0x0000, 0x0000, 0x0000, 0x694a, 0xdef9, 0xdef9, 0xce37,
0xce37, 0xdef9, 0xa534, 0xa534, 0xce37, 0xce37, 0x6b8f, 0x6b8f, 0x6b8f, 0x424c,
0x0845, 0x0845, 0xfe2c, 0xfe2c, 0xfe2c, 0xfe2c, 0xfe2c, 0xfe2c, 0xfe2c, 0xfe2c,
0xfe2c, 0xfe2c, 0xfe2c, 0xfe2c, 0xfe2c, 0xfe2c, 0xfe2c, 0xfe2c, 0xfe2c, 0xfe2c,
0xfe2c, 0xfe2c, 0xfe2c, 0xfe2c, 0xfe2c, 0xfe2c, 0xfe2c, 0xfe2c, 0xfe2c, 0xfe2c,
0xfe2c, 0xfe2c, 0xfe2c, 0xfe2c, 0xfe2c, 0xfe2c, 0xfe2c, 0xfe2c, 0xfe2c, 0xfe2c,
0xfe2c, 0xfe2c, 0xfe2c, 0xfe2c, 0xfe2c, 0xfe2c, 0xfe2c, 0xfe2c, 0xfe2c, 0xfe2c,
0xfe2c, 0xfe2c, 0xfe2c, 0xfe2c, 0xfe2c, 0xfe2c, 0xfe2c, 0xfe2c, 0xfe2c, 0xfe2c,
0xfe2c, 0xfe2c, 0xfe2c, 0xfe2c, 0xfe2c, 0xfe2c, 0xfe2c, 0xfe2c, 0xfe2c, 0xfe2c,
0xfe2c, 0xfe2c, 0xfe2c, 0xfe2c, 0xfe2c, 0xfe2c, 0xfe2c, 0xfe2c, 0xfe2c, 0xfe2c,
0xfe2c, 0xfe2c, 0xfe2c, 0xfe2c, 0xfe2c, 0xfe2c, 0xfe2c, 0xfe2c, 0xfe2c, 0xfe2c,
0xfe2c, 0xfe2c, 0xfe2c, 0xfe2c, 0xfe2c, 0xfe2c, 0xfe2c, 0xed6a, 0xfe2c, 0xfe2c,
0xfe2c, 0xfe2c, 0xfe2c, 0xfe2c, 0xfe2c, 0xfe2c, 0xfe2c, 0xfe2c, 0xfe2c, 0xfe2c,
0xfe2c, 0xfe2c, 0xfe2c, 0xfe2c, 0xfe2c, 0xfe2c, 0xfe2c, 0xfe2c, 0xfe2c, 0xfe2c,
0xfe2c, 0xfe2c, 0x5103, 0x8b01, 0x8b01, 0x8b01, 0xb4a7, 0xb4a7, 0xb4a7, 0xb4a7,
0xb4a7, 0xb4a7, 0xb4a7, 0xb4a7, 0xd62c, 0xd62c, 0xb4a7, 0xb4a7, 0xb4a7, 0x4187,
0xb4a7, 0x4187, 0xb4a7, 0xd62c, 0xd62c, 0x5103, 0x0845, 0x0845, 0x0845, 0x0845,
0x0845, 0x0845, 0x0845, 0x0845, 0x0845, 0x0845, 0x0845, 0x0845, 0x0845, 0x0845,
0x0845, 0x0845, 0x0845, 0x834d, 0x4187, 0xb4a7, 0x0845, 0xdcac, 0xdcac, 0xfe2c,
0xfe2c, 0xfe2c, 0xfe2c, 0xfe2c, 0xfe2c, 0xfe2c, 0xfe2c, 0xfe2c, 0x0845, 0x424c,
0xa534, 0x6b8f, 0x6b8f, 0x6b8f, 0xce37, 0xa534, 0xa534, 0xa534, 0xa534, 0xdef9,
0xce37, 0xdef9, 0xdef9, 0xdef9, 0xdef9, 0xdef9, 0xdef9, 0xdef9, 0xdef9, 0xdef9,
0xce37, 0xa534, 0x924b, 0xd44d, 0xd44d, 0xd44d, 0xd44d, 0xd44d, 0xfef4, 0xfef4,

0x0000, 0x0000, 0x0000, 0x0000, 0x0000, 0x0000, 0x0000, 0x0000, 0x0000, 0x0000,
0x0000, 0x0000, 0x0000, 0x0000, 0x0000, 0x0000, 0xdef9, 0xce37, 0xce37, 0xce37,
0xce37, 0xce37, 0xce37, 0xce37, 0xce37, 0xdef9, 0x6b8f, 0x6b8f, 0x6b8f, 0xa534,
0x0845, 0x0845, 0xfe2c, 0xfe2c, 0xfe2c, 0xfe2c, 0xfe2c, 0xfe2c, 0xfe2c, 0xfe2c,
0xfe2c, 0xfe2c, 0xfe2c, 0xfe2c, 0xfe2c, 0xfe2c, 0xfe2c, 0xfe2c, 0xfe2c, 0xfe2c,
0xfe2c, 0xfe2c, 0xfe2c, 0xfe2c, 0xfe2c, 0xfe2c, 0xfe2c, 0xfe2c, 0xfe2c, 0xfe2c,
0xfe2c, 0xfe2c, 0xfe2c, 0xfe2c, 0xfe2c, 0xfe2c, 0xfe2c, 0xfe2c, 0xfe2c, 0xfe2c,
0xfe2c, 0xfe2c, 0xfe2c, 0xfe2c, 0xfe2c, 0xfe2c, 0xfe2c, 0xfe2c, 0xfe2c, 0xfe2c,
0xfe2c, 0xfe2c, 0xfe2c, 0xfe2c, 0xfe2c, 0xfe2c, 0xfe2c, 0xfe2c, 0xfe2c, 0xfe2c,
0xfe2c, 0xfe2c, 0xfe2c, 0xfe2c, 0xfe2c, 0xfe2c, 0xfe2c, 0xfe2c, 0xfe2c, 0xfe2c,
0xfe2c, 0xfe2c, 0xfe2c, 0xfe2c, 0xfe2c, 0xfe2c, 0xfe2c, 0xfe2c, 0xfe2c, 0xfe2c,
0xfe2c, 0xfe2c, 0xfe2c, 0xfe2c, 0xfe2c, 0xfe2c, 0xfe2c, 0xfe2c, 0xfe2c, 0xfe2c,
0xfe2c, 0xfe2c, 0xfe2c, 0xfe2c, 0xfe2c, 0xfe2c, 0xfe2c, 0xed6a, 0xfe2c, 0xfe2c,
0xfe2c, 0xfe2c, 0xfe2c, 0xfe2c, 0xfe2c, 0xfe2c, 0xfe2c, 0xfe2c, 0xfe2c, 0xfe2c,
0xfe2c, 0xfe2c, 0xfe2c, 0xfe2c, 0xfe2c, 0xfe2c, 0xfe2c, 0xfe2c, 0xfe2c, 0xfe2c,
0xfe2c, 0xfe2c, 0x5103, 0xd62c, 0xd62c, 0xd62c, 0xd62c, 0xd62c, 0xd62c, 0xd62c,
0xd62c, 0xd62c, 0xd62c, 0xd62c, 0xd62c, 0xd62c, 0xd62c, 0xd62c, 0xd62c, 0xd62c,
0xb4a7, 0xd62c, 0xb4a7, 0xd62c, 0xd62c, 0x5103, 0x0845, 0xb4a7, 0x4187, 0x834d,
0x9cb0, 0x0845, 0x4187, 0x4187, 0x4187, 0x4187, 0x4187, 0x4187, 0x4187, 0x4187,
0x4187, 0x9cb0, 0x0845, 0x834d, 0x4187, 0xb4a7, 0x0845, 0xdcac, 0xdcac, 0xdcac,
0xdcac, 0xfe2c, 0xfe2c, 0xfe2c, 0xfe2c, 0xfe2c, 0xfe2c, 0xfe2c, 0x928a, 0x928a,
0x928a, 0x928a, 0x928a, 0x928a, 0x928a, 0x928a, 0x928a, 0x928a, 0x928a, 0x928a,
0x928a, 0x928a, 0x928a, 0x928a, 0x928a, 0x928a, 0x928a, 0x928a, 0x928a, 0x928a,
0x928a, 0x928a, 0x928a, 0x928a, 0x928a, 0x928a, 0x928a, 0x928a, 0x928a, 0x928a,

0x0000, 0x0000, 0x0000, 0x0000, 0x0000, 0x0000, 0x0000, 0x0000, 0x0000, 0x0000,
0x0000, 0x0000, 0x0000, 0x0000, 0x0000, 0x0000, 0xdef9, 0xce37, 0xce37, 0xce37,
0xce37, 0xce37, 0xce37, 0xce37, 0xce37, 0xdef9, 0x6b8f, 0x6b8f, 0x6b8f, 0xa534,
0x424c, 0x0845, 0xfe2c, 0xfe2c, 0xfe2c, 0xfe2c, 0xfe2c, 0xfe2c, 0xfe2c, 0xfe2c,
0xfe2c, 0xfe2c, 0xfe2c, 0xfe2c, 0xfe2c, 0xfe2c, 0xfe2c, 0xfe2c, 0xed6a, 0xfe2c,
0xed6a, 0xed6a, 0xed6a, 0xed6a, 0xfe2c, 0xed6a, 0xfe2c, 0xfe2c, 0xfe2c, 0xfe2c,
0xfe2c, 0xfe2c, 0xfe2c, 0xfe2c, 0xfe2c, 0xfe2c, 0xfe2c, 0xfe2c, 0xfe2c, 0xfe2c,
0xfe2c, 0xfe2c, 0xfe2c, 0xfe2c, 0xfe2c, 0xfe2c, 0xfe2c, 0xfe2c, 0xfe2c, 0xfe2c,
0xfe2c, 0xfe2c, 0xfe2c, 0xfe2c, 0xfe2c, 0xfe2c, 0xfe2c, 0xfe2c, 0xfe2c, 0xfe2c,
0xfe2c, 0xfe2c, 0xfe2c, 0xfe2c, 0xfe2c, 0xfe2c, 0xfe2c, 0xfe2c, 0xfe2c, 0xfe2c,
0xfe2c, 0xfe2c, 0xfe2c, 0xfe2c, 0xfe2c, 0xfe2c, 0xfe2c, 0xfe2c, 0xfe2c, 0xfe2c,
0xfe2c, 0xfe2c, 0xed6a, 0xfe2c, 0xed6a, 0xed6a, 0xed6a, 0xed6a, 0xfe2c, 0xed6a,
0xed6a, 0xed6a, 0xed6a, 0xed6a, 0xed6a, 0xed6a, 0xed6a, 0xed6a, 0xed6a, 0xed6a,
0xfe2c, 0xed6a, 0xed6a, 0xed6a, 0xed6a, 0xed6a, 0xed6a, 0xfe2c, 0xed6a, 0xed6a,
0xed6a, 0xed6a, 0xfe2c, 0xed6a, 0xfe2c, 0xfe2c, 0xfe2c, 0xfe2c, 0xfe2c, 0xfe2c,
0xfe2c, 0xfe2c, 0x5103, 0xb4a7, 0xd62c, 0xd62c, 0xd62c, 0xd62c, 0xd62c, 0xd62c,
0xd62c, 0xd62c, 0xd62c, 0xd62c, 0x8b01, 0xb4a7, 0xd62c, 0xd62c, 0xd62c, 0xd62c,
0xd62c, 0xd62c, 0xd62c, 0xd62c, 0xb4a7, 0x5103, 0x0845, 0xb4a7, 0x4187, 0x834d,
0x834d, 0x834d, 0x834d, 0x834d, 0x834d, 0x834d, 0x834d, 0x834d, 0x834d, 0x834d,
0x834d, 0x834d, 0x834d, 0x834d, 0x4187, 0xb4a7, 0x0845, 0xdcac, 0xdcac, 0xdcac,
0xdcac, 0xdcac, 0xdcac, 0xfe2c, 0xfe2c, 0xfe2c, 0xfe2c, 0xfe2c, 0x0845, 0x424c,
0xa534, 0x6b8f, 0x6b8f, 0x6b8f, 0xdef9, 0xce37, 0xce37, 0xce37, 0xce37, 0xce37,
0xce37, 0xce37, 0xce37, 0xdef9, 0xdef9, 0xdef9, 0xdef9, 0xdef9, 0xdef9, 0xdef9,
0xce37, 0xa534, 0x924b, 0xd44d, 0xd44d, 0xd44d, 0xd44d, 0xd44d, 0xfef4, 0xfef4,

0xfef4, 0xfef4, 0xd44d, 0xd44d, 0xd44d, 0xd44d, 0xd44d, 0x924b, 0xa534, 0xce37,
0xdef9, 0xdef9, 0xdef9, 0xdef9, 0xdef9, 0xdef9, 0xce37, 0xce37, 0xce37, 0xce37,
0xce37, 0xce37, 0xce37, 0xce37, 0xce37, 0xdef9, 0x6b8f, 0x6b8f, 0x6b8f, 0x6b8f,
0x0845, 0x0845, 0xed6a, 0xed6a, 0xed6a, 0xed6a, 0xed6a, 0xed6a, 0xed6a, 0xed6a,
0xed6a, 0xed6a, 0xed6a, 0xed6a, 0xed6a, 0xed6a, 0xfe2c, 0xfe2c, 0xfe2c, 0xfe2c,
0xfe2c, 0xfe2c, 0xfe2c, 0xfe2c, 0xfe2c, 0xfe2c, 0xfeef, 0xfeef, 0xfeef, 0xfeef,
0xfeef, 0xfeef, 0xfeef, 0xfe2c, 0xfe2c, 0xfeef, 0xfeef, 0xfeef, 0xfeef, 0xfeef,
0xfeef, 0xfeef, 0xfe2c, 0xfe2c, 0xfe2c, 0xfe2c, 0xfe2c, 0xfe2c, 0xfe2c, 0xfe2c,
0xfe2c, 0xfe2c, 0xed6a, 0xed6a, 0xed6a, 0xed6a, 0xed6a, 0xed6a, 0xed6a, 0xed6a,
0xed6a, 0xed6a, 0xed6a, 0xed6a, 0xed6a, 0xdcac, 0xed6a, 0xed6a, 0xed6a, 0xed6a,
0xed6a, 0xed6a, 0xed6a, 0xed6a, 0xed6a, 0xed6a, 0xed6a, 0xed6a, 0xed6a, 0xed6a,
0xfe2c, 0xfe2c, 0xfe2c, 0xfe2c, 0xfe2c, 0xfe2c, 0xfe2c, 0xfe2c, 0xfe2c, 0xfe2c,
0xfe2c, 0xfe2c, 0xfe2c, 0xfe2c, 0xfe2c, 0xfe2c, 0xfe2c, 0xfe2c, 0xfe2c, 0xfe2c,
0xfe2c, 0xfe2c, 0xfe2c, 0xfe2c, 0xfe2c, 0xed6a, 0xfe2c, 0xfe2c, 0xfe2c, 0xfe2c,
0xfe2c, 0xfe2c, 0xfe2c, 0xfe2c, 0xfe2c, 0xfe2c, 0xfe2c, 0xfe2c, 0xfe2c, 0xfe2c,
0xfe2c, 0xfe2c, 0x0845, 0x5103, 0x8b01, 0x8b01, 0x8b01, 0x8b01, 0x8b01, 0x8b01,
0x8b01, 0x8b01, 0x8b01, 0x8b01, 0x8b01, 0x8b01, 0x8b01, 0x8b01, 0x8b01, 0x8b01,
0x8b01, 0x8b01, 0x8b01, 0x8b01, 0x5103, 0x0845, 0x0845, 0xb4a7, 0x8b01, 0x4187,
0x4187, 0x4187, 0x4187, 0x4187, 0x4187, 0x4187, 0x4187, 0x4187, 0x4187, 0x4187,
0x4187, 0x4187, 0x4187, 0x4187, 0x8b01, 0xb4a7, 0x0845, 0xdcac, 0xdcac, 0xdcac,
0xdcac, 0xdcac, 0xdcac, 0xdcac, 0xfe2c, 0xfe2c, 0xfe2c, 0xfe2c, 0x0845, 0x0845,
0xa534, 0x6b8f, 0x6b8f, 0x6b8f, 0xdef9, 0xce37, 0xce37, 0xce37, 0xce37, 0xce37,
0xce37, 0xce37, 0xce37, 0xdef9, 0xdef9, 0xdef9, 0xdef9, 0xdef9, 0xdef9, 0xdef9,
0xce37, 0xa534, 0x924b, 0xd44d, 0xd44d, 0xd44d, 0xd44d, 0xd44d, 0xfef4, 0xfef4,

0xfef4, 0xfef4, 0xd44d, 0xd44d, 0xd44d, 0xd44d, 0xd44d, 0x924b, 0xa534, 0xce37,
0xdef9, 0xdef9, 0xdef9, 0xdef9, 0xdef9, 0xdef9, 0xce37, 0xce37, 0xce37, 0xce37,
0xce37, 0xce37, 0xce37, 0xce37, 0xce37, 0xdef9, 0x6b8f, 0x6b8f, 0x6b8f, 0x6b8f,
0x0845, 0x0845, 0xed6a, 0xed6a, 0xed6a, 0xed6a, 0xed6a, 0xed6a, 0xed6a, 0xed6a,
0xed6a, 0xed6a, 0xfe2c, 0xfe2c, 0xfe2c, 0xfe2c, 0xfe2c, 0xfe2c, 0xfe2c, 0xfe2c,
0xfe2c, 0xfe2c, 0xfe2c, 0xfe2c, 0xfe2c, 0xfe2c, 0xfeef, 0xff6e, 0xff6e, 0xff6e,
0xff6e, 0xff6e, 0xff6e, 0xfeef, 0xfeef, 0xff6e, 0xff6e, 0xff6e, 0xff6e, 0xff6e,
0xff6e, 0xfeef, 0xfe2c, 0xfe2c, 0xfe2c, 0xfe2c, 0xfe2c, 0xfe2c, 0xfe2c, 0xfe2c,
0xfe2c, 0xfe2c, 0xfe2c, 0xfe2c, 0xfe2c, 0xfe2c, 0xed6a, 0xed6a, 0xed6a, 0xed6a,
0xed6a, 0xed6a, 0xed6a, 0xed6a, 0xed6a, 0xdcac, 0xed6a, 0xed6a, 0xed6a, 0xed6a,
0xed6a, 0xed6a, 0xed6a, 0xed6a, 0xed6a, 0xed6a, 0xfe2c, 0xfe2c, 0xfe2c, 0xfe2c,
0xfe2c, 0xfe2c, 0xfe2c, 0xfe2c, 0xfe2c, 0xfe2c, 0xfe2c, 0xfe2c, 0xfe2c, 0xfe2c,
0xfe2c, 0xfe2c, 0xfe2c, 0xfe2c, 0xfe2c, 0xfe2c, 0xfe2c, 0xfe2c, 0xfe2c, 0xfe2c,
0xfe2c, 0xfe2c, 0xfe2c, 0xfe2c, 0xfe2c, 0xed6a, 0xfe2c, 0xfe2c, 0xfe2c, 0xfe2c,
0xfe2c, 0xfe2c, 0xfe2c, 0xfe2c, 0xfe2c, 0xfe2c, 0xfe2c, 0xfe2c, 0xfe2c, 0xfe2c,
0xfe2c, 0xfe2c, 0x0845, 0x8b01, 0x8b01, 0x8b01, 0x8b01, 0x8b01, 0x8b01, 0x8b01,
0x8b01, 0x8b01, 0x8b01, 0x8b01, 0x8b01, 0x8b01, 0x8b01, 0x8b01, 0x8b01, 0x8b01,
0x8b01, 0x8b01, 0x8b01, 0x8b01, 0x8b01, 0x0845, 0x0845, 0x8b01, 0xb4a7, 0xb4a7,
0xb4a7, 0xb4a7, 0xb4a7, 0xb4a7, 0xb4a7, 0xb4a7, 0xb4a7, 0xb4a7, 0xb4a7, 0xb4a7,
0xb4a7, 0xb4a7, 0xb4a7, 0xb4a7, 0xb4a7, 0x8b01, 0x0845, 0xdcac, 0xdcac, 0xdcac,
0xdcac, 0xdcac, 0xdcac, 0xfe2c, 0xfe2c, 0xfe2c, 0xfe2c, 0xfe2c, 0x0845, 0x0845,
0xa534, 0x6b8f, 0x6b8f, 0x6b8f, 0xdef9, 0xce37, 0xce37, 0xce37, 0xce37, 0xce37,
0xce37, 0xce37, 0xce37, 0xdef9, 0xdef9, 0xdef9, 0xdef9, 0xdef9, 0xdef9, 0xdef9,
0xce37, 0xa534, 0x924b, 0xd44d, 0xd44d, 0xd44d, 0xd44d, 0xd44d, 0xfef4, 0xfef4,

0xfef4, 0xfef4, 0xd44d, 0xd44d, 0xd44d, 0xd44d, 0xd44d, 0x924b, 0xa534, 0xce37,
0xdef9, 0xdef9, 0xdef9, 0xdef9, 0xdef9, 0xdef9, 0xdef9, 0xce37, 0xce37, 0xce37,
0xdef9, 0xa534, 0xa534, 0xa534, 0xce37, 0xdef9, 0x6b8f, 0x6b8f, 0x6b8f, 0x6b8f,
0x0845, 0x0845, 0xed6a, 0xed6a, 0xed6a, 0xed6a, 0xed6a, 0xed6a, 0xed6a, 0xed6a,
0xed6a, 0xed6a, 0xed6a, 0xed6a, 0xfe2c, 0xfe2c, 0xfe2c, 0xfe2c, 0xfe2c, 0xfe2c,
0xfe2c, 0xfe2c, 0xfe2c, 0xfe2c, 0xfe2c, 0xfe2c, 0xfeef, 0xff6e, 0xef7c, 0xef7c,
0xef7c, 0xef7c, 0xef7c, 0xfeef, 0xfeef, 0xef7c, 0xef7c, 0xef7c, 0xef7c, 0xef7c,
0xff6e, 0xfeef, 0xfe2c, 0xfe2c, 0xfe2c, 0xfe2c, 0xfe2c, 0xfe2c, 0xfe2c, 0xfe2c,
0xfe2c, 0xfe2c, 0xfe2c, 0xfe2c, 0xed6a, 0xed6a, 0xed6a, 0xed6a, 0xed6a, 0xed6a,
0xed6a, 0xfe2c, 0xfe2c, 0xfe2c, 0xfe2c, 0xdcac, 0xed6a, 0xed6a, 0xed6a, 0xed6a,
0xed6a, 0xed6a, 0xed6a, 0xed6a, 0xed6a, 0xed6a, 0xed6a, 0xed6a, 0xfe2c, 0xfe2c,
0xfe2c, 0xfe2c, 0xfe2c, 0xfe2c, 0xfe2c, 0xfe2c, 0xfe2c, 0xfe2c, 0xfe2c, 0xfe2c,
0xfe2c, 0xfe2c, 0xfe2c, 0xfe2c, 0xfe2c, 0xfe2c, 0xfe2c, 0xfe2c, 0xfe2c, 0xfe2c,
0xfe2c, 0xfe2c, 0xfe2c, 0xfe2c, 0xfe2c, 0xed6a, 0xfe2c, 0xfe2c, 0xfe2c, 0xfe2c,
0xfe2c, 0xfe2c, 0xfe2c, 0xfe2c, 0xfe2c, 0xfe2c, 0xfe2c, 0xfe2c, 0xfe2c, 0xfe2c,
0xfe2c, 0xfe2c, 0xfe2c, 0x0845, 0x0845, 0x0845, 0x0845, 0x0845, 0x0845, 0x0845,
0x0845, 0x0845, 0x0845, 0x0845, 0x0845, 0x0845, 0x0845, 0x0845, 0x0845, 0x0845,
0x0845, 0x0845, 0x0845, 0x0845, 0x0845, 0xfe2c, 0x0845, 0x5103, 0x5103, 0x5103,
0x8b01, 0x8b01, 0x5103, 0x5103, 0x5103, 0x5103, 0x5103, 0x5103, 0x5103, 0x5103,
0x8b01, 0x5103, 0x5103, 0x5103, 0x5103, 0x5103, 0x0845, 0xdcac, 0xdcac, 0xdcac,
0xdcac, 0xdcac, 0xfe2c, 0xfe2c, 0xfe2c, 0xfe2c, 0xfe2c, 0xfe2c, 0x0845, 0x0845,
0xa534, 0x6b8f, 0x6b8f, 0x6b8f, 0xce37, 0xce37, 0xa534, 0xa534, 0xdef9, 0xce37,
0xce37, 0xce37, 0xdef9, 0xdef9, 0xdef9, 0xdef9, 0xdef9, 0xdef9, 0xdef9, 0xdef9,
0xce37, 0xa534, 0x924b, 0xd44d, 0xd44d, 0xd44d, 0xd44d, 0xd44d, 0xfef4, 0xfef4,

0xfef4, 0xfef4, 0xd44d, 0xd44d, 0xd44d, 0xd44d, 0xd44d, 0x924b, 0xa534, 0xce37,
0xdef9, 0xdef9, 0xdef9, 0xdef9, 0xdef9, 0xdef9, 0xdef9, 0xdef9, 0xce37, 0xef3b,
0xa534, 0xa534, 0xa534, 0xa534, 0xa534, 0xdef9, 0xa534, 0x6b8f, 0x6b8f, 0xa534,
0x0845, 0x0845, 0xed6a, 0xed6a, 0xed6a, 0xed6a, 0xdcac, 0xdcac, 0xdcac, 0xdcac,
0xed6a, 0xed6a, 0xed6a, 0xed6a, 0xfe2c, 0xfe2c, 0xfe2c, 0xfe2c, 0xfe2c, 0xfe2c,
0xfe2c, 0xfe2c, 0xfe2c, 0xfe2c, 0xfe2c, 0xfe2c, 0xfeef, 0xff6e, 0xef7c, 0xef7c,
0xef7c, 0xef7c, 0xef7c, 0xff6e, 0xff6e, 0xef7c, 0xef7c, 0xef7c, 0xef7c, 0xef7c,
0xff6e, 0xfeef, 0xfe2c, 0xfe2c, 0xfe2c, 0xfe2c, 0xfe2c, 0xfe2c, 0xfe2c, 0xfe2c,
0xfe2c, 0xfe2c, 0xfe2c, 0xfe2c, 0xed6a, 0xed6a, 0xed6a, 0xed6a, 0xed6a, 0xed6a,
0xed6a, 0xed6a, 0xed6a, 0xed6a, 0xed6a, 0xdcac, 0xed6a, 0xed6a, 0xed6a, 0xed6a,
0xdcac, 0xdcac, 0xdcac, 0xdcac, 0xed6a, 0xed6a, 0xed6a, 0xed6a, 0xfe2c, 0xfe2c,
0xfe2c, 0xfe2c, 0xfe2c, 0xfe2c, 0xfe2c, 0xfe2c, 0xfe2c, 0xfe2c, 0xfe2c, 0xfe2c,
0xfe2c, 0xfe2c, 0xfe2c, 0xfe2c, 0xfe2c, 0xfe2c, 0xfe2c, 0xfe2c, 0xfe2c, 0xfe2c,
0xfe2c, 0xfe2c, 0xfe2c, 0xfe2c, 0xfe2c, 0xed6a, 0xfe2c, 0xfe2c, 0xfe2c, 0xfe2c,
0xfe2c, 0xfe2c, 0xfe2c, 0xfe2c, 0xfe2c, 0xfe2c, 0xfe2c, 0xfe2c, 0xfe2c, 0xfe2c,
0xfe2c, 0xfe2c, 0xfe2c, 0xfe2c, 0x0845, 0x5103, 0x5a4a, 0x5103, 0x0845, 0x0845,
0x0845, 0x0845, 0x0845, 0x0845, 0x0845, 0x0845, 0x0845, 0x0845, 0x0845, 0x0845,
0x5103, 0x5a4a, 0x5103, 0x0845, 0xfe2c, 0xfe2c, 0x5103, 0x5103, 0x5103, 0x5103,
0x5103, 0x5103, 0x5103, 0x5103, 0x5103, 0x5103, 0x5103, 0x5103, 0x5103, 0x5103,
0x5103, 0x5103, 0x5103, 0x5103, 0x5103, 0x5103, 0x0845, 0xdcac, 0xdcac, 0xdcac,
0xfe2c, 0xfe2c, 0xfe2c, 0xfe2c, 0xfe2c, 0xfe2c, 0xfe2c, 0xfe2c, 0x0845, 0x0845,
0x6b8f, 0xa534, 0x6b8f, 0xce37, 0xce37, 0xa534, 0xa534, 0xa534, 0xa534, 0xdef9,
0xce37, 0xdef9, 0xce37, 0xdef9, 0xdef9, 0xdef9, 0xdef9, 0xdef9, 0xdef9, 0xdef9,
0xce37, 0xa534, 0x924b, 0xd44d, 0xd44d, 0xd44d, 0xd44d, 0xedf0, 0xfef4, 0xfef4,

0xfef4, 0xfef4, 0xd44d, 0xd44d, 0xd44d, 0xd44d, 0xd44d, 0x924b, 0xa534, 0xce37,
0xdef9, 0xdef9, 0xdef9, 0xdef9, 0xdef9, 0xdef9, 0xdef9, 0xce37, 0xce37, 0xef3b,
0xa534, 0xa534, 0xa534, 0xa534, 0xa534, 0xce37, 0xdef9, 0xce37, 0xa534, 0x6b8f,
0x0845, 0x0845, 0xed6a, 0xed6a, 0xed6a, 0xed6a, 0xed6a, 0xed6a, 0xed6a, 0xed6a,
0xed6a, 0xed6a, 0xfe2c, 0xfe2c, 0xfe2c, 0xfe2c, 0xfe2c, 0xfe2c, 0xfe2c, 0xfe2c,
0xfe2c, 0xfe2c, 0xfe2c, 0xfe2c, 0xfe2c, 0xfe2c, 0xfeef, 0xff6e, 0xef7c, 0xef7c,
0xef7c, 0xef7c, 0xef7c, 0xff6e, 0xff6e, 0xef7c, 0xef7c, 0xef7c, 0xef7c, 0xef7c,
0xff6e, 0xfeef, 0xfe2c, 0xfe2c, 0xfe2c, 0xfe2c, 0xfe2c, 0xfe2c, 0xfe2c, 0xfe2c,
0xfe2c, 0xfe2c, 0xfe2c, 0xfe2c, 0xfe2c, 0xfe2c, 0xed6a, 0xed6a, 0xed6a, 0xed6a,
0xed6a, 0xed6a, 0xed6a, 0xed6a, 0xed6a, 0xdcac, 0xed6a, 0xed6a, 0xed6a, 0xed6a,
0xed6a, 0xed6a, 0xed6a, 0xed6a, 0xed6a, 0xed6a, 0xfe2c, 0xfe2c, 0xfe2c, 0xfe2c,
0xfe2c, 0xfe2c, 0xfe2c, 0xfe2c, 0xfe2c, 0xfe2c, 0xfe2c, 0xfe2c, 0xfe2c, 0xfe2c,
0xfe2c, 0xfe2c, 0xfe2c, 0xfe2c, 0xfe2c, 0xfe2c, 0xfe2c, 0xfe2c, 0xfe2c, 0xfe2c,
0xfe2c, 0xfe2c, 0xfe2c, 0xfe2c, 0xfe2c, 0xed6a, 0xfe2c, 0xfe2c, 0xfe2c, 0xfe2c,
0xfe2c, 0xfe2c, 0xfe2c, 0xfe2c, 0xfe2c, 0xfe2c, 0xfe2c, 0xfe2c, 0xfe2c, 0xfe2c,
0xfe2c, 0xfe2c, 0xfe2c, 0xfe2c, 0x0845, 0x5103, 0x5103, 0x5103, 0x0845, 0x0845,
0x4187, 0x4187, 0x4187, 0x4187, 0x4187, 0x4187, 0x4187, 0x4187, 0x0845, 0x0845,
0x5103, 0x5103, 0x5103, 0x0845, 0xfe2c, 0xfe2c, 0xdcac, 0x5103, 0x5103, 0x5103,
0x5103, 0x0845, 0x0845, 0x0845, 0x0845, 0x0845, 0x0845, 0x0845, 0x0845, 0x0845,
0x5103, 0x5103, 0x5103, 0x5103, 0x0845, 0x0845, 0xdcac, 0xdcac, 0xfe2c, 0xfe2c,
0xfe2c, 0xfe2c, 0xfe2c, 0xfe2c, 0xfe2c, 0xfe2c, 0xfe2c, 0xfe2c, 0x424c, 0x424c,
0x6b8f, 0xa534, 0xa534, 0xa534, 0xce37, 0xa534, 0xa534, 0xa534, 0xa534, 0xdef9,
0xce37, 0xce37, 0xce37, 0xce37, 0xdef9, 0xdef9, 0xdef9, 0xdef9, 0xdef9, 0xdef9,
0xce37, 0xa534, 0x924b, 0xd44d, 0xd44d, 0xd44d, 0xd44d, 0xedf0, 0xedf0, 0xfef4,

0xfef4, 0xfef4, 0xd44d, 0xd44d, 0xd44d, 0xd44d, 0xd44d, 0x924b, 0xa534, 0xce37,
0xdef9, 0xdef9, 0xdef9, 0xdef9, 0xdef9, 0xdef9, 0xce37, 0xce37, 0xce37, 0xef3b,
0xa534, 0xa534, 0xa534, 0xa534, 0xa534, 0xce37, 0xce37, 0xce37, 0xce37, 0x424c,
0x424c, 0x0845, 0xed6a, 0xed6a, 0xed6a, 0xed6a, 0xed6a, 0xed6a, 0xed6a, 0xed6a,
0xed6a, 0xed6a, 0xed6a, 0xed6a, 0xed6a, 0xed6a, 0xfe2c, 0xfe2c, 0xfe2c, 0xfe2c,
0xfe2c, 0xfe2c, 0xfe2c, 0xfe2c, 0xfe2c, 0xfe2c, 0xfe2c, 0xff6e, 0xfeef, 0xff6e,
0xff6e, 0xff6e, 0xff6e, 0xff6e, 0xff6e, 0xff6e, 0xff6e, 0xff6e, 0xff6e, 0xfeef,
0xff6e, 0xfe2c, 0xfe2c, 0xfe2c, 0xfe2c, 0xfe2c, 0xfe2c, 0xfe2c, 0xfe2c, 0xfe2c,
0xfe2c, 0xfe2c, 0xed6a, 0xed6a, 0xed6a, 0xed6a, 0xed6a, 0xed6a, 0xed6a, 0xed6a,
0xed6a, 0xed6a, 0xed6a, 0xed6a, 0xed6a, 0xdcac, 0xed6a, 0xed6a, 0xed6a, 0xed6a,
0xed6a, 0xed6a, 0xed6a, 0xed6a, 0xed6a, 0xed6a, 0xed6a, 0xed6a, 0xed6a, 0xed6a,
0xfe2c, 0xfe2c, 0xfe2c, 0xfe2c, 0xfe2c, 0xfe2c, 0xfe2c, 0xfe2c, 0xfe2c, 0xfe2c,
0xfe2c, 0xfe2c, 0xfe2c, 0xfe2c, 0xfe2c, 0xfe2c, 0xfe2c, 0xfe2c, 0xfe2c, 0xfe2c,
0xfe2c, 0xfe2c, 0xfe2c, 0xfe2c, 0xfe2c, 0xed6a, 0xfe2c, 0xfe2c, 0xfe2c, 0xfe2c,
0xfe2c, 0xfe2c, 0xfe2c, 0xfe2c, 0xfe2c, 0xfe2c, 0xfe2c, 0xfe2c, 0xfe2c, 0xfe2c,
0xfe2c, 0xfe2c, 0xfe2c, 0xfe2c, 0xdcac, 0x0845, 0x0845, 0x0845, 0x4187, 0xdcac,
0xdcac, 0xdcac, 0xdcac, 0xdcac, 0xdcac, 0xdcac, 0xdcac, 0xdcac, 0xdcac, 0x4187,
0x0845, 0x0845, 0x0845, 0xdcac, 0xfe2c, 0xfe2c, 0xfe2c, 0xdcac, 0xdcac, 0xdcac,
0xdcac, 0xdcac, 0xdcac, 0xdcac, 0xdcac, 0xdcac, 0xdcac, 0xdcac, 0xdcac, 0xdcac,
0xdcac, 0xdcac, 0xdcac, 0xdcac, 0xdcac, 0xdcac, 0xfe2c, 0xfe2c, 0xfe2c, 0xfe2c,
0xfe2c, 0xfe2c, 0xfe2c, 0xfe2c, 0xfe2c, 0xfe2c, 0xfe2c, 0xfe2c, 0x0845, 0x0845,
0x6b8f, 0x424c, 0x6b8f, 0xce37, 0xce37, 0xa534, 0xa534, 0xa534, 0xa534, 0xef3b,
0xce37, 0xce37, 0xce37, 0xce37, 0xdef9, 0xdef9, 0xdef9, 0xdef9, 0xdef9, 0xdef9,
0xce37, 0xa534, 0x924b, 0x924b, 0xd44d, 0xd44d, 0xd44d, 0xd44d, 0xfef4, 0xfef4,

0xfef4, 0xfef4, 0xd44d, 0xd44d, 0xd44d, 0xd44d, 0xd44d, 0x924b, 0xa534, 0xce37,
0xdef9, 0xdef9, 0xdef9, 0xdef9, 0xdef9, 0xdef9, 0xce37, 0xce37, 0xce37, 0xef3b,
0xa534, 0xa534, 0xa534, 0xa534, 0xa534, 0xce37, 0xce37, 0xce37, 0xdef9, 0x0845,
0x0845, 0x424c, 0xfe2c, 0xfe2c, 0xfe2c, 0xfe2c, 0xfe2c, 0xfe2c, 0xfe2c, 0xfe2c,
0xfe2c, 0xfe2c, 0xfe2c, 0xfe2c, 0xfe2c, 0xfe2c, 0xfe2c, 0xfe2c, 0xfe2c, 0xfe2c,
0xfe2c, 0xfe2c, 0xfe2c, 0xfe2c, 0xfe2c, 0xfe2c, 0xfeef, 0xff6e, 0xef7c, 0xef7c,
0xef7c, 0xef7c, 0xef7c, 0xff6e, 0xff6e, 0xef7c, 0xef7c, 0xef7c, 0xef7c, 0xef7c,
0xff6e, 0xfeef, 0xfe2c, 0xfe2c, 0xfe2c, 0xfe2c, 0xfe2c, 0xfe2c, 0xfe2c, 0xfe2c,
0xfe2c, 0xfe2c, 0xfe2c, 0xfe2c, 0xfe2c, 0xfe2c, 0xfe2c, 0xfe2c, 0xfe2c, 0xfe2c,
0xed6a, 0xed6a, 0xfe2c, 0xfe2c, 0xfe2c, 0xdcac, 0xfe2c, 0xfe2c, 0xfe2c, 0xfe2c,
0xfe2c, 0xfe2c, 0xfe2c, 0xfe2c, 0xfe2c, 0xfe2c, 0xfe2c, 0xfe2c, 0xfe2c, 0xfe2c,
0xfe2c, 0xfe2c, 0xfe2c, 0xfe2c, 0xfe2c, 0xfe2c, 0xfe2c, 0xfe2c, 0xfe2c, 0xfe2c,
0xfe2c, 0xfe2c, 0xfe2c, 0xfe2c, 0xfe2c, 0xfe2c, 0xfe2c, 0xfe2c, 0xfe2c, 0xfe2c,
0xfe2c, 0xfe2c, 0xfe2c, 0xfe2c, 0xfe2c, 0xed6a, 0xfe2c, 0xfe2c, 0xfe2c, 0xfe2c,
0xfe2c, 0xfe2c, 0xfe2c, 0xfe2c, 0xfe2c, 0xfe2c, 0xfe2c, 0xfe2c, 0xfe2c, 0xfe2c,
0xfe2c, 0xfe2c, 0xfe2c, 0xfe2c, 0xfe2c, 0xfe2c, 0xfe2c, 0xfe2c, 0xfe2c, 0xfe2c,
0xfe2c, 0xfe2c, 0xfe2c, 0xfe2c, 0xfe2c, 0xfe2c, 0xfe2c, 0xfe2c, 0xfe2c, 0xfe2c,
0xfe2c, 0xfe2c, 0xfe2c, 0xfe2c, 0xfe2c, 0xfe2c, 0xfe2c, 0xfe2c, 0xfe2c, 0xfe2c,
0xfe2c, 0xfe2c, 0xfe2c, 0xfe2c, 0xfe2c, 0xfe2c, 0xfe2c, 0xfe2c, 0xfe2c, 0xfe2c,
0xfe2c, 0xfe2c, 0xfe2c, 0xfe2c, 0xfe2c, 0xfe2c, 0xfe2c, 0xfe2c, 0xfe2c, 0xfe2c,
0xfe2c, 0xfe2c, 0xfe2c, 0xfe2c, 0xfe2c, 0xfe2c, 0xfe2c, 0xfe2c, 0x0845, 0x0845,
0x424c, 0x424c, 0x424c, 0xdef9, 0xce37, 0xa534, 0xa534, 0xa534, 0xa534, 0xef3b,
0xce37, 0xce37, 0xce37, 0xce37, 0xdef9, 0xdef9, 0xdef9, 0xdef9, 0xdef9, 0xdef9,
0xce37, 0xa534, 0x924b, 0xbb4b, 0xd44d, 0xd44d, 0xd44d, 0xd44d, 0xfef4, 0xfef4,

0xfef4, 0xfef4, 0xd44d, 0xd44d, 0xd44d, 0xd44d, 0xd44d, 0x924b, 0xa534, 0xce37,
0xdef9, 0xdef9, 0xdef9, 0xdef9, 0xdef9, 0xdef9, 0xce37, 0xce37, 0xce37, 0xef3b,
0xa534, 0xa534, 0xa534, 0xa534, 0xa534, 0xce37, 0xce37, 0xce37, 0xdef9, 0x0845,
0x0845, 0x0845, 0xed6a, 0xed6a, 0xed6a, 0xed6a, 0xed6a, 0xed6a, 0xed6a, 0xed6a,
0xdcac, 0xdcac, 0xdcac, 0xdcac, 0xdcac, 0xdcac, 0xed6a, 0xed6a, 0xfe2c, 0xfe2c,
0xfe2c, 0xfe2c, 0xfe2c, 0xfe2c, 0xfe2c, 0xfe2c, 0xfeef, 0xff6e, 0xef7c, 0xef7c,
0xef7c, 0xef7c, 0xef7c, 0xfeef, 0xfeef, 0xef7c, 0xef7c, 0xef7c, 0xef7c, 0xef7c,
0xff6e, 0xfeef, 0xfe2c, 0xfe2c, 0xfe2c, 0xfe2c, 0xfe2c, 0xfe2c, 0xfe2c, 0xfe2c,
0xed6a, 0xed6a, 0xdcac, 0xdcac, 0xdcac, 0xdcac, 0xdcac, 0xdcac, 0xdcac, 0xdcac,
0xdcac, 0xdcac, 0xdcac, 0xdcac, 0xdcac, 0xdcac, 0xed6a, 0xed6a, 0xed6a, 0xed6a,
0xed6a, 0xed6a, 0xed6a, 0xed6a, 0xdcac, 0xdcac, 0xdcac, 0xdcac, 0xdcac, 0xdcac,
0xed6a, 0xed6a, 0xfe2c, 0xfe2c, 0xfe2c, 0xfe2c, 0xfe2c, 0xfe2c, 0xfe2c, 0xfe2c,
0xfe2c, 0xfe2c, 0xfe2c, 0xfe2c, 0xfe2c, 0xfe2c, 0xfe2c, 0xfe2c, 0xed6a, 0xed6a,
0xed6a, 0xed6a, 0xed6a, 0xed6a, 0xed6a, 0xed6a, 0xed6a, 0xfe2c, 0xed6a, 0xed6a,
0xed6a, 0xed6a, 0xfe2c, 0xed6a, 0xfe2c, 0xfe2c, 0xfe2c, 0xfe2c, 0xfe2c, 0xfe2c,
0xfe2c, 0xfe2c, 0xfe2c, 0xfe2c, 0xfe2c, 0xfe2c, 0xfe2c, 0xfe2c, 0xfe2c, 0xfe2c,
0xfe2c, 0xfe2c, 0xfe2c, 0xfe2c, 0xfe2c, 0xfe2c, 0xfe2c, 0xfe2c, 0xfe2c, 0xfe2c,
0xfe2c, 0xfe2c, 0xfe2c, 0xfe2c, 0xfe2c, 0xfe2c, 0xfe2c, 0xfe2c, 0xfe2c, 0xfe2c,
0xfe2c, 0xfe2c, 0xfe2c, 0xfe2c, 0xfe2c, 0xfe2c, 0xfe2c, 0xfe2c, 0xfe2c, 0xfe2c,
0xfe2c, 0xfe2c, 0xfe2c, 0xfe2c, 0xfe2c, 0xfe2c, 0xfe2c, 0xfe2c, 0xfe2c, 0xfe2c,
0xfe2c, 0xfe2c, 0xfe2c, 0xfe2c, 0xfe2c, 0xfe2c, 0xfe2c, 0xfe2c, 0x0845, 0x0845,
0x424c, 0x424c, 0x424c, 0xdef9, 0xce37, 0xa534, 0xa534, 0xa534, 0xa534, 0xef3b,
0xce37, 0xce37, 0xce37, 0xce37, 0xdef9, 0xdef9, 0xdef9, 0xdef9, 0xdef9, 0xdef9,
0xce37, 0xa534, 0x924b, 0xbb4b, 0xd44d, 0xd44d, 0xd44d, 0xd44d, 0xfef4, 0xfef4,

0xfef4, 0xfef4, 0xd44d, 0xd44d, 0xd44d, 0xd44d, 0xd44d, 0x924b, 0xa534, 0xce37,
0xdef9, 0xef3b, 0xdef9, 0xdef9, 0xdef9, 0xdef9, 0xce37, 0xce37, 0xce37, 0xef3b,
0xa534, 0xa534, 0xa534, 0xa534, 0xa534, 0xce37, 0xce37, 0xce37, 0xdef9, 0x0845,
0x0845, 0x0845, 0xfe2c, 0xfe2c, 0xfe2c, 0xfe2c, 0xfe2c, 0xfe2c, 0xfe2c, 0xfe2c,
0xfe2c, 0xfe2c, 0xfe2c, 0xfe2c, 0xfe2c, 0xfe2c, 0xfe2c, 0xfe2c, 0xfe2c, 0xfe2c,
0xfe2c, 0xfe2c, 0xfe2c, 0xfe2c, 0xfe2c, 0xfe2c, 0xfeef, 0xff6e, 0xff6e, 0xff6e,
0xff6e, 0xff6e, 0xff6e, 0xfeef, 0xfeef, 0xff6e, 0xff6e, 0xff6e, 0xff6e, 0xff6e,
0xff6e, 0xfeef, 0xfe2c, 0xfe2c, 0xfe2c, 0xfe2c, 0xfe2c, 0xfe2c, 0xfe2c, 0xfe2c,
0xfe2c, 0xfe2c, 0xfe2c, 0xed6a, 0xed6a, 0xed6a, 0xed6a, 0xdcac, 0xed6a, 0xed6a,
0xed6a, 0xed6a, 0xed6a, 0xed6a, 0xed6a, 0xed6a, 0xed6a, 0xed6a, 0xed6a, 0xed6a,
0xed6a, 0xed6a, 0xed6a, 0xdcac, 0xed6a, 0xed6a, 0xed6a, 0xed6a, 0xed6a, 0xfe2c,
0xfe2c, 0xfe2c, 0xfe2c, 0xfe2c, 0xfe2c, 0xfe2c, 0xfe2c, 0xfe2c, 0xfe2c, 0xfe2c,
0xfe2c, 0xfe2c, 0xfe2c, 0xfe2c, 0xfe2c, 0xfe2c, 0xfe2c, 0xfe2c, 0xfe2c, 0xfe2c,
0xfe2c, 0xfe2c, 0xfe2c, 0xfe2c, 0xfe2c, 0xfe2c, 0xfe2c, 0xfe2c, 0xfe2c, 0xfe2c,
0xfe2c, 0xfe2c, 0xfe2c, 0xfe2c, 0xfe2c, 0xfe2c, 0xfe2c, 0xfe2c, 0xfe2c, 0xfe2c,
0xfe2c, 0xfe2c, 0xfe2c, 0xfe2c, 0xfe2c, 0xfe2c, 0xfe2c, 0xfe2c, 0xfe2c, 0xfe2c,
0xfe2c, 0xfe2c, 0xfe2c, 0xfe2c, 0xfe2c, 0xfe2c, 0xfe2c, 0xfe2c, 0xfe2c, 0xfe2c,
0xfe2c, 0xfe2c, 0xfe2c, 0xfe2c, 0xfe2c, 0xfe2c, 0xfe2c, 0xfe2c, 0xed6a, 0xed6a,
0xed6a, 0xed6a, 0xed6a, 0xed6a, 0xed6a, 0xed6a, 0xed6a, 0xed6a, 0xed6a, 0xed6a,
0xed6a, 0xdcac, 0xed6a, 0xed6a, 0xed6a, 0xed6a, 0xed6a, 0xfe2c, 0xfe2c, 0xfe2c,
0xfe2c, 0xfe2c, 0xed6a, 0xed6a, 0xed6a, 0xed6a, 0xed6a, 0xed6a, 0x0845, 0x0845,
0x424c, 0x424c, 0x424c, 0xdef9, 0xce37, 0xa534, 0xa534, 0xa534, 0xa534, 0xef3b,
0xce37, 0xce37, 0xce37, 0xce37, 0xdef9, 0xce37, 0xce37, 0xdef9, 0xdef9, 0xdef9,
0xce37, 0xa534, 0x924b, 0xd44d, 0xd44d, 0xd44d, 0xd44d, 0xd44d, 0xfef4, 0xfef4,

0xfef4, 0xfef4, 0xd44d, 0xd44d, 0xd44d, 0xd44d, 0xd44d, 0x924b, 0xa534, 0xce37,
0xce37, 0xdef9, 0xef3b, 0xdef9, 0xdef9, 0xdef9, 0xce37, 0xce37, 0xce37, 0xef3b,
0xa534, 0xa534, 0xa534, 0xa534, 0xa534, 0xce37, 0xce37, 0xce37, 0xdef9, 0x0845,
0x0845, 0x0845, 0xfe2c, 0xfe2c, 0xfe2c, 0xfe2c, 0xfe2c, 0xfe2c, 0xfe2c, 0xfe2c,
0xfe2c, 0xfe2c, 0xfe2c, 0xfe2c, 0xfe2c, 0xfe2c, 0xfe2c, 0xfe2c, 0xfe2c, 0xfe2c,
0xfe2c, 0xfe2c, 0xfe2c, 0xfe2c, 0xfe2c, 0xfe2c, 0xfeef, 0xff6e, 0xff6e, 0xff6e,
0xff6e, 0xff6e, 0xff6e, 0xfeef, 0xfeef, 0xff6e, 0xff6e, 0xff6e, 0xff6e, 0xff6e,
0xff6e, 0xfeef, 0xfe2c, 0xfe2c, 0xfe2c, 0xfe2c, 0xfe2c, 0xfe2c, 0xfe2c, 0xfe2c,
0xfe2c, 0xfe2c, 0xfe2c, 0xfe2c, 0xed6a, 0xed6a, 0xed6a, 0xed6a, 0xed6a, 0xed6a,
0xed6a, 0xed6a, 0xed6a, 0xed6a, 0xed6a, 0xed6a, 0xed6a, 0xed6a, 0xed6a, 0xed6a,
0xed6a, 0xed6a, 0xed6a, 0xdcac, 0xed6a, 0xed6a, 0xed6a, 0xed6a, 0xfe2c, 0xfe2c,
0xfe2c, 0xfe2c, 0xfe2c, 0xfe2c, 0xfe2c, 0xfe2c, 0xfe2c, 0xfe2c, 0xfe2c, 0xfe2c,
0xfe2c, 0xfe2c, 0xfe2c, 0xfe2c, 0xfe2c, 0xfe2c, 0xfe2c, 0xfe2c, 0xfe2c, 0xfe2c,
0xfe2c, 0xfe2c, 0xfe2c, 0xfe2c, 0xfe2c, 0xfe2c, 0xfe2c, 0xfe2c, 0xfe2c, 0xfe2c,
0xfe2c, 0xfe2c, 0xfe2c, 0xfe2c, 0xfe2c, 0xfe2c, 0xfe2c, 0xfe2c, 0xfe2c, 0xfe2c,
0xfe2c, 0xfe2c, 0xfe2c, 0xfe2c, 0xfe2c, 0xfe2c, 0xfe2c, 0xfe2c, 0xfe2c, 0xfe2c,
0xfe2c, 0xfe2c, 0xfe2c, 0xfe2c, 0xfe2c, 0xfe2c, 0xfe2c, 0xfe2c, 0xfe2c, 0xfe2c,
0xfe2c, 0xfe2c, 0xfe2c, 0xfe2c, 0xfe2c, 0xfe2c, 0xfe2c, 0xfe2c, 0xfe2c, 0xfe2c,
0xfe2c, 0xfe2c, 0xed6a, 0xed6a, 0xed6a, 0xed6a, 0xed6a, 0xed6a, 0xed6a, 0xed6a,
0xed6a, 0xdcac, 0xed6a, 0xed6a, 0xed6a, 0xed6a, 0xfe2c, 0xfe2c, 0xfe2c, 0xfe2c,
0xfe2c, 0xfe2c, 0xfe2c, 0xfe2c, 0xfe2c, 0xfe2c, 0xed6a, 0xed6a, 0x0845, 0x0845,
0x424c, 0x424c, 0x424c, 0xdef9, 0xce37, 0xa534, 0xa534, 0xa534, 0xa534, 0xef3b,
0xce37, 0xce37, 0xce37, 0xce37, 0xdef9, 0xef3b, 0xce37, 0xdef9, 0xdef9, 0xdef9,
0xce37, 0xa534, 0x924b, 0xd44d, 0xd44d, 0xd44d, 0xd44d, 0xd44d, 0xfef4, 0xfef4,

0xfef4, 0xfef4, 0xd44d, 0xd44d, 0xd44d, 0xd44d, 0xd44d, 0x924b, 0xa534, 0xce37,
0xce37, 0xdef9, 0xef3b, 0xdef9, 0xdef9, 0xdef9, 0xce37, 0xce37, 0xce37, 0xef3b,
0xa534, 0xa534, 0xa534, 0xa534, 0xa534, 0xce37, 0xce37, 0xce37, 0xdef9, 0x0845,
0x0845, 0x0845, 0xfe2c, 0xfe2c, 0xfe2c, 0xfe2c, 0xfe2c, 0xfe2c, 0xfe2c, 0xfe2c,
0xfe2c, 0xfe2c, 0xfe2c, 0xfe2c, 0xfe2c, 0xfe2c, 0xfe2c, 0xfe2c, 0xfe2c, 0xfe2c,
0xfe2c, 0xfe2c, 0xfe2c, 0xfe2c, 0xfe2c, 0xfe2c, 0xfe2c, 0xfeef, 0xfeef, 0xfeef,
0xfeef, 0xfeef, 0xfeef, 0xfeef, 0xfeef, 0xfeef, 0xfeef, 0xfeef, 0xfeef, 0xfeef,
0xfeef, 0xfe2c, 0xfe2c, 0xfe2c, 0xfe2c, 0xfe2c, 0xfe2c, 0xfe2c, 0xfe2c, 0xfe2c,
0xfe2c, 0xfe2c, 0xfe2c, 0xfe2c, 0xed6a, 0xed6a, 0xed6a, 0xed6a, 0xed6a, 0xed6a,
0xed6a, 0xed6a, 0xed6a, 0xed6a, 0xed6a, 0xed6a, 0xed6a, 0xed6a, 0xed6a, 0xfe2c,
0xfe2c, 0xfe2c, 0xfe2c, 0xdcac, 0xed6a, 0xed6a, 0xed6a, 0xed6a, 0xfe2c, 0xfe2c,
0xfe2c, 0xfe2c, 0xfe2c, 0xfe2c, 0xfe2c, 0xfe2c, 0xfe2c, 0xfe2c, 0xfe2c, 0xfe2c,
0xfe2c, 0xfe2c, 0xfe2c, 0xfe2c, 0xfe2c, 0xfe2c, 0xfe2c, 0xfe2c, 0xfe2c, 0xfe2c,
0xfe2c, 0xfe2c, 0xfe2c, 0xfe2c, 0xfe2c, 0xfe2c, 0xfe2c, 0xfe2c, 0xfe2c, 0xfe2c,
0xfe2c, 0xfe2c, 0xfe2c, 0xfe2c, 0xfe2c, 0xfe2c, 0xfe2c, 0xfe2c, 0xfe2c, 0xfe2c,
0xfe2c, 0xfe2c, 0xfe2c, 0xfe2c, 0xfe2c, 0xfe2c, 0xfe2c, 0xfe2c, 0xfe2c, 0xfe2c,
0xfe2c, 0xfe2c, 0xfe2c, 0xfe2c, 0xfe2c, 0xfe2c, 0xfe2c, 0xfe2c, 0xfe2c, 0xfe2c,
0xfe2c, 0xfe2c, 0xfe2c, 0xfe2c, 0xfe2c, 0xfe2c, 0xfe2c, 0xfe2c, 0xfe2c, 0xfe2c,
0xed6a, 0xed6a, 0xed6a, 0xed6a, 0xed6a, 0xed6a, 0xed6a, 0xfe2c, 0xfe2c, 0xfe2c,
0xfe2c, 0xdcac, 0xed6a, 0xed6a, 0xed6a, 0xed6a, 0xfe2c, 0xfe2c, 0xfe2c, 0xfe2c,
0xfe2c, 0xfe2c, 0xfe2c, 0xfe2c, 0xed6a, 0xed6a, 0xed6a, 0xed6a, 0x424c, 0x6b8f,
0x424c, 0x424c, 0x424c, 0xdef9, 0xce37, 0xa534, 0xa534, 0xa534, 0xa534, 0xef3b,
0xce37, 0xce37, 0xce37, 0xce37, 0xdef9, 0xdef9, 0xdef9, 0xdef9, 0xdef9, 0xdef9,
0xce37, 0xa534, 0x924b, 0xd44d, 0xd44d, 0xd44d, 0xd44d, 0xd44d, 0xfef4, 0xfef4,

0xfef4, 0xfef4, 0xd44d, 0xd44d, 0xd44d, 0xd44d, 0xd44d, 0x924b, 0xa534, 0xce37,
0xdef9, 0xce37, 0xdef9, 0xdef9, 0xdef9, 0xdef9, 0xdef9, 0xce37, 0xce37, 0xef3b,
0xa534, 0xa534, 0xa534, 0xa534, 0xa534, 0xce37, 0xce37, 0xce37, 0xce37, 0x424c,
0x0845, 0x424c, 0xfe2c, 0xfe2c, 0xfe2c, 0xfe2c, 0xfe2c, 0xfe2c, 0xfe2c, 0xfe2c,
0xfe2c, 0xfe2c, 0xfe2c, 0xfe2c, 0xfe2c, 0xfe2c, 0xfe2c, 0xfe2c, 0xfe2c, 0xfe2c,
0xfe2c, 0xfe2c, 0xfe2c, 0xfe2c, 0xfe2c, 0xfe2c, 0xfe2c, 0xfeef, 0xfeef, 0xfeef,
0xfeef, 0xfeef, 0xfeef, 0xfe2c, 0xfe2c, 0xfeef, 0xfeef, 0xfeef, 0xfeef, 0xfeef,
0xfeef, 0xfe2c, 0xfe2c, 0xfe2c, 0xfe2c, 0xfe2c, 0xfe2c, 0xfe2c, 0xfe2c, 0xfe2c,
0xfe2c, 0xfe2c, 0xed6a, 0xed6a, 0xed6a, 0xed6a, 0xed6a, 0xdcac, 0xed6a, 0xed6a,
0xed6a, 0xed6a, 0xdcac, 0xdcac, 0xdcac, 0xdcac, 0xed6a, 0xed6a, 0xed6a, 0xed6a,
0xed6a, 0xed6a, 0xed6a, 0xdcac, 0xed6a, 0xed6a, 0xed6a, 0xed6a, 0xed6a, 0xed6a,
0xfe2c, 0xfe2c, 0xfe2c, 0xfe2c, 0xfe2c, 0xfe2c, 0xfe2c, 0xfe2c, 0xfe2c, 0xfe2c,
0xfe2c, 0xfe2c, 0xfe2c, 0xfe2c, 0xfe2c, 0xfe2c, 0xfe2c, 0xfe2c, 0xfe2c, 0xfe2c,
0xfe2c, 0xfe2c, 0xfe2c, 0xfe2c, 0xfe2c, 0xfe2c, 0xfe2c, 0xfe2c, 0xfe2c, 0xfe2c,
0xfe2c, 0xfe2c, 0xfe2c, 0xfe2c, 0xfe2c, 0xfe2c, 0xfe2c, 0xfe2c, 0xfe2c, 0xfe2c,
0xfe2c, 0xfe2c, 0xfe2c, 0xfe2c, 0xfe2c, 0xfe2c, 0xfe2c, 0xfe2c, 0xfe2c, 0xfe2c,
0xfe2c, 0xfe2c, 0xfe2c, 0xfe2c, 0xfe2c, 0xfe2c, 0xfe2c, 0xfe2c, 0xfe2c, 0xfe2c,
0xfe2c, 0xfe2c, 0xfe2c, 0xfe2c, 0xfe2c, 0xfe2c, 0xfe2c, 0xfe2c, 0xfe2c, 0xfe2c,
0xed6a, 0xed6a, 0xed6a, 0xed6a, 0xed6a, 0xed6a, 0xed6a, 0xed6a, 0xed6a, 0xed6a,
0xed6a, 0xdcac, 0xed6a, 0xed6a, 0xed6a, 0xed6a, 0xed6a, 0xed6a, 0xfe2c, 0xfe2c,
0xfe2c, 0xfe2c, 0xfe2c, 0xfe2c, 0xed6a, 0xed6a, 0xed6a, 0xed6a, 0x424c, 0x6b8f,
0x6b8f, 0x424c, 0x6b8f, 0xce37, 0xce37, 0xa534, 0xa534, 0xa534, 0xa534, 0xdef9,
0xce37, 0xce37, 0xce37, 0xce37, 0xdef9, 0xdef9, 0xdef9, 0xdef9, 0xdef9, 0xdef9,
0xce37, 0xa534, 0x924b, 0xd44d, 0xd44d, 0xd44d, 0xd44d, 0xd44d, 0xfef4, 0xfef4,

0xfef4, 0xedf0, 0xd44d, 0xd44d, 0xd44d, 0xd44d, 0xd44d, 0x924b, 0xa534, 0xce37,
0xdef9, 0xdef9, 0xdef9, 0xdef9, 0xdef9, 0xdef9, 0xdef9, 0xdef9, 0xce37, 0xef3b,
0xa534, 0xa534, 0xa534, 0xa534, 0xa534, 0xce37, 0xdef9, 0x6b8f, 0xa534, 0xa534,
0x6b8f, 0x424c, 0xfe2c, 0xfe2c, 0xfe2c, 0xfe2c, 0xfe2c, 0xfe2c, 0xfe2c, 0xfe2c,
0xfe2c, 0xfe2c, 0xfe2c, 0xfe2c, 0xfe2c, 0xfe2c, 0xfe2c, 0xfe2c, 0xfe2c, 0xfe2c,
0xfe2c, 0xfe2c, 0xfe2c, 0xfe2c, 0xfe2c, 0xfe2c, 0xfe2c, 0xfe2c, 0xfe2c, 0xfe2c,
0xfe2c, 0xfe2c, 0xfe2c, 0xfe2c, 0xfe2c, 0xfe2c, 0xfe2c, 0xfe2c, 0xfe2c, 0xfe2c,
0xfe2c, 0xfe2c, 0xfe2c, 0xfe2c, 0xfe2c, 0xfe2c, 0xfe2c, 0xfe2c, 0xfe2c, 0xfe2c,
0xfe2c, 0xfe2c, 0xfe2c, 0xed6a, 0xed6a, 0xed6a, 0xed6a, 0xdcac, 0xed6a, 0xed6a,
0xed6a, 0xed6a, 0xed6a, 0xed6a, 0xed6a, 0xed6a, 0xed6a, 0xed6a, 0xed6a, 0xed6a,
0xed6a, 0xed6a, 0xed6a, 0xdcac, 0xed6a, 0xed6a, 0xed6a, 0xed6a, 0xed6a, 0xfe2c,
0xfe2c, 0xfe2c, 0xfe2c, 0xfe2c, 0xfe2c, 0xfe2c, 0xfe2c, 0xfe2c, 0xfe2c, 0xfe2c,
0xfe2c, 0xfe2c, 0xfe2c, 0xfe2c, 0xfe2c, 0xfe2c, 0xfe2c, 0xfe2c, 0xfe2c, 0xfe2c,
0xfe2c, 0xfe2c, 0xfe2c, 0xfe2c, 0xfe2c, 0xfe2c, 0xfe2c, 0xfe2c, 0xfe2c, 0xfe2c,
0xfe2c, 0xfe2c, 0xfe2c, 0xfe2c, 0xfe2c, 0xfe2c, 0xfe2c, 0xfe2c, 0xfe2c, 0xfe2c,
0xfe2c, 0xfe2c, 0xfe2c, 0xfe2c, 0xfe2c, 0xfe2c, 0xfe2c, 0xfe2c, 0xfe2c, 0xfe2c,
0xfe2c, 0xfe2c, 0xfe2c, 0xfe2c, 0xfe2c, 0xfe2c, 0xfe2c, 0xfe2c, 0xfe2c, 0xfe2c,
0xfe2c, 0xfe2c, 0xfe2c, 0xfe2c, 0xfe2c, 0xfe2c, 0xfe2c, 0xfe2c, 0xfe2c, 0xfe2c,
0xfe2c, 0xfe2c, 0xed6a, 0xed6a, 0xed6a, 0xed6a, 0xed6a, 0xed6a, 0xed6a, 0xed6a,
0xed6a, 0xdcac, 0xed6a, 0xed6a, 0xed6a, 0xed6a, 0xed6a, 0xfe2c, 0xfe2c, 0xfe2c,
0xfe2c, 0xfe2c, 0xfe2c, 0xfe2c, 0xfe2c, 0xfe2c, 0xed6a, 0xed6a, 0x0845, 0x424c,
0x6b8f, 0xa534, 0xa534, 0xce37, 0xce37, 0xa534, 0xa534, 0xa534, 0xa534, 0xdef9,
0xce37, 0xdef9, 0xce37, 0xdef9, 0xdef9, 0xdef9, 0xdef9, 0xdef9, 0xdef9, 0xdef9,
0xce37, 0xa534, 0x924b, 0xd44d, 0xd44d, 0xd44d, 0xd44d, 0xd44d, 0xfef4, 0xfef4,

0xfef4, 0xfef4, 0xd44d, 0xd44d, 0xd44d, 0xd44d, 0xd44d, 0x924b, 0xa534, 0xce37,
0xdef9, 0xdef9, 0xdef9, 0xdef9, 0xdef9, 0xdef9, 0xdef9, 0xce37, 0xce37, 0xef3b,
0xa534, 0xa534, 0xa534, 0xa534, 0xa534, 0xdef9, 0x6b8f, 0x6b8f, 0x6b8f, 0xa534,
0x424c, 0x0845, 0xfe2c, 0xfe2c, 0xfe2c, 0xfe2c, 0xfe2c, 0xfe2c, 0xfe2c, 0xfe2c,
0xfe2c, 0xfe2c, 0xfe2c, 0xfe2c, 0xfe2c, 0xfe2c, 0xfe2c, 0xfe2c, 0xfe2c, 0xfe2c,
0xfe2c, 0xfe2c, 0xfe2c, 0xfe2c, 0xfe2c, 0xfe2c, 0xfe2c, 0xfe2c, 0xfe2c, 0xfe2c,
0xfe2c, 0xfe2c, 0xfe2c, 0xfe2c, 0xfe2c, 0xfe2c, 0xfe2c, 0xfe2c, 0xfe2c, 0xfe2c,
0xfe2c, 0xfe2c, 0xfe2c, 0xfe2c, 0xfe2c, 0xfe2c, 0xfe2c, 0xfe2c, 0xfe2c, 0xfe2c,
0xed6a, 0xed6a, 0xed6a, 0xed6a, 0xed6a, 0xed6a, 0xed6a, 0xdcac, 0xed6a, 0xed6a,
0xed6a, 0xed6a, 0xed6a, 0xed6a, 0xed6a, 0xed6a, 0xed6a, 0xed6a, 0xed6a, 0xed6a,
0xed6a, 0xed6a, 0xed6a, 0xdcac, 0xed6a, 0xed6a, 0xed6a, 0xed6a, 0xed6a, 0xed6a,
0xed6a, 0xed6a, 0xfe2c, 0xfe2c, 0xfe2c, 0xfe2c, 0xfe2c, 0xfe2c, 0xfe2c, 0xfe2c,
0xfe2c, 0xfe2c, 0xfe2c, 0xfe2c, 0xfe2c, 0xfe2c, 0xfe2c, 0xfe2c, 0xfe2c, 0xfe2c,
0xfe2c, 0xfe2c, 0xfe2c, 0xfe2c, 0xfe2c, 0xfe2c, 0xfe2c, 0xfe2c, 0xfe2c, 0xfe2c,
0xfe2c, 0xfe2c, 0xfe2c, 0xfe2c, 0xfe2c, 0xfe2c, 0xfe2c, 0xfe2c, 0xfe2c, 0xfe2c,
0xfe2c, 0xfe2c, 0xfe2c, 0xfe2c, 0xfe2c, 0xfe2c, 0xfe2c, 0xfe2c, 0xfe2c, 0xfe2c,
0xfe2c, 0xfe2c, 0xfe2c, 0xfe2c, 0xfe2c, 0xfe2c, 0xfe2c, 0xfe2c, 0xfe2c, 0xfe2c,
0xfe2c, 0xfe2c, 0xfe2c, 0xfe2c, 0xfe2c, 0xfe2c, 0xfe2c, 0xfe2c, 0xed6a, 0xed6a,
0xed6a, 0xed6a, 0xed6a, 0xed6a, 0xed6a, 0xed6a, 0xed6a, 0xed6a, 0xed6a, 0xed6a,
0xed6a, 0xdcac, 0xed6a, 0xed6a, 0xed6a, 0xed6a, 0xed6a, 0xed6a, 0xed6a, 0xed6a,
0xfe2c, 0xfe2c, 0xed6a, 0xed6a, 0xed6a, 0xed6a, 0xed6a, 0xed6a, 0x0845, 0x0845,
0x6b8f, 0xa534, 0x6b8f, 0xa534, 0xdef9, 0xce37, 0xa534, 0xa534, 0xdef9, 0xce37,
0xce37, 0xdef9, 0xdef9, 0xdef9, 0xdef9, 0xdef9, 0xdef9, 0xdef9, 0xdef9, 0xdef9,
0xce37, 0xa534, 0x924b, 0xd44d, 0xd44d, 0xd44d, 0xd44d, 0xd44d, 0xfef4, 0xfef4,

0xfef4, 0xfef4, 0xd44d, 0xd44d, 0xd44d, 0xd44d, 0xbb4b, 0x924b, 0xa534, 0xce37,
0xdef9, 0xdef9, 0xdef9, 0xdef9, 0xdef9, 0xdef9, 0xce37, 0xce37, 0xce37, 0xce37,
0xce37, 0xa534, 0xa534, 0xa534, 0xce37, 0xdef9, 0x6b8f, 0x6b8f, 0x6b8f, 0xa534,
0x0845, 0x0845, 0xfe2c, 0xfe2c, 0xfe2c, 0xfe2c, 0xfe2c, 0xfe2c, 0xfe2c, 0xfe2c,
0xfe2c, 0xfe2c, 0xfe2c, 0xfe2c, 0xfe2c, 0xfe2c, 0xfe2c, 0xfe2c, 0xfe2c, 0xfe2c,
0xfe2c, 0xfe2c, 0xfe2c, 0xfe2c, 0xfe2c, 0xfe2c, 0xfe2c, 0xfe2c, 0xfe2c, 0xfe2c,
0xfe2c, 0xfe2c, 0xfe2c, 0xfe2c, 0xfe2c, 0xfe2c, 0xfe2c, 0xfe2c, 0xfe2c, 0xfe2c,
0xfe2c, 0xfe2c, 0xfe2c, 0xfe2c, 0xfe2c, 0xfe2c, 0xfe2c, 0xfe2c, 0xfe2c, 0xfe2c,
0xfe2c, 0xfe2c, 0xfe2c, 0xfe2c, 0xfe2c, 0xfe2c, 0xfe2c, 0xdcac, 0xfe2c, 0xfe2c,
0xfe2c, 0xfe2c, 0xfe2c, 0xfe2c, 0xfe2c, 0xfe2c, 0xfe2c, 0xfe2c, 0xed6a, 0xed6a,
0xfe2c, 0xfe2c, 0xfe2c, 0xdcac, 0xfe2c, 0xfe2c, 0xfe2c, 0xfe2c, 0xfe2c, 0xfe2c,
0xfe2c, 0xfe2c, 0xfe2c, 0xfe2c, 0xfe2c, 0xfe2c, 0xfe2c, 0xfe2c, 0xfe2c, 0xfe2c,
0xfe2c, 0xfe2c, 0xfe2c, 0xfe2c, 0xfe2c, 0xfe2c, 0xfe2c, 0xfe2c, 0xfe2c, 0xfe2c,
0xfe2c, 0xfe2c, 0xfe2c, 0xfe2c, 0xfe2c, 0xfe2c, 0xfe2c, 0xfe2c, 0xfe2c, 0xfe2c,
0xfe2c, 0xfe2c, 0xfe2c, 0xfe2c, 0xfe2c, 0xfe2c, 0xfe2c, 0xfe2c, 0xfe2c, 0xfe2c,
0xfe2c, 0xfe2c, 0xfe2c, 0xfe2c, 0xfe2c, 0xfe2c, 0xfe2c, 0xfe2c, 0xfe2c, 0xfe2c,
0xfe2c, 0xfe2c, 0xfe2c, 0xfe2c, 0xfe2c, 0xfe2c, 0xfe2c, 0xfe2c, 0xfe2c, 0xfe2c,
0xfe2c, 0xfe2c, 0xfe2c, 0xfe2c, 0xfe2c, 0xfe2c, 0xfe2c, 0xfe2c, 0xfe2c, 0xfe2c,
0xfe2c, 0xfe2c, 0xfe2c, 0xfe2c, 0xfe2c, 0xfe2c, 0xed6a, 0xed6a, 0xfe2c, 0xfe2c,
0xfe2c, 0xdcac, 0xfe2c, 0xfe2c, 0xfe2c, 0xfe2c, 0xfe2c, 0xfe2c, 0xfe2c, 0xfe2c,
0xfe2c, 0xfe2c, 0xfe2c, 0xfe2c, 0xfe2c, 0xfe2c, 0xfe2c, 0xfe2c, 0x0845, 0x0845,
0xa534, 0x6b8f, 0x6b8f, 0x6b8f, 0xdef9, 0xce37, 0xce37, 0xce37, 0xce37, 0xce37,
0xce37, 0xce37, 0xdef9, 0xdef9, 0xdef9, 0xdef9, 0xdef9, 0xdef9, 0xdef9, 0xdef9,
0xce37, 0xa534, 0x924b, 0xd44d, 0xd44d, 0xd44d, 0xd44d, 0xd44d, 0xfef4, 0xfef4,

0xfef4, 0xfef4, 0xd44d, 0xd44d, 0xd44d, 0xd44d, 0xbb4b, 0x924b, 0xa534, 0xce37,
0xdef9, 0xdef9, 0xdef9, 0xdef9, 0xdef9, 0xdef9, 0xce37, 0xce37, 0xce37, 0xce37,
0xce37, 0xce37, 0xce37, 0xce37, 0xce37, 0xdef9, 0x6b8f, 0x6b8f, 0x6b8f, 0xa534,
0x0845, 0x0845, 0xfe2c, 0xfe2c, 0xfe2c, 0xfe2c, 0xfe2c, 0xfe2c, 0xfe2c, 0xfe2c,
0xfe2c, 0xfe2c, 0xfe2c, 0xfe2c, 0xfe2c, 0xfe2c, 0xfe2c, 0xfe2c, 0xfe2c, 0xfe2c,
0xfe2c, 0xfe2c, 0xfe2c, 0xfe2c, 0xfe2c, 0xfe2c, 0xfe2c, 0xfe2c, 0xfe2c, 0xfe2c,
0xfe2c, 0xfe2c, 0xfe2c, 0xfe2c, 0xfe2c, 0xfe2c, 0xfe2c, 0xfe2c, 0xfe2c, 0xfe2c,
0xfe2c, 0xfe2c, 0xfe2c, 0xfe2c, 0xfe2c, 0xfe2c, 0xfe2c, 0xfe2c, 0xfe2c, 0xfe2c,
0xed6a, 0xed6a, 0xdcac, 0xdcac, 0xdcac, 0xdcac, 0xdcac, 0xdcac, 0xed6a, 0xed6a,
0xed6a, 0xed6a, 0xed6a, 0xed6a, 0xed6a, 0xed6a, 0xdcac, 0xdcac, 0xdcac, 0xdcac,
0xdcac, 0xdcac, 0xdcac, 0xdcac, 0xdcac, 0xdcac, 0xdcac, 0xdcac, 0xdcac, 0xdcac,
0xed6a, 0xed6a, 0xfe2c, 0xfe2c, 0xfe2c, 0xfe2c, 0x0845, 0x0845, 0x0845, 0x0845,
0x0845, 0x0845, 0x0845, 0x0845, 0xfe2c, 0xfe2c, 0xfe2c, 0xfe2c, 0xfe2c, 0xfe2c,
0xfe2c, 0xfe2c, 0xfe2c, 0xfe2c, 0xfe2c, 0xfe2c, 0xfe2c, 0xfe2c, 0xfe2c, 0xfe2c,
0xfe2c, 0xfe2c, 0xfe2c, 0xfe2c, 0xfe2c, 0xfe2c, 0xfe2c, 0xfe2c, 0xfe2c, 0xfe2c,
0xfe2c, 0xfe2c, 0xfe2c, 0xfe2c, 0xfe2c, 0xfe2c, 0xfe2c, 0xfe2c, 0xfe2c, 0xfe2c,
0xfe2c, 0xfe2c, 0xfe2c, 0xfe2c, 0xfe2c, 0xfe2c, 0xfe2c, 0xfe2c, 0xfe2c, 0xfe2c,
0xfe2c, 0xfe2c, 0xfe2c, 0xfe2c, 0xfe2c, 0xfe2c, 0xed6a, 0xed6a, 0xdcac, 0xdcac,
0xdcac, 0xdcac, 0xdcac, 0xdcac, 0xdcac, 0xdcac, 0xdcac, 0xdcac, 0xdcac, 0xdcac,
0xdcac, 0xdcac, 0xdcac, 0xdcac, 0xdcac, 0xdcac, 0xdcac, 0xdcac, 0xed6a, 0xed6a,
0xed6a, 0xed6a, 0xdcac, 0xdcac, 0xdcac, 0xdcac, 0xdcac, 0xdcac, 0x0845, 0x0845,
0xa534, 0x6b8f, 0x6b8f, 0x6b8f, 0xdef9, 0xce37, 0xce37, 0xce37, 0xce37, 0xce37,
0xce37, 0xce37, 0xce37, 0xdef9, 0xdef9, 0xdef9, 0xdef9, 0xdef9, 0xdef9, 0xdef9,
0xce37, 0xa534, 0x924b, 0xd44d, 0xd44d, 0xd44d, 0xd44d, 0xd44d, 0xfef4, 0xfef4,

0xfef4, 0xfef4, 0xd44d, 0xd44d, 0xd44d, 0xd44d, 0xd44d, 0x924b, 0xa534, 0xce37,
0xdef9, 0xdef9, 0xdef9, 0xdef9, 0xdef9, 0xdef9, 0xce37, 0xce37, 0xce37, 0xce37,
0xce37, 0xdef9, 0x6b8f, 0x6b8f, 0xce37, 0x424c, 0x6b8f, 0x424c, 0x424c, 0x0845,
0x0845, 0x694a, 0x0845, 0x0845, 0x0845, 0x0845, 0x424c, 0x424c, 0x0845, 0x0845,
0x0845, 0x0845, 0x0845, 0x424c, 0x0845, 0x0845, 0x0845, 0x0845, 0x0845, 0x0845,
0x0845, 0x0845, 0x424c, 0x424c, 0x0845, 0x0845, 0x0845, 0x0845, 0x0845, 0x424c,
0x0845, 0x0845, 0x0845, 0x0845, 0x0845, 0x424c, 0x0845, 0x0845, 0x0845, 0x0845,
0x0845, 0x424c, 0x424c, 0x424c, 0x0845, 0x0845, 0x0845, 0x0845, 0x0845, 0x0845,
0x0845, 0x424c, 0x0845, 0x0845, 0x0845, 0x0845, 0x0845, 0x424c, 0x424c, 0x424c,
0x0845, 0x0845, 0x0845, 0x0845, 0x0845, 0x0845, 0x0845, 0x0845, 0x0845, 0x0845,
0x0845, 0x424c, 0x0845, 0x0845, 0x0845, 0x0845, 0x0845, 0x424c, 0x424c, 0x0845,
0x0845, 0x0845, 0x0845, 0x0845, 0x0845, 0x0845, 0x694a, 0x694a, 0x694a, 0x694a,
0x694a, 0x694a, 0x694a, 0x694a, 0x0845, 0x0845, 0x0845, 0x0845, 0x0845, 0x0845,
0x0845, 0x0845, 0x0845, 0x0845, 0x424c, 0x0845, 0x0845, 0x0845, 0x0845, 0x424c,
0x424c, 0x424c, 0x0845, 0x0845, 0x0845, 0x0845, 0x0845, 0x0845, 0x424c, 0x424c,
0x0845, 0x0845, 0x0845, 0x0845, 0x0845, 0x424c, 0x0845, 0x0845, 0x0845, 0x0845,
0x0845, 0x0845, 0x0845, 0x0845, 0x424c, 0x424c, 0x0845, 0x0845, 0x0845, 0x0845,
0x0845, 0x424c, 0x0845, 0x0845, 0x0845, 0x0845, 0x0845, 0x424c, 0x0845, 0x0845,
0x0845, 0x0845, 0x0845, 0x424c, 0x424c, 0x424c, 0x0845, 0x0845, 0x0845, 0x0845,
0x0845, 0x0845, 0x0845, 0x0845, 0x0845, 0x0845, 0x0845, 0x424c, 0x0845, 0x0845,
0x0845, 0x0845, 0x0845, 0x424c, 0x424c, 0x0845, 0x0845, 0x0845, 0x694a, 0x0845,
0x0845, 0x424c, 0x424c, 0x6b8f, 0x424c, 0xce37, 0x6b8f, 0x6b8f, 0xdef9, 0xce37,
0xce37, 0xce37, 0xce37, 0xce37, 0xdef9, 0xdef9, 0xdef9, 0xdef9, 0xdef9, 0xdef9,
0xce37, 0xa534, 0x924b, 0xd44d, 0xd44d, 0xd44d, 0xd44d, 0xd44d, 0xfef4, 0xfef4,

0xfef4, 0xfef4, 0xd44d, 0xd44d, 0xd44d, 0xd44d, 0xd44d, 0x924b, 0xa534, 0xce37,
0xdef9, 0xdef9, 0xdef9, 0xdef9, 0xdef9, 0xdef9, 0xce37, 0xce37, 0xce37, 0xce37,
0xef3b, 0x6b8f, 0x6b8f, 0x6b8f, 0xa534, 0x424c, 0x424c, 0x0845, 0x0845, 0x694a,
0x694a, 0x0845, 0x0845, 0x0845, 0x0845, 0x424c, 0x6b8f, 0x6b8f, 0x0845, 0x0845,
0x0845, 0x0845, 0x0845, 0x424c, 0x0845, 0x0845, 0x0845, 0x0845, 0x0845, 0x0845,
0x0845, 0x424c, 0x6b8f, 0x6b8f, 0x0845, 0x0845, 0x0845, 0x0845, 0x0845, 0x424c,
0x0845, 0x0845, 0x0845, 0x0845, 0x424c, 0x6b8f, 0x424c, 0x0845, 0x0845, 0x0845,
0x424c, 0x424c, 0x424c, 0x424c, 0x0845, 0x0845, 0x0845, 0x0845, 0x0845, 0x424c,
0x424c, 0x6b8f, 0x424c, 0x0845, 0x0845, 0x0845, 0x424c, 0x424c, 0x424c, 0x424c,
0x0845, 0x0845, 0x0845, 0x0845, 0x0845, 0x424c, 0x0845, 0x0845, 0x0845, 0x0845,
0x424c, 0x0845, 0x0845, 0x0845, 0x0845, 0x0845, 0x0845, 0x0845, 0x6b8f, 0x424c,
0x0845, 0x0845, 0x0845, 0x0845, 0x0845, 0x0845, 0x694a, 0x694a, 0x694a, 0x694a,
0x694a, 0x694a, 0x694a, 0x694a, 0x0845, 0x0845, 0x0845, 0x0845, 0x0845, 0x0845,
0x0845, 0x0845, 0x0845, 0x424c, 0x0845, 0x0845, 0x0845, 0x0845, 0x0845, 0x0845,
0x6b8f, 0x6b8f, 0x424c, 0x0845, 0x0845, 0x0845, 0x0845, 0x424c, 0x6b8f, 0x6b8f,
0x0845, 0x0845, 0x0845, 0x0845, 0x0845, 0x424c, 0x0845, 0x0845, 0x0845, 0x0845,
0x0845, 0x0845, 0x0845, 0x424c, 0x6b8f, 0x6b8f, 0x0845, 0x0845, 0x0845, 0x0845,
0x0845, 0x424c, 0x0845, 0x0845, 0x0845, 0x0845, 0x424c, 0x6b8f, 0x424c, 0x0845,
0x0845, 0x0845, 0x424c, 0x424c, 0x424c, 0x424c, 0x0845, 0x0845, 0x0845, 0x0845,
0x0845, 0x424c, 0x0845, 0x0845, 0x0845, 0x0845, 0x424c, 0x0845, 0x0845, 0x0845,
0x0845, 0x0845, 0x0845, 0x0845, 0x6b8f, 0x424c, 0x0845, 0x0845, 0x0845, 0x694a,
0x694a, 0x0845, 0x0845, 0x424c, 0x424c, 0xa534, 0x6b8f, 0x6b8f, 0x6b8f, 0xef3b,
0xce37, 0xce37, 0xce37, 0xce37, 0xdef9, 0xdef9, 0xdef9, 0xdef9, 0xdef9, 0xdef9,
0xce37, 0xa534, 0x924b, 0xd44d, 0xd44d, 0xd44d, 0xd44d, 0xd44d, 0xfef4, 0xfef4,

0xfef4, 0xfef4, 0xd44d, 0xd44d, 0xd44d, 0xd44d, 0xd44d, 0x924b, 0xa534, 0xce37,
0xdef9, 0xdef9, 0xdef9, 0xdef9, 0xdef9, 0xdef9, 0xce37, 0xce37, 0xce37, 0xce37,
0xef3b, 0x6b8f, 0x6b8f, 0x6b8f, 0x424c, 0x694a, 0x694a, 0x694a, 0x694a, 0xbb4b,
0x694a, 0x0845, 0xa534, 0xa534, 0x6b8f, 0x6b8f, 0x6b8f, 0x424c, 0x424c, 0x424c,
0x424c, 0x424c, 0x6b8f, 0x6b8f, 0x6b8f, 0xa534, 0xa534, 0xa534, 0xa534, 0xa534,
0x6b8f, 0x6b8f, 0x6b8f, 0x424c, 0x424c, 0x424c, 0x424c, 0x424c, 0x6b8f, 0x6b8f,
0x6b8f, 0xa534, 0xa534, 0xa534, 0xa534, 0xa534, 0xa534, 0xa534, 0xa534, 0x6b8f,
0x6b8f, 0x6b8f, 0x6b8f, 0xa534, 0x6b8f, 0x424c, 0x424c, 0x424c, 0xa534, 0xa534,
0xa534, 0xa534, 0xa534, 0xa534, 0xa534, 0x6b8f, 0x6b8f, 0x6b8f, 0x6b8f, 0xa534,
0x6b8f, 0x424c, 0x424c, 0x424c, 0xa534, 0xa534, 0x6b8f, 0x6b8f, 0x6b8f, 0xa534,
0x6b8f, 0x424c, 0x0845, 0x0845, 0x0845, 0x0845, 0x0845, 0x424c, 0xa534, 0xa534,
0xa534, 0xa534, 0xa534, 0xa534, 0x0845, 0x694a, 0x694a, 0x694a, 0x694a, 0x694a,
0x694a, 0x694a, 0x694a, 0x694a, 0x694a, 0x0845, 0xa534, 0xa534, 0xa534, 0xa534,
0x6b8f, 0x6b8f, 0x6b8f, 0x6b8f, 0x0845, 0x0845, 0x0845, 0x0845, 0x0845, 0x424c,
0xa534, 0xa534, 0xa534, 0xa534, 0xa534, 0xa534, 0x6b8f, 0x6b8f, 0x6b8f, 0x424c,
0x424c, 0x424c, 0x424c, 0x424c, 0x6b8f, 0x6b8f, 0x6b8f, 0xa534, 0xa534, 0xa534,
0xa534, 0xa534, 0x6b8f, 0x6b8f, 0x6b8f, 0x424c, 0x424c, 0x424c, 0x424c, 0x424c,
0x6b8f, 0x6b8f, 0x6b8f, 0xa534, 0xa534, 0xa534, 0xa534, 0xa534, 0xa534, 0xa534,
0xa534, 0x6b8f, 0x6b8f, 0x6b8f, 0x6b8f, 0xa534, 0x6b8f, 0x424c, 0x424c, 0x424c,
0xa534, 0xa534, 0x6b8f, 0x6b8f, 0x6b8f, 0xa534, 0x6b8f, 0x424c, 0x0845, 0x0845,
0x0845, 0x0845, 0x0845, 0x424c, 0xa534, 0xa534, 0xa534, 0xa534, 0x0845, 0x694a,
0xbb4b, 0x694a, 0x694a, 0x694a, 0x694a, 0x424c, 0x6b8f, 0x6b8f, 0x6b8f, 0xef3b,
0xce37, 0xce37, 0xce37, 0xce37, 0xdef9, 0xdef9, 0xdef9, 0xdef9, 0xdef9, 0xdef9,
0xce37, 0xa534, 0x924b, 0xd44d, 0xd44d, 0xd44d, 0xd44d, 0xd44d, 0xfef4, 0xfef4,

0xfef4, 0xfef4, 0xd44d, 0xd44d, 0xd44d, 0xd44d, 0xd44d, 0x924b, 0xa534, 0xce37,
0xdef9, 0xdef9, 0xdef9, 0xdef9, 0xdef9, 0xdef9, 0xdef9, 0xce37, 0xce37, 0xce37,
0xdef9, 0x6b8f, 0x6b8f, 0x6b8f, 0x924b, 0xbb4b, 0xd44d, 0xd44d, 0xd44d, 0x694a,
0x0845, 0x424c, 0x6b8f, 0x6b8f, 0xa534, 0xa534, 0x424c, 0x424c, 0x424c, 0x424c,
0x424c, 0x424c, 0x424c, 0xa534, 0xa534, 0x6b8f, 0x6b8f, 0x6b8f, 0x6b8f, 0x6b8f,
0xa534, 0xa534, 0x424c, 0x424c, 0x424c, 0x424c, 0x424c, 0x424c, 0x424c, 0x6b8f,
0x6b8f, 0x6b8f, 0x424c, 0x424c, 0x424c, 0x424c, 0x424c, 0x424c, 0x6b8f, 0x6b8f,
0x6b8f, 0x6b8f, 0x6b8f, 0x6b8f, 0xa534, 0xa534, 0x6b8f, 0x6b8f, 0x6b8f, 0x6b8f,
0x6b8f, 0x6b8f, 0x6b8f, 0xa534, 0x6b8f, 0x6b8f, 0x6b8f, 0x6b8f, 0x6b8f, 0x6b8f,
0xa534, 0xa534, 0x6b8f, 0x6b8f, 0x6b8f, 0x6b8f, 0x6b8f, 0x6b8f, 0x6b8f, 0x6b8f,
0xa534, 0xce37, 0xdef9, 0xdef9, 0xdef9, 0xdef9, 0xdef9, 0xce37, 0xa534, 0x6b8f,
0x6b8f, 0x6b8f, 0x6b8f, 0x6b8f, 0x694a, 0xd44d, 0xd44d, 0xd44d, 0xbb4b, 0xd44d,
0xd44d, 0xbb4b, 0xd44d, 0xd44d, 0xd44d, 0x694a, 0x6b8f, 0x6b8f, 0x6b8f, 0x6b8f,
0xa534, 0xa534, 0xa534, 0xa534, 0xa534, 0x6b8f, 0x6b8f, 0x6b8f, 0x6b8f, 0xa534,
0x6b8f, 0x6b8f, 0x6b8f, 0x6b8f, 0x6b8f, 0x6b8f, 0xa534, 0xa534, 0x424c, 0x424c,
0x424c, 0x424c, 0x424c, 0x424c, 0x424c, 0xa534, 0xa534, 0x6b8f, 0x6b8f, 0x6b8f,
0x6b8f, 0x6b8f, 0xa534, 0xa534, 0x424c, 0x424c, 0x424c, 0x424c, 0x424c, 0x424c,
0x424c, 0x6b8f, 0x6b8f, 0x6b8f, 0x424c, 0x424c, 0x424c, 0x424c, 0x424c, 0x424c,
0x6b8f, 0x6b8f, 0x6b8f, 0x6b8f, 0x6b8f, 0x6b8f, 0xa534, 0xa534, 0x6b8f, 0x6b8f,
0x6b8f, 0x6b8f, 0x6b8f, 0x6b8f, 0x6b8f, 0x6b8f, 0xa534, 0xce37, 0xdef9, 0xdef9,
0xdef9, 0xdef9, 0xdef9, 0xce37, 0xa534, 0x6b8f, 0x6b8f, 0x6b8f, 0x424c, 0x0845,
0x694a, 0xd44d, 0xd44d, 0xd44d, 0xbb4b, 0x924b, 0x6b8f, 0x6b8f, 0x6b8f, 0xdef9,
0xce37, 0xce37, 0xce37, 0xdef9, 0xdef9, 0xdef9, 0xdef9, 0xdef9, 0xdef9, 0xdef9,
0xce37, 0xa534, 0x924b, 0xd44d, 0xd44d, 0xd44d, 0xd44d, 0xd44d, 0xfef4, 0xfef4,

0xfef4, 0xfef4, 0xd44d, 0xd44d, 0xd44d, 0xd44d, 0xd44d, 0x924b, 0xa534, 0xce37,
0xdef9, 0xdef9, 0xdef9, 0xdef9, 0xdef9, 0xdef9, 0xce37, 0xdef9, 0xce37, 0xce37,
0xef3b, 0x6b8f, 0x6b8f, 0x924b, 0x694a, 0x694a, 0x924b, 0x924b, 0xd44d, 0x694a,
0x0845, 0x424c, 0x6b8f, 0x6b8f, 0x6b8f, 0xa534, 0x6b8f, 0x424c, 0x424c, 0x424c,
0x424c, 0x424c, 0x6b8f, 0xa534, 0x6b8f, 0x6b8f, 0x6b8f, 0x6b8f, 0x6b8f, 0x6b8f,
0x6b8f, 0xa534, 0x6b8f, 0x424c, 0x694a, 0x694a, 0x694a, 0x694a, 0x694a, 0x694a,
0x694a, 0x694a, 0x694a, 0x694a, 0x694a, 0x694a, 0x694a, 0x694a, 0x694a, 0x694a,
0x694a, 0x694a, 0x694a, 0x694a, 0xce37, 0x6b8f, 0x6b8f, 0x6b8f, 0x6b8f, 0x6b8f,
0x6b8f, 0x6b8f, 0x6b8f, 0x6b8f, 0xa534, 0x6b8f, 0x6b8f, 0x6b8f, 0x6b8f, 0xa534,
0xce37, 0x6b8f, 0x6b8f, 0x6b8f, 0x6b8f, 0x6b8f, 0x6b8f, 0x6b8f, 0x6b8f, 0x6b8f,
0xce37, 0xce37, 0xce37, 0xce37, 0xce37, 0xce37, 0xce37, 0xce37, 0x6b8f, 0x6b8f,
0x6b8f, 0x6b8f, 0x6b8f, 0x6b8f, 0x924b, 0xd44d, 0x694a, 0x694a, 0x694a, 0x694a,
0x694a, 0x694a, 0x694a, 0x694a, 0xd44d, 0x924b, 0x6b8f, 0x6b8f, 0x6b8f, 0x6b8f,
0x6b8f, 0xa534, 0xa534, 0xa534, 0xa534, 0xa534, 0xa534, 0xa534, 0xa534, 0x6b8f,
0x6b8f, 0x6b8f, 0x6b8f, 0x6b8f, 0x6b8f, 0x6b8f, 0x6b8f, 0xa534, 0x6b8f, 0x424c,
0x424c, 0x424c, 0x424c, 0x424c, 0x6b8f, 0xa534, 0x6b8f, 0x6b8f, 0x6b8f, 0x6b8f,
0x6b8f, 0x6b8f, 0x6b8f, 0xa534, 0x6b8f, 0x424c, 0x694a, 0x694a, 0x694a, 0x694a,
0x694a, 0x694a, 0x694a, 0x694a, 0x694a, 0x694a, 0x694a, 0x694a, 0x694a, 0x694a,
0x694a, 0x694a, 0x694a, 0x694a, 0x694a, 0x694a, 0xce37, 0x6b8f, 0x6b8f, 0x6b8f,
0x6b8f, 0x6b8f, 0x6b8f, 0x6b8f, 0x6b8f, 0x6b8f, 0xce37, 0xce37, 0xce37, 0xce37,
0xce37, 0xce37, 0xce37, 0xce37, 0x6b8f, 0x6b8f, 0x6b8f, 0x6b8f, 0x424c, 0x0845,
0x694a, 0xd44d, 0x924b, 0x924b, 0x694a, 0x694a, 0x924b, 0x6b8f, 0x6b8f, 0xef3b,
0xce37, 0xce37, 0xdef9, 0xce37, 0xdef9, 0xdef9, 0xdef9, 0xdef9, 0xdef9, 0xdef9,
0xce37, 0xa534, 0x924b, 0xd44d, 0xd44d, 0xd44d, 0xd44d, 0xd44d, 0xfef4, 0xfef4,

0xfef4, 0xfef4, 0xd44d, 0xd44d, 0xd44d, 0xd44d, 0xd44d, 0x924b, 0xa534, 0xce37,
0xdef9, 0xdef9, 0xdef9, 0xdef9, 0xdef9, 0xdef9, 0xce37, 0xce37, 0xce37, 0xce37,
0xdef9, 0x6b8f, 0x694a, 0x694a, 0x924b, 0x924b, 0xbb4b, 0x924b, 0xd44d, 0x694a,
0x424c, 0x424c, 0x6b8f, 0x6b8f, 0xa534, 0xce37, 0xce37, 0xdef9, 0xdef9, 0xdef9,
0xdef9, 0xdef9, 0xce37, 0xa534, 0xce37, 0x6b8f, 0x6b8f, 0x6b8f, 0x6b8f, 0x6b8f,
0xa534, 0xce37, 0xce37, 0x694a, 0x924b, 0x924b, 0x924b, 0x924b, 0x924b, 0x924b,
0x924b, 0x924b, 0x924b, 0x924b, 0x924b, 0x924b, 0x924b, 0x924b, 0x924b, 0x924b,
0x924b, 0x924b, 0x924b, 0x924b, 0x694a, 0xce37, 0x6b8f, 0x6b8f, 0x6b8f, 0x6b8f,
0x6b8f, 0x6b8f, 0x6b8f, 0xce37, 0xce37, 0xdef9, 0xdef9, 0xdef9, 0xdef9, 0xce37,
0xce37, 0xce37, 0x6b8f, 0x6b8f, 0x6b8f, 0x6b8f, 0x6b8f, 0x6b8f, 0x6b8f, 0xa534,
0xdef9, 0xce37, 0xce37, 0xce37, 0xce37, 0xce37, 0xce37, 0xce37, 0xdef9, 0x6b8f,
0x6b8f, 0x6b8f, 0x6b8f, 0x6b8f, 0x924b, 0xbb4b, 0x694a, 0x694a, 0x694a, 0x694a,
0x694a, 0x694a, 0x694a, 0x694a, 0xbb4b, 0x924b, 0x6b8f, 0x6b8f, 0x6b8f, 0x6b8f,
0xa534, 0x6b8f, 0x6b8f, 0x6b8f, 0x6b8f, 0x6b8f, 0x6b8f, 0x6b8f, 0x6b8f, 0xa534,
0x6b8f, 0x6b8f, 0x6b8f, 0x6b8f, 0x6b8f, 0x6b8f, 0xa534, 0xce37, 0xce37, 0xdef9,
0xdef9, 0xdef9, 0xdef9, 0xdef9, 0xce37, 0xa534, 0xce37, 0x6b8f, 0x6b8f, 0x6b8f,
0x6b8f, 0x6b8f, 0xa534, 0xce37, 0xce37, 0x694a, 0x924b, 0x924b, 0x924b, 0x924b,
0x924b, 0x924b, 0x924b, 0x924b, 0x924b, 0x924b, 0x924b, 0x924b, 0x924b, 0x924b,
0x924b, 0x924b, 0x924b, 0x924b, 0x924b, 0x924b, 0x694a, 0xce37, 0x6b8f, 0x6b8f,
0x6b8f, 0x6b8f, 0x6b8f, 0x6b8f, 0x6b8f, 0xa534, 0xdef9, 0xce37, 0xce37, 0xce37,
0xce37, 0xce37, 0xce37, 0xce37, 0xdef9, 0x6b8f, 0x6b8f, 0x6b8f, 0x424c, 0x424c,
0x694a, 0xd44d, 0x924b, 0xbb4b, 0x924b, 0x924b, 0x694a, 0x694a, 0x6b8f, 0xdef9,
0xce37, 0xce37, 0xce37, 0xce37, 0xdef9, 0xdef9, 0xdef9, 0xdef9, 0xdef9, 0xdef9,
0xce37, 0xa534, 0x924b, 0xd44d, 0xd44d, 0xd44d, 0xd44d, 0xd44d, 0xfef4, 0xfef4,

0xfef4, 0xfef4, 0xd44d, 0xd44d, 0xd44d, 0xd44d, 0xd44d, 0x924b, 0xa534, 0xce37,
0xdef9, 0xdef9, 0xdef9, 0xdef9, 0xdef9, 0xdef9, 0xce37, 0xce37, 0xa534, 0x6b8f,
0x694a, 0x694a, 0x694a, 0x924b, 0x924b, 0xbb4b, 0x924b, 0x694a, 0xbb4b, 0x694a,
0xa534, 0xdef9, 0xdef9, 0xdef9, 0xdef9, 0xce37, 0xce37, 0xce37, 0xce37, 0xce37,
0xce37, 0xce37, 0xce37, 0xce37, 0xce37, 0xce37, 0xdef9, 0xdef9, 0xdef9, 0xdef9,
0xdef9, 0xce37, 0x694a, 0xbb4b, 0xd44d, 0xd44d, 0xd44d, 0xedf0, 0xedf0, 0xedf0,
0xedf0, 0xedf0, 0xedf0, 0xedf0, 0xedf0, 0xedf0, 0xedf0, 0xedf0, 0xedf0, 0xedf0,
0xedf0, 0xd44d, 0xd44d, 0xd44d, 0xbb4b, 0x694a, 0xce37, 0xdef9, 0xdef9, 0xdef9,
0xdef9, 0xdef9, 0xce37, 0xa534, 0xa534, 0xa534, 0xa534, 0xa534, 0xa534, 0xa534,
0xa534, 0xa534, 0xce37, 0xdef9, 0xdef9, 0xdef9, 0xdef9, 0xdef9, 0xdef9, 0xdef9,
0xce37, 0xce37, 0xce37, 0xce37, 0xce37, 0xce37, 0xce37, 0xce37, 0xce37, 0xdef9,
0xdef9, 0xdef9, 0xdef9, 0xdef9, 0xce37, 0x694a, 0x694a, 0x924b, 0x924b, 0x924b,
0x924b, 0x924b, 0x924b, 0x694a, 0x694a, 0xce37, 0xce37, 0xdef9, 0xdef9, 0xdef9,
0x6b8f, 0x6b8f, 0x6b8f, 0x6b8f, 0x6b8f, 0x6b8f, 0x6b8f, 0x6b8f, 0x6b8f, 0x6b8f,
0xdef9, 0xdef9, 0xdef9, 0xdef9, 0xdef9, 0xdef9, 0xdef9, 0xce37, 0xce37, 0xce37,
0xce37, 0xce37, 0xce37, 0xce37, 0xce37, 0xce37, 0xce37, 0xce37, 0xdef9, 0xdef9,
0xdef9, 0xdef9, 0xdef9, 0xce37, 0x694a, 0xbb4b, 0xd44d, 0xd44d, 0xd44d, 0xedf0,
0xedf0, 0xedf0, 0xedf0, 0xedf0, 0xedf0, 0xedf0, 0xedf0, 0xedf0, 0xedf0, 0xedf0,
0xedf0, 0xedf0, 0xedf0, 0xd44d, 0xd44d, 0xd44d, 0xbb4b, 0x694a, 0xce37, 0xdef9,
0xdef9, 0xdef9, 0xdef9, 0xdef9, 0xdef9, 0xdef9, 0xce37, 0xce37, 0xce37, 0xce37,
0xce37, 0xce37, 0xce37, 0xce37, 0xce37, 0xdef9, 0xdef9, 0xdef9, 0xdef9, 0xa534,
0x694a, 0xbb4b, 0x694a, 0x924b, 0xbb4b, 0x924b, 0x924b, 0x694a, 0x694a, 0x694a,
0x6b8f, 0xa534, 0xce37, 0xce37, 0xdef9, 0xdef9, 0xdef9, 0xdef9, 0xdef9, 0xdef9,
0xce37, 0xa534, 0x924b, 0xd44d, 0xd44d, 0xd44d, 0xd44d, 0xd44d, 0xfef4, 0xfef4,

0xfef4, 0xfef4, 0xd44d, 0xd44d, 0xd44d, 0xd44d, 0xd44d, 0x924b, 0xa534, 0xce37,
0xdef9, 0xdef9, 0xdef9, 0xdef9, 0xdef9, 0xdef9, 0xce37, 0x6b8f, 0x424c, 0x694a,
0x694a, 0x924b, 0x924b, 0x924b, 0xd44d, 0x924b, 0x924b, 0x694a, 0x924b, 0x424c,
0x6b8f, 0xa534, 0xce37, 0xce37, 0xce37, 0xa534, 0xa534, 0xa534, 0xa534, 0xa534,
0xa534, 0xa534, 0xa534, 0xa534, 0xa534, 0xce37, 0xce37, 0xce37, 0xce37, 0xce37,
0xce37, 0xce37, 0x694a, 0x694a, 0x924b, 0xbb4b, 0xbb4b, 0xedf0, 0xedf0, 0xedf0,
0xedf0, 0xedf0, 0xedf0, 0xedf0, 0xedf0, 0xedf0, 0xedf0, 0xedf0, 0xedf0, 0xedf0,
0xedf0, 0xbb4b, 0x924b, 0x924b, 0x694a, 0x694a, 0xce37, 0xce37, 0xce37, 0xce37,
0xce37, 0xce37, 0xa534, 0xa534, 0xa534, 0xa534, 0xa534, 0xa534, 0xa534, 0xa534,
0xa534, 0xa534, 0xa534, 0xce37, 0xce37, 0xce37, 0xce37, 0xce37, 0xce37, 0xa534,
0xa534, 0xa534, 0xa534, 0xa534, 0xa534, 0xa534, 0xa534, 0xa534, 0xa534, 0xa534,
0xce37, 0xce37, 0xce37, 0xa534, 0xa534, 0x0845, 0x694a, 0x924b, 0x924b, 0x924b,
0x924b, 0x924b, 0x924b, 0x694a, 0x0845, 0xa534, 0xa534, 0xce37, 0xce37, 0xce37,
0x6b8f, 0x6b8f, 0x6b8f, 0x6b8f, 0x6b8f, 0x6b8f, 0x6b8f, 0x6b8f, 0x6b8f, 0x6b8f,
0xce37, 0xce37, 0xce37, 0xce37, 0xce37, 0xce37, 0xce37, 0xa534, 0xa534, 0xa534,
0xa534, 0xa534, 0xa534, 0xa534, 0xa534, 0xa534, 0xa534, 0xce37, 0xce37, 0xce37,
0xce37, 0xce37, 0xce37, 0xce37, 0x694a, 0x694a, 0x924b, 0xbb4b, 0xbb4b, 0xedf0,
0xedf0, 0xedf0, 0xedf0, 0xedf0, 0xedf0, 0xedf0, 0xedf0, 0xedf0, 0xedf0, 0xedf0,
0xedf0, 0xedf0, 0xedf0, 0xbb4b, 0x924b, 0x924b, 0x694a, 0x694a, 0xce37, 0xce37,
0xce37, 0xce37, 0xce37, 0xce37, 0xce37, 0xa534, 0xa534, 0xa534, 0xa534, 0xa534,
0xa534, 0xa534, 0xa534, 0xa534, 0xa534, 0xa534, 0xce37, 0xce37, 0xa534, 0x6b8f,
0x424c, 0x924b, 0x694a, 0x924b, 0x924b, 0xd44d, 0x924b, 0x924b, 0x924b, 0x694a,
0x694a, 0x424c, 0x6b8f, 0xce37, 0xdef9, 0xdef9, 0xdef9, 0xdef9, 0xdef9, 0xdef9,
0xce37, 0xa534, 0x924b, 0xd44d, 0xd44d, 0xd44d, 0xd44d, 0xd44d, 0xfef4, 0xfef4,

0xfef4, 0xfef4, 0xbb4b, 0xd44d, 0xd44d, 0xd44d, 0xd44d, 0x924b, 0xa534, 0xce37,
0xdef9, 0xdef9, 0xdef9, 0xdef9, 0xce37, 0xa534, 0x424c, 0x694a, 0x694a, 0x924b,
0x924b, 0x924b, 0xbb4b, 0xd44d, 0x924b, 0x924b, 0x694a, 0x924b, 0x6b8f, 0x6b8f,
0x6b8f, 0x6b8f, 0xce37, 0xce37, 0xa534, 0xa534, 0xa534, 0xa534, 0xa534, 0xa534,
0xa534, 0xa534, 0xa534, 0xa534, 0xa534, 0xa534, 0xce37, 0xce37, 0xce37, 0xce37,
0xce37, 0xa534, 0x694a, 0x924b, 0x924b, 0xbb4b, 0x924b, 0x924b, 0x924b, 0x924b,
0x924b, 0x924b, 0x924b, 0x924b, 0x924b, 0x924b, 0x924b, 0x924b, 0x924b, 0x924b,
0x924b, 0x924b, 0xbb4b, 0x924b, 0x924b, 0x694a, 0xa534, 0xce37, 0xce37, 0xce37,
0xce37, 0xa534, 0xa534, 0xa534, 0xa534, 0xa534, 0xa534, 0xa534, 0xa534, 0xa534,
0xa534, 0xa534, 0xa534, 0xa534, 0xce37, 0xce37, 0xce37, 0xce37, 0xa534, 0xa534,
0xa534, 0xa534, 0xa534, 0xa534, 0xa534, 0xa534, 0xa534, 0xa534, 0xa534, 0xa534,
0xa534, 0xce37, 0xa534, 0xa534, 0xa534, 0x694a, 0x694a, 0xbb4b, 0xbb4b, 0xbb4b,
0xbb4b, 0xbb4b, 0xbb4b, 0x694a, 0x694a, 0xa534, 0xa534, 0xa534, 0xce37, 0xce37,
0xdef9, 0x6b8f, 0x6b8f, 0x6b8f, 0x6b8f, 0x6b8f, 0x6b8f, 0x6b8f, 0x6b8f, 0xdef9,
0xce37, 0xce37, 0xce37, 0xce37, 0xce37, 0xce37, 0xa534, 0xa534, 0xa534, 0xa534,
0xa534, 0xa534, 0xa534, 0xa534, 0xa534, 0xa534, 0xa534, 0xa534, 0xce37, 0xce37,
0xce37, 0xce37, 0xce37, 0xa534, 0x694a, 0x924b, 0x924b, 0xbb4b, 0x924b, 0x924b,
0x924b, 0x924b, 0x924b, 0x924b, 0x924b, 0x924b, 0x924b, 0x924b, 0x924b, 0x924b,
0x924b, 0x924b, 0x924b, 0x924b, 0xbb4b, 0x924b, 0x924b, 0x694a, 0xa534, 0xce37,
0xce37, 0xce37, 0xce37, 0xce37, 0xa534, 0xa534, 0xa534, 0xa534, 0xa534, 0xa534,
0xa534, 0xa534, 0xa534, 0xa534, 0xa534, 0xa534, 0xa534, 0xce37, 0x6b8f, 0x6b8f,
0x6b8f, 0x6b8f, 0x924b, 0x694a, 0x924b, 0x924b, 0xd44d, 0xbb4b, 0x924b, 0x924b,
0x924b, 0x694a, 0x694a, 0x424c, 0xa534, 0xce37, 0xdef9, 0xdef9, 0xdef9, 0xdef9,
0xce37, 0xa534, 0x924b, 0xd44d, 0xd44d, 0xd44d, 0xd44d, 0xbb4b, 0xfef4, 0xfef4,

0xfef4, 0xfef4, 0xbb4b, 0xd44d, 0xd44d, 0xd44d, 0xd44d, 0x924b, 0xa534, 0xce37,
0xdef9, 0xdef9, 0xce37, 0xa534, 0x6b8f, 0x694a, 0x694a, 0x924b, 0x924b, 0x924b,
0xbb4b, 0xbb4b, 0xd44d, 0xbb4b, 0x924b, 0x694a, 0x694a, 0x6b8f, 0x6b8f, 0x6b8f,
0x6b8f, 0x6b8f, 0xce37, 0xce37, 0xa534, 0xa534, 0xa534, 0xa534, 0xa534, 0xa534,
0xa534, 0xa534, 0xa534, 0xa534, 0xa534, 0xa534, 0xce37, 0xce37, 0xce37, 0xce37,
0xce37, 0x694a, 0x924b, 0x924b, 0x924b, 0xd44d, 0x924b, 0xbb4b, 0xdcae, 0xdcae,
0xdcae, 0xdcae, 0xdcae, 0xbb4b, 0xbb4b, 0xdcae, 0xdcae, 0xdcae, 0xdcae, 0xdcae,
0xbb4b, 0x924b, 0xd44d, 0x924b, 0x924b, 0x924b, 0x694a, 0xce37, 0xce37, 0xce37,
0xce37, 0xa534, 0xa534, 0xa534, 0xa534, 0xa534, 0xa534, 0xa534, 0xa534, 0xa534,
0xa534, 0xa534, 0xa534, 0xa534, 0xce37, 0xce37, 0xce37, 0xce37, 0xa534, 0xa534,
0xa534, 0xa534, 0xa534, 0xa534, 0xa534, 0xa534, 0xa534, 0xa534, 0xa534, 0xa534,
0xa534, 0xce37, 0xa534, 0xa534, 0xa534, 0x694a, 0x924b, 0xbb4b, 0xbb4b, 0xbb4b,
0xbb4b, 0xbb4b, 0xbb4b, 0x924b, 0x694a, 0xa534, 0xa534, 0xa534, 0xce37, 0xce37,
0xce37, 0xdef9, 0xdef9, 0xdef9, 0xdef9, 0xdef9, 0xdef9, 0xdef9, 0xdef9, 0xce37,
0xce37, 0xce37, 0xce37, 0xce37, 0xce37, 0xce37, 0xa534, 0xa534, 0xa534, 0xa534,
0xa534, 0xa534, 0xa534, 0xa534, 0xa534, 0xa534, 0xa534, 0xa534, 0xce37, 0xce37,
0xce37, 0xce37, 0xce37, 0x694a, 0x924b, 0x924b, 0x924b, 0xd44d, 0x924b, 0xbb4b,
0xdcae, 0xdcae, 0xdcae, 0xdcae, 0xdcae, 0xbb4b, 0xbb4b, 0xdcae, 0xdcae, 0xdcae,
0xdcae, 0xdcae, 0xbb4b, 0x924b, 0xd44d, 0x924b, 0x924b, 0x924b, 0x694a, 0xce37,
0xce37, 0xce37, 0xce37, 0xce37, 0xa534, 0xa534, 0xa534, 0xa534, 0xa534, 0xa534,
0xa534, 0xa534, 0xa534, 0xa534, 0xa534, 0xa534, 0xa534, 0xce37, 0x6b8f, 0x6b8f,
0x6b8f, 0x6b8f, 0x6b8f, 0x694a, 0x694a, 0x924b, 0xbb4b, 0xd44d, 0xbb4b, 0xbb4b,
0x924b, 0x924b, 0x924b, 0x694a, 0x694a, 0x6b8f, 0xa534, 0xce37, 0xdef9, 0xdef9,
0xce37, 0xa534, 0x924b, 0xd44d, 0xd44d, 0xd44d, 0xd44d, 0xbb4b, 0xfef4, 0xfef4,

0xfef4, 0xfef4, 0xd44d, 0xd44d, 0xd44d, 0xd44d, 0xd44d, 0x924b, 0xa534, 0xce37,
0xce37, 0xa534, 0x6b8f, 0x424c, 0x694a, 0x694a, 0x924b, 0xbb4b, 0xbb4b, 0xbb4b,
0xbb4b, 0xd44d, 0xbb4b, 0x924b, 0x924b, 0x694a, 0x6b8f, 0x6b8f, 0x6b8f, 0x6b8f,
0x6b8f, 0xdef9, 0xce37, 0xce37, 0xdef9, 0xa534, 0xa534, 0xa534, 0xa534, 0xa534,
0xa534, 0xa534, 0xa534, 0xa534, 0xa534, 0xdef9, 0xce37, 0xce37, 0xce37, 0xce37,
0xa534, 0x694a, 0x924b, 0x924b, 0xbb4b, 0x694a, 0x924b, 0xdcae, 0xffff, 0xffff,
0xffff, 0xffff, 0xffff, 0xdcae, 0xdcae, 0xffff, 0xffff, 0xffff, 0xffff, 0xffff,
0xdcae, 0x924b, 0x694a, 0xbb4b, 0x924b, 0x924b, 0x694a, 0xa534, 0xce37, 0xce37,
0xce37, 0xdef9, 0xa534, 0xa534, 0xa534, 0xa534, 0xa534, 0xa534, 0xa534, 0xa534,
0xa534, 0xa534, 0xce37, 0xdef9, 0xce37, 0xce37, 0xce37, 0xce37, 0xa534, 0xa534,
0xa534, 0xa534, 0xa534, 0xa534, 0xa534, 0xa534, 0xa534, 0xa534, 0xa534, 0xa534,
0xa534, 0xce37, 0xdef9, 0xa534, 0xa534, 0x694a, 0x924b, 0xbb4b, 0xbb4b, 0xbb4b,
0xbb4b, 0xbb4b, 0xbb4b, 0x924b, 0x694a, 0xa534, 0xa534, 0xdef9, 0xdef9, 0xdef9,
0xce37, 0xce37, 0xce37, 0xce37, 0xce37, 0xce37, 0xce37, 0xce37, 0xce37, 0xce37,
0xce37, 0xce37, 0xdef9, 0xce37, 0xce37, 0xce37, 0xdef9, 0xa534, 0xa534, 0xa534,
0xa534, 0xa534, 0xa534, 0xa534, 0xa534, 0xa534, 0xa534, 0xdef9, 0xce37, 0xce37,
0xce37, 0xce37, 0xa534, 0x694a, 0x924b, 0x924b, 0xbb4b, 0x694a, 0x924b, 0xdcae,
0xffff, 0xffff, 0xffff, 0xffff, 0xffff, 0xdcae, 0xdcae, 0xffff, 0xffff, 0xffff,
0xffff, 0xffff, 0xdcae, 0x924b, 0x694a, 0xbb4b, 0x924b, 0x924b, 0x694a, 0xa534,
0xce37, 0xce37, 0xce37, 0xce37, 0xa534, 0xa534, 0xa534, 0xa534, 0xa534, 0xa534,
0xa534, 0xa534, 0xa534, 0xa534, 0xa534, 0xa534, 0xa534, 0xce37, 0xdef9, 0x6b8f,
0x6b8f, 0x6b8f, 0x6b8f, 0x6b8f, 0x694a, 0x924b, 0x924b, 0xbb4b, 0xd44d, 0xbb4b,
0xbb4b, 0xbb4b, 0xbb4b, 0x924b, 0x694a, 0x694a, 0x424c, 0x6b8f, 0xa534, 0xce37,
0xce37, 0xa534, 0x924b, 0xd44d, 0xd44d, 0xd44d, 0xd44d, 0xd44d, 0xfef4, 0xfef4,

0xfef4, 0xfef4, 0xbb4b, 0xd44d, 0xd44d, 0xd44d, 0xd44d, 0x924b, 0x6b8f, 0x6b8f,
0x6b8f, 0x424c, 0x694a, 0x694a, 0x924b, 0xbb4b, 0xbb4b, 0xbb4b, 0xbb4b, 0xd44d,
0xedf0, 0xbb4b, 0xbb4b, 0x924b, 0x694a, 0x694a, 0xdef9, 0xef3b, 0xef3b, 0xef3b,
0xdef9, 0xce37, 0xce37, 0xce37, 0xce37, 0xdef9, 0xdef9, 0xef3b, 0xef3b, 0xef3b,
0xef3b, 0xef3b, 0xef3b, 0xdef9, 0xdef9, 0xce37, 0xce37, 0xce37, 0xce37, 0xce37,
0x694a, 0x924b, 0x924b, 0x924b, 0xd44d, 0x694a, 0xbb4b, 0xbb4b, 0xdcae, 0xdcae,
0xdcae, 0xdcae, 0xdcae, 0xdcae, 0xdcae, 0xdcae, 0xdcae, 0xdcae, 0xdcae, 0xdcae,
0xbb4b, 0xbb4b, 0x694a, 0xd44d, 0x924b, 0x924b, 0x924b, 0x694a, 0xce37, 0xce37,
0xce37, 0xce37, 0xdef9, 0xef3b, 0xef3b, 0xef3b, 0xef3b, 0xdef9, 0xdef9, 0xef3b,
0xef3b, 0xef3b, 0xef3b, 0xce37, 0xce37, 0xce37, 0xce37, 0xce37, 0xdef9, 0xa534,
0xa534, 0xa534, 0xa534, 0xa534, 0xa534, 0xa534, 0xa534, 0xa534, 0xa534, 0xa534,
0xce37, 0xce37, 0xce37, 0xdef9, 0xdef9, 0x694a, 0xbb4b, 0xbb4b, 0xbb4b, 0xbb4b,
0xbb4b, 0xbb4b, 0xbb4b, 0xbb4b, 0x694a, 0xdef9, 0xdef9, 0xce37, 0xce37, 0xce37,
0xdef9, 0xce37, 0xce37, 0xce37, 0xce37, 0xce37, 0xce37, 0xce37, 0xce37, 0xce37,
0xce37, 0xdef9, 0xce37, 0xce37, 0xce37, 0xce37, 0xce37, 0xdef9, 0xdef9, 0xef3b,
0xef3b, 0xef3b, 0xef3b, 0xef3b, 0xef3b, 0xdef9, 0xdef9, 0xce37, 0xce37, 0xce37,
0xce37, 0xce37, 0x694a, 0x924b, 0x924b, 0x924b, 0xd44d, 0x694a, 0xbb4b, 0xbb4b,
0xdcae, 0xdcae, 0xdcae, 0xdcae, 0xdcae, 0xdcae, 0xdcae, 0xdcae, 0xdcae, 0xdcae,
0xdcae, 0xdcae, 0xbb4b, 0xbb4b, 0x694a, 0xd44d, 0x924b, 0x924b, 0x924b, 0x694a,
0xce37, 0xce37, 0xce37, 0xce37, 0xdef9, 0xa534, 0xa534, 0xa534, 0xa534, 0xa534,
0xa534, 0xa534, 0xa534, 0xa534, 0xa534, 0xa534, 0xce37, 0xce37, 0xce37, 0xdef9,
0xef3b, 0xef3b, 0xef3b, 0xdef9, 0x694a, 0x694a, 0x924b, 0xbb4b, 0xbb4b, 0xedf0,
0xd44d, 0xbb4b, 0xbb4b, 0xbb4b, 0xbb4b, 0x924b, 0x694a, 0x694a, 0x424c, 0x6b8f,
0x6b8f, 0x6b8f, 0x924b, 0xd44d, 0xd44d, 0xd44d, 0xd44d, 0xbb4b, 0xfef4, 0xfef4,

0xfef4, 0xfef4, 0xbb4b, 0xd44d, 0xd44d, 0xbb4b, 0xd44d, 0x924b, 0x424c, 0x694a,
0x694a, 0x694a, 0x924b, 0xbb4b, 0xbb4b, 0xbb4b, 0xbb4b, 0xbb4b, 0xd44d, 0xedf0,
0xd44d, 0xbb4b, 0x924b, 0x924b, 0x694a, 0x6b8f, 0xce37, 0xce37, 0xce37, 0xce37,
0xce37, 0xce37, 0xce37, 0xce37, 0xce37, 0xce37, 0xce37, 0xce37, 0xce37, 0xce37,
0xce37, 0xce37, 0xce37, 0xce37, 0xce37, 0xce37, 0xce37, 0xce37, 0xce37, 0x694a,
0x694a, 0x694a, 0x694a, 0x694a, 0x694a, 0x694a, 0xffff, 0xffff, 0xffff, 0xffff,
0xffff, 0xffff, 0xf5f1, 0xdcae, 0xdcae, 0xf5f1, 0xffff, 0xffff, 0xffff, 0xffff,
0xffff, 0xffff, 0x694a, 0x694a, 0x694a, 0x694a, 0x694a, 0x694a, 0x694a, 0xce37,
0xce37, 0xce37, 0xce37, 0xce37, 0xce37, 0xce37, 0xce37, 0xce37, 0xce37, 0xce37,
0xce37, 0xce37, 0xce37, 0xce37, 0xce37, 0xce37, 0xce37, 0xce37, 0xce37, 0xef3b,
0xef3b, 0xef3b, 0xef3b, 0xef3b, 0xef3b, 0xef3b, 0xef3b, 0xef3b, 0xef3b, 0xef3b,
0xce37, 0xce37, 0xce37, 0xce37, 0xce37, 0x694a, 0xbb4b, 0xbb4b, 0xbb4b, 0xbb4b,
0xbb4b, 0xbb4b, 0xbb4b, 0xbb4b, 0x694a, 0xce37, 0xce37, 0xce37, 0xce37, 0xce37,
0xce37, 0xdef9, 0xdef9, 0xce37, 0xce37, 0xce37, 0xce37, 0xce37, 0xce37, 0xdef9,
0xdef9, 0xce37, 0xce37, 0xce37, 0xce37, 0xce37, 0xce37, 0xce37, 0xce37, 0xce37,
0xce37, 0xce37, 0xce37, 0xce37, 0xce37, 0xce37, 0xce37, 0xce37, 0xce37, 0xce37,
0xce37, 0x694a, 0x694a, 0x694a, 0x694a, 0x694a, 0x694a, 0x694a, 0xffff, 0xffff,
0xffff, 0xffff, 0xffff, 0xffff, 0xf5f1, 0xdcae, 0xdcae, 0xf5f1, 0xffff, 0xffff,
0xffff, 0xffff, 0xffff, 0xffff, 0x694a, 0x694a, 0x694a, 0x694a, 0x694a, 0x694a,
0x694a, 0xce37, 0xce37, 0xce37, 0xce37, 0xef3b, 0xef3b, 0xef3b, 0xef3b, 0xef3b,
0xef3b, 0xef3b, 0xef3b, 0xef3b, 0xef3b, 0xef3b, 0xce37, 0xce37, 0xce37, 0xce37,
0xce37, 0xce37, 0xce37, 0xce37, 0x6b8f, 0x694a, 0x924b, 0x924b, 0xbb4b, 0xd44d,
0xedf0, 0xd44d, 0xbb4b, 0xbb4b, 0xbb4b, 0xbb4b, 0xbb4b, 0x924b, 0x694a, 0x694a,
0x694a, 0x424c, 0x924b, 0xd44d, 0xbb4b, 0xd44d, 0xd44d, 0xbb4b, 0xfef4, 0xfef4,

0xfef4, 0xfef4, 0xbb4b, 0xd44d, 0xd44d, 0xbb4b, 0xd44d, 0x924b, 0x694a, 0x694a,
0x924b, 0x924b, 0x924b, 0x924b, 0x924b, 0x924b, 0x924b, 0xd44d, 0xedf0, 0xd44d,
0x924b, 0xbb4b, 0x924b, 0x694a, 0x424c, 0xa534, 0xce37, 0xce37, 0xce37, 0xce37,
0xce37, 0xce37, 0xce37, 0xce37, 0xdef9, 0xdef9, 0xce37, 0xce37, 0xce37, 0xce37,
0xce37, 0xce37, 0xce37, 0xce37, 0xdef9, 0xce37, 0xce37, 0xce37, 0x694a, 0xbb4b,
0xbb4b, 0xbb4b, 0xbb4b, 0xbb4b, 0xbb4b, 0x694a, 0xffff, 0xffff, 0xffff, 0xffff,
0xffff, 0xffff, 0xf5f1, 0xdcae, 0xdcae, 0xf5f1, 0xffff, 0xffff, 0xffff, 0xffff,
0xffff, 0xffff, 0x694a, 0xbb4b, 0xbb4b, 0xbb4b, 0xbb4b, 0xbb4b, 0xbb4b, 0x694a,
0xce37, 0xce37, 0xdef9, 0xce37, 0xce37, 0xce37, 0xce37, 0xce37, 0xce37, 0xce37,
0xce37, 0xce37, 0xce37, 0xdef9, 0xce37, 0xce37, 0xce37, 0xce37, 0xce37, 0xce37,
0xce37, 0xce37, 0xce37, 0xce37, 0xce37, 0xce37, 0xce37, 0xce37, 0xce37, 0xce37,
0xce37, 0xce37, 0xce37, 0xce37, 0x694a, 0x924b, 0xbb4b, 0xbb4b, 0xbb4b, 0xbb4b,
0xbb4b, 0xbb4b, 0xbb4b, 0xbb4b, 0x924b, 0x694a, 0xce37, 0xce37, 0xce37, 0xce37,
0xce37, 0xdef9, 0xce37, 0xce37, 0xce37, 0xce37, 0xce37, 0xce37, 0xce37, 0xce37,
0xdef9, 0xce37, 0xce37, 0xce37, 0xce37, 0xce37, 0xdef9, 0xdef9, 0xce37, 0xce37,
0xce37, 0xce37, 0xce37, 0xce37, 0xce37, 0xce37, 0xdef9, 0xce37, 0xce37, 0xce37,
0x694a, 0xbb4b, 0xbb4b, 0xbb4b, 0xbb4b, 0xbb4b, 0xbb4b, 0x694a, 0xffff, 0xffff,
0xffff, 0xffff, 0xffff, 0xffff, 0xf5f1, 0xdcae, 0xdcae, 0xf5f1, 0xffff, 0xffff,
0xffff, 0xffff, 0xffff, 0xffff, 0x694a, 0xbb4b, 0xbb4b, 0xbb4b, 0xbb4b, 0xbb4b,
0xbb4b, 0x694a, 0xce37, 0xce37, 0xce37, 0xce37, 0xce37, 0xce37, 0xce37, 0xce37,
0xce37, 0xce37, 0xce37, 0xce37, 0xce37, 0xce37, 0xce37, 0xce37, 0xce37, 0xce37,
0xce37, 0xce37, 0xce37, 0xce37, 0xa534, 0x424c, 0x694a, 0x924b, 0xbb4b, 0x924b,
0xd44d, 0xedf0, 0xd44d, 0x924b, 0x924b, 0x924b, 0x924b, 0x924b, 0x924b, 0x924b,
0x694a, 0x694a, 0x924b, 0xd44d, 0xbb4b, 0xd44d, 0xd44d, 0xbb4b, 0xfef4, 0xfef4,

0xfef4, 0xfef4, 0x924b, 0xbb4b, 0xbb4b, 0x924b, 0x924b, 0x694a, 0x694a, 0x694a,
0x694a, 0x694a, 0x694a, 0x694a, 0x694a, 0x694a, 0x924b, 0xd44d, 0xd44d, 0x924b,
0xbb4b, 0xbb4b, 0x694a, 0x694a, 0xa534, 0xce37, 0xce37, 0xdef9, 0xce37, 0xce37,
0xce37, 0xce37, 0xce37, 0xdef9, 0xdef9, 0xce37, 0xce37, 0xce37, 0xce37, 0xce37,
0xce37, 0xce37, 0xce37, 0xce37, 0xce37, 0xdef9, 0xce37, 0xce37, 0x694a, 0xbb4b,
0xbb4b, 0xbb4b, 0xbb4b, 0xbb4b, 0xbb4b, 0xbb4b, 0x924b, 0x924b, 0x924b, 0x924b,
0x924b, 0x924b, 0x924b, 0x924b, 0x924b, 0x924b, 0x924b, 0x924b, 0x924b, 0x924b,
0x924b, 0x924b, 0xbb4b, 0xbb4b, 0xbb4b, 0xbb4b, 0xbb4b, 0xbb4b, 0xbb4b, 0x694a,
0xce37, 0xdef9, 0xdef9, 0xce37, 0xce37, 0xce37, 0xce37, 0xce37, 0xce37, 0xce37,
0xce37, 0xce37, 0xce37, 0xdef9, 0xce37, 0xce37, 0xce37, 0xce37, 0xce37, 0xdef9,
0xce37, 0xce37, 0xce37, 0xce37, 0xce37, 0xce37, 0xce37, 0xce37, 0xdef9, 0xce37,
0xce37, 0xce37, 0xce37, 0xdef9, 0x694a, 0x924b, 0xbb4b, 0xbb4b, 0xbb4b, 0xbb4b,
0xbb4b, 0xbb4b, 0xbb4b, 0xbb4b, 0x924b, 0x694a, 0xce37, 0xce37, 0xce37, 0xdef9,
0xdef9, 0xce37, 0xce37, 0xce37, 0xce37, 0xce37, 0xce37, 0xce37, 0xce37, 0xce37,
0xce37, 0xdef9, 0xce37, 0xce37, 0xce37, 0xdef9, 0xdef9, 0xce37, 0xce37, 0xce37,
0xce37, 0xce37, 0xce37, 0xce37, 0xce37, 0xce37, 0xce37, 0xdef9, 0xce37, 0xce37,
0x694a, 0xbb4b, 0xbb4b, 0xbb4b, 0xbb4b, 0xbb4b, 0xbb4b, 0xbb4b, 0x924b, 0x924b,
0x924b, 0x924b, 0x924b, 0x924b, 0x924b, 0x924b, 0x924b, 0x924b, 0x924b, 0x924b,
0x924b, 0x924b, 0x924b, 0x924b, 0xbb4b, 0xbb4b, 0xbb4b, 0xbb4b, 0xbb4b, 0xbb4b,
0xbb4b, 0x694a, 0xce37, 0xce37, 0xce37, 0xdef9, 0xce37, 0xce37, 0xce37, 0xce37,
0xce37, 0xce37, 0xce37, 0xce37, 0xdef9, 0xce37, 0xce37, 0xce37, 0xce37, 0xce37,
0xce37, 0xce37, 0xdef9, 0xce37, 0xce37, 0xa534, 0x694a, 0x694a, 0xbb4b, 0xbb4b,
0x924b, 0xd44d, 0xd44d, 0x924b, 0x694a, 0x694a, 0x694a, 0x694a, 0x694a, 0x694a,
0x694a, 0x694a, 0x694a, 0x924b, 0x924b, 0xbb4b, 0xbb4b, 0x924b, 0xfef4, 0xfef4,

0xedf0, 0xedf0, 0x924b, 0x924b, 0x694a, 0x694a, 0x694a, 0x924b, 0x924b, 0x924b,
0x924b, 0x924b, 0x924b, 0x924b, 0x924b, 0xbb4b, 0xedf0, 0x924b, 0x924b, 0xbb4b,
0xbb4b, 0x924b, 0x694a, 0x6b8f, 0xce37, 0xce37, 0xce37, 0xce37, 0xdef9, 0xce37,
0xce37, 0xce37, 0xdef9, 0xdef9, 0xdef9, 0xdef9, 0xce37, 0xce37, 0xce37, 0xce37,
0xce37, 0xce37, 0xce37, 0xce37, 0xdef9, 0xdef9, 0xdef9, 0xdef9, 0x694a, 0xedf0,
0xedf0, 0xedf0, 0xbb4b, 0xbb4b, 0xbb4b, 0xbb4b, 0xbb4b, 0xbb4b, 0xbb4b, 0xbb4b,
0xbb4b, 0xbb4b, 0xbb4b, 0xbb4b, 0xbb4b, 0xbb4b, 0xbb4b, 0xbb4b, 0xbb4b, 0xbb4b,
0xbb4b, 0xbb4b, 0xbb4b, 0xbb4b, 0xbb4b, 0xbb4b, 0xedf0, 0xedf0, 0xedf0, 0x694a,
0xdef9, 0xdef9, 0xdef9, 0xdef9, 0xce37, 0xce37, 0xce37, 0xce37, 0xce37, 0xce37,
0xce37, 0xce37, 0xdef9, 0xdef9, 0xdef9, 0xdef9, 0xce37, 0xce37, 0xdef9, 0xdef9,
0xdef9, 0xce37, 0xce37, 0xce37, 0xce37, 0xce37, 0xce37, 0xdef9, 0xdef9, 0xdef9,
0xce37, 0xce37, 0xdef9, 0xdef9, 0x694a, 0x924b, 0x924b, 0x924b, 0x924b, 0x924b,
0x924b, 0x924b, 0x924b, 0x924b, 0x924b, 0x694a, 0xdef9, 0xdef9, 0xdef9, 0xdef9,
0xdef9, 0xdef9, 0xce37, 0xce37, 0xce37, 0xce37, 0xce37, 0xce37, 0xce37, 0xce37,
0xdef9, 0xdef9, 0xdef9, 0xce37, 0xdef9, 0xdef9, 0xdef9, 0xdef9, 0xce37, 0xce37,
0xce37, 0xce37, 0xce37, 0xce37, 0xce37, 0xce37, 0xdef9, 0xdef9, 0xdef9, 0xdef9,
0x694a, 0xedf0, 0xedf0, 0xedf0, 0xbb4b, 0xbb4b, 0xbb4b, 0xbb4b, 0xbb4b, 0xbb4b,
0xbb4b, 0xbb4b, 0xbb4b, 0xbb4b, 0xbb4b, 0xbb4b, 0xbb4b, 0xbb4b, 0xbb4b, 0xbb4b,
0xbb4b, 0xbb4b, 0xbb4b, 0xbb4b, 0xbb4b, 0xbb4b, 0xbb4b, 0xbb4b, 0xedf0, 0xedf0,
0xedf0, 0x694a, 0xce37, 0xce37, 0xdef9, 0xdef9, 0xdef9, 0xce37, 0xce37, 0xce37,
0xce37, 0xce37, 0xce37, 0xdef9, 0xdef9, 0xdef9, 0xce37, 0xce37, 0xce37, 0xce37,
0xce37, 0xdef9, 0xce37, 0xce37, 0xce37, 0xce37, 0x6b8f, 0x694a, 0x924b, 0xbb4b,
0xbb4b, 0x924b, 0x924b, 0xedf0, 0xbb4b, 0x924b, 0x924b, 0x924b, 0x924b, 0x924b,
0x924b, 0x924b, 0x924b, 0x694a, 0x694a, 0x694a, 0x924b, 0x924b, 0xedf0, 0xedf0,

0xd44d, 0x924b, 0x924b, 0x924b, 0x924b, 0x924b, 0x924b, 0x924b, 0x924b, 0x924b,
0x924b, 0x924b, 0x924b, 0x924b, 0x924b, 0xedf0, 0xbb4b, 0x694a, 0x924b, 0xbb4b,
0xbb4b, 0x694a, 0x694a, 0xa534, 0xdef9, 0xdef9, 0xdef9, 0xdef9, 0xdef9, 0xdef9,
0xdef9, 0xdef9, 0xdef9, 0xdef9, 0xdef9, 0xdef9, 0xdef9, 0xdef9, 0xdef9, 0xdef9,
0xdef9, 0xdef9, 0xdef9, 0xdef9, 0xdef9, 0xdef9, 0xdef9, 0xdef9, 0x694a, 0xedf0,
0xedf0, 0xedf0, 0xbb4b, 0xbb4b, 0xbb4b, 0xbb4b, 0xbb4b, 0xbb4b, 0xbb4b, 0xbb4b,
0xbb4b, 0xbb4b, 0xbb4b, 0xbb4b, 0xbb4b, 0xbb4b, 0xbb4b, 0xbb4b, 0xbb4b, 0xbb4b,
0xbb4b, 0xbb4b, 0xbb4b, 0xbb4b, 0xbb4b, 0xbb4b, 0xedf0, 0xedf0, 0xedf0, 0x694a,
0xdef9, 0xdef9, 0xdef9, 0xdef9, 0xdef9, 0xdef9, 0xdef9, 0xdef9, 0xdef9, 0xdef9,
0xdef9, 0xdef9, 0xdef9, 0xdef9, 0xdef9, 0xdef9, 0xdef9, 0xdef9, 0xdef9, 0xdef9,
0xdef9, 0xdef9, 0xdef9, 0xdef9, 0xdef9, 0xdef9, 0xdef9, 0xdef9, 0xdef9, 0xdef9,
0xdef9, 0xdef9, 0xdef9, 0xdef9, 0x694a, 0x924b, 0x694a, 0x694a, 0x694a, 0x694a,
0x694a, 0x694a, 0x694a, 0x694a, 0x924b, 0x694a, 0xdef9, 0xdef9, 0xdef9, 0xdef9,
0xdef9, 0xdef9, 0xdef9, 0xdef9, 0xdef9, 0xdef9, 0xdef9, 0xdef9, 0xdef9, 0xdef9,
0xdef9, 0xdef9, 0xdef9, 0xdef9, 0xdef9, 0xdef9, 0xdef9, 0xdef9, 0xdef9, 0xdef9,
0xdef9, 0xdef9, 0xdef9, 0xdef9, 0xdef9, 0xdef9, 0xdef9, 0xdef9, 0xdef9, 0xdef9,
0x694a, 0xedf0, 0xedf0, 0xedf0, 0xbb4b, 0xbb4b, 0xbb4b, 0xbb4b, 0xbb4b, 0xbb4b,
0xbb4b, 0xbb4b, 0xbb4b, 0xbb4b, 0xbb4b, 0xbb4b, 0xbb4b, 0xbb4b, 0xbb4b, 0xbb4b,
0xbb4b, 0xbb4b, 0xbb4b, 0xbb4b, 0xbb4b, 0xbb4b, 0xbb4b, 0xbb4b, 0xedf0, 0xedf0,
0xedf0, 0x694a, 0xdef9, 0xdef9, 0xdef9, 0xdef9, 0xdef9, 0xdef9, 0xdef9, 0xdef9,
0xdef9, 0xdef9, 0xdef9, 0xdef9, 0xdef9, 0xdef9, 0xdef9, 0xdef9, 0xdef9, 0xdef9,
0xdef9, 0xdef9, 0xdef9, 0xdef9, 0xdef9, 0xdef9, 0xa534, 0x694a, 0x694a, 0xbb4b,
0xbb4b, 0x924b, 0x694a, 0xbb4b, 0xedf0, 0x924b, 0x924b, 0x924b, 0x924b, 0x924b,
0x924b, 0x924b, 0x924b, 0x924b, 0x924b, 0x924b, 0x924b, 0x924b, 0x924b, 0xd44d,

0x924b, 0xd44d, 0xd44d, 0xd44d, 0xd44d, 0xd44d, 0xd44d, 0xd44d, 0xd44d, 0xd44d,
0xd44d, 0xd44d, 0xedf0, 0xedf0, 0xfef4, 0x924b, 0x924b, 0x694a, 0x924b, 0xbb4b,
0x924b, 0x694a, 0x6b8f, 0xce37, 0xdef9, 0xdef9, 0xdef9, 0xdef9, 0xdef9, 0xdef9,
0xdef9, 0xdef9, 0xdef9, 0xdef9, 0xdef9, 0xdef9, 0xdef9, 0xdef9, 0xef3b, 0xce37,
0xdef9, 0xdef9, 0xdef9, 0xdef9, 0xdef9, 0xdef9, 0xdef9, 0xdef9, 0xdef9, 0xbb4b,
0xbb4b, 0xbb4b, 0xbb4b, 0xd44d, 0xbb4b, 0xbb4b, 0xbb4b, 0xbb4b, 0xbb4b, 0xbb4b,
0xbb4b, 0xbb4b, 0xbb4b, 0xbb4b, 0xbb4b, 0xbb4b, 0xbb4b, 0xbb4b, 0xbb4b, 0xbb4b,
0xbb4b, 0xbb4b, 0xbb4b, 0xbb4b, 0xd44d, 0xbb4b, 0xbb4b, 0xbb4b, 0xbb4b, 0xdef9,
0xdef9, 0xdef9, 0xdef9, 0xdef9, 0xdef9, 0xdef9, 0xdef9, 0xdef9, 0xdef9, 0xdef9,
0xdef9, 0xdef9, 0xdef9, 0xdef9, 0xdef9, 0xdef9, 0xdef9, 0xdef9, 0xdef9, 0xdef9,
0xdef9, 0xdef9, 0xef3b, 0xce37, 0xdef9, 0xdef9, 0xdef9, 0xdef9, 0xdef9, 0xdef9,
0xdef9, 0xdef9, 0xdef9, 0x694a, 0x694a, 0x694a, 0x694a, 0xd44d, 0xd44d, 0xd44d,
0xd44d, 0xd44d, 0xd44d, 0x694a, 0x694a, 0x694a, 0x694a, 0xdef9, 0xdef9, 0xdef9,
0xdef9, 0xdef9, 0xdef9, 0xdef9, 0xdef9, 0xdef9, 0xdef9, 0xdef9, 0xdef9, 0xdef9,
0xdef9, 0xdef9, 0xdef9, 0xdef9, 0xdef9, 0xdef9, 0xdef9, 0xdef9, 0xdef9, 0xdef9,
0xef3b, 0xce37, 0xdef9, 0xdef9, 0xdef9, 0xdef9, 0xdef9, 0xdef9, 0xdef9, 0xdef9,
0xdef9, 0xbb4b, 0xbb4b, 0xbb4b, 0xbb4b, 0xd44d, 0xbb4b, 0xbb4b, 0xbb4b, 0xbb4b,
0xbb4b, 0xbb4b, 0xbb4b, 0xbb4b, 0xbb4b, 0xbb4b, 0xbb4b, 0xbb4b, 0xbb4b, 0xbb4b,
0xbb4b, 0xbb4b, 0xbb4b, 0xbb4b, 0xbb4b, 0xbb4b, 0xd44d, 0xbb4b, 0xbb4b, 0xbb4b,
0xbb4b, 0xdef9, 0xdef9, 0xdef9, 0xdef9, 0xdef9, 0xdef9, 0xdef9, 0xdef9, 0xdef9,
0xdef9, 0xdef9, 0xdef9, 0xdef9, 0xdef9, 0xdef9, 0xdef9, 0xdef9, 0xdef9, 0xdef9,
0xdef9, 0xdef9, 0xdef9, 0xdef9, 0xdef9, 0xdef9, 0xce37, 0x6b8f, 0x694a, 0x924b,
0xbb4b, 0x924b, 0x694a, 0x924b, 0x924b, 0xfef4, 0xedf0, 0xedf0, 0xd44d, 0xd44d,
0xd44d, 0xd44d, 0xd44d, 0xd44d, 0xd44d, 0xd44d, 0xd44d, 0xd44d, 0xd44d, 0x924b,

0xd44d, 0xedf0, 0xfef4, 0xfef4, 0xfef4, 0xfef4, 0xfef4, 0xfef4, 0xfef4, 0xfef4,
0xfef4, 0xfef4, 0xfef4, 0xfef4, 0xedf0, 0x924b, 0x924b, 0x694a, 0x924b, 0xbb4b,
0x694a, 0x424c, 0xa534, 0xdef9, 0xdef9, 0xdef9, 0xdef9, 0xdef9, 0xdef9, 0xdef9,
0xdef9, 0xdef9, 0xdef9, 0xdef9, 0xdef9, 0xdef9, 0xdef9, 0xdef9, 0xce37, 0xce37,
0xdef9, 0xdef9, 0xdef9, 0xdef9, 0xdef9, 0xdef9, 0xdef9, 0xdef9, 0xdef9, 0xdef9,
0xdef9, 0xdef9, 0xbb4b, 0xd44d, 0xd44d, 0xedf0, 0xbb4b, 0xbb4b, 0xbb4b, 0xbb4b,
0xbb4b, 0xbb4b, 0xbb4b, 0xbb4b, 0xbb4b, 0xbb4b, 0xbb4b, 0xbb4b, 0xbb4b, 0xbb4b,
0xbb4b, 0xbb4b, 0xedf0, 0xd44d, 0xd44d, 0xbb4b, 0xdef9, 0xdef9, 0xdef9, 0xdef9,
0xdef9, 0xdef9, 0xdef9, 0xdef9, 0xdef9, 0xdef9, 0xdef9, 0xdef9, 0xdef9, 0xdef9,
0xdef9, 0xdef9, 0xdef9, 0xdef9, 0xdef9, 0xdef9, 0xdef9, 0xdef9, 0xdef9, 0xdef9,
0xdef9, 0xdef9, 0xce37, 0xce37, 0xdef9, 0xdef9, 0xdef9, 0xdef9, 0xdef9, 0xdef9,
0xdef9, 0xdef9, 0xdef9, 0x694a, 0xbb4b, 0xbb4b, 0x924b, 0xd44d, 0xd44d, 0xd44d,
0xd44d, 0xd44d, 0xd44d, 0x924b, 0xd44d, 0xbb4b, 0x694a, 0xdef9, 0xdef9, 0xdef9,
0xdef9, 0xdef9, 0xdef9, 0xdef9, 0xdef9, 0xdef9, 0xdef9, 0xdef9, 0xdef9, 0xdef9,
0xdef9, 0xdef9, 0xdef9, 0xdef9, 0xdef9, 0xdef9, 0xdef9, 0xdef9, 0xdef9, 0xdef9,
0xce37, 0xce37, 0xdef9, 0xdef9, 0xdef9, 0xdef9, 0xdef9, 0xdef9, 0xdef9, 0xdef9,
0xdef9, 0xdef9, 0xdef9, 0xdef9, 0xbb4b, 0xd44d, 0xd44d, 0xedf0, 0xbb4b, 0xbb4b,
0xbb4b, 0xbb4b, 0xbb4b, 0xbb4b, 0xbb4b, 0xbb4b, 0xbb4b, 0xbb4b, 0xbb4b, 0xbb4b,
0xbb4b, 0xbb4b, 0xbb4b, 0xbb4b, 0xedf0, 0xd44d, 0xd44d, 0xbb4b, 0xdef9, 0xdef9,
0xdef9, 0xdef9, 0xdef9, 0xdef9, 0xdef9, 0xdef9, 0xdef9, 0xdef9, 0xdef9, 0xdef9,
0xdef9, 0xdef9, 0xdef9, 0xdef9, 0xdef9, 0xdef9, 0xdef9, 0xdef9, 0xdef9, 0xdef9,
0xdef9, 0xdef9, 0xdef9, 0xdef9, 0xdef9, 0xdef9, 0xdef9, 0xa534, 0x424c, 0x694a,
0xbb4b, 0x924b, 0x694a, 0x924b, 0x924b, 0xedf0, 0xfef4, 0xfef4, 0xfef4, 0xfef4,
0xfef4, 0xfef4, 0xfef4, 0xfef4, 0xfef4, 0xfef4, 0xfef4, 0xfef4, 0xedf0, 0xd44d,

0xd44d, 0xfef4, 0xfef4, 0xfef4, 0xfef4, 0xfef4, 0xfef4, 0xfef4, 0xfef4, 0xfef4,
0xfef4, 0xfef4, 0xfef4, 0xfef4, 0xedf0, 0x924b, 0x924b, 0x694a, 0x924b, 0x924b,
0x694a, 0x6b8f, 0xce37, 0xdef9, 0xdef9, 0xdef9, 0xdef9, 0xdef9, 0xdef9, 0xdef9,
0xdef9, 0xdef9, 0xdef9, 0xdef9, 0xdef9, 0xdef9, 0xdef9, 0xdef9, 0xdef9, 0xdef9,
0xdef9, 0xdef9, 0xdef9, 0xdef9, 0xdef9, 0xdef9, 0xdef9, 0xdef9, 0xdef9, 0xdef9,
0xdef9, 0xdef9, 0xdef9, 0xbb4b, 0xd44d, 0xedf0, 0xedf0, 0xedf0, 0xd44d, 0xbb4b,
0xbb4b, 0xbb4b, 0xbb4b, 0xbb4b, 0xbb4b, 0xbb4b, 0xbb4b, 0xbb4b, 0xbb4b, 0xd44d,
0xedf0, 0xedf0, 0xedf0, 0xd44d, 0xbb4b, 0xdef9, 0xdef9, 0xdef9, 0xdef9, 0xdef9,
0xdef9, 0xdef9, 0xdef9, 0xdef9, 0xdef9, 0xdef9, 0xdef9, 0xdef9, 0xdef9, 0xef3b,
0xef3b, 0xdef9, 0xdef9, 0xdef9, 0xdef9, 0xdef9, 0xdef9, 0xdef9, 0xdef9, 0xdef9,
0xdef9, 0xdef9, 0xdef9, 0xdef9, 0xdef9, 0xdef9, 0xdef9, 0xdef9, 0xdef9, 0xdef9,
0xdef9, 0xdef9, 0x924b, 0x694a, 0xbb4b, 0xbb4b, 0x924b, 0xedf0, 0xd44d, 0xd44d,
0xd44d, 0xd44d, 0xedf0, 0x924b, 0xd44d, 0xd44d, 0x694a, 0x924b, 0xdef9, 0xdef9,
0xdef9, 0xdef9, 0xdef9, 0xdef9, 0xdef9, 0xdef9, 0xdef9, 0xef3b, 0xef3b, 0xdef9,
0xdef9, 0xdef9, 0xdef9, 0xdef9, 0xdef9, 0xdef9, 0xdef9, 0xdef9, 0xdef9, 0xdef9,
0xdef9, 0xdef9, 0xdef9, 0xdef9, 0xdef9, 0xdef9, 0xdef9, 0xdef9, 0xdef9, 0xdef9,
0xdef9, 0xdef9, 0xdef9, 0xdef9, 0xdef9, 0xbb4b, 0xd44d, 0xedf0, 0xedf0, 0xedf0,
0xd44d, 0xbb4b, 0xbb4b, 0xbb4b, 0xbb4b, 0xbb4b, 0xbb4b, 0xbb4b, 0xbb4b, 0xbb4b,
0xbb4b, 0xd44d, 0xedf0, 0xedf0, 0xedf0, 0xd44d, 0xbb4b, 0xdef9, 0xdef9, 0xdef9,
0xdef9, 0xdef9, 0xdef9, 0xdef9, 0xdef9, 0xdef9, 0xdef9, 0xdef9, 0xdef9, 0xdef9,
0xdef9, 0xef3b, 0xef3b, 0xdef9, 0xdef9, 0xdef9, 0xdef9, 0xdef9, 0xdef9, 0xdef9,
0xdef9, 0xdef9, 0xdef9, 0xdef9, 0xdef9, 0xdef9, 0xdef9, 0xce37, 0x6b8f, 0x694a,
0x924b, 0x924b, 0x694a, 0x924b, 0x924b, 0xedf0, 0xfef4, 0xfef4, 0xfef4, 0xfef4,
0xfef4, 0xfef4, 0xfef4, 0xfef4, 0xfef4, 0xfef4, 0xfef4, 0xfef4, 0xfef4, 0xd44d,

0xd44d, 0xfef4, 0xfef4, 0xfef4, 0xfef4, 0xfef4, 0xfef4, 0xfef4, 0xfef4, 0xfef4,
0xfef4, 0xfef4, 0xfef4, 0xfef4, 0xd44d, 0x924b, 0x924b, 0x694a, 0x924b, 0x694a,
0x424c, 0xa534, 0xdef9, 0xdef9, 0xdef9, 0xdef9, 0xdef9, 0xdef9, 0xdef9, 0xdef9,
0xdef9, 0xdef9, 0xdef9, 0xdef9, 0xdef9, 0xdef9, 0xdef9, 0xdef9, 0xdef9, 0xdef9,
0xdef9, 0xdef9, 0xdef9, 0xdef9, 0xdef9, 0xdef9, 0xdef9, 0xdef9, 0xdef9, 0xdef9,
0xdef9, 0xdef9, 0xdef9, 0xdef9, 0xbb4b, 0xbb4b, 0xedf0, 0xedf0, 0xedf0, 0xedf0,
0xedf0, 0xedf0, 0xedf0, 0xedf0, 0xedf0, 0xedf0, 0xedf0, 0xedf0, 0xedf0, 0xedf0,
0xedf0, 0xedf0, 0xbb4b, 0xbb4b, 0xdef9, 0xdef9, 0xdef9, 0xdef9, 0xdef9, 0xdef9,
0xdef9, 0xdef9, 0xdef9, 0xdef9, 0xdef9, 0xdef9, 0xdef9, 0xdef9, 0xef3b, 0xdef9,
0xdef9, 0xce37, 0xdef9, 0xdef9, 0xdef9, 0xdef9, 0xdef9, 0xdef9, 0xdef9, 0xdef9,
0xdef9, 0xdef9, 0xdef9, 0xdef9, 0xdef9, 0xdef9, 0xdef9, 0xdef9, 0xdef9, 0xdef9,
0x924b, 0x924b, 0xbb4b, 0x924b, 0xbb4b, 0xbb4b, 0x924b, 0xfef4, 0xfef4, 0xfef4,
0xfef4, 0xfef4, 0xfef4, 0x924b, 0xd44d, 0xd44d, 0x924b, 0xbb4b, 0x924b, 0x924b,
0xdef9, 0xdef9, 0xdef9, 0xdef9, 0xdef9, 0xdef9, 0xef3b, 0xdef9, 0xdef9, 0xce37,
0xdef9, 0xdef9, 0xdef9, 0xdef9, 0xdef9, 0xdef9, 0xdef9, 0xdef9, 0xdef9, 0xdef9,
0xdef9, 0xdef9, 0xdef9, 0xdef9, 0xdef9, 0xdef9, 0xdef9, 0xdef9, 0xdef9, 0xdef9,
0xdef9, 0xdef9, 0xdef9, 0xdef9, 0xdef9, 0xdef9, 0xbb4b, 0xbb4b, 0xedf0, 0xedf0,
0xedf0, 0xedf0, 0xedf0, 0xedf0, 0xedf0, 0xedf0, 0xedf0, 0xedf0, 0xedf0, 0xedf0,
0xedf0, 0xedf0, 0xedf0, 0xedf0, 0xbb4b, 0xbb4b, 0xdef9, 0xdef9, 0xdef9, 0xdef9,
0xdef9, 0xdef9, 0xdef9, 0xdef9, 0xdef9, 0xdef9, 0xdef9, 0xdef9, 0xdef9, 0xdef9,
0xef3b, 0xdef9, 0xdef9, 0xce37, 0xdef9, 0xdef9, 0xdef9, 0xdef9, 0xdef9, 0xdef9,
0xdef9, 0xdef9, 0xdef9, 0xdef9, 0xdef9, 0xdef9, 0xdef9, 0xdef9, 0xa534, 0x424c,
0x694a, 0x924b, 0x694a, 0x924b, 0x924b, 0xd44d, 0xfef4, 0xfef4, 0xfef4, 0xfef4,
0xfef4, 0xfef4, 0xfef4, 0xfef4, 0xfef4, 0xfef4, 0xfef4, 0xfef4, 0xfef4, 0xd44d,

0xd44d, 0xfef4, 0xfef4, 0xfef4, 0xfef4, 0xfef4, 0xfef4, 0xfef4, 0xfef4, 0xfef4,
0xfef4, 0xfef4, 0xfef4, 0xfef4, 0xd44d, 0x924b, 0x924b, 0x694a, 0x924b, 0x694a,
0x6b8f, 0xce37, 0xdef9, 0xdef9, 0xdef9, 0xdef9, 0xdef9, 0xdef9, 0xdef9, 0xdef9,
0xdef9, 0xdef9, 0xdef9, 0xdef9, 0xdef9, 0xdef9, 0xdef9, 0xdef9, 0xdef9, 0xdef9,
0xdef9, 0xdef9, 0xdef9, 0xdef9, 0xdef9, 0xdef9, 0xdef9, 0xdef9, 0xdef9, 0xdef9,
0xdef9, 0xdef9, 0xdef9, 0xdef9, 0xdef9, 0xce37, 0xbb4b, 0xbb4b, 0xbb4b, 0xedf0,
0xedf0, 0xedf0, 0xedf0, 0xedf0, 0xedf0, 0xedf0, 0xedf0, 0xedf0, 0xedf0, 0xbb4b,
0xbb4b, 0xbb4b, 0xce37, 0xdef9, 0xdef9, 0xdef9, 0xdef9, 0xdef9, 0xdef9, 0xdef9,
0xdef9, 0xdef9, 0xdef9, 0xdef9, 0xdef9, 0xdef9, 0xdef9, 0xdef9, 0xdef9, 0xce37,
0xce37, 0xdef9, 0xdef9, 0xdef9, 0xdef9, 0xdef9, 0xdef9, 0xdef9, 0xdef9, 0xdef9,
0xdef9, 0xdef9, 0xdef9, 0xdef9, 0xdef9, 0xdef9, 0xdef9, 0xdef9, 0x924b, 0x924b,
0xbb4b, 0xd44d, 0x924b, 0xbb4b, 0xd44d, 0xbb4b, 0x924b, 0xfef4, 0xfef4, 0xfef4,
0xfef4, 0xfef4, 0xfef4, 0x924b, 0xd44d, 0xd44d, 0xbb4b, 0x924b, 0xd44d, 0xbb4b,
0x924b, 0x924b, 0xdef9, 0xdef9, 0xdef9, 0xdef9, 0xdef9, 0xce37, 0xce37, 0xdef9,
0xdef9, 0xdef9, 0xdef9, 0xdef9, 0xdef9, 0xdef9, 0xdef9, 0xdef9, 0xdef9, 0xdef9,
0xdef9, 0xdef9, 0xdef9, 0xdef9, 0xdef9, 0xdef9, 0xdef9, 0xdef9, 0xdef9, 0xdef9,
0xdef9, 0xdef9, 0xdef9, 0xdef9, 0xdef9, 0xdef9, 0xdef9, 0xce37, 0xbb4b, 0xbb4b,
0xbb4b, 0xedf0, 0xedf0, 0xedf0, 0xedf0, 0xedf0, 0xedf0, 0xedf0, 0xedf0, 0xedf0,
0xedf0, 0xbb4b, 0xbb4b, 0xbb4b, 0xce37, 0xdef9, 0xdef9, 0xdef9, 0xdef9, 0xdef9,
0xdef9, 0xdef9, 0xdef9, 0xdef9, 0xdef9, 0xdef9, 0xdef9, 0xdef9, 0xdef9, 0xdef9,
0xdef9, 0xce37, 0xce37, 0xdef9, 0xdef9, 0xdef9, 0xdef9, 0xdef9, 0xdef9, 0xdef9,
0xdef9, 0xdef9, 0xdef9, 0xdef9, 0xdef9, 0xdef9, 0xdef9, 0xdef9, 0xce37, 0x6b8f,
0x694a, 0x924b, 0x694a, 0x924b, 0x924b, 0xd44d, 0xfef4, 0xfef4, 0xfef4, 0xfef4,
0xfef4, 0xfef4, 0xfef4, 0xfef4, 0xfef4, 0xfef4, 0xfef4, 0xfef4, 0xfef4, 0xd44d,

0xd44d, 0xedf0, 0xfef4, 0xfef4, 0xfef4, 0xfef4, 0xfef4, 0xfef4, 0xfef4, 0xfef4,
0xfef4, 0xfef4, 0xfef4, 0xfef4, 0xd44d, 0x924b, 0x924b, 0x694a, 0x694a, 0x694a,
0x6b8f, 0xce37, 0xce37, 0xce37, 0xce37, 0xce37, 0xce37, 0xce37, 0xce37, 0xce37,
0xce37, 0xce37, 0xce37, 0xce37, 0xce37, 0xce37, 0xce37, 0xce37, 0xce37, 0xce37,
0xce37, 0xce37, 0xce37, 0xce37, 0xce37, 0xce37, 0xce37, 0xce37, 0xce37, 0xce37,
0xce37, 0xce37, 0xce37, 0xce37, 0xce37, 0xce37, 0xce37, 0xce37, 0xa534, 0xbb4b,
0xbb4b, 0xbb4b, 0xbb4b, 0xbb4b, 0xbb4b, 0xbb4b, 0xbb4b, 0xbb4b, 0xbb4b, 0xa534,
0xce37, 0xce37, 0xce37, 0xce37, 0xce37, 0xce37, 0xce37, 0xce37, 0xce37, 0xce37,
0xce37, 0xce37, 0xce37, 0xce37, 0xce37, 0xce37, 0xce37, 0xce37, 0xce37, 0xce37,
0xce37, 0xce37, 0xce37, 0xce37, 0xce37, 0xce37, 0xce37, 0xce37, 0xce37, 0xce37,
0xce37, 0xce37, 0xce37, 0xce37, 0xce37, 0xce37, 0x924b, 0x924b, 0xbb4b, 0xd44d,
0xd44d, 0xd44d, 0x924b, 0xbb4b, 0xd44d, 0xd44d, 0x924b, 0xfef4, 0xfef4, 0xfef4,
0xfef4, 0xfef4, 0xfef4, 0x924b, 0xd44d, 0xd44d, 0xbb4b, 0x924b, 0xd44d, 0xd44d,
0xd44d, 0xbb4b, 0x924b, 0x924b, 0xce37, 0xce37, 0xce37, 0xce37, 0xce37, 0xce37,
0xce37, 0xce37, 0xce37, 0xce37, 0xce37, 0xce37, 0xce37, 0xce37, 0xce37, 0xce37,
0xce37, 0xce37, 0xce37, 0xce37, 0xce37, 0xce37, 0xce37, 0xce37, 0xce37, 0xce37,
0xce37, 0xce37, 0xce37, 0xce37, 0xce37, 0xce37, 0xce37, 0xce37, 0xce37, 0xce37,
0xa534, 0xbb4b, 0xbb4b, 0xbb4b, 0xbb4b, 0xbb4b, 0xbb4b, 0xbb4b, 0xbb4b, 0xbb4b,
0xbb4b, 0xa534, 0xce37, 0xce37, 0xce37, 0xce37, 0xce37, 0xce37, 0xce37, 0xce37,
0xce37, 0xce37, 0xce37, 0xce37, 0xce37, 0xce37, 0xce37, 0xce37, 0xce37, 0xce37,
0xce37, 0xce37, 0xce37, 0xce37, 0xce37, 0xce37, 0xce37, 0xce37, 0xce37, 0xce37,
0xce37, 0xce37, 0xce37, 0xce37, 0xce37, 0xce37, 0xce37, 0xce37, 0xce37, 0x6b8f,
0x694a, 0x694a, 0x694a, 0x924b, 0x924b, 0xd44d, 0xfef4, 0xfef4, 0xfef4, 0xfef4,
0xfef4, 0xfef4, 0xfef4, 0xfef4, 0xfef4, 0xfef4, 0xfef4, 0xfef4, 0xedf0, 0xd44d,

0xd44d, 0xfef4, 0xfef4, 0xfef4, 0xfef4, 0xfef4, 0xfef4, 0xfef4, 0xfef4, 0xfef4,
0xfef4, 0xfef4, 0xfef4, 0xfef4, 0xd44d, 0x924b, 0x924b, 0x694a, 0x694a, 0x424c,
0x6b8f, 0xa534, 0xa534, 0xa534, 0xa534, 0xa534, 0xa534, 0xa534, 0xa534, 0xa534,
0xa534, 0xa534, 0xa534, 0xa534, 0xa534, 0xa534, 0xa534, 0xa534, 0xa534, 0xa534,
0xa534, 0xa534, 0xa534, 0xa534, 0xa534, 0xa534, 0xa534, 0xa534, 0xa534, 0xa534,
0xa534, 0xa534, 0xa534, 0xa534, 0xa534, 0xa534, 0xa534, 0xa534, 0xa534, 0xa534,
0xa534, 0xa534, 0xa534, 0xa534, 0xa534, 0xa534, 0xa534, 0xa534, 0xa534, 0xa534,
0xa534, 0xa534, 0xa534, 0xa534, 0xa534, 0xa534, 0xa534, 0xa534, 0xa534, 0xa534,
0xa534, 0xa534, 0xa534, 0xa534, 0xa534, 0xa534, 0xa534, 0xa534, 0xa534, 0xa534,
0xa534, 0xa534, 0xa534, 0xa534, 0xa534, 0xa534, 0xa534, 0xa534, 0xa534, 0xa534,
0xa534, 0xa534, 0xa534, 0xa534, 0xa534, 0x924b, 0xbb4b, 0xd44d, 0xd44d, 0xd44d,
0xd44d, 0xd44d, 0x924b, 0xd44d, 0xd44d, 0xd44d, 0x924b, 0xedf0, 0xedf0, 0xedf0,
0xedf0, 0xedf0, 0xedf0, 0x924b, 0xd44d, 0xd44d, 0xd44d, 0x924b, 0xd44d, 0xd44d,
0xd44d, 0xd44d, 0xd44d, 0xbb4b, 0x924b, 0xa534, 0xa534, 0xa534, 0xa534, 0xa534,
0xa534, 0xa534, 0xa534, 0xa534, 0xa534, 0xa534, 0xa534, 0xa534, 0xa534, 0xa534,
0xa534, 0xa534, 0xa534, 0xa534, 0xa534, 0xa534, 0xa534, 0xa534, 0xa534, 0xa534,
0xa534, 0xa534, 0xa534, 0xa534, 0xa534, 0xa534, 0xa534, 0xa534, 0xa534, 0xa534,
0xa534, 0xa534, 0xa534, 0xa534, 0xa534, 0xa534, 0xa534, 0xa534, 0xa534, 0xa534,
0xa534, 0xa534, 0xa534, 0xa534, 0xa534, 0xa534, 0xa534, 0xa534, 0xa534, 0xa534,
0xa534, 0xa534, 0xa534, 0xa534, 0xa534, 0xa534, 0xa534, 0xa534, 0xa534, 0xa534,
0xa534, 0xa534, 0xa534, 0xa534, 0xa534, 0xa534, 0xa534, 0xa534, 0xa534, 0xa534,
0xa534, 0xa534, 0xa534, 0xa534, 0xa534, 0xa534, 0xa534, 0xa534, 0xa534, 0x6b8f,
0x424c, 0x694a, 0x694a, 0x924b, 0x924b, 0xd44d, 0xfef4, 0xfef4, 0xfef4, 0xfef4,
0xfef4, 0xfef4, 0xfef4, 0xfef4, 0xfef4, 0xfef4, 0xfef4, 0xfef4, 0xfef4, 0xd44d,

0xd44d, 0xfef4, 0xfef4, 0xfef4, 0xfef4, 0xfef4, 0xfef4, 0xfef4, 0xfef4, 0xfef4,
0xfef4, 0xfef4, 0xfef4, 0xfef4, 0xd44d, 0x924b, 0x924b, 0x694a, 0x924b, 0x924b,
0x924b, 0x924b, 0x924b, 0x924b, 0x924b, 0x924b, 0x924b, 0x924b, 0x924b, 0x924b,
0x924b, 0x924b, 0x924b, 0x924b, 0x924b, 0x924b, 0x924b, 0x924b, 0x924b, 0x924b,
0x924b, 0x924b, 0x924b, 0x924b, 0x924b, 0x924b, 0x924b, 0x924b, 0x924b, 0x924b,
0x924b, 0x924b, 0x924b, 0x924b, 0x924b, 0x924b, 0x924b, 0x924b, 0x924b, 0x924b,
0x924b, 0x924b, 0x924b, 0x924b, 0x924b, 0x924b, 0x924b, 0x924b, 0x924b, 0x924b,
0x924b, 0x924b, 0x924b, 0x924b, 0x924b, 0x924b, 0x924b, 0x924b, 0x924b, 0x924b,
0x924b, 0x924b, 0x924b, 0x924b, 0x924b, 0x924b, 0x924b, 0x924b, 0x924b, 0x924b,
0x924b, 0x924b, 0x924b, 0x924b, 0x924b, 0x924b, 0x924b, 0x924b, 0x924b, 0x924b,
0x924b, 0x924b, 0x924b, 0x924b, 0x924b, 0xd44d, 0xd44d, 0xd44d, 0xd44d, 0xd44d,
0xd44d, 0x924b, 0x924b, 0xd44d, 0xd44d, 0xd44d, 0xbb4b, 0xbb4b, 0xbb4b, 0xbb4b,
0xbb4b, 0xbb4b, 0xbb4b, 0xbb4b, 0xd44d, 0xd44d, 0xd44d, 0x924b, 0x924b, 0xd44d,
0xd44d, 0xd44d, 0xd44d, 0xd44d, 0xd44d, 0x924b, 0x924b, 0x924b, 0x924b, 0x924b,
0x924b, 0x924b, 0x924b, 0x924b, 0x924b, 0x924b, 0x924b, 0x924b, 0x924b, 0x924b,
0x924b, 0x924b, 0x924b, 0x924b, 0x924b, 0x924b, 0x924b, 0x924b, 0x924b, 0x924b,
0x924b, 0x924b, 0x924b, 0x924b, 0x924b, 0x924b, 0x924b, 0x924b, 0x924b, 0x924b,
0x924b, 0x924b, 0x924b, 0x924b, 0x924b, 0x924b, 0x924b, 0x924b, 0x924b, 0x924b,
0x924b, 0x924b, 0x924b, 0x924b, 0x924b, 0x924b, 0x924b, 0x924b, 0x924b, 0x924b,
0x924b, 0x924b, 0x924b, 0x924b, 0x924b, 0x924b, 0x924b, 0x924b, 0x924b, 0x924b,
0x924b, 0x924b, 0x924b, 0x924b, 0x924b, 0x924b, 0x924b, 0x924b, 0x924b, 0x924b,
0x924b, 0x924b, 0x924b, 0x924b, 0x924b, 0x924b, 0x924b, 0x924b, 0x924b, 0x924b,
0x924b, 0x924b, 0x694a, 0x924b, 0x924b, 0xd44d, 0xfef4, 0xfef4, 0xfef4, 0xfef4,
0xfef4, 0xfef4, 0xfef4, 0xfef4, 0xfef4, 0xfef4, 0xfef4, 0xfef4, 0xfef4, 0xd44d,

0xd44d, 0xfef4, 0xfef4, 0xfef4, 0xfef4, 0xfef4, 0xfef4, 0xfef4, 0xfef4, 0xfef4,
0xfef4, 0xfef4, 0xfef4, 0xedf0, 0xd44d, 0x924b, 0x694a, 0x924b, 0xd44d, 0xd44d,
0xd44d, 0xd44d, 0xd44d, 0xd44d, 0xd44d, 0xd44d, 0xd44d, 0xd44d, 0xd44d, 0xd44d,
0x924b, 0xbb4b, 0xd44d, 0xd44d, 0xd44d, 0xd44d, 0xd44d, 0xd44d, 0xd44d, 0xd44d,
0xbb4b, 0xbb4b, 0x924b, 0xd44d, 0xd44d, 0xd44d, 0xd44d, 0xd44d, 0xd44d, 0xd44d,
0xd44d, 0xd44d, 0xd44d, 0xd44d, 0xd44d, 0xd44d, 0xbb4b, 0xbb4b, 0x924b, 0xd44d,
0xd44d, 0xd44d, 0xd44d, 0xd44d, 0xd44d, 0xd44d, 0xd44d, 0xd44d, 0xd44d, 0xd44d,
0xd44d, 0xd44d, 0xd44d, 0xd44d, 0xd44d, 0xd44d, 0xd44d, 0xd44d, 0xbb4b, 0xbb4b,
0xd44d, 0xd44d, 0xd44d, 0xd44d, 0xd44d, 0xd44d, 0xd44d, 0xd44d, 0xd44d, 0xd44d,
0xd44d, 0xd44d, 0xd44d, 0xd44d, 0xbb4b, 0xbb4b, 0xd44d, 0xd44d, 0xd44d, 0xd44d,
0xd44d, 0xd44d, 0xd44d, 0xd44d, 0x924b, 0xfef4, 0xfef4, 0xfef4, 0xfef4, 0xfef4,
0xfef4, 0x924b, 0x924b, 0xedf0, 0xd44d, 0xd44d, 0xd44d, 0xd44d, 0xd44d, 0xd44d,
0xd44d, 0xd44d, 0xd44d, 0xd44d, 0xd44d, 0xd44d, 0xedf0, 0x924b, 0x924b, 0xfef4,
0xfef4, 0xfef4, 0xedf0, 0xfef4, 0xfef4, 0x924b, 0xd44d, 0xd44d, 0xd44d, 0xd44d,
0xd44d, 0xd44d, 0xbb4b, 0xbb4b, 0xd44d, 0xd44d, 0xd44d, 0xd44d, 0xd44d, 0xd44d,
0xd44d, 0xd44d, 0xbb4b, 0xbb4b, 0x924b, 0xd44d, 0xd44d, 0xd44d, 0xd44d, 0xd44d,
0xd44d, 0xd44d, 0xd44d, 0xd44d, 0xd44d, 0xd44d, 0xd44d, 0xd44d, 0xbb4b, 0xbb4b,
0x924b, 0xd44d, 0xd44d, 0xd44d, 0xd44d, 0xd44d, 0xd44d, 0xd44d, 0xd44d, 0xd44d,
0xd44d, 0xd44d, 0xd44d, 0xd44d, 0xd44d, 0xd44d, 0xd44d, 0xd44d, 0xd44d, 0xd44d,
0xbb4b, 0xbb4b, 0xd44d, 0xd44d, 0xd44d, 0xd44d, 0xd44d, 0xd44d, 0xd44d, 0xd44d,
0xd44d, 0xd44d, 0xd44d, 0xd44d, 0xd44d, 0xd44d, 0xbb4b, 0xbb4b, 0xbb4b, 0x924b,
0xd44d, 0xd44d, 0xd44d, 0xd44d, 0xd44d, 0xd44d, 0xd44d, 0xd44d, 0xd44d, 0xd44d,
0xd44d, 0xd44d, 0x924b, 0x694a, 0x924b, 0xd44d, 0xedf0, 0xfef4, 0xfef4, 0xfef4,
0xfef4, 0xfef4, 0xfef4, 0xfef4, 0xfef4, 0xfef4, 0xfef4, 0xfef4, 0xfef4, 0xd44d,

0xd44d, 0xfef4, 0xfef4, 0xfef4, 0xfef4, 0xfef4, 0xfef4, 0xfef4, 0xfef4, 0xfef4,
0xfef4, 0xfef4, 0xfef4, 0xfef4, 0xd44d, 0x924b, 0x694a, 0x924b, 0xbb4b, 0xbb4b,
0xd44d, 0xd44d, 0xd44d, 0xd44d, 0xd44d, 0xd44d, 0xd44d, 0xd44d, 0xd44d, 0xd44d,
0xd44d, 0xd44d, 0xd44d, 0xd44d, 0xd44d, 0xd44d, 0xd44d, 0xd44d, 0xd44d, 0xd44d,
0xd44d, 0xd44d, 0xd44d, 0xd44d, 0xd44d, 0xd44d, 0xd44d, 0xd44d, 0xd44d, 0xd44d,
0xd44d, 0xd44d, 0xd44d, 0xd44d, 0xd44d, 0xd44d, 0xd44d, 0xd44d, 0xd44d, 0xd44d,
0xd44d, 0xd44d, 0xd44d, 0xd44d, 0xd44d, 0xd44d, 0xd44d, 0xd44d, 0xd44d, 0xd44d,
0xd44d, 0xd44d, 0xd44d, 0xd44d, 0xd44d, 0xd44d, 0xd44d, 0xd44d, 0xd44d, 0xd44d,
0xd44d, 0xd44d, 0xd44d, 0xd44d, 0xd44d, 0xd44d, 0xd44d, 0xd44d, 0xd44d, 0xd44d,
0xd44d, 0xd44d, 0xd44d, 0xd44d, 0xd44d, 0xd44d, 0xd44d, 0xd44d, 0xd44d, 0xd44d,
0xd44d, 0xd44d, 0xd44d, 0xd44d, 0xbb4b, 0xfef4, 0xfef4, 0xfef4, 0xfef4, 0xfef4,
0xfef4, 0x924b, 0xbb4b, 0xfef4, 0xfef4, 0xfef4, 0xedf0, 0xedf0, 0xfef4, 0xfef4,
0xfef4, 0xfef4, 0xfef4, 0xedf0, 0xfef4, 0xfef4, 0xfef4, 0xbb4b, 0x924b, 0xfef4,
0xfef4, 0xfef4, 0xfef4, 0xfef4, 0xfef4, 0xbb4b, 0xd44d, 0xd44d, 0xd44d, 0xd44d,
0xd44d, 0xd44d, 0xd44d, 0xd44d, 0xd44d, 0xd44d, 0xd44d, 0xd44d, 0xd44d, 0xd44d,
0xd44d, 0xd44d, 0xd44d, 0xd44d, 0xd44d, 0xd44d, 0xd44d, 0xd44d, 0xd44d, 0xd44d,
0xd44d, 0xd44d, 0xd44d, 0xd44d, 0xd44d, 0xd44d, 0xd44d, 0xd44d, 0xd44d, 0xd44d,
0xd44d, 0xd44d, 0xd44d, 0xd44d, 0xd44d, 0xd44d, 0xd44d, 0xd44d, 0xd44d, 0xd44d,
0xd44d, 0xd44d, 0xd44d, 0xd44d, 0xd44d, 0xd44d, 0xd44d, 0xd44d, 0xd44d, 0xd44d,
0xd44d, 0xd44d, 0xd44d, 0xd44d, 0xd44d, 0xd44d, 0xd44d, 0xd44d, 0xd44d, 0xd44d,
0xd44d, 0xd44d, 0xd44d, 0xd44d, 0xd44d, 0xd44d, 0xd44d, 0xd44d, 0xd44d, 0xd44d,
0xd44d, 0xd44d, 0xd44d, 0xd44d, 0xd44d, 0xd44d, 0xd44d, 0xd44d, 0xd44d, 0xd44d,
0xbb4b, 0xbb4b, 0x924b, 0x694a, 0x924b, 0xd44d, 0xfef4, 0xfef4, 0xfef4, 0xfef4,
0xfef4, 0xfef4, 0xfef4, 0xfef4, 0xfef4, 0xfef4, 0xfef4, 0xfef4, 0xfef4, 0xd44d,

0xd44d, 0xfef4, 0xfef4, 0xfef4, 0xfef4, 0xfef4, 0xfef4, 0xfef4, 0xfef4, 0xfef4,
0xfef4, 0xfef4, 0xfef4, 0xfef4, 0xd44d, 0x924b, 0x694a, 0xbb4b, 0xd44d, 0xd44d,
0xd44d, 0xd44d, 0xd44d, 0xd44d, 0xd44d, 0xd44d, 0xd44d, 0xd44d, 0xd44d, 0xd44d,
0xd44d, 0xd44d, 0xd44d, 0xd44d, 0xd44d, 0xd44d, 0xd44d, 0xd44d, 0xd44d, 0xd44d,
0xd44d, 0xd44d, 0xd44d, 0xd44d, 0xd44d, 0xd44d, 0xd44d, 0xd44d, 0xd44d, 0xd44d,
0xd44d, 0xd44d, 0xd44d, 0xd44d, 0xd44d, 0xd44d, 0xd44d, 0xd44d, 0xd44d, 0xd44d,
0xd44d, 0xd44d, 0xd44d, 0xd44d, 0xd44d, 0xd44d, 0xd44d, 0xd44d, 0xd44d, 0xd44d,
0xd44d, 0xd44d, 0xd44d, 0xd44d, 0xd44d, 0xd44d, 0xd44d, 0xd44d, 0xd44d, 0xd44d,
0xd44d, 0xd44d, 0xd44d, 0xd44d, 0xd44d, 0xd44d, 0xd44d, 0xd44d, 0xd44d, 0xd44d,
0xd44d, 0xd44d, 0xd44d, 0xd44d, 0xd44d, 0xd44d, 0xd44d, 0xd44d, 0xd44d, 0xd44d,
0xd44d, 0xd44d, 0xd44d, 0xd44d, 0xbb4b, 0xfef4, 0xfef4, 0xfef4, 0xfef4, 0xfef4,
0xfef4, 0xbb4b, 0xbb4b, 0xfef4, 0xfef4, 0xfef4, 0xfef4, 0xfef4, 0xfef4, 0xfef4,
0xfef4, 0xfef4, 0xfef4, 0xfef4, 0xfef4, 0xfef4, 0xfef4, 0xbb4b, 0xbb4b, 0xfef4,
0xfef4, 0xfef4, 0xfef4, 0xfef4, 0xfef4, 0xbb4b, 0xd44d, 0xd44d, 0xd44d, 0xd44d,
0xd44d, 0xd44d, 0xd44d, 0xd44d, 0xd44d, 0xd44d, 0xd44d, 0xd44d, 0xd44d, 0xd44d,
0xd44d, 0xd44d, 0xd44d, 0xd44d, 0xd44d, 0xd44d, 0xd44d, 0xd44d, 0xd44d, 0xd44d,
0xd44d, 0xd44d, 0xd44d, 0xd44d, 0xd44d, 0xd44d, 0xd44d, 0xd44d, 0xd44d, 0xd44d,
0xd44d, 0xd44d, 0xd44d, 0xd44d, 0xd44d, 0xd44d, 0xd44d, 0xd44d, 0xd44d, 0xd44d,
0xd44d, 0xd44d, 0xd44d, 0xd44d, 0xd44d, 0xd44d, 0xd44d, 0xd44d, 0xd44d, 0xd44d,
0xd44d, 0xd44d, 0xd44d, 0xd44d, 0xd44d, 0xd44d, 0xd44d, 0xd44d, 0xd44d, 0xd44d,
0xd44d, 0xd44d, 0xd44d, 0xd44d, 0xd44d, 0xd44d, 0xd44d, 0xd44d, 0xd44d, 0xd44d,
0xd44d, 0xd44d, 0xd44d, 0xd44d, 0xd44d, 0xd44d, 0xd44d, 0xd44d, 0xd44d, 0xd44d,
0xd44d, 0xd44d, 0xbb4b, 0x694a, 0x924b, 0xd44d, 0xfef4, 0xfef4, 0xfef4, 0xfef4,
0xfef4, 0xfef4, 0xfef4, 0xfef4, 0xfef4, 0xfef4, 0xfef4, 0xfef4, 0xfef4, 0xd44d,

0xd44d, 0xfef4, 0xfef4, 0xfef4, 0xfef4, 0xfef4, 0xfef4, 0xfef4, 0xfef4, 0xfef4,
0xfef4, 0xfef4, 0xfef4, 0xfef4, 0xd44d, 0x924b, 0x924b, 0xbb4b, 0xd44d, 0xd44d,
0xd44d, 0xd44d, 0xd44d, 0xd44d, 0xd44d, 0xd44d, 0xd44d, 0xd44d, 0xd44d, 0xd44d,
0xd44d, 0xd44d, 0xd44d, 0xd44d, 0xd44d, 0xd44d, 0xd44d, 0xd44d, 0xd44d, 0xd44d,
0xd44d, 0xd44d, 0xd44d, 0xd44d, 0xd44d, 0xd44d, 0xd44d, 0xd44d, 0xd44d, 0xd44d,
0xd44d, 0xd44d, 0xd44d, 0xd44d, 0xd44d, 0xd44d, 0xd44d, 0xd44d, 0xd44d, 0xd44d,
0xd44d, 0xd44d, 0xd44d, 0xd44d, 0xd44d, 0xd44d, 0xd44d, 0xd44d, 0xd44d, 0xd44d,
0xd44d, 0xd44d, 0xd44d, 0xd44d, 0xd44d, 0xd44d, 0xd44d, 0xd44d, 0xd44d, 0xd44d,
0xd44d, 0xd44d, 0xd44d, 0xd44d, 0xd44d, 0xd44d, 0xd44d, 0xd44d, 0xd44d, 0xd44d,
0xd44d, 0xd44d, 0xd44d, 0xd44d, 0xd44d, 0xd44d, 0xd44d, 0xd44d, 0xd44d, 0xd44d,
0xd44d, 0xd44d, 0xd44d, 0xd44d, 0xbb4b, 0xfef4, 0xfef4, 0xedf0, 0xfef4, 0xfef4,
0xfef4, 0xbb4b, 0xbb4b, 0xfef4, 0xfef4, 0xfef4, 0xfef4, 0xfef4, 0xfef4, 0xfef4,
0xfef4, 0xfef4, 0xfef4, 0xfef4, 0xfef4, 0xfef4, 0xfef4, 0xbb4b, 0xbb4b, 0xfef4,
0xfef4, 0xfef4, 0xfef4, 0xfef4, 0xfef4, 0xbb4b, 0xd44d, 0xd44d, 0xd44d, 0xd44d,
0xd44d, 0xd44d, 0xd44d, 0xd44d, 0xd44d, 0xd44d, 0xd44d, 0xd44d, 0xd44d, 0xd44d,
0xd44d, 0xd44d, 0xd44d, 0xd44d, 0xd44d, 0xd44d, 0xd44d, 0xd44d, 0xd44d, 0xd44d,
0xd44d, 0xd44d, 0xd44d, 0xd44d, 0xd44d, 0xd44d, 0xd44d, 0xd44d, 0xd44d, 0xd44d,
0xd44d, 0xd44d, 0xd44d, 0xd44d, 0xd44d, 0xd44d, 0xd44d, 0xd44d, 0xd44d, 0xd44d,
0xd44d, 0xd44d, 0xd44d, 0xd44d, 0xd44d, 0xd44d, 0xd44d, 0xd44d, 0xd44d, 0xd44d,
0xd44d, 0xd44d, 0xd44d, 0xd44d, 0xd44d, 0xd44d, 0xd44d, 0xd44d, 0xd44d, 0xd44d,
0xd44d, 0xd44d, 0xd44d, 0xd44d, 0xd44d, 0xd44d, 0xd44d, 0xd44d, 0xd44d, 0xd44d,
0xd44d, 0xd44d, 0xd44d, 0xd44d, 0xd44d, 0xd44d, 0xd44d, 0xd44d, 0xd44d, 0xd44d,
0xd44d, 0xd44d, 0xbb4b, 0x924b, 0x924b, 0xd44d, 0xfef4, 0xfef4, 0xfef4, 0xfef4,
0xfef4, 0xfef4, 0xfef4, 0xfef4, 0xfef4, 0xfef4, 0xfef4, 0xfef4, 0xfef4, 0xd44d,

0xd44d, 0xfef4, 0xfef4, 0xfef4, 0xfef4, 0xfef4, 0xfef4, 0xfef4, 0xfef4, 0xfef4,
0xfef4, 0xfef4, 0xfef4, 0xfef4, 0xd44d, 0x924b, 0x924b, 0x924b, 0xbb4b, 0xbb4b,
0xbb4b, 0xd44d, 0xbb4b, 0xbb4b, 0xd44d, 0xd44d, 0xd44d, 0xd44d, 0xd44d, 0xd44d,
0xd44d, 0xd44d, 0xd44d, 0xd44d, 0xd44d, 0xd44d, 0xd44d, 0xd44d, 0xd44d, 0xd44d,
0xd44d, 0xd44d, 0xd44d, 0xedf0, 0xedf0, 0xd44d, 0xd44d, 0xd44d, 0xd44d, 0xd44d,
0xd44d, 0xd44d, 0xd44d, 0xd44d, 0xd44d, 0xd44d, 0xd44d, 0xd44d, 0xd44d, 0xedf0,
0xedf0, 0xd44d, 0xd44d, 0xd44d, 0xd44d, 0xd44d, 0xd44d, 0xd44d, 0xd44d, 0xd44d,
0xd44d, 0xd44d, 0xd44d, 0xd44d, 0xd44d, 0xd44d, 0xd44d, 0xd44d, 0xd44d, 0xd44d,
0xd44d, 0xd44d, 0xd44d, 0xd44d, 0xd44d, 0xd44d, 0xd44d, 0xd44d, 0xd44d, 0xd44d,
0xd44d, 0xd44d, 0xd44d, 0xd44d, 0xd44d, 0xd44d, 0xd44d, 0xd44d, 0xd44d, 0xd44d,
0xd44d, 0xd44d, 0xd44d, 0xd44d, 0xd44d, 0xd44d, 0xd44d, 0xd44d, 0xd44d, 0xd44d,
0xd44d, 0xd44d, 0xedf0, 0xfef4, 0xfef4, 0xfef4, 0xfef4, 0xfef4, 0xfef4, 0xfef4,
0xfef4, 0xfef4, 0xfef4, 0xfef4, 0xfef4, 0xfef4, 0xfef4, 0xedf0, 0xd44d, 0xd44d,
0xd44d, 0xd44d, 0xd44d, 0xd44d, 0xd44d, 0xd44d, 0xd44d, 0xd44d, 0xd44d, 0xd44d,
0xd44d, 0xd44d, 0xd44d, 0xd44d, 0xd44d, 0xd44d, 0xd44d, 0xd44d, 0xd44d, 0xd44d,
0xd44d, 0xd44d, 0xd44d, 0xd44d, 0xd44d, 0xedf0, 0xedf0, 0xd44d, 0xd44d, 0xd44d,
0xd44d, 0xd44d, 0xd44d, 0xd44d, 0xd44d, 0xd44d, 0xd44d, 0xd44d, 0xd44d, 0xd44d,
0xd44d, 0xedf0, 0xedf0, 0xd44d, 0xd44d, 0xd44d, 0xd44d, 0xd44d, 0xd44d, 0xd44d,
0xd44d, 0xd44d, 0xd44d, 0xd44d, 0xd44d, 0xd44d, 0xd44d, 0xd44d, 0xd44d, 0xd44d,
0xd44d, 0xd44d, 0xd44d, 0xd44d, 0xd44d, 0xd44d, 0xd44d, 0xd44d, 0xd44d, 0xd44d,
0xd44d, 0xd44d, 0xd44d, 0xd44d, 0xd44d, 0xd44d, 0xd44d, 0xd44d, 0xd44d, 0xd44d,
0xd44d, 0xd44d, 0xd44d, 0xd44d, 0xd44d, 0xd44d, 0xbb4b, 0xbb4b, 0xd44d, 0xbb4b,
0xbb4b, 0xbb4b, 0x924b, 0x924b, 0x924b, 0xd44d, 0xfef4, 0xfef4, 0xfef4, 0xfef4,
0xfef4, 0xfef4, 0xfef4, 0xfef4, 0xfef4, 0xfef4, 0xfef4, 0xfef4, 0xfef4, 0xd44d,

0xd44d, 0xedf0, 0xfef4, 0xfef4, 0xfef4, 0xfef4, 0xfef4, 0xfef4, 0xfef4, 0xfef4,
0xfef4, 0xfef4, 0xfef4, 0xedf0, 0xd44d, 0x924b, 0xedf0, 0xfef4, 0xfef4, 0xfef4,
0xfef4, 0xfef4, 0xfef4, 0xfef4, 0xfef4, 0xfef4, 0xfef4, 0xfef4, 0xfef4, 0xfef4,
0xfef4, 0xfef4, 0xfef4, 0xfef4, 0xfef4, 0xfef4, 0xfef4, 0xfef4, 0xfef4, 0xfef4,
0xfef4, 0xfef4, 0xfef4, 0xedf0, 0xfef4, 0xfef4, 0xfef4, 0xfef4, 0xfef4, 0xfef4,
0xfef4, 0xfef4, 0xfef4, 0xfef4, 0xfef4, 0xfef4, 0xfef4, 0xfef4, 0xfef4, 0xedf0,
0xfef4, 0xfef4, 0xfef4, 0xfef4, 0xfef4, 0xfef4, 0xfef4, 0xfef4, 0xfef4, 0xfef4,
0xfef4, 0xfef4, 0xfef4, 0xfef4, 0xfef4, 0xfef4, 0xedf0, 0xfef4, 0xfef4, 0xfef4,
0xfef4, 0xfef4, 0xfef4, 0xfef4, 0xfef4, 0xfef4, 0xfef4, 0xfef4, 0xfef4, 0xfef4,
0xfef4, 0xfef4, 0xedf0, 0xfef4, 0xfef4, 0xfef4, 0xfef4, 0xfef4, 0xfef4, 0xfef4,
0xfef4, 0xfef4, 0xfef4, 0xfef4, 0xfef4, 0xfef4, 0xfef4, 0xfef4, 0xfef4, 0xfef4,
0xfef4, 0xfef4, 0xedf0, 0xfef4, 0xfef4, 0xfef4, 0xfef4, 0xfef4, 0xfef4, 0xfef4,
0xfef4, 0xfef4, 0xfef4, 0xfef4, 0xfef4, 0xfef4, 0xfef4, 0xedf0, 0xfef4, 0xfef4,
0xfef4, 0xfef4, 0xfef4, 0xfef4, 0xfef4, 0xfef4, 0xfef4, 0xfef4, 0xfef4, 0xfef4,
0xedf0, 0xfef4, 0xfef4, 0xfef4, 0xfef4, 0xfef4, 0xfef4, 0xfef4, 0xfef4, 0xfef4,
0xfef4, 0xfef4, 0xfef4, 0xfef4, 0xfef4, 0xedf0, 0xfef4, 0xfef4, 0xfef4, 0xfef4,
0xfef4, 0xfef4, 0xfef4, 0xfef4, 0xfef4, 0xfef4, 0xfef4, 0xfef4, 0xfef4, 0xfef4,
0xfef4, 0xedf0, 0xfef4, 0xfef4, 0xfef4, 0xfef4, 0xfef4, 0xfef4, 0xfef4, 0xfef4,
0xfef4, 0xfef4, 0xfef4, 0xfef4, 0xfef4, 0xfef4, 0xfef4, 0xfef4, 0xedf0, 0xfef4,
0xfef4, 0xfef4, 0xfef4, 0xfef4, 0xfef4, 0xfef4, 0xfef4, 0xfef4, 0xfef4, 0xfef4,
0xfef4, 0xfef4, 0xfef4, 0xfef4, 0xedf0, 0xfef4, 0xfef4, 0xfef4, 0xfef4, 0xfef4,
0xfef4, 0xfef4, 0xfef4, 0xfef4, 0xfef4, 0xfef4, 0xfef4, 0xfef4, 0xfef4, 0xfef4,
0xfef4, 0xfef4, 0xfef4, 0xedf0, 0x924b, 0xd44d, 0xedf0, 0xfef4, 0xfef4, 0xfef4,
0xfef4, 0xfef4, 0xfef4, 0xfef4, 0xfef4, 0xfef4, 0xfef4, 0xfef4, 0xedf0, 0xd44d,

0xd44d, 0xd44d, 0xd44d, 0xd44d, 0xd44d, 0xd44d, 0xd44d, 0xd44d, 0xd44d, 0xd44d,
0xd44d, 0xd44d, 0xd44d, 0xd44d, 0xd44d, 0x924b, 0xedf0, 0xfef4, 0xfef4, 0xfef4,
0xfef4, 0xfef4, 0xfef4, 0xfef4, 0xfef4, 0xfef4, 0xfef4, 0xfef4, 0xfef4, 0xfef4,
0xfef4, 0xfef4, 0xfef4, 0xfef4, 0xfef4, 0xfef4, 0xfef4, 0xfef4, 0xfef4, 0xfef4,
0xfef4, 0xfef4, 0xfef4, 0xfef4, 0xfef4, 0xfef4, 0xfef4, 0xfef4, 0xfef4, 0xfef4,
0xfef4, 0xfef4, 0xfef4, 0xfef4, 0xfef4, 0xfef4, 0xfef4, 0xfef4, 0xfef4, 0xfef4,
0xfef4, 0xfef4, 0xfef4, 0xfef4, 0xfef4, 0xfef4, 0xfef4, 0xfef4, 0xfef4, 0xfef4,
0xfef4, 0xfef4, 0xfef4, 0xfef4, 0xfef4, 0xfef4, 0xfef4, 0xfef4, 0xfef4, 0xfef4,
0xfef4, 0xfef4, 0xfef4, 0xfef4, 0xfef4, 0xfef4, 0xfef4, 0xfef4, 0xfef4, 0xfef4,
0xfef4, 0xfef4, 0xfef4, 0xfef4, 0xfef4, 0xfef4, 0xfef4, 0xfef4, 0xfef4, 0xfef4,
0xfef4, 0xfef4, 0xfef4, 0xfef4, 0xfef4, 0xfef4, 0xfef4, 0xfef4, 0xfef4, 0xfef4,
0xfef4, 0xfef4, 0xedf0, 0xfef4, 0xfef4, 0xfef4, 0xfef4, 0xfef4, 0xfef4, 0xfef4,
0xfef4, 0xfef4, 0xfef4, 0xfef4, 0xfef4, 0xfef4, 0xfef4, 0xedf0, 0xfef4, 0xfef4,
0xfef4, 0xfef4, 0xfef4, 0xfef4, 0xfef4, 0xfef4, 0xfef4, 0xfef4, 0xfef4, 0xfef4,
0xfef4, 0xfef4, 0xfef4, 0xfef4, 0xfef4, 0xfef4, 0xfef4, 0xfef4, 0xfef4, 0xfef4,
0xfef4, 0xfef4, 0xfef4, 0xfef4, 0xfef4, 0xfef4, 0xfef4, 0xfef4, 0xfef4, 0xfef4,
0xfef4, 0xfef4, 0xfef4, 0xfef4, 0xfef4, 0xfef4, 0xfef4, 0xfef4, 0xfef4, 0xfef4,
0xfef4, 0xfef4, 0xfef4, 0xfef4, 0xfef4, 0xfef4, 0xfef4, 0xfef4, 0xfef4, 0xfef4,
0xfef4, 0xfef4, 0xfef4, 0xfef4, 0xfef4, 0xfef4, 0xfef4, 0xfef4, 0xfef4, 0xfef4,
0xfef4, 0xfef4, 0xfef4, 0xfef4, 0xfef4, 0xfef4, 0xfef4, 0xfef4, 0xfef4, 0xfef4,
0xfef4, 0xfef4, 0xfef4, 0xfef4, 0xfef4, 0xfef4, 0xfef4, 0xfef4, 0xfef4, 0xfef4,
0xfef4, 0xfef4, 0xfef4, 0xfef4, 0xfef4, 0xfef4, 0xfef4, 0xfef4, 0xfef4, 0xfef4,
0xfef4, 0xfef4, 0xfef4, 0xedf0, 0x924b, 0xd44d, 0xd44d, 0xd44d, 0xd44d, 0xd44d,
0xd44d, 0xd44d, 0xd44d, 0xd44d, 0xd44d, 0xd44d, 0xd44d, 0xd44d, 0xd44d, 0xd44d,


};

const struct bitmap bm_minishcap_room_links_house_smith = { 
    .width = BMPWIDTH_minishcap_room_links_house_smith, 
    .height = BMPHEIGHT_minishcap_room_links_house_smith, 
    .format = FORMAT_NATIVE, 
    .data = (unsigned char*)minishcap_room_links_house_smith,
};
