#include "lcd.h"
#include "/home/david/Documents/RockBox_Personal-master/build-sim-nano2g/pluginbitmaps/sliding_puzzle.h"
const unsigned short sliding_puzzle[] = {
0xbca1, 0x6a80, 0xf5c0, 0xfe00, 0x7ae0, 0x3960, 0x4180, 0xac00, 0xfe00, 0xd500,
0x1060, 0x0000, 0x0000, 0x0000, 0x0000, 0x5200, 0x9380, 0x8b40, 0x7b00, 0x5a20,
0x0840, 0x0000, 0x0000, 0x0000, 0x0000, 0x0000, 0x8b40, 0xfe00, 0xfde0, 0xfde0,
0xfe00, 0xed80, 0x9380, 0x5200, 0x4180, 0x49c0, 0x7ae0, 0x9bc0, 0x9ba0, 0xbc60,
0xeda0, 0xc4a0, 0x7ae0, 0x5200, 0x6aa0, 0xb461, 0xedc1, 0xfe21, 0xfe21, 0xfe01,
0xf601, 0xf601, 0xf601, 0xf601, 0xf601, 0xfe21, 0xcce1, 0x5a20, 0xf5c0, 0xc4a0,
0x72c0, 0x3940, 0x41a0, 0x8b60, 0xd521, 0xfe21, 0xfe21, 0xfe01, 0xf601, 0xf601,
0xf601, 0xf601, 0xf5e1, 0xf5e1, 0xbc80, 0xfde0, 0xfde0, 0xfde0, 0xfde0, 0xfdc0,
0xd500, 0x1880, 0x6260, 0x49a0, 0x0840, 0xa3e0, 0xb420, 0xf5c0, 0x3960, 0x0000,
0x0000, 0x0000, 0x1060, 0xb440, 0xb420, 0x0000, 0x0000, 0x0000, 0x0000, 0xac00,
0xc4a0, 0x49c0, 0xb460, 0x4180, 0x0000, 0x0000, 0x0000, 0x4180, 0xfe00, 0xfe00,
0x4180, 0x0000, 0x0000, 0x0000, 0x0840, 0xa400, 0xbc60, 0x8b40, 0xfe20, 0x7ae0,
0x0000, 0x20e0, 0x93a0, 0x0000, 0x0000, 0x0000, 0x7b00, 0xeda0, 0x8b60, 0x6aa0,
0x0000, 0x0000, 
0x8b60, 0x7b00, 0xfe00, 0xfe00, 0xa3e0, 0x3120, 0x6a80, 0x2900, 0xbc80, 0xbc60,
0x0820, 0x0000, 0x0000, 0x0000, 0x0000, 0x9ba0, 0xf5c0, 0xdd20, 0xac20, 0x9360,
0x8b60, 0x1060, 0x0000, 0x0000, 0x0000, 0x0000, 0x2900, 0xe560, 0xfde0, 0xfe00,
0xd4e0, 0x41a0, 0x0000, 0x0000, 0x0000, 0x0000, 0x0000, 0x0020, 0x49c0, 0x8b80,
0xa3e0, 0xf5c0, 0xfe20, 0xed80, 0xac00, 0x6a80, 0x5200, 0x72c0, 0xc4c1, 0xf5e1,
0xfe21, 0xfe21, 0xf601, 0xf601, 0xf601, 0xfe41, 0x8320, 0x9bc0, 0xfe20, 0xfe20,
0xfe20, 0xf5c0, 0xb420, 0x5a20, 0x2900, 0x49e0, 0x9bc1, 0xe581, 0xfe41, 0xfe21,
0xfe01, 0xf601, 0xf601, 0xfe01, 0xccc0, 0xe560, 0xfde0, 0xfde0, 0xf5c0, 0xbc60,
0x9ba0, 0x3120, 0x49e0, 0x6240, 0x1080, 0x9bc0, 0xc4a0, 0xfe20, 0xd500, 0x18a0,
0x0000, 0x0000, 0x0000, 0x5a20, 0xe580, 0x1060, 0x0000, 0x0000, 0x0000, 0x20e0,
0x6a60, 0x5a40, 0x2900, 0x0000, 0x0000, 0x0000, 0x0000, 0x8b60, 0xfe40, 0xfe40,
0x8b60, 0x0000, 0x0000, 0x0000, 0x0000, 0x0020, 0x5200, 0x49e0, 0x4180, 0x0000,
0x0000, 0x20e0, 0x93a0, 0x0000, 0x0000, 0x0000, 0x7ae0, 0xfe60, 0x9360, 0xac00,
0x0820, 0x0000, 
0x6260, 0x9ba0, 0xfe00, 0xfde0, 0xed80, 0x49c0, 0x6a80, 0x3120, 0x6240, 0x8b40,
0x0000, 0x0000, 0x0000, 0x0000, 0x0840, 0xac00, 0xfe00, 0xfe00, 0xfe20, 0xac20,
0x8b40, 0x6a80, 0x0000, 0x0000, 0x0000, 0x0000, 0x0020, 0xb440, 0xfe20, 0xdd40,
0x4180, 0x0000, 0x0000, 0x0000, 0x0000, 0x0000, 0x0000, 0x0000, 0x0000, 0x1060,
0x72e0, 0x9bc0, 0xed80, 0xfe00, 0xfe00, 0xfe00, 0xe540, 0xa3c0, 0x6a60, 0x5200,
0x7b00, 0xc4c1, 0xf601, 0xfe21, 0xfe21, 0xedc1, 0x5200, 0xe560, 0xfe00, 0xfe00,
0xfde0, 0xd500, 0x9ba0, 0xfe20, 0xed80, 0x9bc0, 0x49c0, 0x2920, 0x5a40, 0xb441,
0xedc1, 0xfe21, 0xfe21, 0xfe21, 0xd520, 0xdd00, 0xfe00, 0xfde0, 0xfde0, 0xfde0,
0xd500, 0x72c0, 0xac20, 0x51e0, 0x3960, 0xa400, 0xccc0, 0xfe00, 0xf5a0, 0x20e0,
0x0000, 0x0000, 0x0000, 0x28e0, 0xdd40, 0x72c0, 0x0000, 0x0000, 0x0000, 0x0000,
0x0000, 0x0000, 0x0000, 0x0000, 0x0000, 0x0000, 0x1060, 0xdd40, 0xfe00, 0xfe00,
0xdd20, 0x0840, 0x0000, 0x0000, 0x0000, 0x0000, 0x0000, 0x0000, 0x0000, 0x0000,
0x0000, 0x20e0, 0x93a0, 0x0000, 0x0000, 0x0000, 0x7ae0, 0xfe60, 0xbc80, 0xa3e0,
0x3980, 0x0000, 
0x49c0, 0xbc60, 0xfe00, 0xfde0, 0xfe00, 0xa3e0, 0x20c0, 0x1060, 0x51e0, 0x51e0,
0x0000, 0x0000, 0x0000, 0x0000, 0x1060, 0xc480, 0xfe00, 0xfde0, 0xfe00, 0xdd20,
0x72c0, 0x9380, 0x0000, 0x0000, 0x0000, 0x0000, 0x0000, 0x9380, 0xfe00, 0x72c0,
0x0000, 0x0000, 0x0000, 0x0000, 0x0000, 0x0000, 0x0000, 0x0000, 0x0000, 0x0000,
0x0840, 0x8320, 0xa3e0, 0xf5c0, 0xfde0, 0xfde0, 0xfe00, 0xfe20, 0xfe00, 0xd500,
0x9ba0, 0x6a80, 0x6260, 0x8320, 0xbca1, 0xac01, 0x72a0, 0xfe40, 0xfe00, 0xfe00,
0xfe00, 0x9380, 0x49c0, 0xa3e0, 0xd500, 0xfe00, 0xfe40, 0xdd20, 0x8320, 0x3960,
0x3120, 0x72c0, 0xc4c1, 0xf601, 0xd500, 0xfde0, 0xfde0, 0xfde0, 0xfde0, 0xfe00,
0xdd40, 0x72c0, 0x6240, 0x8b60, 0x0840, 0x9bc0, 0xac20, 0xfe00, 0xfde0, 0x7ae0,
0x0000, 0x0000, 0x0000, 0x0000, 0x8320, 0xdd20, 0x0000, 0x0000, 0x0000, 0x0000,
0x0000, 0x0000, 0x0000, 0x0000, 0x0000, 0x0000, 0x6aa0, 0xfe20, 0xfde0, 0xfe00,
0xfe20, 0x6a80, 0x0000, 0x0000, 0x0000, 0x0000, 0x0000, 0x0000, 0x0000, 0x0000,
0x0000, 0x20e0, 0x93a0, 0x0000, 0x0000, 0x0000, 0x7ae0, 0xfe40, 0xf5a0, 0x8b40,
0x8b60, 0x0000, 
0x3140, 0xd500, 0xfe00, 0xfde0, 0xfe00, 0xdd20, 0x18a0, 0x1080, 0x6aa0, 0x3140,
0x0000, 0x0000, 0x0000, 0x0000, 0x20c0, 0xd500, 0xfe00, 0xfde0, 0xfe00, 0xcce0,
0x72a0, 0x9380, 0x0000, 0x0000, 0x0000, 0x0000, 0x0000, 0x8b40, 0xcce0, 0x1080,
0x0000, 0x0000, 0x0000, 0x0000, 0x0000, 0x0000, 0x0020, 0x0000, 0x0000, 0x0000,
0x0000, 0x18c0, 0x9bc0, 0xb440, 0xfe00, 0xfde0, 0xfde0, 0xc480, 0x9bc0, 0xa3c0,
0xb420, 0xbc60, 0xcce0, 0xac20, 0x72a0, 0x49c0, 0x6240, 0xa3e0, 0xdd20, 0xfde0,
0xfe40, 0xa3e0, 0xb440, 0xa3e0, 0x9ba0, 0x8b60, 0xac00, 0xe540, 0xfe20, 0xfde0,
0xc4a0, 0x72a0, 0x3120, 0x3960, 0xa3c0, 0xf5c0, 0xfde0, 0xfde0, 0xfde0, 0xfde0,
0xfe20, 0x72a0, 0x20e0, 0x72a0, 0x3980, 0x7b00, 0x9380, 0xf5c0, 0xfe00, 0xe560,
0x1080, 0x0000, 0x0000, 0x0000, 0x49c0, 0xf5a0, 0x7ae0, 0x0840, 0x0000, 0x0000,
0x0000, 0x0000, 0x0000, 0x0000, 0x0000, 0x2920, 0xed80, 0xfe00, 0xfde0, 0xfe00,
0xfe00, 0xe560, 0x20c0, 0x0000, 0x0000, 0x0000, 0x0000, 0x0000, 0x0000, 0x0000,
0x0000, 0x2920, 0x9bc0, 0x0000, 0x0000, 0x0000, 0x7ae0, 0xfe40, 0xfe20, 0x9ba0,
0xb460, 0x1060, 
0x5a40, 0xed80, 0xfde0, 0xfde0, 0xfde0, 0x8320, 0x0000, 0x2900, 0x8b40, 0x2900,
0x0000, 0x0000, 0x0000, 0x0000, 0x3960, 0xe560, 0xe560, 0xed80, 0xeda0, 0x8b40,
0x8b60, 0x7ae0, 0x0000, 0x0000, 0x0000, 0x0000, 0x0000, 0x93a0, 0x72c0, 0x0000,
0x0000, 0x0000, 0x0000, 0x0000, 0x2900, 0xa3c0, 0xac00, 0x7b00, 0x18a0, 0x0000,
0x0000, 0x0000, 0x5a40, 0x9bc0, 0xed80, 0xfde0, 0xa3c0, 0x93a0, 0x7b00, 0x41a0,
0x3980, 0x5200, 0x8320, 0xd4e0, 0xf5c0, 0xe540, 0xc480, 0x8b40, 0x6260, 0x5a40,
0x8320, 0x8300, 0x8b40, 0x18a0, 0x49c0, 0x8b40, 0xa3c0, 0x9360, 0x9360, 0xed80,
0xfe20, 0xfe20, 0xf5a0, 0xac20, 0xc480, 0xdd00, 0xfe40, 0xfe00, 0xfde0, 0xfde0,
0xf5a0, 0xbc60, 0xccc0, 0xb440, 0xb440, 0x7ae0, 0x8340, 0xfde0, 0xfde0, 0xf5a0,
0x4180, 0x1880, 0x2900, 0x49c0, 0x18a0, 0x6240, 0xe560, 0x49c0, 0x0000, 0x0000,
0x0000, 0x0000, 0x0000, 0x0000, 0x0840, 0xb440, 0xfe20, 0xfde0, 0xfde0, 0xfe00,
0xfe20, 0xfe60, 0xccc0, 0x18c0, 0x0000, 0x0000, 0x0000, 0x0000, 0x0000, 0x0000,
0x28e0, 0xcd00, 0xac00, 0x0000, 0x0000, 0x0000, 0x72c0, 0xfe40, 0xedc0, 0xac20,
0x9380, 0x41a0, 
0x9380, 0xf5c0, 0xfde0, 0xfe00, 0xccc0, 0x20c0, 0x3140, 0x20c0, 0x8300, 0x18c0,
0x0000, 0x0000, 0x0000, 0x0000, 0x3140, 0xa3e0, 0x6260, 0x8b60, 0x8b60, 0x9360,
0xa3c0, 0x28e0, 0x0000, 0x0000, 0x0000, 0x0000, 0x0840, 0x9ba0, 0x3140, 0x0000,
0x0000, 0x0000, 0x0000, 0x20c0, 0xccc0, 0xfe40, 0x9ba0, 0x8320, 0xa3e0, 0x1880,
0x0000, 0x0000, 0x1080, 0x9bc0, 0xc480, 0xb440, 0x9ba0, 0x5200, 0x0000, 0x0000,
0x0000, 0x0000, 0x1880, 0x72c0, 0x8320, 0xa3e0, 0xbc80, 0xd500, 0xc4a0, 0xdd20,
0xb420, 0x8b20, 0x6240, 0x4180, 0x3120, 0x2900, 0x3960, 0x6aa0, 0xa3e0, 0xe540,
0xfe20, 0xfe20, 0xfe20, 0xfe40, 0xb440, 0x8b40, 0x8b40, 0x6a80, 0x72c0, 0xc4a0,
0xfe00, 0xc480, 0x7ae0, 0x51e0, 0x0020, 0x93a0, 0x9b80, 0xf5a0, 0xfdc0, 0xfde0,
0xed80, 0xed80, 0xbc80, 0x6240, 0x1060, 0x5200, 0xd520, 0xcce0, 0xa3e0, 0x5a40,
0x0000, 0x0000, 0x0840, 0x49c0, 0xc480, 0xfe00, 0xfde0, 0xfde0, 0xfe00, 0xe560,
0xb420, 0xb440, 0xbc80, 0x8b40, 0x1080, 0x0000, 0x0000, 0x0000, 0x18a0, 0x72a0,
0xe580, 0xfe40, 0xccc0, 0x5a40, 0x6240, 0x5a40, 0xac20, 0xfe40, 0xb440, 0x8300,
0x41a0, 0x6aa0, 
0xccc0, 0xfde0, 0xfde0, 0xfde0, 0x6a80, 0x2900, 0x7b00, 0x3120, 0x3980, 0x0820,
0x0000, 0x0000, 0x0000, 0x0000, 0x0000, 0x0820, 0x1880, 0x49c0, 0x5a20, 0x5200,
0x1880, 0x0000, 0x0000, 0x0000, 0x0000, 0x0000, 0x3120, 0x9bc0, 0x1060, 0x0000,
0x0000, 0x0000, 0x0000, 0x8300, 0xfe00, 0xfe00, 0x8b60, 0xbc80, 0x9ba0, 0x72c0,
0x0000, 0x0000, 0x0000, 0x7b00, 0x7ae0, 0x9380, 0x6aa0, 0x0000, 0x0000, 0x0000,
0x0000, 0x0000, 0x0000, 0x0840, 0x9bc0, 0x72a0, 0x49e0, 0x8300, 0x8300, 0xeda0,
0xf5c0, 0xd4e0, 0xe560, 0xd500, 0xa3e0, 0x9ba0, 0x72a0, 0x5200, 0x49c0, 0x5200,
0x9360, 0xb420, 0xd4e0, 0xe560, 0x4180, 0x2900, 0x6a80, 0xb440, 0xed80, 0xfe20,
0xfe40, 0x9360, 0x5a20, 0x6aa0, 0x6a60, 0x6240, 0x49c0, 0x7ae0, 0xdd20, 0xfe00,
0xfe00, 0xac00, 0x7ae0, 0x8320, 0x9bc0, 0xac20, 0xf5c0, 0xfe20, 0xfe60, 0xdd40,
0x8320, 0xa3e0, 0xdd20, 0xfe20, 0xfe40, 0xfe20, 0xfe00, 0xfe00, 0xfe20, 0xf5c0,
0xc4a0, 0xccc0, 0xccc0, 0xcce0, 0xcce0, 0xccc0, 0xccc0, 0xd4e0, 0xf5c0, 0xfe60,
0xfe40, 0xfe20, 0xfe40, 0xfe60, 0xfe60, 0xfe60, 0xfe40, 0xfe20, 0xfe40, 0xfe80,
0xbc80, 0xeda0, 
0xed60, 0xfde0, 0xfe00, 0xd520, 0x20c0, 0x6240, 0xb440, 0x7ac0, 0x1080, 0x18a0,
0x0000, 0x0000, 0x0000, 0x0000, 0x0000, 0x0000, 0x0000, 0x0000, 0x0000, 0x0000,
0x0000, 0x0000, 0x0000, 0x0000, 0x0000, 0x0000, 0x8b40, 0x8b40, 0x0000, 0x0000,
0x0000, 0x0000, 0x18a0, 0xd4e0, 0xfe00, 0xfde0, 0x8320, 0xed80, 0xac00, 0x9bc0,
0x1060, 0x0000, 0x0000, 0x5200, 0x9ba0, 0x9ba0, 0x1060, 0x0000, 0x0000, 0x0000,
0x0000, 0x0000, 0x0000, 0x0000, 0x51e0, 0x3120, 0x0000, 0x3140, 0xb440, 0xfe20,
0xe540, 0x72c0, 0x9380, 0x7b00, 0xa3c0, 0xfe20, 0xfe00, 0xfdc0, 0xe540, 0xccc0,
0xa3c0, 0x8b40, 0x72a0, 0x6260, 0xac00, 0xd500, 0xfe60, 0xfde0, 0xdd20, 0xac20,
0xa403, 0x83c8, 0x2900, 0x0820, 0x1880, 0x5200, 0x9ba0, 0xf5c0, 0xfdc0, 0xdd00,
0xac00, 0x7ae0, 0x41a0, 0x3120, 0x6a80, 0xdd40, 0xf5a0, 0xcce0, 0x9ba0, 0x72a0,
0x6a80, 0xbc60, 0xed80, 0xc480, 0x9bc0, 0x8b60, 0xac00, 0xbc60, 0xac20, 0xb420,
0xb440, 0xb440, 0xb440, 0xb440, 0xb440, 0xb440, 0xb440, 0xb440, 0xb440, 0xb420,
0xac20, 0xac20, 0xac20, 0xb420, 0xb420, 0xac20, 0xac20, 0xac20, 0xac20, 0xb420,
0xb440, 0xac20, 
0xfdc0, 0xfde0, 0xfe20, 0x9bc0, 0x1060, 0x6aa0, 0x6260, 0x3140, 0x6a80, 0xac00,
0x9ba0, 0x3960, 0x0000, 0x0000, 0x0000, 0x0000, 0x0000, 0x0000, 0x0000, 0x0000,
0x0000, 0x0000, 0x0000, 0x0000, 0x0000, 0x5a20, 0xed80, 0x5a20, 0x0000, 0x0000,
0x0000, 0x0000, 0x41a0, 0xf5c0, 0xfde0, 0xf5a0, 0x8300, 0xf5a0, 0xc4a0, 0x9bc0,
0x3140, 0x0000, 0x0000, 0x3140, 0xfde0, 0x6260, 0x0000, 0x0000, 0x0000, 0x3140,
0x8b40, 0x72a0, 0x0820, 0x0000, 0x5a20, 0x20e0, 0x0000, 0x49c0, 0xccc0, 0xfe20,
0x72a0, 0x0000, 0x0840, 0x8b40, 0xfde0, 0xfde0, 0xfde0, 0xfde0, 0xfde0, 0xfe00,
0xfe00, 0xfe20, 0xfe00, 0xfde0, 0xbc60, 0x72a0, 0x49c0, 0x2900, 0x0020, 0x1083,
0x6b8f, 0x5aea, 0x49e1, 0x9bc0, 0xd4e0, 0xd500, 0xa403, 0x5a40, 0x2900, 0x3185,
0x7bf0, 0x0862, 0x0840, 0x51e0, 0x8341, 0x7304, 0x3141, 0x0000, 0x0000, 0x0000,
0x0820, 0x20c0, 0x1080, 0x0000, 0x0000, 0x0000, 0x0000, 0x0000, 0x0000, 0x0000,
0x0000, 0x0000, 0x0000, 0x0000, 0x0000, 0x0000, 0x0000, 0x0000, 0x0000, 0x0000,
0x0000, 0x0000, 0x0000, 0x0000, 0x0000, 0x0000, 0x0000, 0x0000, 0x0000, 0x0000,
0x0000, 0x0000, 
0xfde0, 0xfde0, 0xfe00, 0x7ae0, 0x0020, 0x6a80, 0x8300, 0x8b40, 0xb420, 0x5a20,
0x5a20, 0xd500, 0x3140, 0x0000, 0x0000, 0x0000, 0x0000, 0x0000, 0x0000, 0x0000,
0x0000, 0x0000, 0x0000, 0x18a0, 0x8b20, 0xeda0, 0xeda0, 0x3960, 0x0000, 0x0000,
0x0000, 0x0000, 0x7ae0, 0xfe00, 0xfe00, 0xe560, 0x8320, 0xfde0, 0xd500, 0x9ba0,
0x41a0, 0x0000, 0x0000, 0x20e0, 0xcce0, 0x18a0, 0x0000, 0x0000, 0x2900, 0xbc60,
0xac20, 0xf5e0, 0x9ba0, 0x0000, 0x6280, 0x1060, 0x0000, 0x5a20, 0xdd20, 0xd4e0,
0x0840, 0x0000, 0x3120, 0xf5a0, 0xfe00, 0xfde0, 0xfde0, 0xfde0, 0xfde0, 0xfde0,
0xfde0, 0xfde0, 0xfde0, 0xfe00, 0x3960, 0x0000, 0x0000, 0x0000, 0x0020, 0x2900,
0x72e1, 0x9bc0, 0x9bc1, 0x5200, 0x41c3, 0x52aa, 0x52ab, 0x0842, 0x0000, 0x0020,
0x10a2, 0x2124, 0x0840, 0x0000, 0x5aec, 0x94b3, 0x4a6a, 0x0000, 0x0000, 0x0000,
0x0000, 0x0000, 0x0000, 0x4228, 0x3186, 0x0000, 0x0000, 0x39e7, 0x73cf, 0x18c3,
0x0000, 0x1082, 0x4a8a, 0x52aa, 0x0841, 0x0000, 0x4a49, 0x5acb, 0x0000, 0x0000,
0x52aa, 0x6b6d, 0x0000, 0x0000, 0x3186, 0xa514, 0x39e7, 0x0000, 0x0000, 0x0000,
0x0000, 0x0000, 
0xfde0, 0xfde0, 0xfe00, 0x8b60, 0x0000, 0x5a00, 0xd4e0, 0xb440, 0x8b40, 0x8300,
0x28e0, 0xe560, 0x72a0, 0x18a0, 0x41a0, 0x1880, 0x0820, 0x0000, 0x0000, 0x0000,
0x0000, 0x0000, 0x3940, 0xd500, 0xfe00, 0xfe00, 0xdd20, 0x20c0, 0x0000, 0x0000,
0x0000, 0x0000, 0xac00, 0xfe00, 0xed80, 0xccc0, 0x8b40, 0xfe20, 0xd500, 0x9ba0,
0x49c0, 0x0000, 0x0000, 0x28e0, 0x9bc0, 0x0000, 0x0000, 0x0000, 0x9ba0, 0xa3e0,
0xed80, 0xfe00, 0xfde0, 0x49a0, 0x6a80, 0x0820, 0x0000, 0x7ae0, 0xed80, 0x49c0,
0x0000, 0x0820, 0xbc60, 0xfe20, 0xfde0, 0xfde0, 0xfde0, 0xfde0, 0xfde0, 0xfde0,
0xfde0, 0xfde0, 0xfde0, 0xfe00, 0x4180, 0x0000, 0x0000, 0x1060, 0x20e0, 0x2900,
0x2922, 0x2965, 0x0862, 0x0000, 0x18e4, 0x7c10, 0x9492, 0x39e7, 0x0000, 0x0000,
0x4228, 0x39c7, 0x0000, 0x0000, 0x2945, 0xad75, 0x6b4d, 0x0000, 0x0000, 0x0000,
0x0000, 0x0000, 0x0841, 0xb5b6, 0x8431, 0x0000, 0x0000, 0x7bef, 0xa534, 0x4228,
0x0000, 0x1082, 0x94b2, 0xa514, 0x0841, 0x0000, 0x6b4d, 0x4208, 0x0000, 0x0000,
0x8c71, 0x5acb, 0x0000, 0x0000, 0x6b4d, 0xe75d, 0x5aec, 0x0000, 0x0000, 0x0000,
0x0000, 0x0000, 
0xfde0, 0xfde0, 0xfe00, 0xd500, 0x3960, 0x0840, 0x6a80, 0x9ba0, 0x72c0, 0xc4a0,
0xac00, 0xbc80, 0x28e0, 0x6240, 0xbc60, 0x8320, 0x72c0, 0x0000, 0x0000, 0x0000,
0x0000, 0x0000, 0x18a0, 0xd4e0, 0xfe00, 0xfe00, 0xc4c0, 0x0860, 0x0000, 0x0000,
0x0000, 0x0840, 0xc4a0, 0xfe00, 0xc4a0, 0x7ae0, 0x6aa0, 0xc4c0, 0xa3e0, 0x9380,
0x3960, 0x0000, 0x0000, 0x3120, 0x6240, 0x0000, 0x0000, 0x20e0, 0xb460, 0xbc60,
0xfe00, 0xfde0, 0xfe00, 0xd4e0, 0x72c0, 0x0000, 0x0840, 0x8b40, 0x9ba0, 0x0000,
0x0000, 0x51e0, 0xf5c0, 0xfde0, 0xfde0, 0xfde0, 0xfde0, 0xfde0, 0xfde0, 0xfde0,
0xfde0, 0xfde0, 0xfde0, 0xfe00, 0x4180, 0x0000, 0x0000, 0x0000, 0x0000, 0x0000,
0x0041, 0x0020, 0x2104, 0x0841, 0x0000, 0x3a08, 0x73ae, 0x2945, 0x0000, 0x0000,
0x0841, 0x4a69, 0x2104, 0x0000, 0x0841, 0x10c3, 0x0000, 0x0000, 0x0000, 0x0000,
0x0000, 0x0000, 0x0000, 0x4a69, 0x52ab, 0x0000, 0x0000, 0x1904, 0x4a8a, 0x0021,
0x0000, 0x0000, 0x2986, 0x39c7, 0x0000, 0x0000, 0x18c3, 0x0861, 0x0000, 0x0000,
0x18e3, 0x39e7, 0x0000, 0x0000, 0x0841, 0x39e7, 0x0021, 0x0000, 0x0000, 0x0000,
0x0000, 0x0000, 
0xfde0, 0xfde0, 0xfde0, 0xfdc0, 0xc4a0, 0x6aa0, 0x4180, 0x41a0, 0x7b00, 0xd500,
0x6a80, 0x1060, 0x0000, 0x9360, 0x9bc0, 0xa400, 0xc4c0, 0x1080, 0x0000, 0x0000,
0x0000, 0x0000, 0x0000, 0x7ae0, 0xfe00, 0xfe00, 0xb440, 0x0820, 0x0000, 0x0000,
0x0000, 0x1880, 0xd500, 0xfe00, 0xfe00, 0xb440, 0xb440, 0xdd60, 0x8320, 0x6aa0,
0x1060, 0x0000, 0x0000, 0x3120, 0x3960, 0x0000, 0x0000, 0x6260, 0xb420, 0xe560,
0xfe00, 0xfde0, 0xfde0, 0xfe20, 0x72e0, 0x0000, 0x18a0, 0x8b40, 0x20c0, 0x0000,
0x18e4, 0x7c0f, 0x7baa, 0xac21, 0xfe00, 0xfde0, 0xfde0, 0xfde0, 0xfde0, 0xfde0,
0xfde0, 0xfde0, 0xfde0, 0xfe00, 0x4180, 0x0000, 0x0000, 0x0000, 0x0000, 0x0000,
0x0000, 0x630c, 0x6b4d, 0x18c3, 0x10c3, 0x632d, 0x2965, 0x0000, 0x0000, 0x0000,
0x10a3, 0x4a6a, 0x0841, 0x0000, 0x0000, 0x0000, 0x0000, 0x0000, 0x0000, 0x0000,
0x0000, 0x0000, 0x0000, 0x0000, 0x0000, 0x0000, 0x0000, 0x0000, 0x0000, 0x0000,
0x0000, 0x0000, 0x0000, 0x0000, 0x0000, 0x0000, 0x0000, 0x0000, 0x0000, 0x0000,
0x0000, 0x0000, 0x0000, 0x0000, 0x0000, 0x0000, 0x0000, 0x0000, 0x0000, 0x0000,
0x0000, 0x0000, 
0xfde0, 0xfde0, 0xfde0, 0xfde0, 0xfde0, 0xe560, 0xccc0, 0x3960, 0x0020, 0xa400,
0x3960, 0x0000, 0x1880, 0xbc80, 0x8320, 0xccc0, 0xf5c0, 0x49a0, 0x0000, 0x0000,
0x0000, 0x0000, 0x0000, 0x3120, 0xe560, 0xfe20, 0xac00, 0x0020, 0x0000, 0x0000,
0x0000, 0x20c0, 0xdd40, 0xfe00, 0xfde0, 0xfde0, 0xfde0, 0xfe00, 0x9ba0, 0xa3e0,
0x0840, 0x0000, 0x0000, 0x3960, 0x18a0, 0x0000, 0x0000, 0x6aa0, 0x9ba0, 0xed80,
0xcce0, 0xfde0, 0xfde0, 0xfe00, 0x49c0, 0x0000, 0x3140, 0x3940, 0x0000, 0x0000,
0x6bb0, 0xae1a, 0x8d17, 0xa402, 0xfe00, 0xfde0, 0xfde0, 0xfde0, 0xfde0, 0xfde0,
0xfde0, 0xfde0, 0xfde0, 0xfde0, 0xd500, 0xcca0, 0xcca0, 0xcca0, 0xcca0, 0xcca0,
0xcca0, 0xe583, 0xccc0, 0xc4a0, 0xdd42, 0xedc4, 0xdd42, 0xcca0, 0xcca0, 0xcca0,
0xc4a0, 0xc480, 0xcca0, 0xcca0, 0xcca0, 0xcca0, 0xcca0, 0xcca0, 0xcca0, 0xcca0,
0xcca0, 0xcca0, 0xcca0, 0xcca0, 0xcca0, 0xcca0, 0xcca0, 0xcca0, 0xcca0, 0xcca0,
0xcca0, 0xcca0, 0xcca0, 0xcca0, 0xcca0, 0xcca0, 0xcca0, 0xcca0, 0xcca0, 0xcca0,
0xcca0, 0xcca0, 0xcca0, 0xcca0, 0xcca0, 0xcca0, 0xcca0, 0xcca0, 0xcca0, 0xccc0,
0xbc80, 0x4180, 
0xfde0, 0xfde0, 0xfde0, 0xfde0, 0xfde0, 0xfe00, 0xe560, 0x20e0, 0x0000, 0xa3e0,
0x5200, 0x0000, 0x3980, 0xccc0, 0x7ae0, 0xe560, 0xfe20, 0x8b60, 0x0000, 0x0000,
0x0000, 0x0000, 0x0000, 0x0020, 0xac00, 0xfe40, 0xac00, 0x0020, 0x0000, 0x0000,
0x0000, 0x20c0, 0xdd20, 0xfe00, 0xfde0, 0xfde0, 0xfe00, 0xe560, 0x8b60, 0x7ae0,
0x0000, 0x0000, 0x0000, 0x6a80, 0x1080, 0x0000, 0x0000, 0x8b40, 0x8320, 0xac00,
0x6a80, 0xc480, 0xfde0, 0xf5c0, 0x2900, 0x0000, 0x18c0, 0x0840, 0x0000, 0x3140,
0x9515, 0xadfa, 0x84b4, 0xccc0, 0xfe20, 0xfe00, 0xfde0, 0xfde0, 0xfde0, 0xfde0,
0xfde0, 0xfde0, 0xfde0, 0xfde0, 0xfe00, 0xfe00, 0xfe00, 0xfe00, 0xfe00, 0xfe00,
0xfe00, 0xfde0, 0xfe00, 0xfe00, 0xfe00, 0xfde0, 0xfe00, 0xfe00, 0xfe00, 0xfe00,
0xfe00, 0xfe00, 0xfe00, 0xfe00, 0xfe00, 0xfe00, 0xfe00, 0xfe00, 0xfe00, 0xfe00,
0xfe00, 0xfe00, 0xfe00, 0xfe00, 0xfe00, 0xfe00, 0xfe00, 0xfe00, 0xfe00, 0xfe00,
0xfe00, 0xfe00, 0xfe00, 0xfe00, 0xfe00, 0xfe00, 0xfe00, 0xfe00, 0xfe00, 0xfe00,
0xfe00, 0xfe00, 0xfe00, 0xfe00, 0xfe00, 0xfe00, 0xfe00, 0xfe00, 0xfe00, 0xfe20,
0xdd40, 0x51e0, 
0xfde0, 0xfde0, 0xfde0, 0xfde0, 0xfde0, 0xfe00, 0xbc80, 0x0020, 0x0000, 0x9bc0,
0x5200, 0x0000, 0x72c0, 0xb460, 0x8b40, 0xfde0, 0xfe00, 0xccc0, 0x1880, 0x0000,
0x0000, 0x0000, 0x0000, 0x0000, 0x5a20, 0xfe00, 0xb440, 0x0820, 0x0000, 0x0000,
0x0000, 0x1060, 0xd4e0, 0xfe00, 0xfde0, 0xfde0, 0xfe00, 0xa3e0, 0xa3e0, 0x3120,
0x0000, 0x0000, 0x1060, 0x8b60, 0x0840, 0x0000, 0x1060, 0xb440, 0xc4a0, 0xe560,
0xac20, 0xeda0, 0xfe00, 0xdd20, 0x1060, 0x0000, 0x0000, 0x0000, 0x18a0, 0x9c04,
0xa598, 0xb63a, 0x7c10, 0x8b82, 0x9be3, 0xbc61, 0xed60, 0xfe00, 0xfde0, 0xfde0,
0xfde0, 0xfde0, 0xfde0, 0xfde0, 0xfde0, 0xfde0, 0xfde0, 0xfde0, 0xfde0, 0xfde0,
0xfde0, 0xfde0, 0xfde0, 0xfde0, 0xfde0, 0xfde0, 0xfde0, 0xfde0, 0xfde0, 0xfde0,
0xfde0, 0xfde0, 0xfde0, 0xfde0, 0xfde0, 0xfde0, 0xfde0, 0xfde0, 0xfde0, 0xfde0,
0xfde0, 0xfde0, 0xfde0, 0xfde0, 0xfde0, 0xfde0, 0xfde0, 0xfde0, 0xfde0, 0xfde0,
0xfde0, 0xfde0, 0xfde0, 0xfde0, 0xfde0, 0xfde0, 0xfde0, 0xfde0, 0xfde0, 0xfde0,
0xfde0, 0xfde0, 0xfde0, 0xfde0, 0xfde0, 0xfde0, 0xfde0, 0xfde0, 0xfde0, 0xfe00,
0xac20, 0x6240, 
0xfde0, 0xfde0, 0xfde0, 0xfde0, 0xfde0, 0xfe00, 0x8b40, 0x1080, 0x20c0, 0xac20,
0x41a0, 0x0020, 0xa400, 0x9380, 0xac20, 0xfe00, 0xfde0, 0xf5a0, 0x49c0, 0x0000,
0x0000, 0x0000, 0x0000, 0x0000, 0x20c0, 0xdd20, 0xd4e0, 0x1080, 0x0000, 0x0000,
0x0000, 0x0000, 0x9bc0, 0xfe20, 0xe540, 0xeda0, 0xc4a0, 0x93a0, 0x7ae0, 0x0000,
0x0000, 0x0000, 0x51e0, 0xac00, 0x0000, 0x0000, 0x1080, 0xb440, 0xcca0, 0xd500,
0xcce0, 0xfe00, 0xfe00, 0xb440, 0x0000, 0x0000, 0x0000, 0x0000, 0x1060, 0x83a7,
0xadfa, 0xadf9, 0x9d56, 0x9537, 0x7c95, 0x7453, 0x738b, 0xbc61, 0xfe00, 0xfde0,
0xfe00, 0xfde0, 0xf5a0, 0xf5a0, 0xfde0, 0xfe00, 0xfe00, 0xfde0, 0xfde0, 0xfde0,
0xfde0, 0xfde0, 0xfde0, 0xfde0, 0xfde0, 0xfde0, 0xfde0, 0xfde0, 0xfde0, 0xfde0,
0xfde0, 0xfde0, 0xfde0, 0xfde0, 0xfde0, 0xfde0, 0xfde0, 0xfde0, 0xfde0, 0xfde0,
0xfde0, 0xfde0, 0xfde0, 0xfde0, 0xfde0, 0xfde0, 0xfde0, 0xfde0, 0xfde0, 0xfde0,
0xfde0, 0xfde0, 0xfde0, 0xfde0, 0xfde0, 0xfde0, 0xfde0, 0xfde0, 0xfde0, 0xfde0,
0xfde0, 0xfde0, 0xfde0, 0xfde0, 0xfde0, 0xfde0, 0xfde0, 0xfde0, 0xfde0, 0xfe00,
0x8300, 0x8320, 
0xfde0, 0xfde0, 0xfde0, 0xfde0, 0xfde0, 0xf5c0, 0x7ac0, 0xbc80, 0xa3e0, 0xb440,
0x1880, 0x20e0, 0xc4a0, 0x7b00, 0xd520, 0xfe00, 0xfde0, 0xfe00, 0x8b40, 0x0000,
0x0000, 0x0000, 0x0000, 0x0000, 0x0000, 0x9bc0, 0xeda0, 0x3120, 0x0000, 0x0000,
0x0000, 0x0000, 0x3140, 0xe560, 0x9bc0, 0x8320, 0xa3e0, 0x8b60, 0x0840, 0x0000,
0x0000, 0x0020, 0xbc60, 0xac20, 0x0000, 0x0000, 0x1060, 0xb420, 0xc4a0, 0xb440,
0xdd40, 0xfe00, 0xfe40, 0x8b40, 0x0000, 0x0000, 0x1060, 0x0000, 0x0000, 0x5b2c,
0xb63a, 0xadf9, 0xadfa, 0xadfa, 0x8d16, 0x9557, 0xa5d9, 0x7c31, 0xbc80, 0xfde0,
0xbc60, 0x8bc6, 0x83ca, 0x83ca, 0x8ba6, 0xb421, 0xd4e0, 0xed60, 0xfdc0, 0xfde0,
0xfe00, 0xfde0, 0xfde0, 0xfde0, 0xfde0, 0xfde0, 0xfde0, 0xfde0, 0xfde0, 0xfde0,
0xfde0, 0xfde0, 0xfde0, 0xfde0, 0xfde0, 0xfde0, 0xfde0, 0xfde0, 0xfde0, 0xfde0,
0xfde0, 0xfde0, 0xfde0, 0xfde0, 0xfde0, 0xfde0, 0xfde0, 0xfde0, 0xfde0, 0xfde0,
0xfde0, 0xfde0, 0xfde0, 0xfde0, 0xfde0, 0xfde0, 0xfde0, 0xfde0, 0xfde0, 0xfde0,
0xfde0, 0xfde0, 0xfde0, 0xfde0, 0xfde0, 0xfde0, 0xfde0, 0xfde0, 0xfde0, 0xfde0,
0x5a20, 0xac21, 
0xfde0, 0xfde0, 0xfde0, 0xfde0, 0xfe00, 0xd500, 0x28e0, 0x6260, 0x7b00, 0x3120,
0x0000, 0x5a40, 0xc4a0, 0x8320, 0xf5c0, 0xfde0, 0xfde0, 0xfe00, 0xc4a0, 0x1060,
0x0000, 0x0000, 0x0000, 0x0000, 0x0000, 0x5a20, 0xfde0, 0x72c0, 0x0000, 0x0000,
0x0000, 0x0000, 0x0000, 0x2900, 0x72c0, 0x7ae0, 0x51e0, 0x0020, 0x0000, 0x0000,
0x0000, 0x5a20, 0xfe00, 0xac20, 0x0000, 0x0000, 0x0000, 0xa3c0, 0xac20, 0xa3e0,
0xf5c0, 0xfe00, 0xcce0, 0x51e0, 0x0000, 0x1060, 0x6a80, 0x0000, 0x0000, 0x636e,
0xae1a, 0xadf9, 0x9d57, 0x7c0e, 0x6b6c, 0x84b5, 0xadf9, 0xadfa, 0x7389, 0x8365,
0x8494, 0xa5b9, 0xa5da, 0xa5da, 0xa5b9, 0x8cd4, 0x5aca, 0x738a, 0x83c8, 0x8ba4,
0xa401, 0xed80, 0xfde0, 0xfe00, 0xfdc0, 0xfde0, 0xfe00, 0xfe00, 0xfe00, 0xfe00,
0xfde0, 0xfde0, 0xfde0, 0xfde0, 0xfde0, 0xfde0, 0xfde0, 0xfde0, 0xfde0, 0xfde0,
0xfde0, 0xfde0, 0xfde0, 0xfde0, 0xfde0, 0xfde0, 0xfde0, 0xfde0, 0xfde0, 0xfde0,
0xfde0, 0xfde0, 0xfde0, 0xfde0, 0xfde0, 0xfde0, 0xfde0, 0xfde0, 0xfde0, 0xfde0,
0xfde0, 0xfde0, 0xfde0, 0xfde0, 0xfde0, 0xfde0, 0xfde0, 0xfde0, 0xfe00, 0xe560,
0x41a0, 0xcd01, 
0xfde0, 0xfde0, 0xfde0, 0xfde0, 0xfe00, 0xccc0, 0x3980, 0x20c0, 0x0840, 0x0020,
0x0000, 0x72e0, 0x8320, 0x9380, 0xf5a0, 0xfde0, 0xfde0, 0xfe00, 0xe560, 0x3140,
0x0000, 0x0000, 0x0000, 0x0000, 0x0000, 0x20e0, 0xe560, 0xcce0, 0x18a0, 0x0000,
0x0000, 0x0000, 0x0000, 0x0000, 0x0000, 0x0000, 0x0000, 0x0000, 0x0000, 0x0000,
0x3120, 0xe540, 0xfe20, 0xc480, 0x0000, 0x0000, 0x0000, 0x51e0, 0xa400, 0xa3e0,
0xfde0, 0x7ae0, 0x5200, 0x2900, 0x0000, 0x49e0, 0x9360, 0x1060, 0x0000, 0x424a,
0xadf9, 0x9537, 0x8ba5, 0xe540, 0xabe0, 0x5aa6, 0xa5b8, 0xadf9, 0x9516, 0x9536,
0xadfa, 0xadf9, 0xa5b9, 0xa5d9, 0xadf9, 0xb61a, 0xbe5a, 0xb63a, 0xbe5b, 0xadfa,
0x8cb5, 0x9bc1, 0xfe20, 0xac20, 0x7b67, 0x8ba4, 0x9bc2, 0xac00, 0xccc0, 0xe540,
0xf5c0, 0xfde0, 0xfde0, 0xfde0, 0xfde0, 0xfde0, 0xfde0, 0xfde0, 0xfde0, 0xfde0,
0xfde0, 0xfde0, 0xfde0, 0xfde0, 0xfde0, 0xfde0, 0xfde0, 0xfde0, 0xfde0, 0xfde0,
0xfde0, 0xfde0, 0xfde0, 0xfde0, 0xfde0, 0xfde0, 0xfde0, 0xfde0, 0xfde0, 0xfde0,
0xfde0, 0xfde0, 0xfde0, 0xfde0, 0xfde0, 0xfde0, 0xfde0, 0xfde0, 0xfe00, 0xc4a0,
0x41a0, 0xedc1, 
0xed80, 0xf5c0, 0xfde0, 0xfe00, 0xfe20, 0xfe00, 0xfe00, 0xeda0, 0xe540, 0xccc0,
0xb440, 0xa3c0, 0x51e0, 0x8320, 0xc4a0, 0xfde0, 0xfde0, 0xfde0, 0xfde0, 0x6a80,
0x0000, 0x0000, 0x0000, 0x0000, 0x0000, 0x0000, 0xac00, 0xfe00, 0x8b40, 0x0000,
0x0000, 0x0000, 0x0000, 0x0000, 0x0000, 0x0000, 0x0000, 0x0000, 0x0000, 0x3140,
0xd500, 0xfe00, 0xfe00, 0xe540, 0x1880, 0x0000, 0x0000, 0x0000, 0x3140, 0x5a20,
0x3960, 0x0000, 0x6aa0, 0x1080, 0x0000, 0x8320, 0xac00, 0x20e0, 0x0000, 0x2986,
0xb63a, 0x8471, 0xd4e0, 0xfe20, 0xfde0, 0x8300, 0x8cb3, 0xadf9, 0xadf9, 0xadf9,
0xadd9, 0x8472, 0x83a8, 0x7348, 0x8472, 0xb61a, 0xc67b, 0xbe5a, 0xbe5a, 0xbe7b,
0xbe5b, 0x7369, 0x8b41, 0x7bf0, 0xb61a, 0xadf9, 0x9d57, 0x94f5, 0x5aec, 0x5200,
0xe560, 0xfde0, 0xfde0, 0xfde0, 0xfde0, 0xfde0, 0xfde0, 0xfde0, 0xfde0, 0xfde0,
0xfde0, 0xfde0, 0xfde0, 0xfde0, 0xfde0, 0xfde0, 0xfde0, 0xfde0, 0xfde0, 0xfde0,
0xfde0, 0xfde0, 0xfde0, 0xfde0, 0xfde0, 0xfde0, 0xfde0, 0xfde0, 0xfde0, 0xfde0,
0xfde0, 0xfde0, 0xfde0, 0xfde0, 0xfde0, 0xfde0, 0xfde0, 0xfde0, 0xfe00, 0x9380,
0x6240, 0xfe01, 
0x20e0, 0x3960, 0x5a00, 0x72c0, 0x9360, 0xac20, 0xc4a0, 0xdd20, 0xed80, 0xf5c0,
0xfe20, 0xfde0, 0xd500, 0xfe00, 0xfe20, 0xfe00, 0xfe00, 0xfe00, 0xfe00, 0xe560,
0xbc40, 0xa3e0, 0x9380, 0x8320, 0x72c0, 0x49a0, 0x41a0, 0x93a0, 0xcce0, 0x9ba0,
0x18a0, 0x0000, 0x0000, 0x0000, 0x0000, 0x0000, 0x0000, 0x1060, 0x72c0, 0xed80,
0xfe00, 0xfde0, 0xfde0, 0xfde0, 0x5200, 0x0000, 0x0000, 0x0000, 0x0000, 0x0000,
0x0000, 0x0820, 0x6a80, 0x0000, 0x0000, 0xc480, 0xbc80, 0x3140, 0x0000, 0x10a3,
0xadd9, 0x8cd4, 0xbc60, 0xfe00, 0xdd20, 0x7ae1, 0x8cd5, 0xa5b9, 0xa5b9, 0xa5d9,
0x84b4, 0xa3e1, 0xfe00, 0xccc0, 0x6a81, 0x94d4, 0xc69b, 0xbe5b, 0xbe5a, 0xbe5b,
0xbe5b, 0x9d15, 0x8493, 0xbe5b, 0xbe5b, 0xbe5b, 0xbe5b, 0x8493, 0x7b23, 0xe540,
0xfe00, 0xfde0, 0xfde0, 0xfde0, 0xfde0, 0xfde0, 0xfde0, 0xfde0, 0xfde0, 0xfde0,
0xfde0, 0xfde0, 0xfde0, 0xfde0, 0xfde0, 0xfde0, 0xfde0, 0xfde0, 0xfde0, 0xfde0,
0xfde0, 0xfde0, 0xfde0, 0xfde0, 0xfde0, 0xfde0, 0xfde0, 0xfde0, 0xfde0, 0xfde0,
0xfde0, 0xfde0, 0xfde0, 0xfde0, 0xfde0, 0xfde0, 0xfde0, 0xfe00, 0xfe00, 0x6a80,
0x8b40, 0xfe21, 
0x0000, 0x0000, 0x0000, 0x0000, 0x0000, 0x0000, 0x0820, 0x1880, 0x20e0, 0x3940,
0x41a0, 0x5a00, 0x72c0, 0x8b40, 0x9bc0, 0xb420, 0xbc80, 0xccc0, 0xdd00, 0xe560,
0xf5c0, 0xfde0, 0xfe00, 0xfe20, 0xfe40, 0xf5a0, 0xc480, 0xfde0, 0xfe00, 0xfe40,
0xe580, 0x9ba0, 0x49c0, 0x3120, 0x3120, 0x5a20, 0x8b60, 0xbc60, 0xed60, 0xed60,
0xfe00, 0xfe20, 0xfe20, 0xfe40, 0xdd20, 0x41a0, 0x3140, 0x2920, 0x1080, 0x1060,
0x1060, 0x49e0, 0x6a80, 0x1060, 0x20e0, 0xdd20, 0xd500, 0x72c0, 0x3120, 0x3960,
0xb592, 0xc655, 0x9c48, 0xbc80, 0x9ba0, 0x8be9, 0x9514, 0x9514, 0x9514, 0x9535,
0x73ac, 0xd4c0, 0xe560, 0xf5a0, 0xbc61, 0x8c4d, 0xc69a, 0xc679, 0xc659, 0xc699,
0xc679, 0xc69a, 0xceba, 0xbe59, 0xc679, 0xc679, 0x8c91, 0x93e5, 0xf603, 0xfe43,
0xfe23, 0xfe23, 0xfe23, 0xfe23, 0xfe23, 0xfe23, 0xfe22, 0xfe20, 0xfe20, 0xfe00,
0xfde0, 0xfe01, 0xfe44, 0xfe43, 0xfe43, 0xfe43, 0xfe23, 0xfe23, 0xfe23, 0xfe23,
0xfe23, 0xfe23, 0xfe23, 0xfe23, 0xfe23, 0xfe20, 0xfe20, 0xfe20, 0xfe20, 0xfe20,
0xfe20, 0xfe20, 0xfe20, 0xfe20, 0xfe20, 0xfe20, 0xfde0, 0xe560, 0xdd20, 0x49c0,
0xac21, 0xfe21, 
0x0000, 0x0000, 0x0000, 0x31a6, 0x7bcf, 0x73cf, 0x10a3, 0x0000, 0x0000, 0x0000,
0x18e4, 0x2145, 0x0862, 0x0000, 0x0000, 0x0000, 0x0020, 0x0820, 0x0840, 0x1880,
0x2900, 0x3940, 0x41a0, 0x49c0, 0x5200, 0x6a80, 0x8300, 0x8b20, 0x9380, 0xb440,
0x72e0, 0x6260, 0x49e0, 0x49c0, 0x49c0, 0x5a40, 0x6260, 0x49e0, 0x41a0, 0x49c0,
0x5a20, 0x5a40, 0x5a40, 0x5a40, 0x6260, 0x5a40, 0x5200, 0x5200, 0x3980, 0x3980,
0x3980, 0x5200, 0x49c0, 0x3980, 0x4180, 0x49c0, 0x5a20, 0x5200, 0x51e0, 0x5200,
0x5221, 0x5a41, 0x5a41, 0x5200, 0x5220, 0x5a21, 0x41a1, 0x41a1, 0x41a1, 0x41a1,
0x41a1, 0x41a0, 0x41a0, 0x49c0, 0x5a21, 0x5223, 0x5243, 0x5243, 0x5243, 0x5243,
0x5243, 0x5243, 0x5243, 0x5223, 0x5223, 0x5223, 0x4a02, 0x5a62, 0x5a42, 0x5242,
0x5242, 0x5242, 0x5a42, 0x5242, 0x5242, 0x5243, 0x5a42, 0x5a40, 0x5a40, 0x5a20,
0x5a20, 0x5a41, 0x5a63, 0x5a43, 0x5a43, 0x5a43, 0x5a42, 0x5a42, 0x5242, 0x5a42,
0x5a43, 0x5a42, 0x5a42, 0x5a43, 0x5a42, 0x5a40, 0x5a40, 0x5a40, 0x5a40, 0x5a40,
0x5a40, 0x5a40, 0x5a40, 0x5a40, 0x5a40, 0x5a40, 0x5220, 0x41c0, 0x41a0, 0x3980,
0x6260, 0xf5e1, 
0x0000, 0x0000, 0x0000, 0x632c, 0x8c72, 0x94d3, 0x2145, 0x0000, 0x0000, 0x1904,
0xad75, 0x8451, 0x94b3, 0x10c3, 0x0000, 0x0000, 0x0020, 0x4229, 0x7c10, 0x5b0c,
0x0021, 0x0000, 0x0000, 0x0000, 0x31a7, 0x31a7, 0x0041, 0x0000, 0x0000, 0x0840,
0x3960, 0x93a0, 0x9380, 0x9380, 0x9b80, 0x9380, 0x9380, 0x9b80, 0x9b80, 0x9b80,
0x9380, 0x9380, 0x9380, 0x9380, 0x9380, 0x9380, 0x9380, 0x9380, 0x9b80, 0x9b80,
0x9b80, 0x9380, 0x9380, 0x9b80, 0x9b80, 0x9380, 0x9380, 0x9ba0, 0x9ba0, 0x9ba0,
0x9380, 0x9380, 0x9380, 0x9380, 0x9380, 0x9380, 0x9380, 0x9380, 0x9380, 0x9b80,
0x9ba0, 0x9bc0, 0x9bc0, 0x9ba0, 0x9ba0, 0x9380, 0x9380, 0x9380, 0x9380, 0x9380,
0x9380, 0x9380, 0x9b80, 0x9b80, 0x9380, 0x9380, 0x9380, 0x9380, 0x9380, 0x9380,
0x9380, 0x9380, 0x8320, 0x9360, 0x9380, 0x9380, 0x9380, 0x9380, 0x9380, 0x9380,
0x9380, 0x9380, 0x9360, 0x9380, 0x9380, 0x9380, 0x9380, 0x9380, 0x9380, 0x9380,
0x9380, 0x9380, 0x9380, 0x9380, 0x9380, 0x9380, 0x9380, 0x9380, 0x9380, 0x9380,
0x9380, 0x9380, 0x9380, 0x9380, 0x9380, 0x9380, 0x9380, 0x9380, 0x9380, 0x9ba0,
0x8320, 0x5200, 
0x0000, 0x0000, 0x0000, 0x0021, 0x2986, 0x18c3, 0x0000, 0x0000, 0x0000, 0x5aeb,
0xb5b6, 0x73cf, 0x5aeb, 0x0841, 0x0000, 0x0000, 0x2104, 0xc618, 0xd6ba, 0x8451,
0x10a2, 0x0000, 0x0000, 0x4228, 0x9cd3, 0x9d14, 0x4249, 0x0000, 0x0000, 0x0000,
0x6240, 0xfe60, 0xfe40, 0xfe40, 0xfe40, 0xbc60, 0xd500, 0xfe20, 0xfe00, 0xfe00,
0xfe00, 0xfe00, 0xfe00, 0xfe20, 0xfe20, 0xfe20, 0xfe40, 0xfe40, 0xfe40, 0xfe40,
0xfe40, 0xfe40, 0xfe40, 0xfe40, 0xfe40, 0xfe40, 0xfe20, 0xb420, 0xbc60, 0xed80,
0xfe60, 0xfe40, 0xfe20, 0xfe40, 0xfe40, 0xfe40, 0xfe40, 0xfe20, 0xfe60, 0xfe20,
0xd520, 0xbc60, 0xb440, 0xc480, 0xe560, 0xfe20, 0xfe60, 0xfe20, 0xfe00, 0xfe00,
0xfe00, 0xfe20, 0xe560, 0xccc0, 0xfe40, 0xfe40, 0xfe20, 0xfe00, 0xfe00, 0xfe00,
0xfe00, 0xf5c0, 0x8b40, 0xfe00, 0xfe40, 0xfe40, 0xfe40, 0xfe40, 0xfe40, 0xfe40,
0xfe40, 0xfe40, 0xfe40, 0xfe40, 0xfe40, 0xfe40, 0xfe40, 0xfe40, 0xfe40, 0xfe40,
0xfe40, 0xfe40, 0xfe40, 0xfe40, 0xfe40, 0xfe40, 0xfe40, 0xfe40, 0xfe40, 0xfe40,
0xfe40, 0xfe40, 0xfe40, 0xfe40, 0xfe40, 0xfe40, 0xfe40, 0xfe40, 0xfe40, 0xfe40,
0xfe00, 0x9b80, 
0x9ba0, 0x9360, 0x6a80, 0x5a00, 0x3960, 0x2900, 0x18c0, 0x0840, 0x0020, 0x31c7,
0x2145, 0x0021, 0x0000, 0x0000, 0x0000, 0x0000, 0x0000, 0x2125, 0x2966, 0x0000,
0x0000, 0x0000, 0x0000, 0x2986, 0x2125, 0x39c7, 0x1082, 0x0000, 0x0000, 0x0000,
0x6240, 0xfe20, 0xfe00, 0xfe00, 0xe580, 0x5200, 0x6a80, 0x9380, 0x9380, 0x9380,
0x9380, 0x9380, 0x8b60, 0xe560, 0xfe40, 0xfe20, 0xfe00, 0xfe00, 0xfe00, 0xfe00,
0xfe00, 0xfe00, 0xfe00, 0xfe00, 0xfe20, 0xed80, 0xccc0, 0xac00, 0xa400, 0x8b40,
0x93a0, 0xf5c0, 0xfe00, 0xfe00, 0xfe00, 0xfe00, 0xfe00, 0xfe20, 0xcce0, 0x8320,
0x93a0, 0x9be0, 0x93a0, 0x8b60, 0x8b40, 0x8b40, 0xac20, 0x7ae0, 0x8b40, 0x9380,
0x9380, 0x9380, 0x6aa0, 0x51e0, 0xd500, 0xfe20, 0xe560, 0x9360, 0x9360, 0x9380,
0x9380, 0x6240, 0x5a20, 0xc4a0, 0xfe00, 0xfe00, 0xfe00, 0xfe00, 0xfe00, 0xfe00,
0xfe00, 0xfe00, 0xfe00, 0xfe00, 0xfe00, 0xfe00, 0xfe00, 0xfe00, 0xfe00, 0xfe00,
0xfe00, 0xfe00, 0xfe00, 0xfe00, 0xfe00, 0xfe00, 0xfe00, 0xfe00, 0xfe00, 0xfe00,
0xfe00, 0xfe00, 0xfe00, 0xfe00, 0xfe00, 0xfe00, 0xfe00, 0xfe00, 0xfe00, 0xfe00,
0xfe00, 0xfe20, 
0xfe20, 0xfe20, 0xfde0, 0xfde0, 0xed80, 0xed80, 0xdd40, 0xdd20, 0xc4a0, 0xac20,
0xa3e0, 0x9bc0, 0x93a0, 0x8320, 0x72c0, 0x6aa0, 0x5a40, 0x49a0, 0x41a0, 0x41a0,
0x3960, 0x3140, 0x3120, 0x28e0, 0x20c0, 0x20e0, 0x20c0, 0x18a0, 0x18c0, 0x0860,
0x6240, 0xfe20, 0xfe00, 0xfe00, 0xfe20, 0xac00, 0xb440, 0x7ae0, 0x6aa0, 0x72a0,
0x72a0, 0x72a0, 0x72a0, 0x72a0, 0x7b00, 0xac20, 0xf5e0, 0xfe00, 0xfe00, 0xfe00,
0xfe00, 0xfe00, 0xfe20, 0xed80, 0x6a80, 0x18a0, 0x0000, 0x0020, 0x20c0, 0x72c0,
0xac20, 0x7b00, 0xed80, 0xfe00, 0xfe00, 0xfe00, 0xfe20, 0xbc80, 0x8320, 0xb440,
0x49e0, 0x1060, 0x0020, 0x0860, 0x3120, 0x72c0, 0x93a0, 0x8b40, 0xb420, 0x6a80,
0x72a0, 0x72a0, 0xa3e0, 0xac00, 0xfe20, 0xfe00, 0xfe00, 0x9bc0, 0x6a80, 0x6aa0,
0x72a0, 0x5a20, 0xeda0, 0xfe00, 0xfe00, 0xfe00, 0xfe00, 0xfe00, 0xfe00, 0xfe00,
0xfe00, 0xfe00, 0xfe00, 0xfe00, 0xfe00, 0xfe00, 0xfe00, 0xfe00, 0xfe00, 0xfe00,
0xfe00, 0xfe00, 0xfe00, 0xfe00, 0xfe00, 0xfe00, 0xfe00, 0xfe00, 0xfe00, 0xfe00,
0xfe00, 0xfe00, 0xfe00, 0xfe00, 0xfe00, 0xfe00, 0xfe00, 0xfe00, 0xfe00, 0xfe00,
0xfe00, 0xfe00, 
0xfe00, 0xfe00, 0xfe00, 0xfe00, 0xfe00, 0xfe00, 0xfde0, 0xfe00, 0xfde0, 0xfe00,
0xfe40, 0xede0, 0xb440, 0x7b00, 0x8340, 0xc4c0, 0xfe80, 0xfe80, 0xfe20, 0xfe00,
0xfde0, 0xeda0, 0xf5c0, 0xf5e0, 0xee00, 0xdd40, 0x49c0, 0x2900, 0x3140, 0x20c0,
0x6240, 0xfe20, 0xfe00, 0xfe00, 0xfe20, 0xac20, 0xac00, 0x0840, 0x0000, 0x0000,
0x0000, 0x0000, 0x0000, 0x0000, 0x0000, 0x0000, 0x4180, 0xe560, 0xfe20, 0xfe00,
0xfe00, 0xfe20, 0xe560, 0x3120, 0x0000, 0x0000, 0x0000, 0x0000, 0x0000, 0x0000,
0x4180, 0xbc80, 0x7b00, 0xf5e0, 0xfe00, 0xfe00, 0xdd20, 0x8320, 0xac20, 0x1060,
0x0000, 0x0000, 0x0000, 0x0000, 0x0000, 0x0000, 0x3980, 0xdd60, 0x72c0, 0x0000,
0x0000, 0x0000, 0x7b00, 0xac00, 0xfe20, 0xfe00, 0xed80, 0x1080, 0x0000, 0x0000,
0x0000, 0x8320, 0xfe40, 0xfe00, 0xfe00, 0xfe00, 0xfe00, 0xfe00, 0xfe00, 0xfe00,
0xfe00, 0xfe00, 0xfe00, 0xfe00, 0xfe00, 0xfe00, 0xfe00, 0xfe00, 0xfe00, 0xfe00,
0xfe00, 0xfe00, 0xfe00, 0xfe00, 0xfe00, 0xfe00, 0xfe00, 0xfe00, 0xfe00, 0xfe00,
0xfe00, 0xfe00, 0xfe00, 0xfe00, 0xfe00, 0xfe00, 0xfe00, 0xfe00, 0xfe00, 0xfe00,
0xfe00, 0xfe00, 
0xfe00, 0xfe40, 0xfe60, 0xfe20, 0xfe00, 0xfe00, 0xfe00, 0xfe00, 0xfe00, 0xfe60,
0xcce0, 0x3140, 0x0000, 0x0000, 0x0000, 0x0820, 0x5a40, 0xe5c0, 0xfe80, 0xfe20,
0xfe00, 0xfe00, 0xfe20, 0xfe60, 0xfe60, 0x5a20, 0x0000, 0x0000, 0x0000, 0x1080,
0x72a0, 0xfe20, 0xfe00, 0xfe00, 0xfe20, 0xac00, 0xac00, 0x1060, 0x0000, 0x0000,
0x0000, 0x0000, 0x0000, 0x0000, 0x0000, 0x0000, 0x0000, 0x49c0, 0xfe00, 0xfe00,
0xfe00, 0xfe00, 0x49c0, 0x0000, 0x0000, 0x0000, 0x0000, 0x0000, 0x0000, 0x0000,
0x0000, 0x5a20, 0xb440, 0xa3e0, 0xfe20, 0xfe00, 0x8320, 0xb460, 0x1080, 0x0000,
0x0000, 0x0000, 0x0000, 0x0000, 0x0000, 0x0000, 0x0000, 0x5a20, 0x72e0, 0x0000,
0x0000, 0x0000, 0x8300, 0xac00, 0xfe20, 0xfe20, 0x9ba0, 0x0000, 0x0000, 0x0000,
0x1060, 0xe560, 0xfe00, 0xfe00, 0xfe00, 0xfe00, 0xfe00, 0xfe00, 0xfe00, 0xfe00,
0xfe00, 0xfe00, 0xfe00, 0xfe00, 0xfe00, 0xfe00, 0xfe00, 0xfe00, 0xfe00, 0xfe00,
0xfe00, 0xfe00, 0xfe00, 0xfe00, 0xfe00, 0xfe00, 0xfe00, 0xfe00, 0xfe00, 0xfe00,
0xfe00, 0xfe00, 0xfe00, 0xfe00, 0xfe00, 0xfe00, 0xfe00, 0xfe00, 0xfe00, 0xfe00,
0xfe00, 0xfe00, 
0x41a0, 0x51e0, 0x9ba0, 0xf600, 0xfe20, 0xfe00, 0xfe00, 0xfde0, 0xfe40, 0xdd40,
0x20c0, 0x0000, 0x0000, 0x0000, 0x0000, 0x0000, 0x0000, 0x3960, 0xe580, 0xfe20,
0xfe00, 0xf5e0, 0xfe20, 0xfe60, 0xac20, 0x0000, 0x0000, 0x0000, 0x0000, 0x18a0,
0x72c0, 0xfe20, 0xfe00, 0xfe00, 0xfe20, 0xac00, 0xa400, 0x1060, 0x0000, 0x0000,
0x0000, 0x0000, 0x0000, 0x0000, 0x0000, 0x0000, 0x0000, 0x0000, 0xb420, 0xfe20,
0xfe20, 0xa3e0, 0x0000, 0x0000, 0x0000, 0x0000, 0x0000, 0x0000, 0x0000, 0x0000,
0x0000, 0x0000, 0xa3e0, 0x8320, 0xf5c0, 0xc480, 0x9bc0, 0x5200, 0x0000, 0x0000,
0x0000, 0x0000, 0x0000, 0x0000, 0x0000, 0x0000, 0x0000, 0x49e0, 0x72c0, 0x0000,
0x0000, 0x0000, 0x8300, 0xac00, 0xfe20, 0xfe00, 0x3980, 0x0000, 0x0000, 0x0000,
0x6260, 0xfe20, 0xfe00, 0xfe00, 0xfe00, 0xfe00, 0xfe00, 0xfe00, 0xfe00, 0xfe00,
0xfe00, 0xfe00, 0xfe00, 0xfe00, 0xfe00, 0xfe00, 0xfe00, 0xfe00, 0xfe00, 0xfe00,
0xfe00, 0xfe00, 0xfe00, 0xfe00, 0xfe00, 0xfe00, 0xfe00, 0xfe00, 0xfe00, 0xfe00,
0xfe00, 0xfe00, 0xfe00, 0xfe00, 0xfe00, 0xfe00, 0xfe00, 0xfe00, 0xfe00, 0xfe00,
0xfe00, 0xfe00, 
0x0000, 0x0000, 0x0000, 0x5220, 0xf5e0, 0xfe20, 0xfde0, 0xfe00, 0xfe40, 0x51e0,
0x0000, 0x0000, 0x0000, 0x0000, 0x0000, 0x0000, 0x0000, 0x0000, 0x5a40, 0xfe60,
0xfe40, 0xfe20, 0xfe20, 0xf620, 0x41a0, 0x0000, 0x0020, 0x0000, 0x0000, 0x20e0,
0x72c0, 0xfe20, 0xfe00, 0xfe00, 0xfe20, 0xc480, 0xb460, 0x1060, 0x0000, 0x0000,
0x0000, 0x0000, 0x0000, 0x0000, 0x0000, 0x0000, 0x0000, 0x0000, 0x5200, 0xfe20,
0xf5e0, 0x3120, 0x0000, 0x0000, 0x0000, 0x0000, 0x0000, 0x0000, 0x0000, 0x0000,
0x0000, 0x0000, 0x3980, 0xac20, 0xb440, 0x9380, 0xac20, 0x0020, 0x0000, 0x0000,
0x0000, 0x0000, 0x0000, 0x0000, 0x0000, 0x0000, 0x0000, 0x49e0, 0x72e0, 0x0000,
0x0000, 0x0000, 0x8300, 0xac00, 0xfe40, 0xccc0, 0x0020, 0x0000, 0x0000, 0x0020,
0xc4a0, 0xfe20, 0xfe00, 0xfe00, 0xfe00, 0xfe00, 0xfe00, 0xfe00, 0xfe00, 0xfe00,
0xfe00, 0xfe00, 0xfe00, 0xfe00, 0xfe00, 0xfe00, 0xfe00, 0xfe00, 0xfe00, 0xfe00,
0xfe00, 0xfe00, 0xfe00, 0xfe00, 0xfe00, 0xfe00, 0xfe00, 0xfe00, 0xfe00, 0xfe00,
0xfe00, 0xfe00, 0xfe00, 0xfe00, 0xfe00, 0xfe00, 0xfe00, 0xfe00, 0xfe00, 0xfe00,
0xfe00, 0xfe00, 
0x0000, 0x0000, 0x0000, 0x0000, 0x7ae0, 0xfe40, 0xfe00, 0xfe40, 0xc4c0, 0x0020,
0x0000, 0x0000, 0x0000, 0x0000, 0x0000, 0x0000, 0x0000, 0x0000, 0x0000, 0xb460,
0xfe80, 0xfe60, 0xfe80, 0xcd20, 0x0820, 0x0000, 0x0000, 0x0840, 0x8300, 0xc4c0,
0x7ae0, 0xfe20, 0xfe00, 0xfe00, 0xfe00, 0xfe00, 0xe540, 0x0840, 0x0000, 0x0000,
0x0840, 0x2900, 0x2900, 0x1880, 0x0000, 0x0000, 0x0000, 0x0000, 0x18c0, 0xf5e0,
0xc480, 0x0000, 0x0000, 0x0000, 0x0000, 0x18a0, 0x8340, 0x8b40, 0x18a0, 0x0000,
0x0000, 0x0000, 0x0020, 0xb440, 0x6a80, 0x9380, 0x6aa0, 0x0000, 0x0000, 0x0000,
0x0000, 0x1060, 0x6aa0, 0x72e0, 0x20c0, 0x0000, 0x0000, 0x49e0, 0x72c0, 0x0000,
0x0000, 0x0000, 0x8300, 0xac00, 0xfe60, 0x6aa0, 0x0000, 0x0000, 0x0000, 0x4180,
0xfe00, 0xfe00, 0xfe00, 0xfe00, 0xfe00, 0xfe00, 0xfe00, 0xfe00, 0xfe00, 0xfe00,
0xfe00, 0xfe00, 0xfe00, 0xfe00, 0xfe00, 0xfe00, 0xfe00, 0xfe00, 0xfe00, 0xfe00,
0xfe00, 0xfe00, 0xfe00, 0xfe00, 0xfe00, 0xfe00, 0xfe00, 0xfe00, 0xfe00, 0xfe00,
0xfe00, 0xfe00, 0xfe00, 0xfe00, 0xfe00, 0xfe00, 0xfe00, 0xfe00, 0xfe00, 0xfe00,
0xfe00, 0xfe00, 
0x0000, 0x0000, 0x0000, 0x0000, 0x1060, 0xd520, 0xfe40, 0xfe40, 0x6a80, 0x0000,
0x0000, 0x0000, 0x3960, 0x9be0, 0xa420, 0x5200, 0x0000, 0x0000, 0x0000, 0x41a0,
0xfe40, 0xedc0, 0xfe60, 0x93a0, 0x0000, 0x0000, 0x0000, 0x72c0, 0xfe60, 0xedc0,
0x7ac0, 0xfe20, 0xfe00, 0xfe00, 0xfe00, 0xfe00, 0xe560, 0x0840, 0x0000, 0x0000,
0x20c0, 0x9380, 0x9380, 0xa400, 0x5a20, 0x0000, 0x0000, 0x0000, 0x0840, 0xe580,
0x7ae0, 0x0000, 0x0000, 0x0000, 0x0860, 0xcce0, 0xac20, 0x8b60, 0xbc80, 0x1060,
0x0000, 0x0000, 0x0000, 0x7b00, 0x72c0, 0xa400, 0x2900, 0x0000, 0x0000, 0x0000,
0x1080, 0xc4c0, 0xcd00, 0xf5e0, 0xe580, 0x3960, 0x0000, 0x49e0, 0x72e0, 0x0000,
0x0000, 0x0000, 0x8300, 0xac20, 0xf5c0, 0x18a0, 0x0000, 0x0000, 0x0000, 0x9bc0,
0xf5e0, 0xf5a0, 0xf5e0, 0xfe00, 0xfe00, 0xfe00, 0xfe00, 0xfe00, 0xfe00, 0xfe00,
0xfe00, 0xfe00, 0xfe00, 0xfe00, 0xfe00, 0xfe00, 0xfe00, 0xfe00, 0xfe00, 0xfe00,
0xfe00, 0xfe00, 0xfe00, 0xfe00, 0xfe00, 0xfe00, 0xfe00, 0xfe00, 0xfe00, 0xfe00,
0xfe00, 0xfe00, 0xfe00, 0xfe00, 0xfe00, 0xfe00, 0xfe00, 0xfe00, 0xfe00, 0xfe00,
0xfe00, 0xfe00, 
0x0840, 0x0000, 0x0000, 0x0000, 0x0000, 0x8300, 0xfe80, 0xf5e0, 0x2900, 0x0000,
0x0000, 0x2920, 0xe5c0, 0xfea0, 0xfe80, 0xfe20, 0x5a20, 0x0000, 0x0000, 0x0020,
0xc4c0, 0xf620, 0xfe40, 0x6260, 0x0000, 0x0000, 0x1080, 0xe580, 0xfe60, 0xe5a0,
0x72c0, 0xfe20, 0xfe00, 0xfe20, 0xfe20, 0xfe00, 0xe540, 0x0840, 0x0000, 0x0000,
0x3120, 0xdd40, 0xdd40, 0x9380, 0x9bc0, 0x1080, 0x0000, 0x0000, 0x0020, 0xccc0,
0x3980, 0x0000, 0x0000, 0x0000, 0x72a0, 0xfe60, 0x9380, 0x9ba0, 0x9bc0, 0x6aa0,
0x0000, 0x0000, 0x0000, 0x3960, 0xeda0, 0xbc80, 0x0000, 0x0000, 0x0000, 0x0000,
0x9ba0, 0xbc60, 0x9380, 0xf5c0, 0xfe20, 0xe560, 0x18a0, 0x49c0, 0x72e0, 0x0000,
0x0000, 0x0000, 0x8300, 0xb440, 0xac00, 0x0000, 0x0000, 0x0000, 0x0861, 0x5a86,
0x5aa6, 0x5aa6, 0x5222, 0xed80, 0xfe00, 0xfe00, 0xfe00, 0xfe00, 0xfe00, 0xfe00,
0xfe00, 0xfe00, 0xfe00, 0xfe00, 0xfe00, 0xfe00, 0xfe00, 0xfe00, 0xfe00, 0xfe00,
0xfe00, 0xfe00, 0xfe00, 0xfe00, 0xfe00, 0xfe00, 0xfe00, 0xfe00, 0xfe00, 0xfe00,
0xfe00, 0xfe00, 0xfe00, 0xfe00, 0xfe00, 0xfe00, 0xfe00, 0xfe00, 0xfe00, 0xfe00,
0xfe00, 0xfe00, 
0xdd80, 0x93a0, 0x0820, 0x0000, 0x0000, 0x4180, 0xfe60, 0xd520, 0x0840, 0x0000,
0x0000, 0x9ba0, 0xfe80, 0xfe00, 0xfe20, 0xfe80, 0xdd80, 0x1060, 0x0000, 0x0000,
0x72a0, 0xfe60, 0xfe40, 0x3960, 0x0000, 0x0000, 0x49e0, 0xfe60, 0xfe40, 0xe580,
0x72c0, 0xfe20, 0xe560, 0x72c0, 0xb440, 0xfe20, 0xe560, 0x0840, 0x0000, 0x0000,
0x3960, 0xfe20, 0xfe20, 0xe540, 0x8b60, 0x3140, 0x0000, 0x0000, 0x0020, 0xac20,
0x18a0, 0x0000, 0x0000, 0x0020, 0xc4c0, 0xfe40, 0x9380, 0xe560, 0x8b60, 0xac20,
0x0000, 0x0000, 0x0000, 0x1080, 0xf5c0, 0x9bc0, 0x0000, 0x0000, 0x0000, 0x18c0,
0xdd40, 0x7b00, 0xfe00, 0xfe00, 0xfe00, 0xfe40, 0xac00, 0x49e0, 0x72c0, 0x0000,
0x0000, 0x0000, 0x8300, 0xac20, 0x49c0, 0x0000, 0x0000, 0x0000, 0x52ec, 0xadfa,
0xa5d9, 0xadfa, 0x52a9, 0xe540, 0xfe00, 0xfe00, 0xfe00, 0xfe00, 0xfe00, 0xfe00,
0xfe00, 0xfe00, 0xfe00, 0xfe00, 0xfe00, 0xfe00, 0xfe00, 0xfe00, 0xfe00, 0xfe00,
0xfe00, 0xfe00, 0xfe00, 0xfe00, 0xfe00, 0xfe00, 0xfe00, 0xfe00, 0xfe00, 0xfe00,
0xfe00, 0xfe00, 0xfe00, 0xfe00, 0xfe00, 0xfe00, 0xfe00, 0xfe00, 0xfe00, 0xfe00,
0xfe00, 0xfe00, 
0xfea0, 0xfec0, 0x6260, 0x0000, 0x0000, 0x20c0, 0xf600, 0xb440, 0x0000, 0x0000,
0x0840, 0xdd40, 0xfe20, 0xfde0, 0xfe20, 0xfe40, 0xfea0, 0x6260, 0x0000, 0x0000,
0x2920, 0xf600, 0xf5e0, 0x28e0, 0x0000, 0x0000, 0x8300, 0xfe60, 0xfe40, 0xe560,
0x72c0, 0xfe40, 0xc4c0, 0x2920, 0x3120, 0x8b40, 0xe560, 0x0840, 0x0000, 0x0000,
0x3960, 0xfe00, 0xfe00, 0xe580, 0x8b60, 0x3960, 0x0000, 0x0000, 0x0840, 0x9380,
0x0820, 0x0000, 0x0000, 0x20c0, 0xf5a0, 0xfe20, 0x9360, 0xed80, 0xb440, 0xa400,
0x20e0, 0x0000, 0x0000, 0x0000, 0xd500, 0x72a0, 0x0000, 0x0000, 0x0000, 0x6260,
0xc4a0, 0xac00, 0xfe20, 0xfe00, 0xfe00, 0xfe00, 0xfde0, 0xd500, 0x72c0, 0x0000,
0x0000, 0x0000, 0x8320, 0x7b00, 0x0840, 0x0000, 0x0000, 0x0861, 0x94f5, 0xa5d9,
0xa5b9, 0xa5fa, 0x52c9, 0xe540, 0xfe00, 0xfe00, 0xfe00, 0xfe00, 0xfe00, 0xfe00,
0xfe00, 0xfe00, 0xfe00, 0xfe00, 0xfe00, 0xfe00, 0xfe00, 0xfe00, 0xfe00, 0xfe00,
0xfe00, 0xfe00, 0xfe00, 0xfe00, 0xfe00, 0xfe00, 0xfe00, 0xfe00, 0xfe00, 0xfe00,
0xfe00, 0xfe00, 0xfe00, 0xfe00, 0xfe00, 0xfe00, 0xfe00, 0xfe00, 0xfe00, 0xfe00,
0xfe00, 0xfe00, 
0xfe20, 0xfe80, 0xac20, 0x0000, 0x0000, 0x1060, 0xdd80, 0x93a0, 0x0000, 0x0000,
0x2900, 0xede0, 0xfe20, 0xfe00, 0xfe00, 0xfe40, 0xfe80, 0xb460, 0x0000, 0x0000,
0x0840, 0xd520, 0xeda0, 0x18a0, 0x0000, 0x0000, 0xa3e0, 0xfe60, 0xfe40, 0xe560,
0x72c0, 0xfe20, 0xeda0, 0x4180, 0x72c0, 0x2900, 0xa3e0, 0x1060, 0x0000, 0x0000,
0x3960, 0xfe00, 0xfe00, 0xe540, 0x8b60, 0x3140, 0x0000, 0x0000, 0x1060, 0x8320,
0x0000, 0x0000, 0x0000, 0x41a0, 0xfe00, 0xfe20, 0x9360, 0xe560, 0xd500, 0x9bc0,
0x49c0, 0x0000, 0x0000, 0x0000, 0xac40, 0x5200, 0x0000, 0x0000, 0x0000, 0x9bc0,
0x9bc0, 0xd500, 0xfe20, 0xfe00, 0xfe00, 0xfe00, 0xfe00, 0xfe40, 0x72c0, 0x0000,
0x0000, 0x0000, 0x8b40, 0x28e0, 0x0000, 0x0000, 0x0000, 0x2125, 0xa5b9, 0xa5b8,
0xa5b8, 0xa5d9, 0x52a9, 0xe540, 0xfe00, 0xfe00, 0xfe00, 0xfe00, 0xfe00, 0xfe00,
0xfe00, 0xfe00, 0xfe00, 0xfe00, 0xfe00, 0xfe00, 0xfe00, 0xfe00, 0xfe00, 0xfe00,
0xfe00, 0xfe00, 0xfe00, 0xfe00, 0xfe00, 0xfe00, 0xfe00, 0xfe00, 0xfe00, 0xfe00,
0xfe00, 0xfe00, 0xfe00, 0xfe00, 0xfe00, 0xfe00, 0xfe00, 0xfe00, 0xfe00, 0xfe00,
0xfe00, 0xfe00, 
0xfe20, 0xfe60, 0xc4c0, 0x0000, 0x0000, 0x0840, 0xd520, 0x8320, 0x0000, 0x0000,
0x3960, 0xfe00, 0xfe00, 0xfe00, 0xfe00, 0xfe20, 0xfe40, 0xe5a0, 0x1880, 0x0000,
0x0000, 0xa400, 0xede0, 0x1060, 0x0000, 0x0000, 0xac40, 0xfe60, 0xfe20, 0xe580,
0x72e0, 0xfe20, 0xfe20, 0xa3e0, 0x49c0, 0x3140, 0x6260, 0x0860, 0x0000, 0x0000,
0x3960, 0xfe20, 0xfe40, 0xbc60, 0x9380, 0x18a0, 0x0000, 0x0000, 0x20c0, 0x7b00,
0x0000, 0x0000, 0x0000, 0x6260, 0xfe40, 0xfe20, 0x9380, 0xe560, 0xed80, 0x93a0,
0x6260, 0x0000, 0x0000, 0x0000, 0x9380, 0x4180, 0x0000, 0x0000, 0x0000, 0xbca0,
0x8b60, 0xeda0, 0xfe00, 0xfe00, 0xfe00, 0xfe00, 0xfe00, 0xfe20, 0x72c0, 0x0000,
0x0000, 0x0000, 0x8b40, 0x1060, 0x0000, 0x0000, 0x0020, 0x4205, 0xadf9, 0xadf9,
0xadf9, 0xb61a, 0x5ac9, 0xed80, 0xfe00, 0xed80, 0xdd40, 0xe540, 0xf5c0, 0xfe20,
0xfe20, 0xfe00, 0xfe00, 0xfe00, 0xfe00, 0xfe00, 0xfe00, 0xfe00, 0xfe20, 0xfde0,
0xe560, 0xdd20, 0xe540, 0xf5c0, 0xfe20, 0xfe20, 0xfe20, 0xfe20, 0xfe20, 0xfe20,
0xfe20, 0xfe20, 0xfe00, 0xfe00, 0xfe00, 0xfe20, 0xfe20, 0xfe20, 0xfe20, 0xfe20,
0xfe00, 0xfe00, 
0xfe20, 0xfe40, 0xd520, 0x0820, 0x0000, 0x0020, 0xd540, 0x72e0, 0x0000, 0x0000,
0x49c0, 0xfe40, 0xfe00, 0xfe00, 0xfe00, 0xfe20, 0xfe00, 0xfe40, 0x3960, 0x0000,
0x0000, 0x7b00, 0xede0, 0x1060, 0x0000, 0x0000, 0xb460, 0xfe40, 0xfe20, 0xe580,
0x7ae0, 0xfe20, 0xfe00, 0xfde0, 0x49c0, 0x0840, 0x6260, 0x0840, 0x0000, 0x0000,
0x41a0, 0xd520, 0x9380, 0x8b80, 0x7b00, 0x0000, 0x0000, 0x0000, 0x4180, 0x7b00,
0x0000, 0x0000, 0x0000, 0x7ae0, 0xfe40, 0xfe20, 0x9380, 0xe540, 0xf5c0, 0x9360,
0x7ae0, 0x0000, 0x0000, 0x0000, 0x7b00, 0x3120, 0x0000, 0x0000, 0x0820, 0xcce0,
0x8b60, 0xfde0, 0xfe00, 0xfe00, 0xfe00, 0xfe00, 0xfe00, 0xfe20, 0x72c0, 0x0000,
0x0000, 0x0000, 0x5a20, 0x0000, 0x0000, 0x0000, 0x3960, 0x8385, 0xa5d9, 0xae19,
0xae19, 0xb63a, 0x5289, 0x7ae0, 0x6284, 0x5287, 0x4248, 0x5288, 0x5265, 0x7ae0,
0xccc0, 0xfe20, 0xfe00, 0xfe00, 0xfe00, 0xfe00, 0xfe20, 0xd500, 0x8b40, 0x5a84,
0x5ac8, 0x52a9, 0x5ac9, 0x5a85, 0x72c1, 0x5a20, 0x6aa1, 0x6aa1, 0x6aa1, 0x6aa1,
0x6aa1, 0x7ae0, 0xf5c0, 0xfe00, 0xfe20, 0x9bc0, 0x6a81, 0x6aa1, 0x6aa1, 0x6aa1,
0x8341, 0xfde0, 
0xfe20, 0xfe60, 0xd560, 0x0840, 0x0000, 0x0840, 0xdd60, 0x72c0, 0x0000, 0x0000,
0x49c0, 0xfe40, 0xfe00, 0xfe00, 0xfe00, 0xfe00, 0xfe20, 0xfe60, 0x6240, 0x0000,
0x0000, 0x5200, 0xe5a0, 0x1880, 0x0000, 0x0000, 0xac40, 0xfe40, 0xfe20, 0xe580,
0x7ae0, 0xfe20, 0xfe00, 0xfe40, 0x9360, 0x0860, 0x7ae0, 0x0840, 0x0000, 0x0000,
0x2920, 0x6aa0, 0x72c0, 0x72c0, 0x0840, 0x0000, 0x0000, 0x0000, 0x8300, 0x7ae0,
0x0000, 0x0000, 0x0000, 0x8b40, 0xfe40, 0xfe40, 0x9380, 0xe560, 0xfe00, 0x9380,
0x8340, 0x0000, 0x0000, 0x0000, 0x6a80, 0x2900, 0x0000, 0x0000, 0x1060, 0xd500,
0x9380, 0xfe40, 0xdd20, 0xbc80, 0xfe40, 0xfe00, 0xfe00, 0xfe20, 0x72c0, 0x0000,
0x0000, 0x0000, 0x0820, 0x0000, 0x0000, 0x0000, 0xa3c0, 0x8bc5, 0xa5d9, 0xae19,
0xadf9, 0xb61a, 0x634e, 0x73f1, 0xa5b9, 0x9537, 0x8d16, 0x9558, 0x8d37, 0x84b4,
0x5aeb, 0x72c0, 0xeda0, 0xfe20, 0xfe00, 0xfde0, 0x8b40, 0x4a68, 0x7c53, 0x9d99,
0xadfa, 0xae1a, 0xadfa, 0xadd9, 0x8cf5, 0x52cc, 0x6bb0, 0xa598, 0xa578, 0x9d77,
0xadd9, 0x73d1, 0x8b40, 0xfe60, 0xcce0, 0x5289, 0xa598, 0xa597, 0x9d77, 0xa578,
0x9d12, 0xf5a0, 
0xfe80, 0xfee0, 0xbca0, 0x0820, 0x0020, 0x20e0, 0xfe00, 0x7ae0, 0x0020, 0x0020,
0x5200, 0xfe60, 0xfe40, 0xfe40, 0xfe40, 0xfe40, 0xfe80, 0xfec0, 0x8340, 0x0020,
0x0020, 0x4180, 0xe5a0, 0x20e0, 0x0020, 0x0020, 0xac20, 0xfea0, 0xfe40, 0xeda0,
0x7ae0, 0xfe20, 0xfe00, 0xfe20, 0x5a20, 0x0820, 0x8320, 0x1060, 0x0000, 0x0000,
0x0000, 0x0000, 0x0000, 0x0000, 0x0000, 0x0000, 0x0000, 0x0820, 0xdd20, 0x7ae0,
0x0000, 0x0000, 0x0000, 0x9380, 0xfe20, 0xd500, 0x72c0, 0xb440, 0xccc0, 0x72c0,
0x6aa0, 0x0000, 0x0000, 0x0000, 0x51e0, 0x18a0, 0x0000, 0x0000, 0x0840, 0xa400,
0x72c0, 0xcd00, 0xa3e0, 0x8320, 0xcce0, 0xf5c0, 0xfe00, 0xfe20, 0x72c0, 0x0000,
0x0000, 0x0000, 0x0000, 0x0000, 0x0000, 0x0000, 0xa3e0, 0x8bc5, 0xa5b9, 0xae1a,
0xb619, 0xadf9, 0xae19, 0xae1a, 0xae1a, 0x9536, 0x8cf5, 0x9557, 0x9537, 0xadf9,
0xbe5b, 0x7433, 0x5a42, 0xeda0, 0xf5e0, 0x6a81, 0x63b0, 0xadfa, 0xae1a, 0xadf9,
0xadd9, 0xadf9, 0xadf9, 0xadf9, 0xb61a, 0xcebc, 0xb5f9, 0xc67b, 0xc67b, 0xbe7b,
0xc6bb, 0xbe7b, 0x5288, 0xd4e0, 0x6282, 0x9d57, 0xc69b, 0xbe7b, 0xbe7b, 0xc69c,
0x5b2c, 0x6aa2, 
0xcd00, 0x8340, 0x6260, 0x41a0, 0x41a0, 0x5200, 0x8320, 0x6240, 0x41a0, 0x41a0,
0x5200, 0x8300, 0x8320, 0x8320, 0x8320, 0x8320, 0x8320, 0x8320, 0x6280, 0x41a0,
0x41a0, 0x51e0, 0x7ae0, 0x49e0, 0x41a0, 0x41a0, 0x6280, 0x7b20, 0x7ae0, 0x72a0,
0x6aa0, 0xfe20, 0xfe00, 0xeda0, 0x3120, 0x3940, 0x49c0, 0x1060, 0x0000, 0x0000,
0x0000, 0x0000, 0x0000, 0x0000, 0x0000, 0x0000, 0x0000, 0x6260, 0xfe60, 0x72a0,
0x0000, 0x0000, 0x0000, 0x9380, 0xfe20, 0xb440, 0x5a20, 0x9380, 0xa3e0, 0x5a40,
0x5200, 0x0000, 0x0000, 0x0000, 0x4180, 0x1880, 0x0000, 0x0000, 0x0840, 0x8320,
0x5a20, 0xa400, 0x8320, 0x6aa0, 0xa400, 0xed80, 0xfe00, 0xfe20, 0x72c0, 0x0000,
0x0000, 0x0000, 0x0000, 0x0000, 0x0000, 0x0000, 0x49c0, 0x8ba5, 0xa5d9, 0xae1a,
0xae19, 0xae19, 0xadf9, 0xadf9, 0xadf9, 0x9536, 0x84d5, 0x9557, 0x9537, 0xadd8,
0xb61a, 0xb63a, 0x7c73, 0x6aa1, 0x72c0, 0x73f2, 0xb63a, 0xadf9, 0xadd9, 0xadd9,
0xadd9, 0xadf9, 0xadd9, 0xadf9, 0xadf9, 0xc69b, 0xc67b, 0xbe5a, 0xc67b, 0xbe3a,
0xc67b, 0xc67b, 0xa577, 0x3141, 0x7bef, 0xbe7b, 0xbe5a, 0xbe5a, 0xc69b, 0x8493,
0x6aa1, 0x6282, 
0x3960, 0x49c0, 0x72c0, 0x72c0, 0x72c0, 0x72c0, 0x72a0, 0x72c0, 0x7ac0, 0x7ac0,
0x72c0, 0x72a0, 0x72a0, 0x72a0, 0x72a0, 0x72a0, 0x72a0, 0x72a0, 0x72a0, 0x72c0,
0x72c0, 0x72c0, 0x72a0, 0x72c0, 0x72c0, 0x72c0, 0x72a0, 0x72a0, 0x7ae0, 0x6282,
0x6a81, 0xfe20, 0xfe20, 0xc4a0, 0x2920, 0x8b40, 0x2900, 0x0020, 0x0000, 0x0000,
0x0000, 0x0000, 0x0000, 0x0000, 0x0000, 0x0000, 0x3120, 0xed80, 0xfe40, 0x72a0,
0x0000, 0x0000, 0x0000, 0x8b60, 0xfe40, 0xfe40, 0xa3e0, 0xeda0, 0xfe20, 0x9380,
0x8340, 0x0000, 0x0000, 0x0000, 0x6a80, 0x28e0, 0x0000, 0x0000, 0x1060, 0xd520,
0x9380, 0xfe60, 0xd500, 0xac20, 0xfe60, 0xfe00, 0xfe00, 0xfe20, 0x72c0, 0x0000,
0x0000, 0x0000, 0x0000, 0x0000, 0x0000, 0x0000, 0x0840, 0x5a65, 0xadf9, 0xae1a,
0xae19, 0xadf9, 0xadf9, 0xadf9, 0xb63a, 0x9516, 0x84b5, 0x9557, 0x9537, 0xa5b8,
0xb61a, 0xadd9, 0xb63a, 0x5b0d, 0x52cc, 0xb63a, 0xadf9, 0xadd9, 0xadd9, 0xae1a,
0xadfa, 0xa5b9, 0xadf9, 0xae1a, 0xadf9, 0xc69b, 0xbe7a, 0xbe5a, 0xc67b, 0xbe5a,
0xc67b, 0xbe5a, 0xc69b, 0x8452, 0xbe5a, 0xbe3a, 0xbe5a, 0xbe5b, 0xb5f9, 0x5265,
0xd520, 0x4180, 
0x0000, 0xbc60, 0xfe60, 0xfe40, 0xfe40, 0xfe40, 0xb440, 0xfe20, 0xfe40, 0xfe40,
0xfe40, 0xfe40, 0xfe40, 0xfe40, 0xfe40, 0xfe40, 0xfe40, 0xfe40, 0xfe40, 0xfe40,
0xfe40, 0xfe40, 0xfe40, 0xfe40, 0xfe40, 0xfe40, 0xfe60, 0xeda0, 0xbc80, 0xcd04,
0x7ae2, 0xfe20, 0xfe20, 0x9ba0, 0x3960, 0xbc60, 0x4180, 0x93a0, 0x9bc0, 0x18a0,
0x0000, 0x0000, 0x0000, 0x0000, 0x0000, 0x0000, 0x6240, 0xfe40, 0xfe40, 0x7ae0,
0x0000, 0x0000, 0x0000, 0x8300, 0xfe40, 0xfe00, 0xfde0, 0xfe00, 0xf5a0, 0x8b60,
0x7b00, 0x0000, 0x0000, 0x0000, 0x72e0, 0x2920, 0x0000, 0x0000, 0x0840, 0xcce0,
0x8b60, 0xfe00, 0xcce0, 0xac00, 0xfe20, 0xfe00, 0xfe00, 0xfe20, 0x72c0, 0x0000,
0x0000, 0x0000, 0x0000, 0x0000, 0x0000, 0x0000, 0x0000, 0x2145, 0xb61a, 0xae19,
0xadf9, 0xadf9, 0xb619, 0xadd9, 0x6b8f, 0x5246, 0x4a03, 0x4a48, 0x6bd1, 0xadf9,
0xb61a, 0xadf9, 0xadf9, 0xa5b8, 0xa5b8, 0xadf9, 0xadf9, 0xadf9, 0xadfa, 0x7c53,
0x5288, 0x5244, 0x4a46, 0x6bd0, 0xadf9, 0xc69b, 0xc67b, 0xc67b, 0xbe5a, 0xbe5a,
0xc67b, 0xbe7a, 0xbe7b, 0xbe7b, 0xc69b, 0xbe5a, 0xbe5a, 0xc69b, 0x634e, 0xac00,
0xfe80, 0x8b40, 
0x0000, 0xb440, 0xfe20, 0xfe00, 0xfe20, 0xb460, 0x4180, 0x8b40, 0x9380, 0x9380,
0x9380, 0x9380, 0x9380, 0xa3e0, 0xfe20, 0xfe40, 0xfe00, 0xfe00, 0xfe00, 0xfe00,
0xfe00, 0xfe00, 0xfe00, 0xfe00, 0xfe20, 0xfe20, 0xedc0, 0xcce0, 0xa400, 0x8ba4,
0x72c2, 0xfe20, 0xfe40, 0x7b00, 0x3960, 0x5a20, 0x5200, 0x8b60, 0x72e0, 0xac20,
0x0020, 0x0840, 0x0020, 0x0000, 0x0000, 0x0000, 0x1080, 0xe560, 0xfe40, 0x9360,
0x0000, 0x0000, 0x0000, 0x6a80, 0xfe40, 0xfe00, 0xfe00, 0xfe00, 0xed80, 0x9380,
0x6a80, 0x0000, 0x0000, 0x0000, 0x8b60, 0x3960, 0x0000, 0x0000, 0x0000, 0xc4a0,
0x8b60, 0xf5e0, 0xcce0, 0xac00, 0xfe20, 0xfe00, 0xfe00, 0xfe20, 0x72c0, 0x0000,
0x0000, 0x0000, 0x20c0, 0x3960, 0x0000, 0x0000, 0x0000, 0x18c3, 0xa5b8, 0xae19,
0xadf9, 0xadf9, 0xae1a, 0x52cb, 0x9ba0, 0xedc0, 0xb420, 0x7ae0, 0x49c1, 0x8473,
0xb63a, 0xadd9, 0xadf9, 0xadf9, 0xadf9, 0xadd9, 0xadd9, 0xae1a, 0x6bd0, 0x6a80,
0xe560, 0xccc0, 0x8b20, 0x6240, 0x5aeb, 0xcebc, 0xc67b, 0xc67b, 0xbe5a, 0xbe5a,
0xbe7b, 0xbe5a, 0xbe5a, 0xbe5a, 0xbe5a, 0xbe5a, 0xc69b, 0x9516, 0x6281, 0xfe00,
0xfe40, 0x8300, 
0x0000, 0xb440, 0xfe20, 0xfe00, 0xfe00, 0xf5c0, 0x8320, 0xbc80, 0x8320, 0x8320,
0x8320, 0x8320, 0x8320, 0x8b20, 0x9380, 0xac20, 0xe560, 0xfe20, 0xfe00, 0xfe00,
0xfe00, 0xfe00, 0xfe00, 0xfe20, 0xd520, 0x6260, 0x20c0, 0x1060, 0x20c0, 0x4a03,
0x72c1, 0xfe20, 0xfe40, 0x7ae0, 0x20c0, 0x9380, 0xa3e0, 0xac00, 0x3120, 0xccc0,
0x41a0, 0x9ba0, 0x72c0, 0x0000, 0x0000, 0x0000, 0x0000, 0x9380, 0xfe60, 0xa3e0,
0x0000, 0x0000, 0x0000, 0x49c0, 0xfe20, 0xfe00, 0xfe00, 0xfe00, 0xdd20, 0x9bc0,
0x51e0, 0x0000, 0x0000, 0x0000, 0xac20, 0x49c0, 0x0000, 0x0000, 0x0000, 0xa400,
0x9ba0, 0xe560, 0xd4e0, 0xac00, 0xfe20, 0xfe00, 0xfe00, 0xfe40, 0x72c0, 0x0000,
0x0000, 0x0000, 0x3140, 0x9ba0, 0x0000, 0x0000, 0x0000, 0x0000, 0x7431, 0xadf9,
0xa5b9, 0xadd9, 0x7412, 0x8b40, 0xfe40, 0xfe00, 0xfde0, 0xc4c0, 0x8b20, 0x5245,
0xa5d9, 0xadf9, 0xadf9, 0xadd9, 0xadd9, 0xadf9, 0xadf9, 0x9d57, 0x5a43, 0xfde0,
0xfe20, 0xfde0, 0xe580, 0xa3c0, 0x5a20, 0x94f5, 0xc69b, 0xbe7b, 0xbe7b, 0xadf9,
0xadd8, 0xbe5a, 0xb63a, 0xb63a, 0xb63a, 0xbe5a, 0xb63a, 0x4a68, 0xd500, 0xfe20,
0xfe40, 0x8320, 
0x0000, 0xb440, 0xfe20, 0xfe00, 0xfe00, 0xfe00, 0x9360, 0x8b40, 0x0000, 0x0000,
0x0000, 0x0000, 0x0000, 0x0000, 0x0000, 0x0000, 0x1880, 0x9ba0, 0xfe20, 0xfe00,
0xfe00, 0xfe00, 0xfe20, 0xbc80, 0x1880, 0x0000, 0x0000, 0x0000, 0x0000, 0x0840,
0x6a80, 0xfe20, 0xfe20, 0xa3e0, 0x0000, 0x9ba0, 0xcce0, 0x7b00, 0xa3e0, 0x9bc0,
0x3940, 0xabe0, 0xc4a0, 0x18a0, 0x0000, 0x0000, 0x0000, 0x3960, 0xfe20, 0xc4a0,
0x0000, 0x0000, 0x0000, 0x20e0, 0xf5c0, 0xfe00, 0xfe00, 0xfe20, 0xbc60, 0xa400,
0x2900, 0x0000, 0x0000, 0x0000, 0xcce0, 0x6260, 0x0000, 0x0000, 0x0000, 0x72a0,
0xbc60, 0xbc60, 0xd500, 0xac00, 0xfe20, 0xfe00, 0xfe00, 0xe5a0, 0x72c0, 0x0000,
0x0000, 0x0000, 0x6a80, 0xa400, 0x20e0, 0x0000, 0x0000, 0x0000, 0x3a08, 0xadf9,
0xa5b8, 0xb61a, 0x5aea, 0xd500, 0xfe20, 0xfe00, 0xfe00, 0xfe00, 0xac00, 0x6260,
0x84b4, 0xa5d9, 0xa5b8, 0xa5b8, 0xa5b8, 0xa5b8, 0xa5d9, 0x73f2, 0x93a0, 0xfe40,
0xfe00, 0xfe00, 0xfe20, 0xd4e0, 0x7ae0, 0x5b0c, 0xadf9, 0xa5b8, 0xa5d8, 0x9516,
0x52ab, 0xa5b8, 0x9d77, 0x9536, 0x9d56, 0x9d77, 0x636f, 0x9380, 0xfe40, 0xfe00,
0xfe20, 0x8300, 
0x5a20, 0xb440, 0xfe20, 0xfe00, 0xfe00, 0xfde0, 0x9360, 0x8b40, 0x0000, 0x0000,
0x0000, 0x0000, 0x0000, 0x0000, 0x0000, 0x0000, 0x0000, 0x0020, 0xb440, 0xfe20,
0xfe00, 0xfe20, 0xdd40, 0x18a0, 0x0000, 0x0000, 0x0000, 0x0000, 0x0000, 0x0000,
0x6240, 0xfe20, 0xfe00, 0xed80, 0x3140, 0x1080, 0x6240, 0xac00, 0xd500, 0x18a0,
0x3960, 0xa3e0, 0xdd60, 0x6a80, 0x0000, 0x0000, 0x0000, 0x0020, 0xccc0, 0xe580,
0x1060, 0x0000, 0x0000, 0x0020, 0xcce0, 0xfe20, 0xfe00, 0xfe20, 0x9360, 0xac20,
0x0820, 0x0000, 0x0000, 0x1060, 0xeda0, 0x8b60, 0x0000, 0x0000, 0x0000, 0x2920,
0xdd20, 0x8b40, 0xd500, 0xac00, 0xfe20, 0xfe20, 0xccc0, 0x5a40, 0x72c0, 0x0000,
0x0000, 0x0000, 0x9be0, 0x9380, 0x6aa0, 0x0000, 0x0000, 0x0000, 0x0861, 0x9d57,
0xb63a, 0xc67b, 0x5aea, 0xdd20, 0xfe00, 0xfe00, 0xfe00, 0xfe20, 0xac20, 0x6a80,
0x8494, 0xa5d9, 0xa5b8, 0xa5b8, 0x9d98, 0xa598, 0xa5d9, 0x6bd1, 0x9ba0, 0xfe40,
0xfe00, 0xfe00, 0xfe20, 0xd500, 0x7ae0, 0x5b0b, 0xa5f9, 0xa5b8, 0xadd9, 0x8d16,
0x426a, 0xa598, 0x9557, 0x8cf6, 0x9557, 0x9557, 0x5b2e, 0x9ba0, 0xfe20, 0xfe00,
0xfe20, 0x8320, 
0x7b20, 0xb440, 0xfe20, 0xfe00, 0xfe00, 0xfde0, 0x8b60, 0x8b40, 0x0000, 0x0000,
0x0000, 0x0000, 0x0000, 0x0000, 0x0000, 0x0000, 0x0000, 0x0000, 0x3120, 0xf5c0,
0xfe00, 0xfe20, 0x5a20, 0x0000, 0x0000, 0x0000, 0x0000, 0x0000, 0x0000, 0x0000,
0x6240, 0xfe20, 0xfe00, 0xfe00, 0xd4e0, 0x6a80, 0x5200, 0x3140, 0x9ba0, 0x0000,
0x4180, 0xa400, 0xdd40, 0xc4a0, 0x0000, 0x0000, 0x0000, 0x0000, 0x6a80, 0xfe20,
0x3120, 0x0000, 0x0000, 0x0000, 0x7b00, 0xfe60, 0xb440, 0xbc60, 0x93a0, 0x7b00,
0x0000, 0x0000, 0x0000, 0x3140, 0xfe20, 0xbc60, 0x0000, 0x0000, 0x0000, 0x0000,
0xb440, 0xa3e0, 0x8b40, 0xac00, 0xfe40, 0xf5e0, 0x3960, 0x41a0, 0x72c0, 0x0000,
0x0000, 0x0000, 0xb460, 0x9bc0, 0xa3e0, 0x0020, 0x0000, 0x0000, 0x0000, 0x636e,
0xbe5b, 0xc67b, 0x7c32, 0x9360, 0xfe40, 0xfe00, 0xfde0, 0xc4c0, 0x9360, 0x5223,
0x9d77, 0xa5b8, 0xa5b8, 0xa5b8, 0xa5b8, 0xa5b8, 0xa5b8, 0x8cf6, 0x5a42, 0xfe00,
0xfe00, 0xfe00, 0xe580, 0x9bc0, 0x6240, 0x7c32, 0xae1a, 0xadd9, 0xadf9, 0x9d57,
0x9536, 0xa5d9, 0x9d78, 0x8d37, 0x9d78, 0x9d78, 0x9d78, 0x4226, 0xdd20, 0xfe20,
0xfe20, 0x8320, 
0x7b00, 0xb440, 0xfe20, 0xfe00, 0xfe00, 0xfde0, 0x9bc0, 0x8b60, 0x0000, 0x0000,
0x0000, 0x0000, 0x0000, 0x0000, 0x0000, 0x0000, 0x0000, 0x0000, 0x0000, 0xbc60,
0xfe40, 0xcce0, 0x0820, 0x0000, 0x0000, 0x0000, 0x0000, 0x0000, 0x0000, 0x0000,
0x6240, 0xfe20, 0xfe00, 0xfe00, 0xfe00, 0xeda0, 0xc480, 0x0000, 0x8b60, 0x20c0,
0x3980, 0xa400, 0xdd20, 0xfde0, 0x2920, 0x0000, 0x0000, 0x0000, 0x18a0, 0xf5c0,
0x6aa0, 0x0000, 0x0000, 0x0000, 0x18a0, 0xe580, 0x9ba0, 0x72c0, 0xc4c0, 0x18a0,
0x0000, 0x0000, 0x0000, 0x6a80, 0xfe40, 0xe560, 0x1080, 0x0000, 0x0000, 0x0000,
0x28e0, 0xdd40, 0x8320, 0xac00, 0xfe40, 0x6a80, 0x0000, 0x49e0, 0x72e0, 0x0000,
0x0000, 0x0000, 0xb440, 0xccc0, 0x9bc0, 0x3960, 0x0000, 0x0000, 0x0000, 0x2145,
0xb619, 0xbe7b, 0xadf9, 0x4a68, 0xac00, 0xf5e0, 0xb440, 0x8320, 0x5a21, 0x73f1,
0xa5d9, 0xa5b8, 0xa5b8, 0xa5b8, 0xa5b8, 0xa5b8, 0xa5b8, 0xa5d9, 0x636f, 0x7ae0,
0xeda0, 0xc4a0, 0x9360, 0x6a80, 0x52ca, 0xa5d9, 0xadd9, 0xadd9, 0xadf9, 0x9d98,
0xa5d9, 0xa5b8, 0x9d78, 0x9537, 0x9577, 0x9577, 0x9d98, 0x7453, 0x6aa1, 0xfe20,
0xfe20, 0x8300, 
0x7ae0, 0xb440, 0xfe20, 0xfe00, 0xfe00, 0xfe00, 0xfe00, 0x9380, 0x0000, 0x0000,
0x0000, 0x0840, 0x1080, 0x1080, 0x0000, 0x0000, 0x0000, 0x0000, 0x0000, 0x72c0,
0xfe60, 0x72c0, 0x0000, 0x0000, 0x0000, 0x0000, 0x2900, 0x7b00, 0x41a0, 0x0000,
0x6240, 0xfe20, 0xfe00, 0xfe00, 0xfe00, 0xfe20, 0xe560, 0x0020, 0x6aa0, 0x41a0,
0x3960, 0xa400, 0xd500, 0xfe60, 0x8300, 0x0000, 0x0000, 0x0000, 0x0000, 0xa3e0,
0xbc80, 0x0000, 0x0000, 0x0000, 0x0000, 0x3120, 0xa3e0, 0xa400, 0x2920, 0x0000,
0x0000, 0x0000, 0x0000, 0xb440, 0xfe20, 0xfe20, 0x49c0, 0x0000, 0x0000, 0x0000,
0x0000, 0x28e0, 0x72c0, 0x6a80, 0x49c0, 0x0000, 0x0000, 0x49e0, 0x72e0, 0x0000,
0x0000, 0x0000, 0xb420, 0xfde0, 0x8b40, 0x8340, 0x0000, 0x0000, 0x0000, 0x0000,
0x8cb4, 0xc69b, 0xb63a, 0xa5b8, 0x5b2d, 0x5a85, 0x5a64, 0x4a67, 0x7c32, 0xa5d9,
0xa5b8, 0xa5b8, 0xa5b8, 0xa598, 0xa598, 0xa5b8, 0xa5b8, 0xa5b8, 0xa5b9, 0x6bd1,
0x5266, 0x5244, 0x4a25, 0x5b4d, 0xadd9, 0xa5d9, 0xadd9, 0xa5b8, 0xadd9, 0xa5b8,
0xa5b8, 0xa5b8, 0x9d78, 0x9557, 0x9d78, 0x9577, 0x9578, 0x9d98, 0x52cc, 0xb440,
0xfe60, 0x8320, 
0x7ac0, 0xb440, 0xfe20, 0xfe00, 0xfe00, 0xfe00, 0xfe40, 0x9380, 0x0000, 0x0000,
0x0000, 0x5200, 0x93a0, 0x93a0, 0x9380, 0x1880, 0x0000, 0x0000, 0x0000, 0x5200,
0xfe00, 0x2900, 0x0000, 0x0000, 0x0000, 0x3140, 0xe560, 0x9380, 0xc4a0, 0x5a40,
0x5a00, 0xfe20, 0xfe00, 0xfe00, 0xfe00, 0xfe00, 0xe560, 0x0000, 0x49e0, 0x6260,
0x3960, 0xa400, 0xd500, 0xfe20, 0xd500, 0x0840, 0x0000, 0x0000, 0x0000, 0x41a0,
0xf5c0, 0x28e0, 0x0000, 0x0000, 0x0000, 0x0000, 0x0000, 0x0000, 0x0000, 0x0000,
0x0000, 0x0000, 0x28e0, 0xf5c0, 0xfe00, 0xfe20, 0xa3e0, 0x0000, 0x0000, 0x0000,
0x0000, 0x0000, 0x0000, 0x0000, 0x0000, 0x0000, 0x0000, 0x49e0, 0x72c0, 0x0000,
0x0000, 0x0000, 0xb420, 0xfe60, 0x9380, 0xac20, 0x1060, 0x0000, 0x0000, 0x0000,
0x4aab, 0xc69b, 0xb61a, 0xadf9, 0xae1a, 0xa5b9, 0x9557, 0x9db9, 0xa5d9, 0xa5b8,
0xa5b8, 0xa598, 0xadf9, 0x634e, 0x530d, 0xadf9, 0xa5b8, 0xa5b8, 0xa5b8, 0xa5d9,
0x9d98, 0x9d57, 0x9d78, 0xa5d9, 0xadd9, 0xa5d9, 0xadd9, 0xa5d9, 0xadd9, 0xa5b8,
0xa5b8, 0xa598, 0x9d78, 0x6bf1, 0x9537, 0x9577, 0x9d78, 0x9d78, 0x8cf6, 0x4a24,
0xf5e0, 0x8320, 
0x72a0, 0xb440, 0xfe20, 0xfe20, 0xfe20, 0xfe00, 0xfe20, 0x9380, 0x0000, 0x0000,
0x0000, 0x72c0, 0xcd00, 0xb460, 0x8b40, 0x72e0, 0x0000, 0x0000, 0x0000, 0x41a0,
0xd4e0, 0x0020, 0x0000, 0x0000, 0x0000, 0xbc60, 0xfde0, 0x7ae0, 0x8b40, 0x9380,
0x6260, 0xfe20, 0xfe00, 0xfe00, 0xfe00, 0xfe00, 0xdd40, 0x3120, 0x6a80, 0x6aa0,
0x3960, 0xa400, 0xd500, 0xfe00, 0xfe20, 0x49c0, 0x0000, 0x0000, 0x0000, 0x0020,
0xd520, 0x93a0, 0x0000, 0x0000, 0x0000, 0x0000, 0x0000, 0x0000, 0x0000, 0x0000,
0x0000, 0x0000, 0x9380, 0xfe40, 0xfe00, 0xfe00, 0xf5c0, 0x2900, 0x0000, 0x0000,
0x0000, 0x0000, 0x0000, 0x0000, 0x0000, 0x0000, 0x0000, 0x49e0, 0x72c0, 0x0000,
0x0000, 0x0000, 0xb420, 0xfe40, 0xccc0, 0x9bc0, 0x5200, 0x0000, 0x0000, 0x0000,
0x10a3, 0xb5f9, 0xb61a, 0xadd9, 0xadd9, 0xadf9, 0xa598, 0xa598, 0x9d98, 0x9d98,
0xa5b8, 0xa5d9, 0x84b5, 0x5a42, 0x6261, 0x7433, 0xadf9, 0xa5b8, 0xa598, 0x9d98,
0xa598, 0xa5d9, 0xa5d9, 0xa598, 0xa5d9, 0xadf9, 0xa5d9, 0xadd9, 0xadf9, 0xa5b8,
0xa5b9, 0xa5d9, 0x8cd5, 0x2101, 0x5b4e, 0xa5d9, 0x9557, 0x9d98, 0x9d98, 0x6bd1,
0x9360, 0x8b40, 
0x6aa0, 0xb440, 0xfe40, 0xc4a0, 0x93a0, 0xeda0, 0xfe60, 0x9380, 0x0000, 0x0000,
0x0000, 0x9380, 0xfe60, 0xfe40, 0xa3c0, 0x8b60, 0x0000, 0x0000, 0x0000, 0x3980,
0x9bc0, 0x0000, 0x0000, 0x0000, 0x2900, 0xfde0, 0xeda0, 0x9360, 0xe560, 0x51e0,
0x6a80, 0xfe20, 0xfe00, 0xfe00, 0xfe00, 0xfe00, 0xdd20, 0x9bc0, 0xd520, 0x49c0,
0x3160, 0xa400, 0xdd00, 0xfe00, 0xfe40, 0xa3c0, 0x0000, 0x0000, 0x0000, 0x0000,
0x72c0, 0xfe00, 0x3140, 0x0000, 0x0000, 0x0000, 0x0000, 0x0000, 0x0000, 0x0000,
0x0000, 0x3940, 0xf5c0, 0xfe00, 0xfe00, 0xfe00, 0xfe20, 0xac20, 0x0000, 0x0000,
0x0000, 0x0000, 0x0000, 0x0000, 0x0000, 0x0000, 0x0000, 0x5200, 0x72e0, 0x0000,
0x0000, 0x0000, 0xb420, 0xfe20, 0xfde0, 0x8b40, 0x9bc0, 0x0000, 0x0000, 0x0000,
0x0000, 0x8451, 0xbe5b, 0xadf9, 0xadd9, 0xadf9, 0x9d98, 0x9d98, 0xa5b8, 0xa5b8,
0xa5f9, 0x8495, 0x4a24, 0xe560, 0xf5a0, 0x5a42, 0x73f2, 0xa5d9, 0xa5d9, 0x9d98,
0x9d98, 0x9d98, 0xa5b8, 0x9d98, 0x9d98, 0xa5d9, 0x9d77, 0xa5d9, 0xa598, 0x9d98,
0x9d98, 0x9d98, 0x5288, 0x8300, 0x41c2, 0x84d5, 0x9557, 0x9557, 0x9557, 0x9557,
0x6b28, 0x7ac0, 
0x6a80, 0xb440, 0xfe60, 0x72e0, 0x3120, 0x4180, 0xe560, 0x9380, 0x0000, 0x0000,
0x0000, 0x9380, 0xfe20, 0xfe20, 0xb460, 0x8b40, 0x0020, 0x0000, 0x0000, 0x4180,
0x72c0, 0x0000, 0x0000, 0x0000, 0x6a80, 0xfe40, 0xed80, 0x8b40, 0xfe20, 0x51e0,
0x5a40, 0xfe20, 0xfe00, 0xfe00, 0xfe00, 0xfe00, 0xdd40, 0x2900, 0x41a0, 0x0000,
0x3960, 0xa3e0, 0xd500, 0xfe00, 0xfe00, 0xed80, 0x1080, 0x0000, 0x0000, 0x0000,
0x18a0, 0xe580, 0xc4c0, 0x18c0, 0x0000, 0x0000, 0x0000, 0x0000, 0x0000, 0x0000,
0x20c0, 0xd500, 0xfe20, 0xfe00, 0xfe00, 0xfe00, 0xfe20, 0xfe40, 0x8320, 0x0000,
0x0000, 0x0000, 0x0000, 0x0000, 0x0000, 0x0000, 0x2900, 0xd520, 0x72c0, 0x0000,
0x0000, 0x0000, 0xac20, 0xfe20, 0xf600, 0x9380, 0xac20, 0x18a0, 0x0000, 0x0000,
0x0000, 0x31c8, 0x638f, 0x7453, 0xa5b9, 0xae1a, 0x9db9, 0x9db9, 0x9db9, 0x8d16,
0x5b2e, 0x5a62, 0xe540, 0xfe20, 0xfe00, 0xf5a0, 0x72e0, 0x4aab, 0x7c94, 0x9d78,
0xa5b9, 0xa5b9, 0xa5d9, 0x9558, 0x84b5, 0x4acd, 0x5b2e, 0x84f6, 0x7cb5, 0x84b5,
0x84b5, 0x5b4f, 0x5a40, 0xac00, 0xbc80, 0x4207, 0x7454, 0x7c74, 0x7c74, 0x7433,
0x94b0, 0x7ae0, 
0x72a0, 0xb440, 0xfe40, 0xa3e0, 0x4180, 0x5a00, 0x5a20, 0x8b40, 0x0000, 0x0000,
0x0000, 0x9380, 0xfe20, 0xfe20, 0xac20, 0x8b40, 0x0000, 0x0000, 0x0000, 0x49c0,
0x5a20, 0x0000, 0x0000, 0x0000, 0x9380, 0xfe40, 0xed80, 0x8b40, 0xfe40, 0x7ae0,
0x5a20, 0xfe20, 0xfde0, 0xfde0, 0xfde0, 0xfe00, 0xed80, 0x41a0, 0x3140, 0x3960,
0x5200, 0x5a20, 0x7ae0, 0xf5a0, 0xfe00, 0xfe20, 0x8320, 0x3960, 0x4180, 0x3980,
0x3120, 0x5200, 0xac40, 0xd500, 0x41a0, 0x0820, 0x0000, 0x0000, 0x0020, 0x49a0,
0xd520, 0xfe20, 0xfe00, 0xfde0, 0xfe00, 0xed80, 0xd500, 0xd520, 0xd520, 0x6aa0,
0x0820, 0x0000, 0x0000, 0x0000, 0x1060, 0x6a80, 0xe580, 0xfe40, 0x9380, 0x3960,
0x4180, 0x4180, 0xc4c0, 0xfe20, 0x9ba0, 0x6280, 0x49c0, 0x5200, 0x3980, 0x4180,
0x4180, 0x4180, 0x5200, 0x72c0, 0x5a86, 0x5aea, 0x5b2c, 0x5aeb, 0x5288, 0x6282,
0xac00, 0xfde0, 0xfe20, 0xfe00, 0xfe00, 0xfe00, 0xfe20, 0xc4a0, 0x72c1, 0x5286,
0x52ca, 0x632c, 0x5aeb, 0x5287, 0x6262, 0x51e0, 0x5a42, 0x5a63, 0x5a62, 0x5a62,
0x5a63, 0x6a81, 0xbc80, 0xdd40, 0xfe40, 0x93a0, 0x5222, 0x5a63, 0x5a62, 0x5a42,
0x8322, 0x7b00, 
0x72e0, 0xb440, 0xfe20, 0xf5e0, 0x51e0, 0x6a80, 0x2900, 0x6240, 0x0000, 0x0000,
0x0000, 0x9380, 0xfe60, 0xfe40, 0x9380, 0x8320, 0x0000, 0x0000, 0x0000, 0x5a40,
0x41a0, 0x0000, 0x0000, 0x0000, 0xbc60, 0xfe20, 0xed80, 0x8b40, 0xfe40, 0xac20,
0x93a0, 0x51e0, 0x3940, 0x3940, 0x49c0, 0xbca0, 0x4180, 0x3960, 0x3960, 0x5a40,
0xe560, 0x9ba0, 0xf5e0, 0xfe00, 0xfe00, 0xfe00, 0xfe00, 0xfe00, 0xf5c0, 0x5200,
0x3120, 0x20c0, 0x6260, 0x9bc0, 0x3140, 0x1080, 0x0020, 0x1060, 0x6b4b, 0xc614,
0xc614, 0xc614, 0xad72, 0x93a1, 0xfe60, 0xe580, 0xc4a0, 0xc4a0, 0xccc0, 0xdd20,
0xd500, 0xccc0, 0xccc0, 0xccc0, 0xe560, 0xfe20, 0xfe00, 0xfe00, 0xfe20, 0xfe20,
0xfe00, 0xf5c0, 0xf5a0, 0xf5c0, 0xfe00, 0xfe20, 0xed80, 0xfe40, 0xfe20, 0xfe40,
0xfe40, 0xfe20, 0xfe20, 0xfe20, 0xf5a0, 0xdd20, 0xe560, 0xe560, 0xf5a0, 0xfe40,
0xfe60, 0xfe40, 0xfe00, 0xf5e0, 0xfe00, 0xfde0, 0xfe00, 0xfe20, 0xfe20, 0xeda0,
0xdd20, 0xdd20, 0xdd20, 0xed60, 0xfe00, 0xfe20, 0xfe00, 0xfe00, 0xfe00, 0xfe00,
0xfe00, 0xfe00, 0xfe00, 0xfe00, 0xfe00, 0xfe20, 0xfe00, 0xfe00, 0xfe00, 0xfe00,
0xfe40, 0x8320, 
0x7b00, 0xb440, 0xfe20, 0xfe20, 0xc480, 0x1080, 0x2900, 0x5200, 0x0000, 0x0000,
0x0000, 0x93a0, 0xc4c0, 0x9380, 0x9bc0, 0x49c0, 0x0000, 0x0000, 0x0000, 0x8320,
0x3140, 0x0000, 0x0000, 0x0000, 0xccc0, 0xfe20, 0xed80, 0x8b40, 0xfe40, 0xc480,
0xa400, 0x28e0, 0x0000, 0x0000, 0x0840, 0x9380, 0x0000, 0x0000, 0x0000, 0x3980,
0xcce0, 0xa3e0, 0xfe20, 0xfe00, 0xfe00, 0xfe00, 0xfe00, 0xfe00, 0xf5c0, 0x18a0,
0x0000, 0x0000, 0x20c0, 0x49c0, 0x0000, 0x0000, 0x0000, 0x6260, 0x842e, 0xb63b,
0xadfa, 0xae1a, 0x9558, 0x5221, 0x9380, 0x62a3, 0x5265, 0x5265, 0x5aa5, 0x72e1,
0xb420, 0xfde0, 0xfe40, 0xfe20, 0xfe00, 0xfe00, 0xfe00, 0xfe20, 0xd500, 0x8b60,
0x62a3, 0x5a86, 0x5266, 0x5aa5, 0x72c1, 0x8b40, 0x8300, 0x8320, 0x8320, 0x8320,
0x8320, 0x8300, 0xbc60, 0xfe20, 0xfe00, 0xfde0, 0x9380, 0x8320, 0x8320, 0x8320,
0x8320, 0x8340, 0x6aa0, 0x3140, 0x72c0, 0xa3e0, 0xd500, 0xf5c0, 0xfe00, 0xfe00,
0xfe00, 0xfe00, 0xfe00, 0xfe00, 0xfe00, 0xfe00, 0xfe00, 0xfe00, 0xfe00, 0xfe00,
0xfe00, 0xfe00, 0xfe00, 0xfe00, 0xfe00, 0xfe00, 0xfe00, 0xfe00, 0xfe00, 0xfe00,
0xfe40, 0x8320, 
0x7ae0, 0xb440, 0xfe20, 0xfe00, 0xfde0, 0x3140, 0x3960, 0x5a20, 0x0000, 0x0000,
0x0000, 0x72c0, 0x6a80, 0x9380, 0x6280, 0x0000, 0x0000, 0x0000, 0x0000, 0xb460,
0x2900, 0x0000, 0x0000, 0x0840, 0xdd20, 0xfe20, 0xf5a0, 0x8b40, 0xfe40, 0xcce0,
0xa400, 0x3960, 0x0000, 0x0000, 0x0840, 0x7b00, 0x0000, 0x0000, 0x0000, 0x5200,
0xc4c0, 0xb440, 0xfe60, 0xbc80, 0xed80, 0xfe00, 0xfe00, 0xfe00, 0xf5a0, 0x20c0,
0x0000, 0x0000, 0x0820, 0x0820, 0x0000, 0x0000, 0x1080, 0xbc80, 0x7c0e, 0xb63a,
0xadf9, 0xae1a, 0x9d77, 0x4229, 0x7c53, 0x9d78, 0x84d5, 0x8d37, 0x8d17, 0x7c94,
0x6b8f, 0x5244, 0xbc80, 0xfe20, 0xfe00, 0xfe20, 0xed80, 0x72e0, 0x52aa, 0x7c53,
0x9d78, 0xa5d9, 0xadfa, 0xa5b9, 0x9d37, 0x638f, 0x31a7, 0x8453, 0x94f5, 0x8cd5,
0x8cd5, 0x9516, 0x4a47, 0xe540, 0xfe40, 0x9ba0, 0x634f, 0x94f5, 0x8cd5, 0x8cd4,
0x9516, 0x52cd, 0x20c0, 0xac00, 0x6a60, 0x3120, 0x4180, 0x8b40, 0xeda0, 0xfde0,
0xfde0, 0xfe00, 0xfe00, 0xfe00, 0xfe00, 0xfe00, 0xfe00, 0xfe00, 0xfe00, 0xfe00,
0xfe00, 0xfe00, 0xfe00, 0xfe00, 0xfe00, 0xfe00, 0xfe00, 0xfe00, 0xfe00, 0xfe00,
0xfe40, 0x8300, 
0x7b00, 0xb440, 0xfe20, 0xfe00, 0xed80, 0x1880, 0x3960, 0x6aa0, 0x0000, 0x0000,
0x0000, 0x0000, 0x0020, 0x0000, 0x0000, 0x0000, 0x0000, 0x0000, 0x3140, 0xeda0,
0x20e0, 0x0000, 0x0000, 0x0860, 0xe540, 0xf5e0, 0xcce0, 0x7ae0, 0xe580, 0xb440,
0x9380, 0x3140, 0x0000, 0x0000, 0x0840, 0x6a60, 0x0000, 0x0000, 0x0000, 0x51e0,
0xa400, 0xa3e0, 0xe580, 0x8320, 0xc4a0, 0xe580, 0xfe00, 0xfe00, 0xf5c0, 0x20c0,
0x0000, 0x0000, 0x0000, 0x0000, 0x0000, 0x0000, 0x20c0, 0xd500, 0x7bee, 0xb63a,
0xb619, 0xae19, 0xadf9, 0xadf9, 0xae1a, 0xadf9, 0x8cd4, 0x9537, 0x9557, 0x9557,
0xbe7b, 0x9d78, 0x4a69, 0xa3e0, 0xfe40, 0xdd40, 0x5223, 0x7c53, 0xae1a, 0xae1a,
0xadf9, 0xadd9, 0xadf9, 0xadd9, 0xae19, 0xbe7b, 0xbe3a, 0xb5f9, 0xc69b, 0xc69b,
0xc67b, 0xd6fd, 0x8cb5, 0x72c1, 0xdd40, 0x4a67, 0xbe5b, 0xc69b, 0xc67b, 0xc69b,
0xbe3a, 0x2145, 0x7280, 0xfe40, 0xfe20, 0xe540, 0x9360, 0x49a0, 0x3960, 0x6a80,
0xa3e0, 0xdd20, 0xfde0, 0xfe00, 0xfe00, 0xfe00, 0xfe00, 0xfe00, 0xfe00, 0xfe00,
0xfe00, 0xfe00, 0xfe00, 0xfe00, 0xfe00, 0xfe00, 0xfe00, 0xfe00, 0xfe00, 0xfe00,
0xfe40, 0x8320, 
0x51e0, 0xb440, 0xfe20, 0xfe20, 0xac20, 0x20c0, 0x3120, 0x51e0, 0x0000, 0x0000,
0x0000, 0x0000, 0x0000, 0x0000, 0x0000, 0x0000, 0x0000, 0x0000, 0xac00, 0xfde0,
0x20c0, 0x0000, 0x0000, 0x1060, 0xe580, 0xe560, 0x8320, 0x51e0, 0x93a0, 0x72c0,
0x5a40, 0x20c0, 0x0000, 0x0000, 0x0820, 0x4180, 0x0000, 0x0000, 0x0000, 0x3140,
0x6a80, 0x6a80, 0x93c0, 0x5a20, 0x7b00, 0xac00, 0xfde0, 0xfe00, 0xf5c0, 0x20c0,
0x0000, 0x0000, 0x0000, 0x0000, 0x0000, 0x0000, 0x0000, 0x8b60, 0x842e, 0xb63a,
0xae19, 0xae19, 0xb61a, 0xadf9, 0xadf9, 0xadf9, 0x84b4, 0x8d16, 0x9537, 0x9557,
0xb61a, 0xae1a, 0xadf9, 0x5289, 0xac00, 0x5a63, 0x8cf6, 0xb63a, 0xadf9, 0xadd9,
0xadd9, 0xadd9, 0xadf9, 0xa5d9, 0xadf9, 0xb63a, 0xc69b, 0xc67b, 0xbe7a, 0xbe5a,
0xbe5a, 0xc69b, 0xbe7b, 0x6b6c, 0x4180, 0x9d16, 0xc67b, 0xbe5a, 0xbe5a, 0xc69b,
0x632d, 0x20c0, 0xc4a0, 0xfe00, 0xfde0, 0xfe00, 0xfe20, 0xd500, 0xb440, 0x6240,
0x3120, 0x4180, 0x9bc0, 0xf5c0, 0xfe20, 0xfe00, 0xfe00, 0xfe00, 0xfe00, 0xfe00,
0xfe00, 0xfe00, 0xfe00, 0xfe00, 0xfe00, 0xfe00, 0xfe00, 0xfe00, 0xfe00, 0xfe00,
0xfe40, 0x8320, 
0x2125, 0xb440, 0xfe20, 0xfe40, 0x72e0, 0x51e0, 0x6260, 0x1080, 0x0000, 0x0000,
0x0000, 0x0000, 0x0000, 0x0000, 0x0000, 0x0000, 0x0000, 0x6240, 0xfe20, 0xf5c0,
0x20c0, 0x0000, 0x0000, 0x0840, 0xdd20, 0xfe20, 0xf5c0, 0x9380, 0xfe60, 0xcd00,
0xa400, 0x3980, 0x0000, 0x0000, 0x0840, 0x7ae0, 0x0000, 0x0000, 0x0000, 0x5a20,
0xc4a0, 0xbc60, 0xfe80, 0x9bc0, 0xe560, 0xfe20, 0xfe00, 0xfe00, 0xf5a0, 0x20c0,
0x0000, 0x0000, 0x0000, 0x0000, 0x0000, 0x0000, 0x0000, 0x3120, 0x7bee, 0xb63a,
0xae19, 0xae19, 0xae19, 0xadf9, 0xadf9, 0xae1a, 0x8cd5, 0x9537, 0x9578, 0x9536,
0xb63a, 0xadf9, 0xae19, 0xa598, 0x2944, 0x7c52, 0xb63a, 0xadf9, 0xadd9, 0xadd9,
0xae1a, 0xadfa, 0xadfa, 0xae1a, 0xadf9, 0xb619, 0xc69b, 0xbe5a, 0xbe7a, 0xc67a,
0xbe5a, 0xc69b, 0xbe5a, 0xb5f8, 0x73d0, 0xcebb, 0xbe3a, 0xbe5a, 0xc67b, 0x9515,
0x3981, 0x5a20, 0xf5c0, 0xfde0, 0xfde0, 0xfde0, 0xa3e0, 0x6240, 0xe580, 0xfe40,
0xe540, 0x8b60, 0x4180, 0x3960, 0x8320, 0xdd20, 0xfe20, 0xfe20, 0xfe00, 0xfe00,
0xfe00, 0xfe00, 0xfe00, 0xfe00, 0xfe00, 0xfe00, 0xfe00, 0xfe00, 0xfe00, 0xfe00,
0xfe40, 0x8320, 
0x738f, 0xb440, 0xfe20, 0xfe00, 0x51e0, 0x72a0, 0xa3e0, 0x3960, 0x93c0, 0x5200,
0x0000, 0x0000, 0x0000, 0x0000, 0x0000, 0x0000, 0x0000, 0xc480, 0xfe40, 0xf5c0,
0x28e0, 0x0000, 0x0000, 0x0820, 0xd500, 0xfe20, 0xfde0, 0xeda0, 0xfe20, 0xc4a0,
0xa400, 0x3140, 0x0000, 0x0000, 0x1060, 0x8340, 0x0000, 0x0000, 0x0000, 0x49e0,
0xc4c0, 0xac20, 0xfe40, 0x9ba0, 0xdd40, 0xfe00, 0xfe00, 0xfe00, 0xf5a0, 0x20c0,
0x0000, 0x0000, 0x0000, 0x0000, 0x0000, 0x0000, 0x0000, 0x0000, 0x636e, 0xb63a,
0xadf9, 0xadf9, 0xae19, 0xae1a, 0xa598, 0x636e, 0x4a26, 0x4a47, 0x5b2e, 0x8cf6,
0xb63a, 0xadf9, 0xadf9, 0xae1a, 0x9536, 0xadd9, 0xadf9, 0xadf9, 0xadf9, 0xadf9,
0x7411, 0x52a9, 0x5267, 0x5b2c, 0x9536, 0xb63a, 0xc69b, 0xbe7a, 0xbe7a, 0xbe5a,
0xbe5a, 0xc67b, 0xbe5a, 0xc67b, 0xbe7b, 0xc67b, 0xbe5a, 0xbe7b, 0xbe5a, 0x5287,
0x8300, 0xa3c0, 0xfe20, 0xfde0, 0xfde0, 0xfe20, 0xac00, 0x7ac0, 0x9380, 0xa3e0,
0xd500, 0xfe20, 0xfde0, 0xbc60, 0x5a20, 0x3120, 0x5a20, 0xb460, 0xf5e0, 0xfe00,
0xfde0, 0xfe00, 0xfe00, 0xfe00, 0xfe00, 0xfe00, 0xfe00, 0xfe00, 0xfe00, 0xfe00,
0xfe40, 0x8320, 
0x632d, 0xb440, 0xfe20, 0xfde0, 0x3140, 0x6a80, 0x41a0, 0x7ae0, 0x72c0, 0xc4a0,
0x49c0, 0x0000, 0x0000, 0x0000, 0x0000, 0x0000, 0x0000, 0x6a80, 0xfe40, 0xfe00,
0x3140, 0x0000, 0x0000, 0x0000, 0xc4a0, 0xfe20, 0xfe00, 0xfe00, 0xfe20, 0xbc40,
0xa400, 0x20c0, 0x0000, 0x0000, 0x1060, 0x9be0, 0x0000, 0x0000, 0x0000, 0x3960,
0xd500, 0x9ba0, 0xfe60, 0x9ba0, 0xdd40, 0xfe00, 0xfe00, 0xfe00, 0xf5a0, 0x20c0,
0x0000, 0x0000, 0x0000, 0x3940, 0x1060, 0x0000, 0x0000, 0x0000, 0x52ec, 0xb63b,
0xadf9, 0xadf9, 0xb61a, 0xa598, 0x4a46, 0xac20, 0xdd20, 0x8b20, 0x6240, 0x4a47,
0xb5f9, 0xadf9, 0xadf9, 0xadf9, 0xadf9, 0xadf9, 0xadd9, 0xadf9, 0xadf9, 0x52eb,
0x8300, 0xdd20, 0x9ba0, 0x7280, 0x49e3, 0x9515, 0xcebc, 0xbe7a, 0xc67b, 0xbe5a,
0xc67b, 0xbe7a, 0xbe5a, 0xbe5a, 0xbe5a, 0xbe5a, 0xbe5a, 0xc69b, 0x73d0, 0x9380,
0x8320, 0xdd40, 0xfe00, 0xfde0, 0xfde0, 0xfde0, 0x9360, 0xac20, 0x7ac0, 0x9ba0,
0x9380, 0x9380, 0xbc60, 0xf5c0, 0xfe00, 0xdd20, 0x8320, 0x3960, 0x3960, 0x7b00,
0xac00, 0xdd20, 0xfdc0, 0xfe00, 0xfe00, 0xfe00, 0xfe00, 0xfe00, 0xfe00, 0xfe00,
0xfe20, 0x8300, 
0x4a8b, 0xb440, 0xfe20, 0xf5e0, 0x2900, 0x51e0, 0x9380, 0xac00, 0x6a80, 0x72a0,
0x9360, 0x6240, 0x8320, 0x3960, 0x0000, 0x0000, 0x0000, 0x1880, 0xed80, 0xfe20,
0x49c0, 0x0000, 0x0000, 0x0000, 0xac00, 0xfe20, 0xfe00, 0xfe00, 0xfe20, 0xa3e0,
0xac20, 0x1060, 0x0000, 0x0000, 0x20c0, 0xbc80, 0x0820, 0x0000, 0x0000, 0x18a0,
0xd520, 0x8b40, 0xfe40, 0x9ba0, 0xdd40, 0xfe00, 0xfe00, 0xfe00, 0xf5c0, 0x20c0,
0x0000, 0x0000, 0x0000, 0x7ae0, 0x49e0, 0x0000, 0x0000, 0x0000, 0x2104, 0xa5b8,
0xa5d9, 0xa5d9, 0xadf9, 0x52cb, 0xbc80, 0xfe40, 0xfe00, 0xe580, 0xa3e0, 0x6a60,
0x73af, 0xb61a, 0xadf9, 0xadf9, 0xadd9, 0xadd9, 0xadd9, 0xae1a, 0x7432, 0x8300,
0xfe40, 0xfe00, 0xf5c0, 0xc4a0, 0x8300, 0x5287, 0xc67b, 0xbe7b, 0xc67b, 0xbe5a,
0xadd8, 0xbe3a, 0xbe3a, 0xb63a, 0xb63a, 0xbe5a, 0xbe5b, 0x9d77, 0x5a62, 0xccc0,
0x8320, 0xfe00, 0xfde0, 0xfde0, 0xfe00, 0xd500, 0x93a0, 0x6240, 0x0000, 0x1080,
0x5200, 0x9360, 0x9ba0, 0x9380, 0xed80, 0xfe20, 0xfe20, 0xf5a0, 0xb420, 0x5a20,
0x2900, 0x49a0, 0x9ba0, 0xeda0, 0xf5a0, 0xfe00, 0xfe00, 0xfe00, 0xfe00, 0xfe00,
0xfe40, 0x8320, 
0x5201, 0xb440, 0xfe20, 0xfe00, 0x3960, 0x2900, 0xd500, 0x9ba0, 0x9360, 0xac00,
0x6260, 0x7ae0, 0xac00, 0x93a0, 0x0000, 0x0000, 0x0000, 0x0000, 0x9bc0, 0xfe60,
0x6260, 0x0000, 0x0000, 0x0000, 0x8300, 0xfe40, 0xfe00, 0xfe00, 0xfe20, 0x9360,
0xa3e0, 0x0000, 0x0000, 0x0000, 0x3140, 0xdd40, 0x1080, 0x0000, 0x0000, 0x0020,
0xccc0, 0x8b40, 0xfde0, 0x9ba0, 0xdd40, 0xfe00, 0xfe00, 0xfde0, 0xe580, 0x20e0,
0x0000, 0x0000, 0x20c0, 0x7b00, 0x8b60, 0x0000, 0x0000, 0x0000, 0x0000, 0x7c52,
0xadf9, 0xa5d8, 0x9d78, 0x6283, 0xfe00, 0xfe00, 0xfe00, 0xfe20, 0xe560, 0x8b40,
0x5286, 0xa5b9, 0xa5b8, 0xa5b8, 0xa5b8, 0xa5b8, 0xa5b8, 0xa5d9, 0x52aa, 0xdd20,
0xfe20, 0xfe00, 0xfe00, 0xfe00, 0xac00, 0x5a20, 0x8cd5, 0xadf9, 0xadf9, 0xadf9,
0x7411, 0x7c32, 0xadd9, 0x9d77, 0x9d77, 0x9d77, 0xa598, 0x52a9, 0xd4e0, 0x9380,
0xc480, 0xfe00, 0xfde0, 0xfde0, 0xfe00, 0xa3c0, 0xa400, 0x18a0, 0x0000, 0x0000,
0x0000, 0x0000, 0x3140, 0x7ae0, 0xd500, 0xfe00, 0xfde0, 0xfe00, 0xfe20, 0xfe00,
0xdd00, 0x8320, 0x3960, 0x3960, 0x6aa0, 0xac20, 0xe540, 0xfe00, 0xfe00, 0xfe00,
0xfe40, 0x8320, 
0x0020, 0xb440, 0xfe20, 0xfe20, 0xa3c0, 0x0020, 0x51e0, 0x7b00, 0xcd00, 0xa3e0,
0x0020, 0x8320, 0xa3c0, 0xe560, 0x1080, 0x0000, 0x0000, 0x0000, 0x4180, 0xfe40,
0x8b40, 0x0000, 0x0000, 0x0000, 0x41a0, 0xfe20, 0xfe00, 0xfe20, 0xeda0, 0x8b40,
0x8300, 0x0000, 0x0000, 0x0000, 0x51e0, 0xfe00, 0x2920, 0x0000, 0x0000, 0x0000,
0x9360, 0xac00, 0xccc0, 0xa3c0, 0xdd40, 0xfe00, 0xfe40, 0x9380, 0x8b80, 0x2900,
0x0000, 0x0000, 0x2900, 0xa3e0, 0xa3e0, 0x18c0, 0x0000, 0x0000, 0x0000, 0x424a,
0xb63a, 0xb63a, 0xadb8, 0x6aa2, 0xfe20, 0xfe00, 0xfe00, 0xfe00, 0xeda0, 0x9b80,
0x5a65, 0x9d98, 0xa5b8, 0x9d98, 0x9d98, 0x9d98, 0x9d98, 0xa5b9, 0x5288, 0xe560,
0xfe00, 0xfe00, 0xfe00, 0xfe20, 0xb420, 0x5a40, 0x7c73, 0xa5b9, 0xa5b8, 0xa5d9,
0x638f, 0x5b2d, 0xa5b9, 0x8cf6, 0x8d16, 0x9536, 0x8cf6, 0x4a25, 0xcce0, 0x72c0,
0xf5c0, 0xfde0, 0xfde0, 0xfe00, 0xf5a0, 0xa3e0, 0x8320, 0x0000, 0x0000, 0x0000,
0x0000, 0x0000, 0x0000, 0x0000, 0x1880, 0x8320, 0xfde0, 0xfe00, 0xfde0, 0xfde0,
0xfe00, 0xfe20, 0xf5a0, 0xb420, 0x5a00, 0x2900, 0x51e0, 0xb440, 0xf5c0, 0xfe00,
0xfe40, 0x8300, 
0x0000, 0xb440, 0xfe20, 0xfe00, 0xfde0, 0x9360, 0x41a0, 0x4180, 0x72e0, 0x6260,
0x0000, 0x8b40, 0x9bc0, 0xfe20, 0x5a20, 0x0000, 0x0000, 0x0000, 0x0020, 0xd500,
0xc480, 0x0000, 0x0000, 0x0000, 0x0860, 0xdd40, 0xfde0, 0xc4a0, 0xa400, 0xb440,
0x3960, 0x0000, 0x0000, 0x0000, 0x8300, 0xfe60, 0x5a00, 0x0000, 0x0000, 0x0000,
0x3120, 0xdd40, 0x8320, 0x9360, 0xe540, 0xfe40, 0xdd20, 0x1080, 0x8b60, 0x2900,
0x0000, 0x0000, 0x20e0, 0xd520, 0x9380, 0x6260, 0x0000, 0x0000, 0x0000, 0x1082,
0xa597, 0xb63a, 0xbe5b, 0x5287, 0xe560, 0xfe20, 0xfe00, 0xfe00, 0xb440, 0x8300,
0x5aca, 0xadf9, 0xa5b8, 0xa5b8, 0xa5b8, 0xa5b8, 0xa5b8, 0xa5d9, 0x5b2e, 0xac00,
0xfe40, 0xfe00, 0xfe00, 0xdd20, 0x9360, 0x4a23, 0x9d77, 0xadd9, 0xadf9, 0xadd9,
0x8cd5, 0x9d77, 0xa5b9, 0x9557, 0x9557, 0x9d78, 0x9db8, 0x7c32, 0x49e0, 0xabe0,
0xfe20, 0xfde0, 0xfde0, 0xfde0, 0xfde0, 0xed80, 0x3140, 0x0000, 0x0000, 0x0000,
0x0000, 0x0000, 0x0000, 0x0000, 0x0000, 0x0000, 0x8b40, 0xfe00, 0xfde0, 0xfde0,
0xfde0, 0xfde0, 0xfe00, 0xfe20, 0xfe00, 0xd500, 0x7b00, 0x3960, 0x3980, 0x9360,
0xe580, 0x9380, 
0x0000, 0xb440, 0xfe20, 0xfe00, 0xfe00, 0xf5c0, 0xdd40, 0x6aa0, 0x1880, 0x9380,
0x0000, 0x8b60, 0x9bc0, 0xfe20, 0xb440, 0x0000, 0x0000, 0x0000, 0x0000, 0x72c0,
0xf5c0, 0x1880, 0x0000, 0x0000, 0x0000, 0x72a0, 0xfe00, 0x6240, 0x9380, 0xa400,
0x0000, 0x0000, 0x0000, 0x0000, 0xbc60, 0xfe60, 0x9380, 0x0000, 0x0000, 0x0000,
0x0000, 0x8340, 0xd500, 0x5a20, 0xeda0, 0xeda0, 0x3960, 0x0000, 0x9380, 0x2900,
0x0000, 0x0000, 0x20c0, 0xf5c0, 0x9360, 0x9bc0, 0x0000, 0x0000, 0x0000, 0x0000,
0x6baf, 0xbe5b, 0xc69b, 0x7c53, 0x6261, 0xeda0, 0xf5e0, 0xa3c0, 0x8300, 0x4a03,
0x8cd5, 0xa5d9, 0xa5b8, 0xa5b8, 0xa5b8, 0xa5b8, 0xa5b8, 0xa5b8, 0x9557, 0x4a25,
0xccc0, 0xfe00, 0xb440, 0x9360, 0x5a40, 0x6baf, 0xadf9, 0xadd9, 0xadf9, 0xa5b9,
0xa5b8, 0xa5d9, 0xa5b8, 0x9557, 0x9557, 0x9578, 0x9578, 0x9d56, 0x5a63, 0xe540,
0xfe00, 0xfde0, 0xfe00, 0xfde0, 0xfe20, 0xb440, 0x0000, 0x0000, 0x0000, 0x0000,
0x0000, 0x0000, 0x0000, 0x0000, 0x0000, 0x0000, 0x28e0, 0xed80, 0xfe00, 0xfde0,
0xfde0, 0xfde0, 0xfde0, 0xfe00, 0xfe20, 0xfe20, 0xfe20, 0xdd40, 0xac20, 0x5200,
0x3120, 0x5a40, 
0x0000, 0xb440, 0xfe20, 0xfe00, 0xfe00, 0xfe00, 0xfe40, 0x9380, 0x0000, 0x9ba0,
0x0020, 0x8340, 0x9bc0, 0xfe00, 0xf5c0, 0x20e0, 0x0000, 0x0000, 0x0000, 0x20c0,
0xf5c0, 0x5200, 0x0000, 0x0000, 0x0000, 0x0020, 0x8300, 0xb480, 0xa3e0, 0x1080,
0x0000, 0x0000, 0x0000, 0x18a0, 0xeda0, 0xfe20, 0xd500, 0x0820, 0x0000, 0x0000,
0x0000, 0x0000, 0x72c0, 0x7ae0, 0x9380, 0x3140, 0x0000, 0x0000, 0x9380, 0x2900,
0x0000, 0x0000, 0x20c0, 0xfde0, 0xbc60, 0xa3e0, 0x3120, 0x0000, 0x0000, 0x0000,
0x2966, 0xb63a, 0xc67b, 0xae1a, 0x7c53, 0x5266, 0x6ac2, 0x5a42, 0x4a67, 0x84b4,
0xa5d9, 0xa5b8, 0xa5b8, 0xa5b8, 0xa5b8, 0xa5b8, 0xa5b8, 0xa5b8, 0xa5b9, 0x8d16,
0x5289, 0x6282, 0x5222, 0x4a24, 0x6baf, 0xadfa, 0xa5b9, 0xa5d9, 0xa5d9, 0xa5b9,
0xa5b8, 0xa5b8, 0xa5b8, 0x9557, 0x9578, 0x9d78, 0x9d98, 0x844f, 0x8320, 0xfe20,
0xd500, 0x6240, 0xcce0, 0xfe00, 0xfe00, 0x5a20, 0x0000, 0x0000, 0x0000, 0x20c0,
0x0840, 0x0000, 0x0000, 0x0000, 0x0000, 0x0000, 0x0820, 0xcca0, 0xfe00, 0xfde0,
0xfde0, 0xfe00, 0xf5c0, 0xcce0, 0xbc60, 0xc4a0, 0xe560, 0xa3e0, 0xb420, 0xfde0,
0xd4e0, 0x7ac0, 
0x0000, 0xb440, 0xfe20, 0xfe00, 0xfe00, 0xfe00, 0xfe20, 0x9380, 0x0000, 0x9380,
0x18a0, 0x8340, 0x9bc0, 0xfde0, 0xfe40, 0x7ac0, 0x0000, 0x0000, 0x0000, 0x0000,
0xac20, 0xb420, 0x0000, 0x0000, 0x0000, 0x0000, 0x0000, 0x0840, 0x0000, 0x0000,
0x0000, 0x0000, 0x0000, 0x6a80, 0xfe20, 0xfe00, 0xfe00, 0x3960, 0x0000, 0x0000,
0x0000, 0x0000, 0x0000, 0x0000, 0x0000, 0x0000, 0x0000, 0x0000, 0x9380, 0x2900,
0x0000, 0x0000, 0x20c0, 0xf5c0, 0xeda0, 0x8b60, 0x7b00, 0x0000, 0x0000, 0x0000,
0x0020, 0x9515, 0xc69b, 0xadd9, 0xae1a, 0xa5d9, 0x9516, 0x8cf6, 0x9d98, 0xa5d9,
0xa5b8, 0xa5b8, 0xa5b8, 0xa5b9, 0x4a8b, 0x8cf6, 0xa5b9, 0xa5b8, 0xa5b8, 0xa5b9,
0xa5b9, 0x8d16, 0x8cf6, 0x9d78, 0xa5d9, 0xadf9, 0xa5d9, 0xadd9, 0xadd9, 0xa5b9,
0xa5b8, 0xa5b8, 0x9d98, 0x8d16, 0x7c94, 0x9d98, 0x9d97, 0x6b07, 0xc4a0, 0xfe40,
0x8b60, 0x3120, 0x51e0, 0xf5a0, 0xdd20, 0x1060, 0x0000, 0x0000, 0x0820, 0x72c0,
0x8b60, 0x5a20, 0x0020, 0x0000, 0x0000, 0x0000, 0x0000, 0xb440, 0xfe20, 0xfe00,
0xfe00, 0xb440, 0x3980, 0x0860, 0x0000, 0x0820, 0x2900, 0x8b40, 0x9bc0, 0x9ba0,
0xfe00, 0xfe20, 
0x0000, 0xb440, 0xfe20, 0xfe00, 0xfe00, 0xfe00, 0xfe20, 0x9380, 0x18a0, 0x9380,
0x20e0, 0x8340, 0x9bc0, 0xfde0, 0xfe20, 0xcce0, 0x0020, 0x0000, 0x0000, 0x0000,
0x49c0, 0xf5e0, 0x2920, 0x0000, 0x0000, 0x0000, 0x0000, 0x0000, 0x0000, 0x0000,
0x0000, 0x0000, 0x0840, 0xd500, 0xfe20, 0xfe00, 0xfe20, 0xa3e0, 0x0000, 0x0000,
0x0000, 0x0000, 0x0000, 0x0000, 0x0000, 0x0000, 0x0000, 0x0000, 0x9380, 0x2900,
0x0000, 0x0000, 0x20c0, 0xf5a0, 0xfe20, 0x9360, 0xac40, 0x0840, 0x0000, 0x0000,
0x0000, 0x52ec, 0xc69c, 0xa5d9, 0xadf9, 0xadd9, 0xadf9, 0xa5b8, 0x9d98, 0x9d98,
0xa598, 0xa5b8, 0xadf9, 0x6bb0, 0x5200, 0x4a89, 0x9db9, 0xa5b9, 0xa5b8, 0x9d98,
0xa5b8, 0xa5b8, 0xadf9, 0xa5b8, 0xa598, 0xadd9, 0xadd9, 0xa5b9, 0xadf9, 0xa5d9,
0xa5b9, 0xa598, 0xadf9, 0x636e, 0x2123, 0x8d16, 0x9d33, 0x6aa1, 0xfde0, 0xfe20,
0x9360, 0x51e0, 0x3960, 0xbc40, 0x8b40, 0x0000, 0x0000, 0x0000, 0x5200, 0xd520,
0xa3c0, 0x9ba0, 0x5a40, 0x0000, 0x0000, 0x0000, 0x0000, 0xbc60, 0xfe20, 0xf5c0,
0x72c0, 0x0820, 0x0000, 0x0000, 0x0000, 0x0000, 0x0000, 0x0000, 0x6280, 0x9360,
0xb440, 0xfe00, 
0x0000, 0xb440, 0xfe20, 0xfe00, 0xfe00, 0xfe00, 0xfe20, 0xa3e0, 0xb460, 0xbca0,
0x1060, 0x8340, 0x9bc0, 0xfde0, 0xfe00, 0xfe00, 0x3980, 0x0000, 0x0000, 0x0000,
0x0840, 0xdd40, 0xb440, 0x0000, 0x0000, 0x0000, 0x0000, 0x0000, 0x0000, 0x0000,
0x0000, 0x0000, 0x72c0, 0xfe20, 0xfe00, 0xfe00, 0xfe00, 0xfe00, 0x41a0, 0x0000,
0x0000, 0x0000, 0x0000, 0x0000, 0x0000, 0x0000, 0x0000, 0x0000, 0x9380, 0x2900,
0x0000, 0x0000, 0x20c0, 0xf5a0, 0xfe20, 0xc480, 0xa3e0, 0x49c0, 0x0000, 0x0000,
0x0000, 0x18c3, 0xbe3a, 0xae1a, 0xadf9, 0xadd9, 0xadd9, 0x9d98, 0x9d98, 0xa5b8,
0xa5b8, 0xadf9, 0x6bf2, 0x6281, 0xfe00, 0xa3e0, 0x4a6a, 0x9d78, 0xa5d9, 0xa5b8,
0xa598, 0x9d98, 0xa5b8, 0xa5b8, 0x9d98, 0xa5b9, 0xa5d9, 0xa5b8, 0xa5d9, 0xa598,
0xa5b8, 0xa598, 0x9536, 0x5223, 0x6a80, 0x52cb, 0x7bec, 0xa3e0, 0xfe20, 0xfe00,
0xb420, 0x51e0, 0x3980, 0x8320, 0x3120, 0x0000, 0x0000, 0x0000, 0xac20, 0xfe40,
0xfe00, 0x9380, 0x7b00, 0x0000, 0x0000, 0x0000, 0x1060, 0xd500, 0xf5e0, 0x6260,
0x0000, 0x0000, 0x0000, 0x0000, 0x0000, 0x0000, 0x0000, 0x0000, 0x0000, 0x9380,
0x8b40, 0xeda0, 
0x0000, 0xb440, 0xfe20, 0xfe00, 0xfe00, 0xfe00, 0xfe20, 0x9380, 0x5200, 0x49c0,
0x0000, 0x8340, 0x9bc0, 0xfe00, 0xfe00, 0xfe20, 0x9380, 0x0000, 0x0000, 0x0000,
0x0000, 0x7ae0, 0xfe40, 0x6aa0, 0x0000, 0x0000, 0x0000, 0x0000, 0x0000, 0x0000,
0x0000, 0x4180, 0xf5c0, 0xfe00, 0xfe00, 0xfe00, 0xfe00, 0xfe20, 0xdd40, 0x20e0,
0x0000, 0x0000, 0x0000, 0x0000, 0x0000, 0x0000, 0x0000, 0x49c0, 0xdd40, 0x20c0,
0x0000, 0x0000, 0x18c0, 0xf5a0, 0xfe00, 0xf5c0, 0x8b40, 0x93a0, 0x0000, 0x0000,
0x0000, 0x0000, 0x73f0, 0x73f1, 0x9d78, 0xae1a, 0xadf9, 0x9db8, 0xa5b9, 0xa5b9,
0x8cf6, 0x52ec, 0x72c1, 0xf5c0, 0xfe00, 0xfe20, 0xb420, 0x4a25, 0x6bf2, 0x9d78,
0x9db9, 0xa5d9, 0x9db8, 0xa5d9, 0x9558, 0x84b5, 0x52ed, 0x7c74, 0x9557, 0x84f6,
0x8d16, 0x8d17, 0x4a8a, 0x7ac0, 0xbc60, 0x8340, 0x5201, 0xe560, 0xfe00, 0xfe00,
0xccc0, 0x20c0, 0x20c0, 0x6240, 0x0000, 0x0000, 0x0000, 0x3120, 0xeda0, 0xfe00,
0xfde0, 0x9380, 0x6aa0, 0x0000, 0x0000, 0x0000, 0x3960, 0xf5c0, 0x7ae0, 0x0000,
0x0000, 0x0000, 0x0000, 0x0000, 0x0000, 0x0000, 0x0000, 0x0000, 0x0000, 0x4180,
0x9bc0, 0xbc60, 
0x0000, 0xb440, 0xfe20, 0xfe00, 0xfe00, 0xfe00, 0xfe20, 0xa3e0, 0x18a0, 0x18a0,
0x20e0, 0x5a20, 0x49e0, 0xac20, 0xfe00, 0xfe00, 0xe560, 0x3120, 0x20c0, 0x20e0,
0x20e0, 0x20e0, 0x7ae0, 0xcd00, 0x8320, 0x1060, 0x0000, 0x0000, 0x0000, 0x0020,
0x5a20, 0xeda0, 0xfe20, 0xfe00, 0xfe00, 0xfde0, 0xe560, 0xdd40, 0xe560, 0xb480,
0x20e0, 0x0000, 0x0000, 0x0000, 0x0000, 0x1060, 0x7ae0, 0xf5e0, 0xfde0, 0x4180,
0x20c0, 0x20c0, 0x4180, 0xf5e0, 0xe560, 0x7b20, 0x49c0, 0x5a20, 0x28e0, 0x20e0,
0x20e0, 0x20e0, 0x3162, 0x49c0, 0x5a64, 0x5b0b, 0x636e, 0x638f, 0x5b2d, 0x52a9,
0x5a82, 0xb440, 0xfe20, 0xfe00, 0xfe00, 0xfe00, 0xfe20, 0xe560, 0x8340, 0x5245,
0x5aeb, 0x636e, 0x6baf, 0x5b2d, 0x4a88, 0x4a02, 0x3140, 0x4a45, 0x5245, 0x4a25,
0x5245, 0x4a04, 0x7ae0, 0xbc60, 0xf5c0, 0xb420, 0x8300, 0xfe20, 0xfde0, 0xfe20,
0xac00, 0x0840, 0x5200, 0x3140, 0x0000, 0x0000, 0x0000, 0x8320, 0xfe20, 0xfe00,
0xdd20, 0x8b40, 0x4180, 0x0000, 0x0000, 0x0000, 0x8320, 0xac00, 0x0820, 0x0000,
0x0000, 0x0000, 0x0000, 0x0000, 0x0000, 0x0000, 0x0000, 0x0000, 0x0000, 0x1060,
0xac20, 0xa3c0, 
0x0000, 0xb440, 0xfe40, 0xfe00, 0xfe00, 0xfe00, 0xfe00, 0xfde0, 0xf5c0, 0xf5c0,
0xf5e0, 0xf5a0, 0xa3c0, 0xf5c0, 0xfe00, 0xfe00, 0xfe20, 0xfde0, 0xf5c0, 0xf5c0,
0xfe00, 0xbc60, 0xc4a0, 0xfe40, 0xfe40, 0xdd40, 0x9bc0, 0x8320, 0x9380, 0xccc0,
0xfe20, 0xfe20, 0xfe00, 0xfe00, 0xfe00, 0xfe00, 0xac20, 0x9ba0, 0x9ba0, 0xa3e0,
0x9ba0, 0x8320, 0x8320, 0x8320, 0xa3c0, 0xe540, 0xfe40, 0xfe20, 0xfe00, 0xf5e0,
0xf5c0, 0xf5c0, 0xfde0, 0xfe00, 0xfe00, 0xf5e0, 0xc4c0, 0x9bc0, 0xfe00, 0xf5c0,
0xf5c0, 0xf5c0, 0xf5c0, 0xfe00, 0xfde0, 0xd500, 0xcca0, 0xccc0, 0xcca0, 0xe540,
0xfe20, 0xfe40, 0xfe00, 0xfe00, 0xfe00, 0xfe00, 0xfe00, 0xfe20, 0xfe40, 0xf5c0,
0xd500, 0xcca0, 0xccc0, 0xccc0, 0xe560, 0xfe00, 0xfde0, 0xf5c0, 0xf5c0, 0xf5c0,
0xf5c0, 0xf5c0, 0xfe00, 0xfe20, 0xfe21, 0x6ac2, 0xcca0, 0xfe00, 0xfe00, 0xd520,
0x28e0, 0x18a0, 0x7ae0, 0x0840, 0x0000, 0x0000, 0x1080, 0xd500, 0xfe20, 0xfde0,
0x9380, 0x8b40, 0x0840, 0x0000, 0x0000, 0x1060, 0xa400, 0x20e0, 0x0000, 0x0000,
0x0000, 0x0000, 0x5a40, 0xac20, 0x9bc0, 0x28e0, 0x0000, 0x0000, 0x0000, 0x0000,
0x9bc0, 0x9b80, 
0x0000, 0xa3c0, 0xe5a0, 0xe560, 0xe560, 0xe560, 0xe560, 0xe560, 0xed80, 0xed80,
0xed80, 0xe580, 0xe560, 0xe560, 0xe560, 0xe560, 0xe560, 0xed80, 0xed80, 0xed80,
0xed80, 0xe580, 0xe560, 0xe560, 0xe560, 0xed80, 0xeda0, 0xf5a0, 0xeda0, 0xeda0,
0xe560, 0xe560, 0xe560, 0xe560, 0xe560, 0xe560, 0xed80, 0xed80, 0xed80, 0xed80,
0xeda0, 0xeda0, 0xeda0, 0xf5a0, 0xeda0, 0xed80, 0xe560, 0xe560, 0xe560, 0xed80,
0xed80, 0xed80, 0xed80, 0xe560, 0xe560, 0xed80, 0xe560, 0xdd20, 0xed80, 0xe560,
0xed80, 0xed80, 0xed80, 0xe560, 0xe580, 0xed80, 0xed80, 0xed80, 0xed80, 0xed80,
0xe560, 0xe560, 0xe560, 0xe560, 0xe560, 0xe560, 0xe560, 0xe560, 0xe560, 0xe580,
0xed80, 0xed80, 0xed80, 0xed80, 0xed80, 0xe560, 0xe580, 0xed80, 0xed80, 0xed80,
0xed80, 0xed80, 0xe560, 0xe580, 0xcd24, 0x72e2, 0xfde0, 0xfe00, 0xf5c0, 0x51e0,
0x2900, 0x3960, 0x5a20, 0x0000, 0x0000, 0x0000, 0x5200, 0xac00, 0x9380, 0x93a0,
0x9380, 0x4180, 0x0000, 0x0000, 0x0000, 0x5a00, 0x6260, 0x0000, 0x0000, 0x0000,
0x0000, 0x8320, 0xfe20, 0xa3e0, 0x8320, 0xa3c0, 0x0020, 0x0000, 0x0000, 0x0000,
0x9380, 0x9380, 
0x0000, 0x1060, 0x1080, 0x1080, 0x1080, 0x1080, 0x1080, 0x1040, 0x1040, 0x1080,
0x1080, 0x1060, 0x0840, 0x1060, 0x1080, 0x1080, 0x1060, 0x0840, 0x1060, 0x1080,
0x1080, 0x1040, 0x1040, 0x1080, 0x1080, 0x1080, 0x1080, 0x1080, 0x1080, 0x1060,
0x0840, 0x1080, 0x1080, 0x1080, 0x0840, 0x1060, 0x1080, 0x1080, 0x1060, 0x1060,
0x1060, 0x1080, 0x1080, 0x0840, 0x1080, 0x1080, 0x1080, 0x0840, 0x1060, 0x1080,
0x1080, 0x0840, 0x1040, 0x1080, 0x1080, 0x1080, 0x1080, 0x1880, 0x1080, 0x20e1,
0x18a0, 0x1080, 0x1060, 0x1060, 0x1060, 0x1080, 0x1880, 0x2101, 0x1060, 0x1080,
0x1080, 0x1060, 0x0840, 0x1060, 0x1080, 0x1080, 0x20e1, 0x1040, 0x1080, 0x1080,
0x1080, 0x1040, 0x1040, 0x1080, 0x1080, 0x1060, 0x0840, 0x1080, 0x1080, 0x1080,
0x1080, 0x1080, 0x1080, 0x1880, 0x31a5, 0xac00, 0xfe20, 0xfe20, 0x9360, 0x3140,
0x7ae0, 0x3140, 0x1880, 0x0000, 0x0000, 0x0000, 0x1080, 0x3960, 0x8320, 0x8b60,
0x4180, 0x0000, 0x0000, 0x0000, 0x1060, 0x8320, 0x1060, 0x0000, 0x0000, 0x0000,
0x6a80, 0xfe00, 0xf5a0, 0x8b40, 0x93a0, 0xac20, 0x18c0, 0x0000, 0x0000, 0x0000,
0x9380, 0x9380, 
0x0000, 0x0000, 0x0000, 0x0000, 0x0000, 0x0000, 0x0000, 0x4a6a, 0x39e8, 0x0000,
0x0000, 0x18e4, 0x632d, 0x2965, 0x0000, 0x0000, 0x10a3, 0x5b0c, 0x10a3, 0x0000,
0x0000, 0x4a6a, 0x4a6a, 0x0000, 0x0000, 0x0000, 0x0000, 0x0000, 0x0000, 0x2145,
0x4a6a, 0x0000, 0x0000, 0x0041, 0x5aeb, 0x2125, 0x0000, 0x0000, 0x2145, 0x2945,
0x18c3, 0x0000, 0x0021, 0x4a8a, 0x0041, 0x0000, 0x0841, 0x5acb, 0x18c3, 0x0000,
0x0000, 0x4a69, 0x4208, 0x0000, 0x0000, 0x0000, 0x0000, 0x0000, 0x0000, 0x632d,
0x0862, 0x0000, 0x18e4, 0x2945, 0x2125, 0x0000, 0x0000, 0x73cf, 0x3a08, 0x0000,
0x0000, 0x10a3, 0x630c, 0x10c3, 0x0000, 0x0000, 0x8c51, 0x630c, 0x0841, 0x0000,
0x0000, 0x39e8, 0x4a69, 0x0000, 0x0000, 0x2104, 0x4a6a, 0x10a2, 0x0000, 0x0000,
0x0000, 0x0000, 0x0000, 0x31a6, 0x5a86, 0xed80, 0xfe20, 0xdd40, 0x3120, 0x7ac0,
0xa3c0, 0x20e0, 0x0840, 0x0000, 0x0000, 0x0000, 0x0000, 0x0000, 0x0000, 0x0000,
0x0000, 0x0000, 0x0000, 0x0000, 0x6a80, 0x5200, 0x0000, 0x0000, 0x0000, 0x2900,
0xe580, 0xfe20, 0xbc40, 0xb420, 0xbc80, 0xa3e0, 0x2900, 0x0000, 0x0000, 0x0000,
0x9bc0, 0x6260, 
0x0000, 0x0000, 0x0000, 0x0000, 0x0000, 0x0000, 0x2104, 0x94d3, 0x94d3, 0x0861,
0x0000, 0x52cb, 0x9cf4, 0x8c51, 0x0000, 0x0000, 0x7bef, 0xef9e, 0x632c, 0x0000,
0x0020, 0x9cd3, 0x94b3, 0x18e3, 0x0000, 0x0000, 0x0000, 0x0000, 0x0000, 0x632d,
0xbe18, 0x0861, 0x0000, 0x4a69, 0x94d3, 0x8431, 0x0000, 0x0000, 0x6b8e, 0x9492,
0x4a69, 0x0000, 0x18e4, 0x94b2, 0x0020, 0x0000, 0x528a, 0x8c51, 0x18c3, 0x0000,
0x18e3, 0xdefc, 0xbdf8, 0x0861, 0x0000, 0x0000, 0x0000, 0x0000, 0x0000, 0x8410,
0x10a2, 0x0000, 0x4a8a, 0x8c92, 0x738e, 0x0000, 0x0000, 0xb5d7, 0x8c92, 0x0000,
0x0000, 0x73af, 0xf7be, 0x632d, 0x0000, 0x0000, 0x9cd3, 0x94d3, 0x4a6a, 0x0000,
0x1082, 0x94b2, 0x9cf3, 0x2124, 0x0000, 0x31a6, 0xce9a, 0x10a2, 0x0000, 0x0000,
0x0000, 0x0000, 0x0000, 0x18e2, 0x9360, 0xfe00, 0xfe20, 0x8b60, 0x20c0, 0x6240,
0x4180, 0x8300, 0xa400, 0x20e0, 0x0000, 0x0000, 0x0000, 0x0000, 0x0000, 0x0000,
0x0000, 0x0000, 0x0000, 0x4180, 0xac00, 0x0840, 0x0000, 0x0000, 0x0000, 0xa3e0,
0xfe20, 0xfde0, 0x8b40, 0xed80, 0xb440, 0x9be0, 0x20c0, 0x0000, 0x0000, 0x0840,
0xac20, 0x7ae0, 
0x0000, 0x0000, 0x0000, 0x0000, 0x0000, 0x0000, 0x0020, 0x630c, 0x4a8a, 0x0000,
0x0000, 0x52ab, 0x9d14, 0x39e7, 0x0000, 0x0000, 0x2145, 0x73af, 0x1082, 0x0000,
0x0020, 0x4208, 0x39e7, 0x1082, 0x0000, 0x0000, 0x0000, 0x0000, 0x0000, 0x31a6,
0x6b8e, 0x0021, 0x0000, 0x10a2, 0x6b8e, 0x31c7, 0x0000, 0x0000, 0x2965, 0x7c10,
0x2104, 0x0000, 0x0882, 0x39e7, 0x0000, 0x0000, 0x10a2, 0x6b6e, 0x2104, 0x0000,
0x0020, 0x632c, 0x4229, 0x0000, 0x0000, 0x0000, 0x0000, 0x0000, 0x0020, 0x8c71,
0x1082, 0x0000, 0x10a2, 0x7bcf, 0x4208, 0x0000, 0x0000, 0x4a49, 0x52aa, 0x0841,
0x0000, 0x2124, 0x73cf, 0x10a2, 0x0000, 0x0000, 0x5acb, 0x738e, 0x10a2, 0x0000,
0x0000, 0x528a, 0x5b0c, 0x0020, 0x0000, 0x2965, 0x632d, 0x18c3, 0x0000, 0x0000,
0x0000, 0x0000, 0x0000, 0x1060, 0xd4e0, 0xfe20, 0xfe00, 0x51e0, 0x3120, 0x9ba0,
0x9ba0, 0x8b40, 0x72c0, 0x8b60, 0x0000, 0x0000, 0x0000, 0x0000, 0x0000, 0x0000,
0x0000, 0x0000, 0x3940, 0xdd20, 0x6a80, 0x0000, 0x0000, 0x0000, 0x4180, 0xf5c0,
0xfe00, 0xd500, 0x9380, 0xfe20, 0x9bc0, 0x9bc0, 0x0840, 0x0000, 0x0000, 0x18a0,
0xe540, 0xd500, 
0x0020, 0x0840, 0x0840, 0x0840, 0x0840, 0x0020, 0x0000, 0x0000, 0x0000, 0x0000,
0x0000, 0x2103, 0x18a2, 0x0000, 0x0820, 0x0840, 0x0000, 0x0000, 0x0000, 0x0000,
0x0000, 0x0020, 0x0820, 0x0840, 0x0840, 0x0000, 0x0000, 0x0000, 0x0000, 0x0000,
0x0000, 0x0000, 0x0000, 0x0000, 0x0000, 0x0000, 0x0000, 0x0000, 0x0000, 0x0000,
0x0000, 0x0000, 0x0000, 0x0000, 0x0000, 0x0000, 0x0000, 0x0000, 0x0020, 0x0840,
0x0820, 0x0000, 0x0000, 0x0000, 0x0000, 0x0000, 0x0000, 0x0000, 0x0820, 0x3164,
0x0820, 0x0000, 0x0000, 0x0000, 0x0000, 0x0820, 0x0000, 0x0000, 0x0000, 0x0000,
0x0000, 0x0000, 0x0000, 0x0000, 0x0000, 0x0000, 0x0000, 0x0000, 0x0000, 0x0000,
0x0000, 0x0000, 0x0000, 0x0000, 0x0000, 0x0000, 0x0000, 0x0000, 0x0000, 0x0000,
0x0000, 0x0000, 0x0000, 0x5200, 0xfe00, 0xfe00, 0xfde0, 0x49c0, 0x20e0, 0xd500,
0x9ba0, 0x72e0, 0x6a80, 0x9bc0, 0x0840, 0x0000, 0x0000, 0x0000, 0x0000, 0x0000,
0x0840, 0x6240, 0xe580, 0xe560, 0x1880, 0x0000, 0x0000, 0x0000, 0xac00, 0xfe20,
0xfe00, 0x9ba0, 0xccc0, 0xfe00, 0x9380, 0x8b60, 0x0000, 0x0000, 0x0000, 0x3960,
0xf5e0, 0x6260, 
0x20e0, 0x49c0, 0x41a0, 0x41a0, 0x49c0, 0x8300, 0xc4c0, 0xd520, 0xd500, 0xd500,
0xd4e0, 0x7b00, 0x8b60, 0xc4a0, 0x9ba0, 0x5a20, 0x8b60, 0x9ba0, 0xd500, 0xd500,
0xbc80, 0x5200, 0x49c0, 0x49c0, 0x5200, 0xc4a0, 0xd500, 0xd4e0, 0xd4e0, 0xd4e0,
0xd4e0, 0xd4e0, 0xd4e0, 0xd4e0, 0xd4e0, 0xd4e0, 0xd4e0, 0xd4e0, 0xd4e0, 0xd4e0,
0xd4e0, 0xd4e0, 0xd4e0, 0xd4e0, 0xd4e0, 0xd500, 0xd520, 0xbc80, 0x8b40, 0x6a80,
0x6261, 0x5201, 0x7326, 0xb52e, 0xb52e, 0xad2e, 0xb52e, 0xb54f, 0xad0e, 0x942a,
0x6ae5, 0xb52e, 0xad0e, 0xb52e, 0xb52e, 0x7b66, 0xbc60, 0xd500, 0xd4e0, 0xd4e0,
0xd4e0, 0xd4e0, 0xd4e0, 0xd4e0, 0xd4e0, 0xd4e0, 0xd4e0, 0xd4e0, 0xd4e0, 0xd4e0,
0xd4e0, 0xd4e0, 0xd4e0, 0xd4e0, 0xd4e0, 0xd4e0, 0xd4e0, 0xd500, 0xd500, 0xd4e0,
0xc4a0, 0xbc60, 0x49e0, 0xac00, 0xfe20, 0xfde0, 0xfe00, 0x9ba0, 0x1060, 0x6a80,
0x8320, 0xac00, 0xbc80, 0x51e0, 0x8320, 0x5a40, 0x1060, 0x0000, 0x0000, 0x0000,
0x72c0, 0xfe20, 0xfe40, 0x8b60, 0x0000, 0x0000, 0x0000, 0x3140, 0xeda0, 0xfe20,
0xeda0, 0x8b20, 0xfde0, 0xdd40, 0x9380, 0x6260, 0x0000, 0x0000, 0x0000, 0x72e0,
0xbc60, 0x0820, 
0x0000, 0x0000, 0x18a0, 0x6a60, 0xc480, 0xe560, 0xccc0, 0xac00, 0xa3c0, 0xa3c0,
0x9ba0, 0x6260, 0xbc80, 0x4180, 0x0840, 0x0000, 0x5a20, 0x8b40, 0xfde0, 0xfe40,
0xdd20, 0x0820, 0x0000, 0x0000, 0x1880, 0xeda0, 0xfe20, 0xfe20, 0xfe20, 0xfe20,
0xfe20, 0xfe20, 0xfe20, 0xfe20, 0xfe20, 0xfe20, 0xfe20, 0xfe20, 0xfe20, 0xfe20,
0xfe20, 0xfe20, 0xfe20, 0xfe20, 0xfe40, 0xf5c0, 0x9380, 0x5a86, 0x6b8e, 0x8473,
0x94f5, 0x9515, 0x94f5, 0xb63a, 0xc69c, 0xc67b, 0xbe7b, 0xcebc, 0xbe7b, 0xc67b,
0x9d77, 0xc6bc, 0xbe7b, 0xc69c, 0xbe5b, 0x5aa7, 0xf5a0, 0xfe20, 0xfe20, 0xfe20,
0xfe20, 0xfe20, 0xfe20, 0xfe20, 0xfe20, 0xfe20, 0xfe20, 0xfe20, 0xfe20, 0xfe20,
0xfe20, 0xfe20, 0xfe20, 0xfe20, 0xfe20, 0xfe20, 0xfe00, 0xfde0, 0xf5a0, 0xdd20,
0xd500, 0xc480, 0x51e0, 0xed80, 0xfe00, 0xfde0, 0xfe00, 0xe540, 0x8320, 0x4180,
0x9380, 0xb420, 0x3140, 0x3140, 0xabe0, 0xac20, 0x20c0, 0x0000, 0x0000, 0x0000,
0x8b40, 0xfe40, 0xf5c0, 0x3960, 0x0000, 0x0000, 0x0000, 0x8b40, 0xfe00, 0xb440,
0x8b40, 0xac20, 0xfe60, 0xb440, 0xa400, 0x3120, 0x0000, 0x0000, 0x0000, 0xa3e0,
0x49c0, 0x0000, 
0x6260, 0xac00, 0xeda0, 0xfe40, 0xccc0, 0x8b40, 0x9ba0, 0x8b20, 0x72c0, 0x72a0,
0x8b40, 0xbc60, 0xcce0, 0x0820, 0x0000, 0x0000, 0x20c0, 0x8b40, 0xccc0, 0xfe40,
0xd4e0, 0x0840, 0x0000, 0x0000, 0x20e0, 0xf5c0, 0xfe20, 0xf5c0, 0xed80, 0xfe00,
0xfe00, 0xfe20, 0xfe20, 0xfe20, 0xfe20, 0xfe20, 0xfe20, 0xfe20, 0xfe20, 0xfe20,
0xfe20, 0xfe20, 0xfe20, 0xfe20, 0xcce0, 0x5a85, 0x7412, 0xa5da, 0xb63b, 0xae1b,
0xae1b, 0xb63b, 0xcefd, 0xc69c, 0xc67c, 0xc69c, 0xbe7b, 0xc69c, 0xc69c, 0xbe7b,
0xc69c, 0xbe7b, 0xc67c, 0xc69c, 0xa599, 0x6ac2, 0xfe20, 0xfe20, 0xfe20, 0xfe20,
0xfe20, 0xfe20, 0xfe20, 0xfe20, 0xfe20, 0xfe20, 0xfe20, 0xfe20, 0xfe20, 0xfe20,
0xfe20, 0xfe20, 0xfe20, 0xfe00, 0xfe00, 0xf5c0, 0xeda0, 0xe560, 0xe540, 0xeda0,
0xfde0, 0x8b40, 0x8320, 0xfe20, 0xfde0, 0xfde0, 0xfde0, 0xfde0, 0xe560, 0x3140,
0x5200, 0x5200, 0x0000, 0x8300, 0x9bc0, 0xcce0, 0x18a0, 0x0000, 0x0000, 0x0000,
0x8b40, 0xfe40, 0xccc0, 0x0840, 0x0000, 0x0000, 0x1060, 0xd4e0, 0xfe20, 0xcce0,
0x51e0, 0x7b00, 0xac20, 0x8340, 0x9ba0, 0x0020, 0x0000, 0x0000, 0x2900, 0x8b80,
0x0020, 0x0000, 
0xfe20, 0xfe20, 0xfe20, 0xb440, 0x8b40, 0x93a0, 0x3120, 0x0020, 0x0000, 0x0000,
0x0000, 0x20e0, 0x9bc0, 0x51e0, 0x0000, 0x0000, 0x0000, 0x7ae0, 0x9ba0, 0xfe40,
0xcce0, 0x0820, 0x0000, 0x0000, 0x2900, 0xd4e0, 0x9ba0, 0x5a84, 0x6281, 0xfde0,
0xfde0, 0xc480, 0xbc80, 0xbc80, 0xbc80, 0xbc80, 0xbc80, 0xbc80, 0xbc80, 0xbc80,
0xbc80, 0xbc80, 0xbc80, 0xbc80, 0x72c0, 0x7ba8, 0x9cac, 0x9c8b, 0x9c8b, 0x9c8b,
0x9c8b, 0x9c8b, 0xa4cc, 0xa4ac, 0xa4ac, 0xa4ac, 0xa4ac, 0xa4ab, 0xa4cc, 0xa4ab,
0xa4ab, 0xa4ab, 0xa4ab, 0xa4ac, 0x8c09, 0x8b40, 0xbca0, 0xbc80, 0xbc80, 0xbc80,
0xbc80, 0xbc80, 0xbc80, 0xbc80, 0xbc80, 0xbc80, 0xbc80, 0xbc80, 0xbc80, 0xbc80,
0xbc80, 0xbc80, 0xbc80, 0xbc80, 0xb460, 0xb440, 0xb440, 0xbc60, 0xc480, 0xbc80,
0xa3e0, 0x4180, 0xd4e0, 0xfe00, 0xfde0, 0xfde0, 0xfde0, 0xfe00, 0xd4e0, 0x0820,
0x72c0, 0x3960, 0x1880, 0xa420, 0xb420, 0xdd60, 0x1080, 0x0000, 0x0000, 0x0000,
0x8b60, 0xfe40, 0x8b60, 0x0000, 0x0000, 0x0000, 0x41a0, 0xfde0, 0xfe00, 0xe540,
0xa3e0, 0xedc0, 0x9380, 0x51e0, 0x3940, 0x0000, 0x0000, 0x0000, 0x5a40, 0x41a0,
0x0000, 0x0000, 
0xfe00, 0xfe00, 0xdd20, 0x8320, 0x9380, 0x0820, 0x0000, 0x0000, 0x0000, 0x0000,
0x0000, 0x0000, 0x3140, 0x9360, 0x0000, 0x0000, 0x0000, 0x49c0, 0x8b40, 0xf5a0,
0xccc0, 0x0020, 0x0000, 0x0000, 0x1081, 0x5ac9, 0x7c31, 0xa598, 0x5aeb, 0xccc0,
0xf5c0, 0x5a20, 0x72c0, 0x7b00, 0x7b00, 0x7b00, 0x7ae0, 0x7b00, 0x7b00, 0x8300,
0x8300, 0x8300, 0x8300, 0x8300, 0x8320, 0x8320, 0x8300, 0x8300, 0x8300, 0x8300,
0x8300, 0x8300, 0x8300, 0x8300, 0x8300, 0x8300, 0x8300, 0x8300, 0x7ae0, 0x8300,
0x8300, 0x8300, 0x8300, 0x8300, 0x8300, 0x8320, 0x8300, 0x8300, 0x8300, 0x7b00,
0x7b00, 0x7b00, 0x7b00, 0x7b00, 0x7b00, 0x7b00, 0x8300, 0x8300, 0x8300, 0x8300,
0x8300, 0x8300, 0x7b00, 0x7b00, 0x7b00, 0x7b00, 0x8300, 0x8300, 0x8300, 0x8320,
0x5a20, 0x5a20, 0xfe00, 0xfe00, 0xfde0, 0xfde0, 0xfde0, 0xfe20, 0x72c0, 0x0000,
0x8b40, 0x18a0, 0x6260, 0x9bc0, 0xe540, 0xdd20, 0x1060, 0x0000, 0x0000, 0x0000,
0x9380, 0xfe20, 0x51e0, 0x0000, 0x0000, 0x0000, 0x8b40, 0xfe20, 0xfde0, 0xf5c0,
0xf5c0, 0xfe20, 0x9bc0, 0x9be0, 0x1060, 0x0000, 0x0000, 0x0020, 0x6a80, 0x0840,
0x0000, 0x0000, 
0xfe00, 0xfe20, 0x9380, 0xac20, 0x18a0, 0x0000, 0x0000, 0x0000, 0x0000, 0x0000,
0x0000, 0x0000, 0x0020, 0x9ba0, 0x20c0, 0x0000, 0x0000, 0x1080, 0x8b40, 0xc4a0,
0xccc0, 0x0000, 0x0000, 0x0000, 0x2986, 0xadd9, 0xadf9, 0xadf9, 0x7c53, 0x8b40,
0xf5c0, 0x72a0, 0xc480, 0xdd20, 0xdd20, 0xcce0, 0xb440, 0xb440, 0xccc0, 0xcce0,
0xcce0, 0xccc0, 0xccc0, 0xcce0, 0xd500, 0xdd20, 0xdd20, 0xdd20, 0xdd20, 0xdd20,
0xdd20, 0xdd20, 0xdd20, 0xdd20, 0xdd20, 0xdd20, 0xdd20, 0xcce0, 0xb440, 0xb440,
0xc4a0, 0xd500, 0xdd20, 0xdd20, 0xdd20, 0xdd20, 0xdd20, 0xdd20, 0xdd20, 0xd500,
0xcce0, 0xbc80, 0xb440, 0xac20, 0xb440, 0xc480, 0xcce0, 0xd500, 0xcce0, 0xccc0,
0xccc0, 0xcce0, 0xccc0, 0xbc80, 0xbc60, 0xd4e0, 0xdd20, 0xd500, 0xcce0, 0xcce0,
0x5a00, 0xb420, 0xfe20, 0xfde0, 0xfde0, 0xfde0, 0xfe00, 0xed80, 0x3960, 0x2900,
0x8b60, 0x0840, 0x9be0, 0x9bc0, 0xfe00, 0xd500, 0x0840, 0x0000, 0x0000, 0x0000,
0x9380, 0xeda0, 0x20e0, 0x0000, 0x0000, 0x0020, 0xbc60, 0xfe20, 0xfde0, 0xfde0,
0xfe00, 0xdd20, 0x9360, 0x7ae0, 0x0000, 0x0000, 0x0000, 0x2900, 0x2900, 0x0000,
0x0000, 0x0000, 
0xfe00, 0xeda0, 0x8b40, 0x7b00, 0x0000, 0x0000, 0x0000, 0x0000, 0x0000, 0x0000,
0x0000, 0x0000, 0x0000, 0x6a80, 0x6260, 0x0000, 0x0000, 0x0000, 0x72a0, 0x9ba0,
0xbc80, 0x0000, 0x0000, 0x0000, 0x31c7, 0xa5d9, 0xa5b9, 0xa5b9, 0x9d78, 0x5a85,
0xe560, 0x8320, 0xe540, 0xfe00, 0xfde0, 0xdd40, 0x9bc0, 0x9ba0, 0xb440, 0xbc60,
0xbc60, 0xbc60, 0xbc60, 0xc480, 0xe540, 0xfde0, 0xfde0, 0xfde0, 0xfe00, 0xfe00,
0xfe00, 0xfe00, 0xfe00, 0xfde0, 0xfde0, 0xf5c0, 0xe560, 0xccc0, 0xa3e0, 0x9bc0,
0xac20, 0xccc0, 0xed80, 0xfde0, 0xfde0, 0xfe00, 0xfde0, 0xfde0, 0xfdc0, 0xdd40,
0xbc60, 0xa3e0, 0x9ba0, 0x9380, 0x9380, 0xa3e0, 0xbc60, 0xc4a0, 0xbc60, 0xb460,
0xbc60, 0xbc60, 0xb440, 0x9bc0, 0x9bc0, 0xdd20, 0xfde0, 0xed80, 0xc4a0, 0xbc60,
0x8b40, 0xd500, 0xf5c0, 0xfde0, 0xfde0, 0xfde0, 0xfe00, 0xac00, 0xa3e0, 0xac20,
0x5200, 0x3960, 0xa400, 0xc4a0, 0xfe40, 0xccc0, 0x0840, 0x0000, 0x0000, 0x0000,
0x9ba0, 0xd500, 0x0840, 0x0000, 0x0000, 0x1880, 0xdd40, 0xfe00, 0xfde0, 0xfde0,
0xfe00, 0x9ba0, 0xa400, 0x20c0, 0x0000, 0x0000, 0x0000, 0x6aa0, 0x20c0, 0x0000,
0x0000, 0x0000, 
0xfe20, 0xd4e0, 0x9ba0, 0x49c0, 0x0000, 0x0000, 0x0000, 0x0000, 0x0000, 0x1060,
0x1080, 0x0000, 0x0000, 0x20e0, 0x9ba0, 0x0000, 0x0000, 0x0000, 0x3960, 0x8b60,
0x9ba0, 0x0000, 0x0000, 0x0000, 0x29a7, 0xa5b9, 0xa5b8, 0xadd9, 0xb61a, 0x636d,
0x9340, 0x7b00, 0xe540, 0xfe00, 0xfde0, 0xe560, 0xa3e0, 0x8b60, 0x8b20, 0x7ae0,
0x7ae0, 0x7ae0, 0x7ae0, 0x8300, 0x9b80, 0xb420, 0xccc0, 0xed80, 0xfde0, 0xfde0,
0xfe00, 0xfe00, 0xfde0, 0xfde0, 0xdd40, 0xa3e0, 0x72a0, 0x5200, 0x49c0, 0x5a20,
0x7ae0, 0x93a0, 0xbc60, 0xe560, 0xfde0, 0xfde0, 0xfe00, 0xfdc0, 0xd500, 0xac00,
0x8b60, 0x6a80, 0x51e0, 0x41a0, 0x41a0, 0x5a00, 0x7ae0, 0x8b40, 0x9380, 0x9380,
0x7b00, 0x7ae0, 0x8300, 0x8320, 0xa3c0, 0xe540, 0xfde0, 0xe560, 0xa3e0, 0x7ae0,
0x7b00, 0x7ae0, 0x9380, 0xdd20, 0xfde0, 0xfe00, 0xf5c0, 0x49a0, 0x6280, 0x7b20,
0x0820, 0x8320, 0x9ba0, 0xf5a0, 0xfe20, 0xccc0, 0x0820, 0x0000, 0x0000, 0x0000,
0x9bc0, 0xbc60, 0x0000, 0x0000, 0x0000, 0x2900, 0xed80, 0xfe00, 0xfde0, 0xfe20,
0xccc0, 0x93a0, 0x72c0, 0x0000, 0x0000, 0x0000, 0x2900, 0x7b00, 0x0000, 0x0000,
0x0000, 0x3120, 
0xfe40, 0xbc60, 0xa3c0, 0x2900, 0x0000, 0x0000, 0x0000, 0x0000, 0x6260, 0xdd20,
0xe540, 0x9bc0, 0x3120, 0x0000, 0x9380, 0x3120, 0x0000, 0x0000, 0x0840, 0x8b60,
0x6260, 0x0020, 0x0000, 0x0000, 0x10a1, 0x9536, 0xae1a, 0xadf9, 0xb61a, 0x94f5,
0x2944, 0x72c0, 0xe560, 0xfe00, 0xfe00, 0xf5a0, 0xbc60, 0x8b60, 0x49c0, 0x20e0,
0x20e0, 0x20e0, 0x20e0, 0x20e0, 0x20e0, 0x3120, 0x49c0, 0x8b40, 0xdd20, 0xfde0,
0xfe00, 0xfde0, 0xfde0, 0xd500, 0x7ae0, 0x3120, 0x0840, 0x0020, 0x0020, 0x1060,
0x2900, 0x6260, 0x9380, 0xbc60, 0xed80, 0xfde0, 0xfde0, 0xdd20, 0xac00, 0x8320,
0x51e0, 0x18a0, 0x0820, 0x0020, 0x0020, 0x1060, 0x2900, 0x6260, 0x9bc0, 0x7ae0,
0x3120, 0x20c0, 0x3960, 0x7ac0, 0xb440, 0xf5a0, 0xfde0, 0xcce0, 0x6240, 0x28e0,
0x20c0, 0x3120, 0x7b00, 0xdd40, 0xfde0, 0xfe00, 0xf5a0, 0x6240, 0x0840, 0x0000,
0x18a0, 0xac20, 0xb420, 0xfe00, 0xfe20, 0xc4a0, 0x0820, 0x0000, 0x0000, 0x0000,
0xa3c0, 0xa400, 0x0000, 0x0000, 0x0000, 0x2900, 0xf5a0, 0xf5c0, 0xf5e0, 0xe560,
0x8320, 0xa3e0, 0x1060, 0x0000, 0x0000, 0x0000, 0x7b00, 0x5200, 0x0000, 0x0000,
0x0000, 0x8300, 
0xf600, 0xb440, 0xa3e0, 0x18a0, 0x0000, 0x0000, 0x0000, 0x3140, 0xdd40, 0xac00,
0xfe00, 0xfe40, 0xeda0, 0x6a80, 0x5a20, 0x72c0, 0x0000, 0x0000, 0x0000, 0x72a0,
0x49c0, 0x0000, 0x0000, 0x0000, 0x49a0, 0x842e, 0xb63a, 0xadf9, 0xadf9, 0xadf9,
0x8cd4, 0x7b02, 0xe540, 0xfe00, 0xfe00, 0xf5c0, 0xbc80, 0x8320, 0x3120, 0x0000,
0x0000, 0x0000, 0x0000, 0x0000, 0x0000, 0x0000, 0x0000, 0x28e0, 0x8b40, 0xe560,
0xfde0, 0xfde0, 0xe540, 0x8300, 0x20c0, 0x0000, 0x0000, 0x0000, 0x0000, 0x0000,
0x0000, 0x20c0, 0x6a80, 0x9bc0, 0xccc0, 0xf5c0, 0xed80, 0xb440, 0x8b40, 0x49c0,
0x1060, 0x0000, 0x0000, 0x0000, 0x0000, 0x0000, 0x0000, 0x20e0, 0x72a0, 0x6240,
0x0840, 0x0000, 0x18a0, 0x6a80, 0xb460, 0xf5c0, 0xf5c0, 0xa3c0, 0x20e0, 0x0000,
0x0000, 0x2900, 0xac00, 0xf5c0, 0xfe00, 0xfe00, 0xfe00, 0xfde0, 0xd4e0, 0x7ae0,
0x5200, 0x6260, 0xccc0, 0xfe00, 0xfe00, 0xbc80, 0x0020, 0x0000, 0x0000, 0x0000,
0xa3e0, 0x9bc0, 0x0000, 0x0000, 0x0000, 0x18a0, 0xe560, 0x9ba0, 0xa3e0, 0x8b60,
0xac40, 0x3140, 0x0000, 0x0000, 0x0000, 0x2900, 0xc4c0, 0x18a0, 0x0000, 0x0000,
0x0820, 0xbc80, 
0x8300, 0x9360, 0xac00, 0x18a0, 0x0000, 0x0000, 0x0000, 0x8320, 0xac20, 0xbc80,
0xfe20, 0xfe00, 0xfe00, 0xfe00, 0xd500, 0xc480, 0x0020, 0x0000, 0x0000, 0x3120,
0x7ac0, 0x0000, 0x0000, 0x0000, 0x7ae0, 0x8ba6, 0xa5d9, 0xae19, 0xb619, 0xae1a,
0xa5b8, 0x7b02, 0xe540, 0xfe00, 0xfe00, 0xf5c0, 0xbc80, 0x8320, 0x3120, 0x0000,
0x0000, 0x0000, 0x0000, 0x0000, 0x0000, 0x0000, 0x0000, 0x0000, 0x3960, 0xb420,
0xfdc0, 0xf5c0, 0xac00, 0x3140, 0x0000, 0x0000, 0x0000, 0x0000, 0x0000, 0x0000,
0x0000, 0x0000, 0x3140, 0x8320, 0xac20, 0xdd40, 0xcce0, 0x9ba0, 0x6260, 0x1880,
0x0000, 0x0000, 0x0000, 0x0000, 0x0000, 0x0000, 0x0000, 0x0820, 0x49c0, 0x5200,
0x0840, 0x0000, 0x18a0, 0x6a80, 0xb440, 0xf5c0, 0xdd40, 0x6a80, 0x0840, 0x0000,
0x0820, 0x5a20, 0xd500, 0xfde0, 0xfe00, 0xfe00, 0xfe00, 0xfe00, 0xfe20, 0xfe20,
0xe560, 0x8b40, 0xb440, 0xfde0, 0xfe20, 0xbc60, 0x0000, 0x0000, 0x0000, 0x0000,
0xa3e0, 0xa3e0, 0x0000, 0x0000, 0x0000, 0x0000, 0x8320, 0xa3e0, 0x93a0, 0xb460,
0x4180, 0x0000, 0x0000, 0x0000, 0x0000, 0xa3e0, 0xb420, 0x0000, 0x0000, 0x0000,
0x2900, 0xcce0, 
0xc4a0, 0x49c0, 0xa3c0, 0x20c0, 0x0000, 0x0000, 0x0000, 0xa3e0, 0x9ba0, 0xe540,
0xfe00, 0xfe00, 0xfe00, 0xfe00, 0xfe20, 0xf5e0, 0x3140, 0x0000, 0x0000, 0x0820,
0x5a20, 0x0000, 0x0000, 0x0000, 0x7ae0, 0xbc60, 0x8cd4, 0xae1a, 0xae19, 0xae1a,
0xa5b8, 0x7b02, 0xe540, 0xfe00, 0xfe00, 0xf5c0, 0xccc0, 0x8b60, 0x3120, 0x0000,
0x0000, 0x0000, 0x0000, 0x0000, 0x0000, 0x0000, 0x0000, 0x0000, 0x1060, 0x7ae0,
0xe560, 0xdd20, 0x6a80, 0x0840, 0x0000, 0x0000, 0x0000, 0x0000, 0x0000, 0x0000,
0x0000, 0x0000, 0x1060, 0x5a20, 0x9ba0, 0xb460, 0xac20, 0x8320, 0x3140, 0x0000,
0x0000, 0x0000, 0x0000, 0x0000, 0x0000, 0x0000, 0x0000, 0x0820, 0x49a0, 0x51e0,
0x0840, 0x0000, 0x18a0, 0x6a80, 0xb460, 0xeda0, 0xbc60, 0x3960, 0x0000, 0x0000,
0x20c0, 0x9380, 0xf5a0, 0xfe00, 0xfe00, 0xfe00, 0xfe00, 0xfe00, 0xfe00, 0xfe00,
0xfe00, 0xfe00, 0xfe00, 0xfde0, 0xfe00, 0xbc60, 0x0000, 0x0000, 0x0000, 0x0000,
0xac00, 0xbc60, 0x0000, 0x0000, 0x0000, 0x0000, 0x0840, 0x5a20, 0x6260, 0x18a0,
0x0000, 0x0000, 0x0000, 0x0000, 0x51e0, 0xfe00, 0x7b00, 0x0000, 0x0000, 0x0000,
0x5200, 0xc4a0, 
0x7b00, 0xb460, 0xccc0, 0x2900, 0x0000, 0x0000, 0x0000, 0xac00, 0x9380, 0xe540,
0xfe00, 0xfe00, 0xfe00, 0xfe00, 0xfe00, 0xfe20, 0x8b40, 0x0000, 0x0000, 0x0000,
0x0820, 0x0000, 0x0000, 0x0000, 0x1080, 0xa3c0, 0x83ec, 0xae1a, 0xae19, 0xae1a,
0xa598, 0x7b02, 0xe540, 0xfe00, 0xfe00, 0xfde0, 0xed60, 0xac00, 0x3140, 0x0000,
0x0000, 0x0820, 0x1880, 0x18a0, 0x1080, 0x0020, 0x0000, 0x0000, 0x0020, 0x5200,
0xccc0, 0xb440, 0x3140, 0x0000, 0x0000, 0x0000, 0x18a0, 0x4180, 0x4180, 0x18a0,
0x0000, 0x0000, 0x0000, 0x3140, 0x8320, 0x9360, 0x9380, 0x6260, 0x1080, 0x0000,
0x0000, 0x0000, 0x1880, 0x3960, 0x3960, 0x20c0, 0x0000, 0x0820, 0x49a0, 0x51e0,
0x0840, 0x0000, 0x18a0, 0x6a80, 0xbc60, 0xe540, 0x8b40, 0x1880, 0x0000, 0x0020,
0x49c0, 0xc4a0, 0xfde0, 0xfe00, 0xfe00, 0xfe00, 0xfe00, 0xfe00, 0xfe00, 0xfe00,
0xfe00, 0xfe00, 0xfe00, 0xfe00, 0xfe00, 0xf5a0, 0xabe0, 0x49e0, 0x0840, 0x0000,
0xa3e0, 0xe540, 0x1060, 0x0000, 0x0000, 0x0000, 0x0000, 0x0000, 0x0000, 0x0000,
0x0000, 0x0000, 0x0000, 0x20c0, 0xdd20, 0xfe20, 0x51e0, 0x0000, 0x0000, 0x0000,
0x72c0, 0xb440, 
0x0000, 0x9380, 0xfe40, 0x4180, 0x0000, 0x0000, 0x0000, 0x9380, 0x9bc0, 0xd500,
0xfe00, 0xfe00, 0xfe00, 0xfe00, 0xfe00, 0xfe20, 0xd500, 0x1060, 0x0000, 0x0000,
0x0000, 0x0000, 0x0000, 0x0000, 0x0000, 0x20a0, 0x5a64, 0xa5b8, 0xae19, 0xae1a,
0xa598, 0x7b02, 0xe540, 0xfe00, 0xfe00, 0xfde0, 0xfde0, 0xbc60, 0x3140, 0x0000,
0x0000, 0x20e0, 0x5a40, 0x6aa0, 0x6240, 0x3140, 0x0820, 0x0000, 0x0000, 0x3960,
0xac00, 0x8320, 0x1880, 0x0000, 0x0000, 0x20c0, 0x72a0, 0x9380, 0x8b40, 0x6260,
0x18a0, 0x0000, 0x0000, 0x18a0, 0x6a80, 0x8320, 0x8320, 0x49a0, 0x0020, 0x0000,
0x0000, 0x20c0, 0x6a80, 0xa3e0, 0xb440, 0x8b40, 0x3140, 0x1060, 0x41a0, 0x51e0,
0x0840, 0x0000, 0x18a0, 0x6a80, 0xb440, 0xc4a0, 0x5200, 0x0020, 0x0000, 0x1060,
0x72a0, 0xd500, 0xed80, 0xf5a0, 0xfde0, 0xfde0, 0xfe00, 0xfe00, 0xfe00, 0xfe00,
0xfe00, 0xfe00, 0xfe00, 0xfe00, 0xfe00, 0xfe00, 0xfe20, 0xfde0, 0xccc0, 0x6260,
0x5a20, 0xbc60, 0x51e0, 0x0000, 0x0000, 0x0000, 0x0000, 0x0000, 0x0000, 0x0000,
0x0000, 0x0000, 0x1060, 0xbc60, 0xfe20, 0xf5c0, 0x3140, 0x0000, 0x0000, 0x0000,
0x8300, 0xac00, 
0x0000, 0x18a0, 0xe560, 0x72a0, 0x0000, 0x0000, 0x0000, 0x72c0, 0xb440, 0xbc60,
0xfe20, 0xfe00, 0xfe00, 0xfe00, 0xfe00, 0xfe00, 0xfe00, 0x49c0, 0x0000, 0x0000,
0x0000, 0x0000, 0x0000, 0x0000, 0x0000, 0x0000, 0x0020, 0x8473, 0xb63a, 0xadf9,
0x9d97, 0x7b02, 0xe540, 0xfde0, 0xfde0, 0xfde0, 0xfde0, 0xbc60, 0x3140, 0x0000,
0x0000, 0x4180, 0x9ba0, 0xb440, 0x9ba0, 0x6a80, 0x20c0, 0x0000, 0x0000, 0x3120,
0x8b60, 0x5a20, 0x0820, 0x0000, 0x0840, 0x5a20, 0xbc80, 0xac20, 0x9380, 0x9360,
0x49c0, 0x0820, 0x0000, 0x0840, 0x5a20, 0xa400, 0x8b60, 0x3120, 0x0000, 0x0000,
0x1060, 0x6240, 0xa3e0, 0xbc80, 0xe560, 0xe560, 0x9380, 0x3140, 0x49c0, 0x51e0,
0x0840, 0x0000, 0x18a0, 0x6a80, 0xac20, 0x9380, 0x2900, 0x0000, 0x0000, 0x18c1,
0x6ae4, 0x9c04, 0x9c04, 0xac41, 0xe540, 0xfde0, 0xfe00, 0xfe00, 0xfe00, 0xfe00,
0xfe00, 0xfe00, 0xfe00, 0xfe00, 0xfe00, 0xfe00, 0xfe00, 0xfe00, 0xfe20, 0xf5c0,
0xdd20, 0xe560, 0xbc60, 0x0840, 0x0000, 0x0000, 0x0000, 0x0000, 0x0000, 0x0000,
0x0000, 0x1880, 0xac00, 0xfe20, 0xfe00, 0xed80, 0x20e0, 0x0000, 0x0000, 0x0000,
0x72c0, 0xb420, 
0x0000, 0x0000, 0x7b00, 0xa3e0, 0x0000, 0x0000, 0x0000, 0x41a0, 0xcce0, 0x9bc0,
0xfe40, 0xd500, 0xccc0, 0xfe20, 0xfde0, 0xfe00, 0xfe20, 0x9bc0, 0x0000, 0x0000,
0x0000, 0x0000, 0x0000, 0x0000, 0x0000, 0x0000, 0x0000, 0x2986, 0xa598, 0xadf9,
0x9d57, 0x7b02, 0xdd40, 0xe560, 0xc480, 0xcce0, 0xed80, 0xbc60, 0x3140, 0x0000,
0x0020, 0x5200, 0xccc0, 0xed80, 0xc480, 0x8320, 0x3140, 0x0000, 0x0000, 0x2900,
0x72a0, 0x3980, 0x0000, 0x0000, 0x20c0, 0x93a0, 0xdd40, 0xb460, 0xac20, 0xa3e0,
0x72a0, 0x18a0, 0x0000, 0x0000, 0x41a0, 0xb440, 0x9360, 0x18a0, 0x0000, 0x0000,
0x3120, 0x9360, 0xac20, 0xd4e0, 0xf5c0, 0xfde0, 0xdd40, 0x8320, 0x6260, 0x5200,
0x0840, 0x0000, 0x18a0, 0x6a80, 0x9ba0, 0x6240, 0x0840, 0x0000, 0x0841, 0x3a08,
0x7c10, 0x8c91, 0x842f, 0x8387, 0xcce0, 0xfde0, 0xfe00, 0xfe00, 0xfe00, 0xfe00,
0xfe00, 0xfe00, 0xfe00, 0xfe00, 0xfe00, 0xfe00, 0xfe00, 0xfe00, 0xfe00, 0xfe00,
0xfe00, 0xfe00, 0xfe00, 0xa3c0, 0x20c0, 0x0000, 0x0000, 0x0000, 0x0000, 0x0000,
0x3940, 0xc4a0, 0xfe20, 0xfde0, 0xfe00, 0xe540, 0x20c0, 0x0000, 0x0000, 0x0000,
0x3960, 0xc4c0, 
0x0000, 0x0000, 0x18a0, 0xac20, 0x0860, 0x0000, 0x0000, 0x1080, 0xcce0, 0x8b60,
0xfe20, 0xdd40, 0x72a0, 0x9ba0, 0xbc60, 0xfe00, 0xfe00, 0xe560, 0x18a0, 0x0000,
0x0000, 0x0000, 0x0840, 0x1880, 0x0000, 0x0000, 0x0000, 0x0000, 0x3a29, 0xa5b8,
0x9d77, 0x7b02, 0xdd20, 0xc480, 0x6aa0, 0x72c0, 0xb420, 0xac00, 0x3140, 0x0000,
0x0020, 0x5a00, 0xdd00, 0xfde0, 0xd500, 0x8b40, 0x3960, 0x0000, 0x0000, 0x28e0,
0x5a20, 0x2900, 0x0000, 0x0000, 0x3960, 0xbc80, 0xed80, 0xbc60, 0xc4a0, 0xb440,
0x8320, 0x3120, 0x0000, 0x0000, 0x3120, 0x9bc0, 0x72c0, 0x1060, 0x0000, 0x0820,
0x5200, 0xa3e0, 0xbc60, 0xed80, 0xfde0, 0xfe00, 0xfde0, 0xd4e0, 0xa3e0, 0x6240,
0x0840, 0x0000, 0x18a0, 0x6a60, 0x72c0, 0x3120, 0x0000, 0x0000, 0x18e4, 0x6baf,
0x9d77, 0xa5b8, 0x9516, 0x83ea, 0xccc0, 0xfde0, 0xfe00, 0xfe00, 0xfe00, 0xfe00,
0xfe00, 0xfe00, 0xfe00, 0xfe00, 0xfe00, 0xfe00, 0xfe00, 0xfe00, 0xfe00, 0xfe00,
0xfe00, 0xfe00, 0xfe00, 0xfe00, 0xe560, 0x9b80, 0x49a0, 0x2900, 0x49a0, 0x9ba0,
0xed80, 0xfe20, 0xfde0, 0xfde0, 0xfe00, 0xed80, 0x20c0, 0x0000, 0x0000, 0x0000,
0x0000, 0x8b60, 
0x0000, 0x0000, 0x0000, 0x7ae0, 0x3960, 0x0000, 0x0000, 0x0000, 0x9bc0, 0x8b40,
0x8b60, 0x8b60, 0x5200, 0xb440, 0xf5e0, 0xfe00, 0xfe00, 0xfe20, 0x6240, 0x0000,
0x0000, 0x0000, 0x1080, 0x9380, 0x1080, 0x0000, 0x0000, 0x0000, 0x0000, 0x52cc,
0xadd8, 0x7b02, 0xdd40, 0xc4a0, 0x6260, 0x51e0, 0x6a80, 0x7b00, 0x2920, 0x0000,
0x0020, 0x5200, 0xd500, 0xfde0, 0xd500, 0x8b40, 0x3960, 0x0000, 0x0000, 0x28e0,
0x51e0, 0x18a0, 0x0000, 0x0020, 0x5200, 0xd500, 0xed80, 0xbc80, 0xccc0, 0xc4a0,
0x9360, 0x41a0, 0x0000, 0x0000, 0x20e0, 0x8300, 0x5a20, 0x0840, 0x0000, 0x1080,
0x72c0, 0xac00, 0xccc0, 0xf5c0, 0xfe00, 0xfe00, 0xfde0, 0xfde0, 0xdd20, 0x72a0,
0x0840, 0x0000, 0x18a0, 0x5a40, 0x49c0, 0x1060, 0x0000, 0x0000, 0x31a7, 0x8493,
0xa5b8, 0xa5b9, 0x9536, 0x83ea, 0xcce1, 0xfde0, 0xfe00, 0xfe00, 0xfe00, 0xfe00,
0xfe00, 0xfe00, 0xfe00, 0xfe00, 0xfe00, 0xfe00, 0xfe00, 0xfe00, 0xfe00, 0xfe00,
0xfe00, 0xfe00, 0xfe00, 0xfe00, 0xfe00, 0xfe20, 0xfde0, 0xf5a0, 0xfde0, 0xfe20,
0xfe00, 0xfde0, 0xfde0, 0xfde0, 0xfe00, 0xf5c0, 0x3940, 0x0000, 0x0000, 0x0000,
0x0000, 0x0820, 
0x0000, 0x0000, 0x0000, 0x3120, 0x6a80, 0x0000, 0x0000, 0x0000, 0x2900, 0x72a0,
0x7ae0, 0xf5e0, 0xc480, 0xb440, 0xfe20, 0xfe00, 0xfe00, 0xfe20, 0xb420, 0x0000,
0x0000, 0x0000, 0x1060, 0x7ae0, 0x9380, 0x0840, 0x0000, 0x0000, 0x0000, 0x0000,
0x5b0d, 0x7b22, 0xe540, 0xe560, 0x9360, 0x5200, 0x49c0, 0x5200, 0x20c0, 0x0000,
0x0020, 0x5200, 0xd500, 0xf5c0, 0xc4a0, 0x8300, 0x3120, 0x0000, 0x0000, 0x2900,
0x49c0, 0x1880, 0x0000, 0x0840, 0x6a80, 0xe540, 0xeda0, 0xbc80, 0xd4e0, 0xd4e0,
0x9ba0, 0x51e0, 0x0820, 0x0000, 0x18a0, 0x6a80, 0x49c0, 0x0000, 0x0000, 0x20c0,
0x8320, 0xac20, 0xd500, 0xfde0, 0xfe00, 0xfe00, 0xfe00, 0xfe00, 0xe560, 0x72c0,
0x0840, 0x0000, 0x18a0, 0x51e0, 0x2900, 0x0000, 0x0000, 0x0840, 0x4248, 0x94f5,
0xa5d9, 0xa5d9, 0x9d36, 0x83ea, 0xc4c0, 0xed80, 0xe560, 0xe540, 0xe560, 0xed80,
0xf5c0, 0xfde0, 0xfde0, 0xfe00, 0xfe00, 0xfe00, 0xfe00, 0xfe00, 0xfde0, 0xfdc0,
0xeda0, 0xe560, 0xe540, 0xe560, 0xed80, 0xf5c0, 0xf5c0, 0xfdc0, 0xf5c0, 0xf5c0,
0xf5c0, 0xfde0, 0xfde0, 0xfde0, 0xfe00, 0xfe20, 0x6a80, 0x0000, 0x0000, 0x0000,
0x0000, 0x0000, 
0x0000, 0x0000, 0x0000, 0x0020, 0x5a20, 0x0020, 0x0000, 0x0000, 0x0860, 0xcce0,
0x8b40, 0xf5c0, 0xf5a0, 0x8b40, 0xfde0, 0xfe00, 0xfe00, 0xfe00, 0xf5a0, 0x28e0,
0x0000, 0x0000, 0x0840, 0x9380, 0x9360, 0x8320, 0x0000, 0x0000, 0x0000, 0x0000,
0x0000, 0x6aa0, 0xe560, 0xfde0, 0xc480, 0x6240, 0x3140, 0x4180, 0x18a0, 0x0000,
0x0020, 0x51e0, 0xbc60, 0xc480, 0xa3c0, 0x6a80, 0x18a0, 0x0000, 0x0020, 0x3960,
0x51e0, 0x1060, 0x0000, 0x0840, 0x7ac0, 0xed80, 0xeda0, 0xbc60, 0xd500, 0xd520,
0xa3c0, 0x5a40, 0x0840, 0x0000, 0x1080, 0x5200, 0x3960, 0x0000, 0x0000, 0x2900,
0x9360, 0xb440, 0xe540, 0xfde0, 0xfde0, 0xfde0, 0xfe00, 0xfe00, 0xe560, 0x72c0,
0x0840, 0x0000, 0x1880, 0x3960, 0x18a0, 0x0000, 0x0000, 0x3120, 0x6b28, 0x9d35,
0xadf9, 0xadf9, 0x9d57, 0x7bab, 0x93c2, 0xa423, 0x93e5, 0x8bc5, 0x93e5, 0x9c03,
0xb481, 0xdd20, 0xf5a0, 0xfde0, 0xfe00, 0xfde0, 0xfde0, 0xf5c0, 0xdd40, 0xbca1,
0xa423, 0x9c05, 0x93e5, 0x9405, 0xa424, 0xac42, 0xac00, 0xac21, 0xac42, 0xb462,
0xb462, 0xb462, 0xcce1, 0xbc60, 0xc480, 0xeda0, 0xbc80, 0x0840, 0x0000, 0x0000,
0x0000, 0x0000, 
0x2900, 0x0000, 0x0000, 0x0000, 0x3960, 0x3140, 0x0000, 0x0000, 0x0000, 0x8320,
0xb440, 0xb440, 0xfe40, 0x9ba0, 0xd500, 0xfe00, 0xfe00, 0xfe00, 0xfde0, 0x72c0,
0x0000, 0x0000, 0x0000, 0x7ae0, 0xbc80, 0x9ba0, 0x6a80, 0x0000, 0x0000, 0x0000,
0x0000, 0x6a80, 0xe560, 0xfe00, 0xe540, 0x72c0, 0x3140, 0x49a0, 0x18c0, 0x0000,
0x0020, 0x3960, 0x72c0, 0x7ae0, 0x6a80, 0x3940, 0x0020, 0x0000, 0x0840, 0x5a20,
0x5a20, 0x1060, 0x0000, 0x1060, 0x8320, 0xed80, 0xed80, 0xbc60, 0xd500, 0xdd20,
0xa3e0, 0x6260, 0x1060, 0x0000, 0x1060, 0x49c0, 0x3120, 0x0000, 0x0000, 0x3120,
0x9380, 0xb440, 0xe560, 0xe560, 0xe540, 0xfdc0, 0xfe00, 0xfe00, 0xe560, 0x72c0,
0x0840, 0x0000, 0x0820, 0x1080, 0x0020, 0x0000, 0x1060, 0x6240, 0x8c08, 0x9d55,
0xadf9, 0xadf9, 0x9d77, 0x73cf, 0x738b, 0x842f, 0x7c30, 0x7c11, 0x7c31, 0x7c0f,
0x83ec, 0x93e7, 0xb462, 0xe560, 0xfde0, 0xfde0, 0xed80, 0xbc81, 0x93e6, 0x83eb,
0x8c50, 0x8cb2, 0x8cb3, 0x8cb2, 0x8c71, 0x7bed, 0x6b29, 0x736a, 0x8c2e, 0x8c4e,
0x8c4e, 0x8c4e, 0x8be9, 0xb462, 0xccc0, 0xa3e0, 0x9be1, 0x3960, 0x0000, 0x0000,
0x0000, 0x0000, 
0x49e0, 0x0020, 0x0000, 0x0000, 0x20e0, 0x72c0, 0x0000, 0x0000, 0x0000, 0x20c0,
0xdd20, 0x8320, 0xf5c0, 0xcce0, 0xa3c0, 0xfe20, 0xfe00, 0xfe00, 0x8300, 0x9ba0,
0x0840, 0x0000, 0x0000, 0x28e0, 0xf5c0, 0x9bc0, 0xa3e0, 0x5200, 0x0000, 0x0000,
0x0000, 0x6a80, 0xe560, 0xfe00, 0xe540, 0x72c0, 0x3140, 0x49c0, 0x20c0, 0x0000,
0x0000, 0x1060, 0x20e0, 0x2900, 0x20c0, 0x0820, 0x0000, 0x0000, 0x28e0, 0x8320,
0x6a80, 0x0840, 0x0000, 0x1880, 0x8b40, 0xed80, 0xdd20, 0xa3e0, 0xbc60, 0xc4a0,
0x9380, 0x5a20, 0x1060, 0x0000, 0x0840, 0x3960, 0x20e0, 0x0000, 0x0000, 0x3120,
0x8320, 0xa3e0, 0xccc0, 0xbc60, 0xb420, 0xdd20, 0xf5c0, 0xfe00, 0xe560, 0x72c0,
0x0840, 0x0000, 0x0000, 0x0000, 0x0000, 0x0000, 0x18a0, 0x72e0, 0x9c28, 0x9d55,
0xadf9, 0xae19, 0xa5d8, 0x9536, 0x9536, 0x9d98, 0x9536, 0x8cf6, 0x8d17, 0x9536,
0x9d36, 0x94d3, 0x83eb, 0xa423, 0xdd40, 0xe560, 0xac43, 0x83ea, 0x8c92, 0x9d56,
0xa598, 0xa5b9, 0xa5d9, 0xa5d9, 0xa5b8, 0xa597, 0x9d35, 0x9d36, 0xadd8, 0xb5f9,
0xb5f9, 0xb5f9, 0x9d13, 0x9407, 0xbc81, 0x9c04, 0x844f, 0x8471, 0x4249, 0x10a2,
0x0000, 0x0000, 
0xd520, 0x3140, 0x0000, 0x0000, 0x0000, 0x8b60, 0x20c0, 0x0000, 0x0000, 0x0000,
0x8320, 0xc480, 0x9ba0, 0xfe00, 0x8b40, 0xf5c0, 0xfe00, 0xf5c0, 0x2900, 0x8320,
0x4180, 0x0000, 0x0000, 0x0000, 0xb440, 0xfe20, 0x8320, 0xac20, 0x3960, 0x0000,
0x0000, 0x6a80, 0xe560, 0xfde0, 0xcce0, 0x6240, 0x3940, 0x4180, 0x18a0, 0x0000,
0x0000, 0x0000, 0x0000, 0x0000, 0x0000, 0x0000, 0x0000, 0x0840, 0x5a20, 0xbc60,
0x72c0, 0x0840, 0x0000, 0x1880, 0x8b40, 0xe540, 0xbc80, 0x8340, 0x9ba0, 0xa3c0,
0x7ae0, 0x49c0, 0x0840, 0x0000, 0x0840, 0x2920, 0x20c0, 0x0000, 0x0000, 0x28e0,
0x6a80, 0x8320, 0xa3e0, 0x9380, 0x8b40, 0xbc60, 0xe560, 0xfde0, 0xe580, 0x72c0,
0x0840, 0x0000, 0x0000, 0x0000, 0x0000, 0x0000, 0x1060, 0x5a20, 0x8be8, 0x9d55,
0xadf9, 0xae19, 0xadf9, 0xadf9, 0xadf9, 0xa5d9, 0x9556, 0x8cf6, 0x8d37, 0x9557,
0xa5d8, 0xadd9, 0x9515, 0x840c, 0x9be3, 0x9be3, 0x83eb, 0x94f4, 0xa5b8, 0xadd9,
0xadd9, 0xadd9, 0xadd9, 0xadd9, 0xadf9, 0xb619, 0xbe5a, 0xbe5a, 0xbe5a, 0xbe7b,
0xbe5a, 0xc67b, 0xb5f9, 0x8c6f, 0x7b46, 0x83eb, 0xa597, 0xbe5b, 0xbe5a, 0x9d35,
0x52a9, 0x3961, 
0xa3e0, 0x72c0, 0x0000, 0x0000, 0x0000, 0x6a80, 0x72c0, 0x0000, 0x0000, 0x0000,
0x1060, 0xccc0, 0x9380, 0xbc80, 0xac20, 0xccc0, 0xfe40, 0xd4e0, 0x0020, 0x4180,
0x8320, 0x0000, 0x0000, 0x0000, 0x6240, 0xfe20, 0xed80, 0x8300, 0xb440, 0x20c0,
0x0000, 0x6a80, 0xe560, 0xfde0, 0xb440, 0x5a40, 0x5200, 0x3960, 0x1880, 0x0020,
0x0000, 0x0000, 0x0000, 0x0000, 0x0000, 0x0000, 0x0000, 0x3120, 0xa3e0, 0xdd20,
0x72c0, 0x0840, 0x0000, 0x1080, 0x8b40, 0xed80, 0xdd20, 0xac20, 0xc4a0, 0xc4a0,
0x9380, 0x5a20, 0x1060, 0x0000, 0x0840, 0x3960, 0x28e0, 0x0000, 0x0000, 0x3120,
0x8320, 0xa3e0, 0xccc0, 0xb440, 0xac00, 0xdd20, 0xf5c0, 0xfde0, 0xe560, 0x72c0,
0x0840, 0x0000, 0x0000, 0x0000, 0x0000, 0x0000, 0x0000, 0x2900, 0x6b08, 0x9d35,
0xae19, 0xae19, 0xadf9, 0xadf9, 0xadd9, 0xa5b8, 0x8cf5, 0x84b4, 0x8cf6, 0x9537,
0xa5b8, 0xae19, 0xa5d9, 0x9514, 0x738b, 0x736b, 0x94f4, 0xa5d9, 0xadd9, 0xadd9,
0xa5d9, 0xa598, 0x9d78, 0xa598, 0xa5d9, 0xb619, 0xbe5a, 0xc67b, 0xbe5a, 0xbe5a,
0xbe5a, 0xc67b, 0xbe5a, 0xa576, 0x8450, 0x9d14, 0xb619, 0xbe5a, 0xbe5a, 0xad97,
0x8c4c, 0xc4a1, 
0x6a80, 0x9bc0, 0x0000, 0x0000, 0x0000, 0x3140, 0xcce0, 0x1080, 0x0000, 0x0000,
0x0000, 0x3140, 0xdd20, 0x9380, 0x7b00, 0x8b60, 0xfe60, 0x72c0, 0x0000, 0x0840,
0xa3e0, 0x1080, 0x0000, 0x0000, 0x18a0, 0xe560, 0xfe20, 0xdd20, 0x8320, 0xac20,
0x1880, 0x6a60, 0xe560, 0xf5c0, 0xa3c0, 0x6240, 0x72c0, 0x5200, 0x49c0, 0x41a0,
0x18a0, 0x0000, 0x0000, 0x0000, 0x0000, 0x0000, 0x0820, 0x5a20, 0xd500, 0xed80,
0x7ae0, 0x1060, 0x0000, 0x1060, 0x8320, 0xeda0, 0xfdc0, 0xe560, 0xed80, 0xdd40,
0xa3e0, 0x6260, 0x1060, 0x0000, 0x1060, 0x49c0, 0x3120, 0x0000, 0x0000, 0x3120,
0x9380, 0xb440, 0xdd40, 0xccc0, 0xc4a0, 0xf5a0, 0xfde0, 0xfe00, 0xe560, 0x72c0,
0x0840, 0x0000, 0x0000, 0x0000, 0x0000, 0x0000, 0x0000, 0x0840, 0x4248, 0x9515,
0xadf9, 0xadf9, 0xadf9, 0xadf9, 0xa577, 0x8cb2, 0x7bcd, 0x6b6b, 0x6bae, 0x7c72,
0x9d97, 0xadf9, 0xadf9, 0xa5b8, 0x8cd4, 0x8cd4, 0xa5b8, 0xadd9, 0xadd9, 0xa598,
0x94f4, 0x842f, 0x7bed, 0x7bee, 0x8cb3, 0xa597, 0xbe5a, 0xc67b, 0xbe5a, 0xbe5a,
0xbe5a, 0xc67a, 0xbe5a, 0xbe3a, 0xadd8, 0xb619, 0xbe5a, 0xbe5a, 0xb5f9, 0x8c90,
0xa424, 0xe560, 
0x8300, 0xac20, 0x18a0, 0x0000, 0x0000, 0x1060, 0xdd40, 0x8300, 0x0000, 0x0000,
0x0000, 0x0000, 0x3140, 0xc480, 0xc4a0, 0x8300, 0x9ba0, 0x1060, 0x0000, 0x0000,
0x7ae0, 0x5200, 0x0000, 0x0000, 0x0000, 0x9bc0, 0xfe20, 0xfe20, 0xbc80, 0x72e0,
0x5200, 0x6a60, 0xe560, 0xeda0, 0x9360, 0x5a00, 0x6a80, 0x6a80, 0x7b00, 0x8320,
0x5a20, 0x18a0, 0x0840, 0x0820, 0x0000, 0x0000, 0x0000, 0x49c0, 0xccc0, 0xed80,
0x8320, 0x1060, 0x0000, 0x0860, 0x7ae0, 0xe560, 0xfe00, 0xfde0, 0xfde0, 0xdd20,
0xa3c0, 0x5a20, 0x0840, 0x0000, 0x1080, 0x5200, 0x3960, 0x0000, 0x0000, 0x2900,
0x9360, 0xb440, 0xdd20, 0xcce0, 0xc4a0, 0xf5a0, 0xfe00, 0xfe00, 0xe560, 0x72c0,
0x0840, 0x0000, 0x0000, 0x1060, 0x18a0, 0x0000, 0x0000, 0x0000, 0x31c7, 0x8cd4,
0xadf9, 0xadf9, 0xadf9, 0xa577, 0x8c50, 0x8be7, 0xa402, 0x8b81, 0x6ae3, 0x6b29,
0x8cb3, 0xadd9, 0xadf9, 0xadd9, 0xa5d9, 0xa5d9, 0xadd9, 0xadd9, 0xa5b8, 0x8c92,
0x83c9, 0x9c03, 0x9bc2, 0x7b22, 0x7327, 0x8c50, 0xb5f9, 0xbe7b, 0xbe5a, 0xbe5a,
0xbe5a, 0xbe5a, 0xbe5a, 0xbe5a, 0xbe5a, 0xbe5a, 0xbe5a, 0xbe3a, 0x9d34, 0x8c08,
0xcce0, 0xfde0, 
0xa3e0, 0xa3e0, 0x3940, 0x0000, 0x0000, 0x0000, 0xbc60, 0xedc0, 0x2900, 0x0000,
0x0000, 0x0000, 0x0000, 0x0820, 0x4180, 0x2900, 0x0000, 0x0000, 0x0000, 0x0000,
0x3140, 0x9360, 0x0000, 0x0000, 0x0000, 0x49a0, 0xfe00, 0xe580, 0x8320, 0x6240,
0x6260, 0x8300, 0xe560, 0xed80, 0x8320, 0x49c0, 0x72a0, 0x8b40, 0x8320, 0x7ae0,
0x8300, 0x51e0, 0x51e0, 0x3960, 0x0840, 0x0000, 0x0000, 0x20e0, 0x9bc0, 0xe560,
0x9360, 0x18a0, 0x0000, 0x0840, 0x6a80, 0xe540, 0xfe00, 0xfe00, 0xfde0, 0xd500,
0x9ba0, 0x51e0, 0x0820, 0x0000, 0x18a0, 0x6a80, 0x49c0, 0x0000, 0x0000, 0x20c0,
0x8320, 0xac20, 0xd4e0, 0xccc0, 0xc4a0, 0xf5a0, 0xfe00, 0xfe00, 0xed60, 0x72c0,
0x0840, 0x0000, 0x0020, 0x3140, 0x49c0, 0x1080, 0x0000, 0x0000, 0x2124, 0x73f1,
0xa5b8, 0xa5d9, 0xa5b8, 0x8c92, 0x93e6, 0xcce0, 0xed80, 0xd500, 0xac00, 0x7b02,
0x73ab, 0x9d56, 0xadd9, 0xadd9, 0xadd9, 0xadd9, 0xadd9, 0xa5d9, 0x9515, 0x83ea,
0xbc81, 0xed60, 0xe540, 0xbc60, 0x8b60, 0x7347, 0x9d14, 0xbe3a, 0xbe5a, 0xbe3a,
0xb619, 0xadf9, 0xb61a, 0xb63a, 0xb63a, 0xb63a, 0xb63a, 0xa597, 0x8c2d, 0xb462,
0xf5a0, 0xfde0, 
0xc480, 0x9bc0, 0x49c0, 0x0000, 0x0000, 0x0000, 0x9380, 0xfe60, 0xb440, 0x0820,
0x0000, 0x0000, 0x0000, 0x0000, 0x0000, 0x0000, 0x0000, 0x0000, 0x0000, 0x0000,
0x0820, 0xb420, 0x20c0, 0x0000, 0x0000, 0x20e0, 0xe560, 0xfde0, 0xeda0, 0xfe20,
0xc480, 0x7ae0, 0xe560, 0xf5a0, 0x9360, 0x4180, 0x7ae0, 0xa3e0, 0x9360, 0x8b40,
0x8300, 0x6a80, 0x8b40, 0x8300, 0x3120, 0x0000, 0x0000, 0x0840, 0x6a80, 0xd500,
0x9bc0, 0x20c0, 0x0000, 0x0020, 0x51e0, 0xd4e0, 0xfde0, 0xfe00, 0xfdc0, 0xc4a0,
0x9360, 0x41a0, 0x0000, 0x0000, 0x20e0, 0x8320, 0x5a40, 0x0820, 0x0000, 0x1060,
0x72a0, 0xac00, 0xc4a0, 0xc4a0, 0xc4a0, 0xf5a0, 0xfde0, 0xfdc0, 0xdd20, 0x72a0,
0x0840, 0x0000, 0x1060, 0x51e0, 0x72a0, 0x2900, 0x0000, 0x0000, 0x0862, 0x52cc,
0x9536, 0xa5d9, 0x9d77, 0x840d, 0xb462, 0xf5c0, 0xfe00, 0xfde0, 0xdd20, 0x9bc0,
0x7326, 0x8c92, 0xa5b8, 0xa5b8, 0xa5b8, 0xa5b8, 0xa5b9, 0x9d98, 0x8471, 0x9c04,
0xe560, 0xfde0, 0xfde0, 0xed80, 0xb440, 0x7b22, 0x840e, 0xa5b8, 0xb619, 0xadf9,
0x9536, 0x8cb4, 0x9d77, 0xa5b8, 0xa5b8, 0xa5b8, 0xa597, 0x8471, 0x93e5, 0xdd20,
0xfde0, 0xfe00, 
0xc4a0, 0xa3c0, 0x51e0, 0x0000, 0x0000, 0x0000, 0x8300, 0xfe20, 0xfe20, 0x8300,
0x0000, 0x0000, 0x0000, 0x0000, 0x0000, 0x0000, 0x0000, 0x0000, 0x0000, 0x0000,
0x41a0, 0xf5e0, 0x6a80, 0x3980, 0x9380, 0xdd40, 0xfe00, 0xfe20, 0xf5e0, 0xc4a0,
0x72a0, 0x72a0, 0xe560, 0xfde0, 0xb440, 0x51e0, 0x5200, 0x8300, 0x9380, 0x9ba0,
0x5a20, 0x5200, 0x9ba0, 0xac00, 0x5a20, 0x0820, 0x0000, 0x0000, 0x3960, 0xb440,
0xac20, 0x3120, 0x0000, 0x0000, 0x3960, 0xbc60, 0xfde0, 0xfde0, 0xed80, 0xb440,
0x8320, 0x3120, 0x0000, 0x0000, 0x3140, 0x9bc0, 0x72c0, 0x1060, 0x0000, 0x0820,
0x5200, 0xa3e0, 0xb440, 0xbc60, 0xc4a0, 0xf5a0, 0xfde0, 0xcce0, 0x9bc0, 0x5a40,
0x0840, 0x0000, 0x18a0, 0x6aa0, 0x8b40, 0x49c0, 0x0820, 0x0000, 0x0000, 0x31c7,
0x84b4, 0xadf9, 0xa597, 0x8c0b, 0xc4a1, 0xfde0, 0xfe00, 0xfde0, 0xed80, 0xac20,
0x7324, 0x8451, 0x9d98, 0xa598, 0x9d98, 0x9d98, 0x9d98, 0x9d77, 0x842f, 0xa423,
0xf5a0, 0xfe00, 0xfe00, 0xf5c0, 0xc4a0, 0x8321, 0x73ac, 0x9d57, 0xa5b9, 0xa5b8,
0x84b4, 0x6bd0, 0x8cf5, 0x9557, 0x8d36, 0x9537, 0x8cf5, 0x73cd, 0xa403, 0xed80,
0xfe00, 0xfe00, 
0x9ba0, 0xac00, 0x41a0, 0x0000, 0x0000, 0x0000, 0x7ac0, 0xfe20, 0xfe00, 0xfde0,
0x6a80, 0x0000, 0x0000, 0x0000, 0x0000, 0x0000, 0x0000, 0x0000, 0x0000, 0x1060,
0xccc0, 0xfe20, 0xf5a0, 0xfe00, 0xfe60, 0xfe00, 0xd500, 0x8320, 0x3940, 0x0020,
0x0000, 0x6a80, 0xe560, 0xfde0, 0xe560, 0x9b80, 0x6240, 0x5a20, 0x72c0, 0x7ae0,
0x3120, 0x49c0, 0x9ba0, 0xc4a0, 0x8b40, 0x18a0, 0x0000, 0x0000, 0x1880, 0x8320,
0xb440, 0x41a0, 0x0000, 0x0000, 0x18a0, 0x8b60, 0xe560, 0xdd40, 0xc4a0, 0xa3e0,
0x6a80, 0x1880, 0x0000, 0x0000, 0x49c0, 0xbc80, 0x9380, 0x18a0, 0x0000, 0x0000,
0x3120, 0x8b60, 0xac00, 0xa3c0, 0xbc80, 0xf5a0, 0xdd40, 0x8300, 0x6240, 0x51e0,
0x0840, 0x0000, 0x20c0, 0x8320, 0x9bc0, 0x6aa0, 0x18a0, 0x0000, 0x0000, 0x18c3,
0x6baf, 0xadd9, 0xadd9, 0x8c4e, 0xac42, 0xf5a0, 0xfde0, 0xf5c0, 0xd4e0, 0x9ba0,
0x7326, 0x8c92, 0x9d98, 0xa5b8, 0x9d98, 0x9d98, 0x9d98, 0x9d78, 0x8471, 0x93e5,
0xe540, 0xfde0, 0xfdc0, 0xe560, 0xac20, 0x7303, 0x7bef, 0x9d78, 0xa5d9, 0xa5b8,
0x9516, 0x84b4, 0x9557, 0x9557, 0x9537, 0x9557, 0x9537, 0x7c51, 0x8bc6, 0xd500,
0xfde0, 0xfe00, 
0x7b00, 0xbc60, 0x1060, 0x0000, 0x0000, 0x0000, 0x7ae0, 0xfe20, 0xfe00, 0xfe00,
0xfde0, 0x8300, 0x0840, 0x0000, 0x0000, 0x0000, 0x0000, 0x0000, 0x1880, 0xb440,
0xfe40, 0xfe20, 0xfe20, 0xe560, 0x9ba0, 0x49a0, 0x0820, 0x0000, 0x0000, 0x0000,
0x0000, 0x6a80, 0xe560, 0xfe00, 0xfde0, 0xe540, 0xbc60, 0x8300, 0x49c0, 0x5a20,
0x3140, 0x49c0, 0x9ba0, 0xd4e0, 0xbc60, 0x4180, 0x0000, 0x0000, 0x0020, 0x5200,
0xac20, 0x6260, 0x0820, 0x0000, 0x0820, 0x5200, 0xbc60, 0xb440, 0x9ba0, 0x8b60,
0x41a0, 0x0020, 0x0000, 0x0840, 0x6a60, 0xdd20, 0xb440, 0x3120, 0x0000, 0x0000,
0x1060, 0x5a20, 0x9ba0, 0x9360, 0xb420, 0xd500, 0x9360, 0x3140, 0x49c0, 0x51e0,
0x0840, 0x0000, 0x20c0, 0x9360, 0xb440, 0x8340, 0x3940, 0x0000, 0x0000, 0x0841,
0x4a8a, 0x9d56, 0xb61a, 0x94f4, 0x8be7, 0xc4a1, 0xe540, 0xcca0, 0x9ba0, 0x7303,
0x73ac, 0x9516, 0xa5b8, 0x9d98, 0xa5b8, 0xa598, 0x9d98, 0x9d98, 0x94f5, 0x83cb,
0xac42, 0xdd20, 0xd4e0, 0xac00, 0x8341, 0x7348, 0x8cd3, 0xa5b8, 0xadd9, 0xa5d9,
0x9d98, 0x9d98, 0x9d98, 0x9d77, 0x9537, 0x9557, 0x9578, 0x8cf6, 0x7bed, 0xa423,
0xed80, 0xfde0, 
0xac20, 0x41a0, 0x0000, 0x0000, 0x0000, 0x0000, 0x9ba0, 0xfe60, 0xfe20, 0xfe20,
0xfe20, 0xfe40, 0xcce0, 0x6240, 0x1080, 0x0000, 0x20e0, 0x72a0, 0xd520, 0xfe20,
0xe560, 0xac00, 0x5200, 0x1060, 0x0000, 0x0001, 0x5b0d, 0x4a49, 0x0000, 0x0000,
0x0000, 0x6a80, 0xed80, 0xfe20, 0xfe20, 0xfe00, 0xf5a0, 0xb420, 0x49a0, 0x5200,
0x49a0, 0x51e0, 0x9bc0, 0xd500, 0xdd20, 0x6a80, 0x0820, 0x0000, 0x0000, 0x2900,
0x9380, 0x8320, 0x18a0, 0x0000, 0x0000, 0x1080, 0x6240, 0x8320, 0x7b00, 0x51e0,
0x1060, 0x0000, 0x0000, 0x1880, 0x8b60, 0xf5a0, 0xd4e0, 0x51e0, 0x0000, 0x0000,
0x0000, 0x1080, 0x5200, 0x6aa0, 0x7ae0, 0x72a0, 0x2900, 0x0820, 0x4180, 0x49e0,
0x0820, 0x0000, 0x18a0, 0x9380, 0xccc0, 0x9ba0, 0x5200, 0x0820, 0x0000, 0x0000,
0x2125, 0x7c53, 0xb61a, 0xa5b9, 0x8492, 0x83e9, 0x93e5, 0x8364, 0x6b06, 0x73ac,
0x8cd5, 0x9d98, 0x9db9, 0x9d99, 0x9d78, 0x9d78, 0x9d99, 0x9d99, 0x9d78, 0x8cd4,
0x83eb, 0x93e6, 0x8b84, 0x7b25, 0x738a, 0x8cb2, 0xa5b8, 0xadf9, 0xadf9, 0xadf9,
0xa5d9, 0xa5d9, 0xa5d9, 0x9d98, 0x9557, 0x9d78, 0x9d98, 0x9557, 0x8493, 0x83a9,
0xc4a1, 0xfdc0, 
0x0000, 0x0000, 0x0000, 0x0000, 0x0000, 0x0000, 0x8b40, 0xc4c0, 0xc480, 0xc480,
0xc4a0, 0xcce0, 0xd500, 0xac20, 0x8320, 0xac00, 0xed80, 0xfe20, 0xdd40, 0xa3e0,
0x5a40, 0x3120, 0x2900, 0x3120, 0x3120, 0x5244, 0xe6b6, 0x9cb0, 0x2900, 0x0000,
0x0000, 0x5200, 0xb440, 0xccc0, 0xccc0, 0xed60, 0xfde0, 0x9ba0, 0x3140, 0x3960,
0x4180, 0x5a20, 0x9380, 0xd520, 0xf5a0, 0xac20, 0x49c0, 0x0020, 0x0000, 0x0840,
0x5a20, 0x7ae0, 0x3120, 0x2900, 0x3120, 0x3140, 0x49c0, 0x6260, 0x6240, 0x49a0,
0x3120, 0x3120, 0x3140, 0x6240, 0xc4a0, 0xfde0, 0xed80, 0x9380, 0x4180, 0x3120,
0x3120, 0x3120, 0x41a0, 0x5200, 0x5200, 0x49c0, 0x3140, 0x3960, 0x6a80, 0x72c0,
0x3960, 0x3120, 0x49c0, 0xb420, 0xe540, 0xbc60, 0x9360, 0x49c0, 0x3120, 0x3120,
0x41a2, 0x83eb, 0xbdd3, 0xc614, 0xb5b3, 0xa510, 0x9c8c, 0x946b, 0x9c8d, 0xa510,
0xb593, 0xb5b3, 0xb5b3, 0xad92, 0x9cef, 0x9cef, 0xad92, 0xb5b3, 0xad73, 0x8cd3,
0x73f0, 0x632d, 0x5aeb, 0x5b0c, 0x6390, 0x7433, 0x7c74, 0x8494, 0x8494, 0x8494,
0x7c73, 0x7c73, 0x7c73, 0x7432, 0x6bd1, 0x6c12, 0x8494, 0x9d78, 0x9537, 0x7c30,
0x93e5, 0xdd40, 
0x0820, 0x0820, 0x0840, 0x1060, 0x18a0, 0x28e0, 0x3140, 0x49a0, 0x6260, 0x8300,
0xa3c0, 0xc480, 0xdd20, 0xed80, 0xfde0, 0xfe00, 0xfe20, 0xe560, 0x8b40, 0x72c0,
0xbc80, 0xfe00, 0xfde0, 0xfde0, 0xfde0, 0xfe00, 0xb420, 0x9bc0, 0x49c0, 0x0000,
0x0000, 0x0000, 0x0000, 0x0000, 0x0000, 0x3120, 0xc4c0, 0x20c0, 0x0000, 0x0000,
0x0000, 0x72c0, 0x7ae0, 0xed80, 0xfde0, 0xfe20, 0xac00, 0x0020, 0x0000, 0x0000,
0x0000, 0x0000, 0x5200, 0xfde0, 0xfde0, 0xfde0, 0xfde0, 0xfde0, 0xfde0, 0xfde0,
0xfde0, 0xfde0, 0xfde0, 0xfde0, 0xfde0, 0xfde0, 0xfde0, 0xfde0, 0xfde0, 0xfde0,
0xfde0, 0xfde0, 0xfde0, 0xfde0, 0xfde0, 0xfde0, 0xfde0, 0xfde0, 0xfde0, 0xfde0,
0xfde0, 0xfde0, 0xfde0, 0xfde0, 0xfde0, 0xfde0, 0xfde0, 0xfde0, 0xfde0, 0xfde0,
0xfde0, 0xfde0, 0xfde0, 0xfde0, 0xfde0, 0xfde0, 0xfde0, 0xfde0, 0xfde0, 0xfde0,
0xfde0, 0xfde0, 0xfde0, 0xfde0, 0xfde0, 0xfde0, 0xfde0, 0xfde0, 0xf5c0, 0xe540,
0xc4a0, 0xa3e0, 0x8320, 0x6a80, 0x49c0, 0x3140, 0x28e0, 0x18a0, 0x1060, 0x0840,
0x0020, 0x0020, 0x0020, 0x0020, 0x0020, 0x0000, 0x2986, 0x9d98, 0x9577, 0x8cd5,
0x7bcc, 0xb462, 
0xc4a0, 0xd4e0, 0xe540, 0xe560, 0xed80, 0xf5c0, 0xfe00, 0xfe00, 0xfe00, 0xfe20,
0xfe00, 0xfe00, 0xfe00, 0xfde0, 0xfde0, 0xfe20, 0xdd20, 0x9380, 0x8340, 0xb440,
0x7b00, 0xbc60, 0xfe00, 0xfde0, 0xfe00, 0xccc0, 0x9bc0, 0x49c0, 0x0000, 0x0000,
0x0000, 0x0000, 0x0000, 0x0000, 0x0000, 0x1060, 0xa3e0, 0x0840, 0x0000, 0x0000,
0x0000, 0x8320, 0x7b00, 0xf5c0, 0xfe00, 0xf5c0, 0x3980, 0x0000, 0x0000, 0x0000,
0x0000, 0x0840, 0xc4a0, 0xfe00, 0xfde0, 0xfde0, 0xfde0, 0xfde0, 0xfde0, 0xfde0,
0xfde0, 0xfde0, 0xfde0, 0xfde0, 0xfde0, 0xfde0, 0xfde0, 0xfde0, 0xfde0, 0xfde0,
0xfde0, 0xfde0, 0xfde0, 0xfde0, 0xfde0, 0xfde0, 0xfde0, 0xfde0, 0xfde0, 0xfde0,
0xfde0, 0xfde0, 0xfde0, 0xfde0, 0xfde0, 0xfde0, 0xfde0, 0xfde0, 0xfde0, 0xfde0,
0xfde0, 0xfde0, 0xfde0, 0xfde0, 0xfde0, 0xfde0, 0xfde0, 0xfde0, 0xfde0, 0xfde0,
0xfde0, 0xfde0, 0xfde0, 0xfde0, 0xfde0, 0xfde0, 0xfde0, 0xfde0, 0xfde0, 0xfe00,
0xfe00, 0xfe00, 0xfe20, 0xfe00, 0xfe00, 0xfde0, 0xf5a0, 0xe560, 0xe540, 0xdd20,
0xd500, 0xdd00, 0xdd00, 0xdd00, 0xdd20, 0xb420, 0x5a86, 0x9557, 0x9557, 0x9537,
0x7c52, 0x83c7, 
0x7ae0, 0xac00, 0xd500, 0xccc0, 0xc480, 0xb440, 0xac00, 0xf5a0, 0xfe20, 0xfde0,
0xfde0, 0xfde0, 0xfde0, 0xfde0, 0xfe00, 0x9380, 0x1880, 0x0000, 0x0000, 0x18a0,
0xac20, 0x7b00, 0xed80, 0xfe00, 0xed80, 0x9ba0, 0x72c0, 0x0000, 0x0000, 0x0000,
0x0000, 0x0000, 0x0000, 0x0000, 0x0000, 0x2900, 0x9bc0, 0x0000, 0x0000, 0x0000,
0x0020, 0x9360, 0x8320, 0xfde0, 0xfe20, 0xa3e0, 0x0000, 0x0000, 0x0000, 0x0000,
0x0000, 0x6260, 0xfde0, 0xfde0, 0xfde0, 0xfde0, 0xfde0, 0xfde0, 0xfde0, 0xfde0,
0xfde0, 0xfde0, 0xfde0, 0xfde0, 0xfde0, 0xfde0, 0xfde0, 0xfde0, 0xfde0, 0xfde0,
0xfde0, 0xfde0, 0xfde0, 0xfde0, 0xfde0, 0xfde0, 0xfde0, 0xfde0, 0xfde0, 0xfde0,
0xfde0, 0xfde0, 0xfde0, 0xfde0, 0xfde0, 0xfde0, 0xfde0, 0xfde0, 0xfde0, 0xfde0,
0xfde0, 0xfde0, 0xfde0, 0xfde0, 0xfde0, 0xfde0, 0xfde0, 0xfde0, 0xfde0, 0xfde0,
0xfde0, 0xfde0, 0xfde0, 0xfde0, 0xfde0, 0xfde0, 0xfde0, 0xfde0, 0xfde0, 0xfde0,
0xfde0, 0xfde0, 0xfde0, 0xfde0, 0xfde0, 0xfde0, 0xfde0, 0xfde0, 0xfe00, 0xfe00,
0xfe00, 0xfe00, 0xfe20, 0xfe20, 0xfe40, 0xdd20, 0x5a84, 0x7c52, 0x7c94, 0x7c74,
0x7432, 0x6b4b, 
0x51e0, 0x7ae0, 0x9bc0, 0x9ba0, 0x9ba0, 0x9ba0, 0x9bc0, 0xb420, 0xc480, 0xf5c0,
0xfde0, 0xfde0, 0xfde0, 0xfe20, 0x9ba0, 0x0000, 0x0000, 0x0000, 0x0000, 0x0000,
0x4180, 0xac20, 0xb420, 0xfe40, 0xac00, 0x93a0, 0x1060, 0x0000, 0x0000, 0x0000,
0x0000, 0x0000, 0x0000, 0x0000, 0x0000, 0x41a0, 0x8b60, 0x0000, 0x0000, 0x0000,
0x1060, 0x9360, 0x8b60, 0xfe20, 0xf5c0, 0x3960, 0x0000, 0x0000, 0x0000, 0x0000,
0x1080, 0xd4e0, 0xfe00, 0xfde0, 0xfde0, 0xfe00, 0xfde0, 0xfde0, 0xfde0, 0xfde0,
0xfde0, 0xfde0, 0xfde0, 0xfde0, 0xfde0, 0xfde0, 0xfde0, 0xfde0, 0xfde0, 0xfde0,
0xfde0, 0xfde0, 0xfde0, 0xfde0, 0xfde0, 0xfde0, 0xfde0, 0xfde0, 0xfde0, 0xfde0,
0xfde0, 0xfde0, 0xfde0, 0xfde0, 0xfde0, 0xfde0, 0xfde0, 0xfde0, 0xfde0, 0xfde0,
0xfde0, 0xfde0, 0xfde0, 0xfde0, 0xfde0, 0xfde0, 0xfde0, 0xfde0, 0xfde0, 0xfde0,
0xfde0, 0xfde0, 0xfde0, 0xfde0, 0xfde0, 0xfde0, 0xfde0, 0xfde0, 0xfde0, 0xfde0,
0xfde0, 0xfde0, 0xfde0, 0xfde0, 0xfde0, 0xfde0, 0xfde0, 0xfde0, 0xfde0, 0xfde0,
0xfde0, 0xfde0, 0xfe00, 0xfe00, 0xfe00, 0xd500, 0x5a61, 0x7368, 0x736a, 0x736a,
0x7369, 0x6b07, 
0x9360, 0xac00, 0x3960, 0x2900, 0x20c0, 0x1080, 0x0820, 0x0000, 0x0020, 0x6260,
0xfde0, 0xfde0, 0xfe00, 0xd500, 0x1060, 0x0000, 0x0000, 0x0000, 0x0000, 0x0000,
0x0020, 0xa3e0, 0x9ba0, 0xf5c0, 0x9380, 0x5200, 0x0000, 0x0000, 0x0000, 0x0000,
0x0000, 0x0000, 0x0000, 0x0000, 0x0000, 0x5a20, 0x72c0, 0x0000, 0x0000, 0x0000,
0x20e0, 0x9380, 0xa3e0, 0xfe40, 0xac00, 0x0000, 0x0000, 0x0000, 0x0000, 0x0000,
0x72a0, 0xfde0, 0xf5a0, 0xed80, 0xed60, 0xe580, 0xf5c0, 0xfde0, 0xfde0, 0xfde0,
0xfde0, 0xfde0, 0xfde0, 0xfde0, 0xfde0, 0xfde0, 0xfde0, 0xfde0, 0xfde0, 0xfde0,
0xfde0, 0xfde0, 0xfde0, 0xfde0, 0xfde0, 0xfde0, 0xfde0, 0xfde0, 0xfde0, 0xfde0,
0xfde0, 0xfde0, 0xfde0, 0xfde0, 0xfde0, 0xfde0, 0xfde0, 0xfde0, 0xfde0, 0xfde0,
0xfde0, 0xfde0, 0xfde0, 0xfde0, 0xfde0, 0xfde0, 0xfde0, 0xfde0, 0xfde0, 0xfde0,
0xfde0, 0xfde0, 0xfde0, 0xfde0, 0xfde0, 0xfde0, 0xfde0, 0xfde0, 0xfde0, 0xfde0,
0xfde0, 0xfde0, 0xfde0, 0xfde0, 0xfde0, 0xfde0, 0xfde0, 0xfde0, 0xfde0, 0xfde0,
0xfde0, 0xfde0, 0xfe00, 0xfe00, 0xfe00, 0xd500, 0x72c0, 0xccc0, 0xc4a1, 0xbca1,
0xbca0, 0xbc80, 
0x8b40, 0x9380, 0x0000, 0x0000, 0x0000, 0x0000, 0x0000, 0x0000, 0x0000, 0x0000,
0xbc60, 0xfe00, 0xfe00, 0x5a20, 0x0000, 0x0000, 0x0000, 0x0000, 0x0000, 0x0000,
0x0000, 0x7b00, 0x9bc0, 0xbc80, 0x9380, 0x0840, 0x0000, 0x0000, 0x0000, 0x1060,
0x6260, 0x6260, 0x0840, 0x0000, 0x0000, 0x72c0, 0x5a40, 0x0000, 0x0000, 0x0000,
0x3140, 0x8b40, 0xb440, 0xfe00, 0x4180, 0x0000, 0x0000, 0x0000, 0x0000, 0x0000,
0x49c0, 0x5a41, 0x49e1, 0x41c2, 0x39a2, 0x3960, 0xccc0, 0xfe00, 0xfde0, 0xfde0,
0xfde0, 0xfde0, 0xfde0, 0xfde0, 0xfde0, 0xfde0, 0xfde0, 0xfde0, 0xfde0, 0xfde0,
0xfde0, 0xfde0, 0xfde0, 0xfde0, 0xfde0, 0xfde0, 0xfde0, 0xfde0, 0xfde0, 0xfde0,
0xfde0, 0xfde0, 0xfde0, 0xfde0, 0xfde0, 0xfde0, 0xfde0, 0xfde0, 0xfde0, 0xfde0,
0xfde0, 0xfde0, 0xfde0, 0xfde0, 0xfde0, 0xfde0, 0xfde0, 0xfde0, 0xfde0, 0xfde0,
0xfde0, 0xfde0, 0xfde0, 0xfde0, 0xfde0, 0xfde0, 0xfde0, 0xfde0, 0xfde0, 0xfde0,
0xfde0, 0xfde0, 0xfde0, 0xfde0, 0xfde0, 0xfde0, 0xfde0, 0xfde0, 0xfde0, 0xfde0,
0xfde0, 0xfde0, 0xfde0, 0xfe00, 0xfe00, 0xd500, 0x7ac0, 0xdd00, 0xd4e0, 0xd4e0,
0xd4e0, 0xd4e0, 
0x8b40, 0x9380, 0x0000, 0x0000, 0x0000, 0x0000, 0x0000, 0x0000, 0x0000, 0x0000,
0x6a80, 0xfe40, 0xd4e0, 0x0820, 0x0000, 0x0000, 0x0000, 0x0000, 0x0000, 0x0000,
0x0000, 0x5a00, 0x9380, 0x9380, 0x72c0, 0x0000, 0x0000, 0x0000, 0x18a0, 0xbc80,
0xf5c0, 0xfe20, 0x9bc0, 0x0020, 0x0000, 0x8b60, 0x41a0, 0x0000, 0x0000, 0x0000,
0x49c0, 0x8320, 0xccc0, 0xbc60, 0x0020, 0x0000, 0x0000, 0x0000, 0x0000, 0x3a08,
0x8452, 0x8473, 0x8cd4, 0x9516, 0x94f5, 0x2964, 0xc480, 0xfe00, 0xfde0, 0xfde0,
0xfde0, 0xfde0, 0xfde0, 0xfde0, 0xfde0, 0xfde0, 0xfde0, 0xfde0, 0xfde0, 0xfde0,
0xfde0, 0xfde0, 0xfde0, 0xfde0, 0xfde0, 0xfde0, 0xfde0, 0xfde0, 0xfde0, 0xfde0,
0xfde0, 0xfde0, 0xfde0, 0xfde0, 0xfde0, 0xfde0, 0xfde0, 0xfde0, 0xfde0, 0xfde0,
0xfde0, 0xfde0, 0xfde0, 0xfde0, 0xfde0, 0xfde0, 0xfde0, 0xfde0, 0xfde0, 0xfde0,
0xfde0, 0xfde0, 0xfde0, 0xfde0, 0xfde0, 0xfde0, 0xfde0, 0xfde0, 0xfde0, 0xfde0,
0xfde0, 0xfde0, 0xfde0, 0xfde0, 0xfde0, 0xfde0, 0xfde0, 0xfde0, 0xfde0, 0xfde0,
0xfde0, 0xfde0, 0xfde0, 0xfe00, 0xfe20, 0xd500, 0x5200, 0x6240, 0x6261, 0x5a20,
0x5a00, 0x5a20, 
0x8320, 0x8b60, 0x0000, 0x0000, 0x0000, 0x0000, 0x0000, 0x0000, 0x0000, 0x0000,
0x4180, 0xfe20, 0x7ac0, 0x0000, 0x0000, 0x0000, 0x49e0, 0x4180, 0x0000, 0x0000,
0x0000, 0x3980, 0x8b40, 0x8320, 0x3960, 0x0000, 0x0000, 0x0000, 0xa400, 0xac20,
0xac20, 0xfe00, 0xfe00, 0x5a20, 0x0000, 0x93a0, 0x3120, 0x0000, 0x0000, 0x0000,
0x6240, 0x8320, 0xd500, 0x5200, 0x0000, 0x0000, 0x0000, 0x0000, 0x0862, 0x8cd5,
0xae1a, 0xa5d9, 0xa5d9, 0xa5d9, 0x9d77, 0x3164, 0xcca0, 0xfe00, 0xfde0, 0xfde0,
0xfde0, 0xfde0, 0xfde0, 0xfde0, 0xfde0, 0xfde0, 0xfde0, 0xfde0, 0xfde0, 0xfde0,
0xfde0, 0xfde0, 0xfde0, 0xfde0, 0xfde0, 0xfde0, 0xfde0, 0xfde0, 0xfde0, 0xfde0,
0xfde0, 0xfde0, 0xfde0, 0xfde0, 0xfde0, 0xfde0, 0xfde0, 0xfde0, 0xfde0, 0xfde0,
0xfde0, 0xfde0, 0xfde0, 0xfde0, 0xfde0, 0xfde0, 0xfde0, 0xfde0, 0xfde0, 0xfde0,
0xfde0, 0xfde0, 0xfde0, 0xfde0, 0xfde0, 0xfde0, 0xfde0, 0xfde0, 0xfde0, 0xfde0,
0xfde0, 0xfde0, 0xfde0, 0xfde0, 0xfde0, 0xfde0, 0xfde0, 0xfde0, 0xfde0, 0xfde0,
0xfde0, 0xfde0, 0xfde0, 0xfe00, 0xfe00, 0xdd20, 0x3980, 0x2103, 0x3185, 0x1061,
0x1061, 0x2144, 
0xc4c0, 0x9bc0, 0x0000, 0x0000, 0x0000, 0x0000, 0x0000, 0x0000, 0x0000, 0x0000,
0x2900, 0xed80, 0x2900, 0x0000, 0x0000, 0x5a40, 0xb460, 0xc4a0, 0x2900, 0x0000,
0x0000, 0x20e0, 0xac20, 0x9ba0, 0x0840, 0x0000, 0x0000, 0x4180, 0xccc0, 0x9380,
0xfde0, 0xfde0, 0xfe00, 0xc4c0, 0x1060, 0x9bc0, 0x20c0, 0x0000, 0x0000, 0x0000,
0x6aa0, 0x8300, 0xac20, 0x1060, 0x0000, 0x0000, 0x0000, 0x0000, 0x426a, 0xa5b8,
0xa5b8, 0xa5b8, 0xa5b8, 0xa5b9, 0x9537, 0x3163, 0xccc0, 0xfe00, 0xfde0, 0xfde0,
0xfde0, 0xfde0, 0xfde0, 0xfde0, 0xfde0, 0xfde0, 0xfde0, 0xfde0, 0xfde0, 0xfde0,
0xfde0, 0xfde0, 0xfde0, 0xfde0, 0xfde0, 0xfde0, 0xfde0, 0xfde0, 0xfde0, 0xfde0,
0xfde0, 0xfde0, 0xfde0, 0xfde0, 0xfde0, 0xfde0, 0xfde0, 0xfde0, 0xfde0, 0xfde0,
0xfde0, 0xfde0, 0xfde0, 0xfde0, 0xfde0, 0xfde0, 0xfde0, 0xfde0, 0xfde0, 0xfde0,
0xfde0, 0xfde0, 0xfde0, 0xfde0, 0xfde0, 0xfde0, 0xfde0, 0xfde0, 0xfde0, 0xfde0,
0xfde0, 0xfde0, 0xfde0, 0xfde0, 0xfde0, 0xfde0, 0xfde0, 0xfde0, 0xfde0, 0xfde0,
0xfde0, 0xfde0, 0xfde0, 0xfe00, 0xfe00, 0xdd20, 0x3980, 0x2145, 0x39e8, 0x0862,
0x10a2, 0x4229, 
0xfe60, 0xac00, 0x0000, 0x0000, 0x18a0, 0x7ae0, 0x8b40, 0x3140, 0x0000, 0x0000,
0x3120, 0xc4a0, 0x0020, 0x0000, 0x1060, 0xd500, 0x8300, 0x8b60, 0x6aa0, 0x0000,
0x0000, 0x1880, 0xeda0, 0x9360, 0x0000, 0x0000, 0x0000, 0x9bc0, 0x9ba0, 0xe540,
0xfe00, 0xfde0, 0xfde0, 0xfde0, 0x72e0, 0xa400, 0x1060, 0x0000, 0x0000, 0x0000,
0x7ae0, 0x7b00, 0x5a40, 0x0000, 0x0000, 0x0000, 0x0000, 0x0841, 0x84b3, 0xadf9,
0xa5b8, 0xa5b8, 0xa5b8, 0xa5d9, 0x9516, 0x2943, 0xd500, 0xfe00, 0xfde0, 0xfde0,
0xfde0, 0xfde0, 0xfde0, 0xfde0, 0xfde0, 0xfde0, 0xfde0, 0xfde0, 0xfde0, 0xfde0,
0xfde0, 0xfde0, 0xfde0, 0xfde0, 0xfde0, 0xfde0, 0xfde0, 0xfde0, 0xfde0, 0xfde0,
0xfde0, 0xfde0, 0xfde0, 0xfde0, 0xfde0, 0xfde0, 0xfde0, 0xfde0, 0xfde0, 0xfde0,
0xfde0, 0xfde0, 0xfde0, 0xfde0, 0xfde0, 0xfde0, 0xfde0, 0xfde0, 0xfde0, 0xfde0,
0xfde0, 0xfde0, 0xfde0, 0xfde0, 0xfde0, 0xfde0, 0xfde0, 0xfde0, 0xfde0, 0xfde0,
0xfde0, 0xfde0, 0xfde0, 0xfde0, 0xfde0, 0xfde0, 0xfde0, 0xfde0, 0xfde0, 0xfde0,
0xfde0, 0xfde0, 0xfde0, 0xfe00, 0xfe00, 0xdd20, 0x3960, 0x18c3, 0x2945, 0x0841,
0x0882, 0x3186, 
0xfe40, 0xa3e0, 0x0000, 0x0000, 0x2900, 0xa3c0, 0x8b60, 0x8b40, 0x0020, 0x0000,
0x3120, 0x8b60, 0x0000, 0x0000, 0x51e0, 0xfdc0, 0xac00, 0xac00, 0x8340, 0x0000,
0x0000, 0x0840, 0xdd40, 0x5a20, 0x0000, 0x0000, 0x18a0, 0xc4a0, 0x9380, 0xfe00,
0xfde0, 0xfde0, 0xfde0, 0xfde0, 0xf5e0, 0xbc80, 0x0000, 0x0000, 0x0000, 0x0000,
0x8b40, 0x5a40, 0x1080, 0x0000, 0x0000, 0x0000, 0x0000, 0x10c3, 0x9557, 0x9db8,
0x9d98, 0x9d98, 0x9d98, 0xa5b9, 0x8cf5, 0x2942, 0xd520, 0xfe00, 0xfde0, 0xfde0,
0xfde0, 0xfde0, 0xfde0, 0xfde0, 0xfde0, 0xfde0, 0xfde0, 0xfde0, 0xfde0, 0xfde0,
0xfde0, 0xfde0, 0xfde0, 0xfde0, 0xfde0, 0xfde0, 0xfde0, 0xfde0, 0xfde0, 0xfde0,
0xfde0, 0xfde0, 0xfde0, 0xfde0, 0xfde0, 0xfde0, 0xfde0, 0xfde0, 0xfde0, 0xfde0,
0xfde0, 0xfde0, 0xfde0, 0xfde0, 0xfde0, 0xfde0, 0xfde0, 0xfde0, 0xfde0, 0xfde0,
0xfde0, 0xfde0, 0xfde0, 0xfde0, 0xfde0, 0xfde0, 0xfde0, 0xfde0, 0xfde0, 0xfde0,
0xfde0, 0xfde0, 0xfde0, 0xfde0, 0xfde0, 0xfde0, 0xfde0, 0xfde0, 0xfde0, 0xfde0,
0xfde0, 0xfde0, 0xfde0, 0xfe00, 0xfe00, 0xdd20, 0x41a0, 0x18a0, 0x20c1, 0x18a0,
0x18a0, 0x20e1, 
0xfe40, 0xa3e0, 0x0000, 0x0000, 0x49e0, 0xfe20, 0xe540, 0x7ae0, 0x0840, 0x0000,
0x3140, 0x5a40, 0x0000, 0x0000, 0x9380, 0xfde0, 0xbc60, 0xbc60, 0x8320, 0x0000,
0x0000, 0x0840, 0xcce0, 0x3140, 0x0000, 0x0000, 0x51e0, 0xbc60, 0xb440, 0xfe00,
0xfde0, 0xfde0, 0xfde0, 0xfde0, 0xfe20, 0xb420, 0x0000, 0x0000, 0x0000, 0x0000,
0x9ba0, 0x3120, 0x0000, 0x0000, 0x0000, 0x0000, 0x0000, 0x2965, 0xa5b8, 0xadf9,
0xadf9, 0xadf9, 0xadf9, 0xae1a, 0x9516, 0x3141, 0xdd20, 0xfe00, 0xfe00, 0xfe00,
0xfe00, 0xfde0, 0xfe00, 0xfe00, 0xfe00, 0xfe00, 0xfe00, 0xfde0, 0xfde0, 0xfde0,
0xfde0, 0xfde0, 0xfde0, 0xfde0, 0xfde0, 0xfde0, 0xfde0, 0xfde0, 0xfde0, 0xfde0,
0xfde0, 0xfde0, 0xfde0, 0xfde0, 0xfde0, 0xfde0, 0xfde0, 0xfde0, 0xfde0, 0xfde0,
0xfde0, 0xfde0, 0xfde0, 0xfde0, 0xfde0, 0xfde0, 0xfde0, 0xfde0, 0xfde0, 0xfde0,
0xfde0, 0xfde0, 0xfde0, 0xfde0, 0xfde0, 0xfde0, 0xfde0, 0xfde0, 0xfde0, 0xfde0,
0xfde0, 0xfde0, 0xfde0, 0xfde0, 0xfde0, 0xfde0, 0xfde0, 0xfde0, 0xfde0, 0xfde0,
0xfde0, 0xfde0, 0xfde0, 0xfde0, 0xfe20, 0xd500, 0x6a80, 0xa3e0, 0x9bc0, 0x9bc0,
0x9bc0, 0x9bc0, 
0xfe40, 0xa3c0, 0x0000, 0x0000, 0x5a20, 0xfe00, 0xed80, 0x8320, 0x0840, 0x0000,
0x3980, 0x3980, 0x0000, 0x0000, 0xc4a0, 0xed80, 0xbc60, 0xd500, 0x93a0, 0x0840,
0x0000, 0x0840, 0xbc60, 0x18a0, 0x0000, 0x0000, 0x8320, 0xa400, 0xdd00, 0xfe00,
0xfde0, 0xfde0, 0xfde0, 0xfde0, 0xfe20, 0xa3c0, 0x0000, 0x0000, 0x0000, 0x0020,
0xa3c0, 0x20e0, 0x0000, 0x0000, 0x0000, 0x0000, 0x3960, 0x62a6, 0xa5b9, 0xadf9,
0xadd9, 0xadd9, 0xadf9, 0xae19, 0x94f5, 0x3141, 0xe560, 0xe560, 0xb440, 0x8b40,
0x6a80, 0x5a00, 0x5200, 0x6240, 0x8320, 0xb420, 0xdd40, 0xfde0, 0xfe00, 0xfde0,
0xfde0, 0xfde0, 0xfde0, 0xfde0, 0xfde0, 0xfde0, 0xfde0, 0xfde0, 0xfde0, 0xfde0,
0xfe00, 0xfe00, 0xfde0, 0xfde0, 0xfe00, 0xfe00, 0xfe00, 0xfde0, 0xfde0, 0xfde0,
0xfde0, 0xfde0, 0xfde0, 0xfde0, 0xfde0, 0xfde0, 0xfde0, 0xfde0, 0xfde0, 0xfde0,
0xfde0, 0xfde0, 0xfde0, 0xfde0, 0xfde0, 0xfde0, 0xfde0, 0xfde0, 0xfde0, 0xfde0,
0xfde0, 0xfde0, 0xfde0, 0xfde0, 0xfde0, 0xfde0, 0xfde0, 0xfde0, 0xfde0, 0xfde0,
0xfde0, 0xfde0, 0xfde0, 0xfde0, 0xfe20, 0xd4e0, 0x8320, 0xfe41, 0xfe21, 0xfe21,
0xfe21, 0xfe21, 
0xb440, 0x9360, 0x0000, 0x0000, 0x6260, 0xfe20, 0xed80, 0x8b60, 0x0840, 0x0000,
0x49c0, 0x2900, 0x0000, 0x1080, 0xe560, 0xdd40, 0xb440, 0xdd20, 0x9ba0, 0x1060,
0x0000, 0x0840, 0x9ba0, 0x0840, 0x0000, 0x0000, 0xa3e0, 0x9bc0, 0xf5a0, 0xfde0,
0xfde0, 0xfde0, 0xfde0, 0xfde0, 0xfe20, 0x9380, 0x0000, 0x0000, 0x0000, 0x0840,
0x7b00, 0x0840, 0x0000, 0x0000, 0x0000, 0x0020, 0x8b60, 0x6b06, 0xadd9, 0xadf9,
0xadf9, 0xadf9, 0xadf9, 0xae1a, 0x94f5, 0x20e1, 0x6260, 0x41a2, 0x31a6, 0x4a6a,
0x4acc, 0x4acc, 0x52ed, 0x530d, 0x426b, 0x31a6, 0x3982, 0x6aa0, 0xc4a0, 0xf5c0,
0xfde0, 0xfde0, 0xfde0, 0xfde0, 0xfde0, 0xfde0, 0xfde0, 0xfde0, 0xfde0, 0xed80,
0xb440, 0x8300, 0x6260, 0x5221, 0x5a20, 0x8320, 0xb440, 0xe560, 0xf5a0, 0xf5a0,
0xf5c0, 0xfdc0, 0xfde0, 0xfde0, 0xfde0, 0xfde0, 0xfde0, 0xfde0, 0xfde0, 0xfde0,
0xfde0, 0xfde0, 0xfde0, 0xfde0, 0xfde0, 0xfde0, 0xfde0, 0xfde0, 0xfde0, 0xfde0,
0xfde0, 0xfde0, 0xfde0, 0xfde0, 0xfde0, 0xfde0, 0xfde0, 0xfde0, 0xfde0, 0xfde0,
0xfde0, 0xfde0, 0xfde0, 0xfde0, 0xfe20, 0xd4e0, 0x8300, 0xfe21, 0xf601, 0xf601,
0xf601, 0xf601, 
0x49c0, 0x72a0, 0x0000, 0x0000, 0x6aa0, 0xfe20, 0xe560, 0x8320, 0x0020, 0x0000,
0x51e0, 0x18a0, 0x0000, 0x28e0, 0xf5c0, 0xdd00, 0xb440, 0xdd20, 0x8b60, 0x1060,
0x0000, 0x0840, 0x8300, 0x0020, 0x0000, 0x0000, 0xb440, 0x9ba0, 0xfdc0, 0xfde0,
0xfde0, 0xfde0, 0xfde0, 0xfde0, 0xfe20, 0x8320, 0x0000, 0x0000, 0x0000, 0x1060,
0x49a0, 0x0000, 0x0000, 0x0000, 0x0000, 0x20e0, 0xc4c0, 0x62e7, 0xadf9, 0xadf9,
0xadf9, 0xadf9, 0xadf9, 0xae1a, 0x94f5, 0x0861, 0x2125, 0x6bb0, 0x9d98, 0xadf9,
0x8d16, 0x8d16, 0x9d98, 0x9578, 0x9557, 0x9516, 0x638f, 0x2987, 0x2901, 0xa3c0,
0xf5c0, 0xfde0, 0xfde0, 0xfde0, 0xfde0, 0xfde0, 0xfde0, 0xfe00, 0xdd20, 0x6a80,
0x20e2, 0x2146, 0x4aac, 0x5b4e, 0x52ed, 0x3a2a, 0x18e2, 0x5a20, 0x72a0, 0x72c0,
0x8b20, 0x9ba0, 0xb440, 0xc4a0, 0xdd20, 0xfde0, 0xfde0, 0xfde0, 0xfde0, 0xfe00,
0xfde0, 0xfde0, 0xfde0, 0xfde0, 0xfde0, 0xfde0, 0xfde0, 0xfde0, 0xfde0, 0xfde0,
0xfde0, 0xfde0, 0xfde0, 0xfde0, 0xfde0, 0xfde0, 0xfde0, 0xfde0, 0xfde0, 0xfde0,
0xfde0, 0xfde0, 0xfde0, 0xfde0, 0xfe20, 0xd4e0, 0x8300, 0xfe21, 0xf5e1, 0xf601,
0xf601, 0xf601, 

};

const struct bitmap bm_sliding_puzzle = { 
    .width = BMPWIDTH_sliding_puzzle, 
    .height = BMPHEIGHT_sliding_puzzle, 
    .format = FORMAT_NATIVE, 
    .data = (unsigned char*)sliding_puzzle,
};
