                                      1 ;--------------------------------------------------------
                                      2 ; File Created by SDCC : free open source ISO C Compiler
                                      3 ; Version 4.5.1 #15267 (Linux)
                                      4 ;--------------------------------------------------------
                                      5 	.module main
                                      6 	
                                      7 ;--------------------------------------------------------
                                      8 ; Public variables in this module
                                      9 ;--------------------------------------------------------
                                     10 	.globl _main
                                     11 	.globl _menu_screen
                                     12 	.globl _show_message
                                     13 	.globl _font_set
                                     14 	.globl _font_load
                                     15 	.globl _font_init
                                     16 	.globl b_dt_home_record_menu
                                     17 	.globl _dt_home_record_menu
                                     18 	.globl b_dt_record_name
                                     19 	.globl _dt_record_name
                                     20 	.globl b_dt_record_from_media
                                     21 	.globl _dt_record_from_media
                                     22 	.globl b_dt_audio_sync
                                     23 	.globl _dt_audio_sync
                                     24 	.globl b_dt_audio_get_home_record
                                     25 	.globl _dt_audio_get_home_record
                                     26 	.globl b_dt_audio_set_home_record
                                     27 	.globl _dt_audio_set_home_record
                                     28 	.globl b_dt_audio_stop_music
                                     29 	.globl _dt_audio_stop_music
                                     30 	.globl b_dt_audio_play_title_theme
                                     31 	.globl _dt_audio_play_title_theme
                                     32 	.globl b_dt_audio_play_sfx
                                     33 	.globl _dt_audio_play_sfx
                                     34 	.globl b_dt_audio_update
                                     35 	.globl _dt_audio_update
                                     36 	.globl b_dt_audio_init
                                     37 	.globl _dt_audio_init
                                     38 	.globl b_dt_init_assets
                                     39 	.globl _dt_init_assets
                                     40 	.globl _cls
                                     41 	.globl _setchar
                                     42 	.globl _posy
                                     43 	.globl _posx
                                     44 	.globl _gotoxy
                                     45 	.globl _set_bkg_palette
                                     46 	.globl _set_sprite_data
                                     47 	.globl _set_bkg_tiles
                                     48 	.globl _set_bkg_data
                                     49 	.globl _display_off
                                     50 	.globl _vsync
                                     51 	.globl _waitpadup
                                     52 	.globl _joypad
                                     53 ;--------------------------------------------------------
                                     54 ; special function registers
                                     55 ;--------------------------------------------------------
                                     56 	.area _HRAM
                                     57 ;--------------------------------------------------------
                                     58 ; ram data
                                     59 ;--------------------------------------------------------
                                     60 	.area _DATA
    00000000                         61 _ui_font:
    00000000                         62 	.ds 2
    00000002                         63 _room_id:
    00000002                         64 	.ds 1
    00000003                         65 _player_x:
    00000003                         66 	.ds 1
    00000004                         67 _player_y:
    00000004                         68 	.ds 1
    00000005                         69 _facing:
    00000005                         70 	.ds 1
    00000006                         71 _credits:
    00000006                         72 	.ds 1
    00000007                         73 _day_count:
    00000007                         74 	.ds 1
    00000008                         75 _task_id:
    00000008                         76 	.ds 1
    00000009                         77 _task_done:
    00000009                         78 	.ds 1
    0000000A                         79 _inventory:
    0000000A                         80 	.ds 1
    0000000B                         81 _media:
    0000000B                         82 	.ds 1
    0000000C                         83 _decor_slots:
    0000000C                         84 	.ds 3
    0000000F                         85 _ride_level:
    0000000F                         86 	.ds 1
    00000010                         87 _palette_mood:
    00000010                         88 	.ds 1
    00000011                         89 _frame_clock:
    00000011                         90 	.ds 1
    00000012                         91 _map_buffer:
    00000012                         92 	.ds 360
                                     93 ;--------------------------------------------------------
                                     94 ; ram data
                                     95 ;--------------------------------------------------------
                                     96 	.area _INITIALIZED
                                     97 ;--------------------------------------------------------
                                     98 ; absolute external ram data
                                     99 ;--------------------------------------------------------
                                    100 	.area _DABS (ABS)
                                    101 ;--------------------------------------------------------
                                    102 ; global & static initialisations
                                    103 ;--------------------------------------------------------
                                    104 	.area _HOME
                                    105 	.area _GSINIT
                                    106 	.area _GSFINAL
                                    107 	.area _GSINIT
                                    108 ;--------------------------------------------------------
                                    109 ; Home
                                    110 ;--------------------------------------------------------
                                    111 	.area _HOME
                                    112 	.area _HOME
                                    113 ;--------------------------------------------------------
                                    114 ; code
                                    115 ;--------------------------------------------------------
                                    116 	.area _CODE
                                    117 ;src/main.c:88: static uint8_t tile_for_char(char c) {
                                    118 ;	---------------------------------
                                    119 ; Function tile_for_char
                                    120 ; ---------------------------------
    00000000                        121 _tile_for_char:
                                    122 ;src/main.c:89: switch (c) {
    00000000 FE 23            [ 8]  123 	cp	a, #0x23
    00000002 CAr95r00         [16]  124 	jp	Z, 00104$
    00000005 FE 2C            [ 8]  125 	cp	a, #0x2c
    00000007 CAr8Fr00         [16]  126 	jp	Z, 00102$
    0000000A FE 2E            [ 8]  127 	cp	a, #0x2e
    0000000C CAr8Dr00         [16]  128 	jp	Z, 00101$
    0000000F FE 31            [ 8]  129 	cp	a, #0x31
    00000011 CArDDr00         [16]  130 	jp	Z, 00132$
    00000014 FE 32            [ 8]  131 	cp	a, #0x32
    00000016 CArDDr00         [16]  132 	jp	Z, 00132$
    00000019 FE 33            [ 8]  133 	cp	a, #0x33
    0000001B CArDDr00         [16]  134 	jp	Z, 00132$
    0000001E FE 3D            [ 8]  135 	cp	a, #0x3d
    00000020 28 70            [12]  136 	jr	Z, 00103$
    00000022 FE 47            [ 8]  137 	cp	a, #0x47
    00000024 CArB9r00         [16]  138 	jp	Z, 00118$
    00000027 FE 50            [ 8]  139 	cp	a, #0x50
    00000029 CArB6r00         [16]  140 	jp	Z, 00116$
    0000002C FE 52            [ 8]  141 	cp	a, #0x52
    0000002E 28 74            [12]  142 	jr	Z, 00110$
    00000030 FE 61            [ 8]  143 	cp	a, #0x61
    00000032 28 79            [12]  144 	jr	Z, 00113$
    00000034 FE 62            [ 8]  145 	cp	a, #0x62
    00000036 28 7B            [12]  146 	jr	Z, 00115$
    00000038 FE 63            [ 8]  147 	cp	a, #0x63
    0000003A 28 62            [12]  148 	jr	Z, 00107$
    0000003C FE 64            [ 8]  149 	cp	a, #0x64
    0000003E 28 5B            [12]  150 	jr	Z, 00106$
    00000040 FE 66            [ 8]  151 	cp	a, #0x66
    00000042 CArCBr00         [16]  152 	jp	Z, 00124$
    00000045 FE 67            [ 8]  153 	cp	a, #0x67
    00000047 28 70            [12]  154 	jr	Z, 00118$
    00000049 FE 68            [ 8]  155 	cp	a, #0x68
    0000004B 28 72            [12]  156 	jr	Z, 00120$
    0000004D FE 69            [ 8]  157 	cp	a, #0x69
    0000004F CArDAr00         [16]  158 	jp	Z, 00129$
    00000052 FE 6B            [ 8]  159 	cp	a, #0x6b
    00000054 CArD4r00         [16]  160 	jp	Z, 00127$
    00000057 FE 6C            [ 8]  161 	cp	a, #0x6c
    00000059 28 6A            [12]  162 	jr	Z, 00122$
    0000005B FE 6D            [ 8]  163 	cp	a, #0x6d
    0000005D 28 5D            [12]  164 	jr	Z, 00119$
    0000005F FE 6E            [ 8]  165 	cp	a, #0x6e
    00000061 28 47            [12]  166 	jr	Z, 00112$
    00000063 FE 6F            [ 8]  167 	cp	a, #0x6f
    00000065 28 6A            [12]  168 	jr	Z, 00126$
    00000067 FE 70            [ 8]  169 	cp	a, #0x70
    00000069 28 57            [12]  170 	jr	Z, 00121$
    0000006B FE 71            [ 8]  171 	cp	a, #0x71
    0000006D 28 68            [12]  172 	jr	Z, 00128$
    0000006F FE 72            [ 8]  173 	cp	a, #0x72
    00000071 28 31            [12]  174 	jr	Z, 00110$
    00000073 FE 73            [ 8]  175 	cp	a, #0x73
    00000075 28 2A            [12]  176 	jr	Z, 00108$
    00000077 FE 74            [ 8]  177 	cp	a, #0x74
    00000079 28 53            [12]  178 	jr	Z, 00125$
    0000007B FE 76            [ 8]  179 	cp	a, #0x76
    0000007D 28 28            [12]  180 	jr	Z, 00111$
    0000007F FE 77            [ 8]  181 	cp	a, #0x77
    00000081 28 15            [12]  182 	jr	Z, 00105$
    00000083 FE 78            [ 8]  183 	cp	a, #0x78
    00000085 28 41            [12]  184 	jr	Z, 00123$
    00000087 D6 7C            [ 8]  185 	sub	a, #0x7c
    00000089 28 25            [12]  186 	jr	Z, 00114$
    0000008B 18 52            [12]  187 	jr	00133$
                                    188 ;src/main.c:90: case '.': return 0u;
    0000008D                        189 00101$:
    0000008D AF               [ 4]  190 	xor	a, a
    0000008E C9               [16]  191 	ret
                                    192 ;src/main.c:91: case ',': return 1u;
    0000008F                        193 00102$:
    0000008F 3E 01            [ 8]  194 	ld	a, #0x01
    00000091 C9               [16]  195 	ret
                                    196 ;src/main.c:92: case '=': return 2u;
    00000092                        197 00103$:
    00000092 3E 02            [ 8]  198 	ld	a, #0x02
    00000094 C9               [16]  199 	ret
                                    200 ;src/main.c:93: case '#': return 3u;
    00000095                        201 00104$:
    00000095 3E 03            [ 8]  202 	ld	a, #0x03
    00000097 C9               [16]  203 	ret
                                    204 ;src/main.c:94: case 'w': return 4u;
    00000098                        205 00105$:
    00000098 3E 04            [ 8]  206 	ld	a, #0x04
    0000009A C9               [16]  207 	ret
                                    208 ;src/main.c:95: case 'd': return 5u;
    0000009B                        209 00106$:
    0000009B 3E 05            [ 8]  210 	ld	a, #0x05
    0000009D C9               [16]  211 	ret
                                    212 ;src/main.c:96: case 'c': return 6u;
    0000009E                        213 00107$:
    0000009E 3E 06            [ 8]  214 	ld	a, #0x06
    000000A0 C9               [16]  215 	ret
                                    216 ;src/main.c:97: case 's': return 7u;
    000000A1                        217 00108$:
    000000A1 3E 07            [ 8]  218 	ld	a, #0x07
    000000A3 C9               [16]  219 	ret
                                    220 ;src/main.c:99: case 'R': return 8u;
    000000A4                        221 00110$:
    000000A4 3E 08            [ 8]  222 	ld	a, #0x08
    000000A6 C9               [16]  223 	ret
                                    224 ;src/main.c:100: case 'v': return 9u;
    000000A7                        225 00111$:
    000000A7 3E 09            [ 8]  226 	ld	a, #0x09
    000000A9 C9               [16]  227 	ret
                                    228 ;src/main.c:101: case 'n': return 10u;
    000000AA                        229 00112$:
    000000AA 3E 0A            [ 8]  230 	ld	a, #0x0a
    000000AC C9               [16]  231 	ret
                                    232 ;src/main.c:102: case 'a': return 11u;
    000000AD                        233 00113$:
    000000AD 3E 0B            [ 8]  234 	ld	a, #0x0b
    000000AF C9               [16]  235 	ret
                                    236 ;src/main.c:103: case '|': return 12u;
    000000B0                        237 00114$:
    000000B0 3E 0C            [ 8]  238 	ld	a, #0x0c
    000000B2 C9               [16]  239 	ret
                                    240 ;src/main.c:104: case 'b': return 13u;
    000000B3                        241 00115$:
    000000B3 3E 0D            [ 8]  242 	ld	a, #0x0d
    000000B5 C9               [16]  243 	ret
                                    244 ;src/main.c:105: case 'P': return 14u;
    000000B6                        245 00116$:
    000000B6 3E 0E            [ 8]  246 	ld	a, #0x0e
    000000B8 C9               [16]  247 	ret
                                    248 ;src/main.c:107: case 'G': return 15u;
    000000B9                        249 00118$:
    000000B9 3E 0F            [ 8]  250 	ld	a, #0x0f
    000000BB C9               [16]  251 	ret
                                    252 ;src/main.c:108: case 'm': return 16u;
    000000BC                        253 00119$:
    000000BC 3E 10            [ 8]  254 	ld	a, #0x10
    000000BE C9               [16]  255 	ret
                                    256 ;src/main.c:109: case 'h': return 17u;
    000000BF                        257 00120$:
    000000BF 3E 11            [ 8]  258 	ld	a, #0x11
    000000C1 C9               [16]  259 	ret
                                    260 ;src/main.c:110: case 'p': return 18u;
    000000C2                        261 00121$:
    000000C2 3E 12            [ 8]  262 	ld	a, #0x12
    000000C4 C9               [16]  263 	ret
                                    264 ;src/main.c:111: case 'l': return 19u;
    000000C5                        265 00122$:
    000000C5 3E 13            [ 8]  266 	ld	a, #0x13
    000000C7 C9               [16]  267 	ret
                                    268 ;src/main.c:112: case 'x': return 20u;
    000000C8                        269 00123$:
    000000C8 3E 14            [ 8]  270 	ld	a, #0x14
    000000CA C9               [16]  271 	ret
                                    272 ;src/main.c:113: case 'f': return 21u;
    000000CB                        273 00124$:
    000000CB 3E 15            [ 8]  274 	ld	a, #0x15
    000000CD C9               [16]  275 	ret
                                    276 ;src/main.c:114: case 't': return 22u;
    000000CE                        277 00125$:
    000000CE 3E 16            [ 8]  278 	ld	a, #0x16
    000000D0 C9               [16]  279 	ret
                                    280 ;src/main.c:115: case 'o': return 23u;
    000000D1                        281 00126$:
    000000D1 3E 17            [ 8]  282 	ld	a, #0x17
    000000D3 C9               [16]  283 	ret
                                    284 ;src/main.c:116: case 'k': return 24u;
    000000D4                        285 00127$:
    000000D4 3E 18            [ 8]  286 	ld	a, #0x18
    000000D6 C9               [16]  287 	ret
                                    288 ;src/main.c:117: case 'q': return 30u;
    000000D7                        289 00128$:
    000000D7 3E 1E            [ 8]  290 	ld	a, #0x1e
    000000D9 C9               [16]  291 	ret
                                    292 ;src/main.c:118: case 'i': return 31u;
    000000DA                        293 00129$:
    000000DA 3E 1F            [ 8]  294 	ld	a, #0x1f
    000000DC C9               [16]  295 	ret
                                    296 ;src/main.c:121: case '3':
    000000DD                        297 00132$:
                                    298 ;src/main.c:122: return 0u;
    000000DD AF               [ 4]  299 	xor	a, a
    000000DE C9               [16]  300 	ret
                                    301 ;src/main.c:123: default:
    000000DF                        302 00133$:
                                    303 ;src/main.c:124: return 0u;
    000000DF AF               [ 4]  304 	xor	a, a
                                    305 ;src/main.c:125: }
                                    306 ;src/main.c:126: }
    000000E0 C9               [16]  307 	ret
                                    308 ;src/main.c:128: static uint8_t decor_tile(uint8_t decor_id) {
                                    309 ;	---------------------------------
                                    310 ; Function decor_tile
                                    311 ; ---------------------------------
    000000E1                        312 _decor_tile:
    000000E1 4F               [ 4]  313 	ld	c, a
                                    314 ;src/main.c:129: switch (decor_id) {
    000000E2 3E 05            [ 8]  315 	ld	a, #0x05
    000000E4 91               [ 4]  316 	sub	a, c
    000000E5 38 27            [12]  317 	jr	C, 00106$
    000000E7 06 00            [ 8]  318 	ld	b, #0x00
    000000E9 21rF3r00         [12]  319 	ld	hl, #00117$
    000000EC 09               [ 8]  320 	add	hl, bc
    000000ED 09               [ 8]  321 	add	hl, bc
    000000EE 4E               [ 8]  322 	ld	c, (hl)
    000000EF 23               [ 8]  323 	inc	hl
    000000F0 66               [ 8]  324 	ld	h, (hl)
    000000F1 69               [ 4]  325 	ld	l, c
    000000F2 E9               [ 4]  326 	jp	(hl)
    000000F3                        327 00117$:
    000000F3r0Er01                  328 	.dw	00106$
    000000F5rFFr00                  329 	.dw	00101$
    000000F7r02r01                  330 	.dw	00102$
    000000F9r05r01                  331 	.dw	00103$
    000000FBr08r01                  332 	.dw	00104$
    000000FDr0Br01                  333 	.dw	00105$
                                    334 ;src/main.c:130: case DECOR_POSTER: return 14u;
    000000FF                        335 00101$:
    000000FF 3E 0E            [ 8]  336 	ld	a, #0x0e
    00000101 C9               [16]  337 	ret
                                    338 ;src/main.c:131: case DECOR_LAMP: return 19u;
    00000102                        339 00102$:
    00000102 3E 13            [ 8]  340 	ld	a, #0x13
    00000104 C9               [16]  341 	ret
                                    342 ;src/main.c:132: case DECOR_SHELF: return 16u;
    00000105                        343 00103$:
    00000105 3E 10            [ 8]  344 	ld	a, #0x10
    00000107 C9               [16]  345 	ret
                                    346 ;src/main.c:133: case DECOR_TANK: return 21u;
    00000108                        347 00104$:
    00000108 3E 15            [ 8]  348 	ld	a, #0x15
    0000010A C9               [16]  349 	ret
                                    350 ;src/main.c:134: case DECOR_DOCK: return 24u;
    0000010B                        351 00105$:
    0000010B 3E 18            [ 8]  352 	ld	a, #0x18
    0000010D C9               [16]  353 	ret
                                    354 ;src/main.c:135: default: return 0u;
    0000010E                        355 00106$:
    0000010E AF               [ 4]  356 	xor	a, a
                                    357 ;src/main.c:136: }
                                    358 ;src/main.c:137: }
    0000010F C9               [16]  359 	ret
                                    360 ;src/main.c:139: static uint8_t has_item(uint8_t item) {
                                    361 ;	---------------------------------
                                    362 ; Function has_item
                                    363 ; ---------------------------------
    00000110                        364 _has_item:
                                    365 ;src/main.c:140: return (inventory & item) != 0u;
    00000110 21r0Ar00         [12]  366 	ld	hl, #_inventory
    00000113 A6               [ 8]  367 	and	a, (hl)
    00000114 D6 01            [ 8]  368 	sub	a, #0x01
    00000116 3E 00            [ 8]  369 	ld	a, #0x00
    00000118 17               [ 4]  370 	rla
    00000119 EE 01            [ 8]  371 	xor	a, #0x01
                                    372 ;src/main.c:141: }
    0000011B C9               [16]  373 	ret
                                    374 ;src/main.c:143: static void add_item(uint8_t item) {
                                    375 ;	---------------------------------
                                    376 ; Function add_item
                                    377 ; ---------------------------------
    0000011C                        378 _add_item:
                                    379 ;src/main.c:144: inventory |= item;
    0000011C 21r0Ar00         [12]  380 	ld	hl, #_inventory
    0000011F B6               [ 8]  381 	or	a, (hl)
    00000120 77               [ 8]  382 	ld	(hl), a
                                    383 ;src/main.c:145: }
    00000121 C9               [16]  384 	ret
                                    385 ;src/main.c:147: static uint8_t invert_dmg_palette_reg(uint8_t palette) {
                                    386 ;	---------------------------------
                                    387 ; Function invert_dmg_palette_reg
                                    388 ; ---------------------------------
    00000122                        389 _invert_dmg_palette_reg:
                                    390 ;src/main.c:149: (3u - (palette & 0x03u)) |
    00000122 47               [ 4]  391 	ld	b, a
    00000123 E6 03            [ 8]  392 	and	a, #0x03
    00000125 4F               [ 4]  393 	ld	c, a
    00000126 3E 03            [ 8]  394 	ld	a, #0x03
    00000128 91               [ 4]  395 	sub	a, c
    00000129 4F               [ 4]  396 	ld	c, a
                                    397 ;src/main.c:150: ((3u - ((palette >> 2u) & 0x03u)) << 2u) |
    0000012A 78               [ 4]  398 	ld	a, b
    0000012B 0F               [ 4]  399 	rrca
    0000012C 0F               [ 4]  400 	rrca
    0000012D E6 03            [ 8]  401 	and	a, #0x3
    0000012F 5F               [ 4]  402 	ld	e, a
    00000130 3E 03            [ 8]  403 	ld	a, #0x03
    00000132 93               [ 4]  404 	sub	a, e
    00000133 87               [ 4]  405 	add	a, a
    00000134 87               [ 4]  406 	add	a, a
    00000135 B1               [ 4]  407 	or	a, c
    00000136 4F               [ 4]  408 	ld	c, a
                                    409 ;src/main.c:151: ((3u - ((palette >> 4u) & 0x03u)) << 4u) |
    00000137 78               [ 4]  410 	ld	a, b
    00000138 CB 37            [ 8]  411 	swap	a
    0000013A E6 03            [ 8]  412 	and	a, #0x3
    0000013C 5F               [ 4]  413 	ld	e, a
    0000013D 3E 03            [ 8]  414 	ld	a, #0x03
    0000013F 93               [ 4]  415 	sub	a, e
    00000140 CB 37            [ 8]  416 	swap	a
    00000142 E6 F0            [ 8]  417 	and	a, #0xf0
    00000144 B1               [ 4]  418 	or	a, c
    00000145 4F               [ 4]  419 	ld	c, a
                                    420 ;src/main.c:152: ((3u - ((palette >> 6u) & 0x03u)) << 6u)
    00000146 78               [ 4]  421 	ld	a, b
    00000147 07               [ 4]  422 	rlca
    00000148 07               [ 4]  423 	rlca
    00000149 E6 03            [ 8]  424 	and	a, #0x3
    0000014B 47               [ 4]  425 	ld	b, a
    0000014C 3E 03            [ 8]  426 	ld	a, #0x03
    0000014E 90               [ 4]  427 	sub	a, b
    0000014F 0F               [ 4]  428 	rrca
    00000150 0F               [ 4]  429 	rrca
    00000151 E6 C0            [ 8]  430 	and	a, #0xc0
    00000153 B1               [ 4]  431 	or	a, c
                                    432 ;src/main.c:154: }
    00000154 C9               [16]  433 	ret
                                    434 ;src/main.c:156: static void set_inverted_bkg_palette(const palette_color_t *palettes) {
                                    435 ;	---------------------------------
                                    436 ; Function set_inverted_bkg_palette
                                    437 ; ---------------------------------
    00000155                        438 _set_inverted_bkg_palette:
    00000155 E8 F8            [16]  439 	add	sp, #-8
    00000157 4B               [ 4]  440 	ld	c, e
    00000158 42               [ 4]  441 	ld	b, d
                                    442 ;src/main.c:159: inverted[0] = palettes[3];
    00000159 21 06 00         [12]  443 	ld	hl, #0x0006
    0000015C 09               [ 8]  444 	add	hl, bc
    0000015D 2A               [ 8]  445 	ld	a,	(hl+)
    0000015E 66               [ 8]  446 	ld	h, (hl)
    0000015F 6F               [ 4]  447 	ld	l, a
    00000160 33               [ 8]  448 	inc	sp
    00000161 33               [ 8]  449 	inc	sp
    00000162 E5               [16]  450 	push	hl
                                    451 ;src/main.c:160: inverted[1] = palettes[2];
    00000163 21 04 00         [12]  452 	ld	hl, #0x0004
    00000166 09               [ 8]  453 	add	hl, bc
    00000167 2A               [ 8]  454 	ld	a,	(hl+)
    00000168 66               [ 8]  455 	ld	h, (hl)
    00000169 6F               [ 4]  456 	ld	l, a
    0000016A E5               [16]  457 	push	hl
    0000016B 7D               [ 4]  458 	ld	a, l
    0000016C F8 04            [12]  459 	ldhl	sp,	#4
    0000016E 77               [ 8]  460 	ld	(hl), a
    0000016F E1               [12]  461 	pop	hl
    00000170 7C               [ 4]  462 	ld	a, h
    00000171 F8 03            [12]  463 	ldhl	sp,	#3
    00000173 77               [ 8]  464 	ld	(hl), a
                                    465 ;src/main.c:161: inverted[2] = palettes[1];
    00000174 69               [ 4]  466 	ld	l, c
    00000175 60               [ 4]  467 	ld	h, b
    00000176 23               [ 8]  468 	inc	hl
    00000177 23               [ 8]  469 	inc	hl
    00000178 2A               [ 8]  470 	ld	a,	(hl+)
    00000179 66               [ 8]  471 	ld	h, (hl)
    0000017A 6F               [ 4]  472 	ld	l, a
    0000017B E5               [16]  473 	push	hl
    0000017C 7D               [ 4]  474 	ld	a, l
    0000017D F8 06            [12]  475 	ldhl	sp,	#6
    0000017F 77               [ 8]  476 	ld	(hl), a
    00000180 E1               [12]  477 	pop	hl
    00000181 7C               [ 4]  478 	ld	a, h
    00000182 F8 05            [12]  479 	ldhl	sp,	#5
    00000184 77               [ 8]  480 	ld	(hl), a
                                    481 ;src/main.c:162: inverted[3] = palettes[0];
    00000185 69               [ 4]  482 	ld	l, c
    00000186 60               [ 4]  483 	ld	h, b
    00000187 2A               [ 8]  484 	ld	a, (hl+)
    00000188 4F               [ 4]  485 	ld	c, a
    00000189 46               [ 8]  486 	ld	b, (hl)
    0000018A F8 06            [12]  487 	ldhl	sp,	#6
    0000018C 79               [ 4]  488 	ld	a, c
    0000018D 22               [ 8]  489 	ld	(hl+), a
    0000018E 70               [ 8]  490 	ld	(hl), b
                                    491 ;src/main.c:163: set_bkg_palette(0u, 1u, inverted);
    0000018F 21 00 00         [12]  492 	ld	hl, #0
    00000192 39               [ 8]  493 	add	hl, sp
    00000193 E5               [16]  494 	push	hl
    00000194 AF               [ 4]  495 	xor	a, a
    00000195 3C               [ 4]  496 	inc	a
    00000196 F5               [16]  497 	push	af
    00000197 CDr00r00         [24]  498 	call	_set_bkg_palette
                                    499 ;src/main.c:164: }
    0000019A E8 0C            [16]  500 	add	sp, #12
    0000019C C9               [16]  501 	ret
                                    502 ;src/main.c:166: static void begin_display_reload(void) {
                                    503 ;	---------------------------------
                                    504 ; Function begin_display_reload
                                    505 ; ---------------------------------
    0000019D                        506 _begin_display_reload:
                                    507 ;src/main.c:167: vsync();
    0000019D CDr00r00         [24]  508 	call	_vsync
                                    509 ;src/main.c:168: DISPLAY_OFF;
    000001A0 CDr00r00         [24]  510 	call	_display_off
                                    511 ;src/main.c:169: HIDE_WIN;
    000001A3 F0r00            [12]  512 	ldh	a, (_LCDC_REG + 0)
    000001A5 E6 DF            [ 8]  513 	and	a, #0xdf
    000001A7 E0r00            [12]  514 	ldh	(_LCDC_REG + 0), a
                                    515 ;src/main.c:170: HIDE_SPRITES;
    000001A9 F0r00            [12]  516 	ldh	a, (_LCDC_REG + 0)
    000001AB E6 FD            [ 8]  517 	and	a, #0xfd
    000001AD E0r00            [12]  518 	ldh	(_LCDC_REG + 0), a
                                    519 ;src/main.c:171: SHOW_BKG;
    000001AF F0r00            [12]  520 	ldh	a, (_LCDC_REG + 0)
    000001B1 F6 01            [ 8]  521 	or	a, #0x01
    000001B3 E0r00            [12]  522 	ldh	(_LCDC_REG + 0), a
                                    523 ;src/main.c:172: }
    000001B5 C9               [16]  524 	ret
                                    525 ;src/main.c:174: static void finish_display_reload(uint8_t show_sprites) {
                                    526 ;	---------------------------------
                                    527 ; Function finish_display_reload
                                    528 ; ---------------------------------
    000001B6                        529 _finish_display_reload:
    000001B6 4F               [ 4]  530 	ld	c, a
                                    531 ;src/main.c:175: SHOW_BKG;
    000001B7 F0r00            [12]  532 	ldh	a, (_LCDC_REG + 0)
    000001B9 F6 01            [ 8]  533 	or	a, #0x01
    000001BB E0r00            [12]  534 	ldh	(_LCDC_REG + 0), a
                                    535 ;src/main.c:176: if (show_sprites) {
    000001BD 79               [ 4]  536 	ld	a, c
    000001BE B7               [ 4]  537 	or	a, a
    000001BF 28 08            [12]  538 	jr	Z, 00102$
                                    539 ;src/main.c:177: SHOW_SPRITES;
    000001C1 F0r00            [12]  540 	ldh	a, (_LCDC_REG + 0)
    000001C3 F6 02            [ 8]  541 	or	a, #0x02
    000001C5 E0r00            [12]  542 	ldh	(_LCDC_REG + 0), a
    000001C7 18 06            [12]  543 	jr	00103$
    000001C9                        544 00102$:
                                    545 ;src/main.c:179: HIDE_SPRITES;
    000001C9 F0r00            [12]  546 	ldh	a, (_LCDC_REG + 0)
    000001CB E6 FD            [ 8]  547 	and	a, #0xfd
    000001CD E0r00            [12]  548 	ldh	(_LCDC_REG + 0), a
    000001CF                        549 00103$:
                                    550 ;src/main.c:181: DISPLAY_ON;
    000001CF F0r00            [12]  551 	ldh	a, (_LCDC_REG + 0)
    000001D1 F6 80            [ 8]  552 	or	a, #0x80
    000001D3 E0r00            [12]  553 	ldh	(_LCDC_REG + 0), a
                                    554 ;src/main.c:182: }
    000001D5 C9               [16]  555 	ret
                                    556 ;src/main.c:184: static void apply_palette(void) {
                                    557 ;	---------------------------------
                                    558 ; Function apply_palette
                                    559 ; ---------------------------------
    000001D6                        560 _apply_palette:
                                    561 ;src/main.c:186: uint8_t outdoor = (uint8_t)(room_id == ROOM_DISTRICT || room_id == ROOM_SOUTHLINE);
    000001D6 21r02r00         [12]  562 	ld	hl, #_room_id
    000001D9 7E               [ 8]  563 	ld	a, (hl)
    000001DA B7               [ 4]  564 	or	a, a
    000001DB 28 07            [12]  565 	jr	Z, 00107$
    000001DD 7E               [ 8]  566 	ld	a, (hl)
    000001DE D6 06            [ 8]  567 	sub	a, #0x06
    000001E0 0E 00            [ 8]  568 	ld	c, #0x00
    000001E2 20 02            [12]  569 	jr	NZ, 00108$
    000001E4                        570 00107$:
    000001E4 0E 01            [ 8]  571 	ld	c, #0x01
    000001E6                        572 00108$:
                                    573 ;src/main.c:188: if (palette_mood == 0u) {
    000001E6 FAr10r00         [16]  574 	ld	a, (#_palette_mood)
                                    575 ;src/main.c:189: bgp = outdoor ? 0xD2u : 0xE4u;
    000001E9 B7               [ 4]  576 	or	a, a
    000001EA 20 0B            [12]  577 	jr	NZ, 00102$
    000001EC B1               [ 4]  578 	or	a, c
    000001ED 28 04            [12]  579 	jr	Z, 00109$
    000001EF 3E D2            [ 8]  580 	ld	a, #0xd2
    000001F1 18 0C            [12]  581 	jr	00103$
    000001F3                        582 00109$:
    000001F3 3E E4            [ 8]  583 	ld	a, #0xe4
    000001F5 18 08            [12]  584 	jr	00103$
    000001F7                        585 00102$:
                                    586 ;src/main.c:191: bgp = outdoor ? 0xC9u : 0xD8u;
    000001F7 79               [ 4]  587 	ld	a, c
    000001F8 B7               [ 4]  588 	or	a, a
    000001F9 3E C9            [ 8]  589 	ld	a, #0xc9
    000001FB 20 02            [12]  590 	jr	NZ, 00112$
    000001FD 3E D8            [ 8]  591 	ld	a, #0xd8
    000001FF                        592 00112$:
    000001FF                        593 00103$:
                                    594 ;src/main.c:193: BGP_REG = outdoor ? invert_dmg_palette_reg(bgp) : bgp;
    000001FF 0C               [ 4]  595 	inc	c
    00000200 0D               [ 4]  596 	dec	c
    00000201 28 03            [12]  597 	jr	Z, 00113$
    00000203 CDr22r01         [24]  598 	call	_invert_dmg_palette_reg
    00000206                        599 00113$:
    00000206 E0r00            [12]  600 	ldh	(_BGP_REG + 0), a
                                    601 ;src/main.c:194: OBP0_REG = 0xE4u;
    00000208 3E E4            [ 8]  602 	ld	a, #0xe4
    0000020A E0r00            [12]  603 	ldh	(_OBP0_REG + 0), a
                                    604 ;src/main.c:195: OBP1_REG = 0xE4u;
    0000020C 3E E4            [ 8]  605 	ld	a, #0xe4
    0000020E E0r00            [12]  606 	ldh	(_OBP1_REG + 0), a
                                    607 ;src/main.c:196: }
    00000210 C9               [16]  608 	ret
                                    609 ;src/main.c:198: static uint8_t tile_to_sprite_x(uint8_t tile_x) {
                                    610 ;	---------------------------------
                                    611 ; Function tile_to_sprite_x
                                    612 ; ---------------------------------
    00000211                        613 _tile_to_sprite_x:
                                    614 ;src/main.c:199: return (uint8_t)(tile_x * 8u + 8u);
    00000211 87               [ 4]  615 	add	a, a
    00000212 87               [ 4]  616 	add	a, a
    00000213 87               [ 4]  617 	add	a, a
    00000214 C6 08            [ 8]  618 	add	a, #0x08
                                    619 ;src/main.c:200: }
    00000216 C9               [16]  620 	ret
                                    621 ;src/main.c:202: static uint8_t tile_to_sprite_y(uint8_t tile_y) {
                                    622 ;	---------------------------------
                                    623 ; Function tile_to_sprite_y
                                    624 ; ---------------------------------
    00000217                        625 _tile_to_sprite_y:
                                    626 ;src/main.c:203: return (uint8_t)(tile_y * 8u + 16u);
    00000217 87               [ 4]  627 	add	a, a
    00000218 87               [ 4]  628 	add	a, a
    00000219 87               [ 4]  629 	add	a, a
    0000021A C6 10            [ 8]  630 	add	a, #0x10
                                    631 ;src/main.c:204: }
    0000021C C9               [16]  632 	ret
                                    633 ;src/main.c:206: static void set_quad_sprite(uint8_t oam_base, uint8_t tile_base, uint8_t x, uint8_t y, uint8_t flip_x) {
                                    634 ;	---------------------------------
                                    635 ; Function set_quad_sprite
                                    636 ; ---------------------------------
    0000021D                        637 _set_quad_sprite:
    0000021D E8 F9            [16]  638 	add	sp, #-7
    0000021F 4F               [ 4]  639 	ld	c, a
    00000220 43               [ 4]  640 	ld	b, e
                                    641 ;src/main.c:207: uint8_t top_left = tile_base;
    00000221 F8 04            [12]  642 	ldhl	sp,	#4
                                    643 ;src/main.c:208: uint8_t top_right = (uint8_t)(tile_base + 1u);
                                    644 ;src/main.c:209: uint8_t bottom_left = (uint8_t)(tile_base + 2u);
    00000223 78               [ 4]  645 	ld	a, b
    00000224 22               [ 8]  646 	ld	(hl+), a
    00000225 58               [ 4]  647 	ld	e, b
    00000226 1C               [ 4]  648 	inc	e
    00000227 78               [ 4]  649 	ld	a, b
    00000228 C6 02            [ 8]  650 	add	a, #0x02
                                    651 ;src/main.c:210: uint8_t bottom_right = (uint8_t)(tile_base + 3u);
    0000022A 22               [ 8]  652 	ld	(hl+), a
    0000022B 78               [ 4]  653 	ld	a, b
    0000022C C6 03            [ 8]  654 	add	a, #0x03
    0000022E 77               [ 8]  655 	ld	(hl), a
                                    656 ;src/main.c:211: uint8_t prop = flip_x ? S_FLIPX : 0u;
    0000022F F8 0B            [12]  657 	ldhl	sp,	#11
    00000231 7E               [ 8]  658 	ld	a, (hl)
    00000232 B7               [ 4]  659 	or	a, a
    00000233 28 04            [12]  660 	jr	Z, 00122$
    00000235 06 20            [ 8]  661 	ld	b, #0x20
    00000237 18 02            [12]  662 	jr	00123$
    00000239                        663 00122$:
    00000239 06 00            [ 8]  664 	ld	b, #0x00
    0000023B                        665 00123$:
                                    666 ;src/main.c:213: if (flip_x) {
    0000023B F8 0B            [12]  667 	ldhl	sp,	#11
    0000023D 7E               [ 8]  668 	ld	a, (hl)
    0000023E B7               [ 4]  669 	or	a, a
    0000023F 28 4E            [12]  670 	jr	Z, 00102$
                                    671 ;/tmp/gbdk-4.5.0/include/gb/gb.h:1887: shadow_OAM[nb].tile=tile;
    00000241 69               [ 4]  672 	ld	l, c
    00000242 26 00            [ 8]  673 	ld	h, #0x00
    00000244 29               [ 8]  674 	add	hl, hl
    00000245 29               [ 8]  675 	add	hl, hl
    00000246 3Er00            [ 8]  676 	ld	a, #<(_shadow_OAM)
    00000248 85               [ 4]  677 	add	a, l
    00000249 6F               [ 4]  678 	ld	l, a
    0000024A 3Es00            [ 8]  679 	ld	a, #>(_shadow_OAM)
    0000024C 8C               [ 4]  680 	adc	a, h
    0000024D 67               [ 4]  681 	ld	h, a
    0000024E 23               [ 8]  682 	inc	hl
    0000024F 23               [ 8]  683 	inc	hl
    00000250 73               [ 8]  684 	ld	(hl), e
                                    685 ;src/main.c:215: set_sprite_tile(oam_base + 1u, top_left);
    00000251 59               [ 4]  686 	ld	e, c
    00000252 1C               [ 4]  687 	inc	e
                                    688 ;/tmp/gbdk-4.5.0/include/gb/gb.h:1887: shadow_OAM[nb].tile=tile;
    00000253 6B               [ 4]  689 	ld	l, e
    00000254 26 00            [ 8]  690 	ld	h, #0x00
    00000256 29               [ 8]  691 	add	hl, hl
    00000257 29               [ 8]  692 	add	hl, hl
    00000258 11r00r00         [12]  693 	ld	de, #_shadow_OAM
    0000025B 19               [ 8]  694 	add	hl, de
    0000025C 23               [ 8]  695 	inc	hl
    0000025D 23               [ 8]  696 	inc	hl
    0000025E 5D               [ 4]  697 	ld	e, l
    0000025F 54               [ 4]  698 	ld	d, h
    00000260 F8 04            [12]  699 	ldhl	sp,	#4
    00000262 7E               [ 8]  700 	ld	a, (hl)
    00000263 12               [ 8]  701 	ld	(de), a
                                    702 ;src/main.c:216: set_sprite_tile(oam_base + 2u, bottom_right);
    00000264 59               [ 4]  703 	ld	e, c
    00000265 1C               [ 4]  704 	inc	e
    00000266 1C               [ 4]  705 	inc	e
                                    706 ;/tmp/gbdk-4.5.0/include/gb/gb.h:1887: shadow_OAM[nb].tile=tile;
    00000267 6B               [ 4]  707 	ld	l, e
    00000268 26 00            [ 8]  708 	ld	h, #0x00
    0000026A 29               [ 8]  709 	add	hl, hl
    0000026B 29               [ 8]  710 	add	hl, hl
    0000026C 11r00r00         [12]  711 	ld	de, #_shadow_OAM
    0000026F 19               [ 8]  712 	add	hl, de
    00000270 23               [ 8]  713 	inc	hl
    00000271 23               [ 8]  714 	inc	hl
    00000272 5D               [ 4]  715 	ld	e, l
    00000273 54               [ 4]  716 	ld	d, h
    00000274 F8 06            [12]  717 	ldhl	sp,	#6
    00000276 7E               [ 8]  718 	ld	a, (hl)
    00000277 12               [ 8]  719 	ld	(de), a
                                    720 ;src/main.c:217: set_sprite_tile(oam_base + 3u, bottom_left);
    00000278 59               [ 4]  721 	ld	e, c
    00000279 1C               [ 4]  722 	inc	e
    0000027A 1C               [ 4]  723 	inc	e
    0000027B 1C               [ 4]  724 	inc	e
                                    725 ;/tmp/gbdk-4.5.0/include/gb/gb.h:1887: shadow_OAM[nb].tile=tile;
    0000027C 6B               [ 4]  726 	ld	l, e
    0000027D 26 00            [ 8]  727 	ld	h, #0x00
    0000027F 29               [ 8]  728 	add	hl, hl
    00000280 29               [ 8]  729 	add	hl, hl
    00000281 11r00r00         [12]  730 	ld	de, #_shadow_OAM
    00000284 19               [ 8]  731 	add	hl, de
    00000285 23               [ 8]  732 	inc	hl
    00000286 23               [ 8]  733 	inc	hl
    00000287 5D               [ 4]  734 	ld	e, l
    00000288 54               [ 4]  735 	ld	d, h
    00000289 F8 05            [12]  736 	ldhl	sp,	#5
    0000028B 7E               [ 8]  737 	ld	a, (hl)
    0000028C 12               [ 8]  738 	ld	(de), a
                                    739 ;src/main.c:217: set_sprite_tile(oam_base + 3u, bottom_left);
    0000028D 18 4C            [12]  740 	jr	00103$
    0000028F                        741 00102$:
                                    742 ;/tmp/gbdk-4.5.0/include/gb/gb.h:1887: shadow_OAM[nb].tile=tile;
    0000028F 69               [ 4]  743 	ld	l, c
    00000290 AF               [ 4]  744 	xor	a, a
    00000291 67               [ 4]  745 	ld	h, a
    00000292 29               [ 8]  746 	add	hl, hl
    00000293 29               [ 8]  747 	add	hl, hl
    00000294 D5               [16]  748 	push	de
    00000295 11r00r00         [12]  749 	ld	de, #_shadow_OAM
    00000298 19               [ 8]  750 	add	hl, de
    00000299 23               [ 8]  751 	inc	hl
    0000029A 23               [ 8]  752 	inc	hl
    0000029B D1               [12]  753 	pop	de
    0000029C E5               [16]  754 	push	hl
    0000029D F8 06            [12]  755 	ldhl	sp,	#6
    0000029F 7E               [ 8]  756 	ld	a, (hl)
    000002A0 E1               [12]  757 	pop	hl
    000002A1 77               [ 8]  758 	ld	(hl), a
                                    759 ;src/main.c:220: set_sprite_tile(oam_base + 1u, top_right);
    000002A2 51               [ 4]  760 	ld	d, c
    000002A3 14               [ 4]  761 	inc	d
                                    762 ;/tmp/gbdk-4.5.0/include/gb/gb.h:1887: shadow_OAM[nb].tile=tile;
    000002A4 AF               [ 4]  763 	xor	a, a
    000002A5 6A               [ 4]  764 	ld	l, d
    000002A6 67               [ 4]  765 	ld	h, a
    000002A7 29               [ 8]  766 	add	hl, hl
    000002A8 29               [ 8]  767 	add	hl, hl
    000002A9 D5               [16]  768 	push	de
    000002AA 11r00r00         [12]  769 	ld	de, #_shadow_OAM
    000002AD 19               [ 8]  770 	add	hl, de
    000002AE 23               [ 8]  771 	inc	hl
    000002AF 23               [ 8]  772 	inc	hl
    000002B0 D1               [12]  773 	pop	de
    000002B1 73               [ 8]  774 	ld	(hl), e
                                    775 ;src/main.c:221: set_sprite_tile(oam_base + 2u, bottom_left);
    000002B2 59               [ 4]  776 	ld	e, c
    000002B3 1C               [ 4]  777 	inc	e
    000002B4 1C               [ 4]  778 	inc	e
                                    779 ;/tmp/gbdk-4.5.0/include/gb/gb.h:1887: shadow_OAM[nb].tile=tile;
    000002B5 AF               [ 4]  780 	xor	a, a
    000002B6 6B               [ 4]  781 	ld	l, e
    000002B7 67               [ 4]  782 	ld	h, a
    000002B8 29               [ 8]  783 	add	hl, hl
    000002B9 29               [ 8]  784 	add	hl, hl
    000002BA 11r00r00         [12]  785 	ld	de, #_shadow_OAM
    000002BD 19               [ 8]  786 	add	hl, de
    000002BE 23               [ 8]  787 	inc	hl
    000002BF 23               [ 8]  788 	inc	hl
    000002C0 5D               [ 4]  789 	ld	e, l
    000002C1 54               [ 4]  790 	ld	d, h
    000002C2 F8 05            [12]  791 	ldhl	sp,	#5
    000002C4 7E               [ 8]  792 	ld	a, (hl)
    000002C5 12               [ 8]  793 	ld	(de), a
                                    794 ;src/main.c:222: set_sprite_tile(oam_base + 3u, bottom_right);
    000002C6 59               [ 4]  795 	ld	e, c
    000002C7 1C               [ 4]  796 	inc	e
    000002C8 1C               [ 4]  797 	inc	e
    000002C9 1C               [ 4]  798 	inc	e
                                    799 ;/tmp/gbdk-4.5.0/include/gb/gb.h:1887: shadow_OAM[nb].tile=tile;
    000002CA AF               [ 4]  800 	xor	a, a
    000002CB 6B               [ 4]  801 	ld	l, e
    000002CC 67               [ 4]  802 	ld	h, a
    000002CD 29               [ 8]  803 	add	hl, hl
    000002CE 29               [ 8]  804 	add	hl, hl
    000002CF 11r00r00         [12]  805 	ld	de, #_shadow_OAM
    000002D2 19               [ 8]  806 	add	hl, de
    000002D3 23               [ 8]  807 	inc	hl
    000002D4 23               [ 8]  808 	inc	hl
    000002D5 5D               [ 4]  809 	ld	e, l
    000002D6 54               [ 4]  810 	ld	d, h
    000002D7 F8 06            [12]  811 	ldhl	sp,	#6
    000002D9 7E               [ 8]  812 	ld	a, (hl)
    000002DA 12               [ 8]  813 	ld	(de), a
                                    814 ;src/main.c:222: set_sprite_tile(oam_base + 3u, bottom_right);
    000002DB                        815 00103$:
                                    816 ;/tmp/gbdk-4.5.0/include/gb/gb.h:1946: shadow_OAM[nb].prop=prop;
    000002DB 59               [ 4]  817 	ld	e, c
    000002DC AF               [ 4]  818 	xor	a, a
    000002DD CB 23            [ 8]  819 	sla	e
    000002DF 8F               [ 4]  820 	adc	a, a
    000002E0 CB 23            [ 8]  821 	sla	e
    000002E2 8F               [ 4]  822 	adc	a, a
    000002E3 F8 00            [12]  823 	ldhl	sp,	#0
    000002E5 73               [ 8]  824 	ld	(hl), e
    000002E6 23               [ 8]  825 	inc	hl
    000002E7 77               [ 8]  826 	ld	(hl), a
    000002E8 11r00r00         [12]  827 	ld	de, #_shadow_OAM
    000002EB E1               [12]  828 	pop	hl
    000002EC E5               [16]  829 	push	hl
    000002ED 19               [ 8]  830 	add	hl, de
    000002EE 23               [ 8]  831 	inc	hl
    000002EF 23               [ 8]  832 	inc	hl
    000002F0 23               [ 8]  833 	inc	hl
    000002F1 5D               [ 4]  834 	ld	e, l
    000002F2 54               [ 4]  835 	ld	d, h
    000002F3 78               [ 4]  836 	ld	a, b
    000002F4 12               [ 8]  837 	ld	(de), a
                                    838 ;src/main.c:226: set_sprite_prop(oam_base + 1u, prop);
    000002F5 79               [ 4]  839 	ld	a, c
    000002F6 3C               [ 4]  840 	inc	a
    000002F7 F8 05            [12]  841 	ldhl	sp,	#5
    000002F9 77               [ 8]  842 	ld	(hl), a
    000002FA 5E               [ 8]  843 	ld	e, (hl)
                                    844 ;/tmp/gbdk-4.5.0/include/gb/gb.h:1946: shadow_OAM[nb].prop=prop;
    000002FB AF               [ 4]  845 	xor	a, a
    000002FC 6B               [ 4]  846 	ld	l, e
    000002FD 67               [ 4]  847 	ld	h, a
    000002FE 29               [ 8]  848 	add	hl, hl
    000002FF 29               [ 8]  849 	add	hl, hl
    00000300 11r00r00         [12]  850 	ld	de, #_shadow_OAM
    00000303 19               [ 8]  851 	add	hl, de
    00000304 23               [ 8]  852 	inc	hl
    00000305 23               [ 8]  853 	inc	hl
    00000306 23               [ 8]  854 	inc	hl
    00000307 70               [ 8]  855 	ld	(hl), b
                                    856 ;src/main.c:227: set_sprite_prop(oam_base + 2u, prop);
    00000308 79               [ 4]  857 	ld	a, c
    00000309 C6 02            [ 8]  858 	add	a, #0x02
    0000030B F8 02            [12]  859 	ldhl	sp,	#2
    0000030D 77               [ 8]  860 	ld	(hl), a
    0000030E 5E               [ 8]  861 	ld	e, (hl)
                                    862 ;/tmp/gbdk-4.5.0/include/gb/gb.h:1946: shadow_OAM[nb].prop=prop;
    0000030F AF               [ 4]  863 	xor	a, a
    00000310 6B               [ 4]  864 	ld	l, e
    00000311 67               [ 4]  865 	ld	h, a
    00000312 29               [ 8]  866 	add	hl, hl
    00000313 29               [ 8]  867 	add	hl, hl
    00000314 11r00r00         [12]  868 	ld	de, #_shadow_OAM
    00000317 19               [ 8]  869 	add	hl, de
    00000318 23               [ 8]  870 	inc	hl
    00000319 23               [ 8]  871 	inc	hl
    0000031A 23               [ 8]  872 	inc	hl
    0000031B 70               [ 8]  873 	ld	(hl), b
                                    874 ;src/main.c:228: set_sprite_prop(oam_base + 3u, prop);
    0000031C 0C               [ 4]  875 	inc	c
    0000031D 0C               [ 4]  876 	inc	c
    0000031E 0C               [ 4]  877 	inc	c
    0000031F 59               [ 4]  878 	ld	e, c
                                    879 ;/tmp/gbdk-4.5.0/include/gb/gb.h:1946: shadow_OAM[nb].prop=prop;
    00000320 AF               [ 4]  880 	xor	a, a
    00000321 6B               [ 4]  881 	ld	l, e
    00000322 67               [ 4]  882 	ld	h, a
    00000323 29               [ 8]  883 	add	hl, hl
    00000324 29               [ 8]  884 	add	hl, hl
    00000325 11r00r00         [12]  885 	ld	de, #_shadow_OAM
    00000328 19               [ 8]  886 	add	hl, de
    00000329 23               [ 8]  887 	inc	hl
    0000032A 23               [ 8]  888 	inc	hl
    0000032B 23               [ 8]  889 	inc	hl
    0000032C 70               [ 8]  890 	ld	(hl), b
                                    891 ;src/main.c:230: move_sprite(oam_base + 0u, x, y);
    0000032D F8 0A            [12]  892 	ldhl	sp,	#10
    0000032F 3A               [ 8]  893 	ld	a, (hl-)
    00000330 47               [ 4]  894 	ld	b, a
    00000331 7E               [ 8]  895 	ld	a, (hl)
    00000332 F8 03            [12]  896 	ldhl	sp,	#3
    00000334 77               [ 8]  897 	ld	(hl), a
                                    898 ;/tmp/gbdk-4.5.0/include/gb/gb.h:1973: OAM_item_t * itm = &shadow_OAM[nb];
    00000335 11r00r00         [12]  899 	ld	de, #_shadow_OAM
    00000338 E1               [12]  900 	pop	hl
    00000339 E5               [16]  901 	push	hl
    0000033A 19               [ 8]  902 	add	hl, de
    0000033B 5D               [ 4]  903 	ld	e, l
    0000033C 54               [ 4]  904 	ld	d, h
                                    905 ;/tmp/gbdk-4.5.0/include/gb/gb.h:1974: itm->y=y, itm->x=x;
    0000033D 78               [ 4]  906 	ld	a, b
    0000033E 12               [ 8]  907 	ld	(de), a
    0000033F 13               [ 8]  908 	inc	de
    00000340 F8 03            [12]  909 	ldhl	sp,	#3
    00000342 7E               [ 8]  910 	ld	a, (hl)
    00000343 12               [ 8]  911 	ld	(de), a
                                    912 ;src/main.c:231: move_sprite(oam_base + 1u, (uint8_t)(x + 8u), y);
    00000344 2A               [ 8]  913 	ld	a, (hl+)
    00000345 C6 08            [ 8]  914 	add	a, #0x08
    00000347 77               [ 8]  915 	ld	(hl), a
    00000348 2A               [ 8]  916 	ld	a, (hl+)
    00000349 23               [ 8]  917 	inc	hl
                                    918 ;/tmp/gbdk-4.5.0/include/gb/gb.h:1973: OAM_item_t * itm = &shadow_OAM[nb];
    0000034A 32               [ 8]  919 	ld	(hl-), a
    0000034B 5E               [ 8]  920 	ld	e, (hl)
    0000034C AF               [ 4]  921 	xor	a, a
    0000034D 6B               [ 4]  922 	ld	l, e
    0000034E 67               [ 4]  923 	ld	h, a
    0000034F 29               [ 8]  924 	add	hl, hl
    00000350 29               [ 8]  925 	add	hl, hl
    00000351 7D               [ 4]  926 	ld	a, l
    00000352 C6r00            [ 8]  927 	add	a, #<(_shadow_OAM)
    00000354 5F               [ 4]  928 	ld	e, a
    00000355 7C               [ 4]  929 	ld	a, h
    00000356 CEs00            [ 8]  930 	adc	a, #>(_shadow_OAM)
    00000358 57               [ 4]  931 	ld	d, a
                                    932 ;/tmp/gbdk-4.5.0/include/gb/gb.h:1974: itm->y=y, itm->x=x;
    00000359 78               [ 4]  933 	ld	a, b
    0000035A 12               [ 8]  934 	ld	(de), a
    0000035B 13               [ 8]  935 	inc	de
    0000035C F8 06            [12]  936 	ldhl	sp,	#6
                                    937 ;src/main.c:232: move_sprite(oam_base + 2u, x, (uint8_t)(y + 8u));
    0000035E 3A               [ 8]  938 	ld	a, (hl-)
    0000035F 12               [ 8]  939 	ld	(de), a
    00000360 78               [ 4]  940 	ld	a, b
    00000361 C6 08            [ 8]  941 	add	a, #0x08
    00000363 77               [ 8]  942 	ld	(hl), a
    00000364 2A               [ 8]  943 	ld	a, (hl+)
    00000365 77               [ 8]  944 	ld	(hl), a
                                    945 ;/tmp/gbdk-4.5.0/include/gb/gb.h:1973: OAM_item_t * itm = &shadow_OAM[nb];
    00000366 11r00r00         [12]  946 	ld	de, #_shadow_OAM+0
    00000369 F8 02            [12]  947 	ldhl	sp,	#2
    0000036B 46               [ 8]  948 	ld	b, (hl)
    0000036C AF               [ 4]  949 	xor	a, a
    0000036D 68               [ 4]  950 	ld	l, b
    0000036E 67               [ 4]  951 	ld	h, a
    0000036F 29               [ 8]  952 	add	hl, hl
    00000370 29               [ 8]  953 	add	hl, hl
    00000371 19               [ 8]  954 	add	hl, de
    00000372 5D               [ 4]  955 	ld	e, l
    00000373 54               [ 4]  956 	ld	d, h
                                    957 ;/tmp/gbdk-4.5.0/include/gb/gb.h:1974: itm->y=y, itm->x=x;
    00000374 F8 06            [12]  958 	ldhl	sp,	#6
    00000376 7E               [ 8]  959 	ld	a, (hl)
    00000377 12               [ 8]  960 	ld	(de), a
    00000378 13               [ 8]  961 	inc	de
    00000379 F8 03            [12]  962 	ldhl	sp,	#3
    0000037B 7E               [ 8]  963 	ld	a, (hl)
    0000037C 12               [ 8]  964 	ld	(de), a
                                    965 ;/tmp/gbdk-4.5.0/include/gb/gb.h:1973: OAM_item_t * itm = &shadow_OAM[nb];
    0000037D 11r00r00         [12]  966 	ld	de, #_shadow_OAM+0
    00000380 AF               [ 4]  967 	xor	a, a
    00000381 69               [ 4]  968 	ld	l, c
    00000382 67               [ 4]  969 	ld	h, a
    00000383 29               [ 8]  970 	add	hl, hl
    00000384 29               [ 8]  971 	add	hl, hl
    00000385 19               [ 8]  972 	add	hl, de
    00000386 4D               [ 4]  973 	ld	c, l
    00000387 44               [ 4]  974 	ld	b, h
                                    975 ;/tmp/gbdk-4.5.0/include/gb/gb.h:1974: itm->y=y, itm->x=x;
    00000388 F8 05            [12]  976 	ldhl	sp,	#5
    0000038A 3A               [ 8]  977 	ld	a, (hl-)
    0000038B 02               [ 8]  978 	ld	(bc), a
    0000038C 03               [ 8]  979 	inc	bc
    0000038D 7E               [ 8]  980 	ld	a, (hl)
    0000038E 02               [ 8]  981 	ld	(bc), a
                                    982 ;src/main.c:233: move_sprite(oam_base + 3u, (uint8_t)(x + 8u), (uint8_t)(y + 8u));
                                    983 ;src/main.c:234: }
    0000038F E8 07            [16]  984 	add	sp, #7
    00000391 E1               [12]  985 	pop	hl
    00000392 E8 03            [16]  986 	add	sp, #3
    00000394 E9               [ 4]  987 	jp	(hl)
                                    988 ;src/main.c:236: static uint8_t player_frame_base(uint8_t walk_phase) {
                                    989 ;	---------------------------------
                                    990 ; Function player_frame_base
                                    991 ; ---------------------------------
    00000395                        992 _player_frame_base:
    00000395 4F               [ 4]  993 	ld	c, a
                                    994 ;src/main.c:237: if (facing == DIR_DOWN) {
    00000396 FAr05r00         [16]  995 	ld	a, (#_facing)
                                    996 ;src/main.c:238: return walk_phase ? PLAYER_FRAME_DOWN_WALK : PLAYER_FRAME_DOWN_STAND;
    00000399 B7               [ 4]  997 	or	a, a
    0000039A 20 08            [12]  998 	jr	NZ, 00102$
    0000039C B1               [ 4]  999 	or	a, c
    0000039D 28 03            [12] 1000 	jr	Z, 00107$
    0000039F 3E 04            [ 8] 1001 	ld	a, #0x04
    000003A1 C9               [16] 1002 	ret
    000003A2                       1003 00107$:
    000003A2 AF               [ 4] 1004 	xor	a, a
    000003A3 C9               [16] 1005 	ret
    000003A4                       1006 00102$:
                                   1007 ;src/main.c:240: if (facing == DIR_UP) {
    000003A4 FAr05r00         [16] 1008 	ld	a, (#_facing)
    000003A7 3D               [ 4] 1009 	dec	a
    000003A8 20 0A            [12] 1010 	jr	NZ, 00104$
                                   1011 ;src/main.c:241: return walk_phase ? PLAYER_FRAME_UP_WALK : PLAYER_FRAME_UP_STAND;
    000003AA 79               [ 4] 1012 	ld	a, c
    000003AB B7               [ 4] 1013 	or	a, a
    000003AC 28 03            [12] 1014 	jr	Z, 00109$
    000003AE 3E 0C            [ 8] 1015 	ld	a, #0x0c
    000003B0 C9               [16] 1016 	ret
    000003B1                       1017 00109$:
    000003B1 3E 08            [ 8] 1018 	ld	a, #0x08
    000003B3 C9               [16] 1019 	ret
    000003B4                       1020 00104$:
                                   1021 ;src/main.c:243: return walk_phase ? PLAYER_FRAME_SIDE_WALK : PLAYER_FRAME_SIDE_STAND;
    000003B4 79               [ 4] 1022 	ld	a, c
    000003B5 B7               [ 4] 1023 	or	a, a
    000003B6 3E 14            [ 8] 1024 	ld	a, #0x14
    000003B8 C0               [20] 1025 	ret	NZ
    000003B9 3E 10            [ 8] 1026 	ld	a, #0x10
                                   1027 ;src/main.c:244: }
    000003BB C9               [16] 1028 	ret
                                   1029 ;src/main.c:246: static uint8_t current_room_tile_count(void) {
                                   1030 ;	---------------------------------
                                   1031 ; Function current_room_tile_count
                                   1032 ; ---------------------------------
    000003BC                       1033 _current_room_tile_count:
                                   1034 ;src/main.c:247: switch (room_id) {
    000003BC 3E 06            [ 8] 1035 	ld	a, #0x06
    000003BE 21r02r00         [12] 1036 	ld	hl, #_room_id
    000003C1 96               [ 8] 1037 	sub	a, (hl)
    000003C2 38 30            [12] 1038 	jr	C, 00108$
    000003C4 4E               [ 8] 1039 	ld	c, (hl)
    000003C5 06 00            [ 8] 1040 	ld	b, #0x00
    000003C7 21rD1r03         [12] 1041 	ld	hl, #00119$
    000003CA 09               [ 8] 1042 	add	hl, bc
    000003CB 09               [ 8] 1043 	add	hl, bc
    000003CC 4E               [ 8] 1044 	ld	c, (hl)
    000003CD 23               [ 8] 1045 	inc	hl
    000003CE 66               [ 8] 1046 	ld	h, (hl)
    000003CF 69               [ 4] 1047 	ld	l, c
    000003D0 E9               [ 4] 1048 	jp	(hl)
    000003D1                       1049 00119$:
    000003D1rDFr03                 1050 	.dw	00101$
    000003D3rE2r03                 1051 	.dw	00102$
    000003D5rE5r03                 1052 	.dw	00103$
    000003D7rE8r03                 1053 	.dw	00104$
    000003D9rEBr03                 1054 	.dw	00105$
    000003DBrEEr03                 1055 	.dw	00106$
    000003DDrF1r03                 1056 	.dw	00107$
                                   1057 ;src/main.c:248: case ROOM_DISTRICT: return luma_lane_district_v2_TILE_COUNT;
    000003DF                       1058 00101$:
    000003DF 3E A2            [ 8] 1059 	ld	a, #0xa2
    000003E1 C9               [16] 1060 	ret
                                   1061 ;src/main.c:249: case ROOM_APARTMENT: return (uint8_t)(luma_lane_apartment_TILE_COUNT + APARTMENT_DECOR_TILE_COUNT);
    000003E2                       1062 00102$:
    000003E2 3E DD            [ 8] 1063 	ld	a, #0xdd
    000003E4 C9               [16] 1064 	ret
                                   1065 ;src/main.c:250: case ROOM_RECORDS: return needle_and_neon_records_TILE_COUNT;
    000003E5                       1066 00103$:
    000003E5 3E 55            [ 8] 1067 	ld	a, #0x55
    000003E7 C9               [16] 1068 	ret
                                   1069 ;src/main.c:251: case ROOM_TECH: return rook_repair_tech_TILE_COUNT;
    000003E8                       1070 00104$:
    000003E8 3E 53            [ 8] 1071 	ld	a, #0x53
    000003EA C9               [16] 1072 	ret
                                   1073 ;src/main.c:252: case ROOM_RAMEN: return soma_ramen_TILE_COUNT;
    000003EB                       1074 00105$:
    000003EB 3E 4F            [ 8] 1075 	ld	a, #0x4f
    000003ED C9               [16] 1076 	ret
                                   1077 ;src/main.c:253: case ROOM_ROOFTOP: return iona_rooftop_TILE_COUNT;
    000003EE                       1078 00106$:
    000003EE 3E 44            [ 8] 1079 	ld	a, #0x44
    000003F0 C9               [16] 1080 	ret
                                   1081 ;src/main.c:254: case ROOM_SOUTHLINE: return southline_overpass_TILE_COUNT;
    000003F1                       1082 00107$:
    000003F1 3E 61            [ 8] 1083 	ld	a, #0x61
    000003F3 C9               [16] 1084 	ret
                                   1085 ;src/main.c:255: default: return BG_TILE_COUNT;
    000003F4                       1086 00108$:
    000003F4 3E 20            [ 8] 1087 	ld	a, #0x20
                                   1088 ;src/main.c:256: }
                                   1089 ;src/main.c:257: }
    000003F6 C9               [16] 1090 	ret
                                   1091 ;src/main.c:259: static uint8_t current_sprite_tile_base(void) {
                                   1092 ;	---------------------------------
                                   1093 ; Function current_sprite_tile_base
                                   1094 ; ---------------------------------
    000003F7                       1095 _current_sprite_tile_base:
                                   1096 ;src/main.c:260: return current_room_tile_count();
                                   1097 ;src/main.c:261: }
    000003F7 C3rBCr03         [16] 1098 	jp	_current_room_tile_count
                                   1099 ;src/main.c:263: static uint8_t current_ride_level(void) {
                                   1100 ;	---------------------------------
                                   1101 ; Function current_ride_level
                                   1102 ; ---------------------------------
    000003FA                       1103 _current_ride_level:
                                   1104 ;src/main.c:264: if ((room_id == ROOM_DISTRICT) || (room_id == ROOM_SOUTHLINE)) {
    000003FA 21r02r00         [12] 1105 	ld	hl, #_room_id
    000003FD 7E               [ 8] 1106 	ld	a, (hl)
    000003FE B7               [ 4] 1107 	or	a, a
    000003FF 28 05            [12] 1108 	jr	Z, 00101$
    00000401 7E               [ 8] 1109 	ld	a, (hl)
    00000402 D6 06            [ 8] 1110 	sub	a, #0x06
    00000404 20 04            [12] 1111 	jr	NZ, 00102$
    00000406                       1112 00101$:
                                   1113 ;src/main.c:265: return ride_level;
    00000406 FAr0Fr00         [16] 1114 	ld	a, (_ride_level)
    00000409 C9               [16] 1115 	ret
    0000040A                       1116 00102$:
                                   1117 ;src/main.c:267: return RIDE_FOOT;
    0000040A AF               [ 4] 1118 	xor	a, a
                                   1119 ;src/main.c:268: }
    0000040B C9               [16] 1120 	ret
                                   1121 ;src/main.c:270: static uint8_t movement_step_frames(void) {
                                   1122 ;	---------------------------------
                                   1123 ; Function movement_step_frames
                                   1124 ; ---------------------------------
    0000040C                       1125 _movement_step_frames:
                                   1126 ;src/main.c:271: switch (current_ride_level()) {
    0000040C CDrFAr03         [24] 1127 	call	_current_ride_level
    0000040F FE 01            [ 8] 1128 	cp	a, #0x01
    00000411 28 0A            [12] 1129 	jr	Z, 00101$
    00000413 FE 02            [ 8] 1130 	cp	a, #0x02
    00000415 28 09            [12] 1131 	jr	Z, 00102$
    00000417 D6 03            [ 8] 1132 	sub	a, #0x03
    00000419 28 08            [12] 1133 	jr	Z, 00103$
    0000041B 18 09            [12] 1134 	jr	00104$
                                   1135 ;src/main.c:272: case RIDE_BICYCLE: return 5u;
    0000041D                       1136 00101$:
    0000041D 3E 05            [ 8] 1137 	ld	a, #0x05
    0000041F C9               [16] 1138 	ret
                                   1139 ;src/main.c:273: case RIDE_SCOOTER: return 4u;
    00000420                       1140 00102$:
    00000420 3E 04            [ 8] 1141 	ld	a, #0x04
    00000422 C9               [16] 1142 	ret
                                   1143 ;src/main.c:274: case RIDE_MOTORCYCLE: return 4u;
    00000423                       1144 00103$:
    00000423 3E 04            [ 8] 1145 	ld	a, #0x04
    00000425 C9               [16] 1146 	ret
                                   1147 ;src/main.c:275: default: return 6u;
    00000426                       1148 00104$:
    00000426 3E 06            [ 8] 1149 	ld	a, #0x06
                                   1150 ;src/main.c:276: }
                                   1151 ;src/main.c:277: }
    00000428 C9               [16] 1152 	ret
                                   1153 ;src/main.c:279: static uint8_t movement_repeat_delay(void) {
                                   1154 ;	---------------------------------
                                   1155 ; Function movement_repeat_delay
                                   1156 ; ---------------------------------
    00000429                       1157 _movement_repeat_delay:
                                   1158 ;src/main.c:280: switch (current_ride_level()) {
    00000429 CDrFAr03         [24] 1159 	call	_current_ride_level
    0000042C FE 01            [ 8] 1160 	cp	a, #0x01
    0000042E 28 0A            [12] 1161 	jr	Z, 00101$
    00000430 FE 02            [ 8] 1162 	cp	a, #0x02
    00000432 28 09            [12] 1163 	jr	Z, 00102$
    00000434 D6 03            [ 8] 1164 	sub	a, #0x03
    00000436 28 07            [12] 1165 	jr	Z, 00103$
    00000438 18 07            [12] 1166 	jr	00104$
                                   1167 ;src/main.c:281: case RIDE_BICYCLE: return 1u;
    0000043A                       1168 00101$:
    0000043A 3E 01            [ 8] 1169 	ld	a, #0x01
    0000043C C9               [16] 1170 	ret
                                   1171 ;src/main.c:282: case RIDE_SCOOTER: return 0u;
    0000043D                       1172 00102$:
    0000043D AF               [ 4] 1173 	xor	a, a
    0000043E C9               [16] 1174 	ret
                                   1175 ;src/main.c:283: case RIDE_MOTORCYCLE: return 0u;
    0000043F                       1176 00103$:
    0000043F AF               [ 4] 1177 	xor	a, a
    00000440 C9               [16] 1178 	ret
                                   1179 ;src/main.c:284: default: return 2u;
    00000441                       1180 00104$:
    00000441 3E 02            [ 8] 1181 	ld	a, #0x02
                                   1182 ;src/main.c:285: }
                                   1183 ;src/main.c:286: }
    00000443 C9               [16] 1184 	ret
                                   1185 ;src/main.c:288: static uint8_t movement_repeat_interval(void) {
                                   1186 ;	---------------------------------
                                   1187 ; Function movement_repeat_interval
                                   1188 ; ---------------------------------
    00000444                       1189 _movement_repeat_interval:
                                   1190 ;src/main.c:289: switch (current_ride_level()) {
    00000444 CDrFAr03         [24] 1191 	call	_current_ride_level
    00000447 D6 03            [ 8] 1192 	sub	a, #0x03
    00000449 20 02            [12] 1193 	jr	NZ, 00102$
                                   1194 ;src/main.c:290: case RIDE_MOTORCYCLE: return 0u;
    0000044B AF               [ 4] 1195 	xor	a, a
    0000044C C9               [16] 1196 	ret
                                   1197 ;src/main.c:291: default: return 0u;
    0000044D                       1198 00102$:
    0000044D AF               [ 4] 1199 	xor	a, a
                                   1200 ;src/main.c:292: }
                                   1201 ;src/main.c:293: }
    0000044E C9               [16] 1202 	ret
                                   1203 ;src/main.c:295: static uint8_t current_sprite_tile_count(void) {
                                   1204 ;	---------------------------------
                                   1205 ; Function current_sprite_tile_count
                                   1206 ; ---------------------------------
    0000044F                       1207 _current_sprite_tile_count:
                                   1208 ;src/main.c:296: if (room_id == ROOM_APARTMENT) {
    0000044F FAr02r00         [16] 1209 	ld	a, (#_room_id)
    00000452 3D               [ 4] 1210 	dec	a
    00000453 20 03            [12] 1211 	jr	NZ, 00102$
                                   1212 ;src/main.c:297: return PLAYER_SPRITE_TILE_COUNT;
    00000455 3E 18            [ 8] 1213 	ld	a, #0x18
    00000457 C9               [16] 1214 	ret
    00000458                       1215 00102$:
                                   1216 ;src/main.c:299: if ((room_id == ROOM_DISTRICT) || (room_id == ROOM_SOUTHLINE)) {
    00000458 21r02r00         [12] 1217 	ld	hl, #_room_id
    0000045B 7E               [ 8] 1218 	ld	a, (hl)
    0000045C B7               [ 4] 1219 	or	a, a
    0000045D 28 05            [12] 1220 	jr	Z, 00103$
    0000045F 7E               [ 8] 1221 	ld	a, (hl)
    00000460 D6 06            [ 8] 1222 	sub	a, #0x06
    00000462 20 03            [12] 1223 	jr	NZ, 00104$
    00000464                       1224 00103$:
                                   1225 ;src/main.c:300: return SPRITE_TILE_COUNT;
    00000464 3E 34            [ 8] 1226 	ld	a, #0x34
    00000466 C9               [16] 1227 	ret
    00000467                       1228 00104$:
                                   1229 ;src/main.c:302: return SPRITE_TILE_COUNT;
    00000467 3E 34            [ 8] 1230 	ld	a, #0x34
                                   1231 ;src/main.c:303: }
    00000469 C9               [16] 1232 	ret
                                   1233 ;src/main.c:305: static void hide_actor(uint8_t oam_base) {
                                   1234 ;	---------------------------------
                                   1235 ; Function hide_actor
                                   1236 ; ---------------------------------
    0000046A                       1237 _hide_actor:
    0000046A 5F               [ 4] 1238 	ld	e, a
                                   1239 ;/tmp/gbdk-4.5.0/include/gb/gb.h:1973: OAM_item_t * itm = &shadow_OAM[nb];
    0000046B 01r00r00         [12] 1240 	ld	bc, #_shadow_OAM+0
    0000046E 6B               [ 4] 1241 	ld	l, e
    0000046F AF               [ 4] 1242 	xor	a, a
    00000470 67               [ 4] 1243 	ld	h, a
    00000471 29               [ 8] 1244 	add	hl, hl
    00000472 29               [ 8] 1245 	add	hl, hl
    00000473 09               [ 8] 1246 	add	hl, bc
                                   1247 ;/tmp/gbdk-4.5.0/include/gb/gb.h:1974: itm->y=y, itm->x=x;
    00000474 AF               [ 4] 1248 	xor	a, a
    00000475 22               [ 8] 1249 	ld	(hl+), a
    00000476 77               [ 8] 1250 	ld	(hl), a
                                   1251 ;src/main.c:307: move_sprite(oam_base + 1u, 0u, 0u);
    00000477 53               [ 4] 1252 	ld	d, e
    00000478 14               [ 4] 1253 	inc	d
                                   1254 ;/tmp/gbdk-4.5.0/include/gb/gb.h:1973: OAM_item_t * itm = &shadow_OAM[nb];
    00000479 01r00r00         [12] 1255 	ld	bc, #_shadow_OAM+0
    0000047C 6A               [ 4] 1256 	ld	l, d
    0000047D 26 00            [ 8] 1257 	ld	h, #0x00
    0000047F 29               [ 8] 1258 	add	hl, hl
    00000480 29               [ 8] 1259 	add	hl, hl
    00000481 09               [ 8] 1260 	add	hl, bc
                                   1261 ;/tmp/gbdk-4.5.0/include/gb/gb.h:1974: itm->y=y, itm->x=x;
    00000482 AF               [ 4] 1262 	xor	a, a
    00000483 22               [ 8] 1263 	ld	(hl+), a
    00000484 77               [ 8] 1264 	ld	(hl), a
                                   1265 ;src/main.c:308: move_sprite(oam_base + 2u, 0u, 0u);
    00000485 53               [ 4] 1266 	ld	d, e
    00000486 14               [ 4] 1267 	inc	d
    00000487 14               [ 4] 1268 	inc	d
                                   1269 ;/tmp/gbdk-4.5.0/include/gb/gb.h:1973: OAM_item_t * itm = &shadow_OAM[nb];
    00000488 01r00r00         [12] 1270 	ld	bc, #_shadow_OAM+0
    0000048B 6A               [ 4] 1271 	ld	l, d
    0000048C 26 00            [ 8] 1272 	ld	h, #0x00
    0000048E 29               [ 8] 1273 	add	hl, hl
    0000048F 29               [ 8] 1274 	add	hl, hl
    00000490 09               [ 8] 1275 	add	hl, bc
                                   1276 ;/tmp/gbdk-4.5.0/include/gb/gb.h:1974: itm->y=y, itm->x=x;
    00000491 AF               [ 4] 1277 	xor	a, a
    00000492 22               [ 8] 1278 	ld	(hl+), a
    00000493 77               [ 8] 1279 	ld	(hl), a
                                   1280 ;src/main.c:309: move_sprite(oam_base + 3u, 0u, 0u);
    00000494 1C               [ 4] 1281 	inc	e
    00000495 1C               [ 4] 1282 	inc	e
    00000496 1C               [ 4] 1283 	inc	e
                                   1284 ;/tmp/gbdk-4.5.0/include/gb/gb.h:1973: OAM_item_t * itm = &shadow_OAM[nb];
    00000497 01r00r00         [12] 1285 	ld	bc, #_shadow_OAM+0
    0000049A AF               [ 4] 1286 	xor	a, a
    0000049B 6B               [ 4] 1287 	ld	l, e
    0000049C 67               [ 4] 1288 	ld	h, a
    0000049D 29               [ 8] 1289 	add	hl, hl
    0000049E 29               [ 8] 1290 	add	hl, hl
    0000049F 09               [ 8] 1291 	add	hl, bc
                                   1292 ;/tmp/gbdk-4.5.0/include/gb/gb.h:1974: itm->y=y, itm->x=x;
    000004A0 AF               [ 4] 1293 	xor	a, a
    000004A1 22               [ 8] 1294 	ld	(hl+), a
    000004A2 77               [ 8] 1295 	ld	(hl), a
                                   1296 ;src/main.c:309: move_sprite(oam_base + 3u, 0u, 0u);
                                   1297 ;src/main.c:310: }
    000004A3 C9               [16] 1298 	ret
                                   1299 ;src/main.c:312: static void set_single_sprite(uint8_t oam, uint8_t tile, uint8_t x, uint8_t y, uint8_t props) {
                                   1300 ;	---------------------------------
                                   1301 ; Function set_single_sprite
                                   1302 ; ---------------------------------
    000004A4                       1303 _set_single_sprite:
                                   1304 ;/tmp/gbdk-4.5.0/include/gb/gb.h:1887: shadow_OAM[nb].tile=tile;
    000004A4 6F               [ 4] 1305 	ld	l, a
    000004A5 26 00            [ 8] 1306 	ld	h, #0x00
    000004A7 29               [ 8] 1307 	add	hl, hl
    000004A8 29               [ 8] 1308 	add	hl, hl
    000004A9 4D               [ 4] 1309 	ld	c, l
    000004AA 44               [ 4] 1310 	ld	b, h
    000004AB 21r01r00         [12] 1311 	ld	hl,#_shadow_OAM + 1
    000004AE 09               [ 8] 1312 	add	hl,bc
    000004AF 23               [ 8] 1313 	inc	hl
    000004B0 73               [ 8] 1314 	ld	(hl), e
                                   1315 ;src/main.c:314: set_sprite_prop(oam, props);
    000004B1 F8 04            [12] 1316 	ldhl	sp,	#4
    000004B3 5E               [ 8] 1317 	ld	e, (hl)
                                   1318 ;/tmp/gbdk-4.5.0/include/gb/gb.h:1946: shadow_OAM[nb].prop=prop;
    000004B4 21r01r00         [12] 1319 	ld	hl,#_shadow_OAM + 1
    000004B7 09               [ 8] 1320 	add	hl,bc
    000004B8 23               [ 8] 1321 	inc	hl
    000004B9 23               [ 8] 1322 	inc	hl
    000004BA 73               [ 8] 1323 	ld	(hl), e
                                   1324 ;src/main.c:315: move_sprite(oam, x, y);
    000004BB F8 03            [12] 1325 	ldhl	sp,	#3
    000004BD 56               [ 8] 1326 	ld	d, (hl)
    000004BE 2B               [ 8] 1327 	dec	hl
    000004BF 5E               [ 8] 1328 	ld	e, (hl)
                                   1329 ;/tmp/gbdk-4.5.0/include/gb/gb.h:1973: OAM_item_t * itm = &shadow_OAM[nb];
    000004C0 21r00r00         [12] 1330 	ld	hl, #_shadow_OAM
    000004C3 09               [ 8] 1331 	add	hl, bc
                                   1332 ;/tmp/gbdk-4.5.0/include/gb/gb.h:1974: itm->y=y, itm->x=x;
    000004C4 72               [ 8] 1333 	ld	(hl), d
    000004C5 23               [ 8] 1334 	inc	hl
    000004C6 73               [ 8] 1335 	ld	(hl), e
                                   1336 ;src/main.c:315: move_sprite(oam, x, y);
                                   1337 ;src/main.c:316: }
    000004C7 E1               [12] 1338 	pop	hl
    000004C8 E8 03            [16] 1339 	add	sp, #3
    000004CA E9               [ 4] 1340 	jp	(hl)
                                   1341 ;src/main.c:318: static uint8_t traffic_tile(uint8_t type, uint8_t vertical, uint8_t phase) {
                                   1342 ;	---------------------------------
                                   1343 ; Function traffic_tile
                                   1344 ; ---------------------------------
    000004CB                       1345 _traffic_tile:
                                   1346 ;src/main.c:319: if (type == TRAFFIC_TYPE_BIKE) {
    000004CB B7               [ 4] 1347 	or	a, a
    000004CC 20 15            [12] 1348 	jr	NZ, 00102$
                                   1349 ;src/main.c:320: return (uint8_t)(current_sprite_tile_base() + TRAFFIC_SPRITE_TILE_OFFSET + (vertical ? 2u : 0u) + phase);
    000004CE D5               [16] 1350 	push	de
    000004CF CDrF7r03         [24] 1351 	call	_current_sprite_tile_base
    000004D2 D1               [12] 1352 	pop	de
    000004D3 C6 2C            [ 8] 1353 	add	a, #0x2c
    000004D5 1C               [ 4] 1354 	inc	e
    000004D6 1D               [ 4] 1355 	dec	e
    000004D7 0E 02            [ 8] 1356 	ld	c, #0x02
    000004D9 20 02            [12] 1357 	jr	NZ, 00106$
    000004DB 0E 00            [ 8] 1358 	ld	c, #0x00
    000004DD                       1359 00106$:
    000004DD 81               [ 4] 1360 	add	a, c
    000004DE F8 02            [12] 1361 	ldhl	sp,	#2
    000004E0 86               [ 8] 1362 	add	a, (hl)
    000004E1 18 13            [12] 1363 	jr	00103$
    000004E3                       1364 00102$:
                                   1365 ;src/main.c:322: return (uint8_t)(current_sprite_tile_base() + TRAFFIC_SPRITE_TILE_OFFSET + 4u + (vertical ? 2u : 0u) + phase);
    000004E3 D5               [16] 1366 	push	de
    000004E4 CDrF7r03         [24] 1367 	call	_current_sprite_tile_base
    000004E7 D1               [12] 1368 	pop	de
    000004E8 C6 30            [ 8] 1369 	add	a, #0x30
    000004EA 1C               [ 4] 1370 	inc	e
    000004EB 1D               [ 4] 1371 	dec	e
    000004EC 0E 02            [ 8] 1372 	ld	c, #0x02
    000004EE 20 02            [12] 1373 	jr	NZ, 00108$
    000004F0 0E 00            [ 8] 1374 	ld	c, #0x00
    000004F2                       1375 00108$:
    000004F2 81               [ 4] 1376 	add	a, c
    000004F3 F8 02            [12] 1377 	ldhl	sp,	#2
    000004F5 86               [ 8] 1378 	add	a, (hl)
    000004F6                       1379 00103$:
                                   1380 ;src/main.c:323: }
    000004F6 E1               [12] 1381 	pop	hl
    000004F7 33               [ 8] 1382 	inc	sp
    000004F8 E9               [ 4] 1383 	jp	(hl)
                                   1384 ;src/main.c:325: static void draw_traffic_sprites(void) {
                                   1385 ;	---------------------------------
                                   1386 ; Function draw_traffic_sprites
                                   1387 ; ---------------------------------
    000004F9                       1388 _draw_traffic_sprites:
                                   1389 ;src/main.c:326: uint8_t phase = (uint8_t)((frame_clock >> 3u) & 1u);
    000004F9 21r11r00         [12] 1390 	ld	hl, #_frame_clock
    000004FC 7E               [ 8] 1391 	ld	a, (hl)
    000004FD 0F               [ 4] 1392 	rrca
    000004FE 0F               [ 4] 1393 	rrca
    000004FF 0F               [ 4] 1394 	rrca
    00000500 E6 01            [ 8] 1395 	and	a, #0x01
    00000502 47               [ 4] 1396 	ld	b, a
                                   1397 ;src/main.c:327: uint8_t travel = (uint8_t)(frame_clock >> 1u);
    00000503 4E               [ 8] 1398 	ld	c, (hl)
    00000504 CB 39            [ 8] 1399 	srl	c
                                   1400 ;/tmp/gbdk-4.5.0/include/gb/gb.h:1973: OAM_item_t * itm = &shadow_OAM[nb];
    00000506 21r60r00         [12] 1401 	ld	hl, #(_shadow_OAM + 96)
                                   1402 ;/tmp/gbdk-4.5.0/include/gb/gb.h:1974: itm->y=y, itm->x=x;
    00000509 AF               [ 4] 1403 	xor	a, a
    0000050A 22               [ 8] 1404 	ld	(hl+), a
    0000050B 77               [ 8] 1405 	ld	(hl), a
                                   1406 ;/tmp/gbdk-4.5.0/include/gb/gb.h:1973: OAM_item_t * itm = &shadow_OAM[nb];
    0000050C 21r64r00         [12] 1407 	ld	hl, #(_shadow_OAM + 100)
                                   1408 ;/tmp/gbdk-4.5.0/include/gb/gb.h:1974: itm->y=y, itm->x=x;
    0000050F AF               [ 4] 1409 	xor	a, a
    00000510 22               [ 8] 1410 	ld	(hl+), a
    00000511 77               [ 8] 1411 	ld	(hl), a
                                   1412 ;src/main.c:336: if (room_id == ROOM_DISTRICT) {
    00000512 FAr02r00         [16] 1413 	ld	a, (#_room_id)
    00000515 B7               [ 4] 1414 	or	a, a
    00000516 20 5B            [12] 1415 	jr	NZ, 00108$
                                   1416 ;src/main.c:338: x = (uint8_t)(((uint16_t)travel + 20u) % 184u);
    00000518 79               [ 4] 1417 	ld	a, c
    00000519 C6 14            [ 8] 1418 	add	a, #0x14
    0000051B C5               [16] 1419 	push	bc
    0000051C 1E B8            [ 8] 1420 	ld	e, #0xb8
    0000051E CDr00r00         [24] 1421 	call	__moduchar
    00000521 61               [ 4] 1422 	ld	h, c
    00000522 C1               [12] 1423 	pop	bc
                                   1424 ;src/main.c:340: if ((x >= 8u) && (x <= 168u)) {
    00000523 7C               [ 4] 1425 	ld	a, h
    00000524 D6 08            [ 8] 1426 	sub	a, #0x08
    00000526 38 1B            [12] 1427 	jr	C, 00102$
                                   1428 ;src/main.c:341: set_single_sprite(oam0, traffic_tile(TRAFFIC_TYPE_MOTOR, 0u, phase), x, y, 0u);
    00000528 E5               [16] 1429 	push	hl
    00000529 C5               [16] 1430 	push	bc
    0000052A C5               [16] 1431 	push	bc
    0000052B 33               [ 8] 1432 	inc	sp
    0000052C 1E 00            [ 8] 1433 	ld	e, #0x00
    0000052E 3E 01            [ 8] 1434 	ld	a, #0x01
    00000530 CDrCBr04         [24] 1435 	call	_traffic_tile
    00000533 5F               [ 4] 1436 	ld	e, a
    00000534 C1               [12] 1437 	pop	bc
    00000535 E1               [12] 1438 	pop	hl
    00000536 C5               [16] 1439 	push	bc
    00000537 01 6C 00         [12] 1440 	ld	bc, #0x6c
    0000053A C5               [16] 1441 	push	bc
    0000053B E5               [16] 1442 	push	hl
    0000053C 33               [ 8] 1443 	inc	sp
    0000053D 3E 18            [ 8] 1444 	ld	a, #0x18
    0000053F CDrA4r04         [24] 1445 	call	_set_single_sprite
    00000542 C1               [12] 1446 	pop	bc
    00000543                       1447 00102$:
                                   1448 ;src/main.c:344: x = (uint8_t)(176u - (((uint16_t)travel + 76u) % 184u));
    00000543 79               [ 4] 1449 	ld	a, c
    00000544 C6 4C            [ 8] 1450 	add	a, #0x4c
    00000546 C5               [16] 1451 	push	bc
    00000547 1E B8            [ 8] 1452 	ld	e, #0xb8
    00000549 CDr00r00         [24] 1453 	call	__moduchar
    0000054C F1               [12] 1454 	pop	af
    0000054D 47               [ 4] 1455 	ld	b, a
    0000054E 3E B0            [ 8] 1456 	ld	a, #0xb0
    00000550 91               [ 4] 1457 	sub	a, c
                                   1458 ;src/main.c:346: if ((x >= 8u) && (x <= 168u)) {
    00000551 57               [ 4] 1459 	ld	d, a
    00000552 D6 08            [ 8] 1460 	sub	a, #0x08
    00000554 D8               [20] 1461 	ret	C
    00000555 3E A8            [ 8] 1462 	ld	a, #0xa8
    00000557 92               [ 4] 1463 	sub	a, d
    00000558 D8               [20] 1464 	ret	C
                                   1465 ;src/main.c:347: set_single_sprite(oam1, traffic_tile(TRAFFIC_TYPE_MOTOR, 0u, phase), x, y, S_FLIPX);
    00000559 D5               [16] 1466 	push	de
    0000055A C5               [16] 1467 	push	bc
    0000055B 33               [ 8] 1468 	inc	sp
    0000055C 1E 00            [ 8] 1469 	ld	e, #0x00
    0000055E 3E 01            [ 8] 1470 	ld	a, #0x01
    00000560 CDrCBr04         [24] 1471 	call	_traffic_tile
    00000563 D1               [12] 1472 	pop	de
    00000564 26 20            [ 8] 1473 	ld	h, #0x20
    00000566 E5               [16] 1474 	push	hl
    00000567 33               [ 8] 1475 	inc	sp
    00000568 26 74            [ 8] 1476 	ld	h, #0x74
    0000056A 6A               [ 4] 1477 	ld	l, d
    0000056B E5               [16] 1478 	push	hl
    0000056C 5F               [ 4] 1479 	ld	e, a
    0000056D 3E 19            [ 8] 1480 	ld	a, #0x19
    0000056F CDrA4r04         [24] 1481 	call	_set_single_sprite
                                   1482 ;src/main.c:349: return;
    00000572 C9               [16] 1483 	ret
    00000573                       1484 00108$:
                                   1485 ;src/main.c:352: if (room_id == ROOM_SOUTHLINE) {
    00000573 FAr02r00         [16] 1486 	ld	a, (#_room_id)
    00000576 D6 06            [ 8] 1487 	sub	a, #0x06
    00000578 C0               [20] 1488 	ret	NZ
                                   1489 ;src/main.c:353: y = (uint8_t)(((uint16_t)travel + 28u) % 176u);
    00000579 79               [ 4] 1490 	ld	a, c
    0000057A C6 1C            [ 8] 1491 	add	a, #0x1c
    0000057C C5               [16] 1492 	push	bc
    0000057D 1E B0            [ 8] 1493 	ld	e, #0xb0
    0000057F CDr00r00         [24] 1494 	call	__moduchar
    00000582 61               [ 4] 1495 	ld	h, c
    00000583 C1               [12] 1496 	pop	bc
                                   1497 ;src/main.c:355: if ((y >= 16u) && (y <= 152u)) {
    00000584 7C               [ 4] 1498 	ld	a, h
    00000585 D6 10            [ 8] 1499 	sub	a, #0x10
    00000587 D8               [20] 1500 	ret	C
    00000588 3E 98            [ 8] 1501 	ld	a, #0x98
    0000058A 94               [ 4] 1502 	sub	a, h
    0000058B D8               [20] 1503 	ret	C
                                   1504 ;src/main.c:356: set_single_sprite(oam0, traffic_tile(TRAFFIC_TYPE_MOTOR, 1u, phase), x, y, 0u);
    0000058C E5               [16] 1505 	push	hl
    0000058D C5               [16] 1506 	push	bc
    0000058E 33               [ 8] 1507 	inc	sp
    0000058F 3E 01            [ 8] 1508 	ld	a,#0x01
    00000591 5F               [ 4] 1509 	ld	e,a
    00000592 CDrCBr04         [24] 1510 	call	_traffic_tile
    00000595 5F               [ 4] 1511 	ld	e, a
    00000596 E1               [12] 1512 	pop	hl
    00000597 AF               [ 4] 1513 	xor	a, a
    00000598 F5               [16] 1514 	push	af
    00000599 33               [ 8] 1515 	inc	sp
    0000059A 2E 58            [ 8] 1516 	ld	l, #0x58
    0000059C E5               [16] 1517 	push	hl
    0000059D 3E 18            [ 8] 1518 	ld	a, #0x18
    0000059F CDrA4r04         [24] 1519 	call	_set_single_sprite
                                   1520 ;src/main.c:359: }
    000005A2 C9               [16] 1521 	ret
                                   1522 ;src/main.c:361: static void draw_world_sprites(uint8_t player_sx, uint8_t player_sy, uint8_t walk_phase) {
                                   1523 ;	---------------------------------
                                   1524 ; Function draw_world_sprites
                                   1525 ; ---------------------------------
    000005A3                       1526 _draw_world_sprites:
    000005A3 E8 FD            [16] 1527 	add	sp, #-3
    000005A5 57               [ 4] 1528 	ld	d, a
                                   1529 ;src/main.c:365: uint8_t sprite_base = current_sprite_tile_base();
    000005A6 D5               [16] 1530 	push	de
    000005A7 CDrF7r03         [24] 1531 	call	_current_sprite_tile_base
    000005AA 4F               [ 4] 1532 	ld	c, a
    000005AB D1               [12] 1533 	pop	de
                                   1534 ;src/main.c:372: (facing == DIR_LEFT)
    000005AC FAr05r00         [16] 1535 	ld	a, (#_facing)
    000005AF D6 02            [ 8] 1536 	sub	a, #0x02
    000005B1 3E 01            [ 8] 1537 	ld	a, #0x01
    000005B3 28 01            [12] 1538 	jr	Z, 00132$
    000005B5 AF               [ 4] 1539 	xor	a, a
    000005B6                       1540 00132$:
    000005B6 F8 02            [12] 1541 	ldhl	sp,	#2
    000005B8 77               [ 8] 1542 	ld	(hl), a
                                   1543 ;src/main.c:369: (uint8_t)(sprite_base + player_frame_base(walk_phase)),
    000005B9 C5               [16] 1544 	push	bc
    000005BA D5               [16] 1545 	push	de
    000005BB F8 09            [12] 1546 	ldhl	sp,	#9
    000005BD 7E               [ 8] 1547 	ld	a, (hl)
    000005BE CDr95r03         [24] 1548 	call	_player_frame_base
    000005C1 D1               [12] 1549 	pop	de
    000005C2 C1               [12] 1550 	pop	bc
    000005C3 81               [ 4] 1551 	add	a, c
                                   1552 ;src/main.c:368: PLAYER_OAM_BASE,
    000005C4 C5               [16] 1553 	push	bc
    000005C5 F8 04            [12] 1554 	ldhl	sp,	#4
    000005C7 66               [ 8] 1555 	ld	h, (hl)
    000005C8 E5               [16] 1556 	push	hl
    000005C9 33               [ 8] 1557 	inc	sp
    000005CA 63               [ 4] 1558 	ld	h, e
    000005CB 6A               [ 4] 1559 	ld	l, d
    000005CC E5               [16] 1560 	push	hl
    000005CD 5F               [ 4] 1561 	ld	e, a
    000005CE AF               [ 4] 1562 	xor	a, a
    000005CF CDr1Dr02         [24] 1563 	call	_set_quad_sprite
    000005D2 C1               [12] 1564 	pop	bc
                                   1565 ;src/main.c:375: for (i = 0u; i != NPC_COUNT; ++i) {
    000005D3 79               [ 4] 1566 	ld	a, c
    000005D4 C6 18            [ 8] 1567 	add	a, #0x18
    000005D6 F8 00            [12] 1568 	ldhl	sp,	#0
    000005D8 77               [ 8] 1569 	ld	(hl), a
    000005D9 0E 00            [ 8] 1570 	ld	c, #0x00
    000005DB                       1571 00105$:
                                   1572 ;src/main.c:376: npc_oam = (uint8_t)(NPC_OAM_BASE + i * SPRITES_PER_ACTOR);
    000005DB 79               [ 4] 1573 	ld	a, c
    000005DC 87               [ 4] 1574 	add	a, a
    000005DD 87               [ 4] 1575 	add	a, a
    000005DE F8 01            [12] 1576 	ldhl	sp,	#1
    000005E0 22               [ 8] 1577 	ld	(hl+), a
    000005E1 C6 04            [ 8] 1578 	add	a, #0x04
    000005E3 77               [ 8] 1579 	ld	(hl), a
                                   1580 ;src/main.c:377: if (npcs[i].room_id == room_id) {
    000005E4 06 00            [ 8] 1581 	ld	b, #0x00
    000005E6 69               [ 4] 1582 	ld	l, c
    000005E7 60               [ 4] 1583 	ld	h, b
    000005E8 29               [ 8] 1584 	add	hl, hl
    000005E9 09               [ 8] 1585 	add	hl, bc
    000005EA 29               [ 8] 1586 	add	hl, hl
    000005EB 3Er00            [ 8] 1587 	ld	a, #<(_npcs)
    000005ED 85               [ 4] 1588 	add	a, l
    000005EE 5F               [ 4] 1589 	ld	e, a
    000005EF 3Es00            [ 8] 1590 	ld	a, #>(_npcs)
    000005F1 8C               [ 4] 1591 	adc	a, h
    000005F2 57               [ 4] 1592 	ld	d, a
    000005F3 1A               [ 8] 1593 	ld	a, (de)
    000005F4 21r02r00         [12] 1594 	ld	hl, #_room_id
    000005F7 96               [ 8] 1595 	sub	a, (hl)
    000005F8 20 34            [12] 1596 	jr	NZ, 00102$
                                   1597 ;src/main.c:378: bob = (uint8_t)(((frame_clock >> 4u) + i) & 1u);
    000005FA FAr11r00         [16] 1598 	ld	a, (#_frame_clock)
    000005FD CB 37            [ 8] 1599 	swap	a
    000005FF E6 0F            [ 8] 1600 	and	a, #0x0f
    00000601 81               [ 4] 1601 	add	a, c
    00000602 E6 01            [ 8] 1602 	and	a, #0x01
    00000604 47               [ 4] 1603 	ld	b, a
                                   1604 ;src/main.c:383: (uint8_t)(tile_to_sprite_y(npcs[i].y) - bob),
    00000605 6B               [ 4] 1605 	ld	l, e
    00000606 62               [ 4] 1606 	ld	h, d
    00000607 23               [ 8] 1607 	inc	hl
    00000608 23               [ 8] 1608 	inc	hl
    00000609 7E               [ 8] 1609 	ld	a, (hl)
    0000060A C5               [16] 1610 	push	bc
    0000060B D5               [16] 1611 	push	de
    0000060C CDr17r02         [24] 1612 	call	_tile_to_sprite_y
    0000060F D1               [12] 1613 	pop	de
    00000610 C1               [12] 1614 	pop	bc
    00000611 90               [ 4] 1615 	sub	a, b
    00000612 47               [ 4] 1616 	ld	b, a
                                   1617 ;src/main.c:382: tile_to_sprite_x(npcs[i].x),
    00000613 13               [ 8] 1618 	inc	de
    00000614 1A               [ 8] 1619 	ld	a, (de)
    00000615 C5               [16] 1620 	push	bc
    00000616 CDr11r02         [24] 1621 	call	_tile_to_sprite_x
    00000619 57               [ 4] 1622 	ld	d, a
    0000061A C1               [12] 1623 	pop	bc
                                   1624 ;src/main.c:381: (uint8_t)(sprite_base + NPC_SPRITE_TILE_OFFSET + i * 4u),
    0000061B F8 00            [12] 1625 	ldhl	sp,	#0
    0000061D 2A               [ 8] 1626 	ld	a, (hl+)
    0000061E 86               [ 8] 1627 	add	a, (hl)
                                   1628 ;src/main.c:380: npc_oam,
    0000061F 23               [ 8] 1629 	inc	hl
    00000620 5F               [ 4] 1630 	ld	e, a
    00000621 C5               [16] 1631 	push	bc
    00000622 AF               [ 4] 1632 	xor	a, a
    00000623 F5               [16] 1633 	push	af
    00000624 33               [ 8] 1634 	inc	sp
    00000625 4A               [ 4] 1635 	ld	c, d
    00000626 C5               [16] 1636 	push	bc
    00000627 7E               [ 8] 1637 	ld	a, (hl)
    00000628 CDr1Dr02         [24] 1638 	call	_set_quad_sprite
    0000062B C1               [12] 1639 	pop	bc
    0000062C 18 08            [12] 1640 	jr	00106$
    0000062E                       1641 00102$:
                                   1642 ;src/main.c:387: hide_actor(npc_oam);
    0000062E C5               [16] 1643 	push	bc
    0000062F F8 04            [12] 1644 	ldhl	sp,	#4
    00000631 7E               [ 8] 1645 	ld	a, (hl)
    00000632 CDr6Ar04         [24] 1646 	call	_hide_actor
    00000635 C1               [12] 1647 	pop	bc
    00000636                       1648 00106$:
                                   1649 ;src/main.c:375: for (i = 0u; i != NPC_COUNT; ++i) {
    00000636 0C               [ 4] 1650 	inc	c
    00000637 79               [ 4] 1651 	ld	a, c
    00000638 D6 05            [ 8] 1652 	sub	a, #0x05
    0000063A 20 9F            [12] 1653 	jr	NZ, 00105$
                                   1654 ;src/main.c:391: draw_traffic_sprites();
    0000063C CDrF9r04         [24] 1655 	call	_draw_traffic_sprites
                                   1656 ;src/main.c:392: }
    0000063F E8 03            [16] 1657 	add	sp, #3
    00000641 E1               [12] 1658 	pop	hl
    00000642 33               [ 8] 1659 	inc	sp
    00000643 E9               [ 4] 1660 	jp	(hl)
                                   1661 ;src/main.c:394: static void stamp_apartment_decor(void) {
                                   1662 ;	---------------------------------
                                   1663 ; Function stamp_apartment_decor
                                   1664 ; ---------------------------------
    00000644                       1665 _stamp_apartment_decor:
                                   1666 ;src/main.c:399: for (i = 0u; i != 3u; ++i) {
    00000644 0E 00            [ 8] 1667 	ld	c, #0x00
    00000646                       1668 00102$:
                                   1669 ;src/main.c:400: map_buffer[(uint16_t)slot_y[i] * MAP_W + slot_x[i]] = decor_tile(decor_slots[i]);
    00000646 21r84r06         [12] 1670 	ld	hl, #_stamp_apartment_decor_slot_y_10000_401
    00000649 06 00            [ 8] 1671 	ld	b, #0x00
    0000064B 09               [ 8] 1672 	add	hl, bc
    0000064C 6E               [ 8] 1673 	ld	l, (hl)
    0000064D 26 00            [ 8] 1674 	ld	h, #0x00
    0000064F 5D               [ 4] 1675 	ld	e, l
    00000650 54               [ 4] 1676 	ld	d, h
    00000651 29               [ 8] 1677 	add	hl, hl
    00000652 29               [ 8] 1678 	add	hl, hl
    00000653 19               [ 8] 1679 	add	hl, de
    00000654 29               [ 8] 1680 	add	hl, hl
    00000655 29               [ 8] 1681 	add	hl, hl
    00000656 3Er81            [ 8] 1682 	ld	a, #<(_stamp_apartment_decor_slot_x_10000_401)
    00000658 81               [ 4] 1683 	add	a, c
    00000659 5F               [ 4] 1684 	ld	e, a
    0000065A 3Es06            [ 8] 1685 	ld	a, #>(_stamp_apartment_decor_slot_x_10000_401)
    0000065C CE 00            [ 8] 1686 	adc	a, #0x00
    0000065E 57               [ 4] 1687 	ld	d, a
    0000065F 1A               [ 8] 1688 	ld	a, (de)
    00000660 16 00            [ 8] 1689 	ld	d, #0x00
    00000662 5F               [ 4] 1690 	ld	e, a
    00000663 19               [ 8] 1691 	add	hl, de
    00000664 11r12r00         [12] 1692 	ld	de, #_map_buffer
    00000667 19               [ 8] 1693 	add	hl, de
    00000668 3Er0C            [ 8] 1694 	ld	a, #<(_decor_slots)
    0000066A 81               [ 4] 1695 	add	a, c
    0000066B 5F               [ 4] 1696 	ld	e, a
    0000066C 3Es00            [ 8] 1697 	ld	a, #>(_decor_slots)
    0000066E CE 00            [ 8] 1698 	adc	a, #0x00
    00000670 57               [ 4] 1699 	ld	d, a
    00000671 1A               [ 8] 1700 	ld	a, (de)
    00000672 E5               [16] 1701 	push	hl
    00000673 C5               [16] 1702 	push	bc
    00000674 CDrE1r00         [24] 1703 	call	_decor_tile
    00000677 C1               [12] 1704 	pop	bc
    00000678 E1               [12] 1705 	pop	hl
    00000679 77               [ 8] 1706 	ld	(hl), a
                                   1707 ;src/main.c:399: for (i = 0u; i != 3u; ++i) {
    0000067A 0C               [ 4] 1708 	inc	c
    0000067B 79               [ 4] 1709 	ld	a, c
    0000067C D6 03            [ 8] 1710 	sub	a, #0x03
    0000067E 20 C6            [12] 1711 	jr	NZ, 00102$
                                   1712 ;src/main.c:402: }
    00000680 C9               [16] 1713 	ret
    00000681                       1714 _stamp_apartment_decor_slot_x_10000_401:
    00000681 05                    1715 	.db #0x05	; 5
    00000682 0A                    1716 	.db #0x0a	; 10
    00000683 0F                    1717 	.db #0x0f	; 15
    00000684                       1718 _stamp_apartment_decor_slot_y_10000_401:
    00000684 05                    1719 	.db #0x05	; 5
    00000685 05                    1720 	.db #0x05	; 5
    00000686 05                    1721 	.db #0x05	; 5
                                   1722 ;src/main.c:404: static void load_room(void) {
                                   1723 ;	---------------------------------
                                   1724 ; Function load_room
                                   1725 ; ---------------------------------
    00000687                       1726 _load_room:
    00000687 E8 FB            [16] 1727 	add	sp, #-5
                                   1728 ;src/main.c:408: for (y = 0u; y != MAP_H; ++y) {
    00000689 F8 03            [12] 1729 	ldhl	sp,	#3
    0000068B 36 00            [12] 1730 	ld	(hl), #0x00
                                   1731 ;src/main.c:409: for (x = 0u; x != MAP_W; ++x) {
    0000068D                       1732 00111$:
    0000068D F8 03            [12] 1733 	ldhl	sp,	#3
    0000068F 7E               [ 8] 1734 	ld	a, (hl)
    00000690 87               [ 4] 1735 	add	a, a
    00000691 F8 00            [12] 1736 	ldhl	sp,	#0
    00000693 77               [ 8] 1737 	ld	(hl), a
    00000694 F8 04            [12] 1738 	ldhl	sp,	#4
    00000696 36 00            [12] 1739 	ld	(hl), #0x00
    00000698                       1740 00105$:
                                   1741 ;src/main.c:410: map_buffer[(uint16_t)y * MAP_W + x] = tile_for_char(room_maps[room_id][y][x]);
    00000698 F8 03            [12] 1742 	ldhl	sp,	#3
    0000069A 4E               [ 8] 1743 	ld	c, (hl)
    0000069B 06 00            [ 8] 1744 	ld	b, #0x00
    0000069D 69               [ 4] 1745 	ld	l, c
    0000069E 60               [ 4] 1746 	ld	h, b
    0000069F 29               [ 8] 1747 	add	hl, hl
    000006A0 29               [ 8] 1748 	add	hl, hl
    000006A1 09               [ 8] 1749 	add	hl, bc
    000006A2 29               [ 8] 1750 	add	hl, hl
    000006A3 29               [ 8] 1751 	add	hl, hl
    000006A4 4D               [ 4] 1752 	ld	c, l
    000006A5 44               [ 4] 1753 	ld	b, h
    000006A6 F8 04            [12] 1754 	ldhl	sp,	#4
    000006A8 6E               [ 8] 1755 	ld	l, (hl)
    000006A9 26 00            [ 8] 1756 	ld	h, #0x00
    000006AB 09               [ 8] 1757 	add	hl, bc
    000006AC 01r12r00         [12] 1758 	ld	bc, #_map_buffer
    000006AF 09               [ 8] 1759 	add	hl, bc
    000006B0 E5               [16] 1760 	push	hl
    000006B1 7D               [ 4] 1761 	ld	a, l
    000006B2 F8 03            [12] 1762 	ldhl	sp,	#3
    000006B4 77               [ 8] 1763 	ld	(hl), a
    000006B5 E1               [12] 1764 	pop	hl
    000006B6 7C               [ 4] 1765 	ld	a, h
    000006B7 F8 02            [12] 1766 	ldhl	sp,	#2
    000006B9 77               [ 8] 1767 	ld	(hl), a
    000006BA 21r02r00         [12] 1768 	ld	hl, #_room_id
    000006BD 4E               [ 8] 1769 	ld	c, (hl)
    000006BE 06 00            [ 8] 1770 	ld	b, #0x00
    000006C0 69               [ 4] 1771 	ld	l, c
    000006C1 60               [ 4] 1772 	ld	h, b
    000006C2 29               [ 8] 1773 	add	hl, hl
    000006C3 29               [ 8] 1774 	add	hl, hl
    000006C4 29               [ 8] 1775 	add	hl, hl
    000006C5 09               [ 8] 1776 	add	hl, bc
    000006C6 29               [ 8] 1777 	add	hl, hl
    000006C7 29               [ 8] 1778 	add	hl, hl
    000006C8 01r00r00         [12] 1779 	ld	bc, #_room_maps
    000006CB 09               [ 8] 1780 	add	hl, bc
    000006CC 4D               [ 4] 1781 	ld	c, l
    000006CD 44               [ 4] 1782 	ld	b, h
    000006CE F8 00            [12] 1783 	ldhl	sp,	#0
    000006D0 6E               [ 8] 1784 	ld	l, (hl)
    000006D1 26 00            [ 8] 1785 	ld	h, #0x00
    000006D3 09               [ 8] 1786 	add	hl, bc
    000006D4 2A               [ 8] 1787 	ld	a, (hl+)
    000006D5 4F               [ 4] 1788 	ld	c, a
    000006D6 46               [ 8] 1789 	ld	b, (hl)
    000006D7 F8 04            [12] 1790 	ldhl	sp,	#4
    000006D9 6E               [ 8] 1791 	ld	l, (hl)
    000006DA 26 00            [ 8] 1792 	ld	h, #0x00
    000006DC 09               [ 8] 1793 	add	hl, bc
    000006DD 4D               [ 4] 1794 	ld	c, l
    000006DE 44               [ 4] 1795 	ld	b, h
    000006DF 0A               [ 8] 1796 	ld	a, (bc)
    000006E0 CDr00r00         [24] 1797 	call	_tile_for_char
    000006E3 F8 01            [12] 1798 	ldhl	sp,	#1
    000006E5 5E               [ 8] 1799 	ld	e, (hl)
    000006E6 23               [ 8] 1800 	inc	hl
    000006E7 66               [ 8] 1801 	ld	h, (hl)
    000006E8 6B               [ 4] 1802 	ld	l, e
    000006E9 77               [ 8] 1803 	ld	(hl), a
                                   1804 ;src/main.c:409: for (x = 0u; x != MAP_W; ++x) {
    000006EA F8 04            [12] 1805 	ldhl	sp,	#4
    000006EC 34               [12] 1806 	inc	(hl)
    000006ED 7E               [ 8] 1807 	ld	a, (hl)
    000006EE D6 14            [ 8] 1808 	sub	a, #0x14
    000006F0 20 A6            [12] 1809 	jr	NZ, 00105$
                                   1810 ;src/main.c:408: for (y = 0u; y != MAP_H; ++y) {
    000006F2 F8 03            [12] 1811 	ldhl	sp,	#3
    000006F4 34               [12] 1812 	inc	(hl)
    000006F5 7E               [ 8] 1813 	ld	a, (hl)
    000006F6 D6 12            [ 8] 1814 	sub	a, #0x12
    000006F8 20 93            [12] 1815 	jr	NZ, 00111$
                                   1816 ;src/main.c:414: if (room_id == ROOM_APARTMENT) {
    000006FA FAr02r00         [16] 1817 	ld	a, (#_room_id)
    000006FD 3D               [ 4] 1818 	dec	a
    000006FE 20 03            [12] 1819 	jr	NZ, 00104$
                                   1820 ;src/main.c:415: stamp_apartment_decor();
    00000700 CDr44r06         [24] 1821 	call	_stamp_apartment_decor
    00000703                       1822 00104$:
                                   1823 ;src/main.c:418: sanitize_player_position();
    00000703 CDrC9r20         [24] 1824 	call	_sanitize_player_position
                                   1825 ;src/main.c:419: }
    00000706 E8 05            [16] 1826 	add	sp, #5
    00000708 C9               [16] 1827 	ret
                                   1828 ;src/main.c:421: static uint8_t apartment_overlay_tile(uint8_t decor_id) {
                                   1829 ;	---------------------------------
                                   1830 ; Function apartment_overlay_tile
                                   1831 ; ---------------------------------
    00000709                       1832 _apartment_overlay_tile:
    00000709 4F               [ 4] 1833 	ld	c, a
                                   1834 ;src/main.c:422: switch (decor_id) {
    0000070A 3E 05            [ 8] 1835 	ld	a, #0x05
    0000070C 91               [ 4] 1836 	sub	a, c
    0000070D 38 27            [12] 1837 	jr	C, 00106$
    0000070F 06 00            [ 8] 1838 	ld	b, #0x00
    00000711 21r1Br07         [12] 1839 	ld	hl, #00117$
    00000714 09               [ 8] 1840 	add	hl, bc
    00000715 09               [ 8] 1841 	add	hl, bc
    00000716 4E               [ 8] 1842 	ld	c, (hl)
    00000717 23               [ 8] 1843 	inc	hl
    00000718 66               [ 8] 1844 	ld	h, (hl)
    00000719 69               [ 4] 1845 	ld	l, c
    0000071A E9               [ 4] 1846 	jp	(hl)
    0000071B                       1847 00117$:
    0000071Br36r07                 1848 	.dw	00106$
    0000071Dr27r07                 1849 	.dw	00101$
    0000071Fr2Ar07                 1850 	.dw	00102$
    00000721r2Dr07                 1851 	.dw	00103$
    00000723r30r07                 1852 	.dw	00104$
    00000725r33r07                 1853 	.dw	00105$
                                   1854 ;src/main.c:423: case DECOR_POSTER: return (uint8_t)(luma_lane_apartment_TILE_COUNT + 0u);
    00000727                       1855 00101$:
    00000727 3E D8            [ 8] 1856 	ld	a, #0xd8
    00000729 C9               [16] 1857 	ret
                                   1858 ;src/main.c:424: case DECOR_LAMP: return (uint8_t)(luma_lane_apartment_TILE_COUNT + 1u);
    0000072A                       1859 00102$:
    0000072A 3E D9            [ 8] 1860 	ld	a, #0xd9
    0000072C C9               [16] 1861 	ret
                                   1862 ;src/main.c:425: case DECOR_SHELF: return (uint8_t)(luma_lane_apartment_TILE_COUNT + 2u);
    0000072D                       1863 00103$:
    0000072D 3E DA            [ 8] 1864 	ld	a, #0xda
    0000072F C9               [16] 1865 	ret
                                   1866 ;src/main.c:426: case DECOR_TANK: return (uint8_t)(luma_lane_apartment_TILE_COUNT + 3u);
    00000730                       1867 00104$:
    00000730 3E DB            [ 8] 1868 	ld	a, #0xdb
    00000732 C9               [16] 1869 	ret
                                   1870 ;src/main.c:427: case DECOR_DOCK: return (uint8_t)(luma_lane_apartment_TILE_COUNT + 4u);
    00000733                       1871 00105$:
    00000733 3E DC            [ 8] 1872 	ld	a, #0xdc
    00000735 C9               [16] 1873 	ret
                                   1874 ;src/main.c:428: default: return 0u;
    00000736                       1875 00106$:
    00000736 AF               [ 4] 1876 	xor	a, a
                                   1877 ;src/main.c:429: }
                                   1878 ;src/main.c:430: }
    00000737 C9               [16] 1879 	ret
                                   1880 ;src/main.c:432: static void overlay_apartment_decor(void) {
                                   1881 ;	---------------------------------
                                   1882 ; Function overlay_apartment_decor
                                   1883 ; ---------------------------------
    00000738                       1884 _overlay_apartment_decor:
    00000738 3B               [ 8] 1885 	dec	sp
                                   1886 ;src/main.c:438: set_bkg_data(luma_lane_apartment_TILE_COUNT, APARTMENT_DECOR_TILE_COUNT, apartment_decor_tiles);
    00000739 11r00r00         [12] 1887 	ld	de, #_apartment_decor_tiles
    0000073C D5               [16] 1888 	push	de
    0000073D 21 D8 05         [12] 1889 	ld	hl, #0x5d8
    00000740 E5               [16] 1890 	push	hl
    00000741 CDr00r00         [24] 1891 	call	_set_bkg_data
    00000744 E8 04            [16] 1892 	add	sp, #4
                                   1893 ;src/main.c:439: for (i = 0u; i != 3u; ++i) {
    00000746 0E 00            [ 8] 1894 	ld	c, #0x00
    00000748                       1895 00104$:
                                   1896 ;src/main.c:440: if (decor_slots[i] != DECOR_NONE) {
    00000748 21r0Cr00         [12] 1897 	ld	hl, #_decor_slots
    0000074B 06 00            [ 8] 1898 	ld	b, #0x00
    0000074D 09               [ 8] 1899 	add	hl, bc
    0000074E 7E               [ 8] 1900 	ld	a, (hl)
    0000074F B7               [ 4] 1901 	or	a, a
    00000750 28 2A            [12] 1902 	jr	Z, 00105$
                                   1903 ;src/main.c:441: tile = apartment_overlay_tile(decor_slots[i]);
    00000752 C5               [16] 1904 	push	bc
    00000753 CDr09r07         [24] 1905 	call	_apartment_overlay_tile
    00000756 C1               [12] 1906 	pop	bc
    00000757 F8 00            [12] 1907 	ldhl	sp,	#0
    00000759 77               [ 8] 1908 	ld	(hl), a
                                   1909 ;src/main.c:442: set_bkg_tiles(slot_x[i], slot_y[i], 1u, 1u, &tile);
    0000075A 21r87r07         [12] 1910 	ld	hl, #_overlay_apartment_decor_slot_y_10000_417
    0000075D 06 00            [ 8] 1911 	ld	b, #0x00
    0000075F 09               [ 8] 1912 	add	hl, bc
    00000760 56               [ 8] 1913 	ld	d, (hl)
    00000761 21r84r07         [12] 1914 	ld	hl, #_overlay_apartment_decor_slot_x_10000_417
    00000764 06 00            [ 8] 1915 	ld	b, #0x00
    00000766 09               [ 8] 1916 	add	hl, bc
    00000767 7E               [ 8] 1917 	ld	a, (hl)
    00000768 21 00 00         [12] 1918 	ld	hl, #0
    0000076B 39               [ 8] 1919 	add	hl, sp
    0000076C E5               [16] 1920 	push	hl
    0000076D 26 01            [ 8] 1921 	ld	h, #0x01
    0000076F E5               [16] 1922 	push	hl
    00000770 33               [ 8] 1923 	inc	sp
    00000771 26 01            [ 8] 1924 	ld	h, #0x01
    00000773 6A               [ 4] 1925 	ld	l, d
    00000774 E5               [16] 1926 	push	hl
    00000775 F5               [16] 1927 	push	af
    00000776 33               [ 8] 1928 	inc	sp
    00000777 CDr00r00         [24] 1929 	call	_set_bkg_tiles
    0000077A E8 06            [16] 1930 	add	sp, #6
    0000077C                       1931 00105$:
                                   1932 ;src/main.c:439: for (i = 0u; i != 3u; ++i) {
    0000077C 0C               [ 4] 1933 	inc	c
    0000077D 79               [ 4] 1934 	ld	a, c
    0000077E D6 03            [ 8] 1935 	sub	a, #0x03
    00000780 20 C6            [12] 1936 	jr	NZ, 00104$
                                   1937 ;src/main.c:445: }
    00000782 33               [ 8] 1938 	inc	sp
    00000783 C9               [16] 1939 	ret
    00000784                       1940 _overlay_apartment_decor_slot_x_10000_417:
    00000784 05                    1941 	.db #0x05	; 5
    00000785 0A                    1942 	.db #0x0a	; 10
    00000786 0F                    1943 	.db #0x0f	; 15
    00000787                       1944 _overlay_apartment_decor_slot_y_10000_417:
    00000787 05                    1945 	.db #0x05	; 5
    00000788 05                    1946 	.db #0x05	; 5
    00000789 05                    1947 	.db #0x05	; 5
                                   1948 ;src/main.c:447: static const palette_color_t *current_room_palettes(void) {
                                   1949 ;	---------------------------------
                                   1950 ; Function current_room_palettes
                                   1951 ; ---------------------------------
    0000078A                       1952 _current_room_palettes:
                                   1953 ;src/main.c:448: switch (room_id) {
    0000078A 3E 06            [ 8] 1954 	ld	a, #0x06
    0000078C 21r02r00         [12] 1955 	ld	hl, #_room_id
    0000078F 96               [ 8] 1956 	sub	a, (hl)
    00000790 38 37            [12] 1957 	jr	C, 00108$
    00000792 4E               [ 8] 1958 	ld	c, (hl)
    00000793 06 00            [ 8] 1959 	ld	b, #0x00
    00000795 21r9Fr07         [12] 1960 	ld	hl, #00119$
    00000798 09               [ 8] 1961 	add	hl, bc
    00000799 09               [ 8] 1962 	add	hl, bc
    0000079A 4E               [ 8] 1963 	ld	c, (hl)
    0000079B 23               [ 8] 1964 	inc	hl
    0000079C 66               [ 8] 1965 	ld	h, (hl)
    0000079D 69               [ 4] 1966 	ld	l, c
    0000079E E9               [ 4] 1967 	jp	(hl)
    0000079F                       1968 00119$:
    0000079FrADr07                 1969 	.dw	00101$
    000007A1rB1r07                 1970 	.dw	00102$
    000007A3rB5r07                 1971 	.dw	00103$
    000007A5rB9r07                 1972 	.dw	00104$
    000007A7rBDr07                 1973 	.dw	00105$
    000007A9rC1r07                 1974 	.dw	00106$
    000007ABrC5r07                 1975 	.dw	00107$
                                   1976 ;src/main.c:449: case ROOM_DISTRICT: return luma_lane_district_v2_palettes;
    000007AD                       1977 00101$:
    000007AD 01r00r00         [12] 1978 	ld	bc, #_luma_lane_district_v2_palettes
    000007B0 C9               [16] 1979 	ret
                                   1980 ;src/main.c:450: case ROOM_APARTMENT: return luma_lane_apartment_palettes;
    000007B1                       1981 00102$:
    000007B1 01r00r00         [12] 1982 	ld	bc, #_luma_lane_apartment_palettes
    000007B4 C9               [16] 1983 	ret
                                   1984 ;src/main.c:451: case ROOM_RECORDS: return needle_and_neon_records_palettes;
    000007B5                       1985 00103$:
    000007B5 01r00r00         [12] 1986 	ld	bc, #_needle_and_neon_records_palettes
    000007B8 C9               [16] 1987 	ret
                                   1988 ;src/main.c:452: case ROOM_TECH: return rook_repair_tech_palettes;
    000007B9                       1989 00104$:
    000007B9 01r00r00         [12] 1990 	ld	bc, #_rook_repair_tech_palettes
    000007BC C9               [16] 1991 	ret
                                   1992 ;src/main.c:453: case ROOM_RAMEN: return soma_ramen_palettes;
    000007BD                       1993 00105$:
    000007BD 01r00r00         [12] 1994 	ld	bc, #_soma_ramen_palettes
    000007C0 C9               [16] 1995 	ret
                                   1996 ;src/main.c:454: case ROOM_ROOFTOP: return iona_rooftop_palettes;
    000007C1                       1997 00106$:
    000007C1 01r00r00         [12] 1998 	ld	bc, #_iona_rooftop_palettes
    000007C4 C9               [16] 1999 	ret
                                   2000 ;src/main.c:455: case ROOM_SOUTHLINE: return southline_overpass_palettes;
    000007C5                       2001 00107$:
    000007C5 01r00r00         [12] 2002 	ld	bc, #_southline_overpass_palettes
    000007C8 C9               [16] 2003 	ret
                                   2004 ;src/main.c:456: default: return 0;
    000007C9                       2005 00108$:
    000007C9 01 00 00         [12] 2006 	ld	bc, #0x0000
                                   2007 ;src/main.c:457: }
                                   2008 ;src/main.c:458: }
    000007CC C9               [16] 2009 	ret
                                   2010 ;src/main.c:460: static void render_banked_room(void) {
                                   2011 ;	---------------------------------
                                   2012 ; Function render_banked_room
                                   2013 ; ---------------------------------
    000007CD                       2014 _render_banked_room:
                                   2015 ;src/main.c:461: switch (room_id) {
    000007CD 3E 06            [ 8] 2016 	ld	a, #0x06
    000007CF 21r02r00         [12] 2017 	ld	hl, #_room_id
    000007D2 96               [ 8] 2018 	sub	a, (hl)
    000007D3 DAr86r08         [16] 2019 	jp	C, 00108$
    000007D6 4E               [ 8] 2020 	ld	c, (hl)
    000007D7 06 00            [ 8] 2021 	ld	b, #0x00
    000007D9 21rE3r07         [12] 2022 	ld	hl, #00119$
    000007DC 09               [ 8] 2023 	add	hl, bc
    000007DD 09               [ 8] 2024 	add	hl, bc
    000007DE 4E               [ 8] 2025 	ld	c, (hl)
    000007DF 23               [ 8] 2026 	inc	hl
    000007E0 66               [ 8] 2027 	ld	h, (hl)
    000007E1 69               [ 4] 2028 	ld	l, c
    000007E2 E9               [ 4] 2029 	jp	(hl)
    000007E3                       2030 00119$:
    000007E3rF1r07                 2031 	.dw	00101$
    000007E5r06r08                 2032 	.dw	00102$
    000007E7r1Dr08                 2033 	.dw	00103$
    000007E9r32r08                 2034 	.dw	00104$
    000007EBr47r08                 2035 	.dw	00105$
    000007EDr5Cr08                 2036 	.dw	00106$
    000007EFr71r08                 2037 	.dw	00107$
                                   2038 ;src/main.c:462: case ROOM_DISTRICT:
    000007F1                       2039 00101$:
                                   2040 ;src/main.c:468: BANK(luma_lane_district_v2)
    000007F1 06r00            [ 8] 2041 	ld	b, #<(___bank_luma_lane_district_v2)
                                   2042 ;src/main.c:467: luma_lane_district_v2_palettes,
                                   2043 ;src/main.c:466: luma_lane_district_v2_map,
                                   2044 ;src/main.c:464: luma_lane_district_v2_tiles,
    000007F3 C5               [16] 2045 	push	bc
    000007F4 33               [ 8] 2046 	inc	sp
    000007F5 11r00r00         [12] 2047 	ld	de, #_luma_lane_district_v2_palettes
    000007F8 D5               [16] 2048 	push	de
    000007F9 11r00r00         [12] 2049 	ld	de, #_luma_lane_district_v2_map
    000007FC D5               [16] 2050 	push	de
    000007FD 3E A2            [ 8] 2051 	ld	a, #0xa2
    000007FF 11r00r00         [12] 2052 	ld	de, #_luma_lane_district_v2_tiles
    00000802 CDr35r0A         [24] 2053 	call	_show_banked_image_card
                                   2054 ;src/main.c:470: break;
    00000805 C9               [16] 2055 	ret
                                   2056 ;src/main.c:471: case ROOM_APARTMENT:
    00000806                       2057 00102$:
                                   2058 ;src/main.c:477: BANK(luma_lane_apartment)
    00000806 06r00            [ 8] 2059 	ld	b, #<(___bank_luma_lane_apartment)
                                   2060 ;src/main.c:476: luma_lane_apartment_palettes,
                                   2061 ;src/main.c:475: luma_lane_apartment_map,
                                   2062 ;src/main.c:473: luma_lane_apartment_tiles,
    00000808 11r00r00         [12] 2063 	ld	de, #_luma_lane_apartment_tiles+0
    0000080B C5               [16] 2064 	push	bc
    0000080C 33               [ 8] 2065 	inc	sp
    0000080D 01r00r00         [12] 2066 	ld	bc, #_luma_lane_apartment_palettes
    00000810 C5               [16] 2067 	push	bc
    00000811 01r00r00         [12] 2068 	ld	bc, #_luma_lane_apartment_map
    00000814 C5               [16] 2069 	push	bc
    00000815 3E D8            [ 8] 2070 	ld	a, #0xd8
    00000817 CDr35r0A         [24] 2071 	call	_show_banked_image_card
                                   2072 ;src/main.c:479: overlay_apartment_decor();
                                   2073 ;src/main.c:480: break;
    0000081A C3r38r07         [16] 2074 	jp	_overlay_apartment_decor
                                   2075 ;src/main.c:481: case ROOM_RECORDS:
    0000081D                       2076 00103$:
                                   2077 ;src/main.c:487: BANK(needle_and_neon_records)
    0000081D 06r00            [ 8] 2078 	ld	b, #<(___bank_needle_and_neon_records)
                                   2079 ;src/main.c:486: needle_and_neon_records_palettes,
                                   2080 ;src/main.c:485: needle_and_neon_records_map,
                                   2081 ;src/main.c:483: needle_and_neon_records_tiles,
    0000081F C5               [16] 2082 	push	bc
    00000820 33               [ 8] 2083 	inc	sp
    00000821 11r00r00         [12] 2084 	ld	de, #_needle_and_neon_records_palettes
    00000824 D5               [16] 2085 	push	de
    00000825 11r00r00         [12] 2086 	ld	de, #_needle_and_neon_records_map
    00000828 D5               [16] 2087 	push	de
    00000829 3E 55            [ 8] 2088 	ld	a, #0x55
    0000082B 11r00r00         [12] 2089 	ld	de, #_needle_and_neon_records_tiles
    0000082E CDr35r0A         [24] 2090 	call	_show_banked_image_card
                                   2091 ;src/main.c:489: break;
    00000831 C9               [16] 2092 	ret
                                   2093 ;src/main.c:490: case ROOM_TECH:
    00000832                       2094 00104$:
                                   2095 ;src/main.c:496: BANK(rook_repair_tech)
    00000832 06r00            [ 8] 2096 	ld	b, #<(___bank_rook_repair_tech)
                                   2097 ;src/main.c:495: rook_repair_tech_palettes,
                                   2098 ;src/main.c:494: rook_repair_tech_map,
                                   2099 ;src/main.c:492: rook_repair_tech_tiles,
    00000834 C5               [16] 2100 	push	bc
    00000835 33               [ 8] 2101 	inc	sp
    00000836 11r00r00         [12] 2102 	ld	de, #_rook_repair_tech_palettes
    00000839 D5               [16] 2103 	push	de
    0000083A 11r00r00         [12] 2104 	ld	de, #_rook_repair_tech_map
    0000083D D5               [16] 2105 	push	de
    0000083E 3E 53            [ 8] 2106 	ld	a, #0x53
    00000840 11r00r00         [12] 2107 	ld	de, #_rook_repair_tech_tiles
    00000843 CDr35r0A         [24] 2108 	call	_show_banked_image_card
                                   2109 ;src/main.c:498: break;
    00000846 C9               [16] 2110 	ret
                                   2111 ;src/main.c:499: case ROOM_RAMEN:
    00000847                       2112 00105$:
                                   2113 ;src/main.c:505: BANK(soma_ramen)
    00000847 06r00            [ 8] 2114 	ld	b, #<(___bank_soma_ramen)
                                   2115 ;src/main.c:504: soma_ramen_palettes,
                                   2116 ;src/main.c:503: soma_ramen_map,
                                   2117 ;src/main.c:501: soma_ramen_tiles,
    00000849 C5               [16] 2118 	push	bc
    0000084A 33               [ 8] 2119 	inc	sp
    0000084B 11r00r00         [12] 2120 	ld	de, #_soma_ramen_palettes
    0000084E D5               [16] 2121 	push	de
    0000084F 11r00r00         [12] 2122 	ld	de, #_soma_ramen_map
    00000852 D5               [16] 2123 	push	de
    00000853 3E 4F            [ 8] 2124 	ld	a, #0x4f
    00000855 11r00r00         [12] 2125 	ld	de, #_soma_ramen_tiles
    00000858 CDr35r0A         [24] 2126 	call	_show_banked_image_card
                                   2127 ;src/main.c:507: break;
    0000085B C9               [16] 2128 	ret
                                   2129 ;src/main.c:508: case ROOM_ROOFTOP:
    0000085C                       2130 00106$:
                                   2131 ;src/main.c:514: BANK(iona_rooftop)
    0000085C 06r00            [ 8] 2132 	ld	b, #<(___bank_iona_rooftop)
                                   2133 ;src/main.c:513: iona_rooftop_palettes,
                                   2134 ;src/main.c:512: iona_rooftop_map,
                                   2135 ;src/main.c:510: iona_rooftop_tiles,
    0000085E C5               [16] 2136 	push	bc
    0000085F 33               [ 8] 2137 	inc	sp
    00000860 11r00r00         [12] 2138 	ld	de, #_iona_rooftop_palettes
    00000863 D5               [16] 2139 	push	de
    00000864 11r00r00         [12] 2140 	ld	de, #_iona_rooftop_map
    00000867 D5               [16] 2141 	push	de
    00000868 3E 44            [ 8] 2142 	ld	a, #0x44
    0000086A 11r00r00         [12] 2143 	ld	de, #_iona_rooftop_tiles
    0000086D CDr35r0A         [24] 2144 	call	_show_banked_image_card
                                   2145 ;src/main.c:516: break;
    00000870 C9               [16] 2146 	ret
                                   2147 ;src/main.c:517: case ROOM_SOUTHLINE:
    00000871                       2148 00107$:
                                   2149 ;src/main.c:523: BANK(southline_overpass)
    00000871 06r00            [ 8] 2150 	ld	b, #<(___bank_southline_overpass)
                                   2151 ;src/main.c:522: southline_overpass_palettes,
                                   2152 ;src/main.c:521: southline_overpass_map,
                                   2153 ;src/main.c:519: southline_overpass_tiles,
    00000873 C5               [16] 2154 	push	bc
    00000874 33               [ 8] 2155 	inc	sp
    00000875 11r00r00         [12] 2156 	ld	de, #_southline_overpass_palettes
    00000878 D5               [16] 2157 	push	de
    00000879 11r00r00         [12] 2158 	ld	de, #_southline_overpass_map
    0000087C D5               [16] 2159 	push	de
    0000087D 3E 61            [ 8] 2160 	ld	a, #0x61
    0000087F 11r00r00         [12] 2161 	ld	de, #_southline_overpass_tiles
    00000882 CDr35r0A         [24] 2162 	call	_show_banked_image_card
                                   2163 ;src/main.c:525: break;
    00000885 C9               [16] 2164 	ret
                                   2165 ;src/main.c:526: default:
    00000886                       2166 00108$:
                                   2167 ;src/main.c:527: set_bkg_data(0u, BG_TILE_COUNT, bg_tiles);
    00000886 11r00r00         [12] 2168 	ld	de, #_bg_tiles
    00000889 D5               [16] 2169 	push	de
    0000088A 21 00 20         [12] 2170 	ld	hl, #0x2000
    0000088D E5               [16] 2171 	push	hl
    0000088E CDr00r00         [24] 2172 	call	_set_bkg_data
    00000891 E8 04            [16] 2173 	add	sp, #4
                                   2174 ;src/main.c:528: set_bkg_tiles(0u, 0u, MAP_W, MAP_H, map_buffer);
    00000893 11r12r00         [12] 2175 	ld	de, #_map_buffer
    00000896 D5               [16] 2176 	push	de
    00000897 21 14 12         [12] 2177 	ld	hl, #0x1214
    0000089A E5               [16] 2178 	push	hl
    0000089B AF               [ 4] 2179 	xor	a, a
    0000089C 0F               [ 4] 2180 	rrca
    0000089D F5               [16] 2181 	push	af
    0000089E CDr00r00         [24] 2182 	call	_set_bkg_tiles
    000008A1 E8 06            [16] 2183 	add	sp, #6
                                   2184 ;src/main.c:530: }
                                   2185 ;src/main.c:531: }
    000008A3 C9               [16] 2186 	ret
                                   2187 ;src/main.c:533: static void render_room(void) {
                                   2188 ;	---------------------------------
                                   2189 ; Function render_room
                                   2190 ; ---------------------------------
    000008A4                       2191 _render_room:
                                   2192 ;src/main.c:536: begin_display_reload();
    000008A4 CDr9Dr01         [24] 2193 	call	_begin_display_reload
                                   2194 ;src/main.c:537: render_banked_room();
    000008A7 CDrCDr07         [24] 2195 	call	_render_banked_room
                                   2196 ;src/main.c:538: if (_cpu == CGB_TYPE) {
    000008AA FAr00r00         [16] 2197 	ld	a, (#__cpu)
    000008AD D6 11            [ 8] 2198 	sub	a, #0x11
    000008AF 20 23            [12] 2199 	jr	NZ, 00108$
                                   2200 ;src/main.c:539: palettes = current_room_palettes();
    000008B1 CDr8Ar07         [24] 2201 	call	_current_room_palettes
                                   2202 ;src/main.c:540: if (palettes != 0) {
    000008B4 78               [ 4] 2203 	ld	a, b
    000008B5 B1               [ 4] 2204 	or	a, c
    000008B6 28 1C            [12] 2205 	jr	Z, 00108$
                                   2206 ;src/main.c:541: if (room_id == ROOM_DISTRICT || room_id == ROOM_SOUTHLINE) {
    000008B8 21r02r00         [12] 2207 	ld	hl, #_room_id
    000008BB 7E               [ 8] 2208 	ld	a, (hl)
    000008BC B7               [ 4] 2209 	or	a, a
    000008BD 28 05            [12] 2210 	jr	Z, 00101$
    000008BF 7E               [ 8] 2211 	ld	a, (hl)
    000008C0 D6 06            [ 8] 2212 	sub	a, #0x06
    000008C2 20 07            [12] 2213 	jr	NZ, 00102$
    000008C4                       2214 00101$:
                                   2215 ;src/main.c:542: set_inverted_bkg_palette(palettes);
    000008C4 59               [ 4] 2216 	ld	e, c
    000008C5 50               [ 4] 2217 	ld	d, b
    000008C6 CDr55r01         [24] 2218 	call	_set_inverted_bkg_palette
    000008C9 18 09            [12] 2219 	jr	00108$
    000008CB                       2220 00102$:
                                   2221 ;src/main.c:544: set_bkg_palette(0u, 1u, palettes);
    000008CB C5               [16] 2222 	push	bc
    000008CC AF               [ 4] 2223 	xor	a, a
    000008CD 3C               [ 4] 2224 	inc	a
    000008CE F5               [16] 2225 	push	af
    000008CF CDr00r00         [24] 2226 	call	_set_bkg_palette
    000008D2 E8 04            [16] 2227 	add	sp, #4
    000008D4                       2228 00108$:
                                   2229 ;src/main.c:548: set_sprite_data(current_sprite_tile_base(), current_sprite_tile_count(), sprite_tiles);
    000008D4 CDr4Fr04         [24] 2230 	call	_current_sprite_tile_count
    000008D7 47               [ 4] 2231 	ld	b, a
    000008D8 C5               [16] 2232 	push	bc
    000008D9 CDrF7r03         [24] 2233 	call	_current_sprite_tile_base
    000008DC C1               [12] 2234 	pop	bc
    000008DD 11r00r00         [12] 2235 	ld	de, #_sprite_tiles
    000008E0 D5               [16] 2236 	push	de
    000008E1 C5               [16] 2237 	push	bc
    000008E2 33               [ 8] 2238 	inc	sp
    000008E3 F5               [16] 2239 	push	af
    000008E4 33               [ 8] 2240 	inc	sp
    000008E5 CDr00r00         [24] 2241 	call	_set_sprite_data
    000008E8 E8 04            [16] 2242 	add	sp, #4
                                   2243 ;src/main.c:549: apply_palette();
    000008EA CDrD6r01         [24] 2244 	call	_apply_palette
                                   2245 ;src/main.c:550: draw_world_sprites(tile_to_sprite_x(player_x), tile_to_sprite_y(player_y), 0u);
    000008ED FAr04r00         [16] 2246 	ld	a, (_player_y)
    000008F0 CDr17r02         [24] 2247 	call	_tile_to_sprite_y
    000008F3 5F               [ 4] 2248 	ld	e, a
    000008F4 D5               [16] 2249 	push	de
    000008F5 FAr03r00         [16] 2250 	ld	a, (_player_x)
    000008F8 CDr11r02         [24] 2251 	call	_tile_to_sprite_x
    000008FB D1               [12] 2252 	pop	de
    000008FC 26 00            [ 8] 2253 	ld	h, #0x00
    000008FE E5               [16] 2254 	push	hl
    000008FF 33               [ 8] 2255 	inc	sp
    00000900 CDrA3r05         [24] 2256 	call	_draw_world_sprites
                                   2257 ;src/main.c:551: dt_audio_sync(room_id);
    00000903 FAr02r00         [16] 2258 	ld	a, (_room_id)
    00000906 F5               [16] 2259 	push	af
    00000907 33               [ 8] 2260 	inc	sp
    00000908 1Er00            [ 8] 2261 	ld	e, #b_dt_audio_sync
    0000090A 21r00r00         [12] 2262 	ld	hl, #_dt_audio_sync
    0000090D CDr00r00         [24] 2263 	call	___sdcc_bcall_ehl
    00000910 33               [ 8] 2264 	inc	sp
                                   2265 ;src/main.c:552: finish_display_reload(1u);
    00000911 3E 01            [ 8] 2266 	ld	a, #0x01
                                   2267 ;src/main.c:553: }
    00000913 C3rB6r01         [16] 2268 	jp	_finish_display_reload
                                   2269 ;src/main.c:555: static void use_text_screen(void) {
                                   2270 ;	---------------------------------
                                   2271 ; Function use_text_screen
                                   2272 ; ---------------------------------
    00000916                       2273 _use_text_screen:
                                   2274 ;src/main.c:556: begin_display_reload();
    00000916 CDr9Dr01         [24] 2275 	call	_begin_display_reload
                                   2276 ;src/main.c:557: font_init();
    00000919 CDr00r00         [24] 2277 	call	_font_init
                                   2278 ;src/main.c:558: ui_font = font_load(font_ibm);
    0000091C 11r00r00         [12] 2279 	ld	de, #_font_ibm
    0000091F D5               [16] 2280 	push	de
    00000920 CDr00r00         [24] 2281 	call	_font_load
    00000923 E1               [12] 2282 	pop	hl
    00000924 21r00r00         [12] 2283 	ld	hl, #_ui_font
    00000927 7B               [ 4] 2284 	ld	a, e
    00000928 22               [ 8] 2285 	ld	(hl+), a
    00000929 72               [ 8] 2286 	ld	(hl), d
                                   2287 ;src/main.c:559: apply_palette();
    0000092A CDrD6r01         [24] 2288 	call	_apply_palette
                                   2289 ;src/main.c:560: font_set(ui_font);
    0000092D FAr00r00         [16] 2290 	ld	a, (_ui_font)
    00000930 5F               [ 4] 2291 	ld	e, a
    00000931 21r01r00         [12] 2292 	ld	hl, #_ui_font + 1
    00000934 56               [ 8] 2293 	ld	d, (hl)
    00000935 D5               [16] 2294 	push	de
    00000936 CDr00r00         [24] 2295 	call	_font_set
    00000939 E1               [12] 2296 	pop	hl
                                   2297 ;src/main.c:561: cls();
    0000093A CDr00r00         [24] 2298 	call	_cls
                                   2299 ;src/main.c:562: gotoxy(0u, 0u);
    0000093D AF               [ 4] 2300 	xor	a, a
    0000093E 0F               [ 4] 2301 	rrca
    0000093F F5               [16] 2302 	push	af
    00000940 CDr00r00         [24] 2303 	call	_gotoxy
    00000943 E1               [12] 2304 	pop	hl
                                   2305 ;src/main.c:563: finish_display_reload(0u);
    00000944 AF               [ 4] 2306 	xor	a, a
                                   2307 ;src/main.c:564: }
    00000945 C3rB6r01         [16] 2308 	jp	_finish_display_reload
                                   2309 ;src/main.c:566: static void draw_text(const char *text) {
                                   2310 ;	---------------------------------
                                   2311 ; Function draw_text
                                   2312 ; ---------------------------------
    00000948                       2313 _draw_text:
                                   2314 ;src/main.c:567: uint8_t x = posx();
    00000948 D5               [16] 2315 	push	de
    00000949 CDr00r00         [24] 2316 	call	_posx
    0000094C 43               [ 4] 2317 	ld	b, e
    0000094D D1               [12] 2318 	pop	de
                                   2319 ;src/main.c:568: uint8_t y = posy();
    0000094E C5               [16] 2320 	push	bc
    0000094F D5               [16] 2321 	push	de
    00000950 CDr00r00         [24] 2322 	call	_posy
    00000953 4B               [ 4] 2323 	ld	c, e
    00000954 D1               [12] 2324 	pop	de
    00000955 F1               [12] 2325 	pop	af
    00000956 47               [ 4] 2326 	ld	b, a
                                   2327 ;src/main.c:571: while ((c = *text++) != '\0') {
    00000957                       2328 00106$:
    00000957 1A               [ 8] 2329 	ld	a, (de)
    00000958 13               [ 8] 2330 	inc	de
    00000959 6F               [ 4] 2331 	ld	l, a
    0000095A B7               [ 4] 2332 	or	a, a
    0000095B 28 32            [12] 2333 	jr	Z, 00108$
                                   2334 ;src/main.c:574: ++y;
    0000095D 61               [ 4] 2335 	ld	h, c
    0000095E 24               [ 4] 2336 	inc	h
                                   2337 ;src/main.c:572: if (c == '\n') {
    0000095F 7D               [ 4] 2338 	ld	a, l
                                   2339 ;src/main.c:573: x = 0u;
    00000960 D6 0A            [ 8] 2340 	sub	a, #0x0a
    00000962 20 04            [12] 2341 	jr	NZ, 00104$
    00000964 47               [ 4] 2342 	ld	b, a
                                   2343 ;src/main.c:574: ++y;
    00000965 4C               [ 4] 2344 	ld	c, h
    00000966 18 EF            [12] 2345 	jr	00106$
    00000968                       2346 00104$:
                                   2347 ;src/main.c:576: gotoxy(x, y);
    00000968 E5               [16] 2348 	push	hl
    00000969 C5               [16] 2349 	push	bc
    0000096A D5               [16] 2350 	push	de
    0000096B 79               [ 4] 2351 	ld	a, c
    0000096C F5               [16] 2352 	push	af
    0000096D 33               [ 8] 2353 	inc	sp
    0000096E C5               [16] 2354 	push	bc
    0000096F 33               [ 8] 2355 	inc	sp
    00000970 CDr00r00         [24] 2356 	call	_gotoxy
    00000973 E1               [12] 2357 	pop	hl
    00000974 D1               [12] 2358 	pop	de
    00000975 C1               [12] 2359 	pop	bc
    00000976 E1               [12] 2360 	pop	hl
                                   2361 ;src/main.c:577: setchar(c);
    00000977 E5               [16] 2362 	push	hl
    00000978 C5               [16] 2363 	push	bc
    00000979 D5               [16] 2364 	push	de
    0000097A 7D               [ 4] 2365 	ld	a, l
    0000097B F5               [16] 2366 	push	af
    0000097C 33               [ 8] 2367 	inc	sp
    0000097D CDr00r00         [24] 2368 	call	_setchar
    00000980 33               [ 8] 2369 	inc	sp
    00000981 D1               [12] 2370 	pop	de
    00000982 C1               [12] 2371 	pop	bc
    00000983 E1               [12] 2372 	pop	hl
                                   2373 ;src/main.c:578: ++x;
    00000984 04               [ 4] 2374 	inc	b
                                   2375 ;src/main.c:579: if (x >= MAP_W) {
    00000985 78               [ 4] 2376 	ld	a, b
    00000986 D6 14            [ 8] 2377 	sub	a, #0x14
    00000988 38 CD            [12] 2378 	jr	C, 00106$
                                   2379 ;src/main.c:580: x = 0u;
    0000098A 06 00            [ 8] 2380 	ld	b, #0x00
                                   2381 ;src/main.c:581: ++y;
    0000098C 4C               [ 4] 2382 	ld	c, h
    0000098D 18 C8            [12] 2383 	jr	00106$
    0000098F                       2384 00108$:
                                   2385 ;src/main.c:585: gotoxy(x, y);
    0000098F 79               [ 4] 2386 	ld	a, c
    00000990 F5               [16] 2387 	push	af
    00000991 33               [ 8] 2388 	inc	sp
    00000992 C5               [16] 2389 	push	bc
    00000993 33               [ 8] 2390 	inc	sp
    00000994 CDr00r00         [24] 2391 	call	_gotoxy
    00000997 E1               [12] 2392 	pop	hl
                                   2393 ;src/main.c:586: }
    00000998 C9               [16] 2394 	ret
                                   2395 ;src/main.c:588: static void draw_text_xy(uint8_t x, uint8_t y, const char *text) {
                                   2396 ;	---------------------------------
                                   2397 ; Function draw_text_xy
                                   2398 ; ---------------------------------
    00000999                       2399 _draw_text_xy:
    00000999 43               [ 4] 2400 	ld	b, e
                                   2401 ;src/main.c:589: gotoxy(x, y);
    0000099A C5               [16] 2402 	push	bc
    0000099B 33               [ 8] 2403 	inc	sp
    0000099C F5               [16] 2404 	push	af
    0000099D 33               [ 8] 2405 	inc	sp
    0000099E CDr00r00         [24] 2406 	call	_gotoxy
    000009A1 E1               [12] 2407 	pop	hl
                                   2408 ;src/main.c:590: draw_text(text);
    000009A2 F8 02            [12] 2409 	ldhl	sp,	#2
    000009A4 2A               [ 8] 2410 	ld	a, (hl+)
    000009A5 5F               [ 4] 2411 	ld	e, a
    000009A6 56               [ 8] 2412 	ld	d, (hl)
    000009A7 CDr48r09         [24] 2413 	call	_draw_text
                                   2414 ;src/main.c:591: }
    000009AA E1               [12] 2415 	pop	hl
    000009AB F1               [12] 2416 	pop	af
    000009AC E9               [ 4] 2417 	jp	(hl)
                                   2418 ;src/main.c:593: static void draw_u8(uint8_t value) {
                                   2419 ;	---------------------------------
                                   2420 ; Function draw_u8
                                   2421 ; ---------------------------------
    000009AD                       2422 _draw_u8:
    000009AD 3B               [ 8] 2423 	dec	sp
                                   2424 ;src/main.c:594: uint8_t started = 0u;
    000009AE 0E 00            [ 8] 2425 	ld	c, #0x00
                                   2426 ;src/main.c:597: if (value >= 100u) {
    000009B0 FE 64            [ 8] 2427 	cp	a, #0x64
    000009B2 38 2F            [12] 2428 	jr	C, 00102$
                                   2429 ;src/main.c:598: digit = value / 100u;
    000009B4 F8 00            [12] 2430 	ldhl	sp,	#0
    000009B6 77               [ 8] 2431 	ld	(hl), a
    000009B7 1E 64            [ 8] 2432 	ld	e, #0x64
    000009B9 CDr00r00         [24] 2433 	call	__divuchar
    000009BC 79               [ 4] 2434 	ld	a, c
                                   2435 ;src/main.c:599: setchar((char)('0' + digit));
    000009BD C6 30            [ 8] 2436 	add	a, #0x30
    000009BF F5               [16] 2437 	push	af
    000009C0 33               [ 8] 2438 	inc	sp
    000009C1 CDr00r00         [24] 2439 	call	_setchar
    000009C4 33               [ 8] 2440 	inc	sp
                                   2441 ;src/main.c:600: gotoxy((uint8_t)(posx() + 1u), posy());
    000009C5 CDr00r00         [24] 2442 	call	_posy
    000009C8 43               [ 4] 2443 	ld	b, e
    000009C9 C5               [16] 2444 	push	bc
    000009CA CDr00r00         [24] 2445 	call	_posx
    000009CD 7B               [ 4] 2446 	ld	a, e
    000009CE C1               [12] 2447 	pop	bc
    000009CF 3C               [ 4] 2448 	inc	a
    000009D0 C5               [16] 2449 	push	bc
    000009D1 33               [ 8] 2450 	inc	sp
    000009D2 F5               [16] 2451 	push	af
    000009D3 33               [ 8] 2452 	inc	sp
    000009D4 CDr00r00         [24] 2453 	call	_gotoxy
    000009D7 E1               [12] 2454 	pop	hl
                                   2455 ;src/main.c:601: value %= 100u;
    000009D8 1E 64            [ 8] 2456 	ld	e, #0x64
    000009DA F8 00            [12] 2457 	ldhl	sp,	#0
    000009DC 7E               [ 8] 2458 	ld	a, (hl)
    000009DD CDr00r00         [24] 2459 	call	__moduchar
    000009E0 79               [ 4] 2460 	ld	a, c
                                   2461 ;src/main.c:602: started = 1u;
    000009E1 0E 01            [ 8] 2462 	ld	c, #0x01
    000009E3                       2463 00102$:
                                   2464 ;src/main.c:604: if (started || value >= 10u) {
    000009E3 0C               [ 4] 2465 	inc	c
    000009E4 0D               [ 4] 2466 	dec	c
    000009E5 20 04            [12] 2467 	jr	NZ, 00103$
    000009E7 FE 0A            [ 8] 2468 	cp	a, #0x0a
    000009E9 38 2D            [12] 2469 	jr	C, 00104$
    000009EB                       2470 00103$:
                                   2471 ;src/main.c:605: digit = value / 10u;
    000009EB F8 00            [12] 2472 	ldhl	sp,	#0
    000009ED 77               [ 8] 2473 	ld	(hl), a
    000009EE 1E 0A            [ 8] 2474 	ld	e, #0x0a
    000009F0 CDr00r00         [24] 2475 	call	__divuchar
    000009F3 79               [ 4] 2476 	ld	a, c
                                   2477 ;src/main.c:606: setchar((char)('0' + digit));
    000009F4 C6 30            [ 8] 2478 	add	a, #0x30
    000009F6 F5               [16] 2479 	push	af
    000009F7 33               [ 8] 2480 	inc	sp
    000009F8 CDr00r00         [24] 2481 	call	_setchar
    000009FB 33               [ 8] 2482 	inc	sp
                                   2483 ;src/main.c:607: gotoxy((uint8_t)(posx() + 1u), posy());
    000009FC CDr00r00         [24] 2484 	call	_posy
    000009FF 43               [ 4] 2485 	ld	b, e
    00000A00 C5               [16] 2486 	push	bc
    00000A01 CDr00r00         [24] 2487 	call	_posx
    00000A04 7B               [ 4] 2488 	ld	a, e
    00000A05 C1               [12] 2489 	pop	bc
    00000A06 3C               [ 4] 2490 	inc	a
    00000A07 C5               [16] 2491 	push	bc
    00000A08 33               [ 8] 2492 	inc	sp
    00000A09 F5               [16] 2493 	push	af
    00000A0A 33               [ 8] 2494 	inc	sp
    00000A0B CDr00r00         [24] 2495 	call	_gotoxy
    00000A0E E1               [12] 2496 	pop	hl
                                   2497 ;src/main.c:608: value %= 10u;
    00000A0F 1E 0A            [ 8] 2498 	ld	e, #0x0a
    00000A11 F8 00            [12] 2499 	ldhl	sp,	#0
    00000A13 7E               [ 8] 2500 	ld	a, (hl)
    00000A14 CDr00r00         [24] 2501 	call	__moduchar
    00000A17 79               [ 4] 2502 	ld	a, c
    00000A18                       2503 00104$:
                                   2504 ;src/main.c:610: setchar((char)('0' + value));
    00000A18 C6 30            [ 8] 2505 	add	a, #0x30
    00000A1A F5               [16] 2506 	push	af
    00000A1B 33               [ 8] 2507 	inc	sp
    00000A1C CDr00r00         [24] 2508 	call	_setchar
    00000A1F 33               [ 8] 2509 	inc	sp
                                   2510 ;src/main.c:611: gotoxy((uint8_t)(posx() + 1u), posy());
    00000A20 CDr00r00         [24] 2511 	call	_posy
    00000A23 43               [ 4] 2512 	ld	b, e
    00000A24 C5               [16] 2513 	push	bc
    00000A25 CDr00r00         [24] 2514 	call	_posx
    00000A28 7B               [ 4] 2515 	ld	a, e
    00000A29 C1               [12] 2516 	pop	bc
    00000A2A 3C               [ 4] 2517 	inc	a
    00000A2B C5               [16] 2518 	push	bc
    00000A2C 33               [ 8] 2519 	inc	sp
    00000A2D F5               [16] 2520 	push	af
    00000A2E 33               [ 8] 2521 	inc	sp
    00000A2F CDr00r00         [24] 2522 	call	_gotoxy
    00000A32 E1               [12] 2523 	pop	hl
                                   2524 ;src/main.c:612: }
    00000A33 33               [ 8] 2525 	inc	sp
    00000A34 C9               [16] 2526 	ret
                                   2527 ;src/main.c:614: static void show_banked_image_card(const uint8_t *tiles, uint8_t tile_count, const unsigned char *map, const palette_color_t *palettes, uint8_t bank) {
                                   2528 ;	---------------------------------
                                   2529 ; Function show_banked_image_card
                                   2530 ; ---------------------------------
    00000A35                       2531 _show_banked_image_card:
    00000A35 3B               [ 8] 2532 	dec	sp
    00000A36 F8 00            [12] 2533 	ldhl	sp,	#0
    00000A38 77               [ 8] 2534 	ld	(hl), a
                                   2535 ;src/main.c:615: uint8_t old_bank = CURRENT_BANK;
    00000A39 F0r00            [12] 2536 	ldh	a, (__current_bank + 0)
    00000A3B 4F               [ 4] 2537 	ld	c, a
                                   2538 ;src/main.c:617: if (bank != old_bank) {
    00000A3C F8 07            [12] 2539 	ldhl	sp,	#7
    00000A3E 7E               [ 8] 2540 	ld	a, (hl)
    00000A3F 91               [ 4] 2541 	sub	a, c
    00000A40 3E 01            [ 8] 2542 	ld	a, #0x01
    00000A42 28 01            [12] 2543 	jr	Z, 00132$
    00000A44 AF               [ 4] 2544 	xor	a, a
    00000A45                       2545 00132$:
    00000A45 47               [ 4] 2546 	ld	b, a
    00000A46 CB 40            [ 8] 2547 	bit	0, b
    00000A48 20 08            [12] 2548 	jr	NZ, 00102$
                                   2549 ;src/main.c:618: SWITCH_ROM(bank);
    00000A4A F8 07            [12] 2550 	ldhl	sp,	#7
    00000A4C 7E               [ 8] 2551 	ld	a, (hl)
    00000A4D E0r00            [12] 2552 	ldh	(__current_bank + 0), a
    00000A4F EAr00r00         [16] 2553 	ld	(#_rROMB0),a
    00000A52                       2554 00102$:
                                   2555 ;src/main.c:620: set_bkg_data(0u, tile_count, tiles);
    00000A52 D5               [16] 2556 	push	de
    00000A53 F8 02            [12] 2557 	ldhl	sp,	#2
    00000A55 66               [ 8] 2558 	ld	h, (hl)
    00000A56 2E 00            [ 8] 2559 	ld	l, #0x00
    00000A58 E5               [16] 2560 	push	hl
    00000A59 CDr00r00         [24] 2561 	call	_set_bkg_data
    00000A5C E8 04            [16] 2562 	add	sp, #4
                                   2563 ;src/main.c:621: set_bkg_tiles(0u, 0u, MAP_W, MAP_H, map);
    00000A5E F8 03            [12] 2564 	ldhl	sp,	#3
    00000A60 2A               [ 8] 2565 	ld	a, (hl+)
    00000A61 5F               [ 4] 2566 	ld	e, a
    00000A62 56               [ 8] 2567 	ld	d, (hl)
    00000A63 D5               [16] 2568 	push	de
    00000A64 21 14 12         [12] 2569 	ld	hl, #0x1214
    00000A67 E5               [16] 2570 	push	hl
    00000A68 AF               [ 4] 2571 	xor	a, a
    00000A69 0F               [ 4] 2572 	rrca
    00000A6A F5               [16] 2573 	push	af
    00000A6B CDr00r00         [24] 2574 	call	_set_bkg_tiles
    00000A6E E8 06            [16] 2575 	add	sp, #6
                                   2576 ;src/main.c:622: if (_cpu == CGB_TYPE) {
    00000A70 FAr00r00         [16] 2577 	ld	a, (#__cpu)
    00000A73 D6 11            [ 8] 2578 	sub	a, #0x11
    00000A75 20 12            [12] 2579 	jr	NZ, 00104$
                                   2580 ;src/main.c:623: set_bkg_palette(0u, 1u, palettes);
    00000A77 C5               [16] 2581 	push	bc
    00000A78 F8 07            [12] 2582 	ldhl	sp,	#7
    00000A7A 2A               [ 8] 2583 	ld	a, (hl+)
    00000A7B 5F               [ 4] 2584 	ld	e, a
    00000A7C 56               [ 8] 2585 	ld	d, (hl)
    00000A7D D5               [16] 2586 	push	de
    00000A7E AF               [ 4] 2587 	xor	a, a
    00000A7F 3C               [ 4] 2588 	inc	a
    00000A80 F5               [16] 2589 	push	af
    00000A81 CDr00r00         [24] 2590 	call	_set_bkg_palette
    00000A84 E8 04            [16] 2591 	add	sp, #4
    00000A86 C1               [12] 2592 	pop	bc
    00000A87 18 04            [12] 2593 	jr	00105$
    00000A89                       2594 00104$:
                                   2595 ;src/main.c:625: BGP_REG = 0xE4u;
    00000A89 3E E4            [ 8] 2596 	ld	a, #0xe4
    00000A8B E0r00            [12] 2597 	ldh	(_BGP_REG + 0), a
    00000A8D                       2598 00105$:
                                   2599 ;src/main.c:627: if (bank != old_bank) {
    00000A8D CB 40            [ 8] 2600 	bit	0, b
    00000A8F 20 07            [12] 2601 	jr	NZ, 00108$
                                   2602 ;src/main.c:628: SWITCH_ROM(old_bank);
    00000A91 79               [ 4] 2603 	ld	a, c
    00000A92 E0r00            [12] 2604 	ldh	(__current_bank + 0), a
    00000A94 21r00r00         [12] 2605 	ld	hl, #_rROMB0
    00000A97 71               [ 8] 2606 	ld	(hl), c
    00000A98                       2607 00108$:
                                   2608 ;src/main.c:630: }
    00000A98 33               [ 8] 2609 	inc	sp
    00000A99 E1               [12] 2610 	pop	hl
    00000A9A E8 05            [16] 2611 	add	sp, #5
    00000A9C E9               [ 4] 2612 	jp	(hl)
                                   2613 ;src/main.c:632: static uint8_t wait_card_input(uint8_t accept_start_only) {
                                   2614 ;	---------------------------------
                                   2615 ; Function wait_card_input
                                   2616 ; ---------------------------------
    00000A9D                       2617 _wait_card_input:
    00000A9D 4F               [ 4] 2618 	ld	c, a
                                   2619 ;src/main.c:633: uint8_t keys = joypad();
    00000A9E CDr00r00         [24] 2620 	call	_joypad
                                   2621 ;src/main.c:636: return (keys & J_START) != 0u;
    00000AA1 47               [ 4] 2622 	ld	b, a
    00000AA2 E6 80            [ 8] 2623 	and	a, #0x80
                                   2624 ;src/main.c:635: if (accept_start_only) {
    00000AA4 0C               [ 4] 2625 	inc	c
    00000AA5 0D               [ 4] 2626 	dec	c
    00000AA6 28 08            [12] 2627 	jr	Z, 00102$
                                   2628 ;src/main.c:636: return (keys & J_START) != 0u;
    00000AA8 D6 01            [ 8] 2629 	sub	a, #0x01
    00000AAA 3E 00            [ 8] 2630 	ld	a, #0x00
    00000AAC 17               [ 4] 2631 	rla
    00000AAD EE 01            [ 8] 2632 	xor	a, #0x01
    00000AAF C9               [16] 2633 	ret
    00000AB0                       2634 00102$:
                                   2635 ;src/main.c:638: return ((keys & J_START) != 0u) || ((keys & J_A) != 0u) || ((keys & J_B) != 0u);
    00000AB0 B7               [ 4] 2636 	or	a, a
    00000AB1 20 0A            [12] 2637 	jr	NZ, 00106$
    00000AB3 CB 60            [ 8] 2638 	bit	4, b
    00000AB5 20 06            [12] 2639 	jr	NZ, 00106$
    00000AB7 CB 68            [ 8] 2640 	bit	5, b
    00000AB9 20 02            [12] 2641 	jr	NZ, 00106$
    00000ABB AF               [ 4] 2642 	xor	a, a
    00000ABC C9               [16] 2643 	ret
    00000ABD                       2644 00106$:
    00000ABD 3E 01            [ 8] 2645 	ld	a, #0x01
                                   2646 ;src/main.c:639: }
    00000ABF C9               [16] 2647 	ret
                                   2648 ;src/main.c:641: static void show_company_card(void) {
                                   2649 ;	---------------------------------
                                   2650 ; Function show_company_card
                                   2651 ; ---------------------------------
    00000AC0                       2652 _show_company_card:
                                   2653 ;src/main.c:644: begin_display_reload();
    00000AC0 CDr9Dr01         [24] 2654 	call	_begin_display_reload
                                   2655 ;src/main.c:650: BANK(startup_scott_stinks_a)
    00000AC3 06r00            [ 8] 2656 	ld	b, #<(___bank_startup_scott_stinks_a)
                                   2657 ;src/main.c:649: startup_scott_stinks_a_palettes,
                                   2658 ;src/main.c:648: startup_scott_stinks_a_map,
                                   2659 ;src/main.c:646: startup_scott_stinks_a_tiles,
    00000AC5 C5               [16] 2660 	push	bc
    00000AC6 33               [ 8] 2661 	inc	sp
    00000AC7 11r00r00         [12] 2662 	ld	de, #_startup_scott_stinks_a_palettes
    00000ACA D5               [16] 2663 	push	de
    00000ACB 11r00r00         [12] 2664 	ld	de, #_startup_scott_stinks_a_map
    00000ACE D5               [16] 2665 	push	de
    00000ACF 3E 40            [ 8] 2666 	ld	a, #0x40
    00000AD1 11r00r00         [12] 2667 	ld	de, #_startup_scott_stinks_a_tiles
    00000AD4 CDr35r0A         [24] 2668 	call	_show_banked_image_card
                                   2669 ;src/main.c:652: finish_display_reload(0u);
    00000AD7 AF               [ 4] 2670 	xor	a, a
    00000AD8 CDrB6r01         [24] 2671 	call	_finish_display_reload
                                   2672 ;src/main.c:653: dt_audio_play_sfx(SFX_FART);
    00000ADB 3E 05            [ 8] 2673 	ld	a, #0x05
    00000ADD F5               [16] 2674 	push	af
    00000ADE 33               [ 8] 2675 	inc	sp
    00000ADF 1Er00            [ 8] 2676 	ld	e, #b_dt_audio_play_sfx
    00000AE1 21r00r00         [12] 2677 	ld	hl, #_dt_audio_play_sfx
    00000AE4 CDr00r00         [24] 2678 	call	___sdcc_bcall_ehl
    00000AE7 33               [ 8] 2679 	inc	sp
                                   2680 ;src/main.c:655: for (frame = 0u; frame != 84u; ++frame) {
    00000AE8 0E 00            [ 8] 2681 	ld	c, #0x00
    00000AEA                       2682 00105$:
                                   2683 ;src/main.c:656: if (_cpu != CGB_TYPE) {
    00000AEA FAr00r00         [16] 2684 	ld	a, (#__cpu)
    00000AED D6 11            [ 8] 2685 	sub	a, #0x11
    00000AEF 28 0C            [12] 2686 	jr	Z, 00102$
                                   2687 ;src/main.c:657: BGP_REG = ((frame & 0x08u) == 0u) ? 0xE4u : 0xD2u;
    00000AF1 CB 59            [ 8] 2688 	bit	3, c
    00000AF3 3E E4            [ 8] 2689 	ld	a, #0xe4
    00000AF5 28 02            [12] 2690 	jr	Z, 00110$
    00000AF7 3E D2            [ 8] 2691 	ld	a, #0xd2
    00000AF9                       2692 00110$:
    00000AF9 E0r00            [12] 2693 	ldh	(_BGP_REG + 0), a
    00000AFB 18 0E            [12] 2694 	jr	00103$
    00000AFD                       2695 00102$:
                                   2696 ;src/main.c:659: set_bkg_palette(0u, 1u, startup_scott_stinks_a_palettes);
    00000AFD C5               [16] 2697 	push	bc
    00000AFE 11r00r00         [12] 2698 	ld	de, #_startup_scott_stinks_a_palettes
    00000B01 D5               [16] 2699 	push	de
    00000B02 AF               [ 4] 2700 	xor	a, a
    00000B03 3C               [ 4] 2701 	inc	a
    00000B04 F5               [16] 2702 	push	af
    00000B05 CDr00r00         [24] 2703 	call	_set_bkg_palette
    00000B08 E8 04            [16] 2704 	add	sp, #4
    00000B0A C1               [12] 2705 	pop	bc
    00000B0B                       2706 00103$:
                                   2707 ;src/main.c:661: vsync();
    00000B0B CDr00r00         [24] 2708 	call	_vsync
                                   2709 ;src/main.c:662: dt_audio_update();
    00000B0E C5               [16] 2710 	push	bc
    00000B0F 1Er00            [ 8] 2711 	ld	e, #b_dt_audio_update
    00000B11 21r00r00         [12] 2712 	ld	hl, #_dt_audio_update
    00000B14 CDr00r00         [24] 2713 	call	___sdcc_bcall_ehl
    00000B17 C1               [12] 2714 	pop	bc
                                   2715 ;src/main.c:663: ++frame_clock;
    00000B18 21r11r00         [12] 2716 	ld	hl, #_frame_clock
    00000B1B 34               [12] 2717 	inc	(hl)
                                   2718 ;src/main.c:655: for (frame = 0u; frame != 84u; ++frame) {
    00000B1C 0C               [ 4] 2719 	inc	c
    00000B1D 79               [ 4] 2720 	ld	a, c
    00000B1E D6 54            [ 8] 2721 	sub	a, #0x54
    00000B20 20 C8            [12] 2722 	jr	NZ, 00105$
                                   2723 ;src/main.c:665: }
    00000B22 C9               [16] 2724 	ret
                                   2725 ;src/main.c:667: static void show_bimpson_card(void) {
                                   2726 ;	---------------------------------
                                   2727 ; Function show_bimpson_card
                                   2728 ; ---------------------------------
    00000B23                       2729 _show_bimpson_card:
                                   2730 ;src/main.c:670: begin_display_reload();
    00000B23 CDr9Dr01         [24] 2731 	call	_begin_display_reload
                                   2732 ;src/main.c:676: BANK(startup_bimpson_productions_a)
    00000B26 06r00            [ 8] 2733 	ld	b, #<(___bank_startup_bimpson_productions_a)
                                   2734 ;src/main.c:675: startup_bimpson_productions_a_palettes,
                                   2735 ;src/main.c:674: startup_bimpson_productions_a_map,
                                   2736 ;src/main.c:672: startup_bimpson_productions_a_tiles,
    00000B28 C5               [16] 2737 	push	bc
    00000B29 33               [ 8] 2738 	inc	sp
    00000B2A 11r00r00         [12] 2739 	ld	de, #_startup_bimpson_productions_a_palettes
    00000B2D D5               [16] 2740 	push	de
    00000B2E 11r00r00         [12] 2741 	ld	de, #_startup_bimpson_productions_a_map
    00000B31 D5               [16] 2742 	push	de
    00000B32 3E 75            [ 8] 2743 	ld	a, #0x75
    00000B34 11r00r00         [12] 2744 	ld	de, #_startup_bimpson_productions_a_tiles
    00000B37 CDr35r0A         [24] 2745 	call	_show_banked_image_card
                                   2746 ;src/main.c:678: finish_display_reload(0u);
    00000B3A AF               [ 4] 2747 	xor	a, a
    00000B3B CDrB6r01         [24] 2748 	call	_finish_display_reload
                                   2749 ;src/main.c:680: for (frame = 0u; frame != 72u; ++frame) {
    00000B3E 0E 00            [ 8] 2750 	ld	c, #0x00
    00000B40                       2751 00105$:
                                   2752 ;src/main.c:681: if (_cpu != CGB_TYPE) {
    00000B40 FAr00r00         [16] 2753 	ld	a, (#__cpu)
    00000B43 D6 11            [ 8] 2754 	sub	a, #0x11
    00000B45 28 0C            [12] 2755 	jr	Z, 00102$
                                   2756 ;src/main.c:682: BGP_REG = ((frame & 0x10u) == 0u) ? 0xE4u : 0xD8u;
    00000B47 CB 61            [ 8] 2757 	bit	4, c
    00000B49 3E E4            [ 8] 2758 	ld	a, #0xe4
    00000B4B 28 02            [12] 2759 	jr	Z, 00110$
    00000B4D 3E D8            [ 8] 2760 	ld	a, #0xd8
    00000B4F                       2761 00110$:
    00000B4F E0r00            [12] 2762 	ldh	(_BGP_REG + 0), a
    00000B51 18 0E            [12] 2763 	jr	00103$
    00000B53                       2764 00102$:
                                   2765 ;src/main.c:684: set_bkg_palette(0u, 1u, startup_bimpson_productions_a_palettes);
    00000B53 C5               [16] 2766 	push	bc
    00000B54 11r00r00         [12] 2767 	ld	de, #_startup_bimpson_productions_a_palettes
    00000B57 D5               [16] 2768 	push	de
    00000B58 AF               [ 4] 2769 	xor	a, a
    00000B59 3C               [ 4] 2770 	inc	a
    00000B5A F5               [16] 2771 	push	af
    00000B5B CDr00r00         [24] 2772 	call	_set_bkg_palette
    00000B5E E8 04            [16] 2773 	add	sp, #4
    00000B60 C1               [12] 2774 	pop	bc
    00000B61                       2775 00103$:
                                   2776 ;src/main.c:686: vsync();
    00000B61 CDr00r00         [24] 2777 	call	_vsync
                                   2778 ;src/main.c:687: dt_audio_update();
    00000B64 C5               [16] 2779 	push	bc
    00000B65 1Er00            [ 8] 2780 	ld	e, #b_dt_audio_update
    00000B67 21r00r00         [12] 2781 	ld	hl, #_dt_audio_update
    00000B6A CDr00r00         [24] 2782 	call	___sdcc_bcall_ehl
    00000B6D C1               [12] 2783 	pop	bc
                                   2784 ;src/main.c:688: ++frame_clock;
    00000B6E 21r11r00         [12] 2785 	ld	hl, #_frame_clock
    00000B71 34               [12] 2786 	inc	(hl)
                                   2787 ;src/main.c:680: for (frame = 0u; frame != 72u; ++frame) {
    00000B72 0C               [ 4] 2788 	inc	c
    00000B73 79               [ 4] 2789 	ld	a, c
    00000B74 D6 48            [ 8] 2790 	sub	a, #0x48
    00000B76 20 C8            [12] 2791 	jr	NZ, 00105$
                                   2792 ;src/main.c:690: }
    00000B78 C9               [16] 2793 	ret
                                   2794 ;src/main.c:692: static void print_footer(const char *footer) {
                                   2795 ;	---------------------------------
                                   2796 ; Function print_footer
                                   2797 ; ---------------------------------
    00000B79                       2798 _print_footer:
                                   2799 ;src/main.c:693: draw_text_xy(0u, 16u, "--------------------");
    00000B79 D5               [16] 2800 	push	de
    00000B7A 01r95r0B         [12] 2801 	ld	bc, #___str_0
    00000B7D C5               [16] 2802 	push	bc
    00000B7E 1E 10            [ 8] 2803 	ld	e, #0x10
    00000B80 AF               [ 4] 2804 	xor	a, a
    00000B81 CDr99r09         [24] 2805 	call	_draw_text_xy
                                   2806 ;src/main.c:694: draw_text_xy(0u, 17u, "                    ");
    00000B84 01rAAr0B         [12] 2807 	ld	bc, #___str_1
    00000B87 C5               [16] 2808 	push	bc
    00000B88 1E 11            [ 8] 2809 	ld	e, #0x11
    00000B8A AF               [ 4] 2810 	xor	a, a
    00000B8B CDr99r09         [24] 2811 	call	_draw_text_xy
                                   2812 ;src/main.c:695: draw_text_xy(0u, 17u, footer);
    00000B8E 1E 11            [ 8] 2813 	ld	e, #0x11
    00000B90 AF               [ 4] 2814 	xor	a, a
    00000B91 CDr99r09         [24] 2815 	call	_draw_text_xy
                                   2816 ;src/main.c:696: }
    00000B94 C9               [16] 2817 	ret
    00000B95                       2818 ___str_0:
    00000B95 2D 2D 2D 2D 2D 2D 2D  2819 	.ascii "--------------------"
             2D 2D 2D 2D 2D 2D 2D
             2D 2D 2D 2D 2D 2D
    00000BA9 00                    2820 	.db 0x00
    00000BAA                       2821 ___str_1:
    00000BAA 20 20 20 20 20 20 20  2822 	.ascii "                    "
             20 20 20 20 20 20 20
             20 20 20 20 20 20
    00000BBE 00                    2823 	.db 0x00
                                   2824 ;src/main.c:698: void show_message(const char *title, const char *body, const char *footer) {
                                   2825 ;	---------------------------------
                                   2826 ; Function show_message
                                   2827 ; ---------------------------------
    00000BBF                       2828 _show_message::
    00000BBF 3B               [ 8] 2829 	dec	sp
                                   2830 ;src/main.c:700: uint8_t last = 0u;
    00000BC0 F8 00            [12] 2831 	ldhl	sp,	#0
    00000BC2 36 00            [12] 2832 	ld	(hl), #0x00
                                   2833 ;src/main.c:702: use_text_screen();
    00000BC4 C5               [16] 2834 	push	bc
    00000BC5 D5               [16] 2835 	push	de
    00000BC6 CDr16r09         [24] 2836 	call	_use_text_screen
    00000BC9 D1               [12] 2837 	pop	de
                                   2838 ;src/main.c:703: draw_text(title);
    00000BCA CDr48r09         [24] 2839 	call	_draw_text
                                   2840 ;src/main.c:704: draw_text("\n\n");
    00000BCD 11r25r0C         [12] 2841 	ld	de, #___str_2
    00000BD0 CDr48r09         [24] 2842 	call	_draw_text
                                   2843 ;src/main.c:705: draw_text(body);
    00000BD3 D1               [12] 2844 	pop	de
    00000BD4 CDr48r09         [24] 2845 	call	_draw_text
                                   2846 ;src/main.c:706: print_footer(footer);
    00000BD7 F8 03            [12] 2847 	ldhl	sp,	#3
    00000BD9 2A               [ 8] 2848 	ld	a, (hl+)
    00000BDA 5F               [ 4] 2849 	ld	e, a
    00000BDB 56               [ 8] 2850 	ld	d, (hl)
    00000BDC CDr79r0B         [24] 2851 	call	_print_footer
                                   2852 ;src/main.c:708: while (1) {
    00000BDF                       2853 00109$:
                                   2854 ;src/main.c:709: vsync();
    00000BDF CDr00r00         [24] 2855 	call	_vsync
                                   2856 ;src/main.c:710: dt_audio_update();
    00000BE2 1Er00            [ 8] 2857 	ld	e, #b_dt_audio_update
    00000BE4 21r00r00         [12] 2858 	ld	hl, #_dt_audio_update
    00000BE7 CDr00r00         [24] 2859 	call	___sdcc_bcall_ehl
                                   2860 ;src/main.c:711: keys = joypad();
    00000BEA CDr00r00         [24] 2861 	call	_joypad
                                   2862 ;src/main.c:712: if (((keys & J_A) && !(last & J_A)) ||
    00000BED CB 67            [ 8] 2863 	bit	4, a
    00000BEF 28 08            [12] 2864 	jr	Z, 00105$
    00000BF1 E5               [16] 2865 	push	hl
    00000BF2 F8 02            [12] 2866 	ldhl	sp,	#2
    00000BF4 CB 66            [12] 2867 	bit	4, (hl)
    00000BF6 E1               [12] 2868 	pop	hl
    00000BF7 28 18            [12] 2869 	jr	Z, 00101$
    00000BF9                       2870 00105$:
                                   2871 ;src/main.c:713: ((keys & J_B) && !(last & J_B)) ||
    00000BF9 CB 6F            [ 8] 2872 	bit	5, a
    00000BFB 28 08            [12] 2873 	jr	Z, 00107$
    00000BFD E5               [16] 2874 	push	hl
    00000BFE F8 02            [12] 2875 	ldhl	sp,	#2
    00000C00 CB 6E            [12] 2876 	bit	5, (hl)
    00000C02 E1               [12] 2877 	pop	hl
    00000C03 28 0C            [12] 2878 	jr	Z, 00101$
    00000C05                       2879 00107$:
                                   2880 ;src/main.c:714: ((keys & J_START) && !(last & J_START))) {
    00000C05 CB 7F            [ 8] 2881 	bit	7, a
    00000C07 28 0D            [12] 2882 	jr	Z, 00102$
    00000C09 E5               [16] 2883 	push	hl
    00000C0A F8 02            [12] 2884 	ldhl	sp,	#2
    00000C0C CB 7E            [12] 2885 	bit	7, (hl)
    00000C0E E1               [12] 2886 	pop	hl
    00000C0F 20 05            [12] 2887 	jr	NZ, 00102$
    00000C11                       2888 00101$:
                                   2889 ;src/main.c:715: waitpadup();
    00000C11 CDr00r00         [24] 2890 	call	_waitpadup
                                   2891 ;src/main.c:716: break;
    00000C14 18 05            [12] 2892 	jr	00110$
    00000C16                       2893 00102$:
                                   2894 ;src/main.c:718: last = keys;
    00000C16 F8 00            [12] 2895 	ldhl	sp,	#0
    00000C18 77               [ 8] 2896 	ld	(hl), a
    00000C19 18 C4            [12] 2897 	jr	00109$
    00000C1B                       2898 00110$:
                                   2899 ;src/main.c:721: load_room();
    00000C1B CDr87r06         [24] 2900 	call	_load_room
                                   2901 ;src/main.c:722: render_room();
    00000C1E CDrA4r08         [24] 2902 	call	_render_room
                                   2903 ;src/main.c:723: }
    00000C21 33               [ 8] 2904 	inc	sp
    00000C22 E1               [12] 2905 	pop	hl
    00000C23 F1               [12] 2906 	pop	af
    00000C24 E9               [ 4] 2907 	jp	(hl)
    00000C25                       2908 ___str_2:
    00000C25 0A                    2909 	.db 0x0a
    00000C26 0A                    2910 	.db 0x0a
    00000C27 00                    2911 	.db 0x00
                                   2912 ;src/main.c:725: uint8_t menu_screen(const char *title, const char *subtitle, const char *const *items, uint8_t count, uint8_t selected) {
                                   2913 ;	---------------------------------
                                   2914 ; Function menu_screen
                                   2915 ; ---------------------------------
    00000C28                       2916 _menu_screen::
    00000C28 E8 F9            [16] 2917 	add	sp, #-7
    00000C2A F8 04            [12] 2918 	ldhl	sp,	#4
    00000C2C 7B               [ 4] 2919 	ld	a, e
    00000C2D 22               [ 8] 2920 	ld	(hl+), a
    00000C2E 72               [ 8] 2921 	ld	(hl), d
    00000C2F F8 02            [12] 2922 	ldhl	sp,	#2
    00000C31 79               [ 4] 2923 	ld	a, c
    00000C32 22               [ 8] 2924 	ld	(hl+), a
    00000C33 70               [ 8] 2925 	ld	(hl), b
                                   2926 ;src/main.c:728: uint8_t last = 0u;
    00000C34 F8 00            [12] 2927 	ldhl	sp,	#0
    00000C36 36 00            [12] 2928 	ld	(hl), #0x00
                                   2929 ;src/main.c:730: while (1) {
    00000C38 F8 0B            [12] 2930 	ldhl	sp,	#11
    00000C3A 7E               [ 8] 2931 	ld	a, (hl)
    00000C3B 3D               [ 4] 2932 	dec	a
    00000C3C F8 01            [12] 2933 	ldhl	sp,	#1
    00000C3E 77               [ 8] 2934 	ld	(hl), a
    00000C3F                       2935 00118$:
                                   2936 ;src/main.c:731: use_text_screen();
    00000C3F CDr16r09         [24] 2937 	call	_use_text_screen
                                   2938 ;src/main.c:732: draw_text(title);
    00000C42 F8 04            [12] 2939 	ldhl	sp,	#4
    00000C44 2A               [ 8] 2940 	ld	a, (hl+)
    00000C45 5F               [ 4] 2941 	ld	e, a
    00000C46 56               [ 8] 2942 	ld	d, (hl)
    00000C47 CDr48r09         [24] 2943 	call	_draw_text
                                   2944 ;src/main.c:733: draw_text("\n");
    00000C4A 11r6Br0D         [12] 2945 	ld	de, #___str_3
    00000C4D CDr48r09         [24] 2946 	call	_draw_text
                                   2947 ;src/main.c:734: draw_text(subtitle);
    00000C50 F8 02            [12] 2948 	ldhl	sp,	#2
    00000C52 2A               [ 8] 2949 	ld	a, (hl+)
    00000C53 5F               [ 4] 2950 	ld	e, a
    00000C54 56               [ 8] 2951 	ld	d, (hl)
    00000C55 CDr48r09         [24] 2952 	call	_draw_text
                                   2953 ;src/main.c:735: draw_text("\n\n");
    00000C58 11r6Dr0D         [12] 2954 	ld	de, #___str_4
    00000C5B CDr48r09         [24] 2955 	call	_draw_text
                                   2956 ;src/main.c:736: for (i = 0u; i != count; ++i) {
    00000C5E F8 06            [12] 2957 	ldhl	sp,	#6
    00000C60 36 00            [12] 2958 	ld	(hl), #0x00
    00000C62                       2959 00121$:
    00000C62 F8 0B            [12] 2960 	ldhl	sp,	#11
    00000C64 7E               [ 8] 2961 	ld	a, (hl)
    00000C65 F8 06            [12] 2962 	ldhl	sp,	#6
    00000C67 96               [ 8] 2963 	sub	a, (hl)
    00000C68 28 3F            [12] 2964 	jr	Z, 00101$
                                   2965 ;src/main.c:737: setchar((i == selected) ? '>' : ' ');
    00000C6A F8 0C            [12] 2966 	ldhl	sp,	#12
    00000C6C 7E               [ 8] 2967 	ld	a, (hl)
    00000C6D F8 06            [12] 2968 	ldhl	sp,	#6
    00000C6F 96               [ 8] 2969 	sub	a, (hl)
    00000C70 3E 3E            [ 8] 2970 	ld	a, #0x3e
    00000C72 28 02            [12] 2971 	jr	Z, 00126$
    00000C74 3E 20            [ 8] 2972 	ld	a, #0x20
    00000C76                       2973 00126$:
    00000C76 F5               [16] 2974 	push	af
    00000C77 33               [ 8] 2975 	inc	sp
    00000C78 CDr00r00         [24] 2976 	call	_setchar
    00000C7B 33               [ 8] 2977 	inc	sp
                                   2978 ;src/main.c:738: gotoxy(1u, (uint8_t)(posy()));
    00000C7C CDr00r00         [24] 2979 	call	_posy
    00000C7F 63               [ 4] 2980 	ld	h, e
    00000C80 2E 01            [ 8] 2981 	ld	l, #0x01
    00000C82 E5               [16] 2982 	push	hl
    00000C83 CDr00r00         [24] 2983 	call	_gotoxy
    00000C86 E1               [12] 2984 	pop	hl
                                   2985 ;src/main.c:739: draw_text(items[i]);
    00000C87 F8 06            [12] 2986 	ldhl	sp,	#6
    00000C89 4E               [ 8] 2987 	ld	c, (hl)
    00000C8A 06 00            [ 8] 2988 	ld	b, #0x00
    00000C8C CB 21            [ 8] 2989 	sla	c
    00000C8E CB 10            [ 8] 2990 	rl	b
    00000C90 F8 09            [12] 2991 	ldhl	sp,	#9
    00000C92 2A               [ 8] 2992 	ld	a,	(hl+)
    00000C93 66               [ 8] 2993 	ld	h, (hl)
    00000C94 6F               [ 4] 2994 	ld	l, a
    00000C95 09               [ 8] 2995 	add	hl, bc
    00000C96 2A               [ 8] 2996 	ld	a, (hl+)
    00000C97 4F               [ 4] 2997 	ld	c, a
    00000C98 7E               [ 8] 2998 	ld	a, (hl)
    00000C99 59               [ 4] 2999 	ld	e, c
    00000C9A 57               [ 4] 3000 	ld	d, a
    00000C9B CDr48r09         [24] 3001 	call	_draw_text
                                   3002 ;src/main.c:740: draw_text("\n");
    00000C9E 11r6Br0D         [12] 3003 	ld	de, #___str_3
    00000CA1 CDr48r09         [24] 3004 	call	_draw_text
                                   3005 ;src/main.c:736: for (i = 0u; i != count; ++i) {
    00000CA4 F8 06            [12] 3006 	ldhl	sp,	#6
    00000CA6 34               [12] 3007 	inc	(hl)
    00000CA7 18 B9            [12] 3008 	jr	00121$
    00000CA9                       3009 00101$:
                                   3010 ;src/main.c:742: print_footer("WHEEL MOVE  SELECT");
    00000CA9 11r70r0D         [12] 3011 	ld	de, #___str_5
    00000CAC CDr79r0B         [24] 3012 	call	_print_footer
                                   3013 ;src/main.c:744: while (1) {
    00000CAF                       3014 00115$:
                                   3015 ;src/main.c:745: vsync();
    00000CAF CDr00r00         [24] 3016 	call	_vsync
                                   3017 ;src/main.c:746: dt_audio_update();
    00000CB2 1Er00            [ 8] 3018 	ld	e, #b_dt_audio_update
    00000CB4 21r00r00         [12] 3019 	ld	hl, #_dt_audio_update
    00000CB7 CDr00r00         [24] 3020 	call	___sdcc_bcall_ehl
                                   3021 ;src/main.c:747: keys = joypad();
    00000CBA CDr00r00         [24] 3022 	call	_joypad
                                   3023 ;src/main.c:748: if ((keys & J_UP) && !(last & J_UP)) {
    00000CBD CB 57            [ 8] 3024 	bit	2, a
    00000CBF 28 28            [12] 3025 	jr	Z, 00103$
    00000CC1 E5               [16] 3026 	push	hl
    00000CC2 F8 02            [12] 3027 	ldhl	sp,	#2
    00000CC4 CB 56            [12] 3028 	bit	2, (hl)
    00000CC6 E1               [12] 3029 	pop	hl
    00000CC7 20 20            [12] 3030 	jr	NZ, 00103$
                                   3031 ;src/main.c:749: dt_audio_play_sfx(SFX_MENU_MOVE);
    00000CC9 AF               [ 4] 3032 	xor	a, a
    00000CCA F5               [16] 3033 	push	af
    00000CCB 33               [ 8] 3034 	inc	sp
    00000CCC 1Er00            [ 8] 3035 	ld	e, #b_dt_audio_play_sfx
    00000CCE 21r00r00         [12] 3036 	ld	hl, #_dt_audio_play_sfx
    00000CD1 CDr00r00         [24] 3037 	call	___sdcc_bcall_ehl
    00000CD4 33               [ 8] 3038 	inc	sp
                                   3039 ;src/main.c:750: selected = (selected == 0u) ? (count - 1u) : (selected - 1u);
    00000CD5 F8 0C            [12] 3040 	ldhl	sp,	#12
    00000CD7 7E               [ 8] 3041 	ld	a, (hl)
    00000CD8 B7               [ 4] 3042 	or	a, a
    00000CD9 20 05            [12] 3043 	jr	NZ, 00127$
    00000CDB F8 01            [12] 3044 	ldhl	sp,	#1
    00000CDD 7E               [ 8] 3045 	ld	a, (hl)
    00000CDE 18 04            [12] 3046 	jr	00128$
    00000CE0                       3047 00127$:
    00000CE0 F8 0C            [12] 3048 	ldhl	sp,	#12
    00000CE2 7E               [ 8] 3049 	ld	a, (hl)
    00000CE3 3D               [ 4] 3050 	dec	a
    00000CE4                       3051 00128$:
    00000CE4 F8 0C            [12] 3052 	ldhl	sp,	#12
    00000CE6 77               [ 8] 3053 	ld	(hl), a
                                   3054 ;src/main.c:751: break;
    00000CE7 18 72            [12] 3055 	jr	00116$
    00000CE9                       3056 00103$:
                                   3057 ;src/main.c:753: if ((keys & J_DOWN) && !(last & J_DOWN)) {
    00000CE9 CB 5F            [ 8] 3058 	bit	3, a
    00000CEB 28 26            [12] 3059 	jr	Z, 00106$
    00000CED E5               [16] 3060 	push	hl
    00000CEE F8 02            [12] 3061 	ldhl	sp,	#2
    00000CF0 CB 5E            [12] 3062 	bit	3, (hl)
    00000CF2 E1               [12] 3063 	pop	hl
    00000CF3 20 1E            [12] 3064 	jr	NZ, 00106$
                                   3065 ;src/main.c:754: dt_audio_play_sfx(SFX_MENU_MOVE);
    00000CF5 AF               [ 4] 3066 	xor	a, a
    00000CF6 F5               [16] 3067 	push	af
    00000CF7 33               [ 8] 3068 	inc	sp
    00000CF8 1Er00            [ 8] 3069 	ld	e, #b_dt_audio_play_sfx
    00000CFA 21r00r00         [12] 3070 	ld	hl, #_dt_audio_play_sfx
    00000CFD CDr00r00         [24] 3071 	call	___sdcc_bcall_ehl
    00000D00 33               [ 8] 3072 	inc	sp
                                   3073 ;src/main.c:755: selected = (selected + 1u) % count;
    00000D01 F8 0C            [12] 3074 	ldhl	sp,	#12
    00000D03 3A               [ 8] 3075 	ld	a, (hl-)
    00000D04 5F               [ 4] 3076 	ld	e, a
    00000D05 16 00            [ 8] 3077 	ld	d, #0x00
    00000D07 13               [ 8] 3078 	inc	de
    00000D08 4E               [ 8] 3079 	ld	c, (hl)
    00000D09 AF               [ 4] 3080 	xor	a, a
    00000D0A 47               [ 4] 3081 	ld	b, a
    00000D0B CDr00r00         [24] 3082 	call	__moduint
    00000D0E F8 0C            [12] 3083 	ldhl	sp,	#12
    00000D10 71               [ 8] 3084 	ld	(hl), c
                                   3085 ;src/main.c:756: break;
    00000D11 18 48            [12] 3086 	jr	00116$
    00000D13                       3087 00106$:
                                   3088 ;src/main.c:758: if ((keys & J_A) && !(last & J_A)) {
    00000D13 CB 67            [ 8] 3089 	bit	4, a
    00000D15 28 1D            [12] 3090 	jr	Z, 00109$
    00000D17 E5               [16] 3091 	push	hl
    00000D18 F8 02            [12] 3092 	ldhl	sp,	#2
    00000D1A CB 66            [12] 3093 	bit	4, (hl)
    00000D1C E1               [12] 3094 	pop	hl
    00000D1D 20 15            [12] 3095 	jr	NZ, 00109$
                                   3096 ;src/main.c:759: dt_audio_play_sfx(SFX_CONFIRM);
    00000D1F 3E 01            [ 8] 3097 	ld	a, #0x01
    00000D21 F5               [16] 3098 	push	af
    00000D22 33               [ 8] 3099 	inc	sp
    00000D23 1Er00            [ 8] 3100 	ld	e, #b_dt_audio_play_sfx
    00000D25 21r00r00         [12] 3101 	ld	hl, #_dt_audio_play_sfx
    00000D28 CDr00r00         [24] 3102 	call	___sdcc_bcall_ehl
    00000D2B 33               [ 8] 3103 	inc	sp
                                   3104 ;src/main.c:760: waitpadup();
    00000D2C CDr00r00         [24] 3105 	call	_waitpadup
                                   3106 ;src/main.c:761: return selected;
    00000D2F F8 0C            [12] 3107 	ldhl	sp,	#12
    00000D31 7E               [ 8] 3108 	ld	a, (hl)
    00000D32 18 31            [12] 3109 	jr	00123$
    00000D34                       3110 00109$:
                                   3111 ;src/main.c:763: if ((keys & J_START) && !(last & J_START)) {
    00000D34 CB 7F            [ 8] 3112 	bit	7, a
    00000D36 28 1D            [12] 3113 	jr	Z, 00112$
    00000D38 E5               [16] 3114 	push	hl
    00000D39 F8 02            [12] 3115 	ldhl	sp,	#2
    00000D3B CB 7E            [12] 3116 	bit	7, (hl)
    00000D3D E1               [12] 3117 	pop	hl
    00000D3E 20 15            [12] 3118 	jr	NZ, 00112$
                                   3119 ;src/main.c:764: dt_audio_play_sfx(SFX_CANCEL);
    00000D40 3E 02            [ 8] 3120 	ld	a, #0x02
    00000D42 F5               [16] 3121 	push	af
    00000D43 33               [ 8] 3122 	inc	sp
    00000D44 1Er00            [ 8] 3123 	ld	e, #b_dt_audio_play_sfx
    00000D46 21r00r00         [12] 3124 	ld	hl, #_dt_audio_play_sfx
    00000D49 CDr00r00         [24] 3125 	call	___sdcc_bcall_ehl
    00000D4C 33               [ 8] 3126 	inc	sp
                                   3127 ;src/main.c:765: waitpadup();
    00000D4D CDr00r00         [24] 3128 	call	_waitpadup
                                   3129 ;src/main.c:766: return count - 1u;
    00000D50 F8 01            [12] 3130 	ldhl	sp,	#1
    00000D52 7E               [ 8] 3131 	ld	a, (hl)
    00000D53 18 10            [12] 3132 	jr	00123$
    00000D55                       3133 00112$:
                                   3134 ;src/main.c:768: last = keys;
    00000D55 F8 00            [12] 3135 	ldhl	sp,	#0
    00000D57 77               [ 8] 3136 	ld	(hl), a
    00000D58 C3rAFr0C         [16] 3137 	jp	00115$
    00000D5B                       3138 00116$:
                                   3139 ;src/main.c:770: waitpadup();
    00000D5B CDr00r00         [24] 3140 	call	_waitpadup
                                   3141 ;src/main.c:771: last = 0u;
    00000D5E F8 00            [12] 3142 	ldhl	sp,	#0
    00000D60 36 00            [12] 3143 	ld	(hl), #0x00
    00000D62 C3r3Fr0C         [16] 3144 	jp	00118$
    00000D65                       3145 00123$:
                                   3146 ;src/main.c:773: }
    00000D65 E8 07            [16] 3147 	add	sp, #7
    00000D67 E1               [12] 3148 	pop	hl
    00000D68 E8 04            [16] 3149 	add	sp, #4
    00000D6A E9               [ 4] 3150 	jp	(hl)
    00000D6B                       3151 ___str_3:
    00000D6B 0A                    3152 	.db 0x0a
    00000D6C 00                    3153 	.db 0x00
    00000D6D                       3154 ___str_4:
    00000D6D 0A                    3155 	.db 0x0a
    00000D6E 0A                    3156 	.db 0x0a
    00000D6F 00                    3157 	.db 0x00
    00000D70                       3158 ___str_5:
    00000D70 57 48 45 45 4C 20 4D  3159 	.ascii "WHEEL MOVE  SELECT"
             4F 56 45 20 20 53 45
             4C 45 43 54
    00000D82 00                    3160 	.db 0x00
                                   3161 ;src/main.c:775: static const task_t *current_task(void) {
                                   3162 ;	---------------------------------
                                   3163 ; Function current_task
                                   3164 ; ---------------------------------
    00000D83                       3165 _current_task:
                                   3166 ;src/main.c:776: return &tasks[task_id];
    00000D83 21r08r00         [12] 3167 	ld	hl, #_task_id
    00000D86 4E               [ 8] 3168 	ld	c, (hl)
    00000D87 06 00            [ 8] 3169 	ld	b, #0x00
    00000D89 69               [ 4] 3170 	ld	l, c
    00000D8A 60               [ 4] 3171 	ld	h, b
    00000D8B 29               [ 8] 3172 	add	hl, hl
    00000D8C 29               [ 8] 3173 	add	hl, hl
    00000D8D 09               [ 8] 3174 	add	hl, bc
    00000D8E 29               [ 8] 3175 	add	hl, hl
    00000D8F 01r00r00         [12] 3176 	ld	bc, #_tasks
    00000D92 09               [ 8] 3177 	add	hl, bc
    00000D93 4D               [ 4] 3178 	ld	c, l
    00000D94 44               [ 4] 3179 	ld	b, h
                                   3180 ;src/main.c:777: }
    00000D95 C9               [16] 3181 	ret
                                   3182 ;src/main.c:779: static void assign_daily_task(void) {
                                   3183 ;	---------------------------------
                                   3184 ; Function assign_daily_task
                                   3185 ; ---------------------------------
    00000D96                       3186 _assign_daily_task:
                                   3187 ;src/main.c:780: task_id = (uint8_t)((day_count - 1u) % TASK_COUNT);
    00000D96 FAr07r00         [16] 3188 	ld	a, (_day_count)
    00000D99 16 00            [ 8] 3189 	ld	d, #0x00
    00000D9B 5F               [ 4] 3190 	ld	e, a
    00000D9C 1B               [ 8] 3191 	dec	de
    00000D9D 01 03 00         [12] 3192 	ld	bc, #0x0003
    00000DA0 CDr00r00         [24] 3193 	call	__moduint
    00000DA3 21r08r00         [12] 3194 	ld	hl, #_task_id
    00000DA6 71               [ 8] 3195 	ld	(hl), c
                                   3196 ;src/main.c:781: task_done = 0u;
    00000DA7 AF               [ 4] 3197 	xor	a, a
    00000DA8 EAr09r00         [16] 3198 	ld	(#_task_done),a
                                   3199 ;src/main.c:782: }
    00000DAB C9               [16] 3200 	ret
                                   3201 ;src/main.c:784: static void setup_new_game(void) {
                                   3202 ;	---------------------------------
                                   3203 ; Function setup_new_game
                                   3204 ; ---------------------------------
    00000DAC                       3205 _setup_new_game:
                                   3206 ;src/main.c:785: room_id = ROOM_DISTRICT;
    00000DAC AF               [ 4] 3207 	xor	a, a
    00000DAD EAr02r00         [16] 3208 	ld	(#_room_id),a
                                   3209 ;src/main.c:786: player_x = 10u;
    00000DB0 21r03r00         [12] 3210 	ld	hl, #_player_x
    00000DB3 36 0A            [12] 3211 	ld	(hl), #0x0a
                                   3212 ;src/main.c:787: player_y = 12u;
    00000DB5 21r04r00         [12] 3213 	ld	hl, #_player_y
    00000DB8 36 0C            [12] 3214 	ld	(hl), #0x0c
                                   3215 ;src/main.c:788: facing = DIR_DOWN;
    00000DBA AF               [ 4] 3216 	xor	a, a
    00000DBB EAr05r00         [16] 3217 	ld	(#_facing),a
                                   3218 ;src/main.c:789: credits = 18u;
    00000DBE 21r06r00         [12] 3219 	ld	hl, #_credits
    00000DC1 36 12            [12] 3220 	ld	(hl), #0x12
                                   3221 ;src/main.c:790: day_count = 1u;
    00000DC3 21r07r00         [12] 3222 	ld	hl, #_day_count
    00000DC6 36 01            [12] 3223 	ld	(hl), #0x01
                                   3224 ;src/main.c:791: inventory = 0u;
                                   3225 ;src/main.c:792: media = 0u;
    00000DC8 AF               [ 4] 3226 	xor	a, a
    00000DC9 EAr0Ar00         [16] 3227 	ld	(#_inventory), a
    00000DCC EAr0Br00         [16] 3228 	ld	(#_media),a
                                   3229 ;src/main.c:793: decor_slots[0] = DECOR_NONE;
    00000DCF 21r0Cr00         [12] 3230 	ld	hl, #_decor_slots
                                   3231 ;src/main.c:794: decor_slots[1] = DECOR_NONE;
    00000DD2 AF               [ 4] 3232 	xor	a, a
    00000DD3 22               [ 8] 3233 	ld	(hl+), a
    00000DD4 77               [ 8] 3234 	ld	(hl), a
                                   3235 ;src/main.c:795: decor_slots[2] = DECOR_NONE;
    00000DD5 21r0Er00         [12] 3236 	ld	hl, #_decor_slots + 2
    00000DD8 36 00            [12] 3237 	ld	(hl), #0x00
                                   3238 ;src/main.c:796: ride_level = RIDE_FOOT;
                                   3239 ;src/main.c:797: palette_mood = 0u;
    00000DDA AF               [ 4] 3240 	xor	a, a
    00000DDB EAr0Fr00         [16] 3241 	ld	(#_ride_level), a
    00000DDE EAr10r00         [16] 3242 	ld	(#_palette_mood),a
                                   3243 ;src/main.c:798: assign_daily_task();
                                   3244 ;src/main.c:799: }
    00000DE1 C3r96r0D         [16] 3245 	jp	_assign_daily_task
                                   3246 ;src/main.c:801: static void print_task_summary(void) {
                                   3247 ;	---------------------------------
                                   3248 ; Function print_task_summary
                                   3249 ; ---------------------------------
    00000DE4                       3250 _print_task_summary:
                                   3251 ;src/main.c:802: const task_t *task = current_task();
    00000DE4 CDr83r0D         [24] 3252 	call	_current_task
                                   3253 ;src/main.c:804: draw_text("Day ");
    00000DE7 C5               [16] 3254 	push	bc
    00000DE8 11r48r0E         [12] 3255 	ld	de, #___str_6
    00000DEB CDr48r09         [24] 3256 	call	_draw_text
                                   3257 ;src/main.c:805: draw_u8(day_count);
    00000DEE FAr07r00         [16] 3258 	ld	a, (_day_count)
    00000DF1 CDrADr09         [24] 3259 	call	_draw_u8
                                   3260 ;src/main.c:806: draw_text("  Cr ");
    00000DF4 11r4Dr0E         [12] 3261 	ld	de, #___str_7
    00000DF7 CDr48r09         [24] 3262 	call	_draw_text
                                   3263 ;src/main.c:807: draw_u8(credits);
    00000DFA FAr06r00         [16] 3264 	ld	a, (_credits)
    00000DFD CDrADr09         [24] 3265 	call	_draw_u8
                                   3266 ;src/main.c:808: draw_text("  ");
    00000E00 11r53r0E         [12] 3267 	ld	de, #___str_8
    00000E03 CDr48r09         [24] 3268 	call	_draw_text
                                   3269 ;src/main.c:809: draw_text(ride_name(ride_level));
    00000E06 FAr0Fr00         [16] 3270 	ld	a, (_ride_level)
    00000E09 CDrF5r0E         [24] 3271 	call	_ride_name
    00000E0C 59               [ 4] 3272 	ld	e, c
    00000E0D 50               [ 4] 3273 	ld	d, b
    00000E0E CDr48r09         [24] 3274 	call	_draw_text
                                   3275 ;src/main.c:810: draw_text("\n");
    00000E11 11r56r0E         [12] 3276 	ld	de, #___str_9
    00000E14 CDr48r09         [24] 3277 	call	_draw_text
    00000E17 C1               [12] 3278 	pop	bc
                                   3279 ;src/main.c:811: draw_text(task->title);
    00000E18 21 04 00         [12] 3280 	ld	hl, #0x0004
    00000E1B 09               [ 8] 3281 	add	hl, bc
    00000E1C 2A               [ 8] 3282 	ld	a, (hl+)
    00000E1D 6E               [ 8] 3283 	ld	l, (hl)
    00000E1E C5               [16] 3284 	push	bc
    00000E1F 5F               [ 4] 3285 	ld	e, a
    00000E20 55               [ 4] 3286 	ld	d, l
    00000E21 CDr48r09         [24] 3287 	call	_draw_text
                                   3288 ;src/main.c:812: draw_text("\n");
    00000E24 11r56r0E         [12] 3289 	ld	de, #___str_9
    00000E27 CDr48r09         [24] 3290 	call	_draw_text
    00000E2A C1               [12] 3291 	pop	bc
                                   3292 ;src/main.c:813: if (task_done) {
    00000E2B FAr09r00         [16] 3293 	ld	a, (#_task_done)
    00000E2E B7               [ 4] 3294 	or	a, a
    00000E2F 28 0C            [12] 3295 	jr	Z, 00102$
                                   3296 ;src/main.c:814: draw_text("Done for tonight.\n");
    00000E31 11r58r0E         [12] 3297 	ld	de, #___str_10
    00000E34 CDr48r09         [24] 3298 	call	_draw_text
                                   3299 ;src/main.c:815: draw_text("Sleep in your room when\nyou want the next errand.");
    00000E37 11r6Br0E         [12] 3300 	ld	de, #___str_11
    00000E3A C3r48r09         [16] 3301 	jp	_draw_text
    00000E3D                       3302 00102$:
                                   3303 ;src/main.c:817: draw_text(task->brief);
    00000E3D 21 06 00         [12] 3304 	ld	hl, #0x0006
    00000E40 09               [ 8] 3305 	add	hl, bc
    00000E41 2A               [ 8] 3306 	ld	a, (hl+)
    00000E42 4E               [ 8] 3307 	ld	c, (hl)
    00000E43 5F               [ 4] 3308 	ld	e, a
    00000E44 51               [ 4] 3309 	ld	d, c
                                   3310 ;src/main.c:819: }
    00000E45 C3r48r09         [16] 3311 	jp	_draw_text
    00000E48                       3312 ___str_6:
    00000E48 44 61 79 20           3313 	.ascii "Day "
    00000E4C 00                    3314 	.db 0x00
    00000E4D                       3315 ___str_7:
    00000E4D 20 20 43 72 20        3316 	.ascii "  Cr "
    00000E52 00                    3317 	.db 0x00
    00000E53                       3318 ___str_8:
    00000E53 20 20                 3319 	.ascii "  "
    00000E55 00                    3320 	.db 0x00
    00000E56                       3321 ___str_9:
    00000E56 0A                    3322 	.db 0x0a
    00000E57 00                    3323 	.db 0x00
    00000E58                       3324 ___str_10:
    00000E58 44 6F 6E 65 20 66 6F  3325 	.ascii "Done for tonight."
             72 20 74 6F 6E 69 67
             68 74 2E
    00000E69 0A                    3326 	.db 0x0a
    00000E6A 00                    3327 	.db 0x00
    00000E6B                       3328 ___str_11:
    00000E6B 53 6C 65 65 70 20 69  3329 	.ascii "Sleep in your room when"
             6E 20 79 6F 75 72 20
             72 6F 6F 6D 20 77 68
             65 6E
    00000E82 0A                    3330 	.db 0x0a
    00000E83 79 6F 75 20 77 61 6E  3331 	.ascii "you want the next errand."
             74 20 74 68 65 20 6E
             65 78 74 20 65 72 72
             61 6E 64 2E
    00000E9C 00                    3332 	.db 0x00
                                   3333 ;src/main.c:821: static const char *decor_name(uint8_t decor_id) {
                                   3334 ;	---------------------------------
                                   3335 ; Function decor_name
                                   3336 ; ---------------------------------
    00000E9D                       3337 _decor_name:
    00000E9D 4F               [ 4] 3338 	ld	c, a
                                   3339 ;src/main.c:822: switch (decor_id) {
    00000E9E 3E 05            [ 8] 3340 	ld	a, #0x05
    00000EA0 91               [ 4] 3341 	sub	a, c
    00000EA1 38 2C            [12] 3342 	jr	C, 00106$
    00000EA3 06 00            [ 8] 3343 	ld	b, #0x00
    00000EA5 21rAFr0E         [12] 3344 	ld	hl, #00117$
    00000EA8 09               [ 8] 3345 	add	hl, bc
    00000EA9 09               [ 8] 3346 	add	hl, bc
    00000EAA 4E               [ 8] 3347 	ld	c, (hl)
    00000EAB 23               [ 8] 3348 	inc	hl
    00000EAC 66               [ 8] 3349 	ld	h, (hl)
    00000EAD 69               [ 4] 3350 	ld	l, c
    00000EAE E9               [ 4] 3351 	jp	(hl)
    00000EAF                       3352 00117$:
    00000EAFrCFr0E                 3353 	.dw	00106$
    00000EB1rBBr0E                 3354 	.dw	00101$
    00000EB3rBFr0E                 3355 	.dw	00102$
    00000EB5rC3r0E                 3356 	.dw	00103$
    00000EB7rC7r0E                 3357 	.dw	00104$
    00000EB9rCBr0E                 3358 	.dw	00105$
                                   3359 ;src/main.c:823: case DECOR_POSTER: return "Poster";
    00000EBB                       3360 00101$:
    00000EBB 01rD3r0E         [12] 3361 	ld	bc, #___str_12
    00000EBE C9               [16] 3362 	ret
                                   3363 ;src/main.c:824: case DECOR_LAMP: return "Lamp";
    00000EBF                       3364 00102$:
    00000EBF 01rDAr0E         [12] 3365 	ld	bc, #___str_13
    00000EC2 C9               [16] 3366 	ret
                                   3367 ;src/main.c:825: case DECOR_SHELF: return "Shelf";
    00000EC3                       3368 00103$:
    00000EC3 01rDFr0E         [12] 3369 	ld	bc, #___str_14
    00000EC6 C9               [16] 3370 	ret
                                   3371 ;src/main.c:826: case DECOR_TANK: return "Tank";
    00000EC7                       3372 00104$:
    00000EC7 01rE5r0E         [12] 3373 	ld	bc, #___str_15
    00000ECA C9               [16] 3374 	ret
                                   3375 ;src/main.c:827: case DECOR_DOCK: return "Dock";
    00000ECB                       3376 00105$:
    00000ECB 01rEAr0E         [12] 3377 	ld	bc, #___str_16
    00000ECE C9               [16] 3378 	ret
                                   3379 ;src/main.c:828: default: return "Empty";
    00000ECF                       3380 00106$:
    00000ECF 01rEFr0E         [12] 3381 	ld	bc, #___str_17
                                   3382 ;src/main.c:829: }
                                   3383 ;src/main.c:830: }
    00000ED2 C9               [16] 3384 	ret
    00000ED3                       3385 ___str_12:
    00000ED3 50 6F 73 74 65 72     3386 	.ascii "Poster"
    00000ED9 00                    3387 	.db 0x00
    00000EDA                       3388 ___str_13:
    00000EDA 4C 61 6D 70           3389 	.ascii "Lamp"
    00000EDE 00                    3390 	.db 0x00
    00000EDF                       3391 ___str_14:
    00000EDF 53 68 65 6C 66        3392 	.ascii "Shelf"
    00000EE4 00                    3393 	.db 0x00
    00000EE5                       3394 ___str_15:
    00000EE5 54 61 6E 6B           3395 	.ascii "Tank"
    00000EE9 00                    3396 	.db 0x00
    00000EEA                       3397 ___str_16:
    00000EEA 44 6F 63 6B           3398 	.ascii "Dock"
    00000EEE 00                    3399 	.db 0x00
    00000EEF                       3400 ___str_17:
    00000EEF 45 6D 70 74 79        3401 	.ascii "Empty"
    00000EF4 00                    3402 	.db 0x00
                                   3403 ;src/main.c:832: static const char *ride_name(uint8_t level) {
                                   3404 ;	---------------------------------
                                   3405 ; Function ride_name
                                   3406 ; ---------------------------------
    00000EF5                       3407 _ride_name:
                                   3408 ;src/main.c:833: switch (level) {
    00000EF5 FE 01            [ 8] 3409 	cp	a, #0x01
    00000EF7 28 0A            [12] 3410 	jr	Z, 00101$
    00000EF9 FE 02            [ 8] 3411 	cp	a, #0x02
    00000EFB 28 0A            [12] 3412 	jr	Z, 00102$
    00000EFD D6 03            [ 8] 3413 	sub	a, #0x03
    00000EFF 28 0A            [12] 3414 	jr	Z, 00103$
    00000F01 18 0C            [12] 3415 	jr	00104$
                                   3416 ;src/main.c:834: case RIDE_BICYCLE: return "Bike";
    00000F03                       3417 00101$:
    00000F03 01r13r0F         [12] 3418 	ld	bc, #___str_18
    00000F06 C9               [16] 3419 	ret
                                   3420 ;src/main.c:835: case RIDE_SCOOTER: return "Scoot";
    00000F07                       3421 00102$:
    00000F07 01r18r0F         [12] 3422 	ld	bc, #___str_19
    00000F0A C9               [16] 3423 	ret
                                   3424 ;src/main.c:836: case RIDE_MOTORCYCLE: return "Moto";
    00000F0B                       3425 00103$:
    00000F0B 01r1Er0F         [12] 3426 	ld	bc, #___str_20
    00000F0E C9               [16] 3427 	ret
                                   3428 ;src/main.c:837: default: return "Foot";
    00000F0F                       3429 00104$:
    00000F0F 01r23r0F         [12] 3430 	ld	bc, #___str_21
                                   3431 ;src/main.c:838: }
                                   3432 ;src/main.c:839: }
    00000F12 C9               [16] 3433 	ret
    00000F13                       3434 ___str_18:
    00000F13 42 69 6B 65           3435 	.ascii "Bike"
    00000F17 00                    3436 	.db 0x00
    00000F18                       3437 ___str_19:
    00000F18 53 63 6F 6F 74        3438 	.ascii "Scoot"
    00000F1D 00                    3439 	.db 0x00
    00000F1E                       3440 ___str_20:
    00000F1E 4D 6F 74 6F           3441 	.ascii "Moto"
    00000F22 00                    3442 	.db 0x00
    00000F23                       3443 ___str_21:
    00000F23 46 6F 6F 74           3444 	.ascii "Foot"
    00000F27 00                    3445 	.db 0x00
                                   3446 ;src/main.c:841: static void inventory_screen(uint8_t page) {
                                   3447 ;	---------------------------------
                                   3448 ; Function inventory_screen
                                   3449 ; ---------------------------------
    00000F28                       3450 _inventory_screen:
    00000F28 3B               [ 8] 3451 	dec	sp
    00000F29 3B               [ 8] 3452 	dec	sp
    00000F2A F8 01            [12] 3453 	ldhl	sp,	#1
                                   3454 ;src/main.c:843: uint8_t last = 0u;
    00000F2C 32               [ 8] 3455 	ld	(hl-), a
    00000F2D 36 00            [12] 3456 	ld	(hl), #0x00
                                   3457 ;src/main.c:845: while (1) {
    00000F2F                       3458 00150$:
                                   3459 ;src/main.c:846: use_text_screen();
    00000F2F CDr16r09         [24] 3460 	call	_use_text_screen
                                   3461 ;src/main.c:847: if (page == 0u) {
    00000F32 F8 01            [12] 3462 	ldhl	sp,	#1
    00000F34 7E               [ 8] 3463 	ld	a, (hl)
    00000F35 B7               [ 4] 3464 	or	a, a
    00000F36 C2rCBr0F         [16] 3465 	jp	NZ, 00133$
                                   3466 ;src/main.c:848: draw_text("PACK\n\n");
    00000F39 11r29r11         [12] 3467 	ld	de, #___str_22
    00000F3C CDr48r09         [24] 3468 	call	_draw_text
                                   3469 ;src/main.c:849: print_task_summary();
    00000F3F CDrE4r0D         [24] 3470 	call	_print_task_summary
                                   3471 ;src/main.c:850: draw_text("\nBag:\n");
    00000F42 11r30r11         [12] 3472 	ld	de, #___str_23
    00000F45 CDr48r09         [24] 3473 	call	_draw_text
                                   3474 ;src/main.c:851: if (inventory == 0u) {
    00000F48 FAr0Ar00         [16] 3475 	ld	a, (#_inventory)
    00000F4B B7               [ 4] 3476 	or	a, a
    00000F4C 20 09            [12] 3477 	jr	NZ, 00118$
                                   3478 ;src/main.c:852: draw_text("  nothing yet");
    00000F4E 11r37r11         [12] 3479 	ld	de, #___str_24
    00000F51 CDr48r09         [24] 3480 	call	_draw_text
    00000F54 C3r83r10         [16] 3481 	jp	00134$
    00000F57                       3482 00118$:
                                   3483 ;src/main.c:854: if (has_item(ITEM_SOFTPHONES)) draw_text("  softphones\n");
    00000F57 3E 01            [ 8] 3484 	ld	a, #0x01
    00000F59 CDr10r01         [24] 3485 	call	_has_item
    00000F5C B7               [ 4] 3486 	or	a, a
    00000F5D 28 06            [12] 3487 	jr	Z, 00102$
    00000F5F 11r45r11         [12] 3488 	ld	de, #___str_25
    00000F62 CDr48r09         [24] 3489 	call	_draw_text
    00000F65                       3490 00102$:
                                   3491 ;src/main.c:855: if (has_item(ITEM_BROTH)) draw_text("  night broth\n");
    00000F65 3E 02            [ 8] 3492 	ld	a, #0x02
    00000F67 CDr10r01         [24] 3493 	call	_has_item
    00000F6A B7               [ 4] 3494 	or	a, a
    00000F6B 28 06            [12] 3495 	jr	Z, 00104$
    00000F6D 11r53r11         [12] 3496 	ld	de, #___str_26
    00000F70 CDr48r09         [24] 3497 	call	_draw_text
    00000F73                       3498 00104$:
                                   3499 ;src/main.c:856: if (has_item(ITEM_MINIDISC)) draw_text("  mini-disc\n");
    00000F73 3E 04            [ 8] 3500 	ld	a, #0x04
    00000F75 CDr10r01         [24] 3501 	call	_has_item
    00000F78 B7               [ 4] 3502 	or	a, a
    00000F79 28 06            [12] 3503 	jr	Z, 00106$
    00000F7B 11r62r11         [12] 3504 	ld	de, #___str_27
    00000F7E CDr48r09         [24] 3505 	call	_draw_text
    00000F81                       3506 00106$:
                                   3507 ;src/main.c:857: if (has_item(ITEM_POSTER)) draw_text("  glow poster\n");
    00000F81 3E 08            [ 8] 3508 	ld	a, #0x08
    00000F83 CDr10r01         [24] 3509 	call	_has_item
    00000F86 B7               [ 4] 3510 	or	a, a
    00000F87 28 06            [12] 3511 	jr	Z, 00108$
    00000F89 11r6Fr11         [12] 3512 	ld	de, #___str_28
    00000F8C CDr48r09         [24] 3513 	call	_draw_text
    00000F8F                       3514 00108$:
                                   3515 ;src/main.c:858: if (has_item(ITEM_LAMP)) draw_text("  neon lamp\n");
    00000F8F 3E 10            [ 8] 3516 	ld	a, #0x10
    00000F91 CDr10r01         [24] 3517 	call	_has_item
    00000F94 B7               [ 4] 3518 	or	a, a
    00000F95 28 06            [12] 3519 	jr	Z, 00110$
    00000F97 11r7Er11         [12] 3520 	ld	de, #___str_29
    00000F9A CDr48r09         [24] 3521 	call	_draw_text
    00000F9D                       3522 00110$:
                                   3523 ;src/main.c:859: if (has_item(ITEM_SHELF)) draw_text("  crate shelf\n");
    00000F9D 3E 20            [ 8] 3524 	ld	a, #0x20
    00000F9F CDr10r01         [24] 3525 	call	_has_item
    00000FA2 B7               [ 4] 3526 	or	a, a
    00000FA3 28 06            [12] 3527 	jr	Z, 00112$
    00000FA5 11r8Br11         [12] 3528 	ld	de, #___str_30
    00000FA8 CDr48r09         [24] 3529 	call	_draw_text
    00000FAB                       3530 00112$:
                                   3531 ;src/main.c:860: if (has_item(ITEM_TANK)) draw_text("  fish tank\n");
    00000FAB 3E 40            [ 8] 3532 	ld	a, #0x40
    00000FAD CDr10r01         [24] 3533 	call	_has_item
    00000FB0 B7               [ 4] 3534 	or	a, a
    00000FB1 28 06            [12] 3535 	jr	Z, 00114$
    00000FB3 11r9Ar11         [12] 3536 	ld	de, #___str_31
    00000FB6 CDr48r09         [24] 3537 	call	_draw_text
    00000FB9                       3538 00114$:
                                   3539 ;src/main.c:861: if (has_item(ITEM_DOCK)) draw_text("  pocket dock\n");
    00000FB9 3E 80            [ 8] 3540 	ld	a, #0x80
    00000FBB CDr10r01         [24] 3541 	call	_has_item
    00000FBE B7               [ 4] 3542 	or	a, a
    00000FBF CAr83r10         [16] 3543 	jp	Z, 00134$
    00000FC2 11rA7r11         [12] 3544 	ld	de, #___str_32
    00000FC5 CDr48r09         [24] 3545 	call	_draw_text
    00000FC8 C3r83r10         [16] 3546 	jp	00134$
    00000FCB                       3547 00133$:
                                   3548 ;src/main.c:863: } else if (page == 1u) {
    00000FCB F8 01            [12] 3549 	ldhl	sp,	#1
    00000FCD 7E               [ 8] 3550 	ld	a, (hl)
    00000FCE 3D               [ 4] 3551 	dec	a
    00000FCF 20 67            [12] 3552 	jr	NZ, 00130$
                                   3553 ;src/main.c:864: draw_text("TUNES\n\nCollected:\n");
    00000FD1 11rB6r11         [12] 3554 	ld	de, #___str_33
    00000FD4 CDr48r09         [24] 3555 	call	_draw_text
                                   3556 ;src/main.c:865: if (media == 0u) {
    00000FD7 FAr0Br00         [16] 3557 	ld	a, (#_media)
    00000FDA B7               [ 4] 3558 	or	a, a
    00000FDB 20 0F            [12] 3559 	jr	NZ, 00127$
                                   3560 ;src/main.c:866: draw_text("  no tapes yet\n\n");
    00000FDD 11rC9r11         [12] 3561 	ld	de, #___str_34
    00000FE0 CDr48r09         [24] 3562 	call	_draw_text
                                   3563 ;src/main.c:867: draw_text("Finish errands and keep\nan ear out for bootlegs.");
    00000FE3 11rDAr11         [12] 3564 	ld	de, #___str_35
    00000FE6 CDr48r09         [24] 3565 	call	_draw_text
    00000FE9 C3r83r10         [16] 3566 	jp	00134$
    00000FEC                       3567 00127$:
                                   3568 ;src/main.c:869: if (media & MEDIA_RAIN_LOOP) draw_text("  Rain Loop\n");
    00000FEC FAr0Br00         [16] 3569 	ld	a, (_media)
    00000FEF 0F               [ 4] 3570 	rrca
    00000FF0 30 06            [12] 3571 	jr	NC, 00121$
    00000FF2 11r0Br12         [12] 3572 	ld	de, #___str_36
    00000FF5 CDr48r09         [24] 3573 	call	_draw_text
    00000FF8                       3574 00121$:
                                   3575 ;src/main.c:870: if (media & MEDIA_VENDING_DREAMS) draw_text("  Vending Dreams\n");
    00000FF8 FAr0Br00         [16] 3576 	ld	a, (_media)
    00000FFB CB 4F            [ 8] 3577 	bit	1, a
    00000FFD 28 06            [12] 3578 	jr	Z, 00123$
    00000FFF 11r18r12         [12] 3579 	ld	de, #___str_37
    00001002 CDr48r09         [24] 3580 	call	_draw_text
    00001005                       3581 00123$:
                                   3582 ;src/main.c:871: if (media & MEDIA_ROOFTOP_SET) draw_text("  Rooftop Set\n");
    00001005 FAr0Br00         [16] 3583 	ld	a, (_media)
    00001008 CB 57            [ 8] 3584 	bit	2, a
    0000100A 28 06            [12] 3585 	jr	Z, 00125$
    0000100C 11r2Ar12         [12] 3586 	ld	de, #___str_38
    0000100F CDr48r09         [24] 3587 	call	_draw_text
    00001012                       3588 00125$:
                                   3589 ;src/main.c:872: draw_text("\nDeck: ");
    00001012 11r39r12         [12] 3590 	ld	de, #___str_39
    00001015 CDr48r09         [24] 3591 	call	_draw_text
                                   3592 ;src/main.c:873: draw_text(dt_record_name(dt_audio_get_home_record()));
    00001018 1Er00            [ 8] 3593 	ld	e, #b_dt_audio_get_home_record
    0000101A 21r00r00         [12] 3594 	ld	hl, #_dt_audio_get_home_record
    0000101D CDr00r00         [24] 3595 	call	___sdcc_bcall_ehl
    00001020 F5               [16] 3596 	push	af
    00001021 33               [ 8] 3597 	inc	sp
    00001022 1Er00            [ 8] 3598 	ld	e, #b_dt_record_name
    00001024 21r00r00         [12] 3599 	ld	hl, #_dt_record_name
    00001027 CDr00r00         [24] 3600 	call	___sdcc_bcall_ehl
    0000102A 33               [ 8] 3601 	inc	sp
    0000102B 59               [ 4] 3602 	ld	e, c
    0000102C 50               [ 4] 3603 	ld	d, b
    0000102D CDr48r09         [24] 3604 	call	_draw_text
                                   3605 ;src/main.c:874: draw_text("\nUse your home deck\nto swap records.");
    00001030 11r41r12         [12] 3606 	ld	de, #___str_40
    00001033 CDr48r09         [24] 3607 	call	_draw_text
    00001036 18 4B            [12] 3608 	jr	00134$
    00001038                       3609 00130$:
                                   3610 ;src/main.c:877: draw_text("ROOM\n\n");
    00001038 11r66r12         [12] 3611 	ld	de, #___str_41
    0000103B CDr48r09         [24] 3612 	call	_draw_text
                                   3613 ;src/main.c:878: draw_text("Slot 1: ");
    0000103E 11r6Dr12         [12] 3614 	ld	de, #___str_42
    00001041 CDr48r09         [24] 3615 	call	_draw_text
                                   3616 ;src/main.c:879: draw_text(decor_name(decor_slots[0]));
    00001044 FAr0Cr00         [16] 3617 	ld	a, (#_decor_slots + 0)
    00001047 CDr9Dr0E         [24] 3618 	call	_decor_name
    0000104A 59               [ 4] 3619 	ld	e, c
    0000104B 50               [ 4] 3620 	ld	d, b
    0000104C CDr48r09         [24] 3621 	call	_draw_text
                                   3622 ;src/main.c:880: draw_text("\n");
    0000104F 11r76r12         [12] 3623 	ld	de, #___str_43
    00001052 CDr48r09         [24] 3624 	call	_draw_text
                                   3625 ;src/main.c:881: draw_text("Slot 2: ");
    00001055 11r78r12         [12] 3626 	ld	de, #___str_44
    00001058 CDr48r09         [24] 3627 	call	_draw_text
                                   3628 ;src/main.c:882: draw_text(decor_name(decor_slots[1]));
    0000105B FAr0Dr00         [16] 3629 	ld	a, (#(_decor_slots + 1) + 0)
    0000105E CDr9Dr0E         [24] 3630 	call	_decor_name
    00001061 59               [ 4] 3631 	ld	e, c
    00001062 50               [ 4] 3632 	ld	d, b
    00001063 CDr48r09         [24] 3633 	call	_draw_text
                                   3634 ;src/main.c:883: draw_text("\n");
    00001066 11r76r12         [12] 3635 	ld	de, #___str_43
    00001069 CDr48r09         [24] 3636 	call	_draw_text
                                   3637 ;src/main.c:884: draw_text("Slot 3: ");
    0000106C 11r81r12         [12] 3638 	ld	de, #___str_45
    0000106F CDr48r09         [24] 3639 	call	_draw_text
                                   3640 ;src/main.c:885: draw_text(decor_name(decor_slots[2]));
    00001072 FAr0Er00         [16] 3641 	ld	a, (#(_decor_slots + 2) + 0)
    00001075 CDr9Dr0E         [24] 3642 	call	_decor_name
    00001078 59               [ 4] 3643 	ld	e, c
    00001079 50               [ 4] 3644 	ld	d, b
    0000107A CDr48r09         [24] 3645 	call	_draw_text
                                   3646 ;src/main.c:886: draw_text("\n\nUse your apartment shelf\npads to place decor.");
    0000107D 11r8Ar12         [12] 3647 	ld	de, #___str_46
    00001080 CDr48r09         [24] 3648 	call	_draw_text
    00001083                       3649 00134$:
                                   3650 ;src/main.c:889: print_footer("LEFT/RIGHT TAB  MENU");
    00001083 11rBAr12         [12] 3651 	ld	de, #___str_47
    00001086 CDr79r0B         [24] 3652 	call	_print_footer
                                   3653 ;src/main.c:890: while (1) {
    00001089                       3654 00147$:
                                   3655 ;src/main.c:891: vsync();
    00001089 CDr00r00         [24] 3656 	call	_vsync
                                   3657 ;src/main.c:892: dt_audio_update();
    0000108C 1Er00            [ 8] 3658 	ld	e, #b_dt_audio_update
    0000108E 21r00r00         [12] 3659 	ld	hl, #_dt_audio_update
    00001091 CDr00r00         [24] 3660 	call	___sdcc_bcall_ehl
                                   3661 ;src/main.c:893: keys = joypad();
    00001094 CDr00r00         [24] 3662 	call	_joypad
                                   3663 ;src/main.c:894: if ((keys & J_B) && !(last & J_B)) {
    00001097 CB 6F            [ 8] 3664 	bit	5, a
    00001099 28 27            [12] 3665 	jr	Z, 00136$
    0000109B E5               [16] 3666 	push	hl
    0000109C F8 02            [12] 3667 	ldhl	sp,	#2
    0000109E CB 6E            [12] 3668 	bit	5, (hl)
    000010A0 E1               [12] 3669 	pop	hl
    000010A1 20 1F            [12] 3670 	jr	NZ, 00136$
                                   3671 ;src/main.c:895: dt_audio_play_sfx(SFX_MENU_MOVE);
    000010A3 AF               [ 4] 3672 	xor	a, a
    000010A4 F5               [16] 3673 	push	af
    000010A5 33               [ 8] 3674 	inc	sp
    000010A6 1Er00            [ 8] 3675 	ld	e, #b_dt_audio_play_sfx
    000010A8 21r00r00         [12] 3676 	ld	hl, #_dt_audio_play_sfx
    000010AB CDr00r00         [24] 3677 	call	___sdcc_bcall_ehl
    000010AE 33               [ 8] 3678 	inc	sp
                                   3679 ;src/main.c:896: page = (page == 0u) ? 2u : (page - 1u);
    000010AF F8 01            [12] 3680 	ldhl	sp,	#1
    000010B1 7E               [ 8] 3681 	ld	a, (hl)
    000010B2 B7               [ 4] 3682 	or	a, a
    000010B3 20 04            [12] 3683 	jr	NZ, 00154$
    000010B5 3E 02            [ 8] 3684 	ld	a, #0x02
    000010B7 18 04            [12] 3685 	jr	00155$
    000010B9                       3686 00154$:
    000010B9 F8 01            [12] 3687 	ldhl	sp,	#1
    000010BB 7E               [ 8] 3688 	ld	a, (hl)
    000010BC 3D               [ 4] 3689 	dec	a
    000010BD                       3690 00155$:
    000010BD F8 01            [12] 3691 	ldhl	sp,	#1
    000010BF 77               [ 8] 3692 	ld	(hl), a
                                   3693 ;src/main.c:897: break;
    000010C0 18 5A            [12] 3694 	jr	00148$
    000010C2                       3695 00136$:
                                   3696 ;src/main.c:899: if ((keys & J_SELECT) && !(last & J_SELECT)) {
    000010C2 CB 77            [ 8] 3697 	bit	6, a
    000010C4 28 25            [12] 3698 	jr	Z, 00139$
    000010C6 E5               [16] 3699 	push	hl
    000010C7 F8 02            [12] 3700 	ldhl	sp,	#2
    000010C9 CB 76            [12] 3701 	bit	6, (hl)
    000010CB E1               [12] 3702 	pop	hl
    000010CC 20 1D            [12] 3703 	jr	NZ, 00139$
                                   3704 ;src/main.c:900: dt_audio_play_sfx(SFX_MENU_MOVE);
    000010CE AF               [ 4] 3705 	xor	a, a
    000010CF F5               [16] 3706 	push	af
    000010D0 33               [ 8] 3707 	inc	sp
    000010D1 1Er00            [ 8] 3708 	ld	e, #b_dt_audio_play_sfx
    000010D3 21r00r00         [12] 3709 	ld	hl, #_dt_audio_play_sfx
    000010D6 CDr00r00         [24] 3710 	call	___sdcc_bcall_ehl
    000010D9 33               [ 8] 3711 	inc	sp
                                   3712 ;src/main.c:901: page = (page + 1u) % 3u;
    000010DA F8 01            [12] 3713 	ldhl	sp,	#1
    000010DC 5E               [ 8] 3714 	ld	e, (hl)
    000010DD 16 00            [ 8] 3715 	ld	d, #0x00
    000010DF 13               [ 8] 3716 	inc	de
    000010E0 01 03 00         [12] 3717 	ld	bc, #0x0003
    000010E3 CDr00r00         [24] 3718 	call	__moduint
    000010E6 F8 01            [12] 3719 	ldhl	sp,	#1
    000010E8 71               [ 8] 3720 	ld	(hl), c
                                   3721 ;src/main.c:902: break;
    000010E9 18 31            [12] 3722 	jr	00148$
    000010EB                       3723 00139$:
                                   3724 ;src/main.c:904: if (((keys & J_START) && !(last & J_START)) || ((keys & J_A) && !(last & J_A))) {
    000010EB CB 7F            [ 8] 3725 	bit	7, a
    000010ED 28 08            [12] 3726 	jr	Z, 00145$
    000010EF E5               [16] 3727 	push	hl
    000010F0 F8 02            [12] 3728 	ldhl	sp,	#2
    000010F2 CB 7E            [12] 3729 	bit	7, (hl)
    000010F4 E1               [12] 3730 	pop	hl
    000010F5 28 0C            [12] 3731 	jr	Z, 00141$
    000010F7                       3732 00145$:
    000010F7 CB 67            [ 8] 3733 	bit	4, a
    000010F9 28 1B            [12] 3734 	jr	Z, 00142$
    000010FB E5               [16] 3735 	push	hl
    000010FC F8 02            [12] 3736 	ldhl	sp,	#2
    000010FE CB 66            [12] 3737 	bit	4, (hl)
    00001100 E1               [12] 3738 	pop	hl
    00001101 20 13            [12] 3739 	jr	NZ, 00142$
    00001103                       3740 00141$:
                                   3741 ;src/main.c:905: dt_audio_play_sfx(SFX_CANCEL);
    00001103 3E 02            [ 8] 3742 	ld	a, #0x02
    00001105 F5               [16] 3743 	push	af
    00001106 33               [ 8] 3744 	inc	sp
    00001107 1Er00            [ 8] 3745 	ld	e, #b_dt_audio_play_sfx
    00001109 21r00r00         [12] 3746 	ld	hl, #_dt_audio_play_sfx
    0000110C CDr00r00         [24] 3747 	call	___sdcc_bcall_ehl
                                   3748 ;src/main.c:906: waitpadup();
    0000110F E8 03            [16] 3749 	add	sp, #3
    00001111 C3r00r00         [16] 3750 	jp	_waitpadup
                                   3751 ;src/main.c:907: return;
    00001114 18 10            [12] 3752 	jr	00152$
    00001116                       3753 00142$:
                                   3754 ;src/main.c:909: last = keys;
    00001116 F8 00            [12] 3755 	ldhl	sp,	#0
    00001118 77               [ 8] 3756 	ld	(hl), a
    00001119 C3r89r10         [16] 3757 	jp	00147$
    0000111C                       3758 00148$:
                                   3759 ;src/main.c:911: waitpadup();
    0000111C CDr00r00         [24] 3760 	call	_waitpadup
                                   3761 ;src/main.c:912: last = 0u;
    0000111F F8 00            [12] 3762 	ldhl	sp,	#0
    00001121 36 00            [12] 3763 	ld	(hl), #0x00
    00001123 C3r2Fr0F         [16] 3764 	jp	00150$
    00001126                       3765 00152$:
                                   3766 ;src/main.c:914: }
    00001126 33               [ 8] 3767 	inc	sp
    00001127 33               [ 8] 3768 	inc	sp
    00001128 C9               [16] 3769 	ret
    00001129                       3770 ___str_22:
    00001129 50 41 43 4B           3771 	.ascii "PACK"
    0000112D 0A                    3772 	.db 0x0a
    0000112E 0A                    3773 	.db 0x0a
    0000112F 00                    3774 	.db 0x00
    00001130                       3775 ___str_23:
    00001130 0A                    3776 	.db 0x0a
    00001131 42 61 67 3A           3777 	.ascii "Bag:"
    00001135 0A                    3778 	.db 0x0a
    00001136 00                    3779 	.db 0x00
    00001137                       3780 ___str_24:
    00001137 20 20 6E 6F 74 68 69  3781 	.ascii "  nothing yet"
             6E 67 20 79 65 74
    00001144 00                    3782 	.db 0x00
    00001145                       3783 ___str_25:
    00001145 20 20 73 6F 66 74 70  3784 	.ascii "  softphones"
             68 6F 6E 65 73
    00001151 0A                    3785 	.db 0x0a
    00001152 00                    3786 	.db 0x00
    00001153                       3787 ___str_26:
    00001153 20 20 6E 69 67 68 74  3788 	.ascii "  night broth"
             20 62 72 6F 74 68
    00001160 0A                    3789 	.db 0x0a
    00001161 00                    3790 	.db 0x00
    00001162                       3791 ___str_27:
    00001162 20 20 6D 69 6E 69 2D  3792 	.ascii "  mini-disc"
             64 69 73 63
    0000116D 0A                    3793 	.db 0x0a
    0000116E 00                    3794 	.db 0x00
    0000116F                       3795 ___str_28:
    0000116F 20 20 67 6C 6F 77 20  3796 	.ascii "  glow poster"
             70 6F 73 74 65 72
    0000117C 0A                    3797 	.db 0x0a
    0000117D 00                    3798 	.db 0x00
    0000117E                       3799 ___str_29:
    0000117E 20 20 6E 65 6F 6E 20  3800 	.ascii "  neon lamp"
             6C 61 6D 70
    00001189 0A                    3801 	.db 0x0a
    0000118A 00                    3802 	.db 0x00
    0000118B                       3803 ___str_30:
    0000118B 20 20 63 72 61 74 65  3804 	.ascii "  crate shelf"
             20 73 68 65 6C 66
    00001198 0A                    3805 	.db 0x0a
    00001199 00                    3806 	.db 0x00
    0000119A                       3807 ___str_31:
    0000119A 20 20 66 69 73 68 20  3808 	.ascii "  fish tank"
             74 61 6E 6B
    000011A5 0A                    3809 	.db 0x0a
    000011A6 00                    3810 	.db 0x00
    000011A7                       3811 ___str_32:
    000011A7 20 20 70 6F 63 6B 65  3812 	.ascii "  pocket dock"
             74 20 64 6F 63 6B
    000011B4 0A                    3813 	.db 0x0a
    000011B5 00                    3814 	.db 0x00
    000011B6                       3815 ___str_33:
    000011B6 54 55 4E 45 53        3816 	.ascii "TUNES"
    000011BB 0A                    3817 	.db 0x0a
    000011BC 0A                    3818 	.db 0x0a
    000011BD 43 6F 6C 6C 65 63 74  3819 	.ascii "Collected:"
             65 64 3A
    000011C7 0A                    3820 	.db 0x0a
    000011C8 00                    3821 	.db 0x00
    000011C9                       3822 ___str_34:
    000011C9 20 20 6E 6F 20 74 61  3823 	.ascii "  no tapes yet"
             70 65 73 20 79 65 74
    000011D7 0A                    3824 	.db 0x0a
    000011D8 0A                    3825 	.db 0x0a
    000011D9 00                    3826 	.db 0x00
    000011DA                       3827 ___str_35:
    000011DA 46 69 6E 69 73 68 20  3828 	.ascii "Finish errands and keep"
             65 72 72 61 6E 64 73
             20 61 6E 64 20 6B 65
             65 70
    000011F1 0A                    3829 	.db 0x0a
    000011F2 61 6E 20 65 61 72 20  3830 	.ascii "an ear out for bootlegs."
             6F 75 74 20 66 6F 72
             20 62 6F 6F 74 6C 65
             67 73 2E
    0000120A 00                    3831 	.db 0x00
    0000120B                       3832 ___str_36:
    0000120B 20 20 52 61 69 6E 20  3833 	.ascii "  Rain Loop"
             4C 6F 6F 70
    00001216 0A                    3834 	.db 0x0a
    00001217 00                    3835 	.db 0x00
    00001218                       3836 ___str_37:
    00001218 20 20 56 65 6E 64 69  3837 	.ascii "  Vending Dreams"
             6E 67 20 44 72 65 61
             6D 73
    00001228 0A                    3838 	.db 0x0a
    00001229 00                    3839 	.db 0x00
    0000122A                       3840 ___str_38:
    0000122A 20 20 52 6F 6F 66 74  3841 	.ascii "  Rooftop Set"
             6F 70 20 53 65 74
    00001237 0A                    3842 	.db 0x0a
    00001238 00                    3843 	.db 0x00
    00001239                       3844 ___str_39:
    00001239 0A                    3845 	.db 0x0a
    0000123A 44 65 63 6B 3A 20     3846 	.ascii "Deck: "
    00001240 00                    3847 	.db 0x00
    00001241                       3848 ___str_40:
    00001241 0A                    3849 	.db 0x0a
    00001242 55 73 65 20 79 6F 75  3850 	.ascii "Use your home deck"
             72 20 68 6F 6D 65 20
             64 65 63 6B
    00001254 0A                    3851 	.db 0x0a
    00001255 74 6F 20 73 77 61 70  3852 	.ascii "to swap records."
             20 72 65 63 6F 72 64
             73 2E
    00001265 00                    3853 	.db 0x00
    00001266                       3854 ___str_41:
    00001266 52 4F 4F 4D           3855 	.ascii "ROOM"
    0000126A 0A                    3856 	.db 0x0a
    0000126B 0A                    3857 	.db 0x0a
    0000126C 00                    3858 	.db 0x00
    0000126D                       3859 ___str_42:
    0000126D 53 6C 6F 74 20 31 3A  3860 	.ascii "Slot 1: "
             20
    00001275 00                    3861 	.db 0x00
    00001276                       3862 ___str_43:
    00001276 0A                    3863 	.db 0x0a
    00001277 00                    3864 	.db 0x00
    00001278                       3865 ___str_44:
    00001278 53 6C 6F 74 20 32 3A  3866 	.ascii "Slot 2: "
             20
    00001280 00                    3867 	.db 0x00
    00001281                       3868 ___str_45:
    00001281 53 6C 6F 74 20 33 3A  3869 	.ascii "Slot 3: "
             20
    00001289 00                    3870 	.db 0x00
    0000128A                       3871 ___str_46:
    0000128A 0A                    3872 	.db 0x0a
    0000128B 0A                    3873 	.db 0x0a
    0000128C 55 73 65 20 79 6F 75  3874 	.ascii "Use your apartment shelf"
             72 20 61 70 61 72 74
             6D 65 6E 74 20 73 68
             65 6C 66
    000012A4 0A                    3875 	.db 0x0a
    000012A5 70 61 64 73 20 74 6F  3876 	.ascii "pads to place decor."
             20 70 6C 61 63 65 20
             64 65 63 6F 72 2E
    000012B9 00                    3877 	.db 0x00
    000012BA                       3878 ___str_47:
    000012BA 4C 45 46 54 2F 52 49  3879 	.ascii "LEFT/RIGHT TAB  MENU"
             47 48 54 20 54 41 42
             20 20 4D 45 4E 55
    000012CE 00                    3880 	.db 0x00
                                   3881 ;src/main.c:916: static void help_screen(void) {
                                   3882 ;	---------------------------------
                                   3883 ; Function help_screen
                                   3884 ; ---------------------------------
    000012CF                       3885 _help_screen:
                                   3886 ;src/main.c:921: );
                                   3887 ;src/main.c:919: "WHEEL moves.\nSELECT talks.\nLEFT pack.\nRIGHT tunes.\nSouth road leads to wheels.",
                                   3888 ;src/main.c:918: "HELP",
    000012CF 11r31r13         [12] 3889 	ld	de, #___str_50
    000012D2 D5               [16] 3890 	push	de
    000012D3 01rE2r12         [12] 3891 	ld	bc, #___str_49
    000012D6 11rDDr12         [12] 3892 	ld	de, #___str_48
    000012D9 CDrBFr0B         [24] 3893 	call	_show_message
                                   3894 ;src/main.c:922: }
    000012DC C9               [16] 3895 	ret
    000012DD                       3896 ___str_48:
    000012DD 48 45 4C 50           3897 	.ascii "HELP"
    000012E1 00                    3898 	.db 0x00
    000012E2                       3899 ___str_49:
    000012E2 57 48 45 45 4C 20 6D  3900 	.ascii "WHEEL moves."
             6F 76 65 73 2E
    000012EE 0A                    3901 	.db 0x0a
    000012EF 53 45 4C 45 43 54 20  3902 	.ascii "SELECT talks."
             74 61 6C 6B 73 2E
    000012FC 0A                    3903 	.db 0x0a
    000012FD 4C 45 46 54 20 70 61  3904 	.ascii "LEFT pack."
             63 6B 2E
    00001307 0A                    3905 	.db 0x0a
    00001308 52 49 47 48 54 20 74  3906 	.ascii "RIGHT tunes."
             75 6E 65 73 2E
    00001314 0A                    3907 	.db 0x0a
    00001315 53 6F 75 74 68 20 72  3908 	.ascii "South road leads to wheels."
             6F 61 64 20 6C 65 61
             64 73 20 74 6F 20 77
             68 65 65 6C 73 2E
    00001330 00                    3909 	.db 0x00
    00001331                       3910 ___str_50:
    00001331 53 45 4C 45 43 54 20  3911 	.ascii "SELECT CLOSE"
             43 4C 4F 53 45
    0000133D 00                    3912 	.db 0x00
                                   3913 ;src/main.c:924: static void options_screen(void) {
                                   3914 ;	---------------------------------
                                   3915 ; Function options_screen
                                   3916 ; ---------------------------------
    0000133E                       3917 _options_screen:
                                   3918 ;src/main.c:932: choice = menu_screen("OPTIONS", "Pick a screen mood", items, 3u, palette_mood);
    0000133E FAr10r00         [16] 3919 	ld	a, (_palette_mood)
    00001341 67               [ 4] 3920 	ld	h, a
    00001342 2E 03            [ 8] 3921 	ld	l, #0x03
    00001344 E5               [16] 3922 	push	hl
    00001345 11r59r13         [12] 3923 	ld	de, #_options_screen_items_10000_559
    00001348 D5               [16] 3924 	push	de
    00001349 01r8Br13         [12] 3925 	ld	bc, #___str_55
    0000134C 11r83r13         [12] 3926 	ld	de, #___str_54
    0000134F CDr28r0C         [24] 3927 	call	_menu_screen
                                   3928 ;src/main.c:933: if (choice < 2u) {
    00001352 FE 02            [ 8] 3929 	cp	a, #0x02
    00001354 D0               [20] 3930 	ret	NC
                                   3931 ;src/main.c:934: palette_mood = choice;
    00001355 EAr10r00         [16] 3932 	ld	(#_palette_mood),a
                                   3933 ;src/main.c:936: }
    00001358 C9               [16] 3934 	ret
    00001359                       3935 _options_screen_items_10000_559:
    00001359r5Fr13                 3936 	.dw ___str_51
    0000135Br6Fr13                 3937 	.dw ___str_52
    0000135Dr7Er13                 3938 	.dw ___str_53
    0000135F                       3939 ___str_51:
    0000135F 53 6F 66 74 20 6E 69  3940 	.ascii "Soft night tint"
             67 68 74 20 74 69 6E
             74
    0000136E 00                    3941 	.db 0x00
    0000136F                       3942 ___str_52:
    0000136F 53 68 61 72 70 20 63  3943 	.ascii "Sharp contrast"
             6F 6E 74 72 61 73 74
    0000137D 00                    3944 	.db 0x00
    0000137E                       3945 ___str_53:
    0000137E 42 61 63 6B           3946 	.ascii "Back"
    00001382 00                    3947 	.db 0x00
    00001383                       3948 ___str_54:
    00001383 4F 50 54 49 4F 4E 53  3949 	.ascii "OPTIONS"
    0000138A 00                    3950 	.db 0x00
    0000138B                       3951 ___str_55:
    0000138B 50 69 63 6B 20 61 20  3952 	.ascii "Pick a screen mood"
             73 63 72 65 65 6E 20
             6D 6F 6F 64
    0000139D 00                    3953 	.db 0x00
                                   3954 ;src/main.c:938: static void decor_screen(void) {
                                   3955 ;	---------------------------------
                                   3956 ; Function decor_screen
                                   3957 ; ---------------------------------
    0000139E                       3958 _decor_screen:
    0000139E 3B               [ 8] 3959 	dec	sp
                                   3960 ;src/main.c:959: slot = menu_screen("DECOR", "Pick a room slot", slot_items, 4u, 0u);
    0000139F 21 04 00         [12] 3961 	ld	hl, #0x04
    000013A2 E5               [16] 3962 	push	hl
    000013A3 11r4Er14         [12] 3963 	ld	de, #_decor_screen_slot_items_10000_563
    000013A6 D5               [16] 3964 	push	de
    000013A7 01rA6r14         [12] 3965 	ld	bc, #___str_67
    000013AA 11rA0r14         [12] 3966 	ld	de, #___str_66
    000013AD CDr28r0C         [24] 3967 	call	_menu_screen
                                   3968 ;src/main.c:960: if (slot == 3u) {
    000013B0 F8 00            [12] 3969 	ldhl	sp,#0
    000013B2 77               [ 8] 3970 	ld	(hl), a
    000013B3 D6 03            [ 8] 3971 	sub	a, #0x03
    000013B5 CAr4Cr14         [16] 3972 	jp	Z, 00128$
                                   3973 ;src/main.c:961: return;
                                   3974 ;src/main.c:964: choice = menu_screen("DECOR", "Pick an item", decor_items, 7u, 0u);
    000013B8 21 07 00         [12] 3975 	ld	hl, #0x07
    000013BB E5               [16] 3976 	push	hl
    000013BC 11r56r14         [12] 3977 	ld	de, #_decor_screen_decor_items_10000_563
    000013BF D5               [16] 3978 	push	de
    000013C0 01rB7r14         [12] 3979 	ld	bc, #___str_68
    000013C3 11rA0r14         [12] 3980 	ld	de, #___str_66
    000013C6 CDr28r0C         [24] 3981 	call	_menu_screen
                                   3982 ;src/main.c:965: if (choice == 6u) {
    000013C9 4F               [ 4] 3983 	ld	c, a
    000013CA D6 06            [ 8] 3984 	sub	a, #0x06
    000013CC CAr4Cr14         [16] 3985 	jp	Z, 00128$
                                   3986 ;src/main.c:966: return;
                                   3987 ;src/main.c:969: if (choice == 0u) {
    000013CF 79               [ 4] 3988 	ld	a, c
    000013D0 B7               [ 4] 3989 	or	a, a
    000013D1 20 13            [12] 3990 	jr	NZ, 00106$
                                   3991 ;src/main.c:970: decor_slots[slot] = DECOR_NONE;
    000013D3 01r0Cr00         [12] 3992 	ld	bc, #_decor_slots+0
    000013D6 F8 00            [12] 3993 	ldhl	sp,	#0
    000013D8 6E               [ 8] 3994 	ld	l, (hl)
    000013D9 26 00            [ 8] 3995 	ld	h, #0x00
    000013DB 09               [ 8] 3996 	add	hl, bc
    000013DC 4D               [ 4] 3997 	ld	c, l
    000013DD 44               [ 4] 3998 	ld	b, h
    000013DE AF               [ 4] 3999 	xor	a, a
    000013DF 02               [ 8] 4000 	ld	(bc), a
                                   4001 ;src/main.c:971: load_room();
    000013E0 33               [ 8] 4002 	inc	sp
    000013E1 C3r87r06         [16] 4003 	jp	_load_room
                                   4004 ;src/main.c:972: return;
    000013E4 18 66            [12] 4005 	jr	00128$
    000013E6                       4006 00106$:
                                   4007 ;src/main.c:975: needed_item = 0u;
    000013E6 06 00            [ 8] 4008 	ld	b, #0x00
                                   4009 ;src/main.c:976: if (choice == DECOR_POSTER) needed_item = ITEM_POSTER;
    000013E8 79               [ 4] 4010 	ld	a, c
    000013E9 3D               [ 4] 4011 	dec	a
    000013EA 20 04            [12] 4012 	jr	NZ, 00119$
    000013EC 06 08            [ 8] 4013 	ld	b, #0x08
    000013EE 18 22            [12] 4014 	jr	00120$
    000013F0                       4015 00119$:
                                   4016 ;src/main.c:977: else if (choice == DECOR_LAMP) needed_item = ITEM_LAMP;
    000013F0 79               [ 4] 4017 	ld	a, c
    000013F1 D6 02            [ 8] 4018 	sub	a, #0x02
    000013F3 20 04            [12] 4019 	jr	NZ, 00116$
    000013F5 06 10            [ 8] 4020 	ld	b, #0x10
    000013F7 18 19            [12] 4021 	jr	00120$
    000013F9                       4022 00116$:
                                   4023 ;src/main.c:978: else if (choice == DECOR_SHELF) needed_item = ITEM_SHELF;
    000013F9 79               [ 4] 4024 	ld	a, c
    000013FA D6 03            [ 8] 4025 	sub	a, #0x03
    000013FC 20 04            [12] 4026 	jr	NZ, 00113$
    000013FE 06 20            [ 8] 4027 	ld	b, #0x20
    00001400 18 10            [12] 4028 	jr	00120$
    00001402                       4029 00113$:
                                   4030 ;src/main.c:979: else if (choice == DECOR_TANK) needed_item = ITEM_TANK;
    00001402 79               [ 4] 4031 	ld	a, c
    00001403 D6 04            [ 8] 4032 	sub	a, #0x04
    00001405 20 04            [12] 4033 	jr	NZ, 00110$
    00001407 06 40            [ 8] 4034 	ld	b, #0x40
    00001409 18 07            [12] 4035 	jr	00120$
    0000140B                       4036 00110$:
                                   4037 ;src/main.c:980: else if (choice == DECOR_DOCK) needed_item = ITEM_DOCK;
    0000140B 79               [ 4] 4038 	ld	a, c
    0000140C D6 05            [ 8] 4039 	sub	a, #0x05
    0000140E 20 02            [12] 4040 	jr	NZ, 00120$
    00001410 06 80            [ 8] 4041 	ld	b, #0x80
    00001412                       4042 00120$:
                                   4043 ;src/main.c:982: if (!has_item(needed_item)) {
    00001412 C5               [16] 4044 	push	bc
    00001413 78               [ 4] 4045 	ld	a, b
    00001414 CDr10r01         [24] 4046 	call	_has_item
    00001417 C1               [12] 4047 	pop	bc
    00001418 B7               [ 4] 4048 	or	a, a
    00001419 20 0F            [12] 4049 	jr	NZ, 00140$
                                   4050 ;src/main.c:983: show_message("ROOM", "You do not own that piece yet.", "SELECT CLOSE");
    0000141B 11rE8r14         [12] 4051 	ld	de, #___str_71
    0000141E D5               [16] 4052 	push	de
    0000141F 01rC9r14         [12] 4053 	ld	bc, #___str_70
    00001422 11rC4r14         [12] 4054 	ld	de, #___str_69
    00001425 CDrBFr0B         [24] 4055 	call	_show_message
                                   4056 ;src/main.c:984: return;
    00001428 18 22            [12] 4057 	jr	00128$
                                   4058 ;src/main.c:987: for (i = 0u; i != 3u; ++i) {
    0000142A                       4059 00140$:
    0000142A 11r0Cr00         [12] 4060 	ld	de, #_decor_slots+0
    0000142D 06 00            [ 8] 4061 	ld	b, #0x00
    0000142F                       4062 00126$:
                                   4063 ;src/main.c:988: if (decor_slots[i] == choice) {
    0000142F 68               [ 4] 4064 	ld	l, b
    00001430 26 00            [ 8] 4065 	ld	h, #0x00
    00001432 19               [ 8] 4066 	add	hl, de
    00001433 7E               [ 8] 4067 	ld	a, (hl)
                                   4068 ;src/main.c:989: decor_slots[i] = DECOR_NONE;
    00001434 91               [ 4] 4069 	sub	a, c
    00001435 20 01            [12] 4070 	jr	NZ, 00127$
    00001437 77               [ 8] 4071 	ld	(hl), a
    00001438                       4072 00127$:
                                   4073 ;src/main.c:987: for (i = 0u; i != 3u; ++i) {
    00001438 04               [ 4] 4074 	inc	b
    00001439 78               [ 4] 4075 	ld	a, b
    0000143A D6 03            [ 8] 4076 	sub	a, #0x03
    0000143C 20 F1            [12] 4077 	jr	NZ, 00126$
                                   4078 ;src/main.c:992: decor_slots[slot] = choice;
    0000143E F8 00            [12] 4079 	ldhl	sp,	#0
    00001440 6E               [ 8] 4080 	ld	l, (hl)
    00001441 26 00            [ 8] 4081 	ld	h, #0x00
    00001443 19               [ 8] 4082 	add	hl, de
    00001444 5D               [ 4] 4083 	ld	e, l
    00001445 54               [ 4] 4084 	ld	d, h
    00001446 79               [ 4] 4085 	ld	a, c
    00001447 12               [ 8] 4086 	ld	(de), a
                                   4087 ;src/main.c:993: load_room();
    00001448 33               [ 8] 4088 	inc	sp
    00001449 C3r87r06         [16] 4089 	jp	_load_room
    0000144C                       4090 00128$:
                                   4091 ;src/main.c:994: }
    0000144C 33               [ 8] 4092 	inc	sp
    0000144D C9               [16] 4093 	ret
    0000144E                       4094 _decor_screen_slot_items_10000_563:
    0000144Er64r14                 4095 	.dw ___str_56
    00001450r6Br14                 4096 	.dw ___str_57
    00001452r72r14                 4097 	.dw ___str_58
    00001454r79r14                 4098 	.dw ___str_59
    00001456                       4099 _decor_screen_decor_items_10000_563:
    00001456r7Er14                 4100 	.dw ___str_60
    00001458r84r14                 4101 	.dw ___str_61
    0000145Ar8Br14                 4102 	.dw ___str_62
    0000145Cr90r14                 4103 	.dw ___str_63
    0000145Er96r14                 4104 	.dw ___str_64
    00001460r9Br14                 4105 	.dw ___str_65
    00001462r79r14                 4106 	.dw ___str_59
    00001464                       4107 ___str_56:
    00001464 53 6C 6F 74 20 31     4108 	.ascii "Slot 1"
    0000146A 00                    4109 	.db 0x00
    0000146B                       4110 ___str_57:
    0000146B 53 6C 6F 74 20 32     4111 	.ascii "Slot 2"
    00001471 00                    4112 	.db 0x00
    00001472                       4113 ___str_58:
    00001472 53 6C 6F 74 20 33     4114 	.ascii "Slot 3"
    00001478 00                    4115 	.db 0x00
    00001479                       4116 ___str_59:
    00001479 42 61 63 6B           4117 	.ascii "Back"
    0000147D 00                    4118 	.db 0x00
    0000147E                       4119 ___str_60:
    0000147E 43 6C 65 61 72        4120 	.ascii "Clear"
    00001483 00                    4121 	.db 0x00
    00001484                       4122 ___str_61:
    00001484 50 6F 73 74 65 72     4123 	.ascii "Poster"
    0000148A 00                    4124 	.db 0x00
    0000148B                       4125 ___str_62:
    0000148B 4C 61 6D 70           4126 	.ascii "Lamp"
    0000148F 00                    4127 	.db 0x00
    00001490                       4128 ___str_63:
    00001490 53 68 65 6C 66        4129 	.ascii "Shelf"
    00001495 00                    4130 	.db 0x00
    00001496                       4131 ___str_64:
    00001496 54 61 6E 6B           4132 	.ascii "Tank"
    0000149A 00                    4133 	.db 0x00
    0000149B                       4134 ___str_65:
    0000149B 44 6F 63 6B           4135 	.ascii "Dock"
    0000149F 00                    4136 	.db 0x00
    000014A0                       4137 ___str_66:
    000014A0 44 45 43 4F 52        4138 	.ascii "DECOR"
    000014A5 00                    4139 	.db 0x00
    000014A6                       4140 ___str_67:
    000014A6 50 69 63 6B 20 61 20  4141 	.ascii "Pick a room slot"
             72 6F 6F 6D 20 73 6C
             6F 74
    000014B6 00                    4142 	.db 0x00
    000014B7                       4143 ___str_68:
    000014B7 50 69 63 6B 20 61 6E  4144 	.ascii "Pick an item"
             20 69 74 65 6D
    000014C3 00                    4145 	.db 0x00
    000014C4                       4146 ___str_69:
    000014C4 52 4F 4F 4D           4147 	.ascii "ROOM"
    000014C8 00                    4148 	.db 0x00
    000014C9                       4149 ___str_70:
    000014C9 59 6F 75 20 64 6F 20  4150 	.ascii "You do not own that piece yet."
             6E 6F 74 20 6F 77 6E
             20 74 68 61 74 20 70
             69 65 63 65 20 79 65
             74 2E
    000014E7 00                    4151 	.db 0x00
    000014E8                       4152 ___str_71:
    000014E8 53 45 4C 45 43 54 20  4153 	.ascii "SELECT CLOSE"
             43 4C 4F 53 45
    000014F4 00                    4154 	.db 0x00
                                   4155 ;src/main.c:996: static void pause_menu(void) {
                                   4156 ;	---------------------------------
                                   4157 ; Function pause_menu
                                   4158 ; ---------------------------------
    000014F5                       4159 _pause_menu:
                                   4160 ;src/main.c:1006: choice = menu_screen("PAUSE", "Block breather", items, 5u, 0u);
    000014F5 21 05 00         [12] 4161 	ld	hl, #0x05
    000014F8 E5               [16] 4162 	push	hl
    000014F9 11r22r15         [12] 4163 	ld	de, #_pause_menu_items_10000_582
    000014FC D5               [16] 4164 	push	de
    000014FD 01r51r15         [12] 4165 	ld	bc, #___str_78
    00001500 11r4Br15         [12] 4166 	ld	de, #___str_77
    00001503 CDr28r0C         [24] 4167 	call	_menu_screen
                                   4168 ;src/main.c:1007: if (choice == 1u) inventory_screen(0u);
    00001506 FE 01            [ 8] 4169 	cp	a, #0x01
    00001508 20 04            [12] 4170 	jr	NZ, 00110$
    0000150A AF               [ 4] 4171 	xor	a, a
    0000150B C3r28r0F         [16] 4172 	jp	_inventory_screen
    0000150E                       4173 00110$:
                                   4174 ;src/main.c:1008: else if (choice == 2u) inventory_screen(1u);
    0000150E FE 02            [ 8] 4175 	cp	a, #0x02
    00001510 20 05            [12] 4176 	jr	NZ, 00107$
    00001512 3E 01            [ 8] 4177 	ld	a, #0x01
    00001514 C3r28r0F         [16] 4178 	jp	_inventory_screen
    00001517                       4179 00107$:
                                   4180 ;src/main.c:1009: else if (choice == 3u) help_screen();
    00001517 FE 03            [ 8] 4181 	cp	a, #0x03
    00001519 CArCFr12         [16] 4182 	jp	Z, _help_screen
                                   4183 ;src/main.c:1010: else if (choice == 4u) options_screen();
    0000151C D6 04            [ 8] 4184 	sub	a, #0x04
    0000151E CAr3Er13         [16] 4185 	jp	Z, _options_screen
                                   4186 ;src/main.c:1011: }
    00001521 C9               [16] 4187 	ret
    00001522                       4188 _pause_menu_items_10000_582:
    00001522r2Cr15                 4189 	.dw ___str_72
    00001524r33r15                 4190 	.dw ___str_73
    00001526r38r15                 4191 	.dw ___str_74
    00001528r3Er15                 4192 	.dw ___str_75
    0000152Ar43r15                 4193 	.dw ___str_76
    0000152C                       4194 ___str_72:
    0000152C 52 65 73 75 6D 65     4195 	.ascii "Resume"
    00001532 00                    4196 	.db 0x00
    00001533                       4197 ___str_73:
    00001533 50 61 63 6B           4198 	.ascii "Pack"
    00001537 00                    4199 	.db 0x00
    00001538                       4200 ___str_74:
    00001538 54 75 6E 65 73        4201 	.ascii "Tunes"
    0000153D 00                    4202 	.db 0x00
    0000153E                       4203 ___str_75:
    0000153E 48 65 6C 70           4204 	.ascii "Help"
    00001542 00                    4205 	.db 0x00
    00001543                       4206 ___str_76:
    00001543 4F 70 74 69 6F 6E 73  4207 	.ascii "Options"
    0000154A 00                    4208 	.db 0x00
    0000154B                       4209 ___str_77:
    0000154B 50 41 55 53 45        4210 	.ascii "PAUSE"
    00001550 00                    4211 	.db 0x00
    00001551                       4212 ___str_78:
    00001551 42 6C 6F 63 6B 20 62  4213 	.ascii "Block breather"
             72 65 61 74 68 65 72
    0000155F 00                    4214 	.db 0x00
                                   4215 ;src/main.c:1013: static void reward_task(const task_t *task) {
                                   4216 ;	---------------------------------
                                   4217 ; Function reward_task
                                   4218 ; ---------------------------------
    00001560                       4219 _reward_task:
                                   4220 ;src/main.c:1014: task_done = 1u;
    00001560 21r09r00         [12] 4221 	ld	hl, #_task_done
    00001563 36 01            [12] 4222 	ld	(hl), #0x01
                                   4223 ;src/main.c:1015: inventory &= (uint8_t)~task->required_item;
    00001565 6B               [ 4] 4224 	ld	l, e
    00001566 62               [ 4] 4225 	ld	h, d
    00001567 23               [ 8] 4226 	inc	hl
    00001568 7E               [ 8] 4227 	ld	a, (hl)
    00001569 2F               [ 4] 4228 	cpl
    0000156A 21r0Ar00         [12] 4229 	ld	hl, #_inventory
    0000156D A6               [ 8] 4230 	and	a, (hl)
    0000156E 77               [ 8] 4231 	ld	(hl), a
                                   4232 ;src/main.c:1016: credits += task->reward_credits;
    0000156F 6B               [ 4] 4233 	ld	l, e
    00001570 62               [ 4] 4234 	ld	h, d
    00001571 23               [ 8] 4235 	inc	hl
    00001572 23               [ 8] 4236 	inc	hl
    00001573 23               [ 8] 4237 	inc	hl
    00001574 7E               [ 8] 4238 	ld	a, (hl)
    00001575 21r06r00         [12] 4239 	ld	hl, #_credits
    00001578 86               [ 8] 4240 	add	a, (hl)
    00001579 77               [ 8] 4241 	ld	(hl), a
                                   4242 ;src/main.c:1017: media |= task->reward_media;
    0000157A 13               [ 8] 4243 	inc	de
    0000157B 13               [ 8] 4244 	inc	de
    0000157C 1A               [ 8] 4245 	ld	a, (de)
    0000157D 21r0Br00         [12] 4246 	ld	hl, #_media
    00001580 B6               [ 8] 4247 	or	a, (hl)
    00001581 77               [ 8] 4248 	ld	(hl), a
                                   4249 ;src/main.c:1018: if (dt_audio_get_home_record() == RECORD_NONE) {
    00001582 D5               [16] 4250 	push	de
    00001583 1Er00            [ 8] 4251 	ld	e, #b_dt_audio_get_home_record
    00001585 21r00r00         [12] 4252 	ld	hl, #_dt_audio_get_home_record
    00001588 CDr00r00         [24] 4253 	call	___sdcc_bcall_ehl
    0000158B D1               [12] 4254 	pop	de
    0000158C B7               [ 4] 4255 	or	a, a
    0000158D 20 17            [12] 4256 	jr	NZ, 00102$
                                   4257 ;src/main.c:1019: dt_audio_set_home_record(dt_record_from_media(task->reward_media));
    0000158F 1A               [ 8] 4258 	ld	a, (de)
    00001590 F5               [16] 4259 	push	af
    00001591 33               [ 8] 4260 	inc	sp
    00001592 1Er00            [ 8] 4261 	ld	e, #b_dt_record_from_media
    00001594 21r00r00         [12] 4262 	ld	hl, #_dt_record_from_media
    00001597 CDr00r00         [24] 4263 	call	___sdcc_bcall_ehl
    0000159A 33               [ 8] 4264 	inc	sp
    0000159B F5               [16] 4265 	push	af
    0000159C 33               [ 8] 4266 	inc	sp
    0000159D 1Er00            [ 8] 4267 	ld	e, #b_dt_audio_set_home_record
    0000159F 21r00r00         [12] 4268 	ld	hl, #_dt_audio_set_home_record
    000015A2 CDr00r00         [24] 4269 	call	___sdcc_bcall_ehl
    000015A5 33               [ 8] 4270 	inc	sp
    000015A6                       4271 00102$:
                                   4272 ;src/main.c:1021: dt_audio_play_sfx(SFX_REWARD);
    000015A6 3E 04            [ 8] 4273 	ld	a, #0x04
    000015A8 F5               [16] 4274 	push	af
    000015A9 33               [ 8] 4275 	inc	sp
    000015AA 1Er00            [ 8] 4276 	ld	e, #b_dt_audio_play_sfx
    000015AC 21r00r00         [12] 4277 	ld	hl, #_dt_audio_play_sfx
    000015AF CDr00r00         [24] 4278 	call	___sdcc_bcall_ehl
    000015B2 33               [ 8] 4279 	inc	sp
                                   4280 ;src/main.c:1022: }
    000015B3 C9               [16] 4281 	ret
                                   4282 ;src/main.c:1024: static void give_item_message(const char *title, const char *body, uint8_t item) {
                                   4283 ;	---------------------------------
                                   4284 ; Function give_item_message
                                   4285 ; ---------------------------------
    000015B4                       4286 _give_item_message:
                                   4287 ;src/main.c:1025: add_item(item);
    000015B4 C5               [16] 4288 	push	bc
    000015B5 D5               [16] 4289 	push	de
    000015B6 F8 06            [12] 4290 	ldhl	sp,	#6
    000015B8 7E               [ 8] 4291 	ld	a, (hl)
    000015B9 CDr1Cr01         [24] 4292 	call	_add_item
    000015BC D1               [12] 4293 	pop	de
    000015BD C1               [12] 4294 	pop	bc
                                   4295 ;src/main.c:1026: show_message(title, body, "SELECT CLOSE");
    000015BE 21rC8r15         [12] 4296 	ld	hl, #___str_79
    000015C1 E5               [16] 4297 	push	hl
    000015C2 CDrBFr0B         [24] 4298 	call	_show_message
                                   4299 ;src/main.c:1027: }
    000015C5 E1               [12] 4300 	pop	hl
    000015C6 33               [ 8] 4301 	inc	sp
    000015C7 E9               [ 4] 4302 	jp	(hl)
    000015C8                       4303 ___str_79:
    000015C8 53 45 4C 45 43 54 20  4304 	.ascii "SELECT CLOSE"
             43 4C 4F 53 45
    000015D4 00                    4305 	.db 0x00
                                   4306 ;src/main.c:1029: static void buy_item(uint8_t item, uint8_t price, const char *title, const char *body) {
                                   4307 ;	---------------------------------
                                   4308 ; Function buy_item
                                   4309 ; ---------------------------------
    000015D5                       4310 _buy_item:
    000015D5 3B               [ 8] 4311 	dec	sp
    000015D6 F8 00            [12] 4312 	ldhl	sp,	#0
    000015D8 77               [ 8] 4313 	ld	(hl), a
    000015D9 4B               [ 4] 4314 	ld	c, e
                                   4315 ;src/main.c:1030: if (has_item(item)) {
    000015DA C5               [16] 4316 	push	bc
    000015DB 7E               [ 8] 4317 	ld	a, (hl)
    000015DC CDr10r01         [24] 4318 	call	_has_item
    000015DF 5F               [ 4] 4319 	ld	e, a
    000015E0 C1               [12] 4320 	pop	bc
    000015E1 7B               [ 4] 4321 	ld	a, e
    000015E2 B7               [ 4] 4322 	or	a, a
    000015E3 28 11            [12] 4323 	jr	Z, 00102$
                                   4324 ;src/main.c:1031: show_message(title, "You already own one.", "SELECT CLOSE");
    000015E5 11r44r16         [12] 4325 	ld	de, #___str_81
    000015E8 D5               [16] 4326 	push	de
    000015E9 01r2Fr16         [12] 4327 	ld	bc, #___str_80
    000015EC F8 05            [12] 4328 	ldhl	sp,	#5
    000015EE 2A               [ 8] 4329 	ld	a, (hl+)
    000015EF 5F               [ 4] 4330 	ld	e, a
    000015F0 56               [ 8] 4331 	ld	d, (hl)
    000015F1 CDrBFr0B         [24] 4332 	call	_show_message
                                   4333 ;src/main.c:1032: return;
    000015F4 18 34            [12] 4334 	jr	00105$
    000015F6                       4335 00102$:
                                   4336 ;src/main.c:1034: if (credits < price) {
    000015F6 FAr06r00         [16] 4337 	ld	a, (#_credits)
    000015F9 91               [ 4] 4338 	sub	a, c
    000015FA 30 11            [12] 4339 	jr	NC, 00104$
                                   4340 ;src/main.c:1035: show_message(title, "Not enough credits tonight.", "SELECT CLOSE");
    000015FC 11r44r16         [12] 4341 	ld	de, #___str_81
    000015FF D5               [16] 4342 	push	de
    00001600 01r51r16         [12] 4343 	ld	bc, #___str_82
    00001603 F8 05            [12] 4344 	ldhl	sp,	#5
    00001605 2A               [ 8] 4345 	ld	a, (hl+)
    00001606 5F               [ 4] 4346 	ld	e, a
    00001607 56               [ 8] 4347 	ld	d, (hl)
    00001608 CDrBFr0B         [24] 4348 	call	_show_message
                                   4349 ;src/main.c:1036: return;
    0000160B 18 1D            [12] 4350 	jr	00105$
    0000160D                       4351 00104$:
                                   4352 ;src/main.c:1038: credits -= price;
    0000160D 21r06r00         [12] 4353 	ld	hl, #_credits
    00001610 7E               [ 8] 4354 	ld	a, (hl)
    00001611 91               [ 4] 4355 	sub	a, c
    00001612 77               [ 8] 4356 	ld	(hl), a
                                   4357 ;src/main.c:1039: add_item(item);
    00001613 F8 00            [12] 4358 	ldhl	sp,	#0
    00001615 7E               [ 8] 4359 	ld	a, (hl)
    00001616 CDr1Cr01         [24] 4360 	call	_add_item
                                   4361 ;src/main.c:1040: show_message(title, body, "SELECT CLOSE");
    00001619 11r44r16         [12] 4362 	ld	de, #___str_81
    0000161C D5               [16] 4363 	push	de
    0000161D F8 07            [12] 4364 	ldhl	sp,	#7
    0000161F 2A               [ 8] 4365 	ld	a, (hl+)
    00001620 4F               [ 4] 4366 	ld	c, a
    00001621 46               [ 8] 4367 	ld	b, (hl)
    00001622 F8 05            [12] 4368 	ldhl	sp,	#5
    00001624 2A               [ 8] 4369 	ld	a, (hl+)
    00001625 5F               [ 4] 4370 	ld	e, a
    00001626 56               [ 8] 4371 	ld	d, (hl)
    00001627 CDrBFr0B         [24] 4372 	call	_show_message
    0000162A                       4373 00105$:
                                   4374 ;src/main.c:1041: }
    0000162A 33               [ 8] 4375 	inc	sp
    0000162B E1               [12] 4376 	pop	hl
    0000162C E8 04            [16] 4377 	add	sp, #4
    0000162E E9               [ 4] 4378 	jp	(hl)
    0000162F                       4379 ___str_80:
    0000162F 59 6F 75 20 61 6C 72  4380 	.ascii "You already own one."
             65 61 64 79 20 6F 77
             6E 20 6F 6E 65 2E
    00001643 00                    4381 	.db 0x00
    00001644                       4382 ___str_81:
    00001644 53 45 4C 45 43 54 20  4383 	.ascii "SELECT CLOSE"
             43 4C 4F 53 45
    00001650 00                    4384 	.db 0x00
    00001651                       4385 ___str_82:
    00001651 4E 6F 74 20 65 6E 6F  4386 	.ascii "Not enough credits tonight."
             75 67 68 20 63 72 65
             64 69 74 73 20 74 6F
             6E 69 67 68 74 2E
    0000166C 00                    4387 	.db 0x00
                                   4388 ;src/main.c:1043: static void buy_ride(uint8_t level, uint8_t price, const char *title, const char *body) {
                                   4389 ;	---------------------------------
                                   4390 ; Function buy_ride
                                   4391 ; ---------------------------------
    0000166D                       4392 _buy_ride:
    0000166D 4F               [ 4] 4393 	ld	c, a
    0000166E 43               [ 4] 4394 	ld	b, e
                                   4395 ;src/main.c:1044: if (ride_level >= level) {
    0000166F FAr0Fr00         [16] 4396 	ld	a, (#_ride_level)
    00001672 91               [ 4] 4397 	sub	a, c
    00001673 38 11            [12] 4398 	jr	C, 00102$
                                   4399 ;src/main.c:1045: show_message(title, "You already own that ride tier.", "SELECT CLOSE");
    00001675 11rDCr16         [12] 4400 	ld	de, #___str_84
    00001678 D5               [16] 4401 	push	de
    00001679 01rBCr16         [12] 4402 	ld	bc, #___str_83
    0000167C F8 04            [12] 4403 	ldhl	sp,	#4
    0000167E 2A               [ 8] 4404 	ld	a, (hl+)
    0000167F 5F               [ 4] 4405 	ld	e, a
    00001680 56               [ 8] 4406 	ld	d, (hl)
    00001681 CDrBFr0B         [24] 4407 	call	_show_message
                                   4408 ;src/main.c:1046: return;
    00001684 18 32            [12] 4409 	jr	00105$
    00001686                       4410 00102$:
                                   4411 ;src/main.c:1048: if (credits < price) {
    00001686 FAr06r00         [16] 4412 	ld	a, (#_credits)
    00001689 90               [ 4] 4413 	sub	a, b
    0000168A 30 11            [12] 4414 	jr	NC, 00104$
                                   4415 ;src/main.c:1049: show_message(title, "Not enough credits tonight.", "SELECT CLOSE");
    0000168C 11rDCr16         [12] 4416 	ld	de, #___str_84
    0000168F D5               [16] 4417 	push	de
    00001690 01rE9r16         [12] 4418 	ld	bc, #___str_85
    00001693 F8 04            [12] 4419 	ldhl	sp,	#4
    00001695 2A               [ 8] 4420 	ld	a, (hl+)
    00001696 5F               [ 4] 4421 	ld	e, a
    00001697 56               [ 8] 4422 	ld	d, (hl)
    00001698 CDrBFr0B         [24] 4423 	call	_show_message
                                   4424 ;src/main.c:1050: return;
    0000169B 18 1B            [12] 4425 	jr	00105$
    0000169D                       4426 00104$:
                                   4427 ;src/main.c:1052: credits -= price;
    0000169D 21r06r00         [12] 4428 	ld	hl, #_credits
    000016A0 7E               [ 8] 4429 	ld	a, (hl)
    000016A1 90               [ 4] 4430 	sub	a, b
    000016A2 77               [ 8] 4431 	ld	(hl), a
                                   4432 ;src/main.c:1053: ride_level = level;
    000016A3 21r0Fr00         [12] 4433 	ld	hl, #_ride_level
    000016A6 71               [ 8] 4434 	ld	(hl), c
                                   4435 ;src/main.c:1054: show_message(title, body, "SELECT CLOSE");
    000016A7 11rDCr16         [12] 4436 	ld	de, #___str_84
    000016AA D5               [16] 4437 	push	de
    000016AB F8 06            [12] 4438 	ldhl	sp,	#6
    000016AD 2A               [ 8] 4439 	ld	a, (hl+)
    000016AE 4F               [ 4] 4440 	ld	c, a
    000016AF 46               [ 8] 4441 	ld	b, (hl)
    000016B0 F8 04            [12] 4442 	ldhl	sp,	#4
    000016B2 2A               [ 8] 4443 	ld	a, (hl+)
    000016B3 5F               [ 4] 4444 	ld	e, a
    000016B4 56               [ 8] 4445 	ld	d, (hl)
    000016B5 CDrBFr0B         [24] 4446 	call	_show_message
    000016B8                       4447 00105$:
                                   4448 ;src/main.c:1055: }
    000016B8 E1               [12] 4449 	pop	hl
    000016B9 E8 04            [16] 4450 	add	sp, #4
    000016BB E9               [ 4] 4451 	jp	(hl)
    000016BC                       4452 ___str_83:
    000016BC 59 6F 75 20 61 6C 72  4453 	.ascii "You already own that ride tier."
             65 61 64 79 20 6F 77
             6E 20 74 68 61 74 20
             72 69 64 65 20 74 69
             65 72 2E
    000016DB 00                    4454 	.db 0x00
    000016DC                       4455 ___str_84:
    000016DC 53 45 4C 45 43 54 20  4456 	.ascii "SELECT CLOSE"
             43 4C 4F 53 45
    000016E8 00                    4457 	.db 0x00
    000016E9                       4458 ___str_85:
    000016E9 4E 6F 74 20 65 6E 6F  4459 	.ascii "Not enough credits tonight."
             75 67 68 20 63 72 65
             64 69 74 73 20 74 6F
             6E 69 67 68 74 2E
    00001704 00                    4460 	.db 0x00
                                   4461 ;src/main.c:1057: static void vehicle_shop(void) {
                                   4462 ;	---------------------------------
                                   4463 ; Function vehicle_shop
                                   4464 ; ---------------------------------
    00001705                       4465 _vehicle_shop:
                                   4466 ;src/main.c:1072: if (ride_level == RIDE_FOOT) {
    00001705 FAr0Fr00         [16] 4467 	ld	a, (#_ride_level)
    00001708 B7               [ 4] 4468 	or	a, a
    00001709 20 23            [12] 4469 	jr	NZ, 00104$
                                   4470 ;src/main.c:1073: choice = menu_screen("WHEELS", "Used city bicycle", bike_items, 2u, 0u);
    0000170B 21 02 00         [12] 4471 	ld	hl, #0x02
    0000170E E5               [16] 4472 	push	hl
    0000170F 11rBBr17         [12] 4473 	ld	de, #_vehicle_shop_bike_items_10000_606
    00001712 D5               [16] 4474 	push	de
    00001713 01rFFr17         [12] 4475 	ld	bc, #___str_91
    00001716 11rF8r17         [12] 4476 	ld	de, #___str_90
    00001719 CDr28r0C         [24] 4477 	call	_menu_screen
                                   4478 ;src/main.c:1074: if (choice == 0u) {
    0000171C B7               [ 4] 4479 	or	a, a
    0000171D C0               [20] 4480 	ret	NZ
                                   4481 ;src/main.c:1075: buy_ride(RIDE_BICYCLE, 18u, "GARAGE", "A tuned bicycle. The block feels smaller already.");
    0000171E 11r18r18         [12] 4482 	ld	de, #___str_93
    00001721 D5               [16] 4483 	push	de
    00001722 11r11r18         [12] 4484 	ld	de, #___str_92
    00001725 D5               [16] 4485 	push	de
    00001726 1E 12            [ 8] 4486 	ld	e, #0x12
    00001728 3E 01            [ 8] 4487 	ld	a, #0x01
    0000172A CDr6Dr16         [24] 4488 	call	_buy_ride
                                   4489 ;src/main.c:1077: return;
    0000172D C9               [16] 4490 	ret
    0000172E                       4491 00104$:
                                   4492 ;src/main.c:1080: if (ride_level == RIDE_BICYCLE) {
    0000172E FAr0Fr00         [16] 4493 	ld	a, (#_ride_level)
    00001731 3D               [ 4] 4494 	dec	a
    00001732 20 38            [12] 4495 	jr	NZ, 00110$
                                   4496 ;src/main.c:1081: if (media == 0u) {
    00001734 FAr0Br00         [16] 4497 	ld	a, (#_media)
    00001737 B7               [ 4] 4498 	or	a, a
    00001738 20 0E            [12] 4499 	jr	NZ, 00106$
                                   4500 ;src/main.c:1082: show_message("GARAGE", "Bring back at least one tape.\nThen they'll trust you with a scooter.", "SELECT CLOSE");
    0000173A 11r8Fr18         [12] 4501 	ld	de, #___str_95
    0000173D D5               [16] 4502 	push	de
    0000173E 01r4Ar18         [12] 4503 	ld	bc, #___str_94
    00001741 11r11r18         [12] 4504 	ld	de, #___str_92
    00001744 CDrBFr0B         [24] 4505 	call	_show_message
                                   4506 ;src/main.c:1083: return;
    00001747 C9               [16] 4507 	ret
    00001748                       4508 00106$:
                                   4509 ;src/main.c:1085: choice = menu_screen("WHEELS", "Courier scooter", scooter_items, 2u, 0u);
    00001748 21 02 00         [12] 4510 	ld	hl, #0x02
    0000174B E5               [16] 4511 	push	hl
    0000174C 11rBFr17         [12] 4512 	ld	de, #_vehicle_shop_scooter_items_10000_606
    0000174F D5               [16] 4513 	push	de
    00001750 01r9Cr18         [12] 4514 	ld	bc, #___str_96
    00001753 11rF8r17         [12] 4515 	ld	de, #___str_90
    00001756 CDr28r0C         [24] 4516 	call	_menu_screen
                                   4517 ;src/main.c:1086: if (choice == 0u) {
    00001759 4F               [ 4] 4518 	ld	c, a
    0000175A B7               [ 4] 4519 	or	a, a
    0000175B C0               [20] 4520 	ret	NZ
                                   4521 ;src/main.c:1087: buy_ride(RIDE_SCOOTER, 34u, "GARAGE", "A soft electric scooter. Quicker starts, smoother glide.");
    0000175C 11rACr18         [12] 4522 	ld	de, #___str_97
    0000175F D5               [16] 4523 	push	de
    00001760 11r11r18         [12] 4524 	ld	de, #___str_92
    00001763 D5               [16] 4525 	push	de
    00001764 1E 22            [ 8] 4526 	ld	e, #0x22
    00001766 3E 02            [ 8] 4527 	ld	a, #0x02
    00001768 CDr6Dr16         [24] 4528 	call	_buy_ride
                                   4529 ;src/main.c:1089: return;
    0000176B C9               [16] 4530 	ret
    0000176C                       4531 00110$:
                                   4532 ;src/main.c:1092: if (ride_level == RIDE_SCOOTER) {
    0000176C FAr0Fr00         [16] 4533 	ld	a, (#_ride_level)
    0000176F D6 02            [ 8] 4534 	sub	a, #0x02
    00001771 20 3A            [12] 4535 	jr	NZ, 00116$
                                   4536 ;src/main.c:1093: if ((media & (MEDIA_RAIN_LOOP | MEDIA_VENDING_DREAMS | MEDIA_ROOFTOP_SET)) !=
    00001773 FAr0Br00         [16] 4537 	ld	a, (_media)
    00001776 E6 07            [ 8] 4538 	and	a, #0x07
    00001778 D6 07            [ 8] 4539 	sub	a, #0x07
    0000177A 28 0E            [12] 4540 	jr	Z, 00112$
                                   4541 ;src/main.c:1095: show_message("GARAGE", "Earn a little name on the block.\nThen the motorcycle comes out.", "SELECT CLOSE");
    0000177C 11r8Fr18         [12] 4542 	ld	de, #___str_95
    0000177F D5               [16] 4543 	push	de
    00001780 01rE5r18         [12] 4544 	ld	bc, #___str_98
    00001783 11r11r18         [12] 4545 	ld	de, #___str_92
    00001786 CDrBFr0B         [24] 4546 	call	_show_message
                                   4547 ;src/main.c:1096: return;
    00001789 C9               [16] 4548 	ret
    0000178A                       4549 00112$:
                                   4550 ;src/main.c:1098: choice = menu_screen("WHEELS", "Street motorcycle", moto_items, 2u, 0u);
    0000178A 21 02 00         [12] 4551 	ld	hl, #0x02
    0000178D E5               [16] 4552 	push	hl
    0000178E 11rC3r17         [12] 4553 	ld	de, #_vehicle_shop_moto_items_10000_606
    00001791 D5               [16] 4554 	push	de
    00001792 01r25r19         [12] 4555 	ld	bc, #___str_99
    00001795 11rF8r17         [12] 4556 	ld	de, #___str_90
    00001798 CDr28r0C         [24] 4557 	call	_menu_screen
                                   4558 ;src/main.c:1099: if (choice == 0u) {
    0000179B B7               [ 4] 4559 	or	a, a
    0000179C C0               [20] 4560 	ret	NZ
                                   4561 ;src/main.c:1100: buy_ride(RIDE_MOTORCYCLE, 58u, "GARAGE", "A tiny motorcycle with a patient idle and a fast lane.");
    0000179D 11r37r19         [12] 4562 	ld	de, #___str_100
    000017A0 D5               [16] 4563 	push	de
    000017A1 11r11r18         [12] 4564 	ld	de, #___str_92
    000017A4 D5               [16] 4565 	push	de
    000017A5 1E 3A            [ 8] 4566 	ld	e, #0x3a
    000017A7 3E 03            [ 8] 4567 	ld	a, #0x03
    000017A9 CDr6Dr16         [24] 4568 	call	_buy_ride
                                   4569 ;src/main.c:1102: return;
    000017AC C9               [16] 4570 	ret
    000017AD                       4571 00116$:
                                   4572 ;src/main.c:1105: show_message("GARAGE", "Your motorcycle is already the best thing in the lot.", "SELECT CLOSE");
    000017AD 11r8Fr18         [12] 4573 	ld	de, #___str_95
    000017B0 D5               [16] 4574 	push	de
    000017B1 01r6Er19         [12] 4575 	ld	bc, #___str_101
    000017B4 11r11r18         [12] 4576 	ld	de, #___str_92
    000017B7 CDrBFr0B         [24] 4577 	call	_show_message
                                   4578 ;src/main.c:1106: }
    000017BA C9               [16] 4579 	ret
    000017BB                       4580 _vehicle_shop_bike_items_10000_606:
    000017BBrC7r17                 4581 	.dw ___str_86
    000017BDrD5r17                 4582 	.dw ___str_87
    000017BF                       4583 _vehicle_shop_scooter_items_10000_606:
    000017BFrDBr17                 4584 	.dw ___str_88
    000017C1rD5r17                 4585 	.dw ___str_87
    000017C3                       4586 _vehicle_shop_moto_items_10000_606:
    000017C3rE9r17                 4587 	.dw ___str_89
    000017C5rD5r17                 4588 	.dw ___str_87
    000017C7                       4589 ___str_86:
    000017C7 42 69 63 79 63 6C 65  4590 	.ascii "Bicycle   18c"
             20 20 20 31 38 63
    000017D4 00                    4591 	.db 0x00
    000017D5                       4592 ___str_87:
    000017D5 4C 65 61 76 65        4593 	.ascii "Leave"
    000017DA 00                    4594 	.db 0x00
    000017DB                       4595 ___str_88:
    000017DB 53 63 6F 6F 74 65 72  4596 	.ascii "Scooter   34c"
             20 20 20 33 34 63
    000017E8 00                    4597 	.db 0x00
    000017E9                       4598 ___str_89:
    000017E9 4D 6F 74 6F 72 63 79  4599 	.ascii "Motorcycle 58c"
             63 6C 65 20 35 38 63
    000017F7 00                    4600 	.db 0x00
    000017F8                       4601 ___str_90:
    000017F8 57 48 45 45 4C 53     4602 	.ascii "WHEELS"
    000017FE 00                    4603 	.db 0x00
    000017FF                       4604 ___str_91:
    000017FF 55 73 65 64 20 63 69  4605 	.ascii "Used city bicycle"
             74 79 20 62 69 63 79
             63 6C 65
    00001810 00                    4606 	.db 0x00
    00001811                       4607 ___str_92:
    00001811 47 41 52 41 47 45     4608 	.ascii "GARAGE"
    00001817 00                    4609 	.db 0x00
    00001818                       4610 ___str_93:
    00001818 41 20 74 75 6E 65 64  4611 	.ascii "A tuned bicycle. The block feels smaller already."
             20 62 69 63 79 63 6C
             65 2E 20 54 68 65 20
             62 6C 6F 63 6B 20 66
             65 65 6C 73 20 73 6D
             61 6C 6C 65 72 20 61
             6C 72 65 61 64 79 2E
    00001849 00                    4612 	.db 0x00
    0000184A                       4613 ___str_94:
    0000184A 42 72 69 6E 67 20 62  4614 	.ascii "Bring back at least one tape."
             61 63 6B 20 61 74 20
             6C 65 61 73 74 20 6F
             6E 65 20 74 61 70 65
             2E
    00001867 0A                    4615 	.db 0x0a
    00001868 54 68 65 6E 20 74 68  4616 	.ascii "Then they'll trust you with a scooter."
             65 79 27 6C 6C 20 74
             72 75 73 74 20 79 6F
             75 20 77 69 74 68 20
             61 20 73 63 6F 6F 74
             65 72 2E
    0000188E 00                    4617 	.db 0x00
    0000188F                       4618 ___str_95:
    0000188F 53 45 4C 45 43 54 20  4619 	.ascii "SELECT CLOSE"
             43 4C 4F 53 45
    0000189B 00                    4620 	.db 0x00
    0000189C                       4621 ___str_96:
    0000189C 43 6F 75 72 69 65 72  4622 	.ascii "Courier scooter"
             20 73 63 6F 6F 74 65
             72
    000018AB 00                    4623 	.db 0x00
    000018AC                       4624 ___str_97:
    000018AC 41 20 73 6F 66 74 20  4625 	.ascii "A soft electric scooter. Quicker starts, smoother glide."
             65 6C 65 63 74 72 69
             63 20 73 63 6F 6F 74
             65 72 2E 20 51 75 69
             63 6B 65 72 20 73 74
             61 72 74 73 2C 20 73
             6D 6F 6F 74 68 65 72
             20 67 6C 69 64 65 2E
    000018E4 00                    4626 	.db 0x00
    000018E5                       4627 ___str_98:
    000018E5 45 61 72 6E 20 61 20  4628 	.ascii "Earn a little name on the block."
             6C 69 74 74 6C 65 20
             6E 61 6D 65 20 6F 6E
             20 74 68 65 20 62 6C
             6F 63 6B 2E
    00001905 0A                    4629 	.db 0x0a
    00001906 54 68 65 6E 20 74 68  4630 	.ascii "Then the motorcycle comes out."
             65 20 6D 6F 74 6F 72
             63 79 63 6C 65 20 63
             6F 6D 65 73 20 6F 75
             74 2E
    00001924 00                    4631 	.db 0x00
    00001925                       4632 ___str_99:
    00001925 53 74 72 65 65 74 20  4633 	.ascii "Street motorcycle"
             6D 6F 74 6F 72 63 79
             63 6C 65
    00001936 00                    4634 	.db 0x00
    00001937                       4635 ___str_100:
    00001937 41 20 74 69 6E 79 20  4636 	.ascii "A tiny motorcycle with a patient idle and a fast lane."
             6D 6F 74 6F 72 63 79
             63 6C 65 20 77 69 74
             68 20 61 20 70 61 74
             69 65 6E 74 20 69 64
             6C 65 20 61 6E 64 20
             61 20 66 61 73 74 20
             6C 61 6E 65 2E
    0000196D 00                    4637 	.db 0x00
    0000196E                       4638 ___str_101:
    0000196E 59 6F 75 72 20 6D 6F  4639 	.ascii "Your motorcycle is already the best thing in the lot."
             74 6F 72 63 79 63 6C
             65 20 69 73 20 61 6C
             72 65 61 64 79 20 74
             68 65 20 62 65 73 74
             20 74 68 69 6E 67 20
             69 6E 20 74 68 65 20
             6C 6F 74 2E
    000019A3 00                    4640 	.db 0x00
                                   4641 ;src/main.c:1108: static void mina_shop(void) {
                                   4642 ;	---------------------------------
                                   4643 ; Function mina_shop
                                   4644 ; ---------------------------------
    000019A4                       4645 _mina_shop:
                                   4646 ;src/main.c:1118: choice = menu_screen("NEEDLE & NEON", "Room pieces", items, 5u, 0u);
    000019A4 21 05 00         [12] 4647 	ld	hl, #0x05
    000019A7 E5               [16] 4648 	push	hl
    000019A8 11r06r1A         [12] 4649 	ld	de, #_mina_shop_items_10000_624
    000019AB D5               [16] 4650 	push	de
    000019AC 01r62r1A         [12] 4651 	ld	bc, #___str_108
    000019AF 11r54r1A         [12] 4652 	ld	de, #___str_107
    000019B2 CDr28r0C         [24] 4653 	call	_menu_screen
                                   4654 ;src/main.c:1119: if (choice == 0u) buy_item(ITEM_POSTER, 6u, "MINA", "A folded glow poster for your wall.");
    000019B5 4F               [ 4] 4655 	ld	c, a
    000019B6 B7               [ 4] 4656 	or	a, a
    000019B7 20 10            [12] 4657 	jr	NZ, 00110$
    000019B9 11r73r1A         [12] 4658 	ld	de, #___str_110
    000019BC D5               [16] 4659 	push	de
    000019BD 11r6Er1A         [12] 4660 	ld	de, #___str_109
    000019C0 D5               [16] 4661 	push	de
    000019C1 1E 06            [ 8] 4662 	ld	e, #0x06
    000019C3 3E 08            [ 8] 4663 	ld	a, #0x08
    000019C5 CDrD5r15         [24] 4664 	call	_buy_item
    000019C8 C9               [16] 4665 	ret
    000019C9                       4666 00110$:
                                   4667 ;src/main.c:1120: else if (choice == 1u) buy_item(ITEM_LAMP, 9u, "MINA", "A lamp with a soft rainy bloom.");
    000019C9 79               [ 4] 4668 	ld	a, c
    000019CA 3D               [ 4] 4669 	dec	a
    000019CB 20 10            [12] 4670 	jr	NZ, 00107$
    000019CD 11r97r1A         [12] 4671 	ld	de, #___str_111
    000019D0 D5               [16] 4672 	push	de
    000019D1 11r6Er1A         [12] 4673 	ld	de, #___str_109
    000019D4 D5               [16] 4674 	push	de
    000019D5 1E 09            [ 8] 4675 	ld	e, #0x09
    000019D7 3E 10            [ 8] 4676 	ld	a, #0x10
    000019D9 CDrD5r15         [24] 4677 	call	_buy_item
    000019DC C9               [16] 4678 	ret
    000019DD                       4679 00107$:
                                   4680 ;src/main.c:1121: else if (choice == 2u) buy_item(ITEM_SHELF, 11u, "MINA", "Crate shelf, stickered and sturdy.");
    000019DD 79               [ 4] 4681 	ld	a, c
    000019DE D6 02            [ 8] 4682 	sub	a, #0x02
    000019E0 20 10            [12] 4683 	jr	NZ, 00104$
    000019E2 11rB7r1A         [12] 4684 	ld	de, #___str_112
    000019E5 D5               [16] 4685 	push	de
    000019E6 11r6Er1A         [12] 4686 	ld	de, #___str_109
    000019E9 D5               [16] 4687 	push	de
    000019EA 1E 0B            [ 8] 4688 	ld	e, #0x0b
    000019EC 3E 20            [ 8] 4689 	ld	a, #0x20
    000019EE CDrD5r15         [24] 4690 	call	_buy_item
    000019F1 C9               [16] 4691 	ret
    000019F2                       4692 00104$:
                                   4693 ;src/main.c:1122: else if (choice == 3u) buy_item(ITEM_MINIDISC, 7u, "MINA", "One blank mini-disc in a foggy sleeve.");
    000019F2 79               [ 4] 4694 	ld	a, c
    000019F3 D6 03            [ 8] 4695 	sub	a, #0x03
    000019F5 C0               [20] 4696 	ret	NZ
    000019F6 11rDAr1A         [12] 4697 	ld	de, #___str_113
    000019F9 D5               [16] 4698 	push	de
    000019FA 11r6Er1A         [12] 4699 	ld	de, #___str_109
    000019FD D5               [16] 4700 	push	de
    000019FE 1E 07            [ 8] 4701 	ld	e, #0x07
    00001A00 3E 04            [ 8] 4702 	ld	a, #0x04
    00001A02 CDrD5r15         [24] 4703 	call	_buy_item
                                   4704 ;src/main.c:1123: }
    00001A05 C9               [16] 4705 	ret
    00001A06                       4706 _mina_shop_items_10000_624:
    00001A06r10r1A                 4707 	.dw ___str_102
    00001A08r20r1A                 4708 	.dw ___str_103
    00001A0Ar2Fr1A                 4709 	.dw ___str_104
    00001A0Cr3Fr1A                 4710 	.dw ___str_105
    00001A0Er4Er1A                 4711 	.dw ___str_106
    00001A10                       4712 ___str_102:
    00001A10 47 6C 6F 77 20 50 6F  4713 	.ascii "Glow Poster  6c"
             73 74 65 72 20 20 36
             63
    00001A1F 00                    4714 	.db 0x00
    00001A20                       4715 ___str_103:
    00001A20 4E 65 6F 6E 20 4C 61  4716 	.ascii "Neon Lamp   9c"
             6D 70 20 20 20 39 63
    00001A2E 00                    4717 	.db 0x00
    00001A2F                       4718 ___str_104:
    00001A2F 43 72 61 74 65 20 53  4719 	.ascii "Crate Shelf 11c"
             68 65 6C 66 20 31 31
             63
    00001A3E 00                    4720 	.db 0x00
    00001A3F                       4721 ___str_105:
    00001A3F 4D 69 6E 69 2D 44 69  4722 	.ascii "Mini-Disc   7c"
             73 63 20 20 20 37 63
    00001A4D 00                    4723 	.db 0x00
    00001A4E                       4724 ___str_106:
    00001A4E 4C 65 61 76 65        4725 	.ascii "Leave"
    00001A53 00                    4726 	.db 0x00
    00001A54                       4727 ___str_107:
    00001A54 4E 45 45 44 4C 45 20  4728 	.ascii "NEEDLE & NEON"
             26 20 4E 45 4F 4E
    00001A61 00                    4729 	.db 0x00
    00001A62                       4730 ___str_108:
    00001A62 52 6F 6F 6D 20 70 69  4731 	.ascii "Room pieces"
             65 63 65 73
    00001A6D 00                    4732 	.db 0x00
    00001A6E                       4733 ___str_109:
    00001A6E 4D 49 4E 41           4734 	.ascii "MINA"
    00001A72 00                    4735 	.db 0x00
    00001A73                       4736 ___str_110:
    00001A73 41 20 66 6F 6C 64 65  4737 	.ascii "A folded glow poster for your wall."
             64 20 67 6C 6F 77 20
             70 6F 73 74 65 72 20
             66 6F 72 20 79 6F 75
             72 20 77 61 6C 6C 2E
    00001A96 00                    4738 	.db 0x00
    00001A97                       4739 ___str_111:
    00001A97 41 20 6C 61 6D 70 20  4740 	.ascii "A lamp with a soft rainy bloom."
             77 69 74 68 20 61 20
             73 6F 66 74 20 72 61
             69 6E 79 20 62 6C 6F
             6F 6D 2E
    00001AB6 00                    4741 	.db 0x00
    00001AB7                       4742 ___str_112:
    00001AB7 43 72 61 74 65 20 73  4743 	.ascii "Crate shelf, stickered and sturdy."
             68 65 6C 66 2C 20 73
             74 69 63 6B 65 72 65
             64 20 61 6E 64 20 73
             74 75 72 64 79 2E
    00001AD9 00                    4744 	.db 0x00
    00001ADA                       4745 ___str_113:
    00001ADA 4F 6E 65 20 62 6C 61  4746 	.ascii "One blank mini-disc in a foggy sleeve."
             6E 6B 20 6D 69 6E 69
             2D 64 69 73 63 20 69
             6E 20 61 20 66 6F 67
             67 79 20 73 6C 65 65
             76 65 2E
    00001B00 00                    4747 	.db 0x00
                                   4748 ;src/main.c:1125: static void rook_shop(void) {
                                   4749 ;	---------------------------------
                                   4750 ; Function rook_shop
                                   4751 ; ---------------------------------
    00001B01                       4752 _rook_shop:
                                   4753 ;src/main.c:1134: choice = menu_screen("ROOK REPAIR", "Bench specials", items, 4u, 0u);
    00001B01 21 04 00         [12] 4754 	ld	hl, #0x04
    00001B04 E5               [16] 4755 	push	hl
    00001B05 11r3Fr1B         [12] 4756 	ld	de, #_rook_shop_items_10000_630
    00001B08 D5               [16] 4757 	push	de
    00001B09 01r84r1B         [12] 4758 	ld	bc, #___str_119
    00001B0C 11r78r1B         [12] 4759 	ld	de, #___str_118
    00001B0F CDr28r0C         [24] 4760 	call	_menu_screen
                                   4761 ;src/main.c:1135: if (choice == 0u) buy_item(ITEM_SOFTPHONES, 8u, "ROOK", "Fresh softphones. Quiet cups, no hiss.");
    00001B12 B7               [ 4] 4762 	or	a, a
    00001B13 20 10            [12] 4763 	jr	NZ, 00107$
    00001B15 11r98r1B         [12] 4764 	ld	de, #___str_121
    00001B18 D5               [16] 4765 	push	de
    00001B19 11r93r1B         [12] 4766 	ld	de, #___str_120
    00001B1C D5               [16] 4767 	push	de
    00001B1D 1E 08            [ 8] 4768 	ld	e, #0x08
    00001B1F 3E 01            [ 8] 4769 	ld	a, #0x01
    00001B21 CDrD5r15         [24] 4770 	call	_buy_item
    00001B24 C9               [16] 4771 	ret
    00001B25                       4772 00107$:
                                   4773 ;src/main.c:1136: else if (choice == 1u) buy_item(ITEM_DOCK, 14u, "ROOK", "A tiny dock with patient LEDs.");
    00001B25 FE 01            [ 8] 4774 	cp	a, #0x01
    00001B27 20 10            [12] 4775 	jr	NZ, 00104$
    00001B29 11rBFr1B         [12] 4776 	ld	de, #___str_122
    00001B2C D5               [16] 4777 	push	de
    00001B2D 11r93r1B         [12] 4778 	ld	de, #___str_120
    00001B30 D5               [16] 4779 	push	de
    00001B31 1E 0E            [ 8] 4780 	ld	e, #0x0e
    00001B33 3E 80            [ 8] 4781 	ld	a, #0x80
    00001B35 CDrD5r15         [24] 4782 	call	_buy_item
    00001B38 C9               [16] 4783 	ret
    00001B39                       4784 00104$:
                                   4785 ;src/main.c:1137: else if (choice == 2u) vehicle_shop();
    00001B39 D6 02            [ 8] 4786 	sub	a, #0x02
    00001B3B CAr05r17         [16] 4787 	jp	Z, _vehicle_shop
                                   4788 ;src/main.c:1138: }
    00001B3E C9               [16] 4789 	ret
    00001B3F                       4790 _rook_shop_items_10000_630:
    00001B3Fr47r1B                 4791 	.dw ___str_114
    00001B41r56r1B                 4792 	.dw ___str_115
    00001B43r66r1B                 4793 	.dw ___str_116
    00001B45r72r1B                 4794 	.dw ___str_117
    00001B47                       4795 ___str_114:
    00001B47 53 6F 66 74 70 68 6F  4796 	.ascii "Softphones  8c"
             6E 65 73 20 20 38 63
    00001B55 00                    4797 	.db 0x00
    00001B56                       4798 ___str_115:
    00001B56 50 6F 63 6B 65 74 20  4799 	.ascii "Pocket Dock 14c"
             44 6F 63 6B 20 31 34
             63
    00001B65 00                    4800 	.db 0x00
    00001B66                       4801 ___str_116:
    00001B66 54 75 6E 65 20 57 68  4802 	.ascii "Tune Wheels"
             65 65 6C 73
    00001B71 00                    4803 	.db 0x00
    00001B72                       4804 ___str_117:
    00001B72 4C 65 61 76 65        4805 	.ascii "Leave"
    00001B77 00                    4806 	.db 0x00
    00001B78                       4807 ___str_118:
    00001B78 52 4F 4F 4B 20 52 45  4808 	.ascii "ROOK REPAIR"
             50 41 49 52
    00001B83 00                    4809 	.db 0x00
    00001B84                       4810 ___str_119:
    00001B84 42 65 6E 63 68 20 73  4811 	.ascii "Bench specials"
             70 65 63 69 61 6C 73
    00001B92 00                    4812 	.db 0x00
    00001B93                       4813 ___str_120:
    00001B93 52 4F 4F 4B           4814 	.ascii "ROOK"
    00001B97 00                    4815 	.db 0x00
    00001B98                       4816 ___str_121:
    00001B98 46 72 65 73 68 20 73  4817 	.ascii "Fresh softphones. Quiet cups, no hiss."
             6F 66 74 70 68 6F 6E
             65 73 2E 20 51 75 69
             65 74 20 63 75 70 73
             2C 20 6E 6F 20 68 69
             73 73 2E
    00001BBE 00                    4818 	.db 0x00
    00001BBF                       4819 ___str_122:
    00001BBF 41 20 74 69 6E 79 20  4820 	.ascii "A tiny dock with patient LEDs."
             64 6F 63 6B 20 77 69
             74 68 20 70 61 74 69
             65 6E 74 20 4C 45 44
             73 2E
    00001BDD 00                    4821 	.db 0x00
                                   4822 ;src/main.c:1140: static void soma_shop(void) {
                                   4823 ;	---------------------------------
                                   4824 ; Function soma_shop
                                   4825 ; ---------------------------------
    00001BDE                       4826 _soma_shop:
                                   4827 ;src/main.c:1148: choice = menu_screen("SOMA", "Steam counter", items, 3u, 0u);
    00001BDE 21 03 00         [12] 4828 	ld	hl, #0x03
    00001BE1 E5               [16] 4829 	push	hl
    00001BE2 11r15r1C         [12] 4830 	ld	de, #_soma_shop_items_10000_635
    00001BE5 D5               [16] 4831 	push	de
    00001BE6 01r44r1C         [12] 4832 	ld	bc, #___str_127
    00001BE9 11r3Fr1C         [12] 4833 	ld	de, #___str_126
    00001BEC CDr28r0C         [24] 4834 	call	_menu_screen
    00001BEF 5F               [ 4] 4835 	ld	e, a
                                   4836 ;src/main.c:1149: if (choice == 0u) buy_item(ITEM_BROTH, 4u, "SOMA", "One sealed broth cup for the walk home.");
    00001BF0 B7               [ 4] 4837 	or	a, a
    00001BF1 20 10            [12] 4838 	jr	NZ, 00104$
    00001BF3 11r52r1C         [12] 4839 	ld	de, #___str_128
    00001BF6 D5               [16] 4840 	push	de
    00001BF7 11r3Fr1C         [12] 4841 	ld	de, #___str_126
    00001BFA D5               [16] 4842 	push	de
    00001BFB 1E 04            [ 8] 4843 	ld	e, #0x04
    00001BFD 3E 02            [ 8] 4844 	ld	a, #0x02
    00001BFF CDrD5r15         [24] 4845 	call	_buy_item
    00001C02 C9               [16] 4846 	ret
    00001C03                       4847 00104$:
                                   4848 ;src/main.c:1150: else if (choice == 1u) buy_item(ITEM_TANK, 12u, "SOMA", "A tiny glowing tank with sleepy bubbles.");
    00001C03 1D               [ 4] 4849 	dec	e
    00001C04 C0               [20] 4850 	ret	NZ
    00001C05 11r7Ar1C         [12] 4851 	ld	de, #___str_129
    00001C08 D5               [16] 4852 	push	de
    00001C09 11r3Fr1C         [12] 4853 	ld	de, #___str_126
    00001C0C D5               [16] 4854 	push	de
    00001C0D 1E 0C            [ 8] 4855 	ld	e, #0x0c
    00001C0F 3E 40            [ 8] 4856 	ld	a, #0x40
    00001C11 CDrD5r15         [24] 4857 	call	_buy_item
                                   4858 ;src/main.c:1151: }
    00001C14 C9               [16] 4859 	ret
    00001C15                       4860 _soma_shop_items_10000_635:
    00001C15r1Br1C                 4861 	.dw ___str_123
    00001C17r2Ar1C                 4862 	.dw ___str_124
    00001C19r39r1C                 4863 	.dw ___str_125
    00001C1B                       4864 ___str_123:
    00001C1B 4E 69 67 68 74 20 42  4865 	.ascii "Night Broth 4c"
             72 6F 74 68 20 34 63
    00001C29 00                    4866 	.db 0x00
    00001C2A                       4867 ___str_124:
    00001C2A 46 69 73 68 20 54 61  4868 	.ascii "Fish Tank  12c"
             6E 6B 20 20 31 32 63
    00001C38 00                    4869 	.db 0x00
    00001C39                       4870 ___str_125:
    00001C39 4C 65 61 76 65        4871 	.ascii "Leave"
    00001C3E 00                    4872 	.db 0x00
    00001C3F                       4873 ___str_126:
    00001C3F 53 4F 4D 41           4874 	.ascii "SOMA"
    00001C43 00                    4875 	.db 0x00
    00001C44                       4876 ___str_127:
    00001C44 53 74 65 61 6D 20 63  4877 	.ascii "Steam counter"
             6F 75 6E 74 65 72
    00001C51 00                    4878 	.db 0x00
    00001C52                       4879 ___str_128:
    00001C52 4F 6E 65 20 73 65 61  4880 	.ascii "One sealed broth cup for the walk home."
             6C 65 64 20 62 72 6F
             74 68 20 63 75 70 20
             66 6F 72 20 74 68 65
             20 77 61 6C 6B 20 68
             6F 6D 65 2E
    00001C79 00                    4881 	.db 0x00
    00001C7A                       4882 ___str_129:
    00001C7A 41 20 74 69 6E 79 20  4883 	.ascii "A tiny glowing tank with sleepy bubbles."
             67 6C 6F 77 69 6E 67
             20 74 61 6E 6B 20 77
             69 74 68 20 73 6C 65
             65 70 79 20 62 75 62
             62 6C 65 73 2E
    00001CA2 00                    4884 	.db 0x00
                                   4885 ;src/main.c:1153: static void npc_dialogue(uint8_t npc_id) {
                                   4886 ;	---------------------------------
                                   4887 ; Function npc_dialogue
                                   4888 ; ---------------------------------
    00001CA3                       4889 _npc_dialogue:
    00001CA3 3B               [ 8] 4890 	dec	sp
    00001CA4 3B               [ 8] 4891 	dec	sp
    00001CA5 5F               [ 4] 4892 	ld	e, a
                                   4893 ;src/main.c:1154: const task_t *task = current_task();
    00001CA6 D5               [16] 4894 	push	de
    00001CA7 CDr83r0D         [24] 4895 	call	_current_task
    00001CAA D1               [12] 4896 	pop	de
                                   4897 ;src/main.c:1160: show_message("IONA", task->complete, "SELECT CLOSE");
    00001CAB 21 08 00         [12] 4898 	ld	hl, #0x0008
    00001CAE 09               [ 8] 4899 	add	hl, bc
    00001CAF 33               [ 8] 4900 	inc	sp
    00001CB0 33               [ 8] 4901 	inc	sp
    00001CB1 E5               [16] 4902 	push	hl
                                   4903 ;src/main.c:1156: if (npc_id == NPC_IONA) {
    00001CB2 7B               [ 4] 4904 	ld	a, e
    00001CB3 D6 03            [ 8] 4905 	sub	a, #0x03
    00001CB5 20 51            [12] 4906 	jr	NZ, 00108$
                                   4907 ;src/main.c:1157: if ((task_id == TASK_MUSIC_DROP) && !task_done) {
    00001CB7 FAr08r00         [16] 4908 	ld	a, (#_task_id)
    00001CBA B7               [ 4] 4909 	or	a, a
    00001CBB 20 3B            [12] 4910 	jr	NZ, 00105$
    00001CBD FAr09r00         [16] 4911 	ld	a, (#_task_done)
    00001CC0 B7               [ 4] 4912 	or	a, a
    00001CC1 20 35            [12] 4913 	jr	NZ, 00105$
                                   4914 ;src/main.c:1158: if (has_item(ITEM_SOFTPHONES)) {
    00001CC3 C5               [16] 4915 	push	bc
    00001CC4 3E 01            [ 8] 4916 	ld	a, #0x01
    00001CC6 CDr10r01         [24] 4917 	call	_has_item
    00001CC9 5F               [ 4] 4918 	ld	e, a
    00001CCA C1               [12] 4919 	pop	bc
    00001CCB 7B               [ 4] 4920 	ld	a, e
    00001CCC B7               [ 4] 4921 	or	a, a
    00001CCD 28 19            [12] 4922 	jr	Z, 00102$
                                   4923 ;src/main.c:1159: reward_task(task);
    00001CCF 59               [ 4] 4924 	ld	e, c
    00001CD0 50               [ 4] 4925 	ld	d, b
    00001CD1 CDr60r15         [24] 4926 	call	_reward_task
                                   4927 ;src/main.c:1160: show_message("IONA", task->complete, "SELECT CLOSE");
    00001CD4 D1               [12] 4928 	pop	de
    00001CD5 D5               [16] 4929 	push	de
    00001CD6 1A               [ 8] 4930 	ld	a, (de)
    00001CD7 4F               [ 4] 4931 	ld	c, a
    00001CD8 13               [ 8] 4932 	inc	de
    00001CD9 1A               [ 8] 4933 	ld	a, (de)
    00001CDA 47               [ 4] 4934 	ld	b, a
    00001CDB 11rD7r1D         [12] 4935 	ld	de, #___str_131
    00001CDE D5               [16] 4936 	push	de
    00001CDF 11rD2r1D         [12] 4937 	ld	de, #___str_130
    00001CE2 CDrBFr0B         [24] 4938 	call	_show_message
    00001CE5 C3rCFr1D         [16] 4939 	jp	00130$
    00001CE8                       4940 00102$:
                                   4941 ;src/main.c:1162: show_message("IONA", "My booth crackles tonight.\nRook still has softphones.", "SELECT CLOSE");
    00001CE8 11rD7r1D         [12] 4942 	ld	de, #___str_131
    00001CEB D5               [16] 4943 	push	de
    00001CEC 01rE4r1D         [12] 4944 	ld	bc, #___str_132
    00001CEF 11rD2r1D         [12] 4945 	ld	de, #___str_130
    00001CF2 CDrBFr0B         [24] 4946 	call	_show_message
                                   4947 ;src/main.c:1164: return;
    00001CF5 C3rCFr1D         [16] 4948 	jp	00130$
    00001CF8                       4949 00105$:
                                   4950 ;src/main.c:1166: show_message("IONA", "When the block gets lonely,\nI leave synth-pop in the air.", "SELECT CLOSE");
    00001CF8 11rD7r1D         [12] 4951 	ld	de, #___str_131
    00001CFB D5               [16] 4952 	push	de
    00001CFC 01r1Ar1E         [12] 4953 	ld	bc, #___str_133
    00001CFF 11rD2r1D         [12] 4954 	ld	de, #___str_130
    00001D02 CDrBFr0B         [24] 4955 	call	_show_message
                                   4956 ;src/main.c:1167: return;
    00001D05 C3rCFr1D         [16] 4957 	jp	00130$
    00001D08                       4958 00108$:
                                   4959 ;src/main.c:1170: if (npc_id == NPC_MINA) {
    00001D08 7B               [ 4] 4960 	ld	a, e
    00001D09 B7               [ 4] 4961 	or	a, a
    00001D0A 20 48            [12] 4962 	jr	NZ, 00116$
                                   4963 ;src/main.c:1171: if ((task_id == TASK_SOUP_RUN) && !task_done) {
    00001D0C FAr08r00         [16] 4964 	ld	a, (#_task_id)
    00001D0F 3D               [ 4] 4965 	dec	a
    00001D10 20 3B            [12] 4966 	jr	NZ, 00113$
    00001D12 FAr09r00         [16] 4967 	ld	a, (#_task_done)
    00001D15 B7               [ 4] 4968 	or	a, a
    00001D16 20 35            [12] 4969 	jr	NZ, 00113$
                                   4970 ;src/main.c:1172: if (has_item(ITEM_BROTH)) {
    00001D18 C5               [16] 4971 	push	bc
    00001D19 3E 02            [ 8] 4972 	ld	a, #0x02
    00001D1B CDr10r01         [24] 4973 	call	_has_item
    00001D1E 5F               [ 4] 4974 	ld	e, a
    00001D1F C1               [12] 4975 	pop	bc
    00001D20 7B               [ 4] 4976 	ld	a, e
    00001D21 B7               [ 4] 4977 	or	a, a
    00001D22 28 19            [12] 4978 	jr	Z, 00110$
                                   4979 ;src/main.c:1173: reward_task(task);
    00001D24 59               [ 4] 4980 	ld	e, c
    00001D25 50               [ 4] 4981 	ld	d, b
    00001D26 CDr60r15         [24] 4982 	call	_reward_task
                                   4983 ;src/main.c:1174: show_message("MINA", task->complete, "SELECT CLOSE");
    00001D29 D1               [12] 4984 	pop	de
    00001D2A D5               [16] 4985 	push	de
    00001D2B 1A               [ 8] 4986 	ld	a, (de)
    00001D2C 4F               [ 4] 4987 	ld	c, a
    00001D2D 13               [ 8] 4988 	inc	de
    00001D2E 1A               [ 8] 4989 	ld	a, (de)
    00001D2F 47               [ 4] 4990 	ld	b, a
    00001D30 11rD7r1D         [12] 4991 	ld	de, #___str_131
    00001D33 D5               [16] 4992 	push	de
    00001D34 11r54r1E         [12] 4993 	ld	de, #___str_134
    00001D37 CDrBFr0B         [24] 4994 	call	_show_message
    00001D3A C3rCFr1D         [16] 4995 	jp	00130$
    00001D3D                       4996 00110$:
                                   4997 ;src/main.c:1176: show_message("MINA", "I sorted imports all night.\nSoma still owes me dinner.", "SELECT CLOSE");
    00001D3D 11rD7r1D         [12] 4998 	ld	de, #___str_131
    00001D40 D5               [16] 4999 	push	de
    00001D41 01r59r1E         [12] 5000 	ld	bc, #___str_135
    00001D44 11r54r1E         [12] 5001 	ld	de, #___str_134
    00001D47 CDrBFr0B         [24] 5002 	call	_show_message
                                   5003 ;src/main.c:1178: return;
    00001D4A C3rCFr1D         [16] 5004 	jp	00130$
    00001D4D                       5005 00113$:
                                   5006 ;src/main.c:1180: mina_shop();
    00001D4D 33               [ 8] 5007 	inc	sp
    00001D4E 33               [ 8] 5008 	inc	sp
    00001D4F C3rA4r19         [16] 5009 	jp	_mina_shop
                                   5010 ;src/main.c:1181: return;
    00001D52 18 7B            [12] 5011 	jr	00130$
    00001D54                       5012 00116$:
                                   5013 ;src/main.c:1184: if (npc_id == NPC_ROOK) {
    00001D54 7B               [ 4] 5014 	ld	a, e
    00001D55 3D               [ 4] 5015 	dec	a
    00001D56 20 47            [12] 5016 	jr	NZ, 00124$
                                   5017 ;src/main.c:1185: if ((task_id == TASK_DISC_SWAP) && !task_done) {
    00001D58 FAr08r00         [16] 5018 	ld	a, (#_task_id)
    00001D5B D6 02            [ 8] 5019 	sub	a, #0x02
    00001D5D 20 39            [12] 5020 	jr	NZ, 00121$
    00001D5F FAr09r00         [16] 5021 	ld	a, (#_task_done)
    00001D62 B7               [ 4] 5022 	or	a, a
    00001D63 20 33            [12] 5023 	jr	NZ, 00121$
                                   5024 ;src/main.c:1186: if (has_item(ITEM_MINIDISC)) {
    00001D65 C5               [16] 5025 	push	bc
    00001D66 3E 04            [ 8] 5026 	ld	a, #0x04
    00001D68 CDr10r01         [24] 5027 	call	_has_item
    00001D6B 5F               [ 4] 5028 	ld	e, a
    00001D6C C1               [12] 5029 	pop	bc
    00001D6D 7B               [ 4] 5030 	ld	a, e
    00001D6E B7               [ 4] 5031 	or	a, a
    00001D6F 28 18            [12] 5032 	jr	Z, 00118$
                                   5033 ;src/main.c:1187: reward_task(task);
    00001D71 59               [ 4] 5034 	ld	e, c
    00001D72 50               [ 4] 5035 	ld	d, b
    00001D73 CDr60r15         [24] 5036 	call	_reward_task
                                   5037 ;src/main.c:1188: show_message("ROOK", task->complete, "SELECT CLOSE");
    00001D76 D1               [12] 5038 	pop	de
    00001D77 D5               [16] 5039 	push	de
    00001D78 1A               [ 8] 5040 	ld	a, (de)
    00001D79 4F               [ 4] 5041 	ld	c, a
    00001D7A 13               [ 8] 5042 	inc	de
    00001D7B 1A               [ 8] 5043 	ld	a, (de)
    00001D7C 47               [ 4] 5044 	ld	b, a
    00001D7D 11rD7r1D         [12] 5045 	ld	de, #___str_131
    00001D80 D5               [16] 5046 	push	de
    00001D81 11r90r1E         [12] 5047 	ld	de, #___str_136
    00001D84 CDrBFr0B         [24] 5048 	call	_show_message
    00001D87 18 46            [12] 5049 	jr	00130$
    00001D89                       5050 00118$:
                                   5051 ;src/main.c:1190: show_message("ROOK", "Needle & Neon keeps blank mini-discs.\nI just need one tonight.", "SELECT CLOSE");
    00001D89 11rD7r1D         [12] 5052 	ld	de, #___str_131
    00001D8C D5               [16] 5053 	push	de
    00001D8D 01r95r1E         [12] 5054 	ld	bc, #___str_137
    00001D90 11r90r1E         [12] 5055 	ld	de, #___str_136
    00001D93 CDrBFr0B         [24] 5056 	call	_show_message
                                   5057 ;src/main.c:1192: return;
    00001D96 18 37            [12] 5058 	jr	00130$
    00001D98                       5059 00121$:
                                   5060 ;src/main.c:1194: rook_shop();
    00001D98 33               [ 8] 5061 	inc	sp
    00001D99 33               [ 8] 5062 	inc	sp
    00001D9A C3r01r1B         [16] 5063 	jp	_rook_shop
                                   5064 ;src/main.c:1195: return;
    00001D9D 18 30            [12] 5065 	jr	00130$
    00001D9F                       5066 00124$:
                                   5067 ;src/main.c:1198: if (npc_id == NPC_SOMA) {
    00001D9F 7B               [ 4] 5068 	ld	a, e
    00001DA0 D6 02            [ 8] 5069 	sub	a, #0x02
    00001DA2 20 07            [12] 5070 	jr	NZ, 00126$
                                   5071 ;src/main.c:1199: soma_shop();
    00001DA4 33               [ 8] 5072 	inc	sp
    00001DA5 33               [ 8] 5073 	inc	sp
    00001DA6 C3rDEr1B         [16] 5074 	jp	_soma_shop
                                   5075 ;src/main.c:1200: return;
    00001DA9 18 24            [12] 5076 	jr	00130$
    00001DAB                       5077 00126$:
                                   5078 ;src/main.c:1203: if (!has_item(ITEM_POSTER)) {
    00001DAB 3E 08            [ 8] 5079 	ld	a, #0x08
    00001DAD CDr10r01         [24] 5080 	call	_has_item
    00001DB0 B7               [ 4] 5081 	or	a, a
    00001DB1 20 0F            [12] 5082 	jr	NZ, 00128$
                                   5083 ;src/main.c:1204: give_item_message("PIX", "Welcome to Luma Lane.\nTake this glow poster for your wall.", ITEM_POSTER);
    00001DB3 3E 08            [ 8] 5084 	ld	a, #0x08
    00001DB5 F5               [16] 5085 	push	af
    00001DB6 33               [ 8] 5086 	inc	sp
    00001DB7 01rD8r1E         [12] 5087 	ld	bc, #___str_139
    00001DBA 11rD4r1E         [12] 5088 	ld	de, #___str_138
    00001DBD CDrB4r15         [24] 5089 	call	_give_item_message
    00001DC0 18 0D            [12] 5090 	jr	00130$
    00001DC2                       5091 00128$:
                                   5092 ;src/main.c:1206: show_message("PIX", "Tiny room, good rain, records nearby.\nYou're settling in fine.", "SELECT CLOSE");
    00001DC2 11rD7r1D         [12] 5093 	ld	de, #___str_131
    00001DC5 D5               [16] 5094 	push	de
    00001DC6 01r13r1F         [12] 5095 	ld	bc, #___str_140
    00001DC9 11rD4r1E         [12] 5096 	ld	de, #___str_138
    00001DCC CDrBFr0B         [24] 5097 	call	_show_message
    00001DCF                       5098 00130$:
                                   5099 ;src/main.c:1208: }
    00001DCF 33               [ 8] 5100 	inc	sp
    00001DD0 33               [ 8] 5101 	inc	sp
    00001DD1 C9               [16] 5102 	ret
    00001DD2                       5103 ___str_130:
    00001DD2 49 4F 4E 41           5104 	.ascii "IONA"
    00001DD6 00                    5105 	.db 0x00
    00001DD7                       5106 ___str_131:
    00001DD7 53 45 4C 45 43 54 20  5107 	.ascii "SELECT CLOSE"
             43 4C 4F 53 45
    00001DE3 00                    5108 	.db 0x00
    00001DE4                       5109 ___str_132:
    00001DE4 4D 79 20 62 6F 6F 74  5110 	.ascii "My booth crackles tonight."
             68 20 63 72 61 63 6B
             6C 65 73 20 74 6F 6E
             69 67 68 74 2E
    00001DFE 0A                    5111 	.db 0x0a
    00001DFF 52 6F 6F 6B 20 73 74  5112 	.ascii "Rook still has softphones."
             69 6C 6C 20 68 61 73
             20 73 6F 66 74 70 68
             6F 6E 65 73 2E
    00001E19 00                    5113 	.db 0x00
    00001E1A                       5114 ___str_133:
    00001E1A 57 68 65 6E 20 74 68  5115 	.ascii "When the block gets lonely,"
             65 20 62 6C 6F 63 6B
             20 67 65 74 73 20 6C
             6F 6E 65 6C 79 2C
    00001E35 0A                    5116 	.db 0x0a
    00001E36 49 20 6C 65 61 76 65  5117 	.ascii "I leave synth-pop in the air."
             20 73 79 6E 74 68 2D
             70 6F 70 20 69 6E 20
             74 68 65 20 61 69 72
             2E
    00001E53 00                    5118 	.db 0x00
    00001E54                       5119 ___str_134:
    00001E54 4D 49 4E 41           5120 	.ascii "MINA"
    00001E58 00                    5121 	.db 0x00
    00001E59                       5122 ___str_135:
    00001E59 49 20 73 6F 72 74 65  5123 	.ascii "I sorted imports all night."
             64 20 69 6D 70 6F 72
             74 73 20 61 6C 6C 20
             6E 69 67 68 74 2E
    00001E74 0A                    5124 	.db 0x0a
    00001E75 53 6F 6D 61 20 73 74  5125 	.ascii "Soma still owes me dinner."
             69 6C 6C 20 6F 77 65
             73 20 6D 65 20 64 69
             6E 6E 65 72 2E
    00001E8F 00                    5126 	.db 0x00
    00001E90                       5127 ___str_136:
    00001E90 52 4F 4F 4B           5128 	.ascii "ROOK"
    00001E94 00                    5129 	.db 0x00
    00001E95                       5130 ___str_137:
    00001E95 4E 65 65 64 6C 65 20  5131 	.ascii "Needle & Neon keeps blank mini-discs."
             26 20 4E 65 6F 6E 20
             6B 65 65 70 73 20 62
             6C 61 6E 6B 20 6D 69
             6E 69 2D 64 69 73 63
             73 2E
    00001EBA 0A                    5132 	.db 0x0a
    00001EBB 49 20 6A 75 73 74 20  5133 	.ascii "I just need one tonight."
             6E 65 65 64 20 6F 6E
             65 20 74 6F 6E 69 67
             68 74 2E
    00001ED3 00                    5134 	.db 0x00
    00001ED4                       5135 ___str_138:
    00001ED4 50 49 58              5136 	.ascii "PIX"
    00001ED7 00                    5137 	.db 0x00
    00001ED8                       5138 ___str_139:
    00001ED8 57 65 6C 63 6F 6D 65  5139 	.ascii "Welcome to Luma Lane."
             20 74 6F 20 4C 75 6D
             61 20 4C 61 6E 65 2E
    00001EED 0A                    5140 	.db 0x0a
    00001EEE 54 61 6B 65 20 74 68  5141 	.ascii "Take this glow poster for your wall."
             69 73 20 67 6C 6F 77
             20 70 6F 73 74 65 72
             20 66 6F 72 20 79 6F
             75 72 20 77 61 6C 6C
             2E
    00001F12 00                    5142 	.db 0x00
    00001F13                       5143 ___str_140:
    00001F13 54 69 6E 79 20 72 6F  5144 	.ascii "Tiny room, good rain, records nearby."
             6F 6D 2C 20 67 6F 6F
             64 20 72 61 69 6E 2C
             20 72 65 63 6F 72 64
             73 20 6E 65 61 72 62
             79 2E
    00001F38 0A                    5145 	.db 0x0a
    00001F39 59 6F 75 27 72 65 20  5146 	.ascii "You're settling in fine."
             73 65 74 74 6C 69 6E
             67 20 69 6E 20 66 69
             6E 65 2E
    00001F51 00                    5147 	.db 0x00
                                   5148 ;src/main.c:1210: static uint8_t npc_at(uint8_t x, uint8_t y, uint8_t *npc_id) {
                                   5149 ;	---------------------------------
                                   5150 ; Function npc_at
                                   5151 ; ---------------------------------
    00001F52                       5152 _npc_at:
    00001F52 E8 FC            [16] 5153 	add	sp, #-4
    00001F54 F8 02            [12] 5154 	ldhl	sp,	#2
    00001F56 32               [ 8] 5155 	ld	(hl-), a
                                   5156 ;src/main.c:1213: for (i = 0u; i != NPC_COUNT; ++i) {
    00001F57 7B               [ 4] 5157 	ld	a, e
    00001F58 32               [ 8] 5158 	ld	(hl-), a
    00001F59 36 00            [12] 5159 	ld	(hl), #0x00
    00001F5B F8 03            [12] 5160 	ldhl	sp,	#3
    00001F5D 36 00            [12] 5161 	ld	(hl), #0x00
    00001F5F                       5162 00106$:
                                   5163 ;src/main.c:1214: if ((npcs[i].room_id == room_id) && (npcs[i].x == x) && (npcs[i].y == y)) {
    00001F5F F8 03            [12] 5164 	ldhl	sp,	#3
    00001F61 4E               [ 8] 5165 	ld	c, (hl)
    00001F62 06 00            [ 8] 5166 	ld	b, #0x00
    00001F64 69               [ 4] 5167 	ld	l, c
    00001F65 60               [ 4] 5168 	ld	h, b
    00001F66 29               [ 8] 5169 	add	hl, hl
    00001F67 09               [ 8] 5170 	add	hl, bc
    00001F68 29               [ 8] 5171 	add	hl, hl
    00001F69 01r00r00         [12] 5172 	ld	bc, #_npcs
    00001F6C 09               [ 8] 5173 	add	hl, bc
    00001F6D 4D               [ 4] 5174 	ld	c, l
    00001F6E 44               [ 4] 5175 	ld	b, h
    00001F6F 0A               [ 8] 5176 	ld	a, (bc)
    00001F70 21r02r00         [12] 5177 	ld	hl, #_room_id
    00001F73 96               [ 8] 5178 	sub	a, (hl)
    00001F74 20 21            [12] 5179 	jr	NZ, 00107$
    00001F76 69               [ 4] 5180 	ld	l, c
    00001F77 60               [ 4] 5181 	ld	h, b
    00001F78 23               [ 8] 5182 	inc	hl
    00001F79 5E               [ 8] 5183 	ld	e, (hl)
    00001F7A F8 02            [12] 5184 	ldhl	sp,	#2
    00001F7C 7E               [ 8] 5185 	ld	a, (hl)
    00001F7D 93               [ 4] 5186 	sub	a, e
    00001F7E 20 17            [12] 5187 	jr	NZ, 00107$
    00001F80 03               [ 8] 5188 	inc	bc
    00001F81 03               [ 8] 5189 	inc	bc
    00001F82 0A               [ 8] 5190 	ld	a, (bc)
    00001F83 4F               [ 4] 5191 	ld	c, a
    00001F84 F8 01            [12] 5192 	ldhl	sp,	#1
    00001F86 7E               [ 8] 5193 	ld	a, (hl)
    00001F87 91               [ 4] 5194 	sub	a, c
    00001F88 20 0D            [12] 5195 	jr	NZ, 00107$
                                   5196 ;src/main.c:1215: *npc_id = i;
    00001F8A F8 06            [12] 5197 	ldhl	sp,	#6
    00001F8C 2A               [ 8] 5198 	ld	a, (hl+)
    00001F8D 4F               [ 4] 5199 	ld	c, a
    00001F8E 46               [ 8] 5200 	ld	b, (hl)
    00001F8F F8 00            [12] 5201 	ldhl	sp,	#0
    00001F91 7E               [ 8] 5202 	ld	a, (hl)
    00001F92 02               [ 8] 5203 	ld	(bc), a
                                   5204 ;src/main.c:1216: return 1u;
    00001F93 3E 01            [ 8] 5205 	ld	a, #0x01
    00001F95 18 0F            [12] 5206 	jr	00108$
    00001F97                       5207 00107$:
                                   5208 ;src/main.c:1213: for (i = 0u; i != NPC_COUNT; ++i) {
    00001F97 F8 03            [12] 5209 	ldhl	sp,	#3
    00001F99 34               [12] 5210 	inc	(hl)
    00001F9A 7E               [ 8] 5211 	ld	a, (hl)
    00001F9B F8 00            [12] 5212 	ldhl	sp,	#0
    00001F9D 77               [ 8] 5213 	ld	(hl), a
    00001F9E F8 03            [12] 5214 	ldhl	sp,	#3
    00001FA0 7E               [ 8] 5215 	ld	a, (hl)
    00001FA1 D6 05            [ 8] 5216 	sub	a, #0x05
    00001FA3 20 BA            [12] 5217 	jr	NZ, 00106$
                                   5218 ;src/main.c:1219: return 0u;
    00001FA5 AF               [ 4] 5219 	xor	a, a
    00001FA6                       5220 00108$:
                                   5221 ;src/main.c:1220: }
    00001FA6 E8 04            [16] 5222 	add	sp, #4
    00001FA8 E1               [12] 5223 	pop	hl
    00001FA9 C1               [12] 5224 	pop	bc
    00001FAA E9               [ 4] 5225 	jp	(hl)
                                   5226 ;src/main.c:1222: static uint8_t npc_blocks(uint8_t x, uint8_t y) {
                                   5227 ;	---------------------------------
                                   5228 ; Function npc_blocks
                                   5229 ; ---------------------------------
    00001FAB                       5230 _npc_blocks:
    00001FAB E8 FD            [16] 5231 	add	sp, #-3
    00001FAD F8 01            [12] 5232 	ldhl	sp,	#1
    00001FAF 32               [ 8] 5233 	ld	(hl-), a
                                   5234 ;src/main.c:1225: for (i = 0u; i != NPC_COUNT; ++i) {
    00001FB0 7B               [ 4] 5235 	ld	a, e
    00001FB1 22               [ 8] 5236 	ld	(hl+), a
    00001FB2 23               [ 8] 5237 	inc	hl
    00001FB3 36 00            [12] 5238 	ld	(hl), #0x00
    00001FB5                       5239 00106$:
                                   5240 ;src/main.c:1226: if ((npcs[i].room_id == room_id) && (npcs[i].x == x) && (npcs[i].y == y)) {
    00001FB5 F8 02            [12] 5241 	ldhl	sp,	#2
    00001FB7 4E               [ 8] 5242 	ld	c, (hl)
    00001FB8 06 00            [ 8] 5243 	ld	b, #0x00
    00001FBA 69               [ 4] 5244 	ld	l, c
    00001FBB 60               [ 4] 5245 	ld	h, b
    00001FBC 29               [ 8] 5246 	add	hl, hl
    00001FBD 09               [ 8] 5247 	add	hl, bc
    00001FBE 29               [ 8] 5248 	add	hl, hl
    00001FBF 01r00r00         [12] 5249 	ld	bc, #_npcs
    00001FC2 09               [ 8] 5250 	add	hl, bc
    00001FC3 4D               [ 4] 5251 	ld	c, l
    00001FC4 44               [ 4] 5252 	ld	b, h
    00001FC5 0A               [ 8] 5253 	ld	a, (bc)
    00001FC6 21r02r00         [12] 5254 	ld	hl, #_room_id
    00001FC9 96               [ 8] 5255 	sub	a, (hl)
    00001FCA 20 18            [12] 5256 	jr	NZ, 00107$
    00001FCC 69               [ 4] 5257 	ld	l, c
    00001FCD 60               [ 4] 5258 	ld	h, b
    00001FCE 23               [ 8] 5259 	inc	hl
    00001FCF 5E               [ 8] 5260 	ld	e, (hl)
    00001FD0 F8 01            [12] 5261 	ldhl	sp,	#1
    00001FD2 7E               [ 8] 5262 	ld	a, (hl)
    00001FD3 93               [ 4] 5263 	sub	a, e
    00001FD4 20 0E            [12] 5264 	jr	NZ, 00107$
    00001FD6 03               [ 8] 5265 	inc	bc
    00001FD7 03               [ 8] 5266 	inc	bc
    00001FD8 0A               [ 8] 5267 	ld	a, (bc)
    00001FD9 4F               [ 4] 5268 	ld	c, a
    00001FDA F8 00            [12] 5269 	ldhl	sp,	#0
    00001FDC 7E               [ 8] 5270 	ld	a, (hl)
    00001FDD 91               [ 4] 5271 	sub	a, c
    00001FDE 20 04            [12] 5272 	jr	NZ, 00107$
                                   5273 ;src/main.c:1227: return 1u;
    00001FE0 3E 01            [ 8] 5274 	ld	a, #0x01
    00001FE2 18 09            [12] 5275 	jr	00108$
    00001FE4                       5276 00107$:
                                   5277 ;src/main.c:1225: for (i = 0u; i != NPC_COUNT; ++i) {
    00001FE4 F8 02            [12] 5278 	ldhl	sp,	#2
    00001FE6 34               [12] 5279 	inc	(hl)
    00001FE7 7E               [ 8] 5280 	ld	a, (hl)
    00001FE8 D6 05            [ 8] 5281 	sub	a, #0x05
    00001FEA 20 C9            [12] 5282 	jr	NZ, 00106$
                                   5283 ;src/main.c:1230: return 0u;
    00001FEC AF               [ 4] 5284 	xor	a, a
    00001FED                       5285 00108$:
                                   5286 ;src/main.c:1231: }
    00001FED E8 03            [16] 5287 	add	sp, #3
    00001FEF C9               [16] 5288 	ret
                                   5289 ;src/main.c:1233: static uint8_t hotspot_at(uint8_t x, uint8_t y, uint8_t *hotspot_id) {
                                   5290 ;	---------------------------------
                                   5291 ; Function hotspot_at
                                   5292 ; ---------------------------------
    00001FF0                       5293 _hotspot_at:
    00001FF0 3B               [ 8] 5294 	dec	sp
    00001FF1 3B               [ 8] 5295 	dec	sp
    00001FF2 F8 01            [12] 5296 	ldhl	sp,	#1
    00001FF4 32               [ 8] 5297 	ld	(hl-), a
    00001FF5 73               [ 8] 5298 	ld	(hl), e
                                   5299 ;src/main.c:1236: for (i = 0u; i != (sizeof(hotspots) / sizeof(hotspots[0])); ++i) {
    00001FF6 0E 00            [ 8] 5300 	ld	c, #0x00
    00001FF8                       5301 00106$:
                                   5302 ;src/main.c:1237: if ((hotspots[i].room_id == room_id) && (hotspots[i].x == x) && (hotspots[i].y == y)) {
    00001FF8 59               [ 4] 5303 	ld	e, c
    00001FF9 16 00            [ 8] 5304 	ld	d, #0x00
    00001FFB 6B               [ 4] 5305 	ld	l, e
    00001FFC 62               [ 4] 5306 	ld	h, d
    00001FFD 29               [ 8] 5307 	add	hl, hl
    00001FFE 29               [ 8] 5308 	add	hl, hl
    00001FFF 3Er00            [ 8] 5309 	ld	a, #<(_hotspots)
    00002001 85               [ 4] 5310 	add	a, l
    00002002 5F               [ 4] 5311 	ld	e, a
    00002003 3Es00            [ 8] 5312 	ld	a, #>(_hotspots)
    00002005 8C               [ 4] 5313 	adc	a, h
    00002006 57               [ 4] 5314 	ld	d, a
    00002007 1A               [ 8] 5315 	ld	a, (de)
    00002008 21r02r00         [12] 5316 	ld	hl, #_room_id
    0000200B 96               [ 8] 5317 	sub	a, (hl)
    0000200C 20 23            [12] 5318 	jr	NZ, 00107$
    0000200E 6B               [ 4] 5319 	ld	l, e
    0000200F 62               [ 4] 5320 	ld	h, d
    00002010 23               [ 8] 5321 	inc	hl
    00002011 46               [ 8] 5322 	ld	b, (hl)
    00002012 F8 01            [12] 5323 	ldhl	sp,	#1
    00002014 7E               [ 8] 5324 	ld	a, (hl)
    00002015 90               [ 4] 5325 	sub	a, b
    00002016 20 19            [12] 5326 	jr	NZ, 00107$
    00002018 6B               [ 4] 5327 	ld	l, e
    00002019 62               [ 4] 5328 	ld	h, d
    0000201A 23               [ 8] 5329 	inc	hl
    0000201B 23               [ 8] 5330 	inc	hl
    0000201C 46               [ 8] 5331 	ld	b, (hl)
    0000201D F8 00            [12] 5332 	ldhl	sp,	#0
    0000201F 7E               [ 8] 5333 	ld	a, (hl)
    00002020 90               [ 4] 5334 	sub	a, b
    00002021 20 0E            [12] 5335 	jr	NZ, 00107$
                                   5336 ;src/main.c:1238: *hotspot_id = hotspots[i].id;
    00002023 F8 04            [12] 5337 	ldhl	sp,	#4
    00002025 2A               [ 8] 5338 	ld	a, (hl+)
    00002026 4F               [ 4] 5339 	ld	c, a
    00002027 46               [ 8] 5340 	ld	b, (hl)
    00002028 13               [ 8] 5341 	inc	de
    00002029 13               [ 8] 5342 	inc	de
    0000202A 13               [ 8] 5343 	inc	de
    0000202B 1A               [ 8] 5344 	ld	a, (de)
    0000202C 02               [ 8] 5345 	ld	(bc), a
                                   5346 ;src/main.c:1239: return 1u;
    0000202D 3E 01            [ 8] 5347 	ld	a, #0x01
    0000202F 18 07            [12] 5348 	jr	00108$
    00002031                       5349 00107$:
                                   5350 ;src/main.c:1236: for (i = 0u; i != (sizeof(hotspots) / sizeof(hotspots[0])); ++i) {
    00002031 0C               [ 4] 5351 	inc	c
    00002032 79               [ 4] 5352 	ld	a, c
    00002033 D6 06            [ 8] 5353 	sub	a, #0x06
    00002035 20 C1            [12] 5354 	jr	NZ, 00106$
                                   5355 ;src/main.c:1242: return 0u;
    00002037 AF               [ 4] 5356 	xor	a, a
    00002038                       5357 00108$:
                                   5358 ;src/main.c:1243: }
    00002038 33               [ 8] 5359 	inc	sp
    00002039 33               [ 8] 5360 	inc	sp
    0000203A E1               [12] 5361 	pop	hl
    0000203B C1               [12] 5362 	pop	bc
    0000203C E9               [ 4] 5363 	jp	(hl)
                                   5364 ;src/main.c:1245: static void room_fallback_position(uint8_t *x, uint8_t *y) {
                                   5365 ;	---------------------------------
                                   5366 ; Function room_fallback_position
                                   5367 ; ---------------------------------
    0000203D                       5368 _room_fallback_position:
                                   5369 ;src/main.c:1246: switch (room_id) {
    0000203D 3E 06            [ 8] 5370 	ld	a, #0x06
    0000203F 21r02r00         [12] 5371 	ld	hl, #_room_id
    00002042 96               [ 8] 5372 	sub	a, (hl)
    00002043 38 47            [12] 5373 	jr	C, 00108$
    00002045 D5               [16] 5374 	push	de
    00002046 5E               [ 8] 5375 	ld	e, (hl)
    00002047 16 00            [ 8] 5376 	ld	d, #0x00
    00002049 21r54r20         [12] 5377 	ld	hl, #00119$
    0000204C 19               [ 8] 5378 	add	hl, de
    0000204D 19               [ 8] 5379 	add	hl, de
    0000204E 5E               [ 8] 5380 	ld	e, (hl)
    0000204F 23               [ 8] 5381 	inc	hl
    00002050 66               [ 8] 5382 	ld	h, (hl)
    00002051 6B               [ 4] 5383 	ld	l, e
    00002052 D1               [12] 5384 	pop	de
    00002053 E9               [ 4] 5385 	jp	(hl)
    00002054                       5386 00119$:
    00002054r8Cr20                 5387 	.dw	00108$
    00002056r62r20                 5388 	.dw	00101$
    00002058r69r20                 5389 	.dw	00102$
    0000205Ar70r20                 5390 	.dw	00103$
    0000205Cr77r20                 5391 	.dw	00104$
    0000205Er7Er20                 5392 	.dw	00105$
    00002060r85r20                 5393 	.dw	00106$
                                   5394 ;src/main.c:1247: case ROOM_APARTMENT:
    00002062                       5395 00101$:
                                   5396 ;src/main.c:1248: *x = 16u;
    00002062 3E 10            [ 8] 5397 	ld	a, #0x10
    00002064 12               [ 8] 5398 	ld	(de), a
                                   5399 ;src/main.c:1249: *y = 14u;
    00002065 3E 0E            [ 8] 5400 	ld	a, #0x0e
    00002067 02               [ 8] 5401 	ld	(bc), a
                                   5402 ;src/main.c:1250: break;
    00002068 C9               [16] 5403 	ret
                                   5404 ;src/main.c:1251: case ROOM_RECORDS:
    00002069                       5405 00102$:
                                   5406 ;src/main.c:1252: *x = 9u;
    00002069 3E 09            [ 8] 5407 	ld	a, #0x09
    0000206B 12               [ 8] 5408 	ld	(de), a
                                   5409 ;src/main.c:1253: *y = 14u;
    0000206C 3E 0E            [ 8] 5410 	ld	a, #0x0e
    0000206E 02               [ 8] 5411 	ld	(bc), a
                                   5412 ;src/main.c:1254: break;
    0000206F C9               [16] 5413 	ret
                                   5414 ;src/main.c:1255: case ROOM_TECH:
    00002070                       5415 00103$:
                                   5416 ;src/main.c:1256: *x = 9u;
    00002070 3E 09            [ 8] 5417 	ld	a, #0x09
    00002072 12               [ 8] 5418 	ld	(de), a
                                   5419 ;src/main.c:1257: *y = 14u;
    00002073 3E 0E            [ 8] 5420 	ld	a, #0x0e
    00002075 02               [ 8] 5421 	ld	(bc), a
                                   5422 ;src/main.c:1258: break;
    00002076 C9               [16] 5423 	ret
                                   5424 ;src/main.c:1259: case ROOM_RAMEN:
    00002077                       5425 00104$:
                                   5426 ;src/main.c:1260: *x = 9u;
    00002077 3E 09            [ 8] 5427 	ld	a, #0x09
    00002079 12               [ 8] 5428 	ld	(de), a
                                   5429 ;src/main.c:1261: *y = 14u;
    0000207A 3E 0E            [ 8] 5430 	ld	a, #0x0e
    0000207C 02               [ 8] 5431 	ld	(bc), a
                                   5432 ;src/main.c:1262: break;
    0000207D C9               [16] 5433 	ret
                                   5434 ;src/main.c:1263: case ROOM_ROOFTOP:
    0000207E                       5435 00105$:
                                   5436 ;src/main.c:1264: *x = 10u;
    0000207E 3E 0A            [ 8] 5437 	ld	a, #0x0a
    00002080 12               [ 8] 5438 	ld	(de), a
                                   5439 ;src/main.c:1265: *y = 14u;
    00002081 3E 0E            [ 8] 5440 	ld	a, #0x0e
    00002083 02               [ 8] 5441 	ld	(bc), a
                                   5442 ;src/main.c:1266: break;
    00002084 C9               [16] 5443 	ret
                                   5444 ;src/main.c:1267: case ROOM_SOUTHLINE:
    00002085                       5445 00106$:
                                   5446 ;src/main.c:1268: *x = 9u;
    00002085 3E 09            [ 8] 5447 	ld	a, #0x09
    00002087 12               [ 8] 5448 	ld	(de), a
                                   5449 ;src/main.c:1269: *y = 2u;
    00002088 3E 02            [ 8] 5450 	ld	a, #0x02
    0000208A 02               [ 8] 5451 	ld	(bc), a
                                   5452 ;src/main.c:1270: break;
    0000208B C9               [16] 5453 	ret
                                   5454 ;src/main.c:1272: default:
    0000208C                       5455 00108$:
                                   5456 ;src/main.c:1273: *x = 10u;
    0000208C 3E 0A            [ 8] 5457 	ld	a, #0x0a
    0000208E 12               [ 8] 5458 	ld	(de), a
                                   5459 ;src/main.c:1274: *y = 12u;
    0000208F 3E 0C            [ 8] 5460 	ld	a, #0x0c
    00002091 02               [ 8] 5461 	ld	(bc), a
                                   5462 ;src/main.c:1276: }
                                   5463 ;src/main.c:1277: }
    00002092 C9               [16] 5464 	ret
                                   5465 ;src/main.c:1279: static uint8_t position_is_walkable(uint8_t x, uint8_t y) {
                                   5466 ;	---------------------------------
                                   5467 ; Function position_is_walkable
                                   5468 ; ---------------------------------
    00002093                       5469 _position_is_walkable:
    00002093 4F               [ 4] 5470 	ld	c, a
    00002094 43               [ 4] 5471 	ld	b, e
                                   5472 ;src/main.c:1282: if ((x >= MAP_W) || (y >= MAP_H)) {
    00002095 79               [ 4] 5473 	ld	a, c
    00002096 D6 14            [ 8] 5474 	sub	a, #0x14
    00002098 30 05            [12] 5475 	jr	NC, 00101$
    0000209A 78               [ 4] 5476 	ld	a, b
    0000209B D6 12            [ 8] 5477 	sub	a, #0x12
    0000209D 38 02            [12] 5478 	jr	C, 00102$
    0000209F                       5479 00101$:
                                   5480 ;src/main.c:1283: return 0u;
    0000209F AF               [ 4] 5481 	xor	a, a
    000020A0 C9               [16] 5482 	ret
    000020A1                       5483 00102$:
                                   5484 ;src/main.c:1286: tile = map_buffer[(uint16_t)y * MAP_W + x];
    000020A1 68               [ 4] 5485 	ld	l, b
    000020A2 26 00            [ 8] 5486 	ld	h, #0x00
    000020A4 5D               [ 4] 5487 	ld	e, l
    000020A5 54               [ 4] 5488 	ld	d, h
    000020A6 29               [ 8] 5489 	add	hl, hl
    000020A7 29               [ 8] 5490 	add	hl, hl
    000020A8 19               [ 8] 5491 	add	hl, de
    000020A9 29               [ 8] 5492 	add	hl, hl
    000020AA 29               [ 8] 5493 	add	hl, hl
    000020AB 59               [ 4] 5494 	ld	e, c
    000020AC 16 00            [ 8] 5495 	ld	d, #0x00
    000020AE 19               [ 8] 5496 	add	hl, de
    000020AF 11r12r00         [12] 5497 	ld	de, #_map_buffer
    000020B2 19               [ 8] 5498 	add	hl, de
    000020B3 7E               [ 8] 5499 	ld	a, (hl)
                                   5500 ;src/main.c:1287: return (uint8_t)(!is_solid(tile) && !npc_blocks(x, y));
    000020B4 C5               [16] 5501 	push	bc
    000020B5 CDr33r21         [24] 5502 	call	_is_solid
    000020B8 C1               [12] 5503 	pop	bc
    000020B9 B7               [ 4] 5504 	or	a, a
    000020BA 20 08            [12] 5505 	jr	NZ, 00106$
    000020BC 58               [ 4] 5506 	ld	e, b
    000020BD 79               [ 4] 5507 	ld	a, c
    000020BE CDrABr1F         [24] 5508 	call	_npc_blocks
    000020C1 B7               [ 4] 5509 	or	a, a
    000020C2 28 02            [12] 5510 	jr	Z, 00107$
    000020C4                       5511 00106$:
    000020C4 AF               [ 4] 5512 	xor	a, a
    000020C5 C9               [16] 5513 	ret
    000020C6                       5514 00107$:
    000020C6 3E 01            [ 8] 5515 	ld	a, #0x01
                                   5516 ;src/main.c:1288: }
    000020C8 C9               [16] 5517 	ret
                                   5518 ;src/main.c:1290: static void sanitize_player_position(void) {
                                   5519 ;	---------------------------------
                                   5520 ; Function sanitize_player_position
                                   5521 ; ---------------------------------
    000020C9                       5522 _sanitize_player_position:
    000020C9 3B               [ 8] 5523 	dec	sp
    000020CA 3B               [ 8] 5524 	dec	sp
                                   5525 ;src/main.c:1296: if (position_is_walkable(player_x, player_y)) {
    000020CB FAr04r00         [16] 5526 	ld	a, (_player_y)
    000020CE 5F               [ 4] 5527 	ld	e, a
    000020CF FAr03r00         [16] 5528 	ld	a, (_player_x)
    000020D2 CDr93r20         [24] 5529 	call	_position_is_walkable
    000020D5 4F               [ 4] 5530 	ld	c, a
    000020D6 B7               [ 4] 5531 	or	a, a
                                   5532 ;src/main.c:1297: return;
    000020D7 20 57            [12] 5533 	jr	NZ, 00113$
                                   5534 ;src/main.c:1300: room_fallback_position(&fallback_x, &fallback_y);
    000020D9 F8 01            [12] 5535 	ldhl	sp,	#1
    000020DB 4D               [ 4] 5536 	ld	c, l
    000020DC 44               [ 4] 5537 	ld	b, h
    000020DD F8 00            [12] 5538 	ldhl	sp,	#0
    000020DF 5D               [ 4] 5539 	ld	e, l
    000020E0 54               [ 4] 5540 	ld	d, h
    000020E1 CDr3Dr20         [24] 5541 	call	_room_fallback_position
                                   5542 ;src/main.c:1301: if (position_is_walkable(fallback_x, fallback_y)) {
    000020E4 F8 01            [12] 5543 	ldhl	sp,	#1
    000020E6 3A               [ 8] 5544 	ld	a, (hl-)
    000020E7 5F               [ 4] 5545 	ld	e, a
    000020E8 7E               [ 8] 5546 	ld	a, (hl)
    000020E9 CDr93r20         [24] 5547 	call	_position_is_walkable
    000020EC B7               [ 4] 5548 	or	a, a
    000020ED 28 0E            [12] 5549 	jr	Z, 00104$
                                   5550 ;src/main.c:1302: player_x = fallback_x;
    000020EF F8 00            [12] 5551 	ldhl	sp,	#0
    000020F1 7E               [ 8] 5552 	ld	a, (hl)
    000020F2 EAr03r00         [16] 5553 	ld	(#_player_x),a
                                   5554 ;src/main.c:1303: player_y = fallback_y;
    000020F5 F8 01            [12] 5555 	ldhl	sp,	#1
    000020F7 7E               [ 8] 5556 	ld	a, (hl)
    000020F8 EAr04r00         [16] 5557 	ld	(#_player_y),a
                                   5558 ;src/main.c:1304: return;
    000020FB 18 33            [12] 5559 	jr	00113$
    000020FD                       5560 00104$:
                                   5561 ;src/main.c:1307: for (y = 1u; y != (MAP_H - 1u); ++y) {
    000020FD 0E 01            [ 8] 5562 	ld	c, #0x01
    000020FF 59               [ 4] 5563 	ld	e, c
    00002100                       5564 00111$:
                                   5565 ;src/main.c:1308: for (x = 1u; x != (MAP_W - 1u); ++x) {
    00002100 06 01            [ 8] 5566 	ld	b, #0x01
    00002102 50               [ 4] 5567 	ld	d, b
    00002103                       5568 00109$:
                                   5569 ;src/main.c:1309: if (position_is_walkable(x, y)) {
    00002103 C5               [16] 5570 	push	bc
    00002104 D5               [16] 5571 	push	de
    00002105 7A               [ 4] 5572 	ld	a, d
    00002106 CDr93r20         [24] 5573 	call	_position_is_walkable
    00002109 D1               [12] 5574 	pop	de
    0000210A C1               [12] 5575 	pop	bc
    0000210B B7               [ 4] 5576 	or	a, a
    0000210C 28 0A            [12] 5577 	jr	Z, 00110$
                                   5578 ;src/main.c:1310: player_x = x;
    0000210E 21r03r00         [12] 5579 	ld	hl, #_player_x
    00002111 70               [ 8] 5580 	ld	(hl), b
                                   5581 ;src/main.c:1311: player_y = y;
    00002112 21r04r00         [12] 5582 	ld	hl, #_player_y
    00002115 71               [ 8] 5583 	ld	(hl), c
                                   5584 ;src/main.c:1312: return;
    00002116 18 18            [12] 5585 	jr	00113$
    00002118                       5586 00110$:
                                   5587 ;src/main.c:1308: for (x = 1u; x != (MAP_W - 1u); ++x) {
    00002118 14               [ 4] 5588 	inc	d
    00002119 7A               [ 4] 5589 	ld	a,d
    0000211A 47               [ 4] 5590 	ld	b,a
    0000211B D6 13            [ 8] 5591 	sub	a, #0x13
    0000211D 20 E4            [12] 5592 	jr	NZ, 00109$
                                   5593 ;src/main.c:1307: for (y = 1u; y != (MAP_H - 1u); ++y) {
    0000211F 1C               [ 4] 5594 	inc	e
    00002120 7B               [ 4] 5595 	ld	a,e
    00002121 4F               [ 4] 5596 	ld	c,a
    00002122 D6 11            [ 8] 5597 	sub	a, #0x11
    00002124 20 DA            [12] 5598 	jr	NZ, 00111$
                                   5599 ;src/main.c:1317: player_x = 1u;
    00002126 21r03r00         [12] 5600 	ld	hl, #_player_x
    00002129 36 01            [12] 5601 	ld	(hl), #0x01
                                   5602 ;src/main.c:1318: player_y = 1u;
    0000212B 21r04r00         [12] 5603 	ld	hl, #_player_y
    0000212E 36 01            [12] 5604 	ld	(hl), #0x01
    00002130                       5605 00113$:
                                   5606 ;src/main.c:1319: }
    00002130 33               [ 8] 5607 	inc	sp
    00002131 33               [ 8] 5608 	inc	sp
    00002132 C9               [16] 5609 	ret
                                   5610 ;src/main.c:1321: static uint8_t is_solid(uint8_t tile) {
                                   5611 ;	---------------------------------
                                   5612 ; Function is_solid
                                   5613 ; ---------------------------------
    00002133                       5614 _is_solid:
                                   5615 ;src/main.c:1322: return (tile == 3u) || (tile == 4u) || (tile == 6u) || (tile == 8u) ||
    00002133 FE 03            [ 8] 5616 	cp	a, #0x03
    00002135 28 4E            [12] 5617 	jr	Z, 00104$
    00002137 FE 04            [ 8] 5618 	cp	a, #0x04
    00002139 28 4A            [12] 5619 	jr	Z, 00104$
    0000213B FE 06            [ 8] 5620 	cp	a, #0x06
    0000213D 28 46            [12] 5621 	jr	Z, 00104$
    0000213F FE 08            [ 8] 5622 	cp	a, #0x08
    00002141 28 42            [12] 5623 	jr	Z, 00104$
                                   5624 ;src/main.c:1323: (tile == 9u) || (tile == 10u) || (tile == 11u) || (tile == 12u) ||
    00002143 FE 09            [ 8] 5625 	cp	a, #0x09
    00002145 28 3E            [12] 5626 	jr	Z, 00104$
    00002147 FE 0A            [ 8] 5627 	cp	a, #0x0a
    00002149 28 3A            [12] 5628 	jr	Z, 00104$
    0000214B FE 0B            [ 8] 5629 	cp	a, #0x0b
    0000214D 28 36            [12] 5630 	jr	Z, 00104$
    0000214F FE 0C            [ 8] 5631 	cp	a, #0x0c
    00002151 28 32            [12] 5632 	jr	Z, 00104$
                                   5633 ;src/main.c:1324: (tile == 13u) || (tile == 14u) || (tile == 15u) || (tile == 16u) ||
    00002153 FE 0D            [ 8] 5634 	cp	a, #0x0d
    00002155 28 2E            [12] 5635 	jr	Z, 00104$
    00002157 FE 0E            [ 8] 5636 	cp	a, #0x0e
    00002159 28 2A            [12] 5637 	jr	Z, 00104$
    0000215B FE 0F            [ 8] 5638 	cp	a, #0x0f
    0000215D 28 26            [12] 5639 	jr	Z, 00104$
    0000215F FE 10            [ 8] 5640 	cp	a, #0x10
    00002161 28 22            [12] 5641 	jr	Z, 00104$
                                   5642 ;src/main.c:1325: (tile == 17u) || (tile == 18u) || (tile == 19u) || (tile == 20u) ||
    00002163 FE 11            [ 8] 5643 	cp	a, #0x11
    00002165 28 1E            [12] 5644 	jr	Z, 00104$
    00002167 FE 12            [ 8] 5645 	cp	a, #0x12
    00002169 28 1A            [12] 5646 	jr	Z, 00104$
    0000216B FE 13            [ 8] 5647 	cp	a, #0x13
    0000216D 28 16            [12] 5648 	jr	Z, 00104$
    0000216F FE 14            [ 8] 5649 	cp	a, #0x14
    00002171 28 12            [12] 5650 	jr	Z, 00104$
                                   5651 ;src/main.c:1326: (tile == 21u) || (tile == 22u) || (tile == 23u) || (tile == 24u);
    00002173 FE 15            [ 8] 5652 	cp	a, #0x15
    00002175 28 0E            [12] 5653 	jr	Z, 00104$
    00002177 FE 16            [ 8] 5654 	cp	a, #0x16
    00002179 28 0A            [12] 5655 	jr	Z, 00104$
    0000217B FE 17            [ 8] 5656 	cp	a, #0x17
    0000217D 28 06            [12] 5657 	jr	Z, 00104$
    0000217F D6 18            [ 8] 5658 	sub	a, #0x18
    00002181 28 02            [12] 5659 	jr	Z, 00104$
    00002183 AF               [ 4] 5660 	xor	a, a
    00002184 C9               [16] 5661 	ret
    00002185                       5662 00104$:
    00002185 3E 01            [ 8] 5663 	ld	a, #0x01
                                   5664 ;src/main.c:1327: }
    00002187 C9               [16] 5665 	ret
                                   5666 ;src/main.c:1329: static void enter_room(uint8_t new_room, uint8_t new_x, uint8_t new_y) {
                                   5667 ;	---------------------------------
                                   5668 ; Function enter_room
                                   5669 ; ---------------------------------
    00002188                       5670 _enter_room:
    00002188 EAr02r00         [16] 5671 	ld	(#_room_id),a
    0000218B 21r03r00         [12] 5672 	ld	hl, #_player_x
    0000218E 73               [ 8] 5673 	ld	(hl), e
                                   5674 ;src/main.c:1332: player_y = new_y;
    0000218F F8 02            [12] 5675 	ldhl	sp,	#2
    00002191 7E               [ 8] 5676 	ld	a, (hl)
    00002192 EAr04r00         [16] 5677 	ld	(#_player_y),a
                                   5678 ;src/main.c:1333: dt_audio_play_sfx(SFX_DOOR);
    00002195 3E 03            [ 8] 5679 	ld	a, #0x03
    00002197 F5               [16] 5680 	push	af
    00002198 33               [ 8] 5681 	inc	sp
    00002199 1Er00            [ 8] 5682 	ld	e, #b_dt_audio_play_sfx
    0000219B 21r00r00         [12] 5683 	ld	hl, #_dt_audio_play_sfx
    0000219E CDr00r00         [24] 5684 	call	___sdcc_bcall_ehl
    000021A1 33               [ 8] 5685 	inc	sp
                                   5686 ;src/main.c:1334: load_room();
    000021A2 CDr87r06         [24] 5687 	call	_load_room
                                   5688 ;src/main.c:1335: render_room();
    000021A5 CDrA4r08         [24] 5689 	call	_render_room
                                   5690 ;src/main.c:1336: }
    000021A8 E1               [12] 5691 	pop	hl
    000021A9 33               [ 8] 5692 	inc	sp
    000021AA E9               [ 4] 5693 	jp	(hl)
                                   5694 ;src/main.c:1338: static void check_door(void) {
                                   5695 ;	---------------------------------
                                   5696 ; Function check_door
                                   5697 ; ---------------------------------
    000021AB                       5698 _check_door:
                                   5699 ;src/main.c:1341: for (i = 0u; i != (sizeof(doors) / sizeof(doors[0])); ++i) {
    000021AB 0E 00            [ 8] 5700 	ld	c, #0x00
    000021AD                       5701 00106$:
                                   5702 ;src/main.c:1342: if ((doors[i].room_id == room_id) &&
    000021AD 06 00            [ 8] 5703 	ld	b, #0x00
    000021AF 69               [ 4] 5704 	ld	l, c
    000021B0 60               [ 4] 5705 	ld	h, b
    000021B1 29               [ 8] 5706 	add	hl, hl
    000021B2 09               [ 8] 5707 	add	hl, bc
    000021B3 29               [ 8] 5708 	add	hl, hl
    000021B4 11r00r00         [12] 5709 	ld	de, #_doors
    000021B7 19               [ 8] 5710 	add	hl, de
    000021B8 7E               [ 8] 5711 	ld	a, (hl)
    000021B9 21r02r00         [12] 5712 	ld	hl, #_room_id
    000021BC 96               [ 8] 5713 	sub	a, (hl)
    000021BD 20 33            [12] 5714 	jr	NZ, 00107$
                                   5715 ;src/main.c:1343: (doors[i].x == player_x) &&
    000021BF 23               [ 8] 5716 	inc	hl
    000021C0 5D               [ 4] 5717 	ld	e, l
    000021C1 54               [ 4] 5718 	ld	d, h
    000021C2 1A               [ 8] 5719 	ld	a, (de)
    000021C3 21r03r00         [12] 5720 	ld	hl, #_player_x
    000021C6 96               [ 8] 5721 	sub	a, (hl)
    000021C7 20 29            [12] 5722 	jr	NZ, 00107$
                                   5723 ;src/main.c:1344: (doors[i].y == player_y)) {
    000021C9 23               [ 8] 5724 	inc	hl
    000021CA 23               [ 8] 5725 	inc	hl
    000021CB 5D               [ 4] 5726 	ld	e, l
    000021CC 54               [ 4] 5727 	ld	d, h
    000021CD 1A               [ 8] 5728 	ld	a, (de)
    000021CE 21r04r00         [12] 5729 	ld	hl, #_player_y
    000021D1 96               [ 8] 5730 	sub	a, (hl)
    000021D2 20 1E            [12] 5731 	jr	NZ, 00107$
                                   5732 ;src/main.c:1345: enter_room(doors[i].target_room, doors[i].target_x, doors[i].target_y);
    000021D4 7D               [ 4] 5733 	ld	a, l
    000021D5 C6 05            [ 8] 5734 	add	a, #0x05
    000021D7 4F               [ 4] 5735 	ld	c, a
    000021D8 7C               [ 4] 5736 	ld	a, h
    000021D9 CE 00            [ 8] 5737 	adc	a, #0x00
    000021DB 47               [ 4] 5738 	ld	b, a
    000021DC 0A               [ 8] 5739 	ld	a, (bc)
    000021DD 47               [ 4] 5740 	ld	b, a
    000021DE 7D               [ 4] 5741 	ld	a, l
    000021DF C6 04            [ 8] 5742 	add	a, #0x04
    000021E1 5F               [ 4] 5743 	ld	e, a
    000021E2 7C               [ 4] 5744 	ld	a, h
    000021E3 23               [ 8] 5745 	inc	hl
    000021E4 23               [ 8] 5746 	inc	hl
    000021E5 23               [ 8] 5747 	inc	hl
    000021E6 CE 00            [ 8] 5748 	adc	a, #0x00
    000021E8 57               [ 4] 5749 	ld	d, a
    000021E9 1A               [ 8] 5750 	ld	a, (de)
    000021EA 5F               [ 4] 5751 	ld	e, a
    000021EB 7E               [ 8] 5752 	ld	a, (hl)
    000021EC C5               [16] 5753 	push	bc
    000021ED 33               [ 8] 5754 	inc	sp
    000021EE CDr88r21         [24] 5755 	call	_enter_room
                                   5756 ;src/main.c:1346: return;
    000021F1 C9               [16] 5757 	ret
    000021F2                       5758 00107$:
                                   5759 ;src/main.c:1341: for (i = 0u; i != (sizeof(doors) / sizeof(doors[0])); ++i) {
    000021F2 0C               [ 4] 5760 	inc	c
    000021F3 79               [ 4] 5761 	ld	a, c
    000021F4 D6 0C            [ 8] 5762 	sub	a, #0x0c
    000021F6 20 B5            [12] 5763 	jr	NZ, 00106$
                                   5764 ;src/main.c:1349: }
    000021F8 C9               [16] 5765 	ret
                                   5766 ;src/main.c:1351: static void animate_step(int8_t dx, int8_t dy) {
                                   5767 ;	---------------------------------
                                   5768 ; Function animate_step
                                   5769 ; ---------------------------------
    000021F9                       5770 _animate_step:
    000021F9 E8 F9            [16] 5771 	add	sp, #-7
    000021FB F8 05            [12] 5772 	ldhl	sp,	#5
    000021FD 32               [ 8] 5773 	ld	(hl-), a
    000021FE 73               [ 8] 5774 	ld	(hl), e
                                   5775 ;src/main.c:1353: uint8_t frames = movement_step_frames();
    000021FF CDr0Cr04         [24] 5776 	call	_movement_step_frames
    00002202 F8 00            [12] 5777 	ldhl	sp,	#0
    00002204 77               [ 8] 5778 	ld	(hl), a
                                   5779 ;src/main.c:1354: uint8_t start_x = tile_to_sprite_x(player_x);
    00002205 FAr03r00         [16] 5780 	ld	a, (_player_x)
    00002208 CDr11r02         [24] 5781 	call	_tile_to_sprite_x
    0000220B F8 01            [12] 5782 	ldhl	sp,	#1
    0000220D 77               [ 8] 5783 	ld	(hl), a
                                   5784 ;src/main.c:1355: uint8_t start_y = tile_to_sprite_y(player_y);
    0000220E FAr04r00         [16] 5785 	ld	a, (_player_y)
    00002211 CDr17r02         [24] 5786 	call	_tile_to_sprite_y
    00002214 F8 02            [12] 5787 	ldhl	sp,	#2
    00002216 77               [ 8] 5788 	ld	(hl), a
                                   5789 ;src/main.c:1359: for (step = 1u; step <= frames; ++step) {
    00002217 F8 06            [12] 5790 	ldhl	sp,	#6
    00002219 36 01            [12] 5791 	ld	(hl), #0x01
    0000221B                       5792 00103$:
    0000221B F8 00            [12] 5793 	ldhl	sp,	#0
    0000221D 7E               [ 8] 5794 	ld	a, (hl)
    0000221E F8 06            [12] 5795 	ldhl	sp,	#6
    00002220 96               [ 8] 5796 	sub	a, (hl)
    00002221 38 54            [12] 5797 	jr	C, 00105$
                                   5798 ;src/main.c:1360: walk_phase = (uint8_t)(step & 1u);
    00002223 7E               [ 8] 5799 	ld	a, (hl)
    00002224 E6 01            [ 8] 5800 	and	a, #0x01
    00002226 F8 03            [12] 5801 	ldhl	sp,	#3
    00002228 77               [ 8] 5802 	ld	(hl), a
                                   5803 ;src/main.c:1361: pixel = (uint8_t)(((uint16_t)step * 8u) / frames);
    00002229 F8 06            [12] 5804 	ldhl	sp,	#6
    0000222B 5E               [ 8] 5805 	ld	e, (hl)
    0000222C AF               [ 4] 5806 	xor	a, a
    0000222D CB 23            [ 8] 5807 	sla	e
    0000222F 8F               [ 4] 5808 	adc	a, a
    00002230 CB 23            [ 8] 5809 	sla	e
    00002232 8F               [ 4] 5810 	adc	a, a
    00002233 CB 23            [ 8] 5811 	sla	e
    00002235 8F               [ 4] 5812 	adc	a, a
    00002236 F8 00            [12] 5813 	ldhl	sp,	#0
    00002238 4E               [ 8] 5814 	ld	c, (hl)
    00002239 06 00            [ 8] 5815 	ld	b, #0x00
    0000223B 57               [ 4] 5816 	ld	d, a
    0000223C CDr00r00         [24] 5817 	call	__divuint
    0000223F 59               [ 4] 5818 	ld	e, c
                                   5819 ;src/main.c:1364: (uint8_t)(start_y + dy * pixel),
    00002240 D5               [16] 5820 	push	de
    00002241 F8 06            [12] 5821 	ldhl	sp,	#6
    00002243 7E               [ 8] 5822 	ld	a, (hl)
    00002244 CDr00r00         [24] 5823 	call	__muluschar
    00002247 D1               [12] 5824 	pop	de
    00002248 F8 02            [12] 5825 	ldhl	sp,	#2
    0000224A 7E               [ 8] 5826 	ld	a, (hl)
    0000224B 81               [ 4] 5827 	add	a, c
    0000224C 4F               [ 4] 5828 	ld	c, a
                                   5829 ;src/main.c:1363: (uint8_t)(start_x + dx * pixel),
    0000224D C5               [16] 5830 	push	bc
    0000224E F8 07            [12] 5831 	ldhl	sp,	#7
    00002250 7E               [ 8] 5832 	ld	a, (hl)
    00002251 CDr00r00         [24] 5833 	call	__muluschar
    00002254 79               [ 4] 5834 	ld	a, c
    00002255 C1               [12] 5835 	pop	bc
    00002256 F8 01            [12] 5836 	ldhl	sp,	#1
    00002258 46               [ 8] 5837 	ld	b, (hl)
    00002259 23               [ 8] 5838 	inc	hl
    0000225A 23               [ 8] 5839 	inc	hl
    0000225B 80               [ 4] 5840 	add	a, b
    0000225C 66               [ 8] 5841 	ld	h, (hl)
    0000225D E5               [16] 5842 	push	hl
    0000225E 33               [ 8] 5843 	inc	sp
    0000225F 59               [ 4] 5844 	ld	e, c
    00002260 CDrA3r05         [24] 5845 	call	_draw_world_sprites
                                   5846 ;src/main.c:1367: vsync();
    00002263 CDr00r00         [24] 5847 	call	_vsync
                                   5848 ;src/main.c:1368: dt_audio_update();
    00002266 1Er00            [ 8] 5849 	ld	e, #b_dt_audio_update
    00002268 21r00r00         [12] 5850 	ld	hl, #_dt_audio_update
    0000226B CDr00r00         [24] 5851 	call	___sdcc_bcall_ehl
                                   5852 ;src/main.c:1369: ++frame_clock;
    0000226E 21r11r00         [12] 5853 	ld	hl, #_frame_clock
    00002271 34               [12] 5854 	inc	(hl)
                                   5855 ;src/main.c:1359: for (step = 1u; step <= frames; ++step) {
    00002272 F8 06            [12] 5856 	ldhl	sp,	#6
    00002274 34               [12] 5857 	inc	(hl)
    00002275 18 A4            [12] 5858 	jr	00103$
    00002277                       5859 00105$:
                                   5860 ;src/main.c:1371: }
    00002277 E8 07            [16] 5861 	add	sp, #7
    00002279 C9               [16] 5862 	ret
                                   5863 ;src/main.c:1373: static void try_move(int8_t dx, int8_t dy, uint8_t new_facing) {
                                   5864 ;	---------------------------------
                                   5865 ; Function try_move
                                   5866 ; ---------------------------------
    0000227A                       5867 _try_move:
    0000227A 3B               [ 8] 5868 	dec	sp
    0000227B 3B               [ 8] 5869 	dec	sp
    0000227C F8 01            [12] 5870 	ldhl	sp,	#1
    0000227E 32               [ 8] 5871 	ld	(hl-), a
    0000227F 73               [ 8] 5872 	ld	(hl), e
                                   5873 ;src/main.c:1378: facing = new_facing;
    00002280 F8 04            [12] 5874 	ldhl	sp,	#4
    00002282 7E               [ 8] 5875 	ld	a, (hl)
    00002283 EAr05r00         [16] 5876 	ld	(#_facing),a
                                   5877 ;src/main.c:1379: nx = (int8_t)player_x + dx;
    00002286 FAr03r00         [16] 5878 	ld	a, (_player_x)
    00002289 F8 01            [12] 5879 	ldhl	sp,	#1
    0000228B 86               [ 8] 5880 	add	a, (hl)
                                   5881 ;src/main.c:1380: ny = (int8_t)player_y + dy;
    0000228C 2B               [ 8] 5882 	dec	hl
    0000228D 4F               [ 4] 5883 	ld	c, a
    0000228E FAr04r00         [16] 5884 	ld	a, (_player_y)
    00002291 86               [ 8] 5885 	add	a, (hl)
    00002292 47               [ 4] 5886 	ld	b, a
                                   5887 ;src/main.c:1381: if (nx < 0 || ny < 0 || nx >= MAP_W || ny >= MAP_H) {
    00002293 CB 79            [ 8] 5888 	bit	7, c
    00002295 20 12            [12] 5889 	jr	NZ, 00101$
    00002297 CB 78            [ 8] 5890 	bit	7, b
    00002299 20 0E            [12] 5891 	jr	NZ, 00101$
    0000229B 79               [ 4] 5892 	ld	a, c
    0000229C EE 80            [ 8] 5893 	xor	a, #0x80
    0000229E D6 94            [ 8] 5894 	sub	a, #0x94
    000022A0 30 07            [12] 5895 	jr	NC, 00101$
    000022A2 78               [ 4] 5896 	ld	a, b
    000022A3 EE 80            [ 8] 5897 	xor	a, #0x80
    000022A5 D6 92            [ 8] 5898 	sub	a, #0x92
    000022A7 38 18            [12] 5899 	jr	C, 00102$
    000022A9                       5900 00101$:
                                   5901 ;src/main.c:1382: draw_world_sprites(tile_to_sprite_x(player_x), tile_to_sprite_y(player_y), 0u);
    000022A9 FAr04r00         [16] 5902 	ld	a, (_player_y)
    000022AC CDr17r02         [24] 5903 	call	_tile_to_sprite_y
    000022AF 5F               [ 4] 5904 	ld	e, a
    000022B0 D5               [16] 5905 	push	de
    000022B1 FAr03r00         [16] 5906 	ld	a, (_player_x)
    000022B4 CDr11r02         [24] 5907 	call	_tile_to_sprite_x
    000022B7 D1               [12] 5908 	pop	de
    000022B8 26 00            [ 8] 5909 	ld	h, #0x00
    000022BA E5               [16] 5910 	push	hl
    000022BB 33               [ 8] 5911 	inc	sp
    000022BC CDrA3r05         [24] 5912 	call	_draw_world_sprites
                                   5913 ;src/main.c:1383: return;
    000022BF 18 68            [12] 5914 	jr	00109$
    000022C1                       5915 00102$:
                                   5916 ;src/main.c:1386: tile = map_buffer[(uint16_t)ny * MAP_W + (uint8_t)nx];
    000022C1 68               [ 4] 5917 	ld	l, b
    000022C2 26 00            [ 8] 5918 	ld	h, #0x00
    000022C4 5D               [ 4] 5919 	ld	e, l
    000022C5 54               [ 4] 5920 	ld	d, h
    000022C6 29               [ 8] 5921 	add	hl, hl
    000022C7 29               [ 8] 5922 	add	hl, hl
    000022C8 19               [ 8] 5923 	add	hl, de
    000022C9 29               [ 8] 5924 	add	hl, hl
    000022CA 29               [ 8] 5925 	add	hl, hl
    000022CB 59               [ 4] 5926 	ld	e, c
    000022CC 16 00            [ 8] 5927 	ld	d, #0x00
    000022CE 19               [ 8] 5928 	add	hl, de
    000022CF 11r12r00         [12] 5929 	ld	de, #_map_buffer
    000022D2 19               [ 8] 5930 	add	hl, de
    000022D3 7E               [ 8] 5931 	ld	a, (hl)
                                   5932 ;src/main.c:1387: if (is_solid(tile) || npc_blocks((uint8_t)nx, (uint8_t)ny)) {
    000022D4 C5               [16] 5933 	push	bc
    000022D5 CDr33r21         [24] 5934 	call	_is_solid
    000022D8 C1               [12] 5935 	pop	bc
    000022D9 B7               [ 4] 5936 	or	a, a
    000022DA 20 0A            [12] 5937 	jr	NZ, 00106$
    000022DC C5               [16] 5938 	push	bc
    000022DD 58               [ 4] 5939 	ld	e, b
    000022DE 79               [ 4] 5940 	ld	a, c
    000022DF CDrABr1F         [24] 5941 	call	_npc_blocks
    000022E2 C1               [12] 5942 	pop	bc
    000022E3 B7               [ 4] 5943 	or	a, a
    000022E4 28 18            [12] 5944 	jr	Z, 00107$
    000022E6                       5945 00106$:
                                   5946 ;src/main.c:1388: draw_world_sprites(tile_to_sprite_x(player_x), tile_to_sprite_y(player_y), 0u);
    000022E6 FAr04r00         [16] 5947 	ld	a, (_player_y)
    000022E9 CDr17r02         [24] 5948 	call	_tile_to_sprite_y
    000022EC 5F               [ 4] 5949 	ld	e, a
    000022ED D5               [16] 5950 	push	de
    000022EE FAr03r00         [16] 5951 	ld	a, (_player_x)
    000022F1 CDr11r02         [24] 5952 	call	_tile_to_sprite_x
    000022F4 D1               [12] 5953 	pop	de
    000022F5 26 00            [ 8] 5954 	ld	h, #0x00
    000022F7 E5               [16] 5955 	push	hl
    000022F8 33               [ 8] 5956 	inc	sp
    000022F9 CDrA3r05         [24] 5957 	call	_draw_world_sprites
                                   5958 ;src/main.c:1389: return;
    000022FC 18 2B            [12] 5959 	jr	00109$
    000022FE                       5960 00107$:
                                   5961 ;src/main.c:1392: animate_step(dx, dy);
    000022FE C5               [16] 5962 	push	bc
    000022FF F8 02            [12] 5963 	ldhl	sp,	#2
    00002301 2A               [ 8] 5964 	ld	a, (hl+)
    00002302 5F               [ 4] 5965 	ld	e, a
    00002303 7E               [ 8] 5966 	ld	a, (hl)
    00002304 CDrF9r21         [24] 5967 	call	_animate_step
    00002307 C1               [12] 5968 	pop	bc
                                   5969 ;src/main.c:1393: player_x = (uint8_t)nx;
    00002308 21r03r00         [12] 5970 	ld	hl, #_player_x
    0000230B 71               [ 8] 5971 	ld	(hl), c
                                   5972 ;src/main.c:1394: player_y = (uint8_t)ny;
    0000230C 21r04r00         [12] 5973 	ld	hl, #_player_y
    0000230F 70               [ 8] 5974 	ld	(hl), b
                                   5975 ;src/main.c:1395: check_door();
    00002310 CDrABr21         [24] 5976 	call	_check_door
                                   5977 ;src/main.c:1396: draw_world_sprites(tile_to_sprite_x(player_x), tile_to_sprite_y(player_y), 0u);
    00002313 FAr04r00         [16] 5978 	ld	a, (_player_y)
    00002316 CDr17r02         [24] 5979 	call	_tile_to_sprite_y
    00002319 5F               [ 4] 5980 	ld	e, a
    0000231A D5               [16] 5981 	push	de
    0000231B FAr03r00         [16] 5982 	ld	a, (_player_x)
    0000231E CDr11r02         [24] 5983 	call	_tile_to_sprite_x
    00002321 D1               [12] 5984 	pop	de
    00002322 26 00            [ 8] 5985 	ld	h, #0x00
    00002324 E5               [16] 5986 	push	hl
    00002325 33               [ 8] 5987 	inc	sp
    00002326 CDrA3r05         [24] 5988 	call	_draw_world_sprites
    00002329                       5989 00109$:
                                   5990 ;src/main.c:1397: }
    00002329 33               [ 8] 5991 	inc	sp
    0000232A 33               [ 8] 5992 	inc	sp
    0000232B E1               [12] 5993 	pop	hl
    0000232C 33               [ 8] 5994 	inc	sp
    0000232D E9               [ 4] 5995 	jp	(hl)
                                   5996 ;src/main.c:1399: static void interact_hotspot(uint8_t hotspot_id) {
                                   5997 ;	---------------------------------
                                   5998 ; Function interact_hotspot
                                   5999 ; ---------------------------------
    0000232E                       6000 _interact_hotspot:
                                   6001 ;src/main.c:1400: if (hotspot_id == HOTSPOT_BED) {
    0000232E FE 01            [ 8] 6002 	cp	a, #0x01
    00002330 20 29            [12] 6003 	jr	NZ, 00105$
                                   6004 ;src/main.c:1401: if (task_done) {
    00002332 FAr09r00         [16] 6005 	ld	a, (#_task_done)
    00002335 B7               [ 4] 6006 	or	a, a
    00002336 28 15            [12] 6007 	jr	Z, 00102$
                                   6008 ;src/main.c:1402: ++day_count;
    00002338 21r07r00         [12] 6009 	ld	hl, #_day_count
    0000233B 34               [12] 6010 	inc	(hl)
                                   6011 ;src/main.c:1403: assign_daily_task();
    0000233C CDr96r0D         [24] 6012 	call	_assign_daily_task
                                   6013 ;src/main.c:1404: show_message("ROOM", "You sleep under CRT glow.\nA new favor waits tomorrow.", "SELECT CLOSE");
    0000233F 11rC8r23         [12] 6014 	ld	de, #___str_143
    00002342 D5               [16] 6015 	push	de
    00002343 01r92r23         [12] 6016 	ld	bc, #___str_142
    00002346 11r8Dr23         [12] 6017 	ld	de, #___str_141
    00002349 CDrBFr0B         [24] 6018 	call	_show_message
    0000234C C9               [16] 6019 	ret
    0000234D                       6020 00102$:
                                   6021 ;src/main.c:1406: show_message("ROOM", "The bed looks perfect, but the block still needs one thing tonight.", "SELECT CLOSE");
    0000234D 11rC8r23         [12] 6022 	ld	de, #___str_143
    00002350 D5               [16] 6023 	push	de
    00002351 01rD5r23         [12] 6024 	ld	bc, #___str_144
    00002354 11r8Dr23         [12] 6025 	ld	de, #___str_141
    00002357 CDrBFr0B         [24] 6026 	call	_show_message
                                   6027 ;src/main.c:1408: return;
    0000235A C9               [16] 6028 	ret
    0000235B                       6029 00105$:
                                   6030 ;src/main.c:1411: if (hotspot_id == HOTSPOT_DECOR) {
    0000235B FE 02            [ 8] 6031 	cp	a, #0x02
    0000235D 20 09            [12] 6032 	jr	NZ, 00107$
                                   6033 ;src/main.c:1412: decor_screen();
    0000235F CDr9Er13         [24] 6034 	call	_decor_screen
                                   6035 ;src/main.c:1413: load_room();
    00002362 CDr87r06         [24] 6036 	call	_load_room
                                   6037 ;src/main.c:1414: render_room();
                                   6038 ;src/main.c:1415: return;
    00002365 C3rA4r08         [16] 6039 	jp	_render_room
    00002368                       6040 00107$:
                                   6041 ;src/main.c:1418: if (hotspot_id == HOTSPOT_GARAGE) {
    00002368 D6 04            [ 8] 6042 	sub	a, #0x04
    0000236A 20 09            [12] 6043 	jr	NZ, 00109$
                                   6044 ;src/main.c:1419: vehicle_shop();
    0000236C CDr05r17         [24] 6045 	call	_vehicle_shop
                                   6046 ;src/main.c:1420: load_room();
    0000236F CDr87r06         [24] 6047 	call	_load_room
                                   6048 ;src/main.c:1421: render_room();
                                   6049 ;src/main.c:1422: return;
    00002372 C3rA4r08         [16] 6050 	jp	_render_room
    00002375                       6051 00109$:
                                   6052 ;src/main.c:1425: dt_home_record_menu(media, room_id);
    00002375 FAr02r00         [16] 6053 	ld	a, (_room_id)
    00002378 67               [ 4] 6054 	ld	h, a
    00002379 FAr0Br00         [16] 6055 	ld	a, (_media)
    0000237C 6F               [ 4] 6056 	ld	l, a
    0000237D E5               [16] 6057 	push	hl
    0000237E 1Er00            [ 8] 6058 	ld	e, #b_dt_home_record_menu
    00002380 21r00r00         [12] 6059 	ld	hl, #_dt_home_record_menu
    00002383 CDr00r00         [24] 6060 	call	___sdcc_bcall_ehl
    00002386 E1               [12] 6061 	pop	hl
                                   6062 ;src/main.c:1426: load_room();
    00002387 CDr87r06         [24] 6063 	call	_load_room
                                   6064 ;src/main.c:1427: render_room();
                                   6065 ;src/main.c:1428: }
    0000238A C3rA4r08         [16] 6066 	jp	_render_room
    0000238D                       6067 ___str_141:
    0000238D 52 4F 4F 4D           6068 	.ascii "ROOM"
    00002391 00                    6069 	.db 0x00
    00002392                       6070 ___str_142:
    00002392 59 6F 75 20 73 6C 65  6071 	.ascii "You sleep under CRT glow."
             65 70 20 75 6E 64 65
             72 20 43 52 54 20 67
             6C 6F 77 2E
    000023AB 0A                    6072 	.db 0x0a
    000023AC 41 20 6E 65 77 20 66  6073 	.ascii "A new favor waits tomorrow."
             61 76 6F 72 20 77 61
             69 74 73 20 74 6F 6D
             6F 72 72 6F 77 2E
    000023C7 00                    6074 	.db 0x00
    000023C8                       6075 ___str_143:
    000023C8 53 45 4C 45 43 54 20  6076 	.ascii "SELECT CLOSE"
             43 4C 4F 53 45
    000023D4 00                    6077 	.db 0x00
    000023D5                       6078 ___str_144:
    000023D5 54 68 65 20 62 65 64  6079 	.ascii "The bed looks perfect, but the block still needs one thing t"
             20 6C 6F 6F 6B 73 20
             70 65 72 66 65 63 74
             2C 20 62 75 74 20 74
             68 65 20 62 6C 6F 63
             6B 20 73 74 69 6C 6C
             20 6E 65 65 64 73 20
             6F 6E 65 20 74 68 69
             6E 67 20 74
    00002411 6F 6E 69 67 68 74 2E  6080 	.ascii "onight."
    00002418 00                    6081 	.db 0x00
                                   6082 ;src/main.c:1430: static void try_interact(void) {
                                   6083 ;	---------------------------------
                                   6084 ; Function try_interact
                                   6085 ; ---------------------------------
    00002419                       6086 _try_interact:
    00002419 3B               [ 8] 6087 	dec	sp
    0000241A 3B               [ 8] 6088 	dec	sp
                                   6089 ;src/main.c:1431: int8_t tx = player_x;
    0000241B FAr03r00         [16] 6090 	ld	a, (_player_x)
    0000241E 47               [ 4] 6091 	ld	b, a
                                   6092 ;src/main.c:1432: int8_t ty = player_y;
    0000241F FAr04r00         [16] 6093 	ld	a, (_player_y)
    00002422 4F               [ 4] 6094 	ld	c, a
                                   6095 ;src/main.c:1436: if (facing == DIR_UP) ty -= 1;
    00002423 FAr05r00         [16] 6096 	ld	a, (#_facing)
    00002426 3D               [ 4] 6097 	dec	a
    00002427 20 03            [12] 6098 	jr	NZ, 00108$
    00002429 0D               [ 4] 6099 	dec	c
    0000242A 18 14            [12] 6100 	jr	00109$
    0000242C                       6101 00108$:
                                   6102 ;src/main.c:1437: else if (facing == DIR_DOWN) ty += 1;
    0000242C FAr05r00         [16] 6103 	ld	a, (#_facing)
    0000242F B7               [ 4] 6104 	or	a, a
    00002430 20 03            [12] 6105 	jr	NZ, 00105$
    00002432 0C               [ 4] 6106 	inc	c
    00002433 18 0B            [12] 6107 	jr	00109$
    00002435                       6108 00105$:
                                   6109 ;src/main.c:1438: else if (facing == DIR_LEFT) tx -= 1;
    00002435 FAr05r00         [16] 6110 	ld	a, (#_facing)
    00002438 D6 02            [ 8] 6111 	sub	a, #0x02
    0000243A 20 03            [12] 6112 	jr	NZ, 00102$
    0000243C 05               [ 4] 6113 	dec	b
    0000243D 18 01            [12] 6114 	jr	00109$
    0000243F                       6115 00102$:
                                   6116 ;src/main.c:1439: else tx += 1;
    0000243F 04               [ 4] 6117 	inc	b
    00002440                       6118 00109$:
                                   6119 ;src/main.c:1441: if (tx < 0 || ty < 0 || tx >= MAP_W || ty >= MAP_H) {
    00002440 CB 78            [ 8] 6120 	bit	7, b
    00002442 C2r00r26         [16] 6121 	jp	NZ, 00159$
    00002445 CB 79            [ 8] 6122 	bit	7, c
    00002447 C2r00r26         [16] 6123 	jp	NZ, 00159$
    0000244A 78               [ 4] 6124 	ld	a, b
    0000244B EE 80            [ 8] 6125 	xor	a, #0x80
    0000244D D6 94            [ 8] 6126 	sub	a, #0x94
    0000244F D2r00r26         [16] 6127 	jp	NC, 00159$
    00002452 79               [ 4] 6128 	ld	a, c
    00002453 EE 80            [ 8] 6129 	xor	a, #0x80
    00002455 D6 92            [ 8] 6130 	sub	a, #0x92
                                   6131 ;src/main.c:1442: return;
    00002457 D2r00r26         [16] 6132 	jp	NC, 00159$
                                   6133 ;src/main.c:1445: if (npc_at((uint8_t)tx, (uint8_t)ty, &npc_id)) {
    0000245A 21 00 00         [12] 6134 	ld	hl, #0
    0000245D 39               [ 8] 6135 	add	hl, sp
    0000245E 59               [ 4] 6136 	ld	e, c
    0000245F 50               [ 4] 6137 	ld	d, b
    00002460 C5               [16] 6138 	push	bc
    00002461 D5               [16] 6139 	push	de
    00002462 E5               [16] 6140 	push	hl
    00002463 7A               [ 4] 6141 	ld	a, d
    00002464 CDr52r1F         [24] 6142 	call	_npc_at
    00002467 D1               [12] 6143 	pop	de
    00002468 C1               [12] 6144 	pop	bc
    00002469 B7               [ 4] 6145 	or	a, a
    0000246A 28 09            [12] 6146 	jr	Z, 00116$
                                   6147 ;src/main.c:1446: npc_dialogue(npc_id);
    0000246C F8 00            [12] 6148 	ldhl	sp,	#0
    0000246E 7E               [ 8] 6149 	ld	a, (hl)
    0000246F CDrA3r1C         [24] 6150 	call	_npc_dialogue
                                   6151 ;src/main.c:1447: return;
    00002472 C3r00r26         [16] 6152 	jp	00159$
    00002475                       6153 00116$:
                                   6154 ;src/main.c:1450: if (hotspot_at((uint8_t)tx, (uint8_t)ty, &hotspot_id)) {
    00002475 C5               [16] 6155 	push	bc
    00002476 21 03 00         [12] 6156 	ld	hl, #3
    00002479 39               [ 8] 6157 	add	hl, sp
    0000247A E5               [16] 6158 	push	hl
    0000247B 7A               [ 4] 6159 	ld	a, d
    0000247C CDrF0r1F         [24] 6160 	call	_hotspot_at
    0000247F C1               [12] 6161 	pop	bc
    00002480 B7               [ 4] 6162 	or	a, a
    00002481 28 09            [12] 6163 	jr	Z, 00118$
                                   6164 ;src/main.c:1451: interact_hotspot(hotspot_id);
    00002483 F8 01            [12] 6165 	ldhl	sp,	#1
    00002485 7E               [ 8] 6166 	ld	a, (hl)
    00002486 CDr2Er23         [24] 6167 	call	_interact_hotspot
                                   6168 ;src/main.c:1452: return;
    00002489 C3r00r26         [16] 6169 	jp	00159$
    0000248C                       6170 00118$:
                                   6171 ;src/main.c:1455: if ((room_id == ROOM_DISTRICT) && (tx == 13) && (ty == 15)) {
    0000248C 78               [ 4] 6172 	ld	a, b
    0000248D D6 0D            [ 8] 6173 	sub	a, #0x0d
    0000248F 3E 01            [ 8] 6174 	ld	a, #0x01
    00002491 28 01            [12] 6175 	jr	Z, 00432$
    00002493 AF               [ 4] 6176 	xor	a, a
    00002494                       6177 00432$:
    00002494 57               [ 4] 6178 	ld	d, a
    00002495 79               [ 4] 6179 	ld	a, c
    00002496 D6 0F            [ 8] 6180 	sub	a, #0x0f
    00002498 3E 01            [ 8] 6181 	ld	a, #0x01
    0000249A 28 01            [12] 6182 	jr	Z, 00434$
    0000249C AF               [ 4] 6183 	xor	a, a
    0000249D                       6184 00434$:
    0000249D 5F               [ 4] 6185 	ld	e, a
    0000249E FAr02r00         [16] 6186 	ld	a, (#_room_id)
    000024A1 B7               [ 4] 6187 	or	a, a
    000024A2 20 17            [12] 6188 	jr	NZ, 00120$
    000024A4 B2               [ 4] 6189 	or	a, d
    000024A5 28 14            [12] 6190 	jr	Z, 00120$
    000024A7 7B               [ 4] 6191 	ld	a, e
    000024A8 B7               [ 4] 6192 	or	a, a
    000024A9 28 10            [12] 6193 	jr	Z, 00120$
                                   6194 ;src/main.c:1456: show_message("TERMINAL", "Delays, karaoke specials,\nand a pirate radio station.", "SELECT CLOSE");
    000024AB 11r42r26         [12] 6195 	ld	de, #___str_147
    000024AE D5               [16] 6196 	push	de
    000024AF 01r0Cr26         [12] 6197 	ld	bc, #___str_146
    000024B2 11r03r26         [12] 6198 	ld	de, #___str_145
    000024B5 CDrBFr0B         [24] 6199 	call	_show_message
                                   6200 ;src/main.c:1457: return;
    000024B8 C3r00r26         [16] 6201 	jp	00159$
    000024BB                       6202 00120$:
                                   6203 ;src/main.c:1460: if ((room_id == ROOM_DISTRICT) && (tx == 8) && (ty == 13)) {
    000024BB FAr02r00         [16] 6204 	ld	a, (#_room_id)
    000024BE B7               [ 4] 6205 	or	a, a
    000024BF 20 1A            [12] 6206 	jr	NZ, 00124$
    000024C1 78               [ 4] 6207 	ld	a, b
    000024C2 D6 08            [ 8] 6208 	sub	a, #0x08
    000024C4 20 15            [12] 6209 	jr	NZ, 00124$
    000024C6 79               [ 4] 6210 	ld	a, c
    000024C7 D6 0D            [ 8] 6211 	sub	a, #0x0d
    000024C9 20 10            [12] 6212 	jr	NZ, 00124$
                                   6213 ;src/main.c:1461: show_message("STALL", "A cart sells synth carts,\nbatteries, and stickers.", "SELECT CLOSE");
    000024CB 11r42r26         [12] 6214 	ld	de, #___str_147
    000024CE D5               [16] 6215 	push	de
    000024CF 01r55r26         [12] 6216 	ld	bc, #___str_149
    000024D2 11r4Fr26         [12] 6217 	ld	de, #___str_148
    000024D5 CDrBFr0B         [24] 6218 	call	_show_message
                                   6219 ;src/main.c:1462: return;
    000024D8 C3r00r26         [16] 6220 	jp	00159$
    000024DB                       6221 00124$:
                                   6222 ;src/main.c:1465: if ((room_id == ROOM_APARTMENT) && (tx == 13) && (ty == 9)) {
    000024DB 21r02r00         [12] 6223 	ld	hl, #_room_id
    000024DE 7E               [ 8] 6224 	ld	a, (hl)
    000024DF 3D               [ 4] 6225 	dec	a
    000024E0 3E 01            [ 8] 6226 	ld	a, #0x01
    000024E2 28 01            [12] 6227 	jr	Z, 00440$
    000024E4 AF               [ 4] 6228 	xor	a, a
    000024E5                       6229 00440$:
    000024E5 6F               [ 4] 6230 	ld	l, a
    000024E6 B7               [ 4] 6231 	or	a, a
    000024E7 28 19            [12] 6232 	jr	Z, 00128$
    000024E9 7A               [ 4] 6233 	ld	a, d
    000024EA B7               [ 4] 6234 	or	a, a
    000024EB 28 15            [12] 6235 	jr	Z, 00128$
    000024ED 79               [ 4] 6236 	ld	a, c
    000024EE D6 09            [ 8] 6237 	sub	a, #0x09
    000024F0 20 10            [12] 6238 	jr	NZ, 00128$
                                   6239 ;src/main.c:1466: show_message("DESK", "Your dock blinks by the CRT.\nTiny room. Good rain.", "SELECT CLOSE");
    000024F2 11r42r26         [12] 6240 	ld	de, #___str_147
    000024F5 D5               [16] 6241 	push	de
    000024F6 01r8Dr26         [12] 6242 	ld	bc, #___str_151
    000024F9 11r88r26         [12] 6243 	ld	de, #___str_150
    000024FC CDrBFr0B         [24] 6244 	call	_show_message
                                   6245 ;src/main.c:1467: return;
    000024FF C3r00r26         [16] 6246 	jp	00159$
    00002502                       6247 00128$:
                                   6248 ;src/main.c:1470: if ((room_id == ROOM_APARTMENT) && (tx == 13) && (ty == 3)) {
    00002502 7D               [ 4] 6249 	ld	a, l
    00002503 B7               [ 4] 6250 	or	a, a
    00002504 28 19            [12] 6251 	jr	Z, 00132$
    00002506 7A               [ 4] 6252 	ld	a, d
    00002507 B7               [ 4] 6253 	or	a, a
    00002508 28 15            [12] 6254 	jr	Z, 00132$
    0000250A 79               [ 4] 6255 	ld	a, c
    0000250B D6 03            [ 8] 6256 	sub	a, #0x03
    0000250D 20 10            [12] 6257 	jr	NZ, 00132$
                                   6258 ;src/main.c:1471: show_message("FISH TANK", "Blue light makes the room feel larger.", "SELECT CLOSE");
    0000250F 11r42r26         [12] 6259 	ld	de, #___str_147
    00002512 D5               [16] 6260 	push	de
    00002513 01rCAr26         [12] 6261 	ld	bc, #___str_153
    00002516 11rC0r26         [12] 6262 	ld	de, #___str_152
    00002519 CDrBFr0B         [24] 6263 	call	_show_message
                                   6264 ;src/main.c:1472: return;
    0000251C C3r00r26         [16] 6265 	jp	00159$
    0000251F                       6266 00132$:
                                   6267 ;src/main.c:1475: if ((room_id == ROOM_RECORDS) && (tx == 3) && (ty == 7)) {
    0000251F 78               [ 4] 6268 	ld	a, b
    00002520 D6 03            [ 8] 6269 	sub	a, #0x03
    00002522 3E 01            [ 8] 6270 	ld	a, #0x01
    00002524 28 01            [12] 6271 	jr	Z, 00446$
    00002526 AF               [ 4] 6272 	xor	a, a
    00002527                       6273 00446$:
    00002527 6F               [ 4] 6274 	ld	l, a
    00002528 79               [ 4] 6275 	ld	a, c
    00002529 D6 07            [ 8] 6276 	sub	a, #0x07
    0000252B 3E 01            [ 8] 6277 	ld	a, #0x01
    0000252D 28 01            [12] 6278 	jr	Z, 00448$
    0000252F AF               [ 4] 6279 	xor	a, a
    00002530                       6280 00448$:
    00002530 57               [ 4] 6281 	ld	d, a
    00002531 E5               [16] 6282 	push	hl
    00002532 FAr02r00         [16] 6283 	ld	a, (#_room_id)
    00002535 D6 02            [ 8] 6284 	sub	a, #0x02
    00002537 E1               [12] 6285 	pop	hl
    00002538 20 18            [12] 6286 	jr	NZ, 00136$
    0000253A 7D               [ 4] 6287 	ld	a, l
    0000253B B7               [ 4] 6288 	or	a, a
    0000253C 28 14            [12] 6289 	jr	Z, 00136$
    0000253E 7A               [ 4] 6290 	ld	a, d
    0000253F B7               [ 4] 6291 	or	a, a
    00002540 28 10            [12] 6292 	jr	Z, 00136$
                                   6293 ;src/main.c:1476: show_message("LISTENING POST", "Someone left a hand-labeled tape:\nVENDING DREAMS / A", "SELECT CLOSE");
    00002542 11r42r26         [12] 6294 	ld	de, #___str_147
    00002545 D5               [16] 6295 	push	de
    00002546 01r00r27         [12] 6296 	ld	bc, #___str_155
    00002549 11rF1r26         [12] 6297 	ld	de, #___str_154
    0000254C CDrBFr0B         [24] 6298 	call	_show_message
                                   6299 ;src/main.c:1477: return;
    0000254F C3r00r26         [16] 6300 	jp	00159$
    00002552                       6301 00136$:
                                   6302 ;src/main.c:1480: if ((room_id == ROOM_TECH) && (tx == 3) && (ty == 7)) {
    00002552 E5               [16] 6303 	push	hl
    00002553 FAr02r00         [16] 6304 	ld	a, (#_room_id)
    00002556 D6 03            [ 8] 6305 	sub	a, #0x03
    00002558 E1               [12] 6306 	pop	hl
    00002559 20 18            [12] 6307 	jr	NZ, 00140$
    0000255B 7D               [ 4] 6308 	ld	a, l
    0000255C B7               [ 4] 6309 	or	a, a
    0000255D 28 14            [12] 6310 	jr	Z, 00140$
    0000255F 7A               [ 4] 6311 	ld	a, d
    00002560 B7               [ 4] 6312 	or	a, a
    00002561 28 10            [12] 6313 	jr	Z, 00140$
                                   6314 ;src/main.c:1481: show_message("BENCH", "Half-restored handhelds glow here.\nEach one hums a new startup chime.", "SELECT CLOSE");
    00002563 11r42r26         [12] 6315 	ld	de, #___str_147
    00002566 D5               [16] 6316 	push	de
    00002567 01r3Br27         [12] 6317 	ld	bc, #___str_157
    0000256A 11r35r27         [12] 6318 	ld	de, #___str_156
    0000256D CDrBFr0B         [24] 6319 	call	_show_message
                                   6320 ;src/main.c:1482: return;
    00002570 C3r00r26         [16] 6321 	jp	00159$
    00002573                       6322 00140$:
                                   6323 ;src/main.c:1485: if ((room_id == ROOM_RAMEN) && (tx == 7) && (ty == 8)) {
    00002573 FAr02r00         [16] 6324 	ld	a, (#_room_id)
    00002576 D6 04            [ 8] 6325 	sub	a, #0x04
    00002578 20 19            [12] 6326 	jr	NZ, 00144$
    0000257A 78               [ 4] 6327 	ld	a, b
    0000257B D6 07            [ 8] 6328 	sub	a, #0x07
    0000257D 20 14            [12] 6329 	jr	NZ, 00144$
    0000257F 79               [ 4] 6330 	ld	a, c
    00002580 D6 08            [ 8] 6331 	sub	a, #0x08
    00002582 20 0F            [12] 6332 	jr	NZ, 00144$
                                   6333 ;src/main.c:1486: show_message("STOOL", "A warm seat, steamed glass,\nand just enough quiet.", "SELECT CLOSE");
    00002584 11r42r26         [12] 6334 	ld	de, #___str_147
    00002587 D5               [16] 6335 	push	de
    00002588 01r87r27         [12] 6336 	ld	bc, #___str_159
    0000258B 11r81r27         [12] 6337 	ld	de, #___str_158
    0000258E CDrBFr0B         [24] 6338 	call	_show_message
                                   6339 ;src/main.c:1487: return;
    00002591 18 6D            [12] 6340 	jr	00159$
    00002593                       6341 00144$:
                                   6342 ;src/main.c:1490: if ((room_id == ROOM_ROOFTOP) && (tx == 9) && (ty == 6)) {
    00002593 78               [ 4] 6343 	ld	a, b
    00002594 D6 09            [ 8] 6344 	sub	a, #0x09
    00002596 3E 01            [ 8] 6345 	ld	a, #0x01
    00002598 28 01            [12] 6346 	jr	Z, 00460$
    0000259A AF               [ 4] 6347 	xor	a, a
    0000259B                       6348 00460$:
    0000259B 57               [ 4] 6349 	ld	d, a
    0000259C 79               [ 4] 6350 	ld	a, c
    0000259D D6 06            [ 8] 6351 	sub	a, #0x06
    0000259F 3E 01            [ 8] 6352 	ld	a, #0x01
    000025A1 28 01            [12] 6353 	jr	Z, 00462$
    000025A3 AF               [ 4] 6354 	xor	a, a
    000025A4                       6355 00462$:
    000025A4 4F               [ 4] 6356 	ld	c, a
    000025A5 FAr02r00         [16] 6357 	ld	a, (#_room_id)
    000025A8 D6 05            [ 8] 6358 	sub	a, #0x05
    000025AA 20 16            [12] 6359 	jr	NZ, 00148$
    000025AC B2               [ 4] 6360 	or	a, d
    000025AD 28 13            [12] 6361 	jr	Z, 00148$
    000025AF 79               [ 4] 6362 	ld	a, c
    000025B0 B7               [ 4] 6363 	or	a, a
    000025B1 28 0F            [12] 6364 	jr	Z, 00148$
                                   6365 ;src/main.c:1491: show_message("BOOTH", "Rain beads on the mixer.\nThe whole block softens up here.", "SELECT CLOSE");
    000025B3 11r42r26         [12] 6366 	ld	de, #___str_147
    000025B6 D5               [16] 6367 	push	de
    000025B7 01rC0r27         [12] 6368 	ld	bc, #___str_161
    000025BA 11rBAr27         [12] 6369 	ld	de, #___str_160
    000025BD CDrBFr0B         [24] 6370 	call	_show_message
                                   6371 ;src/main.c:1492: return;
    000025C0 18 3E            [12] 6372 	jr	00159$
    000025C2                       6373 00148$:
                                   6374 ;src/main.c:1495: if ((room_id == ROOM_SOUTHLINE) && (tx == 15) && (ty == 6)) {
    000025C2 FAr02r00         [16] 6375 	ld	a, (#_room_id)
    000025C5 D6 06            [ 8] 6376 	sub	a, #0x06
    000025C7 3E 01            [ 8] 6377 	ld	a, #0x01
    000025C9 28 01            [12] 6378 	jr	Z, 00466$
    000025CB AF               [ 4] 6379 	xor	a, a
    000025CC                       6380 00466$:
    000025CC 6F               [ 4] 6381 	ld	l, a
    000025CD B7               [ 4] 6382 	or	a, a
    000025CE 28 17            [12] 6383 	jr	Z, 00152$
    000025D0 78               [ 4] 6384 	ld	a, b
    000025D1 D6 0F            [ 8] 6385 	sub	a, #0x0f
    000025D3 20 12            [12] 6386 	jr	NZ, 00152$
    000025D5 B1               [ 4] 6387 	or	a, c
    000025D6 28 0F            [12] 6388 	jr	Z, 00152$
                                   6389 ;src/main.c:1496: show_message("SHELTER", "Couriers wait here between runs.\nThe whole lane hums a little faster.", "SELECT CLOSE");
    000025D8 11r42r26         [12] 6390 	ld	de, #___str_147
    000025DB D5               [16] 6391 	push	de
    000025DC 01r02r28         [12] 6392 	ld	bc, #___str_163
    000025DF 11rFAr27         [12] 6393 	ld	de, #___str_162
    000025E2 CDrBFr0B         [24] 6394 	call	_show_message
                                   6395 ;src/main.c:1497: return;
    000025E5 18 19            [12] 6396 	jr	00159$
    000025E7                       6397 00152$:
                                   6398 ;src/main.c:1500: if ((room_id == ROOM_SOUTHLINE) && (tx == 9) && (ty == 15)) {
    000025E7 7D               [ 4] 6399 	ld	a, l
    000025E8 B7               [ 4] 6400 	or	a, a
    000025E9 28 15            [12] 6401 	jr	Z, 00159$
    000025EB 7A               [ 4] 6402 	ld	a, d
    000025EC B7               [ 4] 6403 	or	a, a
    000025ED 28 11            [12] 6404 	jr	Z, 00159$
    000025EF 7B               [ 4] 6405 	ld	a, e
    000025F0 B7               [ 4] 6406 	or	a, a
    000025F1 28 0D            [12] 6407 	jr	Z, 00159$
                                   6408 ;src/main.c:1501: show_message("UNDERPASS", "The road keeps going south.\nMore of the city can open later.", "SELECT CLOSE");
    000025F3 11r42r26         [12] 6409 	ld	de, #___str_147
    000025F6 D5               [16] 6410 	push	de
    000025F7 01r52r28         [12] 6411 	ld	bc, #___str_165
    000025FA 11r48r28         [12] 6412 	ld	de, #___str_164
    000025FD CDrBFr0B         [24] 6413 	call	_show_message
    00002600                       6414 00159$:
                                   6415 ;src/main.c:1503: }
    00002600 33               [ 8] 6416 	inc	sp
    00002601 33               [ 8] 6417 	inc	sp
    00002602 C9               [16] 6418 	ret
    00002603                       6419 ___str_145:
    00002603 54 45 52 4D 49 4E 41  6420 	.ascii "TERMINAL"
             4C
    0000260B 00                    6421 	.db 0x00
    0000260C                       6422 ___str_146:
    0000260C 44 65 6C 61 79 73 2C  6423 	.ascii "Delays, karaoke specials,"
             20 6B 61 72 61 6F 6B
             65 20 73 70 65 63 69
             61 6C 73 2C
    00002625 0A                    6424 	.db 0x0a
    00002626 61 6E 64 20 61 20 70  6425 	.ascii "and a pirate radio station."
             69 72 61 74 65 20 72
             61 64 69 6F 20 73 74
             61 74 69 6F 6E 2E
    00002641 00                    6426 	.db 0x00
    00002642                       6427 ___str_147:
    00002642 53 45 4C 45 43 54 20  6428 	.ascii "SELECT CLOSE"
             43 4C 4F 53 45
    0000264E 00                    6429 	.db 0x00
    0000264F                       6430 ___str_148:
    0000264F 53 54 41 4C 4C        6431 	.ascii "STALL"
    00002654 00                    6432 	.db 0x00
    00002655                       6433 ___str_149:
    00002655 41 20 63 61 72 74 20  6434 	.ascii "A cart sells synth carts,"
             73 65 6C 6C 73 20 73
             79 6E 74 68 20 63 61
             72 74 73 2C
    0000266E 0A                    6435 	.db 0x0a
    0000266F 62 61 74 74 65 72 69  6436 	.ascii "batteries, and stickers."
             65 73 2C 20 61 6E 64
             20 73 74 69 63 6B 65
             72 73 2E
    00002687 00                    6437 	.db 0x00
    00002688                       6438 ___str_150:
    00002688 44 45 53 4B           6439 	.ascii "DESK"
    0000268C 00                    6440 	.db 0x00
    0000268D                       6441 ___str_151:
    0000268D 59 6F 75 72 20 64 6F  6442 	.ascii "Your dock blinks by the CRT."
             63 6B 20 62 6C 69 6E
             6B 73 20 62 79 20 74
             68 65 20 43 52 54 2E
    000026A9 0A                    6443 	.db 0x0a
    000026AA 54 69 6E 79 20 72 6F  6444 	.ascii "Tiny room. Good rain."
             6F 6D 2E 20 47 6F 6F
             64 20 72 61 69 6E 2E
    000026BF 00                    6445 	.db 0x00
    000026C0                       6446 ___str_152:
    000026C0 46 49 53 48 20 54 41  6447 	.ascii "FISH TANK"
             4E 4B
    000026C9 00                    6448 	.db 0x00
    000026CA                       6449 ___str_153:
    000026CA 42 6C 75 65 20 6C 69  6450 	.ascii "Blue light makes the room feel larger."
             67 68 74 20 6D 61 6B
             65 73 20 74 68 65 20
             72 6F 6F 6D 20 66 65
             65 6C 20 6C 61 72 67
             65 72 2E
    000026F0 00                    6451 	.db 0x00
    000026F1                       6452 ___str_154:
    000026F1 4C 49 53 54 45 4E 49  6453 	.ascii "LISTENING POST"
             4E 47 20 50 4F 53 54
    000026FF 00                    6454 	.db 0x00
    00002700                       6455 ___str_155:
    00002700 53 6F 6D 65 6F 6E 65  6456 	.ascii "Someone left a hand-labeled tape:"
             20 6C 65 66 74 20 61
             20 68 61 6E 64 2D 6C
             61 62 65 6C 65 64 20
             74 61 70 65 3A
    00002721 0A                    6457 	.db 0x0a
    00002722 56 45 4E 44 49 4E 47  6458 	.ascii "VENDING DREAMS / A"
             20 44 52 45 41 4D 53
             20 2F 20 41
    00002734 00                    6459 	.db 0x00
    00002735                       6460 ___str_156:
    00002735 42 45 4E 43 48        6461 	.ascii "BENCH"
    0000273A 00                    6462 	.db 0x00
    0000273B                       6463 ___str_157:
    0000273B 48 61 6C 66 2D 72 65  6464 	.ascii "Half-restored handhelds glow here."
             73 74 6F 72 65 64 20
             68 61 6E 64 68 65 6C
             64 73 20 67 6C 6F 77
             20 68 65 72 65 2E
    0000275D 0A                    6465 	.db 0x0a
    0000275E 45 61 63 68 20 6F 6E  6466 	.ascii "Each one hums a new startup chime."
             65 20 68 75 6D 73 20
             61 20 6E 65 77 20 73
             74 61 72 74 75 70 20
             63 68 69 6D 65 2E
    00002780 00                    6467 	.db 0x00
    00002781                       6468 ___str_158:
    00002781 53 54 4F 4F 4C        6469 	.ascii "STOOL"
    00002786 00                    6470 	.db 0x00
    00002787                       6471 ___str_159:
    00002787 41 20 77 61 72 6D 20  6472 	.ascii "A warm seat, steamed glass,"
             73 65 61 74 2C 20 73
             74 65 61 6D 65 64 20
             67 6C 61 73 73 2C
    000027A2 0A                    6473 	.db 0x0a
    000027A3 61 6E 64 20 6A 75 73  6474 	.ascii "and just enough quiet."
             74 20 65 6E 6F 75 67
             68 20 71 75 69 65 74
             2E
    000027B9 00                    6475 	.db 0x00
    000027BA                       6476 ___str_160:
    000027BA 42 4F 4F 54 48        6477 	.ascii "BOOTH"
    000027BF 00                    6478 	.db 0x00
    000027C0                       6479 ___str_161:
    000027C0 52 61 69 6E 20 62 65  6480 	.ascii "Rain beads on the mixer."
             61 64 73 20 6F 6E 20
             74 68 65 20 6D 69 78
             65 72 2E
    000027D8 0A                    6481 	.db 0x0a
    000027D9 54 68 65 20 77 68 6F  6482 	.ascii "The whole block softens up here."
             6C 65 20 62 6C 6F 63
             6B 20 73 6F 66 74 65
             6E 73 20 75 70 20 68
             65 72 65 2E
    000027F9 00                    6483 	.db 0x00
    000027FA                       6484 ___str_162:
    000027FA 53 48 45 4C 54 45 52  6485 	.ascii "SHELTER"
    00002801 00                    6486 	.db 0x00
    00002802                       6487 ___str_163:
    00002802 43 6F 75 72 69 65 72  6488 	.ascii "Couriers wait here between runs."
             73 20 77 61 69 74 20
             68 65 72 65 20 62 65
             74 77 65 65 6E 20 72
             75 6E 73 2E
    00002822 0A                    6489 	.db 0x0a
    00002823 54 68 65 20 77 68 6F  6490 	.ascii "The whole lane hums a little faster."
             6C 65 20 6C 61 6E 65
             20 68 75 6D 73 20 61
             20 6C 69 74 74 6C 65
             20 66 61 73 74 65 72
             2E
    00002847 00                    6491 	.db 0x00
    00002848                       6492 ___str_164:
    00002848 55 4E 44 45 52 50 41  6493 	.ascii "UNDERPASS"
             53 53
    00002851 00                    6494 	.db 0x00
    00002852                       6495 ___str_165:
    00002852 54 68 65 20 72 6F 61  6496 	.ascii "The road keeps going south."
             64 20 6B 65 65 70 73
             20 67 6F 69 6E 67 20
             73 6F 75 74 68 2E
    0000286D 0A                    6497 	.db 0x0a
    0000286E 4D 6F 72 65 20 6F 66  6498 	.ascii "More of the city can open later."
             20 74 68 65 20 63 69
             74 79 20 63 61 6E 20
             6F 70 65 6E 20 6C 61
             74 65 72 2E
    0000288E 00                    6499 	.db 0x00
                                   6500 ;src/main.c:1505: static void show_title(void) {
                                   6501 ;	---------------------------------
                                   6502 ; Function show_title
                                   6503 ; ---------------------------------
    0000288F                       6504 _show_title:
    0000288F 3B               [ 8] 6505 	dec	sp
                                   6506 ;src/main.c:1507: uint8_t last_blink = 0xFFu;
    00002890 F8 00            [12] 6507 	ldhl	sp,	#0
    00002892 36 FF            [12] 6508 	ld	(hl), #0xff
                                   6509 ;src/main.c:1509: waitpadup();
    00002894 CDr00r00         [24] 6510 	call	_waitpadup
                                   6511 ;src/main.c:1510: dt_audio_play_title_theme();
    00002897 1Er00            [ 8] 6512 	ld	e, #b_dt_audio_play_title_theme
    00002899 21r00r00         [12] 6513 	ld	hl, #_dt_audio_play_title_theme
    0000289C CDr00r00         [24] 6514 	call	___sdcc_bcall_ehl
                                   6515 ;src/main.c:1511: while (1) {
    0000289F                       6516 00109$:
                                   6517 ;src/main.c:1512: blink = (uint8_t)((frame_clock >> 4u) & 1u);
    0000289F FAr11r00         [16] 6518 	ld	a, (#_frame_clock)
    000028A2 CB 37            [ 8] 6519 	swap	a
    000028A4 E6 01            [ 8] 6520 	and	a, #0x01
    000028A6 4F               [ 4] 6521 	ld	c, a
                                   6522 ;src/main.c:1513: if (blink != last_blink) {
    000028A7 F8 00            [12] 6523 	ldhl	sp,	#0
    000028A9 7E               [ 8] 6524 	ld	a, (hl)
    000028AA 91               [ 4] 6525 	sub	a, c
    000028AB 28 40            [12] 6526 	jr	Z, 00105$
                                   6527 ;src/main.c:1514: begin_display_reload();
    000028AD C5               [16] 6528 	push	bc
    000028AE CDr9Dr01         [24] 6529 	call	_begin_display_reload
    000028B1 C1               [12] 6530 	pop	bc
                                   6531 ;src/main.c:1515: if (blink) {
    000028B2 79               [ 4] 6532 	ld	a, c
    000028B3 B7               [ 4] 6533 	or	a, a
    000028B4 28 18            [12] 6534 	jr	Z, 00102$
                                   6535 ;src/main.c:1521: BANK(startup_dialtone_title_b)
    000028B6 3Er00            [ 8] 6536 	ld	a, #<(___bank_startup_dialtone_title_b)
                                   6537 ;src/main.c:1520: startup_dialtone_title_b_palettes,
                                   6538 ;src/main.c:1519: startup_dialtone_title_b_map,
                                   6539 ;src/main.c:1517: startup_dialtone_title_b_tiles,
    000028B8 C5               [16] 6540 	push	bc
    000028B9 F5               [16] 6541 	push	af
    000028BA 33               [ 8] 6542 	inc	sp
    000028BB 11r00r00         [12] 6543 	ld	de, #_startup_dialtone_title_b_palettes
    000028BE D5               [16] 6544 	push	de
    000028BF 11r00r00         [12] 6545 	ld	de, #_startup_dialtone_title_b_map
    000028C2 D5               [16] 6546 	push	de
    000028C3 3E 8C            [ 8] 6547 	ld	a, #0x8c
    000028C5 11r00r00         [12] 6548 	ld	de, #_startup_dialtone_title_b_tiles
    000028C8 CDr35r0A         [24] 6549 	call	_show_banked_image_card
    000028CB C1               [12] 6550 	pop	bc
    000028CC 18 16            [12] 6551 	jr	00103$
    000028CE                       6552 00102$:
                                   6553 ;src/main.c:1529: BANK(startup_dialtone_title_a)
    000028CE 3Er00            [ 8] 6554 	ld	a, #<(___bank_startup_dialtone_title_a)
                                   6555 ;src/main.c:1528: startup_dialtone_title_a_palettes,
    000028D0 21r00r00         [12] 6556 	ld	hl, #_startup_dialtone_title_a_palettes
                                   6557 ;src/main.c:1527: startup_dialtone_title_a_map,
                                   6558 ;src/main.c:1525: startup_dialtone_title_a_tiles,
    000028D3 11r00r00         [12] 6559 	ld	de, #_startup_dialtone_title_a_tiles
    000028D6 C5               [16] 6560 	push	bc
    000028D7 F5               [16] 6561 	push	af
    000028D8 33               [ 8] 6562 	inc	sp
    000028D9 E5               [16] 6563 	push	hl
    000028DA 21r00r00         [12] 6564 	ld	hl, #_startup_dialtone_title_a_map
    000028DD E5               [16] 6565 	push	hl
    000028DE 3E 82            [ 8] 6566 	ld	a, #0x82
    000028E0 CDr35r0A         [24] 6567 	call	_show_banked_image_card
    000028E3 C1               [12] 6568 	pop	bc
    000028E4                       6569 00103$:
                                   6570 ;src/main.c:1532: finish_display_reload(0u);
    000028E4 C5               [16] 6571 	push	bc
    000028E5 AF               [ 4] 6572 	xor	a, a
    000028E6 CDrB6r01         [24] 6573 	call	_finish_display_reload
    000028E9 C1               [12] 6574 	pop	bc
                                   6575 ;src/main.c:1533: last_blink = blink;
    000028EA F8 00            [12] 6576 	ldhl	sp,	#0
    000028EC 71               [ 8] 6577 	ld	(hl), c
    000028ED                       6578 00105$:
                                   6579 ;src/main.c:1536: vsync();
    000028ED CDr00r00         [24] 6580 	call	_vsync
                                   6581 ;src/main.c:1537: dt_audio_update();
    000028F0 1Er00            [ 8] 6582 	ld	e, #b_dt_audio_update
    000028F2 21r00r00         [12] 6583 	ld	hl, #_dt_audio_update
    000028F5 CDr00r00         [24] 6584 	call	___sdcc_bcall_ehl
                                   6585 ;src/main.c:1538: ++frame_clock;
    000028F8 21r11r00         [12] 6586 	ld	hl, #_frame_clock
    000028FB 34               [12] 6587 	inc	(hl)
                                   6588 ;src/main.c:1539: if (wait_card_input(1u)) {
    000028FC 3E 01            [ 8] 6589 	ld	a, #0x01
    000028FE CDr9Dr0A         [24] 6590 	call	_wait_card_input
    00002901 B7               [ 4] 6591 	or	a, a
    00002902 28 9B            [12] 6592 	jr	Z, 00109$
                                   6593 ;src/main.c:1540: waitpadup();
    00002904 CDr00r00         [24] 6594 	call	_waitpadup
                                   6595 ;src/main.c:1541: dt_audio_stop_music();
    00002907 1Er00            [ 8] 6596 	ld	e, #b_dt_audio_stop_music
    00002909 21r00r00         [12] 6597 	ld	hl, #_dt_audio_stop_music
    0000290C CDr00r00         [24] 6598 	call	___sdcc_bcall_ehl
                                   6599 ;src/main.c:1542: return;
                                   6600 ;src/main.c:1545: }
    0000290F 33               [ 8] 6601 	inc	sp
    00002910 C9               [16] 6602 	ret
                                   6603 ;src/main.c:1547: void main(void) {
                                   6604 ;	---------------------------------
                                   6605 ; Function main
                                   6606 ; ---------------------------------
    00002911                       6607 _main::
    00002911 E8 FC            [16] 6608 	add	sp, #-4
                                   6609 ;src/main.c:1549: uint8_t last = 0u;
    00002913 F8 02            [12] 6610 	ldhl	sp,	#2
    00002915 36 00            [12] 6611 	ld	(hl), #0x00
                                   6612 ;src/main.c:1550: uint8_t move_dir = 0u;
    00002917 2B               [ 8] 6613 	dec	hl
    00002918 2B               [ 8] 6614 	dec	hl
    00002919 36 00            [12] 6615 	ld	(hl), #0x00
                                   6616 ;src/main.c:1551: uint8_t move_repeat = 0u;
    0000291B F8 03            [12] 6617 	ldhl	sp,	#3
    0000291D 36 00            [12] 6618 	ld	(hl), #0x00
                                   6619 ;src/main.c:1553: dt_audio_init();
    0000291F 1Er00            [ 8] 6620 	ld	e, #b_dt_audio_init
    00002921 21r00r00         [12] 6621 	ld	hl, #_dt_audio_init
    00002924 CDr00r00         [24] 6622 	call	___sdcc_bcall_ehl
                                   6623 ;src/main.c:1554: dt_init_assets();
    00002927 1Er00            [ 8] 6624 	ld	e, #b_dt_init_assets
    00002929 21r00r00         [12] 6625 	ld	hl, #_dt_init_assets
    0000292C CDr00r00         [24] 6626 	call	___sdcc_bcall_ehl
                                   6627 ;src/main.c:1555: SPRITES_8x8;
    0000292F F0r00            [12] 6628 	ldh	a, (_LCDC_REG + 0)
    00002931 E6 FB            [ 8] 6629 	and	a, #0xfb
    00002933 E0r00            [12] 6630 	ldh	(_LCDC_REG + 0), a
                                   6631 ;src/main.c:1557: setup_new_game();
    00002935 CDrACr0D         [24] 6632 	call	_setup_new_game
                                   6633 ;src/main.c:1558: show_company_card();
    00002938 CDrC0r0A         [24] 6634 	call	_show_company_card
                                   6635 ;src/main.c:1559: show_bimpson_card();
    0000293B CDr23r0B         [24] 6636 	call	_show_bimpson_card
                                   6637 ;src/main.c:1560: show_title();
    0000293E CDr8Fr28         [24] 6638 	call	_show_title
                                   6639 ;src/main.c:1565: );
                                   6640 ;src/main.c:1563: "You moved into a tiny room in Luma Lane.\nMeet the block, run one favor,\nbring something cozy home.",
                                   6641 ;src/main.c:1562: "ARRIVAL",
    00002941 11r8Ar2B         [12] 6642 	ld	de, #___str_168
    00002944 D5               [16] 6643 	push	de
    00002945 01r27r2B         [12] 6644 	ld	bc, #___str_167
    00002948 11r1Fr2B         [12] 6645 	ld	de, #___str_166
    0000294B CDrBFr0B         [24] 6646 	call	_show_message
                                   6647 ;src/main.c:1566: load_room();
    0000294E CDr87r06         [24] 6648 	call	_load_room
                                   6649 ;src/main.c:1567: render_room();
    00002951 CDrA4r08         [24] 6650 	call	_render_room
                                   6651 ;src/main.c:1569: while (1) {
    00002954                       6652 00169$:
                                   6653 ;src/main.c:1570: vsync();
    00002954 CDr00r00         [24] 6654 	call	_vsync
                                   6655 ;src/main.c:1571: dt_audio_update();
    00002957 1Er00            [ 8] 6656 	ld	e, #b_dt_audio_update
    00002959 21r00r00         [12] 6657 	ld	hl, #_dt_audio_update
    0000295C CDr00r00         [24] 6658 	call	___sdcc_bcall_ehl
                                   6659 ;src/main.c:1572: keys = joypad();
    0000295F CDr00r00         [24] 6660 	call	_joypad
    00002962 F8 01            [12] 6661 	ldhl	sp,	#1
    00002964 77               [ 8] 6662 	ld	(hl), a
                                   6663 ;src/main.c:1574: if ((keys & J_A) && !(last & J_A)) try_interact();
    00002965 E5               [16] 6664 	push	hl
    00002966 F8 03            [12] 6665 	ldhl	sp,	#3
    00002968 CB 66            [12] 6666 	bit	4, (hl)
    0000296A E1               [12] 6667 	pop	hl
    0000296B 28 0E            [12] 6668 	jr	Z, 00165$
    0000296D E5               [16] 6669 	push	hl
    0000296E F8 04            [12] 6670 	ldhl	sp,	#4
    00002970 CB 66            [12] 6671 	bit	4, (hl)
    00002972 E1               [12] 6672 	pop	hl
    00002973 20 06            [12] 6673 	jr	NZ, 00165$
    00002975 CDr19r24         [24] 6674 	call	_try_interact
    00002978 C3rF8r2A         [16] 6675 	jp	00166$
    0000297B                       6676 00165$:
                                   6677 ;src/main.c:1575: else if ((keys & J_B) && !(last & J_B)) {
    0000297B E5               [16] 6678 	push	hl
    0000297C F8 03            [12] 6679 	ldhl	sp,	#3
    0000297E CB 6E            [12] 6680 	bit	5, (hl)
    00002980 E1               [12] 6681 	pop	hl
    00002981 28 15            [12] 6682 	jr	Z, 00161$
    00002983 E5               [16] 6683 	push	hl
    00002984 F8 04            [12] 6684 	ldhl	sp,	#4
    00002986 CB 6E            [12] 6685 	bit	5, (hl)
    00002988 E1               [12] 6686 	pop	hl
    00002989 20 0D            [12] 6687 	jr	NZ, 00161$
                                   6688 ;src/main.c:1576: inventory_screen(0u);
    0000298B AF               [ 4] 6689 	xor	a, a
    0000298C CDr28r0F         [24] 6690 	call	_inventory_screen
                                   6691 ;src/main.c:1577: load_room();
    0000298F CDr87r06         [24] 6692 	call	_load_room
                                   6693 ;src/main.c:1578: render_room();
    00002992 CDrA4r08         [24] 6694 	call	_render_room
    00002995 C3rF8r2A         [16] 6695 	jp	00166$
    00002998                       6696 00161$:
                                   6697 ;src/main.c:1579: } else if ((keys & J_SELECT) && !(last & J_SELECT)) {
    00002998 E5               [16] 6698 	push	hl
    00002999 F8 03            [12] 6699 	ldhl	sp,	#3
    0000299B CB 76            [12] 6700 	bit	6, (hl)
    0000299D E1               [12] 6701 	pop	hl
    0000299E 28 16            [12] 6702 	jr	Z, 00157$
    000029A0 E5               [16] 6703 	push	hl
    000029A1 F8 04            [12] 6704 	ldhl	sp,	#4
    000029A3 CB 76            [12] 6705 	bit	6, (hl)
    000029A5 E1               [12] 6706 	pop	hl
    000029A6 20 0E            [12] 6707 	jr	NZ, 00157$
                                   6708 ;src/main.c:1580: inventory_screen(1u);
    000029A8 3E 01            [ 8] 6709 	ld	a, #0x01
    000029AA CDr28r0F         [24] 6710 	call	_inventory_screen
                                   6711 ;src/main.c:1581: load_room();
    000029AD CDr87r06         [24] 6712 	call	_load_room
                                   6713 ;src/main.c:1582: render_room();
    000029B0 CDrA4r08         [24] 6714 	call	_render_room
    000029B3 C3rF8r2A         [16] 6715 	jp	00166$
    000029B6                       6716 00157$:
                                   6717 ;src/main.c:1583: } else if ((keys & J_START) && !(last & J_START)) {
    000029B6 E5               [16] 6718 	push	hl
    000029B7 F8 03            [12] 6719 	ldhl	sp,	#3
    000029B9 CB 7E            [12] 6720 	bit	7, (hl)
    000029BB E1               [12] 6721 	pop	hl
    000029BC 28 14            [12] 6722 	jr	Z, 00153$
    000029BE E5               [16] 6723 	push	hl
    000029BF F8 04            [12] 6724 	ldhl	sp,	#4
    000029C1 CB 7E            [12] 6725 	bit	7, (hl)
    000029C3 E1               [12] 6726 	pop	hl
    000029C4 20 0C            [12] 6727 	jr	NZ, 00153$
                                   6728 ;src/main.c:1584: pause_menu();
    000029C6 CDrF5r14         [24] 6729 	call	_pause_menu
                                   6730 ;src/main.c:1585: load_room();
    000029C9 CDr87r06         [24] 6731 	call	_load_room
                                   6732 ;src/main.c:1586: render_room();
    000029CC CDrA4r08         [24] 6733 	call	_render_room
    000029CF C3rF8r2A         [16] 6734 	jp	00166$
    000029D2                       6735 00153$:
                                   6736 ;src/main.c:1588: uint8_t pressed = keys & (uint8_t)~last;
    000029D2 F8 02            [12] 6737 	ldhl	sp,	#2
    000029D4 3A               [ 8] 6738 	ld	a, (hl-)
    000029D5 2F               [ 4] 6739 	cpl
    000029D6 4F               [ 4] 6740 	ld	c, a
    000029D7 7E               [ 8] 6741 	ld	a, (hl)
    000029D8 A1               [ 4] 6742 	and	a, c
    000029D9 47               [ 4] 6743 	ld	b, a
                                   6744 ;src/main.c:1589: uint8_t active_dir = 0u;
    000029DA 0E 00            [ 8] 6745 	ld	c, #0x00
                                   6746 ;src/main.c:1591: if (pressed & J_UP) active_dir = J_UP;
    000029DC CB 50            [ 8] 6747 	bit	2, b
    000029DE 28 04            [12] 6748 	jr	Z, 00122$
    000029E0 0E 04            [ 8] 6749 	ld	c, #0x04
    000029E2 18 46            [12] 6750 	jr	00123$
    000029E4                       6751 00122$:
                                   6752 ;src/main.c:1592: else if (pressed & J_DOWN) active_dir = J_DOWN;
    000029E4 CB 58            [ 8] 6753 	bit	3, b
    000029E6 28 04            [12] 6754 	jr	Z, 00119$
    000029E8 0E 08            [ 8] 6755 	ld	c, #0x08
    000029EA 18 3E            [12] 6756 	jr	00123$
    000029EC                       6757 00119$:
                                   6758 ;src/main.c:1593: else if (pressed & J_LEFT) active_dir = J_LEFT;
    000029EC CB 48            [ 8] 6759 	bit	1, b
    000029EE 28 04            [12] 6760 	jr	Z, 00116$
    000029F0 0E 02            [ 8] 6761 	ld	c, #0x02
    000029F2 18 36            [12] 6762 	jr	00123$
    000029F4                       6763 00116$:
                                   6764 ;src/main.c:1594: else if (pressed & J_RIGHT) active_dir = J_RIGHT;
    000029F4 CB 40            [ 8] 6765 	bit	0, b
    000029F6 28 04            [12] 6766 	jr	Z, 00113$
    000029F8 0E 01            [ 8] 6767 	ld	c, #0x01
    000029FA 18 2E            [12] 6768 	jr	00123$
    000029FC                       6769 00113$:
                                   6770 ;src/main.c:1595: else if (keys & J_UP) active_dir = J_UP;
    000029FC E5               [16] 6771 	push	hl
    000029FD F8 03            [12] 6772 	ldhl	sp,	#3
    000029FF CB 56            [12] 6773 	bit	2, (hl)
    00002A01 E1               [12] 6774 	pop	hl
    00002A02 28 04            [12] 6775 	jr	Z, 00110$
    00002A04 0E 04            [ 8] 6776 	ld	c, #0x04
    00002A06 18 22            [12] 6777 	jr	00123$
    00002A08                       6778 00110$:
                                   6779 ;src/main.c:1596: else if (keys & J_DOWN) active_dir = J_DOWN;
    00002A08 E5               [16] 6780 	push	hl
    00002A09 F8 03            [12] 6781 	ldhl	sp,	#3
    00002A0B CB 5E            [12] 6782 	bit	3, (hl)
    00002A0D E1               [12] 6783 	pop	hl
    00002A0E 28 04            [12] 6784 	jr	Z, 00107$
    00002A10 0E 08            [ 8] 6785 	ld	c, #0x08
    00002A12 18 16            [12] 6786 	jr	00123$
    00002A14                       6787 00107$:
                                   6788 ;src/main.c:1597: else if (keys & J_LEFT) active_dir = J_LEFT;
    00002A14 E5               [16] 6789 	push	hl
    00002A15 F8 03            [12] 6790 	ldhl	sp,	#3
    00002A17 CB 4E            [12] 6791 	bit	1, (hl)
    00002A19 E1               [12] 6792 	pop	hl
    00002A1A 28 04            [12] 6793 	jr	Z, 00104$
    00002A1C 0E 02            [ 8] 6794 	ld	c, #0x02
    00002A1E 18 0A            [12] 6795 	jr	00123$
    00002A20                       6796 00104$:
                                   6797 ;src/main.c:1598: else if (keys & J_RIGHT) active_dir = J_RIGHT;
    00002A20 E5               [16] 6798 	push	hl
    00002A21 F8 03            [12] 6799 	ldhl	sp,	#3
    00002A23 CB 46            [12] 6800 	bit	0, (hl)
    00002A25 E1               [12] 6801 	pop	hl
    00002A26 28 02            [12] 6802 	jr	Z, 00123$
    00002A28 0E 01            [ 8] 6803 	ld	c, #0x01
    00002A2A                       6804 00123$:
                                   6805 ;src/main.c:1600: if (active_dir == 0u) {
    00002A2A 79               [ 4] 6806 	ld	a, c
    00002A2B B7               [ 4] 6807 	or	a, a
    00002A2C 20 0B            [12] 6808 	jr	NZ, 00150$
                                   6809 ;src/main.c:1601: move_dir = 0u;
    00002A2E F8 00            [12] 6810 	ldhl	sp,	#0
    00002A30 36 00            [12] 6811 	ld	(hl), #0x00
                                   6812 ;src/main.c:1602: move_repeat = 0u;
    00002A32 F8 03            [12] 6813 	ldhl	sp,	#3
    00002A34 36 00            [12] 6814 	ld	(hl), #0x00
    00002A36 C3rF8r2A         [16] 6815 	jp	00166$
    00002A39                       6816 00150$:
                                   6817 ;src/main.c:1606: if (active_dir == J_UP) try_move(0, -1, DIR_UP);
    00002A39 79               [ 4] 6818 	ld	a, c
    00002A3A D6 04            [ 8] 6819 	sub	a, #0x04
    00002A3C 3E 01            [ 8] 6820 	ld	a, #0x01
    00002A3E 28 01            [12] 6821 	jr	Z, 00376$
    00002A40 AF               [ 4] 6822 	xor	a, a
    00002A41                       6823 00376$:
    00002A41 F8 02            [12] 6824 	ldhl	sp,	#2
    00002A43 77               [ 8] 6825 	ld	(hl), a
                                   6826 ;src/main.c:1607: else if (active_dir == J_DOWN) try_move(0, 1, DIR_DOWN);
    00002A44 79               [ 4] 6827 	ld	a, c
    00002A45 D6 08            [ 8] 6828 	sub	a, #0x08
    00002A47 3E 01            [ 8] 6829 	ld	a, #0x01
    00002A49 28 01            [12] 6830 	jr	Z, 00378$
    00002A4B AF               [ 4] 6831 	xor	a, a
    00002A4C                       6832 00378$:
    00002A4C 5F               [ 4] 6833 	ld	e, a
                                   6834 ;src/main.c:1608: else if (active_dir == J_LEFT) try_move(-1, 0, DIR_LEFT);
    00002A4D 79               [ 4] 6835 	ld	a, c
    00002A4E D6 02            [ 8] 6836 	sub	a, #0x02
    00002A50 3E 01            [ 8] 6837 	ld	a, #0x01
    00002A52 28 01            [12] 6838 	jr	Z, 00380$
    00002A54 AF               [ 4] 6839 	xor	a, a
    00002A55                       6840 00380$:
    00002A55 57               [ 4] 6841 	ld	d, a
                                   6842 ;src/main.c:1603: } else if ((active_dir != move_dir) || (pressed & active_dir)) {
    00002A56 F8 00            [12] 6843 	ldhl	sp,	#0
    00002A58 7E               [ 8] 6844 	ld	a, (hl)
    00002A59 91               [ 4] 6845 	sub	a, c
    00002A5A 20 04            [12] 6846 	jr	NZ, 00145$
    00002A5C 78               [ 4] 6847 	ld	a, b
    00002A5D A1               [ 4] 6848 	and	a, c
    00002A5E 28 4A            [12] 6849 	jr	Z, 00146$
    00002A60                       6850 00145$:
                                   6851 ;src/main.c:1604: move_dir = active_dir;
    00002A60 F8 00            [12] 6852 	ldhl	sp,	#0
    00002A62 71               [ 8] 6853 	ld	(hl), c
                                   6854 ;src/main.c:1605: move_repeat = movement_repeat_delay();
    00002A63 D5               [16] 6855 	push	de
    00002A64 CDr29r04         [24] 6856 	call	_movement_repeat_delay
    00002A67 F8 05            [12] 6857 	ldhl	sp,	#5
    00002A69 77               [ 8] 6858 	ld	(hl), a
    00002A6A D1               [12] 6859 	pop	de
                                   6860 ;src/main.c:1606: if (active_dir == J_UP) try_move(0, -1, DIR_UP);
    00002A6B F8 02            [12] 6861 	ldhl	sp,	#2
    00002A6D 7E               [ 8] 6862 	ld	a, (hl)
    00002A6E B7               [ 4] 6863 	or	a, a
    00002A6F 28 0C            [12] 6864 	jr	Z, 00131$
    00002A71 3E 01            [ 8] 6865 	ld	a, #0x01
    00002A73 F5               [16] 6866 	push	af
    00002A74 33               [ 8] 6867 	inc	sp
    00002A75 1E FF            [ 8] 6868 	ld	e, #0xff
    00002A77 AF               [ 4] 6869 	xor	a, a
    00002A78 CDr7Ar22         [24] 6870 	call	_try_move
    00002A7B 18 7B            [12] 6871 	jr	00166$
    00002A7D                       6872 00131$:
                                   6873 ;src/main.c:1607: else if (active_dir == J_DOWN) try_move(0, 1, DIR_DOWN);
    00002A7D 7B               [ 4] 6874 	ld	a, e
    00002A7E B7               [ 4] 6875 	or	a, a
    00002A7F 28 0B            [12] 6876 	jr	Z, 00128$
    00002A81 AF               [ 4] 6877 	xor	a, a
    00002A82 F5               [16] 6878 	push	af
    00002A83 33               [ 8] 6879 	inc	sp
    00002A84 1E 01            [ 8] 6880 	ld	e, #0x01
    00002A86 AF               [ 4] 6881 	xor	a, a
    00002A87 CDr7Ar22         [24] 6882 	call	_try_move
    00002A8A 18 6C            [12] 6883 	jr	00166$
    00002A8C                       6884 00128$:
                                   6885 ;src/main.c:1608: else if (active_dir == J_LEFT) try_move(-1, 0, DIR_LEFT);
    00002A8C 7A               [ 4] 6886 	ld	a, d
    00002A8D B7               [ 4] 6887 	or	a, a
    00002A8E 28 0D            [12] 6888 	jr	Z, 00125$
    00002A90 3E 02            [ 8] 6889 	ld	a, #0x02
    00002A92 F5               [16] 6890 	push	af
    00002A93 33               [ 8] 6891 	inc	sp
    00002A94 1E 00            [ 8] 6892 	ld	e, #0x00
    00002A96 3E FF            [ 8] 6893 	ld	a, #0xff
    00002A98 CDr7Ar22         [24] 6894 	call	_try_move
    00002A9B 18 5B            [12] 6895 	jr	00166$
    00002A9D                       6896 00125$:
                                   6897 ;src/main.c:1609: else try_move(1, 0, DIR_RIGHT);
    00002A9D 3E 03            [ 8] 6898 	ld	a, #0x03
    00002A9F F5               [16] 6899 	push	af
    00002AA0 33               [ 8] 6900 	inc	sp
    00002AA1 1E 00            [ 8] 6901 	ld	e, #0x00
    00002AA3 3E 01            [ 8] 6902 	ld	a, #0x01
    00002AA5 CDr7Ar22         [24] 6903 	call	_try_move
    00002AA8 18 4E            [12] 6904 	jr	00166$
    00002AAA                       6905 00146$:
                                   6906 ;src/main.c:1610: } else if (move_repeat != 0u) {
    00002AAA F8 03            [12] 6907 	ldhl	sp,	#3
    00002AAC 7E               [ 8] 6908 	ld	a, (hl)
    00002AAD B7               [ 4] 6909 	or	a, a
    00002AAE 28 03            [12] 6910 	jr	Z, 00143$
                                   6911 ;src/main.c:1611: --move_repeat;
    00002AB0 35               [12] 6912 	dec	(hl)
    00002AB1 18 45            [12] 6913 	jr	00166$
    00002AB3                       6914 00143$:
                                   6915 ;src/main.c:1613: move_repeat = movement_repeat_interval();
    00002AB3 D5               [16] 6916 	push	de
    00002AB4 CDr44r04         [24] 6917 	call	_movement_repeat_interval
    00002AB7 F8 05            [12] 6918 	ldhl	sp,	#5
    00002AB9 77               [ 8] 6919 	ld	(hl), a
    00002ABA D1               [12] 6920 	pop	de
                                   6921 ;src/main.c:1614: if (active_dir == J_UP) try_move(0, -1, DIR_UP);
    00002ABB F8 02            [12] 6922 	ldhl	sp,	#2
    00002ABD 7E               [ 8] 6923 	ld	a, (hl)
    00002ABE B7               [ 4] 6924 	or	a, a
    00002ABF 28 0C            [12] 6925 	jr	Z, 00140$
    00002AC1 3E 01            [ 8] 6926 	ld	a, #0x01
    00002AC3 F5               [16] 6927 	push	af
    00002AC4 33               [ 8] 6928 	inc	sp
    00002AC5 1E FF            [ 8] 6929 	ld	e, #0xff
    00002AC7 AF               [ 4] 6930 	xor	a, a
    00002AC8 CDr7Ar22         [24] 6931 	call	_try_move
    00002ACB 18 2B            [12] 6932 	jr	00166$
    00002ACD                       6933 00140$:
                                   6934 ;src/main.c:1615: else if (active_dir == J_DOWN) try_move(0, 1, DIR_DOWN);
    00002ACD 7B               [ 4] 6935 	ld	a, e
    00002ACE B7               [ 4] 6936 	or	a, a
    00002ACF 28 0B            [12] 6937 	jr	Z, 00137$
    00002AD1 AF               [ 4] 6938 	xor	a, a
    00002AD2 F5               [16] 6939 	push	af
    00002AD3 33               [ 8] 6940 	inc	sp
    00002AD4 1E 01            [ 8] 6941 	ld	e, #0x01
    00002AD6 AF               [ 4] 6942 	xor	a, a
    00002AD7 CDr7Ar22         [24] 6943 	call	_try_move
    00002ADA 18 1C            [12] 6944 	jr	00166$
    00002ADC                       6945 00137$:
                                   6946 ;src/main.c:1616: else if (active_dir == J_LEFT) try_move(-1, 0, DIR_LEFT);
    00002ADC 7A               [ 4] 6947 	ld	a, d
    00002ADD B7               [ 4] 6948 	or	a, a
    00002ADE 28 0D            [12] 6949 	jr	Z, 00134$
    00002AE0 3E 02            [ 8] 6950 	ld	a, #0x02
    00002AE2 F5               [16] 6951 	push	af
    00002AE3 33               [ 8] 6952 	inc	sp
    00002AE4 1E 00            [ 8] 6953 	ld	e, #0x00
    00002AE6 3E FF            [ 8] 6954 	ld	a, #0xff
    00002AE8 CDr7Ar22         [24] 6955 	call	_try_move
    00002AEB 18 0B            [12] 6956 	jr	00166$
    00002AED                       6957 00134$:
                                   6958 ;src/main.c:1617: else try_move(1, 0, DIR_RIGHT);
    00002AED 3E 03            [ 8] 6959 	ld	a, #0x03
    00002AEF F5               [16] 6960 	push	af
    00002AF0 33               [ 8] 6961 	inc	sp
    00002AF1 1E 00            [ 8] 6962 	ld	e, #0x00
    00002AF3 3E 01            [ 8] 6963 	ld	a, #0x01
    00002AF5 CDr7Ar22         [24] 6964 	call	_try_move
    00002AF8                       6965 00166$:
                                   6966 ;src/main.c:1621: ++frame_clock;
    00002AF8 21r11r00         [12] 6967 	ld	hl, #_frame_clock
    00002AFB 34               [12] 6968 	inc	(hl)
                                   6969 ;src/main.c:1622: draw_world_sprites(tile_to_sprite_x(player_x), tile_to_sprite_y(player_y), 0u);
    00002AFC FAr04r00         [16] 6970 	ld	a, (_player_y)
    00002AFF CDr17r02         [24] 6971 	call	_tile_to_sprite_y
    00002B02 F8 02            [12] 6972 	ldhl	sp,	#2
    00002B04 77               [ 8] 6973 	ld	(hl), a
    00002B05 FAr03r00         [16] 6974 	ld	a, (_player_x)
    00002B08 CDr11r02         [24] 6975 	call	_tile_to_sprite_x
    00002B0B 26 00            [ 8] 6976 	ld	h, #0x00
    00002B0D E5               [16] 6977 	push	hl
    00002B0E 33               [ 8] 6978 	inc	sp
    00002B0F F8 03            [12] 6979 	ldhl	sp,	#3
    00002B11 5E               [ 8] 6980 	ld	e, (hl)
    00002B12 CDrA3r05         [24] 6981 	call	_draw_world_sprites
                                   6982 ;src/main.c:1623: last = keys;
    00002B15 F8 01            [12] 6983 	ldhl	sp,	#1
    00002B17 2A               [ 8] 6984 	ld	a, (hl+)
    00002B18 77               [ 8] 6985 	ld	(hl), a
    00002B19 C3r54r29         [16] 6986 	jp	00169$
                                   6987 ;src/main.c:1625: }
    00002B1C E8 04            [16] 6988 	add	sp, #4
    00002B1E C9               [16] 6989 	ret
    00002B1F                       6990 ___str_166:
    00002B1F 41 52 52 49 56 41 4C  6991 	.ascii "ARRIVAL"
    00002B26 00                    6992 	.db 0x00
    00002B27                       6993 ___str_167:
    00002B27 59 6F 75 20 6D 6F 76  6994 	.ascii "You moved into a tiny room in Luma Lane."
             65 64 20 69 6E 74 6F
             20 61 20 74 69 6E 79
             20 72 6F 6F 6D 20 69
             6E 20 4C 75 6D 61 20
             4C 61 6E 65 2E
    00002B4F 0A                    6995 	.db 0x0a
    00002B50 4D 65 65 74 20 74 68  6996 	.ascii "Meet the block, run one favor,"
             65 20 62 6C 6F 63 6B
             2C 20 72 75 6E 20 6F
             6E 65 20 66 61 76 6F
             72 2C
    00002B6E 0A                    6997 	.db 0x0a
    00002B6F 62 72 69 6E 67 20 73  6998 	.ascii "bring something cozy home."
             6F 6D 65 74 68 69 6E
             67 20 63 6F 7A 79 20
             68 6F 6D 65 2E
    00002B89 00                    6999 	.db 0x00
    00002B8A                       7000 ___str_168:
    00002B8A 53 45 4C 45 43 54 20  7001 	.ascii "SELECT WALK"
             57 41 4C 4B
    00002B95 00                    7002 	.db 0x00
                                   7003 	.area _CODE
                                   7004 	.area _INITIALIZER
                                   7005 	.area _CABS (ABS)
