                                      1 ;--------------------------------------------------------
                                      2 ; File Created by SDCC : free open source ISO C Compiler
                                      3 ; Version 4.5.1 #15267 (Linux)
                                      4 ;--------------------------------------------------------
                                      5 	.module rook_repair_tech
                                      6 	
                                      7 ;--------------------------------------------------------
                                      8 ; Public variables in this module
                                      9 ;--------------------------------------------------------
                                     10 	.globl _rook_repair_tech_map
                                     11 	.globl _rook_repair_tech_tiles
                                     12 	.globl _rook_repair_tech_palettes
                                     13 	.globl b___func_rook_repair_tech
                                     14 	.globl ___func_rook_repair_tech
                                     15 ;--------------------------------------------------------
                                     16 ; special function registers
                                     17 ;--------------------------------------------------------
                                     18 	.area _HRAM
                                     19 ;--------------------------------------------------------
                                     20 ; ram data
                                     21 ;--------------------------------------------------------
                                     22 	.area _DATA
                                     23 ;--------------------------------------------------------
                                     24 ; ram data
                                     25 ;--------------------------------------------------------
                                     26 	.area _INITIALIZED
                                     27 ;--------------------------------------------------------
                                     28 ; absolute external ram data
                                     29 ;--------------------------------------------------------
                                     30 	.area _DABS (ABS)
                                     31 ;--------------------------------------------------------
                                     32 ; global & static initialisations
                                     33 ;--------------------------------------------------------
                                     34 	.area _HOME
                                     35 	.area _GSINIT
                                     36 	.area _GSFINAL
                                     37 	.area _GSINIT
                                     38 ;--------------------------------------------------------
                                     39 ; Home
                                     40 ;--------------------------------------------------------
                                     41 	.area _HOME
                                     42 	.area _HOME
                                     43 ;--------------------------------------------------------
                                     44 ; code
                                     45 ;--------------------------------------------------------
                                     46 	.area _CODE_255
                                     47 ;res/rook_repair_tech.c:10: BANKREF(rook_repair_tech)
                                     48 ;	---------------------------------
                                     49 ; Function __func_rook_repair_tech
                                     50 ; ---------------------------------
                         000000FF    51 	b___func_rook_repair_tech	= 255
    00000000                         52 ___func_rook_repair_tech::
                                     53 	.local b___func_rook_repair_tech 
                         000000FF    54 	___bank_rook_repair_tech = b___func_rook_repair_tech 
                                     55 	.globl ___bank_rook_repair_tech 
                                     56 	.area _CODE_255
    00000000                         57 _rook_repair_tech_palettes:
    00000000 BD 77                   58 	.dw #0x77bd
    00000002 7B 6F                   59 	.dw #0x6f7b
    00000004 8C 31                   60 	.dw #0x318c
    00000006 00 00                   61 	.dw #0x0000
    00000008                         62 _rook_repair_tech_tiles:
    00000008 FF                      63 	.db #0xff	; 255
    00000009 00                      64 	.db #0x00	; 0
    0000000A FF                      65 	.db #0xff	; 255
    0000000B 00                      66 	.db #0x00	; 0
    0000000C FF                      67 	.db #0xff	; 255
    0000000D 00                      68 	.db #0x00	; 0
    0000000E FF                      69 	.db #0xff	; 255
    0000000F 00                      70 	.db #0x00	; 0
    00000010 FF                      71 	.db #0xff	; 255
    00000011 03                      72 	.db #0x03	; 3
    00000012 FF                      73 	.db #0xff	; 255
    00000013 03                      74 	.db #0x03	; 3
    00000014 FF                      75 	.db #0xff	; 255
    00000015 0F                      76 	.db #0x0f	; 15
    00000016 FF                      77 	.db #0xff	; 255
    00000017 0F                      78 	.db #0x0f	; 15
    00000018 FF                      79 	.db #0xff	; 255
    00000019 00                      80 	.db #0x00	; 0
    0000001A FF                      81 	.db #0xff	; 255
    0000001B 00                      82 	.db #0x00	; 0
    0000001C FF                      83 	.db #0xff	; 255
    0000001D 00                      84 	.db #0x00	; 0
    0000001E FF                      85 	.db #0xff	; 255
    0000001F 00                      86 	.db #0x00	; 0
    00000020 FF                      87 	.db #0xff	; 255
    00000021 FF                      88 	.db #0xff	; 255
    00000022 FF                      89 	.db #0xff	; 255
    00000023 FF                      90 	.db #0xff	; 255
    00000024 FF                      91 	.db #0xff	; 255
    00000025 FF                      92 	.db #0xff	; 255
    00000026 FF                      93 	.db #0xff	; 255
    00000027 FF                      94 	.db #0xff	; 255
    00000028 FF                      95 	.db #0xff	; 255
    00000029 00                      96 	.db #0x00	; 0
    0000002A FF                      97 	.db #0xff	; 255
    0000002B 00                      98 	.db #0x00	; 0
    0000002C FF                      99 	.db #0xff	; 255
    0000002D 00                     100 	.db #0x00	; 0
    0000002E FF                     101 	.db #0xff	; 255
    0000002F 00                     102 	.db #0x00	; 0
    00000030 FF                     103 	.db #0xff	; 255
    00000031 E0                     104 	.db #0xe0	; 224
    00000032 FF                     105 	.db #0xff	; 255
    00000033 E0                     106 	.db #0xe0	; 224
    00000034 FF                     107 	.db #0xff	; 255
    00000035 F8                     108 	.db #0xf8	; 248
    00000036 FF                     109 	.db #0xff	; 255
    00000037 F8                     110 	.db #0xf8	; 248
    00000038 FF                     111 	.db #0xff	; 255
    00000039 0F                     112 	.db #0x0f	; 15
    0000003A FF                     113 	.db #0xff	; 255
    0000003B 0F                     114 	.db #0x0f	; 15
    0000003C FF                     115 	.db #0xff	; 255
    0000003D 0F                     116 	.db #0x0f	; 15
    0000003E FF                     117 	.db #0xff	; 255
    0000003F 0F                     118 	.db #0x0f	; 15
    00000040 FF                     119 	.db #0xff	; 255
    00000041 0F                     120 	.db #0x0f	; 15
    00000042 FF                     121 	.db #0xff	; 255
    00000043 0F                     122 	.db #0x0f	; 15
    00000044 FF                     123 	.db #0xff	; 255
    00000045 0F                     124 	.db #0x0f	; 15
    00000046 FF                     125 	.db #0xff	; 255
    00000047 0F                     126 	.db #0x0f	; 15
    00000048 FF                     127 	.db #0xff	; 255
    00000049 FF                     128 	.db #0xff	; 255
    0000004A FF                     129 	.db #0xff	; 255
    0000004B 80                     130 	.db #0x80	; 128
    0000004C FF                     131 	.db #0xff	; 255
    0000004D 80                     132 	.db #0x80	; 128
    0000004E FF                     133 	.db #0xff	; 255
    0000004F 80                     134 	.db #0x80	; 128
    00000050 FF                     135 	.db #0xff	; 255
    00000051 80                     136 	.db #0x80	; 128
    00000052 FF                     137 	.db #0xff	; 255
    00000053 83                     138 	.db #0x83	; 131
    00000054 FF                     139 	.db #0xff	; 255
    00000055 87                     140 	.db #0x87	; 135
    00000056 FF                     141 	.db #0xff	; 255
    00000057 87                     142 	.db #0x87	; 135
    00000058 FF                     143 	.db #0xff	; 255
    00000059 FF                     144 	.db #0xff	; 255
    0000005A FF                     145 	.db #0xff	; 255
    0000005B 00                     146 	.db #0x00	; 0
    0000005C FF                     147 	.db #0xff	; 255
    0000005D 00                     148 	.db #0x00	; 0
    0000005E FF                     149 	.db #0xff	; 255
    0000005F 00                     150 	.db #0x00	; 0
    00000060 FF                     151 	.db #0xff	; 255
    00000061 00                     152 	.db #0x00	; 0
    00000062 FF                     153 	.db #0xff	; 255
    00000063 FF                     154 	.db #0xff	; 255
    00000064 FF                     155 	.db #0xff	; 255
    00000065 FF                     156 	.db #0xff	; 255
    00000066 FF                     157 	.db #0xff	; 255
    00000067 FF                     158 	.db #0xff	; 255
    00000068 FF                     159 	.db #0xff	; 255
    00000069 FF                     160 	.db #0xff	; 255
    0000006A FF                     161 	.db #0xff	; 255
    0000006B 00                     162 	.db #0x00	; 0
    0000006C FF                     163 	.db #0xff	; 255
    0000006D 00                     164 	.db #0x00	; 0
    0000006E FF                     165 	.db #0xff	; 255
    0000006F 00                     166 	.db #0x00	; 0
    00000070 FF                     167 	.db #0xff	; 255
    00000071 00                     168 	.db #0x00	; 0
    00000072 FF                     169 	.db #0xff	; 255
    00000073 F8                     170 	.db #0xf8	; 248
    00000074 FF                     171 	.db #0xff	; 255
    00000075 FC                     172 	.db #0xfc	; 252
    00000076 FF                     173 	.db #0xff	; 255
    00000077 FC                     174 	.db #0xfc	; 252
    00000078 FF                     175 	.db #0xff	; 255
    00000079 FF                     176 	.db #0xff	; 255
    0000007A FF                     177 	.db #0xff	; 255
    0000007B 00                     178 	.db #0x00	; 0
    0000007C FF                     179 	.db #0xff	; 255
    0000007D 00                     180 	.db #0x00	; 0
    0000007E FF                     181 	.db #0xff	; 255
    0000007F 00                     182 	.db #0x00	; 0
    00000080 FF                     183 	.db #0xff	; 255
    00000081 00                     184 	.db #0x00	; 0
    00000082 FF                     185 	.db #0xff	; 255
    00000083 07                     186 	.db #0x07	; 7
    00000084 FF                     187 	.db #0xff	; 255
    00000085 0F                     188 	.db #0x0f	; 15
    00000086 FF                     189 	.db #0xff	; 255
    00000087 0F                     190 	.db #0x0f	; 15
    00000088 FF                     191 	.db #0xff	; 255
    00000089 FF                     192 	.db #0xff	; 255
    0000008A FF                     193 	.db #0xff	; 255
    0000008B 00                     194 	.db #0x00	; 0
    0000008C FF                     195 	.db #0xff	; 255
    0000008D 00                     196 	.db #0x00	; 0
    0000008E FF                     197 	.db #0xff	; 255
    0000008F 00                     198 	.db #0x00	; 0
    00000090 FF                     199 	.db #0xff	; 255
    00000091 00                     200 	.db #0x00	; 0
    00000092 FF                     201 	.db #0xff	; 255
    00000093 F0                     202 	.db #0xf0	; 240
    00000094 FF                     203 	.db #0xff	; 255
    00000095 F8                     204 	.db #0xf8	; 248
    00000096 FF                     205 	.db #0xff	; 255
    00000097 F8                     206 	.db #0xf8	; 248
    00000098 FF                     207 	.db #0xff	; 255
    00000099 FF                     208 	.db #0xff	; 255
    0000009A FF                     209 	.db #0xff	; 255
    0000009B 00                     210 	.db #0x00	; 0
    0000009C FF                     211 	.db #0xff	; 255
    0000009D 00                     212 	.db #0x00	; 0
    0000009E FF                     213 	.db #0xff	; 255
    0000009F 00                     214 	.db #0x00	; 0
    000000A0 FF                     215 	.db #0xff	; 255
    000000A1 00                     216 	.db #0x00	; 0
    000000A2 FF                     217 	.db #0xff	; 255
    000000A3 0F                     218 	.db #0x0f	; 15
    000000A4 FF                     219 	.db #0xff	; 255
    000000A5 1F                     220 	.db #0x1f	; 31
    000000A6 FF                     221 	.db #0xff	; 255
    000000A7 1F                     222 	.db #0x1f	; 31
    000000A8 FF                     223 	.db #0xff	; 255
    000000A9 FF                     224 	.db #0xff	; 255
    000000AA FF                     225 	.db #0xff	; 255
    000000AB 00                     226 	.db #0x00	; 0
    000000AC FF                     227 	.db #0xff	; 255
    000000AD 00                     228 	.db #0x00	; 0
    000000AE FF                     229 	.db #0xff	; 255
    000000AF 00                     230 	.db #0x00	; 0
    000000B0 FF                     231 	.db #0xff	; 255
    000000B1 00                     232 	.db #0x00	; 0
    000000B2 FF                     233 	.db #0xff	; 255
    000000B3 E0                     234 	.db #0xe0	; 224
    000000B4 FF                     235 	.db #0xff	; 255
    000000B5 F0                     236 	.db #0xf0	; 240
    000000B6 FF                     237 	.db #0xff	; 255
    000000B7 F0                     238 	.db #0xf0	; 240
    000000B8 FF                     239 	.db #0xff	; 255
    000000B9 F8                     240 	.db #0xf8	; 248
    000000BA FF                     241 	.db #0xff	; 255
    000000BB F8                     242 	.db #0xf8	; 248
    000000BC FF                     243 	.db #0xff	; 255
    000000BD F8                     244 	.db #0xf8	; 248
    000000BE FF                     245 	.db #0xff	; 255
    000000BF F8                     246 	.db #0xf8	; 248
    000000C0 FF                     247 	.db #0xff	; 255
    000000C1 F8                     248 	.db #0xf8	; 248
    000000C2 FF                     249 	.db #0xff	; 255
    000000C3 F8                     250 	.db #0xf8	; 248
    000000C4 FF                     251 	.db #0xff	; 255
    000000C5 F8                     252 	.db #0xf8	; 248
    000000C6 FF                     253 	.db #0xff	; 255
    000000C7 F8                     254 	.db #0xf8	; 248
    000000C8 FF                     255 	.db #0xff	; 255
    000000C9 87                     256 	.db #0x87	; 135
    000000CA FF                     257 	.db #0xff	; 255
    000000CB 87                     258 	.db #0x87	; 135
    000000CC FF                     259 	.db #0xff	; 255
    000000CD 87                     260 	.db #0x87	; 135
    000000CE FF                     261 	.db #0xff	; 255
    000000CF 87                     262 	.db #0x87	; 135
    000000D0 FF                     263 	.db #0xff	; 255
    000000D1 87                     264 	.db #0x87	; 135
    000000D2 FF                     265 	.db #0xff	; 255
    000000D3 87                     266 	.db #0x87	; 135
    000000D4 FF                     267 	.db #0xff	; 255
    000000D5 87                     268 	.db #0x87	; 135
    000000D6 FF                     269 	.db #0xff	; 255
    000000D7 87                     270 	.db #0x87	; 135
    000000D8 00                     271 	.db #0x00	; 0
    000000D9 00                     272 	.db #0x00	; 0
    000000DA 00                     273 	.db #0x00	; 0
    000000DB 00                     274 	.db #0x00	; 0
    000000DC 00                     275 	.db #0x00	; 0
    000000DD 00                     276 	.db #0x00	; 0
    000000DE 00                     277 	.db #0x00	; 0
    000000DF 00                     278 	.db #0x00	; 0
    000000E0 00                     279 	.db #0x00	; 0
    000000E1 00                     280 	.db #0x00	; 0
    000000E2 00                     281 	.db #0x00	; 0
    000000E3 00                     282 	.db #0x00	; 0
    000000E4 00                     283 	.db #0x00	; 0
    000000E5 00                     284 	.db #0x00	; 0
    000000E6 00                     285 	.db #0x00	; 0
    000000E7 00                     286 	.db #0x00	; 0
    000000E8 1F                     287 	.db #0x1f	; 31
    000000E9 1C                     288 	.db #0x1c	; 28
    000000EA 1F                     289 	.db #0x1f	; 31
    000000EB 1C                     290 	.db #0x1c	; 28
    000000EC 1F                     291 	.db #0x1f	; 31
    000000ED 1C                     292 	.db #0x1c	; 28
    000000EE 1F                     293 	.db #0x1f	; 31
    000000EF 1C                     294 	.db #0x1c	; 28
    000000F0 1F                     295 	.db #0x1f	; 31
    000000F1 1C                     296 	.db #0x1c	; 28
    000000F2 1F                     297 	.db #0x1f	; 31
    000000F3 1C                     298 	.db #0x1c	; 28
    000000F4 1F                     299 	.db #0x1f	; 31
    000000F5 1C                     300 	.db #0x1c	; 28
    000000F6 1F                     301 	.db #0x1f	; 31
    000000F7 1C                     302 	.db #0x1c	; 28
    000000F8 FE                     303 	.db #0xfe	; 254
    000000F9 0E                     304 	.db #0x0e	; 14
    000000FA FE                     305 	.db #0xfe	; 254
    000000FB 0E                     306 	.db #0x0e	; 14
    000000FC FE                     307 	.db #0xfe	; 254
    000000FD 0E                     308 	.db #0x0e	; 14
    000000FE FE                     309 	.db #0xfe	; 254
    000000FF 0E                     310 	.db #0x0e	; 14
    00000100 FE                     311 	.db #0xfe	; 254
    00000101 0E                     312 	.db #0x0e	; 14
    00000102 FE                     313 	.db #0xfe	; 254
    00000103 0E                     314 	.db #0x0e	; 14
    00000104 FE                     315 	.db #0xfe	; 254
    00000105 0E                     316 	.db #0x0e	; 14
    00000106 FE                     317 	.db #0xfe	; 254
    00000107 0E                     318 	.db #0x0e	; 14
    00000108 3F                     319 	.db #0x3f	; 63
    00000109 38                     320 	.db #0x38	; 56	'8'
    0000010A 3F                     321 	.db #0x3f	; 63
    0000010B 38                     322 	.db #0x38	; 56	'8'
    0000010C 3F                     323 	.db #0x3f	; 63
    0000010D 38                     324 	.db #0x38	; 56	'8'
    0000010E 3F                     325 	.db #0x3f	; 63
    0000010F 38                     326 	.db #0x38	; 56	'8'
    00000110 3F                     327 	.db #0x3f	; 63
    00000111 38                     328 	.db #0x38	; 56	'8'
    00000112 3F                     329 	.db #0x3f	; 63
    00000113 38                     330 	.db #0x38	; 56	'8'
    00000114 3F                     331 	.db #0x3f	; 63
    00000115 38                     332 	.db #0x38	; 56	'8'
    00000116 3F                     333 	.db #0x3f	; 63
    00000117 38                     334 	.db #0x38	; 56	'8'
    00000118 FC                     335 	.db #0xfc	; 252
    00000119 1F                     336 	.db #0x1f	; 31
    0000011A FC                     337 	.db #0xfc	; 252
    0000011B 1F                     338 	.db #0x1f	; 31
    0000011C FC                     339 	.db #0xfc	; 252
    0000011D 1F                     340 	.db #0x1f	; 31
    0000011E FC                     341 	.db #0xfc	; 252
    0000011F 1F                     342 	.db #0x1f	; 31
    00000120 FC                     343 	.db #0xfc	; 252
    00000121 1F                     344 	.db #0x1f	; 31
    00000122 FC                     345 	.db #0xfc	; 252
    00000123 1F                     346 	.db #0x1f	; 31
    00000124 FC                     347 	.db #0xfc	; 252
    00000125 1F                     348 	.db #0x1f	; 31
    00000126 FC                     349 	.db #0xfc	; 252
    00000127 1F                     350 	.db #0x1f	; 31
    00000128 00                     351 	.db #0x00	; 0
    00000129 FF                     352 	.db #0xff	; 255
    0000012A 00                     353 	.db #0x00	; 0
    0000012B FF                     354 	.db #0xff	; 255
    0000012C 00                     355 	.db #0x00	; 0
    0000012D FF                     356 	.db #0xff	; 255
    0000012E 00                     357 	.db #0x00	; 0
    0000012F FF                     358 	.db #0xff	; 255
    00000130 00                     359 	.db #0x00	; 0
    00000131 FF                     360 	.db #0xff	; 255
    00000132 00                     361 	.db #0x00	; 0
    00000133 FF                     362 	.db #0xff	; 255
    00000134 00                     363 	.db #0x00	; 0
    00000135 FF                     364 	.db #0xff	; 255
    00000136 00                     365 	.db #0x00	; 0
    00000137 FF                     366 	.db #0xff	; 255
    00000138 7F                     367 	.db #0x7f	; 127
    00000139 F0                     368 	.db #0xf0	; 240
    0000013A 7F                     369 	.db #0x7f	; 127
    0000013B F0                     370 	.db #0xf0	; 240
    0000013C 7F                     371 	.db #0x7f	; 127
    0000013D F0                     372 	.db #0xf0	; 240
    0000013E 7F                     373 	.db #0x7f	; 127
    0000013F F0                     374 	.db #0xf0	; 240
    00000140 7F                     375 	.db #0x7f	; 127
    00000141 F0                     376 	.db #0xf0	; 240
    00000142 7F                     377 	.db #0x7f	; 127
    00000143 F0                     378 	.db #0xf0	; 240
    00000144 7F                     379 	.db #0x7f	; 127
    00000145 F0                     380 	.db #0xf0	; 240
    00000146 7F                     381 	.db #0x7f	; 127
    00000147 F0                     382 	.db #0xf0	; 240
    00000148 FF                     383 	.db #0xff	; 255
    00000149 87                     384 	.db #0x87	; 135
    0000014A FF                     385 	.db #0xff	; 255
    0000014B 87                     386 	.db #0x87	; 135
    0000014C FC                     387 	.db #0xfc	; 252
    0000014D 87                     388 	.db #0x87	; 135
    0000014E FC                     389 	.db #0xfc	; 252
    0000014F 83                     390 	.db #0x83	; 131
    00000150 FC                     391 	.db #0xfc	; 252
    00000151 83                     392 	.db #0x83	; 131
    00000152 FC                     393 	.db #0xfc	; 252
    00000153 83                     394 	.db #0x83	; 131
    00000154 FF                     395 	.db #0xff	; 255
    00000155 80                     396 	.db #0x80	; 128
    00000156 FF                     397 	.db #0xff	; 255
    00000157 80                     398 	.db #0x80	; 128
    00000158 00                     399 	.db #0x00	; 0
    00000159 00                     400 	.db #0x00	; 0
    0000015A FF                     401 	.db #0xff	; 255
    0000015B FF                     402 	.db #0xff	; 255
    0000015C 00                     403 	.db #0x00	; 0
    0000015D FF                     404 	.db #0xff	; 255
    0000015E 00                     405 	.db #0x00	; 0
    0000015F FF                     406 	.db #0xff	; 255
    00000160 00                     407 	.db #0x00	; 0
    00000161 FF                     408 	.db #0xff	; 255
    00000162 00                     409 	.db #0x00	; 0
    00000163 FF                     410 	.db #0xff	; 255
    00000164 FF                     411 	.db #0xff	; 255
    00000165 00                     412 	.db #0x00	; 0
    00000166 FF                     413 	.db #0xff	; 255
    00000167 00                     414 	.db #0x00	; 0
    00000168 1F                     415 	.db #0x1f	; 31
    00000169 1C                     416 	.db #0x1c	; 28
    0000016A FF                     417 	.db #0xff	; 255
    0000016B FC                     418 	.db #0xfc	; 252
    0000016C 07                     419 	.db #0x07	; 7
    0000016D FC                     420 	.db #0xfc	; 252
    0000016E 07                     421 	.db #0x07	; 7
    0000016F F8                     422 	.db #0xf8	; 248
    00000170 07                     423 	.db #0x07	; 7
    00000171 F8                     424 	.db #0xf8	; 248
    00000172 07                     425 	.db #0x07	; 7
    00000173 F8                     426 	.db #0xf8	; 248
    00000174 FF                     427 	.db #0xff	; 255
    00000175 00                     428 	.db #0x00	; 0
    00000176 FF                     429 	.db #0xff	; 255
    00000177 00                     430 	.db #0x00	; 0
    00000178 FE                     431 	.db #0xfe	; 254
    00000179 0E                     432 	.db #0x0e	; 14
    0000017A FF                     433 	.db #0xff	; 255
    0000017B 0F                     434 	.db #0x0f	; 15
    0000017C F8                     435 	.db #0xf8	; 248
    0000017D 0F                     436 	.db #0x0f	; 15
    0000017E F8                     437 	.db #0xf8	; 248
    0000017F 07                     438 	.db #0x07	; 7
    00000180 F8                     439 	.db #0xf8	; 248
    00000181 07                     440 	.db #0x07	; 7
    00000182 F8                     441 	.db #0xf8	; 248
    00000183 07                     442 	.db #0x07	; 7
    00000184 FF                     443 	.db #0xff	; 255
    00000185 00                     444 	.db #0x00	; 0
    00000186 FF                     445 	.db #0xff	; 255
    00000187 00                     446 	.db #0x00	; 0
    00000188 3F                     447 	.db #0x3f	; 63
    00000189 38                     448 	.db #0x38	; 56	'8'
    0000018A FF                     449 	.db #0xff	; 255
    0000018B F8                     450 	.db #0xf8	; 248
    0000018C 0F                     451 	.db #0x0f	; 15
    0000018D F8                     452 	.db #0xf8	; 248
    0000018E 0F                     453 	.db #0x0f	; 15
    0000018F F0                     454 	.db #0xf0	; 240
    00000190 0F                     455 	.db #0x0f	; 15
    00000191 F0                     456 	.db #0xf0	; 240
    00000192 0F                     457 	.db #0x0f	; 15
    00000193 F0                     458 	.db #0xf0	; 240
    00000194 FF                     459 	.db #0xff	; 255
    00000195 00                     460 	.db #0x00	; 0
    00000196 FF                     461 	.db #0xff	; 255
    00000197 00                     462 	.db #0x00	; 0
    00000198 FC                     463 	.db #0xfc	; 252
    00000199 1F                     464 	.db #0x1f	; 31
    0000019A FC                     465 	.db #0xfc	; 252
    0000019B 1F                     466 	.db #0x1f	; 31
    0000019C FC                     467 	.db #0xfc	; 252
    0000019D 1F                     468 	.db #0x1f	; 31
    0000019E FC                     469 	.db #0xfc	; 252
    0000019F 1F                     470 	.db #0x1f	; 31
    000001A0 FC                     471 	.db #0xfc	; 252
    000001A1 1F                     472 	.db #0x1f	; 31
    000001A2 FF                     473 	.db #0xff	; 255
    000001A3 1F                     474 	.db #0x1f	; 31
    000001A4 FF                     475 	.db #0xff	; 255
    000001A5 1F                     476 	.db #0x1f	; 31
    000001A6 FF                     477 	.db #0xff	; 255
    000001A7 0F                     478 	.db #0x0f	; 15
    000001A8 00                     479 	.db #0x00	; 0
    000001A9 FF                     480 	.db #0xff	; 255
    000001AA 00                     481 	.db #0x00	; 0
    000001AB FF                     482 	.db #0xff	; 255
    000001AC 00                     483 	.db #0x00	; 0
    000001AD FF                     484 	.db #0xff	; 255
    000001AE 00                     485 	.db #0x00	; 0
    000001AF FF                     486 	.db #0xff	; 255
    000001B0 00                     487 	.db #0x00	; 0
    000001B1 FF                     488 	.db #0xff	; 255
    000001B2 FF                     489 	.db #0xff	; 255
    000001B3 FF                     490 	.db #0xff	; 255
    000001B4 FF                     491 	.db #0xff	; 255
    000001B5 FF                     492 	.db #0xff	; 255
    000001B6 FF                     493 	.db #0xff	; 255
    000001B7 FF                     494 	.db #0xff	; 255
    000001B8 7F                     495 	.db #0x7f	; 127
    000001B9 F0                     496 	.db #0xf0	; 240
    000001BA 7F                     497 	.db #0x7f	; 127
    000001BB F0                     498 	.db #0xf0	; 240
    000001BC 7F                     499 	.db #0x7f	; 127
    000001BD F0                     500 	.db #0xf0	; 240
    000001BE 7F                     501 	.db #0x7f	; 127
    000001BF F0                     502 	.db #0xf0	; 240
    000001C0 7F                     503 	.db #0x7f	; 127
    000001C1 F0                     504 	.db #0xf0	; 240
    000001C2 FF                     505 	.db #0xff	; 255
    000001C3 F0                     506 	.db #0xf0	; 240
    000001C4 FF                     507 	.db #0xff	; 255
    000001C5 F0                     508 	.db #0xf0	; 240
    000001C6 FF                     509 	.db #0xff	; 255
    000001C7 E0                     510 	.db #0xe0	; 224
    000001C8 FF                     511 	.db #0xff	; 255
    000001C9 80                     512 	.db #0x80	; 128
    000001CA FF                     513 	.db #0xff	; 255
    000001CB 80                     514 	.db #0x80	; 128
    000001CC FF                     515 	.db #0xff	; 255
    000001CD 80                     516 	.db #0x80	; 128
    000001CE FF                     517 	.db #0xff	; 255
    000001CF 80                     518 	.db #0x80	; 128
    000001D0 FF                     519 	.db #0xff	; 255
    000001D1 80                     520 	.db #0x80	; 128
    000001D2 FF                     521 	.db #0xff	; 255
    000001D3 80                     522 	.db #0x80	; 128
    000001D4 FF                     523 	.db #0xff	; 255
    000001D5 80                     524 	.db #0x80	; 128
    000001D6 FF                     525 	.db #0xff	; 255
    000001D7 80                     526 	.db #0x80	; 128
    000001D8 FF                     527 	.db #0xff	; 255
    000001D9 00                     528 	.db #0x00	; 0
    000001DA FF                     529 	.db #0xff	; 255
    000001DB 00                     530 	.db #0x00	; 0
    000001DC FF                     531 	.db #0xff	; 255
    000001DD 00                     532 	.db #0x00	; 0
    000001DE FF                     533 	.db #0xff	; 255
    000001DF 00                     534 	.db #0x00	; 0
    000001E0 FF                     535 	.db #0xff	; 255
    000001E1 00                     536 	.db #0x00	; 0
    000001E2 FF                     537 	.db #0xff	; 255
    000001E3 00                     538 	.db #0x00	; 0
    000001E4 FF                     539 	.db #0xff	; 255
    000001E5 00                     540 	.db #0x00	; 0
    000001E6 FF                     541 	.db #0xff	; 255
    000001E7 00                     542 	.db #0x00	; 0
    000001E8 FF                     543 	.db #0xff	; 255
    000001E9 80                     544 	.db #0x80	; 128
    000001EA FF                     545 	.db #0xff	; 255
    000001EB 80                     546 	.db #0x80	; 128
    000001EC FF                     547 	.db #0xff	; 255
    000001ED 80                     548 	.db #0x80	; 128
    000001EE FF                     549 	.db #0xff	; 255
    000001EF 83                     550 	.db #0x83	; 131
    000001F0 FF                     551 	.db #0xff	; 255
    000001F1 87                     552 	.db #0x87	; 135
    000001F2 FF                     553 	.db #0xff	; 255
    000001F3 87                     554 	.db #0x87	; 135
    000001F4 FF                     555 	.db #0xff	; 255
    000001F5 87                     556 	.db #0x87	; 135
    000001F6 FF                     557 	.db #0xff	; 255
    000001F7 87                     558 	.db #0x87	; 135
    000001F8 FF                     559 	.db #0xff	; 255
    000001F9 00                     560 	.db #0x00	; 0
    000001FA FF                     561 	.db #0xff	; 255
    000001FB 00                     562 	.db #0x00	; 0
    000001FC FF                     563 	.db #0xff	; 255
    000001FD 00                     564 	.db #0x00	; 0
    000001FE FF                     565 	.db #0xff	; 255
    000001FF FF                     566 	.db #0xff	; 255
    00000200 FF                     567 	.db #0xff	; 255
    00000201 FF                     568 	.db #0xff	; 255
    00000202 FF                     569 	.db #0xff	; 255
    00000203 FF                     570 	.db #0xff	; 255
    00000204 01                     571 	.db #0x01	; 1
    00000205 FF                     572 	.db #0xff	; 255
    00000206 01                     573 	.db #0x01	; 1
    00000207 FF                     574 	.db #0xff	; 255
    00000208 FF                     575 	.db #0xff	; 255
    00000209 00                     576 	.db #0x00	; 0
    0000020A FF                     577 	.db #0xff	; 255
    0000020B 00                     578 	.db #0x00	; 0
    0000020C FF                     579 	.db #0xff	; 255
    0000020D 00                     580 	.db #0x00	; 0
    0000020E FF                     581 	.db #0xff	; 255
    0000020F 80                     582 	.db #0x80	; 128
    00000210 FF                     583 	.db #0xff	; 255
    00000211 C0                     584 	.db #0xc0	; 192
    00000212 FF                     585 	.db #0xff	; 255
    00000213 C0                     586 	.db #0xc0	; 192
    00000214 FF                     587 	.db #0xff	; 255
    00000215 C0                     588 	.db #0xc0	; 192
    00000216 FF                     589 	.db #0xff	; 255
    00000217 C0                     590 	.db #0xc0	; 192
    00000218 FF                     591 	.db #0xff	; 255
    00000219 00                     592 	.db #0x00	; 0
    0000021A FF                     593 	.db #0xff	; 255
    0000021B 00                     594 	.db #0x00	; 0
    0000021C FF                     595 	.db #0xff	; 255
    0000021D 00                     596 	.db #0x00	; 0
    0000021E FF                     597 	.db #0xff	; 255
    0000021F 00                     598 	.db #0x00	; 0
    00000220 FF                     599 	.db #0xff	; 255
    00000221 01                     600 	.db #0x01	; 1
    00000222 FF                     601 	.db #0xff	; 255
    00000223 01                     602 	.db #0x01	; 1
    00000224 FF                     603 	.db #0xff	; 255
    00000225 01                     604 	.db #0x01	; 1
    00000226 FF                     605 	.db #0xff	; 255
    00000227 01                     606 	.db #0x01	; 1
    00000228 FF                     607 	.db #0xff	; 255
    00000229 00                     608 	.db #0x00	; 0
    0000022A FF                     609 	.db #0xff	; 255
    0000022B 00                     610 	.db #0x00	; 0
    0000022C FF                     611 	.db #0xff	; 255
    0000022D 00                     612 	.db #0x00	; 0
    0000022E FF                     613 	.db #0xff	; 255
    0000022F FF                     614 	.db #0xff	; 255
    00000230 FF                     615 	.db #0xff	; 255
    00000231 FF                     616 	.db #0xff	; 255
    00000232 FF                     617 	.db #0xff	; 255
    00000233 FF                     618 	.db #0xff	; 255
    00000234 C0                     619 	.db #0xc0	; 192
    00000235 FF                     620 	.db #0xff	; 255
    00000236 C0                     621 	.db #0xc0	; 192
    00000237 FF                     622 	.db #0xff	; 255
    00000238 FF                     623 	.db #0xff	; 255
    00000239 00                     624 	.db #0x00	; 0
    0000023A FF                     625 	.db #0xff	; 255
    0000023B 00                     626 	.db #0x00	; 0
    0000023C FF                     627 	.db #0xff	; 255
    0000023D 00                     628 	.db #0x00	; 0
    0000023E FF                     629 	.db #0xff	; 255
    0000023F E0                     630 	.db #0xe0	; 224
    00000240 FF                     631 	.db #0xff	; 255
    00000241 F0                     632 	.db #0xf0	; 240
    00000242 FF                     633 	.db #0xff	; 255
    00000243 F0                     634 	.db #0xf0	; 240
    00000244 7F                     635 	.db #0x7f	; 127
    00000245 F0                     636 	.db #0xf0	; 240
    00000246 7F                     637 	.db #0x7f	; 127
    00000247 F0                     638 	.db #0xf0	; 240
    00000248 01                     639 	.db #0x01	; 1
    00000249 FF                     640 	.db #0xff	; 255
    0000024A 01                     641 	.db #0x01	; 1
    0000024B FF                     642 	.db #0xff	; 255
    0000024C 01                     643 	.db #0x01	; 1
    0000024D FF                     644 	.db #0xff	; 255
    0000024E 01                     645 	.db #0x01	; 1
    0000024F FF                     646 	.db #0xff	; 255
    00000250 01                     647 	.db #0x01	; 1
    00000251 FF                     648 	.db #0xff	; 255
    00000252 01                     649 	.db #0x01	; 1
    00000253 FF                     650 	.db #0xff	; 255
    00000254 01                     651 	.db #0x01	; 1
    00000255 FF                     652 	.db #0xff	; 255
    00000256 01                     653 	.db #0x01	; 1
    00000257 FF                     654 	.db #0xff	; 255
    00000258 FF                     655 	.db #0xff	; 255
    00000259 C0                     656 	.db #0xc0	; 192
    0000025A FF                     657 	.db #0xff	; 255
    0000025B C0                     658 	.db #0xc0	; 192
    0000025C FF                     659 	.db #0xff	; 255
    0000025D C0                     660 	.db #0xc0	; 192
    0000025E FF                     661 	.db #0xff	; 255
    0000025F C0                     662 	.db #0xc0	; 192
    00000260 FF                     663 	.db #0xff	; 255
    00000261 C0                     664 	.db #0xc0	; 192
    00000262 FF                     665 	.db #0xff	; 255
    00000263 C0                     666 	.db #0xc0	; 192
    00000264 FF                     667 	.db #0xff	; 255
    00000265 C0                     668 	.db #0xc0	; 192
    00000266 FF                     669 	.db #0xff	; 255
    00000267 C0                     670 	.db #0xc0	; 192
    00000268 FF                     671 	.db #0xff	; 255
    00000269 00                     672 	.db #0x00	; 0
    0000026A FF                     673 	.db #0xff	; 255
    0000026B 00                     674 	.db #0x00	; 0
    0000026C FF                     675 	.db #0xff	; 255
    0000026D 00                     676 	.db #0x00	; 0
    0000026E FF                     677 	.db #0xff	; 255
    0000026F FF                     678 	.db #0xff	; 255
    00000270 FF                     679 	.db #0xff	; 255
    00000271 FF                     680 	.db #0xff	; 255
    00000272 FF                     681 	.db #0xff	; 255
    00000273 FF                     682 	.db #0xff	; 255
    00000274 C0                     683 	.db #0xc0	; 192
    00000275 C0                     684 	.db #0xc0	; 192
    00000276 C0                     685 	.db #0xc0	; 192
    00000277 C0                     686 	.db #0xc0	; 192
    00000278 FF                     687 	.db #0xff	; 255
    00000279 00                     688 	.db #0x00	; 0
    0000027A FF                     689 	.db #0xff	; 255
    0000027B 00                     690 	.db #0x00	; 0
    0000027C FF                     691 	.db #0xff	; 255
    0000027D 00                     692 	.db #0x00	; 0
    0000027E FF                     693 	.db #0xff	; 255
    0000027F FF                     694 	.db #0xff	; 255
    00000280 FF                     695 	.db #0xff	; 255
    00000281 FF                     696 	.db #0xff	; 255
    00000282 FF                     697 	.db #0xff	; 255
    00000283 FF                     698 	.db #0xff	; 255
    00000284 00                     699 	.db #0x00	; 0
    00000285 00                     700 	.db #0x00	; 0
    00000286 00                     701 	.db #0x00	; 0
    00000287 00                     702 	.db #0x00	; 0
    00000288 FF                     703 	.db #0xff	; 255
    00000289 00                     704 	.db #0x00	; 0
    0000028A FF                     705 	.db #0xff	; 255
    0000028B 00                     706 	.db #0x00	; 0
    0000028C FF                     707 	.db #0xff	; 255
    0000028D 00                     708 	.db #0x00	; 0
    0000028E FF                     709 	.db #0xff	; 255
    0000028F FF                     710 	.db #0xff	; 255
    00000290 FF                     711 	.db #0xff	; 255
    00000291 FF                     712 	.db #0xff	; 255
    00000292 FF                     713 	.db #0xff	; 255
    00000293 FF                     714 	.db #0xff	; 255
    00000294 01                     715 	.db #0x01	; 1
    00000295 01                     716 	.db #0x01	; 1
    00000296 01                     717 	.db #0x01	; 1
    00000297 01                     718 	.db #0x01	; 1
    00000298 FF                     719 	.db #0xff	; 255
    00000299 01                     720 	.db #0x01	; 1
    0000029A FF                     721 	.db #0xff	; 255
    0000029B 01                     722 	.db #0x01	; 1
    0000029C FF                     723 	.db #0xff	; 255
    0000029D 01                     724 	.db #0x01	; 1
    0000029E FF                     725 	.db #0xff	; 255
    0000029F 01                     726 	.db #0x01	; 1
    000002A0 FF                     727 	.db #0xff	; 255
    000002A1 01                     728 	.db #0x01	; 1
    000002A2 FF                     729 	.db #0xff	; 255
    000002A3 01                     730 	.db #0x01	; 1
    000002A4 FF                     731 	.db #0xff	; 255
    000002A5 01                     732 	.db #0x01	; 1
    000002A6 FF                     733 	.db #0xff	; 255
    000002A7 01                     734 	.db #0x01	; 1
    000002A8 C0                     735 	.db #0xc0	; 192
    000002A9 FF                     736 	.db #0xff	; 255
    000002AA C0                     737 	.db #0xc0	; 192
    000002AB FF                     738 	.db #0xff	; 255
    000002AC C0                     739 	.db #0xc0	; 192
    000002AD FF                     740 	.db #0xff	; 255
    000002AE C0                     741 	.db #0xc0	; 192
    000002AF FF                     742 	.db #0xff	; 255
    000002B0 C0                     743 	.db #0xc0	; 192
    000002B1 FF                     744 	.db #0xff	; 255
    000002B2 C0                     745 	.db #0xc0	; 192
    000002B3 FF                     746 	.db #0xff	; 255
    000002B4 C0                     747 	.db #0xc0	; 192
    000002B5 FF                     748 	.db #0xff	; 255
    000002B6 C0                     749 	.db #0xc0	; 192
    000002B7 FF                     750 	.db #0xff	; 255
    000002B8 C0                     751 	.db #0xc0	; 192
    000002B9 C0                     752 	.db #0xc0	; 192
    000002BA C0                     753 	.db #0xc0	; 192
    000002BB C0                     754 	.db #0xc0	; 192
    000002BC C0                     755 	.db #0xc0	; 192
    000002BD C0                     756 	.db #0xc0	; 192
    000002BE C0                     757 	.db #0xc0	; 192
    000002BF C0                     758 	.db #0xc0	; 192
    000002C0 C0                     759 	.db #0xc0	; 192
    000002C1 C0                     760 	.db #0xc0	; 192
    000002C2 C0                     761 	.db #0xc0	; 192
    000002C3 C0                     762 	.db #0xc0	; 192
    000002C4 C0                     763 	.db #0xc0	; 192
    000002C5 C0                     764 	.db #0xc0	; 192
    000002C6 C0                     765 	.db #0xc0	; 192
    000002C7 C0                     766 	.db #0xc0	; 192
    000002C8 01                     767 	.db #0x01	; 1
    000002C9 01                     768 	.db #0x01	; 1
    000002CA 01                     769 	.db #0x01	; 1
    000002CB 01                     770 	.db #0x01	; 1
    000002CC 01                     771 	.db #0x01	; 1
    000002CD 01                     772 	.db #0x01	; 1
    000002CE 01                     773 	.db #0x01	; 1
    000002CF 01                     774 	.db #0x01	; 1
    000002D0 01                     775 	.db #0x01	; 1
    000002D1 01                     776 	.db #0x01	; 1
    000002D2 01                     777 	.db #0x01	; 1
    000002D3 01                     778 	.db #0x01	; 1
    000002D4 01                     779 	.db #0x01	; 1
    000002D5 01                     780 	.db #0x01	; 1
    000002D6 01                     781 	.db #0x01	; 1
    000002D7 01                     782 	.db #0x01	; 1
    000002D8 FF                     783 	.db #0xff	; 255
    000002D9 01                     784 	.db #0x01	; 1
    000002DA FF                     785 	.db #0xff	; 255
    000002DB 01                     786 	.db #0x01	; 1
    000002DC FF                     787 	.db #0xff	; 255
    000002DD 01                     788 	.db #0x01	; 1
    000002DE FF                     789 	.db #0xff	; 255
    000002DF 01                     790 	.db #0x01	; 1
    000002E0 FF                     791 	.db #0xff	; 255
    000002E1 01                     792 	.db #0x01	; 1
    000002E2 FF                     793 	.db #0xff	; 255
    000002E3 00                     794 	.db #0x00	; 0
    000002E4 FF                     795 	.db #0xff	; 255
    000002E5 00                     796 	.db #0x00	; 0
    000002E6 FF                     797 	.db #0xff	; 255
    000002E7 00                     798 	.db #0x00	; 0
    000002E8 C0                     799 	.db #0xc0	; 192
    000002E9 C0                     800 	.db #0xc0	; 192
    000002EA C0                     801 	.db #0xc0	; 192
    000002EB C0                     802 	.db #0xc0	; 192
    000002EC C0                     803 	.db #0xc0	; 192
    000002ED C0                     804 	.db #0xc0	; 192
    000002EE FF                     805 	.db #0xff	; 255
    000002EF FF                     806 	.db #0xff	; 255
    000002F0 00                     807 	.db #0x00	; 0
    000002F1 FF                     808 	.db #0xff	; 255
    000002F2 00                     809 	.db #0x00	; 0
    000002F3 FF                     810 	.db #0xff	; 255
    000002F4 00                     811 	.db #0x00	; 0
    000002F5 FF                     812 	.db #0xff	; 255
    000002F6 00                     813 	.db #0x00	; 0
    000002F7 FF                     814 	.db #0xff	; 255
    000002F8 00                     815 	.db #0x00	; 0
    000002F9 00                     816 	.db #0x00	; 0
    000002FA 00                     817 	.db #0x00	; 0
    000002FB 00                     818 	.db #0x00	; 0
    000002FC 00                     819 	.db #0x00	; 0
    000002FD 00                     820 	.db #0x00	; 0
    000002FE FF                     821 	.db #0xff	; 255
    000002FF FF                     822 	.db #0xff	; 255
    00000300 00                     823 	.db #0x00	; 0
    00000301 FF                     824 	.db #0xff	; 255
    00000302 00                     825 	.db #0x00	; 0
    00000303 FF                     826 	.db #0xff	; 255
    00000304 00                     827 	.db #0x00	; 0
    00000305 FF                     828 	.db #0xff	; 255
    00000306 00                     829 	.db #0x00	; 0
    00000307 FF                     830 	.db #0xff	; 255
    00000308 01                     831 	.db #0x01	; 1
    00000309 01                     832 	.db #0x01	; 1
    0000030A 01                     833 	.db #0x01	; 1
    0000030B 01                     834 	.db #0x01	; 1
    0000030C 01                     835 	.db #0x01	; 1
    0000030D 01                     836 	.db #0x01	; 1
    0000030E FF                     837 	.db #0xff	; 255
    0000030F FF                     838 	.db #0xff	; 255
    00000310 00                     839 	.db #0x00	; 0
    00000311 FF                     840 	.db #0xff	; 255
    00000312 00                     841 	.db #0x00	; 0
    00000313 FF                     842 	.db #0xff	; 255
    00000314 00                     843 	.db #0x00	; 0
    00000315 FF                     844 	.db #0xff	; 255
    00000316 00                     845 	.db #0x00	; 0
    00000317 FF                     846 	.db #0xff	; 255
    00000318 FF                     847 	.db #0xff	; 255
    00000319 C0                     848 	.db #0xc0	; 192
    0000031A FF                     849 	.db #0xff	; 255
    0000031B C0                     850 	.db #0xc0	; 192
    0000031C FF                     851 	.db #0xff	; 255
    0000031D C0                     852 	.db #0xc0	; 192
    0000031E FF                     853 	.db #0xff	; 255
    0000031F C0                     854 	.db #0xc0	; 192
    00000320 7F                     855 	.db #0x7f	; 127
    00000321 C0                     856 	.db #0xc0	; 192
    00000322 7F                     857 	.db #0x7f	; 127
    00000323 80                     858 	.db #0x80	; 128
    00000324 7F                     859 	.db #0x7f	; 127
    00000325 80                     860 	.db #0x80	; 128
    00000326 7F                     861 	.db #0x7f	; 127
    00000327 80                     862 	.db #0x80	; 128
    00000328 FF                     863 	.db #0xff	; 255
    00000329 87                     864 	.db #0x87	; 135
    0000032A FF                     865 	.db #0xff	; 255
    0000032B 87                     866 	.db #0x87	; 135
    0000032C FF                     867 	.db #0xff	; 255
    0000032D 87                     868 	.db #0x87	; 135
    0000032E FF                     869 	.db #0xff	; 255
    0000032F 83                     870 	.db #0x83	; 131
    00000330 FF                     871 	.db #0xff	; 255
    00000331 80                     872 	.db #0x80	; 128
    00000332 FF                     873 	.db #0xff	; 255
    00000333 80                     874 	.db #0x80	; 128
    00000334 FF                     875 	.db #0xff	; 255
    00000335 80                     876 	.db #0x80	; 128
    00000336 FF                     877 	.db #0xff	; 255
    00000337 80                     878 	.db #0x80	; 128
    00000338 01                     879 	.db #0x01	; 1
    00000339 FF                     880 	.db #0xff	; 255
    0000033A FF                     881 	.db #0xff	; 255
    0000033B FF                     882 	.db #0xff	; 255
    0000033C FF                     883 	.db #0xff	; 255
    0000033D FF                     884 	.db #0xff	; 255
    0000033E FF                     885 	.db #0xff	; 255
    0000033F FF                     886 	.db #0xff	; 255
    00000340 FF                     887 	.db #0xff	; 255
    00000341 00                     888 	.db #0x00	; 0
    00000342 FF                     889 	.db #0xff	; 255
    00000343 00                     890 	.db #0x00	; 0
    00000344 FF                     891 	.db #0xff	; 255
    00000345 00                     892 	.db #0x00	; 0
    00000346 FF                     893 	.db #0xff	; 255
    00000347 00                     894 	.db #0x00	; 0
    00000348 FF                     895 	.db #0xff	; 255
    00000349 C0                     896 	.db #0xc0	; 192
    0000034A FF                     897 	.db #0xff	; 255
    0000034B C0                     898 	.db #0xc0	; 192
    0000034C FF                     899 	.db #0xff	; 255
    0000034D C0                     900 	.db #0xc0	; 192
    0000034E FF                     901 	.db #0xff	; 255
    0000034F 80                     902 	.db #0x80	; 128
    00000350 FF                     903 	.db #0xff	; 255
    00000351 00                     904 	.db #0x00	; 0
    00000352 FF                     905 	.db #0xff	; 255
    00000353 00                     906 	.db #0x00	; 0
    00000354 FF                     907 	.db #0xff	; 255
    00000355 00                     908 	.db #0x00	; 0
    00000356 FF                     909 	.db #0xff	; 255
    00000357 00                     910 	.db #0x00	; 0
    00000358 00                     911 	.db #0x00	; 0
    00000359 FF                     912 	.db #0xff	; 255
    0000035A FF                     913 	.db #0xff	; 255
    0000035B 00                     914 	.db #0x00	; 0
    0000035C FF                     915 	.db #0xff	; 255
    0000035D 00                     916 	.db #0x00	; 0
    0000035E FF                     917 	.db #0xff	; 255
    0000035F 00                     918 	.db #0x00	; 0
    00000360 FF                     919 	.db #0xff	; 255
    00000361 00                     920 	.db #0x00	; 0
    00000362 FF                     921 	.db #0xff	; 255
    00000363 00                     922 	.db #0x00	; 0
    00000364 FF                     923 	.db #0xff	; 255
    00000365 00                     924 	.db #0x00	; 0
    00000366 FF                     925 	.db #0xff	; 255
    00000367 00                     926 	.db #0x00	; 0
    00000368 7F                     927 	.db #0x7f	; 127
    00000369 80                     928 	.db #0x80	; 128
    0000036A FF                     929 	.db #0xff	; 255
    0000036B 00                     930 	.db #0x00	; 0
    0000036C FF                     931 	.db #0xff	; 255
    0000036D 00                     932 	.db #0x00	; 0
    0000036E FF                     933 	.db #0xff	; 255
    0000036F 00                     934 	.db #0x00	; 0
    00000370 FF                     935 	.db #0xff	; 255
    00000371 00                     936 	.db #0x00	; 0
    00000372 FF                     937 	.db #0xff	; 255
    00000373 00                     938 	.db #0x00	; 0
    00000374 FF                     939 	.db #0xff	; 255
    00000375 00                     940 	.db #0x00	; 0
    00000376 FF                     941 	.db #0xff	; 255
    00000377 00                     942 	.db #0x00	; 0
    00000378 FF                     943 	.db #0xff	; 255
    00000379 01                     944 	.db #0x01	; 1
    0000037A FF                     945 	.db #0xff	; 255
    0000037B 01                     946 	.db #0x01	; 1
    0000037C FF                     947 	.db #0xff	; 255
    0000037D 01                     948 	.db #0x01	; 1
    0000037E FF                     949 	.db #0xff	; 255
    0000037F 00                     950 	.db #0x00	; 0
    00000380 FF                     951 	.db #0xff	; 255
    00000381 00                     952 	.db #0x00	; 0
    00000382 FF                     953 	.db #0xff	; 255
    00000383 00                     954 	.db #0x00	; 0
    00000384 FF                     955 	.db #0xff	; 255
    00000385 00                     956 	.db #0x00	; 0
    00000386 FF                     957 	.db #0xff	; 255
    00000387 00                     958 	.db #0x00	; 0
    00000388 C0                     959 	.db #0xc0	; 192
    00000389 FF                     960 	.db #0xff	; 255
    0000038A FF                     961 	.db #0xff	; 255
    0000038B FF                     962 	.db #0xff	; 255
    0000038C FF                     963 	.db #0xff	; 255
    0000038D FF                     964 	.db #0xff	; 255
    0000038E FF                     965 	.db #0xff	; 255
    0000038F FF                     966 	.db #0xff	; 255
    00000390 FF                     967 	.db #0xff	; 255
    00000391 00                     968 	.db #0x00	; 0
    00000392 FF                     969 	.db #0xff	; 255
    00000393 00                     970 	.db #0x00	; 0
    00000394 FF                     971 	.db #0xff	; 255
    00000395 00                     972 	.db #0x00	; 0
    00000396 FF                     973 	.db #0xff	; 255
    00000397 00                     974 	.db #0x00	; 0
    00000398 7F                     975 	.db #0x7f	; 127
    00000399 F0                     976 	.db #0xf0	; 240
    0000039A FF                     977 	.db #0xff	; 255
    0000039B F0                     978 	.db #0xf0	; 240
    0000039C FF                     979 	.db #0xff	; 255
    0000039D F0                     980 	.db #0xf0	; 240
    0000039E FF                     981 	.db #0xff	; 255
    0000039F E0                     982 	.db #0xe0	; 224
    000003A0 FF                     983 	.db #0xff	; 255
    000003A1 00                     984 	.db #0x00	; 0
    000003A2 FF                     985 	.db #0xff	; 255
    000003A3 00                     986 	.db #0x00	; 0
    000003A4 FF                     987 	.db #0xff	; 255
    000003A5 00                     988 	.db #0x00	; 0
    000003A6 FF                     989 	.db #0xff	; 255
    000003A7 00                     990 	.db #0x00	; 0
    000003A8 FF                     991 	.db #0xff	; 255
    000003A9 01                     992 	.db #0x01	; 1
    000003AA FF                     993 	.db #0xff	; 255
    000003AB 03                     994 	.db #0x03	; 3
    000003AC FF                     995 	.db #0xff	; 255
    000003AD 03                     996 	.db #0x03	; 3
    000003AE FF                     997 	.db #0xff	; 255
    000003AF 03                     998 	.db #0x03	; 3
    000003B0 FF                     999 	.db #0xff	; 255
    000003B1 03                    1000 	.db #0x03	; 3
    000003B2 FF                    1001 	.db #0xff	; 255
    000003B3 03                    1002 	.db #0x03	; 3
    000003B4 FF                    1003 	.db #0xff	; 255
    000003B5 03                    1004 	.db #0x03	; 3
    000003B6 FF                    1005 	.db #0xff	; 255
    000003B7 03                    1006 	.db #0x03	; 3
    000003B8 FF                    1007 	.db #0xff	; 255
    000003B9 FF                    1008 	.db #0xff	; 255
    000003BA FF                    1009 	.db #0xff	; 255
    000003BB FF                    1010 	.db #0xff	; 255
    000003BC FF                    1011 	.db #0xff	; 255
    000003BD FF                    1012 	.db #0xff	; 255
    000003BE 80                    1013 	.db #0x80	; 128
    000003BF 80                    1014 	.db #0x80	; 128
    000003C0 80                    1015 	.db #0x80	; 128
    000003C1 80                    1016 	.db #0x80	; 128
    000003C2 80                    1017 	.db #0x80	; 128
    000003C3 80                    1018 	.db #0x80	; 128
    000003C4 80                    1019 	.db #0x80	; 128
    000003C5 80                    1020 	.db #0x80	; 128
    000003C6 80                    1021 	.db #0x80	; 128
    000003C7 80                    1022 	.db #0x80	; 128
    000003C8 FF                    1023 	.db #0xff	; 255
    000003C9 F0                    1024 	.db #0xf0	; 240
    000003CA FF                    1025 	.db #0xff	; 255
    000003CB F8                    1026 	.db #0xf8	; 248
    000003CC FF                    1027 	.db #0xff	; 255
    000003CD F8                    1028 	.db #0xf8	; 248
    000003CE 3F                    1029 	.db #0x3f	; 63
    000003CF 38                    1030 	.db #0x38	; 56	'8'
    000003D0 3F                    1031 	.db #0x3f	; 63
    000003D1 38                    1032 	.db #0x38	; 56	'8'
    000003D2 3F                    1033 	.db #0x3f	; 63
    000003D3 38                    1034 	.db #0x38	; 56	'8'
    000003D4 3F                    1035 	.db #0x3f	; 63
    000003D5 38                    1036 	.db #0x38	; 56	'8'
    000003D6 3F                    1037 	.db #0x3f	; 63
    000003D7 38                    1038 	.db #0x38	; 56	'8'
    000003D8 FF                    1039 	.db #0xff	; 255
    000003D9 00                    1040 	.db #0x00	; 0
    000003DA FF                    1041 	.db #0xff	; 255
    000003DB 00                    1042 	.db #0x00	; 0
    000003DC FF                    1043 	.db #0xff	; 255
    000003DD 00                    1044 	.db #0x00	; 0
    000003DE FF                    1045 	.db #0xff	; 255
    000003DF 00                    1046 	.db #0x00	; 0
    000003E0 FF                    1047 	.db #0xff	; 255
    000003E1 00                    1048 	.db #0x00	; 0
    000003E2 FF                    1049 	.db #0xff	; 255
    000003E3 00                    1050 	.db #0x00	; 0
    000003E4 FF                    1051 	.db #0xff	; 255
    000003E5 01                    1052 	.db #0x01	; 1
    000003E6 FF                    1053 	.db #0xff	; 255
    000003E7 01                    1054 	.db #0x01	; 1
    000003E8 FF                    1055 	.db #0xff	; 255
    000003E9 03                    1056 	.db #0x03	; 3
    000003EA FF                    1057 	.db #0xff	; 255
    000003EB 03                    1058 	.db #0x03	; 3
    000003EC FF                    1059 	.db #0xff	; 255
    000003ED 03                    1060 	.db #0x03	; 3
    000003EE FF                    1061 	.db #0xff	; 255
    000003EF 03                    1062 	.db #0x03	; 3
    000003F0 FF                    1063 	.db #0xff	; 255
    000003F1 03                    1064 	.db #0x03	; 3
    000003F2 FF                    1065 	.db #0xff	; 255
    000003F3 FF                    1066 	.db #0xff	; 255
    000003F4 FF                    1067 	.db #0xff	; 255
    000003F5 FF                    1068 	.db #0xff	; 255
    000003F6 FF                    1069 	.db #0xff	; 255
    000003F7 FF                    1070 	.db #0xff	; 255
    000003F8 80                    1071 	.db #0x80	; 128
    000003F9 80                    1072 	.db #0x80	; 128
    000003FA 80                    1073 	.db #0x80	; 128
    000003FB 80                    1074 	.db #0x80	; 128
    000003FC 80                    1075 	.db #0x80	; 128
    000003FD 80                    1076 	.db #0x80	; 128
    000003FE 80                    1077 	.db #0x80	; 128
    000003FF 80                    1078 	.db #0x80	; 128
    00000400 FF                    1079 	.db #0xff	; 255
    00000401 FF                    1080 	.db #0xff	; 255
    00000402 FF                    1081 	.db #0xff	; 255
    00000403 FF                    1082 	.db #0xff	; 255
    00000404 FF                    1083 	.db #0xff	; 255
    00000405 FF                    1084 	.db #0xff	; 255
    00000406 FF                    1085 	.db #0xff	; 255
    00000407 FF                    1086 	.db #0xff	; 255
    00000408 3F                    1087 	.db #0x3f	; 63
    00000409 38                    1088 	.db #0x38	; 56	'8'
    0000040A 3F                    1089 	.db #0x3f	; 63
    0000040B 38                    1090 	.db #0x38	; 56	'8'
    0000040C 3F                    1091 	.db #0x3f	; 63
    0000040D 38                    1092 	.db #0x38	; 56	'8'
    0000040E 3F                    1093 	.db #0x3f	; 63
    0000040F 38                    1094 	.db #0x38	; 56	'8'
    00000410 FF                    1095 	.db #0xff	; 255
    00000411 F8                    1096 	.db #0xf8	; 248
    00000412 FF                    1097 	.db #0xff	; 255
    00000413 FF                    1098 	.db #0xff	; 255
    00000414 FF                    1099 	.db #0xff	; 255
    00000415 FF                    1100 	.db #0xff	; 255
    00000416 FF                    1101 	.db #0xff	; 255
    00000417 FF                    1102 	.db #0xff	; 255
    00000418 FF                    1103 	.db #0xff	; 255
    00000419 00                    1104 	.db #0x00	; 0
    0000041A FF                    1105 	.db #0xff	; 255
    0000041B 00                    1106 	.db #0x00	; 0
    0000041C FF                    1107 	.db #0xff	; 255
    0000041D 00                    1108 	.db #0x00	; 0
    0000041E FF                    1109 	.db #0xff	; 255
    0000041F 00                    1110 	.db #0x00	; 0
    00000420 FF                    1111 	.db #0xff	; 255
    00000421 00                    1112 	.db #0x00	; 0
    00000422 FF                    1113 	.db #0xff	; 255
    00000423 E0                    1114 	.db #0xe0	; 224
    00000424 FF                    1115 	.db #0xff	; 255
    00000425 F0                    1116 	.db #0xf0	; 240
    00000426 FF                    1117 	.db #0xff	; 255
    00000427 F0                    1118 	.db #0xf0	; 240
    00000428 1F                    1119 	.db #0x1f	; 31
    00000429 1F                    1120 	.db #0x1f	; 31
    0000042A 1F                    1121 	.db #0x1f	; 31
    0000042B 1F                    1122 	.db #0x1f	; 31
    0000042C 1F                    1123 	.db #0x1f	; 31
    0000042D 1F                    1124 	.db #0x1f	; 31
    0000042E 1F                    1125 	.db #0x1f	; 31
    0000042F 1F                    1126 	.db #0x1f	; 31
    00000430 1F                    1127 	.db #0x1f	; 31
    00000431 1F                    1128 	.db #0x1f	; 31
    00000432 1F                    1129 	.db #0x1f	; 31
    00000433 1F                    1130 	.db #0x1f	; 31
    00000434 1F                    1131 	.db #0x1f	; 31
    00000435 1F                    1132 	.db #0x1f	; 31
    00000436 1F                    1133 	.db #0x1f	; 31
    00000437 1F                    1134 	.db #0x1f	; 31
    00000438 7F                    1135 	.db #0x7f	; 127
    00000439 70                    1136 	.db #0x70	; 112	'p'
    0000043A 7F                    1137 	.db #0x7f	; 127
    0000043B 70                    1138 	.db #0x70	; 112	'p'
    0000043C 7F                    1139 	.db #0x7f	; 127
    0000043D 70                    1140 	.db #0x70	; 112	'p'
    0000043E 7F                    1141 	.db #0x7f	; 127
    0000043F 70                    1142 	.db #0x70	; 112	'p'
    00000440 7F                    1143 	.db #0x7f	; 127
    00000441 70                    1144 	.db #0x70	; 112	'p'
    00000442 7F                    1145 	.db #0x7f	; 127
    00000443 70                    1146 	.db #0x70	; 112	'p'
    00000444 7F                    1147 	.db #0x7f	; 127
    00000445 70                    1148 	.db #0x70	; 112	'p'
    00000446 7F                    1149 	.db #0x7f	; 127
    00000447 70                    1150 	.db #0x70	; 112	'p'
    00000448 FF                    1151 	.db #0xff	; 255
    00000449 00                    1152 	.db #0x00	; 0
    0000044A FF                    1153 	.db #0xff	; 255
    0000044B 01                    1154 	.db #0x01	; 1
    0000044C FF                    1155 	.db #0xff	; 255
    0000044D 01                    1156 	.db #0x01	; 1
    0000044E FF                    1157 	.db #0xff	; 255
    0000044F 01                    1158 	.db #0x01	; 1
    00000450 FF                    1159 	.db #0xff	; 255
    00000451 01                    1160 	.db #0x01	; 1
    00000452 FF                    1161 	.db #0xff	; 255
    00000453 01                    1162 	.db #0x01	; 1
    00000454 FF                    1163 	.db #0xff	; 255
    00000455 01                    1164 	.db #0x01	; 1
    00000456 FF                    1165 	.db #0xff	; 255
    00000457 01                    1166 	.db #0x01	; 1
    00000458 FF                    1167 	.db #0xff	; 255
    00000459 FF                    1168 	.db #0xff	; 255
    0000045A FF                    1169 	.db #0xff	; 255
    0000045B FF                    1170 	.db #0xff	; 255
    0000045C FF                    1171 	.db #0xff	; 255
    0000045D FF                    1172 	.db #0xff	; 255
    0000045E C0                    1173 	.db #0xc0	; 192
    0000045F FF                    1174 	.db #0xff	; 255
    00000460 C0                    1175 	.db #0xc0	; 192
    00000461 FF                    1176 	.db #0xff	; 255
    00000462 C0                    1177 	.db #0xc0	; 192
    00000463 FF                    1178 	.db #0xff	; 255
    00000464 C0                    1179 	.db #0xc0	; 192
    00000465 FF                    1180 	.db #0xff	; 255
    00000466 C0                    1181 	.db #0xc0	; 192
    00000467 FF                    1182 	.db #0xff	; 255
    00000468 FF                    1183 	.db #0xff	; 255
    00000469 FF                    1184 	.db #0xff	; 255
    0000046A FF                    1185 	.db #0xff	; 255
    0000046B FF                    1186 	.db #0xff	; 255
    0000046C FF                    1187 	.db #0xff	; 255
    0000046D FF                    1188 	.db #0xff	; 255
    0000046E 01                    1189 	.db #0x01	; 1
    0000046F FF                    1190 	.db #0xff	; 255
    00000470 01                    1191 	.db #0x01	; 1
    00000471 FF                    1192 	.db #0xff	; 255
    00000472 01                    1193 	.db #0x01	; 1
    00000473 FF                    1194 	.db #0xff	; 255
    00000474 01                    1195 	.db #0x01	; 1
    00000475 FF                    1196 	.db #0xff	; 255
    00000476 01                    1197 	.db #0x01	; 1
    00000477 FF                    1198 	.db #0xff	; 255
    00000478 FF                    1199 	.db #0xff	; 255
    00000479 80                    1200 	.db #0x80	; 128
    0000047A FF                    1201 	.db #0xff	; 255
    0000047B C0                    1202 	.db #0xc0	; 192
    0000047C FF                    1203 	.db #0xff	; 255
    0000047D C0                    1204 	.db #0xc0	; 192
    0000047E FF                    1205 	.db #0xff	; 255
    0000047F C0                    1206 	.db #0xc0	; 192
    00000480 FF                    1207 	.db #0xff	; 255
    00000481 C0                    1208 	.db #0xc0	; 192
    00000482 FF                    1209 	.db #0xff	; 255
    00000483 C0                    1210 	.db #0xc0	; 192
    00000484 FF                    1211 	.db #0xff	; 255
    00000485 C0                    1212 	.db #0xc0	; 192
    00000486 FF                    1213 	.db #0xff	; 255
    00000487 C0                    1214 	.db #0xc0	; 192
    00000488 C0                    1215 	.db #0xc0	; 192
    00000489 C0                    1216 	.db #0xc0	; 192
    0000048A FF                    1217 	.db #0xff	; 255
    0000048B FF                    1218 	.db #0xff	; 255
    0000048C FF                    1219 	.db #0xff	; 255
    0000048D FF                    1220 	.db #0xff	; 255
    0000048E FF                    1221 	.db #0xff	; 255
    0000048F FF                    1222 	.db #0xff	; 255
    00000490 FF                    1223 	.db #0xff	; 255
    00000491 00                    1224 	.db #0x00	; 0
    00000492 FF                    1225 	.db #0xff	; 255
    00000493 00                    1226 	.db #0x00	; 0
    00000494 FF                    1227 	.db #0xff	; 255
    00000495 00                    1228 	.db #0x00	; 0
    00000496 FF                    1229 	.db #0xff	; 255
    00000497 00                    1230 	.db #0x00	; 0
    00000498 1F                    1231 	.db #0x1f	; 31
    00000499 1F                    1232 	.db #0x1f	; 31
    0000049A FF                    1233 	.db #0xff	; 255
    0000049B FF                    1234 	.db #0xff	; 255
    0000049C FF                    1235 	.db #0xff	; 255
    0000049D FF                    1236 	.db #0xff	; 255
    0000049E FF                    1237 	.db #0xff	; 255
    0000049F FB                    1238 	.db #0xfb	; 251
    000004A0 FF                    1239 	.db #0xff	; 255
    000004A1 00                    1240 	.db #0x00	; 0
    000004A2 FF                    1241 	.db #0xff	; 255
    000004A3 00                    1242 	.db #0x00	; 0
    000004A4 FF                    1243 	.db #0xff	; 255
    000004A5 00                    1244 	.db #0x00	; 0
    000004A6 FF                    1245 	.db #0xff	; 255
    000004A7 00                    1246 	.db #0x00	; 0
    000004A8 00                    1247 	.db #0x00	; 0
    000004A9 00                    1248 	.db #0x00	; 0
    000004AA FF                    1249 	.db #0xff	; 255
    000004AB FF                    1250 	.db #0xff	; 255
    000004AC FF                    1251 	.db #0xff	; 255
    000004AD FF                    1252 	.db #0xff	; 255
    000004AE FF                    1253 	.db #0xff	; 255
    000004AF FF                    1254 	.db #0xff	; 255
    000004B0 FF                    1255 	.db #0xff	; 255
    000004B1 00                    1256 	.db #0x00	; 0
    000004B2 FF                    1257 	.db #0xff	; 255
    000004B3 00                    1258 	.db #0x00	; 0
    000004B4 FF                    1259 	.db #0xff	; 255
    000004B5 00                    1260 	.db #0x00	; 0
    000004B6 FF                    1261 	.db #0xff	; 255
    000004B7 00                    1262 	.db #0x00	; 0
    000004B8 7F                    1263 	.db #0x7f	; 127
    000004B9 70                    1264 	.db #0x70	; 112	'p'
    000004BA FF                    1265 	.db #0xff	; 255
    000004BB F0                    1266 	.db #0xf0	; 240
    000004BC FF                    1267 	.db #0xff	; 255
    000004BD F0                    1268 	.db #0xf0	; 240
    000004BE FF                    1269 	.db #0xff	; 255
    000004BF E0                    1270 	.db #0xe0	; 224
    000004C0 FF                    1271 	.db #0xff	; 255
    000004C1 00                    1272 	.db #0x00	; 0
    000004C2 FF                    1273 	.db #0xff	; 255
    000004C3 00                    1274 	.db #0x00	; 0
    000004C4 FF                    1275 	.db #0xff	; 255
    000004C5 00                    1276 	.db #0x00	; 0
    000004C6 FF                    1277 	.db #0xff	; 255
    000004C7 00                    1278 	.db #0x00	; 0
    000004C8 FF                    1279 	.db #0xff	; 255
    000004C9 0F                    1280 	.db #0x0f	; 15
    000004CA FF                    1281 	.db #0xff	; 255
    000004CB 0F                    1282 	.db #0x0f	; 15
    000004CC FF                    1283 	.db #0xff	; 255
    000004CD 0F                    1284 	.db #0x0f	; 15
    000004CE FF                    1285 	.db #0xff	; 255
    000004CF 03                    1286 	.db #0x03	; 3
    000004D0 FF                    1287 	.db #0xff	; 255
    000004D1 03                    1288 	.db #0x03	; 3
    000004D2 FF                    1289 	.db #0xff	; 255
    000004D3 00                    1290 	.db #0x00	; 0
    000004D4 FF                    1291 	.db #0xff	; 255
    000004D5 00                    1292 	.db #0x00	; 0
    000004D6 FF                    1293 	.db #0xff	; 255
    000004D7 00                    1294 	.db #0x00	; 0
    000004D8 FF                    1295 	.db #0xff	; 255
    000004D9 FF                    1296 	.db #0xff	; 255
    000004DA FF                    1297 	.db #0xff	; 255
    000004DB FF                    1298 	.db #0xff	; 255
    000004DC FF                    1299 	.db #0xff	; 255
    000004DD FF                    1300 	.db #0xff	; 255
    000004DE FF                    1301 	.db #0xff	; 255
    000004DF FF                    1302 	.db #0xff	; 255
    000004E0 FF                    1303 	.db #0xff	; 255
    000004E1 FF                    1304 	.db #0xff	; 255
    000004E2 FF                    1305 	.db #0xff	; 255
    000004E3 00                    1306 	.db #0x00	; 0
    000004E4 FF                    1307 	.db #0xff	; 255
    000004E5 00                    1308 	.db #0x00	; 0
    000004E6 FF                    1309 	.db #0xff	; 255
    000004E7 00                    1310 	.db #0x00	; 0
    000004E8 FF                    1311 	.db #0xff	; 255
    000004E9 FD                    1312 	.db #0xfd	; 253
    000004EA FF                    1313 	.db #0xff	; 255
    000004EB FD                    1314 	.db #0xfd	; 253
    000004EC FF                    1315 	.db #0xff	; 255
    000004ED FD                    1316 	.db #0xfd	; 253
    000004EE FF                    1317 	.db #0xff	; 255
    000004EF FD                    1318 	.db #0xfd	; 253
    000004F0 FF                    1319 	.db #0xff	; 255
    000004F1 FC                    1320 	.db #0xfc	; 252
    000004F2 FF                    1321 	.db #0xff	; 255
    000004F3 00                    1322 	.db #0x00	; 0
    000004F4 FF                    1323 	.db #0xff	; 255
    000004F5 00                    1324 	.db #0x00	; 0
    000004F6 FF                    1325 	.db #0xff	; 255
    000004F7 00                    1326 	.db #0x00	; 0
    000004F8 C0                    1327 	.db #0xc0	; 192
    000004F9 FF                    1328 	.db #0xff	; 255
    000004FA C0                    1329 	.db #0xc0	; 192
    000004FB FF                    1330 	.db #0xff	; 255
    000004FC FF                    1331 	.db #0xff	; 255
    000004FD FF                    1332 	.db #0xff	; 255
    000004FE FF                    1333 	.db #0xff	; 255
    000004FF FF                    1334 	.db #0xff	; 255
    00000500 FF                    1335 	.db #0xff	; 255
    00000501 FF                    1336 	.db #0xff	; 255
    00000502 FF                    1337 	.db #0xff	; 255
    00000503 00                    1338 	.db #0x00	; 0
    00000504 FF                    1339 	.db #0xff	; 255
    00000505 00                    1340 	.db #0x00	; 0
    00000506 FF                    1341 	.db #0xff	; 255
    00000507 00                    1342 	.db #0x00	; 0
    00000508 01                    1343 	.db #0x01	; 1
    00000509 FF                    1344 	.db #0xff	; 255
    0000050A 01                    1345 	.db #0x01	; 1
    0000050B FF                    1346 	.db #0xff	; 255
    0000050C FF                    1347 	.db #0xff	; 255
    0000050D FF                    1348 	.db #0xff	; 255
    0000050E FF                    1349 	.db #0xff	; 255
    0000050F FF                    1350 	.db #0xff	; 255
    00000510 FF                    1351 	.db #0xff	; 255
    00000511 FF                    1352 	.db #0xff	; 255
    00000512 FF                    1353 	.db #0xff	; 255
    00000513 00                    1354 	.db #0x00	; 0
    00000514 FF                    1355 	.db #0xff	; 255
    00000515 00                    1356 	.db #0x00	; 0
    00000516 FF                    1357 	.db #0xff	; 255
    00000517 00                    1358 	.db #0x00	; 0
    00000518 FF                    1359 	.db #0xff	; 255
    00000519 FF                    1360 	.db #0xff	; 255
    0000051A FF                    1361 	.db #0xff	; 255
    0000051B FF                    1362 	.db #0xff	; 255
    0000051C FF                    1363 	.db #0xff	; 255
    0000051D FF                    1364 	.db #0xff	; 255
    0000051E FF                    1365 	.db #0xff	; 255
    0000051F FF                    1366 	.db #0xff	; 255
    00000520 FF                    1367 	.db #0xff	; 255
    00000521 BF                    1368 	.db #0xbf	; 191
    00000522 FF                    1369 	.db #0xff	; 255
    00000523 00                    1370 	.db #0x00	; 0
    00000524 FF                    1371 	.db #0xff	; 255
    00000525 00                    1372 	.db #0x00	; 0
    00000526 FF                    1373 	.db #0xff	; 255
    00000527 00                    1374 	.db #0x00	; 0
    00000528 FF                    1375 	.db #0xff	; 255
    00000529 F8                    1376 	.db #0xf8	; 248
    0000052A FF                    1377 	.db #0xff	; 255
    0000052B F8                    1378 	.db #0xf8	; 248
    0000052C FF                    1379 	.db #0xff	; 255
    0000052D F8                    1380 	.db #0xf8	; 248
    0000052E FF                    1381 	.db #0xff	; 255
    0000052F E0                    1382 	.db #0xe0	; 224
    00000530 FF                    1383 	.db #0xff	; 255
    00000531 E0                    1384 	.db #0xe0	; 224
    00000532 FF                    1385 	.db #0xff	; 255
    00000533 00                    1386 	.db #0x00	; 0
    00000534 FF                    1387 	.db #0xff	; 255
    00000535 00                    1388 	.db #0x00	; 0
    00000536 FF                    1389 	.db #0xff	; 255
    00000537 00                    1390 	.db #0x00	; 0
    00000538                       1391 _rook_repair_tech_map:
    00000538 00                    1392 	.db #0x00	; 0
    00000539 01                    1393 	.db #0x01	; 1
    0000053A 01                    1394 	.db #0x01	; 1
    0000053B 01                    1395 	.db #0x01	; 1
    0000053C 01                    1396 	.db #0x01	; 1
    0000053D 01                    1397 	.db #0x01	; 1
    0000053E 01                    1398 	.db #0x01	; 1
    0000053F 01                    1399 	.db #0x01	; 1
    00000540 01                    1400 	.db #0x01	; 1
    00000541 01                    1401 	.db #0x01	; 1
    00000542 01                    1402 	.db #0x01	; 1
    00000543 01                    1403 	.db #0x01	; 1
    00000544 01                    1404 	.db #0x01	; 1
    00000545 01                    1405 	.db #0x01	; 1
    00000546 01                    1406 	.db #0x01	; 1
    00000547 01                    1407 	.db #0x01	; 1
    00000548 01                    1408 	.db #0x01	; 1
    00000549 01                    1409 	.db #0x01	; 1
    0000054A 01                    1410 	.db #0x01	; 1
    0000054B 02                    1411 	.db #0x02	; 2
    0000054C 03                    1412 	.db #0x03	; 3
    0000054D 04                    1413 	.db #0x04	; 4
    0000054E 05                    1414 	.db #0x05	; 5
    0000054F 05                    1415 	.db #0x05	; 5
    00000550 05                    1416 	.db #0x05	; 5
    00000551 05                    1417 	.db #0x05	; 5
    00000552 06                    1418 	.db #0x06	; 6
    00000553 07                    1419 	.db #0x07	; 7
    00000554 05                    1420 	.db #0x05	; 5
    00000555 05                    1421 	.db #0x05	; 5
    00000556 05                    1422 	.db #0x05	; 5
    00000557 05                    1423 	.db #0x05	; 5
    00000558 08                    1424 	.db #0x08	; 8
    00000559 09                    1425 	.db #0x09	; 9
    0000055A 05                    1426 	.db #0x05	; 5
    0000055B 05                    1427 	.db #0x05	; 5
    0000055C 05                    1428 	.db #0x05	; 5
    0000055D 05                    1429 	.db #0x05	; 5
    0000055E 0A                    1430 	.db #0x0a	; 10
    0000055F 0B                    1431 	.db #0x0b	; 11
    00000560 03                    1432 	.db #0x03	; 3
    00000561 0C                    1433 	.db #0x0c	; 12
    00000562 0D                    1434 	.db #0x0d	; 13
    00000563 0D                    1435 	.db #0x0d	; 13
    00000564 0D                    1436 	.db #0x0d	; 13
    00000565 0D                    1437 	.db #0x0d	; 13
    00000566 0E                    1438 	.db #0x0e	; 14
    00000567 0F                    1439 	.db #0x0f	; 15
    00000568 0D                    1440 	.db #0x0d	; 13
    00000569 0D                    1441 	.db #0x0d	; 13
    0000056A 0D                    1442 	.db #0x0d	; 13
    0000056B 0D                    1443 	.db #0x0d	; 13
    0000056C 10                    1444 	.db #0x10	; 16
    0000056D 11                    1445 	.db #0x11	; 17
    0000056E 12                    1446 	.db #0x12	; 18
    0000056F 12                    1447 	.db #0x12	; 18
    00000570 12                    1448 	.db #0x12	; 18
    00000571 12                    1449 	.db #0x12	; 18
    00000572 13                    1450 	.db #0x13	; 19
    00000573 0B                    1451 	.db #0x0b	; 11
    00000574 03                    1452 	.db #0x03	; 3
    00000575 14                    1453 	.db #0x14	; 20
    00000576 15                    1454 	.db #0x15	; 21
    00000577 15                    1455 	.db #0x15	; 21
    00000578 15                    1456 	.db #0x15	; 21
    00000579 15                    1457 	.db #0x15	; 21
    0000057A 16                    1458 	.db #0x16	; 22
    0000057B 17                    1459 	.db #0x17	; 23
    0000057C 15                    1460 	.db #0x15	; 21
    0000057D 15                    1461 	.db #0x15	; 21
    0000057E 15                    1462 	.db #0x15	; 21
    0000057F 15                    1463 	.db #0x15	; 21
    00000580 18                    1464 	.db #0x18	; 24
    00000581 19                    1465 	.db #0x19	; 25
    00000582 1A                    1466 	.db #0x1a	; 26
    00000583 1A                    1467 	.db #0x1a	; 26
    00000584 1A                    1468 	.db #0x1a	; 26
    00000585 1A                    1469 	.db #0x1a	; 26
    00000586 1B                    1470 	.db #0x1b	; 27
    00000587 0B                    1471 	.db #0x0b	; 11
    00000588 03                    1472 	.db #0x03	; 3
    00000589 1C                    1473 	.db #0x1c	; 28
    0000058A 1D                    1474 	.db #0x1d	; 29
    0000058B 1D                    1475 	.db #0x1d	; 29
    0000058C 1D                    1476 	.db #0x1d	; 29
    0000058D 1D                    1477 	.db #0x1d	; 29
    0000058E 1D                    1478 	.db #0x1d	; 29
    0000058F 1D                    1479 	.db #0x1d	; 29
    00000590 1D                    1480 	.db #0x1d	; 29
    00000591 1D                    1481 	.db #0x1d	; 29
    00000592 1D                    1482 	.db #0x1d	; 29
    00000593 1D                    1483 	.db #0x1d	; 29
    00000594 1D                    1484 	.db #0x1d	; 29
    00000595 1D                    1485 	.db #0x1d	; 29
    00000596 1D                    1486 	.db #0x1d	; 29
    00000597 1D                    1487 	.db #0x1d	; 29
    00000598 1D                    1488 	.db #0x1d	; 29
    00000599 1D                    1489 	.db #0x1d	; 29
    0000059A 1D                    1490 	.db #0x1d	; 29
    0000059B 0B                    1491 	.db #0x0b	; 11
    0000059C 03                    1492 	.db #0x03	; 3
    0000059D 1C                    1493 	.db #0x1c	; 28
    0000059E 1D                    1494 	.db #0x1d	; 29
    0000059F 1D                    1495 	.db #0x1d	; 29
    000005A0 1D                    1496 	.db #0x1d	; 29
    000005A1 1D                    1497 	.db #0x1d	; 29
    000005A2 1D                    1498 	.db #0x1d	; 29
    000005A3 1D                    1499 	.db #0x1d	; 29
    000005A4 1D                    1500 	.db #0x1d	; 29
    000005A5 1D                    1501 	.db #0x1d	; 29
    000005A6 1D                    1502 	.db #0x1d	; 29
    000005A7 1D                    1503 	.db #0x1d	; 29
    000005A8 1D                    1504 	.db #0x1d	; 29
    000005A9 1D                    1505 	.db #0x1d	; 29
    000005AA 1D                    1506 	.db #0x1d	; 29
    000005AB 1D                    1507 	.db #0x1d	; 29
    000005AC 1D                    1508 	.db #0x1d	; 29
    000005AD 1D                    1509 	.db #0x1d	; 29
    000005AE 1D                    1510 	.db #0x1d	; 29
    000005AF 0B                    1511 	.db #0x0b	; 11
    000005B0 03                    1512 	.db #0x03	; 3
    000005B1 1E                    1513 	.db #0x1e	; 30
    000005B2 1F                    1514 	.db #0x1f	; 31
    000005B3 20                    1515 	.db #0x20	; 32
    000005B4 1D                    1516 	.db #0x1d	; 29
    000005B5 1D                    1517 	.db #0x1d	; 29
    000005B6 1D                    1518 	.db #0x1d	; 29
    000005B7 1D                    1519 	.db #0x1d	; 29
    000005B8 1D                    1520 	.db #0x1d	; 29
    000005B9 1D                    1521 	.db #0x1d	; 29
    000005BA 1D                    1522 	.db #0x1d	; 29
    000005BB 1D                    1523 	.db #0x1d	; 29
    000005BC 1D                    1524 	.db #0x1d	; 29
    000005BD 1D                    1525 	.db #0x1d	; 29
    000005BE 1D                    1526 	.db #0x1d	; 29
    000005BF 1D                    1527 	.db #0x1d	; 29
    000005C0 21                    1528 	.db #0x21	; 33
    000005C1 22                    1529 	.db #0x22	; 34
    000005C2 23                    1530 	.db #0x23	; 35
    000005C3 0B                    1531 	.db #0x0b	; 11
    000005C4 03                    1532 	.db #0x03	; 3
    000005C5 0C                    1533 	.db #0x0c	; 12
    000005C6 24                    1534 	.db #0x24	; 36
    000005C7 25                    1535 	.db #0x25	; 37
    000005C8 1D                    1536 	.db #0x1d	; 29
    000005C9 1D                    1537 	.db #0x1d	; 29
    000005CA 21                    1538 	.db #0x21	; 33
    000005CB 26                    1539 	.db #0x26	; 38
    000005CC 27                    1540 	.db #0x27	; 39
    000005CD 27                    1541 	.db #0x27	; 39
    000005CE 27                    1542 	.db #0x27	; 39
    000005CF 27                    1543 	.db #0x27	; 39
    000005D0 28                    1544 	.db #0x28	; 40
    000005D1 20                    1545 	.db #0x20	; 32
    000005D2 1D                    1546 	.db #0x1d	; 29
    000005D3 1D                    1547 	.db #0x1d	; 29
    000005D4 29                    1548 	.db #0x29	; 41
    000005D5 2A                    1549 	.db #0x2a	; 42
    000005D6 13                    1550 	.db #0x13	; 19
    000005D7 0B                    1551 	.db #0x0b	; 11
    000005D8 03                    1552 	.db #0x03	; 3
    000005D9 0C                    1553 	.db #0x0c	; 12
    000005DA 24                    1554 	.db #0x24	; 36
    000005DB 25                    1555 	.db #0x25	; 37
    000005DC 1D                    1556 	.db #0x1d	; 29
    000005DD 1D                    1557 	.db #0x1d	; 29
    000005DE 29                    1558 	.db #0x29	; 41
    000005DF 2B                    1559 	.db #0x2b	; 43
    000005E0 0D                    1560 	.db #0x0d	; 13
    000005E1 0D                    1561 	.db #0x0d	; 13
    000005E2 0D                    1562 	.db #0x0d	; 13
    000005E3 0D                    1563 	.db #0x0d	; 13
    000005E4 2C                    1564 	.db #0x2c	; 44
    000005E5 25                    1565 	.db #0x25	; 37
    000005E6 1D                    1566 	.db #0x1d	; 29
    000005E7 1D                    1567 	.db #0x1d	; 29
    000005E8 29                    1568 	.db #0x29	; 41
    000005E9 2A                    1569 	.db #0x2a	; 42
    000005EA 13                    1570 	.db #0x13	; 19
    000005EB 0B                    1571 	.db #0x0b	; 11
    000005EC 03                    1572 	.db #0x03	; 3
    000005ED 0C                    1573 	.db #0x0c	; 12
    000005EE 24                    1574 	.db #0x24	; 36
    000005EF 25                    1575 	.db #0x25	; 37
    000005F0 1D                    1576 	.db #0x1d	; 29
    000005F1 1D                    1577 	.db #0x1d	; 29
    000005F2 2D                    1578 	.db #0x2d	; 45
    000005F3 2E                    1579 	.db #0x2e	; 46
    000005F4 2F                    1580 	.db #0x2f	; 47
    000005F5 2F                    1581 	.db #0x2f	; 47
    000005F6 2F                    1582 	.db #0x2f	; 47
    000005F7 2F                    1583 	.db #0x2f	; 47
    000005F8 30                    1584 	.db #0x30	; 48	'0'
    000005F9 31                    1585 	.db #0x31	; 49	'1'
    000005FA 1D                    1586 	.db #0x1d	; 29
    000005FB 1D                    1587 	.db #0x1d	; 29
    000005FC 29                    1588 	.db #0x29	; 41
    000005FD 2A                    1589 	.db #0x2a	; 42
    000005FE 13                    1590 	.db #0x13	; 19
    000005FF 0B                    1591 	.db #0x0b	; 11
    00000600 03                    1592 	.db #0x03	; 3
    00000601 32                    1593 	.db #0x32	; 50	'2'
    00000602 33                    1594 	.db #0x33	; 51	'3'
    00000603 34                    1595 	.db #0x34	; 52	'4'
    00000604 1D                    1596 	.db #0x1d	; 29
    00000605 1D                    1597 	.db #0x1d	; 29
    00000606 1D                    1598 	.db #0x1d	; 29
    00000607 35                    1599 	.db #0x35	; 53	'5'
    00000608 35                    1600 	.db #0x35	; 53	'5'
    00000609 35                    1601 	.db #0x35	; 53	'5'
    0000060A 35                    1602 	.db #0x35	; 53	'5'
    0000060B 35                    1603 	.db #0x35	; 53	'5'
    0000060C 35                    1604 	.db #0x35	; 53	'5'
    0000060D 36                    1605 	.db #0x36	; 54	'6'
    0000060E 1D                    1606 	.db #0x1d	; 29
    0000060F 1D                    1607 	.db #0x1d	; 29
    00000610 37                    1608 	.db #0x37	; 55	'7'
    00000611 38                    1609 	.db #0x38	; 56	'8'
    00000612 39                    1610 	.db #0x39	; 57	'9'
    00000613 0B                    1611 	.db #0x0b	; 11
    00000614 03                    1612 	.db #0x03	; 3
    00000615 1C                    1613 	.db #0x1c	; 28
    00000616 1D                    1614 	.db #0x1d	; 29
    00000617 1D                    1615 	.db #0x1d	; 29
    00000618 1D                    1616 	.db #0x1d	; 29
    00000619 1D                    1617 	.db #0x1d	; 29
    0000061A 1D                    1618 	.db #0x1d	; 29
    0000061B 1D                    1619 	.db #0x1d	; 29
    0000061C 1D                    1620 	.db #0x1d	; 29
    0000061D 1D                    1621 	.db #0x1d	; 29
    0000061E 1D                    1622 	.db #0x1d	; 29
    0000061F 1D                    1623 	.db #0x1d	; 29
    00000620 1D                    1624 	.db #0x1d	; 29
    00000621 1D                    1625 	.db #0x1d	; 29
    00000622 1D                    1626 	.db #0x1d	; 29
    00000623 1D                    1627 	.db #0x1d	; 29
    00000624 1D                    1628 	.db #0x1d	; 29
    00000625 1D                    1629 	.db #0x1d	; 29
    00000626 1D                    1630 	.db #0x1d	; 29
    00000627 0B                    1631 	.db #0x0b	; 11
    00000628 03                    1632 	.db #0x03	; 3
    00000629 1C                    1633 	.db #0x1c	; 28
    0000062A 1D                    1634 	.db #0x1d	; 29
    0000062B 1D                    1635 	.db #0x1d	; 29
    0000062C 1D                    1636 	.db #0x1d	; 29
    0000062D 1D                    1637 	.db #0x1d	; 29
    0000062E 1D                    1638 	.db #0x1d	; 29
    0000062F 1D                    1639 	.db #0x1d	; 29
    00000630 1D                    1640 	.db #0x1d	; 29
    00000631 1D                    1641 	.db #0x1d	; 29
    00000632 1D                    1642 	.db #0x1d	; 29
    00000633 1D                    1643 	.db #0x1d	; 29
    00000634 1D                    1644 	.db #0x1d	; 29
    00000635 1D                    1645 	.db #0x1d	; 29
    00000636 1D                    1646 	.db #0x1d	; 29
    00000637 3A                    1647 	.db #0x3a	; 58
    00000638 3B                    1648 	.db #0x3b	; 59
    00000639 3C                    1649 	.db #0x3c	; 60
    0000063A 1D                    1650 	.db #0x1d	; 29
    0000063B 0B                    1651 	.db #0x0b	; 11
    0000063C 03                    1652 	.db #0x03	; 3
    0000063D 1C                    1653 	.db #0x1c	; 28
    0000063E 1D                    1654 	.db #0x1d	; 29
    0000063F 1D                    1655 	.db #0x1d	; 29
    00000640 1D                    1656 	.db #0x1d	; 29
    00000641 1D                    1657 	.db #0x1d	; 29
    00000642 1D                    1658 	.db #0x1d	; 29
    00000643 1D                    1659 	.db #0x1d	; 29
    00000644 1D                    1660 	.db #0x1d	; 29
    00000645 1D                    1661 	.db #0x1d	; 29
    00000646 1D                    1662 	.db #0x1d	; 29
    00000647 1D                    1663 	.db #0x1d	; 29
    00000648 1D                    1664 	.db #0x1d	; 29
    00000649 1D                    1665 	.db #0x1d	; 29
    0000064A 3D                    1666 	.db #0x3d	; 61
    0000064B 3E                    1667 	.db #0x3e	; 62
    0000064C 3F                    1668 	.db #0x3f	; 63
    0000064D 40                    1669 	.db #0x40	; 64
    0000064E 41                    1670 	.db #0x41	; 65	'A'
    0000064F 0B                    1671 	.db #0x0b	; 11
    00000650 03                    1672 	.db #0x03	; 3
    00000651 1C                    1673 	.db #0x1c	; 28
    00000652 1D                    1674 	.db #0x1d	; 29
    00000653 1D                    1675 	.db #0x1d	; 29
    00000654 1D                    1676 	.db #0x1d	; 29
    00000655 1D                    1677 	.db #0x1d	; 29
    00000656 1D                    1678 	.db #0x1d	; 29
    00000657 1D                    1679 	.db #0x1d	; 29
    00000658 1D                    1680 	.db #0x1d	; 29
    00000659 1D                    1681 	.db #0x1d	; 29
    0000065A 1D                    1682 	.db #0x1d	; 29
    0000065B 1D                    1683 	.db #0x1d	; 29
    0000065C 1D                    1684 	.db #0x1d	; 29
    0000065D 1D                    1685 	.db #0x1d	; 29
    0000065E 29                    1686 	.db #0x29	; 41
    0000065F 2B                    1687 	.db #0x2b	; 43
    00000660 42                    1688 	.db #0x42	; 66	'B'
    00000661 0D                    1689 	.db #0x0d	; 13
    00000662 43                    1690 	.db #0x43	; 67	'C'
    00000663 0B                    1691 	.db #0x0b	; 11
    00000664 03                    1692 	.db #0x03	; 3
    00000665 1C                    1693 	.db #0x1c	; 28
    00000666 1D                    1694 	.db #0x1d	; 29
    00000667 1D                    1695 	.db #0x1d	; 29
    00000668 1D                    1696 	.db #0x1d	; 29
    00000669 1D                    1697 	.db #0x1d	; 29
    0000066A 1D                    1698 	.db #0x1d	; 29
    0000066B 1D                    1699 	.db #0x1d	; 29
    0000066C 44                    1700 	.db #0x44	; 68	'D'
    0000066D 45                    1701 	.db #0x45	; 69	'E'
    0000066E 46                    1702 	.db #0x46	; 70	'F'
    0000066F 47                    1703 	.db #0x47	; 71	'G'
    00000670 1D                    1704 	.db #0x1d	; 29
    00000671 1D                    1705 	.db #0x1d	; 29
    00000672 37                    1706 	.db #0x37	; 55	'7'
    00000673 48                    1707 	.db #0x48	; 72	'H'
    00000674 49                    1708 	.db #0x49	; 73	'I'
    00000675 4A                    1709 	.db #0x4a	; 74	'J'
    00000676 4B                    1710 	.db #0x4b	; 75	'K'
    00000677 0B                    1711 	.db #0x0b	; 11
    00000678 03                    1712 	.db #0x03	; 3
    00000679 1C                    1713 	.db #0x1c	; 28
    0000067A 1D                    1714 	.db #0x1d	; 29
    0000067B 1D                    1715 	.db #0x1d	; 29
    0000067C 1D                    1716 	.db #0x1d	; 29
    0000067D 1D                    1717 	.db #0x1d	; 29
    0000067E 1D                    1718 	.db #0x1d	; 29
    0000067F 1D                    1719 	.db #0x1d	; 29
    00000680 29                    1720 	.db #0x29	; 41
    00000681 2A                    1721 	.db #0x2a	; 42
    00000682 24                    1722 	.db #0x24	; 36
    00000683 25                    1723 	.db #0x25	; 37
    00000684 1D                    1724 	.db #0x1d	; 29
    00000685 1D                    1725 	.db #0x1d	; 29
    00000686 1D                    1726 	.db #0x1d	; 29
    00000687 1D                    1727 	.db #0x1d	; 29
    00000688 1D                    1728 	.db #0x1d	; 29
    00000689 1D                    1729 	.db #0x1d	; 29
    0000068A 1D                    1730 	.db #0x1d	; 29
    0000068B 0B                    1731 	.db #0x0b	; 11
    0000068C 4C                    1732 	.db #0x4c	; 76	'L'
    0000068D 4D                    1733 	.db #0x4d	; 77	'M'
    0000068E 4D                    1734 	.db #0x4d	; 77	'M'
    0000068F 4D                    1735 	.db #0x4d	; 77	'M'
    00000690 4D                    1736 	.db #0x4d	; 77	'M'
    00000691 4D                    1737 	.db #0x4d	; 77	'M'
    00000692 4D                    1738 	.db #0x4d	; 77	'M'
    00000693 4D                    1739 	.db #0x4d	; 77	'M'
    00000694 4E                    1740 	.db #0x4e	; 78	'N'
    00000695 4F                    1741 	.db #0x4f	; 79	'O'
    00000696 50                    1742 	.db #0x50	; 80	'P'
    00000697 51                    1743 	.db #0x51	; 81	'Q'
    00000698 4D                    1744 	.db #0x4d	; 77	'M'
    00000699 4D                    1745 	.db #0x4d	; 77	'M'
    0000069A 4D                    1746 	.db #0x4d	; 77	'M'
    0000069B 4D                    1747 	.db #0x4d	; 77	'M'
    0000069C 4D                    1748 	.db #0x4d	; 77	'M'
    0000069D 4D                    1749 	.db #0x4d	; 77	'M'
    0000069E 4D                    1750 	.db #0x4d	; 77	'M'
    0000069F 52                    1751 	.db #0x52	; 82	'R'
                                   1752 	.area _INITIALIZER
                                   1753 	.area _CABS (ABS)
