                                      1 ;--------------------------------------------------------
                                      2 ; File Created by SDCC : free open source ISO C Compiler
                                      3 ; Version 4.5.1 #15267 (Linux)
                                      4 ;--------------------------------------------------------
                                      5 	.module southline_overpass
                                      6 	
                                      7 ;--------------------------------------------------------
                                      8 ; Public variables in this module
                                      9 ;--------------------------------------------------------
                                     10 	.globl _southline_overpass_map
                                     11 	.globl _southline_overpass_tiles
                                     12 	.globl _southline_overpass_palettes
                                     13 	.globl b___func_southline_overpass
                                     14 	.globl ___func_southline_overpass
                                     15 ;--------------------------------------------------------
                                     16 ; special function registers
                                     17 ;--------------------------------------------------------
                                     18 	.area _HRAM
                                     19 ;--------------------------------------------------------
                                     20 ; ram data
                                     21 ;--------------------------------------------------------
                                     22 	.area _DATA
                                     23 ;--------------------------------------------------------
                                     24 ; ram data
                                     25 ;--------------------------------------------------------
                                     26 	.area _INITIALIZED
                                     27 ;--------------------------------------------------------
                                     28 ; absolute external ram data
                                     29 ;--------------------------------------------------------
                                     30 	.area _DABS (ABS)
                                     31 ;--------------------------------------------------------
                                     32 ; global & static initialisations
                                     33 ;--------------------------------------------------------
                                     34 	.area _HOME
                                     35 	.area _GSINIT
                                     36 	.area _GSFINAL
                                     37 	.area _GSINIT
                                     38 ;--------------------------------------------------------
                                     39 ; Home
                                     40 ;--------------------------------------------------------
                                     41 	.area _HOME
                                     42 	.area _HOME
                                     43 ;--------------------------------------------------------
                                     44 ; code
                                     45 ;--------------------------------------------------------
                                     46 	.area _CODE_255
                                     47 ;res/southline_overpass.c:10: BANKREF(southline_overpass)
                                     48 ;	---------------------------------
                                     49 ; Function __func_southline_overpass
                                     50 ; ---------------------------------
                         000000FF    51 	b___func_southline_overpass	= 255
    00000000                         52 ___func_southline_overpass::
                                     53 	.local b___func_southline_overpass 
                         000000FF    54 	___bank_southline_overpass = b___func_southline_overpass 
                                     55 	.globl ___bank_southline_overpass 
                                     56 	.area _CODE_255
    00000000                         57 _southline_overpass_palettes:
    00000000 7B 6F                   58 	.dw #0x6f7b
    00000002 B5 56                   59 	.dw #0x56b5
    00000004 8C 31                   60 	.dw #0x318c
    00000006 00 00                   61 	.dw #0x0000
    00000008                         62 _southline_overpass_tiles:
    00000008 FF                      63 	.db #0xff	; 255
    00000009 00                      64 	.db #0x00	; 0
    0000000A EE                      65 	.db #0xee	; 238
    0000000B 11                      66 	.db #0x11	; 17
    0000000C FE                      67 	.db #0xfe	; 254
    0000000D 01                      68 	.db #0x01	; 1
    0000000E FE                      69 	.db #0xfe	; 254
    0000000F 01                      70 	.db #0x01	; 1
    00000010 EE                      71 	.db #0xee	; 238
    00000011 11                      72 	.db #0x11	; 17
    00000012 FF                      73 	.db #0xff	; 255
    00000013 00                      74 	.db #0x00	; 0
    00000014 FF                      75 	.db #0xff	; 255
    00000015 00                      76 	.db #0x00	; 0
    00000016 FF                      77 	.db #0xff	; 255
    00000017 00                      78 	.db #0x00	; 0
    00000018 FF                      79 	.db #0xff	; 255
    00000019 00                      80 	.db #0x00	; 0
    0000001A FF                      81 	.db #0xff	; 255
    0000001B 00                      82 	.db #0x00	; 0
    0000001C FF                      83 	.db #0xff	; 255
    0000001D 00                      84 	.db #0x00	; 0
    0000001E FF                      85 	.db #0xff	; 255
    0000001F 00                      86 	.db #0x00	; 0
    00000020 FF                      87 	.db #0xff	; 255
    00000021 00                      88 	.db #0x00	; 0
    00000022 FF                      89 	.db #0xff	; 255
    00000023 00                      90 	.db #0x00	; 0
    00000024 FF                      91 	.db #0xff	; 255
    00000025 00                      92 	.db #0x00	; 0
    00000026 FF                      93 	.db #0xff	; 255
    00000027 00                      94 	.db #0x00	; 0
    00000028 E0                      95 	.db #0xe0	; 224
    00000029 00                      96 	.db #0x00	; 0
    0000002A E0                      97 	.db #0xe0	; 224
    0000002B 00                      98 	.db #0x00	; 0
    0000002C E0                      99 	.db #0xe0	; 224
    0000002D 00                     100 	.db #0x00	; 0
    0000002E E0                     101 	.db #0xe0	; 224
    0000002F 00                     102 	.db #0x00	; 0
    00000030 E0                     103 	.db #0xe0	; 224
    00000031 00                     104 	.db #0x00	; 0
    00000032 E0                     105 	.db #0xe0	; 224
    00000033 00                     106 	.db #0x00	; 0
    00000034 E0                     107 	.db #0xe0	; 224
    00000035 00                     108 	.db #0x00	; 0
    00000036 E0                     109 	.db #0xe0	; 224
    00000037 00                     110 	.db #0x00	; 0
    00000038 0F                     111 	.db #0x0f	; 15
    00000039 00                     112 	.db #0x00	; 0
    0000003A 0F                     113 	.db #0x0f	; 15
    0000003B 00                     114 	.db #0x00	; 0
    0000003C 0F                     115 	.db #0x0f	; 15
    0000003D 00                     116 	.db #0x00	; 0
    0000003E 0F                     117 	.db #0x0f	; 15
    0000003F 00                     118 	.db #0x00	; 0
    00000040 0F                     119 	.db #0x0f	; 15
    00000041 00                     120 	.db #0x00	; 0
    00000042 0F                     121 	.db #0x0f	; 15
    00000043 00                     122 	.db #0x00	; 0
    00000044 0F                     123 	.db #0x0f	; 15
    00000045 00                     124 	.db #0x00	; 0
    00000046 0F                     125 	.db #0x0f	; 15
    00000047 00                     126 	.db #0x00	; 0
    00000048 00                     127 	.db #0x00	; 0
    00000049 00                     128 	.db #0x00	; 0
    0000004A 00                     129 	.db #0x00	; 0
    0000004B 00                     130 	.db #0x00	; 0
    0000004C 00                     131 	.db #0x00	; 0
    0000004D 00                     132 	.db #0x00	; 0
    0000004E 00                     133 	.db #0x00	; 0
    0000004F 00                     134 	.db #0x00	; 0
    00000050 00                     135 	.db #0x00	; 0
    00000051 00                     136 	.db #0x00	; 0
    00000052 00                     137 	.db #0x00	; 0
    00000053 00                     138 	.db #0x00	; 0
    00000054 00                     139 	.db #0x00	; 0
    00000055 00                     140 	.db #0x00	; 0
    00000056 00                     141 	.db #0x00	; 0
    00000057 00                     142 	.db #0x00	; 0
    00000058 02                     143 	.db #0x02	; 2
    00000059 01                     144 	.db #0x01	; 1
    0000005A 02                     145 	.db #0x02	; 2
    0000005B 01                     146 	.db #0x01	; 1
    0000005C 02                     147 	.db #0x02	; 2
    0000005D 01                     148 	.db #0x01	; 1
    0000005E 02                     149 	.db #0x02	; 2
    0000005F 01                     150 	.db #0x01	; 1
    00000060 00                     151 	.db #0x00	; 0
    00000061 01                     152 	.db #0x01	; 1
    00000062 00                     153 	.db #0x00	; 0
    00000063 00                     154 	.db #0x00	; 0
    00000064 00                     155 	.db #0x00	; 0
    00000065 00                     156 	.db #0x00	; 0
    00000066 00                     157 	.db #0x00	; 0
    00000067 00                     158 	.db #0x00	; 0
    00000068 00                     159 	.db #0x00	; 0
    00000069 80                     160 	.db #0x80	; 128
    0000006A 00                     161 	.db #0x00	; 0
    0000006B 80                     162 	.db #0x80	; 128
    0000006C 00                     163 	.db #0x00	; 0
    0000006D 80                     164 	.db #0x80	; 128
    0000006E 00                     165 	.db #0x00	; 0
    0000006F 80                     166 	.db #0x80	; 128
    00000070 80                     167 	.db #0x80	; 128
    00000071 00                     168 	.db #0x00	; 0
    00000072 00                     169 	.db #0x00	; 0
    00000073 00                     170 	.db #0x00	; 0
    00000074 00                     171 	.db #0x00	; 0
    00000075 00                     172 	.db #0x00	; 0
    00000076 00                     173 	.db #0x00	; 0
    00000077 00                     174 	.db #0x00	; 0
    00000078 F0                     175 	.db #0xf0	; 240
    00000079 00                     176 	.db #0x00	; 0
    0000007A F0                     177 	.db #0xf0	; 240
    0000007B 00                     178 	.db #0x00	; 0
    0000007C F0                     179 	.db #0xf0	; 240
    0000007D 00                     180 	.db #0x00	; 0
    0000007E F0                     181 	.db #0xf0	; 240
    0000007F 00                     182 	.db #0x00	; 0
    00000080 F0                     183 	.db #0xf0	; 240
    00000081 00                     184 	.db #0x00	; 0
    00000082 F0                     185 	.db #0xf0	; 240
    00000083 00                     186 	.db #0x00	; 0
    00000084 F0                     187 	.db #0xf0	; 240
    00000085 00                     188 	.db #0x00	; 0
    00000086 F0                     189 	.db #0xf0	; 240
    00000087 00                     190 	.db #0x00	; 0
    00000088 07                     191 	.db #0x07	; 7
    00000089 00                     192 	.db #0x00	; 0
    0000008A 07                     193 	.db #0x07	; 7
    0000008B 00                     194 	.db #0x00	; 0
    0000008C 07                     195 	.db #0x07	; 7
    0000008D 00                     196 	.db #0x00	; 0
    0000008E 07                     197 	.db #0x07	; 7
    0000008F 00                     198 	.db #0x00	; 0
    00000090 07                     199 	.db #0x07	; 7
    00000091 00                     200 	.db #0x00	; 0
    00000092 07                     201 	.db #0x07	; 7
    00000093 00                     202 	.db #0x00	; 0
    00000094 07                     203 	.db #0x07	; 7
    00000095 00                     204 	.db #0x00	; 0
    00000096 07                     205 	.db #0x07	; 7
    00000097 00                     206 	.db #0x00	; 0
    00000098 BF                     207 	.db #0xbf	; 191
    00000099 40                     208 	.db #0x40	; 64
    0000009A 77                     209 	.db #0x77	; 119	'w'
    0000009B 88                     210 	.db #0x88	; 136
    0000009C F7                     211 	.db #0xf7	; 247
    0000009D 08                     212 	.db #0x08	; 8
    0000009E 77                     213 	.db #0x77	; 119	'w'
    0000009F 88                     214 	.db #0x88	; 136
    000000A0 77                     215 	.db #0x77	; 119	'w'
    000000A1 88                     216 	.db #0x88	; 136
    000000A2 FF                     217 	.db #0xff	; 255
    000000A3 00                     218 	.db #0x00	; 0
    000000A4 FF                     219 	.db #0xff	; 255
    000000A5 00                     220 	.db #0x00	; 0
    000000A6 FF                     221 	.db #0xff	; 255
    000000A7 00                     222 	.db #0x00	; 0
    000000A8 FF                     223 	.db #0xff	; 255
    000000A9 00                     224 	.db #0x00	; 0
    000000AA FF                     225 	.db #0xff	; 255
    000000AB 00                     226 	.db #0x00	; 0
    000000AC FF                     227 	.db #0xff	; 255
    000000AD 00                     228 	.db #0x00	; 0
    000000AE FF                     229 	.db #0xff	; 255
    000000AF 00                     230 	.db #0x00	; 0
    000000B0 EF                     231 	.db #0xef	; 239
    000000B1 10                     232 	.db #0x10	; 16
    000000B2 FF                     233 	.db #0xff	; 255
    000000B3 00                     234 	.db #0x00	; 0
    000000B4 FF                     235 	.db #0xff	; 255
    000000B5 00                     236 	.db #0x00	; 0
    000000B6 FF                     237 	.db #0xff	; 255
    000000B7 00                     238 	.db #0x00	; 0
    000000B8 E0                     239 	.db #0xe0	; 224
    000000B9 00                     240 	.db #0x00	; 0
    000000BA E0                     241 	.db #0xe0	; 224
    000000BB 00                     242 	.db #0x00	; 0
    000000BC E4                     243 	.db #0xe4	; 228
    000000BD 00                     244 	.db #0x00	; 0
    000000BE E4                     245 	.db #0xe4	; 228
    000000BF 00                     246 	.db #0x00	; 0
    000000C0 E4                     247 	.db #0xe4	; 228
    000000C1 00                     248 	.db #0x00	; 0
    000000C2 E4                     249 	.db #0xe4	; 228
    000000C3 00                     250 	.db #0x00	; 0
    000000C4 FC                     251 	.db #0xfc	; 252
    000000C5 00                     252 	.db #0x00	; 0
    000000C6 E0                     253 	.db #0xe0	; 224
    000000C7 00                     254 	.db #0x00	; 0
    000000C8 00                     255 	.db #0x00	; 0
    000000C9 00                     256 	.db #0x00	; 0
    000000CA 01                     257 	.db #0x01	; 1
    000000CB 00                     258 	.db #0x00	; 0
    000000CC 02                     259 	.db #0x02	; 2
    000000CD 01                     260 	.db #0x01	; 1
    000000CE 02                     261 	.db #0x02	; 2
    000000CF 01                     262 	.db #0x01	; 1
    000000D0 00                     263 	.db #0x00	; 0
    000000D1 01                     264 	.db #0x01	; 1
    000000D2 00                     265 	.db #0x00	; 0
    000000D3 01                     266 	.db #0x01	; 1
    000000D4 00                     267 	.db #0x00	; 0
    000000D5 01                     268 	.db #0x01	; 1
    000000D6 00                     269 	.db #0x00	; 0
    000000D7 01                     270 	.db #0x01	; 1
    000000D8 00                     271 	.db #0x00	; 0
    000000D9 00                     272 	.db #0x00	; 0
    000000DA 80                     273 	.db #0x80	; 128
    000000DB 00                     274 	.db #0x00	; 0
    000000DC 00                     275 	.db #0x00	; 0
    000000DD 80                     276 	.db #0x80	; 128
    000000DE 80                     277 	.db #0x80	; 128
    000000DF 00                     278 	.db #0x00	; 0
    000000E0 00                     279 	.db #0x00	; 0
    000000E1 80                     280 	.db #0x80	; 128
    000000E2 00                     281 	.db #0x00	; 0
    000000E3 80                     282 	.db #0x80	; 128
    000000E4 00                     283 	.db #0x00	; 0
    000000E5 80                     284 	.db #0x80	; 128
    000000E6 00                     285 	.db #0x00	; 0
    000000E7 80                     286 	.db #0x80	; 128
    000000E8 07                     287 	.db #0x07	; 7
    000000E9 00                     288 	.db #0x00	; 0
    000000EA 07                     289 	.db #0x07	; 7
    000000EB 00                     290 	.db #0x00	; 0
    000000EC 2F                     291 	.db #0x2f	; 47
    000000ED 00                     292 	.db #0x00	; 0
    000000EE 2F                     293 	.db #0x2f	; 47
    000000EF 00                     294 	.db #0x00	; 0
    000000F0 27                     295 	.db #0x27	; 39
    000000F1 00                     296 	.db #0x00	; 0
    000000F2 27                     297 	.db #0x27	; 39
    000000F3 00                     298 	.db #0x00	; 0
    000000F4 3F                     299 	.db #0x3f	; 63
    000000F5 00                     300 	.db #0x00	; 0
    000000F6 07                     301 	.db #0x07	; 7
    000000F7 00                     302 	.db #0x00	; 0
    000000F8 FF                     303 	.db #0xff	; 255
    000000F9 00                     304 	.db #0x00	; 0
    000000FA FF                     305 	.db #0xff	; 255
    000000FB 00                     306 	.db #0x00	; 0
    000000FC FF                     307 	.db #0xff	; 255
    000000FD 00                     308 	.db #0x00	; 0
    000000FE FF                     309 	.db #0xff	; 255
    000000FF 00                     310 	.db #0x00	; 0
    00000100 F7                     311 	.db #0xf7	; 247
    00000101 08                     312 	.db #0x08	; 8
    00000102 FF                     313 	.db #0xff	; 255
    00000103 00                     314 	.db #0x00	; 0
    00000104 FF                     315 	.db #0xff	; 255
    00000105 00                     316 	.db #0x00	; 0
    00000106 FF                     317 	.db #0xff	; 255
    00000107 00                     318 	.db #0x00	; 0
    00000108 00                     319 	.db #0x00	; 0
    00000109 01                     320 	.db #0x01	; 1
    0000010A 00                     321 	.db #0x00	; 0
    0000010B 00                     322 	.db #0x00	; 0
    0000010C 00                     323 	.db #0x00	; 0
    0000010D 00                     324 	.db #0x00	; 0
    0000010E 00                     325 	.db #0x00	; 0
    0000010F 00                     326 	.db #0x00	; 0
    00000110 00                     327 	.db #0x00	; 0
    00000111 00                     328 	.db #0x00	; 0
    00000112 01                     329 	.db #0x01	; 1
    00000113 00                     330 	.db #0x00	; 0
    00000114 00                     331 	.db #0x00	; 0
    00000115 01                     332 	.db #0x01	; 1
    00000116 00                     333 	.db #0x00	; 0
    00000117 01                     334 	.db #0x01	; 1
    00000118 80                     335 	.db #0x80	; 128
    00000119 00                     336 	.db #0x00	; 0
    0000011A 00                     337 	.db #0x00	; 0
    0000011B 00                     338 	.db #0x00	; 0
    0000011C 00                     339 	.db #0x00	; 0
    0000011D 00                     340 	.db #0x00	; 0
    0000011E 00                     341 	.db #0x00	; 0
    0000011F 00                     342 	.db #0x00	; 0
    00000120 00                     343 	.db #0x00	; 0
    00000121 00                     344 	.db #0x00	; 0
    00000122 00                     345 	.db #0x00	; 0
    00000123 00                     346 	.db #0x00	; 0
    00000124 00                     347 	.db #0x00	; 0
    00000125 80                     348 	.db #0x80	; 128
    00000126 00                     349 	.db #0x00	; 0
    00000127 80                     350 	.db #0x80	; 128
    00000128 00                     351 	.db #0x00	; 0
    00000129 01                     352 	.db #0x01	; 1
    0000012A 02                     353 	.db #0x02	; 2
    0000012B 01                     354 	.db #0x01	; 1
    0000012C 02                     355 	.db #0x02	; 2
    0000012D 01                     356 	.db #0x01	; 1
    0000012E 02                     357 	.db #0x02	; 2
    0000012F 01                     358 	.db #0x01	; 1
    00000130 00                     359 	.db #0x00	; 0
    00000131 01                     360 	.db #0x01	; 1
    00000132 01                     361 	.db #0x01	; 1
    00000133 00                     362 	.db #0x00	; 0
    00000134 00                     363 	.db #0x00	; 0
    00000135 00                     364 	.db #0x00	; 0
    00000136 00                     365 	.db #0x00	; 0
    00000137 00                     366 	.db #0x00	; 0
    00000138 00                     367 	.db #0x00	; 0
    00000139 80                     368 	.db #0x80	; 128
    0000013A 00                     369 	.db #0x00	; 0
    0000013B 80                     370 	.db #0x80	; 128
    0000013C 00                     371 	.db #0x00	; 0
    0000013D 80                     372 	.db #0x80	; 128
    0000013E 80                     373 	.db #0x80	; 128
    0000013F 00                     374 	.db #0x00	; 0
    00000140 00                     375 	.db #0x00	; 0
    00000141 80                     376 	.db #0x80	; 128
    00000142 80                     377 	.db #0x80	; 128
    00000143 00                     378 	.db #0x00	; 0
    00000144 00                     379 	.db #0x00	; 0
    00000145 00                     380 	.db #0x00	; 0
    00000146 00                     381 	.db #0x00	; 0
    00000147 00                     382 	.db #0x00	; 0
    00000148 00                     383 	.db #0x00	; 0
    00000149 00                     384 	.db #0x00	; 0
    0000014A 00                     385 	.db #0x00	; 0
    0000014B 00                     386 	.db #0x00	; 0
    0000014C 00                     387 	.db #0x00	; 0
    0000014D 01                     388 	.db #0x01	; 1
    0000014E 02                     389 	.db #0x02	; 2
    0000014F 01                     390 	.db #0x01	; 1
    00000150 02                     391 	.db #0x02	; 2
    00000151 01                     392 	.db #0x01	; 1
    00000152 00                     393 	.db #0x00	; 0
    00000153 01                     394 	.db #0x01	; 1
    00000154 02                     395 	.db #0x02	; 2
    00000155 01                     396 	.db #0x01	; 1
    00000156 00                     397 	.db #0x00	; 0
    00000157 01                     398 	.db #0x01	; 1
    00000158 00                     399 	.db #0x00	; 0
    00000159 00                     400 	.db #0x00	; 0
    0000015A 00                     401 	.db #0x00	; 0
    0000015B 00                     402 	.db #0x00	; 0
    0000015C 80                     403 	.db #0x80	; 128
    0000015D 00                     404 	.db #0x00	; 0
    0000015E 00                     405 	.db #0x00	; 0
    0000015F 80                     406 	.db #0x80	; 128
    00000160 00                     407 	.db #0x00	; 0
    00000161 80                     408 	.db #0x80	; 128
    00000162 00                     409 	.db #0x00	; 0
    00000163 80                     410 	.db #0x80	; 128
    00000164 00                     411 	.db #0x00	; 0
    00000165 80                     412 	.db #0x80	; 128
    00000166 80                     413 	.db #0x80	; 128
    00000167 00                     414 	.db #0x00	; 0
    00000168 E0                     415 	.db #0xe0	; 224
    00000169 00                     416 	.db #0x00	; 0
    0000016A FC                     417 	.db #0xfc	; 252
    0000016B 00                     418 	.db #0x00	; 0
    0000016C E4                     419 	.db #0xe4	; 228
    0000016D 00                     420 	.db #0x00	; 0
    0000016E FC                     421 	.db #0xfc	; 252
    0000016F 00                     422 	.db #0x00	; 0
    00000170 F4                     423 	.db #0xf4	; 244
    00000171 00                     424 	.db #0x00	; 0
    00000172 E4                     425 	.db #0xe4	; 228
    00000173 00                     426 	.db #0x00	; 0
    00000174 EC                     427 	.db #0xec	; 236
    00000175 00                     428 	.db #0x00	; 0
    00000176 E0                     429 	.db #0xe0	; 224
    00000177 00                     430 	.db #0x00	; 0
    00000178 02                     431 	.db #0x02	; 2
    00000179 01                     432 	.db #0x01	; 1
    0000017A 01                     433 	.db #0x01	; 1
    0000017B 00                     434 	.db #0x00	; 0
    0000017C 00                     435 	.db #0x00	; 0
    0000017D 00                     436 	.db #0x00	; 0
    0000017E 00                     437 	.db #0x00	; 0
    0000017F 00                     438 	.db #0x00	; 0
    00000180 00                     439 	.db #0x00	; 0
    00000181 00                     440 	.db #0x00	; 0
    00000182 00                     441 	.db #0x00	; 0
    00000183 00                     442 	.db #0x00	; 0
    00000184 01                     443 	.db #0x01	; 1
    00000185 00                     444 	.db #0x00	; 0
    00000186 02                     445 	.db #0x02	; 2
    00000187 01                     446 	.db #0x01	; 1
    00000188 00                     447 	.db #0x00	; 0
    00000189 80                     448 	.db #0x80	; 128
    0000018A 80                     449 	.db #0x80	; 128
    0000018B 00                     450 	.db #0x00	; 0
    0000018C 00                     451 	.db #0x00	; 0
    0000018D 00                     452 	.db #0x00	; 0
    0000018E 00                     453 	.db #0x00	; 0
    0000018F 00                     454 	.db #0x00	; 0
    00000190 00                     455 	.db #0x00	; 0
    00000191 00                     456 	.db #0x00	; 0
    00000192 00                     457 	.db #0x00	; 0
    00000193 00                     458 	.db #0x00	; 0
    00000194 80                     459 	.db #0x80	; 128
    00000195 00                     460 	.db #0x00	; 0
    00000196 00                     461 	.db #0x00	; 0
    00000197 80                     462 	.db #0x80	; 128
    00000198 07                     463 	.db #0x07	; 7
    00000199 00                     464 	.db #0x00	; 0
    0000019A 3F                     465 	.db #0x3f	; 63
    0000019B 00                     466 	.db #0x00	; 0
    0000019C 27                     467 	.db #0x27	; 39
    0000019D 00                     468 	.db #0x00	; 0
    0000019E 3F                     469 	.db #0x3f	; 63
    0000019F 00                     470 	.db #0x00	; 0
    000001A0 67                     471 	.db #0x67	; 103	'g'
    000001A1 00                     472 	.db #0x00	; 0
    000001A2 67                     473 	.db #0x67	; 103	'g'
    000001A3 00                     474 	.db #0x00	; 0
    000001A4 3F                     475 	.db #0x3f	; 63
    000001A5 00                     476 	.db #0x00	; 0
    000001A6 07                     477 	.db #0x07	; 7
    000001A7 00                     478 	.db #0x00	; 0
    000001A8 FF                     479 	.db #0xff	; 255
    000001A9 00                     480 	.db #0x00	; 0
    000001AA FF                     481 	.db #0xff	; 255
    000001AB 00                     482 	.db #0x00	; 0
    000001AC FF                     483 	.db #0xff	; 255
    000001AD 00                     484 	.db #0x00	; 0
    000001AE FF                     485 	.db #0xff	; 255
    000001AF 00                     486 	.db #0x00	; 0
    000001B0 FF                     487 	.db #0xff	; 255
    000001B1 00                     488 	.db #0x00	; 0
    000001B2 FE                     489 	.db #0xfe	; 254
    000001B3 01                     490 	.db #0x01	; 1
    000001B4 BE                     491 	.db #0xbe	; 190
    000001B5 01                     492 	.db #0x01	; 1
    000001B6 FE                     493 	.db #0xfe	; 254
    000001B7 01                     494 	.db #0x01	; 1
    000001B8 FF                     495 	.db #0xff	; 255
    000001B9 00                     496 	.db #0x00	; 0
    000001BA FF                     497 	.db #0xff	; 255
    000001BB 00                     498 	.db #0x00	; 0
    000001BC FF                     499 	.db #0xff	; 255
    000001BD 00                     500 	.db #0x00	; 0
    000001BE FF                     501 	.db #0xff	; 255
    000001BF 00                     502 	.db #0x00	; 0
    000001C0 E0                     503 	.db #0xe0	; 224
    000001C1 1F                     504 	.db #0x1f	; 31
    000001C2 0F                     505 	.db #0x0f	; 15
    000001C3 F0                     506 	.db #0xf0	; 240
    000001C4 FD                     507 	.db #0xfd	; 253
    000001C5 02                     508 	.db #0x02	; 2
    000001C6 FF                     509 	.db #0xff	; 255
    000001C7 00                     510 	.db #0x00	; 0
    000001C8 FF                     511 	.db #0xff	; 255
    000001C9 00                     512 	.db #0x00	; 0
    000001CA FF                     513 	.db #0xff	; 255
    000001CB 00                     514 	.db #0x00	; 0
    000001CC FF                     515 	.db #0xff	; 255
    000001CD 00                     516 	.db #0x00	; 0
    000001CE BF                     517 	.db #0xbf	; 191
    000001CF 40                     518 	.db #0x40	; 64
    000001D0 01                     519 	.db #0x01	; 1
    000001D1 FE                     520 	.db #0xfe	; 254
    000001D2 00                     521 	.db #0x00	; 0
    000001D3 FF                     522 	.db #0xff	; 255
    000001D4 00                     523 	.db #0x00	; 0
    000001D5 FF                     524 	.db #0xff	; 255
    000001D6 00                     525 	.db #0x00	; 0
    000001D7 FF                     526 	.db #0xff	; 255
    000001D8 FF                     527 	.db #0xff	; 255
    000001D9 00                     528 	.db #0x00	; 0
    000001DA FF                     529 	.db #0xff	; 255
    000001DB 00                     530 	.db #0x00	; 0
    000001DC FF                     531 	.db #0xff	; 255
    000001DD 00                     532 	.db #0x00	; 0
    000001DE FF                     533 	.db #0xff	; 255
    000001DF 00                     534 	.db #0x00	; 0
    000001E0 FF                     535 	.db #0xff	; 255
    000001E1 00                     536 	.db #0x00	; 0
    000001E2 1F                     537 	.db #0x1f	; 31
    000001E3 E0                     538 	.db #0xe0	; 224
    000001E4 0F                     539 	.db #0x0f	; 15
    000001E5 F0                     540 	.db #0xf0	; 240
    000001E6 0F                     541 	.db #0x0f	; 15
    000001E7 F0                     542 	.db #0xf0	; 240
    000001E8 E0                     543 	.db #0xe0	; 224
    000001E9 00                     544 	.db #0x00	; 0
    000001EA E0                     545 	.db #0xe0	; 224
    000001EB 00                     546 	.db #0x00	; 0
    000001EC E0                     547 	.db #0xe0	; 224
    000001ED 00                     548 	.db #0x00	; 0
    000001EE E0                     549 	.db #0xe0	; 224
    000001EF 00                     550 	.db #0x00	; 0
    000001F0 E0                     551 	.db #0xe0	; 224
    000001F1 00                     552 	.db #0x00	; 0
    000001F2 A0                     553 	.db #0xa0	; 160
    000001F3 00                     554 	.db #0x00	; 0
    000001F4 E0                     555 	.db #0xe0	; 224
    000001F5 00                     556 	.db #0x00	; 0
    000001F6 C0                     557 	.db #0xc0	; 192
    000001F7 00                     558 	.db #0x00	; 0
    000001F8 00                     559 	.db #0x00	; 0
    000001F9 01                     560 	.db #0x01	; 1
    000001FA 00                     561 	.db #0x00	; 0
    000001FB 01                     562 	.db #0x01	; 1
    000001FC 02                     563 	.db #0x02	; 2
    000001FD 01                     564 	.db #0x01	; 1
    000001FE 00                     565 	.db #0x00	; 0
    000001FF 01                     566 	.db #0x01	; 1
    00000200 02                     567 	.db #0x02	; 2
    00000201 01                     568 	.db #0x01	; 1
    00000202 00                     569 	.db #0x00	; 0
    00000203 01                     570 	.db #0x01	; 1
    00000204 00                     571 	.db #0x00	; 0
    00000205 00                     572 	.db #0x00	; 0
    00000206 00                     573 	.db #0x00	; 0
    00000207 00                     574 	.db #0x00	; 0
    00000208 00                     575 	.db #0x00	; 0
    00000209 80                     576 	.db #0x80	; 128
    0000020A 00                     577 	.db #0x00	; 0
    0000020B 80                     578 	.db #0x80	; 128
    0000020C 00                     579 	.db #0x00	; 0
    0000020D 80                     580 	.db #0x80	; 128
    0000020E 00                     581 	.db #0x00	; 0
    0000020F 80                     582 	.db #0x80	; 128
    00000210 00                     583 	.db #0x00	; 0
    00000211 80                     584 	.db #0x80	; 128
    00000212 80                     585 	.db #0x80	; 128
    00000213 00                     586 	.db #0x00	; 0
    00000214 00                     587 	.db #0x00	; 0
    00000215 00                     588 	.db #0x00	; 0
    00000216 00                     589 	.db #0x00	; 0
    00000217 00                     590 	.db #0x00	; 0
    00000218 07                     591 	.db #0x07	; 7
    00000219 00                     592 	.db #0x00	; 0
    0000021A 07                     593 	.db #0x07	; 7
    0000021B 00                     594 	.db #0x00	; 0
    0000021C 07                     595 	.db #0x07	; 7
    0000021D 00                     596 	.db #0x00	; 0
    0000021E 07                     597 	.db #0x07	; 7
    0000021F 00                     598 	.db #0x00	; 0
    00000220 07                     599 	.db #0x07	; 7
    00000221 00                     600 	.db #0x00	; 0
    00000222 05                     601 	.db #0x05	; 5
    00000223 00                     602 	.db #0x00	; 0
    00000224 07                     603 	.db #0x07	; 7
    00000225 00                     604 	.db #0x00	; 0
    00000226 03                     605 	.db #0x03	; 3
    00000227 00                     606 	.db #0x00	; 0
    00000228 FF                     607 	.db #0xff	; 255
    00000229 00                     608 	.db #0x00	; 0
    0000022A FF                     609 	.db #0xff	; 255
    0000022B 00                     610 	.db #0x00	; 0
    0000022C FF                     611 	.db #0xff	; 255
    0000022D 00                     612 	.db #0x00	; 0
    0000022E FF                     613 	.db #0xff	; 255
    0000022F 00                     614 	.db #0x00	; 0
    00000230 FF                     615 	.db #0xff	; 255
    00000231 00                     616 	.db #0x00	; 0
    00000232 FF                     617 	.db #0xff	; 255
    00000233 00                     618 	.db #0x00	; 0
    00000234 FB                     619 	.db #0xfb	; 251
    00000235 00                     620 	.db #0x00	; 0
    00000236 FE                     621 	.db #0xfe	; 254
    00000237 01                     622 	.db #0x01	; 1
    00000238 C2                     623 	.db #0xc2	; 194
    00000239 01                     624 	.db #0x01	; 1
    0000023A C2                     625 	.db #0xc2	; 194
    0000023B 01                     626 	.db #0x01	; 1
    0000023C C3                     627 	.db #0xc3	; 195
    0000023D 00                     628 	.db #0x00	; 0
    0000023E C3                     629 	.db #0xc3	; 195
    0000023F 00                     630 	.db #0x00	; 0
    00000240 C2                     631 	.db #0xc2	; 194
    00000241 01                     632 	.db #0x01	; 1
    00000242 C2                     633 	.db #0xc2	; 194
    00000243 01                     634 	.db #0x01	; 1
    00000244 C2                     635 	.db #0xc2	; 194
    00000245 01                     636 	.db #0x01	; 1
    00000246 C2                     637 	.db #0xc2	; 194
    00000247 01                     638 	.db #0x01	; 1
    00000248 FD                     639 	.db #0xfd	; 253
    00000249 02                     640 	.db #0x02	; 2
    0000024A FF                     641 	.db #0xff	; 255
    0000024B 00                     642 	.db #0x00	; 0
    0000024C FF                     643 	.db #0xff	; 255
    0000024D 00                     644 	.db #0x00	; 0
    0000024E FF                     645 	.db #0xff	; 255
    0000024F 00                     646 	.db #0x00	; 0
    00000250 FF                     647 	.db #0xff	; 255
    00000251 00                     648 	.db #0x00	; 0
    00000252 FF                     649 	.db #0xff	; 255
    00000253 00                     650 	.db #0x00	; 0
    00000254 FF                     651 	.db #0xff	; 255
    00000255 00                     652 	.db #0x00	; 0
    00000256 FF                     653 	.db #0xff	; 255
    00000257 00                     654 	.db #0x00	; 0
    00000258 00                     655 	.db #0x00	; 0
    00000259 FF                     656 	.db #0xff	; 255
    0000025A 00                     657 	.db #0x00	; 0
    0000025B FF                     658 	.db #0xff	; 255
    0000025C 00                     659 	.db #0x00	; 0
    0000025D FF                     660 	.db #0xff	; 255
    0000025E 00                     661 	.db #0x00	; 0
    0000025F FF                     662 	.db #0xff	; 255
    00000260 00                     663 	.db #0x00	; 0
    00000261 FF                     664 	.db #0xff	; 255
    00000262 00                     665 	.db #0x00	; 0
    00000263 FF                     666 	.db #0xff	; 255
    00000264 00                     667 	.db #0x00	; 0
    00000265 FF                     668 	.db #0xff	; 255
    00000266 00                     669 	.db #0x00	; 0
    00000267 FF                     670 	.db #0xff	; 255
    00000268 10                     671 	.db #0x10	; 16
    00000269 E0                     672 	.db #0xe0	; 224
    0000026A 10                     673 	.db #0x10	; 16
    0000026B E0                     674 	.db #0xe0	; 224
    0000026C 10                     675 	.db #0x10	; 16
    0000026D E0                     676 	.db #0xe0	; 224
    0000026E 0E                     677 	.db #0x0e	; 14
    0000026F F0                     678 	.db #0xf0	; 240
    00000270 0F                     679 	.db #0x0f	; 15
    00000271 F0                     680 	.db #0xf0	; 240
    00000272 0F                     681 	.db #0x0f	; 15
    00000273 F0                     682 	.db #0xf0	; 240
    00000274 0F                     683 	.db #0x0f	; 15
    00000275 F0                     684 	.db #0xf0	; 240
    00000276 0F                     685 	.db #0x0f	; 15
    00000277 F0                     686 	.db #0xf0	; 240
    00000278 00                     687 	.db #0x00	; 0
    00000279 00                     688 	.db #0x00	; 0
    0000027A 00                     689 	.db #0x00	; 0
    0000027B 00                     690 	.db #0x00	; 0
    0000027C 00                     691 	.db #0x00	; 0
    0000027D 00                     692 	.db #0x00	; 0
    0000027E 00                     693 	.db #0x00	; 0
    0000027F 00                     694 	.db #0x00	; 0
    00000280 C0                     695 	.db #0xc0	; 192
    00000281 00                     696 	.db #0x00	; 0
    00000282 C0                     697 	.db #0xc0	; 192
    00000283 00                     698 	.db #0x00	; 0
    00000284 C0                     699 	.db #0xc0	; 192
    00000285 00                     700 	.db #0x00	; 0
    00000286 C0                     701 	.db #0xc0	; 192
    00000287 00                     702 	.db #0x00	; 0
    00000288 00                     703 	.db #0x00	; 0
    00000289 00                     704 	.db #0x00	; 0
    0000028A 00                     705 	.db #0x00	; 0
    0000028B 00                     706 	.db #0x00	; 0
    0000028C 01                     707 	.db #0x01	; 1
    0000028D 00                     708 	.db #0x00	; 0
    0000028E 00                     709 	.db #0x00	; 0
    0000028F 01                     710 	.db #0x01	; 1
    00000290 02                     711 	.db #0x02	; 2
    00000291 01                     712 	.db #0x01	; 1
    00000292 02                     713 	.db #0x02	; 2
    00000293 01                     714 	.db #0x01	; 1
    00000294 02                     715 	.db #0x02	; 2
    00000295 01                     716 	.db #0x01	; 1
    00000296 02                     717 	.db #0x02	; 2
    00000297 01                     718 	.db #0x01	; 1
    00000298 00                     719 	.db #0x00	; 0
    00000299 00                     720 	.db #0x00	; 0
    0000029A 00                     721 	.db #0x00	; 0
    0000029B 00                     722 	.db #0x00	; 0
    0000029C 80                     723 	.db #0x80	; 128
    0000029D 00                     724 	.db #0x00	; 0
    0000029E 00                     725 	.db #0x00	; 0
    0000029F 80                     726 	.db #0x80	; 128
    000002A0 00                     727 	.db #0x00	; 0
    000002A1 80                     728 	.db #0x80	; 128
    000002A2 00                     729 	.db #0x00	; 0
    000002A3 80                     730 	.db #0x80	; 128
    000002A4 00                     731 	.db #0x00	; 0
    000002A5 80                     732 	.db #0x80	; 128
    000002A6 00                     733 	.db #0x00	; 0
    000002A7 80                     734 	.db #0x80	; 128
    000002A8 F0                     735 	.db #0xf0	; 240
    000002A9 00                     736 	.db #0x00	; 0
    000002AA F0                     737 	.db #0xf0	; 240
    000002AB 00                     738 	.db #0x00	; 0
    000002AC F0                     739 	.db #0xf0	; 240
    000002AD 00                     740 	.db #0x00	; 0
    000002AE F0                     741 	.db #0xf0	; 240
    000002AF 00                     742 	.db #0x00	; 0
    000002B0 F0                     743 	.db #0xf0	; 240
    000002B1 00                     744 	.db #0x00	; 0
    000002B2 E0                     745 	.db #0xe0	; 224
    000002B3 00                     746 	.db #0x00	; 0
    000002B4 F0                     747 	.db #0xf0	; 240
    000002B5 00                     748 	.db #0x00	; 0
    000002B6 F0                     749 	.db #0xf0	; 240
    000002B7 00                     750 	.db #0x00	; 0
    000002B8 00                     751 	.db #0x00	; 0
    000002B9 00                     752 	.db #0x00	; 0
    000002BA 00                     753 	.db #0x00	; 0
    000002BB 00                     754 	.db #0x00	; 0
    000002BC 00                     755 	.db #0x00	; 0
    000002BD 00                     756 	.db #0x00	; 0
    000002BE 00                     757 	.db #0x00	; 0
    000002BF 00                     758 	.db #0x00	; 0
    000002C0 00                     759 	.db #0x00	; 0
    000002C1 00                     760 	.db #0x00	; 0
    000002C2 7F                     761 	.db #0x7f	; 127
    000002C3 00                     762 	.db #0x00	; 0
    000002C4 9F                     763 	.db #0x9f	; 159
    000002C5 60                     764 	.db #0x60	; 96
    000002C6 EF                     765 	.db #0xef	; 239
    000002C7 10                     766 	.db #0x10	; 16
    000002C8 00                     767 	.db #0x00	; 0
    000002C9 00                     768 	.db #0x00	; 0
    000002CA 00                     769 	.db #0x00	; 0
    000002CB 00                     770 	.db #0x00	; 0
    000002CC 00                     771 	.db #0x00	; 0
    000002CD 00                     772 	.db #0x00	; 0
    000002CE 00                     773 	.db #0x00	; 0
    000002CF 00                     774 	.db #0x00	; 0
    000002D0 00                     775 	.db #0x00	; 0
    000002D1 00                     776 	.db #0x00	; 0
    000002D2 FE                     777 	.db #0xfe	; 254
    000002D3 00                     778 	.db #0x00	; 0
    000002D4 F8                     779 	.db #0xf8	; 248
    000002D5 06                     780 	.db #0x06	; 6
    000002D6 F0                     781 	.db #0xf0	; 240
    000002D7 0E                     782 	.db #0x0e	; 14
    000002D8 FF                     783 	.db #0xff	; 255
    000002D9 00                     784 	.db #0x00	; 0
    000002DA FF                     785 	.db #0xff	; 255
    000002DB 00                     786 	.db #0x00	; 0
    000002DC FF                     787 	.db #0xff	; 255
    000002DD 00                     788 	.db #0x00	; 0
    000002DE FF                     789 	.db #0xff	; 255
    000002DF 00                     790 	.db #0x00	; 0
    000002E0 FE                     791 	.db #0xfe	; 254
    000002E1 01                     792 	.db #0x01	; 1
    000002E2 FF                     793 	.db #0xff	; 255
    000002E3 00                     794 	.db #0x00	; 0
    000002E4 FF                     795 	.db #0xff	; 255
    000002E5 00                     796 	.db #0x00	; 0
    000002E6 FF                     797 	.db #0xff	; 255
    000002E7 00                     798 	.db #0x00	; 0
    000002E8 C2                     799 	.db #0xc2	; 194
    000002E9 01                     800 	.db #0x01	; 1
    000002EA C2                     801 	.db #0xc2	; 194
    000002EB 01                     802 	.db #0x01	; 1
    000002EC C2                     803 	.db #0xc2	; 194
    000002ED 01                     804 	.db #0x01	; 1
    000002EE C2                     805 	.db #0xc2	; 194
    000002EF 01                     806 	.db #0x01	; 1
    000002F0 C2                     807 	.db #0xc2	; 194
    000002F1 01                     808 	.db #0x01	; 1
    000002F2 C2                     809 	.db #0xc2	; 194
    000002F3 01                     810 	.db #0x01	; 1
    000002F4 C2                     811 	.db #0xc2	; 194
    000002F5 01                     812 	.db #0x01	; 1
    000002F6 C2                     813 	.db #0xc2	; 194
    000002F7 01                     814 	.db #0x01	; 1
    000002F8 FF                     815 	.db #0xff	; 255
    000002F9 00                     816 	.db #0x00	; 0
    000002FA FF                     817 	.db #0xff	; 255
    000002FB 00                     818 	.db #0x00	; 0
    000002FC FF                     819 	.db #0xff	; 255
    000002FD 00                     820 	.db #0x00	; 0
    000002FE FF                     821 	.db #0xff	; 255
    000002FF 00                     822 	.db #0x00	; 0
    00000300 FF                     823 	.db #0xff	; 255
    00000301 00                     824 	.db #0x00	; 0
    00000302 BF                     825 	.db #0xbf	; 191
    00000303 40                     826 	.db #0x40	; 64
    00000304 F8                     827 	.db #0xf8	; 248
    00000305 07                     828 	.db #0x07	; 7
    00000306 00                     829 	.db #0x00	; 0
    00000307 FF                     830 	.db #0xff	; 255
    00000308 0F                     831 	.db #0x0f	; 15
    00000309 F0                     832 	.db #0xf0	; 240
    0000030A 0F                     833 	.db #0x0f	; 15
    0000030B F0                     834 	.db #0xf0	; 240
    0000030C 0F                     835 	.db #0x0f	; 15
    0000030D F0                     836 	.db #0xf0	; 240
    0000030E 0F                     837 	.db #0x0f	; 15
    0000030F F0                     838 	.db #0xf0	; 240
    00000310 0F                     839 	.db #0x0f	; 15
    00000311 F0                     840 	.db #0xf0	; 240
    00000312 0F                     841 	.db #0x0f	; 15
    00000313 F0                     842 	.db #0xf0	; 240
    00000314 0F                     843 	.db #0x0f	; 15
    00000315 F0                     844 	.db #0xf0	; 240
    00000316 0F                     845 	.db #0x0f	; 15
    00000317 F0                     846 	.db #0xf0	; 240
    00000318 C0                     847 	.db #0xc0	; 192
    00000319 00                     848 	.db #0x00	; 0
    0000031A C0                     849 	.db #0xc0	; 192
    0000031B 00                     850 	.db #0x00	; 0
    0000031C C0                     851 	.db #0xc0	; 192
    0000031D 00                     852 	.db #0x00	; 0
    0000031E C0                     853 	.db #0xc0	; 192
    0000031F 00                     854 	.db #0x00	; 0
    00000320 C0                     855 	.db #0xc0	; 192
    00000321 00                     856 	.db #0x00	; 0
    00000322 C0                     857 	.db #0xc0	; 192
    00000323 00                     858 	.db #0x00	; 0
    00000324 C0                     859 	.db #0xc0	; 192
    00000325 00                     860 	.db #0x00	; 0
    00000326 C0                     861 	.db #0xc0	; 192
    00000327 00                     862 	.db #0x00	; 0
    00000328 00                     863 	.db #0x00	; 0
    00000329 01                     864 	.db #0x01	; 1
    0000032A 00                     865 	.db #0x00	; 0
    0000032B 01                     866 	.db #0x01	; 1
    0000032C 01                     867 	.db #0x01	; 1
    0000032D 00                     868 	.db #0x00	; 0
    0000032E 00                     869 	.db #0x00	; 0
    0000032F 00                     870 	.db #0x00	; 0
    00000330 00                     871 	.db #0x00	; 0
    00000331 00                     872 	.db #0x00	; 0
    00000332 00                     873 	.db #0x00	; 0
    00000333 00                     874 	.db #0x00	; 0
    00000334 00                     875 	.db #0x00	; 0
    00000335 00                     876 	.db #0x00	; 0
    00000336 00                     877 	.db #0x00	; 0
    00000337 01                     878 	.db #0x01	; 1
    00000338 00                     879 	.db #0x00	; 0
    00000339 80                     880 	.db #0x80	; 128
    0000033A 00                     881 	.db #0x00	; 0
    0000033B 80                     882 	.db #0x80	; 128
    0000033C 80                     883 	.db #0x80	; 128
    0000033D 00                     884 	.db #0x00	; 0
    0000033E 00                     885 	.db #0x00	; 0
    0000033F 00                     886 	.db #0x00	; 0
    00000340 00                     887 	.db #0x00	; 0
    00000341 00                     888 	.db #0x00	; 0
    00000342 00                     889 	.db #0x00	; 0
    00000343 00                     890 	.db #0x00	; 0
    00000344 00                     891 	.db #0x00	; 0
    00000345 00                     892 	.db #0x00	; 0
    00000346 80                     893 	.db #0x80	; 128
    00000347 00                     894 	.db #0x00	; 0
    00000348 E0                     895 	.db #0xe0	; 224
    00000349 1F                     896 	.db #0x1f	; 31
    0000034A F7                     897 	.db #0xf7	; 247
    0000034B 08                     898 	.db #0x08	; 8
    0000034C F7                     899 	.db #0xf7	; 247
    0000034D 08                     900 	.db #0x08	; 8
    0000034E F7                     901 	.db #0xf7	; 247
    0000034F 08                     902 	.db #0x08	; 8
    00000350 B7                     903 	.db #0xb7	; 183
    00000351 48                     904 	.db #0x48	; 72	'H'
    00000352 B7                     905 	.db #0xb7	; 183
    00000353 48                     906 	.db #0x48	; 72	'H'
    00000354 B7                     907 	.db #0xb7	; 183
    00000355 48                     908 	.db #0x48	; 72	'H'
    00000356 B7                     909 	.db #0xb7	; 183
    00000357 48                     910 	.db #0x48	; 72	'H'
    00000358 00                     911 	.db #0x00	; 0
    00000359 FE                     912 	.db #0xfe	; 254
    0000035A C1                     913 	.db #0xc1	; 193
    0000035B 3E                     914 	.db #0x3e	; 62
    0000035C C1                     915 	.db #0xc1	; 193
    0000035D 3E                     916 	.db #0x3e	; 62
    0000035E C1                     917 	.db #0xc1	; 193
    0000035F 3E                     918 	.db #0x3e	; 62
    00000360 C1                     919 	.db #0xc1	; 193
    00000361 3E                     920 	.db #0x3e	; 62
    00000362 C1                     921 	.db #0xc1	; 193
    00000363 3E                     922 	.db #0x3e	; 62
    00000364 C1                     923 	.db #0xc1	; 193
    00000365 3E                     924 	.db #0x3e	; 62
    00000366 C1                     925 	.db #0xc1	; 193
    00000367 3E                     926 	.db #0x3e	; 62
    00000368 0F                     927 	.db #0x0f	; 15
    00000369 00                     928 	.db #0x00	; 0
    0000036A 0F                     929 	.db #0x0f	; 15
    0000036B 00                     930 	.db #0x00	; 0
    0000036C CF                     931 	.db #0xcf	; 207
    0000036D 00                     932 	.db #0x00	; 0
    0000036E CF                     933 	.db #0xcf	; 207
    0000036F 00                     934 	.db #0x00	; 0
    00000370 CF                     935 	.db #0xcf	; 207
    00000371 00                     936 	.db #0x00	; 0
    00000372 CF                     937 	.db #0xcf	; 207
    00000373 00                     938 	.db #0x00	; 0
    00000374 CF                     939 	.db #0xcf	; 207
    00000375 00                     940 	.db #0x00	; 0
    00000376 CF                     941 	.db #0xcf	; 207
    00000377 00                     942 	.db #0x00	; 0
    00000378 FF                     943 	.db #0xff	; 255
    00000379 00                     944 	.db #0x00	; 0
    0000037A FF                     945 	.db #0xff	; 255
    0000037B 00                     946 	.db #0x00	; 0
    0000037C FE                     947 	.db #0xfe	; 254
    0000037D 01                     948 	.db #0x01	; 1
    0000037E FF                     949 	.db #0xff	; 255
    0000037F 00                     950 	.db #0x00	; 0
    00000380 FF                     951 	.db #0xff	; 255
    00000381 00                     952 	.db #0x00	; 0
    00000382 FF                     953 	.db #0xff	; 255
    00000383 00                     954 	.db #0x00	; 0
    00000384 FF                     955 	.db #0xff	; 255
    00000385 00                     956 	.db #0x00	; 0
    00000386 FE                     957 	.db #0xfe	; 254
    00000387 01                     958 	.db #0x01	; 1
    00000388 02                     959 	.db #0x02	; 2
    00000389 01                     960 	.db #0x01	; 1
    0000038A 00                     961 	.db #0x00	; 0
    0000038B 01                     962 	.db #0x01	; 1
    0000038C 00                     963 	.db #0x00	; 0
    0000038D 01                     964 	.db #0x01	; 1
    0000038E 02                     965 	.db #0x02	; 2
    0000038F 01                     966 	.db #0x01	; 1
    00000390 00                     967 	.db #0x00	; 0
    00000391 01                     968 	.db #0x01	; 1
    00000392 02                     969 	.db #0x02	; 2
    00000393 01                     970 	.db #0x01	; 1
    00000394 01                     971 	.db #0x01	; 1
    00000395 00                     972 	.db #0x00	; 0
    00000396 00                     973 	.db #0x00	; 0
    00000397 00                     974 	.db #0x00	; 0
    00000398 00                     975 	.db #0x00	; 0
    00000399 80                     976 	.db #0x80	; 128
    0000039A 00                     977 	.db #0x00	; 0
    0000039B 80                     978 	.db #0x80	; 128
    0000039C 00                     979 	.db #0x00	; 0
    0000039D 80                     980 	.db #0x80	; 128
    0000039E 00                     981 	.db #0x00	; 0
    0000039F 80                     982 	.db #0x80	; 128
    000003A0 00                     983 	.db #0x00	; 0
    000003A1 80                     984 	.db #0x80	; 128
    000003A2 00                     985 	.db #0x00	; 0
    000003A3 80                     986 	.db #0x80	; 128
    000003A4 80                     987 	.db #0x80	; 128
    000003A5 00                     988 	.db #0x00	; 0
    000003A6 00                     989 	.db #0x00	; 0
    000003A7 00                     990 	.db #0x00	; 0
    000003A8 B7                     991 	.db #0xb7	; 183
    000003A9 48                     992 	.db #0x48	; 72	'H'
    000003AA A0                     993 	.db #0xa0	; 160
    000003AB 5F                     994 	.db #0x5f	; 95
    000003AC C0                     995 	.db #0xc0	; 192
    000003AD 3F                     996 	.db #0x3f	; 63
    000003AE 80                     997 	.db #0x80	; 128
    000003AF 7F                     998 	.db #0x7f	; 127
    000003B0 0F                     999 	.db #0x0f	; 15
    000003B1 70                    1000 	.db #0x70	; 112	'p'
    000003B2 41                    1001 	.db #0x41	; 65	'A'
    000003B3 30                    1002 	.db #0x30	; 48	'0'
    000003B4 53                    1003 	.db #0x53	; 83	'S'
    000003B5 20                    1004 	.db #0x20	; 32
    000003B6 4F                    1005 	.db #0x4f	; 79	'O'
    000003B7 30                    1006 	.db #0x30	; 48	'0'
    000003B8 C1                    1007 	.db #0xc1	; 193
    000003B9 3E                    1008 	.db #0x3e	; 62
    000003BA 01                    1009 	.db #0x01	; 1
    000003BB FE                    1010 	.db #0xfe	; 254
    000003BC 01                    1011 	.db #0x01	; 1
    000003BD FE                    1012 	.db #0xfe	; 254
    000003BE 01                    1013 	.db #0x01	; 1
    000003BF FE                    1014 	.db #0xfe	; 254
    000003C0 F3                    1015 	.db #0xf3	; 243
    000003C1 0C                    1016 	.db #0x0c	; 12
    000003C2 F3                    1017 	.db #0xf3	; 243
    000003C3 0C                    1018 	.db #0x0c	; 12
    000003C4 F3                    1019 	.db #0xf3	; 243
    000003C5 0C                    1020 	.db #0x0c	; 12
    000003C6 F3                    1021 	.db #0xf3	; 243
    000003C7 0C                    1022 	.db #0x0c	; 12
    000003C8 8F                    1023 	.db #0x8f	; 143
    000003C9 00                    1024 	.db #0x00	; 0
    000003CA 8F                    1025 	.db #0x8f	; 143
    000003CB 00                    1026 	.db #0x00	; 0
    000003CC CF                    1027 	.db #0xcf	; 207
    000003CD 00                    1028 	.db #0x00	; 0
    000003CE CE                    1029 	.db #0xce	; 206
    000003CF 01                    1030 	.db #0x01	; 1
    000003D0 CF                    1031 	.db #0xcf	; 207
    000003D1 00                    1032 	.db #0x00	; 0
    000003D2 CF                    1033 	.db #0xcf	; 207
    000003D3 00                    1034 	.db #0x00	; 0
    000003D4 8F                    1035 	.db #0x8f	; 143
    000003D5 00                    1036 	.db #0x00	; 0
    000003D6 8E                    1037 	.db #0x8e	; 142
    000003D7 01                    1038 	.db #0x01	; 1
    000003D8 C1                    1039 	.db #0xc1	; 193
    000003D9 00                    1040 	.db #0x00	; 0
    000003DA C0                    1041 	.db #0xc0	; 192
    000003DB 00                    1042 	.db #0x00	; 0
    000003DC C0                    1043 	.db #0xc0	; 192
    000003DD 00                    1044 	.db #0x00	; 0
    000003DE C0                    1045 	.db #0xc0	; 192
    000003DF 00                    1046 	.db #0x00	; 0
    000003E0 C0                    1047 	.db #0xc0	; 192
    000003E1 00                    1048 	.db #0x00	; 0
    000003E2 C0                    1049 	.db #0xc0	; 192
    000003E3 00                    1050 	.db #0x00	; 0
    000003E4 C0                    1051 	.db #0xc0	; 192
    000003E5 00                    1052 	.db #0x00	; 0
    000003E6 C0                    1053 	.db #0xc0	; 192
    000003E7 00                    1054 	.db #0x00	; 0
    000003E8 FF                    1055 	.db #0xff	; 255
    000003E9 00                    1056 	.db #0x00	; 0
    000003EA 00                    1057 	.db #0x00	; 0
    000003EB 00                    1058 	.db #0x00	; 0
    000003EC 00                    1059 	.db #0x00	; 0
    000003ED 00                    1060 	.db #0x00	; 0
    000003EE 00                    1061 	.db #0x00	; 0
    000003EF 00                    1062 	.db #0x00	; 0
    000003F0 00                    1063 	.db #0x00	; 0
    000003F1 00                    1064 	.db #0x00	; 0
    000003F2 00                    1065 	.db #0x00	; 0
    000003F3 00                    1066 	.db #0x00	; 0
    000003F4 00                    1067 	.db #0x00	; 0
    000003F5 00                    1068 	.db #0x00	; 0
    000003F6 00                    1069 	.db #0x00	; 0
    000003F7 00                    1070 	.db #0x00	; 0
    000003F8 00                    1071 	.db #0x00	; 0
    000003F9 00                    1072 	.db #0x00	; 0
    000003FA 00                    1073 	.db #0x00	; 0
    000003FB 00                    1074 	.db #0x00	; 0
    000003FC 00                    1075 	.db #0x00	; 0
    000003FD 00                    1076 	.db #0x00	; 0
    000003FE 01                    1077 	.db #0x01	; 1
    000003FF 00                    1078 	.db #0x00	; 0
    00000400 02                    1079 	.db #0x02	; 2
    00000401 01                    1080 	.db #0x01	; 1
    00000402 00                    1081 	.db #0x00	; 0
    00000403 01                    1082 	.db #0x01	; 1
    00000404 02                    1083 	.db #0x02	; 2
    00000405 01                    1084 	.db #0x01	; 1
    00000406 00                    1085 	.db #0x00	; 0
    00000407 01                    1086 	.db #0x01	; 1
    00000408 00                    1087 	.db #0x00	; 0
    00000409 00                    1088 	.db #0x00	; 0
    0000040A 00                    1089 	.db #0x00	; 0
    0000040B 00                    1090 	.db #0x00	; 0
    0000040C 00                    1091 	.db #0x00	; 0
    0000040D 00                    1092 	.db #0x00	; 0
    0000040E 80                    1093 	.db #0x80	; 128
    0000040F 00                    1094 	.db #0x00	; 0
    00000410 00                    1095 	.db #0x00	; 0
    00000411 80                    1096 	.db #0x80	; 128
    00000412 00                    1097 	.db #0x00	; 0
    00000413 80                    1098 	.db #0x80	; 128
    00000414 00                    1099 	.db #0x00	; 0
    00000415 80                    1100 	.db #0x80	; 128
    00000416 00                    1101 	.db #0x00	; 0
    00000417 80                    1102 	.db #0x80	; 128
    00000418 5F                    1103 	.db #0x5f	; 95
    00000419 20                    1104 	.db #0x20	; 32
    0000041A 00                    1105 	.db #0x00	; 0
    0000041B 00                    1106 	.db #0x00	; 0
    0000041C 00                    1107 	.db #0x00	; 0
    0000041D 00                    1108 	.db #0x00	; 0
    0000041E 00                    1109 	.db #0x00	; 0
    0000041F 00                    1110 	.db #0x00	; 0
    00000420 00                    1111 	.db #0x00	; 0
    00000421 00                    1112 	.db #0x00	; 0
    00000422 00                    1113 	.db #0x00	; 0
    00000423 00                    1114 	.db #0x00	; 0
    00000424 00                    1115 	.db #0x00	; 0
    00000425 00                    1116 	.db #0x00	; 0
    00000426 00                    1117 	.db #0x00	; 0
    00000427 00                    1118 	.db #0x00	; 0
    00000428 F3                    1119 	.db #0xf3	; 243
    00000429 0C                    1120 	.db #0x0c	; 12
    0000042A 00                    1121 	.db #0x00	; 0
    0000042B 00                    1122 	.db #0x00	; 0
    0000042C 00                    1123 	.db #0x00	; 0
    0000042D 00                    1124 	.db #0x00	; 0
    0000042E 00                    1125 	.db #0x00	; 0
    0000042F 00                    1126 	.db #0x00	; 0
    00000430 00                    1127 	.db #0x00	; 0
    00000431 00                    1128 	.db #0x00	; 0
    00000432 00                    1129 	.db #0x00	; 0
    00000433 00                    1130 	.db #0x00	; 0
    00000434 00                    1131 	.db #0x00	; 0
    00000435 00                    1132 	.db #0x00	; 0
    00000436 00                    1133 	.db #0x00	; 0
    00000437 00                    1134 	.db #0x00	; 0
    00000438 8F                    1135 	.db #0x8f	; 143
    00000439 00                    1136 	.db #0x00	; 0
    0000043A 0F                    1137 	.db #0x0f	; 15
    0000043B 00                    1138 	.db #0x00	; 0
    0000043C 0F                    1139 	.db #0x0f	; 15
    0000043D 00                    1140 	.db #0x00	; 0
    0000043E 0F                    1141 	.db #0x0f	; 15
    0000043F 00                    1142 	.db #0x00	; 0
    00000440 0F                    1143 	.db #0x0f	; 15
    00000441 00                    1144 	.db #0x00	; 0
    00000442 0F                    1145 	.db #0x0f	; 15
    00000443 00                    1146 	.db #0x00	; 0
    00000444 0E                    1147 	.db #0x0e	; 14
    00000445 01                    1148 	.db #0x01	; 1
    00000446 0F                    1149 	.db #0x0f	; 15
    00000447 00                    1150 	.db #0x00	; 0
    00000448 FC                    1151 	.db #0xfc	; 252
    00000449 00                    1152 	.db #0x00	; 0
    0000044A BF                    1153 	.db #0xbf	; 191
    0000044B 00                    1154 	.db #0x00	; 0
    0000044C FF                    1155 	.db #0xff	; 255
    0000044D 00                    1156 	.db #0x00	; 0
    0000044E FF                    1157 	.db #0xff	; 255
    0000044F 00                    1158 	.db #0x00	; 0
    00000450 FF                    1159 	.db #0xff	; 255
    00000451 00                    1160 	.db #0x00	; 0
    00000452 FF                    1161 	.db #0xff	; 255
    00000453 00                    1162 	.db #0x00	; 0
    00000454 FF                    1163 	.db #0xff	; 255
    00000455 00                    1164 	.db #0x00	; 0
    00000456 FF                    1165 	.db #0xff	; 255
    00000457 00                    1166 	.db #0x00	; 0
    00000458 CF                    1167 	.db #0xcf	; 207
    00000459 00                    1168 	.db #0x00	; 0
    0000045A FF                    1169 	.db #0xff	; 255
    0000045B 00                    1170 	.db #0x00	; 0
    0000045C FF                    1171 	.db #0xff	; 255
    0000045D 00                    1172 	.db #0x00	; 0
    0000045E FF                    1173 	.db #0xff	; 255
    0000045F 00                    1174 	.db #0x00	; 0
    00000460 FF                    1175 	.db #0xff	; 255
    00000461 00                    1176 	.db #0x00	; 0
    00000462 FF                    1177 	.db #0xff	; 255
    00000463 00                    1178 	.db #0x00	; 0
    00000464 FF                    1179 	.db #0xff	; 255
    00000465 00                    1180 	.db #0x00	; 0
    00000466 FF                    1181 	.db #0xff	; 255
    00000467 00                    1182 	.db #0x00	; 0
    00000468 EB                    1183 	.db #0xeb	; 235
    00000469 00                    1184 	.db #0x00	; 0
    0000046A FF                    1185 	.db #0xff	; 255
    0000046B 00                    1186 	.db #0x00	; 0
    0000046C FF                    1187 	.db #0xff	; 255
    0000046D 00                    1188 	.db #0x00	; 0
    0000046E FF                    1189 	.db #0xff	; 255
    0000046F 00                    1190 	.db #0x00	; 0
    00000470 FF                    1191 	.db #0xff	; 255
    00000471 00                    1192 	.db #0x00	; 0
    00000472 FF                    1193 	.db #0xff	; 255
    00000473 00                    1194 	.db #0x00	; 0
    00000474 FF                    1195 	.db #0xff	; 255
    00000475 00                    1196 	.db #0x00	; 0
    00000476 FF                    1197 	.db #0xff	; 255
    00000477 00                    1198 	.db #0x00	; 0
    00000478 3F                    1199 	.db #0x3f	; 63
    00000479 00                    1200 	.db #0x00	; 0
    0000047A FF                    1201 	.db #0xff	; 255
    0000047B 00                    1202 	.db #0x00	; 0
    0000047C FF                    1203 	.db #0xff	; 255
    0000047D 00                    1204 	.db #0x00	; 0
    0000047E DF                    1205 	.db #0xdf	; 223
    0000047F 20                    1206 	.db #0x20	; 32
    00000480 FF                    1207 	.db #0xff	; 255
    00000481 00                    1208 	.db #0x00	; 0
    00000482 FF                    1209 	.db #0xff	; 255
    00000483 00                    1210 	.db #0x00	; 0
    00000484 FF                    1211 	.db #0xff	; 255
    00000485 00                    1212 	.db #0x00	; 0
    00000486 FF                    1213 	.db #0xff	; 255
    00000487 00                    1214 	.db #0x00	; 0
    00000488 80                    1215 	.db #0x80	; 128
    00000489 00                    1216 	.db #0x00	; 0
    0000048A E0                    1217 	.db #0xe0	; 224
    0000048B 00                    1218 	.db #0x00	; 0
    0000048C A0                    1219 	.db #0xa0	; 160
    0000048D 00                    1220 	.db #0x00	; 0
    0000048E E0                    1221 	.db #0xe0	; 224
    0000048F 00                    1222 	.db #0x00	; 0
    00000490 E0                    1223 	.db #0xe0	; 224
    00000491 00                    1224 	.db #0x00	; 0
    00000492 E0                    1225 	.db #0xe0	; 224
    00000493 00                    1226 	.db #0x00	; 0
    00000494 E0                    1227 	.db #0xe0	; 224
    00000495 00                    1228 	.db #0x00	; 0
    00000496 E0                    1229 	.db #0xe0	; 224
    00000497 00                    1230 	.db #0x00	; 0
    00000498 00                    1231 	.db #0x00	; 0
    00000499 01                    1232 	.db #0x01	; 1
    0000049A 02                    1233 	.db #0x02	; 2
    0000049B 01                    1234 	.db #0x01	; 1
    0000049C 00                    1235 	.db #0x00	; 0
    0000049D 01                    1236 	.db #0x01	; 1
    0000049E 00                    1237 	.db #0x00	; 0
    0000049F 00                    1238 	.db #0x00	; 0
    000004A0 00                    1239 	.db #0x00	; 0
    000004A1 00                    1240 	.db #0x00	; 0
    000004A2 00                    1241 	.db #0x00	; 0
    000004A3 00                    1242 	.db #0x00	; 0
    000004A4 00                    1243 	.db #0x00	; 0
    000004A5 00                    1244 	.db #0x00	; 0
    000004A6 01                    1245 	.db #0x01	; 1
    000004A7 00                    1246 	.db #0x00	; 0
    000004A8 03                    1247 	.db #0x03	; 3
    000004A9 00                    1248 	.db #0x00	; 0
    000004AA 07                    1249 	.db #0x07	; 7
    000004AB 00                    1250 	.db #0x00	; 0
    000004AC 05                    1251 	.db #0x05	; 5
    000004AD 00                    1252 	.db #0x00	; 0
    000004AE 07                    1253 	.db #0x07	; 7
    000004AF 00                    1254 	.db #0x00	; 0
    000004B0 07                    1255 	.db #0x07	; 7
    000004B1 00                    1256 	.db #0x00	; 0
    000004B2 07                    1257 	.db #0x07	; 7
    000004B3 00                    1258 	.db #0x00	; 0
    000004B4 07                    1259 	.db #0x07	; 7
    000004B5 00                    1260 	.db #0x00	; 0
    000004B6 07                    1261 	.db #0x07	; 7
    000004B7 00                    1262 	.db #0x00	; 0
    000004B8 8E                    1263 	.db #0x8e	; 142
    000004B9 00                    1264 	.db #0x00	; 0
    000004BA FF                    1265 	.db #0xff	; 255
    000004BB 00                    1266 	.db #0x00	; 0
    000004BC FF                    1267 	.db #0xff	; 255
    000004BD 00                    1268 	.db #0x00	; 0
    000004BE EF                    1269 	.db #0xef	; 239
    000004BF 10                    1270 	.db #0x10	; 16
    000004C0 FF                    1271 	.db #0xff	; 255
    000004C1 00                    1272 	.db #0x00	; 0
    000004C2 FF                    1273 	.db #0xff	; 255
    000004C3 00                    1274 	.db #0x00	; 0
    000004C4 FF                    1275 	.db #0xff	; 255
    000004C5 00                    1276 	.db #0x00	; 0
    000004C6 FF                    1277 	.db #0xff	; 255
    000004C7 00                    1278 	.db #0x00	; 0
    000004C8 3F                    1279 	.db #0x3f	; 63
    000004C9 00                    1280 	.db #0x00	; 0
    000004CA FF                    1281 	.db #0xff	; 255
    000004CB 00                    1282 	.db #0x00	; 0
    000004CC FF                    1283 	.db #0xff	; 255
    000004CD 00                    1284 	.db #0x00	; 0
    000004CE FF                    1285 	.db #0xff	; 255
    000004CF 00                    1286 	.db #0x00	; 0
    000004D0 FF                    1287 	.db #0xff	; 255
    000004D1 00                    1288 	.db #0x00	; 0
    000004D2 FF                    1289 	.db #0xff	; 255
    000004D3 00                    1290 	.db #0x00	; 0
    000004D4 FF                    1291 	.db #0xff	; 255
    000004D5 00                    1292 	.db #0x00	; 0
    000004D6 FF                    1293 	.db #0xff	; 255
    000004D7 00                    1294 	.db #0x00	; 0
    000004D8 FC                    1295 	.db #0xfc	; 252
    000004D9 00                    1296 	.db #0x00	; 0
    000004DA FF                    1297 	.db #0xff	; 255
    000004DB 00                    1298 	.db #0x00	; 0
    000004DC FF                    1299 	.db #0xff	; 255
    000004DD 00                    1300 	.db #0x00	; 0
    000004DE FF                    1301 	.db #0xff	; 255
    000004DF 00                    1302 	.db #0x00	; 0
    000004E0 FF                    1303 	.db #0xff	; 255
    000004E1 00                    1304 	.db #0x00	; 0
    000004E2 FF                    1305 	.db #0xff	; 255
    000004E3 00                    1306 	.db #0x00	; 0
    000004E4 FF                    1307 	.db #0xff	; 255
    000004E5 00                    1308 	.db #0x00	; 0
    000004E6 FF                    1309 	.db #0xff	; 255
    000004E7 00                    1310 	.db #0x00	; 0
    000004E8 FF                    1311 	.db #0xff	; 255
    000004E9 00                    1312 	.db #0x00	; 0
    000004EA FB                    1313 	.db #0xfb	; 251
    000004EB 00                    1314 	.db #0x00	; 0
    000004EC FF                    1315 	.db #0xff	; 255
    000004ED 00                    1316 	.db #0x00	; 0
    000004EE F7                    1317 	.db #0xf7	; 247
    000004EF 08                    1318 	.db #0x08	; 8
    000004F0 FF                    1319 	.db #0xff	; 255
    000004F1 00                    1320 	.db #0x00	; 0
    000004F2 FF                    1321 	.db #0xff	; 255
    000004F3 00                    1322 	.db #0x00	; 0
    000004F4 FF                    1323 	.db #0xff	; 255
    000004F5 00                    1324 	.db #0x00	; 0
    000004F6 FF                    1325 	.db #0xff	; 255
    000004F7 00                    1326 	.db #0x00	; 0
    000004F8 E0                    1327 	.db #0xe0	; 224
    000004F9 00                    1328 	.db #0x00	; 0
    000004FA EC                    1329 	.db #0xec	; 236
    000004FB 00                    1330 	.db #0x00	; 0
    000004FC EC                    1331 	.db #0xec	; 236
    000004FD 00                    1332 	.db #0x00	; 0
    000004FE E4                    1333 	.db #0xe4	; 228
    000004FF 00                    1334 	.db #0x00	; 0
    00000500 FC                    1335 	.db #0xfc	; 252
    00000501 00                    1336 	.db #0x00	; 0
    00000502 E4                    1337 	.db #0xe4	; 228
    00000503 00                    1338 	.db #0x00	; 0
    00000504 EC                    1339 	.db #0xec	; 236
    00000505 00                    1340 	.db #0x00	; 0
    00000506 E0                    1341 	.db #0xe0	; 224
    00000507 00                    1342 	.db #0x00	; 0
    00000508 00                    1343 	.db #0x00	; 0
    00000509 01                    1344 	.db #0x01	; 1
    0000050A 00                    1345 	.db #0x00	; 0
    0000050B 01                    1346 	.db #0x01	; 1
    0000050C 02                    1347 	.db #0x02	; 2
    0000050D 01                    1348 	.db #0x01	; 1
    0000050E 02                    1349 	.db #0x02	; 2
    0000050F 01                    1350 	.db #0x01	; 1
    00000510 00                    1351 	.db #0x00	; 0
    00000511 01                    1352 	.db #0x01	; 1
    00000512 02                    1353 	.db #0x02	; 2
    00000513 01                    1354 	.db #0x01	; 1
    00000514 00                    1355 	.db #0x00	; 0
    00000515 01                    1356 	.db #0x01	; 1
    00000516 01                    1357 	.db #0x01	; 1
    00000517 00                    1358 	.db #0x00	; 0
    00000518 00                    1359 	.db #0x00	; 0
    00000519 80                    1360 	.db #0x80	; 128
    0000051A 00                    1361 	.db #0x00	; 0
    0000051B 80                    1362 	.db #0x80	; 128
    0000051C 00                    1363 	.db #0x00	; 0
    0000051D 80                    1364 	.db #0x80	; 128
    0000051E 00                    1365 	.db #0x00	; 0
    0000051F 80                    1366 	.db #0x80	; 128
    00000520 00                    1367 	.db #0x00	; 0
    00000521 80                    1368 	.db #0x80	; 128
    00000522 00                    1369 	.db #0x00	; 0
    00000523 80                    1370 	.db #0x80	; 128
    00000524 00                    1371 	.db #0x00	; 0
    00000525 80                    1372 	.db #0x80	; 128
    00000526 00                    1373 	.db #0x00	; 0
    00000527 00                    1374 	.db #0x00	; 0
    00000528 07                    1375 	.db #0x07	; 7
    00000529 00                    1376 	.db #0x00	; 0
    0000052A 37                    1377 	.db #0x37	; 55	'7'
    0000052B 00                    1378 	.db #0x00	; 0
    0000052C 27                    1379 	.db #0x27	; 39
    0000052D 00                    1380 	.db #0x00	; 0
    0000052E 67                    1381 	.db #0x67	; 103	'g'
    0000052F 00                    1382 	.db #0x00	; 0
    00000530 7F                    1383 	.db #0x7f	; 127
    00000531 00                    1384 	.db #0x00	; 0
    00000532 67                    1385 	.db #0x67	; 103	'g'
    00000533 00                    1386 	.db #0x00	; 0
    00000534 3F                    1387 	.db #0x3f	; 63
    00000535 00                    1388 	.db #0x00	; 0
    00000536 07                    1389 	.db #0x07	; 7
    00000537 00                    1390 	.db #0x00	; 0
    00000538 00                    1391 	.db #0x00	; 0
    00000539 00                    1392 	.db #0x00	; 0
    0000053A 00                    1393 	.db #0x00	; 0
    0000053B 00                    1394 	.db #0x00	; 0
    0000053C 00                    1395 	.db #0x00	; 0
    0000053D 00                    1396 	.db #0x00	; 0
    0000053E 00                    1397 	.db #0x00	; 0
    0000053F 00                    1398 	.db #0x00	; 0
    00000540 00                    1399 	.db #0x00	; 0
    00000541 01                    1400 	.db #0x01	; 1
    00000542 02                    1401 	.db #0x02	; 2
    00000543 01                    1402 	.db #0x01	; 1
    00000544 02                    1403 	.db #0x02	; 2
    00000545 01                    1404 	.db #0x01	; 1
    00000546 00                    1405 	.db #0x00	; 0
    00000547 01                    1406 	.db #0x01	; 1
    00000548 00                    1407 	.db #0x00	; 0
    00000549 00                    1408 	.db #0x00	; 0
    0000054A 00                    1409 	.db #0x00	; 0
    0000054B 00                    1410 	.db #0x00	; 0
    0000054C 00                    1411 	.db #0x00	; 0
    0000054D 00                    1412 	.db #0x00	; 0
    0000054E 00                    1413 	.db #0x00	; 0
    0000054F 00                    1414 	.db #0x00	; 0
    00000550 80                    1415 	.db #0x80	; 128
    00000551 00                    1416 	.db #0x00	; 0
    00000552 00                    1417 	.db #0x00	; 0
    00000553 80                    1418 	.db #0x80	; 128
    00000554 00                    1419 	.db #0x00	; 0
    00000555 80                    1420 	.db #0x80	; 128
    00000556 00                    1421 	.db #0x00	; 0
    00000557 80                    1422 	.db #0x80	; 128
    00000558 00                    1423 	.db #0x00	; 0
    00000559 01                    1424 	.db #0x01	; 1
    0000055A 00                    1425 	.db #0x00	; 0
    0000055B 01                    1426 	.db #0x01	; 1
    0000055C 00                    1427 	.db #0x00	; 0
    0000055D 01                    1428 	.db #0x01	; 1
    0000055E 01                    1429 	.db #0x01	; 1
    0000055F 00                    1430 	.db #0x00	; 0
    00000560 00                    1431 	.db #0x00	; 0
    00000561 00                    1432 	.db #0x00	; 0
    00000562 00                    1433 	.db #0x00	; 0
    00000563 00                    1434 	.db #0x00	; 0
    00000564 00                    1435 	.db #0x00	; 0
    00000565 00                    1436 	.db #0x00	; 0
    00000566 00                    1437 	.db #0x00	; 0
    00000567 00                    1438 	.db #0x00	; 0
    00000568 00                    1439 	.db #0x00	; 0
    00000569 80                    1440 	.db #0x80	; 128
    0000056A 00                    1441 	.db #0x00	; 0
    0000056B 80                    1442 	.db #0x80	; 128
    0000056C 00                    1443 	.db #0x00	; 0
    0000056D 80                    1444 	.db #0x80	; 128
    0000056E 80                    1445 	.db #0x80	; 128
    0000056F 00                    1446 	.db #0x00	; 0
    00000570 00                    1447 	.db #0x00	; 0
    00000571 00                    1448 	.db #0x00	; 0
    00000572 00                    1449 	.db #0x00	; 0
    00000573 00                    1450 	.db #0x00	; 0
    00000574 00                    1451 	.db #0x00	; 0
    00000575 00                    1452 	.db #0x00	; 0
    00000576 00                    1453 	.db #0x00	; 0
    00000577 00                    1454 	.db #0x00	; 0
    00000578 01                    1455 	.db #0x01	; 1
    00000579 00                    1456 	.db #0x00	; 0
    0000057A 02                    1457 	.db #0x02	; 2
    0000057B 01                    1458 	.db #0x01	; 1
    0000057C 00                    1459 	.db #0x00	; 0
    0000057D 01                    1460 	.db #0x01	; 1
    0000057E 02                    1461 	.db #0x02	; 2
    0000057F 01                    1462 	.db #0x01	; 1
    00000580 02                    1463 	.db #0x02	; 2
    00000581 01                    1464 	.db #0x01	; 1
    00000582 00                    1465 	.db #0x00	; 0
    00000583 01                    1466 	.db #0x01	; 1
    00000584 02                    1467 	.db #0x02	; 2
    00000585 01                    1468 	.db #0x01	; 1
    00000586 00                    1469 	.db #0x00	; 0
    00000587 01                    1470 	.db #0x01	; 1
    00000588 80                    1471 	.db #0x80	; 128
    00000589 00                    1472 	.db #0x00	; 0
    0000058A 00                    1473 	.db #0x00	; 0
    0000058B 80                    1474 	.db #0x80	; 128
    0000058C 80                    1475 	.db #0x80	; 128
    0000058D 00                    1476 	.db #0x00	; 0
    0000058E 00                    1477 	.db #0x00	; 0
    0000058F 80                    1478 	.db #0x80	; 128
    00000590 00                    1479 	.db #0x00	; 0
    00000591 80                    1480 	.db #0x80	; 128
    00000592 00                    1481 	.db #0x00	; 0
    00000593 80                    1482 	.db #0x80	; 128
    00000594 00                    1483 	.db #0x00	; 0
    00000595 80                    1484 	.db #0x80	; 128
    00000596 80                    1485 	.db #0x80	; 128
    00000597 00                    1486 	.db #0x00	; 0
    00000598 FF                    1487 	.db #0xff	; 255
    00000599 00                    1488 	.db #0x00	; 0
    0000059A FF                    1489 	.db #0xff	; 255
    0000059B 00                    1490 	.db #0x00	; 0
    0000059C FF                    1491 	.db #0xff	; 255
    0000059D 00                    1492 	.db #0x00	; 0
    0000059E EF                    1493 	.db #0xef	; 239
    0000059F 10                    1494 	.db #0x10	; 16
    000005A0 FF                    1495 	.db #0xff	; 255
    000005A1 00                    1496 	.db #0x00	; 0
    000005A2 FF                    1497 	.db #0xff	; 255
    000005A3 00                    1498 	.db #0x00	; 0
    000005A4 FF                    1499 	.db #0xff	; 255
    000005A5 00                    1500 	.db #0x00	; 0
    000005A6 EF                    1501 	.db #0xef	; 239
    000005A7 10                    1502 	.db #0x10	; 16
    000005A8 E0                    1503 	.db #0xe0	; 224
    000005A9 00                    1504 	.db #0x00	; 0
    000005AA E0                    1505 	.db #0xe0	; 224
    000005AB 00                    1506 	.db #0x00	; 0
    000005AC EC                    1507 	.db #0xec	; 236
    000005AD 00                    1508 	.db #0x00	; 0
    000005AE E4                    1509 	.db #0xe4	; 228
    000005AF 00                    1510 	.db #0x00	; 0
    000005B0 E4                    1511 	.db #0xe4	; 228
    000005B1 00                    1512 	.db #0x00	; 0
    000005B2 FC                    1513 	.db #0xfc	; 252
    000005B3 00                    1514 	.db #0x00	; 0
    000005B4 E0                    1515 	.db #0xe0	; 224
    000005B5 00                    1516 	.db #0x00	; 0
    000005B6 E0                    1517 	.db #0xe0	; 224
    000005B7 00                    1518 	.db #0x00	; 0
    000005B8 00                    1519 	.db #0x00	; 0
    000005B9 00                    1520 	.db #0x00	; 0
    000005BA 00                    1521 	.db #0x00	; 0
    000005BB 00                    1522 	.db #0x00	; 0
    000005BC 00                    1523 	.db #0x00	; 0
    000005BD 00                    1524 	.db #0x00	; 0
    000005BE 00                    1525 	.db #0x00	; 0
    000005BF 00                    1526 	.db #0x00	; 0
    000005C0 01                    1527 	.db #0x01	; 1
    000005C1 00                    1528 	.db #0x00	; 0
    000005C2 00                    1529 	.db #0x00	; 0
    000005C3 01                    1530 	.db #0x01	; 1
    000005C4 00                    1531 	.db #0x00	; 0
    000005C5 01                    1532 	.db #0x01	; 1
    000005C6 00                    1533 	.db #0x00	; 0
    000005C7 01                    1534 	.db #0x01	; 1
    000005C8 07                    1535 	.db #0x07	; 7
    000005C9 00                    1536 	.db #0x00	; 0
    000005CA 07                    1537 	.db #0x07	; 7
    000005CB 00                    1538 	.db #0x00	; 0
    000005CC 2F                    1539 	.db #0x2f	; 47
    000005CD 00                    1540 	.db #0x00	; 0
    000005CE 27                    1541 	.db #0x27	; 39
    000005CF 00                    1542 	.db #0x00	; 0
    000005D0 27                    1543 	.db #0x27	; 39
    000005D1 00                    1544 	.db #0x00	; 0
    000005D2 3F                    1545 	.db #0x3f	; 63
    000005D3 00                    1546 	.db #0x00	; 0
    000005D4 07                    1547 	.db #0x07	; 7
    000005D5 00                    1548 	.db #0x00	; 0
    000005D6 07                    1549 	.db #0x07	; 7
    000005D7 00                    1550 	.db #0x00	; 0
    000005D8 FF                    1551 	.db #0xff	; 255
    000005D9 00                    1552 	.db #0x00	; 0
    000005DA FF                    1553 	.db #0xff	; 255
    000005DB 00                    1554 	.db #0x00	; 0
    000005DC FF                    1555 	.db #0xff	; 255
    000005DD 00                    1556 	.db #0x00	; 0
    000005DE F7                    1557 	.db #0xf7	; 247
    000005DF 08                    1558 	.db #0x08	; 8
    000005E0 FF                    1559 	.db #0xff	; 255
    000005E1 00                    1560 	.db #0x00	; 0
    000005E2 FF                    1561 	.db #0xff	; 255
    000005E3 00                    1562 	.db #0x00	; 0
    000005E4 FF                    1563 	.db #0xff	; 255
    000005E5 00                    1564 	.db #0x00	; 0
    000005E6 F7                    1565 	.db #0xf7	; 247
    000005E7 08                    1566 	.db #0x08	; 8
    000005E8 FF                    1567 	.db #0xff	; 255
    000005E9 00                    1568 	.db #0x00	; 0
    000005EA FF                    1569 	.db #0xff	; 255
    000005EB 00                    1570 	.db #0x00	; 0
    000005EC FF                    1571 	.db #0xff	; 255
    000005ED 00                    1572 	.db #0x00	; 0
    000005EE EC                    1573 	.db #0xec	; 236
    000005EF 13                    1574 	.db #0x13	; 19
    000005F0 EE                    1575 	.db #0xee	; 238
    000005F1 11                    1576 	.db #0x11	; 17
    000005F2 FF                    1577 	.db #0xff	; 255
    000005F3 00                    1578 	.db #0x00	; 0
    000005F4 EF                    1579 	.db #0xef	; 239
    000005F5 10                    1580 	.db #0x10	; 16
    000005F6 ED                    1581 	.db #0xed	; 237
    000005F7 12                    1582 	.db #0x12	; 18
    000005F8 00                    1583 	.db #0x00	; 0
    000005F9 01                    1584 	.db #0x01	; 1
    000005FA 00                    1585 	.db #0x00	; 0
    000005FB 01                    1586 	.db #0x01	; 1
    000005FC 00                    1587 	.db #0x00	; 0
    000005FD 01                    1588 	.db #0x01	; 1
    000005FE 00                    1589 	.db #0x00	; 0
    000005FF 01                    1590 	.db #0x01	; 1
    00000600 00                    1591 	.db #0x00	; 0
    00000601 00                    1592 	.db #0x00	; 0
    00000602 00                    1593 	.db #0x00	; 0
    00000603 00                    1594 	.db #0x00	; 0
    00000604 00                    1595 	.db #0x00	; 0
    00000605 00                    1596 	.db #0x00	; 0
    00000606 00                    1597 	.db #0x00	; 0
    00000607 00                    1598 	.db #0x00	; 0
    00000608 FF                    1599 	.db #0xff	; 255
    00000609 00                    1600 	.db #0x00	; 0
    0000060A FF                    1601 	.db #0xff	; 255
    0000060B 00                    1602 	.db #0x00	; 0
    0000060C FF                    1603 	.db #0xff	; 255
    0000060D 00                    1604 	.db #0x00	; 0
    0000060E 77                    1605 	.db #0x77	; 119	'w'
    0000060F 88                    1606 	.db #0x88	; 136
    00000610 7F                    1607 	.db #0x7f	; 127
    00000611 80                    1608 	.db #0x80	; 128
    00000612 FF                    1609 	.db #0xff	; 255
    00000613 00                    1610 	.db #0x00	; 0
    00000614 77                    1611 	.db #0x77	; 119	'w'
    00000615 88                    1612 	.db #0x88	; 136
    00000616 F7                    1613 	.db #0xf7	; 247
    00000617 08                    1614 	.db #0x08	; 8
    00000618                       1615 _southline_overpass_map:
    00000618 00                    1616 	.db #0x00	; 0
    00000619 01                    1617 	.db #0x01	; 1
    0000061A 01                    1618 	.db #0x01	; 1
    0000061B 01                    1619 	.db #0x01	; 1
    0000061C 01                    1620 	.db #0x01	; 1
    0000061D 01                    1621 	.db #0x01	; 1
    0000061E 02                    1622 	.db #0x02	; 2
    0000061F 03                    1623 	.db #0x03	; 3
    00000620 04                    1624 	.db #0x04	; 4
    00000621 05                    1625 	.db #0x05	; 5
    00000622 06                    1626 	.db #0x06	; 6
    00000623 04                    1627 	.db #0x04	; 4
    00000624 07                    1628 	.db #0x07	; 7
    00000625 08                    1629 	.db #0x08	; 8
    00000626 01                    1630 	.db #0x01	; 1
    00000627 01                    1631 	.db #0x01	; 1
    00000628 01                    1632 	.db #0x01	; 1
    00000629 01                    1633 	.db #0x01	; 1
    0000062A 01                    1634 	.db #0x01	; 1
    0000062B 09                    1635 	.db #0x09	; 9
    0000062C 0A                    1636 	.db #0x0a	; 10
    0000062D 01                    1637 	.db #0x01	; 1
    0000062E 01                    1638 	.db #0x01	; 1
    0000062F 01                    1639 	.db #0x01	; 1
    00000630 01                    1640 	.db #0x01	; 1
    00000631 01                    1641 	.db #0x01	; 1
    00000632 0B                    1642 	.db #0x0b	; 11
    00000633 03                    1643 	.db #0x03	; 3
    00000634 04                    1644 	.db #0x04	; 4
    00000635 0C                    1645 	.db #0x0c	; 12
    00000636 0D                    1646 	.db #0x0d	; 13
    00000637 04                    1647 	.db #0x04	; 4
    00000638 07                    1648 	.db #0x07	; 7
    00000639 0E                    1649 	.db #0x0e	; 14
    0000063A 01                    1650 	.db #0x01	; 1
    0000063B 01                    1651 	.db #0x01	; 1
    0000063C 01                    1652 	.db #0x01	; 1
    0000063D 01                    1653 	.db #0x01	; 1
    0000063E 01                    1654 	.db #0x01	; 1
    0000063F 0F                    1655 	.db #0x0f	; 15
    00000640 01                    1656 	.db #0x01	; 1
    00000641 01                    1657 	.db #0x01	; 1
    00000642 01                    1658 	.db #0x01	; 1
    00000643 01                    1659 	.db #0x01	; 1
    00000644 01                    1660 	.db #0x01	; 1
    00000645 01                    1661 	.db #0x01	; 1
    00000646 02                    1662 	.db #0x02	; 2
    00000647 03                    1663 	.db #0x03	; 3
    00000648 04                    1664 	.db #0x04	; 4
    00000649 10                    1665 	.db #0x10	; 16
    0000064A 11                    1666 	.db #0x11	; 17
    0000064B 04                    1667 	.db #0x04	; 4
    0000064C 07                    1668 	.db #0x07	; 7
    0000064D 08                    1669 	.db #0x08	; 8
    0000064E 01                    1670 	.db #0x01	; 1
    0000064F 01                    1671 	.db #0x01	; 1
    00000650 01                    1672 	.db #0x01	; 1
    00000651 01                    1673 	.db #0x01	; 1
    00000652 01                    1674 	.db #0x01	; 1
    00000653 01                    1675 	.db #0x01	; 1
    00000654 01                    1676 	.db #0x01	; 1
    00000655 01                    1677 	.db #0x01	; 1
    00000656 01                    1678 	.db #0x01	; 1
    00000657 01                    1679 	.db #0x01	; 1
    00000658 01                    1680 	.db #0x01	; 1
    00000659 01                    1681 	.db #0x01	; 1
    0000065A 02                    1682 	.db #0x02	; 2
    0000065B 03                    1683 	.db #0x03	; 3
    0000065C 04                    1684 	.db #0x04	; 4
    0000065D 12                    1685 	.db #0x12	; 18
    0000065E 13                    1686 	.db #0x13	; 19
    0000065F 04                    1687 	.db #0x04	; 4
    00000660 07                    1688 	.db #0x07	; 7
    00000661 08                    1689 	.db #0x08	; 8
    00000662 01                    1690 	.db #0x01	; 1
    00000663 01                    1691 	.db #0x01	; 1
    00000664 01                    1692 	.db #0x01	; 1
    00000665 01                    1693 	.db #0x01	; 1
    00000666 01                    1694 	.db #0x01	; 1
    00000667 01                    1695 	.db #0x01	; 1
    00000668 01                    1696 	.db #0x01	; 1
    00000669 01                    1697 	.db #0x01	; 1
    0000066A 01                    1698 	.db #0x01	; 1
    0000066B 01                    1699 	.db #0x01	; 1
    0000066C 01                    1700 	.db #0x01	; 1
    0000066D 01                    1701 	.db #0x01	; 1
    0000066E 02                    1702 	.db #0x02	; 2
    0000066F 03                    1703 	.db #0x03	; 3
    00000670 04                    1704 	.db #0x04	; 4
    00000671 14                    1705 	.db #0x14	; 20
    00000672 15                    1706 	.db #0x15	; 21
    00000673 04                    1707 	.db #0x04	; 4
    00000674 07                    1708 	.db #0x07	; 7
    00000675 08                    1709 	.db #0x08	; 8
    00000676 01                    1710 	.db #0x01	; 1
    00000677 01                    1711 	.db #0x01	; 1
    00000678 01                    1712 	.db #0x01	; 1
    00000679 01                    1713 	.db #0x01	; 1
    0000067A 01                    1714 	.db #0x01	; 1
    0000067B 01                    1715 	.db #0x01	; 1
    0000067C 01                    1716 	.db #0x01	; 1
    0000067D 01                    1717 	.db #0x01	; 1
    0000067E 01                    1718 	.db #0x01	; 1
    0000067F 01                    1719 	.db #0x01	; 1
    00000680 01                    1720 	.db #0x01	; 1
    00000681 01                    1721 	.db #0x01	; 1
    00000682 16                    1722 	.db #0x16	; 22
    00000683 03                    1723 	.db #0x03	; 3
    00000684 04                    1724 	.db #0x04	; 4
    00000685 17                    1725 	.db #0x17	; 23
    00000686 18                    1726 	.db #0x18	; 24
    00000687 04                    1727 	.db #0x04	; 4
    00000688 07                    1728 	.db #0x07	; 7
    00000689 19                    1729 	.db #0x19	; 25
    0000068A 01                    1730 	.db #0x01	; 1
    0000068B 01                    1731 	.db #0x01	; 1
    0000068C 01                    1732 	.db #0x01	; 1
    0000068D 01                    1733 	.db #0x01	; 1
    0000068E 01                    1734 	.db #0x01	; 1
    0000068F 01                    1735 	.db #0x01	; 1
    00000690 01                    1736 	.db #0x01	; 1
    00000691 01                    1737 	.db #0x01	; 1
    00000692 1A                    1738 	.db #0x1a	; 26
    00000693 1B                    1739 	.db #0x1b	; 27
    00000694 1C                    1740 	.db #0x1c	; 28
    00000695 1D                    1741 	.db #0x1d	; 29
    00000696 1E                    1742 	.db #0x1e	; 30
    00000697 03                    1743 	.db #0x03	; 3
    00000698 04                    1744 	.db #0x04	; 4
    00000699 1F                    1745 	.db #0x1f	; 31
    0000069A 20                    1746 	.db #0x20	; 32
    0000069B 04                    1747 	.db #0x04	; 4
    0000069C 07                    1748 	.db #0x07	; 7
    0000069D 21                    1749 	.db #0x21	; 33
    0000069E 01                    1750 	.db #0x01	; 1
    0000069F 01                    1751 	.db #0x01	; 1
    000006A0 01                    1752 	.db #0x01	; 1
    000006A1 22                    1753 	.db #0x22	; 34
    000006A2 01                    1754 	.db #0x01	; 1
    000006A3 01                    1755 	.db #0x01	; 1
    000006A4 01                    1756 	.db #0x01	; 1
    000006A5 01                    1757 	.db #0x01	; 1
    000006A6 23                    1758 	.db #0x23	; 35
    000006A7 24                    1759 	.db #0x24	; 36
    000006A8 25                    1760 	.db #0x25	; 37
    000006A9 26                    1761 	.db #0x26	; 38
    000006AA 27                    1762 	.db #0x27	; 39
    000006AB 03                    1763 	.db #0x03	; 3
    000006AC 04                    1764 	.db #0x04	; 4
    000006AD 28                    1765 	.db #0x28	; 40
    000006AE 29                    1766 	.db #0x29	; 41
    000006AF 04                    1767 	.db #0x04	; 4
    000006B0 2A                    1768 	.db #0x2a	; 42
    000006B1 04                    1769 	.db #0x04	; 4
    000006B2 04                    1770 	.db #0x04	; 4
    000006B3 2B                    1771 	.db #0x2b	; 43
    000006B4 2C                    1772 	.db #0x2c	; 44
    000006B5 03                    1773 	.db #0x03	; 3
    000006B6 01                    1774 	.db #0x01	; 1
    000006B7 01                    1775 	.db #0x01	; 1
    000006B8 01                    1776 	.db #0x01	; 1
    000006B9 2D                    1777 	.db #0x2d	; 45
    000006BA 2E                    1778 	.db #0x2e	; 46
    000006BB 2F                    1779 	.db #0x2f	; 47
    000006BC 25                    1780 	.db #0x25	; 37
    000006BD 30                    1781 	.db #0x30	; 48	'0'
    000006BE 31                    1782 	.db #0x31	; 49	'1'
    000006BF 03                    1783 	.db #0x03	; 3
    000006C0 04                    1784 	.db #0x04	; 4
    000006C1 32                    1785 	.db #0x32	; 50	'2'
    000006C2 33                    1786 	.db #0x33	; 51	'3'
    000006C3 04                    1787 	.db #0x04	; 4
    000006C4 07                    1788 	.db #0x07	; 7
    000006C5 04                    1789 	.db #0x04	; 4
    000006C6 04                    1790 	.db #0x04	; 4
    000006C7 34                    1791 	.db #0x34	; 52	'4'
    000006C8 35                    1792 	.db #0x35	; 53	'5'
    000006C9 36                    1793 	.db #0x36	; 54	'6'
    000006CA 01                    1794 	.db #0x01	; 1
    000006CB 01                    1795 	.db #0x01	; 1
    000006CC 01                    1796 	.db #0x01	; 1
    000006CD 37                    1797 	.db #0x37	; 55	'7'
    000006CE 2E                    1798 	.db #0x2e	; 46
    000006CF 25                    1799 	.db #0x25	; 37
    000006D0 25                    1800 	.db #0x25	; 37
    000006D1 30                    1801 	.db #0x30	; 48	'0'
    000006D2 31                    1802 	.db #0x31	; 49	'1'
    000006D3 03                    1803 	.db #0x03	; 3
    000006D4 04                    1804 	.db #0x04	; 4
    000006D5 38                    1805 	.db #0x38	; 56	'8'
    000006D6 39                    1806 	.db #0x39	; 57	'9'
    000006D7 04                    1807 	.db #0x04	; 4
    000006D8 07                    1808 	.db #0x07	; 7
    000006D9 04                    1809 	.db #0x04	; 4
    000006DA 04                    1810 	.db #0x04	; 4
    000006DB 3A                    1811 	.db #0x3a	; 58
    000006DC 3B                    1812 	.db #0x3b	; 59
    000006DD 3C                    1813 	.db #0x3c	; 60
    000006DE 01                    1814 	.db #0x01	; 1
    000006DF 01                    1815 	.db #0x01	; 1
    000006E0 01                    1816 	.db #0x01	; 1
    000006E1 01                    1817 	.db #0x01	; 1
    000006E2 3D                    1818 	.db #0x3d	; 61
    000006E3 3E                    1819 	.db #0x3e	; 62
    000006E4 3E                    1820 	.db #0x3e	; 62
    000006E5 3E                    1821 	.db #0x3e	; 62
    000006E6 04                    1822 	.db #0x04	; 4
    000006E7 03                    1823 	.db #0x03	; 3
    000006E8 04                    1824 	.db #0x04	; 4
    000006E9 3F                    1825 	.db #0x3f	; 63
    000006EA 40                    1826 	.db #0x40	; 64
    000006EB 04                    1827 	.db #0x04	; 4
    000006EC 07                    1828 	.db #0x07	; 7
    000006ED 04                    1829 	.db #0x04	; 4
    000006EE 04                    1830 	.db #0x04	; 4
    000006EF 41                    1831 	.db #0x41	; 65	'A'
    000006F0 42                    1832 	.db #0x42	; 66	'B'
    000006F1 43                    1833 	.db #0x43	; 67	'C'
    000006F2 01                    1834 	.db #0x01	; 1
    000006F3 01                    1835 	.db #0x01	; 1
    000006F4 01                    1836 	.db #0x01	; 1
    000006F5 01                    1837 	.db #0x01	; 1
    000006F6 44                    1838 	.db #0x44	; 68	'D'
    000006F7 45                    1839 	.db #0x45	; 69	'E'
    000006F8 46                    1840 	.db #0x46	; 70	'F'
    000006F9 47                    1841 	.db #0x47	; 71	'G'
    000006FA 48                    1842 	.db #0x48	; 72	'H'
    000006FB 03                    1843 	.db #0x03	; 3
    000006FC 04                    1844 	.db #0x04	; 4
    000006FD 49                    1845 	.db #0x49	; 73	'I'
    000006FE 33                    1846 	.db #0x33	; 51	'3'
    000006FF 04                    1847 	.db #0x04	; 4
    00000700 07                    1848 	.db #0x07	; 7
    00000701 4A                    1849 	.db #0x4a	; 74	'J'
    00000702 4B                    1850 	.db #0x4b	; 75	'K'
    00000703 4C                    1851 	.db #0x4c	; 76	'L'
    00000704 4D                    1852 	.db #0x4d	; 77	'M'
    00000705 4E                    1853 	.db #0x4e	; 78	'N'
    00000706 01                    1854 	.db #0x01	; 1
    00000707 01                    1855 	.db #0x01	; 1
    00000708 01                    1856 	.db #0x01	; 1
    00000709 01                    1857 	.db #0x01	; 1
    0000070A 01                    1858 	.db #0x01	; 1
    0000070B 01                    1859 	.db #0x01	; 1
    0000070C 01                    1860 	.db #0x01	; 1
    0000070D 01                    1861 	.db #0x01	; 1
    0000070E 4F                    1862 	.db #0x4f	; 79	'O'
    0000070F 03                    1863 	.db #0x03	; 3
    00000710 04                    1864 	.db #0x04	; 4
    00000711 50                    1865 	.db #0x50	; 80	'P'
    00000712 51                    1866 	.db #0x51	; 81	'Q'
    00000713 04                    1867 	.db #0x04	; 4
    00000714 07                    1868 	.db #0x07	; 7
    00000715 52                    1869 	.db #0x52	; 82	'R'
    00000716 01                    1870 	.db #0x01	; 1
    00000717 01                    1871 	.db #0x01	; 1
    00000718 01                    1872 	.db #0x01	; 1
    00000719 01                    1873 	.db #0x01	; 1
    0000071A 01                    1874 	.db #0x01	; 1
    0000071B 01                    1875 	.db #0x01	; 1
    0000071C 01                    1876 	.db #0x01	; 1
    0000071D 01                    1877 	.db #0x01	; 1
    0000071E 01                    1878 	.db #0x01	; 1
    0000071F 01                    1879 	.db #0x01	; 1
    00000720 01                    1880 	.db #0x01	; 1
    00000721 01                    1881 	.db #0x01	; 1
    00000722 02                    1882 	.db #0x02	; 2
    00000723 03                    1883 	.db #0x03	; 3
    00000724 04                    1884 	.db #0x04	; 4
    00000725 53                    1885 	.db #0x53	; 83	'S'
    00000726 54                    1886 	.db #0x54	; 84	'T'
    00000727 04                    1887 	.db #0x04	; 4
    00000728 07                    1888 	.db #0x07	; 7
    00000729 08                    1889 	.db #0x08	; 8
    0000072A 01                    1890 	.db #0x01	; 1
    0000072B 01                    1891 	.db #0x01	; 1
    0000072C 01                    1892 	.db #0x01	; 1
    0000072D 01                    1893 	.db #0x01	; 1
    0000072E 01                    1894 	.db #0x01	; 1
    0000072F 01                    1895 	.db #0x01	; 1
    00000730 01                    1896 	.db #0x01	; 1
    00000731 01                    1897 	.db #0x01	; 1
    00000732 01                    1898 	.db #0x01	; 1
    00000733 01                    1899 	.db #0x01	; 1
    00000734 01                    1900 	.db #0x01	; 1
    00000735 01                    1901 	.db #0x01	; 1
    00000736 02                    1902 	.db #0x02	; 2
    00000737 03                    1903 	.db #0x03	; 3
    00000738 04                    1904 	.db #0x04	; 4
    00000739 55                    1905 	.db #0x55	; 85	'U'
    0000073A 56                    1906 	.db #0x56	; 86	'V'
    0000073B 04                    1907 	.db #0x04	; 4
    0000073C 07                    1908 	.db #0x07	; 7
    0000073D 08                    1909 	.db #0x08	; 8
    0000073E 01                    1910 	.db #0x01	; 1
    0000073F 01                    1911 	.db #0x01	; 1
    00000740 01                    1912 	.db #0x01	; 1
    00000741 01                    1913 	.db #0x01	; 1
    00000742 01                    1914 	.db #0x01	; 1
    00000743 01                    1915 	.db #0x01	; 1
    00000744 01                    1916 	.db #0x01	; 1
    00000745 01                    1917 	.db #0x01	; 1
    00000746 01                    1918 	.db #0x01	; 1
    00000747 01                    1919 	.db #0x01	; 1
    00000748 01                    1920 	.db #0x01	; 1
    00000749 01                    1921 	.db #0x01	; 1
    0000074A 02                    1922 	.db #0x02	; 2
    0000074B 03                    1923 	.db #0x03	; 3
    0000074C 04                    1924 	.db #0x04	; 4
    0000074D 57                    1925 	.db #0x57	; 87	'W'
    0000074E 58                    1926 	.db #0x58	; 88	'X'
    0000074F 04                    1927 	.db #0x04	; 4
    00000750 07                    1928 	.db #0x07	; 7
    00000751 08                    1929 	.db #0x08	; 8
    00000752 01                    1930 	.db #0x01	; 1
    00000753 01                    1931 	.db #0x01	; 1
    00000754 01                    1932 	.db #0x01	; 1
    00000755 01                    1933 	.db #0x01	; 1
    00000756 01                    1934 	.db #0x01	; 1
    00000757 01                    1935 	.db #0x01	; 1
    00000758 59                    1936 	.db #0x59	; 89	'Y'
    00000759 01                    1937 	.db #0x01	; 1
    0000075A 01                    1938 	.db #0x01	; 1
    0000075B 01                    1939 	.db #0x01	; 1
    0000075C 01                    1940 	.db #0x01	; 1
    0000075D 01                    1941 	.db #0x01	; 1
    0000075E 5A                    1942 	.db #0x5a	; 90	'Z'
    0000075F 03                    1943 	.db #0x03	; 3
    00000760 04                    1944 	.db #0x04	; 4
    00000761 5B                    1945 	.db #0x5b	; 91
    00000762 54                    1946 	.db #0x54	; 84	'T'
    00000763 04                    1947 	.db #0x04	; 4
    00000764 07                    1948 	.db #0x07	; 7
    00000765 5C                    1949 	.db #0x5c	; 92
    00000766 01                    1950 	.db #0x01	; 1
    00000767 01                    1951 	.db #0x01	; 1
    00000768 01                    1952 	.db #0x01	; 1
    00000769 01                    1953 	.db #0x01	; 1
    0000076A 01                    1954 	.db #0x01	; 1
    0000076B 5D                    1955 	.db #0x5d	; 93
    0000076C 5E                    1956 	.db #0x5e	; 94
    0000076D 01                    1957 	.db #0x01	; 1
    0000076E 01                    1958 	.db #0x01	; 1
    0000076F 01                    1959 	.db #0x01	; 1
    00000770 01                    1960 	.db #0x01	; 1
    00000771 01                    1961 	.db #0x01	; 1
    00000772 02                    1962 	.db #0x02	; 2
    00000773 03                    1963 	.db #0x03	; 3
    00000774 04                    1964 	.db #0x04	; 4
    00000775 5F                    1965 	.db #0x5f	; 95
    00000776 56                    1966 	.db #0x56	; 86	'V'
    00000777 04                    1967 	.db #0x04	; 4
    00000778 07                    1968 	.db #0x07	; 7
    00000779 08                    1969 	.db #0x08	; 8
    0000077A 01                    1970 	.db #0x01	; 1
    0000077B 01                    1971 	.db #0x01	; 1
    0000077C 01                    1972 	.db #0x01	; 1
    0000077D 01                    1973 	.db #0x01	; 1
    0000077E 01                    1974 	.db #0x01	; 1
    0000077F 60                    1975 	.db #0x60	; 96
                                   1976 	.area _INITIALIZER
                                   1977 	.area _CABS (ABS)
