N3GD_START target=0000A07E ppb=512 pages=42
N3GD_BEGIN id=0 kind=cand j=61 v=0384 po=280 sl=4294967295 l0=00009C02 tgt=0000A07E bank=0 pb=1325 pp=70 phy=169670 shift=4294967295 t=40 ix=DE3C u=00009E32 l=00009E32
N3GD_BODY id=0 off=000 e0b3dcb36cb8aa4e42caaa0cea9e4d3e
N3GD_BODY id=0 off=010 5181606d93ce716f709d661e27d4e2ab
N3GD_BODY id=0 off=020 2a986370f370e4e4821b7e24cd9ad0ef
N3GD_BODY id=0 off=030 ac9e95b9fb0c00de711166757eeff3cb
N3GD_BODY id=0 off=040 111d77d21552042218642c5d0df62099
N3GD_BODY id=0 off=050 e7389d390e647d519031ffaa6e098aa1
N3GD_BODY id=0 off=060 c4ad390bb3fd10bbc67c842cb1b4d602
N3GD_BODY id=0 off=070 d721cc7bd113a7a813ccb9d2b4bad1d0
N3GD_BODY id=0 off=080 01ab201a5ecc5c41a1b8520b0e36452d
N3GD_BODY id=0 off=090 a1ba17b479cf35c8a284e6806b546874
N3GD_BODY id=0 off=0a0 dca6df82893886652b5af6687d3b88e6
N3GD_BODY id=0 off=0b0 887b38fa715c2fa2ef3a1cbb5806bf97
N3GD_BODY id=0 off=0c0 d53e1d9f7fdedc2f9c9877ebd2ee9ccf
N3GD_BODY id=0 off=0d0 13710693b90a58889518f9c5df454bb8
N3GD_BODY id=0 off=0e0 c02986105e2943c4aff7fe297ea66195
N3GD_BODY id=0 off=0f0 e34cc9a0f8b313109e4c4e22d4279b2e
N3GD_BODY id=0 off=100 b91a1d317876069e81de402a9adb8a09
N3GD_BODY id=0 off=110 2677642ee1fc46b75464243400ca166e
N3GD_BODY id=0 off=120 b68962e8519a8487b5b591614509a59d
N3GD_BODY id=0 off=130 7ed6490f823663c54142b8729cc543f2
N3GD_BODY id=0 off=140 25f5952da1055474a81eec5e843d4d2c
N3GD_BODY id=0 off=150 75a80ef1784eb5e53bb576ccc92ffe1b
N3GD_BODY id=0 off=160 b0feda3815279bbe6f9af2466d1ab8a9
N3GD_BODY id=0 off=170 9d93324a2b9e257436b92f47061a842e
N3GD_BODY id=0 off=180 31b0c6810a7c59cd5e1a537ac0824250
N3GD_BODY id=0 off=190 c785b7895d9a848fee4a8b5ab43466d9
N3GD_BODY id=0 off=1a0 ed6ca6ed3b7b911c0b9eddd1bb316f69
N3GD_BODY id=0 off=1b0 ec73c94a89b36658520bd9a22ad7ead6
N3GD_BODY id=0 off=1c0 04fd11d9455f1f15cebb9466d00e3969
N3GD_BODY id=0 off=1d0 5850e761a12226b45004c9be5260767e
N3GD_BODY id=0 off=1e0 54b91e059df041af5a81ffd10dbd365c
N3GD_BODY id=0 off=1f0 2f4803ff3c10fa1cd5bb5b27a3668d9c
N3GD_BODY id=0 off=200 8a11f25abf6745c9860160d57501160d
N3GD_BODY id=0 off=210 b29393f28fea4936c5e3209916709307
N3GD_BODY id=0 off=220 f69baa6a7f75153de6cb5276c9c1c590
N3GD_BODY id=0 off=230 48568e2ac2ff2b678047f153983300dc
N3GD_BODY id=0 off=240 01a748e8bad463c8ab58d08cb3974400
N3GD_BODY id=0 off=250 7a0e5010c2df9fd0a944da9f982d5dc0
N3GD_BODY id=0 off=260 f430e1c21dfef3e6038ec952dd31740a
N3GD_BODY id=0 off=270 8d13d3ced78e2ca51bf4dc8660217e0b
N3GD_BODY id=0 off=280 e5ca242e4138759cb72e542b2c064924
N3GD_BODY id=0 off=290 60b126e68a19fa3b07d02387db33aa2b
N3GD_BODY id=0 off=2a0 b35e2e2b977cf0d4c6b18112acd41a39
N3GD_BODY id=0 off=2b0 c474673c24af2f3cd21ace24a6b081eb
N3GD_BODY id=0 off=2c0 c0be75eb48ba548bf0065bc82a2dee0f
N3GD_BODY id=0 off=2d0 da08c92f1a8ef881ecdc81021bbcfc2b
N3GD_BODY id=0 off=2e0 1133ccc98eb17c473d4c8131fbd6c98d
N3GD_BODY id=0 off=2f0 2c56d53d8929ea5c6aed652f0f3d9cb8
N3GD_BODY id=0 off=300 35f04f3f3e4122bb297b945f190736e2
N3GD_BODY id=0 off=310 dcbde323d5c231a7992024e32ec11748
N3GD_BODY id=0 off=320 6e103fb05abad5770b8f9a2782cdf7f5
N3GD_BODY id=0 off=330 86931a432d01d29ca05438354dec51b6
N3GD_BODY id=0 off=340 c7aff05e0f3a191cb623f6b84f279150
N3GD_BODY id=0 off=350 3b80219fdc164be6f2b99b8d67c325f7
N3GD_BODY id=0 off=360 5b49fd7b926ea7694c91d2d250b966df
N3GD_BODY id=0 off=370 1688faaa3caf8a51a5d7a99ebd86b943
N3GD_BODY id=0 off=380 93273081a04e8afbea8e7e6a16a6032b
N3GD_BODY id=0 off=390 8a8a8711594772beb30295d42af271ba
N3GD_BODY id=0 off=3a0 eb5ae0b98932b5e27492c5b698690d45
N3GD_BODY id=0 off=3b0 364da01c839bc1884a77ae33b1eb6563
N3GD_BODY id=0 off=3c0 8e46e3aea2d373fef5c1c985dd9910e6
N3GD_BODY id=0 off=3d0 daeca7e0bc070316b8029a487da5b933
N3GD_BODY id=0 off=3e0 d148327662c80084dd67413cebd20809
N3GD_BODY id=0 off=3f0 44f6ab1f7cc6bd1cf7df74cfdee40295
N3GD_BODY id=0 off=400 ccb01edaec0b3cb43558ed2d902d8c53
N3GD_BODY id=0 off=410 b6b896cab95814b182d608a3eac330ec
N3GD_BODY id=0 off=420 fa6e018de6a7ef4e2e73f2cb26112d5c
N3GD_BODY id=0 off=430 29ff6585e9040b5c6c7ceb4678948c45
N3GD_BODY id=0 off=440 71a8e4e8b265aaec3d49bb5cd2488dd1
N3GD_BODY id=0 off=450 86f5487974174a7c396f0962752c0e3c
N3GD_BODY id=0 off=460 e18530ccc95f0dec66821ca1d25a6e2a
N3GD_BODY id=0 off=470 1d1b9cf03955d055883146208ab2e4a5
N3GD_BODY id=0 off=480 bbc7cf0ae4a72090e7e0e73e5d00bfe7
N3GD_BODY id=0 off=490 79541dfe412305f1c08b7cd3317b9663
N3GD_BODY id=0 off=4a0 8f04887b4af64820e41137d7d46f80f2
N3GD_BODY id=0 off=4b0 7956a1ec60c9f4133c83a2e5ef8cbed2
N3GD_BODY id=0 off=4c0 86d93ed0c774f70ede20ad64581b2c8c
N3GD_BODY id=0 off=4d0 8c212e0e7879efd05b17b9a8f6fb8cdb
N3GD_BODY id=0 off=4e0 3aa4557feec8e75062eacf6c1c7d9cd4
N3GD_BODY id=0 off=4f0 ce51180d50d8661af09726bd7cae544b
N3GD_BODY id=0 off=500 fcf64e82a0da9e7d0f79f58571729f39
N3GD_BODY id=0 off=510 c8d313fe06b3a2ad9de2b167f1239dde
N3GD_BODY id=0 off=520 e6b0a8cb001b2d9241e0aef2bfc1ba25
N3GD_BODY id=0 off=530 65bc1cde80dbf78668c36676c1374f0b
N3GD_BODY id=0 off=540 4b2b2b03dad315b22c2a215bd9f56670
N3GD_BODY id=0 off=550 080d7abcb4307805ddc4e3885b04654e
N3GD_BODY id=0 off=560 a34b0965cbae60862ad4f141a3816cdb
N3GD_BODY id=0 off=570 fce48bd8047db09b8357955f5c5b1473
N3GD_BODY id=0 off=580 a883006ce3338feaf6134f11dd612820
N3GD_BODY id=0 off=590 272d165ed7478270d162da9ca44f1b66
N3GD_BODY id=0 off=5a0 c1cef168a1abee623590e3d7c740aac2
N3GD_BODY id=0 off=5b0 306ad590e7e04ecc6a2c1e999a11aa3c
N3GD_BODY id=0 off=5c0 00db3be732e36534efe52ef5a5ebbe84
N3GD_BODY id=0 off=5d0 48401cb2a1d43c842663d1492c1299ef
N3GD_BODY id=0 off=5e0 a1d543c8f43cd2c297fad0b0708d8f56
N3GD_BODY id=0 off=5f0 edc478df47ecda648313b45eed123dec
N3GD_BODY id=0 off=600 90a5fe7b94177517e8549440e7b50fd3
N3GD_BODY id=0 off=610 f03f2261b803b973ef341c1f0a0fdd32
N3GD_BODY id=0 off=620 c9278cc90f12d81c505f29fb750cef4a
N3GD_BODY id=0 off=630 80fcf564729de3c00e98cdb59fdda80b
N3GD_BODY id=0 off=640 81df020c51fc00cdb2aaa7996c13d1f9
N3GD_BODY id=0 off=650 f9aa741cb30ec779049cdb7dc5881c20
N3GD_BODY id=0 off=660 8a8a36a3ab267a34d6c07160cf72853d
N3GD_BODY id=0 off=670 3bd6c8c415a605965520a16e3a9dff5d
N3GD_BODY id=0 off=680 95aa73a67936b43e5f4371e4ae2e9291
N3GD_BODY id=0 off=690 8df39da0e81231ab68495b789c221377
N3GD_BODY id=0 off=6a0 988b5d9cef458c96b5ed085d7dc98302
N3GD_BODY id=0 off=6b0 45076aa03fd0f461e2bf338f96e68e61
N3GD_BODY id=0 off=6c0 dc2c7a038df39ad241109e041dab2042
N3GD_BODY id=0 off=6d0 4983b8277e20c864618e55bf1dc232e5
N3GD_BODY id=0 off=6e0 c8e27ea4e097a0269f94e21d8a562be9
N3GD_BODY id=0 off=6f0 05c82d6deabd65975ab1e25e492e0596
N3GD_BODY id=0 off=700 d8f8e1e3ff67aa06b92715681c5cd610
N3GD_BODY id=0 off=710 da08ce75e81eeddd9bde1c00f74c0f91
N3GD_BODY id=0 off=720 c8811c8fdd34ebf9136a7124c694890e
N3GD_BODY id=0 off=730 e8757cfe9fdc3eb06959841309e67e3d
N3GD_BODY id=0 off=740 44d04a91c6830a948e00ef5e968c9574
N3GD_BODY id=0 off=750 7e1392644b33f926f23f1e20aed75b8a
N3GD_BODY id=0 off=760 30834ca321a0c52ea49919bedb5f7ee5
N3GD_BODY id=0 off=770 b3aff5cedc1fbc479c139a60ad1fd3c4
N3GD_BODY id=0 off=780 5c4963222e4bd6f6bce4f65dc262e92d
N3GD_BODY id=0 off=790 40715e2e452417aa503de77259c18b32
N3GD_BODY id=0 off=7a0 8c4267608a3f18fd95cb2dd3299d6986
N3GD_BODY id=0 off=7b0 ed0a539ed0dc74b8419d118ff690f585
N3GD_BODY id=0 off=7c0 89d45c2ba9553d242df3ad4bb509c40c
N3GD_BODY id=0 off=7d0 3192ea5db571e735d7d7665850ebc12d
N3GD_BODY id=0 off=7e0 524ab8b2aa136625c48154e889901ad4
N3GD_BODY id=0 off=7f0 c8630c9029c31572df8af50e85a4264d
N3GD_OOB id=0 off=000 329e00003cde0000ff40ffffe5ab0678
N3GD_OOB id=0 off=010 0a52efac2207c7a2053adbc8606282c5
N3GD_OOB id=0 off=020 374bcde4a25178a6eb7e94b8b7fa1e2e
N3GD_OOB id=0 off=030 eddbaafff14d9b9ea7ce563d3b3c79fe
N3GD_END id=0
N3GD_BEGIN id=1 kind=cand j=61 v=0384 po=281 sl=4294967295 l0=00009C02 tgt=0000A07E bank=1 pb=1325 pp=70 phy=169670 shift=4294967295 t=00 ix=0000 u=00000000 l=00000000
N3GD_BODY id=1 off=000 00000000000000000000000000000000
N3GD_BODY id=1 off=010 00000000000000000000000000000000
N3GD_BODY id=1 off=020 00000000000000000000000000000000
N3GD_BODY id=1 off=030 00000000000000000000000000000000
N3GD_BODY id=1 off=040 00000000000000000000000000000000
N3GD_BODY id=1 off=050 00000000000000000000000000000000
N3GD_BODY id=1 off=060 00000000000000000000000000000000
N3GD_BODY id=1 off=070 00000000000000000000000000000000
N3GD_BODY id=1 off=080 00000000000000000000000000000000
N3GD_BODY id=1 off=090 00000000000000000000000000000000
N3GD_BODY id=1 off=0a0 00000000000000000000000000000000
N3GD_BODY id=1 off=0b0 00000000000000000000000000000000
N3GD_BODY id=1 off=0c0 00000000000000000000000000000000
N3GD_BODY id=1 off=0d0 00000000000000000000000000000000
N3GD_BODY id=1 off=0e0 00000000000000000000000000000000
N3GD_BODY id=1 off=0f0 00000000000000000000000000000000
N3GD_BODY id=1 off=100 00000000000000000000000000000000
N3GD_BODY id=1 off=110 00000000000000000000000000000000
N3GD_BODY id=1 off=120 00000000000000000000000000000000
N3GD_BODY id=1 off=130 00000000000000000000000000000000
N3GD_BODY id=1 off=140 00000000000000000000000000000000
N3GD_BODY id=1 off=150 00000000000000000000000000000000
N3GD_BODY id=1 off=160 00000000000000000000000000000000
N3GD_BODY id=1 off=170 00000000000000000000000000000000
N3GD_BODY id=1 off=180 00000000000000000000000000000000
N3GD_BODY id=1 off=190 00000000000000000000000000000000
N3GD_BODY id=1 off=1a0 00000000000000000000000000000000
N3GD_BODY id=1 off=1b0 00000000000000000000000000000000
N3GD_BODY id=1 off=1c0 00000000000000000000000000000000
N3GD_BODY id=1 off=1d0 00000000000000000000000000000000
N3GD_BODY id=1 off=1e0 00000000000000000000000000000000
N3GD_BODY id=1 off=1f0 00000000000000000000000000000000
N3GD_BODY id=1 off=200 00000000000000000000000000000000
N3GD_BODY id=1 off=210 00000000000000000000000000000000
N3GD_BODY id=1 off=220 00000000000000000000000000000000
N3GD_BODY id=1 off=230 00000000000000000000000000000000
N3GD_BODY id=1 off=240 00000000000000000000000000000000
N3GD_BODY id=1 off=250 00000000000000000000000000000000
N3GD_BODY id=1 off=260 00000000000000000000000000000000
N3GD_BODY id=1 off=270 00000000000000000000000000000000
N3GD_BODY id=1 off=280 00000000000000000000000000000000
N3GD_BODY id=1 off=290 00000000000000000000000000000000
N3GD_BODY id=1 off=2a0 00000000000000000000000000000000
N3GD_BODY id=1 off=2b0 00000000000000000000000000000000
N3GD_BODY id=1 off=2c0 00000000000000000000000000000000
N3GD_BODY id=1 off=2d0 00000000000000000000000000000000
N3GD_BODY id=1 off=2e0 00000000000000000000000000000000
N3GD_BODY id=1 off=2f0 00000000000000000000000000000000
N3GD_BODY id=1 off=300 00000000000000000000000000000000
N3GD_BODY id=1 off=310 00000000000000000000000000000000
N3GD_BODY id=1 off=320 00000000000000000000000000000000
N3GD_BODY id=1 off=330 00000000000000000000000000000000
N3GD_BODY id=1 off=340 00000000000000000000000000000000
N3GD_BODY id=1 off=350 00000000000000000000000000000000
N3GD_BODY id=1 off=360 00000000000000000000000000000000
N3GD_BODY id=1 off=370 00000000000000000000000000000000
N3GD_BODY id=1 off=380 00000000000000000000000000000000
N3GD_BODY id=1 off=390 00000000000000000000000000000000
N3GD_BODY id=1 off=3a0 00000000000000000000000000000000
N3GD_BODY id=1 off=3b0 00000000000000000000000000000000
N3GD_BODY id=1 off=3c0 00000000000000000000000000000000
N3GD_BODY id=1 off=3d0 00000000000000000000000000000000
N3GD_BODY id=1 off=3e0 00000000000000000000000000000000
N3GD_BODY id=1 off=3f0 00000000000000000000000000000000
N3GD_BODY id=1 off=400 00000000000000000000000000000000
N3GD_BODY id=1 off=410 00000000000000000000000000000000
N3GD_BODY id=1 off=420 00000000000000000000000000000000
N3GD_BODY id=1 off=430 00000000000000000000000000000000
N3GD_BODY id=1 off=440 00000000000000000000000000000000
N3GD_BODY id=1 off=450 00000000000000000000000000000000
N3GD_BODY id=1 off=460 00000000000000000000000000000000
N3GD_BODY id=1 off=470 00000000000000000000000000000000
N3GD_BODY id=1 off=480 00000000000000000000000000000000
N3GD_BODY id=1 off=490 00000000000000000000000000000000
N3GD_BODY id=1 off=4a0 00000000000000000000000000000000
N3GD_BODY id=1 off=4b0 00000000000000000000000000000000
N3GD_BODY id=1 off=4c0 00000000000000000000000000000000
N3GD_BODY id=1 off=4d0 00000000000000000000000000000000
N3GD_BODY id=1 off=4e0 00000000000000000000000000000000
N3GD_BODY id=1 off=4f0 00000000000000000000000000000000
N3GD_BODY id=1 off=500 00000000000000000000000000000000
N3GD_BODY id=1 off=510 00000000000000000000000000000000
N3GD_BODY id=1 off=520 00000000000000000000000000000000
N3GD_BODY id=1 off=530 00000000000000000000000000000000
N3GD_BODY id=1 off=540 00000000000000000000000000000000
N3GD_BODY id=1 off=550 00000000000000000000000000000000
N3GD_BODY id=1 off=560 00000000000000000000000000000000
N3GD_BODY id=1 off=570 00000000000000000000000000000000
N3GD_BODY id=1 off=580 00000000000000000000000000000000
N3GD_BODY id=1 off=590 00000000000000000000000000000000
N3GD_BODY id=1 off=5a0 00000000000000000000000000000000
N3GD_BODY id=1 off=5b0 00000000000000000000000000000000
N3GD_BODY id=1 off=5c0 00000000000000000000000000000000
N3GD_BODY id=1 off=5d0 00000000000000000000000000000000
N3GD_BODY id=1 off=5e0 00000000000000000000000000000000
N3GD_BODY id=1 off=5f0 00000000000000000000000000000000
N3GD_BODY id=1 off=600 00000000000000000000000000000000
N3GD_BODY id=1 off=610 00000000000000000000000000000000
N3GD_BODY id=1 off=620 00000000000000000000000000000000
N3GD_BODY id=1 off=630 00000000000000000000000000000000
N3GD_BODY id=1 off=640 00000000000000000000000000000000
N3GD_BODY id=1 off=650 00000000000000000000000000000000
N3GD_BODY id=1 off=660 00000000000000000000000000000000
N3GD_BODY id=1 off=670 00000000000000000000000000000000
N3GD_BODY id=1 off=680 00000000000000000000000000000000
N3GD_BODY id=1 off=690 00000000000000000000000000000000
N3GD_BODY id=1 off=6a0 00000000000000000000000000000000
N3GD_BODY id=1 off=6b0 00000000000000000000000000000000
N3GD_BODY id=1 off=6c0 00000000000000000000000000000000
N3GD_BODY id=1 off=6d0 00000000000000000000000000000000
N3GD_BODY id=1 off=6e0 00000000000000000000000000000000
N3GD_BODY id=1 off=6f0 00000000000000000000000000000000
N3GD_BODY id=1 off=700 00000000000000000000000000000000
N3GD_BODY id=1 off=710 00000000000000000000000000000000
N3GD_BODY id=1 off=720 00000000000000000000000000000000
N3GD_BODY id=1 off=730 00000000000000000000000000000000
N3GD_BODY id=1 off=740 00000000000000000000000000000000
N3GD_BODY id=1 off=750 00000000000000000000000000000000
N3GD_BODY id=1 off=760 00000000000000000000000000000000
N3GD_BODY id=1 off=770 00000000000000000000000000000000
N3GD_BODY id=1 off=780 00000000000000000000000000000000
N3GD_BODY id=1 off=790 00000000000000000000000000000000
N3GD_BODY id=1 off=7a0 00000000000000000000000000000000
N3GD_BODY id=1 off=7b0 00000000000000000000000000000000
N3GD_BODY id=1 off=7c0 00000000000000000000000000000000
N3GD_BODY id=1 off=7d0 00000000000000000000000000000000
N3GD_BODY id=1 off=7e0 00000000000000000000000000000000
N3GD_BODY id=1 off=7f0 00000000000000000000000000000000
N3GD_OOB id=1 off=000 000000000000000000000000e5ab0678
N3GD_OOB id=1 off=010 0a52efac2207c7a2053adbc8606282c5
N3GD_OOB id=1 off=020 374bcde4a25178a6eb7e94b8b7fa1e2e
N3GD_OOB id=1 off=030 eddbaafff14d9b9ea7ce563d3b3c79fe
N3GD_END id=1
N3GD_BEGIN id=2 kind=cand j=61 v=0384 po=282 sl=4294967295 l0=00009C02 tgt=0000A07E bank=2 pb=1325 pp=70 phy=169670 shift=4294967295 t=00 ix=0000 u=00000000 l=00000000
N3GD_BODY id=2 off=000 00000000000000000000000000000000
N3GD_BODY id=2 off=010 00000000000000000000000000000000
N3GD_BODY id=2 off=020 00000000000000000000000000000000
N3GD_BODY id=2 off=030 00000000000000000000000000000000
N3GD_BODY id=2 off=040 00000000000000000000000000000000
N3GD_BODY id=2 off=050 00000000000000000000000000000000
N3GD_BODY id=2 off=060 00000000000000000000000000000000
N3GD_BODY id=2 off=070 00000000000000000000000000000000
N3GD_BODY id=2 off=080 00000000000000000000000000000000
N3GD_BODY id=2 off=090 00000000000000000000000000000000
N3GD_BODY id=2 off=0a0 00000000000000000000000000000000
N3GD_BODY id=2 off=0b0 00000000000000000000000000000000
N3GD_BODY id=2 off=0c0 00000000000000000000000000000000
N3GD_BODY id=2 off=0d0 00000000000000000000000000000000
N3GD_BODY id=2 off=0e0 00000000000000000000000000000000
N3GD_BODY id=2 off=0f0 00000000000000000000000000000000
N3GD_BODY id=2 off=100 00000000000000000000000000000000
N3GD_BODY id=2 off=110 00000000000000000000000000000000
N3GD_BODY id=2 off=120 00000000000000000000000000000000
N3GD_BODY id=2 off=130 00000000000000000000000000000000
N3GD_BODY id=2 off=140 00000000000000000000000000000000
N3GD_BODY id=2 off=150 00000000000000000000000000000000
N3GD_BODY id=2 off=160 00000000000000000000000000000000
N3GD_BODY id=2 off=170 00000000000000000000000000000000
N3GD_BODY id=2 off=180 00000000000000000000000000000000
N3GD_BODY id=2 off=190 00000000000000000000000000000000
N3GD_BODY id=2 off=1a0 00000000000000000000000000000000
N3GD_BODY id=2 off=1b0 00000000000000000000000000000000
N3GD_BODY id=2 off=1c0 00000000000000000000000000000000
N3GD_BODY id=2 off=1d0 00000000000000000000000000000000
N3GD_BODY id=2 off=1e0 00000000000000000000000000000000
N3GD_BODY id=2 off=1f0 00000000000000000000000000000000
N3GD_BODY id=2 off=200 00000000000000000000000000000000
N3GD_BODY id=2 off=210 00000000000000000000000000000000
N3GD_BODY id=2 off=220 00000000000000000000000000000000
N3GD_BODY id=2 off=230 00000000000000000000000000000000
N3GD_BODY id=2 off=240 00000000000000000000000000000000
N3GD_BODY id=2 off=250 00000000000000000000000000000000
N3GD_BODY id=2 off=260 00000000000000000000000000000000
N3GD_BODY id=2 off=270 00000000000000000000000000000000
N3GD_BODY id=2 off=280 00000000000000000000000000000000
N3GD_BODY id=2 off=290 00000000000000000000000000000000
N3GD_BODY id=2 off=2a0 00000000000000000000000000000000
N3GD_BODY id=2 off=2b0 00000000000000000000000000000000
N3GD_BODY id=2 off=2c0 00000000000000000000000000000000
N3GD_BODY id=2 off=2d0 00000000000000000000000000000000
N3GD_BODY id=2 off=2e0 00000000000000000000000000000000
N3GD_BODY id=2 off=2f0 00000000000000000000000000000000
N3GD_BODY id=2 off=300 00000000000000000000000000000000
N3GD_BODY id=2 off=310 00000000000000000000000000000000
N3GD_BODY id=2 off=320 00000000000000000000000000000000
N3GD_BODY id=2 off=330 00000000000000000000000000000000
N3GD_BODY id=2 off=340 00000000000000000000000000000000
N3GD_BODY id=2 off=350 00000000000000000000000000000000
N3GD_BODY id=2 off=360 00000000000000000000000000000000
N3GD_BODY id=2 off=370 00000000000000000000000000000000
N3GD_BODY id=2 off=380 00000000000000000000000000000000
N3GD_BODY id=2 off=390 00000000000000000000000000000000
N3GD_BODY id=2 off=3a0 00000000000000000000000000000000
N3GD_BODY id=2 off=3b0 00000000000000000000000000000000
N3GD_BODY id=2 off=3c0 00000000000000000000000000000000
N3GD_BODY id=2 off=3d0 00000000000000000000000000000000
N3GD_BODY id=2 off=3e0 00000000000000000000000000000000
N3GD_BODY id=2 off=3f0 00000000000000000000000000000000
N3GD_BODY id=2 off=400 00000000000000000000000000000000
N3GD_BODY id=2 off=410 00000000000000000000000000000000
N3GD_BODY id=2 off=420 00000000000000000000000000000000
N3GD_BODY id=2 off=430 00000000000000000000000000000000
N3GD_BODY id=2 off=440 00000000000000000000000000000000
N3GD_BODY id=2 off=450 00000000000000000000000000000000
N3GD_BODY id=2 off=460 00000000000000000000000000000000
N3GD_BODY id=2 off=470 00000000000000000000000000000000
N3GD_BODY id=2 off=480 00000000000000000000000000000000
N3GD_BODY id=2 off=490 00000000000000000000000000000000
N3GD_BODY id=2 off=4a0 00000000000000000000000000000000
N3GD_BODY id=2 off=4b0 00000000000000000000000000000000
N3GD_BODY id=2 off=4c0 00000000000000000000000000000000
N3GD_BODY id=2 off=4d0 00000000000000000000000000000000
N3GD_BODY id=2 off=4e0 00000000000000000000000000000000
N3GD_BODY id=2 off=4f0 00000000000000000000000000000000
N3GD_BODY id=2 off=500 00000000000000000000000000000000
N3GD_BODY id=2 off=510 00000000000000000000000000000000
N3GD_BODY id=2 off=520 00000000000000000000000000000000
N3GD_BODY id=2 off=530 00000000000000000000000000000000
N3GD_BODY id=2 off=540 00000000000000000000000000000000
N3GD_BODY id=2 off=550 00000000000000000000000000000000
N3GD_BODY id=2 off=560 00000000000000000000000000000000
N3GD_BODY id=2 off=570 00000000000000000000000000000000
N3GD_BODY id=2 off=580 00000000000000000000000000000000
N3GD_BODY id=2 off=590 00000000000000000000000000000000
N3GD_BODY id=2 off=5a0 00000000000000000000000000000000
N3GD_BODY id=2 off=5b0 00000000000000000000000000000000
N3GD_BODY id=2 off=5c0 00000000000000000000000000000000
N3GD_BODY id=2 off=5d0 00000000000000000000000000000000
N3GD_BODY id=2 off=5e0 00000000000000000000000000000000
N3GD_BODY id=2 off=5f0 00000000000000000000000000000000
N3GD_BODY id=2 off=600 00000000000000000000000000000000
N3GD_BODY id=2 off=610 00000000000000000000000000000000
N3GD_BODY id=2 off=620 00000000000000000000000000000000
N3GD_BODY id=2 off=630 00000000000000000000000000000000
N3GD_BODY id=2 off=640 00000000000000000000000000000000
N3GD_BODY id=2 off=650 00000000000000000000000000000000
N3GD_BODY id=2 off=660 00000000000000000000000000000000
N3GD_BODY id=2 off=670 00000000000000000000000000000000
N3GD_BODY id=2 off=680 00000000000000000000000000000000
N3GD_BODY id=2 off=690 00000000000000000000000000000000
N3GD_BODY id=2 off=6a0 00000000000000000000000000000000
N3GD_BODY id=2 off=6b0 00000000000000000000000000000000
N3GD_BODY id=2 off=6c0 00000000000000000000000000000000
N3GD_BODY id=2 off=6d0 00000000000000000000000000000000
N3GD_BODY id=2 off=6e0 00000000000000000000000000000000
N3GD_BODY id=2 off=6f0 00000000000000000000000000000000
N3GD_BODY id=2 off=700 00000000000000000000000000000000
N3GD_BODY id=2 off=710 00000000000000000000000000000000
N3GD_BODY id=2 off=720 00000000000000000000000000000000
N3GD_BODY id=2 off=730 00000000000000000000000000000000
N3GD_BODY id=2 off=740 00000000000000000000000000000000
N3GD_BODY id=2 off=750 00000000000000000000000000000000
N3GD_BODY id=2 off=760 00000000000000000000000000000000
N3GD_BODY id=2 off=770 00000000000000000000000000000000
N3GD_BODY id=2 off=780 00000000000000000000000000000000
N3GD_BODY id=2 off=790 00000000000000000000000000000000
N3GD_BODY id=2 off=7a0 00000000000000000000000000000000
N3GD_BODY id=2 off=7b0 00000000000000000000000000000000
N3GD_BODY id=2 off=7c0 00000000000000000000000000000000
N3GD_BODY id=2 off=7d0 00000000000000000000000000000000
N3GD_BODY id=2 off=7e0 00000000000000000000000000000000
N3GD_BODY id=2 off=7f0 00000000000000000000000000000000
N3GD_OOB id=2 off=000 000000000000000000000000e5ab0678
N3GD_OOB id=2 off=010 0a52efac2207c7a2053adbc8606282c5
N3GD_OOB id=2 off=020 374bcde4a25178a6eb7e94b8b7fa1e2e
N3GD_OOB id=2 off=030 eddbaafff14d9b9ea7ce563d3b3c79fe
N3GD_END id=2
N3GD_BEGIN id=3 kind=cand j=61 v=0384 po=283 sl=4294967295 l0=00009C02 tgt=0000A07E bank=3 pb=1325 pp=70 phy=169670 shift=4294967295 t=00 ix=0000 u=00000000 l=00000000
N3GD_BODY id=3 off=000 00000000000000000000000000000000
N3GD_BODY id=3 off=010 00000000000000000000000000000000
N3GD_BODY id=3 off=020 00000000000000000000000000000000
N3GD_BODY id=3 off=030 00000000000000000000000000000000
N3GD_BODY id=3 off=040 00000000000000000000000000000000
N3GD_BODY id=3 off=050 00000000000000000000000000000000
N3GD_BODY id=3 off=060 00000000000000000000000000000000
N3GD_BODY id=3 off=070 00000000000000000000000000000000
N3GD_BODY id=3 off=080 00000000000000000000000000000000
N3GD_BODY id=3 off=090 00000000000000000000000000000000
N3GD_BODY id=3 off=0a0 00000000000000000000000000000000
N3GD_BODY id=3 off=0b0 00000000000000000000000000000000
N3GD_BODY id=3 off=0c0 00000000000000000000000000000000
N3GD_BODY id=3 off=0d0 00000000000000000000000000000000
N3GD_BODY id=3 off=0e0 00000000000000000000000000000000
N3GD_BODY id=3 off=0f0 00000000000000000000000000000000
N3GD_BODY id=3 off=100 00000000000000000000000000000000
N3GD_BODY id=3 off=110 00000000000000000000000000000000
N3GD_BODY id=3 off=120 00000000000000000000000000000000
N3GD_BODY id=3 off=130 00000000000000000000000000000000
N3GD_BODY id=3 off=140 00000000000000000000000000000000
N3GD_BODY id=3 off=150 00000000000000000000000000000000
N3GD_BODY id=3 off=160 00000000000000000000000000000000
N3GD_BODY id=3 off=170 00000000000000000000000000000000
N3GD_BODY id=3 off=180 00000000000000000000000000000000
N3GD_BODY id=3 off=190 00000000000000000000000000000000
N3GD_BODY id=3 off=1a0 00000000000000000000000000000000
N3GD_BODY id=3 off=1b0 00000000000000000000000000000000
N3GD_BODY id=3 off=1c0 00000000000000000000000000000000
N3GD_BODY id=3 off=1d0 00000000000000000000000000000000
N3GD_BODY id=3 off=1e0 00000000000000000000000000000000
N3GD_BODY id=3 off=1f0 00000000000000000000000000000000
N3GD_BODY id=3 off=200 00000000000000000000000000000000
N3GD_BODY id=3 off=210 00000000000000000000000000000000
N3GD_BODY id=3 off=220 00000000000000000000000000000000
N3GD_BODY id=3 off=230 00000000000000000000000000000000
N3GD_BODY id=3 off=240 00000000000000000000000000000000
N3GD_BODY id=3 off=250 00000000000000000000000000000000
N3GD_BODY id=3 off=260 00000000000000000000000000000000
N3GD_BODY id=3 off=270 00000000000000000000000000000000
N3GD_BODY id=3 off=280 00000000000000000000000000000000
N3GD_BODY id=3 off=290 00000000000000000000000000000000
N3GD_BODY id=3 off=2a0 00000000000000000000000000000000
N3GD_BODY id=3 off=2b0 00000000000000000000000000000000
N3GD_BODY id=3 off=2c0 00000000000000000000000000000000
N3GD_BODY id=3 off=2d0 00000000000000000000000000000000
N3GD_BODY id=3 off=2e0 00000000000000000000000000000000
N3GD_BODY id=3 off=2f0 00000000000000000000000000000000
N3GD_BODY id=3 off=300 00000000000000000000000000000000
N3GD_BODY id=3 off=310 00000000000000000000000000000000
N3GD_BODY id=3 off=320 00000000000000000000000000000000
N3GD_BODY id=3 off=330 00000000000000000000000000000000
N3GD_BODY id=3 off=340 00000000000000000000000000000000
N3GD_BODY id=3 off=350 00000000000000000000000000000000
N3GD_BODY id=3 off=360 00000000000000000000000000000000
N3GD_BODY id=3 off=370 00000000000000000000000000000000
N3GD_BODY id=3 off=380 00000000000000000000000000000000
N3GD_BODY id=3 off=390 00000000000000000000000000000000
N3GD_BODY id=3 off=3a0 00000000000000000000000000000000
N3GD_BODY id=3 off=3b0 00000000000000000000000000000000
N3GD_BODY id=3 off=3c0 00000000000000000000000000000000
N3GD_BODY id=3 off=3d0 00000000000000000000000000000000
N3GD_BODY id=3 off=3e0 00000000000000000000000000000000
N3GD_BODY id=3 off=3f0 00000000000000000000000000000000
N3GD_BODY id=3 off=400 00000000000000000000000000000000
N3GD_BODY id=3 off=410 00000000000000000000000000000000
N3GD_BODY id=3 off=420 00000000000000000000000000000000
N3GD_BODY id=3 off=430 00000000000000000000000000000000
N3GD_BODY id=3 off=440 00000000000000000000000000000000
N3GD_BODY id=3 off=450 00000000000000000000000000000000
N3GD_BODY id=3 off=460 00000000000000000000000000000000
N3GD_BODY id=3 off=470 00000000000000000000000000000000
N3GD_BODY id=3 off=480 00000000000000000000000000000000
N3GD_BODY id=3 off=490 00000000000000000000000000000000
N3GD_BODY id=3 off=4a0 00000000000000000000000000000000
N3GD_BODY id=3 off=4b0 00000000000000000000000000000000
N3GD_BODY id=3 off=4c0 00000000000000000000000000000000
N3GD_BODY id=3 off=4d0 00000000000000000000000000000000
N3GD_BODY id=3 off=4e0 00000000000000000000000000000000
N3GD_BODY id=3 off=4f0 00000000000000000000000000000000
N3GD_BODY id=3 off=500 00000000000000000000000000000000
N3GD_BODY id=3 off=510 00000000000000000000000000000000
N3GD_BODY id=3 off=520 00000000000000000000000000000000
N3GD_BODY id=3 off=530 00000000000000000000000000000000
N3GD_BODY id=3 off=540 00000000000000000000000000000000
N3GD_BODY id=3 off=550 00000000000000000000000000000000
N3GD_BODY id=3 off=560 00000000000000000000000000000000
N3GD_BODY id=3 off=570 00000000000000000000000000000000
N3GD_BODY id=3 off=580 00000000000000000000000000000000
N3GD_BODY id=3 off=590 00000000000000000000000000000000
N3GD_BODY id=3 off=5a0 00000000000000000000000000000000
N3GD_BODY id=3 off=5b0 00000000000000000000000000000000
N3GD_BODY id=3 off=5c0 00000000000000000000000000000000
N3GD_BODY id=3 off=5d0 00000000000000000000000000000000
N3GD_BODY id=3 off=5e0 00000000000000000000000000000000
N3GD_BODY id=3 off=5f0 00000000000000000000000000000000
N3GD_BODY id=3 off=600 00000000000000000000000000000000
N3GD_BODY id=3 off=610 00000000000000000000000000000000
N3GD_BODY id=3 off=620 00000000000000000000000000000000
N3GD_BODY id=3 off=630 00000000000000000000000000000000
N3GD_BODY id=3 off=640 00000000000000000000000000000000
N3GD_BODY id=3 off=650 00000000000000000000000000000000
N3GD_BODY id=3 off=660 00000000000000000000000000000000
N3GD_BODY id=3 off=670 00000000000000000000000000000000
N3GD_BODY id=3 off=680 00000000000000000000000000000000
N3GD_BODY id=3 off=690 00000000000000000000000000000000
N3GD_BODY id=3 off=6a0 00000000000000000000000000000000
N3GD_BODY id=3 off=6b0 00000000000000000000000000000000
N3GD_BODY id=3 off=6c0 00000000000000000000000000000000
N3GD_BODY id=3 off=6d0 00000000000000000000000000000000
N3GD_BODY id=3 off=6e0 00000000000000000000000000000000
N3GD_BODY id=3 off=6f0 00000000000000000000000000000000
N3GD_BODY id=3 off=700 00000000000000000000000000000000
N3GD_BODY id=3 off=710 00000000000000000000000000000000
N3GD_BODY id=3 off=720 00000000000000000000000000000000
N3GD_BODY id=3 off=730 00000000000000000000000000000000
N3GD_BODY id=3 off=740 00000000000000000000000000000000
N3GD_BODY id=3 off=750 00000000000000000000000000000000
N3GD_BODY id=3 off=760 00000000000000000000000000000000
N3GD_BODY id=3 off=770 00000000000000000000000000000000
N3GD_BODY id=3 off=780 00000000000000000000000000000000
N3GD_BODY id=3 off=790 00000000000000000000000000000000
N3GD_BODY id=3 off=7a0 00000000000000000000000000000000
N3GD_BODY id=3 off=7b0 00000000000000000000000000000000
N3GD_BODY id=3 off=7c0 00000000000000000000000000000000
N3GD_BODY id=3 off=7d0 00000000000000000000000000000000
N3GD_BODY id=3 off=7e0 00000000000000000000000000000000
N3GD_BODY id=3 off=7f0 00000000000000000000000000000000
N3GD_OOB id=3 off=000 000000000000000000000000e5ab0678
N3GD_OOB id=3 off=010 0a52efac2207c7a2053adbc8606282c5
N3GD_OOB id=3 off=020 374bcde4a25178a6eb7e94b8b7fa1e2e
N3GD_OOB id=3 off=030 eddbaafff14d9b9ea7ce563d3b3c79fe
N3GD_END id=3
N3GD_BEGIN id=4 kind=cand j=61 v=0384 po=284 sl=4294967295 l0=00009C02 tgt=0000A07E bank=0 pb=1325 pp=71 phy=169671 shift=4294967295 t=40 ix=DE3C u=00009E3A l=00009E3A
N3GD_BODY id=4 off=000 2fd50993b3e0e105be18d654c5a3325d
N3GD_BODY id=4 off=010 0d39902475567a73f10c3e37887f83a4
N3GD_BODY id=4 off=020 481b4fea41636f0afae25d96868892a4
N3GD_BODY id=4 off=030 92d2833ebf6be36f6951e7f56296cb62
N3GD_BODY id=4 off=040 a21eddc865389257ee8adf15cd0052a5
N3GD_BODY id=4 off=050 a77a5c0dfd99261ab4fd11b4071860f9
N3GD_BODY id=4 off=060 ad8d0796bf5f4c8e074280d0bb4753c5
N3GD_BODY id=4 off=070 6c7c65261e964b525c75342525c6f26b
N3GD_BODY id=4 off=080 1149f908c55d34d1d1e653113d26d4e6
N3GD_BODY id=4 off=090 ef36bfbe36501cebbd5467cec930f819
N3GD_BODY id=4 off=0a0 253b831e1faf925b7600511f77b1a3de
N3GD_BODY id=4 off=0b0 fd969c457ca943113f7961c88224d20c
N3GD_BODY id=4 off=0c0 9f2dc122a7dcfc1ce6399128850e112c
N3GD_BODY id=4 off=0d0 3b5524bebc5d64bad0382afcaa42eaef
N3GD_BODY id=4 off=0e0 a281dc2da896def8d38f1b09ea2ba2c6
N3GD_BODY id=4 off=0f0 e578a21615f34dc7a8579dee7f1076bb
N3GD_BODY id=4 off=100 22e7f912f490be11ebf242fccd90e850
N3GD_BODY id=4 off=110 bb66e0df02a059fef23b8d3ff6e6ad86
N3GD_BODY id=4 off=120 53c0919a00e7c1a5c9bda02df2c43bde
N3GD_BODY id=4 off=130 8bf9ca13c3b96b82853fb311bb9e6da7
N3GD_BODY id=4 off=140 8468979858bd43de1421061c4e95f735
N3GD_BODY id=4 off=150 20d1de790e1bf7b1715039f54e490ba7
N3GD_BODY id=4 off=160 d1e5cff4a021634db7dbb35e2a03b54c
N3GD_BODY id=4 off=170 1c7a480d0787801b1814b069a58940b3
N3GD_BODY id=4 off=180 c17b71b640fa288d74548b9991904f22
N3GD_BODY id=4 off=190 902da016b2d78e9b017524a6fb1a7284
N3GD_BODY id=4 off=1a0 2ec635b0323e255e93915d9c9d9fa632
N3GD_BODY id=4 off=1b0 43511b2c78df9aa8be6206b3e43313b1
N3GD_BODY id=4 off=1c0 cba0545c34bbe149ef22d475feb3da70
N3GD_BODY id=4 off=1d0 0a99a4ed01ab6045a8f30364e9839c24
N3GD_BODY id=4 off=1e0 cc6afe576ef4ea830b03f3ebdf80372b
N3GD_BODY id=4 off=1f0 6bff8d55665959ef014dd1ba604a03b1
N3GD_BODY id=4 off=200 eb585b44e78eb7e8689ea2a2c308211a
N3GD_BODY id=4 off=210 79ff3140677d113ee99694bb643f3d0a
N3GD_BODY id=4 off=220 3b4179e75a0716d557624b93d36e5bb9
N3GD_BODY id=4 off=230 04153c7727aa12a91b21b6725c7ffe4e
N3GD_BODY id=4 off=240 9f0a6ae89314fb1643dc13ea71b55d69
N3GD_BODY id=4 off=250 0a59f24182c260d8c7a775434b2536e2
N3GD_BODY id=4 off=260 bb6d7160ebb2beb7b8a193e6bd9c2504
N3GD_BODY id=4 off=270 0cc43be26f0280fb6413009c4b135ecf
N3GD_BODY id=4 off=280 e6c96c4538e49aabdd038e747b51d055
N3GD_BODY id=4 off=290 a50b9153b3758a93c66f9cd8885e1b54
N3GD_BODY id=4 off=2a0 a4e54b62343aac8c2b3526a8470102f4
N3GD_BODY id=4 off=2b0 45c4208e09225da5ae7d78e8274f8e15
N3GD_BODY id=4 off=2c0 d091126f5b09bc836992077de09100a6
N3GD_BODY id=4 off=2d0 8b45e7341a45d3f229ffdf5cb273635e
N3GD_BODY id=4 off=2e0 76af986356e6218620dd09a044468c60
N3GD_BODY id=4 off=2f0 b9daaabebc04c47634d28ca76412f1ff
N3GD_BODY id=4 off=300 49bb23a93b7e03961884573d6ff312da
N3GD_BODY id=4 off=310 eb305f8181c26e12b9ed94aed71dc7af
N3GD_BODY id=4 off=320 532f6d45432a03c84f05f4d98ef0b536
N3GD_BODY id=4 off=330 f2142a8de74d1dbc4c95cf753546dae6
N3GD_BODY id=4 off=340 7b7eb3e491942ea6fb0b2180fc214115
N3GD_BODY id=4 off=350 51564aeb97f73f5f24454c2535f626c1
N3GD_BODY id=4 off=360 bb1ac68091056ab6f532a6cf757fa5fd
N3GD_BODY id=4 off=370 688b987dd3929c44cea51e68610d5e85
N3GD_BODY id=4 off=380 a2f2e9ea38bc171ac49661c2768d8ac6
N3GD_BODY id=4 off=390 cff8d7860c6947d8601f98ca61de0260
N3GD_BODY id=4 off=3a0 22357f1dd3acaa80b8dccfbf7f6f3dc5
N3GD_BODY id=4 off=3b0 427bd0b74afcfb41c37d33e4a3697291
N3GD_BODY id=4 off=3c0 59cd3673e5412e9ea371ee1d27d44af7
N3GD_BODY id=4 off=3d0 6704f378820fbffa7293709b822e510e
N3GD_BODY id=4 off=3e0 2ad89cef7ea6413a4c75090e44a4dcb9
N3GD_BODY id=4 off=3f0 77bd7b203b62dd141a318c8c0493ad67
N3GD_BODY id=4 off=400 44900c0c6f12a7de225dd03366a1ae24
N3GD_BODY id=4 off=410 bc23bcf09b78780621af7829a1be2a2c
N3GD_BODY id=4 off=420 fc55b92b914c9b0e55dbd8a90c06f827
N3GD_BODY id=4 off=430 4e940a672093547a8b277a0358e22d2f
N3GD_BODY id=4 off=440 ac2535a195a47e02354dbda6b2e6b71c
N3GD_BODY id=4 off=450 98bd7a67d947ad7e67a5c3ccd68d3a41
N3GD_BODY id=4 off=460 0a2b8d7fcfe8b5b3919b91fda62b2a8e
N3GD_BODY id=4 off=470 feab078fcdd5835bf6936fe90bf5aa25
N3GD_BODY id=4 off=480 3306e6bba7bd0d2c0a88b1c8b612690e
N3GD_BODY id=4 off=490 8da059aeb12ba6f77626dbac10e79504
N3GD_BODY id=4 off=4a0 af838629245095af1de9ccd19b50e825
N3GD_BODY id=4 off=4b0 347a89194c0e841d9573fbcf2201be13
N3GD_BODY id=4 off=4c0 54a561b9e95513bd1ebc5249e2bf6a61
N3GD_BODY id=4 off=4d0 2e173be60b6b6402eafa0c216223023c
N3GD_BODY id=4 off=4e0 723fa5ccd8e78f053b14b7fefab3a4ae
N3GD_BODY id=4 off=4f0 8fe665171a7cc2d1211c534f3b06182d
N3GD_BODY id=4 off=500 8ad2bdc59200140542edc2f6eafdac28
N3GD_BODY id=4 off=510 128ef50ec2da65219916b9761311ab65
N3GD_BODY id=4 off=520 5ee8e1bca4441e753672fdf5dd853ad6
N3GD_BODY id=4 off=530 e5e715ccb9283af53c9fa510ebeac91d
N3GD_BODY id=4 off=540 f28693b79851ac9c035b202a480cf818
N3GD_BODY id=4 off=550 f02610742493763c46ebbdcd035aa3d4
N3GD_BODY id=4 off=560 37db10777b62ce1b4c00f3733ac55647
N3GD_BODY id=4 off=570 2f29788c5dc9a20e97341064771ee9fa
N3GD_BODY id=4 off=580 70904ac2880eb67b1630fbc3070090d8
N3GD_BODY id=4 off=590 509211bb73a58d79a11a6f425c2fafae
N3GD_BODY id=4 off=5a0 08d08192868e4b60f489671502d3f14f
N3GD_BODY id=4 off=5b0 a9c56ebc61bbd0e27b197677ad0808db
N3GD_BODY id=4 off=5c0 ffd09785b6b46d259c846d9b11c87b4d
N3GD_BODY id=4 off=5d0 8f2ba34ce243e35d2f7ace421f56f24e
N3GD_BODY id=4 off=5e0 0912463b84bebdd8f606ee3e4e7c4b70
N3GD_BODY id=4 off=5f0 6e1c06c21a93a67194dafc004dc0b344
N3GD_BODY id=4 off=600 580f310e5bb9d02eb44f121cc99f8e95
N3GD_BODY id=4 off=610 8a54787de24c48253735b2e5e02614a7
N3GD_BODY id=4 off=620 80eb4c458ab978dc0c598cfc7d4cba98
N3GD_BODY id=4 off=630 a154bde43fd121265c0574d7c5e75ce2
N3GD_BODY id=4 off=640 76f59093c6e24b52f779a8ebd7c0b652
N3GD_BODY id=4 off=650 b95b7105654c77f3eb593509777ddca3
N3GD_BODY id=4 off=660 557562dc0b299fd77001adede89645af
N3GD_BODY id=4 off=670 399e85587375cf3cb5fd841ca6385406
N3GD_BODY id=4 off=680 f1122224a4fc2b26219155c8aa94757a
N3GD_BODY id=4 off=690 444a8963956b309606774dfc97d48458
N3GD_BODY id=4 off=6a0 ddc1d7ce1e18c7e9f50350a98369e121
N3GD_BODY id=4 off=6b0 55fa4681e3d2a21bcdf3cad43fc60917
N3GD_BODY id=4 off=6c0 764c207c8c4d8a7efc845e326360a8a2
N3GD_BODY id=4 off=6d0 a88a67d7ec85c43e2d7275252e63641f
N3GD_BODY id=4 off=6e0 681a76ee15e7019efb62074d46872f58
N3GD_BODY id=4 off=6f0 ef7bb75c6997232a9cbf7478702de0cb
N3GD_BODY id=4 off=700 47d9e77275be9c80e4b138bcd65cdb6e
N3GD_BODY id=4 off=710 c6850579f59360a2dfd864e0cb42543d
N3GD_BODY id=4 off=720 63ffbbcedad9b80ba93a15f268ccf25f
N3GD_BODY id=4 off=730 0e02c1400f05379753b99252ad149d3c
N3GD_BODY id=4 off=740 6ee59a7833dbb86c18a0f4544eddd23d
N3GD_BODY id=4 off=750 387409be3fc42c01efc5b9660cd9b25c
N3GD_BODY id=4 off=760 2b06bedeb484a6dbf3c6e3957b75a74a
N3GD_BODY id=4 off=770 d0f42f43f89bd68e6f58af3cb9bf2ee5
N3GD_BODY id=4 off=780 70d9fa3981255795e98d4f132f8b4848
N3GD_BODY id=4 off=790 0cdce9e847252af82213935bf535b24f
N3GD_BODY id=4 off=7a0 c4d85565b2344d0642db05078ce768d2
N3GD_BODY id=4 off=7b0 43d5a8e70b23acc18a61b7bf32ef31f7
N3GD_BODY id=4 off=7c0 b5b197079ddfec9888dba38efcecefcd
N3GD_BODY id=4 off=7d0 448564c8d36c155ecab09cae203a95de
N3GD_BODY id=4 off=7e0 65cc1766ff99844d9b5b54b47e9529dd
N3GD_BODY id=4 off=7f0 6e9f94bdd080d3b3e0e13004f63e8942
N3GD_OOB id=4 off=000 3a9e00003cde0000ff40ffffe5ab0678
N3GD_OOB id=4 off=010 0a52efac2207c7a2053adbc8606282c5
N3GD_OOB id=4 off=020 374bcde4a25178a6eb7e94b8b7fa1e2e
N3GD_OOB id=4 off=030 eddbaafff14d9b9ea7ce563d3b3c79fe
N3GD_END id=4
N3GD_BEGIN id=5 kind=cand j=61 v=0384 po=285 sl=4294967295 l0=00009C02 tgt=0000A07E bank=1 pb=1325 pp=71 phy=169671 shift=4294967295 t=00 ix=0000 u=00000000 l=00000000
N3GD_BODY id=5 off=000 00000000000000000000000000000000
N3GD_BODY id=5 off=010 00000000000000000000000000000000
N3GD_BODY id=5 off=020 00000000000000000000000000000000
N3GD_BODY id=5 off=030 00000000000000000000000000000000
N3GD_BODY id=5 off=040 00000000000000000000000000000000
N3GD_BODY id=5 off=050 00000000000000000000000000000000
N3GD_BODY id=5 off=060 00000000000000000000000000000000
N3GD_BODY id=5 off=070 00000000000000000000000000000000
N3GD_BODY id=5 off=080 00000000000000000000000000000000
N3GD_BODY id=5 off=090 00000000000000000000000000000000
N3GD_BODY id=5 off=0a0 00000000000000000000000000000000
N3GD_BODY id=5 off=0b0 00000000000000000000000000000000
N3GD_BODY id=5 off=0c0 00000000000000000000000000000000
N3GD_BODY id=5 off=0d0 00000000000000000000000000000000
N3GD_BODY id=5 off=0e0 00000000000000000000000000000000
N3GD_BODY id=5 off=0f0 00000000000000000000000000000000
N3GD_BODY id=5 off=100 00000000000000000000000000000000
N3GD_BODY id=5 off=110 00000000000000000000000000000000
N3GD_BODY id=5 off=120 00000000000000000000000000000000
N3GD_BODY id=5 off=130 00000000000000000000000000000000
N3GD_BODY id=5 off=140 00000000000000000000000000000000
N3GD_BODY id=5 off=150 00000000000000000000000000000000
N3GD_BODY id=5 off=160 00000000000000000000000000000000
N3GD_BODY id=5 off=170 00000000000000000000000000000000
N3GD_BODY id=5 off=180 00000000000000000000000000000000
N3GD_BODY id=5 off=190 00000000000000000000000000000000
N3GD_BODY id=5 off=1a0 00000000000000000000000000000000
N3GD_BODY id=5 off=1b0 00000000000000000000000000000000
N3GD_BODY id=5 off=1c0 00000000000000000000000000000000
N3GD_BODY id=5 off=1d0 00000000000000000000000000000000
N3GD_BODY id=5 off=1e0 00000000000000000000000000000000
N3GD_BODY id=5 off=1f0 00000000000000000000000000000000
N3GD_BODY id=5 off=200 00000000000000000000000000000000
N3GD_BODY id=5 off=210 00000000000000000000000000000000
N3GD_BODY id=5 off=220 00000000000000000000000000000000
N3GD_BODY id=5 off=230 00000000000000000000000000000000
N3GD_BODY id=5 off=240 00000000000000000000000000000000
N3GD_BODY id=5 off=250 00000000000000000000000000000000
N3GD_BODY id=5 off=260 00000000000000000000000000000000
N3GD_BODY id=5 off=270 00000000000000000000000000000000
N3GD_BODY id=5 off=280 00000000000000000000000000000000
N3GD_BODY id=5 off=290 00000000000000000000000000000000
N3GD_BODY id=5 off=2a0 00000000000000000000000000000000
N3GD_BODY id=5 off=2b0 00000000000000000000000000000000
N3GD_BODY id=5 off=2c0 00000000000000000000000000000000
N3GD_BODY id=5 off=2d0 00000000000000000000000000000000
N3GD_BODY id=5 off=2e0 00000000000000000000000000000000
N3GD_BODY id=5 off=2f0 00000000000000000000000000000000
N3GD_BODY id=5 off=300 00000000000000000000000000000000
N3GD_BODY id=5 off=310 00000000000000000000000000000000
N3GD_BODY id=5 off=320 00000000000000000000000000000000
N3GD_BODY id=5 off=330 00000000000000000000000000000000
N3GD_BODY id=5 off=340 00000000000000000000000000000000
N3GD_BODY id=5 off=350 00000000000000000000000000000000
N3GD_BODY id=5 off=360 00000000000000000000000000000000
N3GD_BODY id=5 off=370 00000000000000000000000000000000
N3GD_BODY id=5 off=380 00000000000000000000000000000000
N3GD_BODY id=5 off=390 00000000000000000000000000000000
N3GD_BODY id=5 off=3a0 00000000000000000000000000000000
N3GD_BODY id=5 off=3b0 00000000000000000000000000000000
N3GD_BODY id=5 off=3c0 00000000000000000000000000000000
N3GD_BODY id=5 off=3d0 00000000000000000000000000000000
N3GD_BODY id=5 off=3e0 00000000000000000000000000000000
N3GD_BODY id=5 off=3f0 00000000000000000000000000000000
N3GD_BODY id=5 off=400 00000000000000000000000000000000
N3GD_BODY id=5 off=410 00000000000000000000000000000000
N3GD_BODY id=5 off=420 00000000000000000000000000000000
N3GD_BODY id=5 off=430 00000000000000000000000000000000
N3GD_BODY id=5 off=440 00000000000000000000000000000000
N3GD_BODY id=5 off=450 00000000000000000000000000000000
N3GD_BODY id=5 off=460 00000000000000000000000000000000
N3GD_BODY id=5 off=470 00000000000000000000000000000000
N3GD_BODY id=5 off=480 00000000000000000000000000000000
N3GD_BODY id=5 off=490 00000000000000000000000000000000
N3GD_BODY id=5 off=4a0 00000000000000000000000000000000
N3GD_BODY id=5 off=4b0 00000000000000000000000000000000
N3GD_BODY id=5 off=4c0 00000000000000000000000000000000
N3GD_BODY id=5 off=4d0 00000000000000000000000000000000
N3GD_BODY id=5 off=4e0 00000000000000000000000000000000
N3GD_BODY id=5 off=4f0 00000000000000000000000000000000
N3GD_BODY id=5 off=500 00000000000000000000000000000000
N3GD_BODY id=5 off=510 00000000000000000000000000000000
N3GD_BODY id=5 off=520 00000000000000000000000000000000
N3GD_BODY id=5 off=530 00000000000000000000000000000000
N3GD_BODY id=5 off=540 00000000000000000000000000000000
N3GD_BODY id=5 off=550 00000000000000000000000000000000
N3GD_BODY id=5 off=560 00000000000000000000000000000000
N3GD_BODY id=5 off=570 00000000000000000000000000000000
N3GD_BODY id=5 off=580 00000000000000000000000000000000
N3GD_BODY id=5 off=590 00000000000000000000000000000000
N3GD_BODY id=5 off=5a0 00000000000000000000000000000000
N3GD_BODY id=5 off=5b0 00000000000000000000000000000000
N3GD_BODY id=5 off=5c0 00000000000000000000000000000000
N3GD_BODY id=5 off=5d0 00000000000000000000000000000000
N3GD_BODY id=5 off=5e0 00000000000000000000000000000000
N3GD_BODY id=5 off=5f0 00000000000000000000000000000000
N3GD_BODY id=5 off=600 00000000000000000000000000000000
N3GD_BODY id=5 off=610 00000000000000000000000000000000
N3GD_BODY id=5 off=620 00000000000000000000000000000000
N3GD_BODY id=5 off=630 00000000000000000000000000000000
N3GD_BODY id=5 off=640 00000000000000000000000000000000
N3GD_BODY id=5 off=650 00000000000000000000000000000000
N3GD_BODY id=5 off=660 00000000000000000000000000000000
N3GD_BODY id=5 off=670 00000000000000000000000000000000
N3GD_BODY id=5 off=680 00000000000000000000000000000000
N3GD_BODY id=5 off=690 00000000000000000000000000000000
N3GD_BODY id=5 off=6a0 00000000000000000000000000000000
N3GD_BODY id=5 off=6b0 00000000000000000000000000000000
N3GD_BODY id=5 off=6c0 00000000000000000000000000000000
N3GD_BODY id=5 off=6d0 00000000000000000000000000000000
N3GD_BODY id=5 off=6e0 00000000000000000000000000000000
N3GD_BODY id=5 off=6f0 00000000000000000000000000000000
N3GD_BODY id=5 off=700 00000000000000000000000000000000
N3GD_BODY id=5 off=710 00000000000000000000000000000000
N3GD_BODY id=5 off=720 00000000000000000000000000000000
N3GD_BODY id=5 off=730 00000000000000000000000000000000
N3GD_BODY id=5 off=740 00000000000000000000000000000000
N3GD_BODY id=5 off=750 00000000000000000000000000000000
N3GD_BODY id=5 off=760 00000000000000000000000000000000
N3GD_BODY id=5 off=770 00000000000000000000000000000000
N3GD_BODY id=5 off=780 00000000000000000000000000000000
N3GD_BODY id=5 off=790 00000000000000000000000000000000
N3GD_BODY id=5 off=7a0 00000000000000000000000000000000
N3GD_BODY id=5 off=7b0 00000000000000000000000000000000
N3GD_BODY id=5 off=7c0 00000000000000000000000000000000
N3GD_BODY id=5 off=7d0 00000000000000000000000000000000
N3GD_BODY id=5 off=7e0 00000000000000000000000000000000
N3GD_BODY id=5 off=7f0 00000000000000000000000000000000
N3GD_OOB id=5 off=000 000000000000000000000000e5ab0678
N3GD_OOB id=5 off=010 0a52efac2207c7a2053adbc8606282c5
N3GD_OOB id=5 off=020 374bcde4a25178a6eb7e94b8b7fa1e2e
N3GD_OOB id=5 off=030 eddbaafff14d9b9ea7ce563d3b3c79fe
N3GD_END id=5
N3GD_BEGIN id=6 kind=cand j=61 v=0384 po=286 sl=4294967295 l0=00009C02 tgt=0000A07E bank=2 pb=1325 pp=71 phy=169671 shift=4294967295 t=00 ix=0000 u=00000000 l=00000000
N3GD_BODY id=6 off=000 00000000000000000000000000000000
N3GD_BODY id=6 off=010 00000000000000000000000000000000
N3GD_BODY id=6 off=020 00000000000000000000000000000000
N3GD_BODY id=6 off=030 00000000000000000000000000000000
N3GD_BODY id=6 off=040 00000000000000000000000000000000
N3GD_BODY id=6 off=050 00000000000000000000000000000000
N3GD_BODY id=6 off=060 00000000000000000000000000000000
N3GD_BODY id=6 off=070 00000000000000000000000000000000
N3GD_BODY id=6 off=080 00000000000000000000000000000000
N3GD_BODY id=6 off=090 00000000000000000000000000000000
N3GD_BODY id=6 off=0a0 00000000000000000000000000000000
N3GD_BODY id=6 off=0b0 00000000000000000000000000000000
N3GD_BODY id=6 off=0c0 00000000000000000000000000000000
N3GD_BODY id=6 off=0d0 00000000000000000000000000000000
N3GD_BODY id=6 off=0e0 00000000000000000000000000000000
N3GD_BODY id=6 off=0f0 00000000000000000000000000000000
N3GD_BODY id=6 off=100 00000000000000000000000000000000
N3GD_BODY id=6 off=110 00000000000000000000000000000000
N3GD_BODY id=6 off=120 00000000000000000000000000000000
N3GD_BODY id=6 off=130 00000000000000000000000000000000
N3GD_BODY id=6 off=140 00000000000000000000000000000000
N3GD_BODY id=6 off=150 00000000000000000000000000000000
N3GD_BODY id=6 off=160 00000000000000000000000000000000
N3GD_BODY id=6 off=170 00000000000000000000000000000000
N3GD_BODY id=6 off=180 00000000000000000000000000000000
N3GD_BODY id=6 off=190 00000000000000000000000000000000
N3GD_BODY id=6 off=1a0 00000000000000000000000000000000
N3GD_BODY id=6 off=1b0 00000000000000000000000000000000
N3GD_BODY id=6 off=1c0 00000000000000000000000000000000
N3GD_BODY id=6 off=1d0 00000000000000000000000000000000
N3GD_BODY id=6 off=1e0 00000000000000000000000000000000
N3GD_BODY id=6 off=1f0 00000000000000000000000000000000
N3GD_BODY id=6 off=200 00000000000000000000000000000000
N3GD_BODY id=6 off=210 00000000000000000000000000000000
N3GD_BODY id=6 off=220 00000000000000000000000000000000
N3GD_BODY id=6 off=230 00000000000000000000000000000000
N3GD_BODY id=6 off=240 00000000000000000000000000000000
N3GD_BODY id=6 off=250 00000000000000000000000000000000
N3GD_BODY id=6 off=260 00000000000000000000000000000000
N3GD_BODY id=6 off=270 00000000000000000000000000000000
N3GD_BODY id=6 off=280 00000000000000000000000000000000
N3GD_BODY id=6 off=290 00000000000000000000000000000000
N3GD_BODY id=6 off=2a0 00000000000000000000000000000000
N3GD_BODY id=6 off=2b0 00000000000000000000000000000000
N3GD_BODY id=6 off=2c0 00000000000000000000000000000000
N3GD_BODY id=6 off=2d0 00000000000000000000000000000000
N3GD_BODY id=6 off=2e0 00000000000000000000000000000000
N3GD_BODY id=6 off=2f0 00000000000000000000000000000000
N3GD_BODY id=6 off=300 00000000000000000000000000000000
N3GD_BODY id=6 off=310 00000000000000000000000000000000
N3GD_BODY id=6 off=320 00000000000000000000000000000000
N3GD_BODY id=6 off=330 00000000000000000000000000000000
N3GD_BODY id=6 off=340 00000000000000000000000000000000
N3GD_BODY id=6 off=350 00000000000000000000000000000000
N3GD_BODY id=6 off=360 00000000000000000000000000000000
N3GD_BODY id=6 off=370 00000000000000000000000000000000
N3GD_BODY id=6 off=380 00000000000000000000000000000000
N3GD_BODY id=6 off=390 00000000000000000000000000000000
N3GD_BODY id=6 off=3a0 00000000000000000000000000000000
N3GD_BODY id=6 off=3b0 00000000000000000000000000000000
N3GD_BODY id=6 off=3c0 00000000000000000000000000000000
N3GD_BODY id=6 off=3d0 00000000000000000000000000000000
N3GD_BODY id=6 off=3e0 00000000000000000000000000000000
N3GD_BODY id=6 off=3f0 00000000000000000000000000000000
N3GD_BODY id=6 off=400 00000000000000000000000000000000
N3GD_BODY id=6 off=410 00000000000000000000000000000000
N3GD_BODY id=6 off=420 00000000000000000000000000000000
N3GD_BODY id=6 off=430 00000000000000000000000000000000
N3GD_BODY id=6 off=440 00000000000000000000000000000000
N3GD_BODY id=6 off=450 00000000000000000000000000000000
N3GD_BODY id=6 off=460 00000000000000000000000000000000
N3GD_BODY id=6 off=470 00000000000000000000000000000000
N3GD_BODY id=6 off=480 00000000000000000000000000000000
N3GD_BODY id=6 off=490 00000000000000000000000000000000
N3GD_BODY id=6 off=4a0 00000000000000000000000000000000
N3GD_BODY id=6 off=4b0 00000000000000000000000000000000
N3GD_BODY id=6 off=4c0 00000000000000000000000000000000
N3GD_BODY id=6 off=4d0 00000000000000000000000000000000
N3GD_BODY id=6 off=4e0 00000000000000000000000000000000
N3GD_BODY id=6 off=4f0 00000000000000000000000000000000
N3GD_BODY id=6 off=500 00000000000000000000000000000000
N3GD_BODY id=6 off=510 00000000000000000000000000000000
N3GD_BODY id=6 off=520 00000000000000000000000000000000
N3GD_BODY id=6 off=530 00000000000000000000000000000000
N3GD_BODY id=6 off=540 00000000000000000000000000000000
N3GD_BODY id=6 off=550 00000000000000000000000000000000
N3GD_BODY id=6 off=560 00000000000000000000000000000000
N3GD_BODY id=6 off=570 00000000000000000000000000000000
N3GD_BODY id=6 off=580 00000000000000000000000000000000
N3GD_BODY id=6 off=590 00000000000000000000000000000000
N3GD_BODY id=6 off=5a0 00000000000000000000000000000000
N3GD_BODY id=6 off=5b0 00000000000000000000000000000000
N3GD_BODY id=6 off=5c0 00000000000000000000000000000000
N3GD_BODY id=6 off=5d0 00000000000000000000000000000000
N3GD_BODY id=6 off=5e0 00000000000000000000000000000000
N3GD_BODY id=6 off=5f0 00000000000000000000000000000000
N3GD_BODY id=6 off=600 00000000000000000000000000000000
N3GD_BODY id=6 off=610 00000000000000000000000000000000
N3GD_BODY id=6 off=620 00000000000000000000000000000000
N3GD_BODY id=6 off=630 00000000000000000000000000000000
N3GD_BODY id=6 off=640 00000000000000000000000000000000
N3GD_BODY id=6 off=650 00000000000000000000000000000000
N3GD_BODY id=6 off=660 00000000000000000000000000000000
N3GD_BODY id=6 off=670 00000000000000000000000000000000
N3GD_BODY id=6 off=680 00000000000000000000000000000000
N3GD_BODY id=6 off=690 00000000000000000000000000000000
N3GD_BODY id=6 off=6a0 00000000000000000000000000000000
N3GD_BODY id=6 off=6b0 00000000000000000000000000000000
N3GD_BODY id=6 off=6c0 00000000000000000000000000000000
N3GD_BODY id=6 off=6d0 00000000000000000000000000000000
N3GD_BODY id=6 off=6e0 00000000000000000000000000000000
N3GD_BODY id=6 off=6f0 00000000000000000000000000000000
N3GD_BODY id=6 off=700 00000000000000000000000000000000
N3GD_BODY id=6 off=710 00000000000000000000000000000000
N3GD_BODY id=6 off=720 00000000000000000000000000000000
N3GD_BODY id=6 off=730 00000000000000000000000000000000
N3GD_BODY id=6 off=740 00000000000000000000000000000000
N3GD_BODY id=6 off=750 00000000000000000000000000000000
N3GD_BODY id=6 off=760 00000000000000000000000000000000
N3GD_BODY id=6 off=770 00000000000000000000000000000000
N3GD_BODY id=6 off=780 00000000000000000000000000000000
N3GD_BODY id=6 off=790 00000000000000000000000000000000
N3GD_BODY id=6 off=7a0 00000000000000000000000000000000
N3GD_BODY id=6 off=7b0 00000000000000000000000000000000
N3GD_BODY id=6 off=7c0 00000000000000000000000000000000
N3GD_BODY id=6 off=7d0 00000000000000000000000000000000
N3GD_BODY id=6 off=7e0 00000000000000000000000000000000
N3GD_BODY id=6 off=7f0 00000000000000000000000000000000
N3GD_OOB id=6 off=000 000000000000000000000000e5ab0678
N3GD_OOB id=6 off=010 0a52efac2207c7a2053adbc8606282c5
N3GD_OOB id=6 off=020 374bcde4a25178a6eb7e94b8b7fa1e2e
N3GD_OOB id=6 off=030 eddbaafff14d9b9ea7ce563d3b3c79fe
N3GD_END id=6
N3GD_BEGIN id=7 kind=cand j=61 v=0384 po=287 sl=4294967295 l0=00009C02 tgt=0000A07E bank=3 pb=1325 pp=71 phy=169671 shift=4294967295 t=00 ix=0000 u=00000000 l=00000000
N3GD_BODY id=7 off=000 00000000000000000000000000000000
N3GD_BODY id=7 off=010 00000000000000000000000000000000
N3GD_BODY id=7 off=020 00000000000000000000000000000000
N3GD_BODY id=7 off=030 00000000000000000000000000000000
N3GD_BODY id=7 off=040 00000000000000000000000000000000
N3GD_BODY id=7 off=050 00000000000000000000000000000000
N3GD_BODY id=7 off=060 00000000000000000000000000000000
N3GD_BODY id=7 off=070 00000000000000000000000000000000
N3GD_BODY id=7 off=080 00000000000000000000000000000000
N3GD_BODY id=7 off=090 00000000000000000000000000000000
N3GD_BODY id=7 off=0a0 00000000000000000000000000000000
N3GD_BODY id=7 off=0b0 00000000000000000000000000000000
N3GD_BODY id=7 off=0c0 00000000000000000000000000000000
N3GD_BODY id=7 off=0d0 00000000000000000000000000000000
N3GD_BODY id=7 off=0e0 00000000000000000000000000000000
N3GD_BODY id=7 off=0f0 00000000000000000000000000000000
N3GD_BODY id=7 off=100 00000000000000000000000000000000
N3GD_BODY id=7 off=110 00000000000000000000000000000000
N3GD_BODY id=7 off=120 00000000000000000000000000000000
N3GD_BODY id=7 off=130 00000000000000000000000000000000
N3GD_BODY id=7 off=140 00000000000000000000000000000000
N3GD_BODY id=7 off=150 00000000000000000000000000000000
N3GD_BODY id=7 off=160 00000000000000000000000000000000
N3GD_BODY id=7 off=170 00000000000000000000000000000000
N3GD_BODY id=7 off=180 00000000000000000000000000000000
N3GD_BODY id=7 off=190 00000000000000000000000000000000
N3GD_BODY id=7 off=1a0 00000000000000000000000000000000
N3GD_BODY id=7 off=1b0 00000000000000000000000000000000
N3GD_BODY id=7 off=1c0 00000000000000000000000000000000
N3GD_BODY id=7 off=1d0 00000000000000000000000000000000
N3GD_BODY id=7 off=1e0 00000000000000000000000000000000
N3GD_BODY id=7 off=1f0 00000000000000000000000000000000
N3GD_BODY id=7 off=200 00000000000000000000000000000000
N3GD_BODY id=7 off=210 00000000000000000000000000000000
N3GD_BODY id=7 off=220 00000000000000000000000000000000
N3GD_BODY id=7 off=230 00000000000000000000000000000000
N3GD_BODY id=7 off=240 00000000000000000000000000000000
N3GD_BODY id=7 off=250 00000000000000000000000000000000
N3GD_BODY id=7 off=260 00000000000000000000000000000000
N3GD_BODY id=7 off=270 00000000000000000000000000000000
N3GD_BODY id=7 off=280 00000000000000000000000000000000
N3GD_BODY id=7 off=290 00000000000000000000000000000000
N3GD_BODY id=7 off=2a0 00000000000000000000000000000000
N3GD_BODY id=7 off=2b0 00000000000000000000000000000000
N3GD_BODY id=7 off=2c0 00000000000000000000000000000000
N3GD_BODY id=7 off=2d0 00000000000000000000000000000000
N3GD_BODY id=7 off=2e0 00000000000000000000000000000000
N3GD_BODY id=7 off=2f0 00000000000000000000000000000000
N3GD_BODY id=7 off=300 00000000000000000000000000000000
N3GD_BODY id=7 off=310 00000000000000000000000000000000
N3GD_BODY id=7 off=320 00000000000000000000000000000000
N3GD_BODY id=7 off=330 00000000000000000000000000000000
N3GD_BODY id=7 off=340 00000000000000000000000000000000
N3GD_BODY id=7 off=350 00000000000000000000000000000000
N3GD_BODY id=7 off=360 00000000000000000000000000000000
N3GD_BODY id=7 off=370 00000000000000000000000000000000
N3GD_BODY id=7 off=380 00000000000000000000000000000000
N3GD_BODY id=7 off=390 00000000000000000000000000000000
N3GD_BODY id=7 off=3a0 00000000000000000000000000000000
N3GD_BODY id=7 off=3b0 00000000000000000000000000000000
N3GD_BODY id=7 off=3c0 00000000000000000000000000000000
N3GD_BODY id=7 off=3d0 00000000000000000000000000000000
N3GD_BODY id=7 off=3e0 00000000000000000000000000000000
N3GD_BODY id=7 off=3f0 00000000000000000000000000000000
N3GD_BODY id=7 off=400 00000000000000000000000000000000
N3GD_BODY id=7 off=410 00000000000000000000000000000000
N3GD_BODY id=7 off=420 00000000000000000000000000000000
N3GD_BODY id=7 off=430 00000000000000000000000000000000
N3GD_BODY id=7 off=440 00000000000000000000000000000000
N3GD_BODY id=7 off=450 00000000000000000000000000000000
N3GD_BODY id=7 off=460 00000000000000000000000000000000
N3GD_BODY id=7 off=470 00000000000000000000000000000000
N3GD_BODY id=7 off=480 00000000000000000000000000000000
N3GD_BODY id=7 off=490 00000000000000000000000000000000
N3GD_BODY id=7 off=4a0 00000000000000000000000000000000
N3GD_BODY id=7 off=4b0 00000000000000000000000000000000
N3GD_BODY id=7 off=4c0 00000000000000000000000000000000
N3GD_BODY id=7 off=4d0 00000000000000000000000000000000
N3GD_BODY id=7 off=4e0 00000000000000000000000000000000
N3GD_BODY id=7 off=4f0 00000000000000000000000000000000
N3GD_BODY id=7 off=500 00000000000000000000000000000000
N3GD_BODY id=7 off=510 00000000000000000000000000000000
N3GD_BODY id=7 off=520 00000000000000000000000000000000
N3GD_BODY id=7 off=530 00000000000000000000000000000000
N3GD_BODY id=7 off=540 00000000000000000000000000000000
N3GD_BODY id=7 off=550 00000000000000000000000000000000
N3GD_BODY id=7 off=560 00000000000000000000000000000000
N3GD_BODY id=7 off=570 00000000000000000000000000000000
N3GD_BODY id=7 off=580 00000000000000000000000000000000
N3GD_BODY id=7 off=590 00000000000000000000000000000000
N3GD_BODY id=7 off=5a0 00000000000000000000000000000000
N3GD_BODY id=7 off=5b0 00000000000000000000000000000000
N3GD_BODY id=7 off=5c0 00000000000000000000000000000000
N3GD_BODY id=7 off=5d0 00000000000000000000000000000000
N3GD_BODY id=7 off=5e0 00000000000000000000000000000000
N3GD_BODY id=7 off=5f0 00000000000000000000000000000000
N3GD_BODY id=7 off=600 00000000000000000000000000000000
N3GD_BODY id=7 off=610 00000000000000000000000000000000
N3GD_BODY id=7 off=620 00000000000000000000000000000000
N3GD_BODY id=7 off=630 00000000000000000000000000000000
N3GD_BODY id=7 off=640 00000000000000000000000000000000
N3GD_BODY id=7 off=650 00000000000000000000000000000000
N3GD_BODY id=7 off=660 00000000000000000000000000000000
N3GD_BODY id=7 off=670 00000000000000000000000000000000
N3GD_BODY id=7 off=680 00000000000000000000000000000000
N3GD_BODY id=7 off=690 00000000000000000000000000000000
N3GD_BODY id=7 off=6a0 00000000000000000000000000000000
N3GD_BODY id=7 off=6b0 00000000000000000000000000000000
N3GD_BODY id=7 off=6c0 00000000000000000000000000000000
N3GD_BODY id=7 off=6d0 00000000000000000000000000000000
N3GD_BODY id=7 off=6e0 00000000000000000000000000000000
N3GD_BODY id=7 off=6f0 00000000000000000000000000000000
N3GD_BODY id=7 off=700 00000000000000000000000000000000
N3GD_BODY id=7 off=710 00000000000000000000000000000000
N3GD_BODY id=7 off=720 00000000000000000000000000000000
N3GD_BODY id=7 off=730 00000000000000000000000000000000
N3GD_BODY id=7 off=740 00000000000000000000000000000000
N3GD_BODY id=7 off=750 00000000000000000000000000000000
N3GD_BODY id=7 off=760 00000000000000000000000000000000
N3GD_BODY id=7 off=770 00000000000000000000000000000000
N3GD_BODY id=7 off=780 00000000000000000000000000000000
N3GD_BODY id=7 off=790 00000000000000000000000000000000
N3GD_BODY id=7 off=7a0 00000000000000000000000000000000
N3GD_BODY id=7 off=7b0 00000000000000000000000000000000
N3GD_BODY id=7 off=7c0 00000000000000000000000000000000
N3GD_BODY id=7 off=7d0 00000000000000000000000000000000
N3GD_BODY id=7 off=7e0 00000000000000000000000000000000
N3GD_BODY id=7 off=7f0 00000000000000000000000000000000
N3GD_OOB id=7 off=000 000000000000000000000000e5ab0678
N3GD_OOB id=7 off=010 0a52efac2207c7a2053adbc8606282c5
N3GD_OOB id=7 off=020 374bcde4a25178a6eb7e94b8b7fa1e2e
N3GD_OOB id=7 off=030 eddbaafff14d9b9ea7ce563d3b3c79fe
N3GD_END id=7
N3GD_BEGIN id=8 kind=cand j=61 v=0384 po=288 sl=4294967295 l0=00009C02 tgt=0000A07E bank=0 pb=1325 pp=72 phy=169672 shift=4294967295 t=40 ix=DE3C u=00009E42 l=00009E42
N3GD_BODY id=8 off=000 0a2fd2e526179a409553ae569b36408c
N3GD_BODY id=8 off=010 b4dcef7f3d17d5d4a69bf6c5fa5715ea
N3GD_BODY id=8 off=020 de659b76e9c4929d8008778d81ab423b
N3GD_BODY id=8 off=030 1c9202e8a6c5e604ed180812c5c51f34
N3GD_BODY id=8 off=040 947ac135862eb61faf3d9a6103c92016
N3GD_BODY id=8 off=050 20871eed403d64cc1952fe9654cb4b57
N3GD_BODY id=8 off=060 acc94329dc0fe359fc4e58214ac283fe
N3GD_BODY id=8 off=070 deb510a6f87bae6090cad2be9ac081c3
N3GD_BODY id=8 off=080 9c303a26493c7cb73ad3c7ec754753de
N3GD_BODY id=8 off=090 9a0b6a3c68bf25f597eb597bc07d56f6
N3GD_BODY id=8 off=0a0 b142ff83dda700dea82491488e99bed6
N3GD_BODY id=8 off=0b0 bdfbafd755b59b92e66c8bd2f4e794a0
N3GD_BODY id=8 off=0c0 1ba758462d6bffa63f7199d0d21eadc6
N3GD_BODY id=8 off=0d0 e55c7b86ea299fec677c2ff53773823c
N3GD_BODY id=8 off=0e0 25a7dd2db2f9c54b1d1567244dd38c41
N3GD_BODY id=8 off=0f0 418586db55c1107db234b367ab50afcf
N3GD_BODY id=8 off=100 002bfe44bd0192a50e99c850565965ba
N3GD_BODY id=8 off=110 47404231e176bd22706854a3fc59ec81
N3GD_BODY id=8 off=120 7f170fafc76c7bc2bbd6e9f5238adc22
N3GD_BODY id=8 off=130 d41714b392670371517482225b89fcb2
N3GD_BODY id=8 off=140 8f6e8895c6ad621af8f056c3a6aa2fcf
N3GD_BODY id=8 off=150 c0a10b07b56cb21fbc5425d62eb319cf
N3GD_BODY id=8 off=160 188094a3f10a0d3baeecbb54f4afa0cb
N3GD_BODY id=8 off=170 730589b4be841f5f8bf0c406a5b9a111
N3GD_BODY id=8 off=180 cdbf99d9e0732865d7154b188bca01e0
N3GD_BODY id=8 off=190 be547a9ed1ec9c32c6cbdc33bf0e263d
N3GD_BODY id=8 off=1a0 e9e455179cd0935098e80c1899d57036
N3GD_BODY id=8 off=1b0 d22a53dd5fa94fafaa1b525ae637ece2
N3GD_BODY id=8 off=1c0 7757e40c18c82f2d2f98aa4be80a5071
N3GD_BODY id=8 off=1d0 09b58b7a4a1a12e98fd47a02bfc17b68
N3GD_BODY id=8 off=1e0 a36175b5c7c3f9dd21398d126c0c47c8
N3GD_BODY id=8 off=1f0 2d07df43577a551fe67fb70bda53e1aa
N3GD_BODY id=8 off=200 3fd09993f9472a68db06e2c5027039c6
N3GD_BODY id=8 off=210 870b935d81adce8e019d96f966827336
N3GD_BODY id=8 off=220 2aa67c577fd943b6950b4bd1fd923667
N3GD_BODY id=8 off=230 f8976e99af695a7dd4bb7d1ba434c717
N3GD_BODY id=8 off=240 cd6c475e99b35da99b5a7657292ae927
N3GD_BODY id=8 off=250 8b0f1dfb6f07fbabf077a83a2f596e67
N3GD_BODY id=8 off=260 483ca6d74541b71d4312449792686a1d
N3GD_BODY id=8 off=270 7ead70757dc504cd992f2c21f6c3e19a
N3GD_BODY id=8 off=280 53a94b7872543e2660c2e82382f14d46
N3GD_BODY id=8 off=290 8510e3f2e71cc5ed1347623864c3c5a8
N3GD_BODY id=8 off=2a0 7e25e5e9cafec6f006898cef7bc7e8b6
N3GD_BODY id=8 off=2b0 4dc5c6433aef4f69b8a795c6331efbef
N3GD_BODY id=8 off=2c0 9d07f6b6da009fa5c075dc5493c4f3db
N3GD_BODY id=8 off=2d0 7e47abb1c1a9fa8314b956227eeba077
N3GD_BODY id=8 off=2e0 495634bd24c4f67e65f563b60b3f7e5a
N3GD_BODY id=8 off=2f0 558e04a5061522dd31197f61363ec098
N3GD_BODY id=8 off=300 f6bd2471e0f3a05ce4bf534b6527e285
N3GD_BODY id=8 off=310 9baccce271fef449b0626a2aa0419cee
N3GD_BODY id=8 off=320 f10e0d1dc869030103161e4975ff9bc8
N3GD_BODY id=8 off=330 91d8365e994e5dca029001afa3521fa2
N3GD_BODY id=8 off=340 b76940e41186f1e2aa5a7e0059a544da
N3GD_BODY id=8 off=350 fd270f4f22b5f51f5a54d5f6b8f8375d
N3GD_BODY id=8 off=360 5cad6b688fced2a84ac705332bacedb5
N3GD_BODY id=8 off=370 71fa73c53f90efe9ddec3a7958582499
N3GD_BODY id=8 off=380 a77e6fab9a6380a0fa94ccb8bd0030bf
N3GD_BODY id=8 off=390 5292c68b3887c252287f82d2af9e875f
N3GD_BODY id=8 off=3a0 a05df92d411c2ce94376830c1ff01e00
N3GD_BODY id=8 off=3b0 812ad70e935dbedf8730d029361bd0e7
N3GD_BODY id=8 off=3c0 775fcf3f053cf01a330dffbc3da55666
N3GD_BODY id=8 off=3d0 b816233cc68e69035ed4b3e0ef078d61
N3GD_BODY id=8 off=3e0 924da76e7c50a31738766949dc96294a
N3GD_BODY id=8 off=3f0 402e86a69fb7e94887548345dc7accab
N3GD_BODY id=8 off=400 2a424a7488020301cb9aa56438254b64
N3GD_BODY id=8 off=410 c12cb946a1b0eea523db9521d77f0cab
N3GD_BODY id=8 off=420 5e591755c38ef4ff6c4e8280d1690597
N3GD_BODY id=8 off=430 3289eb90c80d1b92844ecd286ed83a30
N3GD_BODY id=8 off=440 7c30a224e8e71f45535643f6d97040a7
N3GD_BODY id=8 off=450 4ed20d503d976e773794d7e74f7c8146
N3GD_BODY id=8 off=460 655534399b7efe548024de8e21e0ca0b
N3GD_BODY id=8 off=470 b58851dd1ba59db6af11b4e9d7ea437a
N3GD_BODY id=8 off=480 0060c712053065e5dbe96516dbd97bf1
N3GD_BODY id=8 off=490 16465ddc38b91ad49a121b04e6a7dcd8
N3GD_BODY id=8 off=4a0 40968d46881745521d9a550bc0bf4fad
N3GD_BODY id=8 off=4b0 818ea89dde5c7d4c0d0e74ce5bd3bd3b
N3GD_BODY id=8 off=4c0 1a8112f2d7972a0ed9e0ce0947aa0e59
N3GD_BODY id=8 off=4d0 be164b5ff4cbe48337c6a56118985ea5
N3GD_BODY id=8 off=4e0 805b9113752c48aef621e7d5a63d69e0
N3GD_BODY id=8 off=4f0 7d8ad5ebd1ae1689b2a219bf2ff1f612
N3GD_BODY id=8 off=500 c44e654c7de202da047e0a9d3fc71db2
N3GD_BODY id=8 off=510 a99ed798a24fc35f583427be947da14d
N3GD_BODY id=8 off=520 1cda04bf598c800495b97a39bbd01d76
N3GD_BODY id=8 off=530 7081ec66122129d1af21be53cb5cf1b6
N3GD_BODY id=8 off=540 e7c1a409907d831b80e7f398181d82c1
N3GD_BODY id=8 off=550 0517c20165f3768cd6377a0c9fba3cfc
N3GD_BODY id=8 off=560 c06209c4d5c92639222c202132ab850c
N3GD_BODY id=8 off=570 2295593b30c5f14947a858cccd0b2182
N3GD_BODY id=8 off=580 bdd09770adb8593fd8c6ea23ddaec6e1
N3GD_BODY id=8 off=590 bf11a67500c8305d16baaf3eb37a9e05
N3GD_BODY id=8 off=5a0 f23a56a04a39d9604b572603c5df0614
N3GD_BODY id=8 off=5b0 d4245e668b6b264be8323cb7d13dbf6a
N3GD_BODY id=8 off=5c0 aa94a04e4969eef6f97b4e57f142df67
N3GD_BODY id=8 off=5d0 d335a2e779e8c72597aff55975e144e1
N3GD_BODY id=8 off=5e0 fc47514887e046af8ce7e56af41b2b50
N3GD_BODY id=8 off=5f0 02a7656c0fe67a89ea118cc2bf1d16dd
N3GD_BODY id=8 off=600 fe84b61b973fb8b3070b26e9f18dd8af
N3GD_BODY id=8 off=610 913328a8c42eab381afe2c4af9c5a119
N3GD_BODY id=8 off=620 0ddac2074977aac62e497ce86598b2be
N3GD_BODY id=8 off=630 43321167b934e22e207cd857e55780f8
N3GD_BODY id=8 off=640 120372af842856abc2dcace63fe120b6
N3GD_BODY id=8 off=650 24559d0e578131f24050bfbf6c71d5b8
N3GD_BODY id=8 off=660 71660595fcb4daf6f728197ffde376bf
N3GD_BODY id=8 off=670 9f27919fa8e7d33d374c1846bf9c5488
N3GD_BODY id=8 off=680 4f9bcb033d99528de2606283dd8c8cf7
N3GD_BODY id=8 off=690 b0637562dabb5d6844b8baa1d2fe5c7f
N3GD_BODY id=8 off=6a0 83c97a2835658f0d7649737279f216fa
N3GD_BODY id=8 off=6b0 bc40bd03138f641e36e854a52cc9913a
N3GD_BODY id=8 off=6c0 d5ed0bef298865e3d35067673eda1aff
N3GD_BODY id=8 off=6d0 e160c4b09b4011adaf3b20a94e8385ac
N3GD_BODY id=8 off=6e0 2c1a92ad3d5e2cbb7187dad1976305d1
N3GD_BODY id=8 off=6f0 f8ac01cbcc9096fe39da0d58eb0ac008
N3GD_BODY id=8 off=700 23cdef66ea4a64dbd87b9a98ba19934b
N3GD_BODY id=8 off=710 35cd659d22489dd04a9c79a1fcaa6a51
N3GD_BODY id=8 off=720 638487c6972adc1dca6f08ae4dba10f4
N3GD_BODY id=8 off=730 bc3f56f3bb6db32295a6031f6b9b07e2
N3GD_BODY id=8 off=740 fb87995a2ad74e12ce56bfdec9632cc2
N3GD_BODY id=8 off=750 a3d1f670803f3f159b41ffd007ee6d3e
N3GD_BODY id=8 off=760 721ffa590b1e616b5203f81c0e75740f
N3GD_BODY id=8 off=770 2094f61e633026db81a110f2a90c8372
N3GD_BODY id=8 off=780 f6337ad65078c32f9e40f4ecfa2c3b46
N3GD_BODY id=8 off=790 3de429b3dd82949e318747a7d480a666
N3GD_BODY id=8 off=7a0 6b61393c76506d55cb8434b7d463a852
N3GD_BODY id=8 off=7b0 39a97861b60458ebfe9dd59cfb8ef9a6
N3GD_BODY id=8 off=7c0 6f65953fc4a075572c87f45d4f5b8565
N3GD_BODY id=8 off=7d0 4016ade08044d57a495781988d5b4c23
N3GD_BODY id=8 off=7e0 3dd9e05f765da5f236d6222c2af0acc0
N3GD_BODY id=8 off=7f0 5663eaf2c07f6a2dfc0c3d31f89ec963
N3GD_OOB id=8 off=000 429e00003cde0000ff40ffffe5ab0678
N3GD_OOB id=8 off=010 0a52efac2207c7a2053adbc8606282c5
N3GD_OOB id=8 off=020 374bcde4a25178a6eb7e94b8b7fa1e2e
N3GD_OOB id=8 off=030 eddbaafff14d9b9ea7ce563d3b3c79fe
N3GD_END id=8
N3GD_BEGIN id=9 kind=cand j=61 v=0384 po=289 sl=4294967295 l0=00009C02 tgt=0000A07E bank=1 pb=1325 pp=72 phy=169672 shift=4294967295 t=00 ix=0000 u=00000000 l=00000000
N3GD_BODY id=9 off=000 00000000000000000000000000000000
N3GD_BODY id=9 off=010 00000000000000000000000000000000
N3GD_BODY id=9 off=020 00000000000000000000000000000000
N3GD_BODY id=9 off=030 00000000000000000000000000000000
N3GD_BODY id=9 off=040 00000000000000000000000000000000
N3GD_BODY id=9 off=050 00000000000000000000000000000000
N3GD_BODY id=9 off=060 00000000000000000000000000000000
N3GD_BODY id=9 off=070 00000000000000000000000000000000
N3GD_BODY id=9 off=080 00000000000000000000000000000000
N3GD_BODY id=9 off=090 00000000000000000000000000000000
N3GD_BODY id=9 off=0a0 00000000000000000000000000000000
N3GD_BODY id=9 off=0b0 00000000000000000000000000000000
N3GD_BODY id=9 off=0c0 00000000000000000000000000000000
N3GD_BODY id=9 off=0d0 00000000000000000000000000000000
N3GD_BODY id=9 off=0e0 00000000000000000000000000000000
N3GD_BODY id=9 off=0f0 00000000000000000000000000000000
N3GD_BODY id=9 off=100 00000000000000000000000000000000
N3GD_BODY id=9 off=110 00000000000000000000000000000000
N3GD_BODY id=9 off=120 00000000000000000000000000000000
N3GD_BODY id=9 off=130 00000000000000000000000000000000
N3GD_BODY id=9 off=140 00000000000000000000000000000000
N3GD_BODY id=9 off=150 00000000000000000000000000000000
N3GD_BODY id=9 off=160 00000000000000000000000000000000
N3GD_BODY id=9 off=170 00000000000000000000000000000000
N3GD_BODY id=9 off=180 00000000000000000000000000000000
N3GD_BODY id=9 off=190 00000000000000000000000000000000
N3GD_BODY id=9 off=1a0 00000000000000000000000000000000
N3GD_BODY id=9 off=1b0 00000000000000000000000000000000
N3GD_BODY id=9 off=1c0 00000000000000000000000000000000
N3GD_BODY id=9 off=1d0 00000000000000000000000000000000
N3GD_BODY id=9 off=1e0 00000000000000000000000000000000
N3GD_BODY id=9 off=1f0 00000000000000000000000000000000
N3GD_BODY id=9 off=200 00000000000000000000000000000000
N3GD_BODY id=9 off=210 00000000000000000000000000000000
N3GD_BODY id=9 off=220 00000000000000000000000000000000
N3GD_BODY id=9 off=230 00000000000000000000000000000000
N3GD_BODY id=9 off=240 00000000000000000000000000000000
N3GD_BODY id=9 off=250 00000000000000000000000000000000
N3GD_BODY id=9 off=260 00000000000000000000000000000000
N3GD_BODY id=9 off=270 00000000000000000000000000000000
N3GD_BODY id=9 off=280 00000000000000000000000000000000
N3GD_BODY id=9 off=290 00000000000000000000000000000000
N3GD_BODY id=9 off=2a0 00000000000000000000000000000000
N3GD_BODY id=9 off=2b0 00000000000000000000000000000000
N3GD_BODY id=9 off=2c0 00000000000000000000000000000000
N3GD_BODY id=9 off=2d0 00000000000000000000000000000000
N3GD_BODY id=9 off=2e0 00000000000000000000000000000000
N3GD_BODY id=9 off=2f0 00000000000000000000000000000000
N3GD_BODY id=9 off=300 00000000000000000000000000000000
N3GD_BODY id=9 off=310 00000000000000000000000000000000
N3GD_BODY id=9 off=320 00000000000000000000000000000000
N3GD_BODY id=9 off=330 00000000000000000000000000000000
N3GD_BODY id=9 off=340 00000000000000000000000000000000
N3GD_BODY id=9 off=350 00000000000000000000000000000000
N3GD_BODY id=9 off=360 00000000000000000000000000000000
N3GD_BODY id=9 off=370 00000000000000000000000000000000
N3GD_BODY id=9 off=380 00000000000000000000000000000000
N3GD_BODY id=9 off=390 00000000000000000000000000000000
N3GD_BODY id=9 off=3a0 00000000000000000000000000000000
N3GD_BODY id=9 off=3b0 00000000000000000000000000000000
N3GD_BODY id=9 off=3c0 00000000000000000000000000000000
N3GD_BODY id=9 off=3d0 00000000000000000000000000000000
N3GD_BODY id=9 off=3e0 00000000000000000000000000000000
N3GD_BODY id=9 off=3f0 00000000000000000000000000000000
N3GD_BODY id=9 off=400 00000000000000000000000000000000
N3GD_BODY id=9 off=410 00000000000000000000000000000000
N3GD_BODY id=9 off=420 00000000000000000000000000000000
N3GD_BODY id=9 off=430 00000000000000000000000000000000
N3GD_BODY id=9 off=440 00000000000000000000000000000000
N3GD_BODY id=9 off=450 00000000000000000000000000000000
N3GD_BODY id=9 off=460 00000000000000000000000000000000
N3GD_BODY id=9 off=470 00000000000000000000000000000000
N3GD_BODY id=9 off=480 00000000000000000000000000000000
N3GD_BODY id=9 off=490 00000000000000000000000000000000
N3GD_BODY id=9 off=4a0 00000000000000000000000000000000
N3GD_BODY id=9 off=4b0 00000000000000000000000000000000
N3GD_BODY id=9 off=4c0 00000000000000000000000000000000
N3GD_BODY id=9 off=4d0 00000000000000000000000000000000
N3GD_BODY id=9 off=4e0 00000000000000000000000000000000
N3GD_BODY id=9 off=4f0 00000000000000000000000000000000
N3GD_BODY id=9 off=500 00000000000000000000000000000000
N3GD_BODY id=9 off=510 00000000000000000000000000000000
N3GD_BODY id=9 off=520 00000000000000000000000000000000
N3GD_BODY id=9 off=530 00000000000000000000000000000000
N3GD_BODY id=9 off=540 00000000000000000000000000000000
N3GD_BODY id=9 off=550 00000000000000000000000000000000
N3GD_BODY id=9 off=560 00000000000000000000000000000000
N3GD_BODY id=9 off=570 00000000000000000000000000000000
N3GD_BODY id=9 off=580 00000000000000000000000000000000
N3GD_BODY id=9 off=590 00000000000000000000000000000000
N3GD_BODY id=9 off=5a0 00000000000000000000000000000000
N3GD_BODY id=9 off=5b0 00000000000000000000000000000000
N3GD_BODY id=9 off=5c0 00000000000000000000000000000000
N3GD_BODY id=9 off=5d0 00000000000000000000000000000000
N3GD_BODY id=9 off=5e0 00000000000000000000000000000000
N3GD_BODY id=9 off=5f0 00000000000000000000000000000000
N3GD_BODY id=9 off=600 00000000000000000000000000000000
N3GD_BODY id=9 off=610 00000000000000000000000000000000
N3GD_BODY id=9 off=620 00000000000000000000000000000000
N3GD_BODY id=9 off=630 00000000000000000000000000000000
N3GD_BODY id=9 off=640 00000000000000000000000000000000
N3GD_BODY id=9 off=650 00000000000000000000000000000000
N3GD_BODY id=9 off=660 00000000000000000000000000000000
N3GD_BODY id=9 off=670 00000000000000000000000000000000
N3GD_BODY id=9 off=680 00000000000000000000000000000000
N3GD_BODY id=9 off=690 00000000000000000000000000000000
N3GD_BODY id=9 off=6a0 00000000000000000000000000000000
N3GD_BODY id=9 off=6b0 00000000000000000000000000000000
N3GD_BODY id=9 off=6c0 00000000000000000000000000000000
N3GD_BODY id=9 off=6d0 00000000000000000000000000000000
N3GD_BODY id=9 off=6e0 00000000000000000000000000000000
N3GD_BODY id=9 off=6f0 00000000000000000000000000000000
N3GD_BODY id=9 off=700 00000000000000000000000000000000
N3GD_BODY id=9 off=710 00000000000000000000000000000000
N3GD_BODY id=9 off=720 00000000000000000000000000000000
N3GD_BODY id=9 off=730 00000000000000000000000000000000
N3GD_BODY id=9 off=740 00000000000000000000000000000000
N3GD_BODY id=9 off=750 00000000000000000000000000000000
N3GD_BODY id=9 off=760 00000000000000000000000000000000
N3GD_BODY id=9 off=770 00000000000000000000000000000000
N3GD_BODY id=9 off=780 00000000000000000000000000000000
N3GD_BODY id=9 off=790 00000000000000000000000000000000
N3GD_BODY id=9 off=7a0 00000000000000000000000000000000
N3GD_BODY id=9 off=7b0 00000000000000000000000000000000
N3GD_BODY id=9 off=7c0 00000000000000000000000000000000
N3GD_BODY id=9 off=7d0 00000000000000000000000000000000
N3GD_BODY id=9 off=7e0 00000000000000000000000000000000
N3GD_BODY id=9 off=7f0 00000000000000000000000000000000
N3GD_OOB id=9 off=000 000000000000000000000000e5ab0678
N3GD_OOB id=9 off=010 0a52efac2207c7a2053adbc8606282c5
N3GD_OOB id=9 off=020 374bcde4a25178a6eb7e94b8b7fa1e2e
N3GD_OOB id=9 off=030 eddbaafff14d9b9ea7ce563d3b3c79fe
N3GD_END id=9
N3GD_BEGIN id=10 kind=cand j=61 v=0384 po=290 sl=4294967295 l0=00009C02 tgt=0000A07E bank=2 pb=1325 pp=72 phy=169672 shift=4294967295 t=00 ix=0000 u=00000000 l=00000000
N3GD_BODY id=10 off=000 00000000000000000000000000000000
N3GD_BODY id=10 off=010 00000000000000000000000000000000
N3GD_BODY id=10 off=020 00000000000000000000000000000000
N3GD_BODY id=10 off=030 00000000000000000000000000000000
N3GD_BODY id=10 off=040 00000000000000000000000000000000
N3GD_BODY id=10 off=050 00000000000000000000000000000000
N3GD_BODY id=10 off=060 00000000000000000000000000000000
N3GD_BODY id=10 off=070 00000000000000000000000000000000
N3GD_BODY id=10 off=080 00000000000000000000000000000000
N3GD_BODY id=10 off=090 00000000000000000000000000000000
N3GD_BODY id=10 off=0a0 00000000000000000000000000000000
N3GD_BODY id=10 off=0b0 00000000000000000000000000000000
N3GD_BODY id=10 off=0c0 00000000000000000000000000000000
N3GD_BODY id=10 off=0d0 00000000000000000000000000000000
N3GD_BODY id=10 off=0e0 00000000000000000000000000000000
N3GD_BODY id=10 off=0f0 00000000000000000000000000000000
N3GD_BODY id=10 off=100 00000000000000000000000000000000
N3GD_BODY id=10 off=110 00000000000000000000000000000000
N3GD_BODY id=10 off=120 00000000000000000000000000000000
N3GD_BODY id=10 off=130 00000000000000000000000000000000
N3GD_BODY id=10 off=140 00000000000000000000000000000000
N3GD_BODY id=10 off=150 00000000000000000000000000000000
N3GD_BODY id=10 off=160 00000000000000000000000000000000
N3GD_BODY id=10 off=170 00000000000000000000000000000000
N3GD_BODY id=10 off=180 00000000000000000000000000000000
N3GD_BODY id=10 off=190 00000000000000000000000000000000
N3GD_BODY id=10 off=1a0 00000000000000000000000000000000
N3GD_BODY id=10 off=1b0 00000000000000000000000000000000
N3GD_BODY id=10 off=1c0 00000000000000000000000000000000
N3GD_BODY id=10 off=1d0 00000000000000000000000000000000
N3GD_BODY id=10 off=1e0 00000000000000000000000000000000
N3GD_BODY id=10 off=1f0 00000000000000000000000000000000
N3GD_BODY id=10 off=200 00000000000000000000000000000000
N3GD_BODY id=10 off=210 00000000000000000000000000000000
N3GD_BODY id=10 off=220 00000000000000000000000000000000
N3GD_BODY id=10 off=230 00000000000000000000000000000000
N3GD_BODY id=10 off=240 00000000000000000000000000000000
N3GD_BODY id=10 off=250 00000000000000000000000000000000
N3GD_BODY id=10 off=260 00000000000000000000000000000000
N3GD_BODY id=10 off=270 00000000000000000000000000000000
N3GD_BODY id=10 off=280 00000000000000000000000000000000
N3GD_BODY id=10 off=290 00000000000000000000000000000000
N3GD_BODY id=10 off=2a0 00000000000000000000000000000000
N3GD_BODY id=10 off=2b0 00000000000000000000000000000000
N3GD_BODY id=10 off=2c0 00000000000000000000000000000000
N3GD_BODY id=10 off=2d0 00000000000000000000000000000000
N3GD_BODY id=10 off=2e0 00000000000000000000000000000000
N3GD_BODY id=10 off=2f0 00000000000000000000000000000000
N3GD_BODY id=10 off=300 00000000000000000000000000000000
N3GD_BODY id=10 off=310 00000000000000000000000000000000
N3GD_BODY id=10 off=320 00000000000000000000000000000000
N3GD_BODY id=10 off=330 00000000000000000000000000000000
N3GD_BODY id=10 off=340 00000000000000000000000000000000
N3GD_BODY id=10 off=350 00000000000000000000000000000000
N3GD_BODY id=10 off=360 00000000000000000000000000000000
N3GD_BODY id=10 off=370 00000000000000000000000000000000
N3GD_BODY id=10 off=380 00000000000000000000000000000000
N3GD_BODY id=10 off=390 00000000000000000000000000000000
N3GD_BODY id=10 off=3a0 00000000000000000000000000000000
N3GD_BODY id=10 off=3b0 00000000000000000000000000000000
N3GD_BODY id=10 off=3c0 00000000000000000000000000000000
N3GD_BODY id=10 off=3d0 00000000000000000000000000000000
N3GD_BODY id=10 off=3e0 00000000000000000000000000000000
N3GD_BODY id=10 off=3f0 00000000000000000000000000000000
N3GD_BODY id=10 off=400 00000000000000000000000000000000
N3GD_BODY id=10 off=410 00000000000000000000000000000000
N3GD_BODY id=10 off=420 00000000000000000000000000000000
N3GD_BODY id=10 off=430 00000000000000000000000000000000
N3GD_BODY id=10 off=440 00000000000000000000000000000000
N3GD_BODY id=10 off=450 00000000000000000000000000000000
N3GD_BODY id=10 off=460 00000000000000000000000000000000
N3GD_BODY id=10 off=470 00000000000000000000000000000000
N3GD_BODY id=10 off=480 00000000000000000000000000000000
N3GD_BODY id=10 off=490 00000000000000000000000000000000
N3GD_BODY id=10 off=4a0 00000000000000000000000000000000
N3GD_BODY id=10 off=4b0 00000000000000000000000000000000
N3GD_BODY id=10 off=4c0 00000000000000000000000000000000
N3GD_BODY id=10 off=4d0 00000000000000000000000000000000
N3GD_BODY id=10 off=4e0 00000000000000000000000000000000
N3GD_BODY id=10 off=4f0 00000000000000000000000000000000
N3GD_BODY id=10 off=500 00000000000000000000000000000000
N3GD_BODY id=10 off=510 00000000000000000000000000000000
N3GD_BODY id=10 off=520 00000000000000000000000000000000
N3GD_BODY id=10 off=530 00000000000000000000000000000000
N3GD_BODY id=10 off=540 00000000000000000000000000000000
N3GD_BODY id=10 off=550 00000000000000000000000000000000
N3GD_BODY id=10 off=560 00000000000000000000000000000000
N3GD_BODY id=10 off=570 00000000000000000000000000000000
N3GD_BODY id=10 off=580 00000000000000000000000000000000
N3GD_BODY id=10 off=590 00000000000000000000000000000000
N3GD_BODY id=10 off=5a0 00000000000000000000000000000000
N3GD_BODY id=10 off=5b0 00000000000000000000000000000000
N3GD_BODY id=10 off=5c0 00000000000000000000000000000000
N3GD_BODY id=10 off=5d0 00000000000000000000000000000000
N3GD_BODY id=10 off=5e0 00000000000000000000000000000000
N3GD_BODY id=10 off=5f0 00000000000000000000000000000000
N3GD_BODY id=10 off=600 00000000000000000000000000000000
N3GD_BODY id=10 off=610 00000000000000000000000000000000
N3GD_BODY id=10 off=620 00000000000000000000000000000000
N3GD_BODY id=10 off=630 00000000000000000000000000000000
N3GD_BODY id=10 off=640 00000000000000000000000000000000
N3GD_BODY id=10 off=650 00000000000000000000000000000000
N3GD_BODY id=10 off=660 00000000000000000000000000000000
N3GD_BODY id=10 off=670 00000000000000000000000000000000
N3GD_BODY id=10 off=680 00000000000000000000000000000000
N3GD_BODY id=10 off=690 00000000000000000000000000000000
N3GD_BODY id=10 off=6a0 00000000000000000000000000000000
N3GD_BODY id=10 off=6b0 00000000000000000000000000000000
N3GD_BODY id=10 off=6c0 00000000000000000000000000000000
N3GD_BODY id=10 off=6d0 00000000000000000000000000000000
N3GD_BODY id=10 off=6e0 00000000000000000000000000000000
N3GD_BODY id=10 off=6f0 00000000000000000000000000000000
N3GD_BODY id=10 off=700 00000000000000000000000000000000
N3GD_BODY id=10 off=710 00000000000000000000000000000000
N3GD_BODY id=10 off=720 00000000000000000000000000000000
N3GD_BODY id=10 off=730 00000000000000000000000000000000
N3GD_BODY id=10 off=740 00000000000000000000000000000000
N3GD_BODY id=10 off=750 00000000000000000000000000000000
N3GD_BODY id=10 off=760 00000000000000000000000000000000
N3GD_BODY id=10 off=770 00000000000000000000000000000000
N3GD_BODY id=10 off=780 00000000000000000000000000000000
N3GD_BODY id=10 off=790 00000000000000000000000000000000
N3GD_BODY id=10 off=7a0 00000000000000000000000000000000
N3GD_BODY id=10 off=7b0 00000000000000000000000000000000
N3GD_BODY id=10 off=7c0 00000000000000000000000000000000
N3GD_BODY id=10 off=7d0 00000000000000000000000000000000
N3GD_BODY id=10 off=7e0 00000000000000000000000000000000
N3GD_BODY id=10 off=7f0 00000000000000000000000000000000
N3GD_OOB id=10 off=000 000000000000000000000000e5ab0678
N3GD_OOB id=10 off=010 0a52efac2207c7a2053adbc8606282c5
N3GD_OOB id=10 off=020 374bcde4a25178a6eb7e94b8b7fa1e2e
N3GD_OOB id=10 off=030 eddbaafff14d9b9ea7ce563d3b3c79fe
N3GD_END id=10
N3GD_BEGIN id=11 kind=cand j=61 v=0384 po=291 sl=4294967295 l0=00009C02 tgt=0000A07E bank=3 pb=1325 pp=72 phy=169672 shift=4294967295 t=00 ix=0000 u=00000000 l=00000000
N3GD_BODY id=11 off=000 00000000000000000000000000000000
N3GD_BODY id=11 off=010 00000000000000000000000000000000
N3GD_BODY id=11 off=020 00000000000000000000000000000000
N3GD_BODY id=11 off=030 00000000000000000000000000000000
N3GD_BODY id=11 off=040 00000000000000000000000000000000
N3GD_BODY id=11 off=050 00000000000000000000000000000000
N3GD_BODY id=11 off=060 00000000000000000000000000000000
N3GD_BODY id=11 off=070 00000000000000000000000000000000
N3GD_BODY id=11 off=080 00000000000000000000000000000000
N3GD_BODY id=11 off=090 00000000000000000000000000000000
N3GD_BODY id=11 off=0a0 00000000000000000000000000000000
N3GD_BODY id=11 off=0b0 00000000000000000000000000000000
N3GD_BODY id=11 off=0c0 00000000000000000000000000000000
N3GD_BODY id=11 off=0d0 00000000000000000000000000000000
N3GD_BODY id=11 off=0e0 00000000000000000000000000000000
N3GD_BODY id=11 off=0f0 00000000000000000000000000000000
N3GD_BODY id=11 off=100 00000000000000000000000000000000
N3GD_BODY id=11 off=110 00000000000000000000000000000000
N3GD_BODY id=11 off=120 00000000000000000000000000000000
N3GD_BODY id=11 off=130 00000000000000000000000000000000
N3GD_BODY id=11 off=140 00000000000000000000000000000000
N3GD_BODY id=11 off=150 00000000000000000000000000000000
N3GD_BODY id=11 off=160 00000000000000000000000000000000
N3GD_BODY id=11 off=170 00000000000000000000000000000000
N3GD_BODY id=11 off=180 00000000000000000000000000000000
N3GD_BODY id=11 off=190 00000000000000000000000000000000
N3GD_BODY id=11 off=1a0 00000000000000000000000000000000
N3GD_BODY id=11 off=1b0 00000000000000000000000000000000
N3GD_BODY id=11 off=1c0 00000000000000000000000000000000
N3GD_BODY id=11 off=1d0 00000000000000000000000000000000
N3GD_BODY id=11 off=1e0 00000000000000000000000000000000
N3GD_BODY id=11 off=1f0 00000000000000000000000000000000
N3GD_BODY id=11 off=200 00000000000000000000000000000000
N3GD_BODY id=11 off=210 00000000000000000000000000000000
N3GD_BODY id=11 off=220 00000000000000000000000000000000
N3GD_BODY id=11 off=230 00000000000000000000000000000000
N3GD_BODY id=11 off=240 00000000000000000000000000000000
N3GD_BODY id=11 off=250 00000000000000000000000000000000
N3GD_BODY id=11 off=260 00000000000000000000000000000000
N3GD_BODY id=11 off=270 00000000000000000000000000000000
N3GD_BODY id=11 off=280 00000000000000000000000000000000
N3GD_BODY id=11 off=290 00000000000000000000000000000000
N3GD_BODY id=11 off=2a0 00000000000000000000000000000000
N3GD_BODY id=11 off=2b0 00000000000000000000000000000000
N3GD_BODY id=11 off=2c0 00000000000000000000000000000000
N3GD_BODY id=11 off=2d0 00000000000000000000000000000000
N3GD_BODY id=11 off=2e0 00000000000000000000000000000000
N3GD_BODY id=11 off=2f0 00000000000000000000000000000000
N3GD_BODY id=11 off=300 00000000000000000000000000000000
N3GD_BODY id=11 off=310 00000000000000000000000000000000
N3GD_BODY id=11 off=320 00000000000000000000000000000000
N3GD_BODY id=11 off=330 00000000000000000000000000000000
N3GD_BODY id=11 off=340 00000000000000000000000000000000
N3GD_BODY id=11 off=350 00000000000000000000000000000000
N3GD_BODY id=11 off=360 00000000000000000000000000000000
N3GD_BODY id=11 off=370 00000000000000000000000000000000
N3GD_BODY id=11 off=380 00000000000000000000000000000000
N3GD_BODY id=11 off=390 00000000000000000000000000000000
N3GD_BODY id=11 off=3a0 00000000000000000000000000000000
N3GD_BODY id=11 off=3b0 00000000000000000000000000000000
N3GD_BODY id=11 off=3c0 00000000000000000000000000000000
N3GD_BODY id=11 off=3d0 00000000000000000000000000000000
N3GD_BODY id=11 off=3e0 00000000000000000000000000000000
N3GD_BODY id=11 off=3f0 00000000000000000000000000000000
N3GD_BODY id=11 off=400 00000000000000000000000000000000
N3GD_BODY id=11 off=410 00000000000000000000000000000000
N3GD_BODY id=11 off=420 00000000000000000000000000000000
N3GD_BODY id=11 off=430 00000000000000000000000000000000
N3GD_BODY id=11 off=440 00000000000000000000000000000000
N3GD_BODY id=11 off=450 00000000000000000000000000000000
N3GD_BODY id=11 off=460 00000000000000000000000000000000
N3GD_BODY id=11 off=470 00000000000000000000000000000000
N3GD_BODY id=11 off=480 00000000000000000000000000000000
N3GD_BODY id=11 off=490 00000000000000000000000000000000
N3GD_BODY id=11 off=4a0 00000000000000000000000000000000
N3GD_BODY id=11 off=4b0 00000000000000000000000000000000
N3GD_BODY id=11 off=4c0 00000000000000000000000000000000
N3GD_BODY id=11 off=4d0 00000000000000000000000000000000
N3GD_BODY id=11 off=4e0 00000000000000000000000000000000
N3GD_BODY id=11 off=4f0 00000000000000000000000000000000
N3GD_BODY id=11 off=500 00000000000000000000000000000000
N3GD_BODY id=11 off=510 00000000000000000000000000000000
N3GD_BODY id=11 off=520 00000000000000000000000000000000
N3GD_BODY id=11 off=530 00000000000000000000000000000000
N3GD_BODY id=11 off=540 00000000000000000000000000000000
N3GD_BODY id=11 off=550 00000000000000000000000000000000
N3GD_BODY id=11 off=560 00000000000000000000000000000000
N3GD_BODY id=11 off=570 00000000000000000000000000000000
N3GD_BODY id=11 off=580 00000000000000000000000000000000
N3GD_BODY id=11 off=590 00000000000000000000000000000000
N3GD_BODY id=11 off=5a0 00000000000000000000000000000000
N3GD_BODY id=11 off=5b0 00000000000000000000000000000000
N3GD_BODY id=11 off=5c0 00000000000000000000000000000000
N3GD_BODY id=11 off=5d0 00000000000000000000000000000000
N3GD_BODY id=11 off=5e0 00000000000000000000000000000000
N3GD_BODY id=11 off=5f0 00000000000000000000000000000000
N3GD_BODY id=11 off=600 00000000000000000000000000000000
N3GD_BODY id=11 off=610 00000000000000000000000000000000
N3GD_BODY id=11 off=620 00000000000000000000000000000000
N3GD_BODY id=11 off=630 00000000000000000000000000000000
N3GD_BODY id=11 off=640 00000000000000000000000000000000
N3GD_BODY id=11 off=650 00000000000000000000000000000000
N3GD_BODY id=11 off=660 00000000000000000000000000000000
N3GD_BODY id=11 off=670 00000000000000000000000000000000
N3GD_BODY id=11 off=680 00000000000000000000000000000000
N3GD_BODY id=11 off=690 00000000000000000000000000000000
N3GD_BODY id=11 off=6a0 00000000000000000000000000000000
N3GD_BODY id=11 off=6b0 00000000000000000000000000000000
N3GD_BODY id=11 off=6c0 00000000000000000000000000000000
N3GD_BODY id=11 off=6d0 00000000000000000000000000000000
N3GD_BODY id=11 off=6e0 00000000000000000000000000000000
N3GD_BODY id=11 off=6f0 00000000000000000000000000000000
N3GD_BODY id=11 off=700 00000000000000000000000000000000
N3GD_BODY id=11 off=710 00000000000000000000000000000000
N3GD_BODY id=11 off=720 00000000000000000000000000000000
N3GD_BODY id=11 off=730 00000000000000000000000000000000
N3GD_BODY id=11 off=740 00000000000000000000000000000000
N3GD_BODY id=11 off=750 00000000000000000000000000000000
N3GD_BODY id=11 off=760 00000000000000000000000000000000
N3GD_BODY id=11 off=770 00000000000000000000000000000000
N3GD_BODY id=11 off=780 00000000000000000000000000000000
N3GD_BODY id=11 off=790 00000000000000000000000000000000
N3GD_BODY id=11 off=7a0 00000000000000000000000000000000
N3GD_BODY id=11 off=7b0 00000000000000000000000000000000
N3GD_BODY id=11 off=7c0 00000000000000000000000000000000
N3GD_BODY id=11 off=7d0 00000000000000000000000000000000
N3GD_BODY id=11 off=7e0 00000000000000000000000000000000
N3GD_BODY id=11 off=7f0 00000000000000000000000000000000
N3GD_OOB id=11 off=000 000000000000000000000000e5ab0678
N3GD_OOB id=11 off=010 0a52efac2207c7a2053adbc8606282c5
N3GD_OOB id=11 off=020 374bcde4a25178a6eb7e94b8b7fa1e2e
N3GD_OOB id=11 off=030 eddbaafff14d9b9ea7ce563d3b3c79fe
N3GD_END id=11
N3GD_BEGIN id=12 kind=cand j=61 v=0384 po=292 sl=4294967295 l0=00009C02 tgt=0000A07E bank=0 pb=1325 pp=73 phy=169673 shift=4294967295 t=40 ix=DE3C u=00009E4A l=00009E4A
N3GD_BODY id=12 off=000 a3b9721b9d508bb90c31ae9ab79c2b42
N3GD_BODY id=12 off=010 612aa1c853530389608272cc75a0da5c
N3GD_BODY id=12 off=020 c37430c5fb55bf1f628fac18d82d48ef
N3GD_BODY id=12 off=030 19fceb3e2e1e404ea375ca7aacea1aa5
N3GD_BODY id=12 off=040 33ffce07596b2ad417acd96d556c4b97
N3GD_BODY id=12 off=050 3b81f9f67faf7bee24063fc759988471
N3GD_BODY id=12 off=060 756664bda5e50ef92b9b41df35dbbeb3
N3GD_BODY id=12 off=070 77c7fdd50d3d5f4718e3a939b77217eb
N3GD_BODY id=12 off=080 4f0d279231a7661732a2b366f8b47bda
N3GD_BODY id=12 off=090 eaf05a73dcf18969bc5110cd02770cf2
N3GD_BODY id=12 off=0a0 8f9cb80be1b2cda4d51359332cbb062b
N3GD_BODY id=12 off=0b0 55d6c1152a2fd176fb6da8a2054f3992
N3GD_BODY id=12 off=0c0 f0440abcf657b89f3d862c4b0c262375
N3GD_BODY id=12 off=0d0 d3807f262e02bfaa587b74caf7927693
N3GD_BODY id=12 off=0e0 b05f2da7aabcd3cda821aab5a37dffc5
N3GD_BODY id=12 off=0f0 1858218e0b7459730fef92bba4735683
N3GD_BODY id=12 off=100 660b9557978e1a494751b6483bacdeb0
N3GD_BODY id=12 off=110 a70a006f3f5a682c2954ed5bfc61cf2d
N3GD_BODY id=12 off=120 15e82a867c081e68cd8264327fe86a52
N3GD_BODY id=12 off=130 a818af55af4eec5406619bcdfb62c1c6
N3GD_BODY id=12 off=140 6179b59bba75aba98ac079ecdfa3977d
N3GD_BODY id=12 off=150 8e044f9740007b2fc771bd347e8eca8a
N3GD_BODY id=12 off=160 83b46461509d1109feee97994694f720
N3GD_BODY id=12 off=170 c76eedd85ae59e39591dcf99e571c35c
N3GD_BODY id=12 off=180 661b386fa6f5df9beb690aa6822b051e
N3GD_BODY id=12 off=190 b293f5beba8ee7c271af442273d5cd60
N3GD_BODY id=12 off=1a0 42f1e2e2e95f345477ac12182e1653ff
N3GD_BODY id=12 off=1b0 13e2990026a4aec2826b5c2271db6352
N3GD_BODY id=12 off=1c0 5b1d04cf4ef4014baa0418b62c84d3eb
N3GD_BODY id=12 off=1d0 6031a4e7c700d1d2767eed588c3e70ac
N3GD_BODY id=12 off=1e0 10c2626d2532e50b5d0aefe4b1251bb6
N3GD_BODY id=12 off=1f0 e00883a3f3aec9951c8cd5f4d694c284
N3GD_BODY id=12 off=200 1aff4da924aa0676068be196a758a460
N3GD_BODY id=12 off=210 cba965b61e9c22bf8717f0c0bf697f6a
N3GD_BODY id=12 off=220 085f9cda023b41f8c4af307a8a1401e0
N3GD_BODY id=12 off=230 2fbb1df3302708baa5d0cea8b9b3cabf
N3GD_BODY id=12 off=240 94043e92fbdba3c03bb36cb3bc0b445c
N3GD_BODY id=12 off=250 2714744451892a15dfcbd6c1306041c7
N3GD_BODY id=12 off=260 cc139b03ac2b666532958c0d0fa947de
N3GD_BODY id=12 off=270 96a4e27d30d5951f0ca66ba91f3bac17
N3GD_BODY id=12 off=280 f0946bbd2ba78cb9bce0aeb72d294d62
N3GD_BODY id=12 off=290 22fc7f1e21b60bb26c195b561bf14baa
N3GD_BODY id=12 off=2a0 ff5108a47ad116a93b5a98adeacdd01e
N3GD_BODY id=12 off=2b0 17e292d64c45e081a728f5064fdd18b9
N3GD_BODY id=12 off=2c0 ade39d494d0e5d57aa5e127f5a990cd6
N3GD_BODY id=12 off=2d0 613be967b50640f529e38e0eec5be035
N3GD_BODY id=12 off=2e0 515b43bb82b04393429422209399ff1d
N3GD_BODY id=12 off=2f0 428a48d95fd9efd468f55f24df28c7a5
N3GD_BODY id=12 off=300 6006726cb8ff126f5e4eb06b023f74f1
N3GD_BODY id=12 off=310 f2e5b4e98831c68ff1b33d93c395c131
N3GD_BODY id=12 off=320 db72d8d5ead29e5ca9567a732f97b7a9
N3GD_BODY id=12 off=330 fc20c75479c6ad357e5c0b37807606ba
N3GD_BODY id=12 off=340 26bce9f1d7b62249e44ea55df0ad8845
N3GD_BODY id=12 off=350 793864c065fc888dfce40fed8247c872
N3GD_BODY id=12 off=360 51d82524a4237eb355a35bc0671d2b6b
N3GD_BODY id=12 off=370 f4abcaeacaca3706b7637b8b93e8e094
N3GD_BODY id=12 off=380 03b1759b196d419584c927deccf3087f
N3GD_BODY id=12 off=390 cd51b74ce332417054687e0491fee7e5
N3GD_BODY id=12 off=3a0 0bdec8c59543908e366a37fdf3ae7929
N3GD_BODY id=12 off=3b0 16effd49560a69d6478f7be646f3ffb9
N3GD_BODY id=12 off=3c0 7d30be14a2c68468fdeea1af1e2a1d67
N3GD_BODY id=12 off=3d0 f472152935e6ddbb172a6a641ab461b0
N3GD_BODY id=12 off=3e0 3cce8b4e4708043fe701a708582e0db2
N3GD_BODY id=12 off=3f0 ebf70c4773c6f7f76f35781a4d4826e7
N3GD_BODY id=12 off=400 229dbe5b9989e15e992c14b46cf2381c
N3GD_BODY id=12 off=410 6da4ec97393fa90f4a6e23bdd1bf566a
N3GD_BODY id=12 off=420 899d44f0874c1ce6fbfc7bbea1b30c4e
N3GD_BODY id=12 off=430 66e7331958407cc62080ed1514c540d9
N3GD_BODY id=12 off=440 ef9247e4abf7c809a3803ffe51e26a6d
N3GD_BODY id=12 off=450 aebf2d49b88e7d7e90311dfacb533fa8
N3GD_BODY id=12 off=460 037e5b18e0d12e07599bba9979f61e40
N3GD_BODY id=12 off=470 2980d308eab979887c24e463e0019fe1
N3GD_BODY id=12 off=480 0e4bc274be8b179d1d67225ab562728b
N3GD_BODY id=12 off=490 6ce2d86ecdb64e2a56f40ed94ec6ea9a
N3GD_BODY id=12 off=4a0 6f3221de2f9b6541893d96d3d446fe85
N3GD_BODY id=12 off=4b0 d16318fdd8a703db04e1b21453f6cb51
N3GD_BODY id=12 off=4c0 5ea0c330568eff1515cf13d75076b3be
N3GD_BODY id=12 off=4d0 ca08812bfbfa76e2d3298edd85a11818
N3GD_BODY id=12 off=4e0 4fe2d87c0b9ca2630b5593e771dc2853
N3GD_BODY id=12 off=4f0 719e742349a4103120497d4d16d8e748
N3GD_BODY id=12 off=500 5a04bf830a70387f22d977b5bc1cc9a2
N3GD_BODY id=12 off=510 8dc5dab0b91a7210cfaf32bc3ff1c2e7
N3GD_BODY id=12 off=520 8ace292961e663592266bc2fb4b094da
N3GD_BODY id=12 off=530 81d07d463f92c13a3befae8a9d37064b
N3GD_BODY id=12 off=540 6223d18c87e5ad9223ff7d38e524829a
N3GD_BODY id=12 off=550 c68a5ae8e04fa1a7519efe1494b74b2e
N3GD_BODY id=12 off=560 88f59e380b94becaef5f17b2222ba014
N3GD_BODY id=12 off=570 22e2dcb9990ce40083409ad1081045e2
N3GD_BODY id=12 off=580 205b13d9379ad6bec68fdd6234108d72
N3GD_BODY id=12 off=590 bb83aaf114e0e1249f4c7b62bf5be467
N3GD_BODY id=12 off=5a0 f179ffeb2671606968f405e7d0470f3b
N3GD_BODY id=12 off=5b0 603dcb038fee7e545986aa240a80c4f8
N3GD_BODY id=12 off=5c0 d5979d025e2f2895c873d4734c2cb14c
N3GD_BODY id=12 off=5d0 6e31c6ac50b643f9b1e676a99a3825ef
N3GD_BODY id=12 off=5e0 46b9c3de34f59f7f55a8b5db5582c803
N3GD_BODY id=12 off=5f0 1f65cd11c736ee2c4ac93712b8e2f711
N3GD_BODY id=12 off=600 9c9305cece9b31f4262aaefdf180d5f2
N3GD_BODY id=12 off=610 24a8fb49b5e70a572a0afdb60e3902eb
N3GD_BODY id=12 off=620 25f8f1c66fcc2d3817aeedeaab1a27a3
N3GD_BODY id=12 off=630 bc02c4b9225e839370d2fc396711fad1
N3GD_BODY id=12 off=640 cb8d552e41e941c0ab99908b15466627
N3GD_BODY id=12 off=650 6a3d029d48b4463595cd438d35923718
N3GD_BODY id=12 off=660 3542bf539633172fe4f16ecc03c547a5
N3GD_BODY id=12 off=670 9e8509fed0215c26e8a95761ddf57457
N3GD_BODY id=12 off=680 1e3a4bb62d3141a087164a2016db6fdf
N3GD_BODY id=12 off=690 07aba55cd518a31a3bf7651ea197434e
N3GD_BODY id=12 off=6a0 99e32f48669dec76e4f282414bf789d8
N3GD_BODY id=12 off=6b0 d365375f128bd7e0edc400f9ac05a2dc
N3GD_BODY id=12 off=6c0 e84cbdf5cdfc4e42e354efbaed8776ff
N3GD_BODY id=12 off=6d0 246570d236974c0f33f697dce458970d
N3GD_BODY id=12 off=6e0 3b7b17770db51628fa5c2b1307dc18ab
N3GD_BODY id=12 off=6f0 6a94cc75bc1ecde11bace8db5078e495
N3GD_BODY id=12 off=700 ac69bcbf9b414cfaaf6f8ee55d90edee
N3GD_BODY id=12 off=710 b659e14edffc270314b2ecd68bb5bdff
N3GD_BODY id=12 off=720 a4b25300dac0178198302072631388d4
N3GD_BODY id=12 off=730 dc4a1492fe82ca7284a207b3adaea370
N3GD_BODY id=12 off=740 f6c533eadc061d0eba3da6c7ab345d2f
N3GD_BODY id=12 off=750 98833ccc9cae1853f9ab09c5363ed9a2
N3GD_BODY id=12 off=760 eb8f6addd0641d51643a6078081ee9e4
N3GD_BODY id=12 off=770 d81d74b162ae164021b20cb46104b0fd
N3GD_BODY id=12 off=780 3e7f60665e653a00d2971f40c7a2d9fd
N3GD_BODY id=12 off=790 def6934bae3ee7e9775a9de71a48b93b
N3GD_BODY id=12 off=7a0 d66eedffe674661b7daf2fedcebabd52
N3GD_BODY id=12 off=7b0 d1e3c32346ce72632f49a7c48bea1303
N3GD_BODY id=12 off=7c0 d32cf266370657840c6b953d5013b8e1
N3GD_BODY id=12 off=7d0 830106eed896886538ad66421c80d84e
N3GD_BODY id=12 off=7e0 4c23f42e2373e53fa89e5e947d1b06c6
N3GD_BODY id=12 off=7f0 a5e48dfe7f40a61f458984a4fa6a19fd
N3GD_OOB id=12 off=000 4a9e00003cde0000ff40ffffe5ab0678
N3GD_OOB id=12 off=010 0a52efac2207c7a2053adbc8606282c5
N3GD_OOB id=12 off=020 374bcde4a25178a6eb7e94b8b7fa1e2e
N3GD_OOB id=12 off=030 eddbaafff14d9b9ea7ce563d3b3c79fe
N3GD_END id=12
N3GD_BEGIN id=13 kind=cand j=61 v=0384 po=293 sl=4294967295 l0=00009C02 tgt=0000A07E bank=1 pb=1325 pp=73 phy=169673 shift=4294967295 t=00 ix=0000 u=00000000 l=00000000
N3GD_BODY id=13 off=000 00000000000000000000000000000000
N3GD_BODY id=13 off=010 00000000000000000000000000000000
N3GD_BODY id=13 off=020 00000000000000000000000000000000
N3GD_BODY id=13 off=030 00000000000000000000000000000000
N3GD_BODY id=13 off=040 00000000000000000000000000000000
N3GD_BODY id=13 off=050 00000000000000000000000000000000
N3GD_BODY id=13 off=060 00000000000000000000000000000000
N3GD_BODY id=13 off=070 00000000000000000000000000000000
N3GD_BODY id=13 off=080 00000000000000000000000000000000
N3GD_BODY id=13 off=090 00000000000000000000000000000000
N3GD_BODY id=13 off=0a0 00000000000000000000000000000000
N3GD_BODY id=13 off=0b0 00000000000000000000000000000000
N3GD_BODY id=13 off=0c0 00000000000000000000000000000000
N3GD_BODY id=13 off=0d0 00000000000000000000000000000000
N3GD_BODY id=13 off=0e0 00000000000000000000000000000000
N3GD_BODY id=13 off=0f0 00000000000000000000000000000000
N3GD_BODY id=13 off=100 00000000000000000000000000000000
N3GD_BODY id=13 off=110 00000000000000000000000000000000
N3GD_BODY id=13 off=120 00000000000000000000000000000000
N3GD_BODY id=13 off=130 00000000000000000000000000000000
N3GD_BODY id=13 off=140 00000000000000000000000000000000
N3GD_BODY id=13 off=150 00000000000000000000000000000000
N3GD_BODY id=13 off=160 00000000000000000000000000000000
N3GD_BODY id=13 off=170 00000000000000000000000000000000
N3GD_BODY id=13 off=180 00000000000000000000000000000000
N3GD_BODY id=13 off=190 00000000000000000000000000000000
N3GD_BODY id=13 off=1a0 00000000000000000000000000000000
N3GD_BODY id=13 off=1b0 00000000000000000000000000000000
N3GD_BODY id=13 off=1c0 00000000000000000000000000000000
N3GD_BODY id=13 off=1d0 00000000000000000000000000000000
N3GD_BODY id=13 off=1e0 00000000000000000000000000000000
N3GD_BODY id=13 off=1f0 00000000000000000000000000000000
N3GD_BODY id=13 off=200 00000000000000000000000000000000
N3GD_BODY id=13 off=210 00000000000000000000000000000000
N3GD_BODY id=13 off=220 00000000000000000000000000000000
N3GD_BODY id=13 off=230 00000000000000000000000000000000
N3GD_BODY id=13 off=240 00000000000000000000000000000000
N3GD_BODY id=13 off=250 00000000000000000000000000000000
N3GD_BODY id=13 off=260 00000000000000000000000000000000
N3GD_BODY id=13 off=270 00000000000000000000000000000000
N3GD_BODY id=13 off=280 00000000000000000000000000000000
N3GD_BODY id=13 off=290 00000000000000000000000000000000
N3GD_BODY id=13 off=2a0 00000000000000000000000000000000
N3GD_BODY id=13 off=2b0 00000000000000000000000000000000
N3GD_BODY id=13 off=2c0 00000000000000000000000000000000
N3GD_BODY id=13 off=2d0 00000000000000000000000000000000
N3GD_BODY id=13 off=2e0 00000000000000000000000000000000
N3GD_BODY id=13 off=2f0 00000000000000000000000000000000
N3GD_BODY id=13 off=300 00000000000000000000000000000000
N3GD_BODY id=13 off=310 00000000000000000000000000000000
N3GD_BODY id=13 off=320 00000000000000000000000000000000
N3GD_BODY id=13 off=330 00000000000000000000000000000000
N3GD_BODY id=13 off=340 00000000000000000000000000000000
N3GD_BODY id=13 off=350 00000000000000000000000000000000
N3GD_BODY id=13 off=360 00000000000000000000000000000000
N3GD_BODY id=13 off=370 00000000000000000000000000000000
N3GD_BODY id=13 off=380 00000000000000000000000000000000
N3GD_BODY id=13 off=390 00000000000000000000000000000000
N3GD_BODY id=13 off=3a0 00000000000000000000000000000000
N3GD_BODY id=13 off=3b0 00000000000000000000000000000000
N3GD_BODY id=13 off=3c0 00000000000000000000000000000000
N3GD_BODY id=13 off=3d0 00000000000000000000000000000000
N3GD_BODY id=13 off=3e0 00000000000000000000000000000000
N3GD_BODY id=13 off=3f0 00000000000000000000000000000000
N3GD_BODY id=13 off=400 00000000000000000000000000000000
N3GD_BODY id=13 off=410 00000000000000000000000000000000
N3GD_BODY id=13 off=420 00000000000000000000000000000000
N3GD_BODY id=13 off=430 00000000000000000000000000000000
N3GD_BODY id=13 off=440 00000000000000000000000000000000
N3GD_BODY id=13 off=450 00000000000000000000000000000000
N3GD_BODY id=13 off=460 00000000000000000000000000000000
N3GD_BODY id=13 off=470 00000000000000000000000000000000
N3GD_BODY id=13 off=480 00000000000000000000000000000000
N3GD_BODY id=13 off=490 00000000000000000000000000000000
N3GD_BODY id=13 off=4a0 00000000000000000000000000000000
N3GD_BODY id=13 off=4b0 00000000000000000000000000000000
N3GD_BODY id=13 off=4c0 00000000000000000000000000000000
N3GD_BODY id=13 off=4d0 00000000000000000000000000000000
N3GD_BODY id=13 off=4e0 00000000000000000000000000000000
N3GD_BODY id=13 off=4f0 00000000000000000000000000000000
N3GD_BODY id=13 off=500 00000000000000000000000000000000
N3GD_BODY id=13 off=510 00000000000000000000000000000000
N3GD_BODY id=13 off=520 00000000000000000000000000000000
N3GD_BODY id=13 off=530 00000000000000000000000000000000
N3GD_BODY id=13 off=540 00000000000000000000000000000000
N3GD_BODY id=13 off=550 00000000000000000000000000000000
N3GD_BODY id=13 off=560 00000000000000000000000000000000
N3GD_BODY id=13 off=570 00000000000000000000000000000000
N3GD_BODY id=13 off=580 00000000000000000000000000000000
N3GD_BODY id=13 off=590 00000000000000000000000000000000
N3GD_BODY id=13 off=5a0 00000000000000000000000000000000
N3GD_BODY id=13 off=5b0 00000000000000000000000000000000
N3GD_BODY id=13 off=5c0 00000000000000000000000000000000
N3GD_BODY id=13 off=5d0 00000000000000000000000000000000
N3GD_BODY id=13 off=5e0 00000000000000000000000000000000
N3GD_BODY id=13 off=5f0 00000000000000000000000000000000
N3GD_BODY id=13 off=600 00000000000000000000000000000000
N3GD_BODY id=13 off=610 00000000000000000000000000000000
N3GD_BODY id=13 off=620 00000000000000000000000000000000
N3GD_BODY id=13 off=630 00000000000000000000000000000000
N3GD_BODY id=13 off=640 00000000000000000000000000000000
N3GD_BODY id=13 off=650 00000000000000000000000000000000
N3GD_BODY id=13 off=660 00000000000000000000000000000000
N3GD_BODY id=13 off=670 00000000000000000000000000000000
N3GD_BODY id=13 off=680 00000000000000000000000000000000
N3GD_BODY id=13 off=690 00000000000000000000000000000000
N3GD_BODY id=13 off=6a0 00000000000000000000000000000000
N3GD_BODY id=13 off=6b0 00000000000000000000000000000000
N3GD_BODY id=13 off=6c0 00000000000000000000000000000000
N3GD_BODY id=13 off=6d0 00000000000000000000000000000000
N3GD_BODY id=13 off=6e0 00000000000000000000000000000000
N3GD_BODY id=13 off=6f0 00000000000000000000000000000000
N3GD_BODY id=13 off=700 00000000000000000000000000000000
N3GD_BODY id=13 off=710 00000000000000000000000000000000
N3GD_BODY id=13 off=720 00000000000000000000000000000000
N3GD_BODY id=13 off=730 00000000000000000000000000000000
N3GD_BODY id=13 off=740 00000000000000000000000000000000
N3GD_BODY id=13 off=750 00000000000000000000000000000000
N3GD_BODY id=13 off=760 00000000000000000000000000000000
N3GD_BODY id=13 off=770 00000000000000000000000000000000
N3GD_BODY id=13 off=780 00000000000000000000000000000000
N3GD_BODY id=13 off=790 00000000000000000000000000000000
N3GD_BODY id=13 off=7a0 00000000000000000000000000000000
N3GD_BODY id=13 off=7b0 00000000000000000000000000000000
N3GD_BODY id=13 off=7c0 00000000000000000000000000000000
N3GD_BODY id=13 off=7d0 00000000000000000000000000000000
N3GD_BODY id=13 off=7e0 00000000000000000000000000000000
N3GD_BODY id=13 off=7f0 00000000000000000000000000000000
N3GD_OOB id=13 off=000 000000000000000000000000e5ab0678
N3GD_OOB id=13 off=010 0a52efac2207c7a2053adbc8606282c5
N3GD_OOB id=13 off=020 374bcde4a25178a6eb7e94b8b7fa1e2e
N3GD_OOB id=13 off=030 eddbaafff14d9b9ea7ce563d3b3c79fe
N3GD_END id=13
N3GD_BEGIN id=14 kind=cand j=61 v=0384 po=294 sl=4294967295 l0=00009C02 tgt=0000A07E bank=2 pb=1325 pp=73 phy=169673 shift=4294967295 t=00 ix=0000 u=00000000 l=00000000
N3GD_BODY id=14 off=000 00000000000000000000000000000000
N3GD_BODY id=14 off=010 00000000000000000000000000000000
N3GD_BODY id=14 off=020 00000000000000000000000000000000
N3GD_BODY id=14 off=030 00000000000000000000000000000000
N3GD_BODY id=14 off=040 00000000000000000000000000000000
N3GD_BODY id=14 off=050 00000000000000000000000000000000
N3GD_BODY id=14 off=060 00000000000000000000000000000000
N3GD_BODY id=14 off=070 00000000000000000000000000000000
N3GD_BODY id=14 off=080 00000000000000000000000000000000
N3GD_BODY id=14 off=090 00000000000000000000000000000000
N3GD_BODY id=14 off=0a0 00000000000000000000000000000000
N3GD_BODY id=14 off=0b0 00000000000000000000000000000000
N3GD_BODY id=14 off=0c0 00000000000000000000000000000000
N3GD_BODY id=14 off=0d0 00000000000000000000000000000000
N3GD_BODY id=14 off=0e0 00000000000000000000000000000000
N3GD_BODY id=14 off=0f0 00000000000000000000000000000000
N3GD_BODY id=14 off=100 00000000000000000000000000000000
N3GD_BODY id=14 off=110 00000000000000000000000000000000
N3GD_BODY id=14 off=120 00000000000000000000000000000000
N3GD_BODY id=14 off=130 00000000000000000000000000000000
N3GD_BODY id=14 off=140 00000000000000000000000000000000
N3GD_BODY id=14 off=150 00000000000000000000000000000000
N3GD_BODY id=14 off=160 00000000000000000000000000000000
N3GD_BODY id=14 off=170 00000000000000000000000000000000
N3GD_BODY id=14 off=180 00000000000000000000000000000000
N3GD_BODY id=14 off=190 00000000000000000000000000000000
N3GD_BODY id=14 off=1a0 00000000000000000000000000000000
N3GD_BODY id=14 off=1b0 00000000000000000000000000000000
N3GD_BODY id=14 off=1c0 00000000000000000000000000000000
N3GD_BODY id=14 off=1d0 00000000000000000000000000000000
N3GD_BODY id=14 off=1e0 00000000000000000000000000000000
N3GD_BODY id=14 off=1f0 00000000000000000000000000000000
N3GD_BODY id=14 off=200 00000000000000000000000000000000
N3GD_BODY id=14 off=210 00000000000000000000000000000000
N3GD_BODY id=14 off=220 00000000000000000000000000000000
N3GD_BODY id=14 off=230 00000000000000000000000000000000
N3GD_BODY id=14 off=240 00000000000000000000000000000000
N3GD_BODY id=14 off=250 00000000000000000000000000000000
N3GD_BODY id=14 off=260 00000000000000000000000000000000
N3GD_BODY id=14 off=270 00000000000000000000000000000000
N3GD_BODY id=14 off=280 00000000000000000000000000000000
N3GD_BODY id=14 off=290 00000000000000000000000000000000
N3GD_BODY id=14 off=2a0 00000000000000000000000000000000
N3GD_BODY id=14 off=2b0 00000000000000000000000000000000
N3GD_BODY id=14 off=2c0 00000000000000000000000000000000
N3GD_BODY id=14 off=2d0 00000000000000000000000000000000
N3GD_BODY id=14 off=2e0 00000000000000000000000000000000
N3GD_BODY id=14 off=2f0 00000000000000000000000000000000
N3GD_BODY id=14 off=300 00000000000000000000000000000000
N3GD_BODY id=14 off=310 00000000000000000000000000000000
N3GD_BODY id=14 off=320 00000000000000000000000000000000
N3GD_BODY id=14 off=330 00000000000000000000000000000000
N3GD_BODY id=14 off=340 00000000000000000000000000000000
N3GD_BODY id=14 off=350 00000000000000000000000000000000
N3GD_BODY id=14 off=360 00000000000000000000000000000000
N3GD_BODY id=14 off=370 00000000000000000000000000000000
N3GD_BODY id=14 off=380 00000000000000000000000000000000
N3GD_BODY id=14 off=390 00000000000000000000000000000000
N3GD_BODY id=14 off=3a0 00000000000000000000000000000000
N3GD_BODY id=14 off=3b0 00000000000000000000000000000000
N3GD_BODY id=14 off=3c0 00000000000000000000000000000000
N3GD_BODY id=14 off=3d0 00000000000000000000000000000000
N3GD_BODY id=14 off=3e0 00000000000000000000000000000000
N3GD_BODY id=14 off=3f0 00000000000000000000000000000000
N3GD_BODY id=14 off=400 00000000000000000000000000000000
N3GD_BODY id=14 off=410 00000000000000000000000000000000
N3GD_BODY id=14 off=420 00000000000000000000000000000000
N3GD_BODY id=14 off=430 00000000000000000000000000000000
N3GD_BODY id=14 off=440 00000000000000000000000000000000
N3GD_BODY id=14 off=450 00000000000000000000000000000000
N3GD_BODY id=14 off=460 00000000000000000000000000000000
N3GD_BODY id=14 off=470 00000000000000000000000000000000
N3GD_BODY id=14 off=480 00000000000000000000000000000000
N3GD_BODY id=14 off=490 00000000000000000000000000000000
N3GD_BODY id=14 off=4a0 00000000000000000000000000000000
N3GD_BODY id=14 off=4b0 00000000000000000000000000000000
N3GD_BODY id=14 off=4c0 00000000000000000000000000000000
N3GD_BODY id=14 off=4d0 00000000000000000000000000000000
N3GD_BODY id=14 off=4e0 00000000000000000000000000000000
N3GD_BODY id=14 off=4f0 00000000000000000000000000000000
N3GD_BODY id=14 off=500 00000000000000000000000000000000
N3GD_BODY id=14 off=510 00000000000000000000000000000000
N3GD_BODY id=14 off=520 00000000000000000000000000000000
N3GD_BODY id=14 off=530 00000000000000000000000000000000
N3GD_BODY id=14 off=540 00000000000000000000000000000000
N3GD_BODY id=14 off=550 00000000000000000000000000000000
N3GD_BODY id=14 off=560 00000000000000000000000000000000
N3GD_BODY id=14 off=570 00000000000000000000000000000000
N3GD_BODY id=14 off=580 00000000000000000000000000000000
N3GD_BODY id=14 off=590 00000000000000000000000000000000
N3GD_BODY id=14 off=5a0 00000000000000000000000000000000
N3GD_BODY id=14 off=5b0 00000000000000000000000000000000
N3GD_BODY id=14 off=5c0 00000000000000000000000000000000
N3GD_BODY id=14 off=5d0 00000000000000000000000000000000
N3GD_BODY id=14 off=5e0 00000000000000000000000000000000
N3GD_BODY id=14 off=5f0 00000000000000000000000000000000
N3GD_BODY id=14 off=600 00000000000000000000000000000000
N3GD_BODY id=14 off=610 00000000000000000000000000000000
N3GD_BODY id=14 off=620 00000000000000000000000000000000
N3GD_BODY id=14 off=630 00000000000000000000000000000000
N3GD_BODY id=14 off=640 00000000000000000000000000000000
N3GD_BODY id=14 off=650 00000000000000000000000000000000
N3GD_BODY id=14 off=660 00000000000000000000000000000000
N3GD_BODY id=14 off=670 00000000000000000000000000000000
N3GD_BODY id=14 off=680 00000000000000000000000000000000
N3GD_BODY id=14 off=690 00000000000000000000000000000000
N3GD_BODY id=14 off=6a0 00000000000000000000000000000000
N3GD_BODY id=14 off=6b0 00000000000000000000000000000000
N3GD_BODY id=14 off=6c0 00000000000000000000000000000000
N3GD_BODY id=14 off=6d0 00000000000000000000000000000000
N3GD_BODY id=14 off=6e0 00000000000000000000000000000000
N3GD_BODY id=14 off=6f0 00000000000000000000000000000000
N3GD_BODY id=14 off=700 00000000000000000000000000000000
N3GD_BODY id=14 off=710 00000000000000000000000000000000
N3GD_BODY id=14 off=720 00000000000000000000000000000000
N3GD_BODY id=14 off=730 00000000000000000000000000000000
N3GD_BODY id=14 off=740 00000000000000000000000000000000
N3GD_BODY id=14 off=750 00000000000000000000000000000000
N3GD_BODY id=14 off=760 00000000000000000000000000000000
N3GD_BODY id=14 off=770 00000000000000000000000000000000
N3GD_BODY id=14 off=780 00000000000000000000000000000000
N3GD_BODY id=14 off=790 00000000000000000000000000000000
N3GD_BODY id=14 off=7a0 00000000000000000000000000000000
N3GD_BODY id=14 off=7b0 00000000000000000000000000000000
N3GD_BODY id=14 off=7c0 00000000000000000000000000000000
N3GD_BODY id=14 off=7d0 00000000000000000000000000000000
N3GD_BODY id=14 off=7e0 00000000000000000000000000000000
N3GD_BODY id=14 off=7f0 00000000000000000000000000000000
N3GD_OOB id=14 off=000 000000000000000000000000e5ab0678
N3GD_OOB id=14 off=010 0a52efac2207c7a2053adbc8606282c5
N3GD_OOB id=14 off=020 374bcde4a25178a6eb7e94b8b7fa1e2e
N3GD_OOB id=14 off=030 eddbaafff14d9b9ea7ce563d3b3c79fe
N3GD_END id=14
N3GD_BEGIN id=15 kind=cand j=61 v=0384 po=295 sl=4294967295 l0=00009C02 tgt=0000A07E bank=3 pb=1325 pp=73 phy=169673 shift=4294967295 t=00 ix=0000 u=00000000 l=00000000
N3GD_BODY id=15 off=000 00000000000000000000000000000000
N3GD_BODY id=15 off=010 00000000000000000000000000000000
N3GD_BODY id=15 off=020 00000000000000000000000000000000
N3GD_BODY id=15 off=030 00000000000000000000000000000000
N3GD_BODY id=15 off=040 00000000000000000000000000000000
N3GD_BODY id=15 off=050 00000000000000000000000000000000
N3GD_BODY id=15 off=060 00000000000000000000000000000000
N3GD_BODY id=15 off=070 00000000000000000000000000000000
N3GD_BODY id=15 off=080 00000000000000000000000000000000
N3GD_BODY id=15 off=090 00000000000000000000000000000000
N3GD_BODY id=15 off=0a0 00000000000000000000000000000000
N3GD_BODY id=15 off=0b0 00000000000000000000000000000000
N3GD_BODY id=15 off=0c0 00000000000000000000000000000000
N3GD_BODY id=15 off=0d0 00000000000000000000000000000000
N3GD_BODY id=15 off=0e0 00000000000000000000000000000000
N3GD_BODY id=15 off=0f0 00000000000000000000000000000000
N3GD_BODY id=15 off=100 00000000000000000000000000000000
N3GD_BODY id=15 off=110 00000000000000000000000000000000
N3GD_BODY id=15 off=120 00000000000000000000000000000000
N3GD_BODY id=15 off=130 00000000000000000000000000000000
N3GD_BODY id=15 off=140 00000000000000000000000000000000
N3GD_BODY id=15 off=150 00000000000000000000000000000000
N3GD_BODY id=15 off=160 00000000000000000000000000000000
N3GD_BODY id=15 off=170 00000000000000000000000000000000
N3GD_BODY id=15 off=180 00000000000000000000000000000000
N3GD_BODY id=15 off=190 00000000000000000000000000000000
N3GD_BODY id=15 off=1a0 00000000000000000000000000000000
N3GD_BODY id=15 off=1b0 00000000000000000000000000000000
N3GD_BODY id=15 off=1c0 00000000000000000000000000000000
N3GD_BODY id=15 off=1d0 00000000000000000000000000000000
N3GD_BODY id=15 off=1e0 00000000000000000000000000000000
N3GD_BODY id=15 off=1f0 00000000000000000000000000000000
N3GD_BODY id=15 off=200 00000000000000000000000000000000
N3GD_BODY id=15 off=210 00000000000000000000000000000000
N3GD_BODY id=15 off=220 00000000000000000000000000000000
N3GD_BODY id=15 off=230 00000000000000000000000000000000
N3GD_BODY id=15 off=240 00000000000000000000000000000000
N3GD_BODY id=15 off=250 00000000000000000000000000000000
N3GD_BODY id=15 off=260 00000000000000000000000000000000
N3GD_BODY id=15 off=270 00000000000000000000000000000000
N3GD_BODY id=15 off=280 00000000000000000000000000000000
N3GD_BODY id=15 off=290 00000000000000000000000000000000
N3GD_BODY id=15 off=2a0 00000000000000000000000000000000
N3GD_BODY id=15 off=2b0 00000000000000000000000000000000
N3GD_BODY id=15 off=2c0 00000000000000000000000000000000
N3GD_BODY id=15 off=2d0 00000000000000000000000000000000
N3GD_BODY id=15 off=2e0 00000000000000000000000000000000
N3GD_BODY id=15 off=2f0 00000000000000000000000000000000
N3GD_BODY id=15 off=300 00000000000000000000000000000000
N3GD_BODY id=15 off=310 00000000000000000000000000000000
N3GD_BODY id=15 off=320 00000000000000000000000000000000
N3GD_BODY id=15 off=330 00000000000000000000000000000000
N3GD_BODY id=15 off=340 00000000000000000000000000000000
N3GD_BODY id=15 off=350 00000000000000000000000000000000
N3GD_BODY id=15 off=360 00000000000000000000000000000000
N3GD_BODY id=15 off=370 00000000000000000000000000000000
N3GD_BODY id=15 off=380 00000000000000000000000000000000
N3GD_BODY id=15 off=390 00000000000000000000000000000000
N3GD_BODY id=15 off=3a0 00000000000000000000000000000000
N3GD_BODY id=15 off=3b0 00000000000000000000000000000000
N3GD_BODY id=15 off=3c0 00000000000000000000000000000000
N3GD_BODY id=15 off=3d0 00000000000000000000000000000000
N3GD_BODY id=15 off=3e0 00000000000000000000000000000000
N3GD_BODY id=15 off=3f0 00000000000000000000000000000000
N3GD_BODY id=15 off=400 00000000000000000000000000000000
N3GD_BODY id=15 off=410 00000000000000000000000000000000
N3GD_BODY id=15 off=420 00000000000000000000000000000000
N3GD_BODY id=15 off=430 00000000000000000000000000000000
N3GD_BODY id=15 off=440 00000000000000000000000000000000
N3GD_BODY id=15 off=450 00000000000000000000000000000000
N3GD_BODY id=15 off=460 00000000000000000000000000000000
N3GD_BODY id=15 off=470 00000000000000000000000000000000
N3GD_BODY id=15 off=480 00000000000000000000000000000000
N3GD_BODY id=15 off=490 00000000000000000000000000000000
N3GD_BODY id=15 off=4a0 00000000000000000000000000000000
N3GD_BODY id=15 off=4b0 00000000000000000000000000000000
N3GD_BODY id=15 off=4c0 00000000000000000000000000000000
N3GD_BODY id=15 off=4d0 00000000000000000000000000000000
N3GD_BODY id=15 off=4e0 00000000000000000000000000000000
N3GD_BODY id=15 off=4f0 00000000000000000000000000000000
N3GD_BODY id=15 off=500 00000000000000000000000000000000
N3GD_BODY id=15 off=510 00000000000000000000000000000000
N3GD_BODY id=15 off=520 00000000000000000000000000000000
N3GD_BODY id=15 off=530 00000000000000000000000000000000
N3GD_BODY id=15 off=540 00000000000000000000000000000000
N3GD_BODY id=15 off=550 00000000000000000000000000000000
N3GD_BODY id=15 off=560 00000000000000000000000000000000
N3GD_BODY id=15 off=570 00000000000000000000000000000000
N3GD_BODY id=15 off=580 00000000000000000000000000000000
N3GD_BODY id=15 off=590 00000000000000000000000000000000
N3GD_BODY id=15 off=5a0 00000000000000000000000000000000
N3GD_BODY id=15 off=5b0 00000000000000000000000000000000
N3GD_BODY id=15 off=5c0 00000000000000000000000000000000
N3GD_BODY id=15 off=5d0 00000000000000000000000000000000
N3GD_BODY id=15 off=5e0 00000000000000000000000000000000
N3GD_BODY id=15 off=5f0 00000000000000000000000000000000
N3GD_BODY id=15 off=600 00000000000000000000000000000000
N3GD_BODY id=15 off=610 00000000000000000000000000000000
N3GD_BODY id=15 off=620 00000000000000000000000000000000
N3GD_BODY id=15 off=630 00000000000000000000000000000000
N3GD_BODY id=15 off=640 00000000000000000000000000000000
N3GD_BODY id=15 off=650 00000000000000000000000000000000
N3GD_BODY id=15 off=660 00000000000000000000000000000000
N3GD_BODY id=15 off=670 00000000000000000000000000000000
N3GD_BODY id=15 off=680 00000000000000000000000000000000
N3GD_BODY id=15 off=690 00000000000000000000000000000000
N3GD_BODY id=15 off=6a0 00000000000000000000000000000000
N3GD_BODY id=15 off=6b0 00000000000000000000000000000000
N3GD_BODY id=15 off=6c0 00000000000000000000000000000000
N3GD_BODY id=15 off=6d0 00000000000000000000000000000000
N3GD_BODY id=15 off=6e0 00000000000000000000000000000000
N3GD_BODY id=15 off=6f0 00000000000000000000000000000000
N3GD_BODY id=15 off=700 00000000000000000000000000000000
N3GD_BODY id=15 off=710 00000000000000000000000000000000
N3GD_BODY id=15 off=720 00000000000000000000000000000000
N3GD_BODY id=15 off=730 00000000000000000000000000000000
N3GD_BODY id=15 off=740 00000000000000000000000000000000
N3GD_BODY id=15 off=750 00000000000000000000000000000000
N3GD_BODY id=15 off=760 00000000000000000000000000000000
N3GD_BODY id=15 off=770 00000000000000000000000000000000
N3GD_BODY id=15 off=780 00000000000000000000000000000000
N3GD_BODY id=15 off=790 00000000000000000000000000000000
N3GD_BODY id=15 off=7a0 00000000000000000000000000000000
N3GD_BODY id=15 off=7b0 00000000000000000000000000000000
N3GD_BODY id=15 off=7c0 00000000000000000000000000000000
N3GD_BODY id=15 off=7d0 00000000000000000000000000000000
N3GD_BODY id=15 off=7e0 00000000000000000000000000000000
N3GD_BODY id=15 off=7f0 00000000000000000000000000000000
N3GD_OOB id=15 off=000 000000000000000000000000e5ab0678
N3GD_OOB id=15 off=010 0a52efac2207c7a2053adbc8606282c5
N3GD_OOB id=15 off=020 374bcde4a25178a6eb7e94b8b7fa1e2e
N3GD_OOB id=15 off=030 eddbaafff14d9b9ea7ce563d3b3c79fe
N3GD_END id=15
N3GD_BEGIN id=16 kind=cand j=61 v=0384 po=296 sl=4294967295 l0=00009C02 tgt=0000A07E bank=0 pb=1325 pp=74 phy=169674 shift=4294967295 t=40 ix=DE3C u=00009E52 l=00009E52
N3GD_BODY id=16 off=000 74438ba60d7e9053a1c9b50945d94dcf
N3GD_BODY id=16 off=010 44376f8545c074241ba19ca3277d6b53
N3GD_BODY id=16 off=020 e47bacabba45121c35f19aa30e11a10a
N3GD_BODY id=16 off=030 063c008dac1ee2f5133ed37994e6148e
N3GD_BODY id=16 off=040 3fe6c5dd930a1245a68b7db0e47ccb05
N3GD_BODY id=16 off=050 c5d8a1084f56e1b49cd9609766ea99ef
N3GD_BODY id=16 off=060 3558e7b4c220cd540829b854cf5fa83d
N3GD_BODY id=16 off=070 c787b59ffc44b1e3b26ab3bd6e662411
N3GD_BODY id=16 off=080 7d1e97a3b3f23cd69e6a2438782a48f8
N3GD_BODY id=16 off=090 8275c716d1f650b40bb7f9857b47c254
N3GD_BODY id=16 off=0a0 c9dc5bb3a05ce756faf6d0fa0b501148
N3GD_BODY id=16 off=0b0 247ed76c0ec6bc8e863b9e7c4b9c0058
N3GD_BODY id=16 off=0c0 053dbeabc47a7ceb9277dc551807782d
N3GD_BODY id=16 off=0d0 fb7ba8478e58cafa3eaeae07b79be189
N3GD_BODY id=16 off=0e0 d2ed2b32015ab0033f02309debf5f9e3
N3GD_BODY id=16 off=0f0 6f4562058613accc1683b61efe8c0825
N3GD_BODY id=16 off=100 d75be0883e21a262503d5fab10459177
N3GD_BODY id=16 off=110 4ceee8d0494ed7660249b8ecb29acfd9
N3GD_BODY id=16 off=120 bdd38d1e50ecb022230a7b03b9b4c849
N3GD_BODY id=16 off=130 f88678f9c842103132353ba10f4b6963
N3GD_BODY id=16 off=140 3c1a11fa9b36c9bfbb9be09af7972420
N3GD_BODY id=16 off=150 64e9fea5d12f0c8f39a1d7eb67306d1f
N3GD_BODY id=16 off=160 63bc99cd84f1102f92605d947415ff49
N3GD_BODY id=16 off=170 b211b4c58e1041ff7cad7c0e80c7b7b6
N3GD_BODY id=16 off=180 933d7b70d9cf925676c506d7516ff514
N3GD_BODY id=16 off=190 def0284dc0f3f3c211d5b292c6439aff
N3GD_BODY id=16 off=1a0 4a5314cfc5d87d8f801e3969af769eca
N3GD_BODY id=16 off=1b0 ac17343598a5bacf98a1923fc5505a63
N3GD_BODY id=16 off=1c0 7c696f640fa3fe59023f44c3d215a64b
N3GD_BODY id=16 off=1d0 7afaed942fdeaeeb43ae9f145349cca8
N3GD_BODY id=16 off=1e0 e15837a36e0adb2ce1e7fd279caf125a
N3GD_BODY id=16 off=1f0 96cb46678dc1dab2975684a4df7accaf
N3GD_BODY id=16 off=200 fb380ca20c7c60892a3c44e4369f2c81
N3GD_BODY id=16 off=210 36bf317e3e31b9439dfd980184fd1cd4
N3GD_BODY id=16 off=220 3011f5aa6db13a3e2984e3a3ff843958
N3GD_BODY id=16 off=230 b1368c37886d55ffcdf5bb75de0093d1
N3GD_BODY id=16 off=240 9eb1082316c10317ee49705da4f9a6ff
N3GD_BODY id=16 off=250 af6130075e737bae17386a0a8d000275
N3GD_BODY id=16 off=260 014a4a7854e22a4030d5d9d8911a62e1
N3GD_BODY id=16 off=270 dec250644a823bcaa9145d87678c2a2f
N3GD_BODY id=16 off=280 690d6f3ddef0f837897160efc81cb3fa
N3GD_BODY id=16 off=290 02f2d3f7af5095506ab07a8803bc3c0a
N3GD_BODY id=16 off=2a0 b2299aabb16fa266d2a5cf302ce4cfd3
N3GD_BODY id=16 off=2b0 3c0d388be49da959651131ae96a5ff96
N3GD_BODY id=16 off=2c0 bfa2b888b068ae244e275eb1321c7382
N3GD_BODY id=16 off=2d0 1d6b4c47b6e8a22ccc770c7c6da9d168
N3GD_BODY id=16 off=2e0 3b92303255e3f80f74ee81a066a853b7
N3GD_BODY id=16 off=2f0 ce46b70225b616449c839af017d39abc
N3GD_BODY id=16 off=300 a6b91840b8b3c8e3c7a0b06696a073a7
N3GD_BODY id=16 off=310 bda3fe0e997c60e3bba702c3cced5a9f
N3GD_BODY id=16 off=320 45176ea3e90051836c21db3a21206ecb
N3GD_BODY id=16 off=330 c385bbab9817a5f3848e836e29e205aa
N3GD_BODY id=16 off=340 4cc0e315b407eaba461050a812f5e898
N3GD_BODY id=16 off=350 2132e60dea6fb3d2bb0dc9a349a6f980
N3GD_BODY id=16 off=360 b6864b23113414390ffa49afb896d49f
N3GD_BODY id=16 off=370 2e5320b4c6240cc70a7c41a86b96b25d
N3GD_BODY id=16 off=380 d56a51b96e5e2169b7cb280798723757
N3GD_BODY id=16 off=390 d1f28d0c2ebf0182e9036ffaee26092d
N3GD_BODY id=16 off=3a0 6c14cb1c837a3b76792cca6584269dc1
N3GD_BODY id=16 off=3b0 0a7d38e1542f137c823a05ee2a295a97
N3GD_BODY id=16 off=3c0 58c5be40b05df0b1a04cafa2139ef1e2
N3GD_BODY id=16 off=3d0 40cad5ca8a1d114c7326232d80e381d6
N3GD_BODY id=16 off=3e0 45d573b597b4c7d1c42b3b2e34047179
N3GD_BODY id=16 off=3f0 c5ffec30e936f5489ae3dc875e6f2be8
N3GD_BODY id=16 off=400 579e8b2042345165291042ce0d4f94c6
N3GD_BODY id=16 off=410 df24277aa3f96ca6df1cccea5cb0fe1e
N3GD_BODY id=16 off=420 8eb2a3af4ddfcf462980ebb9ebfe2e09
N3GD_BODY id=16 off=430 dfb1389fdfa2848f216f5e128861f761
N3GD_BODY id=16 off=440 8241ce74d6d4913d8d59302098457873
N3GD_BODY id=16 off=450 f9262ba85ee1666df920224c5135bda5
N3GD_BODY id=16 off=460 ba068ec7ed5e9324e07a5266ccd4612a
N3GD_BODY id=16 off=470 9ee94da2adbe16ce95a6820f9ae5e52a
N3GD_BODY id=16 off=480 905553d1960dc09bfbd71fe96a75d18a
N3GD_BODY id=16 off=490 3886c3d4913ab3091815226ba9bb8273
N3GD_BODY id=16 off=4a0 14f06d8f220cc28fc1f84a4e155b9ff4
N3GD_BODY id=16 off=4b0 75819f6173839bc482088142a0e6fbb9
N3GD_BODY id=16 off=4c0 2fe449fee602d30d9e687a171695f2d8
N3GD_BODY id=16 off=4d0 a7fa5514e5ca61a472d1149f55fc6d62
N3GD_BODY id=16 off=4e0 c09b0fd1b21fae63d7efa5707a2caf4f
N3GD_BODY id=16 off=4f0 a817f0e435d2d160c4a47e5d3230dfde
N3GD_BODY id=16 off=500 961d3b70ddf6c3029d34b0a016a3be3f
N3GD_BODY id=16 off=510 ca50f1ee112078ec2ebf92da7df2e4d0
N3GD_BODY id=16 off=520 9043cbc763a5285f0d0c9901e389c0b8
N3GD_BODY id=16 off=530 6350c105072137cc5d85b16102842221
N3GD_BODY id=16 off=540 768bc33acb4d34edcc39235e1df3ceb5
N3GD_BODY id=16 off=550 ee15030403197f8f7c65cdb86b06b5a1
N3GD_BODY id=16 off=560 c2d1e768c702343b14efa11ae54e668b
N3GD_BODY id=16 off=570 9b949865d55fcc4bf98d2cc1b246db8b
N3GD_BODY id=16 off=580 2b673d84cefc7818c2b4383c91a7f89e
N3GD_BODY id=16 off=590 2fced929831bc575253257fb99d35a1a
N3GD_BODY id=16 off=5a0 6e11e9d4f424c4cebef1efe435335fb2
N3GD_BODY id=16 off=5b0 b43b07241b0e38def0b0ac525b384ab1
N3GD_BODY id=16 off=5c0 a7b6ccdda3cdb9ca5c6ef1cc1145f99e
N3GD_BODY id=16 off=5d0 2a713af4c771f1876184687f4c5e097e
N3GD_BODY id=16 off=5e0 ddbde68bb864a723a0de6bf2745af577
N3GD_BODY id=16 off=5f0 e66166e2f417e3c349c0b1631822cb1f
N3GD_BODY id=16 off=600 7b98ca9caac3b8a3db224bb19b83c77b
N3GD_BODY id=16 off=610 291bad2e9797a92c8b6af42ea4bd658a
N3GD_BODY id=16 off=620 6f1d408b1f5c25f6433b6937ea71ceb9
N3GD_BODY id=16 off=630 87411cbcf319e149d938908ec4984b92
N3GD_BODY id=16 off=640 e05d39d0d9124a992afb6bdf0023c2a5
N3GD_BODY id=16 off=650 b77ae499780d32e2672cc026c33d23c3
N3GD_BODY id=16 off=660 01b9d1ca279cd304280eb7f40680093f
N3GD_BODY id=16 off=670 5f99cf2dbfe9ccff9962e1d6e38145e0
N3GD_BODY id=16 off=680 7c4ee20255a431a82413fcdf3e198de3
N3GD_BODY id=16 off=690 9145b5545baa4e1cfded510856d45f6f
N3GD_BODY id=16 off=6a0 5eaaaf84a036008d31f8a8ea8f3e5e07
N3GD_BODY id=16 off=6b0 34a7198f2951e6b26e13fedafaff8c4f
N3GD_BODY id=16 off=6c0 bf034d9b82c1556988f670b44e076ab5
N3GD_BODY id=16 off=6d0 8297fc1e4e12e277642093a3968cf5f3
N3GD_BODY id=16 off=6e0 adaa873779484a2da0107eeb58a73eb7
N3GD_BODY id=16 off=6f0 5c712919912aaf6cec164b13cf973cb9
N3GD_BODY id=16 off=700 bb6a018da14948a768dc433171966c61
N3GD_BODY id=16 off=710 ecd848be519ac20ef2d8c38e7fa0d722
N3GD_BODY id=16 off=720 45d0f74e117cf6830547060cc5c94fc6
N3GD_BODY id=16 off=730 f67118e9be1faf5791a88ff6cf905669
N3GD_BODY id=16 off=740 f95b9b33d649fe80fa049965edc38200
N3GD_BODY id=16 off=750 cec8cd7fc97675c4d4b6a217f186e513
N3GD_BODY id=16 off=760 d89b6b9b258cc1987568c0fb42fd8a66
N3GD_BODY id=16 off=770 9d734abc1f01564ba95618cc470dcb67
N3GD_BODY id=16 off=780 066ba4d913dc36300642dc499ed7460e
N3GD_BODY id=16 off=790 8d5f0d38faaf6d79b67019be7688ffcf
N3GD_BODY id=16 off=7a0 20a2fd5cbf6cac2e1a9b76f848fa4eb0
N3GD_BODY id=16 off=7b0 69502d3b3036ec9b980786b236adb149
N3GD_BODY id=16 off=7c0 28ff8b03aca732ae007b0a619afdf342
N3GD_BODY id=16 off=7d0 6e369b502290624a3764dd0eb1d0639d
N3GD_BODY id=16 off=7e0 ba0d4846525b4409a903004f0bc0a7d2
N3GD_BODY id=16 off=7f0 f1a7f7d7dd787c3b78f0c6e6dfd8b2d2
N3GD_OOB id=16 off=000 529e00003cde0000ff40ffffe5ab0678
N3GD_OOB id=16 off=010 0a52efac2207c7a2053adbc8606282c5
N3GD_OOB id=16 off=020 374bcde4a25178a6eb7e94b8b7fa1e2e
N3GD_OOB id=16 off=030 eddbaafff14d9b9ea7ce563d3b3c79fe
N3GD_END id=16
N3GD_BEGIN id=17 kind=cand j=61 v=0384 po=297 sl=4294967295 l0=00009C02 tgt=0000A07E bank=1 pb=1325 pp=74 phy=169674 shift=4294967295 t=00 ix=0000 u=00000000 l=00000000
N3GD_BODY id=17 off=000 00000000000000000000000000000000
N3GD_BODY id=17 off=010 00000000000000000000000000000000
N3GD_BODY id=17 off=020 00000000000000000000000000000000
N3GD_BODY id=17 off=030 00000000000000000000000000000000
N3GD_BODY id=17 off=040 00000000000000000000000000000000
N3GD_BODY id=17 off=050 00000000000000000000000000000000
N3GD_BODY id=17 off=060 00000000000000000000000000000000
N3GD_BODY id=17 off=070 00000000000000000000000000000000
N3GD_BODY id=17 off=080 00000000000000000000000000000000
N3GD_BODY id=17 off=090 00000000000000000000000000000000
N3GD_BODY id=17 off=0a0 00000000000000000000000000000000
N3GD_BODY id=17 off=0b0 00000000000000000000000000000000
N3GD_BODY id=17 off=0c0 00000000000000000000000000000000
N3GD_BODY id=17 off=0d0 00000000000000000000000000000000
N3GD_BODY id=17 off=0e0 00000000000000000000000000000000
N3GD_BODY id=17 off=0f0 00000000000000000000000000000000
N3GD_BODY id=17 off=100 00000000000000000000000000000000
N3GD_BODY id=17 off=110 00000000000000000000000000000000
N3GD_BODY id=17 off=120 00000000000000000000000000000000
N3GD_BODY id=17 off=130 00000000000000000000000000000000
N3GD_BODY id=17 off=140 00000000000000000000000000000000
N3GD_BODY id=17 off=150 00000000000000000000000000000000
N3GD_BODY id=17 off=160 00000000000000000000000000000000
N3GD_BODY id=17 off=170 00000000000000000000000000000000
N3GD_BODY id=17 off=180 00000000000000000000000000000000
N3GD_BODY id=17 off=190 00000000000000000000000000000000
N3GD_BODY id=17 off=1a0 00000000000000000000000000000000
N3GD_BODY id=17 off=1b0 00000000000000000000000000000000
N3GD_BODY id=17 off=1c0 00000000000000000000000000000000
N3GD_BODY id=17 off=1d0 00000000000000000000000000000000
N3GD_BODY id=17 off=1e0 00000000000000000000000000000000
N3GD_BODY id=17 off=1f0 00000000000000000000000000000000
N3GD_BODY id=17 off=200 00000000000000000000000000000000
N3GD_BODY id=17 off=210 00000000000000000000000000000000
N3GD_BODY id=17 off=220 00000000000000000000000000000000
N3GD_BODY id=17 off=230 00000000000000000000000000000000
N3GD_BODY id=17 off=240 00000000000000000000000000000000
N3GD_BODY id=17 off=250 00000000000000000000000000000000
N3GD_BODY id=17 off=260 00000000000000000000000000000000
N3GD_BODY id=17 off=270 00000000000000000000000000000000
N3GD_BODY id=17 off=280 00000000000000000000000000000000
N3GD_BODY id=17 off=290 00000000000000000000000000000000
N3GD_BODY id=17 off=2a0 00000000000000000000000000000000
N3GD_BODY id=17 off=2b0 00000000000000000000000000000000
N3GD_BODY id=17 off=2c0 00000000000000000000000000000000
N3GD_BODY id=17 off=2d0 00000000000000000000000000000000
N3GD_BODY id=17 off=2e0 00000000000000000000000000000000
N3GD_BODY id=17 off=2f0 00000000000000000000000000000000
N3GD_BODY id=17 off=300 00000000000000000000000000000000
N3GD_BODY id=17 off=310 00000000000000000000000000000000
N3GD_BODY id=17 off=320 00000000000000000000000000000000
N3GD_BODY id=17 off=330 00000000000000000000000000000000
N3GD_BODY id=17 off=340 00000000000000000000000000000000
N3GD_BODY id=17 off=350 00000000000000000000000000000000
N3GD_BODY id=17 off=360 00000000000000000000000000000000
N3GD_BODY id=17 off=370 00000000000000000000000000000000
N3GD_BODY id=17 off=380 00000000000000000000000000000000
N3GD_BODY id=17 off=390 00000000000000000000000000000000
N3GD_BODY id=17 off=3a0 00000000000000000000000000000000
N3GD_BODY id=17 off=3b0 00000000000000000000000000000000
N3GD_BODY id=17 off=3c0 00000000000000000000000000000000
N3GD_BODY id=17 off=3d0 00000000000000000000000000000000
N3GD_BODY id=17 off=3e0 00000000000000000000000000000000
N3GD_BODY id=17 off=3f0 00000000000000000000000000000000
N3GD_BODY id=17 off=400 00000000000000000000000000000000
N3GD_BODY id=17 off=410 00000000000000000000000000000000
N3GD_BODY id=17 off=420 00000000000000000000000000000000
N3GD_BODY id=17 off=430 00000000000000000000000000000000
N3GD_BODY id=17 off=440 00000000000000000000000000000000
N3GD_BODY id=17 off=450 00000000000000000000000000000000
N3GD_BODY id=17 off=460 00000000000000000000000000000000
N3GD_BODY id=17 off=470 00000000000000000000000000000000
N3GD_BODY id=17 off=480 00000000000000000000000000000000
N3GD_BODY id=17 off=490 00000000000000000000000000000000
N3GD_BODY id=17 off=4a0 00000000000000000000000000000000
N3GD_BODY id=17 off=4b0 00000000000000000000000000000000
N3GD_BODY id=17 off=4c0 00000000000000000000000000000000
N3GD_BODY id=17 off=4d0 00000000000000000000000000000000
N3GD_BODY id=17 off=4e0 00000000000000000000000000000000
N3GD_BODY id=17 off=4f0 00000000000000000000000000000000
N3GD_BODY id=17 off=500 00000000000000000000000000000000
N3GD_BODY id=17 off=510 00000000000000000000000000000000
N3GD_BODY id=17 off=520 00000000000000000000000000000000
N3GD_BODY id=17 off=530 00000000000000000000000000000000
N3GD_BODY id=17 off=540 00000000000000000000000000000000
N3GD_BODY id=17 off=550 00000000000000000000000000000000
N3GD_BODY id=17 off=560 00000000000000000000000000000000
N3GD_BODY id=17 off=570 00000000000000000000000000000000
N3GD_BODY id=17 off=580 00000000000000000000000000000000
N3GD_BODY id=17 off=590 00000000000000000000000000000000
N3GD_BODY id=17 off=5a0 00000000000000000000000000000000
N3GD_BODY id=17 off=5b0 00000000000000000000000000000000
N3GD_BODY id=17 off=5c0 00000000000000000000000000000000
N3GD_BODY id=17 off=5d0 00000000000000000000000000000000
N3GD_BODY id=17 off=5e0 00000000000000000000000000000000
N3GD_BODY id=17 off=5f0 00000000000000000000000000000000
N3GD_BODY id=17 off=600 00000000000000000000000000000000
N3GD_BODY id=17 off=610 00000000000000000000000000000000
N3GD_BODY id=17 off=620 00000000000000000000000000000000
N3GD_BODY id=17 off=630 00000000000000000000000000000000
N3GD_BODY id=17 off=640 00000000000000000000000000000000
N3GD_BODY id=17 off=650 00000000000000000000000000000000
N3GD_BODY id=17 off=660 00000000000000000000000000000000
N3GD_BODY id=17 off=670 00000000000000000000000000000000
N3GD_BODY id=17 off=680 00000000000000000000000000000000
N3GD_BODY id=17 off=690 00000000000000000000000000000000
N3GD_BODY id=17 off=6a0 00000000000000000000000000000000
N3GD_BODY id=17 off=6b0 00000000000000000000000000000000
N3GD_BODY id=17 off=6c0 00000000000000000000000000000000
N3GD_BODY id=17 off=6d0 00000000000000000000000000000000
N3GD_BODY id=17 off=6e0 00000000000000000000000000000000
N3GD_BODY id=17 off=6f0 00000000000000000000000000000000
N3GD_BODY id=17 off=700 00000000000000000000000000000000
N3GD_BODY id=17 off=710 00000000000000000000000000000000
N3GD_BODY id=17 off=720 00000000000000000000000000000000
N3GD_BODY id=17 off=730 00000000000000000000000000000000
N3GD_BODY id=17 off=740 00000000000000000000000000000000
N3GD_BODY id=17 off=750 00000000000000000000000000000000
N3GD_BODY id=17 off=760 00000000000000000000000000000000
N3GD_BODY id=17 off=770 00000000000000000000000000000000
N3GD_BODY id=17 off=780 00000000000000000000000000000000
N3GD_BODY id=17 off=790 00000000000000000000000000000000
N3GD_BODY id=17 off=7a0 00000000000000000000000000000000
N3GD_BODY id=17 off=7b0 00000000000000000000000000000000
N3GD_BODY id=17 off=7c0 00000000000000000000000000000000
N3GD_BODY id=17 off=7d0 00000000000000000000000000000000
N3GD_BODY id=17 off=7e0 00000000000000000000000000000000
N3GD_BODY id=17 off=7f0 00000000000000000000000000000000
N3GD_OOB id=17 off=000 000000000000000000000000e5ab0678
N3GD_OOB id=17 off=010 0a52efac2207c7a2053adbc8606282c5
N3GD_OOB id=17 off=020 374bcde4a25178a6eb7e94b8b7fa1e2e
N3GD_OOB id=17 off=030 eddbaafff14d9b9ea7ce563d3b3c79fe
N3GD_END id=17
N3GD_BEGIN id=18 kind=cand j=61 v=0384 po=298 sl=4294967295 l0=00009C02 tgt=0000A07E bank=2 pb=1325 pp=74 phy=169674 shift=4294967295 t=00 ix=0000 u=00000000 l=00000000
N3GD_BODY id=18 off=000 00000000000000000000000000000000
N3GD_BODY id=18 off=010 00000000000000000000000000000000
N3GD_BODY id=18 off=020 00000000000000000000000000000000
N3GD_BODY id=18 off=030 00000000000000000000000000000000
N3GD_BODY id=18 off=040 00000000000000000000000000000000
N3GD_BODY id=18 off=050 00000000000000000000000000000000
N3GD_BODY id=18 off=060 00000000000000000000000000000000
N3GD_BODY id=18 off=070 00000000000000000000000000000000
N3GD_BODY id=18 off=080 00000000000000000000000000000000
N3GD_BODY id=18 off=090 00000000000000000000000000000000
N3GD_BODY id=18 off=0a0 00000000000000000000000000000000
N3GD_BODY id=18 off=0b0 00000000000000000000000000000000
N3GD_BODY id=18 off=0c0 00000000000000000000000000000000
N3GD_BODY id=18 off=0d0 00000000000000000000000000000000
N3GD_BODY id=18 off=0e0 00000000000000000000000000000000
N3GD_BODY id=18 off=0f0 00000000000000000000000000000000
N3GD_BODY id=18 off=100 00000000000000000000000000000000
N3GD_BODY id=18 off=110 00000000000000000000000000000000
N3GD_BODY id=18 off=120 00000000000000000000000000000000
N3GD_BODY id=18 off=130 00000000000000000000000000000000
N3GD_BODY id=18 off=140 00000000000000000000000000000000
N3GD_BODY id=18 off=150 00000000000000000000000000000000
N3GD_BODY id=18 off=160 00000000000000000000000000000000
N3GD_BODY id=18 off=170 00000000000000000000000000000000
N3GD_BODY id=18 off=180 00000000000000000000000000000000
N3GD_BODY id=18 off=190 00000000000000000000000000000000
N3GD_BODY id=18 off=1a0 00000000000000000000000000000000
N3GD_BODY id=18 off=1b0 00000000000000000000000000000000
N3GD_BODY id=18 off=1c0 00000000000000000000000000000000
N3GD_BODY id=18 off=1d0 00000000000000000000000000000000
N3GD_BODY id=18 off=1e0 00000000000000000000000000000000
N3GD_BODY id=18 off=1f0 00000000000000000000000000000000
N3GD_BODY id=18 off=200 00000000000000000000000000000000
N3GD_BODY id=18 off=210 00000000000000000000000000000000
N3GD_BODY id=18 off=220 00000000000000000000000000000000
N3GD_BODY id=18 off=230 00000000000000000000000000000000
N3GD_BODY id=18 off=240 00000000000000000000000000000000
N3GD_BODY id=18 off=250 00000000000000000000000000000000
N3GD_BODY id=18 off=260 00000000000000000000000000000000
N3GD_BODY id=18 off=270 00000000000000000000000000000000
N3GD_BODY id=18 off=280 00000000000000000000000000000000
N3GD_BODY id=18 off=290 00000000000000000000000000000000
N3GD_BODY id=18 off=2a0 00000000000000000000000000000000
N3GD_BODY id=18 off=2b0 00000000000000000000000000000000
N3GD_BODY id=18 off=2c0 00000000000000000000000000000000
N3GD_BODY id=18 off=2d0 00000000000000000000000000000000
N3GD_BODY id=18 off=2e0 00000000000000000000000000000000
N3GD_BODY id=18 off=2f0 00000000000000000000000000000000
N3GD_BODY id=18 off=300 00000000000000000000000000000000
N3GD_BODY id=18 off=310 00000000000000000000000000000000
N3GD_BODY id=18 off=320 00000000000000000000000000000000
N3GD_BODY id=18 off=330 00000000000000000000000000000000
N3GD_BODY id=18 off=340 00000000000000000000000000000000
N3GD_BODY id=18 off=350 00000000000000000000000000000000
N3GD_BODY id=18 off=360 00000000000000000000000000000000
N3GD_BODY id=18 off=370 00000000000000000000000000000000
N3GD_BODY id=18 off=380 00000000000000000000000000000000
N3GD_BODY id=18 off=390 00000000000000000000000000000000
N3GD_BODY id=18 off=3a0 00000000000000000000000000000000
N3GD_BODY id=18 off=3b0 00000000000000000000000000000000
N3GD_BODY id=18 off=3c0 00000000000000000000000000000000
N3GD_BODY id=18 off=3d0 00000000000000000000000000000000
N3GD_BODY id=18 off=3e0 00000000000000000000000000000000
N3GD_BODY id=18 off=3f0 00000000000000000000000000000000
N3GD_BODY id=18 off=400 00000000000000000000000000000000
N3GD_BODY id=18 off=410 00000000000000000000000000000000
N3GD_BODY id=18 off=420 00000000000000000000000000000000
N3GD_BODY id=18 off=430 00000000000000000000000000000000
N3GD_BODY id=18 off=440 00000000000000000000000000000000
N3GD_BODY id=18 off=450 00000000000000000000000000000000
N3GD_BODY id=18 off=460 00000000000000000000000000000000
N3GD_BODY id=18 off=470 00000000000000000000000000000000
N3GD_BODY id=18 off=480 00000000000000000000000000000000
N3GD_BODY id=18 off=490 00000000000000000000000000000000
N3GD_BODY id=18 off=4a0 00000000000000000000000000000000
N3GD_BODY id=18 off=4b0 00000000000000000000000000000000
N3GD_BODY id=18 off=4c0 00000000000000000000000000000000
N3GD_BODY id=18 off=4d0 00000000000000000000000000000000
N3GD_BODY id=18 off=4e0 00000000000000000000000000000000
N3GD_BODY id=18 off=4f0 00000000000000000000000000000000
N3GD_BODY id=18 off=500 00000000000000000000000000000000
N3GD_BODY id=18 off=510 00000000000000000000000000000000
N3GD_BODY id=18 off=520 00000000000000000000000000000000
N3GD_BODY id=18 off=530 00000000000000000000000000000000
N3GD_BODY id=18 off=540 00000000000000000000000000000000
N3GD_BODY id=18 off=550 00000000000000000000000000000000
N3GD_BODY id=18 off=560 00000000000000000000000000000000
N3GD_BODY id=18 off=570 00000000000000000000000000000000
N3GD_BODY id=18 off=580 00000000000000000000000000000000
N3GD_BODY id=18 off=590 00000000000000000000000000000000
N3GD_BODY id=18 off=5a0 00000000000000000000000000000000
N3GD_BODY id=18 off=5b0 00000000000000000000000000000000
N3GD_BODY id=18 off=5c0 00000000000000000000000000000000
N3GD_BODY id=18 off=5d0 00000000000000000000000000000000
N3GD_BODY id=18 off=5e0 00000000000000000000000000000000
N3GD_BODY id=18 off=5f0 00000000000000000000000000000000
N3GD_BODY id=18 off=600 00000000000000000000000000000000
N3GD_BODY id=18 off=610 00000000000000000000000000000000
N3GD_BODY id=18 off=620 00000000000000000000000000000000
N3GD_BODY id=18 off=630 00000000000000000000000000000000
N3GD_BODY id=18 off=640 00000000000000000000000000000000
N3GD_BODY id=18 off=650 00000000000000000000000000000000
N3GD_BODY id=18 off=660 00000000000000000000000000000000
N3GD_BODY id=18 off=670 00000000000000000000000000000000
N3GD_BODY id=18 off=680 00000000000000000000000000000000
N3GD_BODY id=18 off=690 00000000000000000000000000000000
N3GD_BODY id=18 off=6a0 00000000000000000000000000000000
N3GD_BODY id=18 off=6b0 00000000000000000000000000000000
N3GD_BODY id=18 off=6c0 00000000000000000000000000000000
N3GD_BODY id=18 off=6d0 00000000000000000000000000000000
N3GD_BODY id=18 off=6e0 00000000000000000000000000000000
N3GD_BODY id=18 off=6f0 00000000000000000000000000000000
N3GD_BODY id=18 off=700 00000000000000000000000000000000
N3GD_BODY id=18 off=710 00000000000000000000000000000000
N3GD_BODY id=18 off=720 00000000000000000000000000000000
N3GD_BODY id=18 off=730 00000000000000000000000000000000
N3GD_BODY id=18 off=740 00000000000000000000000000000000
N3GD_BODY id=18 off=750 00000000000000000000000000000000
N3GD_BODY id=18 off=760 00000000000000000000000000000000
N3GD_BODY id=18 off=770 00000000000000000000000000000000
N3GD_BODY id=18 off=780 00000000000000000000000000000000
N3GD_BODY id=18 off=790 00000000000000000000000000000000
N3GD_BODY id=18 off=7a0 00000000000000000000000000000000
N3GD_BODY id=18 off=7b0 00000000000000000000000000000000
N3GD_BODY id=18 off=7c0 00000000000000000000000000000000
N3GD_BODY id=18 off=7d0 00000000000000000000000000000000
N3GD_BODY id=18 off=7e0 00000000000000000000000000000000
N3GD_BODY id=18 off=7f0 00000000000000000000000000000000
N3GD_OOB id=18 off=000 000000000000000000000000e5ab0678
N3GD_OOB id=18 off=010 0a52efac2207c7a2053adbc8606282c5
N3GD_OOB id=18 off=020 374bcde4a25178a6eb7e94b8b7fa1e2e
N3GD_OOB id=18 off=030 eddbaafff14d9b9ea7ce563d3b3c79fe
N3GD_END id=18
N3GD_BEGIN id=19 kind=cand j=61 v=0384 po=299 sl=4294967295 l0=00009C02 tgt=0000A07E bank=3 pb=1325 pp=74 phy=169674 shift=4294967295 t=00 ix=0000 u=00000000 l=00000000
N3GD_BODY id=19 off=000 00000000000000000000000000000000
N3GD_BODY id=19 off=010 00000000000000000000000000000000
N3GD_BODY id=19 off=020 00000000000000000000000000000000
N3GD_BODY id=19 off=030 00000000000000000000000000000000
N3GD_BODY id=19 off=040 00000000000000000000000000000000
N3GD_BODY id=19 off=050 00000000000000000000000000000000
N3GD_BODY id=19 off=060 00000000000000000000000000000000
N3GD_BODY id=19 off=070 00000000000000000000000000000000
N3GD_BODY id=19 off=080 00000000000000000000000000000000
N3GD_BODY id=19 off=090 00000000000000000000000000000000
N3GD_BODY id=19 off=0a0 00000000000000000000000000000000
N3GD_BODY id=19 off=0b0 00000000000000000000000000000000
N3GD_BODY id=19 off=0c0 00000000000000000000000000000000
N3GD_BODY id=19 off=0d0 00000000000000000000000000000000
N3GD_BODY id=19 off=0e0 00000000000000000000000000000000
N3GD_BODY id=19 off=0f0 00000000000000000000000000000000
N3GD_BODY id=19 off=100 00000000000000000000000000000000
N3GD_BODY id=19 off=110 00000000000000000000000000000000
N3GD_BODY id=19 off=120 00000000000000000000000000000000
N3GD_BODY id=19 off=130 00000000000000000000000000000000
N3GD_BODY id=19 off=140 00000000000000000000000000000000
N3GD_BODY id=19 off=150 00000000000000000000000000000000
N3GD_BODY id=19 off=160 00000000000000000000000000000000
N3GD_BODY id=19 off=170 00000000000000000000000000000000
N3GD_BODY id=19 off=180 00000000000000000000000000000000
N3GD_BODY id=19 off=190 00000000000000000000000000000000
N3GD_BODY id=19 off=1a0 00000000000000000000000000000000
N3GD_BODY id=19 off=1b0 00000000000000000000000000000000
N3GD_BODY id=19 off=1c0 00000000000000000000000000000000
N3GD_BODY id=19 off=1d0 00000000000000000000000000000000
N3GD_BODY id=19 off=1e0 00000000000000000000000000000000
N3GD_BODY id=19 off=1f0 00000000000000000000000000000000
N3GD_BODY id=19 off=200 00000000000000000000000000000000
N3GD_BODY id=19 off=210 00000000000000000000000000000000
N3GD_BODY id=19 off=220 00000000000000000000000000000000
N3GD_BODY id=19 off=230 00000000000000000000000000000000
N3GD_BODY id=19 off=240 00000000000000000000000000000000
N3GD_BODY id=19 off=250 00000000000000000000000000000000
N3GD_BODY id=19 off=260 00000000000000000000000000000000
N3GD_BODY id=19 off=270 00000000000000000000000000000000
N3GD_BODY id=19 off=280 00000000000000000000000000000000
N3GD_BODY id=19 off=290 00000000000000000000000000000000
N3GD_BODY id=19 off=2a0 00000000000000000000000000000000
N3GD_BODY id=19 off=2b0 00000000000000000000000000000000
N3GD_BODY id=19 off=2c0 00000000000000000000000000000000
N3GD_BODY id=19 off=2d0 00000000000000000000000000000000
N3GD_BODY id=19 off=2e0 00000000000000000000000000000000
N3GD_BODY id=19 off=2f0 00000000000000000000000000000000
N3GD_BODY id=19 off=300 00000000000000000000000000000000
N3GD_BODY id=19 off=310 00000000000000000000000000000000
N3GD_BODY id=19 off=320 00000000000000000000000000000000
N3GD_BODY id=19 off=330 00000000000000000000000000000000
N3GD_BODY id=19 off=340 00000000000000000000000000000000
N3GD_BODY id=19 off=350 00000000000000000000000000000000
N3GD_BODY id=19 off=360 00000000000000000000000000000000
N3GD_BODY id=19 off=370 00000000000000000000000000000000
N3GD_BODY id=19 off=380 00000000000000000000000000000000
N3GD_BODY id=19 off=390 00000000000000000000000000000000
N3GD_BODY id=19 off=3a0 00000000000000000000000000000000
N3GD_BODY id=19 off=3b0 00000000000000000000000000000000
N3GD_BODY id=19 off=3c0 00000000000000000000000000000000
N3GD_BODY id=19 off=3d0 00000000000000000000000000000000
N3GD_BODY id=19 off=3e0 00000000000000000000000000000000
N3GD_BODY id=19 off=3f0 00000000000000000000000000000000
N3GD_BODY id=19 off=400 00000000000000000000000000000000
N3GD_BODY id=19 off=410 00000000000000000000000000000000
N3GD_BODY id=19 off=420 00000000000000000000000000000000
N3GD_BODY id=19 off=430 00000000000000000000000000000000
N3GD_BODY id=19 off=440 00000000000000000000000000000000
N3GD_BODY id=19 off=450 00000000000000000000000000000000
N3GD_BODY id=19 off=460 00000000000000000000000000000000
N3GD_BODY id=19 off=470 00000000000000000000000000000000
N3GD_BODY id=19 off=480 00000000000000000000000000000000
N3GD_BODY id=19 off=490 00000000000000000000000000000000
N3GD_BODY id=19 off=4a0 00000000000000000000000000000000
N3GD_BODY id=19 off=4b0 00000000000000000000000000000000
N3GD_BODY id=19 off=4c0 00000000000000000000000000000000
N3GD_BODY id=19 off=4d0 00000000000000000000000000000000
N3GD_BODY id=19 off=4e0 00000000000000000000000000000000
N3GD_BODY id=19 off=4f0 00000000000000000000000000000000
N3GD_BODY id=19 off=500 00000000000000000000000000000000
N3GD_BODY id=19 off=510 00000000000000000000000000000000
N3GD_BODY id=19 off=520 00000000000000000000000000000000
N3GD_BODY id=19 off=530 00000000000000000000000000000000
N3GD_BODY id=19 off=540 00000000000000000000000000000000
N3GD_BODY id=19 off=550 00000000000000000000000000000000
N3GD_BODY id=19 off=560 00000000000000000000000000000000
N3GD_BODY id=19 off=570 00000000000000000000000000000000
N3GD_BODY id=19 off=580 00000000000000000000000000000000
N3GD_BODY id=19 off=590 00000000000000000000000000000000
N3GD_BODY id=19 off=5a0 00000000000000000000000000000000
N3GD_BODY id=19 off=5b0 00000000000000000000000000000000
N3GD_BODY id=19 off=5c0 00000000000000000000000000000000
N3GD_BODY id=19 off=5d0 00000000000000000000000000000000
N3GD_BODY id=19 off=5e0 00000000000000000000000000000000
N3GD_BODY id=19 off=5f0 00000000000000000000000000000000
N3GD_BODY id=19 off=600 00000000000000000000000000000000
N3GD_BODY id=19 off=610 00000000000000000000000000000000
N3GD_BODY id=19 off=620 00000000000000000000000000000000
N3GD_BODY id=19 off=630 00000000000000000000000000000000
N3GD_BODY id=19 off=640 00000000000000000000000000000000
N3GD_BODY id=19 off=650 00000000000000000000000000000000
N3GD_BODY id=19 off=660 00000000000000000000000000000000
N3GD_BODY id=19 off=670 00000000000000000000000000000000
N3GD_BODY id=19 off=680 00000000000000000000000000000000
N3GD_BODY id=19 off=690 00000000000000000000000000000000
N3GD_BODY id=19 off=6a0 00000000000000000000000000000000
N3GD_BODY id=19 off=6b0 00000000000000000000000000000000
N3GD_BODY id=19 off=6c0 00000000000000000000000000000000
N3GD_BODY id=19 off=6d0 00000000000000000000000000000000
N3GD_BODY id=19 off=6e0 00000000000000000000000000000000
N3GD_BODY id=19 off=6f0 00000000000000000000000000000000
N3GD_BODY id=19 off=700 00000000000000000000000000000000
N3GD_BODY id=19 off=710 00000000000000000000000000000000
N3GD_BODY id=19 off=720 00000000000000000000000000000000
N3GD_BODY id=19 off=730 00000000000000000000000000000000
N3GD_BODY id=19 off=740 00000000000000000000000000000000
N3GD_BODY id=19 off=750 00000000000000000000000000000000
N3GD_BODY id=19 off=760 00000000000000000000000000000000
N3GD_BODY id=19 off=770 00000000000000000000000000000000
N3GD_BODY id=19 off=780 00000000000000000000000000000000
N3GD_BODY id=19 off=790 00000000000000000000000000000000
N3GD_BODY id=19 off=7a0 00000000000000000000000000000000
N3GD_BODY id=19 off=7b0 00000000000000000000000000000000
N3GD_BODY id=19 off=7c0 00000000000000000000000000000000
N3GD_BODY id=19 off=7d0 00000000000000000000000000000000
N3GD_BODY id=19 off=7e0 00000000000000000000000000000000
N3GD_BODY id=19 off=7f0 00000000000000000000000000000000
N3GD_OOB id=19 off=000 000000000000000000000000e5ab0678
N3GD_OOB id=19 off=010 0a52efac2207c7a2053adbc8606282c5
N3GD_OOB id=19 off=020 374bcde4a25178a6eb7e94b8b7fa1e2e
N3GD_OOB id=19 off=030 eddbaafff14d9b9ea7ce563d3b3c79fe
N3GD_END id=19
N3GD_BEGIN id=20 kind=cand j=61 v=0384 po=300 sl=4294967295 l0=00009C02 tgt=0000A07E bank=0 pb=1325 pp=75 phy=169675 shift=4294967295 t=40 ix=DE3C u=00009E5A l=00009E5A
N3GD_BODY id=20 off=000 4bebe1dcce68831e15bc35edf972f557
N3GD_BODY id=20 off=010 77a4ffdcc81ba8107130bf64dfaa085d
N3GD_BODY id=20 off=020 5f348d1c331549d894eb8a2ed0efa561
N3GD_BODY id=20 off=030 45c91ea93439a97c919831dbfef13ca9
N3GD_BODY id=20 off=040 2e4a7ea5dfab570a3a229b45d6fb0ef8
N3GD_BODY id=20 off=050 ef9da41a64f33c4a4218c3362e450f71
N3GD_BODY id=20 off=060 a964823f95cd5550851ae2a283c446f0
N3GD_BODY id=20 off=070 b51ff1d36baffd20f4d6377c18bad057
N3GD_BODY id=20 off=080 437b9a3e1efba9e3bc3a9fa56062f357
N3GD_BODY id=20 off=090 833ae01fb418e67da459dc51dcb56ca4
N3GD_BODY id=20 off=0a0 51ad7cc49e8d12dacf1938147ec82119
N3GD_BODY id=20 off=0b0 ec30f3a0fa67e292ed7086694848826b
N3GD_BODY id=20 off=0c0 19e56775240fac1bd72c83fcde47f2bc
N3GD_BODY id=20 off=0d0 d31beb10af93b6c9225c3b690df062b3
N3GD_BODY id=20 off=0e0 403375de0a6571a5288419ede99f1578
N3GD_BODY id=20 off=0f0 ac62e58eba42bc8ebffcab09f56500c6
N3GD_BODY id=20 off=100 6cda75adb5a56348fcf95314a903115f
N3GD_BODY id=20 off=110 7ca80f03cc9905cb272c78fdf4494bfb
N3GD_BODY id=20 off=120 8e0b7d34c1a3e8f13ef8344b137cdbdb
N3GD_BODY id=20 off=130 21ad6e9bdf28dae45a000fb98fa64cfe
N3GD_BODY id=20 off=140 cecbe9709bb006835efd325f3a2cd4c5
N3GD_BODY id=20 off=150 e23bd9da8da8f9bff3d8818b151fa96c
N3GD_BODY id=20 off=160 acc2e28ac870cd50b484724f50a7aa65
N3GD_BODY id=20 off=170 6432ff5e3153f65b17d6f4b3036aaeb8
N3GD_BODY id=20 off=180 aec03f4fc20233b7b8a49cf7ab4dc3fd
N3GD_BODY id=20 off=190 27a358edc15748074cb1b45c368e197c
N3GD_BODY id=20 off=1a0 8f2d61499a90a20a2c0a597e28038b8b
N3GD_BODY id=20 off=1b0 4c7da805b88c7b2586925d3ed7e2da89
N3GD_BODY id=20 off=1c0 7cb31f4573a0acfe9b28b4af0449c16f
N3GD_BODY id=20 off=1d0 363e71632798d7671877f9558e92f59f
N3GD_BODY id=20 off=1e0 6de388c7bf34d919de9fea7153df3d1d
N3GD_BODY id=20 off=1f0 48651dd33854fb95660ac8126bc6a776
N3GD_BODY id=20 off=200 877b5716914a72842c633ba221762a43
N3GD_BODY id=20 off=210 48a15d1717f3286d318498b69ed5e43d
N3GD_BODY id=20 off=220 457815148f7b2602fbc12973e2aa4a24
N3GD_BODY id=20 off=230 89e7237638e56de7acdd5576f9092e75
N3GD_BODY id=20 off=240 34626583bf00f72370927e8ff098d991
N3GD_BODY id=20 off=250 4c368543309f376cac439f8b72faebc2
N3GD_BODY id=20 off=260 b8196e1da6a33fa1d7bb5b7eb9483b88
N3GD_BODY id=20 off=270 77b78b2e2d513cb0046198c110d80d81
N3GD_BODY id=20 off=280 0895fbb6d67ee7409b98dc15cc550580
N3GD_BODY id=20 off=290 472b1a213c86055ffe274cd634124250
N3GD_BODY id=20 off=2a0 8ef55abd8a6377601fc3882bcceb8ccd
N3GD_BODY id=20 off=2b0 fb0f79d6ebf303a946b623c2d84ce2ac
N3GD_BODY id=20 off=2c0 dd54de9f1d6ec6feae200105704e178b
N3GD_BODY id=20 off=2d0 b63cd6599ca4db322505e74d164b60f7
N3GD_BODY id=20 off=2e0 2460beb1094f6f9cb5b6144849efb9d4
N3GD_BODY id=20 off=2f0 b6731e27393aeb2c99ff49eecb71b807
N3GD_BODY id=20 off=300 4d3c2ebff4d0112b3b470f3c283fa154
N3GD_BODY id=20 off=310 0109df4a0c3d52e4d38acc7aa4cbea8c
N3GD_BODY id=20 off=320 3b223fa09c2eeee2d70c6d5beab5dc90
N3GD_BODY id=20 off=330 c4ff94b7286b9976b67500f4114125ba
N3GD_BODY id=20 off=340 9b917cf3b80904507f38bdc1647422ee
N3GD_BODY id=20 off=350 1640d02945477516d508ed9fd1d3f41c
N3GD_BODY id=20 off=360 a8d168bb015568717e83fb5a11873dd6
N3GD_BODY id=20 off=370 1e0d2923d18c6eecd497df71b055807e
N3GD_BODY id=20 off=380 bec1d3224685d448f9beacf534612daa
N3GD_BODY id=20 off=390 bdbf11b8813152c8e5996af0e5996bf5
N3GD_BODY id=20 off=3a0 7c6a6c4ea3e8c53293989860df81fc27
N3GD_BODY id=20 off=3b0 db6d82c40c5ddd351b1e589a2ef7f5a2
N3GD_BODY id=20 off=3c0 dd4890f72a238c26cb40017150016cf7
N3GD_BODY id=20 off=3d0 1ed3263e4d65894ecda5e08923d0cbcf
N3GD_BODY id=20 off=3e0 a8689a3bb9461276dce98cce07d4c3d7
N3GD_BODY id=20 off=3f0 31097517ee4972f617228ef6558ba143
N3GD_BODY id=20 off=400 ae21aab15a9c86e0228f100f9d60d944
N3GD_BODY id=20 off=410 0520883e2d6a87c3f82489be68eb7d3c
N3GD_BODY id=20 off=420 8521f840b7ec20eceef9ddeac0641182
N3GD_BODY id=20 off=430 27e92c655e6d23ea480bf54172e2784a
N3GD_BODY id=20 off=440 7dae7b8eec4ecf833e2cb7495e2e7a8d
N3GD_BODY id=20 off=450 9dca50b4e31d8ef36d65a7cb5e313a72
N3GD_BODY id=20 off=460 5a61bf2e8c910284535501abc8710943
N3GD_BODY id=20 off=470 36f9e88d7fbbc3c0de04fef8a1d3b89b
N3GD_BODY id=20 off=480 eb0a03f10dada8577fe68e9d8467a8d0
N3GD_BODY id=20 off=490 ad0fafb590d924b7fab6535f09a41369
N3GD_BODY id=20 off=4a0 adbf15e35f2db0c0b244ef17eee1e484
N3GD_BODY id=20 off=4b0 15584bcab266166f65a93f33ca20ed21
N3GD_BODY id=20 off=4c0 1da7fa3959a706b91769aae9a690b2b9
N3GD_BODY id=20 off=4d0 535cb009c7b2e7c20197bc0702d5d073
N3GD_BODY id=20 off=4e0 e06985879004d52575d4fb04ed7119d4
N3GD_BODY id=20 off=4f0 1a39f1721de9cd945b17f0395b33a5d1
N3GD_BODY id=20 off=500 c60ffd9ee6c8d533cb9996563fa67067
N3GD_BODY id=20 off=510 ef7e65395b9499703804f9f02832644d
N3GD_BODY id=20 off=520 6af094dad4edfe4bb536acf6df143714
N3GD_BODY id=20 off=530 032001860dc808e2b19f08ac7574c5cd
N3GD_BODY id=20 off=540 ad7490e517e246ee3fcf5c841b55fc41
N3GD_BODY id=20 off=550 d6d25acf9387b2fa5d5061820454ae8d
N3GD_BODY id=20 off=560 6583e6f909fb7805ed49b844fcb5d0bf
N3GD_BODY id=20 off=570 c1dfd483deef8e22ab889fefe6290ae6
N3GD_BODY id=20 off=580 cdb86bdb861ec0ba43d82aec59f9ca05
N3GD_BODY id=20 off=590 fb9e3b1fdf77cb893d2b0a817d5fd7f4
N3GD_BODY id=20 off=5a0 104418270356d3db0b6fe1743791648c
N3GD_BODY id=20 off=5b0 57c54b3c95bf6025b5d551e8341a4462
N3GD_BODY id=20 off=5c0 ada5779192600f8d5bcf6b12bb420db1
N3GD_BODY id=20 off=5d0 6b7c7a2dbdeb47e41ef12b5ea1324f89
N3GD_BODY id=20 off=5e0 e40150d2c1ba30488155cd73cfcd7c0f
N3GD_BODY id=20 off=5f0 fa95082c17d3c21fcf1ff343f8c0bbf5
N3GD_BODY id=20 off=600 e8da5d8cfde8d737b446242513748d68
N3GD_BODY id=20 off=610 b8b5aa212b8ecc2fdf8bce5e1e7ee69f
N3GD_BODY id=20 off=620 4d5cee22d7bb30b411d9ab59d62c2ee0
N3GD_BODY id=20 off=630 4ffadee76db3dcb1db95b42b631046c0
N3GD_BODY id=20 off=640 e7dd071deb2e1ea688b5e34ff9fe781a
N3GD_BODY id=20 off=650 6c54bb5340b585437d74c1e19028d1cb
N3GD_BODY id=20 off=660 8bd74b705d6ef84e2f28ffeb79a0084b
N3GD_BODY id=20 off=670 1d7b4b14eb24996855fd74761ec8c6c1
N3GD_BODY id=20 off=680 20d9966f835a4e549febf125491b818e
N3GD_BODY id=20 off=690 d11d70a6f67b6b7d71c3997c8950c5b9
N3GD_BODY id=20 off=6a0 da0d02b7fc348d325daa5ce7c73af182
N3GD_BODY id=20 off=6b0 68433ab5f6ed5812609eb7346e89b85a
N3GD_BODY id=20 off=6c0 a6b3a8ccfc88c9b7aae72f678a3b4010
N3GD_BODY id=20 off=6d0 da8539f7ab6e55cfafe411ce4ee1d271
N3GD_BODY id=20 off=6e0 362b955ba28891b50aac6a4810462023
N3GD_BODY id=20 off=6f0 f7a374a451c64b22ab3dc886198dbd46
N3GD_BODY id=20 off=700 787f0bb34666cf55f512c7768251dd70
N3GD_BODY id=20 off=710 7474fb21825883fe197bf08bd00c308b
N3GD_BODY id=20 off=720 1f9e43d0b2a8ec2d9110c098fa1a258c
N3GD_BODY id=20 off=730 f6b8aa63c9114b5747254be88bf042be
N3GD_BODY id=20 off=740 1e5298acb77bcc8329a8b7c965865d2a
N3GD_BODY id=20 off=750 13f786c0490021d71c148fe3f8ff86e2
N3GD_BODY id=20 off=760 95bf18c33d897c08ec145c24bc683267
N3GD_BODY id=20 off=770 96c2d89a09b591e9b0a886a487bfd6db
N3GD_BODY id=20 off=780 3a982d1a249308e9be5ca24e8e6fd330
N3GD_BODY id=20 off=790 f18b3a3b4ba1ebbf8e83209865cef6e1
N3GD_BODY id=20 off=7a0 8dc2be708ac7def2dfa7a35a4f185490
N3GD_BODY id=20 off=7b0 94129a726b9e21bde20c3b9edad65e8e
N3GD_BODY id=20 off=7c0 44bfecb53377c59e2811d9703f6e2710
N3GD_BODY id=20 off=7d0 99f1634e3dfd10b3dffe8db3400d811f
N3GD_BODY id=20 off=7e0 66fd9a80661a9eee67650a4e08ffef5b
N3GD_BODY id=20 off=7f0 580a5bf588d1105ce1522174b095b3cf
N3GD_OOB id=20 off=000 5a9e00003cde0000ff40ffffe5ab0678
N3GD_OOB id=20 off=010 0a52efac2207c7a2053adbc8606282c5
N3GD_OOB id=20 off=020 374bcde4a25178a6eb7e94b8b7fa1e2e
N3GD_OOB id=20 off=030 eddbaafff14d9b9ea7ce563d3b3c79fe
N3GD_END id=20
N3GD_BEGIN id=21 kind=cand j=462 v=0383 po=280 sl=4294967295 l0=00009C00 tgt=0000A07E bank=0 pb=1324 pp=70 phy=169542 shift=4294967295 t=40 ix=DE3C u=00009E30 l=00009E30
N3GD_BODY id=21 off=000 010ef25b558ff7bdc7c443907556742a
N3GD_BODY id=21 off=010 ed10d8b4b2796a56c977f7fbc84314ee
N3GD_BODY id=21 off=020 dc3ba2787beab3a36be3c296d5a7cf75
N3GD_BODY id=21 off=030 27e63b5328d8f024e10f485655d30bbe
N3GD_BODY id=21 off=040 1f34c03cdd510002bf29a38d25d6f6a3
N3GD_BODY id=21 off=050 07f557690b080ec5e707e56038f9fe0c
N3GD_BODY id=21 off=060 d9d72c2ca4f91627df9edea8fad8ae82
N3GD_BODY id=21 off=070 5e6f35d00c0fad14e5244f960d22878a
N3GD_BODY id=21 off=080 621096a7160ac3b23bd9aa0737107753
N3GD_BODY id=21 off=090 04a546d2b4108673193cfa657bfb679e
N3GD_BODY id=21 off=0a0 86182851ec206359459e06cfdf3df9ce
N3GD_BODY id=21 off=0b0 f64e5debbd61a15042ad8ae3decc402a
N3GD_BODY id=21 off=0c0 2472fbd5eea1d231df2668c8cc6a0f2d
N3GD_BODY id=21 off=0d0 e293365d657ab654c7f0c7a7f494178f
N3GD_BODY id=21 off=0e0 534f5a1ba14e503d8dcf91915f8e8004
N3GD_BODY id=21 off=0f0 ec6ce52f05819813bec24b77770eddf3
N3GD_BODY id=21 off=100 7faae28f55d4602451f317004552f57e
N3GD_BODY id=21 off=110 10372a4a2a01aec787e537604cb3b6d3
N3GD_BODY id=21 off=120 c7c294b187d0703e740b5a4dd05585b9
N3GD_BODY id=21 off=130 b607a3dfe0c477dca668b309581d1783
N3GD_BODY id=21 off=140 59ca2fae557bac59c56831bae993a93a
N3GD_BODY id=21 off=150 9d181ca109bb46f0d3b70a023b7bd723
N3GD_BODY id=21 off=160 548a80f139a24b1ee0df301018c93cab
N3GD_BODY id=21 off=170 fac3e3db4012962dfd485de05ccbe779
N3GD_BODY id=21 off=180 505385fe1629049bfeb81e24ce941d60
N3GD_BODY id=21 off=190 42044448bc24c4daf0942f7a966ddbdd
N3GD_BODY id=21 off=1a0 0a28bcd861c9640fe5a4c20c4a7fb605
N3GD_BODY id=21 off=1b0 5ffb177200b428180cbd84ca84633079
N3GD_BODY id=21 off=1c0 a9e56009c02c1f54cf0d2b666fbc15eb
N3GD_BODY id=21 off=1d0 3d62d4759bc518d9da805234526621f2
N3GD_BODY id=21 off=1e0 b285866f1f0a9294526c075d2205a376
N3GD_BODY id=21 off=1f0 02ee71609a39e2ecf8bce2d75232a1eb
N3GD_BODY id=21 off=200 5bf03b6c7df592ff1e9c3e0018c58932
N3GD_BODY id=21 off=210 3a237ddf3e0f1c9fee62edf98ecd0bab
N3GD_BODY id=21 off=220 8943acc01b7e5e8250ea1a520b9c8b16
N3GD_BODY id=21 off=230 ff7dc74d350d64a1071c5263a53d9cd6
N3GD_BODY id=21 off=240 900aeaa9b289c97a98534994dcbbb080
N3GD_BODY id=21 off=250 6a99a4676e3628e5a364a26ce154a4ea
N3GD_BODY id=21 off=260 2b3096af45ad9ab387001a6c79723ae9
N3GD_BODY id=21 off=270 7bf703e5b8b52d519dcea598b410c00d
N3GD_BODY id=21 off=280 e26fb5155b1377e53df70418364e86b1
N3GD_BODY id=21 off=290 7c2d10cf3e5a11ea7f3696a56ab2293d
N3GD_BODY id=21 off=2a0 09417d0cb2a6acfa354fecdc9300446d
N3GD_BODY id=21 off=2b0 989106b90b819c964ee3acc11aabf2d5
N3GD_BODY id=21 off=2c0 e8d0e2b7fd2439364a70cd9e69048ef2
N3GD_BODY id=21 off=2d0 94d5f58a9f202216db27fc1fbb6b37d9
N3GD_BODY id=21 off=2e0 a42c09d8912c9e8d1e1e96f6d5a212c8
N3GD_BODY id=21 off=2f0 8b2ff799cede3738bcc7888b30e3abfa
N3GD_BODY id=21 off=300 f67e328aa6cbcd8e07110fbbf12a6bb3
N3GD_BODY id=21 off=310 dcccc0ad8125b316b91b944b819dae39
N3GD_BODY id=21 off=320 0aa2f09b6fdd415ea1c13047bf53aafe
N3GD_BODY id=21 off=330 76d8691837a6a9e2b43ac34dca415748
N3GD_BODY id=21 off=340 070fdd8d7696e09d424def9959141ead
N3GD_BODY id=21 off=350 32568a3c3eb1157adb4b6fea17fd77da
N3GD_BODY id=21 off=360 de0376d1c01e18fee3c2132841e73955
N3GD_BODY id=21 off=370 bb5fcae19c6fd8283077ad2624ddff49
N3GD_BODY id=21 off=380 18aa441616e6a47808ea9a7a43343e1a
N3GD_BODY id=21 off=390 015a676c91b64eb190a6e4a7efd4811d
N3GD_BODY id=21 off=3a0 0e591aad6b64852d556b4fdfed88684e
N3GD_BODY id=21 off=3b0 e8f43394d9d177864367abea9d9ac124
N3GD_BODY id=21 off=3c0 1b3e167e86d85059751c6b05e8e8e2b2
N3GD_BODY id=21 off=3d0 5ff4540f736612fb95088f597a245d50
N3GD_BODY id=21 off=3e0 5959124e1be6fa94ae8e4cdd55e5e57e
N3GD_BODY id=21 off=3f0 1b2fd3aa5111b5a83c0176ddbf773b2f
N3GD_BODY id=21 off=400 65a325608c52718aa638b71d5dab92ca
N3GD_BODY id=21 off=410 d39abe6040634827a300d640328eabf7
N3GD_BODY id=21 off=420 520dd3c7268073f5206c83488be055b9
N3GD_BODY id=21 off=430 8d33464d84c3da86227c5dda1289c233
N3GD_BODY id=21 off=440 3b91f025504861c3ae7693480637b520
N3GD_BODY id=21 off=450 dffbcc85162c13e1e65378dac4960cdc
N3GD_BODY id=21 off=460 4aa970376085d9f42c4fc2229088c387
N3GD_BODY id=21 off=470 67362ea14ade8147a2b889d583f9b432
N3GD_BODY id=21 off=480 5a42970dd0b6a928eed78f21da0d56a8
N3GD_BODY id=21 off=490 976e0f84212fb4bd3daa11bc153a556b
N3GD_BODY id=21 off=4a0 9c8e7172b3a39853e269ae4d370ae094
N3GD_BODY id=21 off=4b0 4756d42badb48cdf163bcb9ae4178646
N3GD_BODY id=21 off=4c0 338dcbb68dec0125298ffed8d82492f5
N3GD_BODY id=21 off=4d0 bcfc370fa46bc8c852105dfadf019f64
N3GD_BODY id=21 off=4e0 42f69e3ebeb0ec557fde9aa3f607804b
N3GD_BODY id=21 off=4f0 58113ac9114aa8e73bbd2042dee153fa
N3GD_BODY id=21 off=500 9f4107131e871975ea8b090f685fd81d
N3GD_BODY id=21 off=510 89f68f957706eba420d81b523c1ba09b
N3GD_BODY id=21 off=520 6a77c1cb53039a215febad2aedd30798
N3GD_BODY id=21 off=530 66c87163d8947a99e2e2b35602f2b162
N3GD_BODY id=21 off=540 0c2531b09e6061e0efe2da095b930a25
N3GD_BODY id=21 off=550 ec2329205bf9a02f5246c854ec09e298
N3GD_BODY id=21 off=560 72784c64920bb81e8b5d66105a25ea6d
N3GD_BODY id=21 off=570 d290d7ac19dbf78dfed06a9460deb8e9
N3GD_BODY id=21 off=580 173c175d00c36d9355d166c340e72ae1
N3GD_BODY id=21 off=590 1c8c034423b2a0953b73e56a7fd2ee96
N3GD_BODY id=21 off=5a0 643f7224f944752518aa0eb359e5a25f
N3GD_BODY id=21 off=5b0 a681582270a98e75d5722b1cf47171d5
N3GD_BODY id=21 off=5c0 b9315b8962cbafe45d5d43766dbb5653
N3GD_BODY id=21 off=5d0 8dce9217138a77adc0f77bebac8541bb
N3GD_BODY id=21 off=5e0 28ec38a4f861aada5f1eb0001f9d4125
N3GD_BODY id=21 off=5f0 1238916993f5a72ad52f76da0f078b2c
N3GD_BODY id=21 off=600 3388421a12c21fd8663212b07c8dab79
N3GD_BODY id=21 off=610 ff308e6673b6587ecf8dab8580bae8df
N3GD_BODY id=21 off=620 49c23049485058035777770d4d5dd9ea
N3GD_BODY id=21 off=630 5b699b605c4e0f24aa7af014b5cc693f
N3GD_BODY id=21 off=640 5640824f64d3e717b8914cfb450e7bec
N3GD_BODY id=21 off=650 ce64277f99703079c97c1ce1a721c431
N3GD_BODY id=21 off=660 d78188cf0ccb043e5cdd43ecaf1990a7
N3GD_BODY id=21 off=670 a7b3b9667e3be188e016bdde68b03a4a
N3GD_BODY id=21 off=680 ea27deb19d483347b5f23439e1f7f66a
N3GD_BODY id=21 off=690 7035e23965380cfe80458d9d671f4dda
N3GD_BODY id=21 off=6a0 02148e14a484109335353591bab3fc8b
N3GD_BODY id=21 off=6b0 2dd51b4ecd968540cd9b4169a61e1b82
N3GD_BODY id=21 off=6c0 6ad82ae17362d5a9b8d67969a455c246
N3GD_BODY id=21 off=6d0 b69450b7401750b16baf1fb6a08721d7
N3GD_BODY id=21 off=6e0 597e935918ce8bd54220c706faaebc61
N3GD_BODY id=21 off=6f0 ea4c0f8b568b93922a251c3195dc4232
N3GD_BODY id=21 off=700 7932d005cb69f51bf926ef0965f7902e
N3GD_BODY id=21 off=710 e771cc1a8802570306061d0fbd3cebcc
N3GD_BODY id=21 off=720 419f3855766bf70df00c202bc62bfaca
N3GD_BODY id=21 off=730 506c9840b7c745dbc5b34bba36981104
N3GD_BODY id=21 off=740 f5bf0045b6746b31f0967034a850f2e7
N3GD_BODY id=21 off=750 bfb9cdd19e355aaa85bfd8ca87384044
N3GD_BODY id=21 off=760 d26836423c9e6cef0ddd6cc36194b1ac
N3GD_BODY id=21 off=770 29da48535015ff9d51d6e8a9812977c8
N3GD_BODY id=21 off=780 e89f7b68c12464fe502128406c47fb59
N3GD_BODY id=21 off=790 49c61cdb1bc210c8b65c849014b91f08
N3GD_BODY id=21 off=7a0 63d9231ed973a318663e436574af6574
N3GD_BODY id=21 off=7b0 2391fe5a50892c129e982a05a22b1448
N3GD_BODY id=21 off=7c0 41397401ae896cc96c570a67986f997e
N3GD_BODY id=21 off=7d0 7b5d27df9bcd690b56eaf0ab02b2c39b
N3GD_BODY id=21 off=7e0 91fe1080c0cc0d668b33cc6ca2a53e22
N3GD_BODY id=21 off=7f0 56b8b02c764f5c8378370fe2c35808df
N3GD_OOB id=21 off=000 309e00003cde0000ff40ffffe5ab0678
N3GD_OOB id=21 off=010 0a52efac2207c7a2053adbc8606282c5
N3GD_OOB id=21 off=020 374bcde4a25178a6eb7e94b8b7fa1e2e
N3GD_OOB id=21 off=030 eddbaafff14d9b9ea7ce563d3b3c79fe
N3GD_END id=21
N3GD_BEGIN id=22 kind=cand j=462 v=0383 po=281 sl=4294967295 l0=00009C00 tgt=0000A07E bank=1 pb=1324 pp=70 phy=169542 shift=4294967295 t=00 ix=0000 u=00000000 l=00000000
N3GD_BODY id=22 off=000 00000000000000000000000000000000
N3GD_BODY id=22 off=010 00000000000000000000000000000000
N3GD_BODY id=22 off=020 00000000000000000000000000000000
N3GD_BODY id=22 off=030 00000000000000000000000000000000
N3GD_BODY id=22 off=040 00000000000000000000000000000000
N3GD_BODY id=22 off=050 00000000000000000000000000000000
N3GD_BODY id=22 off=060 00000000000000000000000000000000
N3GD_BODY id=22 off=070 00000000000000000000000000000000
N3GD_BODY id=22 off=080 00000000000000000000000000000000
N3GD_BODY id=22 off=090 00000000000000000000000000000000
N3GD_BODY id=22 off=0a0 00000000000000000000000000000000
N3GD_BODY id=22 off=0b0 00000000000000000000000000000000
N3GD_BODY id=22 off=0c0 00000000000000000000000000000000
N3GD_BODY id=22 off=0d0 00000000000000000000000000000000
N3GD_BODY id=22 off=0e0 00000000000000000000000000000000
N3GD_BODY id=22 off=0f0 00000000000000000000000000000000
N3GD_BODY id=22 off=100 00000000000000000000000000000000
N3GD_BODY id=22 off=110 00000000000000000000000000000000
N3GD_BODY id=22 off=120 00000000000000000000000000000000
N3GD_BODY id=22 off=130 00000000000000000000000000000000
N3GD_BODY id=22 off=140 00000000000000000000000000000000
N3GD_BODY id=22 off=150 00000000000000000000000000000000
N3GD_BODY id=22 off=160 00000000000000000000000000000000
N3GD_BODY id=22 off=170 00000000000000000000000000000000
N3GD_BODY id=22 off=180 00000000000000000000000000000000
N3GD_BODY id=22 off=190 00000000000000000000000000000000
N3GD_BODY id=22 off=1a0 00000000000000000000000000000000
N3GD_BODY id=22 off=1b0 00000000000000000000000000000000
N3GD_BODY id=22 off=1c0 00000000000000000000000000000000
N3GD_BODY id=22 off=1d0 00000000000000000000000000000000
N3GD_BODY id=22 off=1e0 00000000000000000000000000000000
N3GD_BODY id=22 off=1f0 00000000000000000000000000000000
N3GD_BODY id=22 off=200 00000000000000000000000000000000
N3GD_BODY id=22 off=210 00000000000000000000000000000000
N3GD_BODY id=22 off=220 00000000000000000000000000000000
N3GD_BODY id=22 off=230 00000000000000000000000000000000
N3GD_BODY id=22 off=240 00000000000000000000000000000000
N3GD_BODY id=22 off=250 00000000000000000000000000000000
N3GD_BODY id=22 off=260 00000000000000000000000000000000
N3GD_BODY id=22 off=270 00000000000000000000000000000000
N3GD_BODY id=22 off=280 00000000000000000000000000000000
N3GD_BODY id=22 off=290 00000000000000000000000000000000
N3GD_BODY id=22 off=2a0 00000000000000000000000000000000
N3GD_BODY id=22 off=2b0 00000000000000000000000000000000
N3GD_BODY id=22 off=2c0 00000000000000000000000000000000
N3GD_BODY id=22 off=2d0 00000000000000000000000000000000
N3GD_BODY id=22 off=2e0 00000000000000000000000000000000
N3GD_BODY id=22 off=2f0 00000000000000000000000000000000
N3GD_BODY id=22 off=300 00000000000000000000000000000000
N3GD_BODY id=22 off=310 00000000000000000000000000000000
N3GD_BODY id=22 off=320 00000000000000000000000000000000
N3GD_BODY id=22 off=330 00000000000000000000000000000000
N3GD_BODY id=22 off=340 00000000000000000000000000000000
N3GD_BODY id=22 off=350 00000000000000000000000000000000
N3GD_BODY id=22 off=360 00000000000000000000000000000000
N3GD_BODY id=22 off=370 00000000000000000000000000000000
N3GD_BODY id=22 off=380 00000000000000000000000000000000
N3GD_BODY id=22 off=390 00000000000000000000000000000000
N3GD_BODY id=22 off=3a0 00000000000000000000000000000000
N3GD_BODY id=22 off=3b0 00000000000000000000000000000000
N3GD_BODY id=22 off=3c0 00000000000000000000000000000000
N3GD_BODY id=22 off=3d0 00000000000000000000000000000000
N3GD_BODY id=22 off=3e0 00000000000000000000000000000000
N3GD_BODY id=22 off=3f0 00000000000000000000000000000000
N3GD_BODY id=22 off=400 00000000000000000000000000000000
N3GD_BODY id=22 off=410 00000000000000000000000000000000
N3GD_BODY id=22 off=420 00000000000000000000000000000000
N3GD_BODY id=22 off=430 00000000000000000000000000000000
N3GD_BODY id=22 off=440 00000000000000000000000000000000
N3GD_BODY id=22 off=450 00000000000000000000000000000000
N3GD_BODY id=22 off=460 00000000000000000000000000000000
N3GD_BODY id=22 off=470 00000000000000000000000000000000
N3GD_BODY id=22 off=480 00000000000000000000000000000000
N3GD_BODY id=22 off=490 00000000000000000000000000000000
N3GD_BODY id=22 off=4a0 00000000000000000000000000000000
N3GD_BODY id=22 off=4b0 00000000000000000000000000000000
N3GD_BODY id=22 off=4c0 00000000000000000000000000000000
N3GD_BODY id=22 off=4d0 00000000000000000000000000000000
N3GD_BODY id=22 off=4e0 00000000000000000000000000000000
N3GD_BODY id=22 off=4f0 00000000000000000000000000000000
N3GD_BODY id=22 off=500 00000000000000000000000000000000
N3GD_BODY id=22 off=510 00000000000000000000000000000000
N3GD_BODY id=22 off=520 00000000000000000000000000000000
N3GD_BODY id=22 off=530 00000000000000000000000000000000
N3GD_BODY id=22 off=540 00000000000000000000000000000000
N3GD_BODY id=22 off=550 00000000000000000000000000000000
N3GD_BODY id=22 off=560 00000000000000000000000000000000
N3GD_BODY id=22 off=570 00000000000000000000000000000000
N3GD_BODY id=22 off=580 00000000000000000000000000000000
N3GD_BODY id=22 off=590 00000000000000000000000000000000
N3GD_BODY id=22 off=5a0 00000000000000000000000000000000
N3GD_BODY id=22 off=5b0 00000000000000000000000000000000
N3GD_BODY id=22 off=5c0 00000000000000000000000000000000
N3GD_BODY id=22 off=5d0 00000000000000000000000000000000
N3GD_BODY id=22 off=5e0 00000000000000000000000000000000
N3GD_BODY id=22 off=5f0 00000000000000000000000000000000
N3GD_BODY id=22 off=600 00000000000000000000000000000000
N3GD_BODY id=22 off=610 00000000000000000000000000000000
N3GD_BODY id=22 off=620 00000000000000000000000000000000
N3GD_BODY id=22 off=630 00000000000000000000000000000000
N3GD_BODY id=22 off=640 00000000000000000000000000000000
N3GD_BODY id=22 off=650 00000000000000000000000000000000
N3GD_BODY id=22 off=660 00000000000000000000000000000000
N3GD_BODY id=22 off=670 00000000000000000000000000000000
N3GD_BODY id=22 off=680 00000000000000000000000000000000
N3GD_BODY id=22 off=690 00000000000000000000000000000000
N3GD_BODY id=22 off=6a0 00000000000000000000000000000000
N3GD_BODY id=22 off=6b0 00000000000000000000000000000000
N3GD_BODY id=22 off=6c0 00000000000000000000000000000000
N3GD_BODY id=22 off=6d0 00000000000000000000000000000000
N3GD_BODY id=22 off=6e0 00000000000000000000000000000000
N3GD_BODY id=22 off=6f0 00000000000000000000000000000000
N3GD_BODY id=22 off=700 00000000000000000000000000000000
N3GD_BODY id=22 off=710 00000000000000000000000000000000
N3GD_BODY id=22 off=720 00000000000000000000000000000000
N3GD_BODY id=22 off=730 00000000000000000000000000000000
N3GD_BODY id=22 off=740 00000000000000000000000000000000
N3GD_BODY id=22 off=750 00000000000000000000000000000000
N3GD_BODY id=22 off=760 00000000000000000000000000000000
N3GD_BODY id=22 off=770 00000000000000000000000000000000
N3GD_BODY id=22 off=780 00000000000000000000000000000000
N3GD_BODY id=22 off=790 00000000000000000000000000000000
N3GD_BODY id=22 off=7a0 00000000000000000000000000000000
N3GD_BODY id=22 off=7b0 00000000000000000000000000000000
N3GD_BODY id=22 off=7c0 00000000000000000000000000000000
N3GD_BODY id=22 off=7d0 00000000000000000000000000000000
N3GD_BODY id=22 off=7e0 00000000000000000000000000000000
N3GD_BODY id=22 off=7f0 00000000000000000000000000000000
N3GD_OOB id=22 off=000 000000000000000000000000e5ab0678
N3GD_OOB id=22 off=010 0a52efac2207c7a2053adbc8606282c5
N3GD_OOB id=22 off=020 374bcde4a25178a6eb7e94b8b7fa1e2e
N3GD_OOB id=22 off=030 eddbaafff14d9b9ea7ce563d3b3c79fe
N3GD_END id=22
N3GD_BEGIN id=23 kind=cand j=462 v=0383 po=282 sl=4294967295 l0=00009C00 tgt=0000A07E bank=2 pb=1324 pp=70 phy=169542 shift=4294967295 t=00 ix=0000 u=00000000 l=00000000
N3GD_BODY id=23 off=000 00000000000000000000000000000000
N3GD_BODY id=23 off=010 00000000000000000000000000000000
N3GD_BODY id=23 off=020 00000000000000000000000000000000
N3GD_BODY id=23 off=030 00000000000000000000000000000000
N3GD_BODY id=23 off=040 00000000000000000000000000000000
N3GD_BODY id=23 off=050 00000000000000000000000000000000
N3GD_BODY id=23 off=060 00000000000000000000000000000000
N3GD_BODY id=23 off=070 00000000000000000000000000000000
N3GD_BODY id=23 off=080 00000000000000000000000000000000
N3GD_BODY id=23 off=090 00000000000000000000000000000000
N3GD_BODY id=23 off=0a0 00000000000000000000000000000000
N3GD_BODY id=23 off=0b0 00000000000000000000000000000000
N3GD_BODY id=23 off=0c0 00000000000000000000000000000000
N3GD_BODY id=23 off=0d0 00000000000000000000000000000000
N3GD_BODY id=23 off=0e0 00000000000000000000000000000000
N3GD_BODY id=23 off=0f0 00000000000000000000000000000000
N3GD_BODY id=23 off=100 00000000000000000000000000000000
N3GD_BODY id=23 off=110 00000000000000000000000000000000
N3GD_BODY id=23 off=120 00000000000000000000000000000000
N3GD_BODY id=23 off=130 00000000000000000000000000000000
N3GD_BODY id=23 off=140 00000000000000000000000000000000
N3GD_BODY id=23 off=150 00000000000000000000000000000000
N3GD_BODY id=23 off=160 00000000000000000000000000000000
N3GD_BODY id=23 off=170 00000000000000000000000000000000
N3GD_BODY id=23 off=180 00000000000000000000000000000000
N3GD_BODY id=23 off=190 00000000000000000000000000000000
N3GD_BODY id=23 off=1a0 00000000000000000000000000000000
N3GD_BODY id=23 off=1b0 00000000000000000000000000000000
N3GD_BODY id=23 off=1c0 00000000000000000000000000000000
N3GD_BODY id=23 off=1d0 00000000000000000000000000000000
N3GD_BODY id=23 off=1e0 00000000000000000000000000000000
N3GD_BODY id=23 off=1f0 00000000000000000000000000000000
N3GD_BODY id=23 off=200 00000000000000000000000000000000
N3GD_BODY id=23 off=210 00000000000000000000000000000000
N3GD_BODY id=23 off=220 00000000000000000000000000000000
N3GD_BODY id=23 off=230 00000000000000000000000000000000
N3GD_BODY id=23 off=240 00000000000000000000000000000000
N3GD_BODY id=23 off=250 00000000000000000000000000000000
N3GD_BODY id=23 off=260 00000000000000000000000000000000
N3GD_BODY id=23 off=270 00000000000000000000000000000000
N3GD_BODY id=23 off=280 00000000000000000000000000000000
N3GD_BODY id=23 off=290 00000000000000000000000000000000
N3GD_BODY id=23 off=2a0 00000000000000000000000000000000
N3GD_BODY id=23 off=2b0 00000000000000000000000000000000
N3GD_BODY id=23 off=2c0 00000000000000000000000000000000
N3GD_BODY id=23 off=2d0 00000000000000000000000000000000
N3GD_BODY id=23 off=2e0 00000000000000000000000000000000
N3GD_BODY id=23 off=2f0 00000000000000000000000000000000
N3GD_BODY id=23 off=300 00000000000000000000000000000000
N3GD_BODY id=23 off=310 00000000000000000000000000000000
N3GD_BODY id=23 off=320 00000000000000000000000000000000
N3GD_BODY id=23 off=330 00000000000000000000000000000000
N3GD_BODY id=23 off=340 00000000000000000000000000000000
N3GD_BODY id=23 off=350 00000000000000000000000000000000
N3GD_BODY id=23 off=360 00000000000000000000000000000000
N3GD_BODY id=23 off=370 00000000000000000000000000000000
N3GD_BODY id=23 off=380 00000000000000000000000000000000
N3GD_BODY id=23 off=390 00000000000000000000000000000000
N3GD_BODY id=23 off=3a0 00000000000000000000000000000000
N3GD_BODY id=23 off=3b0 00000000000000000000000000000000
N3GD_BODY id=23 off=3c0 00000000000000000000000000000000
N3GD_BODY id=23 off=3d0 00000000000000000000000000000000
N3GD_BODY id=23 off=3e0 00000000000000000000000000000000
N3GD_BODY id=23 off=3f0 00000000000000000000000000000000
N3GD_BODY id=23 off=400 00000000000000000000000000000000
N3GD_BODY id=23 off=410 00000000000000000000000000000000
N3GD_BODY id=23 off=420 00000000000000000000000000000000
N3GD_BODY id=23 off=430 00000000000000000000000000000000
N3GD_BODY id=23 off=440 00000000000000000000000000000000
N3GD_BODY id=23 off=450 00000000000000000000000000000000
N3GD_BODY id=23 off=460 00000000000000000000000000000000
N3GD_BODY id=23 off=470 00000000000000000000000000000000
N3GD_BODY id=23 off=480 00000000000000000000000000000000
N3GD_BODY id=23 off=490 00000000000000000000000000000000
N3GD_BODY id=23 off=4a0 00000000000000000000000000000000
N3GD_BODY id=23 off=4b0 00000000000000000000000000000000
N3GD_BODY id=23 off=4c0 00000000000000000000000000000000
N3GD_BODY id=23 off=4d0 00000000000000000000000000000000
N3GD_BODY id=23 off=4e0 00000000000000000000000000000000
N3GD_BODY id=23 off=4f0 00000000000000000000000000000000
N3GD_BODY id=23 off=500 00000000000000000000000000000000
N3GD_BODY id=23 off=510 00000000000000000000000000000000
N3GD_BODY id=23 off=520 00000000000000000000000000000000
N3GD_BODY id=23 off=530 00000000000000000000000000000000
N3GD_BODY id=23 off=540 00000000000000000000000000000000
N3GD_BODY id=23 off=550 00000000000000000000000000000000
N3GD_BODY id=23 off=560 00000000000000000000000000000000
N3GD_BODY id=23 off=570 00000000000000000000000000000000
N3GD_BODY id=23 off=580 00000000000000000000000000000000
N3GD_BODY id=23 off=590 00000000000000000000000000000000
N3GD_BODY id=23 off=5a0 00000000000000000000000000000000
N3GD_BODY id=23 off=5b0 00000000000000000000000000000000
N3GD_BODY id=23 off=5c0 00000000000000000000000000000000
N3GD_BODY id=23 off=5d0 00000000000000000000000000000000
N3GD_BODY id=23 off=5e0 00000000000000000000000000000000
N3GD_BODY id=23 off=5f0 00000000000000000000000000000000
N3GD_BODY id=23 off=600 00000000000000000000000000000000
N3GD_BODY id=23 off=610 00000000000000000000000000000000
N3GD_BODY id=23 off=620 00000000000000000000000000000000
N3GD_BODY id=23 off=630 00000000000000000000000000000000
N3GD_BODY id=23 off=640 00000000000000000000000000000000
N3GD_BODY id=23 off=650 00000000000000000000000000000000
N3GD_BODY id=23 off=660 00000000000000000000000000000000
N3GD_BODY id=23 off=670 00000000000000000000000000000000
N3GD_BODY id=23 off=680 00000000000000000000000000000000
N3GD_BODY id=23 off=690 00000000000000000000000000000000
N3GD_BODY id=23 off=6a0 00000000000000000000000000000000
N3GD_BODY id=23 off=6b0 00000000000000000000000000000000
N3GD_BODY id=23 off=6c0 00000000000000000000000000000000
N3GD_BODY id=23 off=6d0 00000000000000000000000000000000
N3GD_BODY id=23 off=6e0 00000000000000000000000000000000
N3GD_BODY id=23 off=6f0 00000000000000000000000000000000
N3GD_BODY id=23 off=700 00000000000000000000000000000000
N3GD_BODY id=23 off=710 00000000000000000000000000000000
N3GD_BODY id=23 off=720 00000000000000000000000000000000
N3GD_BODY id=23 off=730 00000000000000000000000000000000
N3GD_BODY id=23 off=740 00000000000000000000000000000000
N3GD_BODY id=23 off=750 00000000000000000000000000000000
N3GD_BODY id=23 off=760 00000000000000000000000000000000
N3GD_BODY id=23 off=770 00000000000000000000000000000000
N3GD_BODY id=23 off=780 00000000000000000000000000000000
N3GD_BODY id=23 off=790 00000000000000000000000000000000
N3GD_BODY id=23 off=7a0 00000000000000000000000000000000
N3GD_BODY id=23 off=7b0 00000000000000000000000000000000
N3GD_BODY id=23 off=7c0 00000000000000000000000000000000
N3GD_BODY id=23 off=7d0 00000000000000000000000000000000
N3GD_BODY id=23 off=7e0 00000000000000000000000000000000
N3GD_BODY id=23 off=7f0 00000000000000000000000000000000
N3GD_OOB id=23 off=000 000000000000000000000000e5ab0678
N3GD_OOB id=23 off=010 0a52efac2207c7a2053adbc8606282c5
N3GD_OOB id=23 off=020 374bcde4a25178a6eb7e94b8b7fa1e2e
N3GD_OOB id=23 off=030 eddbaafff14d9b9ea7ce563d3b3c79fe
N3GD_END id=23
N3GD_BEGIN id=24 kind=cand j=462 v=0383 po=283 sl=4294967295 l0=00009C00 tgt=0000A07E bank=3 pb=1324 pp=70 phy=169542 shift=4294967295 t=00 ix=0000 u=00000000 l=00000000
N3GD_BODY id=24 off=000 00000000000000000000000000000000
N3GD_BODY id=24 off=010 00000000000000000000000000000000
N3GD_BODY id=24 off=020 00000000000000000000000000000000
N3GD_BODY id=24 off=030 00000000000000000000000000000000
N3GD_BODY id=24 off=040 00000000000000000000000000000000
N3GD_BODY id=24 off=050 00000000000000000000000000000000
N3GD_BODY id=24 off=060 00000000000000000000000000000000
N3GD_BODY id=24 off=070 00000000000000000000000000000000
N3GD_BODY id=24 off=080 00000000000000000000000000000000
N3GD_BODY id=24 off=090 00000000000000000000000000000000
N3GD_BODY id=24 off=0a0 00000000000000000000000000000000
N3GD_BODY id=24 off=0b0 00000000000000000000000000000000
N3GD_BODY id=24 off=0c0 00000000000000000000000000000000
N3GD_BODY id=24 off=0d0 00000000000000000000000000000000
N3GD_BODY id=24 off=0e0 00000000000000000000000000000000
N3GD_BODY id=24 off=0f0 00000000000000000000000000000000
N3GD_BODY id=24 off=100 00000000000000000000000000000000
N3GD_BODY id=24 off=110 00000000000000000000000000000000
N3GD_BODY id=24 off=120 00000000000000000000000000000000
N3GD_BODY id=24 off=130 00000000000000000000000000000000
N3GD_BODY id=24 off=140 00000000000000000000000000000000
N3GD_BODY id=24 off=150 00000000000000000000000000000000
N3GD_BODY id=24 off=160 00000000000000000000000000000000
N3GD_BODY id=24 off=170 00000000000000000000000000000000
N3GD_BODY id=24 off=180 00000000000000000000000000000000
N3GD_BODY id=24 off=190 00000000000000000000000000000000
N3GD_BODY id=24 off=1a0 00000000000000000000000000000000
N3GD_BODY id=24 off=1b0 00000000000000000000000000000000
N3GD_BODY id=24 off=1c0 00000000000000000000000000000000
N3GD_BODY id=24 off=1d0 00000000000000000000000000000000
N3GD_BODY id=24 off=1e0 00000000000000000000000000000000
N3GD_BODY id=24 off=1f0 00000000000000000000000000000000
N3GD_BODY id=24 off=200 00000000000000000000000000000000
N3GD_BODY id=24 off=210 00000000000000000000000000000000
N3GD_BODY id=24 off=220 00000000000000000000000000000000
N3GD_BODY id=24 off=230 00000000000000000000000000000000
N3GD_BODY id=24 off=240 00000000000000000000000000000000
N3GD_BODY id=24 off=250 00000000000000000000000000000000
N3GD_BODY id=24 off=260 00000000000000000000000000000000
N3GD_BODY id=24 off=270 00000000000000000000000000000000
N3GD_BODY id=24 off=280 00000000000000000000000000000000
N3GD_BODY id=24 off=290 00000000000000000000000000000000
N3GD_BODY id=24 off=2a0 00000000000000000000000000000000
N3GD_BODY id=24 off=2b0 00000000000000000000000000000000
N3GD_BODY id=24 off=2c0 00000000000000000000000000000000
N3GD_BODY id=24 off=2d0 00000000000000000000000000000000
N3GD_BODY id=24 off=2e0 00000000000000000000000000000000
N3GD_BODY id=24 off=2f0 00000000000000000000000000000000
N3GD_BODY id=24 off=300 00000000000000000000000000000000
N3GD_BODY id=24 off=310 00000000000000000000000000000000
N3GD_BODY id=24 off=320 00000000000000000000000000000000
N3GD_BODY id=24 off=330 00000000000000000000000000000000
N3GD_BODY id=24 off=340 00000000000000000000000000000000
N3GD_BODY id=24 off=350 00000000000000000000000000000000
N3GD_BODY id=24 off=360 00000000000000000000000000000000
N3GD_BODY id=24 off=370 00000000000000000000000000000000
N3GD_BODY id=24 off=380 00000000000000000000000000000000
N3GD_BODY id=24 off=390 00000000000000000000000000000000
N3GD_BODY id=24 off=3a0 00000000000000000000000000000000
N3GD_BODY id=24 off=3b0 00000000000000000000000000000000
N3GD_BODY id=24 off=3c0 00000000000000000000000000000000
N3GD_BODY id=24 off=3d0 00000000000000000000000000000000
N3GD_BODY id=24 off=3e0 00000000000000000000000000000000
N3GD_BODY id=24 off=3f0 00000000000000000000000000000000
N3GD_BODY id=24 off=400 00000000000000000000000000000000
N3GD_BODY id=24 off=410 00000000000000000000000000000000
N3GD_BODY id=24 off=420 00000000000000000000000000000000
N3GD_BODY id=24 off=430 00000000000000000000000000000000
N3GD_BODY id=24 off=440 00000000000000000000000000000000
N3GD_BODY id=24 off=450 00000000000000000000000000000000
N3GD_BODY id=24 off=460 00000000000000000000000000000000
N3GD_BODY id=24 off=470 00000000000000000000000000000000
N3GD_BODY id=24 off=480 00000000000000000000000000000000
N3GD_BODY id=24 off=490 00000000000000000000000000000000
N3GD_BODY id=24 off=4a0 00000000000000000000000000000000
N3GD_BODY id=24 off=4b0 00000000000000000000000000000000
N3GD_BODY id=24 off=4c0 00000000000000000000000000000000
N3GD_BODY id=24 off=4d0 00000000000000000000000000000000
N3GD_BODY id=24 off=4e0 00000000000000000000000000000000
N3GD_BODY id=24 off=4f0 00000000000000000000000000000000
N3GD_BODY id=24 off=500 00000000000000000000000000000000
N3GD_BODY id=24 off=510 00000000000000000000000000000000
N3GD_BODY id=24 off=520 00000000000000000000000000000000
N3GD_BODY id=24 off=530 00000000000000000000000000000000
N3GD_BODY id=24 off=540 00000000000000000000000000000000
N3GD_BODY id=24 off=550 00000000000000000000000000000000
N3GD_BODY id=24 off=560 00000000000000000000000000000000
N3GD_BODY id=24 off=570 00000000000000000000000000000000
N3GD_BODY id=24 off=580 00000000000000000000000000000000
N3GD_BODY id=24 off=590 00000000000000000000000000000000
N3GD_BODY id=24 off=5a0 00000000000000000000000000000000
N3GD_BODY id=24 off=5b0 00000000000000000000000000000000
N3GD_BODY id=24 off=5c0 00000000000000000000000000000000
N3GD_BODY id=24 off=5d0 00000000000000000000000000000000
N3GD_BODY id=24 off=5e0 00000000000000000000000000000000
N3GD_BODY id=24 off=5f0 00000000000000000000000000000000
N3GD_BODY id=24 off=600 00000000000000000000000000000000
N3GD_BODY id=24 off=610 00000000000000000000000000000000
N3GD_BODY id=24 off=620 00000000000000000000000000000000
N3GD_BODY id=24 off=630 00000000000000000000000000000000
N3GD_BODY id=24 off=640 00000000000000000000000000000000
N3GD_BODY id=24 off=650 00000000000000000000000000000000
N3GD_BODY id=24 off=660 00000000000000000000000000000000
N3GD_BODY id=24 off=670 00000000000000000000000000000000
N3GD_BODY id=24 off=680 00000000000000000000000000000000
N3GD_BODY id=24 off=690 00000000000000000000000000000000
N3GD_BODY id=24 off=6a0 00000000000000000000000000000000
N3GD_BODY id=24 off=6b0 00000000000000000000000000000000
N3GD_BODY id=24 off=6c0 00000000000000000000000000000000
N3GD_BODY id=24 off=6d0 00000000000000000000000000000000
N3GD_BODY id=24 off=6e0 00000000000000000000000000000000
N3GD_BODY id=24 off=6f0 00000000000000000000000000000000
N3GD_BODY id=24 off=700 00000000000000000000000000000000
N3GD_BODY id=24 off=710 00000000000000000000000000000000
N3GD_BODY id=24 off=720 00000000000000000000000000000000
N3GD_BODY id=24 off=730 00000000000000000000000000000000
N3GD_BODY id=24 off=740 00000000000000000000000000000000
N3GD_BODY id=24 off=750 00000000000000000000000000000000
N3GD_BODY id=24 off=760 00000000000000000000000000000000
N3GD_BODY id=24 off=770 00000000000000000000000000000000
N3GD_BODY id=24 off=780 00000000000000000000000000000000
N3GD_BODY id=24 off=790 00000000000000000000000000000000
N3GD_BODY id=24 off=7a0 00000000000000000000000000000000
N3GD_BODY id=24 off=7b0 00000000000000000000000000000000
N3GD_BODY id=24 off=7c0 00000000000000000000000000000000
N3GD_BODY id=24 off=7d0 00000000000000000000000000000000
N3GD_BODY id=24 off=7e0 00000000000000000000000000000000
N3GD_BODY id=24 off=7f0 00000000000000000000000000000000
N3GD_OOB id=24 off=000 000000000000000000000000e5ab0678
N3GD_OOB id=24 off=010 0a52efac2207c7a2053adbc8606282c5
N3GD_OOB id=24 off=020 374bcde4a25178a6eb7e94b8b7fa1e2e
N3GD_OOB id=24 off=030 eddbaafff14d9b9ea7ce563d3b3c79fe
N3GD_END id=24
N3GD_BEGIN id=25 kind=cand j=462 v=0383 po=284 sl=2 l0=00009C00 tgt=0000A07E bank=0 pb=1324 pp=71 phy=169543 shift=-15 t=40 ix=DE3C u=00009E38 l=00009E38
N3GD_BODY id=25 off=000 7f2595ab43ae34a47c6b4b75b1669896
N3GD_BODY id=25 off=010 03ef96ebc2a81d021c7d208e702f8af9
N3GD_BODY id=25 off=020 668bb74fda52da915711a0c3600d728d
N3GD_BODY id=25 off=030 44a8a589f73eb19836ca69c762eb7f82
N3GD_BODY id=25 off=040 a38abcff1671dafaecfff3df6dbc5b41
N3GD_BODY id=25 off=050 643ad6538d19d4d2e2c36ffa6bc83806
N3GD_BODY id=25 off=060 ff04ef3d8b1e9ba70ed3cd9934dd56fd
N3GD_BODY id=25 off=070 7eca07a4c4cfb4b7d9f04999a1519992
N3GD_BODY id=25 off=080 e99c85b2fb986c17fc7d12b11c7ba852
N3GD_BODY id=25 off=090 ea1514f49ca5e485fe806e784d2677ff
N3GD_BODY id=25 off=0a0 d94017e452d8c2de2f770359de9b2fe8
N3GD_BODY id=25 off=0b0 5240cae076193a9585fe1d168ee36f7b
N3GD_BODY id=25 off=0c0 bc0144b510f2d7d1d1f59424b68633ff
N3GD_BODY id=25 off=0d0 ecd51ad9dd6e7a3b6515eb5be5765ef7
N3GD_BODY id=25 off=0e0 3d7a33397b77570302e264b79ead0fef
N3GD_BODY id=25 off=0f0 1e035620dfd2214b3a56d87d893b6f8e
N3GD_BODY id=25 off=100 bbe74f90d3a8c2402fc123520a78df96
N3GD_BODY id=25 off=110 eeb9a9ded762017a16f04e60ed8b16e2
N3GD_BODY id=25 off=120 f4f8261df896a1cf334511474aca3793
N3GD_BODY id=25 off=130 2104dc5cca20e140df0a7f15916b24f6
N3GD_BODY id=25 off=140 0dfa5b9cd45aab857dffd6e0081f00a4
N3GD_BODY id=25 off=150 1485c535e3f87940ba3da3ac98f9849c
N3GD_BODY id=25 off=160 c3a35c9cf5022ab4093913f9c81be09a
N3GD_BODY id=25 off=170 6e09cdb686c5fc5f095b6dc6dfd33102
N3GD_BODY id=25 off=180 fd22ee1d9a104e563672785b06d79fea
N3GD_BODY id=25 off=190 0faa3e6b96727c2cfa1ec1de94acb65a
N3GD_BODY id=25 off=1a0 ed8b76e81e395677199d0dccdf3fa7ae
N3GD_BODY id=25 off=1b0 5d1fb7a10f1fcd37c3e9fd2cbf5e0072
N3GD_BODY id=25 off=1c0 cceecd1926d972722a8f752c931f5211
N3GD_BODY id=25 off=1d0 3f88ee09f3dbf008116931d072c990f5
N3GD_BODY id=25 off=1e0 13b8bf8805d1686afc12a7e0c6d17b66
N3GD_BODY id=25 off=1f0 08496bfb3cf9d819085e5a4f9848ed26
N3GD_BODY id=25 off=200 81b193cdfe22c8867cb7c12dec14d7da
N3GD_BODY id=25 off=210 b95a436f0250ed60f4fd01874f3ad8ad
N3GD_BODY id=25 off=220 651352f2662d09e831abd21382664709
N3GD_BODY id=25 off=230 3b2349b2129946c01fa0947962ff91c5
N3GD_BODY id=25 off=240 02fc292e612002e56893bc096ce26a24
N3GD_BODY id=25 off=250 f471d386e9e107a34a3595edac2d5f37
N3GD_BODY id=25 off=260 fdc510c5b4f191799376ba9bf06fa34f
N3GD_BODY id=25 off=270 eb43a818aa4d3954192c557a0fb528b6
N3GD_BODY id=25 off=280 da15ff1bdb57e8399c2909998b615c2d
N3GD_BODY id=25 off=290 a845faa7ea043c80165d0c70480cfed9
N3GD_BODY id=25 off=2a0 b2eaf4760d62e1957b03ce8046e5272d
N3GD_BODY id=25 off=2b0 047c6ebad52a508b4e7c4d99ff53273e
N3GD_BODY id=25 off=2c0 dcae5facc03a9d8a196fc88a3e163259
N3GD_BODY id=25 off=2d0 45ae4e8ef5e02f707a6254751e9e7e0f
N3GD_BODY id=25 off=2e0 28687b91f779dd1a9b13d6b25a62f5e9
N3GD_BODY id=25 off=2f0 606a0331aa5124beb1876f3fb53a83ed
N3GD_BODY id=25 off=300 c4536101708c14a41b46df7756a3ff1f
N3GD_BODY id=25 off=310 53ce1f0e4b5ab780baeca438cba65d40
N3GD_BODY id=25 off=320 4ce2a8c132d7423fa1985d1a4ec0448d
N3GD_BODY id=25 off=330 27de390fad1c3c0cd392bd7b04b742c3
N3GD_BODY id=25 off=340 117787c6466288a81e69dae6bb465d72
N3GD_BODY id=25 off=350 831070a7a25c0c4798951694d1166250
N3GD_BODY id=25 off=360 330ef7878c84e89d4e1e33cf113e3e61
N3GD_BODY id=25 off=370 7c6b30ad653f5199a3efbbb9f261f08b
N3GD_BODY id=25 off=380 368558d3071dbac51eff2d1dd478f893
N3GD_BODY id=25 off=390 56918309cedc212a3aca6dce15cc2f9d
N3GD_BODY id=25 off=3a0 961ba59817da63f8193ee018d02ebc63
N3GD_BODY id=25 off=3b0 6b20ca79eb679bcc56d0b780e1677a69
N3GD_BODY id=25 off=3c0 95b7c0048ecb9f8eeea6f1d0a0588b6a
N3GD_BODY id=25 off=3d0 5cf1d8b67b2f885b4a7531463b90f1d4
N3GD_BODY id=25 off=3e0 9f81defca5ad07e05a1b2fb94ae3e338
N3GD_BODY id=25 off=3f0 8296f25529e71e203c76e8096f4468d8
N3GD_BODY id=25 off=400 1405cd30fb8b80373860b331cb8034e2
N3GD_BODY id=25 off=410 0280235caf9bb05c55e4439574f96d69
N3GD_BODY id=25 off=420 e80961544c587cf859378e8036a976ea
N3GD_BODY id=25 off=430 0364877fed0adfecc00d340a19ce6473
N3GD_BODY id=25 off=440 d66b40ddf7de377ad30832d8790d6913
N3GD_BODY id=25 off=450 cca3a828359f76d6c0ae0de8895751b3
N3GD_BODY id=25 off=460 b8b1a73ed1619dfe3c1fc398919a33fc
N3GD_BODY id=25 off=470 8e8bfe7d72a1b685a9ffcf3198e75e55
N3GD_BODY id=25 off=480 5260181afc505c7d7a66c85e2d79104a
N3GD_BODY id=25 off=490 197a52f58ed7529b186ca915867a0845
N3GD_BODY id=25 off=4a0 1cd99458e963dd154d8c773a6e5e49f2
N3GD_BODY id=25 off=4b0 84042f1b1704f65ed5ef2eef9f76a708
N3GD_BODY id=25 off=4c0 1615d207de0d4dcacc8d86758d731742
N3GD_BODY id=25 off=4d0 a0f25006303690fb5d15fdd7ab5efafa
N3GD_BODY id=25 off=4e0 223163f90f2b3638bf49747c9a93a416
N3GD_BODY id=25 off=4f0 f11d517a4be4a60c5d9b9e6dae9d3b7b
N3GD_BODY id=25 off=500 0708a75078f15c2df5e3a10de9603c5f
N3GD_BODY id=25 off=510 5ba92abce5eb241fc2ba7e786a281826
N3GD_BODY id=25 off=520 ddff3ea203a35f14cd2c458b0c78c27c
N3GD_BODY id=25 off=530 b147c76e6e607a76b3da3120bd3834ff
N3GD_BODY id=25 off=540 16ebc51cfb5b00fc28729730520c51d0
N3GD_BODY id=25 off=550 50442ec6bee8cb0e32fb126f2c087b86
N3GD_BODY id=25 off=560 c980afcfc56801a8edb927826190bf33
N3GD_BODY id=25 off=570 134790bea2901a9d320d3caaa3d3deb8
N3GD_BODY id=25 off=580 b9c23335cf1de7ccf70707cbd9799a0d
N3GD_BODY id=25 off=590 c213dca1c8f34b131a4044a1dc4d312c
N3GD_BODY id=25 off=5a0 54c222081206b6f6ffced288289c6762
N3GD_BODY id=25 off=5b0 451e1e3e87f6eebe4683737ae528d98f
N3GD_BODY id=25 off=5c0 c179045d5ff827cf75230de20d86ba8b
N3GD_BODY id=25 off=5d0 db27cd1caffb6b118a8e9e1f495fb877
N3GD_BODY id=25 off=5e0 b1807330f273228828b7a4a63ec37155
N3GD_BODY id=25 off=5f0 aa9453a21409076491c8554a1c1f37a3
N3GD_BODY id=25 off=600 7971be9a677d84db34e832d0b0b5b783
N3GD_BODY id=25 off=610 1219e44172d0e4b0a9c12b1538c3ac8d
N3GD_BODY id=25 off=620 0de38c929c5d7b0c1cc3e9e79008cdda
N3GD_BODY id=25 off=630 15ecead6bcfd1dfa468a146386063158
N3GD_BODY id=25 off=640 855dd0e1da7ae41e886ae817a315797c
N3GD_BODY id=25 off=650 d4bea1fb3baed326268843641496e92e
N3GD_BODY id=25 off=660 31d835d1006f21fd32b51282825aea54
N3GD_BODY id=25 off=670 35b5e7e296ba6d2a08802323b2838351
N3GD_BODY id=25 off=680 af5ca59b268558b10b836fb9d57d4ac0
N3GD_BODY id=25 off=690 2a71994c9f307df2dc678e6f4ff20c87
N3GD_BODY id=25 off=6a0 6665f204ffc1efde31ee4568120a8ec7
N3GD_BODY id=25 off=6b0 6bf10ce0577e93bb6e112166615cd1e2
N3GD_BODY id=25 off=6c0 bc253e81b6aa71e0e21493fcb4b71791
N3GD_BODY id=25 off=6d0 c2fb3183a2495c4b2c4c3ae38d971158
N3GD_BODY id=25 off=6e0 e38e8584ce006c9aba6c6b06383e70a5
N3GD_BODY id=25 off=6f0 dde148ec08d1861350cc0f1408c1af2f
N3GD_BODY id=25 off=700 c56c69516fb9aa659870e841f59fb2b7
N3GD_BODY id=25 off=710 23e5357759ed400498dc1e55ac60807b
N3GD_BODY id=25 off=720 35593cbe8f7f957d14dcdac03332496b
N3GD_BODY id=25 off=730 97437e196aa067c27d0ef2e2df94f1de
N3GD_BODY id=25 off=740 2914f4a1340634519b982eaa2d63fcea
N3GD_BODY id=25 off=750 cceb7945e3c27875d3ce99fdb0201a18
N3GD_BODY id=25 off=760 c8a198650b07d22cf31c8d59dd50dd04
N3GD_BODY id=25 off=770 39c5bff65f7ce8e88c84668d45ee35f3
N3GD_BODY id=25 off=780 74d207a884996bc001a69a5ef854ba5a
N3GD_BODY id=25 off=790 da1ba0bfcd98f9935e7be14e9ab8a449
N3GD_BODY id=25 off=7a0 030b2ffa2bcc0103857a8c2941df6a29
N3GD_BODY id=25 off=7b0 694451b446236511e36510140e595b1a
N3GD_BODY id=25 off=7c0 58579211f82747465f0cd173006d90d4
N3GD_BODY id=25 off=7d0 96b8cb17443fc10c41c4aeb3d1f131b2
N3GD_BODY id=25 off=7e0 81f250befe78b4fedd45f123d87cbed4
N3GD_BODY id=25 off=7f0 d595aa7aae6b2cf9556d5d14bcc68329
N3GD_OOB id=25 off=000 389e00003cde0000ff40ffffe5ab0678
N3GD_OOB id=25 off=010 0a52efac2207c7a2053adbc8606282c5
N3GD_OOB id=25 off=020 374bcde4a25178a6eb7e94b8b7fa1e2e
N3GD_OOB id=25 off=030 eddbaafff14d9b9ea7ce563d3b3c79fe
N3GD_END id=25
N3GD_BEGIN id=26 kind=cand j=462 v=0383 po=285 sl=4294967295 l0=00009C00 tgt=0000A07E bank=1 pb=1324 pp=71 phy=169543 shift=4294967295 t=00 ix=0000 u=00000000 l=00000000
N3GD_BODY id=26 off=000 00000000000000000000000000000000
N3GD_BODY id=26 off=010 00000000000000000000000000000000
N3GD_BODY id=26 off=020 00000000000000000000000000000000
N3GD_BODY id=26 off=030 00000000000000000000000000000000
N3GD_BODY id=26 off=040 00000000000000000000000000000000
N3GD_BODY id=26 off=050 00000000000000000000000000000000
N3GD_BODY id=26 off=060 00000000000000000000000000000000
N3GD_BODY id=26 off=070 00000000000000000000000000000000
N3GD_BODY id=26 off=080 00000000000000000000000000000000
N3GD_BODY id=26 off=090 00000000000000000000000000000000
N3GD_BODY id=26 off=0a0 00000000000000000000000000000000
N3GD_BODY id=26 off=0b0 00000000000000000000000000000000
N3GD_BODY id=26 off=0c0 00000000000000000000000000000000
N3GD_BODY id=26 off=0d0 00000000000000000000000000000000
N3GD_BODY id=26 off=0e0 00000000000000000000000000000000
N3GD_BODY id=26 off=0f0 00000000000000000000000000000000
N3GD_BODY id=26 off=100 00000000000000000000000000000000
N3GD_BODY id=26 off=110 00000000000000000000000000000000
N3GD_BODY id=26 off=120 00000000000000000000000000000000
N3GD_BODY id=26 off=130 00000000000000000000000000000000
N3GD_BODY id=26 off=140 00000000000000000000000000000000
N3GD_BODY id=26 off=150 00000000000000000000000000000000
N3GD_BODY id=26 off=160 00000000000000000000000000000000
N3GD_BODY id=26 off=170 00000000000000000000000000000000
N3GD_BODY id=26 off=180 00000000000000000000000000000000
N3GD_BODY id=26 off=190 00000000000000000000000000000000
N3GD_BODY id=26 off=1a0 00000000000000000000000000000000
N3GD_BODY id=26 off=1b0 00000000000000000000000000000000
N3GD_BODY id=26 off=1c0 00000000000000000000000000000000
N3GD_BODY id=26 off=1d0 00000000000000000000000000000000
N3GD_BODY id=26 off=1e0 00000000000000000000000000000000
N3GD_BODY id=26 off=1f0 00000000000000000000000000000000
N3GD_BODY id=26 off=200 00000000000000000000000000000000
N3GD_BODY id=26 off=210 00000000000000000000000000000000
N3GD_BODY id=26 off=220 00000000000000000000000000000000
N3GD_BODY id=26 off=230 00000000000000000000000000000000
N3GD_BODY id=26 off=240 00000000000000000000000000000000
N3GD_BODY id=26 off=250 00000000000000000000000000000000
N3GD_BODY id=26 off=260 00000000000000000000000000000000
N3GD_BODY id=26 off=270 00000000000000000000000000000000
N3GD_BODY id=26 off=280 00000000000000000000000000000000
N3GD_BODY id=26 off=290 00000000000000000000000000000000
N3GD_BODY id=26 off=2a0 00000000000000000000000000000000
N3GD_BODY id=26 off=2b0 00000000000000000000000000000000
N3GD_BODY id=26 off=2c0 00000000000000000000000000000000
N3GD_BODY id=26 off=2d0 00000000000000000000000000000000
N3GD_BODY id=26 off=2e0 00000000000000000000000000000000
N3GD_BODY id=26 off=2f0 00000000000000000000000000000000
N3GD_BODY id=26 off=300 00000000000000000000000000000000
N3GD_BODY id=26 off=310 00000000000000000000000000000000
N3GD_BODY id=26 off=320 00000000000000000000000000000000
N3GD_BODY id=26 off=330 00000000000000000000000000000000
N3GD_BODY id=26 off=340 00000000000000000000000000000000
N3GD_BODY id=26 off=350 00000000000000000000000000000000
N3GD_BODY id=26 off=360 00000000000000000000000000000000
N3GD_BODY id=26 off=370 00000000000000000000000000000000
N3GD_BODY id=26 off=380 00000000000000000000000000000000
N3GD_BODY id=26 off=390 00000000000000000000000000000000
N3GD_BODY id=26 off=3a0 00000000000000000000000000000000
N3GD_BODY id=26 off=3b0 00000000000000000000000000000000
N3GD_BODY id=26 off=3c0 00000000000000000000000000000000
N3GD_BODY id=26 off=3d0 00000000000000000000000000000000
N3GD_BODY id=26 off=3e0 00000000000000000000000000000000
N3GD_BODY id=26 off=3f0 00000000000000000000000000000000
N3GD_BODY id=26 off=400 00000000000000000000000000000000
N3GD_BODY id=26 off=410 00000000000000000000000000000000
N3GD_BODY id=26 off=420 00000000000000000000000000000000
N3GD_BODY id=26 off=430 00000000000000000000000000000000
N3GD_BODY id=26 off=440 00000000000000000000000000000000
N3GD_BODY id=26 off=450 00000000000000000000000000000000
N3GD_BODY id=26 off=460 00000000000000000000000000000000
N3GD_BODY id=26 off=470 00000000000000000000000000000000
N3GD_BODY id=26 off=480 00000000000000000000000000000000
N3GD_BODY id=26 off=490 00000000000000000000000000000000
N3GD_BODY id=26 off=4a0 00000000000000000000000000000000
N3GD_BODY id=26 off=4b0 00000000000000000000000000000000
N3GD_BODY id=26 off=4c0 00000000000000000000000000000000
N3GD_BODY id=26 off=4d0 00000000000000000000000000000000
N3GD_BODY id=26 off=4e0 00000000000000000000000000000000
N3GD_BODY id=26 off=4f0 00000000000000000000000000000000
N3GD_BODY id=26 off=500 00000000000000000000000000000000
N3GD_BODY id=26 off=510 00000000000000000000000000000000
N3GD_BODY id=26 off=520 00000000000000000000000000000000
N3GD_BODY id=26 off=530 00000000000000000000000000000000
N3GD_BODY id=26 off=540 00000000000000000000000000000000
N3GD_BODY id=26 off=550 00000000000000000000000000000000
N3GD_BODY id=26 off=560 00000000000000000000000000000000
N3GD_BODY id=26 off=570 00000000000000000000000000000000
N3GD_BODY id=26 off=580 00000000000000000000000000000000
N3GD_BODY id=26 off=590 00000000000000000000000000000000
N3GD_BODY id=26 off=5a0 00000000000000000000000000000000
N3GD_BODY id=26 off=5b0 00000000000000000000000000000000
N3GD_BODY id=26 off=5c0 00000000000000000000000000000000
N3GD_BODY id=26 off=5d0 00000000000000000000000000000000
N3GD_BODY id=26 off=5e0 00000000000000000000000000000000
N3GD_BODY id=26 off=5f0 00000000000000000000000000000000
N3GD_BODY id=26 off=600 00000000000000000000000000000000
N3GD_BODY id=26 off=610 00000000000000000000000000000000
N3GD_BODY id=26 off=620 00000000000000000000000000000000
N3GD_BODY id=26 off=630 00000000000000000000000000000000
N3GD_BODY id=26 off=640 00000000000000000000000000000000
N3GD_BODY id=26 off=650 00000000000000000000000000000000
N3GD_BODY id=26 off=660 00000000000000000000000000000000
N3GD_BODY id=26 off=670 00000000000000000000000000000000
N3GD_BODY id=26 off=680 00000000000000000000000000000000
N3GD_BODY id=26 off=690 00000000000000000000000000000000
N3GD_BODY id=26 off=6a0 00000000000000000000000000000000
N3GD_BODY id=26 off=6b0 00000000000000000000000000000000
N3GD_BODY id=26 off=6c0 00000000000000000000000000000000
N3GD_BODY id=26 off=6d0 00000000000000000000000000000000
N3GD_BODY id=26 off=6e0 00000000000000000000000000000000
N3GD_BODY id=26 off=6f0 00000000000000000000000000000000
N3GD_BODY id=26 off=700 00000000000000000000000000000000
N3GD_BODY id=26 off=710 00000000000000000000000000000000
N3GD_BODY id=26 off=720 00000000000000000000000000000000
N3GD_BODY id=26 off=730 00000000000000000000000000000000
N3GD_BODY id=26 off=740 00000000000000000000000000000000
N3GD_BODY id=26 off=750 00000000000000000000000000000000
N3GD_BODY id=26 off=760 00000000000000000000000000000000
N3GD_BODY id=26 off=770 00000000000000000000000000000000
N3GD_BODY id=26 off=780 00000000000000000000000000000000
N3GD_BODY id=26 off=790 00000000000000000000000000000000
N3GD_BODY id=26 off=7a0 00000000000000000000000000000000
N3GD_BODY id=26 off=7b0 00000000000000000000000000000000
N3GD_BODY id=26 off=7c0 00000000000000000000000000000000
N3GD_BODY id=26 off=7d0 00000000000000000000000000000000
N3GD_BODY id=26 off=7e0 00000000000000000000000000000000
N3GD_BODY id=26 off=7f0 00000000000000000000000000000000
N3GD_OOB id=26 off=000 000000000000000000000000e5ab0678
N3GD_OOB id=26 off=010 0a52efac2207c7a2053adbc8606282c5
N3GD_OOB id=26 off=020 374bcde4a25178a6eb7e94b8b7fa1e2e
N3GD_OOB id=26 off=030 eddbaafff14d9b9ea7ce563d3b3c79fe
N3GD_END id=26
N3GD_BEGIN id=27 kind=cand j=462 v=0383 po=286 sl=4294967295 l0=00009C00 tgt=0000A07E bank=2 pb=1324 pp=71 phy=169543 shift=4294967295 t=00 ix=0000 u=00000000 l=00000000
N3GD_BODY id=27 off=000 00000000000000000000000000000000
N3GD_BODY id=27 off=010 00000000000000000000000000000000
N3GD_BODY id=27 off=020 00000000000000000000000000000000
N3GD_BODY id=27 off=030 00000000000000000000000000000000
N3GD_BODY id=27 off=040 00000000000000000000000000000000
N3GD_BODY id=27 off=050 00000000000000000000000000000000
N3GD_BODY id=27 off=060 00000000000000000000000000000000
N3GD_BODY id=27 off=070 00000000000000000000000000000000
N3GD_BODY id=27 off=080 00000000000000000000000000000000
N3GD_BODY id=27 off=090 00000000000000000000000000000000
N3GD_BODY id=27 off=0a0 00000000000000000000000000000000
N3GD_BODY id=27 off=0b0 00000000000000000000000000000000
N3GD_BODY id=27 off=0c0 00000000000000000000000000000000
N3GD_BODY id=27 off=0d0 00000000000000000000000000000000
N3GD_BODY id=27 off=0e0 00000000000000000000000000000000
N3GD_BODY id=27 off=0f0 00000000000000000000000000000000
N3GD_BODY id=27 off=100 00000000000000000000000000000000
N3GD_BODY id=27 off=110 00000000000000000000000000000000
N3GD_BODY id=27 off=120 00000000000000000000000000000000
N3GD_BODY id=27 off=130 00000000000000000000000000000000
N3GD_BODY id=27 off=140 00000000000000000000000000000000
N3GD_BODY id=27 off=150 00000000000000000000000000000000
N3GD_BODY id=27 off=160 00000000000000000000000000000000
N3GD_BODY id=27 off=170 00000000000000000000000000000000
N3GD_BODY id=27 off=180 00000000000000000000000000000000
N3GD_BODY id=27 off=190 00000000000000000000000000000000
N3GD_BODY id=27 off=1a0 00000000000000000000000000000000
N3GD_BODY id=27 off=1b0 00000000000000000000000000000000
N3GD_BODY id=27 off=1c0 00000000000000000000000000000000
N3GD_BODY id=27 off=1d0 00000000000000000000000000000000
N3GD_BODY id=27 off=1e0 00000000000000000000000000000000
N3GD_BODY id=27 off=1f0 00000000000000000000000000000000
N3GD_BODY id=27 off=200 00000000000000000000000000000000
N3GD_BODY id=27 off=210 00000000000000000000000000000000
N3GD_BODY id=27 off=220 00000000000000000000000000000000
N3GD_BODY id=27 off=230 00000000000000000000000000000000
N3GD_BODY id=27 off=240 00000000000000000000000000000000
N3GD_BODY id=27 off=250 00000000000000000000000000000000
N3GD_BODY id=27 off=260 00000000000000000000000000000000
N3GD_BODY id=27 off=270 00000000000000000000000000000000
N3GD_BODY id=27 off=280 00000000000000000000000000000000
N3GD_BODY id=27 off=290 00000000000000000000000000000000
N3GD_BODY id=27 off=2a0 00000000000000000000000000000000
N3GD_BODY id=27 off=2b0 00000000000000000000000000000000
N3GD_BODY id=27 off=2c0 00000000000000000000000000000000
N3GD_BODY id=27 off=2d0 00000000000000000000000000000000
N3GD_BODY id=27 off=2e0 00000000000000000000000000000000
N3GD_BODY id=27 off=2f0 00000000000000000000000000000000
N3GD_BODY id=27 off=300 00000000000000000000000000000000
N3GD_BODY id=27 off=310 00000000000000000000000000000000
N3GD_BODY id=27 off=320 00000000000000000000000000000000
N3GD_BODY id=27 off=330 00000000000000000000000000000000
N3GD_BODY id=27 off=340 00000000000000000000000000000000
N3GD_BODY id=27 off=350 00000000000000000000000000000000
N3GD_BODY id=27 off=360 00000000000000000000000000000000
N3GD_BODY id=27 off=370 00000000000000000000000000000000
N3GD_BODY id=27 off=380 00000000000000000000000000000000
N3GD_BODY id=27 off=390 00000000000000000000000000000000
N3GD_BODY id=27 off=3a0 00000000000000000000000000000000
N3GD_BODY id=27 off=3b0 00000000000000000000000000000000
N3GD_BODY id=27 off=3c0 00000000000000000000000000000000
N3GD_BODY id=27 off=3d0 00000000000000000000000000000000
N3GD_BODY id=27 off=3e0 00000000000000000000000000000000
N3GD_BODY id=27 off=3f0 00000000000000000000000000000000
N3GD_BODY id=27 off=400 00000000000000000000000000000000
N3GD_BODY id=27 off=410 00000000000000000000000000000000
N3GD_BODY id=27 off=420 00000000000000000000000000000000
N3GD_BODY id=27 off=430 00000000000000000000000000000000
N3GD_BODY id=27 off=440 00000000000000000000000000000000
N3GD_BODY id=27 off=450 00000000000000000000000000000000
N3GD_BODY id=27 off=460 00000000000000000000000000000000
N3GD_BODY id=27 off=470 00000000000000000000000000000000
N3GD_BODY id=27 off=480 00000000000000000000000000000000
N3GD_BODY id=27 off=490 00000000000000000000000000000000
N3GD_BODY id=27 off=4a0 00000000000000000000000000000000
N3GD_BODY id=27 off=4b0 00000000000000000000000000000000
N3GD_BODY id=27 off=4c0 00000000000000000000000000000000
N3GD_BODY id=27 off=4d0 00000000000000000000000000000000
N3GD_BODY id=27 off=4e0 00000000000000000000000000000000
N3GD_BODY id=27 off=4f0 00000000000000000000000000000000
N3GD_BODY id=27 off=500 00000000000000000000000000000000
N3GD_BODY id=27 off=510 00000000000000000000000000000000
N3GD_BODY id=27 off=520 00000000000000000000000000000000
N3GD_BODY id=27 off=530 00000000000000000000000000000000
N3GD_BODY id=27 off=540 00000000000000000000000000000000
N3GD_BODY id=27 off=550 00000000000000000000000000000000
N3GD_BODY id=27 off=560 00000000000000000000000000000000
N3GD_BODY id=27 off=570 00000000000000000000000000000000
N3GD_BODY id=27 off=580 00000000000000000000000000000000
N3GD_BODY id=27 off=590 00000000000000000000000000000000
N3GD_BODY id=27 off=5a0 00000000000000000000000000000000
N3GD_BODY id=27 off=5b0 00000000000000000000000000000000
N3GD_BODY id=27 off=5c0 00000000000000000000000000000000
N3GD_BODY id=27 off=5d0 00000000000000000000000000000000
N3GD_BODY id=27 off=5e0 00000000000000000000000000000000
N3GD_BODY id=27 off=5f0 00000000000000000000000000000000
N3GD_BODY id=27 off=600 00000000000000000000000000000000
N3GD_BODY id=27 off=610 00000000000000000000000000000000
N3GD_BODY id=27 off=620 00000000000000000000000000000000
N3GD_BODY id=27 off=630 00000000000000000000000000000000
N3GD_BODY id=27 off=640 00000000000000000000000000000000
N3GD_BODY id=27 off=650 00000000000000000000000000000000
N3GD_BODY id=27 off=660 00000000000000000000000000000000
N3GD_BODY id=27 off=670 00000000000000000000000000000000
N3GD_BODY id=27 off=680 00000000000000000000000000000000
N3GD_BODY id=27 off=690 00000000000000000000000000000000
N3GD_BODY id=27 off=6a0 00000000000000000000000000000000
N3GD_BODY id=27 off=6b0 00000000000000000000000000000000
N3GD_BODY id=27 off=6c0 00000000000000000000000000000000
N3GD_BODY id=27 off=6d0 00000000000000000000000000000000
N3GD_BODY id=27 off=6e0 00000000000000000000000000000000
N3GD_BODY id=27 off=6f0 00000000000000000000000000000000
N3GD_BODY id=27 off=700 00000000000000000000000000000000
N3GD_BODY id=27 off=710 00000000000000000000000000000000
N3GD_BODY id=27 off=720 00000000000000000000000000000000
N3GD_BODY id=27 off=730 00000000000000000000000000000000
N3GD_BODY id=27 off=740 00000000000000000000000000000000
N3GD_BODY id=27 off=750 00000000000000000000000000000000
N3GD_BODY id=27 off=760 00000000000000000000000000000000
N3GD_BODY id=27 off=770 00000000000000000000000000000000
N3GD_BODY id=27 off=780 00000000000000000000000000000000
N3GD_BODY id=27 off=790 00000000000000000000000000000000
N3GD_BODY id=27 off=7a0 00000000000000000000000000000000
N3GD_BODY id=27 off=7b0 00000000000000000000000000000000
N3GD_BODY id=27 off=7c0 00000000000000000000000000000000
N3GD_BODY id=27 off=7d0 00000000000000000000000000000000
N3GD_BODY id=27 off=7e0 00000000000000000000000000000000
N3GD_BODY id=27 off=7f0 00000000000000000000000000000000
N3GD_OOB id=27 off=000 000000000000000000000000e5ab0678
N3GD_OOB id=27 off=010 0a52efac2207c7a2053adbc8606282c5
N3GD_OOB id=27 off=020 374bcde4a25178a6eb7e94b8b7fa1e2e
N3GD_OOB id=27 off=030 eddbaafff14d9b9ea7ce563d3b3c79fe
N3GD_END id=27
N3GD_BEGIN id=28 kind=cand j=462 v=0383 po=287 sl=4294967295 l0=00009C00 tgt=0000A07E bank=3 pb=1324 pp=71 phy=169543 shift=4294967295 t=00 ix=0000 u=00000000 l=00000000
N3GD_BODY id=28 off=000 00000000000000000000000000000000
N3GD_BODY id=28 off=010 00000000000000000000000000000000
N3GD_BODY id=28 off=020 00000000000000000000000000000000
N3GD_BODY id=28 off=030 00000000000000000000000000000000
N3GD_BODY id=28 off=040 00000000000000000000000000000000
N3GD_BODY id=28 off=050 00000000000000000000000000000000
N3GD_BODY id=28 off=060 00000000000000000000000000000000
N3GD_BODY id=28 off=070 00000000000000000000000000000000
N3GD_BODY id=28 off=080 00000000000000000000000000000000
N3GD_BODY id=28 off=090 00000000000000000000000000000000
N3GD_BODY id=28 off=0a0 00000000000000000000000000000000
N3GD_BODY id=28 off=0b0 00000000000000000000000000000000
N3GD_BODY id=28 off=0c0 00000000000000000000000000000000
N3GD_BODY id=28 off=0d0 00000000000000000000000000000000
N3GD_BODY id=28 off=0e0 00000000000000000000000000000000
N3GD_BODY id=28 off=0f0 00000000000000000000000000000000
N3GD_BODY id=28 off=100 00000000000000000000000000000000
N3GD_BODY id=28 off=110 00000000000000000000000000000000
N3GD_BODY id=28 off=120 00000000000000000000000000000000
N3GD_BODY id=28 off=130 00000000000000000000000000000000
N3GD_BODY id=28 off=140 00000000000000000000000000000000
N3GD_BODY id=28 off=150 00000000000000000000000000000000
N3GD_BODY id=28 off=160 00000000000000000000000000000000
N3GD_BODY id=28 off=170 00000000000000000000000000000000
N3GD_BODY id=28 off=180 00000000000000000000000000000000
N3GD_BODY id=28 off=190 00000000000000000000000000000000
N3GD_BODY id=28 off=1a0 00000000000000000000000000000000
N3GD_BODY id=28 off=1b0 00000000000000000000000000000000
N3GD_BODY id=28 off=1c0 00000000000000000000000000000000
N3GD_BODY id=28 off=1d0 00000000000000000000000000000000
N3GD_BODY id=28 off=1e0 00000000000000000000000000000000
N3GD_BODY id=28 off=1f0 00000000000000000000000000000000
N3GD_BODY id=28 off=200 00000000000000000000000000000000
N3GD_BODY id=28 off=210 00000000000000000000000000000000
N3GD_BODY id=28 off=220 00000000000000000000000000000000
N3GD_BODY id=28 off=230 00000000000000000000000000000000
N3GD_BODY id=28 off=240 00000000000000000000000000000000
N3GD_BODY id=28 off=250 00000000000000000000000000000000
N3GD_BODY id=28 off=260 00000000000000000000000000000000
N3GD_BODY id=28 off=270 00000000000000000000000000000000
N3GD_BODY id=28 off=280 00000000000000000000000000000000
N3GD_BODY id=28 off=290 00000000000000000000000000000000
N3GD_BODY id=28 off=2a0 00000000000000000000000000000000
N3GD_BODY id=28 off=2b0 00000000000000000000000000000000
N3GD_BODY id=28 off=2c0 00000000000000000000000000000000
N3GD_BODY id=28 off=2d0 00000000000000000000000000000000
N3GD_BODY id=28 off=2e0 00000000000000000000000000000000
N3GD_BODY id=28 off=2f0 00000000000000000000000000000000
N3GD_BODY id=28 off=300 00000000000000000000000000000000
N3GD_BODY id=28 off=310 00000000000000000000000000000000
N3GD_BODY id=28 off=320 00000000000000000000000000000000
N3GD_BODY id=28 off=330 00000000000000000000000000000000
N3GD_BODY id=28 off=340 00000000000000000000000000000000
N3GD_BODY id=28 off=350 00000000000000000000000000000000
N3GD_BODY id=28 off=360 00000000000000000000000000000000
N3GD_BODY id=28 off=370 00000000000000000000000000000000
N3GD_BODY id=28 off=380 00000000000000000000000000000000
N3GD_BODY id=28 off=390 00000000000000000000000000000000
N3GD_BODY id=28 off=3a0 00000000000000000000000000000000
N3GD_BODY id=28 off=3b0 00000000000000000000000000000000
N3GD_BODY id=28 off=3c0 00000000000000000000000000000000
N3GD_BODY id=28 off=3d0 00000000000000000000000000000000
N3GD_BODY id=28 off=3e0 00000000000000000000000000000000
N3GD_BODY id=28 off=3f0 00000000000000000000000000000000
N3GD_BODY id=28 off=400 00000000000000000000000000000000
N3GD_BODY id=28 off=410 00000000000000000000000000000000
N3GD_BODY id=28 off=420 00000000000000000000000000000000
N3GD_BODY id=28 off=430 00000000000000000000000000000000
N3GD_BODY id=28 off=440 00000000000000000000000000000000
N3GD_BODY id=28 off=450 00000000000000000000000000000000
N3GD_BODY id=28 off=460 00000000000000000000000000000000
N3GD_BODY id=28 off=470 00000000000000000000000000000000
N3GD_BODY id=28 off=480 00000000000000000000000000000000
N3GD_BODY id=28 off=490 00000000000000000000000000000000
N3GD_BODY id=28 off=4a0 00000000000000000000000000000000
N3GD_BODY id=28 off=4b0 00000000000000000000000000000000
N3GD_BODY id=28 off=4c0 00000000000000000000000000000000
N3GD_BODY id=28 off=4d0 00000000000000000000000000000000
N3GD_BODY id=28 off=4e0 00000000000000000000000000000000
N3GD_BODY id=28 off=4f0 00000000000000000000000000000000
N3GD_BODY id=28 off=500 00000000000000000000000000000000
N3GD_BODY id=28 off=510 00000000000000000000000000000000
N3GD_BODY id=28 off=520 00000000000000000000000000000000
N3GD_BODY id=28 off=530 00000000000000000000000000000000
N3GD_BODY id=28 off=540 00000000000000000000000000000000
N3GD_BODY id=28 off=550 00000000000000000000000000000000
N3GD_BODY id=28 off=560 00000000000000000000000000000000
N3GD_BODY id=28 off=570 00000000000000000000000000000000
N3GD_BODY id=28 off=580 00000000000000000000000000000000
N3GD_BODY id=28 off=590 00000000000000000000000000000000
N3GD_BODY id=28 off=5a0 00000000000000000000000000000000
N3GD_BODY id=28 off=5b0 00000000000000000000000000000000
N3GD_BODY id=28 off=5c0 00000000000000000000000000000000
N3GD_BODY id=28 off=5d0 00000000000000000000000000000000
N3GD_BODY id=28 off=5e0 00000000000000000000000000000000
N3GD_BODY id=28 off=5f0 00000000000000000000000000000000
N3GD_BODY id=28 off=600 00000000000000000000000000000000
N3GD_BODY id=28 off=610 00000000000000000000000000000000
N3GD_BODY id=28 off=620 00000000000000000000000000000000
N3GD_BODY id=28 off=630 00000000000000000000000000000000
N3GD_BODY id=28 off=640 00000000000000000000000000000000
N3GD_BODY id=28 off=650 00000000000000000000000000000000
N3GD_BODY id=28 off=660 00000000000000000000000000000000
N3GD_BODY id=28 off=670 00000000000000000000000000000000
N3GD_BODY id=28 off=680 00000000000000000000000000000000
N3GD_BODY id=28 off=690 00000000000000000000000000000000
N3GD_BODY id=28 off=6a0 00000000000000000000000000000000
N3GD_BODY id=28 off=6b0 00000000000000000000000000000000
N3GD_BODY id=28 off=6c0 00000000000000000000000000000000
N3GD_BODY id=28 off=6d0 00000000000000000000000000000000
N3GD_BODY id=28 off=6e0 00000000000000000000000000000000
N3GD_BODY id=28 off=6f0 00000000000000000000000000000000
N3GD_BODY id=28 off=700 00000000000000000000000000000000
N3GD_BODY id=28 off=710 00000000000000000000000000000000
N3GD_BODY id=28 off=720 00000000000000000000000000000000
N3GD_BODY id=28 off=730 00000000000000000000000000000000
N3GD_BODY id=28 off=740 00000000000000000000000000000000
N3GD_BODY id=28 off=750 00000000000000000000000000000000
N3GD_BODY id=28 off=760 00000000000000000000000000000000
N3GD_BODY id=28 off=770 00000000000000000000000000000000
N3GD_BODY id=28 off=780 00000000000000000000000000000000
N3GD_BODY id=28 off=790 00000000000000000000000000000000
N3GD_BODY id=28 off=7a0 00000000000000000000000000000000
N3GD_BODY id=28 off=7b0 00000000000000000000000000000000
N3GD_BODY id=28 off=7c0 00000000000000000000000000000000
N3GD_BODY id=28 off=7d0 00000000000000000000000000000000
N3GD_BODY id=28 off=7e0 00000000000000000000000000000000
N3GD_BODY id=28 off=7f0 00000000000000000000000000000000
N3GD_OOB id=28 off=000 000000000000000000000000e5ab0678
N3GD_OOB id=28 off=010 0a52efac2207c7a2053adbc8606282c5
N3GD_OOB id=28 off=020 374bcde4a25178a6eb7e94b8b7fa1e2e
N3GD_OOB id=28 off=030 eddbaafff14d9b9ea7ce563d3b3c79fe
N3GD_END id=28
N3GD_BEGIN id=29 kind=cand j=462 v=0383 po=288 sl=4294967295 l0=00009C00 tgt=0000A07E bank=0 pb=1324 pp=72 phy=169544 shift=4294967295 t=40 ix=DE3C u=00009E40 l=00009E40
N3GD_BODY id=29 off=000 538a0d7e9eb6c5d7c5010dd801f10c15
N3GD_BODY id=29 off=010 567568e80d5be125192b5b3467a257f0
N3GD_BODY id=29 off=020 92139a9a2425b232aad997e8da5910e8
N3GD_BODY id=29 off=030 383371b429c3451fcc76cc1ea97f8399
N3GD_BODY id=29 off=040 3ba227c3669c221f191e10de7f9e8c6b
N3GD_BODY id=29 off=050 a402064b72e7f1cb22ba3d1e014e9da2
N3GD_BODY id=29 off=060 491187beaa6ef1c867dc0fd13698f299
N3GD_BODY id=29 off=070 bf672209ff5a6217edca02ee0750cb9a
N3GD_BODY id=29 off=080 f136e89f875c834e9c2d2dc27f103e7d
N3GD_BODY id=29 off=090 2dcf78040de744330999aaf98227dd6e
N3GD_BODY id=29 off=0a0 82c6eb63507dd3e9fedb83701b2134f9
N3GD_BODY id=29 off=0b0 eaa33eee35182652a4afa3e9099e0d6a
N3GD_BODY id=29 off=0c0 7f997a581f4080c295dce91afc7b4ee4
N3GD_BODY id=29 off=0d0 33f95df1799edc2cb9e069455fc18228
N3GD_BODY id=29 off=0e0 0c7ec9c1e5efe84b6c3197d991952a2a
N3GD_BODY id=29 off=0f0 5b13e4156422dfa4fa83dbbcc95f272e
N3GD_BODY id=29 off=100 7bd13b00bfb5076fcd04187cb3a3e336
N3GD_BODY id=29 off=110 dd0f0040a34ef8ca169fd8274e35a769
N3GD_BODY id=29 off=120 a8cf047982c737c3f9cd77b4a9fc75ee
N3GD_BODY id=29 off=130 c6c18119ef535a4872bb8411f5898b47
N3GD_BODY id=29 off=140 cf769948bf64fa421839972dd5bba50a
N3GD_BODY id=29 off=150 d59973cdfa380599c8e8a666c506d26e
N3GD_BODY id=29 off=160 4661d5d3b3a4321b8a4e939f908cadf8
N3GD_BODY id=29 off=170 7856f10140057e6adb404c53545e9e42
N3GD_BODY id=29 off=180 b056af8e77ebf861e7ffa9dc4373fe4e
N3GD_BODY id=29 off=190 a3fe3892a4027523ea4264b143ac9db0
N3GD_BODY id=29 off=1a0 141114c35e13d834c8ae56a6f7a589ce
N3GD_BODY id=29 off=1b0 e435eddaab2d1d9248bc5f036253fe9a
N3GD_BODY id=29 off=1c0 4fc2c4d84fda5adc1b20a2e4e19eefb5
N3GD_BODY id=29 off=1d0 8613d1f5517c2006eb70b693e16ca21a
N3GD_BODY id=29 off=1e0 b34ec1db8c25c2f9deedf224fcdd2bda
N3GD_BODY id=29 off=1f0 0854244d6e9dd76b665eb184ccaedb29
N3GD_BODY id=29 off=200 85f4c974e2bb88df505d53333ab460fb
N3GD_BODY id=29 off=210 5500f7aa0bdf5c0ae253597c8b2a8121
N3GD_BODY id=29 off=220 5407f81b97bba1a0c5a46a49f0983394
N3GD_BODY id=29 off=230 4d3261dcbf574fde69e05ef2b3d31d57
N3GD_BODY id=29 off=240 06cf341a8d3fb9f4f75c8db13dcaf350
N3GD_BODY id=29 off=250 4935d77a24db9792937ef301c1c3b38a
N3GD_BODY id=29 off=260 56b08f6494550b8b0452deadd9e15435
N3GD_BODY id=29 off=270 8e7bf29fd24953015c96d29553c7861e
N3GD_BODY id=29 off=280 1eedc837a1788bbdd336d569e88ba267
N3GD_BODY id=29 off=290 8d4612d3b5a194f139faa0858d3d8b1e
N3GD_BODY id=29 off=2a0 d664b0fe972bc2d4f0bc4370e0955a83
N3GD_BODY id=29 off=2b0 87037860cff8e6ca5ec90d865f1489f1
N3GD_BODY id=29 off=2c0 e3489ecf61ef6e2796c786fa9920ac98
N3GD_BODY id=29 off=2d0 0181914722ddcceed5d01009edb67f2d
N3GD_BODY id=29 off=2e0 3e2c990bd40f333e6a1bcf12933f0270
N3GD_BODY id=29 off=2f0 da45cc522e909f8dee9865a21efcfae8
N3GD_BODY id=29 off=300 7c0647ea3adb5832addfce75c9438993
N3GD_BODY id=29 off=310 485287c6973212486579253c85526831
N3GD_BODY id=29 off=320 db4a8ea337539358384585101571e6f7
N3GD_BODY id=29 off=330 df9dc97fa91f05380a6653c200b1798b
N3GD_BODY id=29 off=340 7aa1a8d5f31f7fc89b934a1ad0513cdd
N3GD_BODY id=29 off=350 da3dd6dc77f34335636404ce00f5500b
N3GD_BODY id=29 off=360 3025124a111aaeb9d3a56fc4cb5b6501
N3GD_BODY id=29 off=370 fa65836f2f3516937ade811b4cf3eaf2
N3GD_BODY id=29 off=380 ac54bb3a7967ab85390ec9b50972b24e
N3GD_BODY id=29 off=390 b8aa5256c60780c7b79db699a526c742
N3GD_BODY id=29 off=3a0 d3d8c65fd4d8b37b942ea7fcf6f111b8
N3GD_BODY id=29 off=3b0 98b6d66aca335d513f4d35d2e898220c
N3GD_BODY id=29 off=3c0 8f2d6adf5be61d1394d1bc6d4e3a8476
N3GD_BODY id=29 off=3d0 28f61da6e691a87a5de970bdff4f19ec
N3GD_BODY id=29 off=3e0 e4cc9adf90c12aaa6d4be9fe55e16aa1
N3GD_BODY id=29 off=3f0 c022dc33d31c67298d5ea3446095f552
N3GD_BODY id=29 off=400 2d46cd2c20afb2191b810ae1aa808fee
N3GD_BODY id=29 off=410 130a5374e325d0d58c555cd00601e5c8
N3GD_BODY id=29 off=420 68d370078e32585e0569acd484c9edda
N3GD_BODY id=29 off=430 86934e311694d9a8f2269d663084925f
N3GD_BODY id=29 off=440 bcd3b22770917e20233ca257aac3d018
N3GD_BODY id=29 off=450 23c56cc887fdea339339bc81afffd56d
N3GD_BODY id=29 off=460 4e6110b833042c5d1279e95fea935eb5
N3GD_BODY id=29 off=470 206797d6e2f6820dfcc3efe1aa27830c
N3GD_BODY id=29 off=480 1a69d078146fc532e185eea886f2424b
N3GD_BODY id=29 off=490 c9e1cbb822364e79c77080df6f068458
N3GD_BODY id=29 off=4a0 1c4c732b7c851c471efd88478362d931
N3GD_BODY id=29 off=4b0 fb597417008aa3cb00b0398bde9b5fb7
N3GD_BODY id=29 off=4c0 98045cda1d2fea8bcdd8189d96e5bbbe
N3GD_BODY id=29 off=4d0 25068848ac683aba1049aff2a9cc6080
N3GD_BODY id=29 off=4e0 0691fa042498f8edd20bc6cd1f7c0da3
N3GD_BODY id=29 off=4f0 714052194ef8a03090496eb9db7f597f
N3GD_BODY id=29 off=500 d565e5b96c02431e18cedc4a698215a1
N3GD_BODY id=29 off=510 826b0cce8e5a93de63d3b5e177034d4f
N3GD_BODY id=29 off=520 28756fb3323d3f88c6fa13a309875739
N3GD_BODY id=29 off=530 3b4917c686e3e0523f22941e7273451a
N3GD_BODY id=29 off=540 a525ee532dbe07ee89c8a0bc6c994cb5
N3GD_BODY id=29 off=550 cb79d6f10ad8ebab340b8937aec32608
N3GD_BODY id=29 off=560 f04bb9f952285c1fafb390af28c8711b
N3GD_BODY id=29 off=570 e1a336a124bc2f0d730a7cc2c7536447
N3GD_BODY id=29 off=580 174cfa23c1c5f168928c1cb6a2e7eb1d
N3GD_BODY id=29 off=590 997c1fdaf42ac73932aa4dd96cfdf010
N3GD_BODY id=29 off=5a0 9d70c695f3f5e86bd7cb3ed06abeea5d
N3GD_BODY id=29 off=5b0 2695a2deeb91f76e587f237da801ea35
N3GD_BODY id=29 off=5c0 78d20c7b95a5e99572d357c39ee145e8
N3GD_BODY id=29 off=5d0 6972da852944e7a8486042e69b7fb69b
N3GD_BODY id=29 off=5e0 7c7cafbbaf12870b5ea60bd78c7ad553
N3GD_BODY id=29 off=5f0 0fe35cc1b87eacc7aa9bfe6e1757beb7
N3GD_BODY id=29 off=600 77d696a06d47b7190325317dbb1eb526
N3GD_BODY id=29 off=610 be932ccaa51381f4d111532c2acb37bb
N3GD_BODY id=29 off=620 464ed98937f80a51c535892f743cf858
N3GD_BODY id=29 off=630 e6b2fc2ac563c17a0d090abea403ef84
N3GD_BODY id=29 off=640 1b83760b07c21ac254346d8f0f6a25a7
N3GD_BODY id=29 off=650 e4114b42bfdc5c28272e6cba4cd6d03d
N3GD_BODY id=29 off=660 c685a95cb87b64763d699c23dbc5521a
N3GD_BODY id=29 off=670 8bedb076caeefe74f4e20ce350f0a2b9
N3GD_BODY id=29 off=680 8543a1f44f32a2d4bdbcd30bca382e03
N3GD_BODY id=29 off=690 5c9582cb60867807361e4b74a1d65774
N3GD_BODY id=29 off=6a0 6f2de45bb507bbffed7cd68d0600b2a7
N3GD_BODY id=29 off=6b0 870023f6178a8e220b53d59001e78477
N3GD_BODY id=29 off=6c0 00061cd04a4ff78e7cec60acff81dad0
N3GD_BODY id=29 off=6d0 aa63d958e15796b9475e2f7000999721
N3GD_BODY id=29 off=6e0 9eea2526601364585e80e4b61abedb3a
N3GD_BODY id=29 off=6f0 900038615b77f20b4031b93870ddd5fb
N3GD_BODY id=29 off=700 fe15f4f87b54a21d347bbba0c8f7c66a
N3GD_BODY id=29 off=710 5904f34ce97e78cec3318b7532287dd7
N3GD_BODY id=29 off=720 8b71e1a57e89122631f1bef1127a6b06
N3GD_BODY id=29 off=730 44c2c560c95b07f3043d4c58971e13d9
N3GD_BODY id=29 off=740 8d3b74e7814bd165cdc46d8e2f11059d
N3GD_BODY id=29 off=750 af90d068d3aa625b2aba84df96a05f1e
N3GD_BODY id=29 off=760 971a5aa7fab634f970fa9fc5d56c840a
N3GD_BODY id=29 off=770 7fc22a1d4f6e134b3379ad43c4531ef1
N3GD_BODY id=29 off=780 9307c6ecaf20b334a3f1e67d01163b7b
N3GD_BODY id=29 off=790 65d8f0c9691c6cefbfd04969ed2cfbbd
N3GD_BODY id=29 off=7a0 9b89b380e018962cc2ee96a4d963860b
N3GD_BODY id=29 off=7b0 1756588372aec13c0f612e0cebf12abd
N3GD_BODY id=29 off=7c0 ea51423775e87078952f23fa3f1b0abd
N3GD_BODY id=29 off=7d0 a6440d74f93d7602bca634680aed6b6e
N3GD_BODY id=29 off=7e0 681523121fd46a8f2f3f928a9d4dddb6
N3GD_BODY id=29 off=7f0 7ef8eec900791d89d0d76e748c731c33
N3GD_OOB id=29 off=000 409e00003cde0000ff40ffffe5ab0678
N3GD_OOB id=29 off=010 0a52efac2207c7a2053adbc8606282c5
N3GD_OOB id=29 off=020 374bcde4a25178a6eb7e94b8b7fa1e2e
N3GD_OOB id=29 off=030 eddbaafff14d9b9ea7ce563d3b3c79fe
N3GD_END id=29
N3GD_BEGIN id=30 kind=cand j=462 v=0383 po=289 sl=4294967295 l0=00009C00 tgt=0000A07E bank=1 pb=1324 pp=72 phy=169544 shift=4294967295 t=00 ix=0000 u=00000000 l=00000000
N3GD_BODY id=30 off=000 00000000000000000000000000000000
N3GD_BODY id=30 off=010 00000000000000000000000000000000
N3GD_BODY id=30 off=020 00000000000000000000000000000000
N3GD_BODY id=30 off=030 00000000000000000000000000000000
N3GD_BODY id=30 off=040 00000000000000000000000000000000
N3GD_BODY id=30 off=050 00000000000000000000000000000000
N3GD_BODY id=30 off=060 00000000000000000000000000000000
N3GD_BODY id=30 off=070 00000000000000000000000000000000
N3GD_BODY id=30 off=080 00000000000000000000000000000000
N3GD_BODY id=30 off=090 00000000000000000000000000000000
N3GD_BODY id=30 off=0a0 00000000000000000000000000000000
N3GD_BODY id=30 off=0b0 00000000000000000000000000000000
N3GD_BODY id=30 off=0c0 00000000000000000000000000000000
N3GD_BODY id=30 off=0d0 00000000000000000000000000000000
N3GD_BODY id=30 off=0e0 00000000000000000000000000000000
N3GD_BODY id=30 off=0f0 00000000000000000000000000000000
N3GD_BODY id=30 off=100 00000000000000000000000000000000
N3GD_BODY id=30 off=110 00000000000000000000000000000000
N3GD_BODY id=30 off=120 00000000000000000000000000000000
N3GD_BODY id=30 off=130 00000000000000000000000000000000
N3GD_BODY id=30 off=140 00000000000000000000000000000000
N3GD_BODY id=30 off=150 00000000000000000000000000000000
N3GD_BODY id=30 off=160 00000000000000000000000000000000
N3GD_BODY id=30 off=170 00000000000000000000000000000000
N3GD_BODY id=30 off=180 00000000000000000000000000000000
N3GD_BODY id=30 off=190 00000000000000000000000000000000
N3GD_BODY id=30 off=1a0 00000000000000000000000000000000
N3GD_BODY id=30 off=1b0 00000000000000000000000000000000
N3GD_BODY id=30 off=1c0 00000000000000000000000000000000
N3GD_BODY id=30 off=1d0 00000000000000000000000000000000
N3GD_BODY id=30 off=1e0 00000000000000000000000000000000
N3GD_BODY id=30 off=1f0 00000000000000000000000000000000
N3GD_BODY id=30 off=200 00000000000000000000000000000000
N3GD_BODY id=30 off=210 00000000000000000000000000000000
N3GD_BODY id=30 off=220 00000000000000000000000000000000
N3GD_BODY id=30 off=230 00000000000000000000000000000000
N3GD_BODY id=30 off=240 00000000000000000000000000000000
N3GD_BODY id=30 off=250 00000000000000000000000000000000
N3GD_BODY id=30 off=260 00000000000000000000000000000000
N3GD_BODY id=30 off=270 00000000000000000000000000000000
N3GD_BODY id=30 off=280 00000000000000000000000000000000
N3GD_BODY id=30 off=290 00000000000000000000000000000000
N3GD_BODY id=30 off=2a0 00000000000000000000000000000000
N3GD_BODY id=30 off=2b0 00000000000000000000000000000000
N3GD_BODY id=30 off=2c0 00000000000000000000000000000000
N3GD_BODY id=30 off=2d0 00000000000000000000000000000000
N3GD_BODY id=30 off=2e0 00000000000000000000000000000000
N3GD_BODY id=30 off=2f0 00000000000000000000000000000000
N3GD_BODY id=30 off=300 00000000000000000000000000000000
N3GD_BODY id=30 off=310 00000000000000000000000000000000
N3GD_BODY id=30 off=320 00000000000000000000000000000000
N3GD_BODY id=30 off=330 00000000000000000000000000000000
N3GD_BODY id=30 off=340 00000000000000000000000000000000
N3GD_BODY id=30 off=350 00000000000000000000000000000000
N3GD_BODY id=30 off=360 00000000000000000000000000000000
N3GD_BODY id=30 off=370 00000000000000000000000000000000
N3GD_BODY id=30 off=380 00000000000000000000000000000000
N3GD_BODY id=30 off=390 00000000000000000000000000000000
N3GD_BODY id=30 off=3a0 00000000000000000000000000000000
N3GD_BODY id=30 off=3b0 00000000000000000000000000000000
N3GD_BODY id=30 off=3c0 00000000000000000000000000000000
N3GD_BODY id=30 off=3d0 00000000000000000000000000000000
N3GD_BODY id=30 off=3e0 00000000000000000000000000000000
N3GD_BODY id=30 off=3f0 00000000000000000000000000000000
N3GD_BODY id=30 off=400 00000000000000000000000000000000
N3GD_BODY id=30 off=410 00000000000000000000000000000000
N3GD_BODY id=30 off=420 00000000000000000000000000000000
N3GD_BODY id=30 off=430 00000000000000000000000000000000
N3GD_BODY id=30 off=440 00000000000000000000000000000000
N3GD_BODY id=30 off=450 00000000000000000000000000000000
N3GD_BODY id=30 off=460 00000000000000000000000000000000
N3GD_BODY id=30 off=470 00000000000000000000000000000000
N3GD_BODY id=30 off=480 00000000000000000000000000000000
N3GD_BODY id=30 off=490 00000000000000000000000000000000
N3GD_BODY id=30 off=4a0 00000000000000000000000000000000
N3GD_BODY id=30 off=4b0 00000000000000000000000000000000
N3GD_BODY id=30 off=4c0 00000000000000000000000000000000
N3GD_BODY id=30 off=4d0 00000000000000000000000000000000
N3GD_BODY id=30 off=4e0 00000000000000000000000000000000
N3GD_BODY id=30 off=4f0 00000000000000000000000000000000
N3GD_BODY id=30 off=500 00000000000000000000000000000000
N3GD_BODY id=30 off=510 00000000000000000000000000000000
N3GD_BODY id=30 off=520 00000000000000000000000000000000
N3GD_BODY id=30 off=530 00000000000000000000000000000000
N3GD_BODY id=30 off=540 00000000000000000000000000000000
N3GD_BODY id=30 off=550 00000000000000000000000000000000
N3GD_BODY id=30 off=560 00000000000000000000000000000000
N3GD_BODY id=30 off=570 00000000000000000000000000000000
N3GD_BODY id=30 off=580 00000000000000000000000000000000
N3GD_BODY id=30 off=590 00000000000000000000000000000000
N3GD_BODY id=30 off=5a0 00000000000000000000000000000000
N3GD_BODY id=30 off=5b0 00000000000000000000000000000000
N3GD_BODY id=30 off=5c0 00000000000000000000000000000000
N3GD_BODY id=30 off=5d0 00000000000000000000000000000000
N3GD_BODY id=30 off=5e0 00000000000000000000000000000000
N3GD_BODY id=30 off=5f0 00000000000000000000000000000000
N3GD_BODY id=30 off=600 00000000000000000000000000000000
N3GD_BODY id=30 off=610 00000000000000000000000000000000
N3GD_BODY id=30 off=620 00000000000000000000000000000000
N3GD_BODY id=30 off=630 00000000000000000000000000000000
N3GD_BODY id=30 off=640 00000000000000000000000000000000
N3GD_BODY id=30 off=650 00000000000000000000000000000000
N3GD_BODY id=30 off=660 00000000000000000000000000000000
N3GD_BODY id=30 off=670 00000000000000000000000000000000
N3GD_BODY id=30 off=680 00000000000000000000000000000000
N3GD_BODY id=30 off=690 00000000000000000000000000000000
N3GD_BODY id=30 off=6a0 00000000000000000000000000000000
N3GD_BODY id=30 off=6b0 00000000000000000000000000000000
N3GD_BODY id=30 off=6c0 00000000000000000000000000000000
N3GD_BODY id=30 off=6d0 00000000000000000000000000000000
N3GD_BODY id=30 off=6e0 00000000000000000000000000000000
N3GD_BODY id=30 off=6f0 00000000000000000000000000000000
N3GD_BODY id=30 off=700 00000000000000000000000000000000
N3GD_BODY id=30 off=710 00000000000000000000000000000000
N3GD_BODY id=30 off=720 00000000000000000000000000000000
N3GD_BODY id=30 off=730 00000000000000000000000000000000
N3GD_BODY id=30 off=740 00000000000000000000000000000000
N3GD_BODY id=30 off=750 00000000000000000000000000000000
N3GD_BODY id=30 off=760 00000000000000000000000000000000
N3GD_BODY id=30 off=770 00000000000000000000000000000000
N3GD_BODY id=30 off=780 00000000000000000000000000000000
N3GD_BODY id=30 off=790 00000000000000000000000000000000
N3GD_BODY id=30 off=7a0 00000000000000000000000000000000
N3GD_BODY id=30 off=7b0 00000000000000000000000000000000
N3GD_BODY id=30 off=7c0 00000000000000000000000000000000
N3GD_BODY id=30 off=7d0 00000000000000000000000000000000
N3GD_BODY id=30 off=7e0 00000000000000000000000000000000
N3GD_BODY id=30 off=7f0 00000000000000000000000000000000
N3GD_OOB id=30 off=000 000000000000000000000000e5ab0678
N3GD_OOB id=30 off=010 0a52efac2207c7a2053adbc8606282c5
N3GD_OOB id=30 off=020 374bcde4a25178a6eb7e94b8b7fa1e2e
N3GD_OOB id=30 off=030 eddbaafff14d9b9ea7ce563d3b3c79fe
N3GD_END id=30
N3GD_BEGIN id=31 kind=cand j=462 v=0383 po=290 sl=4294967295 l0=00009C00 tgt=0000A07E bank=2 pb=1324 pp=72 phy=169544 shift=4294967295 t=00 ix=0000 u=00000000 l=00000000
N3GD_BODY id=31 off=000 00000000000000000000000000000000
N3GD_BODY id=31 off=010 00000000000000000000000000000000
N3GD_BODY id=31 off=020 00000000000000000000000000000000
N3GD_BODY id=31 off=030 00000000000000000000000000000000
N3GD_BODY id=31 off=040 00000000000000000000000000000000
N3GD_BODY id=31 off=050 00000000000000000000000000000000
N3GD_BODY id=31 off=060 00000000000000000000000000000000
N3GD_BODY id=31 off=070 00000000000000000000000000000000
N3GD_BODY id=31 off=080 00000000000000000000000000000000
N3GD_BODY id=31 off=090 00000000000000000000000000000000
N3GD_BODY id=31 off=0a0 00000000000000000000000000000000
N3GD_BODY id=31 off=0b0 00000000000000000000000000000000
N3GD_BODY id=31 off=0c0 00000000000000000000000000000000
N3GD_BODY id=31 off=0d0 00000000000000000000000000000000
N3GD_BODY id=31 off=0e0 00000000000000000000000000000000
N3GD_BODY id=31 off=0f0 00000000000000000000000000000000
N3GD_BODY id=31 off=100 00000000000000000000000000000000
N3GD_BODY id=31 off=110 00000000000000000000000000000000
N3GD_BODY id=31 off=120 00000000000000000000000000000000
N3GD_BODY id=31 off=130 00000000000000000000000000000000
N3GD_BODY id=31 off=140 00000000000000000000000000000000
N3GD_BODY id=31 off=150 00000000000000000000000000000000
N3GD_BODY id=31 off=160 00000000000000000000000000000000
N3GD_BODY id=31 off=170 00000000000000000000000000000000
N3GD_BODY id=31 off=180 00000000000000000000000000000000
N3GD_BODY id=31 off=190 00000000000000000000000000000000
N3GD_BODY id=31 off=1a0 00000000000000000000000000000000
N3GD_BODY id=31 off=1b0 00000000000000000000000000000000
N3GD_BODY id=31 off=1c0 00000000000000000000000000000000
N3GD_BODY id=31 off=1d0 00000000000000000000000000000000
N3GD_BODY id=31 off=1e0 00000000000000000000000000000000
N3GD_BODY id=31 off=1f0 00000000000000000000000000000000
N3GD_BODY id=31 off=200 00000000000000000000000000000000
N3GD_BODY id=31 off=210 00000000000000000000000000000000
N3GD_BODY id=31 off=220 00000000000000000000000000000000
N3GD_BODY id=31 off=230 00000000000000000000000000000000
N3GD_BODY id=31 off=240 00000000000000000000000000000000
N3GD_BODY id=31 off=250 00000000000000000000000000000000
N3GD_BODY id=31 off=260 00000000000000000000000000000000
N3GD_BODY id=31 off=270 00000000000000000000000000000000
N3GD_BODY id=31 off=280 00000000000000000000000000000000
N3GD_BODY id=31 off=290 00000000000000000000000000000000
N3GD_BODY id=31 off=2a0 00000000000000000000000000000000
N3GD_BODY id=31 off=2b0 00000000000000000000000000000000
N3GD_BODY id=31 off=2c0 00000000000000000000000000000000
N3GD_BODY id=31 off=2d0 00000000000000000000000000000000
N3GD_BODY id=31 off=2e0 00000000000000000000000000000000
N3GD_BODY id=31 off=2f0 00000000000000000000000000000000
N3GD_BODY id=31 off=300 00000000000000000000000000000000
N3GD_BODY id=31 off=310 00000000000000000000000000000000
N3GD_BODY id=31 off=320 00000000000000000000000000000000
N3GD_BODY id=31 off=330 00000000000000000000000000000000
N3GD_BODY id=31 off=340 00000000000000000000000000000000
N3GD_BODY id=31 off=350 00000000000000000000000000000000
N3GD_BODY id=31 off=360 00000000000000000000000000000000
N3GD_BODY id=31 off=370 00000000000000000000000000000000
N3GD_BODY id=31 off=380 00000000000000000000000000000000
N3GD_BODY id=31 off=390 00000000000000000000000000000000
N3GD_BODY id=31 off=3a0 00000000000000000000000000000000
N3GD_BODY id=31 off=3b0 00000000000000000000000000000000
N3GD_BODY id=31 off=3c0 00000000000000000000000000000000
N3GD_BODY id=31 off=3d0 00000000000000000000000000000000
N3GD_BODY id=31 off=3e0 00000000000000000000000000000000
N3GD_BODY id=31 off=3f0 00000000000000000000000000000000
N3GD_BODY id=31 off=400 00000000000000000000000000000000
N3GD_BODY id=31 off=410 00000000000000000000000000000000
N3GD_BODY id=31 off=420 00000000000000000000000000000000
N3GD_BODY id=31 off=430 00000000000000000000000000000000
N3GD_BODY id=31 off=440 00000000000000000000000000000000
N3GD_BODY id=31 off=450 00000000000000000000000000000000
N3GD_BODY id=31 off=460 00000000000000000000000000000000
N3GD_BODY id=31 off=470 00000000000000000000000000000000
N3GD_BODY id=31 off=480 00000000000000000000000000000000
N3GD_BODY id=31 off=490 00000000000000000000000000000000
N3GD_BODY id=31 off=4a0 00000000000000000000000000000000
N3GD_BODY id=31 off=4b0 00000000000000000000000000000000
N3GD_BODY id=31 off=4c0 00000000000000000000000000000000
N3GD_BODY id=31 off=4d0 00000000000000000000000000000000
N3GD_BODY id=31 off=4e0 00000000000000000000000000000000
N3GD_BODY id=31 off=4f0 00000000000000000000000000000000
N3GD_BODY id=31 off=500 00000000000000000000000000000000
N3GD_BODY id=31 off=510 00000000000000000000000000000000
N3GD_BODY id=31 off=520 00000000000000000000000000000000
N3GD_BODY id=31 off=530 00000000000000000000000000000000
N3GD_BODY id=31 off=540 00000000000000000000000000000000
N3GD_BODY id=31 off=550 00000000000000000000000000000000
N3GD_BODY id=31 off=560 00000000000000000000000000000000
N3GD_BODY id=31 off=570 00000000000000000000000000000000
N3GD_BODY id=31 off=580 00000000000000000000000000000000
N3GD_BODY id=31 off=590 00000000000000000000000000000000
N3GD_BODY id=31 off=5a0 00000000000000000000000000000000
N3GD_BODY id=31 off=5b0 00000000000000000000000000000000
N3GD_BODY id=31 off=5c0 00000000000000000000000000000000
N3GD_BODY id=31 off=5d0 00000000000000000000000000000000
N3GD_BODY id=31 off=5e0 00000000000000000000000000000000
N3GD_BODY id=31 off=5f0 00000000000000000000000000000000
N3GD_BODY id=31 off=600 00000000000000000000000000000000
N3GD_BODY id=31 off=610 00000000000000000000000000000000
N3GD_BODY id=31 off=620 00000000000000000000000000000000
N3GD_BODY id=31 off=630 00000000000000000000000000000000
N3GD_BODY id=31 off=640 00000000000000000000000000000000
N3GD_BODY id=31 off=650 00000000000000000000000000000000
N3GD_BODY id=31 off=660 00000000000000000000000000000000
N3GD_BODY id=31 off=670 00000000000000000000000000000000
N3GD_BODY id=31 off=680 00000000000000000000000000000000
N3GD_BODY id=31 off=690 00000000000000000000000000000000
N3GD_BODY id=31 off=6a0 00000000000000000000000000000000
N3GD_BODY id=31 off=6b0 00000000000000000000000000000000
N3GD_BODY id=31 off=6c0 00000000000000000000000000000000
N3GD_BODY id=31 off=6d0 00000000000000000000000000000000
N3GD_BODY id=31 off=6e0 00000000000000000000000000000000
N3GD_BODY id=31 off=6f0 00000000000000000000000000000000
N3GD_BODY id=31 off=700 00000000000000000000000000000000
N3GD_BODY id=31 off=710 00000000000000000000000000000000
N3GD_BODY id=31 off=720 00000000000000000000000000000000
N3GD_BODY id=31 off=730 00000000000000000000000000000000
N3GD_BODY id=31 off=740 00000000000000000000000000000000
N3GD_BODY id=31 off=750 00000000000000000000000000000000
N3GD_BODY id=31 off=760 00000000000000000000000000000000
N3GD_BODY id=31 off=770 00000000000000000000000000000000
N3GD_BODY id=31 off=780 00000000000000000000000000000000
N3GD_BODY id=31 off=790 00000000000000000000000000000000
N3GD_BODY id=31 off=7a0 00000000000000000000000000000000
N3GD_BODY id=31 off=7b0 00000000000000000000000000000000
N3GD_BODY id=31 off=7c0 00000000000000000000000000000000
N3GD_BODY id=31 off=7d0 00000000000000000000000000000000
N3GD_BODY id=31 off=7e0 00000000000000000000000000000000
N3GD_BODY id=31 off=7f0 00000000000000000000000000000000
N3GD_OOB id=31 off=000 000000000000000000000000e5ab0678
N3GD_OOB id=31 off=010 0a52efac2207c7a2053adbc8606282c5
N3GD_OOB id=31 off=020 374bcde4a25178a6eb7e94b8b7fa1e2e
N3GD_OOB id=31 off=030 eddbaafff14d9b9ea7ce563d3b3c79fe
N3GD_END id=31
N3GD_BEGIN id=32 kind=cand j=462 v=0383 po=291 sl=4294967295 l0=00009C00 tgt=0000A07E bank=3 pb=1324 pp=72 phy=169544 shift=4294967295 t=00 ix=0000 u=00000000 l=00000000
N3GD_BODY id=32 off=000 00000000000000000000000000000000
N3GD_BODY id=32 off=010 00000000000000000000000000000000
N3GD_BODY id=32 off=020 00000000000000000000000000000000
N3GD_BODY id=32 off=030 00000000000000000000000000000000
N3GD_BODY id=32 off=040 00000000000000000000000000000000
N3GD_BODY id=32 off=050 00000000000000000000000000000000
N3GD_BODY id=32 off=060 00000000000000000000000000000000
N3GD_BODY id=32 off=070 00000000000000000000000000000000
N3GD_BODY id=32 off=080 00000000000000000000000000000000
N3GD_BODY id=32 off=090 00000000000000000000000000000000
N3GD_BODY id=32 off=0a0 00000000000000000000000000000000
N3GD_BODY id=32 off=0b0 00000000000000000000000000000000
N3GD_BODY id=32 off=0c0 00000000000000000000000000000000
N3GD_BODY id=32 off=0d0 00000000000000000000000000000000
N3GD_BODY id=32 off=0e0 00000000000000000000000000000000
N3GD_BODY id=32 off=0f0 00000000000000000000000000000000
N3GD_BODY id=32 off=100 00000000000000000000000000000000
N3GD_BODY id=32 off=110 00000000000000000000000000000000
N3GD_BODY id=32 off=120 00000000000000000000000000000000
N3GD_BODY id=32 off=130 00000000000000000000000000000000
N3GD_BODY id=32 off=140 00000000000000000000000000000000
N3GD_BODY id=32 off=150 00000000000000000000000000000000
N3GD_BODY id=32 off=160 00000000000000000000000000000000
N3GD_BODY id=32 off=170 00000000000000000000000000000000
N3GD_BODY id=32 off=180 00000000000000000000000000000000
N3GD_BODY id=32 off=190 00000000000000000000000000000000
N3GD_BODY id=32 off=1a0 00000000000000000000000000000000
N3GD_BODY id=32 off=1b0 00000000000000000000000000000000
N3GD_BODY id=32 off=1c0 00000000000000000000000000000000
N3GD_BODY id=32 off=1d0 00000000000000000000000000000000
N3GD_BODY id=32 off=1e0 00000000000000000000000000000000
N3GD_BODY id=32 off=1f0 00000000000000000000000000000000
N3GD_BODY id=32 off=200 00000000000000000000000000000000
N3GD_BODY id=32 off=210 00000000000000000000000000000000
N3GD_BODY id=32 off=220 00000000000000000000000000000000
N3GD_BODY id=32 off=230 00000000000000000000000000000000
N3GD_BODY id=32 off=240 00000000000000000000000000000000
N3GD_BODY id=32 off=250 00000000000000000000000000000000
N3GD_BODY id=32 off=260 00000000000000000000000000000000
N3GD_BODY id=32 off=270 00000000000000000000000000000000
N3GD_BODY id=32 off=280 00000000000000000000000000000000
N3GD_BODY id=32 off=290 00000000000000000000000000000000
N3GD_BODY id=32 off=2a0 00000000000000000000000000000000
N3GD_BODY id=32 off=2b0 00000000000000000000000000000000
N3GD_BODY id=32 off=2c0 00000000000000000000000000000000
N3GD_BODY id=32 off=2d0 00000000000000000000000000000000
N3GD_BODY id=32 off=2e0 00000000000000000000000000000000
N3GD_BODY id=32 off=2f0 00000000000000000000000000000000
N3GD_BODY id=32 off=300 00000000000000000000000000000000
N3GD_BODY id=32 off=310 00000000000000000000000000000000
N3GD_BODY id=32 off=320 00000000000000000000000000000000
N3GD_BODY id=32 off=330 00000000000000000000000000000000
N3GD_BODY id=32 off=340 00000000000000000000000000000000
N3GD_BODY id=32 off=350 00000000000000000000000000000000
N3GD_BODY id=32 off=360 00000000000000000000000000000000
N3GD_BODY id=32 off=370 00000000000000000000000000000000
N3GD_BODY id=32 off=380 00000000000000000000000000000000
N3GD_BODY id=32 off=390 00000000000000000000000000000000
N3GD_BODY id=32 off=3a0 00000000000000000000000000000000
N3GD_BODY id=32 off=3b0 00000000000000000000000000000000
N3GD_BODY id=32 off=3c0 00000000000000000000000000000000
N3GD_BODY id=32 off=3d0 00000000000000000000000000000000
N3GD_BODY id=32 off=3e0 00000000000000000000000000000000
N3GD_BODY id=32 off=3f0 00000000000000000000000000000000
N3GD_BODY id=32 off=400 00000000000000000000000000000000
N3GD_BODY id=32 off=410 00000000000000000000000000000000
N3GD_BODY id=32 off=420 00000000000000000000000000000000
N3GD_BODY id=32 off=430 00000000000000000000000000000000
N3GD_BODY id=32 off=440 00000000000000000000000000000000
N3GD_BODY id=32 off=450 00000000000000000000000000000000
N3GD_BODY id=32 off=460 00000000000000000000000000000000
N3GD_BODY id=32 off=470 00000000000000000000000000000000
N3GD_BODY id=32 off=480 00000000000000000000000000000000
N3GD_BODY id=32 off=490 00000000000000000000000000000000
N3GD_BODY id=32 off=4a0 00000000000000000000000000000000
N3GD_BODY id=32 off=4b0 00000000000000000000000000000000
N3GD_BODY id=32 off=4c0 00000000000000000000000000000000
N3GD_BODY id=32 off=4d0 00000000000000000000000000000000
N3GD_BODY id=32 off=4e0 00000000000000000000000000000000
N3GD_BODY id=32 off=4f0 00000000000000000000000000000000
N3GD_BODY id=32 off=500 00000000000000000000000000000000
N3GD_BODY id=32 off=510 00000000000000000000000000000000
N3GD_BODY id=32 off=520 00000000000000000000000000000000
N3GD_BODY id=32 off=530 00000000000000000000000000000000
N3GD_BODY id=32 off=540 00000000000000000000000000000000
N3GD_BODY id=32 off=550 00000000000000000000000000000000
N3GD_BODY id=32 off=560 00000000000000000000000000000000
N3GD_BODY id=32 off=570 00000000000000000000000000000000
N3GD_BODY id=32 off=580 00000000000000000000000000000000
N3GD_BODY id=32 off=590 00000000000000000000000000000000
N3GD_BODY id=32 off=5a0 00000000000000000000000000000000
N3GD_BODY id=32 off=5b0 00000000000000000000000000000000
N3GD_BODY id=32 off=5c0 00000000000000000000000000000000
N3GD_BODY id=32 off=5d0 00000000000000000000000000000000
N3GD_BODY id=32 off=5e0 00000000000000000000000000000000
N3GD_BODY id=32 off=5f0 00000000000000000000000000000000
N3GD_BODY id=32 off=600 00000000000000000000000000000000
N3GD_BODY id=32 off=610 00000000000000000000000000000000
N3GD_BODY id=32 off=620 00000000000000000000000000000000
N3GD_BODY id=32 off=630 00000000000000000000000000000000
N3GD_BODY id=32 off=640 00000000000000000000000000000000
N3GD_BODY id=32 off=650 00000000000000000000000000000000
N3GD_BODY id=32 off=660 00000000000000000000000000000000
N3GD_BODY id=32 off=670 00000000000000000000000000000000
N3GD_BODY id=32 off=680 00000000000000000000000000000000
N3GD_BODY id=32 off=690 00000000000000000000000000000000
N3GD_BODY id=32 off=6a0 00000000000000000000000000000000
N3GD_BODY id=32 off=6b0 00000000000000000000000000000000
N3GD_BODY id=32 off=6c0 00000000000000000000000000000000
N3GD_BODY id=32 off=6d0 00000000000000000000000000000000
N3GD_BODY id=32 off=6e0 00000000000000000000000000000000
N3GD_BODY id=32 off=6f0 00000000000000000000000000000000
N3GD_BODY id=32 off=700 00000000000000000000000000000000
N3GD_BODY id=32 off=710 00000000000000000000000000000000
N3GD_BODY id=32 off=720 00000000000000000000000000000000
N3GD_BODY id=32 off=730 00000000000000000000000000000000
N3GD_BODY id=32 off=740 00000000000000000000000000000000
N3GD_BODY id=32 off=750 00000000000000000000000000000000
N3GD_BODY id=32 off=760 00000000000000000000000000000000
N3GD_BODY id=32 off=770 00000000000000000000000000000000
N3GD_BODY id=32 off=780 00000000000000000000000000000000
N3GD_BODY id=32 off=790 00000000000000000000000000000000
N3GD_BODY id=32 off=7a0 00000000000000000000000000000000
N3GD_BODY id=32 off=7b0 00000000000000000000000000000000
N3GD_BODY id=32 off=7c0 00000000000000000000000000000000
N3GD_BODY id=32 off=7d0 00000000000000000000000000000000
N3GD_BODY id=32 off=7e0 00000000000000000000000000000000
N3GD_BODY id=32 off=7f0 00000000000000000000000000000000
N3GD_OOB id=32 off=000 000000000000000000000000e5ab0678
N3GD_OOB id=32 off=010 0a52efac2207c7a2053adbc8606282c5
N3GD_OOB id=32 off=020 374bcde4a25178a6eb7e94b8b7fa1e2e
N3GD_OOB id=32 off=030 eddbaafff14d9b9ea7ce563d3b3c79fe
N3GD_END id=32
N3GD_BEGIN id=33 kind=cand j=462 v=0383 po=292 sl=4294967295 l0=00009C00 tgt=0000A07E bank=0 pb=1324 pp=73 phy=169545 shift=4294967295 t=40 ix=DE3C u=00009E48 l=00009E48
N3GD_BODY id=33 off=000 1a67f20b4b81abb2ef6dd3248bcc4d9d
N3GD_BODY id=33 off=010 4a70a3ecb8d1969ddc7495322a10daaa
N3GD_BODY id=33 off=020 d2bcb935a61655a1625c3b1267b6beff
N3GD_BODY id=33 off=030 f50914bec3d36244efd04ac66299194d
N3GD_BODY id=33 off=040 f5ec83344faad7e3f7abc74086792fc0
N3GD_BODY id=33 off=050 e5b89703b8dcaece926727fd9bc315b1
N3GD_BODY id=33 off=060 b3c35f1736ad153d1e79303ac161b6c3
N3GD_BODY id=33 off=070 1d9cfdae831447c183062d3769029951
N3GD_BODY id=33 off=080 0eff1874a98423bd456b4993b47c00ca
N3GD_BODY id=33 off=090 92fc8005be5d40d58548b60e936e4ec5
N3GD_BODY id=33 off=0a0 d9d89b278af340a2cbed0fef4b2e8324
N3GD_BODY id=33 off=0b0 38830ddbb93be66981ae3552c58737d8
N3GD_BODY id=33 off=0c0 f47ecb127ef5d00568d89ec9be9f7cb5
N3GD_BODY id=33 off=0d0 8dd4878805352415af04ea62d1841ee2
N3GD_BODY id=33 off=0e0 8ba467375d28856a332d620fc077e4d2
N3GD_BODY id=33 off=0f0 c92237cb3617a0cee41db0e1669969fa
N3GD_BODY id=33 off=100 8b50be77845971e20842cdcdfe3d8cac
N3GD_BODY id=33 off=110 844d8a94030d4588fa70960206658937
N3GD_BODY id=33 off=120 35ae53818f9989c6a190dfc1632c6e1e
N3GD_BODY id=33 off=130 1297192f8bf17c4f25abae29b6b6025b
N3GD_BODY id=33 off=140 436fdcd4bc0951cd1165cc8890cffcb3
N3GD_BODY id=33 off=150 9d54460e45ef3e3b03d4daaf79d4668f
N3GD_BODY id=33 off=160 029954889e3ad305e05e82b8727005b6
N3GD_BODY id=33 off=170 86ee6706f5a89dc4dc6e836e7f324db7
N3GD_BODY id=33 off=180 4701c1b4401378fd54598bb6204996f7
N3GD_BODY id=33 off=190 1c53eb0aa4dc8b77cf0886b88135aa74
N3GD_BODY id=33 off=1a0 1df34ac040c299c174c8c95513548f29
N3GD_BODY id=33 off=1b0 37b2be078af5c6bb7cf0e13507b51465
N3GD_BODY id=33 off=1c0 1440fbf4042f22862dc9ae34103b84b4
N3GD_BODY id=33 off=1d0 8e36138a17d56360d0530b130952aaf7
N3GD_BODY id=33 off=1e0 931f100433550c87bd752efd35da5b1e
N3GD_BODY id=33 off=1f0 8ee54dbc3d3150f2811f42428cb99ad8
N3GD_BODY id=33 off=200 a03637974a91cd0a6a87536acc99e2d7
N3GD_BODY id=33 off=210 05149085516e31f26295b5cb585fe29c
N3GD_BODY id=33 off=220 9f6b39135bc1614be48df01707f12299
N3GD_BODY id=33 off=230 c4c9aff97f427b8724c6b5f85a06cdbd
N3GD_BODY id=33 off=240 2129aea09d2366fc40da51fc53a66746
N3GD_BODY id=33 off=250 dda8a84cda66d5ad9ba226e7fc343d5d
N3GD_BODY id=33 off=260 98be98972790490a88e237c3e0b5da3f
N3GD_BODY id=33 off=270 e7deb3a2899235e8edeca4b13eb7eaa8
N3GD_BODY id=33 off=280 b12b7c3913010831f326b6824ad5cc18
N3GD_BODY id=33 off=290 a9f89d686589b80bbe2d6269e1509d26
N3GD_BODY id=33 off=2a0 0e82767201b630bdd3fb981dc2a025d0
N3GD_BODY id=33 off=2b0 6fc0f4d63144d016e0d889fd6b34dd5f
N3GD_BODY id=33 off=2c0 81e2de09cd6081dd98967d6d6b5254a5
N3GD_BODY id=33 off=2d0 ad761136da7dee1d1bf0010db410a3b4
N3GD_BODY id=33 off=2e0 4471a9ec193c2d1347c56168cb030524
N3GD_BODY id=33 off=2f0 613fad380419fe259ca1a1a35b01c58f
N3GD_BODY id=33 off=300 22642c0287166cea4160eb345f1c5445
N3GD_BODY id=33 off=310 9a6a68c29f1b6167e6e7dfb201a39268
N3GD_BODY id=33 off=320 deab628dbf67aa2ced09d14a1dd133b0
N3GD_BODY id=33 off=330 669409f461f5a1fc6a99bf9e223eed52
N3GD_BODY id=33 off=340 2711c70f640f12c47615100165422603
N3GD_BODY id=33 off=350 c2971a7f52dfd34d55d62b6b4902df43
N3GD_BODY id=33 off=360 3336c9f4126f9873eae151912bc6eed1
N3GD_BODY id=33 off=370 78bc7a2857d8c95df01f8a7ad3a68a75
N3GD_BODY id=33 off=380 ee40bdbf0b3799cc79bdcb722ba6c475
N3GD_BODY id=33 off=390 ae658da39c0e568ca82e58bba5a124b2
N3GD_BODY id=33 off=3a0 e5517300bc0aed7cd0f8bf81eb147d5c
N3GD_BODY id=33 off=3b0 1fb5b0deb9c5634d8ed1bb3da7a66892
N3GD_BODY id=33 off=3c0 f28e76163b498168b8b5206c8a28db44
N3GD_BODY id=33 off=3d0 45eefc30ae4a1d1ad601a54c856b3926
N3GD_BODY id=33 off=3e0 107e2fef202a58e64b4edae95a48ae51
N3GD_BODY id=33 off=3f0 5531004369c752997c7a79100ed9380a
N3GD_BODY id=33 off=400 56b069eaa781006a680a515b7d08196b
N3GD_BODY id=33 off=410 e46451a7d66db342ad47dba174f4b538
N3GD_BODY id=33 off=420 6ea539d13345e20305d8048554c21fc4
N3GD_BODY id=33 off=430 7ef8fd2cd1770fff3455ba4fd76dd9cb
N3GD_BODY id=33 off=440 bbfd327979e02ed15a6437ff5d4ba81b
N3GD_BODY id=33 off=450 5fe005134372942eafe5d2b91a864440
N3GD_BODY id=33 off=460 4ceacc521edef30c49b508eceb77469e
N3GD_BODY id=33 off=470 5efc8d65ade0e5818dd13c1243990a6f
N3GD_BODY id=33 off=480 261c1499a5721d38e23f504170833ee2
N3GD_BODY id=33 off=490 a0764ce97b3d3de81ef7685a8ddedad6
N3GD_BODY id=33 off=4a0 c516bf055e239a86e740c9213887f2a3
N3GD_BODY id=33 off=4b0 a9f8de700c6812f5c4b2b67573e1bdb3
N3GD_BODY id=33 off=4c0 c161246e6fb916325f3898333fd73e3e
N3GD_BODY id=33 off=4d0 4780bf3f4fba749cb3094fb4a2377b46
N3GD_BODY id=33 off=4e0 26ebe265cc477690b54e0bdbb44c183f
N3GD_BODY id=33 off=4f0 8041f83a69fa68c2ea31ed07c28e2f58
N3GD_BODY id=33 off=500 1e9769843c5b018d549687cd67d60337
N3GD_BODY id=33 off=510 7f18a977516452ed3cb61e21690e8aae
N3GD_BODY id=33 off=520 65138b0bfcba171406dbc3cc37f4096b
N3GD_BODY id=33 off=530 7efdd431aeb1ef326a7bad9ddb111143
N3GD_BODY id=33 off=540 58d158972f53fc20cac6629fce587a84
N3GD_BODY id=33 off=550 a3bc511c66feb8ae0bb528684e85d162
N3GD_BODY id=33 off=560 b2e9e01041ccc48c1a4c0ec11ce8cddd
N3GD_BODY id=33 off=570 e4f0fe8f1e94fdc8b9c0460ee1694033
N3GD_BODY id=33 off=580 b98d3bda2dc6a2fc093af560c6116d35
N3GD_BODY id=33 off=590 97ae32922c4d9d4a0fd6781afeeaf5df
N3GD_BODY id=33 off=5a0 684b6689d7878a50b77fdc40340e0fe9
N3GD_BODY id=33 off=5b0 4a4491f906e3e8d4d8d75f5c7e4408e0
N3GD_BODY id=33 off=5c0 e1198d0536aed125ba817480b43b19a7
N3GD_BODY id=33 off=5d0 c85956ec6d9648af7cb45e3afb4b8ce4
N3GD_BODY id=33 off=5e0 fda43a2ae2ceccfc37a051336d56f761
N3GD_BODY id=33 off=5f0 4719a8a6bee7e6643005e46019ca18bd
N3GD_BODY id=33 off=600 69ceaf081f7039d203b352981b068fec
N3GD_BODY id=33 off=610 242c8713b907470312ad8676122f4789
N3GD_BODY id=33 off=620 9690d82cbb08362afeddcfd0cc57d02a
N3GD_BODY id=33 off=630 e61afd131fa92a318c1a533c7eba8c87
N3GD_BODY id=33 off=640 c7644cd649fb4ff06b03130efe3ef471
N3GD_BODY id=33 off=650 b5c3094c05a0e0970062469bd1956778
N3GD_BODY id=33 off=660 1f5f32884d782a74a1c132b51fa5efd3
N3GD_BODY id=33 off=670 0ac2c62fd8ce65e5d83f8e278748d9cf
N3GD_BODY id=33 off=680 e64af9d4be380ed6cb294b76d5600ec6
N3GD_BODY id=33 off=690 df8b5377fe3b9ad54fe45798b64cca06
N3GD_BODY id=33 off=6a0 1a02f5f275ea3960ca0c7a078f5ed341
N3GD_BODY id=33 off=6b0 be5bca084b63eac6e114d187846c18b3
N3GD_BODY id=33 off=6c0 dbaf0f8532f241d68aebe445c49a8165
N3GD_BODY id=33 off=6d0 8a980c054ee897bfd518ad4fcc6d35cd
N3GD_BODY id=33 off=6e0 ed463811745a5ce0b7d8eb91513c7ec8
N3GD_BODY id=33 off=6f0 bb66033b9fb8fd06666bc9ca47b3363e
N3GD_BODY id=33 off=700 d0659b5aacec47c8b8e9d5d3d4e30a41
N3GD_BODY id=33 off=710 fef2f96fc3ad1f398eeb9edfcfaeef1c
N3GD_BODY id=33 off=720 0d34dbe24cd7ee96a3d82bd67edeba6c
N3GD_BODY id=33 off=730 bd7d79d1e2a5ab194cb31129d29af92a
N3GD_BODY id=33 off=740 1ca5797aae210b65c40502c0ac83f9e0
N3GD_BODY id=33 off=750 58dac5f40d39d323fac8e61b732ad6d4
N3GD_BODY id=33 off=760 d7776bbab9dcff71f8a73e7c3cd1c753
N3GD_BODY id=33 off=770 885e1934413f17bfd7c5244ff475f7c9
N3GD_BODY id=33 off=780 116f8a986db13433f5aef12f0daf9013
N3GD_BODY id=33 off=790 c6c1bd6d23d309a4ee639d8ed083a972
N3GD_BODY id=33 off=7a0 c51dcd09b4efcb5a2eeb3bf9dfb9ab24
N3GD_BODY id=33 off=7b0 be1f023b8b23a821a16bd2525466ab95
N3GD_BODY id=33 off=7c0 798b922cd8a417735e2a6ec83428d88d
N3GD_BODY id=33 off=7d0 385062c291d3cbc3db0c01d544d7e321
N3GD_BODY id=33 off=7e0 f149d180355bb798bdc7e1ec54e9d06f
N3GD_BODY id=33 off=7f0 3466f2d0329e65fe72622d60836ccb57
N3GD_OOB id=33 off=000 489e00003cde0000ff40ffffe5ab0678
N3GD_OOB id=33 off=010 0a52efac2207c7a2053adbc8606282c5
N3GD_OOB id=33 off=020 374bcde4a25178a6eb7e94b8b7fa1e2e
N3GD_OOB id=33 off=030 eddbaafff14d9b9ea7ce563d3b3c79fe
N3GD_END id=33
N3GD_BEGIN id=34 kind=cand j=462 v=0383 po=293 sl=4294967295 l0=00009C00 tgt=0000A07E bank=1 pb=1324 pp=73 phy=169545 shift=4294967295 t=00 ix=0000 u=00000000 l=00000000
N3GD_BODY id=34 off=000 00000000000000000000000000000000
N3GD_BODY id=34 off=010 00000000000000000000000000000000
N3GD_BODY id=34 off=020 00000000000000000000000000000000
N3GD_BODY id=34 off=030 00000000000000000000000000000000
N3GD_BODY id=34 off=040 00000000000000000000000000000000
N3GD_BODY id=34 off=050 00000000000000000000000000000000
N3GD_BODY id=34 off=060 00000000000000000000000000000000
N3GD_BODY id=34 off=070 00000000000000000000000000000000
N3GD_BODY id=34 off=080 00000000000000000000000000000000
N3GD_BODY id=34 off=090 00000000000000000000000000000000
N3GD_BODY id=34 off=0a0 00000000000000000000000000000000
N3GD_BODY id=34 off=0b0 00000000000000000000000000000000
N3GD_BODY id=34 off=0c0 00000000000000000000000000000000
N3GD_BODY id=34 off=0d0 00000000000000000000000000000000
N3GD_BODY id=34 off=0e0 00000000000000000000000000000000
N3GD_BODY id=34 off=0f0 00000000000000000000000000000000
N3GD_BODY id=34 off=100 00000000000000000000000000000000
N3GD_BODY id=34 off=110 00000000000000000000000000000000
N3GD_BODY id=34 off=120 00000000000000000000000000000000
N3GD_BODY id=34 off=130 00000000000000000000000000000000
N3GD_BODY id=34 off=140 00000000000000000000000000000000
N3GD_BODY id=34 off=150 00000000000000000000000000000000
N3GD_BODY id=34 off=160 00000000000000000000000000000000
N3GD_BODY id=34 off=170 00000000000000000000000000000000
N3GD_BODY id=34 off=180 00000000000000000000000000000000
N3GD_BODY id=34 off=190 00000000000000000000000000000000
N3GD_BODY id=34 off=1a0 00000000000000000000000000000000
N3GD_BODY id=34 off=1b0 00000000000000000000000000000000
N3GD_BODY id=34 off=1c0 00000000000000000000000000000000
N3GD_BODY id=34 off=1d0 00000000000000000000000000000000
N3GD_BODY id=34 off=1e0 00000000000000000000000000000000
N3GD_BODY id=34 off=1f0 00000000000000000000000000000000
N3GD_BODY id=34 off=200 00000000000000000000000000000000
N3GD_BODY id=34 off=210 00000000000000000000000000000000
N3GD_BODY id=34 off=220 00000000000000000000000000000000
N3GD_BODY id=34 off=230 00000000000000000000000000000000
N3GD_BODY id=34 off=240 00000000000000000000000000000000
N3GD_BODY id=34 off=250 00000000000000000000000000000000
N3GD_BODY id=34 off=260 00000000000000000000000000000000
N3GD_BODY id=34 off=270 00000000000000000000000000000000
N3GD_BODY id=34 off=280 00000000000000000000000000000000
N3GD_BODY id=34 off=290 00000000000000000000000000000000
N3GD_BODY id=34 off=2a0 00000000000000000000000000000000
N3GD_BODY id=34 off=2b0 00000000000000000000000000000000
N3GD_BODY id=34 off=2c0 00000000000000000000000000000000
N3GD_BODY id=34 off=2d0 00000000000000000000000000000000
N3GD_BODY id=34 off=2e0 00000000000000000000000000000000
N3GD_BODY id=34 off=2f0 00000000000000000000000000000000
N3GD_BODY id=34 off=300 00000000000000000000000000000000
N3GD_BODY id=34 off=310 00000000000000000000000000000000
N3GD_BODY id=34 off=320 00000000000000000000000000000000
N3GD_BODY id=34 off=330 00000000000000000000000000000000
N3GD_BODY id=34 off=340 00000000000000000000000000000000
N3GD_BODY id=34 off=350 00000000000000000000000000000000
N3GD_BODY id=34 off=360 00000000000000000000000000000000
N3GD_BODY id=34 off=370 00000000000000000000000000000000
N3GD_BODY id=34 off=380 00000000000000000000000000000000
N3GD_BODY id=34 off=390 00000000000000000000000000000000
N3GD_BODY id=34 off=3a0 00000000000000000000000000000000
N3GD_BODY id=34 off=3b0 00000000000000000000000000000000
N3GD_BODY id=34 off=3c0 00000000000000000000000000000000
N3GD_BODY id=34 off=3d0 00000000000000000000000000000000
N3GD_BODY id=34 off=3e0 00000000000000000000000000000000
N3GD_BODY id=34 off=3f0 00000000000000000000000000000000
N3GD_BODY id=34 off=400 00000000000000000000000000000000
N3GD_BODY id=34 off=410 00000000000000000000000000000000
N3GD_BODY id=34 off=420 00000000000000000000000000000000
N3GD_BODY id=34 off=430 00000000000000000000000000000000
N3GD_BODY id=34 off=440 00000000000000000000000000000000
N3GD_BODY id=34 off=450 00000000000000000000000000000000
N3GD_BODY id=34 off=460 00000000000000000000000000000000
N3GD_BODY id=34 off=470 00000000000000000000000000000000
N3GD_BODY id=34 off=480 00000000000000000000000000000000
N3GD_BODY id=34 off=490 00000000000000000000000000000000
N3GD_BODY id=34 off=4a0 00000000000000000000000000000000
N3GD_BODY id=34 off=4b0 00000000000000000000000000000000
N3GD_BODY id=34 off=4c0 00000000000000000000000000000000
N3GD_BODY id=34 off=4d0 00000000000000000000000000000000
N3GD_BODY id=34 off=4e0 00000000000000000000000000000000
N3GD_BODY id=34 off=4f0 00000000000000000000000000000000
N3GD_BODY id=34 off=500 00000000000000000000000000000000
N3GD_BODY id=34 off=510 00000000000000000000000000000000
N3GD_BODY id=34 off=520 00000000000000000000000000000000
N3GD_BODY id=34 off=530 00000000000000000000000000000000
N3GD_BODY id=34 off=540 00000000000000000000000000000000
N3GD_BODY id=34 off=550 00000000000000000000000000000000
N3GD_BODY id=34 off=560 00000000000000000000000000000000
N3GD_BODY id=34 off=570 00000000000000000000000000000000
N3GD_BODY id=34 off=580 00000000000000000000000000000000
N3GD_BODY id=34 off=590 00000000000000000000000000000000
N3GD_BODY id=34 off=5a0 00000000000000000000000000000000
N3GD_BODY id=34 off=5b0 00000000000000000000000000000000
N3GD_BODY id=34 off=5c0 00000000000000000000000000000000
N3GD_BODY id=34 off=5d0 00000000000000000000000000000000
N3GD_BODY id=34 off=5e0 00000000000000000000000000000000
N3GD_BODY id=34 off=5f0 00000000000000000000000000000000
N3GD_BODY id=34 off=600 00000000000000000000000000000000
N3GD_BODY id=34 off=610 00000000000000000000000000000000
N3GD_BODY id=34 off=620 00000000000000000000000000000000
N3GD_BODY id=34 off=630 00000000000000000000000000000000
N3GD_BODY id=34 off=640 00000000000000000000000000000000
N3GD_BODY id=34 off=650 00000000000000000000000000000000
N3GD_BODY id=34 off=660 00000000000000000000000000000000
N3GD_BODY id=34 off=670 00000000000000000000000000000000
N3GD_BODY id=34 off=680 00000000000000000000000000000000
N3GD_BODY id=34 off=690 00000000000000000000000000000000
N3GD_BODY id=34 off=6a0 00000000000000000000000000000000
N3GD_BODY id=34 off=6b0 00000000000000000000000000000000
N3GD_BODY id=34 off=6c0 00000000000000000000000000000000
N3GD_BODY id=34 off=6d0 00000000000000000000000000000000
N3GD_BODY id=34 off=6e0 00000000000000000000000000000000
N3GD_BODY id=34 off=6f0 00000000000000000000000000000000
N3GD_BODY id=34 off=700 00000000000000000000000000000000
N3GD_BODY id=34 off=710 00000000000000000000000000000000
N3GD_BODY id=34 off=720 00000000000000000000000000000000
N3GD_BODY id=34 off=730 00000000000000000000000000000000
N3GD_BODY id=34 off=740 00000000000000000000000000000000
N3GD_BODY id=34 off=750 00000000000000000000000000000000
N3GD_BODY id=34 off=760 00000000000000000000000000000000
N3GD_BODY id=34 off=770 00000000000000000000000000000000
N3GD_BODY id=34 off=780 00000000000000000000000000000000
N3GD_BODY id=34 off=790 00000000000000000000000000000000
N3GD_BODY id=34 off=7a0 00000000000000000000000000000000
N3GD_BODY id=34 off=7b0 00000000000000000000000000000000
N3GD_BODY id=34 off=7c0 00000000000000000000000000000000
N3GD_BODY id=34 off=7d0 00000000000000000000000000000000
N3GD_BODY id=34 off=7e0 00000000000000000000000000000000
N3GD_BODY id=34 off=7f0 00000000000000000000000000000000
N3GD_OOB id=34 off=000 000000000000000000000000e5ab0678
N3GD_OOB id=34 off=010 0a52efac2207c7a2053adbc8606282c5
N3GD_OOB id=34 off=020 374bcde4a25178a6eb7e94b8b7fa1e2e
N3GD_OOB id=34 off=030 eddbaafff14d9b9ea7ce563d3b3c79fe
N3GD_END id=34
N3GD_BEGIN id=35 kind=cand j=462 v=0383 po=294 sl=4294967295 l0=00009C00 tgt=0000A07E bank=2 pb=1324 pp=73 phy=169545 shift=4294967295 t=00 ix=0000 u=00000000 l=00000000
N3GD_BODY id=35 off=000 00000000000000000000000000000000
N3GD_BODY id=35 off=010 00000000000000000000000000000000
N3GD_BODY id=35 off=020 00000000000000000000000000000000
N3GD_BODY id=35 off=030 00000000000000000000000000000000
N3GD_BODY id=35 off=040 00000000000000000000000000000000
N3GD_BODY id=35 off=050 00000000000000000000000000000000
N3GD_BODY id=35 off=060 00000000000000000000000000000000
N3GD_BODY id=35 off=070 00000000000000000000000000000000
N3GD_BODY id=35 off=080 00000000000000000000000000000000
N3GD_BODY id=35 off=090 00000000000000000000000000000000
N3GD_BODY id=35 off=0a0 00000000000000000000000000000000
N3GD_BODY id=35 off=0b0 00000000000000000000000000000000
N3GD_BODY id=35 off=0c0 00000000000000000000000000000000
N3GD_BODY id=35 off=0d0 00000000000000000000000000000000
N3GD_BODY id=35 off=0e0 00000000000000000000000000000000
N3GD_BODY id=35 off=0f0 00000000000000000000000000000000
N3GD_BODY id=35 off=100 00000000000000000000000000000000
N3GD_BODY id=35 off=110 00000000000000000000000000000000
N3GD_BODY id=35 off=120 00000000000000000000000000000000
N3GD_BODY id=35 off=130 00000000000000000000000000000000
N3GD_BODY id=35 off=140 00000000000000000000000000000000
N3GD_BODY id=35 off=150 00000000000000000000000000000000
N3GD_BODY id=35 off=160 00000000000000000000000000000000
N3GD_BODY id=35 off=170 00000000000000000000000000000000
N3GD_BODY id=35 off=180 00000000000000000000000000000000
N3GD_BODY id=35 off=190 00000000000000000000000000000000
N3GD_BODY id=35 off=1a0 00000000000000000000000000000000
N3GD_BODY id=35 off=1b0 00000000000000000000000000000000
N3GD_BODY id=35 off=1c0 00000000000000000000000000000000
N3GD_BODY id=35 off=1d0 00000000000000000000000000000000
N3GD_BODY id=35 off=1e0 00000000000000000000000000000000
N3GD_BODY id=35 off=1f0 00000000000000000000000000000000
N3GD_BODY id=35 off=200 00000000000000000000000000000000
N3GD_BODY id=35 off=210 00000000000000000000000000000000
N3GD_BODY id=35 off=220 00000000000000000000000000000000
N3GD_BODY id=35 off=230 00000000000000000000000000000000
N3GD_BODY id=35 off=240 00000000000000000000000000000000
N3GD_BODY id=35 off=250 00000000000000000000000000000000
N3GD_BODY id=35 off=260 00000000000000000000000000000000
N3GD_BODY id=35 off=270 00000000000000000000000000000000
N3GD_BODY id=35 off=280 00000000000000000000000000000000
N3GD_BODY id=35 off=290 00000000000000000000000000000000
N3GD_BODY id=35 off=2a0 00000000000000000000000000000000
N3GD_BODY id=35 off=2b0 00000000000000000000000000000000
N3GD_BODY id=35 off=2c0 00000000000000000000000000000000
N3GD_BODY id=35 off=2d0 00000000000000000000000000000000
N3GD_BODY id=35 off=2e0 00000000000000000000000000000000
N3GD_BODY id=35 off=2f0 00000000000000000000000000000000
N3GD_BODY id=35 off=300 00000000000000000000000000000000
N3GD_BODY id=35 off=310 00000000000000000000000000000000
N3GD_BODY id=35 off=320 00000000000000000000000000000000
N3GD_BODY id=35 off=330 00000000000000000000000000000000
N3GD_BODY id=35 off=340 00000000000000000000000000000000
N3GD_BODY id=35 off=350 00000000000000000000000000000000
N3GD_BODY id=35 off=360 00000000000000000000000000000000
N3GD_BODY id=35 off=370 00000000000000000000000000000000
N3GD_BODY id=35 off=380 00000000000000000000000000000000
N3GD_BODY id=35 off=390 00000000000000000000000000000000
N3GD_BODY id=35 off=3a0 00000000000000000000000000000000
N3GD_BODY id=35 off=3b0 00000000000000000000000000000000
N3GD_BODY id=35 off=3c0 00000000000000000000000000000000
N3GD_BODY id=35 off=3d0 00000000000000000000000000000000
N3GD_BODY id=35 off=3e0 00000000000000000000000000000000
N3GD_BODY id=35 off=3f0 00000000000000000000000000000000
N3GD_BODY id=35 off=400 00000000000000000000000000000000
N3GD_BODY id=35 off=410 00000000000000000000000000000000
N3GD_BODY id=35 off=420 00000000000000000000000000000000
N3GD_BODY id=35 off=430 00000000000000000000000000000000
N3GD_BODY id=35 off=440 00000000000000000000000000000000
N3GD_BODY id=35 off=450 00000000000000000000000000000000
N3GD_BODY id=35 off=460 00000000000000000000000000000000
N3GD_BODY id=35 off=470 00000000000000000000000000000000
N3GD_BODY id=35 off=480 00000000000000000000000000000000
N3GD_BODY id=35 off=490 00000000000000000000000000000000
N3GD_BODY id=35 off=4a0 00000000000000000000000000000000
N3GD_BODY id=35 off=4b0 00000000000000000000000000000000
N3GD_BODY id=35 off=4c0 00000000000000000000000000000000
N3GD_BODY id=35 off=4d0 00000000000000000000000000000000
N3GD_BODY id=35 off=4e0 00000000000000000000000000000000
N3GD_BODY id=35 off=4f0 00000000000000000000000000000000
N3GD_BODY id=35 off=500 00000000000000000000000000000000
N3GD_BODY id=35 off=510 00000000000000000000000000000000
N3GD_BODY id=35 off=520 00000000000000000000000000000000
N3GD_BODY id=35 off=530 00000000000000000000000000000000
N3GD_BODY id=35 off=540 00000000000000000000000000000000
N3GD_BODY id=35 off=550 00000000000000000000000000000000
N3GD_BODY id=35 off=560 00000000000000000000000000000000
N3GD_BODY id=35 off=570 00000000000000000000000000000000
N3GD_BODY id=35 off=580 00000000000000000000000000000000
N3GD_BODY id=35 off=590 00000000000000000000000000000000
N3GD_BODY id=35 off=5a0 00000000000000000000000000000000
N3GD_BODY id=35 off=5b0 00000000000000000000000000000000
N3GD_BODY id=35 off=5c0 00000000000000000000000000000000
N3GD_BODY id=35 off=5d0 00000000000000000000000000000000
N3GD_BODY id=35 off=5e0 00000000000000000000000000000000
N3GD_BODY id=35 off=5f0 00000000000000000000000000000000
N3GD_BODY id=35 off=600 00000000000000000000000000000000
N3GD_BODY id=35 off=610 00000000000000000000000000000000
N3GD_BODY id=35 off=620 00000000000000000000000000000000
N3GD_BODY id=35 off=630 00000000000000000000000000000000
N3GD_BODY id=35 off=640 00000000000000000000000000000000
N3GD_BODY id=35 off=650 00000000000000000000000000000000
N3GD_BODY id=35 off=660 00000000000000000000000000000000
N3GD_BODY id=35 off=670 00000000000000000000000000000000
N3GD_BODY id=35 off=680 00000000000000000000000000000000
N3GD_BODY id=35 off=690 00000000000000000000000000000000
N3GD_BODY id=35 off=6a0 00000000000000000000000000000000
N3GD_BODY id=35 off=6b0 00000000000000000000000000000000
N3GD_BODY id=35 off=6c0 00000000000000000000000000000000
N3GD_BODY id=35 off=6d0 00000000000000000000000000000000
N3GD_BODY id=35 off=6e0 00000000000000000000000000000000
N3GD_BODY id=35 off=6f0 00000000000000000000000000000000
N3GD_BODY id=35 off=700 00000000000000000000000000000000
N3GD_BODY id=35 off=710 00000000000000000000000000000000
N3GD_BODY id=35 off=720 00000000000000000000000000000000
N3GD_BODY id=35 off=730 00000000000000000000000000000000
N3GD_BODY id=35 off=740 00000000000000000000000000000000
N3GD_BODY id=35 off=750 00000000000000000000000000000000
N3GD_BODY id=35 off=760 00000000000000000000000000000000
N3GD_BODY id=35 off=770 00000000000000000000000000000000
N3GD_BODY id=35 off=780 00000000000000000000000000000000
N3GD_BODY id=35 off=790 00000000000000000000000000000000
N3GD_BODY id=35 off=7a0 00000000000000000000000000000000
N3GD_BODY id=35 off=7b0 00000000000000000000000000000000
N3GD_BODY id=35 off=7c0 00000000000000000000000000000000
N3GD_BODY id=35 off=7d0 00000000000000000000000000000000
N3GD_BODY id=35 off=7e0 00000000000000000000000000000000
N3GD_BODY id=35 off=7f0 00000000000000000000000000000000
N3GD_OOB id=35 off=000 000000000000000000000000e5ab0678
N3GD_OOB id=35 off=010 0a52efac2207c7a2053adbc8606282c5
N3GD_OOB id=35 off=020 374bcde4a25178a6eb7e94b8b7fa1e2e
N3GD_OOB id=35 off=030 eddbaafff14d9b9ea7ce563d3b3c79fe
N3GD_END id=35
N3GD_BEGIN id=36 kind=cand j=462 v=0383 po=295 sl=4294967295 l0=00009C00 tgt=0000A07E bank=3 pb=1324 pp=73 phy=169545 shift=4294967295 t=00 ix=0000 u=00000000 l=00000000
N3GD_BODY id=36 off=000 00000000000000000000000000000000
N3GD_BODY id=36 off=010 00000000000000000000000000000000
N3GD_BODY id=36 off=020 00000000000000000000000000000000
N3GD_BODY id=36 off=030 00000000000000000000000000000000
N3GD_BODY id=36 off=040 00000000000000000000000000000000
N3GD_BODY id=36 off=050 00000000000000000000000000000000
N3GD_BODY id=36 off=060 00000000000000000000000000000000
N3GD_BODY id=36 off=070 00000000000000000000000000000000
N3GD_BODY id=36 off=080 00000000000000000000000000000000
N3GD_BODY id=36 off=090 00000000000000000000000000000000
N3GD_BODY id=36 off=0a0 00000000000000000000000000000000
N3GD_BODY id=36 off=0b0 00000000000000000000000000000000
N3GD_BODY id=36 off=0c0 00000000000000000000000000000000
N3GD_BODY id=36 off=0d0 00000000000000000000000000000000
N3GD_BODY id=36 off=0e0 00000000000000000000000000000000
N3GD_BODY id=36 off=0f0 00000000000000000000000000000000
N3GD_BODY id=36 off=100 00000000000000000000000000000000
N3GD_BODY id=36 off=110 00000000000000000000000000000000
N3GD_BODY id=36 off=120 00000000000000000000000000000000
N3GD_BODY id=36 off=130 00000000000000000000000000000000
N3GD_BODY id=36 off=140 00000000000000000000000000000000
N3GD_BODY id=36 off=150 00000000000000000000000000000000
N3GD_BODY id=36 off=160 00000000000000000000000000000000
N3GD_BODY id=36 off=170 00000000000000000000000000000000
N3GD_BODY id=36 off=180 00000000000000000000000000000000
N3GD_BODY id=36 off=190 00000000000000000000000000000000
N3GD_BODY id=36 off=1a0 00000000000000000000000000000000
N3GD_BODY id=36 off=1b0 00000000000000000000000000000000
N3GD_BODY id=36 off=1c0 00000000000000000000000000000000
N3GD_BODY id=36 off=1d0 00000000000000000000000000000000
N3GD_BODY id=36 off=1e0 00000000000000000000000000000000
N3GD_BODY id=36 off=1f0 00000000000000000000000000000000
N3GD_BODY id=36 off=200 00000000000000000000000000000000
N3GD_BODY id=36 off=210 00000000000000000000000000000000
N3GD_BODY id=36 off=220 00000000000000000000000000000000
N3GD_BODY id=36 off=230 00000000000000000000000000000000
N3GD_BODY id=36 off=240 00000000000000000000000000000000
N3GD_BODY id=36 off=250 00000000000000000000000000000000
N3GD_BODY id=36 off=260 00000000000000000000000000000000
N3GD_BODY id=36 off=270 00000000000000000000000000000000
N3GD_BODY id=36 off=280 00000000000000000000000000000000
N3GD_BODY id=36 off=290 00000000000000000000000000000000
N3GD_BODY id=36 off=2a0 00000000000000000000000000000000
N3GD_BODY id=36 off=2b0 00000000000000000000000000000000
N3GD_BODY id=36 off=2c0 00000000000000000000000000000000
N3GD_BODY id=36 off=2d0 00000000000000000000000000000000
N3GD_BODY id=36 off=2e0 00000000000000000000000000000000
N3GD_BODY id=36 off=2f0 00000000000000000000000000000000
N3GD_BODY id=36 off=300 00000000000000000000000000000000
N3GD_BODY id=36 off=310 00000000000000000000000000000000
N3GD_BODY id=36 off=320 00000000000000000000000000000000
N3GD_BODY id=36 off=330 00000000000000000000000000000000
N3GD_BODY id=36 off=340 00000000000000000000000000000000
N3GD_BODY id=36 off=350 00000000000000000000000000000000
N3GD_BODY id=36 off=360 00000000000000000000000000000000
N3GD_BODY id=36 off=370 00000000000000000000000000000000
N3GD_BODY id=36 off=380 00000000000000000000000000000000
N3GD_BODY id=36 off=390 00000000000000000000000000000000
N3GD_BODY id=36 off=3a0 00000000000000000000000000000000
N3GD_BODY id=36 off=3b0 00000000000000000000000000000000
N3GD_BODY id=36 off=3c0 00000000000000000000000000000000
N3GD_BODY id=36 off=3d0 00000000000000000000000000000000
N3GD_BODY id=36 off=3e0 00000000000000000000000000000000
N3GD_BODY id=36 off=3f0 00000000000000000000000000000000
N3GD_BODY id=36 off=400 00000000000000000000000000000000
N3GD_BODY id=36 off=410 00000000000000000000000000000000
N3GD_BODY id=36 off=420 00000000000000000000000000000000
N3GD_BODY id=36 off=430 00000000000000000000000000000000
N3GD_BODY id=36 off=440 00000000000000000000000000000000
N3GD_BODY id=36 off=450 00000000000000000000000000000000
N3GD_BODY id=36 off=460 00000000000000000000000000000000
N3GD_BODY id=36 off=470 00000000000000000000000000000000
N3GD_BODY id=36 off=480 00000000000000000000000000000000
N3GD_BODY id=36 off=490 00000000000000000000000000000000
N3GD_BODY id=36 off=4a0 00000000000000000000000000000000
N3GD_BODY id=36 off=4b0 00000000000000000000000000000000
N3GD_BODY id=36 off=4c0 00000000000000000000000000000000
N3GD_BODY id=36 off=4d0 00000000000000000000000000000000
N3GD_BODY id=36 off=4e0 00000000000000000000000000000000
N3GD_BODY id=36 off=4f0 00000000000000000000000000000000
N3GD_BODY id=36 off=500 00000000000000000000000000000000
N3GD_BODY id=36 off=510 00000000000000000000000000000000
N3GD_BODY id=36 off=520 00000000000000000000000000000000
N3GD_BODY id=36 off=530 00000000000000000000000000000000
N3GD_BODY id=36 off=540 00000000000000000000000000000000
N3GD_BODY id=36 off=550 00000000000000000000000000000000
N3GD_BODY id=36 off=560 00000000000000000000000000000000
N3GD_BODY id=36 off=570 00000000000000000000000000000000
N3GD_BODY id=36 off=580 00000000000000000000000000000000
N3GD_BODY id=36 off=590 00000000000000000000000000000000
N3GD_BODY id=36 off=5a0 00000000000000000000000000000000
N3GD_BODY id=36 off=5b0 00000000000000000000000000000000
N3GD_BODY id=36 off=5c0 00000000000000000000000000000000
N3GD_BODY id=36 off=5d0 00000000000000000000000000000000
N3GD_BODY id=36 off=5e0 00000000000000000000000000000000
N3GD_BODY id=36 off=5f0 00000000000000000000000000000000
N3GD_BODY id=36 off=600 00000000000000000000000000000000
N3GD_BODY id=36 off=610 00000000000000000000000000000000
N3GD_BODY id=36 off=620 00000000000000000000000000000000
N3GD_BODY id=36 off=630 00000000000000000000000000000000
N3GD_BODY id=36 off=640 00000000000000000000000000000000
N3GD_BODY id=36 off=650 00000000000000000000000000000000
N3GD_BODY id=36 off=660 00000000000000000000000000000000
N3GD_BODY id=36 off=670 00000000000000000000000000000000
N3GD_BODY id=36 off=680 00000000000000000000000000000000
N3GD_BODY id=36 off=690 00000000000000000000000000000000
N3GD_BODY id=36 off=6a0 00000000000000000000000000000000
N3GD_BODY id=36 off=6b0 00000000000000000000000000000000
N3GD_BODY id=36 off=6c0 00000000000000000000000000000000
N3GD_BODY id=36 off=6d0 00000000000000000000000000000000
N3GD_BODY id=36 off=6e0 00000000000000000000000000000000
N3GD_BODY id=36 off=6f0 00000000000000000000000000000000
N3GD_BODY id=36 off=700 00000000000000000000000000000000
N3GD_BODY id=36 off=710 00000000000000000000000000000000
N3GD_BODY id=36 off=720 00000000000000000000000000000000
N3GD_BODY id=36 off=730 00000000000000000000000000000000
N3GD_BODY id=36 off=740 00000000000000000000000000000000
N3GD_BODY id=36 off=750 00000000000000000000000000000000
N3GD_BODY id=36 off=760 00000000000000000000000000000000
N3GD_BODY id=36 off=770 00000000000000000000000000000000
N3GD_BODY id=36 off=780 00000000000000000000000000000000
N3GD_BODY id=36 off=790 00000000000000000000000000000000
N3GD_BODY id=36 off=7a0 00000000000000000000000000000000
N3GD_BODY id=36 off=7b0 00000000000000000000000000000000
N3GD_BODY id=36 off=7c0 00000000000000000000000000000000
N3GD_BODY id=36 off=7d0 00000000000000000000000000000000
N3GD_BODY id=36 off=7e0 00000000000000000000000000000000
N3GD_BODY id=36 off=7f0 00000000000000000000000000000000
N3GD_OOB id=36 off=000 000000000000000000000000e5ab0678
N3GD_OOB id=36 off=010 0a52efac2207c7a2053adbc8606282c5
N3GD_OOB id=36 off=020 374bcde4a25178a6eb7e94b8b7fa1e2e
N3GD_OOB id=36 off=030 eddbaafff14d9b9ea7ce563d3b3c79fe
N3GD_END id=36
N3GD_BEGIN id=37 kind=cand j=462 v=0383 po=296 sl=4294967295 l0=00009C00 tgt=0000A07E bank=0 pb=1324 pp=74 phy=169546 shift=4294967295 t=40 ix=DE3C u=00009E50 l=00009E50
N3GD_BODY id=37 off=000 4fcaaa800bba9a0799ae1768dcf7ed00
N3GD_BODY id=37 off=010 c565b768c1da09fa4744f89b9ae419e2
N3GD_BODY id=37 off=020 ec1502cb7d7e502425162e110b2b4d4e
N3GD_BODY id=37 off=030 63d83f3878a225848604fb5542506624
N3GD_BODY id=37 off=040 cdfa6d58ed5516186fbb5a7b7e0b2c5f
N3GD_BODY id=37 off=050 1e680248493cd8112494f9a1e4a13403
N3GD_BODY id=37 off=060 0b1eb56b2675eefcf8d29066dc0a4564
N3GD_BODY id=37 off=070 a44b0dead39571b8933f190ff8b82a2c
N3GD_BODY id=37 off=080 5fea1313e9c3ccb4b99e1bb5c894cd50
N3GD_BODY id=37 off=090 2afa96ae6635811646fd55a96b568e92
N3GD_BODY id=37 off=0a0 8b3d60212cc6de1505adb74b5e480b24
N3GD_BODY id=37 off=0b0 02df515b66dd0da798bd653e8562b326
N3GD_BODY id=37 off=0c0 1c37a79085c6e75699839c6f6f98a8a2
N3GD_BODY id=37 off=0d0 bf103bfe23bc0a0c546a18f4ac1f8159
N3GD_BODY id=37 off=0e0 92a1940bcac3af763673f91183aeb89b
N3GD_BODY id=37 off=0f0 8c4a9efc7833e4754d2650b87a83a351
N3GD_BODY id=37 off=100 d7f3c9eb8684007c405a90fd57abd72f
N3GD_BODY id=37 off=110 05b9618bc1c09baf6a6767a632e60056
N3GD_BODY id=37 off=120 0f27d67833cbbd41eaff32c5662e6a67
N3GD_BODY id=37 off=130 f965753d18b2d8e32a098b19d04f7bdb
N3GD_BODY id=37 off=140 0cb5608e1297879e3a97282ca479549f
N3GD_BODY id=37 off=150 4bb317010164f9ca00bd5cc64041c542
N3GD_BODY id=37 off=160 c934b92e5dd97af6e4823e91acf40aee
N3GD_BODY id=37 off=170 7738be204a1c6b0eaf86ff2d344b77df
N3GD_BODY id=37 off=180 4b04d0706f45c607b5a95fd3531a66b4
N3GD_BODY id=37 off=190 0b630b8e4c5bfd8e1853bcc9bf0b3be7
N3GD_BODY id=37 off=1a0 06f0fedb1293324b21617fb2cc63349c
N3GD_BODY id=37 off=1b0 8090cabea99c61017195ea2f78aa950e
N3GD_BODY id=37 off=1c0 cd0018d54135bb5f379d47edb5691c92
N3GD_BODY id=37 off=1d0 5ad2312d913e643ce72fd299647fc50c
N3GD_BODY id=37 off=1e0 2eb885e7b4a12ed1e95d8d87eccae0af
N3GD_BODY id=37 off=1f0 a56eb0a9fd8d0911e4d2b1f1f0b54b3d
N3GD_BODY id=37 off=200 5d4ce7e2f1f645c7b6ff53299e17acf1
N3GD_BODY id=37 off=210 163ee56ce64c98e29dfb8ea558db6f40
N3GD_BODY id=37 off=220 c69baba6ec1204c5d2600694992c2583
N3GD_BODY id=37 off=230 db04b735faf24e38aba87400077e16bc
N3GD_BODY id=37 off=240 010308b9cc9ab3ecc3d24f83c47aec70
N3GD_BODY id=37 off=250 50da0fd550233534e7b71866da45b4fd
N3GD_BODY id=37 off=260 6dcae8af211956485e2fbccbd802d2ef
N3GD_BODY id=37 off=270 e5a8bdf514b139fddfc1425b00ea9655
N3GD_BODY id=37 off=280 c7afc32f65033e84b533cd07ecca78e2
N3GD_BODY id=37 off=290 cfcaada64ede0878283fc24e02e0abbd
N3GD_BODY id=37 off=2a0 7aae542f04e3ef494ecfb50ec8fd53ea
N3GD_BODY id=37 off=2b0 05813815c000d779704ad59d0028fd54
N3GD_BODY id=37 off=2c0 12674df1800380e72863f0b7b1bd6b86
N3GD_BODY id=37 off=2d0 11cf8ee69d12f9cbfdf53b6f5e4463e1
N3GD_BODY id=37 off=2e0 7152ea6de76b46962bd2fdc733dafc6d
N3GD_BODY id=37 off=2f0 c1599faf7b7631b2542f3eb60c578ed9
N3GD_BODY id=37 off=300 af8f7cbd68008fa966014c488d0bf3a7
N3GD_BODY id=37 off=310 30695e6fd32d38cbb31760a3115efc91
N3GD_BODY id=37 off=320 e5bc6db68fd8e7e651aa6cc8e8f13330
N3GD_BODY id=37 off=330 7fb734962096323b37388e12bfcd6343
N3GD_BODY id=37 off=340 7a571fb1c361928db510c44003aa4265
N3GD_BODY id=37 off=350 3b31f9f7005ecccf60764e4d29c03854
N3GD_BODY id=37 off=360 1ef4ef1e8136e071775062ef68cf9b50
N3GD_BODY id=37 off=370 cda5af59047e69c101dc1f6dd023a053
N3GD_BODY id=37 off=380 52158f2cdcd4e4b8049ba599e6439d95
N3GD_BODY id=37 off=390 8b89b6f030fad7ded4f92f0460e83f83
N3GD_BODY id=37 off=3a0 0fd4755db57ebeaa9b0302a869ec7c18
N3GD_BODY id=37 off=3b0 a1d1ea6a483879f5c9574acb52afacd7
N3GD_BODY id=37 off=3c0 e635f3a802626dbe69e9f75769de3385
N3GD_BODY id=37 off=3d0 995750c03ce19ef38d56be5e83487e82
N3GD_BODY id=37 off=3e0 47025f6bc629a056acc95c275c5c044a
N3GD_BODY id=37 off=3f0 abf3563b6e554901dc6f974eb62917d9
N3GD_BODY id=37 off=400 ed1f3bccafc744fb7fde44db916549a3
N3GD_BODY id=37 off=410 633559571de4a5e86f479f88e2788b92
N3GD_BODY id=37 off=420 193871c4248cd85f2be4d6570be1905b
N3GD_BODY id=37 off=430 7b8a47a5a71197358675a5816605b783
N3GD_BODY id=37 off=440 97ad80481efc20c3d2de3deb02d3b579
N3GD_BODY id=37 off=450 7a1ca1f89e051f608e173b4b1a1172bf
N3GD_BODY id=37 off=460 5203928dacc4cf39676cfbc30269d704
N3GD_BODY id=37 off=470 842905d8ead28706e4f1f5d6881e7de8
N3GD_BODY id=37 off=480 2806e32a53f221978748c909edcd7e5a
N3GD_BODY id=37 off=490 e385d79222f305fdb7938463450c1b7e
N3GD_BODY id=37 off=4a0 def71a21514622becd78676aaaf296f4
N3GD_BODY id=37 off=4b0 1c1000797073ea79d3dd9e47f465b5ad
N3GD_BODY id=37 off=4c0 45c6e0df838403074288c481f8a20fb6
N3GD_BODY id=37 off=4d0 ad5fcb75a2ac615e337ab73edfd85744
N3GD_BODY id=37 off=4e0 4f9fb64935e9f8acc19c450cf0a7c4c2
N3GD_BODY id=37 off=4f0 43eb1dd4c01e30fddd3edb9ebc79916c
N3GD_BODY id=37 off=500 d317f8153364edc9cabe3f667588aa61
N3GD_BODY id=37 off=510 bbd46d1c0a9c55845183f708db1e029e
N3GD_BODY id=37 off=520 1fc00b59774723a4d9dc74ebe3e40062
N3GD_BODY id=37 off=530 302529a988c6eb3566a10f26e518731f
N3GD_BODY id=37 off=540 f8d3429de708538ab83c08578cee511c
N3GD_BODY id=37 off=550 71fd39ad2e262bef8fae70f5a4b8994b
N3GD_BODY id=37 off=560 9f7cf2f8a71456dcde2a242314d9d621
N3GD_BODY id=37 off=570 037d3f754214a18ffa0328d5f7a36296
N3GD_BODY id=37 off=580 7c360793ff839396f90f10077094b38c
N3GD_BODY id=37 off=590 adc73d9be0faa5423f6bceb9cb33d442
N3GD_BODY id=37 off=5a0 bf5077fab296f5fa7179718099ddfa5a
N3GD_BODY id=37 off=5b0 a4d588af2ecd530efaf0d78fd8848203
N3GD_BODY id=37 off=5c0 a03f2e98138c50a54ada10386210a712
N3GD_BODY id=37 off=5d0 f6caca015a5fe2e9f67c1d4463fcbdf8
N3GD_BODY id=37 off=5e0 b77295b94612cd1b02f476252c008258
N3GD_BODY id=37 off=5f0 133d562cd4bc4a76bb3d1219112b034b
N3GD_BODY id=37 off=600 2fa1cecb460c7620e4738662432d4590
N3GD_BODY id=37 off=610 f91f866a4ae93959b4e71444e6e73639
N3GD_BODY id=37 off=620 019247d448b60a8d15775bd3359c7075
N3GD_BODY id=37 off=630 1314950c394ae3c178b5cc2ceb2ffa4e
N3GD_BODY id=37 off=640 34d9126a0b0eb9e278003a1150005f28
N3GD_BODY id=37 off=650 603e7aa5c46d815a3c325795626f6ac0
N3GD_BODY id=37 off=660 529859b1e4efa4109ff8f0b5b5f3e7d2
N3GD_BODY id=37 off=670 0569192ee3b0dae800681e1c71a5a369
N3GD_BODY id=37 off=680 debfdaf8ed0638e3d7add8296f21ac93
N3GD_BODY id=37 off=690 f29b59108be8807a9b18d5962eb33296
N3GD_BODY id=37 off=6a0 fa59b0f61bf5566eff5e95f7d11715f2
N3GD_BODY id=37 off=6b0 4d8e7da39ecec50450158147698ec13f
N3GD_BODY id=37 off=6c0 55cc8fef51ea37653c6e6046f8a940cb
N3GD_BODY id=37 off=6d0 4a4c78fe20e18e4329c41b74361e5c92
N3GD_BODY id=37 off=6e0 163b9c83f09a8dad736ab47946124356
N3GD_BODY id=37 off=6f0 04d18ba82b0f98ef753b6bfb4d6f2472
N3GD_BODY id=37 off=700 4c2100bfb5cb2f5544f61a99ebe1f64c
N3GD_BODY id=37 off=710 539a9d27ed8af5f90631da4bb039da5b
N3GD_BODY id=37 off=720 4081bed665de2e0f374ac514741f70c4
N3GD_BODY id=37 off=730 64624cb3e236cf6f5f9e6276369ceb68
N3GD_BODY id=37 off=740 f200e74e9c4cbc7005ad9c1ebdc80714
N3GD_BODY id=37 off=750 9eca5a15854d41939affc76a70ce7d8a
N3GD_BODY id=37 off=760 99ceb0ff88e440c1c493304e2ea38967
N3GD_BODY id=37 off=770 d563da5b8df31630fe229f00b2fd941a
N3GD_BODY id=37 off=780 0ad5de1b3f2a50399b9d125a3991a555
N3GD_BODY id=37 off=790 fb376050f6a313ecf502356ab3e32fc0
N3GD_BODY id=37 off=7a0 08f3157cc19735a7043c3e132dc09f3e
N3GD_BODY id=37 off=7b0 4dc908f79143ee978830b924d265e285
N3GD_BODY id=37 off=7c0 22d294c471ba2c21dbfad511d2635670
N3GD_BODY id=37 off=7d0 499f7d6f3bfb956fd397ad3bd970ea32
N3GD_BODY id=37 off=7e0 778067458d1684cb5035cb03c5a66515
N3GD_BODY id=37 off=7f0 0ae345f3df7d3eae0ef71b52c19a992e
N3GD_OOB id=37 off=000 509e00003cde0000ff40ffffe5ab0678
N3GD_OOB id=37 off=010 0a52efac2207c7a2053adbc8606282c5
N3GD_OOB id=37 off=020 374bcde4a25178a6eb7e94b8b7fa1e2e
N3GD_OOB id=37 off=030 eddbaafff14d9b9ea7ce563d3b3c79fe
N3GD_END id=37
N3GD_BEGIN id=38 kind=cand j=462 v=0383 po=297 sl=4294967295 l0=00009C00 tgt=0000A07E bank=1 pb=1324 pp=74 phy=169546 shift=4294967295 t=00 ix=0000 u=00000000 l=00000000
N3GD_BODY id=38 off=000 00000000000000000000000000000000
N3GD_BODY id=38 off=010 00000000000000000000000000000000
N3GD_BODY id=38 off=020 00000000000000000000000000000000
N3GD_BODY id=38 off=030 00000000000000000000000000000000
N3GD_BODY id=38 off=040 00000000000000000000000000000000
N3GD_BODY id=38 off=050 00000000000000000000000000000000
N3GD_BODY id=38 off=060 00000000000000000000000000000000
N3GD_BODY id=38 off=070 00000000000000000000000000000000
N3GD_BODY id=38 off=080 00000000000000000000000000000000
N3GD_BODY id=38 off=090 00000000000000000000000000000000
N3GD_BODY id=38 off=0a0 00000000000000000000000000000000
N3GD_BODY id=38 off=0b0 00000000000000000000000000000000
N3GD_BODY id=38 off=0c0 00000000000000000000000000000000
N3GD_BODY id=38 off=0d0 00000000000000000000000000000000
N3GD_BODY id=38 off=0e0 00000000000000000000000000000000
N3GD_BODY id=38 off=0f0 00000000000000000000000000000000
N3GD_BODY id=38 off=100 00000000000000000000000000000000
N3GD_BODY id=38 off=110 00000000000000000000000000000000
N3GD_BODY id=38 off=120 00000000000000000000000000000000
N3GD_BODY id=38 off=130 00000000000000000000000000000000
N3GD_BODY id=38 off=140 00000000000000000000000000000000
N3GD_BODY id=38 off=150 00000000000000000000000000000000
N3GD_BODY id=38 off=160 00000000000000000000000000000000
N3GD_BODY id=38 off=170 00000000000000000000000000000000
N3GD_BODY id=38 off=180 00000000000000000000000000000000
N3GD_BODY id=38 off=190 00000000000000000000000000000000
N3GD_BODY id=38 off=1a0 00000000000000000000000000000000
N3GD_BODY id=38 off=1b0 00000000000000000000000000000000
N3GD_BODY id=38 off=1c0 00000000000000000000000000000000
N3GD_BODY id=38 off=1d0 00000000000000000000000000000000
N3GD_BODY id=38 off=1e0 00000000000000000000000000000000
N3GD_BODY id=38 off=1f0 00000000000000000000000000000000
N3GD_BODY id=38 off=200 00000000000000000000000000000000
N3GD_BODY id=38 off=210 00000000000000000000000000000000
N3GD_BODY id=38 off=220 00000000000000000000000000000000
N3GD_BODY id=38 off=230 00000000000000000000000000000000
N3GD_BODY id=38 off=240 00000000000000000000000000000000
N3GD_BODY id=38 off=250 00000000000000000000000000000000
N3GD_BODY id=38 off=260 00000000000000000000000000000000
N3GD_BODY id=38 off=270 00000000000000000000000000000000
N3GD_BODY id=38 off=280 00000000000000000000000000000000
N3GD_BODY id=38 off=290 00000000000000000000000000000000
N3GD_BODY id=38 off=2a0 00000000000000000000000000000000
N3GD_BODY id=38 off=2b0 00000000000000000000000000000000
N3GD_BODY id=38 off=2c0 00000000000000000000000000000000
N3GD_BODY id=38 off=2d0 00000000000000000000000000000000
N3GD_BODY id=38 off=2e0 00000000000000000000000000000000
N3GD_BODY id=38 off=2f0 00000000000000000000000000000000
N3GD_BODY id=38 off=300 00000000000000000000000000000000
N3GD_BODY id=38 off=310 00000000000000000000000000000000
N3GD_BODY id=38 off=320 00000000000000000000000000000000
N3GD_BODY id=38 off=330 00000000000000000000000000000000
N3GD_BODY id=38 off=340 00000000000000000000000000000000
N3GD_BODY id=38 off=350 00000000000000000000000000000000
N3GD_BODY id=38 off=360 00000000000000000000000000000000
N3GD_BODY id=38 off=370 00000000000000000000000000000000
N3GD_BODY id=38 off=380 00000000000000000000000000000000
N3GD_BODY id=38 off=390 00000000000000000000000000000000
N3GD_BODY id=38 off=3a0 00000000000000000000000000000000
N3GD_BODY id=38 off=3b0 00000000000000000000000000000000
N3GD_BODY id=38 off=3c0 00000000000000000000000000000000
N3GD_BODY id=38 off=3d0 00000000000000000000000000000000
N3GD_BODY id=38 off=3e0 00000000000000000000000000000000
N3GD_BODY id=38 off=3f0 00000000000000000000000000000000
N3GD_BODY id=38 off=400 00000000000000000000000000000000
N3GD_BODY id=38 off=410 00000000000000000000000000000000
N3GD_BODY id=38 off=420 00000000000000000000000000000000
N3GD_BODY id=38 off=430 00000000000000000000000000000000
N3GD_BODY id=38 off=440 00000000000000000000000000000000
N3GD_BODY id=38 off=450 00000000000000000000000000000000
N3GD_BODY id=38 off=460 00000000000000000000000000000000
N3GD_BODY id=38 off=470 00000000000000000000000000000000
N3GD_BODY id=38 off=480 00000000000000000000000000000000
N3GD_BODY id=38 off=490 00000000000000000000000000000000
N3GD_BODY id=38 off=4a0 00000000000000000000000000000000
N3GD_BODY id=38 off=4b0 00000000000000000000000000000000
N3GD_BODY id=38 off=4c0 00000000000000000000000000000000
N3GD_BODY id=38 off=4d0 00000000000000000000000000000000
N3GD_BODY id=38 off=4e0 00000000000000000000000000000000
N3GD_BODY id=38 off=4f0 00000000000000000000000000000000
N3GD_BODY id=38 off=500 00000000000000000000000000000000
N3GD_BODY id=38 off=510 00000000000000000000000000000000
N3GD_BODY id=38 off=520 00000000000000000000000000000000
N3GD_BODY id=38 off=530 00000000000000000000000000000000
N3GD_BODY id=38 off=540 00000000000000000000000000000000
N3GD_BODY id=38 off=550 00000000000000000000000000000000
N3GD_BODY id=38 off=560 00000000000000000000000000000000
N3GD_BODY id=38 off=570 00000000000000000000000000000000
N3GD_BODY id=38 off=580 00000000000000000000000000000000
N3GD_BODY id=38 off=590 00000000000000000000000000000000
N3GD_BODY id=38 off=5a0 00000000000000000000000000000000
N3GD_BODY id=38 off=5b0 00000000000000000000000000000000
N3GD_BODY id=38 off=5c0 00000000000000000000000000000000
N3GD_BODY id=38 off=5d0 00000000000000000000000000000000
N3GD_BODY id=38 off=5e0 00000000000000000000000000000000
N3GD_BODY id=38 off=5f0 00000000000000000000000000000000
N3GD_BODY id=38 off=600 00000000000000000000000000000000
N3GD_BODY id=38 off=610 00000000000000000000000000000000
N3GD_BODY id=38 off=620 00000000000000000000000000000000
N3GD_BODY id=38 off=630 00000000000000000000000000000000
N3GD_BODY id=38 off=640 00000000000000000000000000000000
N3GD_BODY id=38 off=650 00000000000000000000000000000000
N3GD_BODY id=38 off=660 00000000000000000000000000000000
N3GD_BODY id=38 off=670 00000000000000000000000000000000
N3GD_BODY id=38 off=680 00000000000000000000000000000000
N3GD_BODY id=38 off=690 00000000000000000000000000000000
N3GD_BODY id=38 off=6a0 00000000000000000000000000000000
N3GD_BODY id=38 off=6b0 00000000000000000000000000000000
N3GD_BODY id=38 off=6c0 00000000000000000000000000000000
N3GD_BODY id=38 off=6d0 00000000000000000000000000000000
N3GD_BODY id=38 off=6e0 00000000000000000000000000000000
N3GD_BODY id=38 off=6f0 00000000000000000000000000000000
N3GD_BODY id=38 off=700 00000000000000000000000000000000
N3GD_BODY id=38 off=710 00000000000000000000000000000000
N3GD_BODY id=38 off=720 00000000000000000000000000000000
N3GD_BODY id=38 off=730 00000000000000000000000000000000
N3GD_BODY id=38 off=740 00000000000000000000000000000000
N3GD_BODY id=38 off=750 00000000000000000000000000000000
N3GD_BODY id=38 off=760 00000000000000000000000000000000
N3GD_BODY id=38 off=770 00000000000000000000000000000000
N3GD_BODY id=38 off=780 00000000000000000000000000000000
N3GD_BODY id=38 off=790 00000000000000000000000000000000
N3GD_BODY id=38 off=7a0 00000000000000000000000000000000
N3GD_BODY id=38 off=7b0 00000000000000000000000000000000
N3GD_BODY id=38 off=7c0 00000000000000000000000000000000
N3GD_BODY id=38 off=7d0 00000000000000000000000000000000
N3GD_BODY id=38 off=7e0 00000000000000000000000000000000
N3GD_BODY id=38 off=7f0 00000000000000000000000000000000
N3GD_OOB id=38 off=000 000000000000000000000000e5ab0678
N3GD_OOB id=38 off=010 0a52efac2207c7a2053adbc8606282c5
N3GD_OOB id=38 off=020 374bcde4a25178a6eb7e94b8b7fa1e2e
N3GD_OOB id=38 off=030 eddbaafff14d9b9ea7ce563d3b3c79fe
N3GD_END id=38
N3GD_BEGIN id=39 kind=cand j=462 v=0383 po=298 sl=4294967295 l0=00009C00 tgt=0000A07E bank=2 pb=1324 pp=74 phy=169546 shift=4294967295 t=00 ix=0000 u=00000000 l=00000000
N3GD_BODY id=39 off=000 00000000000000000000000000000000
N3GD_BODY id=39 off=010 00000000000000000000000000000000
N3GD_BODY id=39 off=020 00000000000000000000000000000000
N3GD_BODY id=39 off=030 00000000000000000000000000000000
N3GD_BODY id=39 off=040 00000000000000000000000000000000
N3GD_BODY id=39 off=050 00000000000000000000000000000000
N3GD_BODY id=39 off=060 00000000000000000000000000000000
N3GD_BODY id=39 off=070 00000000000000000000000000000000
N3GD_BODY id=39 off=080 00000000000000000000000000000000
N3GD_BODY id=39 off=090 00000000000000000000000000000000
N3GD_BODY id=39 off=0a0 00000000000000000000000000000000
N3GD_BODY id=39 off=0b0 00000000000000000000000000000000
N3GD_BODY id=39 off=0c0 00000000000000000000000000000000
N3GD_BODY id=39 off=0d0 00000000000000000000000000000000
N3GD_BODY id=39 off=0e0 00000000000000000000000000000000
N3GD_BODY id=39 off=0f0 00000000000000000000000000000000
N3GD_BODY id=39 off=100 00000000000000000000000000000000
N3GD_BODY id=39 off=110 00000000000000000000000000000000
N3GD_BODY id=39 off=120 00000000000000000000000000000000
N3GD_BODY id=39 off=130 00000000000000000000000000000000
N3GD_BODY id=39 off=140 00000000000000000000000000000000
N3GD_BODY id=39 off=150 00000000000000000000000000000000
N3GD_BODY id=39 off=160 00000000000000000000000000000000
N3GD_BODY id=39 off=170 00000000000000000000000000000000
N3GD_BODY id=39 off=180 00000000000000000000000000000000
N3GD_BODY id=39 off=190 00000000000000000000000000000000
N3GD_BODY id=39 off=1a0 00000000000000000000000000000000
N3GD_BODY id=39 off=1b0 00000000000000000000000000000000
N3GD_BODY id=39 off=1c0 00000000000000000000000000000000
N3GD_BODY id=39 off=1d0 00000000000000000000000000000000
N3GD_BODY id=39 off=1e0 00000000000000000000000000000000
N3GD_BODY id=39 off=1f0 00000000000000000000000000000000
N3GD_BODY id=39 off=200 00000000000000000000000000000000
N3GD_BODY id=39 off=210 00000000000000000000000000000000
N3GD_BODY id=39 off=220 00000000000000000000000000000000
N3GD_BODY id=39 off=230 00000000000000000000000000000000
N3GD_BODY id=39 off=240 00000000000000000000000000000000
N3GD_BODY id=39 off=250 00000000000000000000000000000000
N3GD_BODY id=39 off=260 00000000000000000000000000000000
N3GD_BODY id=39 off=270 00000000000000000000000000000000
N3GD_BODY id=39 off=280 00000000000000000000000000000000
N3GD_BODY id=39 off=290 00000000000000000000000000000000
N3GD_BODY id=39 off=2a0 00000000000000000000000000000000
N3GD_BODY id=39 off=2b0 00000000000000000000000000000000
N3GD_BODY id=39 off=2c0 00000000000000000000000000000000
N3GD_BODY id=39 off=2d0 00000000000000000000000000000000
N3GD_BODY id=39 off=2e0 00000000000000000000000000000000
N3GD_BODY id=39 off=2f0 00000000000000000000000000000000
N3GD_BODY id=39 off=300 00000000000000000000000000000000
N3GD_BODY id=39 off=310 00000000000000000000000000000000
N3GD_BODY id=39 off=320 00000000000000000000000000000000
N3GD_BODY id=39 off=330 00000000000000000000000000000000
N3GD_BODY id=39 off=340 00000000000000000000000000000000
N3GD_BODY id=39 off=350 00000000000000000000000000000000
N3GD_BODY id=39 off=360 00000000000000000000000000000000
N3GD_BODY id=39 off=370 00000000000000000000000000000000
N3GD_BODY id=39 off=380 00000000000000000000000000000000
N3GD_BODY id=39 off=390 00000000000000000000000000000000
N3GD_BODY id=39 off=3a0 00000000000000000000000000000000
N3GD_BODY id=39 off=3b0 00000000000000000000000000000000
N3GD_BODY id=39 off=3c0 00000000000000000000000000000000
N3GD_BODY id=39 off=3d0 00000000000000000000000000000000
N3GD_BODY id=39 off=3e0 00000000000000000000000000000000
N3GD_BODY id=39 off=3f0 00000000000000000000000000000000
N3GD_BODY id=39 off=400 00000000000000000000000000000000
N3GD_BODY id=39 off=410 00000000000000000000000000000000
N3GD_BODY id=39 off=420 00000000000000000000000000000000
N3GD_BODY id=39 off=430 00000000000000000000000000000000
N3GD_BODY id=39 off=440 00000000000000000000000000000000
N3GD_BODY id=39 off=450 00000000000000000000000000000000
N3GD_BODY id=39 off=460 00000000000000000000000000000000
N3GD_BODY id=39 off=470 00000000000000000000000000000000
N3GD_BODY id=39 off=480 00000000000000000000000000000000
N3GD_BODY id=39 off=490 00000000000000000000000000000000
N3GD_BODY id=39 off=4a0 00000000000000000000000000000000
N3GD_BODY id=39 off=4b0 00000000000000000000000000000000
N3GD_BODY id=39 off=4c0 00000000000000000000000000000000
N3GD_BODY id=39 off=4d0 00000000000000000000000000000000
N3GD_BODY id=39 off=4e0 00000000000000000000000000000000
N3GD_BODY id=39 off=4f0 00000000000000000000000000000000
N3GD_BODY id=39 off=500 00000000000000000000000000000000
N3GD_BODY id=39 off=510 00000000000000000000000000000000
N3GD_BODY id=39 off=520 00000000000000000000000000000000
N3GD_BODY id=39 off=530 00000000000000000000000000000000
N3GD_BODY id=39 off=540 00000000000000000000000000000000
N3GD_BODY id=39 off=550 00000000000000000000000000000000
N3GD_BODY id=39 off=560 00000000000000000000000000000000
N3GD_BODY id=39 off=570 00000000000000000000000000000000
N3GD_BODY id=39 off=580 00000000000000000000000000000000
N3GD_BODY id=39 off=590 00000000000000000000000000000000
N3GD_BODY id=39 off=5a0 00000000000000000000000000000000
N3GD_BODY id=39 off=5b0 00000000000000000000000000000000
N3GD_BODY id=39 off=5c0 00000000000000000000000000000000
N3GD_BODY id=39 off=5d0 00000000000000000000000000000000
N3GD_BODY id=39 off=5e0 00000000000000000000000000000000
N3GD_BODY id=39 off=5f0 00000000000000000000000000000000
N3GD_BODY id=39 off=600 00000000000000000000000000000000
N3GD_BODY id=39 off=610 00000000000000000000000000000000
N3GD_BODY id=39 off=620 00000000000000000000000000000000
N3GD_BODY id=39 off=630 00000000000000000000000000000000
N3GD_BODY id=39 off=640 00000000000000000000000000000000
N3GD_BODY id=39 off=650 00000000000000000000000000000000
N3GD_BODY id=39 off=660 00000000000000000000000000000000
N3GD_BODY id=39 off=670 00000000000000000000000000000000
N3GD_BODY id=39 off=680 00000000000000000000000000000000
N3GD_BODY id=39 off=690 00000000000000000000000000000000
N3GD_BODY id=39 off=6a0 00000000000000000000000000000000
N3GD_BODY id=39 off=6b0 00000000000000000000000000000000
N3GD_BODY id=39 off=6c0 00000000000000000000000000000000
N3GD_BODY id=39 off=6d0 00000000000000000000000000000000
N3GD_BODY id=39 off=6e0 00000000000000000000000000000000
N3GD_BODY id=39 off=6f0 00000000000000000000000000000000
N3GD_BODY id=39 off=700 00000000000000000000000000000000
N3GD_BODY id=39 off=710 00000000000000000000000000000000
N3GD_BODY id=39 off=720 00000000000000000000000000000000
N3GD_BODY id=39 off=730 00000000000000000000000000000000
N3GD_BODY id=39 off=740 00000000000000000000000000000000
N3GD_BODY id=39 off=750 00000000000000000000000000000000
N3GD_BODY id=39 off=760 00000000000000000000000000000000
N3GD_BODY id=39 off=770 00000000000000000000000000000000
N3GD_BODY id=39 off=780 00000000000000000000000000000000
N3GD_BODY id=39 off=790 00000000000000000000000000000000
N3GD_BODY id=39 off=7a0 00000000000000000000000000000000
N3GD_BODY id=39 off=7b0 00000000000000000000000000000000
N3GD_BODY id=39 off=7c0 00000000000000000000000000000000
N3GD_BODY id=39 off=7d0 00000000000000000000000000000000
N3GD_BODY id=39 off=7e0 00000000000000000000000000000000
N3GD_BODY id=39 off=7f0 00000000000000000000000000000000
N3GD_OOB id=39 off=000 000000000000000000000000e5ab0678
N3GD_OOB id=39 off=010 0a52efac2207c7a2053adbc8606282c5
N3GD_OOB id=39 off=020 374bcde4a25178a6eb7e94b8b7fa1e2e
N3GD_OOB id=39 off=030 eddbaafff14d9b9ea7ce563d3b3c79fe
N3GD_END id=39
N3GD_BEGIN id=40 kind=cand j=462 v=0383 po=299 sl=4294967295 l0=00009C00 tgt=0000A07E bank=3 pb=1324 pp=74 phy=169546 shift=4294967295 t=00 ix=0000 u=00000000 l=00000000
N3GD_BODY id=40 off=000 00000000000000000000000000000000
N3GD_BODY id=40 off=010 00000000000000000000000000000000
N3GD_BODY id=40 off=020 00000000000000000000000000000000
N3GD_BODY id=40 off=030 00000000000000000000000000000000
N3GD_BODY id=40 off=040 00000000000000000000000000000000
N3GD_BODY id=40 off=050 00000000000000000000000000000000
N3GD_BODY id=40 off=060 00000000000000000000000000000000
N3GD_BODY id=40 off=070 00000000000000000000000000000000
N3GD_BODY id=40 off=080 00000000000000000000000000000000
N3GD_BODY id=40 off=090 00000000000000000000000000000000
N3GD_BODY id=40 off=0a0 00000000000000000000000000000000
N3GD_BODY id=40 off=0b0 00000000000000000000000000000000
N3GD_BODY id=40 off=0c0 00000000000000000000000000000000
N3GD_BODY id=40 off=0d0 00000000000000000000000000000000
N3GD_BODY id=40 off=0e0 00000000000000000000000000000000
N3GD_BODY id=40 off=0f0 00000000000000000000000000000000
N3GD_BODY id=40 off=100 00000000000000000000000000000000
N3GD_BODY id=40 off=110 00000000000000000000000000000000
N3GD_BODY id=40 off=120 00000000000000000000000000000000
N3GD_BODY id=40 off=130 00000000000000000000000000000000
N3GD_BODY id=40 off=140 00000000000000000000000000000000
N3GD_BODY id=40 off=150 00000000000000000000000000000000
N3GD_BODY id=40 off=160 00000000000000000000000000000000
N3GD_BODY id=40 off=170 00000000000000000000000000000000
N3GD_BODY id=40 off=180 00000000000000000000000000000000
N3GD_BODY id=40 off=190 00000000000000000000000000000000
N3GD_BODY id=40 off=1a0 00000000000000000000000000000000
N3GD_BODY id=40 off=1b0 00000000000000000000000000000000
N3GD_BODY id=40 off=1c0 00000000000000000000000000000000
N3GD_BODY id=40 off=1d0 00000000000000000000000000000000
N3GD_BODY id=40 off=1e0 00000000000000000000000000000000
N3GD_BODY id=40 off=1f0 00000000000000000000000000000000
N3GD_BODY id=40 off=200 00000000000000000000000000000000
N3GD_BODY id=40 off=210 00000000000000000000000000000000
N3GD_BODY id=40 off=220 00000000000000000000000000000000
N3GD_BODY id=40 off=230 00000000000000000000000000000000
N3GD_BODY id=40 off=240 00000000000000000000000000000000
N3GD_BODY id=40 off=250 00000000000000000000000000000000
N3GD_BODY id=40 off=260 00000000000000000000000000000000
N3GD_BODY id=40 off=270 00000000000000000000000000000000
N3GD_BODY id=40 off=280 00000000000000000000000000000000
N3GD_BODY id=40 off=290 00000000000000000000000000000000
N3GD_BODY id=40 off=2a0 00000000000000000000000000000000
N3GD_BODY id=40 off=2b0 00000000000000000000000000000000
N3GD_BODY id=40 off=2c0 00000000000000000000000000000000
N3GD_BODY id=40 off=2d0 00000000000000000000000000000000
N3GD_BODY id=40 off=2e0 00000000000000000000000000000000
N3GD_BODY id=40 off=2f0 00000000000000000000000000000000
N3GD_BODY id=40 off=300 00000000000000000000000000000000
N3GD_BODY id=40 off=310 00000000000000000000000000000000
N3GD_BODY id=40 off=320 00000000000000000000000000000000
N3GD_BODY id=40 off=330 00000000000000000000000000000000
N3GD_BODY id=40 off=340 00000000000000000000000000000000
N3GD_BODY id=40 off=350 00000000000000000000000000000000
N3GD_BODY id=40 off=360 00000000000000000000000000000000
N3GD_BODY id=40 off=370 00000000000000000000000000000000
N3GD_BODY id=40 off=380 00000000000000000000000000000000
N3GD_BODY id=40 off=390 00000000000000000000000000000000
N3GD_BODY id=40 off=3a0 00000000000000000000000000000000
N3GD_BODY id=40 off=3b0 00000000000000000000000000000000
N3GD_BODY id=40 off=3c0 00000000000000000000000000000000
N3GD_BODY id=40 off=3d0 00000000000000000000000000000000
N3GD_BODY id=40 off=3e0 00000000000000000000000000000000
N3GD_BODY id=40 off=3f0 00000000000000000000000000000000
N3GD_BODY id=40 off=400 00000000000000000000000000000000
N3GD_BODY id=40 off=410 00000000000000000000000000000000
N3GD_BODY id=40 off=420 00000000000000000000000000000000
N3GD_BODY id=40 off=430 00000000000000000000000000000000
N3GD_BODY id=40 off=440 00000000000000000000000000000000
N3GD_BODY id=40 off=450 00000000000000000000000000000000
N3GD_BODY id=40 off=460 00000000000000000000000000000000
N3GD_BODY id=40 off=470 00000000000000000000000000000000
N3GD_BODY id=40 off=480 00000000000000000000000000000000
N3GD_BODY id=40 off=490 00000000000000000000000000000000
N3GD_BODY id=40 off=4a0 00000000000000000000000000000000
N3GD_BODY id=40 off=4b0 00000000000000000000000000000000
N3GD_BODY id=40 off=4c0 00000000000000000000000000000000
N3GD_BODY id=40 off=4d0 00000000000000000000000000000000
N3GD_BODY id=40 off=4e0 00000000000000000000000000000000
N3GD_BODY id=40 off=4f0 00000000000000000000000000000000
N3GD_BODY id=40 off=500 00000000000000000000000000000000
N3GD_BODY id=40 off=510 00000000000000000000000000000000
N3GD_BODY id=40 off=520 00000000000000000000000000000000
N3GD_BODY id=40 off=530 00000000000000000000000000000000
N3GD_BODY id=40 off=540 00000000000000000000000000000000
N3GD_BODY id=40 off=550 00000000000000000000000000000000
N3GD_BODY id=40 off=560 00000000000000000000000000000000
N3GD_BODY id=40 off=570 00000000000000000000000000000000
N3GD_BODY id=40 off=580 00000000000000000000000000000000
N3GD_BODY id=40 off=590 00000000000000000000000000000000
N3GD_BODY id=40 off=5a0 00000000000000000000000000000000
N3GD_BODY id=40 off=5b0 00000000000000000000000000000000
N3GD_BODY id=40 off=5c0 00000000000000000000000000000000
N3GD_BODY id=40 off=5d0 00000000000000000000000000000000
N3GD_BODY id=40 off=5e0 00000000000000000000000000000000
N3GD_BODY id=40 off=5f0 00000000000000000000000000000000
N3GD_BODY id=40 off=600 00000000000000000000000000000000
N3GD_BODY id=40 off=610 00000000000000000000000000000000
N3GD_BODY id=40 off=620 00000000000000000000000000000000
N3GD_BODY id=40 off=630 00000000000000000000000000000000
N3GD_BODY id=40 off=640 00000000000000000000000000000000
N3GD_BODY id=40 off=650 00000000000000000000000000000000
N3GD_BODY id=40 off=660 00000000000000000000000000000000
N3GD_BODY id=40 off=670 00000000000000000000000000000000
N3GD_BODY id=40 off=680 00000000000000000000000000000000
N3GD_BODY id=40 off=690 00000000000000000000000000000000
N3GD_BODY id=40 off=6a0 00000000000000000000000000000000
N3GD_BODY id=40 off=6b0 00000000000000000000000000000000
N3GD_BODY id=40 off=6c0 00000000000000000000000000000000
N3GD_BODY id=40 off=6d0 00000000000000000000000000000000
N3GD_BODY id=40 off=6e0 00000000000000000000000000000000
N3GD_BODY id=40 off=6f0 00000000000000000000000000000000
N3GD_BODY id=40 off=700 00000000000000000000000000000000
N3GD_BODY id=40 off=710 00000000000000000000000000000000
N3GD_BODY id=40 off=720 00000000000000000000000000000000
N3GD_BODY id=40 off=730 00000000000000000000000000000000
N3GD_BODY id=40 off=740 00000000000000000000000000000000
N3GD_BODY id=40 off=750 00000000000000000000000000000000
N3GD_BODY id=40 off=760 00000000000000000000000000000000
N3GD_BODY id=40 off=770 00000000000000000000000000000000
N3GD_BODY id=40 off=780 00000000000000000000000000000000
N3GD_BODY id=40 off=790 00000000000000000000000000000000
N3GD_BODY id=40 off=7a0 00000000000000000000000000000000
N3GD_BODY id=40 off=7b0 00000000000000000000000000000000
N3GD_BODY id=40 off=7c0 00000000000000000000000000000000
N3GD_BODY id=40 off=7d0 00000000000000000000000000000000
N3GD_BODY id=40 off=7e0 00000000000000000000000000000000
N3GD_BODY id=40 off=7f0 00000000000000000000000000000000
N3GD_OOB id=40 off=000 000000000000000000000000e5ab0678
N3GD_OOB id=40 off=010 0a52efac2207c7a2053adbc8606282c5
N3GD_OOB id=40 off=020 374bcde4a25178a6eb7e94b8b7fa1e2e
N3GD_OOB id=40 off=030 eddbaafff14d9b9ea7ce563d3b3c79fe
N3GD_END id=40
N3GD_BEGIN id=41 kind=cand j=462 v=0383 po=300 sl=4294967295 l0=00009C00 tgt=0000A07E bank=0 pb=1324 pp=75 phy=169547 shift=4294967295 t=40 ix=DE3C u=00009E58 l=00009E58
N3GD_BODY id=41 off=000 7705b5619daf0ec8a94c7cd546301630
N3GD_BODY id=41 off=010 1b2299a37f2e9857893b89f20fe0cc96
N3GD_BODY id=41 off=020 c1425cd34cc6acd94dc88f83049f2bd1
N3GD_BODY id=41 off=030 22184f856494df6a433f083f46ebc415
N3GD_BODY id=41 off=040 ab803a2d80ee8c62462117ad74866378
N3GD_BODY id=41 off=050 c464689f5a2f0def02f9bc87ce64f4bd
N3GD_BODY id=41 off=060 6bdbc2dd76e96953f4c46d088131eb03
N3GD_BODY id=41 off=070 075334e25587b594fb65625a9d53b843
N3GD_BODY id=41 off=080 466951fd6284160087a548f0589beb05
N3GD_BODY id=41 off=090 ead7b971853a971ba7dc609635648310
N3GD_BODY id=41 off=0a0 88128ad77f5f93932bbd9ca3116f8f6c
N3GD_BODY id=41 off=0b0 30ab6b9db3534913522cc0aad2050cea
N3GD_BODY id=41 off=0c0 39900e1bb28a9d93a48b7f2912e05939
N3GD_BODY id=41 off=0d0 f6c08a0f81fce2e313a14862bc616026
N3GD_BODY id=41 off=0e0 82460b146dfcd745ef39f962b9ca0333
N3GD_BODY id=41 off=0f0 616713734090758492588f1abceb98c1
N3GD_BODY id=41 off=100 d43f62bf7532d9fc0ef0cdc8f00ed9ce
N3GD_BODY id=41 off=110 9b30ecd3f2c7ec028af44f3a2f930038
N3GD_BODY id=41 off=120 0548d0e738a0f9d5f6cf33f1d3ba0be0
N3GD_BODY id=41 off=130 b6ed6f51772c932bacd1660042755b3b
N3GD_BODY id=41 off=140 b8032efd7bceec5fe19397d8f1b08da7
N3GD_BODY id=41 off=150 08d4f98da846a36ffb9bda15326c5808
N3GD_BODY id=41 off=160 7548e4b15e0d85a71a061c2294fd1561
N3GD_BODY id=41 off=170 1d3d46ebdb80e586bbeb9a652bee9c76
N3GD_BODY id=41 off=180 39a805842d56a1c30d39675c2abc7c02
N3GD_BODY id=41 off=190 1130222dda7f4bbe9da1f70fb84574fe
N3GD_BODY id=41 off=1a0 c186cc261fb04dba80c934d35033729b
N3GD_BODY id=41 off=1b0 c461ca14197d6042ff3c31fc7516259c
N3GD_BODY id=41 off=1c0 a8184cbcb396d0118505e424fbacbe16
N3GD_BODY id=41 off=1d0 2056cffd2d7b6bc7c4897f066244c430
N3GD_BODY id=41 off=1e0 d616a62ce5975441865fe8e3ba622498
N3GD_BODY id=41 off=1f0 b925d7f8598a206b492a4bf042561010
N3GD_BODY id=41 off=200 5d242ec29649e85b6468661a63dd8e9d
N3GD_BODY id=41 off=210 fb402c08f9818a2b6c1b73af09709c93
N3GD_BODY id=41 off=220 18549d3c6b293ee37a14696723720cfc
N3GD_BODY id=41 off=230 9bd048cf92f1d3244e41717851f0e173
N3GD_BODY id=41 off=240 51104f6c3fa6663f16cf137db229a536
N3GD_BODY id=41 off=250 f78fcbeb4f9ff2cb69ab326807c4bb1f
N3GD_BODY id=41 off=260 d15ae064f7638ce6dcdee7ff921710cb
N3GD_BODY id=41 off=270 d72a72c9935408fe096566bf249750e3
N3GD_BODY id=41 off=280 142395e6d45d23e2e26cff736957f554
N3GD_BODY id=41 off=290 ad42ed8c548853a7eec7034bf29fbcf0
N3GD_BODY id=41 off=2a0 c833fa65abca6c73d9ab8af42e177517
N3GD_BODY id=41 off=2b0 0f82f7828d61b385abbc5b338baed3d7
N3GD_BODY id=41 off=2c0 43fb0391ef7691d5a9a1c83be13431f1
N3GD_BODY id=41 off=2d0 224adc3c099c937e7c42ebb055f0904b
N3GD_BODY id=41 off=2e0 12a929cc867468a981c0b04bd1c13e64
N3GD_BODY id=41 off=2f0 adf8f3bdf65f5c14dd271cddc3684ac8
N3GD_BODY id=41 off=300 1b1ba2735e1e5d5d1fcec3b7181803ec
N3GD_BODY id=41 off=310 c7d910428253d5d69baba7093e8c2eb1
N3GD_BODY id=41 off=320 a0ec5b666b67b5004ab7cbd928db6e35
N3GD_BODY id=41 off=330 57f6f376971bc531d47b63b1a2f6ac60
N3GD_BODY id=41 off=340 546db575f5a991a02aeb88260dc251ad
N3GD_BODY id=41 off=350 0da4bda73a878e05dd36ff7c3a7e727d
N3GD_BODY id=41 off=360 b0af76ab4651d46410df137c56adb556
N3GD_BODY id=41 off=370 2da17c10d40815619e7d4e9262fd242c
N3GD_BODY id=41 off=380 6d1341e8fe2d201a0831ef220b3eaf18
N3GD_BODY id=41 off=390 6ed0bdc60883cd8150e13ebd077ef048
N3GD_BODY id=41 off=3a0 f1518636722c982bff77c56be26a8b4a
N3GD_BODY id=41 off=3b0 5e911595edf3653382bbdf56b22251ff
N3GD_BODY id=41 off=3c0 3efc9a0484a1e379cda147963d17d7ac
N3GD_BODY id=41 off=3d0 3ef2d664266cc2d5c0ca587a20c9babf
N3GD_BODY id=41 off=3e0 f209c5392144b9974e74f83ddf56b6a5
N3GD_BODY id=41 off=3f0 9a9608e97ba3b5140b8d49905f0d9520
N3GD_BODY id=41 off=400 be8ad69b8d6805256acc922158da1320
N3GD_BODY id=41 off=410 b9c1fc232a6b201db22cd119eed7c197
N3GD_BODY id=41 off=420 5fc7df98d6df3557b0e037a74cb47832
N3GD_BODY id=41 off=430 ff3936bfa52d6101328c88d8d2e6cb91
N3GD_BODY id=41 off=440 53d09eda79a27da9ec432d3af8b6c0e6
N3GD_BODY id=41 off=450 a0255b1521e44e063d79f542007d849f
N3GD_BODY id=41 off=460 5bc545a0a54ece0ea3a1c3f74a4a7a66
N3GD_BODY id=41 off=470 181c7ab62cf9e58bc16dd41559570619
N3GD_BODY id=41 off=480 afe1562f8ec96d9e8437d16614448403
N3GD_BODY id=41 off=490 0d4abce08a0128a253d6e3a895305acb
N3GD_BODY id=41 off=4a0 9fa0076821d74150aa2ee042d8108da2
N3GD_BODY id=41 off=4b0 aade16831f07daeab8cddb0ea003e37a
N3GD_BODY id=41 off=4c0 abb2492c59b029e4c92ed3349249d01e
N3GD_BODY id=41 off=4d0 c2d6d34b5b9ebb618c52152fdd6a9e5e
N3GD_BODY id=41 off=4e0 8a7ed4fd1ca2239f49e80e79f8104559
N3GD_BODY id=41 off=4f0 0908e7f2418085ba28b8107b3fbfcc63
N3GD_BODY id=41 off=500 d3a25838b2803f44ca84aa2ca5302def
N3GD_BODY id=41 off=510 d14c1423b0451a2e2cab05ebbe2b2fe8
N3GD_BODY id=41 off=520 a385f75c339c3d2a74a027dbf56b7146
N3GD_BODY id=41 off=530 b496befce5112a90a37018034f8994e6
N3GD_BODY id=41 off=540 b5eb98c31b48044acfde7e863f2b4157
N3GD_BODY id=41 off=550 739fea6d83487a2269c75a1bcbe2a897
N3GD_BODY id=41 off=560 7476313f8b9317dacfb1f070ad0f8d67
N3GD_BODY id=41 off=570 f2022d4728ec8f88fceb470415ad4b93
N3GD_BODY id=41 off=580 f266424baa3bea5ca18a57442f2e7ee6
N3GD_BODY id=41 off=590 da46bfaf29e880b455e59ea63c42b41c
N3GD_BODY id=41 off=5a0 24de9d8306376fda00c359ab2be59c09
N3GD_BODY id=41 off=5b0 136bf7bd70eb5c56c3089254a8e92f07
N3GD_BODY id=41 off=5c0 66ca7e54382aa95a39fdf606be00b7d9
N3GD_BODY id=41 off=5d0 8b5897e757490cffbfff059bd5c6ccb9
N3GD_BODY id=41 off=5e0 1deb704f53925e1c8bbd43aa336b4e2a
N3GD_BODY id=41 off=5f0 27c3953cc0de322481de599a51928819
N3GD_BODY id=41 off=600 92fcad378d3b29c5c03255a3bd9f9055
N3GD_BODY id=41 off=610 048215bbdf4fa49e7b26c6388072e7b0
N3GD_BODY id=41 off=620 23e8cc472d9bf4f45e8bb8a5f28ed3df
N3GD_BODY id=41 off=630 3cf92c3c9ab45335f95d3c894de4efcd
N3GD_BODY id=41 off=640 76b39d7c7929ba283b91100680c96418
N3GD_BODY id=41 off=650 e6b50ac6e9d658dddbec3a7e93ccd489
N3GD_BODY id=41 off=660 d6d38739b6471e7fe617d7e1fe893870
N3GD_BODY id=41 off=670 b4048a277fd2fdea6db1aed5bca3a037
N3GD_BODY id=41 off=680 c10bfe7f79f37dbf1e2e58fb9a3d9639
N3GD_BODY id=41 off=690 d54839e6c609893cb07e3ec709e139a4
N3GD_BODY id=41 off=6a0 ee3668c22d2a57be082d7a6f7535a1c6
N3GD_BODY id=41 off=6b0 a2fa6430b48ffd0674e744cb2c8ffbbb
N3GD_BODY id=41 off=6c0 093a84d59bd4b3288a77e02a11ee68bd
N3GD_BODY id=41 off=6d0 5350758eeb4618ea81d8d829c988ed62
N3GD_BODY id=41 off=6e0 7c0364ecdfbdd91e3e897dcab3b15fb7
N3GD_BODY id=41 off=6f0 5a0bd9a50ad8ca11a555f1fa1615b055
N3GD_BODY id=41 off=700 68cbae310921b733b65abb91770f254b
N3GD_BODY id=41 off=710 ae1d6dcc908da5bc5b740b4331ec607a
N3GD_BODY id=41 off=720 14c4f6aebaaf9f2dca0e367d5d478ae7
N3GD_BODY id=41 off=730 3ee7d35dd0da32b32ebeb1fd74c92cb3
N3GD_BODY id=41 off=740 b8c2c0e5cc4bb4ef34e1e8ef65bee694
N3GD_BODY id=41 off=750 46a1c89d3004d7d079ed6c149e0a653d
N3GD_BODY id=41 off=760 46ff800299bf4523d63051d6e8159b7f
N3GD_BODY id=41 off=770 49c5c733adf31914c84e43eb5df5879a
N3GD_BODY id=41 off=780 4ca59e3220a4c20bb56245e92707feaa
N3GD_BODY id=41 off=790 8328693ce079277e00b976e00c501291
N3GD_BODY id=41 off=7a0 29701dff8b9240776bc44206231ea5ef
N3GD_BODY id=41 off=7b0 a889c5cbe384f8974ab7251517ec645a
N3GD_BODY id=41 off=7c0 f037039e2952352af6f358f7790dfee1
N3GD_BODY id=41 off=7d0 d3fc8f64183a8ef901b9b6c91a1e5c3a
N3GD_BODY id=41 off=7e0 1dc6dfd255deddea627b9eda4fade62e
N3GD_BODY id=41 off=7f0 64c4243f51710ee23ef7c20f31945e0f
N3GD_OOB id=41 off=000 589e00003cde0000ff40ffffe5ab0678
N3GD_OOB id=41 off=010 0a52efac2207c7a2053adbc8606282c5
N3GD_OOB id=41 off=020 374bcde4a25178a6eb7e94b8b7fa1e2e
N3GD_OOB id=41 off=030 eddbaafff14d9b9ea7ce563d3b3c79fe
N3GD_END id=41
N3GD_DONE pages=42
