N3GD_START host=0000A07E target=000140FC ppb=512 pages=68
N3GD_BEGIN id=0 kind=cand j=-1 v=0AAB po=56 sl=4294967295 l0=FFFFFFFF host=0000A07E tgt=000140FC bank=0 pb=3156 pp=14 phy=403982 shift=4294967295 t=40 ix=DE53 u=000140EE l=000140EE
N3GD_BODY id=0 off=000 00000000000000000000000000000000
N3GD_BODY id=0 off=010 00000000000000000000000000000000
N3GD_BODY id=0 off=020 00000000000000000000000000000000
N3GD_BODY id=0 off=030 00000000000000000000000000000000
N3GD_BODY id=0 off=040 00000000000000000000000000000000
N3GD_BODY id=0 off=050 00000000000000000000000000000000
N3GD_BODY id=0 off=060 00000000000000000000000000000000
N3GD_BODY id=0 off=070 00000000000000000000000000000000
N3GD_BODY id=0 off=080 00000000000000000000000000000000
N3GD_BODY id=0 off=090 00000000000000000000000000000000
N3GD_BODY id=0 off=0a0 00000000000000000000000000000000
N3GD_BODY id=0 off=0b0 00000000000000000000000000000000
N3GD_BODY id=0 off=0c0 00000000000000000000000000000000
N3GD_BODY id=0 off=0d0 00000000000000000000000000000000
N3GD_BODY id=0 off=0e0 00000000000000000000000000000000
N3GD_BODY id=0 off=0f0 00000000000000000000000000000000
N3GD_BODY id=0 off=100 00000000000000000000000000000000
N3GD_BODY id=0 off=110 00000000000000000000000000000000
N3GD_BODY id=0 off=120 00000000000000000000000000000000
N3GD_BODY id=0 off=130 00000000000000000000000000000000
N3GD_BODY id=0 off=140 00000000000000000000000000000000
N3GD_BODY id=0 off=150 00000000000000000000000000000000
N3GD_BODY id=0 off=160 00000000000000000000000000000000
N3GD_BODY id=0 off=170 00000000000000000000000000000000
N3GD_BODY id=0 off=180 00000000000000000000000000000000
N3GD_BODY id=0 off=190 00000000000000000000000000000000
N3GD_BODY id=0 off=1a0 00000000000000000000000000000000
N3GD_BODY id=0 off=1b0 00000000000000000000000000000000
N3GD_BODY id=0 off=1c0 00000000000000000000000000000000
N3GD_BODY id=0 off=1d0 00000000000000000000000000000000
N3GD_BODY id=0 off=1e0 00000000000000000000000000000000
N3GD_BODY id=0 off=1f0 00000000000000000000000000000000
N3GD_BODY id=0 off=200 00000000000000000000000000000000
N3GD_BODY id=0 off=210 00000000000000000000000000000000
N3GD_BODY id=0 off=220 00000000000000000000000000000000
N3GD_BODY id=0 off=230 00000000000000000000000000000000
N3GD_BODY id=0 off=240 00000000000000000000000000000000
N3GD_BODY id=0 off=250 00000000000000000000000000000000
N3GD_BODY id=0 off=260 00000000000000000000000000000000
N3GD_BODY id=0 off=270 00000000000000000000000000000000
N3GD_BODY id=0 off=280 00000000000000000000000000000000
N3GD_BODY id=0 off=290 00000000000000000000000000000000
N3GD_BODY id=0 off=2a0 00000000000000000000000000000000
N3GD_BODY id=0 off=2b0 00000000000000000000000000000000
N3GD_BODY id=0 off=2c0 00000000000000000000000000000000
N3GD_BODY id=0 off=2d0 00000000000000000000000000000000
N3GD_BODY id=0 off=2e0 00000000000000000000000000000000
N3GD_BODY id=0 off=2f0 00000000000000000000000000000000
N3GD_BODY id=0 off=300 00000000000000000000000000000000
N3GD_BODY id=0 off=310 00000000000000000000000000000000
N3GD_BODY id=0 off=320 00000000000000000000000000000000
N3GD_BODY id=0 off=330 00000000000000000000000000000000
N3GD_BODY id=0 off=340 00000000000000000000000000000000
N3GD_BODY id=0 off=350 00000000000000000000000000000000
N3GD_BODY id=0 off=360 00000000000000000000000000000000
N3GD_BODY id=0 off=370 00000000000000000000000000000000
N3GD_BODY id=0 off=380 00000000000000000000000000000000
N3GD_BODY id=0 off=390 00000000000000000000000000000000
N3GD_BODY id=0 off=3a0 00000000000000000000000000000000
N3GD_BODY id=0 off=3b0 00000000000000000000000000000000
N3GD_BODY id=0 off=3c0 00000000000000000000000000000000
N3GD_BODY id=0 off=3d0 00000000000000000000000000000000
N3GD_BODY id=0 off=3e0 00000000000000000000000000000000
N3GD_BODY id=0 off=3f0 00000000000000000000000000000000
N3GD_BODY id=0 off=400 00000000000000000000000000000000
N3GD_BODY id=0 off=410 00000000000000000000000000000000
N3GD_BODY id=0 off=420 00000000000000000000000000000000
N3GD_BODY id=0 off=430 00000000000000000000000000000000
N3GD_BODY id=0 off=440 00000000000000000000000000000000
N3GD_BODY id=0 off=450 00000000000000000000000000000000
N3GD_BODY id=0 off=460 00000000000000000000000000000000
N3GD_BODY id=0 off=470 00000000000000000000000000000000
N3GD_BODY id=0 off=480 00000000000000000000000000000000
N3GD_BODY id=0 off=490 00000000000000000000000000000000
N3GD_BODY id=0 off=4a0 00000000000000000000000000000000
N3GD_BODY id=0 off=4b0 00000000000000000000000000000000
N3GD_BODY id=0 off=4c0 00000000000000000000000000000000
N3GD_BODY id=0 off=4d0 00000000000000000000000000000000
N3GD_BODY id=0 off=4e0 00000000000000000000000000000000
N3GD_BODY id=0 off=4f0 00000000000000000000000000000000
N3GD_BODY id=0 off=500 00000000000000000000000000000000
N3GD_BODY id=0 off=510 00000000000000000000000000000000
N3GD_BODY id=0 off=520 00000000000000000000000000000000
N3GD_BODY id=0 off=530 00000000000000000000000000000000
N3GD_BODY id=0 off=540 00000000000000000000000000000000
N3GD_BODY id=0 off=550 00000000000000000000000000000000
N3GD_BODY id=0 off=560 00000000000000000000000000000000
N3GD_BODY id=0 off=570 00000000000000000000000000000000
N3GD_BODY id=0 off=580 00000000000000000000000000000000
N3GD_BODY id=0 off=590 00000000000000000000000000000000
N3GD_BODY id=0 off=5a0 00000000000000000000000000000000
N3GD_BODY id=0 off=5b0 00000000000000000000000000000000
N3GD_BODY id=0 off=5c0 00000000000000000000000000000000
N3GD_BODY id=0 off=5d0 00000000000000000000000000000000
N3GD_BODY id=0 off=5e0 00000000000000000000000000000000
N3GD_BODY id=0 off=5f0 00000000000000000000000000000000
N3GD_BODY id=0 off=600 00000000000000000000000000000000
N3GD_BODY id=0 off=610 00000000000000000000000000000000
N3GD_BODY id=0 off=620 00000000000000000000000000000000
N3GD_BODY id=0 off=630 00000000000000000000000000000000
N3GD_BODY id=0 off=640 00000000000000000000000000000000
N3GD_BODY id=0 off=650 00000000000000000000000000000000
N3GD_BODY id=0 off=660 00000000000000000000000000000000
N3GD_BODY id=0 off=670 00000000000000000000000000000000
N3GD_BODY id=0 off=680 00000000000000000000000000000000
N3GD_BODY id=0 off=690 00000000000000000000000000000000
N3GD_BODY id=0 off=6a0 00000000000000000000000000000000
N3GD_BODY id=0 off=6b0 00000000000000000000000000000000
N3GD_BODY id=0 off=6c0 00000000000000000000000000000000
N3GD_BODY id=0 off=6d0 00000000000000000000000000000000
N3GD_BODY id=0 off=6e0 00000000000000000000000000000000
N3GD_BODY id=0 off=6f0 00000000000000000000000000000000
N3GD_BODY id=0 off=700 00000000000000000000000000000000
N3GD_BODY id=0 off=710 00000000000000000000000000000000
N3GD_BODY id=0 off=720 00000000000000000000000000000000
N3GD_BODY id=0 off=730 00000000000000000000000000000000
N3GD_BODY id=0 off=740 00000000000000000000000000000000
N3GD_BODY id=0 off=750 00000000000000000000000000000000
N3GD_BODY id=0 off=760 00000000000000000000000000000000
N3GD_BODY id=0 off=770 00000000000000000000000000000000
N3GD_BODY id=0 off=780 00000000000000000000000000000000
N3GD_BODY id=0 off=790 00000000000000000000000000000000
N3GD_BODY id=0 off=7a0 00000000000000000000000000000000
N3GD_BODY id=0 off=7b0 00000000000000000000000000000000
N3GD_BODY id=0 off=7c0 00000000000000000000000000000000
N3GD_BODY id=0 off=7d0 00000000000000000000000000000000
N3GD_BODY id=0 off=7e0 00000000000000000000000000000000
N3GD_BODY id=0 off=7f0 00000000000000000000000000000000
N3GD_OOB id=0 off=000 ee40010053de0000ff40ffffe5ab0668
N3GD_OOB id=0 off=010 0a52efac2207c7a22532dbc8686282cd
N3GD_OOB id=0 off=020 377bcde4a25178a6eb7c95b8b7fa1e2e
N3GD_OOB id=0 off=030 eddbaafff14d9b9ea7ce563d0b3c39de
N3GD_END id=0
N3GD_BEGIN id=1 kind=cand j=-1 v=0AAB po=57 sl=4294967295 l0=FFFFFFFF host=0000A07E tgt=000140FC bank=1 pb=3156 pp=14 phy=403982 shift=4294967295 t=00 ix=0000 u=00000000 l=00000000
N3GD_BODY id=1 off=000 00000000000000000000000000000000
N3GD_BODY id=1 off=010 00000000000000000000000000000000
N3GD_BODY id=1 off=020 00000000000000000000000000000000
N3GD_BODY id=1 off=030 00000000000000000000000000000000
N3GD_BODY id=1 off=040 00000000000000000000000000000000
N3GD_BODY id=1 off=050 00000000000000000000000000000000
N3GD_BODY id=1 off=060 00000000000000000000000000000000
N3GD_BODY id=1 off=070 00000000000000000000000000000000
N3GD_BODY id=1 off=080 00000000000000000000000000000000
N3GD_BODY id=1 off=090 00000000000000000000000000000000
N3GD_BODY id=1 off=0a0 00000000000000000000000000000000
N3GD_BODY id=1 off=0b0 00000000000000000000000000000000
N3GD_BODY id=1 off=0c0 00000000000000000000000000000000
N3GD_BODY id=1 off=0d0 00000000000000000000000000000000
N3GD_BODY id=1 off=0e0 00000000000000000000000000000000
N3GD_BODY id=1 off=0f0 00000000000000000000000000000000
N3GD_BODY id=1 off=100 00000000000000000000000000000000
N3GD_BODY id=1 off=110 00000000000000000000000000000000
N3GD_BODY id=1 off=120 00000000000000000000000000000000
N3GD_BODY id=1 off=130 00000000000000000000000000000000
N3GD_BODY id=1 off=140 00000000000000000000000000000000
N3GD_BODY id=1 off=150 00000000000000000000000000000000
N3GD_BODY id=1 off=160 00000000000000000000000000000000
N3GD_BODY id=1 off=170 00000000000000000000000000000000
N3GD_BODY id=1 off=180 00000000000000000000000000000000
N3GD_BODY id=1 off=190 00000000000000000000000000000000
N3GD_BODY id=1 off=1a0 00000000000000000000000000000000
N3GD_BODY id=1 off=1b0 00000000000000000000000000000000
N3GD_BODY id=1 off=1c0 00000000000000000000000000000000
N3GD_BODY id=1 off=1d0 00000000000000000000000000000000
N3GD_BODY id=1 off=1e0 00000000000000000000000000000000
N3GD_BODY id=1 off=1f0 00000000000000000000000000000000
N3GD_BODY id=1 off=200 00000000000000000000000000000000
N3GD_BODY id=1 off=210 00000000000000000000000000000000
N3GD_BODY id=1 off=220 00000000000000000000000000000000
N3GD_BODY id=1 off=230 00000000000000000000000000000000
N3GD_BODY id=1 off=240 00000000000000000000000000000000
N3GD_BODY id=1 off=250 00000000000000000000000000000000
N3GD_BODY id=1 off=260 00000000000000000000000000000000
N3GD_BODY id=1 off=270 00000000000000000000000000000000
N3GD_BODY id=1 off=280 00000000000000000000000000000000
N3GD_BODY id=1 off=290 00000000000000000000000000000000
N3GD_BODY id=1 off=2a0 00000000000000000000000000000000
N3GD_BODY id=1 off=2b0 00000000000000000000000000000000
N3GD_BODY id=1 off=2c0 00000000000000000000000000000000
N3GD_BODY id=1 off=2d0 00000000000000000000000000000000
N3GD_BODY id=1 off=2e0 00000000000000000000000000000000
N3GD_BODY id=1 off=2f0 00000000000000000000000000000000
N3GD_BODY id=1 off=300 00000000000000000000000000000000
N3GD_BODY id=1 off=310 00000000000000000000000000000000
N3GD_BODY id=1 off=320 00000000000000000000000000000000
N3GD_BODY id=1 off=330 00000000000000000000000000000000
N3GD_BODY id=1 off=340 00000000000000000000000000000000
N3GD_BODY id=1 off=350 00000000000000000000000000000000
N3GD_BODY id=1 off=360 00000000000000000000000000000000
N3GD_BODY id=1 off=370 00000000000000000000000000000000
N3GD_BODY id=1 off=380 00000000000000000000000000000000
N3GD_BODY id=1 off=390 00000000000000000000000000000000
N3GD_BODY id=1 off=3a0 00000000000000000000000000000000
N3GD_BODY id=1 off=3b0 00000000000000000000000000000000
N3GD_BODY id=1 off=3c0 00000000000000000000000000000000
N3GD_BODY id=1 off=3d0 00000000000000000000000000000000
N3GD_BODY id=1 off=3e0 00000000000000000000000000000000
N3GD_BODY id=1 off=3f0 00000000000000000000000000000000
N3GD_BODY id=1 off=400 00000000000000000000000000000000
N3GD_BODY id=1 off=410 00000000000000000000000000000000
N3GD_BODY id=1 off=420 00000000000000000000000000000000
N3GD_BODY id=1 off=430 00000000000000000000000000000000
N3GD_BODY id=1 off=440 00000000000000000000000000000000
N3GD_BODY id=1 off=450 00000000000000000000000000000000
N3GD_BODY id=1 off=460 00000000000000000000000000000000
N3GD_BODY id=1 off=470 00000000000000000000000000000000
N3GD_BODY id=1 off=480 00000000000000000000000000000000
N3GD_BODY id=1 off=490 00000000000000000000000000000000
N3GD_BODY id=1 off=4a0 00000000000000000000000000000000
N3GD_BODY id=1 off=4b0 00000000000000000000000000000000
N3GD_BODY id=1 off=4c0 00000000000000000000000000000000
N3GD_BODY id=1 off=4d0 00000000000000000000000000000000
N3GD_BODY id=1 off=4e0 00000000000000000000000000000000
N3GD_BODY id=1 off=4f0 00000000000000000000000000000000
N3GD_BODY id=1 off=500 00000000000000000000000000000000
N3GD_BODY id=1 off=510 00000000000000000000000000000000
N3GD_BODY id=1 off=520 00000000000000000000000000000000
N3GD_BODY id=1 off=530 00000000000000000000000000000000
N3GD_BODY id=1 off=540 00000000000000000000000000000000
N3GD_BODY id=1 off=550 00000000000000000000000000000000
N3GD_BODY id=1 off=560 00000000000000000000000000000000
N3GD_BODY id=1 off=570 00000000000000000000000000000000
N3GD_BODY id=1 off=580 00000000000000000000000000000000
N3GD_BODY id=1 off=590 00000000000000000000000000000000
N3GD_BODY id=1 off=5a0 00000000000000000000000000000000
N3GD_BODY id=1 off=5b0 00000000000000000000000000000000
N3GD_BODY id=1 off=5c0 00000000000000000000000000000000
N3GD_BODY id=1 off=5d0 00000000000000000000000000000000
N3GD_BODY id=1 off=5e0 00000000000000000000000000000000
N3GD_BODY id=1 off=5f0 00000000000000000000000000000000
N3GD_BODY id=1 off=600 00000000000000000000000000000000
N3GD_BODY id=1 off=610 00000000000000000000000000000000
N3GD_BODY id=1 off=620 00000000000000000000000000000000
N3GD_BODY id=1 off=630 00000000000000000000000000000000
N3GD_BODY id=1 off=640 00000000000000000000000000000000
N3GD_BODY id=1 off=650 00000000000000000000000000000000
N3GD_BODY id=1 off=660 00000000000000000000000000000000
N3GD_BODY id=1 off=670 00000000000000000000000000000000
N3GD_BODY id=1 off=680 00000000000000000000000000000000
N3GD_BODY id=1 off=690 00000000000000000000000000000000
N3GD_BODY id=1 off=6a0 00000000000000000000000000000000
N3GD_BODY id=1 off=6b0 00000000000000000000000000000000
N3GD_BODY id=1 off=6c0 00000000000000000000000000000000
N3GD_BODY id=1 off=6d0 00000000000000000000000000000000
N3GD_BODY id=1 off=6e0 00000000000000000000000000000000
N3GD_BODY id=1 off=6f0 00000000000000000000000000000000
N3GD_BODY id=1 off=700 00000000000000000000000000000000
N3GD_BODY id=1 off=710 00000000000000000000000000000000
N3GD_BODY id=1 off=720 00000000000000000000000000000000
N3GD_BODY id=1 off=730 00000000000000000000000000000000
N3GD_BODY id=1 off=740 00000000000000000000000000000000
N3GD_BODY id=1 off=750 00000000000000000000000000000000
N3GD_BODY id=1 off=760 00000000000000000000000000000000
N3GD_BODY id=1 off=770 00000000000000000000000000000000
N3GD_BODY id=1 off=780 00000000000000000000000000000000
N3GD_BODY id=1 off=790 00000000000000000000000000000000
N3GD_BODY id=1 off=7a0 00000000000000000000000000000000
N3GD_BODY id=1 off=7b0 00000000000000000000000000000000
N3GD_BODY id=1 off=7c0 00000000000000000000000000000000
N3GD_BODY id=1 off=7d0 00000000000000000000000000000000
N3GD_BODY id=1 off=7e0 00000000000000000000000000000000
N3GD_BODY id=1 off=7f0 00000000000000000000000000000000
N3GD_OOB id=1 off=000 000000000000000000000000e5ab0668
N3GD_OOB id=1 off=010 0a52efac2207c7a22532dbc8686282cd
N3GD_OOB id=1 off=020 377bcde4a25178a6eb7c95b8b7fa1e2e
N3GD_OOB id=1 off=030 eddbaafff14d9b9ea7ce563d0b3c39de
N3GD_END id=1
N3GD_BEGIN id=2 kind=cand j=-1 v=0AAB po=58 sl=4294967295 l0=FFFFFFFF host=0000A07E tgt=000140FC bank=2 pb=3156 pp=14 phy=403982 shift=4294967295 t=00 ix=0000 u=00000000 l=00000000
N3GD_BODY id=2 off=000 00000000000000000000000000000000
N3GD_BODY id=2 off=010 00000000000000000000000000000000
N3GD_BODY id=2 off=020 00000000000000000000000000000000
N3GD_BODY id=2 off=030 00000000000000000000000000000000
N3GD_BODY id=2 off=040 00000000000000000000000000000000
N3GD_BODY id=2 off=050 00000000000000000000000000000000
N3GD_BODY id=2 off=060 00000000000000000000000000000000
N3GD_BODY id=2 off=070 00000000000000000000000000000000
N3GD_BODY id=2 off=080 00000000000000000000000000000000
N3GD_BODY id=2 off=090 00000000000000000000000000000000
N3GD_BODY id=2 off=0a0 00000000000000000000000000000000
N3GD_BODY id=2 off=0b0 00000000000000000000000000000000
N3GD_BODY id=2 off=0c0 00000000000000000000000000000000
N3GD_BODY id=2 off=0d0 00000000000000000000000000000000
N3GD_BODY id=2 off=0e0 00000000000000000000000000000000
N3GD_BODY id=2 off=0f0 00000000000000000000000000000000
N3GD_BODY id=2 off=100 00000000000000000000000000000000
N3GD_BODY id=2 off=110 00000000000000000000000000000000
N3GD_BODY id=2 off=120 00000000000000000000000000000000
N3GD_BODY id=2 off=130 00000000000000000000000000000000
N3GD_BODY id=2 off=140 00000000000000000000000000000000
N3GD_BODY id=2 off=150 00000000000000000000000000000000
N3GD_BODY id=2 off=160 00000000000000000000000000000000
N3GD_BODY id=2 off=170 00000000000000000000000000000000
N3GD_BODY id=2 off=180 00000000000000000000000000000000
N3GD_BODY id=2 off=190 00000000000000000000000000000000
N3GD_BODY id=2 off=1a0 00000000000000000000000000000000
N3GD_BODY id=2 off=1b0 00000000000000000000000000000000
N3GD_BODY id=2 off=1c0 00000000000000000000000000000000
N3GD_BODY id=2 off=1d0 00000000000000000000000000000000
N3GD_BODY id=2 off=1e0 00000000000000000000000000000000
N3GD_BODY id=2 off=1f0 00000000000000000000000000000000
N3GD_BODY id=2 off=200 00000000000000000000000000000000
N3GD_BODY id=2 off=210 00000000000000000000000000000000
N3GD_BODY id=2 off=220 00000000000000000000000000000000
N3GD_BODY id=2 off=230 00000000000000000000000000000000
N3GD_BODY id=2 off=240 00000000000000000000000000000000
N3GD_BODY id=2 off=250 00000000000000000000000000000000
N3GD_BODY id=2 off=260 00000000000000000000000000000000
N3GD_BODY id=2 off=270 00000000000000000000000000000000
N3GD_BODY id=2 off=280 00000000000000000000000000000000
N3GD_BODY id=2 off=290 00000000000000000000000000000000
N3GD_BODY id=2 off=2a0 00000000000000000000000000000000
N3GD_BODY id=2 off=2b0 00000000000000000000000000000000
N3GD_BODY id=2 off=2c0 00000000000000000000000000000000
N3GD_BODY id=2 off=2d0 00000000000000000000000000000000
N3GD_BODY id=2 off=2e0 00000000000000000000000000000000
N3GD_BODY id=2 off=2f0 00000000000000000000000000000000
N3GD_BODY id=2 off=300 00000000000000000000000000000000
N3GD_BODY id=2 off=310 00000000000000000000000000000000
N3GD_BODY id=2 off=320 00000000000000000000000000000000
N3GD_BODY id=2 off=330 00000000000000000000000000000000
N3GD_BODY id=2 off=340 00000000000000000000000000000000
N3GD_BODY id=2 off=350 00000000000000000000000000000000
N3GD_BODY id=2 off=360 00000000000000000000000000000000
N3GD_BODY id=2 off=370 00000000000000000000000000000000
N3GD_BODY id=2 off=380 00000000000000000000000000000000
N3GD_BODY id=2 off=390 00000000000000000000000000000000
N3GD_BODY id=2 off=3a0 00000000000000000000000000000000
N3GD_BODY id=2 off=3b0 00000000000000000000000000000000
N3GD_BODY id=2 off=3c0 00000000000000000000000000000000
N3GD_BODY id=2 off=3d0 00000000000000000000000000000000
N3GD_BODY id=2 off=3e0 00000000000000000000000000000000
N3GD_BODY id=2 off=3f0 00000000000000000000000000000000
N3GD_BODY id=2 off=400 00000000000000000000000000000000
N3GD_BODY id=2 off=410 00000000000000000000000000000000
N3GD_BODY id=2 off=420 00000000000000000000000000000000
N3GD_BODY id=2 off=430 00000000000000000000000000000000
N3GD_BODY id=2 off=440 00000000000000000000000000000000
N3GD_BODY id=2 off=450 00000000000000000000000000000000
N3GD_BODY id=2 off=460 00000000000000000000000000000000
N3GD_BODY id=2 off=470 00000000000000000000000000000000
N3GD_BODY id=2 off=480 00000000000000000000000000000000
N3GD_BODY id=2 off=490 00000000000000000000000000000000
N3GD_BODY id=2 off=4a0 00000000000000000000000000000000
N3GD_BODY id=2 off=4b0 00000000000000000000000000000000
N3GD_BODY id=2 off=4c0 00000000000000000000000000000000
N3GD_BODY id=2 off=4d0 00000000000000000000000000000000
N3GD_BODY id=2 off=4e0 00000000000000000000000000000000
N3GD_BODY id=2 off=4f0 00000000000000000000000000000000
N3GD_BODY id=2 off=500 00000000000000000000000000000000
N3GD_BODY id=2 off=510 00000000000000000000000000000000
N3GD_BODY id=2 off=520 00000000000000000000000000000000
N3GD_BODY id=2 off=530 00000000000000000000000000000000
N3GD_BODY id=2 off=540 00000000000000000000000000000000
N3GD_BODY id=2 off=550 00000000000000000000000000000000
N3GD_BODY id=2 off=560 00000000000000000000000000000000
N3GD_BODY id=2 off=570 00000000000000000000000000000000
N3GD_BODY id=2 off=580 00000000000000000000000000000000
N3GD_BODY id=2 off=590 00000000000000000000000000000000
N3GD_BODY id=2 off=5a0 00000000000000000000000000000000
N3GD_BODY id=2 off=5b0 00000000000000000000000000000000
N3GD_BODY id=2 off=5c0 00000000000000000000000000000000
N3GD_BODY id=2 off=5d0 00000000000000000000000000000000
N3GD_BODY id=2 off=5e0 00000000000000000000000000000000
N3GD_BODY id=2 off=5f0 00000000000000000000000000000000
N3GD_BODY id=2 off=600 00000000000000000000000000000000
N3GD_BODY id=2 off=610 00000000000000000000000000000000
N3GD_BODY id=2 off=620 00000000000000000000000000000000
N3GD_BODY id=2 off=630 00000000000000000000000000000000
N3GD_BODY id=2 off=640 00000000000000000000000000000000
N3GD_BODY id=2 off=650 00000000000000000000000000000000
N3GD_BODY id=2 off=660 00000000000000000000000000000000
N3GD_BODY id=2 off=670 00000000000000000000000000000000
N3GD_BODY id=2 off=680 00000000000000000000000000000000
N3GD_BODY id=2 off=690 00000000000000000000000000000000
N3GD_BODY id=2 off=6a0 00000000000000000000000000000000
N3GD_BODY id=2 off=6b0 00000000000000000000000000000000
N3GD_BODY id=2 off=6c0 00000000000000000000000000000000
N3GD_BODY id=2 off=6d0 00000000000000000000000000000000
N3GD_BODY id=2 off=6e0 00000000000000000000000000000000
N3GD_BODY id=2 off=6f0 00000000000000000000000000000000
N3GD_BODY id=2 off=700 00000000000000000000000000000000
N3GD_BODY id=2 off=710 00000000000000000000000000000000
N3GD_BODY id=2 off=720 00000000000000000000000000000000
N3GD_BODY id=2 off=730 00000000000000000000000000000000
N3GD_BODY id=2 off=740 00000000000000000000000000000000
N3GD_BODY id=2 off=750 00000000000000000000000000000000
N3GD_BODY id=2 off=760 00000000000000000000000000000000
N3GD_BODY id=2 off=770 00000000000000000000000000000000
N3GD_BODY id=2 off=780 00000000000000000000000000000000
N3GD_BODY id=2 off=790 00000000000000000000000000000000
N3GD_BODY id=2 off=7a0 00000000000000000000000000000000
N3GD_BODY id=2 off=7b0 00000000000000000000000000000000
N3GD_BODY id=2 off=7c0 00000000000000000000000000000000
N3GD_BODY id=2 off=7d0 00000000000000000000000000000000
N3GD_BODY id=2 off=7e0 00000000000000000000000000000000
N3GD_BODY id=2 off=7f0 00000000000000000000000000000000
N3GD_OOB id=2 off=000 000000000000000000000000e5ab0668
N3GD_OOB id=2 off=010 0a52efac2207c7a22532dbc8686282cd
N3GD_OOB id=2 off=020 377bcde4a25178a6eb7c95b8b7fa1e2e
N3GD_OOB id=2 off=030 eddbaafff14d9b9ea7ce563d0b3c39de
N3GD_END id=2
N3GD_BEGIN id=3 kind=cand j=-1 v=0AAB po=59 sl=4294967295 l0=FFFFFFFF host=0000A07E tgt=000140FC bank=3 pb=3156 pp=14 phy=403982 shift=4294967295 t=00 ix=0000 u=00000000 l=00000000
N3GD_BODY id=3 off=000 00000000000000000000000000000000
N3GD_BODY id=3 off=010 00000000000000000000000000000000
N3GD_BODY id=3 off=020 00000000000000000000000000000000
N3GD_BODY id=3 off=030 00000000000000000000000000000000
N3GD_BODY id=3 off=040 00000000000000000000000000000000
N3GD_BODY id=3 off=050 00000000000000000000000000000000
N3GD_BODY id=3 off=060 00000000000000000000000000000000
N3GD_BODY id=3 off=070 00000000000000000000000000000000
N3GD_BODY id=3 off=080 00000000000000000000000000000000
N3GD_BODY id=3 off=090 00000000000000000000000000000000
N3GD_BODY id=3 off=0a0 00000000000000000000000000000000
N3GD_BODY id=3 off=0b0 00000000000000000000000000000000
N3GD_BODY id=3 off=0c0 00000000000000000000000000000000
N3GD_BODY id=3 off=0d0 00000000000000000000000000000000
N3GD_BODY id=3 off=0e0 00000000000000000000000000000000
N3GD_BODY id=3 off=0f0 00000000000000000000000000000000
N3GD_BODY id=3 off=100 00000000000000000000000000000000
N3GD_BODY id=3 off=110 00000000000000000000000000000000
N3GD_BODY id=3 off=120 00000000000000000000000000000000
N3GD_BODY id=3 off=130 00000000000000000000000000000000
N3GD_BODY id=3 off=140 00000000000000000000000000000000
N3GD_BODY id=3 off=150 00000000000000000000000000000000
N3GD_BODY id=3 off=160 00000000000000000000000000000000
N3GD_BODY id=3 off=170 00000000000000000000000000000000
N3GD_BODY id=3 off=180 00000000000000000000000000000000
N3GD_BODY id=3 off=190 00000000000000000000000000000000
N3GD_BODY id=3 off=1a0 00000000000000000000000000000000
N3GD_BODY id=3 off=1b0 00000000000000000000000000000000
N3GD_BODY id=3 off=1c0 00000000000000000000000000000000
N3GD_BODY id=3 off=1d0 00000000000000000000000000000000
N3GD_BODY id=3 off=1e0 00000000000000000000000000000000
N3GD_BODY id=3 off=1f0 00000000000000000000000000000000
N3GD_BODY id=3 off=200 00000000000000000000000000000000
N3GD_BODY id=3 off=210 00000000000000000000000000000000
N3GD_BODY id=3 off=220 00000000000000000000000000000000
N3GD_BODY id=3 off=230 00000000000000000000000000000000
N3GD_BODY id=3 off=240 00000000000000000000000000000000
N3GD_BODY id=3 off=250 00000000000000000000000000000000
N3GD_BODY id=3 off=260 00000000000000000000000000000000
N3GD_BODY id=3 off=270 00000000000000000000000000000000
N3GD_BODY id=3 off=280 00000000000000000000000000000000
N3GD_BODY id=3 off=290 00000000000000000000000000000000
N3GD_BODY id=3 off=2a0 00000000000000000000000000000000
N3GD_BODY id=3 off=2b0 00000000000000000000000000000000
N3GD_BODY id=3 off=2c0 00000000000000000000000000000000
N3GD_BODY id=3 off=2d0 00000000000000000000000000000000
N3GD_BODY id=3 off=2e0 00000000000000000000000000000000
N3GD_BODY id=3 off=2f0 00000000000000000000000000000000
N3GD_BODY id=3 off=300 00000000000000000000000000000000
N3GD_BODY id=3 off=310 00000000000000000000000000000000
N3GD_BODY id=3 off=320 00000000000000000000000000000000
N3GD_BODY id=3 off=330 00000000000000000000000000000000
N3GD_BODY id=3 off=340 00000000000000000000000000000000
N3GD_BODY id=3 off=350 00000000000000000000000000000000
N3GD_BODY id=3 off=360 00000000000000000000000000000000
N3GD_BODY id=3 off=370 00000000000000000000000000000000
N3GD_BODY id=3 off=380 00000000000000000000000000000000
N3GD_BODY id=3 off=390 00000000000000000000000000000000
N3GD_BODY id=3 off=3a0 00000000000000000000000000000000
N3GD_BODY id=3 off=3b0 00000000000000000000000000000000
N3GD_BODY id=3 off=3c0 00000000000000000000000000000000
N3GD_BODY id=3 off=3d0 00000000000000000000000000000000
N3GD_BODY id=3 off=3e0 00000000000000000000000000000000
N3GD_BODY id=3 off=3f0 00000000000000000000000000000000
N3GD_BODY id=3 off=400 00000000000000000000000000000000
N3GD_BODY id=3 off=410 00000000000000000000000000000000
N3GD_BODY id=3 off=420 00000000000000000000000000000000
N3GD_BODY id=3 off=430 00000000000000000000000000000000
N3GD_BODY id=3 off=440 00000000000000000000000000000000
N3GD_BODY id=3 off=450 00000000000000000000000000000000
N3GD_BODY id=3 off=460 00000000000000000000000000000000
N3GD_BODY id=3 off=470 00000000000000000000000000000000
N3GD_BODY id=3 off=480 00000000000000000000000000000000
N3GD_BODY id=3 off=490 00000000000000000000000000000000
N3GD_BODY id=3 off=4a0 00000000000000000000000000000000
N3GD_BODY id=3 off=4b0 00000000000000000000000000000000
N3GD_BODY id=3 off=4c0 00000000000000000000000000000000
N3GD_BODY id=3 off=4d0 00000000000000000000000000000000
N3GD_BODY id=3 off=4e0 00000000000000000000000000000000
N3GD_BODY id=3 off=4f0 00000000000000000000000000000000
N3GD_BODY id=3 off=500 00000000000000000000000000000000
N3GD_BODY id=3 off=510 00000000000000000000000000000000
N3GD_BODY id=3 off=520 00000000000000000000000000000000
N3GD_BODY id=3 off=530 00000000000000000000000000000000
N3GD_BODY id=3 off=540 00000000000000000000000000000000
N3GD_BODY id=3 off=550 00000000000000000000000000000000
N3GD_BODY id=3 off=560 00000000000000000000000000000000
N3GD_BODY id=3 off=570 00000000000000000000000000000000
N3GD_BODY id=3 off=580 00000000000000000000000000000000
N3GD_BODY id=3 off=590 00000000000000000000000000000000
N3GD_BODY id=3 off=5a0 00000000000000000000000000000000
N3GD_BODY id=3 off=5b0 00000000000000000000000000000000
N3GD_BODY id=3 off=5c0 00000000000000000000000000000000
N3GD_BODY id=3 off=5d0 00000000000000000000000000000000
N3GD_BODY id=3 off=5e0 00000000000000000000000000000000
N3GD_BODY id=3 off=5f0 00000000000000000000000000000000
N3GD_BODY id=3 off=600 00000000000000000000000000000000
N3GD_BODY id=3 off=610 00000000000000000000000000000000
N3GD_BODY id=3 off=620 00000000000000000000000000000000
N3GD_BODY id=3 off=630 00000000000000000000000000000000
N3GD_BODY id=3 off=640 00000000000000000000000000000000
N3GD_BODY id=3 off=650 00000000000000000000000000000000
N3GD_BODY id=3 off=660 00000000000000000000000000000000
N3GD_BODY id=3 off=670 00000000000000000000000000000000
N3GD_BODY id=3 off=680 00000000000000000000000000000000
N3GD_BODY id=3 off=690 00000000000000000000000000000000
N3GD_BODY id=3 off=6a0 00000000000000000000000000000000
N3GD_BODY id=3 off=6b0 00000000000000000000000000000000
N3GD_BODY id=3 off=6c0 00000000000000000000000000000000
N3GD_BODY id=3 off=6d0 00000000000000000000000000000000
N3GD_BODY id=3 off=6e0 00000000000000000000000000000000
N3GD_BODY id=3 off=6f0 00000000000000000000000000000000
N3GD_BODY id=3 off=700 00000000000000000000000000000000
N3GD_BODY id=3 off=710 00000000000000000000000000000000
N3GD_BODY id=3 off=720 00000000000000000000000000000000
N3GD_BODY id=3 off=730 00000000000000000000000000000000
N3GD_BODY id=3 off=740 00000000000000000000000000000000
N3GD_BODY id=3 off=750 00000000000000000000000000000000
N3GD_BODY id=3 off=760 00000000000000000000000000000000
N3GD_BODY id=3 off=770 00000000000000000000000000000000
N3GD_BODY id=3 off=780 00000000000000000000000000000000
N3GD_BODY id=3 off=790 00000000000000000000000000000000
N3GD_BODY id=3 off=7a0 00000000000000000000000000000000
N3GD_BODY id=3 off=7b0 00000000000000000000000000000000
N3GD_BODY id=3 off=7c0 00000000000000000000000000000000
N3GD_BODY id=3 off=7d0 00000000000000000000000000000000
N3GD_BODY id=3 off=7e0 00000000000000000000000000000000
N3GD_BODY id=3 off=7f0 00000000000000000000000000000000
N3GD_OOB id=3 off=000 000000000000000000000000e5ab0668
N3GD_OOB id=3 off=010 0a52efac2207c7a22532dbc8686282cd
N3GD_OOB id=3 off=020 377bcde4a25178a6eb7c95b8b7fa1e2e
N3GD_OOB id=3 off=030 eddbaafff14d9b9ea7ce563d0b3c39de
N3GD_END id=3
N3GD_BEGIN id=4 kind=cand j=-1 v=0AAB po=60 sl=4294967295 l0=FFFFFFFF host=0000A07E tgt=000140FC bank=0 pb=3156 pp=15 phy=403983 shift=4294967295 t=40 ix=DE53 u=000140F6 l=000140F6
N3GD_BODY id=4 off=000 00000000000000000000000000000000
N3GD_BODY id=4 off=010 00000000000000000000000000000000
N3GD_BODY id=4 off=020 00000000000000000000000000000000
N3GD_BODY id=4 off=030 00000000000000000000000000000000
N3GD_BODY id=4 off=040 00000000000000000000000000000000
N3GD_BODY id=4 off=050 00000000000000000000000000000000
N3GD_BODY id=4 off=060 00000000000000000000000000000000
N3GD_BODY id=4 off=070 00000000000000000000000000000000
N3GD_BODY id=4 off=080 00000000000000000000000000000000
N3GD_BODY id=4 off=090 00000000000000000000000000000000
N3GD_BODY id=4 off=0a0 00000000000000000000000000000000
N3GD_BODY id=4 off=0b0 00000000000000000000000000000000
N3GD_BODY id=4 off=0c0 00000000000000000000000000000000
N3GD_BODY id=4 off=0d0 00000000000000000000000000000000
N3GD_BODY id=4 off=0e0 00000000000000000000000000000000
N3GD_BODY id=4 off=0f0 00000000000000000000000000000000
N3GD_BODY id=4 off=100 00000000000000000000000000000000
N3GD_BODY id=4 off=110 00000000000000000000000000000000
N3GD_BODY id=4 off=120 00000000000000000000000000000000
N3GD_BODY id=4 off=130 00000000000000000000000000000000
N3GD_BODY id=4 off=140 00000000000000000000000000000000
N3GD_BODY id=4 off=150 00000000000000000000000000000000
N3GD_BODY id=4 off=160 00000000000000000000000000000000
N3GD_BODY id=4 off=170 00000000000000000000000000000000
N3GD_BODY id=4 off=180 00000000000000000000000000000000
N3GD_BODY id=4 off=190 00000000000000000000000000000000
N3GD_BODY id=4 off=1a0 00000000000000000000000000000000
N3GD_BODY id=4 off=1b0 00000000000000000000000000000000
N3GD_BODY id=4 off=1c0 00000000000000000000000000000000
N3GD_BODY id=4 off=1d0 00000000000000000000000000000000
N3GD_BODY id=4 off=1e0 00000000000000000000000000000000
N3GD_BODY id=4 off=1f0 00000000000000000000000000000000
N3GD_BODY id=4 off=200 00000000000000000000000000000000
N3GD_BODY id=4 off=210 00000000000000000000000000000000
N3GD_BODY id=4 off=220 00000000000000000000000000000000
N3GD_BODY id=4 off=230 00000000000000000000000000000000
N3GD_BODY id=4 off=240 00000000000000000000000000000000
N3GD_BODY id=4 off=250 00000000000000000000000000000000
N3GD_BODY id=4 off=260 00000000000000000000000000000000
N3GD_BODY id=4 off=270 00000000000000000000000000000000
N3GD_BODY id=4 off=280 00000000000000000000000000000000
N3GD_BODY id=4 off=290 00000000000000000000000000000000
N3GD_BODY id=4 off=2a0 00000000000000000000000000000000
N3GD_BODY id=4 off=2b0 00000000000000000000000000000000
N3GD_BODY id=4 off=2c0 00000000000000000000000000000000
N3GD_BODY id=4 off=2d0 00000000000000000000000000000000
N3GD_BODY id=4 off=2e0 00000000000000000000000000000000
N3GD_BODY id=4 off=2f0 00000000000000000000000000000000
N3GD_BODY id=4 off=300 00000000000000000000000000000000
N3GD_BODY id=4 off=310 00000000000000000000000000000000
N3GD_BODY id=4 off=320 00000000000000000000000000000000
N3GD_BODY id=4 off=330 00000000000000000000000000000000
N3GD_BODY id=4 off=340 00000000000000000000000000000000
N3GD_BODY id=4 off=350 00000000000000000000000000000000
N3GD_BODY id=4 off=360 00000000000000000000000000000000
N3GD_BODY id=4 off=370 00000000000000000000000000000000
N3GD_BODY id=4 off=380 00000000000000000000000000000000
N3GD_BODY id=4 off=390 00000000000000000000000000000000
N3GD_BODY id=4 off=3a0 00000000000000000000000000000000
N3GD_BODY id=4 off=3b0 00000000000000000000000000000000
N3GD_BODY id=4 off=3c0 00000000000000000000000000000000
N3GD_BODY id=4 off=3d0 00000000000000000000000000000000
N3GD_BODY id=4 off=3e0 00000000000000000000000000000000
N3GD_BODY id=4 off=3f0 00000000000000000000000000000000
N3GD_BODY id=4 off=400 00000000000000000000000000000000
N3GD_BODY id=4 off=410 00000000000000000000000000000000
N3GD_BODY id=4 off=420 00000000000000000000000000000000
N3GD_BODY id=4 off=430 00000000000000000000000000000000
N3GD_BODY id=4 off=440 00000000000000000000000000000000
N3GD_BODY id=4 off=450 00000000000000000000000000000000
N3GD_BODY id=4 off=460 00000000000000000000000000000000
N3GD_BODY id=4 off=470 00000000000000000000000000000000
N3GD_BODY id=4 off=480 00000000000000000000000000000000
N3GD_BODY id=4 off=490 00000000000000000000000000000000
N3GD_BODY id=4 off=4a0 00000000000000000000000000000000
N3GD_BODY id=4 off=4b0 00000000000000000000000000000000
N3GD_BODY id=4 off=4c0 00000000000000000000000000000000
N3GD_BODY id=4 off=4d0 00000000000000000000000000000000
N3GD_BODY id=4 off=4e0 00000000000000000000000000000000
N3GD_BODY id=4 off=4f0 00000000000000000000000000000000
N3GD_BODY id=4 off=500 00000000000000000000000000000000
N3GD_BODY id=4 off=510 00000000000000000000000000000000
N3GD_BODY id=4 off=520 00000000000000000000000000000000
N3GD_BODY id=4 off=530 00000000000000000000000000000000
N3GD_BODY id=4 off=540 00000000000000000000000000000000
N3GD_BODY id=4 off=550 00000000000000000000000000000000
N3GD_BODY id=4 off=560 00000000000000000000000000000000
N3GD_BODY id=4 off=570 00000000000000000000000000000000
N3GD_BODY id=4 off=580 00000000000000000000000000000000
N3GD_BODY id=4 off=590 00000000000000000000000000000000
N3GD_BODY id=4 off=5a0 00000000000000000000000000000000
N3GD_BODY id=4 off=5b0 00000000000000000000000000000000
N3GD_BODY id=4 off=5c0 00000000000000000000000000000000
N3GD_BODY id=4 off=5d0 00000000000000000000000000000000
N3GD_BODY id=4 off=5e0 00000000000000000000000000000000
N3GD_BODY id=4 off=5f0 00000000000000000000000000000000
N3GD_BODY id=4 off=600 00000000000000000000000000000000
N3GD_BODY id=4 off=610 00000000000000000000000000000000
N3GD_BODY id=4 off=620 00000000000000000000000000000000
N3GD_BODY id=4 off=630 00000000000000000000000000000000
N3GD_BODY id=4 off=640 00000000000000000000000000000000
N3GD_BODY id=4 off=650 00000000000000000000000000000000
N3GD_BODY id=4 off=660 00000000000000000000000000000000
N3GD_BODY id=4 off=670 00000000000000000000000000000000
N3GD_BODY id=4 off=680 00000000000000000000000000000000
N3GD_BODY id=4 off=690 00000000000000000000000000000000
N3GD_BODY id=4 off=6a0 00000000000000000000000000000000
N3GD_BODY id=4 off=6b0 00000000000000000000000000000000
N3GD_BODY id=4 off=6c0 00000000000000000000000000000000
N3GD_BODY id=4 off=6d0 00000000000000000000000000000000
N3GD_BODY id=4 off=6e0 00000000000000000000000000000000
N3GD_BODY id=4 off=6f0 00000000000000000000000000000000
N3GD_BODY id=4 off=700 00000000000000000000000000000000
N3GD_BODY id=4 off=710 00000000000000000000000000000000
N3GD_BODY id=4 off=720 00000000000000000000000000000000
N3GD_BODY id=4 off=730 00000000000000000000000000000000
N3GD_BODY id=4 off=740 00000000000000000000000000000000
N3GD_BODY id=4 off=750 00000000000000000000000000000000
N3GD_BODY id=4 off=760 00000000000000000000000000000000
N3GD_BODY id=4 off=770 00000000000000000000000000000000
N3GD_BODY id=4 off=780 00000000000000000000000000000000
N3GD_BODY id=4 off=790 00000000000000000000000000000000
N3GD_BODY id=4 off=7a0 00000000000000000000000000000000
N3GD_BODY id=4 off=7b0 00000000000000000000000000000000
N3GD_BODY id=4 off=7c0 00000000000000000000000000000000
N3GD_BODY id=4 off=7d0 00000000000000000000000000000000
N3GD_BODY id=4 off=7e0 00000000000000000000000000000000
N3GD_BODY id=4 off=7f0 00000000000000000000000000000000
N3GD_OOB id=4 off=000 f640010053de0000ff40ffffe5ab0668
N3GD_OOB id=4 off=010 0a52efac2207c7a22532dbc8686282cd
N3GD_OOB id=4 off=020 377bcde4a25178a6eb7c95b8b7fa1e2e
N3GD_OOB id=4 off=030 eddbaafff14d9b9ea7ce563d0b3c39de
N3GD_END id=4
N3GD_BEGIN id=5 kind=cand j=-1 v=0AAB po=61 sl=4294967295 l0=FFFFFFFF host=0000A07E tgt=000140FC bank=1 pb=3156 pp=15 phy=403983 shift=4294967295 t=00 ix=0000 u=00000000 l=00000000
N3GD_BODY id=5 off=000 00000000000000000000000000000000
N3GD_BODY id=5 off=010 00000000000000000000000000000000
N3GD_BODY id=5 off=020 00000000000000000000000000000000
N3GD_BODY id=5 off=030 00000000000000000000000000000000
N3GD_BODY id=5 off=040 00000000000000000000000000000000
N3GD_BODY id=5 off=050 00000000000000000000000000000000
N3GD_BODY id=5 off=060 00000000000000000000000000000000
N3GD_BODY id=5 off=070 00000000000000000000000000000000
N3GD_BODY id=5 off=080 00000000000000000000000000000000
N3GD_BODY id=5 off=090 00000000000000000000000000000000
N3GD_BODY id=5 off=0a0 00000000000000000000000000000000
N3GD_BODY id=5 off=0b0 00000000000000000000000000000000
N3GD_BODY id=5 off=0c0 00000000000000000000000000000000
N3GD_BODY id=5 off=0d0 00000000000000000000000000000000
N3GD_BODY id=5 off=0e0 00000000000000000000000000000000
N3GD_BODY id=5 off=0f0 00000000000000000000000000000000
N3GD_BODY id=5 off=100 00000000000000000000000000000000
N3GD_BODY id=5 off=110 00000000000000000000000000000000
N3GD_BODY id=5 off=120 00000000000000000000000000000000
N3GD_BODY id=5 off=130 00000000000000000000000000000000
N3GD_BODY id=5 off=140 00000000000000000000000000000000
N3GD_BODY id=5 off=150 00000000000000000000000000000000
N3GD_BODY id=5 off=160 00000000000000000000000000000000
N3GD_BODY id=5 off=170 00000000000000000000000000000000
N3GD_BODY id=5 off=180 00000000000000000000000000000000
N3GD_BODY id=5 off=190 00000000000000000000000000000000
N3GD_BODY id=5 off=1a0 00000000000000000000000000000000
N3GD_BODY id=5 off=1b0 00000000000000000000000000000000
N3GD_BODY id=5 off=1c0 00000000000000000000000000000000
N3GD_BODY id=5 off=1d0 00000000000000000000000000000000
N3GD_BODY id=5 off=1e0 00000000000000000000000000000000
N3GD_BODY id=5 off=1f0 00000000000000000000000000000000
N3GD_BODY id=5 off=200 00000000000000000000000000000000
N3GD_BODY id=5 off=210 00000000000000000000000000000000
N3GD_BODY id=5 off=220 00000000000000000000000000000000
N3GD_BODY id=5 off=230 00000000000000000000000000000000
N3GD_BODY id=5 off=240 00000000000000000000000000000000
N3GD_BODY id=5 off=250 00000000000000000000000000000000
N3GD_BODY id=5 off=260 00000000000000000000000000000000
N3GD_BODY id=5 off=270 00000000000000000000000000000000
N3GD_BODY id=5 off=280 00000000000000000000000000000000
N3GD_BODY id=5 off=290 00000000000000000000000000000000
N3GD_BODY id=5 off=2a0 00000000000000000000000000000000
N3GD_BODY id=5 off=2b0 00000000000000000000000000000000
N3GD_BODY id=5 off=2c0 00000000000000000000000000000000
N3GD_BODY id=5 off=2d0 00000000000000000000000000000000
N3GD_BODY id=5 off=2e0 00000000000000000000000000000000
N3GD_BODY id=5 off=2f0 00000000000000000000000000000000
N3GD_BODY id=5 off=300 00000000000000000000000000000000
N3GD_BODY id=5 off=310 00000000000000000000000000000000
N3GD_BODY id=5 off=320 00000000000000000000000000000000
N3GD_BODY id=5 off=330 00000000000000000000000000000000
N3GD_BODY id=5 off=340 00000000000000000000000000000000
N3GD_BODY id=5 off=350 00000000000000000000000000000000
N3GD_BODY id=5 off=360 00000000000000000000000000000000
N3GD_BODY id=5 off=370 00000000000000000000000000000000
N3GD_BODY id=5 off=380 00000000000000000000000000000000
N3GD_BODY id=5 off=390 00000000000000000000000000000000
N3GD_BODY id=5 off=3a0 00000000000000000000000000000000
N3GD_BODY id=5 off=3b0 00000000000000000000000000000000
N3GD_BODY id=5 off=3c0 00000000000000000000000000000000
N3GD_BODY id=5 off=3d0 00000000000000000000000000000000
N3GD_BODY id=5 off=3e0 00000000000000000000000000000000
N3GD_BODY id=5 off=3f0 00000000000000000000000000000000
N3GD_BODY id=5 off=400 00000000000000000000000000000000
N3GD_BODY id=5 off=410 00000000000000000000000000000000
N3GD_BODY id=5 off=420 00000000000000000000000000000000
N3GD_BODY id=5 off=430 00000000000000000000000000000000
N3GD_BODY id=5 off=440 00000000000000000000000000000000
N3GD_BODY id=5 off=450 00000000000000000000000000000000
N3GD_BODY id=5 off=460 00000000000000000000000000000000
N3GD_BODY id=5 off=470 00000000000000000000000000000000
N3GD_BODY id=5 off=480 00000000000000000000000000000000
N3GD_BODY id=5 off=490 00000000000000000000000000000000
N3GD_BODY id=5 off=4a0 00000000000000000000000000000000
N3GD_BODY id=5 off=4b0 00000000000000000000000000000000
N3GD_BODY id=5 off=4c0 00000000000000000000000000000000
N3GD_BODY id=5 off=4d0 00000000000000000000000000000000
N3GD_BODY id=5 off=4e0 00000000000000000000000000000000
N3GD_BODY id=5 off=4f0 00000000000000000000000000000000
N3GD_BODY id=5 off=500 00000000000000000000000000000000
N3GD_BODY id=5 off=510 00000000000000000000000000000000
N3GD_BODY id=5 off=520 00000000000000000000000000000000
N3GD_BODY id=5 off=530 00000000000000000000000000000000
N3GD_BODY id=5 off=540 00000000000000000000000000000000
N3GD_BODY id=5 off=550 00000000000000000000000000000000
N3GD_BODY id=5 off=560 00000000000000000000000000000000
N3GD_BODY id=5 off=570 00000000000000000000000000000000
N3GD_BODY id=5 off=580 00000000000000000000000000000000
N3GD_BODY id=5 off=590 00000000000000000000000000000000
N3GD_BODY id=5 off=5a0 00000000000000000000000000000000
N3GD_BODY id=5 off=5b0 00000000000000000000000000000000
N3GD_BODY id=5 off=5c0 00000000000000000000000000000000
N3GD_BODY id=5 off=5d0 00000000000000000000000000000000
N3GD_BODY id=5 off=5e0 00000000000000000000000000000000
N3GD_BODY id=5 off=5f0 00000000000000000000000000000000
N3GD_BODY id=5 off=600 00000000000000000000000000000000
N3GD_BODY id=5 off=610 00000000000000000000000000000000
N3GD_BODY id=5 off=620 00000000000000000000000000000000
N3GD_BODY id=5 off=630 00000000000000000000000000000000
N3GD_BODY id=5 off=640 00000000000000000000000000000000
N3GD_BODY id=5 off=650 00000000000000000000000000000000
N3GD_BODY id=5 off=660 00000000000000000000000000000000
N3GD_BODY id=5 off=670 00000000000000000000000000000000
N3GD_BODY id=5 off=680 00000000000000000000000000000000
N3GD_BODY id=5 off=690 00000000000000000000000000000000
N3GD_BODY id=5 off=6a0 00000000000000000000000000000000
N3GD_BODY id=5 off=6b0 00000000000000000000000000000000
N3GD_BODY id=5 off=6c0 00000000000000000000000000000000
N3GD_BODY id=5 off=6d0 00000000000000000000000000000000
N3GD_BODY id=5 off=6e0 00000000000000000000000000000000
N3GD_BODY id=5 off=6f0 00000000000000000000000000000000
N3GD_BODY id=5 off=700 00000000000000000000000000000000
N3GD_BODY id=5 off=710 00000000000000000000000000000000
N3GD_BODY id=5 off=720 00000000000000000000000000000000
N3GD_BODY id=5 off=730 00000000000000000000000000000000
N3GD_BODY id=5 off=740 00000000000000000000000000000000
N3GD_BODY id=5 off=750 00000000000000000000000000000000
N3GD_BODY id=5 off=760 00000000000000000000000000000000
N3GD_BODY id=5 off=770 00000000000000000000000000000000
N3GD_BODY id=5 off=780 00000000000000000000000000000000
N3GD_BODY id=5 off=790 00000000000000000000000000000000
N3GD_BODY id=5 off=7a0 00000000000000000000000000000000
N3GD_BODY id=5 off=7b0 00000000000000000000000000000000
N3GD_BODY id=5 off=7c0 00000000000000000000000000000000
N3GD_BODY id=5 off=7d0 00000000000000000000000000000000
N3GD_BODY id=5 off=7e0 00000000000000000000000000000000
N3GD_BODY id=5 off=7f0 00000000000000000000000000000000
N3GD_OOB id=5 off=000 000000000000000000000000e5ab0668
N3GD_OOB id=5 off=010 0a52efac2207c7a22532dbc8686282cd
N3GD_OOB id=5 off=020 377bcde4a25178a6eb7c95b8b7fa1e2e
N3GD_OOB id=5 off=030 eddbaafff14d9b9ea7ce563d0b3c39de
N3GD_END id=5
N3GD_BEGIN id=6 kind=cand j=-1 v=0AAB po=62 sl=4294967295 l0=FFFFFFFF host=0000A07E tgt=000140FC bank=2 pb=3156 pp=15 phy=403983 shift=4294967295 t=00 ix=0000 u=00000000 l=00000000
N3GD_BODY id=6 off=000 00000000000000000000000000000000
N3GD_BODY id=6 off=010 00000000000000000000000000000000
N3GD_BODY id=6 off=020 00000000000000000000000000000000
N3GD_BODY id=6 off=030 00000000000000000000000000000000
N3GD_BODY id=6 off=040 00000000000000000000000000000000
N3GD_BODY id=6 off=050 00000000000000000000000000000000
N3GD_BODY id=6 off=060 00000000000000000000000000000000
N3GD_BODY id=6 off=070 00000000000000000000000000000000
N3GD_BODY id=6 off=080 00000000000000000000000000000000
N3GD_BODY id=6 off=090 00000000000000000000000000000000
N3GD_BODY id=6 off=0a0 00000000000000000000000000000000
N3GD_BODY id=6 off=0b0 00000000000000000000000000000000
N3GD_BODY id=6 off=0c0 00000000000000000000000000000000
N3GD_BODY id=6 off=0d0 00000000000000000000000000000000
N3GD_BODY id=6 off=0e0 00000000000000000000000000000000
N3GD_BODY id=6 off=0f0 00000000000000000000000000000000
N3GD_BODY id=6 off=100 00000000000000000000000000000000
N3GD_BODY id=6 off=110 00000000000000000000000000000000
N3GD_BODY id=6 off=120 00000000000000000000000000000000
N3GD_BODY id=6 off=130 00000000000000000000000000000000
N3GD_BODY id=6 off=140 00000000000000000000000000000000
N3GD_BODY id=6 off=150 00000000000000000000000000000000
N3GD_BODY id=6 off=160 00000000000000000000000000000000
N3GD_BODY id=6 off=170 00000000000000000000000000000000
N3GD_BODY id=6 off=180 00000000000000000000000000000000
N3GD_BODY id=6 off=190 00000000000000000000000000000000
N3GD_BODY id=6 off=1a0 00000000000000000000000000000000
N3GD_BODY id=6 off=1b0 00000000000000000000000000000000
N3GD_BODY id=6 off=1c0 00000000000000000000000000000000
N3GD_BODY id=6 off=1d0 00000000000000000000000000000000
N3GD_BODY id=6 off=1e0 00000000000000000000000000000000
N3GD_BODY id=6 off=1f0 00000000000000000000000000000000
N3GD_BODY id=6 off=200 00000000000000000000000000000000
N3GD_BODY id=6 off=210 00000000000000000000000000000000
N3GD_BODY id=6 off=220 00000000000000000000000000000000
N3GD_BODY id=6 off=230 00000000000000000000000000000000
N3GD_BODY id=6 off=240 00000000000000000000000000000000
N3GD_BODY id=6 off=250 00000000000000000000000000000000
N3GD_BODY id=6 off=260 00000000000000000000000000000000
N3GD_BODY id=6 off=270 00000000000000000000000000000000
N3GD_BODY id=6 off=280 00000000000000000000000000000000
N3GD_BODY id=6 off=290 00000000000000000000000000000000
N3GD_BODY id=6 off=2a0 00000000000000000000000000000000
N3GD_BODY id=6 off=2b0 00000000000000000000000000000000
N3GD_BODY id=6 off=2c0 00000000000000000000000000000000
N3GD_BODY id=6 off=2d0 00000000000000000000000000000000
N3GD_BODY id=6 off=2e0 00000000000000000000000000000000
N3GD_BODY id=6 off=2f0 00000000000000000000000000000000
N3GD_BODY id=6 off=300 00000000000000000000000000000000
N3GD_BODY id=6 off=310 00000000000000000000000000000000
N3GD_BODY id=6 off=320 00000000000000000000000000000000
N3GD_BODY id=6 off=330 00000000000000000000000000000000
N3GD_BODY id=6 off=340 00000000000000000000000000000000
N3GD_BODY id=6 off=350 00000000000000000000000000000000
N3GD_BODY id=6 off=360 00000000000000000000000000000000
N3GD_BODY id=6 off=370 00000000000000000000000000000000
N3GD_BODY id=6 off=380 00000000000000000000000000000000
N3GD_BODY id=6 off=390 00000000000000000000000000000000
N3GD_BODY id=6 off=3a0 00000000000000000000000000000000
N3GD_BODY id=6 off=3b0 00000000000000000000000000000000
N3GD_BODY id=6 off=3c0 00000000000000000000000000000000
N3GD_BODY id=6 off=3d0 00000000000000000000000000000000
N3GD_BODY id=6 off=3e0 00000000000000000000000000000000
N3GD_BODY id=6 off=3f0 00000000000000000000000000000000
N3GD_BODY id=6 off=400 00000000000000000000000000000000
N3GD_BODY id=6 off=410 00000000000000000000000000000000
N3GD_BODY id=6 off=420 00000000000000000000000000000000
N3GD_BODY id=6 off=430 00000000000000000000000000000000
N3GD_BODY id=6 off=440 00000000000000000000000000000000
N3GD_BODY id=6 off=450 00000000000000000000000000000000
N3GD_BODY id=6 off=460 00000000000000000000000000000000
N3GD_BODY id=6 off=470 00000000000000000000000000000000
N3GD_BODY id=6 off=480 00000000000000000000000000000000
N3GD_BODY id=6 off=490 00000000000000000000000000000000
N3GD_BODY id=6 off=4a0 00000000000000000000000000000000
N3GD_BODY id=6 off=4b0 00000000000000000000000000000000
N3GD_BODY id=6 off=4c0 00000000000000000000000000000000
N3GD_BODY id=6 off=4d0 00000000000000000000000000000000
N3GD_BODY id=6 off=4e0 00000000000000000000000000000000
N3GD_BODY id=6 off=4f0 00000000000000000000000000000000
N3GD_BODY id=6 off=500 00000000000000000000000000000000
N3GD_BODY id=6 off=510 00000000000000000000000000000000
N3GD_BODY id=6 off=520 00000000000000000000000000000000
N3GD_BODY id=6 off=530 00000000000000000000000000000000
N3GD_BODY id=6 off=540 00000000000000000000000000000000
N3GD_BODY id=6 off=550 00000000000000000000000000000000
N3GD_BODY id=6 off=560 00000000000000000000000000000000
N3GD_BODY id=6 off=570 00000000000000000000000000000000
N3GD_BODY id=6 off=580 00000000000000000000000000000000
N3GD_BODY id=6 off=590 00000000000000000000000000000000
N3GD_BODY id=6 off=5a0 00000000000000000000000000000000
N3GD_BODY id=6 off=5b0 00000000000000000000000000000000
N3GD_BODY id=6 off=5c0 00000000000000000000000000000000
N3GD_BODY id=6 off=5d0 00000000000000000000000000000000
N3GD_BODY id=6 off=5e0 00000000000000000000000000000000
N3GD_BODY id=6 off=5f0 00000000000000000000000000000000
N3GD_BODY id=6 off=600 00000000000000000000000000000000
N3GD_BODY id=6 off=610 00000000000000000000000000000000
N3GD_BODY id=6 off=620 00000000000000000000000000000000
N3GD_BODY id=6 off=630 00000000000000000000000000000000
N3GD_BODY id=6 off=640 00000000000000000000000000000000
N3GD_BODY id=6 off=650 00000000000000000000000000000000
N3GD_BODY id=6 off=660 00000000000000000000000000000000
N3GD_BODY id=6 off=670 00000000000000000000000000000000
N3GD_BODY id=6 off=680 00000000000000000000000000000000
N3GD_BODY id=6 off=690 00000000000000000000000000000000
N3GD_BODY id=6 off=6a0 00000000000000000000000000000000
N3GD_BODY id=6 off=6b0 00000000000000000000000000000000
N3GD_BODY id=6 off=6c0 00000000000000000000000000000000
N3GD_BODY id=6 off=6d0 00000000000000000000000000000000
N3GD_BODY id=6 off=6e0 00000000000000000000000000000000
N3GD_BODY id=6 off=6f0 00000000000000000000000000000000
N3GD_BODY id=6 off=700 00000000000000000000000000000000
N3GD_BODY id=6 off=710 00000000000000000000000000000000
N3GD_BODY id=6 off=720 00000000000000000000000000000000
N3GD_BODY id=6 off=730 00000000000000000000000000000000
N3GD_BODY id=6 off=740 00000000000000000000000000000000
N3GD_BODY id=6 off=750 00000000000000000000000000000000
N3GD_BODY id=6 off=760 00000000000000000000000000000000
N3GD_BODY id=6 off=770 00000000000000000000000000000000
N3GD_BODY id=6 off=780 00000000000000000000000000000000
N3GD_BODY id=6 off=790 00000000000000000000000000000000
N3GD_BODY id=6 off=7a0 00000000000000000000000000000000
N3GD_BODY id=6 off=7b0 00000000000000000000000000000000
N3GD_BODY id=6 off=7c0 00000000000000000000000000000000
N3GD_BODY id=6 off=7d0 00000000000000000000000000000000
N3GD_BODY id=6 off=7e0 00000000000000000000000000000000
N3GD_BODY id=6 off=7f0 00000000000000000000000000000000
N3GD_OOB id=6 off=000 000000000000000000000000e5ab0668
N3GD_OOB id=6 off=010 0a52efac2207c7a22532dbc8686282cd
N3GD_OOB id=6 off=020 377bcde4a25178a6eb7c95b8b7fa1e2e
N3GD_OOB id=6 off=030 eddbaafff14d9b9ea7ce563d0b3c39de
N3GD_END id=6
N3GD_BEGIN id=7 kind=cand j=-1 v=0AAB po=63 sl=4294967295 l0=FFFFFFFF host=0000A07E tgt=000140FC bank=3 pb=3156 pp=15 phy=403983 shift=4294967295 t=00 ix=0000 u=00000000 l=00000000
N3GD_BODY id=7 off=000 00000000000000000000000000000000
N3GD_BODY id=7 off=010 00000000000000000000000000000000
N3GD_BODY id=7 off=020 00000000000000000000000000000000
N3GD_BODY id=7 off=030 00000000000000000000000000000000
N3GD_BODY id=7 off=040 00000000000000000000000000000000
N3GD_BODY id=7 off=050 00000000000000000000000000000000
N3GD_BODY id=7 off=060 00000000000000000000000000000000
N3GD_BODY id=7 off=070 00000000000000000000000000000000
N3GD_BODY id=7 off=080 00000000000000000000000000000000
N3GD_BODY id=7 off=090 00000000000000000000000000000000
N3GD_BODY id=7 off=0a0 00000000000000000000000000000000
N3GD_BODY id=7 off=0b0 00000000000000000000000000000000
N3GD_BODY id=7 off=0c0 00000000000000000000000000000000
N3GD_BODY id=7 off=0d0 00000000000000000000000000000000
N3GD_BODY id=7 off=0e0 00000000000000000000000000000000
N3GD_BODY id=7 off=0f0 00000000000000000000000000000000
N3GD_BODY id=7 off=100 00000000000000000000000000000000
N3GD_BODY id=7 off=110 00000000000000000000000000000000
N3GD_BODY id=7 off=120 00000000000000000000000000000000
N3GD_BODY id=7 off=130 00000000000000000000000000000000
N3GD_BODY id=7 off=140 00000000000000000000000000000000
N3GD_BODY id=7 off=150 00000000000000000000000000000000
N3GD_BODY id=7 off=160 00000000000000000000000000000000
N3GD_BODY id=7 off=170 00000000000000000000000000000000
N3GD_BODY id=7 off=180 00000000000000000000000000000000
N3GD_BODY id=7 off=190 00000000000000000000000000000000
N3GD_BODY id=7 off=1a0 00000000000000000000000000000000
N3GD_BODY id=7 off=1b0 00000000000000000000000000000000
N3GD_BODY id=7 off=1c0 00000000000000000000000000000000
N3GD_BODY id=7 off=1d0 00000000000000000000000000000000
N3GD_BODY id=7 off=1e0 00000000000000000000000000000000
N3GD_BODY id=7 off=1f0 00000000000000000000000000000000
N3GD_BODY id=7 off=200 00000000000000000000000000000000
N3GD_BODY id=7 off=210 00000000000000000000000000000000
N3GD_BODY id=7 off=220 00000000000000000000000000000000
N3GD_BODY id=7 off=230 00000000000000000000000000000000
N3GD_BODY id=7 off=240 00000000000000000000000000000000
N3GD_BODY id=7 off=250 00000000000000000000000000000000
N3GD_BODY id=7 off=260 00000000000000000000000000000000
N3GD_BODY id=7 off=270 00000000000000000000000000000000
N3GD_BODY id=7 off=280 00000000000000000000000000000000
N3GD_BODY id=7 off=290 00000000000000000000000000000000
N3GD_BODY id=7 off=2a0 00000000000000000000000000000000
N3GD_BODY id=7 off=2b0 00000000000000000000000000000000
N3GD_BODY id=7 off=2c0 00000000000000000000000000000000
N3GD_BODY id=7 off=2d0 00000000000000000000000000000000
N3GD_BODY id=7 off=2e0 00000000000000000000000000000000
N3GD_BODY id=7 off=2f0 00000000000000000000000000000000
N3GD_BODY id=7 off=300 00000000000000000000000000000000
N3GD_BODY id=7 off=310 00000000000000000000000000000000
N3GD_BODY id=7 off=320 00000000000000000000000000000000
N3GD_BODY id=7 off=330 00000000000000000000000000000000
N3GD_BODY id=7 off=340 00000000000000000000000000000000
N3GD_BODY id=7 off=350 00000000000000000000000000000000
N3GD_BODY id=7 off=360 00000000000000000000000000000000
N3GD_BODY id=7 off=370 00000000000000000000000000000000
N3GD_BODY id=7 off=380 00000000000000000000000000000000
N3GD_BODY id=7 off=390 00000000000000000000000000000000
N3GD_BODY id=7 off=3a0 00000000000000000000000000000000
N3GD_BODY id=7 off=3b0 00000000000000000000000000000000
N3GD_BODY id=7 off=3c0 00000000000000000000000000000000
N3GD_BODY id=7 off=3d0 00000000000000000000000000000000
N3GD_BODY id=7 off=3e0 00000000000000000000000000000000
N3GD_BODY id=7 off=3f0 00000000000000000000000000000000
N3GD_BODY id=7 off=400 00000000000000000000000000000000
N3GD_BODY id=7 off=410 00000000000000000000000000000000
N3GD_BODY id=7 off=420 00000000000000000000000000000000
N3GD_BODY id=7 off=430 00000000000000000000000000000000
N3GD_BODY id=7 off=440 00000000000000000000000000000000
N3GD_BODY id=7 off=450 00000000000000000000000000000000
N3GD_BODY id=7 off=460 00000000000000000000000000000000
N3GD_BODY id=7 off=470 00000000000000000000000000000000
N3GD_BODY id=7 off=480 00000000000000000000000000000000
N3GD_BODY id=7 off=490 00000000000000000000000000000000
N3GD_BODY id=7 off=4a0 00000000000000000000000000000000
N3GD_BODY id=7 off=4b0 00000000000000000000000000000000
N3GD_BODY id=7 off=4c0 00000000000000000000000000000000
N3GD_BODY id=7 off=4d0 00000000000000000000000000000000
N3GD_BODY id=7 off=4e0 00000000000000000000000000000000
N3GD_BODY id=7 off=4f0 00000000000000000000000000000000
N3GD_BODY id=7 off=500 00000000000000000000000000000000
N3GD_BODY id=7 off=510 00000000000000000000000000000000
N3GD_BODY id=7 off=520 00000000000000000000000000000000
N3GD_BODY id=7 off=530 00000000000000000000000000000000
N3GD_BODY id=7 off=540 00000000000000000000000000000000
N3GD_BODY id=7 off=550 00000000000000000000000000000000
N3GD_BODY id=7 off=560 00000000000000000000000000000000
N3GD_BODY id=7 off=570 00000000000000000000000000000000
N3GD_BODY id=7 off=580 00000000000000000000000000000000
N3GD_BODY id=7 off=590 00000000000000000000000000000000
N3GD_BODY id=7 off=5a0 00000000000000000000000000000000
N3GD_BODY id=7 off=5b0 00000000000000000000000000000000
N3GD_BODY id=7 off=5c0 00000000000000000000000000000000
N3GD_BODY id=7 off=5d0 00000000000000000000000000000000
N3GD_BODY id=7 off=5e0 00000000000000000000000000000000
N3GD_BODY id=7 off=5f0 00000000000000000000000000000000
N3GD_BODY id=7 off=600 00000000000000000000000000000000
N3GD_BODY id=7 off=610 00000000000000000000000000000000
N3GD_BODY id=7 off=620 00000000000000000000000000000000
N3GD_BODY id=7 off=630 00000000000000000000000000000000
N3GD_BODY id=7 off=640 00000000000000000000000000000000
N3GD_BODY id=7 off=650 00000000000000000000000000000000
N3GD_BODY id=7 off=660 00000000000000000000000000000000
N3GD_BODY id=7 off=670 00000000000000000000000000000000
N3GD_BODY id=7 off=680 00000000000000000000000000000000
N3GD_BODY id=7 off=690 00000000000000000000000000000000
N3GD_BODY id=7 off=6a0 00000000000000000000000000000000
N3GD_BODY id=7 off=6b0 00000000000000000000000000000000
N3GD_BODY id=7 off=6c0 00000000000000000000000000000000
N3GD_BODY id=7 off=6d0 00000000000000000000000000000000
N3GD_BODY id=7 off=6e0 00000000000000000000000000000000
N3GD_BODY id=7 off=6f0 00000000000000000000000000000000
N3GD_BODY id=7 off=700 00000000000000000000000000000000
N3GD_BODY id=7 off=710 00000000000000000000000000000000
N3GD_BODY id=7 off=720 00000000000000000000000000000000
N3GD_BODY id=7 off=730 00000000000000000000000000000000
N3GD_BODY id=7 off=740 00000000000000000000000000000000
N3GD_BODY id=7 off=750 00000000000000000000000000000000
N3GD_BODY id=7 off=760 00000000000000000000000000000000
N3GD_BODY id=7 off=770 00000000000000000000000000000000
N3GD_BODY id=7 off=780 00000000000000000000000000000000
N3GD_BODY id=7 off=790 00000000000000000000000000000000
N3GD_BODY id=7 off=7a0 00000000000000000000000000000000
N3GD_BODY id=7 off=7b0 00000000000000000000000000000000
N3GD_BODY id=7 off=7c0 00000000000000000000000000000000
N3GD_BODY id=7 off=7d0 00000000000000000000000000000000
N3GD_BODY id=7 off=7e0 00000000000000000000000000000000
N3GD_BODY id=7 off=7f0 00000000000000000000000000000000
N3GD_OOB id=7 off=000 000000000000000000000000e5ab0668
N3GD_OOB id=7 off=010 0a52efac2207c7a22532dbc8686282cd
N3GD_OOB id=7 off=020 377bcde4a25178a6eb7c95b8b7fa1e2e
N3GD_OOB id=7 off=030 eddbaafff14d9b9ea7ce563d0b3c39de
N3GD_END id=7
N3GD_BEGIN id=8 kind=cand j=-1 v=0AAB po=64 sl=0 l0=FFFFFFFF host=0000A07E tgt=000140FC bank=0 pb=3156 pp=16 phy=403984 shift=0 t=40 ix=DE53 u=000140FE l=000140FE
N3GD_BODY id=8 off=000 52526141000000000000000000000000
N3GD_BODY id=8 off=010 00000000000000000000000000000000
N3GD_BODY id=8 off=020 00000000000000000000000000000000
N3GD_BODY id=8 off=030 00000000000000000000000000000000
N3GD_BODY id=8 off=040 00000000000000000000000000000000
N3GD_BODY id=8 off=050 00000000000000000000000000000000
N3GD_BODY id=8 off=060 00000000000000000000000000000000
N3GD_BODY id=8 off=070 00000000000000000000000000000000
N3GD_BODY id=8 off=080 00000000000000000000000000000000
N3GD_BODY id=8 off=090 00000000000000000000000000000000
N3GD_BODY id=8 off=0a0 00000000000000000000000000000000
N3GD_BODY id=8 off=0b0 00000000000000000000000000000000
N3GD_BODY id=8 off=0c0 00000000000000000000000000000000
N3GD_BODY id=8 off=0d0 00000000000000000000000000000000
N3GD_BODY id=8 off=0e0 00000000000000000000000000000000
N3GD_BODY id=8 off=0f0 00000000000000000000000000000000
N3GD_BODY id=8 off=100 00000000000000000000000000000000
N3GD_BODY id=8 off=110 00000000000000000000000000000000
N3GD_BODY id=8 off=120 00000000000000000000000000000000
N3GD_BODY id=8 off=130 00000000000000000000000000000000
N3GD_BODY id=8 off=140 00000000000000000000000000000000
N3GD_BODY id=8 off=150 00000000000000000000000000000000
N3GD_BODY id=8 off=160 00000000000000000000000000000000
N3GD_BODY id=8 off=170 00000000000000000000000000000000
N3GD_BODY id=8 off=180 00000000000000000000000000000000
N3GD_BODY id=8 off=190 00000000000000000000000000000000
N3GD_BODY id=8 off=1a0 00000000000000000000000000000000
N3GD_BODY id=8 off=1b0 00000000000000000000000000000000
N3GD_BODY id=8 off=1c0 00000000000000000000000000000000
N3GD_BODY id=8 off=1d0 00000000000000000000000000000000
N3GD_BODY id=8 off=1e0 000000007272416115780e0010000000
N3GD_BODY id=8 off=1f0 000000000000000000000000000055aa
N3GD_BODY id=8 off=200 00000000000000000000000000000000
N3GD_BODY id=8 off=210 00000000000000000000000000000000
N3GD_BODY id=8 off=220 00000000000000000000000000000000
N3GD_BODY id=8 off=230 00000000000000000000000000000000
N3GD_BODY id=8 off=240 00000000000000000000000000000000
N3GD_BODY id=8 off=250 00000000000000000000000000000000
N3GD_BODY id=8 off=260 00000000000000000000000000000000
N3GD_BODY id=8 off=270 00000000000000000000000000000000
N3GD_BODY id=8 off=280 00000000000000000000000000000000
N3GD_BODY id=8 off=290 00000000000000000000000000000000
N3GD_BODY id=8 off=2a0 00000000000000000000000000000000
N3GD_BODY id=8 off=2b0 00000000000000000000000000000000
N3GD_BODY id=8 off=2c0 00000000000000000000000000000000
N3GD_BODY id=8 off=2d0 00000000000000000000000000000000
N3GD_BODY id=8 off=2e0 00000000000000000000000000000000
N3GD_BODY id=8 off=2f0 00000000000000000000000000000000
N3GD_BODY id=8 off=300 00000000000000000000000000000000
N3GD_BODY id=8 off=310 00000000000000000000000000000000
N3GD_BODY id=8 off=320 00000000000000000000000000000000
N3GD_BODY id=8 off=330 00000000000000000000000000000000
N3GD_BODY id=8 off=340 00000000000000000000000000000000
N3GD_BODY id=8 off=350 00000000000000000000000000000000
N3GD_BODY id=8 off=360 00000000000000000000000000000000
N3GD_BODY id=8 off=370 00000000000000000000000000000000
N3GD_BODY id=8 off=380 00000000000000000000000000000000
N3GD_BODY id=8 off=390 00000000000000000000000000000000
N3GD_BODY id=8 off=3a0 00000000000000000000000000000000
N3GD_BODY id=8 off=3b0 00000000000000000000000000000000
N3GD_BODY id=8 off=3c0 00000000000000000000000000000000
N3GD_BODY id=8 off=3d0 00000000000000000000000000000000
N3GD_BODY id=8 off=3e0 00000000000000000000000000000000
N3GD_BODY id=8 off=3f0 00000000000000000000000000000000
N3GD_BODY id=8 off=400 00000000000000000000000000000000
N3GD_BODY id=8 off=410 00000000000000000000000000000000
N3GD_BODY id=8 off=420 00000000000000000000000000000000
N3GD_BODY id=8 off=430 00000000000000000000000000000000
N3GD_BODY id=8 off=440 00000000000000000000000000000000
N3GD_BODY id=8 off=450 00000000000000000000000000000000
N3GD_BODY id=8 off=460 00000000000000000000000000000000
N3GD_BODY id=8 off=470 00000000000000000000000000000000
N3GD_BODY id=8 off=480 00000000000000000000000000000000
N3GD_BODY id=8 off=490 00000000000000000000000000000000
N3GD_BODY id=8 off=4a0 00000000000000000000000000000000
N3GD_BODY id=8 off=4b0 00000000000000000000000000000000
N3GD_BODY id=8 off=4c0 00000000000000000000000000000000
N3GD_BODY id=8 off=4d0 00000000000000000000000000000000
N3GD_BODY id=8 off=4e0 00000000000000000000000000000000
N3GD_BODY id=8 off=4f0 00000000000000000000000000000000
N3GD_BODY id=8 off=500 00000000000000000000000000000000
N3GD_BODY id=8 off=510 00000000000000000000000000000000
N3GD_BODY id=8 off=520 00000000000000000000000000000000
N3GD_BODY id=8 off=530 00000000000000000000000000000000
N3GD_BODY id=8 off=540 00000000000000000000000000000000
N3GD_BODY id=8 off=550 00000000000000000000000000000000
N3GD_BODY id=8 off=560 00000000000000000000000000000000
N3GD_BODY id=8 off=570 00000000000000000000000000000000
N3GD_BODY id=8 off=580 00000000000000000000000000000000
N3GD_BODY id=8 off=590 00000000000000000000000000000000
N3GD_BODY id=8 off=5a0 00000000000000000000000000000000
N3GD_BODY id=8 off=5b0 00000000000000000000000000000000
N3GD_BODY id=8 off=5c0 00000000000000000000000000000000
N3GD_BODY id=8 off=5d0 00000000000000000000000000000000
N3GD_BODY id=8 off=5e0 00000000000000000000000000000000
N3GD_BODY id=8 off=5f0 00000000000000000000000000000000
N3GD_BODY id=8 off=600 00000000000000000000000000000000
N3GD_BODY id=8 off=610 00000000000000000000000000000000
N3GD_BODY id=8 off=620 00000000000000000000000000000000
N3GD_BODY id=8 off=630 00000000000000000000000000000000
N3GD_BODY id=8 off=640 00000000000000000000000000000000
N3GD_BODY id=8 off=650 00000000000000000000000000000000
N3GD_BODY id=8 off=660 00000000000000000000000000000000
N3GD_BODY id=8 off=670 00000000000000000000000000000000
N3GD_BODY id=8 off=680 00000000000000000000000000000000
N3GD_BODY id=8 off=690 00000000000000000000000000000000
N3GD_BODY id=8 off=6a0 00000000000000000000000000000000
N3GD_BODY id=8 off=6b0 00000000000000000000000000000000
N3GD_BODY id=8 off=6c0 00000000000000000000000000000000
N3GD_BODY id=8 off=6d0 00000000000000000000000000000000
N3GD_BODY id=8 off=6e0 00000000000000000000000000000000
N3GD_BODY id=8 off=6f0 00000000000000000000000000000000
N3GD_BODY id=8 off=700 00000000000000000000000000000000
N3GD_BODY id=8 off=710 00000000000000000000000000000000
N3GD_BODY id=8 off=720 00000000000000000000000000000000
N3GD_BODY id=8 off=730 00000000000000000000000000000000
N3GD_BODY id=8 off=740 00000000000000000000000000000000
N3GD_BODY id=8 off=750 00000000000000000000000000000000
N3GD_BODY id=8 off=760 00000000000000000000000000000000
N3GD_BODY id=8 off=770 00000000000000000000000000000000
N3GD_BODY id=8 off=780 00000000000000000000000000000000
N3GD_BODY id=8 off=790 00000000000000000000000000000000
N3GD_BODY id=8 off=7a0 00000000000000000000000000000000
N3GD_BODY id=8 off=7b0 00000000000000000000000000000000
N3GD_BODY id=8 off=7c0 00000000000000000000000000000000
N3GD_BODY id=8 off=7d0 00000000000000000000000000000000
N3GD_BODY id=8 off=7e0 00000000000000000000000000000000
N3GD_BODY id=8 off=7f0 00000000000000000000000000000000
N3GD_OOB id=8 off=000 fe40010053de0000ff40ffffe5ab0668
N3GD_OOB id=8 off=010 0a52efac2207c7a22532dbc8686282cd
N3GD_OOB id=8 off=020 377bcde4a25178a6eb7c95b8b7fa1e2e
N3GD_OOB id=8 off=030 eddbaafff14d9b9ea7ce563d0b3c39de
N3GD_END id=8
N3GD_BEGIN id=9 kind=cand j=-1 v=0AAB po=65 sl=4294967295 l0=FFFFFFFF host=0000A07E tgt=000140FC bank=1 pb=3156 pp=16 phy=403984 shift=4294967295 t=00 ix=0000 u=00000000 l=00000000
N3GD_BODY id=9 off=000 00000000000000000000000000000000
N3GD_BODY id=9 off=010 00000000000000000000000000000000
N3GD_BODY id=9 off=020 00000000000000000000000000000000
N3GD_BODY id=9 off=030 00000000000000000000000000000000
N3GD_BODY id=9 off=040 00000000000000000000000000000000
N3GD_BODY id=9 off=050 00000000000000000000000000000000
N3GD_BODY id=9 off=060 00000000000000000000000000000000
N3GD_BODY id=9 off=070 00000000000000000000000000000000
N3GD_BODY id=9 off=080 00000000000000000000000000000000
N3GD_BODY id=9 off=090 00000000000000000000000000000000
N3GD_BODY id=9 off=0a0 00000000000000000000000000000000
N3GD_BODY id=9 off=0b0 00000000000000000000000000000000
N3GD_BODY id=9 off=0c0 00000000000000000000000000000000
N3GD_BODY id=9 off=0d0 00000000000000000000000000000000
N3GD_BODY id=9 off=0e0 00000000000000000000000000000000
N3GD_BODY id=9 off=0f0 00000000000000000000000000000000
N3GD_BODY id=9 off=100 00000000000000000000000000000000
N3GD_BODY id=9 off=110 00000000000000000000000000000000
N3GD_BODY id=9 off=120 00000000000000000000000000000000
N3GD_BODY id=9 off=130 00000000000000000000000000000000
N3GD_BODY id=9 off=140 00000000000000000000000000000000
N3GD_BODY id=9 off=150 00000000000000000000000000000000
N3GD_BODY id=9 off=160 00000000000000000000000000000000
N3GD_BODY id=9 off=170 00000000000000000000000000000000
N3GD_BODY id=9 off=180 00000000000000000000000000000000
N3GD_BODY id=9 off=190 00000000000000000000000000000000
N3GD_BODY id=9 off=1a0 00000000000000000000000000000000
N3GD_BODY id=9 off=1b0 00000000000000000000000000000000
N3GD_BODY id=9 off=1c0 00000000000000000000000000000000
N3GD_BODY id=9 off=1d0 00000000000000000000000000000000
N3GD_BODY id=9 off=1e0 00000000000000000000000000000000
N3GD_BODY id=9 off=1f0 00000000000000000000000000000000
N3GD_BODY id=9 off=200 00000000000000000000000000000000
N3GD_BODY id=9 off=210 00000000000000000000000000000000
N3GD_BODY id=9 off=220 00000000000000000000000000000000
N3GD_BODY id=9 off=230 00000000000000000000000000000000
N3GD_BODY id=9 off=240 00000000000000000000000000000000
N3GD_BODY id=9 off=250 00000000000000000000000000000000
N3GD_BODY id=9 off=260 00000000000000000000000000000000
N3GD_BODY id=9 off=270 00000000000000000000000000000000
N3GD_BODY id=9 off=280 00000000000000000000000000000000
N3GD_BODY id=9 off=290 00000000000000000000000000000000
N3GD_BODY id=9 off=2a0 00000000000000000000000000000000
N3GD_BODY id=9 off=2b0 00000000000000000000000000000000
N3GD_BODY id=9 off=2c0 00000000000000000000000000000000
N3GD_BODY id=9 off=2d0 00000000000000000000000000000000
N3GD_BODY id=9 off=2e0 00000000000000000000000000000000
N3GD_BODY id=9 off=2f0 00000000000000000000000000000000
N3GD_BODY id=9 off=300 00000000000000000000000000000000
N3GD_BODY id=9 off=310 00000000000000000000000000000000
N3GD_BODY id=9 off=320 00000000000000000000000000000000
N3GD_BODY id=9 off=330 00000000000000000000000000000000
N3GD_BODY id=9 off=340 00000000000000000000000000000000
N3GD_BODY id=9 off=350 00000000000000000000000000000000
N3GD_BODY id=9 off=360 00000000000000000000000000000000
N3GD_BODY id=9 off=370 00000000000000000000000000000000
N3GD_BODY id=9 off=380 00000000000000000000000000000000
N3GD_BODY id=9 off=390 00000000000000000000000000000000
N3GD_BODY id=9 off=3a0 00000000000000000000000000000000
N3GD_BODY id=9 off=3b0 00000000000000000000000000000000
N3GD_BODY id=9 off=3c0 00000000000000000000000000000000
N3GD_BODY id=9 off=3d0 00000000000000000000000000000000
N3GD_BODY id=9 off=3e0 00000000000000000000000000000000
N3GD_BODY id=9 off=3f0 00000000000000000000000000000000
N3GD_BODY id=9 off=400 00000000000000000000000000000000
N3GD_BODY id=9 off=410 00000000000000000000000000000000
N3GD_BODY id=9 off=420 00000000000000000000000000000000
N3GD_BODY id=9 off=430 00000000000000000000000000000000
N3GD_BODY id=9 off=440 00000000000000000000000000000000
N3GD_BODY id=9 off=450 00000000000000000000000000000000
N3GD_BODY id=9 off=460 00000000000000000000000000000000
N3GD_BODY id=9 off=470 00000000000000000000000000000000
N3GD_BODY id=9 off=480 00000000000000000000000000000000
N3GD_BODY id=9 off=490 00000000000000000000000000000000
N3GD_BODY id=9 off=4a0 00000000000000000000000000000000
N3GD_BODY id=9 off=4b0 00000000000000000000000000000000
N3GD_BODY id=9 off=4c0 00000000000000000000000000000000
N3GD_BODY id=9 off=4d0 00000000000000000000000000000000
N3GD_BODY id=9 off=4e0 00000000000000000000000000000000
N3GD_BODY id=9 off=4f0 00000000000000000000000000000000
N3GD_BODY id=9 off=500 00000000000000000000000000000000
N3GD_BODY id=9 off=510 00000000000000000000000000000000
N3GD_BODY id=9 off=520 00000000000000000000000000000000
N3GD_BODY id=9 off=530 00000000000000000000000000000000
N3GD_BODY id=9 off=540 00000000000000000000000000000000
N3GD_BODY id=9 off=550 00000000000000000000000000000000
N3GD_BODY id=9 off=560 00000000000000000000000000000000
N3GD_BODY id=9 off=570 00000000000000000000000000000000
N3GD_BODY id=9 off=580 00000000000000000000000000000000
N3GD_BODY id=9 off=590 00000000000000000000000000000000
N3GD_BODY id=9 off=5a0 00000000000000000000000000000000
N3GD_BODY id=9 off=5b0 00000000000000000000000000000000
N3GD_BODY id=9 off=5c0 00000000000000000000000000000000
N3GD_BODY id=9 off=5d0 00000000000000000000000000000000
N3GD_BODY id=9 off=5e0 00000000000000000000000000000000
N3GD_BODY id=9 off=5f0 00000000000000000000000000000000
N3GD_BODY id=9 off=600 00000000000000000000000000000000
N3GD_BODY id=9 off=610 00000000000000000000000000000000
N3GD_BODY id=9 off=620 00000000000000000000000000000000
N3GD_BODY id=9 off=630 00000000000000000000000000000000
N3GD_BODY id=9 off=640 00000000000000000000000000000000
N3GD_BODY id=9 off=650 00000000000000000000000000000000
N3GD_BODY id=9 off=660 00000000000000000000000000000000
N3GD_BODY id=9 off=670 00000000000000000000000000000000
N3GD_BODY id=9 off=680 00000000000000000000000000000000
N3GD_BODY id=9 off=690 00000000000000000000000000000000
N3GD_BODY id=9 off=6a0 00000000000000000000000000000000
N3GD_BODY id=9 off=6b0 00000000000000000000000000000000
N3GD_BODY id=9 off=6c0 00000000000000000000000000000000
N3GD_BODY id=9 off=6d0 00000000000000000000000000000000
N3GD_BODY id=9 off=6e0 00000000000000000000000000000000
N3GD_BODY id=9 off=6f0 00000000000000000000000000000000
N3GD_BODY id=9 off=700 00000000000000000000000000000000
N3GD_BODY id=9 off=710 00000000000000000000000000000000
N3GD_BODY id=9 off=720 00000000000000000000000000000000
N3GD_BODY id=9 off=730 00000000000000000000000000000000
N3GD_BODY id=9 off=740 00000000000000000000000000000000
N3GD_BODY id=9 off=750 00000000000000000000000000000000
N3GD_BODY id=9 off=760 00000000000000000000000000000000
N3GD_BODY id=9 off=770 00000000000000000000000000000000
N3GD_BODY id=9 off=780 00000000000000000000000000000000
N3GD_BODY id=9 off=790 00000000000000000000000000000000
N3GD_BODY id=9 off=7a0 00000000000000000000000000000000
N3GD_BODY id=9 off=7b0 00000000000000000000000000000000
N3GD_BODY id=9 off=7c0 00000000000000000000000000000000
N3GD_BODY id=9 off=7d0 00000000000000000000000000000000
N3GD_BODY id=9 off=7e0 00000000000000000000000000000000
N3GD_BODY id=9 off=7f0 00000000000000000000000000000000
N3GD_OOB id=9 off=000 000000000000000000000000e5ab0668
N3GD_OOB id=9 off=010 0a52efac2207c7a22532dbc8686282cd
N3GD_OOB id=9 off=020 377bcde4a25178a6eb7c95b8b7fa1e2e
N3GD_OOB id=9 off=030 eddbaafff14d9b9ea7ce563d0b3c39de
N3GD_END id=9
N3GD_BEGIN id=10 kind=cand j=-1 v=0AAB po=66 sl=4294967295 l0=FFFFFFFF host=0000A07E tgt=000140FC bank=2 pb=3156 pp=16 phy=403984 shift=4294967295 t=00 ix=0000 u=00000000 l=00000000
N3GD_BODY id=10 off=000 00000000000000000000000000000000
N3GD_BODY id=10 off=010 00000000000000000000000000000000
N3GD_BODY id=10 off=020 00000000000000000000000000000000
N3GD_BODY id=10 off=030 00000000000000000000000000000000
N3GD_BODY id=10 off=040 00000000000000000000000000000000
N3GD_BODY id=10 off=050 00000000000000000000000000000000
N3GD_BODY id=10 off=060 00000000000000000000000000000000
N3GD_BODY id=10 off=070 00000000000000000000000000000000
N3GD_BODY id=10 off=080 00000000000000000000000000000000
N3GD_BODY id=10 off=090 00000000000000000000000000000000
N3GD_BODY id=10 off=0a0 00000000000000000000000000000000
N3GD_BODY id=10 off=0b0 00000000000000000000000000000000
N3GD_BODY id=10 off=0c0 00000000000000000000000000000000
N3GD_BODY id=10 off=0d0 00000000000000000000000000000000
N3GD_BODY id=10 off=0e0 00000000000000000000000000000000
N3GD_BODY id=10 off=0f0 00000000000000000000000000000000
N3GD_BODY id=10 off=100 00000000000000000000000000000000
N3GD_BODY id=10 off=110 00000000000000000000000000000000
N3GD_BODY id=10 off=120 00000000000000000000000000000000
N3GD_BODY id=10 off=130 00000000000000000000000000000000
N3GD_BODY id=10 off=140 00000000000000000000000000000000
N3GD_BODY id=10 off=150 00000000000000000000000000000000
N3GD_BODY id=10 off=160 00000000000000000000000000000000
N3GD_BODY id=10 off=170 00000000000000000000000000000000
N3GD_BODY id=10 off=180 00000000000000000000000000000000
N3GD_BODY id=10 off=190 00000000000000000000000000000000
N3GD_BODY id=10 off=1a0 00000000000000000000000000000000
N3GD_BODY id=10 off=1b0 00000000000000000000000000000000
N3GD_BODY id=10 off=1c0 00000000000000000000000000000000
N3GD_BODY id=10 off=1d0 00000000000000000000000000000000
N3GD_BODY id=10 off=1e0 00000000000000000000000000000000
N3GD_BODY id=10 off=1f0 00000000000000000000000000000000
N3GD_BODY id=10 off=200 00000000000000000000000000000000
N3GD_BODY id=10 off=210 00000000000000000000000000000000
N3GD_BODY id=10 off=220 00000000000000000000000000000000
N3GD_BODY id=10 off=230 00000000000000000000000000000000
N3GD_BODY id=10 off=240 00000000000000000000000000000000
N3GD_BODY id=10 off=250 00000000000000000000000000000000
N3GD_BODY id=10 off=260 00000000000000000000000000000000
N3GD_BODY id=10 off=270 00000000000000000000000000000000
N3GD_BODY id=10 off=280 00000000000000000000000000000000
N3GD_BODY id=10 off=290 00000000000000000000000000000000
N3GD_BODY id=10 off=2a0 00000000000000000000000000000000
N3GD_BODY id=10 off=2b0 00000000000000000000000000000000
N3GD_BODY id=10 off=2c0 00000000000000000000000000000000
N3GD_BODY id=10 off=2d0 00000000000000000000000000000000
N3GD_BODY id=10 off=2e0 00000000000000000000000000000000
N3GD_BODY id=10 off=2f0 00000000000000000000000000000000
N3GD_BODY id=10 off=300 00000000000000000000000000000000
N3GD_BODY id=10 off=310 00000000000000000000000000000000
N3GD_BODY id=10 off=320 00000000000000000000000000000000
N3GD_BODY id=10 off=330 00000000000000000000000000000000
N3GD_BODY id=10 off=340 00000000000000000000000000000000
N3GD_BODY id=10 off=350 00000000000000000000000000000000
N3GD_BODY id=10 off=360 00000000000000000000000000000000
N3GD_BODY id=10 off=370 00000000000000000000000000000000
N3GD_BODY id=10 off=380 00000000000000000000000000000000
N3GD_BODY id=10 off=390 00000000000000000000000000000000
N3GD_BODY id=10 off=3a0 00000000000000000000000000000000
N3GD_BODY id=10 off=3b0 00000000000000000000000000000000
N3GD_BODY id=10 off=3c0 00000000000000000000000000000000
N3GD_BODY id=10 off=3d0 00000000000000000000000000000000
N3GD_BODY id=10 off=3e0 00000000000000000000000000000000
N3GD_BODY id=10 off=3f0 00000000000000000000000000000000
N3GD_BODY id=10 off=400 00000000000000000000000000000000
N3GD_BODY id=10 off=410 00000000000000000000000000000000
N3GD_BODY id=10 off=420 00000000000000000000000000000000
N3GD_BODY id=10 off=430 00000000000000000000000000000000
N3GD_BODY id=10 off=440 00000000000000000000000000000000
N3GD_BODY id=10 off=450 00000000000000000000000000000000
N3GD_BODY id=10 off=460 00000000000000000000000000000000
N3GD_BODY id=10 off=470 00000000000000000000000000000000
N3GD_BODY id=10 off=480 00000000000000000000000000000000
N3GD_BODY id=10 off=490 00000000000000000000000000000000
N3GD_BODY id=10 off=4a0 00000000000000000000000000000000
N3GD_BODY id=10 off=4b0 00000000000000000000000000000000
N3GD_BODY id=10 off=4c0 00000000000000000000000000000000
N3GD_BODY id=10 off=4d0 00000000000000000000000000000000
N3GD_BODY id=10 off=4e0 00000000000000000000000000000000
N3GD_BODY id=10 off=4f0 00000000000000000000000000000000
N3GD_BODY id=10 off=500 00000000000000000000000000000000
N3GD_BODY id=10 off=510 00000000000000000000000000000000
N3GD_BODY id=10 off=520 00000000000000000000000000000000
N3GD_BODY id=10 off=530 00000000000000000000000000000000
N3GD_BODY id=10 off=540 00000000000000000000000000000000
N3GD_BODY id=10 off=550 00000000000000000000000000000000
N3GD_BODY id=10 off=560 00000000000000000000000000000000
N3GD_BODY id=10 off=570 00000000000000000000000000000000
N3GD_BODY id=10 off=580 00000000000000000000000000000000
N3GD_BODY id=10 off=590 00000000000000000000000000000000
N3GD_BODY id=10 off=5a0 00000000000000000000000000000000
N3GD_BODY id=10 off=5b0 00000000000000000000000000000000
N3GD_BODY id=10 off=5c0 00000000000000000000000000000000
N3GD_BODY id=10 off=5d0 00000000000000000000000000000000
N3GD_BODY id=10 off=5e0 00000000000000000000000000000000
N3GD_BODY id=10 off=5f0 00000000000000000000000000000000
N3GD_BODY id=10 off=600 00000000000000000000000000000000
N3GD_BODY id=10 off=610 00000000000000000000000000000000
N3GD_BODY id=10 off=620 00000000000000000000000000000000
N3GD_BODY id=10 off=630 00000000000000000000000000000000
N3GD_BODY id=10 off=640 00000000000000000000000000000000
N3GD_BODY id=10 off=650 00000000000000000000000000000000
N3GD_BODY id=10 off=660 00000000000000000000000000000000
N3GD_BODY id=10 off=670 00000000000000000000000000000000
N3GD_BODY id=10 off=680 00000000000000000000000000000000
N3GD_BODY id=10 off=690 00000000000000000000000000000000
N3GD_BODY id=10 off=6a0 00000000000000000000000000000000
N3GD_BODY id=10 off=6b0 00000000000000000000000000000000
N3GD_BODY id=10 off=6c0 00000000000000000000000000000000
N3GD_BODY id=10 off=6d0 00000000000000000000000000000000
N3GD_BODY id=10 off=6e0 00000000000000000000000000000000
N3GD_BODY id=10 off=6f0 00000000000000000000000000000000
N3GD_BODY id=10 off=700 00000000000000000000000000000000
N3GD_BODY id=10 off=710 00000000000000000000000000000000
N3GD_BODY id=10 off=720 00000000000000000000000000000000
N3GD_BODY id=10 off=730 00000000000000000000000000000000
N3GD_BODY id=10 off=740 00000000000000000000000000000000
N3GD_BODY id=10 off=750 00000000000000000000000000000000
N3GD_BODY id=10 off=760 00000000000000000000000000000000
N3GD_BODY id=10 off=770 00000000000000000000000000000000
N3GD_BODY id=10 off=780 00000000000000000000000000000000
N3GD_BODY id=10 off=790 00000000000000000000000000000000
N3GD_BODY id=10 off=7a0 00000000000000000000000000000000
N3GD_BODY id=10 off=7b0 00000000000000000000000000000000
N3GD_BODY id=10 off=7c0 00000000000000000000000000000000
N3GD_BODY id=10 off=7d0 00000000000000000000000000000000
N3GD_BODY id=10 off=7e0 00000000000000000000000000000000
N3GD_BODY id=10 off=7f0 00000000000000000000000000000000
N3GD_OOB id=10 off=000 000000000000000000000000e5ab0668
N3GD_OOB id=10 off=010 0a52efac2207c7a22532dbc8686282cd
N3GD_OOB id=10 off=020 377bcde4a25178a6eb7c95b8b7fa1e2e
N3GD_OOB id=10 off=030 eddbaafff14d9b9ea7ce563d0b3c39de
N3GD_END id=10
N3GD_BEGIN id=11 kind=cand j=-1 v=0AAB po=67 sl=4294967295 l0=FFFFFFFF host=0000A07E tgt=000140FC bank=3 pb=3156 pp=16 phy=403984 shift=4294967295 t=00 ix=0000 u=00000000 l=00000000
N3GD_BODY id=11 off=000 00000000000000000000000000000000
N3GD_BODY id=11 off=010 00000000000000000000000000000000
N3GD_BODY id=11 off=020 00000000000000000000000000000000
N3GD_BODY id=11 off=030 00000000000000000000000000000000
N3GD_BODY id=11 off=040 00000000000000000000000000000000
N3GD_BODY id=11 off=050 00000000000000000000000000000000
N3GD_BODY id=11 off=060 00000000000000000000000000000000
N3GD_BODY id=11 off=070 00000000000000000000000000000000
N3GD_BODY id=11 off=080 00000000000000000000000000000000
N3GD_BODY id=11 off=090 00000000000000000000000000000000
N3GD_BODY id=11 off=0a0 00000000000000000000000000000000
N3GD_BODY id=11 off=0b0 00000000000000000000000000000000
N3GD_BODY id=11 off=0c0 00000000000000000000000000000000
N3GD_BODY id=11 off=0d0 00000000000000000000000000000000
N3GD_BODY id=11 off=0e0 00000000000000000000000000000000
N3GD_BODY id=11 off=0f0 00000000000000000000000000000000
N3GD_BODY id=11 off=100 00000000000000000000000000000000
N3GD_BODY id=11 off=110 00000000000000000000000000000000
N3GD_BODY id=11 off=120 00000000000000000000000000000000
N3GD_BODY id=11 off=130 00000000000000000000000000000000
N3GD_BODY id=11 off=140 00000000000000000000000000000000
N3GD_BODY id=11 off=150 00000000000000000000000000000000
N3GD_BODY id=11 off=160 00000000000000000000000000000000
N3GD_BODY id=11 off=170 00000000000000000000000000000000
N3GD_BODY id=11 off=180 00000000000000000000000000000000
N3GD_BODY id=11 off=190 00000000000000000000000000000000
N3GD_BODY id=11 off=1a0 00000000000000000000000000000000
N3GD_BODY id=11 off=1b0 00000000000000000000000000000000
N3GD_BODY id=11 off=1c0 00000000000000000000000000000000
N3GD_BODY id=11 off=1d0 00000000000000000000000000000000
N3GD_BODY id=11 off=1e0 00000000000000000000000000000000
N3GD_BODY id=11 off=1f0 00000000000000000000000000000000
N3GD_BODY id=11 off=200 00000000000000000000000000000000
N3GD_BODY id=11 off=210 00000000000000000000000000000000
N3GD_BODY id=11 off=220 00000000000000000000000000000000
N3GD_BODY id=11 off=230 00000000000000000000000000000000
N3GD_BODY id=11 off=240 00000000000000000000000000000000
N3GD_BODY id=11 off=250 00000000000000000000000000000000
N3GD_BODY id=11 off=260 00000000000000000000000000000000
N3GD_BODY id=11 off=270 00000000000000000000000000000000
N3GD_BODY id=11 off=280 00000000000000000000000000000000
N3GD_BODY id=11 off=290 00000000000000000000000000000000
N3GD_BODY id=11 off=2a0 00000000000000000000000000000000
N3GD_BODY id=11 off=2b0 00000000000000000000000000000000
N3GD_BODY id=11 off=2c0 00000000000000000000000000000000
N3GD_BODY id=11 off=2d0 00000000000000000000000000000000
N3GD_BODY id=11 off=2e0 00000000000000000000000000000000
N3GD_BODY id=11 off=2f0 00000000000000000000000000000000
N3GD_BODY id=11 off=300 00000000000000000000000000000000
N3GD_BODY id=11 off=310 00000000000000000000000000000000
N3GD_BODY id=11 off=320 00000000000000000000000000000000
N3GD_BODY id=11 off=330 00000000000000000000000000000000
N3GD_BODY id=11 off=340 00000000000000000000000000000000
N3GD_BODY id=11 off=350 00000000000000000000000000000000
N3GD_BODY id=11 off=360 00000000000000000000000000000000
N3GD_BODY id=11 off=370 00000000000000000000000000000000
N3GD_BODY id=11 off=380 00000000000000000000000000000000
N3GD_BODY id=11 off=390 00000000000000000000000000000000
N3GD_BODY id=11 off=3a0 00000000000000000000000000000000
N3GD_BODY id=11 off=3b0 00000000000000000000000000000000
N3GD_BODY id=11 off=3c0 00000000000000000000000000000000
N3GD_BODY id=11 off=3d0 00000000000000000000000000000000
N3GD_BODY id=11 off=3e0 00000000000000000000000000000000
N3GD_BODY id=11 off=3f0 00000000000000000000000000000000
N3GD_BODY id=11 off=400 00000000000000000000000000000000
N3GD_BODY id=11 off=410 00000000000000000000000000000000
N3GD_BODY id=11 off=420 00000000000000000000000000000000
N3GD_BODY id=11 off=430 00000000000000000000000000000000
N3GD_BODY id=11 off=440 00000000000000000000000000000000
N3GD_BODY id=11 off=450 00000000000000000000000000000000
N3GD_BODY id=11 off=460 00000000000000000000000000000000
N3GD_BODY id=11 off=470 00000000000000000000000000000000
N3GD_BODY id=11 off=480 00000000000000000000000000000000
N3GD_BODY id=11 off=490 00000000000000000000000000000000
N3GD_BODY id=11 off=4a0 00000000000000000000000000000000
N3GD_BODY id=11 off=4b0 00000000000000000000000000000000
N3GD_BODY id=11 off=4c0 00000000000000000000000000000000
N3GD_BODY id=11 off=4d0 00000000000000000000000000000000
N3GD_BODY id=11 off=4e0 00000000000000000000000000000000
N3GD_BODY id=11 off=4f0 00000000000000000000000000000000
N3GD_BODY id=11 off=500 00000000000000000000000000000000
N3GD_BODY id=11 off=510 00000000000000000000000000000000
N3GD_BODY id=11 off=520 00000000000000000000000000000000
N3GD_BODY id=11 off=530 00000000000000000000000000000000
N3GD_BODY id=11 off=540 00000000000000000000000000000000
N3GD_BODY id=11 off=550 00000000000000000000000000000000
N3GD_BODY id=11 off=560 00000000000000000000000000000000
N3GD_BODY id=11 off=570 00000000000000000000000000000000
N3GD_BODY id=11 off=580 00000000000000000000000000000000
N3GD_BODY id=11 off=590 00000000000000000000000000000000
N3GD_BODY id=11 off=5a0 00000000000000000000000000000000
N3GD_BODY id=11 off=5b0 00000000000000000000000000000000
N3GD_BODY id=11 off=5c0 00000000000000000000000000000000
N3GD_BODY id=11 off=5d0 00000000000000000000000000000000
N3GD_BODY id=11 off=5e0 00000000000000000000000000000000
N3GD_BODY id=11 off=5f0 00000000000000000000000000000000
N3GD_BODY id=11 off=600 00000000000000000000000000000000
N3GD_BODY id=11 off=610 00000000000000000000000000000000
N3GD_BODY id=11 off=620 00000000000000000000000000000000
N3GD_BODY id=11 off=630 00000000000000000000000000000000
N3GD_BODY id=11 off=640 00000000000000000000000000000000
N3GD_BODY id=11 off=650 00000000000000000000000000000000
N3GD_BODY id=11 off=660 00000000000000000000000000000000
N3GD_BODY id=11 off=670 00000000000000000000000000000000
N3GD_BODY id=11 off=680 00000000000000000000000000000000
N3GD_BODY id=11 off=690 00000000000000000000000000000000
N3GD_BODY id=11 off=6a0 00000000000000000000000000000000
N3GD_BODY id=11 off=6b0 00000000000000000000000000000000
N3GD_BODY id=11 off=6c0 00000000000000000000000000000000
N3GD_BODY id=11 off=6d0 00000000000000000000000000000000
N3GD_BODY id=11 off=6e0 00000000000000000000000000000000
N3GD_BODY id=11 off=6f0 00000000000000000000000000000000
N3GD_BODY id=11 off=700 00000000000000000000000000000000
N3GD_BODY id=11 off=710 00000000000000000000000000000000
N3GD_BODY id=11 off=720 00000000000000000000000000000000
N3GD_BODY id=11 off=730 00000000000000000000000000000000
N3GD_BODY id=11 off=740 00000000000000000000000000000000
N3GD_BODY id=11 off=750 00000000000000000000000000000000
N3GD_BODY id=11 off=760 00000000000000000000000000000000
N3GD_BODY id=11 off=770 00000000000000000000000000000000
N3GD_BODY id=11 off=780 00000000000000000000000000000000
N3GD_BODY id=11 off=790 00000000000000000000000000000000
N3GD_BODY id=11 off=7a0 00000000000000000000000000000000
N3GD_BODY id=11 off=7b0 00000000000000000000000000000000
N3GD_BODY id=11 off=7c0 00000000000000000000000000000000
N3GD_BODY id=11 off=7d0 00000000000000000000000000000000
N3GD_BODY id=11 off=7e0 00000000000000000000000000000000
N3GD_BODY id=11 off=7f0 00000000000000000000000000000000
N3GD_OOB id=11 off=000 000000000000000000000000e5ab0668
N3GD_OOB id=11 off=010 0a52efac2207c7a22532dbc8686282cd
N3GD_OOB id=11 off=020 377bcde4a25178a6eb7c95b8b7fa1e2e
N3GD_OOB id=11 off=030 eddbaafff14d9b9ea7ce563d0b3c39de
N3GD_END id=11
N3GD_BEGIN id=12 kind=cand j=-1 v=0AAB po=68 sl=4294967295 l0=FFFFFFFF host=0000A07E tgt=000140FC bank=0 pb=3156 pp=17 phy=403985 shift=4294967295 t=40 ix=DE53 u=00014106 l=00014106
N3GD_BODY id=12 off=000 00000000000000000000000000000000
N3GD_BODY id=12 off=010 00000000000000000000000000000000
N3GD_BODY id=12 off=020 00000000000000000000000000000000
N3GD_BODY id=12 off=030 00000000000000000000000000000000
N3GD_BODY id=12 off=040 00000000000000000000000000000000
N3GD_BODY id=12 off=050 00000000000000000000000000000000
N3GD_BODY id=12 off=060 00000000000000000000000000000000
N3GD_BODY id=12 off=070 00000000000000000000000000000000
N3GD_BODY id=12 off=080 00000000000000000000000000000000
N3GD_BODY id=12 off=090 00000000000000000000000000000000
N3GD_BODY id=12 off=0a0 00000000000000000000000000000000
N3GD_BODY id=12 off=0b0 00000000000000000000000000000000
N3GD_BODY id=12 off=0c0 00000000000000000000000000000000
N3GD_BODY id=12 off=0d0 00000000000000000000000000000000
N3GD_BODY id=12 off=0e0 00000000000000000000000000000000
N3GD_BODY id=12 off=0f0 00000000000000000000000000000000
N3GD_BODY id=12 off=100 00000000000000000000000000000000
N3GD_BODY id=12 off=110 00000000000000000000000000000000
N3GD_BODY id=12 off=120 00000000000000000000000000000000
N3GD_BODY id=12 off=130 00000000000000000000000000000000
N3GD_BODY id=12 off=140 00000000000000000000000000000000
N3GD_BODY id=12 off=150 00000000000000000000000000000000
N3GD_BODY id=12 off=160 00000000000000000000000000000000
N3GD_BODY id=12 off=170 00000000000000000000000000000000
N3GD_BODY id=12 off=180 00000000000000000000000000000000
N3GD_BODY id=12 off=190 00000000000000000000000000000000
N3GD_BODY id=12 off=1a0 00000000000000000000000000000000
N3GD_BODY id=12 off=1b0 00000000000000000000000000000000
N3GD_BODY id=12 off=1c0 00000000000000000000000000000000
N3GD_BODY id=12 off=1d0 00000000000000000000000000000000
N3GD_BODY id=12 off=1e0 00000000000000000000000000000000
N3GD_BODY id=12 off=1f0 00000000000000000000000000000000
N3GD_BODY id=12 off=200 00000000000000000000000000000000
N3GD_BODY id=12 off=210 00000000000000000000000000000000
N3GD_BODY id=12 off=220 00000000000000000000000000000000
N3GD_BODY id=12 off=230 00000000000000000000000000000000
N3GD_BODY id=12 off=240 00000000000000000000000000000000
N3GD_BODY id=12 off=250 00000000000000000000000000000000
N3GD_BODY id=12 off=260 00000000000000000000000000000000
N3GD_BODY id=12 off=270 00000000000000000000000000000000
N3GD_BODY id=12 off=280 00000000000000000000000000000000
N3GD_BODY id=12 off=290 00000000000000000000000000000000
N3GD_BODY id=12 off=2a0 00000000000000000000000000000000
N3GD_BODY id=12 off=2b0 00000000000000000000000000000000
N3GD_BODY id=12 off=2c0 00000000000000000000000000000000
N3GD_BODY id=12 off=2d0 00000000000000000000000000000000
N3GD_BODY id=12 off=2e0 00000000000000000000000000000000
N3GD_BODY id=12 off=2f0 00000000000000000000000000000000
N3GD_BODY id=12 off=300 00000000000000000000000000000000
N3GD_BODY id=12 off=310 00000000000000000000000000000000
N3GD_BODY id=12 off=320 00000000000000000000000000000000
N3GD_BODY id=12 off=330 00000000000000000000000000000000
N3GD_BODY id=12 off=340 00000000000000000000000000000000
N3GD_BODY id=12 off=350 00000000000000000000000000000000
N3GD_BODY id=12 off=360 00000000000000000000000000000000
N3GD_BODY id=12 off=370 00000000000000000000000000000000
N3GD_BODY id=12 off=380 00000000000000000000000000000000
N3GD_BODY id=12 off=390 00000000000000000000000000000000
N3GD_BODY id=12 off=3a0 00000000000000000000000000000000
N3GD_BODY id=12 off=3b0 00000000000000000000000000000000
N3GD_BODY id=12 off=3c0 00000000000000000000000000000000
N3GD_BODY id=12 off=3d0 00000000000000000000000000000000
N3GD_BODY id=12 off=3e0 00000000000000000000000000000000
N3GD_BODY id=12 off=3f0 00000000000000000000000000000000
N3GD_BODY id=12 off=400 00000000000000000000000000000000
N3GD_BODY id=12 off=410 00000000000000000000000000000000
N3GD_BODY id=12 off=420 00000000000000000000000000000000
N3GD_BODY id=12 off=430 00000000000000000000000000000000
N3GD_BODY id=12 off=440 00000000000000000000000000000000
N3GD_BODY id=12 off=450 00000000000000000000000000000000
N3GD_BODY id=12 off=460 00000000000000000000000000000000
N3GD_BODY id=12 off=470 00000000000000000000000000000000
N3GD_BODY id=12 off=480 00000000000000000000000000000000
N3GD_BODY id=12 off=490 00000000000000000000000000000000
N3GD_BODY id=12 off=4a0 00000000000000000000000000000000
N3GD_BODY id=12 off=4b0 00000000000000000000000000000000
N3GD_BODY id=12 off=4c0 00000000000000000000000000000000
N3GD_BODY id=12 off=4d0 00000000000000000000000000000000
N3GD_BODY id=12 off=4e0 00000000000000000000000000000000
N3GD_BODY id=12 off=4f0 00000000000000000000000000000000
N3GD_BODY id=12 off=500 00000000000000000000000000000000
N3GD_BODY id=12 off=510 00000000000000000000000000000000
N3GD_BODY id=12 off=520 00000000000000000000000000000000
N3GD_BODY id=12 off=530 00000000000000000000000000000000
N3GD_BODY id=12 off=540 00000000000000000000000000000000
N3GD_BODY id=12 off=550 00000000000000000000000000000000
N3GD_BODY id=12 off=560 00000000000000000000000000000000
N3GD_BODY id=12 off=570 00000000000000000000000000000000
N3GD_BODY id=12 off=580 00000000000000000000000000000000
N3GD_BODY id=12 off=590 00000000000000000000000000000000
N3GD_BODY id=12 off=5a0 00000000000000000000000000000000
N3GD_BODY id=12 off=5b0 00000000000000000000000000000000
N3GD_BODY id=12 off=5c0 00000000000000000000000000000000
N3GD_BODY id=12 off=5d0 00000000000000000000000000000000
N3GD_BODY id=12 off=5e0 00000000000000000000000000000000
N3GD_BODY id=12 off=5f0 00000000000000000000000000000000
N3GD_BODY id=12 off=600 00000000000000000000000000000000
N3GD_BODY id=12 off=610 00000000000000000000000000000000
N3GD_BODY id=12 off=620 00000000000000000000000000000000
N3GD_BODY id=12 off=630 00000000000000000000000000000000
N3GD_BODY id=12 off=640 00000000000000000000000000000000
N3GD_BODY id=12 off=650 00000000000000000000000000000000
N3GD_BODY id=12 off=660 00000000000000000000000000000000
N3GD_BODY id=12 off=670 00000000000000000000000000000000
N3GD_BODY id=12 off=680 00000000000000000000000000000000
N3GD_BODY id=12 off=690 00000000000000000000000000000000
N3GD_BODY id=12 off=6a0 00000000000000000000000000000000
N3GD_BODY id=12 off=6b0 00000000000000000000000000000000
N3GD_BODY id=12 off=6c0 00000000000000000000000000000000
N3GD_BODY id=12 off=6d0 00000000000000000000000000000000
N3GD_BODY id=12 off=6e0 00000000000000000000000000000000
N3GD_BODY id=12 off=6f0 00000000000000000000000000000000
N3GD_BODY id=12 off=700 00000000000000000000000000000000
N3GD_BODY id=12 off=710 00000000000000000000000000000000
N3GD_BODY id=12 off=720 00000000000000000000000000000000
N3GD_BODY id=12 off=730 00000000000000000000000000000000
N3GD_BODY id=12 off=740 00000000000000000000000000000000
N3GD_BODY id=12 off=750 00000000000000000000000000000000
N3GD_BODY id=12 off=760 00000000000000000000000000000000
N3GD_BODY id=12 off=770 00000000000000000000000000000000
N3GD_BODY id=12 off=780 00000000000000000000000000000000
N3GD_BODY id=12 off=790 00000000000000000000000000000000
N3GD_BODY id=12 off=7a0 00000000000000000000000000000000
N3GD_BODY id=12 off=7b0 00000000000000000000000000000000
N3GD_BODY id=12 off=7c0 00000000000000000000000000000000
N3GD_BODY id=12 off=7d0 00000000000000000000000000000000
N3GD_BODY id=12 off=7e0 00000000000000000000000000000000
N3GD_BODY id=12 off=7f0 00000000000000000000000000000000
N3GD_OOB id=12 off=000 0641010053de0000ff40ffffe5ab0668
N3GD_OOB id=12 off=010 0a52efac2207c7a22532dbc8686282cd
N3GD_OOB id=12 off=020 377bcde4a25178a6eb7c95b8b7fa1e2e
N3GD_OOB id=12 off=030 eddbaafff14d9b9ea7ce563d0b3c39de
N3GD_END id=12
N3GD_BEGIN id=13 kind=cand j=-1 v=0AAB po=69 sl=4294967295 l0=FFFFFFFF host=0000A07E tgt=000140FC bank=1 pb=3156 pp=17 phy=403985 shift=4294967295 t=00 ix=0000 u=00000000 l=00000000
N3GD_BODY id=13 off=000 00000000000000000000000000000000
N3GD_BODY id=13 off=010 00000000000000000000000000000000
N3GD_BODY id=13 off=020 00000000000000000000000000000000
N3GD_BODY id=13 off=030 00000000000000000000000000000000
N3GD_BODY id=13 off=040 00000000000000000000000000000000
N3GD_BODY id=13 off=050 00000000000000000000000000000000
N3GD_BODY id=13 off=060 00000000000000000000000000000000
N3GD_BODY id=13 off=070 00000000000000000000000000000000
N3GD_BODY id=13 off=080 00000000000000000000000000000000
N3GD_BODY id=13 off=090 00000000000000000000000000000000
N3GD_BODY id=13 off=0a0 00000000000000000000000000000000
N3GD_BODY id=13 off=0b0 00000000000000000000000000000000
N3GD_BODY id=13 off=0c0 00000000000000000000000000000000
N3GD_BODY id=13 off=0d0 00000000000000000000000000000000
N3GD_BODY id=13 off=0e0 00000000000000000000000000000000
N3GD_BODY id=13 off=0f0 00000000000000000000000000000000
N3GD_BODY id=13 off=100 00000000000000000000000000000000
N3GD_BODY id=13 off=110 00000000000000000000000000000000
N3GD_BODY id=13 off=120 00000000000000000000000000000000
N3GD_BODY id=13 off=130 00000000000000000000000000000000
N3GD_BODY id=13 off=140 00000000000000000000000000000000
N3GD_BODY id=13 off=150 00000000000000000000000000000000
N3GD_BODY id=13 off=160 00000000000000000000000000000000
N3GD_BODY id=13 off=170 00000000000000000000000000000000
N3GD_BODY id=13 off=180 00000000000000000000000000000000
N3GD_BODY id=13 off=190 00000000000000000000000000000000
N3GD_BODY id=13 off=1a0 00000000000000000000000000000000
N3GD_BODY id=13 off=1b0 00000000000000000000000000000000
N3GD_BODY id=13 off=1c0 00000000000000000000000000000000
N3GD_BODY id=13 off=1d0 00000000000000000000000000000000
N3GD_BODY id=13 off=1e0 00000000000000000000000000000000
N3GD_BODY id=13 off=1f0 00000000000000000000000000000000
N3GD_BODY id=13 off=200 00000000000000000000000000000000
N3GD_BODY id=13 off=210 00000000000000000000000000000000
N3GD_BODY id=13 off=220 00000000000000000000000000000000
N3GD_BODY id=13 off=230 00000000000000000000000000000000
N3GD_BODY id=13 off=240 00000000000000000000000000000000
N3GD_BODY id=13 off=250 00000000000000000000000000000000
N3GD_BODY id=13 off=260 00000000000000000000000000000000
N3GD_BODY id=13 off=270 00000000000000000000000000000000
N3GD_BODY id=13 off=280 00000000000000000000000000000000
N3GD_BODY id=13 off=290 00000000000000000000000000000000
N3GD_BODY id=13 off=2a0 00000000000000000000000000000000
N3GD_BODY id=13 off=2b0 00000000000000000000000000000000
N3GD_BODY id=13 off=2c0 00000000000000000000000000000000
N3GD_BODY id=13 off=2d0 00000000000000000000000000000000
N3GD_BODY id=13 off=2e0 00000000000000000000000000000000
N3GD_BODY id=13 off=2f0 00000000000000000000000000000000
N3GD_BODY id=13 off=300 00000000000000000000000000000000
N3GD_BODY id=13 off=310 00000000000000000000000000000000
N3GD_BODY id=13 off=320 00000000000000000000000000000000
N3GD_BODY id=13 off=330 00000000000000000000000000000000
N3GD_BODY id=13 off=340 00000000000000000000000000000000
N3GD_BODY id=13 off=350 00000000000000000000000000000000
N3GD_BODY id=13 off=360 00000000000000000000000000000000
N3GD_BODY id=13 off=370 00000000000000000000000000000000
N3GD_BODY id=13 off=380 00000000000000000000000000000000
N3GD_BODY id=13 off=390 00000000000000000000000000000000
N3GD_BODY id=13 off=3a0 00000000000000000000000000000000
N3GD_BODY id=13 off=3b0 00000000000000000000000000000000
N3GD_BODY id=13 off=3c0 00000000000000000000000000000000
N3GD_BODY id=13 off=3d0 00000000000000000000000000000000
N3GD_BODY id=13 off=3e0 00000000000000000000000000000000
N3GD_BODY id=13 off=3f0 00000000000000000000000000000000
N3GD_BODY id=13 off=400 00000000000000000000000000000000
N3GD_BODY id=13 off=410 00000000000000000000000000000000
N3GD_BODY id=13 off=420 00000000000000000000000000000000
N3GD_BODY id=13 off=430 00000000000000000000000000000000
N3GD_BODY id=13 off=440 00000000000000000000000000000000
N3GD_BODY id=13 off=450 00000000000000000000000000000000
N3GD_BODY id=13 off=460 00000000000000000000000000000000
N3GD_BODY id=13 off=470 00000000000000000000000000000000
N3GD_BODY id=13 off=480 00000000000000000000000000000000
N3GD_BODY id=13 off=490 00000000000000000000000000000000
N3GD_BODY id=13 off=4a0 00000000000000000000000000000000
N3GD_BODY id=13 off=4b0 00000000000000000000000000000000
N3GD_BODY id=13 off=4c0 00000000000000000000000000000000
N3GD_BODY id=13 off=4d0 00000000000000000000000000000000
N3GD_BODY id=13 off=4e0 00000000000000000000000000000000
N3GD_BODY id=13 off=4f0 00000000000000000000000000000000
N3GD_BODY id=13 off=500 00000000000000000000000000000000
N3GD_BODY id=13 off=510 00000000000000000000000000000000
N3GD_BODY id=13 off=520 00000000000000000000000000000000
N3GD_BODY id=13 off=530 00000000000000000000000000000000
N3GD_BODY id=13 off=540 00000000000000000000000000000000
N3GD_BODY id=13 off=550 00000000000000000000000000000000
N3GD_BODY id=13 off=560 00000000000000000000000000000000
N3GD_BODY id=13 off=570 00000000000000000000000000000000
N3GD_BODY id=13 off=580 00000000000000000000000000000000
N3GD_BODY id=13 off=590 00000000000000000000000000000000
N3GD_BODY id=13 off=5a0 00000000000000000000000000000000
N3GD_BODY id=13 off=5b0 00000000000000000000000000000000
N3GD_BODY id=13 off=5c0 00000000000000000000000000000000
N3GD_BODY id=13 off=5d0 00000000000000000000000000000000
N3GD_BODY id=13 off=5e0 00000000000000000000000000000000
N3GD_BODY id=13 off=5f0 00000000000000000000000000000000
N3GD_BODY id=13 off=600 00000000000000000000000000000000
N3GD_BODY id=13 off=610 00000000000000000000000000000000
N3GD_BODY id=13 off=620 00000000000000000000000000000000
N3GD_BODY id=13 off=630 00000000000000000000000000000000
N3GD_BODY id=13 off=640 00000000000000000000000000000000
N3GD_BODY id=13 off=650 00000000000000000000000000000000
N3GD_BODY id=13 off=660 00000000000000000000000000000000
N3GD_BODY id=13 off=670 00000000000000000000000000000000
N3GD_BODY id=13 off=680 00000000000000000000000000000000
N3GD_BODY id=13 off=690 00000000000000000000000000000000
N3GD_BODY id=13 off=6a0 00000000000000000000000000000000
N3GD_BODY id=13 off=6b0 00000000000000000000000000000000
N3GD_BODY id=13 off=6c0 00000000000000000000000000000000
N3GD_BODY id=13 off=6d0 00000000000000000000000000000000
N3GD_BODY id=13 off=6e0 00000000000000000000000000000000
N3GD_BODY id=13 off=6f0 00000000000000000000000000000000
N3GD_BODY id=13 off=700 00000000000000000000000000000000
N3GD_BODY id=13 off=710 00000000000000000000000000000000
N3GD_BODY id=13 off=720 00000000000000000000000000000000
N3GD_BODY id=13 off=730 00000000000000000000000000000000
N3GD_BODY id=13 off=740 00000000000000000000000000000000
N3GD_BODY id=13 off=750 00000000000000000000000000000000
N3GD_BODY id=13 off=760 00000000000000000000000000000000
N3GD_BODY id=13 off=770 00000000000000000000000000000000
N3GD_BODY id=13 off=780 00000000000000000000000000000000
N3GD_BODY id=13 off=790 00000000000000000000000000000000
N3GD_BODY id=13 off=7a0 00000000000000000000000000000000
N3GD_BODY id=13 off=7b0 00000000000000000000000000000000
N3GD_BODY id=13 off=7c0 00000000000000000000000000000000
N3GD_BODY id=13 off=7d0 00000000000000000000000000000000
N3GD_BODY id=13 off=7e0 00000000000000000000000000000000
N3GD_BODY id=13 off=7f0 00000000000000000000000000000000
N3GD_OOB id=13 off=000 000000000000000000000000e5ab0668
N3GD_OOB id=13 off=010 0a52efac2207c7a22532dbc8686282cd
N3GD_OOB id=13 off=020 377bcde4a25178a6eb7c95b8b7fa1e2e
N3GD_OOB id=13 off=030 eddbaafff14d9b9ea7ce563d0b3c39de
N3GD_END id=13
N3GD_BEGIN id=14 kind=cand j=-1 v=0AAB po=70 sl=4294967295 l0=FFFFFFFF host=0000A07E tgt=000140FC bank=2 pb=3156 pp=17 phy=403985 shift=4294967295 t=00 ix=0000 u=00000000 l=00000000
N3GD_BODY id=14 off=000 00000000000000000000000000000000
N3GD_BODY id=14 off=010 00000000000000000000000000000000
N3GD_BODY id=14 off=020 00000000000000000000000000000000
N3GD_BODY id=14 off=030 00000000000000000000000000000000
N3GD_BODY id=14 off=040 00000000000000000000000000000000
N3GD_BODY id=14 off=050 00000000000000000000000000000000
N3GD_BODY id=14 off=060 00000000000000000000000000000000
N3GD_BODY id=14 off=070 00000000000000000000000000000000
N3GD_BODY id=14 off=080 00000000000000000000000000000000
N3GD_BODY id=14 off=090 00000000000000000000000000000000
N3GD_BODY id=14 off=0a0 00000000000000000000000000000000
N3GD_BODY id=14 off=0b0 00000000000000000000000000000000
N3GD_BODY id=14 off=0c0 00000000000000000000000000000000
N3GD_BODY id=14 off=0d0 00000000000000000000000000000000
N3GD_BODY id=14 off=0e0 00000000000000000000000000000000
N3GD_BODY id=14 off=0f0 00000000000000000000000000000000
N3GD_BODY id=14 off=100 00000000000000000000000000000000
N3GD_BODY id=14 off=110 00000000000000000000000000000000
N3GD_BODY id=14 off=120 00000000000000000000000000000000
N3GD_BODY id=14 off=130 00000000000000000000000000000000
N3GD_BODY id=14 off=140 00000000000000000000000000000000
N3GD_BODY id=14 off=150 00000000000000000000000000000000
N3GD_BODY id=14 off=160 00000000000000000000000000000000
N3GD_BODY id=14 off=170 00000000000000000000000000000000
N3GD_BODY id=14 off=180 00000000000000000000000000000000
N3GD_BODY id=14 off=190 00000000000000000000000000000000
N3GD_BODY id=14 off=1a0 00000000000000000000000000000000
N3GD_BODY id=14 off=1b0 00000000000000000000000000000000
N3GD_BODY id=14 off=1c0 00000000000000000000000000000000
N3GD_BODY id=14 off=1d0 00000000000000000000000000000000
N3GD_BODY id=14 off=1e0 00000000000000000000000000000000
N3GD_BODY id=14 off=1f0 00000000000000000000000000000000
N3GD_BODY id=14 off=200 00000000000000000000000000000000
N3GD_BODY id=14 off=210 00000000000000000000000000000000
N3GD_BODY id=14 off=220 00000000000000000000000000000000
N3GD_BODY id=14 off=230 00000000000000000000000000000000
N3GD_BODY id=14 off=240 00000000000000000000000000000000
N3GD_BODY id=14 off=250 00000000000000000000000000000000
N3GD_BODY id=14 off=260 00000000000000000000000000000000
N3GD_BODY id=14 off=270 00000000000000000000000000000000
N3GD_BODY id=14 off=280 00000000000000000000000000000000
N3GD_BODY id=14 off=290 00000000000000000000000000000000
N3GD_BODY id=14 off=2a0 00000000000000000000000000000000
N3GD_BODY id=14 off=2b0 00000000000000000000000000000000
N3GD_BODY id=14 off=2c0 00000000000000000000000000000000
N3GD_BODY id=14 off=2d0 00000000000000000000000000000000
N3GD_BODY id=14 off=2e0 00000000000000000000000000000000
N3GD_BODY id=14 off=2f0 00000000000000000000000000000000
N3GD_BODY id=14 off=300 00000000000000000000000000000000
N3GD_BODY id=14 off=310 00000000000000000000000000000000
N3GD_BODY id=14 off=320 00000000000000000000000000000000
N3GD_BODY id=14 off=330 00000000000000000000000000000000
N3GD_BODY id=14 off=340 00000000000000000000000000000000
N3GD_BODY id=14 off=350 00000000000000000000000000000000
N3GD_BODY id=14 off=360 00000000000000000000000000000000
N3GD_BODY id=14 off=370 00000000000000000000000000000000
N3GD_BODY id=14 off=380 00000000000000000000000000000000
N3GD_BODY id=14 off=390 00000000000000000000000000000000
N3GD_BODY id=14 off=3a0 00000000000000000000000000000000
N3GD_BODY id=14 off=3b0 00000000000000000000000000000000
N3GD_BODY id=14 off=3c0 00000000000000000000000000000000
N3GD_BODY id=14 off=3d0 00000000000000000000000000000000
N3GD_BODY id=14 off=3e0 00000000000000000000000000000000
N3GD_BODY id=14 off=3f0 00000000000000000000000000000000
N3GD_BODY id=14 off=400 00000000000000000000000000000000
N3GD_BODY id=14 off=410 00000000000000000000000000000000
N3GD_BODY id=14 off=420 00000000000000000000000000000000
N3GD_BODY id=14 off=430 00000000000000000000000000000000
N3GD_BODY id=14 off=440 00000000000000000000000000000000
N3GD_BODY id=14 off=450 00000000000000000000000000000000
N3GD_BODY id=14 off=460 00000000000000000000000000000000
N3GD_BODY id=14 off=470 00000000000000000000000000000000
N3GD_BODY id=14 off=480 00000000000000000000000000000000
N3GD_BODY id=14 off=490 00000000000000000000000000000000
N3GD_BODY id=14 off=4a0 00000000000000000000000000000000
N3GD_BODY id=14 off=4b0 00000000000000000000000000000000
N3GD_BODY id=14 off=4c0 00000000000000000000000000000000
N3GD_BODY id=14 off=4d0 00000000000000000000000000000000
N3GD_BODY id=14 off=4e0 00000000000000000000000000000000
N3GD_BODY id=14 off=4f0 00000000000000000000000000000000
N3GD_BODY id=14 off=500 00000000000000000000000000000000
N3GD_BODY id=14 off=510 00000000000000000000000000000000
N3GD_BODY id=14 off=520 00000000000000000000000000000000
N3GD_BODY id=14 off=530 00000000000000000000000000000000
N3GD_BODY id=14 off=540 00000000000000000000000000000000
N3GD_BODY id=14 off=550 00000000000000000000000000000000
N3GD_BODY id=14 off=560 00000000000000000000000000000000
N3GD_BODY id=14 off=570 00000000000000000000000000000000
N3GD_BODY id=14 off=580 00000000000000000000000000000000
N3GD_BODY id=14 off=590 00000000000000000000000000000000
N3GD_BODY id=14 off=5a0 00000000000000000000000000000000
N3GD_BODY id=14 off=5b0 00000000000000000000000000000000
N3GD_BODY id=14 off=5c0 00000000000000000000000000000000
N3GD_BODY id=14 off=5d0 00000000000000000000000000000000
N3GD_BODY id=14 off=5e0 00000000000000000000000000000000
N3GD_BODY id=14 off=5f0 00000000000000000000000000000000
N3GD_BODY id=14 off=600 00000000000000000000000000000000
N3GD_BODY id=14 off=610 00000000000000000000000000000000
N3GD_BODY id=14 off=620 00000000000000000000000000000000
N3GD_BODY id=14 off=630 00000000000000000000000000000000
N3GD_BODY id=14 off=640 00000000000000000000000000000000
N3GD_BODY id=14 off=650 00000000000000000000000000000000
N3GD_BODY id=14 off=660 00000000000000000000000000000000
N3GD_BODY id=14 off=670 00000000000000000000000000000000
N3GD_BODY id=14 off=680 00000000000000000000000000000000
N3GD_BODY id=14 off=690 00000000000000000000000000000000
N3GD_BODY id=14 off=6a0 00000000000000000000000000000000
N3GD_BODY id=14 off=6b0 00000000000000000000000000000000
N3GD_BODY id=14 off=6c0 00000000000000000000000000000000
N3GD_BODY id=14 off=6d0 00000000000000000000000000000000
N3GD_BODY id=14 off=6e0 00000000000000000000000000000000
N3GD_BODY id=14 off=6f0 00000000000000000000000000000000
N3GD_BODY id=14 off=700 00000000000000000000000000000000
N3GD_BODY id=14 off=710 00000000000000000000000000000000
N3GD_BODY id=14 off=720 00000000000000000000000000000000
N3GD_BODY id=14 off=730 00000000000000000000000000000000
N3GD_BODY id=14 off=740 00000000000000000000000000000000
N3GD_BODY id=14 off=750 00000000000000000000000000000000
N3GD_BODY id=14 off=760 00000000000000000000000000000000
N3GD_BODY id=14 off=770 00000000000000000000000000000000
N3GD_BODY id=14 off=780 00000000000000000000000000000000
N3GD_BODY id=14 off=790 00000000000000000000000000000000
N3GD_BODY id=14 off=7a0 00000000000000000000000000000000
N3GD_BODY id=14 off=7b0 00000000000000000000000000000000
N3GD_BODY id=14 off=7c0 00000000000000000000000000000000
N3GD_BODY id=14 off=7d0 00000000000000000000000000000000
N3GD_BODY id=14 off=7e0 00000000000000000000000000000000
N3GD_BODY id=14 off=7f0 00000000000000000000000000000000
N3GD_OOB id=14 off=000 000000000000000000000000e5ab0668
N3GD_OOB id=14 off=010 0a52efac2207c7a22532dbc8686282cd
N3GD_OOB id=14 off=020 377bcde4a25178a6eb7c95b8b7fa1e2e
N3GD_OOB id=14 off=030 eddbaafff14d9b9ea7ce563d0b3c39de
N3GD_END id=14
N3GD_BEGIN id=15 kind=cand j=-1 v=0AAB po=71 sl=4294967295 l0=FFFFFFFF host=0000A07E tgt=000140FC bank=3 pb=3156 pp=17 phy=403985 shift=4294967295 t=00 ix=0000 u=00000000 l=00000000
N3GD_BODY id=15 off=000 00000000000000000000000000000000
N3GD_BODY id=15 off=010 00000000000000000000000000000000
N3GD_BODY id=15 off=020 00000000000000000000000000000000
N3GD_BODY id=15 off=030 00000000000000000000000000000000
N3GD_BODY id=15 off=040 00000000000000000000000000000000
N3GD_BODY id=15 off=050 00000000000000000000000000000000
N3GD_BODY id=15 off=060 00000000000000000000000000000000
N3GD_BODY id=15 off=070 00000000000000000000000000000000
N3GD_BODY id=15 off=080 00000000000000000000000000000000
N3GD_BODY id=15 off=090 00000000000000000000000000000000
N3GD_BODY id=15 off=0a0 00000000000000000000000000000000
N3GD_BODY id=15 off=0b0 00000000000000000000000000000000
N3GD_BODY id=15 off=0c0 00000000000000000000000000000000
N3GD_BODY id=15 off=0d0 00000000000000000000000000000000
N3GD_BODY id=15 off=0e0 00000000000000000000000000000000
N3GD_BODY id=15 off=0f0 00000000000000000000000000000000
N3GD_BODY id=15 off=100 00000000000000000000000000000000
N3GD_BODY id=15 off=110 00000000000000000000000000000000
N3GD_BODY id=15 off=120 00000000000000000000000000000000
N3GD_BODY id=15 off=130 00000000000000000000000000000000
N3GD_BODY id=15 off=140 00000000000000000000000000000000
N3GD_BODY id=15 off=150 00000000000000000000000000000000
N3GD_BODY id=15 off=160 00000000000000000000000000000000
N3GD_BODY id=15 off=170 00000000000000000000000000000000
N3GD_BODY id=15 off=180 00000000000000000000000000000000
N3GD_BODY id=15 off=190 00000000000000000000000000000000
N3GD_BODY id=15 off=1a0 00000000000000000000000000000000
N3GD_BODY id=15 off=1b0 00000000000000000000000000000000
N3GD_BODY id=15 off=1c0 00000000000000000000000000000000
N3GD_BODY id=15 off=1d0 00000000000000000000000000000000
N3GD_BODY id=15 off=1e0 00000000000000000000000000000000
N3GD_BODY id=15 off=1f0 00000000000000000000000000000000
N3GD_BODY id=15 off=200 00000000000000000000000000000000
N3GD_BODY id=15 off=210 00000000000000000000000000000000
N3GD_BODY id=15 off=220 00000000000000000000000000000000
N3GD_BODY id=15 off=230 00000000000000000000000000000000
N3GD_BODY id=15 off=240 00000000000000000000000000000000
N3GD_BODY id=15 off=250 00000000000000000000000000000000
N3GD_BODY id=15 off=260 00000000000000000000000000000000
N3GD_BODY id=15 off=270 00000000000000000000000000000000
N3GD_BODY id=15 off=280 00000000000000000000000000000000
N3GD_BODY id=15 off=290 00000000000000000000000000000000
N3GD_BODY id=15 off=2a0 00000000000000000000000000000000
N3GD_BODY id=15 off=2b0 00000000000000000000000000000000
N3GD_BODY id=15 off=2c0 00000000000000000000000000000000
N3GD_BODY id=15 off=2d0 00000000000000000000000000000000
N3GD_BODY id=15 off=2e0 00000000000000000000000000000000
N3GD_BODY id=15 off=2f0 00000000000000000000000000000000
N3GD_BODY id=15 off=300 00000000000000000000000000000000
N3GD_BODY id=15 off=310 00000000000000000000000000000000
N3GD_BODY id=15 off=320 00000000000000000000000000000000
N3GD_BODY id=15 off=330 00000000000000000000000000000000
N3GD_BODY id=15 off=340 00000000000000000000000000000000
N3GD_BODY id=15 off=350 00000000000000000000000000000000
N3GD_BODY id=15 off=360 00000000000000000000000000000000
N3GD_BODY id=15 off=370 00000000000000000000000000000000
N3GD_BODY id=15 off=380 00000000000000000000000000000000
N3GD_BODY id=15 off=390 00000000000000000000000000000000
N3GD_BODY id=15 off=3a0 00000000000000000000000000000000
N3GD_BODY id=15 off=3b0 00000000000000000000000000000000
N3GD_BODY id=15 off=3c0 00000000000000000000000000000000
N3GD_BODY id=15 off=3d0 00000000000000000000000000000000
N3GD_BODY id=15 off=3e0 00000000000000000000000000000000
N3GD_BODY id=15 off=3f0 00000000000000000000000000000000
N3GD_BODY id=15 off=400 00000000000000000000000000000000
N3GD_BODY id=15 off=410 00000000000000000000000000000000
N3GD_BODY id=15 off=420 00000000000000000000000000000000
N3GD_BODY id=15 off=430 00000000000000000000000000000000
N3GD_BODY id=15 off=440 00000000000000000000000000000000
N3GD_BODY id=15 off=450 00000000000000000000000000000000
N3GD_BODY id=15 off=460 00000000000000000000000000000000
N3GD_BODY id=15 off=470 00000000000000000000000000000000
N3GD_BODY id=15 off=480 00000000000000000000000000000000
N3GD_BODY id=15 off=490 00000000000000000000000000000000
N3GD_BODY id=15 off=4a0 00000000000000000000000000000000
N3GD_BODY id=15 off=4b0 00000000000000000000000000000000
N3GD_BODY id=15 off=4c0 00000000000000000000000000000000
N3GD_BODY id=15 off=4d0 00000000000000000000000000000000
N3GD_BODY id=15 off=4e0 00000000000000000000000000000000
N3GD_BODY id=15 off=4f0 00000000000000000000000000000000
N3GD_BODY id=15 off=500 00000000000000000000000000000000
N3GD_BODY id=15 off=510 00000000000000000000000000000000
N3GD_BODY id=15 off=520 00000000000000000000000000000000
N3GD_BODY id=15 off=530 00000000000000000000000000000000
N3GD_BODY id=15 off=540 00000000000000000000000000000000
N3GD_BODY id=15 off=550 00000000000000000000000000000000
N3GD_BODY id=15 off=560 00000000000000000000000000000000
N3GD_BODY id=15 off=570 00000000000000000000000000000000
N3GD_BODY id=15 off=580 00000000000000000000000000000000
N3GD_BODY id=15 off=590 00000000000000000000000000000000
N3GD_BODY id=15 off=5a0 00000000000000000000000000000000
N3GD_BODY id=15 off=5b0 00000000000000000000000000000000
N3GD_BODY id=15 off=5c0 00000000000000000000000000000000
N3GD_BODY id=15 off=5d0 00000000000000000000000000000000
N3GD_BODY id=15 off=5e0 00000000000000000000000000000000
N3GD_BODY id=15 off=5f0 00000000000000000000000000000000
N3GD_BODY id=15 off=600 00000000000000000000000000000000
N3GD_BODY id=15 off=610 00000000000000000000000000000000
N3GD_BODY id=15 off=620 00000000000000000000000000000000
N3GD_BODY id=15 off=630 00000000000000000000000000000000
N3GD_BODY id=15 off=640 00000000000000000000000000000000
N3GD_BODY id=15 off=650 00000000000000000000000000000000
N3GD_BODY id=15 off=660 00000000000000000000000000000000
N3GD_BODY id=15 off=670 00000000000000000000000000000000
N3GD_BODY id=15 off=680 00000000000000000000000000000000
N3GD_BODY id=15 off=690 00000000000000000000000000000000
N3GD_BODY id=15 off=6a0 00000000000000000000000000000000
N3GD_BODY id=15 off=6b0 00000000000000000000000000000000
N3GD_BODY id=15 off=6c0 00000000000000000000000000000000
N3GD_BODY id=15 off=6d0 00000000000000000000000000000000
N3GD_BODY id=15 off=6e0 00000000000000000000000000000000
N3GD_BODY id=15 off=6f0 00000000000000000000000000000000
N3GD_BODY id=15 off=700 00000000000000000000000000000000
N3GD_BODY id=15 off=710 00000000000000000000000000000000
N3GD_BODY id=15 off=720 00000000000000000000000000000000
N3GD_BODY id=15 off=730 00000000000000000000000000000000
N3GD_BODY id=15 off=740 00000000000000000000000000000000
N3GD_BODY id=15 off=750 00000000000000000000000000000000
N3GD_BODY id=15 off=760 00000000000000000000000000000000
N3GD_BODY id=15 off=770 00000000000000000000000000000000
N3GD_BODY id=15 off=780 00000000000000000000000000000000
N3GD_BODY id=15 off=790 00000000000000000000000000000000
N3GD_BODY id=15 off=7a0 00000000000000000000000000000000
N3GD_BODY id=15 off=7b0 00000000000000000000000000000000
N3GD_BODY id=15 off=7c0 00000000000000000000000000000000
N3GD_BODY id=15 off=7d0 00000000000000000000000000000000
N3GD_BODY id=15 off=7e0 00000000000000000000000000000000
N3GD_BODY id=15 off=7f0 00000000000000000000000000000000
N3GD_OOB id=15 off=000 000000000000000000000000e5ab0668
N3GD_OOB id=15 off=010 0a52efac2207c7a22532dbc8686282cd
N3GD_OOB id=15 off=020 377bcde4a25178a6eb7c95b8b7fa1e2e
N3GD_OOB id=15 off=030 eddbaafff14d9b9ea7ce563d0b3c39de
N3GD_END id=15
N3GD_BEGIN id=16 kind=cand j=-1 v=0AAB po=72 sl=4294967295 l0=FFFFFFFF host=0000A07E tgt=000140FC bank=0 pb=3156 pp=18 phy=403986 shift=4294967295 t=40 ix=DE53 u=0001410E l=0001410E
N3GD_BODY id=16 off=000 00000000000000000000000000000000
N3GD_BODY id=16 off=010 00000000000000000000000000000000
N3GD_BODY id=16 off=020 00000000000000000000000000000000
N3GD_BODY id=16 off=030 00000000000000000000000000000000
N3GD_BODY id=16 off=040 00000000000000000000000000000000
N3GD_BODY id=16 off=050 00000000000000000000000000000000
N3GD_BODY id=16 off=060 00000000000000000000000000000000
N3GD_BODY id=16 off=070 00000000000000000000000000000000
N3GD_BODY id=16 off=080 00000000000000000000000000000000
N3GD_BODY id=16 off=090 00000000000000000000000000000000
N3GD_BODY id=16 off=0a0 00000000000000000000000000000000
N3GD_BODY id=16 off=0b0 00000000000000000000000000000000
N3GD_BODY id=16 off=0c0 00000000000000000000000000000000
N3GD_BODY id=16 off=0d0 00000000000000000000000000000000
N3GD_BODY id=16 off=0e0 00000000000000000000000000000000
N3GD_BODY id=16 off=0f0 00000000000000000000000000000000
N3GD_BODY id=16 off=100 00000000000000000000000000000000
N3GD_BODY id=16 off=110 00000000000000000000000000000000
N3GD_BODY id=16 off=120 00000000000000000000000000000000
N3GD_BODY id=16 off=130 00000000000000000000000000000000
N3GD_BODY id=16 off=140 00000000000000000000000000000000
N3GD_BODY id=16 off=150 00000000000000000000000000000000
N3GD_BODY id=16 off=160 00000000000000000000000000000000
N3GD_BODY id=16 off=170 00000000000000000000000000000000
N3GD_BODY id=16 off=180 00000000000000000000000000000000
N3GD_BODY id=16 off=190 00000000000000000000000000000000
N3GD_BODY id=16 off=1a0 00000000000000000000000000000000
N3GD_BODY id=16 off=1b0 00000000000000000000000000000000
N3GD_BODY id=16 off=1c0 00000000000000000000000000000000
N3GD_BODY id=16 off=1d0 00000000000000000000000000000000
N3GD_BODY id=16 off=1e0 00000000000000000000000000000000
N3GD_BODY id=16 off=1f0 00000000000000000000000000000000
N3GD_BODY id=16 off=200 00000000000000000000000000000000
N3GD_BODY id=16 off=210 00000000000000000000000000000000
N3GD_BODY id=16 off=220 00000000000000000000000000000000
N3GD_BODY id=16 off=230 00000000000000000000000000000000
N3GD_BODY id=16 off=240 00000000000000000000000000000000
N3GD_BODY id=16 off=250 00000000000000000000000000000000
N3GD_BODY id=16 off=260 00000000000000000000000000000000
N3GD_BODY id=16 off=270 00000000000000000000000000000000
N3GD_BODY id=16 off=280 00000000000000000000000000000000
N3GD_BODY id=16 off=290 00000000000000000000000000000000
N3GD_BODY id=16 off=2a0 00000000000000000000000000000000
N3GD_BODY id=16 off=2b0 00000000000000000000000000000000
N3GD_BODY id=16 off=2c0 00000000000000000000000000000000
N3GD_BODY id=16 off=2d0 00000000000000000000000000000000
N3GD_BODY id=16 off=2e0 00000000000000000000000000000000
N3GD_BODY id=16 off=2f0 00000000000000000000000000000000
N3GD_BODY id=16 off=300 00000000000000000000000000000000
N3GD_BODY id=16 off=310 00000000000000000000000000000000
N3GD_BODY id=16 off=320 00000000000000000000000000000000
N3GD_BODY id=16 off=330 00000000000000000000000000000000
N3GD_BODY id=16 off=340 00000000000000000000000000000000
N3GD_BODY id=16 off=350 00000000000000000000000000000000
N3GD_BODY id=16 off=360 00000000000000000000000000000000
N3GD_BODY id=16 off=370 00000000000000000000000000000000
N3GD_BODY id=16 off=380 00000000000000000000000000000000
N3GD_BODY id=16 off=390 00000000000000000000000000000000
N3GD_BODY id=16 off=3a0 00000000000000000000000000000000
N3GD_BODY id=16 off=3b0 00000000000000000000000000000000
N3GD_BODY id=16 off=3c0 00000000000000000000000000000000
N3GD_BODY id=16 off=3d0 00000000000000000000000000000000
N3GD_BODY id=16 off=3e0 00000000000000000000000000000000
N3GD_BODY id=16 off=3f0 00000000000000000000000000000000
N3GD_BODY id=16 off=400 00000000000000000000000000000000
N3GD_BODY id=16 off=410 00000000000000000000000000000000
N3GD_BODY id=16 off=420 00000000000000000000000000000000
N3GD_BODY id=16 off=430 00000000000000000000000000000000
N3GD_BODY id=16 off=440 00000000000000000000000000000000
N3GD_BODY id=16 off=450 00000000000000000000000000000000
N3GD_BODY id=16 off=460 00000000000000000000000000000000
N3GD_BODY id=16 off=470 00000000000000000000000000000000
N3GD_BODY id=16 off=480 00000000000000000000000000000000
N3GD_BODY id=16 off=490 00000000000000000000000000000000
N3GD_BODY id=16 off=4a0 00000000000000000000000000000000
N3GD_BODY id=16 off=4b0 00000000000000000000000000000000
N3GD_BODY id=16 off=4c0 00000000000000000000000000000000
N3GD_BODY id=16 off=4d0 00000000000000000000000000000000
N3GD_BODY id=16 off=4e0 00000000000000000000000000000000
N3GD_BODY id=16 off=4f0 00000000000000000000000000000000
N3GD_BODY id=16 off=500 00000000000000000000000000000000
N3GD_BODY id=16 off=510 00000000000000000000000000000000
N3GD_BODY id=16 off=520 00000000000000000000000000000000
N3GD_BODY id=16 off=530 00000000000000000000000000000000
N3GD_BODY id=16 off=540 00000000000000000000000000000000
N3GD_BODY id=16 off=550 00000000000000000000000000000000
N3GD_BODY id=16 off=560 00000000000000000000000000000000
N3GD_BODY id=16 off=570 00000000000000000000000000000000
N3GD_BODY id=16 off=580 00000000000000000000000000000000
N3GD_BODY id=16 off=590 00000000000000000000000000000000
N3GD_BODY id=16 off=5a0 00000000000000000000000000000000
N3GD_BODY id=16 off=5b0 00000000000000000000000000000000
N3GD_BODY id=16 off=5c0 00000000000000000000000000000000
N3GD_BODY id=16 off=5d0 00000000000000000000000000000000
N3GD_BODY id=16 off=5e0 00000000000000000000000000000000
N3GD_BODY id=16 off=5f0 00000000000000000000000000000000
N3GD_BODY id=16 off=600 00000000000000000000000000000000
N3GD_BODY id=16 off=610 00000000000000000000000000000000
N3GD_BODY id=16 off=620 00000000000000000000000000000000
N3GD_BODY id=16 off=630 00000000000000000000000000000000
N3GD_BODY id=16 off=640 00000000000000000000000000000000
N3GD_BODY id=16 off=650 00000000000000000000000000000000
N3GD_BODY id=16 off=660 00000000000000000000000000000000
N3GD_BODY id=16 off=670 00000000000000000000000000000000
N3GD_BODY id=16 off=680 00000000000000000000000000000000
N3GD_BODY id=16 off=690 00000000000000000000000000000000
N3GD_BODY id=16 off=6a0 00000000000000000000000000000000
N3GD_BODY id=16 off=6b0 00000000000000000000000000000000
N3GD_BODY id=16 off=6c0 00000000000000000000000000000000
N3GD_BODY id=16 off=6d0 00000000000000000000000000000000
N3GD_BODY id=16 off=6e0 00000000000000000000000000000000
N3GD_BODY id=16 off=6f0 00000000000000000000000000000000
N3GD_BODY id=16 off=700 00000000000000000000000000000000
N3GD_BODY id=16 off=710 00000000000000000000000000000000
N3GD_BODY id=16 off=720 00000000000000000000000000000000
N3GD_BODY id=16 off=730 00000000000000000000000000000000
N3GD_BODY id=16 off=740 00000000000000000000000000000000
N3GD_BODY id=16 off=750 00000000000000000000000000000000
N3GD_BODY id=16 off=760 00000000000000000000000000000000
N3GD_BODY id=16 off=770 00000000000000000000000000000000
N3GD_BODY id=16 off=780 00000000000000000000000000000000
N3GD_BODY id=16 off=790 00000000000000000000000000000000
N3GD_BODY id=16 off=7a0 00000000000000000000000000000000
N3GD_BODY id=16 off=7b0 00000000000000000000000000000000
N3GD_BODY id=16 off=7c0 00000000000000000000000000000000
N3GD_BODY id=16 off=7d0 00000000000000000000000000000000
N3GD_BODY id=16 off=7e0 00000000000000000000000000000000
N3GD_BODY id=16 off=7f0 00000000000000000000000000000000
N3GD_OOB id=16 off=000 0e41010053de0000ff40ffffe5ab0668
N3GD_OOB id=16 off=010 0a52efac2207c7a22532dbc8686282cd
N3GD_OOB id=16 off=020 377bcde4a25178a6eb7c95b8b7fa1e2e
N3GD_OOB id=16 off=030 eddbaafff14d9b9ea7ce563d0b3c39de
N3GD_END id=16
N3GD_BEGIN id=17 kind=cand j=-1 v=0AAC po=56 sl=4294967295 l0=FFFFFFFF host=0000A07E tgt=000140FC bank=0 pb=3157 pp=14 phy=404110 shift=4294967295 t=40 ix=DE53 u=000140F0 l=000140F0
N3GD_BODY id=17 off=000 00000000000000000000000000000000
N3GD_BODY id=17 off=010 00000000000000000000000000000000
N3GD_BODY id=17 off=020 00000000000000000000000000000000
N3GD_BODY id=17 off=030 00000000000000000000000000000000
N3GD_BODY id=17 off=040 00000000000000000000000000000000
N3GD_BODY id=17 off=050 00000000000000000000000000000000
N3GD_BODY id=17 off=060 00000000000000000000000000000000
N3GD_BODY id=17 off=070 00000000000000000000000000000000
N3GD_BODY id=17 off=080 00000000000000000000000000000000
N3GD_BODY id=17 off=090 00000000000000000000000000000000
N3GD_BODY id=17 off=0a0 00000000000000000000000000000000
N3GD_BODY id=17 off=0b0 00000000000000000000000000000000
N3GD_BODY id=17 off=0c0 00000000000000000000000000000000
N3GD_BODY id=17 off=0d0 00000000000000000000000000000000
N3GD_BODY id=17 off=0e0 00000000000000000000000000000000
N3GD_BODY id=17 off=0f0 00000000000000000000000000000000
N3GD_BODY id=17 off=100 00000000000000000000000000000000
N3GD_BODY id=17 off=110 00000000000000000000000000000000
N3GD_BODY id=17 off=120 00000000000000000000000000000000
N3GD_BODY id=17 off=130 00000000000000000000000000000000
N3GD_BODY id=17 off=140 00000000000000000000000000000000
N3GD_BODY id=17 off=150 00000000000000000000000000000000
N3GD_BODY id=17 off=160 00000000000000000000000000000000
N3GD_BODY id=17 off=170 00000000000000000000000000000000
N3GD_BODY id=17 off=180 00000000000000000000000000000000
N3GD_BODY id=17 off=190 00000000000000000000000000000000
N3GD_BODY id=17 off=1a0 00000000000000000000000000000000
N3GD_BODY id=17 off=1b0 00000000000000000000000000000000
N3GD_BODY id=17 off=1c0 00000000000000000000000000000000
N3GD_BODY id=17 off=1d0 00000000000000000000000000000000
N3GD_BODY id=17 off=1e0 00000000000000000000000000000000
N3GD_BODY id=17 off=1f0 00000000000000000000000000000000
N3GD_BODY id=17 off=200 00000000000000000000000000000000
N3GD_BODY id=17 off=210 00000000000000000000000000000000
N3GD_BODY id=17 off=220 00000000000000000000000000000000
N3GD_BODY id=17 off=230 00000000000000000000000000000000
N3GD_BODY id=17 off=240 00000000000000000000000000000000
N3GD_BODY id=17 off=250 00000000000000000000000000000000
N3GD_BODY id=17 off=260 00000000000000000000000000000000
N3GD_BODY id=17 off=270 00000000000000000000000000000000
N3GD_BODY id=17 off=280 00000000000000000000000000000000
N3GD_BODY id=17 off=290 00000000000000000000000000000000
N3GD_BODY id=17 off=2a0 00000000000000000000000000000000
N3GD_BODY id=17 off=2b0 00000000000000000000000000000000
N3GD_BODY id=17 off=2c0 00000000000000000000000000000000
N3GD_BODY id=17 off=2d0 00000000000000000000000000000000
N3GD_BODY id=17 off=2e0 00000000000000000000000000000000
N3GD_BODY id=17 off=2f0 00000000000000000000000000000000
N3GD_BODY id=17 off=300 00000000000000000000000000000000
N3GD_BODY id=17 off=310 00000000000000000000000000000000
N3GD_BODY id=17 off=320 00000000000000000000000000000000
N3GD_BODY id=17 off=330 00000000000000000000000000000000
N3GD_BODY id=17 off=340 00000000000000000000000000000000
N3GD_BODY id=17 off=350 00000000000000000000000000000000
N3GD_BODY id=17 off=360 00000000000000000000000000000000
N3GD_BODY id=17 off=370 00000000000000000000000000000000
N3GD_BODY id=17 off=380 00000000000000000000000000000000
N3GD_BODY id=17 off=390 00000000000000000000000000000000
N3GD_BODY id=17 off=3a0 00000000000000000000000000000000
N3GD_BODY id=17 off=3b0 00000000000000000000000000000000
N3GD_BODY id=17 off=3c0 00000000000000000000000000000000
N3GD_BODY id=17 off=3d0 00000000000000000000000000000000
N3GD_BODY id=17 off=3e0 00000000000000000000000000000000
N3GD_BODY id=17 off=3f0 00000000000000000000000000000000
N3GD_BODY id=17 off=400 00000000000000000000000000000000
N3GD_BODY id=17 off=410 00000000000000000000000000000000
N3GD_BODY id=17 off=420 00000000000000000000000000000000
N3GD_BODY id=17 off=430 00000000000000000000000000000000
N3GD_BODY id=17 off=440 00000000000000000000000000000000
N3GD_BODY id=17 off=450 00000000000000000000000000000000
N3GD_BODY id=17 off=460 00000000000000000000000000000000
N3GD_BODY id=17 off=470 00000000000000000000000000000000
N3GD_BODY id=17 off=480 00000000000000000000000000000000
N3GD_BODY id=17 off=490 00000000000000000000000000000000
N3GD_BODY id=17 off=4a0 00000000000000000000000000000000
N3GD_BODY id=17 off=4b0 00000000000000000000000000000000
N3GD_BODY id=17 off=4c0 00000000000000000000000000000000
N3GD_BODY id=17 off=4d0 00000000000000000000000000000000
N3GD_BODY id=17 off=4e0 00000000000000000000000000000000
N3GD_BODY id=17 off=4f0 00000000000000000000000000000000
N3GD_BODY id=17 off=500 00000000000000000000000000000000
N3GD_BODY id=17 off=510 00000000000000000000000000000000
N3GD_BODY id=17 off=520 00000000000000000000000000000000
N3GD_BODY id=17 off=530 00000000000000000000000000000000
N3GD_BODY id=17 off=540 00000000000000000000000000000000
N3GD_BODY id=17 off=550 00000000000000000000000000000000
N3GD_BODY id=17 off=560 00000000000000000000000000000000
N3GD_BODY id=17 off=570 00000000000000000000000000000000
N3GD_BODY id=17 off=580 00000000000000000000000000000000
N3GD_BODY id=17 off=590 00000000000000000000000000000000
N3GD_BODY id=17 off=5a0 00000000000000000000000000000000
N3GD_BODY id=17 off=5b0 00000000000000000000000000000000
N3GD_BODY id=17 off=5c0 00000000000000000000000000000000
N3GD_BODY id=17 off=5d0 00000000000000000000000000000000
N3GD_BODY id=17 off=5e0 00000000000000000000000000000000
N3GD_BODY id=17 off=5f0 00000000000000000000000000000000
N3GD_BODY id=17 off=600 00000000000000000000000000000000
N3GD_BODY id=17 off=610 00000000000000000000000000000000
N3GD_BODY id=17 off=620 00000000000000000000000000000000
N3GD_BODY id=17 off=630 00000000000000000000000000000000
N3GD_BODY id=17 off=640 00000000000000000000000000000000
N3GD_BODY id=17 off=650 00000000000000000000000000000000
N3GD_BODY id=17 off=660 00000000000000000000000000000000
N3GD_BODY id=17 off=670 00000000000000000000000000000000
N3GD_BODY id=17 off=680 00000000000000000000000000000000
N3GD_BODY id=17 off=690 00000000000000000000000000000000
N3GD_BODY id=17 off=6a0 00000000000000000000000000000000
N3GD_BODY id=17 off=6b0 00000000000000000000000000000000
N3GD_BODY id=17 off=6c0 00000000000000000000000000000000
N3GD_BODY id=17 off=6d0 00000000000000000000000000000000
N3GD_BODY id=17 off=6e0 00000000000000000000000000000000
N3GD_BODY id=17 off=6f0 00000000000000000000000000000000
N3GD_BODY id=17 off=700 00000000000000000000000000000000
N3GD_BODY id=17 off=710 00000000000000000000000000000000
N3GD_BODY id=17 off=720 00000000000000000000000000000000
N3GD_BODY id=17 off=730 00000000000000000000000000000000
N3GD_BODY id=17 off=740 00000000000000000000000000000000
N3GD_BODY id=17 off=750 00000000000000000000000000000000
N3GD_BODY id=17 off=760 00000000000000000000000000000000
N3GD_BODY id=17 off=770 00000000000000000000000000000000
N3GD_BODY id=17 off=780 00000000000000000000000000000000
N3GD_BODY id=17 off=790 00000000000000000000000000000000
N3GD_BODY id=17 off=7a0 00000000000000000000000000000000
N3GD_BODY id=17 off=7b0 00000000000000000000000000000000
N3GD_BODY id=17 off=7c0 00000000000000000000000000000000
N3GD_BODY id=17 off=7d0 00000000000000000000000000000000
N3GD_BODY id=17 off=7e0 00000000000000000000000000000000
N3GD_BODY id=17 off=7f0 00000000000000000000000000000000
N3GD_OOB id=17 off=000 f040010053de0000ff40ffffe5ab0668
N3GD_OOB id=17 off=010 0a52efac2207c7a22532dbc8686282cd
N3GD_OOB id=17 off=020 377bcde4a25178a6eb7c95b8b7fa1e2e
N3GD_OOB id=17 off=030 eddbaafff14d9b9ea7ce563d0b3c39de
N3GD_END id=17
N3GD_BEGIN id=18 kind=cand j=-1 v=0AAC po=57 sl=4294967295 l0=FFFFFFFF host=0000A07E tgt=000140FC bank=1 pb=3157 pp=14 phy=404110 shift=4294967295 t=00 ix=0000 u=00000000 l=00000000
N3GD_BODY id=18 off=000 00000000000000000000000000000000
N3GD_BODY id=18 off=010 00000000000000000000000000000000
N3GD_BODY id=18 off=020 00000000000000000000000000000000
N3GD_BODY id=18 off=030 00000000000000000000000000000000
N3GD_BODY id=18 off=040 00000000000000000000000000000000
N3GD_BODY id=18 off=050 00000000000000000000000000000000
N3GD_BODY id=18 off=060 00000000000000000000000000000000
N3GD_BODY id=18 off=070 00000000000000000000000000000000
N3GD_BODY id=18 off=080 00000000000000000000000000000000
N3GD_BODY id=18 off=090 00000000000000000000000000000000
N3GD_BODY id=18 off=0a0 00000000000000000000000000000000
N3GD_BODY id=18 off=0b0 00000000000000000000000000000000
N3GD_BODY id=18 off=0c0 00000000000000000000000000000000
N3GD_BODY id=18 off=0d0 00000000000000000000000000000000
N3GD_BODY id=18 off=0e0 00000000000000000000000000000000
N3GD_BODY id=18 off=0f0 00000000000000000000000000000000
N3GD_BODY id=18 off=100 00000000000000000000000000000000
N3GD_BODY id=18 off=110 00000000000000000000000000000000
N3GD_BODY id=18 off=120 00000000000000000000000000000000
N3GD_BODY id=18 off=130 00000000000000000000000000000000
N3GD_BODY id=18 off=140 00000000000000000000000000000000
N3GD_BODY id=18 off=150 00000000000000000000000000000000
N3GD_BODY id=18 off=160 00000000000000000000000000000000
N3GD_BODY id=18 off=170 00000000000000000000000000000000
N3GD_BODY id=18 off=180 00000000000000000000000000000000
N3GD_BODY id=18 off=190 00000000000000000000000000000000
N3GD_BODY id=18 off=1a0 00000000000000000000000000000000
N3GD_BODY id=18 off=1b0 00000000000000000000000000000000
N3GD_BODY id=18 off=1c0 00000000000000000000000000000000
N3GD_BODY id=18 off=1d0 00000000000000000000000000000000
N3GD_BODY id=18 off=1e0 00000000000000000000000000000000
N3GD_BODY id=18 off=1f0 00000000000000000000000000000000
N3GD_BODY id=18 off=200 00000000000000000000000000000000
N3GD_BODY id=18 off=210 00000000000000000000000000000000
N3GD_BODY id=18 off=220 00000000000000000000000000000000
N3GD_BODY id=18 off=230 00000000000000000000000000000000
N3GD_BODY id=18 off=240 00000000000000000000000000000000
N3GD_BODY id=18 off=250 00000000000000000000000000000000
N3GD_BODY id=18 off=260 00000000000000000000000000000000
N3GD_BODY id=18 off=270 00000000000000000000000000000000
N3GD_BODY id=18 off=280 00000000000000000000000000000000
N3GD_BODY id=18 off=290 00000000000000000000000000000000
N3GD_BODY id=18 off=2a0 00000000000000000000000000000000
N3GD_BODY id=18 off=2b0 00000000000000000000000000000000
N3GD_BODY id=18 off=2c0 00000000000000000000000000000000
N3GD_BODY id=18 off=2d0 00000000000000000000000000000000
N3GD_BODY id=18 off=2e0 00000000000000000000000000000000
N3GD_BODY id=18 off=2f0 00000000000000000000000000000000
N3GD_BODY id=18 off=300 00000000000000000000000000000000
N3GD_BODY id=18 off=310 00000000000000000000000000000000
N3GD_BODY id=18 off=320 00000000000000000000000000000000
N3GD_BODY id=18 off=330 00000000000000000000000000000000
N3GD_BODY id=18 off=340 00000000000000000000000000000000
N3GD_BODY id=18 off=350 00000000000000000000000000000000
N3GD_BODY id=18 off=360 00000000000000000000000000000000
N3GD_BODY id=18 off=370 00000000000000000000000000000000
N3GD_BODY id=18 off=380 00000000000000000000000000000000
N3GD_BODY id=18 off=390 00000000000000000000000000000000
N3GD_BODY id=18 off=3a0 00000000000000000000000000000000
N3GD_BODY id=18 off=3b0 00000000000000000000000000000000
N3GD_BODY id=18 off=3c0 00000000000000000000000000000000
N3GD_BODY id=18 off=3d0 00000000000000000000000000000000
N3GD_BODY id=18 off=3e0 00000000000000000000000000000000
N3GD_BODY id=18 off=3f0 00000000000000000000000000000000
N3GD_BODY id=18 off=400 00000000000000000000000000000000
N3GD_BODY id=18 off=410 00000000000000000000000000000000
N3GD_BODY id=18 off=420 00000000000000000000000000000000
N3GD_BODY id=18 off=430 00000000000000000000000000000000
N3GD_BODY id=18 off=440 00000000000000000000000000000000
N3GD_BODY id=18 off=450 00000000000000000000000000000000
N3GD_BODY id=18 off=460 00000000000000000000000000000000
N3GD_BODY id=18 off=470 00000000000000000000000000000000
N3GD_BODY id=18 off=480 00000000000000000000000000000000
N3GD_BODY id=18 off=490 00000000000000000000000000000000
N3GD_BODY id=18 off=4a0 00000000000000000000000000000000
N3GD_BODY id=18 off=4b0 00000000000000000000000000000000
N3GD_BODY id=18 off=4c0 00000000000000000000000000000000
N3GD_BODY id=18 off=4d0 00000000000000000000000000000000
N3GD_BODY id=18 off=4e0 00000000000000000000000000000000
N3GD_BODY id=18 off=4f0 00000000000000000000000000000000
N3GD_BODY id=18 off=500 00000000000000000000000000000000
N3GD_BODY id=18 off=510 00000000000000000000000000000000
N3GD_BODY id=18 off=520 00000000000000000000000000000000
N3GD_BODY id=18 off=530 00000000000000000000000000000000
N3GD_BODY id=18 off=540 00000000000000000000000000000000
N3GD_BODY id=18 off=550 00000000000000000000000000000000
N3GD_BODY id=18 off=560 00000000000000000000000000000000
N3GD_BODY id=18 off=570 00000000000000000000000000000000
N3GD_BODY id=18 off=580 00000000000000000000000000000000
N3GD_BODY id=18 off=590 00000000000000000000000000000000
N3GD_BODY id=18 off=5a0 00000000000000000000000000000000
N3GD_BODY id=18 off=5b0 00000000000000000000000000000000
N3GD_BODY id=18 off=5c0 00000000000000000000000000000000
N3GD_BODY id=18 off=5d0 00000000000000000000000000000000
N3GD_BODY id=18 off=5e0 00000000000000000000000000000000
N3GD_BODY id=18 off=5f0 00000000000000000000000000000000
N3GD_BODY id=18 off=600 00000000000000000000000000000000
N3GD_BODY id=18 off=610 00000000000000000000000000000000
N3GD_BODY id=18 off=620 00000000000000000000000000000000
N3GD_BODY id=18 off=630 00000000000000000000000000000000
N3GD_BODY id=18 off=640 00000000000000000000000000000000
N3GD_BODY id=18 off=650 00000000000000000000000000000000
N3GD_BODY id=18 off=660 00000000000000000000000000000000
N3GD_BODY id=18 off=670 00000000000000000000000000000000
N3GD_BODY id=18 off=680 00000000000000000000000000000000
N3GD_BODY id=18 off=690 00000000000000000000000000000000
N3GD_BODY id=18 off=6a0 00000000000000000000000000000000
N3GD_BODY id=18 off=6b0 00000000000000000000000000000000
N3GD_BODY id=18 off=6c0 00000000000000000000000000000000
N3GD_BODY id=18 off=6d0 00000000000000000000000000000000
N3GD_BODY id=18 off=6e0 00000000000000000000000000000000
N3GD_BODY id=18 off=6f0 00000000000000000000000000000000
N3GD_BODY id=18 off=700 00000000000000000000000000000000
N3GD_BODY id=18 off=710 00000000000000000000000000000000
N3GD_BODY id=18 off=720 00000000000000000000000000000000
N3GD_BODY id=18 off=730 00000000000000000000000000000000
N3GD_BODY id=18 off=740 00000000000000000000000000000000
N3GD_BODY id=18 off=750 00000000000000000000000000000000
N3GD_BODY id=18 off=760 00000000000000000000000000000000
N3GD_BODY id=18 off=770 00000000000000000000000000000000
N3GD_BODY id=18 off=780 00000000000000000000000000000000
N3GD_BODY id=18 off=790 00000000000000000000000000000000
N3GD_BODY id=18 off=7a0 00000000000000000000000000000000
N3GD_BODY id=18 off=7b0 00000000000000000000000000000000
N3GD_BODY id=18 off=7c0 00000000000000000000000000000000
N3GD_BODY id=18 off=7d0 00000000000000000000000000000000
N3GD_BODY id=18 off=7e0 00000000000000000000000000000000
N3GD_BODY id=18 off=7f0 00000000000000000000000000000000
N3GD_OOB id=18 off=000 000000000000000000000000e5ab0668
N3GD_OOB id=18 off=010 0a52efac2207c7a22532dbc8686282cd
N3GD_OOB id=18 off=020 377bcde4a25178a6eb7c95b8b7fa1e2e
N3GD_OOB id=18 off=030 eddbaafff14d9b9ea7ce563d0b3c39de
N3GD_END id=18
N3GD_BEGIN id=19 kind=cand j=-1 v=0AAC po=58 sl=4294967295 l0=FFFFFFFF host=0000A07E tgt=000140FC bank=2 pb=3157 pp=14 phy=404110 shift=4294967295 t=00 ix=0000 u=00000000 l=00000000
N3GD_BODY id=19 off=000 00000000000000000000000000000000
N3GD_BODY id=19 off=010 00000000000000000000000000000000
N3GD_BODY id=19 off=020 00000000000000000000000000000000
N3GD_BODY id=19 off=030 00000000000000000000000000000000
N3GD_BODY id=19 off=040 00000000000000000000000000000000
N3GD_BODY id=19 off=050 00000000000000000000000000000000
N3GD_BODY id=19 off=060 00000000000000000000000000000000
N3GD_BODY id=19 off=070 00000000000000000000000000000000
N3GD_BODY id=19 off=080 00000000000000000000000000000000
N3GD_BODY id=19 off=090 00000000000000000000000000000000
N3GD_BODY id=19 off=0a0 00000000000000000000000000000000
N3GD_BODY id=19 off=0b0 00000000000000000000000000000000
N3GD_BODY id=19 off=0c0 00000000000000000000000000000000
N3GD_BODY id=19 off=0d0 00000000000000000000000000000000
N3GD_BODY id=19 off=0e0 00000000000000000000000000000000
N3GD_BODY id=19 off=0f0 00000000000000000000000000000000
N3GD_BODY id=19 off=100 00000000000000000000000000000000
N3GD_BODY id=19 off=110 00000000000000000000000000000000
N3GD_BODY id=19 off=120 00000000000000000000000000000000
N3GD_BODY id=19 off=130 00000000000000000000000000000000
N3GD_BODY id=19 off=140 00000000000000000000000000000000
N3GD_BODY id=19 off=150 00000000000000000000000000000000
N3GD_BODY id=19 off=160 00000000000000000000000000000000
N3GD_BODY id=19 off=170 00000000000000000000000000000000
N3GD_BODY id=19 off=180 00000000000000000000000000000000
N3GD_BODY id=19 off=190 00000000000000000000000000000000
N3GD_BODY id=19 off=1a0 00000000000000000000000000000000
N3GD_BODY id=19 off=1b0 00000000000000000000000000000000
N3GD_BODY id=19 off=1c0 00000000000000000000000000000000
N3GD_BODY id=19 off=1d0 00000000000000000000000000000000
N3GD_BODY id=19 off=1e0 00000000000000000000000000000000
N3GD_BODY id=19 off=1f0 00000000000000000000000000000000
N3GD_BODY id=19 off=200 00000000000000000000000000000000
N3GD_BODY id=19 off=210 00000000000000000000000000000000
N3GD_BODY id=19 off=220 00000000000000000000000000000000
N3GD_BODY id=19 off=230 00000000000000000000000000000000
N3GD_BODY id=19 off=240 00000000000000000000000000000000
N3GD_BODY id=19 off=250 00000000000000000000000000000000
N3GD_BODY id=19 off=260 00000000000000000000000000000000
N3GD_BODY id=19 off=270 00000000000000000000000000000000
N3GD_BODY id=19 off=280 00000000000000000000000000000000
N3GD_BODY id=19 off=290 00000000000000000000000000000000
N3GD_BODY id=19 off=2a0 00000000000000000000000000000000
N3GD_BODY id=19 off=2b0 00000000000000000000000000000000
N3GD_BODY id=19 off=2c0 00000000000000000000000000000000
N3GD_BODY id=19 off=2d0 00000000000000000000000000000000
N3GD_BODY id=19 off=2e0 00000000000000000000000000000000
N3GD_BODY id=19 off=2f0 00000000000000000000000000000000
N3GD_BODY id=19 off=300 00000000000000000000000000000000
N3GD_BODY id=19 off=310 00000000000000000000000000000000
N3GD_BODY id=19 off=320 00000000000000000000000000000000
N3GD_BODY id=19 off=330 00000000000000000000000000000000
N3GD_BODY id=19 off=340 00000000000000000000000000000000
N3GD_BODY id=19 off=350 00000000000000000000000000000000
N3GD_BODY id=19 off=360 00000000000000000000000000000000
N3GD_BODY id=19 off=370 00000000000000000000000000000000
N3GD_BODY id=19 off=380 00000000000000000000000000000000
N3GD_BODY id=19 off=390 00000000000000000000000000000000
N3GD_BODY id=19 off=3a0 00000000000000000000000000000000
N3GD_BODY id=19 off=3b0 00000000000000000000000000000000
N3GD_BODY id=19 off=3c0 00000000000000000000000000000000
N3GD_BODY id=19 off=3d0 00000000000000000000000000000000
N3GD_BODY id=19 off=3e0 00000000000000000000000000000000
N3GD_BODY id=19 off=3f0 00000000000000000000000000000000
N3GD_BODY id=19 off=400 00000000000000000000000000000000
N3GD_BODY id=19 off=410 00000000000000000000000000000000
N3GD_BODY id=19 off=420 00000000000000000000000000000000
N3GD_BODY id=19 off=430 00000000000000000000000000000000
N3GD_BODY id=19 off=440 00000000000000000000000000000000
N3GD_BODY id=19 off=450 00000000000000000000000000000000
N3GD_BODY id=19 off=460 00000000000000000000000000000000
N3GD_BODY id=19 off=470 00000000000000000000000000000000
N3GD_BODY id=19 off=480 00000000000000000000000000000000
N3GD_BODY id=19 off=490 00000000000000000000000000000000
N3GD_BODY id=19 off=4a0 00000000000000000000000000000000
N3GD_BODY id=19 off=4b0 00000000000000000000000000000000
N3GD_BODY id=19 off=4c0 00000000000000000000000000000000
N3GD_BODY id=19 off=4d0 00000000000000000000000000000000
N3GD_BODY id=19 off=4e0 00000000000000000000000000000000
N3GD_BODY id=19 off=4f0 00000000000000000000000000000000
N3GD_BODY id=19 off=500 00000000000000000000000000000000
N3GD_BODY id=19 off=510 00000000000000000000000000000000
N3GD_BODY id=19 off=520 00000000000000000000000000000000
N3GD_BODY id=19 off=530 00000000000000000000000000000000
N3GD_BODY id=19 off=540 00000000000000000000000000000000
N3GD_BODY id=19 off=550 00000000000000000000000000000000
N3GD_BODY id=19 off=560 00000000000000000000000000000000
N3GD_BODY id=19 off=570 00000000000000000000000000000000
N3GD_BODY id=19 off=580 00000000000000000000000000000000
N3GD_BODY id=19 off=590 00000000000000000000000000000000
N3GD_BODY id=19 off=5a0 00000000000000000000000000000000
N3GD_BODY id=19 off=5b0 00000000000000000000000000000000
N3GD_BODY id=19 off=5c0 00000000000000000000000000000000
N3GD_BODY id=19 off=5d0 00000000000000000000000000000000
N3GD_BODY id=19 off=5e0 00000000000000000000000000000000
N3GD_BODY id=19 off=5f0 00000000000000000000000000000000
N3GD_BODY id=19 off=600 00000000000000000000000000000000
N3GD_BODY id=19 off=610 00000000000000000000000000000000
N3GD_BODY id=19 off=620 00000000000000000000000000000000
N3GD_BODY id=19 off=630 00000000000000000000000000000000
N3GD_BODY id=19 off=640 00000000000000000000000000000000
N3GD_BODY id=19 off=650 00000000000000000000000000000000
N3GD_BODY id=19 off=660 00000000000000000000000000000000
N3GD_BODY id=19 off=670 00000000000000000000000000000000
N3GD_BODY id=19 off=680 00000000000000000000000000000000
N3GD_BODY id=19 off=690 00000000000000000000000000000000
N3GD_BODY id=19 off=6a0 00000000000000000000000000000000
N3GD_BODY id=19 off=6b0 00000000000000000000000000000000
N3GD_BODY id=19 off=6c0 00000000000000000000000000000000
N3GD_BODY id=19 off=6d0 00000000000000000000000000000000
N3GD_BODY id=19 off=6e0 00000000000000000000000000000000
N3GD_BODY id=19 off=6f0 00000000000000000000000000000000
N3GD_BODY id=19 off=700 00000000000000000000000000000000
N3GD_BODY id=19 off=710 00000000000000000000000000000000
N3GD_BODY id=19 off=720 00000000000000000000000000000000
N3GD_BODY id=19 off=730 00000000000000000000000000000000
N3GD_BODY id=19 off=740 00000000000000000000000000000000
N3GD_BODY id=19 off=750 00000000000000000000000000000000
N3GD_BODY id=19 off=760 00000000000000000000000000000000
N3GD_BODY id=19 off=770 00000000000000000000000000000000
N3GD_BODY id=19 off=780 00000000000000000000000000000000
N3GD_BODY id=19 off=790 00000000000000000000000000000000
N3GD_BODY id=19 off=7a0 00000000000000000000000000000000
N3GD_BODY id=19 off=7b0 00000000000000000000000000000000
N3GD_BODY id=19 off=7c0 00000000000000000000000000000000
N3GD_BODY id=19 off=7d0 00000000000000000000000000000000
N3GD_BODY id=19 off=7e0 00000000000000000000000000000000
N3GD_BODY id=19 off=7f0 00000000000000000000000000000000
N3GD_OOB id=19 off=000 000000000000000000000000e5ab0668
N3GD_OOB id=19 off=010 0a52efac2207c7a22532dbc8686282cd
N3GD_OOB id=19 off=020 377bcde4a25178a6eb7c95b8b7fa1e2e
N3GD_OOB id=19 off=030 eddbaafff14d9b9ea7ce563d0b3c39de
N3GD_END id=19
N3GD_BEGIN id=20 kind=cand j=-1 v=0AAC po=59 sl=4294967295 l0=FFFFFFFF host=0000A07E tgt=000140FC bank=3 pb=3157 pp=14 phy=404110 shift=4294967295 t=00 ix=0000 u=00000000 l=00000000
N3GD_BODY id=20 off=000 00000000000000000000000000000000
N3GD_BODY id=20 off=010 00000000000000000000000000000000
N3GD_BODY id=20 off=020 00000000000000000000000000000000
N3GD_BODY id=20 off=030 00000000000000000000000000000000
N3GD_BODY id=20 off=040 00000000000000000000000000000000
N3GD_BODY id=20 off=050 00000000000000000000000000000000
N3GD_BODY id=20 off=060 00000000000000000000000000000000
N3GD_BODY id=20 off=070 00000000000000000000000000000000
N3GD_BODY id=20 off=080 00000000000000000000000000000000
N3GD_BODY id=20 off=090 00000000000000000000000000000000
N3GD_BODY id=20 off=0a0 00000000000000000000000000000000
N3GD_BODY id=20 off=0b0 00000000000000000000000000000000
N3GD_BODY id=20 off=0c0 00000000000000000000000000000000
N3GD_BODY id=20 off=0d0 00000000000000000000000000000000
N3GD_BODY id=20 off=0e0 00000000000000000000000000000000
N3GD_BODY id=20 off=0f0 00000000000000000000000000000000
N3GD_BODY id=20 off=100 00000000000000000000000000000000
N3GD_BODY id=20 off=110 00000000000000000000000000000000
N3GD_BODY id=20 off=120 00000000000000000000000000000000
N3GD_BODY id=20 off=130 00000000000000000000000000000000
N3GD_BODY id=20 off=140 00000000000000000000000000000000
N3GD_BODY id=20 off=150 00000000000000000000000000000000
N3GD_BODY id=20 off=160 00000000000000000000000000000000
N3GD_BODY id=20 off=170 00000000000000000000000000000000
N3GD_BODY id=20 off=180 00000000000000000000000000000000
N3GD_BODY id=20 off=190 00000000000000000000000000000000
N3GD_BODY id=20 off=1a0 00000000000000000000000000000000
N3GD_BODY id=20 off=1b0 00000000000000000000000000000000
N3GD_BODY id=20 off=1c0 00000000000000000000000000000000
N3GD_BODY id=20 off=1d0 00000000000000000000000000000000
N3GD_BODY id=20 off=1e0 00000000000000000000000000000000
N3GD_BODY id=20 off=1f0 00000000000000000000000000000000
N3GD_BODY id=20 off=200 00000000000000000000000000000000
N3GD_BODY id=20 off=210 00000000000000000000000000000000
N3GD_BODY id=20 off=220 00000000000000000000000000000000
N3GD_BODY id=20 off=230 00000000000000000000000000000000
N3GD_BODY id=20 off=240 00000000000000000000000000000000
N3GD_BODY id=20 off=250 00000000000000000000000000000000
N3GD_BODY id=20 off=260 00000000000000000000000000000000
N3GD_BODY id=20 off=270 00000000000000000000000000000000
N3GD_BODY id=20 off=280 00000000000000000000000000000000
N3GD_BODY id=20 off=290 00000000000000000000000000000000
N3GD_BODY id=20 off=2a0 00000000000000000000000000000000
N3GD_BODY id=20 off=2b0 00000000000000000000000000000000
N3GD_BODY id=20 off=2c0 00000000000000000000000000000000
N3GD_BODY id=20 off=2d0 00000000000000000000000000000000
N3GD_BODY id=20 off=2e0 00000000000000000000000000000000
N3GD_BODY id=20 off=2f0 00000000000000000000000000000000
N3GD_BODY id=20 off=300 00000000000000000000000000000000
N3GD_BODY id=20 off=310 00000000000000000000000000000000
N3GD_BODY id=20 off=320 00000000000000000000000000000000
N3GD_BODY id=20 off=330 00000000000000000000000000000000
N3GD_BODY id=20 off=340 00000000000000000000000000000000
N3GD_BODY id=20 off=350 00000000000000000000000000000000
N3GD_BODY id=20 off=360 00000000000000000000000000000000
N3GD_BODY id=20 off=370 00000000000000000000000000000000
N3GD_BODY id=20 off=380 00000000000000000000000000000000
N3GD_BODY id=20 off=390 00000000000000000000000000000000
N3GD_BODY id=20 off=3a0 00000000000000000000000000000000
N3GD_BODY id=20 off=3b0 00000000000000000000000000000000
N3GD_BODY id=20 off=3c0 00000000000000000000000000000000
N3GD_BODY id=20 off=3d0 00000000000000000000000000000000
N3GD_BODY id=20 off=3e0 00000000000000000000000000000000
N3GD_BODY id=20 off=3f0 00000000000000000000000000000000
N3GD_BODY id=20 off=400 00000000000000000000000000000000
N3GD_BODY id=20 off=410 00000000000000000000000000000000
N3GD_BODY id=20 off=420 00000000000000000000000000000000
N3GD_BODY id=20 off=430 00000000000000000000000000000000
N3GD_BODY id=20 off=440 00000000000000000000000000000000
N3GD_BODY id=20 off=450 00000000000000000000000000000000
N3GD_BODY id=20 off=460 00000000000000000000000000000000
N3GD_BODY id=20 off=470 00000000000000000000000000000000
N3GD_BODY id=20 off=480 00000000000000000000000000000000
N3GD_BODY id=20 off=490 00000000000000000000000000000000
N3GD_BODY id=20 off=4a0 00000000000000000000000000000000
N3GD_BODY id=20 off=4b0 00000000000000000000000000000000
N3GD_BODY id=20 off=4c0 00000000000000000000000000000000
N3GD_BODY id=20 off=4d0 00000000000000000000000000000000
N3GD_BODY id=20 off=4e0 00000000000000000000000000000000
N3GD_BODY id=20 off=4f0 00000000000000000000000000000000
N3GD_BODY id=20 off=500 00000000000000000000000000000000
N3GD_BODY id=20 off=510 00000000000000000000000000000000
N3GD_BODY id=20 off=520 00000000000000000000000000000000
N3GD_BODY id=20 off=530 00000000000000000000000000000000
N3GD_BODY id=20 off=540 00000000000000000000000000000000
N3GD_BODY id=20 off=550 00000000000000000000000000000000
N3GD_BODY id=20 off=560 00000000000000000000000000000000
N3GD_BODY id=20 off=570 00000000000000000000000000000000
N3GD_BODY id=20 off=580 00000000000000000000000000000000
N3GD_BODY id=20 off=590 00000000000000000000000000000000
N3GD_BODY id=20 off=5a0 00000000000000000000000000000000
N3GD_BODY id=20 off=5b0 00000000000000000000000000000000
N3GD_BODY id=20 off=5c0 00000000000000000000000000000000
N3GD_BODY id=20 off=5d0 00000000000000000000000000000000
N3GD_BODY id=20 off=5e0 00000000000000000000000000000000
N3GD_BODY id=20 off=5f0 00000000000000000000000000000000
N3GD_BODY id=20 off=600 00000000000000000000000000000000
N3GD_BODY id=20 off=610 00000000000000000000000000000000
N3GD_BODY id=20 off=620 00000000000000000000000000000000
N3GD_BODY id=20 off=630 00000000000000000000000000000000
N3GD_BODY id=20 off=640 00000000000000000000000000000000
N3GD_BODY id=20 off=650 00000000000000000000000000000000
N3GD_BODY id=20 off=660 00000000000000000000000000000000
N3GD_BODY id=20 off=670 00000000000000000000000000000000
N3GD_BODY id=20 off=680 00000000000000000000000000000000
N3GD_BODY id=20 off=690 00000000000000000000000000000000
N3GD_BODY id=20 off=6a0 00000000000000000000000000000000
N3GD_BODY id=20 off=6b0 00000000000000000000000000000000
N3GD_BODY id=20 off=6c0 00000000000000000000000000000000
N3GD_BODY id=20 off=6d0 00000000000000000000000000000000
N3GD_BODY id=20 off=6e0 00000000000000000000000000000000
N3GD_BODY id=20 off=6f0 00000000000000000000000000000000
N3GD_BODY id=20 off=700 00000000000000000000000000000000
N3GD_BODY id=20 off=710 00000000000000000000000000000000
N3GD_BODY id=20 off=720 00000000000000000000000000000000
N3GD_BODY id=20 off=730 00000000000000000000000000000000
N3GD_BODY id=20 off=740 00000000000000000000000000000000
N3GD_BODY id=20 off=750 00000000000000000000000000000000
N3GD_BODY id=20 off=760 00000000000000000000000000000000
N3GD_BODY id=20 off=770 00000000000000000000000000000000
N3GD_BODY id=20 off=780 00000000000000000000000000000000
N3GD_BODY id=20 off=790 00000000000000000000000000000000
N3GD_BODY id=20 off=7a0 00000000000000000000000000000000
N3GD_BODY id=20 off=7b0 00000000000000000000000000000000
N3GD_BODY id=20 off=7c0 00000000000000000000000000000000
N3GD_BODY id=20 off=7d0 00000000000000000000000000000000
N3GD_BODY id=20 off=7e0 00000000000000000000000000000000
N3GD_BODY id=20 off=7f0 00000000000000000000000000000000
N3GD_OOB id=20 off=000 000000000000000000000000e5ab0668
N3GD_OOB id=20 off=010 0a52efac2207c7a22532dbc8686282cd
N3GD_OOB id=20 off=020 377bcde4a25178a6eb7c95b8b7fa1e2e
N3GD_OOB id=20 off=030 eddbaafff14d9b9ea7ce563d0b3c39de
N3GD_END id=20
N3GD_BEGIN id=21 kind=cand j=-1 v=0AAC po=60 sl=4294967295 l0=FFFFFFFF host=0000A07E tgt=000140FC bank=0 pb=3157 pp=15 phy=404111 shift=4294967295 t=40 ix=DE53 u=000140F8 l=000140F8
N3GD_BODY id=21 off=000 00000000000000000000000000000000
N3GD_BODY id=21 off=010 00000000000000000000000000000000
N3GD_BODY id=21 off=020 00000000000000000000000000000000
N3GD_BODY id=21 off=030 00000000000000000000000000000000
N3GD_BODY id=21 off=040 00000000000000000000000000000000
N3GD_BODY id=21 off=050 00000000000000000000000000000000
N3GD_BODY id=21 off=060 00000000000000000000000000000000
N3GD_BODY id=21 off=070 00000000000000000000000000000000
N3GD_BODY id=21 off=080 00000000000000000000000000000000
N3GD_BODY id=21 off=090 00000000000000000000000000000000
N3GD_BODY id=21 off=0a0 00000000000000000000000000000000
N3GD_BODY id=21 off=0b0 00000000000000000000000000000000
N3GD_BODY id=21 off=0c0 00000000000000000000000000000000
N3GD_BODY id=21 off=0d0 00000000000000000000000000000000
N3GD_BODY id=21 off=0e0 00000000000000000000000000000000
N3GD_BODY id=21 off=0f0 00000000000000000000000000000000
N3GD_BODY id=21 off=100 00000000000000000000000000000000
N3GD_BODY id=21 off=110 00000000000000000000000000000000
N3GD_BODY id=21 off=120 00000000000000000000000000000000
N3GD_BODY id=21 off=130 00000000000000000000000000000000
N3GD_BODY id=21 off=140 00000000000000000000000000000000
N3GD_BODY id=21 off=150 00000000000000000000000000000000
N3GD_BODY id=21 off=160 00000000000000000000000000000000
N3GD_BODY id=21 off=170 00000000000000000000000000000000
N3GD_BODY id=21 off=180 00000000000000000000000000000000
N3GD_BODY id=21 off=190 00000000000000000000000000000000
N3GD_BODY id=21 off=1a0 00000000000000000000000000000000
N3GD_BODY id=21 off=1b0 00000000000000000000000000000000
N3GD_BODY id=21 off=1c0 00000000000000000000000000000000
N3GD_BODY id=21 off=1d0 00000000000000000000000000000000
N3GD_BODY id=21 off=1e0 00000000000000000000000000000000
N3GD_BODY id=21 off=1f0 00000000000000000000000000000000
N3GD_BODY id=21 off=200 00000000000000000000000000000000
N3GD_BODY id=21 off=210 00000000000000000000000000000000
N3GD_BODY id=21 off=220 00000000000000000000000000000000
N3GD_BODY id=21 off=230 00000000000000000000000000000000
N3GD_BODY id=21 off=240 00000000000000000000000000000000
N3GD_BODY id=21 off=250 00000000000000000000000000000000
N3GD_BODY id=21 off=260 00000000000000000000000000000000
N3GD_BODY id=21 off=270 00000000000000000000000000000000
N3GD_BODY id=21 off=280 00000000000000000000000000000000
N3GD_BODY id=21 off=290 00000000000000000000000000000000
N3GD_BODY id=21 off=2a0 00000000000000000000000000000000
N3GD_BODY id=21 off=2b0 00000000000000000000000000000000
N3GD_BODY id=21 off=2c0 00000000000000000000000000000000
N3GD_BODY id=21 off=2d0 00000000000000000000000000000000
N3GD_BODY id=21 off=2e0 00000000000000000000000000000000
N3GD_BODY id=21 off=2f0 00000000000000000000000000000000
N3GD_BODY id=21 off=300 00000000000000000000000000000000
N3GD_BODY id=21 off=310 00000000000000000000000000000000
N3GD_BODY id=21 off=320 00000000000000000000000000000000
N3GD_BODY id=21 off=330 00000000000000000000000000000000
N3GD_BODY id=21 off=340 00000000000000000000000000000000
N3GD_BODY id=21 off=350 00000000000000000000000000000000
N3GD_BODY id=21 off=360 00000000000000000000000000000000
N3GD_BODY id=21 off=370 00000000000000000000000000000000
N3GD_BODY id=21 off=380 00000000000000000000000000000000
N3GD_BODY id=21 off=390 00000000000000000000000000000000
N3GD_BODY id=21 off=3a0 00000000000000000000000000000000
N3GD_BODY id=21 off=3b0 00000000000000000000000000000000
N3GD_BODY id=21 off=3c0 00000000000000000000000000000000
N3GD_BODY id=21 off=3d0 00000000000000000000000000000000
N3GD_BODY id=21 off=3e0 00000000000000000000000000000000
N3GD_BODY id=21 off=3f0 00000000000000000000000000000000
N3GD_BODY id=21 off=400 00000000000000000000000000000000
N3GD_BODY id=21 off=410 00000000000000000000000000000000
N3GD_BODY id=21 off=420 00000000000000000000000000000000
N3GD_BODY id=21 off=430 00000000000000000000000000000000
N3GD_BODY id=21 off=440 00000000000000000000000000000000
N3GD_BODY id=21 off=450 00000000000000000000000000000000
N3GD_BODY id=21 off=460 00000000000000000000000000000000
N3GD_BODY id=21 off=470 00000000000000000000000000000000
N3GD_BODY id=21 off=480 00000000000000000000000000000000
N3GD_BODY id=21 off=490 00000000000000000000000000000000
N3GD_BODY id=21 off=4a0 00000000000000000000000000000000
N3GD_BODY id=21 off=4b0 00000000000000000000000000000000
N3GD_BODY id=21 off=4c0 00000000000000000000000000000000
N3GD_BODY id=21 off=4d0 00000000000000000000000000000000
N3GD_BODY id=21 off=4e0 00000000000000000000000000000000
N3GD_BODY id=21 off=4f0 00000000000000000000000000000000
N3GD_BODY id=21 off=500 00000000000000000000000000000000
N3GD_BODY id=21 off=510 00000000000000000000000000000000
N3GD_BODY id=21 off=520 00000000000000000000000000000000
N3GD_BODY id=21 off=530 00000000000000000000000000000000
N3GD_BODY id=21 off=540 00000000000000000000000000000000
N3GD_BODY id=21 off=550 00000000000000000000000000000000
N3GD_BODY id=21 off=560 00000000000000000000000000000000
N3GD_BODY id=21 off=570 00000000000000000000000000000000
N3GD_BODY id=21 off=580 00000000000000000000000000000000
N3GD_BODY id=21 off=590 00000000000000000000000000000000
N3GD_BODY id=21 off=5a0 00000000000000000000000000000000
N3GD_BODY id=21 off=5b0 00000000000000000000000000000000
N3GD_BODY id=21 off=5c0 00000000000000000000000000000000
N3GD_BODY id=21 off=5d0 00000000000000000000000000000000
N3GD_BODY id=21 off=5e0 00000000000000000000000000000000
N3GD_BODY id=21 off=5f0 00000000000000000000000000000000
N3GD_BODY id=21 off=600 00000000000000000000000000000000
N3GD_BODY id=21 off=610 00000000000000000000000000000000
N3GD_BODY id=21 off=620 00000000000000000000000000000000
N3GD_BODY id=21 off=630 00000000000000000000000000000000
N3GD_BODY id=21 off=640 00000000000000000000000000000000
N3GD_BODY id=21 off=650 00000000000000000000000000000000
N3GD_BODY id=21 off=660 00000000000000000000000000000000
N3GD_BODY id=21 off=670 00000000000000000000000000000000
N3GD_BODY id=21 off=680 00000000000000000000000000000000
N3GD_BODY id=21 off=690 00000000000000000000000000000000
N3GD_BODY id=21 off=6a0 00000000000000000000000000000000
N3GD_BODY id=21 off=6b0 00000000000000000000000000000000
N3GD_BODY id=21 off=6c0 00000000000000000000000000000000
N3GD_BODY id=21 off=6d0 00000000000000000000000000000000
N3GD_BODY id=21 off=6e0 00000000000000000000000000000000
N3GD_BODY id=21 off=6f0 00000000000000000000000000000000
N3GD_BODY id=21 off=700 00000000000000000000000000000000
N3GD_BODY id=21 off=710 00000000000000000000000000000000
N3GD_BODY id=21 off=720 00000000000000000000000000000000
N3GD_BODY id=21 off=730 00000000000000000000000000000000
N3GD_BODY id=21 off=740 00000000000000000000000000000000
N3GD_BODY id=21 off=750 00000000000000000000000000000000
N3GD_BODY id=21 off=760 00000000000000000000000000000000
N3GD_BODY id=21 off=770 00000000000000000000000000000000
N3GD_BODY id=21 off=780 00000000000000000000000000000000
N3GD_BODY id=21 off=790 00000000000000000000000000000000
N3GD_BODY id=21 off=7a0 00000000000000000000000000000000
N3GD_BODY id=21 off=7b0 00000000000000000000000000000000
N3GD_BODY id=21 off=7c0 00000000000000000000000000000000
N3GD_BODY id=21 off=7d0 00000000000000000000000000000000
N3GD_BODY id=21 off=7e0 00000000000000000000000000000000
N3GD_BODY id=21 off=7f0 00000000000000000000000000000000
N3GD_OOB id=21 off=000 f840010053de0000ff40ffffe5ab0668
N3GD_OOB id=21 off=010 0a52efac2207c7a22532dbc8686282cd
N3GD_OOB id=21 off=020 377bcde4a25178a6eb7c95b8b7fa1e2e
N3GD_OOB id=21 off=030 eddbaafff14d9b9ea7ce563d0b3c39de
N3GD_END id=21
N3GD_BEGIN id=22 kind=cand j=-1 v=0AAC po=61 sl=4294967295 l0=FFFFFFFF host=0000A07E tgt=000140FC bank=1 pb=3157 pp=15 phy=404111 shift=4294967295 t=00 ix=0000 u=00000000 l=00000000
N3GD_BODY id=22 off=000 00000000000000000000000000000000
N3GD_BODY id=22 off=010 00000000000000000000000000000000
N3GD_BODY id=22 off=020 00000000000000000000000000000000
N3GD_BODY id=22 off=030 00000000000000000000000000000000
N3GD_BODY id=22 off=040 00000000000000000000000000000000
N3GD_BODY id=22 off=050 00000000000000000000000000000000
N3GD_BODY id=22 off=060 00000000000000000000000000000000
N3GD_BODY id=22 off=070 00000000000000000000000000000000
N3GD_BODY id=22 off=080 00000000000000000000000000000000
N3GD_BODY id=22 off=090 00000000000000000000000000000000
N3GD_BODY id=22 off=0a0 00000000000000000000000000000000
N3GD_BODY id=22 off=0b0 00000000000000000000000000000000
N3GD_BODY id=22 off=0c0 00000000000000000000000000000000
N3GD_BODY id=22 off=0d0 00000000000000000000000000000000
N3GD_BODY id=22 off=0e0 00000000000000000000000000000000
N3GD_BODY id=22 off=0f0 00000000000000000000000000000000
N3GD_BODY id=22 off=100 00000000000000000000000000000000
N3GD_BODY id=22 off=110 00000000000000000000000000000000
N3GD_BODY id=22 off=120 00000000000000000000000000000000
N3GD_BODY id=22 off=130 00000000000000000000000000000000
N3GD_BODY id=22 off=140 00000000000000000000000000000000
N3GD_BODY id=22 off=150 00000000000000000000000000000000
N3GD_BODY id=22 off=160 00000000000000000000000000000000
N3GD_BODY id=22 off=170 00000000000000000000000000000000
N3GD_BODY id=22 off=180 00000000000000000000000000000000
N3GD_BODY id=22 off=190 00000000000000000000000000000000
N3GD_BODY id=22 off=1a0 00000000000000000000000000000000
N3GD_BODY id=22 off=1b0 00000000000000000000000000000000
N3GD_BODY id=22 off=1c0 00000000000000000000000000000000
N3GD_BODY id=22 off=1d0 00000000000000000000000000000000
N3GD_BODY id=22 off=1e0 00000000000000000000000000000000
N3GD_BODY id=22 off=1f0 00000000000000000000000000000000
N3GD_BODY id=22 off=200 00000000000000000000000000000000
N3GD_BODY id=22 off=210 00000000000000000000000000000000
N3GD_BODY id=22 off=220 00000000000000000000000000000000
N3GD_BODY id=22 off=230 00000000000000000000000000000000
N3GD_BODY id=22 off=240 00000000000000000000000000000000
N3GD_BODY id=22 off=250 00000000000000000000000000000000
N3GD_BODY id=22 off=260 00000000000000000000000000000000
N3GD_BODY id=22 off=270 00000000000000000000000000000000
N3GD_BODY id=22 off=280 00000000000000000000000000000000
N3GD_BODY id=22 off=290 00000000000000000000000000000000
N3GD_BODY id=22 off=2a0 00000000000000000000000000000000
N3GD_BODY id=22 off=2b0 00000000000000000000000000000000
N3GD_BODY id=22 off=2c0 00000000000000000000000000000000
N3GD_BODY id=22 off=2d0 00000000000000000000000000000000
N3GD_BODY id=22 off=2e0 00000000000000000000000000000000
N3GD_BODY id=22 off=2f0 00000000000000000000000000000000
N3GD_BODY id=22 off=300 00000000000000000000000000000000
N3GD_BODY id=22 off=310 00000000000000000000000000000000
N3GD_BODY id=22 off=320 00000000000000000000000000000000
N3GD_BODY id=22 off=330 00000000000000000000000000000000
N3GD_BODY id=22 off=340 00000000000000000000000000000000
N3GD_BODY id=22 off=350 00000000000000000000000000000000
N3GD_BODY id=22 off=360 00000000000000000000000000000000
N3GD_BODY id=22 off=370 00000000000000000000000000000000
N3GD_BODY id=22 off=380 00000000000000000000000000000000
N3GD_BODY id=22 off=390 00000000000000000000000000000000
N3GD_BODY id=22 off=3a0 00000000000000000000000000000000
N3GD_BODY id=22 off=3b0 00000000000000000000000000000000
N3GD_BODY id=22 off=3c0 00000000000000000000000000000000
N3GD_BODY id=22 off=3d0 00000000000000000000000000000000
N3GD_BODY id=22 off=3e0 00000000000000000000000000000000
N3GD_BODY id=22 off=3f0 00000000000000000000000000000000
N3GD_BODY id=22 off=400 00000000000000000000000000000000
N3GD_BODY id=22 off=410 00000000000000000000000000000000
N3GD_BODY id=22 off=420 00000000000000000000000000000000
N3GD_BODY id=22 off=430 00000000000000000000000000000000
N3GD_BODY id=22 off=440 00000000000000000000000000000000
N3GD_BODY id=22 off=450 00000000000000000000000000000000
N3GD_BODY id=22 off=460 00000000000000000000000000000000
N3GD_BODY id=22 off=470 00000000000000000000000000000000
N3GD_BODY id=22 off=480 00000000000000000000000000000000
N3GD_BODY id=22 off=490 00000000000000000000000000000000
N3GD_BODY id=22 off=4a0 00000000000000000000000000000000
N3GD_BODY id=22 off=4b0 00000000000000000000000000000000
N3GD_BODY id=22 off=4c0 00000000000000000000000000000000
N3GD_BODY id=22 off=4d0 00000000000000000000000000000000
N3GD_BODY id=22 off=4e0 00000000000000000000000000000000
N3GD_BODY id=22 off=4f0 00000000000000000000000000000000
N3GD_BODY id=22 off=500 00000000000000000000000000000000
N3GD_BODY id=22 off=510 00000000000000000000000000000000
N3GD_BODY id=22 off=520 00000000000000000000000000000000
N3GD_BODY id=22 off=530 00000000000000000000000000000000
N3GD_BODY id=22 off=540 00000000000000000000000000000000
N3GD_BODY id=22 off=550 00000000000000000000000000000000
N3GD_BODY id=22 off=560 00000000000000000000000000000000
N3GD_BODY id=22 off=570 00000000000000000000000000000000
N3GD_BODY id=22 off=580 00000000000000000000000000000000
N3GD_BODY id=22 off=590 00000000000000000000000000000000
N3GD_BODY id=22 off=5a0 00000000000000000000000000000000
N3GD_BODY id=22 off=5b0 00000000000000000000000000000000
N3GD_BODY id=22 off=5c0 00000000000000000000000000000000
N3GD_BODY id=22 off=5d0 00000000000000000000000000000000
N3GD_BODY id=22 off=5e0 00000000000000000000000000000000
N3GD_BODY id=22 off=5f0 00000000000000000000000000000000
N3GD_BODY id=22 off=600 00000000000000000000000000000000
N3GD_BODY id=22 off=610 00000000000000000000000000000000
N3GD_BODY id=22 off=620 00000000000000000000000000000000
N3GD_BODY id=22 off=630 00000000000000000000000000000000
N3GD_BODY id=22 off=640 00000000000000000000000000000000
N3GD_BODY id=22 off=650 00000000000000000000000000000000
N3GD_BODY id=22 off=660 00000000000000000000000000000000
N3GD_BODY id=22 off=670 00000000000000000000000000000000
N3GD_BODY id=22 off=680 00000000000000000000000000000000
N3GD_BODY id=22 off=690 00000000000000000000000000000000
N3GD_BODY id=22 off=6a0 00000000000000000000000000000000
N3GD_BODY id=22 off=6b0 00000000000000000000000000000000
N3GD_BODY id=22 off=6c0 00000000000000000000000000000000
N3GD_BODY id=22 off=6d0 00000000000000000000000000000000
N3GD_BODY id=22 off=6e0 00000000000000000000000000000000
N3GD_BODY id=22 off=6f0 00000000000000000000000000000000
N3GD_BODY id=22 off=700 00000000000000000000000000000000
N3GD_BODY id=22 off=710 00000000000000000000000000000000
N3GD_BODY id=22 off=720 00000000000000000000000000000000
N3GD_BODY id=22 off=730 00000000000000000000000000000000
N3GD_BODY id=22 off=740 00000000000000000000000000000000
N3GD_BODY id=22 off=750 00000000000000000000000000000000
N3GD_BODY id=22 off=760 00000000000000000000000000000000
N3GD_BODY id=22 off=770 00000000000000000000000000000000
N3GD_BODY id=22 off=780 00000000000000000000000000000000
N3GD_BODY id=22 off=790 00000000000000000000000000000000
N3GD_BODY id=22 off=7a0 00000000000000000000000000000000
N3GD_BODY id=22 off=7b0 00000000000000000000000000000000
N3GD_BODY id=22 off=7c0 00000000000000000000000000000000
N3GD_BODY id=22 off=7d0 00000000000000000000000000000000
N3GD_BODY id=22 off=7e0 00000000000000000000000000000000
N3GD_BODY id=22 off=7f0 00000000000000000000000000000000
N3GD_OOB id=22 off=000 000000000000000000000000e5ab0668
N3GD_OOB id=22 off=010 0a52efac2207c7a22532dbc8686282cd
N3GD_OOB id=22 off=020 377bcde4a25178a6eb7c95b8b7fa1e2e
N3GD_OOB id=22 off=030 eddbaafff14d9b9ea7ce563d0b3c39de
N3GD_END id=22
N3GD_BEGIN id=23 kind=cand j=-1 v=0AAC po=62 sl=4294967295 l0=FFFFFFFF host=0000A07E tgt=000140FC bank=2 pb=3157 pp=15 phy=404111 shift=4294967295 t=00 ix=0000 u=00000000 l=00000000
N3GD_BODY id=23 off=000 00000000000000000000000000000000
N3GD_BODY id=23 off=010 00000000000000000000000000000000
N3GD_BODY id=23 off=020 00000000000000000000000000000000
N3GD_BODY id=23 off=030 00000000000000000000000000000000
N3GD_BODY id=23 off=040 00000000000000000000000000000000
N3GD_BODY id=23 off=050 00000000000000000000000000000000
N3GD_BODY id=23 off=060 00000000000000000000000000000000
N3GD_BODY id=23 off=070 00000000000000000000000000000000
N3GD_BODY id=23 off=080 00000000000000000000000000000000
N3GD_BODY id=23 off=090 00000000000000000000000000000000
N3GD_BODY id=23 off=0a0 00000000000000000000000000000000
N3GD_BODY id=23 off=0b0 00000000000000000000000000000000
N3GD_BODY id=23 off=0c0 00000000000000000000000000000000
N3GD_BODY id=23 off=0d0 00000000000000000000000000000000
N3GD_BODY id=23 off=0e0 00000000000000000000000000000000
N3GD_BODY id=23 off=0f0 00000000000000000000000000000000
N3GD_BODY id=23 off=100 00000000000000000000000000000000
N3GD_BODY id=23 off=110 00000000000000000000000000000000
N3GD_BODY id=23 off=120 00000000000000000000000000000000
N3GD_BODY id=23 off=130 00000000000000000000000000000000
N3GD_BODY id=23 off=140 00000000000000000000000000000000
N3GD_BODY id=23 off=150 00000000000000000000000000000000
N3GD_BODY id=23 off=160 00000000000000000000000000000000
N3GD_BODY id=23 off=170 00000000000000000000000000000000
N3GD_BODY id=23 off=180 00000000000000000000000000000000
N3GD_BODY id=23 off=190 00000000000000000000000000000000
N3GD_BODY id=23 off=1a0 00000000000000000000000000000000
N3GD_BODY id=23 off=1b0 00000000000000000000000000000000
N3GD_BODY id=23 off=1c0 00000000000000000000000000000000
N3GD_BODY id=23 off=1d0 00000000000000000000000000000000
N3GD_BODY id=23 off=1e0 00000000000000000000000000000000
N3GD_BODY id=23 off=1f0 00000000000000000000000000000000
N3GD_BODY id=23 off=200 00000000000000000000000000000000
N3GD_BODY id=23 off=210 00000000000000000000000000000000
N3GD_BODY id=23 off=220 00000000000000000000000000000000
N3GD_BODY id=23 off=230 00000000000000000000000000000000
N3GD_BODY id=23 off=240 00000000000000000000000000000000
N3GD_BODY id=23 off=250 00000000000000000000000000000000
N3GD_BODY id=23 off=260 00000000000000000000000000000000
N3GD_BODY id=23 off=270 00000000000000000000000000000000
N3GD_BODY id=23 off=280 00000000000000000000000000000000
N3GD_BODY id=23 off=290 00000000000000000000000000000000
N3GD_BODY id=23 off=2a0 00000000000000000000000000000000
N3GD_BODY id=23 off=2b0 00000000000000000000000000000000
N3GD_BODY id=23 off=2c0 00000000000000000000000000000000
N3GD_BODY id=23 off=2d0 00000000000000000000000000000000
N3GD_BODY id=23 off=2e0 00000000000000000000000000000000
N3GD_BODY id=23 off=2f0 00000000000000000000000000000000
N3GD_BODY id=23 off=300 00000000000000000000000000000000
N3GD_BODY id=23 off=310 00000000000000000000000000000000
N3GD_BODY id=23 off=320 00000000000000000000000000000000
N3GD_BODY id=23 off=330 00000000000000000000000000000000
N3GD_BODY id=23 off=340 00000000000000000000000000000000
N3GD_BODY id=23 off=350 00000000000000000000000000000000
N3GD_BODY id=23 off=360 00000000000000000000000000000000
N3GD_BODY id=23 off=370 00000000000000000000000000000000
N3GD_BODY id=23 off=380 00000000000000000000000000000000
N3GD_BODY id=23 off=390 00000000000000000000000000000000
N3GD_BODY id=23 off=3a0 00000000000000000000000000000000
N3GD_BODY id=23 off=3b0 00000000000000000000000000000000
N3GD_BODY id=23 off=3c0 00000000000000000000000000000000
N3GD_BODY id=23 off=3d0 00000000000000000000000000000000
N3GD_BODY id=23 off=3e0 00000000000000000000000000000000
N3GD_BODY id=23 off=3f0 00000000000000000000000000000000
N3GD_BODY id=23 off=400 00000000000000000000000000000000
N3GD_BODY id=23 off=410 00000000000000000000000000000000
N3GD_BODY id=23 off=420 00000000000000000000000000000000
N3GD_BODY id=23 off=430 00000000000000000000000000000000
N3GD_BODY id=23 off=440 00000000000000000000000000000000
N3GD_BODY id=23 off=450 00000000000000000000000000000000
N3GD_BODY id=23 off=460 00000000000000000000000000000000
N3GD_BODY id=23 off=470 00000000000000000000000000000000
N3GD_BODY id=23 off=480 00000000000000000000000000000000
N3GD_BODY id=23 off=490 00000000000000000000000000000000
N3GD_BODY id=23 off=4a0 00000000000000000000000000000000
N3GD_BODY id=23 off=4b0 00000000000000000000000000000000
N3GD_BODY id=23 off=4c0 00000000000000000000000000000000
N3GD_BODY id=23 off=4d0 00000000000000000000000000000000
N3GD_BODY id=23 off=4e0 00000000000000000000000000000000
N3GD_BODY id=23 off=4f0 00000000000000000000000000000000
N3GD_BODY id=23 off=500 00000000000000000000000000000000
N3GD_BODY id=23 off=510 00000000000000000000000000000000
N3GD_BODY id=23 off=520 00000000000000000000000000000000
N3GD_BODY id=23 off=530 00000000000000000000000000000000
N3GD_BODY id=23 off=540 00000000000000000000000000000000
N3GD_BODY id=23 off=550 00000000000000000000000000000000
N3GD_BODY id=23 off=560 00000000000000000000000000000000
N3GD_BODY id=23 off=570 00000000000000000000000000000000
N3GD_BODY id=23 off=580 00000000000000000000000000000000
N3GD_BODY id=23 off=590 00000000000000000000000000000000
N3GD_BODY id=23 off=5a0 00000000000000000000000000000000
N3GD_BODY id=23 off=5b0 00000000000000000000000000000000
N3GD_BODY id=23 off=5c0 00000000000000000000000000000000
N3GD_BODY id=23 off=5d0 00000000000000000000000000000000
N3GD_BODY id=23 off=5e0 00000000000000000000000000000000
N3GD_BODY id=23 off=5f0 00000000000000000000000000000000
N3GD_BODY id=23 off=600 00000000000000000000000000000000
N3GD_BODY id=23 off=610 00000000000000000000000000000000
N3GD_BODY id=23 off=620 00000000000000000000000000000000
N3GD_BODY id=23 off=630 00000000000000000000000000000000
N3GD_BODY id=23 off=640 00000000000000000000000000000000
N3GD_BODY id=23 off=650 00000000000000000000000000000000
N3GD_BODY id=23 off=660 00000000000000000000000000000000
N3GD_BODY id=23 off=670 00000000000000000000000000000000
N3GD_BODY id=23 off=680 00000000000000000000000000000000
N3GD_BODY id=23 off=690 00000000000000000000000000000000
N3GD_BODY id=23 off=6a0 00000000000000000000000000000000
N3GD_BODY id=23 off=6b0 00000000000000000000000000000000
N3GD_BODY id=23 off=6c0 00000000000000000000000000000000
N3GD_BODY id=23 off=6d0 00000000000000000000000000000000
N3GD_BODY id=23 off=6e0 00000000000000000000000000000000
N3GD_BODY id=23 off=6f0 00000000000000000000000000000000
N3GD_BODY id=23 off=700 00000000000000000000000000000000
N3GD_BODY id=23 off=710 00000000000000000000000000000000
N3GD_BODY id=23 off=720 00000000000000000000000000000000
N3GD_BODY id=23 off=730 00000000000000000000000000000000
N3GD_BODY id=23 off=740 00000000000000000000000000000000
N3GD_BODY id=23 off=750 00000000000000000000000000000000
N3GD_BODY id=23 off=760 00000000000000000000000000000000
N3GD_BODY id=23 off=770 00000000000000000000000000000000
N3GD_BODY id=23 off=780 00000000000000000000000000000000
N3GD_BODY id=23 off=790 00000000000000000000000000000000
N3GD_BODY id=23 off=7a0 00000000000000000000000000000000
N3GD_BODY id=23 off=7b0 00000000000000000000000000000000
N3GD_BODY id=23 off=7c0 00000000000000000000000000000000
N3GD_BODY id=23 off=7d0 00000000000000000000000000000000
N3GD_BODY id=23 off=7e0 00000000000000000000000000000000
N3GD_BODY id=23 off=7f0 00000000000000000000000000000000
N3GD_OOB id=23 off=000 000000000000000000000000e5ab0668
N3GD_OOB id=23 off=010 0a52efac2207c7a22532dbc8686282cd
N3GD_OOB id=23 off=020 377bcde4a25178a6eb7c95b8b7fa1e2e
N3GD_OOB id=23 off=030 eddbaafff14d9b9ea7ce563d0b3c39de
N3GD_END id=23
N3GD_BEGIN id=24 kind=cand j=-1 v=0AAC po=63 sl=4294967295 l0=FFFFFFFF host=0000A07E tgt=000140FC bank=3 pb=3157 pp=15 phy=404111 shift=4294967295 t=00 ix=0000 u=00000000 l=00000000
N3GD_BODY id=24 off=000 00000000000000000000000000000000
N3GD_BODY id=24 off=010 00000000000000000000000000000000
N3GD_BODY id=24 off=020 00000000000000000000000000000000
N3GD_BODY id=24 off=030 00000000000000000000000000000000
N3GD_BODY id=24 off=040 00000000000000000000000000000000
N3GD_BODY id=24 off=050 00000000000000000000000000000000
N3GD_BODY id=24 off=060 00000000000000000000000000000000
N3GD_BODY id=24 off=070 00000000000000000000000000000000
N3GD_BODY id=24 off=080 00000000000000000000000000000000
N3GD_BODY id=24 off=090 00000000000000000000000000000000
N3GD_BODY id=24 off=0a0 00000000000000000000000000000000
N3GD_BODY id=24 off=0b0 00000000000000000000000000000000
N3GD_BODY id=24 off=0c0 00000000000000000000000000000000
N3GD_BODY id=24 off=0d0 00000000000000000000000000000000
N3GD_BODY id=24 off=0e0 00000000000000000000000000000000
N3GD_BODY id=24 off=0f0 00000000000000000000000000000000
N3GD_BODY id=24 off=100 00000000000000000000000000000000
N3GD_BODY id=24 off=110 00000000000000000000000000000000
N3GD_BODY id=24 off=120 00000000000000000000000000000000
N3GD_BODY id=24 off=130 00000000000000000000000000000000
N3GD_BODY id=24 off=140 00000000000000000000000000000000
N3GD_BODY id=24 off=150 00000000000000000000000000000000
N3GD_BODY id=24 off=160 00000000000000000000000000000000
N3GD_BODY id=24 off=170 00000000000000000000000000000000
N3GD_BODY id=24 off=180 00000000000000000000000000000000
N3GD_BODY id=24 off=190 00000000000000000000000000000000
N3GD_BODY id=24 off=1a0 00000000000000000000000000000000
N3GD_BODY id=24 off=1b0 00000000000000000000000000000000
N3GD_BODY id=24 off=1c0 00000000000000000000000000000000
N3GD_BODY id=24 off=1d0 00000000000000000000000000000000
N3GD_BODY id=24 off=1e0 00000000000000000000000000000000
N3GD_BODY id=24 off=1f0 00000000000000000000000000000000
N3GD_BODY id=24 off=200 00000000000000000000000000000000
N3GD_BODY id=24 off=210 00000000000000000000000000000000
N3GD_BODY id=24 off=220 00000000000000000000000000000000
N3GD_BODY id=24 off=230 00000000000000000000000000000000
N3GD_BODY id=24 off=240 00000000000000000000000000000000
N3GD_BODY id=24 off=250 00000000000000000000000000000000
N3GD_BODY id=24 off=260 00000000000000000000000000000000
N3GD_BODY id=24 off=270 00000000000000000000000000000000
N3GD_BODY id=24 off=280 00000000000000000000000000000000
N3GD_BODY id=24 off=290 00000000000000000000000000000000
N3GD_BODY id=24 off=2a0 00000000000000000000000000000000
N3GD_BODY id=24 off=2b0 00000000000000000000000000000000
N3GD_BODY id=24 off=2c0 00000000000000000000000000000000
N3GD_BODY id=24 off=2d0 00000000000000000000000000000000
N3GD_BODY id=24 off=2e0 00000000000000000000000000000000
N3GD_BODY id=24 off=2f0 00000000000000000000000000000000
N3GD_BODY id=24 off=300 00000000000000000000000000000000
N3GD_BODY id=24 off=310 00000000000000000000000000000000
N3GD_BODY id=24 off=320 00000000000000000000000000000000
N3GD_BODY id=24 off=330 00000000000000000000000000000000
N3GD_BODY id=24 off=340 00000000000000000000000000000000
N3GD_BODY id=24 off=350 00000000000000000000000000000000
N3GD_BODY id=24 off=360 00000000000000000000000000000000
N3GD_BODY id=24 off=370 00000000000000000000000000000000
N3GD_BODY id=24 off=380 00000000000000000000000000000000
N3GD_BODY id=24 off=390 00000000000000000000000000000000
N3GD_BODY id=24 off=3a0 00000000000000000000000000000000
N3GD_BODY id=24 off=3b0 00000000000000000000000000000000
N3GD_BODY id=24 off=3c0 00000000000000000000000000000000
N3GD_BODY id=24 off=3d0 00000000000000000000000000000000
N3GD_BODY id=24 off=3e0 00000000000000000000000000000000
N3GD_BODY id=24 off=3f0 00000000000000000000000000000000
N3GD_BODY id=24 off=400 00000000000000000000000000000000
N3GD_BODY id=24 off=410 00000000000000000000000000000000
N3GD_BODY id=24 off=420 00000000000000000000000000000000
N3GD_BODY id=24 off=430 00000000000000000000000000000000
N3GD_BODY id=24 off=440 00000000000000000000000000000000
N3GD_BODY id=24 off=450 00000000000000000000000000000000
N3GD_BODY id=24 off=460 00000000000000000000000000000000
N3GD_BODY id=24 off=470 00000000000000000000000000000000
N3GD_BODY id=24 off=480 00000000000000000000000000000000
N3GD_BODY id=24 off=490 00000000000000000000000000000000
N3GD_BODY id=24 off=4a0 00000000000000000000000000000000
N3GD_BODY id=24 off=4b0 00000000000000000000000000000000
N3GD_BODY id=24 off=4c0 00000000000000000000000000000000
N3GD_BODY id=24 off=4d0 00000000000000000000000000000000
N3GD_BODY id=24 off=4e0 00000000000000000000000000000000
N3GD_BODY id=24 off=4f0 00000000000000000000000000000000
N3GD_BODY id=24 off=500 00000000000000000000000000000000
N3GD_BODY id=24 off=510 00000000000000000000000000000000
N3GD_BODY id=24 off=520 00000000000000000000000000000000
N3GD_BODY id=24 off=530 00000000000000000000000000000000
N3GD_BODY id=24 off=540 00000000000000000000000000000000
N3GD_BODY id=24 off=550 00000000000000000000000000000000
N3GD_BODY id=24 off=560 00000000000000000000000000000000
N3GD_BODY id=24 off=570 00000000000000000000000000000000
N3GD_BODY id=24 off=580 00000000000000000000000000000000
N3GD_BODY id=24 off=590 00000000000000000000000000000000
N3GD_BODY id=24 off=5a0 00000000000000000000000000000000
N3GD_BODY id=24 off=5b0 00000000000000000000000000000000
N3GD_BODY id=24 off=5c0 00000000000000000000000000000000
N3GD_BODY id=24 off=5d0 00000000000000000000000000000000
N3GD_BODY id=24 off=5e0 00000000000000000000000000000000
N3GD_BODY id=24 off=5f0 00000000000000000000000000000000
N3GD_BODY id=24 off=600 00000000000000000000000000000000
N3GD_BODY id=24 off=610 00000000000000000000000000000000
N3GD_BODY id=24 off=620 00000000000000000000000000000000
N3GD_BODY id=24 off=630 00000000000000000000000000000000
N3GD_BODY id=24 off=640 00000000000000000000000000000000
N3GD_BODY id=24 off=650 00000000000000000000000000000000
N3GD_BODY id=24 off=660 00000000000000000000000000000000
N3GD_BODY id=24 off=670 00000000000000000000000000000000
N3GD_BODY id=24 off=680 00000000000000000000000000000000
N3GD_BODY id=24 off=690 00000000000000000000000000000000
N3GD_BODY id=24 off=6a0 00000000000000000000000000000000
N3GD_BODY id=24 off=6b0 00000000000000000000000000000000
N3GD_BODY id=24 off=6c0 00000000000000000000000000000000
N3GD_BODY id=24 off=6d0 00000000000000000000000000000000
N3GD_BODY id=24 off=6e0 00000000000000000000000000000000
N3GD_BODY id=24 off=6f0 00000000000000000000000000000000
N3GD_BODY id=24 off=700 00000000000000000000000000000000
N3GD_BODY id=24 off=710 00000000000000000000000000000000
N3GD_BODY id=24 off=720 00000000000000000000000000000000
N3GD_BODY id=24 off=730 00000000000000000000000000000000
N3GD_BODY id=24 off=740 00000000000000000000000000000000
N3GD_BODY id=24 off=750 00000000000000000000000000000000
N3GD_BODY id=24 off=760 00000000000000000000000000000000
N3GD_BODY id=24 off=770 00000000000000000000000000000000
N3GD_BODY id=24 off=780 00000000000000000000000000000000
N3GD_BODY id=24 off=790 00000000000000000000000000000000
N3GD_BODY id=24 off=7a0 00000000000000000000000000000000
N3GD_BODY id=24 off=7b0 00000000000000000000000000000000
N3GD_BODY id=24 off=7c0 00000000000000000000000000000000
N3GD_BODY id=24 off=7d0 00000000000000000000000000000000
N3GD_BODY id=24 off=7e0 00000000000000000000000000000000
N3GD_BODY id=24 off=7f0 00000000000000000000000000000000
N3GD_OOB id=24 off=000 000000000000000000000000e5ab0668
N3GD_OOB id=24 off=010 0a52efac2207c7a22532dbc8686282cd
N3GD_OOB id=24 off=020 377bcde4a25178a6eb7c95b8b7fa1e2e
N3GD_OOB id=24 off=030 eddbaafff14d9b9ea7ce563d0b3c39de
N3GD_END id=24
N3GD_BEGIN id=25 kind=cand j=-1 v=0AAC po=64 sl=0 l0=FFFFFFFF host=0000A07E tgt=000140FC bank=0 pb=3157 pp=16 phy=404112 shift=0 t=40 ix=DE53 u=00014100 l=00014100
N3GD_BODY id=25 off=000 fa660fb64610668b4e2466f7e1660346
N3GD_BODY id=25 off=010 1c660fb7560e6603c233c9668946fc66
N3GD_BODY id=25 off=020 c746f8fffffffffa668b462c6683f802
N3GD_BODY id=25 off=030 0f82cffc663df8ffff0f0f83c5fc660f
N3GD_BODY id=25 off=040 a4c210fb5250fa66c1e010660facd010
N3GD_BODY id=25 off=050 6683e802660fb65e0d8bf366f7e36603
N3GD_BODY id=25 off=060 46fc660fa4c210fbbb00078bfbb90100
N3GD_BODY id=25 off=070 e8befc0f82aafc382d741eb10b56bed8
N3GD_BODY id=25 off=080 7df3a65e741903f983c7153bfb72e84e
N3GD_BODY id=25 off=090 75d6585ae8660072ab83c404e964fc83
N3GD_BODY id=25 off=0a0 c4048b75098b7d0f8bc6fa66c1e0108b
N3GD_BODY id=25 off=0b0 c76683f802723b663df8ffff0f733366
N3GD_BODY id=25 off=0c0 486648660fb64e0d66f7e1660346fc66
N3GD_BODY id=25 off=0d0 0fa4c210fbbb000753b90400e852fc5b
N3GD_BODY id=25 off=0e0 0f823dfc813f4d5a750881bf0002424a
N3GD_BODY id=25 off=0f0 7406be807de90efcea0002700003c013
N3GD_BODY id=25 off=100 d203c013d2e81800fa26668b016625ff
N3GD_BODY id=25 off=110 ffff0f660fa4c210663df8ffff0ffbc3
N3GD_BODY id=25 off=120 bf007efa66c1e010660facd010660fb7
N3GD_BODY id=25 off=130 4e0b6633d266f7f1663b46f874446689
N3GD_BODY id=25 off=140 46f86603461c660fb74e0e6603c1660f
N3GD_BODY id=25 off=150 b75e2883e30f74163a5e100f83a4fb52
N3GD_BODY id=25 off=160 668bc8668b462466f7e36603c15a5266
N3GD_BODY id=25 off=170 0fa4c210fb8bdfb90100e8b4fb5a0f82
N3GD_BODY id=25 off=180 9ffbfb8bdac300000000000000000000
N3GD_BODY id=25 off=190 00000000000000000000000000000000
N3GD_BODY id=25 off=1a0 00000000000000000000000000000000
N3GD_BODY id=25 off=1b0 00000000000000000000000000000000
N3GD_BODY id=25 off=1c0 00000000000000000000000000000000
N3GD_BODY id=25 off=1d0 00000000000000000000000000000000
N3GD_BODY id=25 off=1e0 00000000000000000000000000000000
N3GD_BODY id=25 off=1f0 000000000000000000000000000055aa
N3GD_BODY id=25 off=200 73697a656f66202a6273203d3d207369
N3GD_BODY id=25 off=210 7a656f6620626f6f745265636f726400
N3GD_BODY id=25 off=220 69506f64466f726d617446415433322e
N3GD_BODY id=25 off=230 6370700000000000626c616e6b5f7365
N3GD_BODY id=25 off=240 63746f720000000061746c5472616365
N3GD_BODY id=25 off=250 495341504900000061746c5472616365
N3GD_BODY id=25 off=260 47656e6572616c0061746c5472616365
N3GD_BODY id=25 off=270 434f4d00000000004641543132202020
N3GD_BODY id=25 off=280 00000000000000004641543136202020
N3GD_BODY id=25 off=290 00000000000000004641543332202020
N3GD_BODY id=25 off=2a0 0000000000000000464154206e6f7420
N3GD_BODY id=25 off=2b0 31322c2031362c206f72203332206269
N3GD_BODY id=25 off=2c0 7473000000000000417474656d707469
N3GD_BODY id=25 off=2d0 6e6720746f2063726561746520746f6f
N3GD_BODY id=25 off=2e0 206c6172676520612066696c65207379
N3GD_BODY id=25 off=2f0 7374656d00000000546f6f2066657720
N3GD_BODY id=25 off=300 626c6f636b7320666f7220766961626c
N3GD_BODY id=25 off=310 652066696c652073797374656d000000
N3GD_BODY id=25 off=320 546f6f206d616e7920636c7573746572
N3GD_BODY id=25 off=330 7320666f722066696c65207379737465
N3GD_BODY id=25 off=340 6d202d2062547279206d6f7265207365
N3GD_BODY id=25 off=350 63746f72732070657220636c75737465
N3GD_BODY id=25 off=360 720000000000000061746c5472616365
N3GD_BODY id=25 off=370 51490000000000002573206861732025
N3GD_BODY id=25 off=380 642068656164257320616e6420256420
N3GD_BODY id=25 off=390 736563746f7225732070657220747261
N3GD_BODY id=25 off=3a0 636b2c000000000069506f64466f726d
N3GD_BODY id=25 off=3b0 617446415433323a3a73657475705461
N3GD_BODY id=25 off=3c0 626c65730000000069506f64466f726d
N3GD_BODY id=25 off=3d0 61742020202000007573696e67203078
N3GD_BODY id=25 off=3e0 25303278206d65646961206465736372
N3GD_BODY id=25 off=3f0 6970746f722c20776974682025642073
N3GD_BODY id=25 off=400 6563746f72733b0069506f64466f726d
N3GD_BODY id=25 off=410 617446415433323a3a73657475705461
N3GD_BODY id=25 off=420 626c65730000000069506f64466f726d
N3GD_BODY id=25 off=430 617420202020000066696c6520737973
N3GD_BODY id=25 off=440 74656d206861732025642025642d6269
N3GD_BODY id=25 off=450 7420464154257320616e642025642073
N3GD_BODY id=25 off=460 6563746f7225732070657220636c7573
N3GD_BODY id=25 off=470 7465722e0000000069506f64466f726d
N3GD_BODY id=25 off=480 617446415433323a3a73657475705461
N3GD_BODY id=25 off=490 626c65730000000069506f64466f726d
N3GD_BODY id=25 off=4a0 61742020202000004641542073697a65
N3GD_BODY id=25 off=4b0 20697320256420736563746f7225732c
N3GD_BODY id=25 off=4c0 20616e642070726f7669646573202564
N3GD_BODY id=25 off=4d0 20636c757374657225732e0000000000
N3GD_BODY id=25 off=4e0 69506f64466f726d617446415433323a
N3GD_BODY id=25 off=4f0 3a73657475705461626c657300000000
N3GD_BODY id=25 off=500 69506f64466f726d6174202020200000
N3GD_BODY id=25 off=510 526f6f74206469726563746f72792063
N3GD_BODY id=25 off=520 6f6e7461696e7320256420736c6f7473
N3GD_BODY id=25 off=530 2e0000000000000069506f64466f726d
N3GD_BODY id=25 off=540 617446415433323a3a73657475705461
N3GD_BODY id=25 off=550 626c65730000000069506f64466f726d
N3GD_BODY id=25 off=560 61742020202000006f7574206f66206d
N3GD_BODY id=25 off=570 656d6f727920666f722046415420696d
N3GD_BODY id=25 off=580 6167650000000000756e61626c652074
N3GD_BODY id=25 off=590 6f20616c6c6f63617465207370616365
N3GD_BODY id=25 off=5a0 20666f7220726f6f7420646972656374
N3GD_BODY id=25 off=5b0 6f727920696e206d656d6f7279000000
N3GD_BODY id=25 off=5c0 756e61626c6520746f20616c6c6f6361
N3GD_BODY id=25 off=5d0 746520737061636520666f7220667369
N3GD_BODY id=25 off=5e0 6e666f20736563746f7220696e206d65
N3GD_BODY id=25 off=5f0 6d6f72790000000069506f64466f726d
N3GD_BODY id=25 off=600 617446415433322e6370700000000000
N3GD_BODY id=25 off=610 6e536563746f7253697a65203e3d2073
N3GD_BODY id=25 off=620 697a656f662046534900000000000000
N3GD_BODY id=25 off=630 61746c54726163655265676973747261
N3GD_BODY id=25 off=640 720000000000000069506f64466f726d
N3GD_BODY id=25 off=650 617446415433322e6370700000000000
N3GD_BODY id=25 off=660 73697a656f662064756d6d795f626f6f
N3GD_BODY id=25 off=670 745f636f6465203c3d2073697a656f66
N3GD_BODY id=25 off=680 2062732d3e626f6f7400000000000000
N3GD_BODY id=25 off=690 69506f64466f726d617446415433322e
N3GD_BODY id=25 off=6a0 637070000000000073697a656f662866
N3GD_BODY id=25 off=6b0 617433325f626f6f745f736563746f72
N3GD_BODY id=25 off=6c0 29203c3d206e536563746f7253697a65
N3GD_BODY id=25 off=6d0 000000000000000069506f64466f726d
N3GD_BODY id=25 off=6e0 617446415433323a3a77726974655461
N3GD_BODY id=25 off=6f0 626c6573206661696c656420746f2077
N3GD_BODY id=25 off=700 7269746520626f6f7420736563746f72
N3GD_BODY id=25 off=710 000000000000000069506f64466f726d
N3GD_BODY id=25 off=720 617446415433322e6370700000000000
N3GD_BODY id=25 off=730 73697a656f66286661745f626f6f745f
N3GD_BODY id=25 off=740 736563746f7229203c3d206e53656374
N3GD_BODY id=25 off=750 6f7253697a65000069506f64466f726d
N3GD_BODY id=25 off=760 617446415433323a3a77726974655461
N3GD_BODY id=25 off=770 626c6573206661696c656420746f2077
N3GD_BODY id=25 off=780 7269746520626f6f7420736563746f72
N3GD_BODY id=25 off=790 00000000000000006661696c65642077
N3GD_BODY id=25 off=7a0 68696c73742077726974696e6720626f
N3GD_BODY id=25 off=7b0 6f7420736563746f7200000000000000
N3GD_BODY id=25 off=7c0 61746c5472616365526566636f756e74
N3GD_BODY id=25 off=7d0 000000000000000069506f64466f726d
N3GD_BODY id=25 off=7e0 617446415433322e6370700000000000
N3GD_BODY id=25 off=7f0 73697a656f6628626f6f745f73656374
N3GD_OOB id=25 off=000 0041010053de0000ff40ffffe5ab0668
N3GD_OOB id=25 off=010 0a52efac2207c7a22532dbc8686282cd
N3GD_OOB id=25 off=020 377bcde4a25178a6eb7c95b8b7fa1e2e
N3GD_OOB id=25 off=030 eddbaafff14d9b9ea7ce563d0b3c39de
N3GD_END id=25
N3GD_BEGIN id=26 kind=cand j=-1 v=0AAC po=65 sl=4294967295 l0=FFFFFFFF host=0000A07E tgt=000140FC bank=1 pb=3157 pp=16 phy=404112 shift=4294967295 t=00 ix=0000 u=00000000 l=00000000
N3GD_BODY id=26 off=000 00000000000000000000000000000000
N3GD_BODY id=26 off=010 00000000000000000000000000000000
N3GD_BODY id=26 off=020 00000000000000000000000000000000
N3GD_BODY id=26 off=030 00000000000000000000000000000000
N3GD_BODY id=26 off=040 00000000000000000000000000000000
N3GD_BODY id=26 off=050 00000000000000000000000000000000
N3GD_BODY id=26 off=060 00000000000000000000000000000000
N3GD_BODY id=26 off=070 00000000000000000000000000000000
N3GD_BODY id=26 off=080 00000000000000000000000000000000
N3GD_BODY id=26 off=090 00000000000000000000000000000000
N3GD_BODY id=26 off=0a0 00000000000000000000000000000000
N3GD_BODY id=26 off=0b0 00000000000000000000000000000000
N3GD_BODY id=26 off=0c0 00000000000000000000000000000000
N3GD_BODY id=26 off=0d0 00000000000000000000000000000000
N3GD_BODY id=26 off=0e0 00000000000000000000000000000000
N3GD_BODY id=26 off=0f0 00000000000000000000000000000000
N3GD_BODY id=26 off=100 00000000000000000000000000000000
N3GD_BODY id=26 off=110 00000000000000000000000000000000
N3GD_BODY id=26 off=120 00000000000000000000000000000000
N3GD_BODY id=26 off=130 00000000000000000000000000000000
N3GD_BODY id=26 off=140 00000000000000000000000000000000
N3GD_BODY id=26 off=150 00000000000000000000000000000000
N3GD_BODY id=26 off=160 00000000000000000000000000000000
N3GD_BODY id=26 off=170 00000000000000000000000000000000
N3GD_BODY id=26 off=180 00000000000000000000000000000000
N3GD_BODY id=26 off=190 00000000000000000000000000000000
N3GD_BODY id=26 off=1a0 00000000000000000000000000000000
N3GD_BODY id=26 off=1b0 00000000000000000000000000000000
N3GD_BODY id=26 off=1c0 00000000000000000000000000000000
N3GD_BODY id=26 off=1d0 00000000000000000000000000000000
N3GD_BODY id=26 off=1e0 00000000000000000000000000000000
N3GD_BODY id=26 off=1f0 00000000000000000000000000000000
N3GD_BODY id=26 off=200 00000000000000000000000000000000
N3GD_BODY id=26 off=210 00000000000000000000000000000000
N3GD_BODY id=26 off=220 00000000000000000000000000000000
N3GD_BODY id=26 off=230 00000000000000000000000000000000
N3GD_BODY id=26 off=240 00000000000000000000000000000000
N3GD_BODY id=26 off=250 00000000000000000000000000000000
N3GD_BODY id=26 off=260 00000000000000000000000000000000
N3GD_BODY id=26 off=270 00000000000000000000000000000000
N3GD_BODY id=26 off=280 00000000000000000000000000000000
N3GD_BODY id=26 off=290 00000000000000000000000000000000
N3GD_BODY id=26 off=2a0 00000000000000000000000000000000
N3GD_BODY id=26 off=2b0 00000000000000000000000000000000
N3GD_BODY id=26 off=2c0 00000000000000000000000000000000
N3GD_BODY id=26 off=2d0 00000000000000000000000000000000
N3GD_BODY id=26 off=2e0 00000000000000000000000000000000
N3GD_BODY id=26 off=2f0 00000000000000000000000000000000
N3GD_BODY id=26 off=300 00000000000000000000000000000000
N3GD_BODY id=26 off=310 00000000000000000000000000000000
N3GD_BODY id=26 off=320 00000000000000000000000000000000
N3GD_BODY id=26 off=330 00000000000000000000000000000000
N3GD_BODY id=26 off=340 00000000000000000000000000000000
N3GD_BODY id=26 off=350 00000000000000000000000000000000
N3GD_BODY id=26 off=360 00000000000000000000000000000000
N3GD_BODY id=26 off=370 00000000000000000000000000000000
N3GD_BODY id=26 off=380 00000000000000000000000000000000
N3GD_BODY id=26 off=390 00000000000000000000000000000000
N3GD_BODY id=26 off=3a0 00000000000000000000000000000000
N3GD_BODY id=26 off=3b0 00000000000000000000000000000000
N3GD_BODY id=26 off=3c0 00000000000000000000000000000000
N3GD_BODY id=26 off=3d0 00000000000000000000000000000000
N3GD_BODY id=26 off=3e0 00000000000000000000000000000000
N3GD_BODY id=26 off=3f0 00000000000000000000000000000000
N3GD_BODY id=26 off=400 00000000000000000000000000000000
N3GD_BODY id=26 off=410 00000000000000000000000000000000
N3GD_BODY id=26 off=420 00000000000000000000000000000000
N3GD_BODY id=26 off=430 00000000000000000000000000000000
N3GD_BODY id=26 off=440 00000000000000000000000000000000
N3GD_BODY id=26 off=450 00000000000000000000000000000000
N3GD_BODY id=26 off=460 00000000000000000000000000000000
N3GD_BODY id=26 off=470 00000000000000000000000000000000
N3GD_BODY id=26 off=480 00000000000000000000000000000000
N3GD_BODY id=26 off=490 00000000000000000000000000000000
N3GD_BODY id=26 off=4a0 00000000000000000000000000000000
N3GD_BODY id=26 off=4b0 00000000000000000000000000000000
N3GD_BODY id=26 off=4c0 00000000000000000000000000000000
N3GD_BODY id=26 off=4d0 00000000000000000000000000000000
N3GD_BODY id=26 off=4e0 00000000000000000000000000000000
N3GD_BODY id=26 off=4f0 00000000000000000000000000000000
N3GD_BODY id=26 off=500 00000000000000000000000000000000
N3GD_BODY id=26 off=510 00000000000000000000000000000000
N3GD_BODY id=26 off=520 00000000000000000000000000000000
N3GD_BODY id=26 off=530 00000000000000000000000000000000
N3GD_BODY id=26 off=540 00000000000000000000000000000000
N3GD_BODY id=26 off=550 00000000000000000000000000000000
N3GD_BODY id=26 off=560 00000000000000000000000000000000
N3GD_BODY id=26 off=570 00000000000000000000000000000000
N3GD_BODY id=26 off=580 00000000000000000000000000000000
N3GD_BODY id=26 off=590 00000000000000000000000000000000
N3GD_BODY id=26 off=5a0 00000000000000000000000000000000
N3GD_BODY id=26 off=5b0 00000000000000000000000000000000
N3GD_BODY id=26 off=5c0 00000000000000000000000000000000
N3GD_BODY id=26 off=5d0 00000000000000000000000000000000
N3GD_BODY id=26 off=5e0 00000000000000000000000000000000
N3GD_BODY id=26 off=5f0 00000000000000000000000000000000
N3GD_BODY id=26 off=600 00000000000000000000000000000000
N3GD_BODY id=26 off=610 00000000000000000000000000000000
N3GD_BODY id=26 off=620 00000000000000000000000000000000
N3GD_BODY id=26 off=630 00000000000000000000000000000000
N3GD_BODY id=26 off=640 00000000000000000000000000000000
N3GD_BODY id=26 off=650 00000000000000000000000000000000
N3GD_BODY id=26 off=660 00000000000000000000000000000000
N3GD_BODY id=26 off=670 00000000000000000000000000000000
N3GD_BODY id=26 off=680 00000000000000000000000000000000
N3GD_BODY id=26 off=690 00000000000000000000000000000000
N3GD_BODY id=26 off=6a0 00000000000000000000000000000000
N3GD_BODY id=26 off=6b0 00000000000000000000000000000000
N3GD_BODY id=26 off=6c0 00000000000000000000000000000000
N3GD_BODY id=26 off=6d0 00000000000000000000000000000000
N3GD_BODY id=26 off=6e0 00000000000000000000000000000000
N3GD_BODY id=26 off=6f0 00000000000000000000000000000000
N3GD_BODY id=26 off=700 00000000000000000000000000000000
N3GD_BODY id=26 off=710 00000000000000000000000000000000
N3GD_BODY id=26 off=720 00000000000000000000000000000000
N3GD_BODY id=26 off=730 00000000000000000000000000000000
N3GD_BODY id=26 off=740 00000000000000000000000000000000
N3GD_BODY id=26 off=750 00000000000000000000000000000000
N3GD_BODY id=26 off=760 00000000000000000000000000000000
N3GD_BODY id=26 off=770 00000000000000000000000000000000
N3GD_BODY id=26 off=780 00000000000000000000000000000000
N3GD_BODY id=26 off=790 00000000000000000000000000000000
N3GD_BODY id=26 off=7a0 00000000000000000000000000000000
N3GD_BODY id=26 off=7b0 00000000000000000000000000000000
N3GD_BODY id=26 off=7c0 00000000000000000000000000000000
N3GD_BODY id=26 off=7d0 00000000000000000000000000000000
N3GD_BODY id=26 off=7e0 00000000000000000000000000000000
N3GD_BODY id=26 off=7f0 00000000000000000000000000000000
N3GD_OOB id=26 off=000 000000000000000000000000e5ab0668
N3GD_OOB id=26 off=010 0a52efac2207c7a22532dbc8686282cd
N3GD_OOB id=26 off=020 377bcde4a25178a6eb7c95b8b7fa1e2e
N3GD_OOB id=26 off=030 eddbaafff14d9b9ea7ce563d0b3c39de
N3GD_END id=26
N3GD_BEGIN id=27 kind=cand j=-1 v=0AAC po=66 sl=4294967295 l0=FFFFFFFF host=0000A07E tgt=000140FC bank=2 pb=3157 pp=16 phy=404112 shift=4294967295 t=00 ix=0000 u=00000000 l=00000000
N3GD_BODY id=27 off=000 00000000000000000000000000000000
N3GD_BODY id=27 off=010 00000000000000000000000000000000
N3GD_BODY id=27 off=020 00000000000000000000000000000000
N3GD_BODY id=27 off=030 00000000000000000000000000000000
N3GD_BODY id=27 off=040 00000000000000000000000000000000
N3GD_BODY id=27 off=050 00000000000000000000000000000000
N3GD_BODY id=27 off=060 00000000000000000000000000000000
N3GD_BODY id=27 off=070 00000000000000000000000000000000
N3GD_BODY id=27 off=080 00000000000000000000000000000000
N3GD_BODY id=27 off=090 00000000000000000000000000000000
N3GD_BODY id=27 off=0a0 00000000000000000000000000000000
N3GD_BODY id=27 off=0b0 00000000000000000000000000000000
N3GD_BODY id=27 off=0c0 00000000000000000000000000000000
N3GD_BODY id=27 off=0d0 00000000000000000000000000000000
N3GD_BODY id=27 off=0e0 00000000000000000000000000000000
N3GD_BODY id=27 off=0f0 00000000000000000000000000000000
N3GD_BODY id=27 off=100 00000000000000000000000000000000
N3GD_BODY id=27 off=110 00000000000000000000000000000000
N3GD_BODY id=27 off=120 00000000000000000000000000000000
N3GD_BODY id=27 off=130 00000000000000000000000000000000
N3GD_BODY id=27 off=140 00000000000000000000000000000000
N3GD_BODY id=27 off=150 00000000000000000000000000000000
N3GD_BODY id=27 off=160 00000000000000000000000000000000
N3GD_BODY id=27 off=170 00000000000000000000000000000000
N3GD_BODY id=27 off=180 00000000000000000000000000000000
N3GD_BODY id=27 off=190 00000000000000000000000000000000
N3GD_BODY id=27 off=1a0 00000000000000000000000000000000
N3GD_BODY id=27 off=1b0 00000000000000000000000000000000
N3GD_BODY id=27 off=1c0 00000000000000000000000000000000
N3GD_BODY id=27 off=1d0 00000000000000000000000000000000
N3GD_BODY id=27 off=1e0 00000000000000000000000000000000
N3GD_BODY id=27 off=1f0 00000000000000000000000000000000
N3GD_BODY id=27 off=200 00000000000000000000000000000000
N3GD_BODY id=27 off=210 00000000000000000000000000000000
N3GD_BODY id=27 off=220 00000000000000000000000000000000
N3GD_BODY id=27 off=230 00000000000000000000000000000000
N3GD_BODY id=27 off=240 00000000000000000000000000000000
N3GD_BODY id=27 off=250 00000000000000000000000000000000
N3GD_BODY id=27 off=260 00000000000000000000000000000000
N3GD_BODY id=27 off=270 00000000000000000000000000000000
N3GD_BODY id=27 off=280 00000000000000000000000000000000
N3GD_BODY id=27 off=290 00000000000000000000000000000000
N3GD_BODY id=27 off=2a0 00000000000000000000000000000000
N3GD_BODY id=27 off=2b0 00000000000000000000000000000000
N3GD_BODY id=27 off=2c0 00000000000000000000000000000000
N3GD_BODY id=27 off=2d0 00000000000000000000000000000000
N3GD_BODY id=27 off=2e0 00000000000000000000000000000000
N3GD_BODY id=27 off=2f0 00000000000000000000000000000000
N3GD_BODY id=27 off=300 00000000000000000000000000000000
N3GD_BODY id=27 off=310 00000000000000000000000000000000
N3GD_BODY id=27 off=320 00000000000000000000000000000000
N3GD_BODY id=27 off=330 00000000000000000000000000000000
N3GD_BODY id=27 off=340 00000000000000000000000000000000
N3GD_BODY id=27 off=350 00000000000000000000000000000000
N3GD_BODY id=27 off=360 00000000000000000000000000000000
N3GD_BODY id=27 off=370 00000000000000000000000000000000
N3GD_BODY id=27 off=380 00000000000000000000000000000000
N3GD_BODY id=27 off=390 00000000000000000000000000000000
N3GD_BODY id=27 off=3a0 00000000000000000000000000000000
N3GD_BODY id=27 off=3b0 00000000000000000000000000000000
N3GD_BODY id=27 off=3c0 00000000000000000000000000000000
N3GD_BODY id=27 off=3d0 00000000000000000000000000000000
N3GD_BODY id=27 off=3e0 00000000000000000000000000000000
N3GD_BODY id=27 off=3f0 00000000000000000000000000000000
N3GD_BODY id=27 off=400 00000000000000000000000000000000
N3GD_BODY id=27 off=410 00000000000000000000000000000000
N3GD_BODY id=27 off=420 00000000000000000000000000000000
N3GD_BODY id=27 off=430 00000000000000000000000000000000
N3GD_BODY id=27 off=440 00000000000000000000000000000000
N3GD_BODY id=27 off=450 00000000000000000000000000000000
N3GD_BODY id=27 off=460 00000000000000000000000000000000
N3GD_BODY id=27 off=470 00000000000000000000000000000000
N3GD_BODY id=27 off=480 00000000000000000000000000000000
N3GD_BODY id=27 off=490 00000000000000000000000000000000
N3GD_BODY id=27 off=4a0 00000000000000000000000000000000
N3GD_BODY id=27 off=4b0 00000000000000000000000000000000
N3GD_BODY id=27 off=4c0 00000000000000000000000000000000
N3GD_BODY id=27 off=4d0 00000000000000000000000000000000
N3GD_BODY id=27 off=4e0 00000000000000000000000000000000
N3GD_BODY id=27 off=4f0 00000000000000000000000000000000
N3GD_BODY id=27 off=500 00000000000000000000000000000000
N3GD_BODY id=27 off=510 00000000000000000000000000000000
N3GD_BODY id=27 off=520 00000000000000000000000000000000
N3GD_BODY id=27 off=530 00000000000000000000000000000000
N3GD_BODY id=27 off=540 00000000000000000000000000000000
N3GD_BODY id=27 off=550 00000000000000000000000000000000
N3GD_BODY id=27 off=560 00000000000000000000000000000000
N3GD_BODY id=27 off=570 00000000000000000000000000000000
N3GD_BODY id=27 off=580 00000000000000000000000000000000
N3GD_BODY id=27 off=590 00000000000000000000000000000000
N3GD_BODY id=27 off=5a0 00000000000000000000000000000000
N3GD_BODY id=27 off=5b0 00000000000000000000000000000000
N3GD_BODY id=27 off=5c0 00000000000000000000000000000000
N3GD_BODY id=27 off=5d0 00000000000000000000000000000000
N3GD_BODY id=27 off=5e0 00000000000000000000000000000000
N3GD_BODY id=27 off=5f0 00000000000000000000000000000000
N3GD_BODY id=27 off=600 00000000000000000000000000000000
N3GD_BODY id=27 off=610 00000000000000000000000000000000
N3GD_BODY id=27 off=620 00000000000000000000000000000000
N3GD_BODY id=27 off=630 00000000000000000000000000000000
N3GD_BODY id=27 off=640 00000000000000000000000000000000
N3GD_BODY id=27 off=650 00000000000000000000000000000000
N3GD_BODY id=27 off=660 00000000000000000000000000000000
N3GD_BODY id=27 off=670 00000000000000000000000000000000
N3GD_BODY id=27 off=680 00000000000000000000000000000000
N3GD_BODY id=27 off=690 00000000000000000000000000000000
N3GD_BODY id=27 off=6a0 00000000000000000000000000000000
N3GD_BODY id=27 off=6b0 00000000000000000000000000000000
N3GD_BODY id=27 off=6c0 00000000000000000000000000000000
N3GD_BODY id=27 off=6d0 00000000000000000000000000000000
N3GD_BODY id=27 off=6e0 00000000000000000000000000000000
N3GD_BODY id=27 off=6f0 00000000000000000000000000000000
N3GD_BODY id=27 off=700 00000000000000000000000000000000
N3GD_BODY id=27 off=710 00000000000000000000000000000000
N3GD_BODY id=27 off=720 00000000000000000000000000000000
N3GD_BODY id=27 off=730 00000000000000000000000000000000
N3GD_BODY id=27 off=740 00000000000000000000000000000000
N3GD_BODY id=27 off=750 00000000000000000000000000000000
N3GD_BODY id=27 off=760 00000000000000000000000000000000
N3GD_BODY id=27 off=770 00000000000000000000000000000000
N3GD_BODY id=27 off=780 00000000000000000000000000000000
N3GD_BODY id=27 off=790 00000000000000000000000000000000
N3GD_BODY id=27 off=7a0 00000000000000000000000000000000
N3GD_BODY id=27 off=7b0 00000000000000000000000000000000
N3GD_BODY id=27 off=7c0 00000000000000000000000000000000
N3GD_BODY id=27 off=7d0 00000000000000000000000000000000
N3GD_BODY id=27 off=7e0 00000000000000000000000000000000
N3GD_BODY id=27 off=7f0 00000000000000000000000000000000
N3GD_OOB id=27 off=000 000000000000000000000000e5ab0668
N3GD_OOB id=27 off=010 0a52efac2207c7a22532dbc8686282cd
N3GD_OOB id=27 off=020 377bcde4a25178a6eb7c95b8b7fa1e2e
N3GD_OOB id=27 off=030 eddbaafff14d9b9ea7ce563d0b3c39de
N3GD_END id=27
N3GD_BEGIN id=28 kind=cand j=-1 v=0AAC po=67 sl=4294967295 l0=FFFFFFFF host=0000A07E tgt=000140FC bank=3 pb=3157 pp=16 phy=404112 shift=4294967295 t=00 ix=0000 u=00000000 l=00000000
N3GD_BODY id=28 off=000 00000000000000000000000000000000
N3GD_BODY id=28 off=010 00000000000000000000000000000000
N3GD_BODY id=28 off=020 00000000000000000000000000000000
N3GD_BODY id=28 off=030 00000000000000000000000000000000
N3GD_BODY id=28 off=040 00000000000000000000000000000000
N3GD_BODY id=28 off=050 00000000000000000000000000000000
N3GD_BODY id=28 off=060 00000000000000000000000000000000
N3GD_BODY id=28 off=070 00000000000000000000000000000000
N3GD_BODY id=28 off=080 00000000000000000000000000000000
N3GD_BODY id=28 off=090 00000000000000000000000000000000
N3GD_BODY id=28 off=0a0 00000000000000000000000000000000
N3GD_BODY id=28 off=0b0 00000000000000000000000000000000
N3GD_BODY id=28 off=0c0 00000000000000000000000000000000
N3GD_BODY id=28 off=0d0 00000000000000000000000000000000
N3GD_BODY id=28 off=0e0 00000000000000000000000000000000
N3GD_BODY id=28 off=0f0 00000000000000000000000000000000
N3GD_BODY id=28 off=100 00000000000000000000000000000000
N3GD_BODY id=28 off=110 00000000000000000000000000000000
N3GD_BODY id=28 off=120 00000000000000000000000000000000
N3GD_BODY id=28 off=130 00000000000000000000000000000000
N3GD_BODY id=28 off=140 00000000000000000000000000000000
N3GD_BODY id=28 off=150 00000000000000000000000000000000
N3GD_BODY id=28 off=160 00000000000000000000000000000000
N3GD_BODY id=28 off=170 00000000000000000000000000000000
N3GD_BODY id=28 off=180 00000000000000000000000000000000
N3GD_BODY id=28 off=190 00000000000000000000000000000000
N3GD_BODY id=28 off=1a0 00000000000000000000000000000000
N3GD_BODY id=28 off=1b0 00000000000000000000000000000000
N3GD_BODY id=28 off=1c0 00000000000000000000000000000000
N3GD_BODY id=28 off=1d0 00000000000000000000000000000000
N3GD_BODY id=28 off=1e0 00000000000000000000000000000000
N3GD_BODY id=28 off=1f0 00000000000000000000000000000000
N3GD_BODY id=28 off=200 00000000000000000000000000000000
N3GD_BODY id=28 off=210 00000000000000000000000000000000
N3GD_BODY id=28 off=220 00000000000000000000000000000000
N3GD_BODY id=28 off=230 00000000000000000000000000000000
N3GD_BODY id=28 off=240 00000000000000000000000000000000
N3GD_BODY id=28 off=250 00000000000000000000000000000000
N3GD_BODY id=28 off=260 00000000000000000000000000000000
N3GD_BODY id=28 off=270 00000000000000000000000000000000
N3GD_BODY id=28 off=280 00000000000000000000000000000000
N3GD_BODY id=28 off=290 00000000000000000000000000000000
N3GD_BODY id=28 off=2a0 00000000000000000000000000000000
N3GD_BODY id=28 off=2b0 00000000000000000000000000000000
N3GD_BODY id=28 off=2c0 00000000000000000000000000000000
N3GD_BODY id=28 off=2d0 00000000000000000000000000000000
N3GD_BODY id=28 off=2e0 00000000000000000000000000000000
N3GD_BODY id=28 off=2f0 00000000000000000000000000000000
N3GD_BODY id=28 off=300 00000000000000000000000000000000
N3GD_BODY id=28 off=310 00000000000000000000000000000000
N3GD_BODY id=28 off=320 00000000000000000000000000000000
N3GD_BODY id=28 off=330 00000000000000000000000000000000
N3GD_BODY id=28 off=340 00000000000000000000000000000000
N3GD_BODY id=28 off=350 00000000000000000000000000000000
N3GD_BODY id=28 off=360 00000000000000000000000000000000
N3GD_BODY id=28 off=370 00000000000000000000000000000000
N3GD_BODY id=28 off=380 00000000000000000000000000000000
N3GD_BODY id=28 off=390 00000000000000000000000000000000
N3GD_BODY id=28 off=3a0 00000000000000000000000000000000
N3GD_BODY id=28 off=3b0 00000000000000000000000000000000
N3GD_BODY id=28 off=3c0 00000000000000000000000000000000
N3GD_BODY id=28 off=3d0 00000000000000000000000000000000
N3GD_BODY id=28 off=3e0 00000000000000000000000000000000
N3GD_BODY id=28 off=3f0 00000000000000000000000000000000
N3GD_BODY id=28 off=400 00000000000000000000000000000000
N3GD_BODY id=28 off=410 00000000000000000000000000000000
N3GD_BODY id=28 off=420 00000000000000000000000000000000
N3GD_BODY id=28 off=430 00000000000000000000000000000000
N3GD_BODY id=28 off=440 00000000000000000000000000000000
N3GD_BODY id=28 off=450 00000000000000000000000000000000
N3GD_BODY id=28 off=460 00000000000000000000000000000000
N3GD_BODY id=28 off=470 00000000000000000000000000000000
N3GD_BODY id=28 off=480 00000000000000000000000000000000
N3GD_BODY id=28 off=490 00000000000000000000000000000000
N3GD_BODY id=28 off=4a0 00000000000000000000000000000000
N3GD_BODY id=28 off=4b0 00000000000000000000000000000000
N3GD_BODY id=28 off=4c0 00000000000000000000000000000000
N3GD_BODY id=28 off=4d0 00000000000000000000000000000000
N3GD_BODY id=28 off=4e0 00000000000000000000000000000000
N3GD_BODY id=28 off=4f0 00000000000000000000000000000000
N3GD_BODY id=28 off=500 00000000000000000000000000000000
N3GD_BODY id=28 off=510 00000000000000000000000000000000
N3GD_BODY id=28 off=520 00000000000000000000000000000000
N3GD_BODY id=28 off=530 00000000000000000000000000000000
N3GD_BODY id=28 off=540 00000000000000000000000000000000
N3GD_BODY id=28 off=550 00000000000000000000000000000000
N3GD_BODY id=28 off=560 00000000000000000000000000000000
N3GD_BODY id=28 off=570 00000000000000000000000000000000
N3GD_BODY id=28 off=580 00000000000000000000000000000000
N3GD_BODY id=28 off=590 00000000000000000000000000000000
N3GD_BODY id=28 off=5a0 00000000000000000000000000000000
N3GD_BODY id=28 off=5b0 00000000000000000000000000000000
N3GD_BODY id=28 off=5c0 00000000000000000000000000000000
N3GD_BODY id=28 off=5d0 00000000000000000000000000000000
N3GD_BODY id=28 off=5e0 00000000000000000000000000000000
N3GD_BODY id=28 off=5f0 00000000000000000000000000000000
N3GD_BODY id=28 off=600 00000000000000000000000000000000
N3GD_BODY id=28 off=610 00000000000000000000000000000000
N3GD_BODY id=28 off=620 00000000000000000000000000000000
N3GD_BODY id=28 off=630 00000000000000000000000000000000
N3GD_BODY id=28 off=640 00000000000000000000000000000000
N3GD_BODY id=28 off=650 00000000000000000000000000000000
N3GD_BODY id=28 off=660 00000000000000000000000000000000
N3GD_BODY id=28 off=670 00000000000000000000000000000000
N3GD_BODY id=28 off=680 00000000000000000000000000000000
N3GD_BODY id=28 off=690 00000000000000000000000000000000
N3GD_BODY id=28 off=6a0 00000000000000000000000000000000
N3GD_BODY id=28 off=6b0 00000000000000000000000000000000
N3GD_BODY id=28 off=6c0 00000000000000000000000000000000
N3GD_BODY id=28 off=6d0 00000000000000000000000000000000
N3GD_BODY id=28 off=6e0 00000000000000000000000000000000
N3GD_BODY id=28 off=6f0 00000000000000000000000000000000
N3GD_BODY id=28 off=700 00000000000000000000000000000000
N3GD_BODY id=28 off=710 00000000000000000000000000000000
N3GD_BODY id=28 off=720 00000000000000000000000000000000
N3GD_BODY id=28 off=730 00000000000000000000000000000000
N3GD_BODY id=28 off=740 00000000000000000000000000000000
N3GD_BODY id=28 off=750 00000000000000000000000000000000
N3GD_BODY id=28 off=760 00000000000000000000000000000000
N3GD_BODY id=28 off=770 00000000000000000000000000000000
N3GD_BODY id=28 off=780 00000000000000000000000000000000
N3GD_BODY id=28 off=790 00000000000000000000000000000000
N3GD_BODY id=28 off=7a0 00000000000000000000000000000000
N3GD_BODY id=28 off=7b0 00000000000000000000000000000000
N3GD_BODY id=28 off=7c0 00000000000000000000000000000000
N3GD_BODY id=28 off=7d0 00000000000000000000000000000000
N3GD_BODY id=28 off=7e0 00000000000000000000000000000000
N3GD_BODY id=28 off=7f0 00000000000000000000000000000000
N3GD_OOB id=28 off=000 000000000000000000000000e5ab0668
N3GD_OOB id=28 off=010 0a52efac2207c7a22532dbc8686282cd
N3GD_OOB id=28 off=020 377bcde4a25178a6eb7c95b8b7fa1e2e
N3GD_OOB id=28 off=030 eddbaafff14d9b9ea7ce563d0b3c39de
N3GD_END id=28
N3GD_BEGIN id=29 kind=cand j=-1 v=0AAC po=68 sl=0 l0=FFFFFFFF host=0000A07E tgt=000140FC bank=0 pb=3157 pp=17 phy=404113 shift=0 t=40 ix=DE53 u=00014108 l=00014108
N3GD_BODY id=29 off=000 eb3c902a554f4b4a4948430010012000
N3GD_BODY id=29 off=010 0200000000f800003f00ff003f000000
N3GD_BODY id=29 off=020 817f0e009f0300000000000002000000
N3GD_BODY id=29 off=030 01000600000000000000000000000000
N3GD_BODY id=29 off=040 0000295708dcc549504f442020202020
N3GD_BODY id=29 off=050 202046415433322020200e1fbe5b7cac
N3GD_BODY id=29 off=060 22c0740b56b40ebb0700cd105eebf032
N3GD_BODY id=29 off=070 e4cd16cd19ebfe7b7b7e7e7c20532054
N3GD_BODY id=29 off=080 204f2050207c20546869732069732041
N3GD_BODY id=29 off=090 70706c652069506f64206e6f74206120
N3GD_BODY id=29 off=0a0 626f6f7461626c65206469736b2e506c
N3GD_BODY id=29 off=0b0 656173652074727920616761696e202e
N3GD_BODY id=29 off=0c0 2e2e2000000000000000000000000000
N3GD_BODY id=29 off=0d0 00000000000000000000000000000000
N3GD_BODY id=29 off=0e0 00000000000000000000000000000000
N3GD_BODY id=29 off=0f0 00000000000000000000000000000000
N3GD_BODY id=29 off=100 00000000000000000000000000000000
N3GD_BODY id=29 off=110 00000000000000000000000000000000
N3GD_BODY id=29 off=120 00000000000000000000000000000000
N3GD_BODY id=29 off=130 00000000000000000000000000000000
N3GD_BODY id=29 off=140 00000000000000000000000000000000
N3GD_BODY id=29 off=150 00000000000000000000000000000000
N3GD_BODY id=29 off=160 00000000000000000000000000000000
N3GD_BODY id=29 off=170 00000000000000000000000000000000
N3GD_BODY id=29 off=180 00000000000000000000000000000000
N3GD_BODY id=29 off=190 00000000000000000000000000000000
N3GD_BODY id=29 off=1a0 00000000000000000000000000000000
N3GD_BODY id=29 off=1b0 00000000000000000000000000000000
N3GD_BODY id=29 off=1c0 00000000000000000000000000000000
N3GD_BODY id=29 off=1d0 00000000000000000000000000000000
N3GD_BODY id=29 off=1e0 00000000000000000000000000000000
N3GD_BODY id=29 off=1f0 000000000000000000000000000055aa
N3GD_BODY id=29 off=200 00000000000000000000000000000000
N3GD_BODY id=29 off=210 00000000000000000000000000000000
N3GD_BODY id=29 off=220 00000000000000000000000000000000
N3GD_BODY id=29 off=230 00000000000000000000000000000000
N3GD_BODY id=29 off=240 00000000000000000000000000000000
N3GD_BODY id=29 off=250 00000000000000000000000000000000
N3GD_BODY id=29 off=260 00000000000000000000000000000000
N3GD_BODY id=29 off=270 00000000000000000000000000000000
N3GD_BODY id=29 off=280 00000000000000000000000000000000
N3GD_BODY id=29 off=290 00000000000000000000000000000000
N3GD_BODY id=29 off=2a0 00000000000000000000000000000000
N3GD_BODY id=29 off=2b0 00000000000000000000000000000000
N3GD_BODY id=29 off=2c0 00000000000000000000000000000000
N3GD_BODY id=29 off=2d0 00000000000000000000000000000000
N3GD_BODY id=29 off=2e0 00000000000000000000000000000000
N3GD_BODY id=29 off=2f0 00000000000000000000000000000000
N3GD_BODY id=29 off=300 00000000000000000000000000000000
N3GD_BODY id=29 off=310 00000000000000000000000000000000
N3GD_BODY id=29 off=320 00000000000000000000000000000000
N3GD_BODY id=29 off=330 00000000000000000000000000000000
N3GD_BODY id=29 off=340 00000000000000000000000000000000
N3GD_BODY id=29 off=350 00000000000000000000000000000000
N3GD_BODY id=29 off=360 00000000000000000000000000000000
N3GD_BODY id=29 off=370 00000000000000000000000000000000
N3GD_BODY id=29 off=380 00000000000000000000000000000000
N3GD_BODY id=29 off=390 00000000000000000000000000000000
N3GD_BODY id=29 off=3a0 00000000000000000000000000000000
N3GD_BODY id=29 off=3b0 00000000000000000000000000000000
N3GD_BODY id=29 off=3c0 00000000000000000000000000000000
N3GD_BODY id=29 off=3d0 00000000000000000000000000000000
N3GD_BODY id=29 off=3e0 00000000000000000000000000000000
N3GD_BODY id=29 off=3f0 00000000000000000000000000000000
N3GD_BODY id=29 off=400 00000000000000000000000000000000
N3GD_BODY id=29 off=410 00000000000000000000000000000000
N3GD_BODY id=29 off=420 00000000000000000000000000000000
N3GD_BODY id=29 off=430 00000000000000000000000000000000
N3GD_BODY id=29 off=440 00000000000000000000000000000000
N3GD_BODY id=29 off=450 00000000000000000000000000000000
N3GD_BODY id=29 off=460 00000000000000000000000000000000
N3GD_BODY id=29 off=470 00000000000000000000000000000000
N3GD_BODY id=29 off=480 00000000000000000000000000000000
N3GD_BODY id=29 off=490 00000000000000000000000000000000
N3GD_BODY id=29 off=4a0 00000000000000000000000000000000
N3GD_BODY id=29 off=4b0 00000000000000000000000000000000
N3GD_BODY id=29 off=4c0 00000000000000000000000000000000
N3GD_BODY id=29 off=4d0 00000000000000000000000000000000
N3GD_BODY id=29 off=4e0 00000000000000000000000000000000
N3GD_BODY id=29 off=4f0 00000000000000000000000000000000
N3GD_BODY id=29 off=500 00000000000000000000000000000000
N3GD_BODY id=29 off=510 00000000000000000000000000000000
N3GD_BODY id=29 off=520 00000000000000000000000000000000
N3GD_BODY id=29 off=530 00000000000000000000000000000000
N3GD_BODY id=29 off=540 00000000000000000000000000000000
N3GD_BODY id=29 off=550 00000000000000000000000000000000
N3GD_BODY id=29 off=560 00000000000000000000000000000000
N3GD_BODY id=29 off=570 00000000000000000000000000000000
N3GD_BODY id=29 off=580 00000000000000000000000000000000
N3GD_BODY id=29 off=590 00000000000000000000000000000000
N3GD_BODY id=29 off=5a0 00000000000000000000000000000000
N3GD_BODY id=29 off=5b0 00000000000000000000000000000000
N3GD_BODY id=29 off=5c0 00000000000000000000000000000000
N3GD_BODY id=29 off=5d0 00000000000000000000000000000000
N3GD_BODY id=29 off=5e0 00000000000000000000000000000000
N3GD_BODY id=29 off=5f0 00000000000000000000000000000000
N3GD_BODY id=29 off=600 00000000000000000000000000000000
N3GD_BODY id=29 off=610 00000000000000000000000000000000
N3GD_BODY id=29 off=620 00000000000000000000000000000000
N3GD_BODY id=29 off=630 00000000000000000000000000000000
N3GD_BODY id=29 off=640 00000000000000000000000000000000
N3GD_BODY id=29 off=650 00000000000000000000000000000000
N3GD_BODY id=29 off=660 00000000000000000000000000000000
N3GD_BODY id=29 off=670 00000000000000000000000000000000
N3GD_BODY id=29 off=680 00000000000000000000000000000000
N3GD_BODY id=29 off=690 00000000000000000000000000000000
N3GD_BODY id=29 off=6a0 00000000000000000000000000000000
N3GD_BODY id=29 off=6b0 00000000000000000000000000000000
N3GD_BODY id=29 off=6c0 00000000000000000000000000000000
N3GD_BODY id=29 off=6d0 00000000000000000000000000000000
N3GD_BODY id=29 off=6e0 00000000000000000000000000000000
N3GD_BODY id=29 off=6f0 00000000000000000000000000000000
N3GD_BODY id=29 off=700 00000000000000000000000000000000
N3GD_BODY id=29 off=710 00000000000000000000000000000000
N3GD_BODY id=29 off=720 00000000000000000000000000000000
N3GD_BODY id=29 off=730 00000000000000000000000000000000
N3GD_BODY id=29 off=740 00000000000000000000000000000000
N3GD_BODY id=29 off=750 00000000000000000000000000000000
N3GD_BODY id=29 off=760 00000000000000000000000000000000
N3GD_BODY id=29 off=770 00000000000000000000000000000000
N3GD_BODY id=29 off=780 00000000000000000000000000000000
N3GD_BODY id=29 off=790 00000000000000000000000000000000
N3GD_BODY id=29 off=7a0 00000000000000000000000000000000
N3GD_BODY id=29 off=7b0 00000000000000000000000000000000
N3GD_BODY id=29 off=7c0 00000000000000000000000000000000
N3GD_BODY id=29 off=7d0 00000000000000000000000000000000
N3GD_BODY id=29 off=7e0 00000000000000000000000000000000
N3GD_BODY id=29 off=7f0 00000000000000000000000000000000
N3GD_OOB id=29 off=000 0841010053de0000ff40ffffe5ab0668
N3GD_OOB id=29 off=010 0a52efac2207c7a22532dbc8686282cd
N3GD_OOB id=29 off=020 377bcde4a25178a6eb7c95b8b7fa1e2e
N3GD_OOB id=29 off=030 eddbaafff14d9b9ea7ce563d0b3c39de
N3GD_END id=29
N3GD_DONE pages=30
