N3GD_START host=0000A07E target=000140FC ppb=512 pages=34
N3GD_BEGIN id=0 kind=cand j=-1 v=0AA9 po=56 sl=4294967295 l0=0019A470 host=0000A07E tgt=000140FC bank=0 pb=3154 pp=14 phy=403726 shift=4294967295 t=40 ix=D9C1 u=0019A470 l=0019A470
N3GD_BODY id=0 off=000 1fc559bcde1b65000bdad6b8ba7fbfba
N3GD_BODY id=0 off=010 7ff880c1929fe1059d4c3c142e95fe30
N3GD_BODY id=0 off=020 1d29d308a6903f634e21ffe81f078d32
N3GD_BODY id=0 off=030 64ba942c899234975393f284e1d07006
N3GD_BODY id=0 off=040 0bc4bc629c461575c1e01182cfa6e346
N3GD_BODY id=0 off=050 4fef8522535c86419e062352dcb74f78
N3GD_BODY id=0 off=060 4a78b50291b178be2be5100ac5117db4
N3GD_BODY id=0 off=070 683215a5823a4bc54dd9ca12f94738c0
N3GD_BODY id=0 off=080 846470d06509038c65717af704403582
N3GD_BODY id=0 off=090 822b1c0df10c0f592dbd9d4d3aaaac93
N3GD_BODY id=0 off=0a0 2c4941ad00112001541112011dc1082d
N3GD_BODY id=0 off=0b0 0f94f01c270702832c617723de47ab09
N3GD_BODY id=0 off=0c0 401984f19a9298837a7800013f4dbf63
N3GD_BODY id=0 off=0d0 1142c02b16233e713851c797fff848e6
N3GD_BODY id=0 off=0e0 d0a91000666df5c393fbff128a1eb3bd
N3GD_BODY id=0 off=0f0 bc758aa2a7019603e82822e2b15953d1
N3GD_BODY id=0 off=100 001a5334a30b2ed638addc871f74c1f6
N3GD_BODY id=0 off=110 ae8458ab81ac06b064e445a9f0a07402
N3GD_BODY id=0 off=120 06048c1557a4e2c4fe782710a774694a
N3GD_BODY id=0 off=130 978833b1060c607dfba1a0984b14e869
N3GD_BODY id=0 off=140 5e732a570bae01f0ce22842c90b59830
N3GD_BODY id=0 off=150 01920c980c649d800080d5c0886e1022
N3GD_BODY id=0 off=160 0dc4974fcabe2db60d16b0e9200086e5
N3GD_BODY id=0 off=170 7715a4a4e14ef5b1cc70d4c0ee2120e6
N3GD_BODY id=0 off=180 082ffd278000930f81c000418f0c5303
N3GD_BODY id=0 off=190 4d34b83ee94f743c4780c001a61d4588
N3GD_BODY id=0 off=1a0 074da024c02e4b1ee1715912eafaebeb
N3GD_BODY id=0 off=1b0 13047ffb828f99029bb9f05101446f1d
N3GD_BODY id=0 off=1c0 bce3c8710e0a20d2fb6a9ac5b66efc12
N3GD_BODY id=0 off=1d0 0390464851a8cc16c7d86b047b03fc0f
N3GD_BODY id=0 off=1e0 ffc710283628e704517070121c9c18d2
N3GD_BODY id=0 off=1f0 21c71bdcf59d975e3885158d763b1964
N3GD_BODY id=0 off=200 d8a245d8cd7586484000ab6f90653c90
N3GD_BODY id=0 off=210 00e11f36358034a4d6066c4ca5b205e8
N3GD_BODY id=0 off=220 32125074db27258d4592b875140032b7
N3GD_BODY id=0 off=230 77731fffbec731ffc3441501984a397d
N3GD_BODY id=0 off=240 79bf0e90c0745400181c308404c9277e
N3GD_BODY id=0 off=250 fa6ee83107e5177af52b320cdaae18dc
N3GD_BODY id=0 off=260 beb74b7cc8337e107ae0ffc389c31abc
N3GD_BODY id=0 off=270 19cf98d3a7fe163eed9efbd2114f1b1c
N3GD_BODY id=0 off=280 1c9ffe0ac18257730c0babbaa054b7e2
N3GD_BODY id=0 off=290 a706ddedfc3b2000e80b1ba7380d8b54
N3GD_BODY id=0 off=2a0 f80e624aa029035a69885858ec867d00
N3GD_BODY id=0 off=2b0 c3d8b8378829b3d502a20bd62c20bd80
N3GD_BODY id=0 off=2c0 e105f8bbad6dc7b127806915589f7352
N3GD_BODY id=0 off=2d0 587d02805828dc91a8c12ab4bad20ce3
N3GD_BODY id=0 off=2e0 9e3156d70b2d4c8ee1d62c331e9fffe0
N3GD_BODY id=0 off=2f0 76435b71c6847a5f16464fe61d880004
N3GD_BODY id=0 off=300 13b04fcda2792cd6e11f440ec156b180
N3GD_BODY id=0 off=310 cdd15d7540681167c1011c36b500a6be
N3GD_BODY id=0 off=320 71009b38b8a3887d6b0db803b469b41a
N3GD_BODY id=0 off=330 678a8cf8c3ce589e9454b180ad68f792
N3GD_BODY id=0 off=340 05638181b8f993d28310d03a4934dbef
N3GD_BODY id=0 off=350 fc92e42ad32ccc13f5c1df8112c9c9eb
N3GD_BODY id=0 off=360 4c7e6c14280edcccaef58f8c11c5c2fa
N3GD_BODY id=0 off=370 b6c991f109337a71afe46c1830ad2143
N3GD_BODY id=0 off=380 2c6801037d7c7a30a3efc95d330470e2
N3GD_BODY id=0 off=390 bdb8215702d8220a1a6f13e424354c53
N3GD_BODY id=0 off=3a0 4ed1f772835011d182ac341950cc1767
N3GD_BODY id=0 off=3b0 2a4c3b90d814602a1d624f0907ff921f
N3GD_BODY id=0 off=3c0 056097e784f0e201682c14b2e93aae65
N3GD_BODY id=0 off=3d0 ff4c1dbe16f688ce1120dc1e98d5b93a
N3GD_BODY id=0 off=3e0 677dee8384140009af80cc123f9a4b00
N3GD_BODY id=0 off=3f0 3431e316003c9e1dc03d1909a9838e80
N3GD_BODY id=0 off=400 3e820d0611f80b50092e00f983dbe983
N3GD_BODY id=0 off=410 9bed316f0900d80f941d1750a4a5545d
N3GD_BODY id=0 off=420 05a257f9f4c0010be3d302202714a7e4
N3GD_BODY id=0 off=430 1140181428a062c2cd02d35e5e296b0b
N3GD_BODY id=0 off=440 b60017b4d369d34ffffffc56f0f94603
N3GD_BODY id=0 off=450 bfc68a1a0a8e45e08b03c00ff04e4e21
N3GD_BODY id=0 off=460 6627cac75c1301c810b06a6bd7ee2a63
N3GD_BODY id=0 off=470 0fe25cc4c690e22b4b9604a98e71a45a
N3GD_BODY id=0 off=480 cea0ca41104815578f7895ec372000d6
N3GD_BODY id=0 off=490 e319bdc87abff5d3d6a89c90261d034b
N3GD_BODY id=0 off=4a0 79517513eef787594091e71dfeb643e0
N3GD_BODY id=0 off=4b0 745862d6ee6ef7c394044de07fbafec9
N3GD_BODY id=0 off=4c0 12cc416d0ec7e710278ddc1e7f10f9bd
N3GD_BODY id=0 off=4d0 70e81b83e472aeaf1b429aa90a89691a
N3GD_BODY id=0 off=4e0 236184591b83d94a61994e193ffa6098
N3GD_BODY id=0 off=4f0 bbbbbbe39ce153b1a7097de48dbc1302
N3GD_BODY id=0 off=500 01a2038c6a55a83fe0edcb29875233e0
N3GD_BODY id=0 off=510 ea6374a86d1d2ea3634c16624a380b06
N3GD_BODY id=0 off=520 e7c6220c8548b59f5baedb786c870017
N3GD_BODY id=0 off=530 8d7a32468d17bf93dec837d104126fc1
N3GD_BODY id=0 off=540 e606c599ba8ab6fce17088884a28e761
N3GD_BODY id=0 off=550 7bc221b255b8f30604c1835593c324c4
N3GD_BODY id=0 off=560 e785582f123540aff9bbf172f8fc36cc
N3GD_BODY id=0 off=570 1814cfac32dfde558d0dc5bdfe1b6202
N3GD_BODY id=0 off=580 10cc234a9bfd7881ecb780e2a17f2835
N3GD_BODY id=0 off=590 cb2aa492df71d93fad6000001d532100
N3GD_BODY id=0 off=5a0 4b3b17415766f05f76662ed6a4d32e03
N3GD_BODY id=0 off=5b0 3c75f4116ef352eef772d35184e6a3bc
N3GD_BODY id=0 off=5c0 2bbf3d9756f3423646c0339ad8683604
N3GD_BODY id=0 off=5d0 4dc1be80f603138ee8aecc8001704a21
N3GD_BODY id=0 off=5e0 648e432a003b4074249542a2cdfab594
N3GD_BODY id=0 off=5f0 31001bc7c01d1f490cca6a316bc3da3f
N3GD_BODY id=0 off=600 1bab0b6c9e9982b7250150719bc3bb21
N3GD_BODY id=0 off=610 dc7c12f04267b2a224c82ca85d612c44
N3GD_BODY id=0 off=620 679c000a4162ae66142eeca154deafdd
N3GD_BODY id=0 off=630 186fbcbff538bc576c32a00f787b5702
N3GD_BODY id=0 off=640 7140930f4900144f0e9b8006d12f005b
N3GD_BODY id=0 off=650 ea5adbc067caa506b81b02b869cc0030
N3GD_BODY id=0 off=660 b7adcf05e073a0d41f030815c28413c1
N3GD_BODY id=0 off=670 a9012c0c85637bc00b0fac8e8ed974aa
N3GD_BODY id=0 off=680 c50048b07d017582160d83c230890ef5
N3GD_BODY id=0 off=690 ead2fecbd90a264ef181889f02b01fc3
N3GD_BODY id=0 off=6a0 e2f3649f4995e6c07801468c4616230f
N3GD_BODY id=0 off=6b0 2fe3002b40a44382e212a3f776353ef1
N3GD_BODY id=0 off=6c0 b994a023c8020fa1a2e27d6f88f0e4c0
N3GD_BODY id=0 off=6d0 009a4003f63030f71bbb454c7817ccf8
N3GD_BODY id=0 off=6e0 6e0bf2dcc0d4930fb8e82f6101f096e5
N3GD_BODY id=0 off=6f0 82d28906e1dfe079880f30276a9f16e1
N3GD_BODY id=0 off=700 d4c0201a51091a23000081fa06400937
N3GD_BODY id=0 off=710 9a49041effff83580dc9336d526f0281
N3GD_BODY id=0 off=720 4e512a33b4ffe07804e42b1b4e5efef9
N3GD_BODY id=0 off=730 6c3a98a0ffff80ef2f0e07deebf83e01
N3GD_BODY id=0 off=740 9c30d0c0ac12c2b3c0c500c2854e3827
N3GD_BODY id=0 off=750 e463ad6145accfc2a202871400084500
N3GD_BODY id=0 off=760 021380e1c01c1400314003380e1c070b
N3GD_BODY id=0 off=770 cee65e7731db85c06fa8d6e31d627d63
N3GD_BODY id=0 off=780 30e851770f0b04e483a0988782ad1ff8
N3GD_BODY id=0 off=790 349d0024c30ea800d566c5912b950c49
N3GD_BODY id=0 off=7a0 cfd6ee52000f990c3c1f1760e0100588
N3GD_BODY id=0 off=7b0 20a2ea27dddef865140011268d5a6d39
N3GD_BODY id=0 off=7c0 8002ffc1144be90a8ff050287e1d9800
N3GD_BODY id=0 off=7d0 2a0784736bc6112537c497a1e52f6dd9
N3GD_BODY id=0 off=7e0 86107e04cd9460b387de5ef5e91210c1
N3GD_BODY id=0 off=7f0 83d68246024c070021c203481c40f1e7
N3GD_OOB id=0 off=000 70a41900c1d90000ff40ffffe5ab0668
N3GD_OOB id=0 off=010 0a52efac2207c7a22532dbc8686282cd
N3GD_OOB id=0 off=020 377bcde4a25178a6eb7c95b8b7fa1e2e
N3GD_OOB id=0 off=030 eddbaafff14d9b9ea7ce563d0b3c39de
N3GD_END id=0
N3GD_BEGIN id=1 kind=cand j=-1 v=0AA9 po=57 sl=4294967295 l0=00000000 host=0000A07E tgt=000140FC bank=1 pb=3154 pp=14 phy=403726 shift=4294967295 t=00 ix=0000 u=00000000 l=00000000
N3GD_BODY id=1 off=000 00000000000000000000000000000000
N3GD_BODY id=1 off=010 00000000000000000000000000000000
N3GD_BODY id=1 off=020 00000000000000000000000000000000
N3GD_BODY id=1 off=030 00000000000000000000000000000000
N3GD_BODY id=1 off=040 00000000000000000000000000000000
N3GD_BODY id=1 off=050 00000000000000000000000000000000
N3GD_BODY id=1 off=060 00000000000000000000000000000000
N3GD_BODY id=1 off=070 00000000000000000000000000000000
N3GD_BODY id=1 off=080 00000000000000000000000000000000
N3GD_BODY id=1 off=090 00000000000000000000000000000000
N3GD_BODY id=1 off=0a0 00000000000000000000000000000000
N3GD_BODY id=1 off=0b0 00000000000000000000000000000000
N3GD_BODY id=1 off=0c0 00000000000000000000000000000000
N3GD_BODY id=1 off=0d0 00000000000000000000000000000000
N3GD_BODY id=1 off=0e0 00000000000000000000000000000000
N3GD_BODY id=1 off=0f0 00000000000000000000000000000000
N3GD_BODY id=1 off=100 00000000000000000000000000000000
N3GD_BODY id=1 off=110 00000000000000000000000000000000
N3GD_BODY id=1 off=120 00000000000000000000000000000000
N3GD_BODY id=1 off=130 00000000000000000000000000000000
N3GD_BODY id=1 off=140 00000000000000000000000000000000
N3GD_BODY id=1 off=150 00000000000000000000000000000000
N3GD_BODY id=1 off=160 00000000000000000000000000000000
N3GD_BODY id=1 off=170 00000000000000000000000000000000
N3GD_BODY id=1 off=180 00000000000000000000000000000000
N3GD_BODY id=1 off=190 00000000000000000000000000000000
N3GD_BODY id=1 off=1a0 00000000000000000000000000000000
N3GD_BODY id=1 off=1b0 00000000000000000000000000000000
N3GD_BODY id=1 off=1c0 00000000000000000000000000000000
N3GD_BODY id=1 off=1d0 00000000000000000000000000000000
N3GD_BODY id=1 off=1e0 00000000000000000000000000000000
N3GD_BODY id=1 off=1f0 00000000000000000000000000000000
N3GD_BODY id=1 off=200 00000000000000000000000000000000
N3GD_BODY id=1 off=210 00000000000000000000000000000000
N3GD_BODY id=1 off=220 00000000000000000000000000000000
N3GD_BODY id=1 off=230 00000000000000000000000000000000
N3GD_BODY id=1 off=240 00000000000000000000000000000000
N3GD_BODY id=1 off=250 00000000000000000000000000000000
N3GD_BODY id=1 off=260 00000000000000000000000000000000
N3GD_BODY id=1 off=270 00000000000000000000000000000000
N3GD_BODY id=1 off=280 00000000000000000000000000000000
N3GD_BODY id=1 off=290 00000000000000000000000000000000
N3GD_BODY id=1 off=2a0 00000000000000000000000000000000
N3GD_BODY id=1 off=2b0 00000000000000000000000000000000
N3GD_BODY id=1 off=2c0 00000000000000000000000000000000
N3GD_BODY id=1 off=2d0 00000000000000000000000000000000
N3GD_BODY id=1 off=2e0 00000000000000000000000000000000
N3GD_BODY id=1 off=2f0 00000000000000000000000000000000
N3GD_BODY id=1 off=300 00000000000000000000000000000000
N3GD_BODY id=1 off=310 00000000000000000000000000000000
N3GD_BODY id=1 off=320 00000000000000000000000000000000
N3GD_BODY id=1 off=330 00000000000000000000000000000000
N3GD_BODY id=1 off=340 00000000000000000000000000000000
N3GD_BODY id=1 off=350 00000000000000000000000000000000
N3GD_BODY id=1 off=360 00000000000000000000000000000000
N3GD_BODY id=1 off=370 00000000000000000000000000000000
N3GD_BODY id=1 off=380 00000000000000000000000000000000
N3GD_BODY id=1 off=390 00000000000000000000000000000000
N3GD_BODY id=1 off=3a0 00000000000000000000000000000000
N3GD_BODY id=1 off=3b0 00000000000000000000000000000000
N3GD_BODY id=1 off=3c0 00000000000000000000000000000000
N3GD_BODY id=1 off=3d0 00000000000000000000000000000000
N3GD_BODY id=1 off=3e0 00000000000000000000000000000000
N3GD_BODY id=1 off=3f0 00000000000000000000000000000000
N3GD_BODY id=1 off=400 00000000000000000000000000000000
N3GD_BODY id=1 off=410 00000000000000000000000000000000
N3GD_BODY id=1 off=420 00000000000000000000000000000000
N3GD_BODY id=1 off=430 00000000000000000000000000000000
N3GD_BODY id=1 off=440 00000000000000000000000000000000
N3GD_BODY id=1 off=450 00000000000000000000000000000000
N3GD_BODY id=1 off=460 00000000000000000000000000000000
N3GD_BODY id=1 off=470 00000000000000000000000000000000
N3GD_BODY id=1 off=480 00000000000000000000000000000000
N3GD_BODY id=1 off=490 00000000000000000000000000000000
N3GD_BODY id=1 off=4a0 00000000000000000000000000000000
N3GD_BODY id=1 off=4b0 00000000000000000000000000000000
N3GD_BODY id=1 off=4c0 00000000000000000000000000000000
N3GD_BODY id=1 off=4d0 00000000000000000000000000000000
N3GD_BODY id=1 off=4e0 00000000000000000000000000000000
N3GD_BODY id=1 off=4f0 00000000000000000000000000000000
N3GD_BODY id=1 off=500 00000000000000000000000000000000
N3GD_BODY id=1 off=510 00000000000000000000000000000000
N3GD_BODY id=1 off=520 00000000000000000000000000000000
N3GD_BODY id=1 off=530 00000000000000000000000000000000
N3GD_BODY id=1 off=540 00000000000000000000000000000000
N3GD_BODY id=1 off=550 00000000000000000000000000000000
N3GD_BODY id=1 off=560 00000000000000000000000000000000
N3GD_BODY id=1 off=570 00000000000000000000000000000000
N3GD_BODY id=1 off=580 00000000000000000000000000000000
N3GD_BODY id=1 off=590 00000000000000000000000000000000
N3GD_BODY id=1 off=5a0 00000000000000000000000000000000
N3GD_BODY id=1 off=5b0 00000000000000000000000000000000
N3GD_BODY id=1 off=5c0 00000000000000000000000000000000
N3GD_BODY id=1 off=5d0 00000000000000000000000000000000
N3GD_BODY id=1 off=5e0 00000000000000000000000000000000
N3GD_BODY id=1 off=5f0 00000000000000000000000000000000
N3GD_BODY id=1 off=600 00000000000000000000000000000000
N3GD_BODY id=1 off=610 00000000000000000000000000000000
N3GD_BODY id=1 off=620 00000000000000000000000000000000
N3GD_BODY id=1 off=630 00000000000000000000000000000000
N3GD_BODY id=1 off=640 00000000000000000000000000000000
N3GD_BODY id=1 off=650 00000000000000000000000000000000
N3GD_BODY id=1 off=660 00000000000000000000000000000000
N3GD_BODY id=1 off=670 00000000000000000000000000000000
N3GD_BODY id=1 off=680 00000000000000000000000000000000
N3GD_BODY id=1 off=690 00000000000000000000000000000000
N3GD_BODY id=1 off=6a0 00000000000000000000000000000000
N3GD_BODY id=1 off=6b0 00000000000000000000000000000000
N3GD_BODY id=1 off=6c0 00000000000000000000000000000000
N3GD_BODY id=1 off=6d0 00000000000000000000000000000000
N3GD_BODY id=1 off=6e0 00000000000000000000000000000000
N3GD_BODY id=1 off=6f0 00000000000000000000000000000000
N3GD_BODY id=1 off=700 00000000000000000000000000000000
N3GD_BODY id=1 off=710 00000000000000000000000000000000
N3GD_BODY id=1 off=720 00000000000000000000000000000000
N3GD_BODY id=1 off=730 00000000000000000000000000000000
N3GD_BODY id=1 off=740 00000000000000000000000000000000
N3GD_BODY id=1 off=750 00000000000000000000000000000000
N3GD_BODY id=1 off=760 00000000000000000000000000000000
N3GD_BODY id=1 off=770 00000000000000000000000000000000
N3GD_BODY id=1 off=780 00000000000000000000000000000000
N3GD_BODY id=1 off=790 00000000000000000000000000000000
N3GD_BODY id=1 off=7a0 00000000000000000000000000000000
N3GD_BODY id=1 off=7b0 00000000000000000000000000000000
N3GD_BODY id=1 off=7c0 00000000000000000000000000000000
N3GD_BODY id=1 off=7d0 00000000000000000000000000000000
N3GD_BODY id=1 off=7e0 00000000000000000000000000000000
N3GD_BODY id=1 off=7f0 00000000000000000000000000000000
N3GD_OOB id=1 off=000 000000000000000000000000e5ab0668
N3GD_OOB id=1 off=010 0a52efac2207c7a22532dbc8686282cd
N3GD_OOB id=1 off=020 377bcde4a25178a6eb7c95b8b7fa1e2e
N3GD_OOB id=1 off=030 eddbaafff14d9b9ea7ce563d0b3c39de
N3GD_END id=1
N3GD_BEGIN id=2 kind=cand j=-1 v=0AA9 po=58 sl=4294967295 l0=00000000 host=0000A07E tgt=000140FC bank=2 pb=3154 pp=14 phy=403726 shift=4294967295 t=00 ix=0000 u=00000000 l=00000000
N3GD_BODY id=2 off=000 00000000000000000000000000000000
N3GD_BODY id=2 off=010 00000000000000000000000000000000
N3GD_BODY id=2 off=020 00000000000000000000000000000000
N3GD_BODY id=2 off=030 00000000000000000000000000000000
N3GD_BODY id=2 off=040 00000000000000000000000000000000
N3GD_BODY id=2 off=050 00000000000000000000000000000000
N3GD_BODY id=2 off=060 00000000000000000000000000000000
N3GD_BODY id=2 off=070 00000000000000000000000000000000
N3GD_BODY id=2 off=080 00000000000000000000000000000000
N3GD_BODY id=2 off=090 00000000000000000000000000000000
N3GD_BODY id=2 off=0a0 00000000000000000000000000000000
N3GD_BODY id=2 off=0b0 00000000000000000000000000000000
N3GD_BODY id=2 off=0c0 00000000000000000000000000000000
N3GD_BODY id=2 off=0d0 00000000000000000000000000000000
N3GD_BODY id=2 off=0e0 00000000000000000000000000000000
N3GD_BODY id=2 off=0f0 00000000000000000000000000000000
N3GD_BODY id=2 off=100 00000000000000000000000000000000
N3GD_BODY id=2 off=110 00000000000000000000000000000000
N3GD_BODY id=2 off=120 00000000000000000000000000000000
N3GD_BODY id=2 off=130 00000000000000000000000000000000
N3GD_BODY id=2 off=140 00000000000000000000000000000000
N3GD_BODY id=2 off=150 00000000000000000000000000000000
N3GD_BODY id=2 off=160 00000000000000000000000000000000
N3GD_BODY id=2 off=170 00000000000000000000000000000000
N3GD_BODY id=2 off=180 00000000000000000000000000000000
N3GD_BODY id=2 off=190 00000000000000000000000000000000
N3GD_BODY id=2 off=1a0 00000000000000000000000000000000
N3GD_BODY id=2 off=1b0 00000000000000000000000000000000
N3GD_BODY id=2 off=1c0 00000000000000000000000000000000
N3GD_BODY id=2 off=1d0 00000000000000000000000000000000
N3GD_BODY id=2 off=1e0 00000000000000000000000000000000
N3GD_BODY id=2 off=1f0 00000000000000000000000000000000
N3GD_BODY id=2 off=200 00000000000000000000000000000000
N3GD_BODY id=2 off=210 00000000000000000000000000000000
N3GD_BODY id=2 off=220 00000000000000000000000000000000
N3GD_BODY id=2 off=230 00000000000000000000000000000000
N3GD_BODY id=2 off=240 00000000000000000000000000000000
N3GD_BODY id=2 off=250 00000000000000000000000000000000
N3GD_BODY id=2 off=260 00000000000000000000000000000000
N3GD_BODY id=2 off=270 00000000000000000000000000000000
N3GD_BODY id=2 off=280 00000000000000000000000000000000
N3GD_BODY id=2 off=290 00000000000000000000000000000000
N3GD_BODY id=2 off=2a0 00000000000000000000000000000000
N3GD_BODY id=2 off=2b0 00000000000000000000000000000000
N3GD_BODY id=2 off=2c0 00000000000000000000000000000000
N3GD_BODY id=2 off=2d0 00000000000000000000000000000000
N3GD_BODY id=2 off=2e0 00000000000000000000000000000000
N3GD_BODY id=2 off=2f0 00000000000000000000000000000000
N3GD_BODY id=2 off=300 00000000000000000000000000000000
N3GD_BODY id=2 off=310 00000000000000000000000000000000
N3GD_BODY id=2 off=320 00000000000000000000000000000000
N3GD_BODY id=2 off=330 00000000000000000000000000000000
N3GD_BODY id=2 off=340 00000000000000000000000000000000
N3GD_BODY id=2 off=350 00000000000000000000000000000000
N3GD_BODY id=2 off=360 00000000000000000000000000000000
N3GD_BODY id=2 off=370 00000000000000000000000000000000
N3GD_BODY id=2 off=380 00000000000000000000000000000000
N3GD_BODY id=2 off=390 00000000000000000000000000000000
N3GD_BODY id=2 off=3a0 00000000000000000000000000000000
N3GD_BODY id=2 off=3b0 00000000000000000000000000000000
N3GD_BODY id=2 off=3c0 00000000000000000000000000000000
N3GD_BODY id=2 off=3d0 00000000000000000000000000000000
N3GD_BODY id=2 off=3e0 00000000000000000000000000000000
N3GD_BODY id=2 off=3f0 00000000000000000000000000000000
N3GD_BODY id=2 off=400 00000000000000000000000000000000
N3GD_BODY id=2 off=410 00000000000000000000000000000000
N3GD_BODY id=2 off=420 00000000000000000000000000000000
N3GD_BODY id=2 off=430 00000000000000000000000000000000
N3GD_BODY id=2 off=440 00000000000000000000000000000000
N3GD_BODY id=2 off=450 00000000000000000000000000000000
N3GD_BODY id=2 off=460 00000000000000000000000000000000
N3GD_BODY id=2 off=470 00000000000000000000000000000000
N3GD_BODY id=2 off=480 00000000000000000000000000000000
N3GD_BODY id=2 off=490 00000000000000000000000000000000
N3GD_BODY id=2 off=4a0 00000000000000000000000000000000
N3GD_BODY id=2 off=4b0 00000000000000000000000000000000
N3GD_BODY id=2 off=4c0 00000000000000000000000000000000
N3GD_BODY id=2 off=4d0 00000000000000000000000000000000
N3GD_BODY id=2 off=4e0 00000000000000000000000000000000
N3GD_BODY id=2 off=4f0 00000000000000000000000000000000
N3GD_BODY id=2 off=500 00000000000000000000000000000000
N3GD_BODY id=2 off=510 00000000000000000000000000000000
N3GD_BODY id=2 off=520 00000000000000000000000000000000
N3GD_BODY id=2 off=530 00000000000000000000000000000000
N3GD_BODY id=2 off=540 00000000000000000000000000000000
N3GD_BODY id=2 off=550 00000000000000000000000000000000
N3GD_BODY id=2 off=560 00000000000000000000000000000000
N3GD_BODY id=2 off=570 00000000000000000000000000000000
N3GD_BODY id=2 off=580 00000000000000000000000000000000
N3GD_BODY id=2 off=590 00000000000000000000000000000000
N3GD_BODY id=2 off=5a0 00000000000000000000000000000000
N3GD_BODY id=2 off=5b0 00000000000000000000000000000000
N3GD_BODY id=2 off=5c0 00000000000000000000000000000000
N3GD_BODY id=2 off=5d0 00000000000000000000000000000000
N3GD_BODY id=2 off=5e0 00000000000000000000000000000000
N3GD_BODY id=2 off=5f0 00000000000000000000000000000000
N3GD_BODY id=2 off=600 00000000000000000000000000000000
N3GD_BODY id=2 off=610 00000000000000000000000000000000
N3GD_BODY id=2 off=620 00000000000000000000000000000000
N3GD_BODY id=2 off=630 00000000000000000000000000000000
N3GD_BODY id=2 off=640 00000000000000000000000000000000
N3GD_BODY id=2 off=650 00000000000000000000000000000000
N3GD_BODY id=2 off=660 00000000000000000000000000000000
N3GD_BODY id=2 off=670 00000000000000000000000000000000
N3GD_BODY id=2 off=680 00000000000000000000000000000000
N3GD_BODY id=2 off=690 00000000000000000000000000000000
N3GD_BODY id=2 off=6a0 00000000000000000000000000000000
N3GD_BODY id=2 off=6b0 00000000000000000000000000000000
N3GD_BODY id=2 off=6c0 00000000000000000000000000000000
N3GD_BODY id=2 off=6d0 00000000000000000000000000000000
N3GD_BODY id=2 off=6e0 00000000000000000000000000000000
N3GD_BODY id=2 off=6f0 00000000000000000000000000000000
N3GD_BODY id=2 off=700 00000000000000000000000000000000
N3GD_BODY id=2 off=710 00000000000000000000000000000000
N3GD_BODY id=2 off=720 00000000000000000000000000000000
N3GD_BODY id=2 off=730 00000000000000000000000000000000
N3GD_BODY id=2 off=740 00000000000000000000000000000000
N3GD_BODY id=2 off=750 00000000000000000000000000000000
N3GD_BODY id=2 off=760 00000000000000000000000000000000
N3GD_BODY id=2 off=770 00000000000000000000000000000000
N3GD_BODY id=2 off=780 00000000000000000000000000000000
N3GD_BODY id=2 off=790 00000000000000000000000000000000
N3GD_BODY id=2 off=7a0 00000000000000000000000000000000
N3GD_BODY id=2 off=7b0 00000000000000000000000000000000
N3GD_BODY id=2 off=7c0 00000000000000000000000000000000
N3GD_BODY id=2 off=7d0 00000000000000000000000000000000
N3GD_BODY id=2 off=7e0 00000000000000000000000000000000
N3GD_BODY id=2 off=7f0 00000000000000000000000000000000
N3GD_OOB id=2 off=000 000000000000000000000000e5ab0668
N3GD_OOB id=2 off=010 0a52efac2207c7a22532dbc8686282cd
N3GD_OOB id=2 off=020 377bcde4a25178a6eb7c95b8b7fa1e2e
N3GD_OOB id=2 off=030 eddbaafff14d9b9ea7ce563d0b3c39de
N3GD_END id=2
N3GD_BEGIN id=3 kind=cand j=-1 v=0AA9 po=59 sl=4294967295 l0=00000000 host=0000A07E tgt=000140FC bank=3 pb=3154 pp=14 phy=403726 shift=4294967295 t=00 ix=0000 u=00000000 l=00000000
N3GD_BODY id=3 off=000 00000000000000000000000000000000
N3GD_BODY id=3 off=010 00000000000000000000000000000000
N3GD_BODY id=3 off=020 00000000000000000000000000000000
N3GD_BODY id=3 off=030 00000000000000000000000000000000
N3GD_BODY id=3 off=040 00000000000000000000000000000000
N3GD_BODY id=3 off=050 00000000000000000000000000000000
N3GD_BODY id=3 off=060 00000000000000000000000000000000
N3GD_BODY id=3 off=070 00000000000000000000000000000000
N3GD_BODY id=3 off=080 00000000000000000000000000000000
N3GD_BODY id=3 off=090 00000000000000000000000000000000
N3GD_BODY id=3 off=0a0 00000000000000000000000000000000
N3GD_BODY id=3 off=0b0 00000000000000000000000000000000
N3GD_BODY id=3 off=0c0 00000000000000000000000000000000
N3GD_BODY id=3 off=0d0 00000000000000000000000000000000
N3GD_BODY id=3 off=0e0 00000000000000000000000000000000
N3GD_BODY id=3 off=0f0 00000000000000000000000000000000
N3GD_BODY id=3 off=100 00000000000000000000000000000000
N3GD_BODY id=3 off=110 00000000000000000000000000000000
N3GD_BODY id=3 off=120 00000000000000000000000000000000
N3GD_BODY id=3 off=130 00000000000000000000000000000000
N3GD_BODY id=3 off=140 00000000000000000000000000000000
N3GD_BODY id=3 off=150 00000000000000000000000000000000
N3GD_BODY id=3 off=160 00000000000000000000000000000000
N3GD_BODY id=3 off=170 00000000000000000000000000000000
N3GD_BODY id=3 off=180 00000000000000000000000000000000
N3GD_BODY id=3 off=190 00000000000000000000000000000000
N3GD_BODY id=3 off=1a0 00000000000000000000000000000000
N3GD_BODY id=3 off=1b0 00000000000000000000000000000000
N3GD_BODY id=3 off=1c0 00000000000000000000000000000000
N3GD_BODY id=3 off=1d0 00000000000000000000000000000000
N3GD_BODY id=3 off=1e0 00000000000000000000000000000000
N3GD_BODY id=3 off=1f0 00000000000000000000000000000000
N3GD_BODY id=3 off=200 00000000000000000000000000000000
N3GD_BODY id=3 off=210 00000000000000000000000000000000
N3GD_BODY id=3 off=220 00000000000000000000000000000000
N3GD_BODY id=3 off=230 00000000000000000000000000000000
N3GD_BODY id=3 off=240 00000000000000000000000000000000
N3GD_BODY id=3 off=250 00000000000000000000000000000000
N3GD_BODY id=3 off=260 00000000000000000000000000000000
N3GD_BODY id=3 off=270 00000000000000000000000000000000
N3GD_BODY id=3 off=280 00000000000000000000000000000000
N3GD_BODY id=3 off=290 00000000000000000000000000000000
N3GD_BODY id=3 off=2a0 00000000000000000000000000000000
N3GD_BODY id=3 off=2b0 00000000000000000000000000000000
N3GD_BODY id=3 off=2c0 00000000000000000000000000000000
N3GD_BODY id=3 off=2d0 00000000000000000000000000000000
N3GD_BODY id=3 off=2e0 00000000000000000000000000000000
N3GD_BODY id=3 off=2f0 00000000000000000000000000000000
N3GD_BODY id=3 off=300 00000000000000000000000000000000
N3GD_BODY id=3 off=310 00000000000000000000000000000000
N3GD_BODY id=3 off=320 00000000000000000000000000000000
N3GD_BODY id=3 off=330 00000000000000000000000000000000
N3GD_BODY id=3 off=340 00000000000000000000000000000000
N3GD_BODY id=3 off=350 00000000000000000000000000000000
N3GD_BODY id=3 off=360 00000000000000000000000000000000
N3GD_BODY id=3 off=370 00000000000000000000000000000000
N3GD_BODY id=3 off=380 00000000000000000000000000000000
N3GD_BODY id=3 off=390 00000000000000000000000000000000
N3GD_BODY id=3 off=3a0 00000000000000000000000000000000
N3GD_BODY id=3 off=3b0 00000000000000000000000000000000
N3GD_BODY id=3 off=3c0 00000000000000000000000000000000
N3GD_BODY id=3 off=3d0 00000000000000000000000000000000
N3GD_BODY id=3 off=3e0 00000000000000000000000000000000
N3GD_BODY id=3 off=3f0 00000000000000000000000000000000
N3GD_BODY id=3 off=400 00000000000000000000000000000000
N3GD_BODY id=3 off=410 00000000000000000000000000000000
N3GD_BODY id=3 off=420 00000000000000000000000000000000
N3GD_BODY id=3 off=430 00000000000000000000000000000000
N3GD_BODY id=3 off=440 00000000000000000000000000000000
N3GD_BODY id=3 off=450 00000000000000000000000000000000
N3GD_BODY id=3 off=460 00000000000000000000000000000000
N3GD_BODY id=3 off=470 00000000000000000000000000000000
N3GD_BODY id=3 off=480 00000000000000000000000000000000
N3GD_BODY id=3 off=490 00000000000000000000000000000000
N3GD_BODY id=3 off=4a0 00000000000000000000000000000000
N3GD_BODY id=3 off=4b0 00000000000000000000000000000000
N3GD_BODY id=3 off=4c0 00000000000000000000000000000000
N3GD_BODY id=3 off=4d0 00000000000000000000000000000000
N3GD_BODY id=3 off=4e0 00000000000000000000000000000000
N3GD_BODY id=3 off=4f0 00000000000000000000000000000000
N3GD_BODY id=3 off=500 00000000000000000000000000000000
N3GD_BODY id=3 off=510 00000000000000000000000000000000
N3GD_BODY id=3 off=520 00000000000000000000000000000000
N3GD_BODY id=3 off=530 00000000000000000000000000000000
N3GD_BODY id=3 off=540 00000000000000000000000000000000
N3GD_BODY id=3 off=550 00000000000000000000000000000000
N3GD_BODY id=3 off=560 00000000000000000000000000000000
N3GD_BODY id=3 off=570 00000000000000000000000000000000
N3GD_BODY id=3 off=580 00000000000000000000000000000000
N3GD_BODY id=3 off=590 00000000000000000000000000000000
N3GD_BODY id=3 off=5a0 00000000000000000000000000000000
N3GD_BODY id=3 off=5b0 00000000000000000000000000000000
N3GD_BODY id=3 off=5c0 00000000000000000000000000000000
N3GD_BODY id=3 off=5d0 00000000000000000000000000000000
N3GD_BODY id=3 off=5e0 00000000000000000000000000000000
N3GD_BODY id=3 off=5f0 00000000000000000000000000000000
N3GD_BODY id=3 off=600 00000000000000000000000000000000
N3GD_BODY id=3 off=610 00000000000000000000000000000000
N3GD_BODY id=3 off=620 00000000000000000000000000000000
N3GD_BODY id=3 off=630 00000000000000000000000000000000
N3GD_BODY id=3 off=640 00000000000000000000000000000000
N3GD_BODY id=3 off=650 00000000000000000000000000000000
N3GD_BODY id=3 off=660 00000000000000000000000000000000
N3GD_BODY id=3 off=670 00000000000000000000000000000000
N3GD_BODY id=3 off=680 00000000000000000000000000000000
N3GD_BODY id=3 off=690 00000000000000000000000000000000
N3GD_BODY id=3 off=6a0 00000000000000000000000000000000
N3GD_BODY id=3 off=6b0 00000000000000000000000000000000
N3GD_BODY id=3 off=6c0 00000000000000000000000000000000
N3GD_BODY id=3 off=6d0 00000000000000000000000000000000
N3GD_BODY id=3 off=6e0 00000000000000000000000000000000
N3GD_BODY id=3 off=6f0 00000000000000000000000000000000
N3GD_BODY id=3 off=700 00000000000000000000000000000000
N3GD_BODY id=3 off=710 00000000000000000000000000000000
N3GD_BODY id=3 off=720 00000000000000000000000000000000
N3GD_BODY id=3 off=730 00000000000000000000000000000000
N3GD_BODY id=3 off=740 00000000000000000000000000000000
N3GD_BODY id=3 off=750 00000000000000000000000000000000
N3GD_BODY id=3 off=760 00000000000000000000000000000000
N3GD_BODY id=3 off=770 00000000000000000000000000000000
N3GD_BODY id=3 off=780 00000000000000000000000000000000
N3GD_BODY id=3 off=790 00000000000000000000000000000000
N3GD_BODY id=3 off=7a0 00000000000000000000000000000000
N3GD_BODY id=3 off=7b0 00000000000000000000000000000000
N3GD_BODY id=3 off=7c0 00000000000000000000000000000000
N3GD_BODY id=3 off=7d0 00000000000000000000000000000000
N3GD_BODY id=3 off=7e0 00000000000000000000000000000000
N3GD_BODY id=3 off=7f0 00000000000000000000000000000000
N3GD_OOB id=3 off=000 000000000000000000000000e5ab0668
N3GD_OOB id=3 off=010 0a52efac2207c7a22532dbc8686282cd
N3GD_OOB id=3 off=020 377bcde4a25178a6eb7c95b8b7fa1e2e
N3GD_OOB id=3 off=030 eddbaafff14d9b9ea7ce563d0b3c39de
N3GD_END id=3
N3GD_BEGIN id=4 kind=cand j=-1 v=0AA9 po=60 sl=4294967295 l0=0019A478 host=0000A07E tgt=000140FC bank=0 pb=3154 pp=15 phy=403727 shift=4294967295 t=40 ix=D9C1 u=0019A478 l=0019A478
N3GD_BODY id=4 off=000 89818172420fd7f1764d2038220c1d0b
N3GD_BODY id=4 off=010 4b5afe02080c60b041e7aabca3be360c
N3GD_BODY id=4 off=020 2b40f91f06f18bf1978e0dc0d80f4325
N3GD_BODY id=4 off=030 1734aeb45f63463fb6dff9ce283ab7fc
N3GD_BODY id=4 off=040 e9d60d0302396f0366a581ad9608b563
N3GD_BODY id=4 off=050 8e77c3aa003f499b2487f73fffe18c6b
N3GD_BODY id=4 off=060 9c0b1333686f806982ee0aceec1d79b8
N3GD_BODY id=4 off=070 28ba8c19091ab7028f2cf07190c87855
N3GD_BODY id=4 off=080 047f096e01916c2f8f32f2f17170c00a
N3GD_BODY id=4 off=090 02c2087b741f712074a1ba923118e0ff
N3GD_BODY id=4 off=0a0 0ea60006e600ce9f14000409540237b3
N3GD_BODY id=4 off=0b0 80009e81c8038b868907b0ff56660b96
N3GD_BODY id=4 off=0c0 0db1d8628c0c14cc4741c37bf4bd306f
N3GD_BODY id=4 off=0d0 53c7474be3008235020c1388aa20100d
N3GD_BODY id=4 off=0e0 4d323d02a00834501400cbfc1c170eea
N3GD_BODY id=4 off=0f0 3ddc4008c820168009192e58420661c7
N3GD_BODY id=4 off=100 d8e8b475766607d021058ac51b6bfbb8
N3GD_BODY id=4 off=110 408769b413ecf20bafc5aea0edadd786
N3GD_BODY id=4 off=120 effff6ecc2b6868bee0e3ffc09620304
N3GD_BODY id=4 off=130 4c6752a025056536e4409a108d65d145
N3GD_BODY id=4 off=140 e4e2de04b8624edc421cc43809975380
N3GD_BODY id=4 off=150 e3138a2c55e6d13dd0390d9702c90f69
N3GD_BODY id=4 off=160 9e1268825a160b00c1d783065e39be6a
N3GD_BODY id=4 off=170 83306e15317a674bb09d5a52a31bcdc0
N3GD_BODY id=4 off=180 af5d3fc188330568bd40ae13969e9c67
N3GD_BODY id=4 off=190 839265630268e36f3a421a4509338938
N3GD_BODY id=4 off=1a0 12d2048f076ff8bc6bc58bb831015e15
N3GD_BODY id=4 off=1b0 26f30c54fe15c06cf13bd83b27e0c1ef
N3GD_BODY id=4 off=1c0 88706d35e3b27e05701ae3517a93152f
N3GD_BODY id=4 off=1d0 51751770821c55e24027fc6fd9c632e8
N3GD_BODY id=4 off=1e0 4c8ff01c6f5b7f0cb384e2719f5e68ff
N3GD_BODY id=4 off=1f0 f16152645800c0b92634bd527fffcb93
N3GD_BODY id=4 off=200 378e144e08f72da05f7ff01fe418bbbe
N3GD_BODY id=4 off=210 05170d0f74c1600320c04250a90c000c
N3GD_BODY id=4 off=220 8c2e716caf2df234825848a400f85904
N3GD_BODY id=4 off=230 807b9ba84abf288289215fc858e2e106
N3GD_BODY id=4 off=240 99c01864b970926b023e7a62805e90e1
N3GD_BODY id=4 off=250 942407665017ff6e1363f894f61fe2c2
N3GD_BODY id=4 off=260 a9001303e3b1c68951876bdfe0673300
N3GD_BODY id=4 off=270 1f6720c1994a26d800bb2340ccc13e9e
N3GD_BODY id=4 off=280 be0f23d40da34c9095fc500068008d40
N3GD_BODY id=4 off=290 7ab16a2c6d8528322e70037a61d041f4
N3GD_BODY id=4 off=2a0 8d2a8ca23b11a9267fb03b050cc299b3
N3GD_BODY id=4 off=2b0 0005410000a139a00fe0460e40a0aa41
N3GD_BODY id=4 off=2c0 1023cc4d082f8645d05e6806940abb0f
N3GD_BODY id=4 off=2d0 19e3158673d2a674054433782fb07c61
N3GD_BODY id=4 off=2e0 d20b0ceffd80008013fbfe4674c754e2
N3GD_BODY id=4 off=2f0 7f3f9ff03086808d44bdcf1ff0dda7ff
N3GD_BODY id=4 off=300 b5f101ae33d7f1d049bc32dcc100ee07
N3GD_BODY id=4 off=310 a01160b054d835fec8f997f519fc621f
N3GD_BODY id=4 off=320 3a38901c7526ff8d9e30c71c5bfba870
N3GD_BODY id=4 off=330 d36404d41b89db053621778317df8360
N3GD_BODY id=4 off=340 210204e046947b4d3b7601f1e9446270
N3GD_BODY id=4 off=350 b7b2a19a8ef545c2028002a228840643
N3GD_BODY id=4 off=360 b94ddb52a0f92b3f8749014eba9dded7
N3GD_BODY id=4 off=370 15b7600c8aea035945e0f1f5fd7fff80
N3GD_BODY id=4 off=380 51f11281008d0c0d1110341f21547f27
N3GD_BODY id=4 off=390 3f1700a0c1df8ab3fa54a5875c007898
N3GD_BODY id=4 off=3a0 15c94438472282c1f0596c1666406280
N3GD_BODY id=4 off=3b0 963230a3336e4490083dea6bdf84a000
N3GD_BODY id=4 off=3c0 408128004c2e221929886604a701e0d5
N3GD_BODY id=4 off=3d0 757ca598f2f0ea81178d68024fcb4285
N3GD_BODY id=4 off=3e0 ad25ff11012980a20ae1c684d3e641f0
N3GD_BODY id=4 off=3f0 0ac0570ffc210139020040679c39f950
N3GD_BODY id=4 off=400 f58947d685e91400ac9114d2e1c50003
N3GD_BODY id=4 off=410 8d1e9848a4736ba5a4e24c060b0b1860
N3GD_BODY id=4 off=420 360b40060fffc2e4c3c4e317f51395fc
N3GD_BODY id=4 off=430 a50cb362824763dfb81c1ee1046c2074
N3GD_BODY id=4 off=440 3d1701b4718e542e566c70e22000b581
N3GD_BODY id=4 off=450 015705c07bd03de43a680e90e5819f1e
N3GD_BODY id=4 off=460 1db8cb9985e3987595a40eb3021e5e32
N3GD_BODY id=4 off=470 0f87ac20a9e46ac7e40c0dd58ab4c474
N3GD_BODY id=4 off=480 e6a161963fe5970ece7dfd7ff83f40e0
N3GD_BODY id=4 off=490 1e99920c919764ccbca6e8e1d9000969
N3GD_BODY id=4 off=4a0 19c00204249f680613afff85e00e571a
N3GD_BODY id=4 off=4b0 d511b845ade70df3f8f3614279020081
N3GD_BODY id=4 off=4c0 2ecf0d081107228f07ce1312a1bc2a00
N3GD_BODY id=4 off=4d0 17a4207db7950fe8754003d188421b1a
N3GD_BODY id=4 off=4e0 41a52d8d7ddbf8592f98afa43801ff08
N3GD_BODY id=4 off=4f0 403f069a08087f1c111d04357d835019
N3GD_BODY id=4 off=500 83c345a03c76b94b6bd61d5025048402
N3GD_BODY id=4 off=510 aa51251e1ab0c2a2370d40008a73c1d4
N3GD_BODY id=4 off=520 1e1e623708880dbcff6e1040770f0880
N3GD_BODY id=4 off=530 363b28a4164a874c48f703d40e2b8301
N3GD_BODY id=4 off=540 ca70d47019e1dc003a239d017e982541
N3GD_BODY id=4 off=550 9f21dfd828cd73f05adad808d80d3e78
N3GD_BODY id=4 off=560 c5ac586f35809060340e0307940d6cd8
N3GD_BODY id=4 off=570 1582a55c00294ab0002d80eddb15060c
N3GD_BODY id=4 off=580 a829dc873842348071972a0b778b351a
N3GD_BODY id=4 off=590 81100841510fdebe71dd4b46b0a4569f
N3GD_BODY id=4 off=5a0 f9ce1b62392f0bbc36c78fe5dc22ce62
N3GD_BODY id=4 off=5b0 1075369afe11c5c0c91bb7fe20280a84
N3GD_BODY id=4 off=5c0 09f3f517208223b6169b27d998028aa5
N3GD_BODY id=4 off=5d0 5589761fee2460d82dd6cbe690c5e3b3
N3GD_BODY id=4 off=5e0 90a62e5e2e779b3c9e0f167875231cd0
N3GD_BODY id=4 off=5f0 380187b4abe1c2cc65ab2716fe399c18
N3GD_BODY id=4 off=600 46cab09910256559fffadcdf7c2b0448
N3GD_BODY id=4 off=610 a59c03c98d9cce0030ddcfcdc0468c04
N3GD_BODY id=4 off=620 b96514c061f4149cc03ea846022d684b
N3GD_BODY id=4 off=630 9596b09c57db80a6162fa6023ab6ebfb
N3GD_BODY id=4 off=640 70ad27e05b891705d19f54294069cacd
N3GD_BODY id=4 off=650 1d62375fff7ebdb6fc6c30a75e91510b
N3GD_BODY id=4 off=660 1a7aaa14b23401a9891e120e2b2b7b74
N3GD_BODY id=4 off=670 2d0098039cf869c0006701304acc0186
N3GD_BODY id=4 off=680 f74304d36000202007190addb9d2a00a
N3GD_BODY id=4 off=690 667b1a016814428300ef23485062f351
N3GD_BODY id=4 off=6a0 22033f87155ebef159ed0f01500e38b2
N3GD_BODY id=4 off=6b0 8fee383fdb9e60a8bdddddddf9cfadb6
N3GD_BODY id=4 off=6c0 e35c51e5c0ac05d058202f628242e681
N3GD_BODY id=4 off=6d0 135124b0803af25650c8200b836e2e07
N3GD_BODY id=4 off=6e0 35577cc05a9f17048170427c90d43b11
N3GD_BODY id=4 off=6f0 e0941d2e14871ad4064d92411319003f
N3GD_BODY id=4 off=700 0627df880250d25e5640a88c4e4b2402
N3GD_BODY id=4 off=710 be14c43d340b778b8d7887dc2a836461
N3GD_BODY id=4 off=720 6017012e00c8318080616a4a991cf257
N3GD_BODY id=4 off=730 a3eaeff0f604e86290cceb25e511b6ff
N3GD_BODY id=4 off=740 ff01dc90e03b89062c0014c0d312d807
N3GD_BODY id=4 off=750 0090c19202955abedd51500ea43afdd3
N3GD_BODY id=4 off=760 07df0a8503b781de5075c2547d65fdee
N3GD_BODY id=4 off=770 9193fe110220c1520872b9da1779deca
N3GD_BODY id=4 off=780 784a576a840fa05104030290a91a034b
N3GD_BODY id=4 off=790 38f9082b0e355f396164801b03633b2c
N3GD_BODY id=4 off=7a0 e77fe21d145e28b145c3986f9ffffaae
N3GD_BODY id=4 off=7b0 db7fc0ae0a411bcd86c016c389000959
N3GD_BODY id=4 off=7c0 a77344d7cafe3200aafff84099cc0290
N3GD_BODY id=4 off=7d0 1aa27c560128fedf4e1d22002c78a540
N3GD_BODY id=4 off=7e0 139258a1cd58ffa14000adc1a87e618c
N3GD_BODY id=4 off=7f0 5e1cc400087b106930bd1fcafee10823
N3GD_OOB id=4 off=000 78a41900c1d90000ff40ffffe5ab0668
N3GD_OOB id=4 off=010 0a52efac2207c7a22532dbc8686282cd
N3GD_OOB id=4 off=020 377bcde4a25178a6eb7c95b8b7fa1e2e
N3GD_OOB id=4 off=030 eddbaafff14d9b9ea7ce563d0b3c39de
N3GD_END id=4
N3GD_BEGIN id=5 kind=cand j=-1 v=0AA9 po=61 sl=4294967295 l0=00000000 host=0000A07E tgt=000140FC bank=1 pb=3154 pp=15 phy=403727 shift=4294967295 t=00 ix=0000 u=00000000 l=00000000
N3GD_BODY id=5 off=000 00000000000000000000000000000000
N3GD_BODY id=5 off=010 00000000000000000000000000000000
N3GD_BODY id=5 off=020 00000000000000000000000000000000
N3GD_BODY id=5 off=030 00000000000000000000000000000000
N3GD_BODY id=5 off=040 00000000000000000000000000000000
N3GD_BODY id=5 off=050 00000000000000000000000000000000
N3GD_BODY id=5 off=060 00000000000000000000000000000000
N3GD_BODY id=5 off=070 00000000000000000000000000000000
N3GD_BODY id=5 off=080 00000000000000000000000000000000
N3GD_BODY id=5 off=090 00000000000000000000000000000000
N3GD_BODY id=5 off=0a0 00000000000000000000000000000000
N3GD_BODY id=5 off=0b0 00000000000000000000000000000000
N3GD_BODY id=5 off=0c0 00000000000000000000000000000000
N3GD_BODY id=5 off=0d0 00000000000000000000000000000000
N3GD_BODY id=5 off=0e0 00000000000000000000000000000000
N3GD_BODY id=5 off=0f0 00000000000000000000000000000000
N3GD_BODY id=5 off=100 00000000000000000000000000000000
N3GD_BODY id=5 off=110 00000000000000000000000000000000
N3GD_BODY id=5 off=120 00000000000000000000000000000000
N3GD_BODY id=5 off=130 00000000000000000000000000000000
N3GD_BODY id=5 off=140 00000000000000000000000000000000
N3GD_BODY id=5 off=150 00000000000000000000000000000000
N3GD_BODY id=5 off=160 00000000000000000000000000000000
N3GD_BODY id=5 off=170 00000000000000000000000000000000
N3GD_BODY id=5 off=180 00000000000000000000000000000000
N3GD_BODY id=5 off=190 00000000000000000000000000000000
N3GD_BODY id=5 off=1a0 00000000000000000000000000000000
N3GD_BODY id=5 off=1b0 00000000000000000000000000000000
N3GD_BODY id=5 off=1c0 00000000000000000000000000000000
N3GD_BODY id=5 off=1d0 00000000000000000000000000000000
N3GD_BODY id=5 off=1e0 00000000000000000000000000000000
N3GD_BODY id=5 off=1f0 00000000000000000000000000000000
N3GD_BODY id=5 off=200 00000000000000000000000000000000
N3GD_BODY id=5 off=210 00000000000000000000000000000000
N3GD_BODY id=5 off=220 00000000000000000000000000000000
N3GD_BODY id=5 off=230 00000000000000000000000000000000
N3GD_BODY id=5 off=240 00000000000000000000000000000000
N3GD_BODY id=5 off=250 00000000000000000000000000000000
N3GD_BODY id=5 off=260 00000000000000000000000000000000
N3GD_BODY id=5 off=270 00000000000000000000000000000000
N3GD_BODY id=5 off=280 00000000000000000000000000000000
N3GD_BODY id=5 off=290 00000000000000000000000000000000
N3GD_BODY id=5 off=2a0 00000000000000000000000000000000
N3GD_BODY id=5 off=2b0 00000000000000000000000000000000
N3GD_BODY id=5 off=2c0 00000000000000000000000000000000
N3GD_BODY id=5 off=2d0 00000000000000000000000000000000
N3GD_BODY id=5 off=2e0 00000000000000000000000000000000
N3GD_BODY id=5 off=2f0 00000000000000000000000000000000
N3GD_BODY id=5 off=300 00000000000000000000000000000000
N3GD_BODY id=5 off=310 00000000000000000000000000000000
N3GD_BODY id=5 off=320 00000000000000000000000000000000
N3GD_BODY id=5 off=330 00000000000000000000000000000000
N3GD_BODY id=5 off=340 00000000000000000000000000000000
N3GD_BODY id=5 off=350 00000000000000000000000000000000
N3GD_BODY id=5 off=360 00000000000000000000000000000000
N3GD_BODY id=5 off=370 00000000000000000000000000000000
N3GD_BODY id=5 off=380 00000000000000000000000000000000
N3GD_BODY id=5 off=390 00000000000000000000000000000000
N3GD_BODY id=5 off=3a0 00000000000000000000000000000000
N3GD_BODY id=5 off=3b0 00000000000000000000000000000000
N3GD_BODY id=5 off=3c0 00000000000000000000000000000000
N3GD_BODY id=5 off=3d0 00000000000000000000000000000000
N3GD_BODY id=5 off=3e0 00000000000000000000000000000000
N3GD_BODY id=5 off=3f0 00000000000000000000000000000000
N3GD_BODY id=5 off=400 00000000000000000000000000000000
N3GD_BODY id=5 off=410 00000000000000000000000000000000
N3GD_BODY id=5 off=420 00000000000000000000000000000000
N3GD_BODY id=5 off=430 00000000000000000000000000000000
N3GD_BODY id=5 off=440 00000000000000000000000000000000
N3GD_BODY id=5 off=450 00000000000000000000000000000000
N3GD_BODY id=5 off=460 00000000000000000000000000000000
N3GD_BODY id=5 off=470 00000000000000000000000000000000
N3GD_BODY id=5 off=480 00000000000000000000000000000000
N3GD_BODY id=5 off=490 00000000000000000000000000000000
N3GD_BODY id=5 off=4a0 00000000000000000000000000000000
N3GD_BODY id=5 off=4b0 00000000000000000000000000000000
N3GD_BODY id=5 off=4c0 00000000000000000000000000000000
N3GD_BODY id=5 off=4d0 00000000000000000000000000000000
N3GD_BODY id=5 off=4e0 00000000000000000000000000000000
N3GD_BODY id=5 off=4f0 00000000000000000000000000000000
N3GD_BODY id=5 off=500 00000000000000000000000000000000
N3GD_BODY id=5 off=510 00000000000000000000000000000000
N3GD_BODY id=5 off=520 00000000000000000000000000000000
N3GD_BODY id=5 off=530 00000000000000000000000000000000
N3GD_BODY id=5 off=540 00000000000000000000000000000000
N3GD_BODY id=5 off=550 00000000000000000000000000000000
N3GD_BODY id=5 off=560 00000000000000000000000000000000
N3GD_BODY id=5 off=570 00000000000000000000000000000000
N3GD_BODY id=5 off=580 00000000000000000000000000000000
N3GD_BODY id=5 off=590 00000000000000000000000000000000
N3GD_BODY id=5 off=5a0 00000000000000000000000000000000
N3GD_BODY id=5 off=5b0 00000000000000000000000000000000
N3GD_BODY id=5 off=5c0 00000000000000000000000000000000
N3GD_BODY id=5 off=5d0 00000000000000000000000000000000
N3GD_BODY id=5 off=5e0 00000000000000000000000000000000
N3GD_BODY id=5 off=5f0 00000000000000000000000000000000
N3GD_BODY id=5 off=600 00000000000000000000000000000000
N3GD_BODY id=5 off=610 00000000000000000000000000000000
N3GD_BODY id=5 off=620 00000000000000000000000000000000
N3GD_BODY id=5 off=630 00000000000000000000000000000000
N3GD_BODY id=5 off=640 00000000000000000000000000000000
N3GD_BODY id=5 off=650 00000000000000000000000000000000
N3GD_BODY id=5 off=660 00000000000000000000000000000000
N3GD_BODY id=5 off=670 00000000000000000000000000000000
N3GD_BODY id=5 off=680 00000000000000000000000000000000
N3GD_BODY id=5 off=690 00000000000000000000000000000000
N3GD_BODY id=5 off=6a0 00000000000000000000000000000000
N3GD_BODY id=5 off=6b0 00000000000000000000000000000000
N3GD_BODY id=5 off=6c0 00000000000000000000000000000000
N3GD_BODY id=5 off=6d0 00000000000000000000000000000000
N3GD_BODY id=5 off=6e0 00000000000000000000000000000000
N3GD_BODY id=5 off=6f0 00000000000000000000000000000000
N3GD_BODY id=5 off=700 00000000000000000000000000000000
N3GD_BODY id=5 off=710 00000000000000000000000000000000
N3GD_BODY id=5 off=720 00000000000000000000000000000000
N3GD_BODY id=5 off=730 00000000000000000000000000000000
N3GD_BODY id=5 off=740 00000000000000000000000000000000
N3GD_BODY id=5 off=750 00000000000000000000000000000000
N3GD_BODY id=5 off=760 00000000000000000000000000000000
N3GD_BODY id=5 off=770 00000000000000000000000000000000
N3GD_BODY id=5 off=780 00000000000000000000000000000000
N3GD_BODY id=5 off=790 00000000000000000000000000000000
N3GD_BODY id=5 off=7a0 00000000000000000000000000000000
N3GD_BODY id=5 off=7b0 00000000000000000000000000000000
N3GD_BODY id=5 off=7c0 00000000000000000000000000000000
N3GD_BODY id=5 off=7d0 00000000000000000000000000000000
N3GD_BODY id=5 off=7e0 00000000000000000000000000000000
N3GD_BODY id=5 off=7f0 00000000000000000000000000000000
N3GD_OOB id=5 off=000 000000000000000000000000e5ab0668
N3GD_OOB id=5 off=010 0a52efac2207c7a22532dbc8686282cd
N3GD_OOB id=5 off=020 377bcde4a25178a6eb7c95b8b7fa1e2e
N3GD_OOB id=5 off=030 eddbaafff14d9b9ea7ce563d0b3c39de
N3GD_END id=5
N3GD_BEGIN id=6 kind=cand j=-1 v=0AA9 po=62 sl=4294967295 l0=00000000 host=0000A07E tgt=000140FC bank=2 pb=3154 pp=15 phy=403727 shift=4294967295 t=00 ix=0000 u=00000000 l=00000000
N3GD_BODY id=6 off=000 00000000000000000000000000000000
N3GD_BODY id=6 off=010 00000000000000000000000000000000
N3GD_BODY id=6 off=020 00000000000000000000000000000000
N3GD_BODY id=6 off=030 00000000000000000000000000000000
N3GD_BODY id=6 off=040 00000000000000000000000000000000
N3GD_BODY id=6 off=050 00000000000000000000000000000000
N3GD_BODY id=6 off=060 00000000000000000000000000000000
N3GD_BODY id=6 off=070 00000000000000000000000000000000
N3GD_BODY id=6 off=080 00000000000000000000000000000000
N3GD_BODY id=6 off=090 00000000000000000000000000000000
N3GD_BODY id=6 off=0a0 00000000000000000000000000000000
N3GD_BODY id=6 off=0b0 00000000000000000000000000000000
N3GD_BODY id=6 off=0c0 00000000000000000000000000000000
N3GD_BODY id=6 off=0d0 00000000000000000000000000000000
N3GD_BODY id=6 off=0e0 00000000000000000000000000000000
N3GD_BODY id=6 off=0f0 00000000000000000000000000000000
N3GD_BODY id=6 off=100 00000000000000000000000000000000
N3GD_BODY id=6 off=110 00000000000000000000000000000000
N3GD_BODY id=6 off=120 00000000000000000000000000000000
N3GD_BODY id=6 off=130 00000000000000000000000000000000
N3GD_BODY id=6 off=140 00000000000000000000000000000000
N3GD_BODY id=6 off=150 00000000000000000000000000000000
N3GD_BODY id=6 off=160 00000000000000000000000000000000
N3GD_BODY id=6 off=170 00000000000000000000000000000000
N3GD_BODY id=6 off=180 00000000000000000000000000000000
N3GD_BODY id=6 off=190 00000000000000000000000000000000
N3GD_BODY id=6 off=1a0 00000000000000000000000000000000
N3GD_BODY id=6 off=1b0 00000000000000000000000000000000
N3GD_BODY id=6 off=1c0 00000000000000000000000000000000
N3GD_BODY id=6 off=1d0 00000000000000000000000000000000
N3GD_BODY id=6 off=1e0 00000000000000000000000000000000
N3GD_BODY id=6 off=1f0 00000000000000000000000000000000
N3GD_BODY id=6 off=200 00000000000000000000000000000000
N3GD_BODY id=6 off=210 00000000000000000000000000000000
N3GD_BODY id=6 off=220 00000000000000000000000000000000
N3GD_BODY id=6 off=230 00000000000000000000000000000000
N3GD_BODY id=6 off=240 00000000000000000000000000000000
N3GD_BODY id=6 off=250 00000000000000000000000000000000
N3GD_BODY id=6 off=260 00000000000000000000000000000000
N3GD_BODY id=6 off=270 00000000000000000000000000000000
N3GD_BODY id=6 off=280 00000000000000000000000000000000
N3GD_BODY id=6 off=290 00000000000000000000000000000000
N3GD_BODY id=6 off=2a0 00000000000000000000000000000000
N3GD_BODY id=6 off=2b0 00000000000000000000000000000000
N3GD_BODY id=6 off=2c0 00000000000000000000000000000000
N3GD_BODY id=6 off=2d0 00000000000000000000000000000000
N3GD_BODY id=6 off=2e0 00000000000000000000000000000000
N3GD_BODY id=6 off=2f0 00000000000000000000000000000000
N3GD_BODY id=6 off=300 00000000000000000000000000000000
N3GD_BODY id=6 off=310 00000000000000000000000000000000
N3GD_BODY id=6 off=320 00000000000000000000000000000000
N3GD_BODY id=6 off=330 00000000000000000000000000000000
N3GD_BODY id=6 off=340 00000000000000000000000000000000
N3GD_BODY id=6 off=350 00000000000000000000000000000000
N3GD_BODY id=6 off=360 00000000000000000000000000000000
N3GD_BODY id=6 off=370 00000000000000000000000000000000
N3GD_BODY id=6 off=380 00000000000000000000000000000000
N3GD_BODY id=6 off=390 00000000000000000000000000000000
N3GD_BODY id=6 off=3a0 00000000000000000000000000000000
N3GD_BODY id=6 off=3b0 00000000000000000000000000000000
N3GD_BODY id=6 off=3c0 00000000000000000000000000000000
N3GD_BODY id=6 off=3d0 00000000000000000000000000000000
N3GD_BODY id=6 off=3e0 00000000000000000000000000000000
N3GD_BODY id=6 off=3f0 00000000000000000000000000000000
N3GD_BODY id=6 off=400 00000000000000000000000000000000
N3GD_BODY id=6 off=410 00000000000000000000000000000000
N3GD_BODY id=6 off=420 00000000000000000000000000000000
N3GD_BODY id=6 off=430 00000000000000000000000000000000
N3GD_BODY id=6 off=440 00000000000000000000000000000000
N3GD_BODY id=6 off=450 00000000000000000000000000000000
N3GD_BODY id=6 off=460 00000000000000000000000000000000
N3GD_BODY id=6 off=470 00000000000000000000000000000000
N3GD_BODY id=6 off=480 00000000000000000000000000000000
N3GD_BODY id=6 off=490 00000000000000000000000000000000
N3GD_BODY id=6 off=4a0 00000000000000000000000000000000
N3GD_BODY id=6 off=4b0 00000000000000000000000000000000
N3GD_BODY id=6 off=4c0 00000000000000000000000000000000
N3GD_BODY id=6 off=4d0 00000000000000000000000000000000
N3GD_BODY id=6 off=4e0 00000000000000000000000000000000
N3GD_BODY id=6 off=4f0 00000000000000000000000000000000
N3GD_BODY id=6 off=500 00000000000000000000000000000000
N3GD_BODY id=6 off=510 00000000000000000000000000000000
N3GD_BODY id=6 off=520 00000000000000000000000000000000
N3GD_BODY id=6 off=530 00000000000000000000000000000000
N3GD_BODY id=6 off=540 00000000000000000000000000000000
N3GD_BODY id=6 off=550 00000000000000000000000000000000
N3GD_BODY id=6 off=560 00000000000000000000000000000000
N3GD_BODY id=6 off=570 00000000000000000000000000000000
N3GD_BODY id=6 off=580 00000000000000000000000000000000
N3GD_BODY id=6 off=590 00000000000000000000000000000000
N3GD_BODY id=6 off=5a0 00000000000000000000000000000000
N3GD_BODY id=6 off=5b0 00000000000000000000000000000000
N3GD_BODY id=6 off=5c0 00000000000000000000000000000000
N3GD_BODY id=6 off=5d0 00000000000000000000000000000000
N3GD_BODY id=6 off=5e0 00000000000000000000000000000000
N3GD_BODY id=6 off=5f0 00000000000000000000000000000000
N3GD_BODY id=6 off=600 00000000000000000000000000000000
N3GD_BODY id=6 off=610 00000000000000000000000000000000
N3GD_BODY id=6 off=620 00000000000000000000000000000000
N3GD_BODY id=6 off=630 00000000000000000000000000000000
N3GD_BODY id=6 off=640 00000000000000000000000000000000
N3GD_BODY id=6 off=650 00000000000000000000000000000000
N3GD_BODY id=6 off=660 00000000000000000000000000000000
N3GD_BODY id=6 off=670 00000000000000000000000000000000
N3GD_BODY id=6 off=680 00000000000000000000000000000000
N3GD_BODY id=6 off=690 00000000000000000000000000000000
N3GD_BODY id=6 off=6a0 00000000000000000000000000000000
N3GD_BODY id=6 off=6b0 00000000000000000000000000000000
N3GD_BODY id=6 off=6c0 00000000000000000000000000000000
N3GD_BODY id=6 off=6d0 00000000000000000000000000000000
N3GD_BODY id=6 off=6e0 00000000000000000000000000000000
N3GD_BODY id=6 off=6f0 00000000000000000000000000000000
N3GD_BODY id=6 off=700 00000000000000000000000000000000
N3GD_BODY id=6 off=710 00000000000000000000000000000000
N3GD_BODY id=6 off=720 00000000000000000000000000000000
N3GD_BODY id=6 off=730 00000000000000000000000000000000
N3GD_BODY id=6 off=740 00000000000000000000000000000000
N3GD_BODY id=6 off=750 00000000000000000000000000000000
N3GD_BODY id=6 off=760 00000000000000000000000000000000
N3GD_BODY id=6 off=770 00000000000000000000000000000000
N3GD_BODY id=6 off=780 00000000000000000000000000000000
N3GD_BODY id=6 off=790 00000000000000000000000000000000
N3GD_BODY id=6 off=7a0 00000000000000000000000000000000
N3GD_BODY id=6 off=7b0 00000000000000000000000000000000
N3GD_BODY id=6 off=7c0 00000000000000000000000000000000
N3GD_BODY id=6 off=7d0 00000000000000000000000000000000
N3GD_BODY id=6 off=7e0 00000000000000000000000000000000
N3GD_BODY id=6 off=7f0 00000000000000000000000000000000
N3GD_OOB id=6 off=000 000000000000000000000000e5ab0668
N3GD_OOB id=6 off=010 0a52efac2207c7a22532dbc8686282cd
N3GD_OOB id=6 off=020 377bcde4a25178a6eb7c95b8b7fa1e2e
N3GD_OOB id=6 off=030 eddbaafff14d9b9ea7ce563d0b3c39de
N3GD_END id=6
N3GD_BEGIN id=7 kind=cand j=-1 v=0AA9 po=63 sl=4294967295 l0=00000000 host=0000A07E tgt=000140FC bank=3 pb=3154 pp=15 phy=403727 shift=4294967295 t=00 ix=0000 u=00000000 l=00000000
N3GD_BODY id=7 off=000 00000000000000000000000000000000
N3GD_BODY id=7 off=010 00000000000000000000000000000000
N3GD_BODY id=7 off=020 00000000000000000000000000000000
N3GD_BODY id=7 off=030 00000000000000000000000000000000
N3GD_BODY id=7 off=040 00000000000000000000000000000000
N3GD_BODY id=7 off=050 00000000000000000000000000000000
N3GD_BODY id=7 off=060 00000000000000000000000000000000
N3GD_BODY id=7 off=070 00000000000000000000000000000000
N3GD_BODY id=7 off=080 00000000000000000000000000000000
N3GD_BODY id=7 off=090 00000000000000000000000000000000
N3GD_BODY id=7 off=0a0 00000000000000000000000000000000
N3GD_BODY id=7 off=0b0 00000000000000000000000000000000
N3GD_BODY id=7 off=0c0 00000000000000000000000000000000
N3GD_BODY id=7 off=0d0 00000000000000000000000000000000
N3GD_BODY id=7 off=0e0 00000000000000000000000000000000
N3GD_BODY id=7 off=0f0 00000000000000000000000000000000
N3GD_BODY id=7 off=100 00000000000000000000000000000000
N3GD_BODY id=7 off=110 00000000000000000000000000000000
N3GD_BODY id=7 off=120 00000000000000000000000000000000
N3GD_BODY id=7 off=130 00000000000000000000000000000000
N3GD_BODY id=7 off=140 00000000000000000000000000000000
N3GD_BODY id=7 off=150 00000000000000000000000000000000
N3GD_BODY id=7 off=160 00000000000000000000000000000000
N3GD_BODY id=7 off=170 00000000000000000000000000000000
N3GD_BODY id=7 off=180 00000000000000000000000000000000
N3GD_BODY id=7 off=190 00000000000000000000000000000000
N3GD_BODY id=7 off=1a0 00000000000000000000000000000000
N3GD_BODY id=7 off=1b0 00000000000000000000000000000000
N3GD_BODY id=7 off=1c0 00000000000000000000000000000000
N3GD_BODY id=7 off=1d0 00000000000000000000000000000000
N3GD_BODY id=7 off=1e0 00000000000000000000000000000000
N3GD_BODY id=7 off=1f0 00000000000000000000000000000000
N3GD_BODY id=7 off=200 00000000000000000000000000000000
N3GD_BODY id=7 off=210 00000000000000000000000000000000
N3GD_BODY id=7 off=220 00000000000000000000000000000000
N3GD_BODY id=7 off=230 00000000000000000000000000000000
N3GD_BODY id=7 off=240 00000000000000000000000000000000
N3GD_BODY id=7 off=250 00000000000000000000000000000000
N3GD_BODY id=7 off=260 00000000000000000000000000000000
N3GD_BODY id=7 off=270 00000000000000000000000000000000
N3GD_BODY id=7 off=280 00000000000000000000000000000000
N3GD_BODY id=7 off=290 00000000000000000000000000000000
N3GD_BODY id=7 off=2a0 00000000000000000000000000000000
N3GD_BODY id=7 off=2b0 00000000000000000000000000000000
N3GD_BODY id=7 off=2c0 00000000000000000000000000000000
N3GD_BODY id=7 off=2d0 00000000000000000000000000000000
N3GD_BODY id=7 off=2e0 00000000000000000000000000000000
N3GD_BODY id=7 off=2f0 00000000000000000000000000000000
N3GD_BODY id=7 off=300 00000000000000000000000000000000
N3GD_BODY id=7 off=310 00000000000000000000000000000000
N3GD_BODY id=7 off=320 00000000000000000000000000000000
N3GD_BODY id=7 off=330 00000000000000000000000000000000
N3GD_BODY id=7 off=340 00000000000000000000000000000000
N3GD_BODY id=7 off=350 00000000000000000000000000000000
N3GD_BODY id=7 off=360 00000000000000000000000000000000
N3GD_BODY id=7 off=370 00000000000000000000000000000000
N3GD_BODY id=7 off=380 00000000000000000000000000000000
N3GD_BODY id=7 off=390 00000000000000000000000000000000
N3GD_BODY id=7 off=3a0 00000000000000000000000000000000
N3GD_BODY id=7 off=3b0 00000000000000000000000000000000
N3GD_BODY id=7 off=3c0 00000000000000000000000000000000
N3GD_BODY id=7 off=3d0 00000000000000000000000000000000
N3GD_BODY id=7 off=3e0 00000000000000000000000000000000
N3GD_BODY id=7 off=3f0 00000000000000000000000000000000
N3GD_BODY id=7 off=400 00000000000000000000000000000000
N3GD_BODY id=7 off=410 00000000000000000000000000000000
N3GD_BODY id=7 off=420 00000000000000000000000000000000
N3GD_BODY id=7 off=430 00000000000000000000000000000000
N3GD_BODY id=7 off=440 00000000000000000000000000000000
N3GD_BODY id=7 off=450 00000000000000000000000000000000
N3GD_BODY id=7 off=460 00000000000000000000000000000000
N3GD_BODY id=7 off=470 00000000000000000000000000000000
N3GD_BODY id=7 off=480 00000000000000000000000000000000
N3GD_BODY id=7 off=490 00000000000000000000000000000000
N3GD_BODY id=7 off=4a0 00000000000000000000000000000000
N3GD_BODY id=7 off=4b0 00000000000000000000000000000000
N3GD_BODY id=7 off=4c0 00000000000000000000000000000000
N3GD_BODY id=7 off=4d0 00000000000000000000000000000000
N3GD_BODY id=7 off=4e0 00000000000000000000000000000000
N3GD_BODY id=7 off=4f0 00000000000000000000000000000000
N3GD_BODY id=7 off=500 00000000000000000000000000000000
N3GD_BODY id=7 off=510 00000000000000000000000000000000
N3GD_BODY id=7 off=520 00000000000000000000000000000000
N3GD_BODY id=7 off=530 00000000000000000000000000000000
N3GD_BODY id=7 off=540 00000000000000000000000000000000
N3GD_BODY id=7 off=550 00000000000000000000000000000000
N3GD_BODY id=7 off=560 00000000000000000000000000000000
N3GD_BODY id=7 off=570 00000000000000000000000000000000
N3GD_BODY id=7 off=580 00000000000000000000000000000000
N3GD_BODY id=7 off=590 00000000000000000000000000000000
N3GD_BODY id=7 off=5a0 00000000000000000000000000000000
N3GD_BODY id=7 off=5b0 00000000000000000000000000000000
N3GD_BODY id=7 off=5c0 00000000000000000000000000000000
N3GD_BODY id=7 off=5d0 00000000000000000000000000000000
N3GD_BODY id=7 off=5e0 00000000000000000000000000000000
N3GD_BODY id=7 off=5f0 00000000000000000000000000000000
N3GD_BODY id=7 off=600 00000000000000000000000000000000
N3GD_BODY id=7 off=610 00000000000000000000000000000000
N3GD_BODY id=7 off=620 00000000000000000000000000000000
N3GD_BODY id=7 off=630 00000000000000000000000000000000
N3GD_BODY id=7 off=640 00000000000000000000000000000000
N3GD_BODY id=7 off=650 00000000000000000000000000000000
N3GD_BODY id=7 off=660 00000000000000000000000000000000
N3GD_BODY id=7 off=670 00000000000000000000000000000000
N3GD_BODY id=7 off=680 00000000000000000000000000000000
N3GD_BODY id=7 off=690 00000000000000000000000000000000
N3GD_BODY id=7 off=6a0 00000000000000000000000000000000
N3GD_BODY id=7 off=6b0 00000000000000000000000000000000
N3GD_BODY id=7 off=6c0 00000000000000000000000000000000
N3GD_BODY id=7 off=6d0 00000000000000000000000000000000
N3GD_BODY id=7 off=6e0 00000000000000000000000000000000
N3GD_BODY id=7 off=6f0 00000000000000000000000000000000
N3GD_BODY id=7 off=700 00000000000000000000000000000000
N3GD_BODY id=7 off=710 00000000000000000000000000000000
N3GD_BODY id=7 off=720 00000000000000000000000000000000
N3GD_BODY id=7 off=730 00000000000000000000000000000000
N3GD_BODY id=7 off=740 00000000000000000000000000000000
N3GD_BODY id=7 off=750 00000000000000000000000000000000
N3GD_BODY id=7 off=760 00000000000000000000000000000000
N3GD_BODY id=7 off=770 00000000000000000000000000000000
N3GD_BODY id=7 off=780 00000000000000000000000000000000
N3GD_BODY id=7 off=790 00000000000000000000000000000000
N3GD_BODY id=7 off=7a0 00000000000000000000000000000000
N3GD_BODY id=7 off=7b0 00000000000000000000000000000000
N3GD_BODY id=7 off=7c0 00000000000000000000000000000000
N3GD_BODY id=7 off=7d0 00000000000000000000000000000000
N3GD_BODY id=7 off=7e0 00000000000000000000000000000000
N3GD_BODY id=7 off=7f0 00000000000000000000000000000000
N3GD_OOB id=7 off=000 000000000000000000000000e5ab0668
N3GD_OOB id=7 off=010 0a52efac2207c7a22532dbc8686282cd
N3GD_OOB id=7 off=020 377bcde4a25178a6eb7c95b8b7fa1e2e
N3GD_OOB id=7 off=030 eddbaafff14d9b9ea7ce563d0b3c39de
N3GD_END id=7
N3GD_BEGIN id=8 kind=cand j=-1 v=0AA9 po=64 sl=4294967295 l0=0019A480 host=0000A07E tgt=000140FC bank=0 pb=3154 pp=16 phy=403728 shift=4294967295 t=40 ix=D9C1 u=0019A480 l=0019A480
N3GD_BODY id=8 off=000 d050d3956169d36fa03e8630f87ef2a7
N3GD_BODY id=8 off=010 c1420f87e1b20e5bc3c83f07907e99ee
N3GD_BODY id=8 off=020 42826bbe364396265b7a454aaa6c50c4
N3GD_BODY id=8 off=030 d62c42bf4b155c5a55c4f04f25a43046
N3GD_BODY id=8 off=040 27fffb5b4d265a826aaac4f05e2c72f8
N3GD_BODY id=8 off=050 b42b15e2b15fe0a228c578afc6a0c296
N3GD_BODY id=8 off=060 9fff26f162126b0247ff57ffd4a9f52a
N3GD_BODY id=8 off=070 f1898db58aee90eddc12557ebe9b7f00
N3GD_BODY id=8 off=080 0000150605110387f44ecd0a4bdca194
N3GD_BODY id=8 off=090 3ac3d49b171f018000002e0e21ee6d03
N3GD_BODY id=8 off=0a0 53ebfc67a9a0fe6561042c9007d2618b
N3GD_BODY id=8 off=0b0 690cdb07908130d3fe03de2035480eb3
N3GD_BODY id=8 off=0c0 21c47e3034400b035142e000b80db5f1
N3GD_BODY id=8 off=0d0 2382096236b4b021184144b802a7f1a1
N3GD_BODY id=8 off=0e0 46037d470f304cb7ceb8bc75aa603127
N3GD_BODY id=8 off=0f0 8188b0e2eed9e1105fe2c909beed6c06
N3GD_BODY id=8 off=100 c56c003060c1a11552c059468a607561
N3GD_BODY id=8 off=110 622083b67a0562840606794ffc68388e
N3GD_BODY id=8 off=120 867ec67be23e0352183604c5ea609481
N3GD_BODY id=8 off=130 07d228c0f88000402d4004c01410602e
N3GD_BODY id=8 off=140 8066c011fc1b97e1c5000c81cca3c280
N3GD_BODY id=8 off=150 748cfdfe3b2c0c7845b3c163b0aec917
N3GD_BODY id=8 off=160 1025f316280816f00e8100b2cb008134
N3GD_BODY id=8 off=170 700081b40e18a232cb2c2a065e2ac55c
N3GD_BODY id=8 off=180 3090047ebc3b17efffdb06eee25a1b58
N3GD_BODY id=8 off=190 0d6618603d989e24cf3908343b032954
N3GD_BODY id=8 off=1a0 3c4503c3cc4502282e3818b403714b4f
N3GD_BODY id=8 off=1b0 f8d052503baf0772f7871cbc1c72f7e0
N3GD_BODY id=8 off=1c0 29e7b50d7651610b6115db6fe33be33e
N3GD_BODY id=8 off=1d0 79b823581143ac1300b79e845b883cf6
N3GD_BODY id=8 off=1e0 2eb167bf827180e461ccea000131c280
N3GD_BODY id=8 off=1f0 007c04e1b78c0106080451e674032872
N3GD_BODY id=8 off=200 6004026ddfbe1568087e010658b9335d
N3GD_BODY id=8 off=210 a0b3d1bc228a1e4530078c6b2721b42b
N3GD_BODY id=8 off=220 29089f8d915982edc64af900aebb3440
N3GD_BODY id=8 off=230 36f10bf2004d1ebf077e78df997003a9
N3GD_BODY id=8 off=240 9024294806c1f811c593380a07415855
N3GD_BODY id=8 off=250 1f005b9107da608048e7683d8df00008
N3GD_BODY id=8 off=260 0219ffeb03f813c7287b4388b86fa240
N3GD_BODY id=8 off=270 02e0332130240cc331e7141e6c64a5a0
N3GD_BODY id=8 off=280 208fce269c409a70e887af005083ca1d
N3GD_BODY id=8 off=290 608ca32bb20aa170bb6424b4c6ebf0e7
N3GD_BODY id=8 off=2a0 007b047ad6027286cee17368aaf87520
N3GD_BODY id=8 off=2b0 0065a6800040efefc800020380013909
N3GD_BODY id=8 off=2c0 7fc135fb068c60602fbfc163818f3815
N3GD_BODY id=8 off=2d0 9cb0e90e59086f2c3a37960730c6d698
N3GD_BODY id=8 off=2e0 30d265d10ec30a011251994affc328ea
N3GD_BODY id=8 off=2f0 1aaf1159cb2b1cb6214b28414b2a114a
N3GD_BODY id=8 off=300 1b480010dc2549a1e42df828e0026843
N3GD_BODY id=8 off=310 efc13ef7b03444607f90016fc820b638
N3GD_BODY id=8 off=320 a865c00ff2c7e67070a1f1943f9743f2
N3GD_BODY id=8 off=330 8bf08426140ce54c9c3e4bf0e9200150
N3GD_BODY id=8 off=340 a8aa580bec7ed8e95a107dff8ba00e0b
N3GD_BODY id=8 off=350 209fcf0c2163503bc78cd666dcf09e82
N3GD_BODY id=8 off=360 01d33c396301f6c7ffff8604cb0c5a8f
N3GD_BODY id=8 off=370 7873724f8e77f00d18443a776e679cab
N3GD_BODY id=8 off=380 0d9169df5a70a7018ca51dbd75bb5e70
N3GD_BODY id=8 off=390 f065f338c40ec50dc5ea50a3f84531e5
N3GD_BODY id=8 off=3a0 1d232a6336dba78712326b8ffd11a7ff
N3GD_BODY id=8 off=3b0 e1217400847fca86f7c4099f0894129b
N3GD_BODY id=8 off=3c0 1f94c479b2e058567cbf7c4446ae361e
N3GD_BODY id=8 off=3d0 45d6dbc0757532169eb23224634b8b15
N3GD_BODY id=8 off=3e0 7c9bfcc18ba806b543db7341b06ab8d3
N3GD_BODY id=8 off=3f0 fc055044bb8146163936885114010a26
N3GD_BODY id=8 off=400 8d0cda9bff02aab8341341e2809a9d19
N3GD_BODY id=8 off=410 49e02b848b7e137baf4b96e1346000e7
N3GD_BODY id=8 off=420 e0a01aa161b16ca7df7007ba12943d81
N3GD_BODY id=8 off=430 4219478760e0a7831543a032713d40a0
N3GD_BODY id=8 off=440 7d8c843c22e283b1e37afe2c82faf8a1
N3GD_BODY id=8 off=450 100b4c67024f888e01c51c08d3800d5e
N3GD_BODY id=8 off=460 167760735802c740230197a1c67606b0
N3GD_BODY id=8 off=470 30328c0a15900200c48182e9f4b30a69
N3GD_BODY id=8 off=480 dd2411de400cb12864875da3307c2ae3
N3GD_BODY id=8 off=490 c0e98176616590040779a02813e85a0b
N3GD_BODY id=8 off=4a0 06e90fc3eb8273c02e142bb4c07fc177
N3GD_BODY id=8 off=4b0 9e00de9300083d0a13ce189e383fbe15
N3GD_BODY id=8 off=4c0 440251100862e6a604c8b730968c075f
N3GD_BODY id=8 off=4d0 e223868ff2750a33f15d894307311eba
N3GD_BODY id=8 off=4e0 303ed88b70ad5dc1d07cea110ddfe935
N3GD_BODY id=8 off=4f0 f5ff43460a7d7be91ace9fd443262d70
N3GD_BODY id=8 off=500 5f486d382e0350281148cb80d933620c
N3GD_BODY id=8 off=510 30259d1ccad8c2a8987231054e0a80cc
N3GD_BODY id=8 off=520 8a314e05103899602c1efbb00887f600
N3GD_BODY id=8 off=530 38035e606182d7c0beffee1bf87ba607
N3GD_BODY id=8 off=540 7bf06005c0808c0b3806a0124a2a611a
N3GD_BODY id=8 off=550 83bf1092ae91e31f6bc05e0ef5e1b245
N3GD_BODY id=8 off=560 a313e21b6d0cf27183d02e822170c409
N3GD_BODY id=8 off=570 103cc541f7ca9d0b10654141b9d8b08f
N3GD_BODY id=8 off=580 c6268c8d1fc5038c6a02837de0f54c0d
N3GD_BODY id=8 off=590 8a08190ea8038dc6b46631840760912c
N3GD_BODY id=8 off=5a0 885e3c60f5d09e001393307aa804cba8
N3GD_BODY id=8 off=5b0 0063206fffffe0085f048751cbcd5fc0
N3GD_BODY id=8 off=5c0 fc0dc162871e196c4ace43988480ee98
N3GD_BODY id=8 off=5d0 905bc0b6ef1ef90f7b9cc31c045010c1
N3GD_BODY id=8 off=5e0 8142cd48d182732ac7566a407454a9bd
N3GD_BODY id=8 off=5f0 ba7c0f204c3941839644989c77f8c5f8
N3GD_BODY id=8 off=600 c229851c2b65aff86260007e872d443d
N3GD_BODY id=8 off=610 938de9fcf49a80fe859cd072f3c600fa
N3GD_BODY id=8 off=620 bc38f38403b30c90bc3ffff73169b191
N3GD_BODY id=8 off=630 4631572c46b144e214f708ac0fc8e862
N3GD_BODY id=8 off=640 592197f3ef850c1b5aa8d0511460ffb7
N3GD_BODY id=8 off=650 5fc3890088ed4da5765f2d06377cfc78
N3GD_BODY id=8 off=660 e35b98f77d37fe194670a503f241bf8b
N3GD_BODY id=8 off=670 2fb6df0e22001e22c81b6a6385e4df82
N3GD_BODY id=8 off=680 8bb88c31630dfa6d01816b602b03003c
N3GD_BODY id=8 off=690 6c5ec3fc4ea0f5b5b67528e6e0703583
N3GD_BODY id=8 off=6a0 6f1d56bfc06404069811835aadea3cc5
N3GD_BODY id=8 off=6b0 18d48b38fe3b27270a8223633a83b494
N3GD_BODY id=8 off=6c0 29a40200070432c89d4fc71fe9a70db1
N3GD_BODY id=8 off=6d0 2000888372b30bea57bfdcec077c342a
N3GD_BODY id=8 off=6e0 0eebf8404a1086ae3ff844471c06830f
N3GD_BODY id=8 off=6f0 d960df17f03fe189cdfffe39a712d661
N3GD_BODY id=8 off=700 68800076042bf8c176cf15ac24e7d809
N3GD_BODY id=8 off=710 e48cc720281a70789e01fec3a17e04fe
N3GD_BODY id=8 off=720 31ce60d4216d8d0346503fcfe0234109
N3GD_BODY id=8 off=730 e6226d57fac637efa6ff5cf21c90d32d
N3GD_BODY id=8 off=740 18b052ac5a57c5af2e298506031b1321
N3GD_BODY id=8 off=750 6eb1688d38a1e7beb47c165cd4c7c8c2
N3GD_BODY id=8 off=760 4d806e36d54e38ebe64e75924953bf7e
N3GD_BODY id=8 off=770 42821389068caedf6c9b516ef3a1df8a
N3GD_BODY id=8 off=780 80da3a876d18b6030480236bff048f60
N3GD_BODY id=8 off=790 16085b228c0c3136884c625b7ff00d5b
N3GD_BODY id=8 off=7a0 6205c3172de50c240008c03570b63268
N3GD_BODY id=8 off=7b0 dd19b8f4de02bf3e05f862a12eb1b7a6
N3GD_BODY id=8 off=7c0 c1892018fa681c1bb426ec0927fffe58
N3GD_BODY id=8 off=7d0 9424f781a61c34c88117a4705a974006
N3GD_BODY id=8 off=7e0 0a0803e09899ba85327e05206c348f2b
N3GD_BODY id=8 off=7f0 000bdf358046e5d16c664609c2eb007b
N3GD_OOB id=8 off=000 80a41900c1d90000ff40ffffe5ab0668
N3GD_OOB id=8 off=010 0a52efac2207c7a22532dbc8686282cd
N3GD_OOB id=8 off=020 377bcde4a25178a6eb7c95b8b7fa1e2e
N3GD_OOB id=8 off=030 eddbaafff14d9b9ea7ce563d0b3c39de
N3GD_END id=8
N3GD_BEGIN id=9 kind=cand j=-1 v=0AA9 po=65 sl=4294967295 l0=00000000 host=0000A07E tgt=000140FC bank=1 pb=3154 pp=16 phy=403728 shift=4294967295 t=00 ix=0000 u=00000000 l=00000000
N3GD_BODY id=9 off=000 00000000000000000000000000000000
N3GD_BODY id=9 off=010 00000000000000000000000000000000
N3GD_BODY id=9 off=020 00000000000000000000000000000000
N3GD_BODY id=9 off=030 00000000000000000000000000000000
N3GD_BODY id=9 off=040 00000000000000000000000000000000
N3GD_BODY id=9 off=050 00000000000000000000000000000000
N3GD_BODY id=9 off=060 00000000000000000000000000000000
N3GD_BODY id=9 off=070 00000000000000000000000000000000
N3GD_BODY id=9 off=080 00000000000000000000000000000000
N3GD_BODY id=9 off=090 00000000000000000000000000000000
N3GD_BODY id=9 off=0a0 00000000000000000000000000000000
N3GD_BODY id=9 off=0b0 00000000000000000000000000000000
N3GD_BODY id=9 off=0c0 00000000000000000000000000000000
N3GD_BODY id=9 off=0d0 00000000000000000000000000000000
N3GD_BODY id=9 off=0e0 00000000000000000000000000000000
N3GD_BODY id=9 off=0f0 00000000000000000000000000000000
N3GD_BODY id=9 off=100 00000000000000000000000000000000
N3GD_BODY id=9 off=110 00000000000000000000000000000000
N3GD_BODY id=9 off=120 00000000000000000000000000000000
N3GD_BODY id=9 off=130 00000000000000000000000000000000
N3GD_BODY id=9 off=140 00000000000000000000000000000000
N3GD_BODY id=9 off=150 00000000000000000000000000000000
N3GD_BODY id=9 off=160 00000000000000000000000000000000
N3GD_BODY id=9 off=170 00000000000000000000000000000000
N3GD_BODY id=9 off=180 00000000000000000000000000000000
N3GD_BODY id=9 off=190 00000000000000000000000000000000
N3GD_BODY id=9 off=1a0 00000000000000000000000000000000
N3GD_BODY id=9 off=1b0 00000000000000000000000000000000
N3GD_BODY id=9 off=1c0 00000000000000000000000000000000
N3GD_BODY id=9 off=1d0 00000000000000000000000000000000
N3GD_BODY id=9 off=1e0 00000000000000000000000000000000
N3GD_BODY id=9 off=1f0 00000000000000000000000000000000
N3GD_BODY id=9 off=200 00000000000000000000000000000000
N3GD_BODY id=9 off=210 00000000000000000000000000000000
N3GD_BODY id=9 off=220 00000000000000000000000000000000
N3GD_BODY id=9 off=230 00000000000000000000000000000000
N3GD_BODY id=9 off=240 00000000000000000000000000000000
N3GD_BODY id=9 off=250 00000000000000000000000000000000
N3GD_BODY id=9 off=260 00000000000000000000000000000000
N3GD_BODY id=9 off=270 00000000000000000000000000000000
N3GD_BODY id=9 off=280 00000000000000000000000000000000
N3GD_BODY id=9 off=290 00000000000000000000000000000000
N3GD_BODY id=9 off=2a0 00000000000000000000000000000000
N3GD_BODY id=9 off=2b0 00000000000000000000000000000000
N3GD_BODY id=9 off=2c0 00000000000000000000000000000000
N3GD_BODY id=9 off=2d0 00000000000000000000000000000000
N3GD_BODY id=9 off=2e0 00000000000000000000000000000000
N3GD_BODY id=9 off=2f0 00000000000000000000000000000000
N3GD_BODY id=9 off=300 00000000000000000000000000000000
N3GD_BODY id=9 off=310 00000000000000000000000000000000
N3GD_BODY id=9 off=320 00000000000000000000000000000000
N3GD_BODY id=9 off=330 00000000000000000000000000000000
N3GD_BODY id=9 off=340 00000000000000000000000000000000
N3GD_BODY id=9 off=350 00000000000000000000000000000000
N3GD_BODY id=9 off=360 00000000000000000000000000000000
N3GD_BODY id=9 off=370 00000000000000000000000000000000
N3GD_BODY id=9 off=380 00000000000000000000000000000000
N3GD_BODY id=9 off=390 00000000000000000000000000000000
N3GD_BODY id=9 off=3a0 00000000000000000000000000000000
N3GD_BODY id=9 off=3b0 00000000000000000000000000000000
N3GD_BODY id=9 off=3c0 00000000000000000000000000000000
N3GD_BODY id=9 off=3d0 00000000000000000000000000000000
N3GD_BODY id=9 off=3e0 00000000000000000000000000000000
N3GD_BODY id=9 off=3f0 00000000000000000000000000000000
N3GD_BODY id=9 off=400 00000000000000000000000000000000
N3GD_BODY id=9 off=410 00000000000000000000000000000000
N3GD_BODY id=9 off=420 00000000000000000000000000000000
N3GD_BODY id=9 off=430 00000000000000000000000000000000
N3GD_BODY id=9 off=440 00000000000000000000000000000000
N3GD_BODY id=9 off=450 00000000000000000000000000000000
N3GD_BODY id=9 off=460 00000000000000000000000000000000
N3GD_BODY id=9 off=470 00000000000000000000000000000000
N3GD_BODY id=9 off=480 00000000000000000000000000000000
N3GD_BODY id=9 off=490 00000000000000000000000000000000
N3GD_BODY id=9 off=4a0 00000000000000000000000000000000
N3GD_BODY id=9 off=4b0 00000000000000000000000000000000
N3GD_BODY id=9 off=4c0 00000000000000000000000000000000
N3GD_BODY id=9 off=4d0 00000000000000000000000000000000
N3GD_BODY id=9 off=4e0 00000000000000000000000000000000
N3GD_BODY id=9 off=4f0 00000000000000000000000000000000
N3GD_BODY id=9 off=500 00000000000000000000000000000000
N3GD_BODY id=9 off=510 00000000000000000000000000000000
N3GD_BODY id=9 off=520 00000000000000000000000000000000
N3GD_BODY id=9 off=530 00000000000000000000000000000000
N3GD_BODY id=9 off=540 00000000000000000000000000000000
N3GD_BODY id=9 off=550 00000000000000000000000000000000
N3GD_BODY id=9 off=560 00000000000000000000000000000000
N3GD_BODY id=9 off=570 00000000000000000000000000000000
N3GD_BODY id=9 off=580 00000000000000000000000000000000
N3GD_BODY id=9 off=590 00000000000000000000000000000000
N3GD_BODY id=9 off=5a0 00000000000000000000000000000000
N3GD_BODY id=9 off=5b0 00000000000000000000000000000000
N3GD_BODY id=9 off=5c0 00000000000000000000000000000000
N3GD_BODY id=9 off=5d0 00000000000000000000000000000000
N3GD_BODY id=9 off=5e0 00000000000000000000000000000000
N3GD_BODY id=9 off=5f0 00000000000000000000000000000000
N3GD_BODY id=9 off=600 00000000000000000000000000000000
N3GD_BODY id=9 off=610 00000000000000000000000000000000
N3GD_BODY id=9 off=620 00000000000000000000000000000000
N3GD_BODY id=9 off=630 00000000000000000000000000000000
N3GD_BODY id=9 off=640 00000000000000000000000000000000
N3GD_BODY id=9 off=650 00000000000000000000000000000000
N3GD_BODY id=9 off=660 00000000000000000000000000000000
N3GD_BODY id=9 off=670 00000000000000000000000000000000
N3GD_BODY id=9 off=680 00000000000000000000000000000000
N3GD_BODY id=9 off=690 00000000000000000000000000000000
N3GD_BODY id=9 off=6a0 00000000000000000000000000000000
N3GD_BODY id=9 off=6b0 00000000000000000000000000000000
N3GD_BODY id=9 off=6c0 00000000000000000000000000000000
N3GD_BODY id=9 off=6d0 00000000000000000000000000000000
N3GD_BODY id=9 off=6e0 00000000000000000000000000000000
N3GD_BODY id=9 off=6f0 00000000000000000000000000000000
N3GD_BODY id=9 off=700 00000000000000000000000000000000
N3GD_BODY id=9 off=710 00000000000000000000000000000000
N3GD_BODY id=9 off=720 00000000000000000000000000000000
N3GD_BODY id=9 off=730 00000000000000000000000000000000
N3GD_BODY id=9 off=740 00000000000000000000000000000000
N3GD_BODY id=9 off=750 00000000000000000000000000000000
N3GD_BODY id=9 off=760 00000000000000000000000000000000
N3GD_BODY id=9 off=770 00000000000000000000000000000000
N3GD_BODY id=9 off=780 00000000000000000000000000000000
N3GD_BODY id=9 off=790 00000000000000000000000000000000
N3GD_BODY id=9 off=7a0 00000000000000000000000000000000
N3GD_BODY id=9 off=7b0 00000000000000000000000000000000
N3GD_BODY id=9 off=7c0 00000000000000000000000000000000
N3GD_BODY id=9 off=7d0 00000000000000000000000000000000
N3GD_BODY id=9 off=7e0 00000000000000000000000000000000
N3GD_BODY id=9 off=7f0 00000000000000000000000000000000
N3GD_OOB id=9 off=000 000000000000000000000000e5ab0668
N3GD_OOB id=9 off=010 0a52efac2207c7a22532dbc8686282cd
N3GD_OOB id=9 off=020 377bcde4a25178a6eb7c95b8b7fa1e2e
N3GD_OOB id=9 off=030 eddbaafff14d9b9ea7ce563d0b3c39de
N3GD_END id=9
N3GD_BEGIN id=10 kind=cand j=-1 v=0AA9 po=66 sl=4294967295 l0=00000000 host=0000A07E tgt=000140FC bank=2 pb=3154 pp=16 phy=403728 shift=4294967295 t=00 ix=0000 u=00000000 l=00000000
N3GD_BODY id=10 off=000 00000000000000000000000000000000
N3GD_BODY id=10 off=010 00000000000000000000000000000000
N3GD_BODY id=10 off=020 00000000000000000000000000000000
N3GD_BODY id=10 off=030 00000000000000000000000000000000
N3GD_BODY id=10 off=040 00000000000000000000000000000000
N3GD_BODY id=10 off=050 00000000000000000000000000000000
N3GD_BODY id=10 off=060 00000000000000000000000000000000
N3GD_BODY id=10 off=070 00000000000000000000000000000000
N3GD_BODY id=10 off=080 00000000000000000000000000000000
N3GD_BODY id=10 off=090 00000000000000000000000000000000
N3GD_BODY id=10 off=0a0 00000000000000000000000000000000
N3GD_BODY id=10 off=0b0 00000000000000000000000000000000
N3GD_BODY id=10 off=0c0 00000000000000000000000000000000
N3GD_BODY id=10 off=0d0 00000000000000000000000000000000
N3GD_BODY id=10 off=0e0 00000000000000000000000000000000
N3GD_BODY id=10 off=0f0 00000000000000000000000000000000
N3GD_BODY id=10 off=100 00000000000000000000000000000000
N3GD_BODY id=10 off=110 00000000000000000000000000000000
N3GD_BODY id=10 off=120 00000000000000000000000000000000
N3GD_BODY id=10 off=130 00000000000000000000000000000000
N3GD_BODY id=10 off=140 00000000000000000000000000000000
N3GD_BODY id=10 off=150 00000000000000000000000000000000
N3GD_BODY id=10 off=160 00000000000000000000000000000000
N3GD_BODY id=10 off=170 00000000000000000000000000000000
N3GD_BODY id=10 off=180 00000000000000000000000000000000
N3GD_BODY id=10 off=190 00000000000000000000000000000000
N3GD_BODY id=10 off=1a0 00000000000000000000000000000000
N3GD_BODY id=10 off=1b0 00000000000000000000000000000000
N3GD_BODY id=10 off=1c0 00000000000000000000000000000000
N3GD_BODY id=10 off=1d0 00000000000000000000000000000000
N3GD_BODY id=10 off=1e0 00000000000000000000000000000000
N3GD_BODY id=10 off=1f0 00000000000000000000000000000000
N3GD_BODY id=10 off=200 00000000000000000000000000000000
N3GD_BODY id=10 off=210 00000000000000000000000000000000
N3GD_BODY id=10 off=220 00000000000000000000000000000000
N3GD_BODY id=10 off=230 00000000000000000000000000000000
N3GD_BODY id=10 off=240 00000000000000000000000000000000
N3GD_BODY id=10 off=250 00000000000000000000000000000000
N3GD_BODY id=10 off=260 00000000000000000000000000000000
N3GD_BODY id=10 off=270 00000000000000000000000000000000
N3GD_BODY id=10 off=280 00000000000000000000000000000000
N3GD_BODY id=10 off=290 00000000000000000000000000000000
N3GD_BODY id=10 off=2a0 00000000000000000000000000000000
N3GD_BODY id=10 off=2b0 00000000000000000000000000000000
N3GD_BODY id=10 off=2c0 00000000000000000000000000000000
N3GD_BODY id=10 off=2d0 00000000000000000000000000000000
N3GD_BODY id=10 off=2e0 00000000000000000000000000000000
N3GD_BODY id=10 off=2f0 00000000000000000000000000000000
N3GD_BODY id=10 off=300 00000000000000000000000000000000
N3GD_BODY id=10 off=310 00000000000000000000000000000000
N3GD_BODY id=10 off=320 00000000000000000000000000000000
N3GD_BODY id=10 off=330 00000000000000000000000000000000
N3GD_BODY id=10 off=340 00000000000000000000000000000000
N3GD_BODY id=10 off=350 00000000000000000000000000000000
N3GD_BODY id=10 off=360 00000000000000000000000000000000
N3GD_BODY id=10 off=370 00000000000000000000000000000000
N3GD_BODY id=10 off=380 00000000000000000000000000000000
N3GD_BODY id=10 off=390 00000000000000000000000000000000
N3GD_BODY id=10 off=3a0 00000000000000000000000000000000
N3GD_BODY id=10 off=3b0 00000000000000000000000000000000
N3GD_BODY id=10 off=3c0 00000000000000000000000000000000
N3GD_BODY id=10 off=3d0 00000000000000000000000000000000
N3GD_BODY id=10 off=3e0 00000000000000000000000000000000
N3GD_BODY id=10 off=3f0 00000000000000000000000000000000
N3GD_BODY id=10 off=400 00000000000000000000000000000000
N3GD_BODY id=10 off=410 00000000000000000000000000000000
N3GD_BODY id=10 off=420 00000000000000000000000000000000
N3GD_BODY id=10 off=430 00000000000000000000000000000000
N3GD_BODY id=10 off=440 00000000000000000000000000000000
N3GD_BODY id=10 off=450 00000000000000000000000000000000
N3GD_BODY id=10 off=460 00000000000000000000000000000000
N3GD_BODY id=10 off=470 00000000000000000000000000000000
N3GD_BODY id=10 off=480 00000000000000000000000000000000
N3GD_BODY id=10 off=490 00000000000000000000000000000000
N3GD_BODY id=10 off=4a0 00000000000000000000000000000000
N3GD_BODY id=10 off=4b0 00000000000000000000000000000000
N3GD_BODY id=10 off=4c0 00000000000000000000000000000000
N3GD_BODY id=10 off=4d0 00000000000000000000000000000000
N3GD_BODY id=10 off=4e0 00000000000000000000000000000000
N3GD_BODY id=10 off=4f0 00000000000000000000000000000000
N3GD_BODY id=10 off=500 00000000000000000000000000000000
N3GD_BODY id=10 off=510 00000000000000000000000000000000
N3GD_BODY id=10 off=520 00000000000000000000000000000000
N3GD_BODY id=10 off=530 00000000000000000000000000000000
N3GD_BODY id=10 off=540 00000000000000000000000000000000
N3GD_BODY id=10 off=550 00000000000000000000000000000000
N3GD_BODY id=10 off=560 00000000000000000000000000000000
N3GD_BODY id=10 off=570 00000000000000000000000000000000
N3GD_BODY id=10 off=580 00000000000000000000000000000000
N3GD_BODY id=10 off=590 00000000000000000000000000000000
N3GD_BODY id=10 off=5a0 00000000000000000000000000000000
N3GD_BODY id=10 off=5b0 00000000000000000000000000000000
N3GD_BODY id=10 off=5c0 00000000000000000000000000000000
N3GD_BODY id=10 off=5d0 00000000000000000000000000000000
N3GD_BODY id=10 off=5e0 00000000000000000000000000000000
N3GD_BODY id=10 off=5f0 00000000000000000000000000000000
N3GD_BODY id=10 off=600 00000000000000000000000000000000
N3GD_BODY id=10 off=610 00000000000000000000000000000000
N3GD_BODY id=10 off=620 00000000000000000000000000000000
N3GD_BODY id=10 off=630 00000000000000000000000000000000
N3GD_BODY id=10 off=640 00000000000000000000000000000000
N3GD_BODY id=10 off=650 00000000000000000000000000000000
N3GD_BODY id=10 off=660 00000000000000000000000000000000
N3GD_BODY id=10 off=670 00000000000000000000000000000000
N3GD_BODY id=10 off=680 00000000000000000000000000000000
N3GD_BODY id=10 off=690 00000000000000000000000000000000
N3GD_BODY id=10 off=6a0 00000000000000000000000000000000
N3GD_BODY id=10 off=6b0 00000000000000000000000000000000
N3GD_BODY id=10 off=6c0 00000000000000000000000000000000
N3GD_BODY id=10 off=6d0 00000000000000000000000000000000
N3GD_BODY id=10 off=6e0 00000000000000000000000000000000
N3GD_BODY id=10 off=6f0 00000000000000000000000000000000
N3GD_BODY id=10 off=700 00000000000000000000000000000000
N3GD_BODY id=10 off=710 00000000000000000000000000000000
N3GD_BODY id=10 off=720 00000000000000000000000000000000
N3GD_BODY id=10 off=730 00000000000000000000000000000000
N3GD_BODY id=10 off=740 00000000000000000000000000000000
N3GD_BODY id=10 off=750 00000000000000000000000000000000
N3GD_BODY id=10 off=760 00000000000000000000000000000000
N3GD_BODY id=10 off=770 00000000000000000000000000000000
N3GD_BODY id=10 off=780 00000000000000000000000000000000
N3GD_BODY id=10 off=790 00000000000000000000000000000000
N3GD_BODY id=10 off=7a0 00000000000000000000000000000000
N3GD_BODY id=10 off=7b0 00000000000000000000000000000000
N3GD_BODY id=10 off=7c0 00000000000000000000000000000000
N3GD_BODY id=10 off=7d0 00000000000000000000000000000000
N3GD_BODY id=10 off=7e0 00000000000000000000000000000000
N3GD_BODY id=10 off=7f0 00000000000000000000000000000000
N3GD_OOB id=10 off=000 000000000000000000000000e5ab0668
N3GD_OOB id=10 off=010 0a52efac2207c7a22532dbc8686282cd
N3GD_OOB id=10 off=020 377bcde4a25178a6eb7c95b8b7fa1e2e
N3GD_OOB id=10 off=030 eddbaafff14d9b9ea7ce563d0b3c39de
N3GD_END id=10
N3GD_BEGIN id=11 kind=cand j=-1 v=0AA9 po=67 sl=4294967295 l0=00000000 host=0000A07E tgt=000140FC bank=3 pb=3154 pp=16 phy=403728 shift=4294967295 t=00 ix=0000 u=00000000 l=00000000
N3GD_BODY id=11 off=000 00000000000000000000000000000000
N3GD_BODY id=11 off=010 00000000000000000000000000000000
N3GD_BODY id=11 off=020 00000000000000000000000000000000
N3GD_BODY id=11 off=030 00000000000000000000000000000000
N3GD_BODY id=11 off=040 00000000000000000000000000000000
N3GD_BODY id=11 off=050 00000000000000000000000000000000
N3GD_BODY id=11 off=060 00000000000000000000000000000000
N3GD_BODY id=11 off=070 00000000000000000000000000000000
N3GD_BODY id=11 off=080 00000000000000000000000000000000
N3GD_BODY id=11 off=090 00000000000000000000000000000000
N3GD_BODY id=11 off=0a0 00000000000000000000000000000000
N3GD_BODY id=11 off=0b0 00000000000000000000000000000000
N3GD_BODY id=11 off=0c0 00000000000000000000000000000000
N3GD_BODY id=11 off=0d0 00000000000000000000000000000000
N3GD_BODY id=11 off=0e0 00000000000000000000000000000000
N3GD_BODY id=11 off=0f0 00000000000000000000000000000000
N3GD_BODY id=11 off=100 00000000000000000000000000000000
N3GD_BODY id=11 off=110 00000000000000000000000000000000
N3GD_BODY id=11 off=120 00000000000000000000000000000000
N3GD_BODY id=11 off=130 00000000000000000000000000000000
N3GD_BODY id=11 off=140 00000000000000000000000000000000
N3GD_BODY id=11 off=150 00000000000000000000000000000000
N3GD_BODY id=11 off=160 00000000000000000000000000000000
N3GD_BODY id=11 off=170 00000000000000000000000000000000
N3GD_BODY id=11 off=180 00000000000000000000000000000000
N3GD_BODY id=11 off=190 00000000000000000000000000000000
N3GD_BODY id=11 off=1a0 00000000000000000000000000000000
N3GD_BODY id=11 off=1b0 00000000000000000000000000000000
N3GD_BODY id=11 off=1c0 00000000000000000000000000000000
N3GD_BODY id=11 off=1d0 00000000000000000000000000000000
N3GD_BODY id=11 off=1e0 00000000000000000000000000000000
N3GD_BODY id=11 off=1f0 00000000000000000000000000000000
N3GD_BODY id=11 off=200 00000000000000000000000000000000
N3GD_BODY id=11 off=210 00000000000000000000000000000000
N3GD_BODY id=11 off=220 00000000000000000000000000000000
N3GD_BODY id=11 off=230 00000000000000000000000000000000
N3GD_BODY id=11 off=240 00000000000000000000000000000000
N3GD_BODY id=11 off=250 00000000000000000000000000000000
N3GD_BODY id=11 off=260 00000000000000000000000000000000
N3GD_BODY id=11 off=270 00000000000000000000000000000000
N3GD_BODY id=11 off=280 00000000000000000000000000000000
N3GD_BODY id=11 off=290 00000000000000000000000000000000
N3GD_BODY id=11 off=2a0 00000000000000000000000000000000
N3GD_BODY id=11 off=2b0 00000000000000000000000000000000
N3GD_BODY id=11 off=2c0 00000000000000000000000000000000
N3GD_BODY id=11 off=2d0 00000000000000000000000000000000
N3GD_BODY id=11 off=2e0 00000000000000000000000000000000
N3GD_BODY id=11 off=2f0 00000000000000000000000000000000
N3GD_BODY id=11 off=300 00000000000000000000000000000000
N3GD_BODY id=11 off=310 00000000000000000000000000000000
N3GD_BODY id=11 off=320 00000000000000000000000000000000
N3GD_BODY id=11 off=330 00000000000000000000000000000000
N3GD_BODY id=11 off=340 00000000000000000000000000000000
N3GD_BODY id=11 off=350 00000000000000000000000000000000
N3GD_BODY id=11 off=360 00000000000000000000000000000000
N3GD_BODY id=11 off=370 00000000000000000000000000000000
N3GD_BODY id=11 off=380 00000000000000000000000000000000
N3GD_BODY id=11 off=390 00000000000000000000000000000000
N3GD_BODY id=11 off=3a0 00000000000000000000000000000000
N3GD_BODY id=11 off=3b0 00000000000000000000000000000000
N3GD_BODY id=11 off=3c0 00000000000000000000000000000000
N3GD_BODY id=11 off=3d0 00000000000000000000000000000000
N3GD_BODY id=11 off=3e0 00000000000000000000000000000000
N3GD_BODY id=11 off=3f0 00000000000000000000000000000000
N3GD_BODY id=11 off=400 00000000000000000000000000000000
N3GD_BODY id=11 off=410 00000000000000000000000000000000
N3GD_BODY id=11 off=420 00000000000000000000000000000000
N3GD_BODY id=11 off=430 00000000000000000000000000000000
N3GD_BODY id=11 off=440 00000000000000000000000000000000
N3GD_BODY id=11 off=450 00000000000000000000000000000000
N3GD_BODY id=11 off=460 00000000000000000000000000000000
N3GD_BODY id=11 off=470 00000000000000000000000000000000
N3GD_BODY id=11 off=480 00000000000000000000000000000000
N3GD_BODY id=11 off=490 00000000000000000000000000000000
N3GD_BODY id=11 off=4a0 00000000000000000000000000000000
N3GD_BODY id=11 off=4b0 00000000000000000000000000000000
N3GD_BODY id=11 off=4c0 00000000000000000000000000000000
N3GD_BODY id=11 off=4d0 00000000000000000000000000000000
N3GD_BODY id=11 off=4e0 00000000000000000000000000000000
N3GD_BODY id=11 off=4f0 00000000000000000000000000000000
N3GD_BODY id=11 off=500 00000000000000000000000000000000
N3GD_BODY id=11 off=510 00000000000000000000000000000000
N3GD_BODY id=11 off=520 00000000000000000000000000000000
N3GD_BODY id=11 off=530 00000000000000000000000000000000
N3GD_BODY id=11 off=540 00000000000000000000000000000000
N3GD_BODY id=11 off=550 00000000000000000000000000000000
N3GD_BODY id=11 off=560 00000000000000000000000000000000
N3GD_BODY id=11 off=570 00000000000000000000000000000000
N3GD_BODY id=11 off=580 00000000000000000000000000000000
N3GD_BODY id=11 off=590 00000000000000000000000000000000
N3GD_BODY id=11 off=5a0 00000000000000000000000000000000
N3GD_BODY id=11 off=5b0 00000000000000000000000000000000
N3GD_BODY id=11 off=5c0 00000000000000000000000000000000
N3GD_BODY id=11 off=5d0 00000000000000000000000000000000
N3GD_BODY id=11 off=5e0 00000000000000000000000000000000
N3GD_BODY id=11 off=5f0 00000000000000000000000000000000
N3GD_BODY id=11 off=600 00000000000000000000000000000000
N3GD_BODY id=11 off=610 00000000000000000000000000000000
N3GD_BODY id=11 off=620 00000000000000000000000000000000
N3GD_BODY id=11 off=630 00000000000000000000000000000000
N3GD_BODY id=11 off=640 00000000000000000000000000000000
N3GD_BODY id=11 off=650 00000000000000000000000000000000
N3GD_BODY id=11 off=660 00000000000000000000000000000000
N3GD_BODY id=11 off=670 00000000000000000000000000000000
N3GD_BODY id=11 off=680 00000000000000000000000000000000
N3GD_BODY id=11 off=690 00000000000000000000000000000000
N3GD_BODY id=11 off=6a0 00000000000000000000000000000000
N3GD_BODY id=11 off=6b0 00000000000000000000000000000000
N3GD_BODY id=11 off=6c0 00000000000000000000000000000000
N3GD_BODY id=11 off=6d0 00000000000000000000000000000000
N3GD_BODY id=11 off=6e0 00000000000000000000000000000000
N3GD_BODY id=11 off=6f0 00000000000000000000000000000000
N3GD_BODY id=11 off=700 00000000000000000000000000000000
N3GD_BODY id=11 off=710 00000000000000000000000000000000
N3GD_BODY id=11 off=720 00000000000000000000000000000000
N3GD_BODY id=11 off=730 00000000000000000000000000000000
N3GD_BODY id=11 off=740 00000000000000000000000000000000
N3GD_BODY id=11 off=750 00000000000000000000000000000000
N3GD_BODY id=11 off=760 00000000000000000000000000000000
N3GD_BODY id=11 off=770 00000000000000000000000000000000
N3GD_BODY id=11 off=780 00000000000000000000000000000000
N3GD_BODY id=11 off=790 00000000000000000000000000000000
N3GD_BODY id=11 off=7a0 00000000000000000000000000000000
N3GD_BODY id=11 off=7b0 00000000000000000000000000000000
N3GD_BODY id=11 off=7c0 00000000000000000000000000000000
N3GD_BODY id=11 off=7d0 00000000000000000000000000000000
N3GD_BODY id=11 off=7e0 00000000000000000000000000000000
N3GD_BODY id=11 off=7f0 00000000000000000000000000000000
N3GD_OOB id=11 off=000 000000000000000000000000e5ab0668
N3GD_OOB id=11 off=010 0a52efac2207c7a22532dbc8686282cd
N3GD_OOB id=11 off=020 377bcde4a25178a6eb7c95b8b7fa1e2e
N3GD_OOB id=11 off=030 eddbaafff14d9b9ea7ce563d0b3c39de
N3GD_END id=11
N3GD_BEGIN id=12 kind=cand j=-1 v=0AA9 po=68 sl=1 l0=0019A488 host=0000A07E tgt=000140FC bank=0 pb=3154 pp=17 phy=403729 shift=-24 t=40 ix=D9C1 u=0019A488 l=0019A488
N3GD_BODY id=12 off=000 651c553ac40c72584ce909d003a2ac4a
N3GD_BODY id=12 off=010 029725014b84c0004500f500d3400cd9
N3GD_BODY id=12 off=020 82570133c3d1600e3c3e067abfffedb6
N3GD_BODY id=12 off=030 300443a1e2b6c5754d6127076d1b63af
N3GD_BODY id=12 off=040 27f8c71f647d7992ef32feb32cbd7a5e
N3GD_BODY id=12 off=050 fa7fc413c0fa55d7970e44000750bd94
N3GD_BODY id=12 off=060 f3a2838c7ff5e0d2ee4713b95a8d2aac
N3GD_BODY id=12 off=070 01194a02a5b34153cc3de68700a26351
N3GD_BODY id=12 off=080 d800c3018b5d866d7c6a1e0dc4f8bd7e
N3GD_BODY id=12 off=090 19240fc0ed156b9ff0e5debe88fb0c40
N3GD_BODY id=12 off=0a0 c5a1289c030c0a50063fe14e360f7263
N3GD_BODY id=12 off=0b0 07041030f1ebcd8bce57b12ec293d6cc
N3GD_BODY id=12 off=0c0 6033617214015eba8f0d847e26cb0366
N3GD_BODY id=12 off=0d0 d8fc0fcf2ba01c07f0160b20e85d38e0
N3GD_BODY id=12 off=0e0 31a7094a3d38196e0fab13ede9ac3a42
N3GD_BODY id=12 off=0f0 0007b240fd86d5f57ffbd7d0003f43a6
N3GD_BODY id=12 off=100 b5f0ab81ac0248462909a408d868b2d3
N3GD_BODY id=12 off=110 b6dfe1d220052136ce4414a451af7ae8
N3GD_BODY id=12 off=120 009233e05ca825dfd60e27cd1cd995eb
N3GD_BODY id=12 off=130 bfaf7f854ecf151816636257ec6911dd
N3GD_BODY id=12 off=140 6bf0d11000c3336ad834be6bd3435562
N3GD_BODY id=12 off=150 6252cbdcd1f84250fc1542f226c6928e
N3GD_BODY id=12 off=160 0179fa2779803f42ed709ec6a2d56bba
N3GD_BODY id=12 off=170 c001ccdb1942332e51ab75b77c57dff3
N3GD_BODY id=12 off=180 2836d620c1e201d75537fcb681109540
N3GD_BODY id=12 off=190 6e39fb0bd01a361a0371abb6bdb7241c
N3GD_BODY id=12 off=1a0 ffbb6ef872400258230ed221e3562362
N3GD_BODY id=12 off=1b0 87c6948cca70871adba5269ff7671e02
N3GD_BODY id=12 off=1c0 0baa9d103672c88c3dee3c8f5f068920
N3GD_BODY id=12 off=1d0 d33903c51e84070e03ce18c49e27c468
N3GD_BODY id=12 off=1e0 7fbbcbe1b890033774f09fdf8ff7d76c
N3GD_BODY id=12 off=1f0 0fafc300020a0f0c053494ac8e971dba
N3GD_BODY id=12 off=200 69b7f082c184b9ba65ff84214151576c
N3GD_BODY id=12 off=210 bb93b72e41efdb1145e19dde2d09c3a4
N3GD_BODY id=12 off=220 17d8e3d7a1d952e60469b15c57f0bb30
N3GD_BODY id=12 off=230 3528632af5708896fcd60daed223f03c
N3GD_BODY id=12 off=240 6d816db1c4e1138150ef01003c28c8d2
N3GD_BODY id=12 off=250 e52f07a971755792fceb2634667c6a02
N3GD_BODY id=12 off=260 ac34ca088693fcf9d8449a7c18d7251a
N3GD_BODY id=12 off=270 e0c143150d90801ccf1a145384dd5793
N3GD_BODY id=12 off=280 03a76ee580e583c4be25e3feaebf0dd0
N3GD_BODY id=12 off=290 005ce0aad70399fa533fbcafea7bed1f
N3GD_BODY id=12 off=2a0 bc6818890ba924c0a448f0e04001e6d0
N3GD_BODY id=12 off=2b0 5593c07000d809e7c17869340dc17175
N3GD_BODY id=12 off=2c0 17f8699c0461d98009f9fedfbfd180e1
N3GD_BODY id=12 off=2d0 270b95471aebff51afe66bfad2bf0629
N3GD_BODY id=12 off=2e0 77fabf052958e19824aaacaa310a4be6
N3GD_BODY id=12 off=2f0 5fd47b5043798f116c53bbfe1c509505
N3GD_BODY id=12 off=300 87fe097ffc4f04bad7e1824619096082
N3GD_BODY id=12 off=310 ddced8fae932be5bccf6cde6fe0a0609
N3GD_BODY id=12 off=320 90c3400af6a38f10007011ded10fad85
N3GD_BODY id=12 off=330 2683b3c7449c981c63c3e4e1b718a849
N3GD_BODY id=12 off=340 9410b20c1bf03d0ddeff0e108002e70a
N3GD_BODY id=12 off=350 bb1ed08d3f9fb9601af236c583c3f711
N3GD_BODY id=12 off=360 c17f0d0da0790e25ee7bf558709004fc
N3GD_BODY id=12 off=370 471b0644067e67f071f897b22bb9bcbf
N3GD_BODY id=12 off=380 103c816f7cfba09a3e0e426064d447c4
N3GD_BODY id=12 off=390 7ddcfe1d45098f433798911b1297eca5
N3GD_BODY id=12 off=3a0 7ff82018d0af6dbfe0b06471ca67fd65
N3GD_BODY id=12 off=3b0 37311251acd1ec287bdb3408408609d8
N3GD_BODY id=12 off=3c0 f2c9562200cc15ef8f50c9d9630ed013
N3GD_BODY id=12 off=3d0 0a988870591b699a2afff0b750bf3564
N3GD_BODY id=12 off=3e0 ae6a007d4a097d4169f4502489c09610
N3GD_BODY id=12 off=3f0 561a3f80984724062accb039be280249
N3GD_BODY id=12 off=400 5bfd30ac196c788acc4fd7e172300423
N3GD_BODY id=12 off=410 40347640a366d682455b29cc51f3de38
N3GD_BODY id=12 off=420 e650201c1e7ce971000184fe0343d570
N3GD_BODY id=12 off=430 62389ffc600288a129d03126b2db7aff
N3GD_BODY id=12 off=440 e0a454919749c1ce0defedde7f32123b
N3GD_BODY id=12 off=450 3f0cc355731371b9b7bfc3642008bde5
N3GD_BODY id=12 off=460 8637eea25e87b02881684c3a37dcf000
N3GD_BODY id=12 off=470 2940ec0f407400280718003d3d7232eb
N3GD_BODY id=12 off=480 5fc79865b05099007687518f027a63eb
N3GD_BODY id=12 off=490 7a30f265005316e8c2b7c3cca122048f
N3GD_BODY id=12 off=4a0 946b928ab9f5572e80e3e2f17fc2ec80
N3GD_BODY id=12 off=4b0 340651e8390b4ed81bddb3f6c65b1ef3
N3GD_BODY id=12 off=4c0 f4770c38005b4035d440d31b969dbe95
N3GD_BODY id=12 off=4d0 fe7054bb0f2501d4f87606e0e4143cb9
N3GD_BODY id=12 off=4e0 89f740004ec1a01a74000cdaf8759401
N3GD_BODY id=12 off=4f0 de7c5872a97de7c6fdfa6a2e745126e4
N3GD_BODY id=12 off=500 85104c129445c4f449e5ff0d920049c6
N3GD_BODY id=12 off=510 76d8026d5b7b6de5b8afe19681dafcab
N3GD_BODY id=12 off=520 b3ff8e6c2c1f715e3318648ef07295f1
N3GD_BODY id=12 off=530 8a0f57f31389905e451aa3ad351df885
N3GD_BODY id=12 off=540 086cc5011d3c4451c77bfc66097d32a3
N3GD_BODY id=12 off=550 01c3490012d6c98ba29f7f65e583a116
N3GD_BODY id=12 off=560 e587a8012565a0023f981df93f852f9e
N3GD_BODY id=12 off=570 34f928e0bcbbf5061507f37076f3797d
N3GD_BODY id=12 off=580 e192300634031be4f55f9de140712730
N3GD_BODY id=12 off=590 6d3dee2b4770e9186123ede7ffe04ad9
N3GD_BODY id=12 off=5a0 fc57f0e91000fdd089a6105aa0acac48
N3GD_BODY id=12 off=5b0 0f024e9f88fc5dbf0d9800b0bafc3761
N3GD_BODY id=12 off=5c0 008cefdffdbe0c507625fff8ecb691f0
N3GD_BODY id=12 off=5d0 802c1d93ddeecfa3cf2d2f60b059fa8c
N3GD_BODY id=12 off=5e0 6b03059710c01c4ec17e0b2c480ddc35
N3GD_BODY id=12 off=5f0 bd18084b0dc419c03703ffb11461be61
N3GD_BODY id=12 off=600 d220021e8040ad5e208706cd6eafaf9b
N3GD_BODY id=12 off=610 c39dcac510f78503db40071e14ea1629
N3GD_BODY id=12 off=620 871d9a9a9f3003733683b0838c7f27f8
N3GD_BODY id=12 off=630 5dc0070ce40fc95f12e21b8f20c9b03d
N3GD_BODY id=12 off=640 fd4def40f807c058f083c2acc3e14b04
N3GD_BODY id=12 off=650 8826b9fe3cfc2347ef7dfe947e0720e8
N3GD_BODY id=12 off=660 d202245c3990005f124a376559f8ede1
N3GD_BODY id=12 off=670 46b1f76c54973f9dadb7fe2d82c61deb
N3GD_BODY id=12 off=680 d69aa7b9528dcd4c94530fe0a03261c7
N3GD_BODY id=12 off=690 08b55feb5fea70180af4d3e17240e032
N3GD_BODY id=12 off=6a0 c070eb4c7e9270a0aeedb87e2c3b9c18
N3GD_BODY id=12 off=6b0 3bd67f5bf950ee1cc00ca3e85d000aff
N3GD_BODY id=12 off=6c0 ab0deeedb61cb01e92b3b939d6dfc86a
N3GD_BODY id=12 off=6d0 d99a8bc5fe1d70a57d0cc000201426ea
N3GD_BODY id=12 off=6e0 c9a567afcdf53f1a30d731d03855ff0d
N3GD_BODY id=12 off=6f0 a833f56cdef7869b007f1b2812b8ff4f
N3GD_BODY id=12 off=700 bc57e489b18d8701968b8704fbe392a3
N3GD_BODY id=12 off=710 15ebff4bffaffc525fc4118786a3d476
N3GD_BODY id=12 off=720 3bd25a3bcf588e38fc0295ed4386537f
N3GD_BODY id=12 off=730 e3b096323981761cc0aab33ff4fe78b7
N3GD_BODY id=12 off=740 5b7f0dd002702bef10550db7ebad7c0f
N3GD_BODY id=12 off=750 1a0391db07578bfc3a98549b3fafd71a
N3GD_BODY id=12 off=760 c6957ba69f0e1201db0302d8cb5fedb7
N3GD_BODY id=12 off=770 b6d8705e188d35273bee7e3bf86a801a
N3GD_BODY id=12 off=780 f769f3ddedd38adb7179bb71cc318240
N3GD_BODY id=12 off=790 1cb114eda69b6dedfdfc4a195f33cfe4
N3GD_BODY id=12 off=7a0 b40885cbf7c314089f10594c8c27be2e
N3GD_BODY id=12 off=7b0 0a8e39409197f8f1ff0cbe20a1c89b59
N3GD_BODY id=12 off=7c0 efb0e9101ddb9133300010330006dfef
N3GD_BODY id=12 off=7d0 0ed223431571116c0d370881fd6e5425
N3GD_BODY id=12 off=7e0 b8c86869d60e941f03c2a1f0108e225a
N3GD_BODY id=12 off=7f0 d7f03f074327fbb872053b11f674cfef
N3GD_OOB id=12 off=000 88a41900c1d90000ff40ffffe5ab0668
N3GD_OOB id=12 off=010 0a52efac2207c7a22532dbc8686282cd
N3GD_OOB id=12 off=020 377bcde4a25178a6eb7c95b8b7fa1e2e
N3GD_OOB id=12 off=030 eddbaafff14d9b9ea7ce563d0b3c39de
N3GD_END id=12
N3GD_BEGIN id=13 kind=cand j=-1 v=0AA9 po=69 sl=4294967295 l0=00000000 host=0000A07E tgt=000140FC bank=1 pb=3154 pp=17 phy=403729 shift=4294967295 t=00 ix=0000 u=00000000 l=00000000
N3GD_BODY id=13 off=000 00000000000000000000000000000000
N3GD_BODY id=13 off=010 00000000000000000000000000000000
N3GD_BODY id=13 off=020 00000000000000000000000000000000
N3GD_BODY id=13 off=030 00000000000000000000000000000000
N3GD_BODY id=13 off=040 00000000000000000000000000000000
N3GD_BODY id=13 off=050 00000000000000000000000000000000
N3GD_BODY id=13 off=060 00000000000000000000000000000000
N3GD_BODY id=13 off=070 00000000000000000000000000000000
N3GD_BODY id=13 off=080 00000000000000000000000000000000
N3GD_BODY id=13 off=090 00000000000000000000000000000000
N3GD_BODY id=13 off=0a0 00000000000000000000000000000000
N3GD_BODY id=13 off=0b0 00000000000000000000000000000000
N3GD_BODY id=13 off=0c0 00000000000000000000000000000000
N3GD_BODY id=13 off=0d0 00000000000000000000000000000000
N3GD_BODY id=13 off=0e0 00000000000000000000000000000000
N3GD_BODY id=13 off=0f0 00000000000000000000000000000000
N3GD_BODY id=13 off=100 00000000000000000000000000000000
N3GD_BODY id=13 off=110 00000000000000000000000000000000
N3GD_BODY id=13 off=120 00000000000000000000000000000000
N3GD_BODY id=13 off=130 00000000000000000000000000000000
N3GD_BODY id=13 off=140 00000000000000000000000000000000
N3GD_BODY id=13 off=150 00000000000000000000000000000000
N3GD_BODY id=13 off=160 00000000000000000000000000000000
N3GD_BODY id=13 off=170 00000000000000000000000000000000
N3GD_BODY id=13 off=180 00000000000000000000000000000000
N3GD_BODY id=13 off=190 00000000000000000000000000000000
N3GD_BODY id=13 off=1a0 00000000000000000000000000000000
N3GD_BODY id=13 off=1b0 00000000000000000000000000000000
N3GD_BODY id=13 off=1c0 00000000000000000000000000000000
N3GD_BODY id=13 off=1d0 00000000000000000000000000000000
N3GD_BODY id=13 off=1e0 00000000000000000000000000000000
N3GD_BODY id=13 off=1f0 00000000000000000000000000000000
N3GD_BODY id=13 off=200 00000000000000000000000000000000
N3GD_BODY id=13 off=210 00000000000000000000000000000000
N3GD_BODY id=13 off=220 00000000000000000000000000000000
N3GD_BODY id=13 off=230 00000000000000000000000000000000
N3GD_BODY id=13 off=240 00000000000000000000000000000000
N3GD_BODY id=13 off=250 00000000000000000000000000000000
N3GD_BODY id=13 off=260 00000000000000000000000000000000
N3GD_BODY id=13 off=270 00000000000000000000000000000000
N3GD_BODY id=13 off=280 00000000000000000000000000000000
N3GD_BODY id=13 off=290 00000000000000000000000000000000
N3GD_BODY id=13 off=2a0 00000000000000000000000000000000
N3GD_BODY id=13 off=2b0 00000000000000000000000000000000
N3GD_BODY id=13 off=2c0 00000000000000000000000000000000
N3GD_BODY id=13 off=2d0 00000000000000000000000000000000
N3GD_BODY id=13 off=2e0 00000000000000000000000000000000
N3GD_BODY id=13 off=2f0 00000000000000000000000000000000
N3GD_BODY id=13 off=300 00000000000000000000000000000000
N3GD_BODY id=13 off=310 00000000000000000000000000000000
N3GD_BODY id=13 off=320 00000000000000000000000000000000
N3GD_BODY id=13 off=330 00000000000000000000000000000000
N3GD_BODY id=13 off=340 00000000000000000000000000000000
N3GD_BODY id=13 off=350 00000000000000000000000000000000
N3GD_BODY id=13 off=360 00000000000000000000000000000000
N3GD_BODY id=13 off=370 00000000000000000000000000000000
N3GD_BODY id=13 off=380 00000000000000000000000000000000
N3GD_BODY id=13 off=390 00000000000000000000000000000000
N3GD_BODY id=13 off=3a0 00000000000000000000000000000000
N3GD_BODY id=13 off=3b0 00000000000000000000000000000000
N3GD_BODY id=13 off=3c0 00000000000000000000000000000000
N3GD_BODY id=13 off=3d0 00000000000000000000000000000000
N3GD_BODY id=13 off=3e0 00000000000000000000000000000000
N3GD_BODY id=13 off=3f0 00000000000000000000000000000000
N3GD_BODY id=13 off=400 00000000000000000000000000000000
N3GD_BODY id=13 off=410 00000000000000000000000000000000
N3GD_BODY id=13 off=420 00000000000000000000000000000000
N3GD_BODY id=13 off=430 00000000000000000000000000000000
N3GD_BODY id=13 off=440 00000000000000000000000000000000
N3GD_BODY id=13 off=450 00000000000000000000000000000000
N3GD_BODY id=13 off=460 00000000000000000000000000000000
N3GD_BODY id=13 off=470 00000000000000000000000000000000
N3GD_BODY id=13 off=480 00000000000000000000000000000000
N3GD_BODY id=13 off=490 00000000000000000000000000000000
N3GD_BODY id=13 off=4a0 00000000000000000000000000000000
N3GD_BODY id=13 off=4b0 00000000000000000000000000000000
N3GD_BODY id=13 off=4c0 00000000000000000000000000000000
N3GD_BODY id=13 off=4d0 00000000000000000000000000000000
N3GD_BODY id=13 off=4e0 00000000000000000000000000000000
N3GD_BODY id=13 off=4f0 00000000000000000000000000000000
N3GD_BODY id=13 off=500 00000000000000000000000000000000
N3GD_BODY id=13 off=510 00000000000000000000000000000000
N3GD_BODY id=13 off=520 00000000000000000000000000000000
N3GD_BODY id=13 off=530 00000000000000000000000000000000
N3GD_BODY id=13 off=540 00000000000000000000000000000000
N3GD_BODY id=13 off=550 00000000000000000000000000000000
N3GD_BODY id=13 off=560 00000000000000000000000000000000
N3GD_BODY id=13 off=570 00000000000000000000000000000000
N3GD_BODY id=13 off=580 00000000000000000000000000000000
N3GD_BODY id=13 off=590 00000000000000000000000000000000
N3GD_BODY id=13 off=5a0 00000000000000000000000000000000
N3GD_BODY id=13 off=5b0 00000000000000000000000000000000
N3GD_BODY id=13 off=5c0 00000000000000000000000000000000
N3GD_BODY id=13 off=5d0 00000000000000000000000000000000
N3GD_BODY id=13 off=5e0 00000000000000000000000000000000
N3GD_BODY id=13 off=5f0 00000000000000000000000000000000
N3GD_BODY id=13 off=600 00000000000000000000000000000000
N3GD_BODY id=13 off=610 00000000000000000000000000000000
N3GD_BODY id=13 off=620 00000000000000000000000000000000
N3GD_BODY id=13 off=630 00000000000000000000000000000000
N3GD_BODY id=13 off=640 00000000000000000000000000000000
N3GD_BODY id=13 off=650 00000000000000000000000000000000
N3GD_BODY id=13 off=660 00000000000000000000000000000000
N3GD_BODY id=13 off=670 00000000000000000000000000000000
N3GD_BODY id=13 off=680 00000000000000000000000000000000
N3GD_BODY id=13 off=690 00000000000000000000000000000000
N3GD_BODY id=13 off=6a0 00000000000000000000000000000000
N3GD_BODY id=13 off=6b0 00000000000000000000000000000000
N3GD_BODY id=13 off=6c0 00000000000000000000000000000000
N3GD_BODY id=13 off=6d0 00000000000000000000000000000000
N3GD_BODY id=13 off=6e0 00000000000000000000000000000000
N3GD_BODY id=13 off=6f0 00000000000000000000000000000000
N3GD_BODY id=13 off=700 00000000000000000000000000000000
N3GD_BODY id=13 off=710 00000000000000000000000000000000
N3GD_BODY id=13 off=720 00000000000000000000000000000000
N3GD_BODY id=13 off=730 00000000000000000000000000000000
N3GD_BODY id=13 off=740 00000000000000000000000000000000
N3GD_BODY id=13 off=750 00000000000000000000000000000000
N3GD_BODY id=13 off=760 00000000000000000000000000000000
N3GD_BODY id=13 off=770 00000000000000000000000000000000
N3GD_BODY id=13 off=780 00000000000000000000000000000000
N3GD_BODY id=13 off=790 00000000000000000000000000000000
N3GD_BODY id=13 off=7a0 00000000000000000000000000000000
N3GD_BODY id=13 off=7b0 00000000000000000000000000000000
N3GD_BODY id=13 off=7c0 00000000000000000000000000000000
N3GD_BODY id=13 off=7d0 00000000000000000000000000000000
N3GD_BODY id=13 off=7e0 00000000000000000000000000000000
N3GD_BODY id=13 off=7f0 00000000000000000000000000000000
N3GD_OOB id=13 off=000 000000000000000000000000e5ab0668
N3GD_OOB id=13 off=010 0a52efac2207c7a22532dbc8686282cd
N3GD_OOB id=13 off=020 377bcde4a25178a6eb7c95b8b7fa1e2e
N3GD_OOB id=13 off=030 eddbaafff14d9b9ea7ce563d0b3c39de
N3GD_END id=13
N3GD_BEGIN id=14 kind=cand j=-1 v=0AA9 po=70 sl=4294967295 l0=00000000 host=0000A07E tgt=000140FC bank=2 pb=3154 pp=17 phy=403729 shift=4294967295 t=00 ix=0000 u=00000000 l=00000000
N3GD_BODY id=14 off=000 00000000000000000000000000000000
N3GD_BODY id=14 off=010 00000000000000000000000000000000
N3GD_BODY id=14 off=020 00000000000000000000000000000000
N3GD_BODY id=14 off=030 00000000000000000000000000000000
N3GD_BODY id=14 off=040 00000000000000000000000000000000
N3GD_BODY id=14 off=050 00000000000000000000000000000000
N3GD_BODY id=14 off=060 00000000000000000000000000000000
N3GD_BODY id=14 off=070 00000000000000000000000000000000
N3GD_BODY id=14 off=080 00000000000000000000000000000000
N3GD_BODY id=14 off=090 00000000000000000000000000000000
N3GD_BODY id=14 off=0a0 00000000000000000000000000000000
N3GD_BODY id=14 off=0b0 00000000000000000000000000000000
N3GD_BODY id=14 off=0c0 00000000000000000000000000000000
N3GD_BODY id=14 off=0d0 00000000000000000000000000000000
N3GD_BODY id=14 off=0e0 00000000000000000000000000000000
N3GD_BODY id=14 off=0f0 00000000000000000000000000000000
N3GD_BODY id=14 off=100 00000000000000000000000000000000
N3GD_BODY id=14 off=110 00000000000000000000000000000000
N3GD_BODY id=14 off=120 00000000000000000000000000000000
N3GD_BODY id=14 off=130 00000000000000000000000000000000
N3GD_BODY id=14 off=140 00000000000000000000000000000000
N3GD_BODY id=14 off=150 00000000000000000000000000000000
N3GD_BODY id=14 off=160 00000000000000000000000000000000
N3GD_BODY id=14 off=170 00000000000000000000000000000000
N3GD_BODY id=14 off=180 00000000000000000000000000000000
N3GD_BODY id=14 off=190 00000000000000000000000000000000
N3GD_BODY id=14 off=1a0 00000000000000000000000000000000
N3GD_BODY id=14 off=1b0 00000000000000000000000000000000
N3GD_BODY id=14 off=1c0 00000000000000000000000000000000
N3GD_BODY id=14 off=1d0 00000000000000000000000000000000
N3GD_BODY id=14 off=1e0 00000000000000000000000000000000
N3GD_BODY id=14 off=1f0 00000000000000000000000000000000
N3GD_BODY id=14 off=200 00000000000000000000000000000000
N3GD_BODY id=14 off=210 00000000000000000000000000000000
N3GD_BODY id=14 off=220 00000000000000000000000000000000
N3GD_BODY id=14 off=230 00000000000000000000000000000000
N3GD_BODY id=14 off=240 00000000000000000000000000000000
N3GD_BODY id=14 off=250 00000000000000000000000000000000
N3GD_BODY id=14 off=260 00000000000000000000000000000000
N3GD_BODY id=14 off=270 00000000000000000000000000000000
N3GD_BODY id=14 off=280 00000000000000000000000000000000
N3GD_BODY id=14 off=290 00000000000000000000000000000000
N3GD_BODY id=14 off=2a0 00000000000000000000000000000000
N3GD_BODY id=14 off=2b0 00000000000000000000000000000000
N3GD_BODY id=14 off=2c0 00000000000000000000000000000000
N3GD_BODY id=14 off=2d0 00000000000000000000000000000000
N3GD_BODY id=14 off=2e0 00000000000000000000000000000000
N3GD_BODY id=14 off=2f0 00000000000000000000000000000000
N3GD_BODY id=14 off=300 00000000000000000000000000000000
N3GD_BODY id=14 off=310 00000000000000000000000000000000
N3GD_BODY id=14 off=320 00000000000000000000000000000000
N3GD_BODY id=14 off=330 00000000000000000000000000000000
N3GD_BODY id=14 off=340 00000000000000000000000000000000
N3GD_BODY id=14 off=350 00000000000000000000000000000000
N3GD_BODY id=14 off=360 00000000000000000000000000000000
N3GD_BODY id=14 off=370 00000000000000000000000000000000
N3GD_BODY id=14 off=380 00000000000000000000000000000000
N3GD_BODY id=14 off=390 00000000000000000000000000000000
N3GD_BODY id=14 off=3a0 00000000000000000000000000000000
N3GD_BODY id=14 off=3b0 00000000000000000000000000000000
N3GD_BODY id=14 off=3c0 00000000000000000000000000000000
N3GD_BODY id=14 off=3d0 00000000000000000000000000000000
N3GD_BODY id=14 off=3e0 00000000000000000000000000000000
N3GD_BODY id=14 off=3f0 00000000000000000000000000000000
N3GD_BODY id=14 off=400 00000000000000000000000000000000
N3GD_BODY id=14 off=410 00000000000000000000000000000000
N3GD_BODY id=14 off=420 00000000000000000000000000000000
N3GD_BODY id=14 off=430 00000000000000000000000000000000
N3GD_BODY id=14 off=440 00000000000000000000000000000000
N3GD_BODY id=14 off=450 00000000000000000000000000000000
N3GD_BODY id=14 off=460 00000000000000000000000000000000
N3GD_BODY id=14 off=470 00000000000000000000000000000000
N3GD_BODY id=14 off=480 00000000000000000000000000000000
N3GD_BODY id=14 off=490 00000000000000000000000000000000
N3GD_BODY id=14 off=4a0 00000000000000000000000000000000
N3GD_BODY id=14 off=4b0 00000000000000000000000000000000
N3GD_BODY id=14 off=4c0 00000000000000000000000000000000
N3GD_BODY id=14 off=4d0 00000000000000000000000000000000
N3GD_BODY id=14 off=4e0 00000000000000000000000000000000
N3GD_BODY id=14 off=4f0 00000000000000000000000000000000
N3GD_BODY id=14 off=500 00000000000000000000000000000000
N3GD_BODY id=14 off=510 00000000000000000000000000000000
N3GD_BODY id=14 off=520 00000000000000000000000000000000
N3GD_BODY id=14 off=530 00000000000000000000000000000000
N3GD_BODY id=14 off=540 00000000000000000000000000000000
N3GD_BODY id=14 off=550 00000000000000000000000000000000
N3GD_BODY id=14 off=560 00000000000000000000000000000000
N3GD_BODY id=14 off=570 00000000000000000000000000000000
N3GD_BODY id=14 off=580 00000000000000000000000000000000
N3GD_BODY id=14 off=590 00000000000000000000000000000000
N3GD_BODY id=14 off=5a0 00000000000000000000000000000000
N3GD_BODY id=14 off=5b0 00000000000000000000000000000000
N3GD_BODY id=14 off=5c0 00000000000000000000000000000000
N3GD_BODY id=14 off=5d0 00000000000000000000000000000000
N3GD_BODY id=14 off=5e0 00000000000000000000000000000000
N3GD_BODY id=14 off=5f0 00000000000000000000000000000000
N3GD_BODY id=14 off=600 00000000000000000000000000000000
N3GD_BODY id=14 off=610 00000000000000000000000000000000
N3GD_BODY id=14 off=620 00000000000000000000000000000000
N3GD_BODY id=14 off=630 00000000000000000000000000000000
N3GD_BODY id=14 off=640 00000000000000000000000000000000
N3GD_BODY id=14 off=650 00000000000000000000000000000000
N3GD_BODY id=14 off=660 00000000000000000000000000000000
N3GD_BODY id=14 off=670 00000000000000000000000000000000
N3GD_BODY id=14 off=680 00000000000000000000000000000000
N3GD_BODY id=14 off=690 00000000000000000000000000000000
N3GD_BODY id=14 off=6a0 00000000000000000000000000000000
N3GD_BODY id=14 off=6b0 00000000000000000000000000000000
N3GD_BODY id=14 off=6c0 00000000000000000000000000000000
N3GD_BODY id=14 off=6d0 00000000000000000000000000000000
N3GD_BODY id=14 off=6e0 00000000000000000000000000000000
N3GD_BODY id=14 off=6f0 00000000000000000000000000000000
N3GD_BODY id=14 off=700 00000000000000000000000000000000
N3GD_BODY id=14 off=710 00000000000000000000000000000000
N3GD_BODY id=14 off=720 00000000000000000000000000000000
N3GD_BODY id=14 off=730 00000000000000000000000000000000
N3GD_BODY id=14 off=740 00000000000000000000000000000000
N3GD_BODY id=14 off=750 00000000000000000000000000000000
N3GD_BODY id=14 off=760 00000000000000000000000000000000
N3GD_BODY id=14 off=770 00000000000000000000000000000000
N3GD_BODY id=14 off=780 00000000000000000000000000000000
N3GD_BODY id=14 off=790 00000000000000000000000000000000
N3GD_BODY id=14 off=7a0 00000000000000000000000000000000
N3GD_BODY id=14 off=7b0 00000000000000000000000000000000
N3GD_BODY id=14 off=7c0 00000000000000000000000000000000
N3GD_BODY id=14 off=7d0 00000000000000000000000000000000
N3GD_BODY id=14 off=7e0 00000000000000000000000000000000
N3GD_BODY id=14 off=7f0 00000000000000000000000000000000
N3GD_OOB id=14 off=000 000000000000000000000000e5ab0668
N3GD_OOB id=14 off=010 0a52efac2207c7a22532dbc8686282cd
N3GD_OOB id=14 off=020 377bcde4a25178a6eb7c95b8b7fa1e2e
N3GD_OOB id=14 off=030 eddbaafff14d9b9ea7ce563d0b3c39de
N3GD_END id=14
N3GD_BEGIN id=15 kind=cand j=-1 v=0AA9 po=71 sl=4294967295 l0=00000000 host=0000A07E tgt=000140FC bank=3 pb=3154 pp=17 phy=403729 shift=4294967295 t=00 ix=0000 u=00000000 l=00000000
N3GD_BODY id=15 off=000 00000000000000000000000000000000
N3GD_BODY id=15 off=010 00000000000000000000000000000000
N3GD_BODY id=15 off=020 00000000000000000000000000000000
N3GD_BODY id=15 off=030 00000000000000000000000000000000
N3GD_BODY id=15 off=040 00000000000000000000000000000000
N3GD_BODY id=15 off=050 00000000000000000000000000000000
N3GD_BODY id=15 off=060 00000000000000000000000000000000
N3GD_BODY id=15 off=070 00000000000000000000000000000000
N3GD_BODY id=15 off=080 00000000000000000000000000000000
N3GD_BODY id=15 off=090 00000000000000000000000000000000
N3GD_BODY id=15 off=0a0 00000000000000000000000000000000
N3GD_BODY id=15 off=0b0 00000000000000000000000000000000
N3GD_BODY id=15 off=0c0 00000000000000000000000000000000
N3GD_BODY id=15 off=0d0 00000000000000000000000000000000
N3GD_BODY id=15 off=0e0 00000000000000000000000000000000
N3GD_BODY id=15 off=0f0 00000000000000000000000000000000
N3GD_BODY id=15 off=100 00000000000000000000000000000000
N3GD_BODY id=15 off=110 00000000000000000000000000000000
N3GD_BODY id=15 off=120 00000000000000000000000000000000
N3GD_BODY id=15 off=130 00000000000000000000000000000000
N3GD_BODY id=15 off=140 00000000000000000000000000000000
N3GD_BODY id=15 off=150 00000000000000000000000000000000
N3GD_BODY id=15 off=160 00000000000000000000000000000000
N3GD_BODY id=15 off=170 00000000000000000000000000000000
N3GD_BODY id=15 off=180 00000000000000000000000000000000
N3GD_BODY id=15 off=190 00000000000000000000000000000000
N3GD_BODY id=15 off=1a0 00000000000000000000000000000000
N3GD_BODY id=15 off=1b0 00000000000000000000000000000000
N3GD_BODY id=15 off=1c0 00000000000000000000000000000000
N3GD_BODY id=15 off=1d0 00000000000000000000000000000000
N3GD_BODY id=15 off=1e0 00000000000000000000000000000000
N3GD_BODY id=15 off=1f0 00000000000000000000000000000000
N3GD_BODY id=15 off=200 00000000000000000000000000000000
N3GD_BODY id=15 off=210 00000000000000000000000000000000
N3GD_BODY id=15 off=220 00000000000000000000000000000000
N3GD_BODY id=15 off=230 00000000000000000000000000000000
N3GD_BODY id=15 off=240 00000000000000000000000000000000
N3GD_BODY id=15 off=250 00000000000000000000000000000000
N3GD_BODY id=15 off=260 00000000000000000000000000000000
N3GD_BODY id=15 off=270 00000000000000000000000000000000
N3GD_BODY id=15 off=280 00000000000000000000000000000000
N3GD_BODY id=15 off=290 00000000000000000000000000000000
N3GD_BODY id=15 off=2a0 00000000000000000000000000000000
N3GD_BODY id=15 off=2b0 00000000000000000000000000000000
N3GD_BODY id=15 off=2c0 00000000000000000000000000000000
N3GD_BODY id=15 off=2d0 00000000000000000000000000000000
N3GD_BODY id=15 off=2e0 00000000000000000000000000000000
N3GD_BODY id=15 off=2f0 00000000000000000000000000000000
N3GD_BODY id=15 off=300 00000000000000000000000000000000
N3GD_BODY id=15 off=310 00000000000000000000000000000000
N3GD_BODY id=15 off=320 00000000000000000000000000000000
N3GD_BODY id=15 off=330 00000000000000000000000000000000
N3GD_BODY id=15 off=340 00000000000000000000000000000000
N3GD_BODY id=15 off=350 00000000000000000000000000000000
N3GD_BODY id=15 off=360 00000000000000000000000000000000
N3GD_BODY id=15 off=370 00000000000000000000000000000000
N3GD_BODY id=15 off=380 00000000000000000000000000000000
N3GD_BODY id=15 off=390 00000000000000000000000000000000
N3GD_BODY id=15 off=3a0 00000000000000000000000000000000
N3GD_BODY id=15 off=3b0 00000000000000000000000000000000
N3GD_BODY id=15 off=3c0 00000000000000000000000000000000
N3GD_BODY id=15 off=3d0 00000000000000000000000000000000
N3GD_BODY id=15 off=3e0 00000000000000000000000000000000
N3GD_BODY id=15 off=3f0 00000000000000000000000000000000
N3GD_BODY id=15 off=400 00000000000000000000000000000000
N3GD_BODY id=15 off=410 00000000000000000000000000000000
N3GD_BODY id=15 off=420 00000000000000000000000000000000
N3GD_BODY id=15 off=430 00000000000000000000000000000000
N3GD_BODY id=15 off=440 00000000000000000000000000000000
N3GD_BODY id=15 off=450 00000000000000000000000000000000
N3GD_BODY id=15 off=460 00000000000000000000000000000000
N3GD_BODY id=15 off=470 00000000000000000000000000000000
N3GD_BODY id=15 off=480 00000000000000000000000000000000
N3GD_BODY id=15 off=490 00000000000000000000000000000000
N3GD_BODY id=15 off=4a0 00000000000000000000000000000000
N3GD_BODY id=15 off=4b0 00000000000000000000000000000000
N3GD_BODY id=15 off=4c0 00000000000000000000000000000000
N3GD_BODY id=15 off=4d0 00000000000000000000000000000000
N3GD_BODY id=15 off=4e0 00000000000000000000000000000000
N3GD_BODY id=15 off=4f0 00000000000000000000000000000000
N3GD_BODY id=15 off=500 00000000000000000000000000000000
N3GD_BODY id=15 off=510 00000000000000000000000000000000
N3GD_BODY id=15 off=520 00000000000000000000000000000000
N3GD_BODY id=15 off=530 00000000000000000000000000000000
N3GD_BODY id=15 off=540 00000000000000000000000000000000
N3GD_BODY id=15 off=550 00000000000000000000000000000000
N3GD_BODY id=15 off=560 00000000000000000000000000000000
N3GD_BODY id=15 off=570 00000000000000000000000000000000
N3GD_BODY id=15 off=580 00000000000000000000000000000000
N3GD_BODY id=15 off=590 00000000000000000000000000000000
N3GD_BODY id=15 off=5a0 00000000000000000000000000000000
N3GD_BODY id=15 off=5b0 00000000000000000000000000000000
N3GD_BODY id=15 off=5c0 00000000000000000000000000000000
N3GD_BODY id=15 off=5d0 00000000000000000000000000000000
N3GD_BODY id=15 off=5e0 00000000000000000000000000000000
N3GD_BODY id=15 off=5f0 00000000000000000000000000000000
N3GD_BODY id=15 off=600 00000000000000000000000000000000
N3GD_BODY id=15 off=610 00000000000000000000000000000000
N3GD_BODY id=15 off=620 00000000000000000000000000000000
N3GD_BODY id=15 off=630 00000000000000000000000000000000
N3GD_BODY id=15 off=640 00000000000000000000000000000000
N3GD_BODY id=15 off=650 00000000000000000000000000000000
N3GD_BODY id=15 off=660 00000000000000000000000000000000
N3GD_BODY id=15 off=670 00000000000000000000000000000000
N3GD_BODY id=15 off=680 00000000000000000000000000000000
N3GD_BODY id=15 off=690 00000000000000000000000000000000
N3GD_BODY id=15 off=6a0 00000000000000000000000000000000
N3GD_BODY id=15 off=6b0 00000000000000000000000000000000
N3GD_BODY id=15 off=6c0 00000000000000000000000000000000
N3GD_BODY id=15 off=6d0 00000000000000000000000000000000
N3GD_BODY id=15 off=6e0 00000000000000000000000000000000
N3GD_BODY id=15 off=6f0 00000000000000000000000000000000
N3GD_BODY id=15 off=700 00000000000000000000000000000000
N3GD_BODY id=15 off=710 00000000000000000000000000000000
N3GD_BODY id=15 off=720 00000000000000000000000000000000
N3GD_BODY id=15 off=730 00000000000000000000000000000000
N3GD_BODY id=15 off=740 00000000000000000000000000000000
N3GD_BODY id=15 off=750 00000000000000000000000000000000
N3GD_BODY id=15 off=760 00000000000000000000000000000000
N3GD_BODY id=15 off=770 00000000000000000000000000000000
N3GD_BODY id=15 off=780 00000000000000000000000000000000
N3GD_BODY id=15 off=790 00000000000000000000000000000000
N3GD_BODY id=15 off=7a0 00000000000000000000000000000000
N3GD_BODY id=15 off=7b0 00000000000000000000000000000000
N3GD_BODY id=15 off=7c0 00000000000000000000000000000000
N3GD_BODY id=15 off=7d0 00000000000000000000000000000000
N3GD_BODY id=15 off=7e0 00000000000000000000000000000000
N3GD_BODY id=15 off=7f0 00000000000000000000000000000000
N3GD_OOB id=15 off=000 000000000000000000000000e5ab0668
N3GD_OOB id=15 off=010 0a52efac2207c7a22532dbc8686282cd
N3GD_OOB id=15 off=020 377bcde4a25178a6eb7c95b8b7fa1e2e
N3GD_OOB id=15 off=030 eddbaafff14d9b9ea7ce563d0b3c39de
N3GD_END id=15
N3GD_BEGIN id=16 kind=cand j=-1 v=0AA9 po=72 sl=1 l0=0019A490 host=0000A07E tgt=000140FC bank=0 pb=3154 pp=18 phy=403730 shift=-3 t=40 ix=D9C1 u=0019A490 l=0019A490
N3GD_BODY id=16 off=000 6152aa0620de0e0c88628b596b83b7fc
N3GD_BODY id=16 off=010 3b60078c1020a47994d855075ad1dd28
N3GD_BODY id=16 off=020 75fd945dc5e4a521ad230251a09cc30c
N3GD_BODY id=16 off=030 7b4fa0a38d008d8d3dcbc7cc0da29c5c
N3GD_BODY id=16 off=040 9d94803015e1b56e380ee0e37cbd3875
N3GD_BODY id=16 off=050 892ff7f2dcb7f0932108f58e2bfe1748
N3GD_BODY id=16 off=060 001f4b77d62779ffeffea1d71240180c
N3GD_BODY id=16 off=070 147c1c4a064561ac32cc000822e0939b
N3GD_BODY id=16 off=080 479c4aac9219e78c10ec0024c2061118
N3GD_BODY id=16 off=090 60357156ede68319022cf68d019409dd
N3GD_BODY id=16 off=0a0 acd00194c98603112c36d82d4790f5a2
N3GD_BODY id=16 off=0b0 a17d6ffb2784d7fa1a06b4c0061e63df
N3GD_BODY id=16 off=0c0 84c052e4ba0cc00336606b41e2cac0c8
N3GD_BODY id=16 off=0d0 707abd3ad70b440011c0e4584862d203
N3GD_BODY id=16 off=0e0 0efff0a43d9862807765158433614571
N3GD_BODY id=16 off=0f0 03b0440cc8371d080becdee800094619
N3GD_BODY id=16 off=100 fc8c0c5f2048c563957de052be9c0294
N3GD_BODY id=16 off=110 fb03432173a70b90580054294f458542
N3GD_BODY id=16 off=120 e58f67ffeffc0580a14bc034db00ec8c
N3GD_BODY id=16 off=130 7066d80660b6bdb14ca0ba0a5a132102
N3GD_BODY id=16 off=140 7891f56ff9a984ebef7f8aef42109078
N3GD_BODY id=16 off=150 7488cff018304e6cd10075051ced3016
N3GD_BODY id=16 off=160 eb0e000d10d763ac7d84d4002479c78b
N3GD_BODY id=16 off=170 55e827ecd41c5279f9c82a2382fff192
N3GD_BODY id=16 off=180 a8edc701d813a8ea6355289b2274e140
N3GD_BODY id=16 off=190 3b82910796058755152644a7db308f2f
N3GD_BODY id=16 off=1a0 c1cd464b3d54c48e75c4ebd0b001328b
N3GD_BODY id=16 off=1b0 52541c68efb04e295d4c4913fe319f5f
N3GD_BODY id=16 off=1c0 0422ef170be2ee705c1c040480e3bcb2
N3GD_BODY id=16 off=1d0 2a25af8607821649d9369c0d0b67387b
N3GD_BODY id=16 off=1e0 c1c402024240af72e0e7165b3f844160
N3GD_BODY id=16 off=1f0 77c42070e79e381aa1992d19dfedc250
N3GD_BODY id=16 off=200 06a0639a5dba6134000434000400e2b2
N3GD_BODY id=16 off=210 77d59a2d9cf1564aae0230301ca4583b
N3GD_BODY id=16 off=220 700c40b01a410f2ece5f23efcbc3a420
N3GD_BODY id=16 off=230 005810a76692407115d92a07c7cffe93
N3GD_BODY id=16 off=240 5032095099477ee2bb60c0f7c3ff64d6
N3GD_BODY id=16 off=250 8efe0f9e5415ef0c02d780b8490a7609
N3GD_BODY id=16 off=260 c43bf82f1fd2b09084243162cef273bd
N3GD_BODY id=16 off=270 b7f7e1d940c8f08956e9448b6861ddff
N3GD_BODY id=16 off=280 bfc1a45c1e3e5844b384648d8d420475
N3GD_BODY id=16 off=290 83c8c905dbb0d061c0794a1161953b4f
N3GD_BODY id=16 off=2a0 e1d231837b600c7c4a5242f5e0dfeffa
N3GD_BODY id=16 off=2b0 fe0831c6de9a7f0e110003363cf99885
N3GD_BODY id=16 off=2c0 05d28c37f86a89b6dc2de01ae929b622
N3GD_BODY id=16 off=2d0 e312ef0adc2c56e0ebff0e910005c910
N3GD_BODY id=16 off=2e0 027ac9010ef0ff7fc03ba87402580fa4
N3GD_BODY id=16 off=2f0 17bd9466ff2a2008d428aa071b4da29d
N3GD_BODY id=16 off=300 8d47a1b122833d7c1a06cdb6fa69f819
N3GD_BODY id=16 off=310 078df871e6cadaa02cc00bc1829c17ff
N3GD_BODY id=16 off=320 41f63aa312103285006f80dd6ec5c8b5
N3GD_BODY id=16 off=330 b7cfbb8d41157ff0cdf12400b4808518
N3GD_BODY id=16 off=340 e85389fcd6031282bc30049706e9cc01
N3GD_BODY id=16 off=350 47dc34dc1e8fffff1f3a85914557f67f
N3GD_BODY id=16 off=360 f0a2100016db1ab114bdc09e23f7c270
N3GD_BODY id=16 off=370 967001c7b4c60621c826b98015187946
N3GD_BODY id=16 off=380 0074172c14e0f1cc0b6bff8f85517f06
N3GD_BODY id=16 off=390 a9255c000201e801f280cae88a320b63
N3GD_BODY id=16 off=3a0 01dbc7fffc74b2a6184800228daee726
N3GD_BODY id=16 off=3b0 2f64d6427402a3cdfffcb0aa56fc0441
N3GD_BODY id=16 off=3c0 a4a520a1a6ed3ba1114e4727403cb4b8
N3GD_BODY id=16 off=3d0 336ff1f58f0fffc2ca0008c495cc73cd
N3GD_BODY id=16 off=3e0 46535acffa654807590aafb403b08b70
N3GD_BODY id=16 off=3f0 02598355df212e900a588654002c7f0a
N3GD_BODY id=16 off=400 84ee297d343ff3faf6e8d04d47c7c4c2
N3GD_BODY id=16 off=410 8d4f38c6934c55f04658fb187120171a
N3GD_BODY id=16 off=420 ec4b0a906669d1d2401add8808c2fd8f
N3GD_BODY id=16 off=430 e1d9aa9880e0e45ed4e717f7ebff051c
N3GD_BODY id=16 off=440 63c1e84419870cb0a0eae3829e6e997c
N3GD_BODY id=16 off=450 be1d2401095b0120528aaf02150a37aa
N3GD_BODY id=16 off=460 b3c38c6dce023bb04362b9437fe33261
N3GD_BODY id=16 off=470 c238b8d67b3dc9d7087c2e6285e37746
N3GD_BODY id=16 off=480 23be71a96096200b2061f594f17c9a2b
N3GD_BODY id=16 off=490 87594004dcfb3532cf21b0fda41c3dbf
N3GD_BODY id=16 off=4a0 ffe1b1008560c52f97e1da02124a9206
N3GD_BODY id=16 off=4b0 1a2139ffe6b1374db06ff775c0313f51
N3GD_BODY id=16 off=4c0 ac1a53e580038a0030baf05e28dc51d6
N3GD_BODY id=16 off=4d0 b0db2015c1f3021b674833d87de0bd8f
N3GD_BODY id=16 off=4e0 0da06f5ff070da013d873000080169f8
N3GD_BODY id=16 off=4f0 323d7777f8659c02dae75a77ff2f8fd1
N3GD_BODY id=16 off=500 1a3031c7c06e36a241aacf4ae7c2a880
N3GD_BODY id=16 off=510 282a33a5d1aed73847abf1c61a878f86
N3GD_BODY id=16 off=520 e02c4169f00a8888bb2401123632b307
N3GD_BODY id=16 off=530 cce9d8708545c657dfff14ce494384d9
N3GD_BODY id=16 off=540 09ff75f752d3e1df1b6259c79a214a19
N3GD_BODY id=16 off=550 7dfff5f88ce4186590003bdda13d9b29
N3GD_BODY id=16 off=560 f074508580a0f10c08e60bf0430540dc
N3GD_BODY id=16 off=570 b426b84808c16230ae67280c51fb0d20
N3GD_BODY id=16 off=580 0da16c7dc19d0006d560ef0380c1849a
N3GD_BODY id=16 off=590 6cf11573f0831618c874fd4dfec38680
N3GD_BODY id=16 off=5a0 d7966dd7380e231bbbff18130b1042c0
N3GD_BODY id=16 off=5b0 9c5d914b5bdd69c774dffc2e5e063dd1
N3GD_BODY id=16 off=5c0 0c31ceba3213a0da700103828ce10091
N3GD_BODY id=16 off=5d0 142af451078a7f1470e920103075ae6c
N3GD_BODY id=16 off=5e0 4a7998a37f5e340434d7c7d2c43143dc
N3GD_BODY id=16 off=5f0 e91ec5ebd7dda7f82c3a020f0ef50080
N3GD_BODY id=16 off=600 93040b09a05017c47d4390bd6b11f0e9
N3GD_BODY id=16 off=610 200aa059264421b640003ae812674084
N3GD_BODY id=16 off=620 9bfff8ce92501c83038f0301478ed9ce
N3GD_BODY id=16 off=630 7b28e37c30101a4050401acc5c012a92
N3GD_BODY id=16 off=640 8aa091f28a25ebe0adc7e9956c026b24
N3GD_BODY id=16 off=650 c083ea4d2840c6ec318a9ad9ebb70e90
N3GD_BODY id=16 off=660 a008dcae7772bf553ad00010282b5b01
N3GD_BODY id=16 off=670 801ef8f180cee1bda70f0be7748a3d1f
N3GD_BODY id=16 off=680 f018b89305b18d86a2bf875c00386453
N3GD_BODY id=16 off=690 1318214214701f7ff4d42047406a85e5
N3GD_BODY id=16 off=6a0 317bbf17202d8d520fc8bdf8383a5bbb
N3GD_BODY id=16 off=6b0 bfc36460009a43fe6662bbe49fff08c8
N3GD_BODY id=16 off=6c0 49823c6c8f13180146a1a9ff27874880
N3GD_BODY id=16 off=6d0 058932188409c8700b11a868058c078b
N3GD_BODY id=16 off=6e0 fffe1f6f6d303ba06987efefffc33200
N3GD_BODY id=16 off=6f0 07e07d951c5f5d9cbbffc4e0277e000c
N3GD_BODY id=16 off=700 209594d81ac142580e40d9c3db01e034
N3GD_BODY id=16 off=710 902717071d7c376fbfffc1011e0a4129
N3GD_BODY id=16 off=720 459e00244a8d088d7d377cb228e65372
N3GD_BODY id=16 off=730 19422cb919c76c665a658868a4a23c33
N3GD_BODY id=16 off=740 14002b30bda1fc42fc1322c21e0d82e4
N3GD_BODY id=16 off=750 d0387097720005c1d0ce4c296d873b04
N3GD_BODY id=16 off=760 aa33a38cb64063babf4f6ce448a5fbe1
N3GD_BODY id=16 off=770 59ed001480c2185248287f27971942d0
N3GD_BODY id=16 off=780 709836f341c87e2f3020f36a913b6da0
N3GD_BODY id=16 off=790 f9728a86e7ffc2a8c000493c4b474b84
N3GD_BODY id=16 off=7a0 a0dda017ab1b21e499a01a163b1b843b
N3GD_BODY id=16 off=7b0 48391248f82066ac00040003052ff3d0
N3GD_BODY id=16 off=7c0 00e5f7f6034e3af9c0250b7f0ea380b8
N3GD_BODY id=16 off=7d0 1889f959460cf55450330dc36cc81ef4
N3GD_BODY id=16 off=7e0 558a16286b317c1d656826af0e2309b9
N3GD_BODY id=16 off=7f0 62efec34d444090be2d63ff850d85029
N3GD_OOB id=16 off=000 90a41900c1d90000ff40ffffe5ab0668
N3GD_OOB id=16 off=010 0a52efac2207c7a22532dbc8686282cd
N3GD_OOB id=16 off=020 377bcde4a25178a6eb7c95b8b7fa1e2e
N3GD_OOB id=16 off=030 eddbaafff14d9b9ea7ce563d0b3c39de
N3GD_END id=16
N3GD_BEGIN id=17 kind=cand j=-1 v=0AAA po=56 sl=4294967295 l0=0019A472 host=0000A07E tgt=000140FC bank=0 pb=3155 pp=14 phy=403854 shift=4294967295 t=40 ix=D9C1 u=0019A472 l=0019A472
N3GD_BODY id=17 off=000 a3235bfe754ac0e986b27c40da46f00b
N3GD_BODY id=17 off=010 d0ce83618415cfa2309786e60240bc0f
N3GD_BODY id=17 off=020 23910f3fa98e7e5f74e1b6532f93a8b9
N3GD_BODY id=17 off=030 e6bfe4a44e01113942af76ca5f5e21f8
N3GD_BODY id=17 off=040 6d986ba4f565c973dc93dcf741cf2ff5
N3GD_BODY id=17 off=050 5d7f16c4a34a10e9050003810b23a51a
N3GD_BODY id=17 off=060 afa5f3480694fe9610a0e86c0fc103d4
N3GD_BODY id=17 off=070 1679540810f0f1cb07120c02d2000478
N3GD_BODY id=17 off=080 511f2a0180c9066476aa820e0a462a7f
N3GD_BODY id=17 off=090 7f86c8c01648acb73d0ad30a7fe7bfc5
N3GD_BODY id=17 off=0a0 c2907545c01de403a4c7a02d1634253a
N3GD_BODY id=17 off=0b0 b48927eb5fd41395dd33f4d5d36fe827
N3GD_BODY id=17 off=0c0 ddf7be620f65eddcbc4ac776ddf5189e
N3GD_BODY id=17 off=0d0 eec76e7eeefbb63f733840145e058339
N3GD_BODY id=17 off=0e0 604239e01a01299b0b6058212a06b0bd
N3GD_BODY id=17 off=0f0 0061083cd37fdbc7b12e8137915e6934
N3GD_BODY id=17 off=100 093a1a0761d85c8c01e286855e163d4f
N3GD_BODY id=17 off=110 f6ffa31bbc4070d8f42f66712321d1bb
N3GD_BODY id=17 off=120 4e7639fafe920cf09ec3a42000589ff1
N3GD_BODY id=17 off=130 79c024bd65f036327092f1c68152ee0e
N3GD_BODY id=17 off=140 940a2007cfe8180da0e6ec1c54bb8470
N3GD_BODY id=17 off=150 bbb834cc1a6a608fd0d415e7f6fe6122
N3GD_BODY id=17 off=160 3038698160f5c478f5eee7f0890496ac
N3GD_BODY id=17 off=170 0a0182a81803688189f145f0e23f11f1
N3GD_BODY id=17 off=180 785d88000fe3e212adc9de6f158c72c6
N3GD_BODY id=17 off=190 159607e2181600614074440004bd91de
N3GD_BODY id=17 off=1a0 68939c6a2ed1223578b077e5bbd99e2c
N3GD_BODY id=17 off=1b0 85dd8f73735bc57f88090505409bdd1d
N3GD_BODY id=17 off=1c0 c286fac1ef39e58e7bdcb19eb05833d6
N3GD_BODY id=17 off=1d0 0b18d31d71c023c1497157063d02b44b
N3GD_BODY id=17 off=1e0 f07a3564adf0c031815a9ce30c42beb5
N3GD_BODY id=17 off=1f0 c264303444be5a62060be218488184e3
N3GD_BODY id=17 off=200 03fc242c6283edabf22aa663475c2623
N3GD_BODY id=17 off=210 34d8b8013a6732ac98f011c647b6239b
N3GD_BODY id=17 off=220 aa354c304200096eb58f001431e7f4cf
N3GD_BODY id=17 off=230 c0e32d30ede9f930e3387a8240af0932
N3GD_BODY id=17 off=240 a81648123aaaa7bc38d0026574ca1f16
N3GD_BODY id=17 off=250 64fe58fe141c5b00289ba75fdb1a4175
N3GD_BODY id=17 off=260 f3796ce7dbdb99ad75fbfbb7715a3f4d
N3GD_BODY id=17 off=270 ff0c4a00c2929800080000775c88e57f
N3GD_BODY id=17 off=280 c367d96747708b2c14c421eb5f86e80f
N3GD_BODY id=17 off=290 e4cffff440209de23e2f7bc26c4031bb
N3GD_BODY id=17 off=2a0 bfdeff0bb12160b2fe5a7cb0c1662b21
N3GD_BODY id=17 off=2b0 720a00076433eb15804362337ff96913
N3GD_BODY id=17 off=2c0 fb32166a0da9d228f70832c11aa09bf8
N3GD_BODY id=17 off=2d0 71fc0e1480e3c070e868c7c1f029c586
N3GD_BODY id=17 off=2e0 a36a1bb8104c92eab6432e98b4fefbfc
N3GD_BODY id=17 off=2f0 65bdc18234fca8878aefa632f77772b1
N3GD_BODY id=17 off=300 bb49b76e9f382112dc9afce637e2422a
N3GD_BODY id=17 off=310 1d2748b1d66efb3edc2a8c09c2d635b4
N3GD_BODY id=17 off=320 011214d82e3f4736820468dbb8acc7d0
N3GD_BODY id=17 off=330 5950ad42563945c6c380ef1942e4c5c3
N3GD_BODY id=17 off=340 d8f308c3d345f22f0f9156cebf986050
N3GD_BODY id=17 off=350 e5b3b058cf796b355d4d38aef6d942db
N3GD_BODY id=17 off=360 adc5081a6d28f2e04c32af7b57f96039
N3GD_BODY id=17 off=370 233ed327b9e3af0f1ca261a7467a0280
N3GD_BODY id=17 off=380 22889623d4b3f874870046528a95af5b
N3GD_BODY id=17 off=390 76df7c800a1b73801838f7a7171b7f64
N3GD_BODY id=17 off=3a0 00acd4c4b8efe34018e001c6ded9ef6e
N3GD_BODY id=17 off=3b0 be12949c2733049677f2ff8c012609c6
N3GD_BODY id=17 off=3c0 650145946a4e5983abb30cb1a4c00020
N3GD_BODY id=17 off=3d0 06ac7dac7ef5fc1f7755125766049d57
N3GD_BODY id=17 off=3e0 2c2e43000fdd0f0d31adf3ca4f0141e1
N3GD_BODY id=17 off=3f0 71f0c86f4d13a00021609018e0024a07
N3GD_BODY id=17 off=400 187a6704b4003e6052c71e3216d2854c
N3GD_BODY id=17 off=410 9bda8816042d95cbd3bf8c67d3617900
N3GD_BODY id=17 off=420 d58487f7fef9505e400302719838047d
N3GD_BODY id=17 off=430 7655f4947baac3bcb01c50019d863ca1
N3GD_BODY id=17 off=440 2a76c108977f5c0507808a7c05b6fad4
N3GD_BODY id=17 off=450 90a304e8de5bbb621edc032c862a1c22
N3GD_BODY id=17 off=460 00374014c15269479c675c18b6f086df
N3GD_BODY id=17 off=470 fcf8d5b30a659a1669047ed6d711e9a2
N3GD_BODY id=17 off=480 0b555cdefe1db0011b357936007f7db2
N3GD_BODY id=17 off=490 39a8f330a716fff8a46f7ad741e0a191
N3GD_BODY id=17 off=4a0 0f2fac9dc39c58314658c51dbd03e702
N3GD_BODY id=17 off=4b0 a0b061450160f44d86d9c009f822c8ea
N3GD_BODY id=17 off=4c0 08daf37765f3c144b03b0206ba8ad7e2
N3GD_BODY id=17 off=4d0 d94d9361b68165405f7fe2f17473e6a7
N3GD_BODY id=17 off=4e0 c36c400057476cc49e7427f75f0bb851
N3GD_BODY id=17 off=4f0 8028acc30c5e875ac9ff8498918d0373
N3GD_BODY id=17 off=500 96997b6fcf8618a0017c1ea8184e2e30
N3GD_BODY id=17 off=510 c4f57a28e28c6700092099c1e000539e
N3GD_BODY id=17 off=520 30961446220047878c306c0931631803
N3GD_BODY id=17 off=530 7839042d42f306228d7c4f2fa5d10857
N3GD_BODY id=17 off=540 d7715c0702e3bb8126626481a0c654c1
N3GD_BODY id=17 off=550 264aa7fb0888db8dee666621d680cfdb
N3GD_BODY id=17 off=560 880fa5008bbde2a5648c3400082c03a6
N3GD_BODY id=17 off=570 32c9403dcf97b20e6b454b12e1724600
N3GD_BODY id=17 off=580 0413056a3f7bc3a480e76aac2b380008
N3GD_BODY id=17 off=590 257fa6e2f5c35a0313fb6f8f40d0eb8d
N3GD_BODY id=17 off=5a0 81b80288028794fae51f17c8aeaff0db
N3GD_BODY id=17 off=5b0 3800dfba39c85fe6f19e2addf471cbff
N3GD_BODY id=17 off=5c0 e0bc50c1ea07eebc76edcb629c2ec587
N3GD_BODY id=17 off=5d0 4311977f9e13d82fb18a230b8563313e
N3GD_BODY id=17 off=5e0 6b83505834ce72c0adfc78d094271a37
N3GD_BODY id=17 off=5f0 a65305758adca9392b4cf0901c4fdf70
N3GD_BODY id=17 off=600 315b27afe0c216c1a9ab0ffa1b0a488b
N3GD_BODY id=17 off=610 3a7592b7832033c41eb684ce0f582dfc
N3GD_BODY id=17 off=620 20ce5aa6eef7bf3905107a4d5520d4d5
N3GD_BODY id=17 off=630 87e1d2565080886ce49f6224b107fd3b
N3GD_BODY id=17 off=640 997f43495674aa203d809751ad2fffe1
N3GD_BODY id=17 off=650 91f0d113355fe1d24001334698f2e9f0
N3GD_BODY id=17 off=660 b487ff6e1ae1ee91be6f31239a5f5fc2
N3GD_BODY id=17 off=670 0d83332123fa6abf0c90c005e1d27838
N3GD_BODY id=17 off=680 001455d745800c1b0126860d9262fcf5
N3GD_BODY id=17 off=690 035173af489ef3400fa13bb1e006d037
N3GD_BODY id=17 off=6a0 b1af30bb603140c2154bead9bfb97960
N3GD_BODY id=17 off=6b0 787832f3816c5a28a2c34d0227961ffd
N3GD_BODY id=17 off=6c0 943759f28d71460e4b8338e0e80c6098
N3GD_BODY id=17 off=6d0 53d663c9f9a8a4bcf8488347241c6354
N3GD_BODY id=17 off=6e0 520bfdfe1b640004998b6f4e3f223cb1
N3GD_BODY id=17 off=6f0 51fcf4bad0c5606796594f00c8398b14
N3GD_BODY id=17 off=700 9034cd71ff12e314b5ff1209cd8ab8da
N3GD_BODY id=17 off=710 4fc8a3d788a0990e05c04a1ab3e2ee27
N3GD_BODY id=17 off=720 fde5d6164c32319fbfff848a97587700
N3GD_BODY id=17 off=730 351d1c1809353d65341103b402fb4a1f
N3GD_BODY id=17 off=740 4d0aaeb34b8a75f85c840149106cee70
N3GD_BODY id=17 off=750 34da10f3e57f85aa266dc9d003624099
N3GD_BODY id=17 off=760 6b9f0d00021e0129944713f06001b280
N3GD_BODY id=17 off=770 1822881a587a7f99b0ece06b11e8098d
N3GD_BODY id=17 off=780 8fa32b4cdea79deb5bdb4c40d634a377
N3GD_BODY id=17 off=790 17fc2ec500186f06675337fd9f12c1c3
N3GD_BODY id=17 off=7a0 bbc79614a2a558798b10b6d0dccf1867
N3GD_BODY id=17 off=7b0 8c3e78c25bf8cfea8bfd411aa1904e14
N3GD_BODY id=17 off=7c0 32aaa8fbe0ca3420ef2aaaa5e1802aa2
N3GD_BODY id=17 off=7d0 783ec9d01d4715d852170de00ba17742
N3GD_BODY id=17 off=7e0 aac0ee0e79b27e16dc077cbd4bb6fde3
N3GD_BODY id=17 off=7f0 4584b1f0bc383498bdc1482d2b5f8488
N3GD_OOB id=17 off=000 72a41900c1d90000ff40ffffe5ab0668
N3GD_OOB id=17 off=010 0a52efac2207c7a22532dbc8686282cd
N3GD_OOB id=17 off=020 377bcde4a25178a6eb7c95b8b7fa1e2e
N3GD_OOB id=17 off=030 eddbaafff14d9b9ea7ce563d0b3c39de
N3GD_END id=17
N3GD_BEGIN id=18 kind=cand j=-1 v=0AAA po=57 sl=4294967295 l0=00000000 host=0000A07E tgt=000140FC bank=1 pb=3155 pp=14 phy=403854 shift=4294967295 t=00 ix=0000 u=00000000 l=00000000
N3GD_BODY id=18 off=000 00000000000000000000000000000000
N3GD_BODY id=18 off=010 00000000000000000000000000000000
N3GD_BODY id=18 off=020 00000000000000000000000000000000
N3GD_BODY id=18 off=030 00000000000000000000000000000000
N3GD_BODY id=18 off=040 00000000000000000000000000000000
N3GD_BODY id=18 off=050 00000000000000000000000000000000
N3GD_BODY id=18 off=060 00000000000000000000000000000000
N3GD_BODY id=18 off=070 00000000000000000000000000000000
N3GD_BODY id=18 off=080 00000000000000000000000000000000
N3GD_BODY id=18 off=090 00000000000000000000000000000000
N3GD_BODY id=18 off=0a0 00000000000000000000000000000000
N3GD_BODY id=18 off=0b0 00000000000000000000000000000000
N3GD_BODY id=18 off=0c0 00000000000000000000000000000000
N3GD_BODY id=18 off=0d0 00000000000000000000000000000000
N3GD_BODY id=18 off=0e0 00000000000000000000000000000000
N3GD_BODY id=18 off=0f0 00000000000000000000000000000000
N3GD_BODY id=18 off=100 00000000000000000000000000000000
N3GD_BODY id=18 off=110 00000000000000000000000000000000
N3GD_BODY id=18 off=120 00000000000000000000000000000000
N3GD_BODY id=18 off=130 00000000000000000000000000000000
N3GD_BODY id=18 off=140 00000000000000000000000000000000
N3GD_BODY id=18 off=150 00000000000000000000000000000000
N3GD_BODY id=18 off=160 00000000000000000000000000000000
N3GD_BODY id=18 off=170 00000000000000000000000000000000
N3GD_BODY id=18 off=180 00000000000000000000000000000000
N3GD_BODY id=18 off=190 00000000000000000000000000000000
N3GD_BODY id=18 off=1a0 00000000000000000000000000000000
N3GD_BODY id=18 off=1b0 00000000000000000000000000000000
N3GD_BODY id=18 off=1c0 00000000000000000000000000000000
N3GD_BODY id=18 off=1d0 00000000000000000000000000000000
N3GD_BODY id=18 off=1e0 00000000000000000000000000000000
N3GD_BODY id=18 off=1f0 00000000000000000000000000000000
N3GD_BODY id=18 off=200 00000000000000000000000000000000
N3GD_BODY id=18 off=210 00000000000000000000000000000000
N3GD_BODY id=18 off=220 00000000000000000000000000000000
N3GD_BODY id=18 off=230 00000000000000000000000000000000
N3GD_BODY id=18 off=240 00000000000000000000000000000000
N3GD_BODY id=18 off=250 00000000000000000000000000000000
N3GD_BODY id=18 off=260 00000000000000000000000000000000
N3GD_BODY id=18 off=270 00000000000000000000000000000000
N3GD_BODY id=18 off=280 00000000000000000000000000000000
N3GD_BODY id=18 off=290 00000000000000000000000000000000
N3GD_BODY id=18 off=2a0 00000000000000000000000000000000
N3GD_BODY id=18 off=2b0 00000000000000000000000000000000
N3GD_BODY id=18 off=2c0 00000000000000000000000000000000
N3GD_BODY id=18 off=2d0 00000000000000000000000000000000
N3GD_BODY id=18 off=2e0 00000000000000000000000000000000
N3GD_BODY id=18 off=2f0 00000000000000000000000000000000
N3GD_BODY id=18 off=300 00000000000000000000000000000000
N3GD_BODY id=18 off=310 00000000000000000000000000000000
N3GD_BODY id=18 off=320 00000000000000000000000000000000
N3GD_BODY id=18 off=330 00000000000000000000000000000000
N3GD_BODY id=18 off=340 00000000000000000000000000000000
N3GD_BODY id=18 off=350 00000000000000000000000000000000
N3GD_BODY id=18 off=360 00000000000000000000000000000000
N3GD_BODY id=18 off=370 00000000000000000000000000000000
N3GD_BODY id=18 off=380 00000000000000000000000000000000
N3GD_BODY id=18 off=390 00000000000000000000000000000000
N3GD_BODY id=18 off=3a0 00000000000000000000000000000000
N3GD_BODY id=18 off=3b0 00000000000000000000000000000000
N3GD_BODY id=18 off=3c0 00000000000000000000000000000000
N3GD_BODY id=18 off=3d0 00000000000000000000000000000000
N3GD_BODY id=18 off=3e0 00000000000000000000000000000000
N3GD_BODY id=18 off=3f0 00000000000000000000000000000000
N3GD_BODY id=18 off=400 00000000000000000000000000000000
N3GD_BODY id=18 off=410 00000000000000000000000000000000
N3GD_BODY id=18 off=420 00000000000000000000000000000000
N3GD_BODY id=18 off=430 00000000000000000000000000000000
N3GD_BODY id=18 off=440 00000000000000000000000000000000
N3GD_BODY id=18 off=450 00000000000000000000000000000000
N3GD_BODY id=18 off=460 00000000000000000000000000000000
N3GD_BODY id=18 off=470 00000000000000000000000000000000
N3GD_BODY id=18 off=480 00000000000000000000000000000000
N3GD_BODY id=18 off=490 00000000000000000000000000000000
N3GD_BODY id=18 off=4a0 00000000000000000000000000000000
N3GD_BODY id=18 off=4b0 00000000000000000000000000000000
N3GD_BODY id=18 off=4c0 00000000000000000000000000000000
N3GD_BODY id=18 off=4d0 00000000000000000000000000000000
N3GD_BODY id=18 off=4e0 00000000000000000000000000000000
N3GD_BODY id=18 off=4f0 00000000000000000000000000000000
N3GD_BODY id=18 off=500 00000000000000000000000000000000
N3GD_BODY id=18 off=510 00000000000000000000000000000000
N3GD_BODY id=18 off=520 00000000000000000000000000000000
N3GD_BODY id=18 off=530 00000000000000000000000000000000
N3GD_BODY id=18 off=540 00000000000000000000000000000000
N3GD_BODY id=18 off=550 00000000000000000000000000000000
N3GD_BODY id=18 off=560 00000000000000000000000000000000
N3GD_BODY id=18 off=570 00000000000000000000000000000000
N3GD_BODY id=18 off=580 00000000000000000000000000000000
N3GD_BODY id=18 off=590 00000000000000000000000000000000
N3GD_BODY id=18 off=5a0 00000000000000000000000000000000
N3GD_BODY id=18 off=5b0 00000000000000000000000000000000
N3GD_BODY id=18 off=5c0 00000000000000000000000000000000
N3GD_BODY id=18 off=5d0 00000000000000000000000000000000
N3GD_BODY id=18 off=5e0 00000000000000000000000000000000
N3GD_BODY id=18 off=5f0 00000000000000000000000000000000
N3GD_BODY id=18 off=600 00000000000000000000000000000000
N3GD_BODY id=18 off=610 00000000000000000000000000000000
N3GD_BODY id=18 off=620 00000000000000000000000000000000
N3GD_BODY id=18 off=630 00000000000000000000000000000000
N3GD_BODY id=18 off=640 00000000000000000000000000000000
N3GD_BODY id=18 off=650 00000000000000000000000000000000
N3GD_BODY id=18 off=660 00000000000000000000000000000000
N3GD_BODY id=18 off=670 00000000000000000000000000000000
N3GD_BODY id=18 off=680 00000000000000000000000000000000
N3GD_BODY id=18 off=690 00000000000000000000000000000000
N3GD_BODY id=18 off=6a0 00000000000000000000000000000000
N3GD_BODY id=18 off=6b0 00000000000000000000000000000000
N3GD_BODY id=18 off=6c0 00000000000000000000000000000000
N3GD_BODY id=18 off=6d0 00000000000000000000000000000000
N3GD_BODY id=18 off=6e0 00000000000000000000000000000000
N3GD_BODY id=18 off=6f0 00000000000000000000000000000000
N3GD_BODY id=18 off=700 00000000000000000000000000000000
N3GD_BODY id=18 off=710 00000000000000000000000000000000
N3GD_BODY id=18 off=720 00000000000000000000000000000000
N3GD_BODY id=18 off=730 00000000000000000000000000000000
N3GD_BODY id=18 off=740 00000000000000000000000000000000
N3GD_BODY id=18 off=750 00000000000000000000000000000000
N3GD_BODY id=18 off=760 00000000000000000000000000000000
N3GD_BODY id=18 off=770 00000000000000000000000000000000
N3GD_BODY id=18 off=780 00000000000000000000000000000000
N3GD_BODY id=18 off=790 00000000000000000000000000000000
N3GD_BODY id=18 off=7a0 00000000000000000000000000000000
N3GD_BODY id=18 off=7b0 00000000000000000000000000000000
N3GD_BODY id=18 off=7c0 00000000000000000000000000000000
N3GD_BODY id=18 off=7d0 00000000000000000000000000000000
N3GD_BODY id=18 off=7e0 00000000000000000000000000000000
N3GD_BODY id=18 off=7f0 00000000000000000000000000000000
N3GD_OOB id=18 off=000 000000000000000000000000e5ab0668
N3GD_OOB id=18 off=010 0a52efac2207c7a22532dbc8686282cd
N3GD_OOB id=18 off=020 377bcde4a25178a6eb7c95b8b7fa1e2e
N3GD_OOB id=18 off=030 eddbaafff14d9b9ea7ce563d0b3c39de
N3GD_END id=18
N3GD_BEGIN id=19 kind=cand j=-1 v=0AAA po=58 sl=4294967295 l0=00000000 host=0000A07E tgt=000140FC bank=2 pb=3155 pp=14 phy=403854 shift=4294967295 t=00 ix=0000 u=00000000 l=00000000
N3GD_BODY id=19 off=000 00000000000000000000000000000000
N3GD_BODY id=19 off=010 00000000000000000000000000000000
N3GD_BODY id=19 off=020 00000000000000000000000000000000
N3GD_BODY id=19 off=030 00000000000000000000000000000000
N3GD_BODY id=19 off=040 00000000000000000000000000000000
N3GD_BODY id=19 off=050 00000000000000000000000000000000
N3GD_BODY id=19 off=060 00000000000000000000000000000000
N3GD_BODY id=19 off=070 00000000000000000000000000000000
N3GD_BODY id=19 off=080 00000000000000000000000000000000
N3GD_BODY id=19 off=090 00000000000000000000000000000000
N3GD_BODY id=19 off=0a0 00000000000000000000000000000000
N3GD_BODY id=19 off=0b0 00000000000000000000000000000000
N3GD_BODY id=19 off=0c0 00000000000000000000000000000000
N3GD_BODY id=19 off=0d0 00000000000000000000000000000000
N3GD_BODY id=19 off=0e0 00000000000000000000000000000000
N3GD_BODY id=19 off=0f0 00000000000000000000000000000000
N3GD_BODY id=19 off=100 00000000000000000000000000000000
N3GD_BODY id=19 off=110 00000000000000000000000000000000
N3GD_BODY id=19 off=120 00000000000000000000000000000000
N3GD_BODY id=19 off=130 00000000000000000000000000000000
N3GD_BODY id=19 off=140 00000000000000000000000000000000
N3GD_BODY id=19 off=150 00000000000000000000000000000000
N3GD_BODY id=19 off=160 00000000000000000000000000000000
N3GD_BODY id=19 off=170 00000000000000000000000000000000
N3GD_BODY id=19 off=180 00000000000000000000000000000000
N3GD_BODY id=19 off=190 00000000000000000000000000000000
N3GD_BODY id=19 off=1a0 00000000000000000000000000000000
N3GD_BODY id=19 off=1b0 00000000000000000000000000000000
N3GD_BODY id=19 off=1c0 00000000000000000000000000000000
N3GD_BODY id=19 off=1d0 00000000000000000000000000000000
N3GD_BODY id=19 off=1e0 00000000000000000000000000000000
N3GD_BODY id=19 off=1f0 00000000000000000000000000000000
N3GD_BODY id=19 off=200 00000000000000000000000000000000
N3GD_BODY id=19 off=210 00000000000000000000000000000000
N3GD_BODY id=19 off=220 00000000000000000000000000000000
N3GD_BODY id=19 off=230 00000000000000000000000000000000
N3GD_BODY id=19 off=240 00000000000000000000000000000000
N3GD_BODY id=19 off=250 00000000000000000000000000000000
N3GD_BODY id=19 off=260 00000000000000000000000000000000
N3GD_BODY id=19 off=270 00000000000000000000000000000000
N3GD_BODY id=19 off=280 00000000000000000000000000000000
N3GD_BODY id=19 off=290 00000000000000000000000000000000
N3GD_BODY id=19 off=2a0 00000000000000000000000000000000
N3GD_BODY id=19 off=2b0 00000000000000000000000000000000
N3GD_BODY id=19 off=2c0 00000000000000000000000000000000
N3GD_BODY id=19 off=2d0 00000000000000000000000000000000
N3GD_BODY id=19 off=2e0 00000000000000000000000000000000
N3GD_BODY id=19 off=2f0 00000000000000000000000000000000
N3GD_BODY id=19 off=300 00000000000000000000000000000000
N3GD_BODY id=19 off=310 00000000000000000000000000000000
N3GD_BODY id=19 off=320 00000000000000000000000000000000
N3GD_BODY id=19 off=330 00000000000000000000000000000000
N3GD_BODY id=19 off=340 00000000000000000000000000000000
N3GD_BODY id=19 off=350 00000000000000000000000000000000
N3GD_BODY id=19 off=360 00000000000000000000000000000000
N3GD_BODY id=19 off=370 00000000000000000000000000000000
N3GD_BODY id=19 off=380 00000000000000000000000000000000
N3GD_BODY id=19 off=390 00000000000000000000000000000000
N3GD_BODY id=19 off=3a0 00000000000000000000000000000000
N3GD_BODY id=19 off=3b0 00000000000000000000000000000000
N3GD_BODY id=19 off=3c0 00000000000000000000000000000000
N3GD_BODY id=19 off=3d0 00000000000000000000000000000000
N3GD_BODY id=19 off=3e0 00000000000000000000000000000000
N3GD_BODY id=19 off=3f0 00000000000000000000000000000000
N3GD_BODY id=19 off=400 00000000000000000000000000000000
N3GD_BODY id=19 off=410 00000000000000000000000000000000
N3GD_BODY id=19 off=420 00000000000000000000000000000000
N3GD_BODY id=19 off=430 00000000000000000000000000000000
N3GD_BODY id=19 off=440 00000000000000000000000000000000
N3GD_BODY id=19 off=450 00000000000000000000000000000000
N3GD_BODY id=19 off=460 00000000000000000000000000000000
N3GD_BODY id=19 off=470 00000000000000000000000000000000
N3GD_BODY id=19 off=480 00000000000000000000000000000000
N3GD_BODY id=19 off=490 00000000000000000000000000000000
N3GD_BODY id=19 off=4a0 00000000000000000000000000000000
N3GD_BODY id=19 off=4b0 00000000000000000000000000000000
N3GD_BODY id=19 off=4c0 00000000000000000000000000000000
N3GD_BODY id=19 off=4d0 00000000000000000000000000000000
N3GD_BODY id=19 off=4e0 00000000000000000000000000000000
N3GD_BODY id=19 off=4f0 00000000000000000000000000000000
N3GD_BODY id=19 off=500 00000000000000000000000000000000
N3GD_BODY id=19 off=510 00000000000000000000000000000000
N3GD_BODY id=19 off=520 00000000000000000000000000000000
N3GD_BODY id=19 off=530 00000000000000000000000000000000
N3GD_BODY id=19 off=540 00000000000000000000000000000000
N3GD_BODY id=19 off=550 00000000000000000000000000000000
N3GD_BODY id=19 off=560 00000000000000000000000000000000
N3GD_BODY id=19 off=570 00000000000000000000000000000000
N3GD_BODY id=19 off=580 00000000000000000000000000000000
N3GD_BODY id=19 off=590 00000000000000000000000000000000
N3GD_BODY id=19 off=5a0 00000000000000000000000000000000
N3GD_BODY id=19 off=5b0 00000000000000000000000000000000
N3GD_BODY id=19 off=5c0 00000000000000000000000000000000
N3GD_BODY id=19 off=5d0 00000000000000000000000000000000
N3GD_BODY id=19 off=5e0 00000000000000000000000000000000
N3GD_BODY id=19 off=5f0 00000000000000000000000000000000
N3GD_BODY id=19 off=600 00000000000000000000000000000000
N3GD_BODY id=19 off=610 00000000000000000000000000000000
N3GD_BODY id=19 off=620 00000000000000000000000000000000
N3GD_BODY id=19 off=630 00000000000000000000000000000000
N3GD_BODY id=19 off=640 00000000000000000000000000000000
N3GD_BODY id=19 off=650 00000000000000000000000000000000
N3GD_BODY id=19 off=660 00000000000000000000000000000000
N3GD_BODY id=19 off=670 00000000000000000000000000000000
N3GD_BODY id=19 off=680 00000000000000000000000000000000
N3GD_BODY id=19 off=690 00000000000000000000000000000000
N3GD_BODY id=19 off=6a0 00000000000000000000000000000000
N3GD_BODY id=19 off=6b0 00000000000000000000000000000000
N3GD_BODY id=19 off=6c0 00000000000000000000000000000000
N3GD_BODY id=19 off=6d0 00000000000000000000000000000000
N3GD_BODY id=19 off=6e0 00000000000000000000000000000000
N3GD_BODY id=19 off=6f0 00000000000000000000000000000000
N3GD_BODY id=19 off=700 00000000000000000000000000000000
N3GD_BODY id=19 off=710 00000000000000000000000000000000
N3GD_BODY id=19 off=720 00000000000000000000000000000000
N3GD_BODY id=19 off=730 00000000000000000000000000000000
N3GD_BODY id=19 off=740 00000000000000000000000000000000
N3GD_BODY id=19 off=750 00000000000000000000000000000000
N3GD_BODY id=19 off=760 00000000000000000000000000000000
N3GD_BODY id=19 off=770 00000000000000000000000000000000
N3GD_BODY id=19 off=780 00000000000000000000000000000000
N3GD_BODY id=19 off=790 00000000000000000000000000000000
N3GD_BODY id=19 off=7a0 00000000000000000000000000000000
N3GD_BODY id=19 off=7b0 00000000000000000000000000000000
N3GD_BODY id=19 off=7c0 00000000000000000000000000000000
N3GD_BODY id=19 off=7d0 00000000000000000000000000000000
N3GD_BODY id=19 off=7e0 00000000000000000000000000000000
N3GD_BODY id=19 off=7f0 00000000000000000000000000000000
N3GD_OOB id=19 off=000 000000000000000000000000e5ab0668
N3GD_OOB id=19 off=010 0a52efac2207c7a22532dbc8686282cd
N3GD_OOB id=19 off=020 377bcde4a25178a6eb7c95b8b7fa1e2e
N3GD_OOB id=19 off=030 eddbaafff14d9b9ea7ce563d0b3c39de
N3GD_END id=19
N3GD_BEGIN id=20 kind=cand j=-1 v=0AAA po=59 sl=4294967295 l0=00000000 host=0000A07E tgt=000140FC bank=3 pb=3155 pp=14 phy=403854 shift=4294967295 t=00 ix=0000 u=00000000 l=00000000
N3GD_BODY id=20 off=000 00000000000000000000000000000000
N3GD_BODY id=20 off=010 00000000000000000000000000000000
N3GD_BODY id=20 off=020 00000000000000000000000000000000
N3GD_BODY id=20 off=030 00000000000000000000000000000000
N3GD_BODY id=20 off=040 00000000000000000000000000000000
N3GD_BODY id=20 off=050 00000000000000000000000000000000
N3GD_BODY id=20 off=060 00000000000000000000000000000000
N3GD_BODY id=20 off=070 00000000000000000000000000000000
N3GD_BODY id=20 off=080 00000000000000000000000000000000
N3GD_BODY id=20 off=090 00000000000000000000000000000000
N3GD_BODY id=20 off=0a0 00000000000000000000000000000000
N3GD_BODY id=20 off=0b0 00000000000000000000000000000000
N3GD_BODY id=20 off=0c0 00000000000000000000000000000000
N3GD_BODY id=20 off=0d0 00000000000000000000000000000000
N3GD_BODY id=20 off=0e0 00000000000000000000000000000000
N3GD_BODY id=20 off=0f0 00000000000000000000000000000000
N3GD_BODY id=20 off=100 00000000000000000000000000000000
N3GD_BODY id=20 off=110 00000000000000000000000000000000
N3GD_BODY id=20 off=120 00000000000000000000000000000000
N3GD_BODY id=20 off=130 00000000000000000000000000000000
N3GD_BODY id=20 off=140 00000000000000000000000000000000
N3GD_BODY id=20 off=150 00000000000000000000000000000000
N3GD_BODY id=20 off=160 00000000000000000000000000000000
N3GD_BODY id=20 off=170 00000000000000000000000000000000
N3GD_BODY id=20 off=180 00000000000000000000000000000000
N3GD_BODY id=20 off=190 00000000000000000000000000000000
N3GD_BODY id=20 off=1a0 00000000000000000000000000000000
N3GD_BODY id=20 off=1b0 00000000000000000000000000000000
N3GD_BODY id=20 off=1c0 00000000000000000000000000000000
N3GD_BODY id=20 off=1d0 00000000000000000000000000000000
N3GD_BODY id=20 off=1e0 00000000000000000000000000000000
N3GD_BODY id=20 off=1f0 00000000000000000000000000000000
N3GD_BODY id=20 off=200 00000000000000000000000000000000
N3GD_BODY id=20 off=210 00000000000000000000000000000000
N3GD_BODY id=20 off=220 00000000000000000000000000000000
N3GD_BODY id=20 off=230 00000000000000000000000000000000
N3GD_BODY id=20 off=240 00000000000000000000000000000000
N3GD_BODY id=20 off=250 00000000000000000000000000000000
N3GD_BODY id=20 off=260 00000000000000000000000000000000
N3GD_BODY id=20 off=270 00000000000000000000000000000000
N3GD_BODY id=20 off=280 00000000000000000000000000000000
N3GD_BODY id=20 off=290 00000000000000000000000000000000
N3GD_BODY id=20 off=2a0 00000000000000000000000000000000
N3GD_BODY id=20 off=2b0 00000000000000000000000000000000
N3GD_BODY id=20 off=2c0 00000000000000000000000000000000
N3GD_BODY id=20 off=2d0 00000000000000000000000000000000
N3GD_BODY id=20 off=2e0 00000000000000000000000000000000
N3GD_BODY id=20 off=2f0 00000000000000000000000000000000
N3GD_BODY id=20 off=300 00000000000000000000000000000000
N3GD_BODY id=20 off=310 00000000000000000000000000000000
N3GD_BODY id=20 off=320 00000000000000000000000000000000
N3GD_BODY id=20 off=330 00000000000000000000000000000000
N3GD_BODY id=20 off=340 00000000000000000000000000000000
N3GD_BODY id=20 off=350 00000000000000000000000000000000
N3GD_BODY id=20 off=360 00000000000000000000000000000000
N3GD_BODY id=20 off=370 00000000000000000000000000000000
N3GD_BODY id=20 off=380 00000000000000000000000000000000
N3GD_BODY id=20 off=390 00000000000000000000000000000000
N3GD_BODY id=20 off=3a0 00000000000000000000000000000000
N3GD_BODY id=20 off=3b0 00000000000000000000000000000000
N3GD_BODY id=20 off=3c0 00000000000000000000000000000000
N3GD_BODY id=20 off=3d0 00000000000000000000000000000000
N3GD_BODY id=20 off=3e0 00000000000000000000000000000000
N3GD_BODY id=20 off=3f0 00000000000000000000000000000000
N3GD_BODY id=20 off=400 00000000000000000000000000000000
N3GD_BODY id=20 off=410 00000000000000000000000000000000
N3GD_BODY id=20 off=420 00000000000000000000000000000000
N3GD_BODY id=20 off=430 00000000000000000000000000000000
N3GD_BODY id=20 off=440 00000000000000000000000000000000
N3GD_BODY id=20 off=450 00000000000000000000000000000000
N3GD_BODY id=20 off=460 00000000000000000000000000000000
N3GD_BODY id=20 off=470 00000000000000000000000000000000
N3GD_BODY id=20 off=480 00000000000000000000000000000000
N3GD_BODY id=20 off=490 00000000000000000000000000000000
N3GD_BODY id=20 off=4a0 00000000000000000000000000000000
N3GD_BODY id=20 off=4b0 00000000000000000000000000000000
N3GD_BODY id=20 off=4c0 00000000000000000000000000000000
N3GD_BODY id=20 off=4d0 00000000000000000000000000000000
N3GD_BODY id=20 off=4e0 00000000000000000000000000000000
N3GD_BODY id=20 off=4f0 00000000000000000000000000000000
N3GD_BODY id=20 off=500 00000000000000000000000000000000
N3GD_BODY id=20 off=510 00000000000000000000000000000000
N3GD_BODY id=20 off=520 00000000000000000000000000000000
N3GD_BODY id=20 off=530 00000000000000000000000000000000
N3GD_BODY id=20 off=540 00000000000000000000000000000000
N3GD_BODY id=20 off=550 00000000000000000000000000000000
N3GD_BODY id=20 off=560 00000000000000000000000000000000
N3GD_BODY id=20 off=570 00000000000000000000000000000000
N3GD_BODY id=20 off=580 00000000000000000000000000000000
N3GD_BODY id=20 off=590 00000000000000000000000000000000
N3GD_BODY id=20 off=5a0 00000000000000000000000000000000
N3GD_BODY id=20 off=5b0 00000000000000000000000000000000
N3GD_BODY id=20 off=5c0 00000000000000000000000000000000
N3GD_BODY id=20 off=5d0 00000000000000000000000000000000
N3GD_BODY id=20 off=5e0 00000000000000000000000000000000
N3GD_BODY id=20 off=5f0 00000000000000000000000000000000
N3GD_BODY id=20 off=600 00000000000000000000000000000000
N3GD_BODY id=20 off=610 00000000000000000000000000000000
N3GD_BODY id=20 off=620 00000000000000000000000000000000
N3GD_BODY id=20 off=630 00000000000000000000000000000000
N3GD_BODY id=20 off=640 00000000000000000000000000000000
N3GD_BODY id=20 off=650 00000000000000000000000000000000
N3GD_BODY id=20 off=660 00000000000000000000000000000000
N3GD_BODY id=20 off=670 00000000000000000000000000000000
N3GD_BODY id=20 off=680 00000000000000000000000000000000
N3GD_BODY id=20 off=690 00000000000000000000000000000000
N3GD_BODY id=20 off=6a0 00000000000000000000000000000000
N3GD_BODY id=20 off=6b0 00000000000000000000000000000000
N3GD_BODY id=20 off=6c0 00000000000000000000000000000000
N3GD_BODY id=20 off=6d0 00000000000000000000000000000000
N3GD_BODY id=20 off=6e0 00000000000000000000000000000000
N3GD_BODY id=20 off=6f0 00000000000000000000000000000000
N3GD_BODY id=20 off=700 00000000000000000000000000000000
N3GD_BODY id=20 off=710 00000000000000000000000000000000
N3GD_BODY id=20 off=720 00000000000000000000000000000000
N3GD_BODY id=20 off=730 00000000000000000000000000000000
N3GD_BODY id=20 off=740 00000000000000000000000000000000
N3GD_BODY id=20 off=750 00000000000000000000000000000000
N3GD_BODY id=20 off=760 00000000000000000000000000000000
N3GD_BODY id=20 off=770 00000000000000000000000000000000
N3GD_BODY id=20 off=780 00000000000000000000000000000000
N3GD_BODY id=20 off=790 00000000000000000000000000000000
N3GD_BODY id=20 off=7a0 00000000000000000000000000000000
N3GD_BODY id=20 off=7b0 00000000000000000000000000000000
N3GD_BODY id=20 off=7c0 00000000000000000000000000000000
N3GD_BODY id=20 off=7d0 00000000000000000000000000000000
N3GD_BODY id=20 off=7e0 00000000000000000000000000000000
N3GD_BODY id=20 off=7f0 00000000000000000000000000000000
N3GD_OOB id=20 off=000 000000000000000000000000e5ab0668
N3GD_OOB id=20 off=010 0a52efac2207c7a22532dbc8686282cd
N3GD_OOB id=20 off=020 377bcde4a25178a6eb7c95b8b7fa1e2e
N3GD_OOB id=20 off=030 eddbaafff14d9b9ea7ce563d0b3c39de
N3GD_END id=20
N3GD_BEGIN id=21 kind=cand j=-1 v=0AAA po=60 sl=4294967295 l0=0019A47A host=0000A07E tgt=000140FC bank=0 pb=3155 pp=15 phy=403855 shift=4294967295 t=40 ix=D9C1 u=0019A47A l=0019A47A
N3GD_BODY id=21 off=000 e2e3abe3360705465090dd638095b260
N3GD_BODY id=21 off=010 0620b7fc7842010a606301c7be0f3f58
N3GD_BODY id=21 off=020 b71adb6f8403e9a7cd95a4ad132f97b2
N3GD_BODY id=21 off=030 4a562c6e1930e3d2f8ffa6631c787594
N3GD_BODY id=21 off=040 006b2b8cb88f4fde35cef8a7f5c3db2e
N3GD_BODY id=21 off=050 d82a71ff94221b93c2c05719aaebfc3e
N3GD_BODY id=21 off=060 0e4284b206ae8ed032aeb5f5d8aa6a12
N3GD_BODY id=21 off=070 573be31ea4ac33d1d3e8e21a0f8c720b
N3GD_BODY id=21 off=080 920ef8965990624998ff8571bcfff1e0
N3GD_BODY id=21 off=090 d42c98c63613938d763165a5ffe497e3
N3GD_BODY id=21 off=0a0 d898d808bb79fe026bc2e0c068a9f669
N3GD_BODY id=21 off=0b0 84c6600335be817fc271340380d580de
N3GD_BODY id=21 off=0c0 f20e4b6aa521d12aa89535756c0300a7
N3GD_BODY id=21 off=0d0 2b371dbff82403087db0db2000400060
N3GD_BODY id=21 off=0e0 eb2a892897ab9567f56c0e008e681042
N3GD_BODY id=21 off=0f0 282d49dc37d93c69d8a673d57089b805
N3GD_BODY id=21 off=100 f3ca6709099c00569406295b18167812
N3GD_BODY id=21 off=110 0358700015f00037648519ea1590002d
N3GD_BODY id=21 off=120 79831cc8376897087ee800037601d40f
N3GD_BODY id=21 off=130 0feea6415620b09ee3690a1c28cde160
N3GD_BODY id=21 off=140 7aa3bf605e8b69dc05f916f020422278
N3GD_BODY id=21 off=150 0ec5f3dddb16009532117c98309a1400
N3GD_BODY id=21 off=160 08811c3da5b6b112be76a12c0dae0676
N3GD_BODY id=21 off=170 d8e2481afbb035d0d4236de4000d7c30
N3GD_BODY id=21 off=180 00041e30e23a67f43422ae571cae0009
N3GD_BODY id=21 off=190 70f603ac45a0026dfa3044a3d59fa1ae
N3GD_BODY id=21 off=1a0 46ebb885971a507ad586483d65070099
N3GD_BODY id=21 off=1b0 2dbc3ac4be1ff6ffc49a1caea5ffe686
N3GD_BODY id=21 off=1c0 852b24aff57d7fc108b586ee858cc5cb
N3GD_BODY id=21 off=1d0 cbe743eeaff81f8063820343b5905455
N3GD_BODY id=21 off=1e0 4e23598d605cae7bbc1db81e2283476a
N3GD_BODY id=21 off=1f0 545c9cbb379877034dc84940618a4181
N3GD_BODY id=21 off=200 617970c23f8846f937c862049b0247f0
N3GD_BODY id=21 off=210 63e4081e123e00236fc30210f8613166
N3GD_BODY id=21 off=220 81de7e071eca5571c1839c3327271fc2
N3GD_BODY id=21 off=230 fc5abc5d07813125fe4cb98628002a89
N3GD_BODY id=21 off=240 84ee572025125957f01f1b1f19d0197a
N3GD_BODY id=21 off=250 10b3e12b8d6af12ee07e06a08df77ae0
N3GD_BODY id=21 off=260 f04f8d4ca98827082c0ccc5589ffe1e2
N3GD_BODY id=21 off=270 100028302215d4941896710d43f5e4cf
N3GD_BODY id=21 off=280 14be559e567dced60ff9786d419be6ff
N3GD_BODY id=21 off=290 0eb28245aaeffd79bf86cb706abbf8d2
N3GD_BODY id=21 off=2a0 39ac629f3b860705cc4c515bdbbbb86e
N3GD_BODY id=21 off=2b0 1d9637fc05282605681b3629db4342c4
N3GD_BODY id=21 off=2c0 8eb6ff7837f695556075ec3b2808292b
N3GD_BODY id=21 off=2d0 601173f4ad7edbc908bcce397afe61e1
N3GD_BODY id=21 off=2e0 e505135ac0d71b40ab2186b66355b170
N3GD_BODY id=21 off=2f0 5f636fa8d44121bdcbff6120470c2a46
N3GD_BODY id=21 off=300 688f1c881b98c307dc370d162ddb0786
N3GD_BODY id=21 off=310 84ea3d8cde2be0430562041e393707c2
N3GD_BODY id=21 off=320 6caf22a8568868f023a7b2bea1fa731e
N3GD_BODY id=21 off=330 c48ca10929e6f5fa8210e02721386848
N3GD_BODY id=21 off=340 9ac1a42c32aa84499388c0a1de080108
N3GD_BODY id=21 off=350 7495c0bde44d6fad668800406aa7b271
N3GD_BODY id=21 off=360 46008000c1cafb5a0c021e0b0a4e7eff
N3GD_BODY id=21 off=370 e662ad3d7473a6217c7083444e430f6c
N3GD_BODY id=21 off=380 ea621c036980035b1a2f30e6f0182795
N3GD_BODY id=21 off=390 91488ed413642a4201c0d0c161a5b8eb
N3GD_BODY id=21 off=3a0 a2dff7f1a8c23ec1b68893b7a41076b6
N3GD_BODY id=21 off=3b0 9e4249c4c84c82ea57601e53d81a86fb
N3GD_BODY id=21 off=3c0 953dc1e00fa3794a495a3d8027dfb0ad
N3GD_BODY id=21 off=3d0 800203167656dfd30cbdf23538970477
N3GD_BODY id=21 off=3e0 2f01121f31b7fc6cc000e49003684a61
N3GD_BODY id=21 off=3f0 58d3e407fc02a41f7fc3aca003de0503
N3GD_BODY id=21 off=400 1e4b5ec0848b91f7ffb77e05daec3a8a
N3GD_BODY id=21 off=410 0b140065d8620fa03028bf0284890e06
N3GD_BODY id=21 off=420 75a60a92a5cfe1d22000a04a6153eb24
N3GD_BODY id=21 off=430 f026e6454491aa0a9114287ab8ce6003
N3GD_BODY id=21 off=440 9cd7ca53fb44cc00d42cff7ec2dfffc1
N3GD_BODY id=21 off=450 200181d8f2ec67a99f661189170c58c1
N3GD_BODY id=21 off=460 8401e5e77b9fefc83864d9273d53537f
N3GD_BODY id=21 off=470 58352f42c83edc0e8035c382201b4c32
N3GD_BODY id=21 off=480 0740ff18708e828c52834c2ddc483e7f
N3GD_BODY id=21 off=490 15c3a440071f07d5ecc1e6fcc00abc32
N3GD_BODY id=21 off=4a0 c3f2aff8211f301b39c770e18e849938
N3GD_BODY id=21 off=4b0 f9b7a52e2f0050874000043c10905836
N3GD_BODY id=21 off=4c0 4447c407eb27c210c94e1a008c1dd8f6
N3GD_BODY id=21 off=4d0 1900080240c41020f1724f1c1f220f93
N3GD_BODY id=21 off=4e0 8f8f4917dc0a0180911c56f9ba967819
N3GD_BODY id=21 off=4f0 828a76e121a0a91793e81561147a57bb
N3GD_BODY id=21 off=500 be54ea9d629336c739484a98c5265566
N3GD_BODY id=21 off=510 0d250e4c09721468e0529b1d5e4a4bf8
N3GD_BODY id=21 off=520 76800c28223bd250c6aa37e3df2ff837
N3GD_BODY id=21 off=530 f7297dade297c3016611c4b83b728ae2
N3GD_BODY id=21 off=540 a0e90be5e2dc3ca000635f185510b196
N3GD_BODY id=21 off=550 757fdc230330c62b1ec87a8522538b05
N3GD_BODY id=21 off=560 43f178ec6d18c98cff86db0004934d46
N3GD_BODY id=21 off=570 4d91c77fa538f959f29ef8499101bbc1
N3GD_BODY id=21 off=580 c5737f8d94f0eece1433dbba5f350d96
N3GD_BODY id=21 off=590 ddddedbc614e07b03b0da37461ac1bf8
N3GD_BODY id=21 off=5a0 ae24716320263d671a2056094b95b76d
N3GD_BODY id=21 off=5b0 68c6445ca17f4ed3f60943b77e0fbe27
N3GD_BODY id=21 off=5c0 8a2862e4fcd6f3f941087d595478c1ad
N3GD_BODY id=21 off=5d0 7707aef52a4aa836b1a4a4b34ca9dbdd
N3GD_BODY id=21 off=5e0 b8419cbc0e2840b2db3f37bcd0f0982b
N3GD_BODY id=21 off=5f0 1131beab9749cac0d1c353ebd740430c
N3GD_BODY id=21 off=600 8955581da5baafc34e11b4fafffe7fb7
N3GD_BODY id=21 off=610 0f81f837c1c42c232090c1035298dfe1
N3GD_BODY id=21 off=620 820a00389a027ed9014823b00a02df7f
N3GD_BODY id=21 off=630 03abfc700ace2024c0a44c980008007c
N3GD_BODY id=21 off=640 2c34dfc31e7048b0004781b7e401dc22
N3GD_BODY id=21 off=650 63ce56248c191c632f04e278078b8b89
N3GD_BODY id=21 off=660 445376fa7db9502b26133b80009fe8dc
N3GD_BODY id=21 off=670 f96ed68902c499d3f63835555b917c28
N3GD_BODY id=21 off=680 6e1749997be916b0902a476cf3b629b0
N3GD_BODY id=21 off=690 e918003a2302bd5067b56d00345bffd4
N3GD_BODY id=21 off=6a0 94a28695834c88b601a6976a74857620
N3GD_BODY id=21 off=6b0 946000c3e6d4e3ec00308b850ec1f61d
N3GD_BODY id=21 off=6c0 1c455645ff808003006c5e465c1c8686
N3GD_BODY id=21 off=6d0 9a087de983bfad3c3987a26ff8e62aae
N3GD_BODY id=21 off=6e0 7dd09601a6a29b2a5bb15ff0a8291494
N3GD_BODY id=21 off=6f0 a80531a018443aa67cafaa7f156acd92
N3GD_BODY id=21 off=700 55a3b5043e8086080f4c74842c7b6560
N3GD_BODY id=21 off=710 034f43ce1efd70371761a0c340f43881
N3GD_BODY id=21 off=720 e7e7bcbceef0eb802593a000100c001f
N3GD_BODY id=21 off=730 d00719feee9d9066409301675ec5325c
N3GD_BODY id=21 off=740 93c6ea0b0554d1e4c001c61a4803a286
N3GD_BODY id=21 off=750 e4bb85e4868dcc5385d97f3fff854631
N3GD_BODY id=21 off=760 802b50bf9bc1a8963a05c46833fdefc1
N3GD_BODY id=21 off=770 70390434cffd78d058670f06a8898c70
N3GD_BODY id=21 off=780 35a5b1bc3921600af67ac3a4383b286c
N3GD_BODY id=21 off=790 837edffe2fb7bfc2b868a2ff5ff17831
N3GD_BODY id=21 off=7a0 0122750a70a96bc8fbbac528b770288b
N3GD_BODY id=21 off=7b0 0ca02c7096a84b1bc446849212e83bfd
N3GD_BODY id=21 off=7c0 34fc128483cb6669bc56e5f70743408c
N3GD_BODY id=21 off=7d0 b165aff86a60064edc006041c654e03e
N3GD_BODY id=21 off=7e0 c7e012341d6c904fc0957200554a118a
N3GD_BODY id=21 off=7f0 1a3c709e949015c45c60e33c1dae415b
N3GD_OOB id=21 off=000 7aa41900c1d90000ff40ffffe5ab0668
N3GD_OOB id=21 off=010 0a52efac2207c7a22532dbc8686282cd
N3GD_OOB id=21 off=020 377bcde4a25178a6eb7c95b8b7fa1e2e
N3GD_OOB id=21 off=030 eddbaafff14d9b9ea7ce563d0b3c39de
N3GD_END id=21
N3GD_BEGIN id=22 kind=cand j=-1 v=0AAA po=61 sl=4294967295 l0=00000000 host=0000A07E tgt=000140FC bank=1 pb=3155 pp=15 phy=403855 shift=4294967295 t=00 ix=0000 u=00000000 l=00000000
N3GD_BODY id=22 off=000 00000000000000000000000000000000
N3GD_BODY id=22 off=010 00000000000000000000000000000000
N3GD_BODY id=22 off=020 00000000000000000000000000000000
N3GD_BODY id=22 off=030 00000000000000000000000000000000
N3GD_BODY id=22 off=040 00000000000000000000000000000000
N3GD_BODY id=22 off=050 00000000000000000000000000000000
N3GD_BODY id=22 off=060 00000000000000000000000000000000
N3GD_BODY id=22 off=070 00000000000000000000000000000000
N3GD_BODY id=22 off=080 00000000000000000000000000000000
N3GD_BODY id=22 off=090 00000000000000000000000000000000
N3GD_BODY id=22 off=0a0 00000000000000000000000000000000
N3GD_BODY id=22 off=0b0 00000000000000000000000000000000
N3GD_BODY id=22 off=0c0 00000000000000000000000000000000
N3GD_BODY id=22 off=0d0 00000000000000000000000000000000
N3GD_BODY id=22 off=0e0 00000000000000000000000000000000
N3GD_BODY id=22 off=0f0 00000000000000000000000000000000
N3GD_BODY id=22 off=100 00000000000000000000000000000000
N3GD_BODY id=22 off=110 00000000000000000000000000000000
N3GD_BODY id=22 off=120 00000000000000000000000000000000
N3GD_BODY id=22 off=130 00000000000000000000000000000000
N3GD_BODY id=22 off=140 00000000000000000000000000000000
N3GD_BODY id=22 off=150 00000000000000000000000000000000
N3GD_BODY id=22 off=160 00000000000000000000000000000000
N3GD_BODY id=22 off=170 00000000000000000000000000000000
N3GD_BODY id=22 off=180 00000000000000000000000000000000
N3GD_BODY id=22 off=190 00000000000000000000000000000000
N3GD_BODY id=22 off=1a0 00000000000000000000000000000000
N3GD_BODY id=22 off=1b0 00000000000000000000000000000000
N3GD_BODY id=22 off=1c0 00000000000000000000000000000000
N3GD_BODY id=22 off=1d0 00000000000000000000000000000000
N3GD_BODY id=22 off=1e0 00000000000000000000000000000000
N3GD_BODY id=22 off=1f0 00000000000000000000000000000000
N3GD_BODY id=22 off=200 00000000000000000000000000000000
N3GD_BODY id=22 off=210 00000000000000000000000000000000
N3GD_BODY id=22 off=220 00000000000000000000000000000000
N3GD_BODY id=22 off=230 00000000000000000000000000000000
N3GD_BODY id=22 off=240 00000000000000000000000000000000
N3GD_BODY id=22 off=250 00000000000000000000000000000000
N3GD_BODY id=22 off=260 00000000000000000000000000000000
N3GD_BODY id=22 off=270 00000000000000000000000000000000
N3GD_BODY id=22 off=280 00000000000000000000000000000000
N3GD_BODY id=22 off=290 00000000000000000000000000000000
N3GD_BODY id=22 off=2a0 00000000000000000000000000000000
N3GD_BODY id=22 off=2b0 00000000000000000000000000000000
N3GD_BODY id=22 off=2c0 00000000000000000000000000000000
N3GD_BODY id=22 off=2d0 00000000000000000000000000000000
N3GD_BODY id=22 off=2e0 00000000000000000000000000000000
N3GD_BODY id=22 off=2f0 00000000000000000000000000000000
N3GD_BODY id=22 off=300 00000000000000000000000000000000
N3GD_BODY id=22 off=310 00000000000000000000000000000000
N3GD_BODY id=22 off=320 00000000000000000000000000000000
N3GD_BODY id=22 off=330 00000000000000000000000000000000
N3GD_BODY id=22 off=340 00000000000000000000000000000000
N3GD_BODY id=22 off=350 00000000000000000000000000000000
N3GD_BODY id=22 off=360 00000000000000000000000000000000
N3GD_BODY id=22 off=370 00000000000000000000000000000000
N3GD_BODY id=22 off=380 00000000000000000000000000000000
N3GD_BODY id=22 off=390 00000000000000000000000000000000
N3GD_BODY id=22 off=3a0 00000000000000000000000000000000
N3GD_BODY id=22 off=3b0 00000000000000000000000000000000
N3GD_BODY id=22 off=3c0 00000000000000000000000000000000
N3GD_BODY id=22 off=3d0 00000000000000000000000000000000
N3GD_BODY id=22 off=3e0 00000000000000000000000000000000
N3GD_BODY id=22 off=3f0 00000000000000000000000000000000
N3GD_BODY id=22 off=400 00000000000000000000000000000000
N3GD_BODY id=22 off=410 00000000000000000000000000000000
N3GD_BODY id=22 off=420 00000000000000000000000000000000
N3GD_BODY id=22 off=430 00000000000000000000000000000000
N3GD_BODY id=22 off=440 00000000000000000000000000000000
N3GD_BODY id=22 off=450 00000000000000000000000000000000
N3GD_BODY id=22 off=460 00000000000000000000000000000000
N3GD_BODY id=22 off=470 00000000000000000000000000000000
N3GD_BODY id=22 off=480 00000000000000000000000000000000
N3GD_BODY id=22 off=490 00000000000000000000000000000000
N3GD_BODY id=22 off=4a0 00000000000000000000000000000000
N3GD_BODY id=22 off=4b0 00000000000000000000000000000000
N3GD_BODY id=22 off=4c0 00000000000000000000000000000000
N3GD_BODY id=22 off=4d0 00000000000000000000000000000000
N3GD_BODY id=22 off=4e0 00000000000000000000000000000000
N3GD_BODY id=22 off=4f0 00000000000000000000000000000000
N3GD_BODY id=22 off=500 00000000000000000000000000000000
N3GD_BODY id=22 off=510 00000000000000000000000000000000
N3GD_BODY id=22 off=520 00000000000000000000000000000000
N3GD_BODY id=22 off=530 00000000000000000000000000000000
N3GD_BODY id=22 off=540 00000000000000000000000000000000
N3GD_BODY id=22 off=550 00000000000000000000000000000000
N3GD_BODY id=22 off=560 00000000000000000000000000000000
N3GD_BODY id=22 off=570 00000000000000000000000000000000
N3GD_BODY id=22 off=580 00000000000000000000000000000000
N3GD_BODY id=22 off=590 00000000000000000000000000000000
N3GD_BODY id=22 off=5a0 00000000000000000000000000000000
N3GD_BODY id=22 off=5b0 00000000000000000000000000000000
N3GD_BODY id=22 off=5c0 00000000000000000000000000000000
N3GD_BODY id=22 off=5d0 00000000000000000000000000000000
N3GD_BODY id=22 off=5e0 00000000000000000000000000000000
N3GD_BODY id=22 off=5f0 00000000000000000000000000000000
N3GD_BODY id=22 off=600 00000000000000000000000000000000
N3GD_BODY id=22 off=610 00000000000000000000000000000000
N3GD_BODY id=22 off=620 00000000000000000000000000000000
N3GD_BODY id=22 off=630 00000000000000000000000000000000
N3GD_BODY id=22 off=640 00000000000000000000000000000000
N3GD_BODY id=22 off=650 00000000000000000000000000000000
N3GD_BODY id=22 off=660 00000000000000000000000000000000
N3GD_BODY id=22 off=670 00000000000000000000000000000000
N3GD_BODY id=22 off=680 00000000000000000000000000000000
N3GD_BODY id=22 off=690 00000000000000000000000000000000
N3GD_BODY id=22 off=6a0 00000000000000000000000000000000
N3GD_BODY id=22 off=6b0 00000000000000000000000000000000
N3GD_BODY id=22 off=6c0 00000000000000000000000000000000
N3GD_BODY id=22 off=6d0 00000000000000000000000000000000
N3GD_BODY id=22 off=6e0 00000000000000000000000000000000
N3GD_BODY id=22 off=6f0 00000000000000000000000000000000
N3GD_BODY id=22 off=700 00000000000000000000000000000000
N3GD_BODY id=22 off=710 00000000000000000000000000000000
N3GD_BODY id=22 off=720 00000000000000000000000000000000
N3GD_BODY id=22 off=730 00000000000000000000000000000000
N3GD_BODY id=22 off=740 00000000000000000000000000000000
N3GD_BODY id=22 off=750 00000000000000000000000000000000
N3GD_BODY id=22 off=760 00000000000000000000000000000000
N3GD_BODY id=22 off=770 00000000000000000000000000000000
N3GD_BODY id=22 off=780 00000000000000000000000000000000
N3GD_BODY id=22 off=790 00000000000000000000000000000000
N3GD_BODY id=22 off=7a0 00000000000000000000000000000000
N3GD_BODY id=22 off=7b0 00000000000000000000000000000000
N3GD_BODY id=22 off=7c0 00000000000000000000000000000000
N3GD_BODY id=22 off=7d0 00000000000000000000000000000000
N3GD_BODY id=22 off=7e0 00000000000000000000000000000000
N3GD_BODY id=22 off=7f0 00000000000000000000000000000000
N3GD_OOB id=22 off=000 000000000000000000000000e5ab0668
N3GD_OOB id=22 off=010 0a52efac2207c7a22532dbc8686282cd
N3GD_OOB id=22 off=020 377bcde4a25178a6eb7c95b8b7fa1e2e
N3GD_OOB id=22 off=030 eddbaafff14d9b9ea7ce563d0b3c39de
N3GD_END id=22
N3GD_BEGIN id=23 kind=cand j=-1 v=0AAA po=62 sl=4294967295 l0=00000000 host=0000A07E tgt=000140FC bank=2 pb=3155 pp=15 phy=403855 shift=4294967295 t=00 ix=0000 u=00000000 l=00000000
N3GD_BODY id=23 off=000 00000000000000000000000000000000
N3GD_BODY id=23 off=010 00000000000000000000000000000000
N3GD_BODY id=23 off=020 00000000000000000000000000000000
N3GD_BODY id=23 off=030 00000000000000000000000000000000
N3GD_BODY id=23 off=040 00000000000000000000000000000000
N3GD_BODY id=23 off=050 00000000000000000000000000000000
N3GD_BODY id=23 off=060 00000000000000000000000000000000
N3GD_BODY id=23 off=070 00000000000000000000000000000000
N3GD_BODY id=23 off=080 00000000000000000000000000000000
N3GD_BODY id=23 off=090 00000000000000000000000000000000
N3GD_BODY id=23 off=0a0 00000000000000000000000000000000
N3GD_BODY id=23 off=0b0 00000000000000000000000000000000
N3GD_BODY id=23 off=0c0 00000000000000000000000000000000
N3GD_BODY id=23 off=0d0 00000000000000000000000000000000
N3GD_BODY id=23 off=0e0 00000000000000000000000000000000
N3GD_BODY id=23 off=0f0 00000000000000000000000000000000
N3GD_BODY id=23 off=100 00000000000000000000000000000000
N3GD_BODY id=23 off=110 00000000000000000000000000000000
N3GD_BODY id=23 off=120 00000000000000000000000000000000
N3GD_BODY id=23 off=130 00000000000000000000000000000000
N3GD_BODY id=23 off=140 00000000000000000000000000000000
N3GD_BODY id=23 off=150 00000000000000000000000000000000
N3GD_BODY id=23 off=160 00000000000000000000000000000000
N3GD_BODY id=23 off=170 00000000000000000000000000000000
N3GD_BODY id=23 off=180 00000000000000000000000000000000
N3GD_BODY id=23 off=190 00000000000000000000000000000000
N3GD_BODY id=23 off=1a0 00000000000000000000000000000000
N3GD_BODY id=23 off=1b0 00000000000000000000000000000000
N3GD_BODY id=23 off=1c0 00000000000000000000000000000000
N3GD_BODY id=23 off=1d0 00000000000000000000000000000000
N3GD_BODY id=23 off=1e0 00000000000000000000000000000000
N3GD_BODY id=23 off=1f0 00000000000000000000000000000000
N3GD_BODY id=23 off=200 00000000000000000000000000000000
N3GD_BODY id=23 off=210 00000000000000000000000000000000
N3GD_BODY id=23 off=220 00000000000000000000000000000000
N3GD_BODY id=23 off=230 00000000000000000000000000000000
N3GD_BODY id=23 off=240 00000000000000000000000000000000
N3GD_BODY id=23 off=250 00000000000000000000000000000000
N3GD_BODY id=23 off=260 00000000000000000000000000000000
N3GD_BODY id=23 off=270 00000000000000000000000000000000
N3GD_BODY id=23 off=280 00000000000000000000000000000000
N3GD_BODY id=23 off=290 00000000000000000000000000000000
N3GD_BODY id=23 off=2a0 00000000000000000000000000000000
N3GD_BODY id=23 off=2b0 00000000000000000000000000000000
N3GD_BODY id=23 off=2c0 00000000000000000000000000000000
N3GD_BODY id=23 off=2d0 00000000000000000000000000000000
N3GD_BODY id=23 off=2e0 00000000000000000000000000000000
N3GD_BODY id=23 off=2f0 00000000000000000000000000000000
N3GD_BODY id=23 off=300 00000000000000000000000000000000
N3GD_BODY id=23 off=310 00000000000000000000000000000000
N3GD_BODY id=23 off=320 00000000000000000000000000000000
N3GD_BODY id=23 off=330 00000000000000000000000000000000
N3GD_BODY id=23 off=340 00000000000000000000000000000000
N3GD_BODY id=23 off=350 00000000000000000000000000000000
N3GD_BODY id=23 off=360 00000000000000000000000000000000
N3GD_BODY id=23 off=370 00000000000000000000000000000000
N3GD_BODY id=23 off=380 00000000000000000000000000000000
N3GD_BODY id=23 off=390 00000000000000000000000000000000
N3GD_BODY id=23 off=3a0 00000000000000000000000000000000
N3GD_BODY id=23 off=3b0 00000000000000000000000000000000
N3GD_BODY id=23 off=3c0 00000000000000000000000000000000
N3GD_BODY id=23 off=3d0 00000000000000000000000000000000
N3GD_BODY id=23 off=3e0 00000000000000000000000000000000
N3GD_BODY id=23 off=3f0 00000000000000000000000000000000
N3GD_BODY id=23 off=400 00000000000000000000000000000000
N3GD_BODY id=23 off=410 00000000000000000000000000000000
N3GD_BODY id=23 off=420 00000000000000000000000000000000
N3GD_BODY id=23 off=430 00000000000000000000000000000000
N3GD_BODY id=23 off=440 00000000000000000000000000000000
N3GD_BODY id=23 off=450 00000000000000000000000000000000
N3GD_BODY id=23 off=460 00000000000000000000000000000000
N3GD_BODY id=23 off=470 00000000000000000000000000000000
N3GD_BODY id=23 off=480 00000000000000000000000000000000
N3GD_BODY id=23 off=490 00000000000000000000000000000000
N3GD_BODY id=23 off=4a0 00000000000000000000000000000000
N3GD_BODY id=23 off=4b0 00000000000000000000000000000000
N3GD_BODY id=23 off=4c0 00000000000000000000000000000000
N3GD_BODY id=23 off=4d0 00000000000000000000000000000000
N3GD_BODY id=23 off=4e0 00000000000000000000000000000000
N3GD_BODY id=23 off=4f0 00000000000000000000000000000000
N3GD_BODY id=23 off=500 00000000000000000000000000000000
N3GD_BODY id=23 off=510 00000000000000000000000000000000
N3GD_BODY id=23 off=520 00000000000000000000000000000000
N3GD_BODY id=23 off=530 00000000000000000000000000000000
N3GD_BODY id=23 off=540 00000000000000000000000000000000
N3GD_BODY id=23 off=550 00000000000000000000000000000000
N3GD_BODY id=23 off=560 00000000000000000000000000000000
N3GD_BODY id=23 off=570 00000000000000000000000000000000
N3GD_BODY id=23 off=580 00000000000000000000000000000000
N3GD_BODY id=23 off=590 00000000000000000000000000000000
N3GD_BODY id=23 off=5a0 00000000000000000000000000000000
N3GD_BODY id=23 off=5b0 00000000000000000000000000000000
N3GD_BODY id=23 off=5c0 00000000000000000000000000000000
N3GD_BODY id=23 off=5d0 00000000000000000000000000000000
N3GD_BODY id=23 off=5e0 00000000000000000000000000000000
N3GD_BODY id=23 off=5f0 00000000000000000000000000000000
N3GD_BODY id=23 off=600 00000000000000000000000000000000
N3GD_BODY id=23 off=610 00000000000000000000000000000000
N3GD_BODY id=23 off=620 00000000000000000000000000000000
N3GD_BODY id=23 off=630 00000000000000000000000000000000
N3GD_BODY id=23 off=640 00000000000000000000000000000000
N3GD_BODY id=23 off=650 00000000000000000000000000000000
N3GD_BODY id=23 off=660 00000000000000000000000000000000
N3GD_BODY id=23 off=670 00000000000000000000000000000000
N3GD_BODY id=23 off=680 00000000000000000000000000000000
N3GD_BODY id=23 off=690 00000000000000000000000000000000
N3GD_BODY id=23 off=6a0 00000000000000000000000000000000
N3GD_BODY id=23 off=6b0 00000000000000000000000000000000
N3GD_BODY id=23 off=6c0 00000000000000000000000000000000
N3GD_BODY id=23 off=6d0 00000000000000000000000000000000
N3GD_BODY id=23 off=6e0 00000000000000000000000000000000
N3GD_BODY id=23 off=6f0 00000000000000000000000000000000
N3GD_BODY id=23 off=700 00000000000000000000000000000000
N3GD_BODY id=23 off=710 00000000000000000000000000000000
N3GD_BODY id=23 off=720 00000000000000000000000000000000
N3GD_BODY id=23 off=730 00000000000000000000000000000000
N3GD_BODY id=23 off=740 00000000000000000000000000000000
N3GD_BODY id=23 off=750 00000000000000000000000000000000
N3GD_BODY id=23 off=760 00000000000000000000000000000000
N3GD_BODY id=23 off=770 00000000000000000000000000000000
N3GD_BODY id=23 off=780 00000000000000000000000000000000
N3GD_BODY id=23 off=790 00000000000000000000000000000000
N3GD_BODY id=23 off=7a0 00000000000000000000000000000000
N3GD_BODY id=23 off=7b0 00000000000000000000000000000000
N3GD_BODY id=23 off=7c0 00000000000000000000000000000000
N3GD_BODY id=23 off=7d0 00000000000000000000000000000000
N3GD_BODY id=23 off=7e0 00000000000000000000000000000000
N3GD_BODY id=23 off=7f0 00000000000000000000000000000000
N3GD_OOB id=23 off=000 000000000000000000000000e5ab0668
N3GD_OOB id=23 off=010 0a52efac2207c7a22532dbc8686282cd
N3GD_OOB id=23 off=020 377bcde4a25178a6eb7c95b8b7fa1e2e
N3GD_OOB id=23 off=030 eddbaafff14d9b9ea7ce563d0b3c39de
N3GD_END id=23
N3GD_BEGIN id=24 kind=cand j=-1 v=0AAA po=63 sl=4294967295 l0=00000000 host=0000A07E tgt=000140FC bank=3 pb=3155 pp=15 phy=403855 shift=4294967295 t=00 ix=0000 u=00000000 l=00000000
N3GD_BODY id=24 off=000 00000000000000000000000000000000
N3GD_BODY id=24 off=010 00000000000000000000000000000000
N3GD_BODY id=24 off=020 00000000000000000000000000000000
N3GD_BODY id=24 off=030 00000000000000000000000000000000
N3GD_BODY id=24 off=040 00000000000000000000000000000000
N3GD_BODY id=24 off=050 00000000000000000000000000000000
N3GD_BODY id=24 off=060 00000000000000000000000000000000
N3GD_BODY id=24 off=070 00000000000000000000000000000000
N3GD_BODY id=24 off=080 00000000000000000000000000000000
N3GD_BODY id=24 off=090 00000000000000000000000000000000
N3GD_BODY id=24 off=0a0 00000000000000000000000000000000
N3GD_BODY id=24 off=0b0 00000000000000000000000000000000
N3GD_BODY id=24 off=0c0 00000000000000000000000000000000
N3GD_BODY id=24 off=0d0 00000000000000000000000000000000
N3GD_BODY id=24 off=0e0 00000000000000000000000000000000
N3GD_BODY id=24 off=0f0 00000000000000000000000000000000
N3GD_BODY id=24 off=100 00000000000000000000000000000000
N3GD_BODY id=24 off=110 00000000000000000000000000000000
N3GD_BODY id=24 off=120 00000000000000000000000000000000
N3GD_BODY id=24 off=130 00000000000000000000000000000000
N3GD_BODY id=24 off=140 00000000000000000000000000000000
N3GD_BODY id=24 off=150 00000000000000000000000000000000
N3GD_BODY id=24 off=160 00000000000000000000000000000000
N3GD_BODY id=24 off=170 00000000000000000000000000000000
N3GD_BODY id=24 off=180 00000000000000000000000000000000
N3GD_BODY id=24 off=190 00000000000000000000000000000000
N3GD_BODY id=24 off=1a0 00000000000000000000000000000000
N3GD_BODY id=24 off=1b0 00000000000000000000000000000000
N3GD_BODY id=24 off=1c0 00000000000000000000000000000000
N3GD_BODY id=24 off=1d0 00000000000000000000000000000000
N3GD_BODY id=24 off=1e0 00000000000000000000000000000000
N3GD_BODY id=24 off=1f0 00000000000000000000000000000000
N3GD_BODY id=24 off=200 00000000000000000000000000000000
N3GD_BODY id=24 off=210 00000000000000000000000000000000
N3GD_BODY id=24 off=220 00000000000000000000000000000000
N3GD_BODY id=24 off=230 00000000000000000000000000000000
N3GD_BODY id=24 off=240 00000000000000000000000000000000
N3GD_BODY id=24 off=250 00000000000000000000000000000000
N3GD_BODY id=24 off=260 00000000000000000000000000000000
N3GD_BODY id=24 off=270 00000000000000000000000000000000
N3GD_BODY id=24 off=280 00000000000000000000000000000000
N3GD_BODY id=24 off=290 00000000000000000000000000000000
N3GD_BODY id=24 off=2a0 00000000000000000000000000000000
N3GD_BODY id=24 off=2b0 00000000000000000000000000000000
N3GD_BODY id=24 off=2c0 00000000000000000000000000000000
N3GD_BODY id=24 off=2d0 00000000000000000000000000000000
N3GD_BODY id=24 off=2e0 00000000000000000000000000000000
N3GD_BODY id=24 off=2f0 00000000000000000000000000000000
N3GD_BODY id=24 off=300 00000000000000000000000000000000
N3GD_BODY id=24 off=310 00000000000000000000000000000000
N3GD_BODY id=24 off=320 00000000000000000000000000000000
N3GD_BODY id=24 off=330 00000000000000000000000000000000
N3GD_BODY id=24 off=340 00000000000000000000000000000000
N3GD_BODY id=24 off=350 00000000000000000000000000000000
N3GD_BODY id=24 off=360 00000000000000000000000000000000
N3GD_BODY id=24 off=370 00000000000000000000000000000000
N3GD_BODY id=24 off=380 00000000000000000000000000000000
N3GD_BODY id=24 off=390 00000000000000000000000000000000
N3GD_BODY id=24 off=3a0 00000000000000000000000000000000
N3GD_BODY id=24 off=3b0 00000000000000000000000000000000
N3GD_BODY id=24 off=3c0 00000000000000000000000000000000
N3GD_BODY id=24 off=3d0 00000000000000000000000000000000
N3GD_BODY id=24 off=3e0 00000000000000000000000000000000
N3GD_BODY id=24 off=3f0 00000000000000000000000000000000
N3GD_BODY id=24 off=400 00000000000000000000000000000000
N3GD_BODY id=24 off=410 00000000000000000000000000000000
N3GD_BODY id=24 off=420 00000000000000000000000000000000
N3GD_BODY id=24 off=430 00000000000000000000000000000000
N3GD_BODY id=24 off=440 00000000000000000000000000000000
N3GD_BODY id=24 off=450 00000000000000000000000000000000
N3GD_BODY id=24 off=460 00000000000000000000000000000000
N3GD_BODY id=24 off=470 00000000000000000000000000000000
N3GD_BODY id=24 off=480 00000000000000000000000000000000
N3GD_BODY id=24 off=490 00000000000000000000000000000000
N3GD_BODY id=24 off=4a0 00000000000000000000000000000000
N3GD_BODY id=24 off=4b0 00000000000000000000000000000000
N3GD_BODY id=24 off=4c0 00000000000000000000000000000000
N3GD_BODY id=24 off=4d0 00000000000000000000000000000000
N3GD_BODY id=24 off=4e0 00000000000000000000000000000000
N3GD_BODY id=24 off=4f0 00000000000000000000000000000000
N3GD_BODY id=24 off=500 00000000000000000000000000000000
N3GD_BODY id=24 off=510 00000000000000000000000000000000
N3GD_BODY id=24 off=520 00000000000000000000000000000000
N3GD_BODY id=24 off=530 00000000000000000000000000000000
N3GD_BODY id=24 off=540 00000000000000000000000000000000
N3GD_BODY id=24 off=550 00000000000000000000000000000000
N3GD_BODY id=24 off=560 00000000000000000000000000000000
N3GD_BODY id=24 off=570 00000000000000000000000000000000
N3GD_BODY id=24 off=580 00000000000000000000000000000000
N3GD_BODY id=24 off=590 00000000000000000000000000000000
N3GD_BODY id=24 off=5a0 00000000000000000000000000000000
N3GD_BODY id=24 off=5b0 00000000000000000000000000000000
N3GD_BODY id=24 off=5c0 00000000000000000000000000000000
N3GD_BODY id=24 off=5d0 00000000000000000000000000000000
N3GD_BODY id=24 off=5e0 00000000000000000000000000000000
N3GD_BODY id=24 off=5f0 00000000000000000000000000000000
N3GD_BODY id=24 off=600 00000000000000000000000000000000
N3GD_BODY id=24 off=610 00000000000000000000000000000000
N3GD_BODY id=24 off=620 00000000000000000000000000000000
N3GD_BODY id=24 off=630 00000000000000000000000000000000
N3GD_BODY id=24 off=640 00000000000000000000000000000000
N3GD_BODY id=24 off=650 00000000000000000000000000000000
N3GD_BODY id=24 off=660 00000000000000000000000000000000
N3GD_BODY id=24 off=670 00000000000000000000000000000000
N3GD_BODY id=24 off=680 00000000000000000000000000000000
N3GD_BODY id=24 off=690 00000000000000000000000000000000
N3GD_BODY id=24 off=6a0 00000000000000000000000000000000
N3GD_BODY id=24 off=6b0 00000000000000000000000000000000
N3GD_BODY id=24 off=6c0 00000000000000000000000000000000
N3GD_BODY id=24 off=6d0 00000000000000000000000000000000
N3GD_BODY id=24 off=6e0 00000000000000000000000000000000
N3GD_BODY id=24 off=6f0 00000000000000000000000000000000
N3GD_BODY id=24 off=700 00000000000000000000000000000000
N3GD_BODY id=24 off=710 00000000000000000000000000000000
N3GD_BODY id=24 off=720 00000000000000000000000000000000
N3GD_BODY id=24 off=730 00000000000000000000000000000000
N3GD_BODY id=24 off=740 00000000000000000000000000000000
N3GD_BODY id=24 off=750 00000000000000000000000000000000
N3GD_BODY id=24 off=760 00000000000000000000000000000000
N3GD_BODY id=24 off=770 00000000000000000000000000000000
N3GD_BODY id=24 off=780 00000000000000000000000000000000
N3GD_BODY id=24 off=790 00000000000000000000000000000000
N3GD_BODY id=24 off=7a0 00000000000000000000000000000000
N3GD_BODY id=24 off=7b0 00000000000000000000000000000000
N3GD_BODY id=24 off=7c0 00000000000000000000000000000000
N3GD_BODY id=24 off=7d0 00000000000000000000000000000000
N3GD_BODY id=24 off=7e0 00000000000000000000000000000000
N3GD_BODY id=24 off=7f0 00000000000000000000000000000000
N3GD_OOB id=24 off=000 000000000000000000000000e5ab0668
N3GD_OOB id=24 off=010 0a52efac2207c7a22532dbc8686282cd
N3GD_OOB id=24 off=020 377bcde4a25178a6eb7c95b8b7fa1e2e
N3GD_OOB id=24 off=030 eddbaafff14d9b9ea7ce563d0b3c39de
N3GD_END id=24
N3GD_BEGIN id=25 kind=cand j=-1 v=0AAA po=64 sl=3 l0=0019A482 host=0000A07E tgt=000140FC bank=0 pb=3155 pp=16 phy=403856 shift=-11 t=40 ix=D9C1 u=0019A482 l=0019A482
N3GD_BODY id=25 off=000 a9b742dba5f878158291007e3a8fb04a
N3GD_BODY id=25 off=010 d1940909e32823d43ad36440c5a8f164
N3GD_BODY id=25 off=020 787cd1f3ee0329028781481a864ebdab
N3GD_BODY id=25 off=030 3b4efd828206e1dbafe119c5614a438c
N3GD_BODY id=25 off=040 1abef93fc87e641b3621c1b515278abd
N3GD_BODY id=25 off=050 b6f036860316d30b594621c00cccec66
N3GD_BODY id=25 off=060 bb3c18122114b14583837ed83bf87140
N3GD_BODY id=25 off=070 0882093a0a4fb8ddaff2d60845fb205a
N3GD_BODY id=25 off=080 991c7c02e9782b95a990300f180cb04d
N3GD_BODY id=25 off=090 8abc1556394cb78791c3a44002a4bc24
N3GD_BODY id=25 off=0a0 c123466169f6c14718c83a3c70006f03
N3GD_BODY id=25 off=0b0 507c79fbccf6015429873c003a0d0002
N3GD_BODY id=25 off=0c0 10c01c1fc0ebc4741fe1e362a953a6f5
N3GD_BODY id=25 off=0d0 09ec3aa003bff98000815fe00046eb0e
N3GD_BODY id=25 off=0e0 cb2b1cb7ddaca90e58d81da3f29052c6
N3GD_BODY id=25 off=0f0 10528ca1052ca4296052020590a0378f
N3GD_BODY id=25 off=100 0132b4f48e026455881d3a64e0998714
N3GD_BODY id=25 off=110 07436e694b839321565f25659eefa6cc
N3GD_BODY id=25 off=120 6e9b673a5d0386b0f2d897632ed858d3
N3GD_BODY id=25 off=130 87120016b2082dca947da0ddaa0b0335
N3GD_BODY id=25 off=140 41597ff07fc0d4568c682d680d873d01
N3GD_BODY id=25 off=150 c79057ae5ab6dbf03d01383a56d228db
N3GD_BODY id=25 off=160 d200f7b257a265b035042901ad256794
N3GD_BODY id=25 off=170 a5de0d32b7e1502307f8229e0d61e4cd
N3GD_BODY id=25 off=180 4341f6c09160e3d34c1df9575772d62a
N3GD_BODY id=25 off=190 f01020480c4c04f0f66f0eb578c15b9c
N3GD_BODY id=25 off=1a0 e977156df0e1ce20a60ecd84ee5afcdf
N3GD_BODY id=25 off=1b0 8a0a82a14c46233915bdf6552cf71d14
N3GD_BODY id=25 off=1c0 8d4e03837622ed7b190fc50598af5733
N3GD_BODY id=25 off=1d0 edfaa65990addc3b537b7f82aa38a50b
N3GD_BODY id=25 off=1e0 94626b98e030448689204421505709e2
N3GD_BODY id=25 off=1f0 ca5c108238c064865e0e05fc1b7cd83a
N3GD_BODY id=25 off=200 bf80b20230d31a264a9b4248922eddc5
N3GD_BODY id=25 off=210 6eb48421cbfb2bdcd29db25a5018f0b6
N3GD_BODY id=25 off=220 00b98f1fe116242718e83a685cb10ffc
N3GD_BODY id=25 off=230 61209871546c5624e13af8a14b8850d3
N3GD_BODY id=25 off=240 d8e42c8aa2e2eaa1e0aa0c298d3f06a1
N3GD_BODY id=25 off=250 0164013920f93b0e3068c09546ac2029
N3GD_BODY id=25 off=260 da0ca0a0a836e78f954ed207fc5a4ec4
N3GD_BODY id=25 off=270 3e75e071088c2caaaad56984fe0d8105
N3GD_BODY id=25 off=280 f8bfda2d7de2b0f1200382156e41c79a
N3GD_BODY id=25 off=290 f7b0628fb26badf9ec71baf47cc8832e
N3GD_BODY id=25 off=2a0 201a8376f43c09e0981d6e253fe06a2a
N3GD_BODY id=25 off=2b0 40085118331c1b5dcfe1d21000100d20
N3GD_BODY id=25 off=2c0 532825451fa1b441b76081b3f803ae12
N3GD_BODY id=25 off=2d0 054b90178a15c33750c526dd0c0151da
N3GD_BODY id=25 off=2e0 e5e2903ada0e48be7fbfeff013f0f81c
N3GD_BODY id=25 off=2f0 00261430544b65e395d9dcfeef02b432
N3GD_BODY id=25 off=300 257110db85f844042380e9b0725c1eb8
N3GD_BODY id=25 off=310 fbd83afbfc05c8148691b06818b0e90a
N3GD_BODY id=25 off=320 81d9d76782cf0768258e940ac3c624ed
N3GD_BODY id=25 off=330 64efc8c3b9fff0680cc125104a34ecc9
N3GD_BODY id=25 off=340 884a46d6088361d2333e94d1b9b1c9cd
N3GD_BODY id=25 off=350 2c19591cafa107156fefa3c465f9b3f1
N3GD_BODY id=25 off=360 430e2c30555822c56daff47f17746d63
N3GD_BODY id=25 off=370 05070d40d235995dc6a5fe1061b403ba
N3GD_BODY id=25 off=380 2ac61ae321875a85bb76f320fc7fdc3f
N3GD_BODY id=25 off=390 35c1452c007bc0b0bb8484c3b906b200
N3GD_BODY id=25 off=3a0 f68c6891ca32cbbcdb80b7010808304c
N3GD_BODY id=25 off=3b0 0dcca055c5dab00126cc08e2c7d83010
N3GD_BODY id=25 off=3c0 f657c7efeee0507250c0bf81c3eaf5d9
N3GD_BODY id=25 off=3d0 a0cfe7d9a9c3a44007905f1048a383ab
N3GD_BODY id=25 off=3e0 0197f954a051616d8922987b20018602
N3GD_BODY id=25 off=3f0 902986a7f583cf4a8beb0701bc5dc7e1
N3GD_BODY id=25 off=400 8528068b81a921b057333962c00da071
N3GD_BODY id=25 off=410 4bde6b8753026971034aa283eb6ff492
N3GD_BODY id=25 off=420 561c6acfa0701bfc5058341abffe1403
N3GD_BODY id=25 off=430 c7030a032b464597bd554b6add70e260
N3GD_BODY id=25 off=440 27d0f4e17f1e7ea0f2df0b1964c65e98
N3GD_BODY id=25 off=450 9ef8a58a5883a104d16b2d7c5b787120
N3GD_BODY id=25 off=460 00df5320f319d0bfeb39a838df076e6f
N3GD_BODY id=25 off=470 d382ac33e561a87d12ebf78877875400
N3GD_BODY id=25 off=480 4ba01acce103e906beffe540628e033f
N3GD_BODY id=25 off=490 06031552e8e30842b74d52a1fdae307f
N3GD_BODY id=25 off=4a0 fc19983b0462d286f553bd4f3fda9d38
N3GD_BODY id=25 off=4b0 7060ca306430aa0a03efb763ef024c75
N3GD_BODY id=25 off=4c0 7343fc2b272e2b7eb74df0ce867cb50d
N3GD_BODY id=25 off=4d0 a8179ebcfe997614e98458625b777f08
N3GD_BODY id=25 off=4e0 c03f1c0a08aad02d462b3fc93d9bfbb3
N3GD_BODY id=25 off=4f0 02700a60fc2601ce9b1a4c17096c46b6
N3GD_BODY id=25 off=500 b5e4969145154d501202dc5bc800b80b
N3GD_BODY id=25 off=510 4acbc24983f02ecb770ea94f3b5dda2d
N3GD_BODY id=25 off=520 e024c51ce502a51e52ee62180d4bf414
N3GD_BODY id=25 off=530 1a2240718e231073c42e2682623e91e6
N3GD_BODY id=25 off=540 22172f6f3bded7cd47c1934455b7253f
N3GD_BODY id=25 off=550 06a0843ef9b577670e44161989951080
N3GD_BODY id=25 off=560 0d625b71c0018fe5dfc22ceba5bc77ff
N3GD_BODY id=25 off=570 c5e5e70bb382a33b9b9231a2deb0d197
N3GD_BODY id=25 off=580 5318d375b886bbc6851473acbdddccd8
N3GD_BODY id=25 off=590 896b335974562b3df62fd8e670aaa3b6
N3GD_BODY id=25 off=5a0 29c2f41c29439cd8e71d5f98a24fb14e
N3GD_BODY id=25 off=5b0 2f09c40005e96435f80128125453bef9
N3GD_BODY id=25 off=5c0 51c3a7d02ac8da79801b264031db60e2
N3GD_BODY id=25 off=5d0 7408f4a20c4e07bc141a6b48cc1870c2
N3GD_BODY id=25 off=5e0 ad001158682a577d5a8409ff03129bb0
N3GD_BODY id=25 off=5f0 6c2996c11e6e000c28f6106ba2da03fc
N3GD_BODY id=25 off=600 0002003ee18900642865b8dc9edc0db4
N3GD_BODY id=25 off=610 1c80149b87fe19b0347cbd43d962a4d3
N3GD_BODY id=25 off=620 423706d502b60206123fd20de4d12191
N3GD_BODY id=25 off=630 0a2501cf603fd02507a7355900135af6
N3GD_BODY id=25 off=640 c06841b7ffff5fd72983e5fc11df05f9
N3GD_BODY id=25 off=650 996fa03491de84fba1c3683a039c0782
N3GD_BODY id=25 off=660 121383311ce8f2f6e2b8748800190107
N3GD_BODY id=25 off=670 71a6b4b12d89decd9824809650030ac0
N3GD_BODY id=25 off=680 08945031c0cb6b1bd59fe9ed8583f9aa
N3GD_BODY id=25 off=690 338e1ee4fe4e97e1c43c3582b3b38fbe
N3GD_BODY id=25 off=6a0 dd7e30873918e93b589e2adbe332f4a1
N3GD_BODY id=25 off=6b0 824029850d1c42f0715c1fad61e79c16
N3GD_BODY id=25 off=6c0 5bb37c503542d4c8c319434f08090528
N3GD_BODY id=25 off=6d0 8e0f9f8b294332a97474dc7e10bd7c7c
N3GD_BODY id=25 off=6e0 11f080704da8e1d816907e1be7fc18fd
N3GD_BODY id=25 off=6f0 0da20005b3200670c2a8da3a17c1b2ff
N3GD_BODY id=25 off=700 027c6ee4c4067de1d5e18505565880ef
N3GD_BODY id=25 off=710 98cd84a72a5421355e20920c0693c558
N3GD_BODY id=25 off=720 f763bf1ee84a737126c40f51bed6f655
N3GD_BODY id=25 off=730 5dc3a410000f9212e411ef693201610e
N3GD_BODY id=25 off=740 976061c1f82c983da7a77cdb998800cd
N3GD_BODY id=25 off=750 438823f69050a0815c031c049b20d301
N3GD_BODY id=25 off=760 441a3bf1df95b5270fe7f07ff0228168
N3GD_BODY id=25 off=770 103818eb81082c2d82dca0b604380db9
N3GD_BODY id=25 off=780 42f263c6fc11ffc1807838afcc7fcbee
N3GD_BODY id=25 off=790 5eede2c6f25ffe359700f83e45055b88
N3GD_BODY id=25 off=7a0 07822a71c00129e0002001033a23974f
N3GD_BODY id=25 off=7b0 eb6e7c3b801e78b8ffa96f9e48065fec
N3GD_BODY id=25 off=7c0 18fc2803f0be8c8a87f66f5fffe02aea
N3GD_BODY id=25 off=7d0 bfb06c88006f18102fe01dc1a8fd782f
N3GD_BODY id=25 off=7e0 86a178f0ea400aa230181fad81c7ead3
N3GD_BODY id=25 off=7f0 debd3c5b16c5b01690ee110547bc1f6e
N3GD_OOB id=25 off=000 82a41900c1d90000ff40ffffe5ab0668
N3GD_OOB id=25 off=010 0a52efac2207c7a22532dbc8686282cd
N3GD_OOB id=25 off=020 377bcde4a25178a6eb7c95b8b7fa1e2e
N3GD_OOB id=25 off=030 eddbaafff14d9b9ea7ce563d0b3c39de
N3GD_END id=25
N3GD_BEGIN id=26 kind=cand j=-1 v=0AAA po=65 sl=4294967295 l0=00000000 host=0000A07E tgt=000140FC bank=1 pb=3155 pp=16 phy=403856 shift=4294967295 t=00 ix=0000 u=00000000 l=00000000
N3GD_BODY id=26 off=000 00000000000000000000000000000000
N3GD_BODY id=26 off=010 00000000000000000000000000000000
N3GD_BODY id=26 off=020 00000000000000000000000000000000
N3GD_BODY id=26 off=030 00000000000000000000000000000000
N3GD_BODY id=26 off=040 00000000000000000000000000000000
N3GD_BODY id=26 off=050 00000000000000000000000000000000
N3GD_BODY id=26 off=060 00000000000000000000000000000000
N3GD_BODY id=26 off=070 00000000000000000000000000000000
N3GD_BODY id=26 off=080 00000000000000000000000000000000
N3GD_BODY id=26 off=090 00000000000000000000000000000000
N3GD_BODY id=26 off=0a0 00000000000000000000000000000000
N3GD_BODY id=26 off=0b0 00000000000000000000000000000000
N3GD_BODY id=26 off=0c0 00000000000000000000000000000000
N3GD_BODY id=26 off=0d0 00000000000000000000000000000000
N3GD_BODY id=26 off=0e0 00000000000000000000000000000000
N3GD_BODY id=26 off=0f0 00000000000000000000000000000000
N3GD_BODY id=26 off=100 00000000000000000000000000000000
N3GD_BODY id=26 off=110 00000000000000000000000000000000
N3GD_BODY id=26 off=120 00000000000000000000000000000000
N3GD_BODY id=26 off=130 00000000000000000000000000000000
N3GD_BODY id=26 off=140 00000000000000000000000000000000
N3GD_BODY id=26 off=150 00000000000000000000000000000000
N3GD_BODY id=26 off=160 00000000000000000000000000000000
N3GD_BODY id=26 off=170 00000000000000000000000000000000
N3GD_BODY id=26 off=180 00000000000000000000000000000000
N3GD_BODY id=26 off=190 00000000000000000000000000000000
N3GD_BODY id=26 off=1a0 00000000000000000000000000000000
N3GD_BODY id=26 off=1b0 00000000000000000000000000000000
N3GD_BODY id=26 off=1c0 00000000000000000000000000000000
N3GD_BODY id=26 off=1d0 00000000000000000000000000000000
N3GD_BODY id=26 off=1e0 00000000000000000000000000000000
N3GD_BODY id=26 off=1f0 00000000000000000000000000000000
N3GD_BODY id=26 off=200 00000000000000000000000000000000
N3GD_BODY id=26 off=210 00000000000000000000000000000000
N3GD_BODY id=26 off=220 00000000000000000000000000000000
N3GD_BODY id=26 off=230 00000000000000000000000000000000
N3GD_BODY id=26 off=240 00000000000000000000000000000000
N3GD_BODY id=26 off=250 00000000000000000000000000000000
N3GD_BODY id=26 off=260 00000000000000000000000000000000
N3GD_BODY id=26 off=270 00000000000000000000000000000000
N3GD_BODY id=26 off=280 00000000000000000000000000000000
N3GD_BODY id=26 off=290 00000000000000000000000000000000
N3GD_BODY id=26 off=2a0 00000000000000000000000000000000
N3GD_BODY id=26 off=2b0 00000000000000000000000000000000
N3GD_BODY id=26 off=2c0 00000000000000000000000000000000
N3GD_BODY id=26 off=2d0 00000000000000000000000000000000
N3GD_BODY id=26 off=2e0 00000000000000000000000000000000
N3GD_BODY id=26 off=2f0 00000000000000000000000000000000
N3GD_BODY id=26 off=300 00000000000000000000000000000000
N3GD_BODY id=26 off=310 00000000000000000000000000000000
N3GD_BODY id=26 off=320 00000000000000000000000000000000
N3GD_BODY id=26 off=330 00000000000000000000000000000000
N3GD_BODY id=26 off=340 00000000000000000000000000000000
N3GD_BODY id=26 off=350 00000000000000000000000000000000
N3GD_BODY id=26 off=360 00000000000000000000000000000000
N3GD_BODY id=26 off=370 00000000000000000000000000000000
N3GD_BODY id=26 off=380 00000000000000000000000000000000
N3GD_BODY id=26 off=390 00000000000000000000000000000000
N3GD_BODY id=26 off=3a0 00000000000000000000000000000000
N3GD_BODY id=26 off=3b0 00000000000000000000000000000000
N3GD_BODY id=26 off=3c0 00000000000000000000000000000000
N3GD_BODY id=26 off=3d0 00000000000000000000000000000000
N3GD_BODY id=26 off=3e0 00000000000000000000000000000000
N3GD_BODY id=26 off=3f0 00000000000000000000000000000000
N3GD_BODY id=26 off=400 00000000000000000000000000000000
N3GD_BODY id=26 off=410 00000000000000000000000000000000
N3GD_BODY id=26 off=420 00000000000000000000000000000000
N3GD_BODY id=26 off=430 00000000000000000000000000000000
N3GD_BODY id=26 off=440 00000000000000000000000000000000
N3GD_BODY id=26 off=450 00000000000000000000000000000000
N3GD_BODY id=26 off=460 00000000000000000000000000000000
N3GD_BODY id=26 off=470 00000000000000000000000000000000
N3GD_BODY id=26 off=480 00000000000000000000000000000000
N3GD_BODY id=26 off=490 00000000000000000000000000000000
N3GD_BODY id=26 off=4a0 00000000000000000000000000000000
N3GD_BODY id=26 off=4b0 00000000000000000000000000000000
N3GD_BODY id=26 off=4c0 00000000000000000000000000000000
N3GD_BODY id=26 off=4d0 00000000000000000000000000000000
N3GD_BODY id=26 off=4e0 00000000000000000000000000000000
N3GD_BODY id=26 off=4f0 00000000000000000000000000000000
N3GD_BODY id=26 off=500 00000000000000000000000000000000
N3GD_BODY id=26 off=510 00000000000000000000000000000000
N3GD_BODY id=26 off=520 00000000000000000000000000000000
N3GD_BODY id=26 off=530 00000000000000000000000000000000
N3GD_BODY id=26 off=540 00000000000000000000000000000000
N3GD_BODY id=26 off=550 00000000000000000000000000000000
N3GD_BODY id=26 off=560 00000000000000000000000000000000
N3GD_BODY id=26 off=570 00000000000000000000000000000000
N3GD_BODY id=26 off=580 00000000000000000000000000000000
N3GD_BODY id=26 off=590 00000000000000000000000000000000
N3GD_BODY id=26 off=5a0 00000000000000000000000000000000
N3GD_BODY id=26 off=5b0 00000000000000000000000000000000
N3GD_BODY id=26 off=5c0 00000000000000000000000000000000
N3GD_BODY id=26 off=5d0 00000000000000000000000000000000
N3GD_BODY id=26 off=5e0 00000000000000000000000000000000
N3GD_BODY id=26 off=5f0 00000000000000000000000000000000
N3GD_BODY id=26 off=600 00000000000000000000000000000000
N3GD_BODY id=26 off=610 00000000000000000000000000000000
N3GD_BODY id=26 off=620 00000000000000000000000000000000
N3GD_BODY id=26 off=630 00000000000000000000000000000000
N3GD_BODY id=26 off=640 00000000000000000000000000000000
N3GD_BODY id=26 off=650 00000000000000000000000000000000
N3GD_BODY id=26 off=660 00000000000000000000000000000000
N3GD_BODY id=26 off=670 00000000000000000000000000000000
N3GD_BODY id=26 off=680 00000000000000000000000000000000
N3GD_BODY id=26 off=690 00000000000000000000000000000000
N3GD_BODY id=26 off=6a0 00000000000000000000000000000000
N3GD_BODY id=26 off=6b0 00000000000000000000000000000000
N3GD_BODY id=26 off=6c0 00000000000000000000000000000000
N3GD_BODY id=26 off=6d0 00000000000000000000000000000000
N3GD_BODY id=26 off=6e0 00000000000000000000000000000000
N3GD_BODY id=26 off=6f0 00000000000000000000000000000000
N3GD_BODY id=26 off=700 00000000000000000000000000000000
N3GD_BODY id=26 off=710 00000000000000000000000000000000
N3GD_BODY id=26 off=720 00000000000000000000000000000000
N3GD_BODY id=26 off=730 00000000000000000000000000000000
N3GD_BODY id=26 off=740 00000000000000000000000000000000
N3GD_BODY id=26 off=750 00000000000000000000000000000000
N3GD_BODY id=26 off=760 00000000000000000000000000000000
N3GD_BODY id=26 off=770 00000000000000000000000000000000
N3GD_BODY id=26 off=780 00000000000000000000000000000000
N3GD_BODY id=26 off=790 00000000000000000000000000000000
N3GD_BODY id=26 off=7a0 00000000000000000000000000000000
N3GD_BODY id=26 off=7b0 00000000000000000000000000000000
N3GD_BODY id=26 off=7c0 00000000000000000000000000000000
N3GD_BODY id=26 off=7d0 00000000000000000000000000000000
N3GD_BODY id=26 off=7e0 00000000000000000000000000000000
N3GD_BODY id=26 off=7f0 00000000000000000000000000000000
N3GD_OOB id=26 off=000 000000000000000000000000e5ab0668
N3GD_OOB id=26 off=010 0a52efac2207c7a22532dbc8686282cd
N3GD_OOB id=26 off=020 377bcde4a25178a6eb7c95b8b7fa1e2e
N3GD_OOB id=26 off=030 eddbaafff14d9b9ea7ce563d0b3c39de
N3GD_END id=26
N3GD_BEGIN id=27 kind=cand j=-1 v=0AAA po=66 sl=4294967295 l0=00000000 host=0000A07E tgt=000140FC bank=2 pb=3155 pp=16 phy=403856 shift=4294967295 t=00 ix=0000 u=00000000 l=00000000
N3GD_BODY id=27 off=000 00000000000000000000000000000000
N3GD_BODY id=27 off=010 00000000000000000000000000000000
N3GD_BODY id=27 off=020 00000000000000000000000000000000
N3GD_BODY id=27 off=030 00000000000000000000000000000000
N3GD_BODY id=27 off=040 00000000000000000000000000000000
N3GD_BODY id=27 off=050 00000000000000000000000000000000
N3GD_BODY id=27 off=060 00000000000000000000000000000000
N3GD_BODY id=27 off=070 00000000000000000000000000000000
N3GD_BODY id=27 off=080 00000000000000000000000000000000
N3GD_BODY id=27 off=090 00000000000000000000000000000000
N3GD_BODY id=27 off=0a0 00000000000000000000000000000000
N3GD_BODY id=27 off=0b0 00000000000000000000000000000000
N3GD_BODY id=27 off=0c0 00000000000000000000000000000000
N3GD_BODY id=27 off=0d0 00000000000000000000000000000000
N3GD_BODY id=27 off=0e0 00000000000000000000000000000000
N3GD_BODY id=27 off=0f0 00000000000000000000000000000000
N3GD_BODY id=27 off=100 00000000000000000000000000000000
N3GD_BODY id=27 off=110 00000000000000000000000000000000
N3GD_BODY id=27 off=120 00000000000000000000000000000000
N3GD_BODY id=27 off=130 00000000000000000000000000000000
N3GD_BODY id=27 off=140 00000000000000000000000000000000
N3GD_BODY id=27 off=150 00000000000000000000000000000000
N3GD_BODY id=27 off=160 00000000000000000000000000000000
N3GD_BODY id=27 off=170 00000000000000000000000000000000
N3GD_BODY id=27 off=180 00000000000000000000000000000000
N3GD_BODY id=27 off=190 00000000000000000000000000000000
N3GD_BODY id=27 off=1a0 00000000000000000000000000000000
N3GD_BODY id=27 off=1b0 00000000000000000000000000000000
N3GD_BODY id=27 off=1c0 00000000000000000000000000000000
N3GD_BODY id=27 off=1d0 00000000000000000000000000000000
N3GD_BODY id=27 off=1e0 00000000000000000000000000000000
N3GD_BODY id=27 off=1f0 00000000000000000000000000000000
N3GD_BODY id=27 off=200 00000000000000000000000000000000
N3GD_BODY id=27 off=210 00000000000000000000000000000000
N3GD_BODY id=27 off=220 00000000000000000000000000000000
N3GD_BODY id=27 off=230 00000000000000000000000000000000
N3GD_BODY id=27 off=240 00000000000000000000000000000000
N3GD_BODY id=27 off=250 00000000000000000000000000000000
N3GD_BODY id=27 off=260 00000000000000000000000000000000
N3GD_BODY id=27 off=270 00000000000000000000000000000000
N3GD_BODY id=27 off=280 00000000000000000000000000000000
N3GD_BODY id=27 off=290 00000000000000000000000000000000
N3GD_BODY id=27 off=2a0 00000000000000000000000000000000
N3GD_BODY id=27 off=2b0 00000000000000000000000000000000
N3GD_BODY id=27 off=2c0 00000000000000000000000000000000
N3GD_BODY id=27 off=2d0 00000000000000000000000000000000
N3GD_BODY id=27 off=2e0 00000000000000000000000000000000
N3GD_BODY id=27 off=2f0 00000000000000000000000000000000
N3GD_BODY id=27 off=300 00000000000000000000000000000000
N3GD_BODY id=27 off=310 00000000000000000000000000000000
N3GD_BODY id=27 off=320 00000000000000000000000000000000
N3GD_BODY id=27 off=330 00000000000000000000000000000000
N3GD_BODY id=27 off=340 00000000000000000000000000000000
N3GD_BODY id=27 off=350 00000000000000000000000000000000
N3GD_BODY id=27 off=360 00000000000000000000000000000000
N3GD_BODY id=27 off=370 00000000000000000000000000000000
N3GD_BODY id=27 off=380 00000000000000000000000000000000
N3GD_BODY id=27 off=390 00000000000000000000000000000000
N3GD_BODY id=27 off=3a0 00000000000000000000000000000000
N3GD_BODY id=27 off=3b0 00000000000000000000000000000000
N3GD_BODY id=27 off=3c0 00000000000000000000000000000000
N3GD_BODY id=27 off=3d0 00000000000000000000000000000000
N3GD_BODY id=27 off=3e0 00000000000000000000000000000000
N3GD_BODY id=27 off=3f0 00000000000000000000000000000000
N3GD_BODY id=27 off=400 00000000000000000000000000000000
N3GD_BODY id=27 off=410 00000000000000000000000000000000
N3GD_BODY id=27 off=420 00000000000000000000000000000000
N3GD_BODY id=27 off=430 00000000000000000000000000000000
N3GD_BODY id=27 off=440 00000000000000000000000000000000
N3GD_BODY id=27 off=450 00000000000000000000000000000000
N3GD_BODY id=27 off=460 00000000000000000000000000000000
N3GD_BODY id=27 off=470 00000000000000000000000000000000
N3GD_BODY id=27 off=480 00000000000000000000000000000000
N3GD_BODY id=27 off=490 00000000000000000000000000000000
N3GD_BODY id=27 off=4a0 00000000000000000000000000000000
N3GD_BODY id=27 off=4b0 00000000000000000000000000000000
N3GD_BODY id=27 off=4c0 00000000000000000000000000000000
N3GD_BODY id=27 off=4d0 00000000000000000000000000000000
N3GD_BODY id=27 off=4e0 00000000000000000000000000000000
N3GD_BODY id=27 off=4f0 00000000000000000000000000000000
N3GD_BODY id=27 off=500 00000000000000000000000000000000
N3GD_BODY id=27 off=510 00000000000000000000000000000000
N3GD_BODY id=27 off=520 00000000000000000000000000000000
N3GD_BODY id=27 off=530 00000000000000000000000000000000
N3GD_BODY id=27 off=540 00000000000000000000000000000000
N3GD_BODY id=27 off=550 00000000000000000000000000000000
N3GD_BODY id=27 off=560 00000000000000000000000000000000
N3GD_BODY id=27 off=570 00000000000000000000000000000000
N3GD_BODY id=27 off=580 00000000000000000000000000000000
N3GD_BODY id=27 off=590 00000000000000000000000000000000
N3GD_BODY id=27 off=5a0 00000000000000000000000000000000
N3GD_BODY id=27 off=5b0 00000000000000000000000000000000
N3GD_BODY id=27 off=5c0 00000000000000000000000000000000
N3GD_BODY id=27 off=5d0 00000000000000000000000000000000
N3GD_BODY id=27 off=5e0 00000000000000000000000000000000
N3GD_BODY id=27 off=5f0 00000000000000000000000000000000
N3GD_BODY id=27 off=600 00000000000000000000000000000000
N3GD_BODY id=27 off=610 00000000000000000000000000000000
N3GD_BODY id=27 off=620 00000000000000000000000000000000
N3GD_BODY id=27 off=630 00000000000000000000000000000000
N3GD_BODY id=27 off=640 00000000000000000000000000000000
N3GD_BODY id=27 off=650 00000000000000000000000000000000
N3GD_BODY id=27 off=660 00000000000000000000000000000000
N3GD_BODY id=27 off=670 00000000000000000000000000000000
N3GD_BODY id=27 off=680 00000000000000000000000000000000
N3GD_BODY id=27 off=690 00000000000000000000000000000000
N3GD_BODY id=27 off=6a0 00000000000000000000000000000000
N3GD_BODY id=27 off=6b0 00000000000000000000000000000000
N3GD_BODY id=27 off=6c0 00000000000000000000000000000000
N3GD_BODY id=27 off=6d0 00000000000000000000000000000000
N3GD_BODY id=27 off=6e0 00000000000000000000000000000000
N3GD_BODY id=27 off=6f0 00000000000000000000000000000000
N3GD_BODY id=27 off=700 00000000000000000000000000000000
N3GD_BODY id=27 off=710 00000000000000000000000000000000
N3GD_BODY id=27 off=720 00000000000000000000000000000000
N3GD_BODY id=27 off=730 00000000000000000000000000000000
N3GD_BODY id=27 off=740 00000000000000000000000000000000
N3GD_BODY id=27 off=750 00000000000000000000000000000000
N3GD_BODY id=27 off=760 00000000000000000000000000000000
N3GD_BODY id=27 off=770 00000000000000000000000000000000
N3GD_BODY id=27 off=780 00000000000000000000000000000000
N3GD_BODY id=27 off=790 00000000000000000000000000000000
N3GD_BODY id=27 off=7a0 00000000000000000000000000000000
N3GD_BODY id=27 off=7b0 00000000000000000000000000000000
N3GD_BODY id=27 off=7c0 00000000000000000000000000000000
N3GD_BODY id=27 off=7d0 00000000000000000000000000000000
N3GD_BODY id=27 off=7e0 00000000000000000000000000000000
N3GD_BODY id=27 off=7f0 00000000000000000000000000000000
N3GD_OOB id=27 off=000 000000000000000000000000e5ab0668
N3GD_OOB id=27 off=010 0a52efac2207c7a22532dbc8686282cd
N3GD_OOB id=27 off=020 377bcde4a25178a6eb7c95b8b7fa1e2e
N3GD_OOB id=27 off=030 eddbaafff14d9b9ea7ce563d0b3c39de
N3GD_END id=27
N3GD_BEGIN id=28 kind=cand j=-1 v=0AAA po=67 sl=4294967295 l0=00000000 host=0000A07E tgt=000140FC bank=3 pb=3155 pp=16 phy=403856 shift=4294967295 t=00 ix=0000 u=00000000 l=00000000
N3GD_BODY id=28 off=000 00000000000000000000000000000000
N3GD_BODY id=28 off=010 00000000000000000000000000000000
N3GD_BODY id=28 off=020 00000000000000000000000000000000
N3GD_BODY id=28 off=030 00000000000000000000000000000000
N3GD_BODY id=28 off=040 00000000000000000000000000000000
N3GD_BODY id=28 off=050 00000000000000000000000000000000
N3GD_BODY id=28 off=060 00000000000000000000000000000000
N3GD_BODY id=28 off=070 00000000000000000000000000000000
N3GD_BODY id=28 off=080 00000000000000000000000000000000
N3GD_BODY id=28 off=090 00000000000000000000000000000000
N3GD_BODY id=28 off=0a0 00000000000000000000000000000000
N3GD_BODY id=28 off=0b0 00000000000000000000000000000000
N3GD_BODY id=28 off=0c0 00000000000000000000000000000000
N3GD_BODY id=28 off=0d0 00000000000000000000000000000000
N3GD_BODY id=28 off=0e0 00000000000000000000000000000000
N3GD_BODY id=28 off=0f0 00000000000000000000000000000000
N3GD_BODY id=28 off=100 00000000000000000000000000000000
N3GD_BODY id=28 off=110 00000000000000000000000000000000
N3GD_BODY id=28 off=120 00000000000000000000000000000000
N3GD_BODY id=28 off=130 00000000000000000000000000000000
N3GD_BODY id=28 off=140 00000000000000000000000000000000
N3GD_BODY id=28 off=150 00000000000000000000000000000000
N3GD_BODY id=28 off=160 00000000000000000000000000000000
N3GD_BODY id=28 off=170 00000000000000000000000000000000
N3GD_BODY id=28 off=180 00000000000000000000000000000000
N3GD_BODY id=28 off=190 00000000000000000000000000000000
N3GD_BODY id=28 off=1a0 00000000000000000000000000000000
N3GD_BODY id=28 off=1b0 00000000000000000000000000000000
N3GD_BODY id=28 off=1c0 00000000000000000000000000000000
N3GD_BODY id=28 off=1d0 00000000000000000000000000000000
N3GD_BODY id=28 off=1e0 00000000000000000000000000000000
N3GD_BODY id=28 off=1f0 00000000000000000000000000000000
N3GD_BODY id=28 off=200 00000000000000000000000000000000
N3GD_BODY id=28 off=210 00000000000000000000000000000000
N3GD_BODY id=28 off=220 00000000000000000000000000000000
N3GD_BODY id=28 off=230 00000000000000000000000000000000
N3GD_BODY id=28 off=240 00000000000000000000000000000000
N3GD_BODY id=28 off=250 00000000000000000000000000000000
N3GD_BODY id=28 off=260 00000000000000000000000000000000
N3GD_BODY id=28 off=270 00000000000000000000000000000000
N3GD_BODY id=28 off=280 00000000000000000000000000000000
N3GD_BODY id=28 off=290 00000000000000000000000000000000
N3GD_BODY id=28 off=2a0 00000000000000000000000000000000
N3GD_BODY id=28 off=2b0 00000000000000000000000000000000
N3GD_BODY id=28 off=2c0 00000000000000000000000000000000
N3GD_BODY id=28 off=2d0 00000000000000000000000000000000
N3GD_BODY id=28 off=2e0 00000000000000000000000000000000
N3GD_BODY id=28 off=2f0 00000000000000000000000000000000
N3GD_BODY id=28 off=300 00000000000000000000000000000000
N3GD_BODY id=28 off=310 00000000000000000000000000000000
N3GD_BODY id=28 off=320 00000000000000000000000000000000
N3GD_BODY id=28 off=330 00000000000000000000000000000000
N3GD_BODY id=28 off=340 00000000000000000000000000000000
N3GD_BODY id=28 off=350 00000000000000000000000000000000
N3GD_BODY id=28 off=360 00000000000000000000000000000000
N3GD_BODY id=28 off=370 00000000000000000000000000000000
N3GD_BODY id=28 off=380 00000000000000000000000000000000
N3GD_BODY id=28 off=390 00000000000000000000000000000000
N3GD_BODY id=28 off=3a0 00000000000000000000000000000000
N3GD_BODY id=28 off=3b0 00000000000000000000000000000000
N3GD_BODY id=28 off=3c0 00000000000000000000000000000000
N3GD_BODY id=28 off=3d0 00000000000000000000000000000000
N3GD_BODY id=28 off=3e0 00000000000000000000000000000000
N3GD_BODY id=28 off=3f0 00000000000000000000000000000000
N3GD_BODY id=28 off=400 00000000000000000000000000000000
N3GD_BODY id=28 off=410 00000000000000000000000000000000
N3GD_BODY id=28 off=420 00000000000000000000000000000000
N3GD_BODY id=28 off=430 00000000000000000000000000000000
N3GD_BODY id=28 off=440 00000000000000000000000000000000
N3GD_BODY id=28 off=450 00000000000000000000000000000000
N3GD_BODY id=28 off=460 00000000000000000000000000000000
N3GD_BODY id=28 off=470 00000000000000000000000000000000
N3GD_BODY id=28 off=480 00000000000000000000000000000000
N3GD_BODY id=28 off=490 00000000000000000000000000000000
N3GD_BODY id=28 off=4a0 00000000000000000000000000000000
N3GD_BODY id=28 off=4b0 00000000000000000000000000000000
N3GD_BODY id=28 off=4c0 00000000000000000000000000000000
N3GD_BODY id=28 off=4d0 00000000000000000000000000000000
N3GD_BODY id=28 off=4e0 00000000000000000000000000000000
N3GD_BODY id=28 off=4f0 00000000000000000000000000000000
N3GD_BODY id=28 off=500 00000000000000000000000000000000
N3GD_BODY id=28 off=510 00000000000000000000000000000000
N3GD_BODY id=28 off=520 00000000000000000000000000000000
N3GD_BODY id=28 off=530 00000000000000000000000000000000
N3GD_BODY id=28 off=540 00000000000000000000000000000000
N3GD_BODY id=28 off=550 00000000000000000000000000000000
N3GD_BODY id=28 off=560 00000000000000000000000000000000
N3GD_BODY id=28 off=570 00000000000000000000000000000000
N3GD_BODY id=28 off=580 00000000000000000000000000000000
N3GD_BODY id=28 off=590 00000000000000000000000000000000
N3GD_BODY id=28 off=5a0 00000000000000000000000000000000
N3GD_BODY id=28 off=5b0 00000000000000000000000000000000
N3GD_BODY id=28 off=5c0 00000000000000000000000000000000
N3GD_BODY id=28 off=5d0 00000000000000000000000000000000
N3GD_BODY id=28 off=5e0 00000000000000000000000000000000
N3GD_BODY id=28 off=5f0 00000000000000000000000000000000
N3GD_BODY id=28 off=600 00000000000000000000000000000000
N3GD_BODY id=28 off=610 00000000000000000000000000000000
N3GD_BODY id=28 off=620 00000000000000000000000000000000
N3GD_BODY id=28 off=630 00000000000000000000000000000000
N3GD_BODY id=28 off=640 00000000000000000000000000000000
N3GD_BODY id=28 off=650 00000000000000000000000000000000
N3GD_BODY id=28 off=660 00000000000000000000000000000000
N3GD_BODY id=28 off=670 00000000000000000000000000000000
N3GD_BODY id=28 off=680 00000000000000000000000000000000
N3GD_BODY id=28 off=690 00000000000000000000000000000000
N3GD_BODY id=28 off=6a0 00000000000000000000000000000000
N3GD_BODY id=28 off=6b0 00000000000000000000000000000000
N3GD_BODY id=28 off=6c0 00000000000000000000000000000000
N3GD_BODY id=28 off=6d0 00000000000000000000000000000000
N3GD_BODY id=28 off=6e0 00000000000000000000000000000000
N3GD_BODY id=28 off=6f0 00000000000000000000000000000000
N3GD_BODY id=28 off=700 00000000000000000000000000000000
N3GD_BODY id=28 off=710 00000000000000000000000000000000
N3GD_BODY id=28 off=720 00000000000000000000000000000000
N3GD_BODY id=28 off=730 00000000000000000000000000000000
N3GD_BODY id=28 off=740 00000000000000000000000000000000
N3GD_BODY id=28 off=750 00000000000000000000000000000000
N3GD_BODY id=28 off=760 00000000000000000000000000000000
N3GD_BODY id=28 off=770 00000000000000000000000000000000
N3GD_BODY id=28 off=780 00000000000000000000000000000000
N3GD_BODY id=28 off=790 00000000000000000000000000000000
N3GD_BODY id=28 off=7a0 00000000000000000000000000000000
N3GD_BODY id=28 off=7b0 00000000000000000000000000000000
N3GD_BODY id=28 off=7c0 00000000000000000000000000000000
N3GD_BODY id=28 off=7d0 00000000000000000000000000000000
N3GD_BODY id=28 off=7e0 00000000000000000000000000000000
N3GD_BODY id=28 off=7f0 00000000000000000000000000000000
N3GD_OOB id=28 off=000 000000000000000000000000e5ab0668
N3GD_OOB id=28 off=010 0a52efac2207c7a22532dbc8686282cd
N3GD_OOB id=28 off=020 377bcde4a25178a6eb7c95b8b7fa1e2e
N3GD_OOB id=28 off=030 eddbaafff14d9b9ea7ce563d0b3c39de
N3GD_END id=28
N3GD_BEGIN id=29 kind=cand j=-1 v=0AAA po=68 sl=4294967295 l0=0019A48A host=0000A07E tgt=000140FC bank=0 pb=3155 pp=17 phy=403857 shift=4294967295 t=40 ix=D9C1 u=0019A48A l=0019A48A
N3GD_BODY id=29 off=000 7157722640acaf5d15ab9d8d050cadb6
N3GD_BODY id=29 off=010 fe32f8492911afe54efcc2438b1df5df
N3GD_BODY id=29 off=020 fa69ece1b59b16ffd34f2c30f361b368
N3GD_BODY id=29 off=030 b63f1db6ff1675be79579d6b9e6226d9
N3GD_BODY id=29 off=040 62f92d26329522442a05659515e019b7
N3GD_BODY id=29 off=050 e9157515c59260c20df218829bc0d3ad
N3GD_BODY id=29 off=060 be3ab8a8c8c25474730155561e2f35f8
N3GD_BODY id=29 off=070 962665055dfadc57632916a3eb871284
N3GD_BODY id=29 off=080 77b6133c7779e9fe1df15e1569bb7c76
N3GD_BODY id=29 off=090 3f937faa1274493a3193a82f5c76f321
N3GD_BODY id=29 off=0a0 9c37990935b6dfe9857c4f0efeab7e0f
N3GD_BODY id=29 off=0b0 8e03d34d3b6de69d51aa6dbff50a9cf8
N3GD_BODY id=29 off=0c0 78ebfcfbe2642269b6fff3948845a3ef
N3GD_BODY id=29 off=0d0 ff488845acad18886ab1b043269ff477
N3GD_BODY id=29 off=0e0 960932ebe2e8c056d86da71a1a0b4846
N3GD_BODY id=29 off=0f0 4097b6dfe140ca3a31511d5c1110a909
N3GD_BODY id=29 off=100 b4472f625635edd44b3e5967399e3b10
N3GD_BODY id=29 off=110 afbea7727084b010b178ae7c6ed7c947
N3GD_BODY id=29 off=120 4b23056e883e383f39c65089afcffe73
N3GD_BODY id=29 off=130 8864355e7de265a323559d02b2707f93
N3GD_BODY id=29 off=140 e61c2b3cd41f1c7ba2d2a270564cbf3c
N3GD_BODY id=29 off=150 2f9206c47d5c5b871d2d4b4db46f8e26
N3GD_BODY id=29 off=160 e3890d3e2a8bebb433198e99fdc2670b
N3GD_BODY id=29 off=170 50f4ca1c1fffc22a98513f321fd1a3fd
N3GD_BODY id=29 off=180 ec631b3fc131bc24797b19d6b7ef8b3d
N3GD_BODY id=29 off=190 385a3b1a158bb68d5a6ac9b1eadd151c
N3GD_BODY id=29 off=1a0 d2a5a4a8efd1c7faaa20c53e7425a12d
N3GD_BODY id=29 off=1b0 7e9a7ba891a180af3a1880c104e0efc5
N3GD_BODY id=29 off=1c0 5a69b62af190cf3e1f03738d0527156d
N3GD_BODY id=29 off=1d0 a69b62af48f101e84749cfadff41cea7
N3GD_BODY id=29 off=1e0 908b42e7b628ba6db7951d80c008e34d
N3GD_BODY id=29 off=1f0 31458ab4c5b6dbd4f180a180aa6d9753
N3GD_BODY id=29 off=200 4db6f3cf0ce38846bd3d37a04d6ef1ce
N3GD_BODY id=29 off=210 ec7577b98ca7468cba7df050490c42b5
N3GD_BODY id=29 off=220 31de723c7148cce1e55c123c3cfe1fac
N3GD_BODY id=29 off=230 f991b9ca04605bc9feb690a7f7487063
N3GD_BODY id=29 off=240 079679d8826bf6cff2cf03ba10647e7f
N3GD_BODY id=29 off=250 fe747430322156cf6dbfb0cb77c1a243
N3GD_BODY id=29 off=260 cbb59ff7cf0292039d262de5f1fe7834
N3GD_BODY id=29 off=270 240c44936e992b3e20878321211091bd
N3GD_BODY id=29 off=280 6dfb65d3d23c4c376a27e1803a440636
N3GD_BODY id=29 off=290 c7b855bbff85b78cca96ac45a075fe93
N3GD_BODY id=29 off=2a0 b6df9ce3144fcd0d704661b8df51b43b
N3GD_BODY id=29 off=2b0 1989e76643586e14f09356755f104a39
N3GD_BODY id=29 off=2c0 2a865f7b90a094b7b4fcff8e39a3c155
N3GD_BODY id=29 off=2d0 04e44e3373cb00ffd4c6e55b8233161b
N3GD_BODY id=29 off=2e0 8e6fa1a280eb290119ac66655e0a952a
N3GD_BODY id=29 off=2f0 046990d1c7e73b9d82f329fd3ff51850
N3GD_BODY id=29 off=300 c2b704397215595be90088892d546286
N3GD_BODY id=29 off=310 d7821bc57e3695b52a1b5d824bbe2742
N3GD_BODY id=29 off=320 32c8cec4cae5e9ff9e1e51290b63effe
N3GD_BODY id=29 off=330 227630a224d3fdd246afa38c35ca505c
N3GD_BODY id=29 off=340 69616519cd0c9b46e73824294c8d8d61
N3GD_BODY id=29 off=350 84de3db4cb39cac83fdcffcdd36ed5d8
N3GD_BODY id=29 off=360 8bcea8d56e0b4536ad3140fb77a3bf43
N3GD_BODY id=29 off=370 4614355ba8fdda0c9818c80b5b88e30a
N3GD_BODY id=29 off=380 96dbfd5ce51c91e45b14bdd3a6a72024
N3GD_BODY id=29 off=390 230c3df72aba867871a58c50e1a69db6
N3GD_BODY id=29 off=3a0 dbfce515a12495bd34fc6cef23cb6de2
N3GD_BODY id=29 off=3b0 d8b7c42f710238ab9949ce322a44353e
N3GD_BODY id=29 off=3c0 1fe7a5bf484b8afae4736dbffc34d922
N3GD_BODY id=29 off=3d0 9f4e873adbffc17705af4b7b6464774f
N3GD_BODY id=29 off=3e0 2943457bd6da7fdb44af828a70e52165
N3GD_BODY id=29 off=3f0 1f769e7844d1ccf19543bb193f6be098
N3GD_BODY id=29 off=400 bc2f49d41b5b14dd2baee21c4a62efc1
N3GD_BODY id=29 off=410 9ae0facc0a571d4823340548a51ce356
N3GD_BODY id=29 off=420 99ebb409f66ed9986a5331bf12381094
N3GD_BODY id=29 off=430 24054045d985a5e476aa90c15f538910
N3GD_BODY id=29 off=440 5ce93b7f7291088997a63050d21e8e2f
N3GD_BODY id=29 off=450 515746059821f6a34a182bd469438fa0
N3GD_BODY id=29 off=460 50983c076b5571dfcde5a823dd10faf1
N3GD_BODY id=29 off=470 b485104f8a423c79934a0a248088a90d
N3GD_BODY id=29 off=480 2f1f55b21b37735fd75ea460a2f8a718
N3GD_BODY id=29 off=490 54decf8910ee4aa0adaa2195310d4a65
N3GD_BODY id=29 off=4a0 4f434d16990482d145257d9832eac7fa
N3GD_BODY id=29 off=4b0 a85cf330db4c88592e35390830c976df
N3GD_BODY id=29 off=4c0 fe740e3273efc9a042cd16131b63b1fd
N3GD_BODY id=29 off=4d0 51f228ab82134b9448efd151adf10204
N3GD_BODY id=29 off=4e0 2a07199b19ea832681a96b06958247a6
N3GD_BODY id=29 off=4f0 7fefa39f3eafe8a227ca66c1dc9d097f
N3GD_BODY id=29 off=500 6525105f24f6210fa660f992b1b49ad3
N3GD_BODY id=29 off=510 2197529943529956201239bf4be60425
N3GD_BODY id=29 off=520 14da2130e7468df39c3d516f8b69ef82
N3GD_BODY id=29 off=530 2143467ae3be28ba48f7ed8b263309bb
N3GD_BODY id=29 off=540 a67f9bc49413b19c55ddfeed8408311f
N3GD_BODY id=29 off=550 c38d4853f75ddaac80937bf720e42413
N3GD_BODY id=29 off=560 4ecfecc200fba4187eab60813ff75c16
N3GD_BODY id=29 off=570 443d8cac473331da06ba8f3540722651
N3GD_BODY id=29 off=580 375456c2328ac60891a6ddffc282aef1
N3GD_BODY id=29 off=590 e9cfbb712f19abf5f4368d56a88fec11
N3GD_BODY id=29 off=5a0 915d6f56fe117c66acff42ad50b41b37
N3GD_BODY id=29 off=5b0 9a6d88a0eba797f27ebabcc80bdfba20
N3GD_BODY id=29 off=5c0 27221e461c9157fdd41194957056e607
N3GD_BODY id=29 off=5d0 6cef408bcbc76f3247bd2123ffc608b7
N3GD_BODY id=29 off=5e0 15649af6fc55fc4d9bf2e6f8283123b6
N3GD_BODY id=29 off=5f0 642ca0d3ee482cb1963222cb19dcd846
N3GD_BODY id=29 off=600 4bb8c8cbf3c60955cd793bddeef9585c
N3GD_BODY id=29 off=610 9453b79813081eae47198accc6374ef5
N3GD_BODY id=29 off=620 514ee7ca827a3adcfbbf63013a8c75a6
N3GD_BODY id=29 off=630 e0beeecde3b8560ad298ba3892996fa8
N3GD_BODY id=29 off=640 33d1d194e32c7f59226902146255779a
N3GD_BODY id=29 off=650 da3804ba1c2c4538ac56db7d4119c717
N3GD_BODY id=29 off=660 2673645cf412100daa6e63593b800000
N3GD_BODY id=29 off=670 064701004b3bdc4ae5e7626eef73b266
N3GD_BODY id=29 off=680 bbff522ddfd1ebbfc12a89ec6476b9d7
N3GD_BODY id=29 off=690 46dbf518495799c3b3118eecf33308ad
N3GD_BODY id=29 off=6a0 22a0d31f07f4273795691640c8212085
N3GD_BODY id=29 off=6b0 892331d5609c2453ed1de1baf994d2e3
N3GD_BODY id=29 off=6c0 817c9fe1955ab77153dffd1d9da0466b
N3GD_BODY id=29 off=6d0 cac3f4171448e50770d3a4bccb465d81
N3GD_BODY id=29 off=6e0 dea7d4ee6a13fae8f7e52a58fe9a3bf0
N3GD_BODY id=29 off=6f0 43c9ef598c4ddfc1321f5df1c72497b9
N3GD_BODY id=29 off=700 d828056a11c9a5641624864dcdd7537e
N3GD_BODY id=29 off=710 7021a17fe835cc135d7f94c2893f9fdc
N3GD_BODY id=29 off=720 df548cdee17d85c58a3ea6864989ff54
N3GD_BODY id=29 off=730 f944029647e4a4507b05c873bb39a506
N3GD_BODY id=29 off=740 8d3474ab20ad63746d5d7ab39509a74b
N3GD_BODY id=29 off=750 02584889b9378caca4e9b1625f6c6eae
N3GD_BODY id=29 off=760 0deba960a950e5e87574d5d3574dfc78
N3GD_BODY id=29 off=770 24315883cd8f544d0d4bed12f176c52c
N3GD_BODY id=29 off=780 66c0ed0b671c21fdd66048d0c4f60fff
N3GD_BODY id=29 off=790 7b099b931ee9f180b255a98eb671da47
N3GD_BODY id=29 off=7a0 6643bf4c7765eaac108530371a6451b4
N3GD_BODY id=29 off=7b0 e71539a6d4cdb494e5b82777487eb910
N3GD_BODY id=29 off=7c0 bdd18c7dbe084a0df9ed49e39ac2009c
N3GD_BODY id=29 off=7d0 ca16736dfad9f60156a89ab890c0272a
N3GD_BODY id=29 off=7e0 1c1f3299198d0d6af1625c362b4db199
N3GD_BODY id=29 off=7f0 7b1df0f844c54513631da4a9e81dbbb8
N3GD_OOB id=29 off=000 8aa41900c1d90000ff40ffffe5ab0668
N3GD_OOB id=29 off=010 0a52efac2207c7a22532dbc8686282cd
N3GD_OOB id=29 off=020 377bcde4a25178a6eb7c95b8b7fa1e2e
N3GD_OOB id=29 off=030 eddbaafff14d9b9ea7ce563d0b3c39de
N3GD_END id=29
N3GD_BEGIN id=30 kind=cand j=-1 v=0AAA po=69 sl=4294967295 l0=00000000 host=0000A07E tgt=000140FC bank=1 pb=3155 pp=17 phy=403857 shift=4294967295 t=00 ix=0000 u=00000000 l=00000000
N3GD_BODY id=30 off=000 00000000000000000000000000000000
N3GD_BODY id=30 off=010 00000000000000000000000000000000
N3GD_BODY id=30 off=020 00000000000000000000000000000000
N3GD_BODY id=30 off=030 00000000000000000000000000000000
N3GD_BODY id=30 off=040 00000000000000000000000000000000
N3GD_BODY id=30 off=050 00000000000000000000000000000000
N3GD_BODY id=30 off=060 00000000000000000000000000000000
N3GD_BODY id=30 off=070 00000000000000000000000000000000
N3GD_BODY id=30 off=080 00000000000000000000000000000000
N3GD_BODY id=30 off=090 00000000000000000000000000000000
N3GD_BODY id=30 off=0a0 00000000000000000000000000000000
N3GD_BODY id=30 off=0b0 00000000000000000000000000000000
N3GD_BODY id=30 off=0c0 00000000000000000000000000000000
N3GD_BODY id=30 off=0d0 00000000000000000000000000000000
N3GD_BODY id=30 off=0e0 00000000000000000000000000000000
N3GD_BODY id=30 off=0f0 00000000000000000000000000000000
N3GD_BODY id=30 off=100 00000000000000000000000000000000
N3GD_BODY id=30 off=110 00000000000000000000000000000000
N3GD_BODY id=30 off=120 00000000000000000000000000000000
N3GD_BODY id=30 off=130 00000000000000000000000000000000
N3GD_BODY id=30 off=140 00000000000000000000000000000000
N3GD_BODY id=30 off=150 00000000000000000000000000000000
N3GD_BODY id=30 off=160 00000000000000000000000000000000
N3GD_BODY id=30 off=170 00000000000000000000000000000000
N3GD_BODY id=30 off=180 00000000000000000000000000000000
N3GD_BODY id=30 off=190 00000000000000000000000000000000
N3GD_BODY id=30 off=1a0 00000000000000000000000000000000
N3GD_BODY id=30 off=1b0 00000000000000000000000000000000
N3GD_BODY id=30 off=1c0 00000000000000000000000000000000
N3GD_BODY id=30 off=1d0 00000000000000000000000000000000
N3GD_BODY id=30 off=1e0 00000000000000000000000000000000
N3GD_BODY id=30 off=1f0 00000000000000000000000000000000
N3GD_BODY id=30 off=200 00000000000000000000000000000000
N3GD_BODY id=30 off=210 00000000000000000000000000000000
N3GD_BODY id=30 off=220 00000000000000000000000000000000
N3GD_BODY id=30 off=230 00000000000000000000000000000000
N3GD_BODY id=30 off=240 00000000000000000000000000000000
N3GD_BODY id=30 off=250 00000000000000000000000000000000
N3GD_BODY id=30 off=260 00000000000000000000000000000000
N3GD_BODY id=30 off=270 00000000000000000000000000000000
N3GD_BODY id=30 off=280 00000000000000000000000000000000
N3GD_BODY id=30 off=290 00000000000000000000000000000000
N3GD_BODY id=30 off=2a0 00000000000000000000000000000000
N3GD_BODY id=30 off=2b0 00000000000000000000000000000000
N3GD_BODY id=30 off=2c0 00000000000000000000000000000000
N3GD_BODY id=30 off=2d0 00000000000000000000000000000000
N3GD_BODY id=30 off=2e0 00000000000000000000000000000000
N3GD_BODY id=30 off=2f0 00000000000000000000000000000000
N3GD_BODY id=30 off=300 00000000000000000000000000000000
N3GD_BODY id=30 off=310 00000000000000000000000000000000
N3GD_BODY id=30 off=320 00000000000000000000000000000000
N3GD_BODY id=30 off=330 00000000000000000000000000000000
N3GD_BODY id=30 off=340 00000000000000000000000000000000
N3GD_BODY id=30 off=350 00000000000000000000000000000000
N3GD_BODY id=30 off=360 00000000000000000000000000000000
N3GD_BODY id=30 off=370 00000000000000000000000000000000
N3GD_BODY id=30 off=380 00000000000000000000000000000000
N3GD_BODY id=30 off=390 00000000000000000000000000000000
N3GD_BODY id=30 off=3a0 00000000000000000000000000000000
N3GD_BODY id=30 off=3b0 00000000000000000000000000000000
N3GD_BODY id=30 off=3c0 00000000000000000000000000000000
N3GD_BODY id=30 off=3d0 00000000000000000000000000000000
N3GD_BODY id=30 off=3e0 00000000000000000000000000000000
N3GD_BODY id=30 off=3f0 00000000000000000000000000000000
N3GD_BODY id=30 off=400 00000000000000000000000000000000
N3GD_BODY id=30 off=410 00000000000000000000000000000000
N3GD_BODY id=30 off=420 00000000000000000000000000000000
N3GD_BODY id=30 off=430 00000000000000000000000000000000
N3GD_BODY id=30 off=440 00000000000000000000000000000000
N3GD_BODY id=30 off=450 00000000000000000000000000000000
N3GD_BODY id=30 off=460 00000000000000000000000000000000
N3GD_BODY id=30 off=470 00000000000000000000000000000000
N3GD_BODY id=30 off=480 00000000000000000000000000000000
N3GD_BODY id=30 off=490 00000000000000000000000000000000
N3GD_BODY id=30 off=4a0 00000000000000000000000000000000
N3GD_BODY id=30 off=4b0 00000000000000000000000000000000
N3GD_BODY id=30 off=4c0 00000000000000000000000000000000
N3GD_BODY id=30 off=4d0 00000000000000000000000000000000
N3GD_BODY id=30 off=4e0 00000000000000000000000000000000
N3GD_BODY id=30 off=4f0 00000000000000000000000000000000
N3GD_BODY id=30 off=500 00000000000000000000000000000000
N3GD_BODY id=30 off=510 00000000000000000000000000000000
N3GD_BODY id=30 off=520 00000000000000000000000000000000
N3GD_BODY id=30 off=530 00000000000000000000000000000000
N3GD_BODY id=30 off=540 00000000000000000000000000000000
N3GD_BODY id=30 off=550 00000000000000000000000000000000
N3GD_BODY id=30 off=560 00000000000000000000000000000000
N3GD_BODY id=30 off=570 00000000000000000000000000000000
N3GD_BODY id=30 off=580 00000000000000000000000000000000
N3GD_BODY id=30 off=590 00000000000000000000000000000000
N3GD_BODY id=30 off=5a0 00000000000000000000000000000000
N3GD_BODY id=30 off=5b0 00000000000000000000000000000000
N3GD_BODY id=30 off=5c0 00000000000000000000000000000000
N3GD_BODY id=30 off=5d0 00000000000000000000000000000000
N3GD_BODY id=30 off=5e0 00000000000000000000000000000000
N3GD_BODY id=30 off=5f0 00000000000000000000000000000000
N3GD_BODY id=30 off=600 00000000000000000000000000000000
N3GD_BODY id=30 off=610 00000000000000000000000000000000
N3GD_BODY id=30 off=620 00000000000000000000000000000000
N3GD_BODY id=30 off=630 00000000000000000000000000000000
N3GD_BODY id=30 off=640 00000000000000000000000000000000
N3GD_BODY id=30 off=650 00000000000000000000000000000000
N3GD_BODY id=30 off=660 00000000000000000000000000000000
N3GD_BODY id=30 off=670 00000000000000000000000000000000
N3GD_BODY id=30 off=680 00000000000000000000000000000000
N3GD_BODY id=30 off=690 00000000000000000000000000000000
N3GD_BODY id=30 off=6a0 00000000000000000000000000000000
N3GD_BODY id=30 off=6b0 00000000000000000000000000000000
N3GD_BODY id=30 off=6c0 00000000000000000000000000000000
N3GD_BODY id=30 off=6d0 00000000000000000000000000000000
N3GD_BODY id=30 off=6e0 00000000000000000000000000000000
N3GD_BODY id=30 off=6f0 00000000000000000000000000000000
N3GD_BODY id=30 off=700 00000000000000000000000000000000
N3GD_BODY id=30 off=710 00000000000000000000000000000000
N3GD_BODY id=30 off=720 00000000000000000000000000000000
N3GD_BODY id=30 off=730 00000000000000000000000000000000
N3GD_BODY id=30 off=740 00000000000000000000000000000000
N3GD_BODY id=30 off=750 00000000000000000000000000000000
N3GD_BODY id=30 off=760 00000000000000000000000000000000
N3GD_BODY id=30 off=770 00000000000000000000000000000000
N3GD_BODY id=30 off=780 00000000000000000000000000000000
N3GD_BODY id=30 off=790 00000000000000000000000000000000
N3GD_BODY id=30 off=7a0 00000000000000000000000000000000
N3GD_BODY id=30 off=7b0 00000000000000000000000000000000
N3GD_BODY id=30 off=7c0 00000000000000000000000000000000
N3GD_BODY id=30 off=7d0 00000000000000000000000000000000
N3GD_BODY id=30 off=7e0 00000000000000000000000000000000
N3GD_BODY id=30 off=7f0 00000000000000000000000000000000
N3GD_OOB id=30 off=000 000000000000000000000000e5ab0668
N3GD_OOB id=30 off=010 0a52efac2207c7a22532dbc8686282cd
N3GD_OOB id=30 off=020 377bcde4a25178a6eb7c95b8b7fa1e2e
N3GD_OOB id=30 off=030 eddbaafff14d9b9ea7ce563d0b3c39de
N3GD_END id=30
N3GD_BEGIN id=31 kind=cand j=-1 v=0AAA po=70 sl=4294967295 l0=00000000 host=0000A07E tgt=000140FC bank=2 pb=3155 pp=17 phy=403857 shift=4294967295 t=00 ix=0000 u=00000000 l=00000000
N3GD_BODY id=31 off=000 00000000000000000000000000000000
N3GD_BODY id=31 off=010 00000000000000000000000000000000
N3GD_BODY id=31 off=020 00000000000000000000000000000000
N3GD_BODY id=31 off=030 00000000000000000000000000000000
N3GD_BODY id=31 off=040 00000000000000000000000000000000
N3GD_BODY id=31 off=050 00000000000000000000000000000000
N3GD_BODY id=31 off=060 00000000000000000000000000000000
N3GD_BODY id=31 off=070 00000000000000000000000000000000
N3GD_BODY id=31 off=080 00000000000000000000000000000000
N3GD_BODY id=31 off=090 00000000000000000000000000000000
N3GD_BODY id=31 off=0a0 00000000000000000000000000000000
N3GD_BODY id=31 off=0b0 00000000000000000000000000000000
N3GD_BODY id=31 off=0c0 00000000000000000000000000000000
N3GD_BODY id=31 off=0d0 00000000000000000000000000000000
N3GD_BODY id=31 off=0e0 00000000000000000000000000000000
N3GD_BODY id=31 off=0f0 00000000000000000000000000000000
N3GD_BODY id=31 off=100 00000000000000000000000000000000
N3GD_BODY id=31 off=110 00000000000000000000000000000000
N3GD_BODY id=31 off=120 00000000000000000000000000000000
N3GD_BODY id=31 off=130 00000000000000000000000000000000
N3GD_BODY id=31 off=140 00000000000000000000000000000000
N3GD_BODY id=31 off=150 00000000000000000000000000000000
N3GD_BODY id=31 off=160 00000000000000000000000000000000
N3GD_BODY id=31 off=170 00000000000000000000000000000000
N3GD_BODY id=31 off=180 00000000000000000000000000000000
N3GD_BODY id=31 off=190 00000000000000000000000000000000
N3GD_BODY id=31 off=1a0 00000000000000000000000000000000
N3GD_BODY id=31 off=1b0 00000000000000000000000000000000
N3GD_BODY id=31 off=1c0 00000000000000000000000000000000
N3GD_BODY id=31 off=1d0 00000000000000000000000000000000
N3GD_BODY id=31 off=1e0 00000000000000000000000000000000
N3GD_BODY id=31 off=1f0 00000000000000000000000000000000
N3GD_BODY id=31 off=200 00000000000000000000000000000000
N3GD_BODY id=31 off=210 00000000000000000000000000000000
N3GD_BODY id=31 off=220 00000000000000000000000000000000
N3GD_BODY id=31 off=230 00000000000000000000000000000000
N3GD_BODY id=31 off=240 00000000000000000000000000000000
N3GD_BODY id=31 off=250 00000000000000000000000000000000
N3GD_BODY id=31 off=260 00000000000000000000000000000000
N3GD_BODY id=31 off=270 00000000000000000000000000000000
N3GD_BODY id=31 off=280 00000000000000000000000000000000
N3GD_BODY id=31 off=290 00000000000000000000000000000000
N3GD_BODY id=31 off=2a0 00000000000000000000000000000000
N3GD_BODY id=31 off=2b0 00000000000000000000000000000000
N3GD_BODY id=31 off=2c0 00000000000000000000000000000000
N3GD_BODY id=31 off=2d0 00000000000000000000000000000000
N3GD_BODY id=31 off=2e0 00000000000000000000000000000000
N3GD_BODY id=31 off=2f0 00000000000000000000000000000000
N3GD_BODY id=31 off=300 00000000000000000000000000000000
N3GD_BODY id=31 off=310 00000000000000000000000000000000
N3GD_BODY id=31 off=320 00000000000000000000000000000000
N3GD_BODY id=31 off=330 00000000000000000000000000000000
N3GD_BODY id=31 off=340 00000000000000000000000000000000
N3GD_BODY id=31 off=350 00000000000000000000000000000000
N3GD_BODY id=31 off=360 00000000000000000000000000000000
N3GD_BODY id=31 off=370 00000000000000000000000000000000
N3GD_BODY id=31 off=380 00000000000000000000000000000000
N3GD_BODY id=31 off=390 00000000000000000000000000000000
N3GD_BODY id=31 off=3a0 00000000000000000000000000000000
N3GD_BODY id=31 off=3b0 00000000000000000000000000000000
N3GD_BODY id=31 off=3c0 00000000000000000000000000000000
N3GD_BODY id=31 off=3d0 00000000000000000000000000000000
N3GD_BODY id=31 off=3e0 00000000000000000000000000000000
N3GD_BODY id=31 off=3f0 00000000000000000000000000000000
N3GD_BODY id=31 off=400 00000000000000000000000000000000
N3GD_BODY id=31 off=410 00000000000000000000000000000000
N3GD_BODY id=31 off=420 00000000000000000000000000000000
N3GD_BODY id=31 off=430 00000000000000000000000000000000
N3GD_BODY id=31 off=440 00000000000000000000000000000000
N3GD_BODY id=31 off=450 00000000000000000000000000000000
N3GD_BODY id=31 off=460 00000000000000000000000000000000
N3GD_BODY id=31 off=470 00000000000000000000000000000000
N3GD_BODY id=31 off=480 00000000000000000000000000000000
N3GD_BODY id=31 off=490 00000000000000000000000000000000
N3GD_BODY id=31 off=4a0 00000000000000000000000000000000
N3GD_BODY id=31 off=4b0 00000000000000000000000000000000
N3GD_BODY id=31 off=4c0 00000000000000000000000000000000
N3GD_BODY id=31 off=4d0 00000000000000000000000000000000
N3GD_BODY id=31 off=4e0 00000000000000000000000000000000
N3GD_BODY id=31 off=4f0 00000000000000000000000000000000
N3GD_BODY id=31 off=500 00000000000000000000000000000000
N3GD_BODY id=31 off=510 00000000000000000000000000000000
N3GD_BODY id=31 off=520 00000000000000000000000000000000
N3GD_BODY id=31 off=530 00000000000000000000000000000000
N3GD_BODY id=31 off=540 00000000000000000000000000000000
N3GD_BODY id=31 off=550 00000000000000000000000000000000
N3GD_BODY id=31 off=560 00000000000000000000000000000000
N3GD_BODY id=31 off=570 00000000000000000000000000000000
N3GD_BODY id=31 off=580 00000000000000000000000000000000
N3GD_BODY id=31 off=590 00000000000000000000000000000000
N3GD_BODY id=31 off=5a0 00000000000000000000000000000000
N3GD_BODY id=31 off=5b0 00000000000000000000000000000000
N3GD_BODY id=31 off=5c0 00000000000000000000000000000000
N3GD_BODY id=31 off=5d0 00000000000000000000000000000000
N3GD_BODY id=31 off=5e0 00000000000000000000000000000000
N3GD_BODY id=31 off=5f0 00000000000000000000000000000000
N3GD_BODY id=31 off=600 00000000000000000000000000000000
N3GD_BODY id=31 off=610 00000000000000000000000000000000
N3GD_BODY id=31 off=620 00000000000000000000000000000000
N3GD_BODY id=31 off=630 00000000000000000000000000000000
N3GD_BODY id=31 off=640 00000000000000000000000000000000
N3GD_BODY id=31 off=650 00000000000000000000000000000000
N3GD_BODY id=31 off=660 00000000000000000000000000000000
N3GD_BODY id=31 off=670 00000000000000000000000000000000
N3GD_BODY id=31 off=680 00000000000000000000000000000000
N3GD_BODY id=31 off=690 00000000000000000000000000000000
N3GD_BODY id=31 off=6a0 00000000000000000000000000000000
N3GD_BODY id=31 off=6b0 00000000000000000000000000000000
N3GD_BODY id=31 off=6c0 00000000000000000000000000000000
N3GD_BODY id=31 off=6d0 00000000000000000000000000000000
N3GD_BODY id=31 off=6e0 00000000000000000000000000000000
N3GD_BODY id=31 off=6f0 00000000000000000000000000000000
N3GD_BODY id=31 off=700 00000000000000000000000000000000
N3GD_BODY id=31 off=710 00000000000000000000000000000000
N3GD_BODY id=31 off=720 00000000000000000000000000000000
N3GD_BODY id=31 off=730 00000000000000000000000000000000
N3GD_BODY id=31 off=740 00000000000000000000000000000000
N3GD_BODY id=31 off=750 00000000000000000000000000000000
N3GD_BODY id=31 off=760 00000000000000000000000000000000
N3GD_BODY id=31 off=770 00000000000000000000000000000000
N3GD_BODY id=31 off=780 00000000000000000000000000000000
N3GD_BODY id=31 off=790 00000000000000000000000000000000
N3GD_BODY id=31 off=7a0 00000000000000000000000000000000
N3GD_BODY id=31 off=7b0 00000000000000000000000000000000
N3GD_BODY id=31 off=7c0 00000000000000000000000000000000
N3GD_BODY id=31 off=7d0 00000000000000000000000000000000
N3GD_BODY id=31 off=7e0 00000000000000000000000000000000
N3GD_BODY id=31 off=7f0 00000000000000000000000000000000
N3GD_OOB id=31 off=000 000000000000000000000000e5ab0668
N3GD_OOB id=31 off=010 0a52efac2207c7a22532dbc8686282cd
N3GD_OOB id=31 off=020 377bcde4a25178a6eb7c95b8b7fa1e2e
N3GD_OOB id=31 off=030 eddbaafff14d9b9ea7ce563d0b3c39de
N3GD_END id=31
N3GD_BEGIN id=32 kind=cand j=-1 v=0AAA po=71 sl=4294967295 l0=00000000 host=0000A07E tgt=000140FC bank=3 pb=3155 pp=17 phy=403857 shift=4294967295 t=00 ix=0000 u=00000000 l=00000000
N3GD_BODY id=32 off=000 00000000000000000000000000000000
N3GD_BODY id=32 off=010 00000000000000000000000000000000
N3GD_BODY id=32 off=020 00000000000000000000000000000000
N3GD_BODY id=32 off=030 00000000000000000000000000000000
N3GD_BODY id=32 off=040 00000000000000000000000000000000
N3GD_BODY id=32 off=050 00000000000000000000000000000000
N3GD_BODY id=32 off=060 00000000000000000000000000000000
N3GD_BODY id=32 off=070 00000000000000000000000000000000
N3GD_BODY id=32 off=080 00000000000000000000000000000000
N3GD_BODY id=32 off=090 00000000000000000000000000000000
N3GD_BODY id=32 off=0a0 00000000000000000000000000000000
N3GD_BODY id=32 off=0b0 00000000000000000000000000000000
N3GD_BODY id=32 off=0c0 00000000000000000000000000000000
N3GD_BODY id=32 off=0d0 00000000000000000000000000000000
N3GD_BODY id=32 off=0e0 00000000000000000000000000000000
N3GD_BODY id=32 off=0f0 00000000000000000000000000000000
N3GD_BODY id=32 off=100 00000000000000000000000000000000
N3GD_BODY id=32 off=110 00000000000000000000000000000000
N3GD_BODY id=32 off=120 00000000000000000000000000000000
N3GD_BODY id=32 off=130 00000000000000000000000000000000
N3GD_BODY id=32 off=140 00000000000000000000000000000000
N3GD_BODY id=32 off=150 00000000000000000000000000000000
N3GD_BODY id=32 off=160 00000000000000000000000000000000
N3GD_BODY id=32 off=170 00000000000000000000000000000000
N3GD_BODY id=32 off=180 00000000000000000000000000000000
N3GD_BODY id=32 off=190 00000000000000000000000000000000
N3GD_BODY id=32 off=1a0 00000000000000000000000000000000
N3GD_BODY id=32 off=1b0 00000000000000000000000000000000
N3GD_BODY id=32 off=1c0 00000000000000000000000000000000
N3GD_BODY id=32 off=1d0 00000000000000000000000000000000
N3GD_BODY id=32 off=1e0 00000000000000000000000000000000
N3GD_BODY id=32 off=1f0 00000000000000000000000000000000
N3GD_BODY id=32 off=200 00000000000000000000000000000000
N3GD_BODY id=32 off=210 00000000000000000000000000000000
N3GD_BODY id=32 off=220 00000000000000000000000000000000
N3GD_BODY id=32 off=230 00000000000000000000000000000000
N3GD_BODY id=32 off=240 00000000000000000000000000000000
N3GD_BODY id=32 off=250 00000000000000000000000000000000
N3GD_BODY id=32 off=260 00000000000000000000000000000000
N3GD_BODY id=32 off=270 00000000000000000000000000000000
N3GD_BODY id=32 off=280 00000000000000000000000000000000
N3GD_BODY id=32 off=290 00000000000000000000000000000000
N3GD_BODY id=32 off=2a0 00000000000000000000000000000000
N3GD_BODY id=32 off=2b0 00000000000000000000000000000000
N3GD_BODY id=32 off=2c0 00000000000000000000000000000000
N3GD_BODY id=32 off=2d0 00000000000000000000000000000000
N3GD_BODY id=32 off=2e0 00000000000000000000000000000000
N3GD_BODY id=32 off=2f0 00000000000000000000000000000000
N3GD_BODY id=32 off=300 00000000000000000000000000000000
N3GD_BODY id=32 off=310 00000000000000000000000000000000
N3GD_BODY id=32 off=320 00000000000000000000000000000000
N3GD_BODY id=32 off=330 00000000000000000000000000000000
N3GD_BODY id=32 off=340 00000000000000000000000000000000
N3GD_BODY id=32 off=350 00000000000000000000000000000000
N3GD_BODY id=32 off=360 00000000000000000000000000000000
N3GD_BODY id=32 off=370 00000000000000000000000000000000
N3GD_BODY id=32 off=380 00000000000000000000000000000000
N3GD_BODY id=32 off=390 00000000000000000000000000000000
N3GD_BODY id=32 off=3a0 00000000000000000000000000000000
N3GD_BODY id=32 off=3b0 00000000000000000000000000000000
N3GD_BODY id=32 off=3c0 00000000000000000000000000000000
N3GD_BODY id=32 off=3d0 00000000000000000000000000000000
N3GD_BODY id=32 off=3e0 00000000000000000000000000000000
N3GD_BODY id=32 off=3f0 00000000000000000000000000000000
N3GD_BODY id=32 off=400 00000000000000000000000000000000
N3GD_BODY id=32 off=410 00000000000000000000000000000000
N3GD_BODY id=32 off=420 00000000000000000000000000000000
N3GD_BODY id=32 off=430 00000000000000000000000000000000
N3GD_BODY id=32 off=440 00000000000000000000000000000000
N3GD_BODY id=32 off=450 00000000000000000000000000000000
N3GD_BODY id=32 off=460 00000000000000000000000000000000
N3GD_BODY id=32 off=470 00000000000000000000000000000000
N3GD_BODY id=32 off=480 00000000000000000000000000000000
N3GD_BODY id=32 off=490 00000000000000000000000000000000
N3GD_BODY id=32 off=4a0 00000000000000000000000000000000
N3GD_BODY id=32 off=4b0 00000000000000000000000000000000
N3GD_BODY id=32 off=4c0 00000000000000000000000000000000
N3GD_BODY id=32 off=4d0 00000000000000000000000000000000
N3GD_BODY id=32 off=4e0 00000000000000000000000000000000
N3GD_BODY id=32 off=4f0 00000000000000000000000000000000
N3GD_BODY id=32 off=500 00000000000000000000000000000000
N3GD_BODY id=32 off=510 00000000000000000000000000000000
N3GD_BODY id=32 off=520 00000000000000000000000000000000
N3GD_BODY id=32 off=530 00000000000000000000000000000000
N3GD_BODY id=32 off=540 00000000000000000000000000000000
N3GD_BODY id=32 off=550 00000000000000000000000000000000
N3GD_BODY id=32 off=560 00000000000000000000000000000000
N3GD_BODY id=32 off=570 00000000000000000000000000000000
N3GD_BODY id=32 off=580 00000000000000000000000000000000
N3GD_BODY id=32 off=590 00000000000000000000000000000000
N3GD_BODY id=32 off=5a0 00000000000000000000000000000000
N3GD_BODY id=32 off=5b0 00000000000000000000000000000000
N3GD_BODY id=32 off=5c0 00000000000000000000000000000000
N3GD_BODY id=32 off=5d0 00000000000000000000000000000000
N3GD_BODY id=32 off=5e0 00000000000000000000000000000000
N3GD_BODY id=32 off=5f0 00000000000000000000000000000000
N3GD_BODY id=32 off=600 00000000000000000000000000000000
N3GD_BODY id=32 off=610 00000000000000000000000000000000
N3GD_BODY id=32 off=620 00000000000000000000000000000000
N3GD_BODY id=32 off=630 00000000000000000000000000000000
N3GD_BODY id=32 off=640 00000000000000000000000000000000
N3GD_BODY id=32 off=650 00000000000000000000000000000000
N3GD_BODY id=32 off=660 00000000000000000000000000000000
N3GD_BODY id=32 off=670 00000000000000000000000000000000
N3GD_BODY id=32 off=680 00000000000000000000000000000000
N3GD_BODY id=32 off=690 00000000000000000000000000000000
N3GD_BODY id=32 off=6a0 00000000000000000000000000000000
N3GD_BODY id=32 off=6b0 00000000000000000000000000000000
N3GD_BODY id=32 off=6c0 00000000000000000000000000000000
N3GD_BODY id=32 off=6d0 00000000000000000000000000000000
N3GD_BODY id=32 off=6e0 00000000000000000000000000000000
N3GD_BODY id=32 off=6f0 00000000000000000000000000000000
N3GD_BODY id=32 off=700 00000000000000000000000000000000
N3GD_BODY id=32 off=710 00000000000000000000000000000000
N3GD_BODY id=32 off=720 00000000000000000000000000000000
N3GD_BODY id=32 off=730 00000000000000000000000000000000
N3GD_BODY id=32 off=740 00000000000000000000000000000000
N3GD_BODY id=32 off=750 00000000000000000000000000000000
N3GD_BODY id=32 off=760 00000000000000000000000000000000
N3GD_BODY id=32 off=770 00000000000000000000000000000000
N3GD_BODY id=32 off=780 00000000000000000000000000000000
N3GD_BODY id=32 off=790 00000000000000000000000000000000
N3GD_BODY id=32 off=7a0 00000000000000000000000000000000
N3GD_BODY id=32 off=7b0 00000000000000000000000000000000
N3GD_BODY id=32 off=7c0 00000000000000000000000000000000
N3GD_BODY id=32 off=7d0 00000000000000000000000000000000
N3GD_BODY id=32 off=7e0 00000000000000000000000000000000
N3GD_BODY id=32 off=7f0 00000000000000000000000000000000
N3GD_OOB id=32 off=000 000000000000000000000000e5ab0668
N3GD_OOB id=32 off=010 0a52efac2207c7a22532dbc8686282cd
N3GD_OOB id=32 off=020 377bcde4a25178a6eb7c95b8b7fa1e2e
N3GD_OOB id=32 off=030 eddbaafff14d9b9ea7ce563d0b3c39de
N3GD_END id=32
N3GD_BEGIN id=33 kind=cand j=-1 v=0AAA po=72 sl=0 l0=0019A492 host=0000A07E tgt=000140FC bank=0 pb=3155 pp=18 phy=403858 shift=7 t=40 ix=D9C1 u=0019A492 l=0019A492
N3GD_BODY id=33 off=000 ac44a243829fdd5b5f8751801885e000
N3GD_BODY id=33 off=010 20520002017b3e0580143e2b2480d000
N3GD_BODY id=33 off=020 7d0a993801dcfa6e00fb43ddf7855000
N3GD_BODY id=33 off=030 c55c2c4a0062014b4e13b03a3e0f49c4
N3GD_BODY id=33 off=040 00030000b101048a6298a629bbbbc3a8
N3GD_BODY id=33 off=050 e001842964000200801ba581001df035
N3GD_BODY id=33 off=060 8d805348208316a4c418b4de9f4c01f6
N3GD_BODY id=33 off=070 9016200865bf074038cc90b6c5ffe1dc
N3GD_BODY id=33 off=080 0088a085f840865f3d543c1f37de581c
N3GD_BODY id=33 off=090 01f63c0a160e0020122043c562b2d897
N3GD_BODY id=33 off=0a0 aad61d9407828f27ffe9c40040048900
N3GD_BODY id=33 off=0b0 e28dcb7f8cc6588c2b3e780007a77fe1
N3GD_BODY id=33 off=0c0 34a44fad56758ba6b5618c0b2c46df6f
N3GD_BODY id=33 off=0d0 fe98ed8dc03f0aa503ec66060eb8a98d
N3GD_BODY id=33 off=0e0 c54df198547c1bab0ac500070df29044
N3GD_BODY id=33 off=0f0 377652c7be02f43590084057f02de127
N3GD_BODY id=33 off=100 c80f2c3f320e7001e138a0236c289700
N3GD_BODY id=33 off=110 00f6539128215a0112012f381929af21
N3GD_BODY id=33 off=120 b83168878eb417b9f03d700cc36a043e
N3GD_BODY id=33 off=130 40639810120cfc245400ca38c9db0034
N3GD_BODY id=33 off=140 004e1b338240e0059288ad5bc5540124
N3GD_BODY id=33 off=150 42b1201155b5b6000200c572674e650e
N3GD_BODY id=33 off=160 ab01d81e9de01fa3fc33400bce21adc0
N3GD_BODY id=33 off=170 356143bb80d37832dd0ad53c1a0be14f
N3GD_BODY id=33 off=180 6f01381d36bb5013020efb5fff80f8f1
N3GD_BODY id=33 off=190 8b101d3d6159400333676960680fffef
N3GD_BODY id=33 off=1a0 fc16141a6cfe22c2cfb8539c585c9080
N3GD_BODY id=33 off=1b0 1f32ff76eadb7ff847715cffd29ff429
N3GD_BODY id=33 off=1c0 bababbb8bec50c49a6ed3bb5bb9f1437
N3GD_BODY id=33 off=1d0 535d885890263b0fe66ba3e73babf40a
N3GD_BODY id=33 off=1e0 c812e5e3527dcc30a036fa8004e66c1a
N3GD_BODY id=33 off=1f0 820f42b63c02504d8b742c10118c058e
N3GD_BODY id=33 off=200 77603baba35d300030c0f448f0113034
N3GD_BODY id=33 off=210 eef3150f304aec00180183d5023f02d0
N3GD_BODY id=33 off=220 e87028f02490c46516ebf0e9180a6b58
N3GD_BODY id=33 off=230 57a70a7037a6ccb5e24438708195a00d
N3GD_BODY id=33 off=240 71618c00040029c33f28806050722bc6
N3GD_BODY id=33 off=250 9bcdb922e820bb8daddd0ece5de0ef83
N3GD_BODY id=33 off=260 1341baa72a7ffe71600917a1f767e7ff
N3GD_BODY id=33 off=270 81581388330540072b19339b1895b611
N3GD_BODY id=33 off=280 981ff1ae1b0e0540b1524289646773f5
N3GD_BODY id=33 off=290 ae0772adeff0f110005939e148021809
N3GD_BODY id=33 off=2a0 e449b271ee1c529825e00e1b23fa1b4c
N3GD_BODY id=33 off=2b0 0d33215400d3078b6bca18963a0e1825
N3GD_BODY id=33 off=2c0 704490181edf6cfeb846249c3c070f76
N3GD_BODY id=33 off=2d0 f3735383b758719034936fd62cbe0f70
N3GD_BODY id=33 off=2e0 83dc352dcb7fcc190a267483c92ea2a2
N3GD_BODY id=33 off=2f0 948e217241a672c2705c111486034e0d
N3GD_BODY id=33 off=300 e0b61b62015ff60434ce20f6f8f18fa0
N3GD_BODY id=33 off=310 3a1c0b25f0ec07a1648b100e03864090
N3GD_BODY id=33 off=320 6520ea80e355ff85d89003d052460a4f
N3GD_BODY id=33 off=330 421a4e94e243d3c4f8142ac304fd4300
N3GD_BODY id=33 off=340 35c2cff7c2e48031a75011ef5af75189
N3GD_BODY id=33 off=350 1f426f71f42668ee1d7000448c175a82
N3GD_BODY id=33 off=360 2dabe4b23fe06c6be2d43b81e0511666
N3GD_BODY id=33 off=370 c100ae3e0479d34fe3085031ff850318
N3GD_BODY id=33 off=380 e1615fab0a636c947e3c35c24b18a420
N3GD_BODY id=33 off=390 b63543719931049322090a5944110337
N3GD_BODY id=33 off=3a0 a209178e7123e585518002c23998f8ac
N3GD_BODY id=33 off=3b0 5160c6cfd42502b20e19ec71b1450c16
N3GD_BODY id=33 off=3c0 8605657e78f502e31268869efffe154b
N3GD_BODY id=33 off=3d0 cb40ad12ed9623451809c61d98004517
N3GD_BODY id=33 off=3e0 e61e010dc864fb9836a1e2b680125882
N3GD_BODY id=33 off=3f0 00fb5a2424176b071f58fffe156269a5
N3GD_BODY id=33 off=400 5c67d3ffff0aa30007c02eec3a96db20
N3GD_BODY id=33 off=410 f49f405c9661e8d035d71ac04f723613
N3GD_BODY id=33 off=420 d426df328cec0295867364403283efa5
N3GD_BODY id=33 off=430 97836e814abf86530780012818c30882
N3GD_BODY id=33 off=440 8a13a30c36a483cc372720c3776401c3
N3GD_BODY id=33 off=450 73f1846bfbffb15285007b82944aaa5e
N3GD_BODY id=33 off=460 2c10bbdfaac382953733327e138a001d
N3GD_BODY id=33 off=470 6910c9b80bdcb9842ed036580d307658
N3GD_BODY id=33 off=480 44d8001a6845c041f259c1f64614021f
N3GD_BODY id=33 off=490 138c034d22508f056785fa41801a40ab
N3GD_BODY id=33 off=4a0 8839966c06f768a5273d24516d70e918
N3GD_BODY id=33 off=4b0 13323261000a00572f6da2f87b0f0cb2
N3GD_BODY id=33 off=4c0 a158026ecf540b00a5b951015bd32200
N3GD_BODY id=33 off=4d0 753a62071690f902bc3d2e4548a80043
N3GD_BODY id=33 off=4e0 dc046e094a80041ee3e078f46f17afc3
N3GD_BODY id=33 off=4f0 ac48342b631090c10f5f440ab42d8706
N3GD_BODY id=33 off=500 7c42f55b5a3fc9c6e3bf820063429f4d
N3GD_BODY id=33 off=510 3f8c9472ae3ce18014a1e154d6d81a1b
N3GD_BODY id=33 off=520 80d65f28cbbfdf56d7f68e344151b33d
N3GD_BODY id=33 off=530 1e7f8e0a888e0005402780c108295883
N3GD_BODY id=33 off=540 c10008a1eaa1d38210cc760e04880e00
N3GD_BODY id=33 off=550 7862f27c9cbf4c1ff86f002e02e0d04f
N3GD_BODY id=33 off=560 8d2b25ecd14bd4c01f6500dc233d001b
N3GD_BODY id=33 off=570 c534167236d820ae60df71405ad46664
N3GD_BODY id=33 off=580 b5349847cfe234e3aa7558d3870870f0
N3GD_BODY id=33 off=590 2268f83dc3fe8848d375fc36c8029e58
N3GD_BODY id=33 off=5a0 39137fc677859c3dfc5615d82dbde177
N3GD_BODY id=33 off=5b0 0f7b604806e59c058208deb5f85d8a00
N3GD_BODY id=33 off=5c0 26e2027b84f7cbccb5773444de10c0e0
N3GD_BODY id=33 off=5d0 c1f0be12c0900e04301e14126196340a
N3GD_BODY id=33 off=5e0 e3eccde67f8467a63a7fe5bdfc174350
N3GD_BODY id=33 off=5f0 87540029d62727e673b06ffaf8149846
N3GD_BODY id=33 off=600 c58b55c55d7ff0386900c30cbc52ff87
N3GD_BODY id=33 off=610 484003e6cfdec1fe00123fe8717c9dd3
N3GD_BODY id=33 off=620 c9400387c0e00307c3b8a019ec030007
N3GD_BODY id=33 off=630 d60c2c1eed9ffc24ce5c0606827bcf1f
N3GD_BODY id=33 off=640 f8e25658e5c58a5a15908c52936293c7
N3GD_BODY id=33 off=650 64dec6258bd2609ab104e30885fb1899
N3GD_BODY id=33 off=660 70d61a46000468c513812f27cfc1ed6e
N3GD_BODY id=33 off=670 0d2ae00f478c2b3b86c00fb7df10521d
N3GD_BODY id=33 off=680 bb5ed8ec095f59adf6053f9ffbe13b02
N3GD_BODY id=33 off=690 ae998adbaa18c91f89a5682ffc4583fc
N3GD_BODY id=33 off=6a0 88f1163cd31a90912254f02a04c9aaab
N3GD_BODY id=33 off=6b0 6fe2455cfef7bbb6fb9fe97c284e03a8
N3GD_BODY id=33 off=6c0 87adecb607b3006c1bb397e3b420803d
N3GD_BODY id=33 off=6d0 4ca8d8802c0400cfd91b1373d0242d31
N3GD_BODY id=33 off=6e0 f1ed85d90007d7669909cf7a2eb124b3
N3GD_BODY id=33 off=6f0 2d9f8335689d8a760fa024d077807700
N3GD_BODY id=33 off=700 2d068030ab9f61362409381a0f619bc3
N3GD_BODY id=33 off=710 f48c903c7b0597cbc98743ac158d0755
N3GD_BODY id=33 off=720 a21a447b2841eb153b6ffc585054bd2d
N3GD_BODY id=33 off=730 39534c1abcf99603bfbb1f2ea71a1bef
N3GD_BODY id=33 off=740 8daf6bf1efd7eb58c5a5c2e4211ffff1
N3GD_BODY id=33 off=750 0c206e35c058c7709b415dbc5f65881a
N3GD_BODY id=33 off=760 4f42cdce0c3e247c26c50067f0096d1a
N3GD_BODY id=33 off=770 5bfcaee5947b978ce0d0241d071e1c1c
N3GD_BODY id=33 off=780 d0291dc34078e10bb1e4e6aa5ff377fa
N3GD_BODY id=33 off=790 4515787486001fd5ee8000405017dde4
N3GD_BODY id=33 off=7a0 f0b20f8b491ea1307542160e0b95b083
N3GD_BODY id=33 off=7b0 894103bb9ffe40e8222aae35bc152a44
N3GD_BODY id=33 off=7c0 a72aa75dfd6b10492f8e5b7d5b11e215
N3GD_BODY id=33 off=7d0 28854a28915c4138c5f6144bfff3f66b
N3GD_BODY id=33 off=7e0 7485908000b91c10f6c6c412f087fb4c
N3GD_BODY id=33 off=7f0 183a00ca32b3975cdd9a4d021c2c1bb3
N3GD_OOB id=33 off=000 92a41900c1d90000ff40ffffe5ab0668
N3GD_OOB id=33 off=010 0a52efac2207c7a22532dbc8686282cd
N3GD_OOB id=33 off=020 377bcde4a25178a6eb7c95b8b7fa1e2e
N3GD_OOB id=33 off=030 eddbaafff14d9b9ea7ce563d0b3c39de
N3GD_END id=33
N3GD_DONE pages=34
