N3GD_START host=0000A07E target=000140FC ppb=512 pages=64
N3GD_BEGIN id=0 kind=cand j=701 v=05A0 po=0 sl=4294967295 l0=00014402 host=0000A07E tgt=000140FC bank=0 pb=1865 pp=0 phy=238720 shift=4294967295 t=40 ix=DE42 u=00014402 l=00014402
N3GD_BODY id=0 off=000 00000000000000000000000000000000
N3GD_BODY id=0 off=010 00000000000000000000000000000000
N3GD_BODY id=0 off=020 00000000000000000000000000000000
N3GD_BODY id=0 off=030 00000000000000000000000000000000
N3GD_BODY id=0 off=040 00000000000000000000000000000000
N3GD_BODY id=0 off=050 00000000000000000000000000000000
N3GD_BODY id=0 off=060 00000000000000000000000000000000
N3GD_BODY id=0 off=070 00000000000000000000000000000000
N3GD_BODY id=0 off=080 00000000000000000000000000000000
N3GD_BODY id=0 off=090 00000000000000000000000000000000
N3GD_BODY id=0 off=0a0 00000000000000000000000000000000
N3GD_BODY id=0 off=0b0 00000000000000000000000000000000
N3GD_BODY id=0 off=0c0 00000000000000000000000000000000
N3GD_BODY id=0 off=0d0 00000000000000000000000000000000
N3GD_BODY id=0 off=0e0 00000000000000000000000000000000
N3GD_BODY id=0 off=0f0 00000000000000000000000000000000
N3GD_BODY id=0 off=100 00000000000000000000000000000000
N3GD_BODY id=0 off=110 00000000000000000000000000000000
N3GD_BODY id=0 off=120 00000000000000000000000000000000
N3GD_BODY id=0 off=130 00000000000000000000000000000000
N3GD_BODY id=0 off=140 00000000000000000000000000000000
N3GD_BODY id=0 off=150 00000000000000000000000000000000
N3GD_BODY id=0 off=160 00000000000000000000000000000000
N3GD_BODY id=0 off=170 00000000000000000000000000000000
N3GD_BODY id=0 off=180 00000000000000000000000000000000
N3GD_BODY id=0 off=190 00000000000000000000000000000000
N3GD_BODY id=0 off=1a0 00000000000000000000000000000000
N3GD_BODY id=0 off=1b0 00000000000000000000000000000000
N3GD_BODY id=0 off=1c0 00000000000000000000000000000000
N3GD_BODY id=0 off=1d0 00000000000000000000000000000000
N3GD_BODY id=0 off=1e0 00000000000000000000000000000000
N3GD_BODY id=0 off=1f0 00000000000000000000000000000000
N3GD_BODY id=0 off=200 00000000000000000000000000000000
N3GD_BODY id=0 off=210 00000000000000000000000000000000
N3GD_BODY id=0 off=220 00000000000000000000000000000000
N3GD_BODY id=0 off=230 00000000000000000000000000000000
N3GD_BODY id=0 off=240 00000000000000000000000000000000
N3GD_BODY id=0 off=250 00000000000000000000000000000000
N3GD_BODY id=0 off=260 00000000000000000000000000000000
N3GD_BODY id=0 off=270 00000000000000000000000000000000
N3GD_BODY id=0 off=280 00000000000000000000000000000000
N3GD_BODY id=0 off=290 00000000000000000000000000000000
N3GD_BODY id=0 off=2a0 00000000000000000000000000000000
N3GD_BODY id=0 off=2b0 00000000000000000000000000000000
N3GD_BODY id=0 off=2c0 00000000000000000000000000000000
N3GD_BODY id=0 off=2d0 00000000000000000000000000000000
N3GD_BODY id=0 off=2e0 00000000000000000000000000000000
N3GD_BODY id=0 off=2f0 00000000000000000000000000000000
N3GD_BODY id=0 off=300 00000000000000000000000000000000
N3GD_BODY id=0 off=310 00000000000000000000000000000000
N3GD_BODY id=0 off=320 00000000000000000000000000000000
N3GD_BODY id=0 off=330 00000000000000000000000000000000
N3GD_BODY id=0 off=340 00000000000000000000000000000000
N3GD_BODY id=0 off=350 00000000000000000000000000000000
N3GD_BODY id=0 off=360 00000000000000000000000000000000
N3GD_BODY id=0 off=370 00000000000000000000000000000000
N3GD_BODY id=0 off=380 00000000000000000000000000000000
N3GD_BODY id=0 off=390 00000000000000000000000000000000
N3GD_BODY id=0 off=3a0 00000000000000000000000000000000
N3GD_BODY id=0 off=3b0 00000000000000000000000000000000
N3GD_BODY id=0 off=3c0 00000000000000000000000000000000
N3GD_BODY id=0 off=3d0 00000000000000000000000000000000
N3GD_BODY id=0 off=3e0 00000000000000000000000000000000
N3GD_BODY id=0 off=3f0 00000000000000000000000000000000
N3GD_BODY id=0 off=400 00000000000000000000000000000000
N3GD_BODY id=0 off=410 00000000000000000000000000000000
N3GD_BODY id=0 off=420 00000000000000000000000000000000
N3GD_BODY id=0 off=430 00000000000000000000000000000000
N3GD_BODY id=0 off=440 00000000000000000000000000000000
N3GD_BODY id=0 off=450 00000000000000000000000000000000
N3GD_BODY id=0 off=460 00000000000000000000000000000000
N3GD_BODY id=0 off=470 00000000000000000000000000000000
N3GD_BODY id=0 off=480 00000000000000000000000000000000
N3GD_BODY id=0 off=490 00000000000000000000000000000000
N3GD_BODY id=0 off=4a0 00000000000000000000000000000000
N3GD_BODY id=0 off=4b0 00000000000000000000000000000000
N3GD_BODY id=0 off=4c0 00000000000000000000000000000000
N3GD_BODY id=0 off=4d0 00000000000000000000000000000000
N3GD_BODY id=0 off=4e0 00000000000000000000000000000000
N3GD_BODY id=0 off=4f0 00000000000000000000000000000000
N3GD_BODY id=0 off=500 00000000000000000000000000000000
N3GD_BODY id=0 off=510 00000000000000000000000000000000
N3GD_BODY id=0 off=520 00000000000000000000000000000000
N3GD_BODY id=0 off=530 00000000000000000000000000000000
N3GD_BODY id=0 off=540 00000000000000000000000000000000
N3GD_BODY id=0 off=550 00000000000000000000000000000000
N3GD_BODY id=0 off=560 00000000000000000000000000000000
N3GD_BODY id=0 off=570 00000000000000000000000000000000
N3GD_BODY id=0 off=580 00000000000000000000000000000000
N3GD_BODY id=0 off=590 00000000000000000000000000000000
N3GD_BODY id=0 off=5a0 00000000000000000000000000000000
N3GD_BODY id=0 off=5b0 00000000000000000000000000000000
N3GD_BODY id=0 off=5c0 00000000000000000000000000000000
N3GD_BODY id=0 off=5d0 00000000000000000000000000000000
N3GD_BODY id=0 off=5e0 00000000000000000000000000000000
N3GD_BODY id=0 off=5f0 00000000000000000000000000000000
N3GD_BODY id=0 off=600 00000000000000000000000000000000
N3GD_BODY id=0 off=610 00000000000000000000000000000000
N3GD_BODY id=0 off=620 00000000000000000000000000000000
N3GD_BODY id=0 off=630 00000000000000000000000000000000
N3GD_BODY id=0 off=640 00000000000000000000000000000000
N3GD_BODY id=0 off=650 00000000000000000000000000000000
N3GD_BODY id=0 off=660 00000000000000000000000000000000
N3GD_BODY id=0 off=670 00000000000000000000000000000000
N3GD_BODY id=0 off=680 00000000000000000000000000000000
N3GD_BODY id=0 off=690 00000000000000000000000000000000
N3GD_BODY id=0 off=6a0 00000000000000000000000000000000
N3GD_BODY id=0 off=6b0 00000000000000000000000000000000
N3GD_BODY id=0 off=6c0 00000000000000000000000000000000
N3GD_BODY id=0 off=6d0 00000000000000000000000000000000
N3GD_BODY id=0 off=6e0 00000000000000000000000000000000
N3GD_BODY id=0 off=6f0 00000000000000000000000000000000
N3GD_BODY id=0 off=700 00000000000000000000000000000000
N3GD_BODY id=0 off=710 00000000000000000000000000000000
N3GD_BODY id=0 off=720 00000000000000000000000000000000
N3GD_BODY id=0 off=730 00000000000000000000000000000000
N3GD_BODY id=0 off=740 00000000000000000000000000000000
N3GD_BODY id=0 off=750 00000000000000000000000000000000
N3GD_BODY id=0 off=760 00000000000000000000000000000000
N3GD_BODY id=0 off=770 00000000000000000000000000000000
N3GD_BODY id=0 off=780 00000000000000000000000000000000
N3GD_BODY id=0 off=790 00000000000000000000000000000000
N3GD_BODY id=0 off=7a0 00000000000000000000000000000000
N3GD_BODY id=0 off=7b0 00000000000000000000000000000000
N3GD_BODY id=0 off=7c0 00000000000000000000000000000000
N3GD_BODY id=0 off=7d0 00000000000000000000000000000000
N3GD_BODY id=0 off=7e0 00000000000000000000000000000000
N3GD_BODY id=0 off=7f0 00000000000000000000000000000000
N3GD_OOB id=0 off=000 0244010042de0000ff40ffffe5ab0678
N3GD_OOB id=0 off=010 0a52efac2207c7a2053adbc8606282c5
N3GD_OOB id=0 off=020 374bcde4a25178a6eb7e94b8b7fa1e2e
N3GD_OOB id=0 off=030 eddbaafff14d9b9ea7ce563d3b3c79fe
N3GD_END id=0
N3GD_BEGIN id=1 kind=cand j=701 v=05A0 po=1 sl=4294967295 l0=00014402 host=0000A07E tgt=000140FC bank=1 pb=1865 pp=0 phy=238720 shift=4294967295 t=00 ix=0000 u=00000000 l=00000000
N3GD_BODY id=1 off=000 00000000000000000000000000000000
N3GD_BODY id=1 off=010 00000000000000000000000000000000
N3GD_BODY id=1 off=020 00000000000000000000000000000000
N3GD_BODY id=1 off=030 00000000000000000000000000000000
N3GD_BODY id=1 off=040 00000000000000000000000000000000
N3GD_BODY id=1 off=050 00000000000000000000000000000000
N3GD_BODY id=1 off=060 00000000000000000000000000000000
N3GD_BODY id=1 off=070 00000000000000000000000000000000
N3GD_BODY id=1 off=080 00000000000000000000000000000000
N3GD_BODY id=1 off=090 00000000000000000000000000000000
N3GD_BODY id=1 off=0a0 00000000000000000000000000000000
N3GD_BODY id=1 off=0b0 00000000000000000000000000000000
N3GD_BODY id=1 off=0c0 00000000000000000000000000000000
N3GD_BODY id=1 off=0d0 00000000000000000000000000000000
N3GD_BODY id=1 off=0e0 00000000000000000000000000000000
N3GD_BODY id=1 off=0f0 00000000000000000000000000000000
N3GD_BODY id=1 off=100 00000000000000000000000000000000
N3GD_BODY id=1 off=110 00000000000000000000000000000000
N3GD_BODY id=1 off=120 00000000000000000000000000000000
N3GD_BODY id=1 off=130 00000000000000000000000000000000
N3GD_BODY id=1 off=140 00000000000000000000000000000000
N3GD_BODY id=1 off=150 00000000000000000000000000000000
N3GD_BODY id=1 off=160 00000000000000000000000000000000
N3GD_BODY id=1 off=170 00000000000000000000000000000000
N3GD_BODY id=1 off=180 00000000000000000000000000000000
N3GD_BODY id=1 off=190 00000000000000000000000000000000
N3GD_BODY id=1 off=1a0 00000000000000000000000000000000
N3GD_BODY id=1 off=1b0 00000000000000000000000000000000
N3GD_BODY id=1 off=1c0 00000000000000000000000000000000
N3GD_BODY id=1 off=1d0 00000000000000000000000000000000
N3GD_BODY id=1 off=1e0 00000000000000000000000000000000
N3GD_BODY id=1 off=1f0 00000000000000000000000000000000
N3GD_BODY id=1 off=200 00000000000000000000000000000000
N3GD_BODY id=1 off=210 00000000000000000000000000000000
N3GD_BODY id=1 off=220 00000000000000000000000000000000
N3GD_BODY id=1 off=230 00000000000000000000000000000000
N3GD_BODY id=1 off=240 00000000000000000000000000000000
N3GD_BODY id=1 off=250 00000000000000000000000000000000
N3GD_BODY id=1 off=260 00000000000000000000000000000000
N3GD_BODY id=1 off=270 00000000000000000000000000000000
N3GD_BODY id=1 off=280 00000000000000000000000000000000
N3GD_BODY id=1 off=290 00000000000000000000000000000000
N3GD_BODY id=1 off=2a0 00000000000000000000000000000000
N3GD_BODY id=1 off=2b0 00000000000000000000000000000000
N3GD_BODY id=1 off=2c0 00000000000000000000000000000000
N3GD_BODY id=1 off=2d0 00000000000000000000000000000000
N3GD_BODY id=1 off=2e0 00000000000000000000000000000000
N3GD_BODY id=1 off=2f0 00000000000000000000000000000000
N3GD_BODY id=1 off=300 00000000000000000000000000000000
N3GD_BODY id=1 off=310 00000000000000000000000000000000
N3GD_BODY id=1 off=320 00000000000000000000000000000000
N3GD_BODY id=1 off=330 00000000000000000000000000000000
N3GD_BODY id=1 off=340 00000000000000000000000000000000
N3GD_BODY id=1 off=350 00000000000000000000000000000000
N3GD_BODY id=1 off=360 00000000000000000000000000000000
N3GD_BODY id=1 off=370 00000000000000000000000000000000
N3GD_BODY id=1 off=380 00000000000000000000000000000000
N3GD_BODY id=1 off=390 00000000000000000000000000000000
N3GD_BODY id=1 off=3a0 00000000000000000000000000000000
N3GD_BODY id=1 off=3b0 00000000000000000000000000000000
N3GD_BODY id=1 off=3c0 00000000000000000000000000000000
N3GD_BODY id=1 off=3d0 00000000000000000000000000000000
N3GD_BODY id=1 off=3e0 00000000000000000000000000000000
N3GD_BODY id=1 off=3f0 00000000000000000000000000000000
N3GD_BODY id=1 off=400 00000000000000000000000000000000
N3GD_BODY id=1 off=410 00000000000000000000000000000000
N3GD_BODY id=1 off=420 00000000000000000000000000000000
N3GD_BODY id=1 off=430 00000000000000000000000000000000
N3GD_BODY id=1 off=440 00000000000000000000000000000000
N3GD_BODY id=1 off=450 00000000000000000000000000000000
N3GD_BODY id=1 off=460 00000000000000000000000000000000
N3GD_BODY id=1 off=470 00000000000000000000000000000000
N3GD_BODY id=1 off=480 00000000000000000000000000000000
N3GD_BODY id=1 off=490 00000000000000000000000000000000
N3GD_BODY id=1 off=4a0 00000000000000000000000000000000
N3GD_BODY id=1 off=4b0 00000000000000000000000000000000
N3GD_BODY id=1 off=4c0 00000000000000000000000000000000
N3GD_BODY id=1 off=4d0 00000000000000000000000000000000
N3GD_BODY id=1 off=4e0 00000000000000000000000000000000
N3GD_BODY id=1 off=4f0 00000000000000000000000000000000
N3GD_BODY id=1 off=500 00000000000000000000000000000000
N3GD_BODY id=1 off=510 00000000000000000000000000000000
N3GD_BODY id=1 off=520 00000000000000000000000000000000
N3GD_BODY id=1 off=530 00000000000000000000000000000000
N3GD_BODY id=1 off=540 00000000000000000000000000000000
N3GD_BODY id=1 off=550 00000000000000000000000000000000
N3GD_BODY id=1 off=560 00000000000000000000000000000000
N3GD_BODY id=1 off=570 00000000000000000000000000000000
N3GD_BODY id=1 off=580 00000000000000000000000000000000
N3GD_BODY id=1 off=590 00000000000000000000000000000000
N3GD_BODY id=1 off=5a0 00000000000000000000000000000000
N3GD_BODY id=1 off=5b0 00000000000000000000000000000000
N3GD_BODY id=1 off=5c0 00000000000000000000000000000000
N3GD_BODY id=1 off=5d0 00000000000000000000000000000000
N3GD_BODY id=1 off=5e0 00000000000000000000000000000000
N3GD_BODY id=1 off=5f0 00000000000000000000000000000000
N3GD_BODY id=1 off=600 00000000000000000000000000000000
N3GD_BODY id=1 off=610 00000000000000000000000000000000
N3GD_BODY id=1 off=620 00000000000000000000000000000000
N3GD_BODY id=1 off=630 00000000000000000000000000000000
N3GD_BODY id=1 off=640 00000000000000000000000000000000
N3GD_BODY id=1 off=650 00000000000000000000000000000000
N3GD_BODY id=1 off=660 00000000000000000000000000000000
N3GD_BODY id=1 off=670 00000000000000000000000000000000
N3GD_BODY id=1 off=680 00000000000000000000000000000000
N3GD_BODY id=1 off=690 00000000000000000000000000000000
N3GD_BODY id=1 off=6a0 00000000000000000000000000000000
N3GD_BODY id=1 off=6b0 00000000000000000000000000000000
N3GD_BODY id=1 off=6c0 00000000000000000000000000000000
N3GD_BODY id=1 off=6d0 00000000000000000000000000000000
N3GD_BODY id=1 off=6e0 00000000000000000000000000000000
N3GD_BODY id=1 off=6f0 00000000000000000000000000000000
N3GD_BODY id=1 off=700 00000000000000000000000000000000
N3GD_BODY id=1 off=710 00000000000000000000000000000000
N3GD_BODY id=1 off=720 00000000000000000000000000000000
N3GD_BODY id=1 off=730 00000000000000000000000000000000
N3GD_BODY id=1 off=740 00000000000000000000000000000000
N3GD_BODY id=1 off=750 00000000000000000000000000000000
N3GD_BODY id=1 off=760 00000000000000000000000000000000
N3GD_BODY id=1 off=770 00000000000000000000000000000000
N3GD_BODY id=1 off=780 00000000000000000000000000000000
N3GD_BODY id=1 off=790 00000000000000000000000000000000
N3GD_BODY id=1 off=7a0 00000000000000000000000000000000
N3GD_BODY id=1 off=7b0 00000000000000000000000000000000
N3GD_BODY id=1 off=7c0 00000000000000000000000000000000
N3GD_BODY id=1 off=7d0 00000000000000000000000000000000
N3GD_BODY id=1 off=7e0 00000000000000000000000000000000
N3GD_BODY id=1 off=7f0 00000000000000000000000000000000
N3GD_OOB id=1 off=000 000000000000000000000000e5ab0678
N3GD_OOB id=1 off=010 0a52efac2207c7a2053adbc8606282c5
N3GD_OOB id=1 off=020 374bcde4a25178a6eb7e94b8b7fa1e2e
N3GD_OOB id=1 off=030 eddbaafff14d9b9ea7ce563d3b3c79fe
N3GD_END id=1
N3GD_BEGIN id=2 kind=cand j=701 v=05A0 po=2 sl=4294967295 l0=00014402 host=0000A07E tgt=000140FC bank=2 pb=1865 pp=0 phy=238720 shift=4294967295 t=00 ix=0000 u=00000000 l=00000000
N3GD_BODY id=2 off=000 00000000000000000000000000000000
N3GD_BODY id=2 off=010 00000000000000000000000000000000
N3GD_BODY id=2 off=020 00000000000000000000000000000000
N3GD_BODY id=2 off=030 00000000000000000000000000000000
N3GD_BODY id=2 off=040 00000000000000000000000000000000
N3GD_BODY id=2 off=050 00000000000000000000000000000000
N3GD_BODY id=2 off=060 00000000000000000000000000000000
N3GD_BODY id=2 off=070 00000000000000000000000000000000
N3GD_BODY id=2 off=080 00000000000000000000000000000000
N3GD_BODY id=2 off=090 00000000000000000000000000000000
N3GD_BODY id=2 off=0a0 00000000000000000000000000000000
N3GD_BODY id=2 off=0b0 00000000000000000000000000000000
N3GD_BODY id=2 off=0c0 00000000000000000000000000000000
N3GD_BODY id=2 off=0d0 00000000000000000000000000000000
N3GD_BODY id=2 off=0e0 00000000000000000000000000000000
N3GD_BODY id=2 off=0f0 00000000000000000000000000000000
N3GD_BODY id=2 off=100 00000000000000000000000000000000
N3GD_BODY id=2 off=110 00000000000000000000000000000000
N3GD_BODY id=2 off=120 00000000000000000000000000000000
N3GD_BODY id=2 off=130 00000000000000000000000000000000
N3GD_BODY id=2 off=140 00000000000000000000000000000000
N3GD_BODY id=2 off=150 00000000000000000000000000000000
N3GD_BODY id=2 off=160 00000000000000000000000000000000
N3GD_BODY id=2 off=170 00000000000000000000000000000000
N3GD_BODY id=2 off=180 00000000000000000000000000000000
N3GD_BODY id=2 off=190 00000000000000000000000000000000
N3GD_BODY id=2 off=1a0 00000000000000000000000000000000
N3GD_BODY id=2 off=1b0 00000000000000000000000000000000
N3GD_BODY id=2 off=1c0 00000000000000000000000000000000
N3GD_BODY id=2 off=1d0 00000000000000000000000000000000
N3GD_BODY id=2 off=1e0 00000000000000000000000000000000
N3GD_BODY id=2 off=1f0 00000000000000000000000000000000
N3GD_BODY id=2 off=200 00000000000000000000000000000000
N3GD_BODY id=2 off=210 00000000000000000000000000000000
N3GD_BODY id=2 off=220 00000000000000000000000000000000
N3GD_BODY id=2 off=230 00000000000000000000000000000000
N3GD_BODY id=2 off=240 00000000000000000000000000000000
N3GD_BODY id=2 off=250 00000000000000000000000000000000
N3GD_BODY id=2 off=260 00000000000000000000000000000000
N3GD_BODY id=2 off=270 00000000000000000000000000000000
N3GD_BODY id=2 off=280 00000000000000000000000000000000
N3GD_BODY id=2 off=290 00000000000000000000000000000000
N3GD_BODY id=2 off=2a0 00000000000000000000000000000000
N3GD_BODY id=2 off=2b0 00000000000000000000000000000000
N3GD_BODY id=2 off=2c0 00000000000000000000000000000000
N3GD_BODY id=2 off=2d0 00000000000000000000000000000000
N3GD_BODY id=2 off=2e0 00000000000000000000000000000000
N3GD_BODY id=2 off=2f0 00000000000000000000000000000000
N3GD_BODY id=2 off=300 00000000000000000000000000000000
N3GD_BODY id=2 off=310 00000000000000000000000000000000
N3GD_BODY id=2 off=320 00000000000000000000000000000000
N3GD_BODY id=2 off=330 00000000000000000000000000000000
N3GD_BODY id=2 off=340 00000000000000000000000000000000
N3GD_BODY id=2 off=350 00000000000000000000000000000000
N3GD_BODY id=2 off=360 00000000000000000000000000000000
N3GD_BODY id=2 off=370 00000000000000000000000000000000
N3GD_BODY id=2 off=380 00000000000000000000000000000000
N3GD_BODY id=2 off=390 00000000000000000000000000000000
N3GD_BODY id=2 off=3a0 00000000000000000000000000000000
N3GD_BODY id=2 off=3b0 00000000000000000000000000000000
N3GD_BODY id=2 off=3c0 00000000000000000000000000000000
N3GD_BODY id=2 off=3d0 00000000000000000000000000000000
N3GD_BODY id=2 off=3e0 00000000000000000000000000000000
N3GD_BODY id=2 off=3f0 00000000000000000000000000000000
N3GD_BODY id=2 off=400 00000000000000000000000000000000
N3GD_BODY id=2 off=410 00000000000000000000000000000000
N3GD_BODY id=2 off=420 00000000000000000000000000000000
N3GD_BODY id=2 off=430 00000000000000000000000000000000
N3GD_BODY id=2 off=440 00000000000000000000000000000000
N3GD_BODY id=2 off=450 00000000000000000000000000000000
N3GD_BODY id=2 off=460 00000000000000000000000000000000
N3GD_BODY id=2 off=470 00000000000000000000000000000000
N3GD_BODY id=2 off=480 00000000000000000000000000000000
N3GD_BODY id=2 off=490 00000000000000000000000000000000
N3GD_BODY id=2 off=4a0 00000000000000000000000000000000
N3GD_BODY id=2 off=4b0 00000000000000000000000000000000
N3GD_BODY id=2 off=4c0 00000000000000000000000000000000
N3GD_BODY id=2 off=4d0 00000000000000000000000000000000
N3GD_BODY id=2 off=4e0 00000000000000000000000000000000
N3GD_BODY id=2 off=4f0 00000000000000000000000000000000
N3GD_BODY id=2 off=500 00000000000000000000000000000000
N3GD_BODY id=2 off=510 00000000000000000000000000000000
N3GD_BODY id=2 off=520 00000000000000000000000000000000
N3GD_BODY id=2 off=530 00000000000000000000000000000000
N3GD_BODY id=2 off=540 00000000000000000000000000000000
N3GD_BODY id=2 off=550 00000000000000000000000000000000
N3GD_BODY id=2 off=560 00000000000000000000000000000000
N3GD_BODY id=2 off=570 00000000000000000000000000000000
N3GD_BODY id=2 off=580 00000000000000000000000000000000
N3GD_BODY id=2 off=590 00000000000000000000000000000000
N3GD_BODY id=2 off=5a0 00000000000000000000000000000000
N3GD_BODY id=2 off=5b0 00000000000000000000000000000000
N3GD_BODY id=2 off=5c0 00000000000000000000000000000000
N3GD_BODY id=2 off=5d0 00000000000000000000000000000000
N3GD_BODY id=2 off=5e0 00000000000000000000000000000000
N3GD_BODY id=2 off=5f0 00000000000000000000000000000000
N3GD_BODY id=2 off=600 00000000000000000000000000000000
N3GD_BODY id=2 off=610 00000000000000000000000000000000
N3GD_BODY id=2 off=620 00000000000000000000000000000000
N3GD_BODY id=2 off=630 00000000000000000000000000000000
N3GD_BODY id=2 off=640 00000000000000000000000000000000
N3GD_BODY id=2 off=650 00000000000000000000000000000000
N3GD_BODY id=2 off=660 00000000000000000000000000000000
N3GD_BODY id=2 off=670 00000000000000000000000000000000
N3GD_BODY id=2 off=680 00000000000000000000000000000000
N3GD_BODY id=2 off=690 00000000000000000000000000000000
N3GD_BODY id=2 off=6a0 00000000000000000000000000000000
N3GD_BODY id=2 off=6b0 00000000000000000000000000000000
N3GD_BODY id=2 off=6c0 00000000000000000000000000000000
N3GD_BODY id=2 off=6d0 00000000000000000000000000000000
N3GD_BODY id=2 off=6e0 00000000000000000000000000000000
N3GD_BODY id=2 off=6f0 00000000000000000000000000000000
N3GD_BODY id=2 off=700 00000000000000000000000000000000
N3GD_BODY id=2 off=710 00000000000000000000000000000000
N3GD_BODY id=2 off=720 00000000000000000000000000000000
N3GD_BODY id=2 off=730 00000000000000000000000000000000
N3GD_BODY id=2 off=740 00000000000000000000000000000000
N3GD_BODY id=2 off=750 00000000000000000000000000000000
N3GD_BODY id=2 off=760 00000000000000000000000000000000
N3GD_BODY id=2 off=770 00000000000000000000000000000000
N3GD_BODY id=2 off=780 00000000000000000000000000000000
N3GD_BODY id=2 off=790 00000000000000000000000000000000
N3GD_BODY id=2 off=7a0 00000000000000000000000000000000
N3GD_BODY id=2 off=7b0 00000000000000000000000000000000
N3GD_BODY id=2 off=7c0 00000000000000000000000000000000
N3GD_BODY id=2 off=7d0 00000000000000000000000000000000
N3GD_BODY id=2 off=7e0 00000000000000000000000000000000
N3GD_BODY id=2 off=7f0 00000000000000000000000000000000
N3GD_OOB id=2 off=000 000000000000000000000000e5ab0678
N3GD_OOB id=2 off=010 0a52efac2207c7a2053adbc8606282c5
N3GD_OOB id=2 off=020 374bcde4a25178a6eb7e94b8b7fa1e2e
N3GD_OOB id=2 off=030 eddbaafff14d9b9ea7ce563d3b3c79fe
N3GD_END id=2
N3GD_BEGIN id=3 kind=cand j=701 v=05A0 po=3 sl=4294967295 l0=00014402 host=0000A07E tgt=000140FC bank=3 pb=1865 pp=0 phy=238720 shift=4294967295 t=00 ix=0000 u=00000000 l=00000000
N3GD_BODY id=3 off=000 00000000000000000000000000000000
N3GD_BODY id=3 off=010 00000000000000000000000000000000
N3GD_BODY id=3 off=020 00000000000000000000000000000000
N3GD_BODY id=3 off=030 00000000000000000000000000000000
N3GD_BODY id=3 off=040 00000000000000000000000000000000
N3GD_BODY id=3 off=050 00000000000000000000000000000000
N3GD_BODY id=3 off=060 00000000000000000000000000000000
N3GD_BODY id=3 off=070 00000000000000000000000000000000
N3GD_BODY id=3 off=080 00000000000000000000000000000000
N3GD_BODY id=3 off=090 00000000000000000000000000000000
N3GD_BODY id=3 off=0a0 00000000000000000000000000000000
N3GD_BODY id=3 off=0b0 00000000000000000000000000000000
N3GD_BODY id=3 off=0c0 00000000000000000000000000000000
N3GD_BODY id=3 off=0d0 00000000000000000000000000000000
N3GD_BODY id=3 off=0e0 00000000000000000000000000000000
N3GD_BODY id=3 off=0f0 00000000000000000000000000000000
N3GD_BODY id=3 off=100 00000000000000000000000000000000
N3GD_BODY id=3 off=110 00000000000000000000000000000000
N3GD_BODY id=3 off=120 00000000000000000000000000000000
N3GD_BODY id=3 off=130 00000000000000000000000000000000
N3GD_BODY id=3 off=140 00000000000000000000000000000000
N3GD_BODY id=3 off=150 00000000000000000000000000000000
N3GD_BODY id=3 off=160 00000000000000000000000000000000
N3GD_BODY id=3 off=170 00000000000000000000000000000000
N3GD_BODY id=3 off=180 00000000000000000000000000000000
N3GD_BODY id=3 off=190 00000000000000000000000000000000
N3GD_BODY id=3 off=1a0 00000000000000000000000000000000
N3GD_BODY id=3 off=1b0 00000000000000000000000000000000
N3GD_BODY id=3 off=1c0 00000000000000000000000000000000
N3GD_BODY id=3 off=1d0 00000000000000000000000000000000
N3GD_BODY id=3 off=1e0 00000000000000000000000000000000
N3GD_BODY id=3 off=1f0 00000000000000000000000000000000
N3GD_BODY id=3 off=200 00000000000000000000000000000000
N3GD_BODY id=3 off=210 00000000000000000000000000000000
N3GD_BODY id=3 off=220 00000000000000000000000000000000
N3GD_BODY id=3 off=230 00000000000000000000000000000000
N3GD_BODY id=3 off=240 00000000000000000000000000000000
N3GD_BODY id=3 off=250 00000000000000000000000000000000
N3GD_BODY id=3 off=260 00000000000000000000000000000000
N3GD_BODY id=3 off=270 00000000000000000000000000000000
N3GD_BODY id=3 off=280 00000000000000000000000000000000
N3GD_BODY id=3 off=290 00000000000000000000000000000000
N3GD_BODY id=3 off=2a0 00000000000000000000000000000000
N3GD_BODY id=3 off=2b0 00000000000000000000000000000000
N3GD_BODY id=3 off=2c0 00000000000000000000000000000000
N3GD_BODY id=3 off=2d0 00000000000000000000000000000000
N3GD_BODY id=3 off=2e0 00000000000000000000000000000000
N3GD_BODY id=3 off=2f0 00000000000000000000000000000000
N3GD_BODY id=3 off=300 00000000000000000000000000000000
N3GD_BODY id=3 off=310 00000000000000000000000000000000
N3GD_BODY id=3 off=320 00000000000000000000000000000000
N3GD_BODY id=3 off=330 00000000000000000000000000000000
N3GD_BODY id=3 off=340 00000000000000000000000000000000
N3GD_BODY id=3 off=350 00000000000000000000000000000000
N3GD_BODY id=3 off=360 00000000000000000000000000000000
N3GD_BODY id=3 off=370 00000000000000000000000000000000
N3GD_BODY id=3 off=380 00000000000000000000000000000000
N3GD_BODY id=3 off=390 00000000000000000000000000000000
N3GD_BODY id=3 off=3a0 00000000000000000000000000000000
N3GD_BODY id=3 off=3b0 00000000000000000000000000000000
N3GD_BODY id=3 off=3c0 00000000000000000000000000000000
N3GD_BODY id=3 off=3d0 00000000000000000000000000000000
N3GD_BODY id=3 off=3e0 00000000000000000000000000000000
N3GD_BODY id=3 off=3f0 00000000000000000000000000000000
N3GD_BODY id=3 off=400 00000000000000000000000000000000
N3GD_BODY id=3 off=410 00000000000000000000000000000000
N3GD_BODY id=3 off=420 00000000000000000000000000000000
N3GD_BODY id=3 off=430 00000000000000000000000000000000
N3GD_BODY id=3 off=440 00000000000000000000000000000000
N3GD_BODY id=3 off=450 00000000000000000000000000000000
N3GD_BODY id=3 off=460 00000000000000000000000000000000
N3GD_BODY id=3 off=470 00000000000000000000000000000000
N3GD_BODY id=3 off=480 00000000000000000000000000000000
N3GD_BODY id=3 off=490 00000000000000000000000000000000
N3GD_BODY id=3 off=4a0 00000000000000000000000000000000
N3GD_BODY id=3 off=4b0 00000000000000000000000000000000
N3GD_BODY id=3 off=4c0 00000000000000000000000000000000
N3GD_BODY id=3 off=4d0 00000000000000000000000000000000
N3GD_BODY id=3 off=4e0 00000000000000000000000000000000
N3GD_BODY id=3 off=4f0 00000000000000000000000000000000
N3GD_BODY id=3 off=500 00000000000000000000000000000000
N3GD_BODY id=3 off=510 00000000000000000000000000000000
N3GD_BODY id=3 off=520 00000000000000000000000000000000
N3GD_BODY id=3 off=530 00000000000000000000000000000000
N3GD_BODY id=3 off=540 00000000000000000000000000000000
N3GD_BODY id=3 off=550 00000000000000000000000000000000
N3GD_BODY id=3 off=560 00000000000000000000000000000000
N3GD_BODY id=3 off=570 00000000000000000000000000000000
N3GD_BODY id=3 off=580 00000000000000000000000000000000
N3GD_BODY id=3 off=590 00000000000000000000000000000000
N3GD_BODY id=3 off=5a0 00000000000000000000000000000000
N3GD_BODY id=3 off=5b0 00000000000000000000000000000000
N3GD_BODY id=3 off=5c0 00000000000000000000000000000000
N3GD_BODY id=3 off=5d0 00000000000000000000000000000000
N3GD_BODY id=3 off=5e0 00000000000000000000000000000000
N3GD_BODY id=3 off=5f0 00000000000000000000000000000000
N3GD_BODY id=3 off=600 00000000000000000000000000000000
N3GD_BODY id=3 off=610 00000000000000000000000000000000
N3GD_BODY id=3 off=620 00000000000000000000000000000000
N3GD_BODY id=3 off=630 00000000000000000000000000000000
N3GD_BODY id=3 off=640 00000000000000000000000000000000
N3GD_BODY id=3 off=650 00000000000000000000000000000000
N3GD_BODY id=3 off=660 00000000000000000000000000000000
N3GD_BODY id=3 off=670 00000000000000000000000000000000
N3GD_BODY id=3 off=680 00000000000000000000000000000000
N3GD_BODY id=3 off=690 00000000000000000000000000000000
N3GD_BODY id=3 off=6a0 00000000000000000000000000000000
N3GD_BODY id=3 off=6b0 00000000000000000000000000000000
N3GD_BODY id=3 off=6c0 00000000000000000000000000000000
N3GD_BODY id=3 off=6d0 00000000000000000000000000000000
N3GD_BODY id=3 off=6e0 00000000000000000000000000000000
N3GD_BODY id=3 off=6f0 00000000000000000000000000000000
N3GD_BODY id=3 off=700 00000000000000000000000000000000
N3GD_BODY id=3 off=710 00000000000000000000000000000000
N3GD_BODY id=3 off=720 00000000000000000000000000000000
N3GD_BODY id=3 off=730 00000000000000000000000000000000
N3GD_BODY id=3 off=740 00000000000000000000000000000000
N3GD_BODY id=3 off=750 00000000000000000000000000000000
N3GD_BODY id=3 off=760 00000000000000000000000000000000
N3GD_BODY id=3 off=770 00000000000000000000000000000000
N3GD_BODY id=3 off=780 00000000000000000000000000000000
N3GD_BODY id=3 off=790 00000000000000000000000000000000
N3GD_BODY id=3 off=7a0 00000000000000000000000000000000
N3GD_BODY id=3 off=7b0 00000000000000000000000000000000
N3GD_BODY id=3 off=7c0 00000000000000000000000000000000
N3GD_BODY id=3 off=7d0 00000000000000000000000000000000
N3GD_BODY id=3 off=7e0 00000000000000000000000000000000
N3GD_BODY id=3 off=7f0 00000000000000000000000000000000
N3GD_OOB id=3 off=000 000000000000000000000000e5ab0678
N3GD_OOB id=3 off=010 0a52efac2207c7a2053adbc8606282c5
N3GD_OOB id=3 off=020 374bcde4a25178a6eb7e94b8b7fa1e2e
N3GD_OOB id=3 off=030 eddbaafff14d9b9ea7ce563d3b3c79fe
N3GD_END id=3
N3GD_BEGIN id=4 kind=cand j=701 v=05A0 po=4 sl=4294967295 l0=00014402 host=0000A07E tgt=000140FC bank=0 pb=1865 pp=1 phy=238721 shift=4294967295 t=40 ix=DE42 u=0001440A l=0001440A
N3GD_BODY id=4 off=000 00000000000000000000000000000000
N3GD_BODY id=4 off=010 00000000000000000000000000000000
N3GD_BODY id=4 off=020 00000000000000000000000000000000
N3GD_BODY id=4 off=030 00000000000000000000000000000000
N3GD_BODY id=4 off=040 00000000000000000000000000000000
N3GD_BODY id=4 off=050 00000000000000000000000000000000
N3GD_BODY id=4 off=060 00000000000000000000000000000000
N3GD_BODY id=4 off=070 00000000000000000000000000000000
N3GD_BODY id=4 off=080 00000000000000000000000000000000
N3GD_BODY id=4 off=090 00000000000000000000000000000000
N3GD_BODY id=4 off=0a0 00000000000000000000000000000000
N3GD_BODY id=4 off=0b0 00000000000000000000000000000000
N3GD_BODY id=4 off=0c0 00000000000000000000000000000000
N3GD_BODY id=4 off=0d0 00000000000000000000000000000000
N3GD_BODY id=4 off=0e0 00000000000000000000000000000000
N3GD_BODY id=4 off=0f0 00000000000000000000000000000000
N3GD_BODY id=4 off=100 00000000000000000000000000000000
N3GD_BODY id=4 off=110 00000000000000000000000000000000
N3GD_BODY id=4 off=120 00000000000000000000000000000000
N3GD_BODY id=4 off=130 00000000000000000000000000000000
N3GD_BODY id=4 off=140 00000000000000000000000000000000
N3GD_BODY id=4 off=150 00000000000000000000000000000000
N3GD_BODY id=4 off=160 00000000000000000000000000000000
N3GD_BODY id=4 off=170 00000000000000000000000000000000
N3GD_BODY id=4 off=180 00000000000000000000000000000000
N3GD_BODY id=4 off=190 00000000000000000000000000000000
N3GD_BODY id=4 off=1a0 00000000000000000000000000000000
N3GD_BODY id=4 off=1b0 00000000000000000000000000000000
N3GD_BODY id=4 off=1c0 00000000000000000000000000000000
N3GD_BODY id=4 off=1d0 00000000000000000000000000000000
N3GD_BODY id=4 off=1e0 00000000000000000000000000000000
N3GD_BODY id=4 off=1f0 00000000000000000000000000000000
N3GD_BODY id=4 off=200 00000000000000000000000000000000
N3GD_BODY id=4 off=210 00000000000000000000000000000000
N3GD_BODY id=4 off=220 00000000000000000000000000000000
N3GD_BODY id=4 off=230 00000000000000000000000000000000
N3GD_BODY id=4 off=240 00000000000000000000000000000000
N3GD_BODY id=4 off=250 00000000000000000000000000000000
N3GD_BODY id=4 off=260 00000000000000000000000000000000
N3GD_BODY id=4 off=270 00000000000000000000000000000000
N3GD_BODY id=4 off=280 00000000000000000000000000000000
N3GD_BODY id=4 off=290 00000000000000000000000000000000
N3GD_BODY id=4 off=2a0 00000000000000000000000000000000
N3GD_BODY id=4 off=2b0 00000000000000000000000000000000
N3GD_BODY id=4 off=2c0 00000000000000000000000000000000
N3GD_BODY id=4 off=2d0 00000000000000000000000000000000
N3GD_BODY id=4 off=2e0 00000000000000000000000000000000
N3GD_BODY id=4 off=2f0 00000000000000000000000000000000
N3GD_BODY id=4 off=300 00000000000000000000000000000000
N3GD_BODY id=4 off=310 00000000000000000000000000000000
N3GD_BODY id=4 off=320 00000000000000000000000000000000
N3GD_BODY id=4 off=330 00000000000000000000000000000000
N3GD_BODY id=4 off=340 00000000000000000000000000000000
N3GD_BODY id=4 off=350 00000000000000000000000000000000
N3GD_BODY id=4 off=360 00000000000000000000000000000000
N3GD_BODY id=4 off=370 00000000000000000000000000000000
N3GD_BODY id=4 off=380 00000000000000000000000000000000
N3GD_BODY id=4 off=390 00000000000000000000000000000000
N3GD_BODY id=4 off=3a0 00000000000000000000000000000000
N3GD_BODY id=4 off=3b0 00000000000000000000000000000000
N3GD_BODY id=4 off=3c0 00000000000000000000000000000000
N3GD_BODY id=4 off=3d0 00000000000000000000000000000000
N3GD_BODY id=4 off=3e0 00000000000000000000000000000000
N3GD_BODY id=4 off=3f0 00000000000000000000000000000000
N3GD_BODY id=4 off=400 00000000000000000000000000000000
N3GD_BODY id=4 off=410 00000000000000000000000000000000
N3GD_BODY id=4 off=420 00000000000000000000000000000000
N3GD_BODY id=4 off=430 00000000000000000000000000000000
N3GD_BODY id=4 off=440 00000000000000000000000000000000
N3GD_BODY id=4 off=450 00000000000000000000000000000000
N3GD_BODY id=4 off=460 00000000000000000000000000000000
N3GD_BODY id=4 off=470 00000000000000000000000000000000
N3GD_BODY id=4 off=480 00000000000000000000000000000000
N3GD_BODY id=4 off=490 00000000000000000000000000000000
N3GD_BODY id=4 off=4a0 00000000000000000000000000000000
N3GD_BODY id=4 off=4b0 00000000000000000000000000000000
N3GD_BODY id=4 off=4c0 00000000000000000000000000000000
N3GD_BODY id=4 off=4d0 00000000000000000000000000000000
N3GD_BODY id=4 off=4e0 00000000000000000000000000000000
N3GD_BODY id=4 off=4f0 00000000000000000000000000000000
N3GD_BODY id=4 off=500 00000000000000000000000000000000
N3GD_BODY id=4 off=510 00000000000000000000000000000000
N3GD_BODY id=4 off=520 00000000000000000000000000000000
N3GD_BODY id=4 off=530 00000000000000000000000000000000
N3GD_BODY id=4 off=540 00000000000000000000000000000000
N3GD_BODY id=4 off=550 00000000000000000000000000000000
N3GD_BODY id=4 off=560 00000000000000000000000000000000
N3GD_BODY id=4 off=570 00000000000000000000000000000000
N3GD_BODY id=4 off=580 00000000000000000000000000000000
N3GD_BODY id=4 off=590 00000000000000000000000000000000
N3GD_BODY id=4 off=5a0 00000000000000000000000000000000
N3GD_BODY id=4 off=5b0 00000000000000000000000000000000
N3GD_BODY id=4 off=5c0 00000000000000000000000000000000
N3GD_BODY id=4 off=5d0 00000000000000000000000000000000
N3GD_BODY id=4 off=5e0 00000000000000000000000000000000
N3GD_BODY id=4 off=5f0 00000000000000000000000000000000
N3GD_BODY id=4 off=600 00000000000000000000000000000000
N3GD_BODY id=4 off=610 00000000000000000000000000000000
N3GD_BODY id=4 off=620 00000000000000000000000000000000
N3GD_BODY id=4 off=630 00000000000000000000000000000000
N3GD_BODY id=4 off=640 00000000000000000000000000000000
N3GD_BODY id=4 off=650 00000000000000000000000000000000
N3GD_BODY id=4 off=660 00000000000000000000000000000000
N3GD_BODY id=4 off=670 00000000000000000000000000000000
N3GD_BODY id=4 off=680 00000000000000000000000000000000
N3GD_BODY id=4 off=690 00000000000000000000000000000000
N3GD_BODY id=4 off=6a0 00000000000000000000000000000000
N3GD_BODY id=4 off=6b0 00000000000000000000000000000000
N3GD_BODY id=4 off=6c0 00000000000000000000000000000000
N3GD_BODY id=4 off=6d0 00000000000000000000000000000000
N3GD_BODY id=4 off=6e0 00000000000000000000000000000000
N3GD_BODY id=4 off=6f0 00000000000000000000000000000000
N3GD_BODY id=4 off=700 00000000000000000000000000000000
N3GD_BODY id=4 off=710 00000000000000000000000000000000
N3GD_BODY id=4 off=720 00000000000000000000000000000000
N3GD_BODY id=4 off=730 00000000000000000000000000000000
N3GD_BODY id=4 off=740 00000000000000000000000000000000
N3GD_BODY id=4 off=750 00000000000000000000000000000000
N3GD_BODY id=4 off=760 00000000000000000000000000000000
N3GD_BODY id=4 off=770 00000000000000000000000000000000
N3GD_BODY id=4 off=780 00000000000000000000000000000000
N3GD_BODY id=4 off=790 00000000000000000000000000000000
N3GD_BODY id=4 off=7a0 00000000000000000000000000000000
N3GD_BODY id=4 off=7b0 00000000000000000000000000000000
N3GD_BODY id=4 off=7c0 00000000000000000000000000000000
N3GD_BODY id=4 off=7d0 00000000000000000000000000000000
N3GD_BODY id=4 off=7e0 00000000000000000000000000000000
N3GD_BODY id=4 off=7f0 00000000000000000000000000000000
N3GD_OOB id=4 off=000 0a44010042de0000ff40ffffe5ab0678
N3GD_OOB id=4 off=010 0a52efac2207c7a2053adbc8606282c5
N3GD_OOB id=4 off=020 374bcde4a25178a6eb7e94b8b7fa1e2e
N3GD_OOB id=4 off=030 eddbaafff14d9b9ea7ce563d3b3c79fe
N3GD_END id=4
N3GD_BEGIN id=5 kind=cand j=701 v=05A0 po=63 sl=4294967295 l0=00014402 host=0000A07E tgt=000140FC bank=3 pb=1865 pp=15 phy=238735 shift=4294967295 t=00 ix=0000 u=00000000 l=00000000
N3GD_BODY id=5 off=000 00000000000000000000000000000000
N3GD_BODY id=5 off=010 00000000000000000000000000000000
N3GD_BODY id=5 off=020 00000000000000000000000000000000
N3GD_BODY id=5 off=030 00000000000000000000000000000000
N3GD_BODY id=5 off=040 00000000000000000000000000000000
N3GD_BODY id=5 off=050 00000000000000000000000000000000
N3GD_BODY id=5 off=060 00000000000000000000000000000000
N3GD_BODY id=5 off=070 00000000000000000000000000000000
N3GD_BODY id=5 off=080 00000000000000000000000000000000
N3GD_BODY id=5 off=090 00000000000000000000000000000000
N3GD_BODY id=5 off=0a0 00000000000000000000000000000000
N3GD_BODY id=5 off=0b0 00000000000000000000000000000000
N3GD_BODY id=5 off=0c0 00000000000000000000000000000000
N3GD_BODY id=5 off=0d0 00000000000000000000000000000000
N3GD_BODY id=5 off=0e0 00000000000000000000000000000000
N3GD_BODY id=5 off=0f0 00000000000000000000000000000000
N3GD_BODY id=5 off=100 00000000000000000000000000000000
N3GD_BODY id=5 off=110 00000000000000000000000000000000
N3GD_BODY id=5 off=120 00000000000000000000000000000000
N3GD_BODY id=5 off=130 00000000000000000000000000000000
N3GD_BODY id=5 off=140 00000000000000000000000000000000
N3GD_BODY id=5 off=150 00000000000000000000000000000000
N3GD_BODY id=5 off=160 00000000000000000000000000000000
N3GD_BODY id=5 off=170 00000000000000000000000000000000
N3GD_BODY id=5 off=180 00000000000000000000000000000000
N3GD_BODY id=5 off=190 00000000000000000000000000000000
N3GD_BODY id=5 off=1a0 00000000000000000000000000000000
N3GD_BODY id=5 off=1b0 00000000000000000000000000000000
N3GD_BODY id=5 off=1c0 00000000000000000000000000000000
N3GD_BODY id=5 off=1d0 00000000000000000000000000000000
N3GD_BODY id=5 off=1e0 00000000000000000000000000000000
N3GD_BODY id=5 off=1f0 00000000000000000000000000000000
N3GD_BODY id=5 off=200 00000000000000000000000000000000
N3GD_BODY id=5 off=210 00000000000000000000000000000000
N3GD_BODY id=5 off=220 00000000000000000000000000000000
N3GD_BODY id=5 off=230 00000000000000000000000000000000
N3GD_BODY id=5 off=240 00000000000000000000000000000000
N3GD_BODY id=5 off=250 00000000000000000000000000000000
N3GD_BODY id=5 off=260 00000000000000000000000000000000
N3GD_BODY id=5 off=270 00000000000000000000000000000000
N3GD_BODY id=5 off=280 00000000000000000000000000000000
N3GD_BODY id=5 off=290 00000000000000000000000000000000
N3GD_BODY id=5 off=2a0 00000000000000000000000000000000
N3GD_BODY id=5 off=2b0 00000000000000000000000000000000
N3GD_BODY id=5 off=2c0 00000000000000000000000000000000
N3GD_BODY id=5 off=2d0 00000000000000000000000000000000
N3GD_BODY id=5 off=2e0 00000000000000000000000000000000
N3GD_BODY id=5 off=2f0 00000000000000000000000000000000
N3GD_BODY id=5 off=300 00000000000000000000000000000000
N3GD_BODY id=5 off=310 00000000000000000000000000000000
N3GD_BODY id=5 off=320 00000000000000000000000000000000
N3GD_BODY id=5 off=330 00000000000000000000000000000000
N3GD_BODY id=5 off=340 00000000000000000000000000000000
N3GD_BODY id=5 off=350 00000000000000000000000000000000
N3GD_BODY id=5 off=360 00000000000000000000000000000000
N3GD_BODY id=5 off=370 00000000000000000000000000000000
N3GD_BODY id=5 off=380 00000000000000000000000000000000
N3GD_BODY id=5 off=390 00000000000000000000000000000000
N3GD_BODY id=5 off=3a0 00000000000000000000000000000000
N3GD_BODY id=5 off=3b0 00000000000000000000000000000000
N3GD_BODY id=5 off=3c0 00000000000000000000000000000000
N3GD_BODY id=5 off=3d0 00000000000000000000000000000000
N3GD_BODY id=5 off=3e0 00000000000000000000000000000000
N3GD_BODY id=5 off=3f0 00000000000000000000000000000000
N3GD_BODY id=5 off=400 00000000000000000000000000000000
N3GD_BODY id=5 off=410 00000000000000000000000000000000
N3GD_BODY id=5 off=420 00000000000000000000000000000000
N3GD_BODY id=5 off=430 00000000000000000000000000000000
N3GD_BODY id=5 off=440 00000000000000000000000000000000
N3GD_BODY id=5 off=450 00000000000000000000000000000000
N3GD_BODY id=5 off=460 00000000000000000000000000000000
N3GD_BODY id=5 off=470 00000000000000000000000000000000
N3GD_BODY id=5 off=480 00000000000000000000000000000000
N3GD_BODY id=5 off=490 00000000000000000000000000000000
N3GD_BODY id=5 off=4a0 00000000000000000000000000000000
N3GD_BODY id=5 off=4b0 00000000000000000000000000000000
N3GD_BODY id=5 off=4c0 00000000000000000000000000000000
N3GD_BODY id=5 off=4d0 00000000000000000000000000000000
N3GD_BODY id=5 off=4e0 00000000000000000000000000000000
N3GD_BODY id=5 off=4f0 00000000000000000000000000000000
N3GD_BODY id=5 off=500 00000000000000000000000000000000
N3GD_BODY id=5 off=510 00000000000000000000000000000000
N3GD_BODY id=5 off=520 00000000000000000000000000000000
N3GD_BODY id=5 off=530 00000000000000000000000000000000
N3GD_BODY id=5 off=540 00000000000000000000000000000000
N3GD_BODY id=5 off=550 00000000000000000000000000000000
N3GD_BODY id=5 off=560 00000000000000000000000000000000
N3GD_BODY id=5 off=570 00000000000000000000000000000000
N3GD_BODY id=5 off=580 00000000000000000000000000000000
N3GD_BODY id=5 off=590 00000000000000000000000000000000
N3GD_BODY id=5 off=5a0 00000000000000000000000000000000
N3GD_BODY id=5 off=5b0 00000000000000000000000000000000
N3GD_BODY id=5 off=5c0 00000000000000000000000000000000
N3GD_BODY id=5 off=5d0 00000000000000000000000000000000
N3GD_BODY id=5 off=5e0 00000000000000000000000000000000
N3GD_BODY id=5 off=5f0 00000000000000000000000000000000
N3GD_BODY id=5 off=600 00000000000000000000000000000000
N3GD_BODY id=5 off=610 00000000000000000000000000000000
N3GD_BODY id=5 off=620 00000000000000000000000000000000
N3GD_BODY id=5 off=630 00000000000000000000000000000000
N3GD_BODY id=5 off=640 00000000000000000000000000000000
N3GD_BODY id=5 off=650 00000000000000000000000000000000
N3GD_BODY id=5 off=660 00000000000000000000000000000000
N3GD_BODY id=5 off=670 00000000000000000000000000000000
N3GD_BODY id=5 off=680 00000000000000000000000000000000
N3GD_BODY id=5 off=690 00000000000000000000000000000000
N3GD_BODY id=5 off=6a0 00000000000000000000000000000000
N3GD_BODY id=5 off=6b0 00000000000000000000000000000000
N3GD_BODY id=5 off=6c0 00000000000000000000000000000000
N3GD_BODY id=5 off=6d0 00000000000000000000000000000000
N3GD_BODY id=5 off=6e0 00000000000000000000000000000000
N3GD_BODY id=5 off=6f0 00000000000000000000000000000000
N3GD_BODY id=5 off=700 00000000000000000000000000000000
N3GD_BODY id=5 off=710 00000000000000000000000000000000
N3GD_BODY id=5 off=720 00000000000000000000000000000000
N3GD_BODY id=5 off=730 00000000000000000000000000000000
N3GD_BODY id=5 off=740 00000000000000000000000000000000
N3GD_BODY id=5 off=750 00000000000000000000000000000000
N3GD_BODY id=5 off=760 00000000000000000000000000000000
N3GD_BODY id=5 off=770 00000000000000000000000000000000
N3GD_BODY id=5 off=780 00000000000000000000000000000000
N3GD_BODY id=5 off=790 00000000000000000000000000000000
N3GD_BODY id=5 off=7a0 00000000000000000000000000000000
N3GD_BODY id=5 off=7b0 00000000000000000000000000000000
N3GD_BODY id=5 off=7c0 00000000000000000000000000000000
N3GD_BODY id=5 off=7d0 00000000000000000000000000000000
N3GD_BODY id=5 off=7e0 00000000000000000000000000000000
N3GD_BODY id=5 off=7f0 00000000000000000000000000000000
N3GD_OOB id=5 off=000 000000000000000000000000e5ab0678
N3GD_OOB id=5 off=010 0a52efac2207c7a2053adbc8606282c5
N3GD_OOB id=5 off=020 374bcde4a25178a6eb7e94b8b7fa1e2e
N3GD_OOB id=5 off=030 eddbaafff14d9b9ea7ce563d3b3c79fe
N3GD_END id=5
N3GD_BEGIN id=6 kind=cand j=701 v=05A0 po=64 sl=4294967295 l0=00014402 host=0000A07E tgt=000140FC bank=0 pb=1865 pp=16 phy=238736 shift=4294967295 t=40 ix=DE42 u=00014482 l=00014482
N3GD_BODY id=6 off=000 00000000000000000000000000000000
N3GD_BODY id=6 off=010 00000000000000000000000000000000
N3GD_BODY id=6 off=020 00000000000000000000000000000000
N3GD_BODY id=6 off=030 00000000000000000000000000000000
N3GD_BODY id=6 off=040 00000000000000000000000000000000
N3GD_BODY id=6 off=050 00000000000000000000000000000000
N3GD_BODY id=6 off=060 00000000000000000000000000000000
N3GD_BODY id=6 off=070 00000000000000000000000000000000
N3GD_BODY id=6 off=080 00000000000000000000000000000000
N3GD_BODY id=6 off=090 00000000000000000000000000000000
N3GD_BODY id=6 off=0a0 00000000000000000000000000000000
N3GD_BODY id=6 off=0b0 00000000000000000000000000000000
N3GD_BODY id=6 off=0c0 00000000000000000000000000000000
N3GD_BODY id=6 off=0d0 00000000000000000000000000000000
N3GD_BODY id=6 off=0e0 00000000000000000000000000000000
N3GD_BODY id=6 off=0f0 00000000000000000000000000000000
N3GD_BODY id=6 off=100 00000000000000000000000000000000
N3GD_BODY id=6 off=110 00000000000000000000000000000000
N3GD_BODY id=6 off=120 00000000000000000000000000000000
N3GD_BODY id=6 off=130 00000000000000000000000000000000
N3GD_BODY id=6 off=140 00000000000000000000000000000000
N3GD_BODY id=6 off=150 00000000000000000000000000000000
N3GD_BODY id=6 off=160 00000000000000000000000000000000
N3GD_BODY id=6 off=170 00000000000000000000000000000000
N3GD_BODY id=6 off=180 00000000000000000000000000000000
N3GD_BODY id=6 off=190 00000000000000000000000000000000
N3GD_BODY id=6 off=1a0 00000000000000000000000000000000
N3GD_BODY id=6 off=1b0 00000000000000000000000000000000
N3GD_BODY id=6 off=1c0 00000000000000000000000000000000
N3GD_BODY id=6 off=1d0 00000000000000000000000000000000
N3GD_BODY id=6 off=1e0 00000000000000000000000000000000
N3GD_BODY id=6 off=1f0 00000000000000000000000000000000
N3GD_BODY id=6 off=200 00000000000000000000000000000000
N3GD_BODY id=6 off=210 00000000000000000000000000000000
N3GD_BODY id=6 off=220 00000000000000000000000000000000
N3GD_BODY id=6 off=230 00000000000000000000000000000000
N3GD_BODY id=6 off=240 00000000000000000000000000000000
N3GD_BODY id=6 off=250 00000000000000000000000000000000
N3GD_BODY id=6 off=260 00000000000000000000000000000000
N3GD_BODY id=6 off=270 00000000000000000000000000000000
N3GD_BODY id=6 off=280 00000000000000000000000000000000
N3GD_BODY id=6 off=290 00000000000000000000000000000000
N3GD_BODY id=6 off=2a0 00000000000000000000000000000000
N3GD_BODY id=6 off=2b0 00000000000000000000000000000000
N3GD_BODY id=6 off=2c0 00000000000000000000000000000000
N3GD_BODY id=6 off=2d0 00000000000000000000000000000000
N3GD_BODY id=6 off=2e0 00000000000000000000000000000000
N3GD_BODY id=6 off=2f0 00000000000000000000000000000000
N3GD_BODY id=6 off=300 00000000000000000000000000000000
N3GD_BODY id=6 off=310 00000000000000000000000000000000
N3GD_BODY id=6 off=320 00000000000000000000000000000000
N3GD_BODY id=6 off=330 00000000000000000000000000000000
N3GD_BODY id=6 off=340 00000000000000000000000000000000
N3GD_BODY id=6 off=350 00000000000000000000000000000000
N3GD_BODY id=6 off=360 00000000000000000000000000000000
N3GD_BODY id=6 off=370 00000000000000000000000000000000
N3GD_BODY id=6 off=380 00000000000000000000000000000000
N3GD_BODY id=6 off=390 00000000000000000000000000000000
N3GD_BODY id=6 off=3a0 00000000000000000000000000000000
N3GD_BODY id=6 off=3b0 00000000000000000000000000000000
N3GD_BODY id=6 off=3c0 00000000000000000000000000000000
N3GD_BODY id=6 off=3d0 00000000000000000000000000000000
N3GD_BODY id=6 off=3e0 00000000000000000000000000000000
N3GD_BODY id=6 off=3f0 00000000000000000000000000000000
N3GD_BODY id=6 off=400 00000000000000000000000000000000
N3GD_BODY id=6 off=410 00000000000000000000000000000000
N3GD_BODY id=6 off=420 00000000000000000000000000000000
N3GD_BODY id=6 off=430 00000000000000000000000000000000
N3GD_BODY id=6 off=440 00000000000000000000000000000000
N3GD_BODY id=6 off=450 00000000000000000000000000000000
N3GD_BODY id=6 off=460 00000000000000000000000000000000
N3GD_BODY id=6 off=470 00000000000000000000000000000000
N3GD_BODY id=6 off=480 00000000000000000000000000000000
N3GD_BODY id=6 off=490 00000000000000000000000000000000
N3GD_BODY id=6 off=4a0 00000000000000000000000000000000
N3GD_BODY id=6 off=4b0 00000000000000000000000000000000
N3GD_BODY id=6 off=4c0 00000000000000000000000000000000
N3GD_BODY id=6 off=4d0 00000000000000000000000000000000
N3GD_BODY id=6 off=4e0 00000000000000000000000000000000
N3GD_BODY id=6 off=4f0 00000000000000000000000000000000
N3GD_BODY id=6 off=500 00000000000000000000000000000000
N3GD_BODY id=6 off=510 00000000000000000000000000000000
N3GD_BODY id=6 off=520 00000000000000000000000000000000
N3GD_BODY id=6 off=530 00000000000000000000000000000000
N3GD_BODY id=6 off=540 00000000000000000000000000000000
N3GD_BODY id=6 off=550 00000000000000000000000000000000
N3GD_BODY id=6 off=560 00000000000000000000000000000000
N3GD_BODY id=6 off=570 00000000000000000000000000000000
N3GD_BODY id=6 off=580 00000000000000000000000000000000
N3GD_BODY id=6 off=590 00000000000000000000000000000000
N3GD_BODY id=6 off=5a0 00000000000000000000000000000000
N3GD_BODY id=6 off=5b0 00000000000000000000000000000000
N3GD_BODY id=6 off=5c0 00000000000000000000000000000000
N3GD_BODY id=6 off=5d0 00000000000000000000000000000000
N3GD_BODY id=6 off=5e0 00000000000000000000000000000000
N3GD_BODY id=6 off=5f0 00000000000000000000000000000000
N3GD_BODY id=6 off=600 00000000000000000000000000000000
N3GD_BODY id=6 off=610 00000000000000000000000000000000
N3GD_BODY id=6 off=620 00000000000000000000000000000000
N3GD_BODY id=6 off=630 00000000000000000000000000000000
N3GD_BODY id=6 off=640 00000000000000000000000000000000
N3GD_BODY id=6 off=650 00000000000000000000000000000000
N3GD_BODY id=6 off=660 00000000000000000000000000000000
N3GD_BODY id=6 off=670 00000000000000000000000000000000
N3GD_BODY id=6 off=680 00000000000000000000000000000000
N3GD_BODY id=6 off=690 00000000000000000000000000000000
N3GD_BODY id=6 off=6a0 00000000000000000000000000000000
N3GD_BODY id=6 off=6b0 00000000000000000000000000000000
N3GD_BODY id=6 off=6c0 00000000000000000000000000000000
N3GD_BODY id=6 off=6d0 00000000000000000000000000000000
N3GD_BODY id=6 off=6e0 00000000000000000000000000000000
N3GD_BODY id=6 off=6f0 00000000000000000000000000000000
N3GD_BODY id=6 off=700 00000000000000000000000000000000
N3GD_BODY id=6 off=710 00000000000000000000000000000000
N3GD_BODY id=6 off=720 00000000000000000000000000000000
N3GD_BODY id=6 off=730 00000000000000000000000000000000
N3GD_BODY id=6 off=740 00000000000000000000000000000000
N3GD_BODY id=6 off=750 00000000000000000000000000000000
N3GD_BODY id=6 off=760 00000000000000000000000000000000
N3GD_BODY id=6 off=770 00000000000000000000000000000000
N3GD_BODY id=6 off=780 00000000000000000000000000000000
N3GD_BODY id=6 off=790 00000000000000000000000000000000
N3GD_BODY id=6 off=7a0 00000000000000000000000000000000
N3GD_BODY id=6 off=7b0 00000000000000000000000000000000
N3GD_BODY id=6 off=7c0 00000000000000000000000000000000
N3GD_BODY id=6 off=7d0 00000000000000000000000000000000
N3GD_BODY id=6 off=7e0 00000000000000000000000000000000
N3GD_BODY id=6 off=7f0 00000000000000000000000000000000
N3GD_OOB id=6 off=000 8244010042de0000ff40ffffe5ab0678
N3GD_OOB id=6 off=010 0a52efac2207c7a2053adbc8606282c5
N3GD_OOB id=6 off=020 374bcde4a25178a6eb7e94b8b7fa1e2e
N3GD_OOB id=6 off=030 eddbaafff14d9b9ea7ce563d3b3c79fe
N3GD_END id=6
N3GD_BEGIN id=7 kind=cand j=701 v=05A0 po=65 sl=4294967295 l0=00014402 host=0000A07E tgt=000140FC bank=1 pb=1865 pp=16 phy=238736 shift=4294967295 t=00 ix=0000 u=00000000 l=00000000
N3GD_BODY id=7 off=000 00000000000000000000000000000000
N3GD_BODY id=7 off=010 00000000000000000000000000000000
N3GD_BODY id=7 off=020 00000000000000000000000000000000
N3GD_BODY id=7 off=030 00000000000000000000000000000000
N3GD_BODY id=7 off=040 00000000000000000000000000000000
N3GD_BODY id=7 off=050 00000000000000000000000000000000
N3GD_BODY id=7 off=060 00000000000000000000000000000000
N3GD_BODY id=7 off=070 00000000000000000000000000000000
N3GD_BODY id=7 off=080 00000000000000000000000000000000
N3GD_BODY id=7 off=090 00000000000000000000000000000000
N3GD_BODY id=7 off=0a0 00000000000000000000000000000000
N3GD_BODY id=7 off=0b0 00000000000000000000000000000000
N3GD_BODY id=7 off=0c0 00000000000000000000000000000000
N3GD_BODY id=7 off=0d0 00000000000000000000000000000000
N3GD_BODY id=7 off=0e0 00000000000000000000000000000000
N3GD_BODY id=7 off=0f0 00000000000000000000000000000000
N3GD_BODY id=7 off=100 00000000000000000000000000000000
N3GD_BODY id=7 off=110 00000000000000000000000000000000
N3GD_BODY id=7 off=120 00000000000000000000000000000000
N3GD_BODY id=7 off=130 00000000000000000000000000000000
N3GD_BODY id=7 off=140 00000000000000000000000000000000
N3GD_BODY id=7 off=150 00000000000000000000000000000000
N3GD_BODY id=7 off=160 00000000000000000000000000000000
N3GD_BODY id=7 off=170 00000000000000000000000000000000
N3GD_BODY id=7 off=180 00000000000000000000000000000000
N3GD_BODY id=7 off=190 00000000000000000000000000000000
N3GD_BODY id=7 off=1a0 00000000000000000000000000000000
N3GD_BODY id=7 off=1b0 00000000000000000000000000000000
N3GD_BODY id=7 off=1c0 00000000000000000000000000000000
N3GD_BODY id=7 off=1d0 00000000000000000000000000000000
N3GD_BODY id=7 off=1e0 00000000000000000000000000000000
N3GD_BODY id=7 off=1f0 00000000000000000000000000000000
N3GD_BODY id=7 off=200 00000000000000000000000000000000
N3GD_BODY id=7 off=210 00000000000000000000000000000000
N3GD_BODY id=7 off=220 00000000000000000000000000000000
N3GD_BODY id=7 off=230 00000000000000000000000000000000
N3GD_BODY id=7 off=240 00000000000000000000000000000000
N3GD_BODY id=7 off=250 00000000000000000000000000000000
N3GD_BODY id=7 off=260 00000000000000000000000000000000
N3GD_BODY id=7 off=270 00000000000000000000000000000000
N3GD_BODY id=7 off=280 00000000000000000000000000000000
N3GD_BODY id=7 off=290 00000000000000000000000000000000
N3GD_BODY id=7 off=2a0 00000000000000000000000000000000
N3GD_BODY id=7 off=2b0 00000000000000000000000000000000
N3GD_BODY id=7 off=2c0 00000000000000000000000000000000
N3GD_BODY id=7 off=2d0 00000000000000000000000000000000
N3GD_BODY id=7 off=2e0 00000000000000000000000000000000
N3GD_BODY id=7 off=2f0 00000000000000000000000000000000
N3GD_BODY id=7 off=300 00000000000000000000000000000000
N3GD_BODY id=7 off=310 00000000000000000000000000000000
N3GD_BODY id=7 off=320 00000000000000000000000000000000
N3GD_BODY id=7 off=330 00000000000000000000000000000000
N3GD_BODY id=7 off=340 00000000000000000000000000000000
N3GD_BODY id=7 off=350 00000000000000000000000000000000
N3GD_BODY id=7 off=360 00000000000000000000000000000000
N3GD_BODY id=7 off=370 00000000000000000000000000000000
N3GD_BODY id=7 off=380 00000000000000000000000000000000
N3GD_BODY id=7 off=390 00000000000000000000000000000000
N3GD_BODY id=7 off=3a0 00000000000000000000000000000000
N3GD_BODY id=7 off=3b0 00000000000000000000000000000000
N3GD_BODY id=7 off=3c0 00000000000000000000000000000000
N3GD_BODY id=7 off=3d0 00000000000000000000000000000000
N3GD_BODY id=7 off=3e0 00000000000000000000000000000000
N3GD_BODY id=7 off=3f0 00000000000000000000000000000000
N3GD_BODY id=7 off=400 00000000000000000000000000000000
N3GD_BODY id=7 off=410 00000000000000000000000000000000
N3GD_BODY id=7 off=420 00000000000000000000000000000000
N3GD_BODY id=7 off=430 00000000000000000000000000000000
N3GD_BODY id=7 off=440 00000000000000000000000000000000
N3GD_BODY id=7 off=450 00000000000000000000000000000000
N3GD_BODY id=7 off=460 00000000000000000000000000000000
N3GD_BODY id=7 off=470 00000000000000000000000000000000
N3GD_BODY id=7 off=480 00000000000000000000000000000000
N3GD_BODY id=7 off=490 00000000000000000000000000000000
N3GD_BODY id=7 off=4a0 00000000000000000000000000000000
N3GD_BODY id=7 off=4b0 00000000000000000000000000000000
N3GD_BODY id=7 off=4c0 00000000000000000000000000000000
N3GD_BODY id=7 off=4d0 00000000000000000000000000000000
N3GD_BODY id=7 off=4e0 00000000000000000000000000000000
N3GD_BODY id=7 off=4f0 00000000000000000000000000000000
N3GD_BODY id=7 off=500 00000000000000000000000000000000
N3GD_BODY id=7 off=510 00000000000000000000000000000000
N3GD_BODY id=7 off=520 00000000000000000000000000000000
N3GD_BODY id=7 off=530 00000000000000000000000000000000
N3GD_BODY id=7 off=540 00000000000000000000000000000000
N3GD_BODY id=7 off=550 00000000000000000000000000000000
N3GD_BODY id=7 off=560 00000000000000000000000000000000
N3GD_BODY id=7 off=570 00000000000000000000000000000000
N3GD_BODY id=7 off=580 00000000000000000000000000000000
N3GD_BODY id=7 off=590 00000000000000000000000000000000
N3GD_BODY id=7 off=5a0 00000000000000000000000000000000
N3GD_BODY id=7 off=5b0 00000000000000000000000000000000
N3GD_BODY id=7 off=5c0 00000000000000000000000000000000
N3GD_BODY id=7 off=5d0 00000000000000000000000000000000
N3GD_BODY id=7 off=5e0 00000000000000000000000000000000
N3GD_BODY id=7 off=5f0 00000000000000000000000000000000
N3GD_BODY id=7 off=600 00000000000000000000000000000000
N3GD_BODY id=7 off=610 00000000000000000000000000000000
N3GD_BODY id=7 off=620 00000000000000000000000000000000
N3GD_BODY id=7 off=630 00000000000000000000000000000000
N3GD_BODY id=7 off=640 00000000000000000000000000000000
N3GD_BODY id=7 off=650 00000000000000000000000000000000
N3GD_BODY id=7 off=660 00000000000000000000000000000000
N3GD_BODY id=7 off=670 00000000000000000000000000000000
N3GD_BODY id=7 off=680 00000000000000000000000000000000
N3GD_BODY id=7 off=690 00000000000000000000000000000000
N3GD_BODY id=7 off=6a0 00000000000000000000000000000000
N3GD_BODY id=7 off=6b0 00000000000000000000000000000000
N3GD_BODY id=7 off=6c0 00000000000000000000000000000000
N3GD_BODY id=7 off=6d0 00000000000000000000000000000000
N3GD_BODY id=7 off=6e0 00000000000000000000000000000000
N3GD_BODY id=7 off=6f0 00000000000000000000000000000000
N3GD_BODY id=7 off=700 00000000000000000000000000000000
N3GD_BODY id=7 off=710 00000000000000000000000000000000
N3GD_BODY id=7 off=720 00000000000000000000000000000000
N3GD_BODY id=7 off=730 00000000000000000000000000000000
N3GD_BODY id=7 off=740 00000000000000000000000000000000
N3GD_BODY id=7 off=750 00000000000000000000000000000000
N3GD_BODY id=7 off=760 00000000000000000000000000000000
N3GD_BODY id=7 off=770 00000000000000000000000000000000
N3GD_BODY id=7 off=780 00000000000000000000000000000000
N3GD_BODY id=7 off=790 00000000000000000000000000000000
N3GD_BODY id=7 off=7a0 00000000000000000000000000000000
N3GD_BODY id=7 off=7b0 00000000000000000000000000000000
N3GD_BODY id=7 off=7c0 00000000000000000000000000000000
N3GD_BODY id=7 off=7d0 00000000000000000000000000000000
N3GD_BODY id=7 off=7e0 00000000000000000000000000000000
N3GD_BODY id=7 off=7f0 00000000000000000000000000000000
N3GD_OOB id=7 off=000 000000000000000000000000e5ab0678
N3GD_OOB id=7 off=010 0a52efac2207c7a2053adbc8606282c5
N3GD_OOB id=7 off=020 374bcde4a25178a6eb7e94b8b7fa1e2e
N3GD_OOB id=7 off=030 eddbaafff14d9b9ea7ce563d3b3c79fe
N3GD_END id=7
N3GD_BEGIN id=8 kind=cand j=701 v=05A0 po=126 sl=4294967295 l0=00014402 host=0000A07E tgt=000140FC bank=2 pb=1865 pp=31 phy=238751 shift=4294967295 t=00 ix=0000 u=00000000 l=00000000
N3GD_BODY id=8 off=000 00000000000000000000000000000000
N3GD_BODY id=8 off=010 00000000000000000000000000000000
N3GD_BODY id=8 off=020 00000000000000000000000000000000
N3GD_BODY id=8 off=030 00000000000000000000000000000000
N3GD_BODY id=8 off=040 00000000000000000000000000000000
N3GD_BODY id=8 off=050 00000000000000000000000000000000
N3GD_BODY id=8 off=060 00000000000000000000000000000000
N3GD_BODY id=8 off=070 00000000000000000000000000000000
N3GD_BODY id=8 off=080 00000000000000000000000000000000
N3GD_BODY id=8 off=090 00000000000000000000000000000000
N3GD_BODY id=8 off=0a0 00000000000000000000000000000000
N3GD_BODY id=8 off=0b0 00000000000000000000000000000000
N3GD_BODY id=8 off=0c0 00000000000000000000000000000000
N3GD_BODY id=8 off=0d0 00000000000000000000000000000000
N3GD_BODY id=8 off=0e0 00000000000000000000000000000000
N3GD_BODY id=8 off=0f0 00000000000000000000000000000000
N3GD_BODY id=8 off=100 00000000000000000000000000000000
N3GD_BODY id=8 off=110 00000000000000000000000000000000
N3GD_BODY id=8 off=120 00000000000000000000000000000000
N3GD_BODY id=8 off=130 00000000000000000000000000000000
N3GD_BODY id=8 off=140 00000000000000000000000000000000
N3GD_BODY id=8 off=150 00000000000000000000000000000000
N3GD_BODY id=8 off=160 00000000000000000000000000000000
N3GD_BODY id=8 off=170 00000000000000000000000000000000
N3GD_BODY id=8 off=180 00000000000000000000000000000000
N3GD_BODY id=8 off=190 00000000000000000000000000000000
N3GD_BODY id=8 off=1a0 00000000000000000000000000000000
N3GD_BODY id=8 off=1b0 00000000000000000000000000000000
N3GD_BODY id=8 off=1c0 00000000000000000000000000000000
N3GD_BODY id=8 off=1d0 00000000000000000000000000000000
N3GD_BODY id=8 off=1e0 00000000000000000000000000000000
N3GD_BODY id=8 off=1f0 00000000000000000000000000000000
N3GD_BODY id=8 off=200 00000000000000000000000000000000
N3GD_BODY id=8 off=210 00000000000000000000000000000000
N3GD_BODY id=8 off=220 00000000000000000000000000000000
N3GD_BODY id=8 off=230 00000000000000000000000000000000
N3GD_BODY id=8 off=240 00000000000000000000000000000000
N3GD_BODY id=8 off=250 00000000000000000000000000000000
N3GD_BODY id=8 off=260 00000000000000000000000000000000
N3GD_BODY id=8 off=270 00000000000000000000000000000000
N3GD_BODY id=8 off=280 00000000000000000000000000000000
N3GD_BODY id=8 off=290 00000000000000000000000000000000
N3GD_BODY id=8 off=2a0 00000000000000000000000000000000
N3GD_BODY id=8 off=2b0 00000000000000000000000000000000
N3GD_BODY id=8 off=2c0 00000000000000000000000000000000
N3GD_BODY id=8 off=2d0 00000000000000000000000000000000
N3GD_BODY id=8 off=2e0 00000000000000000000000000000000
N3GD_BODY id=8 off=2f0 00000000000000000000000000000000
N3GD_BODY id=8 off=300 00000000000000000000000000000000
N3GD_BODY id=8 off=310 00000000000000000000000000000000
N3GD_BODY id=8 off=320 00000000000000000000000000000000
N3GD_BODY id=8 off=330 00000000000000000000000000000000
N3GD_BODY id=8 off=340 00000000000000000000000000000000
N3GD_BODY id=8 off=350 00000000000000000000000000000000
N3GD_BODY id=8 off=360 00000000000000000000000000000000
N3GD_BODY id=8 off=370 00000000000000000000000000000000
N3GD_BODY id=8 off=380 00000000000000000000000000000000
N3GD_BODY id=8 off=390 00000000000000000000000000000000
N3GD_BODY id=8 off=3a0 00000000000000000000000000000000
N3GD_BODY id=8 off=3b0 00000000000000000000000000000000
N3GD_BODY id=8 off=3c0 00000000000000000000000000000000
N3GD_BODY id=8 off=3d0 00000000000000000000000000000000
N3GD_BODY id=8 off=3e0 00000000000000000000000000000000
N3GD_BODY id=8 off=3f0 00000000000000000000000000000000
N3GD_BODY id=8 off=400 00000000000000000000000000000000
N3GD_BODY id=8 off=410 00000000000000000000000000000000
N3GD_BODY id=8 off=420 00000000000000000000000000000000
N3GD_BODY id=8 off=430 00000000000000000000000000000000
N3GD_BODY id=8 off=440 00000000000000000000000000000000
N3GD_BODY id=8 off=450 00000000000000000000000000000000
N3GD_BODY id=8 off=460 00000000000000000000000000000000
N3GD_BODY id=8 off=470 00000000000000000000000000000000
N3GD_BODY id=8 off=480 00000000000000000000000000000000
N3GD_BODY id=8 off=490 00000000000000000000000000000000
N3GD_BODY id=8 off=4a0 00000000000000000000000000000000
N3GD_BODY id=8 off=4b0 00000000000000000000000000000000
N3GD_BODY id=8 off=4c0 00000000000000000000000000000000
N3GD_BODY id=8 off=4d0 00000000000000000000000000000000
N3GD_BODY id=8 off=4e0 00000000000000000000000000000000
N3GD_BODY id=8 off=4f0 00000000000000000000000000000000
N3GD_BODY id=8 off=500 00000000000000000000000000000000
N3GD_BODY id=8 off=510 00000000000000000000000000000000
N3GD_BODY id=8 off=520 00000000000000000000000000000000
N3GD_BODY id=8 off=530 00000000000000000000000000000000
N3GD_BODY id=8 off=540 00000000000000000000000000000000
N3GD_BODY id=8 off=550 00000000000000000000000000000000
N3GD_BODY id=8 off=560 00000000000000000000000000000000
N3GD_BODY id=8 off=570 00000000000000000000000000000000
N3GD_BODY id=8 off=580 00000000000000000000000000000000
N3GD_BODY id=8 off=590 00000000000000000000000000000000
N3GD_BODY id=8 off=5a0 00000000000000000000000000000000
N3GD_BODY id=8 off=5b0 00000000000000000000000000000000
N3GD_BODY id=8 off=5c0 00000000000000000000000000000000
N3GD_BODY id=8 off=5d0 00000000000000000000000000000000
N3GD_BODY id=8 off=5e0 00000000000000000000000000000000
N3GD_BODY id=8 off=5f0 00000000000000000000000000000000
N3GD_BODY id=8 off=600 00000000000000000000000000000000
N3GD_BODY id=8 off=610 00000000000000000000000000000000
N3GD_BODY id=8 off=620 00000000000000000000000000000000
N3GD_BODY id=8 off=630 00000000000000000000000000000000
N3GD_BODY id=8 off=640 00000000000000000000000000000000
N3GD_BODY id=8 off=650 00000000000000000000000000000000
N3GD_BODY id=8 off=660 00000000000000000000000000000000
N3GD_BODY id=8 off=670 00000000000000000000000000000000
N3GD_BODY id=8 off=680 00000000000000000000000000000000
N3GD_BODY id=8 off=690 00000000000000000000000000000000
N3GD_BODY id=8 off=6a0 00000000000000000000000000000000
N3GD_BODY id=8 off=6b0 00000000000000000000000000000000
N3GD_BODY id=8 off=6c0 00000000000000000000000000000000
N3GD_BODY id=8 off=6d0 00000000000000000000000000000000
N3GD_BODY id=8 off=6e0 00000000000000000000000000000000
N3GD_BODY id=8 off=6f0 00000000000000000000000000000000
N3GD_BODY id=8 off=700 00000000000000000000000000000000
N3GD_BODY id=8 off=710 00000000000000000000000000000000
N3GD_BODY id=8 off=720 00000000000000000000000000000000
N3GD_BODY id=8 off=730 00000000000000000000000000000000
N3GD_BODY id=8 off=740 00000000000000000000000000000000
N3GD_BODY id=8 off=750 00000000000000000000000000000000
N3GD_BODY id=8 off=760 00000000000000000000000000000000
N3GD_BODY id=8 off=770 00000000000000000000000000000000
N3GD_BODY id=8 off=780 00000000000000000000000000000000
N3GD_BODY id=8 off=790 00000000000000000000000000000000
N3GD_BODY id=8 off=7a0 00000000000000000000000000000000
N3GD_BODY id=8 off=7b0 00000000000000000000000000000000
N3GD_BODY id=8 off=7c0 00000000000000000000000000000000
N3GD_BODY id=8 off=7d0 00000000000000000000000000000000
N3GD_BODY id=8 off=7e0 00000000000000000000000000000000
N3GD_BODY id=8 off=7f0 00000000000000000000000000000000
N3GD_OOB id=8 off=000 000000000000000000000000e5ab0678
N3GD_OOB id=8 off=010 0a52efac2207c7a2053adbc8606282c5
N3GD_OOB id=8 off=020 374bcde4a25178a6eb7e94b8b7fa1e2e
N3GD_OOB id=8 off=030 eddbaafff14d9b9ea7ce563d3b3c79fe
N3GD_END id=8
N3GD_BEGIN id=9 kind=cand j=701 v=05A0 po=127 sl=4294967295 l0=00014402 host=0000A07E tgt=000140FC bank=3 pb=1865 pp=31 phy=238751 shift=4294967295 t=00 ix=0000 u=00000000 l=00000000
N3GD_BODY id=9 off=000 00000000000000000000000000000000
N3GD_BODY id=9 off=010 00000000000000000000000000000000
N3GD_BODY id=9 off=020 00000000000000000000000000000000
N3GD_BODY id=9 off=030 00000000000000000000000000000000
N3GD_BODY id=9 off=040 00000000000000000000000000000000
N3GD_BODY id=9 off=050 00000000000000000000000000000000
N3GD_BODY id=9 off=060 00000000000000000000000000000000
N3GD_BODY id=9 off=070 00000000000000000000000000000000
N3GD_BODY id=9 off=080 00000000000000000000000000000000
N3GD_BODY id=9 off=090 00000000000000000000000000000000
N3GD_BODY id=9 off=0a0 00000000000000000000000000000000
N3GD_BODY id=9 off=0b0 00000000000000000000000000000000
N3GD_BODY id=9 off=0c0 00000000000000000000000000000000
N3GD_BODY id=9 off=0d0 00000000000000000000000000000000
N3GD_BODY id=9 off=0e0 00000000000000000000000000000000
N3GD_BODY id=9 off=0f0 00000000000000000000000000000000
N3GD_BODY id=9 off=100 00000000000000000000000000000000
N3GD_BODY id=9 off=110 00000000000000000000000000000000
N3GD_BODY id=9 off=120 00000000000000000000000000000000
N3GD_BODY id=9 off=130 00000000000000000000000000000000
N3GD_BODY id=9 off=140 00000000000000000000000000000000
N3GD_BODY id=9 off=150 00000000000000000000000000000000
N3GD_BODY id=9 off=160 00000000000000000000000000000000
N3GD_BODY id=9 off=170 00000000000000000000000000000000
N3GD_BODY id=9 off=180 00000000000000000000000000000000
N3GD_BODY id=9 off=190 00000000000000000000000000000000
N3GD_BODY id=9 off=1a0 00000000000000000000000000000000
N3GD_BODY id=9 off=1b0 00000000000000000000000000000000
N3GD_BODY id=9 off=1c0 00000000000000000000000000000000
N3GD_BODY id=9 off=1d0 00000000000000000000000000000000
N3GD_BODY id=9 off=1e0 00000000000000000000000000000000
N3GD_BODY id=9 off=1f0 00000000000000000000000000000000
N3GD_BODY id=9 off=200 00000000000000000000000000000000
N3GD_BODY id=9 off=210 00000000000000000000000000000000
N3GD_BODY id=9 off=220 00000000000000000000000000000000
N3GD_BODY id=9 off=230 00000000000000000000000000000000
N3GD_BODY id=9 off=240 00000000000000000000000000000000
N3GD_BODY id=9 off=250 00000000000000000000000000000000
N3GD_BODY id=9 off=260 00000000000000000000000000000000
N3GD_BODY id=9 off=270 00000000000000000000000000000000
N3GD_BODY id=9 off=280 00000000000000000000000000000000
N3GD_BODY id=9 off=290 00000000000000000000000000000000
N3GD_BODY id=9 off=2a0 00000000000000000000000000000000
N3GD_BODY id=9 off=2b0 00000000000000000000000000000000
N3GD_BODY id=9 off=2c0 00000000000000000000000000000000
N3GD_BODY id=9 off=2d0 00000000000000000000000000000000
N3GD_BODY id=9 off=2e0 00000000000000000000000000000000
N3GD_BODY id=9 off=2f0 00000000000000000000000000000000
N3GD_BODY id=9 off=300 00000000000000000000000000000000
N3GD_BODY id=9 off=310 00000000000000000000000000000000
N3GD_BODY id=9 off=320 00000000000000000000000000000000
N3GD_BODY id=9 off=330 00000000000000000000000000000000
N3GD_BODY id=9 off=340 00000000000000000000000000000000
N3GD_BODY id=9 off=350 00000000000000000000000000000000
N3GD_BODY id=9 off=360 00000000000000000000000000000000
N3GD_BODY id=9 off=370 00000000000000000000000000000000
N3GD_BODY id=9 off=380 00000000000000000000000000000000
N3GD_BODY id=9 off=390 00000000000000000000000000000000
N3GD_BODY id=9 off=3a0 00000000000000000000000000000000
N3GD_BODY id=9 off=3b0 00000000000000000000000000000000
N3GD_BODY id=9 off=3c0 00000000000000000000000000000000
N3GD_BODY id=9 off=3d0 00000000000000000000000000000000
N3GD_BODY id=9 off=3e0 00000000000000000000000000000000
N3GD_BODY id=9 off=3f0 00000000000000000000000000000000
N3GD_BODY id=9 off=400 00000000000000000000000000000000
N3GD_BODY id=9 off=410 00000000000000000000000000000000
N3GD_BODY id=9 off=420 00000000000000000000000000000000
N3GD_BODY id=9 off=430 00000000000000000000000000000000
N3GD_BODY id=9 off=440 00000000000000000000000000000000
N3GD_BODY id=9 off=450 00000000000000000000000000000000
N3GD_BODY id=9 off=460 00000000000000000000000000000000
N3GD_BODY id=9 off=470 00000000000000000000000000000000
N3GD_BODY id=9 off=480 00000000000000000000000000000000
N3GD_BODY id=9 off=490 00000000000000000000000000000000
N3GD_BODY id=9 off=4a0 00000000000000000000000000000000
N3GD_BODY id=9 off=4b0 00000000000000000000000000000000
N3GD_BODY id=9 off=4c0 00000000000000000000000000000000
N3GD_BODY id=9 off=4d0 00000000000000000000000000000000
N3GD_BODY id=9 off=4e0 00000000000000000000000000000000
N3GD_BODY id=9 off=4f0 00000000000000000000000000000000
N3GD_BODY id=9 off=500 00000000000000000000000000000000
N3GD_BODY id=9 off=510 00000000000000000000000000000000
N3GD_BODY id=9 off=520 00000000000000000000000000000000
N3GD_BODY id=9 off=530 00000000000000000000000000000000
N3GD_BODY id=9 off=540 00000000000000000000000000000000
N3GD_BODY id=9 off=550 00000000000000000000000000000000
N3GD_BODY id=9 off=560 00000000000000000000000000000000
N3GD_BODY id=9 off=570 00000000000000000000000000000000
N3GD_BODY id=9 off=580 00000000000000000000000000000000
N3GD_BODY id=9 off=590 00000000000000000000000000000000
N3GD_BODY id=9 off=5a0 00000000000000000000000000000000
N3GD_BODY id=9 off=5b0 00000000000000000000000000000000
N3GD_BODY id=9 off=5c0 00000000000000000000000000000000
N3GD_BODY id=9 off=5d0 00000000000000000000000000000000
N3GD_BODY id=9 off=5e0 00000000000000000000000000000000
N3GD_BODY id=9 off=5f0 00000000000000000000000000000000
N3GD_BODY id=9 off=600 00000000000000000000000000000000
N3GD_BODY id=9 off=610 00000000000000000000000000000000
N3GD_BODY id=9 off=620 00000000000000000000000000000000
N3GD_BODY id=9 off=630 00000000000000000000000000000000
N3GD_BODY id=9 off=640 00000000000000000000000000000000
N3GD_BODY id=9 off=650 00000000000000000000000000000000
N3GD_BODY id=9 off=660 00000000000000000000000000000000
N3GD_BODY id=9 off=670 00000000000000000000000000000000
N3GD_BODY id=9 off=680 00000000000000000000000000000000
N3GD_BODY id=9 off=690 00000000000000000000000000000000
N3GD_BODY id=9 off=6a0 00000000000000000000000000000000
N3GD_BODY id=9 off=6b0 00000000000000000000000000000000
N3GD_BODY id=9 off=6c0 00000000000000000000000000000000
N3GD_BODY id=9 off=6d0 00000000000000000000000000000000
N3GD_BODY id=9 off=6e0 00000000000000000000000000000000
N3GD_BODY id=9 off=6f0 00000000000000000000000000000000
N3GD_BODY id=9 off=700 00000000000000000000000000000000
N3GD_BODY id=9 off=710 00000000000000000000000000000000
N3GD_BODY id=9 off=720 00000000000000000000000000000000
N3GD_BODY id=9 off=730 00000000000000000000000000000000
N3GD_BODY id=9 off=740 00000000000000000000000000000000
N3GD_BODY id=9 off=750 00000000000000000000000000000000
N3GD_BODY id=9 off=760 00000000000000000000000000000000
N3GD_BODY id=9 off=770 00000000000000000000000000000000
N3GD_BODY id=9 off=780 00000000000000000000000000000000
N3GD_BODY id=9 off=790 00000000000000000000000000000000
N3GD_BODY id=9 off=7a0 00000000000000000000000000000000
N3GD_BODY id=9 off=7b0 00000000000000000000000000000000
N3GD_BODY id=9 off=7c0 00000000000000000000000000000000
N3GD_BODY id=9 off=7d0 00000000000000000000000000000000
N3GD_BODY id=9 off=7e0 00000000000000000000000000000000
N3GD_BODY id=9 off=7f0 00000000000000000000000000000000
N3GD_OOB id=9 off=000 000000000000000000000000e5ab0678
N3GD_OOB id=9 off=010 0a52efac2207c7a2053adbc8606282c5
N3GD_OOB id=9 off=020 374bcde4a25178a6eb7e94b8b7fa1e2e
N3GD_OOB id=9 off=030 eddbaafff14d9b9ea7ce563d3b3c79fe
N3GD_END id=9
N3GD_BEGIN id=10 kind=cand j=701 v=05A0 po=128 sl=4294967295 l0=00014402 host=0000A07E tgt=000140FC bank=0 pb=1865 pp=32 phy=238752 shift=4294967295 t=40 ix=DE42 u=00014502 l=00014502
N3GD_BODY id=10 off=000 00000000000000000000000000000000
N3GD_BODY id=10 off=010 00000000000000000000000000000000
N3GD_BODY id=10 off=020 00000000000000000000000000000000
N3GD_BODY id=10 off=030 00000000000000000000000000000000
N3GD_BODY id=10 off=040 00000000000000000000000000000000
N3GD_BODY id=10 off=050 00000000000000000000000000000000
N3GD_BODY id=10 off=060 00000000000000000000000000000000
N3GD_BODY id=10 off=070 00000000000000000000000000000000
N3GD_BODY id=10 off=080 00000000000000000000000000000000
N3GD_BODY id=10 off=090 00000000000000000000000000000000
N3GD_BODY id=10 off=0a0 00000000000000000000000000000000
N3GD_BODY id=10 off=0b0 00000000000000000000000000000000
N3GD_BODY id=10 off=0c0 00000000000000000000000000000000
N3GD_BODY id=10 off=0d0 00000000000000000000000000000000
N3GD_BODY id=10 off=0e0 00000000000000000000000000000000
N3GD_BODY id=10 off=0f0 00000000000000000000000000000000
N3GD_BODY id=10 off=100 00000000000000000000000000000000
N3GD_BODY id=10 off=110 00000000000000000000000000000000
N3GD_BODY id=10 off=120 00000000000000000000000000000000
N3GD_BODY id=10 off=130 00000000000000000000000000000000
N3GD_BODY id=10 off=140 00000000000000000000000000000000
N3GD_BODY id=10 off=150 00000000000000000000000000000000
N3GD_BODY id=10 off=160 00000000000000000000000000000000
N3GD_BODY id=10 off=170 00000000000000000000000000000000
N3GD_BODY id=10 off=180 00000000000000000000000000000000
N3GD_BODY id=10 off=190 00000000000000000000000000000000
N3GD_BODY id=10 off=1a0 00000000000000000000000000000000
N3GD_BODY id=10 off=1b0 00000000000000000000000000000000
N3GD_BODY id=10 off=1c0 00000000000000000000000000000000
N3GD_BODY id=10 off=1d0 00000000000000000000000000000000
N3GD_BODY id=10 off=1e0 00000000000000000000000000000000
N3GD_BODY id=10 off=1f0 00000000000000000000000000000000
N3GD_BODY id=10 off=200 00000000000000000000000000000000
N3GD_BODY id=10 off=210 00000000000000000000000000000000
N3GD_BODY id=10 off=220 00000000000000000000000000000000
N3GD_BODY id=10 off=230 00000000000000000000000000000000
N3GD_BODY id=10 off=240 00000000000000000000000000000000
N3GD_BODY id=10 off=250 00000000000000000000000000000000
N3GD_BODY id=10 off=260 00000000000000000000000000000000
N3GD_BODY id=10 off=270 00000000000000000000000000000000
N3GD_BODY id=10 off=280 00000000000000000000000000000000
N3GD_BODY id=10 off=290 00000000000000000000000000000000
N3GD_BODY id=10 off=2a0 00000000000000000000000000000000
N3GD_BODY id=10 off=2b0 00000000000000000000000000000000
N3GD_BODY id=10 off=2c0 00000000000000000000000000000000
N3GD_BODY id=10 off=2d0 00000000000000000000000000000000
N3GD_BODY id=10 off=2e0 00000000000000000000000000000000
N3GD_BODY id=10 off=2f0 00000000000000000000000000000000
N3GD_BODY id=10 off=300 00000000000000000000000000000000
N3GD_BODY id=10 off=310 00000000000000000000000000000000
N3GD_BODY id=10 off=320 00000000000000000000000000000000
N3GD_BODY id=10 off=330 00000000000000000000000000000000
N3GD_BODY id=10 off=340 00000000000000000000000000000000
N3GD_BODY id=10 off=350 00000000000000000000000000000000
N3GD_BODY id=10 off=360 00000000000000000000000000000000
N3GD_BODY id=10 off=370 00000000000000000000000000000000
N3GD_BODY id=10 off=380 00000000000000000000000000000000
N3GD_BODY id=10 off=390 00000000000000000000000000000000
N3GD_BODY id=10 off=3a0 00000000000000000000000000000000
N3GD_BODY id=10 off=3b0 00000000000000000000000000000000
N3GD_BODY id=10 off=3c0 00000000000000000000000000000000
N3GD_BODY id=10 off=3d0 00000000000000000000000000000000
N3GD_BODY id=10 off=3e0 00000000000000000000000000000000
N3GD_BODY id=10 off=3f0 00000000000000000000000000000000
N3GD_BODY id=10 off=400 00000000000000000000000000000000
N3GD_BODY id=10 off=410 00000000000000000000000000000000
N3GD_BODY id=10 off=420 00000000000000000000000000000000
N3GD_BODY id=10 off=430 00000000000000000000000000000000
N3GD_BODY id=10 off=440 00000000000000000000000000000000
N3GD_BODY id=10 off=450 00000000000000000000000000000000
N3GD_BODY id=10 off=460 00000000000000000000000000000000
N3GD_BODY id=10 off=470 00000000000000000000000000000000
N3GD_BODY id=10 off=480 00000000000000000000000000000000
N3GD_BODY id=10 off=490 00000000000000000000000000000000
N3GD_BODY id=10 off=4a0 00000000000000000000000000000000
N3GD_BODY id=10 off=4b0 00000000000000000000000000000000
N3GD_BODY id=10 off=4c0 00000000000000000000000000000000
N3GD_BODY id=10 off=4d0 00000000000000000000000000000000
N3GD_BODY id=10 off=4e0 00000000000000000000000000000000
N3GD_BODY id=10 off=4f0 00000000000000000000000000000000
N3GD_BODY id=10 off=500 00000000000000000000000000000000
N3GD_BODY id=10 off=510 00000000000000000000000000000000
N3GD_BODY id=10 off=520 00000000000000000000000000000000
N3GD_BODY id=10 off=530 00000000000000000000000000000000
N3GD_BODY id=10 off=540 00000000000000000000000000000000
N3GD_BODY id=10 off=550 00000000000000000000000000000000
N3GD_BODY id=10 off=560 00000000000000000000000000000000
N3GD_BODY id=10 off=570 00000000000000000000000000000000
N3GD_BODY id=10 off=580 00000000000000000000000000000000
N3GD_BODY id=10 off=590 00000000000000000000000000000000
N3GD_BODY id=10 off=5a0 00000000000000000000000000000000
N3GD_BODY id=10 off=5b0 00000000000000000000000000000000
N3GD_BODY id=10 off=5c0 00000000000000000000000000000000
N3GD_BODY id=10 off=5d0 00000000000000000000000000000000
N3GD_BODY id=10 off=5e0 00000000000000000000000000000000
N3GD_BODY id=10 off=5f0 00000000000000000000000000000000
N3GD_BODY id=10 off=600 00000000000000000000000000000000
N3GD_BODY id=10 off=610 00000000000000000000000000000000
N3GD_BODY id=10 off=620 00000000000000000000000000000000
N3GD_BODY id=10 off=630 00000000000000000000000000000000
N3GD_BODY id=10 off=640 00000000000000000000000000000000
N3GD_BODY id=10 off=650 00000000000000000000000000000000
N3GD_BODY id=10 off=660 00000000000000000000000000000000
N3GD_BODY id=10 off=670 00000000000000000000000000000000
N3GD_BODY id=10 off=680 00000000000000000000000000000000
N3GD_BODY id=10 off=690 00000000000000000000000000000000
N3GD_BODY id=10 off=6a0 00000000000000000000000000000000
N3GD_BODY id=10 off=6b0 00000000000000000000000000000000
N3GD_BODY id=10 off=6c0 00000000000000000000000000000000
N3GD_BODY id=10 off=6d0 00000000000000000000000000000000
N3GD_BODY id=10 off=6e0 00000000000000000000000000000000
N3GD_BODY id=10 off=6f0 00000000000000000000000000000000
N3GD_BODY id=10 off=700 00000000000000000000000000000000
N3GD_BODY id=10 off=710 00000000000000000000000000000000
N3GD_BODY id=10 off=720 00000000000000000000000000000000
N3GD_BODY id=10 off=730 00000000000000000000000000000000
N3GD_BODY id=10 off=740 00000000000000000000000000000000
N3GD_BODY id=10 off=750 00000000000000000000000000000000
N3GD_BODY id=10 off=760 00000000000000000000000000000000
N3GD_BODY id=10 off=770 00000000000000000000000000000000
N3GD_BODY id=10 off=780 00000000000000000000000000000000
N3GD_BODY id=10 off=790 00000000000000000000000000000000
N3GD_BODY id=10 off=7a0 00000000000000000000000000000000
N3GD_BODY id=10 off=7b0 00000000000000000000000000000000
N3GD_BODY id=10 off=7c0 00000000000000000000000000000000
N3GD_BODY id=10 off=7d0 00000000000000000000000000000000
N3GD_BODY id=10 off=7e0 00000000000000000000000000000000
N3GD_BODY id=10 off=7f0 00000000000000000000000000000000
N3GD_OOB id=10 off=000 0245010042de0000ff40ffffe5ab0678
N3GD_OOB id=10 off=010 0a52efac2207c7a2053adbc8606282c5
N3GD_OOB id=10 off=020 374bcde4a25178a6eb7e94b8b7fa1e2e
N3GD_OOB id=10 off=030 eddbaafff14d9b9ea7ce563d3b3c79fe
N3GD_END id=10
N3GD_BEGIN id=11 kind=cand j=701 v=05A0 po=255 sl=4294967295 l0=00014402 host=0000A07E tgt=000140FC bank=3 pb=1865 pp=63 phy=238783 shift=4294967295 t=00 ix=0000 u=00000000 l=00000000
N3GD_BODY id=11 off=000 00000000000000000000000000000000
N3GD_BODY id=11 off=010 00000000000000000000000000000000
N3GD_BODY id=11 off=020 00000000000000000000000000000000
N3GD_BODY id=11 off=030 00000000000000000000000000000000
N3GD_BODY id=11 off=040 00000000000000000000000000000000
N3GD_BODY id=11 off=050 00000000000000000000000000000000
N3GD_BODY id=11 off=060 00000000000000000000000000000000
N3GD_BODY id=11 off=070 00000000000000000000000000000000
N3GD_BODY id=11 off=080 00000000000000000000000000000000
N3GD_BODY id=11 off=090 00000000000000000000000000000000
N3GD_BODY id=11 off=0a0 00000000000000000000000000000000
N3GD_BODY id=11 off=0b0 00000000000000000000000000000000
N3GD_BODY id=11 off=0c0 00000000000000000000000000000000
N3GD_BODY id=11 off=0d0 00000000000000000000000000000000
N3GD_BODY id=11 off=0e0 00000000000000000000000000000000
N3GD_BODY id=11 off=0f0 00000000000000000000000000000000
N3GD_BODY id=11 off=100 00000000000000000000000000000000
N3GD_BODY id=11 off=110 00000000000000000000000000000000
N3GD_BODY id=11 off=120 00000000000000000000000000000000
N3GD_BODY id=11 off=130 00000000000000000000000000000000
N3GD_BODY id=11 off=140 00000000000000000000000000000000
N3GD_BODY id=11 off=150 00000000000000000000000000000000
N3GD_BODY id=11 off=160 00000000000000000000000000000000
N3GD_BODY id=11 off=170 00000000000000000000000000000000
N3GD_BODY id=11 off=180 00000000000000000000000000000000
N3GD_BODY id=11 off=190 00000000000000000000000000000000
N3GD_BODY id=11 off=1a0 00000000000000000000000000000000
N3GD_BODY id=11 off=1b0 00000000000000000000000000000000
N3GD_BODY id=11 off=1c0 00000000000000000000000000000000
N3GD_BODY id=11 off=1d0 00000000000000000000000000000000
N3GD_BODY id=11 off=1e0 00000000000000000000000000000000
N3GD_BODY id=11 off=1f0 00000000000000000000000000000000
N3GD_BODY id=11 off=200 00000000000000000000000000000000
N3GD_BODY id=11 off=210 00000000000000000000000000000000
N3GD_BODY id=11 off=220 00000000000000000000000000000000
N3GD_BODY id=11 off=230 00000000000000000000000000000000
N3GD_BODY id=11 off=240 00000000000000000000000000000000
N3GD_BODY id=11 off=250 00000000000000000000000000000000
N3GD_BODY id=11 off=260 00000000000000000000000000000000
N3GD_BODY id=11 off=270 00000000000000000000000000000000
N3GD_BODY id=11 off=280 00000000000000000000000000000000
N3GD_BODY id=11 off=290 00000000000000000000000000000000
N3GD_BODY id=11 off=2a0 00000000000000000000000000000000
N3GD_BODY id=11 off=2b0 00000000000000000000000000000000
N3GD_BODY id=11 off=2c0 00000000000000000000000000000000
N3GD_BODY id=11 off=2d0 00000000000000000000000000000000
N3GD_BODY id=11 off=2e0 00000000000000000000000000000000
N3GD_BODY id=11 off=2f0 00000000000000000000000000000000
N3GD_BODY id=11 off=300 00000000000000000000000000000000
N3GD_BODY id=11 off=310 00000000000000000000000000000000
N3GD_BODY id=11 off=320 00000000000000000000000000000000
N3GD_BODY id=11 off=330 00000000000000000000000000000000
N3GD_BODY id=11 off=340 00000000000000000000000000000000
N3GD_BODY id=11 off=350 00000000000000000000000000000000
N3GD_BODY id=11 off=360 00000000000000000000000000000000
N3GD_BODY id=11 off=370 00000000000000000000000000000000
N3GD_BODY id=11 off=380 00000000000000000000000000000000
N3GD_BODY id=11 off=390 00000000000000000000000000000000
N3GD_BODY id=11 off=3a0 00000000000000000000000000000000
N3GD_BODY id=11 off=3b0 00000000000000000000000000000000
N3GD_BODY id=11 off=3c0 00000000000000000000000000000000
N3GD_BODY id=11 off=3d0 00000000000000000000000000000000
N3GD_BODY id=11 off=3e0 00000000000000000000000000000000
N3GD_BODY id=11 off=3f0 00000000000000000000000000000000
N3GD_BODY id=11 off=400 00000000000000000000000000000000
N3GD_BODY id=11 off=410 00000000000000000000000000000000
N3GD_BODY id=11 off=420 00000000000000000000000000000000
N3GD_BODY id=11 off=430 00000000000000000000000000000000
N3GD_BODY id=11 off=440 00000000000000000000000000000000
N3GD_BODY id=11 off=450 00000000000000000000000000000000
N3GD_BODY id=11 off=460 00000000000000000000000000000000
N3GD_BODY id=11 off=470 00000000000000000000000000000000
N3GD_BODY id=11 off=480 00000000000000000000000000000000
N3GD_BODY id=11 off=490 00000000000000000000000000000000
N3GD_BODY id=11 off=4a0 00000000000000000000000000000000
N3GD_BODY id=11 off=4b0 00000000000000000000000000000000
N3GD_BODY id=11 off=4c0 00000000000000000000000000000000
N3GD_BODY id=11 off=4d0 00000000000000000000000000000000
N3GD_BODY id=11 off=4e0 00000000000000000000000000000000
N3GD_BODY id=11 off=4f0 00000000000000000000000000000000
N3GD_BODY id=11 off=500 00000000000000000000000000000000
N3GD_BODY id=11 off=510 00000000000000000000000000000000
N3GD_BODY id=11 off=520 00000000000000000000000000000000
N3GD_BODY id=11 off=530 00000000000000000000000000000000
N3GD_BODY id=11 off=540 00000000000000000000000000000000
N3GD_BODY id=11 off=550 00000000000000000000000000000000
N3GD_BODY id=11 off=560 00000000000000000000000000000000
N3GD_BODY id=11 off=570 00000000000000000000000000000000
N3GD_BODY id=11 off=580 00000000000000000000000000000000
N3GD_BODY id=11 off=590 00000000000000000000000000000000
N3GD_BODY id=11 off=5a0 00000000000000000000000000000000
N3GD_BODY id=11 off=5b0 00000000000000000000000000000000
N3GD_BODY id=11 off=5c0 00000000000000000000000000000000
N3GD_BODY id=11 off=5d0 00000000000000000000000000000000
N3GD_BODY id=11 off=5e0 00000000000000000000000000000000
N3GD_BODY id=11 off=5f0 00000000000000000000000000000000
N3GD_BODY id=11 off=600 00000000000000000000000000000000
N3GD_BODY id=11 off=610 00000000000000000000000000000000
N3GD_BODY id=11 off=620 00000000000000000000000000000000
N3GD_BODY id=11 off=630 00000000000000000000000000000000
N3GD_BODY id=11 off=640 00000000000000000000000000000000
N3GD_BODY id=11 off=650 00000000000000000000000000000000
N3GD_BODY id=11 off=660 00000000000000000000000000000000
N3GD_BODY id=11 off=670 00000000000000000000000000000000
N3GD_BODY id=11 off=680 00000000000000000000000000000000
N3GD_BODY id=11 off=690 00000000000000000000000000000000
N3GD_BODY id=11 off=6a0 00000000000000000000000000000000
N3GD_BODY id=11 off=6b0 00000000000000000000000000000000
N3GD_BODY id=11 off=6c0 00000000000000000000000000000000
N3GD_BODY id=11 off=6d0 00000000000000000000000000000000
N3GD_BODY id=11 off=6e0 00000000000000000000000000000000
N3GD_BODY id=11 off=6f0 00000000000000000000000000000000
N3GD_BODY id=11 off=700 00000000000000000000000000000000
N3GD_BODY id=11 off=710 00000000000000000000000000000000
N3GD_BODY id=11 off=720 00000000000000000000000000000000
N3GD_BODY id=11 off=730 00000000000000000000000000000000
N3GD_BODY id=11 off=740 00000000000000000000000000000000
N3GD_BODY id=11 off=750 00000000000000000000000000000000
N3GD_BODY id=11 off=760 00000000000000000000000000000000
N3GD_BODY id=11 off=770 00000000000000000000000000000000
N3GD_BODY id=11 off=780 00000000000000000000000000000000
N3GD_BODY id=11 off=790 00000000000000000000000000000000
N3GD_BODY id=11 off=7a0 00000000000000000000000000000000
N3GD_BODY id=11 off=7b0 00000000000000000000000000000000
N3GD_BODY id=11 off=7c0 00000000000000000000000000000000
N3GD_BODY id=11 off=7d0 00000000000000000000000000000000
N3GD_BODY id=11 off=7e0 00000000000000000000000000000000
N3GD_BODY id=11 off=7f0 00000000000000000000000000000000
N3GD_OOB id=11 off=000 000000000000000000000000e5ab0678
N3GD_OOB id=11 off=010 0a52efac2207c7a2053adbc8606282c5
N3GD_OOB id=11 off=020 374bcde4a25178a6eb7e94b8b7fa1e2e
N3GD_OOB id=11 off=030 eddbaafff14d9b9ea7ce563d3b3c79fe
N3GD_END id=11
N3GD_BEGIN id=12 kind=cand j=701 v=05A0 po=256 sl=4294967295 l0=00014402 host=0000A07E tgt=000140FC bank=0 pb=1865 pp=64 phy=238784 shift=4294967295 t=40 ix=DE42 u=00014602 l=00014602
N3GD_BODY id=12 off=000 00000000000000000000000000000000
N3GD_BODY id=12 off=010 00000000000000000000000000000000
N3GD_BODY id=12 off=020 00000000000000000000000000000000
N3GD_BODY id=12 off=030 00000000000000000000000000000000
N3GD_BODY id=12 off=040 00000000000000000000000000000000
N3GD_BODY id=12 off=050 00000000000000000000000000000000
N3GD_BODY id=12 off=060 00000000000000000000000000000000
N3GD_BODY id=12 off=070 00000000000000000000000000000000
N3GD_BODY id=12 off=080 00000000000000000000000000000000
N3GD_BODY id=12 off=090 00000000000000000000000000000000
N3GD_BODY id=12 off=0a0 00000000000000000000000000000000
N3GD_BODY id=12 off=0b0 00000000000000000000000000000000
N3GD_BODY id=12 off=0c0 00000000000000000000000000000000
N3GD_BODY id=12 off=0d0 00000000000000000000000000000000
N3GD_BODY id=12 off=0e0 00000000000000000000000000000000
N3GD_BODY id=12 off=0f0 00000000000000000000000000000000
N3GD_BODY id=12 off=100 00000000000000000000000000000000
N3GD_BODY id=12 off=110 00000000000000000000000000000000
N3GD_BODY id=12 off=120 00000000000000000000000000000000
N3GD_BODY id=12 off=130 00000000000000000000000000000000
N3GD_BODY id=12 off=140 00000000000000000000000000000000
N3GD_BODY id=12 off=150 00000000000000000000000000000000
N3GD_BODY id=12 off=160 00000000000000000000000000000000
N3GD_BODY id=12 off=170 00000000000000000000000000000000
N3GD_BODY id=12 off=180 00000000000000000000000000000000
N3GD_BODY id=12 off=190 00000000000000000000000000000000
N3GD_BODY id=12 off=1a0 00000000000000000000000000000000
N3GD_BODY id=12 off=1b0 00000000000000000000000000000000
N3GD_BODY id=12 off=1c0 00000000000000000000000000000000
N3GD_BODY id=12 off=1d0 00000000000000000000000000000000
N3GD_BODY id=12 off=1e0 00000000000000000000000000000000
N3GD_BODY id=12 off=1f0 00000000000000000000000000000000
N3GD_BODY id=12 off=200 00000000000000000000000000000000
N3GD_BODY id=12 off=210 00000000000000000000000000000000
N3GD_BODY id=12 off=220 00000000000000000000000000000000
N3GD_BODY id=12 off=230 00000000000000000000000000000000
N3GD_BODY id=12 off=240 00000000000000000000000000000000
N3GD_BODY id=12 off=250 00000000000000000000000000000000
N3GD_BODY id=12 off=260 00000000000000000000000000000000
N3GD_BODY id=12 off=270 00000000000000000000000000000000
N3GD_BODY id=12 off=280 00000000000000000000000000000000
N3GD_BODY id=12 off=290 00000000000000000000000000000000
N3GD_BODY id=12 off=2a0 00000000000000000000000000000000
N3GD_BODY id=12 off=2b0 00000000000000000000000000000000
N3GD_BODY id=12 off=2c0 00000000000000000000000000000000
N3GD_BODY id=12 off=2d0 00000000000000000000000000000000
N3GD_BODY id=12 off=2e0 00000000000000000000000000000000
N3GD_BODY id=12 off=2f0 00000000000000000000000000000000
N3GD_BODY id=12 off=300 00000000000000000000000000000000
N3GD_BODY id=12 off=310 00000000000000000000000000000000
N3GD_BODY id=12 off=320 00000000000000000000000000000000
N3GD_BODY id=12 off=330 00000000000000000000000000000000
N3GD_BODY id=12 off=340 00000000000000000000000000000000
N3GD_BODY id=12 off=350 00000000000000000000000000000000
N3GD_BODY id=12 off=360 00000000000000000000000000000000
N3GD_BODY id=12 off=370 00000000000000000000000000000000
N3GD_BODY id=12 off=380 00000000000000000000000000000000
N3GD_BODY id=12 off=390 00000000000000000000000000000000
N3GD_BODY id=12 off=3a0 00000000000000000000000000000000
N3GD_BODY id=12 off=3b0 00000000000000000000000000000000
N3GD_BODY id=12 off=3c0 00000000000000000000000000000000
N3GD_BODY id=12 off=3d0 00000000000000000000000000000000
N3GD_BODY id=12 off=3e0 00000000000000000000000000000000
N3GD_BODY id=12 off=3f0 00000000000000000000000000000000
N3GD_BODY id=12 off=400 00000000000000000000000000000000
N3GD_BODY id=12 off=410 00000000000000000000000000000000
N3GD_BODY id=12 off=420 00000000000000000000000000000000
N3GD_BODY id=12 off=430 00000000000000000000000000000000
N3GD_BODY id=12 off=440 00000000000000000000000000000000
N3GD_BODY id=12 off=450 00000000000000000000000000000000
N3GD_BODY id=12 off=460 00000000000000000000000000000000
N3GD_BODY id=12 off=470 00000000000000000000000000000000
N3GD_BODY id=12 off=480 00000000000000000000000000000000
N3GD_BODY id=12 off=490 00000000000000000000000000000000
N3GD_BODY id=12 off=4a0 00000000000000000000000000000000
N3GD_BODY id=12 off=4b0 00000000000000000000000000000000
N3GD_BODY id=12 off=4c0 00000000000000000000000000000000
N3GD_BODY id=12 off=4d0 00000000000000000000000000000000
N3GD_BODY id=12 off=4e0 00000000000000000000000000000000
N3GD_BODY id=12 off=4f0 00000000000000000000000000000000
N3GD_BODY id=12 off=500 00000000000000000000000000000000
N3GD_BODY id=12 off=510 00000000000000000000000000000000
N3GD_BODY id=12 off=520 00000000000000000000000000000000
N3GD_BODY id=12 off=530 00000000000000000000000000000000
N3GD_BODY id=12 off=540 00000000000000000000000000000000
N3GD_BODY id=12 off=550 00000000000000000000000000000000
N3GD_BODY id=12 off=560 00000000000000000000000000000000
N3GD_BODY id=12 off=570 00000000000000000000000000000000
N3GD_BODY id=12 off=580 00000000000000000000000000000000
N3GD_BODY id=12 off=590 00000000000000000000000000000000
N3GD_BODY id=12 off=5a0 00000000000000000000000000000000
N3GD_BODY id=12 off=5b0 00000000000000000000000000000000
N3GD_BODY id=12 off=5c0 00000000000000000000000000000000
N3GD_BODY id=12 off=5d0 00000000000000000000000000000000
N3GD_BODY id=12 off=5e0 00000000000000000000000000000000
N3GD_BODY id=12 off=5f0 00000000000000000000000000000000
N3GD_BODY id=12 off=600 00000000000000000000000000000000
N3GD_BODY id=12 off=610 00000000000000000000000000000000
N3GD_BODY id=12 off=620 00000000000000000000000000000000
N3GD_BODY id=12 off=630 00000000000000000000000000000000
N3GD_BODY id=12 off=640 00000000000000000000000000000000
N3GD_BODY id=12 off=650 00000000000000000000000000000000
N3GD_BODY id=12 off=660 00000000000000000000000000000000
N3GD_BODY id=12 off=670 00000000000000000000000000000000
N3GD_BODY id=12 off=680 00000000000000000000000000000000
N3GD_BODY id=12 off=690 00000000000000000000000000000000
N3GD_BODY id=12 off=6a0 00000000000000000000000000000000
N3GD_BODY id=12 off=6b0 00000000000000000000000000000000
N3GD_BODY id=12 off=6c0 00000000000000000000000000000000
N3GD_BODY id=12 off=6d0 00000000000000000000000000000000
N3GD_BODY id=12 off=6e0 00000000000000000000000000000000
N3GD_BODY id=12 off=6f0 00000000000000000000000000000000
N3GD_BODY id=12 off=700 00000000000000000000000000000000
N3GD_BODY id=12 off=710 00000000000000000000000000000000
N3GD_BODY id=12 off=720 00000000000000000000000000000000
N3GD_BODY id=12 off=730 00000000000000000000000000000000
N3GD_BODY id=12 off=740 00000000000000000000000000000000
N3GD_BODY id=12 off=750 00000000000000000000000000000000
N3GD_BODY id=12 off=760 00000000000000000000000000000000
N3GD_BODY id=12 off=770 00000000000000000000000000000000
N3GD_BODY id=12 off=780 00000000000000000000000000000000
N3GD_BODY id=12 off=790 00000000000000000000000000000000
N3GD_BODY id=12 off=7a0 00000000000000000000000000000000
N3GD_BODY id=12 off=7b0 00000000000000000000000000000000
N3GD_BODY id=12 off=7c0 00000000000000000000000000000000
N3GD_BODY id=12 off=7d0 00000000000000000000000000000000
N3GD_BODY id=12 off=7e0 00000000000000000000000000000000
N3GD_BODY id=12 off=7f0 00000000000000000000000000000000
N3GD_OOB id=12 off=000 0246010042de0000ff40ffffe5ab0678
N3GD_OOB id=12 off=010 0a52efac2207c7a2053adbc8606282c5
N3GD_OOB id=12 off=020 374bcde4a25178a6eb7e94b8b7fa1e2e
N3GD_OOB id=12 off=030 eddbaafff14d9b9ea7ce563d3b3c79fe
N3GD_END id=12
N3GD_BEGIN id=13 kind=cand j=701 v=05A0 po=287 sl=4294967295 l0=00014402 host=0000A07E tgt=000140FC bank=3 pb=1865 pp=71 phy=238791 shift=4294967295 t=00 ix=0000 u=00000000 l=00000000
N3GD_BODY id=13 off=000 00000000000000000000000000000000
N3GD_BODY id=13 off=010 00000000000000000000000000000000
N3GD_BODY id=13 off=020 00000000000000000000000000000000
N3GD_BODY id=13 off=030 00000000000000000000000000000000
N3GD_BODY id=13 off=040 00000000000000000000000000000000
N3GD_BODY id=13 off=050 00000000000000000000000000000000
N3GD_BODY id=13 off=060 00000000000000000000000000000000
N3GD_BODY id=13 off=070 00000000000000000000000000000000
N3GD_BODY id=13 off=080 00000000000000000000000000000000
N3GD_BODY id=13 off=090 00000000000000000000000000000000
N3GD_BODY id=13 off=0a0 00000000000000000000000000000000
N3GD_BODY id=13 off=0b0 00000000000000000000000000000000
N3GD_BODY id=13 off=0c0 00000000000000000000000000000000
N3GD_BODY id=13 off=0d0 00000000000000000000000000000000
N3GD_BODY id=13 off=0e0 00000000000000000000000000000000
N3GD_BODY id=13 off=0f0 00000000000000000000000000000000
N3GD_BODY id=13 off=100 00000000000000000000000000000000
N3GD_BODY id=13 off=110 00000000000000000000000000000000
N3GD_BODY id=13 off=120 00000000000000000000000000000000
N3GD_BODY id=13 off=130 00000000000000000000000000000000
N3GD_BODY id=13 off=140 00000000000000000000000000000000
N3GD_BODY id=13 off=150 00000000000000000000000000000000
N3GD_BODY id=13 off=160 00000000000000000000000000000000
N3GD_BODY id=13 off=170 00000000000000000000000000000000
N3GD_BODY id=13 off=180 00000000000000000000000000000000
N3GD_BODY id=13 off=190 00000000000000000000000000000000
N3GD_BODY id=13 off=1a0 00000000000000000000000000000000
N3GD_BODY id=13 off=1b0 00000000000000000000000000000000
N3GD_BODY id=13 off=1c0 00000000000000000000000000000000
N3GD_BODY id=13 off=1d0 00000000000000000000000000000000
N3GD_BODY id=13 off=1e0 00000000000000000000000000000000
N3GD_BODY id=13 off=1f0 00000000000000000000000000000000
N3GD_BODY id=13 off=200 00000000000000000000000000000000
N3GD_BODY id=13 off=210 00000000000000000000000000000000
N3GD_BODY id=13 off=220 00000000000000000000000000000000
N3GD_BODY id=13 off=230 00000000000000000000000000000000
N3GD_BODY id=13 off=240 00000000000000000000000000000000
N3GD_BODY id=13 off=250 00000000000000000000000000000000
N3GD_BODY id=13 off=260 00000000000000000000000000000000
N3GD_BODY id=13 off=270 00000000000000000000000000000000
N3GD_BODY id=13 off=280 00000000000000000000000000000000
N3GD_BODY id=13 off=290 00000000000000000000000000000000
N3GD_BODY id=13 off=2a0 00000000000000000000000000000000
N3GD_BODY id=13 off=2b0 00000000000000000000000000000000
N3GD_BODY id=13 off=2c0 00000000000000000000000000000000
N3GD_BODY id=13 off=2d0 00000000000000000000000000000000
N3GD_BODY id=13 off=2e0 00000000000000000000000000000000
N3GD_BODY id=13 off=2f0 00000000000000000000000000000000
N3GD_BODY id=13 off=300 00000000000000000000000000000000
N3GD_BODY id=13 off=310 00000000000000000000000000000000
N3GD_BODY id=13 off=320 00000000000000000000000000000000
N3GD_BODY id=13 off=330 00000000000000000000000000000000
N3GD_BODY id=13 off=340 00000000000000000000000000000000
N3GD_BODY id=13 off=350 00000000000000000000000000000000
N3GD_BODY id=13 off=360 00000000000000000000000000000000
N3GD_BODY id=13 off=370 00000000000000000000000000000000
N3GD_BODY id=13 off=380 00000000000000000000000000000000
N3GD_BODY id=13 off=390 00000000000000000000000000000000
N3GD_BODY id=13 off=3a0 00000000000000000000000000000000
N3GD_BODY id=13 off=3b0 00000000000000000000000000000000
N3GD_BODY id=13 off=3c0 00000000000000000000000000000000
N3GD_BODY id=13 off=3d0 00000000000000000000000000000000
N3GD_BODY id=13 off=3e0 00000000000000000000000000000000
N3GD_BODY id=13 off=3f0 00000000000000000000000000000000
N3GD_BODY id=13 off=400 00000000000000000000000000000000
N3GD_BODY id=13 off=410 00000000000000000000000000000000
N3GD_BODY id=13 off=420 00000000000000000000000000000000
N3GD_BODY id=13 off=430 00000000000000000000000000000000
N3GD_BODY id=13 off=440 00000000000000000000000000000000
N3GD_BODY id=13 off=450 00000000000000000000000000000000
N3GD_BODY id=13 off=460 00000000000000000000000000000000
N3GD_BODY id=13 off=470 00000000000000000000000000000000
N3GD_BODY id=13 off=480 00000000000000000000000000000000
N3GD_BODY id=13 off=490 00000000000000000000000000000000
N3GD_BODY id=13 off=4a0 00000000000000000000000000000000
N3GD_BODY id=13 off=4b0 00000000000000000000000000000000
N3GD_BODY id=13 off=4c0 00000000000000000000000000000000
N3GD_BODY id=13 off=4d0 00000000000000000000000000000000
N3GD_BODY id=13 off=4e0 00000000000000000000000000000000
N3GD_BODY id=13 off=4f0 00000000000000000000000000000000
N3GD_BODY id=13 off=500 00000000000000000000000000000000
N3GD_BODY id=13 off=510 00000000000000000000000000000000
N3GD_BODY id=13 off=520 00000000000000000000000000000000
N3GD_BODY id=13 off=530 00000000000000000000000000000000
N3GD_BODY id=13 off=540 00000000000000000000000000000000
N3GD_BODY id=13 off=550 00000000000000000000000000000000
N3GD_BODY id=13 off=560 00000000000000000000000000000000
N3GD_BODY id=13 off=570 00000000000000000000000000000000
N3GD_BODY id=13 off=580 00000000000000000000000000000000
N3GD_BODY id=13 off=590 00000000000000000000000000000000
N3GD_BODY id=13 off=5a0 00000000000000000000000000000000
N3GD_BODY id=13 off=5b0 00000000000000000000000000000000
N3GD_BODY id=13 off=5c0 00000000000000000000000000000000
N3GD_BODY id=13 off=5d0 00000000000000000000000000000000
N3GD_BODY id=13 off=5e0 00000000000000000000000000000000
N3GD_BODY id=13 off=5f0 00000000000000000000000000000000
N3GD_BODY id=13 off=600 00000000000000000000000000000000
N3GD_BODY id=13 off=610 00000000000000000000000000000000
N3GD_BODY id=13 off=620 00000000000000000000000000000000
N3GD_BODY id=13 off=630 00000000000000000000000000000000
N3GD_BODY id=13 off=640 00000000000000000000000000000000
N3GD_BODY id=13 off=650 00000000000000000000000000000000
N3GD_BODY id=13 off=660 00000000000000000000000000000000
N3GD_BODY id=13 off=670 00000000000000000000000000000000
N3GD_BODY id=13 off=680 00000000000000000000000000000000
N3GD_BODY id=13 off=690 00000000000000000000000000000000
N3GD_BODY id=13 off=6a0 00000000000000000000000000000000
N3GD_BODY id=13 off=6b0 00000000000000000000000000000000
N3GD_BODY id=13 off=6c0 00000000000000000000000000000000
N3GD_BODY id=13 off=6d0 00000000000000000000000000000000
N3GD_BODY id=13 off=6e0 00000000000000000000000000000000
N3GD_BODY id=13 off=6f0 00000000000000000000000000000000
N3GD_BODY id=13 off=700 00000000000000000000000000000000
N3GD_BODY id=13 off=710 00000000000000000000000000000000
N3GD_BODY id=13 off=720 00000000000000000000000000000000
N3GD_BODY id=13 off=730 00000000000000000000000000000000
N3GD_BODY id=13 off=740 00000000000000000000000000000000
N3GD_BODY id=13 off=750 00000000000000000000000000000000
N3GD_BODY id=13 off=760 00000000000000000000000000000000
N3GD_BODY id=13 off=770 00000000000000000000000000000000
N3GD_BODY id=13 off=780 00000000000000000000000000000000
N3GD_BODY id=13 off=790 00000000000000000000000000000000
N3GD_BODY id=13 off=7a0 00000000000000000000000000000000
N3GD_BODY id=13 off=7b0 00000000000000000000000000000000
N3GD_BODY id=13 off=7c0 00000000000000000000000000000000
N3GD_BODY id=13 off=7d0 00000000000000000000000000000000
N3GD_BODY id=13 off=7e0 00000000000000000000000000000000
N3GD_BODY id=13 off=7f0 00000000000000000000000000000000
N3GD_OOB id=13 off=000 000000000000000000000000e5ab0678
N3GD_OOB id=13 off=010 0a52efac2207c7a2053adbc8606282c5
N3GD_OOB id=13 off=020 374bcde4a25178a6eb7e94b8b7fa1e2e
N3GD_OOB id=13 off=030 eddbaafff14d9b9ea7ce563d3b3c79fe
N3GD_END id=13
N3GD_BEGIN id=14 kind=cand j=701 v=05A0 po=288 sl=4294967295 l0=00014402 host=0000A07E tgt=000140FC bank=0 pb=1865 pp=72 phy=238792 shift=4294967295 t=40 ix=DE42 u=00014642 l=00014642
N3GD_BODY id=14 off=000 00000000000000000000000000000000
N3GD_BODY id=14 off=010 00000000000000000000000000000000
N3GD_BODY id=14 off=020 00000000000000000000000000000000
N3GD_BODY id=14 off=030 00000000000000000000000000000000
N3GD_BODY id=14 off=040 00000000000000000000000000000000
N3GD_BODY id=14 off=050 00000000000000000000000000000000
N3GD_BODY id=14 off=060 00000000000000000000000000000000
N3GD_BODY id=14 off=070 00000000000000000000000000000000
N3GD_BODY id=14 off=080 00000000000000000000000000000000
N3GD_BODY id=14 off=090 00000000000000000000000000000000
N3GD_BODY id=14 off=0a0 00000000000000000000000000000000
N3GD_BODY id=14 off=0b0 00000000000000000000000000000000
N3GD_BODY id=14 off=0c0 00000000000000000000000000000000
N3GD_BODY id=14 off=0d0 00000000000000000000000000000000
N3GD_BODY id=14 off=0e0 00000000000000000000000000000000
N3GD_BODY id=14 off=0f0 00000000000000000000000000000000
N3GD_BODY id=14 off=100 00000000000000000000000000000000
N3GD_BODY id=14 off=110 00000000000000000000000000000000
N3GD_BODY id=14 off=120 00000000000000000000000000000000
N3GD_BODY id=14 off=130 00000000000000000000000000000000
N3GD_BODY id=14 off=140 00000000000000000000000000000000
N3GD_BODY id=14 off=150 00000000000000000000000000000000
N3GD_BODY id=14 off=160 00000000000000000000000000000000
N3GD_BODY id=14 off=170 00000000000000000000000000000000
N3GD_BODY id=14 off=180 00000000000000000000000000000000
N3GD_BODY id=14 off=190 00000000000000000000000000000000
N3GD_BODY id=14 off=1a0 00000000000000000000000000000000
N3GD_BODY id=14 off=1b0 00000000000000000000000000000000
N3GD_BODY id=14 off=1c0 00000000000000000000000000000000
N3GD_BODY id=14 off=1d0 00000000000000000000000000000000
N3GD_BODY id=14 off=1e0 00000000000000000000000000000000
N3GD_BODY id=14 off=1f0 00000000000000000000000000000000
N3GD_BODY id=14 off=200 00000000000000000000000000000000
N3GD_BODY id=14 off=210 00000000000000000000000000000000
N3GD_BODY id=14 off=220 00000000000000000000000000000000
N3GD_BODY id=14 off=230 00000000000000000000000000000000
N3GD_BODY id=14 off=240 00000000000000000000000000000000
N3GD_BODY id=14 off=250 00000000000000000000000000000000
N3GD_BODY id=14 off=260 00000000000000000000000000000000
N3GD_BODY id=14 off=270 00000000000000000000000000000000
N3GD_BODY id=14 off=280 00000000000000000000000000000000
N3GD_BODY id=14 off=290 00000000000000000000000000000000
N3GD_BODY id=14 off=2a0 00000000000000000000000000000000
N3GD_BODY id=14 off=2b0 00000000000000000000000000000000
N3GD_BODY id=14 off=2c0 00000000000000000000000000000000
N3GD_BODY id=14 off=2d0 00000000000000000000000000000000
N3GD_BODY id=14 off=2e0 00000000000000000000000000000000
N3GD_BODY id=14 off=2f0 00000000000000000000000000000000
N3GD_BODY id=14 off=300 00000000000000000000000000000000
N3GD_BODY id=14 off=310 00000000000000000000000000000000
N3GD_BODY id=14 off=320 00000000000000000000000000000000
N3GD_BODY id=14 off=330 00000000000000000000000000000000
N3GD_BODY id=14 off=340 00000000000000000000000000000000
N3GD_BODY id=14 off=350 00000000000000000000000000000000
N3GD_BODY id=14 off=360 00000000000000000000000000000000
N3GD_BODY id=14 off=370 00000000000000000000000000000000
N3GD_BODY id=14 off=380 00000000000000000000000000000000
N3GD_BODY id=14 off=390 00000000000000000000000000000000
N3GD_BODY id=14 off=3a0 00000000000000000000000000000000
N3GD_BODY id=14 off=3b0 00000000000000000000000000000000
N3GD_BODY id=14 off=3c0 00000000000000000000000000000000
N3GD_BODY id=14 off=3d0 00000000000000000000000000000000
N3GD_BODY id=14 off=3e0 00000000000000000000000000000000
N3GD_BODY id=14 off=3f0 00000000000000000000000000000000
N3GD_BODY id=14 off=400 00000000000000000000000000000000
N3GD_BODY id=14 off=410 00000000000000000000000000000000
N3GD_BODY id=14 off=420 00000000000000000000000000000000
N3GD_BODY id=14 off=430 00000000000000000000000000000000
N3GD_BODY id=14 off=440 00000000000000000000000000000000
N3GD_BODY id=14 off=450 00000000000000000000000000000000
N3GD_BODY id=14 off=460 00000000000000000000000000000000
N3GD_BODY id=14 off=470 00000000000000000000000000000000
N3GD_BODY id=14 off=480 00000000000000000000000000000000
N3GD_BODY id=14 off=490 00000000000000000000000000000000
N3GD_BODY id=14 off=4a0 00000000000000000000000000000000
N3GD_BODY id=14 off=4b0 00000000000000000000000000000000
N3GD_BODY id=14 off=4c0 00000000000000000000000000000000
N3GD_BODY id=14 off=4d0 00000000000000000000000000000000
N3GD_BODY id=14 off=4e0 00000000000000000000000000000000
N3GD_BODY id=14 off=4f0 00000000000000000000000000000000
N3GD_BODY id=14 off=500 00000000000000000000000000000000
N3GD_BODY id=14 off=510 00000000000000000000000000000000
N3GD_BODY id=14 off=520 00000000000000000000000000000000
N3GD_BODY id=14 off=530 00000000000000000000000000000000
N3GD_BODY id=14 off=540 00000000000000000000000000000000
N3GD_BODY id=14 off=550 00000000000000000000000000000000
N3GD_BODY id=14 off=560 00000000000000000000000000000000
N3GD_BODY id=14 off=570 00000000000000000000000000000000
N3GD_BODY id=14 off=580 00000000000000000000000000000000
N3GD_BODY id=14 off=590 00000000000000000000000000000000
N3GD_BODY id=14 off=5a0 00000000000000000000000000000000
N3GD_BODY id=14 off=5b0 00000000000000000000000000000000
N3GD_BODY id=14 off=5c0 00000000000000000000000000000000
N3GD_BODY id=14 off=5d0 00000000000000000000000000000000
N3GD_BODY id=14 off=5e0 00000000000000000000000000000000
N3GD_BODY id=14 off=5f0 00000000000000000000000000000000
N3GD_BODY id=14 off=600 00000000000000000000000000000000
N3GD_BODY id=14 off=610 00000000000000000000000000000000
N3GD_BODY id=14 off=620 00000000000000000000000000000000
N3GD_BODY id=14 off=630 00000000000000000000000000000000
N3GD_BODY id=14 off=640 00000000000000000000000000000000
N3GD_BODY id=14 off=650 00000000000000000000000000000000
N3GD_BODY id=14 off=660 00000000000000000000000000000000
N3GD_BODY id=14 off=670 00000000000000000000000000000000
N3GD_BODY id=14 off=680 00000000000000000000000000000000
N3GD_BODY id=14 off=690 00000000000000000000000000000000
N3GD_BODY id=14 off=6a0 00000000000000000000000000000000
N3GD_BODY id=14 off=6b0 00000000000000000000000000000000
N3GD_BODY id=14 off=6c0 00000000000000000000000000000000
N3GD_BODY id=14 off=6d0 00000000000000000000000000000000
N3GD_BODY id=14 off=6e0 00000000000000000000000000000000
N3GD_BODY id=14 off=6f0 00000000000000000000000000000000
N3GD_BODY id=14 off=700 00000000000000000000000000000000
N3GD_BODY id=14 off=710 00000000000000000000000000000000
N3GD_BODY id=14 off=720 00000000000000000000000000000000
N3GD_BODY id=14 off=730 00000000000000000000000000000000
N3GD_BODY id=14 off=740 00000000000000000000000000000000
N3GD_BODY id=14 off=750 00000000000000000000000000000000
N3GD_BODY id=14 off=760 00000000000000000000000000000000
N3GD_BODY id=14 off=770 00000000000000000000000000000000
N3GD_BODY id=14 off=780 00000000000000000000000000000000
N3GD_BODY id=14 off=790 00000000000000000000000000000000
N3GD_BODY id=14 off=7a0 00000000000000000000000000000000
N3GD_BODY id=14 off=7b0 00000000000000000000000000000000
N3GD_BODY id=14 off=7c0 00000000000000000000000000000000
N3GD_BODY id=14 off=7d0 00000000000000000000000000000000
N3GD_BODY id=14 off=7e0 00000000000000000000000000000000
N3GD_BODY id=14 off=7f0 00000000000000000000000000000000
N3GD_OOB id=14 off=000 4246010042de0000ff40ffffe5ab0678
N3GD_OOB id=14 off=010 0a52efac2207c7a2053adbc8606282c5
N3GD_OOB id=14 off=020 374bcde4a25178a6eb7e94b8b7fa1e2e
N3GD_OOB id=14 off=030 eddbaafff14d9b9ea7ce563d3b3c79fe
N3GD_END id=14
N3GD_BEGIN id=15 kind=cand j=701 v=05A0 po=289 sl=4294967295 l0=00014402 host=0000A07E tgt=000140FC bank=1 pb=1865 pp=72 phy=238792 shift=4294967295 t=00 ix=0000 u=00000000 l=00000000
N3GD_BODY id=15 off=000 00000000000000000000000000000000
N3GD_BODY id=15 off=010 00000000000000000000000000000000
N3GD_BODY id=15 off=020 00000000000000000000000000000000
N3GD_BODY id=15 off=030 00000000000000000000000000000000
N3GD_BODY id=15 off=040 00000000000000000000000000000000
N3GD_BODY id=15 off=050 00000000000000000000000000000000
N3GD_BODY id=15 off=060 00000000000000000000000000000000
N3GD_BODY id=15 off=070 00000000000000000000000000000000
N3GD_BODY id=15 off=080 00000000000000000000000000000000
N3GD_BODY id=15 off=090 00000000000000000000000000000000
N3GD_BODY id=15 off=0a0 00000000000000000000000000000000
N3GD_BODY id=15 off=0b0 00000000000000000000000000000000
N3GD_BODY id=15 off=0c0 00000000000000000000000000000000
N3GD_BODY id=15 off=0d0 00000000000000000000000000000000
N3GD_BODY id=15 off=0e0 00000000000000000000000000000000
N3GD_BODY id=15 off=0f0 00000000000000000000000000000000
N3GD_BODY id=15 off=100 00000000000000000000000000000000
N3GD_BODY id=15 off=110 00000000000000000000000000000000
N3GD_BODY id=15 off=120 00000000000000000000000000000000
N3GD_BODY id=15 off=130 00000000000000000000000000000000
N3GD_BODY id=15 off=140 00000000000000000000000000000000
N3GD_BODY id=15 off=150 00000000000000000000000000000000
N3GD_BODY id=15 off=160 00000000000000000000000000000000
N3GD_BODY id=15 off=170 00000000000000000000000000000000
N3GD_BODY id=15 off=180 00000000000000000000000000000000
N3GD_BODY id=15 off=190 00000000000000000000000000000000
N3GD_BODY id=15 off=1a0 00000000000000000000000000000000
N3GD_BODY id=15 off=1b0 00000000000000000000000000000000
N3GD_BODY id=15 off=1c0 00000000000000000000000000000000
N3GD_BODY id=15 off=1d0 00000000000000000000000000000000
N3GD_BODY id=15 off=1e0 00000000000000000000000000000000
N3GD_BODY id=15 off=1f0 00000000000000000000000000000000
N3GD_BODY id=15 off=200 00000000000000000000000000000000
N3GD_BODY id=15 off=210 00000000000000000000000000000000
N3GD_BODY id=15 off=220 00000000000000000000000000000000
N3GD_BODY id=15 off=230 00000000000000000000000000000000
N3GD_BODY id=15 off=240 00000000000000000000000000000000
N3GD_BODY id=15 off=250 00000000000000000000000000000000
N3GD_BODY id=15 off=260 00000000000000000000000000000000
N3GD_BODY id=15 off=270 00000000000000000000000000000000
N3GD_BODY id=15 off=280 00000000000000000000000000000000
N3GD_BODY id=15 off=290 00000000000000000000000000000000
N3GD_BODY id=15 off=2a0 00000000000000000000000000000000
N3GD_BODY id=15 off=2b0 00000000000000000000000000000000
N3GD_BODY id=15 off=2c0 00000000000000000000000000000000
N3GD_BODY id=15 off=2d0 00000000000000000000000000000000
N3GD_BODY id=15 off=2e0 00000000000000000000000000000000
N3GD_BODY id=15 off=2f0 00000000000000000000000000000000
N3GD_BODY id=15 off=300 00000000000000000000000000000000
N3GD_BODY id=15 off=310 00000000000000000000000000000000
N3GD_BODY id=15 off=320 00000000000000000000000000000000
N3GD_BODY id=15 off=330 00000000000000000000000000000000
N3GD_BODY id=15 off=340 00000000000000000000000000000000
N3GD_BODY id=15 off=350 00000000000000000000000000000000
N3GD_BODY id=15 off=360 00000000000000000000000000000000
N3GD_BODY id=15 off=370 00000000000000000000000000000000
N3GD_BODY id=15 off=380 00000000000000000000000000000000
N3GD_BODY id=15 off=390 00000000000000000000000000000000
N3GD_BODY id=15 off=3a0 00000000000000000000000000000000
N3GD_BODY id=15 off=3b0 00000000000000000000000000000000
N3GD_BODY id=15 off=3c0 00000000000000000000000000000000
N3GD_BODY id=15 off=3d0 00000000000000000000000000000000
N3GD_BODY id=15 off=3e0 00000000000000000000000000000000
N3GD_BODY id=15 off=3f0 00000000000000000000000000000000
N3GD_BODY id=15 off=400 00000000000000000000000000000000
N3GD_BODY id=15 off=410 00000000000000000000000000000000
N3GD_BODY id=15 off=420 00000000000000000000000000000000
N3GD_BODY id=15 off=430 00000000000000000000000000000000
N3GD_BODY id=15 off=440 00000000000000000000000000000000
N3GD_BODY id=15 off=450 00000000000000000000000000000000
N3GD_BODY id=15 off=460 00000000000000000000000000000000
N3GD_BODY id=15 off=470 00000000000000000000000000000000
N3GD_BODY id=15 off=480 00000000000000000000000000000000
N3GD_BODY id=15 off=490 00000000000000000000000000000000
N3GD_BODY id=15 off=4a0 00000000000000000000000000000000
N3GD_BODY id=15 off=4b0 00000000000000000000000000000000
N3GD_BODY id=15 off=4c0 00000000000000000000000000000000
N3GD_BODY id=15 off=4d0 00000000000000000000000000000000
N3GD_BODY id=15 off=4e0 00000000000000000000000000000000
N3GD_BODY id=15 off=4f0 00000000000000000000000000000000
N3GD_BODY id=15 off=500 00000000000000000000000000000000
N3GD_BODY id=15 off=510 00000000000000000000000000000000
N3GD_BODY id=15 off=520 00000000000000000000000000000000
N3GD_BODY id=15 off=530 00000000000000000000000000000000
N3GD_BODY id=15 off=540 00000000000000000000000000000000
N3GD_BODY id=15 off=550 00000000000000000000000000000000
N3GD_BODY id=15 off=560 00000000000000000000000000000000
N3GD_BODY id=15 off=570 00000000000000000000000000000000
N3GD_BODY id=15 off=580 00000000000000000000000000000000
N3GD_BODY id=15 off=590 00000000000000000000000000000000
N3GD_BODY id=15 off=5a0 00000000000000000000000000000000
N3GD_BODY id=15 off=5b0 00000000000000000000000000000000
N3GD_BODY id=15 off=5c0 00000000000000000000000000000000
N3GD_BODY id=15 off=5d0 00000000000000000000000000000000
N3GD_BODY id=15 off=5e0 00000000000000000000000000000000
N3GD_BODY id=15 off=5f0 00000000000000000000000000000000
N3GD_BODY id=15 off=600 00000000000000000000000000000000
N3GD_BODY id=15 off=610 00000000000000000000000000000000
N3GD_BODY id=15 off=620 00000000000000000000000000000000
N3GD_BODY id=15 off=630 00000000000000000000000000000000
N3GD_BODY id=15 off=640 00000000000000000000000000000000
N3GD_BODY id=15 off=650 00000000000000000000000000000000
N3GD_BODY id=15 off=660 00000000000000000000000000000000
N3GD_BODY id=15 off=670 00000000000000000000000000000000
N3GD_BODY id=15 off=680 00000000000000000000000000000000
N3GD_BODY id=15 off=690 00000000000000000000000000000000
N3GD_BODY id=15 off=6a0 00000000000000000000000000000000
N3GD_BODY id=15 off=6b0 00000000000000000000000000000000
N3GD_BODY id=15 off=6c0 00000000000000000000000000000000
N3GD_BODY id=15 off=6d0 00000000000000000000000000000000
N3GD_BODY id=15 off=6e0 00000000000000000000000000000000
N3GD_BODY id=15 off=6f0 00000000000000000000000000000000
N3GD_BODY id=15 off=700 00000000000000000000000000000000
N3GD_BODY id=15 off=710 00000000000000000000000000000000
N3GD_BODY id=15 off=720 00000000000000000000000000000000
N3GD_BODY id=15 off=730 00000000000000000000000000000000
N3GD_BODY id=15 off=740 00000000000000000000000000000000
N3GD_BODY id=15 off=750 00000000000000000000000000000000
N3GD_BODY id=15 off=760 00000000000000000000000000000000
N3GD_BODY id=15 off=770 00000000000000000000000000000000
N3GD_BODY id=15 off=780 00000000000000000000000000000000
N3GD_BODY id=15 off=790 00000000000000000000000000000000
N3GD_BODY id=15 off=7a0 00000000000000000000000000000000
N3GD_BODY id=15 off=7b0 00000000000000000000000000000000
N3GD_BODY id=15 off=7c0 00000000000000000000000000000000
N3GD_BODY id=15 off=7d0 00000000000000000000000000000000
N3GD_BODY id=15 off=7e0 00000000000000000000000000000000
N3GD_BODY id=15 off=7f0 00000000000000000000000000000000
N3GD_OOB id=15 off=000 000000000000000000000000e5ab0678
N3GD_OOB id=15 off=010 0a52efac2207c7a2053adbc8606282c5
N3GD_OOB id=15 off=020 374bcde4a25178a6eb7e94b8b7fa1e2e
N3GD_OOB id=15 off=030 eddbaafff14d9b9ea7ce563d3b3c79fe
N3GD_END id=15
N3GD_BEGIN id=16 kind=cand j=701 v=05A0 po=511 sl=4294967295 l0=00014402 host=0000A07E tgt=000140FC bank=3 pb=1865 pp=127 phy=238847 shift=4294967295 t=00 ix=0000 u=00000000 l=00000000
N3GD_BODY id=16 off=000 00000000000000000000000000000000
N3GD_BODY id=16 off=010 00000000000000000000000000000000
N3GD_BODY id=16 off=020 00000000000000000000000000000000
N3GD_BODY id=16 off=030 00000000000000000000000000000000
N3GD_BODY id=16 off=040 00000000000000000000000000000000
N3GD_BODY id=16 off=050 00000000000000000000000000000000
N3GD_BODY id=16 off=060 00000000000000000000000000000000
N3GD_BODY id=16 off=070 00000000000000000000000000000000
N3GD_BODY id=16 off=080 00000000000000000000000000000000
N3GD_BODY id=16 off=090 00000000000000000000000000000000
N3GD_BODY id=16 off=0a0 00000000000000000000000000000000
N3GD_BODY id=16 off=0b0 00000000000000000000000000000000
N3GD_BODY id=16 off=0c0 00000000000000000000000000000000
N3GD_BODY id=16 off=0d0 00000000000000000000000000000000
N3GD_BODY id=16 off=0e0 00000000000000000000000000000000
N3GD_BODY id=16 off=0f0 00000000000000000000000000000000
N3GD_BODY id=16 off=100 00000000000000000000000000000000
N3GD_BODY id=16 off=110 00000000000000000000000000000000
N3GD_BODY id=16 off=120 00000000000000000000000000000000
N3GD_BODY id=16 off=130 00000000000000000000000000000000
N3GD_BODY id=16 off=140 00000000000000000000000000000000
N3GD_BODY id=16 off=150 00000000000000000000000000000000
N3GD_BODY id=16 off=160 00000000000000000000000000000000
N3GD_BODY id=16 off=170 00000000000000000000000000000000
N3GD_BODY id=16 off=180 00000000000000000000000000000000
N3GD_BODY id=16 off=190 00000000000000000000000000000000
N3GD_BODY id=16 off=1a0 00000000000000000000000000000000
N3GD_BODY id=16 off=1b0 00000000000000000000000000000000
N3GD_BODY id=16 off=1c0 00000000000000000000000000000000
N3GD_BODY id=16 off=1d0 00000000000000000000000000000000
N3GD_BODY id=16 off=1e0 00000000000000000000000000000000
N3GD_BODY id=16 off=1f0 00000000000000000000000000000000
N3GD_BODY id=16 off=200 00000000000000000000000000000000
N3GD_BODY id=16 off=210 00000000000000000000000000000000
N3GD_BODY id=16 off=220 00000000000000000000000000000000
N3GD_BODY id=16 off=230 00000000000000000000000000000000
N3GD_BODY id=16 off=240 00000000000000000000000000000000
N3GD_BODY id=16 off=250 00000000000000000000000000000000
N3GD_BODY id=16 off=260 00000000000000000000000000000000
N3GD_BODY id=16 off=270 00000000000000000000000000000000
N3GD_BODY id=16 off=280 00000000000000000000000000000000
N3GD_BODY id=16 off=290 00000000000000000000000000000000
N3GD_BODY id=16 off=2a0 00000000000000000000000000000000
N3GD_BODY id=16 off=2b0 00000000000000000000000000000000
N3GD_BODY id=16 off=2c0 00000000000000000000000000000000
N3GD_BODY id=16 off=2d0 00000000000000000000000000000000
N3GD_BODY id=16 off=2e0 00000000000000000000000000000000
N3GD_BODY id=16 off=2f0 00000000000000000000000000000000
N3GD_BODY id=16 off=300 00000000000000000000000000000000
N3GD_BODY id=16 off=310 00000000000000000000000000000000
N3GD_BODY id=16 off=320 00000000000000000000000000000000
N3GD_BODY id=16 off=330 00000000000000000000000000000000
N3GD_BODY id=16 off=340 00000000000000000000000000000000
N3GD_BODY id=16 off=350 00000000000000000000000000000000
N3GD_BODY id=16 off=360 00000000000000000000000000000000
N3GD_BODY id=16 off=370 00000000000000000000000000000000
N3GD_BODY id=16 off=380 00000000000000000000000000000000
N3GD_BODY id=16 off=390 00000000000000000000000000000000
N3GD_BODY id=16 off=3a0 00000000000000000000000000000000
N3GD_BODY id=16 off=3b0 00000000000000000000000000000000
N3GD_BODY id=16 off=3c0 00000000000000000000000000000000
N3GD_BODY id=16 off=3d0 00000000000000000000000000000000
N3GD_BODY id=16 off=3e0 00000000000000000000000000000000
N3GD_BODY id=16 off=3f0 00000000000000000000000000000000
N3GD_BODY id=16 off=400 00000000000000000000000000000000
N3GD_BODY id=16 off=410 00000000000000000000000000000000
N3GD_BODY id=16 off=420 00000000000000000000000000000000
N3GD_BODY id=16 off=430 00000000000000000000000000000000
N3GD_BODY id=16 off=440 00000000000000000000000000000000
N3GD_BODY id=16 off=450 00000000000000000000000000000000
N3GD_BODY id=16 off=460 00000000000000000000000000000000
N3GD_BODY id=16 off=470 00000000000000000000000000000000
N3GD_BODY id=16 off=480 00000000000000000000000000000000
N3GD_BODY id=16 off=490 00000000000000000000000000000000
N3GD_BODY id=16 off=4a0 00000000000000000000000000000000
N3GD_BODY id=16 off=4b0 00000000000000000000000000000000
N3GD_BODY id=16 off=4c0 00000000000000000000000000000000
N3GD_BODY id=16 off=4d0 00000000000000000000000000000000
N3GD_BODY id=16 off=4e0 00000000000000000000000000000000
N3GD_BODY id=16 off=4f0 00000000000000000000000000000000
N3GD_BODY id=16 off=500 00000000000000000000000000000000
N3GD_BODY id=16 off=510 00000000000000000000000000000000
N3GD_BODY id=16 off=520 00000000000000000000000000000000
N3GD_BODY id=16 off=530 00000000000000000000000000000000
N3GD_BODY id=16 off=540 00000000000000000000000000000000
N3GD_BODY id=16 off=550 00000000000000000000000000000000
N3GD_BODY id=16 off=560 00000000000000000000000000000000
N3GD_BODY id=16 off=570 00000000000000000000000000000000
N3GD_BODY id=16 off=580 00000000000000000000000000000000
N3GD_BODY id=16 off=590 00000000000000000000000000000000
N3GD_BODY id=16 off=5a0 00000000000000000000000000000000
N3GD_BODY id=16 off=5b0 00000000000000000000000000000000
N3GD_BODY id=16 off=5c0 00000000000000000000000000000000
N3GD_BODY id=16 off=5d0 00000000000000000000000000000000
N3GD_BODY id=16 off=5e0 00000000000000000000000000000000
N3GD_BODY id=16 off=5f0 00000000000000000000000000000000
N3GD_BODY id=16 off=600 00000000000000000000000000000000
N3GD_BODY id=16 off=610 00000000000000000000000000000000
N3GD_BODY id=16 off=620 00000000000000000000000000000000
N3GD_BODY id=16 off=630 00000000000000000000000000000000
N3GD_BODY id=16 off=640 00000000000000000000000000000000
N3GD_BODY id=16 off=650 00000000000000000000000000000000
N3GD_BODY id=16 off=660 00000000000000000000000000000000
N3GD_BODY id=16 off=670 00000000000000000000000000000000
N3GD_BODY id=16 off=680 00000000000000000000000000000000
N3GD_BODY id=16 off=690 00000000000000000000000000000000
N3GD_BODY id=16 off=6a0 00000000000000000000000000000000
N3GD_BODY id=16 off=6b0 00000000000000000000000000000000
N3GD_BODY id=16 off=6c0 00000000000000000000000000000000
N3GD_BODY id=16 off=6d0 00000000000000000000000000000000
N3GD_BODY id=16 off=6e0 00000000000000000000000000000000
N3GD_BODY id=16 off=6f0 00000000000000000000000000000000
N3GD_BODY id=16 off=700 00000000000000000000000000000000
N3GD_BODY id=16 off=710 00000000000000000000000000000000
N3GD_BODY id=16 off=720 00000000000000000000000000000000
N3GD_BODY id=16 off=730 00000000000000000000000000000000
N3GD_BODY id=16 off=740 00000000000000000000000000000000
N3GD_BODY id=16 off=750 00000000000000000000000000000000
N3GD_BODY id=16 off=760 00000000000000000000000000000000
N3GD_BODY id=16 off=770 00000000000000000000000000000000
N3GD_BODY id=16 off=780 00000000000000000000000000000000
N3GD_BODY id=16 off=790 00000000000000000000000000000000
N3GD_BODY id=16 off=7a0 00000000000000000000000000000000
N3GD_BODY id=16 off=7b0 00000000000000000000000000000000
N3GD_BODY id=16 off=7c0 00000000000000000000000000000000
N3GD_BODY id=16 off=7d0 00000000000000000000000000000000
N3GD_BODY id=16 off=7e0 00000000000000000000000000000000
N3GD_BODY id=16 off=7f0 00000000000000000000000000000000
N3GD_OOB id=16 off=000 000000000000000000000000e5ab0678
N3GD_OOB id=16 off=010 0a52efac2207c7a2053adbc8606282c5
N3GD_OOB id=16 off=020 374bcde4a25178a6eb7e94b8b7fa1e2e
N3GD_OOB id=16 off=030 eddbaafff14d9b9ea7ce563d3b3c79fe
N3GD_END id=16
N3GD_BEGIN id=17 kind=cand j=150 v=044C po=0 sl=4294967295 l0=00014802 host=0000A07E tgt=000140FC bank=0 pb=1525 pp=0 phy=195200 shift=4294967295 t=40 ix=DE55 u=00014802 l=00014802
N3GD_BODY id=17 off=000 00000000000000000000000000000000
N3GD_BODY id=17 off=010 00000000000000000000000000000000
N3GD_BODY id=17 off=020 00000000000000000000000000000000
N3GD_BODY id=17 off=030 00000000000000000000000000000000
N3GD_BODY id=17 off=040 00000000000000000000000000000000
N3GD_BODY id=17 off=050 00000000000000000000000000000000
N3GD_BODY id=17 off=060 00000000000000000000000000000000
N3GD_BODY id=17 off=070 00000000000000000000000000000000
N3GD_BODY id=17 off=080 00000000000000000000000000000000
N3GD_BODY id=17 off=090 00000000000000000000000000000000
N3GD_BODY id=17 off=0a0 00000000000000000000000000000000
N3GD_BODY id=17 off=0b0 00000000000000000000000000000000
N3GD_BODY id=17 off=0c0 00000000000000000000000000000000
N3GD_BODY id=17 off=0d0 00000000000000000000000000000000
N3GD_BODY id=17 off=0e0 00000000000000000000000000000000
N3GD_BODY id=17 off=0f0 00000000000000000000000000000000
N3GD_BODY id=17 off=100 00000000000000000000000000000000
N3GD_BODY id=17 off=110 00000000000000000000000000000000
N3GD_BODY id=17 off=120 00000000000000000000000000000000
N3GD_BODY id=17 off=130 00000000000000000000000000000000
N3GD_BODY id=17 off=140 00000000000000000000000000000000
N3GD_BODY id=17 off=150 00000000000000000000000000000000
N3GD_BODY id=17 off=160 00000000000000000000000000000000
N3GD_BODY id=17 off=170 00000000000000000000000000000000
N3GD_BODY id=17 off=180 00000000000000000000000000000000
N3GD_BODY id=17 off=190 00000000000000000000000000000000
N3GD_BODY id=17 off=1a0 00000000000000000000000000000000
N3GD_BODY id=17 off=1b0 00000000000000000000000000000000
N3GD_BODY id=17 off=1c0 00000000000000000000000000000000
N3GD_BODY id=17 off=1d0 00000000000000000000000000000000
N3GD_BODY id=17 off=1e0 00000000000000000000000000000000
N3GD_BODY id=17 off=1f0 00000000000000000000000000000000
N3GD_BODY id=17 off=200 00000000000000000000000000000000
N3GD_BODY id=17 off=210 00000000000000000000000000000000
N3GD_BODY id=17 off=220 00000000000000000000000000000000
N3GD_BODY id=17 off=230 00000000000000000000000000000000
N3GD_BODY id=17 off=240 00000000000000000000000000000000
N3GD_BODY id=17 off=250 00000000000000000000000000000000
N3GD_BODY id=17 off=260 00000000000000000000000000000000
N3GD_BODY id=17 off=270 00000000000000000000000000000000
N3GD_BODY id=17 off=280 00000000000000000000000000000000
N3GD_BODY id=17 off=290 00000000000000000000000000000000
N3GD_BODY id=17 off=2a0 00000000000000000000000000000000
N3GD_BODY id=17 off=2b0 00000000000000000000000000000000
N3GD_BODY id=17 off=2c0 00000000000000000000000000000000
N3GD_BODY id=17 off=2d0 00000000000000000000000000000000
N3GD_BODY id=17 off=2e0 00000000000000000000000000000000
N3GD_BODY id=17 off=2f0 00000000000000000000000000000000
N3GD_BODY id=17 off=300 00000000000000000000000000000000
N3GD_BODY id=17 off=310 00000000000000000000000000000000
N3GD_BODY id=17 off=320 00000000000000000000000000000000
N3GD_BODY id=17 off=330 00000000000000000000000000000000
N3GD_BODY id=17 off=340 00000000000000000000000000000000
N3GD_BODY id=17 off=350 00000000000000000000000000000000
N3GD_BODY id=17 off=360 00000000000000000000000000000000
N3GD_BODY id=17 off=370 00000000000000000000000000000000
N3GD_BODY id=17 off=380 00000000000000000000000000000000
N3GD_BODY id=17 off=390 00000000000000000000000000000000
N3GD_BODY id=17 off=3a0 00000000000000000000000000000000
N3GD_BODY id=17 off=3b0 00000000000000000000000000000000
N3GD_BODY id=17 off=3c0 00000000000000000000000000000000
N3GD_BODY id=17 off=3d0 00000000000000000000000000000000
N3GD_BODY id=17 off=3e0 00000000000000000000000000000000
N3GD_BODY id=17 off=3f0 00000000000000000000000000000000
N3GD_BODY id=17 off=400 00000000000000000000000000000000
N3GD_BODY id=17 off=410 00000000000000000000000000000000
N3GD_BODY id=17 off=420 00000000000000000000000000000000
N3GD_BODY id=17 off=430 00000000000000000000000000000000
N3GD_BODY id=17 off=440 00000000000000000000000000000000
N3GD_BODY id=17 off=450 00000000000000000000000000000000
N3GD_BODY id=17 off=460 00000000000000000000000000000000
N3GD_BODY id=17 off=470 00000000000000000000000000000000
N3GD_BODY id=17 off=480 00000000000000000000000000000000
N3GD_BODY id=17 off=490 00000000000000000000000000000000
N3GD_BODY id=17 off=4a0 00000000000000000000000000000000
N3GD_BODY id=17 off=4b0 00000000000000000000000000000000
N3GD_BODY id=17 off=4c0 00000000000000000000000000000000
N3GD_BODY id=17 off=4d0 00000000000000000000000000000000
N3GD_BODY id=17 off=4e0 00000000000000000000000000000000
N3GD_BODY id=17 off=4f0 00000000000000000000000000000000
N3GD_BODY id=17 off=500 00000000000000000000000000000000
N3GD_BODY id=17 off=510 00000000000000000000000000000000
N3GD_BODY id=17 off=520 00000000000000000000000000000000
N3GD_BODY id=17 off=530 00000000000000000000000000000000
N3GD_BODY id=17 off=540 00000000000000000000000000000000
N3GD_BODY id=17 off=550 00000000000000000000000000000000
N3GD_BODY id=17 off=560 00000000000000000000000000000000
N3GD_BODY id=17 off=570 00000000000000000000000000000000
N3GD_BODY id=17 off=580 00000000000000000000000000000000
N3GD_BODY id=17 off=590 00000000000000000000000000000000
N3GD_BODY id=17 off=5a0 00000000000000000000000000000000
N3GD_BODY id=17 off=5b0 00000000000000000000000000000000
N3GD_BODY id=17 off=5c0 00000000000000000000000000000000
N3GD_BODY id=17 off=5d0 00000000000000000000000000000000
N3GD_BODY id=17 off=5e0 00000000000000000000000000000000
N3GD_BODY id=17 off=5f0 00000000000000000000000000000000
N3GD_BODY id=17 off=600 00000000000000000000000000000000
N3GD_BODY id=17 off=610 00000000000000000000000000000000
N3GD_BODY id=17 off=620 00000000000000000000000000000000
N3GD_BODY id=17 off=630 00000000000000000000000000000000
N3GD_BODY id=17 off=640 00000000000000000000000000000000
N3GD_BODY id=17 off=650 00000000000000000000000000000000
N3GD_BODY id=17 off=660 00000000000000000000000000000000
N3GD_BODY id=17 off=670 00000000000000000000000000000000
N3GD_BODY id=17 off=680 00000000000000000000000000000000
N3GD_BODY id=17 off=690 00000000000000000000000000000000
N3GD_BODY id=17 off=6a0 00000000000000000000000000000000
N3GD_BODY id=17 off=6b0 00000000000000000000000000000000
N3GD_BODY id=17 off=6c0 00000000000000000000000000000000
N3GD_BODY id=17 off=6d0 00000000000000000000000000000000
N3GD_BODY id=17 off=6e0 00000000000000000000000000000000
N3GD_BODY id=17 off=6f0 00000000000000000000000000000000
N3GD_BODY id=17 off=700 00000000000000000000000000000000
N3GD_BODY id=17 off=710 00000000000000000000000000000000
N3GD_BODY id=17 off=720 00000000000000000000000000000000
N3GD_BODY id=17 off=730 00000000000000000000000000000000
N3GD_BODY id=17 off=740 00000000000000000000000000000000
N3GD_BODY id=17 off=750 00000000000000000000000000000000
N3GD_BODY id=17 off=760 00000000000000000000000000000000
N3GD_BODY id=17 off=770 00000000000000000000000000000000
N3GD_BODY id=17 off=780 00000000000000000000000000000000
N3GD_BODY id=17 off=790 00000000000000000000000000000000
N3GD_BODY id=17 off=7a0 00000000000000000000000000000000
N3GD_BODY id=17 off=7b0 00000000000000000000000000000000
N3GD_BODY id=17 off=7c0 00000000000000000000000000000000
N3GD_BODY id=17 off=7d0 00000000000000000000000000000000
N3GD_BODY id=17 off=7e0 00000000000000000000000000000000
N3GD_BODY id=17 off=7f0 00000000000000000000000000000000
N3GD_OOB id=17 off=000 0248010055de0000ff40ffffe5ab0678
N3GD_OOB id=17 off=010 0a52efac2207c7a2053adbc8606282c5
N3GD_OOB id=17 off=020 374bcde4a25178a6eb7e94b8b7fa1e2e
N3GD_OOB id=17 off=030 eddbaafff14d9b9ea7ce563d3b3c79fe
N3GD_END id=17
N3GD_BEGIN id=18 kind=cand j=150 v=044C po=1 sl=4294967295 l0=00014802 host=0000A07E tgt=000140FC bank=1 pb=1525 pp=0 phy=195200 shift=4294967295 t=00 ix=0000 u=00000000 l=00000000
N3GD_BODY id=18 off=000 00000000000000000000000000000000
N3GD_BODY id=18 off=010 00000000000000000000000000000000
N3GD_BODY id=18 off=020 00000000000000000000000000000000
N3GD_BODY id=18 off=030 00000000000000000000000000000000
N3GD_BODY id=18 off=040 00000000000000000000000000000000
N3GD_BODY id=18 off=050 00000000000000000000000000000000
N3GD_BODY id=18 off=060 00000000000000000000000000000000
N3GD_BODY id=18 off=070 00000000000000000000000000000000
N3GD_BODY id=18 off=080 00000000000000000000000000000000
N3GD_BODY id=18 off=090 00000000000000000000000000000000
N3GD_BODY id=18 off=0a0 00000000000000000000000000000000
N3GD_BODY id=18 off=0b0 00000000000000000000000000000000
N3GD_BODY id=18 off=0c0 00000000000000000000000000000000
N3GD_BODY id=18 off=0d0 00000000000000000000000000000000
N3GD_BODY id=18 off=0e0 00000000000000000000000000000000
N3GD_BODY id=18 off=0f0 00000000000000000000000000000000
N3GD_BODY id=18 off=100 00000000000000000000000000000000
N3GD_BODY id=18 off=110 00000000000000000000000000000000
N3GD_BODY id=18 off=120 00000000000000000000000000000000
N3GD_BODY id=18 off=130 00000000000000000000000000000000
N3GD_BODY id=18 off=140 00000000000000000000000000000000
N3GD_BODY id=18 off=150 00000000000000000000000000000000
N3GD_BODY id=18 off=160 00000000000000000000000000000000
N3GD_BODY id=18 off=170 00000000000000000000000000000000
N3GD_BODY id=18 off=180 00000000000000000000000000000000
N3GD_BODY id=18 off=190 00000000000000000000000000000000
N3GD_BODY id=18 off=1a0 00000000000000000000000000000000
N3GD_BODY id=18 off=1b0 00000000000000000000000000000000
N3GD_BODY id=18 off=1c0 00000000000000000000000000000000
N3GD_BODY id=18 off=1d0 00000000000000000000000000000000
N3GD_BODY id=18 off=1e0 00000000000000000000000000000000
N3GD_BODY id=18 off=1f0 00000000000000000000000000000000
N3GD_BODY id=18 off=200 00000000000000000000000000000000
N3GD_BODY id=18 off=210 00000000000000000000000000000000
N3GD_BODY id=18 off=220 00000000000000000000000000000000
N3GD_BODY id=18 off=230 00000000000000000000000000000000
N3GD_BODY id=18 off=240 00000000000000000000000000000000
N3GD_BODY id=18 off=250 00000000000000000000000000000000
N3GD_BODY id=18 off=260 00000000000000000000000000000000
N3GD_BODY id=18 off=270 00000000000000000000000000000000
N3GD_BODY id=18 off=280 00000000000000000000000000000000
N3GD_BODY id=18 off=290 00000000000000000000000000000000
N3GD_BODY id=18 off=2a0 00000000000000000000000000000000
N3GD_BODY id=18 off=2b0 00000000000000000000000000000000
N3GD_BODY id=18 off=2c0 00000000000000000000000000000000
N3GD_BODY id=18 off=2d0 00000000000000000000000000000000
N3GD_BODY id=18 off=2e0 00000000000000000000000000000000
N3GD_BODY id=18 off=2f0 00000000000000000000000000000000
N3GD_BODY id=18 off=300 00000000000000000000000000000000
N3GD_BODY id=18 off=310 00000000000000000000000000000000
N3GD_BODY id=18 off=320 00000000000000000000000000000000
N3GD_BODY id=18 off=330 00000000000000000000000000000000
N3GD_BODY id=18 off=340 00000000000000000000000000000000
N3GD_BODY id=18 off=350 00000000000000000000000000000000
N3GD_BODY id=18 off=360 00000000000000000000000000000000
N3GD_BODY id=18 off=370 00000000000000000000000000000000
N3GD_BODY id=18 off=380 00000000000000000000000000000000
N3GD_BODY id=18 off=390 00000000000000000000000000000000
N3GD_BODY id=18 off=3a0 00000000000000000000000000000000
N3GD_BODY id=18 off=3b0 00000000000000000000000000000000
N3GD_BODY id=18 off=3c0 00000000000000000000000000000000
N3GD_BODY id=18 off=3d0 00000000000000000000000000000000
N3GD_BODY id=18 off=3e0 00000000000000000000000000000000
N3GD_BODY id=18 off=3f0 00000000000000000000000000000000
N3GD_BODY id=18 off=400 00000000000000000000000000000000
N3GD_BODY id=18 off=410 00000000000000000000000000000000
N3GD_BODY id=18 off=420 00000000000000000000000000000000
N3GD_BODY id=18 off=430 00000000000000000000000000000000
N3GD_BODY id=18 off=440 00000000000000000000000000000000
N3GD_BODY id=18 off=450 00000000000000000000000000000000
N3GD_BODY id=18 off=460 00000000000000000000000000000000
N3GD_BODY id=18 off=470 00000000000000000000000000000000
N3GD_BODY id=18 off=480 00000000000000000000000000000000
N3GD_BODY id=18 off=490 00000000000000000000000000000000
N3GD_BODY id=18 off=4a0 00000000000000000000000000000000
N3GD_BODY id=18 off=4b0 00000000000000000000000000000000
N3GD_BODY id=18 off=4c0 00000000000000000000000000000000
N3GD_BODY id=18 off=4d0 00000000000000000000000000000000
N3GD_BODY id=18 off=4e0 00000000000000000000000000000000
N3GD_BODY id=18 off=4f0 00000000000000000000000000000000
N3GD_BODY id=18 off=500 00000000000000000000000000000000
N3GD_BODY id=18 off=510 00000000000000000000000000000000
N3GD_BODY id=18 off=520 00000000000000000000000000000000
N3GD_BODY id=18 off=530 00000000000000000000000000000000
N3GD_BODY id=18 off=540 00000000000000000000000000000000
N3GD_BODY id=18 off=550 00000000000000000000000000000000
N3GD_BODY id=18 off=560 00000000000000000000000000000000
N3GD_BODY id=18 off=570 00000000000000000000000000000000
N3GD_BODY id=18 off=580 00000000000000000000000000000000
N3GD_BODY id=18 off=590 00000000000000000000000000000000
N3GD_BODY id=18 off=5a0 00000000000000000000000000000000
N3GD_BODY id=18 off=5b0 00000000000000000000000000000000
N3GD_BODY id=18 off=5c0 00000000000000000000000000000000
N3GD_BODY id=18 off=5d0 00000000000000000000000000000000
N3GD_BODY id=18 off=5e0 00000000000000000000000000000000
N3GD_BODY id=18 off=5f0 00000000000000000000000000000000
N3GD_BODY id=18 off=600 00000000000000000000000000000000
N3GD_BODY id=18 off=610 00000000000000000000000000000000
N3GD_BODY id=18 off=620 00000000000000000000000000000000
N3GD_BODY id=18 off=630 00000000000000000000000000000000
N3GD_BODY id=18 off=640 00000000000000000000000000000000
N3GD_BODY id=18 off=650 00000000000000000000000000000000
N3GD_BODY id=18 off=660 00000000000000000000000000000000
N3GD_BODY id=18 off=670 00000000000000000000000000000000
N3GD_BODY id=18 off=680 00000000000000000000000000000000
N3GD_BODY id=18 off=690 00000000000000000000000000000000
N3GD_BODY id=18 off=6a0 00000000000000000000000000000000
N3GD_BODY id=18 off=6b0 00000000000000000000000000000000
N3GD_BODY id=18 off=6c0 00000000000000000000000000000000
N3GD_BODY id=18 off=6d0 00000000000000000000000000000000
N3GD_BODY id=18 off=6e0 00000000000000000000000000000000
N3GD_BODY id=18 off=6f0 00000000000000000000000000000000
N3GD_BODY id=18 off=700 00000000000000000000000000000000
N3GD_BODY id=18 off=710 00000000000000000000000000000000
N3GD_BODY id=18 off=720 00000000000000000000000000000000
N3GD_BODY id=18 off=730 00000000000000000000000000000000
N3GD_BODY id=18 off=740 00000000000000000000000000000000
N3GD_BODY id=18 off=750 00000000000000000000000000000000
N3GD_BODY id=18 off=760 00000000000000000000000000000000
N3GD_BODY id=18 off=770 00000000000000000000000000000000
N3GD_BODY id=18 off=780 00000000000000000000000000000000
N3GD_BODY id=18 off=790 00000000000000000000000000000000
N3GD_BODY id=18 off=7a0 00000000000000000000000000000000
N3GD_BODY id=18 off=7b0 00000000000000000000000000000000
N3GD_BODY id=18 off=7c0 00000000000000000000000000000000
N3GD_BODY id=18 off=7d0 00000000000000000000000000000000
N3GD_BODY id=18 off=7e0 00000000000000000000000000000000
N3GD_BODY id=18 off=7f0 00000000000000000000000000000000
N3GD_OOB id=18 off=000 000000000000000000000000e5ab0678
N3GD_OOB id=18 off=010 0a52efac2207c7a2053adbc8606282c5
N3GD_OOB id=18 off=020 374bcde4a25178a6eb7e94b8b7fa1e2e
N3GD_OOB id=18 off=030 eddbaafff14d9b9ea7ce563d3b3c79fe
N3GD_END id=18
N3GD_BEGIN id=19 kind=cand j=150 v=044C po=3 sl=4294967295 l0=00014802 host=0000A07E tgt=000140FC bank=3 pb=1525 pp=0 phy=195200 shift=4294967295 t=00 ix=0000 u=00000000 l=00000000
N3GD_BODY id=19 off=000 00000000000000000000000000000000
N3GD_BODY id=19 off=010 00000000000000000000000000000000
N3GD_BODY id=19 off=020 00000000000000000000000000000000
N3GD_BODY id=19 off=030 00000000000000000000000000000000
N3GD_BODY id=19 off=040 00000000000000000000000000000000
N3GD_BODY id=19 off=050 00000000000000000000000000000000
N3GD_BODY id=19 off=060 00000000000000000000000000000000
N3GD_BODY id=19 off=070 00000000000000000000000000000000
N3GD_BODY id=19 off=080 00000000000000000000000000000000
N3GD_BODY id=19 off=090 00000000000000000000000000000000
N3GD_BODY id=19 off=0a0 00000000000000000000000000000000
N3GD_BODY id=19 off=0b0 00000000000000000000000000000000
N3GD_BODY id=19 off=0c0 00000000000000000000000000000000
N3GD_BODY id=19 off=0d0 00000000000000000000000000000000
N3GD_BODY id=19 off=0e0 00000000000000000000000000000000
N3GD_BODY id=19 off=0f0 00000000000000000000000000000000
N3GD_BODY id=19 off=100 00000000000000000000000000000000
N3GD_BODY id=19 off=110 00000000000000000000000000000000
N3GD_BODY id=19 off=120 00000000000000000000000000000000
N3GD_BODY id=19 off=130 00000000000000000000000000000000
N3GD_BODY id=19 off=140 00000000000000000000000000000000
N3GD_BODY id=19 off=150 00000000000000000000000000000000
N3GD_BODY id=19 off=160 00000000000000000000000000000000
N3GD_BODY id=19 off=170 00000000000000000000000000000000
N3GD_BODY id=19 off=180 00000000000000000000000000000000
N3GD_BODY id=19 off=190 00000000000000000000000000000000
N3GD_BODY id=19 off=1a0 00000000000000000000000000000000
N3GD_BODY id=19 off=1b0 00000000000000000000000000000000
N3GD_BODY id=19 off=1c0 00000000000000000000000000000000
N3GD_BODY id=19 off=1d0 00000000000000000000000000000000
N3GD_BODY id=19 off=1e0 00000000000000000000000000000000
N3GD_BODY id=19 off=1f0 00000000000000000000000000000000
N3GD_BODY id=19 off=200 00000000000000000000000000000000
N3GD_BODY id=19 off=210 00000000000000000000000000000000
N3GD_BODY id=19 off=220 00000000000000000000000000000000
N3GD_BODY id=19 off=230 00000000000000000000000000000000
N3GD_BODY id=19 off=240 00000000000000000000000000000000
N3GD_BODY id=19 off=250 00000000000000000000000000000000
N3GD_BODY id=19 off=260 00000000000000000000000000000000
N3GD_BODY id=19 off=270 00000000000000000000000000000000
N3GD_BODY id=19 off=280 00000000000000000000000000000000
N3GD_BODY id=19 off=290 00000000000000000000000000000000
N3GD_BODY id=19 off=2a0 00000000000000000000000000000000
N3GD_BODY id=19 off=2b0 00000000000000000000000000000000
N3GD_BODY id=19 off=2c0 00000000000000000000000000000000
N3GD_BODY id=19 off=2d0 00000000000000000000000000000000
N3GD_BODY id=19 off=2e0 00000000000000000000000000000000
N3GD_BODY id=19 off=2f0 00000000000000000000000000000000
N3GD_BODY id=19 off=300 00000000000000000000000000000000
N3GD_BODY id=19 off=310 00000000000000000000000000000000
N3GD_BODY id=19 off=320 00000000000000000000000000000000
N3GD_BODY id=19 off=330 00000000000000000000000000000000
N3GD_BODY id=19 off=340 00000000000000000000000000000000
N3GD_BODY id=19 off=350 00000000000000000000000000000000
N3GD_BODY id=19 off=360 00000000000000000000000000000000
N3GD_BODY id=19 off=370 00000000000000000000000000000000
N3GD_BODY id=19 off=380 00000000000000000000000000000000
N3GD_BODY id=19 off=390 00000000000000000000000000000000
N3GD_BODY id=19 off=3a0 00000000000000000000000000000000
N3GD_BODY id=19 off=3b0 00000000000000000000000000000000
N3GD_BODY id=19 off=3c0 00000000000000000000000000000000
N3GD_BODY id=19 off=3d0 00000000000000000000000000000000
N3GD_BODY id=19 off=3e0 00000000000000000000000000000000
N3GD_BODY id=19 off=3f0 00000000000000000000000000000000
N3GD_BODY id=19 off=400 00000000000000000000000000000000
N3GD_BODY id=19 off=410 00000000000000000000000000000000
N3GD_BODY id=19 off=420 00000000000000000000000000000000
N3GD_BODY id=19 off=430 00000000000000000000000000000000
N3GD_BODY id=19 off=440 00000000000000000000000000000000
N3GD_BODY id=19 off=450 00000000000000000000000000000000
N3GD_BODY id=19 off=460 00000000000000000000000000000000
N3GD_BODY id=19 off=470 00000000000000000000000000000000
N3GD_BODY id=19 off=480 00000000000000000000000000000000
N3GD_BODY id=19 off=490 00000000000000000000000000000000
N3GD_BODY id=19 off=4a0 00000000000000000000000000000000
N3GD_BODY id=19 off=4b0 00000000000000000000000000000000
N3GD_BODY id=19 off=4c0 00000000000000000000000000000000
N3GD_BODY id=19 off=4d0 00000000000000000000000000000000
N3GD_BODY id=19 off=4e0 00000000000000000000000000000000
N3GD_BODY id=19 off=4f0 00000000000000000000000000000000
N3GD_BODY id=19 off=500 00000000000000000000000000000000
N3GD_BODY id=19 off=510 00000000000000000000000000000000
N3GD_BODY id=19 off=520 00000000000000000000000000000000
N3GD_BODY id=19 off=530 00000000000000000000000000000000
N3GD_BODY id=19 off=540 00000000000000000000000000000000
N3GD_BODY id=19 off=550 00000000000000000000000000000000
N3GD_BODY id=19 off=560 00000000000000000000000000000000
N3GD_BODY id=19 off=570 00000000000000000000000000000000
N3GD_BODY id=19 off=580 00000000000000000000000000000000
N3GD_BODY id=19 off=590 00000000000000000000000000000000
N3GD_BODY id=19 off=5a0 00000000000000000000000000000000
N3GD_BODY id=19 off=5b0 00000000000000000000000000000000
N3GD_BODY id=19 off=5c0 00000000000000000000000000000000
N3GD_BODY id=19 off=5d0 00000000000000000000000000000000
N3GD_BODY id=19 off=5e0 00000000000000000000000000000000
N3GD_BODY id=19 off=5f0 00000000000000000000000000000000
N3GD_BODY id=19 off=600 00000000000000000000000000000000
N3GD_BODY id=19 off=610 00000000000000000000000000000000
N3GD_BODY id=19 off=620 00000000000000000000000000000000
N3GD_BODY id=19 off=630 00000000000000000000000000000000
N3GD_BODY id=19 off=640 00000000000000000000000000000000
N3GD_BODY id=19 off=650 00000000000000000000000000000000
N3GD_BODY id=19 off=660 00000000000000000000000000000000
N3GD_BODY id=19 off=670 00000000000000000000000000000000
N3GD_BODY id=19 off=680 00000000000000000000000000000000
N3GD_BODY id=19 off=690 00000000000000000000000000000000
N3GD_BODY id=19 off=6a0 00000000000000000000000000000000
N3GD_BODY id=19 off=6b0 00000000000000000000000000000000
N3GD_BODY id=19 off=6c0 00000000000000000000000000000000
N3GD_BODY id=19 off=6d0 00000000000000000000000000000000
N3GD_BODY id=19 off=6e0 00000000000000000000000000000000
N3GD_BODY id=19 off=6f0 00000000000000000000000000000000
N3GD_BODY id=19 off=700 00000000000000000000000000000000
N3GD_BODY id=19 off=710 00000000000000000000000000000000
N3GD_BODY id=19 off=720 00000000000000000000000000000000
N3GD_BODY id=19 off=730 00000000000000000000000000000000
N3GD_BODY id=19 off=740 00000000000000000000000000000000
N3GD_BODY id=19 off=750 00000000000000000000000000000000
N3GD_BODY id=19 off=760 00000000000000000000000000000000
N3GD_BODY id=19 off=770 00000000000000000000000000000000
N3GD_BODY id=19 off=780 00000000000000000000000000000000
N3GD_BODY id=19 off=790 00000000000000000000000000000000
N3GD_BODY id=19 off=7a0 00000000000000000000000000000000
N3GD_BODY id=19 off=7b0 00000000000000000000000000000000
N3GD_BODY id=19 off=7c0 00000000000000000000000000000000
N3GD_BODY id=19 off=7d0 00000000000000000000000000000000
N3GD_BODY id=19 off=7e0 00000000000000000000000000000000
N3GD_BODY id=19 off=7f0 00000000000000000000000000000000
N3GD_OOB id=19 off=000 000000000000000000000000e5ab0678
N3GD_OOB id=19 off=010 0a52efac2207c7a2053adbc8606282c5
N3GD_OOB id=19 off=020 374bcde4a25178a6eb7e94b8b7fa1e2e
N3GD_OOB id=19 off=030 eddbaafff14d9b9ea7ce563d3b3c79fe
N3GD_END id=19
N3GD_BEGIN id=20 kind=cand j=150 v=044C po=4 sl=4294967295 l0=00014802 host=0000A07E tgt=000140FC bank=0 pb=1525 pp=1 phy=195201 shift=4294967295 t=40 ix=DE55 u=0001480A l=0001480A
N3GD_BODY id=20 off=000 00000000000000000000000000000000
N3GD_BODY id=20 off=010 00000000000000000000000000000000
N3GD_BODY id=20 off=020 00000000000000000000000000000000
N3GD_BODY id=20 off=030 00000000000000000000000000000000
N3GD_BODY id=20 off=040 00000000000000000000000000000000
N3GD_BODY id=20 off=050 00000000000000000000000000000000
N3GD_BODY id=20 off=060 00000000000000000000000000000000
N3GD_BODY id=20 off=070 00000000000000000000000000000000
N3GD_BODY id=20 off=080 00000000000000000000000000000000
N3GD_BODY id=20 off=090 00000000000000000000000000000000
N3GD_BODY id=20 off=0a0 00000000000000000000000000000000
N3GD_BODY id=20 off=0b0 00000000000000000000000000000000
N3GD_BODY id=20 off=0c0 00000000000000000000000000000000
N3GD_BODY id=20 off=0d0 00000000000000000000000000000000
N3GD_BODY id=20 off=0e0 00000000000000000000000000000000
N3GD_BODY id=20 off=0f0 00000000000000000000000000000000
N3GD_BODY id=20 off=100 00000000000000000000000000000000
N3GD_BODY id=20 off=110 00000000000000000000000000000000
N3GD_BODY id=20 off=120 00000000000000000000000000000000
N3GD_BODY id=20 off=130 00000000000000000000000000000000
N3GD_BODY id=20 off=140 00000000000000000000000000000000
N3GD_BODY id=20 off=150 00000000000000000000000000000000
N3GD_BODY id=20 off=160 00000000000000000000000000000000
N3GD_BODY id=20 off=170 00000000000000000000000000000000
N3GD_BODY id=20 off=180 00000000000000000000000000000000
N3GD_BODY id=20 off=190 00000000000000000000000000000000
N3GD_BODY id=20 off=1a0 00000000000000000000000000000000
N3GD_BODY id=20 off=1b0 00000000000000000000000000000000
N3GD_BODY id=20 off=1c0 00000000000000000000000000000000
N3GD_BODY id=20 off=1d0 00000000000000000000000000000000
N3GD_BODY id=20 off=1e0 00000000000000000000000000000000
N3GD_BODY id=20 off=1f0 00000000000000000000000000000000
N3GD_BODY id=20 off=200 00000000000000000000000000000000
N3GD_BODY id=20 off=210 00000000000000000000000000000000
N3GD_BODY id=20 off=220 00000000000000000000000000000000
N3GD_BODY id=20 off=230 00000000000000000000000000000000
N3GD_BODY id=20 off=240 00000000000000000000000000000000
N3GD_BODY id=20 off=250 00000000000000000000000000000000
N3GD_BODY id=20 off=260 00000000000000000000000000000000
N3GD_BODY id=20 off=270 00000000000000000000000000000000
N3GD_BODY id=20 off=280 00000000000000000000000000000000
N3GD_BODY id=20 off=290 00000000000000000000000000000000
N3GD_BODY id=20 off=2a0 00000000000000000000000000000000
N3GD_BODY id=20 off=2b0 00000000000000000000000000000000
N3GD_BODY id=20 off=2c0 00000000000000000000000000000000
N3GD_BODY id=20 off=2d0 00000000000000000000000000000000
N3GD_BODY id=20 off=2e0 00000000000000000000000000000000
N3GD_BODY id=20 off=2f0 00000000000000000000000000000000
N3GD_BODY id=20 off=300 00000000000000000000000000000000
N3GD_BODY id=20 off=310 00000000000000000000000000000000
N3GD_BODY id=20 off=320 00000000000000000000000000000000
N3GD_BODY id=20 off=330 00000000000000000000000000000000
N3GD_BODY id=20 off=340 00000000000000000000000000000000
N3GD_BODY id=20 off=350 00000000000000000000000000000000
N3GD_BODY id=20 off=360 00000000000000000000000000000000
N3GD_BODY id=20 off=370 00000000000000000000000000000000
N3GD_BODY id=20 off=380 00000000000000000000000000000000
N3GD_BODY id=20 off=390 00000000000000000000000000000000
N3GD_BODY id=20 off=3a0 00000000000000000000000000000000
N3GD_BODY id=20 off=3b0 00000000000000000000000000000000
N3GD_BODY id=20 off=3c0 00000000000000000000000000000000
N3GD_BODY id=20 off=3d0 00000000000000000000000000000000
N3GD_BODY id=20 off=3e0 00000000000000000000000000000000
N3GD_BODY id=20 off=3f0 00000000000000000000000000000000
N3GD_BODY id=20 off=400 00000000000000000000000000000000
N3GD_BODY id=20 off=410 00000000000000000000000000000000
N3GD_BODY id=20 off=420 00000000000000000000000000000000
N3GD_BODY id=20 off=430 00000000000000000000000000000000
N3GD_BODY id=20 off=440 00000000000000000000000000000000
N3GD_BODY id=20 off=450 00000000000000000000000000000000
N3GD_BODY id=20 off=460 00000000000000000000000000000000
N3GD_BODY id=20 off=470 00000000000000000000000000000000
N3GD_BODY id=20 off=480 00000000000000000000000000000000
N3GD_BODY id=20 off=490 00000000000000000000000000000000
N3GD_BODY id=20 off=4a0 00000000000000000000000000000000
N3GD_BODY id=20 off=4b0 00000000000000000000000000000000
N3GD_BODY id=20 off=4c0 00000000000000000000000000000000
N3GD_BODY id=20 off=4d0 00000000000000000000000000000000
N3GD_BODY id=20 off=4e0 00000000000000000000000000000000
N3GD_BODY id=20 off=4f0 00000000000000000000000000000000
N3GD_BODY id=20 off=500 00000000000000000000000000000000
N3GD_BODY id=20 off=510 00000000000000000000000000000000
N3GD_BODY id=20 off=520 00000000000000000000000000000000
N3GD_BODY id=20 off=530 00000000000000000000000000000000
N3GD_BODY id=20 off=540 00000000000000000000000000000000
N3GD_BODY id=20 off=550 00000000000000000000000000000000
N3GD_BODY id=20 off=560 00000000000000000000000000000000
N3GD_BODY id=20 off=570 00000000000000000000000000000000
N3GD_BODY id=20 off=580 00000000000000000000000000000000
N3GD_BODY id=20 off=590 00000000000000000000000000000000
N3GD_BODY id=20 off=5a0 00000000000000000000000000000000
N3GD_BODY id=20 off=5b0 00000000000000000000000000000000
N3GD_BODY id=20 off=5c0 00000000000000000000000000000000
N3GD_BODY id=20 off=5d0 00000000000000000000000000000000
N3GD_BODY id=20 off=5e0 00000000000000000000000000000000
N3GD_BODY id=20 off=5f0 00000000000000000000000000000000
N3GD_BODY id=20 off=600 00000000000000000000000000000000
N3GD_BODY id=20 off=610 00000000000000000000000000000000
N3GD_BODY id=20 off=620 00000000000000000000000000000000
N3GD_BODY id=20 off=630 00000000000000000000000000000000
N3GD_BODY id=20 off=640 00000000000000000000000000000000
N3GD_BODY id=20 off=650 00000000000000000000000000000000
N3GD_BODY id=20 off=660 00000000000000000000000000000000
N3GD_BODY id=20 off=670 00000000000000000000000000000000
N3GD_BODY id=20 off=680 00000000000000000000000000000000
N3GD_BODY id=20 off=690 00000000000000000000000000000000
N3GD_BODY id=20 off=6a0 00000000000000000000000000000000
N3GD_BODY id=20 off=6b0 00000000000000000000000000000000
N3GD_BODY id=20 off=6c0 00000000000000000000000000000000
N3GD_BODY id=20 off=6d0 00000000000000000000000000000000
N3GD_BODY id=20 off=6e0 00000000000000000000000000000000
N3GD_BODY id=20 off=6f0 00000000000000000000000000000000
N3GD_BODY id=20 off=700 00000000000000000000000000000000
N3GD_BODY id=20 off=710 00000000000000000000000000000000
N3GD_BODY id=20 off=720 00000000000000000000000000000000
N3GD_BODY id=20 off=730 00000000000000000000000000000000
N3GD_BODY id=20 off=740 00000000000000000000000000000000
N3GD_BODY id=20 off=750 00000000000000000000000000000000
N3GD_BODY id=20 off=760 00000000000000000000000000000000
N3GD_BODY id=20 off=770 00000000000000000000000000000000
N3GD_BODY id=20 off=780 00000000000000000000000000000000
N3GD_BODY id=20 off=790 00000000000000000000000000000000
N3GD_BODY id=20 off=7a0 00000000000000000000000000000000
N3GD_BODY id=20 off=7b0 00000000000000000000000000000000
N3GD_BODY id=20 off=7c0 00000000000000000000000000000000
N3GD_BODY id=20 off=7d0 00000000000000000000000000000000
N3GD_BODY id=20 off=7e0 00000000000000000000000000000000
N3GD_BODY id=20 off=7f0 00000000000000000000000000000000
N3GD_OOB id=20 off=000 0a48010055de0000ff40ffffe5ab0678
N3GD_OOB id=20 off=010 0a52efac2207c7a2053adbc8606282c5
N3GD_OOB id=20 off=020 374bcde4a25178a6eb7e94b8b7fa1e2e
N3GD_OOB id=20 off=030 eddbaafff14d9b9ea7ce563d3b3c79fe
N3GD_END id=20
N3GD_BEGIN id=21 kind=cand j=150 v=044C po=63 sl=4294967295 l0=00014802 host=0000A07E tgt=000140FC bank=3 pb=1525 pp=15 phy=195215 shift=4294967295 t=00 ix=0000 u=00000000 l=00000000
N3GD_BODY id=21 off=000 00000000000000000000000000000000
N3GD_BODY id=21 off=010 00000000000000000000000000000000
N3GD_BODY id=21 off=020 00000000000000000000000000000000
N3GD_BODY id=21 off=030 00000000000000000000000000000000
N3GD_BODY id=21 off=040 00000000000000000000000000000000
N3GD_BODY id=21 off=050 00000000000000000000000000000000
N3GD_BODY id=21 off=060 00000000000000000000000000000000
N3GD_BODY id=21 off=070 00000000000000000000000000000000
N3GD_BODY id=21 off=080 00000000000000000000000000000000
N3GD_BODY id=21 off=090 00000000000000000000000000000000
N3GD_BODY id=21 off=0a0 00000000000000000000000000000000
N3GD_BODY id=21 off=0b0 00000000000000000000000000000000
N3GD_BODY id=21 off=0c0 00000000000000000000000000000000
N3GD_BODY id=21 off=0d0 00000000000000000000000000000000
N3GD_BODY id=21 off=0e0 00000000000000000000000000000000
N3GD_BODY id=21 off=0f0 00000000000000000000000000000000
N3GD_BODY id=21 off=100 00000000000000000000000000000000
N3GD_BODY id=21 off=110 00000000000000000000000000000000
N3GD_BODY id=21 off=120 00000000000000000000000000000000
N3GD_BODY id=21 off=130 00000000000000000000000000000000
N3GD_BODY id=21 off=140 00000000000000000000000000000000
N3GD_BODY id=21 off=150 00000000000000000000000000000000
N3GD_BODY id=21 off=160 00000000000000000000000000000000
N3GD_BODY id=21 off=170 00000000000000000000000000000000
N3GD_BODY id=21 off=180 00000000000000000000000000000000
N3GD_BODY id=21 off=190 00000000000000000000000000000000
N3GD_BODY id=21 off=1a0 00000000000000000000000000000000
N3GD_BODY id=21 off=1b0 00000000000000000000000000000000
N3GD_BODY id=21 off=1c0 00000000000000000000000000000000
N3GD_BODY id=21 off=1d0 00000000000000000000000000000000
N3GD_BODY id=21 off=1e0 00000000000000000000000000000000
N3GD_BODY id=21 off=1f0 00000000000000000000000000000000
N3GD_BODY id=21 off=200 00000000000000000000000000000000
N3GD_BODY id=21 off=210 00000000000000000000000000000000
N3GD_BODY id=21 off=220 00000000000000000000000000000000
N3GD_BODY id=21 off=230 00000000000000000000000000000000
N3GD_BODY id=21 off=240 00000000000000000000000000000000
N3GD_BODY id=21 off=250 00000000000000000000000000000000
N3GD_BODY id=21 off=260 00000000000000000000000000000000
N3GD_BODY id=21 off=270 00000000000000000000000000000000
N3GD_BODY id=21 off=280 00000000000000000000000000000000
N3GD_BODY id=21 off=290 00000000000000000000000000000000
N3GD_BODY id=21 off=2a0 00000000000000000000000000000000
N3GD_BODY id=21 off=2b0 00000000000000000000000000000000
N3GD_BODY id=21 off=2c0 00000000000000000000000000000000
N3GD_BODY id=21 off=2d0 00000000000000000000000000000000
N3GD_BODY id=21 off=2e0 00000000000000000000000000000000
N3GD_BODY id=21 off=2f0 00000000000000000000000000000000
N3GD_BODY id=21 off=300 00000000000000000000000000000000
N3GD_BODY id=21 off=310 00000000000000000000000000000000
N3GD_BODY id=21 off=320 00000000000000000000000000000000
N3GD_BODY id=21 off=330 00000000000000000000000000000000
N3GD_BODY id=21 off=340 00000000000000000000000000000000
N3GD_BODY id=21 off=350 00000000000000000000000000000000
N3GD_BODY id=21 off=360 00000000000000000000000000000000
N3GD_BODY id=21 off=370 00000000000000000000000000000000
N3GD_BODY id=21 off=380 00000000000000000000000000000000
N3GD_BODY id=21 off=390 00000000000000000000000000000000
N3GD_BODY id=21 off=3a0 00000000000000000000000000000000
N3GD_BODY id=21 off=3b0 00000000000000000000000000000000
N3GD_BODY id=21 off=3c0 00000000000000000000000000000000
N3GD_BODY id=21 off=3d0 00000000000000000000000000000000
N3GD_BODY id=21 off=3e0 00000000000000000000000000000000
N3GD_BODY id=21 off=3f0 00000000000000000000000000000000
N3GD_BODY id=21 off=400 00000000000000000000000000000000
N3GD_BODY id=21 off=410 00000000000000000000000000000000
N3GD_BODY id=21 off=420 00000000000000000000000000000000
N3GD_BODY id=21 off=430 00000000000000000000000000000000
N3GD_BODY id=21 off=440 00000000000000000000000000000000
N3GD_BODY id=21 off=450 00000000000000000000000000000000
N3GD_BODY id=21 off=460 00000000000000000000000000000000
N3GD_BODY id=21 off=470 00000000000000000000000000000000
N3GD_BODY id=21 off=480 00000000000000000000000000000000
N3GD_BODY id=21 off=490 00000000000000000000000000000000
N3GD_BODY id=21 off=4a0 00000000000000000000000000000000
N3GD_BODY id=21 off=4b0 00000000000000000000000000000000
N3GD_BODY id=21 off=4c0 00000000000000000000000000000000
N3GD_BODY id=21 off=4d0 00000000000000000000000000000000
N3GD_BODY id=21 off=4e0 00000000000000000000000000000000
N3GD_BODY id=21 off=4f0 00000000000000000000000000000000
N3GD_BODY id=21 off=500 00000000000000000000000000000000
N3GD_BODY id=21 off=510 00000000000000000000000000000000
N3GD_BODY id=21 off=520 00000000000000000000000000000000
N3GD_BODY id=21 off=530 00000000000000000000000000000000
N3GD_BODY id=21 off=540 00000000000000000000000000000000
N3GD_BODY id=21 off=550 00000000000000000000000000000000
N3GD_BODY id=21 off=560 00000000000000000000000000000000
N3GD_BODY id=21 off=570 00000000000000000000000000000000
N3GD_BODY id=21 off=580 00000000000000000000000000000000
N3GD_BODY id=21 off=590 00000000000000000000000000000000
N3GD_BODY id=21 off=5a0 00000000000000000000000000000000
N3GD_BODY id=21 off=5b0 00000000000000000000000000000000
N3GD_BODY id=21 off=5c0 00000000000000000000000000000000
N3GD_BODY id=21 off=5d0 00000000000000000000000000000000
N3GD_BODY id=21 off=5e0 00000000000000000000000000000000
N3GD_BODY id=21 off=5f0 00000000000000000000000000000000
N3GD_BODY id=21 off=600 00000000000000000000000000000000
N3GD_BODY id=21 off=610 00000000000000000000000000000000
N3GD_BODY id=21 off=620 00000000000000000000000000000000
N3GD_BODY id=21 off=630 00000000000000000000000000000000
N3GD_BODY id=21 off=640 00000000000000000000000000000000
N3GD_BODY id=21 off=650 00000000000000000000000000000000
N3GD_BODY id=21 off=660 00000000000000000000000000000000
N3GD_BODY id=21 off=670 00000000000000000000000000000000
N3GD_BODY id=21 off=680 00000000000000000000000000000000
N3GD_BODY id=21 off=690 00000000000000000000000000000000
N3GD_BODY id=21 off=6a0 00000000000000000000000000000000
N3GD_BODY id=21 off=6b0 00000000000000000000000000000000
N3GD_BODY id=21 off=6c0 00000000000000000000000000000000
N3GD_BODY id=21 off=6d0 00000000000000000000000000000000
N3GD_BODY id=21 off=6e0 00000000000000000000000000000000
N3GD_BODY id=21 off=6f0 00000000000000000000000000000000
N3GD_BODY id=21 off=700 00000000000000000000000000000000
N3GD_BODY id=21 off=710 00000000000000000000000000000000
N3GD_BODY id=21 off=720 00000000000000000000000000000000
N3GD_BODY id=21 off=730 00000000000000000000000000000000
N3GD_BODY id=21 off=740 00000000000000000000000000000000
N3GD_BODY id=21 off=750 00000000000000000000000000000000
N3GD_BODY id=21 off=760 00000000000000000000000000000000
N3GD_BODY id=21 off=770 00000000000000000000000000000000
N3GD_BODY id=21 off=780 00000000000000000000000000000000
N3GD_BODY id=21 off=790 00000000000000000000000000000000
N3GD_BODY id=21 off=7a0 00000000000000000000000000000000
N3GD_BODY id=21 off=7b0 00000000000000000000000000000000
N3GD_BODY id=21 off=7c0 00000000000000000000000000000000
N3GD_BODY id=21 off=7d0 00000000000000000000000000000000
N3GD_BODY id=21 off=7e0 00000000000000000000000000000000
N3GD_BODY id=21 off=7f0 00000000000000000000000000000000
N3GD_OOB id=21 off=000 000000000000000000000000e5ab0678
N3GD_OOB id=21 off=010 0a52efac2207c7a2053adbc8606282c5
N3GD_OOB id=21 off=020 374bcde4a25178a6eb7e94b8b7fa1e2e
N3GD_OOB id=21 off=030 eddbaafff14d9b9ea7ce563d3b3c79fe
N3GD_END id=21
N3GD_BEGIN id=22 kind=cand j=150 v=044C po=64 sl=4294967295 l0=00014802 host=0000A07E tgt=000140FC bank=0 pb=1525 pp=16 phy=195216 shift=4294967295 t=FF ix=FFFF u=FFFFFFFF l=FFFFFFFF
N3GD_BODY id=22 off=000 ffffffffffffffffffffffffffffffff
N3GD_BODY id=22 off=010 ffffffffffffffffffffffffffffffff
N3GD_BODY id=22 off=020 ffffffffffffffffffffffffffffffff
N3GD_BODY id=22 off=030 ffffffffffffffffffffffffffffffff
N3GD_BODY id=22 off=040 ffffffffffffffffffffffffffffffff
N3GD_BODY id=22 off=050 ffffffffffffffffffffffffffffffff
N3GD_BODY id=22 off=060 ffffffffffffffffffffffffffffffff
N3GD_BODY id=22 off=070 ffffffffffffffffffffffffffffffff
N3GD_BODY id=22 off=080 ffffffffffffffffffffffffffffffff
N3GD_BODY id=22 off=090 ffffffffffffffffffffffffffffffff
N3GD_BODY id=22 off=0a0 ffffffffffffffffffffffffffffffff
N3GD_BODY id=22 off=0b0 ffffffffffffffffffffffffffffffff
N3GD_BODY id=22 off=0c0 ffffffffffffffffffffffffffffffff
N3GD_BODY id=22 off=0d0 ffffffffffffffffffffffffffffffff
N3GD_BODY id=22 off=0e0 ffffffffffffffffffffffffffffffff
N3GD_BODY id=22 off=0f0 ffffffffffffffffffffffffffffffff
N3GD_BODY id=22 off=100 ffffffffffffffffffffffffffffffff
N3GD_BODY id=22 off=110 ffffffffffffffffffffffffffffffff
N3GD_BODY id=22 off=120 ffffffffffffffffffffffffffffffff
N3GD_BODY id=22 off=130 ffffffffffffffffffffffffffffffff
N3GD_BODY id=22 off=140 ffffffffffffffffffffffffffffffff
N3GD_BODY id=22 off=150 ffffffffffffffffffffffffffffffff
N3GD_BODY id=22 off=160 ffffffffffffffffffffffffffffffff
N3GD_BODY id=22 off=170 ffffffffffffffffffffffffffffffff
N3GD_BODY id=22 off=180 ffffffffffffffffffffffffffffffff
N3GD_BODY id=22 off=190 ffffffffffffffffffffffffffffffff
N3GD_BODY id=22 off=1a0 ffffffffffffffffffffffffffffffff
N3GD_BODY id=22 off=1b0 ffffffffffffffffffffffffffffffff
N3GD_BODY id=22 off=1c0 ffffffffffffffffffffffffffffffff
N3GD_BODY id=22 off=1d0 ffffffffffffffffffffffffffffffff
N3GD_BODY id=22 off=1e0 ffffffffffffffffffffffffffffffff
N3GD_BODY id=22 off=1f0 ffffffffffffffffffffffffffffffff
N3GD_BODY id=22 off=200 ffffffffffffffffffffffffffffffff
N3GD_BODY id=22 off=210 ffffffffffffffffffffffffffffffff
N3GD_BODY id=22 off=220 ffffffffffffffffffffffffffffffff
N3GD_BODY id=22 off=230 ffffffffffffffffffffffffffffffff
N3GD_BODY id=22 off=240 ffffffffffffffffffffffffffffffff
N3GD_BODY id=22 off=250 ffffffffffffffffffffffffffffffff
N3GD_BODY id=22 off=260 ffffffffffffffffffffffffffffffff
N3GD_BODY id=22 off=270 ffffffffffffffffffffffffffffffff
N3GD_BODY id=22 off=280 ffffffffffffffffffffffffffffffff
N3GD_BODY id=22 off=290 ffffffffffffffffffffffffffffffff
N3GD_BODY id=22 off=2a0 ffffffffffffffffffffffffffffffff
N3GD_BODY id=22 off=2b0 ffffffffffffffffffffffffffffffff
N3GD_BODY id=22 off=2c0 ffffffffffffffffffffffffffffffff
N3GD_BODY id=22 off=2d0 ffffffffffffffffffffffffffffffff
N3GD_BODY id=22 off=2e0 ffffffffffffffffffffffffffffffff
N3GD_BODY id=22 off=2f0 ffffffffffffffffffffffffffffffff
N3GD_BODY id=22 off=300 ffffffffffffffffffffffffffffffff
N3GD_BODY id=22 off=310 ffffffffffffffffffffffffffffffff
N3GD_BODY id=22 off=320 ffffffffffffffffffffffffffffffff
N3GD_BODY id=22 off=330 ffffffffffffffffffffffffffffffff
N3GD_BODY id=22 off=340 ffffffffffffffffffffffffffffffff
N3GD_BODY id=22 off=350 ffffffffffffffffffffffffffffffff
N3GD_BODY id=22 off=360 ffffffffffffffffffffffffffffffff
N3GD_BODY id=22 off=370 ffffffffffffffffffffffffffffffff
N3GD_BODY id=22 off=380 ffffffffffffffffffffffffffffffff
N3GD_BODY id=22 off=390 ffffffffffffffffffffffffffffffff
N3GD_BODY id=22 off=3a0 ffffffffffffffffffffffffffffffff
N3GD_BODY id=22 off=3b0 ffffffffffffffffffffffffffffffff
N3GD_BODY id=22 off=3c0 ffffffffffffffffffffffffffffffff
N3GD_BODY id=22 off=3d0 ffffffffffffffffffffffffffffffff
N3GD_BODY id=22 off=3e0 ffffffffffffffffffffffffffffffff
N3GD_BODY id=22 off=3f0 ffffffffffffffffffffffffffffffff
N3GD_BODY id=22 off=400 ffffffffffffffffffffffffffffffff
N3GD_BODY id=22 off=410 ffffffffffffffffffffffffffffffff
N3GD_BODY id=22 off=420 ffffffffffffffffffffffffffffffff
N3GD_BODY id=22 off=430 ffffffffffffffffffffffffffffffff
N3GD_BODY id=22 off=440 ffffffffffffffffffffffffffffffff
N3GD_BODY id=22 off=450 ffffffffffffffffffffffffffffffff
N3GD_BODY id=22 off=460 ffffffffffffffffffffffffffffffff
N3GD_BODY id=22 off=470 ffffffffffffffffffffffffffffffff
N3GD_BODY id=22 off=480 ffffffffffffffffffffffffffffffff
N3GD_BODY id=22 off=490 ffffffffffffffffffffffffffffffff
N3GD_BODY id=22 off=4a0 ffffffffffffffffffffffffffffffff
N3GD_BODY id=22 off=4b0 ffffffffffffffffffffffffffffffff
N3GD_BODY id=22 off=4c0 ffffffffffffffffffffffffffffffff
N3GD_BODY id=22 off=4d0 ffffffffffffffffffffffffffffffff
N3GD_BODY id=22 off=4e0 ffffffffffffffffffffffffffffffff
N3GD_BODY id=22 off=4f0 ffffffffffffffffffffffffffffffff
N3GD_BODY id=22 off=500 ffffffffffffffffffffffffffffffff
N3GD_BODY id=22 off=510 ffffffffffffffffffffffffffffffff
N3GD_BODY id=22 off=520 ffffffffffffffffffffffffffffffff
N3GD_BODY id=22 off=530 ffffffffffffffffffffffffffffffff
N3GD_BODY id=22 off=540 ffffffffffffffffffffffffffffffff
N3GD_BODY id=22 off=550 ffffffffffffffffffffffffffffffff
N3GD_BODY id=22 off=560 ffffffffffffffffffffffffffffffff
N3GD_BODY id=22 off=570 ffffffffffffffffffffffffffffffff
N3GD_BODY id=22 off=580 ffffffffffffffffffffffffffffffff
N3GD_BODY id=22 off=590 ffffffffffffffffffffffffffffffff
N3GD_BODY id=22 off=5a0 ffffffffffffffffffffffffffffffff
N3GD_BODY id=22 off=5b0 ffffffffffffffffffffffffffffffff
N3GD_BODY id=22 off=5c0 ffffffffffffffffffffffffffffffff
N3GD_BODY id=22 off=5d0 ffffffffffffffffffffffffffffffff
N3GD_BODY id=22 off=5e0 ffffffffffffffffffffffffffffffff
N3GD_BODY id=22 off=5f0 ffffffffffffffffffffffffffffffff
N3GD_BODY id=22 off=600 ffffffffffffffffffffffffffffffff
N3GD_BODY id=22 off=610 ffffffffffffffffffffffffffffffff
N3GD_BODY id=22 off=620 ffffffffffffffffffffffffffffffff
N3GD_BODY id=22 off=630 ffffffffffffffffffffffffffffffff
N3GD_BODY id=22 off=640 ffffffffffffffffffffffffffffffff
N3GD_BODY id=22 off=650 ffffffffffffffffffffffffffffffff
N3GD_BODY id=22 off=660 ffffffffffffffffffffffffffffffff
N3GD_BODY id=22 off=670 ffffffffffffffffffffffffffffffff
N3GD_BODY id=22 off=680 ffffffffffffffffffffffffffffffff
N3GD_BODY id=22 off=690 ffffffffffffffffffffffffffffffff
N3GD_BODY id=22 off=6a0 ffffffffffffffffffffffffffffffff
N3GD_BODY id=22 off=6b0 ffffffffffffffffffffffffffffffff
N3GD_BODY id=22 off=6c0 ffffffffffffffffffffffffffffffff
N3GD_BODY id=22 off=6d0 ffffffffffffffffffffffffffffffff
N3GD_BODY id=22 off=6e0 ffffffffffffffffffffffffffffffff
N3GD_BODY id=22 off=6f0 ffffffffffffffffffffffffffffffff
N3GD_BODY id=22 off=700 ffffffffffffffffffffffffffffffff
N3GD_BODY id=22 off=710 ffffffffffffffffffffffffffffffff
N3GD_BODY id=22 off=720 ffffffffffffffffffffffffffffffff
N3GD_BODY id=22 off=730 ffffffffffffffffffffffffffffffff
N3GD_BODY id=22 off=740 ffffffffffffffffffffffffffffffff
N3GD_BODY id=22 off=750 ffffffffffffffffffffffffffffffff
N3GD_BODY id=22 off=760 ffffffffffffffffffffffffffffffff
N3GD_BODY id=22 off=770 ffffffffffffffffffffffffffffffff
N3GD_BODY id=22 off=780 ffffffffffffffffffffffffffffffff
N3GD_BODY id=22 off=790 ffffffffffffffffffffffffffffffff
N3GD_BODY id=22 off=7a0 ffffffffffffffffffffffffffffffff
N3GD_BODY id=22 off=7b0 ffffffffffffffffffffffffffffffff
N3GD_BODY id=22 off=7c0 ffffffffffffffffffffffffffffffff
N3GD_BODY id=22 off=7d0 ffffffffffffffffffffffffffffffff
N3GD_BODY id=22 off=7e0 ffffffffffffffffffffffffffffffff
N3GD_BODY id=22 off=7f0 ffffffffffffffffffffffffffffffff
N3GD_OOB id=22 off=000 ffffffffffffffffffffffffe5ab0678
N3GD_OOB id=22 off=010 0a52efac2207c7a2053adbc8606282c5
N3GD_OOB id=22 off=020 374bcde4a25178a6eb7e94b8b7fa1e2e
N3GD_OOB id=22 off=030 eddbaafff14d9b9ea7ce563d3b3c79fe
N3GD_END id=22
N3GD_BEGIN id=23 kind=cand j=150 v=044C po=65 sl=4294967295 l0=00014802 host=0000A07E tgt=000140FC bank=1 pb=1525 pp=16 phy=195216 shift=4294967295 t=00 ix=0000 u=00000000 l=00000000
N3GD_BODY id=23 off=000 00000000000000000000000000000000
N3GD_BODY id=23 off=010 00000000000000000000000000000000
N3GD_BODY id=23 off=020 00000000000000000000000000000000
N3GD_BODY id=23 off=030 00000000000000000000000000000000
N3GD_BODY id=23 off=040 00000000000000000000000000000000
N3GD_BODY id=23 off=050 00000000000000000000000000000000
N3GD_BODY id=23 off=060 00000000000000000000000000000000
N3GD_BODY id=23 off=070 00000000000000000000000000000000
N3GD_BODY id=23 off=080 00000000000000000000000000000000
N3GD_BODY id=23 off=090 00000000000000000000000000000000
N3GD_BODY id=23 off=0a0 00000000000000000000000000000000
N3GD_BODY id=23 off=0b0 00000000000000000000000000000000
N3GD_BODY id=23 off=0c0 00000000000000000000000000000000
N3GD_BODY id=23 off=0d0 00000000000000000000000000000000
N3GD_BODY id=23 off=0e0 00000000000000000000000000000000
N3GD_BODY id=23 off=0f0 00000000000000000000000000000000
N3GD_BODY id=23 off=100 00000000000000000000000000000000
N3GD_BODY id=23 off=110 00000000000000000000000000000000
N3GD_BODY id=23 off=120 00000000000000000000000000000000
N3GD_BODY id=23 off=130 00000000000000000000000000000000
N3GD_BODY id=23 off=140 00000000000000000000000000000000
N3GD_BODY id=23 off=150 00000000000000000000000000000000
N3GD_BODY id=23 off=160 00000000000000000000000000000000
N3GD_BODY id=23 off=170 00000000000000000000000000000000
N3GD_BODY id=23 off=180 00000000000000000000000000000000
N3GD_BODY id=23 off=190 00000000000000000000000000000000
N3GD_BODY id=23 off=1a0 00000000000000000000000000000000
N3GD_BODY id=23 off=1b0 00000000000000000000000000000000
N3GD_BODY id=23 off=1c0 00000000000000000000000000000000
N3GD_BODY id=23 off=1d0 00000000000000000000000000000000
N3GD_BODY id=23 off=1e0 00000000000000000000000000000000
N3GD_BODY id=23 off=1f0 00000000000000000000000000000000
N3GD_BODY id=23 off=200 00000000000000000000000000000000
N3GD_BODY id=23 off=210 00000000000000000000000000000000
N3GD_BODY id=23 off=220 00000000000000000000000000000000
N3GD_BODY id=23 off=230 00000000000000000000000000000000
N3GD_BODY id=23 off=240 00000000000000000000000000000000
N3GD_BODY id=23 off=250 00000000000000000000000000000000
N3GD_BODY id=23 off=260 00000000000000000000000000000000
N3GD_BODY id=23 off=270 00000000000000000000000000000000
N3GD_BODY id=23 off=280 00000000000000000000000000000000
N3GD_BODY id=23 off=290 00000000000000000000000000000000
N3GD_BODY id=23 off=2a0 00000000000000000000000000000000
N3GD_BODY id=23 off=2b0 00000000000000000000000000000000
N3GD_BODY id=23 off=2c0 00000000000000000000000000000000
N3GD_BODY id=23 off=2d0 00000000000000000000000000000000
N3GD_BODY id=23 off=2e0 00000000000000000000000000000000
N3GD_BODY id=23 off=2f0 00000000000000000000000000000000
N3GD_BODY id=23 off=300 00000000000000000000000000000000
N3GD_BODY id=23 off=310 00000000000000000000000000000000
N3GD_BODY id=23 off=320 00000000000000000000000000000000
N3GD_BODY id=23 off=330 00000000000000000000000000000000
N3GD_BODY id=23 off=340 00000000000000000000000000000000
N3GD_BODY id=23 off=350 00000000000000000000000000000000
N3GD_BODY id=23 off=360 00000000000000000000000000000000
N3GD_BODY id=23 off=370 00000000000000000000000000000000
N3GD_BODY id=23 off=380 00000000000000000000000000000000
N3GD_BODY id=23 off=390 00000000000000000000000000000000
N3GD_BODY id=23 off=3a0 00000000000000000000000000000000
N3GD_BODY id=23 off=3b0 00000000000000000000000000000000
N3GD_BODY id=23 off=3c0 00000000000000000000000000000000
N3GD_BODY id=23 off=3d0 00000000000000000000000000000000
N3GD_BODY id=23 off=3e0 00000000000000000000000000000000
N3GD_BODY id=23 off=3f0 00000000000000000000000000000000
N3GD_BODY id=23 off=400 00000000000000000000000000000000
N3GD_BODY id=23 off=410 00000000000000000000000000000000
N3GD_BODY id=23 off=420 00000000000000000000000000000000
N3GD_BODY id=23 off=430 00000000000000000000000000000000
N3GD_BODY id=23 off=440 00000000000000000000000000000000
N3GD_BODY id=23 off=450 00000000000000000000000000000000
N3GD_BODY id=23 off=460 00000000000000000000000000000000
N3GD_BODY id=23 off=470 00000000000000000000000000000000
N3GD_BODY id=23 off=480 00000000000000000000000000000000
N3GD_BODY id=23 off=490 00000000000000000000000000000000
N3GD_BODY id=23 off=4a0 00000000000000000000000000000000
N3GD_BODY id=23 off=4b0 00000000000000000000000000000000
N3GD_BODY id=23 off=4c0 00000000000000000000000000000000
N3GD_BODY id=23 off=4d0 00000000000000000000000000000000
N3GD_BODY id=23 off=4e0 00000000000000000000000000000000
N3GD_BODY id=23 off=4f0 00000000000000000000000000000000
N3GD_BODY id=23 off=500 00000000000000000000000000000000
N3GD_BODY id=23 off=510 00000000000000000000000000000000
N3GD_BODY id=23 off=520 00000000000000000000000000000000
N3GD_BODY id=23 off=530 00000000000000000000000000000000
N3GD_BODY id=23 off=540 00000000000000000000000000000000
N3GD_BODY id=23 off=550 00000000000000000000000000000000
N3GD_BODY id=23 off=560 00000000000000000000000000000000
N3GD_BODY id=23 off=570 00000000000000000000000000000000
N3GD_BODY id=23 off=580 00000000000000000000000000000000
N3GD_BODY id=23 off=590 00000000000000000000000000000000
N3GD_BODY id=23 off=5a0 00000000000000000000000000000000
N3GD_BODY id=23 off=5b0 00000000000000000000000000000000
N3GD_BODY id=23 off=5c0 00000000000000000000000000000000
N3GD_BODY id=23 off=5d0 00000000000000000000000000000000
N3GD_BODY id=23 off=5e0 00000000000000000000000000000000
N3GD_BODY id=23 off=5f0 00000000000000000000000000000000
N3GD_BODY id=23 off=600 00000000000000000000000000000000
N3GD_BODY id=23 off=610 00000000000000000000000000000000
N3GD_BODY id=23 off=620 00000000000000000000000000000000
N3GD_BODY id=23 off=630 00000000000000000000000000000000
N3GD_BODY id=23 off=640 00000000000000000000000000000000
N3GD_BODY id=23 off=650 00000000000000000000000000000000
N3GD_BODY id=23 off=660 00000000000000000000000000000000
N3GD_BODY id=23 off=670 00000000000000000000000000000000
N3GD_BODY id=23 off=680 00000000000000000000000000000000
N3GD_BODY id=23 off=690 00000000000000000000000000000000
N3GD_BODY id=23 off=6a0 00000000000000000000000000000000
N3GD_BODY id=23 off=6b0 00000000000000000000000000000000
N3GD_BODY id=23 off=6c0 00000000000000000000000000000000
N3GD_BODY id=23 off=6d0 00000000000000000000000000000000
N3GD_BODY id=23 off=6e0 00000000000000000000000000000000
N3GD_BODY id=23 off=6f0 00000000000000000000000000000000
N3GD_BODY id=23 off=700 00000000000000000000000000000000
N3GD_BODY id=23 off=710 00000000000000000000000000000000
N3GD_BODY id=23 off=720 00000000000000000000000000000000
N3GD_BODY id=23 off=730 00000000000000000000000000000000
N3GD_BODY id=23 off=740 00000000000000000000000000000000
N3GD_BODY id=23 off=750 00000000000000000000000000000000
N3GD_BODY id=23 off=760 00000000000000000000000000000000
N3GD_BODY id=23 off=770 00000000000000000000000000000000
N3GD_BODY id=23 off=780 00000000000000000000000000000000
N3GD_BODY id=23 off=790 00000000000000000000000000000000
N3GD_BODY id=23 off=7a0 00000000000000000000000000000000
N3GD_BODY id=23 off=7b0 00000000000000000000000000000000
N3GD_BODY id=23 off=7c0 00000000000000000000000000000000
N3GD_BODY id=23 off=7d0 00000000000000000000000000000000
N3GD_BODY id=23 off=7e0 00000000000000000000000000000000
N3GD_BODY id=23 off=7f0 00000000000000000000000000000000
N3GD_OOB id=23 off=000 000000000000000000000000e5ab0678
N3GD_OOB id=23 off=010 0a52efac2207c7a2053adbc8606282c5
N3GD_OOB id=23 off=020 374bcde4a25178a6eb7e94b8b7fa1e2e
N3GD_OOB id=23 off=030 eddbaafff14d9b9ea7ce563d3b3c79fe
N3GD_END id=23
N3GD_BEGIN id=24 kind=cand j=150 v=044C po=126 sl=4294967295 l0=00014802 host=0000A07E tgt=000140FC bank=2 pb=1525 pp=31 phy=195231 shift=4294967295 t=00 ix=0000 u=00000000 l=00000000
N3GD_BODY id=24 off=000 00000000000000000000000000000000
N3GD_BODY id=24 off=010 00000000000000000000000000000000
N3GD_BODY id=24 off=020 00000000000000000000000000000000
N3GD_BODY id=24 off=030 00000000000000000000000000000000
N3GD_BODY id=24 off=040 00000000000000000000000000000000
N3GD_BODY id=24 off=050 00000000000000000000000000000000
N3GD_BODY id=24 off=060 00000000000000000000000000000000
N3GD_BODY id=24 off=070 00000000000000000000000000000000
N3GD_BODY id=24 off=080 00000000000000000000000000000000
N3GD_BODY id=24 off=090 00000000000000000000000000000000
N3GD_BODY id=24 off=0a0 00000000000000000000000000000000
N3GD_BODY id=24 off=0b0 00000000000000000000000000000000
N3GD_BODY id=24 off=0c0 00000000000000000000000000000000
N3GD_BODY id=24 off=0d0 00000000000000000000000000000000
N3GD_BODY id=24 off=0e0 00000000000000000000000000000000
N3GD_BODY id=24 off=0f0 00000000000000000000000000000000
N3GD_BODY id=24 off=100 00000000000000000000000000000000
N3GD_BODY id=24 off=110 00000000000000000000000000000000
N3GD_BODY id=24 off=120 00000000000000000000000000000000
N3GD_BODY id=24 off=130 00000000000000000000000000000000
N3GD_BODY id=24 off=140 00000000000000000000000000000000
N3GD_BODY id=24 off=150 00000000000000000000000000000000
N3GD_BODY id=24 off=160 00000000000000000000000000000000
N3GD_BODY id=24 off=170 00000000000000000000000000000000
N3GD_BODY id=24 off=180 00000000000000000000000000000000
N3GD_BODY id=24 off=190 00000000000000000000000000000000
N3GD_BODY id=24 off=1a0 00000000000000000000000000000000
N3GD_BODY id=24 off=1b0 00000000000000000000000000000000
N3GD_BODY id=24 off=1c0 00000000000000000000000000000000
N3GD_BODY id=24 off=1d0 00000000000000000000000000000000
N3GD_BODY id=24 off=1e0 00000000000000000000000000000000
N3GD_BODY id=24 off=1f0 00000000000000000000000000000000
N3GD_BODY id=24 off=200 00000000000000000000000000000000
N3GD_BODY id=24 off=210 00000000000000000000000000000000
N3GD_BODY id=24 off=220 00000000000000000000000000000000
N3GD_BODY id=24 off=230 00000000000000000000000000000000
N3GD_BODY id=24 off=240 00000000000000000000000000000000
N3GD_BODY id=24 off=250 00000000000000000000000000000000
N3GD_BODY id=24 off=260 00000000000000000000000000000000
N3GD_BODY id=24 off=270 00000000000000000000000000000000
N3GD_BODY id=24 off=280 00000000000000000000000000000000
N3GD_BODY id=24 off=290 00000000000000000000000000000000
N3GD_BODY id=24 off=2a0 00000000000000000000000000000000
N3GD_BODY id=24 off=2b0 00000000000000000000000000000000
N3GD_BODY id=24 off=2c0 00000000000000000000000000000000
N3GD_BODY id=24 off=2d0 00000000000000000000000000000000
N3GD_BODY id=24 off=2e0 00000000000000000000000000000000
N3GD_BODY id=24 off=2f0 00000000000000000000000000000000
N3GD_BODY id=24 off=300 00000000000000000000000000000000
N3GD_BODY id=24 off=310 00000000000000000000000000000000
N3GD_BODY id=24 off=320 00000000000000000000000000000000
N3GD_BODY id=24 off=330 00000000000000000000000000000000
N3GD_BODY id=24 off=340 00000000000000000000000000000000
N3GD_BODY id=24 off=350 00000000000000000000000000000000
N3GD_BODY id=24 off=360 00000000000000000000000000000000
N3GD_BODY id=24 off=370 00000000000000000000000000000000
N3GD_BODY id=24 off=380 00000000000000000000000000000000
N3GD_BODY id=24 off=390 00000000000000000000000000000000
N3GD_BODY id=24 off=3a0 00000000000000000000000000000000
N3GD_BODY id=24 off=3b0 00000000000000000000000000000000
N3GD_BODY id=24 off=3c0 00000000000000000000000000000000
N3GD_BODY id=24 off=3d0 00000000000000000000000000000000
N3GD_BODY id=24 off=3e0 00000000000000000000000000000000
N3GD_BODY id=24 off=3f0 00000000000000000000000000000000
N3GD_BODY id=24 off=400 00000000000000000000000000000000
N3GD_BODY id=24 off=410 00000000000000000000000000000000
N3GD_BODY id=24 off=420 00000000000000000000000000000000
N3GD_BODY id=24 off=430 00000000000000000000000000000000
N3GD_BODY id=24 off=440 00000000000000000000000000000000
N3GD_BODY id=24 off=450 00000000000000000000000000000000
N3GD_BODY id=24 off=460 00000000000000000000000000000000
N3GD_BODY id=24 off=470 00000000000000000000000000000000
N3GD_BODY id=24 off=480 00000000000000000000000000000000
N3GD_BODY id=24 off=490 00000000000000000000000000000000
N3GD_BODY id=24 off=4a0 00000000000000000000000000000000
N3GD_BODY id=24 off=4b0 00000000000000000000000000000000
N3GD_BODY id=24 off=4c0 00000000000000000000000000000000
N3GD_BODY id=24 off=4d0 00000000000000000000000000000000
N3GD_BODY id=24 off=4e0 00000000000000000000000000000000
N3GD_BODY id=24 off=4f0 00000000000000000000000000000000
N3GD_BODY id=24 off=500 00000000000000000000000000000000
N3GD_BODY id=24 off=510 00000000000000000000000000000000
N3GD_BODY id=24 off=520 00000000000000000000000000000000
N3GD_BODY id=24 off=530 00000000000000000000000000000000
N3GD_BODY id=24 off=540 00000000000000000000000000000000
N3GD_BODY id=24 off=550 00000000000000000000000000000000
N3GD_BODY id=24 off=560 00000000000000000000000000000000
N3GD_BODY id=24 off=570 00000000000000000000000000000000
N3GD_BODY id=24 off=580 00000000000000000000000000000000
N3GD_BODY id=24 off=590 00000000000000000000000000000000
N3GD_BODY id=24 off=5a0 00000000000000000000000000000000
N3GD_BODY id=24 off=5b0 00000000000000000000000000000000
N3GD_BODY id=24 off=5c0 00000000000000000000000000000000
N3GD_BODY id=24 off=5d0 00000000000000000000000000000000
N3GD_BODY id=24 off=5e0 00000000000000000000000000000000
N3GD_BODY id=24 off=5f0 00000000000000000000000000000000
N3GD_BODY id=24 off=600 00000000000000000000000000000000
N3GD_BODY id=24 off=610 00000000000000000000000000000000
N3GD_BODY id=24 off=620 00000000000000000000000000000000
N3GD_BODY id=24 off=630 00000000000000000000000000000000
N3GD_BODY id=24 off=640 00000000000000000000000000000000
N3GD_BODY id=24 off=650 00000000000000000000000000000000
N3GD_BODY id=24 off=660 00000000000000000000000000000000
N3GD_BODY id=24 off=670 00000000000000000000000000000000
N3GD_BODY id=24 off=680 00000000000000000000000000000000
N3GD_BODY id=24 off=690 00000000000000000000000000000000
N3GD_BODY id=24 off=6a0 00000000000000000000000000000000
N3GD_BODY id=24 off=6b0 00000000000000000000000000000000
N3GD_BODY id=24 off=6c0 00000000000000000000000000000000
N3GD_BODY id=24 off=6d0 00000000000000000000000000000000
N3GD_BODY id=24 off=6e0 00000000000000000000000000000000
N3GD_BODY id=24 off=6f0 00000000000000000000000000000000
N3GD_BODY id=24 off=700 00000000000000000000000000000000
N3GD_BODY id=24 off=710 00000000000000000000000000000000
N3GD_BODY id=24 off=720 00000000000000000000000000000000
N3GD_BODY id=24 off=730 00000000000000000000000000000000
N3GD_BODY id=24 off=740 00000000000000000000000000000000
N3GD_BODY id=24 off=750 00000000000000000000000000000000
N3GD_BODY id=24 off=760 00000000000000000000000000000000
N3GD_BODY id=24 off=770 00000000000000000000000000000000
N3GD_BODY id=24 off=780 00000000000000000000000000000000
N3GD_BODY id=24 off=790 00000000000000000000000000000000
N3GD_BODY id=24 off=7a0 00000000000000000000000000000000
N3GD_BODY id=24 off=7b0 00000000000000000000000000000000
N3GD_BODY id=24 off=7c0 00000000000000000000000000000000
N3GD_BODY id=24 off=7d0 00000000000000000000000000000000
N3GD_BODY id=24 off=7e0 00000000000000000000000000000000
N3GD_BODY id=24 off=7f0 00000000000000000000000000000000
N3GD_OOB id=24 off=000 000000000000000000000000e5ab0678
N3GD_OOB id=24 off=010 0a52efac2207c7a2053adbc8606282c5
N3GD_OOB id=24 off=020 374bcde4a25178a6eb7e94b8b7fa1e2e
N3GD_OOB id=24 off=030 eddbaafff14d9b9ea7ce563d3b3c79fe
N3GD_END id=24
N3GD_BEGIN id=25 kind=cand j=150 v=044C po=127 sl=4294967295 l0=00014802 host=0000A07E tgt=000140FC bank=3 pb=1525 pp=31 phy=195231 shift=4294967295 t=00 ix=0000 u=00000000 l=00000000
N3GD_BODY id=25 off=000 00000000000000000000000000000000
N3GD_BODY id=25 off=010 00000000000000000000000000000000
N3GD_BODY id=25 off=020 00000000000000000000000000000000
N3GD_BODY id=25 off=030 00000000000000000000000000000000
N3GD_BODY id=25 off=040 00000000000000000000000000000000
N3GD_BODY id=25 off=050 00000000000000000000000000000000
N3GD_BODY id=25 off=060 00000000000000000000000000000000
N3GD_BODY id=25 off=070 00000000000000000000000000000000
N3GD_BODY id=25 off=080 00000000000000000000000000000000
N3GD_BODY id=25 off=090 00000000000000000000000000000000
N3GD_BODY id=25 off=0a0 00000000000000000000000000000000
N3GD_BODY id=25 off=0b0 00000000000000000000000000000000
N3GD_BODY id=25 off=0c0 00000000000000000000000000000000
N3GD_BODY id=25 off=0d0 00000000000000000000000000000000
N3GD_BODY id=25 off=0e0 00000000000000000000000000000000
N3GD_BODY id=25 off=0f0 00000000000000000000000000000000
N3GD_BODY id=25 off=100 00000000000000000000000000000000
N3GD_BODY id=25 off=110 00000000000000000000000000000000
N3GD_BODY id=25 off=120 00000000000000000000000000000000
N3GD_BODY id=25 off=130 00000000000000000000000000000000
N3GD_BODY id=25 off=140 00000000000000000000000000000000
N3GD_BODY id=25 off=150 00000000000000000000000000000000
N3GD_BODY id=25 off=160 00000000000000000000000000000000
N3GD_BODY id=25 off=170 00000000000000000000000000000000
N3GD_BODY id=25 off=180 00000000000000000000000000000000
N3GD_BODY id=25 off=190 00000000000000000000000000000000
N3GD_BODY id=25 off=1a0 00000000000000000000000000000000
N3GD_BODY id=25 off=1b0 00000000000000000000000000000000
N3GD_BODY id=25 off=1c0 00000000000000000000000000000000
N3GD_BODY id=25 off=1d0 00000000000000000000000000000000
N3GD_BODY id=25 off=1e0 00000000000000000000000000000000
N3GD_BODY id=25 off=1f0 00000000000000000000000000000000
N3GD_BODY id=25 off=200 00000000000000000000000000000000
N3GD_BODY id=25 off=210 00000000000000000000000000000000
N3GD_BODY id=25 off=220 00000000000000000000000000000000
N3GD_BODY id=25 off=230 00000000000000000000000000000000
N3GD_BODY id=25 off=240 00000000000000000000000000000000
N3GD_BODY id=25 off=250 00000000000000000000000000000000
N3GD_BODY id=25 off=260 00000000000000000000000000000000
N3GD_BODY id=25 off=270 00000000000000000000000000000000
N3GD_BODY id=25 off=280 00000000000000000000000000000000
N3GD_BODY id=25 off=290 00000000000000000000000000000000
N3GD_BODY id=25 off=2a0 00000000000000000000000000000000
N3GD_BODY id=25 off=2b0 00000000000000000000000000000000
N3GD_BODY id=25 off=2c0 00000000000000000000000000000000
N3GD_BODY id=25 off=2d0 00000000000000000000000000000000
N3GD_BODY id=25 off=2e0 00000000000000000000000000000000
N3GD_BODY id=25 off=2f0 00000000000000000000000000000000
N3GD_BODY id=25 off=300 00000000000000000000000000000000
N3GD_BODY id=25 off=310 00000000000000000000000000000000
N3GD_BODY id=25 off=320 00000000000000000000000000000000
N3GD_BODY id=25 off=330 00000000000000000000000000000000
N3GD_BODY id=25 off=340 00000000000000000000000000000000
N3GD_BODY id=25 off=350 00000000000000000000000000000000
N3GD_BODY id=25 off=360 00000000000000000000000000000000
N3GD_BODY id=25 off=370 00000000000000000000000000000000
N3GD_BODY id=25 off=380 00000000000000000000000000000000
N3GD_BODY id=25 off=390 00000000000000000000000000000000
N3GD_BODY id=25 off=3a0 00000000000000000000000000000000
N3GD_BODY id=25 off=3b0 00000000000000000000000000000000
N3GD_BODY id=25 off=3c0 00000000000000000000000000000000
N3GD_BODY id=25 off=3d0 00000000000000000000000000000000
N3GD_BODY id=25 off=3e0 00000000000000000000000000000000
N3GD_BODY id=25 off=3f0 00000000000000000000000000000000
N3GD_BODY id=25 off=400 00000000000000000000000000000000
N3GD_BODY id=25 off=410 00000000000000000000000000000000
N3GD_BODY id=25 off=420 00000000000000000000000000000000
N3GD_BODY id=25 off=430 00000000000000000000000000000000
N3GD_BODY id=25 off=440 00000000000000000000000000000000
N3GD_BODY id=25 off=450 00000000000000000000000000000000
N3GD_BODY id=25 off=460 00000000000000000000000000000000
N3GD_BODY id=25 off=470 00000000000000000000000000000000
N3GD_BODY id=25 off=480 00000000000000000000000000000000
N3GD_BODY id=25 off=490 00000000000000000000000000000000
N3GD_BODY id=25 off=4a0 00000000000000000000000000000000
N3GD_BODY id=25 off=4b0 00000000000000000000000000000000
N3GD_BODY id=25 off=4c0 00000000000000000000000000000000
N3GD_BODY id=25 off=4d0 00000000000000000000000000000000
N3GD_BODY id=25 off=4e0 00000000000000000000000000000000
N3GD_BODY id=25 off=4f0 00000000000000000000000000000000
N3GD_BODY id=25 off=500 00000000000000000000000000000000
N3GD_BODY id=25 off=510 00000000000000000000000000000000
N3GD_BODY id=25 off=520 00000000000000000000000000000000
N3GD_BODY id=25 off=530 00000000000000000000000000000000
N3GD_BODY id=25 off=540 00000000000000000000000000000000
N3GD_BODY id=25 off=550 00000000000000000000000000000000
N3GD_BODY id=25 off=560 00000000000000000000000000000000
N3GD_BODY id=25 off=570 00000000000000000000000000000000
N3GD_BODY id=25 off=580 00000000000000000000000000000000
N3GD_BODY id=25 off=590 00000000000000000000000000000000
N3GD_BODY id=25 off=5a0 00000000000000000000000000000000
N3GD_BODY id=25 off=5b0 00000000000000000000000000000000
N3GD_BODY id=25 off=5c0 00000000000000000000000000000000
N3GD_BODY id=25 off=5d0 00000000000000000000000000000000
N3GD_BODY id=25 off=5e0 00000000000000000000000000000000
N3GD_BODY id=25 off=5f0 00000000000000000000000000000000
N3GD_BODY id=25 off=600 00000000000000000000000000000000
N3GD_BODY id=25 off=610 00000000000000000000000000000000
N3GD_BODY id=25 off=620 00000000000000000000000000000000
N3GD_BODY id=25 off=630 00000000000000000000000000000000
N3GD_BODY id=25 off=640 00000000000000000000000000000000
N3GD_BODY id=25 off=650 00000000000000000000000000000000
N3GD_BODY id=25 off=660 00000000000000000000000000000000
N3GD_BODY id=25 off=670 00000000000000000000000000000000
N3GD_BODY id=25 off=680 00000000000000000000000000000000
N3GD_BODY id=25 off=690 00000000000000000000000000000000
N3GD_BODY id=25 off=6a0 00000000000000000000000000000000
N3GD_BODY id=25 off=6b0 00000000000000000000000000000000
N3GD_BODY id=25 off=6c0 00000000000000000000000000000000
N3GD_BODY id=25 off=6d0 00000000000000000000000000000000
N3GD_BODY id=25 off=6e0 00000000000000000000000000000000
N3GD_BODY id=25 off=6f0 00000000000000000000000000000000
N3GD_BODY id=25 off=700 00000000000000000000000000000000
N3GD_BODY id=25 off=710 00000000000000000000000000000000
N3GD_BODY id=25 off=720 00000000000000000000000000000000
N3GD_BODY id=25 off=730 00000000000000000000000000000000
N3GD_BODY id=25 off=740 00000000000000000000000000000000
N3GD_BODY id=25 off=750 00000000000000000000000000000000
N3GD_BODY id=25 off=760 00000000000000000000000000000000
N3GD_BODY id=25 off=770 00000000000000000000000000000000
N3GD_BODY id=25 off=780 00000000000000000000000000000000
N3GD_BODY id=25 off=790 00000000000000000000000000000000
N3GD_BODY id=25 off=7a0 00000000000000000000000000000000
N3GD_BODY id=25 off=7b0 00000000000000000000000000000000
N3GD_BODY id=25 off=7c0 00000000000000000000000000000000
N3GD_BODY id=25 off=7d0 00000000000000000000000000000000
N3GD_BODY id=25 off=7e0 00000000000000000000000000000000
N3GD_BODY id=25 off=7f0 00000000000000000000000000000000
N3GD_OOB id=25 off=000 000000000000000000000000e5ab0678
N3GD_OOB id=25 off=010 0a52efac2207c7a2053adbc8606282c5
N3GD_OOB id=25 off=020 374bcde4a25178a6eb7e94b8b7fa1e2e
N3GD_OOB id=25 off=030 eddbaafff14d9b9ea7ce563d3b3c79fe
N3GD_END id=25
N3GD_BEGIN id=26 kind=cand j=150 v=044C po=128 sl=4294967295 l0=00014802 host=0000A07E tgt=000140FC bank=0 pb=1525 pp=32 phy=195232 shift=4294967295 t=FF ix=FFFF u=FFFFFFFF l=FFFFFFFF
N3GD_BODY id=26 off=000 ffffffffffffffffffffffffffffffff
N3GD_BODY id=26 off=010 ffffffffffffffffffffffffffffffff
N3GD_BODY id=26 off=020 ffffffffffffffffffffffffffffffff
N3GD_BODY id=26 off=030 ffffffffffffffffffffffffffffffff
N3GD_BODY id=26 off=040 ffffffffffffffffffffffffffffffff
N3GD_BODY id=26 off=050 ffffffffffffffffffffffffffffffff
N3GD_BODY id=26 off=060 ffffffffffffffffffffffffffffffff
N3GD_BODY id=26 off=070 ffffffffffffffffffffffffffffffff
N3GD_BODY id=26 off=080 ffffffffffffffffffffffffffffffff
N3GD_BODY id=26 off=090 ffffffffffffffffffffffffffffffff
N3GD_BODY id=26 off=0a0 ffffffffffffffffffffffffffffffff
N3GD_BODY id=26 off=0b0 ffffffffffffffffffffffffffffffff
N3GD_BODY id=26 off=0c0 ffffffffffffffffffffffffffffffff
N3GD_BODY id=26 off=0d0 ffffffffffffffffffffffffffffffff
N3GD_BODY id=26 off=0e0 ffffffffffffffffffffffffffffffff
N3GD_BODY id=26 off=0f0 ffffffffffffffffffffffffffffffff
N3GD_BODY id=26 off=100 ffffffffffffffffffffffffffffffff
N3GD_BODY id=26 off=110 ffffffffffffffffffffffffffffffff
N3GD_BODY id=26 off=120 ffffffffffffffffffffffffffffffff
N3GD_BODY id=26 off=130 ffffffffffffffffffffffffffffffff
N3GD_BODY id=26 off=140 ffffffffffffffffffffffffffffffff
N3GD_BODY id=26 off=150 ffffffffffffffffffffffffffffffff
N3GD_BODY id=26 off=160 ffffffffffffffffffffffffffffffff
N3GD_BODY id=26 off=170 ffffffffffffffffffffffffffffffff
N3GD_BODY id=26 off=180 ffffffffffffffffffffffffffffffff
N3GD_BODY id=26 off=190 ffffffffffffffffffffffffffffffff
N3GD_BODY id=26 off=1a0 ffffffffffffffffffffffffffffffff
N3GD_BODY id=26 off=1b0 ffffffffffffffffffffffffffffffff
N3GD_BODY id=26 off=1c0 ffffffffffffffffffffffffffffffff
N3GD_BODY id=26 off=1d0 ffffffffffffffffffffffffffffffff
N3GD_BODY id=26 off=1e0 ffffffffffffffffffffffffffffffff
N3GD_BODY id=26 off=1f0 ffffffffffffffffffffffffffffffff
N3GD_BODY id=26 off=200 ffffffffffffffffffffffffffffffff
N3GD_BODY id=26 off=210 ffffffffffffffffffffffffffffffff
N3GD_BODY id=26 off=220 ffffffffffffffffffffffffffffffff
N3GD_BODY id=26 off=230 ffffffffffffffffffffffffffffffff
N3GD_BODY id=26 off=240 ffffffffffffffffffffffffffffffff
N3GD_BODY id=26 off=250 ffffffffffffffffffffffffffffffff
N3GD_BODY id=26 off=260 ffffffffffffffffffffffffffffffff
N3GD_BODY id=26 off=270 ffffffffffffffffffffffffffffffff
N3GD_BODY id=26 off=280 ffffffffffffffffffffffffffffffff
N3GD_BODY id=26 off=290 ffffffffffffffffffffffffffffffff
N3GD_BODY id=26 off=2a0 ffffffffffffffffffffffffffffffff
N3GD_BODY id=26 off=2b0 ffffffffffffffffffffffffffffffff
N3GD_BODY id=26 off=2c0 ffffffffffffffffffffffffffffffff
N3GD_BODY id=26 off=2d0 ffffffffffffffffffffffffffffffff
N3GD_BODY id=26 off=2e0 ffffffffffffffffffffffffffffffff
N3GD_BODY id=26 off=2f0 ffffffffffffffffffffffffffffffff
N3GD_BODY id=26 off=300 ffffffffffffffffffffffffffffffff
N3GD_BODY id=26 off=310 ffffffffffffffffffffffffffffffff
N3GD_BODY id=26 off=320 ffffffffffffffffffffffffffffffff
N3GD_BODY id=26 off=330 ffffffffffffffffffffffffffffffff
N3GD_BODY id=26 off=340 ffffffffffffffffffffffffffffffff
N3GD_BODY id=26 off=350 ffffffffffffffffffffffffffffffff
N3GD_BODY id=26 off=360 ffffffffffffffffffffffffffffffff
N3GD_BODY id=26 off=370 ffffffffffffffffffffffffffffffff
N3GD_BODY id=26 off=380 ffffffffffffffffffffffffffffffff
N3GD_BODY id=26 off=390 ffffffffffffffffffffffffffffffff
N3GD_BODY id=26 off=3a0 ffffffffffffffffffffffffffffffff
N3GD_BODY id=26 off=3b0 ffffffffffffffffffffffffffffffff
N3GD_BODY id=26 off=3c0 ffffffffffffffffffffffffffffffff
N3GD_BODY id=26 off=3d0 ffffffffffffffffffffffffffffffff
N3GD_BODY id=26 off=3e0 ffffffffffffffffffffffffffffffff
N3GD_BODY id=26 off=3f0 ffffffffffffffffffffffffffffffff
N3GD_BODY id=26 off=400 ffffffffffffffffffffffffffffffff
N3GD_BODY id=26 off=410 ffffffffffffffffffffffffffffffff
N3GD_BODY id=26 off=420 ffffffffffffffffffffffffffffffff
N3GD_BODY id=26 off=430 ffffffffffffffffffffffffffffffff
N3GD_BODY id=26 off=440 ffffffffffffffffffffffffffffffff
N3GD_BODY id=26 off=450 ffffffffffffffffffffffffffffffff
N3GD_BODY id=26 off=460 ffffffffffffffffffffffffffffffff
N3GD_BODY id=26 off=470 ffffffffffffffffffffffffffffffff
N3GD_BODY id=26 off=480 ffffffffffffffffffffffffffffffff
N3GD_BODY id=26 off=490 ffffffffffffffffffffffffffffffff
N3GD_BODY id=26 off=4a0 ffffffffffffffffffffffffffffffff
N3GD_BODY id=26 off=4b0 ffffffffffffffffffffffffffffffff
N3GD_BODY id=26 off=4c0 ffffffffffffffffffffffffffffffff
N3GD_BODY id=26 off=4d0 ffffffffffffffffffffffffffffffff
N3GD_BODY id=26 off=4e0 ffffffffffffffffffffffffffffffff
N3GD_BODY id=26 off=4f0 ffffffffffffffffffffffffffffffff
N3GD_BODY id=26 off=500 ffffffffffffffffffffffffffffffff
N3GD_BODY id=26 off=510 ffffffffffffffffffffffffffffffff
N3GD_BODY id=26 off=520 ffffffffffffffffffffffffffffffff
N3GD_BODY id=26 off=530 ffffffffffffffffffffffffffffffff
N3GD_BODY id=26 off=540 ffffffffffffffffffffffffffffffff
N3GD_BODY id=26 off=550 ffffffffffffffffffffffffffffffff
N3GD_BODY id=26 off=560 ffffffffffffffffffffffffffffffff
N3GD_BODY id=26 off=570 ffffffffffffffffffffffffffffffff
N3GD_BODY id=26 off=580 ffffffffffffffffffffffffffffffff
N3GD_BODY id=26 off=590 ffffffffffffffffffffffffffffffff
N3GD_BODY id=26 off=5a0 ffffffffffffffffffffffffffffffff
N3GD_BODY id=26 off=5b0 ffffffffffffffffffffffffffffffff
N3GD_BODY id=26 off=5c0 ffffffffffffffffffffffffffffffff
N3GD_BODY id=26 off=5d0 ffffffffffffffffffffffffffffffff
N3GD_BODY id=26 off=5e0 ffffffffffffffffffffffffffffffff
N3GD_BODY id=26 off=5f0 ffffffffffffffffffffffffffffffff
N3GD_BODY id=26 off=600 ffffffffffffffffffffffffffffffff
N3GD_BODY id=26 off=610 ffffffffffffffffffffffffffffffff
N3GD_BODY id=26 off=620 ffffffffffffffffffffffffffffffff
N3GD_BODY id=26 off=630 ffffffffffffffffffffffffffffffff
N3GD_BODY id=26 off=640 ffffffffffffffffffffffffffffffff
N3GD_BODY id=26 off=650 ffffffffffffffffffffffffffffffff
N3GD_BODY id=26 off=660 ffffffffffffffffffffffffffffffff
N3GD_BODY id=26 off=670 ffffffffffffffffffffffffffffffff
N3GD_BODY id=26 off=680 ffffffffffffffffffffffffffffffff
N3GD_BODY id=26 off=690 ffffffffffffffffffffffffffffffff
N3GD_BODY id=26 off=6a0 ffffffffffffffffffffffffffffffff
N3GD_BODY id=26 off=6b0 ffffffffffffffffffffffffffffffff
N3GD_BODY id=26 off=6c0 ffffffffffffffffffffffffffffffff
N3GD_BODY id=26 off=6d0 ffffffffffffffffffffffffffffffff
N3GD_BODY id=26 off=6e0 ffffffffffffffffffffffffffffffff
N3GD_BODY id=26 off=6f0 ffffffffffffffffffffffffffffffff
N3GD_BODY id=26 off=700 ffffffffffffffffffffffffffffffff
N3GD_BODY id=26 off=710 ffffffffffffffffffffffffffffffff
N3GD_BODY id=26 off=720 ffffffffffffffffffffffffffffffff
N3GD_BODY id=26 off=730 ffffffffffffffffffffffffffffffff
N3GD_BODY id=26 off=740 ffffffffffffffffffffffffffffffff
N3GD_BODY id=26 off=750 ffffffffffffffffffffffffffffffff
N3GD_BODY id=26 off=760 ffffffffffffffffffffffffffffffff
N3GD_BODY id=26 off=770 ffffffffffffffffffffffffffffffff
N3GD_BODY id=26 off=780 ffffffffffffffffffffffffffffffff
N3GD_BODY id=26 off=790 ffffffffffffffffffffffffffffffff
N3GD_BODY id=26 off=7a0 ffffffffffffffffffffffffffffffff
N3GD_BODY id=26 off=7b0 ffffffffffffffffffffffffffffffff
N3GD_BODY id=26 off=7c0 ffffffffffffffffffffffffffffffff
N3GD_BODY id=26 off=7d0 ffffffffffffffffffffffffffffffff
N3GD_BODY id=26 off=7e0 ffffffffffffffffffffffffffffffff
N3GD_BODY id=26 off=7f0 ffffffffffffffffffffffffffffffff
N3GD_OOB id=26 off=000 ffffffffffffffffffffffffe5ab0678
N3GD_OOB id=26 off=010 0a52efac2207c7a2053adbc8606282c5
N3GD_OOB id=26 off=020 374bcde4a25178a6eb7e94b8b7fa1e2e
N3GD_OOB id=26 off=030 eddbaafff14d9b9ea7ce563d3b3c79fe
N3GD_END id=26
N3GD_BEGIN id=27 kind=cand j=150 v=044C po=255 sl=4294967295 l0=00014802 host=0000A07E tgt=000140FC bank=3 pb=1525 pp=63 phy=195263 shift=4294967295 t=00 ix=0000 u=00000000 l=00000000
N3GD_BODY id=27 off=000 00000000000000000000000000000000
N3GD_BODY id=27 off=010 00000000000000000000000000000000
N3GD_BODY id=27 off=020 00000000000000000000000000000000
N3GD_BODY id=27 off=030 00000000000000000000000000000000
N3GD_BODY id=27 off=040 00000000000000000000000000000000
N3GD_BODY id=27 off=050 00000000000000000000000000000000
N3GD_BODY id=27 off=060 00000000000000000000000000000000
N3GD_BODY id=27 off=070 00000000000000000000000000000000
N3GD_BODY id=27 off=080 00000000000000000000000000000000
N3GD_BODY id=27 off=090 00000000000000000000000000000000
N3GD_BODY id=27 off=0a0 00000000000000000000000000000000
N3GD_BODY id=27 off=0b0 00000000000000000000000000000000
N3GD_BODY id=27 off=0c0 00000000000000000000000000000000
N3GD_BODY id=27 off=0d0 00000000000000000000000000000000
N3GD_BODY id=27 off=0e0 00000000000000000000000000000000
N3GD_BODY id=27 off=0f0 00000000000000000000000000000000
N3GD_BODY id=27 off=100 00000000000000000000000000000000
N3GD_BODY id=27 off=110 00000000000000000000000000000000
N3GD_BODY id=27 off=120 00000000000000000000000000000000
N3GD_BODY id=27 off=130 00000000000000000000000000000000
N3GD_BODY id=27 off=140 00000000000000000000000000000000
N3GD_BODY id=27 off=150 00000000000000000000000000000000
N3GD_BODY id=27 off=160 00000000000000000000000000000000
N3GD_BODY id=27 off=170 00000000000000000000000000000000
N3GD_BODY id=27 off=180 00000000000000000000000000000000
N3GD_BODY id=27 off=190 00000000000000000000000000000000
N3GD_BODY id=27 off=1a0 00000000000000000000000000000000
N3GD_BODY id=27 off=1b0 00000000000000000000000000000000
N3GD_BODY id=27 off=1c0 00000000000000000000000000000000
N3GD_BODY id=27 off=1d0 00000000000000000000000000000000
N3GD_BODY id=27 off=1e0 00000000000000000000000000000000
N3GD_BODY id=27 off=1f0 00000000000000000000000000000000
N3GD_BODY id=27 off=200 00000000000000000000000000000000
N3GD_BODY id=27 off=210 00000000000000000000000000000000
N3GD_BODY id=27 off=220 00000000000000000000000000000000
N3GD_BODY id=27 off=230 00000000000000000000000000000000
N3GD_BODY id=27 off=240 00000000000000000000000000000000
N3GD_BODY id=27 off=250 00000000000000000000000000000000
N3GD_BODY id=27 off=260 00000000000000000000000000000000
N3GD_BODY id=27 off=270 00000000000000000000000000000000
N3GD_BODY id=27 off=280 00000000000000000000000000000000
N3GD_BODY id=27 off=290 00000000000000000000000000000000
N3GD_BODY id=27 off=2a0 00000000000000000000000000000000
N3GD_BODY id=27 off=2b0 00000000000000000000000000000000
N3GD_BODY id=27 off=2c0 00000000000000000000000000000000
N3GD_BODY id=27 off=2d0 00000000000000000000000000000000
N3GD_BODY id=27 off=2e0 00000000000000000000000000000000
N3GD_BODY id=27 off=2f0 00000000000000000000000000000000
N3GD_BODY id=27 off=300 00000000000000000000000000000000
N3GD_BODY id=27 off=310 00000000000000000000000000000000
N3GD_BODY id=27 off=320 00000000000000000000000000000000
N3GD_BODY id=27 off=330 00000000000000000000000000000000
N3GD_BODY id=27 off=340 00000000000000000000000000000000
N3GD_BODY id=27 off=350 00000000000000000000000000000000
N3GD_BODY id=27 off=360 00000000000000000000000000000000
N3GD_BODY id=27 off=370 00000000000000000000000000000000
N3GD_BODY id=27 off=380 00000000000000000000000000000000
N3GD_BODY id=27 off=390 00000000000000000000000000000000
N3GD_BODY id=27 off=3a0 00000000000000000000000000000000
N3GD_BODY id=27 off=3b0 00000000000000000000000000000000
N3GD_BODY id=27 off=3c0 00000000000000000000000000000000
N3GD_BODY id=27 off=3d0 00000000000000000000000000000000
N3GD_BODY id=27 off=3e0 00000000000000000000000000000000
N3GD_BODY id=27 off=3f0 00000000000000000000000000000000
N3GD_BODY id=27 off=400 00000000000000000000000000000000
N3GD_BODY id=27 off=410 00000000000000000000000000000000
N3GD_BODY id=27 off=420 00000000000000000000000000000000
N3GD_BODY id=27 off=430 00000000000000000000000000000000
N3GD_BODY id=27 off=440 00000000000000000000000000000000
N3GD_BODY id=27 off=450 00000000000000000000000000000000
N3GD_BODY id=27 off=460 00000000000000000000000000000000
N3GD_BODY id=27 off=470 00000000000000000000000000000000
N3GD_BODY id=27 off=480 00000000000000000000000000000000
N3GD_BODY id=27 off=490 00000000000000000000000000000000
N3GD_BODY id=27 off=4a0 00000000000000000000000000000000
N3GD_BODY id=27 off=4b0 00000000000000000000000000000000
N3GD_BODY id=27 off=4c0 00000000000000000000000000000000
N3GD_BODY id=27 off=4d0 00000000000000000000000000000000
N3GD_BODY id=27 off=4e0 00000000000000000000000000000000
N3GD_BODY id=27 off=4f0 00000000000000000000000000000000
N3GD_BODY id=27 off=500 00000000000000000000000000000000
N3GD_BODY id=27 off=510 00000000000000000000000000000000
N3GD_BODY id=27 off=520 00000000000000000000000000000000
N3GD_BODY id=27 off=530 00000000000000000000000000000000
N3GD_BODY id=27 off=540 00000000000000000000000000000000
N3GD_BODY id=27 off=550 00000000000000000000000000000000
N3GD_BODY id=27 off=560 00000000000000000000000000000000
N3GD_BODY id=27 off=570 00000000000000000000000000000000
N3GD_BODY id=27 off=580 00000000000000000000000000000000
N3GD_BODY id=27 off=590 00000000000000000000000000000000
N3GD_BODY id=27 off=5a0 00000000000000000000000000000000
N3GD_BODY id=27 off=5b0 00000000000000000000000000000000
N3GD_BODY id=27 off=5c0 00000000000000000000000000000000
N3GD_BODY id=27 off=5d0 00000000000000000000000000000000
N3GD_BODY id=27 off=5e0 00000000000000000000000000000000
N3GD_BODY id=27 off=5f0 00000000000000000000000000000000
N3GD_BODY id=27 off=600 00000000000000000000000000000000
N3GD_BODY id=27 off=610 00000000000000000000000000000000
N3GD_BODY id=27 off=620 00000000000000000000000000000000
N3GD_BODY id=27 off=630 00000000000000000000000000000000
N3GD_BODY id=27 off=640 00000000000000000000000000000000
N3GD_BODY id=27 off=650 00000000000000000000000000000000
N3GD_BODY id=27 off=660 00000000000000000000000000000000
N3GD_BODY id=27 off=670 00000000000000000000000000000000
N3GD_BODY id=27 off=680 00000000000000000000000000000000
N3GD_BODY id=27 off=690 00000000000000000000000000000000
N3GD_BODY id=27 off=6a0 00000000000000000000000000000000
N3GD_BODY id=27 off=6b0 00000000000000000000000000000000
N3GD_BODY id=27 off=6c0 00000000000000000000000000000000
N3GD_BODY id=27 off=6d0 00000000000000000000000000000000
N3GD_BODY id=27 off=6e0 00000000000000000000000000000000
N3GD_BODY id=27 off=6f0 00000000000000000000000000000000
N3GD_BODY id=27 off=700 00000000000000000000000000000000
N3GD_BODY id=27 off=710 00000000000000000000000000000000
N3GD_BODY id=27 off=720 00000000000000000000000000000000
N3GD_BODY id=27 off=730 00000000000000000000000000000000
N3GD_BODY id=27 off=740 00000000000000000000000000000000
N3GD_BODY id=27 off=750 00000000000000000000000000000000
N3GD_BODY id=27 off=760 00000000000000000000000000000000
N3GD_BODY id=27 off=770 00000000000000000000000000000000
N3GD_BODY id=27 off=780 00000000000000000000000000000000
N3GD_BODY id=27 off=790 00000000000000000000000000000000
N3GD_BODY id=27 off=7a0 00000000000000000000000000000000
N3GD_BODY id=27 off=7b0 00000000000000000000000000000000
N3GD_BODY id=27 off=7c0 00000000000000000000000000000000
N3GD_BODY id=27 off=7d0 00000000000000000000000000000000
N3GD_BODY id=27 off=7e0 00000000000000000000000000000000
N3GD_BODY id=27 off=7f0 00000000000000000000000000000000
N3GD_OOB id=27 off=000 000000000000000000000000e5ab0678
N3GD_OOB id=27 off=010 0a52efac2207c7a2053adbc8606282c5
N3GD_OOB id=27 off=020 374bcde4a25178a6eb7e94b8b7fa1e2e
N3GD_OOB id=27 off=030 eddbaafff14d9b9ea7ce563d3b3c79fe
N3GD_END id=27
N3GD_BEGIN id=28 kind=cand j=150 v=044C po=256 sl=4294967295 l0=00014802 host=0000A07E tgt=000140FC bank=0 pb=1525 pp=64 phy=195264 shift=4294967295 t=FF ix=FFFF u=FFFFFFFF l=FFFFFFFF
N3GD_BODY id=28 off=000 ffffffffffffffffffffffffffffffff
N3GD_BODY id=28 off=010 ffffffffffffffffffffffffffffffff
N3GD_BODY id=28 off=020 ffffffffffffffffffffffffffffffff
N3GD_BODY id=28 off=030 ffffffffffffffffffffffffffffffff
N3GD_BODY id=28 off=040 ffffffffffffffffffffffffffffffff
N3GD_BODY id=28 off=050 ffffffffffffffffffffffffffffffff
N3GD_BODY id=28 off=060 ffffffffffffffffffffffffffffffff
N3GD_BODY id=28 off=070 ffffffffffffffffffffffffffffffff
N3GD_BODY id=28 off=080 ffffffffffffffffffffffffffffffff
N3GD_BODY id=28 off=090 ffffffffffffffffffffffffffffffff
N3GD_BODY id=28 off=0a0 ffffffffffffffffffffffffffffffff
N3GD_BODY id=28 off=0b0 ffffffffffffffffffffffffffffffff
N3GD_BODY id=28 off=0c0 ffffffffffffffffffffffffffffffff
N3GD_BODY id=28 off=0d0 ffffffffffffffffffffffffffffffff
N3GD_BODY id=28 off=0e0 ffffffffffffffffffffffffffffffff
N3GD_BODY id=28 off=0f0 ffffffffffffffffffffffffffffffff
N3GD_BODY id=28 off=100 ffffffffffffffffffffffffffffffff
N3GD_BODY id=28 off=110 ffffffffffffffffffffffffffffffff
N3GD_BODY id=28 off=120 ffffffffffffffffffffffffffffffff
N3GD_BODY id=28 off=130 ffffffffffffffffffffffffffffffff
N3GD_BODY id=28 off=140 ffffffffffffffffffffffffffffffff
N3GD_BODY id=28 off=150 ffffffffffffffffffffffffffffffff
N3GD_BODY id=28 off=160 ffffffffffffffffffffffffffffffff
N3GD_BODY id=28 off=170 ffffffffffffffffffffffffffffffff
N3GD_BODY id=28 off=180 ffffffffffffffffffffffffffffffff
N3GD_BODY id=28 off=190 ffffffffffffffffffffffffffffffff
N3GD_BODY id=28 off=1a0 ffffffffffffffffffffffffffffffff
N3GD_BODY id=28 off=1b0 ffffffffffffffffffffffffffffffff
N3GD_BODY id=28 off=1c0 ffffffffffffffffffffffffffffffff
N3GD_BODY id=28 off=1d0 ffffffffffffffffffffffffffffffff
N3GD_BODY id=28 off=1e0 ffffffffffffffffffffffffffffffff
N3GD_BODY id=28 off=1f0 ffffffffffffffffffffffffffffffff
N3GD_BODY id=28 off=200 ffffffffffffffffffffffffffffffff
N3GD_BODY id=28 off=210 ffffffffffffffffffffffffffffffff
N3GD_BODY id=28 off=220 ffffffffffffffffffffffffffffffff
N3GD_BODY id=28 off=230 ffffffffffffffffffffffffffffffff
N3GD_BODY id=28 off=240 ffffffffffffffffffffffffffffffff
N3GD_BODY id=28 off=250 ffffffffffffffffffffffffffffffff
N3GD_BODY id=28 off=260 ffffffffffffffffffffffffffffffff
N3GD_BODY id=28 off=270 ffffffffffffffffffffffffffffffff
N3GD_BODY id=28 off=280 ffffffffffffffffffffffffffffffff
N3GD_BODY id=28 off=290 ffffffffffffffffffffffffffffffff
N3GD_BODY id=28 off=2a0 ffffffffffffffffffffffffffffffff
N3GD_BODY id=28 off=2b0 ffffffffffffffffffffffffffffffff
N3GD_BODY id=28 off=2c0 ffffffffffffffffffffffffffffffff
N3GD_BODY id=28 off=2d0 ffffffffffffffffffffffffffffffff
N3GD_BODY id=28 off=2e0 ffffffffffffffffffffffffffffffff
N3GD_BODY id=28 off=2f0 ffffffffffffffffffffffffffffffff
N3GD_BODY id=28 off=300 ffffffffffffffffffffffffffffffff
N3GD_BODY id=28 off=310 ffffffffffffffffffffffffffffffff
N3GD_BODY id=28 off=320 ffffffffffffffffffffffffffffffff
N3GD_BODY id=28 off=330 ffffffffffffffffffffffffffffffff
N3GD_BODY id=28 off=340 ffffffffffffffffffffffffffffffff
N3GD_BODY id=28 off=350 ffffffffffffffffffffffffffffffff
N3GD_BODY id=28 off=360 ffffffffffffffffffffffffffffffff
N3GD_BODY id=28 off=370 ffffffffffffffffffffffffffffffff
N3GD_BODY id=28 off=380 ffffffffffffffffffffffffffffffff
N3GD_BODY id=28 off=390 ffffffffffffffffffffffffffffffff
N3GD_BODY id=28 off=3a0 ffffffffffffffffffffffffffffffff
N3GD_BODY id=28 off=3b0 ffffffffffffffffffffffffffffffff
N3GD_BODY id=28 off=3c0 ffffffffffffffffffffffffffffffff
N3GD_BODY id=28 off=3d0 ffffffffffffffffffffffffffffffff
N3GD_BODY id=28 off=3e0 ffffffffffffffffffffffffffffffff
N3GD_BODY id=28 off=3f0 ffffffffffffffffffffffffffffffff
N3GD_BODY id=28 off=400 ffffffffffffffffffffffffffffffff
N3GD_BODY id=28 off=410 ffffffffffffffffffffffffffffffff
N3GD_BODY id=28 off=420 ffffffffffffffffffffffffffffffff
N3GD_BODY id=28 off=430 ffffffffffffffffffffffffffffffff
N3GD_BODY id=28 off=440 ffffffffffffffffffffffffffffffff
N3GD_BODY id=28 off=450 ffffffffffffffffffffffffffffffff
N3GD_BODY id=28 off=460 ffffffffffffffffffffffffffffffff
N3GD_BODY id=28 off=470 ffffffffffffffffffffffffffffffff
N3GD_BODY id=28 off=480 ffffffffffffffffffffffffffffffff
N3GD_BODY id=28 off=490 ffffffffffffffffffffffffffffffff
N3GD_BODY id=28 off=4a0 ffffffffffffffffffffffffffffffff
N3GD_BODY id=28 off=4b0 ffffffffffffffffffffffffffffffff
N3GD_BODY id=28 off=4c0 ffffffffffffffffffffffffffffffff
N3GD_BODY id=28 off=4d0 ffffffffffffffffffffffffffffffff
N3GD_BODY id=28 off=4e0 ffffffffffffffffffffffffffffffff
N3GD_BODY id=28 off=4f0 ffffffffffffffffffffffffffffffff
N3GD_BODY id=28 off=500 ffffffffffffffffffffffffffffffff
N3GD_BODY id=28 off=510 ffffffffffffffffffffffffffffffff
N3GD_BODY id=28 off=520 ffffffffffffffffffffffffffffffff
N3GD_BODY id=28 off=530 ffffffffffffffffffffffffffffffff
N3GD_BODY id=28 off=540 ffffffffffffffffffffffffffffffff
N3GD_BODY id=28 off=550 ffffffffffffffffffffffffffffffff
N3GD_BODY id=28 off=560 ffffffffffffffffffffffffffffffff
N3GD_BODY id=28 off=570 ffffffffffffffffffffffffffffffff
N3GD_BODY id=28 off=580 ffffffffffffffffffffffffffffffff
N3GD_BODY id=28 off=590 ffffffffffffffffffffffffffffffff
N3GD_BODY id=28 off=5a0 ffffffffffffffffffffffffffffffff
N3GD_BODY id=28 off=5b0 ffffffffffffffffffffffffffffffff
N3GD_BODY id=28 off=5c0 ffffffffffffffffffffffffffffffff
N3GD_BODY id=28 off=5d0 ffffffffffffffffffffffffffffffff
N3GD_BODY id=28 off=5e0 ffffffffffffffffffffffffffffffff
N3GD_BODY id=28 off=5f0 ffffffffffffffffffffffffffffffff
N3GD_BODY id=28 off=600 ffffffffffffffffffffffffffffffff
N3GD_BODY id=28 off=610 ffffffffffffffffffffffffffffffff
N3GD_BODY id=28 off=620 ffffffffffffffffffffffffffffffff
N3GD_BODY id=28 off=630 ffffffffffffffffffffffffffffffff
N3GD_BODY id=28 off=640 ffffffffffffffffffffffffffffffff
N3GD_BODY id=28 off=650 ffffffffffffffffffffffffffffffff
N3GD_BODY id=28 off=660 ffffffffffffffffffffffffffffffff
N3GD_BODY id=28 off=670 ffffffffffffffffffffffffffffffff
N3GD_BODY id=28 off=680 ffffffffffffffffffffffffffffffff
N3GD_BODY id=28 off=690 ffffffffffffffffffffffffffffffff
N3GD_BODY id=28 off=6a0 ffffffffffffffffffffffffffffffff
N3GD_BODY id=28 off=6b0 ffffffffffffffffffffffffffffffff
N3GD_BODY id=28 off=6c0 ffffffffffffffffffffffffffffffff
N3GD_BODY id=28 off=6d0 ffffffffffffffffffffffffffffffff
N3GD_BODY id=28 off=6e0 ffffffffffffffffffffffffffffffff
N3GD_BODY id=28 off=6f0 ffffffffffffffffffffffffffffffff
N3GD_BODY id=28 off=700 ffffffffffffffffffffffffffffffff
N3GD_BODY id=28 off=710 ffffffffffffffffffffffffffffffff
N3GD_BODY id=28 off=720 ffffffffffffffffffffffffffffffff
N3GD_BODY id=28 off=730 ffffffffffffffffffffffffffffffff
N3GD_BODY id=28 off=740 ffffffffffffffffffffffffffffffff
N3GD_BODY id=28 off=750 ffffffffffffffffffffffffffffffff
N3GD_BODY id=28 off=760 ffffffffffffffffffffffffffffffff
N3GD_BODY id=28 off=770 ffffffffffffffffffffffffffffffff
N3GD_BODY id=28 off=780 ffffffffffffffffffffffffffffffff
N3GD_BODY id=28 off=790 ffffffffffffffffffffffffffffffff
N3GD_BODY id=28 off=7a0 ffffffffffffffffffffffffffffffff
N3GD_BODY id=28 off=7b0 ffffffffffffffffffffffffffffffff
N3GD_BODY id=28 off=7c0 ffffffffffffffffffffffffffffffff
N3GD_BODY id=28 off=7d0 ffffffffffffffffffffffffffffffff
N3GD_BODY id=28 off=7e0 ffffffffffffffffffffffffffffffff
N3GD_BODY id=28 off=7f0 ffffffffffffffffffffffffffffffff
N3GD_OOB id=28 off=000 ffffffffffffffffffffffffe5ab0678
N3GD_OOB id=28 off=010 0a52efac2207c7a2053adbc8606282c5
N3GD_OOB id=28 off=020 374bcde4a25178a6eb7e94b8b7fa1e2e
N3GD_OOB id=28 off=030 eddbaafff14d9b9ea7ce563d3b3c79fe
N3GD_END id=28
N3GD_BEGIN id=29 kind=cand j=150 v=044C po=287 sl=4294967295 l0=00014802 host=0000A07E tgt=000140FC bank=3 pb=1525 pp=71 phy=195271 shift=4294967295 t=00 ix=0000 u=00000000 l=00000000
N3GD_BODY id=29 off=000 00000000000000000000000000000000
N3GD_BODY id=29 off=010 00000000000000000000000000000000
N3GD_BODY id=29 off=020 00000000000000000000000000000000
N3GD_BODY id=29 off=030 00000000000000000000000000000000
N3GD_BODY id=29 off=040 00000000000000000000000000000000
N3GD_BODY id=29 off=050 00000000000000000000000000000000
N3GD_BODY id=29 off=060 00000000000000000000000000000000
N3GD_BODY id=29 off=070 00000000000000000000000000000000
N3GD_BODY id=29 off=080 00000000000000000000000000000000
N3GD_BODY id=29 off=090 00000000000000000000000000000000
N3GD_BODY id=29 off=0a0 00000000000000000000000000000000
N3GD_BODY id=29 off=0b0 00000000000000000000000000000000
N3GD_BODY id=29 off=0c0 00000000000000000000000000000000
N3GD_BODY id=29 off=0d0 00000000000000000000000000000000
N3GD_BODY id=29 off=0e0 00000000000000000000000000000000
N3GD_BODY id=29 off=0f0 00000000000000000000000000000000
N3GD_BODY id=29 off=100 00000000000000000000000000000000
N3GD_BODY id=29 off=110 00000000000000000000000000000000
N3GD_BODY id=29 off=120 00000000000000000000000000000000
N3GD_BODY id=29 off=130 00000000000000000000000000000000
N3GD_BODY id=29 off=140 00000000000000000000000000000000
N3GD_BODY id=29 off=150 00000000000000000000000000000000
N3GD_BODY id=29 off=160 00000000000000000000000000000000
N3GD_BODY id=29 off=170 00000000000000000000000000000000
N3GD_BODY id=29 off=180 00000000000000000000000000000000
N3GD_BODY id=29 off=190 00000000000000000000000000000000
N3GD_BODY id=29 off=1a0 00000000000000000000000000000000
N3GD_BODY id=29 off=1b0 00000000000000000000000000000000
N3GD_BODY id=29 off=1c0 00000000000000000000000000000000
N3GD_BODY id=29 off=1d0 00000000000000000000000000000000
N3GD_BODY id=29 off=1e0 00000000000000000000000000000000
N3GD_BODY id=29 off=1f0 00000000000000000000000000000000
N3GD_BODY id=29 off=200 00000000000000000000000000000000
N3GD_BODY id=29 off=210 00000000000000000000000000000000
N3GD_BODY id=29 off=220 00000000000000000000000000000000
N3GD_BODY id=29 off=230 00000000000000000000000000000000
N3GD_BODY id=29 off=240 00000000000000000000000000000000
N3GD_BODY id=29 off=250 00000000000000000000000000000000
N3GD_BODY id=29 off=260 00000000000000000000000000000000
N3GD_BODY id=29 off=270 00000000000000000000000000000000
N3GD_BODY id=29 off=280 00000000000000000000000000000000
N3GD_BODY id=29 off=290 00000000000000000000000000000000
N3GD_BODY id=29 off=2a0 00000000000000000000000000000000
N3GD_BODY id=29 off=2b0 00000000000000000000000000000000
N3GD_BODY id=29 off=2c0 00000000000000000000000000000000
N3GD_BODY id=29 off=2d0 00000000000000000000000000000000
N3GD_BODY id=29 off=2e0 00000000000000000000000000000000
N3GD_BODY id=29 off=2f0 00000000000000000000000000000000
N3GD_BODY id=29 off=300 00000000000000000000000000000000
N3GD_BODY id=29 off=310 00000000000000000000000000000000
N3GD_BODY id=29 off=320 00000000000000000000000000000000
N3GD_BODY id=29 off=330 00000000000000000000000000000000
N3GD_BODY id=29 off=340 00000000000000000000000000000000
N3GD_BODY id=29 off=350 00000000000000000000000000000000
N3GD_BODY id=29 off=360 00000000000000000000000000000000
N3GD_BODY id=29 off=370 00000000000000000000000000000000
N3GD_BODY id=29 off=380 00000000000000000000000000000000
N3GD_BODY id=29 off=390 00000000000000000000000000000000
N3GD_BODY id=29 off=3a0 00000000000000000000000000000000
N3GD_BODY id=29 off=3b0 00000000000000000000000000000000
N3GD_BODY id=29 off=3c0 00000000000000000000000000000000
N3GD_BODY id=29 off=3d0 00000000000000000000000000000000
N3GD_BODY id=29 off=3e0 00000000000000000000000000000000
N3GD_BODY id=29 off=3f0 00000000000000000000000000000000
N3GD_BODY id=29 off=400 00000000000000000000000000000000
N3GD_BODY id=29 off=410 00000000000000000000000000000000
N3GD_BODY id=29 off=420 00000000000000000000000000000000
N3GD_BODY id=29 off=430 00000000000000000000000000000000
N3GD_BODY id=29 off=440 00000000000000000000000000000000
N3GD_BODY id=29 off=450 00000000000000000000000000000000
N3GD_BODY id=29 off=460 00000000000000000000000000000000
N3GD_BODY id=29 off=470 00000000000000000000000000000000
N3GD_BODY id=29 off=480 00000000000000000000000000000000
N3GD_BODY id=29 off=490 00000000000000000000000000000000
N3GD_BODY id=29 off=4a0 00000000000000000000000000000000
N3GD_BODY id=29 off=4b0 00000000000000000000000000000000
N3GD_BODY id=29 off=4c0 00000000000000000000000000000000
N3GD_BODY id=29 off=4d0 00000000000000000000000000000000
N3GD_BODY id=29 off=4e0 00000000000000000000000000000000
N3GD_BODY id=29 off=4f0 00000000000000000000000000000000
N3GD_BODY id=29 off=500 00000000000000000000000000000000
N3GD_BODY id=29 off=510 00000000000000000000000000000000
N3GD_BODY id=29 off=520 00000000000000000000000000000000
N3GD_BODY id=29 off=530 00000000000000000000000000000000
N3GD_BODY id=29 off=540 00000000000000000000000000000000
N3GD_BODY id=29 off=550 00000000000000000000000000000000
N3GD_BODY id=29 off=560 00000000000000000000000000000000
N3GD_BODY id=29 off=570 00000000000000000000000000000000
N3GD_BODY id=29 off=580 00000000000000000000000000000000
N3GD_BODY id=29 off=590 00000000000000000000000000000000
N3GD_BODY id=29 off=5a0 00000000000000000000000000000000
N3GD_BODY id=29 off=5b0 00000000000000000000000000000000
N3GD_BODY id=29 off=5c0 00000000000000000000000000000000
N3GD_BODY id=29 off=5d0 00000000000000000000000000000000
N3GD_BODY id=29 off=5e0 00000000000000000000000000000000
N3GD_BODY id=29 off=5f0 00000000000000000000000000000000
N3GD_BODY id=29 off=600 00000000000000000000000000000000
N3GD_BODY id=29 off=610 00000000000000000000000000000000
N3GD_BODY id=29 off=620 00000000000000000000000000000000
N3GD_BODY id=29 off=630 00000000000000000000000000000000
N3GD_BODY id=29 off=640 00000000000000000000000000000000
N3GD_BODY id=29 off=650 00000000000000000000000000000000
N3GD_BODY id=29 off=660 00000000000000000000000000000000
N3GD_BODY id=29 off=670 00000000000000000000000000000000
N3GD_BODY id=29 off=680 00000000000000000000000000000000
N3GD_BODY id=29 off=690 00000000000000000000000000000000
N3GD_BODY id=29 off=6a0 00000000000000000000000000000000
N3GD_BODY id=29 off=6b0 00000000000000000000000000000000
N3GD_BODY id=29 off=6c0 00000000000000000000000000000000
N3GD_BODY id=29 off=6d0 00000000000000000000000000000000
N3GD_BODY id=29 off=6e0 00000000000000000000000000000000
N3GD_BODY id=29 off=6f0 00000000000000000000000000000000
N3GD_BODY id=29 off=700 00000000000000000000000000000000
N3GD_BODY id=29 off=710 00000000000000000000000000000000
N3GD_BODY id=29 off=720 00000000000000000000000000000000
N3GD_BODY id=29 off=730 00000000000000000000000000000000
N3GD_BODY id=29 off=740 00000000000000000000000000000000
N3GD_BODY id=29 off=750 00000000000000000000000000000000
N3GD_BODY id=29 off=760 00000000000000000000000000000000
N3GD_BODY id=29 off=770 00000000000000000000000000000000
N3GD_BODY id=29 off=780 00000000000000000000000000000000
N3GD_BODY id=29 off=790 00000000000000000000000000000000
N3GD_BODY id=29 off=7a0 00000000000000000000000000000000
N3GD_BODY id=29 off=7b0 00000000000000000000000000000000
N3GD_BODY id=29 off=7c0 00000000000000000000000000000000
N3GD_BODY id=29 off=7d0 00000000000000000000000000000000
N3GD_BODY id=29 off=7e0 00000000000000000000000000000000
N3GD_BODY id=29 off=7f0 00000000000000000000000000000000
N3GD_OOB id=29 off=000 000000000000000000000000e5ab0678
N3GD_OOB id=29 off=010 0a52efac2207c7a2053adbc8606282c5
N3GD_OOB id=29 off=020 374bcde4a25178a6eb7e94b8b7fa1e2e
N3GD_OOB id=29 off=030 eddbaafff14d9b9ea7ce563d3b3c79fe
N3GD_END id=29
N3GD_BEGIN id=30 kind=cand j=150 v=044C po=288 sl=4294967295 l0=00014802 host=0000A07E tgt=000140FC bank=0 pb=1525 pp=72 phy=195272 shift=4294967295 t=FF ix=FFFF u=FFFFFFFF l=FFFFFFFF
N3GD_BODY id=30 off=000 ffffffffffffffffffffffffffffffff
N3GD_BODY id=30 off=010 ffffffffffffffffffffffffffffffff
N3GD_BODY id=30 off=020 ffffffffffffffffffffffffffffffff
N3GD_BODY id=30 off=030 ffffffffffffffffffffffffffffffff
N3GD_BODY id=30 off=040 ffffffffffffffffffffffffffffffff
N3GD_BODY id=30 off=050 ffffffffffffffffffffffffffffffff
N3GD_BODY id=30 off=060 ffffffffffffffffffffffffffffffff
N3GD_BODY id=30 off=070 ffffffffffffffffffffffffffffffff
N3GD_BODY id=30 off=080 ffffffffffffffffffffffffffffffff
N3GD_BODY id=30 off=090 ffffffffffffffffffffffffffffffff
N3GD_BODY id=30 off=0a0 ffffffffffffffffffffffffffffffff
N3GD_BODY id=30 off=0b0 ffffffffffffffffffffffffffffffff
N3GD_BODY id=30 off=0c0 ffffffffffffffffffffffffffffffff
N3GD_BODY id=30 off=0d0 ffffffffffffffffffffffffffffffff
N3GD_BODY id=30 off=0e0 ffffffffffffffffffffffffffffffff
N3GD_BODY id=30 off=0f0 ffffffffffffffffffffffffffffffff
N3GD_BODY id=30 off=100 ffffffffffffffffffffffffffffffff
N3GD_BODY id=30 off=110 ffffffffffffffffffffffffffffffff
N3GD_BODY id=30 off=120 ffffffffffffffffffffffffffffffff
N3GD_BODY id=30 off=130 ffffffffffffffffffffffffffffffff
N3GD_BODY id=30 off=140 ffffffffffffffffffffffffffffffff
N3GD_BODY id=30 off=150 ffffffffffffffffffffffffffffffff
N3GD_BODY id=30 off=160 ffffffffffffffffffffffffffffffff
N3GD_BODY id=30 off=170 ffffffffffffffffffffffffffffffff
N3GD_BODY id=30 off=180 ffffffffffffffffffffffffffffffff
N3GD_BODY id=30 off=190 ffffffffffffffffffffffffffffffff
N3GD_BODY id=30 off=1a0 ffffffffffffffffffffffffffffffff
N3GD_BODY id=30 off=1b0 ffffffffffffffffffffffffffffffff
N3GD_BODY id=30 off=1c0 ffffffffffffffffffffffffffffffff
N3GD_BODY id=30 off=1d0 ffffffffffffffffffffffffffffffff
N3GD_BODY id=30 off=1e0 ffffffffffffffffffffffffffffffff
N3GD_BODY id=30 off=1f0 ffffffffffffffffffffffffffffffff
N3GD_BODY id=30 off=200 ffffffffffffffffffffffffffffffff
N3GD_BODY id=30 off=210 ffffffffffffffffffffffffffffffff
N3GD_BODY id=30 off=220 ffffffffffffffffffffffffffffffff
N3GD_BODY id=30 off=230 ffffffffffffffffffffffffffffffff
N3GD_BODY id=30 off=240 ffffffffffffffffffffffffffffffff
N3GD_BODY id=30 off=250 ffffffffffffffffffffffffffffffff
N3GD_BODY id=30 off=260 ffffffffffffffffffffffffffffffff
N3GD_BODY id=30 off=270 ffffffffffffffffffffffffffffffff
N3GD_BODY id=30 off=280 ffffffffffffffffffffffffffffffff
N3GD_BODY id=30 off=290 ffffffffffffffffffffffffffffffff
N3GD_BODY id=30 off=2a0 ffffffffffffffffffffffffffffffff
N3GD_BODY id=30 off=2b0 ffffffffffffffffffffffffffffffff
N3GD_BODY id=30 off=2c0 ffffffffffffffffffffffffffffffff
N3GD_BODY id=30 off=2d0 ffffffffffffffffffffffffffffffff
N3GD_BODY id=30 off=2e0 ffffffffffffffffffffffffffffffff
N3GD_BODY id=30 off=2f0 ffffffffffffffffffffffffffffffff
N3GD_BODY id=30 off=300 ffffffffffffffffffffffffffffffff
N3GD_BODY id=30 off=310 ffffffffffffffffffffffffffffffff
N3GD_BODY id=30 off=320 ffffffffffffffffffffffffffffffff
N3GD_BODY id=30 off=330 ffffffffffffffffffffffffffffffff
N3GD_BODY id=30 off=340 ffffffffffffffffffffffffffffffff
N3GD_BODY id=30 off=350 ffffffffffffffffffffffffffffffff
N3GD_BODY id=30 off=360 ffffffffffffffffffffffffffffffff
N3GD_BODY id=30 off=370 ffffffffffffffffffffffffffffffff
N3GD_BODY id=30 off=380 ffffffffffffffffffffffffffffffff
N3GD_BODY id=30 off=390 ffffffffffffffffffffffffffffffff
N3GD_BODY id=30 off=3a0 ffffffffffffffffffffffffffffffff
N3GD_BODY id=30 off=3b0 ffffffffffffffffffffffffffffffff
N3GD_BODY id=30 off=3c0 ffffffffffffffffffffffffffffffff
N3GD_BODY id=30 off=3d0 ffffffffffffffffffffffffffffffff
N3GD_BODY id=30 off=3e0 ffffffffffffffffffffffffffffffff
N3GD_BODY id=30 off=3f0 ffffffffffffffffffffffffffffffff
N3GD_BODY id=30 off=400 ffffffffffffffffffffffffffffffff
N3GD_BODY id=30 off=410 ffffffffffffffffffffffffffffffff
N3GD_BODY id=30 off=420 ffffffffffffffffffffffffffffffff
N3GD_BODY id=30 off=430 ffffffffffffffffffffffffffffffff
N3GD_BODY id=30 off=440 ffffffffffffffffffffffffffffffff
N3GD_BODY id=30 off=450 ffffffffffffffffffffffffffffffff
N3GD_BODY id=30 off=460 ffffffffffffffffffffffffffffffff
N3GD_BODY id=30 off=470 ffffffffffffffffffffffffffffffff
N3GD_BODY id=30 off=480 ffffffffffffffffffffffffffffffff
N3GD_BODY id=30 off=490 ffffffffffffffffffffffffffffffff
N3GD_BODY id=30 off=4a0 ffffffffffffffffffffffffffffffff
N3GD_BODY id=30 off=4b0 ffffffffffffffffffffffffffffffff
N3GD_BODY id=30 off=4c0 ffffffffffffffffffffffffffffffff
N3GD_BODY id=30 off=4d0 ffffffffffffffffffffffffffffffff
N3GD_BODY id=30 off=4e0 ffffffffffffffffffffffffffffffff
N3GD_BODY id=30 off=4f0 ffffffffffffffffffffffffffffffff
N3GD_BODY id=30 off=500 ffffffffffffffffffffffffffffffff
N3GD_BODY id=30 off=510 ffffffffffffffffffffffffffffffff
N3GD_BODY id=30 off=520 ffffffffffffffffffffffffffffffff
N3GD_BODY id=30 off=530 ffffffffffffffffffffffffffffffff
N3GD_BODY id=30 off=540 ffffffffffffffffffffffffffffffff
N3GD_BODY id=30 off=550 ffffffffffffffffffffffffffffffff
N3GD_BODY id=30 off=560 ffffffffffffffffffffffffffffffff
N3GD_BODY id=30 off=570 ffffffffffffffffffffffffffffffff
N3GD_BODY id=30 off=580 ffffffffffffffffffffffffffffffff
N3GD_BODY id=30 off=590 ffffffffffffffffffffffffffffffff
N3GD_BODY id=30 off=5a0 ffffffffffffffffffffffffffffffff
N3GD_BODY id=30 off=5b0 ffffffffffffffffffffffffffffffff
N3GD_BODY id=30 off=5c0 ffffffffffffffffffffffffffffffff
N3GD_BODY id=30 off=5d0 ffffffffffffffffffffffffffffffff
N3GD_BODY id=30 off=5e0 ffffffffffffffffffffffffffffffff
N3GD_BODY id=30 off=5f0 ffffffffffffffffffffffffffffffff
N3GD_BODY id=30 off=600 ffffffffffffffffffffffffffffffff
N3GD_BODY id=30 off=610 ffffffffffffffffffffffffffffffff
N3GD_BODY id=30 off=620 ffffffffffffffffffffffffffffffff
N3GD_BODY id=30 off=630 ffffffffffffffffffffffffffffffff
N3GD_BODY id=30 off=640 ffffffffffffffffffffffffffffffff
N3GD_BODY id=30 off=650 ffffffffffffffffffffffffffffffff
N3GD_BODY id=30 off=660 ffffffffffffffffffffffffffffffff
N3GD_BODY id=30 off=670 ffffffffffffffffffffffffffffffff
N3GD_BODY id=30 off=680 ffffffffffffffffffffffffffffffff
N3GD_BODY id=30 off=690 ffffffffffffffffffffffffffffffff
N3GD_BODY id=30 off=6a0 ffffffffffffffffffffffffffffffff
N3GD_BODY id=30 off=6b0 ffffffffffffffffffffffffffffffff
N3GD_BODY id=30 off=6c0 ffffffffffffffffffffffffffffffff
N3GD_BODY id=30 off=6d0 ffffffffffffffffffffffffffffffff
N3GD_BODY id=30 off=6e0 ffffffffffffffffffffffffffffffff
N3GD_BODY id=30 off=6f0 ffffffffffffffffffffffffffffffff
N3GD_BODY id=30 off=700 ffffffffffffffffffffffffffffffff
N3GD_BODY id=30 off=710 ffffffffffffffffffffffffffffffff
N3GD_BODY id=30 off=720 ffffffffffffffffffffffffffffffff
N3GD_BODY id=30 off=730 ffffffffffffffffffffffffffffffff
N3GD_BODY id=30 off=740 ffffffffffffffffffffffffffffffff
N3GD_BODY id=30 off=750 ffffffffffffffffffffffffffffffff
N3GD_BODY id=30 off=760 ffffffffffffffffffffffffffffffff
N3GD_BODY id=30 off=770 ffffffffffffffffffffffffffffffff
N3GD_BODY id=30 off=780 ffffffffffffffffffffffffffffffff
N3GD_BODY id=30 off=790 ffffffffffffffffffffffffffffffff
N3GD_BODY id=30 off=7a0 ffffffffffffffffffffffffffffffff
N3GD_BODY id=30 off=7b0 ffffffffffffffffffffffffffffffff
N3GD_BODY id=30 off=7c0 ffffffffffffffffffffffffffffffff
N3GD_BODY id=30 off=7d0 ffffffffffffffffffffffffffffffff
N3GD_BODY id=30 off=7e0 ffffffffffffffffffffffffffffffff
N3GD_BODY id=30 off=7f0 ffffffffffffffffffffffffffffffff
N3GD_OOB id=30 off=000 ffffffffffffffffffffffffe5ab0678
N3GD_OOB id=30 off=010 0a52efac2207c7a2053adbc8606282c5
N3GD_OOB id=30 off=020 374bcde4a25178a6eb7e94b8b7fa1e2e
N3GD_OOB id=30 off=030 eddbaafff14d9b9ea7ce563d3b3c79fe
N3GD_END id=30
N3GD_BEGIN id=31 kind=cand j=150 v=044C po=289 sl=4294967295 l0=00014802 host=0000A07E tgt=000140FC bank=1 pb=1525 pp=72 phy=195272 shift=4294967295 t=00 ix=0000 u=00000000 l=00000000
N3GD_BODY id=31 off=000 00000000000000000000000000000000
N3GD_BODY id=31 off=010 00000000000000000000000000000000
N3GD_BODY id=31 off=020 00000000000000000000000000000000
N3GD_BODY id=31 off=030 00000000000000000000000000000000
N3GD_BODY id=31 off=040 00000000000000000000000000000000
N3GD_BODY id=31 off=050 00000000000000000000000000000000
N3GD_BODY id=31 off=060 00000000000000000000000000000000
N3GD_BODY id=31 off=070 00000000000000000000000000000000
N3GD_BODY id=31 off=080 00000000000000000000000000000000
N3GD_BODY id=31 off=090 00000000000000000000000000000000
N3GD_BODY id=31 off=0a0 00000000000000000000000000000000
N3GD_BODY id=31 off=0b0 00000000000000000000000000000000
N3GD_BODY id=31 off=0c0 00000000000000000000000000000000
N3GD_BODY id=31 off=0d0 00000000000000000000000000000000
N3GD_BODY id=31 off=0e0 00000000000000000000000000000000
N3GD_BODY id=31 off=0f0 00000000000000000000000000000000
N3GD_BODY id=31 off=100 00000000000000000000000000000000
N3GD_BODY id=31 off=110 00000000000000000000000000000000
N3GD_BODY id=31 off=120 00000000000000000000000000000000
N3GD_BODY id=31 off=130 00000000000000000000000000000000
N3GD_BODY id=31 off=140 00000000000000000000000000000000
N3GD_BODY id=31 off=150 00000000000000000000000000000000
N3GD_BODY id=31 off=160 00000000000000000000000000000000
N3GD_BODY id=31 off=170 00000000000000000000000000000000
N3GD_BODY id=31 off=180 00000000000000000000000000000000
N3GD_BODY id=31 off=190 00000000000000000000000000000000
N3GD_BODY id=31 off=1a0 00000000000000000000000000000000
N3GD_BODY id=31 off=1b0 00000000000000000000000000000000
N3GD_BODY id=31 off=1c0 00000000000000000000000000000000
N3GD_BODY id=31 off=1d0 00000000000000000000000000000000
N3GD_BODY id=31 off=1e0 00000000000000000000000000000000
N3GD_BODY id=31 off=1f0 00000000000000000000000000000000
N3GD_BODY id=31 off=200 00000000000000000000000000000000
N3GD_BODY id=31 off=210 00000000000000000000000000000000
N3GD_BODY id=31 off=220 00000000000000000000000000000000
N3GD_BODY id=31 off=230 00000000000000000000000000000000
N3GD_BODY id=31 off=240 00000000000000000000000000000000
N3GD_BODY id=31 off=250 00000000000000000000000000000000
N3GD_BODY id=31 off=260 00000000000000000000000000000000
N3GD_BODY id=31 off=270 00000000000000000000000000000000
N3GD_BODY id=31 off=280 00000000000000000000000000000000
N3GD_BODY id=31 off=290 00000000000000000000000000000000
N3GD_BODY id=31 off=2a0 00000000000000000000000000000000
N3GD_BODY id=31 off=2b0 00000000000000000000000000000000
N3GD_BODY id=31 off=2c0 00000000000000000000000000000000
N3GD_BODY id=31 off=2d0 00000000000000000000000000000000
N3GD_BODY id=31 off=2e0 00000000000000000000000000000000
N3GD_BODY id=31 off=2f0 00000000000000000000000000000000
N3GD_BODY id=31 off=300 00000000000000000000000000000000
N3GD_BODY id=31 off=310 00000000000000000000000000000000
N3GD_BODY id=31 off=320 00000000000000000000000000000000
N3GD_BODY id=31 off=330 00000000000000000000000000000000
N3GD_BODY id=31 off=340 00000000000000000000000000000000
N3GD_BODY id=31 off=350 00000000000000000000000000000000
N3GD_BODY id=31 off=360 00000000000000000000000000000000
N3GD_BODY id=31 off=370 00000000000000000000000000000000
N3GD_BODY id=31 off=380 00000000000000000000000000000000
N3GD_BODY id=31 off=390 00000000000000000000000000000000
N3GD_BODY id=31 off=3a0 00000000000000000000000000000000
N3GD_BODY id=31 off=3b0 00000000000000000000000000000000
N3GD_BODY id=31 off=3c0 00000000000000000000000000000000
N3GD_BODY id=31 off=3d0 00000000000000000000000000000000
N3GD_BODY id=31 off=3e0 00000000000000000000000000000000
N3GD_BODY id=31 off=3f0 00000000000000000000000000000000
N3GD_BODY id=31 off=400 00000000000000000000000000000000
N3GD_BODY id=31 off=410 00000000000000000000000000000000
N3GD_BODY id=31 off=420 00000000000000000000000000000000
N3GD_BODY id=31 off=430 00000000000000000000000000000000
N3GD_BODY id=31 off=440 00000000000000000000000000000000
N3GD_BODY id=31 off=450 00000000000000000000000000000000
N3GD_BODY id=31 off=460 00000000000000000000000000000000
N3GD_BODY id=31 off=470 00000000000000000000000000000000
N3GD_BODY id=31 off=480 00000000000000000000000000000000
N3GD_BODY id=31 off=490 00000000000000000000000000000000
N3GD_BODY id=31 off=4a0 00000000000000000000000000000000
N3GD_BODY id=31 off=4b0 00000000000000000000000000000000
N3GD_BODY id=31 off=4c0 00000000000000000000000000000000
N3GD_BODY id=31 off=4d0 00000000000000000000000000000000
N3GD_BODY id=31 off=4e0 00000000000000000000000000000000
N3GD_BODY id=31 off=4f0 00000000000000000000000000000000
N3GD_BODY id=31 off=500 00000000000000000000000000000000
N3GD_BODY id=31 off=510 00000000000000000000000000000000
N3GD_BODY id=31 off=520 00000000000000000000000000000000
N3GD_BODY id=31 off=530 00000000000000000000000000000000
N3GD_BODY id=31 off=540 00000000000000000000000000000000
N3GD_BODY id=31 off=550 00000000000000000000000000000000
N3GD_BODY id=31 off=560 00000000000000000000000000000000
N3GD_BODY id=31 off=570 00000000000000000000000000000000
N3GD_BODY id=31 off=580 00000000000000000000000000000000
N3GD_BODY id=31 off=590 00000000000000000000000000000000
N3GD_BODY id=31 off=5a0 00000000000000000000000000000000
N3GD_BODY id=31 off=5b0 00000000000000000000000000000000
N3GD_BODY id=31 off=5c0 00000000000000000000000000000000
N3GD_BODY id=31 off=5d0 00000000000000000000000000000000
N3GD_BODY id=31 off=5e0 00000000000000000000000000000000
N3GD_BODY id=31 off=5f0 00000000000000000000000000000000
N3GD_BODY id=31 off=600 00000000000000000000000000000000
N3GD_BODY id=31 off=610 00000000000000000000000000000000
N3GD_BODY id=31 off=620 00000000000000000000000000000000
N3GD_BODY id=31 off=630 00000000000000000000000000000000
N3GD_BODY id=31 off=640 00000000000000000000000000000000
N3GD_BODY id=31 off=650 00000000000000000000000000000000
N3GD_BODY id=31 off=660 00000000000000000000000000000000
N3GD_BODY id=31 off=670 00000000000000000000000000000000
N3GD_BODY id=31 off=680 00000000000000000000000000000000
N3GD_BODY id=31 off=690 00000000000000000000000000000000
N3GD_BODY id=31 off=6a0 00000000000000000000000000000000
N3GD_BODY id=31 off=6b0 00000000000000000000000000000000
N3GD_BODY id=31 off=6c0 00000000000000000000000000000000
N3GD_BODY id=31 off=6d0 00000000000000000000000000000000
N3GD_BODY id=31 off=6e0 00000000000000000000000000000000
N3GD_BODY id=31 off=6f0 00000000000000000000000000000000
N3GD_BODY id=31 off=700 00000000000000000000000000000000
N3GD_BODY id=31 off=710 00000000000000000000000000000000
N3GD_BODY id=31 off=720 00000000000000000000000000000000
N3GD_BODY id=31 off=730 00000000000000000000000000000000
N3GD_BODY id=31 off=740 00000000000000000000000000000000
N3GD_BODY id=31 off=750 00000000000000000000000000000000
N3GD_BODY id=31 off=760 00000000000000000000000000000000
N3GD_BODY id=31 off=770 00000000000000000000000000000000
N3GD_BODY id=31 off=780 00000000000000000000000000000000
N3GD_BODY id=31 off=790 00000000000000000000000000000000
N3GD_BODY id=31 off=7a0 00000000000000000000000000000000
N3GD_BODY id=31 off=7b0 00000000000000000000000000000000
N3GD_BODY id=31 off=7c0 00000000000000000000000000000000
N3GD_BODY id=31 off=7d0 00000000000000000000000000000000
N3GD_BODY id=31 off=7e0 00000000000000000000000000000000
N3GD_BODY id=31 off=7f0 00000000000000000000000000000000
N3GD_OOB id=31 off=000 000000000000000000000000e5ab0678
N3GD_OOB id=31 off=010 0a52efac2207c7a2053adbc8606282c5
N3GD_OOB id=31 off=020 374bcde4a25178a6eb7e94b8b7fa1e2e
N3GD_OOB id=31 off=030 eddbaafff14d9b9ea7ce563d3b3c79fe
N3GD_END id=31
N3GD_BEGIN id=32 kind=cand j=150 v=044C po=511 sl=4294967295 l0=00014802 host=0000A07E tgt=000140FC bank=3 pb=1525 pp=127 phy=195327 shift=4294967295 t=00 ix=0000 u=00000000 l=00000000
N3GD_BODY id=32 off=000 00000000000000000000000000000000
N3GD_BODY id=32 off=010 00000000000000000000000000000000
N3GD_BODY id=32 off=020 00000000000000000000000000000000
N3GD_BODY id=32 off=030 00000000000000000000000000000000
N3GD_BODY id=32 off=040 00000000000000000000000000000000
N3GD_BODY id=32 off=050 00000000000000000000000000000000
N3GD_BODY id=32 off=060 00000000000000000000000000000000
N3GD_BODY id=32 off=070 00000000000000000000000000000000
N3GD_BODY id=32 off=080 00000000000000000000000000000000
N3GD_BODY id=32 off=090 00000000000000000000000000000000
N3GD_BODY id=32 off=0a0 00000000000000000000000000000000
N3GD_BODY id=32 off=0b0 00000000000000000000000000000000
N3GD_BODY id=32 off=0c0 00000000000000000000000000000000
N3GD_BODY id=32 off=0d0 00000000000000000000000000000000
N3GD_BODY id=32 off=0e0 00000000000000000000000000000000
N3GD_BODY id=32 off=0f0 00000000000000000000000000000000
N3GD_BODY id=32 off=100 00000000000000000000000000000000
N3GD_BODY id=32 off=110 00000000000000000000000000000000
N3GD_BODY id=32 off=120 00000000000000000000000000000000
N3GD_BODY id=32 off=130 00000000000000000000000000000000
N3GD_BODY id=32 off=140 00000000000000000000000000000000
N3GD_BODY id=32 off=150 00000000000000000000000000000000
N3GD_BODY id=32 off=160 00000000000000000000000000000000
N3GD_BODY id=32 off=170 00000000000000000000000000000000
N3GD_BODY id=32 off=180 00000000000000000000000000000000
N3GD_BODY id=32 off=190 00000000000000000000000000000000
N3GD_BODY id=32 off=1a0 00000000000000000000000000000000
N3GD_BODY id=32 off=1b0 00000000000000000000000000000000
N3GD_BODY id=32 off=1c0 00000000000000000000000000000000
N3GD_BODY id=32 off=1d0 00000000000000000000000000000000
N3GD_BODY id=32 off=1e0 00000000000000000000000000000000
N3GD_BODY id=32 off=1f0 00000000000000000000000000000000
N3GD_BODY id=32 off=200 00000000000000000000000000000000
N3GD_BODY id=32 off=210 00000000000000000000000000000000
N3GD_BODY id=32 off=220 00000000000000000000000000000000
N3GD_BODY id=32 off=230 00000000000000000000000000000000
N3GD_BODY id=32 off=240 00000000000000000000000000000000
N3GD_BODY id=32 off=250 00000000000000000000000000000000
N3GD_BODY id=32 off=260 00000000000000000000000000000000
N3GD_BODY id=32 off=270 00000000000000000000000000000000
N3GD_BODY id=32 off=280 00000000000000000000000000000000
N3GD_BODY id=32 off=290 00000000000000000000000000000000
N3GD_BODY id=32 off=2a0 00000000000000000000000000000000
N3GD_BODY id=32 off=2b0 00000000000000000000000000000000
N3GD_BODY id=32 off=2c0 00000000000000000000000000000000
N3GD_BODY id=32 off=2d0 00000000000000000000000000000000
N3GD_BODY id=32 off=2e0 00000000000000000000000000000000
N3GD_BODY id=32 off=2f0 00000000000000000000000000000000
N3GD_BODY id=32 off=300 00000000000000000000000000000000
N3GD_BODY id=32 off=310 00000000000000000000000000000000
N3GD_BODY id=32 off=320 00000000000000000000000000000000
N3GD_BODY id=32 off=330 00000000000000000000000000000000
N3GD_BODY id=32 off=340 00000000000000000000000000000000
N3GD_BODY id=32 off=350 00000000000000000000000000000000
N3GD_BODY id=32 off=360 00000000000000000000000000000000
N3GD_BODY id=32 off=370 00000000000000000000000000000000
N3GD_BODY id=32 off=380 00000000000000000000000000000000
N3GD_BODY id=32 off=390 00000000000000000000000000000000
N3GD_BODY id=32 off=3a0 00000000000000000000000000000000
N3GD_BODY id=32 off=3b0 00000000000000000000000000000000
N3GD_BODY id=32 off=3c0 00000000000000000000000000000000
N3GD_BODY id=32 off=3d0 00000000000000000000000000000000
N3GD_BODY id=32 off=3e0 00000000000000000000000000000000
N3GD_BODY id=32 off=3f0 00000000000000000000000000000000
N3GD_BODY id=32 off=400 00000000000000000000000000000000
N3GD_BODY id=32 off=410 00000000000000000000000000000000
N3GD_BODY id=32 off=420 00000000000000000000000000000000
N3GD_BODY id=32 off=430 00000000000000000000000000000000
N3GD_BODY id=32 off=440 00000000000000000000000000000000
N3GD_BODY id=32 off=450 00000000000000000000000000000000
N3GD_BODY id=32 off=460 00000000000000000000000000000000
N3GD_BODY id=32 off=470 00000000000000000000000000000000
N3GD_BODY id=32 off=480 00000000000000000000000000000000
N3GD_BODY id=32 off=490 00000000000000000000000000000000
N3GD_BODY id=32 off=4a0 00000000000000000000000000000000
N3GD_BODY id=32 off=4b0 00000000000000000000000000000000
N3GD_BODY id=32 off=4c0 00000000000000000000000000000000
N3GD_BODY id=32 off=4d0 00000000000000000000000000000000
N3GD_BODY id=32 off=4e0 00000000000000000000000000000000
N3GD_BODY id=32 off=4f0 00000000000000000000000000000000
N3GD_BODY id=32 off=500 00000000000000000000000000000000
N3GD_BODY id=32 off=510 00000000000000000000000000000000
N3GD_BODY id=32 off=520 00000000000000000000000000000000
N3GD_BODY id=32 off=530 00000000000000000000000000000000
N3GD_BODY id=32 off=540 00000000000000000000000000000000
N3GD_BODY id=32 off=550 00000000000000000000000000000000
N3GD_BODY id=32 off=560 00000000000000000000000000000000
N3GD_BODY id=32 off=570 00000000000000000000000000000000
N3GD_BODY id=32 off=580 00000000000000000000000000000000
N3GD_BODY id=32 off=590 00000000000000000000000000000000
N3GD_BODY id=32 off=5a0 00000000000000000000000000000000
N3GD_BODY id=32 off=5b0 00000000000000000000000000000000
N3GD_BODY id=32 off=5c0 00000000000000000000000000000000
N3GD_BODY id=32 off=5d0 00000000000000000000000000000000
N3GD_BODY id=32 off=5e0 00000000000000000000000000000000
N3GD_BODY id=32 off=5f0 00000000000000000000000000000000
N3GD_BODY id=32 off=600 00000000000000000000000000000000
N3GD_BODY id=32 off=610 00000000000000000000000000000000
N3GD_BODY id=32 off=620 00000000000000000000000000000000
N3GD_BODY id=32 off=630 00000000000000000000000000000000
N3GD_BODY id=32 off=640 00000000000000000000000000000000
N3GD_BODY id=32 off=650 00000000000000000000000000000000
N3GD_BODY id=32 off=660 00000000000000000000000000000000
N3GD_BODY id=32 off=670 00000000000000000000000000000000
N3GD_BODY id=32 off=680 00000000000000000000000000000000
N3GD_BODY id=32 off=690 00000000000000000000000000000000
N3GD_BODY id=32 off=6a0 00000000000000000000000000000000
N3GD_BODY id=32 off=6b0 00000000000000000000000000000000
N3GD_BODY id=32 off=6c0 00000000000000000000000000000000
N3GD_BODY id=32 off=6d0 00000000000000000000000000000000
N3GD_BODY id=32 off=6e0 00000000000000000000000000000000
N3GD_BODY id=32 off=6f0 00000000000000000000000000000000
N3GD_BODY id=32 off=700 00000000000000000000000000000000
N3GD_BODY id=32 off=710 00000000000000000000000000000000
N3GD_BODY id=32 off=720 00000000000000000000000000000000
N3GD_BODY id=32 off=730 00000000000000000000000000000000
N3GD_BODY id=32 off=740 00000000000000000000000000000000
N3GD_BODY id=32 off=750 00000000000000000000000000000000
N3GD_BODY id=32 off=760 00000000000000000000000000000000
N3GD_BODY id=32 off=770 00000000000000000000000000000000
N3GD_BODY id=32 off=780 00000000000000000000000000000000
N3GD_BODY id=32 off=790 00000000000000000000000000000000
N3GD_BODY id=32 off=7a0 00000000000000000000000000000000
N3GD_BODY id=32 off=7b0 00000000000000000000000000000000
N3GD_BODY id=32 off=7c0 00000000000000000000000000000000
N3GD_BODY id=32 off=7d0 00000000000000000000000000000000
N3GD_BODY id=32 off=7e0 00000000000000000000000000000000
N3GD_BODY id=32 off=7f0 00000000000000000000000000000000
N3GD_OOB id=32 off=000 000000000000000000000000e5ab0678
N3GD_OOB id=32 off=010 0a52efac2207c7a2053adbc8606282c5
N3GD_OOB id=32 off=020 374bcde4a25178a6eb7e94b8b7fa1e2e
N3GD_OOB id=32 off=030 eddbaafff14d9b9ea7ce563d3b3c79fe
N3GD_END id=32
N3GD_BEGIN id=33 kind=cand j=347 v=03A3 po=0 sl=4294967295 l0=00015000 host=0000A07E tgt=000140FC bank=0 pb=1356 pp=0 phy=173568 shift=4294967295 t=40 ix=DBE2 u=00015000 l=00015000
N3GD_BODY id=33 off=000 00000000000000000000000000000000
N3GD_BODY id=33 off=010 00000000000000000000000000000000
N3GD_BODY id=33 off=020 00000000000000000000000000000000
N3GD_BODY id=33 off=030 00000000000000000000000000000000
N3GD_BODY id=33 off=040 00000000000000000000000000000000
N3GD_BODY id=33 off=050 00000000000000000000000000000000
N3GD_BODY id=33 off=060 00000000000000000000000000000000
N3GD_BODY id=33 off=070 00000000000000000000000000000000
N3GD_BODY id=33 off=080 00000000000000000000000000000000
N3GD_BODY id=33 off=090 00000000000000000000000000000000
N3GD_BODY id=33 off=0a0 00000000000000000000000000000000
N3GD_BODY id=33 off=0b0 00000000000000000000000000000000
N3GD_BODY id=33 off=0c0 00000000000000000000000000000000
N3GD_BODY id=33 off=0d0 00000000000000000000000000000000
N3GD_BODY id=33 off=0e0 00000000000000000000000000000000
N3GD_BODY id=33 off=0f0 00000000000000000000000000000000
N3GD_BODY id=33 off=100 00000000000000000000000000000000
N3GD_BODY id=33 off=110 00000000000000000000000000000000
N3GD_BODY id=33 off=120 00000000000000000000000000000000
N3GD_BODY id=33 off=130 00000000000000000000000000000000
N3GD_BODY id=33 off=140 00000000000000000000000000000000
N3GD_BODY id=33 off=150 00000000000000000000000000000000
N3GD_BODY id=33 off=160 00000000000000000000000000000000
N3GD_BODY id=33 off=170 00000000000000000000000000000000
N3GD_BODY id=33 off=180 00000000000000000000000000000000
N3GD_BODY id=33 off=190 00000000000000000000000000000000
N3GD_BODY id=33 off=1a0 00000000000000000000000000000000
N3GD_BODY id=33 off=1b0 00000000000000000000000000000000
N3GD_BODY id=33 off=1c0 00000000000000000000000000000000
N3GD_BODY id=33 off=1d0 00000000000000000000000000000000
N3GD_BODY id=33 off=1e0 00000000000000000000000000000000
N3GD_BODY id=33 off=1f0 00000000000000000000000000000000
N3GD_BODY id=33 off=200 00000000000000000000000000000000
N3GD_BODY id=33 off=210 00000000000000000000000000000000
N3GD_BODY id=33 off=220 00000000000000000000000000000000
N3GD_BODY id=33 off=230 00000000000000000000000000000000
N3GD_BODY id=33 off=240 00000000000000000000000000000000
N3GD_BODY id=33 off=250 00000000000000000000000000000000
N3GD_BODY id=33 off=260 00000000000000000000000000000000
N3GD_BODY id=33 off=270 00000000000000000000000000000000
N3GD_BODY id=33 off=280 00000000000000000000000000000000
N3GD_BODY id=33 off=290 00000000000000000000000000000000
N3GD_BODY id=33 off=2a0 00000000000000000000000000000000
N3GD_BODY id=33 off=2b0 00000000000000000000000000000000
N3GD_BODY id=33 off=2c0 00000000000000000000000000000000
N3GD_BODY id=33 off=2d0 00000000000000000000000000000000
N3GD_BODY id=33 off=2e0 00000000000000000000000000000000
N3GD_BODY id=33 off=2f0 00000000000000000000000000000000
N3GD_BODY id=33 off=300 00000000000000000000000000000000
N3GD_BODY id=33 off=310 00000000000000000000000000000000
N3GD_BODY id=33 off=320 00000000000000000000000000000000
N3GD_BODY id=33 off=330 00000000000000000000000000000000
N3GD_BODY id=33 off=340 00000000000000000000000000000000
N3GD_BODY id=33 off=350 00000000000000000000000000000000
N3GD_BODY id=33 off=360 00000000000000000000000000000000
N3GD_BODY id=33 off=370 00000000000000000000000000000000
N3GD_BODY id=33 off=380 00000000000000000000000000000000
N3GD_BODY id=33 off=390 00000000000000000000000000000000
N3GD_BODY id=33 off=3a0 00000000000000000000000000000000
N3GD_BODY id=33 off=3b0 00000000000000000000000000000000
N3GD_BODY id=33 off=3c0 00000000000000000000000000000000
N3GD_BODY id=33 off=3d0 00000000000000000000000000000000
N3GD_BODY id=33 off=3e0 00000000000000000000000000000000
N3GD_BODY id=33 off=3f0 00000000000000000000000000000000
N3GD_BODY id=33 off=400 00000000000000000000000000000000
N3GD_BODY id=33 off=410 00000000000000000000000000000000
N3GD_BODY id=33 off=420 00000000000000000000000000000000
N3GD_BODY id=33 off=430 00000000000000000000000000000000
N3GD_BODY id=33 off=440 00000000000000000000000000000000
N3GD_BODY id=33 off=450 00000000000000000000000000000000
N3GD_BODY id=33 off=460 00000000000000000000000000000000
N3GD_BODY id=33 off=470 00000000000000000000000000000000
N3GD_BODY id=33 off=480 00000000000000000000000000000000
N3GD_BODY id=33 off=490 00000000000000000000000000000000
N3GD_BODY id=33 off=4a0 00000000000000000000000000000000
N3GD_BODY id=33 off=4b0 00000000000000000000000000000000
N3GD_BODY id=33 off=4c0 00000000000000000000000000000000
N3GD_BODY id=33 off=4d0 00000000000000000000000000000000
N3GD_BODY id=33 off=4e0 00000000000000000000000000000000
N3GD_BODY id=33 off=4f0 00000000000000000000000000000000
N3GD_BODY id=33 off=500 00000000000000000000000000000000
N3GD_BODY id=33 off=510 00000000000000000000000000000000
N3GD_BODY id=33 off=520 00000000000000000000000000000000
N3GD_BODY id=33 off=530 00000000000000000000000000000000
N3GD_BODY id=33 off=540 00000000000000000000000000000000
N3GD_BODY id=33 off=550 00000000000000000000000000000000
N3GD_BODY id=33 off=560 00000000000000000000000000000000
N3GD_BODY id=33 off=570 00000000000000000000000000000000
N3GD_BODY id=33 off=580 00000000000000000000000000000000
N3GD_BODY id=33 off=590 00000000000000000000000000000000
N3GD_BODY id=33 off=5a0 00000000000000000000000000000000
N3GD_BODY id=33 off=5b0 00000000000000000000000000000000
N3GD_BODY id=33 off=5c0 00000000000000000000000000000000
N3GD_BODY id=33 off=5d0 00000000000000000000000000000000
N3GD_BODY id=33 off=5e0 00000000000000000000000000000000
N3GD_BODY id=33 off=5f0 00000000000000000000000000000000
N3GD_BODY id=33 off=600 00000000000000000000000000000000
N3GD_BODY id=33 off=610 00000000000000000000000000000000
N3GD_BODY id=33 off=620 00000000000000000000000000000000
N3GD_BODY id=33 off=630 00000000000000000000000000000000
N3GD_BODY id=33 off=640 00000000000000000000000000000000
N3GD_BODY id=33 off=650 00000000000000000000000000000000
N3GD_BODY id=33 off=660 00000000000000000000000000000000
N3GD_BODY id=33 off=670 00000000000000000000000000000000
N3GD_BODY id=33 off=680 00000000000000000000000000000000
N3GD_BODY id=33 off=690 00000000000000000000000000000000
N3GD_BODY id=33 off=6a0 00000000000000000000000000000000
N3GD_BODY id=33 off=6b0 00000000000000000000000000000000
N3GD_BODY id=33 off=6c0 00000000000000000000000000000000
N3GD_BODY id=33 off=6d0 00000000000000000000000000000000
N3GD_BODY id=33 off=6e0 00000000000000000000000000000000
N3GD_BODY id=33 off=6f0 00000000000000000000000000000000
N3GD_BODY id=33 off=700 00000000000000000000000000000000
N3GD_BODY id=33 off=710 00000000000000000000000000000000
N3GD_BODY id=33 off=720 00000000000000000000000000000000
N3GD_BODY id=33 off=730 00000000000000000000000000000000
N3GD_BODY id=33 off=740 00000000000000000000000000000000
N3GD_BODY id=33 off=750 00000000000000000000000000000000
N3GD_BODY id=33 off=760 00000000000000000000000000000000
N3GD_BODY id=33 off=770 00000000000000000000000000000000
N3GD_BODY id=33 off=780 00000000000000000000000000000000
N3GD_BODY id=33 off=790 00000000000000000000000000000000
N3GD_BODY id=33 off=7a0 00000000000000000000000000000000
N3GD_BODY id=33 off=7b0 00000000000000000000000000000000
N3GD_BODY id=33 off=7c0 00000000000000000000000000000000
N3GD_BODY id=33 off=7d0 00000000000000000000000000000000
N3GD_BODY id=33 off=7e0 00000000000000000000000000000000
N3GD_BODY id=33 off=7f0 00000000000000000000000000000000
N3GD_OOB id=33 off=000 00500100e2db0000ff40ffffe5ab0678
N3GD_OOB id=33 off=010 0a52efac2207c7a2053adbc8606282c5
N3GD_OOB id=33 off=020 374bcde4a25178a6eb7e94b8b7fa1e2e
N3GD_OOB id=33 off=030 eddbaafff14d9b9ea7ce563d3b3c79fe
N3GD_END id=33
N3GD_BEGIN id=34 kind=cand j=347 v=03A3 po=1 sl=4294967295 l0=00015000 host=0000A07E tgt=000140FC bank=1 pb=1356 pp=0 phy=173568 shift=4294967295 t=00 ix=0000 u=00000000 l=00000000
N3GD_BODY id=34 off=000 00000000000000000000000000000000
N3GD_BODY id=34 off=010 00000000000000000000000000000000
N3GD_BODY id=34 off=020 00000000000000000000000000000000
N3GD_BODY id=34 off=030 00000000000000000000000000000000
N3GD_BODY id=34 off=040 00000000000000000000000000000000
N3GD_BODY id=34 off=050 00000000000000000000000000000000
N3GD_BODY id=34 off=060 00000000000000000000000000000000
N3GD_BODY id=34 off=070 00000000000000000000000000000000
N3GD_BODY id=34 off=080 00000000000000000000000000000000
N3GD_BODY id=34 off=090 00000000000000000000000000000000
N3GD_BODY id=34 off=0a0 00000000000000000000000000000000
N3GD_BODY id=34 off=0b0 00000000000000000000000000000000
N3GD_BODY id=34 off=0c0 00000000000000000000000000000000
N3GD_BODY id=34 off=0d0 00000000000000000000000000000000
N3GD_BODY id=34 off=0e0 00000000000000000000000000000000
N3GD_BODY id=34 off=0f0 00000000000000000000000000000000
N3GD_BODY id=34 off=100 00000000000000000000000000000000
N3GD_BODY id=34 off=110 00000000000000000000000000000000
N3GD_BODY id=34 off=120 00000000000000000000000000000000
N3GD_BODY id=34 off=130 00000000000000000000000000000000
N3GD_BODY id=34 off=140 00000000000000000000000000000000
N3GD_BODY id=34 off=150 00000000000000000000000000000000
N3GD_BODY id=34 off=160 00000000000000000000000000000000
N3GD_BODY id=34 off=170 00000000000000000000000000000000
N3GD_BODY id=34 off=180 00000000000000000000000000000000
N3GD_BODY id=34 off=190 00000000000000000000000000000000
N3GD_BODY id=34 off=1a0 00000000000000000000000000000000
N3GD_BODY id=34 off=1b0 00000000000000000000000000000000
N3GD_BODY id=34 off=1c0 00000000000000000000000000000000
N3GD_BODY id=34 off=1d0 00000000000000000000000000000000
N3GD_BODY id=34 off=1e0 00000000000000000000000000000000
N3GD_BODY id=34 off=1f0 00000000000000000000000000000000
N3GD_BODY id=34 off=200 00000000000000000000000000000000
N3GD_BODY id=34 off=210 00000000000000000000000000000000
N3GD_BODY id=34 off=220 00000000000000000000000000000000
N3GD_BODY id=34 off=230 00000000000000000000000000000000
N3GD_BODY id=34 off=240 00000000000000000000000000000000
N3GD_BODY id=34 off=250 00000000000000000000000000000000
N3GD_BODY id=34 off=260 00000000000000000000000000000000
N3GD_BODY id=34 off=270 00000000000000000000000000000000
N3GD_BODY id=34 off=280 00000000000000000000000000000000
N3GD_BODY id=34 off=290 00000000000000000000000000000000
N3GD_BODY id=34 off=2a0 00000000000000000000000000000000
N3GD_BODY id=34 off=2b0 00000000000000000000000000000000
N3GD_BODY id=34 off=2c0 00000000000000000000000000000000
N3GD_BODY id=34 off=2d0 00000000000000000000000000000000
N3GD_BODY id=34 off=2e0 00000000000000000000000000000000
N3GD_BODY id=34 off=2f0 00000000000000000000000000000000
N3GD_BODY id=34 off=300 00000000000000000000000000000000
N3GD_BODY id=34 off=310 00000000000000000000000000000000
N3GD_BODY id=34 off=320 00000000000000000000000000000000
N3GD_BODY id=34 off=330 00000000000000000000000000000000
N3GD_BODY id=34 off=340 00000000000000000000000000000000
N3GD_BODY id=34 off=350 00000000000000000000000000000000
N3GD_BODY id=34 off=360 00000000000000000000000000000000
N3GD_BODY id=34 off=370 00000000000000000000000000000000
N3GD_BODY id=34 off=380 00000000000000000000000000000000
N3GD_BODY id=34 off=390 00000000000000000000000000000000
N3GD_BODY id=34 off=3a0 00000000000000000000000000000000
N3GD_BODY id=34 off=3b0 00000000000000000000000000000000
N3GD_BODY id=34 off=3c0 00000000000000000000000000000000
N3GD_BODY id=34 off=3d0 00000000000000000000000000000000
N3GD_BODY id=34 off=3e0 00000000000000000000000000000000
N3GD_BODY id=34 off=3f0 00000000000000000000000000000000
N3GD_BODY id=34 off=400 00000000000000000000000000000000
N3GD_BODY id=34 off=410 00000000000000000000000000000000
N3GD_BODY id=34 off=420 00000000000000000000000000000000
N3GD_BODY id=34 off=430 00000000000000000000000000000000
N3GD_BODY id=34 off=440 00000000000000000000000000000000
N3GD_BODY id=34 off=450 00000000000000000000000000000000
N3GD_BODY id=34 off=460 00000000000000000000000000000000
N3GD_BODY id=34 off=470 00000000000000000000000000000000
N3GD_BODY id=34 off=480 00000000000000000000000000000000
N3GD_BODY id=34 off=490 00000000000000000000000000000000
N3GD_BODY id=34 off=4a0 00000000000000000000000000000000
N3GD_BODY id=34 off=4b0 00000000000000000000000000000000
N3GD_BODY id=34 off=4c0 00000000000000000000000000000000
N3GD_BODY id=34 off=4d0 00000000000000000000000000000000
N3GD_BODY id=34 off=4e0 00000000000000000000000000000000
N3GD_BODY id=34 off=4f0 00000000000000000000000000000000
N3GD_BODY id=34 off=500 00000000000000000000000000000000
N3GD_BODY id=34 off=510 00000000000000000000000000000000
N3GD_BODY id=34 off=520 00000000000000000000000000000000
N3GD_BODY id=34 off=530 00000000000000000000000000000000
N3GD_BODY id=34 off=540 00000000000000000000000000000000
N3GD_BODY id=34 off=550 00000000000000000000000000000000
N3GD_BODY id=34 off=560 00000000000000000000000000000000
N3GD_BODY id=34 off=570 00000000000000000000000000000000
N3GD_BODY id=34 off=580 00000000000000000000000000000000
N3GD_BODY id=34 off=590 00000000000000000000000000000000
N3GD_BODY id=34 off=5a0 00000000000000000000000000000000
N3GD_BODY id=34 off=5b0 00000000000000000000000000000000
N3GD_BODY id=34 off=5c0 00000000000000000000000000000000
N3GD_BODY id=34 off=5d0 00000000000000000000000000000000
N3GD_BODY id=34 off=5e0 00000000000000000000000000000000
N3GD_BODY id=34 off=5f0 00000000000000000000000000000000
N3GD_BODY id=34 off=600 00000000000000000000000000000000
N3GD_BODY id=34 off=610 00000000000000000000000000000000
N3GD_BODY id=34 off=620 00000000000000000000000000000000
N3GD_BODY id=34 off=630 00000000000000000000000000000000
N3GD_BODY id=34 off=640 00000000000000000000000000000000
N3GD_BODY id=34 off=650 00000000000000000000000000000000
N3GD_BODY id=34 off=660 00000000000000000000000000000000
N3GD_BODY id=34 off=670 00000000000000000000000000000000
N3GD_BODY id=34 off=680 00000000000000000000000000000000
N3GD_BODY id=34 off=690 00000000000000000000000000000000
N3GD_BODY id=34 off=6a0 00000000000000000000000000000000
N3GD_BODY id=34 off=6b0 00000000000000000000000000000000
N3GD_BODY id=34 off=6c0 00000000000000000000000000000000
N3GD_BODY id=34 off=6d0 00000000000000000000000000000000
N3GD_BODY id=34 off=6e0 00000000000000000000000000000000
N3GD_BODY id=34 off=6f0 00000000000000000000000000000000
N3GD_BODY id=34 off=700 00000000000000000000000000000000
N3GD_BODY id=34 off=710 00000000000000000000000000000000
N3GD_BODY id=34 off=720 00000000000000000000000000000000
N3GD_BODY id=34 off=730 00000000000000000000000000000000
N3GD_BODY id=34 off=740 00000000000000000000000000000000
N3GD_BODY id=34 off=750 00000000000000000000000000000000
N3GD_BODY id=34 off=760 00000000000000000000000000000000
N3GD_BODY id=34 off=770 00000000000000000000000000000000
N3GD_BODY id=34 off=780 00000000000000000000000000000000
N3GD_BODY id=34 off=790 00000000000000000000000000000000
N3GD_BODY id=34 off=7a0 00000000000000000000000000000000
N3GD_BODY id=34 off=7b0 00000000000000000000000000000000
N3GD_BODY id=34 off=7c0 00000000000000000000000000000000
N3GD_BODY id=34 off=7d0 00000000000000000000000000000000
N3GD_BODY id=34 off=7e0 00000000000000000000000000000000
N3GD_BODY id=34 off=7f0 00000000000000000000000000000000
N3GD_OOB id=34 off=000 000000000000000000000000e5ab0678
N3GD_OOB id=34 off=010 0a52efac2207c7a2053adbc8606282c5
N3GD_OOB id=34 off=020 374bcde4a25178a6eb7e94b8b7fa1e2e
N3GD_OOB id=34 off=030 eddbaafff14d9b9ea7ce563d3b3c79fe
N3GD_END id=34
N3GD_BEGIN id=35 kind=cand j=347 v=03A3 po=2 sl=4294967295 l0=00015000 host=0000A07E tgt=000140FC bank=2 pb=1356 pp=0 phy=173568 shift=4294967295 t=00 ix=0000 u=00000000 l=00000000
N3GD_BODY id=35 off=000 00000000000000000000000000000000
N3GD_BODY id=35 off=010 00000000000000000000000000000000
N3GD_BODY id=35 off=020 00000000000000000000000000000000
N3GD_BODY id=35 off=030 00000000000000000000000000000000
N3GD_BODY id=35 off=040 00000000000000000000000000000000
N3GD_BODY id=35 off=050 00000000000000000000000000000000
N3GD_BODY id=35 off=060 00000000000000000000000000000000
N3GD_BODY id=35 off=070 00000000000000000000000000000000
N3GD_BODY id=35 off=080 00000000000000000000000000000000
N3GD_BODY id=35 off=090 00000000000000000000000000000000
N3GD_BODY id=35 off=0a0 00000000000000000000000000000000
N3GD_BODY id=35 off=0b0 00000000000000000000000000000000
N3GD_BODY id=35 off=0c0 00000000000000000000000000000000
N3GD_BODY id=35 off=0d0 00000000000000000000000000000000
N3GD_BODY id=35 off=0e0 00000000000000000000000000000000
N3GD_BODY id=35 off=0f0 00000000000000000000000000000000
N3GD_BODY id=35 off=100 00000000000000000000000000000000
N3GD_BODY id=35 off=110 00000000000000000000000000000000
N3GD_BODY id=35 off=120 00000000000000000000000000000000
N3GD_BODY id=35 off=130 00000000000000000000000000000000
N3GD_BODY id=35 off=140 00000000000000000000000000000000
N3GD_BODY id=35 off=150 00000000000000000000000000000000
N3GD_BODY id=35 off=160 00000000000000000000000000000000
N3GD_BODY id=35 off=170 00000000000000000000000000000000
N3GD_BODY id=35 off=180 00000000000000000000000000000000
N3GD_BODY id=35 off=190 00000000000000000000000000000000
N3GD_BODY id=35 off=1a0 00000000000000000000000000000000
N3GD_BODY id=35 off=1b0 00000000000000000000000000000000
N3GD_BODY id=35 off=1c0 00000000000000000000000000000000
N3GD_BODY id=35 off=1d0 00000000000000000000000000000000
N3GD_BODY id=35 off=1e0 00000000000000000000000000000000
N3GD_BODY id=35 off=1f0 00000000000000000000000000000000
N3GD_BODY id=35 off=200 00000000000000000000000000000000
N3GD_BODY id=35 off=210 00000000000000000000000000000000
N3GD_BODY id=35 off=220 00000000000000000000000000000000
N3GD_BODY id=35 off=230 00000000000000000000000000000000
N3GD_BODY id=35 off=240 00000000000000000000000000000000
N3GD_BODY id=35 off=250 00000000000000000000000000000000
N3GD_BODY id=35 off=260 00000000000000000000000000000000
N3GD_BODY id=35 off=270 00000000000000000000000000000000
N3GD_BODY id=35 off=280 00000000000000000000000000000000
N3GD_BODY id=35 off=290 00000000000000000000000000000000
N3GD_BODY id=35 off=2a0 00000000000000000000000000000000
N3GD_BODY id=35 off=2b0 00000000000000000000000000000000
N3GD_BODY id=35 off=2c0 00000000000000000000000000000000
N3GD_BODY id=35 off=2d0 00000000000000000000000000000000
N3GD_BODY id=35 off=2e0 00000000000000000000000000000000
N3GD_BODY id=35 off=2f0 00000000000000000000000000000000
N3GD_BODY id=35 off=300 00000000000000000000000000000000
N3GD_BODY id=35 off=310 00000000000000000000000000000000
N3GD_BODY id=35 off=320 00000000000000000000000000000000
N3GD_BODY id=35 off=330 00000000000000000000000000000000
N3GD_BODY id=35 off=340 00000000000000000000000000000000
N3GD_BODY id=35 off=350 00000000000000000000000000000000
N3GD_BODY id=35 off=360 00000000000000000000000000000000
N3GD_BODY id=35 off=370 00000000000000000000000000000000
N3GD_BODY id=35 off=380 00000000000000000000000000000000
N3GD_BODY id=35 off=390 00000000000000000000000000000000
N3GD_BODY id=35 off=3a0 00000000000000000000000000000000
N3GD_BODY id=35 off=3b0 00000000000000000000000000000000
N3GD_BODY id=35 off=3c0 00000000000000000000000000000000
N3GD_BODY id=35 off=3d0 00000000000000000000000000000000
N3GD_BODY id=35 off=3e0 00000000000000000000000000000000
N3GD_BODY id=35 off=3f0 00000000000000000000000000000000
N3GD_BODY id=35 off=400 00000000000000000000000000000000
N3GD_BODY id=35 off=410 00000000000000000000000000000000
N3GD_BODY id=35 off=420 00000000000000000000000000000000
N3GD_BODY id=35 off=430 00000000000000000000000000000000
N3GD_BODY id=35 off=440 00000000000000000000000000000000
N3GD_BODY id=35 off=450 00000000000000000000000000000000
N3GD_BODY id=35 off=460 00000000000000000000000000000000
N3GD_BODY id=35 off=470 00000000000000000000000000000000
N3GD_BODY id=35 off=480 00000000000000000000000000000000
N3GD_BODY id=35 off=490 00000000000000000000000000000000
N3GD_BODY id=35 off=4a0 00000000000000000000000000000000
N3GD_BODY id=35 off=4b0 00000000000000000000000000000000
N3GD_BODY id=35 off=4c0 00000000000000000000000000000000
N3GD_BODY id=35 off=4d0 00000000000000000000000000000000
N3GD_BODY id=35 off=4e0 00000000000000000000000000000000
N3GD_BODY id=35 off=4f0 00000000000000000000000000000000
N3GD_BODY id=35 off=500 00000000000000000000000000000000
N3GD_BODY id=35 off=510 00000000000000000000000000000000
N3GD_BODY id=35 off=520 00000000000000000000000000000000
N3GD_BODY id=35 off=530 00000000000000000000000000000000
N3GD_BODY id=35 off=540 00000000000000000000000000000000
N3GD_BODY id=35 off=550 00000000000000000000000000000000
N3GD_BODY id=35 off=560 00000000000000000000000000000000
N3GD_BODY id=35 off=570 00000000000000000000000000000000
N3GD_BODY id=35 off=580 00000000000000000000000000000000
N3GD_BODY id=35 off=590 00000000000000000000000000000000
N3GD_BODY id=35 off=5a0 00000000000000000000000000000000
N3GD_BODY id=35 off=5b0 00000000000000000000000000000000
N3GD_BODY id=35 off=5c0 00000000000000000000000000000000
N3GD_BODY id=35 off=5d0 00000000000000000000000000000000
N3GD_BODY id=35 off=5e0 00000000000000000000000000000000
N3GD_BODY id=35 off=5f0 00000000000000000000000000000000
N3GD_BODY id=35 off=600 00000000000000000000000000000000
N3GD_BODY id=35 off=610 00000000000000000000000000000000
N3GD_BODY id=35 off=620 00000000000000000000000000000000
N3GD_BODY id=35 off=630 00000000000000000000000000000000
N3GD_BODY id=35 off=640 00000000000000000000000000000000
N3GD_BODY id=35 off=650 00000000000000000000000000000000
N3GD_BODY id=35 off=660 00000000000000000000000000000000
N3GD_BODY id=35 off=670 00000000000000000000000000000000
N3GD_BODY id=35 off=680 00000000000000000000000000000000
N3GD_BODY id=35 off=690 00000000000000000000000000000000
N3GD_BODY id=35 off=6a0 00000000000000000000000000000000
N3GD_BODY id=35 off=6b0 00000000000000000000000000000000
N3GD_BODY id=35 off=6c0 00000000000000000000000000000000
N3GD_BODY id=35 off=6d0 00000000000000000000000000000000
N3GD_BODY id=35 off=6e0 00000000000000000000000000000000
N3GD_BODY id=35 off=6f0 00000000000000000000000000000000
N3GD_BODY id=35 off=700 00000000000000000000000000000000
N3GD_BODY id=35 off=710 00000000000000000000000000000000
N3GD_BODY id=35 off=720 00000000000000000000000000000000
N3GD_BODY id=35 off=730 00000000000000000000000000000000
N3GD_BODY id=35 off=740 00000000000000000000000000000000
N3GD_BODY id=35 off=750 00000000000000000000000000000000
N3GD_BODY id=35 off=760 00000000000000000000000000000000
N3GD_BODY id=35 off=770 00000000000000000000000000000000
N3GD_BODY id=35 off=780 00000000000000000000000000000000
N3GD_BODY id=35 off=790 00000000000000000000000000000000
N3GD_BODY id=35 off=7a0 00000000000000000000000000000000
N3GD_BODY id=35 off=7b0 00000000000000000000000000000000
N3GD_BODY id=35 off=7c0 00000000000000000000000000000000
N3GD_BODY id=35 off=7d0 00000000000000000000000000000000
N3GD_BODY id=35 off=7e0 00000000000000000000000000000000
N3GD_BODY id=35 off=7f0 00000000000000000000000000000000
N3GD_OOB id=35 off=000 000000000000000000000000e5ab0678
N3GD_OOB id=35 off=010 0a52efac2207c7a2053adbc8606282c5
N3GD_OOB id=35 off=020 374bcde4a25178a6eb7e94b8b7fa1e2e
N3GD_OOB id=35 off=030 eddbaafff14d9b9ea7ce563d3b3c79fe
N3GD_END id=35
N3GD_BEGIN id=36 kind=cand j=347 v=03A3 po=3 sl=4294967295 l0=00015000 host=0000A07E tgt=000140FC bank=3 pb=1356 pp=0 phy=173568 shift=4294967295 t=00 ix=0000 u=00000000 l=00000000
N3GD_BODY id=36 off=000 00000000000000000000000000000000
N3GD_BODY id=36 off=010 00000000000000000000000000000000
N3GD_BODY id=36 off=020 00000000000000000000000000000000
N3GD_BODY id=36 off=030 00000000000000000000000000000000
N3GD_BODY id=36 off=040 00000000000000000000000000000000
N3GD_BODY id=36 off=050 00000000000000000000000000000000
N3GD_BODY id=36 off=060 00000000000000000000000000000000
N3GD_BODY id=36 off=070 00000000000000000000000000000000
N3GD_BODY id=36 off=080 00000000000000000000000000000000
N3GD_BODY id=36 off=090 00000000000000000000000000000000
N3GD_BODY id=36 off=0a0 00000000000000000000000000000000
N3GD_BODY id=36 off=0b0 00000000000000000000000000000000
N3GD_BODY id=36 off=0c0 00000000000000000000000000000000
N3GD_BODY id=36 off=0d0 00000000000000000000000000000000
N3GD_BODY id=36 off=0e0 00000000000000000000000000000000
N3GD_BODY id=36 off=0f0 00000000000000000000000000000000
N3GD_BODY id=36 off=100 00000000000000000000000000000000
N3GD_BODY id=36 off=110 00000000000000000000000000000000
N3GD_BODY id=36 off=120 00000000000000000000000000000000
N3GD_BODY id=36 off=130 00000000000000000000000000000000
N3GD_BODY id=36 off=140 00000000000000000000000000000000
N3GD_BODY id=36 off=150 00000000000000000000000000000000
N3GD_BODY id=36 off=160 00000000000000000000000000000000
N3GD_BODY id=36 off=170 00000000000000000000000000000000
N3GD_BODY id=36 off=180 00000000000000000000000000000000
N3GD_BODY id=36 off=190 00000000000000000000000000000000
N3GD_BODY id=36 off=1a0 00000000000000000000000000000000
N3GD_BODY id=36 off=1b0 00000000000000000000000000000000
N3GD_BODY id=36 off=1c0 00000000000000000000000000000000
N3GD_BODY id=36 off=1d0 00000000000000000000000000000000
N3GD_BODY id=36 off=1e0 00000000000000000000000000000000
N3GD_BODY id=36 off=1f0 00000000000000000000000000000000
N3GD_BODY id=36 off=200 00000000000000000000000000000000
N3GD_BODY id=36 off=210 00000000000000000000000000000000
N3GD_BODY id=36 off=220 00000000000000000000000000000000
N3GD_BODY id=36 off=230 00000000000000000000000000000000
N3GD_BODY id=36 off=240 00000000000000000000000000000000
N3GD_BODY id=36 off=250 00000000000000000000000000000000
N3GD_BODY id=36 off=260 00000000000000000000000000000000
N3GD_BODY id=36 off=270 00000000000000000000000000000000
N3GD_BODY id=36 off=280 00000000000000000000000000000000
N3GD_BODY id=36 off=290 00000000000000000000000000000000
N3GD_BODY id=36 off=2a0 00000000000000000000000000000000
N3GD_BODY id=36 off=2b0 00000000000000000000000000000000
N3GD_BODY id=36 off=2c0 00000000000000000000000000000000
N3GD_BODY id=36 off=2d0 00000000000000000000000000000000
N3GD_BODY id=36 off=2e0 00000000000000000000000000000000
N3GD_BODY id=36 off=2f0 00000000000000000000000000000000
N3GD_BODY id=36 off=300 00000000000000000000000000000000
N3GD_BODY id=36 off=310 00000000000000000000000000000000
N3GD_BODY id=36 off=320 00000000000000000000000000000000
N3GD_BODY id=36 off=330 00000000000000000000000000000000
N3GD_BODY id=36 off=340 00000000000000000000000000000000
N3GD_BODY id=36 off=350 00000000000000000000000000000000
N3GD_BODY id=36 off=360 00000000000000000000000000000000
N3GD_BODY id=36 off=370 00000000000000000000000000000000
N3GD_BODY id=36 off=380 00000000000000000000000000000000
N3GD_BODY id=36 off=390 00000000000000000000000000000000
N3GD_BODY id=36 off=3a0 00000000000000000000000000000000
N3GD_BODY id=36 off=3b0 00000000000000000000000000000000
N3GD_BODY id=36 off=3c0 00000000000000000000000000000000
N3GD_BODY id=36 off=3d0 00000000000000000000000000000000
N3GD_BODY id=36 off=3e0 00000000000000000000000000000000
N3GD_BODY id=36 off=3f0 00000000000000000000000000000000
N3GD_BODY id=36 off=400 00000000000000000000000000000000
N3GD_BODY id=36 off=410 00000000000000000000000000000000
N3GD_BODY id=36 off=420 00000000000000000000000000000000
N3GD_BODY id=36 off=430 00000000000000000000000000000000
N3GD_BODY id=36 off=440 00000000000000000000000000000000
N3GD_BODY id=36 off=450 00000000000000000000000000000000
N3GD_BODY id=36 off=460 00000000000000000000000000000000
N3GD_BODY id=36 off=470 00000000000000000000000000000000
N3GD_BODY id=36 off=480 00000000000000000000000000000000
N3GD_BODY id=36 off=490 00000000000000000000000000000000
N3GD_BODY id=36 off=4a0 00000000000000000000000000000000
N3GD_BODY id=36 off=4b0 00000000000000000000000000000000
N3GD_BODY id=36 off=4c0 00000000000000000000000000000000
N3GD_BODY id=36 off=4d0 00000000000000000000000000000000
N3GD_BODY id=36 off=4e0 00000000000000000000000000000000
N3GD_BODY id=36 off=4f0 00000000000000000000000000000000
N3GD_BODY id=36 off=500 00000000000000000000000000000000
N3GD_BODY id=36 off=510 00000000000000000000000000000000
N3GD_BODY id=36 off=520 00000000000000000000000000000000
N3GD_BODY id=36 off=530 00000000000000000000000000000000
N3GD_BODY id=36 off=540 00000000000000000000000000000000
N3GD_BODY id=36 off=550 00000000000000000000000000000000
N3GD_BODY id=36 off=560 00000000000000000000000000000000
N3GD_BODY id=36 off=570 00000000000000000000000000000000
N3GD_BODY id=36 off=580 00000000000000000000000000000000
N3GD_BODY id=36 off=590 00000000000000000000000000000000
N3GD_BODY id=36 off=5a0 00000000000000000000000000000000
N3GD_BODY id=36 off=5b0 00000000000000000000000000000000
N3GD_BODY id=36 off=5c0 00000000000000000000000000000000
N3GD_BODY id=36 off=5d0 00000000000000000000000000000000
N3GD_BODY id=36 off=5e0 00000000000000000000000000000000
N3GD_BODY id=36 off=5f0 00000000000000000000000000000000
N3GD_BODY id=36 off=600 00000000000000000000000000000000
N3GD_BODY id=36 off=610 00000000000000000000000000000000
N3GD_BODY id=36 off=620 00000000000000000000000000000000
N3GD_BODY id=36 off=630 00000000000000000000000000000000
N3GD_BODY id=36 off=640 00000000000000000000000000000000
N3GD_BODY id=36 off=650 00000000000000000000000000000000
N3GD_BODY id=36 off=660 00000000000000000000000000000000
N3GD_BODY id=36 off=670 00000000000000000000000000000000
N3GD_BODY id=36 off=680 00000000000000000000000000000000
N3GD_BODY id=36 off=690 00000000000000000000000000000000
N3GD_BODY id=36 off=6a0 00000000000000000000000000000000
N3GD_BODY id=36 off=6b0 00000000000000000000000000000000
N3GD_BODY id=36 off=6c0 00000000000000000000000000000000
N3GD_BODY id=36 off=6d0 00000000000000000000000000000000
N3GD_BODY id=36 off=6e0 00000000000000000000000000000000
N3GD_BODY id=36 off=6f0 00000000000000000000000000000000
N3GD_BODY id=36 off=700 00000000000000000000000000000000
N3GD_BODY id=36 off=710 00000000000000000000000000000000
N3GD_BODY id=36 off=720 00000000000000000000000000000000
N3GD_BODY id=36 off=730 00000000000000000000000000000000
N3GD_BODY id=36 off=740 00000000000000000000000000000000
N3GD_BODY id=36 off=750 00000000000000000000000000000000
N3GD_BODY id=36 off=760 00000000000000000000000000000000
N3GD_BODY id=36 off=770 00000000000000000000000000000000
N3GD_BODY id=36 off=780 00000000000000000000000000000000
N3GD_BODY id=36 off=790 00000000000000000000000000000000
N3GD_BODY id=36 off=7a0 00000000000000000000000000000000
N3GD_BODY id=36 off=7b0 00000000000000000000000000000000
N3GD_BODY id=36 off=7c0 00000000000000000000000000000000
N3GD_BODY id=36 off=7d0 00000000000000000000000000000000
N3GD_BODY id=36 off=7e0 00000000000000000000000000000000
N3GD_BODY id=36 off=7f0 00000000000000000000000000000000
N3GD_OOB id=36 off=000 000000000000000000000000e5ab0678
N3GD_OOB id=36 off=010 0a52efac2207c7a2053adbc8606282c5
N3GD_OOB id=36 off=020 374bcde4a25178a6eb7e94b8b7fa1e2e
N3GD_OOB id=36 off=030 eddbaafff14d9b9ea7ce563d3b3c79fe
N3GD_END id=36
N3GD_BEGIN id=37 kind=cand j=347 v=03A3 po=4 sl=4294967295 l0=00015000 host=0000A07E tgt=000140FC bank=0 pb=1356 pp=1 phy=173569 shift=4294967295 t=40 ix=DBE2 u=00015008 l=00015008
N3GD_BODY id=37 off=000 00000000000000000000000000000000
N3GD_BODY id=37 off=010 00000000000000000000000000000000
N3GD_BODY id=37 off=020 00000000000000000000000000000000
N3GD_BODY id=37 off=030 00000000000000000000000000000000
N3GD_BODY id=37 off=040 00000000000000000000000000000000
N3GD_BODY id=37 off=050 00000000000000000000000000000000
N3GD_BODY id=37 off=060 00000000000000000000000000000000
N3GD_BODY id=37 off=070 00000000000000000000000000000000
N3GD_BODY id=37 off=080 00000000000000000000000000000000
N3GD_BODY id=37 off=090 00000000000000000000000000000000
N3GD_BODY id=37 off=0a0 00000000000000000000000000000000
N3GD_BODY id=37 off=0b0 00000000000000000000000000000000
N3GD_BODY id=37 off=0c0 00000000000000000000000000000000
N3GD_BODY id=37 off=0d0 00000000000000000000000000000000
N3GD_BODY id=37 off=0e0 00000000000000000000000000000000
N3GD_BODY id=37 off=0f0 00000000000000000000000000000000
N3GD_BODY id=37 off=100 00000000000000000000000000000000
N3GD_BODY id=37 off=110 00000000000000000000000000000000
N3GD_BODY id=37 off=120 00000000000000000000000000000000
N3GD_BODY id=37 off=130 00000000000000000000000000000000
N3GD_BODY id=37 off=140 00000000000000000000000000000000
N3GD_BODY id=37 off=150 00000000000000000000000000000000
N3GD_BODY id=37 off=160 00000000000000000000000000000000
N3GD_BODY id=37 off=170 00000000000000000000000000000000
N3GD_BODY id=37 off=180 00000000000000000000000000000000
N3GD_BODY id=37 off=190 00000000000000000000000000000000
N3GD_BODY id=37 off=1a0 00000000000000000000000000000000
N3GD_BODY id=37 off=1b0 00000000000000000000000000000000
N3GD_BODY id=37 off=1c0 00000000000000000000000000000000
N3GD_BODY id=37 off=1d0 00000000000000000000000000000000
N3GD_BODY id=37 off=1e0 00000000000000000000000000000000
N3GD_BODY id=37 off=1f0 00000000000000000000000000000000
N3GD_BODY id=37 off=200 00000000000000000000000000000000
N3GD_BODY id=37 off=210 00000000000000000000000000000000
N3GD_BODY id=37 off=220 00000000000000000000000000000000
N3GD_BODY id=37 off=230 00000000000000000000000000000000
N3GD_BODY id=37 off=240 00000000000000000000000000000000
N3GD_BODY id=37 off=250 00000000000000000000000000000000
N3GD_BODY id=37 off=260 00000000000000000000000000000000
N3GD_BODY id=37 off=270 00000000000000000000000000000000
N3GD_BODY id=37 off=280 00000000000000000000000000000000
N3GD_BODY id=37 off=290 00000000000000000000000000000000
N3GD_BODY id=37 off=2a0 00000000000000000000000000000000
N3GD_BODY id=37 off=2b0 00000000000000000000000000000000
N3GD_BODY id=37 off=2c0 00000000000000000000000000000000
N3GD_BODY id=37 off=2d0 00000000000000000000000000000000
N3GD_BODY id=37 off=2e0 00000000000000000000000000000000
N3GD_BODY id=37 off=2f0 00000000000000000000000000000000
N3GD_BODY id=37 off=300 00000000000000000000000000000000
N3GD_BODY id=37 off=310 00000000000000000000000000000000
N3GD_BODY id=37 off=320 00000000000000000000000000000000
N3GD_BODY id=37 off=330 00000000000000000000000000000000
N3GD_BODY id=37 off=340 00000000000000000000000000000000
N3GD_BODY id=37 off=350 00000000000000000000000000000000
N3GD_BODY id=37 off=360 00000000000000000000000000000000
N3GD_BODY id=37 off=370 00000000000000000000000000000000
N3GD_BODY id=37 off=380 00000000000000000000000000000000
N3GD_BODY id=37 off=390 00000000000000000000000000000000
N3GD_BODY id=37 off=3a0 00000000000000000000000000000000
N3GD_BODY id=37 off=3b0 00000000000000000000000000000000
N3GD_BODY id=37 off=3c0 00000000000000000000000000000000
N3GD_BODY id=37 off=3d0 00000000000000000000000000000000
N3GD_BODY id=37 off=3e0 00000000000000000000000000000000
N3GD_BODY id=37 off=3f0 00000000000000000000000000000000
N3GD_BODY id=37 off=400 00000000000000000000000000000000
N3GD_BODY id=37 off=410 00000000000000000000000000000000
N3GD_BODY id=37 off=420 00000000000000000000000000000000
N3GD_BODY id=37 off=430 00000000000000000000000000000000
N3GD_BODY id=37 off=440 00000000000000000000000000000000
N3GD_BODY id=37 off=450 00000000000000000000000000000000
N3GD_BODY id=37 off=460 00000000000000000000000000000000
N3GD_BODY id=37 off=470 00000000000000000000000000000000
N3GD_BODY id=37 off=480 00000000000000000000000000000000
N3GD_BODY id=37 off=490 00000000000000000000000000000000
N3GD_BODY id=37 off=4a0 00000000000000000000000000000000
N3GD_BODY id=37 off=4b0 00000000000000000000000000000000
N3GD_BODY id=37 off=4c0 00000000000000000000000000000000
N3GD_BODY id=37 off=4d0 00000000000000000000000000000000
N3GD_BODY id=37 off=4e0 00000000000000000000000000000000
N3GD_BODY id=37 off=4f0 00000000000000000000000000000000
N3GD_BODY id=37 off=500 00000000000000000000000000000000
N3GD_BODY id=37 off=510 00000000000000000000000000000000
N3GD_BODY id=37 off=520 00000000000000000000000000000000
N3GD_BODY id=37 off=530 00000000000000000000000000000000
N3GD_BODY id=37 off=540 00000000000000000000000000000000
N3GD_BODY id=37 off=550 00000000000000000000000000000000
N3GD_BODY id=37 off=560 00000000000000000000000000000000
N3GD_BODY id=37 off=570 00000000000000000000000000000000
N3GD_BODY id=37 off=580 00000000000000000000000000000000
N3GD_BODY id=37 off=590 00000000000000000000000000000000
N3GD_BODY id=37 off=5a0 00000000000000000000000000000000
N3GD_BODY id=37 off=5b0 00000000000000000000000000000000
N3GD_BODY id=37 off=5c0 00000000000000000000000000000000
N3GD_BODY id=37 off=5d0 00000000000000000000000000000000
N3GD_BODY id=37 off=5e0 00000000000000000000000000000000
N3GD_BODY id=37 off=5f0 00000000000000000000000000000000
N3GD_BODY id=37 off=600 00000000000000000000000000000000
N3GD_BODY id=37 off=610 00000000000000000000000000000000
N3GD_BODY id=37 off=620 00000000000000000000000000000000
N3GD_BODY id=37 off=630 00000000000000000000000000000000
N3GD_BODY id=37 off=640 00000000000000000000000000000000
N3GD_BODY id=37 off=650 00000000000000000000000000000000
N3GD_BODY id=37 off=660 00000000000000000000000000000000
N3GD_BODY id=37 off=670 00000000000000000000000000000000
N3GD_BODY id=37 off=680 00000000000000000000000000000000
N3GD_BODY id=37 off=690 00000000000000000000000000000000
N3GD_BODY id=37 off=6a0 00000000000000000000000000000000
N3GD_BODY id=37 off=6b0 00000000000000000000000000000000
N3GD_BODY id=37 off=6c0 00000000000000000000000000000000
N3GD_BODY id=37 off=6d0 00000000000000000000000000000000
N3GD_BODY id=37 off=6e0 00000000000000000000000000000000
N3GD_BODY id=37 off=6f0 00000000000000000000000000000000
N3GD_BODY id=37 off=700 00000000000000000000000000000000
N3GD_BODY id=37 off=710 00000000000000000000000000000000
N3GD_BODY id=37 off=720 00000000000000000000000000000000
N3GD_BODY id=37 off=730 00000000000000000000000000000000
N3GD_BODY id=37 off=740 00000000000000000000000000000000
N3GD_BODY id=37 off=750 00000000000000000000000000000000
N3GD_BODY id=37 off=760 00000000000000000000000000000000
N3GD_BODY id=37 off=770 00000000000000000000000000000000
N3GD_BODY id=37 off=780 00000000000000000000000000000000
N3GD_BODY id=37 off=790 00000000000000000000000000000000
N3GD_BODY id=37 off=7a0 00000000000000000000000000000000
N3GD_BODY id=37 off=7b0 00000000000000000000000000000000
N3GD_BODY id=37 off=7c0 00000000000000000000000000000000
N3GD_BODY id=37 off=7d0 00000000000000000000000000000000
N3GD_BODY id=37 off=7e0 00000000000000000000000000000000
N3GD_BODY id=37 off=7f0 00000000000000000000000000000000
N3GD_OOB id=37 off=000 08500100e2db0000ff40ffffe5ab0678
N3GD_OOB id=37 off=010 0a52efac2207c7a2053adbc8606282c5
N3GD_OOB id=37 off=020 374bcde4a25178a6eb7e94b8b7fa1e2e
N3GD_OOB id=37 off=030 eddbaafff14d9b9ea7ce563d3b3c79fe
N3GD_END id=37
N3GD_BEGIN id=38 kind=cand j=347 v=03A3 po=63 sl=4294967295 l0=00015000 host=0000A07E tgt=000140FC bank=3 pb=1356 pp=15 phy=173583 shift=4294967295 t=00 ix=0000 u=00000000 l=00000000
N3GD_BODY id=38 off=000 00000000000000000000000000000000
N3GD_BODY id=38 off=010 00000000000000000000000000000000
N3GD_BODY id=38 off=020 00000000000000000000000000000000
N3GD_BODY id=38 off=030 00000000000000000000000000000000
N3GD_BODY id=38 off=040 00000000000000000000000000000000
N3GD_BODY id=38 off=050 00000000000000000000000000000000
N3GD_BODY id=38 off=060 00000000000000000000000000000000
N3GD_BODY id=38 off=070 00000000000000000000000000000000
N3GD_BODY id=38 off=080 00000000000000000000000000000000
N3GD_BODY id=38 off=090 00000000000000000000000000000000
N3GD_BODY id=38 off=0a0 00000000000000000000000000000000
N3GD_BODY id=38 off=0b0 00000000000000000000000000000000
N3GD_BODY id=38 off=0c0 00000000000000000000000000000000
N3GD_BODY id=38 off=0d0 00000000000000000000000000000000
N3GD_BODY id=38 off=0e0 00000000000000000000000000000000
N3GD_BODY id=38 off=0f0 00000000000000000000000000000000
N3GD_BODY id=38 off=100 00000000000000000000000000000000
N3GD_BODY id=38 off=110 00000000000000000000000000000000
N3GD_BODY id=38 off=120 00000000000000000000000000000000
N3GD_BODY id=38 off=130 00000000000000000000000000000000
N3GD_BODY id=38 off=140 00000000000000000000000000000000
N3GD_BODY id=38 off=150 00000000000000000000000000000000
N3GD_BODY id=38 off=160 00000000000000000000000000000000
N3GD_BODY id=38 off=170 00000000000000000000000000000000
N3GD_BODY id=38 off=180 00000000000000000000000000000000
N3GD_BODY id=38 off=190 00000000000000000000000000000000
N3GD_BODY id=38 off=1a0 00000000000000000000000000000000
N3GD_BODY id=38 off=1b0 00000000000000000000000000000000
N3GD_BODY id=38 off=1c0 00000000000000000000000000000000
N3GD_BODY id=38 off=1d0 00000000000000000000000000000000
N3GD_BODY id=38 off=1e0 00000000000000000000000000000000
N3GD_BODY id=38 off=1f0 00000000000000000000000000000000
N3GD_BODY id=38 off=200 00000000000000000000000000000000
N3GD_BODY id=38 off=210 00000000000000000000000000000000
N3GD_BODY id=38 off=220 00000000000000000000000000000000
N3GD_BODY id=38 off=230 00000000000000000000000000000000
N3GD_BODY id=38 off=240 00000000000000000000000000000000
N3GD_BODY id=38 off=250 00000000000000000000000000000000
N3GD_BODY id=38 off=260 00000000000000000000000000000000
N3GD_BODY id=38 off=270 00000000000000000000000000000000
N3GD_BODY id=38 off=280 00000000000000000000000000000000
N3GD_BODY id=38 off=290 00000000000000000000000000000000
N3GD_BODY id=38 off=2a0 00000000000000000000000000000000
N3GD_BODY id=38 off=2b0 00000000000000000000000000000000
N3GD_BODY id=38 off=2c0 00000000000000000000000000000000
N3GD_BODY id=38 off=2d0 00000000000000000000000000000000
N3GD_BODY id=38 off=2e0 00000000000000000000000000000000
N3GD_BODY id=38 off=2f0 00000000000000000000000000000000
N3GD_BODY id=38 off=300 00000000000000000000000000000000
N3GD_BODY id=38 off=310 00000000000000000000000000000000
N3GD_BODY id=38 off=320 00000000000000000000000000000000
N3GD_BODY id=38 off=330 00000000000000000000000000000000
N3GD_BODY id=38 off=340 00000000000000000000000000000000
N3GD_BODY id=38 off=350 00000000000000000000000000000000
N3GD_BODY id=38 off=360 00000000000000000000000000000000
N3GD_BODY id=38 off=370 00000000000000000000000000000000
N3GD_BODY id=38 off=380 00000000000000000000000000000000
N3GD_BODY id=38 off=390 00000000000000000000000000000000
N3GD_BODY id=38 off=3a0 00000000000000000000000000000000
N3GD_BODY id=38 off=3b0 00000000000000000000000000000000
N3GD_BODY id=38 off=3c0 00000000000000000000000000000000
N3GD_BODY id=38 off=3d0 00000000000000000000000000000000
N3GD_BODY id=38 off=3e0 00000000000000000000000000000000
N3GD_BODY id=38 off=3f0 00000000000000000000000000000000
N3GD_BODY id=38 off=400 00000000000000000000000000000000
N3GD_BODY id=38 off=410 00000000000000000000000000000000
N3GD_BODY id=38 off=420 00000000000000000000000000000000
N3GD_BODY id=38 off=430 00000000000000000000000000000000
N3GD_BODY id=38 off=440 00000000000000000000000000000000
N3GD_BODY id=38 off=450 00000000000000000000000000000000
N3GD_BODY id=38 off=460 00000000000000000000000000000000
N3GD_BODY id=38 off=470 00000000000000000000000000000000
N3GD_BODY id=38 off=480 00000000000000000000000000000000
N3GD_BODY id=38 off=490 00000000000000000000000000000000
N3GD_BODY id=38 off=4a0 00000000000000000000000000000000
N3GD_BODY id=38 off=4b0 00000000000000000000000000000000
N3GD_BODY id=38 off=4c0 00000000000000000000000000000000
N3GD_BODY id=38 off=4d0 00000000000000000000000000000000
N3GD_BODY id=38 off=4e0 00000000000000000000000000000000
N3GD_BODY id=38 off=4f0 00000000000000000000000000000000
N3GD_BODY id=38 off=500 00000000000000000000000000000000
N3GD_BODY id=38 off=510 00000000000000000000000000000000
N3GD_BODY id=38 off=520 00000000000000000000000000000000
N3GD_BODY id=38 off=530 00000000000000000000000000000000
N3GD_BODY id=38 off=540 00000000000000000000000000000000
N3GD_BODY id=38 off=550 00000000000000000000000000000000
N3GD_BODY id=38 off=560 00000000000000000000000000000000
N3GD_BODY id=38 off=570 00000000000000000000000000000000
N3GD_BODY id=38 off=580 00000000000000000000000000000000
N3GD_BODY id=38 off=590 00000000000000000000000000000000
N3GD_BODY id=38 off=5a0 00000000000000000000000000000000
N3GD_BODY id=38 off=5b0 00000000000000000000000000000000
N3GD_BODY id=38 off=5c0 00000000000000000000000000000000
N3GD_BODY id=38 off=5d0 00000000000000000000000000000000
N3GD_BODY id=38 off=5e0 00000000000000000000000000000000
N3GD_BODY id=38 off=5f0 00000000000000000000000000000000
N3GD_BODY id=38 off=600 00000000000000000000000000000000
N3GD_BODY id=38 off=610 00000000000000000000000000000000
N3GD_BODY id=38 off=620 00000000000000000000000000000000
N3GD_BODY id=38 off=630 00000000000000000000000000000000
N3GD_BODY id=38 off=640 00000000000000000000000000000000
N3GD_BODY id=38 off=650 00000000000000000000000000000000
N3GD_BODY id=38 off=660 00000000000000000000000000000000
N3GD_BODY id=38 off=670 00000000000000000000000000000000
N3GD_BODY id=38 off=680 00000000000000000000000000000000
N3GD_BODY id=38 off=690 00000000000000000000000000000000
N3GD_BODY id=38 off=6a0 00000000000000000000000000000000
N3GD_BODY id=38 off=6b0 00000000000000000000000000000000
N3GD_BODY id=38 off=6c0 00000000000000000000000000000000
N3GD_BODY id=38 off=6d0 00000000000000000000000000000000
N3GD_BODY id=38 off=6e0 00000000000000000000000000000000
N3GD_BODY id=38 off=6f0 00000000000000000000000000000000
N3GD_BODY id=38 off=700 00000000000000000000000000000000
N3GD_BODY id=38 off=710 00000000000000000000000000000000
N3GD_BODY id=38 off=720 00000000000000000000000000000000
N3GD_BODY id=38 off=730 00000000000000000000000000000000
N3GD_BODY id=38 off=740 00000000000000000000000000000000
N3GD_BODY id=38 off=750 00000000000000000000000000000000
N3GD_BODY id=38 off=760 00000000000000000000000000000000
N3GD_BODY id=38 off=770 00000000000000000000000000000000
N3GD_BODY id=38 off=780 00000000000000000000000000000000
N3GD_BODY id=38 off=790 00000000000000000000000000000000
N3GD_BODY id=38 off=7a0 00000000000000000000000000000000
N3GD_BODY id=38 off=7b0 00000000000000000000000000000000
N3GD_BODY id=38 off=7c0 00000000000000000000000000000000
N3GD_BODY id=38 off=7d0 00000000000000000000000000000000
N3GD_BODY id=38 off=7e0 00000000000000000000000000000000
N3GD_BODY id=38 off=7f0 00000000000000000000000000000000
N3GD_OOB id=38 off=000 000000000000000000000000e5ab0678
N3GD_OOB id=38 off=010 0a52efac2207c7a2053adbc8606282c5
N3GD_OOB id=38 off=020 374bcde4a25178a6eb7e94b8b7fa1e2e
N3GD_OOB id=38 off=030 eddbaafff14d9b9ea7ce563d3b3c79fe
N3GD_END id=38
N3GD_BEGIN id=39 kind=cand j=347 v=03A3 po=64 sl=4294967295 l0=00015000 host=0000A07E tgt=000140FC bank=0 pb=1356 pp=16 phy=173584 shift=4294967295 t=40 ix=DBEE u=00015080 l=00015080
N3GD_BODY id=39 off=000 00000000000000000000000000000000
N3GD_BODY id=39 off=010 00000000000000000000000000000000
N3GD_BODY id=39 off=020 00000000000000000000000000000000
N3GD_BODY id=39 off=030 00000000000000000000000000000000
N3GD_BODY id=39 off=040 00000000000000000000000000000000
N3GD_BODY id=39 off=050 00000000000000000000000000000000
N3GD_BODY id=39 off=060 00000000000000000000000000000000
N3GD_BODY id=39 off=070 00000000000000000000000000000000
N3GD_BODY id=39 off=080 00000000000000000000000000000000
N3GD_BODY id=39 off=090 00000000000000000000000000000000
N3GD_BODY id=39 off=0a0 00000000000000000000000000000000
N3GD_BODY id=39 off=0b0 00000000000000000000000000000000
N3GD_BODY id=39 off=0c0 00000000000000000000000000000000
N3GD_BODY id=39 off=0d0 00000000000000000000000000000000
N3GD_BODY id=39 off=0e0 00000000000000000000000000000000
N3GD_BODY id=39 off=0f0 00000000000000000000000000000000
N3GD_BODY id=39 off=100 00000000000000000000000000000000
N3GD_BODY id=39 off=110 00000000000000000000000000000000
N3GD_BODY id=39 off=120 00000000000000000000000000000000
N3GD_BODY id=39 off=130 00000000000000000000000000000000
N3GD_BODY id=39 off=140 00000000000000000000000000000000
N3GD_BODY id=39 off=150 00000000000000000000000000000000
N3GD_BODY id=39 off=160 00000000000000000000000000000000
N3GD_BODY id=39 off=170 00000000000000000000000000000000
N3GD_BODY id=39 off=180 00000000000000000000000000000000
N3GD_BODY id=39 off=190 00000000000000000000000000000000
N3GD_BODY id=39 off=1a0 00000000000000000000000000000000
N3GD_BODY id=39 off=1b0 00000000000000000000000000000000
N3GD_BODY id=39 off=1c0 00000000000000000000000000000000
N3GD_BODY id=39 off=1d0 00000000000000000000000000000000
N3GD_BODY id=39 off=1e0 00000000000000000000000000000000
N3GD_BODY id=39 off=1f0 00000000000000000000000000000000
N3GD_BODY id=39 off=200 00000000000000000000000000000000
N3GD_BODY id=39 off=210 00000000000000000000000000000000
N3GD_BODY id=39 off=220 00000000000000000000000000000000
N3GD_BODY id=39 off=230 00000000000000000000000000000000
N3GD_BODY id=39 off=240 00000000000000000000000000000000
N3GD_BODY id=39 off=250 00000000000000000000000000000000
N3GD_BODY id=39 off=260 00000000000000000000000000000000
N3GD_BODY id=39 off=270 00000000000000000000000000000000
N3GD_BODY id=39 off=280 00000000000000000000000000000000
N3GD_BODY id=39 off=290 00000000000000000000000000000000
N3GD_BODY id=39 off=2a0 00000000000000000000000000000000
N3GD_BODY id=39 off=2b0 00000000000000000000000000000000
N3GD_BODY id=39 off=2c0 00000000000000000000000000000000
N3GD_BODY id=39 off=2d0 00000000000000000000000000000000
N3GD_BODY id=39 off=2e0 00000000000000000000000000000000
N3GD_BODY id=39 off=2f0 00000000000000000000000000000000
N3GD_BODY id=39 off=300 00000000000000000000000000000000
N3GD_BODY id=39 off=310 00000000000000000000000000000000
N3GD_BODY id=39 off=320 00000000000000000000000000000000
N3GD_BODY id=39 off=330 00000000000000000000000000000000
N3GD_BODY id=39 off=340 00000000000000000000000000000000
N3GD_BODY id=39 off=350 00000000000000000000000000000000
N3GD_BODY id=39 off=360 00000000000000000000000000000000
N3GD_BODY id=39 off=370 00000000000000000000000000000000
N3GD_BODY id=39 off=380 00000000000000000000000000000000
N3GD_BODY id=39 off=390 00000000000000000000000000000000
N3GD_BODY id=39 off=3a0 00000000000000000000000000000000
N3GD_BODY id=39 off=3b0 00000000000000000000000000000000
N3GD_BODY id=39 off=3c0 00000000000000000000000000000000
N3GD_BODY id=39 off=3d0 00000000000000000000000000000000
N3GD_BODY id=39 off=3e0 00000000000000000000000000000000
N3GD_BODY id=39 off=3f0 00000000000000000000000000000000
N3GD_BODY id=39 off=400 00000000000000000000000000000000
N3GD_BODY id=39 off=410 00000000000000000000000000000000
N3GD_BODY id=39 off=420 00000000000000000000000000000000
N3GD_BODY id=39 off=430 00000000000000000000000000000000
N3GD_BODY id=39 off=440 00000000000000000000000000000000
N3GD_BODY id=39 off=450 00000000000000000000000000000000
N3GD_BODY id=39 off=460 00000000000000000000000000000000
N3GD_BODY id=39 off=470 00000000000000000000000000000000
N3GD_BODY id=39 off=480 00000000000000000000000000000000
N3GD_BODY id=39 off=490 00000000000000000000000000000000
N3GD_BODY id=39 off=4a0 00000000000000000000000000000000
N3GD_BODY id=39 off=4b0 00000000000000000000000000000000
N3GD_BODY id=39 off=4c0 00000000000000000000000000000000
N3GD_BODY id=39 off=4d0 00000000000000000000000000000000
N3GD_BODY id=39 off=4e0 00000000000000000000000000000000
N3GD_BODY id=39 off=4f0 00000000000000000000000000000000
N3GD_BODY id=39 off=500 00000000000000000000000000000000
N3GD_BODY id=39 off=510 00000000000000000000000000000000
N3GD_BODY id=39 off=520 00000000000000000000000000000000
N3GD_BODY id=39 off=530 00000000000000000000000000000000
N3GD_BODY id=39 off=540 00000000000000000000000000000000
N3GD_BODY id=39 off=550 00000000000000000000000000000000
N3GD_BODY id=39 off=560 00000000000000000000000000000000
N3GD_BODY id=39 off=570 00000000000000000000000000000000
N3GD_BODY id=39 off=580 00000000000000000000000000000000
N3GD_BODY id=39 off=590 00000000000000000000000000000000
N3GD_BODY id=39 off=5a0 00000000000000000000000000000000
N3GD_BODY id=39 off=5b0 00000000000000000000000000000000
N3GD_BODY id=39 off=5c0 00000000000000000000000000000000
N3GD_BODY id=39 off=5d0 00000000000000000000000000000000
N3GD_BODY id=39 off=5e0 00000000000000000000000000000000
N3GD_BODY id=39 off=5f0 00000000000000000000000000000000
N3GD_BODY id=39 off=600 00000000000000000000000000000000
N3GD_BODY id=39 off=610 00000000000000000000000000000000
N3GD_BODY id=39 off=620 00000000000000000000000000000000
N3GD_BODY id=39 off=630 00000000000000000000000000000000
N3GD_BODY id=39 off=640 00000000000000000000000000000000
N3GD_BODY id=39 off=650 00000000000000000000000000000000
N3GD_BODY id=39 off=660 00000000000000000000000000000000
N3GD_BODY id=39 off=670 00000000000000000000000000000000
N3GD_BODY id=39 off=680 00000000000000000000000000000000
N3GD_BODY id=39 off=690 00000000000000000000000000000000
N3GD_BODY id=39 off=6a0 00000000000000000000000000000000
N3GD_BODY id=39 off=6b0 00000000000000000000000000000000
N3GD_BODY id=39 off=6c0 00000000000000000000000000000000
N3GD_BODY id=39 off=6d0 00000000000000000000000000000000
N3GD_BODY id=39 off=6e0 00000000000000000000000000000000
N3GD_BODY id=39 off=6f0 00000000000000000000000000000000
N3GD_BODY id=39 off=700 00000000000000000000000000000000
N3GD_BODY id=39 off=710 00000000000000000000000000000000
N3GD_BODY id=39 off=720 00000000000000000000000000000000
N3GD_BODY id=39 off=730 00000000000000000000000000000000
N3GD_BODY id=39 off=740 00000000000000000000000000000000
N3GD_BODY id=39 off=750 00000000000000000000000000000000
N3GD_BODY id=39 off=760 00000000000000000000000000000000
N3GD_BODY id=39 off=770 00000000000000000000000000000000
N3GD_BODY id=39 off=780 00000000000000000000000000000000
N3GD_BODY id=39 off=790 00000000000000000000000000000000
N3GD_BODY id=39 off=7a0 00000000000000000000000000000000
N3GD_BODY id=39 off=7b0 00000000000000000000000000000000
N3GD_BODY id=39 off=7c0 00000000000000000000000000000000
N3GD_BODY id=39 off=7d0 00000000000000000000000000000000
N3GD_BODY id=39 off=7e0 00000000000000000000000000000000
N3GD_BODY id=39 off=7f0 00000000000000000000000000000000
N3GD_OOB id=39 off=000 80500100eedb0000ff40ffffe5ab0678
N3GD_OOB id=39 off=010 0a52efac2207c7a2053adbc8606282c5
N3GD_OOB id=39 off=020 374bcde4a25178a6eb7e94b8b7fa1e2e
N3GD_OOB id=39 off=030 eddbaafff14d9b9ea7ce563d3b3c79fe
N3GD_END id=39
N3GD_BEGIN id=40 kind=cand j=347 v=03A3 po=65 sl=4294967295 l0=00015000 host=0000A07E tgt=000140FC bank=1 pb=1356 pp=16 phy=173584 shift=4294967295 t=00 ix=0000 u=00000000 l=00000000
N3GD_BODY id=40 off=000 00000000000000000000000000000000
N3GD_BODY id=40 off=010 00000000000000000000000000000000
N3GD_BODY id=40 off=020 00000000000000000000000000000000
N3GD_BODY id=40 off=030 00000000000000000000000000000000
N3GD_BODY id=40 off=040 00000000000000000000000000000000
N3GD_BODY id=40 off=050 00000000000000000000000000000000
N3GD_BODY id=40 off=060 00000000000000000000000000000000
N3GD_BODY id=40 off=070 00000000000000000000000000000000
N3GD_BODY id=40 off=080 00000000000000000000000000000000
N3GD_BODY id=40 off=090 00000000000000000000000000000000
N3GD_BODY id=40 off=0a0 00000000000000000000000000000000
N3GD_BODY id=40 off=0b0 00000000000000000000000000000000
N3GD_BODY id=40 off=0c0 00000000000000000000000000000000
N3GD_BODY id=40 off=0d0 00000000000000000000000000000000
N3GD_BODY id=40 off=0e0 00000000000000000000000000000000
N3GD_BODY id=40 off=0f0 00000000000000000000000000000000
N3GD_BODY id=40 off=100 00000000000000000000000000000000
N3GD_BODY id=40 off=110 00000000000000000000000000000000
N3GD_BODY id=40 off=120 00000000000000000000000000000000
N3GD_BODY id=40 off=130 00000000000000000000000000000000
N3GD_BODY id=40 off=140 00000000000000000000000000000000
N3GD_BODY id=40 off=150 00000000000000000000000000000000
N3GD_BODY id=40 off=160 00000000000000000000000000000000
N3GD_BODY id=40 off=170 00000000000000000000000000000000
N3GD_BODY id=40 off=180 00000000000000000000000000000000
N3GD_BODY id=40 off=190 00000000000000000000000000000000
N3GD_BODY id=40 off=1a0 00000000000000000000000000000000
N3GD_BODY id=40 off=1b0 00000000000000000000000000000000
N3GD_BODY id=40 off=1c0 00000000000000000000000000000000
N3GD_BODY id=40 off=1d0 00000000000000000000000000000000
N3GD_BODY id=40 off=1e0 00000000000000000000000000000000
N3GD_BODY id=40 off=1f0 00000000000000000000000000000000
N3GD_BODY id=40 off=200 00000000000000000000000000000000
N3GD_BODY id=40 off=210 00000000000000000000000000000000
N3GD_BODY id=40 off=220 00000000000000000000000000000000
N3GD_BODY id=40 off=230 00000000000000000000000000000000
N3GD_BODY id=40 off=240 00000000000000000000000000000000
N3GD_BODY id=40 off=250 00000000000000000000000000000000
N3GD_BODY id=40 off=260 00000000000000000000000000000000
N3GD_BODY id=40 off=270 00000000000000000000000000000000
N3GD_BODY id=40 off=280 00000000000000000000000000000000
N3GD_BODY id=40 off=290 00000000000000000000000000000000
N3GD_BODY id=40 off=2a0 00000000000000000000000000000000
N3GD_BODY id=40 off=2b0 00000000000000000000000000000000
N3GD_BODY id=40 off=2c0 00000000000000000000000000000000
N3GD_BODY id=40 off=2d0 00000000000000000000000000000000
N3GD_BODY id=40 off=2e0 00000000000000000000000000000000
N3GD_BODY id=40 off=2f0 00000000000000000000000000000000
N3GD_BODY id=40 off=300 00000000000000000000000000000000
N3GD_BODY id=40 off=310 00000000000000000000000000000000
N3GD_BODY id=40 off=320 00000000000000000000000000000000
N3GD_BODY id=40 off=330 00000000000000000000000000000000
N3GD_BODY id=40 off=340 00000000000000000000000000000000
N3GD_BODY id=40 off=350 00000000000000000000000000000000
N3GD_BODY id=40 off=360 00000000000000000000000000000000
N3GD_BODY id=40 off=370 00000000000000000000000000000000
N3GD_BODY id=40 off=380 00000000000000000000000000000000
N3GD_BODY id=40 off=390 00000000000000000000000000000000
N3GD_BODY id=40 off=3a0 00000000000000000000000000000000
N3GD_BODY id=40 off=3b0 00000000000000000000000000000000
N3GD_BODY id=40 off=3c0 00000000000000000000000000000000
N3GD_BODY id=40 off=3d0 00000000000000000000000000000000
N3GD_BODY id=40 off=3e0 00000000000000000000000000000000
N3GD_BODY id=40 off=3f0 00000000000000000000000000000000
N3GD_BODY id=40 off=400 00000000000000000000000000000000
N3GD_BODY id=40 off=410 00000000000000000000000000000000
N3GD_BODY id=40 off=420 00000000000000000000000000000000
N3GD_BODY id=40 off=430 00000000000000000000000000000000
N3GD_BODY id=40 off=440 00000000000000000000000000000000
N3GD_BODY id=40 off=450 00000000000000000000000000000000
N3GD_BODY id=40 off=460 00000000000000000000000000000000
N3GD_BODY id=40 off=470 00000000000000000000000000000000
N3GD_BODY id=40 off=480 00000000000000000000000000000000
N3GD_BODY id=40 off=490 00000000000000000000000000000000
N3GD_BODY id=40 off=4a0 00000000000000000000000000000000
N3GD_BODY id=40 off=4b0 00000000000000000000000000000000
N3GD_BODY id=40 off=4c0 00000000000000000000000000000000
N3GD_BODY id=40 off=4d0 00000000000000000000000000000000
N3GD_BODY id=40 off=4e0 00000000000000000000000000000000
N3GD_BODY id=40 off=4f0 00000000000000000000000000000000
N3GD_BODY id=40 off=500 00000000000000000000000000000000
N3GD_BODY id=40 off=510 00000000000000000000000000000000
N3GD_BODY id=40 off=520 00000000000000000000000000000000
N3GD_BODY id=40 off=530 00000000000000000000000000000000
N3GD_BODY id=40 off=540 00000000000000000000000000000000
N3GD_BODY id=40 off=550 00000000000000000000000000000000
N3GD_BODY id=40 off=560 00000000000000000000000000000000
N3GD_BODY id=40 off=570 00000000000000000000000000000000
N3GD_BODY id=40 off=580 00000000000000000000000000000000
N3GD_BODY id=40 off=590 00000000000000000000000000000000
N3GD_BODY id=40 off=5a0 00000000000000000000000000000000
N3GD_BODY id=40 off=5b0 00000000000000000000000000000000
N3GD_BODY id=40 off=5c0 00000000000000000000000000000000
N3GD_BODY id=40 off=5d0 00000000000000000000000000000000
N3GD_BODY id=40 off=5e0 00000000000000000000000000000000
N3GD_BODY id=40 off=5f0 00000000000000000000000000000000
N3GD_BODY id=40 off=600 00000000000000000000000000000000
N3GD_BODY id=40 off=610 00000000000000000000000000000000
N3GD_BODY id=40 off=620 00000000000000000000000000000000
N3GD_BODY id=40 off=630 00000000000000000000000000000000
N3GD_BODY id=40 off=640 00000000000000000000000000000000
N3GD_BODY id=40 off=650 00000000000000000000000000000000
N3GD_BODY id=40 off=660 00000000000000000000000000000000
N3GD_BODY id=40 off=670 00000000000000000000000000000000
N3GD_BODY id=40 off=680 00000000000000000000000000000000
N3GD_BODY id=40 off=690 00000000000000000000000000000000
N3GD_BODY id=40 off=6a0 00000000000000000000000000000000
N3GD_BODY id=40 off=6b0 00000000000000000000000000000000
N3GD_BODY id=40 off=6c0 00000000000000000000000000000000
N3GD_BODY id=40 off=6d0 00000000000000000000000000000000
N3GD_BODY id=40 off=6e0 00000000000000000000000000000000
N3GD_BODY id=40 off=6f0 00000000000000000000000000000000
N3GD_BODY id=40 off=700 00000000000000000000000000000000
N3GD_BODY id=40 off=710 00000000000000000000000000000000
N3GD_BODY id=40 off=720 00000000000000000000000000000000
N3GD_BODY id=40 off=730 00000000000000000000000000000000
N3GD_BODY id=40 off=740 00000000000000000000000000000000
N3GD_BODY id=40 off=750 00000000000000000000000000000000
N3GD_BODY id=40 off=760 00000000000000000000000000000000
N3GD_BODY id=40 off=770 00000000000000000000000000000000
N3GD_BODY id=40 off=780 00000000000000000000000000000000
N3GD_BODY id=40 off=790 00000000000000000000000000000000
N3GD_BODY id=40 off=7a0 00000000000000000000000000000000
N3GD_BODY id=40 off=7b0 00000000000000000000000000000000
N3GD_BODY id=40 off=7c0 00000000000000000000000000000000
N3GD_BODY id=40 off=7d0 00000000000000000000000000000000
N3GD_BODY id=40 off=7e0 00000000000000000000000000000000
N3GD_BODY id=40 off=7f0 00000000000000000000000000000000
N3GD_OOB id=40 off=000 000000000000000000000000e5ab0678
N3GD_OOB id=40 off=010 0a52efac2207c7a2053adbc8606282c5
N3GD_OOB id=40 off=020 374bcde4a25178a6eb7e94b8b7fa1e2e
N3GD_OOB id=40 off=030 eddbaafff14d9b9ea7ce563d3b3c79fe
N3GD_END id=40
N3GD_BEGIN id=41 kind=cand j=347 v=03A3 po=126 sl=4294967295 l0=00015000 host=0000A07E tgt=000140FC bank=2 pb=1356 pp=31 phy=173599 shift=4294967295 t=00 ix=0000 u=00000000 l=00000000
N3GD_BODY id=41 off=000 00000000000000000000000000000000
N3GD_BODY id=41 off=010 00000000000000000000000000000000
N3GD_BODY id=41 off=020 00000000000000000000000000000000
N3GD_BODY id=41 off=030 00000000000000000000000000000000
N3GD_BODY id=41 off=040 00000000000000000000000000000000
N3GD_BODY id=41 off=050 00000000000000000000000000000000
N3GD_BODY id=41 off=060 00000000000000000000000000000000
N3GD_BODY id=41 off=070 00000000000000000000000000000000
N3GD_BODY id=41 off=080 00000000000000000000000000000000
N3GD_BODY id=41 off=090 00000000000000000000000000000000
N3GD_BODY id=41 off=0a0 00000000000000000000000000000000
N3GD_BODY id=41 off=0b0 00000000000000000000000000000000
N3GD_BODY id=41 off=0c0 00000000000000000000000000000000
N3GD_BODY id=41 off=0d0 00000000000000000000000000000000
N3GD_BODY id=41 off=0e0 00000000000000000000000000000000
N3GD_BODY id=41 off=0f0 00000000000000000000000000000000
N3GD_BODY id=41 off=100 00000000000000000000000000000000
N3GD_BODY id=41 off=110 00000000000000000000000000000000
N3GD_BODY id=41 off=120 00000000000000000000000000000000
N3GD_BODY id=41 off=130 00000000000000000000000000000000
N3GD_BODY id=41 off=140 00000000000000000000000000000000
N3GD_BODY id=41 off=150 00000000000000000000000000000000
N3GD_BODY id=41 off=160 00000000000000000000000000000000
N3GD_BODY id=41 off=170 00000000000000000000000000000000
N3GD_BODY id=41 off=180 00000000000000000000000000000000
N3GD_BODY id=41 off=190 00000000000000000000000000000000
N3GD_BODY id=41 off=1a0 00000000000000000000000000000000
N3GD_BODY id=41 off=1b0 00000000000000000000000000000000
N3GD_BODY id=41 off=1c0 00000000000000000000000000000000
N3GD_BODY id=41 off=1d0 00000000000000000000000000000000
N3GD_BODY id=41 off=1e0 00000000000000000000000000000000
N3GD_BODY id=41 off=1f0 00000000000000000000000000000000
N3GD_BODY id=41 off=200 00000000000000000000000000000000
N3GD_BODY id=41 off=210 00000000000000000000000000000000
N3GD_BODY id=41 off=220 00000000000000000000000000000000
N3GD_BODY id=41 off=230 00000000000000000000000000000000
N3GD_BODY id=41 off=240 00000000000000000000000000000000
N3GD_BODY id=41 off=250 00000000000000000000000000000000
N3GD_BODY id=41 off=260 00000000000000000000000000000000
N3GD_BODY id=41 off=270 00000000000000000000000000000000
N3GD_BODY id=41 off=280 00000000000000000000000000000000
N3GD_BODY id=41 off=290 00000000000000000000000000000000
N3GD_BODY id=41 off=2a0 00000000000000000000000000000000
N3GD_BODY id=41 off=2b0 00000000000000000000000000000000
N3GD_BODY id=41 off=2c0 00000000000000000000000000000000
N3GD_BODY id=41 off=2d0 00000000000000000000000000000000
N3GD_BODY id=41 off=2e0 00000000000000000000000000000000
N3GD_BODY id=41 off=2f0 00000000000000000000000000000000
N3GD_BODY id=41 off=300 00000000000000000000000000000000
N3GD_BODY id=41 off=310 00000000000000000000000000000000
N3GD_BODY id=41 off=320 00000000000000000000000000000000
N3GD_BODY id=41 off=330 00000000000000000000000000000000
N3GD_BODY id=41 off=340 00000000000000000000000000000000
N3GD_BODY id=41 off=350 00000000000000000000000000000000
N3GD_BODY id=41 off=360 00000000000000000000000000000000
N3GD_BODY id=41 off=370 00000000000000000000000000000000
N3GD_BODY id=41 off=380 00000000000000000000000000000000
N3GD_BODY id=41 off=390 00000000000000000000000000000000
N3GD_BODY id=41 off=3a0 00000000000000000000000000000000
N3GD_BODY id=41 off=3b0 00000000000000000000000000000000
N3GD_BODY id=41 off=3c0 00000000000000000000000000000000
N3GD_BODY id=41 off=3d0 00000000000000000000000000000000
N3GD_BODY id=41 off=3e0 00000000000000000000000000000000
N3GD_BODY id=41 off=3f0 00000000000000000000000000000000
N3GD_BODY id=41 off=400 00000000000000000000000000000000
N3GD_BODY id=41 off=410 00000000000000000000000000000000
N3GD_BODY id=41 off=420 00000000000000000000000000000000
N3GD_BODY id=41 off=430 00000000000000000000000000000000
N3GD_BODY id=41 off=440 00000000000000000000000000000000
N3GD_BODY id=41 off=450 00000000000000000000000000000000
N3GD_BODY id=41 off=460 00000000000000000000000000000000
N3GD_BODY id=41 off=470 00000000000000000000000000000000
N3GD_BODY id=41 off=480 00000000000000000000000000000000
N3GD_BODY id=41 off=490 00000000000000000000000000000000
N3GD_BODY id=41 off=4a0 00000000000000000000000000000000
N3GD_BODY id=41 off=4b0 00000000000000000000000000000000
N3GD_BODY id=41 off=4c0 00000000000000000000000000000000
N3GD_BODY id=41 off=4d0 00000000000000000000000000000000
N3GD_BODY id=41 off=4e0 00000000000000000000000000000000
N3GD_BODY id=41 off=4f0 00000000000000000000000000000000
N3GD_BODY id=41 off=500 00000000000000000000000000000000
N3GD_BODY id=41 off=510 00000000000000000000000000000000
N3GD_BODY id=41 off=520 00000000000000000000000000000000
N3GD_BODY id=41 off=530 00000000000000000000000000000000
N3GD_BODY id=41 off=540 00000000000000000000000000000000
N3GD_BODY id=41 off=550 00000000000000000000000000000000
N3GD_BODY id=41 off=560 00000000000000000000000000000000
N3GD_BODY id=41 off=570 00000000000000000000000000000000
N3GD_BODY id=41 off=580 00000000000000000000000000000000
N3GD_BODY id=41 off=590 00000000000000000000000000000000
N3GD_BODY id=41 off=5a0 00000000000000000000000000000000
N3GD_BODY id=41 off=5b0 00000000000000000000000000000000
N3GD_BODY id=41 off=5c0 00000000000000000000000000000000
N3GD_BODY id=41 off=5d0 00000000000000000000000000000000
N3GD_BODY id=41 off=5e0 00000000000000000000000000000000
N3GD_BODY id=41 off=5f0 00000000000000000000000000000000
N3GD_BODY id=41 off=600 00000000000000000000000000000000
N3GD_BODY id=41 off=610 00000000000000000000000000000000
N3GD_BODY id=41 off=620 00000000000000000000000000000000
N3GD_BODY id=41 off=630 00000000000000000000000000000000
N3GD_BODY id=41 off=640 00000000000000000000000000000000
N3GD_BODY id=41 off=650 00000000000000000000000000000000
N3GD_BODY id=41 off=660 00000000000000000000000000000000
N3GD_BODY id=41 off=670 00000000000000000000000000000000
N3GD_BODY id=41 off=680 00000000000000000000000000000000
N3GD_BODY id=41 off=690 00000000000000000000000000000000
N3GD_BODY id=41 off=6a0 00000000000000000000000000000000
N3GD_BODY id=41 off=6b0 00000000000000000000000000000000
N3GD_BODY id=41 off=6c0 00000000000000000000000000000000
N3GD_BODY id=41 off=6d0 00000000000000000000000000000000
N3GD_BODY id=41 off=6e0 00000000000000000000000000000000
N3GD_BODY id=41 off=6f0 00000000000000000000000000000000
N3GD_BODY id=41 off=700 00000000000000000000000000000000
N3GD_BODY id=41 off=710 00000000000000000000000000000000
N3GD_BODY id=41 off=720 00000000000000000000000000000000
N3GD_BODY id=41 off=730 00000000000000000000000000000000
N3GD_BODY id=41 off=740 00000000000000000000000000000000
N3GD_BODY id=41 off=750 00000000000000000000000000000000
N3GD_BODY id=41 off=760 00000000000000000000000000000000
N3GD_BODY id=41 off=770 00000000000000000000000000000000
N3GD_BODY id=41 off=780 00000000000000000000000000000000
N3GD_BODY id=41 off=790 00000000000000000000000000000000
N3GD_BODY id=41 off=7a0 00000000000000000000000000000000
N3GD_BODY id=41 off=7b0 00000000000000000000000000000000
N3GD_BODY id=41 off=7c0 00000000000000000000000000000000
N3GD_BODY id=41 off=7d0 00000000000000000000000000000000
N3GD_BODY id=41 off=7e0 00000000000000000000000000000000
N3GD_BODY id=41 off=7f0 00000000000000000000000000000000
N3GD_OOB id=41 off=000 000000000000000000000000e5ab0678
N3GD_OOB id=41 off=010 0a52efac2207c7a2053adbc8606282c5
N3GD_OOB id=41 off=020 374bcde4a25178a6eb7e94b8b7fa1e2e
N3GD_OOB id=41 off=030 eddbaafff14d9b9ea7ce563d3b3c79fe
N3GD_END id=41
N3GD_BEGIN id=42 kind=cand j=347 v=03A3 po=127 sl=4294967295 l0=00015000 host=0000A07E tgt=000140FC bank=3 pb=1356 pp=31 phy=173599 shift=4294967295 t=00 ix=0000 u=00000000 l=00000000
N3GD_BODY id=42 off=000 00000000000000000000000000000000
N3GD_BODY id=42 off=010 00000000000000000000000000000000
N3GD_BODY id=42 off=020 00000000000000000000000000000000
N3GD_BODY id=42 off=030 00000000000000000000000000000000
N3GD_BODY id=42 off=040 00000000000000000000000000000000
N3GD_BODY id=42 off=050 00000000000000000000000000000000
N3GD_BODY id=42 off=060 00000000000000000000000000000000
N3GD_BODY id=42 off=070 00000000000000000000000000000000
N3GD_BODY id=42 off=080 00000000000000000000000000000000
N3GD_BODY id=42 off=090 00000000000000000000000000000000
N3GD_BODY id=42 off=0a0 00000000000000000000000000000000
N3GD_BODY id=42 off=0b0 00000000000000000000000000000000
N3GD_BODY id=42 off=0c0 00000000000000000000000000000000
N3GD_BODY id=42 off=0d0 00000000000000000000000000000000
N3GD_BODY id=42 off=0e0 00000000000000000000000000000000
N3GD_BODY id=42 off=0f0 00000000000000000000000000000000
N3GD_BODY id=42 off=100 00000000000000000000000000000000
N3GD_BODY id=42 off=110 00000000000000000000000000000000
N3GD_BODY id=42 off=120 00000000000000000000000000000000
N3GD_BODY id=42 off=130 00000000000000000000000000000000
N3GD_BODY id=42 off=140 00000000000000000000000000000000
N3GD_BODY id=42 off=150 00000000000000000000000000000000
N3GD_BODY id=42 off=160 00000000000000000000000000000000
N3GD_BODY id=42 off=170 00000000000000000000000000000000
N3GD_BODY id=42 off=180 00000000000000000000000000000000
N3GD_BODY id=42 off=190 00000000000000000000000000000000
N3GD_BODY id=42 off=1a0 00000000000000000000000000000000
N3GD_BODY id=42 off=1b0 00000000000000000000000000000000
N3GD_BODY id=42 off=1c0 00000000000000000000000000000000
N3GD_BODY id=42 off=1d0 00000000000000000000000000000000
N3GD_BODY id=42 off=1e0 00000000000000000000000000000000
N3GD_BODY id=42 off=1f0 00000000000000000000000000000000
N3GD_BODY id=42 off=200 00000000000000000000000000000000
N3GD_BODY id=42 off=210 00000000000000000000000000000000
N3GD_BODY id=42 off=220 00000000000000000000000000000000
N3GD_BODY id=42 off=230 00000000000000000000000000000000
N3GD_BODY id=42 off=240 00000000000000000000000000000000
N3GD_BODY id=42 off=250 00000000000000000000000000000000
N3GD_BODY id=42 off=260 00000000000000000000000000000000
N3GD_BODY id=42 off=270 00000000000000000000000000000000
N3GD_BODY id=42 off=280 00000000000000000000000000000000
N3GD_BODY id=42 off=290 00000000000000000000000000000000
N3GD_BODY id=42 off=2a0 00000000000000000000000000000000
N3GD_BODY id=42 off=2b0 00000000000000000000000000000000
N3GD_BODY id=42 off=2c0 00000000000000000000000000000000
N3GD_BODY id=42 off=2d0 00000000000000000000000000000000
N3GD_BODY id=42 off=2e0 00000000000000000000000000000000
N3GD_BODY id=42 off=2f0 00000000000000000000000000000000
N3GD_BODY id=42 off=300 00000000000000000000000000000000
N3GD_BODY id=42 off=310 00000000000000000000000000000000
N3GD_BODY id=42 off=320 00000000000000000000000000000000
N3GD_BODY id=42 off=330 00000000000000000000000000000000
N3GD_BODY id=42 off=340 00000000000000000000000000000000
N3GD_BODY id=42 off=350 00000000000000000000000000000000
N3GD_BODY id=42 off=360 00000000000000000000000000000000
N3GD_BODY id=42 off=370 00000000000000000000000000000000
N3GD_BODY id=42 off=380 00000000000000000000000000000000
N3GD_BODY id=42 off=390 00000000000000000000000000000000
N3GD_BODY id=42 off=3a0 00000000000000000000000000000000
N3GD_BODY id=42 off=3b0 00000000000000000000000000000000
N3GD_BODY id=42 off=3c0 00000000000000000000000000000000
N3GD_BODY id=42 off=3d0 00000000000000000000000000000000
N3GD_BODY id=42 off=3e0 00000000000000000000000000000000
N3GD_BODY id=42 off=3f0 00000000000000000000000000000000
N3GD_BODY id=42 off=400 00000000000000000000000000000000
N3GD_BODY id=42 off=410 00000000000000000000000000000000
N3GD_BODY id=42 off=420 00000000000000000000000000000000
N3GD_BODY id=42 off=430 00000000000000000000000000000000
N3GD_BODY id=42 off=440 00000000000000000000000000000000
N3GD_BODY id=42 off=450 00000000000000000000000000000000
N3GD_BODY id=42 off=460 00000000000000000000000000000000
N3GD_BODY id=42 off=470 00000000000000000000000000000000
N3GD_BODY id=42 off=480 00000000000000000000000000000000
N3GD_BODY id=42 off=490 00000000000000000000000000000000
N3GD_BODY id=42 off=4a0 00000000000000000000000000000000
N3GD_BODY id=42 off=4b0 00000000000000000000000000000000
N3GD_BODY id=42 off=4c0 00000000000000000000000000000000
N3GD_BODY id=42 off=4d0 00000000000000000000000000000000
N3GD_BODY id=42 off=4e0 00000000000000000000000000000000
N3GD_BODY id=42 off=4f0 00000000000000000000000000000000
N3GD_BODY id=42 off=500 00000000000000000000000000000000
N3GD_BODY id=42 off=510 00000000000000000000000000000000
N3GD_BODY id=42 off=520 00000000000000000000000000000000
N3GD_BODY id=42 off=530 00000000000000000000000000000000
N3GD_BODY id=42 off=540 00000000000000000000000000000000
N3GD_BODY id=42 off=550 00000000000000000000000000000000
N3GD_BODY id=42 off=560 00000000000000000000000000000000
N3GD_BODY id=42 off=570 00000000000000000000000000000000
N3GD_BODY id=42 off=580 00000000000000000000000000000000
N3GD_BODY id=42 off=590 00000000000000000000000000000000
N3GD_BODY id=42 off=5a0 00000000000000000000000000000000
N3GD_BODY id=42 off=5b0 00000000000000000000000000000000
N3GD_BODY id=42 off=5c0 00000000000000000000000000000000
N3GD_BODY id=42 off=5d0 00000000000000000000000000000000
N3GD_BODY id=42 off=5e0 00000000000000000000000000000000
N3GD_BODY id=42 off=5f0 00000000000000000000000000000000
N3GD_BODY id=42 off=600 00000000000000000000000000000000
N3GD_BODY id=42 off=610 00000000000000000000000000000000
N3GD_BODY id=42 off=620 00000000000000000000000000000000
N3GD_BODY id=42 off=630 00000000000000000000000000000000
N3GD_BODY id=42 off=640 00000000000000000000000000000000
N3GD_BODY id=42 off=650 00000000000000000000000000000000
N3GD_BODY id=42 off=660 00000000000000000000000000000000
N3GD_BODY id=42 off=670 00000000000000000000000000000000
N3GD_BODY id=42 off=680 00000000000000000000000000000000
N3GD_BODY id=42 off=690 00000000000000000000000000000000
N3GD_BODY id=42 off=6a0 00000000000000000000000000000000
N3GD_BODY id=42 off=6b0 00000000000000000000000000000000
N3GD_BODY id=42 off=6c0 00000000000000000000000000000000
N3GD_BODY id=42 off=6d0 00000000000000000000000000000000
N3GD_BODY id=42 off=6e0 00000000000000000000000000000000
N3GD_BODY id=42 off=6f0 00000000000000000000000000000000
N3GD_BODY id=42 off=700 00000000000000000000000000000000
N3GD_BODY id=42 off=710 00000000000000000000000000000000
N3GD_BODY id=42 off=720 00000000000000000000000000000000
N3GD_BODY id=42 off=730 00000000000000000000000000000000
N3GD_BODY id=42 off=740 00000000000000000000000000000000
N3GD_BODY id=42 off=750 00000000000000000000000000000000
N3GD_BODY id=42 off=760 00000000000000000000000000000000
N3GD_BODY id=42 off=770 00000000000000000000000000000000
N3GD_BODY id=42 off=780 00000000000000000000000000000000
N3GD_BODY id=42 off=790 00000000000000000000000000000000
N3GD_BODY id=42 off=7a0 00000000000000000000000000000000
N3GD_BODY id=42 off=7b0 00000000000000000000000000000000
N3GD_BODY id=42 off=7c0 00000000000000000000000000000000
N3GD_BODY id=42 off=7d0 00000000000000000000000000000000
N3GD_BODY id=42 off=7e0 00000000000000000000000000000000
N3GD_BODY id=42 off=7f0 00000000000000000000000000000000
N3GD_OOB id=42 off=000 000000000000000000000000e5ab0678
N3GD_OOB id=42 off=010 0a52efac2207c7a2053adbc8606282c5
N3GD_OOB id=42 off=020 374bcde4a25178a6eb7e94b8b7fa1e2e
N3GD_OOB id=42 off=030 eddbaafff14d9b9ea7ce563d3b3c79fe
N3GD_END id=42
N3GD_BEGIN id=43 kind=cand j=347 v=03A3 po=128 sl=4294967295 l0=00015000 host=0000A07E tgt=000140FC bank=0 pb=1356 pp=32 phy=173600 shift=4294967295 t=40 ix=DBEE u=00015100 l=00015100
N3GD_BODY id=43 off=000 00000000000000000000000000000000
N3GD_BODY id=43 off=010 00000000000000000000000000000000
N3GD_BODY id=43 off=020 00000000000000000000000000000000
N3GD_BODY id=43 off=030 00000000000000000000000000000000
N3GD_BODY id=43 off=040 00000000000000000000000000000000
N3GD_BODY id=43 off=050 00000000000000000000000000000000
N3GD_BODY id=43 off=060 00000000000000000000000000000000
N3GD_BODY id=43 off=070 00000000000000000000000000000000
N3GD_BODY id=43 off=080 00000000000000000000000000000000
N3GD_BODY id=43 off=090 00000000000000000000000000000000
N3GD_BODY id=43 off=0a0 00000000000000000000000000000000
N3GD_BODY id=43 off=0b0 00000000000000000000000000000000
N3GD_BODY id=43 off=0c0 00000000000000000000000000000000
N3GD_BODY id=43 off=0d0 00000000000000000000000000000000
N3GD_BODY id=43 off=0e0 00000000000000000000000000000000
N3GD_BODY id=43 off=0f0 00000000000000000000000000000000
N3GD_BODY id=43 off=100 00000000000000000000000000000000
N3GD_BODY id=43 off=110 00000000000000000000000000000000
N3GD_BODY id=43 off=120 00000000000000000000000000000000
N3GD_BODY id=43 off=130 00000000000000000000000000000000
N3GD_BODY id=43 off=140 00000000000000000000000000000000
N3GD_BODY id=43 off=150 00000000000000000000000000000000
N3GD_BODY id=43 off=160 00000000000000000000000000000000
N3GD_BODY id=43 off=170 00000000000000000000000000000000
N3GD_BODY id=43 off=180 00000000000000000000000000000000
N3GD_BODY id=43 off=190 00000000000000000000000000000000
N3GD_BODY id=43 off=1a0 00000000000000000000000000000000
N3GD_BODY id=43 off=1b0 00000000000000000000000000000000
N3GD_BODY id=43 off=1c0 00000000000000000000000000000000
N3GD_BODY id=43 off=1d0 00000000000000000000000000000000
N3GD_BODY id=43 off=1e0 00000000000000000000000000000000
N3GD_BODY id=43 off=1f0 00000000000000000000000000000000
N3GD_BODY id=43 off=200 00000000000000000000000000000000
N3GD_BODY id=43 off=210 00000000000000000000000000000000
N3GD_BODY id=43 off=220 00000000000000000000000000000000
N3GD_BODY id=43 off=230 00000000000000000000000000000000
N3GD_BODY id=43 off=240 00000000000000000000000000000000
N3GD_BODY id=43 off=250 00000000000000000000000000000000
N3GD_BODY id=43 off=260 00000000000000000000000000000000
N3GD_BODY id=43 off=270 00000000000000000000000000000000
N3GD_BODY id=43 off=280 00000000000000000000000000000000
N3GD_BODY id=43 off=290 00000000000000000000000000000000
N3GD_BODY id=43 off=2a0 00000000000000000000000000000000
N3GD_BODY id=43 off=2b0 00000000000000000000000000000000
N3GD_BODY id=43 off=2c0 00000000000000000000000000000000
N3GD_BODY id=43 off=2d0 00000000000000000000000000000000
N3GD_BODY id=43 off=2e0 00000000000000000000000000000000
N3GD_BODY id=43 off=2f0 00000000000000000000000000000000
N3GD_BODY id=43 off=300 00000000000000000000000000000000
N3GD_BODY id=43 off=310 00000000000000000000000000000000
N3GD_BODY id=43 off=320 00000000000000000000000000000000
N3GD_BODY id=43 off=330 00000000000000000000000000000000
N3GD_BODY id=43 off=340 00000000000000000000000000000000
N3GD_BODY id=43 off=350 00000000000000000000000000000000
N3GD_BODY id=43 off=360 00000000000000000000000000000000
N3GD_BODY id=43 off=370 00000000000000000000000000000000
N3GD_BODY id=43 off=380 00000000000000000000000000000000
N3GD_BODY id=43 off=390 00000000000000000000000000000000
N3GD_BODY id=43 off=3a0 00000000000000000000000000000000
N3GD_BODY id=43 off=3b0 00000000000000000000000000000000
N3GD_BODY id=43 off=3c0 00000000000000000000000000000000
N3GD_BODY id=43 off=3d0 00000000000000000000000000000000
N3GD_BODY id=43 off=3e0 00000000000000000000000000000000
N3GD_BODY id=43 off=3f0 00000000000000000000000000000000
N3GD_BODY id=43 off=400 00000000000000000000000000000000
N3GD_BODY id=43 off=410 00000000000000000000000000000000
N3GD_BODY id=43 off=420 00000000000000000000000000000000
N3GD_BODY id=43 off=430 00000000000000000000000000000000
N3GD_BODY id=43 off=440 00000000000000000000000000000000
N3GD_BODY id=43 off=450 00000000000000000000000000000000
N3GD_BODY id=43 off=460 00000000000000000000000000000000
N3GD_BODY id=43 off=470 00000000000000000000000000000000
N3GD_BODY id=43 off=480 00000000000000000000000000000000
N3GD_BODY id=43 off=490 00000000000000000000000000000000
N3GD_BODY id=43 off=4a0 00000000000000000000000000000000
N3GD_BODY id=43 off=4b0 00000000000000000000000000000000
N3GD_BODY id=43 off=4c0 00000000000000000000000000000000
N3GD_BODY id=43 off=4d0 00000000000000000000000000000000
N3GD_BODY id=43 off=4e0 00000000000000000000000000000000
N3GD_BODY id=43 off=4f0 00000000000000000000000000000000
N3GD_BODY id=43 off=500 00000000000000000000000000000000
N3GD_BODY id=43 off=510 00000000000000000000000000000000
N3GD_BODY id=43 off=520 00000000000000000000000000000000
N3GD_BODY id=43 off=530 00000000000000000000000000000000
N3GD_BODY id=43 off=540 00000000000000000000000000000000
N3GD_BODY id=43 off=550 00000000000000000000000000000000
N3GD_BODY id=43 off=560 00000000000000000000000000000000
N3GD_BODY id=43 off=570 00000000000000000000000000000000
N3GD_BODY id=43 off=580 00000000000000000000000000000000
N3GD_BODY id=43 off=590 00000000000000000000000000000000
N3GD_BODY id=43 off=5a0 00000000000000000000000000000000
N3GD_BODY id=43 off=5b0 00000000000000000000000000000000
N3GD_BODY id=43 off=5c0 00000000000000000000000000000000
N3GD_BODY id=43 off=5d0 00000000000000000000000000000000
N3GD_BODY id=43 off=5e0 00000000000000000000000000000000
N3GD_BODY id=43 off=5f0 00000000000000000000000000000000
N3GD_BODY id=43 off=600 00000000000000000000000000000000
N3GD_BODY id=43 off=610 00000000000000000000000000000000
N3GD_BODY id=43 off=620 00000000000000000000000000000000
N3GD_BODY id=43 off=630 00000000000000000000000000000000
N3GD_BODY id=43 off=640 00000000000000000000000000000000
N3GD_BODY id=43 off=650 00000000000000000000000000000000
N3GD_BODY id=43 off=660 00000000000000000000000000000000
N3GD_BODY id=43 off=670 00000000000000000000000000000000
N3GD_BODY id=43 off=680 00000000000000000000000000000000
N3GD_BODY id=43 off=690 00000000000000000000000000000000
N3GD_BODY id=43 off=6a0 00000000000000000000000000000000
N3GD_BODY id=43 off=6b0 00000000000000000000000000000000
N3GD_BODY id=43 off=6c0 00000000000000000000000000000000
N3GD_BODY id=43 off=6d0 00000000000000000000000000000000
N3GD_BODY id=43 off=6e0 00000000000000000000000000000000
N3GD_BODY id=43 off=6f0 00000000000000000000000000000000
N3GD_BODY id=43 off=700 00000000000000000000000000000000
N3GD_BODY id=43 off=710 00000000000000000000000000000000
N3GD_BODY id=43 off=720 00000000000000000000000000000000
N3GD_BODY id=43 off=730 00000000000000000000000000000000
N3GD_BODY id=43 off=740 00000000000000000000000000000000
N3GD_BODY id=43 off=750 00000000000000000000000000000000
N3GD_BODY id=43 off=760 00000000000000000000000000000000
N3GD_BODY id=43 off=770 00000000000000000000000000000000
N3GD_BODY id=43 off=780 00000000000000000000000000000000
N3GD_BODY id=43 off=790 00000000000000000000000000000000
N3GD_BODY id=43 off=7a0 00000000000000000000000000000000
N3GD_BODY id=43 off=7b0 00000000000000000000000000000000
N3GD_BODY id=43 off=7c0 00000000000000000000000000000000
N3GD_BODY id=43 off=7d0 00000000000000000000000000000000
N3GD_BODY id=43 off=7e0 00000000000000000000000000000000
N3GD_BODY id=43 off=7f0 00000000000000000000000000000000
N3GD_OOB id=43 off=000 00510100eedb0000ff40ffffe5ab0678
N3GD_OOB id=43 off=010 0a52efac2207c7a2053adbc8606282c5
N3GD_OOB id=43 off=020 374bcde4a25178a6eb7e94b8b7fa1e2e
N3GD_OOB id=43 off=030 eddbaafff14d9b9ea7ce563d3b3c79fe
N3GD_END id=43
N3GD_BEGIN id=44 kind=cand j=347 v=03A3 po=255 sl=4294967295 l0=00015000 host=0000A07E tgt=000140FC bank=3 pb=1356 pp=63 phy=173631 shift=4294967295 t=00 ix=0000 u=00000000 l=00000000
N3GD_BODY id=44 off=000 00000000000000000000000000000000
N3GD_BODY id=44 off=010 00000000000000000000000000000000
N3GD_BODY id=44 off=020 00000000000000000000000000000000
N3GD_BODY id=44 off=030 00000000000000000000000000000000
N3GD_BODY id=44 off=040 00000000000000000000000000000000
N3GD_BODY id=44 off=050 00000000000000000000000000000000
N3GD_BODY id=44 off=060 00000000000000000000000000000000
N3GD_BODY id=44 off=070 00000000000000000000000000000000
N3GD_BODY id=44 off=080 00000000000000000000000000000000
N3GD_BODY id=44 off=090 00000000000000000000000000000000
N3GD_BODY id=44 off=0a0 00000000000000000000000000000000
N3GD_BODY id=44 off=0b0 00000000000000000000000000000000
N3GD_BODY id=44 off=0c0 00000000000000000000000000000000
N3GD_BODY id=44 off=0d0 00000000000000000000000000000000
N3GD_BODY id=44 off=0e0 00000000000000000000000000000000
N3GD_BODY id=44 off=0f0 00000000000000000000000000000000
N3GD_BODY id=44 off=100 00000000000000000000000000000000
N3GD_BODY id=44 off=110 00000000000000000000000000000000
N3GD_BODY id=44 off=120 00000000000000000000000000000000
N3GD_BODY id=44 off=130 00000000000000000000000000000000
N3GD_BODY id=44 off=140 00000000000000000000000000000000
N3GD_BODY id=44 off=150 00000000000000000000000000000000
N3GD_BODY id=44 off=160 00000000000000000000000000000000
N3GD_BODY id=44 off=170 00000000000000000000000000000000
N3GD_BODY id=44 off=180 00000000000000000000000000000000
N3GD_BODY id=44 off=190 00000000000000000000000000000000
N3GD_BODY id=44 off=1a0 00000000000000000000000000000000
N3GD_BODY id=44 off=1b0 00000000000000000000000000000000
N3GD_BODY id=44 off=1c0 00000000000000000000000000000000
N3GD_BODY id=44 off=1d0 00000000000000000000000000000000
N3GD_BODY id=44 off=1e0 00000000000000000000000000000000
N3GD_BODY id=44 off=1f0 00000000000000000000000000000000
N3GD_BODY id=44 off=200 00000000000000000000000000000000
N3GD_BODY id=44 off=210 00000000000000000000000000000000
N3GD_BODY id=44 off=220 00000000000000000000000000000000
N3GD_BODY id=44 off=230 00000000000000000000000000000000
N3GD_BODY id=44 off=240 00000000000000000000000000000000
N3GD_BODY id=44 off=250 00000000000000000000000000000000
N3GD_BODY id=44 off=260 00000000000000000000000000000000
N3GD_BODY id=44 off=270 00000000000000000000000000000000
N3GD_BODY id=44 off=280 00000000000000000000000000000000
N3GD_BODY id=44 off=290 00000000000000000000000000000000
N3GD_BODY id=44 off=2a0 00000000000000000000000000000000
N3GD_BODY id=44 off=2b0 00000000000000000000000000000000
N3GD_BODY id=44 off=2c0 00000000000000000000000000000000
N3GD_BODY id=44 off=2d0 00000000000000000000000000000000
N3GD_BODY id=44 off=2e0 00000000000000000000000000000000
N3GD_BODY id=44 off=2f0 00000000000000000000000000000000
N3GD_BODY id=44 off=300 00000000000000000000000000000000
N3GD_BODY id=44 off=310 00000000000000000000000000000000
N3GD_BODY id=44 off=320 00000000000000000000000000000000
N3GD_BODY id=44 off=330 00000000000000000000000000000000
N3GD_BODY id=44 off=340 00000000000000000000000000000000
N3GD_BODY id=44 off=350 00000000000000000000000000000000
N3GD_BODY id=44 off=360 00000000000000000000000000000000
N3GD_BODY id=44 off=370 00000000000000000000000000000000
N3GD_BODY id=44 off=380 00000000000000000000000000000000
N3GD_BODY id=44 off=390 00000000000000000000000000000000
N3GD_BODY id=44 off=3a0 00000000000000000000000000000000
N3GD_BODY id=44 off=3b0 00000000000000000000000000000000
N3GD_BODY id=44 off=3c0 00000000000000000000000000000000
N3GD_BODY id=44 off=3d0 00000000000000000000000000000000
N3GD_BODY id=44 off=3e0 00000000000000000000000000000000
N3GD_BODY id=44 off=3f0 00000000000000000000000000000000
N3GD_BODY id=44 off=400 00000000000000000000000000000000
N3GD_BODY id=44 off=410 00000000000000000000000000000000
N3GD_BODY id=44 off=420 00000000000000000000000000000000
N3GD_BODY id=44 off=430 00000000000000000000000000000000
N3GD_BODY id=44 off=440 00000000000000000000000000000000
N3GD_BODY id=44 off=450 00000000000000000000000000000000
N3GD_BODY id=44 off=460 00000000000000000000000000000000
N3GD_BODY id=44 off=470 00000000000000000000000000000000
N3GD_BODY id=44 off=480 00000000000000000000000000000000
N3GD_BODY id=44 off=490 00000000000000000000000000000000
N3GD_BODY id=44 off=4a0 00000000000000000000000000000000
N3GD_BODY id=44 off=4b0 00000000000000000000000000000000
N3GD_BODY id=44 off=4c0 00000000000000000000000000000000
N3GD_BODY id=44 off=4d0 00000000000000000000000000000000
N3GD_BODY id=44 off=4e0 00000000000000000000000000000000
N3GD_BODY id=44 off=4f0 00000000000000000000000000000000
N3GD_BODY id=44 off=500 00000000000000000000000000000000
N3GD_BODY id=44 off=510 00000000000000000000000000000000
N3GD_BODY id=44 off=520 00000000000000000000000000000000
N3GD_BODY id=44 off=530 00000000000000000000000000000000
N3GD_BODY id=44 off=540 00000000000000000000000000000000
N3GD_BODY id=44 off=550 00000000000000000000000000000000
N3GD_BODY id=44 off=560 00000000000000000000000000000000
N3GD_BODY id=44 off=570 00000000000000000000000000000000
N3GD_BODY id=44 off=580 00000000000000000000000000000000
N3GD_BODY id=44 off=590 00000000000000000000000000000000
N3GD_BODY id=44 off=5a0 00000000000000000000000000000000
N3GD_BODY id=44 off=5b0 00000000000000000000000000000000
N3GD_BODY id=44 off=5c0 00000000000000000000000000000000
N3GD_BODY id=44 off=5d0 00000000000000000000000000000000
N3GD_BODY id=44 off=5e0 00000000000000000000000000000000
N3GD_BODY id=44 off=5f0 00000000000000000000000000000000
N3GD_BODY id=44 off=600 00000000000000000000000000000000
N3GD_BODY id=44 off=610 00000000000000000000000000000000
N3GD_BODY id=44 off=620 00000000000000000000000000000000
N3GD_BODY id=44 off=630 00000000000000000000000000000000
N3GD_BODY id=44 off=640 00000000000000000000000000000000
N3GD_BODY id=44 off=650 00000000000000000000000000000000
N3GD_BODY id=44 off=660 00000000000000000000000000000000
N3GD_BODY id=44 off=670 00000000000000000000000000000000
N3GD_BODY id=44 off=680 00000000000000000000000000000000
N3GD_BODY id=44 off=690 00000000000000000000000000000000
N3GD_BODY id=44 off=6a0 00000000000000000000000000000000
N3GD_BODY id=44 off=6b0 00000000000000000000000000000000
N3GD_BODY id=44 off=6c0 00000000000000000000000000000000
N3GD_BODY id=44 off=6d0 00000000000000000000000000000000
N3GD_BODY id=44 off=6e0 00000000000000000000000000000000
N3GD_BODY id=44 off=6f0 00000000000000000000000000000000
N3GD_BODY id=44 off=700 00000000000000000000000000000000
N3GD_BODY id=44 off=710 00000000000000000000000000000000
N3GD_BODY id=44 off=720 00000000000000000000000000000000
N3GD_BODY id=44 off=730 00000000000000000000000000000000
N3GD_BODY id=44 off=740 00000000000000000000000000000000
N3GD_BODY id=44 off=750 00000000000000000000000000000000
N3GD_BODY id=44 off=760 00000000000000000000000000000000
N3GD_BODY id=44 off=770 00000000000000000000000000000000
N3GD_BODY id=44 off=780 00000000000000000000000000000000
N3GD_BODY id=44 off=790 00000000000000000000000000000000
N3GD_BODY id=44 off=7a0 00000000000000000000000000000000
N3GD_BODY id=44 off=7b0 00000000000000000000000000000000
N3GD_BODY id=44 off=7c0 00000000000000000000000000000000
N3GD_BODY id=44 off=7d0 00000000000000000000000000000000
N3GD_BODY id=44 off=7e0 00000000000000000000000000000000
N3GD_BODY id=44 off=7f0 00000000000000000000000000000000
N3GD_OOB id=44 off=000 000000000000000000000000e5ab0678
N3GD_OOB id=44 off=010 0a52efac2207c7a2053adbc8606282c5
N3GD_OOB id=44 off=020 374bcde4a25178a6eb7e94b8b7fa1e2e
N3GD_OOB id=44 off=030 eddbaafff14d9b9ea7ce563d3b3c79fe
N3GD_END id=44
N3GD_BEGIN id=45 kind=cand j=347 v=03A3 po=256 sl=4294967295 l0=00015000 host=0000A07E tgt=000140FC bank=0 pb=1356 pp=64 phy=173632 shift=4294967295 t=40 ix=DBEE u=00015200 l=00015200
N3GD_BODY id=45 off=000 00000000000000000000000000000000
N3GD_BODY id=45 off=010 00000000000000000000000000000000
N3GD_BODY id=45 off=020 00000000000000000000000000000000
N3GD_BODY id=45 off=030 00000000000000000000000000000000
N3GD_BODY id=45 off=040 00000000000000000000000000000000
N3GD_BODY id=45 off=050 00000000000000000000000000000000
N3GD_BODY id=45 off=060 00000000000000000000000000000000
N3GD_BODY id=45 off=070 00000000000000000000000000000000
N3GD_BODY id=45 off=080 00000000000000000000000000000000
N3GD_BODY id=45 off=090 00000000000000000000000000000000
N3GD_BODY id=45 off=0a0 00000000000000000000000000000000
N3GD_BODY id=45 off=0b0 00000000000000000000000000000000
N3GD_BODY id=45 off=0c0 00000000000000000000000000000000
N3GD_BODY id=45 off=0d0 00000000000000000000000000000000
N3GD_BODY id=45 off=0e0 00000000000000000000000000000000
N3GD_BODY id=45 off=0f0 00000000000000000000000000000000
N3GD_BODY id=45 off=100 00000000000000000000000000000000
N3GD_BODY id=45 off=110 00000000000000000000000000000000
N3GD_BODY id=45 off=120 00000000000000000000000000000000
N3GD_BODY id=45 off=130 00000000000000000000000000000000
N3GD_BODY id=45 off=140 00000000000000000000000000000000
N3GD_BODY id=45 off=150 00000000000000000000000000000000
N3GD_BODY id=45 off=160 00000000000000000000000000000000
N3GD_BODY id=45 off=170 00000000000000000000000000000000
N3GD_BODY id=45 off=180 00000000000000000000000000000000
N3GD_BODY id=45 off=190 00000000000000000000000000000000
N3GD_BODY id=45 off=1a0 00000000000000000000000000000000
N3GD_BODY id=45 off=1b0 00000000000000000000000000000000
N3GD_BODY id=45 off=1c0 00000000000000000000000000000000
N3GD_BODY id=45 off=1d0 00000000000000000000000000000000
N3GD_BODY id=45 off=1e0 00000000000000000000000000000000
N3GD_BODY id=45 off=1f0 00000000000000000000000000000000
N3GD_BODY id=45 off=200 00000000000000000000000000000000
N3GD_BODY id=45 off=210 00000000000000000000000000000000
N3GD_BODY id=45 off=220 00000000000000000000000000000000
N3GD_BODY id=45 off=230 00000000000000000000000000000000
N3GD_BODY id=45 off=240 00000000000000000000000000000000
N3GD_BODY id=45 off=250 00000000000000000000000000000000
N3GD_BODY id=45 off=260 00000000000000000000000000000000
N3GD_BODY id=45 off=270 00000000000000000000000000000000
N3GD_BODY id=45 off=280 00000000000000000000000000000000
N3GD_BODY id=45 off=290 00000000000000000000000000000000
N3GD_BODY id=45 off=2a0 00000000000000000000000000000000
N3GD_BODY id=45 off=2b0 00000000000000000000000000000000
N3GD_BODY id=45 off=2c0 00000000000000000000000000000000
N3GD_BODY id=45 off=2d0 00000000000000000000000000000000
N3GD_BODY id=45 off=2e0 00000000000000000000000000000000
N3GD_BODY id=45 off=2f0 00000000000000000000000000000000
N3GD_BODY id=45 off=300 00000000000000000000000000000000
N3GD_BODY id=45 off=310 00000000000000000000000000000000
N3GD_BODY id=45 off=320 00000000000000000000000000000000
N3GD_BODY id=45 off=330 00000000000000000000000000000000
N3GD_BODY id=45 off=340 00000000000000000000000000000000
N3GD_BODY id=45 off=350 00000000000000000000000000000000
N3GD_BODY id=45 off=360 00000000000000000000000000000000
N3GD_BODY id=45 off=370 00000000000000000000000000000000
N3GD_BODY id=45 off=380 00000000000000000000000000000000
N3GD_BODY id=45 off=390 00000000000000000000000000000000
N3GD_BODY id=45 off=3a0 00000000000000000000000000000000
N3GD_BODY id=45 off=3b0 00000000000000000000000000000000
N3GD_BODY id=45 off=3c0 00000000000000000000000000000000
N3GD_BODY id=45 off=3d0 00000000000000000000000000000000
N3GD_BODY id=45 off=3e0 00000000000000000000000000000000
N3GD_BODY id=45 off=3f0 00000000000000000000000000000000
N3GD_BODY id=45 off=400 00000000000000000000000000000000
N3GD_BODY id=45 off=410 00000000000000000000000000000000
N3GD_BODY id=45 off=420 00000000000000000000000000000000
N3GD_BODY id=45 off=430 00000000000000000000000000000000
N3GD_BODY id=45 off=440 00000000000000000000000000000000
N3GD_BODY id=45 off=450 00000000000000000000000000000000
N3GD_BODY id=45 off=460 00000000000000000000000000000000
N3GD_BODY id=45 off=470 00000000000000000000000000000000
N3GD_BODY id=45 off=480 00000000000000000000000000000000
N3GD_BODY id=45 off=490 00000000000000000000000000000000
N3GD_BODY id=45 off=4a0 00000000000000000000000000000000
N3GD_BODY id=45 off=4b0 00000000000000000000000000000000
N3GD_BODY id=45 off=4c0 00000000000000000000000000000000
N3GD_BODY id=45 off=4d0 00000000000000000000000000000000
N3GD_BODY id=45 off=4e0 00000000000000000000000000000000
N3GD_BODY id=45 off=4f0 00000000000000000000000000000000
N3GD_BODY id=45 off=500 00000000000000000000000000000000
N3GD_BODY id=45 off=510 00000000000000000000000000000000
N3GD_BODY id=45 off=520 00000000000000000000000000000000
N3GD_BODY id=45 off=530 00000000000000000000000000000000
N3GD_BODY id=45 off=540 00000000000000000000000000000000
N3GD_BODY id=45 off=550 00000000000000000000000000000000
N3GD_BODY id=45 off=560 00000000000000000000000000000000
N3GD_BODY id=45 off=570 00000000000000000000000000000000
N3GD_BODY id=45 off=580 00000000000000000000000000000000
N3GD_BODY id=45 off=590 00000000000000000000000000000000
N3GD_BODY id=45 off=5a0 00000000000000000000000000000000
N3GD_BODY id=45 off=5b0 00000000000000000000000000000000
N3GD_BODY id=45 off=5c0 00000000000000000000000000000000
N3GD_BODY id=45 off=5d0 00000000000000000000000000000000
N3GD_BODY id=45 off=5e0 00000000000000000000000000000000
N3GD_BODY id=45 off=5f0 00000000000000000000000000000000
N3GD_BODY id=45 off=600 00000000000000000000000000000000
N3GD_BODY id=45 off=610 00000000000000000000000000000000
N3GD_BODY id=45 off=620 00000000000000000000000000000000
N3GD_BODY id=45 off=630 00000000000000000000000000000000
N3GD_BODY id=45 off=640 00000000000000000000000000000000
N3GD_BODY id=45 off=650 00000000000000000000000000000000
N3GD_BODY id=45 off=660 00000000000000000000000000000000
N3GD_BODY id=45 off=670 00000000000000000000000000000000
N3GD_BODY id=45 off=680 00000000000000000000000000000000
N3GD_BODY id=45 off=690 00000000000000000000000000000000
N3GD_BODY id=45 off=6a0 00000000000000000000000000000000
N3GD_BODY id=45 off=6b0 00000000000000000000000000000000
N3GD_BODY id=45 off=6c0 00000000000000000000000000000000
N3GD_BODY id=45 off=6d0 00000000000000000000000000000000
N3GD_BODY id=45 off=6e0 00000000000000000000000000000000
N3GD_BODY id=45 off=6f0 00000000000000000000000000000000
N3GD_BODY id=45 off=700 00000000000000000000000000000000
N3GD_BODY id=45 off=710 00000000000000000000000000000000
N3GD_BODY id=45 off=720 00000000000000000000000000000000
N3GD_BODY id=45 off=730 00000000000000000000000000000000
N3GD_BODY id=45 off=740 00000000000000000000000000000000
N3GD_BODY id=45 off=750 00000000000000000000000000000000
N3GD_BODY id=45 off=760 00000000000000000000000000000000
N3GD_BODY id=45 off=770 00000000000000000000000000000000
N3GD_BODY id=45 off=780 00000000000000000000000000000000
N3GD_BODY id=45 off=790 00000000000000000000000000000000
N3GD_BODY id=45 off=7a0 00000000000000000000000000000000
N3GD_BODY id=45 off=7b0 00000000000000000000000000000000
N3GD_BODY id=45 off=7c0 00000000000000000000000000000000
N3GD_BODY id=45 off=7d0 00000000000000000000000000000000
N3GD_BODY id=45 off=7e0 00000000000000000000000000000000
N3GD_BODY id=45 off=7f0 00000000000000000000000000000000
N3GD_OOB id=45 off=000 00520100eedb0000ff40ffffe5ab0678
N3GD_OOB id=45 off=010 0a52efac2207c7a2053adbc8606282c5
N3GD_OOB id=45 off=020 374bcde4a25178a6eb7e94b8b7fa1e2e
N3GD_OOB id=45 off=030 eddbaafff14d9b9ea7ce563d3b3c79fe
N3GD_END id=45
N3GD_BEGIN id=46 kind=cand j=347 v=03A3 po=287 sl=4294967295 l0=00015000 host=0000A07E tgt=000140FC bank=3 pb=1356 pp=71 phy=173639 shift=4294967295 t=00 ix=0000 u=00000000 l=00000000
N3GD_BODY id=46 off=000 00000000000000000000000000000000
N3GD_BODY id=46 off=010 00000000000000000000000000000000
N3GD_BODY id=46 off=020 00000000000000000000000000000000
N3GD_BODY id=46 off=030 00000000000000000000000000000000
N3GD_BODY id=46 off=040 00000000000000000000000000000000
N3GD_BODY id=46 off=050 00000000000000000000000000000000
N3GD_BODY id=46 off=060 00000000000000000000000000000000
N3GD_BODY id=46 off=070 00000000000000000000000000000000
N3GD_BODY id=46 off=080 00000000000000000000000000000000
N3GD_BODY id=46 off=090 00000000000000000000000000000000
N3GD_BODY id=46 off=0a0 00000000000000000000000000000000
N3GD_BODY id=46 off=0b0 00000000000000000000000000000000
N3GD_BODY id=46 off=0c0 00000000000000000000000000000000
N3GD_BODY id=46 off=0d0 00000000000000000000000000000000
N3GD_BODY id=46 off=0e0 00000000000000000000000000000000
N3GD_BODY id=46 off=0f0 00000000000000000000000000000000
N3GD_BODY id=46 off=100 00000000000000000000000000000000
N3GD_BODY id=46 off=110 00000000000000000000000000000000
N3GD_BODY id=46 off=120 00000000000000000000000000000000
N3GD_BODY id=46 off=130 00000000000000000000000000000000
N3GD_BODY id=46 off=140 00000000000000000000000000000000
N3GD_BODY id=46 off=150 00000000000000000000000000000000
N3GD_BODY id=46 off=160 00000000000000000000000000000000
N3GD_BODY id=46 off=170 00000000000000000000000000000000
N3GD_BODY id=46 off=180 00000000000000000000000000000000
N3GD_BODY id=46 off=190 00000000000000000000000000000000
N3GD_BODY id=46 off=1a0 00000000000000000000000000000000
N3GD_BODY id=46 off=1b0 00000000000000000000000000000000
N3GD_BODY id=46 off=1c0 00000000000000000000000000000000
N3GD_BODY id=46 off=1d0 00000000000000000000000000000000
N3GD_BODY id=46 off=1e0 00000000000000000000000000000000
N3GD_BODY id=46 off=1f0 00000000000000000000000000000000
N3GD_BODY id=46 off=200 00000000000000000000000000000000
N3GD_BODY id=46 off=210 00000000000000000000000000000000
N3GD_BODY id=46 off=220 00000000000000000000000000000000
N3GD_BODY id=46 off=230 00000000000000000000000000000000
N3GD_BODY id=46 off=240 00000000000000000000000000000000
N3GD_BODY id=46 off=250 00000000000000000000000000000000
N3GD_BODY id=46 off=260 00000000000000000000000000000000
N3GD_BODY id=46 off=270 00000000000000000000000000000000
N3GD_BODY id=46 off=280 00000000000000000000000000000000
N3GD_BODY id=46 off=290 00000000000000000000000000000000
N3GD_BODY id=46 off=2a0 00000000000000000000000000000000
N3GD_BODY id=46 off=2b0 00000000000000000000000000000000
N3GD_BODY id=46 off=2c0 00000000000000000000000000000000
N3GD_BODY id=46 off=2d0 00000000000000000000000000000000
N3GD_BODY id=46 off=2e0 00000000000000000000000000000000
N3GD_BODY id=46 off=2f0 00000000000000000000000000000000
N3GD_BODY id=46 off=300 00000000000000000000000000000000
N3GD_BODY id=46 off=310 00000000000000000000000000000000
N3GD_BODY id=46 off=320 00000000000000000000000000000000
N3GD_BODY id=46 off=330 00000000000000000000000000000000
N3GD_BODY id=46 off=340 00000000000000000000000000000000
N3GD_BODY id=46 off=350 00000000000000000000000000000000
N3GD_BODY id=46 off=360 00000000000000000000000000000000
N3GD_BODY id=46 off=370 00000000000000000000000000000000
N3GD_BODY id=46 off=380 00000000000000000000000000000000
N3GD_BODY id=46 off=390 00000000000000000000000000000000
N3GD_BODY id=46 off=3a0 00000000000000000000000000000000
N3GD_BODY id=46 off=3b0 00000000000000000000000000000000
N3GD_BODY id=46 off=3c0 00000000000000000000000000000000
N3GD_BODY id=46 off=3d0 00000000000000000000000000000000
N3GD_BODY id=46 off=3e0 00000000000000000000000000000000
N3GD_BODY id=46 off=3f0 00000000000000000000000000000000
N3GD_BODY id=46 off=400 00000000000000000000000000000000
N3GD_BODY id=46 off=410 00000000000000000000000000000000
N3GD_BODY id=46 off=420 00000000000000000000000000000000
N3GD_BODY id=46 off=430 00000000000000000000000000000000
N3GD_BODY id=46 off=440 00000000000000000000000000000000
N3GD_BODY id=46 off=450 00000000000000000000000000000000
N3GD_BODY id=46 off=460 00000000000000000000000000000000
N3GD_BODY id=46 off=470 00000000000000000000000000000000
N3GD_BODY id=46 off=480 00000000000000000000000000000000
N3GD_BODY id=46 off=490 00000000000000000000000000000000
N3GD_BODY id=46 off=4a0 00000000000000000000000000000000
N3GD_BODY id=46 off=4b0 00000000000000000000000000000000
N3GD_BODY id=46 off=4c0 00000000000000000000000000000000
N3GD_BODY id=46 off=4d0 00000000000000000000000000000000
N3GD_BODY id=46 off=4e0 00000000000000000000000000000000
N3GD_BODY id=46 off=4f0 00000000000000000000000000000000
N3GD_BODY id=46 off=500 00000000000000000000000000000000
N3GD_BODY id=46 off=510 00000000000000000000000000000000
N3GD_BODY id=46 off=520 00000000000000000000000000000000
N3GD_BODY id=46 off=530 00000000000000000000000000000000
N3GD_BODY id=46 off=540 00000000000000000000000000000000
N3GD_BODY id=46 off=550 00000000000000000000000000000000
N3GD_BODY id=46 off=560 00000000000000000000000000000000
N3GD_BODY id=46 off=570 00000000000000000000000000000000
N3GD_BODY id=46 off=580 00000000000000000000000000000000
N3GD_BODY id=46 off=590 00000000000000000000000000000000
N3GD_BODY id=46 off=5a0 00000000000000000000000000000000
N3GD_BODY id=46 off=5b0 00000000000000000000000000000000
N3GD_BODY id=46 off=5c0 00000000000000000000000000000000
N3GD_BODY id=46 off=5d0 00000000000000000000000000000000
N3GD_BODY id=46 off=5e0 00000000000000000000000000000000
N3GD_BODY id=46 off=5f0 00000000000000000000000000000000
N3GD_BODY id=46 off=600 00000000000000000000000000000000
N3GD_BODY id=46 off=610 00000000000000000000000000000000
N3GD_BODY id=46 off=620 00000000000000000000000000000000
N3GD_BODY id=46 off=630 00000000000000000000000000000000
N3GD_BODY id=46 off=640 00000000000000000000000000000000
N3GD_BODY id=46 off=650 00000000000000000000000000000000
N3GD_BODY id=46 off=660 00000000000000000000000000000000
N3GD_BODY id=46 off=670 00000000000000000000000000000000
N3GD_BODY id=46 off=680 00000000000000000000000000000000
N3GD_BODY id=46 off=690 00000000000000000000000000000000
N3GD_BODY id=46 off=6a0 00000000000000000000000000000000
N3GD_BODY id=46 off=6b0 00000000000000000000000000000000
N3GD_BODY id=46 off=6c0 00000000000000000000000000000000
N3GD_BODY id=46 off=6d0 00000000000000000000000000000000
N3GD_BODY id=46 off=6e0 00000000000000000000000000000000
N3GD_BODY id=46 off=6f0 00000000000000000000000000000000
N3GD_BODY id=46 off=700 00000000000000000000000000000000
N3GD_BODY id=46 off=710 00000000000000000000000000000000
N3GD_BODY id=46 off=720 00000000000000000000000000000000
N3GD_BODY id=46 off=730 00000000000000000000000000000000
N3GD_BODY id=46 off=740 00000000000000000000000000000000
N3GD_BODY id=46 off=750 00000000000000000000000000000000
N3GD_BODY id=46 off=760 00000000000000000000000000000000
N3GD_BODY id=46 off=770 00000000000000000000000000000000
N3GD_BODY id=46 off=780 00000000000000000000000000000000
N3GD_BODY id=46 off=790 00000000000000000000000000000000
N3GD_BODY id=46 off=7a0 00000000000000000000000000000000
N3GD_BODY id=46 off=7b0 00000000000000000000000000000000
N3GD_BODY id=46 off=7c0 00000000000000000000000000000000
N3GD_BODY id=46 off=7d0 00000000000000000000000000000000
N3GD_BODY id=46 off=7e0 00000000000000000000000000000000
N3GD_BODY id=46 off=7f0 00000000000000000000000000000000
N3GD_OOB id=46 off=000 000000000000000000000000e5ab0678
N3GD_OOB id=46 off=010 0a52efac2207c7a2053adbc8606282c5
N3GD_OOB id=46 off=020 374bcde4a25178a6eb7e94b8b7fa1e2e
N3GD_OOB id=46 off=030 eddbaafff14d9b9ea7ce563d3b3c79fe
N3GD_END id=46
N3GD_BEGIN id=47 kind=cand j=347 v=03A3 po=288 sl=4294967295 l0=00015000 host=0000A07E tgt=000140FC bank=0 pb=1356 pp=72 phy=173640 shift=4294967295 t=40 ix=DBEE u=00015240 l=00015240
N3GD_BODY id=47 off=000 00000000000000000000000000000000
N3GD_BODY id=47 off=010 00000000000000000000000000000000
N3GD_BODY id=47 off=020 00000000000000000000000000000000
N3GD_BODY id=47 off=030 00000000000000000000000000000000
N3GD_BODY id=47 off=040 00000000000000000000000000000000
N3GD_BODY id=47 off=050 00000000000000000000000000000000
N3GD_BODY id=47 off=060 00000000000000000000000000000000
N3GD_BODY id=47 off=070 00000000000000000000000000000000
N3GD_BODY id=47 off=080 00000000000000000000000000000000
N3GD_BODY id=47 off=090 00000000000000000000000000000000
N3GD_BODY id=47 off=0a0 00000000000000000000000000000000
N3GD_BODY id=47 off=0b0 00000000000000000000000000000000
N3GD_BODY id=47 off=0c0 00000000000000000000000000000000
N3GD_BODY id=47 off=0d0 00000000000000000000000000000000
N3GD_BODY id=47 off=0e0 00000000000000000000000000000000
N3GD_BODY id=47 off=0f0 00000000000000000000000000000000
N3GD_BODY id=47 off=100 00000000000000000000000000000000
N3GD_BODY id=47 off=110 00000000000000000000000000000000
N3GD_BODY id=47 off=120 00000000000000000000000000000000
N3GD_BODY id=47 off=130 00000000000000000000000000000000
N3GD_BODY id=47 off=140 00000000000000000000000000000000
N3GD_BODY id=47 off=150 00000000000000000000000000000000
N3GD_BODY id=47 off=160 00000000000000000000000000000000
N3GD_BODY id=47 off=170 00000000000000000000000000000000
N3GD_BODY id=47 off=180 00000000000000000000000000000000
N3GD_BODY id=47 off=190 00000000000000000000000000000000
N3GD_BODY id=47 off=1a0 00000000000000000000000000000000
N3GD_BODY id=47 off=1b0 00000000000000000000000000000000
N3GD_BODY id=47 off=1c0 00000000000000000000000000000000
N3GD_BODY id=47 off=1d0 00000000000000000000000000000000
N3GD_BODY id=47 off=1e0 00000000000000000000000000000000
N3GD_BODY id=47 off=1f0 00000000000000000000000000000000
N3GD_BODY id=47 off=200 00000000000000000000000000000000
N3GD_BODY id=47 off=210 00000000000000000000000000000000
N3GD_BODY id=47 off=220 00000000000000000000000000000000
N3GD_BODY id=47 off=230 00000000000000000000000000000000
N3GD_BODY id=47 off=240 00000000000000000000000000000000
N3GD_BODY id=47 off=250 00000000000000000000000000000000
N3GD_BODY id=47 off=260 00000000000000000000000000000000
N3GD_BODY id=47 off=270 00000000000000000000000000000000
N3GD_BODY id=47 off=280 00000000000000000000000000000000
N3GD_BODY id=47 off=290 00000000000000000000000000000000
N3GD_BODY id=47 off=2a0 00000000000000000000000000000000
N3GD_BODY id=47 off=2b0 00000000000000000000000000000000
N3GD_BODY id=47 off=2c0 00000000000000000000000000000000
N3GD_BODY id=47 off=2d0 00000000000000000000000000000000
N3GD_BODY id=47 off=2e0 00000000000000000000000000000000
N3GD_BODY id=47 off=2f0 00000000000000000000000000000000
N3GD_BODY id=47 off=300 00000000000000000000000000000000
N3GD_BODY id=47 off=310 00000000000000000000000000000000
N3GD_BODY id=47 off=320 00000000000000000000000000000000
N3GD_BODY id=47 off=330 00000000000000000000000000000000
N3GD_BODY id=47 off=340 00000000000000000000000000000000
N3GD_BODY id=47 off=350 00000000000000000000000000000000
N3GD_BODY id=47 off=360 00000000000000000000000000000000
N3GD_BODY id=47 off=370 00000000000000000000000000000000
N3GD_BODY id=47 off=380 00000000000000000000000000000000
N3GD_BODY id=47 off=390 00000000000000000000000000000000
N3GD_BODY id=47 off=3a0 00000000000000000000000000000000
N3GD_BODY id=47 off=3b0 00000000000000000000000000000000
N3GD_BODY id=47 off=3c0 00000000000000000000000000000000
N3GD_BODY id=47 off=3d0 00000000000000000000000000000000
N3GD_BODY id=47 off=3e0 00000000000000000000000000000000
N3GD_BODY id=47 off=3f0 00000000000000000000000000000000
N3GD_BODY id=47 off=400 00000000000000000000000000000000
N3GD_BODY id=47 off=410 00000000000000000000000000000000
N3GD_BODY id=47 off=420 00000000000000000000000000000000
N3GD_BODY id=47 off=430 00000000000000000000000000000000
N3GD_BODY id=47 off=440 00000000000000000000000000000000
N3GD_BODY id=47 off=450 00000000000000000000000000000000
N3GD_BODY id=47 off=460 00000000000000000000000000000000
N3GD_BODY id=47 off=470 00000000000000000000000000000000
N3GD_BODY id=47 off=480 00000000000000000000000000000000
N3GD_BODY id=47 off=490 00000000000000000000000000000000
N3GD_BODY id=47 off=4a0 00000000000000000000000000000000
N3GD_BODY id=47 off=4b0 00000000000000000000000000000000
N3GD_BODY id=47 off=4c0 00000000000000000000000000000000
N3GD_BODY id=47 off=4d0 00000000000000000000000000000000
N3GD_BODY id=47 off=4e0 00000000000000000000000000000000
N3GD_BODY id=47 off=4f0 00000000000000000000000000000000
N3GD_BODY id=47 off=500 00000000000000000000000000000000
N3GD_BODY id=47 off=510 00000000000000000000000000000000
N3GD_BODY id=47 off=520 00000000000000000000000000000000
N3GD_BODY id=47 off=530 00000000000000000000000000000000
N3GD_BODY id=47 off=540 00000000000000000000000000000000
N3GD_BODY id=47 off=550 00000000000000000000000000000000
N3GD_BODY id=47 off=560 00000000000000000000000000000000
N3GD_BODY id=47 off=570 00000000000000000000000000000000
N3GD_BODY id=47 off=580 00000000000000000000000000000000
N3GD_BODY id=47 off=590 00000000000000000000000000000000
N3GD_BODY id=47 off=5a0 00000000000000000000000000000000
N3GD_BODY id=47 off=5b0 00000000000000000000000000000000
N3GD_BODY id=47 off=5c0 00000000000000000000000000000000
N3GD_BODY id=47 off=5d0 00000000000000000000000000000000
N3GD_BODY id=47 off=5e0 00000000000000000000000000000000
N3GD_BODY id=47 off=5f0 00000000000000000000000000000000
N3GD_BODY id=47 off=600 00000000000000000000000000000000
N3GD_BODY id=47 off=610 00000000000000000000000000000000
N3GD_BODY id=47 off=620 00000000000000000000000000000000
N3GD_BODY id=47 off=630 00000000000000000000000000000000
N3GD_BODY id=47 off=640 00000000000000000000000000000000
N3GD_BODY id=47 off=650 00000000000000000000000000000000
N3GD_BODY id=47 off=660 00000000000000000000000000000000
N3GD_BODY id=47 off=670 00000000000000000000000000000000
N3GD_BODY id=47 off=680 00000000000000000000000000000000
N3GD_BODY id=47 off=690 00000000000000000000000000000000
N3GD_BODY id=47 off=6a0 00000000000000000000000000000000
N3GD_BODY id=47 off=6b0 00000000000000000000000000000000
N3GD_BODY id=47 off=6c0 00000000000000000000000000000000
N3GD_BODY id=47 off=6d0 00000000000000000000000000000000
N3GD_BODY id=47 off=6e0 00000000000000000000000000000000
N3GD_BODY id=47 off=6f0 00000000000000000000000000000000
N3GD_BODY id=47 off=700 00000000000000000000000000000000
N3GD_BODY id=47 off=710 00000000000000000000000000000000
N3GD_BODY id=47 off=720 00000000000000000000000000000000
N3GD_BODY id=47 off=730 00000000000000000000000000000000
N3GD_BODY id=47 off=740 00000000000000000000000000000000
N3GD_BODY id=47 off=750 00000000000000000000000000000000
N3GD_BODY id=47 off=760 00000000000000000000000000000000
N3GD_BODY id=47 off=770 00000000000000000000000000000000
N3GD_BODY id=47 off=780 00000000000000000000000000000000
N3GD_BODY id=47 off=790 00000000000000000000000000000000
N3GD_BODY id=47 off=7a0 00000000000000000000000000000000
N3GD_BODY id=47 off=7b0 00000000000000000000000000000000
N3GD_BODY id=47 off=7c0 00000000000000000000000000000000
N3GD_BODY id=47 off=7d0 00000000000000000000000000000000
N3GD_BODY id=47 off=7e0 00000000000000000000000000000000
N3GD_BODY id=47 off=7f0 00000000000000000000000000000000
N3GD_OOB id=47 off=000 40520100eedb0000ff40ffffe5ab0678
N3GD_OOB id=47 off=010 0a52efac2207c7a2053adbc8606282c5
N3GD_OOB id=47 off=020 374bcde4a25178a6eb7e94b8b7fa1e2e
N3GD_OOB id=47 off=030 eddbaafff14d9b9ea7ce563d3b3c79fe
N3GD_END id=47
N3GD_BEGIN id=48 kind=cand j=347 v=03A3 po=289 sl=4294967295 l0=00015000 host=0000A07E tgt=000140FC bank=1 pb=1356 pp=72 phy=173640 shift=4294967295 t=00 ix=0000 u=00000000 l=00000000
N3GD_BODY id=48 off=000 00000000000000000000000000000000
N3GD_BODY id=48 off=010 00000000000000000000000000000000
N3GD_BODY id=48 off=020 00000000000000000000000000000000
N3GD_BODY id=48 off=030 00000000000000000000000000000000
N3GD_BODY id=48 off=040 00000000000000000000000000000000
N3GD_BODY id=48 off=050 00000000000000000000000000000000
N3GD_BODY id=48 off=060 00000000000000000000000000000000
N3GD_BODY id=48 off=070 00000000000000000000000000000000
N3GD_BODY id=48 off=080 00000000000000000000000000000000
N3GD_BODY id=48 off=090 00000000000000000000000000000000
N3GD_BODY id=48 off=0a0 00000000000000000000000000000000
N3GD_BODY id=48 off=0b0 00000000000000000000000000000000
N3GD_BODY id=48 off=0c0 00000000000000000000000000000000
N3GD_BODY id=48 off=0d0 00000000000000000000000000000000
N3GD_BODY id=48 off=0e0 00000000000000000000000000000000
N3GD_BODY id=48 off=0f0 00000000000000000000000000000000
N3GD_BODY id=48 off=100 00000000000000000000000000000000
N3GD_BODY id=48 off=110 00000000000000000000000000000000
N3GD_BODY id=48 off=120 00000000000000000000000000000000
N3GD_BODY id=48 off=130 00000000000000000000000000000000
N3GD_BODY id=48 off=140 00000000000000000000000000000000
N3GD_BODY id=48 off=150 00000000000000000000000000000000
N3GD_BODY id=48 off=160 00000000000000000000000000000000
N3GD_BODY id=48 off=170 00000000000000000000000000000000
N3GD_BODY id=48 off=180 00000000000000000000000000000000
N3GD_BODY id=48 off=190 00000000000000000000000000000000
N3GD_BODY id=48 off=1a0 00000000000000000000000000000000
N3GD_BODY id=48 off=1b0 00000000000000000000000000000000
N3GD_BODY id=48 off=1c0 00000000000000000000000000000000
N3GD_BODY id=48 off=1d0 00000000000000000000000000000000
N3GD_BODY id=48 off=1e0 00000000000000000000000000000000
N3GD_BODY id=48 off=1f0 00000000000000000000000000000000
N3GD_BODY id=48 off=200 00000000000000000000000000000000
N3GD_BODY id=48 off=210 00000000000000000000000000000000
N3GD_BODY id=48 off=220 00000000000000000000000000000000
N3GD_BODY id=48 off=230 00000000000000000000000000000000
N3GD_BODY id=48 off=240 00000000000000000000000000000000
N3GD_BODY id=48 off=250 00000000000000000000000000000000
N3GD_BODY id=48 off=260 00000000000000000000000000000000
N3GD_BODY id=48 off=270 00000000000000000000000000000000
N3GD_BODY id=48 off=280 00000000000000000000000000000000
N3GD_BODY id=48 off=290 00000000000000000000000000000000
N3GD_BODY id=48 off=2a0 00000000000000000000000000000000
N3GD_BODY id=48 off=2b0 00000000000000000000000000000000
N3GD_BODY id=48 off=2c0 00000000000000000000000000000000
N3GD_BODY id=48 off=2d0 00000000000000000000000000000000
N3GD_BODY id=48 off=2e0 00000000000000000000000000000000
N3GD_BODY id=48 off=2f0 00000000000000000000000000000000
N3GD_BODY id=48 off=300 00000000000000000000000000000000
N3GD_BODY id=48 off=310 00000000000000000000000000000000
N3GD_BODY id=48 off=320 00000000000000000000000000000000
N3GD_BODY id=48 off=330 00000000000000000000000000000000
N3GD_BODY id=48 off=340 00000000000000000000000000000000
N3GD_BODY id=48 off=350 00000000000000000000000000000000
N3GD_BODY id=48 off=360 00000000000000000000000000000000
N3GD_BODY id=48 off=370 00000000000000000000000000000000
N3GD_BODY id=48 off=380 00000000000000000000000000000000
N3GD_BODY id=48 off=390 00000000000000000000000000000000
N3GD_BODY id=48 off=3a0 00000000000000000000000000000000
N3GD_BODY id=48 off=3b0 00000000000000000000000000000000
N3GD_BODY id=48 off=3c0 00000000000000000000000000000000
N3GD_BODY id=48 off=3d0 00000000000000000000000000000000
N3GD_BODY id=48 off=3e0 00000000000000000000000000000000
N3GD_BODY id=48 off=3f0 00000000000000000000000000000000
N3GD_BODY id=48 off=400 00000000000000000000000000000000
N3GD_BODY id=48 off=410 00000000000000000000000000000000
N3GD_BODY id=48 off=420 00000000000000000000000000000000
N3GD_BODY id=48 off=430 00000000000000000000000000000000
N3GD_BODY id=48 off=440 00000000000000000000000000000000
N3GD_BODY id=48 off=450 00000000000000000000000000000000
N3GD_BODY id=48 off=460 00000000000000000000000000000000
N3GD_BODY id=48 off=470 00000000000000000000000000000000
N3GD_BODY id=48 off=480 00000000000000000000000000000000
N3GD_BODY id=48 off=490 00000000000000000000000000000000
N3GD_BODY id=48 off=4a0 00000000000000000000000000000000
N3GD_BODY id=48 off=4b0 00000000000000000000000000000000
N3GD_BODY id=48 off=4c0 00000000000000000000000000000000
N3GD_BODY id=48 off=4d0 00000000000000000000000000000000
N3GD_BODY id=48 off=4e0 00000000000000000000000000000000
N3GD_BODY id=48 off=4f0 00000000000000000000000000000000
N3GD_BODY id=48 off=500 00000000000000000000000000000000
N3GD_BODY id=48 off=510 00000000000000000000000000000000
N3GD_BODY id=48 off=520 00000000000000000000000000000000
N3GD_BODY id=48 off=530 00000000000000000000000000000000
N3GD_BODY id=48 off=540 00000000000000000000000000000000
N3GD_BODY id=48 off=550 00000000000000000000000000000000
N3GD_BODY id=48 off=560 00000000000000000000000000000000
N3GD_BODY id=48 off=570 00000000000000000000000000000000
N3GD_BODY id=48 off=580 00000000000000000000000000000000
N3GD_BODY id=48 off=590 00000000000000000000000000000000
N3GD_BODY id=48 off=5a0 00000000000000000000000000000000
N3GD_BODY id=48 off=5b0 00000000000000000000000000000000
N3GD_BODY id=48 off=5c0 00000000000000000000000000000000
N3GD_BODY id=48 off=5d0 00000000000000000000000000000000
N3GD_BODY id=48 off=5e0 00000000000000000000000000000000
N3GD_BODY id=48 off=5f0 00000000000000000000000000000000
N3GD_BODY id=48 off=600 00000000000000000000000000000000
N3GD_BODY id=48 off=610 00000000000000000000000000000000
N3GD_BODY id=48 off=620 00000000000000000000000000000000
N3GD_BODY id=48 off=630 00000000000000000000000000000000
N3GD_BODY id=48 off=640 00000000000000000000000000000000
N3GD_BODY id=48 off=650 00000000000000000000000000000000
N3GD_BODY id=48 off=660 00000000000000000000000000000000
N3GD_BODY id=48 off=670 00000000000000000000000000000000
N3GD_BODY id=48 off=680 00000000000000000000000000000000
N3GD_BODY id=48 off=690 00000000000000000000000000000000
N3GD_BODY id=48 off=6a0 00000000000000000000000000000000
N3GD_BODY id=48 off=6b0 00000000000000000000000000000000
N3GD_BODY id=48 off=6c0 00000000000000000000000000000000
N3GD_BODY id=48 off=6d0 00000000000000000000000000000000
N3GD_BODY id=48 off=6e0 00000000000000000000000000000000
N3GD_BODY id=48 off=6f0 00000000000000000000000000000000
N3GD_BODY id=48 off=700 00000000000000000000000000000000
N3GD_BODY id=48 off=710 00000000000000000000000000000000
N3GD_BODY id=48 off=720 00000000000000000000000000000000
N3GD_BODY id=48 off=730 00000000000000000000000000000000
N3GD_BODY id=48 off=740 00000000000000000000000000000000
N3GD_BODY id=48 off=750 00000000000000000000000000000000
N3GD_BODY id=48 off=760 00000000000000000000000000000000
N3GD_BODY id=48 off=770 00000000000000000000000000000000
N3GD_BODY id=48 off=780 00000000000000000000000000000000
N3GD_BODY id=48 off=790 00000000000000000000000000000000
N3GD_BODY id=48 off=7a0 00000000000000000000000000000000
N3GD_BODY id=48 off=7b0 00000000000000000000000000000000
N3GD_BODY id=48 off=7c0 00000000000000000000000000000000
N3GD_BODY id=48 off=7d0 00000000000000000000000000000000
N3GD_BODY id=48 off=7e0 00000000000000000000000000000000
N3GD_BODY id=48 off=7f0 00000000000000000000000000000000
N3GD_OOB id=48 off=000 000000000000000000000000e5ab0678
N3GD_OOB id=48 off=010 0a52efac2207c7a2053adbc8606282c5
N3GD_OOB id=48 off=020 374bcde4a25178a6eb7e94b8b7fa1e2e
N3GD_OOB id=48 off=030 eddbaafff14d9b9ea7ce563d3b3c79fe
N3GD_END id=48
N3GD_BEGIN id=49 kind=cand j=347 v=03A3 po=511 sl=4294967295 l0=00015000 host=0000A07E tgt=000140FC bank=3 pb=1356 pp=127 phy=173695 shift=4294967295 t=00 ix=0000 u=00000000 l=00000000
N3GD_BODY id=49 off=000 00000000000000000000000000000000
N3GD_BODY id=49 off=010 00000000000000000000000000000000
N3GD_BODY id=49 off=020 00000000000000000000000000000000
N3GD_BODY id=49 off=030 00000000000000000000000000000000
N3GD_BODY id=49 off=040 00000000000000000000000000000000
N3GD_BODY id=49 off=050 00000000000000000000000000000000
N3GD_BODY id=49 off=060 00000000000000000000000000000000
N3GD_BODY id=49 off=070 00000000000000000000000000000000
N3GD_BODY id=49 off=080 00000000000000000000000000000000
N3GD_BODY id=49 off=090 00000000000000000000000000000000
N3GD_BODY id=49 off=0a0 00000000000000000000000000000000
N3GD_BODY id=49 off=0b0 00000000000000000000000000000000
N3GD_BODY id=49 off=0c0 00000000000000000000000000000000
N3GD_BODY id=49 off=0d0 00000000000000000000000000000000
N3GD_BODY id=49 off=0e0 00000000000000000000000000000000
N3GD_BODY id=49 off=0f0 00000000000000000000000000000000
N3GD_BODY id=49 off=100 00000000000000000000000000000000
N3GD_BODY id=49 off=110 00000000000000000000000000000000
N3GD_BODY id=49 off=120 00000000000000000000000000000000
N3GD_BODY id=49 off=130 00000000000000000000000000000000
N3GD_BODY id=49 off=140 00000000000000000000000000000000
N3GD_BODY id=49 off=150 00000000000000000000000000000000
N3GD_BODY id=49 off=160 00000000000000000000000000000000
N3GD_BODY id=49 off=170 00000000000000000000000000000000
N3GD_BODY id=49 off=180 00000000000000000000000000000000
N3GD_BODY id=49 off=190 00000000000000000000000000000000
N3GD_BODY id=49 off=1a0 00000000000000000000000000000000
N3GD_BODY id=49 off=1b0 00000000000000000000000000000000
N3GD_BODY id=49 off=1c0 00000000000000000000000000000000
N3GD_BODY id=49 off=1d0 00000000000000000000000000000000
N3GD_BODY id=49 off=1e0 00000000000000000000000000000000
N3GD_BODY id=49 off=1f0 00000000000000000000000000000000
N3GD_BODY id=49 off=200 00000000000000000000000000000000
N3GD_BODY id=49 off=210 00000000000000000000000000000000
N3GD_BODY id=49 off=220 00000000000000000000000000000000
N3GD_BODY id=49 off=230 00000000000000000000000000000000
N3GD_BODY id=49 off=240 00000000000000000000000000000000
N3GD_BODY id=49 off=250 00000000000000000000000000000000
N3GD_BODY id=49 off=260 00000000000000000000000000000000
N3GD_BODY id=49 off=270 00000000000000000000000000000000
N3GD_BODY id=49 off=280 00000000000000000000000000000000
N3GD_BODY id=49 off=290 00000000000000000000000000000000
N3GD_BODY id=49 off=2a0 00000000000000000000000000000000
N3GD_BODY id=49 off=2b0 00000000000000000000000000000000
N3GD_BODY id=49 off=2c0 00000000000000000000000000000000
N3GD_BODY id=49 off=2d0 00000000000000000000000000000000
N3GD_BODY id=49 off=2e0 00000000000000000000000000000000
N3GD_BODY id=49 off=2f0 00000000000000000000000000000000
N3GD_BODY id=49 off=300 00000000000000000000000000000000
N3GD_BODY id=49 off=310 00000000000000000000000000000000
N3GD_BODY id=49 off=320 00000000000000000000000000000000
N3GD_BODY id=49 off=330 00000000000000000000000000000000
N3GD_BODY id=49 off=340 00000000000000000000000000000000
N3GD_BODY id=49 off=350 00000000000000000000000000000000
N3GD_BODY id=49 off=360 00000000000000000000000000000000
N3GD_BODY id=49 off=370 00000000000000000000000000000000
N3GD_BODY id=49 off=380 00000000000000000000000000000000
N3GD_BODY id=49 off=390 00000000000000000000000000000000
N3GD_BODY id=49 off=3a0 00000000000000000000000000000000
N3GD_BODY id=49 off=3b0 00000000000000000000000000000000
N3GD_BODY id=49 off=3c0 00000000000000000000000000000000
N3GD_BODY id=49 off=3d0 00000000000000000000000000000000
N3GD_BODY id=49 off=3e0 00000000000000000000000000000000
N3GD_BODY id=49 off=3f0 00000000000000000000000000000000
N3GD_BODY id=49 off=400 00000000000000000000000000000000
N3GD_BODY id=49 off=410 00000000000000000000000000000000
N3GD_BODY id=49 off=420 00000000000000000000000000000000
N3GD_BODY id=49 off=430 00000000000000000000000000000000
N3GD_BODY id=49 off=440 00000000000000000000000000000000
N3GD_BODY id=49 off=450 00000000000000000000000000000000
N3GD_BODY id=49 off=460 00000000000000000000000000000000
N3GD_BODY id=49 off=470 00000000000000000000000000000000
N3GD_BODY id=49 off=480 00000000000000000000000000000000
N3GD_BODY id=49 off=490 00000000000000000000000000000000
N3GD_BODY id=49 off=4a0 00000000000000000000000000000000
N3GD_BODY id=49 off=4b0 00000000000000000000000000000000
N3GD_BODY id=49 off=4c0 00000000000000000000000000000000
N3GD_BODY id=49 off=4d0 00000000000000000000000000000000
N3GD_BODY id=49 off=4e0 00000000000000000000000000000000
N3GD_BODY id=49 off=4f0 00000000000000000000000000000000
N3GD_BODY id=49 off=500 00000000000000000000000000000000
N3GD_BODY id=49 off=510 00000000000000000000000000000000
N3GD_BODY id=49 off=520 00000000000000000000000000000000
N3GD_BODY id=49 off=530 00000000000000000000000000000000
N3GD_BODY id=49 off=540 00000000000000000000000000000000
N3GD_BODY id=49 off=550 00000000000000000000000000000000
N3GD_BODY id=49 off=560 00000000000000000000000000000000
N3GD_BODY id=49 off=570 00000000000000000000000000000000
N3GD_BODY id=49 off=580 00000000000000000000000000000000
N3GD_BODY id=49 off=590 00000000000000000000000000000000
N3GD_BODY id=49 off=5a0 00000000000000000000000000000000
N3GD_BODY id=49 off=5b0 00000000000000000000000000000000
N3GD_BODY id=49 off=5c0 00000000000000000000000000000000
N3GD_BODY id=49 off=5d0 00000000000000000000000000000000
N3GD_BODY id=49 off=5e0 00000000000000000000000000000000
N3GD_BODY id=49 off=5f0 00000000000000000000000000000000
N3GD_BODY id=49 off=600 00000000000000000000000000000000
N3GD_BODY id=49 off=610 00000000000000000000000000000000
N3GD_BODY id=49 off=620 00000000000000000000000000000000
N3GD_BODY id=49 off=630 00000000000000000000000000000000
N3GD_BODY id=49 off=640 00000000000000000000000000000000
N3GD_BODY id=49 off=650 00000000000000000000000000000000
N3GD_BODY id=49 off=660 00000000000000000000000000000000
N3GD_BODY id=49 off=670 00000000000000000000000000000000
N3GD_BODY id=49 off=680 00000000000000000000000000000000
N3GD_BODY id=49 off=690 00000000000000000000000000000000
N3GD_BODY id=49 off=6a0 00000000000000000000000000000000
N3GD_BODY id=49 off=6b0 00000000000000000000000000000000
N3GD_BODY id=49 off=6c0 00000000000000000000000000000000
N3GD_BODY id=49 off=6d0 00000000000000000000000000000000
N3GD_BODY id=49 off=6e0 00000000000000000000000000000000
N3GD_BODY id=49 off=6f0 00000000000000000000000000000000
N3GD_BODY id=49 off=700 00000000000000000000000000000000
N3GD_BODY id=49 off=710 00000000000000000000000000000000
N3GD_BODY id=49 off=720 00000000000000000000000000000000
N3GD_BODY id=49 off=730 00000000000000000000000000000000
N3GD_BODY id=49 off=740 00000000000000000000000000000000
N3GD_BODY id=49 off=750 00000000000000000000000000000000
N3GD_BODY id=49 off=760 00000000000000000000000000000000
N3GD_BODY id=49 off=770 00000000000000000000000000000000
N3GD_BODY id=49 off=780 00000000000000000000000000000000
N3GD_BODY id=49 off=790 00000000000000000000000000000000
N3GD_BODY id=49 off=7a0 00000000000000000000000000000000
N3GD_BODY id=49 off=7b0 00000000000000000000000000000000
N3GD_BODY id=49 off=7c0 00000000000000000000000000000000
N3GD_BODY id=49 off=7d0 00000000000000000000000000000000
N3GD_BODY id=49 off=7e0 00000000000000000000000000000000
N3GD_BODY id=49 off=7f0 00000000000000000000000000000000
N3GD_OOB id=49 off=000 000000000000000000000000e5ab0678
N3GD_OOB id=49 off=010 0a52efac2207c7a2053adbc8606282c5
N3GD_OOB id=49 off=020 374bcde4a25178a6eb7e94b8b7fa1e2e
N3GD_OOB id=49 off=030 eddbaafff14d9b9ea7ce563d3b3c79fe
N3GD_END id=49
N3GD_BEGIN id=50 kind=cand j=81 v=03A4 po=0 sl=4294967295 l0=00015002 host=0000A07E tgt=000140FC bank=0 pb=1357 pp=0 phy=173696 shift=4294967295 t=40 ix=DBE2 u=00015002 l=00015002
N3GD_BODY id=50 off=000 00000000000000000000000000000000
N3GD_BODY id=50 off=010 00000000000000000000000000000000
N3GD_BODY id=50 off=020 00000000000000000000000000000000
N3GD_BODY id=50 off=030 00000000000000000000000000000000
N3GD_BODY id=50 off=040 00000000000000000000000000000000
N3GD_BODY id=50 off=050 00000000000000000000000000000000
N3GD_BODY id=50 off=060 00000000000000000000000000000000
N3GD_BODY id=50 off=070 00000000000000000000000000000000
N3GD_BODY id=50 off=080 00000000000000000000000000000000
N3GD_BODY id=50 off=090 00000000000000000000000000000000
N3GD_BODY id=50 off=0a0 00000000000000000000000000000000
N3GD_BODY id=50 off=0b0 00000000000000000000000000000000
N3GD_BODY id=50 off=0c0 00000000000000000000000000000000
N3GD_BODY id=50 off=0d0 00000000000000000000000000000000
N3GD_BODY id=50 off=0e0 00000000000000000000000000000000
N3GD_BODY id=50 off=0f0 00000000000000000000000000000000
N3GD_BODY id=50 off=100 00000000000000000000000000000000
N3GD_BODY id=50 off=110 00000000000000000000000000000000
N3GD_BODY id=50 off=120 00000000000000000000000000000000
N3GD_BODY id=50 off=130 00000000000000000000000000000000
N3GD_BODY id=50 off=140 00000000000000000000000000000000
N3GD_BODY id=50 off=150 00000000000000000000000000000000
N3GD_BODY id=50 off=160 00000000000000000000000000000000
N3GD_BODY id=50 off=170 00000000000000000000000000000000
N3GD_BODY id=50 off=180 00000000000000000000000000000000
N3GD_BODY id=50 off=190 00000000000000000000000000000000
N3GD_BODY id=50 off=1a0 00000000000000000000000000000000
N3GD_BODY id=50 off=1b0 00000000000000000000000000000000
N3GD_BODY id=50 off=1c0 00000000000000000000000000000000
N3GD_BODY id=50 off=1d0 00000000000000000000000000000000
N3GD_BODY id=50 off=1e0 00000000000000000000000000000000
N3GD_BODY id=50 off=1f0 00000000000000000000000000000000
N3GD_BODY id=50 off=200 00000000000000000000000000000000
N3GD_BODY id=50 off=210 00000000000000000000000000000000
N3GD_BODY id=50 off=220 00000000000000000000000000000000
N3GD_BODY id=50 off=230 00000000000000000000000000000000
N3GD_BODY id=50 off=240 00000000000000000000000000000000
N3GD_BODY id=50 off=250 00000000000000000000000000000000
N3GD_BODY id=50 off=260 00000000000000000000000000000000
N3GD_BODY id=50 off=270 00000000000000000000000000000000
N3GD_BODY id=50 off=280 00000000000000000000000000000000
N3GD_BODY id=50 off=290 00000000000000000000000000000000
N3GD_BODY id=50 off=2a0 00000000000000000000000000000000
N3GD_BODY id=50 off=2b0 00000000000000000000000000000000
N3GD_BODY id=50 off=2c0 00000000000000000000000000000000
N3GD_BODY id=50 off=2d0 00000000000000000000000000000000
N3GD_BODY id=50 off=2e0 00000000000000000000000000000000
N3GD_BODY id=50 off=2f0 00000000000000000000000000000000
N3GD_BODY id=50 off=300 00000000000000000000000000000000
N3GD_BODY id=50 off=310 00000000000000000000000000000000
N3GD_BODY id=50 off=320 00000000000000000000000000000000
N3GD_BODY id=50 off=330 00000000000000000000000000000000
N3GD_BODY id=50 off=340 00000000000000000000000000000000
N3GD_BODY id=50 off=350 00000000000000000000000000000000
N3GD_BODY id=50 off=360 00000000000000000000000000000000
N3GD_BODY id=50 off=370 00000000000000000000000000000000
N3GD_BODY id=50 off=380 00000000000000000000000000000000
N3GD_BODY id=50 off=390 00000000000000000000000000000000
N3GD_BODY id=50 off=3a0 00000000000000000000000000000000
N3GD_BODY id=50 off=3b0 00000000000000000000000000000000
N3GD_BODY id=50 off=3c0 00000000000000000000000000000000
N3GD_BODY id=50 off=3d0 00000000000000000000000000000000
N3GD_BODY id=50 off=3e0 00000000000000000000000000000000
N3GD_BODY id=50 off=3f0 00000000000000000000000000000000
N3GD_BODY id=50 off=400 00000000000000000000000000000000
N3GD_BODY id=50 off=410 00000000000000000000000000000000
N3GD_BODY id=50 off=420 00000000000000000000000000000000
N3GD_BODY id=50 off=430 00000000000000000000000000000000
N3GD_BODY id=50 off=440 00000000000000000000000000000000
N3GD_BODY id=50 off=450 00000000000000000000000000000000
N3GD_BODY id=50 off=460 00000000000000000000000000000000
N3GD_BODY id=50 off=470 00000000000000000000000000000000
N3GD_BODY id=50 off=480 00000000000000000000000000000000
N3GD_BODY id=50 off=490 00000000000000000000000000000000
N3GD_BODY id=50 off=4a0 00000000000000000000000000000000
N3GD_BODY id=50 off=4b0 00000000000000000000000000000000
N3GD_BODY id=50 off=4c0 00000000000000000000000000000000
N3GD_BODY id=50 off=4d0 00000000000000000000000000000000
N3GD_BODY id=50 off=4e0 00000000000000000000000000000000
N3GD_BODY id=50 off=4f0 00000000000000000000000000000000
N3GD_BODY id=50 off=500 00000000000000000000000000000000
N3GD_BODY id=50 off=510 00000000000000000000000000000000
N3GD_BODY id=50 off=520 00000000000000000000000000000000
N3GD_BODY id=50 off=530 00000000000000000000000000000000
N3GD_BODY id=50 off=540 00000000000000000000000000000000
N3GD_BODY id=50 off=550 00000000000000000000000000000000
N3GD_BODY id=50 off=560 00000000000000000000000000000000
N3GD_BODY id=50 off=570 00000000000000000000000000000000
N3GD_BODY id=50 off=580 00000000000000000000000000000000
N3GD_BODY id=50 off=590 00000000000000000000000000000000
N3GD_BODY id=50 off=5a0 00000000000000000000000000000000
N3GD_BODY id=50 off=5b0 00000000000000000000000000000000
N3GD_BODY id=50 off=5c0 00000000000000000000000000000000
N3GD_BODY id=50 off=5d0 00000000000000000000000000000000
N3GD_BODY id=50 off=5e0 00000000000000000000000000000000
N3GD_BODY id=50 off=5f0 00000000000000000000000000000000
N3GD_BODY id=50 off=600 00000000000000000000000000000000
N3GD_BODY id=50 off=610 00000000000000000000000000000000
N3GD_BODY id=50 off=620 00000000000000000000000000000000
N3GD_BODY id=50 off=630 00000000000000000000000000000000
N3GD_BODY id=50 off=640 00000000000000000000000000000000
N3GD_BODY id=50 off=650 00000000000000000000000000000000
N3GD_BODY id=50 off=660 00000000000000000000000000000000
N3GD_BODY id=50 off=670 00000000000000000000000000000000
N3GD_BODY id=50 off=680 00000000000000000000000000000000
N3GD_BODY id=50 off=690 00000000000000000000000000000000
N3GD_BODY id=50 off=6a0 00000000000000000000000000000000
N3GD_BODY id=50 off=6b0 00000000000000000000000000000000
N3GD_BODY id=50 off=6c0 00000000000000000000000000000000
N3GD_BODY id=50 off=6d0 00000000000000000000000000000000
N3GD_BODY id=50 off=6e0 00000000000000000000000000000000
N3GD_BODY id=50 off=6f0 00000000000000000000000000000000
N3GD_BODY id=50 off=700 00000000000000000000000000000000
N3GD_BODY id=50 off=710 00000000000000000000000000000000
N3GD_BODY id=50 off=720 00000000000000000000000000000000
N3GD_BODY id=50 off=730 00000000000000000000000000000000
N3GD_BODY id=50 off=740 00000000000000000000000000000000
N3GD_BODY id=50 off=750 00000000000000000000000000000000
N3GD_BODY id=50 off=760 00000000000000000000000000000000
N3GD_BODY id=50 off=770 00000000000000000000000000000000
N3GD_BODY id=50 off=780 00000000000000000000000000000000
N3GD_BODY id=50 off=790 00000000000000000000000000000000
N3GD_BODY id=50 off=7a0 00000000000000000000000000000000
N3GD_BODY id=50 off=7b0 00000000000000000000000000000000
N3GD_BODY id=50 off=7c0 00000000000000000000000000000000
N3GD_BODY id=50 off=7d0 00000000000000000000000000000000
N3GD_BODY id=50 off=7e0 00000000000000000000000000000000
N3GD_BODY id=50 off=7f0 00000000000000000000000000000000
N3GD_OOB id=50 off=000 02500100e2db0000ff40ffffe5ab0678
N3GD_OOB id=50 off=010 0a52efac2207c7a2053adbc8606282c5
N3GD_OOB id=50 off=020 374bcde4a25178a6eb7e94b8b7fa1e2e
N3GD_OOB id=50 off=030 eddbaafff14d9b9ea7ce563d3b3c79fe
N3GD_END id=50
N3GD_BEGIN id=51 kind=cand j=81 v=03A4 po=1 sl=4294967295 l0=00015002 host=0000A07E tgt=000140FC bank=1 pb=1357 pp=0 phy=173696 shift=4294967295 t=00 ix=0000 u=00000000 l=00000000
N3GD_BODY id=51 off=000 00000000000000000000000000000000
N3GD_BODY id=51 off=010 00000000000000000000000000000000
N3GD_BODY id=51 off=020 00000000000000000000000000000000
N3GD_BODY id=51 off=030 00000000000000000000000000000000
N3GD_BODY id=51 off=040 00000000000000000000000000000000
N3GD_BODY id=51 off=050 00000000000000000000000000000000
N3GD_BODY id=51 off=060 00000000000000000000000000000000
N3GD_BODY id=51 off=070 00000000000000000000000000000000
N3GD_BODY id=51 off=080 00000000000000000000000000000000
N3GD_BODY id=51 off=090 00000000000000000000000000000000
N3GD_BODY id=51 off=0a0 00000000000000000000000000000000
N3GD_BODY id=51 off=0b0 00000000000000000000000000000000
N3GD_BODY id=51 off=0c0 00000000000000000000000000000000
N3GD_BODY id=51 off=0d0 00000000000000000000000000000000
N3GD_BODY id=51 off=0e0 00000000000000000000000000000000
N3GD_BODY id=51 off=0f0 00000000000000000000000000000000
N3GD_BODY id=51 off=100 00000000000000000000000000000000
N3GD_BODY id=51 off=110 00000000000000000000000000000000
N3GD_BODY id=51 off=120 00000000000000000000000000000000
N3GD_BODY id=51 off=130 00000000000000000000000000000000
N3GD_BODY id=51 off=140 00000000000000000000000000000000
N3GD_BODY id=51 off=150 00000000000000000000000000000000
N3GD_BODY id=51 off=160 00000000000000000000000000000000
N3GD_BODY id=51 off=170 00000000000000000000000000000000
N3GD_BODY id=51 off=180 00000000000000000000000000000000
N3GD_BODY id=51 off=190 00000000000000000000000000000000
N3GD_BODY id=51 off=1a0 00000000000000000000000000000000
N3GD_BODY id=51 off=1b0 00000000000000000000000000000000
N3GD_BODY id=51 off=1c0 00000000000000000000000000000000
N3GD_BODY id=51 off=1d0 00000000000000000000000000000000
N3GD_BODY id=51 off=1e0 00000000000000000000000000000000
N3GD_BODY id=51 off=1f0 00000000000000000000000000000000
N3GD_BODY id=51 off=200 00000000000000000000000000000000
N3GD_BODY id=51 off=210 00000000000000000000000000000000
N3GD_BODY id=51 off=220 00000000000000000000000000000000
N3GD_BODY id=51 off=230 00000000000000000000000000000000
N3GD_BODY id=51 off=240 00000000000000000000000000000000
N3GD_BODY id=51 off=250 00000000000000000000000000000000
N3GD_BODY id=51 off=260 00000000000000000000000000000000
N3GD_BODY id=51 off=270 00000000000000000000000000000000
N3GD_BODY id=51 off=280 00000000000000000000000000000000
N3GD_BODY id=51 off=290 00000000000000000000000000000000
N3GD_BODY id=51 off=2a0 00000000000000000000000000000000
N3GD_BODY id=51 off=2b0 00000000000000000000000000000000
N3GD_BODY id=51 off=2c0 00000000000000000000000000000000
N3GD_BODY id=51 off=2d0 00000000000000000000000000000000
N3GD_BODY id=51 off=2e0 00000000000000000000000000000000
N3GD_BODY id=51 off=2f0 00000000000000000000000000000000
N3GD_BODY id=51 off=300 00000000000000000000000000000000
N3GD_BODY id=51 off=310 00000000000000000000000000000000
N3GD_BODY id=51 off=320 00000000000000000000000000000000
N3GD_BODY id=51 off=330 00000000000000000000000000000000
N3GD_BODY id=51 off=340 00000000000000000000000000000000
N3GD_BODY id=51 off=350 00000000000000000000000000000000
N3GD_BODY id=51 off=360 00000000000000000000000000000000
N3GD_BODY id=51 off=370 00000000000000000000000000000000
N3GD_BODY id=51 off=380 00000000000000000000000000000000
N3GD_BODY id=51 off=390 00000000000000000000000000000000
N3GD_BODY id=51 off=3a0 00000000000000000000000000000000
N3GD_BODY id=51 off=3b0 00000000000000000000000000000000
N3GD_BODY id=51 off=3c0 00000000000000000000000000000000
N3GD_BODY id=51 off=3d0 00000000000000000000000000000000
N3GD_BODY id=51 off=3e0 00000000000000000000000000000000
N3GD_BODY id=51 off=3f0 00000000000000000000000000000000
N3GD_BODY id=51 off=400 00000000000000000000000000000000
N3GD_BODY id=51 off=410 00000000000000000000000000000000
N3GD_BODY id=51 off=420 00000000000000000000000000000000
N3GD_BODY id=51 off=430 00000000000000000000000000000000
N3GD_BODY id=51 off=440 00000000000000000000000000000000
N3GD_BODY id=51 off=450 00000000000000000000000000000000
N3GD_BODY id=51 off=460 00000000000000000000000000000000
N3GD_BODY id=51 off=470 00000000000000000000000000000000
N3GD_BODY id=51 off=480 00000000000000000000000000000000
N3GD_BODY id=51 off=490 00000000000000000000000000000000
N3GD_BODY id=51 off=4a0 00000000000000000000000000000000
N3GD_BODY id=51 off=4b0 00000000000000000000000000000000
N3GD_BODY id=51 off=4c0 00000000000000000000000000000000
N3GD_BODY id=51 off=4d0 00000000000000000000000000000000
N3GD_BODY id=51 off=4e0 00000000000000000000000000000000
N3GD_BODY id=51 off=4f0 00000000000000000000000000000000
N3GD_BODY id=51 off=500 00000000000000000000000000000000
N3GD_BODY id=51 off=510 00000000000000000000000000000000
N3GD_BODY id=51 off=520 00000000000000000000000000000000
N3GD_BODY id=51 off=530 00000000000000000000000000000000
N3GD_BODY id=51 off=540 00000000000000000000000000000000
N3GD_BODY id=51 off=550 00000000000000000000000000000000
N3GD_BODY id=51 off=560 00000000000000000000000000000000
N3GD_BODY id=51 off=570 00000000000000000000000000000000
N3GD_BODY id=51 off=580 00000000000000000000000000000000
N3GD_BODY id=51 off=590 00000000000000000000000000000000
N3GD_BODY id=51 off=5a0 00000000000000000000000000000000
N3GD_BODY id=51 off=5b0 00000000000000000000000000000000
N3GD_BODY id=51 off=5c0 00000000000000000000000000000000
N3GD_BODY id=51 off=5d0 00000000000000000000000000000000
N3GD_BODY id=51 off=5e0 00000000000000000000000000000000
N3GD_BODY id=51 off=5f0 00000000000000000000000000000000
N3GD_BODY id=51 off=600 00000000000000000000000000000000
N3GD_BODY id=51 off=610 00000000000000000000000000000000
N3GD_BODY id=51 off=620 00000000000000000000000000000000
N3GD_BODY id=51 off=630 00000000000000000000000000000000
N3GD_BODY id=51 off=640 00000000000000000000000000000000
N3GD_BODY id=51 off=650 00000000000000000000000000000000
N3GD_BODY id=51 off=660 00000000000000000000000000000000
N3GD_BODY id=51 off=670 00000000000000000000000000000000
N3GD_BODY id=51 off=680 00000000000000000000000000000000
N3GD_BODY id=51 off=690 00000000000000000000000000000000
N3GD_BODY id=51 off=6a0 00000000000000000000000000000000
N3GD_BODY id=51 off=6b0 00000000000000000000000000000000
N3GD_BODY id=51 off=6c0 00000000000000000000000000000000
N3GD_BODY id=51 off=6d0 00000000000000000000000000000000
N3GD_BODY id=51 off=6e0 00000000000000000000000000000000
N3GD_BODY id=51 off=6f0 00000000000000000000000000000000
N3GD_BODY id=51 off=700 00000000000000000000000000000000
N3GD_BODY id=51 off=710 00000000000000000000000000000000
N3GD_BODY id=51 off=720 00000000000000000000000000000000
N3GD_BODY id=51 off=730 00000000000000000000000000000000
N3GD_BODY id=51 off=740 00000000000000000000000000000000
N3GD_BODY id=51 off=750 00000000000000000000000000000000
N3GD_BODY id=51 off=760 00000000000000000000000000000000
N3GD_BODY id=51 off=770 00000000000000000000000000000000
N3GD_BODY id=51 off=780 00000000000000000000000000000000
N3GD_BODY id=51 off=790 00000000000000000000000000000000
N3GD_BODY id=51 off=7a0 00000000000000000000000000000000
N3GD_BODY id=51 off=7b0 00000000000000000000000000000000
N3GD_BODY id=51 off=7c0 00000000000000000000000000000000
N3GD_BODY id=51 off=7d0 00000000000000000000000000000000
N3GD_BODY id=51 off=7e0 00000000000000000000000000000000
N3GD_BODY id=51 off=7f0 00000000000000000000000000000000
N3GD_OOB id=51 off=000 000000000000000000000000e5ab0678
N3GD_OOB id=51 off=010 0a52efac2207c7a2053adbc8606282c5
N3GD_OOB id=51 off=020 374bcde4a25178a6eb7e94b8b7fa1e2e
N3GD_OOB id=51 off=030 eddbaafff14d9b9ea7ce563d3b3c79fe
N3GD_END id=51
N3GD_BEGIN id=52 kind=cand j=81 v=03A4 po=2 sl=4294967295 l0=00015002 host=0000A07E tgt=000140FC bank=2 pb=1357 pp=0 phy=173696 shift=4294967295 t=00 ix=0000 u=00000000 l=00000000
N3GD_BODY id=52 off=000 00000000000000000000000000000000
N3GD_BODY id=52 off=010 00000000000000000000000000000000
N3GD_BODY id=52 off=020 00000000000000000000000000000000
N3GD_BODY id=52 off=030 00000000000000000000000000000000
N3GD_BODY id=52 off=040 00000000000000000000000000000000
N3GD_BODY id=52 off=050 00000000000000000000000000000000
N3GD_BODY id=52 off=060 00000000000000000000000000000000
N3GD_BODY id=52 off=070 00000000000000000000000000000000
N3GD_BODY id=52 off=080 00000000000000000000000000000000
N3GD_BODY id=52 off=090 00000000000000000000000000000000
N3GD_BODY id=52 off=0a0 00000000000000000000000000000000
N3GD_BODY id=52 off=0b0 00000000000000000000000000000000
N3GD_BODY id=52 off=0c0 00000000000000000000000000000000
N3GD_BODY id=52 off=0d0 00000000000000000000000000000000
N3GD_BODY id=52 off=0e0 00000000000000000000000000000000
N3GD_BODY id=52 off=0f0 00000000000000000000000000000000
N3GD_BODY id=52 off=100 00000000000000000000000000000000
N3GD_BODY id=52 off=110 00000000000000000000000000000000
N3GD_BODY id=52 off=120 00000000000000000000000000000000
N3GD_BODY id=52 off=130 00000000000000000000000000000000
N3GD_BODY id=52 off=140 00000000000000000000000000000000
N3GD_BODY id=52 off=150 00000000000000000000000000000000
N3GD_BODY id=52 off=160 00000000000000000000000000000000
N3GD_BODY id=52 off=170 00000000000000000000000000000000
N3GD_BODY id=52 off=180 00000000000000000000000000000000
N3GD_BODY id=52 off=190 00000000000000000000000000000000
N3GD_BODY id=52 off=1a0 00000000000000000000000000000000
N3GD_BODY id=52 off=1b0 00000000000000000000000000000000
N3GD_BODY id=52 off=1c0 00000000000000000000000000000000
N3GD_BODY id=52 off=1d0 00000000000000000000000000000000
N3GD_BODY id=52 off=1e0 00000000000000000000000000000000
N3GD_BODY id=52 off=1f0 00000000000000000000000000000000
N3GD_BODY id=52 off=200 00000000000000000000000000000000
N3GD_BODY id=52 off=210 00000000000000000000000000000000
N3GD_BODY id=52 off=220 00000000000000000000000000000000
N3GD_BODY id=52 off=230 00000000000000000000000000000000
N3GD_BODY id=52 off=240 00000000000000000000000000000000
N3GD_BODY id=52 off=250 00000000000000000000000000000000
N3GD_BODY id=52 off=260 00000000000000000000000000000000
N3GD_BODY id=52 off=270 00000000000000000000000000000000
N3GD_BODY id=52 off=280 00000000000000000000000000000000
N3GD_BODY id=52 off=290 00000000000000000000000000000000
N3GD_BODY id=52 off=2a0 00000000000000000000000000000000
N3GD_BODY id=52 off=2b0 00000000000000000000000000000000
N3GD_BODY id=52 off=2c0 00000000000000000000000000000000
N3GD_BODY id=52 off=2d0 00000000000000000000000000000000
N3GD_BODY id=52 off=2e0 00000000000000000000000000000000
N3GD_BODY id=52 off=2f0 00000000000000000000000000000000
N3GD_BODY id=52 off=300 00000000000000000000000000000000
N3GD_BODY id=52 off=310 00000000000000000000000000000000
N3GD_BODY id=52 off=320 00000000000000000000000000000000
N3GD_BODY id=52 off=330 00000000000000000000000000000000
N3GD_BODY id=52 off=340 00000000000000000000000000000000
N3GD_BODY id=52 off=350 00000000000000000000000000000000
N3GD_BODY id=52 off=360 00000000000000000000000000000000
N3GD_BODY id=52 off=370 00000000000000000000000000000000
N3GD_BODY id=52 off=380 00000000000000000000000000000000
N3GD_BODY id=52 off=390 00000000000000000000000000000000
N3GD_BODY id=52 off=3a0 00000000000000000000000000000000
N3GD_BODY id=52 off=3b0 00000000000000000000000000000000
N3GD_BODY id=52 off=3c0 00000000000000000000000000000000
N3GD_BODY id=52 off=3d0 00000000000000000000000000000000
N3GD_BODY id=52 off=3e0 00000000000000000000000000000000
N3GD_BODY id=52 off=3f0 00000000000000000000000000000000
N3GD_BODY id=52 off=400 00000000000000000000000000000000
N3GD_BODY id=52 off=410 00000000000000000000000000000000
N3GD_BODY id=52 off=420 00000000000000000000000000000000
N3GD_BODY id=52 off=430 00000000000000000000000000000000
N3GD_BODY id=52 off=440 00000000000000000000000000000000
N3GD_BODY id=52 off=450 00000000000000000000000000000000
N3GD_BODY id=52 off=460 00000000000000000000000000000000
N3GD_BODY id=52 off=470 00000000000000000000000000000000
N3GD_BODY id=52 off=480 00000000000000000000000000000000
N3GD_BODY id=52 off=490 00000000000000000000000000000000
N3GD_BODY id=52 off=4a0 00000000000000000000000000000000
N3GD_BODY id=52 off=4b0 00000000000000000000000000000000
N3GD_BODY id=52 off=4c0 00000000000000000000000000000000
N3GD_BODY id=52 off=4d0 00000000000000000000000000000000
N3GD_BODY id=52 off=4e0 00000000000000000000000000000000
N3GD_BODY id=52 off=4f0 00000000000000000000000000000000
N3GD_BODY id=52 off=500 00000000000000000000000000000000
N3GD_BODY id=52 off=510 00000000000000000000000000000000
N3GD_BODY id=52 off=520 00000000000000000000000000000000
N3GD_BODY id=52 off=530 00000000000000000000000000000000
N3GD_BODY id=52 off=540 00000000000000000000000000000000
N3GD_BODY id=52 off=550 00000000000000000000000000000000
N3GD_BODY id=52 off=560 00000000000000000000000000000000
N3GD_BODY id=52 off=570 00000000000000000000000000000000
N3GD_BODY id=52 off=580 00000000000000000000000000000000
N3GD_BODY id=52 off=590 00000000000000000000000000000000
N3GD_BODY id=52 off=5a0 00000000000000000000000000000000
N3GD_BODY id=52 off=5b0 00000000000000000000000000000000
N3GD_BODY id=52 off=5c0 00000000000000000000000000000000
N3GD_BODY id=52 off=5d0 00000000000000000000000000000000
N3GD_BODY id=52 off=5e0 00000000000000000000000000000000
N3GD_BODY id=52 off=5f0 00000000000000000000000000000000
N3GD_BODY id=52 off=600 00000000000000000000000000000000
N3GD_BODY id=52 off=610 00000000000000000000000000000000
N3GD_BODY id=52 off=620 00000000000000000000000000000000
N3GD_BODY id=52 off=630 00000000000000000000000000000000
N3GD_BODY id=52 off=640 00000000000000000000000000000000
N3GD_BODY id=52 off=650 00000000000000000000000000000000
N3GD_BODY id=52 off=660 00000000000000000000000000000000
N3GD_BODY id=52 off=670 00000000000000000000000000000000
N3GD_BODY id=52 off=680 00000000000000000000000000000000
N3GD_BODY id=52 off=690 00000000000000000000000000000000
N3GD_BODY id=52 off=6a0 00000000000000000000000000000000
N3GD_BODY id=52 off=6b0 00000000000000000000000000000000
N3GD_BODY id=52 off=6c0 00000000000000000000000000000000
N3GD_BODY id=52 off=6d0 00000000000000000000000000000000
N3GD_BODY id=52 off=6e0 00000000000000000000000000000000
N3GD_BODY id=52 off=6f0 00000000000000000000000000000000
N3GD_BODY id=52 off=700 00000000000000000000000000000000
N3GD_BODY id=52 off=710 00000000000000000000000000000000
N3GD_BODY id=52 off=720 00000000000000000000000000000000
N3GD_BODY id=52 off=730 00000000000000000000000000000000
N3GD_BODY id=52 off=740 00000000000000000000000000000000
N3GD_BODY id=52 off=750 00000000000000000000000000000000
N3GD_BODY id=52 off=760 00000000000000000000000000000000
N3GD_BODY id=52 off=770 00000000000000000000000000000000
N3GD_BODY id=52 off=780 00000000000000000000000000000000
N3GD_BODY id=52 off=790 00000000000000000000000000000000
N3GD_BODY id=52 off=7a0 00000000000000000000000000000000
N3GD_BODY id=52 off=7b0 00000000000000000000000000000000
N3GD_BODY id=52 off=7c0 00000000000000000000000000000000
N3GD_BODY id=52 off=7d0 00000000000000000000000000000000
N3GD_BODY id=52 off=7e0 00000000000000000000000000000000
N3GD_BODY id=52 off=7f0 00000000000000000000000000000000
N3GD_OOB id=52 off=000 000000000000000000000000e5ab0678
N3GD_OOB id=52 off=010 0a52efac2207c7a2053adbc8606282c5
N3GD_OOB id=52 off=020 374bcde4a25178a6eb7e94b8b7fa1e2e
N3GD_OOB id=52 off=030 eddbaafff14d9b9ea7ce563d3b3c79fe
N3GD_END id=52
N3GD_BEGIN id=53 kind=cand j=81 v=03A4 po=3 sl=4294967295 l0=00015002 host=0000A07E tgt=000140FC bank=3 pb=1357 pp=0 phy=173696 shift=4294967295 t=00 ix=0000 u=00000000 l=00000000
N3GD_BODY id=53 off=000 00000000000000000000000000000000
N3GD_BODY id=53 off=010 00000000000000000000000000000000
N3GD_BODY id=53 off=020 00000000000000000000000000000000
N3GD_BODY id=53 off=030 00000000000000000000000000000000
N3GD_BODY id=53 off=040 00000000000000000000000000000000
N3GD_BODY id=53 off=050 00000000000000000000000000000000
N3GD_BODY id=53 off=060 00000000000000000000000000000000
N3GD_BODY id=53 off=070 00000000000000000000000000000000
N3GD_BODY id=53 off=080 00000000000000000000000000000000
N3GD_BODY id=53 off=090 00000000000000000000000000000000
N3GD_BODY id=53 off=0a0 00000000000000000000000000000000
N3GD_BODY id=53 off=0b0 00000000000000000000000000000000
N3GD_BODY id=53 off=0c0 00000000000000000000000000000000
N3GD_BODY id=53 off=0d0 00000000000000000000000000000000
N3GD_BODY id=53 off=0e0 00000000000000000000000000000000
N3GD_BODY id=53 off=0f0 00000000000000000000000000000000
N3GD_BODY id=53 off=100 00000000000000000000000000000000
N3GD_BODY id=53 off=110 00000000000000000000000000000000
N3GD_BODY id=53 off=120 00000000000000000000000000000000
N3GD_BODY id=53 off=130 00000000000000000000000000000000
N3GD_BODY id=53 off=140 00000000000000000000000000000000
N3GD_BODY id=53 off=150 00000000000000000000000000000000
N3GD_BODY id=53 off=160 00000000000000000000000000000000
N3GD_BODY id=53 off=170 00000000000000000000000000000000
N3GD_BODY id=53 off=180 00000000000000000000000000000000
N3GD_BODY id=53 off=190 00000000000000000000000000000000
N3GD_BODY id=53 off=1a0 00000000000000000000000000000000
N3GD_BODY id=53 off=1b0 00000000000000000000000000000000
N3GD_BODY id=53 off=1c0 00000000000000000000000000000000
N3GD_BODY id=53 off=1d0 00000000000000000000000000000000
N3GD_BODY id=53 off=1e0 00000000000000000000000000000000
N3GD_BODY id=53 off=1f0 00000000000000000000000000000000
N3GD_BODY id=53 off=200 00000000000000000000000000000000
N3GD_BODY id=53 off=210 00000000000000000000000000000000
N3GD_BODY id=53 off=220 00000000000000000000000000000000
N3GD_BODY id=53 off=230 00000000000000000000000000000000
N3GD_BODY id=53 off=240 00000000000000000000000000000000
N3GD_BODY id=53 off=250 00000000000000000000000000000000
N3GD_BODY id=53 off=260 00000000000000000000000000000000
N3GD_BODY id=53 off=270 00000000000000000000000000000000
N3GD_BODY id=53 off=280 00000000000000000000000000000000
N3GD_BODY id=53 off=290 00000000000000000000000000000000
N3GD_BODY id=53 off=2a0 00000000000000000000000000000000
N3GD_BODY id=53 off=2b0 00000000000000000000000000000000
N3GD_BODY id=53 off=2c0 00000000000000000000000000000000
N3GD_BODY id=53 off=2d0 00000000000000000000000000000000
N3GD_BODY id=53 off=2e0 00000000000000000000000000000000
N3GD_BODY id=53 off=2f0 00000000000000000000000000000000
N3GD_BODY id=53 off=300 00000000000000000000000000000000
N3GD_BODY id=53 off=310 00000000000000000000000000000000
N3GD_BODY id=53 off=320 00000000000000000000000000000000
N3GD_BODY id=53 off=330 00000000000000000000000000000000
N3GD_BODY id=53 off=340 00000000000000000000000000000000
N3GD_BODY id=53 off=350 00000000000000000000000000000000
N3GD_BODY id=53 off=360 00000000000000000000000000000000
N3GD_BODY id=53 off=370 00000000000000000000000000000000
N3GD_BODY id=53 off=380 00000000000000000000000000000000
N3GD_BODY id=53 off=390 00000000000000000000000000000000
N3GD_BODY id=53 off=3a0 00000000000000000000000000000000
N3GD_BODY id=53 off=3b0 00000000000000000000000000000000
N3GD_BODY id=53 off=3c0 00000000000000000000000000000000
N3GD_BODY id=53 off=3d0 00000000000000000000000000000000
N3GD_BODY id=53 off=3e0 00000000000000000000000000000000
N3GD_BODY id=53 off=3f0 00000000000000000000000000000000
N3GD_BODY id=53 off=400 00000000000000000000000000000000
N3GD_BODY id=53 off=410 00000000000000000000000000000000
N3GD_BODY id=53 off=420 00000000000000000000000000000000
N3GD_BODY id=53 off=430 00000000000000000000000000000000
N3GD_BODY id=53 off=440 00000000000000000000000000000000
N3GD_BODY id=53 off=450 00000000000000000000000000000000
N3GD_BODY id=53 off=460 00000000000000000000000000000000
N3GD_BODY id=53 off=470 00000000000000000000000000000000
N3GD_BODY id=53 off=480 00000000000000000000000000000000
N3GD_BODY id=53 off=490 00000000000000000000000000000000
N3GD_BODY id=53 off=4a0 00000000000000000000000000000000
N3GD_BODY id=53 off=4b0 00000000000000000000000000000000
N3GD_BODY id=53 off=4c0 00000000000000000000000000000000
N3GD_BODY id=53 off=4d0 00000000000000000000000000000000
N3GD_BODY id=53 off=4e0 00000000000000000000000000000000
N3GD_BODY id=53 off=4f0 00000000000000000000000000000000
N3GD_BODY id=53 off=500 00000000000000000000000000000000
N3GD_BODY id=53 off=510 00000000000000000000000000000000
N3GD_BODY id=53 off=520 00000000000000000000000000000000
N3GD_BODY id=53 off=530 00000000000000000000000000000000
N3GD_BODY id=53 off=540 00000000000000000000000000000000
N3GD_BODY id=53 off=550 00000000000000000000000000000000
N3GD_BODY id=53 off=560 00000000000000000000000000000000
N3GD_BODY id=53 off=570 00000000000000000000000000000000
N3GD_BODY id=53 off=580 00000000000000000000000000000000
N3GD_BODY id=53 off=590 00000000000000000000000000000000
N3GD_BODY id=53 off=5a0 00000000000000000000000000000000
N3GD_BODY id=53 off=5b0 00000000000000000000000000000000
N3GD_BODY id=53 off=5c0 00000000000000000000000000000000
N3GD_BODY id=53 off=5d0 00000000000000000000000000000000
N3GD_BODY id=53 off=5e0 00000000000000000000000000000000
N3GD_BODY id=53 off=5f0 00000000000000000000000000000000
N3GD_BODY id=53 off=600 00000000000000000000000000000000
N3GD_BODY id=53 off=610 00000000000000000000000000000000
N3GD_BODY id=53 off=620 00000000000000000000000000000000
N3GD_BODY id=53 off=630 00000000000000000000000000000000
N3GD_BODY id=53 off=640 00000000000000000000000000000000
N3GD_BODY id=53 off=650 00000000000000000000000000000000
N3GD_BODY id=53 off=660 00000000000000000000000000000000
N3GD_BODY id=53 off=670 00000000000000000000000000000000
N3GD_BODY id=53 off=680 00000000000000000000000000000000
N3GD_BODY id=53 off=690 00000000000000000000000000000000
N3GD_BODY id=53 off=6a0 00000000000000000000000000000000
N3GD_BODY id=53 off=6b0 00000000000000000000000000000000
N3GD_BODY id=53 off=6c0 00000000000000000000000000000000
N3GD_BODY id=53 off=6d0 00000000000000000000000000000000
N3GD_BODY id=53 off=6e0 00000000000000000000000000000000
N3GD_BODY id=53 off=6f0 00000000000000000000000000000000
N3GD_BODY id=53 off=700 00000000000000000000000000000000
N3GD_BODY id=53 off=710 00000000000000000000000000000000
N3GD_BODY id=53 off=720 00000000000000000000000000000000
N3GD_BODY id=53 off=730 00000000000000000000000000000000
N3GD_BODY id=53 off=740 00000000000000000000000000000000
N3GD_BODY id=53 off=750 00000000000000000000000000000000
N3GD_BODY id=53 off=760 00000000000000000000000000000000
N3GD_BODY id=53 off=770 00000000000000000000000000000000
N3GD_BODY id=53 off=780 00000000000000000000000000000000
N3GD_BODY id=53 off=790 00000000000000000000000000000000
N3GD_BODY id=53 off=7a0 00000000000000000000000000000000
N3GD_BODY id=53 off=7b0 00000000000000000000000000000000
N3GD_BODY id=53 off=7c0 00000000000000000000000000000000
N3GD_BODY id=53 off=7d0 00000000000000000000000000000000
N3GD_BODY id=53 off=7e0 00000000000000000000000000000000
N3GD_BODY id=53 off=7f0 00000000000000000000000000000000
N3GD_OOB id=53 off=000 000000000000000000000000e5ab0678
N3GD_OOB id=53 off=010 0a52efac2207c7a2053adbc8606282c5
N3GD_OOB id=53 off=020 374bcde4a25178a6eb7e94b8b7fa1e2e
N3GD_OOB id=53 off=030 eddbaafff14d9b9ea7ce563d3b3c79fe
N3GD_END id=53
N3GD_BEGIN id=54 kind=cand j=81 v=03A4 po=4 sl=4294967295 l0=00015002 host=0000A07E tgt=000140FC bank=0 pb=1357 pp=1 phy=173697 shift=4294967295 t=40 ix=DBE2 u=0001500A l=0001500A
N3GD_BODY id=54 off=000 00000000000000000000000000000000
N3GD_BODY id=54 off=010 00000000000000000000000000000000
N3GD_BODY id=54 off=020 00000000000000000000000000000000
N3GD_BODY id=54 off=030 00000000000000000000000000000000
N3GD_BODY id=54 off=040 00000000000000000000000000000000
N3GD_BODY id=54 off=050 00000000000000000000000000000000
N3GD_BODY id=54 off=060 00000000000000000000000000000000
N3GD_BODY id=54 off=070 00000000000000000000000000000000
N3GD_BODY id=54 off=080 00000000000000000000000000000000
N3GD_BODY id=54 off=090 00000000000000000000000000000000
N3GD_BODY id=54 off=0a0 00000000000000000000000000000000
N3GD_BODY id=54 off=0b0 00000000000000000000000000000000
N3GD_BODY id=54 off=0c0 00000000000000000000000000000000
N3GD_BODY id=54 off=0d0 00000000000000000000000000000000
N3GD_BODY id=54 off=0e0 00000000000000000000000000000000
N3GD_BODY id=54 off=0f0 00000000000000000000000000000000
N3GD_BODY id=54 off=100 00000000000000000000000000000000
N3GD_BODY id=54 off=110 00000000000000000000000000000000
N3GD_BODY id=54 off=120 00000000000000000000000000000000
N3GD_BODY id=54 off=130 00000000000000000000000000000000
N3GD_BODY id=54 off=140 00000000000000000000000000000000
N3GD_BODY id=54 off=150 00000000000000000000000000000000
N3GD_BODY id=54 off=160 00000000000000000000000000000000
N3GD_BODY id=54 off=170 00000000000000000000000000000000
N3GD_BODY id=54 off=180 00000000000000000000000000000000
N3GD_BODY id=54 off=190 00000000000000000000000000000000
N3GD_BODY id=54 off=1a0 00000000000000000000000000000000
N3GD_BODY id=54 off=1b0 00000000000000000000000000000000
N3GD_BODY id=54 off=1c0 00000000000000000000000000000000
N3GD_BODY id=54 off=1d0 00000000000000000000000000000000
N3GD_BODY id=54 off=1e0 00000000000000000000000000000000
N3GD_BODY id=54 off=1f0 00000000000000000000000000000000
N3GD_BODY id=54 off=200 00000000000000000000000000000000
N3GD_BODY id=54 off=210 00000000000000000000000000000000
N3GD_BODY id=54 off=220 00000000000000000000000000000000
N3GD_BODY id=54 off=230 00000000000000000000000000000000
N3GD_BODY id=54 off=240 00000000000000000000000000000000
N3GD_BODY id=54 off=250 00000000000000000000000000000000
N3GD_BODY id=54 off=260 00000000000000000000000000000000
N3GD_BODY id=54 off=270 00000000000000000000000000000000
N3GD_BODY id=54 off=280 00000000000000000000000000000000
N3GD_BODY id=54 off=290 00000000000000000000000000000000
N3GD_BODY id=54 off=2a0 00000000000000000000000000000000
N3GD_BODY id=54 off=2b0 00000000000000000000000000000000
N3GD_BODY id=54 off=2c0 00000000000000000000000000000000
N3GD_BODY id=54 off=2d0 00000000000000000000000000000000
N3GD_BODY id=54 off=2e0 00000000000000000000000000000000
N3GD_BODY id=54 off=2f0 00000000000000000000000000000000
N3GD_BODY id=54 off=300 00000000000000000000000000000000
N3GD_BODY id=54 off=310 00000000000000000000000000000000
N3GD_BODY id=54 off=320 00000000000000000000000000000000
N3GD_BODY id=54 off=330 00000000000000000000000000000000
N3GD_BODY id=54 off=340 00000000000000000000000000000000
N3GD_BODY id=54 off=350 00000000000000000000000000000000
N3GD_BODY id=54 off=360 00000000000000000000000000000000
N3GD_BODY id=54 off=370 00000000000000000000000000000000
N3GD_BODY id=54 off=380 00000000000000000000000000000000
N3GD_BODY id=54 off=390 00000000000000000000000000000000
N3GD_BODY id=54 off=3a0 00000000000000000000000000000000
N3GD_BODY id=54 off=3b0 00000000000000000000000000000000
N3GD_BODY id=54 off=3c0 00000000000000000000000000000000
N3GD_BODY id=54 off=3d0 00000000000000000000000000000000
N3GD_BODY id=54 off=3e0 00000000000000000000000000000000
N3GD_BODY id=54 off=3f0 00000000000000000000000000000000
N3GD_BODY id=54 off=400 00000000000000000000000000000000
N3GD_BODY id=54 off=410 00000000000000000000000000000000
N3GD_BODY id=54 off=420 00000000000000000000000000000000
N3GD_BODY id=54 off=430 00000000000000000000000000000000
N3GD_BODY id=54 off=440 00000000000000000000000000000000
N3GD_BODY id=54 off=450 00000000000000000000000000000000
N3GD_BODY id=54 off=460 00000000000000000000000000000000
N3GD_BODY id=54 off=470 00000000000000000000000000000000
N3GD_BODY id=54 off=480 00000000000000000000000000000000
N3GD_BODY id=54 off=490 00000000000000000000000000000000
N3GD_BODY id=54 off=4a0 00000000000000000000000000000000
N3GD_BODY id=54 off=4b0 00000000000000000000000000000000
N3GD_BODY id=54 off=4c0 00000000000000000000000000000000
N3GD_BODY id=54 off=4d0 00000000000000000000000000000000
N3GD_BODY id=54 off=4e0 00000000000000000000000000000000
N3GD_BODY id=54 off=4f0 00000000000000000000000000000000
N3GD_BODY id=54 off=500 00000000000000000000000000000000
N3GD_BODY id=54 off=510 00000000000000000000000000000000
N3GD_BODY id=54 off=520 00000000000000000000000000000000
N3GD_BODY id=54 off=530 00000000000000000000000000000000
N3GD_BODY id=54 off=540 00000000000000000000000000000000
N3GD_BODY id=54 off=550 00000000000000000000000000000000
N3GD_BODY id=54 off=560 00000000000000000000000000000000
N3GD_BODY id=54 off=570 00000000000000000000000000000000
N3GD_BODY id=54 off=580 00000000000000000000000000000000
N3GD_BODY id=54 off=590 00000000000000000000000000000000
N3GD_BODY id=54 off=5a0 00000000000000000000000000000000
N3GD_BODY id=54 off=5b0 00000000000000000000000000000000
N3GD_BODY id=54 off=5c0 00000000000000000000000000000000
N3GD_BODY id=54 off=5d0 00000000000000000000000000000000
N3GD_BODY id=54 off=5e0 00000000000000000000000000000000
N3GD_BODY id=54 off=5f0 00000000000000000000000000000000
N3GD_BODY id=54 off=600 00000000000000000000000000000000
N3GD_BODY id=54 off=610 00000000000000000000000000000000
N3GD_BODY id=54 off=620 00000000000000000000000000000000
N3GD_BODY id=54 off=630 00000000000000000000000000000000
N3GD_BODY id=54 off=640 00000000000000000000000000000000
N3GD_BODY id=54 off=650 00000000000000000000000000000000
N3GD_BODY id=54 off=660 00000000000000000000000000000000
N3GD_BODY id=54 off=670 00000000000000000000000000000000
N3GD_BODY id=54 off=680 00000000000000000000000000000000
N3GD_BODY id=54 off=690 00000000000000000000000000000000
N3GD_BODY id=54 off=6a0 00000000000000000000000000000000
N3GD_BODY id=54 off=6b0 00000000000000000000000000000000
N3GD_BODY id=54 off=6c0 00000000000000000000000000000000
N3GD_BODY id=54 off=6d0 00000000000000000000000000000000
N3GD_BODY id=54 off=6e0 00000000000000000000000000000000
N3GD_BODY id=54 off=6f0 00000000000000000000000000000000
N3GD_BODY id=54 off=700 00000000000000000000000000000000
N3GD_BODY id=54 off=710 00000000000000000000000000000000
N3GD_BODY id=54 off=720 00000000000000000000000000000000
N3GD_BODY id=54 off=730 00000000000000000000000000000000
N3GD_BODY id=54 off=740 00000000000000000000000000000000
N3GD_BODY id=54 off=750 00000000000000000000000000000000
N3GD_BODY id=54 off=760 00000000000000000000000000000000
N3GD_BODY id=54 off=770 00000000000000000000000000000000
N3GD_BODY id=54 off=780 00000000000000000000000000000000
N3GD_BODY id=54 off=790 00000000000000000000000000000000
N3GD_BODY id=54 off=7a0 00000000000000000000000000000000
N3GD_BODY id=54 off=7b0 00000000000000000000000000000000
N3GD_BODY id=54 off=7c0 00000000000000000000000000000000
N3GD_BODY id=54 off=7d0 00000000000000000000000000000000
N3GD_BODY id=54 off=7e0 00000000000000000000000000000000
N3GD_BODY id=54 off=7f0 00000000000000000000000000000000
N3GD_OOB id=54 off=000 0a500100e2db0000ff40ffffe5ab0678
N3GD_OOB id=54 off=010 0a52efac2207c7a2053adbc8606282c5
N3GD_OOB id=54 off=020 374bcde4a25178a6eb7e94b8b7fa1e2e
N3GD_OOB id=54 off=030 eddbaafff14d9b9ea7ce563d3b3c79fe
N3GD_END id=54
N3GD_BEGIN id=55 kind=cand j=81 v=03A4 po=63 sl=4294967295 l0=00015002 host=0000A07E tgt=000140FC bank=3 pb=1357 pp=15 phy=173711 shift=4294967295 t=00 ix=0000 u=00000000 l=00000000
N3GD_BODY id=55 off=000 00000000000000000000000000000000
N3GD_BODY id=55 off=010 00000000000000000000000000000000
N3GD_BODY id=55 off=020 00000000000000000000000000000000
N3GD_BODY id=55 off=030 00000000000000000000000000000000
N3GD_BODY id=55 off=040 00000000000000000000000000000000
N3GD_BODY id=55 off=050 00000000000000000000000000000000
N3GD_BODY id=55 off=060 00000000000000000000000000000000
N3GD_BODY id=55 off=070 00000000000000000000000000000000
N3GD_BODY id=55 off=080 00000000000000000000000000000000
N3GD_BODY id=55 off=090 00000000000000000000000000000000
N3GD_BODY id=55 off=0a0 00000000000000000000000000000000
N3GD_BODY id=55 off=0b0 00000000000000000000000000000000
N3GD_BODY id=55 off=0c0 00000000000000000000000000000000
N3GD_BODY id=55 off=0d0 00000000000000000000000000000000
N3GD_BODY id=55 off=0e0 00000000000000000000000000000000
N3GD_BODY id=55 off=0f0 00000000000000000000000000000000
N3GD_BODY id=55 off=100 00000000000000000000000000000000
N3GD_BODY id=55 off=110 00000000000000000000000000000000
N3GD_BODY id=55 off=120 00000000000000000000000000000000
N3GD_BODY id=55 off=130 00000000000000000000000000000000
N3GD_BODY id=55 off=140 00000000000000000000000000000000
N3GD_BODY id=55 off=150 00000000000000000000000000000000
N3GD_BODY id=55 off=160 00000000000000000000000000000000
N3GD_BODY id=55 off=170 00000000000000000000000000000000
N3GD_BODY id=55 off=180 00000000000000000000000000000000
N3GD_BODY id=55 off=190 00000000000000000000000000000000
N3GD_BODY id=55 off=1a0 00000000000000000000000000000000
N3GD_BODY id=55 off=1b0 00000000000000000000000000000000
N3GD_BODY id=55 off=1c0 00000000000000000000000000000000
N3GD_BODY id=55 off=1d0 00000000000000000000000000000000
N3GD_BODY id=55 off=1e0 00000000000000000000000000000000
N3GD_BODY id=55 off=1f0 00000000000000000000000000000000
N3GD_BODY id=55 off=200 00000000000000000000000000000000
N3GD_BODY id=55 off=210 00000000000000000000000000000000
N3GD_BODY id=55 off=220 00000000000000000000000000000000
N3GD_BODY id=55 off=230 00000000000000000000000000000000
N3GD_BODY id=55 off=240 00000000000000000000000000000000
N3GD_BODY id=55 off=250 00000000000000000000000000000000
N3GD_BODY id=55 off=260 00000000000000000000000000000000
N3GD_BODY id=55 off=270 00000000000000000000000000000000
N3GD_BODY id=55 off=280 00000000000000000000000000000000
N3GD_BODY id=55 off=290 00000000000000000000000000000000
N3GD_BODY id=55 off=2a0 00000000000000000000000000000000
N3GD_BODY id=55 off=2b0 00000000000000000000000000000000
N3GD_BODY id=55 off=2c0 00000000000000000000000000000000
N3GD_BODY id=55 off=2d0 00000000000000000000000000000000
N3GD_BODY id=55 off=2e0 00000000000000000000000000000000
N3GD_BODY id=55 off=2f0 00000000000000000000000000000000
N3GD_BODY id=55 off=300 00000000000000000000000000000000
N3GD_BODY id=55 off=310 00000000000000000000000000000000
N3GD_BODY id=55 off=320 00000000000000000000000000000000
N3GD_BODY id=55 off=330 00000000000000000000000000000000
N3GD_BODY id=55 off=340 00000000000000000000000000000000
N3GD_BODY id=55 off=350 00000000000000000000000000000000
N3GD_BODY id=55 off=360 00000000000000000000000000000000
N3GD_BODY id=55 off=370 00000000000000000000000000000000
N3GD_BODY id=55 off=380 00000000000000000000000000000000
N3GD_BODY id=55 off=390 00000000000000000000000000000000
N3GD_BODY id=55 off=3a0 00000000000000000000000000000000
N3GD_BODY id=55 off=3b0 00000000000000000000000000000000
N3GD_BODY id=55 off=3c0 00000000000000000000000000000000
N3GD_BODY id=55 off=3d0 00000000000000000000000000000000
N3GD_BODY id=55 off=3e0 00000000000000000000000000000000
N3GD_BODY id=55 off=3f0 00000000000000000000000000000000
N3GD_BODY id=55 off=400 00000000000000000000000000000000
N3GD_BODY id=55 off=410 00000000000000000000000000000000
N3GD_BODY id=55 off=420 00000000000000000000000000000000
N3GD_BODY id=55 off=430 00000000000000000000000000000000
N3GD_BODY id=55 off=440 00000000000000000000000000000000
N3GD_BODY id=55 off=450 00000000000000000000000000000000
N3GD_BODY id=55 off=460 00000000000000000000000000000000
N3GD_BODY id=55 off=470 00000000000000000000000000000000
N3GD_BODY id=55 off=480 00000000000000000000000000000000
N3GD_BODY id=55 off=490 00000000000000000000000000000000
N3GD_BODY id=55 off=4a0 00000000000000000000000000000000
N3GD_BODY id=55 off=4b0 00000000000000000000000000000000
N3GD_BODY id=55 off=4c0 00000000000000000000000000000000
N3GD_BODY id=55 off=4d0 00000000000000000000000000000000
N3GD_BODY id=55 off=4e0 00000000000000000000000000000000
N3GD_BODY id=55 off=4f0 00000000000000000000000000000000
N3GD_BODY id=55 off=500 00000000000000000000000000000000
N3GD_BODY id=55 off=510 00000000000000000000000000000000
N3GD_BODY id=55 off=520 00000000000000000000000000000000
N3GD_BODY id=55 off=530 00000000000000000000000000000000
N3GD_BODY id=55 off=540 00000000000000000000000000000000
N3GD_BODY id=55 off=550 00000000000000000000000000000000
N3GD_BODY id=55 off=560 00000000000000000000000000000000
N3GD_BODY id=55 off=570 00000000000000000000000000000000
N3GD_BODY id=55 off=580 00000000000000000000000000000000
N3GD_BODY id=55 off=590 00000000000000000000000000000000
N3GD_BODY id=55 off=5a0 00000000000000000000000000000000
N3GD_BODY id=55 off=5b0 00000000000000000000000000000000
N3GD_BODY id=55 off=5c0 00000000000000000000000000000000
N3GD_BODY id=55 off=5d0 00000000000000000000000000000000
N3GD_BODY id=55 off=5e0 00000000000000000000000000000000
N3GD_BODY id=55 off=5f0 00000000000000000000000000000000
N3GD_BODY id=55 off=600 00000000000000000000000000000000
N3GD_BODY id=55 off=610 00000000000000000000000000000000
N3GD_BODY id=55 off=620 00000000000000000000000000000000
N3GD_BODY id=55 off=630 00000000000000000000000000000000
N3GD_BODY id=55 off=640 00000000000000000000000000000000
N3GD_BODY id=55 off=650 00000000000000000000000000000000
N3GD_BODY id=55 off=660 00000000000000000000000000000000
N3GD_BODY id=55 off=670 00000000000000000000000000000000
N3GD_BODY id=55 off=680 00000000000000000000000000000000
N3GD_BODY id=55 off=690 00000000000000000000000000000000
N3GD_BODY id=55 off=6a0 00000000000000000000000000000000
N3GD_BODY id=55 off=6b0 00000000000000000000000000000000
N3GD_BODY id=55 off=6c0 00000000000000000000000000000000
N3GD_BODY id=55 off=6d0 00000000000000000000000000000000
N3GD_BODY id=55 off=6e0 00000000000000000000000000000000
N3GD_BODY id=55 off=6f0 00000000000000000000000000000000
N3GD_BODY id=55 off=700 00000000000000000000000000000000
N3GD_BODY id=55 off=710 00000000000000000000000000000000
N3GD_BODY id=55 off=720 00000000000000000000000000000000
N3GD_BODY id=55 off=730 00000000000000000000000000000000
N3GD_BODY id=55 off=740 00000000000000000000000000000000
N3GD_BODY id=55 off=750 00000000000000000000000000000000
N3GD_BODY id=55 off=760 00000000000000000000000000000000
N3GD_BODY id=55 off=770 00000000000000000000000000000000
N3GD_BODY id=55 off=780 00000000000000000000000000000000
N3GD_BODY id=55 off=790 00000000000000000000000000000000
N3GD_BODY id=55 off=7a0 00000000000000000000000000000000
N3GD_BODY id=55 off=7b0 00000000000000000000000000000000
N3GD_BODY id=55 off=7c0 00000000000000000000000000000000
N3GD_BODY id=55 off=7d0 00000000000000000000000000000000
N3GD_BODY id=55 off=7e0 00000000000000000000000000000000
N3GD_BODY id=55 off=7f0 00000000000000000000000000000000
N3GD_OOB id=55 off=000 000000000000000000000000e5ab0678
N3GD_OOB id=55 off=010 0a52efac2207c7a2053adbc8606282c5
N3GD_OOB id=55 off=020 374bcde4a25178a6eb7e94b8b7fa1e2e
N3GD_OOB id=55 off=030 eddbaafff14d9b9ea7ce563d3b3c79fe
N3GD_END id=55
N3GD_BEGIN id=56 kind=cand j=81 v=03A4 po=64 sl=4294967295 l0=00015002 host=0000A07E tgt=000140FC bank=0 pb=1357 pp=16 phy=173712 shift=4294967295 t=40 ix=DBEE u=00015082 l=00015082
N3GD_BODY id=56 off=000 00000000000000000000000000000000
N3GD_BODY id=56 off=010 00000000000000000000000000000000
N3GD_BODY id=56 off=020 00000000000000000000000000000000
N3GD_BODY id=56 off=030 00000000000000000000000000000000
N3GD_BODY id=56 off=040 00000000000000000000000000000000
N3GD_BODY id=56 off=050 00000000000000000000000000000000
N3GD_BODY id=56 off=060 00000000000000000000000000000000
N3GD_BODY id=56 off=070 00000000000000000000000000000000
N3GD_BODY id=56 off=080 00000000000000000000000000000000
N3GD_BODY id=56 off=090 00000000000000000000000000000000
N3GD_BODY id=56 off=0a0 00000000000000000000000000000000
N3GD_BODY id=56 off=0b0 00000000000000000000000000000000
N3GD_BODY id=56 off=0c0 00000000000000000000000000000000
N3GD_BODY id=56 off=0d0 00000000000000000000000000000000
N3GD_BODY id=56 off=0e0 00000000000000000000000000000000
N3GD_BODY id=56 off=0f0 00000000000000000000000000000000
N3GD_BODY id=56 off=100 00000000000000000000000000000000
N3GD_BODY id=56 off=110 00000000000000000000000000000000
N3GD_BODY id=56 off=120 00000000000000000000000000000000
N3GD_BODY id=56 off=130 00000000000000000000000000000000
N3GD_BODY id=56 off=140 00000000000000000000000000000000
N3GD_BODY id=56 off=150 00000000000000000000000000000000
N3GD_BODY id=56 off=160 00000000000000000000000000000000
N3GD_BODY id=56 off=170 00000000000000000000000000000000
N3GD_BODY id=56 off=180 00000000000000000000000000000000
N3GD_BODY id=56 off=190 00000000000000000000000000000000
N3GD_BODY id=56 off=1a0 00000000000000000000000000000000
N3GD_BODY id=56 off=1b0 00000000000000000000000000000000
N3GD_BODY id=56 off=1c0 00000000000000000000000000000000
N3GD_BODY id=56 off=1d0 00000000000000000000000000000000
N3GD_BODY id=56 off=1e0 00000000000000000000000000000000
N3GD_BODY id=56 off=1f0 00000000000000000000000000000000
N3GD_BODY id=56 off=200 00000000000000000000000000000000
N3GD_BODY id=56 off=210 00000000000000000000000000000000
N3GD_BODY id=56 off=220 00000000000000000000000000000000
N3GD_BODY id=56 off=230 00000000000000000000000000000000
N3GD_BODY id=56 off=240 00000000000000000000000000000000
N3GD_BODY id=56 off=250 00000000000000000000000000000000
N3GD_BODY id=56 off=260 00000000000000000000000000000000
N3GD_BODY id=56 off=270 00000000000000000000000000000000
N3GD_BODY id=56 off=280 00000000000000000000000000000000
N3GD_BODY id=56 off=290 00000000000000000000000000000000
N3GD_BODY id=56 off=2a0 00000000000000000000000000000000
N3GD_BODY id=56 off=2b0 00000000000000000000000000000000
N3GD_BODY id=56 off=2c0 00000000000000000000000000000000
N3GD_BODY id=56 off=2d0 00000000000000000000000000000000
N3GD_BODY id=56 off=2e0 00000000000000000000000000000000
N3GD_BODY id=56 off=2f0 00000000000000000000000000000000
N3GD_BODY id=56 off=300 00000000000000000000000000000000
N3GD_BODY id=56 off=310 00000000000000000000000000000000
N3GD_BODY id=56 off=320 00000000000000000000000000000000
N3GD_BODY id=56 off=330 00000000000000000000000000000000
N3GD_BODY id=56 off=340 00000000000000000000000000000000
N3GD_BODY id=56 off=350 00000000000000000000000000000000
N3GD_BODY id=56 off=360 00000000000000000000000000000000
N3GD_BODY id=56 off=370 00000000000000000000000000000000
N3GD_BODY id=56 off=380 00000000000000000000000000000000
N3GD_BODY id=56 off=390 00000000000000000000000000000000
N3GD_BODY id=56 off=3a0 00000000000000000000000000000000
N3GD_BODY id=56 off=3b0 00000000000000000000000000000000
N3GD_BODY id=56 off=3c0 00000000000000000000000000000000
N3GD_BODY id=56 off=3d0 00000000000000000000000000000000
N3GD_BODY id=56 off=3e0 00000000000000000000000000000000
N3GD_BODY id=56 off=3f0 00000000000000000000000000000000
N3GD_BODY id=56 off=400 00000000000000000000000000000000
N3GD_BODY id=56 off=410 00000000000000000000000000000000
N3GD_BODY id=56 off=420 00000000000000000000000000000000
N3GD_BODY id=56 off=430 00000000000000000000000000000000
N3GD_BODY id=56 off=440 00000000000000000000000000000000
N3GD_BODY id=56 off=450 00000000000000000000000000000000
N3GD_BODY id=56 off=460 00000000000000000000000000000000
N3GD_BODY id=56 off=470 00000000000000000000000000000000
N3GD_BODY id=56 off=480 00000000000000000000000000000000
N3GD_BODY id=56 off=490 00000000000000000000000000000000
N3GD_BODY id=56 off=4a0 00000000000000000000000000000000
N3GD_BODY id=56 off=4b0 00000000000000000000000000000000
N3GD_BODY id=56 off=4c0 00000000000000000000000000000000
N3GD_BODY id=56 off=4d0 00000000000000000000000000000000
N3GD_BODY id=56 off=4e0 00000000000000000000000000000000
N3GD_BODY id=56 off=4f0 00000000000000000000000000000000
N3GD_BODY id=56 off=500 00000000000000000000000000000000
N3GD_BODY id=56 off=510 00000000000000000000000000000000
N3GD_BODY id=56 off=520 00000000000000000000000000000000
N3GD_BODY id=56 off=530 00000000000000000000000000000000
N3GD_BODY id=56 off=540 00000000000000000000000000000000
N3GD_BODY id=56 off=550 00000000000000000000000000000000
N3GD_BODY id=56 off=560 00000000000000000000000000000000
N3GD_BODY id=56 off=570 00000000000000000000000000000000
N3GD_BODY id=56 off=580 00000000000000000000000000000000
N3GD_BODY id=56 off=590 00000000000000000000000000000000
N3GD_BODY id=56 off=5a0 00000000000000000000000000000000
N3GD_BODY id=56 off=5b0 00000000000000000000000000000000
N3GD_BODY id=56 off=5c0 00000000000000000000000000000000
N3GD_BODY id=56 off=5d0 00000000000000000000000000000000
N3GD_BODY id=56 off=5e0 00000000000000000000000000000000
N3GD_BODY id=56 off=5f0 00000000000000000000000000000000
N3GD_BODY id=56 off=600 00000000000000000000000000000000
N3GD_BODY id=56 off=610 00000000000000000000000000000000
N3GD_BODY id=56 off=620 00000000000000000000000000000000
N3GD_BODY id=56 off=630 00000000000000000000000000000000
N3GD_BODY id=56 off=640 00000000000000000000000000000000
N3GD_BODY id=56 off=650 00000000000000000000000000000000
N3GD_BODY id=56 off=660 00000000000000000000000000000000
N3GD_BODY id=56 off=670 00000000000000000000000000000000
N3GD_BODY id=56 off=680 00000000000000000000000000000000
N3GD_BODY id=56 off=690 00000000000000000000000000000000
N3GD_BODY id=56 off=6a0 00000000000000000000000000000000
N3GD_BODY id=56 off=6b0 00000000000000000000000000000000
N3GD_BODY id=56 off=6c0 00000000000000000000000000000000
N3GD_BODY id=56 off=6d0 00000000000000000000000000000000
N3GD_BODY id=56 off=6e0 00000000000000000000000000000000
N3GD_BODY id=56 off=6f0 00000000000000000000000000000000
N3GD_BODY id=56 off=700 00000000000000000000000000000000
N3GD_BODY id=56 off=710 00000000000000000000000000000000
N3GD_BODY id=56 off=720 00000000000000000000000000000000
N3GD_BODY id=56 off=730 00000000000000000000000000000000
N3GD_BODY id=56 off=740 00000000000000000000000000000000
N3GD_BODY id=56 off=750 00000000000000000000000000000000
N3GD_BODY id=56 off=760 00000000000000000000000000000000
N3GD_BODY id=56 off=770 00000000000000000000000000000000
N3GD_BODY id=56 off=780 00000000000000000000000000000000
N3GD_BODY id=56 off=790 00000000000000000000000000000000
N3GD_BODY id=56 off=7a0 00000000000000000000000000000000
N3GD_BODY id=56 off=7b0 00000000000000000000000000000000
N3GD_BODY id=56 off=7c0 00000000000000000000000000000000
N3GD_BODY id=56 off=7d0 00000000000000000000000000000000
N3GD_BODY id=56 off=7e0 00000000000000000000000000000000
N3GD_BODY id=56 off=7f0 00000000000000000000000000000000
N3GD_OOB id=56 off=000 82500100eedb0000ff40ffffe5ab0678
N3GD_OOB id=56 off=010 0a52efac2207c7a2053adbc8606282c5
N3GD_OOB id=56 off=020 374bcde4a25178a6eb7e94b8b7fa1e2e
N3GD_OOB id=56 off=030 eddbaafff14d9b9ea7ce563d3b3c79fe
N3GD_END id=56
N3GD_BEGIN id=57 kind=cand j=81 v=03A4 po=65 sl=4294967295 l0=00015002 host=0000A07E tgt=000140FC bank=1 pb=1357 pp=16 phy=173712 shift=4294967295 t=00 ix=0000 u=00000000 l=00000000
N3GD_BODY id=57 off=000 00000000000000000000000000000000
N3GD_BODY id=57 off=010 00000000000000000000000000000000
N3GD_BODY id=57 off=020 00000000000000000000000000000000
N3GD_BODY id=57 off=030 00000000000000000000000000000000
N3GD_BODY id=57 off=040 00000000000000000000000000000000
N3GD_BODY id=57 off=050 00000000000000000000000000000000
N3GD_BODY id=57 off=060 00000000000000000000000000000000
N3GD_BODY id=57 off=070 00000000000000000000000000000000
N3GD_BODY id=57 off=080 00000000000000000000000000000000
N3GD_BODY id=57 off=090 00000000000000000000000000000000
N3GD_BODY id=57 off=0a0 00000000000000000000000000000000
N3GD_BODY id=57 off=0b0 00000000000000000000000000000000
N3GD_BODY id=57 off=0c0 00000000000000000000000000000000
N3GD_BODY id=57 off=0d0 00000000000000000000000000000000
N3GD_BODY id=57 off=0e0 00000000000000000000000000000000
N3GD_BODY id=57 off=0f0 00000000000000000000000000000000
N3GD_BODY id=57 off=100 00000000000000000000000000000000
N3GD_BODY id=57 off=110 00000000000000000000000000000000
N3GD_BODY id=57 off=120 00000000000000000000000000000000
N3GD_BODY id=57 off=130 00000000000000000000000000000000
N3GD_BODY id=57 off=140 00000000000000000000000000000000
N3GD_BODY id=57 off=150 00000000000000000000000000000000
N3GD_BODY id=57 off=160 00000000000000000000000000000000
N3GD_BODY id=57 off=170 00000000000000000000000000000000
N3GD_BODY id=57 off=180 00000000000000000000000000000000
N3GD_BODY id=57 off=190 00000000000000000000000000000000
N3GD_BODY id=57 off=1a0 00000000000000000000000000000000
N3GD_BODY id=57 off=1b0 00000000000000000000000000000000
N3GD_BODY id=57 off=1c0 00000000000000000000000000000000
N3GD_BODY id=57 off=1d0 00000000000000000000000000000000
N3GD_BODY id=57 off=1e0 00000000000000000000000000000000
N3GD_BODY id=57 off=1f0 00000000000000000000000000000000
N3GD_BODY id=57 off=200 00000000000000000000000000000000
N3GD_BODY id=57 off=210 00000000000000000000000000000000
N3GD_BODY id=57 off=220 00000000000000000000000000000000
N3GD_BODY id=57 off=230 00000000000000000000000000000000
N3GD_BODY id=57 off=240 00000000000000000000000000000000
N3GD_BODY id=57 off=250 00000000000000000000000000000000
N3GD_BODY id=57 off=260 00000000000000000000000000000000
N3GD_BODY id=57 off=270 00000000000000000000000000000000
N3GD_BODY id=57 off=280 00000000000000000000000000000000
N3GD_BODY id=57 off=290 00000000000000000000000000000000
N3GD_BODY id=57 off=2a0 00000000000000000000000000000000
N3GD_BODY id=57 off=2b0 00000000000000000000000000000000
N3GD_BODY id=57 off=2c0 00000000000000000000000000000000
N3GD_BODY id=57 off=2d0 00000000000000000000000000000000
N3GD_BODY id=57 off=2e0 00000000000000000000000000000000
N3GD_BODY id=57 off=2f0 00000000000000000000000000000000
N3GD_BODY id=57 off=300 00000000000000000000000000000000
N3GD_BODY id=57 off=310 00000000000000000000000000000000
N3GD_BODY id=57 off=320 00000000000000000000000000000000
N3GD_BODY id=57 off=330 00000000000000000000000000000000
N3GD_BODY id=57 off=340 00000000000000000000000000000000
N3GD_BODY id=57 off=350 00000000000000000000000000000000
N3GD_BODY id=57 off=360 00000000000000000000000000000000
N3GD_BODY id=57 off=370 00000000000000000000000000000000
N3GD_BODY id=57 off=380 00000000000000000000000000000000
N3GD_BODY id=57 off=390 00000000000000000000000000000000
N3GD_BODY id=57 off=3a0 00000000000000000000000000000000
N3GD_BODY id=57 off=3b0 00000000000000000000000000000000
N3GD_BODY id=57 off=3c0 00000000000000000000000000000000
N3GD_BODY id=57 off=3d0 00000000000000000000000000000000
N3GD_BODY id=57 off=3e0 00000000000000000000000000000000
N3GD_BODY id=57 off=3f0 00000000000000000000000000000000
N3GD_BODY id=57 off=400 00000000000000000000000000000000
N3GD_BODY id=57 off=410 00000000000000000000000000000000
N3GD_BODY id=57 off=420 00000000000000000000000000000000
N3GD_BODY id=57 off=430 00000000000000000000000000000000
N3GD_BODY id=57 off=440 00000000000000000000000000000000
N3GD_BODY id=57 off=450 00000000000000000000000000000000
N3GD_BODY id=57 off=460 00000000000000000000000000000000
N3GD_BODY id=57 off=470 00000000000000000000000000000000
N3GD_BODY id=57 off=480 00000000000000000000000000000000
N3GD_BODY id=57 off=490 00000000000000000000000000000000
N3GD_BODY id=57 off=4a0 00000000000000000000000000000000
N3GD_BODY id=57 off=4b0 00000000000000000000000000000000
N3GD_BODY id=57 off=4c0 00000000000000000000000000000000
N3GD_BODY id=57 off=4d0 00000000000000000000000000000000
N3GD_BODY id=57 off=4e0 00000000000000000000000000000000
N3GD_BODY id=57 off=4f0 00000000000000000000000000000000
N3GD_BODY id=57 off=500 00000000000000000000000000000000
N3GD_BODY id=57 off=510 00000000000000000000000000000000
N3GD_BODY id=57 off=520 00000000000000000000000000000000
N3GD_BODY id=57 off=530 00000000000000000000000000000000
N3GD_BODY id=57 off=540 00000000000000000000000000000000
N3GD_BODY id=57 off=550 00000000000000000000000000000000
N3GD_BODY id=57 off=560 00000000000000000000000000000000
N3GD_BODY id=57 off=570 00000000000000000000000000000000
N3GD_BODY id=57 off=580 00000000000000000000000000000000
N3GD_BODY id=57 off=590 00000000000000000000000000000000
N3GD_BODY id=57 off=5a0 00000000000000000000000000000000
N3GD_BODY id=57 off=5b0 00000000000000000000000000000000
N3GD_BODY id=57 off=5c0 00000000000000000000000000000000
N3GD_BODY id=57 off=5d0 00000000000000000000000000000000
N3GD_BODY id=57 off=5e0 00000000000000000000000000000000
N3GD_BODY id=57 off=5f0 00000000000000000000000000000000
N3GD_BODY id=57 off=600 00000000000000000000000000000000
N3GD_BODY id=57 off=610 00000000000000000000000000000000
N3GD_BODY id=57 off=620 00000000000000000000000000000000
N3GD_BODY id=57 off=630 00000000000000000000000000000000
N3GD_BODY id=57 off=640 00000000000000000000000000000000
N3GD_BODY id=57 off=650 00000000000000000000000000000000
N3GD_BODY id=57 off=660 00000000000000000000000000000000
N3GD_BODY id=57 off=670 00000000000000000000000000000000
N3GD_BODY id=57 off=680 00000000000000000000000000000000
N3GD_BODY id=57 off=690 00000000000000000000000000000000
N3GD_BODY id=57 off=6a0 00000000000000000000000000000000
N3GD_BODY id=57 off=6b0 00000000000000000000000000000000
N3GD_BODY id=57 off=6c0 00000000000000000000000000000000
N3GD_BODY id=57 off=6d0 00000000000000000000000000000000
N3GD_BODY id=57 off=6e0 00000000000000000000000000000000
N3GD_BODY id=57 off=6f0 00000000000000000000000000000000
N3GD_BODY id=57 off=700 00000000000000000000000000000000
N3GD_BODY id=57 off=710 00000000000000000000000000000000
N3GD_BODY id=57 off=720 00000000000000000000000000000000
N3GD_BODY id=57 off=730 00000000000000000000000000000000
N3GD_BODY id=57 off=740 00000000000000000000000000000000
N3GD_BODY id=57 off=750 00000000000000000000000000000000
N3GD_BODY id=57 off=760 00000000000000000000000000000000
N3GD_BODY id=57 off=770 00000000000000000000000000000000
N3GD_BODY id=57 off=780 00000000000000000000000000000000
N3GD_BODY id=57 off=790 00000000000000000000000000000000
N3GD_BODY id=57 off=7a0 00000000000000000000000000000000
N3GD_BODY id=57 off=7b0 00000000000000000000000000000000
N3GD_BODY id=57 off=7c0 00000000000000000000000000000000
N3GD_BODY id=57 off=7d0 00000000000000000000000000000000
N3GD_BODY id=57 off=7e0 00000000000000000000000000000000
N3GD_BODY id=57 off=7f0 00000000000000000000000000000000
N3GD_OOB id=57 off=000 000000000000000000000000e5ab0678
N3GD_OOB id=57 off=010 0a52efac2207c7a2053adbc8606282c5
N3GD_OOB id=57 off=020 374bcde4a25178a6eb7e94b8b7fa1e2e
N3GD_OOB id=57 off=030 eddbaafff14d9b9ea7ce563d3b3c79fe
N3GD_END id=57
N3GD_BEGIN id=58 kind=cand j=81 v=03A4 po=126 sl=4294967295 l0=00015002 host=0000A07E tgt=000140FC bank=2 pb=1357 pp=31 phy=173727 shift=4294967295 t=00 ix=0000 u=00000000 l=00000000
N3GD_BODY id=58 off=000 00000000000000000000000000000000
N3GD_BODY id=58 off=010 00000000000000000000000000000000
N3GD_BODY id=58 off=020 00000000000000000000000000000000
N3GD_BODY id=58 off=030 00000000000000000000000000000000
N3GD_BODY id=58 off=040 00000000000000000000000000000000
N3GD_BODY id=58 off=050 00000000000000000000000000000000
N3GD_BODY id=58 off=060 00000000000000000000000000000000
N3GD_BODY id=58 off=070 00000000000000000000000000000000
N3GD_BODY id=58 off=080 00000000000000000000000000000000
N3GD_BODY id=58 off=090 00000000000000000000000000000000
N3GD_BODY id=58 off=0a0 00000000000000000000000000000000
N3GD_BODY id=58 off=0b0 00000000000000000000000000000000
N3GD_BODY id=58 off=0c0 00000000000000000000000000000000
N3GD_BODY id=58 off=0d0 00000000000000000000000000000000
N3GD_BODY id=58 off=0e0 00000000000000000000000000000000
N3GD_BODY id=58 off=0f0 00000000000000000000000000000000
N3GD_BODY id=58 off=100 00000000000000000000000000000000
N3GD_BODY id=58 off=110 00000000000000000000000000000000
N3GD_BODY id=58 off=120 00000000000000000000000000000000
N3GD_BODY id=58 off=130 00000000000000000000000000000000
N3GD_BODY id=58 off=140 00000000000000000000000000000000
N3GD_BODY id=58 off=150 00000000000000000000000000000000
N3GD_BODY id=58 off=160 00000000000000000000000000000000
N3GD_BODY id=58 off=170 00000000000000000000000000000000
N3GD_BODY id=58 off=180 00000000000000000000000000000000
N3GD_BODY id=58 off=190 00000000000000000000000000000000
N3GD_BODY id=58 off=1a0 00000000000000000000000000000000
N3GD_BODY id=58 off=1b0 00000000000000000000000000000000
N3GD_BODY id=58 off=1c0 00000000000000000000000000000000
N3GD_BODY id=58 off=1d0 00000000000000000000000000000000
N3GD_BODY id=58 off=1e0 00000000000000000000000000000000
N3GD_BODY id=58 off=1f0 00000000000000000000000000000000
N3GD_BODY id=58 off=200 00000000000000000000000000000000
N3GD_BODY id=58 off=210 00000000000000000000000000000000
N3GD_BODY id=58 off=220 00000000000000000000000000000000
N3GD_BODY id=58 off=230 00000000000000000000000000000000
N3GD_BODY id=58 off=240 00000000000000000000000000000000
N3GD_BODY id=58 off=250 00000000000000000000000000000000
N3GD_BODY id=58 off=260 00000000000000000000000000000000
N3GD_BODY id=58 off=270 00000000000000000000000000000000
N3GD_BODY id=58 off=280 00000000000000000000000000000000
N3GD_BODY id=58 off=290 00000000000000000000000000000000
N3GD_BODY id=58 off=2a0 00000000000000000000000000000000
N3GD_BODY id=58 off=2b0 00000000000000000000000000000000
N3GD_BODY id=58 off=2c0 00000000000000000000000000000000
N3GD_BODY id=58 off=2d0 00000000000000000000000000000000
N3GD_BODY id=58 off=2e0 00000000000000000000000000000000
N3GD_BODY id=58 off=2f0 00000000000000000000000000000000
N3GD_BODY id=58 off=300 00000000000000000000000000000000
N3GD_BODY id=58 off=310 00000000000000000000000000000000
N3GD_BODY id=58 off=320 00000000000000000000000000000000
N3GD_BODY id=58 off=330 00000000000000000000000000000000
N3GD_BODY id=58 off=340 00000000000000000000000000000000
N3GD_BODY id=58 off=350 00000000000000000000000000000000
N3GD_BODY id=58 off=360 00000000000000000000000000000000
N3GD_BODY id=58 off=370 00000000000000000000000000000000
N3GD_BODY id=58 off=380 00000000000000000000000000000000
N3GD_BODY id=58 off=390 00000000000000000000000000000000
N3GD_BODY id=58 off=3a0 00000000000000000000000000000000
N3GD_BODY id=58 off=3b0 00000000000000000000000000000000
N3GD_BODY id=58 off=3c0 00000000000000000000000000000000
N3GD_BODY id=58 off=3d0 00000000000000000000000000000000
N3GD_BODY id=58 off=3e0 00000000000000000000000000000000
N3GD_BODY id=58 off=3f0 00000000000000000000000000000000
N3GD_BODY id=58 off=400 00000000000000000000000000000000
N3GD_BODY id=58 off=410 00000000000000000000000000000000
N3GD_BODY id=58 off=420 00000000000000000000000000000000
N3GD_BODY id=58 off=430 00000000000000000000000000000000
N3GD_BODY id=58 off=440 00000000000000000000000000000000
N3GD_BODY id=58 off=450 00000000000000000000000000000000
N3GD_BODY id=58 off=460 00000000000000000000000000000000
N3GD_BODY id=58 off=470 00000000000000000000000000000000
N3GD_BODY id=58 off=480 00000000000000000000000000000000
N3GD_BODY id=58 off=490 00000000000000000000000000000000
N3GD_BODY id=58 off=4a0 00000000000000000000000000000000
N3GD_BODY id=58 off=4b0 00000000000000000000000000000000
N3GD_BODY id=58 off=4c0 00000000000000000000000000000000
N3GD_BODY id=58 off=4d0 00000000000000000000000000000000
N3GD_BODY id=58 off=4e0 00000000000000000000000000000000
N3GD_BODY id=58 off=4f0 00000000000000000000000000000000
N3GD_BODY id=58 off=500 00000000000000000000000000000000
N3GD_BODY id=58 off=510 00000000000000000000000000000000
N3GD_BODY id=58 off=520 00000000000000000000000000000000
N3GD_BODY id=58 off=530 00000000000000000000000000000000
N3GD_BODY id=58 off=540 00000000000000000000000000000000
N3GD_BODY id=58 off=550 00000000000000000000000000000000
N3GD_BODY id=58 off=560 00000000000000000000000000000000
N3GD_BODY id=58 off=570 00000000000000000000000000000000
N3GD_BODY id=58 off=580 00000000000000000000000000000000
N3GD_BODY id=58 off=590 00000000000000000000000000000000
N3GD_BODY id=58 off=5a0 00000000000000000000000000000000
N3GD_BODY id=58 off=5b0 00000000000000000000000000000000
N3GD_BODY id=58 off=5c0 00000000000000000000000000000000
N3GD_BODY id=58 off=5d0 00000000000000000000000000000000
N3GD_BODY id=58 off=5e0 00000000000000000000000000000000
N3GD_BODY id=58 off=5f0 00000000000000000000000000000000
N3GD_BODY id=58 off=600 00000000000000000000000000000000
N3GD_BODY id=58 off=610 00000000000000000000000000000000
N3GD_BODY id=58 off=620 00000000000000000000000000000000
N3GD_BODY id=58 off=630 00000000000000000000000000000000
N3GD_BODY id=58 off=640 00000000000000000000000000000000
N3GD_BODY id=58 off=650 00000000000000000000000000000000
N3GD_BODY id=58 off=660 00000000000000000000000000000000
N3GD_BODY id=58 off=670 00000000000000000000000000000000
N3GD_BODY id=58 off=680 00000000000000000000000000000000
N3GD_BODY id=58 off=690 00000000000000000000000000000000
N3GD_BODY id=58 off=6a0 00000000000000000000000000000000
N3GD_BODY id=58 off=6b0 00000000000000000000000000000000
N3GD_BODY id=58 off=6c0 00000000000000000000000000000000
N3GD_BODY id=58 off=6d0 00000000000000000000000000000000
N3GD_BODY id=58 off=6e0 00000000000000000000000000000000
N3GD_BODY id=58 off=6f0 00000000000000000000000000000000
N3GD_BODY id=58 off=700 00000000000000000000000000000000
N3GD_BODY id=58 off=710 00000000000000000000000000000000
N3GD_BODY id=58 off=720 00000000000000000000000000000000
N3GD_BODY id=58 off=730 00000000000000000000000000000000
N3GD_BODY id=58 off=740 00000000000000000000000000000000
N3GD_BODY id=58 off=750 00000000000000000000000000000000
N3GD_BODY id=58 off=760 00000000000000000000000000000000
N3GD_BODY id=58 off=770 00000000000000000000000000000000
N3GD_BODY id=58 off=780 00000000000000000000000000000000
N3GD_BODY id=58 off=790 00000000000000000000000000000000
N3GD_BODY id=58 off=7a0 00000000000000000000000000000000
N3GD_BODY id=58 off=7b0 00000000000000000000000000000000
N3GD_BODY id=58 off=7c0 00000000000000000000000000000000
N3GD_BODY id=58 off=7d0 00000000000000000000000000000000
N3GD_BODY id=58 off=7e0 00000000000000000000000000000000
N3GD_BODY id=58 off=7f0 00000000000000000000000000000000
N3GD_OOB id=58 off=000 000000000000000000000000e5ab0678
N3GD_OOB id=58 off=010 0a52efac2207c7a2053adbc8606282c5
N3GD_OOB id=58 off=020 374bcde4a25178a6eb7e94b8b7fa1e2e
N3GD_OOB id=58 off=030 eddbaafff14d9b9ea7ce563d3b3c79fe
N3GD_END id=58
N3GD_BEGIN id=59 kind=cand j=81 v=03A4 po=127 sl=4294967295 l0=00015002 host=0000A07E tgt=000140FC bank=3 pb=1357 pp=31 phy=173727 shift=4294967295 t=00 ix=0000 u=00000000 l=00000000
N3GD_BODY id=59 off=000 00000000000000000000000000000000
N3GD_BODY id=59 off=010 00000000000000000000000000000000
N3GD_BODY id=59 off=020 00000000000000000000000000000000
N3GD_BODY id=59 off=030 00000000000000000000000000000000
N3GD_BODY id=59 off=040 00000000000000000000000000000000
N3GD_BODY id=59 off=050 00000000000000000000000000000000
N3GD_BODY id=59 off=060 00000000000000000000000000000000
N3GD_BODY id=59 off=070 00000000000000000000000000000000
N3GD_BODY id=59 off=080 00000000000000000000000000000000
N3GD_BODY id=59 off=090 00000000000000000000000000000000
N3GD_BODY id=59 off=0a0 00000000000000000000000000000000
N3GD_BODY id=59 off=0b0 00000000000000000000000000000000
N3GD_BODY id=59 off=0c0 00000000000000000000000000000000
N3GD_BODY id=59 off=0d0 00000000000000000000000000000000
N3GD_BODY id=59 off=0e0 00000000000000000000000000000000
N3GD_BODY id=59 off=0f0 00000000000000000000000000000000
N3GD_BODY id=59 off=100 00000000000000000000000000000000
N3GD_BODY id=59 off=110 00000000000000000000000000000000
N3GD_BODY id=59 off=120 00000000000000000000000000000000
N3GD_BODY id=59 off=130 00000000000000000000000000000000
N3GD_BODY id=59 off=140 00000000000000000000000000000000
N3GD_BODY id=59 off=150 00000000000000000000000000000000
N3GD_BODY id=59 off=160 00000000000000000000000000000000
N3GD_BODY id=59 off=170 00000000000000000000000000000000
N3GD_BODY id=59 off=180 00000000000000000000000000000000
N3GD_BODY id=59 off=190 00000000000000000000000000000000
N3GD_BODY id=59 off=1a0 00000000000000000000000000000000
N3GD_BODY id=59 off=1b0 00000000000000000000000000000000
N3GD_BODY id=59 off=1c0 00000000000000000000000000000000
N3GD_BODY id=59 off=1d0 00000000000000000000000000000000
N3GD_BODY id=59 off=1e0 00000000000000000000000000000000
N3GD_BODY id=59 off=1f0 00000000000000000000000000000000
N3GD_BODY id=59 off=200 00000000000000000000000000000000
N3GD_BODY id=59 off=210 00000000000000000000000000000000
N3GD_BODY id=59 off=220 00000000000000000000000000000000
N3GD_BODY id=59 off=230 00000000000000000000000000000000
N3GD_BODY id=59 off=240 00000000000000000000000000000000
N3GD_BODY id=59 off=250 00000000000000000000000000000000
N3GD_BODY id=59 off=260 00000000000000000000000000000000
N3GD_BODY id=59 off=270 00000000000000000000000000000000
N3GD_BODY id=59 off=280 00000000000000000000000000000000
N3GD_BODY id=59 off=290 00000000000000000000000000000000
N3GD_BODY id=59 off=2a0 00000000000000000000000000000000
N3GD_BODY id=59 off=2b0 00000000000000000000000000000000
N3GD_BODY id=59 off=2c0 00000000000000000000000000000000
N3GD_BODY id=59 off=2d0 00000000000000000000000000000000
N3GD_BODY id=59 off=2e0 00000000000000000000000000000000
N3GD_BODY id=59 off=2f0 00000000000000000000000000000000
N3GD_BODY id=59 off=300 00000000000000000000000000000000
N3GD_BODY id=59 off=310 00000000000000000000000000000000
N3GD_BODY id=59 off=320 00000000000000000000000000000000
N3GD_BODY id=59 off=330 00000000000000000000000000000000
N3GD_BODY id=59 off=340 00000000000000000000000000000000
N3GD_BODY id=59 off=350 00000000000000000000000000000000
N3GD_BODY id=59 off=360 00000000000000000000000000000000
N3GD_BODY id=59 off=370 00000000000000000000000000000000
N3GD_BODY id=59 off=380 00000000000000000000000000000000
N3GD_BODY id=59 off=390 00000000000000000000000000000000
N3GD_BODY id=59 off=3a0 00000000000000000000000000000000
N3GD_BODY id=59 off=3b0 00000000000000000000000000000000
N3GD_BODY id=59 off=3c0 00000000000000000000000000000000
N3GD_BODY id=59 off=3d0 00000000000000000000000000000000
N3GD_BODY id=59 off=3e0 00000000000000000000000000000000
N3GD_BODY id=59 off=3f0 00000000000000000000000000000000
N3GD_BODY id=59 off=400 00000000000000000000000000000000
N3GD_BODY id=59 off=410 00000000000000000000000000000000
N3GD_BODY id=59 off=420 00000000000000000000000000000000
N3GD_BODY id=59 off=430 00000000000000000000000000000000
N3GD_BODY id=59 off=440 00000000000000000000000000000000
N3GD_BODY id=59 off=450 00000000000000000000000000000000
N3GD_BODY id=59 off=460 00000000000000000000000000000000
N3GD_BODY id=59 off=470 00000000000000000000000000000000
N3GD_BODY id=59 off=480 00000000000000000000000000000000
N3GD_BODY id=59 off=490 00000000000000000000000000000000
N3GD_BODY id=59 off=4a0 00000000000000000000000000000000
N3GD_BODY id=59 off=4b0 00000000000000000000000000000000
N3GD_BODY id=59 off=4c0 00000000000000000000000000000000
N3GD_BODY id=59 off=4d0 00000000000000000000000000000000
N3GD_BODY id=59 off=4e0 00000000000000000000000000000000
N3GD_BODY id=59 off=4f0 00000000000000000000000000000000
N3GD_BODY id=59 off=500 00000000000000000000000000000000
N3GD_BODY id=59 off=510 00000000000000000000000000000000
N3GD_BODY id=59 off=520 00000000000000000000000000000000
N3GD_BODY id=59 off=530 00000000000000000000000000000000
N3GD_BODY id=59 off=540 00000000000000000000000000000000
N3GD_BODY id=59 off=550 00000000000000000000000000000000
N3GD_BODY id=59 off=560 00000000000000000000000000000000
N3GD_BODY id=59 off=570 00000000000000000000000000000000
N3GD_BODY id=59 off=580 00000000000000000000000000000000
N3GD_BODY id=59 off=590 00000000000000000000000000000000
N3GD_BODY id=59 off=5a0 00000000000000000000000000000000
N3GD_BODY id=59 off=5b0 00000000000000000000000000000000
N3GD_BODY id=59 off=5c0 00000000000000000000000000000000
N3GD_BODY id=59 off=5d0 00000000000000000000000000000000
N3GD_BODY id=59 off=5e0 00000000000000000000000000000000
N3GD_BODY id=59 off=5f0 00000000000000000000000000000000
N3GD_BODY id=59 off=600 00000000000000000000000000000000
N3GD_BODY id=59 off=610 00000000000000000000000000000000
N3GD_BODY id=59 off=620 00000000000000000000000000000000
N3GD_BODY id=59 off=630 00000000000000000000000000000000
N3GD_BODY id=59 off=640 00000000000000000000000000000000
N3GD_BODY id=59 off=650 00000000000000000000000000000000
N3GD_BODY id=59 off=660 00000000000000000000000000000000
N3GD_BODY id=59 off=670 00000000000000000000000000000000
N3GD_BODY id=59 off=680 00000000000000000000000000000000
N3GD_BODY id=59 off=690 00000000000000000000000000000000
N3GD_BODY id=59 off=6a0 00000000000000000000000000000000
N3GD_BODY id=59 off=6b0 00000000000000000000000000000000
N3GD_BODY id=59 off=6c0 00000000000000000000000000000000
N3GD_BODY id=59 off=6d0 00000000000000000000000000000000
N3GD_BODY id=59 off=6e0 00000000000000000000000000000000
N3GD_BODY id=59 off=6f0 00000000000000000000000000000000
N3GD_BODY id=59 off=700 00000000000000000000000000000000
N3GD_BODY id=59 off=710 00000000000000000000000000000000
N3GD_BODY id=59 off=720 00000000000000000000000000000000
N3GD_BODY id=59 off=730 00000000000000000000000000000000
N3GD_BODY id=59 off=740 00000000000000000000000000000000
N3GD_BODY id=59 off=750 00000000000000000000000000000000
N3GD_BODY id=59 off=760 00000000000000000000000000000000
N3GD_BODY id=59 off=770 00000000000000000000000000000000
N3GD_BODY id=59 off=780 00000000000000000000000000000000
N3GD_BODY id=59 off=790 00000000000000000000000000000000
N3GD_BODY id=59 off=7a0 00000000000000000000000000000000
N3GD_BODY id=59 off=7b0 00000000000000000000000000000000
N3GD_BODY id=59 off=7c0 00000000000000000000000000000000
N3GD_BODY id=59 off=7d0 00000000000000000000000000000000
N3GD_BODY id=59 off=7e0 00000000000000000000000000000000
N3GD_BODY id=59 off=7f0 00000000000000000000000000000000
N3GD_OOB id=59 off=000 000000000000000000000000e5ab0678
N3GD_OOB id=59 off=010 0a52efac2207c7a2053adbc8606282c5
N3GD_OOB id=59 off=020 374bcde4a25178a6eb7e94b8b7fa1e2e
N3GD_OOB id=59 off=030 eddbaafff14d9b9ea7ce563d3b3c79fe
N3GD_END id=59
N3GD_BEGIN id=60 kind=cand j=81 v=03A4 po=128 sl=4294967295 l0=00015002 host=0000A07E tgt=000140FC bank=0 pb=1357 pp=32 phy=173728 shift=4294967295 t=40 ix=DBEE u=00015102 l=00015102
N3GD_BODY id=60 off=000 00000000000000000000000000000000
N3GD_BODY id=60 off=010 00000000000000000000000000000000
N3GD_BODY id=60 off=020 00000000000000000000000000000000
N3GD_BODY id=60 off=030 00000000000000000000000000000000
N3GD_BODY id=60 off=040 00000000000000000000000000000000
N3GD_BODY id=60 off=050 00000000000000000000000000000000
N3GD_BODY id=60 off=060 00000000000000000000000000000000
N3GD_BODY id=60 off=070 00000000000000000000000000000000
N3GD_BODY id=60 off=080 00000000000000000000000000000000
N3GD_BODY id=60 off=090 00000000000000000000000000000000
N3GD_BODY id=60 off=0a0 00000000000000000000000000000000
N3GD_BODY id=60 off=0b0 00000000000000000000000000000000
N3GD_BODY id=60 off=0c0 00000000000000000000000000000000
N3GD_BODY id=60 off=0d0 00000000000000000000000000000000
N3GD_BODY id=60 off=0e0 00000000000000000000000000000000
N3GD_BODY id=60 off=0f0 00000000000000000000000000000000
N3GD_BODY id=60 off=100 00000000000000000000000000000000
N3GD_BODY id=60 off=110 00000000000000000000000000000000
N3GD_BODY id=60 off=120 00000000000000000000000000000000
N3GD_BODY id=60 off=130 00000000000000000000000000000000
N3GD_BODY id=60 off=140 00000000000000000000000000000000
N3GD_BODY id=60 off=150 00000000000000000000000000000000
N3GD_BODY id=60 off=160 00000000000000000000000000000000
N3GD_BODY id=60 off=170 00000000000000000000000000000000
N3GD_BODY id=60 off=180 00000000000000000000000000000000
N3GD_BODY id=60 off=190 00000000000000000000000000000000
N3GD_BODY id=60 off=1a0 00000000000000000000000000000000
N3GD_BODY id=60 off=1b0 00000000000000000000000000000000
N3GD_BODY id=60 off=1c0 00000000000000000000000000000000
N3GD_BODY id=60 off=1d0 00000000000000000000000000000000
N3GD_BODY id=60 off=1e0 00000000000000000000000000000000
N3GD_BODY id=60 off=1f0 00000000000000000000000000000000
N3GD_BODY id=60 off=200 00000000000000000000000000000000
N3GD_BODY id=60 off=210 00000000000000000000000000000000
N3GD_BODY id=60 off=220 00000000000000000000000000000000
N3GD_BODY id=60 off=230 00000000000000000000000000000000
N3GD_BODY id=60 off=240 00000000000000000000000000000000
N3GD_BODY id=60 off=250 00000000000000000000000000000000
N3GD_BODY id=60 off=260 00000000000000000000000000000000
N3GD_BODY id=60 off=270 00000000000000000000000000000000
N3GD_BODY id=60 off=280 00000000000000000000000000000000
N3GD_BODY id=60 off=290 00000000000000000000000000000000
N3GD_BODY id=60 off=2a0 00000000000000000000000000000000
N3GD_BODY id=60 off=2b0 00000000000000000000000000000000
N3GD_BODY id=60 off=2c0 00000000000000000000000000000000
N3GD_BODY id=60 off=2d0 00000000000000000000000000000000
N3GD_BODY id=60 off=2e0 00000000000000000000000000000000
N3GD_BODY id=60 off=2f0 00000000000000000000000000000000
N3GD_BODY id=60 off=300 00000000000000000000000000000000
N3GD_BODY id=60 off=310 00000000000000000000000000000000
N3GD_BODY id=60 off=320 00000000000000000000000000000000
N3GD_BODY id=60 off=330 00000000000000000000000000000000
N3GD_BODY id=60 off=340 00000000000000000000000000000000
N3GD_BODY id=60 off=350 00000000000000000000000000000000
N3GD_BODY id=60 off=360 00000000000000000000000000000000
N3GD_BODY id=60 off=370 00000000000000000000000000000000
N3GD_BODY id=60 off=380 00000000000000000000000000000000
N3GD_BODY id=60 off=390 00000000000000000000000000000000
N3GD_BODY id=60 off=3a0 00000000000000000000000000000000
N3GD_BODY id=60 off=3b0 00000000000000000000000000000000
N3GD_BODY id=60 off=3c0 00000000000000000000000000000000
N3GD_BODY id=60 off=3d0 00000000000000000000000000000000
N3GD_BODY id=60 off=3e0 00000000000000000000000000000000
N3GD_BODY id=60 off=3f0 00000000000000000000000000000000
N3GD_BODY id=60 off=400 00000000000000000000000000000000
N3GD_BODY id=60 off=410 00000000000000000000000000000000
N3GD_BODY id=60 off=420 00000000000000000000000000000000
N3GD_BODY id=60 off=430 00000000000000000000000000000000
N3GD_BODY id=60 off=440 00000000000000000000000000000000
N3GD_BODY id=60 off=450 00000000000000000000000000000000
N3GD_BODY id=60 off=460 00000000000000000000000000000000
N3GD_BODY id=60 off=470 00000000000000000000000000000000
N3GD_BODY id=60 off=480 00000000000000000000000000000000
N3GD_BODY id=60 off=490 00000000000000000000000000000000
N3GD_BODY id=60 off=4a0 00000000000000000000000000000000
N3GD_BODY id=60 off=4b0 00000000000000000000000000000000
N3GD_BODY id=60 off=4c0 00000000000000000000000000000000
N3GD_BODY id=60 off=4d0 00000000000000000000000000000000
N3GD_BODY id=60 off=4e0 00000000000000000000000000000000
N3GD_BODY id=60 off=4f0 00000000000000000000000000000000
N3GD_BODY id=60 off=500 00000000000000000000000000000000
N3GD_BODY id=60 off=510 00000000000000000000000000000000
N3GD_BODY id=60 off=520 00000000000000000000000000000000
N3GD_BODY id=60 off=530 00000000000000000000000000000000
N3GD_BODY id=60 off=540 00000000000000000000000000000000
N3GD_BODY id=60 off=550 00000000000000000000000000000000
N3GD_BODY id=60 off=560 00000000000000000000000000000000
N3GD_BODY id=60 off=570 00000000000000000000000000000000
N3GD_BODY id=60 off=580 00000000000000000000000000000000
N3GD_BODY id=60 off=590 00000000000000000000000000000000
N3GD_BODY id=60 off=5a0 00000000000000000000000000000000
N3GD_BODY id=60 off=5b0 00000000000000000000000000000000
N3GD_BODY id=60 off=5c0 00000000000000000000000000000000
N3GD_BODY id=60 off=5d0 00000000000000000000000000000000
N3GD_BODY id=60 off=5e0 00000000000000000000000000000000
N3GD_BODY id=60 off=5f0 00000000000000000000000000000000
N3GD_BODY id=60 off=600 00000000000000000000000000000000
N3GD_BODY id=60 off=610 00000000000000000000000000000000
N3GD_BODY id=60 off=620 00000000000000000000000000000000
N3GD_BODY id=60 off=630 00000000000000000000000000000000
N3GD_BODY id=60 off=640 00000000000000000000000000000000
N3GD_BODY id=60 off=650 00000000000000000000000000000000
N3GD_BODY id=60 off=660 00000000000000000000000000000000
N3GD_BODY id=60 off=670 00000000000000000000000000000000
N3GD_BODY id=60 off=680 00000000000000000000000000000000
N3GD_BODY id=60 off=690 00000000000000000000000000000000
N3GD_BODY id=60 off=6a0 00000000000000000000000000000000
N3GD_BODY id=60 off=6b0 00000000000000000000000000000000
N3GD_BODY id=60 off=6c0 00000000000000000000000000000000
N3GD_BODY id=60 off=6d0 00000000000000000000000000000000
N3GD_BODY id=60 off=6e0 00000000000000000000000000000000
N3GD_BODY id=60 off=6f0 00000000000000000000000000000000
N3GD_BODY id=60 off=700 00000000000000000000000000000000
N3GD_BODY id=60 off=710 00000000000000000000000000000000
N3GD_BODY id=60 off=720 00000000000000000000000000000000
N3GD_BODY id=60 off=730 00000000000000000000000000000000
N3GD_BODY id=60 off=740 00000000000000000000000000000000
N3GD_BODY id=60 off=750 00000000000000000000000000000000
N3GD_BODY id=60 off=760 00000000000000000000000000000000
N3GD_BODY id=60 off=770 00000000000000000000000000000000
N3GD_BODY id=60 off=780 00000000000000000000000000000000
N3GD_BODY id=60 off=790 00000000000000000000000000000000
N3GD_BODY id=60 off=7a0 00000000000000000000000000000000
N3GD_BODY id=60 off=7b0 00000000000000000000000000000000
N3GD_BODY id=60 off=7c0 00000000000000000000000000000000
N3GD_BODY id=60 off=7d0 00000000000000000000000000000000
N3GD_BODY id=60 off=7e0 00000000000000000000000000000000
N3GD_BODY id=60 off=7f0 00000000000000000000000000000000
N3GD_OOB id=60 off=000 02510100eedb0000ff40ffffe5ab0678
N3GD_OOB id=60 off=010 0a52efac2207c7a2053adbc8606282c5
N3GD_OOB id=60 off=020 374bcde4a25178a6eb7e94b8b7fa1e2e
N3GD_OOB id=60 off=030 eddbaafff14d9b9ea7ce563d3b3c79fe
N3GD_END id=60
N3GD_BEGIN id=61 kind=cand j=81 v=03A4 po=255 sl=4294967295 l0=00015002 host=0000A07E tgt=000140FC bank=3 pb=1357 pp=63 phy=173759 shift=4294967295 t=00 ix=0000 u=00000000 l=00000000
N3GD_BODY id=61 off=000 00000000000000000000000000000000
N3GD_BODY id=61 off=010 00000000000000000000000000000000
N3GD_BODY id=61 off=020 00000000000000000000000000000000
N3GD_BODY id=61 off=030 00000000000000000000000000000000
N3GD_BODY id=61 off=040 00000000000000000000000000000000
N3GD_BODY id=61 off=050 00000000000000000000000000000000
N3GD_BODY id=61 off=060 00000000000000000000000000000000
N3GD_BODY id=61 off=070 00000000000000000000000000000000
N3GD_BODY id=61 off=080 00000000000000000000000000000000
N3GD_BODY id=61 off=090 00000000000000000000000000000000
N3GD_BODY id=61 off=0a0 00000000000000000000000000000000
N3GD_BODY id=61 off=0b0 00000000000000000000000000000000
N3GD_BODY id=61 off=0c0 00000000000000000000000000000000
N3GD_BODY id=61 off=0d0 00000000000000000000000000000000
N3GD_BODY id=61 off=0e0 00000000000000000000000000000000
N3GD_BODY id=61 off=0f0 00000000000000000000000000000000
N3GD_BODY id=61 off=100 00000000000000000000000000000000
N3GD_BODY id=61 off=110 00000000000000000000000000000000
N3GD_BODY id=61 off=120 00000000000000000000000000000000
N3GD_BODY id=61 off=130 00000000000000000000000000000000
N3GD_BODY id=61 off=140 00000000000000000000000000000000
N3GD_BODY id=61 off=150 00000000000000000000000000000000
N3GD_BODY id=61 off=160 00000000000000000000000000000000
N3GD_BODY id=61 off=170 00000000000000000000000000000000
N3GD_BODY id=61 off=180 00000000000000000000000000000000
N3GD_BODY id=61 off=190 00000000000000000000000000000000
N3GD_BODY id=61 off=1a0 00000000000000000000000000000000
N3GD_BODY id=61 off=1b0 00000000000000000000000000000000
N3GD_BODY id=61 off=1c0 00000000000000000000000000000000
N3GD_BODY id=61 off=1d0 00000000000000000000000000000000
N3GD_BODY id=61 off=1e0 00000000000000000000000000000000
N3GD_BODY id=61 off=1f0 00000000000000000000000000000000
N3GD_BODY id=61 off=200 00000000000000000000000000000000
N3GD_BODY id=61 off=210 00000000000000000000000000000000
N3GD_BODY id=61 off=220 00000000000000000000000000000000
N3GD_BODY id=61 off=230 00000000000000000000000000000000
N3GD_BODY id=61 off=240 00000000000000000000000000000000
N3GD_BODY id=61 off=250 00000000000000000000000000000000
N3GD_BODY id=61 off=260 00000000000000000000000000000000
N3GD_BODY id=61 off=270 00000000000000000000000000000000
N3GD_BODY id=61 off=280 00000000000000000000000000000000
N3GD_BODY id=61 off=290 00000000000000000000000000000000
N3GD_BODY id=61 off=2a0 00000000000000000000000000000000
N3GD_BODY id=61 off=2b0 00000000000000000000000000000000
N3GD_BODY id=61 off=2c0 00000000000000000000000000000000
N3GD_BODY id=61 off=2d0 00000000000000000000000000000000
N3GD_BODY id=61 off=2e0 00000000000000000000000000000000
N3GD_BODY id=61 off=2f0 00000000000000000000000000000000
N3GD_BODY id=61 off=300 00000000000000000000000000000000
N3GD_BODY id=61 off=310 00000000000000000000000000000000
N3GD_BODY id=61 off=320 00000000000000000000000000000000
N3GD_BODY id=61 off=330 00000000000000000000000000000000
N3GD_BODY id=61 off=340 00000000000000000000000000000000
N3GD_BODY id=61 off=350 00000000000000000000000000000000
N3GD_BODY id=61 off=360 00000000000000000000000000000000
N3GD_BODY id=61 off=370 00000000000000000000000000000000
N3GD_BODY id=61 off=380 00000000000000000000000000000000
N3GD_BODY id=61 off=390 00000000000000000000000000000000
N3GD_BODY id=61 off=3a0 00000000000000000000000000000000
N3GD_BODY id=61 off=3b0 00000000000000000000000000000000
N3GD_BODY id=61 off=3c0 00000000000000000000000000000000
N3GD_BODY id=61 off=3d0 00000000000000000000000000000000
N3GD_BODY id=61 off=3e0 00000000000000000000000000000000
N3GD_BODY id=61 off=3f0 00000000000000000000000000000000
N3GD_BODY id=61 off=400 00000000000000000000000000000000
N3GD_BODY id=61 off=410 00000000000000000000000000000000
N3GD_BODY id=61 off=420 00000000000000000000000000000000
N3GD_BODY id=61 off=430 00000000000000000000000000000000
N3GD_BODY id=61 off=440 00000000000000000000000000000000
N3GD_BODY id=61 off=450 00000000000000000000000000000000
N3GD_BODY id=61 off=460 00000000000000000000000000000000
N3GD_BODY id=61 off=470 00000000000000000000000000000000
N3GD_BODY id=61 off=480 00000000000000000000000000000000
N3GD_BODY id=61 off=490 00000000000000000000000000000000
N3GD_BODY id=61 off=4a0 00000000000000000000000000000000
N3GD_BODY id=61 off=4b0 00000000000000000000000000000000
N3GD_BODY id=61 off=4c0 00000000000000000000000000000000
N3GD_BODY id=61 off=4d0 00000000000000000000000000000000
N3GD_BODY id=61 off=4e0 00000000000000000000000000000000
N3GD_BODY id=61 off=4f0 00000000000000000000000000000000
N3GD_BODY id=61 off=500 00000000000000000000000000000000
N3GD_BODY id=61 off=510 00000000000000000000000000000000
N3GD_BODY id=61 off=520 00000000000000000000000000000000
N3GD_BODY id=61 off=530 00000000000000000000000000000000
N3GD_BODY id=61 off=540 00000000000000000000000000000000
N3GD_BODY id=61 off=550 00000000000000000000000000000000
N3GD_BODY id=61 off=560 00000000000000000000000000000000
N3GD_BODY id=61 off=570 00000000000000000000000000000000
N3GD_BODY id=61 off=580 00000000000000000000000000000000
N3GD_BODY id=61 off=590 00000000000000000000000000000000
N3GD_BODY id=61 off=5a0 00000000000000000000000000000000
N3GD_BODY id=61 off=5b0 00000000000000000000000000000000
N3GD_BODY id=61 off=5c0 00000000000000000000000000000000
N3GD_BODY id=61 off=5d0 00000000000000000000000000000000
N3GD_BODY id=61 off=5e0 00000000000000000000000000000000
N3GD_BODY id=61 off=5f0 00000000000000000000000000000000
N3GD_BODY id=61 off=600 00000000000000000000000000000000
N3GD_BODY id=61 off=610 00000000000000000000000000000000
N3GD_BODY id=61 off=620 00000000000000000000000000000000
N3GD_BODY id=61 off=630 00000000000000000000000000000000
N3GD_BODY id=61 off=640 00000000000000000000000000000000
N3GD_BODY id=61 off=650 00000000000000000000000000000000
N3GD_BODY id=61 off=660 00000000000000000000000000000000
N3GD_BODY id=61 off=670 00000000000000000000000000000000
N3GD_BODY id=61 off=680 00000000000000000000000000000000
N3GD_BODY id=61 off=690 00000000000000000000000000000000
N3GD_BODY id=61 off=6a0 00000000000000000000000000000000
N3GD_BODY id=61 off=6b0 00000000000000000000000000000000
N3GD_BODY id=61 off=6c0 00000000000000000000000000000000
N3GD_BODY id=61 off=6d0 00000000000000000000000000000000
N3GD_BODY id=61 off=6e0 00000000000000000000000000000000
N3GD_BODY id=61 off=6f0 00000000000000000000000000000000
N3GD_BODY id=61 off=700 00000000000000000000000000000000
N3GD_BODY id=61 off=710 00000000000000000000000000000000
N3GD_BODY id=61 off=720 00000000000000000000000000000000
N3GD_BODY id=61 off=730 00000000000000000000000000000000
N3GD_BODY id=61 off=740 00000000000000000000000000000000
N3GD_BODY id=61 off=750 00000000000000000000000000000000
N3GD_BODY id=61 off=760 00000000000000000000000000000000
N3GD_BODY id=61 off=770 00000000000000000000000000000000
N3GD_BODY id=61 off=780 00000000000000000000000000000000
N3GD_BODY id=61 off=790 00000000000000000000000000000000
N3GD_BODY id=61 off=7a0 00000000000000000000000000000000
N3GD_BODY id=61 off=7b0 00000000000000000000000000000000
N3GD_BODY id=61 off=7c0 00000000000000000000000000000000
N3GD_BODY id=61 off=7d0 00000000000000000000000000000000
N3GD_BODY id=61 off=7e0 00000000000000000000000000000000
N3GD_BODY id=61 off=7f0 00000000000000000000000000000000
N3GD_OOB id=61 off=000 000000000000000000000000e5ab0678
N3GD_OOB id=61 off=010 0a52efac2207c7a2053adbc8606282c5
N3GD_OOB id=61 off=020 374bcde4a25178a6eb7e94b8b7fa1e2e
N3GD_OOB id=61 off=030 eddbaafff14d9b9ea7ce563d3b3c79fe
N3GD_END id=61
N3GD_BEGIN id=62 kind=cand j=81 v=03A4 po=256 sl=4294967295 l0=00015002 host=0000A07E tgt=000140FC bank=0 pb=1357 pp=64 phy=173760 shift=4294967295 t=40 ix=DBEE u=00015202 l=00015202
N3GD_BODY id=62 off=000 00000000000000000000000000000000
N3GD_BODY id=62 off=010 00000000000000000000000000000000
N3GD_BODY id=62 off=020 00000000000000000000000000000000
N3GD_BODY id=62 off=030 00000000000000000000000000000000
N3GD_BODY id=62 off=040 00000000000000000000000000000000
N3GD_BODY id=62 off=050 00000000000000000000000000000000
N3GD_BODY id=62 off=060 00000000000000000000000000000000
N3GD_BODY id=62 off=070 00000000000000000000000000000000
N3GD_BODY id=62 off=080 00000000000000000000000000000000
N3GD_BODY id=62 off=090 00000000000000000000000000000000
N3GD_BODY id=62 off=0a0 00000000000000000000000000000000
N3GD_BODY id=62 off=0b0 00000000000000000000000000000000
N3GD_BODY id=62 off=0c0 00000000000000000000000000000000
N3GD_BODY id=62 off=0d0 00000000000000000000000000000000
N3GD_BODY id=62 off=0e0 00000000000000000000000000000000
N3GD_BODY id=62 off=0f0 00000000000000000000000000000000
N3GD_BODY id=62 off=100 00000000000000000000000000000000
N3GD_BODY id=62 off=110 00000000000000000000000000000000
N3GD_BODY id=62 off=120 00000000000000000000000000000000
N3GD_BODY id=62 off=130 00000000000000000000000000000000
N3GD_BODY id=62 off=140 00000000000000000000000000000000
N3GD_BODY id=62 off=150 00000000000000000000000000000000
N3GD_BODY id=62 off=160 00000000000000000000000000000000
N3GD_BODY id=62 off=170 00000000000000000000000000000000
N3GD_BODY id=62 off=180 00000000000000000000000000000000
N3GD_BODY id=62 off=190 00000000000000000000000000000000
N3GD_BODY id=62 off=1a0 00000000000000000000000000000000
N3GD_BODY id=62 off=1b0 00000000000000000000000000000000
N3GD_BODY id=62 off=1c0 00000000000000000000000000000000
N3GD_BODY id=62 off=1d0 00000000000000000000000000000000
N3GD_BODY id=62 off=1e0 00000000000000000000000000000000
N3GD_BODY id=62 off=1f0 00000000000000000000000000000000
N3GD_BODY id=62 off=200 00000000000000000000000000000000
N3GD_BODY id=62 off=210 00000000000000000000000000000000
N3GD_BODY id=62 off=220 00000000000000000000000000000000
N3GD_BODY id=62 off=230 00000000000000000000000000000000
N3GD_BODY id=62 off=240 00000000000000000000000000000000
N3GD_BODY id=62 off=250 00000000000000000000000000000000
N3GD_BODY id=62 off=260 00000000000000000000000000000000
N3GD_BODY id=62 off=270 00000000000000000000000000000000
N3GD_BODY id=62 off=280 00000000000000000000000000000000
N3GD_BODY id=62 off=290 00000000000000000000000000000000
N3GD_BODY id=62 off=2a0 00000000000000000000000000000000
N3GD_BODY id=62 off=2b0 00000000000000000000000000000000
N3GD_BODY id=62 off=2c0 00000000000000000000000000000000
N3GD_BODY id=62 off=2d0 00000000000000000000000000000000
N3GD_BODY id=62 off=2e0 00000000000000000000000000000000
N3GD_BODY id=62 off=2f0 00000000000000000000000000000000
N3GD_BODY id=62 off=300 00000000000000000000000000000000
N3GD_BODY id=62 off=310 00000000000000000000000000000000
N3GD_BODY id=62 off=320 00000000000000000000000000000000
N3GD_BODY id=62 off=330 00000000000000000000000000000000
N3GD_BODY id=62 off=340 00000000000000000000000000000000
N3GD_BODY id=62 off=350 00000000000000000000000000000000
N3GD_BODY id=62 off=360 00000000000000000000000000000000
N3GD_BODY id=62 off=370 00000000000000000000000000000000
N3GD_BODY id=62 off=380 00000000000000000000000000000000
N3GD_BODY id=62 off=390 00000000000000000000000000000000
N3GD_BODY id=62 off=3a0 00000000000000000000000000000000
N3GD_BODY id=62 off=3b0 00000000000000000000000000000000
N3GD_BODY id=62 off=3c0 00000000000000000000000000000000
N3GD_BODY id=62 off=3d0 00000000000000000000000000000000
N3GD_BODY id=62 off=3e0 00000000000000000000000000000000
N3GD_BODY id=62 off=3f0 00000000000000000000000000000000
N3GD_BODY id=62 off=400 00000000000000000000000000000000
N3GD_BODY id=62 off=410 00000000000000000000000000000000
N3GD_BODY id=62 off=420 00000000000000000000000000000000
N3GD_BODY id=62 off=430 00000000000000000000000000000000
N3GD_BODY id=62 off=440 00000000000000000000000000000000
N3GD_BODY id=62 off=450 00000000000000000000000000000000
N3GD_BODY id=62 off=460 00000000000000000000000000000000
N3GD_BODY id=62 off=470 00000000000000000000000000000000
N3GD_BODY id=62 off=480 00000000000000000000000000000000
N3GD_BODY id=62 off=490 00000000000000000000000000000000
N3GD_BODY id=62 off=4a0 00000000000000000000000000000000
N3GD_BODY id=62 off=4b0 00000000000000000000000000000000
N3GD_BODY id=62 off=4c0 00000000000000000000000000000000
N3GD_BODY id=62 off=4d0 00000000000000000000000000000000
N3GD_BODY id=62 off=4e0 00000000000000000000000000000000
N3GD_BODY id=62 off=4f0 00000000000000000000000000000000
N3GD_BODY id=62 off=500 00000000000000000000000000000000
N3GD_BODY id=62 off=510 00000000000000000000000000000000
N3GD_BODY id=62 off=520 00000000000000000000000000000000
N3GD_BODY id=62 off=530 00000000000000000000000000000000
N3GD_BODY id=62 off=540 00000000000000000000000000000000
N3GD_BODY id=62 off=550 00000000000000000000000000000000
N3GD_BODY id=62 off=560 00000000000000000000000000000000
N3GD_BODY id=62 off=570 00000000000000000000000000000000
N3GD_BODY id=62 off=580 00000000000000000000000000000000
N3GD_BODY id=62 off=590 00000000000000000000000000000000
N3GD_BODY id=62 off=5a0 00000000000000000000000000000000
N3GD_BODY id=62 off=5b0 00000000000000000000000000000000
N3GD_BODY id=62 off=5c0 00000000000000000000000000000000
N3GD_BODY id=62 off=5d0 00000000000000000000000000000000
N3GD_BODY id=62 off=5e0 00000000000000000000000000000000
N3GD_BODY id=62 off=5f0 00000000000000000000000000000000
N3GD_BODY id=62 off=600 00000000000000000000000000000000
N3GD_BODY id=62 off=610 00000000000000000000000000000000
N3GD_BODY id=62 off=620 00000000000000000000000000000000
N3GD_BODY id=62 off=630 00000000000000000000000000000000
N3GD_BODY id=62 off=640 00000000000000000000000000000000
N3GD_BODY id=62 off=650 00000000000000000000000000000000
N3GD_BODY id=62 off=660 00000000000000000000000000000000
N3GD_BODY id=62 off=670 00000000000000000000000000000000
N3GD_BODY id=62 off=680 00000000000000000000000000000000
N3GD_BODY id=62 off=690 00000000000000000000000000000000
N3GD_BODY id=62 off=6a0 00000000000000000000000000000000
N3GD_BODY id=62 off=6b0 00000000000000000000000000000000
N3GD_BODY id=62 off=6c0 00000000000000000000000000000000
N3GD_BODY id=62 off=6d0 00000000000000000000000000000000
N3GD_BODY id=62 off=6e0 00000000000000000000000000000000
N3GD_BODY id=62 off=6f0 00000000000000000000000000000000
N3GD_BODY id=62 off=700 00000000000000000000000000000000
N3GD_BODY id=62 off=710 00000000000000000000000000000000
N3GD_BODY id=62 off=720 00000000000000000000000000000000
N3GD_BODY id=62 off=730 00000000000000000000000000000000
N3GD_BODY id=62 off=740 00000000000000000000000000000000
N3GD_BODY id=62 off=750 00000000000000000000000000000000
N3GD_BODY id=62 off=760 00000000000000000000000000000000
N3GD_BODY id=62 off=770 00000000000000000000000000000000
N3GD_BODY id=62 off=780 00000000000000000000000000000000
N3GD_BODY id=62 off=790 00000000000000000000000000000000
N3GD_BODY id=62 off=7a0 00000000000000000000000000000000
N3GD_BODY id=62 off=7b0 00000000000000000000000000000000
N3GD_BODY id=62 off=7c0 00000000000000000000000000000000
N3GD_BODY id=62 off=7d0 00000000000000000000000000000000
N3GD_BODY id=62 off=7e0 00000000000000000000000000000000
N3GD_BODY id=62 off=7f0 00000000000000000000000000000000
N3GD_OOB id=62 off=000 02520100eedb0000ff40ffffe5ab0678
N3GD_OOB id=62 off=010 0a52efac2207c7a2053adbc8606282c5
N3GD_OOB id=62 off=020 374bcde4a25178a6eb7e94b8b7fa1e2e
N3GD_OOB id=62 off=030 eddbaafff14d9b9ea7ce563d3b3c79fe
N3GD_END id=62
N3GD_DONE pages=63
