N3GD_START target=0000A07E ppb=512
N3GD_BEGIN id=1 kind=map j=4294967295 v=ffff po=0 sl=4294967295 l0=ffffffff tgt=ffffffff bank=0 pb=6166 pp=0 phy=789248 rc=0 t=44 l=FFFCC98C
N3GD_BODY id=1 off=000 8a03bb068004be0162023f03d5042100
N3GD_BODY id=1 off=010 4a03ee019d067403a8046a060e070d03
N3GD_BODY id=1 off=020 45031405d20002048c028906cf060203
N3GD_BODY id=1 off=030 41018e005105ac007d05d00398074903
N3GD_BODY id=1 off=040 4803c306ef00ef01180206024c069602
N3GD_BODY id=1 off=050 4605c0042f03bc06a50199004805fc04
N3GD_BODY id=1 off=060 890455068202da061304ce04f9015d02
N3GD_BODY id=1 off=070 92036e00fc06c10208028403a002d101
N3GD_BODY id=1 off=080 6b0085015101d506b10682062b043306
N3GD_BODY id=1 off=090 4301f2034204c3038f0207016506d904
N3GD_BODY id=1 off=0a0 3606a40381078505a602c6044d006a01
N3GD_BODY id=1 off=0b0 1007a507640368018d059d01c4043006
N3GD_BODY id=1 off=0c0 9700bf046003d004b705f2024701d006
N3GD_BODY id=1 off=0d0 bd0108034d012406010227077000d100
N3GD_BODY id=1 off=0e0 32026e013f02d606900361048100a607
N3GD_BODY id=1 off=0f0 180361062c04c906fe00fd01d505ad01
N3GD_BODY id=1 off=100 500293040b077f00d20589032f01d702
N3GD_BODY id=1 off=110 22076f011b008f07de019c02c6004a06
N3GD_BODY id=1 off=120 7c0236014d070703d905bc004c042102
N3GD_BODY id=1 off=130 bb011f031d0085021004ae00b9045904
N3GD_BODY id=1 off=140 3806e5032801670187037f06d0016a00
N3GD_BODY id=1 off=150 65010f06a606dc062b030c0523078601
N3GD_BODY id=1 off=160 540401079a063b07d6054405b601de03
N3GD_BODY id=1 off=170 14009b002804db055c071706c6063a04
N3GD_BODY id=1 off=180 0c009f078c06af064f043505bc025c01
N3GD_BODY id=1 off=190 f4039e00870424030a017a031205eb04
N3GD_BODY id=1 off=1a0 70075704a7051b054703c7040105dc00
N3GD_BODY id=1 off=1b0 7c05e3046e06d404d900e7007a07c302
N3GD_BODY id=1 off=1c0 a605c90226019801ad03fd040b003305
N3GD_BODY id=1 off=1d0 85031f047b0041042603a7028306c602
N3GD_BODY id=1 off=1e0 2607fc03870546077900e2041d062104
N3GD_BODY id=1 off=1f0 5f069303cb032301530491019f005003
N3GD_BODY id=1 off=200 c80595076b067e0353034f07a203fa05
N3GD_BODY id=1 off=210 5600c500b60680010400a9059c073b05
N3GD_BODY id=1 off=220 1501e0061900c6035d03d3064f008f05
N3GD_BODY id=1 off=230 6c0296047b044a0703060500ba03fd02
N3GD_BODY id=1 off=240 0d007f059501750312020906ca025703
N3GD_BODY id=1 off=250 4600e90100050a0425011001db038d06
N3GD_BODY id=1 off=260 620755051f072b01360460076d069a07
N3GD_BODY id=1 off=270 620064064a00f9036805a6033d03a700
N3GD_BODY id=1 off=280 f6030d05c10376001a00260216032507
N3GD_BODY id=1 off=290 3500fa0133044e045a02330186076400
N3GD_BODY id=1 off=2a0 8d02cc051c03a200720741006004e100
N3GD_BODY id=1 off=2b0 630299061600a303d802910439013a00
N3GD_BODY id=1 off=2c0 9c031503dc055302ec0043034804b504
N3GD_BODY id=1 off=2d0 a404c5066d01550415047401eb005201
N3GD_BODY id=1 off=2e0 4205f50336005801e206f5047504ff00
N3GD_BODY id=1 off=2f0 1e006205bc030206550224078605ac01
N3GD_BODY id=1 off=300 d801d600ca05af02e401a80209052401
N3GD_BODY id=1 off=310 17023b04b1003c03d7038b04f000ee04
N3GD_BODY id=1 off=320 f401af009b051e044606450607029800
N3GD_BODY id=1 off=330 b602fd03be0371055405a7018f03bb04
N3GD_BODY id=1 off=340 de066c04f3018102db06a40718058a00
N3GD_BODY id=1 off=350 73029b07c0028203ed0427043c062006
N3GD_BODY id=1 off=360 870655007f0232033405bf012a055701
N3GD_BODY id=1 off=370 e3010600d406b4029b02b804c9014501
N3GD_BODY id=1 off=380 1f0006079000a60120046901cc024304
N3GD_BODY id=1 off=390 9c0166058e0725000e023d0583036b02
N3GD_BODY id=1 off=3a0 fe024a0412001f01a504c904fe01b003
N3GD_BODY id=1 off=3b0 5b0024004003160238058b0256067300
N3GD_BODY id=1 off=3c0 cb0653066d030004b201240592058302
N3GD_BODY id=1 off=3d0 3503a5067202e706b205810640029002
N3GD_BODY id=1 off=3e0 570026052c012903ea00f70577036f05
N3GD_BODY id=1 off=3f0 86048207dd01d8033f042a029a031102
N3GD_BODY id=1 off=400 f803b600d6011901be063c0084028003
N3GD_BODY id=1 off=410 cd02e704440135020002ee039e034201
N3GD_BODY id=1 off=420 66069401a5023d0265022e06b1052805
N3GD_BODY id=1 off=430 8700af019505fa0479019b013a02b000
N3GD_BODY id=1 off=440 e6025e03780059021601a1059d072106
N3GD_BODY id=1 off=450 c402bf064c007f07ef05b80399010301
N3GD_BODY id=1 off=460 7805850650058802c806a10678075406
N3GD_BODY id=1 off=470 8b06d4019504e50213063a0656034505
N3GD_BODY id=1 off=480 3e06d500a2051d07790575027904a901
N3GD_BODY id=1 off=490 2703de02f1035c00bb030d06cc01a604
N3GD_BODY id=1 off=4a0 31071d01b30209071607840069071406
N3GD_BODY id=1 off=4b0 3e00ea014c01c70693024807e702c406
N3GD_BODY id=1 off=4c0 c0034901f4060a069503b70363047500
N3GD_BODY id=1 off=4d0 8806ee06b005aa0623027106f500b501
N3GD_BODY id=1 off=4e0 e5044107b605df028b07090406030c06
N3GD_BODY id=1 off=4f0 dd0265053e04d501530088052a01c401
N3GD_BODY id=1 off=500 05061103f7038406e1036e026b049207
N3GD_BODY id=1 off=510 5901a800a70467038603e604f4004802
N3GD_BODY id=1 off=520 63006603a600b706e8045b0240055706
N3GD_BODY id=1 off=530 0d029e05a405d90642021905b7044200
N3GD_BODY id=1 off=540 2c05da00cb0199036e0772038201ad05
N3GD_BODY id=1 off=550 3b0257059e023e070007e90666024601
N3GD_BODY id=1 off=560 700670041a01fa065f008a020f020f00
N3GD_BODY id=1 off=570 1b06aa00f00573062d02a0051e05bd02
N3GD_BODY id=1 off=580 7d03d60229014102910317013e034500
N3GD_BODY id=1 off=590 0805fd069b0311069a05a3016d00ef02
N3GD_BODY id=1 off=5a0 b004a1023d004d0687020e0034064b00
N3GD_BODY id=1 off=5b0 9006ae03e80008070302ec051300c703
N3GD_BODY id=1 off=5c0 a9000b05c405a1045c037307cb051403
N3GD_BODY id=1 off=5d0 d301bb0560051a0729079701e4039e07
N3GD_BODY id=1 off=5e0 c60542038401ac06f8001801d2029305
N3GD_BODY id=1 off=5f0 d4002502c200d70059052201cc002806
N3GD_BODY id=1 off=600 da0348008103990506052503c903b305
N3GD_BODY id=1 off=610 750163039a044f02ac04440233024306
N3GD_BODY id=1 off=620 e0055903df012204e7016b070307c705
N3GD_BODY id=1 off=630 3707c30147071201f5060f0307078707
N3GD_BODY id=1 off=640 02024f06e8063105ed05f60607065a05
N3GD_BODY id=1 off=650 89014e072505680497067402b3032107
N3GD_BODY id=1 off=660 5b03d106dd04e3009c00f006b202f801
N3GD_BODY id=1 off=670 3e05cc06fe0396075e014f053d06d503
N3GD_BODY id=1 off=680 81044c05e10116057803de0087018005
N3GD_BODY id=1 off=690 0e0555070c01db003804ab03cd014206
N3GD_BODY id=1 off=6a0 c20567046e0302008b039e01eb027607
N3GD_BODY id=1 off=6b0 d8053607e8021206ab04c1002905b902
N3GD_BODY id=1 off=6c0 f60061010507bc058c0399073e018d07
N3GD_BODY id=1 off=6d0 a007850070037f013d0429009601c403
N3GD_BODY id=1 off=6e0 d603490237028600cb02e50544078d01
N3GD_BODY id=1 off=6f0 cc034806a40622007406c7028d047701
N3GD_BODY id=1 off=700 16066604ae06aa057304a30058002003
N3GD_BODY id=1 off=710 7e074f035c05a9065d012d06c001ac05
N3GD_BODY id=1 off=720 7e06d5023002c1017a016a0321032e03
N3GD_BODY id=1 off=730 b403ec064c0733003a0501038e040502
N3GD_BODY id=1 off=740 8e01f9021a03b7016503e1051d056103
N3GD_BODY id=1 off=750 22051c00520430054f01f303ae051703
N3GD_BODY id=1 off=760 54016c035e052c07bc04760526043f07
N3GD_BODY id=1 off=770 9f01ec04be020f013b01300749045501
N3GD_BODY id=1 off=780 69039f03930649079a013701ea040104
N3GD_BODY id=1 off=790 7c01ae02d902670731033a03b4044103
N3GD_BODY id=1 off=7a0 ae04be0574002b054d053b036b05d102
N3GD_BODY id=1 off=7b0 70058801b505bd04ec038a0510007705
N3GD_BODY id=1 off=7c0 2d04ef067206dd008a0671001b073603
N3GD_BODY id=1 off=7d0 5d07bd03a904f802e70318040a037b07
N3GD_BODY id=1 off=7e0 91005307a5004a0171030b036a050c04
N3GD_BODY id=1 off=7f0 f9008c006906400413057407b4058f06
N3GD_OOB id=1 off=000 3ec9fc060606060606060606e5ab0678
N3GD_OOB id=1 off=010 0a52efac2207c7a2053adbc8606282c5
N3GD_OOB id=1 off=020 374bcde4a25178a6eb7e94b8b7fa1e2e
N3GD_OOB id=1 off=030 eddbaafff14d9b9ea7ce563d3b3c79fe
N3GD_OOB id=1 off=040 58c9fcff0000ffffff44ffffe5ab0678
N3GD_OOB id=1 off=050 0a52efac2207c7a2053adbc8606282c5
N3GD_OOB id=1 off=060 374bcde4a25178a6eb7e94b8b7fa1e2e
N3GD_OOB id=1 off=070 eddbaafff14d9b9ea7ce563d3b3c79fe
N3GD_END id=1
N3GD_BEGIN id=2 kind=mbr j=982 v=056B po=0 sl=0 l0=00000000 tgt=00000000 bank=0 pb=1812 pp=0 phy=231936 rc=0 t=40 l=00000000
N3GD_BODY id=2 off=000 00000000000000000000000000000000
N3GD_BODY id=2 off=010 00000000000000000000000000000000
N3GD_BODY id=2 off=020 00000000000000000000000000000000
N3GD_BODY id=2 off=030 00000000000000000000000000000000
N3GD_BODY id=2 off=040 00000000000000000000000000000000
N3GD_BODY id=2 off=050 00000000000000000000000000000000
N3GD_BODY id=2 off=060 00000000000000000000000000000000
N3GD_BODY id=2 off=070 00000000000000000000000000000000
N3GD_BODY id=2 off=080 00000000000000000000000000000000
N3GD_BODY id=2 off=090 00000000000000000000000000000000
N3GD_BODY id=2 off=0a0 00000000000000000000000000000000
N3GD_BODY id=2 off=0b0 00000000000000000000000000000000
N3GD_BODY id=2 off=0c0 00000000000000000000000000000000
N3GD_BODY id=2 off=0d0 00000000000000000000000000000000
N3GD_BODY id=2 off=0e0 00000000000000000000000000000000
N3GD_BODY id=2 off=0f0 00000000000000000000000000000000
N3GD_BODY id=2 off=100 00000000000000000000000000000000
N3GD_BODY id=2 off=110 00000000000000000000000000000000
N3GD_BODY id=2 off=120 00000000000000000000000000000000
N3GD_BODY id=2 off=130 00000000000000000000000000000000
N3GD_BODY id=2 off=140 00000000000000000000000000000000
N3GD_BODY id=2 off=150 00000000000000000000000000000000
N3GD_BODY id=2 off=160 00000000000000000000000000000000
N3GD_BODY id=2 off=170 00000000000000000000000000000000
N3GD_BODY id=2 off=180 00000000000000000000000000000000
N3GD_BODY id=2 off=190 00000000000000000000000000000000
N3GD_BODY id=2 off=1a0 00000000000000000000000000000000
N3GD_BODY id=2 off=1b0 0000000000000000000000000000808e
N3GD_BODY id=2 off=1c0 0b020cb2343d7ea00000817f0e000001
N3GD_BODY id=2 off=1d0 01003f8d0a023f00000000a000000000
N3GD_BODY id=2 off=1e0 00000000000000000000000000000000
N3GD_BODY id=2 off=1f0 000000000000000000000000000055aa
N3GD_BODY id=2 off=200 00000000000000000000000000000000
N3GD_BODY id=2 off=210 00000000000000000000000000000000
N3GD_BODY id=2 off=220 00000000000000000000000000000000
N3GD_BODY id=2 off=230 00000000000000000000000000000000
N3GD_BODY id=2 off=240 00000000000000000000000000000000
N3GD_BODY id=2 off=250 00000000000000000000000000000000
N3GD_BODY id=2 off=260 00000000000000000000000000000000
N3GD_BODY id=2 off=270 00000000000000000000000000000000
N3GD_BODY id=2 off=280 00000000000000000000000000000000
N3GD_BODY id=2 off=290 00000000000000000000000000000000
N3GD_BODY id=2 off=2a0 00000000000000000000000000000000
N3GD_BODY id=2 off=2b0 00000000000000000000000000000000
N3GD_BODY id=2 off=2c0 00000000000000000000000000000000
N3GD_BODY id=2 off=2d0 00000000000000000000000000000000
N3GD_BODY id=2 off=2e0 00000000000000000000000000000000
N3GD_BODY id=2 off=2f0 00000000000000000000000000000000
N3GD_BODY id=2 off=300 00000000000000000000000000000000
N3GD_BODY id=2 off=310 00000000000000000000000000000000
N3GD_BODY id=2 off=320 00000000000000000000000000000000
N3GD_BODY id=2 off=330 00000000000000000000000000000000
N3GD_BODY id=2 off=340 00000000000000000000000000000000
N3GD_BODY id=2 off=350 00000000000000000000000000000000
N3GD_BODY id=2 off=360 00000000000000000000000000000000
N3GD_BODY id=2 off=370 00000000000000000000000000000000
N3GD_BODY id=2 off=380 00000000000000000000000000000000
N3GD_BODY id=2 off=390 00000000000000000000000000000000
N3GD_BODY id=2 off=3a0 00000000000000000000000000000000
N3GD_BODY id=2 off=3b0 00000000000000000000000000000000
N3GD_BODY id=2 off=3c0 00000000000000000000000000000000
N3GD_BODY id=2 off=3d0 00000000000000000000000000000000
N3GD_BODY id=2 off=3e0 00000000000000000000000000000000
N3GD_BODY id=2 off=3f0 00000000000000000000000000000000
N3GD_BODY id=2 off=400 00000000000000000000000000000000
N3GD_BODY id=2 off=410 00000000000000000000000000000000
N3GD_BODY id=2 off=420 00000000000000000000000000000000
N3GD_BODY id=2 off=430 00000000000000000000000000000000
N3GD_BODY id=2 off=440 00000000000000000000000000000000
N3GD_BODY id=2 off=450 00000000000000000000000000000000
N3GD_BODY id=2 off=460 00000000000000000000000000000000
N3GD_BODY id=2 off=470 00000000000000000000000000000000
N3GD_BODY id=2 off=480 00000000000000000000000000000000
N3GD_BODY id=2 off=490 00000000000000000000000000000000
N3GD_BODY id=2 off=4a0 00000000000000000000000000000000
N3GD_BODY id=2 off=4b0 00000000000000000000000000000000
N3GD_BODY id=2 off=4c0 00000000000000000000000000000000
N3GD_BODY id=2 off=4d0 00000000000000000000000000000000
N3GD_BODY id=2 off=4e0 00000000000000000000000000000000
N3GD_BODY id=2 off=4f0 00000000000000000000000000000000
N3GD_BODY id=2 off=500 00000000000000000000000000000000
N3GD_BODY id=2 off=510 00000000000000000000000000000000
N3GD_BODY id=2 off=520 00000000000000000000000000000000
N3GD_BODY id=2 off=530 00000000000000000000000000000000
N3GD_BODY id=2 off=540 00000000000000000000000000000000
N3GD_BODY id=2 off=550 00000000000000000000000000000000
N3GD_BODY id=2 off=560 00000000000000000000000000000000
N3GD_BODY id=2 off=570 00000000000000000000000000000000
N3GD_BODY id=2 off=580 00000000000000000000000000000000
N3GD_BODY id=2 off=590 00000000000000000000000000000000
N3GD_BODY id=2 off=5a0 00000000000000000000000000000000
N3GD_BODY id=2 off=5b0 00000000000000000000000000000000
N3GD_BODY id=2 off=5c0 00000000000000000000000000000000
N3GD_BODY id=2 off=5d0 00000000000000000000000000000000
N3GD_BODY id=2 off=5e0 00000000000000000000000000000000
N3GD_BODY id=2 off=5f0 00000000000000000000000000000000
N3GD_BODY id=2 off=600 00000000000000000000000000000000
N3GD_BODY id=2 off=610 00000000000000000000000000000000
N3GD_BODY id=2 off=620 00000000000000000000000000000000
N3GD_BODY id=2 off=630 00000000000000000000000000000000
N3GD_BODY id=2 off=640 00000000000000000000000000000000
N3GD_BODY id=2 off=650 00000000000000000000000000000000
N3GD_BODY id=2 off=660 00000000000000000000000000000000
N3GD_BODY id=2 off=670 00000000000000000000000000000000
N3GD_BODY id=2 off=680 00000000000000000000000000000000
N3GD_BODY id=2 off=690 00000000000000000000000000000000
N3GD_BODY id=2 off=6a0 00000000000000000000000000000000
N3GD_BODY id=2 off=6b0 00000000000000000000000000000000
N3GD_BODY id=2 off=6c0 00000000000000000000000000000000
N3GD_BODY id=2 off=6d0 00000000000000000000000000000000
N3GD_BODY id=2 off=6e0 00000000000000000000000000000000
N3GD_BODY id=2 off=6f0 00000000000000000000000000000000
N3GD_BODY id=2 off=700 00000000000000000000000000000000
N3GD_BODY id=2 off=710 00000000000000000000000000000000
N3GD_BODY id=2 off=720 00000000000000000000000000000000
N3GD_BODY id=2 off=730 00000000000000000000000000000000
N3GD_BODY id=2 off=740 00000000000000000000000000000000
N3GD_BODY id=2 off=750 00000000000000000000000000000000
N3GD_BODY id=2 off=760 00000000000000000000000000000000
N3GD_BODY id=2 off=770 00000000000000000000000000000000
N3GD_BODY id=2 off=780 00000000000000000000000000000000
N3GD_BODY id=2 off=790 00000000000000000000000000000000
N3GD_BODY id=2 off=7a0 00000000000000000000000000000000
N3GD_BODY id=2 off=7b0 00000000000000000000000000000000
N3GD_BODY id=2 off=7c0 00000000000000000000000000000000
N3GD_BODY id=2 off=7d0 00000000000000000000000000000000
N3GD_BODY id=2 off=7e0 00000000000000000000000000000000
N3GD_BODY id=2 off=7f0 00000000000000000000000000000000
N3GD_OOB id=2 off=000 000000004dde0000ff40ffffe5ab0678
N3GD_OOB id=2 off=010 0a52efac2207c7a2053adbc8606282c5
N3GD_OOB id=2 off=020 374bcde4a25178a6eb7e94b8b7fa1e2e
N3GD_OOB id=2 off=030 eddbaafff14d9b9ea7ce563d3b3c79fe
N3GD_END id=2
N3GD_BEGIN id=3 kind=cand j=61 v=0384 po=286 sl=4294967295 l0=00009C02 tgt=0000A07E bank=2 pb=1325 pp=71 phy=169671 rc=0 t=40 l=00000000
N3GD_BODY id=3 off=000 00000000000000000000000000000000
N3GD_BODY id=3 off=010 00000000000000000000000000000000
N3GD_BODY id=3 off=020 00000000000000000000000000000000
N3GD_BODY id=3 off=030 00000000000000000000000000000000
N3GD_BODY id=3 off=040 00000000000000000000000000000000
N3GD_BODY id=3 off=050 00000000000000000000000000000000
N3GD_BODY id=3 off=060 00000000000000000000000000000000
N3GD_BODY id=3 off=070 00000000000000000000000000000000
N3GD_BODY id=3 off=080 00000000000000000000000000000000
N3GD_BODY id=3 off=090 00000000000000000000000000000000
N3GD_BODY id=3 off=0a0 00000000000000000000000000000000
N3GD_BODY id=3 off=0b0 00000000000000000000000000000000
N3GD_BODY id=3 off=0c0 00000000000000000000000000000000
N3GD_BODY id=3 off=0d0 00000000000000000000000000000000
N3GD_BODY id=3 off=0e0 00000000000000000000000000000000
N3GD_BODY id=3 off=0f0 00000000000000000000000000000000
N3GD_BODY id=3 off=100 00000000000000000000000000000000
N3GD_BODY id=3 off=110 00000000000000000000000000000000
N3GD_BODY id=3 off=120 00000000000000000000000000000000
N3GD_BODY id=3 off=130 00000000000000000000000000000000
N3GD_BODY id=3 off=140 00000000000000000000000000000000
N3GD_BODY id=3 off=150 00000000000000000000000000000000
N3GD_BODY id=3 off=160 00000000000000000000000000000000
N3GD_BODY id=3 off=170 00000000000000000000000000000000
N3GD_BODY id=3 off=180 00000000000000000000000000000000
N3GD_BODY id=3 off=190 00000000000000000000000000000000
N3GD_BODY id=3 off=1a0 00000000000000000000000000000000
N3GD_BODY id=3 off=1b0 00000000000000000000000000000000
N3GD_BODY id=3 off=1c0 00000000000000000000000000000000
N3GD_BODY id=3 off=1d0 00000000000000000000000000000000
N3GD_BODY id=3 off=1e0 00000000000000000000000000000000
N3GD_BODY id=3 off=1f0 00000000000000000000000000000000
N3GD_BODY id=3 off=200 00000000000000000000000000000000
N3GD_BODY id=3 off=210 00000000000000000000000000000000
N3GD_BODY id=3 off=220 00000000000000000000000000000000
N3GD_BODY id=3 off=230 00000000000000000000000000000000
N3GD_BODY id=3 off=240 00000000000000000000000000000000
N3GD_BODY id=3 off=250 00000000000000000000000000000000
N3GD_BODY id=3 off=260 00000000000000000000000000000000
N3GD_BODY id=3 off=270 00000000000000000000000000000000
N3GD_BODY id=3 off=280 00000000000000000000000000000000
N3GD_BODY id=3 off=290 00000000000000000000000000000000
N3GD_BODY id=3 off=2a0 00000000000000000000000000000000
N3GD_BODY id=3 off=2b0 00000000000000000000000000000000
N3GD_BODY id=3 off=2c0 00000000000000000000000000000000
N3GD_BODY id=3 off=2d0 00000000000000000000000000000000
N3GD_BODY id=3 off=2e0 00000000000000000000000000000000
N3GD_BODY id=3 off=2f0 00000000000000000000000000000000
N3GD_BODY id=3 off=300 00000000000000000000000000000000
N3GD_BODY id=3 off=310 00000000000000000000000000000000
N3GD_BODY id=3 off=320 00000000000000000000000000000000
N3GD_BODY id=3 off=330 00000000000000000000000000000000
N3GD_BODY id=3 off=340 00000000000000000000000000000000
N3GD_BODY id=3 off=350 00000000000000000000000000000000
N3GD_BODY id=3 off=360 00000000000000000000000000000000
N3GD_BODY id=3 off=370 00000000000000000000000000000000
N3GD_BODY id=3 off=380 00000000000000000000000000000000
N3GD_BODY id=3 off=390 00000000000000000000000000000000
N3GD_BODY id=3 off=3a0 00000000000000000000000000000000
N3GD_BODY id=3 off=3b0 00000000000000000000000000000000
N3GD_BODY id=3 off=3c0 00000000000000000000000000000000
N3GD_BODY id=3 off=3d0 00000000000000000000000000000000
N3GD_BODY id=3 off=3e0 00000000000000000000000000000000
N3GD_BODY id=3 off=3f0 00000000000000000000000000000000
N3GD_BODY id=3 off=400 00000000000000000000000000000000
N3GD_BODY id=3 off=410 00000000000000000000000000000000
N3GD_BODY id=3 off=420 00000000000000000000000000000000
N3GD_BODY id=3 off=430 00000000000000000000000000000000
N3GD_BODY id=3 off=440 00000000000000000000000000000000
N3GD_BODY id=3 off=450 00000000000000000000000000000000
N3GD_BODY id=3 off=460 00000000000000000000000000000000
N3GD_BODY id=3 off=470 00000000000000000000000000000000
N3GD_BODY id=3 off=480 00000000000000000000000000000000
N3GD_BODY id=3 off=490 00000000000000000000000000000000
N3GD_BODY id=3 off=4a0 00000000000000000000000000000000
N3GD_BODY id=3 off=4b0 00000000000000000000000000000000
N3GD_BODY id=3 off=4c0 00000000000000000000000000000000
N3GD_BODY id=3 off=4d0 00000000000000000000000000000000
N3GD_BODY id=3 off=4e0 00000000000000000000000000000000
N3GD_BODY id=3 off=4f0 00000000000000000000000000000000
N3GD_BODY id=3 off=500 00000000000000000000000000000000
N3GD_BODY id=3 off=510 00000000000000000000000000000000
N3GD_BODY id=3 off=520 00000000000000000000000000000000
N3GD_BODY id=3 off=530 00000000000000000000000000000000
N3GD_BODY id=3 off=540 00000000000000000000000000000000
N3GD_BODY id=3 off=550 00000000000000000000000000000000
N3GD_BODY id=3 off=560 00000000000000000000000000000000
N3GD_BODY id=3 off=570 00000000000000000000000000000000
N3GD_BODY id=3 off=580 00000000000000000000000000000000
N3GD_BODY id=3 off=590 00000000000000000000000000000000
N3GD_BODY id=3 off=5a0 00000000000000000000000000000000
N3GD_BODY id=3 off=5b0 00000000000000000000000000000000
N3GD_BODY id=3 off=5c0 00000000000000000000000000000000
N3GD_BODY id=3 off=5d0 00000000000000000000000000000000
N3GD_BODY id=3 off=5e0 00000000000000000000000000000000
N3GD_BODY id=3 off=5f0 00000000000000000000000000000000
N3GD_BODY id=3 off=600 00000000000000000000000000000000
N3GD_BODY id=3 off=610 00000000000000000000000000000000
N3GD_BODY id=3 off=620 00000000000000000000000000000000
N3GD_BODY id=3 off=630 00000000000000000000000000000000
N3GD_BODY id=3 off=640 00000000000000000000000000000000
N3GD_BODY id=3 off=650 00000000000000000000000000000000
N3GD_BODY id=3 off=660 00000000000000000000000000000000
N3GD_BODY id=3 off=670 00000000000000000000000000000000
N3GD_BODY id=3 off=680 00000000000000000000000000000000
N3GD_BODY id=3 off=690 00000000000000000000000000000000
N3GD_BODY id=3 off=6a0 00000000000000000000000000000000
N3GD_BODY id=3 off=6b0 00000000000000000000000000000000
N3GD_BODY id=3 off=6c0 00000000000000000000000000000000
N3GD_BODY id=3 off=6d0 00000000000000000000000000000000
N3GD_BODY id=3 off=6e0 00000000000000000000000000000000
N3GD_BODY id=3 off=6f0 00000000000000000000000000000000
N3GD_BODY id=3 off=700 00000000000000000000000000000000
N3GD_BODY id=3 off=710 00000000000000000000000000000000
N3GD_BODY id=3 off=720 00000000000000000000000000000000
N3GD_BODY id=3 off=730 00000000000000000000000000000000
N3GD_BODY id=3 off=740 00000000000000000000000000000000
N3GD_BODY id=3 off=750 00000000000000000000000000000000
N3GD_BODY id=3 off=760 00000000000000000000000000000000
N3GD_BODY id=3 off=770 00000000000000000000000000000000
N3GD_BODY id=3 off=780 00000000000000000000000000000000
N3GD_BODY id=3 off=790 00000000000000000000000000000000
N3GD_BODY id=3 off=7a0 00000000000000000000000000000000
N3GD_BODY id=3 off=7b0 00000000000000000000000000000000
N3GD_BODY id=3 off=7c0 00000000000000000000000000000000
N3GD_BODY id=3 off=7d0 00000000000000000000000000000000
N3GD_BODY id=3 off=7e0 00000000000000000000000000000000
N3GD_BODY id=3 off=7f0 00000000000000000000000000000000
N3GD_OOB id=3 off=000 000000000000000000000000e5ab0678
N3GD_OOB id=3 off=010 0a52efac2207c7a2053adbc8606282c5
N3GD_OOB id=3 off=020 374bcde4a25178a6eb7e94b8b7fa1e2e
N3GD_OOB id=3 off=030 eddbaafff14d9b9ea7ce563d3b3c79fe
N3GD_END id=3
N3GD_BEGIN id=4 kind=cand j=61 v=0384 po=287 sl=0 l0=00009C02 tgt=0000A07E bank=3 pb=1325 pp=71 phy=169671 rc=0 t=40 l=00000000
N3GD_BODY id=4 off=000 00000000000000000000000000000000
N3GD_BODY id=4 off=010 00000000000000000000000000000000
N3GD_BODY id=4 off=020 00000000000000000000000000000000
N3GD_BODY id=4 off=030 00000000000000000000000000000000
N3GD_BODY id=4 off=040 00000000000000000000000000000000
N3GD_BODY id=4 off=050 00000000000000000000000000000000
N3GD_BODY id=4 off=060 00000000000000000000000000000000
N3GD_BODY id=4 off=070 00000000000000000000000000000000
N3GD_BODY id=4 off=080 00000000000000000000000000000000
N3GD_BODY id=4 off=090 00000000000000000000000000000000
N3GD_BODY id=4 off=0a0 00000000000000000000000000000000
N3GD_BODY id=4 off=0b0 00000000000000000000000000000000
N3GD_BODY id=4 off=0c0 00000000000000000000000000000000
N3GD_BODY id=4 off=0d0 00000000000000000000000000000000
N3GD_BODY id=4 off=0e0 00000000000000000000000000000000
N3GD_BODY id=4 off=0f0 00000000000000000000000000000000
N3GD_BODY id=4 off=100 00000000000000000000000000000000
N3GD_BODY id=4 off=110 00000000000000000000000000000000
N3GD_BODY id=4 off=120 00000000000000000000000000000000
N3GD_BODY id=4 off=130 00000000000000000000000000000000
N3GD_BODY id=4 off=140 00000000000000000000000000000000
N3GD_BODY id=4 off=150 00000000000000000000000000000000
N3GD_BODY id=4 off=160 00000000000000000000000000000000
N3GD_BODY id=4 off=170 00000000000000000000000000000000
N3GD_BODY id=4 off=180 00000000000000000000000000000000
N3GD_BODY id=4 off=190 00000000000000000000000000000000
N3GD_BODY id=4 off=1a0 00000000000000000000000000000000
N3GD_BODY id=4 off=1b0 00000000000000000000000000000000
N3GD_BODY id=4 off=1c0 00000000000000000000000000000000
N3GD_BODY id=4 off=1d0 00000000000000000000000000000000
N3GD_BODY id=4 off=1e0 00000000000000000000000000000000
N3GD_BODY id=4 off=1f0 00000000000000000000000000000000
N3GD_BODY id=4 off=200 00000000000000000000000000000000
N3GD_BODY id=4 off=210 00000000000000000000000000000000
N3GD_BODY id=4 off=220 00000000000000000000000000000000
N3GD_BODY id=4 off=230 00000000000000000000000000000000
N3GD_BODY id=4 off=240 00000000000000000000000000000000
N3GD_BODY id=4 off=250 00000000000000000000000000000000
N3GD_BODY id=4 off=260 00000000000000000000000000000000
N3GD_BODY id=4 off=270 00000000000000000000000000000000
N3GD_BODY id=4 off=280 00000000000000000000000000000000
N3GD_BODY id=4 off=290 00000000000000000000000000000000
N3GD_BODY id=4 off=2a0 00000000000000000000000000000000
N3GD_BODY id=4 off=2b0 00000000000000000000000000000000
N3GD_BODY id=4 off=2c0 00000000000000000000000000000000
N3GD_BODY id=4 off=2d0 00000000000000000000000000000000
N3GD_BODY id=4 off=2e0 00000000000000000000000000000000
N3GD_BODY id=4 off=2f0 00000000000000000000000000000000
N3GD_BODY id=4 off=300 00000000000000000000000000000000
N3GD_BODY id=4 off=310 00000000000000000000000000000000
N3GD_BODY id=4 off=320 00000000000000000000000000000000
N3GD_BODY id=4 off=330 00000000000000000000000000000000
N3GD_BODY id=4 off=340 00000000000000000000000000000000
N3GD_BODY id=4 off=350 00000000000000000000000000000000
N3GD_BODY id=4 off=360 00000000000000000000000000000000
N3GD_BODY id=4 off=370 00000000000000000000000000000000
N3GD_BODY id=4 off=380 00000000000000000000000000000000
N3GD_BODY id=4 off=390 00000000000000000000000000000000
N3GD_BODY id=4 off=3a0 00000000000000000000000000000000
N3GD_BODY id=4 off=3b0 00000000000000000000000000000000
N3GD_BODY id=4 off=3c0 00000000000000000000000000000000
N3GD_BODY id=4 off=3d0 00000000000000000000000000000000
N3GD_BODY id=4 off=3e0 00000000000000000000000000000000
N3GD_BODY id=4 off=3f0 00000000000000000000000000000000
N3GD_BODY id=4 off=400 00000000000000000000000000000000
N3GD_BODY id=4 off=410 00000000000000000000000000000000
N3GD_BODY id=4 off=420 00000000000000000000000000000000
N3GD_BODY id=4 off=430 00000000000000000000000000000000
N3GD_BODY id=4 off=440 00000000000000000000000000000000
N3GD_BODY id=4 off=450 00000000000000000000000000000000
N3GD_BODY id=4 off=460 00000000000000000000000000000000
N3GD_BODY id=4 off=470 00000000000000000000000000000000
N3GD_BODY id=4 off=480 00000000000000000000000000000000
N3GD_BODY id=4 off=490 00000000000000000000000000000000
N3GD_BODY id=4 off=4a0 00000000000000000000000000000000
N3GD_BODY id=4 off=4b0 00000000000000000000000000000000
N3GD_BODY id=4 off=4c0 00000000000000000000000000000000
N3GD_BODY id=4 off=4d0 00000000000000000000000000000000
N3GD_BODY id=4 off=4e0 00000000000000000000000000000000
N3GD_BODY id=4 off=4f0 00000000000000000000000000000000
N3GD_BODY id=4 off=500 00000000000000000000000000000000
N3GD_BODY id=4 off=510 00000000000000000000000000000000
N3GD_BODY id=4 off=520 00000000000000000000000000000000
N3GD_BODY id=4 off=530 00000000000000000000000000000000
N3GD_BODY id=4 off=540 00000000000000000000000000000000
N3GD_BODY id=4 off=550 00000000000000000000000000000000
N3GD_BODY id=4 off=560 00000000000000000000000000000000
N3GD_BODY id=4 off=570 00000000000000000000000000000000
N3GD_BODY id=4 off=580 00000000000000000000000000000000
N3GD_BODY id=4 off=590 00000000000000000000000000000000
N3GD_BODY id=4 off=5a0 00000000000000000000000000000000
N3GD_BODY id=4 off=5b0 00000000000000000000000000000000
N3GD_BODY id=4 off=5c0 00000000000000000000000000000000
N3GD_BODY id=4 off=5d0 00000000000000000000000000000000
N3GD_BODY id=4 off=5e0 00000000000000000000000000000000
N3GD_BODY id=4 off=5f0 00000000000000000000000000000000
N3GD_BODY id=4 off=600 00000000000000000000000000000000
N3GD_BODY id=4 off=610 00000000000000000000000000000000
N3GD_BODY id=4 off=620 00000000000000000000000000000000
N3GD_BODY id=4 off=630 00000000000000000000000000000000
N3GD_BODY id=4 off=640 00000000000000000000000000000000
N3GD_BODY id=4 off=650 00000000000000000000000000000000
N3GD_BODY id=4 off=660 00000000000000000000000000000000
N3GD_BODY id=4 off=670 00000000000000000000000000000000
N3GD_BODY id=4 off=680 00000000000000000000000000000000
N3GD_BODY id=4 off=690 00000000000000000000000000000000
N3GD_BODY id=4 off=6a0 00000000000000000000000000000000
N3GD_BODY id=4 off=6b0 00000000000000000000000000000000
N3GD_BODY id=4 off=6c0 00000000000000000000000000000000
N3GD_BODY id=4 off=6d0 00000000000000000000000000000000
N3GD_BODY id=4 off=6e0 00000000000000000000000000000000
N3GD_BODY id=4 off=6f0 00000000000000000000000000000000
N3GD_BODY id=4 off=700 00000000000000000000000000000000
N3GD_BODY id=4 off=710 00000000000000000000000000000000
N3GD_BODY id=4 off=720 00000000000000000000000000000000
N3GD_BODY id=4 off=730 00000000000000000000000000000000
N3GD_BODY id=4 off=740 00000000000000000000000000000000
N3GD_BODY id=4 off=750 00000000000000000000000000000000
N3GD_BODY id=4 off=760 00000000000000000000000000000000
N3GD_BODY id=4 off=770 00000000000000000000000000000000
N3GD_BODY id=4 off=780 00000000000000000000000000000000
N3GD_BODY id=4 off=790 00000000000000000000000000000000
N3GD_BODY id=4 off=7a0 00000000000000000000000000000000
N3GD_BODY id=4 off=7b0 00000000000000000000000000000000
N3GD_BODY id=4 off=7c0 00000000000000000000000000000000
N3GD_BODY id=4 off=7d0 00000000000000000000000000000000
N3GD_BODY id=4 off=7e0 00000000000000000000000000000000
N3GD_BODY id=4 off=7f0 00000000000000000000000000000000
N3GD_OOB id=4 off=000 000000000000000000000000e5ab0678
N3GD_OOB id=4 off=010 0a52efac2207c7a2053adbc8606282c5
N3GD_OOB id=4 off=020 374bcde4a25178a6eb7e94b8b7fa1e2e
N3GD_OOB id=4 off=030 eddbaafff14d9b9ea7ce563d3b3c79fe
N3GD_END id=4
N3GD_BEGIN id=5 kind=cand j=61 v=0384 po=288 sl=4294967295 l0=00009C02 tgt=0000A07E bank=0 pb=1325 pp=72 phy=169672 rc=0 t=40 l=00000000
N3GD_BODY id=5 off=000 0a2fd2e526179a409553ae569b36408c
N3GD_BODY id=5 off=010 b4dcef7f3d17d5d4a69bf6c5fa5715ea
N3GD_BODY id=5 off=020 de659b76e9c4929d8008778d81ab423b
N3GD_BODY id=5 off=030 1c9202e8a6c5e604ed180812c5c51f34
N3GD_BODY id=5 off=040 947ac135862eb61faf3d9a6103c92016
N3GD_BODY id=5 off=050 20871eed403d64cc1952fe9654cb4b57
N3GD_BODY id=5 off=060 acc94329dc0fe359fc4e58214ac283fe
N3GD_BODY id=5 off=070 deb510a6f87bae6090cad2be9ac081c3
N3GD_BODY id=5 off=080 9c303a26493c7cb73ad3c7ec754753de
N3GD_BODY id=5 off=090 9a0b6a3c68bf25f597eb597bc07d56f6
N3GD_BODY id=5 off=0a0 b142ff83dda700dea82491488e99bed6
N3GD_BODY id=5 off=0b0 bdfbafd755b59b92e66c8bd2f4e794a0
N3GD_BODY id=5 off=0c0 1ba758462d6bffa63f7199d0d21eadc6
N3GD_BODY id=5 off=0d0 e55c7b86ea299fec677c2ff53773823c
N3GD_BODY id=5 off=0e0 25a7dd2db2f9c54b1d1567244dd38c41
N3GD_BODY id=5 off=0f0 418586db55c1107db234b367ab50afcf
N3GD_BODY id=5 off=100 002bfe44bd0192a50e99c850565965ba
N3GD_BODY id=5 off=110 47404231e176bd22706854a3fc59ec81
N3GD_BODY id=5 off=120 7f170fafc76c7bc2bbd6e9f5238adc22
N3GD_BODY id=5 off=130 d41714b392670371517482225b89fcb2
N3GD_BODY id=5 off=140 8f6e8895c6ad621af8f056c3a6aa2fcf
N3GD_BODY id=5 off=150 c0a10b07b56cb21fbc5425d62eb319cf
N3GD_BODY id=5 off=160 188094a3f10a0d3baeecbb54f4afa0cb
N3GD_BODY id=5 off=170 730589b4be841f5f8bf0c406a5b9a111
N3GD_BODY id=5 off=180 cdbf99d9e0732865d7154b188bca01e0
N3GD_BODY id=5 off=190 be547a9ed1ec9c32c6cbdc33bf0e263d
N3GD_BODY id=5 off=1a0 e9e455179cd0935098e80c1899d57036
N3GD_BODY id=5 off=1b0 d22a53dd5fa94fafaa1b525ae637ece2
N3GD_BODY id=5 off=1c0 7757e40c18c82f2d2f98aa4be80a5071
N3GD_BODY id=5 off=1d0 09b58b7a4a1a12e98fd47a02bfc17b68
N3GD_BODY id=5 off=1e0 a36175b5c7c3f9dd21398d126c0c47c8
N3GD_BODY id=5 off=1f0 2d07df43577a551fe67fb70bda53e1aa
N3GD_BODY id=5 off=200 3fd09993f9472a68db06e2c5027039c6
N3GD_BODY id=5 off=210 870b935d81adce8e019d96f966827336
N3GD_BODY id=5 off=220 2aa67c577fd943b6950b4bd1fd923667
N3GD_BODY id=5 off=230 f8976e99af695a7dd4bb7d1ba434c717
N3GD_BODY id=5 off=240 cd6c475e99b35da99b5a7657292ae927
N3GD_BODY id=5 off=250 8b0f1dfb6f07fbabf077a83a2f596e67
N3GD_BODY id=5 off=260 483ca6d74541b71d4312449792686a1d
N3GD_BODY id=5 off=270 7ead70757dc504cd992f2c21f6c3e19a
N3GD_BODY id=5 off=280 53a94b7872543e2660c2e82382f14d46
N3GD_BODY id=5 off=290 8510e3f2e71cc5ed1347623864c3c5a8
N3GD_BODY id=5 off=2a0 7e25e5e9cafec6f006898cef7bc7e8b6
N3GD_BODY id=5 off=2b0 4dc5c6433aef4f69b8a795c6331efbef
N3GD_BODY id=5 off=2c0 9d07f6b6da009fa5c075dc5493c4f3db
N3GD_BODY id=5 off=2d0 7e47abb1c1a9fa8314b956227eeba077
N3GD_BODY id=5 off=2e0 495634bd24c4f67e65f563b60b3f7e5a
N3GD_BODY id=5 off=2f0 558e04a5061522dd31197f61363ec098
N3GD_BODY id=5 off=300 f6bd2471e0f3a05ce4bf534b6527e285
N3GD_BODY id=5 off=310 9baccce271fef449b0626a2aa0419cee
N3GD_BODY id=5 off=320 f10e0d1dc869030103161e4975ff9bc8
N3GD_BODY id=5 off=330 91d8365e994e5dca029001afa3521fa2
N3GD_BODY id=5 off=340 b76940e41186f1e2aa5a7e0059a544da
N3GD_BODY id=5 off=350 fd270f4f22b5f51f5a54d5f6b8f8375d
N3GD_BODY id=5 off=360 5cad6b688fced2a84ac705332bacedb5
N3GD_BODY id=5 off=370 71fa73c53f90efe9ddec3a7958582499
N3GD_BODY id=5 off=380 a77e6fab9a6380a0fa94ccb8bd0030bf
N3GD_BODY id=5 off=390 5292c68b3887c252287f82d2af9e875f
N3GD_BODY id=5 off=3a0 a05df92d411c2ce94376830c1ff01e00
N3GD_BODY id=5 off=3b0 812ad70e935dbedf8730d029361bd0e7
N3GD_BODY id=5 off=3c0 775fcf3f053cf01a330dffbc3da55666
N3GD_BODY id=5 off=3d0 b816233cc68e69035ed4b3e0ef078d61
N3GD_BODY id=5 off=3e0 924da76e7c50a31738766949dc96294a
N3GD_BODY id=5 off=3f0 402e86a69fb7e94887548345dc7accab
N3GD_BODY id=5 off=400 2a424a7488020301cb9aa56438254b64
N3GD_BODY id=5 off=410 c12cb946a1b0eea523db9521d77f0cab
N3GD_BODY id=5 off=420 5e591755c38ef4ff6c4e8280d1690597
N3GD_BODY id=5 off=430 3289eb90c80d1b92844ecd286ed83a30
N3GD_BODY id=5 off=440 7c30a224e8e71f45535643f6d97040a7
N3GD_BODY id=5 off=450 4ed20d503d976e773794d7e74f7c8146
N3GD_BODY id=5 off=460 655534399b7efe548024de8e21e0ca0b
N3GD_BODY id=5 off=470 b58851dd1ba59db6af11b4e9d7ea437a
N3GD_BODY id=5 off=480 0060c712053065e5dbe96516dbd97bf1
N3GD_BODY id=5 off=490 16465ddc38b91ad49a121b04e6a7dcd8
N3GD_BODY id=5 off=4a0 40968d46881745521d9a550bc0bf4fad
N3GD_BODY id=5 off=4b0 818ea89dde5c7d4c0d0e74ce5bd3bd3b
N3GD_BODY id=5 off=4c0 1a8112f2d7972a0ed9e0ce0947aa0e59
N3GD_BODY id=5 off=4d0 be164b5ff4cbe48337c6a56118985ea5
N3GD_BODY id=5 off=4e0 805b9113752c48aef621e7d5a63d69e0
N3GD_BODY id=5 off=4f0 7d8ad5ebd1ae1689b2a219bf2ff1f612
N3GD_BODY id=5 off=500 c44e654c7de202da047e0a9d3fc71db2
N3GD_BODY id=5 off=510 a99ed798a24fc35f583427be947da14d
N3GD_BODY id=5 off=520 1cda04bf598c800495b97a39bbd01d76
N3GD_BODY id=5 off=530 7081ec66122129d1af21be53cb5cf1b6
N3GD_BODY id=5 off=540 e7c1a409907d831b80e7f398181d82c1
N3GD_BODY id=5 off=550 0517c20165f3768cd6377a0c9fba3cfc
N3GD_BODY id=5 off=560 c06209c4d5c92639222c202132ab850c
N3GD_BODY id=5 off=570 2295593b30c5f14947a858cccd0b2182
N3GD_BODY id=5 off=580 bdd09770adb8593fd8c6ea23ddaec6e1
N3GD_BODY id=5 off=590 bf11a67500c8305d16baaf3eb37a9e05
N3GD_BODY id=5 off=5a0 f23a56a04a39d9604b572603c5df0614
N3GD_BODY id=5 off=5b0 d4245e668b6b264be8323cb7d13dbf6a
N3GD_BODY id=5 off=5c0 aa94a04e4969eef6f97b4e57f142df67
N3GD_BODY id=5 off=5d0 d335a2e779e8c72597aff55975e144e1
N3GD_BODY id=5 off=5e0 fc47514887e046af8ce7e56af41b2b50
N3GD_BODY id=5 off=5f0 02a7656c0fe67a89ea118cc2bf1d16dd
N3GD_BODY id=5 off=600 fe84b61b973fb8b3070b26e9f18dd8af
N3GD_BODY id=5 off=610 913328a8c42eab381afe2c4af9c5a119
N3GD_BODY id=5 off=620 0ddac2074977aac62e497ce86598b2be
N3GD_BODY id=5 off=630 43321167b934e22e207cd857e55780f8
N3GD_BODY id=5 off=640 120372af842856abc2dcace63fe120b6
N3GD_BODY id=5 off=650 24559d0e578131f24050bfbf6c71d5b8
N3GD_BODY id=5 off=660 71660595fcb4daf6f728197ffde376bf
N3GD_BODY id=5 off=670 9f27919fa8e7d33d374c1846bf9c5488
N3GD_BODY id=5 off=680 4f9bcb033d99528de2606283dd8c8cf7
N3GD_BODY id=5 off=690 b0637562dabb5d6844b8baa1d2fe5c7f
N3GD_BODY id=5 off=6a0 83c97a2835658f0d7649737279f216fa
N3GD_BODY id=5 off=6b0 bc40bd03138f641e36e854a52cc9913a
N3GD_BODY id=5 off=6c0 d5ed0bef298865e3d35067673eda1aff
N3GD_BODY id=5 off=6d0 e160c4b09b4011adaf3b20a94e8385ac
N3GD_BODY id=5 off=6e0 2c1a92ad3d5e2cbb7187dad1976305d1
N3GD_BODY id=5 off=6f0 f8ac01cbcc9096fe39da0d58eb0ac008
N3GD_BODY id=5 off=700 23cdef66ea4a64dbd87b9a98ba19934b
N3GD_BODY id=5 off=710 35cd659d22489dd04a9c79a1fcaa6a51
N3GD_BODY id=5 off=720 638487c6972adc1dca6f08ae4dba10f4
N3GD_BODY id=5 off=730 bc3f56f3bb6db32295a6031f6b9b07e2
N3GD_BODY id=5 off=740 fb87995a2ad74e12ce56bfdec9632cc2
N3GD_BODY id=5 off=750 a3d1f670803f3f159b41ffd007ee6d3e
N3GD_BODY id=5 off=760 721ffa590b1e616b5203f81c0e75740f
N3GD_BODY id=5 off=770 2094f61e633026db81a110f2a90c8372
N3GD_BODY id=5 off=780 f6337ad65078c32f9e40f4ecfa2c3b46
N3GD_BODY id=5 off=790 3de429b3dd82949e318747a7d480a666
N3GD_BODY id=5 off=7a0 6b61393c76506d55cb8434b7d463a852
N3GD_BODY id=5 off=7b0 39a97861b60458ebfe9dd59cfb8ef9a6
N3GD_BODY id=5 off=7c0 6f65953fc4a075572c87f45d4f5b8565
N3GD_BODY id=5 off=7d0 4016ade08044d57a495781988d5b4c23
N3GD_BODY id=5 off=7e0 3dd9e05f765da5f236d6222c2af0acc0
N3GD_BODY id=5 off=7f0 5663eaf2c07f6a2dfc0c3d31f89ec963
N3GD_OOB id=5 off=000 429e00003cde0000ff40ffffe5ab0678
N3GD_OOB id=5 off=010 0a52efac2207c7a2053adbc8606282c5
N3GD_OOB id=5 off=020 374bcde4a25178a6eb7e94b8b7fa1e2e
N3GD_OOB id=5 off=030 eddbaafff14d9b9ea7ce563d3b3c79fe
N3GD_END id=5
N3GD_BEGIN id=6 kind=cand j=462 v=0383 po=286 sl=4294967295 l0=00009C00 tgt=0000A07E bank=2 pb=1324 pp=71 phy=169543 rc=0 t=40 l=00000000
N3GD_BODY id=6 off=000 00000000000000000000000000000000
N3GD_BODY id=6 off=010 00000000000000000000000000000000
N3GD_BODY id=6 off=020 00000000000000000000000000000000
N3GD_BODY id=6 off=030 00000000000000000000000000000000
N3GD_BODY id=6 off=040 00000000000000000000000000000000
N3GD_BODY id=6 off=050 00000000000000000000000000000000
N3GD_BODY id=6 off=060 00000000000000000000000000000000
N3GD_BODY id=6 off=070 00000000000000000000000000000000
N3GD_BODY id=6 off=080 00000000000000000000000000000000
N3GD_BODY id=6 off=090 00000000000000000000000000000000
N3GD_BODY id=6 off=0a0 00000000000000000000000000000000
N3GD_BODY id=6 off=0b0 00000000000000000000000000000000
N3GD_BODY id=6 off=0c0 00000000000000000000000000000000
N3GD_BODY id=6 off=0d0 00000000000000000000000000000000
N3GD_BODY id=6 off=0e0 00000000000000000000000000000000
N3GD_BODY id=6 off=0f0 00000000000000000000000000000000
N3GD_BODY id=6 off=100 00000000000000000000000000000000
N3GD_BODY id=6 off=110 00000000000000000000000000000000
N3GD_BODY id=6 off=120 00000000000000000000000000000000
N3GD_BODY id=6 off=130 00000000000000000000000000000000
N3GD_BODY id=6 off=140 00000000000000000000000000000000
N3GD_BODY id=6 off=150 00000000000000000000000000000000
N3GD_BODY id=6 off=160 00000000000000000000000000000000
N3GD_BODY id=6 off=170 00000000000000000000000000000000
N3GD_BODY id=6 off=180 00000000000000000000000000000000
N3GD_BODY id=6 off=190 00000000000000000000000000000000
N3GD_BODY id=6 off=1a0 00000000000000000000000000000000
N3GD_BODY id=6 off=1b0 00000000000000000000000000000000
N3GD_BODY id=6 off=1c0 00000000000000000000000000000000
N3GD_BODY id=6 off=1d0 00000000000000000000000000000000
N3GD_BODY id=6 off=1e0 00000000000000000000000000000000
N3GD_BODY id=6 off=1f0 00000000000000000000000000000000
N3GD_BODY id=6 off=200 00000000000000000000000000000000
N3GD_BODY id=6 off=210 00000000000000000000000000000000
N3GD_BODY id=6 off=220 00000000000000000000000000000000
N3GD_BODY id=6 off=230 00000000000000000000000000000000
N3GD_BODY id=6 off=240 00000000000000000000000000000000
N3GD_BODY id=6 off=250 00000000000000000000000000000000
N3GD_BODY id=6 off=260 00000000000000000000000000000000
N3GD_BODY id=6 off=270 00000000000000000000000000000000
N3GD_BODY id=6 off=280 00000000000000000000000000000000
N3GD_BODY id=6 off=290 00000000000000000000000000000000
N3GD_BODY id=6 off=2a0 00000000000000000000000000000000
N3GD_BODY id=6 off=2b0 00000000000000000000000000000000
N3GD_BODY id=6 off=2c0 00000000000000000000000000000000
N3GD_BODY id=6 off=2d0 00000000000000000000000000000000
N3GD_BODY id=6 off=2e0 00000000000000000000000000000000
N3GD_BODY id=6 off=2f0 00000000000000000000000000000000
N3GD_BODY id=6 off=300 00000000000000000000000000000000
N3GD_BODY id=6 off=310 00000000000000000000000000000000
N3GD_BODY id=6 off=320 00000000000000000000000000000000
N3GD_BODY id=6 off=330 00000000000000000000000000000000
N3GD_BODY id=6 off=340 00000000000000000000000000000000
N3GD_BODY id=6 off=350 00000000000000000000000000000000
N3GD_BODY id=6 off=360 00000000000000000000000000000000
N3GD_BODY id=6 off=370 00000000000000000000000000000000
N3GD_BODY id=6 off=380 00000000000000000000000000000000
N3GD_BODY id=6 off=390 00000000000000000000000000000000
N3GD_BODY id=6 off=3a0 00000000000000000000000000000000
N3GD_BODY id=6 off=3b0 00000000000000000000000000000000
N3GD_BODY id=6 off=3c0 00000000000000000000000000000000
N3GD_BODY id=6 off=3d0 00000000000000000000000000000000
N3GD_BODY id=6 off=3e0 00000000000000000000000000000000
N3GD_BODY id=6 off=3f0 00000000000000000000000000000000
N3GD_BODY id=6 off=400 00000000000000000000000000000000
N3GD_BODY id=6 off=410 00000000000000000000000000000000
N3GD_BODY id=6 off=420 00000000000000000000000000000000
N3GD_BODY id=6 off=430 00000000000000000000000000000000
N3GD_BODY id=6 off=440 00000000000000000000000000000000
N3GD_BODY id=6 off=450 00000000000000000000000000000000
N3GD_BODY id=6 off=460 00000000000000000000000000000000
N3GD_BODY id=6 off=470 00000000000000000000000000000000
N3GD_BODY id=6 off=480 00000000000000000000000000000000
N3GD_BODY id=6 off=490 00000000000000000000000000000000
N3GD_BODY id=6 off=4a0 00000000000000000000000000000000
N3GD_BODY id=6 off=4b0 00000000000000000000000000000000
N3GD_BODY id=6 off=4c0 00000000000000000000000000000000
N3GD_BODY id=6 off=4d0 00000000000000000000000000000000
N3GD_BODY id=6 off=4e0 00000000000000000000000000000000
N3GD_BODY id=6 off=4f0 00000000000000000000000000000000
N3GD_BODY id=6 off=500 00000000000000000000000000000000
N3GD_BODY id=6 off=510 00000000000000000000000000000000
N3GD_BODY id=6 off=520 00000000000000000000000000000000
N3GD_BODY id=6 off=530 00000000000000000000000000000000
N3GD_BODY id=6 off=540 00000000000000000000000000000000
N3GD_BODY id=6 off=550 00000000000000000000000000000000
N3GD_BODY id=6 off=560 00000000000000000000000000000000
N3GD_BODY id=6 off=570 00000000000000000000000000000000
N3GD_BODY id=6 off=580 00000000000000000000000000000000
N3GD_BODY id=6 off=590 00000000000000000000000000000000
N3GD_BODY id=6 off=5a0 00000000000000000000000000000000
N3GD_BODY id=6 off=5b0 00000000000000000000000000000000
N3GD_BODY id=6 off=5c0 00000000000000000000000000000000
N3GD_BODY id=6 off=5d0 00000000000000000000000000000000
N3GD_BODY id=6 off=5e0 00000000000000000000000000000000
N3GD_BODY id=6 off=5f0 00000000000000000000000000000000
N3GD_BODY id=6 off=600 00000000000000000000000000000000
N3GD_BODY id=6 off=610 00000000000000000000000000000000
N3GD_BODY id=6 off=620 00000000000000000000000000000000
N3GD_BODY id=6 off=630 00000000000000000000000000000000
N3GD_BODY id=6 off=640 00000000000000000000000000000000
N3GD_BODY id=6 off=650 00000000000000000000000000000000
N3GD_BODY id=6 off=660 00000000000000000000000000000000
N3GD_BODY id=6 off=670 00000000000000000000000000000000
N3GD_BODY id=6 off=680 00000000000000000000000000000000
N3GD_BODY id=6 off=690 00000000000000000000000000000000
N3GD_BODY id=6 off=6a0 00000000000000000000000000000000
N3GD_BODY id=6 off=6b0 00000000000000000000000000000000
N3GD_BODY id=6 off=6c0 00000000000000000000000000000000
N3GD_BODY id=6 off=6d0 00000000000000000000000000000000
N3GD_BODY id=6 off=6e0 00000000000000000000000000000000
N3GD_BODY id=6 off=6f0 00000000000000000000000000000000
N3GD_BODY id=6 off=700 00000000000000000000000000000000
N3GD_BODY id=6 off=710 00000000000000000000000000000000
N3GD_BODY id=6 off=720 00000000000000000000000000000000
N3GD_BODY id=6 off=730 00000000000000000000000000000000
N3GD_BODY id=6 off=740 00000000000000000000000000000000
N3GD_BODY id=6 off=750 00000000000000000000000000000000
N3GD_BODY id=6 off=760 00000000000000000000000000000000
N3GD_BODY id=6 off=770 00000000000000000000000000000000
N3GD_BODY id=6 off=780 00000000000000000000000000000000
N3GD_BODY id=6 off=790 00000000000000000000000000000000
N3GD_BODY id=6 off=7a0 00000000000000000000000000000000
N3GD_BODY id=6 off=7b0 00000000000000000000000000000000
N3GD_BODY id=6 off=7c0 00000000000000000000000000000000
N3GD_BODY id=6 off=7d0 00000000000000000000000000000000
N3GD_BODY id=6 off=7e0 00000000000000000000000000000000
N3GD_BODY id=6 off=7f0 00000000000000000000000000000000
N3GD_OOB id=6 off=000 000000000000000000000000e5ab0678
N3GD_OOB id=6 off=010 0a52efac2207c7a2053adbc8606282c5
N3GD_OOB id=6 off=020 374bcde4a25178a6eb7e94b8b7fa1e2e
N3GD_OOB id=6 off=030 eddbaafff14d9b9ea7ce563d3b3c79fe
N3GD_END id=6
N3GD_BEGIN id=7 kind=cand j=462 v=0383 po=287 sl=2 l0=00009C00 tgt=0000A07E bank=3 pb=1324 pp=71 phy=169543 rc=0 t=40 l=00000000
N3GD_BODY id=7 off=000 00000000000000000000000000000000
N3GD_BODY id=7 off=010 00000000000000000000000000000000
N3GD_BODY id=7 off=020 00000000000000000000000000000000
N3GD_BODY id=7 off=030 00000000000000000000000000000000
N3GD_BODY id=7 off=040 00000000000000000000000000000000
N3GD_BODY id=7 off=050 00000000000000000000000000000000
N3GD_BODY id=7 off=060 00000000000000000000000000000000
N3GD_BODY id=7 off=070 00000000000000000000000000000000
N3GD_BODY id=7 off=080 00000000000000000000000000000000
N3GD_BODY id=7 off=090 00000000000000000000000000000000
N3GD_BODY id=7 off=0a0 00000000000000000000000000000000
N3GD_BODY id=7 off=0b0 00000000000000000000000000000000
N3GD_BODY id=7 off=0c0 00000000000000000000000000000000
N3GD_BODY id=7 off=0d0 00000000000000000000000000000000
N3GD_BODY id=7 off=0e0 00000000000000000000000000000000
N3GD_BODY id=7 off=0f0 00000000000000000000000000000000
N3GD_BODY id=7 off=100 00000000000000000000000000000000
N3GD_BODY id=7 off=110 00000000000000000000000000000000
N3GD_BODY id=7 off=120 00000000000000000000000000000000
N3GD_BODY id=7 off=130 00000000000000000000000000000000
N3GD_BODY id=7 off=140 00000000000000000000000000000000
N3GD_BODY id=7 off=150 00000000000000000000000000000000
N3GD_BODY id=7 off=160 00000000000000000000000000000000
N3GD_BODY id=7 off=170 00000000000000000000000000000000
N3GD_BODY id=7 off=180 00000000000000000000000000000000
N3GD_BODY id=7 off=190 00000000000000000000000000000000
N3GD_BODY id=7 off=1a0 00000000000000000000000000000000
N3GD_BODY id=7 off=1b0 00000000000000000000000000000000
N3GD_BODY id=7 off=1c0 00000000000000000000000000000000
N3GD_BODY id=7 off=1d0 00000000000000000000000000000000
N3GD_BODY id=7 off=1e0 00000000000000000000000000000000
N3GD_BODY id=7 off=1f0 00000000000000000000000000000000
N3GD_BODY id=7 off=200 00000000000000000000000000000000
N3GD_BODY id=7 off=210 00000000000000000000000000000000
N3GD_BODY id=7 off=220 00000000000000000000000000000000
N3GD_BODY id=7 off=230 00000000000000000000000000000000
N3GD_BODY id=7 off=240 00000000000000000000000000000000
N3GD_BODY id=7 off=250 00000000000000000000000000000000
N3GD_BODY id=7 off=260 00000000000000000000000000000000
N3GD_BODY id=7 off=270 00000000000000000000000000000000
N3GD_BODY id=7 off=280 00000000000000000000000000000000
N3GD_BODY id=7 off=290 00000000000000000000000000000000
N3GD_BODY id=7 off=2a0 00000000000000000000000000000000
N3GD_BODY id=7 off=2b0 00000000000000000000000000000000
N3GD_BODY id=7 off=2c0 00000000000000000000000000000000
N3GD_BODY id=7 off=2d0 00000000000000000000000000000000
N3GD_BODY id=7 off=2e0 00000000000000000000000000000000
N3GD_BODY id=7 off=2f0 00000000000000000000000000000000
N3GD_BODY id=7 off=300 00000000000000000000000000000000
N3GD_BODY id=7 off=310 00000000000000000000000000000000
N3GD_BODY id=7 off=320 00000000000000000000000000000000
N3GD_BODY id=7 off=330 00000000000000000000000000000000
N3GD_BODY id=7 off=340 00000000000000000000000000000000
N3GD_BODY id=7 off=350 00000000000000000000000000000000
N3GD_BODY id=7 off=360 00000000000000000000000000000000
N3GD_BODY id=7 off=370 00000000000000000000000000000000
N3GD_BODY id=7 off=380 00000000000000000000000000000000
N3GD_BODY id=7 off=390 00000000000000000000000000000000
N3GD_BODY id=7 off=3a0 00000000000000000000000000000000
N3GD_BODY id=7 off=3b0 00000000000000000000000000000000
N3GD_BODY id=7 off=3c0 00000000000000000000000000000000
N3GD_BODY id=7 off=3d0 00000000000000000000000000000000
N3GD_BODY id=7 off=3e0 00000000000000000000000000000000
N3GD_BODY id=7 off=3f0 00000000000000000000000000000000
N3GD_BODY id=7 off=400 00000000000000000000000000000000
N3GD_BODY id=7 off=410 00000000000000000000000000000000
N3GD_BODY id=7 off=420 00000000000000000000000000000000
N3GD_BODY id=7 off=430 00000000000000000000000000000000
N3GD_BODY id=7 off=440 00000000000000000000000000000000
N3GD_BODY id=7 off=450 00000000000000000000000000000000
N3GD_BODY id=7 off=460 00000000000000000000000000000000
N3GD_BODY id=7 off=470 00000000000000000000000000000000
N3GD_BODY id=7 off=480 00000000000000000000000000000000
N3GD_BODY id=7 off=490 00000000000000000000000000000000
N3GD_BODY id=7 off=4a0 00000000000000000000000000000000
N3GD_BODY id=7 off=4b0 00000000000000000000000000000000
N3GD_BODY id=7 off=4c0 00000000000000000000000000000000
N3GD_BODY id=7 off=4d0 00000000000000000000000000000000
N3GD_BODY id=7 off=4e0 00000000000000000000000000000000
N3GD_BODY id=7 off=4f0 00000000000000000000000000000000
N3GD_BODY id=7 off=500 00000000000000000000000000000000
N3GD_BODY id=7 off=510 00000000000000000000000000000000
N3GD_BODY id=7 off=520 00000000000000000000000000000000
N3GD_BODY id=7 off=530 00000000000000000000000000000000
N3GD_BODY id=7 off=540 00000000000000000000000000000000
N3GD_BODY id=7 off=550 00000000000000000000000000000000
N3GD_BODY id=7 off=560 00000000000000000000000000000000
N3GD_BODY id=7 off=570 00000000000000000000000000000000
N3GD_BODY id=7 off=580 00000000000000000000000000000000
N3GD_BODY id=7 off=590 00000000000000000000000000000000
N3GD_BODY id=7 off=5a0 00000000000000000000000000000000
N3GD_BODY id=7 off=5b0 00000000000000000000000000000000
N3GD_BODY id=7 off=5c0 00000000000000000000000000000000
N3GD_BODY id=7 off=5d0 00000000000000000000000000000000
N3GD_BODY id=7 off=5e0 00000000000000000000000000000000
N3GD_BODY id=7 off=5f0 00000000000000000000000000000000
N3GD_BODY id=7 off=600 00000000000000000000000000000000
N3GD_BODY id=7 off=610 00000000000000000000000000000000
N3GD_BODY id=7 off=620 00000000000000000000000000000000
N3GD_BODY id=7 off=630 00000000000000000000000000000000
N3GD_BODY id=7 off=640 00000000000000000000000000000000
N3GD_BODY id=7 off=650 00000000000000000000000000000000
N3GD_BODY id=7 off=660 00000000000000000000000000000000
N3GD_BODY id=7 off=670 00000000000000000000000000000000
N3GD_BODY id=7 off=680 00000000000000000000000000000000
N3GD_BODY id=7 off=690 00000000000000000000000000000000
N3GD_BODY id=7 off=6a0 00000000000000000000000000000000
N3GD_BODY id=7 off=6b0 00000000000000000000000000000000
N3GD_BODY id=7 off=6c0 00000000000000000000000000000000
N3GD_BODY id=7 off=6d0 00000000000000000000000000000000
N3GD_BODY id=7 off=6e0 00000000000000000000000000000000
N3GD_BODY id=7 off=6f0 00000000000000000000000000000000
N3GD_BODY id=7 off=700 00000000000000000000000000000000
N3GD_BODY id=7 off=710 00000000000000000000000000000000
N3GD_BODY id=7 off=720 00000000000000000000000000000000
N3GD_BODY id=7 off=730 00000000000000000000000000000000
N3GD_BODY id=7 off=740 00000000000000000000000000000000
N3GD_BODY id=7 off=750 00000000000000000000000000000000
N3GD_BODY id=7 off=760 00000000000000000000000000000000
N3GD_BODY id=7 off=770 00000000000000000000000000000000
N3GD_BODY id=7 off=780 00000000000000000000000000000000
N3GD_BODY id=7 off=790 00000000000000000000000000000000
N3GD_BODY id=7 off=7a0 00000000000000000000000000000000
N3GD_BODY id=7 off=7b0 00000000000000000000000000000000
N3GD_BODY id=7 off=7c0 00000000000000000000000000000000
N3GD_BODY id=7 off=7d0 00000000000000000000000000000000
N3GD_BODY id=7 off=7e0 00000000000000000000000000000000
N3GD_BODY id=7 off=7f0 00000000000000000000000000000000
N3GD_OOB id=7 off=000 000000000000000000000000e5ab0678
N3GD_OOB id=7 off=010 0a52efac2207c7a2053adbc8606282c5
N3GD_OOB id=7 off=020 374bcde4a25178a6eb7e94b8b7fa1e2e
N3GD_OOB id=7 off=030 eddbaafff14d9b9ea7ce563d3b3c79fe
N3GD_END id=7
N3GD_BEGIN id=8 kind=cand j=462 v=0383 po=288 sl=4294967295 l0=00009C00 tgt=0000A07E bank=0 pb=1324 pp=72 phy=169544 rc=0 t=40 l=00000000
N3GD_BODY id=8 off=000 538a0d7e9eb6c5d7c5010dd801f10c15
N3GD_BODY id=8 off=010 567568e80d5be125192b5b3467a257f0
N3GD_BODY id=8 off=020 92139a9a2425b232aad997e8da5910e8
N3GD_BODY id=8 off=030 383371b429c3451fcc76cc1ea97f8399
N3GD_BODY id=8 off=040 3ba227c3669c221f191e10de7f9e8c6b
N3GD_BODY id=8 off=050 a402064b72e7f1cb22ba3d1e014e9da2
N3GD_BODY id=8 off=060 491187beaa6ef1c867dc0fd13698f299
N3GD_BODY id=8 off=070 bf672209ff5a6217edca02ee0750cb9a
N3GD_BODY id=8 off=080 f136e89f875c834e9c2d2dc27f103e7d
N3GD_BODY id=8 off=090 2dcf78040de744330999aaf98227dd6e
N3GD_BODY id=8 off=0a0 82c6eb63507dd3e9fedb83701b2134f9
N3GD_BODY id=8 off=0b0 eaa33eee35182652a4afa3e9099e0d6a
N3GD_BODY id=8 off=0c0 7f997a581f4080c295dce91afc7b4ee4
N3GD_BODY id=8 off=0d0 33f95df1799edc2cb9e069455fc18228
N3GD_BODY id=8 off=0e0 0c7ec9c1e5efe84b6c3197d991952a2a
N3GD_BODY id=8 off=0f0 5b13e4156422dfa4fa83dbbcc95f272e
N3GD_BODY id=8 off=100 7bd13b00bfb5076fcd04187cb3a3e336
N3GD_BODY id=8 off=110 dd0f0040a34ef8ca169fd8274e35a769
N3GD_BODY id=8 off=120 a8cf047982c737c3f9cd77b4a9fc75ee
N3GD_BODY id=8 off=130 c6c18119ef535a4872bb8411f5898b47
N3GD_BODY id=8 off=140 cf769948bf64fa421839972dd5bba50a
N3GD_BODY id=8 off=150 d59973cdfa380599c8e8a666c506d26e
N3GD_BODY id=8 off=160 4661d5d3b3a4321b8a4e939f908cadf8
N3GD_BODY id=8 off=170 7856f10140057e6adb404c53545e9e42
N3GD_BODY id=8 off=180 b056af8e77ebf861e7ffa9dc4373fe4e
N3GD_BODY id=8 off=190 a3fe3892a4027523ea4264b143ac9db0
N3GD_BODY id=8 off=1a0 141114c35e13d834c8ae56a6f7a589ce
N3GD_BODY id=8 off=1b0 e435eddaab2d1d9248bc5f036253fe9a
N3GD_BODY id=8 off=1c0 4fc2c4d84fda5adc1b20a2e4e19eefb5
N3GD_BODY id=8 off=1d0 8613d1f5517c2006eb70b693e16ca21a
N3GD_BODY id=8 off=1e0 b34ec1db8c25c2f9deedf224fcdd2bda
N3GD_BODY id=8 off=1f0 0854244d6e9dd76b665eb184ccaedb29
N3GD_BODY id=8 off=200 85f4c974e2bb88df505d53333ab460fb
N3GD_BODY id=8 off=210 5500f7aa0bdf5c0ae253597c8b2a8121
N3GD_BODY id=8 off=220 5407f81b97bba1a0c5a46a49f0983394
N3GD_BODY id=8 off=230 4d3261dcbf574fde69e05ef2b3d31d57
N3GD_BODY id=8 off=240 06cf341a8d3fb9f4f75c8db13dcaf350
N3GD_BODY id=8 off=250 4935d77a24db9792937ef301c1c3b38a
N3GD_BODY id=8 off=260 56b08f6494550b8b0452deadd9e15435
N3GD_BODY id=8 off=270 8e7bf29fd24953015c96d29553c7861e
N3GD_BODY id=8 off=280 1eedc837a1788bbdd336d569e88ba267
N3GD_BODY id=8 off=290 8d4612d3b5a194f139faa0858d3d8b1e
N3GD_BODY id=8 off=2a0 d664b0fe972bc2d4f0bc4370e0955a83
N3GD_BODY id=8 off=2b0 87037860cff8e6ca5ec90d865f1489f1
N3GD_BODY id=8 off=2c0 e3489ecf61ef6e2796c786fa9920ac98
N3GD_BODY id=8 off=2d0 0181914722ddcceed5d01009edb67f2d
N3GD_BODY id=8 off=2e0 3e2c990bd40f333e6a1bcf12933f0270
N3GD_BODY id=8 off=2f0 da45cc522e909f8dee9865a21efcfae8
N3GD_BODY id=8 off=300 7c0647ea3adb5832addfce75c9438993
N3GD_BODY id=8 off=310 485287c6973212486579253c85526831
N3GD_BODY id=8 off=320 db4a8ea337539358384585101571e6f7
N3GD_BODY id=8 off=330 df9dc97fa91f05380a6653c200b1798b
N3GD_BODY id=8 off=340 7aa1a8d5f31f7fc89b934a1ad0513cdd
N3GD_BODY id=8 off=350 da3dd6dc77f34335636404ce00f5500b
N3GD_BODY id=8 off=360 3025124a111aaeb9d3a56fc4cb5b6501
N3GD_BODY id=8 off=370 fa65836f2f3516937ade811b4cf3eaf2
N3GD_BODY id=8 off=380 ac54bb3a7967ab85390ec9b50972b24e
N3GD_BODY id=8 off=390 b8aa5256c60780c7b79db699a526c742
N3GD_BODY id=8 off=3a0 d3d8c65fd4d8b37b942ea7fcf6f111b8
N3GD_BODY id=8 off=3b0 98b6d66aca335d513f4d35d2e898220c
N3GD_BODY id=8 off=3c0 8f2d6adf5be61d1394d1bc6d4e3a8476
N3GD_BODY id=8 off=3d0 28f61da6e691a87a5de970bdff4f19ec
N3GD_BODY id=8 off=3e0 e4cc9adf90c12aaa6d4be9fe55e16aa1
N3GD_BODY id=8 off=3f0 c022dc33d31c67298d5ea3446095f552
N3GD_BODY id=8 off=400 2d46cd2c20afb2191b810ae1aa808fee
N3GD_BODY id=8 off=410 130a5374e325d0d58c555cd00601e5c8
N3GD_BODY id=8 off=420 68d370078e32585e0569acd484c9edda
N3GD_BODY id=8 off=430 86934e311694d9a8f2269d663084925f
N3GD_BODY id=8 off=440 bcd3b22770917e20233ca257aac3d018
N3GD_BODY id=8 off=450 23c56cc887fdea339339bc81afffd56d
N3GD_BODY id=8 off=460 4e6110b833042c5d1279e95fea935eb5
N3GD_BODY id=8 off=470 206797d6e2f6820dfcc3efe1aa27830c
N3GD_BODY id=8 off=480 1a69d078146fc532e185eea886f2424b
N3GD_BODY id=8 off=490 c9e1cbb822364e79c77080df6f068458
N3GD_BODY id=8 off=4a0 1c4c732b7c851c471efd88478362d931
N3GD_BODY id=8 off=4b0 fb597417008aa3cb00b0398bde9b5fb7
N3GD_BODY id=8 off=4c0 98045cda1d2fea8bcdd8189d96e5bbbe
N3GD_BODY id=8 off=4d0 25068848ac683aba1049aff2a9cc6080
N3GD_BODY id=8 off=4e0 0691fa042498f8edd20bc6cd1f7c0da3
N3GD_BODY id=8 off=4f0 714052194ef8a03090496eb9db7f597f
N3GD_BODY id=8 off=500 d565e5b96c02431e18cedc4a698215a1
N3GD_BODY id=8 off=510 826b0cce8e5a93de63d3b5e177034d4f
N3GD_BODY id=8 off=520 28756fb3323d3f88c6fa13a309875739
N3GD_BODY id=8 off=530 3b4917c686e3e0523f22941e7273451a
N3GD_BODY id=8 off=540 a525ee532dbe07ee89c8a0bc6c994cb5
N3GD_BODY id=8 off=550 cb79d6f10ad8ebab340b8937aec32608
N3GD_BODY id=8 off=560 f04bb9f952285c1fafb390af28c8711b
N3GD_BODY id=8 off=570 e1a336a124bc2f0d730a7cc2c7536447
N3GD_BODY id=8 off=580 174cfa23c1c5f168928c1cb6a2e7eb1d
N3GD_BODY id=8 off=590 997c1fdaf42ac73932aa4dd96cfdf010
N3GD_BODY id=8 off=5a0 9d70c695f3f5e86bd7cb3ed06abeea5d
N3GD_BODY id=8 off=5b0 2695a2deeb91f76e587f237da801ea35
N3GD_BODY id=8 off=5c0 78d20c7b95a5e99572d357c39ee145e8
N3GD_BODY id=8 off=5d0 6972da852944e7a8486042e69b7fb69b
N3GD_BODY id=8 off=5e0 7c7cafbbaf12870b5ea60bd78c7ad553
N3GD_BODY id=8 off=5f0 0fe35cc1b87eacc7aa9bfe6e1757beb7
N3GD_BODY id=8 off=600 77d696a06d47b7190325317dbb1eb526
N3GD_BODY id=8 off=610 be932ccaa51381f4d111532c2acb37bb
N3GD_BODY id=8 off=620 464ed98937f80a51c535892f743cf858
N3GD_BODY id=8 off=630 e6b2fc2ac563c17a0d090abea403ef84
N3GD_BODY id=8 off=640 1b83760b07c21ac254346d8f0f6a25a7
N3GD_BODY id=8 off=650 e4114b42bfdc5c28272e6cba4cd6d03d
N3GD_BODY id=8 off=660 c685a95cb87b64763d699c23dbc5521a
N3GD_BODY id=8 off=670 8bedb076caeefe74f4e20ce350f0a2b9
N3GD_BODY id=8 off=680 8543a1f44f32a2d4bdbcd30bca382e03
N3GD_BODY id=8 off=690 5c9582cb60867807361e4b74a1d65774
N3GD_BODY id=8 off=6a0 6f2de45bb507bbffed7cd68d0600b2a7
N3GD_BODY id=8 off=6b0 870023f6178a8e220b53d59001e78477
N3GD_BODY id=8 off=6c0 00061cd04a4ff78e7cec60acff81dad0
N3GD_BODY id=8 off=6d0 aa63d958e15796b9475e2f7000999721
N3GD_BODY id=8 off=6e0 9eea2526601364585e80e4b61abedb3a
N3GD_BODY id=8 off=6f0 900038615b77f20b4031b93870ddd5fb
N3GD_BODY id=8 off=700 fe15f4f87b54a21d347bbba0c8f7c66a
N3GD_BODY id=8 off=710 5904f34ce97e78cec3318b7532287dd7
N3GD_BODY id=8 off=720 8b71e1a57e89122631f1bef1127a6b06
N3GD_BODY id=8 off=730 44c2c560c95b07f3043d4c58971e13d9
N3GD_BODY id=8 off=740 8d3b74e7814bd165cdc46d8e2f11059d
N3GD_BODY id=8 off=750 af90d068d3aa625b2aba84df96a05f1e
N3GD_BODY id=8 off=760 971a5aa7fab634f970fa9fc5d56c840a
N3GD_BODY id=8 off=770 7fc22a1d4f6e134b3379ad43c4531ef1
N3GD_BODY id=8 off=780 9307c6ecaf20b334a3f1e67d01163b7b
N3GD_BODY id=8 off=790 65d8f0c9691c6cefbfd04969ed2cfbbd
N3GD_BODY id=8 off=7a0 9b89b380e018962cc2ee96a4d963860b
N3GD_BODY id=8 off=7b0 1756588372aec13c0f612e0cebf12abd
N3GD_BODY id=8 off=7c0 ea51423775e87078952f23fa3f1b0abd
N3GD_BODY id=8 off=7d0 a6440d74f93d7602bca634680aed6b6e
N3GD_BODY id=8 off=7e0 681523121fd46a8f2f3f928a9d4dddb6
N3GD_BODY id=8 off=7f0 7ef8eec900791d89d0d76e748c731c33
N3GD_OOB id=8 off=000 409e00003cde0000ff40ffffe5ab0678
N3GD_OOB id=8 off=010 0a52efac2207c7a2053adbc8606282c5
N3GD_OOB id=8 off=020 374bcde4a25178a6eb7e94b8b7fa1e2e
N3GD_OOB id=8 off=030 eddbaafff14d9b9ea7ce563d3b3c79fe
N3GD_END id=8
N3GD_BEGIN id=9 kind=cand j=344 v=0263 po=511 sl=4294967295 l0=00009400 tgt=0000A07E bank=3 pb=1036 pp=127 phy=132735 rc=0 t=40 l=00000000
N3GD_BODY id=9 off=000 00000000000000000000000000000000
N3GD_BODY id=9 off=010 00000000000000000000000000000000
N3GD_BODY id=9 off=020 00000000000000000000000000000000
N3GD_BODY id=9 off=030 00000000000000000000000000000000
N3GD_BODY id=9 off=040 00000000000000000000000000000000
N3GD_BODY id=9 off=050 00000000000000000000000000000000
N3GD_BODY id=9 off=060 00000000000000000000000000000000
N3GD_BODY id=9 off=070 00000000000000000000000000000000
N3GD_BODY id=9 off=080 00000000000000000000000000000000
N3GD_BODY id=9 off=090 00000000000000000000000000000000
N3GD_BODY id=9 off=0a0 00000000000000000000000000000000
N3GD_BODY id=9 off=0b0 00000000000000000000000000000000
N3GD_BODY id=9 off=0c0 00000000000000000000000000000000
N3GD_BODY id=9 off=0d0 00000000000000000000000000000000
N3GD_BODY id=9 off=0e0 00000000000000000000000000000000
N3GD_BODY id=9 off=0f0 00000000000000000000000000000000
N3GD_BODY id=9 off=100 00000000000000000000000000000000
N3GD_BODY id=9 off=110 00000000000000000000000000000000
N3GD_BODY id=9 off=120 00000000000000000000000000000000
N3GD_BODY id=9 off=130 00000000000000000000000000000000
N3GD_BODY id=9 off=140 00000000000000000000000000000000
N3GD_BODY id=9 off=150 00000000000000000000000000000000
N3GD_BODY id=9 off=160 00000000000000000000000000000000
N3GD_BODY id=9 off=170 00000000000000000000000000000000
N3GD_BODY id=9 off=180 00000000000000000000000000000000
N3GD_BODY id=9 off=190 00000000000000000000000000000000
N3GD_BODY id=9 off=1a0 00000000000000000000000000000000
N3GD_BODY id=9 off=1b0 00000000000000000000000000000000
N3GD_BODY id=9 off=1c0 00000000000000000000000000000000
N3GD_BODY id=9 off=1d0 00000000000000000000000000000000
N3GD_BODY id=9 off=1e0 00000000000000000000000000000000
N3GD_BODY id=9 off=1f0 00000000000000000000000000000000
N3GD_BODY id=9 off=200 00000000000000000000000000000000
N3GD_BODY id=9 off=210 00000000000000000000000000000000
N3GD_BODY id=9 off=220 00000000000000000000000000000000
N3GD_BODY id=9 off=230 00000000000000000000000000000000
N3GD_BODY id=9 off=240 00000000000000000000000000000000
N3GD_BODY id=9 off=250 00000000000000000000000000000000
N3GD_BODY id=9 off=260 00000000000000000000000000000000
N3GD_BODY id=9 off=270 00000000000000000000000000000000
N3GD_BODY id=9 off=280 00000000000000000000000000000000
N3GD_BODY id=9 off=290 00000000000000000000000000000000
N3GD_BODY id=9 off=2a0 00000000000000000000000000000000
N3GD_BODY id=9 off=2b0 00000000000000000000000000000000
N3GD_BODY id=9 off=2c0 00000000000000000000000000000000
N3GD_BODY id=9 off=2d0 00000000000000000000000000000000
N3GD_BODY id=9 off=2e0 00000000000000000000000000000000
N3GD_BODY id=9 off=2f0 00000000000000000000000000000000
N3GD_BODY id=9 off=300 00000000000000000000000000000000
N3GD_BODY id=9 off=310 00000000000000000000000000000000
N3GD_BODY id=9 off=320 00000000000000000000000000000000
N3GD_BODY id=9 off=330 00000000000000000000000000000000
N3GD_BODY id=9 off=340 00000000000000000000000000000000
N3GD_BODY id=9 off=350 00000000000000000000000000000000
N3GD_BODY id=9 off=360 00000000000000000000000000000000
N3GD_BODY id=9 off=370 00000000000000000000000000000000
N3GD_BODY id=9 off=380 00000000000000000000000000000000
N3GD_BODY id=9 off=390 00000000000000000000000000000000
N3GD_BODY id=9 off=3a0 00000000000000000000000000000000
N3GD_BODY id=9 off=3b0 00000000000000000000000000000000
N3GD_BODY id=9 off=3c0 00000000000000000000000000000000
N3GD_BODY id=9 off=3d0 00000000000000000000000000000000
N3GD_BODY id=9 off=3e0 00000000000000000000000000000000
N3GD_BODY id=9 off=3f0 00000000000000000000000000000000
N3GD_BODY id=9 off=400 00000000000000000000000000000000
N3GD_BODY id=9 off=410 00000000000000000000000000000000
N3GD_BODY id=9 off=420 00000000000000000000000000000000
N3GD_BODY id=9 off=430 00000000000000000000000000000000
N3GD_BODY id=9 off=440 00000000000000000000000000000000
N3GD_BODY id=9 off=450 00000000000000000000000000000000
N3GD_BODY id=9 off=460 00000000000000000000000000000000
N3GD_BODY id=9 off=470 00000000000000000000000000000000
N3GD_BODY id=9 off=480 00000000000000000000000000000000
N3GD_BODY id=9 off=490 00000000000000000000000000000000
N3GD_BODY id=9 off=4a0 00000000000000000000000000000000
N3GD_BODY id=9 off=4b0 00000000000000000000000000000000
N3GD_BODY id=9 off=4c0 00000000000000000000000000000000
N3GD_BODY id=9 off=4d0 00000000000000000000000000000000
N3GD_BODY id=9 off=4e0 00000000000000000000000000000000
N3GD_BODY id=9 off=4f0 00000000000000000000000000000000
N3GD_BODY id=9 off=500 00000000000000000000000000000000
N3GD_BODY id=9 off=510 00000000000000000000000000000000
N3GD_BODY id=9 off=520 00000000000000000000000000000000
N3GD_BODY id=9 off=530 00000000000000000000000000000000
N3GD_BODY id=9 off=540 00000000000000000000000000000000
N3GD_BODY id=9 off=550 00000000000000000000000000000000
N3GD_BODY id=9 off=560 00000000000000000000000000000000
N3GD_BODY id=9 off=570 00000000000000000000000000000000
N3GD_BODY id=9 off=580 00000000000000000000000000000000
N3GD_BODY id=9 off=590 00000000000000000000000000000000
N3GD_BODY id=9 off=5a0 00000000000000000000000000000000
N3GD_BODY id=9 off=5b0 00000000000000000000000000000000
N3GD_BODY id=9 off=5c0 00000000000000000000000000000000
N3GD_BODY id=9 off=5d0 00000000000000000000000000000000
N3GD_BODY id=9 off=5e0 00000000000000000000000000000000
N3GD_BODY id=9 off=5f0 00000000000000000000000000000000
N3GD_BODY id=9 off=600 00000000000000000000000000000000
N3GD_BODY id=9 off=610 00000000000000000000000000000000
N3GD_BODY id=9 off=620 00000000000000000000000000000000
N3GD_BODY id=9 off=630 00000000000000000000000000000000
N3GD_BODY id=9 off=640 00000000000000000000000000000000
N3GD_BODY id=9 off=650 00000000000000000000000000000000
N3GD_BODY id=9 off=660 00000000000000000000000000000000
N3GD_BODY id=9 off=670 00000000000000000000000000000000
N3GD_BODY id=9 off=680 00000000000000000000000000000000
N3GD_BODY id=9 off=690 00000000000000000000000000000000
N3GD_BODY id=9 off=6a0 00000000000000000000000000000000
N3GD_BODY id=9 off=6b0 00000000000000000000000000000000
N3GD_BODY id=9 off=6c0 00000000000000000000000000000000
N3GD_BODY id=9 off=6d0 00000000000000000000000000000000
N3GD_BODY id=9 off=6e0 00000000000000000000000000000000
N3GD_BODY id=9 off=6f0 00000000000000000000000000000000
N3GD_BODY id=9 off=700 00000000000000000000000000000000
N3GD_BODY id=9 off=710 00000000000000000000000000000000
N3GD_BODY id=9 off=720 00000000000000000000000000000000
N3GD_BODY id=9 off=730 00000000000000000000000000000000
N3GD_BODY id=9 off=740 00000000000000000000000000000000
N3GD_BODY id=9 off=750 00000000000000000000000000000000
N3GD_BODY id=9 off=760 00000000000000000000000000000000
N3GD_BODY id=9 off=770 00000000000000000000000000000000
N3GD_BODY id=9 off=780 00000000000000000000000000000000
N3GD_BODY id=9 off=790 00000000000000000000000000000000
N3GD_BODY id=9 off=7a0 00000000000000000000000000000000
N3GD_BODY id=9 off=7b0 00000000000000000000000000000000
N3GD_BODY id=9 off=7c0 00000000000000000000000000000000
N3GD_BODY id=9 off=7d0 00000000000000000000000000000000
N3GD_BODY id=9 off=7e0 00000000000000000000000000000000
N3GD_BODY id=9 off=7f0 00000000000000000000000000000000
N3GD_OOB id=9 off=000 000000000000000000000000e5ab0678
N3GD_OOB id=9 off=010 0a52efac2207c7a2053adbc8606282c5
N3GD_OOB id=9 off=020 374bcde4a25178a6eb7e94b8b7fa1e2e
N3GD_OOB id=9 off=030 eddbaafff14d9b9ea7ce563d3b3c79fe
N3GD_END id=9
N3GD_BEGIN id=10 kind=cand j=359 v=04b5 po=0 sl=4294967295 l0=0000a800 tgt=0000A07E bank=0 pb=1630 pp=0 phy=208640 rc=0 t=40 l=00000000
N3GD_BODY id=10 off=000 96c27a8fb2b6616894bd4c545ded4737
N3GD_BODY id=10 off=010 8e8c269a8716fdee9af8b78810743c55
N3GD_BODY id=10 off=020 f5ddc52fd6d55f0758b34015cf5fd5fe
N3GD_BODY id=10 off=030 9242a2b605ac3dc70d93ebeadad973f9
N3GD_BODY id=10 off=040 2db75ffc32466d1a0dfb61f74f482a86
N3GD_BODY id=10 off=050 6cd08f44353128089072777a0268427b
N3GD_BODY id=10 off=060 13b66b67e75ba0371e4eb262530e8c5d
N3GD_BODY id=10 off=070 594ce3b40372e57631eff85a27b8b1fd
N3GD_BODY id=10 off=080 bd80634ad278aebfb28c29a4a646a8db
N3GD_BODY id=10 off=090 34a66de8cbbba901dd512969342c9463
N3GD_BODY id=10 off=0a0 547103dfb856e8ce6fe8e6552609153e
N3GD_BODY id=10 off=0b0 aa60a0e5627562d4fdbd085bffd515a2
N3GD_BODY id=10 off=0c0 5e8d8b0776556776c6ded989811444dd
N3GD_BODY id=10 off=0d0 808b5b42bbdcfa2c42cb4f7cd581a1ea
N3GD_BODY id=10 off=0e0 8cfc275d78cc68b1733e0ef5f8e6914b
N3GD_BODY id=10 off=0f0 de8024c106ade3021197c9be911a6d4f
N3GD_BODY id=10 off=100 2d35d299591f57a3af9b3a6c868dfaa6
N3GD_BODY id=10 off=110 dfd8edd0ffe7f7e898732fac219787b9
N3GD_BODY id=10 off=120 8efb7806aa54b63bdc4cd6b72230db8c
N3GD_BODY id=10 off=130 b87edcdf731672bfef1e1f021c1f6401
N3GD_BODY id=10 off=140 e8755f26f71b385738da0313b96ba526
N3GD_BODY id=10 off=150 b432efcbf3da1e63eaf80dc5d5c759e3
N3GD_BODY id=10 off=160 29596c9c5f40f26a80ec8fda79faabfd
N3GD_BODY id=10 off=170 e290653d6542c40d00787cb11884c37c
N3GD_BODY id=10 off=180 7fdd7ac16cc42161cb16149e6c18cb9e
N3GD_BODY id=10 off=190 683cd07e1c0ebfec113c197012094e86
N3GD_BODY id=10 off=1a0 6b398ae8c8936b7b522fdca262beab6d
N3GD_BODY id=10 off=1b0 4b7a0ab1cf515654a487bdbfcc9d7ffa
N3GD_BODY id=10 off=1c0 cb00632da3a6cef970533d13919d5f00
N3GD_BODY id=10 off=1d0 bd4efc8e8a232e8193f262251d582244
N3GD_BODY id=10 off=1e0 6d8a062f9cdbbff0df74ca053dedfd7e
N3GD_BODY id=10 off=1f0 79042a33d8f07c2b30b265d2ad339aa4
N3GD_BODY id=10 off=200 5f3f330594c1b470b25c3cefbb469b0d
N3GD_BODY id=10 off=210 2028c47d998d55758d9e7ee70a6c246f
N3GD_BODY id=10 off=220 4effdcee96a59678a7d5ea6fe437e9fe
N3GD_BODY id=10 off=230 071fdd2cdb00602cfcd68940c23e0b4e
N3GD_BODY id=10 off=240 d5b5fbdb6b11d337dba73261a03b5bb0
N3GD_BODY id=10 off=250 f9eb3340a340709fe0b877feffd7793b
N3GD_BODY id=10 off=260 4381e1fd32edd32e8629fea2966f0686
N3GD_BODY id=10 off=270 6d73dfc7b4796498a61a732de17b5e0b
N3GD_BODY id=10 off=280 d9d20dd588e8ff0ef0df87472ae700ef
N3GD_BODY id=10 off=290 b9011abab99307e86f740d422a7ba1f2
N3GD_BODY id=10 off=2a0 457465da9537ee0357a3b601caad61e2
N3GD_BODY id=10 off=2b0 e0b9a9c0317dd793e39a7f863d44407b
N3GD_BODY id=10 off=2c0 14d0812077e7acf7b28bdd86473d6ada
N3GD_BODY id=10 off=2d0 994bc52b96591218e2522190308f402e
N3GD_BODY id=10 off=2e0 3e6b3b610ff41ebec73c07ff73a58231
N3GD_BODY id=10 off=2f0 b8830ac80ef82e286b597bd1b24a35a3
N3GD_BODY id=10 off=300 1f702079d6d8ceb4649580321b301d8d
N3GD_BODY id=10 off=310 72eb7d60a71ebd648837f6075154ce0f
N3GD_BODY id=10 off=320 c5bbddaf9785f39e0b71dc7ef9caad11
N3GD_BODY id=10 off=330 332220f304ce5aef53c37fd301464f56
N3GD_BODY id=10 off=340 7bbafbf271fc901138f5da55abdeb21d
N3GD_BODY id=10 off=350 69625ea025d27d1b5d337b2959628686
N3GD_BODY id=10 off=360 da33758528ef506e0c2ae11dd6f893fa
N3GD_BODY id=10 off=370 d971ede43c2160a92a42967dea25dc25
N3GD_BODY id=10 off=380 53447f8d8f03b7b6de0104e78a3454a2
N3GD_BODY id=10 off=390 4583cc7a82fd46b61f5bda675090bfd3
N3GD_BODY id=10 off=3a0 e5c871ba238ca903363f52ae9160df57
N3GD_BODY id=10 off=3b0 b0de131fc8f1fd161deaf47a0111788b
N3GD_BODY id=10 off=3c0 4f2261c2051f13be400dbd261261cb21
N3GD_BODY id=10 off=3d0 c303b3f44d4385e757c09ab1aaffab01
N3GD_BODY id=10 off=3e0 7133918d95a92cee773a6b63d132a148
N3GD_BODY id=10 off=3f0 c3ac12f5a7ed2c36d5e2403ebf54c198
N3GD_BODY id=10 off=400 6bd5ccc022bef13eedc78015466f3a42
N3GD_BODY id=10 off=410 ecd7e680a8c86c99dcdc7fd6b434da7f
N3GD_BODY id=10 off=420 77bdaebdc4a30ce25d4b1b3eec1c341d
N3GD_BODY id=10 off=430 bca24d86f7086a1231b20550850f5e20
N3GD_BODY id=10 off=440 40c4eaf2dccc3f528ae18e9ba5b21f0b
N3GD_BODY id=10 off=450 206fb4dbd04d027264680f91be752e12
N3GD_BODY id=10 off=460 685ed134ce298564f303442a423d4e3d
N3GD_BODY id=10 off=470 44da875193e45c132fac42fcf0b0cc07
N3GD_BODY id=10 off=480 38c8d3344fcc42e9668cec9412d1f11e
N3GD_BODY id=10 off=490 e7258d53f9c5a9c91d4c576f34de8210
N3GD_BODY id=10 off=4a0 9158963ebe756887f4dddee6556625ed
N3GD_BODY id=10 off=4b0 2da0dee5fcad777b28d513933980504f
N3GD_BODY id=10 off=4c0 7d1bb7d74826ba097689836cb010cb2a
N3GD_BODY id=10 off=4d0 c1f89e0275e6ed8cc8ab2663ae92af04
N3GD_BODY id=10 off=4e0 e5ecdd6b92a96226d9b121a803b57ff1
N3GD_BODY id=10 off=4f0 6ae8a9526afa80368f3c44cd0dc21545
N3GD_BODY id=10 off=500 0bb50f1b9a0912f4c52c62ffe31a83d7
N3GD_BODY id=10 off=510 87a53db2eac0b77bb4c8874eb435b545
N3GD_BODY id=10 off=520 bb771a82a4c9c349f41b71caccf27d6f
N3GD_BODY id=10 off=530 841201b664bc93109d4d13370054f509
N3GD_BODY id=10 off=540 d7dff7176dca2b94690bae78a8b46e7c
N3GD_BODY id=10 off=550 13d95d137de43c4aae2165372dc9df9c
N3GD_BODY id=10 off=560 616bbe67c60b7d6e33b1b47d47321bc8
N3GD_BODY id=10 off=570 7eb08fecb1ad61850ab3b5a002e2eb94
N3GD_BODY id=10 off=580 ca7c2f42f68533b19b0b77b0c0a32b95
N3GD_BODY id=10 off=590 0b7a8303ebfd068448ddbdf90aee81f5
N3GD_BODY id=10 off=5a0 07b4058dbf445b8c3c437d6f90539cb6
N3GD_BODY id=10 off=5b0 5fedd787b4dbe0f0f4c4403aebfce0d0
N3GD_BODY id=10 off=5c0 b0c840584537228279d67fb0ee62664e
N3GD_BODY id=10 off=5d0 48b66e4951a719cc766ca330bc5591b4
N3GD_BODY id=10 off=5e0 8d9a6c4a83a5ecba68cc8da4cdd0a0b6
N3GD_BODY id=10 off=5f0 e4073348a187f52275d0aac24dc6f9f8
N3GD_BODY id=10 off=600 22bdffa14343c19c35d60310fe61b696
N3GD_BODY id=10 off=610 99d968ad7c5267602ec7bfad101bdaca
N3GD_BODY id=10 off=620 e3ebd9e05f096f24f3ec2da9851d7d21
N3GD_BODY id=10 off=630 900a725206a196df9e8ee0ccbb25b19e
N3GD_BODY id=10 off=640 29e55d8708882fe3eb4cd5cd3b4ec06f
N3GD_BODY id=10 off=650 8f9e1e0d22520abd8a57da44d28bb023
N3GD_BODY id=10 off=660 cd1d5fd42498258506a01ba6f8e57089
N3GD_BODY id=10 off=670 e74af324644add49997c89e46d7a4c91
N3GD_BODY id=10 off=680 39954ba4e5527f79b6b7de7c8dae7233
N3GD_BODY id=10 off=690 c4a79c26a8bcba6b68adb0b2ec7db1fe
N3GD_BODY id=10 off=6a0 cabf2d5ac8af136d35e81f8a14c7fb59
N3GD_BODY id=10 off=6b0 b521f2eb82cf4223d597dd4950101f38
N3GD_BODY id=10 off=6c0 607b38a808170433e2d8d00dce3c5feb
N3GD_BODY id=10 off=6d0 1a6294b45c06a1ad79ff231632c23435
N3GD_BODY id=10 off=6e0 e65950424225fc10a4845fb677e054a6
N3GD_BODY id=10 off=6f0 97a1e47e1e1bf0a59d6e0316af5ec793
N3GD_BODY id=10 off=700 25d96f30d886c15e5e4b29e8ad426f14
N3GD_BODY id=10 off=710 f16a30b604a764d7333bd2605467418e
N3GD_BODY id=10 off=720 fa1c69871c31ce41a08a60627cb9a9a9
N3GD_BODY id=10 off=730 341263654e0ea7e04df7d538d3e3c4db
N3GD_BODY id=10 off=740 0df884d14c583aa9370eb04cc8fe8ced
N3GD_BODY id=10 off=750 5b38d986ffefe768acb2dcd194acc459
N3GD_BODY id=10 off=760 80e5f62c416bc9a6ef6ca51a7135d9d6
N3GD_BODY id=10 off=770 d0e6c31de8f120cc49c9c6c4545c1b23
N3GD_BODY id=10 off=780 1d32365616d080c24db804222cdf0b06
N3GD_BODY id=10 off=790 4c91d6a07b22f64144640ffcd5715da9
N3GD_BODY id=10 off=7a0 025569174daa9a28d78254b6a41704e4
N3GD_BODY id=10 off=7b0 34d54e5ac69545c6bf6b459668e72298
N3GD_BODY id=10 off=7c0 db093bb24d974b197cd2cac15739b36d
N3GD_BODY id=10 off=7d0 978e952120630fea97e30fb74f6325c7
N3GD_BODY id=10 off=7e0 8907609f1d9d37c5a039c4beb3986e9f
N3GD_BODY id=10 off=7f0 318db9d07d74304a06e2eda522397e93
N3GD_OOB id=10 off=000 00a800003fde0000ff40ffffe5ab0678
N3GD_OOB id=10 off=010 0a52efac2207c7a2053adbc8606282c5
N3GD_OOB id=10 off=020 374bcde4a25178a6eb7e94b8b7fa1e2e
N3GD_OOB id=10 off=030 eddbaafff14d9b9ea7ce563d3b3c79fe
N3GD_END id=10
N3GD_BEGIN id=11 kind=cand j=563 v=0288 po=511 sl=4294967295 l0=00009002 tgt=0000A07E bank=3 pb=1073 pp=127 phy=137471 rc=0 t=40 l=00000000
N3GD_BODY id=11 off=000 00000000000000000000000000000000
N3GD_BODY id=11 off=010 00000000000000000000000000000000
N3GD_BODY id=11 off=020 00000000000000000000000000000000
N3GD_BODY id=11 off=030 00000000000000000000000000000000
N3GD_BODY id=11 off=040 00000000000000000000000000000000
N3GD_BODY id=11 off=050 00000000000000000000000000000000
N3GD_BODY id=11 off=060 00000000000000000000000000000000
N3GD_BODY id=11 off=070 00000000000000000000000000000000
N3GD_BODY id=11 off=080 00000000000000000000000000000000
N3GD_BODY id=11 off=090 00000000000000000000000000000000
N3GD_BODY id=11 off=0a0 00000000000000000000000000000000
N3GD_BODY id=11 off=0b0 00000000000000000000000000000000
N3GD_BODY id=11 off=0c0 00000000000000000000000000000000
N3GD_BODY id=11 off=0d0 00000000000000000000000000000000
N3GD_BODY id=11 off=0e0 00000000000000000000000000000000
N3GD_BODY id=11 off=0f0 00000000000000000000000000000000
N3GD_BODY id=11 off=100 00000000000000000000000000000000
N3GD_BODY id=11 off=110 00000000000000000000000000000000
N3GD_BODY id=11 off=120 00000000000000000000000000000000
N3GD_BODY id=11 off=130 00000000000000000000000000000000
N3GD_BODY id=11 off=140 00000000000000000000000000000000
N3GD_BODY id=11 off=150 00000000000000000000000000000000
N3GD_BODY id=11 off=160 00000000000000000000000000000000
N3GD_BODY id=11 off=170 00000000000000000000000000000000
N3GD_BODY id=11 off=180 00000000000000000000000000000000
N3GD_BODY id=11 off=190 00000000000000000000000000000000
N3GD_BODY id=11 off=1a0 00000000000000000000000000000000
N3GD_BODY id=11 off=1b0 00000000000000000000000000000000
N3GD_BODY id=11 off=1c0 00000000000000000000000000000000
N3GD_BODY id=11 off=1d0 00000000000000000000000000000000
N3GD_BODY id=11 off=1e0 00000000000000000000000000000000
N3GD_BODY id=11 off=1f0 00000000000000000000000000000000
N3GD_BODY id=11 off=200 00000000000000000000000000000000
N3GD_BODY id=11 off=210 00000000000000000000000000000000
N3GD_BODY id=11 off=220 00000000000000000000000000000000
N3GD_BODY id=11 off=230 00000000000000000000000000000000
N3GD_BODY id=11 off=240 00000000000000000000000000000000
N3GD_BODY id=11 off=250 00000000000000000000000000000000
N3GD_BODY id=11 off=260 00000000000000000000000000000000
N3GD_BODY id=11 off=270 00000000000000000000000000000000
N3GD_BODY id=11 off=280 00000000000000000000000000000000
N3GD_BODY id=11 off=290 00000000000000000000000000000000
N3GD_BODY id=11 off=2a0 00000000000000000000000000000000
N3GD_BODY id=11 off=2b0 00000000000000000000000000000000
N3GD_BODY id=11 off=2c0 00000000000000000000000000000000
N3GD_BODY id=11 off=2d0 00000000000000000000000000000000
N3GD_BODY id=11 off=2e0 00000000000000000000000000000000
N3GD_BODY id=11 off=2f0 00000000000000000000000000000000
N3GD_BODY id=11 off=300 00000000000000000000000000000000
N3GD_BODY id=11 off=310 00000000000000000000000000000000
N3GD_BODY id=11 off=320 00000000000000000000000000000000
N3GD_BODY id=11 off=330 00000000000000000000000000000000
N3GD_BODY id=11 off=340 00000000000000000000000000000000
N3GD_BODY id=11 off=350 00000000000000000000000000000000
N3GD_BODY id=11 off=360 00000000000000000000000000000000
N3GD_BODY id=11 off=370 00000000000000000000000000000000
N3GD_BODY id=11 off=380 00000000000000000000000000000000
N3GD_BODY id=11 off=390 00000000000000000000000000000000
N3GD_BODY id=11 off=3a0 00000000000000000000000000000000
N3GD_BODY id=11 off=3b0 00000000000000000000000000000000
N3GD_BODY id=11 off=3c0 00000000000000000000000000000000
N3GD_BODY id=11 off=3d0 00000000000000000000000000000000
N3GD_BODY id=11 off=3e0 00000000000000000000000000000000
N3GD_BODY id=11 off=3f0 00000000000000000000000000000000
N3GD_BODY id=11 off=400 00000000000000000000000000000000
N3GD_BODY id=11 off=410 00000000000000000000000000000000
N3GD_BODY id=11 off=420 00000000000000000000000000000000
N3GD_BODY id=11 off=430 00000000000000000000000000000000
N3GD_BODY id=11 off=440 00000000000000000000000000000000
N3GD_BODY id=11 off=450 00000000000000000000000000000000
N3GD_BODY id=11 off=460 00000000000000000000000000000000
N3GD_BODY id=11 off=470 00000000000000000000000000000000
N3GD_BODY id=11 off=480 00000000000000000000000000000000
N3GD_BODY id=11 off=490 00000000000000000000000000000000
N3GD_BODY id=11 off=4a0 00000000000000000000000000000000
N3GD_BODY id=11 off=4b0 00000000000000000000000000000000
N3GD_BODY id=11 off=4c0 00000000000000000000000000000000
N3GD_BODY id=11 off=4d0 00000000000000000000000000000000
N3GD_BODY id=11 off=4e0 00000000000000000000000000000000
N3GD_BODY id=11 off=4f0 00000000000000000000000000000000
N3GD_BODY id=11 off=500 00000000000000000000000000000000
N3GD_BODY id=11 off=510 00000000000000000000000000000000
N3GD_BODY id=11 off=520 00000000000000000000000000000000
N3GD_BODY id=11 off=530 00000000000000000000000000000000
N3GD_BODY id=11 off=540 00000000000000000000000000000000
N3GD_BODY id=11 off=550 00000000000000000000000000000000
N3GD_BODY id=11 off=560 00000000000000000000000000000000
N3GD_BODY id=11 off=570 00000000000000000000000000000000
N3GD_BODY id=11 off=580 00000000000000000000000000000000
N3GD_BODY id=11 off=590 00000000000000000000000000000000
N3GD_BODY id=11 off=5a0 00000000000000000000000000000000
N3GD_BODY id=11 off=5b0 00000000000000000000000000000000
N3GD_BODY id=11 off=5c0 00000000000000000000000000000000
N3GD_BODY id=11 off=5d0 00000000000000000000000000000000
N3GD_BODY id=11 off=5e0 00000000000000000000000000000000
N3GD_BODY id=11 off=5f0 00000000000000000000000000000000
N3GD_BODY id=11 off=600 00000000000000000000000000000000
N3GD_BODY id=11 off=610 00000000000000000000000000000000
N3GD_BODY id=11 off=620 00000000000000000000000000000000
N3GD_BODY id=11 off=630 00000000000000000000000000000000
N3GD_BODY id=11 off=640 00000000000000000000000000000000
N3GD_BODY id=11 off=650 00000000000000000000000000000000
N3GD_BODY id=11 off=660 00000000000000000000000000000000
N3GD_BODY id=11 off=670 00000000000000000000000000000000
N3GD_BODY id=11 off=680 00000000000000000000000000000000
N3GD_BODY id=11 off=690 00000000000000000000000000000000
N3GD_BODY id=11 off=6a0 00000000000000000000000000000000
N3GD_BODY id=11 off=6b0 00000000000000000000000000000000
N3GD_BODY id=11 off=6c0 00000000000000000000000000000000
N3GD_BODY id=11 off=6d0 00000000000000000000000000000000
N3GD_BODY id=11 off=6e0 00000000000000000000000000000000
N3GD_BODY id=11 off=6f0 00000000000000000000000000000000
N3GD_BODY id=11 off=700 00000000000000000000000000000000
N3GD_BODY id=11 off=710 00000000000000000000000000000000
N3GD_BODY id=11 off=720 00000000000000000000000000000000
N3GD_BODY id=11 off=730 00000000000000000000000000000000
N3GD_BODY id=11 off=740 00000000000000000000000000000000
N3GD_BODY id=11 off=750 00000000000000000000000000000000
N3GD_BODY id=11 off=760 00000000000000000000000000000000
N3GD_BODY id=11 off=770 00000000000000000000000000000000
N3GD_BODY id=11 off=780 00000000000000000000000000000000
N3GD_BODY id=11 off=790 00000000000000000000000000000000
N3GD_BODY id=11 off=7a0 00000000000000000000000000000000
N3GD_BODY id=11 off=7b0 00000000000000000000000000000000
N3GD_BODY id=11 off=7c0 00000000000000000000000000000000
N3GD_BODY id=11 off=7d0 00000000000000000000000000000000
N3GD_BODY id=11 off=7e0 00000000000000000000000000000000
N3GD_BODY id=11 off=7f0 00000000000000000000000000000000
N3GD_OOB id=11 off=000 000000000000000000000000e5ab0678
N3GD_OOB id=11 off=010 0a52efac2207c7a2053adbc8606282c5
N3GD_OOB id=11 off=020 374bcde4a25178a6eb7e94b8b7fa1e2e
N3GD_OOB id=11 off=030 eddbaafff14d9b9ea7ce563d3b3c79fe
N3GD_END id=11
N3GD_BEGIN id=12 kind=cand j=724 v=0287 po=511 sl=4294967295 l0=00009000 tgt=0000A07E bank=3 pb=1072 pp=127 phy=137343 rc=0 t=40 l=00000000
N3GD_BODY id=12 off=000 00000000000000000000000000000000
N3GD_BODY id=12 off=010 00000000000000000000000000000000
N3GD_BODY id=12 off=020 00000000000000000000000000000000
N3GD_BODY id=12 off=030 00000000000000000000000000000000
N3GD_BODY id=12 off=040 00000000000000000000000000000000
N3GD_BODY id=12 off=050 00000000000000000000000000000000
N3GD_BODY id=12 off=060 00000000000000000000000000000000
N3GD_BODY id=12 off=070 00000000000000000000000000000000
N3GD_BODY id=12 off=080 00000000000000000000000000000000
N3GD_BODY id=12 off=090 00000000000000000000000000000000
N3GD_BODY id=12 off=0a0 00000000000000000000000000000000
N3GD_BODY id=12 off=0b0 00000000000000000000000000000000
N3GD_BODY id=12 off=0c0 00000000000000000000000000000000
N3GD_BODY id=12 off=0d0 00000000000000000000000000000000
N3GD_BODY id=12 off=0e0 00000000000000000000000000000000
N3GD_BODY id=12 off=0f0 00000000000000000000000000000000
N3GD_BODY id=12 off=100 00000000000000000000000000000000
N3GD_BODY id=12 off=110 00000000000000000000000000000000
N3GD_BODY id=12 off=120 00000000000000000000000000000000
N3GD_BODY id=12 off=130 00000000000000000000000000000000
N3GD_BODY id=12 off=140 00000000000000000000000000000000
N3GD_BODY id=12 off=150 00000000000000000000000000000000
N3GD_BODY id=12 off=160 00000000000000000000000000000000
N3GD_BODY id=12 off=170 00000000000000000000000000000000
N3GD_BODY id=12 off=180 00000000000000000000000000000000
N3GD_BODY id=12 off=190 00000000000000000000000000000000
N3GD_BODY id=12 off=1a0 00000000000000000000000000000000
N3GD_BODY id=12 off=1b0 00000000000000000000000000000000
N3GD_BODY id=12 off=1c0 00000000000000000000000000000000
N3GD_BODY id=12 off=1d0 00000000000000000000000000000000
N3GD_BODY id=12 off=1e0 00000000000000000000000000000000
N3GD_BODY id=12 off=1f0 00000000000000000000000000000000
N3GD_BODY id=12 off=200 00000000000000000000000000000000
N3GD_BODY id=12 off=210 00000000000000000000000000000000
N3GD_BODY id=12 off=220 00000000000000000000000000000000
N3GD_BODY id=12 off=230 00000000000000000000000000000000
N3GD_BODY id=12 off=240 00000000000000000000000000000000
N3GD_BODY id=12 off=250 00000000000000000000000000000000
N3GD_BODY id=12 off=260 00000000000000000000000000000000
N3GD_BODY id=12 off=270 00000000000000000000000000000000
N3GD_BODY id=12 off=280 00000000000000000000000000000000
N3GD_BODY id=12 off=290 00000000000000000000000000000000
N3GD_BODY id=12 off=2a0 00000000000000000000000000000000
N3GD_BODY id=12 off=2b0 00000000000000000000000000000000
N3GD_BODY id=12 off=2c0 00000000000000000000000000000000
N3GD_BODY id=12 off=2d0 00000000000000000000000000000000
N3GD_BODY id=12 off=2e0 00000000000000000000000000000000
N3GD_BODY id=12 off=2f0 00000000000000000000000000000000
N3GD_BODY id=12 off=300 00000000000000000000000000000000
N3GD_BODY id=12 off=310 00000000000000000000000000000000
N3GD_BODY id=12 off=320 00000000000000000000000000000000
N3GD_BODY id=12 off=330 00000000000000000000000000000000
N3GD_BODY id=12 off=340 00000000000000000000000000000000
N3GD_BODY id=12 off=350 00000000000000000000000000000000
N3GD_BODY id=12 off=360 00000000000000000000000000000000
N3GD_BODY id=12 off=370 00000000000000000000000000000000
N3GD_BODY id=12 off=380 00000000000000000000000000000000
N3GD_BODY id=12 off=390 00000000000000000000000000000000
N3GD_BODY id=12 off=3a0 00000000000000000000000000000000
N3GD_BODY id=12 off=3b0 00000000000000000000000000000000
N3GD_BODY id=12 off=3c0 00000000000000000000000000000000
N3GD_BODY id=12 off=3d0 00000000000000000000000000000000
N3GD_BODY id=12 off=3e0 00000000000000000000000000000000
N3GD_BODY id=12 off=3f0 00000000000000000000000000000000
N3GD_BODY id=12 off=400 00000000000000000000000000000000
N3GD_BODY id=12 off=410 00000000000000000000000000000000
N3GD_BODY id=12 off=420 00000000000000000000000000000000
N3GD_BODY id=12 off=430 00000000000000000000000000000000
N3GD_BODY id=12 off=440 00000000000000000000000000000000
N3GD_BODY id=12 off=450 00000000000000000000000000000000
N3GD_BODY id=12 off=460 00000000000000000000000000000000
N3GD_BODY id=12 off=470 00000000000000000000000000000000
N3GD_BODY id=12 off=480 00000000000000000000000000000000
N3GD_BODY id=12 off=490 00000000000000000000000000000000
N3GD_BODY id=12 off=4a0 00000000000000000000000000000000
N3GD_BODY id=12 off=4b0 00000000000000000000000000000000
N3GD_BODY id=12 off=4c0 00000000000000000000000000000000
N3GD_BODY id=12 off=4d0 00000000000000000000000000000000
N3GD_BODY id=12 off=4e0 00000000000000000000000000000000
N3GD_BODY id=12 off=4f0 00000000000000000000000000000000
N3GD_BODY id=12 off=500 00000000000000000000000000000000
N3GD_BODY id=12 off=510 00000000000000000000000000000000
N3GD_BODY id=12 off=520 00000000000000000000000000000000
N3GD_BODY id=12 off=530 00000000000000000000000000000000
N3GD_BODY id=12 off=540 00000000000000000000000000000000
N3GD_BODY id=12 off=550 00000000000000000000000000000000
N3GD_BODY id=12 off=560 00000000000000000000000000000000
N3GD_BODY id=12 off=570 00000000000000000000000000000000
N3GD_BODY id=12 off=580 00000000000000000000000000000000
N3GD_BODY id=12 off=590 00000000000000000000000000000000
N3GD_BODY id=12 off=5a0 00000000000000000000000000000000
N3GD_BODY id=12 off=5b0 00000000000000000000000000000000
N3GD_BODY id=12 off=5c0 00000000000000000000000000000000
N3GD_BODY id=12 off=5d0 00000000000000000000000000000000
N3GD_BODY id=12 off=5e0 00000000000000000000000000000000
N3GD_BODY id=12 off=5f0 00000000000000000000000000000000
N3GD_BODY id=12 off=600 00000000000000000000000000000000
N3GD_BODY id=12 off=610 00000000000000000000000000000000
N3GD_BODY id=12 off=620 00000000000000000000000000000000
N3GD_BODY id=12 off=630 00000000000000000000000000000000
N3GD_BODY id=12 off=640 00000000000000000000000000000000
N3GD_BODY id=12 off=650 00000000000000000000000000000000
N3GD_BODY id=12 off=660 00000000000000000000000000000000
N3GD_BODY id=12 off=670 00000000000000000000000000000000
N3GD_BODY id=12 off=680 00000000000000000000000000000000
N3GD_BODY id=12 off=690 00000000000000000000000000000000
N3GD_BODY id=12 off=6a0 00000000000000000000000000000000
N3GD_BODY id=12 off=6b0 00000000000000000000000000000000
N3GD_BODY id=12 off=6c0 00000000000000000000000000000000
N3GD_BODY id=12 off=6d0 00000000000000000000000000000000
N3GD_BODY id=12 off=6e0 00000000000000000000000000000000
N3GD_BODY id=12 off=6f0 00000000000000000000000000000000
N3GD_BODY id=12 off=700 00000000000000000000000000000000
N3GD_BODY id=12 off=710 00000000000000000000000000000000
N3GD_BODY id=12 off=720 00000000000000000000000000000000
N3GD_BODY id=12 off=730 00000000000000000000000000000000
N3GD_BODY id=12 off=740 00000000000000000000000000000000
N3GD_BODY id=12 off=750 00000000000000000000000000000000
N3GD_BODY id=12 off=760 00000000000000000000000000000000
N3GD_BODY id=12 off=770 00000000000000000000000000000000
N3GD_BODY id=12 off=780 00000000000000000000000000000000
N3GD_BODY id=12 off=790 00000000000000000000000000000000
N3GD_BODY id=12 off=7a0 00000000000000000000000000000000
N3GD_BODY id=12 off=7b0 00000000000000000000000000000000
N3GD_BODY id=12 off=7c0 00000000000000000000000000000000
N3GD_BODY id=12 off=7d0 00000000000000000000000000000000
N3GD_BODY id=12 off=7e0 00000000000000000000000000000000
N3GD_BODY id=12 off=7f0 00000000000000000000000000000000
N3GD_OOB id=12 off=000 000000000000000000000000e5ab0678
N3GD_OOB id=12 off=010 0a52efac2207c7a2053adbc8606282c5
N3GD_OOB id=12 off=020 374bcde4a25178a6eb7e94b8b7fa1e2e
N3GD_OOB id=12 off=030 eddbaafff14d9b9ea7ce563d3b3c79fe
N3GD_END id=12
N3GD_BEGIN id=13 kind=cand j=523 v=0235 po=511 sl=4294967295 l0=00008c00 tgt=0000A07E bank=3 pb=990 pp=127 phy=126847 rc=0 t=40 l=00000000
N3GD_BODY id=13 off=000 00000000000000000000000000000000
N3GD_BODY id=13 off=010 00000000000000000000000000000000
N3GD_BODY id=13 off=020 00000000000000000000000000000000
N3GD_BODY id=13 off=030 00000000000000000000000000000000
N3GD_BODY id=13 off=040 00000000000000000000000000000000
N3GD_BODY id=13 off=050 00000000000000000000000000000000
N3GD_BODY id=13 off=060 00000000000000000000000000000000
N3GD_BODY id=13 off=070 00000000000000000000000000000000
N3GD_BODY id=13 off=080 00000000000000000000000000000000
N3GD_BODY id=13 off=090 00000000000000000000000000000000
N3GD_BODY id=13 off=0a0 00000000000000000000000000000000
N3GD_BODY id=13 off=0b0 00000000000000000000000000000000
N3GD_BODY id=13 off=0c0 00000000000000000000000000000000
N3GD_BODY id=13 off=0d0 00000000000000000000000000000000
N3GD_BODY id=13 off=0e0 00000000000000000000000000000000
N3GD_BODY id=13 off=0f0 00000000000000000000000000000000
N3GD_BODY id=13 off=100 00000000000000000000000000000000
N3GD_BODY id=13 off=110 00000000000000000000000000000000
N3GD_BODY id=13 off=120 00000000000000000000000000000000
N3GD_BODY id=13 off=130 00000000000000000000000000000000
N3GD_BODY id=13 off=140 00000000000000000000000000000000
N3GD_BODY id=13 off=150 00000000000000000000000000000000
N3GD_BODY id=13 off=160 00000000000000000000000000000000
N3GD_BODY id=13 off=170 00000000000000000000000000000000
N3GD_BODY id=13 off=180 00000000000000000000000000000000
N3GD_BODY id=13 off=190 00000000000000000000000000000000
N3GD_BODY id=13 off=1a0 00000000000000000000000000000000
N3GD_BODY id=13 off=1b0 00000000000000000000000000000000
N3GD_BODY id=13 off=1c0 00000000000000000000000000000000
N3GD_BODY id=13 off=1d0 00000000000000000000000000000000
N3GD_BODY id=13 off=1e0 00000000000000000000000000000000
N3GD_BODY id=13 off=1f0 00000000000000000000000000000000
N3GD_BODY id=13 off=200 00000000000000000000000000000000
N3GD_BODY id=13 off=210 00000000000000000000000000000000
N3GD_BODY id=13 off=220 00000000000000000000000000000000
N3GD_BODY id=13 off=230 00000000000000000000000000000000
N3GD_BODY id=13 off=240 00000000000000000000000000000000
N3GD_BODY id=13 off=250 00000000000000000000000000000000
N3GD_BODY id=13 off=260 00000000000000000000000000000000
N3GD_BODY id=13 off=270 00000000000000000000000000000000
N3GD_BODY id=13 off=280 00000000000000000000000000000000
N3GD_BODY id=13 off=290 00000000000000000000000000000000
N3GD_BODY id=13 off=2a0 00000000000000000000000000000000
N3GD_BODY id=13 off=2b0 00000000000000000000000000000000
N3GD_BODY id=13 off=2c0 00000000000000000000000000000000
N3GD_BODY id=13 off=2d0 00000000000000000000000000000000
N3GD_BODY id=13 off=2e0 00000000000000000000000000000000
N3GD_BODY id=13 off=2f0 00000000000000000000000000000000
N3GD_BODY id=13 off=300 00000000000000000000000000000000
N3GD_BODY id=13 off=310 00000000000000000000000000000000
N3GD_BODY id=13 off=320 00000000000000000000000000000000
N3GD_BODY id=13 off=330 00000000000000000000000000000000
N3GD_BODY id=13 off=340 00000000000000000000000000000000
N3GD_BODY id=13 off=350 00000000000000000000000000000000
N3GD_BODY id=13 off=360 00000000000000000000000000000000
N3GD_BODY id=13 off=370 00000000000000000000000000000000
N3GD_BODY id=13 off=380 00000000000000000000000000000000
N3GD_BODY id=13 off=390 00000000000000000000000000000000
N3GD_BODY id=13 off=3a0 00000000000000000000000000000000
N3GD_BODY id=13 off=3b0 00000000000000000000000000000000
N3GD_BODY id=13 off=3c0 00000000000000000000000000000000
N3GD_BODY id=13 off=3d0 00000000000000000000000000000000
N3GD_BODY id=13 off=3e0 00000000000000000000000000000000
N3GD_BODY id=13 off=3f0 00000000000000000000000000000000
N3GD_BODY id=13 off=400 00000000000000000000000000000000
N3GD_BODY id=13 off=410 00000000000000000000000000000000
N3GD_BODY id=13 off=420 00000000000000000000000000000000
N3GD_BODY id=13 off=430 00000000000000000000000000000000
N3GD_BODY id=13 off=440 00000000000000000000000000000000
N3GD_BODY id=13 off=450 00000000000000000000000000000000
N3GD_BODY id=13 off=460 00000000000000000000000000000000
N3GD_BODY id=13 off=470 00000000000000000000000000000000
N3GD_BODY id=13 off=480 00000000000000000000000000000000
N3GD_BODY id=13 off=490 00000000000000000000000000000000
N3GD_BODY id=13 off=4a0 00000000000000000000000000000000
N3GD_BODY id=13 off=4b0 00000000000000000000000000000000
N3GD_BODY id=13 off=4c0 00000000000000000000000000000000
N3GD_BODY id=13 off=4d0 00000000000000000000000000000000
N3GD_BODY id=13 off=4e0 00000000000000000000000000000000
N3GD_BODY id=13 off=4f0 00000000000000000000000000000000
N3GD_BODY id=13 off=500 00000000000000000000000000000000
N3GD_BODY id=13 off=510 00000000000000000000000000000000
N3GD_BODY id=13 off=520 00000000000000000000000000000000
N3GD_BODY id=13 off=530 00000000000000000000000000000000
N3GD_BODY id=13 off=540 00000000000000000000000000000000
N3GD_BODY id=13 off=550 00000000000000000000000000000000
N3GD_BODY id=13 off=560 00000000000000000000000000000000
N3GD_BODY id=13 off=570 00000000000000000000000000000000
N3GD_BODY id=13 off=580 00000000000000000000000000000000
N3GD_BODY id=13 off=590 00000000000000000000000000000000
N3GD_BODY id=13 off=5a0 00000000000000000000000000000000
N3GD_BODY id=13 off=5b0 00000000000000000000000000000000
N3GD_BODY id=13 off=5c0 00000000000000000000000000000000
N3GD_BODY id=13 off=5d0 00000000000000000000000000000000
N3GD_BODY id=13 off=5e0 00000000000000000000000000000000
N3GD_BODY id=13 off=5f0 00000000000000000000000000000000
N3GD_BODY id=13 off=600 00000000000000000000000000000000
N3GD_BODY id=13 off=610 00000000000000000000000000000000
N3GD_BODY id=13 off=620 00000000000000000000000000000000
N3GD_BODY id=13 off=630 00000000000000000000000000000000
N3GD_BODY id=13 off=640 00000000000000000000000000000000
N3GD_BODY id=13 off=650 00000000000000000000000000000000
N3GD_BODY id=13 off=660 00000000000000000000000000000000
N3GD_BODY id=13 off=670 00000000000000000000000000000000
N3GD_BODY id=13 off=680 00000000000000000000000000000000
N3GD_BODY id=13 off=690 00000000000000000000000000000000
N3GD_BODY id=13 off=6a0 00000000000000000000000000000000
N3GD_BODY id=13 off=6b0 00000000000000000000000000000000
N3GD_BODY id=13 off=6c0 00000000000000000000000000000000
N3GD_BODY id=13 off=6d0 00000000000000000000000000000000
N3GD_BODY id=13 off=6e0 00000000000000000000000000000000
N3GD_BODY id=13 off=6f0 00000000000000000000000000000000
N3GD_BODY id=13 off=700 00000000000000000000000000000000
N3GD_BODY id=13 off=710 00000000000000000000000000000000
N3GD_BODY id=13 off=720 00000000000000000000000000000000
N3GD_BODY id=13 off=730 00000000000000000000000000000000
N3GD_BODY id=13 off=740 00000000000000000000000000000000
N3GD_BODY id=13 off=750 00000000000000000000000000000000
N3GD_BODY id=13 off=760 00000000000000000000000000000000
N3GD_BODY id=13 off=770 00000000000000000000000000000000
N3GD_BODY id=13 off=780 00000000000000000000000000000000
N3GD_BODY id=13 off=790 00000000000000000000000000000000
N3GD_BODY id=13 off=7a0 00000000000000000000000000000000
N3GD_BODY id=13 off=7b0 00000000000000000000000000000000
N3GD_BODY id=13 off=7c0 00000000000000000000000000000000
N3GD_BODY id=13 off=7d0 00000000000000000000000000000000
N3GD_BODY id=13 off=7e0 00000000000000000000000000000000
N3GD_BODY id=13 off=7f0 00000000000000000000000000000000
N3GD_OOB id=13 off=000 000000000000000000000000e5ab0678
N3GD_OOB id=13 off=010 0a52efac2207c7a2053adbc8606282c5
N3GD_OOB id=13 off=020 374bcde4a25178a6eb7e94b8b7fa1e2e
N3GD_OOB id=13 off=030 eddbaafff14d9b9ea7ce563d3b3c79fe
N3GD_END id=13
N3GD_BEGIN id=14 kind=cand j=370 v=0036 po=511 sl=4294967295 l0=00008802 tgt=0000A07E bank=3 pb=479 pp=127 phy=61439 rc=0 t=40 l=00000000
N3GD_BODY id=14 off=000 00000000000000000000000000000000
N3GD_BODY id=14 off=010 00000000000000000000000000000000
N3GD_BODY id=14 off=020 00000000000000000000000000000000
N3GD_BODY id=14 off=030 00000000000000000000000000000000
N3GD_BODY id=14 off=040 00000000000000000000000000000000
N3GD_BODY id=14 off=050 00000000000000000000000000000000
N3GD_BODY id=14 off=060 00000000000000000000000000000000
N3GD_BODY id=14 off=070 00000000000000000000000000000000
N3GD_BODY id=14 off=080 00000000000000000000000000000000
N3GD_BODY id=14 off=090 00000000000000000000000000000000
N3GD_BODY id=14 off=0a0 00000000000000000000000000000000
N3GD_BODY id=14 off=0b0 00000000000000000000000000000000
N3GD_BODY id=14 off=0c0 00000000000000000000000000000000
N3GD_BODY id=14 off=0d0 00000000000000000000000000000000
N3GD_BODY id=14 off=0e0 00000000000000000000000000000000
N3GD_BODY id=14 off=0f0 00000000000000000000000000000000
N3GD_BODY id=14 off=100 00000000000000000000000000000000
N3GD_BODY id=14 off=110 00000000000000000000000000000000
N3GD_BODY id=14 off=120 00000000000000000000000000000000
N3GD_BODY id=14 off=130 00000000000000000000000000000000
N3GD_BODY id=14 off=140 00000000000000000000000000000000
N3GD_BODY id=14 off=150 00000000000000000000000000000000
N3GD_BODY id=14 off=160 00000000000000000000000000000000
N3GD_BODY id=14 off=170 00000000000000000000000000000000
N3GD_BODY id=14 off=180 00000000000000000000000000000000
N3GD_BODY id=14 off=190 00000000000000000000000000000000
N3GD_BODY id=14 off=1a0 00000000000000000000000000000000
N3GD_BODY id=14 off=1b0 00000000000000000000000000000000
N3GD_BODY id=14 off=1c0 00000000000000000000000000000000
N3GD_BODY id=14 off=1d0 00000000000000000000000000000000
N3GD_BODY id=14 off=1e0 00000000000000000000000000000000
N3GD_BODY id=14 off=1f0 00000000000000000000000000000000
N3GD_BODY id=14 off=200 00000000000000000000000000000000
N3GD_BODY id=14 off=210 00000000000000000000000000000000
N3GD_BODY id=14 off=220 00000000000000000000000000000000
N3GD_BODY id=14 off=230 00000000000000000000000000000000
N3GD_BODY id=14 off=240 00000000000000000000000000000000
N3GD_BODY id=14 off=250 00000000000000000000000000000000
N3GD_BODY id=14 off=260 00000000000000000000000000000000
N3GD_BODY id=14 off=270 00000000000000000000000000000000
N3GD_BODY id=14 off=280 00000000000000000000000000000000
N3GD_BODY id=14 off=290 00000000000000000000000000000000
N3GD_BODY id=14 off=2a0 00000000000000000000000000000000
N3GD_BODY id=14 off=2b0 00000000000000000000000000000000
N3GD_BODY id=14 off=2c0 00000000000000000000000000000000
N3GD_BODY id=14 off=2d0 00000000000000000000000000000000
N3GD_BODY id=14 off=2e0 00000000000000000000000000000000
N3GD_BODY id=14 off=2f0 00000000000000000000000000000000
N3GD_BODY id=14 off=300 00000000000000000000000000000000
N3GD_BODY id=14 off=310 00000000000000000000000000000000
N3GD_BODY id=14 off=320 00000000000000000000000000000000
N3GD_BODY id=14 off=330 00000000000000000000000000000000
N3GD_BODY id=14 off=340 00000000000000000000000000000000
N3GD_BODY id=14 off=350 00000000000000000000000000000000
N3GD_BODY id=14 off=360 00000000000000000000000000000000
N3GD_BODY id=14 off=370 00000000000000000000000000000000
N3GD_BODY id=14 off=380 00000000000000000000000000000000
N3GD_BODY id=14 off=390 00000000000000000000000000000000
N3GD_BODY id=14 off=3a0 00000000000000000000000000000000
N3GD_BODY id=14 off=3b0 00000000000000000000000000000000
N3GD_BODY id=14 off=3c0 00000000000000000000000000000000
N3GD_BODY id=14 off=3d0 00000000000000000000000000000000
N3GD_BODY id=14 off=3e0 00000000000000000000000000000000
N3GD_BODY id=14 off=3f0 00000000000000000000000000000000
N3GD_BODY id=14 off=400 00000000000000000000000000000000
N3GD_BODY id=14 off=410 00000000000000000000000000000000
N3GD_BODY id=14 off=420 00000000000000000000000000000000
N3GD_BODY id=14 off=430 00000000000000000000000000000000
N3GD_BODY id=14 off=440 00000000000000000000000000000000
N3GD_BODY id=14 off=450 00000000000000000000000000000000
N3GD_BODY id=14 off=460 00000000000000000000000000000000
N3GD_BODY id=14 off=470 00000000000000000000000000000000
N3GD_BODY id=14 off=480 00000000000000000000000000000000
N3GD_BODY id=14 off=490 00000000000000000000000000000000
N3GD_BODY id=14 off=4a0 00000000000000000000000000000000
N3GD_BODY id=14 off=4b0 00000000000000000000000000000000
N3GD_BODY id=14 off=4c0 00000000000000000000000000000000
N3GD_BODY id=14 off=4d0 00000000000000000000000000000000
N3GD_BODY id=14 off=4e0 00000000000000000000000000000000
N3GD_BODY id=14 off=4f0 00000000000000000000000000000000
N3GD_BODY id=14 off=500 00000000000000000000000000000000
N3GD_BODY id=14 off=510 00000000000000000000000000000000
N3GD_BODY id=14 off=520 00000000000000000000000000000000
N3GD_BODY id=14 off=530 00000000000000000000000000000000
N3GD_BODY id=14 off=540 00000000000000000000000000000000
N3GD_BODY id=14 off=550 00000000000000000000000000000000
N3GD_BODY id=14 off=560 00000000000000000000000000000000
N3GD_BODY id=14 off=570 00000000000000000000000000000000
N3GD_BODY id=14 off=580 00000000000000000000000000000000
N3GD_BODY id=14 off=590 00000000000000000000000000000000
N3GD_BODY id=14 off=5a0 00000000000000000000000000000000
N3GD_BODY id=14 off=5b0 00000000000000000000000000000000
N3GD_BODY id=14 off=5c0 00000000000000000000000000000000
N3GD_BODY id=14 off=5d0 00000000000000000000000000000000
N3GD_BODY id=14 off=5e0 00000000000000000000000000000000
N3GD_BODY id=14 off=5f0 00000000000000000000000000000000
N3GD_BODY id=14 off=600 00000000000000000000000000000000
N3GD_BODY id=14 off=610 00000000000000000000000000000000
N3GD_BODY id=14 off=620 00000000000000000000000000000000
N3GD_BODY id=14 off=630 00000000000000000000000000000000
N3GD_BODY id=14 off=640 00000000000000000000000000000000
N3GD_BODY id=14 off=650 00000000000000000000000000000000
N3GD_BODY id=14 off=660 00000000000000000000000000000000
N3GD_BODY id=14 off=670 00000000000000000000000000000000
N3GD_BODY id=14 off=680 00000000000000000000000000000000
N3GD_BODY id=14 off=690 00000000000000000000000000000000
N3GD_BODY id=14 off=6a0 00000000000000000000000000000000
N3GD_BODY id=14 off=6b0 00000000000000000000000000000000
N3GD_BODY id=14 off=6c0 00000000000000000000000000000000
N3GD_BODY id=14 off=6d0 00000000000000000000000000000000
N3GD_BODY id=14 off=6e0 00000000000000000000000000000000
N3GD_BODY id=14 off=6f0 00000000000000000000000000000000
N3GD_BODY id=14 off=700 00000000000000000000000000000000
N3GD_BODY id=14 off=710 00000000000000000000000000000000
N3GD_BODY id=14 off=720 00000000000000000000000000000000
N3GD_BODY id=14 off=730 00000000000000000000000000000000
N3GD_BODY id=14 off=740 00000000000000000000000000000000
N3GD_BODY id=14 off=750 00000000000000000000000000000000
N3GD_BODY id=14 off=760 00000000000000000000000000000000
N3GD_BODY id=14 off=770 00000000000000000000000000000000
N3GD_BODY id=14 off=780 00000000000000000000000000000000
N3GD_BODY id=14 off=790 00000000000000000000000000000000
N3GD_BODY id=14 off=7a0 00000000000000000000000000000000
N3GD_BODY id=14 off=7b0 00000000000000000000000000000000
N3GD_BODY id=14 off=7c0 00000000000000000000000000000000
N3GD_BODY id=14 off=7d0 00000000000000000000000000000000
N3GD_BODY id=14 off=7e0 00000000000000000000000000000000
N3GD_BODY id=14 off=7f0 00000000000000000000000000000000
N3GD_OOB id=14 off=000 000000000000000000000000e5ab0678
N3GD_OOB id=14 off=010 0a52efac2207c7a2053adbc8606282c5
N3GD_OOB id=14 off=020 374bcde4a25178a6eb7e94b8b7fa1e2e
N3GD_OOB id=14 off=030 eddbaafff14d9b9ea7ce563d3b3c79fe
N3GD_END id=14
N3GD_BEGIN id=15 kind=cand j=328 v=0035 po=511 sl=4294967295 l0=00008800 tgt=0000A07E bank=3 pb=478 pp=127 phy=61311 rc=0 t=40 l=00000000
N3GD_BODY id=15 off=000 00000000000000000000000000000000
N3GD_BODY id=15 off=010 00000000000000000000000000000000
N3GD_BODY id=15 off=020 00000000000000000000000000000000
N3GD_BODY id=15 off=030 00000000000000000000000000000000
N3GD_BODY id=15 off=040 00000000000000000000000000000000
N3GD_BODY id=15 off=050 00000000000000000000000000000000
N3GD_BODY id=15 off=060 00000000000000000000000000000000
N3GD_BODY id=15 off=070 00000000000000000000000000000000
N3GD_BODY id=15 off=080 00000000000000000000000000000000
N3GD_BODY id=15 off=090 00000000000000000000000000000000
N3GD_BODY id=15 off=0a0 00000000000000000000000000000000
N3GD_BODY id=15 off=0b0 00000000000000000000000000000000
N3GD_BODY id=15 off=0c0 00000000000000000000000000000000
N3GD_BODY id=15 off=0d0 00000000000000000000000000000000
N3GD_BODY id=15 off=0e0 00000000000000000000000000000000
N3GD_BODY id=15 off=0f0 00000000000000000000000000000000
N3GD_BODY id=15 off=100 00000000000000000000000000000000
N3GD_BODY id=15 off=110 00000000000000000000000000000000
N3GD_BODY id=15 off=120 00000000000000000000000000000000
N3GD_BODY id=15 off=130 00000000000000000000000000000000
N3GD_BODY id=15 off=140 00000000000000000000000000000000
N3GD_BODY id=15 off=150 00000000000000000000000000000000
N3GD_BODY id=15 off=160 00000000000000000000000000000000
N3GD_BODY id=15 off=170 00000000000000000000000000000000
N3GD_BODY id=15 off=180 00000000000000000000000000000000
N3GD_BODY id=15 off=190 00000000000000000000000000000000
N3GD_BODY id=15 off=1a0 00000000000000000000000000000000
N3GD_BODY id=15 off=1b0 00000000000000000000000000000000
N3GD_BODY id=15 off=1c0 00000000000000000000000000000000
N3GD_BODY id=15 off=1d0 00000000000000000000000000000000
N3GD_BODY id=15 off=1e0 00000000000000000000000000000000
N3GD_BODY id=15 off=1f0 00000000000000000000000000000000
N3GD_BODY id=15 off=200 00000000000000000000000000000000
N3GD_BODY id=15 off=210 00000000000000000000000000000000
N3GD_BODY id=15 off=220 00000000000000000000000000000000
N3GD_BODY id=15 off=230 00000000000000000000000000000000
N3GD_BODY id=15 off=240 00000000000000000000000000000000
N3GD_BODY id=15 off=250 00000000000000000000000000000000
N3GD_BODY id=15 off=260 00000000000000000000000000000000
N3GD_BODY id=15 off=270 00000000000000000000000000000000
N3GD_BODY id=15 off=280 00000000000000000000000000000000
N3GD_BODY id=15 off=290 00000000000000000000000000000000
N3GD_BODY id=15 off=2a0 00000000000000000000000000000000
N3GD_BODY id=15 off=2b0 00000000000000000000000000000000
N3GD_BODY id=15 off=2c0 00000000000000000000000000000000
N3GD_BODY id=15 off=2d0 00000000000000000000000000000000
N3GD_BODY id=15 off=2e0 00000000000000000000000000000000
N3GD_BODY id=15 off=2f0 00000000000000000000000000000000
N3GD_BODY id=15 off=300 00000000000000000000000000000000
N3GD_BODY id=15 off=310 00000000000000000000000000000000
N3GD_BODY id=15 off=320 00000000000000000000000000000000
N3GD_BODY id=15 off=330 00000000000000000000000000000000
N3GD_BODY id=15 off=340 00000000000000000000000000000000
N3GD_BODY id=15 off=350 00000000000000000000000000000000
N3GD_BODY id=15 off=360 00000000000000000000000000000000
N3GD_BODY id=15 off=370 00000000000000000000000000000000
N3GD_BODY id=15 off=380 00000000000000000000000000000000
N3GD_BODY id=15 off=390 00000000000000000000000000000000
N3GD_BODY id=15 off=3a0 00000000000000000000000000000000
N3GD_BODY id=15 off=3b0 00000000000000000000000000000000
N3GD_BODY id=15 off=3c0 00000000000000000000000000000000
N3GD_BODY id=15 off=3d0 00000000000000000000000000000000
N3GD_BODY id=15 off=3e0 00000000000000000000000000000000
N3GD_BODY id=15 off=3f0 00000000000000000000000000000000
N3GD_BODY id=15 off=400 00000000000000000000000000000000
N3GD_BODY id=15 off=410 00000000000000000000000000000000
N3GD_BODY id=15 off=420 00000000000000000000000000000000
N3GD_BODY id=15 off=430 00000000000000000000000000000000
N3GD_BODY id=15 off=440 00000000000000000000000000000000
N3GD_BODY id=15 off=450 00000000000000000000000000000000
N3GD_BODY id=15 off=460 00000000000000000000000000000000
N3GD_BODY id=15 off=470 00000000000000000000000000000000
N3GD_BODY id=15 off=480 00000000000000000000000000000000
N3GD_BODY id=15 off=490 00000000000000000000000000000000
N3GD_BODY id=15 off=4a0 00000000000000000000000000000000
N3GD_BODY id=15 off=4b0 00000000000000000000000000000000
N3GD_BODY id=15 off=4c0 00000000000000000000000000000000
N3GD_BODY id=15 off=4d0 00000000000000000000000000000000
N3GD_BODY id=15 off=4e0 00000000000000000000000000000000
N3GD_BODY id=15 off=4f0 00000000000000000000000000000000
N3GD_BODY id=15 off=500 00000000000000000000000000000000
N3GD_BODY id=15 off=510 00000000000000000000000000000000
N3GD_BODY id=15 off=520 00000000000000000000000000000000
N3GD_BODY id=15 off=530 00000000000000000000000000000000
N3GD_BODY id=15 off=540 00000000000000000000000000000000
N3GD_BODY id=15 off=550 00000000000000000000000000000000
N3GD_BODY id=15 off=560 00000000000000000000000000000000
N3GD_BODY id=15 off=570 00000000000000000000000000000000
N3GD_BODY id=15 off=580 00000000000000000000000000000000
N3GD_BODY id=15 off=590 00000000000000000000000000000000
N3GD_BODY id=15 off=5a0 00000000000000000000000000000000
N3GD_BODY id=15 off=5b0 00000000000000000000000000000000
N3GD_BODY id=15 off=5c0 00000000000000000000000000000000
N3GD_BODY id=15 off=5d0 00000000000000000000000000000000
N3GD_BODY id=15 off=5e0 00000000000000000000000000000000
N3GD_BODY id=15 off=5f0 00000000000000000000000000000000
N3GD_BODY id=15 off=600 00000000000000000000000000000000
N3GD_BODY id=15 off=610 00000000000000000000000000000000
N3GD_BODY id=15 off=620 00000000000000000000000000000000
N3GD_BODY id=15 off=630 00000000000000000000000000000000
N3GD_BODY id=15 off=640 00000000000000000000000000000000
N3GD_BODY id=15 off=650 00000000000000000000000000000000
N3GD_BODY id=15 off=660 00000000000000000000000000000000
N3GD_BODY id=15 off=670 00000000000000000000000000000000
N3GD_BODY id=15 off=680 00000000000000000000000000000000
N3GD_BODY id=15 off=690 00000000000000000000000000000000
N3GD_BODY id=15 off=6a0 00000000000000000000000000000000
N3GD_BODY id=15 off=6b0 00000000000000000000000000000000
N3GD_BODY id=15 off=6c0 00000000000000000000000000000000
N3GD_BODY id=15 off=6d0 00000000000000000000000000000000
N3GD_BODY id=15 off=6e0 00000000000000000000000000000000
N3GD_BODY id=15 off=6f0 00000000000000000000000000000000
N3GD_BODY id=15 off=700 00000000000000000000000000000000
N3GD_BODY id=15 off=710 00000000000000000000000000000000
N3GD_BODY id=15 off=720 00000000000000000000000000000000
N3GD_BODY id=15 off=730 00000000000000000000000000000000
N3GD_BODY id=15 off=740 00000000000000000000000000000000
N3GD_BODY id=15 off=750 00000000000000000000000000000000
N3GD_BODY id=15 off=760 00000000000000000000000000000000
N3GD_BODY id=15 off=770 00000000000000000000000000000000
N3GD_BODY id=15 off=780 00000000000000000000000000000000
N3GD_BODY id=15 off=790 00000000000000000000000000000000
N3GD_BODY id=15 off=7a0 00000000000000000000000000000000
N3GD_BODY id=15 off=7b0 00000000000000000000000000000000
N3GD_BODY id=15 off=7c0 00000000000000000000000000000000
N3GD_BODY id=15 off=7d0 00000000000000000000000000000000
N3GD_BODY id=15 off=7e0 00000000000000000000000000000000
N3GD_BODY id=15 off=7f0 00000000000000000000000000000000
N3GD_OOB id=15 off=000 000000000000000000000000e5ab0678
N3GD_OOB id=15 off=010 0a52efac2207c7a2053adbc8606282c5
N3GD_OOB id=15 off=020 374bcde4a25178a6eb7e94b8b7fa1e2e
N3GD_OOB id=15 off=030 eddbaafff14d9b9ea7ce563d3b3c79fe
N3GD_END id=15
N3GD_BEGIN id=16 kind=cand j=660 v=04e8 po=511 sl=4294967295 l0=00008002 tgt=0000A07E bank=3 pb=1681 pp=127 phy=215295 rc=0 t=40 l=00000000
N3GD_BODY id=16 off=000 00000000000000000000000000000000
N3GD_BODY id=16 off=010 00000000000000000000000000000000
N3GD_BODY id=16 off=020 00000000000000000000000000000000
N3GD_BODY id=16 off=030 00000000000000000000000000000000
N3GD_BODY id=16 off=040 00000000000000000000000000000000
N3GD_BODY id=16 off=050 00000000000000000000000000000000
N3GD_BODY id=16 off=060 00000000000000000000000000000000
N3GD_BODY id=16 off=070 00000000000000000000000000000000
N3GD_BODY id=16 off=080 00000000000000000000000000000000
N3GD_BODY id=16 off=090 00000000000000000000000000000000
N3GD_BODY id=16 off=0a0 00000000000000000000000000000000
N3GD_BODY id=16 off=0b0 00000000000000000000000000000000
N3GD_BODY id=16 off=0c0 00000000000000000000000000000000
N3GD_BODY id=16 off=0d0 00000000000000000000000000000000
N3GD_BODY id=16 off=0e0 00000000000000000000000000000000
N3GD_BODY id=16 off=0f0 00000000000000000000000000000000
N3GD_BODY id=16 off=100 00000000000000000000000000000000
N3GD_BODY id=16 off=110 00000000000000000000000000000000
N3GD_BODY id=16 off=120 00000000000000000000000000000000
N3GD_BODY id=16 off=130 00000000000000000000000000000000
N3GD_BODY id=16 off=140 00000000000000000000000000000000
N3GD_BODY id=16 off=150 00000000000000000000000000000000
N3GD_BODY id=16 off=160 00000000000000000000000000000000
N3GD_BODY id=16 off=170 00000000000000000000000000000000
N3GD_BODY id=16 off=180 00000000000000000000000000000000
N3GD_BODY id=16 off=190 00000000000000000000000000000000
N3GD_BODY id=16 off=1a0 00000000000000000000000000000000
N3GD_BODY id=16 off=1b0 00000000000000000000000000000000
N3GD_BODY id=16 off=1c0 00000000000000000000000000000000
N3GD_BODY id=16 off=1d0 00000000000000000000000000000000
N3GD_BODY id=16 off=1e0 00000000000000000000000000000000
N3GD_BODY id=16 off=1f0 00000000000000000000000000000000
N3GD_BODY id=16 off=200 00000000000000000000000000000000
N3GD_BODY id=16 off=210 00000000000000000000000000000000
N3GD_BODY id=16 off=220 00000000000000000000000000000000
N3GD_BODY id=16 off=230 00000000000000000000000000000000
N3GD_BODY id=16 off=240 00000000000000000000000000000000
N3GD_BODY id=16 off=250 00000000000000000000000000000000
N3GD_BODY id=16 off=260 00000000000000000000000000000000
N3GD_BODY id=16 off=270 00000000000000000000000000000000
N3GD_BODY id=16 off=280 00000000000000000000000000000000
N3GD_BODY id=16 off=290 00000000000000000000000000000000
N3GD_BODY id=16 off=2a0 00000000000000000000000000000000
N3GD_BODY id=16 off=2b0 00000000000000000000000000000000
N3GD_BODY id=16 off=2c0 00000000000000000000000000000000
N3GD_BODY id=16 off=2d0 00000000000000000000000000000000
N3GD_BODY id=16 off=2e0 00000000000000000000000000000000
N3GD_BODY id=16 off=2f0 00000000000000000000000000000000
N3GD_BODY id=16 off=300 00000000000000000000000000000000
N3GD_BODY id=16 off=310 00000000000000000000000000000000
N3GD_BODY id=16 off=320 00000000000000000000000000000000
N3GD_BODY id=16 off=330 00000000000000000000000000000000
N3GD_BODY id=16 off=340 00000000000000000000000000000000
N3GD_BODY id=16 off=350 00000000000000000000000000000000
N3GD_BODY id=16 off=360 00000000000000000000000000000000
N3GD_BODY id=16 off=370 00000000000000000000000000000000
N3GD_BODY id=16 off=380 00000000000000000000000000000000
N3GD_BODY id=16 off=390 00000000000000000000000000000000
N3GD_BODY id=16 off=3a0 00000000000000000000000000000000
N3GD_BODY id=16 off=3b0 00000000000000000000000000000000
N3GD_BODY id=16 off=3c0 00000000000000000000000000000000
N3GD_BODY id=16 off=3d0 00000000000000000000000000000000
N3GD_BODY id=16 off=3e0 00000000000000000000000000000000
N3GD_BODY id=16 off=3f0 00000000000000000000000000000000
N3GD_BODY id=16 off=400 00000000000000000000000000000000
N3GD_BODY id=16 off=410 00000000000000000000000000000000
N3GD_BODY id=16 off=420 00000000000000000000000000000000
N3GD_BODY id=16 off=430 00000000000000000000000000000000
N3GD_BODY id=16 off=440 00000000000000000000000000000000
N3GD_BODY id=16 off=450 00000000000000000000000000000000
N3GD_BODY id=16 off=460 00000000000000000000000000000000
N3GD_BODY id=16 off=470 00000000000000000000000000000000
N3GD_BODY id=16 off=480 00000000000000000000000000000000
N3GD_BODY id=16 off=490 00000000000000000000000000000000
N3GD_BODY id=16 off=4a0 00000000000000000000000000000000
N3GD_BODY id=16 off=4b0 00000000000000000000000000000000
N3GD_BODY id=16 off=4c0 00000000000000000000000000000000
N3GD_BODY id=16 off=4d0 00000000000000000000000000000000
N3GD_BODY id=16 off=4e0 00000000000000000000000000000000
N3GD_BODY id=16 off=4f0 00000000000000000000000000000000
N3GD_BODY id=16 off=500 00000000000000000000000000000000
N3GD_BODY id=16 off=510 00000000000000000000000000000000
N3GD_BODY id=16 off=520 00000000000000000000000000000000
N3GD_BODY id=16 off=530 00000000000000000000000000000000
N3GD_BODY id=16 off=540 00000000000000000000000000000000
N3GD_BODY id=16 off=550 00000000000000000000000000000000
N3GD_BODY id=16 off=560 00000000000000000000000000000000
N3GD_BODY id=16 off=570 00000000000000000000000000000000
N3GD_BODY id=16 off=580 00000000000000000000000000000000
N3GD_BODY id=16 off=590 00000000000000000000000000000000
N3GD_BODY id=16 off=5a0 00000000000000000000000000000000
N3GD_BODY id=16 off=5b0 00000000000000000000000000000000
N3GD_BODY id=16 off=5c0 00000000000000000000000000000000
N3GD_BODY id=16 off=5d0 00000000000000000000000000000000
N3GD_BODY id=16 off=5e0 00000000000000000000000000000000
N3GD_BODY id=16 off=5f0 00000000000000000000000000000000
N3GD_BODY id=16 off=600 00000000000000000000000000000000
N3GD_BODY id=16 off=610 00000000000000000000000000000000
N3GD_BODY id=16 off=620 00000000000000000000000000000000
N3GD_BODY id=16 off=630 00000000000000000000000000000000
N3GD_BODY id=16 off=640 00000000000000000000000000000000
N3GD_BODY id=16 off=650 00000000000000000000000000000000
N3GD_BODY id=16 off=660 00000000000000000000000000000000
N3GD_BODY id=16 off=670 00000000000000000000000000000000
N3GD_BODY id=16 off=680 00000000000000000000000000000000
N3GD_BODY id=16 off=690 00000000000000000000000000000000
N3GD_BODY id=16 off=6a0 00000000000000000000000000000000
N3GD_BODY id=16 off=6b0 00000000000000000000000000000000
N3GD_BODY id=16 off=6c0 00000000000000000000000000000000
N3GD_BODY id=16 off=6d0 00000000000000000000000000000000
N3GD_BODY id=16 off=6e0 00000000000000000000000000000000
N3GD_BODY id=16 off=6f0 00000000000000000000000000000000
N3GD_BODY id=16 off=700 00000000000000000000000000000000
N3GD_BODY id=16 off=710 00000000000000000000000000000000
N3GD_BODY id=16 off=720 00000000000000000000000000000000
N3GD_BODY id=16 off=730 00000000000000000000000000000000
N3GD_BODY id=16 off=740 00000000000000000000000000000000
N3GD_BODY id=16 off=750 00000000000000000000000000000000
N3GD_BODY id=16 off=760 00000000000000000000000000000000
N3GD_BODY id=16 off=770 00000000000000000000000000000000
N3GD_BODY id=16 off=780 00000000000000000000000000000000
N3GD_BODY id=16 off=790 00000000000000000000000000000000
N3GD_BODY id=16 off=7a0 00000000000000000000000000000000
N3GD_BODY id=16 off=7b0 00000000000000000000000000000000
N3GD_BODY id=16 off=7c0 00000000000000000000000000000000
N3GD_BODY id=16 off=7d0 00000000000000000000000000000000
N3GD_BODY id=16 off=7e0 00000000000000000000000000000000
N3GD_BODY id=16 off=7f0 00000000000000000000000000000000
N3GD_OOB id=16 off=000 000000000000000000000000e5ab0678
N3GD_OOB id=16 off=010 0a52efac2207c7a2053adbc8606282c5
N3GD_OOB id=16 off=020 374bcde4a25178a6eb7e94b8b7fa1e2e
N3GD_OOB id=16 off=030 eddbaafff14d9b9ea7ce563d3b3c79fe
N3GD_END id=16
N3GD_BEGIN id=17 kind=cand j=521 v=04e7 po=511 sl=4294967295 l0=00008000 tgt=0000A07E bank=3 pb=1680 pp=127 phy=215167 rc=0 t=40 l=00000000
N3GD_BODY id=17 off=000 00000000000000000000000000000000
N3GD_BODY id=17 off=010 00000000000000000000000000000000
N3GD_BODY id=17 off=020 00000000000000000000000000000000
N3GD_BODY id=17 off=030 00000000000000000000000000000000
N3GD_BODY id=17 off=040 00000000000000000000000000000000
N3GD_BODY id=17 off=050 00000000000000000000000000000000
N3GD_BODY id=17 off=060 00000000000000000000000000000000
N3GD_BODY id=17 off=070 00000000000000000000000000000000
N3GD_BODY id=17 off=080 00000000000000000000000000000000
N3GD_BODY id=17 off=090 00000000000000000000000000000000
N3GD_BODY id=17 off=0a0 00000000000000000000000000000000
N3GD_BODY id=17 off=0b0 00000000000000000000000000000000
N3GD_BODY id=17 off=0c0 00000000000000000000000000000000
N3GD_BODY id=17 off=0d0 00000000000000000000000000000000
N3GD_BODY id=17 off=0e0 00000000000000000000000000000000
N3GD_BODY id=17 off=0f0 00000000000000000000000000000000
N3GD_BODY id=17 off=100 00000000000000000000000000000000
N3GD_BODY id=17 off=110 00000000000000000000000000000000
N3GD_BODY id=17 off=120 00000000000000000000000000000000
N3GD_BODY id=17 off=130 00000000000000000000000000000000
N3GD_BODY id=17 off=140 00000000000000000000000000000000
N3GD_BODY id=17 off=150 00000000000000000000000000000000
N3GD_BODY id=17 off=160 00000000000000000000000000000000
N3GD_BODY id=17 off=170 00000000000000000000000000000000
N3GD_BODY id=17 off=180 00000000000000000000000000000000
N3GD_BODY id=17 off=190 00000000000000000000000000000000
N3GD_BODY id=17 off=1a0 00000000000000000000000000000000
N3GD_BODY id=17 off=1b0 00000000000000000000000000000000
N3GD_BODY id=17 off=1c0 00000000000000000000000000000000
N3GD_BODY id=17 off=1d0 00000000000000000000000000000000
N3GD_BODY id=17 off=1e0 00000000000000000000000000000000
N3GD_BODY id=17 off=1f0 00000000000000000000000000000000
N3GD_BODY id=17 off=200 00000000000000000000000000000000
N3GD_BODY id=17 off=210 00000000000000000000000000000000
N3GD_BODY id=17 off=220 00000000000000000000000000000000
N3GD_BODY id=17 off=230 00000000000000000000000000000000
N3GD_BODY id=17 off=240 00000000000000000000000000000000
N3GD_BODY id=17 off=250 00000000000000000000000000000000
N3GD_BODY id=17 off=260 00000000000000000000000000000000
N3GD_BODY id=17 off=270 00000000000000000000000000000000
N3GD_BODY id=17 off=280 00000000000000000000000000000000
N3GD_BODY id=17 off=290 00000000000000000000000000000000
N3GD_BODY id=17 off=2a0 00000000000000000000000000000000
N3GD_BODY id=17 off=2b0 00000000000000000000000000000000
N3GD_BODY id=17 off=2c0 00000000000000000000000000000000
N3GD_BODY id=17 off=2d0 00000000000000000000000000000000
N3GD_BODY id=17 off=2e0 00000000000000000000000000000000
N3GD_BODY id=17 off=2f0 00000000000000000000000000000000
N3GD_BODY id=17 off=300 00000000000000000000000000000000
N3GD_BODY id=17 off=310 00000000000000000000000000000000
N3GD_BODY id=17 off=320 00000000000000000000000000000000
N3GD_BODY id=17 off=330 00000000000000000000000000000000
N3GD_BODY id=17 off=340 00000000000000000000000000000000
N3GD_BODY id=17 off=350 00000000000000000000000000000000
N3GD_BODY id=17 off=360 00000000000000000000000000000000
N3GD_BODY id=17 off=370 00000000000000000000000000000000
N3GD_BODY id=17 off=380 00000000000000000000000000000000
N3GD_BODY id=17 off=390 00000000000000000000000000000000
N3GD_BODY id=17 off=3a0 00000000000000000000000000000000
N3GD_BODY id=17 off=3b0 00000000000000000000000000000000
N3GD_BODY id=17 off=3c0 00000000000000000000000000000000
N3GD_BODY id=17 off=3d0 00000000000000000000000000000000
N3GD_BODY id=17 off=3e0 00000000000000000000000000000000
N3GD_BODY id=17 off=3f0 00000000000000000000000000000000
N3GD_BODY id=17 off=400 00000000000000000000000000000000
N3GD_BODY id=17 off=410 00000000000000000000000000000000
N3GD_BODY id=17 off=420 00000000000000000000000000000000
N3GD_BODY id=17 off=430 00000000000000000000000000000000
N3GD_BODY id=17 off=440 00000000000000000000000000000000
N3GD_BODY id=17 off=450 00000000000000000000000000000000
N3GD_BODY id=17 off=460 00000000000000000000000000000000
N3GD_BODY id=17 off=470 00000000000000000000000000000000
N3GD_BODY id=17 off=480 00000000000000000000000000000000
N3GD_BODY id=17 off=490 00000000000000000000000000000000
N3GD_BODY id=17 off=4a0 00000000000000000000000000000000
N3GD_BODY id=17 off=4b0 00000000000000000000000000000000
N3GD_BODY id=17 off=4c0 00000000000000000000000000000000
N3GD_BODY id=17 off=4d0 00000000000000000000000000000000
N3GD_BODY id=17 off=4e0 00000000000000000000000000000000
N3GD_BODY id=17 off=4f0 00000000000000000000000000000000
N3GD_BODY id=17 off=500 00000000000000000000000000000000
N3GD_BODY id=17 off=510 00000000000000000000000000000000
N3GD_BODY id=17 off=520 00000000000000000000000000000000
N3GD_BODY id=17 off=530 00000000000000000000000000000000
N3GD_BODY id=17 off=540 00000000000000000000000000000000
N3GD_BODY id=17 off=550 00000000000000000000000000000000
N3GD_BODY id=17 off=560 00000000000000000000000000000000
N3GD_BODY id=17 off=570 00000000000000000000000000000000
N3GD_BODY id=17 off=580 00000000000000000000000000000000
N3GD_BODY id=17 off=590 00000000000000000000000000000000
N3GD_BODY id=17 off=5a0 00000000000000000000000000000000
N3GD_BODY id=17 off=5b0 00000000000000000000000000000000
N3GD_BODY id=17 off=5c0 00000000000000000000000000000000
N3GD_BODY id=17 off=5d0 00000000000000000000000000000000
N3GD_BODY id=17 off=5e0 00000000000000000000000000000000
N3GD_BODY id=17 off=5f0 00000000000000000000000000000000
N3GD_BODY id=17 off=600 00000000000000000000000000000000
N3GD_BODY id=17 off=610 00000000000000000000000000000000
N3GD_BODY id=17 off=620 00000000000000000000000000000000
N3GD_BODY id=17 off=630 00000000000000000000000000000000
N3GD_BODY id=17 off=640 00000000000000000000000000000000
N3GD_BODY id=17 off=650 00000000000000000000000000000000
N3GD_BODY id=17 off=660 00000000000000000000000000000000
N3GD_BODY id=17 off=670 00000000000000000000000000000000
N3GD_BODY id=17 off=680 00000000000000000000000000000000
N3GD_BODY id=17 off=690 00000000000000000000000000000000
N3GD_BODY id=17 off=6a0 00000000000000000000000000000000
N3GD_BODY id=17 off=6b0 00000000000000000000000000000000
N3GD_BODY id=17 off=6c0 00000000000000000000000000000000
N3GD_BODY id=17 off=6d0 00000000000000000000000000000000
N3GD_BODY id=17 off=6e0 00000000000000000000000000000000
N3GD_BODY id=17 off=6f0 00000000000000000000000000000000
N3GD_BODY id=17 off=700 00000000000000000000000000000000
N3GD_BODY id=17 off=710 00000000000000000000000000000000
N3GD_BODY id=17 off=720 00000000000000000000000000000000
N3GD_BODY id=17 off=730 00000000000000000000000000000000
N3GD_BODY id=17 off=740 00000000000000000000000000000000
N3GD_BODY id=17 off=750 00000000000000000000000000000000
N3GD_BODY id=17 off=760 00000000000000000000000000000000
N3GD_BODY id=17 off=770 00000000000000000000000000000000
N3GD_BODY id=17 off=780 00000000000000000000000000000000
N3GD_BODY id=17 off=790 00000000000000000000000000000000
N3GD_BODY id=17 off=7a0 00000000000000000000000000000000
N3GD_BODY id=17 off=7b0 00000000000000000000000000000000
N3GD_BODY id=17 off=7c0 00000000000000000000000000000000
N3GD_BODY id=17 off=7d0 00000000000000000000000000000000
N3GD_BODY id=17 off=7e0 00000000000000000000000000000000
N3GD_BODY id=17 off=7f0 00000000000000000000000000000000
N3GD_OOB id=17 off=000 000000000000000000000000e5ab0678
N3GD_OOB id=17 off=010 0a52efac2207c7a2053adbc8606282c5
N3GD_OOB id=17 off=020 374bcde4a25178a6eb7e94b8b7fa1e2e
N3GD_OOB id=17 off=030 eddbaafff14d9b9ea7ce563d3b3c79fe
N3GD_END id=17
N3GD_BEGIN id=18 kind=cand j=966 v=04ea po=511 sl=4294967295 l0=00007c02 tgt=0000A07E bank=3 pb=1683 pp=127 phy=215551 rc=0 t=40 l=00000000
N3GD_BODY id=18 off=000 00000000000000000000000000000000
N3GD_BODY id=18 off=010 00000000000000000000000000000000
N3GD_BODY id=18 off=020 00000000000000000000000000000000
N3GD_BODY id=18 off=030 00000000000000000000000000000000
N3GD_BODY id=18 off=040 00000000000000000000000000000000
N3GD_BODY id=18 off=050 00000000000000000000000000000000
N3GD_BODY id=18 off=060 00000000000000000000000000000000
N3GD_BODY id=18 off=070 00000000000000000000000000000000
N3GD_BODY id=18 off=080 00000000000000000000000000000000
N3GD_BODY id=18 off=090 00000000000000000000000000000000
N3GD_BODY id=18 off=0a0 00000000000000000000000000000000
N3GD_BODY id=18 off=0b0 00000000000000000000000000000000
N3GD_BODY id=18 off=0c0 00000000000000000000000000000000
N3GD_BODY id=18 off=0d0 00000000000000000000000000000000
N3GD_BODY id=18 off=0e0 00000000000000000000000000000000
N3GD_BODY id=18 off=0f0 00000000000000000000000000000000
N3GD_BODY id=18 off=100 00000000000000000000000000000000
N3GD_BODY id=18 off=110 00000000000000000000000000000000
N3GD_BODY id=18 off=120 00000000000000000000000000000000
N3GD_BODY id=18 off=130 00000000000000000000000000000000
N3GD_BODY id=18 off=140 00000000000000000000000000000000
N3GD_BODY id=18 off=150 00000000000000000000000000000000
N3GD_BODY id=18 off=160 00000000000000000000000000000000
N3GD_BODY id=18 off=170 00000000000000000000000000000000
N3GD_BODY id=18 off=180 00000000000000000000000000000000
N3GD_BODY id=18 off=190 00000000000000000000000000000000
N3GD_BODY id=18 off=1a0 00000000000000000000000000000000
N3GD_BODY id=18 off=1b0 00000000000000000000000000000000
N3GD_BODY id=18 off=1c0 00000000000000000000000000000000
N3GD_BODY id=18 off=1d0 00000000000000000000000000000000
N3GD_BODY id=18 off=1e0 00000000000000000000000000000000
N3GD_BODY id=18 off=1f0 00000000000000000000000000000000
N3GD_BODY id=18 off=200 00000000000000000000000000000000
N3GD_BODY id=18 off=210 00000000000000000000000000000000
N3GD_BODY id=18 off=220 00000000000000000000000000000000
N3GD_BODY id=18 off=230 00000000000000000000000000000000
N3GD_BODY id=18 off=240 00000000000000000000000000000000
N3GD_BODY id=18 off=250 00000000000000000000000000000000
N3GD_BODY id=18 off=260 00000000000000000000000000000000
N3GD_BODY id=18 off=270 00000000000000000000000000000000
N3GD_BODY id=18 off=280 00000000000000000000000000000000
N3GD_BODY id=18 off=290 00000000000000000000000000000000
N3GD_BODY id=18 off=2a0 00000000000000000000000000000000
N3GD_BODY id=18 off=2b0 00000000000000000000000000000000
N3GD_BODY id=18 off=2c0 00000000000000000000000000000000
N3GD_BODY id=18 off=2d0 00000000000000000000000000000000
N3GD_BODY id=18 off=2e0 00000000000000000000000000000000
N3GD_BODY id=18 off=2f0 00000000000000000000000000000000
N3GD_BODY id=18 off=300 00000000000000000000000000000000
N3GD_BODY id=18 off=310 00000000000000000000000000000000
N3GD_BODY id=18 off=320 00000000000000000000000000000000
N3GD_BODY id=18 off=330 00000000000000000000000000000000
N3GD_BODY id=18 off=340 00000000000000000000000000000000
N3GD_BODY id=18 off=350 00000000000000000000000000000000
N3GD_BODY id=18 off=360 00000000000000000000000000000000
N3GD_BODY id=18 off=370 00000000000000000000000000000000
N3GD_BODY id=18 off=380 00000000000000000000000000000000
N3GD_BODY id=18 off=390 00000000000000000000000000000000
N3GD_BODY id=18 off=3a0 00000000000000000000000000000000
N3GD_BODY id=18 off=3b0 00000000000000000000000000000000
N3GD_BODY id=18 off=3c0 00000000000000000000000000000000
N3GD_BODY id=18 off=3d0 00000000000000000000000000000000
N3GD_BODY id=18 off=3e0 00000000000000000000000000000000
N3GD_BODY id=18 off=3f0 00000000000000000000000000000000
N3GD_BODY id=18 off=400 00000000000000000000000000000000
N3GD_BODY id=18 off=410 00000000000000000000000000000000
N3GD_BODY id=18 off=420 00000000000000000000000000000000
N3GD_BODY id=18 off=430 00000000000000000000000000000000
N3GD_BODY id=18 off=440 00000000000000000000000000000000
N3GD_BODY id=18 off=450 00000000000000000000000000000000
N3GD_BODY id=18 off=460 00000000000000000000000000000000
N3GD_BODY id=18 off=470 00000000000000000000000000000000
N3GD_BODY id=18 off=480 00000000000000000000000000000000
N3GD_BODY id=18 off=490 00000000000000000000000000000000
N3GD_BODY id=18 off=4a0 00000000000000000000000000000000
N3GD_BODY id=18 off=4b0 00000000000000000000000000000000
N3GD_BODY id=18 off=4c0 00000000000000000000000000000000
N3GD_BODY id=18 off=4d0 00000000000000000000000000000000
N3GD_BODY id=18 off=4e0 00000000000000000000000000000000
N3GD_BODY id=18 off=4f0 00000000000000000000000000000000
N3GD_BODY id=18 off=500 00000000000000000000000000000000
N3GD_BODY id=18 off=510 00000000000000000000000000000000
N3GD_BODY id=18 off=520 00000000000000000000000000000000
N3GD_BODY id=18 off=530 00000000000000000000000000000000
N3GD_BODY id=18 off=540 00000000000000000000000000000000
N3GD_BODY id=18 off=550 00000000000000000000000000000000
N3GD_BODY id=18 off=560 00000000000000000000000000000000
N3GD_BODY id=18 off=570 00000000000000000000000000000000
N3GD_BODY id=18 off=580 00000000000000000000000000000000
N3GD_BODY id=18 off=590 00000000000000000000000000000000
N3GD_BODY id=18 off=5a0 00000000000000000000000000000000
N3GD_BODY id=18 off=5b0 00000000000000000000000000000000
N3GD_BODY id=18 off=5c0 00000000000000000000000000000000
N3GD_BODY id=18 off=5d0 00000000000000000000000000000000
N3GD_BODY id=18 off=5e0 00000000000000000000000000000000
N3GD_BODY id=18 off=5f0 00000000000000000000000000000000
N3GD_BODY id=18 off=600 00000000000000000000000000000000
N3GD_BODY id=18 off=610 00000000000000000000000000000000
N3GD_BODY id=18 off=620 00000000000000000000000000000000
N3GD_BODY id=18 off=630 00000000000000000000000000000000
N3GD_BODY id=18 off=640 00000000000000000000000000000000
N3GD_BODY id=18 off=650 00000000000000000000000000000000
N3GD_BODY id=18 off=660 00000000000000000000000000000000
N3GD_BODY id=18 off=670 00000000000000000000000000000000
N3GD_BODY id=18 off=680 00000000000000000000000000000000
N3GD_BODY id=18 off=690 00000000000000000000000000000000
N3GD_BODY id=18 off=6a0 00000000000000000000000000000000
N3GD_BODY id=18 off=6b0 00000000000000000000000000000000
N3GD_BODY id=18 off=6c0 00000000000000000000000000000000
N3GD_BODY id=18 off=6d0 00000000000000000000000000000000
N3GD_BODY id=18 off=6e0 00000000000000000000000000000000
N3GD_BODY id=18 off=6f0 00000000000000000000000000000000
N3GD_BODY id=18 off=700 00000000000000000000000000000000
N3GD_BODY id=18 off=710 00000000000000000000000000000000
N3GD_BODY id=18 off=720 00000000000000000000000000000000
N3GD_BODY id=18 off=730 00000000000000000000000000000000
N3GD_BODY id=18 off=740 00000000000000000000000000000000
N3GD_BODY id=18 off=750 00000000000000000000000000000000
N3GD_BODY id=18 off=760 00000000000000000000000000000000
N3GD_BODY id=18 off=770 00000000000000000000000000000000
N3GD_BODY id=18 off=780 00000000000000000000000000000000
N3GD_BODY id=18 off=790 00000000000000000000000000000000
N3GD_BODY id=18 off=7a0 00000000000000000000000000000000
N3GD_BODY id=18 off=7b0 00000000000000000000000000000000
N3GD_BODY id=18 off=7c0 00000000000000000000000000000000
N3GD_BODY id=18 off=7d0 00000000000000000000000000000000
N3GD_BODY id=18 off=7e0 00000000000000000000000000000000
N3GD_BODY id=18 off=7f0 00000000000000000000000000000000
N3GD_OOB id=18 off=000 000000000000000000000000e5ab0678
N3GD_OOB id=18 off=010 0a52efac2207c7a2053adbc8606282c5
N3GD_OOB id=18 off=020 374bcde4a25178a6eb7e94b8b7fa1e2e
N3GD_OOB id=18 off=030 eddbaafff14d9b9ea7ce563d3b3c79fe
N3GD_END id=18
N3GD_BEGIN id=19 kind=cand j=598 v=0769 po=0 sl=4294967295 l0=0000c000 tgt=0000A07E bank=0 pb=2322 pp=0 phy=297216 rc=0 t=40 l=00000000
N3GD_BODY id=19 off=000 0060000055aa000055aa000055aa0000
N3GD_BODY id=19 off=010 55aa000055aa000055aa000055aa0000
N3GD_BODY id=19 off=020 55aa000055aa000055aa000055aa0000
N3GD_BODY id=19 off=030 55aa000055aa000055aa000055aa0000
N3GD_BODY id=19 off=040 55aa000055aa000055aa000055aa0000
N3GD_BODY id=19 off=050 55aa000055aa000055aa000055aa0000
N3GD_BODY id=19 off=060 55aa000055aa000055aa000055aa0000
N3GD_BODY id=19 off=070 55aa000055aa000055aa000055aa0000
N3GD_BODY id=19 off=080 55aa000055aa000055aa000055aa0000
N3GD_BODY id=19 off=090 55aa000055aa000055aa000055aa0000
N3GD_BODY id=19 off=0a0 55aa000055aa000055aa000055aa0000
N3GD_BODY id=19 off=0b0 55aa000055aa000055aa000055aa0000
N3GD_BODY id=19 off=0c0 55aa000055aa000055aa000055aa0000
N3GD_BODY id=19 off=0d0 55aa000055aa000055aa000055aa0000
N3GD_BODY id=19 off=0e0 55aa000055aa000055aa000055aa0000
N3GD_BODY id=19 off=0f0 55aa000055aa000055aa000055aa0000
N3GD_BODY id=19 off=100 55aa000055aa000055aa000055aa0000
N3GD_BODY id=19 off=110 55aa000055aa000055aa000055aa0000
N3GD_BODY id=19 off=120 55aa000055aa000055aa000055aa0000
N3GD_BODY id=19 off=130 55aa000055aa000055aa000055aa0000
N3GD_BODY id=19 off=140 55aa000055aa000055aa000055aa0000
N3GD_BODY id=19 off=150 55aa000055aa000055aa000055aa0000
N3GD_BODY id=19 off=160 55aa000055aa000055aa000055aa0000
N3GD_BODY id=19 off=170 55aa000055aa000055aa000055aa0000
N3GD_BODY id=19 off=180 55aa000055aa000055aa000055aa0000
N3GD_BODY id=19 off=190 55aa000055aa000055aa000055aa0000
N3GD_BODY id=19 off=1a0 55aa000055aa000055aa000055aa0000
N3GD_BODY id=19 off=1b0 55aa000055aa000055aa000055aa0000
N3GD_BODY id=19 off=1c0 55aa000055aa000055aa000055aa0000
N3GD_BODY id=19 off=1d0 55aa000055aa000055aa000055aa0000
N3GD_BODY id=19 off=1e0 55aa000055aa000055aa000055aa0000
N3GD_BODY id=19 off=1f0 55aa000055aa000055aa000055aa0000
N3GD_BODY id=19 off=200 55aa000055aa000055aa000055aa0000
N3GD_BODY id=19 off=210 55aa000055aa000055aa000055aa0000
N3GD_BODY id=19 off=220 55aa000055aa000055aa000055aa0000
N3GD_BODY id=19 off=230 55aa000055aa000055aa000055aa0000
N3GD_BODY id=19 off=240 55aa000055aa000055aa000055aa0000
N3GD_BODY id=19 off=250 55aa000055aa000055aa000055aa0000
N3GD_BODY id=19 off=260 55aa000055aa000055aa000055aa0000
N3GD_BODY id=19 off=270 55aa000055aa000055aa000055aa0000
N3GD_BODY id=19 off=280 55aa000055aa000055aa000055aa0000
N3GD_BODY id=19 off=290 55aa000055aa000055aa000055aa0000
N3GD_BODY id=19 off=2a0 55aa000055aa000055aa000055aa0000
N3GD_BODY id=19 off=2b0 55aa000055aa000055aa000055aa0000
N3GD_BODY id=19 off=2c0 55aa000055aa000055aa000055aa0000
N3GD_BODY id=19 off=2d0 55aa000055aa000055aa000055aa0000
N3GD_BODY id=19 off=2e0 55aa000055aa000055aa000055aa0000
N3GD_BODY id=19 off=2f0 55aa000055aa000055aa000055aa0000
N3GD_BODY id=19 off=300 55aa000055aa000055aa000055aa0000
N3GD_BODY id=19 off=310 55aa000055aa000055aa000055aa0000
N3GD_BODY id=19 off=320 55aa000055aa000055aa000055aa0000
N3GD_BODY id=19 off=330 55aa000055aa000055aa000055aa0000
N3GD_BODY id=19 off=340 55aa000055aa000055aa000055aa0000
N3GD_BODY id=19 off=350 55aa000055aa000055aa000055aa0000
N3GD_BODY id=19 off=360 55aa000055aa000055aa000055aa0000
N3GD_BODY id=19 off=370 55aa000055aa000055aa000055aa0000
N3GD_BODY id=19 off=380 55aa000055aa000055aa000055aa0000
N3GD_BODY id=19 off=390 55aa000055aa000055aa000055aa0000
N3GD_BODY id=19 off=3a0 55aa000055aa000055aa000055aa0000
N3GD_BODY id=19 off=3b0 55aa000055aa000055aa000055aa0000
N3GD_BODY id=19 off=3c0 55aa000055aa000055aa000055aa0000
N3GD_BODY id=19 off=3d0 55aa000055aa000055aa000055aa0000
N3GD_BODY id=19 off=3e0 55aa000055aa000055aa000055aa0000
N3GD_BODY id=19 off=3f0 55aa000055aa000055aa000055aa0000
N3GD_BODY id=19 off=400 55aa000055aa000055aa000055aa0000
N3GD_BODY id=19 off=410 55aa000055aa000055aa000055aa0000
N3GD_BODY id=19 off=420 55aa000055aa000055aa000055aa0000
N3GD_BODY id=19 off=430 55aa000055aa000055aa000055aa0000
N3GD_BODY id=19 off=440 55aa000055aa000055aa000055aa0000
N3GD_BODY id=19 off=450 55aa000055aa000055aa000055aa0000
N3GD_BODY id=19 off=460 55aa000055aa000055aa000055aa0000
N3GD_BODY id=19 off=470 55aa000055aa000055aa000055aa0000
N3GD_BODY id=19 off=480 55aa000055aa000055aa000055aa0000
N3GD_BODY id=19 off=490 55aa000055aa000055aa000055aa0000
N3GD_BODY id=19 off=4a0 55aa000055aa000055aa000055aa0000
N3GD_BODY id=19 off=4b0 55aa000055aa000055aa000055aa0000
N3GD_BODY id=19 off=4c0 55aa000055aa000055aa000055aa0000
N3GD_BODY id=19 off=4d0 55aa000055aa000055aa000055aa0000
N3GD_BODY id=19 off=4e0 55aa000055aa000055aa000055aa0000
N3GD_BODY id=19 off=4f0 55aa000055aa000055aa000055aa0000
N3GD_BODY id=19 off=500 55aa000055aa000055aa000055aa0000
N3GD_BODY id=19 off=510 55aa000055aa000055aa000055aa0000
N3GD_BODY id=19 off=520 55aa000055aa000055aa000055aa0000
N3GD_BODY id=19 off=530 55aa000055aa000055aa000055aa0000
N3GD_BODY id=19 off=540 55aa000055aa000055aa000055aa0000
N3GD_BODY id=19 off=550 55aa000055aa000055aa000055aa0000
N3GD_BODY id=19 off=560 55aa000055aa000055aa000055aa0000
N3GD_BODY id=19 off=570 55aa000055aa000055aa000055aa0000
N3GD_BODY id=19 off=580 55aa000055aa000055aa000055aa0000
N3GD_BODY id=19 off=590 55aa000055aa000055aa000055aa0000
N3GD_BODY id=19 off=5a0 55aa000055aa000055aa000055aa0000
N3GD_BODY id=19 off=5b0 55aa000055aa000055aa000055aa0000
N3GD_BODY id=19 off=5c0 55aa000055aa000055aa000055aa0000
N3GD_BODY id=19 off=5d0 55aa000055aa000055aa000055aa0000
N3GD_BODY id=19 off=5e0 55aa000055aa000055aa000055aa0000
N3GD_BODY id=19 off=5f0 55aa000055aa000055aa000055aa0000
N3GD_BODY id=19 off=600 55aa000055aa000055aa000055aa0000
N3GD_BODY id=19 off=610 55aa000055aa000055aa000055aa0000
N3GD_BODY id=19 off=620 55aa000055aa000055aa000055aa0000
N3GD_BODY id=19 off=630 55aa000055aa000055aa000055aa0000
N3GD_BODY id=19 off=640 55aa000055aa000055aa000055aa0000
N3GD_BODY id=19 off=650 55aa000055aa000055aa000055aa0000
N3GD_BODY id=19 off=660 55aa000055aa000055aa000055aa0000
N3GD_BODY id=19 off=670 55aa000055aa000055aa000055aa0000
N3GD_BODY id=19 off=680 55aa000055aa000055aa000055aa0000
N3GD_BODY id=19 off=690 55aa000055aa000055aa000055aa0000
N3GD_BODY id=19 off=6a0 55aa000055aa000055aa000055aa0000
N3GD_BODY id=19 off=6b0 55aa000055aa000055aa000055aa0000
N3GD_BODY id=19 off=6c0 55aa000055aa000055aa000055aa0000
N3GD_BODY id=19 off=6d0 55aa000055aa000055aa000055aa0000
N3GD_BODY id=19 off=6e0 55aa000055aa000055aa000055aa0000
N3GD_BODY id=19 off=6f0 55aa000055aa000055aa000055aa0000
N3GD_BODY id=19 off=700 55aa000055aa000055aa000055aa0000
N3GD_BODY id=19 off=710 55aa000055aa000055aa000055aa0000
N3GD_BODY id=19 off=720 55aa000055aa000055aa000055aa0000
N3GD_BODY id=19 off=730 55aa000055aa000055aa000055aa0000
N3GD_BODY id=19 off=740 55aa000055aa000055aa000055aa0000
N3GD_BODY id=19 off=750 55aa000055aa000055aa000055aa0000
N3GD_BODY id=19 off=760 55aa000055aa000055aa000055aa0000
N3GD_BODY id=19 off=770 55aa000055aa000055aa000055aa0000
N3GD_BODY id=19 off=780 55aa000055aa000055aa000055aa0000
N3GD_BODY id=19 off=790 55aa000055aa000055aa000055aa0000
N3GD_BODY id=19 off=7a0 55aa000055aa000055aa000055aa0000
N3GD_BODY id=19 off=7b0 55aa000055aa000055aa000055aa0000
N3GD_BODY id=19 off=7c0 55aa000055aa000055aa000055aa0000
N3GD_BODY id=19 off=7d0 55aa000055aa000055aa000055aa0000
N3GD_BODY id=19 off=7e0 55aa000055aa000055aa000055aa0000
N3GD_BODY id=19 off=7f0 55aa000055aa000055aa000055aa0000
N3GD_OOB id=19 off=000 00c000008ea60000ff40ffffe5ab0678
N3GD_OOB id=19 off=010 0a52efac2207c7a2053adbc8606282c5
N3GD_OOB id=19 off=020 374bcde4a25178a6eb7e94b8b7fa1e2e
N3GD_OOB id=19 off=030 eddbaafff14d9b9ea7ce563d3b3c79fe
N3GD_END id=19
N3GD_BEGIN id=20 kind=cand j=501 v=05f7 po=511 sl=4294967295 l0=00007400 tgt=0000A07E bank=3 pb=1952 pp=127 phy=249983 rc=0 t=40 l=00000000
N3GD_BODY id=20 off=000 00000000000000000000000000000000
N3GD_BODY id=20 off=010 00000000000000000000000000000000
N3GD_BODY id=20 off=020 00000000000000000000000000000000
N3GD_BODY id=20 off=030 00000000000000000000000000000000
N3GD_BODY id=20 off=040 00000000000000000000000000000000
N3GD_BODY id=20 off=050 00000000000000000000000000000000
N3GD_BODY id=20 off=060 00000000000000000000000000000000
N3GD_BODY id=20 off=070 00000000000000000000000000000000
N3GD_BODY id=20 off=080 00000000000000000000000000000000
N3GD_BODY id=20 off=090 00000000000000000000000000000000
N3GD_BODY id=20 off=0a0 00000000000000000000000000000000
N3GD_BODY id=20 off=0b0 00000000000000000000000000000000
N3GD_BODY id=20 off=0c0 00000000000000000000000000000000
N3GD_BODY id=20 off=0d0 00000000000000000000000000000000
N3GD_BODY id=20 off=0e0 00000000000000000000000000000000
N3GD_BODY id=20 off=0f0 00000000000000000000000000000000
N3GD_BODY id=20 off=100 00000000000000000000000000000000
N3GD_BODY id=20 off=110 00000000000000000000000000000000
N3GD_BODY id=20 off=120 00000000000000000000000000000000
N3GD_BODY id=20 off=130 00000000000000000000000000000000
N3GD_BODY id=20 off=140 00000000000000000000000000000000
N3GD_BODY id=20 off=150 00000000000000000000000000000000
N3GD_BODY id=20 off=160 00000000000000000000000000000000
N3GD_BODY id=20 off=170 00000000000000000000000000000000
N3GD_BODY id=20 off=180 00000000000000000000000000000000
N3GD_BODY id=20 off=190 00000000000000000000000000000000
N3GD_BODY id=20 off=1a0 00000000000000000000000000000000
N3GD_BODY id=20 off=1b0 00000000000000000000000000000000
N3GD_BODY id=20 off=1c0 00000000000000000000000000000000
N3GD_BODY id=20 off=1d0 00000000000000000000000000000000
N3GD_BODY id=20 off=1e0 00000000000000000000000000000000
N3GD_BODY id=20 off=1f0 00000000000000000000000000000000
N3GD_BODY id=20 off=200 00000000000000000000000000000000
N3GD_BODY id=20 off=210 00000000000000000000000000000000
N3GD_BODY id=20 off=220 00000000000000000000000000000000
N3GD_BODY id=20 off=230 00000000000000000000000000000000
N3GD_BODY id=20 off=240 00000000000000000000000000000000
N3GD_BODY id=20 off=250 00000000000000000000000000000000
N3GD_BODY id=20 off=260 00000000000000000000000000000000
N3GD_BODY id=20 off=270 00000000000000000000000000000000
N3GD_BODY id=20 off=280 00000000000000000000000000000000
N3GD_BODY id=20 off=290 00000000000000000000000000000000
N3GD_BODY id=20 off=2a0 00000000000000000000000000000000
N3GD_BODY id=20 off=2b0 00000000000000000000000000000000
N3GD_BODY id=20 off=2c0 00000000000000000000000000000000
N3GD_BODY id=20 off=2d0 00000000000000000000000000000000
N3GD_BODY id=20 off=2e0 00000000000000000000000000000000
N3GD_BODY id=20 off=2f0 00000000000000000000000000000000
N3GD_BODY id=20 off=300 00000000000000000000000000000000
N3GD_BODY id=20 off=310 00000000000000000000000000000000
N3GD_BODY id=20 off=320 00000000000000000000000000000000
N3GD_BODY id=20 off=330 00000000000000000000000000000000
N3GD_BODY id=20 off=340 00000000000000000000000000000000
N3GD_BODY id=20 off=350 00000000000000000000000000000000
N3GD_BODY id=20 off=360 00000000000000000000000000000000
N3GD_BODY id=20 off=370 00000000000000000000000000000000
N3GD_BODY id=20 off=380 00000000000000000000000000000000
N3GD_BODY id=20 off=390 00000000000000000000000000000000
N3GD_BODY id=20 off=3a0 00000000000000000000000000000000
N3GD_BODY id=20 off=3b0 00000000000000000000000000000000
N3GD_BODY id=20 off=3c0 00000000000000000000000000000000
N3GD_BODY id=20 off=3d0 00000000000000000000000000000000
N3GD_BODY id=20 off=3e0 00000000000000000000000000000000
N3GD_BODY id=20 off=3f0 00000000000000000000000000000000
N3GD_BODY id=20 off=400 00000000000000000000000000000000
N3GD_BODY id=20 off=410 00000000000000000000000000000000
N3GD_BODY id=20 off=420 00000000000000000000000000000000
N3GD_BODY id=20 off=430 00000000000000000000000000000000
N3GD_BODY id=20 off=440 00000000000000000000000000000000
N3GD_BODY id=20 off=450 00000000000000000000000000000000
N3GD_BODY id=20 off=460 00000000000000000000000000000000
N3GD_BODY id=20 off=470 00000000000000000000000000000000
N3GD_BODY id=20 off=480 00000000000000000000000000000000
N3GD_BODY id=20 off=490 00000000000000000000000000000000
N3GD_BODY id=20 off=4a0 00000000000000000000000000000000
N3GD_BODY id=20 off=4b0 00000000000000000000000000000000
N3GD_BODY id=20 off=4c0 00000000000000000000000000000000
N3GD_BODY id=20 off=4d0 00000000000000000000000000000000
N3GD_BODY id=20 off=4e0 00000000000000000000000000000000
N3GD_BODY id=20 off=4f0 00000000000000000000000000000000
N3GD_BODY id=20 off=500 00000000000000000000000000000000
N3GD_BODY id=20 off=510 00000000000000000000000000000000
N3GD_BODY id=20 off=520 00000000000000000000000000000000
N3GD_BODY id=20 off=530 00000000000000000000000000000000
N3GD_BODY id=20 off=540 00000000000000000000000000000000
N3GD_BODY id=20 off=550 00000000000000000000000000000000
N3GD_BODY id=20 off=560 00000000000000000000000000000000
N3GD_BODY id=20 off=570 00000000000000000000000000000000
N3GD_BODY id=20 off=580 00000000000000000000000000000000
N3GD_BODY id=20 off=590 00000000000000000000000000000000
N3GD_BODY id=20 off=5a0 00000000000000000000000000000000
N3GD_BODY id=20 off=5b0 00000000000000000000000000000000
N3GD_BODY id=20 off=5c0 00000000000000000000000000000000
N3GD_BODY id=20 off=5d0 00000000000000000000000000000000
N3GD_BODY id=20 off=5e0 00000000000000000000000000000000
N3GD_BODY id=20 off=5f0 00000000000000000000000000000000
N3GD_BODY id=20 off=600 00000000000000000000000000000000
N3GD_BODY id=20 off=610 00000000000000000000000000000000
N3GD_BODY id=20 off=620 00000000000000000000000000000000
N3GD_BODY id=20 off=630 00000000000000000000000000000000
N3GD_BODY id=20 off=640 00000000000000000000000000000000
N3GD_BODY id=20 off=650 00000000000000000000000000000000
N3GD_BODY id=20 off=660 00000000000000000000000000000000
N3GD_BODY id=20 off=670 00000000000000000000000000000000
N3GD_BODY id=20 off=680 00000000000000000000000000000000
N3GD_BODY id=20 off=690 00000000000000000000000000000000
N3GD_BODY id=20 off=6a0 00000000000000000000000000000000
N3GD_BODY id=20 off=6b0 00000000000000000000000000000000
N3GD_BODY id=20 off=6c0 00000000000000000000000000000000
N3GD_BODY id=20 off=6d0 00000000000000000000000000000000
N3GD_BODY id=20 off=6e0 00000000000000000000000000000000
N3GD_BODY id=20 off=6f0 00000000000000000000000000000000
N3GD_BODY id=20 off=700 00000000000000000000000000000000
N3GD_BODY id=20 off=710 00000000000000000000000000000000
N3GD_BODY id=20 off=720 00000000000000000000000000000000
N3GD_BODY id=20 off=730 00000000000000000000000000000000
N3GD_BODY id=20 off=740 00000000000000000000000000000000
N3GD_BODY id=20 off=750 00000000000000000000000000000000
N3GD_BODY id=20 off=760 00000000000000000000000000000000
N3GD_BODY id=20 off=770 00000000000000000000000000000000
N3GD_BODY id=20 off=780 00000000000000000000000000000000
N3GD_BODY id=20 off=790 00000000000000000000000000000000
N3GD_BODY id=20 off=7a0 00000000000000000000000000000000
N3GD_BODY id=20 off=7b0 00000000000000000000000000000000
N3GD_BODY id=20 off=7c0 00000000000000000000000000000000
N3GD_BODY id=20 off=7d0 00000000000000000000000000000000
N3GD_BODY id=20 off=7e0 00000000000000000000000000000000
N3GD_BODY id=20 off=7f0 00000000000000000000000000000000
N3GD_OOB id=20 off=000 000000000000000000000000e5ab0678
N3GD_OOB id=20 off=010 0a52efac2207c7a2053adbc8606282c5
N3GD_OOB id=20 off=020 374bcde4a25178a6eb7e94b8b7fa1e2e
N3GD_OOB id=20 off=030 eddbaafff14d9b9ea7ce563d3b3c79fe
N3GD_END id=20
N3GD_BEGIN id=21 kind=cand j=816 v=035b po=0 sl=4294967295 l0=0000c800 tgt=0000A07E bank=0 pb=1284 pp=0 phy=164352 rc=0 t=40 l=00000000
N3GD_BODY id=21 off=000 0064000055aa000055aa000055aa0000
N3GD_BODY id=21 off=010 55aa000055aa000055aa000055aa0000
N3GD_BODY id=21 off=020 55aa000055aa000055aa000055aa0000
N3GD_BODY id=21 off=030 55aa000055aa000055aa000055aa0000
N3GD_BODY id=21 off=040 55aa000055aa000055aa000055aa0000
N3GD_BODY id=21 off=050 55aa000055aa000055aa000055aa0000
N3GD_BODY id=21 off=060 55aa000055aa000055aa000055aa0000
N3GD_BODY id=21 off=070 55aa000055aa000055aa000055aa0000
N3GD_BODY id=21 off=080 55aa000055aa000055aa000055aa0000
N3GD_BODY id=21 off=090 55aa000055aa000055aa000055aa0000
N3GD_BODY id=21 off=0a0 55aa000055aa000055aa000055aa0000
N3GD_BODY id=21 off=0b0 55aa000055aa000055aa000055aa0000
N3GD_BODY id=21 off=0c0 55aa000055aa000055aa000055aa0000
N3GD_BODY id=21 off=0d0 55aa000055aa000055aa000055aa0000
N3GD_BODY id=21 off=0e0 55aa000055aa000055aa000055aa0000
N3GD_BODY id=21 off=0f0 55aa000055aa000055aa000055aa0000
N3GD_BODY id=21 off=100 55aa000055aa000055aa000055aa0000
N3GD_BODY id=21 off=110 55aa000055aa000055aa000055aa0000
N3GD_BODY id=21 off=120 55aa000055aa000055aa000055aa0000
N3GD_BODY id=21 off=130 55aa000055aa000055aa000055aa0000
N3GD_BODY id=21 off=140 55aa000055aa000055aa000055aa0000
N3GD_BODY id=21 off=150 55aa000055aa000055aa000055aa0000
N3GD_BODY id=21 off=160 55aa000055aa000055aa000055aa0000
N3GD_BODY id=21 off=170 55aa000055aa000055aa000055aa0000
N3GD_BODY id=21 off=180 55aa000055aa000055aa000055aa0000
N3GD_BODY id=21 off=190 55aa000055aa000055aa000055aa0000
N3GD_BODY id=21 off=1a0 55aa000055aa000055aa000055aa0000
N3GD_BODY id=21 off=1b0 55aa000055aa000055aa000055aa0000
N3GD_BODY id=21 off=1c0 55aa000055aa000055aa000055aa0000
N3GD_BODY id=21 off=1d0 55aa000055aa000055aa000055aa0000
N3GD_BODY id=21 off=1e0 55aa000055aa000055aa000055aa0000
N3GD_BODY id=21 off=1f0 55aa000055aa000055aa000055aa0000
N3GD_BODY id=21 off=200 55aa000055aa000055aa000055aa0000
N3GD_BODY id=21 off=210 55aa000055aa000055aa000055aa0000
N3GD_BODY id=21 off=220 55aa000055aa000055aa000055aa0000
N3GD_BODY id=21 off=230 55aa000055aa000055aa000055aa0000
N3GD_BODY id=21 off=240 55aa000055aa000055aa000055aa0000
N3GD_BODY id=21 off=250 55aa000055aa000055aa000055aa0000
N3GD_BODY id=21 off=260 55aa000055aa000055aa000055aa0000
N3GD_BODY id=21 off=270 55aa000055aa000055aa000055aa0000
N3GD_BODY id=21 off=280 55aa000055aa000055aa000055aa0000
N3GD_BODY id=21 off=290 55aa000055aa000055aa000055aa0000
N3GD_BODY id=21 off=2a0 55aa000055aa000055aa000055aa0000
N3GD_BODY id=21 off=2b0 55aa000055aa000055aa000055aa0000
N3GD_BODY id=21 off=2c0 55aa000055aa000055aa000055aa0000
N3GD_BODY id=21 off=2d0 55aa000055aa000055aa000055aa0000
N3GD_BODY id=21 off=2e0 55aa000055aa000055aa000055aa0000
N3GD_BODY id=21 off=2f0 55aa000055aa000055aa000055aa0000
N3GD_BODY id=21 off=300 55aa000055aa000055aa000055aa0000
N3GD_BODY id=21 off=310 55aa000055aa000055aa000055aa0000
N3GD_BODY id=21 off=320 55aa000055aa000055aa000055aa0000
N3GD_BODY id=21 off=330 55aa000055aa000055aa000055aa0000
N3GD_BODY id=21 off=340 55aa000055aa000055aa000055aa0000
N3GD_BODY id=21 off=350 55aa000055aa000055aa000055aa0000
N3GD_BODY id=21 off=360 55aa000055aa000055aa000055aa0000
N3GD_BODY id=21 off=370 55aa000055aa000055aa000055aa0000
N3GD_BODY id=21 off=380 55aa000055aa000055aa000055aa0000
N3GD_BODY id=21 off=390 55aa000055aa000055aa000055aa0000
N3GD_BODY id=21 off=3a0 55aa000055aa000055aa000055aa0000
N3GD_BODY id=21 off=3b0 55aa000055aa000055aa000055aa0000
N3GD_BODY id=21 off=3c0 55aa000055aa000055aa000055aa0000
N3GD_BODY id=21 off=3d0 55aa000055aa000055aa000055aa0000
N3GD_BODY id=21 off=3e0 55aa000055aa000055aa000055aa0000
N3GD_BODY id=21 off=3f0 55aa000055aa000055aa000055aa0000
N3GD_BODY id=21 off=400 55aa000055aa000055aa000055aa0000
N3GD_BODY id=21 off=410 55aa000055aa000055aa000055aa0000
N3GD_BODY id=21 off=420 55aa000055aa000055aa000055aa0000
N3GD_BODY id=21 off=430 55aa000055aa000055aa000055aa0000
N3GD_BODY id=21 off=440 55aa000055aa000055aa000055aa0000
N3GD_BODY id=21 off=450 55aa000055aa000055aa000055aa0000
N3GD_BODY id=21 off=460 55aa000055aa000055aa000055aa0000
N3GD_BODY id=21 off=470 55aa000055aa000055aa000055aa0000
N3GD_BODY id=21 off=480 55aa000055aa000055aa000055aa0000
N3GD_BODY id=21 off=490 55aa000055aa000055aa000055aa0000
N3GD_BODY id=21 off=4a0 55aa000055aa000055aa000055aa0000
N3GD_BODY id=21 off=4b0 55aa000055aa000055aa000055aa0000
N3GD_BODY id=21 off=4c0 55aa000055aa000055aa000055aa0000
N3GD_BODY id=21 off=4d0 55aa000055aa000055aa000055aa0000
N3GD_BODY id=21 off=4e0 55aa000055aa000055aa000055aa0000
N3GD_BODY id=21 off=4f0 55aa000055aa000055aa000055aa0000
N3GD_BODY id=21 off=500 55aa000055aa000055aa000055aa0000
N3GD_BODY id=21 off=510 55aa000055aa000055aa000055aa0000
N3GD_BODY id=21 off=520 55aa000055aa000055aa000055aa0000
N3GD_BODY id=21 off=530 55aa000055aa000055aa000055aa0000
N3GD_BODY id=21 off=540 55aa000055aa000055aa000055aa0000
N3GD_BODY id=21 off=550 55aa000055aa000055aa000055aa0000
N3GD_BODY id=21 off=560 55aa000055aa000055aa000055aa0000
N3GD_BODY id=21 off=570 55aa000055aa000055aa000055aa0000
N3GD_BODY id=21 off=580 55aa000055aa000055aa000055aa0000
N3GD_BODY id=21 off=590 55aa000055aa000055aa000055aa0000
N3GD_BODY id=21 off=5a0 55aa000055aa000055aa000055aa0000
N3GD_BODY id=21 off=5b0 55aa000055aa000055aa000055aa0000
N3GD_BODY id=21 off=5c0 55aa000055aa000055aa000055aa0000
N3GD_BODY id=21 off=5d0 55aa000055aa000055aa000055aa0000
N3GD_BODY id=21 off=5e0 55aa000055aa000055aa000055aa0000
N3GD_BODY id=21 off=5f0 55aa000055aa000055aa000055aa0000
N3GD_BODY id=21 off=600 55aa000055aa000055aa000055aa0000
N3GD_BODY id=21 off=610 55aa000055aa000055aa000055aa0000
N3GD_BODY id=21 off=620 55aa000055aa000055aa000055aa0000
N3GD_BODY id=21 off=630 55aa000055aa000055aa000055aa0000
N3GD_BODY id=21 off=640 55aa000055aa000055aa000055aa0000
N3GD_BODY id=21 off=650 55aa000055aa000055aa000055aa0000
N3GD_BODY id=21 off=660 55aa000055aa000055aa000055aa0000
N3GD_BODY id=21 off=670 55aa000055aa000055aa000055aa0000
N3GD_BODY id=21 off=680 55aa000055aa000055aa000055aa0000
N3GD_BODY id=21 off=690 55aa000055aa000055aa000055aa0000
N3GD_BODY id=21 off=6a0 55aa000055aa000055aa000055aa0000
N3GD_BODY id=21 off=6b0 55aa000055aa000055aa000055aa0000
N3GD_BODY id=21 off=6c0 55aa000055aa000055aa000055aa0000
N3GD_BODY id=21 off=6d0 55aa000055aa000055aa000055aa0000
N3GD_BODY id=21 off=6e0 55aa000055aa000055aa000055aa0000
N3GD_BODY id=21 off=6f0 55aa000055aa000055aa000055aa0000
N3GD_BODY id=21 off=700 55aa000055aa000055aa000055aa0000
N3GD_BODY id=21 off=710 55aa000055aa000055aa000055aa0000
N3GD_BODY id=21 off=720 55aa000055aa000055aa000055aa0000
N3GD_BODY id=21 off=730 55aa000055aa000055aa000055aa0000
N3GD_BODY id=21 off=740 55aa000055aa000055aa000055aa0000
N3GD_BODY id=21 off=750 55aa000055aa000055aa000055aa0000
N3GD_BODY id=21 off=760 55aa000055aa000055aa000055aa0000
N3GD_BODY id=21 off=770 55aa000055aa000055aa000055aa0000
N3GD_BODY id=21 off=780 55aa000055aa000055aa000055aa0000
N3GD_BODY id=21 off=790 55aa000055aa000055aa000055aa0000
N3GD_BODY id=21 off=7a0 55aa000055aa000055aa000055aa0000
N3GD_BODY id=21 off=7b0 55aa000055aa000055aa000055aa0000
N3GD_BODY id=21 off=7c0 55aa000055aa000055aa000055aa0000
N3GD_BODY id=21 off=7d0 55aa000055aa000055aa000055aa0000
N3GD_BODY id=21 off=7e0 55aa000055aa000055aa000055aa0000
N3GD_BODY id=21 off=7f0 55aa000055aa000055aa000055aa0000
N3GD_OOB id=21 off=000 00c80000283f0000ff40ffffe5ab0678
N3GD_OOB id=21 off=010 0a52efac2207c7a2053adbc8606282c5
N3GD_OOB id=21 off=020 374bcde4a25178a6eb7e94b8b7fa1e2e
N3GD_OOB id=21 off=030 eddbaafff14d9b9ea7ce563d3b3c79fe
N3GD_END id=21
N3GD_BEGIN id=22 kind=cand j=740 v=035c po=0 sl=4294967295 l0=0000c802 tgt=0000A07E bank=0 pb=1285 pp=0 phy=164480 rc=0 t=40 l=00000000
N3GD_BODY id=22 off=000 0164000055aa000055aa000055aa0000
N3GD_BODY id=22 off=010 55aa000055aa000055aa000055aa0000
N3GD_BODY id=22 off=020 55aa000055aa000055aa000055aa0000
N3GD_BODY id=22 off=030 55aa000055aa000055aa000055aa0000
N3GD_BODY id=22 off=040 55aa000055aa000055aa000055aa0000
N3GD_BODY id=22 off=050 55aa000055aa000055aa000055aa0000
N3GD_BODY id=22 off=060 55aa000055aa000055aa000055aa0000
N3GD_BODY id=22 off=070 55aa000055aa000055aa000055aa0000
N3GD_BODY id=22 off=080 55aa000055aa000055aa000055aa0000
N3GD_BODY id=22 off=090 55aa000055aa000055aa000055aa0000
N3GD_BODY id=22 off=0a0 55aa000055aa000055aa000055aa0000
N3GD_BODY id=22 off=0b0 55aa000055aa000055aa000055aa0000
N3GD_BODY id=22 off=0c0 55aa000055aa000055aa000055aa0000
N3GD_BODY id=22 off=0d0 55aa000055aa000055aa000055aa0000
N3GD_BODY id=22 off=0e0 55aa000055aa000055aa000055aa0000
N3GD_BODY id=22 off=0f0 55aa000055aa000055aa000055aa0000
N3GD_BODY id=22 off=100 55aa000055aa000055aa000055aa0000
N3GD_BODY id=22 off=110 55aa000055aa000055aa000055aa0000
N3GD_BODY id=22 off=120 55aa000055aa000055aa000055aa0000
N3GD_BODY id=22 off=130 55aa000055aa000055aa000055aa0000
N3GD_BODY id=22 off=140 55aa000055aa000055aa000055aa0000
N3GD_BODY id=22 off=150 55aa000055aa000055aa000055aa0000
N3GD_BODY id=22 off=160 55aa000055aa000055aa000055aa0000
N3GD_BODY id=22 off=170 55aa000055aa000055aa000055aa0000
N3GD_BODY id=22 off=180 55aa000055aa000055aa000055aa0000
N3GD_BODY id=22 off=190 55aa000055aa000055aa000055aa0000
N3GD_BODY id=22 off=1a0 55aa000055aa000055aa000055aa0000
N3GD_BODY id=22 off=1b0 55aa000055aa000055aa000055aa0000
N3GD_BODY id=22 off=1c0 55aa000055aa000055aa000055aa0000
N3GD_BODY id=22 off=1d0 55aa000055aa000055aa000055aa0000
N3GD_BODY id=22 off=1e0 55aa000055aa000055aa000055aa0000
N3GD_BODY id=22 off=1f0 55aa000055aa000055aa000055aa0000
N3GD_BODY id=22 off=200 55aa000055aa000055aa000055aa0000
N3GD_BODY id=22 off=210 55aa000055aa000055aa000055aa0000
N3GD_BODY id=22 off=220 55aa000055aa000055aa000055aa0000
N3GD_BODY id=22 off=230 55aa000055aa000055aa000055aa0000
N3GD_BODY id=22 off=240 55aa000055aa000055aa000055aa0000
N3GD_BODY id=22 off=250 55aa000055aa000055aa000055aa0000
N3GD_BODY id=22 off=260 55aa000055aa000055aa000055aa0000
N3GD_BODY id=22 off=270 55aa000055aa000055aa000055aa0000
N3GD_BODY id=22 off=280 55aa000055aa000055aa000055aa0000
N3GD_BODY id=22 off=290 55aa000055aa000055aa000055aa0000
N3GD_BODY id=22 off=2a0 55aa000055aa000055aa000055aa0000
N3GD_BODY id=22 off=2b0 55aa000055aa000055aa000055aa0000
N3GD_BODY id=22 off=2c0 55aa000055aa000055aa000055aa0000
N3GD_BODY id=22 off=2d0 55aa000055aa000055aa000055aa0000
N3GD_BODY id=22 off=2e0 55aa000055aa000055aa000055aa0000
N3GD_BODY id=22 off=2f0 55aa000055aa000055aa000055aa0000
N3GD_BODY id=22 off=300 55aa000055aa000055aa000055aa0000
N3GD_BODY id=22 off=310 55aa000055aa000055aa000055aa0000
N3GD_BODY id=22 off=320 55aa000055aa000055aa000055aa0000
N3GD_BODY id=22 off=330 55aa000055aa000055aa000055aa0000
N3GD_BODY id=22 off=340 55aa000055aa000055aa000055aa0000
N3GD_BODY id=22 off=350 55aa000055aa000055aa000055aa0000
N3GD_BODY id=22 off=360 55aa000055aa000055aa000055aa0000
N3GD_BODY id=22 off=370 55aa000055aa000055aa000055aa0000
N3GD_BODY id=22 off=380 55aa000055aa000055aa000055aa0000
N3GD_BODY id=22 off=390 55aa000055aa000055aa000055aa0000
N3GD_BODY id=22 off=3a0 55aa000055aa000055aa000055aa0000
N3GD_BODY id=22 off=3b0 55aa000055aa000055aa000055aa0000
N3GD_BODY id=22 off=3c0 55aa000055aa000055aa000055aa0000
N3GD_BODY id=22 off=3d0 55aa000055aa000055aa000055aa0000
N3GD_BODY id=22 off=3e0 55aa000055aa000055aa000055aa0000
N3GD_BODY id=22 off=3f0 55aa000055aa000055aa000055aa0000
N3GD_BODY id=22 off=400 55aa000055aa000055aa000055aa0000
N3GD_BODY id=22 off=410 55aa000055aa000055aa000055aa0000
N3GD_BODY id=22 off=420 55aa000055aa000055aa000055aa0000
N3GD_BODY id=22 off=430 55aa000055aa000055aa000055aa0000
N3GD_BODY id=22 off=440 55aa000055aa000055aa000055aa0000
N3GD_BODY id=22 off=450 55aa000055aa000055aa000055aa0000
N3GD_BODY id=22 off=460 55aa000055aa000055aa000055aa0000
N3GD_BODY id=22 off=470 55aa000055aa000055aa000055aa0000
N3GD_BODY id=22 off=480 55aa000055aa000055aa000055aa0000
N3GD_BODY id=22 off=490 55aa000055aa000055aa000055aa0000
N3GD_BODY id=22 off=4a0 55aa000055aa000055aa000055aa0000
N3GD_BODY id=22 off=4b0 55aa000055aa000055aa000055aa0000
N3GD_BODY id=22 off=4c0 55aa000055aa000055aa000055aa0000
N3GD_BODY id=22 off=4d0 55aa000055aa000055aa000055aa0000
N3GD_BODY id=22 off=4e0 55aa000055aa000055aa000055aa0000
N3GD_BODY id=22 off=4f0 55aa000055aa000055aa000055aa0000
N3GD_BODY id=22 off=500 55aa000055aa000055aa000055aa0000
N3GD_BODY id=22 off=510 55aa000055aa000055aa000055aa0000
N3GD_BODY id=22 off=520 55aa000055aa000055aa000055aa0000
N3GD_BODY id=22 off=530 55aa000055aa000055aa000055aa0000
N3GD_BODY id=22 off=540 55aa000055aa000055aa000055aa0000
N3GD_BODY id=22 off=550 55aa000055aa000055aa000055aa0000
N3GD_BODY id=22 off=560 55aa000055aa000055aa000055aa0000
N3GD_BODY id=22 off=570 55aa000055aa000055aa000055aa0000
N3GD_BODY id=22 off=580 55aa000055aa000055aa000055aa0000
N3GD_BODY id=22 off=590 55aa000055aa000055aa000055aa0000
N3GD_BODY id=22 off=5a0 55aa000055aa000055aa000055aa0000
N3GD_BODY id=22 off=5b0 55aa000055aa000055aa000055aa0000
N3GD_BODY id=22 off=5c0 55aa000055aa000055aa000055aa0000
N3GD_BODY id=22 off=5d0 55aa000055aa000055aa000055aa0000
N3GD_BODY id=22 off=5e0 55aa000055aa000055aa000055aa0000
N3GD_BODY id=22 off=5f0 55aa000055aa000055aa000055aa0000
N3GD_BODY id=22 off=600 55aa000055aa000055aa000055aa0000
N3GD_BODY id=22 off=610 55aa000055aa000055aa000055aa0000
N3GD_BODY id=22 off=620 55aa000055aa000055aa000055aa0000
N3GD_BODY id=22 off=630 55aa000055aa000055aa000055aa0000
N3GD_BODY id=22 off=640 55aa000055aa000055aa000055aa0000
N3GD_BODY id=22 off=650 55aa000055aa000055aa000055aa0000
N3GD_BODY id=22 off=660 55aa000055aa000055aa000055aa0000
N3GD_BODY id=22 off=670 55aa000055aa000055aa000055aa0000
N3GD_BODY id=22 off=680 55aa000055aa000055aa000055aa0000
N3GD_BODY id=22 off=690 55aa000055aa000055aa000055aa0000
N3GD_BODY id=22 off=6a0 55aa000055aa000055aa000055aa0000
N3GD_BODY id=22 off=6b0 55aa000055aa000055aa000055aa0000
N3GD_BODY id=22 off=6c0 55aa000055aa000055aa000055aa0000
N3GD_BODY id=22 off=6d0 55aa000055aa000055aa000055aa0000
N3GD_BODY id=22 off=6e0 55aa000055aa000055aa000055aa0000
N3GD_BODY id=22 off=6f0 55aa000055aa000055aa000055aa0000
N3GD_BODY id=22 off=700 55aa000055aa000055aa000055aa0000
N3GD_BODY id=22 off=710 55aa000055aa000055aa000055aa0000
N3GD_BODY id=22 off=720 55aa000055aa000055aa000055aa0000
N3GD_BODY id=22 off=730 55aa000055aa000055aa000055aa0000
N3GD_BODY id=22 off=740 55aa000055aa000055aa000055aa0000
N3GD_BODY id=22 off=750 55aa000055aa000055aa000055aa0000
N3GD_BODY id=22 off=760 55aa000055aa000055aa000055aa0000
N3GD_BODY id=22 off=770 55aa000055aa000055aa000055aa0000
N3GD_BODY id=22 off=780 55aa000055aa000055aa000055aa0000
N3GD_BODY id=22 off=790 55aa000055aa000055aa000055aa0000
N3GD_BODY id=22 off=7a0 55aa000055aa000055aa000055aa0000
N3GD_BODY id=22 off=7b0 55aa000055aa000055aa000055aa0000
N3GD_BODY id=22 off=7c0 55aa000055aa000055aa000055aa0000
N3GD_BODY id=22 off=7d0 55aa000055aa000055aa000055aa0000
N3GD_BODY id=22 off=7e0 55aa000055aa000055aa000055aa0000
N3GD_BODY id=22 off=7f0 55aa000055aa000055aa000055aa0000
N3GD_OOB id=22 off=000 02c80000283f0000ff40ffffe5ab0678
N3GD_OOB id=22 off=010 0a52efac2207c7a2053adbc8606282c5
N3GD_OOB id=22 off=020 374bcde4a25178a6eb7e94b8b7fa1e2e
N3GD_OOB id=22 off=030 eddbaafff14d9b9ea7ce563d3b3c79fe
N3GD_END id=22
N3GD_DONE pages=22
