N3GD_START host=0000A07E target=000140FC ppb=512 pages=39
N3GD_BEGIN id=0 kind=cand j=-1 v=00E8 po=248 sl=4294967295 l0=FFFFFFFF host=0000A07E tgt=000140FC bank=0 pb=657 pp=62 phy=84158 shift=4294967295 t=40 ix=D9CA u=0019C9F2 l=0019C9F2
N3GD_BODY id=0 off=000 160d6dc56044fa5517eb0c2fffa5f57c
N3GD_BODY id=0 off=010 118c1ec70322513a2a78c42f62a9865a
N3GD_BODY id=0 off=020 ae443990d17fef324dd156e7aa1cdc51
N3GD_BODY id=0 off=030 1ec62c76c2ea18f5bfffc065f04296be
N3GD_BODY id=0 off=040 32b0d53e08d6c140844dc74609e537de
N3GD_BODY id=0 off=050 43a7c6a9ec36f0d35cbcc8ab17dffc10
N3GD_BODY id=0 off=060 4328fe112b342e9604d94f9a263ef883
N3GD_BODY id=0 off=070 222fbb7d245c87aeda8fd629b40f0701
N3GD_BODY id=0 off=080 c2f7711b31919b0b8b335913ae297916
N3GD_BODY id=0 off=090 ab874519451ec466abd2c8c442c8e272
N3GD_BODY id=0 off=0a0 07ae5a997fe229fd0b47c83d1486c41d
N3GD_BODY id=0 off=0b0 b8ab0b32fe1ec3e9a9f06ddcfff1d974
N3GD_BODY id=0 off=0c0 7634e33e8224f7f1d97fe18ad5754e82
N3GD_BODY id=0 off=0d0 beb6ff50406c7188241d363784b3f6eb
N3GD_BODY id=0 off=0e0 8421c4a062d281e10c570a7d03a136fc
N3GD_BODY id=0 off=0f0 e37987bd5016146eeddb6fd858ccd515
N3GD_BODY id=0 off=100 9bf30c317ad6ac294ebd3e1980a3686e
N3GD_BODY id=0 off=110 58fcd30cb0d7e91c5852443e0fbe3fed
N3GD_BODY id=0 off=120 a4fda337d749476ed24507b5ea86d1bb
N3GD_BODY id=0 off=130 8af2a569ead0546359956f68b4abc150
N3GD_BODY id=0 off=140 c9a30a1cc3f50373fa4ae5bb05ecda44
N3GD_BODY id=0 off=150 da0f38eac6281ed91e5d46c151e4dd16
N3GD_BODY id=0 off=160 80da8b94c7952dd0d2b6be9854b3300f
N3GD_BODY id=0 off=170 9e9883a383dd926692de2663bfa76fcf
N3GD_BODY id=0 off=180 2a1135f4daf869c78d1ca8446bd39f5b
N3GD_BODY id=0 off=190 f0f2a469835b9784021989c16f58fc60
N3GD_BODY id=0 off=1a0 b5edac39318b4c8ec68ad34d34daf876
N3GD_BODY id=0 off=1b0 e8865bdd33ec0a361f58bc623d0dc76e
N3GD_BODY id=0 off=1c0 9b0934e733e19a613d79b9c041d27bed
N3GD_BODY id=0 off=1d0 b7e17cacb6507a4e166620a73ef6fe26
N3GD_BODY id=0 off=1e0 179273ea71ef84095b42cc9ec3e64d31
N3GD_BODY id=0 off=1f0 e8df1bb23e690e38b31bad3e4134568b
N3GD_BODY id=0 off=200 21236aff35384c362d6ec8e657f89ea7
N3GD_BODY id=0 off=210 c24090d08f7474a83c8e0e645e08ec42
N3GD_BODY id=0 off=220 431b6320171f1239844931ace2391159
N3GD_BODY id=0 off=230 e090983cf818b5ad0338af8d372e4bd8
N3GD_BODY id=0 off=240 d4993673db14026c730231f823ec7186
N3GD_BODY id=0 off=250 03c346148c1df8971a6bfc3ad0645991
N3GD_BODY id=0 off=260 f34120d16738979b657771d3d726da99
N3GD_BODY id=0 off=270 3bfe0540848255e49bfd8272234d9a47
N3GD_BODY id=0 off=280 d261fabcb8c287fa04c72eeb55da2456
N3GD_BODY id=0 off=290 d2567c4d2dd6aebf2189eaa2f859408c
N3GD_BODY id=0 off=2a0 964657b8e372effcf1a0a76d2f5cec30
N3GD_BODY id=0 off=2b0 6fb6dbff830d1998856458d40e3a4bb5
N3GD_BODY id=0 off=2c0 feb820516ecf481ed82b28f2cb0925a7
N3GD_BODY id=0 off=2d0 1105222dd3ff0573b3551dae8ea28888
N3GD_BODY id=0 off=2e0 e83fd7ec60ab500e29449a0a72f959da
N3GD_BODY id=0 off=2f0 26aced85d2df2c4587a9ccee716223f0
N3GD_BODY id=0 off=300 b3b79ae918d1f8ca9c371838051039d3
N3GD_BODY id=0 off=310 4532632577c44ca06936e45e78300720
N3GD_BODY id=0 off=320 702e81db9cc8794a50364618c7da2df9
N3GD_BODY id=0 off=330 e2072100aa3996ce026490cbc52c41df
N3GD_BODY id=0 off=340 3c30f341adb628b38e9219781f6bf9d8
N3GD_BODY id=0 off=350 800432220e8c2ac32f1ab37fc2a50958
N3GD_BODY id=0 off=360 aa08a2ce1e2ad59f0a02c11280648281
N3GD_BODY id=0 off=370 94285e35af70a955755c650e48a61b35
N3GD_BODY id=0 off=380 86554bd31133da19f4276ce2c655d34f
N3GD_BODY id=0 off=390 fc100ac1c57431ca16bd972349c811e0
N3GD_BODY id=0 off=3a0 3e7d3ff863338dab9e45d05a548e510f
N3GD_BODY id=0 off=3b0 580ac79fe9a6f86448317467e32877f4
N3GD_BODY id=0 off=3c0 edbe1d10d8fd8a22edb1695d10d5e46b
N3GD_BODY id=0 off=3d0 080ed4bbb3fc3bcc58c270809f32299d
N3GD_BODY id=0 off=3e0 510ab1dce2e216b21c6296b2257cbad0
N3GD_BODY id=0 off=3f0 48293770c890069bc7a3ed1770ff73f6
N3GD_BODY id=0 off=400 9a66e4e344470b11575f432b1145c426
N3GD_BODY id=0 off=410 53e0cda30a04145a5726ff8604a25df2
N3GD_BODY id=0 off=420 6418072061247fa101a703b49fb1d32c
N3GD_BODY id=0 off=430 1db9eefe1d21bb08dc89733c27d19213
N3GD_BODY id=0 off=440 8dd2ce07162106458b3c1d2665b951ee
N3GD_BODY id=0 off=450 92b2ff865a759132340a199380cb1d7b
N3GD_BODY id=0 off=460 144efd70e54865948938ef4d7fe0c126
N3GD_BODY id=0 off=470 ec7443a388dc880a52b04100d08834cc
N3GD_BODY id=0 off=480 61a6eb1c923ac517e1d2278e54172bf8
N3GD_BODY id=0 off=490 5196ff03a631a28665dd74d3f584f868
N3GD_BODY id=0 off=4a0 4844ffd2ddef3474a45094bffe154a30
N3GD_BODY id=0 off=4b0 d47e5f3c615929a5c5ffc139a15ada71
N3GD_BODY id=0 off=4c0 9d1a601607d849273e149a97b2a3a8d5
N3GD_BODY id=0 off=4d0 7178b16dbb4556963b221f792415c7c6
N3GD_BODY id=0 off=4e0 44be2f3558c3bd50ece13685b1f7f046
N3GD_BODY id=0 off=4f0 2575f8837292f2fa9d1d1782f1011f81
N3GD_BODY id=0 off=500 ef86bfbbb7b6a5606c95dd2ff9ce0700
N3GD_BODY id=0 off=510 0254c181e9df0f0d64d3e1ffe1a2176c
N3GD_BODY id=0 off=520 a14901031123899c7fcdbfe0a14c6d8d
N3GD_BODY id=0 off=530 32ae053d009f3712991fa16198712d78
N3GD_BODY id=0 off=540 6042b7068f86c72cb3230c35624d3b63
N3GD_BODY id=0 off=550 864777fc179461b07b560e61b1174d0f
N3GD_BODY id=0 off=560 c44b42ae5d8999db2e88e46a3de10c64
N3GD_BODY id=0 off=570 7f208444a3c8598da6fabb2e0a0f0afe
N3GD_BODY id=0 off=580 805be107bed8f2ae30c39783bd71f173
N3GD_BODY id=0 off=590 051f04d3009a368d3cd98ffeaa3e2386
N3GD_BODY id=0 off=5a0 e38f8bccc695a705276faff9e21035f3
N3GD_BODY id=0 off=5b0 996ffc2a503556816fbd2ebcd2b31a36
N3GD_BODY id=0 off=5c0 82157ff0c28c46799df043e30fbad744
N3GD_BODY id=0 off=5d0 87752ffce844f9db790685fe182f0b69
N3GD_BODY id=0 off=5e0 8ebf05818f8ab2d63b27fe8a34a46d30
N3GD_BODY id=0 off=5f0 4b5adad5fd8bb833fb533f97829c3c6e
N3GD_BODY id=0 off=600 caec26f6b3767433b117c11bc56018fc
N3GD_BODY id=0 off=610 5d91d938549210c4eee0f4ce97c1613b
N3GD_BODY id=0 off=620 653316ffc1838faf9a08f180004128da
N3GD_BODY id=0 off=630 09c7e5dc7fea005f0d5023bd2c31eada
N3GD_BODY id=0 off=640 8e8f6bfe7420265cf529c3a5b2effc2b
N3GD_BODY id=0 off=650 40c9b73a11a5c71c036b8e491f89e0b3
N3GD_BODY id=0 off=660 95a033df8ad5377bc7f28479da342be9
N3GD_BODY id=0 off=670 1b5dbb49d10425e9222495204777e882
N3GD_BODY id=0 off=680 4bcfa2092fa4dc7f5417faa20897aa22
N3GD_BODY id=0 off=690 4bc13a87ee0bba4ecd114823ced0d867
N3GD_BODY id=0 off=6a0 c4933f863a639735dda1d9fc52c4ccfe
N3GD_BODY id=0 off=6b0 7f12d78b62667f3d126bc4cc8999f4ce
N3GD_BODY id=0 off=6c0 d103d789991333f9d2393e5d8999a47e
N3GD_BODY id=0 off=6d0 09713f507ec83320839a9f9f46abe266
N3GD_BODY id=0 off=6e0 6dee1c968b918295e266449335d7d9e8
N3GD_BODY id=0 off=6f0 9d7892644933f73f89697684cc89267f
N3GD_BODY id=0 off=700 390ebf899916db1563382428df95c61d
N3GD_BODY id=0 off=710 ce911aa0a19688101b90fb6fe6415eb4
N3GD_BODY id=0 off=720 e8dc12a97e92f46feb4663b895846af2
N3GD_BODY id=0 off=730 c96bf0bf059c7338537c118843e502c0
N3GD_BODY id=0 off=740 650b7141ffbe0a10e403a034806d0725
N3GD_BODY id=0 off=750 418d38395ceaf8a58706587bc1fd806f
N3GD_BODY id=0 off=760 e8d806042d1fca8a430480020dc88309
N3GD_BODY id=0 off=770 16fa8b67e8adbfaf2d1cdbf8245fa62e
N3GD_BODY id=0 off=780 facfb3a3fdf38700650fb82e8d0bcbb0
N3GD_BODY id=0 off=790 64000e97e38001d7d22b961f72df9a14
N3GD_BODY id=0 off=7a0 b82618b317d68b3473df3795c78079e6
N3GD_BODY id=0 off=7b0 1075a00c001d0ac2a85548eb6a0d699d
N3GD_BODY id=0 off=7c0 bf0581cbc3d20ed78085605ff825f30d
N3GD_BODY id=0 off=7d0 ee70dc44b4c396002ed01fb2f04413e7
N3GD_BODY id=0 off=7e0 fa10358c18d5b2d7579a2356a4265a69
N3GD_BODY id=0 off=7f0 c472c112072fde683c81cb5901d3d4f3
N3GD_OOB id=0 off=000 f2c91900cad90000ff40ffffe5ab0678
N3GD_OOB id=0 off=010 0a52efac2207c7a2053adbc8606282c5
N3GD_OOB id=0 off=020 374bcde4a25178a6eb7e94b8b7fa1e2e
N3GD_OOB id=0 off=030 eddbaafff14d9b9ea7ce563d3b3c79fe
N3GD_END id=0
N3GD_BEGIN id=1 kind=cand j=-1 v=00E8 po=249 sl=4294967295 l0=FFFFFFFF host=0000A07E tgt=000140FC bank=1 pb=657 pp=62 phy=84158 shift=4294967295 t=00 ix=0000 u=00000000 l=00000000
N3GD_BODY id=1 off=000 00000000000000000000000000000000
N3GD_BODY id=1 off=010 00000000000000000000000000000000
N3GD_BODY id=1 off=020 00000000000000000000000000000000
N3GD_BODY id=1 off=030 00000000000000000000000000000000
N3GD_BODY id=1 off=040 00000000000000000000000000000000
N3GD_BODY id=1 off=050 00000000000000000000000000000000
N3GD_BODY id=1 off=060 00000000000000000000000000000000
N3GD_BODY id=1 off=070 00000000000000000000000000000000
N3GD_BODY id=1 off=080 00000000000000000000000000000000
N3GD_BODY id=1 off=090 00000000000000000000000000000000
N3GD_BODY id=1 off=0a0 00000000000000000000000000000000
N3GD_BODY id=1 off=0b0 00000000000000000000000000000000
N3GD_BODY id=1 off=0c0 00000000000000000000000000000000
N3GD_BODY id=1 off=0d0 00000000000000000000000000000000
N3GD_BODY id=1 off=0e0 00000000000000000000000000000000
N3GD_BODY id=1 off=0f0 00000000000000000000000000000000
N3GD_BODY id=1 off=100 00000000000000000000000000000000
N3GD_BODY id=1 off=110 00000000000000000000000000000000
N3GD_BODY id=1 off=120 00000000000000000000000000000000
N3GD_BODY id=1 off=130 00000000000000000000000000000000
N3GD_BODY id=1 off=140 00000000000000000000000000000000
N3GD_BODY id=1 off=150 00000000000000000000000000000000
N3GD_BODY id=1 off=160 00000000000000000000000000000000
N3GD_BODY id=1 off=170 00000000000000000000000000000000
N3GD_BODY id=1 off=180 00000000000000000000000000000000
N3GD_BODY id=1 off=190 00000000000000000000000000000000
N3GD_BODY id=1 off=1a0 00000000000000000000000000000000
N3GD_BODY id=1 off=1b0 00000000000000000000000000000000
N3GD_BODY id=1 off=1c0 00000000000000000000000000000000
N3GD_BODY id=1 off=1d0 00000000000000000000000000000000
N3GD_BODY id=1 off=1e0 00000000000000000000000000000000
N3GD_BODY id=1 off=1f0 00000000000000000000000000000000
N3GD_BODY id=1 off=200 00000000000000000000000000000000
N3GD_BODY id=1 off=210 00000000000000000000000000000000
N3GD_BODY id=1 off=220 00000000000000000000000000000000
N3GD_BODY id=1 off=230 00000000000000000000000000000000
N3GD_BODY id=1 off=240 00000000000000000000000000000000
N3GD_BODY id=1 off=250 00000000000000000000000000000000
N3GD_BODY id=1 off=260 00000000000000000000000000000000
N3GD_BODY id=1 off=270 00000000000000000000000000000000
N3GD_BODY id=1 off=280 00000000000000000000000000000000
N3GD_BODY id=1 off=290 00000000000000000000000000000000
N3GD_BODY id=1 off=2a0 00000000000000000000000000000000
N3GD_BODY id=1 off=2b0 00000000000000000000000000000000
N3GD_BODY id=1 off=2c0 00000000000000000000000000000000
N3GD_BODY id=1 off=2d0 00000000000000000000000000000000
N3GD_BODY id=1 off=2e0 00000000000000000000000000000000
N3GD_BODY id=1 off=2f0 00000000000000000000000000000000
N3GD_BODY id=1 off=300 00000000000000000000000000000000
N3GD_BODY id=1 off=310 00000000000000000000000000000000
N3GD_BODY id=1 off=320 00000000000000000000000000000000
N3GD_BODY id=1 off=330 00000000000000000000000000000000
N3GD_BODY id=1 off=340 00000000000000000000000000000000
N3GD_BODY id=1 off=350 00000000000000000000000000000000
N3GD_BODY id=1 off=360 00000000000000000000000000000000
N3GD_BODY id=1 off=370 00000000000000000000000000000000
N3GD_BODY id=1 off=380 00000000000000000000000000000000
N3GD_BODY id=1 off=390 00000000000000000000000000000000
N3GD_BODY id=1 off=3a0 00000000000000000000000000000000
N3GD_BODY id=1 off=3b0 00000000000000000000000000000000
N3GD_BODY id=1 off=3c0 00000000000000000000000000000000
N3GD_BODY id=1 off=3d0 00000000000000000000000000000000
N3GD_BODY id=1 off=3e0 00000000000000000000000000000000
N3GD_BODY id=1 off=3f0 00000000000000000000000000000000
N3GD_BODY id=1 off=400 00000000000000000000000000000000
N3GD_BODY id=1 off=410 00000000000000000000000000000000
N3GD_BODY id=1 off=420 00000000000000000000000000000000
N3GD_BODY id=1 off=430 00000000000000000000000000000000
N3GD_BODY id=1 off=440 00000000000000000000000000000000
N3GD_BODY id=1 off=450 00000000000000000000000000000000
N3GD_BODY id=1 off=460 00000000000000000000000000000000
N3GD_BODY id=1 off=470 00000000000000000000000000000000
N3GD_BODY id=1 off=480 00000000000000000000000000000000
N3GD_BODY id=1 off=490 00000000000000000000000000000000
N3GD_BODY id=1 off=4a0 00000000000000000000000000000000
N3GD_BODY id=1 off=4b0 00000000000000000000000000000000
N3GD_BODY id=1 off=4c0 00000000000000000000000000000000
N3GD_BODY id=1 off=4d0 00000000000000000000000000000000
N3GD_BODY id=1 off=4e0 00000000000000000000000000000000
N3GD_BODY id=1 off=4f0 00000000000000000000000000000000
N3GD_BODY id=1 off=500 00000000000000000000000000000000
N3GD_BODY id=1 off=510 00000000000000000000000000000000
N3GD_BODY id=1 off=520 00000000000000000000000000000000
N3GD_BODY id=1 off=530 00000000000000000000000000000000
N3GD_BODY id=1 off=540 00000000000000000000000000000000
N3GD_BODY id=1 off=550 00000000000000000000000000000000
N3GD_BODY id=1 off=560 00000000000000000000000000000000
N3GD_BODY id=1 off=570 00000000000000000000000000000000
N3GD_BODY id=1 off=580 00000000000000000000000000000000
N3GD_BODY id=1 off=590 00000000000000000000000000000000
N3GD_BODY id=1 off=5a0 00000000000000000000000000000000
N3GD_BODY id=1 off=5b0 00000000000000000000000000000000
N3GD_BODY id=1 off=5c0 00000000000000000000000000000000
N3GD_BODY id=1 off=5d0 00000000000000000000000000000000
N3GD_BODY id=1 off=5e0 00000000000000000000000000000000
N3GD_BODY id=1 off=5f0 00000000000000000000000000000000
N3GD_BODY id=1 off=600 00000000000000000000000000000000
N3GD_BODY id=1 off=610 00000000000000000000000000000000
N3GD_BODY id=1 off=620 00000000000000000000000000000000
N3GD_BODY id=1 off=630 00000000000000000000000000000000
N3GD_BODY id=1 off=640 00000000000000000000000000000000
N3GD_BODY id=1 off=650 00000000000000000000000000000000
N3GD_BODY id=1 off=660 00000000000000000000000000000000
N3GD_BODY id=1 off=670 00000000000000000000000000000000
N3GD_BODY id=1 off=680 00000000000000000000000000000000
N3GD_BODY id=1 off=690 00000000000000000000000000000000
N3GD_BODY id=1 off=6a0 00000000000000000000000000000000
N3GD_BODY id=1 off=6b0 00000000000000000000000000000000
N3GD_BODY id=1 off=6c0 00000000000000000000000000000000
N3GD_BODY id=1 off=6d0 00000000000000000000000000000000
N3GD_BODY id=1 off=6e0 00000000000000000000000000000000
N3GD_BODY id=1 off=6f0 00000000000000000000000000000000
N3GD_BODY id=1 off=700 00000000000000000000000000000000
N3GD_BODY id=1 off=710 00000000000000000000000000000000
N3GD_BODY id=1 off=720 00000000000000000000000000000000
N3GD_BODY id=1 off=730 00000000000000000000000000000000
N3GD_BODY id=1 off=740 00000000000000000000000000000000
N3GD_BODY id=1 off=750 00000000000000000000000000000000
N3GD_BODY id=1 off=760 00000000000000000000000000000000
N3GD_BODY id=1 off=770 00000000000000000000000000000000
N3GD_BODY id=1 off=780 00000000000000000000000000000000
N3GD_BODY id=1 off=790 00000000000000000000000000000000
N3GD_BODY id=1 off=7a0 00000000000000000000000000000000
N3GD_BODY id=1 off=7b0 00000000000000000000000000000000
N3GD_BODY id=1 off=7c0 00000000000000000000000000000000
N3GD_BODY id=1 off=7d0 00000000000000000000000000000000
N3GD_BODY id=1 off=7e0 00000000000000000000000000000000
N3GD_BODY id=1 off=7f0 00000000000000000000000000000000
N3GD_OOB id=1 off=000 000000000000000000000000e5ab0678
N3GD_OOB id=1 off=010 0a52efac2207c7a2053adbc8606282c5
N3GD_OOB id=1 off=020 374bcde4a25178a6eb7e94b8b7fa1e2e
N3GD_OOB id=1 off=030 eddbaafff14d9b9ea7ce563d3b3c79fe
N3GD_END id=1
N3GD_BEGIN id=2 kind=cand j=-1 v=00E8 po=250 sl=4294967295 l0=FFFFFFFF host=0000A07E tgt=000140FC bank=2 pb=657 pp=62 phy=84158 shift=4294967295 t=00 ix=0000 u=00000000 l=00000000
N3GD_BODY id=2 off=000 00000000000000000000000000000000
N3GD_BODY id=2 off=010 00000000000000000000000000000000
N3GD_BODY id=2 off=020 00000000000000000000000000000000
N3GD_BODY id=2 off=030 00000000000000000000000000000000
N3GD_BODY id=2 off=040 00000000000000000000000000000000
N3GD_BODY id=2 off=050 00000000000000000000000000000000
N3GD_BODY id=2 off=060 00000000000000000000000000000000
N3GD_BODY id=2 off=070 00000000000000000000000000000000
N3GD_BODY id=2 off=080 00000000000000000000000000000000
N3GD_BODY id=2 off=090 00000000000000000000000000000000
N3GD_BODY id=2 off=0a0 00000000000000000000000000000000
N3GD_BODY id=2 off=0b0 00000000000000000000000000000000
N3GD_BODY id=2 off=0c0 00000000000000000000000000000000
N3GD_BODY id=2 off=0d0 00000000000000000000000000000000
N3GD_BODY id=2 off=0e0 00000000000000000000000000000000
N3GD_BODY id=2 off=0f0 00000000000000000000000000000000
N3GD_BODY id=2 off=100 00000000000000000000000000000000
N3GD_BODY id=2 off=110 00000000000000000000000000000000
N3GD_BODY id=2 off=120 00000000000000000000000000000000
N3GD_BODY id=2 off=130 00000000000000000000000000000000
N3GD_BODY id=2 off=140 00000000000000000000000000000000
N3GD_BODY id=2 off=150 00000000000000000000000000000000
N3GD_BODY id=2 off=160 00000000000000000000000000000000
N3GD_BODY id=2 off=170 00000000000000000000000000000000
N3GD_BODY id=2 off=180 00000000000000000000000000000000
N3GD_BODY id=2 off=190 00000000000000000000000000000000
N3GD_BODY id=2 off=1a0 00000000000000000000000000000000
N3GD_BODY id=2 off=1b0 00000000000000000000000000000000
N3GD_BODY id=2 off=1c0 00000000000000000000000000000000
N3GD_BODY id=2 off=1d0 00000000000000000000000000000000
N3GD_BODY id=2 off=1e0 00000000000000000000000000000000
N3GD_BODY id=2 off=1f0 00000000000000000000000000000000
N3GD_BODY id=2 off=200 00000000000000000000000000000000
N3GD_BODY id=2 off=210 00000000000000000000000000000000
N3GD_BODY id=2 off=220 00000000000000000000000000000000
N3GD_BODY id=2 off=230 00000000000000000000000000000000
N3GD_BODY id=2 off=240 00000000000000000000000000000000
N3GD_BODY id=2 off=250 00000000000000000000000000000000
N3GD_BODY id=2 off=260 00000000000000000000000000000000
N3GD_BODY id=2 off=270 00000000000000000000000000000000
N3GD_BODY id=2 off=280 00000000000000000000000000000000
N3GD_BODY id=2 off=290 00000000000000000000000000000000
N3GD_BODY id=2 off=2a0 00000000000000000000000000000000
N3GD_BODY id=2 off=2b0 00000000000000000000000000000000
N3GD_BODY id=2 off=2c0 00000000000000000000000000000000
N3GD_BODY id=2 off=2d0 00000000000000000000000000000000
N3GD_BODY id=2 off=2e0 00000000000000000000000000000000
N3GD_BODY id=2 off=2f0 00000000000000000000000000000000
N3GD_BODY id=2 off=300 00000000000000000000000000000000
N3GD_BODY id=2 off=310 00000000000000000000000000000000
N3GD_BODY id=2 off=320 00000000000000000000000000000000
N3GD_BODY id=2 off=330 00000000000000000000000000000000
N3GD_BODY id=2 off=340 00000000000000000000000000000000
N3GD_BODY id=2 off=350 00000000000000000000000000000000
N3GD_BODY id=2 off=360 00000000000000000000000000000000
N3GD_BODY id=2 off=370 00000000000000000000000000000000
N3GD_BODY id=2 off=380 00000000000000000000000000000000
N3GD_BODY id=2 off=390 00000000000000000000000000000000
N3GD_BODY id=2 off=3a0 00000000000000000000000000000000
N3GD_BODY id=2 off=3b0 00000000000000000000000000000000
N3GD_BODY id=2 off=3c0 00000000000000000000000000000000
N3GD_BODY id=2 off=3d0 00000000000000000000000000000000
N3GD_BODY id=2 off=3e0 00000000000000000000000000000000
N3GD_BODY id=2 off=3f0 00000000000000000000000000000000
N3GD_BODY id=2 off=400 00000000000000000000000000000000
N3GD_BODY id=2 off=410 00000000000000000000000000000000
N3GD_BODY id=2 off=420 00000000000000000000000000000000
N3GD_BODY id=2 off=430 00000000000000000000000000000000
N3GD_BODY id=2 off=440 00000000000000000000000000000000
N3GD_BODY id=2 off=450 00000000000000000000000000000000
N3GD_BODY id=2 off=460 00000000000000000000000000000000
N3GD_BODY id=2 off=470 00000000000000000000000000000000
N3GD_BODY id=2 off=480 00000000000000000000000000000000
N3GD_BODY id=2 off=490 00000000000000000000000000000000
N3GD_BODY id=2 off=4a0 00000000000000000000000000000000
N3GD_BODY id=2 off=4b0 00000000000000000000000000000000
N3GD_BODY id=2 off=4c0 00000000000000000000000000000000
N3GD_BODY id=2 off=4d0 00000000000000000000000000000000
N3GD_BODY id=2 off=4e0 00000000000000000000000000000000
N3GD_BODY id=2 off=4f0 00000000000000000000000000000000
N3GD_BODY id=2 off=500 00000000000000000000000000000000
N3GD_BODY id=2 off=510 00000000000000000000000000000000
N3GD_BODY id=2 off=520 00000000000000000000000000000000
N3GD_BODY id=2 off=530 00000000000000000000000000000000
N3GD_BODY id=2 off=540 00000000000000000000000000000000
N3GD_BODY id=2 off=550 00000000000000000000000000000000
N3GD_BODY id=2 off=560 00000000000000000000000000000000
N3GD_BODY id=2 off=570 00000000000000000000000000000000
N3GD_BODY id=2 off=580 00000000000000000000000000000000
N3GD_BODY id=2 off=590 00000000000000000000000000000000
N3GD_BODY id=2 off=5a0 00000000000000000000000000000000
N3GD_BODY id=2 off=5b0 00000000000000000000000000000000
N3GD_BODY id=2 off=5c0 00000000000000000000000000000000
N3GD_BODY id=2 off=5d0 00000000000000000000000000000000
N3GD_BODY id=2 off=5e0 00000000000000000000000000000000
N3GD_BODY id=2 off=5f0 00000000000000000000000000000000
N3GD_BODY id=2 off=600 00000000000000000000000000000000
N3GD_BODY id=2 off=610 00000000000000000000000000000000
N3GD_BODY id=2 off=620 00000000000000000000000000000000
N3GD_BODY id=2 off=630 00000000000000000000000000000000
N3GD_BODY id=2 off=640 00000000000000000000000000000000
N3GD_BODY id=2 off=650 00000000000000000000000000000000
N3GD_BODY id=2 off=660 00000000000000000000000000000000
N3GD_BODY id=2 off=670 00000000000000000000000000000000
N3GD_BODY id=2 off=680 00000000000000000000000000000000
N3GD_BODY id=2 off=690 00000000000000000000000000000000
N3GD_BODY id=2 off=6a0 00000000000000000000000000000000
N3GD_BODY id=2 off=6b0 00000000000000000000000000000000
N3GD_BODY id=2 off=6c0 00000000000000000000000000000000
N3GD_BODY id=2 off=6d0 00000000000000000000000000000000
N3GD_BODY id=2 off=6e0 00000000000000000000000000000000
N3GD_BODY id=2 off=6f0 00000000000000000000000000000000
N3GD_BODY id=2 off=700 00000000000000000000000000000000
N3GD_BODY id=2 off=710 00000000000000000000000000000000
N3GD_BODY id=2 off=720 00000000000000000000000000000000
N3GD_BODY id=2 off=730 00000000000000000000000000000000
N3GD_BODY id=2 off=740 00000000000000000000000000000000
N3GD_BODY id=2 off=750 00000000000000000000000000000000
N3GD_BODY id=2 off=760 00000000000000000000000000000000
N3GD_BODY id=2 off=770 00000000000000000000000000000000
N3GD_BODY id=2 off=780 00000000000000000000000000000000
N3GD_BODY id=2 off=790 00000000000000000000000000000000
N3GD_BODY id=2 off=7a0 00000000000000000000000000000000
N3GD_BODY id=2 off=7b0 00000000000000000000000000000000
N3GD_BODY id=2 off=7c0 00000000000000000000000000000000
N3GD_BODY id=2 off=7d0 00000000000000000000000000000000
N3GD_BODY id=2 off=7e0 00000000000000000000000000000000
N3GD_BODY id=2 off=7f0 00000000000000000000000000000000
N3GD_OOB id=2 off=000 000000000000000000000000e5ab0678
N3GD_OOB id=2 off=010 0a52efac2207c7a2053adbc8606282c5
N3GD_OOB id=2 off=020 374bcde4a25178a6eb7e94b8b7fa1e2e
N3GD_OOB id=2 off=030 eddbaafff14d9b9ea7ce563d3b3c79fe
N3GD_END id=2
N3GD_BEGIN id=3 kind=cand j=-1 v=00E8 po=251 sl=4294967295 l0=FFFFFFFF host=0000A07E tgt=000140FC bank=3 pb=657 pp=62 phy=84158 shift=4294967295 t=00 ix=0000 u=00000000 l=00000000
N3GD_BODY id=3 off=000 00000000000000000000000000000000
N3GD_BODY id=3 off=010 00000000000000000000000000000000
N3GD_BODY id=3 off=020 00000000000000000000000000000000
N3GD_BODY id=3 off=030 00000000000000000000000000000000
N3GD_BODY id=3 off=040 00000000000000000000000000000000
N3GD_BODY id=3 off=050 00000000000000000000000000000000
N3GD_BODY id=3 off=060 00000000000000000000000000000000
N3GD_BODY id=3 off=070 00000000000000000000000000000000
N3GD_BODY id=3 off=080 00000000000000000000000000000000
N3GD_BODY id=3 off=090 00000000000000000000000000000000
N3GD_BODY id=3 off=0a0 00000000000000000000000000000000
N3GD_BODY id=3 off=0b0 00000000000000000000000000000000
N3GD_BODY id=3 off=0c0 00000000000000000000000000000000
N3GD_BODY id=3 off=0d0 00000000000000000000000000000000
N3GD_BODY id=3 off=0e0 00000000000000000000000000000000
N3GD_BODY id=3 off=0f0 00000000000000000000000000000000
N3GD_BODY id=3 off=100 00000000000000000000000000000000
N3GD_BODY id=3 off=110 00000000000000000000000000000000
N3GD_BODY id=3 off=120 00000000000000000000000000000000
N3GD_BODY id=3 off=130 00000000000000000000000000000000
N3GD_BODY id=3 off=140 00000000000000000000000000000000
N3GD_BODY id=3 off=150 00000000000000000000000000000000
N3GD_BODY id=3 off=160 00000000000000000000000000000000
N3GD_BODY id=3 off=170 00000000000000000000000000000000
N3GD_BODY id=3 off=180 00000000000000000000000000000000
N3GD_BODY id=3 off=190 00000000000000000000000000000000
N3GD_BODY id=3 off=1a0 00000000000000000000000000000000
N3GD_BODY id=3 off=1b0 00000000000000000000000000000000
N3GD_BODY id=3 off=1c0 00000000000000000000000000000000
N3GD_BODY id=3 off=1d0 00000000000000000000000000000000
N3GD_BODY id=3 off=1e0 00000000000000000000000000000000
N3GD_BODY id=3 off=1f0 00000000000000000000000000000000
N3GD_BODY id=3 off=200 00000000000000000000000000000000
N3GD_BODY id=3 off=210 00000000000000000000000000000000
N3GD_BODY id=3 off=220 00000000000000000000000000000000
N3GD_BODY id=3 off=230 00000000000000000000000000000000
N3GD_BODY id=3 off=240 00000000000000000000000000000000
N3GD_BODY id=3 off=250 00000000000000000000000000000000
N3GD_BODY id=3 off=260 00000000000000000000000000000000
N3GD_BODY id=3 off=270 00000000000000000000000000000000
N3GD_BODY id=3 off=280 00000000000000000000000000000000
N3GD_BODY id=3 off=290 00000000000000000000000000000000
N3GD_BODY id=3 off=2a0 00000000000000000000000000000000
N3GD_BODY id=3 off=2b0 00000000000000000000000000000000
N3GD_BODY id=3 off=2c0 00000000000000000000000000000000
N3GD_BODY id=3 off=2d0 00000000000000000000000000000000
N3GD_BODY id=3 off=2e0 00000000000000000000000000000000
N3GD_BODY id=3 off=2f0 00000000000000000000000000000000
N3GD_BODY id=3 off=300 00000000000000000000000000000000
N3GD_BODY id=3 off=310 00000000000000000000000000000000
N3GD_BODY id=3 off=320 00000000000000000000000000000000
N3GD_BODY id=3 off=330 00000000000000000000000000000000
N3GD_BODY id=3 off=340 00000000000000000000000000000000
N3GD_BODY id=3 off=350 00000000000000000000000000000000
N3GD_BODY id=3 off=360 00000000000000000000000000000000
N3GD_BODY id=3 off=370 00000000000000000000000000000000
N3GD_BODY id=3 off=380 00000000000000000000000000000000
N3GD_BODY id=3 off=390 00000000000000000000000000000000
N3GD_BODY id=3 off=3a0 00000000000000000000000000000000
N3GD_BODY id=3 off=3b0 00000000000000000000000000000000
N3GD_BODY id=3 off=3c0 00000000000000000000000000000000
N3GD_BODY id=3 off=3d0 00000000000000000000000000000000
N3GD_BODY id=3 off=3e0 00000000000000000000000000000000
N3GD_BODY id=3 off=3f0 00000000000000000000000000000000
N3GD_BODY id=3 off=400 00000000000000000000000000000000
N3GD_BODY id=3 off=410 00000000000000000000000000000000
N3GD_BODY id=3 off=420 00000000000000000000000000000000
N3GD_BODY id=3 off=430 00000000000000000000000000000000
N3GD_BODY id=3 off=440 00000000000000000000000000000000
N3GD_BODY id=3 off=450 00000000000000000000000000000000
N3GD_BODY id=3 off=460 00000000000000000000000000000000
N3GD_BODY id=3 off=470 00000000000000000000000000000000
N3GD_BODY id=3 off=480 00000000000000000000000000000000
N3GD_BODY id=3 off=490 00000000000000000000000000000000
N3GD_BODY id=3 off=4a0 00000000000000000000000000000000
N3GD_BODY id=3 off=4b0 00000000000000000000000000000000
N3GD_BODY id=3 off=4c0 00000000000000000000000000000000
N3GD_BODY id=3 off=4d0 00000000000000000000000000000000
N3GD_BODY id=3 off=4e0 00000000000000000000000000000000
N3GD_BODY id=3 off=4f0 00000000000000000000000000000000
N3GD_BODY id=3 off=500 00000000000000000000000000000000
N3GD_BODY id=3 off=510 00000000000000000000000000000000
N3GD_BODY id=3 off=520 00000000000000000000000000000000
N3GD_BODY id=3 off=530 00000000000000000000000000000000
N3GD_BODY id=3 off=540 00000000000000000000000000000000
N3GD_BODY id=3 off=550 00000000000000000000000000000000
N3GD_BODY id=3 off=560 00000000000000000000000000000000
N3GD_BODY id=3 off=570 00000000000000000000000000000000
N3GD_BODY id=3 off=580 00000000000000000000000000000000
N3GD_BODY id=3 off=590 00000000000000000000000000000000
N3GD_BODY id=3 off=5a0 00000000000000000000000000000000
N3GD_BODY id=3 off=5b0 00000000000000000000000000000000
N3GD_BODY id=3 off=5c0 00000000000000000000000000000000
N3GD_BODY id=3 off=5d0 00000000000000000000000000000000
N3GD_BODY id=3 off=5e0 00000000000000000000000000000000
N3GD_BODY id=3 off=5f0 00000000000000000000000000000000
N3GD_BODY id=3 off=600 00000000000000000000000000000000
N3GD_BODY id=3 off=610 00000000000000000000000000000000
N3GD_BODY id=3 off=620 00000000000000000000000000000000
N3GD_BODY id=3 off=630 00000000000000000000000000000000
N3GD_BODY id=3 off=640 00000000000000000000000000000000
N3GD_BODY id=3 off=650 00000000000000000000000000000000
N3GD_BODY id=3 off=660 00000000000000000000000000000000
N3GD_BODY id=3 off=670 00000000000000000000000000000000
N3GD_BODY id=3 off=680 00000000000000000000000000000000
N3GD_BODY id=3 off=690 00000000000000000000000000000000
N3GD_BODY id=3 off=6a0 00000000000000000000000000000000
N3GD_BODY id=3 off=6b0 00000000000000000000000000000000
N3GD_BODY id=3 off=6c0 00000000000000000000000000000000
N3GD_BODY id=3 off=6d0 00000000000000000000000000000000
N3GD_BODY id=3 off=6e0 00000000000000000000000000000000
N3GD_BODY id=3 off=6f0 00000000000000000000000000000000
N3GD_BODY id=3 off=700 00000000000000000000000000000000
N3GD_BODY id=3 off=710 00000000000000000000000000000000
N3GD_BODY id=3 off=720 00000000000000000000000000000000
N3GD_BODY id=3 off=730 00000000000000000000000000000000
N3GD_BODY id=3 off=740 00000000000000000000000000000000
N3GD_BODY id=3 off=750 00000000000000000000000000000000
N3GD_BODY id=3 off=760 00000000000000000000000000000000
N3GD_BODY id=3 off=770 00000000000000000000000000000000
N3GD_BODY id=3 off=780 00000000000000000000000000000000
N3GD_BODY id=3 off=790 00000000000000000000000000000000
N3GD_BODY id=3 off=7a0 00000000000000000000000000000000
N3GD_BODY id=3 off=7b0 00000000000000000000000000000000
N3GD_BODY id=3 off=7c0 00000000000000000000000000000000
N3GD_BODY id=3 off=7d0 00000000000000000000000000000000
N3GD_BODY id=3 off=7e0 00000000000000000000000000000000
N3GD_BODY id=3 off=7f0 00000000000000000000000000000000
N3GD_OOB id=3 off=000 000000000000000000000000e5ab0678
N3GD_OOB id=3 off=010 0a52efac2207c7a2053adbc8606282c5
N3GD_OOB id=3 off=020 374bcde4a25178a6eb7e94b8b7fa1e2e
N3GD_OOB id=3 off=030 eddbaafff14d9b9ea7ce563d3b3c79fe
N3GD_END id=3
N3GD_BEGIN id=4 kind=cand j=-1 v=00E8 po=252 sl=4294967295 l0=FFFFFFFF host=0000A07E tgt=000140FC bank=0 pb=657 pp=63 phy=84159 shift=4294967295 t=40 ix=D9CA u=0019C9FA l=0019C9FA
N3GD_BODY id=4 off=000 c26dbe538b108486a93066effb69756a
N3GD_BODY id=4 off=010 b4bde326d36abae4303fa1046c1cfb6b
N3GD_BODY id=4 off=020 30a33f270a08d4c309790b3b56437598
N3GD_BODY id=4 off=030 db6f75368350adfb3081cc670a8950e1
N3GD_BODY id=4 off=040 f742eea360bbabd3b6ca3547945a384e
N3GD_BODY id=4 off=050 d62bbb9d59aa1ed60bc9e728814f1d2d
N3GD_BODY id=4 off=060 d95b4d4e11c7e9a6db7e1bd4b8d0d088
N3GD_BODY id=4 off=070 88d7d36be771111af4d33ed7a8792970
N3GD_BODY id=4 off=080 9584e888100f1d38338301004373a590
N3GD_BODY id=4 off=090 c53b5f0ef86e79a0c7a137a4aded3dc2
N3GD_BODY id=4 off=0a0 45baf729d4b0358c3067fa69ce67c2d6
N3GD_BODY id=4 off=0b0 5068681b657b8c332a90ae1837fe7d6e
N3GD_BODY id=4 off=0c0 bf0be0854984d6b10801b310c726c950
N3GD_BODY id=4 off=0d0 d4f8faf5b7d0269764e4b9701e41a2b1
N3GD_BODY id=4 off=0e0 0e3cab2269a16067465b434dcd94066c
N3GD_BODY id=4 off=0f0 575b0759890df9eb2ba287f0e9cc3953
N3GD_BODY id=4 off=100 6a422090f96adbffc3ac3b5a020f8535
N3GD_BODY id=4 off=110 8299656de2da20cffd0cea9ff120243e
N3GD_BODY id=4 off=120 3f8ae53fec13907b9a674a1959bea226
N3GD_BODY id=4 off=130 4849d72f51c63bd410d57e35ed16f29a
N3GD_BODY id=4 off=140 be0916c305e941f755aae0ac412cce22
N3GD_BODY id=4 off=150 f848d143ac9d4334d6354f829a6f653a
N3GD_BODY id=4 off=160 3c5e99ba2c44d3ea0b6f8699787f2952
N3GD_BODY id=4 off=170 206f13b6db7ff04d70c292b0c0c943b9
N3GD_BODY id=4 off=180 05b7b2441dbf957050b8087bc864355d
N3GD_BODY id=4 off=190 7ad166d6a37f0a4903e10c55f0f74b0e
N3GD_BODY id=4 off=1a0 f708918d113dedc5d9219681c7541d8e
N3GD_BODY id=4 off=1b0 7e08c49c40628ba523baf824103b447a
N3GD_BODY id=4 off=1c0 ceb1853e1f621620ff6f31b1b9b31028
N3GD_BODY id=4 off=1d0 81ed0d4b1eeb836be432352cba1fcbb8
N3GD_BODY id=4 off=1e0 62279dabb08180c420550a2c558f168e
N3GD_BODY id=4 off=1f0 1be1b656be71df3c4a4207a15628b382
N3GD_BODY id=4 off=200 64932db9c742997e78760a06f8a2c1a3
N3GD_BODY id=4 off=210 a9dd3bb9ddf855d42f89a191c2230f0c
N3GD_BODY id=4 off=220 003012264bff986e45fe192c30ceb4b8
N3GD_BODY id=4 off=230 5090c21240d2b8737e5355ee152aafaa
N3GD_BODY id=4 off=240 8c545958d6b4d3e90c4a8bd0b1d9e369
N3GD_BODY id=4 off=250 822d47971f7d6f5c160ac1f60400f906
N3GD_BODY id=4 off=260 b1acac95cca73d698252e07f87e764ff
N3GD_BODY id=4 off=270 9d984ca454e6249aaa87c8234c7752ff
N3GD_BODY id=4 off=280 27f82383dc4af245323e90fbe0944858
N3GD_BODY id=4 off=290 d3d4ba9cc7df043ab351a1e7c1408e7d
N3GD_BODY id=4 off=2a0 04beccfa5c7529be19be1ed01e17ab46
N3GD_BODY id=4 off=2b0 44e3143cdeb8c7a6a3434f1a1f4103d9
N3GD_BODY id=4 off=2c0 94ce3a52e2a17e367379c9b2f4ad69ab
N3GD_BODY id=4 off=2d0 26420170826deed71eb3752cf6351719
N3GD_BODY id=4 off=2e0 8c143523747adc542144268fbe1d160b
N3GD_BODY id=4 off=2f0 3c5b973b312baca9af8be252f7d2f868
N3GD_BODY id=4 off=300 428506eb5c5bcc5ffc6a58e126dc61cd
N3GD_BODY id=4 off=310 6721d67072c5a4635e95915f92b36d15
N3GD_BODY id=4 off=320 8774dc0c1e8ca0673fe161257426a836
N3GD_BODY id=4 off=330 8c95eea9c0abfaef089910186215619c
N3GD_BODY id=4 off=340 267c380d3ae944a3f3ddfc364c848dc0
N3GD_BODY id=4 off=350 e0ae070722c59c264e1dcf1d3c4cd3f3
N3GD_BODY id=4 off=360 b018207647b5f3c6b67ae17f076e0bfa
N3GD_BODY id=4 off=370 c3d65a080fcea2ddbff0aae2f89d05c4
N3GD_BODY id=4 off=380 4686a8c6532d625dff0b1049e0c30c19
N3GD_BODY id=4 off=390 6c534a46665ec8d050efdb6f0a541109
N3GD_BODY id=4 off=3a0 03b5b20f872df73e095752ccfc229fe7
N3GD_BODY id=4 off=3b0 95688b5e1e34732643321468fb36c6d9
N3GD_BODY id=4 off=3c0 ac928d589d137b6dfe2751f7473ab071
N3GD_BODY id=4 off=3d0 813699c6654b443c67a190d6bd3862b4
N3GD_BODY id=4 off=3e0 c13ba95f0862b36b0cf18c7aad127fc6
N3GD_BODY id=4 off=3f0 cd02ff1d4ce7e19ac5667016bdc1bbbf
N3GD_BODY id=4 off=400 c2a7cf9897360c0e005d8300f6b8bfe2
N3GD_BODY id=4 off=410 b297bc23ebfce4088b1028a3177ff5c1
N3GD_BODY id=4 off=420 189c3dec53fe34472e698e54bb69c869
N3GD_BODY id=4 off=430 4ca17f8815407031f54b11c4bc179612
N3GD_BODY id=4 off=440 edd95d1a17064fe97af81835c085a7a5
N3GD_BODY id=4 off=450 dce63e098d71c13d5bd652cc7fa17e22
N3GD_BODY id=4 off=460 39b939a019aa8c95398e683e232a91c2
N3GD_BODY id=4 off=470 98ad147a479f122386e5154e312c1c83
N3GD_BODY id=4 off=480 4c0aa19fbccff9d830454314352e32d0
N3GD_BODY id=4 off=490 9fdf3a15bcb6d80faee4c328cfbf858b
N3GD_BODY id=4 off=4a0 9b865f7372b0368685096ada8edfebcd
N3GD_BODY id=4 off=4b0 c1694baa37645f7b8f5390046e14e781
N3GD_BODY id=4 off=4c0 4cc43fff0da55c42129c559359bfe761
N3GD_BODY id=4 off=4d0 e05e2adb512d9adb7be0bd699bc996c0
N3GD_BODY id=4 off=4e0 c03cd14bc03c754b65dff8663d8317e7
N3GD_BODY id=4 off=4f0 8280c88b5c63b74f19bffa823e0931b3
N3GD_BODY id=4 off=500 3e8e611a9da307e98999d705fe6f933c
N3GD_BODY id=4 off=510 602bc5b124cdbf0c6b37d548848d7892
N3GD_BODY id=4 off=520 644933f4ced10b5e26645bc7f3a7fc4c
N3GD_BODY id=4 off=530 cb65af50dd37412d3878999124c96b2d
N3GD_BODY id=4 off=540 7e7a3cf8926449335d7a9f98f8926449
N3GD_BODY id=4 off=550 33b7e723fc4cc8b758ab0ff04a54db71
N3GD_BODY id=4 off=560 e886e726407dea9927364f04a34da3e9
N3GD_BODY id=4 off=570 379b8492eb82de92db26a87315c1b711
N3GD_BODY id=4 off=580 4cbdb6ff04d5ac41f329547490e70488
N3GD_BODY id=4 off=590 03138626408b88587da40a1080014d16
N3GD_BODY id=4 off=5a0 871a320e82c3f835030d8997cac68016
N3GD_BODY id=4 off=5b0 583fe1bdabe30cb2ef6dba8b16da0a14
N3GD_BODY id=4 off=5c0 2400e03115006869c63038352772f2fd
N3GD_BODY id=4 off=5d0 c38c5b095f199ab25b8c85d210a80023
N3GD_BODY id=4 off=5e0 e91326da00d806e537000314d0178000
N3GD_BODY id=4 off=5f0 8049ee6ac36b5be7200c24d430a00085
N3GD_BODY id=4 off=600 4e2b10f7a15ed410a5b40c6e8f20ad85
N3GD_BODY id=4 off=610 54833c85adbcba0da32012b36120105a
N3GD_BODY id=4 off=620 24ded9115cb12f5fda20cc25196bc6a1
N3GD_BODY id=4 off=630 450020a7c80c9011f56c1506a416b1e5
N3GD_BODY id=4 off=640 c76e201d2952c932fcee85a5c23f8236
N3GD_BODY id=4 off=650 0a39b653f292e2e3de1da9c4e80775ee
N3GD_BODY id=4 off=660 f8c54ae941ae43e272922906a57c92c1
N3GD_BODY id=4 off=670 2319f299576dcf051c28abd99b659c63
N3GD_BODY id=4 off=680 0b6938c597012e765a44fb6a7642f484
N3GD_BODY id=4 off=690 47edf8656986baa6c9cbf7f1fb843534
N3GD_BODY id=4 off=6a0 15abf3266f8ac22dfbae2da18ee2fc25
N3GD_BODY id=4 off=6b0 1eaeeb8bb859cafc2571ff34066cd7eb
N3GD_BODY id=4 off=6c0 82c518f132207570b1f771c44350c260
N3GD_BODY id=4 off=6d0 f71b5e08d812d47018f2400f168fcf25
N3GD_BODY id=4 off=6e0 5415f8e570b483c6e27c785ff7ae0926
N3GD_BODY id=4 off=6f0 640a71ad3b2cf5000000150605110387
N3GD_BODY id=4 off=700 f44ecd0a4bdca1943ac3d49b171f0180
N3GD_BODY id=4 off=710 00000fb021ee7101747116207c3184ca
N3GD_BODY id=4 off=720 39ffd3d3a550a7fb7e9a7a69e6ab7d5a
N3GD_BODY id=4 off=730 4ea5b0c67cededb7b6dedb7d8ccf9163
N3GD_BODY id=4 off=740 37ec46f11bf8bbbb577cc14daffdb6f6
N3GD_BODY id=4 off=750 db8cc2828076c4621605f547c989fa65
N3GD_BODY id=4 off=760 4a0c60af96ffcfa7dcfb8fe8bcd43514
N3GD_BODY id=4 off=770 7995fc663b5ec67f188cb91982b72d4d
N3GD_BODY id=4 off=780 861419fdedb7ffd7a56c38ac1ffd2fd1
N3GD_BODY id=4 off=790 ffd34e18c4c97fa5fd1e63141ec82e7c
N3GD_BODY id=4 off=7a0 455755c81854fffd34f8bca4aaf14a06
N3GD_BODY id=4 off=7b0 181cb2ca7952d35fad483301fdcb5af1
N3GD_BODY id=4 off=7c0 2a38d3f51dc4e16707f44fa0bffc461b
N3GD_BODY id=4 off=7d0 3ed8952a2a7536d2a932a8c53e08efb9
N3GD_BODY id=4 off=7e0 5450ac08ea073c8850c9a21450dcf97f
N3GD_BODY id=4 off=7f0 e9b5e4c4825eabaad2acb54ab9814777
N3GD_OOB id=4 off=000 fac91900cad90000ff40ffffe5ab0678
N3GD_OOB id=4 off=010 0a52efac2207c7a2053adbc8606282c5
N3GD_OOB id=4 off=020 374bcde4a25178a6eb7e94b8b7fa1e2e
N3GD_OOB id=4 off=030 eddbaafff14d9b9ea7ce563d3b3c79fe
N3GD_END id=4
N3GD_BEGIN id=5 kind=cand j=-1 v=00E8 po=253 sl=4294967295 l0=FFFFFFFF host=0000A07E tgt=000140FC bank=1 pb=657 pp=63 phy=84159 shift=4294967295 t=00 ix=0000 u=00000000 l=00000000
N3GD_BODY id=5 off=000 00000000000000000000000000000000
N3GD_BODY id=5 off=010 00000000000000000000000000000000
N3GD_BODY id=5 off=020 00000000000000000000000000000000
N3GD_BODY id=5 off=030 00000000000000000000000000000000
N3GD_BODY id=5 off=040 00000000000000000000000000000000
N3GD_BODY id=5 off=050 00000000000000000000000000000000
N3GD_BODY id=5 off=060 00000000000000000000000000000000
N3GD_BODY id=5 off=070 00000000000000000000000000000000
N3GD_BODY id=5 off=080 00000000000000000000000000000000
N3GD_BODY id=5 off=090 00000000000000000000000000000000
N3GD_BODY id=5 off=0a0 00000000000000000000000000000000
N3GD_BODY id=5 off=0b0 00000000000000000000000000000000
N3GD_BODY id=5 off=0c0 00000000000000000000000000000000
N3GD_BODY id=5 off=0d0 00000000000000000000000000000000
N3GD_BODY id=5 off=0e0 00000000000000000000000000000000
N3GD_BODY id=5 off=0f0 00000000000000000000000000000000
N3GD_BODY id=5 off=100 00000000000000000000000000000000
N3GD_BODY id=5 off=110 00000000000000000000000000000000
N3GD_BODY id=5 off=120 00000000000000000000000000000000
N3GD_BODY id=5 off=130 00000000000000000000000000000000
N3GD_BODY id=5 off=140 00000000000000000000000000000000
N3GD_BODY id=5 off=150 00000000000000000000000000000000
N3GD_BODY id=5 off=160 00000000000000000000000000000000
N3GD_BODY id=5 off=170 00000000000000000000000000000000
N3GD_BODY id=5 off=180 00000000000000000000000000000000
N3GD_BODY id=5 off=190 00000000000000000000000000000000
N3GD_BODY id=5 off=1a0 00000000000000000000000000000000
N3GD_BODY id=5 off=1b0 00000000000000000000000000000000
N3GD_BODY id=5 off=1c0 00000000000000000000000000000000
N3GD_BODY id=5 off=1d0 00000000000000000000000000000000
N3GD_BODY id=5 off=1e0 00000000000000000000000000000000
N3GD_BODY id=5 off=1f0 00000000000000000000000000000000
N3GD_BODY id=5 off=200 00000000000000000000000000000000
N3GD_BODY id=5 off=210 00000000000000000000000000000000
N3GD_BODY id=5 off=220 00000000000000000000000000000000
N3GD_BODY id=5 off=230 00000000000000000000000000000000
N3GD_BODY id=5 off=240 00000000000000000000000000000000
N3GD_BODY id=5 off=250 00000000000000000000000000000000
N3GD_BODY id=5 off=260 00000000000000000000000000000000
N3GD_BODY id=5 off=270 00000000000000000000000000000000
N3GD_BODY id=5 off=280 00000000000000000000000000000000
N3GD_BODY id=5 off=290 00000000000000000000000000000000
N3GD_BODY id=5 off=2a0 00000000000000000000000000000000
N3GD_BODY id=5 off=2b0 00000000000000000000000000000000
N3GD_BODY id=5 off=2c0 00000000000000000000000000000000
N3GD_BODY id=5 off=2d0 00000000000000000000000000000000
N3GD_BODY id=5 off=2e0 00000000000000000000000000000000
N3GD_BODY id=5 off=2f0 00000000000000000000000000000000
N3GD_BODY id=5 off=300 00000000000000000000000000000000
N3GD_BODY id=5 off=310 00000000000000000000000000000000
N3GD_BODY id=5 off=320 00000000000000000000000000000000
N3GD_BODY id=5 off=330 00000000000000000000000000000000
N3GD_BODY id=5 off=340 00000000000000000000000000000000
N3GD_BODY id=5 off=350 00000000000000000000000000000000
N3GD_BODY id=5 off=360 00000000000000000000000000000000
N3GD_BODY id=5 off=370 00000000000000000000000000000000
N3GD_BODY id=5 off=380 00000000000000000000000000000000
N3GD_BODY id=5 off=390 00000000000000000000000000000000
N3GD_BODY id=5 off=3a0 00000000000000000000000000000000
N3GD_BODY id=5 off=3b0 00000000000000000000000000000000
N3GD_BODY id=5 off=3c0 00000000000000000000000000000000
N3GD_BODY id=5 off=3d0 00000000000000000000000000000000
N3GD_BODY id=5 off=3e0 00000000000000000000000000000000
N3GD_BODY id=5 off=3f0 00000000000000000000000000000000
N3GD_BODY id=5 off=400 00000000000000000000000000000000
N3GD_BODY id=5 off=410 00000000000000000000000000000000
N3GD_BODY id=5 off=420 00000000000000000000000000000000
N3GD_BODY id=5 off=430 00000000000000000000000000000000
N3GD_BODY id=5 off=440 00000000000000000000000000000000
N3GD_BODY id=5 off=450 00000000000000000000000000000000
N3GD_BODY id=5 off=460 00000000000000000000000000000000
N3GD_BODY id=5 off=470 00000000000000000000000000000000
N3GD_BODY id=5 off=480 00000000000000000000000000000000
N3GD_BODY id=5 off=490 00000000000000000000000000000000
N3GD_BODY id=5 off=4a0 00000000000000000000000000000000
N3GD_BODY id=5 off=4b0 00000000000000000000000000000000
N3GD_BODY id=5 off=4c0 00000000000000000000000000000000
N3GD_BODY id=5 off=4d0 00000000000000000000000000000000
N3GD_BODY id=5 off=4e0 00000000000000000000000000000000
N3GD_BODY id=5 off=4f0 00000000000000000000000000000000
N3GD_BODY id=5 off=500 00000000000000000000000000000000
N3GD_BODY id=5 off=510 00000000000000000000000000000000
N3GD_BODY id=5 off=520 00000000000000000000000000000000
N3GD_BODY id=5 off=530 00000000000000000000000000000000
N3GD_BODY id=5 off=540 00000000000000000000000000000000
N3GD_BODY id=5 off=550 00000000000000000000000000000000
N3GD_BODY id=5 off=560 00000000000000000000000000000000
N3GD_BODY id=5 off=570 00000000000000000000000000000000
N3GD_BODY id=5 off=580 00000000000000000000000000000000
N3GD_BODY id=5 off=590 00000000000000000000000000000000
N3GD_BODY id=5 off=5a0 00000000000000000000000000000000
N3GD_BODY id=5 off=5b0 00000000000000000000000000000000
N3GD_BODY id=5 off=5c0 00000000000000000000000000000000
N3GD_BODY id=5 off=5d0 00000000000000000000000000000000
N3GD_BODY id=5 off=5e0 00000000000000000000000000000000
N3GD_BODY id=5 off=5f0 00000000000000000000000000000000
N3GD_BODY id=5 off=600 00000000000000000000000000000000
N3GD_BODY id=5 off=610 00000000000000000000000000000000
N3GD_BODY id=5 off=620 00000000000000000000000000000000
N3GD_BODY id=5 off=630 00000000000000000000000000000000
N3GD_BODY id=5 off=640 00000000000000000000000000000000
N3GD_BODY id=5 off=650 00000000000000000000000000000000
N3GD_BODY id=5 off=660 00000000000000000000000000000000
N3GD_BODY id=5 off=670 00000000000000000000000000000000
N3GD_BODY id=5 off=680 00000000000000000000000000000000
N3GD_BODY id=5 off=690 00000000000000000000000000000000
N3GD_BODY id=5 off=6a0 00000000000000000000000000000000
N3GD_BODY id=5 off=6b0 00000000000000000000000000000000
N3GD_BODY id=5 off=6c0 00000000000000000000000000000000
N3GD_BODY id=5 off=6d0 00000000000000000000000000000000
N3GD_BODY id=5 off=6e0 00000000000000000000000000000000
N3GD_BODY id=5 off=6f0 00000000000000000000000000000000
N3GD_BODY id=5 off=700 00000000000000000000000000000000
N3GD_BODY id=5 off=710 00000000000000000000000000000000
N3GD_BODY id=5 off=720 00000000000000000000000000000000
N3GD_BODY id=5 off=730 00000000000000000000000000000000
N3GD_BODY id=5 off=740 00000000000000000000000000000000
N3GD_BODY id=5 off=750 00000000000000000000000000000000
N3GD_BODY id=5 off=760 00000000000000000000000000000000
N3GD_BODY id=5 off=770 00000000000000000000000000000000
N3GD_BODY id=5 off=780 00000000000000000000000000000000
N3GD_BODY id=5 off=790 00000000000000000000000000000000
N3GD_BODY id=5 off=7a0 00000000000000000000000000000000
N3GD_BODY id=5 off=7b0 00000000000000000000000000000000
N3GD_BODY id=5 off=7c0 00000000000000000000000000000000
N3GD_BODY id=5 off=7d0 00000000000000000000000000000000
N3GD_BODY id=5 off=7e0 00000000000000000000000000000000
N3GD_BODY id=5 off=7f0 00000000000000000000000000000000
N3GD_OOB id=5 off=000 000000000000000000000000e5ab0678
N3GD_OOB id=5 off=010 0a52efac2207c7a2053adbc8606282c5
N3GD_OOB id=5 off=020 374bcde4a25178a6eb7e94b8b7fa1e2e
N3GD_OOB id=5 off=030 eddbaafff14d9b9ea7ce563d3b3c79fe
N3GD_END id=5
N3GD_BEGIN id=6 kind=cand j=-1 v=00E8 po=254 sl=4294967295 l0=FFFFFFFF host=0000A07E tgt=000140FC bank=2 pb=657 pp=63 phy=84159 shift=4294967295 t=00 ix=0000 u=00000000 l=00000000
N3GD_BODY id=6 off=000 00000000000000000000000000000000
N3GD_BODY id=6 off=010 00000000000000000000000000000000
N3GD_BODY id=6 off=020 00000000000000000000000000000000
N3GD_BODY id=6 off=030 00000000000000000000000000000000
N3GD_BODY id=6 off=040 00000000000000000000000000000000
N3GD_BODY id=6 off=050 00000000000000000000000000000000
N3GD_BODY id=6 off=060 00000000000000000000000000000000
N3GD_BODY id=6 off=070 00000000000000000000000000000000
N3GD_BODY id=6 off=080 00000000000000000000000000000000
N3GD_BODY id=6 off=090 00000000000000000000000000000000
N3GD_BODY id=6 off=0a0 00000000000000000000000000000000
N3GD_BODY id=6 off=0b0 00000000000000000000000000000000
N3GD_BODY id=6 off=0c0 00000000000000000000000000000000
N3GD_BODY id=6 off=0d0 00000000000000000000000000000000
N3GD_BODY id=6 off=0e0 00000000000000000000000000000000
N3GD_BODY id=6 off=0f0 00000000000000000000000000000000
N3GD_BODY id=6 off=100 00000000000000000000000000000000
N3GD_BODY id=6 off=110 00000000000000000000000000000000
N3GD_BODY id=6 off=120 00000000000000000000000000000000
N3GD_BODY id=6 off=130 00000000000000000000000000000000
N3GD_BODY id=6 off=140 00000000000000000000000000000000
N3GD_BODY id=6 off=150 00000000000000000000000000000000
N3GD_BODY id=6 off=160 00000000000000000000000000000000
N3GD_BODY id=6 off=170 00000000000000000000000000000000
N3GD_BODY id=6 off=180 00000000000000000000000000000000
N3GD_BODY id=6 off=190 00000000000000000000000000000000
N3GD_BODY id=6 off=1a0 00000000000000000000000000000000
N3GD_BODY id=6 off=1b0 00000000000000000000000000000000
N3GD_BODY id=6 off=1c0 00000000000000000000000000000000
N3GD_BODY id=6 off=1d0 00000000000000000000000000000000
N3GD_BODY id=6 off=1e0 00000000000000000000000000000000
N3GD_BODY id=6 off=1f0 00000000000000000000000000000000
N3GD_BODY id=6 off=200 00000000000000000000000000000000
N3GD_BODY id=6 off=210 00000000000000000000000000000000
N3GD_BODY id=6 off=220 00000000000000000000000000000000
N3GD_BODY id=6 off=230 00000000000000000000000000000000
N3GD_BODY id=6 off=240 00000000000000000000000000000000
N3GD_BODY id=6 off=250 00000000000000000000000000000000
N3GD_BODY id=6 off=260 00000000000000000000000000000000
N3GD_BODY id=6 off=270 00000000000000000000000000000000
N3GD_BODY id=6 off=280 00000000000000000000000000000000
N3GD_BODY id=6 off=290 00000000000000000000000000000000
N3GD_BODY id=6 off=2a0 00000000000000000000000000000000
N3GD_BODY id=6 off=2b0 00000000000000000000000000000000
N3GD_BODY id=6 off=2c0 00000000000000000000000000000000
N3GD_BODY id=6 off=2d0 00000000000000000000000000000000
N3GD_BODY id=6 off=2e0 00000000000000000000000000000000
N3GD_BODY id=6 off=2f0 00000000000000000000000000000000
N3GD_BODY id=6 off=300 00000000000000000000000000000000
N3GD_BODY id=6 off=310 00000000000000000000000000000000
N3GD_BODY id=6 off=320 00000000000000000000000000000000
N3GD_BODY id=6 off=330 00000000000000000000000000000000
N3GD_BODY id=6 off=340 00000000000000000000000000000000
N3GD_BODY id=6 off=350 00000000000000000000000000000000
N3GD_BODY id=6 off=360 00000000000000000000000000000000
N3GD_BODY id=6 off=370 00000000000000000000000000000000
N3GD_BODY id=6 off=380 00000000000000000000000000000000
N3GD_BODY id=6 off=390 00000000000000000000000000000000
N3GD_BODY id=6 off=3a0 00000000000000000000000000000000
N3GD_BODY id=6 off=3b0 00000000000000000000000000000000
N3GD_BODY id=6 off=3c0 00000000000000000000000000000000
N3GD_BODY id=6 off=3d0 00000000000000000000000000000000
N3GD_BODY id=6 off=3e0 00000000000000000000000000000000
N3GD_BODY id=6 off=3f0 00000000000000000000000000000000
N3GD_BODY id=6 off=400 00000000000000000000000000000000
N3GD_BODY id=6 off=410 00000000000000000000000000000000
N3GD_BODY id=6 off=420 00000000000000000000000000000000
N3GD_BODY id=6 off=430 00000000000000000000000000000000
N3GD_BODY id=6 off=440 00000000000000000000000000000000
N3GD_BODY id=6 off=450 00000000000000000000000000000000
N3GD_BODY id=6 off=460 00000000000000000000000000000000
N3GD_BODY id=6 off=470 00000000000000000000000000000000
N3GD_BODY id=6 off=480 00000000000000000000000000000000
N3GD_BODY id=6 off=490 00000000000000000000000000000000
N3GD_BODY id=6 off=4a0 00000000000000000000000000000000
N3GD_BODY id=6 off=4b0 00000000000000000000000000000000
N3GD_BODY id=6 off=4c0 00000000000000000000000000000000
N3GD_BODY id=6 off=4d0 00000000000000000000000000000000
N3GD_BODY id=6 off=4e0 00000000000000000000000000000000
N3GD_BODY id=6 off=4f0 00000000000000000000000000000000
N3GD_BODY id=6 off=500 00000000000000000000000000000000
N3GD_BODY id=6 off=510 00000000000000000000000000000000
N3GD_BODY id=6 off=520 00000000000000000000000000000000
N3GD_BODY id=6 off=530 00000000000000000000000000000000
N3GD_BODY id=6 off=540 00000000000000000000000000000000
N3GD_BODY id=6 off=550 00000000000000000000000000000000
N3GD_BODY id=6 off=560 00000000000000000000000000000000
N3GD_BODY id=6 off=570 00000000000000000000000000000000
N3GD_BODY id=6 off=580 00000000000000000000000000000000
N3GD_BODY id=6 off=590 00000000000000000000000000000000
N3GD_BODY id=6 off=5a0 00000000000000000000000000000000
N3GD_BODY id=6 off=5b0 00000000000000000000000000000000
N3GD_BODY id=6 off=5c0 00000000000000000000000000000000
N3GD_BODY id=6 off=5d0 00000000000000000000000000000000
N3GD_BODY id=6 off=5e0 00000000000000000000000000000000
N3GD_BODY id=6 off=5f0 00000000000000000000000000000000
N3GD_BODY id=6 off=600 00000000000000000000000000000000
N3GD_BODY id=6 off=610 00000000000000000000000000000000
N3GD_BODY id=6 off=620 00000000000000000000000000000000
N3GD_BODY id=6 off=630 00000000000000000000000000000000
N3GD_BODY id=6 off=640 00000000000000000000000000000000
N3GD_BODY id=6 off=650 00000000000000000000000000000000
N3GD_BODY id=6 off=660 00000000000000000000000000000000
N3GD_BODY id=6 off=670 00000000000000000000000000000000
N3GD_BODY id=6 off=680 00000000000000000000000000000000
N3GD_BODY id=6 off=690 00000000000000000000000000000000
N3GD_BODY id=6 off=6a0 00000000000000000000000000000000
N3GD_BODY id=6 off=6b0 00000000000000000000000000000000
N3GD_BODY id=6 off=6c0 00000000000000000000000000000000
N3GD_BODY id=6 off=6d0 00000000000000000000000000000000
N3GD_BODY id=6 off=6e0 00000000000000000000000000000000
N3GD_BODY id=6 off=6f0 00000000000000000000000000000000
N3GD_BODY id=6 off=700 00000000000000000000000000000000
N3GD_BODY id=6 off=710 00000000000000000000000000000000
N3GD_BODY id=6 off=720 00000000000000000000000000000000
N3GD_BODY id=6 off=730 00000000000000000000000000000000
N3GD_BODY id=6 off=740 00000000000000000000000000000000
N3GD_BODY id=6 off=750 00000000000000000000000000000000
N3GD_BODY id=6 off=760 00000000000000000000000000000000
N3GD_BODY id=6 off=770 00000000000000000000000000000000
N3GD_BODY id=6 off=780 00000000000000000000000000000000
N3GD_BODY id=6 off=790 00000000000000000000000000000000
N3GD_BODY id=6 off=7a0 00000000000000000000000000000000
N3GD_BODY id=6 off=7b0 00000000000000000000000000000000
N3GD_BODY id=6 off=7c0 00000000000000000000000000000000
N3GD_BODY id=6 off=7d0 00000000000000000000000000000000
N3GD_BODY id=6 off=7e0 00000000000000000000000000000000
N3GD_BODY id=6 off=7f0 00000000000000000000000000000000
N3GD_OOB id=6 off=000 000000000000000000000000e5ab0678
N3GD_OOB id=6 off=010 0a52efac2207c7a2053adbc8606282c5
N3GD_OOB id=6 off=020 374bcde4a25178a6eb7e94b8b7fa1e2e
N3GD_OOB id=6 off=030 eddbaafff14d9b9ea7ce563d3b3c79fe
N3GD_END id=6
N3GD_BEGIN id=7 kind=cand j=-1 v=00E8 po=255 sl=4294967295 l0=FFFFFFFF host=0000A07E tgt=000140FC bank=3 pb=657 pp=63 phy=84159 shift=4294967295 t=00 ix=0000 u=00000000 l=00000000
N3GD_BODY id=7 off=000 00000000000000000000000000000000
N3GD_BODY id=7 off=010 00000000000000000000000000000000
N3GD_BODY id=7 off=020 00000000000000000000000000000000
N3GD_BODY id=7 off=030 00000000000000000000000000000000
N3GD_BODY id=7 off=040 00000000000000000000000000000000
N3GD_BODY id=7 off=050 00000000000000000000000000000000
N3GD_BODY id=7 off=060 00000000000000000000000000000000
N3GD_BODY id=7 off=070 00000000000000000000000000000000
N3GD_BODY id=7 off=080 00000000000000000000000000000000
N3GD_BODY id=7 off=090 00000000000000000000000000000000
N3GD_BODY id=7 off=0a0 00000000000000000000000000000000
N3GD_BODY id=7 off=0b0 00000000000000000000000000000000
N3GD_BODY id=7 off=0c0 00000000000000000000000000000000
N3GD_BODY id=7 off=0d0 00000000000000000000000000000000
N3GD_BODY id=7 off=0e0 00000000000000000000000000000000
N3GD_BODY id=7 off=0f0 00000000000000000000000000000000
N3GD_BODY id=7 off=100 00000000000000000000000000000000
N3GD_BODY id=7 off=110 00000000000000000000000000000000
N3GD_BODY id=7 off=120 00000000000000000000000000000000
N3GD_BODY id=7 off=130 00000000000000000000000000000000
N3GD_BODY id=7 off=140 00000000000000000000000000000000
N3GD_BODY id=7 off=150 00000000000000000000000000000000
N3GD_BODY id=7 off=160 00000000000000000000000000000000
N3GD_BODY id=7 off=170 00000000000000000000000000000000
N3GD_BODY id=7 off=180 00000000000000000000000000000000
N3GD_BODY id=7 off=190 00000000000000000000000000000000
N3GD_BODY id=7 off=1a0 00000000000000000000000000000000
N3GD_BODY id=7 off=1b0 00000000000000000000000000000000
N3GD_BODY id=7 off=1c0 00000000000000000000000000000000
N3GD_BODY id=7 off=1d0 00000000000000000000000000000000
N3GD_BODY id=7 off=1e0 00000000000000000000000000000000
N3GD_BODY id=7 off=1f0 00000000000000000000000000000000
N3GD_BODY id=7 off=200 00000000000000000000000000000000
N3GD_BODY id=7 off=210 00000000000000000000000000000000
N3GD_BODY id=7 off=220 00000000000000000000000000000000
N3GD_BODY id=7 off=230 00000000000000000000000000000000
N3GD_BODY id=7 off=240 00000000000000000000000000000000
N3GD_BODY id=7 off=250 00000000000000000000000000000000
N3GD_BODY id=7 off=260 00000000000000000000000000000000
N3GD_BODY id=7 off=270 00000000000000000000000000000000
N3GD_BODY id=7 off=280 00000000000000000000000000000000
N3GD_BODY id=7 off=290 00000000000000000000000000000000
N3GD_BODY id=7 off=2a0 00000000000000000000000000000000
N3GD_BODY id=7 off=2b0 00000000000000000000000000000000
N3GD_BODY id=7 off=2c0 00000000000000000000000000000000
N3GD_BODY id=7 off=2d0 00000000000000000000000000000000
N3GD_BODY id=7 off=2e0 00000000000000000000000000000000
N3GD_BODY id=7 off=2f0 00000000000000000000000000000000
N3GD_BODY id=7 off=300 00000000000000000000000000000000
N3GD_BODY id=7 off=310 00000000000000000000000000000000
N3GD_BODY id=7 off=320 00000000000000000000000000000000
N3GD_BODY id=7 off=330 00000000000000000000000000000000
N3GD_BODY id=7 off=340 00000000000000000000000000000000
N3GD_BODY id=7 off=350 00000000000000000000000000000000
N3GD_BODY id=7 off=360 00000000000000000000000000000000
N3GD_BODY id=7 off=370 00000000000000000000000000000000
N3GD_BODY id=7 off=380 00000000000000000000000000000000
N3GD_BODY id=7 off=390 00000000000000000000000000000000
N3GD_BODY id=7 off=3a0 00000000000000000000000000000000
N3GD_BODY id=7 off=3b0 00000000000000000000000000000000
N3GD_BODY id=7 off=3c0 00000000000000000000000000000000
N3GD_BODY id=7 off=3d0 00000000000000000000000000000000
N3GD_BODY id=7 off=3e0 00000000000000000000000000000000
N3GD_BODY id=7 off=3f0 00000000000000000000000000000000
N3GD_BODY id=7 off=400 00000000000000000000000000000000
N3GD_BODY id=7 off=410 00000000000000000000000000000000
N3GD_BODY id=7 off=420 00000000000000000000000000000000
N3GD_BODY id=7 off=430 00000000000000000000000000000000
N3GD_BODY id=7 off=440 00000000000000000000000000000000
N3GD_BODY id=7 off=450 00000000000000000000000000000000
N3GD_BODY id=7 off=460 00000000000000000000000000000000
N3GD_BODY id=7 off=470 00000000000000000000000000000000
N3GD_BODY id=7 off=480 00000000000000000000000000000000
N3GD_BODY id=7 off=490 00000000000000000000000000000000
N3GD_BODY id=7 off=4a0 00000000000000000000000000000000
N3GD_BODY id=7 off=4b0 00000000000000000000000000000000
N3GD_BODY id=7 off=4c0 00000000000000000000000000000000
N3GD_BODY id=7 off=4d0 00000000000000000000000000000000
N3GD_BODY id=7 off=4e0 00000000000000000000000000000000
N3GD_BODY id=7 off=4f0 00000000000000000000000000000000
N3GD_BODY id=7 off=500 00000000000000000000000000000000
N3GD_BODY id=7 off=510 00000000000000000000000000000000
N3GD_BODY id=7 off=520 00000000000000000000000000000000
N3GD_BODY id=7 off=530 00000000000000000000000000000000
N3GD_BODY id=7 off=540 00000000000000000000000000000000
N3GD_BODY id=7 off=550 00000000000000000000000000000000
N3GD_BODY id=7 off=560 00000000000000000000000000000000
N3GD_BODY id=7 off=570 00000000000000000000000000000000
N3GD_BODY id=7 off=580 00000000000000000000000000000000
N3GD_BODY id=7 off=590 00000000000000000000000000000000
N3GD_BODY id=7 off=5a0 00000000000000000000000000000000
N3GD_BODY id=7 off=5b0 00000000000000000000000000000000
N3GD_BODY id=7 off=5c0 00000000000000000000000000000000
N3GD_BODY id=7 off=5d0 00000000000000000000000000000000
N3GD_BODY id=7 off=5e0 00000000000000000000000000000000
N3GD_BODY id=7 off=5f0 00000000000000000000000000000000
N3GD_BODY id=7 off=600 00000000000000000000000000000000
N3GD_BODY id=7 off=610 00000000000000000000000000000000
N3GD_BODY id=7 off=620 00000000000000000000000000000000
N3GD_BODY id=7 off=630 00000000000000000000000000000000
N3GD_BODY id=7 off=640 00000000000000000000000000000000
N3GD_BODY id=7 off=650 00000000000000000000000000000000
N3GD_BODY id=7 off=660 00000000000000000000000000000000
N3GD_BODY id=7 off=670 00000000000000000000000000000000
N3GD_BODY id=7 off=680 00000000000000000000000000000000
N3GD_BODY id=7 off=690 00000000000000000000000000000000
N3GD_BODY id=7 off=6a0 00000000000000000000000000000000
N3GD_BODY id=7 off=6b0 00000000000000000000000000000000
N3GD_BODY id=7 off=6c0 00000000000000000000000000000000
N3GD_BODY id=7 off=6d0 00000000000000000000000000000000
N3GD_BODY id=7 off=6e0 00000000000000000000000000000000
N3GD_BODY id=7 off=6f0 00000000000000000000000000000000
N3GD_BODY id=7 off=700 00000000000000000000000000000000
N3GD_BODY id=7 off=710 00000000000000000000000000000000
N3GD_BODY id=7 off=720 00000000000000000000000000000000
N3GD_BODY id=7 off=730 00000000000000000000000000000000
N3GD_BODY id=7 off=740 00000000000000000000000000000000
N3GD_BODY id=7 off=750 00000000000000000000000000000000
N3GD_BODY id=7 off=760 00000000000000000000000000000000
N3GD_BODY id=7 off=770 00000000000000000000000000000000
N3GD_BODY id=7 off=780 00000000000000000000000000000000
N3GD_BODY id=7 off=790 00000000000000000000000000000000
N3GD_BODY id=7 off=7a0 00000000000000000000000000000000
N3GD_BODY id=7 off=7b0 00000000000000000000000000000000
N3GD_BODY id=7 off=7c0 00000000000000000000000000000000
N3GD_BODY id=7 off=7d0 00000000000000000000000000000000
N3GD_BODY id=7 off=7e0 00000000000000000000000000000000
N3GD_BODY id=7 off=7f0 00000000000000000000000000000000
N3GD_OOB id=7 off=000 000000000000000000000000e5ab0678
N3GD_OOB id=7 off=010 0a52efac2207c7a2053adbc8606282c5
N3GD_OOB id=7 off=020 374bcde4a25178a6eb7e94b8b7fa1e2e
N3GD_OOB id=7 off=030 eddbaafff14d9b9ea7ce563d3b3c79fe
N3GD_END id=7
N3GD_BEGIN id=8 kind=cand j=-1 v=00E8 po=256 sl=4294967295 l0=FFFFFFFF host=0000A07E tgt=000140FC bank=0 pb=657 pp=64 phy=84160 shift=4294967295 t=40 ix=D9CA u=0019CA02 l=0019CA02
N3GD_BODY id=8 off=000 870141d07c000100aa8a69a9a1202c44
N3GD_BODY id=8 off=010 0cd3010098f031324610183d29e00453
N3GD_BODY id=8 off=020 1c3003d7256200406a3ee22830215fc0
N3GD_BODY id=8 off=030 d1c92e6b30de9f224b111080abae652e
N3GD_BODY id=8 off=040 07f72241b141ceafc032a3f67b378d9f
N3GD_BODY id=8 off=050 bcc39a054ad11142b2e050003189c520
N3GD_BODY id=8 off=060 a69125501e5a11a1614607018061ae22
N3GD_BODY id=8 off=070 4a25583ee3a878fa6c0dbdf83965fd8b
N3GD_BODY id=8 off=080 9390048ee00300b1551e018e49c7acd3
N3GD_BODY id=8 off=090 d80187e180d0c706d832b850b9ca3c62
N3GD_BODY id=8 off=0a0 c67dbda8c61d1c710d31b9787b909123
N3GD_BODY id=8 off=0b0 2d4ea8fd1ce2ecff110034209ad31b66
N3GD_BODY id=8 off=0c0 036001a099e0de0206e809fc3dbbf6fc
N3GD_BODY id=8 off=0d0 07924566c0d414da407de6634e014e9c
N3GD_BODY id=8 off=0e0 a39498d9a292f739141014b5a833af14
N3GD_BODY id=8 off=0f0 f01af723633ae56239ae2dca95288838
N3GD_BODY id=8 off=100 8b42adb2fff34149e5738c62a8b563fe
N3GD_BODY id=8 off=110 4467991bb0afa67bf2a6f77d14caa72a
N3GD_BODY id=8 off=120 592c7612b7736635e22d741a6d3a7069
N3GD_BODY id=8 off=130 8b2d7f73c1c08e9787b4ccdff3c40002
N3GD_BODY id=8 off=140 0153830ca701dff3c0c0695c16bf177f
N3GD_BODY id=8 off=150 9e7621d38572ffc78b4fe71224115df1
N3GD_BODY id=8 off=160 3a1df1208fbb95758984388189897eb4
N3GD_BODY id=8 off=170 4fd850a98c9c0bcb79bdef1d8166591b
N3GD_BODY id=8 off=180 bb51df8ded8ddc4f699c827bd6b767f3
N3GD_BODY id=8 off=190 e8c015f4edf86091e84faea860b31802
N3GD_BODY id=8 off=1a0 be3dbf825edab6c218fa006aa398e03f
N3GD_BODY id=8 off=1b0 0d7330d80611a02b2f4d366b75f858a5
N3GD_BODY id=8 off=1c0 cc0d16d9190c5147065d6f6d9bfe78e9
N3GD_BODY id=8 off=1d0 1dd2a7ef860b085588309d3b1a92e8d1
N3GD_BODY id=8 off=1e0 3646c7f8650383a58372a7bdfb414104
N3GD_BODY id=8 off=1f0 fa21aea61353e9445e490529720f7ec1
N3GD_BODY id=8 off=200 4103846add0c5d8ddda5ef9f4371c9db
N3GD_BODY id=8 off=210 0b14fa1ed4b2b1dfee9444d221d6ffca
N3GD_BODY id=8 off=220 834da48b7cc5ff5bffe0973bf45416e2
N3GD_BODY id=8 off=230 b54a257e374ce19425ec96653b760f8c
N3GD_BODY id=8 off=240 57823630e5273d02eda7f9ce310f8774
N3GD_BODY id=8 off=250 846bfea7208095159e2cb05ffa9d0800
N3GD_BODY id=8 off=260 25444582c40099ff2435036dc881537e
N3GD_BODY id=8 off=270 06000470f4e0132141969bcd7e2040d5
N3GD_BODY id=8 off=280 cb8533a18e2c1514a70132aeb16aa775
N3GD_BODY id=8 off=290 7d3ac0ee0759a5f5fe613381c52f177d
N3GD_BODY id=8 off=2a0 356bdcdb0d088368db6b055edc624ff0
N3GD_BODY id=8 off=2b0 b141de25ae8eb20fc42d1d6a25c425da
N3GD_BODY id=8 off=2c0 f5c282042c81eba2c056facc202c842a
N3GD_BODY id=8 off=2d0 508a0f8c4ccebc2e76c7a23e0b996214
N3GD_BODY id=8 off=2e0 60a51dc5b8e2ff858db38acd899ef0ff
N3GD_BODY id=8 off=2f0 45bb7ffb478ab635635848e917897aa4
N3GD_BODY id=8 off=300 0f83e2b6101cd7f41dd547d957c360f5
N3GD_BODY id=8 off=310 34da6ff6c3224e4cfc1c1150ca6df93f
N3GD_BODY id=8 off=320 d02d190ec797964d9ef821398afc75e2
N3GD_BODY id=8 off=330 ab8719a637aa3a0c0e0061ca707370a0
N3GD_BODY id=8 off=340 65fea348ad1014accfb739edbdbc6e46
N3GD_BODY id=8 off=350 f100025598f4b1cdc7fff70d89bac2af
N3GD_BODY id=8 off=360 c5515b1fefa63148b80000097c01004b
N3GD_BODY id=8 off=370 3bdd41a84ed1e2f4122218e24ea232a4
N3GD_BODY id=8 off=380 7fd11c462f179e3a6d6bfd82a4438ad7
N3GD_BODY id=8 off=390 c051b8df3d31aa1fdc3ab39b1e7d281b
N3GD_BODY id=8 off=3a0 8f5072660fbb8c60b08b9cc976ce6a3d
N3GD_BODY id=8 off=3b0 42a8db26dcb2538f16795fc68a18057d
N3GD_BODY id=8 off=3c0 a4d3f3c6a8492b4dffc129637b1d546d
N3GD_BODY id=8 off=3d0 72235950cf4cbd672284b9c48c2b87df
N3GD_BODY id=8 off=3e0 7ffe8171221627886de89182ac0aad53
N3GD_BODY id=8 off=3f0 21f2a7ce41156f3e7f9d8e01b363474c
N3GD_BODY id=8 off=400 ff9e3a55cabe5c7ff86b10c11b6951df
N3GD_BODY id=8 off=410 605fbd821dd5aae906cb831b0aae8d0a
N3GD_BODY id=8 off=420 716dafdc2e918501c4b69ba71c3fa69f
N3GD_BODY id=8 off=430 ea728caf5af88f13b49e4e0b0d869589
N3GD_BODY id=8 off=440 ed353f2ded819edd86869da7b60884e1
N3GD_BODY id=8 off=450 8f47a4132c73ced82e2062b1fadf79e5
N3GD_BODY id=8 off=460 b35a9b95e0a020efb4212a368c789e55
N3GD_BODY id=8 off=470 f2b048cf0ff11720ff0564d197415b18
N3GD_BODY id=8 off=480 b83d21ecec6571acea1163781dfad718
N3GD_BODY id=8 off=490 450f74967044a0bec3393af0566b98c8
N3GD_BODY id=8 off=4a0 6fa40f7d256bba14ca73ff046f045fed
N3GD_BODY id=8 off=4b0 88a4315e18998076f52b1b860cd042aa
N3GD_BODY id=8 off=4c0 92ff9ca0b6faee378242617cb277f957
N3GD_BODY id=8 off=4d0 4c62bbe09c522640e3fadb51ad12be1c
N3GD_BODY id=8 off=4e0 79f0fedc7955a42518ec581f41355ace
N3GD_BODY id=8 off=4f0 34158c558ecbf2742e414a7c48a241b1
N3GD_BODY id=8 off=500 dcfa42d8305f566e191eab8c065d36c4
N3GD_BODY id=8 off=510 267fc309df77c6831ad3d7ff48718ef4
N3GD_BODY id=8 off=520 ce51c1fa76ffcf180ae34667f4e6a7b5
N3GD_BODY id=8 off=530 ff040644de5a016fcdcf443d34a35238
N3GD_BODY id=8 off=540 596402b805c630aea81b1acb8340a2de
N3GD_BODY id=8 off=550 fe2affc69adf4eb9f96c72caac7dfba3
N3GD_BODY id=8 off=560 be8ffc28e9300e3f10008cb2828b44df
N3GD_BODY id=8 off=570 f38b0a2c20b627aa3bfcd4d21da33a7d
N3GD_BODY id=8 off=580 f143337c21bafab0428b1d3678298b12
N3GD_BODY id=8 off=590 dc9a688fba6b7b9a5c2fda30bf2cc511
N3GD_BODY id=8 off=5a0 37261afaddd2fd9c252fe78f2226b492
N3GD_BODY id=8 off=5b0 26a6d7ce5132110d36c2489a23a9b6df
N3GD_BODY id=8 off=5c0 822264d6c79111af0f4a89273163b1b5
N3GD_BODY id=8 off=5d0 16b30c5758aa34057a69dbf0cd72a862
N3GD_BODY id=8 off=5e0 dff6dbf3c79cfe7d6fc10cb176e27597
N3GD_BODY id=8 off=5f0 d0b1814f82830eed6769aabaa1a5cd04
N3GD_BODY id=8 off=600 853d86c5e7f038c87f37e5f7cfe095fd
N3GD_BODY id=8 off=610 b7f41c246d6b761775e7ffe18361c740
N3GD_BODY id=8 off=620 c54104b2b30fe04e52c3644301a26cfc
N3GD_BODY id=8 off=630 fbff87589b2459902051940e6abc3684
N3GD_BODY id=8 off=640 bb99a2718b02d9c30dfea1eda5bd0e70
N3GD_BODY id=8 off=650 e816ea4c66ff8222192048adb0e27e44
N3GD_BODY id=8 off=660 f8263ee6e094fc75d69cde1ea63009ec
N3GD_BODY id=8 off=670 1398247cae1354c1d88cc92abdf04c95
N3GD_BODY id=8 off=680 c27dad270cf28aec1eb1bb78be7d444d
N3GD_BODY id=8 off=690 0ffa8826af822744ccf00383fbe096b7
N3GD_BODY id=8 off=6a0 305671cca474be7623a53dbff0b9049e
N3GD_BODY id=8 off=6b0 07fd6c2b2228c9e108e9b09b6d3d3f0e
N3GD_BODY id=8 off=6c0 d156d65cddc95b9a9a6de335e743cfe6
N3GD_BODY id=8 off=6d0 d36be84c471f87845e41911d239a4271
N3GD_BODY id=8 off=6e0 882a2b8d8fb82ad1c5e882943b97c841
N3GD_BODY id=8 off=6f0 ff1a56d2e48085bcf61f959c5ff59886
N3GD_BODY id=8 off=700 df9b53fef62207303801f0486b19f8ec
N3GD_BODY id=8 off=710 b27b54cdadd7e184e965cb2820c40ba2
N3GD_BODY id=8 off=720 8329332d4a965fee7820a12d1e264559
N3GD_BODY id=8 off=730 658899c5b219f0c72f065e458961c686
N3GD_BODY id=8 off=740 542ac1c7e5965dff9d861824ac2eff2e
N3GD_BODY id=8 off=750 d3ff0a969ac87ebb2f8651600f5c477f
N3GD_BODY id=8 off=760 f870aef29a18028a99f189154bcda6df
N3GD_BODY id=8 off=770 0b8ce7c4dba9e3b78d3ff42c763b09f0
N3GD_BODY id=8 off=780 b8a74ecb0e635324873a595810527077
N3GD_BODY id=8 off=790 d0799aff041c385616b41022f779b2af
N3GD_BODY id=8 off=7a0 bd43dfbc449cdcb25c4f3fa0d944cb10
N3GD_BODY id=8 off=7b0 9a1e93219219f0b6861a6a8fee0e2ac0
N3GD_BODY id=8 off=7c0 ba265fa98cc6b82613c7321e387c6143
N3GD_BODY id=8 off=7d0 bf0453d198cd80770a521943bf040231
N3GD_BODY id=8 off=7e0 d8da4d84bdd056715dbe564dbe93246a
N3GD_BODY id=8 off=7f0 9bdbff0ad031aa6b2b5093ec14ba03be
N3GD_OOB id=8 off=000 02ca1900cad90000ff40ffffe5ab0678
N3GD_OOB id=8 off=010 0a52efac2207c7a2053adbc8606282c5
N3GD_OOB id=8 off=020 374bcde4a25178a6eb7e94b8b7fa1e2e
N3GD_OOB id=8 off=030 eddbaafff14d9b9ea7ce563d3b3c79fe
N3GD_END id=8
N3GD_BEGIN id=9 kind=cand j=-1 v=00E8 po=257 sl=4294967295 l0=FFFFFFFF host=0000A07E tgt=000140FC bank=1 pb=657 pp=64 phy=84160 shift=4294967295 t=00 ix=0000 u=00000000 l=00000000
N3GD_BODY id=9 off=000 00000000000000000000000000000000
N3GD_BODY id=9 off=010 00000000000000000000000000000000
N3GD_BODY id=9 off=020 00000000000000000000000000000000
N3GD_BODY id=9 off=030 00000000000000000000000000000000
N3GD_BODY id=9 off=040 00000000000000000000000000000000
N3GD_BODY id=9 off=050 00000000000000000000000000000000
N3GD_BODY id=9 off=060 00000000000000000000000000000000
N3GD_BODY id=9 off=070 00000000000000000000000000000000
N3GD_BODY id=9 off=080 00000000000000000000000000000000
N3GD_BODY id=9 off=090 00000000000000000000000000000000
N3GD_BODY id=9 off=0a0 00000000000000000000000000000000
N3GD_BODY id=9 off=0b0 00000000000000000000000000000000
N3GD_BODY id=9 off=0c0 00000000000000000000000000000000
N3GD_BODY id=9 off=0d0 00000000000000000000000000000000
N3GD_BODY id=9 off=0e0 00000000000000000000000000000000
N3GD_BODY id=9 off=0f0 00000000000000000000000000000000
N3GD_BODY id=9 off=100 00000000000000000000000000000000
N3GD_BODY id=9 off=110 00000000000000000000000000000000
N3GD_BODY id=9 off=120 00000000000000000000000000000000
N3GD_BODY id=9 off=130 00000000000000000000000000000000
N3GD_BODY id=9 off=140 00000000000000000000000000000000
N3GD_BODY id=9 off=150 00000000000000000000000000000000
N3GD_BODY id=9 off=160 00000000000000000000000000000000
N3GD_BODY id=9 off=170 00000000000000000000000000000000
N3GD_BODY id=9 off=180 00000000000000000000000000000000
N3GD_BODY id=9 off=190 00000000000000000000000000000000
N3GD_BODY id=9 off=1a0 00000000000000000000000000000000
N3GD_BODY id=9 off=1b0 00000000000000000000000000000000
N3GD_BODY id=9 off=1c0 00000000000000000000000000000000
N3GD_BODY id=9 off=1d0 00000000000000000000000000000000
N3GD_BODY id=9 off=1e0 00000000000000000000000000000000
N3GD_BODY id=9 off=1f0 00000000000000000000000000000000
N3GD_BODY id=9 off=200 00000000000000000000000000000000
N3GD_BODY id=9 off=210 00000000000000000000000000000000
N3GD_BODY id=9 off=220 00000000000000000000000000000000
N3GD_BODY id=9 off=230 00000000000000000000000000000000
N3GD_BODY id=9 off=240 00000000000000000000000000000000
N3GD_BODY id=9 off=250 00000000000000000000000000000000
N3GD_BODY id=9 off=260 00000000000000000000000000000000
N3GD_BODY id=9 off=270 00000000000000000000000000000000
N3GD_BODY id=9 off=280 00000000000000000000000000000000
N3GD_BODY id=9 off=290 00000000000000000000000000000000
N3GD_BODY id=9 off=2a0 00000000000000000000000000000000
N3GD_BODY id=9 off=2b0 00000000000000000000000000000000
N3GD_BODY id=9 off=2c0 00000000000000000000000000000000
N3GD_BODY id=9 off=2d0 00000000000000000000000000000000
N3GD_BODY id=9 off=2e0 00000000000000000000000000000000
N3GD_BODY id=9 off=2f0 00000000000000000000000000000000
N3GD_BODY id=9 off=300 00000000000000000000000000000000
N3GD_BODY id=9 off=310 00000000000000000000000000000000
N3GD_BODY id=9 off=320 00000000000000000000000000000000
N3GD_BODY id=9 off=330 00000000000000000000000000000000
N3GD_BODY id=9 off=340 00000000000000000000000000000000
N3GD_BODY id=9 off=350 00000000000000000000000000000000
N3GD_BODY id=9 off=360 00000000000000000000000000000000
N3GD_BODY id=9 off=370 00000000000000000000000000000000
N3GD_BODY id=9 off=380 00000000000000000000000000000000
N3GD_BODY id=9 off=390 00000000000000000000000000000000
N3GD_BODY id=9 off=3a0 00000000000000000000000000000000
N3GD_BODY id=9 off=3b0 00000000000000000000000000000000
N3GD_BODY id=9 off=3c0 00000000000000000000000000000000
N3GD_BODY id=9 off=3d0 00000000000000000000000000000000
N3GD_BODY id=9 off=3e0 00000000000000000000000000000000
N3GD_BODY id=9 off=3f0 00000000000000000000000000000000
N3GD_BODY id=9 off=400 00000000000000000000000000000000
N3GD_BODY id=9 off=410 00000000000000000000000000000000
N3GD_BODY id=9 off=420 00000000000000000000000000000000
N3GD_BODY id=9 off=430 00000000000000000000000000000000
N3GD_BODY id=9 off=440 00000000000000000000000000000000
N3GD_BODY id=9 off=450 00000000000000000000000000000000
N3GD_BODY id=9 off=460 00000000000000000000000000000000
N3GD_BODY id=9 off=470 00000000000000000000000000000000
N3GD_BODY id=9 off=480 00000000000000000000000000000000
N3GD_BODY id=9 off=490 00000000000000000000000000000000
N3GD_BODY id=9 off=4a0 00000000000000000000000000000000
N3GD_BODY id=9 off=4b0 00000000000000000000000000000000
N3GD_BODY id=9 off=4c0 00000000000000000000000000000000
N3GD_BODY id=9 off=4d0 00000000000000000000000000000000
N3GD_BODY id=9 off=4e0 00000000000000000000000000000000
N3GD_BODY id=9 off=4f0 00000000000000000000000000000000
N3GD_BODY id=9 off=500 00000000000000000000000000000000
N3GD_BODY id=9 off=510 00000000000000000000000000000000
N3GD_BODY id=9 off=520 00000000000000000000000000000000
N3GD_BODY id=9 off=530 00000000000000000000000000000000
N3GD_BODY id=9 off=540 00000000000000000000000000000000
N3GD_BODY id=9 off=550 00000000000000000000000000000000
N3GD_BODY id=9 off=560 00000000000000000000000000000000
N3GD_BODY id=9 off=570 00000000000000000000000000000000
N3GD_BODY id=9 off=580 00000000000000000000000000000000
N3GD_BODY id=9 off=590 00000000000000000000000000000000
N3GD_BODY id=9 off=5a0 00000000000000000000000000000000
N3GD_BODY id=9 off=5b0 00000000000000000000000000000000
N3GD_BODY id=9 off=5c0 00000000000000000000000000000000
N3GD_BODY id=9 off=5d0 00000000000000000000000000000000
N3GD_BODY id=9 off=5e0 00000000000000000000000000000000
N3GD_BODY id=9 off=5f0 00000000000000000000000000000000
N3GD_BODY id=9 off=600 00000000000000000000000000000000
N3GD_BODY id=9 off=610 00000000000000000000000000000000
N3GD_BODY id=9 off=620 00000000000000000000000000000000
N3GD_BODY id=9 off=630 00000000000000000000000000000000
N3GD_BODY id=9 off=640 00000000000000000000000000000000
N3GD_BODY id=9 off=650 00000000000000000000000000000000
N3GD_BODY id=9 off=660 00000000000000000000000000000000
N3GD_BODY id=9 off=670 00000000000000000000000000000000
N3GD_BODY id=9 off=680 00000000000000000000000000000000
N3GD_BODY id=9 off=690 00000000000000000000000000000000
N3GD_BODY id=9 off=6a0 00000000000000000000000000000000
N3GD_BODY id=9 off=6b0 00000000000000000000000000000000
N3GD_BODY id=9 off=6c0 00000000000000000000000000000000
N3GD_BODY id=9 off=6d0 00000000000000000000000000000000
N3GD_BODY id=9 off=6e0 00000000000000000000000000000000
N3GD_BODY id=9 off=6f0 00000000000000000000000000000000
N3GD_BODY id=9 off=700 00000000000000000000000000000000
N3GD_BODY id=9 off=710 00000000000000000000000000000000
N3GD_BODY id=9 off=720 00000000000000000000000000000000
N3GD_BODY id=9 off=730 00000000000000000000000000000000
N3GD_BODY id=9 off=740 00000000000000000000000000000000
N3GD_BODY id=9 off=750 00000000000000000000000000000000
N3GD_BODY id=9 off=760 00000000000000000000000000000000
N3GD_BODY id=9 off=770 00000000000000000000000000000000
N3GD_BODY id=9 off=780 00000000000000000000000000000000
N3GD_BODY id=9 off=790 00000000000000000000000000000000
N3GD_BODY id=9 off=7a0 00000000000000000000000000000000
N3GD_BODY id=9 off=7b0 00000000000000000000000000000000
N3GD_BODY id=9 off=7c0 00000000000000000000000000000000
N3GD_BODY id=9 off=7d0 00000000000000000000000000000000
N3GD_BODY id=9 off=7e0 00000000000000000000000000000000
N3GD_BODY id=9 off=7f0 00000000000000000000000000000000
N3GD_OOB id=9 off=000 000000000000000000000000e5ab0678
N3GD_OOB id=9 off=010 0a52efac2207c7a2053adbc8606282c5
N3GD_OOB id=9 off=020 374bcde4a25178a6eb7e94b8b7fa1e2e
N3GD_OOB id=9 off=030 eddbaafff14d9b9ea7ce563d3b3c79fe
N3GD_END id=9
N3GD_BEGIN id=10 kind=cand j=-1 v=00E8 po=258 sl=4294967295 l0=FFFFFFFF host=0000A07E tgt=000140FC bank=2 pb=657 pp=64 phy=84160 shift=4294967295 t=00 ix=0000 u=00000000 l=00000000
N3GD_BODY id=10 off=000 00000000000000000000000000000000
N3GD_BODY id=10 off=010 00000000000000000000000000000000
N3GD_BODY id=10 off=020 00000000000000000000000000000000
N3GD_BODY id=10 off=030 00000000000000000000000000000000
N3GD_BODY id=10 off=040 00000000000000000000000000000000
N3GD_BODY id=10 off=050 00000000000000000000000000000000
N3GD_BODY id=10 off=060 00000000000000000000000000000000
N3GD_BODY id=10 off=070 00000000000000000000000000000000
N3GD_BODY id=10 off=080 00000000000000000000000000000000
N3GD_BODY id=10 off=090 00000000000000000000000000000000
N3GD_BODY id=10 off=0a0 00000000000000000000000000000000
N3GD_BODY id=10 off=0b0 00000000000000000000000000000000
N3GD_BODY id=10 off=0c0 00000000000000000000000000000000
N3GD_BODY id=10 off=0d0 00000000000000000000000000000000
N3GD_BODY id=10 off=0e0 00000000000000000000000000000000
N3GD_BODY id=10 off=0f0 00000000000000000000000000000000
N3GD_BODY id=10 off=100 00000000000000000000000000000000
N3GD_BODY id=10 off=110 00000000000000000000000000000000
N3GD_BODY id=10 off=120 00000000000000000000000000000000
N3GD_BODY id=10 off=130 00000000000000000000000000000000
N3GD_BODY id=10 off=140 00000000000000000000000000000000
N3GD_BODY id=10 off=150 00000000000000000000000000000000
N3GD_BODY id=10 off=160 00000000000000000000000000000000
N3GD_BODY id=10 off=170 00000000000000000000000000000000
N3GD_BODY id=10 off=180 00000000000000000000000000000000
N3GD_BODY id=10 off=190 00000000000000000000000000000000
N3GD_BODY id=10 off=1a0 00000000000000000000000000000000
N3GD_BODY id=10 off=1b0 00000000000000000000000000000000
N3GD_BODY id=10 off=1c0 00000000000000000000000000000000
N3GD_BODY id=10 off=1d0 00000000000000000000000000000000
N3GD_BODY id=10 off=1e0 00000000000000000000000000000000
N3GD_BODY id=10 off=1f0 00000000000000000000000000000000
N3GD_BODY id=10 off=200 00000000000000000000000000000000
N3GD_BODY id=10 off=210 00000000000000000000000000000000
N3GD_BODY id=10 off=220 00000000000000000000000000000000
N3GD_BODY id=10 off=230 00000000000000000000000000000000
N3GD_BODY id=10 off=240 00000000000000000000000000000000
N3GD_BODY id=10 off=250 00000000000000000000000000000000
N3GD_BODY id=10 off=260 00000000000000000000000000000000
N3GD_BODY id=10 off=270 00000000000000000000000000000000
N3GD_BODY id=10 off=280 00000000000000000000000000000000
N3GD_BODY id=10 off=290 00000000000000000000000000000000
N3GD_BODY id=10 off=2a0 00000000000000000000000000000000
N3GD_BODY id=10 off=2b0 00000000000000000000000000000000
N3GD_BODY id=10 off=2c0 00000000000000000000000000000000
N3GD_BODY id=10 off=2d0 00000000000000000000000000000000
N3GD_BODY id=10 off=2e0 00000000000000000000000000000000
N3GD_BODY id=10 off=2f0 00000000000000000000000000000000
N3GD_BODY id=10 off=300 00000000000000000000000000000000
N3GD_BODY id=10 off=310 00000000000000000000000000000000
N3GD_BODY id=10 off=320 00000000000000000000000000000000
N3GD_BODY id=10 off=330 00000000000000000000000000000000
N3GD_BODY id=10 off=340 00000000000000000000000000000000
N3GD_BODY id=10 off=350 00000000000000000000000000000000
N3GD_BODY id=10 off=360 00000000000000000000000000000000
N3GD_BODY id=10 off=370 00000000000000000000000000000000
N3GD_BODY id=10 off=380 00000000000000000000000000000000
N3GD_BODY id=10 off=390 00000000000000000000000000000000
N3GD_BODY id=10 off=3a0 00000000000000000000000000000000
N3GD_BODY id=10 off=3b0 00000000000000000000000000000000
N3GD_BODY id=10 off=3c0 00000000000000000000000000000000
N3GD_BODY id=10 off=3d0 00000000000000000000000000000000
N3GD_BODY id=10 off=3e0 00000000000000000000000000000000
N3GD_BODY id=10 off=3f0 00000000000000000000000000000000
N3GD_BODY id=10 off=400 00000000000000000000000000000000
N3GD_BODY id=10 off=410 00000000000000000000000000000000
N3GD_BODY id=10 off=420 00000000000000000000000000000000
N3GD_BODY id=10 off=430 00000000000000000000000000000000
N3GD_BODY id=10 off=440 00000000000000000000000000000000
N3GD_BODY id=10 off=450 00000000000000000000000000000000
N3GD_BODY id=10 off=460 00000000000000000000000000000000
N3GD_BODY id=10 off=470 00000000000000000000000000000000
N3GD_BODY id=10 off=480 00000000000000000000000000000000
N3GD_BODY id=10 off=490 00000000000000000000000000000000
N3GD_BODY id=10 off=4a0 00000000000000000000000000000000
N3GD_BODY id=10 off=4b0 00000000000000000000000000000000
N3GD_BODY id=10 off=4c0 00000000000000000000000000000000
N3GD_BODY id=10 off=4d0 00000000000000000000000000000000
N3GD_BODY id=10 off=4e0 00000000000000000000000000000000
N3GD_BODY id=10 off=4f0 00000000000000000000000000000000
N3GD_BODY id=10 off=500 00000000000000000000000000000000
N3GD_BODY id=10 off=510 00000000000000000000000000000000
N3GD_BODY id=10 off=520 00000000000000000000000000000000
N3GD_BODY id=10 off=530 00000000000000000000000000000000
N3GD_BODY id=10 off=540 00000000000000000000000000000000
N3GD_BODY id=10 off=550 00000000000000000000000000000000
N3GD_BODY id=10 off=560 00000000000000000000000000000000
N3GD_BODY id=10 off=570 00000000000000000000000000000000
N3GD_BODY id=10 off=580 00000000000000000000000000000000
N3GD_BODY id=10 off=590 00000000000000000000000000000000
N3GD_BODY id=10 off=5a0 00000000000000000000000000000000
N3GD_BODY id=10 off=5b0 00000000000000000000000000000000
N3GD_BODY id=10 off=5c0 00000000000000000000000000000000
N3GD_BODY id=10 off=5d0 00000000000000000000000000000000
N3GD_BODY id=10 off=5e0 00000000000000000000000000000000
N3GD_BODY id=10 off=5f0 00000000000000000000000000000000
N3GD_BODY id=10 off=600 00000000000000000000000000000000
N3GD_BODY id=10 off=610 00000000000000000000000000000000
N3GD_BODY id=10 off=620 00000000000000000000000000000000
N3GD_BODY id=10 off=630 00000000000000000000000000000000
N3GD_BODY id=10 off=640 00000000000000000000000000000000
N3GD_BODY id=10 off=650 00000000000000000000000000000000
N3GD_BODY id=10 off=660 00000000000000000000000000000000
N3GD_BODY id=10 off=670 00000000000000000000000000000000
N3GD_BODY id=10 off=680 00000000000000000000000000000000
N3GD_BODY id=10 off=690 00000000000000000000000000000000
N3GD_BODY id=10 off=6a0 00000000000000000000000000000000
N3GD_BODY id=10 off=6b0 00000000000000000000000000000000
N3GD_BODY id=10 off=6c0 00000000000000000000000000000000
N3GD_BODY id=10 off=6d0 00000000000000000000000000000000
N3GD_BODY id=10 off=6e0 00000000000000000000000000000000
N3GD_BODY id=10 off=6f0 00000000000000000000000000000000
N3GD_BODY id=10 off=700 00000000000000000000000000000000
N3GD_BODY id=10 off=710 00000000000000000000000000000000
N3GD_BODY id=10 off=720 00000000000000000000000000000000
N3GD_BODY id=10 off=730 00000000000000000000000000000000
N3GD_BODY id=10 off=740 00000000000000000000000000000000
N3GD_BODY id=10 off=750 00000000000000000000000000000000
N3GD_BODY id=10 off=760 00000000000000000000000000000000
N3GD_BODY id=10 off=770 00000000000000000000000000000000
N3GD_BODY id=10 off=780 00000000000000000000000000000000
N3GD_BODY id=10 off=790 00000000000000000000000000000000
N3GD_BODY id=10 off=7a0 00000000000000000000000000000000
N3GD_BODY id=10 off=7b0 00000000000000000000000000000000
N3GD_BODY id=10 off=7c0 00000000000000000000000000000000
N3GD_BODY id=10 off=7d0 00000000000000000000000000000000
N3GD_BODY id=10 off=7e0 00000000000000000000000000000000
N3GD_BODY id=10 off=7f0 00000000000000000000000000000000
N3GD_OOB id=10 off=000 000000000000000000000000e5ab0678
N3GD_OOB id=10 off=010 0a52efac2207c7a2053adbc8606282c5
N3GD_OOB id=10 off=020 374bcde4a25178a6eb7e94b8b7fa1e2e
N3GD_OOB id=10 off=030 eddbaafff14d9b9ea7ce563d3b3c79fe
N3GD_END id=10
N3GD_BEGIN id=11 kind=cand j=-1 v=00E8 po=259 sl=4294967295 l0=FFFFFFFF host=0000A07E tgt=000140FC bank=3 pb=657 pp=64 phy=84160 shift=4294967295 t=00 ix=0000 u=00000000 l=00000000
N3GD_BODY id=11 off=000 00000000000000000000000000000000
N3GD_BODY id=11 off=010 00000000000000000000000000000000
N3GD_BODY id=11 off=020 00000000000000000000000000000000
N3GD_BODY id=11 off=030 00000000000000000000000000000000
N3GD_BODY id=11 off=040 00000000000000000000000000000000
N3GD_BODY id=11 off=050 00000000000000000000000000000000
N3GD_BODY id=11 off=060 00000000000000000000000000000000
N3GD_BODY id=11 off=070 00000000000000000000000000000000
N3GD_BODY id=11 off=080 00000000000000000000000000000000
N3GD_BODY id=11 off=090 00000000000000000000000000000000
N3GD_BODY id=11 off=0a0 00000000000000000000000000000000
N3GD_BODY id=11 off=0b0 00000000000000000000000000000000
N3GD_BODY id=11 off=0c0 00000000000000000000000000000000
N3GD_BODY id=11 off=0d0 00000000000000000000000000000000
N3GD_BODY id=11 off=0e0 00000000000000000000000000000000
N3GD_BODY id=11 off=0f0 00000000000000000000000000000000
N3GD_BODY id=11 off=100 00000000000000000000000000000000
N3GD_BODY id=11 off=110 00000000000000000000000000000000
N3GD_BODY id=11 off=120 00000000000000000000000000000000
N3GD_BODY id=11 off=130 00000000000000000000000000000000
N3GD_BODY id=11 off=140 00000000000000000000000000000000
N3GD_BODY id=11 off=150 00000000000000000000000000000000
N3GD_BODY id=11 off=160 00000000000000000000000000000000
N3GD_BODY id=11 off=170 00000000000000000000000000000000
N3GD_BODY id=11 off=180 00000000000000000000000000000000
N3GD_BODY id=11 off=190 00000000000000000000000000000000
N3GD_BODY id=11 off=1a0 00000000000000000000000000000000
N3GD_BODY id=11 off=1b0 00000000000000000000000000000000
N3GD_BODY id=11 off=1c0 00000000000000000000000000000000
N3GD_BODY id=11 off=1d0 00000000000000000000000000000000
N3GD_BODY id=11 off=1e0 00000000000000000000000000000000
N3GD_BODY id=11 off=1f0 00000000000000000000000000000000
N3GD_BODY id=11 off=200 00000000000000000000000000000000
N3GD_BODY id=11 off=210 00000000000000000000000000000000
N3GD_BODY id=11 off=220 00000000000000000000000000000000
N3GD_BODY id=11 off=230 00000000000000000000000000000000
N3GD_BODY id=11 off=240 00000000000000000000000000000000
N3GD_BODY id=11 off=250 00000000000000000000000000000000
N3GD_BODY id=11 off=260 00000000000000000000000000000000
N3GD_BODY id=11 off=270 00000000000000000000000000000000
N3GD_BODY id=11 off=280 00000000000000000000000000000000
N3GD_BODY id=11 off=290 00000000000000000000000000000000
N3GD_BODY id=11 off=2a0 00000000000000000000000000000000
N3GD_BODY id=11 off=2b0 00000000000000000000000000000000
N3GD_BODY id=11 off=2c0 00000000000000000000000000000000
N3GD_BODY id=11 off=2d0 00000000000000000000000000000000
N3GD_BODY id=11 off=2e0 00000000000000000000000000000000
N3GD_BODY id=11 off=2f0 00000000000000000000000000000000
N3GD_BODY id=11 off=300 00000000000000000000000000000000
N3GD_BODY id=11 off=310 00000000000000000000000000000000
N3GD_BODY id=11 off=320 00000000000000000000000000000000
N3GD_BODY id=11 off=330 00000000000000000000000000000000
N3GD_BODY id=11 off=340 00000000000000000000000000000000
N3GD_BODY id=11 off=350 00000000000000000000000000000000
N3GD_BODY id=11 off=360 00000000000000000000000000000000
N3GD_BODY id=11 off=370 00000000000000000000000000000000
N3GD_BODY id=11 off=380 00000000000000000000000000000000
N3GD_BODY id=11 off=390 00000000000000000000000000000000
N3GD_BODY id=11 off=3a0 00000000000000000000000000000000
N3GD_BODY id=11 off=3b0 00000000000000000000000000000000
N3GD_BODY id=11 off=3c0 00000000000000000000000000000000
N3GD_BODY id=11 off=3d0 00000000000000000000000000000000
N3GD_BODY id=11 off=3e0 00000000000000000000000000000000
N3GD_BODY id=11 off=3f0 00000000000000000000000000000000
N3GD_BODY id=11 off=400 00000000000000000000000000000000
N3GD_BODY id=11 off=410 00000000000000000000000000000000
N3GD_BODY id=11 off=420 00000000000000000000000000000000
N3GD_BODY id=11 off=430 00000000000000000000000000000000
N3GD_BODY id=11 off=440 00000000000000000000000000000000
N3GD_BODY id=11 off=450 00000000000000000000000000000000
N3GD_BODY id=11 off=460 00000000000000000000000000000000
N3GD_BODY id=11 off=470 00000000000000000000000000000000
N3GD_BODY id=11 off=480 00000000000000000000000000000000
N3GD_BODY id=11 off=490 00000000000000000000000000000000
N3GD_BODY id=11 off=4a0 00000000000000000000000000000000
N3GD_BODY id=11 off=4b0 00000000000000000000000000000000
N3GD_BODY id=11 off=4c0 00000000000000000000000000000000
N3GD_BODY id=11 off=4d0 00000000000000000000000000000000
N3GD_BODY id=11 off=4e0 00000000000000000000000000000000
N3GD_BODY id=11 off=4f0 00000000000000000000000000000000
N3GD_BODY id=11 off=500 00000000000000000000000000000000
N3GD_BODY id=11 off=510 00000000000000000000000000000000
N3GD_BODY id=11 off=520 00000000000000000000000000000000
N3GD_BODY id=11 off=530 00000000000000000000000000000000
N3GD_BODY id=11 off=540 00000000000000000000000000000000
N3GD_BODY id=11 off=550 00000000000000000000000000000000
N3GD_BODY id=11 off=560 00000000000000000000000000000000
N3GD_BODY id=11 off=570 00000000000000000000000000000000
N3GD_BODY id=11 off=580 00000000000000000000000000000000
N3GD_BODY id=11 off=590 00000000000000000000000000000000
N3GD_BODY id=11 off=5a0 00000000000000000000000000000000
N3GD_BODY id=11 off=5b0 00000000000000000000000000000000
N3GD_BODY id=11 off=5c0 00000000000000000000000000000000
N3GD_BODY id=11 off=5d0 00000000000000000000000000000000
N3GD_BODY id=11 off=5e0 00000000000000000000000000000000
N3GD_BODY id=11 off=5f0 00000000000000000000000000000000
N3GD_BODY id=11 off=600 00000000000000000000000000000000
N3GD_BODY id=11 off=610 00000000000000000000000000000000
N3GD_BODY id=11 off=620 00000000000000000000000000000000
N3GD_BODY id=11 off=630 00000000000000000000000000000000
N3GD_BODY id=11 off=640 00000000000000000000000000000000
N3GD_BODY id=11 off=650 00000000000000000000000000000000
N3GD_BODY id=11 off=660 00000000000000000000000000000000
N3GD_BODY id=11 off=670 00000000000000000000000000000000
N3GD_BODY id=11 off=680 00000000000000000000000000000000
N3GD_BODY id=11 off=690 00000000000000000000000000000000
N3GD_BODY id=11 off=6a0 00000000000000000000000000000000
N3GD_BODY id=11 off=6b0 00000000000000000000000000000000
N3GD_BODY id=11 off=6c0 00000000000000000000000000000000
N3GD_BODY id=11 off=6d0 00000000000000000000000000000000
N3GD_BODY id=11 off=6e0 00000000000000000000000000000000
N3GD_BODY id=11 off=6f0 00000000000000000000000000000000
N3GD_BODY id=11 off=700 00000000000000000000000000000000
N3GD_BODY id=11 off=710 00000000000000000000000000000000
N3GD_BODY id=11 off=720 00000000000000000000000000000000
N3GD_BODY id=11 off=730 00000000000000000000000000000000
N3GD_BODY id=11 off=740 00000000000000000000000000000000
N3GD_BODY id=11 off=750 00000000000000000000000000000000
N3GD_BODY id=11 off=760 00000000000000000000000000000000
N3GD_BODY id=11 off=770 00000000000000000000000000000000
N3GD_BODY id=11 off=780 00000000000000000000000000000000
N3GD_BODY id=11 off=790 00000000000000000000000000000000
N3GD_BODY id=11 off=7a0 00000000000000000000000000000000
N3GD_BODY id=11 off=7b0 00000000000000000000000000000000
N3GD_BODY id=11 off=7c0 00000000000000000000000000000000
N3GD_BODY id=11 off=7d0 00000000000000000000000000000000
N3GD_BODY id=11 off=7e0 00000000000000000000000000000000
N3GD_BODY id=11 off=7f0 00000000000000000000000000000000
N3GD_OOB id=11 off=000 000000000000000000000000e5ab0678
N3GD_OOB id=11 off=010 0a52efac2207c7a2053adbc8606282c5
N3GD_OOB id=11 off=020 374bcde4a25178a6eb7e94b8b7fa1e2e
N3GD_OOB id=11 off=030 eddbaafff14d9b9ea7ce563d3b3c79fe
N3GD_END id=11
N3GD_BEGIN id=12 kind=cand j=-1 v=00E8 po=260 sl=4294967295 l0=FFFFFFFF host=0000A07E tgt=000140FC bank=0 pb=657 pp=65 phy=84161 shift=4294967295 t=40 ix=D9CA u=0019CA0A l=0019CA0A
N3GD_BODY id=12 off=000 fc3260ed6787ab18fb675f28d42c6657
N3GD_BODY id=12 off=010 1c708a9dc8ed3b7fd304064401455cf0
N3GD_BODY id=12 off=020 3b9696a2d86fc4d2098df8454b8577cd
N3GD_BODY id=12 off=030 7025a906f0e00cb02112571f5b6db7f4
N3GD_BODY id=12 off=040 34c8e4fce5f7b20ee04a75909fb46567
N3GD_BODY id=12 off=050 fd45355df967b144420908a42c207e69
N3GD_BODY id=12 off=060 85426ce67f38b0e414e81b959eb8db6f
N3GD_BODY id=12 off=070 09f04e31863c5b5066c64749d2e36adf
N3GD_BODY id=12 off=080 53435436c8d67f8889a07e6865fe4d88
N3GD_BODY id=12 off=090 9a9fe728c5088d7c4745b399799f0a93
N3GD_BODY id=12 off=0a0 12c1f3f84a430c77e30a9936babc392e
N3GD_BODY id=12 off=0b0 171cf78811d06374d389049504df9e19
N3GD_BODY id=12 off=0c0 ce20b53ed3db6fc3983fe9bce8a59d65
N3GD_BODY id=12 off=0d0 e9bcfb3738f018d4d315627ffc2e6e1b
N3GD_BODY id=12 off=0e0 e9026cf02e735983fe80f5ee24694d3f
N3GD_BODY id=12 off=0f0 fe1ba756ca5dd4d6d3289ac0420d4534
N3GD_BODY id=12 off=100 d2417c7b3a63194d3a7fe1c26e12fd80
N3GD_BODY id=12 off=110 32e712f6ffc101a916411ef9d037e633
N3GD_BODY id=12 off=120 a906649997509be1ac16a33f7ffc2ad4
N3GD_BODY id=12 off=130 d68809c594dda9c62d745990fba8efc8
N3GD_BODY id=12 off=140 d0002403f5e9ff41c250516eaa9fe15e
N3GD_BODY id=12 off=150 1047159b83ee21333937363e9833b1b0
N3GD_BODY id=12 off=160 f3c701329177ff4c1c5a7c16101d4c16
N3GD_BODY id=12 off=170 bf8caf59711b5e1481ff70a9906cef86
N3GD_BODY id=12 off=180 3ea4b5b725422489c29e1bd7258d59db
N3GD_BODY id=12 off=190 6344c7de9be6afb89655ac4657f0d978
N3GD_BODY id=12 off=1a0 dce6070c10356931eea73231d4d53715
N3GD_BODY id=12 off=1b0 6277e740044035038dc43a574b2432f0
N3GD_BODY id=12 off=1c0 7da23ba866df78ec42d1c3a507538264
N3GD_BODY id=12 off=1d0 9032f11d26f86eb91903cc1035b1c7e3
N3GD_BODY id=12 off=1e0 8fca7538eb766fc2ae863d1303b370c0
N3GD_BODY id=12 off=1f0 38346862ec3ca1959bfe152a5cc84ad6
N3GD_BODY id=12 off=200 e72997e18734618bb51a7fe72881a927
N3GD_BODY id=12 off=210 d4484b97fe09c65b0dc86e884e8ba4fc
N3GD_BODY id=12 off=220 abb38b1d957d5385787c5319d913f84c
N3GD_BODY id=12 off=230 c957c8923864b6a1c0c76d2feba123e7
N3GD_BODY id=12 off=240 5e08a5ccda3860a7e1c10c0cd08c6c68
N3GD_BODY id=12 off=250 15e2133ff87b402b35ada234fc2e120d
N3GD_BODY id=12 off=260 cbea31da9c1418edb412a74e7df0ecf2
N3GD_BODY id=12 off=270 643bd556b36675d33b69f647388bacec
N3GD_BODY id=12 off=280 5cf4ab88c8a82acb572ceeb3530b65d7
N3GD_BODY id=12 off=290 5f8645ac9cd8241b197ecbd3be171100
N3GD_BODY id=12 off=2a0 d202144c7690feab577b5bf1b68fe357
N3GD_BODY id=12 off=2b0 072b5855930da5542a672495ae84d8b8
N3GD_BODY id=12 off=2c0 c4ab614554781bc3205f0d37ff85848c
N3GD_BODY id=12 off=2d0 e7b19799630899415911c264546e8c52
N3GD_BODY id=12 off=2e0 68e73451b9bfc2c499883b7dd3100558
N3GD_BODY id=12 off=2f0 60db2d63a3d38772d65aff0cb5830cee
N3GD_BODY id=12 off=300 18c8d080b92769f94c94627eb830eed8
N3GD_BODY id=12 off=310 70799860db5ec208d05655337ad53b7e
N3GD_BODY id=12 off=320 35308da6cdd6dc269df99888703181c4
N3GD_BODY id=12 off=330 013af15625d0c9e6eff05e44db4e6658
N3GD_BODY id=12 off=340 e3332345080f5e213221334cdd1c7d1f
N3GD_BODY id=12 off=350 c10c0766965be3f105af04e6d6ac7fe1
N3GD_BODY id=12 off=360 41b8c21e361fe267d90cbe3ec276a05c
N3GD_BODY id=12 off=370 929e1ac221c4a6f6f8cc01ffafd98dd6
N3GD_BODY id=12 off=380 eaa3b4ff8dadc316df06564a7a617310
N3GD_BODY id=12 off=390 4e6e93b77c2c27854503f90da654c8ba
N3GD_BODY id=12 off=3a0 6ff527ff3704020bb0e9d6fcdc7cc89a
N3GD_BODY id=12 off=3b0 5833074e0777b15ffe1b3869ae7d0418
N3GD_BODY id=12 off=3c0 1c984187b657e06a56986d1ff0d92373
N3GD_BODY id=12 off=3d0 5c2890814a1474fff047d8c9832c8fc3
N3GD_BODY id=12 off=3e0 8278ec80e468ab56ffc101971c297853
N3GD_BODY id=12 off=3f0 22c4b16d50d63707000ba070ba3e54a9
N3GD_BODY id=12 off=400 5c6b17f869b6d6303006285b3699dffc
N3GD_BODY id=12 off=410 6547fc2fc51a030bc3c8a1ce74a3055f
N3GD_BODY id=12 off=420 f826af00e4cbf5858053a3d60fbfd5f0
N3GD_BODY id=12 off=430 a464e2337a339619032855e80ec4962f
N3GD_BODY id=12 off=440 5b40f50e7f453799e3bea2385a37483c
N3GD_BODY id=12 off=450 8e399e43407a06c08daaf33fe176f66c
N3GD_BODY id=12 off=460 da0bb9d7481868feaa5c6f325af6dbf3
N3GD_BODY id=12 off=470 b0051dc1c7340d7e8ffc30b9316a6ef1
N3GD_BODY id=12 off=480 1d9e97ad16e6c35fe7500debbd70396a
N3GD_BODY id=12 off=490 7d7fc10163a7141183b96b22a29e2e65
N3GD_BODY id=12 off=4a0 c0c6de22908248e75bebaf08f04851dc
N3GD_BODY id=12 off=4b0 3986c19e7847a824df3a0f8541db9ee9
N3GD_BODY id=12 off=4c0 34eeff9d818c049ee9ee9265b37fcf02
N3GD_BODY id=12 off=4d0 0932d47ff3c17e5fafdffce80c0d3112
N3GD_BODY id=12 off=4e0 d333874e79659e89fe78c00a226e14e3
N3GD_BODY id=12 off=4f0 4c5bc39d3d1112555444489d3fc674b4
N3GD_BODY id=12 off=500 135eb11124b8275c4b994cba65e9a340
N3GD_BODY id=12 off=510 a0873e46a1e98999d73d040fc5b124cf
N3GD_BODY id=12 off=520 e7a30578926452f08f0dc7bbda442d78
N3GD_BODY id=12 off=530 999124cb75f9e8f3e2499124cd7f9e74
N3GD_BODY id=12 off=540 295e2499124cdbf0d2415b07df23bf13
N3GD_BODY id=12 off=550 322666b2d6b826ea06b055e9922ca747
N3GD_BODY id=12 off=560 c14747c894810f441fa23994150498d1
N3GD_BODY id=12 off=570 4d2de2d074c5e0eb1788a9a83d54b075
N3GD_BODY id=12 off=580 8bc4e1f115354065bc5caa2f0e22cc0c
N3GD_BODY id=12 off=590 81f54b03ab00eb1783e9a87d35f05115
N3GD_BODY id=12 off=5a0 0493a1400134b29a9659a58a80226438
N3GD_BODY id=12 off=5b0 08982f955ce41146aeed05165b391c3a
N3GD_BODY id=12 off=5c0 e6a73f16062a82e51eb1968807aded04
N3GD_BODY id=12 off=5d0 acd004b83fa835d46e6414e88659132c
N3GD_BODY id=12 off=5e0 720a4d24fbaa040b73461128fd81e8ec
N3GD_BODY id=12 off=5f0 9616e7d4c6c0920f90df06652822d8fa
N3GD_BODY id=12 off=600 9e3d3f9747fc28e6445b03e7a7d844c6
N3GD_BODY id=12 off=610 aecd3984137cf62019153f58b422a83d
N3GD_BODY id=12 off=620 38711620cb4347f6829bcb78d7b14cb0
N3GD_BODY id=12 off=630 c98a1a96620f61150d59f16c051c64b4
N3GD_BODY id=12 off=640 c51a4432e7a3a87551859482ee11ea41
N3GD_BODY id=12 off=650 84c64a652e04233c897ffe278d9ce42b
N3GD_BODY id=12 off=660 cc7f8bfcfb25c14a58fbd7109c44f5d4
N3GD_BODY id=12 off=670 a5daafdc4bc2ae71a6fc30dc8f242eb9
N3GD_BODY id=12 off=680 62dc144438f680387d3a2806cc590505
N3GD_BODY id=12 off=690 2274f3652f99cddc162e6fae93fd6f65
N3GD_BODY id=12 off=6a0 4b050d10497e9c768b508b58c3eee08e
N3GD_BODY id=12 off=6b0 83081697d73c55dbc0918f993038fb7b
N3GD_BODY id=12 off=6c0 c67c5cb6fc4340c88f57828b701b7ed3
N3GD_BODY id=12 off=6d0 b2c43091f0c9fd122de3abbeef8ab845
N3GD_BODY id=12 off=6e0 1787ba5c03f1d4c705f3c1e46fac629e
N3GD_BODY id=12 off=6f0 2296c632ae2dcd84c66071a4c101664f
N3GD_BODY id=12 off=700 828abe5c10e68ff82865c2e4e480f9aa
N3GD_BODY id=12 off=710 ac3ee848ff8d4c92b8efe37e3f0dbee0
N3GD_BODY id=12 off=720 b7db0483d357b99fe4e9fe0a254027c8
N3GD_BODY id=12 off=730 7008b8aadcb03acdcb03813e01f6a9d9
N3GD_BODY id=12 off=740 6f4770000000150605110387f44ecd0a
N3GD_BODY id=12 off=750 4bdca1943ac3d49b171f018000000b95
N3GD_BODY id=12 off=760 21f0810174202961328e7ff4f4f0a7fb
N3GD_BODY id=12 off=770 7e9a7a69c21968a4d66fe7199f0898cd
N3GD_BODY id=12 off=780 eb11baea3b7cb77e18c1cd9fffdb6c67
N3GD_BODY id=12 off=790 7c66b468af75ac5f5477ea8efd7477eb
N3GD_BODY id=12 off=7a0 7ae8a74e9a4743b8a510e7a68fae9157
N3GD_BODY id=12 off=7b0 37548b957d275a3b5ced3afdb6f92419
N3GD_BODY id=12 off=7c0 45e2d494438411d79cabd88e87620f2a
N3GD_BODY id=12 off=7d0 707d57588740df0449045e66b6115f33
N3GD_BODY id=12 off=7e0 ad74cb5555db51aaf0a28e3420bfffb1
N3GD_BODY id=12 off=7f0 8a5c2a6215230cc7cd0970c28102f4a5
N3GD_OOB id=12 off=000 0aca1900cad90000ff40ffffe5ab0678
N3GD_OOB id=12 off=010 0a52efac2207c7a2053adbc8606282c5
N3GD_OOB id=12 off=020 374bcde4a25178a6eb7e94b8b7fa1e2e
N3GD_OOB id=12 off=030 eddbaafff14d9b9ea7ce563d3b3c79fe
N3GD_END id=12
N3GD_BEGIN id=13 kind=cand j=-1 v=0101 po=248 sl=4294967295 l0=FFFFFFFF host=0000A07E tgt=000140FC bank=0 pb=682 pp=62 phy=87358 shift=4294967295 t=40 ix=CCE2 u=000EFDF0 l=000EFDF0
N3GD_BODY id=13 off=000 03030303030303030303030303030303
N3GD_BODY id=13 off=010 c3c3c3c3c3c3c3a09d9a9a885c5cb0ed
N3GD_BODY id=13 off=020 e2546c666876664645454a4c4a4a4b53
N3GD_BODY id=13 off=030 7f5b5b7fa3d8ededf4f5f5e6e6e9e9e2
N3GD_BODY id=13 off=040 e1a9af766bc287537f994b85b9b9b9b9
N3GD_BODY id=13 off=050 a869474e4e4e6c6c69694e4545454545
N3GD_BODY id=13 off=060 45454f534f539696a15ddd523e3e3134
N3GD_BODY id=13 off=070 2e2d161617170e0e100f050502020403
N3GD_BODY id=13 off=080 03030303030303030303030303030303
N3GD_BODY id=13 off=090 03030303030303030303030303030303
N3GD_BODY id=13 off=0a0 03030303030303030303030303030303
N3GD_BODY id=13 off=0b0 03030303030303030303030303030303
N3GD_BODY id=13 off=0c0 c3c3c3c3c3c3c3c3a09d9a889bedf3e2
N3GD_BODY id=13 off=0d0 d4507977c8c76f514a4545454c4f4c47
N3GD_BODY id=13 off=0e0 4a4b505454505bbce2edf4f1f1edede9
N3GD_BODY id=13 off=0f0 e1a9af9071b38087996caac9a8a88d85
N3GD_BODY id=13 off=100 4e4756594e6c6c6c6c6c695645454545
N3GD_BODY id=13 off=110 4545454a544f5496a17db2cb3e3e3131
N3GD_BODY id=13 off=120 2e2b161618170c0e100f050502020303
N3GD_BODY id=13 off=130 03030303030303030303030303030303
N3GD_BODY id=13 off=140 03030303030303030303030303030303
N3GD_BODY id=13 off=150 03030303030303030303030303030303
N3GD_BODY id=13 off=160 03030303030303030303030303030303
N3GD_BODY id=13 off=170 c3c3c3c3c3c3c3c3c39d9a99e6f4c19c
N3GD_BODY id=13 off=180 a5535a62796359504f51604b45454c4f
N3GD_BODY id=13 off=190 4f5050504b4a4a4f5487d0e2edf4f4ed
N3GD_BODY id=13 off=1a0 e1be777771a27f558ab9a86959494747
N3GD_BODY id=13 off=1b0 4e69594e6c56566c6c69696e6e474545
N3GD_BODY id=13 off=1c0 4545454547504b4d7da152cb403f3031
N3GD_BODY id=13 off=1d0 2d2b1414191f1f1a100f050502020303
N3GD_BODY id=13 off=1e0 03030303030303030303030303030303
N3GD_BODY id=13 off=1f0 03030303030303030303030303030303
N3GD_BODY id=13 off=200 03030303030303030303030303030303
N3GD_BODY id=13 off=210 03030303030303030303030303030303
N3GD_BODY id=13 off=220 c3c3c3c3c3c39d8f9cb08caaaaaaaaa8
N3GD_BODY id=13 off=230 b8b8a98b554e494e519b9ea380514b47
N3GD_BODY id=13 off=240 4a4f505054504b4a474a4b53879ba2d0
N3GD_BODY id=13 off=250 d0c28c6260606eaa8a4e47454545496c
N3GD_BODY id=13 off=260 6e5945466c6c56566c69696e854e4545
N3GD_BODY id=13 off=270 4545454545454a4a4d7d52523c3f3232
N3GD_BODY id=13 off=280 2b2b141414191f0e100f060502020303
N3GD_BODY id=13 off=290 03030303030303030303030303030303
N3GD_BODY id=13 off=2a0 03030303030303030303030303030303
N3GD_BODY id=13 off=2b0 03030303030303030303030303030303
N3GD_BODY id=13 off=2c0 03030303030303030303030303030303
N3GD_BODY id=13 off=2d0 c3c3c3a0c3b0b8b9b9a8856e818da8c9
N3GD_BODY id=13 off=2e0 c9c9dcdcdcb9a8b9b98d6a7f9b9e9b5e
N3GD_BODY id=13 off=2f0 53504b4f4f505453504b4a47474a4a4b
N3GD_BODY id=13 off=300 4b4a4a4b85a86e46454545454759696e
N3GD_BODY id=13 off=310 59454545476c6c56566c6e6e854e4545
N3GD_BODY id=13 off=320 4545454545454544444d4d523f3e3131
N3GD_BODY id=13 off=330 2d2c151517170c0c0f0f060502020303
N3GD_BODY id=13 off=340 03030303030303030303030303030303
N3GD_BODY id=13 off=350 03030303030303030303030303030303
N3GD_BODY id=13 off=360 03030303030303030303030303030303
N3GD_BODY id=13 off=370 03030303030303030303030303030303
N3GD_BODY id=13 off=380 c3c3a2dbf6f6b96e49454545496c6eaa
N3GD_BODY id=13 off=390 a8a8a8b9b9a8aa8d8a8d856e567f9ba3
N3GD_BODY id=13 off=3a0 99875e5e5354505453535354504b4745
N3GD_BODY id=13 off=3b0 454981b98a494545464e474956696e59
N3GD_BODY id=13 off=3c0 4545454754475669566c6e6e6c474545
N3GD_BODY id=13 off=3d0 4545454545454544444848523c3d3131
N3GD_BODY id=13 off=3e0 2d2d151517170c0c0f0f060502020303
N3GD_BODY id=13 off=3f0 03030303030303030303030303030303
N3GD_BODY id=13 off=400 03030303030303030303030303030303
N3GD_BODY id=13 off=410 03030303030303030303030303030303
N3GD_BODY id=13 off=420 03030303030303030303030303030303
N3GD_BODY id=13 off=430 9da5ebf6e585454547496c858daaaa8d
N3GD_BODY id=13 off=440 8da8c9dcdcb98d85858daaaa856c505b
N3GD_BODY id=13 off=450 9b99878787878054545353544f47496c
N3GD_BODY id=13 off=460 8ab98d4e4547566c6c6c56696e694945
N3GD_BODY id=13 off=470 45454a534a4545566956696945454545
N3GD_BODY id=13 off=480 4545454545454544444848483c3d3131
N3GD_BODY id=13 off=490 2d2e2e1414190c0c0f0f060502020303
N3GD_BODY id=13 off=4a0 03030303030303030303030303030303
N3GD_BODY id=13 off=4b0 03030303030303030303030303030303
N3GD_BODY id=13 off=4c0 03030303030303030303030303030303
N3GD_BODY id=13 off=4d0 03030303030303030303030303030303
N3GD_BODY id=13 off=4e0 dbe5e5e5dcaa858585aaaaaaaa8d8daa
N3GD_BODY id=13 off=4f0 a8b9a88c8c8980514747495669696c4e
N3GD_BODY id=13 off=500 515b879999879b60504f4b4a4e6eaaaa
N3GD_BODY id=13 off=510 8d6e6c56566c6c6c6c696e69554a4545
N3GD_BODY id=13 off=520 454a534a4545454556696c6945454545
N3GD_BODY id=13 off=530 4545454545454544444848483c3f3131
N3GD_BODY id=13 off=540 2cb4241419190c0c0f11050502020303
N3GD_BODY id=13 off=550 03030303030303030303030303030303
N3GD_BODY id=13 off=560 03030303030303030303030303030303
N3GD_BODY id=13 off=570 03030303030303030303030303030303
N3GD_BODY id=13 off=580 03030303030303030303030303030303
N3GD_BODY id=13 off=590 a9a9ebebb8b1a9b9aa8d8d8daaaaaa85
N3GD_BODY id=13 off=5a0 6e555ea2d7eeeee1cc7f474545454749
N3GD_BODY id=13 off=5b0 59564e50535351514e5969858d8d856e
N3GD_BODY id=13 off=5c0 696969696969696e6e6956875f454545
N3GD_BODY id=13 off=5d0 475f4a45454545604b4e696e46454545
N3GD_BODY id=13 off=5e0 4545454545454544444848483f3c3031
N3GD_BODY id=13 off=5f0 2e2e242417190e0c0f0f050502020303
N3GD_BODY id=13 off=600 03030303030303030303030303030303
N3GD_BODY id=13 off=610 03030303030303030303030303030303
N3GD_BODY id=13 off=620 03030303030303030303030303030303
N3GD_BODY id=13 off=630 03030303030303030303030303030303
N3GD_BODY id=13 off=640 4e519da09d83aaaa8daaaaaa81694e47
N3GD_BODY id=13 off=650 454f5f9bd2eef4f3f4ecd79b4f454545
N3GD_BODY id=13 off=660 454a56566c696e81858585856e6e6e6e
N3GD_BODY id=13 off=670 6e6e6e6e6e6e6e69594a9e9945454545
N3GD_BODY id=13 off=680 534b45454547a3604b454e6e59454547
N3GD_BODY id=13 off=690 4545454545454544444848483e3c3230
N3GD_BODY id=13 off=6a0 3a2b142424170c0c0f0f060502020303
N3GD_BODY id=13 off=6b0 03030303030303030303030303030303
N3GD_BODY id=13 off=6c0 03030303030303030303030303030303
N3GD_BODY id=13 off=6d0 03030303030303030303030303030303
N3GD_BODY id=13 off=6e0 03030303030303030303030303030303
N3GD_BODY id=13 off=6f0 45457e835485a8a8a8aa85608bc14545
N3GD_BODY id=13 off=700 45454545475080c2d7eeecf4eec25447
N3GD_BODY id=13 off=710 4545476c56566c696e6e6e6e6e6e6e6e
N3GD_BODY id=13 off=720 6e6e6e818169514a4587a3474545454f
N3GD_BODY id=13 off=730 504547454abc6f586f6b475969454547
N3GD_BODY id=13 off=740 4f4a454545454544444848483e3f3332
N3GD_BODY id=13 off=750 a72c1514191f0c0c0f0f060502020303
N3GD_BODY id=13 off=760 03030303030303030303030303030303
N3GD_BODY id=13 off=770 03030303030303030303030303030303
N3GD_BODY id=13 off=780 03030303030303030303030303030303
N3GD_BODY id=13 off=790 03030303030303030303030303030303
N3GD_BODY id=13 off=7a0 4545506ab9b9aa8c899da08fb0e9c150
N3GD_BODY id=13 off=7b0 45454545454545474a5487bcd7eeeecc
N3GD_BODY id=13 off=7c0 875f4f4b6c6c5656566c6c69696e6e6e
N3GD_BODY id=13 off=7d0 6e6e6e6956504f455fa2504545454753
N3GD_BODY id=13 off=7e0 5053474a9b516358626b4e456c494545
N3GD_BODY id=13 off=7f0 4753534545454544444848483e3e3332
N3GD_OOB id=13 off=000 f0fd0e00e2cc0000ff40ffffe5ab0678
N3GD_OOB id=13 off=010 0a52efac2207c7a2053adbc8606282c5
N3GD_OOB id=13 off=020 374bcde4a25178a6eb7e94b8b7fa1e2e
N3GD_OOB id=13 off=030 eddbaafff14d9b9ea7ce563d3b3c79fe
N3GD_END id=13
N3GD_BEGIN id=14 kind=cand j=-1 v=0101 po=249 sl=4294967295 l0=FFFFFFFF host=0000A07E tgt=000140FC bank=1 pb=682 pp=62 phy=87358 shift=4294967295 t=00 ix=0000 u=00000000 l=00000000
N3GD_BODY id=14 off=000 00000000000000000000000000000000
N3GD_BODY id=14 off=010 00000000000000000000000000000000
N3GD_BODY id=14 off=020 00000000000000000000000000000000
N3GD_BODY id=14 off=030 00000000000000000000000000000000
N3GD_BODY id=14 off=040 00000000000000000000000000000000
N3GD_BODY id=14 off=050 00000000000000000000000000000000
N3GD_BODY id=14 off=060 00000000000000000000000000000000
N3GD_BODY id=14 off=070 00000000000000000000000000000000
N3GD_BODY id=14 off=080 00000000000000000000000000000000
N3GD_BODY id=14 off=090 00000000000000000000000000000000
N3GD_BODY id=14 off=0a0 00000000000000000000000000000000
N3GD_BODY id=14 off=0b0 00000000000000000000000000000000
N3GD_BODY id=14 off=0c0 00000000000000000000000000000000
N3GD_BODY id=14 off=0d0 00000000000000000000000000000000
N3GD_BODY id=14 off=0e0 00000000000000000000000000000000
N3GD_BODY id=14 off=0f0 00000000000000000000000000000000
N3GD_BODY id=14 off=100 00000000000000000000000000000000
N3GD_BODY id=14 off=110 00000000000000000000000000000000
N3GD_BODY id=14 off=120 00000000000000000000000000000000
N3GD_BODY id=14 off=130 00000000000000000000000000000000
N3GD_BODY id=14 off=140 00000000000000000000000000000000
N3GD_BODY id=14 off=150 00000000000000000000000000000000
N3GD_BODY id=14 off=160 00000000000000000000000000000000
N3GD_BODY id=14 off=170 00000000000000000000000000000000
N3GD_BODY id=14 off=180 00000000000000000000000000000000
N3GD_BODY id=14 off=190 00000000000000000000000000000000
N3GD_BODY id=14 off=1a0 00000000000000000000000000000000
N3GD_BODY id=14 off=1b0 00000000000000000000000000000000
N3GD_BODY id=14 off=1c0 00000000000000000000000000000000
N3GD_BODY id=14 off=1d0 00000000000000000000000000000000
N3GD_BODY id=14 off=1e0 00000000000000000000000000000000
N3GD_BODY id=14 off=1f0 00000000000000000000000000000000
N3GD_BODY id=14 off=200 00000000000000000000000000000000
N3GD_BODY id=14 off=210 00000000000000000000000000000000
N3GD_BODY id=14 off=220 00000000000000000000000000000000
N3GD_BODY id=14 off=230 00000000000000000000000000000000
N3GD_BODY id=14 off=240 00000000000000000000000000000000
N3GD_BODY id=14 off=250 00000000000000000000000000000000
N3GD_BODY id=14 off=260 00000000000000000000000000000000
N3GD_BODY id=14 off=270 00000000000000000000000000000000
N3GD_BODY id=14 off=280 00000000000000000000000000000000
N3GD_BODY id=14 off=290 00000000000000000000000000000000
N3GD_BODY id=14 off=2a0 00000000000000000000000000000000
N3GD_BODY id=14 off=2b0 00000000000000000000000000000000
N3GD_BODY id=14 off=2c0 00000000000000000000000000000000
N3GD_BODY id=14 off=2d0 00000000000000000000000000000000
N3GD_BODY id=14 off=2e0 00000000000000000000000000000000
N3GD_BODY id=14 off=2f0 00000000000000000000000000000000
N3GD_BODY id=14 off=300 00000000000000000000000000000000
N3GD_BODY id=14 off=310 00000000000000000000000000000000
N3GD_BODY id=14 off=320 00000000000000000000000000000000
N3GD_BODY id=14 off=330 00000000000000000000000000000000
N3GD_BODY id=14 off=340 00000000000000000000000000000000
N3GD_BODY id=14 off=350 00000000000000000000000000000000
N3GD_BODY id=14 off=360 00000000000000000000000000000000
N3GD_BODY id=14 off=370 00000000000000000000000000000000
N3GD_BODY id=14 off=380 00000000000000000000000000000000
N3GD_BODY id=14 off=390 00000000000000000000000000000000
N3GD_BODY id=14 off=3a0 00000000000000000000000000000000
N3GD_BODY id=14 off=3b0 00000000000000000000000000000000
N3GD_BODY id=14 off=3c0 00000000000000000000000000000000
N3GD_BODY id=14 off=3d0 00000000000000000000000000000000
N3GD_BODY id=14 off=3e0 00000000000000000000000000000000
N3GD_BODY id=14 off=3f0 00000000000000000000000000000000
N3GD_BODY id=14 off=400 00000000000000000000000000000000
N3GD_BODY id=14 off=410 00000000000000000000000000000000
N3GD_BODY id=14 off=420 00000000000000000000000000000000
N3GD_BODY id=14 off=430 00000000000000000000000000000000
N3GD_BODY id=14 off=440 00000000000000000000000000000000
N3GD_BODY id=14 off=450 00000000000000000000000000000000
N3GD_BODY id=14 off=460 00000000000000000000000000000000
N3GD_BODY id=14 off=470 00000000000000000000000000000000
N3GD_BODY id=14 off=480 00000000000000000000000000000000
N3GD_BODY id=14 off=490 00000000000000000000000000000000
N3GD_BODY id=14 off=4a0 00000000000000000000000000000000
N3GD_BODY id=14 off=4b0 00000000000000000000000000000000
N3GD_BODY id=14 off=4c0 00000000000000000000000000000000
N3GD_BODY id=14 off=4d0 00000000000000000000000000000000
N3GD_BODY id=14 off=4e0 00000000000000000000000000000000
N3GD_BODY id=14 off=4f0 00000000000000000000000000000000
N3GD_BODY id=14 off=500 00000000000000000000000000000000
N3GD_BODY id=14 off=510 00000000000000000000000000000000
N3GD_BODY id=14 off=520 00000000000000000000000000000000
N3GD_BODY id=14 off=530 00000000000000000000000000000000
N3GD_BODY id=14 off=540 00000000000000000000000000000000
N3GD_BODY id=14 off=550 00000000000000000000000000000000
N3GD_BODY id=14 off=560 00000000000000000000000000000000
N3GD_BODY id=14 off=570 00000000000000000000000000000000
N3GD_BODY id=14 off=580 00000000000000000000000000000000
N3GD_BODY id=14 off=590 00000000000000000000000000000000
N3GD_BODY id=14 off=5a0 00000000000000000000000000000000
N3GD_BODY id=14 off=5b0 00000000000000000000000000000000
N3GD_BODY id=14 off=5c0 00000000000000000000000000000000
N3GD_BODY id=14 off=5d0 00000000000000000000000000000000
N3GD_BODY id=14 off=5e0 00000000000000000000000000000000
N3GD_BODY id=14 off=5f0 00000000000000000000000000000000
N3GD_BODY id=14 off=600 00000000000000000000000000000000
N3GD_BODY id=14 off=610 00000000000000000000000000000000
N3GD_BODY id=14 off=620 00000000000000000000000000000000
N3GD_BODY id=14 off=630 00000000000000000000000000000000
N3GD_BODY id=14 off=640 00000000000000000000000000000000
N3GD_BODY id=14 off=650 00000000000000000000000000000000
N3GD_BODY id=14 off=660 00000000000000000000000000000000
N3GD_BODY id=14 off=670 00000000000000000000000000000000
N3GD_BODY id=14 off=680 00000000000000000000000000000000
N3GD_BODY id=14 off=690 00000000000000000000000000000000
N3GD_BODY id=14 off=6a0 00000000000000000000000000000000
N3GD_BODY id=14 off=6b0 00000000000000000000000000000000
N3GD_BODY id=14 off=6c0 00000000000000000000000000000000
N3GD_BODY id=14 off=6d0 00000000000000000000000000000000
N3GD_BODY id=14 off=6e0 00000000000000000000000000000000
N3GD_BODY id=14 off=6f0 00000000000000000000000000000000
N3GD_BODY id=14 off=700 00000000000000000000000000000000
N3GD_BODY id=14 off=710 00000000000000000000000000000000
N3GD_BODY id=14 off=720 00000000000000000000000000000000
N3GD_BODY id=14 off=730 00000000000000000000000000000000
N3GD_BODY id=14 off=740 00000000000000000000000000000000
N3GD_BODY id=14 off=750 00000000000000000000000000000000
N3GD_BODY id=14 off=760 00000000000000000000000000000000
N3GD_BODY id=14 off=770 00000000000000000000000000000000
N3GD_BODY id=14 off=780 00000000000000000000000000000000
N3GD_BODY id=14 off=790 00000000000000000000000000000000
N3GD_BODY id=14 off=7a0 00000000000000000000000000000000
N3GD_BODY id=14 off=7b0 00000000000000000000000000000000
N3GD_BODY id=14 off=7c0 00000000000000000000000000000000
N3GD_BODY id=14 off=7d0 00000000000000000000000000000000
N3GD_BODY id=14 off=7e0 00000000000000000000000000000000
N3GD_BODY id=14 off=7f0 00000000000000000000000000000000
N3GD_OOB id=14 off=000 000000000000000000000000e5ab0678
N3GD_OOB id=14 off=010 0a52efac2207c7a2053adbc8606282c5
N3GD_OOB id=14 off=020 374bcde4a25178a6eb7e94b8b7fa1e2e
N3GD_OOB id=14 off=030 eddbaafff14d9b9ea7ce563d3b3c79fe
N3GD_END id=14
N3GD_BEGIN id=15 kind=cand j=-1 v=0101 po=250 sl=4294967295 l0=FFFFFFFF host=0000A07E tgt=000140FC bank=2 pb=682 pp=62 phy=87358 shift=4294967295 t=00 ix=0000 u=00000000 l=00000000
N3GD_BODY id=15 off=000 00000000000000000000000000000000
N3GD_BODY id=15 off=010 00000000000000000000000000000000
N3GD_BODY id=15 off=020 00000000000000000000000000000000
N3GD_BODY id=15 off=030 00000000000000000000000000000000
N3GD_BODY id=15 off=040 00000000000000000000000000000000
N3GD_BODY id=15 off=050 00000000000000000000000000000000
N3GD_BODY id=15 off=060 00000000000000000000000000000000
N3GD_BODY id=15 off=070 00000000000000000000000000000000
N3GD_BODY id=15 off=080 00000000000000000000000000000000
N3GD_BODY id=15 off=090 00000000000000000000000000000000
N3GD_BODY id=15 off=0a0 00000000000000000000000000000000
N3GD_BODY id=15 off=0b0 00000000000000000000000000000000
N3GD_BODY id=15 off=0c0 00000000000000000000000000000000
N3GD_BODY id=15 off=0d0 00000000000000000000000000000000
N3GD_BODY id=15 off=0e0 00000000000000000000000000000000
N3GD_BODY id=15 off=0f0 00000000000000000000000000000000
N3GD_BODY id=15 off=100 00000000000000000000000000000000
N3GD_BODY id=15 off=110 00000000000000000000000000000000
N3GD_BODY id=15 off=120 00000000000000000000000000000000
N3GD_BODY id=15 off=130 00000000000000000000000000000000
N3GD_BODY id=15 off=140 00000000000000000000000000000000
N3GD_BODY id=15 off=150 00000000000000000000000000000000
N3GD_BODY id=15 off=160 00000000000000000000000000000000
N3GD_BODY id=15 off=170 00000000000000000000000000000000
N3GD_BODY id=15 off=180 00000000000000000000000000000000
N3GD_BODY id=15 off=190 00000000000000000000000000000000
N3GD_BODY id=15 off=1a0 00000000000000000000000000000000
N3GD_BODY id=15 off=1b0 00000000000000000000000000000000
N3GD_BODY id=15 off=1c0 00000000000000000000000000000000
N3GD_BODY id=15 off=1d0 00000000000000000000000000000000
N3GD_BODY id=15 off=1e0 00000000000000000000000000000000
N3GD_BODY id=15 off=1f0 00000000000000000000000000000000
N3GD_BODY id=15 off=200 00000000000000000000000000000000
N3GD_BODY id=15 off=210 00000000000000000000000000000000
N3GD_BODY id=15 off=220 00000000000000000000000000000000
N3GD_BODY id=15 off=230 00000000000000000000000000000000
N3GD_BODY id=15 off=240 00000000000000000000000000000000
N3GD_BODY id=15 off=250 00000000000000000000000000000000
N3GD_BODY id=15 off=260 00000000000000000000000000000000
N3GD_BODY id=15 off=270 00000000000000000000000000000000
N3GD_BODY id=15 off=280 00000000000000000000000000000000
N3GD_BODY id=15 off=290 00000000000000000000000000000000
N3GD_BODY id=15 off=2a0 00000000000000000000000000000000
N3GD_BODY id=15 off=2b0 00000000000000000000000000000000
N3GD_BODY id=15 off=2c0 00000000000000000000000000000000
N3GD_BODY id=15 off=2d0 00000000000000000000000000000000
N3GD_BODY id=15 off=2e0 00000000000000000000000000000000
N3GD_BODY id=15 off=2f0 00000000000000000000000000000000
N3GD_BODY id=15 off=300 00000000000000000000000000000000
N3GD_BODY id=15 off=310 00000000000000000000000000000000
N3GD_BODY id=15 off=320 00000000000000000000000000000000
N3GD_BODY id=15 off=330 00000000000000000000000000000000
N3GD_BODY id=15 off=340 00000000000000000000000000000000
N3GD_BODY id=15 off=350 00000000000000000000000000000000
N3GD_BODY id=15 off=360 00000000000000000000000000000000
N3GD_BODY id=15 off=370 00000000000000000000000000000000
N3GD_BODY id=15 off=380 00000000000000000000000000000000
N3GD_BODY id=15 off=390 00000000000000000000000000000000
N3GD_BODY id=15 off=3a0 00000000000000000000000000000000
N3GD_BODY id=15 off=3b0 00000000000000000000000000000000
N3GD_BODY id=15 off=3c0 00000000000000000000000000000000
N3GD_BODY id=15 off=3d0 00000000000000000000000000000000
N3GD_BODY id=15 off=3e0 00000000000000000000000000000000
N3GD_BODY id=15 off=3f0 00000000000000000000000000000000
N3GD_BODY id=15 off=400 00000000000000000000000000000000
N3GD_BODY id=15 off=410 00000000000000000000000000000000
N3GD_BODY id=15 off=420 00000000000000000000000000000000
N3GD_BODY id=15 off=430 00000000000000000000000000000000
N3GD_BODY id=15 off=440 00000000000000000000000000000000
N3GD_BODY id=15 off=450 00000000000000000000000000000000
N3GD_BODY id=15 off=460 00000000000000000000000000000000
N3GD_BODY id=15 off=470 00000000000000000000000000000000
N3GD_BODY id=15 off=480 00000000000000000000000000000000
N3GD_BODY id=15 off=490 00000000000000000000000000000000
N3GD_BODY id=15 off=4a0 00000000000000000000000000000000
N3GD_BODY id=15 off=4b0 00000000000000000000000000000000
N3GD_BODY id=15 off=4c0 00000000000000000000000000000000
N3GD_BODY id=15 off=4d0 00000000000000000000000000000000
N3GD_BODY id=15 off=4e0 00000000000000000000000000000000
N3GD_BODY id=15 off=4f0 00000000000000000000000000000000
N3GD_BODY id=15 off=500 00000000000000000000000000000000
N3GD_BODY id=15 off=510 00000000000000000000000000000000
N3GD_BODY id=15 off=520 00000000000000000000000000000000
N3GD_BODY id=15 off=530 00000000000000000000000000000000
N3GD_BODY id=15 off=540 00000000000000000000000000000000
N3GD_BODY id=15 off=550 00000000000000000000000000000000
N3GD_BODY id=15 off=560 00000000000000000000000000000000
N3GD_BODY id=15 off=570 00000000000000000000000000000000
N3GD_BODY id=15 off=580 00000000000000000000000000000000
N3GD_BODY id=15 off=590 00000000000000000000000000000000
N3GD_BODY id=15 off=5a0 00000000000000000000000000000000
N3GD_BODY id=15 off=5b0 00000000000000000000000000000000
N3GD_BODY id=15 off=5c0 00000000000000000000000000000000
N3GD_BODY id=15 off=5d0 00000000000000000000000000000000
N3GD_BODY id=15 off=5e0 00000000000000000000000000000000
N3GD_BODY id=15 off=5f0 00000000000000000000000000000000
N3GD_BODY id=15 off=600 00000000000000000000000000000000
N3GD_BODY id=15 off=610 00000000000000000000000000000000
N3GD_BODY id=15 off=620 00000000000000000000000000000000
N3GD_BODY id=15 off=630 00000000000000000000000000000000
N3GD_BODY id=15 off=640 00000000000000000000000000000000
N3GD_BODY id=15 off=650 00000000000000000000000000000000
N3GD_BODY id=15 off=660 00000000000000000000000000000000
N3GD_BODY id=15 off=670 00000000000000000000000000000000
N3GD_BODY id=15 off=680 00000000000000000000000000000000
N3GD_BODY id=15 off=690 00000000000000000000000000000000
N3GD_BODY id=15 off=6a0 00000000000000000000000000000000
N3GD_BODY id=15 off=6b0 00000000000000000000000000000000
N3GD_BODY id=15 off=6c0 00000000000000000000000000000000
N3GD_BODY id=15 off=6d0 00000000000000000000000000000000
N3GD_BODY id=15 off=6e0 00000000000000000000000000000000
N3GD_BODY id=15 off=6f0 00000000000000000000000000000000
N3GD_BODY id=15 off=700 00000000000000000000000000000000
N3GD_BODY id=15 off=710 00000000000000000000000000000000
N3GD_BODY id=15 off=720 00000000000000000000000000000000
N3GD_BODY id=15 off=730 00000000000000000000000000000000
N3GD_BODY id=15 off=740 00000000000000000000000000000000
N3GD_BODY id=15 off=750 00000000000000000000000000000000
N3GD_BODY id=15 off=760 00000000000000000000000000000000
N3GD_BODY id=15 off=770 00000000000000000000000000000000
N3GD_BODY id=15 off=780 00000000000000000000000000000000
N3GD_BODY id=15 off=790 00000000000000000000000000000000
N3GD_BODY id=15 off=7a0 00000000000000000000000000000000
N3GD_BODY id=15 off=7b0 00000000000000000000000000000000
N3GD_BODY id=15 off=7c0 00000000000000000000000000000000
N3GD_BODY id=15 off=7d0 00000000000000000000000000000000
N3GD_BODY id=15 off=7e0 00000000000000000000000000000000
N3GD_BODY id=15 off=7f0 00000000000000000000000000000000
N3GD_OOB id=15 off=000 000000000000000000000000e5ab0678
N3GD_OOB id=15 off=010 0a52efac2207c7a2053adbc8606282c5
N3GD_OOB id=15 off=020 374bcde4a25178a6eb7e94b8b7fa1e2e
N3GD_OOB id=15 off=030 eddbaafff14d9b9ea7ce563d3b3c79fe
N3GD_END id=15
N3GD_BEGIN id=16 kind=cand j=-1 v=0101 po=251 sl=4294967295 l0=FFFFFFFF host=0000A07E tgt=000140FC bank=3 pb=682 pp=62 phy=87358 shift=4294967295 t=00 ix=0000 u=00000000 l=00000000
N3GD_BODY id=16 off=000 00000000000000000000000000000000
N3GD_BODY id=16 off=010 00000000000000000000000000000000
N3GD_BODY id=16 off=020 00000000000000000000000000000000
N3GD_BODY id=16 off=030 00000000000000000000000000000000
N3GD_BODY id=16 off=040 00000000000000000000000000000000
N3GD_BODY id=16 off=050 00000000000000000000000000000000
N3GD_BODY id=16 off=060 00000000000000000000000000000000
N3GD_BODY id=16 off=070 00000000000000000000000000000000
N3GD_BODY id=16 off=080 00000000000000000000000000000000
N3GD_BODY id=16 off=090 00000000000000000000000000000000
N3GD_BODY id=16 off=0a0 00000000000000000000000000000000
N3GD_BODY id=16 off=0b0 00000000000000000000000000000000
N3GD_BODY id=16 off=0c0 00000000000000000000000000000000
N3GD_BODY id=16 off=0d0 00000000000000000000000000000000
N3GD_BODY id=16 off=0e0 00000000000000000000000000000000
N3GD_BODY id=16 off=0f0 00000000000000000000000000000000
N3GD_BODY id=16 off=100 00000000000000000000000000000000
N3GD_BODY id=16 off=110 00000000000000000000000000000000
N3GD_BODY id=16 off=120 00000000000000000000000000000000
N3GD_BODY id=16 off=130 00000000000000000000000000000000
N3GD_BODY id=16 off=140 00000000000000000000000000000000
N3GD_BODY id=16 off=150 00000000000000000000000000000000
N3GD_BODY id=16 off=160 00000000000000000000000000000000
N3GD_BODY id=16 off=170 00000000000000000000000000000000
N3GD_BODY id=16 off=180 00000000000000000000000000000000
N3GD_BODY id=16 off=190 00000000000000000000000000000000
N3GD_BODY id=16 off=1a0 00000000000000000000000000000000
N3GD_BODY id=16 off=1b0 00000000000000000000000000000000
N3GD_BODY id=16 off=1c0 00000000000000000000000000000000
N3GD_BODY id=16 off=1d0 00000000000000000000000000000000
N3GD_BODY id=16 off=1e0 00000000000000000000000000000000
N3GD_BODY id=16 off=1f0 00000000000000000000000000000000
N3GD_BODY id=16 off=200 00000000000000000000000000000000
N3GD_BODY id=16 off=210 00000000000000000000000000000000
N3GD_BODY id=16 off=220 00000000000000000000000000000000
N3GD_BODY id=16 off=230 00000000000000000000000000000000
N3GD_BODY id=16 off=240 00000000000000000000000000000000
N3GD_BODY id=16 off=250 00000000000000000000000000000000
N3GD_BODY id=16 off=260 00000000000000000000000000000000
N3GD_BODY id=16 off=270 00000000000000000000000000000000
N3GD_BODY id=16 off=280 00000000000000000000000000000000
N3GD_BODY id=16 off=290 00000000000000000000000000000000
N3GD_BODY id=16 off=2a0 00000000000000000000000000000000
N3GD_BODY id=16 off=2b0 00000000000000000000000000000000
N3GD_BODY id=16 off=2c0 00000000000000000000000000000000
N3GD_BODY id=16 off=2d0 00000000000000000000000000000000
N3GD_BODY id=16 off=2e0 00000000000000000000000000000000
N3GD_BODY id=16 off=2f0 00000000000000000000000000000000
N3GD_BODY id=16 off=300 00000000000000000000000000000000
N3GD_BODY id=16 off=310 00000000000000000000000000000000
N3GD_BODY id=16 off=320 00000000000000000000000000000000
N3GD_BODY id=16 off=330 00000000000000000000000000000000
N3GD_BODY id=16 off=340 00000000000000000000000000000000
N3GD_BODY id=16 off=350 00000000000000000000000000000000
N3GD_BODY id=16 off=360 00000000000000000000000000000000
N3GD_BODY id=16 off=370 00000000000000000000000000000000
N3GD_BODY id=16 off=380 00000000000000000000000000000000
N3GD_BODY id=16 off=390 00000000000000000000000000000000
N3GD_BODY id=16 off=3a0 00000000000000000000000000000000
N3GD_BODY id=16 off=3b0 00000000000000000000000000000000
N3GD_BODY id=16 off=3c0 00000000000000000000000000000000
N3GD_BODY id=16 off=3d0 00000000000000000000000000000000
N3GD_BODY id=16 off=3e0 00000000000000000000000000000000
N3GD_BODY id=16 off=3f0 00000000000000000000000000000000
N3GD_BODY id=16 off=400 00000000000000000000000000000000
N3GD_BODY id=16 off=410 00000000000000000000000000000000
N3GD_BODY id=16 off=420 00000000000000000000000000000000
N3GD_BODY id=16 off=430 00000000000000000000000000000000
N3GD_BODY id=16 off=440 00000000000000000000000000000000
N3GD_BODY id=16 off=450 00000000000000000000000000000000
N3GD_BODY id=16 off=460 00000000000000000000000000000000
N3GD_BODY id=16 off=470 00000000000000000000000000000000
N3GD_BODY id=16 off=480 00000000000000000000000000000000
N3GD_BODY id=16 off=490 00000000000000000000000000000000
N3GD_BODY id=16 off=4a0 00000000000000000000000000000000
N3GD_BODY id=16 off=4b0 00000000000000000000000000000000
N3GD_BODY id=16 off=4c0 00000000000000000000000000000000
N3GD_BODY id=16 off=4d0 00000000000000000000000000000000
N3GD_BODY id=16 off=4e0 00000000000000000000000000000000
N3GD_BODY id=16 off=4f0 00000000000000000000000000000000
N3GD_BODY id=16 off=500 00000000000000000000000000000000
N3GD_BODY id=16 off=510 00000000000000000000000000000000
N3GD_BODY id=16 off=520 00000000000000000000000000000000
N3GD_BODY id=16 off=530 00000000000000000000000000000000
N3GD_BODY id=16 off=540 00000000000000000000000000000000
N3GD_BODY id=16 off=550 00000000000000000000000000000000
N3GD_BODY id=16 off=560 00000000000000000000000000000000
N3GD_BODY id=16 off=570 00000000000000000000000000000000
N3GD_BODY id=16 off=580 00000000000000000000000000000000
N3GD_BODY id=16 off=590 00000000000000000000000000000000
N3GD_BODY id=16 off=5a0 00000000000000000000000000000000
N3GD_BODY id=16 off=5b0 00000000000000000000000000000000
N3GD_BODY id=16 off=5c0 00000000000000000000000000000000
N3GD_BODY id=16 off=5d0 00000000000000000000000000000000
N3GD_BODY id=16 off=5e0 00000000000000000000000000000000
N3GD_BODY id=16 off=5f0 00000000000000000000000000000000
N3GD_BODY id=16 off=600 00000000000000000000000000000000
N3GD_BODY id=16 off=610 00000000000000000000000000000000
N3GD_BODY id=16 off=620 00000000000000000000000000000000
N3GD_BODY id=16 off=630 00000000000000000000000000000000
N3GD_BODY id=16 off=640 00000000000000000000000000000000
N3GD_BODY id=16 off=650 00000000000000000000000000000000
N3GD_BODY id=16 off=660 00000000000000000000000000000000
N3GD_BODY id=16 off=670 00000000000000000000000000000000
N3GD_BODY id=16 off=680 00000000000000000000000000000000
N3GD_BODY id=16 off=690 00000000000000000000000000000000
N3GD_BODY id=16 off=6a0 00000000000000000000000000000000
N3GD_BODY id=16 off=6b0 00000000000000000000000000000000
N3GD_BODY id=16 off=6c0 00000000000000000000000000000000
N3GD_BODY id=16 off=6d0 00000000000000000000000000000000
N3GD_BODY id=16 off=6e0 00000000000000000000000000000000
N3GD_BODY id=16 off=6f0 00000000000000000000000000000000
N3GD_BODY id=16 off=700 00000000000000000000000000000000
N3GD_BODY id=16 off=710 00000000000000000000000000000000
N3GD_BODY id=16 off=720 00000000000000000000000000000000
N3GD_BODY id=16 off=730 00000000000000000000000000000000
N3GD_BODY id=16 off=740 00000000000000000000000000000000
N3GD_BODY id=16 off=750 00000000000000000000000000000000
N3GD_BODY id=16 off=760 00000000000000000000000000000000
N3GD_BODY id=16 off=770 00000000000000000000000000000000
N3GD_BODY id=16 off=780 00000000000000000000000000000000
N3GD_BODY id=16 off=790 00000000000000000000000000000000
N3GD_BODY id=16 off=7a0 00000000000000000000000000000000
N3GD_BODY id=16 off=7b0 00000000000000000000000000000000
N3GD_BODY id=16 off=7c0 00000000000000000000000000000000
N3GD_BODY id=16 off=7d0 00000000000000000000000000000000
N3GD_BODY id=16 off=7e0 00000000000000000000000000000000
N3GD_BODY id=16 off=7f0 00000000000000000000000000000000
N3GD_OOB id=16 off=000 000000000000000000000000e5ab0678
N3GD_OOB id=16 off=010 0a52efac2207c7a2053adbc8606282c5
N3GD_OOB id=16 off=020 374bcde4a25178a6eb7e94b8b7fa1e2e
N3GD_OOB id=16 off=030 eddbaafff14d9b9ea7ce563d3b3c79fe
N3GD_END id=16
N3GD_BEGIN id=17 kind=cand j=-1 v=0101 po=252 sl=4294967295 l0=FFFFFFFF host=0000A07E tgt=000140FC bank=0 pb=682 pp=63 phy=87359 shift=4294967295 t=40 ix=CCE2 u=000EFDF8 l=000EFDF8
N3GD_BODY id=17 off=000 8583656253535353646d827f8364656d
N3GD_BODY id=17 off=010 64574f93d15c6d857f6d6f6d82855cae
N3GD_BODY id=17 off=020 aa6da27fd89d88d2d0d29b6d32231501
N3GD_BODY id=17 off=030 05050505050505050505050505050505
N3GD_BODY id=17 off=040 0505050505050504c0eda64f6d6d829b
N3GD_BODY id=17 off=050 e889a7ed99b0e8bebf9b0c0505050505
N3GD_BODY id=17 off=060 05050505050505050505050505050505
N3GD_BODY id=17 off=070 aede948dd09294d7d3b0fdf4bc9a8582
N3GD_BODY id=17 off=080 65625362656f837f8585858585856554
N3GD_BODY id=17 off=090 656da0d8534f4a839a8582827f655fdf
N3GD_BODY id=17 off=0a0 5f829a82d1a69da95bd6d49288828263
N3GD_BODY id=17 off=0b0 2107050505050505063c3c0505050505
N3GD_BODY id=17 off=0c0 0505050505050519fde5654ebebe656d
N3GD_BODY id=17 off=0d0 b0a28fe3bcbcbea2e524050505050505
N3GD_BODY id=17 off=0e0 05050505050505050505050505050505
N3GD_BODY id=17 off=0f0 d874d3d475d6d7742eedfdce99857f6d
N3GD_BODY id=17 off=100 838285858686868585858585859a9a82
N3GD_BODY id=17 off=110 4a72de8f999a654a6286867f8257df93
N3GD_BODY id=17 off=120 5a82826fda9da09d6575d877d494d4ae
N3GD_BODY id=17 off=130 8d6b170e0a0a0e25b5a22b0505050505
N3GD_BODY id=17 off=140 0505050505050520fea6534f64e3a666
N3GD_BODY id=17 off=150 7f8f8fc2beb085bfed1b050505050505
N3GD_BODY id=17 off=160 05050505050505050505050505050505
N3GD_BODY id=17 off=170 7ad492d1d7d4230234fef5a77f7f8585
N3GD_BODY id=17 off=180 9a9a9a9a868585857f85857f9a9a9a99
N3GD_BODY id=17 off=190 7fd28c839999a299826f869964aaad59
N3GD_BODY id=17 off=1a0 6d7f7f6fda8eaa897f6ed8936493d493
N3GD_BODY id=17 off=1b0 9da0a08d95953e371c07050505050505
N3GD_BODY id=17 off=1c0 0505050505050508bcb06f996282bf89
N3GD_BODY id=17 off=1d0 6d82b0bca76da2efc21a050505050505
N3GD_BODY id=17 off=1e0 05050505050505050505050505050505
N3GD_BODY id=17 off=1f0 92d4d7d03808050f89fde586827f869a
N3GD_BODY id=17 off=200 9a9a86868585857f858364859a9a9a9a
N3GD_BODY id=17 off=210 86994b65a2869a9999999a7fa9df595a
N3GD_BODY id=17 off=220 82827f6fd888ad859a9a90ea8d6e8fd4
N3GD_BODY id=17 off=230 aa999963010505050505050505050505
N3GD_BODY id=17 off=240 050505050505050541efe8e59982b0b0
N3GD_BODY id=17 off=250 7f62a2bc6f83bfbfc20b050505050505
N3GD_BODY id=17 off=260 05050505050505050505050505050505
N3GD_BODY id=17 off=270 ebd63f0d05050130bffeb2828285869a
N3GD_BODY id=17 off=280 9a9a8685857f857f644d6d9a9a9a9a9a
N3GD_BODY id=17 off=290 867b6f6485656582859a9a89de8c597f
N3GD_BODY id=17 off=2a0 8582826dd88cad9a9b8651dbd1d48c86
N3GD_BODY id=17 off=2b0 94ae9999120505050505050505050505
N3GD_BODY id=17 off=2c0 050505050505050537f6f6e39b7fb0b0
N3GD_BODY id=17 off=2d0 9b83659ba6bcbcbced26050505050505
N3GD_BODY id=17 off=2e0 05050505050505050505050505050505
N3GD_BODY id=17 off=2f0 4212040714314c4fede89a6d8285869a
N3GD_BODY id=17 off=300 9a85858585856f4a4e4b9a9a9a9a9a99
N3GD_BODY id=17 off=310 86967f655454535d657f83dbd45b6d9a
N3GD_BODY id=17 off=320 86858689d193a98382645daaad75d08d
N3GD_BODY id=17 off=330 6e93d29b550405050505050505050505
N3GD_BODY id=17 off=340 050505050505050517eff4b09b65b0a7
N3GD_BODY id=17 off=350 99a68589bcbebebeefbd0c0505050505
N3GD_BODY id=17 off=360 05050505050505050505050505050505
N3GD_BODY id=17 off=370 010d305976929264efb2826f83858686
N3GD_BODY id=17 off=380 8585857f65514e4e4e65999a9a9a9a9a
N3GD_BODY id=17 off=390 99967f9a6257546f9665d2d18d629a9a
N3GD_BODY id=17 off=3a0 867f7f9094aa9b998685826edb6276d0
N3GD_BODY id=17 off=3b0 d47475d28c240b000505050505050505
N3GD_BODY id=17 off=3c0 050505050505050507befebfc299b0a6
N3GD_BODY id=17 off=3d0 a6beb0809bbcbcbfe3ac290505050505
N3GD_BODY id=17 off=3e0 05050505050505050505050505050505
N3GD_BODY id=17 off=3f0 95d4d0d0942a326dbf9a6f656d7f8585
N3GD_BODY id=17 off=400 8585654a4e4e4e4e4b9a9a9a9a9a8354
N3GD_BODY id=17 off=410 997b4d83a17f5165cdbea08d8c686262
N3GD_BODY id=17 off=420 64646493d4d18286999a7f6fd89d576d
N3GD_BODY id=17 off=430 8cd0bdbf9daab0a13c04050505050505
N3GD_BODY id=17 off=440 05050505050505050470f6fee3c2bea7
N3GD_BODY id=17 off=450 a7bce1ac8080a29b6fa8250505050505
N3GD_BODY id=17 off=460 05050505050505050505050505050505
N3GD_BODY id=17 off=470 422513090209387fb07f64646f7f8585
N3GD_BODY id=17 off=480 83544e4e4e4e4e4e6f999a9a9a82514d
N3GD_BODY id=17 off=490 535d4e4e539aa26d67ae8cd4726d6565
N3GD_BODY id=17 off=4a0 6f8286a0d0ad9999a2a2998690d86464
N3GD_BODY id=17 off=4b0 53589ac3f0bf9375a02a0a0505050505
N3GD_BODY id=17 off=4c0 05050505050505050536a7f4edbeb0a7
N3GD_BODY id=17 off=4d0 bdece9e1ac8e90a9adbd0c0505050505
N3GD_BODY id=17 off=4e0 05050505050505050505050505050505
N3GD_BODY id=17 off=4f0 0505050e3eae509ba66f62646f7f8253
N3GD_BODY id=17 off=500 4e4e4e4e4e4e4e4a9a9a9a9a7f574b51
N3GD_BODY id=17 off=510 53535464544d54999baea0d1827f99b6
N3GD_BODY id=17 off=520 c2c2b6a0db72576c6a65998582d89d6d
N3GD_BODY id=17 off=530 829aa26f83c2c1826c889d401b040505
N3GD_BODY id=17 off=540 0505050505050505050aac9bbfb0addc
N3GD_BODY id=17 off=550 e1e1dc9d888e6e9ba930050505050505
N3GD_BODY id=17 off=560 05050505050505050505050505050505
N3GD_BODY id=17 off=570 0219aba03f154fa69b6453626f83544e
N3GD_BODY id=17 off=580 4e4e4e4e4e4e4f7f999a9a85544d5465
N3GD_BODY id=17 off=590 7f9a999a7f6f544e58d494d8bca29a85
N3GD_BODY id=17 off=5a0 6f645692d857808c9372bce8c2add6a6
N3GD_BODY id=17 off=5b0 8958575856566f6f6454515890401909
N3GD_BODY id=17 off=5c0 0505050505050505050525ecdcdce1dc
N3GD_BODY id=17 off=5d0 ac90726e6c5e72896f01050505050505
N3GD_BODY id=17 off=5e0 05050505050505050505050505050505
N3GD_BODY id=17 off=5f0 aeae250705084aa69a6253626f624e4e
N3GD_BODY id=17 off=600 4e4e4e4e4e4e6d999a9a7f6f6f9ab2b6
N3GD_BODY id=17 off=610 b6b2a299856d655458d4d48c4b4f4f6a
N3GD_BODY id=17 off=620 9daca9d4ae6cede0d4de8ef6efe3d1d0
N3GD_BODY id=17 off=630 c2c2a280768890908876727255249abc
N3GD_BODY id=17 off=640 0e05050505050505050507a9e1bdaca9
N3GD_BODY id=17 off=650 8880726e6e6e90692326040505050505
N3GD_BODY id=17 off=660 05050505050505050505050505050505
N3GD_BODY id=17 off=670 0b040505050d57a286535362544e4e4e
N3GD_BODY id=17 off=680 4e4e4e4e4e6f999a7f7f99b2bcbcb6b2
N3GD_BODY id=17 off=690 a199867f826d6d6f6e92d476575076ad
N3GD_BODY id=17 off=6a0 bddca8d4889bfdfedffbd8a7f5edefd1
N3GD_BODY id=17 off=6b0 d4bce5e8b088a9e0e2dcadadad913269
N3GD_BODY id=17 off=6c0 a11a0505050505050505051ee1eca8a9
N3GD_BODY id=17 off=6d0 8e80726e72906e1f0517330005050505
N3GD_BODY id=17 off=6e0 05050505050505050505050505050505
N3GD_BODY id=17 off=6f0 05050505072151a2855353514e4e4e4e
N3GD_BODY id=17 off=700 4e4e4e4d82997f8399b2bebcb6b2a1a2
N3GD_BODY id=17 off=710 9986857f826d6d6d6f8ca0725175adad
N3GD_BODY id=17 off=720 bddcaad457befefdf5dffcaceffef4ed
N3GD_BODY id=17 off=730 a7c1a1b0efe59ba8dce0bdacacad8824
N3GD_BODY id=17 off=740 291105050505050505050781b0ecdca9
N3GD_BODY id=17 off=750 8e8072808e6e6e37050516390a050505
N3GD_BODY id=17 off=760 05050505050505050505050505050505
N3GD_BODY id=17 off=770 05011637a7654ba28553514e4e4e4e4e
N3GD_BODY id=17 off=780 4e4e4d7f998286bcc2c1bcb6a1999a9a
N3GD_BODY id=17 off=790 9a8686857f8282826d9986518eadadad
N3GD_BODY id=17 off=7a0 bddcd4946ce3c2f5fdedf2fca7fdf4f4
N3GD_BODY id=17 off=7b0 edb6ceb2b0efe8a2a6addcbdadaa8e72
N3GD_BODY id=17 off=7c0 1a0505050505050505051dacefb0ada8
N3GD_BODY id=17 off=7d0 8e8880809b6f729d04050516690a0505
N3GD_BODY id=17 off=7e0 05050505050505050505050505050505
N3GD_BODY id=17 off=7f0 3cc0e5e3e8644da2834d4e4e4e4e4e4e
N3GD_OOB id=17 off=000 f8fd0e00e2cc0000ff40ffffe5ab0678
N3GD_OOB id=17 off=010 0a52efac2207c7a2053adbc8606282c5
N3GD_OOB id=17 off=020 374bcde4a25178a6eb7e94b8b7fa1e2e
N3GD_OOB id=17 off=030 eddbaafff14d9b9ea7ce563d3b3c79fe
N3GD_END id=17
N3GD_BEGIN id=18 kind=cand j=-1 v=0101 po=253 sl=4294967295 l0=FFFFFFFF host=0000A07E tgt=000140FC bank=1 pb=682 pp=63 phy=87359 shift=4294967295 t=00 ix=0000 u=00000000 l=00000000
N3GD_BODY id=18 off=000 00000000000000000000000000000000
N3GD_BODY id=18 off=010 00000000000000000000000000000000
N3GD_BODY id=18 off=020 00000000000000000000000000000000
N3GD_BODY id=18 off=030 00000000000000000000000000000000
N3GD_BODY id=18 off=040 00000000000000000000000000000000
N3GD_BODY id=18 off=050 00000000000000000000000000000000
N3GD_BODY id=18 off=060 00000000000000000000000000000000
N3GD_BODY id=18 off=070 00000000000000000000000000000000
N3GD_BODY id=18 off=080 00000000000000000000000000000000
N3GD_BODY id=18 off=090 00000000000000000000000000000000
N3GD_BODY id=18 off=0a0 00000000000000000000000000000000
N3GD_BODY id=18 off=0b0 00000000000000000000000000000000
N3GD_BODY id=18 off=0c0 00000000000000000000000000000000
N3GD_BODY id=18 off=0d0 00000000000000000000000000000000
N3GD_BODY id=18 off=0e0 00000000000000000000000000000000
N3GD_BODY id=18 off=0f0 00000000000000000000000000000000
N3GD_BODY id=18 off=100 00000000000000000000000000000000
N3GD_BODY id=18 off=110 00000000000000000000000000000000
N3GD_BODY id=18 off=120 00000000000000000000000000000000
N3GD_BODY id=18 off=130 00000000000000000000000000000000
N3GD_BODY id=18 off=140 00000000000000000000000000000000
N3GD_BODY id=18 off=150 00000000000000000000000000000000
N3GD_BODY id=18 off=160 00000000000000000000000000000000
N3GD_BODY id=18 off=170 00000000000000000000000000000000
N3GD_BODY id=18 off=180 00000000000000000000000000000000
N3GD_BODY id=18 off=190 00000000000000000000000000000000
N3GD_BODY id=18 off=1a0 00000000000000000000000000000000
N3GD_BODY id=18 off=1b0 00000000000000000000000000000000
N3GD_BODY id=18 off=1c0 00000000000000000000000000000000
N3GD_BODY id=18 off=1d0 00000000000000000000000000000000
N3GD_BODY id=18 off=1e0 00000000000000000000000000000000
N3GD_BODY id=18 off=1f0 00000000000000000000000000000000
N3GD_BODY id=18 off=200 00000000000000000000000000000000
N3GD_BODY id=18 off=210 00000000000000000000000000000000
N3GD_BODY id=18 off=220 00000000000000000000000000000000
N3GD_BODY id=18 off=230 00000000000000000000000000000000
N3GD_BODY id=18 off=240 00000000000000000000000000000000
N3GD_BODY id=18 off=250 00000000000000000000000000000000
N3GD_BODY id=18 off=260 00000000000000000000000000000000
N3GD_BODY id=18 off=270 00000000000000000000000000000000
N3GD_BODY id=18 off=280 00000000000000000000000000000000
N3GD_BODY id=18 off=290 00000000000000000000000000000000
N3GD_BODY id=18 off=2a0 00000000000000000000000000000000
N3GD_BODY id=18 off=2b0 00000000000000000000000000000000
N3GD_BODY id=18 off=2c0 00000000000000000000000000000000
N3GD_BODY id=18 off=2d0 00000000000000000000000000000000
N3GD_BODY id=18 off=2e0 00000000000000000000000000000000
N3GD_BODY id=18 off=2f0 00000000000000000000000000000000
N3GD_BODY id=18 off=300 00000000000000000000000000000000
N3GD_BODY id=18 off=310 00000000000000000000000000000000
N3GD_BODY id=18 off=320 00000000000000000000000000000000
N3GD_BODY id=18 off=330 00000000000000000000000000000000
N3GD_BODY id=18 off=340 00000000000000000000000000000000
N3GD_BODY id=18 off=350 00000000000000000000000000000000
N3GD_BODY id=18 off=360 00000000000000000000000000000000
N3GD_BODY id=18 off=370 00000000000000000000000000000000
N3GD_BODY id=18 off=380 00000000000000000000000000000000
N3GD_BODY id=18 off=390 00000000000000000000000000000000
N3GD_BODY id=18 off=3a0 00000000000000000000000000000000
N3GD_BODY id=18 off=3b0 00000000000000000000000000000000
N3GD_BODY id=18 off=3c0 00000000000000000000000000000000
N3GD_BODY id=18 off=3d0 00000000000000000000000000000000
N3GD_BODY id=18 off=3e0 00000000000000000000000000000000
N3GD_BODY id=18 off=3f0 00000000000000000000000000000000
N3GD_BODY id=18 off=400 00000000000000000000000000000000
N3GD_BODY id=18 off=410 00000000000000000000000000000000
N3GD_BODY id=18 off=420 00000000000000000000000000000000
N3GD_BODY id=18 off=430 00000000000000000000000000000000
N3GD_BODY id=18 off=440 00000000000000000000000000000000
N3GD_BODY id=18 off=450 00000000000000000000000000000000
N3GD_BODY id=18 off=460 00000000000000000000000000000000
N3GD_BODY id=18 off=470 00000000000000000000000000000000
N3GD_BODY id=18 off=480 00000000000000000000000000000000
N3GD_BODY id=18 off=490 00000000000000000000000000000000
N3GD_BODY id=18 off=4a0 00000000000000000000000000000000
N3GD_BODY id=18 off=4b0 00000000000000000000000000000000
N3GD_BODY id=18 off=4c0 00000000000000000000000000000000
N3GD_BODY id=18 off=4d0 00000000000000000000000000000000
N3GD_BODY id=18 off=4e0 00000000000000000000000000000000
N3GD_BODY id=18 off=4f0 00000000000000000000000000000000
N3GD_BODY id=18 off=500 00000000000000000000000000000000
N3GD_BODY id=18 off=510 00000000000000000000000000000000
N3GD_BODY id=18 off=520 00000000000000000000000000000000
N3GD_BODY id=18 off=530 00000000000000000000000000000000
N3GD_BODY id=18 off=540 00000000000000000000000000000000
N3GD_BODY id=18 off=550 00000000000000000000000000000000
N3GD_BODY id=18 off=560 00000000000000000000000000000000
N3GD_BODY id=18 off=570 00000000000000000000000000000000
N3GD_BODY id=18 off=580 00000000000000000000000000000000
N3GD_BODY id=18 off=590 00000000000000000000000000000000
N3GD_BODY id=18 off=5a0 00000000000000000000000000000000
N3GD_BODY id=18 off=5b0 00000000000000000000000000000000
N3GD_BODY id=18 off=5c0 00000000000000000000000000000000
N3GD_BODY id=18 off=5d0 00000000000000000000000000000000
N3GD_BODY id=18 off=5e0 00000000000000000000000000000000
N3GD_BODY id=18 off=5f0 00000000000000000000000000000000
N3GD_BODY id=18 off=600 00000000000000000000000000000000
N3GD_BODY id=18 off=610 00000000000000000000000000000000
N3GD_BODY id=18 off=620 00000000000000000000000000000000
N3GD_BODY id=18 off=630 00000000000000000000000000000000
N3GD_BODY id=18 off=640 00000000000000000000000000000000
N3GD_BODY id=18 off=650 00000000000000000000000000000000
N3GD_BODY id=18 off=660 00000000000000000000000000000000
N3GD_BODY id=18 off=670 00000000000000000000000000000000
N3GD_BODY id=18 off=680 00000000000000000000000000000000
N3GD_BODY id=18 off=690 00000000000000000000000000000000
N3GD_BODY id=18 off=6a0 00000000000000000000000000000000
N3GD_BODY id=18 off=6b0 00000000000000000000000000000000
N3GD_BODY id=18 off=6c0 00000000000000000000000000000000
N3GD_BODY id=18 off=6d0 00000000000000000000000000000000
N3GD_BODY id=18 off=6e0 00000000000000000000000000000000
N3GD_BODY id=18 off=6f0 00000000000000000000000000000000
N3GD_BODY id=18 off=700 00000000000000000000000000000000
N3GD_BODY id=18 off=710 00000000000000000000000000000000
N3GD_BODY id=18 off=720 00000000000000000000000000000000
N3GD_BODY id=18 off=730 00000000000000000000000000000000
N3GD_BODY id=18 off=740 00000000000000000000000000000000
N3GD_BODY id=18 off=750 00000000000000000000000000000000
N3GD_BODY id=18 off=760 00000000000000000000000000000000
N3GD_BODY id=18 off=770 00000000000000000000000000000000
N3GD_BODY id=18 off=780 00000000000000000000000000000000
N3GD_BODY id=18 off=790 00000000000000000000000000000000
N3GD_BODY id=18 off=7a0 00000000000000000000000000000000
N3GD_BODY id=18 off=7b0 00000000000000000000000000000000
N3GD_BODY id=18 off=7c0 00000000000000000000000000000000
N3GD_BODY id=18 off=7d0 00000000000000000000000000000000
N3GD_BODY id=18 off=7e0 00000000000000000000000000000000
N3GD_BODY id=18 off=7f0 00000000000000000000000000000000
N3GD_OOB id=18 off=000 000000000000000000000000e5ab0678
N3GD_OOB id=18 off=010 0a52efac2207c7a2053adbc8606282c5
N3GD_OOB id=18 off=020 374bcde4a25178a6eb7e94b8b7fa1e2e
N3GD_OOB id=18 off=030 eddbaafff14d9b9ea7ce563d3b3c79fe
N3GD_END id=18
N3GD_BEGIN id=19 kind=cand j=-1 v=0101 po=254 sl=4294967295 l0=FFFFFFFF host=0000A07E tgt=000140FC bank=2 pb=682 pp=63 phy=87359 shift=4294967295 t=00 ix=0000 u=00000000 l=00000000
N3GD_BODY id=19 off=000 00000000000000000000000000000000
N3GD_BODY id=19 off=010 00000000000000000000000000000000
N3GD_BODY id=19 off=020 00000000000000000000000000000000
N3GD_BODY id=19 off=030 00000000000000000000000000000000
N3GD_BODY id=19 off=040 00000000000000000000000000000000
N3GD_BODY id=19 off=050 00000000000000000000000000000000
N3GD_BODY id=19 off=060 00000000000000000000000000000000
N3GD_BODY id=19 off=070 00000000000000000000000000000000
N3GD_BODY id=19 off=080 00000000000000000000000000000000
N3GD_BODY id=19 off=090 00000000000000000000000000000000
N3GD_BODY id=19 off=0a0 00000000000000000000000000000000
N3GD_BODY id=19 off=0b0 00000000000000000000000000000000
N3GD_BODY id=19 off=0c0 00000000000000000000000000000000
N3GD_BODY id=19 off=0d0 00000000000000000000000000000000
N3GD_BODY id=19 off=0e0 00000000000000000000000000000000
N3GD_BODY id=19 off=0f0 00000000000000000000000000000000
N3GD_BODY id=19 off=100 00000000000000000000000000000000
N3GD_BODY id=19 off=110 00000000000000000000000000000000
N3GD_BODY id=19 off=120 00000000000000000000000000000000
N3GD_BODY id=19 off=130 00000000000000000000000000000000
N3GD_BODY id=19 off=140 00000000000000000000000000000000
N3GD_BODY id=19 off=150 00000000000000000000000000000000
N3GD_BODY id=19 off=160 00000000000000000000000000000000
N3GD_BODY id=19 off=170 00000000000000000000000000000000
N3GD_BODY id=19 off=180 00000000000000000000000000000000
N3GD_BODY id=19 off=190 00000000000000000000000000000000
N3GD_BODY id=19 off=1a0 00000000000000000000000000000000
N3GD_BODY id=19 off=1b0 00000000000000000000000000000000
N3GD_BODY id=19 off=1c0 00000000000000000000000000000000
N3GD_BODY id=19 off=1d0 00000000000000000000000000000000
N3GD_BODY id=19 off=1e0 00000000000000000000000000000000
N3GD_BODY id=19 off=1f0 00000000000000000000000000000000
N3GD_BODY id=19 off=200 00000000000000000000000000000000
N3GD_BODY id=19 off=210 00000000000000000000000000000000
N3GD_BODY id=19 off=220 00000000000000000000000000000000
N3GD_BODY id=19 off=230 00000000000000000000000000000000
N3GD_BODY id=19 off=240 00000000000000000000000000000000
N3GD_BODY id=19 off=250 00000000000000000000000000000000
N3GD_BODY id=19 off=260 00000000000000000000000000000000
N3GD_BODY id=19 off=270 00000000000000000000000000000000
N3GD_BODY id=19 off=280 00000000000000000000000000000000
N3GD_BODY id=19 off=290 00000000000000000000000000000000
N3GD_BODY id=19 off=2a0 00000000000000000000000000000000
N3GD_BODY id=19 off=2b0 00000000000000000000000000000000
N3GD_BODY id=19 off=2c0 00000000000000000000000000000000
N3GD_BODY id=19 off=2d0 00000000000000000000000000000000
N3GD_BODY id=19 off=2e0 00000000000000000000000000000000
N3GD_BODY id=19 off=2f0 00000000000000000000000000000000
N3GD_BODY id=19 off=300 00000000000000000000000000000000
N3GD_BODY id=19 off=310 00000000000000000000000000000000
N3GD_BODY id=19 off=320 00000000000000000000000000000000
N3GD_BODY id=19 off=330 00000000000000000000000000000000
N3GD_BODY id=19 off=340 00000000000000000000000000000000
N3GD_BODY id=19 off=350 00000000000000000000000000000000
N3GD_BODY id=19 off=360 00000000000000000000000000000000
N3GD_BODY id=19 off=370 00000000000000000000000000000000
N3GD_BODY id=19 off=380 00000000000000000000000000000000
N3GD_BODY id=19 off=390 00000000000000000000000000000000
N3GD_BODY id=19 off=3a0 00000000000000000000000000000000
N3GD_BODY id=19 off=3b0 00000000000000000000000000000000
N3GD_BODY id=19 off=3c0 00000000000000000000000000000000
N3GD_BODY id=19 off=3d0 00000000000000000000000000000000
N3GD_BODY id=19 off=3e0 00000000000000000000000000000000
N3GD_BODY id=19 off=3f0 00000000000000000000000000000000
N3GD_BODY id=19 off=400 00000000000000000000000000000000
N3GD_BODY id=19 off=410 00000000000000000000000000000000
N3GD_BODY id=19 off=420 00000000000000000000000000000000
N3GD_BODY id=19 off=430 00000000000000000000000000000000
N3GD_BODY id=19 off=440 00000000000000000000000000000000
N3GD_BODY id=19 off=450 00000000000000000000000000000000
N3GD_BODY id=19 off=460 00000000000000000000000000000000
N3GD_BODY id=19 off=470 00000000000000000000000000000000
N3GD_BODY id=19 off=480 00000000000000000000000000000000
N3GD_BODY id=19 off=490 00000000000000000000000000000000
N3GD_BODY id=19 off=4a0 00000000000000000000000000000000
N3GD_BODY id=19 off=4b0 00000000000000000000000000000000
N3GD_BODY id=19 off=4c0 00000000000000000000000000000000
N3GD_BODY id=19 off=4d0 00000000000000000000000000000000
N3GD_BODY id=19 off=4e0 00000000000000000000000000000000
N3GD_BODY id=19 off=4f0 00000000000000000000000000000000
N3GD_BODY id=19 off=500 00000000000000000000000000000000
N3GD_BODY id=19 off=510 00000000000000000000000000000000
N3GD_BODY id=19 off=520 00000000000000000000000000000000
N3GD_BODY id=19 off=530 00000000000000000000000000000000
N3GD_BODY id=19 off=540 00000000000000000000000000000000
N3GD_BODY id=19 off=550 00000000000000000000000000000000
N3GD_BODY id=19 off=560 00000000000000000000000000000000
N3GD_BODY id=19 off=570 00000000000000000000000000000000
N3GD_BODY id=19 off=580 00000000000000000000000000000000
N3GD_BODY id=19 off=590 00000000000000000000000000000000
N3GD_BODY id=19 off=5a0 00000000000000000000000000000000
N3GD_BODY id=19 off=5b0 00000000000000000000000000000000
N3GD_BODY id=19 off=5c0 00000000000000000000000000000000
N3GD_BODY id=19 off=5d0 00000000000000000000000000000000
N3GD_BODY id=19 off=5e0 00000000000000000000000000000000
N3GD_BODY id=19 off=5f0 00000000000000000000000000000000
N3GD_BODY id=19 off=600 00000000000000000000000000000000
N3GD_BODY id=19 off=610 00000000000000000000000000000000
N3GD_BODY id=19 off=620 00000000000000000000000000000000
N3GD_BODY id=19 off=630 00000000000000000000000000000000
N3GD_BODY id=19 off=640 00000000000000000000000000000000
N3GD_BODY id=19 off=650 00000000000000000000000000000000
N3GD_BODY id=19 off=660 00000000000000000000000000000000
N3GD_BODY id=19 off=670 00000000000000000000000000000000
N3GD_BODY id=19 off=680 00000000000000000000000000000000
N3GD_BODY id=19 off=690 00000000000000000000000000000000
N3GD_BODY id=19 off=6a0 00000000000000000000000000000000
N3GD_BODY id=19 off=6b0 00000000000000000000000000000000
N3GD_BODY id=19 off=6c0 00000000000000000000000000000000
N3GD_BODY id=19 off=6d0 00000000000000000000000000000000
N3GD_BODY id=19 off=6e0 00000000000000000000000000000000
N3GD_BODY id=19 off=6f0 00000000000000000000000000000000
N3GD_BODY id=19 off=700 00000000000000000000000000000000
N3GD_BODY id=19 off=710 00000000000000000000000000000000
N3GD_BODY id=19 off=720 00000000000000000000000000000000
N3GD_BODY id=19 off=730 00000000000000000000000000000000
N3GD_BODY id=19 off=740 00000000000000000000000000000000
N3GD_BODY id=19 off=750 00000000000000000000000000000000
N3GD_BODY id=19 off=760 00000000000000000000000000000000
N3GD_BODY id=19 off=770 00000000000000000000000000000000
N3GD_BODY id=19 off=780 00000000000000000000000000000000
N3GD_BODY id=19 off=790 00000000000000000000000000000000
N3GD_BODY id=19 off=7a0 00000000000000000000000000000000
N3GD_BODY id=19 off=7b0 00000000000000000000000000000000
N3GD_BODY id=19 off=7c0 00000000000000000000000000000000
N3GD_BODY id=19 off=7d0 00000000000000000000000000000000
N3GD_BODY id=19 off=7e0 00000000000000000000000000000000
N3GD_BODY id=19 off=7f0 00000000000000000000000000000000
N3GD_OOB id=19 off=000 000000000000000000000000e5ab0678
N3GD_OOB id=19 off=010 0a52efac2207c7a2053adbc8606282c5
N3GD_OOB id=19 off=020 374bcde4a25178a6eb7e94b8b7fa1e2e
N3GD_OOB id=19 off=030 eddbaafff14d9b9ea7ce563d3b3c79fe
N3GD_END id=19
N3GD_BEGIN id=20 kind=cand j=-1 v=0101 po=255 sl=4294967295 l0=FFFFFFFF host=0000A07E tgt=000140FC bank=3 pb=682 pp=63 phy=87359 shift=4294967295 t=00 ix=0000 u=00000000 l=00000000
N3GD_BODY id=20 off=000 00000000000000000000000000000000
N3GD_BODY id=20 off=010 00000000000000000000000000000000
N3GD_BODY id=20 off=020 00000000000000000000000000000000
N3GD_BODY id=20 off=030 00000000000000000000000000000000
N3GD_BODY id=20 off=040 00000000000000000000000000000000
N3GD_BODY id=20 off=050 00000000000000000000000000000000
N3GD_BODY id=20 off=060 00000000000000000000000000000000
N3GD_BODY id=20 off=070 00000000000000000000000000000000
N3GD_BODY id=20 off=080 00000000000000000000000000000000
N3GD_BODY id=20 off=090 00000000000000000000000000000000
N3GD_BODY id=20 off=0a0 00000000000000000000000000000000
N3GD_BODY id=20 off=0b0 00000000000000000000000000000000
N3GD_BODY id=20 off=0c0 00000000000000000000000000000000
N3GD_BODY id=20 off=0d0 00000000000000000000000000000000
N3GD_BODY id=20 off=0e0 00000000000000000000000000000000
N3GD_BODY id=20 off=0f0 00000000000000000000000000000000
N3GD_BODY id=20 off=100 00000000000000000000000000000000
N3GD_BODY id=20 off=110 00000000000000000000000000000000
N3GD_BODY id=20 off=120 00000000000000000000000000000000
N3GD_BODY id=20 off=130 00000000000000000000000000000000
N3GD_BODY id=20 off=140 00000000000000000000000000000000
N3GD_BODY id=20 off=150 00000000000000000000000000000000
N3GD_BODY id=20 off=160 00000000000000000000000000000000
N3GD_BODY id=20 off=170 00000000000000000000000000000000
N3GD_BODY id=20 off=180 00000000000000000000000000000000
N3GD_BODY id=20 off=190 00000000000000000000000000000000
N3GD_BODY id=20 off=1a0 00000000000000000000000000000000
N3GD_BODY id=20 off=1b0 00000000000000000000000000000000
N3GD_BODY id=20 off=1c0 00000000000000000000000000000000
N3GD_BODY id=20 off=1d0 00000000000000000000000000000000
N3GD_BODY id=20 off=1e0 00000000000000000000000000000000
N3GD_BODY id=20 off=1f0 00000000000000000000000000000000
N3GD_BODY id=20 off=200 00000000000000000000000000000000
N3GD_BODY id=20 off=210 00000000000000000000000000000000
N3GD_BODY id=20 off=220 00000000000000000000000000000000
N3GD_BODY id=20 off=230 00000000000000000000000000000000
N3GD_BODY id=20 off=240 00000000000000000000000000000000
N3GD_BODY id=20 off=250 00000000000000000000000000000000
N3GD_BODY id=20 off=260 00000000000000000000000000000000
N3GD_BODY id=20 off=270 00000000000000000000000000000000
N3GD_BODY id=20 off=280 00000000000000000000000000000000
N3GD_BODY id=20 off=290 00000000000000000000000000000000
N3GD_BODY id=20 off=2a0 00000000000000000000000000000000
N3GD_BODY id=20 off=2b0 00000000000000000000000000000000
N3GD_BODY id=20 off=2c0 00000000000000000000000000000000
N3GD_BODY id=20 off=2d0 00000000000000000000000000000000
N3GD_BODY id=20 off=2e0 00000000000000000000000000000000
N3GD_BODY id=20 off=2f0 00000000000000000000000000000000
N3GD_BODY id=20 off=300 00000000000000000000000000000000
N3GD_BODY id=20 off=310 00000000000000000000000000000000
N3GD_BODY id=20 off=320 00000000000000000000000000000000
N3GD_BODY id=20 off=330 00000000000000000000000000000000
N3GD_BODY id=20 off=340 00000000000000000000000000000000
N3GD_BODY id=20 off=350 00000000000000000000000000000000
N3GD_BODY id=20 off=360 00000000000000000000000000000000
N3GD_BODY id=20 off=370 00000000000000000000000000000000
N3GD_BODY id=20 off=380 00000000000000000000000000000000
N3GD_BODY id=20 off=390 00000000000000000000000000000000
N3GD_BODY id=20 off=3a0 00000000000000000000000000000000
N3GD_BODY id=20 off=3b0 00000000000000000000000000000000
N3GD_BODY id=20 off=3c0 00000000000000000000000000000000
N3GD_BODY id=20 off=3d0 00000000000000000000000000000000
N3GD_BODY id=20 off=3e0 00000000000000000000000000000000
N3GD_BODY id=20 off=3f0 00000000000000000000000000000000
N3GD_BODY id=20 off=400 00000000000000000000000000000000
N3GD_BODY id=20 off=410 00000000000000000000000000000000
N3GD_BODY id=20 off=420 00000000000000000000000000000000
N3GD_BODY id=20 off=430 00000000000000000000000000000000
N3GD_BODY id=20 off=440 00000000000000000000000000000000
N3GD_BODY id=20 off=450 00000000000000000000000000000000
N3GD_BODY id=20 off=460 00000000000000000000000000000000
N3GD_BODY id=20 off=470 00000000000000000000000000000000
N3GD_BODY id=20 off=480 00000000000000000000000000000000
N3GD_BODY id=20 off=490 00000000000000000000000000000000
N3GD_BODY id=20 off=4a0 00000000000000000000000000000000
N3GD_BODY id=20 off=4b0 00000000000000000000000000000000
N3GD_BODY id=20 off=4c0 00000000000000000000000000000000
N3GD_BODY id=20 off=4d0 00000000000000000000000000000000
N3GD_BODY id=20 off=4e0 00000000000000000000000000000000
N3GD_BODY id=20 off=4f0 00000000000000000000000000000000
N3GD_BODY id=20 off=500 00000000000000000000000000000000
N3GD_BODY id=20 off=510 00000000000000000000000000000000
N3GD_BODY id=20 off=520 00000000000000000000000000000000
N3GD_BODY id=20 off=530 00000000000000000000000000000000
N3GD_BODY id=20 off=540 00000000000000000000000000000000
N3GD_BODY id=20 off=550 00000000000000000000000000000000
N3GD_BODY id=20 off=560 00000000000000000000000000000000
N3GD_BODY id=20 off=570 00000000000000000000000000000000
N3GD_BODY id=20 off=580 00000000000000000000000000000000
N3GD_BODY id=20 off=590 00000000000000000000000000000000
N3GD_BODY id=20 off=5a0 00000000000000000000000000000000
N3GD_BODY id=20 off=5b0 00000000000000000000000000000000
N3GD_BODY id=20 off=5c0 00000000000000000000000000000000
N3GD_BODY id=20 off=5d0 00000000000000000000000000000000
N3GD_BODY id=20 off=5e0 00000000000000000000000000000000
N3GD_BODY id=20 off=5f0 00000000000000000000000000000000
N3GD_BODY id=20 off=600 00000000000000000000000000000000
N3GD_BODY id=20 off=610 00000000000000000000000000000000
N3GD_BODY id=20 off=620 00000000000000000000000000000000
N3GD_BODY id=20 off=630 00000000000000000000000000000000
N3GD_BODY id=20 off=640 00000000000000000000000000000000
N3GD_BODY id=20 off=650 00000000000000000000000000000000
N3GD_BODY id=20 off=660 00000000000000000000000000000000
N3GD_BODY id=20 off=670 00000000000000000000000000000000
N3GD_BODY id=20 off=680 00000000000000000000000000000000
N3GD_BODY id=20 off=690 00000000000000000000000000000000
N3GD_BODY id=20 off=6a0 00000000000000000000000000000000
N3GD_BODY id=20 off=6b0 00000000000000000000000000000000
N3GD_BODY id=20 off=6c0 00000000000000000000000000000000
N3GD_BODY id=20 off=6d0 00000000000000000000000000000000
N3GD_BODY id=20 off=6e0 00000000000000000000000000000000
N3GD_BODY id=20 off=6f0 00000000000000000000000000000000
N3GD_BODY id=20 off=700 00000000000000000000000000000000
N3GD_BODY id=20 off=710 00000000000000000000000000000000
N3GD_BODY id=20 off=720 00000000000000000000000000000000
N3GD_BODY id=20 off=730 00000000000000000000000000000000
N3GD_BODY id=20 off=740 00000000000000000000000000000000
N3GD_BODY id=20 off=750 00000000000000000000000000000000
N3GD_BODY id=20 off=760 00000000000000000000000000000000
N3GD_BODY id=20 off=770 00000000000000000000000000000000
N3GD_BODY id=20 off=780 00000000000000000000000000000000
N3GD_BODY id=20 off=790 00000000000000000000000000000000
N3GD_BODY id=20 off=7a0 00000000000000000000000000000000
N3GD_BODY id=20 off=7b0 00000000000000000000000000000000
N3GD_BODY id=20 off=7c0 00000000000000000000000000000000
N3GD_BODY id=20 off=7d0 00000000000000000000000000000000
N3GD_BODY id=20 off=7e0 00000000000000000000000000000000
N3GD_BODY id=20 off=7f0 00000000000000000000000000000000
N3GD_OOB id=20 off=000 000000000000000000000000e5ab0678
N3GD_OOB id=20 off=010 0a52efac2207c7a2053adbc8606282c5
N3GD_OOB id=20 off=020 374bcde4a25178a6eb7e94b8b7fa1e2e
N3GD_OOB id=20 off=030 eddbaafff14d9b9ea7ce563d3b3c79fe
N3GD_END id=20
N3GD_BEGIN id=21 kind=cand j=-1 v=0101 po=256 sl=4294967295 l0=FFFFFFFF host=0000A07E tgt=000140FC bank=0 pb=682 pp=64 phy=87360 shift=4294967295 t=40 ix=CCE2 u=000EFE00 l=000EFE00
N3GD_BODY id=21 off=000 86757c6e6b706e752302020202020202
N3GD_BODY id=21 off=010 02020202020202020202020202020202
N3GD_BODY id=21 off=020 02020202020202020202020202020202
N3GD_BODY id=21 off=030 02020202020202020202020202020202
N3GD_BODY id=21 off=040 02020202020202020202020202020202
N3GD_BODY id=21 off=050 020202020226b9bafdfdfdfdfdfdfdd4
N3GD_BODY id=21 off=060 e2add0b053c0fdf8f8f8f8f8f8f8d98b
N3GD_BODY id=21 off=070 867e7c6e706b70754a02020202020202
N3GD_BODY id=21 off=080 02020202020202020202020202020202
N3GD_BODY id=21 off=090 02020202020202020202020202020202
N3GD_BODY id=21 off=0a0 02020202020202020202020202020202
N3GD_BODY id=21 off=0b0 02020202020202020202020202020202
N3GD_BODY id=21 off=0c0 020202020231b3c1fdfdfdfdfdfdf9c8
N3GD_BODY id=21 off=0d0 f08a7f5a6efcfdfdfdfdfdfcfdf4ae93
N3GD_BODY id=21 off=0e0 8a7e7c6e6b6b6b757c04020202020202
N3GD_BODY id=21 off=0f0 02020202020202020202020202020202
N3GD_BODY id=21 off=100 02020202020202020202020202020202
N3GD_BODY id=21 off=110 02020202020202020202020202020202
N3GD_BODY id=21 off=120 02020202020202020202020202020202
N3GD_BODY id=21 off=130 020202021f8593d8fdfdfdfdfdfdc9f1
N3GD_BODY id=21 off=140 defaf493c1fdfdfdfdfdfdfdf9bac0aa
N3GD_BODY id=21 off=150 968a7e7c706b6c707e18020202020202
N3GD_BODY id=21 off=160 02020202020202020202020202020202
N3GD_BODY id=21 off=170 02020202020202020202020202020202
N3GD_BODY id=21 off=180 02020202020202020202020202020202
N3GD_BODY id=21 off=190 02020202020202020202020202020202
N3GD_BODY id=21 off=1a0 0202020d6eaa93e3f8e3f4fdfdfbc8f3
N3GD_BODY id=21 off=1b0 fafdfdd4fdfdfdfdfdfdfdfce1e3c0b3
N3GD_BODY id=21 off=1c0 938e847e6e6b6c6b862c020202020202
N3GD_BODY id=21 off=1d0 02020202020202020202020202020202
N3GD_BODY id=21 off=1e0 02020202020202020202020202020202
N3GD_BODY id=21 off=1f0 02020202020202020202020202020202
N3GD_BODY id=21 off=200 02020202020202020202020202020202
N3GD_BODY id=21 off=210 020202435f7eaed4e1cde0dbe5c9f6e3
N3GD_BODY id=21 off=220 fdfde7e5fdfdfdfdfdfdfdebf9f8baae
N3GD_BODY id=21 off=230 a58e847566666b667c51000202020202
N3GD_BODY id=21 off=240 02020202020202020202020202020202
N3GD_BODY id=21 off=250 02020202020202020202020202020202
N3GD_BODY id=21 off=260 02020202020202020202020202020202
N3GD_BODY id=21 off=270 02020202020202020202020202020202
N3GD_BODY id=21 off=280 02020a66597ee2c8c2ceecf0ecc8f3f4
N3GD_BODY id=21 off=290 fdfdd8f8fdfdfdfdfdfdf9e5fdebb9aa
N3GD_BODY id=21 off=2a0 938e7c668ac8f6ad707e0c0202020202
N3GD_BODY id=21 off=2b0 02020202020202020202020202020202
N3GD_BODY id=21 off=2c0 02020202020202020202020202020202
N3GD_BODY id=21 off=2d0 02020202020202020202020202020202
N3GD_BODY id=21 off=2e0 02020202020202020202020202020202
N3GD_BODY id=21 off=2f0 0202196359bfcc707e8ea3a4ccf1c2f9
N3GD_BODY id=21 off=300 fdfde5fdfdfdfdfdfdfde3fcf4c0b2a9
N3GD_BODY id=21 off=310 968666adf5f5fffdad6e180202020202
N3GD_BODY id=21 off=320 02020202020202020202020202020202
N3GD_BODY id=21 off=330 02020202020202020202020202020202
N3GD_BODY id=21 off=340 02020202020202020202020202020202
N3GD_BODY id=21 off=350 02020202020202020202020202020202
N3GD_BODY id=21 off=360 0202345f6ccd7c6c6e7e847c6e7c8aa9
N3GD_BODY id=21 off=370 c0b2c9f8fdfdfdfdfde5d4d9b9b2a993
N3GD_BODY id=21 off=380 8a6ca9f7e7e3bae6e666330202020202
N3GD_BODY id=21 off=390 02020202020202020202020202020202
N3GD_BODY id=21 off=3a0 02020202020202020202020202020202
N3GD_BODY id=21 off=3b0 02020202020202020202020202020202
N3GD_BODY id=21 off=3c0 02020202020202020202020202020202
N3GD_BODY id=21 off=3d0 020226598dbd5e6b6e7c7e7e7c756b66
N3GD_BODY id=21 off=3e0 668ed4e5d8f9fdfdf9b2b9b2aaa3938b
N3GD_BODY id=21 off=3f0 6e7cf1f6e5d8b393e67c320202020202
N3GD_BODY id=21 off=400 02020202020202020202020202020202
N3GD_BODY id=21 off=410 02020202020202020202020202020202
N3GD_BODY id=21 off=420 02020202020202020202020202020202
N3GD_BODY id=21 off=430 02020202020202020202020202020202
N3GD_BODY id=21 off=440 02020c55a09d5b6b706e848a7e7c7e8f
N3GD_BODY id=21 off=450 a3a9b9b37c84fafcc0a3aaa3938f846e
N3GD_BODY id=21 off=460 62dee6d9e5f4c9a3db8d4a0202020202
N3GD_BODY id=21 off=470 02020202020202020202020202020202
N3GD_BODY id=21 off=480 02020202020202020202020202020202
N3GD_BODY id=21 off=490 02020202020202020202020202020202
N3GD_BODY id=21 off=4a0 02020202020202020202020202020202
N3GD_BODY id=21 off=4b0 020202409d915e6b6b707c6e7ea3ae93
N3GD_BODY id=21 off=4c0 a59684705f59a3e793a5938f8b867559
N3GD_BODY id=21 off=4d0 addfc9d9fafbd4a9db97450202020202
N3GD_BODY id=21 off=4e0 02020202020202020202020202020202
N3GD_BODY id=21 off=4f0 02020202020202020202020202020202
N3GD_BODY id=21 off=500 02020202020202020202020202020202
N3GD_BODY id=21 off=510 02020202020202020202020202020202
N3GD_BODY id=21 off=520 0202020587835e6b6b66595f758a8ec0
N3GD_BODY id=21 off=530 fbc9866b63636b938f8f8b847e755e8b
N3GD_BODY id=21 off=540 f2a7d4ebfafad8a3cc972c0202020202
N3GD_BODY id=21 off=550 02020202020202020202020202020202
N3GD_BODY id=21 off=560 02020202020202020202020202020202
N3GD_BODY id=21 off=570 02020202020202020202020202020202
N3GD_BODY id=21 off=580 02020202020202020202020202020202
N3GD_BODY id=21 off=590 020202020c4e666b705f6e7c6c5e66b4
N3GD_BODY id=21 off=5a0 f9ae756663665f638e8a7e7c6e665ef1
N3GD_BODY id=21 off=5b0 c6d8d9fafafbc9a3c28f300202020202
N3GD_BODY id=21 off=5c0 02020202020202020202020202020202
N3GD_BODY id=21 off=5d0 02020202020202020202020202020202
N3GD_BODY id=21 off=5e0 02020202020202020202020202020202
N3GD_BODY id=21 off=5f0 02020202020202020202020202020202
N3GD_BODY id=21 off=600 020202020212596b6e666b8471a2756e
N3GD_BODY id=21 off=610 7c66666363635f6386867c756b59a5ec
N3GD_BODY id=21 off=620 bbd9e5f9f9e7c0a2bc961d0202020202
N3GD_BODY id=21 off=630 02020202020202020202020202020202
N3GD_BODY id=21 off=640 02020202020202020202020202020202
N3GD_BODY id=21 off=650 02020202020202020202020202020202
N3GD_BODY id=21 off=660 02020202020202020202020202020202
N3GD_BODY id=21 off=670 020202010002113f6c6e63708df2e37e
N3GD_BODY id=21 off=680 6c63636363635f66757e75705f75f0c6
N3GD_BODY id=21 off=690 e3d8fbf9f9e5c0a7c2a51a0202020202
N3GD_BODY id=21 off=6a0 02020202020202020202020202020202
N3GD_BODY id=21 off=6b0 02020202020202020202020202020202
N3GD_BODY id=21 off=6c0 02020202020202020202020202020202
N3GD_BODY id=21 off=6d0 02020202020202020202020202020202
N3GD_BODY id=21 off=6e0 02021ba69032120c1a3f6c556cbcffe1
N3GD_BODY id=21 off=6f0 75635f635f5f636b6e7c75636ef1dce3
N3GD_BODY id=21 off=700 d9e7faf9fae5c1e4db8e110202020202
N3GD_BODY id=21 off=710 02020202020202020202020202020202
N3GD_BODY id=21 off=720 02020202020202020202020202020202
N3GD_BODY id=21 off=730 02020202020202020202020202020202
N3GD_BODY id=21 off=740 02020202020202020202020202020202
N3GD_BODY id=21 off=750 023096a39bcf8874434058585886e6fd
N3GD_BODY id=21 off=760 bb5f5f635f5f6c706e75627cf1cdd8eb
N3GD_BODY id=21 off=770 e1fbfaf9fae3d8edad700a0202020202
N3GD_BODY id=21 off=780 02020202020202020202020202020202
N3GD_BODY id=21 off=790 02020202020202020202020202020202
N3GD_BODY id=21 off=7a0 02020202020202020202020202020202
N3GD_BODY id=21 off=7b0 02020202020202020202020202020202
N3GD_BODY id=21 off=7c0 1a7ce3ebe5be625e625e5a53585370db
N3GD_BODY id=21 off=7d0 f0665f5f5f636e7c656c97f1dbd4e3d8
N3GD_BODY id=21 off=7e0 e7fbf9f9f4e1e6dca54f000202020202
N3GD_BODY id=21 off=7f0 02020202020202020202020202020202
N3GD_OOB id=21 off=000 00fe0e00e2cc0000ff40ffffe5ab0678
N3GD_OOB id=21 off=010 0a52efac2207c7a2053adbc8606282c5
N3GD_OOB id=21 off=020 374bcde4a25178a6eb7e94b8b7fa1e2e
N3GD_OOB id=21 off=030 eddbaafff14d9b9ea7ce563d3b3c79fe
N3GD_END id=21
N3GD_BEGIN id=22 kind=cand j=-1 v=0101 po=257 sl=4294967295 l0=FFFFFFFF host=0000A07E tgt=000140FC bank=1 pb=682 pp=64 phy=87360 shift=4294967295 t=00 ix=0000 u=00000000 l=00000000
N3GD_BODY id=22 off=000 00000000000000000000000000000000
N3GD_BODY id=22 off=010 00000000000000000000000000000000
N3GD_BODY id=22 off=020 00000000000000000000000000000000
N3GD_BODY id=22 off=030 00000000000000000000000000000000
N3GD_BODY id=22 off=040 00000000000000000000000000000000
N3GD_BODY id=22 off=050 00000000000000000000000000000000
N3GD_BODY id=22 off=060 00000000000000000000000000000000
N3GD_BODY id=22 off=070 00000000000000000000000000000000
N3GD_BODY id=22 off=080 00000000000000000000000000000000
N3GD_BODY id=22 off=090 00000000000000000000000000000000
N3GD_BODY id=22 off=0a0 00000000000000000000000000000000
N3GD_BODY id=22 off=0b0 00000000000000000000000000000000
N3GD_BODY id=22 off=0c0 00000000000000000000000000000000
N3GD_BODY id=22 off=0d0 00000000000000000000000000000000
N3GD_BODY id=22 off=0e0 00000000000000000000000000000000
N3GD_BODY id=22 off=0f0 00000000000000000000000000000000
N3GD_BODY id=22 off=100 00000000000000000000000000000000
N3GD_BODY id=22 off=110 00000000000000000000000000000000
N3GD_BODY id=22 off=120 00000000000000000000000000000000
N3GD_BODY id=22 off=130 00000000000000000000000000000000
N3GD_BODY id=22 off=140 00000000000000000000000000000000
N3GD_BODY id=22 off=150 00000000000000000000000000000000
N3GD_BODY id=22 off=160 00000000000000000000000000000000
N3GD_BODY id=22 off=170 00000000000000000000000000000000
N3GD_BODY id=22 off=180 00000000000000000000000000000000
N3GD_BODY id=22 off=190 00000000000000000000000000000000
N3GD_BODY id=22 off=1a0 00000000000000000000000000000000
N3GD_BODY id=22 off=1b0 00000000000000000000000000000000
N3GD_BODY id=22 off=1c0 00000000000000000000000000000000
N3GD_BODY id=22 off=1d0 00000000000000000000000000000000
N3GD_BODY id=22 off=1e0 00000000000000000000000000000000
N3GD_BODY id=22 off=1f0 00000000000000000000000000000000
N3GD_BODY id=22 off=200 00000000000000000000000000000000
N3GD_BODY id=22 off=210 00000000000000000000000000000000
N3GD_BODY id=22 off=220 00000000000000000000000000000000
N3GD_BODY id=22 off=230 00000000000000000000000000000000
N3GD_BODY id=22 off=240 00000000000000000000000000000000
N3GD_BODY id=22 off=250 00000000000000000000000000000000
N3GD_BODY id=22 off=260 00000000000000000000000000000000
N3GD_BODY id=22 off=270 00000000000000000000000000000000
N3GD_BODY id=22 off=280 00000000000000000000000000000000
N3GD_BODY id=22 off=290 00000000000000000000000000000000
N3GD_BODY id=22 off=2a0 00000000000000000000000000000000
N3GD_BODY id=22 off=2b0 00000000000000000000000000000000
N3GD_BODY id=22 off=2c0 00000000000000000000000000000000
N3GD_BODY id=22 off=2d0 00000000000000000000000000000000
N3GD_BODY id=22 off=2e0 00000000000000000000000000000000
N3GD_BODY id=22 off=2f0 00000000000000000000000000000000
N3GD_BODY id=22 off=300 00000000000000000000000000000000
N3GD_BODY id=22 off=310 00000000000000000000000000000000
N3GD_BODY id=22 off=320 00000000000000000000000000000000
N3GD_BODY id=22 off=330 00000000000000000000000000000000
N3GD_BODY id=22 off=340 00000000000000000000000000000000
N3GD_BODY id=22 off=350 00000000000000000000000000000000
N3GD_BODY id=22 off=360 00000000000000000000000000000000
N3GD_BODY id=22 off=370 00000000000000000000000000000000
N3GD_BODY id=22 off=380 00000000000000000000000000000000
N3GD_BODY id=22 off=390 00000000000000000000000000000000
N3GD_BODY id=22 off=3a0 00000000000000000000000000000000
N3GD_BODY id=22 off=3b0 00000000000000000000000000000000
N3GD_BODY id=22 off=3c0 00000000000000000000000000000000
N3GD_BODY id=22 off=3d0 00000000000000000000000000000000
N3GD_BODY id=22 off=3e0 00000000000000000000000000000000
N3GD_BODY id=22 off=3f0 00000000000000000000000000000000
N3GD_BODY id=22 off=400 00000000000000000000000000000000
N3GD_BODY id=22 off=410 00000000000000000000000000000000
N3GD_BODY id=22 off=420 00000000000000000000000000000000
N3GD_BODY id=22 off=430 00000000000000000000000000000000
N3GD_BODY id=22 off=440 00000000000000000000000000000000
N3GD_BODY id=22 off=450 00000000000000000000000000000000
N3GD_BODY id=22 off=460 00000000000000000000000000000000
N3GD_BODY id=22 off=470 00000000000000000000000000000000
N3GD_BODY id=22 off=480 00000000000000000000000000000000
N3GD_BODY id=22 off=490 00000000000000000000000000000000
N3GD_BODY id=22 off=4a0 00000000000000000000000000000000
N3GD_BODY id=22 off=4b0 00000000000000000000000000000000
N3GD_BODY id=22 off=4c0 00000000000000000000000000000000
N3GD_BODY id=22 off=4d0 00000000000000000000000000000000
N3GD_BODY id=22 off=4e0 00000000000000000000000000000000
N3GD_BODY id=22 off=4f0 00000000000000000000000000000000
N3GD_BODY id=22 off=500 00000000000000000000000000000000
N3GD_BODY id=22 off=510 00000000000000000000000000000000
N3GD_BODY id=22 off=520 00000000000000000000000000000000
N3GD_BODY id=22 off=530 00000000000000000000000000000000
N3GD_BODY id=22 off=540 00000000000000000000000000000000
N3GD_BODY id=22 off=550 00000000000000000000000000000000
N3GD_BODY id=22 off=560 00000000000000000000000000000000
N3GD_BODY id=22 off=570 00000000000000000000000000000000
N3GD_BODY id=22 off=580 00000000000000000000000000000000
N3GD_BODY id=22 off=590 00000000000000000000000000000000
N3GD_BODY id=22 off=5a0 00000000000000000000000000000000
N3GD_BODY id=22 off=5b0 00000000000000000000000000000000
N3GD_BODY id=22 off=5c0 00000000000000000000000000000000
N3GD_BODY id=22 off=5d0 00000000000000000000000000000000
N3GD_BODY id=22 off=5e0 00000000000000000000000000000000
N3GD_BODY id=22 off=5f0 00000000000000000000000000000000
N3GD_BODY id=22 off=600 00000000000000000000000000000000
N3GD_BODY id=22 off=610 00000000000000000000000000000000
N3GD_BODY id=22 off=620 00000000000000000000000000000000
N3GD_BODY id=22 off=630 00000000000000000000000000000000
N3GD_BODY id=22 off=640 00000000000000000000000000000000
N3GD_BODY id=22 off=650 00000000000000000000000000000000
N3GD_BODY id=22 off=660 00000000000000000000000000000000
N3GD_BODY id=22 off=670 00000000000000000000000000000000
N3GD_BODY id=22 off=680 00000000000000000000000000000000
N3GD_BODY id=22 off=690 00000000000000000000000000000000
N3GD_BODY id=22 off=6a0 00000000000000000000000000000000
N3GD_BODY id=22 off=6b0 00000000000000000000000000000000
N3GD_BODY id=22 off=6c0 00000000000000000000000000000000
N3GD_BODY id=22 off=6d0 00000000000000000000000000000000
N3GD_BODY id=22 off=6e0 00000000000000000000000000000000
N3GD_BODY id=22 off=6f0 00000000000000000000000000000000
N3GD_BODY id=22 off=700 00000000000000000000000000000000
N3GD_BODY id=22 off=710 00000000000000000000000000000000
N3GD_BODY id=22 off=720 00000000000000000000000000000000
N3GD_BODY id=22 off=730 00000000000000000000000000000000
N3GD_BODY id=22 off=740 00000000000000000000000000000000
N3GD_BODY id=22 off=750 00000000000000000000000000000000
N3GD_BODY id=22 off=760 00000000000000000000000000000000
N3GD_BODY id=22 off=770 00000000000000000000000000000000
N3GD_BODY id=22 off=780 00000000000000000000000000000000
N3GD_BODY id=22 off=790 00000000000000000000000000000000
N3GD_BODY id=22 off=7a0 00000000000000000000000000000000
N3GD_BODY id=22 off=7b0 00000000000000000000000000000000
N3GD_BODY id=22 off=7c0 00000000000000000000000000000000
N3GD_BODY id=22 off=7d0 00000000000000000000000000000000
N3GD_BODY id=22 off=7e0 00000000000000000000000000000000
N3GD_BODY id=22 off=7f0 00000000000000000000000000000000
N3GD_OOB id=22 off=000 000000000000000000000000e5ab0678
N3GD_OOB id=22 off=010 0a52efac2207c7a2053adbc8606282c5
N3GD_OOB id=22 off=020 374bcde4a25178a6eb7e94b8b7fa1e2e
N3GD_OOB id=22 off=030 eddbaafff14d9b9ea7ce563d3b3c79fe
N3GD_END id=22
N3GD_BEGIN id=23 kind=cand j=-1 v=0101 po=258 sl=4294967295 l0=FFFFFFFF host=0000A07E tgt=000140FC bank=2 pb=682 pp=64 phy=87360 shift=4294967295 t=00 ix=0000 u=00000000 l=00000000
N3GD_BODY id=23 off=000 00000000000000000000000000000000
N3GD_BODY id=23 off=010 00000000000000000000000000000000
N3GD_BODY id=23 off=020 00000000000000000000000000000000
N3GD_BODY id=23 off=030 00000000000000000000000000000000
N3GD_BODY id=23 off=040 00000000000000000000000000000000
N3GD_BODY id=23 off=050 00000000000000000000000000000000
N3GD_BODY id=23 off=060 00000000000000000000000000000000
N3GD_BODY id=23 off=070 00000000000000000000000000000000
N3GD_BODY id=23 off=080 00000000000000000000000000000000
N3GD_BODY id=23 off=090 00000000000000000000000000000000
N3GD_BODY id=23 off=0a0 00000000000000000000000000000000
N3GD_BODY id=23 off=0b0 00000000000000000000000000000000
N3GD_BODY id=23 off=0c0 00000000000000000000000000000000
N3GD_BODY id=23 off=0d0 00000000000000000000000000000000
N3GD_BODY id=23 off=0e0 00000000000000000000000000000000
N3GD_BODY id=23 off=0f0 00000000000000000000000000000000
N3GD_BODY id=23 off=100 00000000000000000000000000000000
N3GD_BODY id=23 off=110 00000000000000000000000000000000
N3GD_BODY id=23 off=120 00000000000000000000000000000000
N3GD_BODY id=23 off=130 00000000000000000000000000000000
N3GD_BODY id=23 off=140 00000000000000000000000000000000
N3GD_BODY id=23 off=150 00000000000000000000000000000000
N3GD_BODY id=23 off=160 00000000000000000000000000000000
N3GD_BODY id=23 off=170 00000000000000000000000000000000
N3GD_BODY id=23 off=180 00000000000000000000000000000000
N3GD_BODY id=23 off=190 00000000000000000000000000000000
N3GD_BODY id=23 off=1a0 00000000000000000000000000000000
N3GD_BODY id=23 off=1b0 00000000000000000000000000000000
N3GD_BODY id=23 off=1c0 00000000000000000000000000000000
N3GD_BODY id=23 off=1d0 00000000000000000000000000000000
N3GD_BODY id=23 off=1e0 00000000000000000000000000000000
N3GD_BODY id=23 off=1f0 00000000000000000000000000000000
N3GD_BODY id=23 off=200 00000000000000000000000000000000
N3GD_BODY id=23 off=210 00000000000000000000000000000000
N3GD_BODY id=23 off=220 00000000000000000000000000000000
N3GD_BODY id=23 off=230 00000000000000000000000000000000
N3GD_BODY id=23 off=240 00000000000000000000000000000000
N3GD_BODY id=23 off=250 00000000000000000000000000000000
N3GD_BODY id=23 off=260 00000000000000000000000000000000
N3GD_BODY id=23 off=270 00000000000000000000000000000000
N3GD_BODY id=23 off=280 00000000000000000000000000000000
N3GD_BODY id=23 off=290 00000000000000000000000000000000
N3GD_BODY id=23 off=2a0 00000000000000000000000000000000
N3GD_BODY id=23 off=2b0 00000000000000000000000000000000
N3GD_BODY id=23 off=2c0 00000000000000000000000000000000
N3GD_BODY id=23 off=2d0 00000000000000000000000000000000
N3GD_BODY id=23 off=2e0 00000000000000000000000000000000
N3GD_BODY id=23 off=2f0 00000000000000000000000000000000
N3GD_BODY id=23 off=300 00000000000000000000000000000000
N3GD_BODY id=23 off=310 00000000000000000000000000000000
N3GD_BODY id=23 off=320 00000000000000000000000000000000
N3GD_BODY id=23 off=330 00000000000000000000000000000000
N3GD_BODY id=23 off=340 00000000000000000000000000000000
N3GD_BODY id=23 off=350 00000000000000000000000000000000
N3GD_BODY id=23 off=360 00000000000000000000000000000000
N3GD_BODY id=23 off=370 00000000000000000000000000000000
N3GD_BODY id=23 off=380 00000000000000000000000000000000
N3GD_BODY id=23 off=390 00000000000000000000000000000000
N3GD_BODY id=23 off=3a0 00000000000000000000000000000000
N3GD_BODY id=23 off=3b0 00000000000000000000000000000000
N3GD_BODY id=23 off=3c0 00000000000000000000000000000000
N3GD_BODY id=23 off=3d0 00000000000000000000000000000000
N3GD_BODY id=23 off=3e0 00000000000000000000000000000000
N3GD_BODY id=23 off=3f0 00000000000000000000000000000000
N3GD_BODY id=23 off=400 00000000000000000000000000000000
N3GD_BODY id=23 off=410 00000000000000000000000000000000
N3GD_BODY id=23 off=420 00000000000000000000000000000000
N3GD_BODY id=23 off=430 00000000000000000000000000000000
N3GD_BODY id=23 off=440 00000000000000000000000000000000
N3GD_BODY id=23 off=450 00000000000000000000000000000000
N3GD_BODY id=23 off=460 00000000000000000000000000000000
N3GD_BODY id=23 off=470 00000000000000000000000000000000
N3GD_BODY id=23 off=480 00000000000000000000000000000000
N3GD_BODY id=23 off=490 00000000000000000000000000000000
N3GD_BODY id=23 off=4a0 00000000000000000000000000000000
N3GD_BODY id=23 off=4b0 00000000000000000000000000000000
N3GD_BODY id=23 off=4c0 00000000000000000000000000000000
N3GD_BODY id=23 off=4d0 00000000000000000000000000000000
N3GD_BODY id=23 off=4e0 00000000000000000000000000000000
N3GD_BODY id=23 off=4f0 00000000000000000000000000000000
N3GD_BODY id=23 off=500 00000000000000000000000000000000
N3GD_BODY id=23 off=510 00000000000000000000000000000000
N3GD_BODY id=23 off=520 00000000000000000000000000000000
N3GD_BODY id=23 off=530 00000000000000000000000000000000
N3GD_BODY id=23 off=540 00000000000000000000000000000000
N3GD_BODY id=23 off=550 00000000000000000000000000000000
N3GD_BODY id=23 off=560 00000000000000000000000000000000
N3GD_BODY id=23 off=570 00000000000000000000000000000000
N3GD_BODY id=23 off=580 00000000000000000000000000000000
N3GD_BODY id=23 off=590 00000000000000000000000000000000
N3GD_BODY id=23 off=5a0 00000000000000000000000000000000
N3GD_BODY id=23 off=5b0 00000000000000000000000000000000
N3GD_BODY id=23 off=5c0 00000000000000000000000000000000
N3GD_BODY id=23 off=5d0 00000000000000000000000000000000
N3GD_BODY id=23 off=5e0 00000000000000000000000000000000
N3GD_BODY id=23 off=5f0 00000000000000000000000000000000
N3GD_BODY id=23 off=600 00000000000000000000000000000000
N3GD_BODY id=23 off=610 00000000000000000000000000000000
N3GD_BODY id=23 off=620 00000000000000000000000000000000
N3GD_BODY id=23 off=630 00000000000000000000000000000000
N3GD_BODY id=23 off=640 00000000000000000000000000000000
N3GD_BODY id=23 off=650 00000000000000000000000000000000
N3GD_BODY id=23 off=660 00000000000000000000000000000000
N3GD_BODY id=23 off=670 00000000000000000000000000000000
N3GD_BODY id=23 off=680 00000000000000000000000000000000
N3GD_BODY id=23 off=690 00000000000000000000000000000000
N3GD_BODY id=23 off=6a0 00000000000000000000000000000000
N3GD_BODY id=23 off=6b0 00000000000000000000000000000000
N3GD_BODY id=23 off=6c0 00000000000000000000000000000000
N3GD_BODY id=23 off=6d0 00000000000000000000000000000000
N3GD_BODY id=23 off=6e0 00000000000000000000000000000000
N3GD_BODY id=23 off=6f0 00000000000000000000000000000000
N3GD_BODY id=23 off=700 00000000000000000000000000000000
N3GD_BODY id=23 off=710 00000000000000000000000000000000
N3GD_BODY id=23 off=720 00000000000000000000000000000000
N3GD_BODY id=23 off=730 00000000000000000000000000000000
N3GD_BODY id=23 off=740 00000000000000000000000000000000
N3GD_BODY id=23 off=750 00000000000000000000000000000000
N3GD_BODY id=23 off=760 00000000000000000000000000000000
N3GD_BODY id=23 off=770 00000000000000000000000000000000
N3GD_BODY id=23 off=780 00000000000000000000000000000000
N3GD_BODY id=23 off=790 00000000000000000000000000000000
N3GD_BODY id=23 off=7a0 00000000000000000000000000000000
N3GD_BODY id=23 off=7b0 00000000000000000000000000000000
N3GD_BODY id=23 off=7c0 00000000000000000000000000000000
N3GD_BODY id=23 off=7d0 00000000000000000000000000000000
N3GD_BODY id=23 off=7e0 00000000000000000000000000000000
N3GD_BODY id=23 off=7f0 00000000000000000000000000000000
N3GD_OOB id=23 off=000 000000000000000000000000e5ab0678
N3GD_OOB id=23 off=010 0a52efac2207c7a2053adbc8606282c5
N3GD_OOB id=23 off=020 374bcde4a25178a6eb7e94b8b7fa1e2e
N3GD_OOB id=23 off=030 eddbaafff14d9b9ea7ce563d3b3c79fe
N3GD_END id=23
N3GD_BEGIN id=24 kind=cand j=-1 v=0101 po=259 sl=4294967295 l0=FFFFFFFF host=0000A07E tgt=000140FC bank=3 pb=682 pp=64 phy=87360 shift=4294967295 t=00 ix=0000 u=00000000 l=00000000
N3GD_BODY id=24 off=000 00000000000000000000000000000000
N3GD_BODY id=24 off=010 00000000000000000000000000000000
N3GD_BODY id=24 off=020 00000000000000000000000000000000
N3GD_BODY id=24 off=030 00000000000000000000000000000000
N3GD_BODY id=24 off=040 00000000000000000000000000000000
N3GD_BODY id=24 off=050 00000000000000000000000000000000
N3GD_BODY id=24 off=060 00000000000000000000000000000000
N3GD_BODY id=24 off=070 00000000000000000000000000000000
N3GD_BODY id=24 off=080 00000000000000000000000000000000
N3GD_BODY id=24 off=090 00000000000000000000000000000000
N3GD_BODY id=24 off=0a0 00000000000000000000000000000000
N3GD_BODY id=24 off=0b0 00000000000000000000000000000000
N3GD_BODY id=24 off=0c0 00000000000000000000000000000000
N3GD_BODY id=24 off=0d0 00000000000000000000000000000000
N3GD_BODY id=24 off=0e0 00000000000000000000000000000000
N3GD_BODY id=24 off=0f0 00000000000000000000000000000000
N3GD_BODY id=24 off=100 00000000000000000000000000000000
N3GD_BODY id=24 off=110 00000000000000000000000000000000
N3GD_BODY id=24 off=120 00000000000000000000000000000000
N3GD_BODY id=24 off=130 00000000000000000000000000000000
N3GD_BODY id=24 off=140 00000000000000000000000000000000
N3GD_BODY id=24 off=150 00000000000000000000000000000000
N3GD_BODY id=24 off=160 00000000000000000000000000000000
N3GD_BODY id=24 off=170 00000000000000000000000000000000
N3GD_BODY id=24 off=180 00000000000000000000000000000000
N3GD_BODY id=24 off=190 00000000000000000000000000000000
N3GD_BODY id=24 off=1a0 00000000000000000000000000000000
N3GD_BODY id=24 off=1b0 00000000000000000000000000000000
N3GD_BODY id=24 off=1c0 00000000000000000000000000000000
N3GD_BODY id=24 off=1d0 00000000000000000000000000000000
N3GD_BODY id=24 off=1e0 00000000000000000000000000000000
N3GD_BODY id=24 off=1f0 00000000000000000000000000000000
N3GD_BODY id=24 off=200 00000000000000000000000000000000
N3GD_BODY id=24 off=210 00000000000000000000000000000000
N3GD_BODY id=24 off=220 00000000000000000000000000000000
N3GD_BODY id=24 off=230 00000000000000000000000000000000
N3GD_BODY id=24 off=240 00000000000000000000000000000000
N3GD_BODY id=24 off=250 00000000000000000000000000000000
N3GD_BODY id=24 off=260 00000000000000000000000000000000
N3GD_BODY id=24 off=270 00000000000000000000000000000000
N3GD_BODY id=24 off=280 00000000000000000000000000000000
N3GD_BODY id=24 off=290 00000000000000000000000000000000
N3GD_BODY id=24 off=2a0 00000000000000000000000000000000
N3GD_BODY id=24 off=2b0 00000000000000000000000000000000
N3GD_BODY id=24 off=2c0 00000000000000000000000000000000
N3GD_BODY id=24 off=2d0 00000000000000000000000000000000
N3GD_BODY id=24 off=2e0 00000000000000000000000000000000
N3GD_BODY id=24 off=2f0 00000000000000000000000000000000
N3GD_BODY id=24 off=300 00000000000000000000000000000000
N3GD_BODY id=24 off=310 00000000000000000000000000000000
N3GD_BODY id=24 off=320 00000000000000000000000000000000
N3GD_BODY id=24 off=330 00000000000000000000000000000000
N3GD_BODY id=24 off=340 00000000000000000000000000000000
N3GD_BODY id=24 off=350 00000000000000000000000000000000
N3GD_BODY id=24 off=360 00000000000000000000000000000000
N3GD_BODY id=24 off=370 00000000000000000000000000000000
N3GD_BODY id=24 off=380 00000000000000000000000000000000
N3GD_BODY id=24 off=390 00000000000000000000000000000000
N3GD_BODY id=24 off=3a0 00000000000000000000000000000000
N3GD_BODY id=24 off=3b0 00000000000000000000000000000000
N3GD_BODY id=24 off=3c0 00000000000000000000000000000000
N3GD_BODY id=24 off=3d0 00000000000000000000000000000000
N3GD_BODY id=24 off=3e0 00000000000000000000000000000000
N3GD_BODY id=24 off=3f0 00000000000000000000000000000000
N3GD_BODY id=24 off=400 00000000000000000000000000000000
N3GD_BODY id=24 off=410 00000000000000000000000000000000
N3GD_BODY id=24 off=420 00000000000000000000000000000000
N3GD_BODY id=24 off=430 00000000000000000000000000000000
N3GD_BODY id=24 off=440 00000000000000000000000000000000
N3GD_BODY id=24 off=450 00000000000000000000000000000000
N3GD_BODY id=24 off=460 00000000000000000000000000000000
N3GD_BODY id=24 off=470 00000000000000000000000000000000
N3GD_BODY id=24 off=480 00000000000000000000000000000000
N3GD_BODY id=24 off=490 00000000000000000000000000000000
N3GD_BODY id=24 off=4a0 00000000000000000000000000000000
N3GD_BODY id=24 off=4b0 00000000000000000000000000000000
N3GD_BODY id=24 off=4c0 00000000000000000000000000000000
N3GD_BODY id=24 off=4d0 00000000000000000000000000000000
N3GD_BODY id=24 off=4e0 00000000000000000000000000000000
N3GD_BODY id=24 off=4f0 00000000000000000000000000000000
N3GD_BODY id=24 off=500 00000000000000000000000000000000
N3GD_BODY id=24 off=510 00000000000000000000000000000000
N3GD_BODY id=24 off=520 00000000000000000000000000000000
N3GD_BODY id=24 off=530 00000000000000000000000000000000
N3GD_BODY id=24 off=540 00000000000000000000000000000000
N3GD_BODY id=24 off=550 00000000000000000000000000000000
N3GD_BODY id=24 off=560 00000000000000000000000000000000
N3GD_BODY id=24 off=570 00000000000000000000000000000000
N3GD_BODY id=24 off=580 00000000000000000000000000000000
N3GD_BODY id=24 off=590 00000000000000000000000000000000
N3GD_BODY id=24 off=5a0 00000000000000000000000000000000
N3GD_BODY id=24 off=5b0 00000000000000000000000000000000
N3GD_BODY id=24 off=5c0 00000000000000000000000000000000
N3GD_BODY id=24 off=5d0 00000000000000000000000000000000
N3GD_BODY id=24 off=5e0 00000000000000000000000000000000
N3GD_BODY id=24 off=5f0 00000000000000000000000000000000
N3GD_BODY id=24 off=600 00000000000000000000000000000000
N3GD_BODY id=24 off=610 00000000000000000000000000000000
N3GD_BODY id=24 off=620 00000000000000000000000000000000
N3GD_BODY id=24 off=630 00000000000000000000000000000000
N3GD_BODY id=24 off=640 00000000000000000000000000000000
N3GD_BODY id=24 off=650 00000000000000000000000000000000
N3GD_BODY id=24 off=660 00000000000000000000000000000000
N3GD_BODY id=24 off=670 00000000000000000000000000000000
N3GD_BODY id=24 off=680 00000000000000000000000000000000
N3GD_BODY id=24 off=690 00000000000000000000000000000000
N3GD_BODY id=24 off=6a0 00000000000000000000000000000000
N3GD_BODY id=24 off=6b0 00000000000000000000000000000000
N3GD_BODY id=24 off=6c0 00000000000000000000000000000000
N3GD_BODY id=24 off=6d0 00000000000000000000000000000000
N3GD_BODY id=24 off=6e0 00000000000000000000000000000000
N3GD_BODY id=24 off=6f0 00000000000000000000000000000000
N3GD_BODY id=24 off=700 00000000000000000000000000000000
N3GD_BODY id=24 off=710 00000000000000000000000000000000
N3GD_BODY id=24 off=720 00000000000000000000000000000000
N3GD_BODY id=24 off=730 00000000000000000000000000000000
N3GD_BODY id=24 off=740 00000000000000000000000000000000
N3GD_BODY id=24 off=750 00000000000000000000000000000000
N3GD_BODY id=24 off=760 00000000000000000000000000000000
N3GD_BODY id=24 off=770 00000000000000000000000000000000
N3GD_BODY id=24 off=780 00000000000000000000000000000000
N3GD_BODY id=24 off=790 00000000000000000000000000000000
N3GD_BODY id=24 off=7a0 00000000000000000000000000000000
N3GD_BODY id=24 off=7b0 00000000000000000000000000000000
N3GD_BODY id=24 off=7c0 00000000000000000000000000000000
N3GD_BODY id=24 off=7d0 00000000000000000000000000000000
N3GD_BODY id=24 off=7e0 00000000000000000000000000000000
N3GD_BODY id=24 off=7f0 00000000000000000000000000000000
N3GD_OOB id=24 off=000 000000000000000000000000e5ab0678
N3GD_OOB id=24 off=010 0a52efac2207c7a2053adbc8606282c5
N3GD_OOB id=24 off=020 374bcde4a25178a6eb7e94b8b7fa1e2e
N3GD_OOB id=24 off=030 eddbaafff14d9b9ea7ce563d3b3c79fe
N3GD_END id=24
N3GD_BEGIN id=25 kind=cand j=-1 v=0101 po=260 sl=4294967295 l0=FFFFFFFF host=0000A07E tgt=000140FC bank=0 pb=682 pp=65 phy=87361 shift=4294967295 t=40 ix=CCE2 u=000EFE08 l=000EFE08
N3GD_BODY id=25 off=000 a8a5a5a5a5a8adb1b1a3a39f9fa22505
N3GD_BODY id=25 off=010 01010101010101010101010101010101
N3GD_BODY id=25 off=020 01010101010101010101010101010101
N3GD_BODY id=25 off=030 01010101010101010101010101010101
N3GD_BODY id=25 off=040 01010101010101010101010101010101
N3GD_BODY id=25 off=050 0101010101010101010101198bd6fbff
N3GD_BODY id=25 off=060 fae9d9d79b9fc7dfdfdfd0e1d0c7c7c7
N3GD_BODY id=25 off=070 c7c9c9b1ada5a5a5adc9c9a66a6b9fa2
N3GD_BODY id=25 off=080 26040101010101010101010101010101
N3GD_BODY id=25 off=090 01010101010101010101010101010101
N3GD_BODY id=25 off=0a0 01010101010101010101010101010101
N3GD_BODY id=25 off=0b0 01010101010101010101010101010101
N3GD_BODY id=25 off=0c0 0101010101010101010104b7f1fefffc
N3GD_BODY id=25 off=0d0 d9efd3a66ddfe0dfdfe5f5f5f5f5f5f5
N3GD_BODY id=25 off=0e0 f4e4e1e1e1d0c9a8a5a8c9c969406a9f
N3GD_BODY id=25 off=0f0 a1a61b01010101010101010101010101
N3GD_BODY id=25 off=100 01010101010101010101010101010101
N3GD_BODY id=25 off=110 01010101010101010101010101010101
N3GD_BODY id=25 off=120 01010101010101010101010101010101
N3GD_BODY id=25 off=130 010101010101010101011cf1eceefffa
N3GD_BODY id=25 off=140 e9d7a9a0dfe0dfdfe5fdffffffffffff
N3GD_BODY id=25 off=150 fffffdfdfdfdf5e4c9a5a8c9c95d3b4c
N3GD_BODY id=25 off=160 66a1aa35040101010101010101010101
N3GD_BODY id=25 off=170 01010101010101010101010101010101
N3GD_BODY id=25 off=180 01010101010101010101010101010101
N3GD_BODY id=25 off=190 01010101010101010101010101010101
N3GD_BODY id=25 off=1a0 01010101010101010104d9d7b2b8d651
N3GD_BODY id=25 off=1b0 b7ac6de0ebe0e1e5fdffffffffffffff
N3GD_BODY id=25 off=1c0 fffffffffffffffff9e1a8a8c9a6413e
N3GD_BODY id=25 off=1d0 3e63a2a1a62001010101010101010101
N3GD_BODY id=25 off=1e0 01010101010101010101010101010101
N3GD_BODY id=25 off=1f0 01010101010101010101010101010101
N3GD_BODY id=25 off=200 01010101010101010101010101010101
N3GD_BODY id=25 off=210 01010101010101010118ed597dba775a
N3GD_BODY id=25 off=220 9d6edff9fdf5fdffffffffffffffffff
N3GD_BODY id=25 off=230 ffffffffffffffffffffe5adadadcbe8
N3GD_BODY id=25 off=240 86d84666a1a421010101010101010101
N3GD_BODY id=25 off=250 01010101010101010101010101010101
N3GD_BODY id=25 off=260 01010101010101010101010101010101
N3GD_BODY id=25 off=270 01010101010101010101010101010101
N3GD_BODY id=25 off=280 010101010101010101b5b63f414f568c
N3GD_BODY id=25 off=290 6badf3fdfdffffffffffffffffffffff
N3GD_BODY id=25 off=2a0 fffffffffffffffffffffff4b09f608c
N3GD_BODY id=25 off=2b0 59c37c3b63a1a42a0301010101010101
N3GD_BODY id=25 off=2c0 01010101010101010101010101010101
N3GD_BODY id=25 off=2d0 01010101010101010101010101010101
N3GD_BODY id=25 off=2e0 01010101010101010101010101010101
N3GD_BODY id=25 off=2f0 010101010101010101b5593e3e4fb295
N3GD_BODY id=25 off=300 a6cdf5f5f5ffffffffffffffffffffff
N3GD_BODY id=25 off=310 fffffffffffffffffffffffff9d2a363
N3GD_BODY id=25 off=320 3b55f9c63b5f9faa5708010101010101
N3GD_BODY id=25 off=330 01010101010101010101010101010101
N3GD_BODY id=25 off=340 01010101010101010101010101010101
N3GD_BODY id=25 off=350 01010101010101010101010101010101
N3GD_BODY id=25 off=360 010101010101010100d5773e3b5ad3ed
N3GD_BODY id=25 off=370 8797fdf3fdffffffffffffffffffffff
N3GD_BODY id=25 off=380 fffffffffffffffffffffffffff3d2b1
N3GD_BODY id=25 off=390 6a48dbffb83b4c9fb030080101010101
N3GD_BODY id=25 off=3a0 01010101010101010101010101010101
N3GD_BODY id=25 off=3b0 01010101010101010101010101010101
N3GD_BODY id=25 off=3c0 01010101010101010101010101010101
N3GD_BODY id=25 off=3d0 010101010101010100ee8b3f414f7c7e
N3GD_BODY id=25 off=3e0 56e2f2baf1fefffffffffff3ebf9ffff
N3GD_BODY id=25 off=3f0 fffffffffffffffffffffffffffdd2ad
N3GD_BODY id=25 off=400 a86960f3fd553b4ca4ae2a0101010101
N3GD_BODY id=25 off=410 01010101010101010101010101010101
N3GD_BODY id=25 off=420 01010101010101010101010101010101
N3GD_BODY id=25 off=430 01010101010101010101010101010101
N3GD_BODY id=25 off=440 010101010101010103e97a4e43437d7c
N3GD_BODY id=25 off=450 55e2d4d4eceff1fbfffffff9e1d2e4f9
N3GD_BODY id=25 off=460 fffffffffffffffffffffffffffdd2a5
N3GD_BODY id=25 off=470 a8e4c8a9e2433b3b4cd2931c01010101
N3GD_BODY id=25 off=480 01010101010101010101010101010101
N3GD_BODY id=25 off=490 01010101010101010101010101010101
N3GD_BODY id=25 off=4a0 01010101010101010101010101010101
N3GD_BODY id=25 off=4b0 010101010101010103d5595943417d7c
N3GD_BODY id=25 off=4c0 59c6e9b2bab7ba79f2fffffffff5e5e5
N3GD_BODY id=25 off=4d0 e5f5fdfffffffffffffffffffff3ada5
N3GD_BODY id=25 off=4e0 d2f5fde1a35f3e3f3b65e15207010101
N3GD_BODY id=25 off=4f0 01010101010101010101010101010101
N3GD_BODY id=25 off=500 01010101010101010101010101010101
N3GD_BODY id=25 off=510 01010101010101010101010101010101
N3GD_BODY id=25 off=520 010101010101010100dc594d593f797c
N3GD_BODY id=25 off=530 7986f887b2b6844ff0fffdf9fdfffffd
N3GD_BODY id=25 off=540 e5d2e1f4fdffffffffffffffffd0a5b0
N3GD_BODY id=25 off=550 f5fffffde16b409b9440c89d19010101
N3GD_BODY id=25 off=560 01010101010101010101010101010101
N3GD_BODY id=25 off=570 01010101010101010101010101010101
N3GD_BODY id=25 off=580 01010101010101010101010101010101
N3GD_BODY id=25 off=590 010101010101010101d5847d7e3b557a
N3GD_BODY id=25 off=5a0 7d59ee868687875aeafff4ebf4f5fdff
N3GD_BODY id=25 off=5b0 fde4c7d2d0e4f3f9fdfdfdf3d2adb0eb
N3GD_BODY id=25 off=5c0 fffffffff59f4052d0c8c8e12a010101
N3GD_BODY id=25 off=5d0 01010101010101010101010101010101
N3GD_BODY id=25 off=5e0 01010101010101010101010101010101
N3GD_BODY id=25 off=5f0 01010101010101010101010101010101
N3GD_BODY id=25 off=600 010101010101010101b9844e5b3e4f5a
N3GD_BODY id=25 off=610 7d55c6b8597c7e79cbfeebe0ebebf3f5
N3GD_BODY id=25 off=620 f5f5ebe1d0c7b0d2d0e1d2ada8d2d0f5
N3GD_BODY id=25 off=630 fffffdfffea34c3b94e1d0e161020101
N3GD_BODY id=25 off=640 01010101010101010101010101010101
N3GD_BODY id=25 off=650 01010101010101010101010101010101
N3GD_BODY id=25 off=660 01010101010101010101010101010101
N3GD_BODY id=25 off=670 01010101010101010136b2474d43475b
N3GD_BODY id=25 off=680 795a79ed555a7977aeffddace0ebebeb
N3GD_BODY id=25 off=690 ebf4f3f3f4e4e1d2c7d2b0c9d2ebfdff
N3GD_BODY id=25 off=6a0 fffffdfff96b403b3eacd0e161020101
N3GD_BODY id=25 off=6b0 01010101010101010101010101010101
N3GD_BODY id=25 off=6c0 01010101010101010101010101010101
N3GD_BODY id=25 off=6d0 01010101010101010101010101010101
N3GD_BODY id=25 off=6e0 01010101010101010115d6775b414f59
N3GD_BODY id=25 off=6f0 5b774fd67c56595b94f9df959ae0ebeb
N3GD_BODY id=25 off=700 ebebebf4f3f3f3e4e1d2d0f4f9ffffff
N3GD_BODY id=25 off=710 ffffffffd0673b3b3b40a2d230010101
N3GD_BODY id=25 off=720 01010101010101010101010101010101
N3GD_BODY id=25 off=730 01010101010101010101010101010101
N3GD_BODY id=25 off=740 01010101010101010101010101010101
N3GD_BODY id=25 off=750 0101010101010101010ad65b8b7d4d59
N3GD_BODY id=25 off=760 4d595959584d595b60f3e0bdb79bdfe0
N3GD_BODY id=25 off=770 ebebebebebebebdfc7adb1ebfff3c7f9
N3GD_BODY id=25 off=780 fffffdd06b4c3b3b3b6a6caa20010101
N3GD_BODY id=25 off=790 01010101010101010101010101010101
N3GD_BODY id=25 off=7a0 01010101010101010101010101010101
N3GD_BODY id=25 off=7b0 01010101010101010101010101010101
N3GD_BODY id=25 off=7c0 01010101010101010120b3777d7d5659
N3GD_BODY id=25 off=7d0 4d4e5a5943435b5956d8f383b3d6a6a8
N3GD_BODY id=25 off=7e0 c7e0e0e0e0e0e0c7a86d6ca0dfada0eb
N3GD_BODY id=25 off=7f0 e0d0a96a4c4c4c3b5f6ea39a04010101
N3GD_OOB id=25 off=000 08fe0e00e2cc0000ff40ffffe5ab0678
N3GD_OOB id=25 off=010 0a52efac2207c7a2053adbc8606282c5
N3GD_OOB id=25 off=020 374bcde4a25178a6eb7e94b8b7fa1e2e
N3GD_OOB id=25 off=030 eddbaafff14d9b9ea7ce563d3b3c79fe
N3GD_END id=25
N3GD_BEGIN id=26 kind=cand j=-1 v=0003 po=248 sl=3 l0=FFFFFFFF host=0000A07E tgt=000140FC bank=0 pb=428 pp=62 phy=54846 shift=-29 t=40 ix=DB36 u=000605F0 l=000605F0
N3GD_BODY id=26 off=000 20082008200820082008200820082008
N3GD_BODY id=26 off=010 20082008200820082008200820082008
N3GD_BODY id=26 off=020 20082008200820082008200820082008
N3GD_BODY id=26 off=030 20082008200820082008200820082008
N3GD_BODY id=26 off=040 20082008200820082008200820082008
N3GD_BODY id=26 off=050 20082008200820082008200820082008
N3GD_BODY id=26 off=060 20082008200820082008200820082008
N3GD_BODY id=26 off=070 20082008200820082008200820082008
N3GD_BODY id=26 off=080 20082008200820082008200820082008
N3GD_BODY id=26 off=090 20082008200820082008200820082008
N3GD_BODY id=26 off=0a0 20082008200820082008200820082008
N3GD_BODY id=26 off=0b0 20082008200820082008200820082008
N3GD_BODY id=26 off=0c0 20082008200820082008200820082008
N3GD_BODY id=26 off=0d0 20082008200820082008200820082008
N3GD_BODY id=26 off=0e0 20082008200820082008200820082008
N3GD_BODY id=26 off=0f0 20082008200820082008200820082008
N3GD_BODY id=26 off=100 20082008200820082008200820082008
N3GD_BODY id=26 off=110 20082008200820082008200820080008
N3GD_BODY id=26 off=120 00080008000800080008000800080008
N3GD_BODY id=26 off=130 00080008000800080008000800080008
N3GD_BODY id=26 off=140 00080008000800080008000800080008
N3GD_BODY id=26 off=150 00080008000800080008000800080008
N3GD_BODY id=26 off=160 00080008000800080008000800080008
N3GD_BODY id=26 off=170 00080008000800080008000800080008
N3GD_BODY id=26 off=180 00080008000800080008000800080008
N3GD_BODY id=26 off=190 00080008000800080008000800080008
N3GD_BODY id=26 off=1a0 00080008000800080008000800080008
N3GD_BODY id=26 off=1b0 00080008000800080008000800080008
N3GD_BODY id=26 off=1c0 00080008000800080008000800080008
N3GD_BODY id=26 off=1d0 00080008000800080008000800080008
N3GD_BODY id=26 off=1e0 00080000000000000000000000000000
N3GD_BODY id=26 off=1f0 00000000000000000000000000000000
N3GD_BODY id=26 off=200 00000000000000000000000000000000
N3GD_BODY id=26 off=210 00000000000000000008000800080008
N3GD_BODY id=26 off=220 00080008000000080008000800080008
N3GD_BODY id=26 off=230 00080008000800080008000800080008
N3GD_BODY id=26 off=240 00080008000800080008000800080008
N3GD_BODY id=26 off=250 00080008000800080008000800080008
N3GD_BODY id=26 off=260 00080008000800080008000800080008
N3GD_BODY id=26 off=270 00080008000800080008000800080008
N3GD_BODY id=26 off=280 00080008000800080008000800080008
N3GD_BODY id=26 off=290 00080008000800080008000800080008
N3GD_BODY id=26 off=2a0 00080008000800080008000800080008
N3GD_BODY id=26 off=2b0 00080008000800080008000800080008
N3GD_BODY id=26 off=2c0 00080008000800080008000800080008
N3GD_BODY id=26 off=2d0 00080008000800080008000800080008
N3GD_BODY id=26 off=2e0 00080008000800080008000800080008
N3GD_BODY id=26 off=2f0 00080008000800080008000800080008
N3GD_BODY id=26 off=300 00080008000800080008000800080008
N3GD_BODY id=26 off=310 00080008000800080008000800080008
N3GD_BODY id=26 off=320 00080008000800080008000800080008
N3GD_BODY id=26 off=330 00080008000800080008000800080008
N3GD_BODY id=26 off=340 00080008000800080008000800080008
N3GD_BODY id=26 off=350 00080008000800080008000800080008
N3GD_BODY id=26 off=360 00080008000800080008000800080008
N3GD_BODY id=26 off=370 00080008000800080008000800080008
N3GD_BODY id=26 off=380 00080008000800080008000800080008
N3GD_BODY id=26 off=390 00080008000800080008000800080008
N3GD_BODY id=26 off=3a0 00080008000800080008000000000000
N3GD_BODY id=26 off=3b0 00000000000000000000000000000000
N3GD_BODY id=26 off=3c0 00000000000000000000000000000000
N3GD_BODY id=26 off=3d0 00000000000000000000000000000000
N3GD_BODY id=26 off=3e0 00000000000000000000000000000000
N3GD_BODY id=26 off=3f0 00000000000000000000000000000000
N3GD_BODY id=26 off=400 00000000000000000000000000000000
N3GD_BODY id=26 off=410 00000000000000000000000000000000
N3GD_BODY id=26 off=420 00000000000000000000000000000000
N3GD_BODY id=26 off=430 00000000000000000000000000000000
N3GD_BODY id=26 off=440 00000000000000000000000000000000
N3GD_BODY id=26 off=450 00000000000000000000000000000000
N3GD_BODY id=26 off=460 00000000000000000000000000000000
N3GD_BODY id=26 off=470 00000000000000000000000000000000
N3GD_BODY id=26 off=480 00080008000800080008000800080008
N3GD_BODY id=26 off=490 00080008000800080008000800080008
N3GD_BODY id=26 off=4a0 00080008000800080008000800080008
N3GD_BODY id=26 off=4b0 00080008000800080008000800080008
N3GD_BODY id=26 off=4c0 00080008000800080008000820082008
N3GD_BODY id=26 off=4d0 00080008200820082008200820082008
N3GD_BODY id=26 off=4e0 20082008200820082008200820082008
N3GD_BODY id=26 off=4f0 20082008200820082008200820082008
N3GD_BODY id=26 off=500 20082008200820082008200820082008
N3GD_BODY id=26 off=510 20082008200820082008200820082008
N3GD_BODY id=26 off=520 20082008200820082008200820082008
N3GD_BODY id=26 off=530 20082008200820082008200820082008
N3GD_BODY id=26 off=540 20082008200820082008200820082008
N3GD_BODY id=26 off=550 20082008200820082008200820082008
N3GD_BODY id=26 off=560 20082008200820082008200820082008
N3GD_BODY id=26 off=570 20082008200820082008200820082008
N3GD_BODY id=26 off=580 20082008200820082008200820082008
N3GD_BODY id=26 off=590 20082008200820082008200820082008
N3GD_BODY id=26 off=5a0 20082008200820082008200820082008
N3GD_BODY id=26 off=5b0 20082008200820082008200820082008
N3GD_BODY id=26 off=5c0 20082008200820082008200820082008
N3GD_BODY id=26 off=5d0 20082008200820082008200820082008
N3GD_BODY id=26 off=5e0 20082008200820082008200820080008
N3GD_BODY id=26 off=5f0 20082008200820080008000800080008
N3GD_BODY id=26 off=600 00080008000800080008000800080008
N3GD_BODY id=26 off=610 00080008000800080008000800080008
N3GD_BODY id=26 off=620 00080008000800080008000800080008
N3GD_BODY id=26 off=630 00080008000800080008000800080008
N3GD_BODY id=26 off=640 00080008000800080008000800080008
N3GD_BODY id=26 off=650 00080008000800080008000800080008
N3GD_BODY id=26 off=660 00080008000800080008000800080008
N3GD_BODY id=26 off=670 00080008000800080008000800080008
N3GD_BODY id=26 off=680 00080008000800080008000800080008
N3GD_BODY id=26 off=690 00080008000800080008000800080008
N3GD_BODY id=26 off=6a0 00080008000800080008000800080008
N3GD_BODY id=26 off=6b0 00080008000800080008000800080008
N3GD_BODY id=26 off=6c0 00080000000000000000000000000000
N3GD_BODY id=26 off=6d0 00000000000000000000000000000000
N3GD_BODY id=26 off=6e0 00000000000000000000000000000000
N3GD_BODY id=26 off=6f0 00000000000000000000000000000000
N3GD_BODY id=26 off=700 00080008000800080008000800080008
N3GD_BODY id=26 off=710 00080008000800080008000800082008
N3GD_BODY id=26 off=720 20082008200820082008200820082008
N3GD_BODY id=26 off=730 20082008200820082008200820082008
N3GD_BODY id=26 off=740 20082008200820082008200820082008
N3GD_BODY id=26 off=750 20082008200820082008200820082008
N3GD_BODY id=26 off=760 20082008200820082008200820082008
N3GD_BODY id=26 off=770 20082008200820082008200820082008
N3GD_BODY id=26 off=780 20082008200820082008200820082008
N3GD_BODY id=26 off=790 20082008200820082008200820082008
N3GD_BODY id=26 off=7a0 20082008200820082008200820082008
N3GD_BODY id=26 off=7b0 20082008200820082008200820082008
N3GD_BODY id=26 off=7c0 20082008200820082008200820082008
N3GD_BODY id=26 off=7d0 20082008200820082008200820082008
N3GD_BODY id=26 off=7e0 20082008200820082008200820082008
N3GD_BODY id=26 off=7f0 20082008200820082008200820082008
N3GD_OOB id=26 off=000 f005060036db0000ff40ffffe5ab0678
N3GD_OOB id=26 off=010 0a52efac2207c7a2053adbc8606282c5
N3GD_OOB id=26 off=020 374bcde4a25178a6eb7e94b8b7fa1e2e
N3GD_OOB id=26 off=030 eddbaafff14d9b9ea7ce563d3b3c79fe
N3GD_END id=26
N3GD_BEGIN id=27 kind=cand j=-1 v=0003 po=249 sl=4294967295 l0=FFFFFFFF host=0000A07E tgt=000140FC bank=1 pb=428 pp=62 phy=54846 shift=4294967295 t=00 ix=0000 u=00000000 l=00000000
N3GD_BODY id=27 off=000 00000000000000000000000000000000
N3GD_BODY id=27 off=010 00000000000000000000000000000000
N3GD_BODY id=27 off=020 00000000000000000000000000000000
N3GD_BODY id=27 off=030 00000000000000000000000000000000
N3GD_BODY id=27 off=040 00000000000000000000000000000000
N3GD_BODY id=27 off=050 00000000000000000000000000000000
N3GD_BODY id=27 off=060 00000000000000000000000000000000
N3GD_BODY id=27 off=070 00000000000000000000000000000000
N3GD_BODY id=27 off=080 00000000000000000000000000000000
N3GD_BODY id=27 off=090 00000000000000000000000000000000
N3GD_BODY id=27 off=0a0 00000000000000000000000000000000
N3GD_BODY id=27 off=0b0 00000000000000000000000000000000
N3GD_BODY id=27 off=0c0 00000000000000000000000000000000
N3GD_BODY id=27 off=0d0 00000000000000000000000000000000
N3GD_BODY id=27 off=0e0 00000000000000000000000000000000
N3GD_BODY id=27 off=0f0 00000000000000000000000000000000
N3GD_BODY id=27 off=100 00000000000000000000000000000000
N3GD_BODY id=27 off=110 00000000000000000000000000000000
N3GD_BODY id=27 off=120 00000000000000000000000000000000
N3GD_BODY id=27 off=130 00000000000000000000000000000000
N3GD_BODY id=27 off=140 00000000000000000000000000000000
N3GD_BODY id=27 off=150 00000000000000000000000000000000
N3GD_BODY id=27 off=160 00000000000000000000000000000000
N3GD_BODY id=27 off=170 00000000000000000000000000000000
N3GD_BODY id=27 off=180 00000000000000000000000000000000
N3GD_BODY id=27 off=190 00000000000000000000000000000000
N3GD_BODY id=27 off=1a0 00000000000000000000000000000000
N3GD_BODY id=27 off=1b0 00000000000000000000000000000000
N3GD_BODY id=27 off=1c0 00000000000000000000000000000000
N3GD_BODY id=27 off=1d0 00000000000000000000000000000000
N3GD_BODY id=27 off=1e0 00000000000000000000000000000000
N3GD_BODY id=27 off=1f0 00000000000000000000000000000000
N3GD_BODY id=27 off=200 00000000000000000000000000000000
N3GD_BODY id=27 off=210 00000000000000000000000000000000
N3GD_BODY id=27 off=220 00000000000000000000000000000000
N3GD_BODY id=27 off=230 00000000000000000000000000000000
N3GD_BODY id=27 off=240 00000000000000000000000000000000
N3GD_BODY id=27 off=250 00000000000000000000000000000000
N3GD_BODY id=27 off=260 00000000000000000000000000000000
N3GD_BODY id=27 off=270 00000000000000000000000000000000
N3GD_BODY id=27 off=280 00000000000000000000000000000000
N3GD_BODY id=27 off=290 00000000000000000000000000000000
N3GD_BODY id=27 off=2a0 00000000000000000000000000000000
N3GD_BODY id=27 off=2b0 00000000000000000000000000000000
N3GD_BODY id=27 off=2c0 00000000000000000000000000000000
N3GD_BODY id=27 off=2d0 00000000000000000000000000000000
N3GD_BODY id=27 off=2e0 00000000000000000000000000000000
N3GD_BODY id=27 off=2f0 00000000000000000000000000000000
N3GD_BODY id=27 off=300 00000000000000000000000000000000
N3GD_BODY id=27 off=310 00000000000000000000000000000000
N3GD_BODY id=27 off=320 00000000000000000000000000000000
N3GD_BODY id=27 off=330 00000000000000000000000000000000
N3GD_BODY id=27 off=340 00000000000000000000000000000000
N3GD_BODY id=27 off=350 00000000000000000000000000000000
N3GD_BODY id=27 off=360 00000000000000000000000000000000
N3GD_BODY id=27 off=370 00000000000000000000000000000000
N3GD_BODY id=27 off=380 00000000000000000000000000000000
N3GD_BODY id=27 off=390 00000000000000000000000000000000
N3GD_BODY id=27 off=3a0 00000000000000000000000000000000
N3GD_BODY id=27 off=3b0 00000000000000000000000000000000
N3GD_BODY id=27 off=3c0 00000000000000000000000000000000
N3GD_BODY id=27 off=3d0 00000000000000000000000000000000
N3GD_BODY id=27 off=3e0 00000000000000000000000000000000
N3GD_BODY id=27 off=3f0 00000000000000000000000000000000
N3GD_BODY id=27 off=400 00000000000000000000000000000000
N3GD_BODY id=27 off=410 00000000000000000000000000000000
N3GD_BODY id=27 off=420 00000000000000000000000000000000
N3GD_BODY id=27 off=430 00000000000000000000000000000000
N3GD_BODY id=27 off=440 00000000000000000000000000000000
N3GD_BODY id=27 off=450 00000000000000000000000000000000
N3GD_BODY id=27 off=460 00000000000000000000000000000000
N3GD_BODY id=27 off=470 00000000000000000000000000000000
N3GD_BODY id=27 off=480 00000000000000000000000000000000
N3GD_BODY id=27 off=490 00000000000000000000000000000000
N3GD_BODY id=27 off=4a0 00000000000000000000000000000000
N3GD_BODY id=27 off=4b0 00000000000000000000000000000000
N3GD_BODY id=27 off=4c0 00000000000000000000000000000000
N3GD_BODY id=27 off=4d0 00000000000000000000000000000000
N3GD_BODY id=27 off=4e0 00000000000000000000000000000000
N3GD_BODY id=27 off=4f0 00000000000000000000000000000000
N3GD_BODY id=27 off=500 00000000000000000000000000000000
N3GD_BODY id=27 off=510 00000000000000000000000000000000
N3GD_BODY id=27 off=520 00000000000000000000000000000000
N3GD_BODY id=27 off=530 00000000000000000000000000000000
N3GD_BODY id=27 off=540 00000000000000000000000000000000
N3GD_BODY id=27 off=550 00000000000000000000000000000000
N3GD_BODY id=27 off=560 00000000000000000000000000000000
N3GD_BODY id=27 off=570 00000000000000000000000000000000
N3GD_BODY id=27 off=580 00000000000000000000000000000000
N3GD_BODY id=27 off=590 00000000000000000000000000000000
N3GD_BODY id=27 off=5a0 00000000000000000000000000000000
N3GD_BODY id=27 off=5b0 00000000000000000000000000000000
N3GD_BODY id=27 off=5c0 00000000000000000000000000000000
N3GD_BODY id=27 off=5d0 00000000000000000000000000000000
N3GD_BODY id=27 off=5e0 00000000000000000000000000000000
N3GD_BODY id=27 off=5f0 00000000000000000000000000000000
N3GD_BODY id=27 off=600 00000000000000000000000000000000
N3GD_BODY id=27 off=610 00000000000000000000000000000000
N3GD_BODY id=27 off=620 00000000000000000000000000000000
N3GD_BODY id=27 off=630 00000000000000000000000000000000
N3GD_BODY id=27 off=640 00000000000000000000000000000000
N3GD_BODY id=27 off=650 00000000000000000000000000000000
N3GD_BODY id=27 off=660 00000000000000000000000000000000
N3GD_BODY id=27 off=670 00000000000000000000000000000000
N3GD_BODY id=27 off=680 00000000000000000000000000000000
N3GD_BODY id=27 off=690 00000000000000000000000000000000
N3GD_BODY id=27 off=6a0 00000000000000000000000000000000
N3GD_BODY id=27 off=6b0 00000000000000000000000000000000
N3GD_BODY id=27 off=6c0 00000000000000000000000000000000
N3GD_BODY id=27 off=6d0 00000000000000000000000000000000
N3GD_BODY id=27 off=6e0 00000000000000000000000000000000
N3GD_BODY id=27 off=6f0 00000000000000000000000000000000
N3GD_BODY id=27 off=700 00000000000000000000000000000000
N3GD_BODY id=27 off=710 00000000000000000000000000000000
N3GD_BODY id=27 off=720 00000000000000000000000000000000
N3GD_BODY id=27 off=730 00000000000000000000000000000000
N3GD_BODY id=27 off=740 00000000000000000000000000000000
N3GD_BODY id=27 off=750 00000000000000000000000000000000
N3GD_BODY id=27 off=760 00000000000000000000000000000000
N3GD_BODY id=27 off=770 00000000000000000000000000000000
N3GD_BODY id=27 off=780 00000000000000000000000000000000
N3GD_BODY id=27 off=790 00000000000000000000000000000000
N3GD_BODY id=27 off=7a0 00000000000000000000000000000000
N3GD_BODY id=27 off=7b0 00000000000000000000000000000000
N3GD_BODY id=27 off=7c0 00000000000000000000000000000000
N3GD_BODY id=27 off=7d0 00000000000000000000000000000000
N3GD_BODY id=27 off=7e0 00000000000000000000000000000000
N3GD_BODY id=27 off=7f0 00000000000000000000000000000000
N3GD_OOB id=27 off=000 000000000000000000000000e5ab0678
N3GD_OOB id=27 off=010 0a52efac2207c7a2053adbc8606282c5
N3GD_OOB id=27 off=020 374bcde4a25178a6eb7e94b8b7fa1e2e
N3GD_OOB id=27 off=030 eddbaafff14d9b9ea7ce563d3b3c79fe
N3GD_END id=27
N3GD_BEGIN id=28 kind=cand j=-1 v=0003 po=250 sl=4294967295 l0=FFFFFFFF host=0000A07E tgt=000140FC bank=2 pb=428 pp=62 phy=54846 shift=4294967295 t=00 ix=0000 u=00000000 l=00000000
N3GD_BODY id=28 off=000 00000000000000000000000000000000
N3GD_BODY id=28 off=010 00000000000000000000000000000000
N3GD_BODY id=28 off=020 00000000000000000000000000000000
N3GD_BODY id=28 off=030 00000000000000000000000000000000
N3GD_BODY id=28 off=040 00000000000000000000000000000000
N3GD_BODY id=28 off=050 00000000000000000000000000000000
N3GD_BODY id=28 off=060 00000000000000000000000000000000
N3GD_BODY id=28 off=070 00000000000000000000000000000000
N3GD_BODY id=28 off=080 00000000000000000000000000000000
N3GD_BODY id=28 off=090 00000000000000000000000000000000
N3GD_BODY id=28 off=0a0 00000000000000000000000000000000
N3GD_BODY id=28 off=0b0 00000000000000000000000000000000
N3GD_BODY id=28 off=0c0 00000000000000000000000000000000
N3GD_BODY id=28 off=0d0 00000000000000000000000000000000
N3GD_BODY id=28 off=0e0 00000000000000000000000000000000
N3GD_BODY id=28 off=0f0 00000000000000000000000000000000
N3GD_BODY id=28 off=100 00000000000000000000000000000000
N3GD_BODY id=28 off=110 00000000000000000000000000000000
N3GD_BODY id=28 off=120 00000000000000000000000000000000
N3GD_BODY id=28 off=130 00000000000000000000000000000000
N3GD_BODY id=28 off=140 00000000000000000000000000000000
N3GD_BODY id=28 off=150 00000000000000000000000000000000
N3GD_BODY id=28 off=160 00000000000000000000000000000000
N3GD_BODY id=28 off=170 00000000000000000000000000000000
N3GD_BODY id=28 off=180 00000000000000000000000000000000
N3GD_BODY id=28 off=190 00000000000000000000000000000000
N3GD_BODY id=28 off=1a0 00000000000000000000000000000000
N3GD_BODY id=28 off=1b0 00000000000000000000000000000000
N3GD_BODY id=28 off=1c0 00000000000000000000000000000000
N3GD_BODY id=28 off=1d0 00000000000000000000000000000000
N3GD_BODY id=28 off=1e0 00000000000000000000000000000000
N3GD_BODY id=28 off=1f0 00000000000000000000000000000000
N3GD_BODY id=28 off=200 00000000000000000000000000000000
N3GD_BODY id=28 off=210 00000000000000000000000000000000
N3GD_BODY id=28 off=220 00000000000000000000000000000000
N3GD_BODY id=28 off=230 00000000000000000000000000000000
N3GD_BODY id=28 off=240 00000000000000000000000000000000
N3GD_BODY id=28 off=250 00000000000000000000000000000000
N3GD_BODY id=28 off=260 00000000000000000000000000000000
N3GD_BODY id=28 off=270 00000000000000000000000000000000
N3GD_BODY id=28 off=280 00000000000000000000000000000000
N3GD_BODY id=28 off=290 00000000000000000000000000000000
N3GD_BODY id=28 off=2a0 00000000000000000000000000000000
N3GD_BODY id=28 off=2b0 00000000000000000000000000000000
N3GD_BODY id=28 off=2c0 00000000000000000000000000000000
N3GD_BODY id=28 off=2d0 00000000000000000000000000000000
N3GD_BODY id=28 off=2e0 00000000000000000000000000000000
N3GD_BODY id=28 off=2f0 00000000000000000000000000000000
N3GD_BODY id=28 off=300 00000000000000000000000000000000
N3GD_BODY id=28 off=310 00000000000000000000000000000000
N3GD_BODY id=28 off=320 00000000000000000000000000000000
N3GD_BODY id=28 off=330 00000000000000000000000000000000
N3GD_BODY id=28 off=340 00000000000000000000000000000000
N3GD_BODY id=28 off=350 00000000000000000000000000000000
N3GD_BODY id=28 off=360 00000000000000000000000000000000
N3GD_BODY id=28 off=370 00000000000000000000000000000000
N3GD_BODY id=28 off=380 00000000000000000000000000000000
N3GD_BODY id=28 off=390 00000000000000000000000000000000
N3GD_BODY id=28 off=3a0 00000000000000000000000000000000
N3GD_BODY id=28 off=3b0 00000000000000000000000000000000
N3GD_BODY id=28 off=3c0 00000000000000000000000000000000
N3GD_BODY id=28 off=3d0 00000000000000000000000000000000
N3GD_BODY id=28 off=3e0 00000000000000000000000000000000
N3GD_BODY id=28 off=3f0 00000000000000000000000000000000
N3GD_BODY id=28 off=400 00000000000000000000000000000000
N3GD_BODY id=28 off=410 00000000000000000000000000000000
N3GD_BODY id=28 off=420 00000000000000000000000000000000
N3GD_BODY id=28 off=430 00000000000000000000000000000000
N3GD_BODY id=28 off=440 00000000000000000000000000000000
N3GD_BODY id=28 off=450 00000000000000000000000000000000
N3GD_BODY id=28 off=460 00000000000000000000000000000000
N3GD_BODY id=28 off=470 00000000000000000000000000000000
N3GD_BODY id=28 off=480 00000000000000000000000000000000
N3GD_BODY id=28 off=490 00000000000000000000000000000000
N3GD_BODY id=28 off=4a0 00000000000000000000000000000000
N3GD_BODY id=28 off=4b0 00000000000000000000000000000000
N3GD_BODY id=28 off=4c0 00000000000000000000000000000000
N3GD_BODY id=28 off=4d0 00000000000000000000000000000000
N3GD_BODY id=28 off=4e0 00000000000000000000000000000000
N3GD_BODY id=28 off=4f0 00000000000000000000000000000000
N3GD_BODY id=28 off=500 00000000000000000000000000000000
N3GD_BODY id=28 off=510 00000000000000000000000000000000
N3GD_BODY id=28 off=520 00000000000000000000000000000000
N3GD_BODY id=28 off=530 00000000000000000000000000000000
N3GD_BODY id=28 off=540 00000000000000000000000000000000
N3GD_BODY id=28 off=550 00000000000000000000000000000000
N3GD_BODY id=28 off=560 00000000000000000000000000000000
N3GD_BODY id=28 off=570 00000000000000000000000000000000
N3GD_BODY id=28 off=580 00000000000000000000000000000000
N3GD_BODY id=28 off=590 00000000000000000000000000000000
N3GD_BODY id=28 off=5a0 00000000000000000000000000000000
N3GD_BODY id=28 off=5b0 00000000000000000000000000000000
N3GD_BODY id=28 off=5c0 00000000000000000000000000000000
N3GD_BODY id=28 off=5d0 00000000000000000000000000000000
N3GD_BODY id=28 off=5e0 00000000000000000000000000000000
N3GD_BODY id=28 off=5f0 00000000000000000000000000000000
N3GD_BODY id=28 off=600 00000000000000000000000000000000
N3GD_BODY id=28 off=610 00000000000000000000000000000000
N3GD_BODY id=28 off=620 00000000000000000000000000000000
N3GD_BODY id=28 off=630 00000000000000000000000000000000
N3GD_BODY id=28 off=640 00000000000000000000000000000000
N3GD_BODY id=28 off=650 00000000000000000000000000000000
N3GD_BODY id=28 off=660 00000000000000000000000000000000
N3GD_BODY id=28 off=670 00000000000000000000000000000000
N3GD_BODY id=28 off=680 00000000000000000000000000000000
N3GD_BODY id=28 off=690 00000000000000000000000000000000
N3GD_BODY id=28 off=6a0 00000000000000000000000000000000
N3GD_BODY id=28 off=6b0 00000000000000000000000000000000
N3GD_BODY id=28 off=6c0 00000000000000000000000000000000
N3GD_BODY id=28 off=6d0 00000000000000000000000000000000
N3GD_BODY id=28 off=6e0 00000000000000000000000000000000
N3GD_BODY id=28 off=6f0 00000000000000000000000000000000
N3GD_BODY id=28 off=700 00000000000000000000000000000000
N3GD_BODY id=28 off=710 00000000000000000000000000000000
N3GD_BODY id=28 off=720 00000000000000000000000000000000
N3GD_BODY id=28 off=730 00000000000000000000000000000000
N3GD_BODY id=28 off=740 00000000000000000000000000000000
N3GD_BODY id=28 off=750 00000000000000000000000000000000
N3GD_BODY id=28 off=760 00000000000000000000000000000000
N3GD_BODY id=28 off=770 00000000000000000000000000000000
N3GD_BODY id=28 off=780 00000000000000000000000000000000
N3GD_BODY id=28 off=790 00000000000000000000000000000000
N3GD_BODY id=28 off=7a0 00000000000000000000000000000000
N3GD_BODY id=28 off=7b0 00000000000000000000000000000000
N3GD_BODY id=28 off=7c0 00000000000000000000000000000000
N3GD_BODY id=28 off=7d0 00000000000000000000000000000000
N3GD_BODY id=28 off=7e0 00000000000000000000000000000000
N3GD_BODY id=28 off=7f0 00000000000000000000000000000000
N3GD_OOB id=28 off=000 000000000000000000000000e5ab0678
N3GD_OOB id=28 off=010 0a52efac2207c7a2053adbc8606282c5
N3GD_OOB id=28 off=020 374bcde4a25178a6eb7e94b8b7fa1e2e
N3GD_OOB id=28 off=030 eddbaafff14d9b9ea7ce563d3b3c79fe
N3GD_END id=28
N3GD_BEGIN id=29 kind=cand j=-1 v=0003 po=251 sl=4294967295 l0=FFFFFFFF host=0000A07E tgt=000140FC bank=3 pb=428 pp=62 phy=54846 shift=4294967295 t=00 ix=0000 u=00000000 l=00000000
N3GD_BODY id=29 off=000 00000000000000000000000000000000
N3GD_BODY id=29 off=010 00000000000000000000000000000000
N3GD_BODY id=29 off=020 00000000000000000000000000000000
N3GD_BODY id=29 off=030 00000000000000000000000000000000
N3GD_BODY id=29 off=040 00000000000000000000000000000000
N3GD_BODY id=29 off=050 00000000000000000000000000000000
N3GD_BODY id=29 off=060 00000000000000000000000000000000
N3GD_BODY id=29 off=070 00000000000000000000000000000000
N3GD_BODY id=29 off=080 00000000000000000000000000000000
N3GD_BODY id=29 off=090 00000000000000000000000000000000
N3GD_BODY id=29 off=0a0 00000000000000000000000000000000
N3GD_BODY id=29 off=0b0 00000000000000000000000000000000
N3GD_BODY id=29 off=0c0 00000000000000000000000000000000
N3GD_BODY id=29 off=0d0 00000000000000000000000000000000
N3GD_BODY id=29 off=0e0 00000000000000000000000000000000
N3GD_BODY id=29 off=0f0 00000000000000000000000000000000
N3GD_BODY id=29 off=100 00000000000000000000000000000000
N3GD_BODY id=29 off=110 00000000000000000000000000000000
N3GD_BODY id=29 off=120 00000000000000000000000000000000
N3GD_BODY id=29 off=130 00000000000000000000000000000000
N3GD_BODY id=29 off=140 00000000000000000000000000000000
N3GD_BODY id=29 off=150 00000000000000000000000000000000
N3GD_BODY id=29 off=160 00000000000000000000000000000000
N3GD_BODY id=29 off=170 00000000000000000000000000000000
N3GD_BODY id=29 off=180 00000000000000000000000000000000
N3GD_BODY id=29 off=190 00000000000000000000000000000000
N3GD_BODY id=29 off=1a0 00000000000000000000000000000000
N3GD_BODY id=29 off=1b0 00000000000000000000000000000000
N3GD_BODY id=29 off=1c0 00000000000000000000000000000000
N3GD_BODY id=29 off=1d0 00000000000000000000000000000000
N3GD_BODY id=29 off=1e0 00000000000000000000000000000000
N3GD_BODY id=29 off=1f0 00000000000000000000000000000000
N3GD_BODY id=29 off=200 00000000000000000000000000000000
N3GD_BODY id=29 off=210 00000000000000000000000000000000
N3GD_BODY id=29 off=220 00000000000000000000000000000000
N3GD_BODY id=29 off=230 00000000000000000000000000000000
N3GD_BODY id=29 off=240 00000000000000000000000000000000
N3GD_BODY id=29 off=250 00000000000000000000000000000000
N3GD_BODY id=29 off=260 00000000000000000000000000000000
N3GD_BODY id=29 off=270 00000000000000000000000000000000
N3GD_BODY id=29 off=280 00000000000000000000000000000000
N3GD_BODY id=29 off=290 00000000000000000000000000000000
N3GD_BODY id=29 off=2a0 00000000000000000000000000000000
N3GD_BODY id=29 off=2b0 00000000000000000000000000000000
N3GD_BODY id=29 off=2c0 00000000000000000000000000000000
N3GD_BODY id=29 off=2d0 00000000000000000000000000000000
N3GD_BODY id=29 off=2e0 00000000000000000000000000000000
N3GD_BODY id=29 off=2f0 00000000000000000000000000000000
N3GD_BODY id=29 off=300 00000000000000000000000000000000
N3GD_BODY id=29 off=310 00000000000000000000000000000000
N3GD_BODY id=29 off=320 00000000000000000000000000000000
N3GD_BODY id=29 off=330 00000000000000000000000000000000
N3GD_BODY id=29 off=340 00000000000000000000000000000000
N3GD_BODY id=29 off=350 00000000000000000000000000000000
N3GD_BODY id=29 off=360 00000000000000000000000000000000
N3GD_BODY id=29 off=370 00000000000000000000000000000000
N3GD_BODY id=29 off=380 00000000000000000000000000000000
N3GD_BODY id=29 off=390 00000000000000000000000000000000
N3GD_BODY id=29 off=3a0 00000000000000000000000000000000
N3GD_BODY id=29 off=3b0 00000000000000000000000000000000
N3GD_BODY id=29 off=3c0 00000000000000000000000000000000
N3GD_BODY id=29 off=3d0 00000000000000000000000000000000
N3GD_BODY id=29 off=3e0 00000000000000000000000000000000
N3GD_BODY id=29 off=3f0 00000000000000000000000000000000
N3GD_BODY id=29 off=400 00000000000000000000000000000000
N3GD_BODY id=29 off=410 00000000000000000000000000000000
N3GD_BODY id=29 off=420 00000000000000000000000000000000
N3GD_BODY id=29 off=430 00000000000000000000000000000000
N3GD_BODY id=29 off=440 00000000000000000000000000000000
N3GD_BODY id=29 off=450 00000000000000000000000000000000
N3GD_BODY id=29 off=460 00000000000000000000000000000000
N3GD_BODY id=29 off=470 00000000000000000000000000000000
N3GD_BODY id=29 off=480 00000000000000000000000000000000
N3GD_BODY id=29 off=490 00000000000000000000000000000000
N3GD_BODY id=29 off=4a0 00000000000000000000000000000000
N3GD_BODY id=29 off=4b0 00000000000000000000000000000000
N3GD_BODY id=29 off=4c0 00000000000000000000000000000000
N3GD_BODY id=29 off=4d0 00000000000000000000000000000000
N3GD_BODY id=29 off=4e0 00000000000000000000000000000000
N3GD_BODY id=29 off=4f0 00000000000000000000000000000000
N3GD_BODY id=29 off=500 00000000000000000000000000000000
N3GD_BODY id=29 off=510 00000000000000000000000000000000
N3GD_BODY id=29 off=520 00000000000000000000000000000000
N3GD_BODY id=29 off=530 00000000000000000000000000000000
N3GD_BODY id=29 off=540 00000000000000000000000000000000
N3GD_BODY id=29 off=550 00000000000000000000000000000000
N3GD_BODY id=29 off=560 00000000000000000000000000000000
N3GD_BODY id=29 off=570 00000000000000000000000000000000
N3GD_BODY id=29 off=580 00000000000000000000000000000000
N3GD_BODY id=29 off=590 00000000000000000000000000000000
N3GD_BODY id=29 off=5a0 00000000000000000000000000000000
N3GD_BODY id=29 off=5b0 00000000000000000000000000000000
N3GD_BODY id=29 off=5c0 00000000000000000000000000000000
N3GD_BODY id=29 off=5d0 00000000000000000000000000000000
N3GD_BODY id=29 off=5e0 00000000000000000000000000000000
N3GD_BODY id=29 off=5f0 00000000000000000000000000000000
N3GD_BODY id=29 off=600 00000000000000000000000000000000
N3GD_BODY id=29 off=610 00000000000000000000000000000000
N3GD_BODY id=29 off=620 00000000000000000000000000000000
N3GD_BODY id=29 off=630 00000000000000000000000000000000
N3GD_BODY id=29 off=640 00000000000000000000000000000000
N3GD_BODY id=29 off=650 00000000000000000000000000000000
N3GD_BODY id=29 off=660 00000000000000000000000000000000
N3GD_BODY id=29 off=670 00000000000000000000000000000000
N3GD_BODY id=29 off=680 00000000000000000000000000000000
N3GD_BODY id=29 off=690 00000000000000000000000000000000
N3GD_BODY id=29 off=6a0 00000000000000000000000000000000
N3GD_BODY id=29 off=6b0 00000000000000000000000000000000
N3GD_BODY id=29 off=6c0 00000000000000000000000000000000
N3GD_BODY id=29 off=6d0 00000000000000000000000000000000
N3GD_BODY id=29 off=6e0 00000000000000000000000000000000
N3GD_BODY id=29 off=6f0 00000000000000000000000000000000
N3GD_BODY id=29 off=700 00000000000000000000000000000000
N3GD_BODY id=29 off=710 00000000000000000000000000000000
N3GD_BODY id=29 off=720 00000000000000000000000000000000
N3GD_BODY id=29 off=730 00000000000000000000000000000000
N3GD_BODY id=29 off=740 00000000000000000000000000000000
N3GD_BODY id=29 off=750 00000000000000000000000000000000
N3GD_BODY id=29 off=760 00000000000000000000000000000000
N3GD_BODY id=29 off=770 00000000000000000000000000000000
N3GD_BODY id=29 off=780 00000000000000000000000000000000
N3GD_BODY id=29 off=790 00000000000000000000000000000000
N3GD_BODY id=29 off=7a0 00000000000000000000000000000000
N3GD_BODY id=29 off=7b0 00000000000000000000000000000000
N3GD_BODY id=29 off=7c0 00000000000000000000000000000000
N3GD_BODY id=29 off=7d0 00000000000000000000000000000000
N3GD_BODY id=29 off=7e0 00000000000000000000000000000000
N3GD_BODY id=29 off=7f0 00000000000000000000000000000000
N3GD_OOB id=29 off=000 000000000000000000000000e5ab0678
N3GD_OOB id=29 off=010 0a52efac2207c7a2053adbc8606282c5
N3GD_OOB id=29 off=020 374bcde4a25178a6eb7e94b8b7fa1e2e
N3GD_OOB id=29 off=030 eddbaafff14d9b9ea7ce563d3b3c79fe
N3GD_END id=29
N3GD_BEGIN id=30 kind=cand j=-1 v=0003 po=252 sl=0 l0=FFFFFFFF host=0000A07E tgt=000140FC bank=0 pb=428 pp=63 phy=54847 shift=1 t=40 ix=DB36 u=000605F8 l=000605F8
N3GD_BODY id=30 off=000 00080008000800080008000800080008
N3GD_BODY id=30 off=010 00080008000800080008000800080008
N3GD_BODY id=30 off=020 00080008000800080008000800080008
N3GD_BODY id=30 off=030 00080008000800080008000800080008
N3GD_BODY id=30 off=040 00080008000800080008000800080008
N3GD_BODY id=30 off=050 00080008000800080008000800080008
N3GD_BODY id=30 off=060 00080008000800080000000000000000
N3GD_BODY id=30 off=070 00000000000000000000000000000000
N3GD_BODY id=30 off=080 20082008200820082008200820082008
N3GD_BODY id=30 off=090 20082008200820082008200820082008
N3GD_BODY id=30 off=0a0 20082008200820082008200820082008
N3GD_BODY id=30 off=0b0 20082008200820082008200820082008
N3GD_BODY id=30 off=0c0 20082008200820082008200820082008
N3GD_BODY id=30 off=0d0 20082008200820082008200820082008
N3GD_BODY id=30 off=0e0 20082008200820082008200820082008
N3GD_BODY id=30 off=0f0 20082008200820082008200820082008
N3GD_BODY id=30 off=100 20082008200820082008200820082008
N3GD_BODY id=30 off=110 20082008200820082008200820082008
N3GD_BODY id=30 off=120 20082008200820082008200820082008
N3GD_BODY id=30 off=130 20082008200820082010201020102010
N3GD_BODY id=30 off=140 20102010201020102010201020102010
N3GD_BODY id=30 off=150 20102010201020102010201020102010
N3GD_BODY id=30 off=160 20102010201020102010201020102010
N3GD_BODY id=30 off=170 20102010201020102010201020102010
N3GD_BODY id=30 off=180 20102010201020102010201020102010
N3GD_BODY id=30 off=190 20102010201020102010201020102010
N3GD_BODY id=30 off=1a0 20102010201020102010201020102008
N3GD_BODY id=30 off=1b0 20082008200820082008200820082008
N3GD_BODY id=30 off=1c0 20102008200820082008200820082008
N3GD_BODY id=30 off=1d0 20082008200820082008200820082008
N3GD_BODY id=30 off=1e0 20082008200820082008200820082008
N3GD_BODY id=30 off=1f0 20082008200820082008200820082008
N3GD_BODY id=30 off=200 20082008200820082008200820082008
N3GD_BODY id=30 off=210 20082008200820082008200820082008
N3GD_BODY id=30 off=220 20082008200820082008200820082008
N3GD_BODY id=30 off=230 20082008200820082008200820082008
N3GD_BODY id=30 off=240 20082008200820082008200820082008
N3GD_BODY id=30 off=250 20082008200820082008200820082008
N3GD_BODY id=30 off=260 20082008200820082008200820082008
N3GD_BODY id=30 off=270 20082008200820082008200820082008
N3GD_BODY id=30 off=280 20082008200820082008200820082008
N3GD_BODY id=30 off=290 00080008000800080008000800080008
N3GD_BODY id=30 off=2a0 00080008000800080008000800080008
N3GD_BODY id=30 off=2b0 00080008000800080008000800080008
N3GD_BODY id=30 off=2c0 00080008000800080008000800080008
N3GD_BODY id=30 off=2d0 00080008000800080008000800080008
N3GD_BODY id=30 off=2e0 00080008000800080008000800080008
N3GD_BODY id=30 off=2f0 00080008000800080008000800080008
N3GD_BODY id=30 off=300 00080008000800080008000800080008
N3GD_BODY id=30 off=310 00080008000800080008000800080008
N3GD_BODY id=30 off=320 00080008000800080008000800080008
N3GD_BODY id=30 off=330 00080008000800080008000800080008
N3GD_BODY id=30 off=340 00080008000800080008000800080008
N3GD_BODY id=30 off=350 00080008000800080008000800080008
N3GD_BODY id=30 off=360 00080008000800080008000800080008
N3GD_BODY id=30 off=370 00080008000800080008000800080008
N3GD_BODY id=30 off=380 00080008000800080008000800080008
N3GD_BODY id=30 off=390 00080008000800080008000800080008
N3GD_BODY id=30 off=3a0 00080008000800080008000800080008
N3GD_BODY id=30 off=3b0 00080008000800080008000800080008
N3GD_BODY id=30 off=3c0 00080008000800080008000800080008
N3GD_BODY id=30 off=3d0 00080008000800080008000800080008
N3GD_BODY id=30 off=3e0 00080008000800080008000800080008
N3GD_BODY id=30 off=3f0 00080008000800080008000800080008
N3GD_BODY id=30 off=400 00080008000800080008000800080008
N3GD_BODY id=30 off=410 00080008000800080008000800080008
N3GD_BODY id=30 off=420 00080008000800080008000800080008
N3GD_BODY id=30 off=430 00080008000800080008000800080008
N3GD_BODY id=30 off=440 00080008000800080008000800080008
N3GD_BODY id=30 off=450 00080008000800080008000800080008
N3GD_BODY id=30 off=460 00080008000800080008000800080008
N3GD_BODY id=30 off=470 00080008000800080008000800080008
N3GD_BODY id=30 off=480 00080008000800080008000800080008
N3GD_BODY id=30 off=490 00080008000800080008000800080008
N3GD_BODY id=30 off=4a0 00080008000800080008000800080008
N3GD_BODY id=30 off=4b0 00080008000800080008000800080008
N3GD_BODY id=30 off=4c0 00080008000800080008000800080008
N3GD_BODY id=30 off=4d0 00080008000800080008000800080008
N3GD_BODY id=30 off=4e0 00080008000800080008000800080008
N3GD_BODY id=30 off=4f0 00080008000800080008000800080008
N3GD_BODY id=30 off=500 00080008000800080008000800080008
N3GD_BODY id=30 off=510 00080008000800080008000800080008
N3GD_BODY id=30 off=520 00000000000000000000000000000000
N3GD_BODY id=30 off=530 00000000000000000000000000000000
N3GD_BODY id=30 off=540 00000000000000000000000000000000
N3GD_BODY id=30 off=550 00000000000000000000000000000000
N3GD_BODY id=30 off=560 00000000000000000000000000000000
N3GD_BODY id=30 off=570 00000000000000000000000000000000
N3GD_BODY id=30 off=580 00080008000800080008000800080008
N3GD_BODY id=30 off=590 00080008000800080008000800080008
N3GD_BODY id=30 off=5a0 00080008200820082008200820082008
N3GD_BODY id=30 off=5b0 20082008200820082008200820082008
N3GD_BODY id=30 off=5c0 20082008200820082008200820082008
N3GD_BODY id=30 off=5d0 20082008200820082008200820082008
N3GD_BODY id=30 off=5e0 20082008200820082008200820082008
N3GD_BODY id=30 off=5f0 20082008200820082008200820082008
N3GD_BODY id=30 off=600 20082008200820082008200820082008
N3GD_BODY id=30 off=610 20082008200820082008200820082008
N3GD_BODY id=30 off=620 20082008200820082008200820082008
N3GD_BODY id=30 off=630 20082008200820082008200820082008
N3GD_BODY id=30 off=640 20082008200820082008200820082008
N3GD_BODY id=30 off=650 20082008200820082008200820082008
N3GD_BODY id=30 off=660 20082008200820082008200820082008
N3GD_BODY id=30 off=670 20082008200820082008200820082008
N3GD_BODY id=30 off=680 20082008200820082008200820082008
N3GD_BODY id=30 off=690 20082008200820082008200820082008
N3GD_BODY id=30 off=6a0 20082008200820082008200820082008
N3GD_BODY id=30 off=6b0 20082008200820082008200820082008
N3GD_BODY id=30 off=6c0 20082008200820082008200820082008
N3GD_BODY id=30 off=6d0 20082008200820082008200820082008
N3GD_BODY id=30 off=6e0 20082008200820082008200820082008
N3GD_BODY id=30 off=6f0 20082008200820082008200820082008
N3GD_BODY id=30 off=700 20082008200820082008200820082008
N3GD_BODY id=30 off=710 20082008200820082008200820082008
N3GD_BODY id=30 off=720 20082008200820082008200820082008
N3GD_BODY id=30 off=730 20082008200820082008200820082008
N3GD_BODY id=30 off=740 20082008200820082008200820082008
N3GD_BODY id=30 off=750 20082008200800080008000800080008
N3GD_BODY id=30 off=760 00080008000800080008000800080008
N3GD_BODY id=30 off=770 00080008000800080008000800080008
N3GD_BODY id=30 off=780 00080008000800080008000800080008
N3GD_BODY id=30 off=790 00080008000800080008000800080008
N3GD_BODY id=30 off=7a0 00080008000800080008000800080008
N3GD_BODY id=30 off=7b0 00080008000800080008000800080008
N3GD_BODY id=30 off=7c0 00080008000800080008000800080008
N3GD_BODY id=30 off=7d0 00080008000800080008000800080008
N3GD_BODY id=30 off=7e0 00080008000800080008000800080008
N3GD_BODY id=30 off=7f0 00080008000800080008000800080008
N3GD_OOB id=30 off=000 f805060036db0000ff40ffffe5ab0678
N3GD_OOB id=30 off=010 0a52efac2207c7a2053adbc8606282c5
N3GD_OOB id=30 off=020 374bcde4a25178a6eb7e94b8b7fa1e2e
N3GD_OOB id=30 off=030 eddbaafff14d9b9ea7ce563d3b3c79fe
N3GD_END id=30
N3GD_BEGIN id=31 kind=cand j=-1 v=0003 po=253 sl=4294967295 l0=FFFFFFFF host=0000A07E tgt=000140FC bank=1 pb=428 pp=63 phy=54847 shift=4294967295 t=00 ix=0000 u=00000000 l=00000000
N3GD_BODY id=31 off=000 00000000000000000000000000000000
N3GD_BODY id=31 off=010 00000000000000000000000000000000
N3GD_BODY id=31 off=020 00000000000000000000000000000000
N3GD_BODY id=31 off=030 00000000000000000000000000000000
N3GD_BODY id=31 off=040 00000000000000000000000000000000
N3GD_BODY id=31 off=050 00000000000000000000000000000000
N3GD_BODY id=31 off=060 00000000000000000000000000000000
N3GD_BODY id=31 off=070 00000000000000000000000000000000
N3GD_BODY id=31 off=080 00000000000000000000000000000000
N3GD_BODY id=31 off=090 00000000000000000000000000000000
N3GD_BODY id=31 off=0a0 00000000000000000000000000000000
N3GD_BODY id=31 off=0b0 00000000000000000000000000000000
N3GD_BODY id=31 off=0c0 00000000000000000000000000000000
N3GD_BODY id=31 off=0d0 00000000000000000000000000000000
N3GD_BODY id=31 off=0e0 00000000000000000000000000000000
N3GD_BODY id=31 off=0f0 00000000000000000000000000000000
N3GD_BODY id=31 off=100 00000000000000000000000000000000
N3GD_BODY id=31 off=110 00000000000000000000000000000000
N3GD_BODY id=31 off=120 00000000000000000000000000000000
N3GD_BODY id=31 off=130 00000000000000000000000000000000
N3GD_BODY id=31 off=140 00000000000000000000000000000000
N3GD_BODY id=31 off=150 00000000000000000000000000000000
N3GD_BODY id=31 off=160 00000000000000000000000000000000
N3GD_BODY id=31 off=170 00000000000000000000000000000000
N3GD_BODY id=31 off=180 00000000000000000000000000000000
N3GD_BODY id=31 off=190 00000000000000000000000000000000
N3GD_BODY id=31 off=1a0 00000000000000000000000000000000
N3GD_BODY id=31 off=1b0 00000000000000000000000000000000
N3GD_BODY id=31 off=1c0 00000000000000000000000000000000
N3GD_BODY id=31 off=1d0 00000000000000000000000000000000
N3GD_BODY id=31 off=1e0 00000000000000000000000000000000
N3GD_BODY id=31 off=1f0 00000000000000000000000000000000
N3GD_BODY id=31 off=200 00000000000000000000000000000000
N3GD_BODY id=31 off=210 00000000000000000000000000000000
N3GD_BODY id=31 off=220 00000000000000000000000000000000
N3GD_BODY id=31 off=230 00000000000000000000000000000000
N3GD_BODY id=31 off=240 00000000000000000000000000000000
N3GD_BODY id=31 off=250 00000000000000000000000000000000
N3GD_BODY id=31 off=260 00000000000000000000000000000000
N3GD_BODY id=31 off=270 00000000000000000000000000000000
N3GD_BODY id=31 off=280 00000000000000000000000000000000
N3GD_BODY id=31 off=290 00000000000000000000000000000000
N3GD_BODY id=31 off=2a0 00000000000000000000000000000000
N3GD_BODY id=31 off=2b0 00000000000000000000000000000000
N3GD_BODY id=31 off=2c0 00000000000000000000000000000000
N3GD_BODY id=31 off=2d0 00000000000000000000000000000000
N3GD_BODY id=31 off=2e0 00000000000000000000000000000000
N3GD_BODY id=31 off=2f0 00000000000000000000000000000000
N3GD_BODY id=31 off=300 00000000000000000000000000000000
N3GD_BODY id=31 off=310 00000000000000000000000000000000
N3GD_BODY id=31 off=320 00000000000000000000000000000000
N3GD_BODY id=31 off=330 00000000000000000000000000000000
N3GD_BODY id=31 off=340 00000000000000000000000000000000
N3GD_BODY id=31 off=350 00000000000000000000000000000000
N3GD_BODY id=31 off=360 00000000000000000000000000000000
N3GD_BODY id=31 off=370 00000000000000000000000000000000
N3GD_BODY id=31 off=380 00000000000000000000000000000000
N3GD_BODY id=31 off=390 00000000000000000000000000000000
N3GD_BODY id=31 off=3a0 00000000000000000000000000000000
N3GD_BODY id=31 off=3b0 00000000000000000000000000000000
N3GD_BODY id=31 off=3c0 00000000000000000000000000000000
N3GD_BODY id=31 off=3d0 00000000000000000000000000000000
N3GD_BODY id=31 off=3e0 00000000000000000000000000000000
N3GD_BODY id=31 off=3f0 00000000000000000000000000000000
N3GD_BODY id=31 off=400 00000000000000000000000000000000
N3GD_BODY id=31 off=410 00000000000000000000000000000000
N3GD_BODY id=31 off=420 00000000000000000000000000000000
N3GD_BODY id=31 off=430 00000000000000000000000000000000
N3GD_BODY id=31 off=440 00000000000000000000000000000000
N3GD_BODY id=31 off=450 00000000000000000000000000000000
N3GD_BODY id=31 off=460 00000000000000000000000000000000
N3GD_BODY id=31 off=470 00000000000000000000000000000000
N3GD_BODY id=31 off=480 00000000000000000000000000000000
N3GD_BODY id=31 off=490 00000000000000000000000000000000
N3GD_BODY id=31 off=4a0 00000000000000000000000000000000
N3GD_BODY id=31 off=4b0 00000000000000000000000000000000
N3GD_BODY id=31 off=4c0 00000000000000000000000000000000
N3GD_BODY id=31 off=4d0 00000000000000000000000000000000
N3GD_BODY id=31 off=4e0 00000000000000000000000000000000
N3GD_BODY id=31 off=4f0 00000000000000000000000000000000
N3GD_BODY id=31 off=500 00000000000000000000000000000000
N3GD_BODY id=31 off=510 00000000000000000000000000000000
N3GD_BODY id=31 off=520 00000000000000000000000000000000
N3GD_BODY id=31 off=530 00000000000000000000000000000000
N3GD_BODY id=31 off=540 00000000000000000000000000000000
N3GD_BODY id=31 off=550 00000000000000000000000000000000
N3GD_BODY id=31 off=560 00000000000000000000000000000000
N3GD_BODY id=31 off=570 00000000000000000000000000000000
N3GD_BODY id=31 off=580 00000000000000000000000000000000
N3GD_BODY id=31 off=590 00000000000000000000000000000000
N3GD_BODY id=31 off=5a0 00000000000000000000000000000000
N3GD_BODY id=31 off=5b0 00000000000000000000000000000000
N3GD_BODY id=31 off=5c0 00000000000000000000000000000000
N3GD_BODY id=31 off=5d0 00000000000000000000000000000000
N3GD_BODY id=31 off=5e0 00000000000000000000000000000000
N3GD_BODY id=31 off=5f0 00000000000000000000000000000000
N3GD_BODY id=31 off=600 00000000000000000000000000000000
N3GD_BODY id=31 off=610 00000000000000000000000000000000
N3GD_BODY id=31 off=620 00000000000000000000000000000000
N3GD_BODY id=31 off=630 00000000000000000000000000000000
N3GD_BODY id=31 off=640 00000000000000000000000000000000
N3GD_BODY id=31 off=650 00000000000000000000000000000000
N3GD_BODY id=31 off=660 00000000000000000000000000000000
N3GD_BODY id=31 off=670 00000000000000000000000000000000
N3GD_BODY id=31 off=680 00000000000000000000000000000000
N3GD_BODY id=31 off=690 00000000000000000000000000000000
N3GD_BODY id=31 off=6a0 00000000000000000000000000000000
N3GD_BODY id=31 off=6b0 00000000000000000000000000000000
N3GD_BODY id=31 off=6c0 00000000000000000000000000000000
N3GD_BODY id=31 off=6d0 00000000000000000000000000000000
N3GD_BODY id=31 off=6e0 00000000000000000000000000000000
N3GD_BODY id=31 off=6f0 00000000000000000000000000000000
N3GD_BODY id=31 off=700 00000000000000000000000000000000
N3GD_BODY id=31 off=710 00000000000000000000000000000000
N3GD_BODY id=31 off=720 00000000000000000000000000000000
N3GD_BODY id=31 off=730 00000000000000000000000000000000
N3GD_BODY id=31 off=740 00000000000000000000000000000000
N3GD_BODY id=31 off=750 00000000000000000000000000000000
N3GD_BODY id=31 off=760 00000000000000000000000000000000
N3GD_BODY id=31 off=770 00000000000000000000000000000000
N3GD_BODY id=31 off=780 00000000000000000000000000000000
N3GD_BODY id=31 off=790 00000000000000000000000000000000
N3GD_BODY id=31 off=7a0 00000000000000000000000000000000
N3GD_BODY id=31 off=7b0 00000000000000000000000000000000
N3GD_BODY id=31 off=7c0 00000000000000000000000000000000
N3GD_BODY id=31 off=7d0 00000000000000000000000000000000
N3GD_BODY id=31 off=7e0 00000000000000000000000000000000
N3GD_BODY id=31 off=7f0 00000000000000000000000000000000
N3GD_OOB id=31 off=000 000000000000000000000000e5ab0678
N3GD_OOB id=31 off=010 0a52efac2207c7a2053adbc8606282c5
N3GD_OOB id=31 off=020 374bcde4a25178a6eb7e94b8b7fa1e2e
N3GD_OOB id=31 off=030 eddbaafff14d9b9ea7ce563d3b3c79fe
N3GD_END id=31
N3GD_BEGIN id=32 kind=cand j=-1 v=0003 po=254 sl=4294967295 l0=FFFFFFFF host=0000A07E tgt=000140FC bank=2 pb=428 pp=63 phy=54847 shift=4294967295 t=00 ix=0000 u=00000000 l=00000000
N3GD_BODY id=32 off=000 00000000000000000000000000000000
N3GD_BODY id=32 off=010 00000000000000000000000000000000
N3GD_BODY id=32 off=020 00000000000000000000000000000000
N3GD_BODY id=32 off=030 00000000000000000000000000000000
N3GD_BODY id=32 off=040 00000000000000000000000000000000
N3GD_BODY id=32 off=050 00000000000000000000000000000000
N3GD_BODY id=32 off=060 00000000000000000000000000000000
N3GD_BODY id=32 off=070 00000000000000000000000000000000
N3GD_BODY id=32 off=080 00000000000000000000000000000000
N3GD_BODY id=32 off=090 00000000000000000000000000000000
N3GD_BODY id=32 off=0a0 00000000000000000000000000000000
N3GD_BODY id=32 off=0b0 00000000000000000000000000000000
N3GD_BODY id=32 off=0c0 00000000000000000000000000000000
N3GD_BODY id=32 off=0d0 00000000000000000000000000000000
N3GD_BODY id=32 off=0e0 00000000000000000000000000000000
N3GD_BODY id=32 off=0f0 00000000000000000000000000000000
N3GD_BODY id=32 off=100 00000000000000000000000000000000
N3GD_BODY id=32 off=110 00000000000000000000000000000000
N3GD_BODY id=32 off=120 00000000000000000000000000000000
N3GD_BODY id=32 off=130 00000000000000000000000000000000
N3GD_BODY id=32 off=140 00000000000000000000000000000000
N3GD_BODY id=32 off=150 00000000000000000000000000000000
N3GD_BODY id=32 off=160 00000000000000000000000000000000
N3GD_BODY id=32 off=170 00000000000000000000000000000000
N3GD_BODY id=32 off=180 00000000000000000000000000000000
N3GD_BODY id=32 off=190 00000000000000000000000000000000
N3GD_BODY id=32 off=1a0 00000000000000000000000000000000
N3GD_BODY id=32 off=1b0 00000000000000000000000000000000
N3GD_BODY id=32 off=1c0 00000000000000000000000000000000
N3GD_BODY id=32 off=1d0 00000000000000000000000000000000
N3GD_BODY id=32 off=1e0 00000000000000000000000000000000
N3GD_BODY id=32 off=1f0 00000000000000000000000000000000
N3GD_BODY id=32 off=200 00000000000000000000000000000000
N3GD_BODY id=32 off=210 00000000000000000000000000000000
N3GD_BODY id=32 off=220 00000000000000000000000000000000
N3GD_BODY id=32 off=230 00000000000000000000000000000000
N3GD_BODY id=32 off=240 00000000000000000000000000000000
N3GD_BODY id=32 off=250 00000000000000000000000000000000
N3GD_BODY id=32 off=260 00000000000000000000000000000000
N3GD_BODY id=32 off=270 00000000000000000000000000000000
N3GD_BODY id=32 off=280 00000000000000000000000000000000
N3GD_BODY id=32 off=290 00000000000000000000000000000000
N3GD_BODY id=32 off=2a0 00000000000000000000000000000000
N3GD_BODY id=32 off=2b0 00000000000000000000000000000000
N3GD_BODY id=32 off=2c0 00000000000000000000000000000000
N3GD_BODY id=32 off=2d0 00000000000000000000000000000000
N3GD_BODY id=32 off=2e0 00000000000000000000000000000000
N3GD_BODY id=32 off=2f0 00000000000000000000000000000000
N3GD_BODY id=32 off=300 00000000000000000000000000000000
N3GD_BODY id=32 off=310 00000000000000000000000000000000
N3GD_BODY id=32 off=320 00000000000000000000000000000000
N3GD_BODY id=32 off=330 00000000000000000000000000000000
N3GD_BODY id=32 off=340 00000000000000000000000000000000
N3GD_BODY id=32 off=350 00000000000000000000000000000000
N3GD_BODY id=32 off=360 00000000000000000000000000000000
N3GD_BODY id=32 off=370 00000000000000000000000000000000
N3GD_BODY id=32 off=380 00000000000000000000000000000000
N3GD_BODY id=32 off=390 00000000000000000000000000000000
N3GD_BODY id=32 off=3a0 00000000000000000000000000000000
N3GD_BODY id=32 off=3b0 00000000000000000000000000000000
N3GD_BODY id=32 off=3c0 00000000000000000000000000000000
N3GD_BODY id=32 off=3d0 00000000000000000000000000000000
N3GD_BODY id=32 off=3e0 00000000000000000000000000000000
N3GD_BODY id=32 off=3f0 00000000000000000000000000000000
N3GD_BODY id=32 off=400 00000000000000000000000000000000
N3GD_BODY id=32 off=410 00000000000000000000000000000000
N3GD_BODY id=32 off=420 00000000000000000000000000000000
N3GD_BODY id=32 off=430 00000000000000000000000000000000
N3GD_BODY id=32 off=440 00000000000000000000000000000000
N3GD_BODY id=32 off=450 00000000000000000000000000000000
N3GD_BODY id=32 off=460 00000000000000000000000000000000
N3GD_BODY id=32 off=470 00000000000000000000000000000000
N3GD_BODY id=32 off=480 00000000000000000000000000000000
N3GD_BODY id=32 off=490 00000000000000000000000000000000
N3GD_BODY id=32 off=4a0 00000000000000000000000000000000
N3GD_BODY id=32 off=4b0 00000000000000000000000000000000
N3GD_BODY id=32 off=4c0 00000000000000000000000000000000
N3GD_BODY id=32 off=4d0 00000000000000000000000000000000
N3GD_BODY id=32 off=4e0 00000000000000000000000000000000
N3GD_BODY id=32 off=4f0 00000000000000000000000000000000
N3GD_BODY id=32 off=500 00000000000000000000000000000000
N3GD_BODY id=32 off=510 00000000000000000000000000000000
N3GD_BODY id=32 off=520 00000000000000000000000000000000
N3GD_BODY id=32 off=530 00000000000000000000000000000000
N3GD_BODY id=32 off=540 00000000000000000000000000000000
N3GD_BODY id=32 off=550 00000000000000000000000000000000
N3GD_BODY id=32 off=560 00000000000000000000000000000000
N3GD_BODY id=32 off=570 00000000000000000000000000000000
N3GD_BODY id=32 off=580 00000000000000000000000000000000
N3GD_BODY id=32 off=590 00000000000000000000000000000000
N3GD_BODY id=32 off=5a0 00000000000000000000000000000000
N3GD_BODY id=32 off=5b0 00000000000000000000000000000000
N3GD_BODY id=32 off=5c0 00000000000000000000000000000000
N3GD_BODY id=32 off=5d0 00000000000000000000000000000000
N3GD_BODY id=32 off=5e0 00000000000000000000000000000000
N3GD_BODY id=32 off=5f0 00000000000000000000000000000000
N3GD_BODY id=32 off=600 00000000000000000000000000000000
N3GD_BODY id=32 off=610 00000000000000000000000000000000
N3GD_BODY id=32 off=620 00000000000000000000000000000000
N3GD_BODY id=32 off=630 00000000000000000000000000000000
N3GD_BODY id=32 off=640 00000000000000000000000000000000
N3GD_BODY id=32 off=650 00000000000000000000000000000000
N3GD_BODY id=32 off=660 00000000000000000000000000000000
N3GD_BODY id=32 off=670 00000000000000000000000000000000
N3GD_BODY id=32 off=680 00000000000000000000000000000000
N3GD_BODY id=32 off=690 00000000000000000000000000000000
N3GD_BODY id=32 off=6a0 00000000000000000000000000000000
N3GD_BODY id=32 off=6b0 00000000000000000000000000000000
N3GD_BODY id=32 off=6c0 00000000000000000000000000000000
N3GD_BODY id=32 off=6d0 00000000000000000000000000000000
N3GD_BODY id=32 off=6e0 00000000000000000000000000000000
N3GD_BODY id=32 off=6f0 00000000000000000000000000000000
N3GD_BODY id=32 off=700 00000000000000000000000000000000
N3GD_BODY id=32 off=710 00000000000000000000000000000000
N3GD_BODY id=32 off=720 00000000000000000000000000000000
N3GD_BODY id=32 off=730 00000000000000000000000000000000
N3GD_BODY id=32 off=740 00000000000000000000000000000000
N3GD_BODY id=32 off=750 00000000000000000000000000000000
N3GD_BODY id=32 off=760 00000000000000000000000000000000
N3GD_BODY id=32 off=770 00000000000000000000000000000000
N3GD_BODY id=32 off=780 00000000000000000000000000000000
N3GD_BODY id=32 off=790 00000000000000000000000000000000
N3GD_BODY id=32 off=7a0 00000000000000000000000000000000
N3GD_BODY id=32 off=7b0 00000000000000000000000000000000
N3GD_BODY id=32 off=7c0 00000000000000000000000000000000
N3GD_BODY id=32 off=7d0 00000000000000000000000000000000
N3GD_BODY id=32 off=7e0 00000000000000000000000000000000
N3GD_BODY id=32 off=7f0 00000000000000000000000000000000
N3GD_OOB id=32 off=000 000000000000000000000000e5ab0678
N3GD_OOB id=32 off=010 0a52efac2207c7a2053adbc8606282c5
N3GD_OOB id=32 off=020 374bcde4a25178a6eb7e94b8b7fa1e2e
N3GD_OOB id=32 off=030 eddbaafff14d9b9ea7ce563d3b3c79fe
N3GD_END id=32
N3GD_BEGIN id=33 kind=cand j=-1 v=0003 po=255 sl=4294967295 l0=FFFFFFFF host=0000A07E tgt=000140FC bank=3 pb=428 pp=63 phy=54847 shift=4294967295 t=00 ix=0000 u=00000000 l=00000000
N3GD_BODY id=33 off=000 00000000000000000000000000000000
N3GD_BODY id=33 off=010 00000000000000000000000000000000
N3GD_BODY id=33 off=020 00000000000000000000000000000000
N3GD_BODY id=33 off=030 00000000000000000000000000000000
N3GD_BODY id=33 off=040 00000000000000000000000000000000
N3GD_BODY id=33 off=050 00000000000000000000000000000000
N3GD_BODY id=33 off=060 00000000000000000000000000000000
N3GD_BODY id=33 off=070 00000000000000000000000000000000
N3GD_BODY id=33 off=080 00000000000000000000000000000000
N3GD_BODY id=33 off=090 00000000000000000000000000000000
N3GD_BODY id=33 off=0a0 00000000000000000000000000000000
N3GD_BODY id=33 off=0b0 00000000000000000000000000000000
N3GD_BODY id=33 off=0c0 00000000000000000000000000000000
N3GD_BODY id=33 off=0d0 00000000000000000000000000000000
N3GD_BODY id=33 off=0e0 00000000000000000000000000000000
N3GD_BODY id=33 off=0f0 00000000000000000000000000000000
N3GD_BODY id=33 off=100 00000000000000000000000000000000
N3GD_BODY id=33 off=110 00000000000000000000000000000000
N3GD_BODY id=33 off=120 00000000000000000000000000000000
N3GD_BODY id=33 off=130 00000000000000000000000000000000
N3GD_BODY id=33 off=140 00000000000000000000000000000000
N3GD_BODY id=33 off=150 00000000000000000000000000000000
N3GD_BODY id=33 off=160 00000000000000000000000000000000
N3GD_BODY id=33 off=170 00000000000000000000000000000000
N3GD_BODY id=33 off=180 00000000000000000000000000000000
N3GD_BODY id=33 off=190 00000000000000000000000000000000
N3GD_BODY id=33 off=1a0 00000000000000000000000000000000
N3GD_BODY id=33 off=1b0 00000000000000000000000000000000
N3GD_BODY id=33 off=1c0 00000000000000000000000000000000
N3GD_BODY id=33 off=1d0 00000000000000000000000000000000
N3GD_BODY id=33 off=1e0 00000000000000000000000000000000
N3GD_BODY id=33 off=1f0 00000000000000000000000000000000
N3GD_BODY id=33 off=200 00000000000000000000000000000000
N3GD_BODY id=33 off=210 00000000000000000000000000000000
N3GD_BODY id=33 off=220 00000000000000000000000000000000
N3GD_BODY id=33 off=230 00000000000000000000000000000000
N3GD_BODY id=33 off=240 00000000000000000000000000000000
N3GD_BODY id=33 off=250 00000000000000000000000000000000
N3GD_BODY id=33 off=260 00000000000000000000000000000000
N3GD_BODY id=33 off=270 00000000000000000000000000000000
N3GD_BODY id=33 off=280 00000000000000000000000000000000
N3GD_BODY id=33 off=290 00000000000000000000000000000000
N3GD_BODY id=33 off=2a0 00000000000000000000000000000000
N3GD_BODY id=33 off=2b0 00000000000000000000000000000000
N3GD_BODY id=33 off=2c0 00000000000000000000000000000000
N3GD_BODY id=33 off=2d0 00000000000000000000000000000000
N3GD_BODY id=33 off=2e0 00000000000000000000000000000000
N3GD_BODY id=33 off=2f0 00000000000000000000000000000000
N3GD_BODY id=33 off=300 00000000000000000000000000000000
N3GD_BODY id=33 off=310 00000000000000000000000000000000
N3GD_BODY id=33 off=320 00000000000000000000000000000000
N3GD_BODY id=33 off=330 00000000000000000000000000000000
N3GD_BODY id=33 off=340 00000000000000000000000000000000
N3GD_BODY id=33 off=350 00000000000000000000000000000000
N3GD_BODY id=33 off=360 00000000000000000000000000000000
N3GD_BODY id=33 off=370 00000000000000000000000000000000
N3GD_BODY id=33 off=380 00000000000000000000000000000000
N3GD_BODY id=33 off=390 00000000000000000000000000000000
N3GD_BODY id=33 off=3a0 00000000000000000000000000000000
N3GD_BODY id=33 off=3b0 00000000000000000000000000000000
N3GD_BODY id=33 off=3c0 00000000000000000000000000000000
N3GD_BODY id=33 off=3d0 00000000000000000000000000000000
N3GD_BODY id=33 off=3e0 00000000000000000000000000000000
N3GD_BODY id=33 off=3f0 00000000000000000000000000000000
N3GD_BODY id=33 off=400 00000000000000000000000000000000
N3GD_BODY id=33 off=410 00000000000000000000000000000000
N3GD_BODY id=33 off=420 00000000000000000000000000000000
N3GD_BODY id=33 off=430 00000000000000000000000000000000
N3GD_BODY id=33 off=440 00000000000000000000000000000000
N3GD_BODY id=33 off=450 00000000000000000000000000000000
N3GD_BODY id=33 off=460 00000000000000000000000000000000
N3GD_BODY id=33 off=470 00000000000000000000000000000000
N3GD_BODY id=33 off=480 00000000000000000000000000000000
N3GD_BODY id=33 off=490 00000000000000000000000000000000
N3GD_BODY id=33 off=4a0 00000000000000000000000000000000
N3GD_BODY id=33 off=4b0 00000000000000000000000000000000
N3GD_BODY id=33 off=4c0 00000000000000000000000000000000
N3GD_BODY id=33 off=4d0 00000000000000000000000000000000
N3GD_BODY id=33 off=4e0 00000000000000000000000000000000
N3GD_BODY id=33 off=4f0 00000000000000000000000000000000
N3GD_BODY id=33 off=500 00000000000000000000000000000000
N3GD_BODY id=33 off=510 00000000000000000000000000000000
N3GD_BODY id=33 off=520 00000000000000000000000000000000
N3GD_BODY id=33 off=530 00000000000000000000000000000000
N3GD_BODY id=33 off=540 00000000000000000000000000000000
N3GD_BODY id=33 off=550 00000000000000000000000000000000
N3GD_BODY id=33 off=560 00000000000000000000000000000000
N3GD_BODY id=33 off=570 00000000000000000000000000000000
N3GD_BODY id=33 off=580 00000000000000000000000000000000
N3GD_BODY id=33 off=590 00000000000000000000000000000000
N3GD_BODY id=33 off=5a0 00000000000000000000000000000000
N3GD_BODY id=33 off=5b0 00000000000000000000000000000000
N3GD_BODY id=33 off=5c0 00000000000000000000000000000000
N3GD_BODY id=33 off=5d0 00000000000000000000000000000000
N3GD_BODY id=33 off=5e0 00000000000000000000000000000000
N3GD_BODY id=33 off=5f0 00000000000000000000000000000000
N3GD_BODY id=33 off=600 00000000000000000000000000000000
N3GD_BODY id=33 off=610 00000000000000000000000000000000
N3GD_BODY id=33 off=620 00000000000000000000000000000000
N3GD_BODY id=33 off=630 00000000000000000000000000000000
N3GD_BODY id=33 off=640 00000000000000000000000000000000
N3GD_BODY id=33 off=650 00000000000000000000000000000000
N3GD_BODY id=33 off=660 00000000000000000000000000000000
N3GD_BODY id=33 off=670 00000000000000000000000000000000
N3GD_BODY id=33 off=680 00000000000000000000000000000000
N3GD_BODY id=33 off=690 00000000000000000000000000000000
N3GD_BODY id=33 off=6a0 00000000000000000000000000000000
N3GD_BODY id=33 off=6b0 00000000000000000000000000000000
N3GD_BODY id=33 off=6c0 00000000000000000000000000000000
N3GD_BODY id=33 off=6d0 00000000000000000000000000000000
N3GD_BODY id=33 off=6e0 00000000000000000000000000000000
N3GD_BODY id=33 off=6f0 00000000000000000000000000000000
N3GD_BODY id=33 off=700 00000000000000000000000000000000
N3GD_BODY id=33 off=710 00000000000000000000000000000000
N3GD_BODY id=33 off=720 00000000000000000000000000000000
N3GD_BODY id=33 off=730 00000000000000000000000000000000
N3GD_BODY id=33 off=740 00000000000000000000000000000000
N3GD_BODY id=33 off=750 00000000000000000000000000000000
N3GD_BODY id=33 off=760 00000000000000000000000000000000
N3GD_BODY id=33 off=770 00000000000000000000000000000000
N3GD_BODY id=33 off=780 00000000000000000000000000000000
N3GD_BODY id=33 off=790 00000000000000000000000000000000
N3GD_BODY id=33 off=7a0 00000000000000000000000000000000
N3GD_BODY id=33 off=7b0 00000000000000000000000000000000
N3GD_BODY id=33 off=7c0 00000000000000000000000000000000
N3GD_BODY id=33 off=7d0 00000000000000000000000000000000
N3GD_BODY id=33 off=7e0 00000000000000000000000000000000
N3GD_BODY id=33 off=7f0 00000000000000000000000000000000
N3GD_OOB id=33 off=000 000000000000000000000000e5ab0678
N3GD_OOB id=33 off=010 0a52efac2207c7a2053adbc8606282c5
N3GD_OOB id=33 off=020 374bcde4a25178a6eb7e94b8b7fa1e2e
N3GD_OOB id=33 off=030 eddbaafff14d9b9ea7ce563d3b3c79fe
N3GD_END id=33
N3GD_BEGIN id=34 kind=cand j=-1 v=0003 po=256 sl=2 l0=FFFFFFFF host=0000A07E tgt=000140FC bank=0 pb=428 pp=64 phy=54848 shift=-31 t=40 ix=DB36 u=00060600 l=00060600
N3GD_BODY id=34 off=000 20202020201820102008200820082008
N3GD_BODY id=34 off=010 20082008200820102010201820182020
N3GD_BODY id=34 off=020 20202020202020182010200820082008
N3GD_BODY id=34 off=030 20082008200820082008200820082008
N3GD_BODY id=34 off=040 20082008201020182020202820402048
N3GD_BODY id=34 off=050 20702078207020682050204020382028
N3GD_BODY id=34 off=060 20282018201820104efcfefff8ffefff
N3GD_BODY id=34 off=070 20fbc0fa60fa20fa20fa00fa00fa80f9
N3GD_BODY id=34 off=080 c5fbfaff8dfd20602038202820202018
N3GD_BODY id=34 off=090 20102010200820082008200820082008
N3GD_BODY id=34 off=0a0 20082008200820082010201020182018
N3GD_BODY id=34 off=0b0 2018201820201bfffefffeff6fff00fa
N3GD_BODY id=34 off=0c0 e0f9e0f9e0f9e0f920fa20fa20fa20fa
N3GD_BODY id=34 off=0d0 40fa00fa00fa00fa40fac0f868fd0afe
N3GD_BODY id=34 off=0e0 60fac0f9c0f9c0f9a0f9a0f9c0f9c0f9
N3GD_BODY id=34 off=0f0 60f953ff79ff00800058005000400038
N3GD_BODY id=34 off=100 00300028002000200020001800180018
N3GD_BODY id=34 off=110 00100010001000100008000800080008
N3GD_BODY id=34 off=120 00080008000800080008000800080008
N3GD_BODY id=34 off=130 00080008000800080008000800080008
N3GD_BODY id=34 off=140 00080008000800080008000800080008
N3GD_BODY id=34 off=150 00080008000800080008000800080008
N3GD_BODY id=34 off=160 00080008000800080008000800080008
N3GD_BODY id=34 off=170 00080008000800080008000800080008
N3GD_BODY id=34 off=180 20082008200820082008200820082008
N3GD_BODY id=34 off=190 20082008200820082008200820082008
N3GD_BODY id=34 off=1a0 20082008200820082008200820082008
N3GD_BODY id=34 off=1b0 20082008200820082008200820082008
N3GD_BODY id=34 off=1c0 20082008200820082008200820082008
N3GD_BODY id=34 off=1d0 20082008200820082008200820102010
N3GD_BODY id=34 off=1e0 20102010201820182018201820202020
N3GD_BODY id=34 off=1f0 20202020202020282028202820282028
N3GD_BODY id=34 off=200 20282028202820282028202820282030
N3GD_BODY id=34 off=210 20302030203820402048205020582068
N3GD_BODY id=34 off=220 208040984dfefffffbff05fda0fbc0fb
N3GD_BODY id=34 off=230 80fba0fba0fbc0fba1fb46feffffd3fe
N3GD_BODY id=34 off=240 20802080208020802078206820482038
N3GD_BODY id=34 off=250 20282020202020202028203020382040
N3GD_BODY id=34 off=260 20402040204020402040204020402040
N3GD_BODY id=34 off=270 20402038203820382038203820382048
N3GD_BODY id=34 off=280 20582060207820802078204820202010
N3GD_BODY id=34 off=290 20102010201820202028203020402048
N3GD_BODY id=34 off=2a0 20502058205820582048203820202010
N3GD_BODY id=34 off=2b0 20102010201020102010201020102010
N3GD_BODY id=34 off=2c0 2018202020382048207020d189fdd6ff
N3GD_BODY id=34 off=2d0 f8fffbfffbfff9ff52ff44fb40882060
N3GD_BODY id=34 off=2e0 20482040203020204efcfefff7ffeeff
N3GD_BODY id=34 off=2f0 20fbc0fa60fa40fa40fa00fa00fa80f9
N3GD_BODY id=34 off=300 c5fbfaff8dfd20602048203820302020
N3GD_BODY id=34 off=310 20182010201020102010201020182028
N3GD_BODY id=34 off=320 20382040204820482048204020402038
N3GD_BODY id=34 off=330 203020302038defffeffffff05fec0fa
N3GD_BODY id=34 off=340 a0fac0fac0faa0faa0fa60fa60fa00fa
N3GD_BODY id=34 off=350 c0f9a0f960f940f960f980f828fd0afe
N3GD_BODY id=34 off=360 a0fa00fa00fa20fa20fa20fa20fa20fa
N3GD_BODY id=34 off=370 a0f973ff98ff20882060205020482040
N3GD_BODY id=34 off=380 20382038203020302028202820282028
N3GD_BODY id=34 off=390 20202020202020202020201820182018
N3GD_BODY id=34 off=3a0 20182010201020102010200820082008
N3GD_BODY id=34 off=3b0 20082008200820082008200820082008
N3GD_BODY id=34 off=3c0 20082008200820082008200820082008
N3GD_BODY id=34 off=3d0 20082008200820082008200820082008
N3GD_BODY id=34 off=3e0 20082008200820082008000800080008
N3GD_BODY id=34 off=3f0 00080008000800080008000800080008
N3GD_BODY id=34 off=400 00080008000800080008000800080008
N3GD_BODY id=34 off=410 00080008000800080008000800080008
N3GD_BODY id=34 off=420 00080008000800080008000800080008
N3GD_BODY id=34 off=430 00080008000800080008000800080008
N3GD_BODY id=34 off=440 00080008000800080008000800080008
N3GD_BODY id=34 off=450 00080008000800080008000800080008
N3GD_BODY id=34 off=460 00080010001020102010201820182018
N3GD_BODY id=34 off=470 20202020202020282028203020382040
N3GD_BODY id=34 off=480 20482050205020582068207020802080
N3GD_BODY id=34 off=490 20a0209820a020982098209020902098
N3GD_BODY id=34 off=4a0 20a0a0d0fffffeffc0fa20fb40fb40fb
N3GD_BODY id=34 off=4b0 80fba0fbe0fb00fc61fc86feffff33ff
N3GD_BODY id=34 off=4c0 80d000e1e0fa05ffecfff1fff3fff5ff
N3GD_BODY id=34 off=4d0 f6fff5ffd1ffcefe49fc22e120682050
N3GD_BODY id=34 off=4e0 20502070409860b080f980f9a0f9a0f9
N3GD_BODY id=34 off=4f0 80f980f960f140f120f100e900e9c0e0
N3GD_BODY id=34 off=500 e0e040c860fa89fff1fff2fff1ff8dff
N3GD_BODY id=34 off=510 84fa20502020202820382048208880c0
N3GD_BODY id=34 off=520 a4fc6effd0ffd0ffcfffe8fec0f12078
N3GD_BODY id=34 off=530 20082008200820082008200820102018
N3GD_BODY id=34 off=540 2038206880f98dfffbfffffffefffdff
N3GD_BODY id=34 off=550 fcfffcfffcfffcfffefffefffdffcbfe
N3GD_BODY id=34 off=560 60c02068203820286dfcfefff6ffccff
N3GD_BODY id=34 off=570 40fbc0fa60fa40fa20fa00fa00fa80f9
N3GD_BODY id=34 off=580 c6fbfaff8efd20582038202820202018
N3GD_BODY id=34 off=590 20202028c2c007fbcafdebfe2bff0aff
N3GD_BODY id=34 off=5a0 27fee2fb20e940c02090206820582050
N3GD_BODY id=34 off=5b0 20a820a020b8fdfffdffffff21fee0fb
N3GD_BODY id=34 off=5c0 40fb20fbe0fac0fa80fa60fac0faa0f9
N3GD_BODY id=34 off=5d0 25fc25fcc6fc06fd26fdc4fcabfef9ff
N3GD_BODY id=34 off=5e0 c0fbe0fac0faa0faa0fa80fa60fa40fa
N3GD_BODY id=34 off=5f0 a0f955ff76ff40c840c020b840b82098
N3GD_BODY id=34 off=600 00580050004800480040003800300028
N3GD_BODY id=34 off=610 00200020001800180018001000100010
N3GD_BODY id=34 off=620 00100008000800080008000800080008
N3GD_BODY id=34 off=630 00080008000800080008000800080008
N3GD_BODY id=34 off=640 00080008000800080008000800080008
N3GD_BODY id=34 off=650 00080008000800080008000800080008
N3GD_BODY id=34 off=660 00080008000800080008000800080008
N3GD_BODY id=34 off=670 00080008000800080008000800080008
N3GD_BODY id=34 off=680 00080008000800080008000800080008
N3GD_BODY id=34 off=690 00080008000800080008000800080008
N3GD_BODY id=34 off=6a0 00080008000800080008000800080008
N3GD_BODY id=34 off=6b0 00080008000800082008200820082008
N3GD_BODY id=34 off=6c0 20082008200820082008200820082008
N3GD_BODY id=34 off=6d0 20082008200820082008200820082008
N3GD_BODY id=34 off=6e0 20082010201020102010201820182020
N3GD_BODY id=34 off=6f0 20202020202820282030203820382048
N3GD_BODY id=34 off=700 2050206020702088409860b0a0c001f3
N3GD_BODY id=34 off=710 91fffdfffeffffffffffffffffffffff
N3GD_BODY id=34 off=720 ffffffffffffadfe80fa00fb00fb20fb
N3GD_BODY id=34 off=730 40fb60fbe0fb20fca0fca5feffff71ff
N3GD_BODY id=34 off=740 acfeffffffffffffffffffffffffffff
N3GD_BODY id=34 off=750 fffffffffffffffffffffffffffffeff
N3GD_BODY id=34 off=760 affc2068207060a8ffffffffffffffff
N3GD_BODY id=34 off=770 ffffffffffffffffffffffffffffffff
N3GD_BODY id=34 off=780 ffffffffffffffffffffffffffffffff
N3GD_BODY id=34 off=790 fffffffff6fe20602060c0c0b5ffffff
N3GD_BODY id=34 off=7a0 fffffffffffffefffefffefffffffcff
N3GD_BODY id=34 off=7b0 e4fa2008200820082008201020282048
N3GD_BODY id=34 off=7c0 a2fafcfffffffefffefffcffb7ffd0fe
N3GD_BODY id=34 off=7d0 69fdc7fcc7fc28fdd1fed9fffefffeff
N3GD_BODY id=34 off=7e0 ffff26fc20602040adfcfefff5ffcbff
N3GD_BODY id=34 off=7f0 40fbc0fa80fa40fa20fa00fae0f980f9
N3GD_OOB id=34 off=000 0006060036db0000ff40ffffe5ab0678
N3GD_OOB id=34 off=010 0a52efac2207c7a2053adbc8606282c5
N3GD_OOB id=34 off=020 374bcde4a25178a6eb7e94b8b7fa1e2e
N3GD_OOB id=34 off=030 eddbaafff14d9b9ea7ce563d3b3c79fe
N3GD_END id=34
N3GD_BEGIN id=35 kind=cand j=-1 v=0003 po=257 sl=4294967295 l0=FFFFFFFF host=0000A07E tgt=000140FC bank=1 pb=428 pp=64 phy=54848 shift=4294967295 t=00 ix=0000 u=00000000 l=00000000
N3GD_BODY id=35 off=000 00000000000000000000000000000000
N3GD_BODY id=35 off=010 00000000000000000000000000000000
N3GD_BODY id=35 off=020 00000000000000000000000000000000
N3GD_BODY id=35 off=030 00000000000000000000000000000000
N3GD_BODY id=35 off=040 00000000000000000000000000000000
N3GD_BODY id=35 off=050 00000000000000000000000000000000
N3GD_BODY id=35 off=060 00000000000000000000000000000000
N3GD_BODY id=35 off=070 00000000000000000000000000000000
N3GD_BODY id=35 off=080 00000000000000000000000000000000
N3GD_BODY id=35 off=090 00000000000000000000000000000000
N3GD_BODY id=35 off=0a0 00000000000000000000000000000000
N3GD_BODY id=35 off=0b0 00000000000000000000000000000000
N3GD_BODY id=35 off=0c0 00000000000000000000000000000000
N3GD_BODY id=35 off=0d0 00000000000000000000000000000000
N3GD_BODY id=35 off=0e0 00000000000000000000000000000000
N3GD_BODY id=35 off=0f0 00000000000000000000000000000000
N3GD_BODY id=35 off=100 00000000000000000000000000000000
N3GD_BODY id=35 off=110 00000000000000000000000000000000
N3GD_BODY id=35 off=120 00000000000000000000000000000000
N3GD_BODY id=35 off=130 00000000000000000000000000000000
N3GD_BODY id=35 off=140 00000000000000000000000000000000
N3GD_BODY id=35 off=150 00000000000000000000000000000000
N3GD_BODY id=35 off=160 00000000000000000000000000000000
N3GD_BODY id=35 off=170 00000000000000000000000000000000
N3GD_BODY id=35 off=180 00000000000000000000000000000000
N3GD_BODY id=35 off=190 00000000000000000000000000000000
N3GD_BODY id=35 off=1a0 00000000000000000000000000000000
N3GD_BODY id=35 off=1b0 00000000000000000000000000000000
N3GD_BODY id=35 off=1c0 00000000000000000000000000000000
N3GD_BODY id=35 off=1d0 00000000000000000000000000000000
N3GD_BODY id=35 off=1e0 00000000000000000000000000000000
N3GD_BODY id=35 off=1f0 00000000000000000000000000000000
N3GD_BODY id=35 off=200 00000000000000000000000000000000
N3GD_BODY id=35 off=210 00000000000000000000000000000000
N3GD_BODY id=35 off=220 00000000000000000000000000000000
N3GD_BODY id=35 off=230 00000000000000000000000000000000
N3GD_BODY id=35 off=240 00000000000000000000000000000000
N3GD_BODY id=35 off=250 00000000000000000000000000000000
N3GD_BODY id=35 off=260 00000000000000000000000000000000
N3GD_BODY id=35 off=270 00000000000000000000000000000000
N3GD_BODY id=35 off=280 00000000000000000000000000000000
N3GD_BODY id=35 off=290 00000000000000000000000000000000
N3GD_BODY id=35 off=2a0 00000000000000000000000000000000
N3GD_BODY id=35 off=2b0 00000000000000000000000000000000
N3GD_BODY id=35 off=2c0 00000000000000000000000000000000
N3GD_BODY id=35 off=2d0 00000000000000000000000000000000
N3GD_BODY id=35 off=2e0 00000000000000000000000000000000
N3GD_BODY id=35 off=2f0 00000000000000000000000000000000
N3GD_BODY id=35 off=300 00000000000000000000000000000000
N3GD_BODY id=35 off=310 00000000000000000000000000000000
N3GD_BODY id=35 off=320 00000000000000000000000000000000
N3GD_BODY id=35 off=330 00000000000000000000000000000000
N3GD_BODY id=35 off=340 00000000000000000000000000000000
N3GD_BODY id=35 off=350 00000000000000000000000000000000
N3GD_BODY id=35 off=360 00000000000000000000000000000000
N3GD_BODY id=35 off=370 00000000000000000000000000000000
N3GD_BODY id=35 off=380 00000000000000000000000000000000
N3GD_BODY id=35 off=390 00000000000000000000000000000000
N3GD_BODY id=35 off=3a0 00000000000000000000000000000000
N3GD_BODY id=35 off=3b0 00000000000000000000000000000000
N3GD_BODY id=35 off=3c0 00000000000000000000000000000000
N3GD_BODY id=35 off=3d0 00000000000000000000000000000000
N3GD_BODY id=35 off=3e0 00000000000000000000000000000000
N3GD_BODY id=35 off=3f0 00000000000000000000000000000000
N3GD_BODY id=35 off=400 00000000000000000000000000000000
N3GD_BODY id=35 off=410 00000000000000000000000000000000
N3GD_BODY id=35 off=420 00000000000000000000000000000000
N3GD_BODY id=35 off=430 00000000000000000000000000000000
N3GD_BODY id=35 off=440 00000000000000000000000000000000
N3GD_BODY id=35 off=450 00000000000000000000000000000000
N3GD_BODY id=35 off=460 00000000000000000000000000000000
N3GD_BODY id=35 off=470 00000000000000000000000000000000
N3GD_BODY id=35 off=480 00000000000000000000000000000000
N3GD_BODY id=35 off=490 00000000000000000000000000000000
N3GD_BODY id=35 off=4a0 00000000000000000000000000000000
N3GD_BODY id=35 off=4b0 00000000000000000000000000000000
N3GD_BODY id=35 off=4c0 00000000000000000000000000000000
N3GD_BODY id=35 off=4d0 00000000000000000000000000000000
N3GD_BODY id=35 off=4e0 00000000000000000000000000000000
N3GD_BODY id=35 off=4f0 00000000000000000000000000000000
N3GD_BODY id=35 off=500 00000000000000000000000000000000
N3GD_BODY id=35 off=510 00000000000000000000000000000000
N3GD_BODY id=35 off=520 00000000000000000000000000000000
N3GD_BODY id=35 off=530 00000000000000000000000000000000
N3GD_BODY id=35 off=540 00000000000000000000000000000000
N3GD_BODY id=35 off=550 00000000000000000000000000000000
N3GD_BODY id=35 off=560 00000000000000000000000000000000
N3GD_BODY id=35 off=570 00000000000000000000000000000000
N3GD_BODY id=35 off=580 00000000000000000000000000000000
N3GD_BODY id=35 off=590 00000000000000000000000000000000
N3GD_BODY id=35 off=5a0 00000000000000000000000000000000
N3GD_BODY id=35 off=5b0 00000000000000000000000000000000
N3GD_BODY id=35 off=5c0 00000000000000000000000000000000
N3GD_BODY id=35 off=5d0 00000000000000000000000000000000
N3GD_BODY id=35 off=5e0 00000000000000000000000000000000
N3GD_BODY id=35 off=5f0 00000000000000000000000000000000
N3GD_BODY id=35 off=600 00000000000000000000000000000000
N3GD_BODY id=35 off=610 00000000000000000000000000000000
N3GD_BODY id=35 off=620 00000000000000000000000000000000
N3GD_BODY id=35 off=630 00000000000000000000000000000000
N3GD_BODY id=35 off=640 00000000000000000000000000000000
N3GD_BODY id=35 off=650 00000000000000000000000000000000
N3GD_BODY id=35 off=660 00000000000000000000000000000000
N3GD_BODY id=35 off=670 00000000000000000000000000000000
N3GD_BODY id=35 off=680 00000000000000000000000000000000
N3GD_BODY id=35 off=690 00000000000000000000000000000000
N3GD_BODY id=35 off=6a0 00000000000000000000000000000000
N3GD_BODY id=35 off=6b0 00000000000000000000000000000000
N3GD_BODY id=35 off=6c0 00000000000000000000000000000000
N3GD_BODY id=35 off=6d0 00000000000000000000000000000000
N3GD_BODY id=35 off=6e0 00000000000000000000000000000000
N3GD_BODY id=35 off=6f0 00000000000000000000000000000000
N3GD_BODY id=35 off=700 00000000000000000000000000000000
N3GD_BODY id=35 off=710 00000000000000000000000000000000
N3GD_BODY id=35 off=720 00000000000000000000000000000000
N3GD_BODY id=35 off=730 00000000000000000000000000000000
N3GD_BODY id=35 off=740 00000000000000000000000000000000
N3GD_BODY id=35 off=750 00000000000000000000000000000000
N3GD_BODY id=35 off=760 00000000000000000000000000000000
N3GD_BODY id=35 off=770 00000000000000000000000000000000
N3GD_BODY id=35 off=780 00000000000000000000000000000000
N3GD_BODY id=35 off=790 00000000000000000000000000000000
N3GD_BODY id=35 off=7a0 00000000000000000000000000000000
N3GD_BODY id=35 off=7b0 00000000000000000000000000000000
N3GD_BODY id=35 off=7c0 00000000000000000000000000000000
N3GD_BODY id=35 off=7d0 00000000000000000000000000000000
N3GD_BODY id=35 off=7e0 00000000000000000000000000000000
N3GD_BODY id=35 off=7f0 00000000000000000000000000000000
N3GD_OOB id=35 off=000 000000000000000000000000e5ab0678
N3GD_OOB id=35 off=010 0a52efac2207c7a2053adbc8606282c5
N3GD_OOB id=35 off=020 374bcde4a25178a6eb7e94b8b7fa1e2e
N3GD_OOB id=35 off=030 eddbaafff14d9b9ea7ce563d3b3c79fe
N3GD_END id=35
N3GD_BEGIN id=36 kind=cand j=-1 v=0003 po=258 sl=4294967295 l0=FFFFFFFF host=0000A07E tgt=000140FC bank=2 pb=428 pp=64 phy=54848 shift=4294967295 t=00 ix=0000 u=00000000 l=00000000
N3GD_BODY id=36 off=000 00000000000000000000000000000000
N3GD_BODY id=36 off=010 00000000000000000000000000000000
N3GD_BODY id=36 off=020 00000000000000000000000000000000
N3GD_BODY id=36 off=030 00000000000000000000000000000000
N3GD_BODY id=36 off=040 00000000000000000000000000000000
N3GD_BODY id=36 off=050 00000000000000000000000000000000
N3GD_BODY id=36 off=060 00000000000000000000000000000000
N3GD_BODY id=36 off=070 00000000000000000000000000000000
N3GD_BODY id=36 off=080 00000000000000000000000000000000
N3GD_BODY id=36 off=090 00000000000000000000000000000000
N3GD_BODY id=36 off=0a0 00000000000000000000000000000000
N3GD_BODY id=36 off=0b0 00000000000000000000000000000000
N3GD_BODY id=36 off=0c0 00000000000000000000000000000000
N3GD_BODY id=36 off=0d0 00000000000000000000000000000000
N3GD_BODY id=36 off=0e0 00000000000000000000000000000000
N3GD_BODY id=36 off=0f0 00000000000000000000000000000000
N3GD_BODY id=36 off=100 00000000000000000000000000000000
N3GD_BODY id=36 off=110 00000000000000000000000000000000
N3GD_BODY id=36 off=120 00000000000000000000000000000000
N3GD_BODY id=36 off=130 00000000000000000000000000000000
N3GD_BODY id=36 off=140 00000000000000000000000000000000
N3GD_BODY id=36 off=150 00000000000000000000000000000000
N3GD_BODY id=36 off=160 00000000000000000000000000000000
N3GD_BODY id=36 off=170 00000000000000000000000000000000
N3GD_BODY id=36 off=180 00000000000000000000000000000000
N3GD_BODY id=36 off=190 00000000000000000000000000000000
N3GD_BODY id=36 off=1a0 00000000000000000000000000000000
N3GD_BODY id=36 off=1b0 00000000000000000000000000000000
N3GD_BODY id=36 off=1c0 00000000000000000000000000000000
N3GD_BODY id=36 off=1d0 00000000000000000000000000000000
N3GD_BODY id=36 off=1e0 00000000000000000000000000000000
N3GD_BODY id=36 off=1f0 00000000000000000000000000000000
N3GD_BODY id=36 off=200 00000000000000000000000000000000
N3GD_BODY id=36 off=210 00000000000000000000000000000000
N3GD_BODY id=36 off=220 00000000000000000000000000000000
N3GD_BODY id=36 off=230 00000000000000000000000000000000
N3GD_BODY id=36 off=240 00000000000000000000000000000000
N3GD_BODY id=36 off=250 00000000000000000000000000000000
N3GD_BODY id=36 off=260 00000000000000000000000000000000
N3GD_BODY id=36 off=270 00000000000000000000000000000000
N3GD_BODY id=36 off=280 00000000000000000000000000000000
N3GD_BODY id=36 off=290 00000000000000000000000000000000
N3GD_BODY id=36 off=2a0 00000000000000000000000000000000
N3GD_BODY id=36 off=2b0 00000000000000000000000000000000
N3GD_BODY id=36 off=2c0 00000000000000000000000000000000
N3GD_BODY id=36 off=2d0 00000000000000000000000000000000
N3GD_BODY id=36 off=2e0 00000000000000000000000000000000
N3GD_BODY id=36 off=2f0 00000000000000000000000000000000
N3GD_BODY id=36 off=300 00000000000000000000000000000000
N3GD_BODY id=36 off=310 00000000000000000000000000000000
N3GD_BODY id=36 off=320 00000000000000000000000000000000
N3GD_BODY id=36 off=330 00000000000000000000000000000000
N3GD_BODY id=36 off=340 00000000000000000000000000000000
N3GD_BODY id=36 off=350 00000000000000000000000000000000
N3GD_BODY id=36 off=360 00000000000000000000000000000000
N3GD_BODY id=36 off=370 00000000000000000000000000000000
N3GD_BODY id=36 off=380 00000000000000000000000000000000
N3GD_BODY id=36 off=390 00000000000000000000000000000000
N3GD_BODY id=36 off=3a0 00000000000000000000000000000000
N3GD_BODY id=36 off=3b0 00000000000000000000000000000000
N3GD_BODY id=36 off=3c0 00000000000000000000000000000000
N3GD_BODY id=36 off=3d0 00000000000000000000000000000000
N3GD_BODY id=36 off=3e0 00000000000000000000000000000000
N3GD_BODY id=36 off=3f0 00000000000000000000000000000000
N3GD_BODY id=36 off=400 00000000000000000000000000000000
N3GD_BODY id=36 off=410 00000000000000000000000000000000
N3GD_BODY id=36 off=420 00000000000000000000000000000000
N3GD_BODY id=36 off=430 00000000000000000000000000000000
N3GD_BODY id=36 off=440 00000000000000000000000000000000
N3GD_BODY id=36 off=450 00000000000000000000000000000000
N3GD_BODY id=36 off=460 00000000000000000000000000000000
N3GD_BODY id=36 off=470 00000000000000000000000000000000
N3GD_BODY id=36 off=480 00000000000000000000000000000000
N3GD_BODY id=36 off=490 00000000000000000000000000000000
N3GD_BODY id=36 off=4a0 00000000000000000000000000000000
N3GD_BODY id=36 off=4b0 00000000000000000000000000000000
N3GD_BODY id=36 off=4c0 00000000000000000000000000000000
N3GD_BODY id=36 off=4d0 00000000000000000000000000000000
N3GD_BODY id=36 off=4e0 00000000000000000000000000000000
N3GD_BODY id=36 off=4f0 00000000000000000000000000000000
N3GD_BODY id=36 off=500 00000000000000000000000000000000
N3GD_BODY id=36 off=510 00000000000000000000000000000000
N3GD_BODY id=36 off=520 00000000000000000000000000000000
N3GD_BODY id=36 off=530 00000000000000000000000000000000
N3GD_BODY id=36 off=540 00000000000000000000000000000000
N3GD_BODY id=36 off=550 00000000000000000000000000000000
N3GD_BODY id=36 off=560 00000000000000000000000000000000
N3GD_BODY id=36 off=570 00000000000000000000000000000000
N3GD_BODY id=36 off=580 00000000000000000000000000000000
N3GD_BODY id=36 off=590 00000000000000000000000000000000
N3GD_BODY id=36 off=5a0 00000000000000000000000000000000
N3GD_BODY id=36 off=5b0 00000000000000000000000000000000
N3GD_BODY id=36 off=5c0 00000000000000000000000000000000
N3GD_BODY id=36 off=5d0 00000000000000000000000000000000
N3GD_BODY id=36 off=5e0 00000000000000000000000000000000
N3GD_BODY id=36 off=5f0 00000000000000000000000000000000
N3GD_BODY id=36 off=600 00000000000000000000000000000000
N3GD_BODY id=36 off=610 00000000000000000000000000000000
N3GD_BODY id=36 off=620 00000000000000000000000000000000
N3GD_BODY id=36 off=630 00000000000000000000000000000000
N3GD_BODY id=36 off=640 00000000000000000000000000000000
N3GD_BODY id=36 off=650 00000000000000000000000000000000
N3GD_BODY id=36 off=660 00000000000000000000000000000000
N3GD_BODY id=36 off=670 00000000000000000000000000000000
N3GD_BODY id=36 off=680 00000000000000000000000000000000
N3GD_BODY id=36 off=690 00000000000000000000000000000000
N3GD_BODY id=36 off=6a0 00000000000000000000000000000000
N3GD_BODY id=36 off=6b0 00000000000000000000000000000000
N3GD_BODY id=36 off=6c0 00000000000000000000000000000000
N3GD_BODY id=36 off=6d0 00000000000000000000000000000000
N3GD_BODY id=36 off=6e0 00000000000000000000000000000000
N3GD_BODY id=36 off=6f0 00000000000000000000000000000000
N3GD_BODY id=36 off=700 00000000000000000000000000000000
N3GD_BODY id=36 off=710 00000000000000000000000000000000
N3GD_BODY id=36 off=720 00000000000000000000000000000000
N3GD_BODY id=36 off=730 00000000000000000000000000000000
N3GD_BODY id=36 off=740 00000000000000000000000000000000
N3GD_BODY id=36 off=750 00000000000000000000000000000000
N3GD_BODY id=36 off=760 00000000000000000000000000000000
N3GD_BODY id=36 off=770 00000000000000000000000000000000
N3GD_BODY id=36 off=780 00000000000000000000000000000000
N3GD_BODY id=36 off=790 00000000000000000000000000000000
N3GD_BODY id=36 off=7a0 00000000000000000000000000000000
N3GD_BODY id=36 off=7b0 00000000000000000000000000000000
N3GD_BODY id=36 off=7c0 00000000000000000000000000000000
N3GD_BODY id=36 off=7d0 00000000000000000000000000000000
N3GD_BODY id=36 off=7e0 00000000000000000000000000000000
N3GD_BODY id=36 off=7f0 00000000000000000000000000000000
N3GD_OOB id=36 off=000 000000000000000000000000e5ab0678
N3GD_OOB id=36 off=010 0a52efac2207c7a2053adbc8606282c5
N3GD_OOB id=36 off=020 374bcde4a25178a6eb7e94b8b7fa1e2e
N3GD_OOB id=36 off=030 eddbaafff14d9b9ea7ce563d3b3c79fe
N3GD_END id=36
N3GD_BEGIN id=37 kind=cand j=-1 v=0003 po=259 sl=4294967295 l0=FFFFFFFF host=0000A07E tgt=000140FC bank=3 pb=428 pp=64 phy=54848 shift=4294967295 t=00 ix=0000 u=00000000 l=00000000
N3GD_BODY id=37 off=000 00000000000000000000000000000000
N3GD_BODY id=37 off=010 00000000000000000000000000000000
N3GD_BODY id=37 off=020 00000000000000000000000000000000
N3GD_BODY id=37 off=030 00000000000000000000000000000000
N3GD_BODY id=37 off=040 00000000000000000000000000000000
N3GD_BODY id=37 off=050 00000000000000000000000000000000
N3GD_BODY id=37 off=060 00000000000000000000000000000000
N3GD_BODY id=37 off=070 00000000000000000000000000000000
N3GD_BODY id=37 off=080 00000000000000000000000000000000
N3GD_BODY id=37 off=090 00000000000000000000000000000000
N3GD_BODY id=37 off=0a0 00000000000000000000000000000000
N3GD_BODY id=37 off=0b0 00000000000000000000000000000000
N3GD_BODY id=37 off=0c0 00000000000000000000000000000000
N3GD_BODY id=37 off=0d0 00000000000000000000000000000000
N3GD_BODY id=37 off=0e0 00000000000000000000000000000000
N3GD_BODY id=37 off=0f0 00000000000000000000000000000000
N3GD_BODY id=37 off=100 00000000000000000000000000000000
N3GD_BODY id=37 off=110 00000000000000000000000000000000
N3GD_BODY id=37 off=120 00000000000000000000000000000000
N3GD_BODY id=37 off=130 00000000000000000000000000000000
N3GD_BODY id=37 off=140 00000000000000000000000000000000
N3GD_BODY id=37 off=150 00000000000000000000000000000000
N3GD_BODY id=37 off=160 00000000000000000000000000000000
N3GD_BODY id=37 off=170 00000000000000000000000000000000
N3GD_BODY id=37 off=180 00000000000000000000000000000000
N3GD_BODY id=37 off=190 00000000000000000000000000000000
N3GD_BODY id=37 off=1a0 00000000000000000000000000000000
N3GD_BODY id=37 off=1b0 00000000000000000000000000000000
N3GD_BODY id=37 off=1c0 00000000000000000000000000000000
N3GD_BODY id=37 off=1d0 00000000000000000000000000000000
N3GD_BODY id=37 off=1e0 00000000000000000000000000000000
N3GD_BODY id=37 off=1f0 00000000000000000000000000000000
N3GD_BODY id=37 off=200 00000000000000000000000000000000
N3GD_BODY id=37 off=210 00000000000000000000000000000000
N3GD_BODY id=37 off=220 00000000000000000000000000000000
N3GD_BODY id=37 off=230 00000000000000000000000000000000
N3GD_BODY id=37 off=240 00000000000000000000000000000000
N3GD_BODY id=37 off=250 00000000000000000000000000000000
N3GD_BODY id=37 off=260 00000000000000000000000000000000
N3GD_BODY id=37 off=270 00000000000000000000000000000000
N3GD_BODY id=37 off=280 00000000000000000000000000000000
N3GD_BODY id=37 off=290 00000000000000000000000000000000
N3GD_BODY id=37 off=2a0 00000000000000000000000000000000
N3GD_BODY id=37 off=2b0 00000000000000000000000000000000
N3GD_BODY id=37 off=2c0 00000000000000000000000000000000
N3GD_BODY id=37 off=2d0 00000000000000000000000000000000
N3GD_BODY id=37 off=2e0 00000000000000000000000000000000
N3GD_BODY id=37 off=2f0 00000000000000000000000000000000
N3GD_BODY id=37 off=300 00000000000000000000000000000000
N3GD_BODY id=37 off=310 00000000000000000000000000000000
N3GD_BODY id=37 off=320 00000000000000000000000000000000
N3GD_BODY id=37 off=330 00000000000000000000000000000000
N3GD_BODY id=37 off=340 00000000000000000000000000000000
N3GD_BODY id=37 off=350 00000000000000000000000000000000
N3GD_BODY id=37 off=360 00000000000000000000000000000000
N3GD_BODY id=37 off=370 00000000000000000000000000000000
N3GD_BODY id=37 off=380 00000000000000000000000000000000
N3GD_BODY id=37 off=390 00000000000000000000000000000000
N3GD_BODY id=37 off=3a0 00000000000000000000000000000000
N3GD_BODY id=37 off=3b0 00000000000000000000000000000000
N3GD_BODY id=37 off=3c0 00000000000000000000000000000000
N3GD_BODY id=37 off=3d0 00000000000000000000000000000000
N3GD_BODY id=37 off=3e0 00000000000000000000000000000000
N3GD_BODY id=37 off=3f0 00000000000000000000000000000000
N3GD_BODY id=37 off=400 00000000000000000000000000000000
N3GD_BODY id=37 off=410 00000000000000000000000000000000
N3GD_BODY id=37 off=420 00000000000000000000000000000000
N3GD_BODY id=37 off=430 00000000000000000000000000000000
N3GD_BODY id=37 off=440 00000000000000000000000000000000
N3GD_BODY id=37 off=450 00000000000000000000000000000000
N3GD_BODY id=37 off=460 00000000000000000000000000000000
N3GD_BODY id=37 off=470 00000000000000000000000000000000
N3GD_BODY id=37 off=480 00000000000000000000000000000000
N3GD_BODY id=37 off=490 00000000000000000000000000000000
N3GD_BODY id=37 off=4a0 00000000000000000000000000000000
N3GD_BODY id=37 off=4b0 00000000000000000000000000000000
N3GD_BODY id=37 off=4c0 00000000000000000000000000000000
N3GD_BODY id=37 off=4d0 00000000000000000000000000000000
N3GD_BODY id=37 off=4e0 00000000000000000000000000000000
N3GD_BODY id=37 off=4f0 00000000000000000000000000000000
N3GD_BODY id=37 off=500 00000000000000000000000000000000
N3GD_BODY id=37 off=510 00000000000000000000000000000000
N3GD_BODY id=37 off=520 00000000000000000000000000000000
N3GD_BODY id=37 off=530 00000000000000000000000000000000
N3GD_BODY id=37 off=540 00000000000000000000000000000000
N3GD_BODY id=37 off=550 00000000000000000000000000000000
N3GD_BODY id=37 off=560 00000000000000000000000000000000
N3GD_BODY id=37 off=570 00000000000000000000000000000000
N3GD_BODY id=37 off=580 00000000000000000000000000000000
N3GD_BODY id=37 off=590 00000000000000000000000000000000
N3GD_BODY id=37 off=5a0 00000000000000000000000000000000
N3GD_BODY id=37 off=5b0 00000000000000000000000000000000
N3GD_BODY id=37 off=5c0 00000000000000000000000000000000
N3GD_BODY id=37 off=5d0 00000000000000000000000000000000
N3GD_BODY id=37 off=5e0 00000000000000000000000000000000
N3GD_BODY id=37 off=5f0 00000000000000000000000000000000
N3GD_BODY id=37 off=600 00000000000000000000000000000000
N3GD_BODY id=37 off=610 00000000000000000000000000000000
N3GD_BODY id=37 off=620 00000000000000000000000000000000
N3GD_BODY id=37 off=630 00000000000000000000000000000000
N3GD_BODY id=37 off=640 00000000000000000000000000000000
N3GD_BODY id=37 off=650 00000000000000000000000000000000
N3GD_BODY id=37 off=660 00000000000000000000000000000000
N3GD_BODY id=37 off=670 00000000000000000000000000000000
N3GD_BODY id=37 off=680 00000000000000000000000000000000
N3GD_BODY id=37 off=690 00000000000000000000000000000000
N3GD_BODY id=37 off=6a0 00000000000000000000000000000000
N3GD_BODY id=37 off=6b0 00000000000000000000000000000000
N3GD_BODY id=37 off=6c0 00000000000000000000000000000000
N3GD_BODY id=37 off=6d0 00000000000000000000000000000000
N3GD_BODY id=37 off=6e0 00000000000000000000000000000000
N3GD_BODY id=37 off=6f0 00000000000000000000000000000000
N3GD_BODY id=37 off=700 00000000000000000000000000000000
N3GD_BODY id=37 off=710 00000000000000000000000000000000
N3GD_BODY id=37 off=720 00000000000000000000000000000000
N3GD_BODY id=37 off=730 00000000000000000000000000000000
N3GD_BODY id=37 off=740 00000000000000000000000000000000
N3GD_BODY id=37 off=750 00000000000000000000000000000000
N3GD_BODY id=37 off=760 00000000000000000000000000000000
N3GD_BODY id=37 off=770 00000000000000000000000000000000
N3GD_BODY id=37 off=780 00000000000000000000000000000000
N3GD_BODY id=37 off=790 00000000000000000000000000000000
N3GD_BODY id=37 off=7a0 00000000000000000000000000000000
N3GD_BODY id=37 off=7b0 00000000000000000000000000000000
N3GD_BODY id=37 off=7c0 00000000000000000000000000000000
N3GD_BODY id=37 off=7d0 00000000000000000000000000000000
N3GD_BODY id=37 off=7e0 00000000000000000000000000000000
N3GD_BODY id=37 off=7f0 00000000000000000000000000000000
N3GD_OOB id=37 off=000 000000000000000000000000e5ab0678
N3GD_OOB id=37 off=010 0a52efac2207c7a2053adbc8606282c5
N3GD_OOB id=37 off=020 374bcde4a25178a6eb7e94b8b7fa1e2e
N3GD_OOB id=37 off=030 eddbaafff14d9b9ea7ce563d3b3c79fe
N3GD_END id=37
N3GD_BEGIN id=38 kind=cand j=-1 v=0003 po=260 sl=0 l0=FFFFFFFF host=0000A07E tgt=000140FC bank=0 pb=428 pp=65 phy=54849 shift=1 t=40 ix=DB36 u=00060608 l=00060608
N3GD_BODY id=38 off=000 00080008000800080008000800080008
N3GD_BODY id=38 off=010 00080008000800080008000800080008
N3GD_BODY id=38 off=020 00080008000800080008000800080008
N3GD_BODY id=38 off=030 00080008000800080008000800080008
N3GD_BODY id=38 off=040 00080008000800080008000800080008
N3GD_BODY id=38 off=050 00080008000800080008000800080010
N3GD_BODY id=38 off=060 00100010001000100010001800180018
N3GD_BODY id=38 off=070 00200020002000280030003800400048
N3GD_BODY id=38 off=080 006880b8b8fffbffa7fde0f840f900fa
N3GD_BODY id=38 off=090 e0f9c0f9c0f9c0f9c0f9c0f9e0f9c0f9
N3GD_BODY id=38 off=0a0 e0f9c0f900fae0f9e0f9c0f9e0f9e0f9
N3GD_BODY id=38 off=0b0 e0f9e0f920faa0f9c0f801fb60fa60fa
N3GD_BODY id=38 off=0c0 00fa00fa00fae0f9e0f9c0f9e0f9c0f9
N3GD_BODY id=38 off=0d0 c0f9c0f9c0f9e0f9e0f9e0f9e0f9c0f9
N3GD_BODY id=38 off=0e0 c0f9c0f900fa80f923fbfbff60f920fa
N3GD_BODY id=38 off=0f0 e0f9e0f920fa40fa40fa80fa40fb20fb
N3GD_BODY id=38 off=100 fcfffbfffbffb8ff20f9e0f9c0f9e0f9
N3GD_BODY id=38 off=110 e0f900fa40fa80fa40fb03fefbfffbff
N3GD_BODY id=38 off=120 fbff14ff60f9c0f9a0f9a0f9a0f9a0f9
N3GD_BODY id=38 off=130 a0f9a0f9a1fba9fffcfffbffcffe80f9
N3GD_BODY id=38 off=140 80f9a0f9a0f9a0f9c0f9c0f9e0f9e0f9
N3GD_BODY id=38 off=150 a0f980f9a0f9a0f9c0f9c0f9e0f9c0f9
N3GD_BODY id=38 off=160 c0f940fa42fb06fdfcfffbffe2fc00fb
N3GD_BODY id=38 off=170 e0f9c0f9c0f9c0f9c0f9a0f9a0f980f9
N3GD_BODY id=38 off=180 c8fcfafffbffe5fc80f920fae0f9c0f9
N3GD_BODY id=38 off=190 a0f9a0f9a0f9a0f980f980f9a0f9a0f9
N3GD_BODY id=38 off=1a0 80f980f980f9a0f980f980f9c0f9a0f9
N3GD_BODY id=38 off=1b0 c5fbb8fffbfffbff71ffe5fcc0fa40fa
N3GD_BODY id=38 off=1c0 40fa00fa20fa00fac0f9c0f9a0f951ff
N3GD_BODY id=38 off=1d0 fdff2090205020402040b8fedbff27fc
N3GD_BODY id=38 off=1e0 c0f980f980f980f9a0f9a0f9c0f9a0f9
N3GD_BODY id=38 off=1f0 80f980f980f9a0f9c0f980f877fff3fe
N3GD_BODY id=38 off=200 00500040003800300028002800200020
N3GD_BODY id=38 off=210 00200018001800100010001000100010
N3GD_BODY id=38 off=220 00080008000800080008000800080008
N3GD_BODY id=38 off=230 00080008000800080008000800080008
N3GD_BODY id=38 off=240 00080008000800080008000800080008
N3GD_BODY id=38 off=250 00080008000800080008000800080008
N3GD_BODY id=38 off=260 00080008000800080008000800080008
N3GD_BODY id=38 off=270 00080008000800080008000800080008
N3GD_BODY id=38 off=280 00080008000800080008200820082008
N3GD_BODY id=38 off=290 20082008200820082008200820082008
N3GD_BODY id=38 off=2a0 20082008200820082008200820082008
N3GD_BODY id=38 off=2b0 20082008200820082008200820082008
N3GD_BODY id=38 off=2c0 20082008200820082008200820082008
N3GD_BODY id=38 off=2d0 20082008200820082010201020102010
N3GD_BODY id=38 off=2e0 20102018201820182018202020202028
N3GD_BODY id=38 off=2f0 20282028203020382038204020482058
N3GD_BODY id=38 off=300 20889bffdaff0efee0f980fa00fa00fa
N3GD_BODY id=38 off=310 c0f9a0f9c0f9c0f9c0f9c0f9c0f9c0f9
N3GD_BODY id=38 off=320 c0f9a0f9c0f9e0f9c0f9e0f9e0f9e0f9
N3GD_BODY id=38 off=330 c0f9c0f900faa0f9a0f840f9e0f9c0f9
N3GD_BODY id=38 off=340 c0f9a0f9c0f9c0f9e0f9c0f9c0f9c0f9
N3GD_BODY id=38 off=350 a0f9a0f9c0f920f960f9e0f9c0f9e0f9
N3GD_BODY id=38 off=360 c0f9a0f920fa80f903fbfbff60f920fa
N3GD_BODY id=38 off=370 e0f9e0f920fa20fa60fa80fa40fbe0fa
N3GD_BODY id=38 off=380 fcfffbfffbffb8ff40f9e0f9c0f9c0f9
N3GD_BODY id=38 off=390 e0f900fa40fa80fa40fba2fdfbfffaff
N3GD_BODY id=38 off=3a0 fbff14ff60f9a0f9a0f9a0f9a0f9a0f9
N3GD_BODY id=38 off=3b0 a0f9c0f901fcc9fffcfffbfff9ff0cfe
N3GD_BODY id=38 off=3c0 80f860f9c0f9c0f9c0f9a0f9a0f9a0f9
N3GD_BODY id=38 off=3d0 a0f980f9c0f9a0f980f9a0f9c0f9e0f9
N3GD_BODY id=38 off=3e0 60fa88fe71fff7fffcfffbffa3fda1fb
N3GD_BODY id=38 off=3f0 20fae0f9c0f9c0f9c0f9c0f9c0f980f9
N3GD_BODY id=38 off=400 c9fcfafffbfff9ffe0fae0f920fae0f9
N3GD_BODY id=38 off=410 c0f9c0f9c0f980f980f980f9a0f9a0f9
N3GD_BODY id=38 off=420 a0f980f980f980f960f960f920faa0fa
N3GD_BODY id=38 off=430 77fffaff49fdfbff51ff46fdc0fa40fa
N3GD_BODY id=38 off=440 20fae0f900fa00fac0f9c0f980f931ff
N3GD_BODY id=38 off=450 fdff209020582048204847dadcff15ff
N3GD_BODY id=38 off=460 40f980f980f980f980f980f9a0f9a0f9
N3GD_BODY id=38 off=470 60f960f980f980f9c0f980f898fff3fe
N3GD_BODY id=38 off=480 20502048204020402038203020302028
N3GD_BODY id=38 off=490 20282020202020182018201820182010
N3GD_BODY id=38 off=4a0 20102010201020082008200820082008
N3GD_BODY id=38 off=4b0 20082008200820082008200820082008
N3GD_BODY id=38 off=4c0 20082008200820082008200820082008
N3GD_BODY id=38 off=4d0 20082008200820082008200820082008
N3GD_BODY id=38 off=4e0 20082008200820082008200820082008
N3GD_BODY id=38 off=4f0 20082008200820082008200820082008
N3GD_BODY id=38 off=500 00080008000800080008000800080008
N3GD_BODY id=38 off=510 00080008000800080008000800080008
N3GD_BODY id=38 off=520 00080008000800080008000800080008
N3GD_BODY id=38 off=530 00080008000800080008000800080008
N3GD_BODY id=38 off=540 00080008000800080008000800080008
N3GD_BODY id=38 off=550 00080008000800080008000800080008
N3GD_BODY id=38 off=560 00100010001000100010001800180020
N3GD_BODY id=38 off=570 00200028002800300038204020482058
N3GD_BODY id=38 off=580 04fbfbff04fda0f9e0f9c0f900fae0f9
N3GD_BODY id=38 off=590 e0f9c0f940fae0f920fae0f920fa20fa
N3GD_BODY id=38 off=5a0 e0f9e0f900fa40fae0f9c0f9c0f9a0f9
N3GD_BODY id=38 off=5b0 e0f9a0f9c0f980f981f9e3fa60f960fa
N3GD_BODY id=38 off=5c0 c0f9c0f9c0f9c0f9c0f9c0f9e0f9a0f9
N3GD_BODY id=38 off=5d0 c0f9a0f9e0f9e0f860f9e0f9e0f9e0f9
N3GD_BODY id=38 off=5e0 e0f9e0f900faa0f923fbfaff60f920fa
N3GD_BODY id=38 off=5f0 e0f9e0f900fa20fa60fa80faa1fc20fc
N3GD_BODY id=38 off=600 fcfffbfffbffb8ff40f9e0f9e0f9e0f9
N3GD_BODY id=38 off=610 e0f900fa20fa60fa02fd43fefbfffbff
N3GD_BODY id=38 off=620 faff12ff80f9c0f9a0f9a0f9c0f9c0f9
N3GD_BODY id=38 off=630 a0f900faa2fcebfffdff67fdfbfffcff
N3GD_BODY id=38 off=640 b1fe81f960f920fae0f9c0f9a0f9a0f9
N3GD_BODY id=38 off=650 c0f9a0f9c0f9a0f9c0f9a0f900fa20fa
N3GD_BODY id=38 off=660 8ffef9fffdfffaff52fffcffc2fdc0fb
N3GD_BODY id=38 off=670 20fa00fac0f9c0f9c0f9c0f9c0f980f9
N3GD_BODY id=38 off=680 c7fcf9fffbfffcfff9ff07fe40fa60fa
N3GD_BODY id=38 off=690 e0f9c0f9a0f9c0f9a0f980f9a0f9a0f9
N3GD_BODY id=38 off=6a0 80f980f9a0f9a0f9c2fa8dfeb9ffb8ff
N3GD_BODY id=38 off=6b0 fdff91fe80d0feff30ff66fd80fa20fa
N3GD_BODY id=38 off=6c0 20fa00fa00fae0f900fae0f980f952ff
N3GD_BODY id=38 off=6d0 fdff2088205020402038204879ffdbff
N3GD_BODY id=38 off=6e0 86fc08fd20fb60faa0f980f980f980f9
N3GD_BODY id=38 off=6f0 80f980f980f980f9a0f980f898ff14ff
N3GD_BODY id=38 off=700 20502040203820302028202820202020
N3GD_BODY id=38 off=710 20202018201820182010201020102010
N3GD_BODY id=38 off=720 20082008200800080008000800080008
N3GD_BODY id=38 off=730 00080008000800080008000800080008
N3GD_BODY id=38 off=740 00080008000800080008000800080008
N3GD_BODY id=38 off=750 00080008000800080008000800080008
N3GD_BODY id=38 off=760 00080008000800080008000800080008
N3GD_BODY id=38 off=770 00080008000800080008000800080008
N3GD_BODY id=38 off=780 00080008000800080008000800080008
N3GD_BODY id=38 off=790 00080008000800080008000800080008
N3GD_BODY id=38 off=7a0 00080008000800080008000800080008
N3GD_BODY id=38 off=7b0 00080008000800080008000800080008
N3GD_BODY id=38 off=7c0 00080008000800080008000800080008
N3GD_BODY id=38 off=7d0 00080008000800080008000800080008
N3GD_BODY id=38 off=7e0 00100010001000100018001800180020
N3GD_BODY id=38 off=7f0 00200020002800300038004000500058
N3GD_OOB id=38 off=000 0806060036db0000ff40ffffe5ab0678
N3GD_OOB id=38 off=010 0a52efac2207c7a2053adbc8606282c5
N3GD_OOB id=38 off=020 374bcde4a25178a6eb7e94b8b7fa1e2e
N3GD_OOB id=38 off=030 eddbaafff14d9b9ea7ce563d3b3c79fe
N3GD_END id=38
N3GD_DONE pages=39
