#include "lcd.h"
#include "/home/david/Documents/RockBox_Personal-master/build-sim-ipod6g/pluginbitmaps/cdogs_enemy_upper_c.h"
const unsigned short cdogs_enemy_upper_c[] = {
0xf81f, 0xf81f, 0xf81f, 0xf81f, 0xf81f, 0xf81f, 0xf81f, 0xf81f, 0xf81f, 0x50c0,
0x7100, 0x8940, 0x7100, 0x68e0, 0x50c0, 0xf81f, 0xf81f, 0xf81f, 0xf81f, 0xf81f,
0xf81f, 0xf81f, 0xf81f, 0xf81f, 0xf81f, 0xf81f, 0xf81f, 0xf81f, 0xf81f, 0xf81f,
0xf81f, 0xf81f, 0xf81f, 0xf81f, 0x68e0, 0x8940, 0x7100, 0x68e0, 0x50c0, 0xf81f,
0xf81f, 0xf81f, 0xf81f, 0xf81f, 0xf81f, 0xf81f, 0xf81f, 0xf81f, 0xf81f, 0xf81f,
0xf81f, 0xf81f, 0xf81f, 0xf81f, 0xf81f, 0xf81f, 0xf81f, 0xf81f, 0x68e0, 0x68e0,
0x68e0, 0x50c0, 0xf81f, 0xf81f, 0xf81f, 0xf81f, 0xf81f, 0xf81f, 0xf81f, 0xf81f,
0xf81f, 0xf81f, 0xf81f, 0xf81f, 0xf81f, 0xf81f, 0xf81f, 0xf81f, 0xf81f, 0xf81f,
0xf81f, 0x50c0, 0x7100, 0x8940, 0x7100, 0x68e0, 0x50c0, 0xf81f, 0xf81f, 0xf81f,
0xf81f, 0xf81f, 0xf81f, 0xf81f, 0xf81f, 0xf81f, 0xf81f, 0xf81f, 0xf81f, 0xf81f,
0xf81f, 0xf81f, 0xf81f, 0xf81f, 0xf81f, 0x50c0, 0x7100, 0x8940, 0x7100, 0x68e0,
0x50c0, 0xf81f, 0xf81f, 0xf81f, 0xf81f, 0xf81f, 0xf81f, 0xf81f, 0xf81f, 0xf81f,
0xf81f, 0xf81f, 0xf81f, 0xf81f, 0xf81f, 0xf81f, 0xf81f, 0xf81f, 0xf81f, 0x50c0,
0x7100, 0x8940, 0x7100, 0x68e0, 0x50c0, 0xf81f, 0xf81f, 0xf81f, 0xf81f, 0xf81f,
0xf81f, 0xf81f, 0xf81f, 0xf81f, 0xf81f, 0xf81f, 0xf81f, 0xf81f, 0xf81f, 0xf81f,
0xf81f, 0xf81f, 0xf81f, 0xf81f, 0x50c0, 0x68e0, 0x7100, 0x50c0, 0xf81f, 0xf81f,
0xf81f, 0xf81f, 0xf81f, 0xf81f, 0xf81f, 0xf81f, 0xf81f, 0xf81f, 0xf81f, 0xf81f,
0xf81f, 0xf81f, 0xf81f, 0xf81f, 0xf81f, 0xf81f, 0xf81f, 0x68e0, 0x7100, 0x8940,
0x7100, 0x68e0, 0xf81f, 0xf81f, 0xf81f, 0xf81f, 0xf81f, 0xf81f, 0xf81f, 0xf81f,
0xf81f, 0xf81f, 
0xf81f, 0xf81f, 0xf81f, 0xf81f, 0xf81f, 0xf81f, 0xf81f, 0xf81f, 0xf81f, 0x7100,
0xa2e7, 0x8940, 0x8940, 0x7100, 0x68e0, 0xf81f, 0xf81f, 0xf81f, 0xf81f, 0xf81f,
0xf81f, 0xf81f, 0xf81f, 0xf81f, 0xf81f, 0xf81f, 0xf81f, 0xf81f, 0xf81f, 0xf81f,
0xf81f, 0xf81f, 0xf81f, 0x68e0, 0x8940, 0xa2e7, 0x8940, 0x7100, 0x68e0, 0x50c0,
0xf81f, 0xf81f, 0xf81f, 0xf81f, 0xf81f, 0xf81f, 0xf81f, 0xf81f, 0xf81f, 0xf81f,
0xf81f, 0xf81f, 0xf81f, 0xf81f, 0xf81f, 0xf81f, 0xf81f, 0x7100, 0xa2e7, 0x8940,
0x8940, 0x68e0, 0x50c0, 0xf81f, 0xf81f, 0xf81f, 0xf81f, 0xf81f, 0xf81f, 0xf81f,
0xf81f, 0xf81f, 0xf81f, 0xf81f, 0xf81f, 0xf81f, 0xf81f, 0xf81f, 0xf81f, 0xf81f,
0xf81f, 0x7100, 0xa2e7, 0x8940, 0x8940, 0x7100, 0x68e0, 0xf81f, 0xf81f, 0xf81f,
0xf81f, 0xf81f, 0xf81f, 0xf81f, 0xf81f, 0xf81f, 0xf81f, 0xf81f, 0xf81f, 0xf81f,
0xf81f, 0xf81f, 0xf81f, 0xf81f, 0xf81f, 0x7100, 0xa2e7, 0x8940, 0x8940, 0x7100,
0x68e0, 0xf81f, 0xf81f, 0xf81f, 0xf81f, 0xf81f, 0xf81f, 0xf81f, 0xf81f, 0xf81f,
0xf81f, 0xf81f, 0xf81f, 0xf81f, 0xf81f, 0xf81f, 0xf81f, 0xf81f, 0xf81f, 0x7100,
0xa2e7, 0x8940, 0x8940, 0x7100, 0x68e0, 0xf81f, 0xf81f, 0xf81f, 0xf81f, 0xf81f,
0xf81f, 0xf81f, 0xf81f, 0xf81f, 0xf81f, 0xf81f, 0xf81f, 0xf81f, 0xf81f, 0xf81f,
0xf81f, 0xf81f, 0xf81f, 0x8940, 0xa2e7, 0x8940, 0x8940, 0x7100, 0x50c0, 0xf81f,
0xf81f, 0xf81f, 0xf81f, 0xf81f, 0xf81f, 0xf81f, 0xf81f, 0xf81f, 0xf81f, 0xf81f,
0xf81f, 0xf81f, 0xf81f, 0xf81f, 0xf81f, 0xf81f, 0x68e0, 0x8940, 0x8940, 0x8940,
0x7100, 0x7100, 0x68e0, 0xf81f, 0xf81f, 0xf81f, 0xf81f, 0xf81f, 0xf81f, 0xf81f,
0xf81f, 0xf81f, 
0xf81f, 0xf81f, 0xf81f, 0xf81f, 0xf81f, 0xf81f, 0xf81f, 0xf81f, 0xf81f, 0x7100,
0xa2e7, 0x8940, 0x8940, 0x7100, 0x68e0, 0xf81f, 0xf81f, 0xf81f, 0xf81f, 0xf81f,
0xf81f, 0xf81f, 0xf81f, 0xf81f, 0xf81f, 0xf81f, 0xf81f, 0xf81f, 0xf81f, 0xf81f,
0xf81f, 0xf81f, 0xf81f, 0x8940, 0xa2e7, 0x8940, 0x8940, 0x7100, 0x68e0, 0x50c0,
0xf81f, 0xf81f, 0xf81f, 0xf81f, 0xf81f, 0xf81f, 0xf81f, 0xf81f, 0xf81f, 0xf81f,
0xf81f, 0xf81f, 0xf81f, 0xf81f, 0xf81f, 0xf81f, 0xf81f, 0x7100, 0xa2e7, 0x8940,
0x8940, 0x7100, 0x68e0, 0x2040, 0xf81f, 0xf81f, 0xf81f, 0xf81f, 0xf81f, 0xf81f,
0xf81f, 0xf81f, 0xf81f, 0xf81f, 0xf81f, 0xf81f, 0xf81f, 0xf81f, 0xf81f, 0xf81f,
0xf81f, 0x7100, 0xa2e7, 0x8940, 0x8940, 0x8940, 0x7100, 0x50c0, 0xf81f, 0xf81f,
0xf81f, 0xf81f, 0xf81f, 0xf81f, 0xf81f, 0xf81f, 0xf81f, 0xf81f, 0xf81f, 0xf81f,
0xf81f, 0xf81f, 0xf81f, 0xf81f, 0xf81f, 0x7100, 0xa2e7, 0x8940, 0x8940, 0x7100,
0x68e0, 0xf81f, 0xf81f, 0xf81f, 0xf81f, 0xf81f, 0xf81f, 0xf81f, 0xf81f, 0xf81f,
0xf81f, 0xf81f, 0xf81f, 0xf81f, 0xf81f, 0xf81f, 0xf81f, 0xf81f, 0x50c0, 0xa2e7,
0x8940, 0x8940, 0x7100, 0x7100, 0x68e0, 0xf81f, 0xf81f, 0xf81f, 0xf81f, 0xf81f,
0xf81f, 0xf81f, 0xf81f, 0xf81f, 0xf81f, 0xf81f, 0xf81f, 0xf81f, 0xf81f, 0xf81f,
0xf81f, 0xf81f, 0x68e0, 0xa2e7, 0x8940, 0x8940, 0x7100, 0x7100, 0x68e0, 0xf81f,
0xf81f, 0xf81f, 0xf81f, 0xf81f, 0xf81f, 0xf81f, 0xf81f, 0xf81f, 0xf81f, 0xf81f,
0xf81f, 0xf81f, 0xf81f, 0xf81f, 0xf81f, 0xf81f, 0x8940, 0xa2e7, 0x8940, 0x8940,
0x7100, 0x7100, 0x68e0, 0xf81f, 0xf81f, 0xf81f, 0xf81f, 0xf81f, 0xf81f, 0xf81f,
0xf81f, 0xf81f, 
0xf81f, 0xf81f, 0xf81f, 0xf81f, 0xf81f, 0xf81f, 0xf81f, 0xf81f, 0xf81f, 0x7100,
0xa2e7, 0x8940, 0x8940, 0x7100, 0x68e0, 0xf81f, 0xf81f, 0xf81f, 0xf81f, 0xf81f,
0xf81f, 0xf81f, 0xf81f, 0xf81f, 0xf81f, 0xf81f, 0xf81f, 0xf81f, 0xf81f, 0xf81f,
0xf81f, 0xf81f, 0xf81f, 0x8940, 0xa2e7, 0x8940, 0x8940, 0x7100, 0x68e0, 0x07e0,
0xf81f, 0xf81f, 0xf81f, 0xf81f, 0xf81f, 0xf81f, 0xf81f, 0xf81f, 0xf81f, 0xf81f,
0xf81f, 0xf81f, 0xf81f, 0xf81f, 0xf81f, 0xf81f, 0xf81f, 0x68e0, 0xa2e7, 0x8940,
0x8940, 0x7100, 0x68e0, 0x07e0, 0xf81f, 0xf81f, 0xf81f, 0xf81f, 0xf81f, 0xf81f,
0xf81f, 0xf81f, 0xf81f, 0xf81f, 0xf81f, 0xf81f, 0xf81f, 0xf81f, 0xf81f, 0xf81f,
0xf81f, 0x7100, 0xa2e7, 0x8940, 0x8940, 0x8940, 0x7100, 0x50c0, 0xf81f, 0xf81f,
0xf81f, 0xf81f, 0xf81f, 0xf81f, 0xf81f, 0xf81f, 0xf81f, 0xf81f, 0xf81f, 0xf81f,
0xf81f, 0xf81f, 0xf81f, 0xf81f, 0xf81f, 0x7100, 0xa2e7, 0x8940, 0x8940, 0x7100,
0x68e0, 0xf81f, 0xf81f, 0xf81f, 0xf81f, 0xf81f, 0xf81f, 0xf81f, 0xf81f, 0xf81f,
0xf81f, 0xf81f, 0xf81f, 0xf81f, 0xf81f, 0xf81f, 0xf81f, 0xf81f, 0x68e0, 0xa2e7,
0x8940, 0x8940, 0x7100, 0x7100, 0x68e0, 0xf81f, 0xf81f, 0xf81f, 0xf81f, 0xf81f,
0xf81f, 0xf81f, 0xf81f, 0xf81f, 0xf81f, 0xf81f, 0xf81f, 0xf81f, 0xf81f, 0xf81f,
0xf81f, 0xf81f, 0x07e0, 0x8940, 0xa2e7, 0x8940, 0x7100, 0x7100, 0x68e0, 0xf81f,
0xf81f, 0xf81f, 0xf81f, 0xf81f, 0xf81f, 0xf81f, 0xf81f, 0xf81f, 0xf81f, 0xf81f,
0xf81f, 0xf81f, 0xf81f, 0xf81f, 0xf81f, 0xf81f, 0x07e0, 0x8940, 0x8940, 0x8940,
0x7100, 0x7100, 0x68e0, 0xf81f, 0xf81f, 0xf81f, 0xf81f, 0xf81f, 0xf81f, 0xf81f,
0xf81f, 0xf81f, 
0xf81f, 0xf81f, 0xf81f, 0xf81f, 0xf81f, 0xf81f, 0xf81f, 0xf81f, 0xf81f, 0x7100,
0x8940, 0x8940, 0x7100, 0x7100, 0x68e0, 0xf81f, 0xf81f, 0xf81f, 0xf81f, 0xf81f,
0xf81f, 0xf81f, 0xf81f, 0xf81f, 0xf81f, 0xf81f, 0xf81f, 0xf81f, 0xf81f, 0xf81f,
0xf81f, 0xf81f, 0xf81f, 0x8940, 0xa2e7, 0x8940, 0x8940, 0x8940, 0x07e0, 0x07e0,
0xf81f, 0xf81f, 0xf81f, 0xf81f, 0xf81f, 0xf81f, 0xf81f, 0xf81f, 0xf81f, 0xf81f,
0xf81f, 0xf81f, 0xf81f, 0xf81f, 0xf81f, 0xf81f, 0xf81f, 0x68e0, 0x8940, 0x07e0,
0x07e0, 0x07e0, 0x07e0, 0x07e0, 0x50c0, 0xf81f, 0xf81f, 0xf81f, 0xf81f, 0xf81f,
0xf81f, 0xf81f, 0xf81f, 0xf81f, 0xf81f, 0xf81f, 0xf81f, 0xf81f, 0xf81f, 0xf81f,
0xf81f, 0x07e0, 0x07e0, 0x07e0, 0x07e0, 0x07e0, 0x07e0, 0x07e0, 0xf81f, 0xf81f,
0xf81f, 0xf81f, 0xf81f, 0xf81f, 0xf81f, 0xf81f, 0xf81f, 0xf81f, 0xf81f, 0xf81f,
0xf81f, 0xf81f, 0xf81f, 0xf81f, 0xf81f, 0x07e0, 0x07e0, 0x07e0, 0x07e0, 0x07e0,
0x07e0, 0xf81f, 0xf81f, 0xf81f, 0xf81f, 0xf81f, 0xf81f, 0xf81f, 0xf81f, 0xf81f,
0xf81f, 0xf81f, 0xf81f, 0xf81f, 0xf81f, 0xf81f, 0xf81f, 0xf81f, 0x07e0, 0x07e0,
0x07e0, 0x07e0, 0x07e0, 0x07e0, 0x07e0, 0xf81f, 0xf81f, 0xf81f, 0xf81f, 0xf81f,
0xf81f, 0xf81f, 0xf81f, 0xf81f, 0xf81f, 0xf81f, 0xf81f, 0xf81f, 0xf81f, 0xf81f,
0xf81f, 0x8940, 0x07e0, 0x07e0, 0x07e0, 0x07e0, 0x07e0, 0x7100, 0x68e0, 0xf81f,
0xf81f, 0xf81f, 0xf81f, 0xf81f, 0xf81f, 0xf81f, 0xf81f, 0xf81f, 0xf81f, 0xf81f,
0xf81f, 0xf81f, 0xf81f, 0xf81f, 0xf81f, 0xf81f, 0x07e0, 0x07e0, 0xa2e7, 0x7100,
0x7100, 0x7100, 0x68e0, 0xf81f, 0xf81f, 0xf81f, 0xf81f, 0xf81f, 0xf81f, 0xf81f,
0xf81f, 0xf81f, 
0xf81f, 0xf81f, 0xf81f, 0xf81f, 0xf81f, 0xf81f, 0xf81f, 0xf81f, 0xf81f, 0x7100,
0x8940, 0x8940, 0x7100, 0x7100, 0x68e0, 0xf81f, 0xf81f, 0xf81f, 0xf81f, 0xf81f,
0xf81f, 0xf81f, 0xf81f, 0xf81f, 0xf81f, 0xf81f, 0xf81f, 0xf81f, 0xf81f, 0xf81f,
0xf81f, 0xf81f, 0xf81f, 0x7100, 0x8940, 0x8940, 0x8940, 0x7100, 0x8940, 0x68e0,
0xf81f, 0xf81f, 0xf81f, 0xf81f, 0xf81f, 0xf81f, 0xf81f, 0xf81f, 0xf81f, 0xf81f,
0xf81f, 0xf81f, 0xf81f, 0xf81f, 0xf81f, 0xf81f, 0xf81f, 0x8940, 0xa2e7, 0x8940,
0x7100, 0x07e0, 0x07e0, 0x07e0, 0x68e0, 0xf81f, 0xf81f, 0xf81f, 0xf81f, 0xf81f,
0xf81f, 0xf81f, 0xf81f, 0xf81f, 0xf81f, 0xf81f, 0xf81f, 0xf81f, 0xf81f, 0xf81f,
0xf81f, 0x7100, 0x07e0, 0x07e0, 0xa2e7, 0x7100, 0x07e0, 0x07e0, 0xf81f, 0xf81f,
0xf81f, 0xf81f, 0xf81f, 0xf81f, 0xf81f, 0xf81f, 0xf81f, 0xf81f, 0xf81f, 0xf81f,
0xf81f, 0xf81f, 0xf81f, 0xf81f, 0xf81f, 0x07e0, 0x07e0, 0xa2e7, 0x7100, 0x07e0,
0x07e0, 0xf81f, 0xf81f, 0xf81f, 0xf81f, 0xf81f, 0xf81f, 0xf81f, 0xf81f, 0xf81f,
0xf81f, 0xf81f, 0xf81f, 0xf81f, 0xf81f, 0xf81f, 0xf81f, 0xf81f, 0x07e0, 0x07e0,
0xa2e7, 0x7100, 0x07e0, 0x07e0, 0x68e0, 0xf81f, 0xf81f, 0xf81f, 0xf81f, 0xf81f,
0xf81f, 0xf81f, 0xf81f, 0xf81f, 0xf81f, 0xf81f, 0xf81f, 0xf81f, 0xf81f, 0xf81f,
0xf81f, 0x68e0, 0x07e0, 0x07e0, 0x07e0, 0x7100, 0x7100, 0x8940, 0x8940, 0xf81f,
0xf81f, 0xf81f, 0xf81f, 0xf81f, 0xf81f, 0xf81f, 0xf81f, 0xf81f, 0xf81f, 0xf81f,
0xf81f, 0xf81f, 0xf81f, 0xf81f, 0xf81f, 0xf81f, 0x8940, 0xa2e7, 0x8940, 0x7100,
0x68e0, 0x68e0, 0x50c0, 0xf81f, 0xf81f, 0xf81f, 0xf81f, 0xf81f, 0xf81f, 0xf81f,
0xf81f, 0xf81f, 
0xf81f, 0xf81f, 0xf81f, 0xf81f, 0xf81f, 0xf81f, 0xf81f, 0xf81f, 0xf81f, 0x50c0,
0x8940, 0x68e0, 0x68e0, 0x68e0, 0x50c0, 0x7800, 0xc638, 0x738e, 0xa514, 0xf81f,
0xf81f, 0xf81f, 0xf81f, 0xf81f, 0xf81f, 0xf81f, 0xf81f, 0xf81f, 0xf81f, 0xf81f,
0xf81f, 0xf81f, 0xf81f, 0x68e0, 0x8940, 0x68e0, 0x68e0, 0x7100, 0x68e0, 0x68e0,
0xf81f, 0xf81f, 0xf81f, 0xf81f, 0xf81f, 0xf81f, 0xf81f, 0xf81f, 0xf81f, 0xf81f,
0xf81f, 0xf81f, 0xf81f, 0xf81f, 0xf81f, 0xf81f, 0xf81f, 0x7100, 0x8940, 0x7100,
0x8940, 0x7100, 0x7100, 0x50c0, 0xf81f, 0xf81f, 0xf81f, 0xf81f, 0xf81f, 0xf81f,
0xf81f, 0xf81f, 0xf81f, 0xf81f, 0xf81f, 0xf81f, 0xf81f, 0xf81f, 0xf81f, 0xf81f,
0xf81f, 0x7100, 0x8940, 0x8940, 0x7100, 0x68e0, 0x68e0, 0x68e0, 0xf81f, 0x7100,
0xf81f, 0xf81f, 0xf81f, 0xf81f, 0xf81f, 0xf81f, 0xf81f, 0xf81f, 0xf81f, 0xf81f,
0xf81f, 0xf81f, 0xe71c, 0xe71c, 0x7800, 0x7100, 0x8940, 0x7100, 0x68e0, 0x68e0,
0x7100, 0x7800, 0xc638, 0x738e, 0xa514, 0xf81f, 0xf81f, 0xf81f, 0xf81f, 0xf81f,
0xf81f, 0xf81f, 0xf81f, 0xf81f, 0xf81f, 0xf81f, 0xf81f, 0xf81f, 0x7100, 0x8940,
0x7100, 0x68e0, 0x68e0, 0x7100, 0x68e0, 0xf81f, 0xf81f, 0xf81f, 0xf81f, 0xf81f,
0xf81f, 0xf81f, 0xf81f, 0xf81f, 0xf81f, 0xf81f, 0xf81f, 0xf81f, 0xf81f, 0xf81f,
0xf81f, 0xf81f, 0x68e0, 0x7100, 0x8940, 0x8940, 0x7100, 0x8940, 0x50c0, 0xf81f,
0xf81f, 0xf81f, 0xf81f, 0xf81f, 0xf81f, 0xf81f, 0xf81f, 0xf81f, 0xf81f, 0xf81f,
0xf81f, 0xf81f, 0xf81f, 0xf81f, 0xf81f, 0xf81f, 0x8940, 0x8940, 0x7100, 0x68e0,
0x50c0, 0x50c0, 0x50c0, 0xf81f, 0xf81f, 0x7100, 0xf81f, 0xf81f, 0xf81f, 0xf81f,
0xf81f, 0xf81f, 
0xf81f, 0xf81f, 0xf81f, 0xf81f, 0xf81f, 0xf81f, 0xf81f, 0xf81f, 0x0000, 0x0000,
0x8940, 0x8940, 0x68e0, 0x68e0, 0x0000, 0x0000, 0x7800, 0xa514, 0x0000, 0xf81f,
0xf81f, 0xf81f, 0xf81f, 0xf81f, 0xf81f, 0xf81f, 0xf81f, 0xf81f, 0xf81f, 0xf81f,
0xf81f, 0xf81f, 0xf81f, 0x0000, 0x0000, 0x8940, 0x68e0, 0x68e0, 0x68e0, 0x50c0,
0xc638, 0x738e, 0xc638, 0xf81f, 0xf81f, 0xf81f, 0xf81f, 0xf81f, 0xf81f, 0xf81f,
0xf81f, 0xf81f, 0xf81f, 0xf81f, 0xf81f, 0xf81f, 0xf81f, 0x68e0, 0x7100, 0x8940,
0x8940, 0x8940, 0x8940, 0x3880, 0xf81f, 0xf81f, 0xf81f, 0xf81f, 0xf81f, 0xf81f,
0xf81f, 0xf81f, 0xf81f, 0xf81f, 0xf81f, 0xf81f, 0xf81f, 0xe71c, 0xe71c, 0xe71c,
0x7800, 0x8940, 0xa2e7, 0x8940, 0x50c0, 0x50c0, 0x7100, 0x68e0, 0xc638, 0xa514,
0xe71c, 0xf81f, 0xf81f, 0xf81f, 0xf81f, 0xf81f, 0xf81f, 0xf81f, 0xf81f, 0xf81f,
0xf81f, 0xf81f, 0xe71c, 0xe71c, 0x0000, 0x8940, 0xa2e7, 0x50c0, 0x50c0, 0x68e0,
0x7100, 0x0000, 0x7800, 0xa514, 0x0000, 0xf81f, 0xf81f, 0xf81f, 0xf81f, 0xf81f,
0xf81f, 0xf81f, 0xf81f, 0xf81f, 0xf81f, 0xf81f, 0xe71c, 0xe71c, 0x8940, 0xa2e7,
0x50c0, 0x50c0, 0x68e0, 0x7100, 0x68e0, 0x7800, 0xc638, 0x738e, 0xc638, 0xf81f,
0xf81f, 0xf81f, 0xf81f, 0xf81f, 0xf81f, 0xf81f, 0xf81f, 0xf81f, 0xf81f, 0xf81f,
0xf81f, 0xf81f, 0x50c0, 0x8940, 0x7100, 0x7100, 0x7100, 0x68e0, 0x50c0, 0xf81f,
0xf81f, 0xf81f, 0xf81f, 0xf81f, 0xf81f, 0xf81f, 0xf81f, 0xf81f, 0xf81f, 0xf81f,
0xf81f, 0xf81f, 0xf81f, 0xf81f, 0xf81f, 0xf81f, 0x68e0, 0x8940, 0x8940, 0x68e0,
0x68e0, 0x50c0, 0x0000, 0x7800, 0xc638, 0xa514, 0xe71c, 0xf81f, 0xf81f, 0xf81f,
0xf81f, 0xf81f, 
0xf81f, 0xf81f, 0xf81f, 0xf81f, 0xf81f, 0xf81f, 0xf81f, 0x7800, 0x7800, 0x9800,
0x0000, 0x0000, 0x0000, 0x0000, 0x0000, 0x7800, 0x6000, 0x0000, 0x0000, 0x0000,
0xf81f, 0xf81f, 0xf81f, 0xf81f, 0xf81f, 0xf81f, 0xf81f, 0xf81f, 0xf81f, 0xf81f,
0xf81f, 0xf81f, 0x0000, 0x0000, 0x0000, 0x0000, 0x0000, 0x0000, 0x0000, 0x0000,
0x7800, 0xa514, 0x0000, 0xf81f, 0xf81f, 0xf81f, 0xf81f, 0xf81f, 0xf81f, 0xf81f,
0xf81f, 0xf81f, 0xf81f, 0xf81f, 0xf81f, 0xf81f, 0xf81f, 0x8800, 0x50c0, 0x68e0,
0x8940, 0x7100, 0x8940, 0x68e0, 0xc638, 0x738e, 0xe71c, 0xf81f, 0xf81f, 0xf81f,
0xf81f, 0xf81f, 0xf81f, 0xf81f, 0xf81f, 0xf81f, 0xf81f, 0xe71c, 0xc638, 0x9800,
0x0000, 0x0000, 0x8940, 0xa2e7, 0xa2e7, 0x8940, 0x7100, 0x50c0, 0x6000, 0x738e,
0x0000, 0x0000, 0xf81f, 0xf81f, 0xf81f, 0xf81f, 0xf81f, 0xf81f, 0xf81f, 0xf81f,
0xf81f, 0xf81f, 0xc638, 0x9800, 0x9800, 0x50c0, 0x8940, 0xa2e7, 0xa2e7, 0x7100,
0x50c0, 0x7800, 0x6000, 0x0000, 0x0000, 0x0000, 0xf81f, 0xf81f, 0xf81f, 0xf81f,
0xf81f, 0xf81f, 0xf81f, 0xf81f, 0xf81f, 0xf81f, 0xe71c, 0x9800, 0x50c0, 0x8940,
0xa2e7, 0xa2e7, 0x7100, 0x68e0, 0x0000, 0x0000, 0x7800, 0xa514, 0x0000, 0xf81f,
0xf81f, 0xf81f, 0xf81f, 0xf81f, 0xf81f, 0xf81f, 0xf81f, 0xf81f, 0xf81f, 0xf81f,
0xf81f, 0xf81f, 0x8940, 0xa2e7, 0x8940, 0x68e0, 0x50c0, 0x50c0, 0x0000, 0x7800,
0xc638, 0x738e, 0xe71c, 0xf81f, 0xf81f, 0xf81f, 0xf81f, 0xf81f, 0xf81f, 0xf81f,
0xf81f, 0xf81f, 0xf81f, 0xf81f, 0xf81f, 0xf81f, 0x0000, 0x0000, 0x0000, 0x0000,
0x0000, 0x0000, 0x0000, 0x0000, 0x6000, 0x738e, 0x0000, 0x0000, 0xf81f, 0xf81f,
0xf81f, 0xf81f, 
0xf81f, 0xf81f, 0xf81f, 0xf81f, 0xf81f, 0xf81f, 0xe71c, 0xc638, 0x7800, 0x9800,
0x9800, 0x9800, 0x7800, 0x7800, 0x0000, 0x6000, 0x4000, 0x738e, 0x0000, 0xf81f,
0xf81f, 0xf81f, 0xf81f, 0xf81f, 0xf81f, 0xf81f, 0xf81f, 0xf81f, 0xf81f, 0xf81f,
0xc638, 0x7800, 0x7800, 0x9800, 0x0000, 0x0000, 0x0000, 0x0000, 0x0000, 0x7800,
0x6000, 0x0000, 0x0000, 0xf81f, 0xf81f, 0xf81f, 0xf81f, 0xf81f, 0xf81f, 0xf81f,
0xf81f, 0xf81f, 0xf81f, 0xe71c, 0xe71c, 0x7800, 0x0000, 0x0000, 0x0000, 0x0000,
0x0000, 0x0000, 0x0000, 0x0000, 0x7800, 0x738e, 0x0000, 0x0000, 0xf81f, 0xf81f,
0xf81f, 0xf81f, 0xf81f, 0xf81f, 0xf81f, 0xf81f, 0xf81f, 0xa514, 0xa514, 0x9800,
0x9800, 0x9800, 0x9800, 0x9800, 0x0000, 0x0000, 0x0000, 0x6000, 0x6000, 0x0000,
0x0000, 0xf81f, 0xf81f, 0xf81f, 0xf81f, 0xf81f, 0xf81f, 0xf81f, 0xf81f, 0xf81f,
0xf81f, 0xf81f, 0xf81f, 0x9800, 0x9800, 0xb1e7, 0xb1e7, 0x9800, 0x7800, 0x7800,
0x0000, 0x6000, 0x4000, 0x738e, 0x0000, 0xf81f, 0xf81f, 0xf81f, 0xf81f, 0xf81f,
0xf81f, 0xf81f, 0xf81f, 0xf81f, 0xf81f, 0xf81f, 0xc638, 0x9800, 0x9800, 0x9800,
0x0000, 0x0000, 0x0000, 0x0000, 0x0000, 0x7800, 0x6000, 0x0000, 0x0000, 0xf81f,
0xf81f, 0xf81f, 0xf81f, 0xf81f, 0xf81f, 0xf81f, 0xf81f, 0xf81f, 0xf81f, 0xf81f,
0xe71c, 0x7800, 0x0000, 0x0000, 0x0000, 0x0000, 0x0000, 0x0000, 0x0000, 0x0000,
0x7800, 0x738e, 0x0000, 0x0000, 0xf81f, 0xf81f, 0xf81f, 0xf81f, 0xf81f, 0xf81f,
0xf81f, 0xf81f, 0xf81f, 0xf81f, 0xe71c, 0x9800, 0x7800, 0x9800, 0x9800, 0x9800,
0x0000, 0x0000, 0x0000, 0x6000, 0x6000, 0x0000, 0x0000, 0xf81f, 0xf81f, 0xf81f,
0xf81f, 0xf81f, 
0xf81f, 0xf81f, 0xf81f, 0xf81f, 0xf81f, 0xe71c, 0xc638, 0xa514, 0x7800, 0x7800,
0x7800, 0x7800, 0x7800, 0x0000, 0x6000, 0x6000, 0x0000, 0x0000, 0xf81f, 0xf81f,
0xf81f, 0xf81f, 0xf81f, 0xf81f, 0xf81f, 0xf81f, 0xf81f, 0xf81f, 0xf81f, 0xc638,
0xa514, 0xc638, 0x9800, 0x9800, 0x9800, 0x9800, 0x7800, 0x7800, 0x0000, 0x6000,
0x4000, 0x738e, 0x0000, 0xf81f, 0xf81f, 0xf81f, 0xf81f, 0xf81f, 0xf81f, 0xf81f,
0xf81f, 0xf81f, 0xe71c, 0xffff, 0xffff, 0xb1e7, 0x9800, 0x9800, 0x0000, 0x0000,
0x0000, 0x0000, 0x0000, 0x6000, 0x6000, 0x0000, 0x0000, 0xf81f, 0xf81f, 0xf81f,
0xf81f, 0xf81f, 0xf81f, 0xf81f, 0xf81f, 0xf81f, 0xf81f, 0xf81f, 0xc638, 0x9800,
0x9800, 0xb1e7, 0xb1e7, 0xb1e7, 0x7800, 0x0000, 0x0000, 0x6000, 0x4000, 0x0000,
0x0000, 0xf81f, 0xf81f, 0xf81f, 0xf81f, 0xf81f, 0xf81f, 0xf81f, 0xf81f, 0xf81f,
0xf81f, 0xf81f, 0xf81f, 0x7800, 0x9800, 0xb1e7, 0xb1e7, 0x9800, 0x7800, 0x0000,
0x6000, 0x6000, 0x0000, 0x0000, 0xf81f, 0xf81f, 0xf81f, 0xf81f, 0xf81f, 0xf81f,
0xf81f, 0xf81f, 0xf81f, 0xf81f, 0xf81f, 0xf81f, 0xf81f, 0x9800, 0x9800, 0xb1e7,
0xb1e7, 0x9800, 0x7800, 0x7800, 0x0000, 0x6000, 0x4000, 0x738e, 0x0000, 0xf81f,
0xf81f, 0xf81f, 0xf81f, 0xf81f, 0xf81f, 0xf81f, 0xf81f, 0xf81f, 0xf81f, 0xe71c,
0xffff, 0xb1e7, 0x9800, 0x9800, 0x0000, 0x0000, 0x0000, 0x0000, 0x0000, 0x6000,
0x6000, 0x0000, 0x0000, 0xf81f, 0xf81f, 0xf81f, 0xf81f, 0xf81f, 0xf81f, 0xf81f,
0xf81f, 0xf81f, 0xf81f, 0xe71c, 0xffff, 0xffff, 0x9800, 0x9800, 0x9800, 0x9800,
0x7800, 0x0000, 0x0000, 0x6000, 0x4000, 0x0000, 0x0000, 0xf81f, 0xf81f, 0xf81f,
0xf81f, 0xf81f, 
0xf81f, 0xf81f, 0xf81f, 0xf81f, 0xa514, 0xe71c, 0xc638, 0x738e, 0x4000, 0x6000,
0x7800, 0x7800, 0x0000, 0x0000, 0x6000, 0x4000, 0x0000, 0x0000, 0xf81f, 0xf81f,
0xf81f, 0xf81f, 0xf81f, 0xf81f, 0xf81f, 0xf81f, 0xf81f, 0xf81f, 0xc638, 0xffff,
0xa514, 0xc638, 0x7800, 0x7800, 0x7800, 0x7800, 0x7800, 0x0000, 0x6000, 0x6000,
0x0000, 0x0000, 0xf81f, 0xf81f, 0xf81f, 0xf81f, 0xf81f, 0xf81f, 0xf81f, 0xf81f,
0xf81f, 0xf81f, 0xe71c, 0xc638, 0xa514, 0x9800, 0xb1e7, 0xb1e7, 0xb1e7, 0x9800,
0x7800, 0x7800, 0x0000, 0x6000, 0x4000, 0x738e, 0x0000, 0xf81f, 0xf81f, 0xf81f,
0xf81f, 0xf81f, 0xf81f, 0xf81f, 0xf81f, 0xf81f, 0xf81f, 0xf81f, 0x0000, 0x8800,
0x9800, 0x9800, 0xb1e7, 0x7800, 0x7800, 0x0000, 0x6000, 0x4000, 0x0000, 0x0000,
0xf81f, 0xf81f, 0xf81f, 0xf81f, 0xf81f, 0xf81f, 0xf81f, 0xf81f, 0xf81f, 0xf81f,
0xf81f, 0xf81f, 0x0000, 0x7800, 0x9800, 0x9800, 0x7800, 0x7800, 0x0000, 0x0000,
0x6000, 0x4000, 0x0000, 0x0000, 0xf81f, 0xf81f, 0xf81f, 0xf81f, 0xf81f, 0xf81f,
0xf81f, 0xf81f, 0xf81f, 0xf81f, 0xf81f, 0xf81f, 0xf81f, 0x7800, 0x9800, 0xb1e7,
0xb1e7, 0x9800, 0x7800, 0x0000, 0x6000, 0x6000, 0x0000, 0x0000, 0xf81f, 0xf81f,
0xf81f, 0xf81f, 0xf81f, 0xf81f, 0xf81f, 0xf81f, 0xf81f, 0xf81f, 0xc638, 0xe71c,
0xc638, 0x9800, 0xb1e7, 0xb1e7, 0xb1e7, 0x9800, 0x7800, 0x7800, 0x0000, 0x6000,
0x4000, 0x738e, 0x0000, 0xf81f, 0xf81f, 0xf81f, 0xf81f, 0xf81f, 0xf81f, 0xf81f,
0xf81f, 0xf81f, 0xf81f, 0xe71c, 0xffff, 0xc638, 0x7800, 0x7800, 0x7800, 0x7800,
0x7800, 0x0000, 0x6000, 0x4000, 0x0000, 0x0000, 0xf81f, 0xf81f, 0xf81f, 0xf81f,
0xf81f, 0xf81f, 
0xf81f, 0xf81f, 0xf81f, 0xf81f, 0xf81f, 0xc638, 0xc638, 0x0000, 0x6000, 0x7800,
0x7800, 0x0000, 0x0000, 0x6000, 0x4000, 0x4000, 0x0000, 0x0000, 0xf81f, 0xf81f,
0xf81f, 0xf81f, 0xf81f, 0xf81f, 0xf81f, 0xf81f, 0xf81f, 0xf81f, 0xa514, 0xe71c,
0xc638, 0xa514, 0x6000, 0x7800, 0x7800, 0x7800, 0x0000, 0x0000, 0x6000, 0x4000,
0x0000, 0x0000, 0xf81f, 0xf81f, 0xf81f, 0xf81f, 0xf81f, 0xf81f, 0xf81f, 0xf81f,
0xf81f, 0xf81f, 0xc638, 0xa514, 0x0000, 0x7800, 0x9800, 0xb1e7, 0xb1e7, 0x7800,
0x7800, 0x0000, 0x6000, 0x6000, 0x0000, 0x0000, 0xf81f, 0xf81f, 0xf81f, 0xf81f,
0xf81f, 0xf81f, 0xf81f, 0xf81f, 0xf81f, 0xf81f, 0xf81f, 0xf81f, 0x0000, 0x7800,
0x7800, 0x7800, 0x7800, 0x7800, 0x0000, 0x6000, 0x6000, 0x4000, 0x0000, 0x0000,
0xf81f, 0xf81f, 0xf81f, 0xf81f, 0xf81f, 0xf81f, 0xf81f, 0xf81f, 0xf81f, 0xf81f,
0xf81f, 0xf81f, 0x0000, 0x7800, 0x7800, 0x7800, 0x7800, 0x0000, 0x0000, 0x6000,
0x4000, 0x4000, 0x0000, 0x0000, 0xf81f, 0xf81f, 0xf81f, 0xf81f, 0xf81f, 0xf81f,
0xf81f, 0xf81f, 0xf81f, 0xf81f, 0xf81f, 0xf81f, 0x0000, 0x7800, 0x9800, 0x9800,
0x7800, 0x7800, 0x0000, 0x0000, 0x6000, 0x4000, 0x0000, 0x0000, 0xf81f, 0xf81f,
0xf81f, 0xf81f, 0xf81f, 0xf81f, 0xf81f, 0xf81f, 0xf81f, 0xf81f, 0xf81f, 0xc638,
0x738e, 0x7800, 0x9800, 0xb1e7, 0xb1e7, 0x7800, 0x7800, 0x0000, 0x6000, 0x6000,
0x0000, 0x0000, 0xf81f, 0xf81f, 0xf81f, 0xf81f, 0xf81f, 0xf81f, 0xf81f, 0xf81f,
0xf81f, 0xf81f, 0xf81f, 0xe71c, 0xc638, 0x738e, 0x7800, 0x7800, 0x7800, 0x7800,
0x0000, 0x6000, 0x6000, 0x4000, 0x0000, 0x0000, 0xf81f, 0xf81f, 0xf81f, 0xf81f,
0xf81f, 0xf81f, 
0xf81f, 0xf81f, 0xf81f, 0xf81f, 0xf81f, 0xc638, 0xc638, 0xa514, 0x0000, 0x7800,
0x0000, 0x0000, 0x6000, 0x4000, 0x4000, 0x0000, 0x0000, 0xf81f, 0xf81f, 0xf81f,
0xf81f, 0xf81f, 0xf81f, 0xf81f, 0xf81f, 0xf81f, 0xf81f, 0xf81f, 0xf81f, 0xc638,
0xc638, 0x738e, 0x7800, 0x7800, 0x7800, 0x0000, 0x0000, 0x6000, 0x4000, 0x4000,
0x0000, 0x0000, 0xf81f, 0xf81f, 0xf81f, 0xf81f, 0xf81f, 0xf81f, 0xf81f, 0xf81f,
0xf81f, 0xf81f, 0xa514, 0xa514, 0xa514, 0x7800, 0x7800, 0x7800, 0x7800, 0x7800,
0x0000, 0x0000, 0x6000, 0x4000, 0x0000, 0x0000, 0xf81f, 0xf81f, 0xf81f, 0xf81f,
0xf81f, 0xf81f, 0xf81f, 0xf81f, 0xf81f, 0xf81f, 0xf81f, 0xf81f, 0x0000, 0x7800,
0x7800, 0x7800, 0x7800, 0x0000, 0x0000, 0x6000, 0x4000, 0x4000, 0x0000, 0x0000,
0xf81f, 0xf81f, 0xf81f, 0xf81f, 0xf81f, 0xf81f, 0xf81f, 0xf81f, 0xf81f, 0xf81f,
0xf81f, 0xf81f, 0xf81f, 0x0000, 0x7800, 0x7800, 0x0000, 0x0000, 0x6000, 0x4000,
0x4000, 0x0000, 0x0000, 0x0000, 0xf81f, 0xf81f, 0xf81f, 0xf81f, 0xf81f, 0xf81f,
0xf81f, 0xf81f, 0xf81f, 0xf81f, 0xf81f, 0xf81f, 0x0000, 0x7800, 0x7800, 0x7800,
0x7800, 0x0000, 0x0000, 0x6000, 0x4000, 0x4000, 0x0000, 0x0000, 0xf81f, 0xf81f,
0xf81f, 0xf81f, 0xf81f, 0xf81f, 0xf81f, 0xf81f, 0xf81f, 0xf81f, 0xf81f, 0xf81f,
0x8940, 0x7800, 0x7800, 0x7800, 0x7800, 0x7800, 0x0000, 0x0000, 0x6000, 0x4000,
0x0000, 0x0000, 0xf81f, 0xf81f, 0xf81f, 0xf81f, 0xf81f, 0xf81f, 0xf81f, 0xf81f,
0xf81f, 0xf81f, 0xf81f, 0xa514, 0xa514, 0x0000, 0x7800, 0x7800, 0x6000, 0x0000,
0x0000, 0x6000, 0x4000, 0x4000, 0x0000, 0x0000, 0xf81f, 0xf81f, 0xf81f, 0xf81f,
0xf81f, 0xf81f, 
0xf81f, 0xf81f, 0xf81f, 0xf81f, 0xf81f, 0xf81f, 0xc638, 0xa514, 0x8940, 0x0000,
0x0000, 0x6000, 0x4000, 0x0000, 0x0000, 0x0000, 0x0000, 0xf81f, 0xf81f, 0xf81f,
0xf81f, 0xf81f, 0xf81f, 0xf81f, 0xf81f, 0xf81f, 0xf81f, 0xf81f, 0xf81f, 0xc638,
0xc638, 0x738e, 0x8940, 0x7800, 0x0000, 0x0000, 0x6000, 0x4000, 0x4000, 0x0000,
0x0000, 0xf81f, 0xf81f, 0xf81f, 0xf81f, 0xf81f, 0xf81f, 0xf81f, 0xf81f, 0xf81f,
0xf81f, 0xf81f, 0xf81f, 0x738e, 0x0000, 0x7800, 0x7800, 0x7800, 0x7800, 0x0000,
0x0000, 0x6000, 0x4000, 0x4000, 0x0000, 0x0000, 0xf81f, 0xf81f, 0xf81f, 0xf81f,
0xf81f, 0xf81f, 0xf81f, 0xf81f, 0xf81f, 0xf81f, 0xf81f, 0xf81f, 0xf81f, 0x0000,
0x7800, 0x7800, 0x0000, 0x0000, 0x6000, 0x4000, 0x4000, 0x0000, 0x0000, 0x2128,
0xf81f, 0xf81f, 0xf81f, 0xf81f, 0xf81f, 0xf81f, 0xf81f, 0xf81f, 0xf81f, 0xf81f,
0xf81f, 0xf81f, 0xf81f, 0x4a71, 0x0000, 0x0000, 0x0000, 0x6000, 0x4000, 0x0000,
0x0000, 0x0000, 0x31ac, 0xf81f, 0xf81f, 0xf81f, 0xf81f, 0xf81f, 0xf81f, 0xf81f,
0xf81f, 0xf81f, 0xf81f, 0xf81f, 0xf81f, 0xf81f, 0xf81f, 0x0000, 0x7800, 0x7800,
0x0000, 0x0000, 0x6000, 0x4000, 0x4000, 0x0000, 0x0000, 0x2128, 0xf81f, 0xf81f,
0xf81f, 0xf81f, 0xf81f, 0xf81f, 0xf81f, 0xf81f, 0xf81f, 0xf81f, 0xf81f, 0xf81f,
0x3880, 0x7800, 0x7800, 0x7800, 0x7800, 0x0000, 0x0000, 0x6000, 0x4000, 0x4000,
0x0000, 0x0000, 0xf81f, 0xf81f, 0xf81f, 0xf81f, 0xf81f, 0xf81f, 0xf81f, 0xf81f,
0xf81f, 0xf81f, 0xf81f, 0x738e, 0x0000, 0x3880, 0x6000, 0x6000, 0x0000, 0x0000,
0x6000, 0x4000, 0x4000, 0x0000, 0x0000, 0xf81f, 0xf81f, 0xf81f, 0xf81f, 0xf81f,
0xf81f, 0xf81f, 
0xf81f, 0xf81f, 0xf81f, 0xf81f, 0xf81f, 0xf81f, 0x7100, 0x8940, 0x7100, 0x4a71,
0x0000, 0x0000, 0x0000, 0x0000, 0x4a71, 0x422f, 0x10a4, 0xf81f, 0xf81f, 0xf81f,
0xf81f, 0xf81f, 0xf81f, 0xf81f, 0xf81f, 0xf81f, 0xf81f, 0xf81f, 0xf81f, 0xf81f,
0x7100, 0x8940, 0x7100, 0x0000, 0x0000, 0x0000, 0x0000, 0x0000, 0x0000, 0x0000,
0x2128, 0xf81f, 0xf81f, 0xf81f, 0xf81f, 0xf81f, 0xf81f, 0xf81f, 0xf81f, 0xf81f,
0xf81f, 0xf81f, 0xf81f, 0x7100, 0x3880, 0x0000, 0x7800, 0x7800, 0x0000, 0x0000,
0x6000, 0x4000, 0x4000, 0x0000, 0x0000, 0xf81f, 0xf81f, 0xf81f, 0xf81f, 0xf81f,
0xf81f, 0xf81f, 0xf81f, 0xf81f, 0xf81f, 0xf81f, 0xf81f, 0xf81f, 0xf81f, 0x4a71,
0x0000, 0x0000, 0x0000, 0x0000, 0x0000, 0x0000, 0x0000, 0x0000, 0x0000, 0x0000,
0xf81f, 0xf81f, 0xf81f, 0xf81f, 0xf81f, 0xf81f, 0xf81f, 0xf81f, 0xf81f, 0xf81f,
0xf81f, 0xf81f, 0xf81f, 0x4a71, 0x4a71, 0x422f, 0x0000, 0x0000, 0x0000, 0x0000,
0x31ac, 0x2128, 0x0000, 0xf81f, 0xf81f, 0xf81f, 0xf81f, 0xf81f, 0xf81f, 0xf81f,
0xf81f, 0xf81f, 0xf81f, 0xf81f, 0xf81f, 0xf81f, 0xf81f, 0x4a71, 0x0000, 0x0000,
0x0000, 0x0000, 0x0000, 0x0000, 0x0000, 0x0000, 0x31ac, 0x10a4, 0xf81f, 0xf81f,
0xf81f, 0xf81f, 0xf81f, 0xf81f, 0xf81f, 0xf81f, 0xf81f, 0xf81f, 0xf81f, 0xf81f,
0xf81f, 0x6000, 0x7800, 0x6000, 0x0000, 0x0000, 0x6000, 0x4000, 0x4000, 0x0000,
0x0000, 0xf81f, 0xf81f, 0xf81f, 0xf81f, 0xf81f, 0xf81f, 0xf81f, 0xf81f, 0xf81f,
0xf81f, 0xf81f, 0xf81f, 0xf81f, 0x7100, 0x0000, 0x0000, 0x0000, 0x0000, 0x0000,
0x0000, 0x0000, 0x0000, 0x0000, 0x0000, 0xf81f, 0xf81f, 0xf81f, 0xf81f, 0xf81f,
0xf81f, 0xf81f, 
0xf81f, 0xf81f, 0xf81f, 0xf81f, 0xf81f, 0xf81f, 0x7100, 0x7100, 0x7100, 0x0000,
0xf81f, 0xf81f, 0xf81f, 0x4a71, 0x4a71, 0x422f, 0x2128, 0xf81f, 0xf81f, 0xf81f,
0xf81f, 0xf81f, 0xf81f, 0xf81f, 0xf81f, 0xf81f, 0xf81f, 0xf81f, 0xf81f, 0xf81f,
0x7100, 0x7100, 0x4a71, 0x5ad3, 0x0000, 0x0000, 0x0000, 0x0000, 0x4a71, 0x422f,
0x31ac, 0xf81f, 0xf81f, 0xf81f, 0xf81f, 0xf81f, 0xf81f, 0xf81f, 0xf81f, 0xf81f,
0xf81f, 0xf81f, 0xf81f, 0xf81f, 0xf81f, 0x4a71, 0x0000, 0x0000, 0x0000, 0x0000,
0x0000, 0x0000, 0x0000, 0x0000, 0x31ac, 0xf81f, 0xf81f, 0xf81f, 0xf81f, 0xf81f,
0xf81f, 0xf81f, 0xf81f, 0xf81f, 0xf81f, 0xf81f, 0xf81f, 0xf81f, 0xf81f, 0x4a71,
0x4a71, 0x422f, 0x31ac, 0x2128, 0x31ac, 0x2128, 0x10a4, 0x0000, 0x10a4, 0x0000,
0xf81f, 0xf81f, 0xf81f, 0xf81f, 0xf81f, 0xf81f, 0xf81f, 0xf81f, 0xf81f, 0xf81f,
0xf81f, 0xf81f, 0xf81f, 0x4a71, 0x5ad3, 0x422f, 0x31ac, 0xf81f, 0xf81f, 0xf81f,
0x0000, 0x0000, 0xf81f, 0xf81f, 0xf81f, 0xf81f, 0xf81f, 0xf81f, 0xf81f, 0xf81f,
0xf81f, 0xf81f, 0xf81f, 0xf81f, 0xf81f, 0xf81f, 0xf81f, 0x4a71, 0x422f, 0x422f,
0x0000, 0x0000, 0x0000, 0x0000, 0x422f, 0x31ac, 0x0000, 0x0000, 0xf81f, 0xf81f,
0xf81f, 0xf81f, 0xf81f, 0xf81f, 0xf81f, 0xf81f, 0xf81f, 0xf81f, 0xf81f, 0xf81f,
0xf81f, 0x4a71, 0x0000, 0x0000, 0x0000, 0x0000, 0x0000, 0x0000, 0x0000, 0x0000,
0x31ac, 0xf81f, 0xf81f, 0xf81f, 0xf81f, 0xf81f, 0xf81f, 0xf81f, 0xf81f, 0xf81f,
0xf81f, 0xf81f, 0xf81f, 0xf81f, 0x8940, 0x4a71, 0x2128, 0x422f, 0x422f, 0x422f,
0x2128, 0x4a71, 0x4a71, 0x422f, 0x0000, 0xf81f, 0xf81f, 0xf81f, 0xf81f, 0xf81f,
0xf81f, 0xf81f, 
0xf81f, 0xf81f, 0xf81f, 0xf81f, 0xf81f, 0xf81f, 0xf81f, 0xf81f, 0xf81f, 0xf81f,
0xf81f, 0xf81f, 0xf81f, 0x4a71, 0x4a71, 0x31ac, 0x0000, 0xf81f, 0xf81f, 0xf81f,
0xf81f, 0xf81f, 0xf81f, 0xf81f, 0xf81f, 0xf81f, 0xf81f, 0xf81f, 0xf81f, 0xf81f,
0xf81f, 0x31ac, 0x10a4, 0x0000, 0x0000, 0xf81f, 0x422f, 0x4a71, 0x422f, 0x422f,
0x422f, 0xf81f, 0xf81f, 0xf81f, 0xf81f, 0xf81f, 0xf81f, 0xf81f, 0xf81f, 0xf81f,
0xf81f, 0xf81f, 0xf81f, 0xf81f, 0x422f, 0x31ac, 0x4a71, 0x5ad3, 0x4a71, 0x0000,
0x0000, 0x422f, 0x4a71, 0x4a71, 0x422f, 0x0000, 0xf81f, 0xf81f, 0xf81f, 0xf81f,
0xf81f, 0xf81f, 0xf81f, 0xf81f, 0xf81f, 0xf81f, 0xf81f, 0xf81f, 0xf81f, 0x4a71,
0x4a71, 0x422f, 0x31ac, 0xf81f, 0xf81f, 0xf81f, 0x31ac, 0x2128, 0x10a4, 0xf81f,
0xf81f, 0xf81f, 0xf81f, 0xf81f, 0xf81f, 0xf81f, 0xf81f, 0xf81f, 0xf81f, 0xf81f,
0xf81f, 0xf81f, 0xf81f, 0x422f, 0x4a71, 0x422f, 0x10a4, 0xf81f, 0xf81f, 0xf81f,
0xf81f, 0xf81f, 0xf81f, 0xf81f, 0xf81f, 0xf81f, 0xf81f, 0xf81f, 0xf81f, 0xf81f,
0xf81f, 0xf81f, 0xf81f, 0xf81f, 0xf81f, 0xf81f, 0xf81f, 0x4a71, 0x422f, 0x422f,
0x31ac, 0x0000, 0xf81f, 0x0000, 0x0000, 0x0000, 0x0000, 0xf81f, 0xf81f, 0xf81f,
0xf81f, 0xf81f, 0xf81f, 0xf81f, 0xf81f, 0xf81f, 0xf81f, 0xf81f, 0xf81f, 0xf81f,
0xf81f, 0x4a71, 0x31ac, 0x31ac, 0x4a71, 0x0000, 0x0000, 0x422f, 0x422f, 0x31ac,
0x0000, 0x10a4, 0xf81f, 0xf81f, 0xf81f, 0xf81f, 0xf81f, 0xf81f, 0xf81f, 0xf81f,
0xf81f, 0xf81f, 0xf81f, 0xf81f, 0xf81f, 0x422f, 0x31ac, 0x0000, 0xf81f, 0xf81f,
0xf81f, 0x4a71, 0x4a71, 0x422f, 0x10a4, 0xf81f, 0xf81f, 0xf81f, 0xf81f, 0xf81f,
0xf81f, 0xf81f, 
0xf81f, 0xf81f, 0xf81f, 0xf81f, 0xf81f, 0xf81f, 0xf81f, 0xf81f, 0xf81f, 0xf81f,
0xf81f, 0xf81f, 0xf81f, 0x422f, 0x4a71, 0x31ac, 0x0000, 0xf81f, 0xf81f, 0xf81f,
0xf81f, 0xf81f, 0xf81f, 0xf81f, 0xf81f, 0xf81f, 0xf81f, 0xf81f, 0xf81f, 0xf81f,
0xf81f, 0xf81f, 0x2128, 0x0000, 0x0000, 0xf81f, 0xf81f, 0x4a71, 0x422f, 0x422f,
0x422f, 0x0000, 0xf81f, 0xf81f, 0xf81f, 0xf81f, 0xf81f, 0xf81f, 0xf81f, 0xf81f,
0xf81f, 0xf81f, 0xf81f, 0xf81f, 0x2128, 0x4a71, 0x4a71, 0x422f, 0x10a4, 0xf81f,
0x422f, 0x4a71, 0x4a71, 0x4a71, 0x422f, 0x0000, 0xf81f, 0xf81f, 0xf81f, 0xf81f,
0xf81f, 0xf81f, 0xf81f, 0xf81f, 0xf81f, 0xf81f, 0xf81f, 0xf81f, 0xf81f, 0x422f,
0x4a71, 0x422f, 0x2128, 0xf81f, 0xf81f, 0xf81f, 0xf81f, 0xf81f, 0xf81f, 0xf81f,
0xf81f, 0xf81f, 0xf81f, 0xf81f, 0xf81f, 0xf81f, 0xf81f, 0xf81f, 0xf81f, 0xf81f,
0xf81f, 0xf81f, 0xf81f, 0x4a71, 0x5ad3, 0x31ac, 0x0000, 0xf81f, 0xf81f, 0xf81f,
0xf81f, 0xf81f, 0xf81f, 0xf81f, 0xf81f, 0xf81f, 0xf81f, 0xf81f, 0xf81f, 0xf81f,
0xf81f, 0xf81f, 0xf81f, 0xf81f, 0xf81f, 0xf81f, 0x422f, 0x422f, 0x422f, 0x422f,
0x422f, 0xf81f, 0xf81f, 0xf81f, 0x0000, 0x0000, 0xf81f, 0xf81f, 0xf81f, 0xf81f,
0xf81f, 0xf81f, 0xf81f, 0xf81f, 0xf81f, 0xf81f, 0xf81f, 0xf81f, 0xf81f, 0xf81f,
0x422f, 0x422f, 0x31ac, 0x31ac, 0x31ac, 0x0000, 0xf81f, 0x4a71, 0x4a71, 0x31ac,
0x10a4, 0x4a71, 0xf81f, 0xf81f, 0xf81f, 0xf81f, 0xf81f, 0xf81f, 0xf81f, 0xf81f,
0xf81f, 0xf81f, 0xf81f, 0xf81f, 0xf81f, 0xf81f, 0xf81f, 0xf81f, 0xf81f, 0xf81f,
0xf81f, 0x4a71, 0x422f, 0x31ac, 0x0000, 0xf81f, 0xf81f, 0xf81f, 0xf81f, 0xf81f,
0xf81f, 0xf81f, 
0xf81f, 0xf81f, 0xf81f, 0xf81f, 0xf81f, 0xf81f, 0xf81f, 0xf81f, 0xf81f, 0xf81f,
0xf81f, 0xf81f, 0x422f, 0x4a71, 0x5ad3, 0x422f, 0x10a4, 0xf81f, 0xf81f, 0xf81f,
0xf81f, 0xf81f, 0xf81f, 0xf81f, 0xf81f, 0xf81f, 0xf81f, 0xf81f, 0xf81f, 0xf81f,
0xf81f, 0xf81f, 0xf81f, 0xf81f, 0xf81f, 0xf81f, 0x422f, 0x422f, 0x422f, 0x422f,
0x422f, 0x0000, 0xf81f, 0xf81f, 0xf81f, 0xf81f, 0xf81f, 0xf81f, 0xf81f, 0xf81f,
0xf81f, 0xf81f, 0xf81f, 0xf81f, 0x4a71, 0x4a71, 0x4a71, 0x31ac, 0x0000, 0xf81f,
0xf81f, 0x4a71, 0x4a71, 0x422f, 0x422f, 0x0000, 0xf81f, 0xf81f, 0xf81f, 0xf81f,
0xf81f, 0xf81f, 0xf81f, 0xf81f, 0xf81f, 0xf81f, 0xf81f, 0xf81f, 0xf81f, 0x4a71,
0x4a71, 0x31ac, 0x0000, 0xf81f, 0xf81f, 0xf81f, 0xf81f, 0xf81f, 0xf81f, 0xf81f,
0xf81f, 0xf81f, 0xf81f, 0xf81f, 0xf81f, 0xf81f, 0xf81f, 0xf81f, 0xf81f, 0xf81f,
0xf81f, 0xf81f, 0xf81f, 0x4a71, 0x5ad3, 0x422f, 0x10a4, 0x0000, 0xf81f, 0xf81f,
0xf81f, 0xf81f, 0xf81f, 0xf81f, 0xf81f, 0xf81f, 0xf81f, 0xf81f, 0xf81f, 0xf81f,
0xf81f, 0xf81f, 0xf81f, 0xf81f, 0xf81f, 0xf81f, 0x422f, 0x422f, 0x422f, 0x422f,
0x422f, 0x0000, 0xf81f, 0xf81f, 0xf81f, 0xf81f, 0xf81f, 0xf81f, 0xf81f, 0xf81f,
0xf81f, 0xf81f, 0xf81f, 0xf81f, 0xf81f, 0xf81f, 0xf81f, 0xf81f, 0xf81f, 0xf81f,
0x422f, 0x422f, 0x31ac, 0x31ac, 0x31ac, 0xf81f, 0xf81f, 0x422f, 0x422f, 0x31ac,
0x2128, 0x0000, 0xf81f, 0xf81f, 0xf81f, 0xf81f, 0xf81f, 0xf81f, 0xf81f, 0xf81f,
0xf81f, 0xf81f, 0xf81f, 0xf81f, 0xf81f, 0xf81f, 0xf81f, 0xf81f, 0xf81f, 0xf81f,
0xf81f, 0x422f, 0x422f, 0x31ac, 0x0000, 0xf81f, 0xf81f, 0xf81f, 0xf81f, 0xf81f,
0xf81f, 0xf81f, 
0xf81f, 0xf81f, 0xf81f, 0xf81f, 0xf81f, 0xf81f, 0xf81f, 0xf81f, 0xf81f, 0xf81f,
0xf81f, 0xf81f, 0x422f, 0x4a71, 0x4a71, 0x31ac, 0x0000, 0xf81f, 0xf81f, 0xf81f,
0xf81f, 0xf81f, 0xf81f, 0xf81f, 0xf81f, 0xf81f, 0xf81f, 0xf81f, 0xf81f, 0xf81f,
0xf81f, 0xf81f, 0xf81f, 0xf81f, 0xf81f, 0xf81f, 0x4a71, 0x422f, 0x422f, 0x422f,
0x422f, 0x0000, 0xf81f, 0xf81f, 0xf81f, 0xf81f, 0xf81f, 0xf81f, 0xf81f, 0xf81f,
0xf81f, 0xf81f, 0xf81f, 0xf81f, 0x422f, 0x4a71, 0x422f, 0x31ac, 0x0000, 0xf81f,
0xf81f, 0x422f, 0x422f, 0x422f, 0x422f, 0x0000, 0xf81f, 0xf81f, 0xf81f, 0xf81f,
0xf81f, 0xf81f, 0xf81f, 0xf81f, 0xf81f, 0xf81f, 0xf81f, 0xf81f, 0x422f, 0x4a71,
0x4a71, 0x31ac, 0x0000, 0x0000, 0xf81f, 0xf81f, 0xf81f, 0xf81f, 0xf81f, 0xf81f,
0xf81f, 0xf81f, 0xf81f, 0xf81f, 0xf81f, 0xf81f, 0xf81f, 0xf81f, 0xf81f, 0xf81f,
0xf81f, 0xf81f, 0xf81f, 0x4a71, 0x4a71, 0x31ac, 0x0000, 0x0000, 0xf81f, 0xf81f,
0xf81f, 0xf81f, 0xf81f, 0xf81f, 0xf81f, 0xf81f, 0xf81f, 0xf81f, 0xf81f, 0xf81f,
0xf81f, 0xf81f, 0xf81f, 0xf81f, 0xf81f, 0xf81f, 0xf81f, 0x422f, 0x422f, 0x422f,
0x422f, 0x0000, 0xf81f, 0xf81f, 0xf81f, 0xf81f, 0xf81f, 0xf81f, 0xf81f, 0xf81f,
0xf81f, 0xf81f, 0xf81f, 0xf81f, 0xf81f, 0xf81f, 0xf81f, 0xf81f, 0xf81f, 0xf81f,
0xf81f, 0x31ac, 0x31ac, 0x31ac, 0x2128, 0xf81f, 0xf81f, 0x422f, 0x422f, 0x31ac,
0x10a4, 0x0000, 0xf81f, 0xf81f, 0xf81f, 0xf81f, 0xf81f, 0xf81f, 0xf81f, 0xf81f,
0xf81f, 0xf81f, 0xf81f, 0xf81f, 0xf81f, 0xf81f, 0xf81f, 0xf81f, 0xf81f, 0xf81f,
0x422f, 0x4a71, 0x4a71, 0x31ac, 0x10a4, 0x0000, 0xf81f, 0xf81f, 0xf81f, 0xf81f,
0xf81f, 0xf81f, 
0xf81f, 0xf81f, 0xf81f, 0xf81f, 0xf81f, 0xf81f, 0xf81f, 0xf81f, 0xf81f, 0xf81f,
0xf81f, 0xf81f, 0xf81f, 0xf81f, 0x0000, 0x0000, 0x0000, 0xf81f, 0xf81f, 0xf81f,
0xf81f, 0xf81f, 0xf81f, 0xf81f, 0xf81f, 0xf81f, 0xf81f, 0xf81f, 0xf81f, 0xf81f,
0xf81f, 0xf81f, 0xf81f, 0xf81f, 0xf81f, 0xf81f, 0xf81f, 0x422f, 0x422f, 0x422f,
0x422f, 0xf81f, 0xf81f, 0xf81f, 0xf81f, 0xf81f, 0xf81f, 0xf81f, 0xf81f, 0xf81f,
0xf81f, 0xf81f, 0xf81f, 0xf81f, 0xf81f, 0x422f, 0x422f, 0x2128, 0x0000, 0xf81f,
0xf81f, 0xf81f, 0x422f, 0x422f, 0x31ac, 0xf81f, 0xf81f, 0xf81f, 0xf81f, 0xf81f,
0xf81f, 0xf81f, 0xf81f, 0xf81f, 0xf81f, 0xf81f, 0xf81f, 0xf81f, 0xf81f, 0x422f,
0x4a71, 0x31ac, 0x10a4, 0xf81f, 0xf81f, 0xf81f, 0xf81f, 0xf81f, 0xf81f, 0xf81f,
0xf81f, 0xf81f, 0xf81f, 0xf81f, 0xf81f, 0xf81f, 0xf81f, 0xf81f, 0xf81f, 0xf81f,
0xf81f, 0xf81f, 0xf81f, 0x0000, 0x0000, 0x0000, 0xf81f, 0xf81f, 0xf81f, 0xf81f,
0xf81f, 0xf81f, 0xf81f, 0xf81f, 0xf81f, 0xf81f, 0xf81f, 0xf81f, 0xf81f, 0xf81f,
0xf81f, 0xf81f, 0xf81f, 0xf81f, 0xf81f, 0xf81f, 0xf81f, 0x422f, 0x422f, 0x422f,
0x422f, 0x0000, 0xf81f, 0xf81f, 0xf81f, 0xf81f, 0xf81f, 0xf81f, 0xf81f, 0xf81f,
0xf81f, 0xf81f, 0xf81f, 0xf81f, 0xf81f, 0xf81f, 0xf81f, 0xf81f, 0xf81f, 0xf81f,
0xf81f, 0x31ac, 0x31ac, 0x2128, 0xf81f, 0xf81f, 0xf81f, 0x31ac, 0x422f, 0x31ac,
0x0000, 0xf81f, 0xf81f, 0xf81f, 0xf81f, 0xf81f, 0xf81f, 0xf81f, 0xf81f, 0xf81f,
0xf81f, 0xf81f, 0xf81f, 0xf81f, 0xf81f, 0xf81f, 0xf81f, 0xf81f, 0xf81f, 0xf81f,
0xf81f, 0x4a71, 0x4a71, 0x31ac, 0x0000, 0xf81f, 0xf81f, 0xf81f, 0xf81f, 0xf81f,
0xf81f, 0xf81f, 
0xf81f, 0xf81f, 0xf81f, 0xf81f, 0xf81f, 0xf81f, 0xf81f, 0xf81f, 0xf81f, 0xf81f,
0xf81f, 0xf81f, 0xf81f, 0xf81f, 0xf81f, 0xf81f, 0xf81f, 0xf81f, 0xf81f, 0xf81f,
0xf81f, 0xf81f, 0xf81f, 0xf81f, 0xf81f, 0xf81f, 0xf81f, 0xf81f, 0xf81f, 0xf81f,
0xf81f, 0xf81f, 0xf81f, 0xf81f, 0xf81f, 0xf81f, 0xf81f, 0x422f, 0x422f, 0x422f,
0x2128, 0xf81f, 0xf81f, 0xf81f, 0xf81f, 0xf81f, 0xf81f, 0xf81f, 0xf81f, 0xf81f,
0xf81f, 0xf81f, 0xf81f, 0xf81f, 0xf81f, 0xf81f, 0xf81f, 0xf81f, 0xf81f, 0xf81f,
0xf81f, 0xf81f, 0xf81f, 0x31ac, 0xf81f, 0xf81f, 0xf81f, 0xf81f, 0xf81f, 0xf81f,
0xf81f, 0xf81f, 0xf81f, 0xf81f, 0xf81f, 0xf81f, 0xf81f, 0xf81f, 0xf81f, 0xf81f,
0x10a4, 0xf81f, 0xf81f, 0xf81f, 0xf81f, 0xf81f, 0xf81f, 0xf81f, 0xf81f, 0xf81f,
0xf81f, 0xf81f, 0xf81f, 0xf81f, 0xf81f, 0xf81f, 0xf81f, 0xf81f, 0xf81f, 0xf81f,
0xf81f, 0xf81f, 0xf81f, 0xf81f, 0xf81f, 0xf81f, 0xf81f, 0xf81f, 0xf81f, 0xf81f,
0xf81f, 0xf81f, 0xf81f, 0xf81f, 0xf81f, 0xf81f, 0xf81f, 0xf81f, 0xf81f, 0xf81f,
0xf81f, 0xf81f, 0xf81f, 0xf81f, 0xf81f, 0xf81f, 0xf81f, 0x422f, 0x422f, 0x422f,
0x31ac, 0xf81f, 0xf81f, 0xf81f, 0xf81f, 0xf81f, 0xf81f, 0xf81f, 0xf81f, 0xf81f,
0xf81f, 0xf81f, 0xf81f, 0xf81f, 0xf81f, 0xf81f, 0xf81f, 0xf81f, 0xf81f, 0xf81f,
0xf81f, 0xf81f, 0x2128, 0xf81f, 0xf81f, 0xf81f, 0xf81f, 0xf81f, 0xf81f, 0xf81f,
0xf81f, 0xf81f, 0xf81f, 0xf81f, 0xf81f, 0xf81f, 0xf81f, 0xf81f, 0xf81f, 0xf81f,
0xf81f, 0xf81f, 0xf81f, 0xf81f, 0xf81f, 0xf81f, 0xf81f, 0xf81f, 0xf81f, 0xf81f,
0xf81f, 0xf81f, 0xf81f, 0x0000, 0x0000, 0xf81f, 0xf81f, 0xf81f, 0xf81f, 0xf81f,
0xf81f, 0xf81f, 
0xf81f, 0xf81f, 0xf81f, 0xf81f, 0xf81f, 0xf81f, 0xf81f, 0xf81f, 0xf81f, 0xf81f,
0xf81f, 0xf81f, 0xf81f, 0xf81f, 0xf81f, 0xf81f, 0xf81f, 0xf81f, 0xf81f, 0xf81f,
0xf81f, 0xf81f, 0xf81f, 0xf81f, 0xf81f, 0xf81f, 0xf81f, 0xf81f, 0xf81f, 0xf81f,
0xf81f, 0xf81f, 0xf81f, 0xf81f, 0xf81f, 0xf81f, 0xf81f, 0x422f, 0x31ac, 0x31ac,
0xf81f, 0xf81f, 0xf81f, 0xf81f, 0xf81f, 0xf81f, 0xf81f, 0xf81f, 0xf81f, 0xf81f,
0xf81f, 0xf81f, 0xf81f, 0xf81f, 0xf81f, 0xf81f, 0xf81f, 0xf81f, 0xf81f, 0xf81f,
0xf81f, 0xf81f, 0xf81f, 0xf81f, 0xf81f, 0xf81f, 0xf81f, 0xf81f, 0xf81f, 0xf81f,
0xf81f, 0xf81f, 0xf81f, 0xf81f, 0xf81f, 0xf81f, 0xf81f, 0xf81f, 0xf81f, 0xf81f,
0xf81f, 0xf81f, 0xf81f, 0xf81f, 0xf81f, 0xf81f, 0xf81f, 0xf81f, 0xf81f, 0xf81f,
0xf81f, 0xf81f, 0xf81f, 0xf81f, 0xf81f, 0xf81f, 0xf81f, 0xf81f, 0xf81f, 0xf81f,
0xf81f, 0xf81f, 0xf81f, 0xf81f, 0xf81f, 0xf81f, 0xf81f, 0xf81f, 0xf81f, 0xf81f,
0xf81f, 0xf81f, 0xf81f, 0xf81f, 0xf81f, 0xf81f, 0xf81f, 0xf81f, 0xf81f, 0xf81f,
0xf81f, 0xf81f, 0xf81f, 0xf81f, 0xf81f, 0xf81f, 0xf81f, 0xf81f, 0x31ac, 0x31ac,
0x10a4, 0xf81f, 0xf81f, 0xf81f, 0xf81f, 0xf81f, 0xf81f, 0xf81f, 0xf81f, 0xf81f,
0xf81f, 0xf81f, 0xf81f, 0xf81f, 0xf81f, 0xf81f, 0xf81f, 0xf81f, 0xf81f, 0xf81f,
0xf81f, 0xf81f, 0xf81f, 0xf81f, 0xf81f, 0xf81f, 0xf81f, 0xf81f, 0xf81f, 0xf81f,
0xf81f, 0xf81f, 0xf81f, 0xf81f, 0xf81f, 0xf81f, 0xf81f, 0xf81f, 0xf81f, 0xf81f,
0xf81f, 0xf81f, 0xf81f, 0xf81f, 0xf81f, 0xf81f, 0xf81f, 0xf81f, 0xf81f, 0xf81f,
0xf81f, 0xf81f, 0xf81f, 0xf81f, 0xf81f, 0xf81f, 0xf81f, 0xf81f, 0xf81f, 0xf81f,
0xf81f, 0xf81f, 
0xf81f, 0xf81f, 0xf81f, 0xf81f, 0xf81f, 0xf81f, 0xf81f, 0xf81f, 0xf81f, 0x50c0,
0x7100, 0x8940, 0x7100, 0x68e0, 0x50c0, 0xf81f, 0xf81f, 0xf81f, 0xf81f, 0xf81f,
0xf81f, 0xf81f, 0xf81f, 0xf81f, 0xf81f, 0xf81f, 0xf81f, 0xf81f, 0xf81f, 0xf81f,
0xf81f, 0xf81f, 0xf81f, 0xf81f, 0x68e0, 0x8940, 0x7100, 0x68e0, 0x50c0, 0xf81f,
0xf81f, 0xf81f, 0xf81f, 0xf81f, 0xf81f, 0xf81f, 0xf81f, 0xf81f, 0xf81f, 0xf81f,
0xf81f, 0xf81f, 0xf81f, 0xf81f, 0xf81f, 0xf81f, 0xf81f, 0xf81f, 0x68e0, 0x68e0,
0x68e0, 0x50c0, 0xf81f, 0xf81f, 0xf81f, 0xf81f, 0xf81f, 0xf81f, 0xf81f, 0xf81f,
0xf81f, 0xf81f, 0xf81f, 0xf81f, 0xf81f, 0xf81f, 0xf81f, 0xf81f, 0xf81f, 0xf81f,
0xf81f, 0x50c0, 0x7100, 0x8940, 0x7100, 0x68e0, 0x50c0, 0xf81f, 0xf81f, 0xf81f,
0xf81f, 0xf81f, 0xf81f, 0xf81f, 0xf81f, 0xf81f, 0xf81f, 0xf81f, 0xf81f, 0xf81f,
0xf81f, 0xf81f, 0xf81f, 0xf81f, 0xf81f, 0x50c0, 0x7100, 0x8940, 0x7100, 0x68e0,
0x50c0, 0xf81f, 0xf81f, 0xf81f, 0xf81f, 0xf81f, 0xf81f, 0xf81f, 0xf81f, 0xf81f,
0xf81f, 0xf81f, 0xf81f, 0xf81f, 0xf81f, 0xf81f, 0xf81f, 0xf81f, 0xf81f, 0x50c0,
0x7100, 0x8940, 0x7100, 0x68e0, 0x50c0, 0xf81f, 0xf81f, 0xf81f, 0xf81f, 0xf81f,
0xf81f, 0xf81f, 0xf81f, 0xf81f, 0xf81f, 0xf81f, 0xf81f, 0xf81f, 0xf81f, 0xf81f,
0xf81f, 0xf81f, 0xf81f, 0xf81f, 0x50c0, 0x68e0, 0x7100, 0x50c0, 0xf81f, 0xf81f,
0xf81f, 0xf81f, 0xf81f, 0xf81f, 0xf81f, 0xf81f, 0xf81f, 0xf81f, 0xf81f, 0xf81f,
0xf81f, 0xf81f, 0xf81f, 0xf81f, 0xf81f, 0xf81f, 0xf81f, 0x68e0, 0x7100, 0x8940,
0x7100, 0x68e0, 0xf81f, 0xf81f, 0xf81f, 0xf81f, 0xf81f, 0xf81f, 0xf81f, 0xf81f,
0xf81f, 0xf81f, 
0xf81f, 0xf81f, 0xf81f, 0xf81f, 0xf81f, 0xf81f, 0xf81f, 0xf81f, 0xf81f, 0x7100,
0xa2e7, 0x8940, 0x8940, 0x7100, 0x68e0, 0xf81f, 0xf81f, 0xf81f, 0xf81f, 0xf81f,
0xf81f, 0xf81f, 0xf81f, 0xf81f, 0xf81f, 0xf81f, 0xf81f, 0xf81f, 0xf81f, 0xf81f,
0xf81f, 0xf81f, 0xf81f, 0x68e0, 0x8940, 0xa2e7, 0x8940, 0x7100, 0x68e0, 0x50c0,
0xf81f, 0xf81f, 0xf81f, 0xf81f, 0xf81f, 0xf81f, 0xf81f, 0xf81f, 0xf81f, 0xf81f,
0xf81f, 0xf81f, 0xf81f, 0xf81f, 0xf81f, 0xf81f, 0xf81f, 0x7100, 0xa2e7, 0x8940,
0x8940, 0x68e0, 0x50c0, 0xf81f, 0xf81f, 0xf81f, 0xf81f, 0xf81f, 0xf81f, 0xf81f,
0xf81f, 0xf81f, 0xf81f, 0xf81f, 0xf81f, 0xf81f, 0xf81f, 0xf81f, 0xf81f, 0xf81f,
0xf81f, 0x7100, 0xa2e7, 0x8940, 0x8940, 0x7100, 0x68e0, 0xf81f, 0xf81f, 0xf81f,
0xf81f, 0xf81f, 0xf81f, 0xf81f, 0xf81f, 0xf81f, 0xf81f, 0xf81f, 0xf81f, 0xf81f,
0xf81f, 0xf81f, 0xf81f, 0xf81f, 0xf81f, 0x7100, 0xa2e7, 0x8940, 0x8940, 0x7100,
0x68e0, 0xf81f, 0xf81f, 0xf81f, 0xf81f, 0xf81f, 0xf81f, 0xf81f, 0xf81f, 0xf81f,
0xf81f, 0xf81f, 0xf81f, 0xf81f, 0xf81f, 0xf81f, 0xf81f, 0xf81f, 0xf81f, 0x7100,
0xa2e7, 0x8940, 0x8940, 0x7100, 0x68e0, 0xf81f, 0xf81f, 0xf81f, 0xf81f, 0xf81f,
0xf81f, 0xf81f, 0xf81f, 0xf81f, 0xf81f, 0xf81f, 0xf81f, 0xf81f, 0xf81f, 0xf81f,
0xf81f, 0xf81f, 0xf81f, 0x8940, 0xa2e7, 0x8940, 0x8940, 0x7100, 0x50c0, 0xf81f,
0xf81f, 0xf81f, 0xf81f, 0xf81f, 0xf81f, 0xf81f, 0xf81f, 0xf81f, 0xf81f, 0xf81f,
0xf81f, 0xf81f, 0xf81f, 0xf81f, 0xf81f, 0xf81f, 0x68e0, 0x8940, 0x8940, 0x8940,
0x7100, 0x7100, 0x68e0, 0xf81f, 0xf81f, 0xf81f, 0xf81f, 0xf81f, 0xf81f, 0xf81f,
0xf81f, 0xf81f, 
0xf81f, 0xf81f, 0xf81f, 0xf81f, 0xf81f, 0xf81f, 0xf81f, 0xf81f, 0xf81f, 0x7100,
0xa2e7, 0x8940, 0x8940, 0x7100, 0x68e0, 0xf81f, 0xf81f, 0xf81f, 0xf81f, 0xf81f,
0xf81f, 0xf81f, 0xf81f, 0xf81f, 0xf81f, 0xf81f, 0xf81f, 0xf81f, 0xf81f, 0xf81f,
0xf81f, 0xf81f, 0xf81f, 0x8940, 0xa2e7, 0x8940, 0x8940, 0x7100, 0x68e0, 0x50c0,
0xf81f, 0xf81f, 0xf81f, 0xf81f, 0xf81f, 0xf81f, 0xf81f, 0xf81f, 0xf81f, 0xf81f,
0xf81f, 0xf81f, 0xf81f, 0xf81f, 0xf81f, 0xf81f, 0xf81f, 0x7100, 0xa2e7, 0x8940,
0x8940, 0x7100, 0x68e0, 0x2040, 0xf81f, 0xf81f, 0xf81f, 0xf81f, 0xf81f, 0xf81f,
0xf81f, 0xf81f, 0xf81f, 0xf81f, 0xf81f, 0xf81f, 0xf81f, 0xf81f, 0xf81f, 0xf81f,
0xf81f, 0x7100, 0xa2e7, 0x8940, 0x8940, 0x8940, 0x7100, 0x50c0, 0xf81f, 0xf81f,
0xf81f, 0xf81f, 0xf81f, 0xf81f, 0xf81f, 0xf81f, 0xf81f, 0xf81f, 0xf81f, 0xf81f,
0xf81f, 0xf81f, 0xf81f, 0xf81f, 0xf81f, 0x7100, 0xa2e7, 0x8940, 0x8940, 0x7100,
0x68e0, 0xf81f, 0xf81f, 0xf81f, 0xf81f, 0xf81f, 0xf81f, 0xf81f, 0xf81f, 0xf81f,
0xf81f, 0xf81f, 0xf81f, 0xf81f, 0xf81f, 0xf81f, 0xf81f, 0xf81f, 0x50c0, 0xa2e7,
0x8940, 0x8940, 0x7100, 0x7100, 0x68e0, 0xf81f, 0xf81f, 0xf81f, 0xf81f, 0xf81f,
0xf81f, 0xf81f, 0xf81f, 0xf81f, 0xf81f, 0xf81f, 0xf81f, 0xf81f, 0xf81f, 0xf81f,
0xf81f, 0xf81f, 0x68e0, 0xa2e7, 0x8940, 0x8940, 0x7100, 0x7100, 0x68e0, 0xf81f,
0xf81f, 0xf81f, 0xf81f, 0xf81f, 0xf81f, 0xf81f, 0xf81f, 0xf81f, 0xf81f, 0xf81f,
0xf81f, 0xf81f, 0xf81f, 0xf81f, 0xf81f, 0xf81f, 0x8940, 0xa2e7, 0x8940, 0x8940,
0x7100, 0x7100, 0x68e0, 0xf81f, 0xf81f, 0xf81f, 0xf81f, 0xf81f, 0xf81f, 0xf81f,
0xf81f, 0xf81f, 
0xf81f, 0xf81f, 0xf81f, 0xf81f, 0xf81f, 0xf81f, 0xf81f, 0xf81f, 0xf81f, 0x7100,
0xa2e7, 0x8940, 0x8940, 0x7100, 0x68e0, 0xf81f, 0xf81f, 0xf81f, 0xf81f, 0xf81f,
0xf81f, 0xf81f, 0xf81f, 0xf81f, 0xf81f, 0xf81f, 0xf81f, 0xf81f, 0xf81f, 0xf81f,
0xf81f, 0xf81f, 0xf81f, 0x8940, 0xa2e7, 0x8940, 0x8940, 0x7100, 0x68e0, 0x07e0,
0xf81f, 0xf81f, 0xf81f, 0xf81f, 0xf81f, 0xf81f, 0xf81f, 0xf81f, 0xf81f, 0xf81f,
0xf81f, 0xf81f, 0xf81f, 0xf81f, 0xf81f, 0xf81f, 0xf81f, 0x68e0, 0xa2e7, 0x8940,
0x8940, 0x7100, 0x68e0, 0x07e0, 0xf81f, 0xf81f, 0xf81f, 0xf81f, 0xf81f, 0xf81f,
0xf81f, 0xf81f, 0xf81f, 0xf81f, 0xf81f, 0xf81f, 0xf81f, 0xf81f, 0xf81f, 0xf81f,
0xf81f, 0x7100, 0xa2e7, 0x8940, 0x8940, 0x8940, 0x7100, 0x50c0, 0xf81f, 0xf81f,
0xf81f, 0xf81f, 0xf81f, 0xf81f, 0xf81f, 0xf81f, 0xf81f, 0xf81f, 0xf81f, 0xf81f,
0xf81f, 0xf81f, 0xf81f, 0xf81f, 0xf81f, 0x7100, 0xa2e7, 0x8940, 0x8940, 0x7100,
0x68e0, 0xf81f, 0xf81f, 0xf81f, 0xf81f, 0xf81f, 0xf81f, 0xf81f, 0xf81f, 0xf81f,
0xf81f, 0xf81f, 0xf81f, 0xf81f, 0xf81f, 0xf81f, 0xf81f, 0xf81f, 0x68e0, 0xa2e7,
0x8940, 0x8940, 0x7100, 0x7100, 0x68e0, 0xf81f, 0xf81f, 0xf81f, 0xf81f, 0xf81f,
0xf81f, 0xf81f, 0xf81f, 0xf81f, 0xf81f, 0xf81f, 0xf81f, 0xf81f, 0xf81f, 0xf81f,
0xf81f, 0xf81f, 0x07e0, 0x8940, 0xa2e7, 0x8940, 0x7100, 0x7100, 0x68e0, 0xf81f,
0xf81f, 0xf81f, 0xf81f, 0xf81f, 0xf81f, 0xf81f, 0xf81f, 0xf81f, 0xf81f, 0xf81f,
0xf81f, 0xf81f, 0xf81f, 0xf81f, 0xf81f, 0xf81f, 0x07e0, 0x8940, 0x8940, 0x8940,
0x7100, 0x7100, 0x68e0, 0xf81f, 0xf81f, 0xf81f, 0xf81f, 0xf81f, 0xf81f, 0xf81f,
0xf81f, 0xf81f, 
0xf81f, 0xf81f, 0xf81f, 0xf81f, 0xf81f, 0xf81f, 0xf81f, 0xf81f, 0xf81f, 0x7100,
0x8940, 0x8940, 0x7100, 0x7100, 0x68e0, 0xf81f, 0xf81f, 0xf81f, 0xf81f, 0xf81f,
0xf81f, 0xf81f, 0xf81f, 0xf81f, 0xf81f, 0xf81f, 0xf81f, 0xf81f, 0xf81f, 0xf81f,
0xf81f, 0xf81f, 0xf81f, 0x8940, 0xa2e7, 0x8940, 0x8940, 0x8940, 0x07e0, 0x07e0,
0xf81f, 0xf81f, 0xf81f, 0xf81f, 0xf81f, 0xf81f, 0xf81f, 0xf81f, 0xf81f, 0xf81f,
0xf81f, 0xf81f, 0xf81f, 0xf81f, 0xf81f, 0xf81f, 0xf81f, 0x68e0, 0x8940, 0x07e0,
0x07e0, 0x07e0, 0x07e0, 0x07e0, 0x50c0, 0xf81f, 0xf81f, 0xf81f, 0xf81f, 0xf81f,
0xf81f, 0xf81f, 0xf81f, 0xf81f, 0xf81f, 0xf81f, 0xf81f, 0xf81f, 0xf81f, 0xf81f,
0xf81f, 0x07e0, 0x07e0, 0x07e0, 0x07e0, 0x07e0, 0x07e0, 0x07e0, 0xf81f, 0xf81f,
0xf81f, 0xf81f, 0xf81f, 0xf81f, 0xf81f, 0xf81f, 0xf81f, 0xf81f, 0xf81f, 0xf81f,
0xf81f, 0xf81f, 0xf81f, 0xf81f, 0xf81f, 0x07e0, 0x07e0, 0x07e0, 0x07e0, 0x07e0,
0x07e0, 0xf81f, 0xf81f, 0xf81f, 0xf81f, 0xf81f, 0xf81f, 0xf81f, 0xf81f, 0xf81f,
0xf81f, 0xf81f, 0xf81f, 0xf81f, 0xf81f, 0xf81f, 0xf81f, 0xf81f, 0x07e0, 0x07e0,
0x07e0, 0x07e0, 0x07e0, 0x07e0, 0x07e0, 0xf81f, 0xf81f, 0xf81f, 0xf81f, 0xf81f,
0xf81f, 0xf81f, 0xf81f, 0xf81f, 0xf81f, 0xf81f, 0xf81f, 0xf81f, 0xf81f, 0xf81f,
0xf81f, 0x8940, 0x07e0, 0x07e0, 0x07e0, 0x07e0, 0x07e0, 0x7100, 0x68e0, 0xf81f,
0xf81f, 0xf81f, 0xf81f, 0xf81f, 0xf81f, 0xf81f, 0xf81f, 0xf81f, 0xf81f, 0xf81f,
0xf81f, 0xf81f, 0xf81f, 0xf81f, 0xf81f, 0xf81f, 0x07e0, 0x07e0, 0xa2e7, 0x7100,
0x7100, 0x7100, 0x68e0, 0xf81f, 0xf81f, 0xf81f, 0xf81f, 0xf81f, 0xf81f, 0xf81f,
0xf81f, 0xf81f, 
0xf81f, 0xf81f, 0xf81f, 0xf81f, 0xf81f, 0xf81f, 0xf81f, 0xf81f, 0xf81f, 0x7100,
0x8940, 0x8940, 0x7100, 0x7100, 0x68e0, 0xf81f, 0xf81f, 0xf81f, 0xf81f, 0xf81f,
0xf81f, 0xf81f, 0xf81f, 0xf81f, 0xf81f, 0xf81f, 0xf81f, 0xf81f, 0xf81f, 0xf81f,
0xf81f, 0xf81f, 0xf81f, 0x7100, 0x8940, 0x8940, 0x8940, 0x7100, 0x8940, 0x68e0,
0xf81f, 0xf81f, 0xf81f, 0xf81f, 0xf81f, 0xf81f, 0xf81f, 0xf81f, 0xf81f, 0xf81f,
0xf81f, 0xf81f, 0xf81f, 0xf81f, 0xf81f, 0xf81f, 0xf81f, 0x8940, 0xa2e7, 0x8940,
0x7100, 0x07e0, 0x07e0, 0x07e0, 0x68e0, 0xf81f, 0xf81f, 0xf81f, 0xf81f, 0xf81f,
0xf81f, 0xf81f, 0xf81f, 0xf81f, 0xf81f, 0xf81f, 0xf81f, 0xf81f, 0xf81f, 0xf81f,
0xe71c, 0x7100, 0x07e0, 0x07e0, 0xa2e7, 0x7100, 0x07e0, 0x07e0, 0xf81f, 0xf81f,
0xf81f, 0xf81f, 0xf81f, 0xf81f, 0xf81f, 0xf81f, 0xf81f, 0xf81f, 0xf81f, 0xf81f,
0xf81f, 0xf81f, 0xf81f, 0xf81f, 0xf81f, 0x07e0, 0x07e0, 0xa2e7, 0x7100, 0x07e0,
0x07e0, 0xf81f, 0xf81f, 0xf81f, 0xf81f, 0xf81f, 0xf81f, 0xf81f, 0xf81f, 0xf81f,
0xf81f, 0xf81f, 0xf81f, 0xf81f, 0xf81f, 0xf81f, 0xf81f, 0xf81f, 0x07e0, 0x07e0,
0xa2e7, 0x7100, 0x07e0, 0x07e0, 0x68e0, 0xf81f, 0xf81f, 0xf81f, 0xf81f, 0xf81f,
0xf81f, 0xf81f, 0xf81f, 0xf81f, 0xf81f, 0xf81f, 0xf81f, 0xf81f, 0xf81f, 0xf81f,
0xf81f, 0x68e0, 0x07e0, 0x07e0, 0x07e0, 0x7100, 0x7100, 0x8940, 0x8940, 0xf81f,
0xf81f, 0xf81f, 0xf81f, 0xf81f, 0xf81f, 0xf81f, 0xf81f, 0xf81f, 0xf81f, 0xf81f,
0xf81f, 0xf81f, 0xf81f, 0xf81f, 0xf81f, 0xf81f, 0x8940, 0xa2e7, 0x8940, 0x7100,
0x68e0, 0x68e0, 0x50c0, 0xf81f, 0xf81f, 0xf81f, 0xf81f, 0xf81f, 0xf81f, 0xf81f,
0xf81f, 0xf81f, 
0xf81f, 0xf81f, 0xf81f, 0xf81f, 0xf81f, 0xf81f, 0xc638, 0x7800, 0x7800, 0x50c0,
0x8940, 0x68e0, 0x68e0, 0x68e0, 0x50c0, 0xf81f, 0xf81f, 0xf81f, 0xf81f, 0xf81f,
0xf81f, 0xf81f, 0xf81f, 0xf81f, 0xf81f, 0xf81f, 0xf81f, 0xf81f, 0xf81f, 0xf81f,
0xf81f, 0xf81f, 0xf81f, 0x68e0, 0x8940, 0x68e0, 0x68e0, 0x7100, 0x68e0, 0x68e0,
0xf81f, 0xf81f, 0xf81f, 0xf81f, 0xf81f, 0xf81f, 0xf81f, 0xf81f, 0xf81f, 0xf81f,
0xf81f, 0xf81f, 0xf81f, 0xf81f, 0xf81f, 0xf81f, 0xf81f, 0x7100, 0x8940, 0x7100,
0x8940, 0x7100, 0x7100, 0x50c0, 0xf81f, 0xf81f, 0xf81f, 0xf81f, 0xf81f, 0xf81f,
0xf81f, 0xf81f, 0xf81f, 0xf81f, 0xf81f, 0xf81f, 0xf81f, 0xf81f, 0xf81f, 0xf81f,
0xc638, 0x7100, 0x8940, 0x8940, 0x7100, 0x68e0, 0x68e0, 0x68e0, 0xf81f, 0xf81f,
0xf81f, 0xf81f, 0xf81f, 0xf81f, 0xf81f, 0xf81f, 0xf81f, 0xf81f, 0xf81f, 0xf81f,
0xf81f, 0xf81f, 0xf81f, 0xf81f, 0xf81f, 0x7100, 0x8940, 0x7100, 0x68e0, 0x68e0,
0x7100, 0xf81f, 0xf81f, 0xf81f, 0xf81f, 0xf81f, 0xf81f, 0xf81f, 0xf81f, 0xf81f,
0xf81f, 0xf81f, 0xf81f, 0xf81f, 0xf81f, 0xf81f, 0xf81f, 0xf81f, 0x7100, 0x8940,
0x7100, 0x68e0, 0x68e0, 0x7100, 0x68e0, 0xf81f, 0xf81f, 0xf81f, 0xf81f, 0xf81f,
0xf81f, 0xf81f, 0xf81f, 0xf81f, 0xf81f, 0xf81f, 0xf81f, 0xf81f, 0xf81f, 0xf81f,
0xf81f, 0xf81f, 0x68e0, 0x7100, 0x8940, 0x8940, 0x7100, 0x8940, 0x50c0, 0xf81f,
0xf81f, 0xf81f, 0xf81f, 0xf81f, 0xf81f, 0xf81f, 0xf81f, 0xf81f, 0xf81f, 0xf81f,
0xf81f, 0xf81f, 0xf81f, 0xf81f, 0xf81f, 0xf81f, 0x8940, 0x8940, 0x7100, 0x68e0,
0x50c0, 0x50c0, 0x50c0, 0xf81f, 0xf81f, 0xf81f, 0xf81f, 0xf81f, 0xf81f, 0xf81f,
0xf81f, 0xf81f, 
0xf81f, 0xf81f, 0xf81f, 0xf81f, 0xe71c, 0xffff, 0xffff, 0x9800, 0x9800, 0x0000,
0x8940, 0x8940, 0x68e0, 0x68e0, 0x0000, 0x0000, 0xf81f, 0xf81f, 0xf81f, 0xf81f,
0xf81f, 0xf81f, 0xf81f, 0xf81f, 0xf81f, 0xf81f, 0xf81f, 0xf81f, 0xe71c, 0xc638,
0xe71c, 0x7800, 0x7800, 0x0000, 0x0000, 0x8940, 0x68e0, 0x68e0, 0x68e0, 0x50c0,
0xf81f, 0xf81f, 0xf81f, 0xf81f, 0xf81f, 0xf81f, 0xf81f, 0xf81f, 0xf81f, 0xf81f,
0xf81f, 0xf81f, 0xf81f, 0xf81f, 0xe71c, 0xe71c, 0x7800, 0x68e0, 0x7100, 0x8940,
0x8940, 0x8940, 0x8940, 0x3880, 0xf81f, 0xf81f, 0xf81f, 0xf81f, 0xf81f, 0xf81f,
0xf81f, 0xf81f, 0xf81f, 0xf81f, 0xf81f, 0xf81f, 0xf81f, 0xf81f, 0xf81f, 0xf81f,
0x9800, 0x8940, 0xa2e7, 0x8940, 0x50c0, 0x50c0, 0x7100, 0x68e0, 0xf81f, 0xf81f,
0xf81f, 0xf81f, 0xf81f, 0xf81f, 0xf81f, 0xf81f, 0xf81f, 0xf81f, 0xf81f, 0xf81f,
0xf81f, 0xf81f, 0xf81f, 0xf81f, 0x9800, 0x8940, 0xa2e7, 0x50c0, 0x50c0, 0x68e0,
0x7100, 0x0000, 0xf81f, 0xf81f, 0xf81f, 0xf81f, 0xf81f, 0xf81f, 0xf81f, 0xf81f,
0xf81f, 0xf81f, 0xf81f, 0xf81f, 0xf81f, 0xf81f, 0xf81f, 0xf81f, 0x8940, 0xa2e7,
0x50c0, 0x50c0, 0x68e0, 0x7100, 0x68e0, 0xf81f, 0xf81f, 0xf81f, 0xf81f, 0xf81f,
0xf81f, 0xf81f, 0xf81f, 0xf81f, 0xf81f, 0xf81f, 0xf81f, 0xf81f, 0xf81f, 0xf81f,
0xf81f, 0xe71c, 0x50c0, 0x8940, 0x7100, 0x7100, 0x7100, 0x68e0, 0x50c0, 0xf81f,
0xf81f, 0xf81f, 0xf81f, 0xf81f, 0xf81f, 0xf81f, 0xf81f, 0xf81f, 0xf81f, 0xf81f,
0xf81f, 0xf81f, 0xf81f, 0xf81f, 0xe71c, 0x9800, 0x68e0, 0x8940, 0x8940, 0x68e0,
0x68e0, 0x50c0, 0xf81f, 0xf81f, 0xf81f, 0xf81f, 0xf81f, 0xf81f, 0xf81f, 0xf81f,
0xf81f, 0xf81f, 
0xf81f, 0xf81f, 0xf81f, 0xf81f, 0xffff, 0xc638, 0xe71c, 0x9800, 0x9800, 0x9800,
0x9800, 0x0000, 0x0000, 0x0000, 0x0000, 0x7800, 0xc638, 0xf81f, 0xf81f, 0xf81f,
0xf81f, 0xf81f, 0xf81f, 0xf81f, 0xf81f, 0xf81f, 0xf81f, 0xf81f, 0xffff, 0xa514,
0xffff, 0x9800, 0x9800, 0x0000, 0x0000, 0x0000, 0x0000, 0x0000, 0x0000, 0x0000,
0xf81f, 0xf81f, 0xf81f, 0xf81f, 0xf81f, 0xf81f, 0xf81f, 0xf81f, 0xf81f, 0xf81f,
0xf81f, 0xf81f, 0xf81f, 0xf81f, 0xe71c, 0xe71c, 0x9800, 0x0000, 0x50c0, 0x68e0,
0x8940, 0x7100, 0x8940, 0x68e0, 0xf81f, 0xf81f, 0xf81f, 0xf81f, 0xf81f, 0xf81f,
0xf81f, 0xf81f, 0xf81f, 0xf81f, 0xf81f, 0xf81f, 0xf81f, 0xf81f, 0xf81f, 0xf81f,
0x9800, 0x9800, 0x8940, 0xa2e7, 0xa2e7, 0x8940, 0x7100, 0x50c0, 0x0000, 0xf81f,
0xf81f, 0xf81f, 0xf81f, 0xf81f, 0xf81f, 0xf81f, 0xf81f, 0xf81f, 0xf81f, 0xf81f,
0xf81f, 0xf81f, 0xf81f, 0xf81f, 0x9800, 0x50c0, 0x8940, 0xa2e7, 0xa2e7, 0x7100,
0x50c0, 0x7800, 0xc638, 0xf81f, 0xf81f, 0xf81f, 0xf81f, 0xf81f, 0xf81f, 0xf81f,
0xf81f, 0xf81f, 0xf81f, 0xf81f, 0xf81f, 0xf81f, 0xf81f, 0xf81f, 0x50c0, 0x8940,
0xa2e7, 0xa2e7, 0x7100, 0x68e0, 0x0000, 0x0000, 0xf81f, 0xf81f, 0xf81f, 0xf81f,
0xf81f, 0xf81f, 0xf81f, 0xf81f, 0xf81f, 0xf81f, 0xf81f, 0xf81f, 0xf81f, 0xf81f,
0xc638, 0xe71c, 0x8940, 0xa2e7, 0x8940, 0x68e0, 0x50c0, 0x50c0, 0xf81f, 0xf81f,
0xf81f, 0xf81f, 0xf81f, 0xf81f, 0xf81f, 0xf81f, 0xf81f, 0xf81f, 0xf81f, 0xf81f,
0xf81f, 0xf81f, 0xf81f, 0xe71c, 0xe71c, 0x9800, 0x9800, 0x9800, 0x0000, 0x0000,
0x0000, 0x0000, 0x0000, 0x0000, 0x0000, 0xf81f, 0xf81f, 0xf81f, 0xf81f, 0xf81f,
0xf81f, 0xf81f, 
0xf81f, 0xf81f, 0xf81f, 0xf81f, 0xe71c, 0xa514, 0x0000, 0x7800, 0x9800, 0x9800,
0x9800, 0x0000, 0x0000, 0x9800, 0x9800, 0x9800, 0xc638, 0xa514, 0xe71c, 0x8940,
0x3880, 0xf81f, 0xf81f, 0xf81f, 0xf81f, 0xf81f, 0xf81f, 0xe71c, 0xe71c, 0x738e,
0xc638, 0x9800, 0x9800, 0x9800, 0x9800, 0x0000, 0x0000, 0x0000, 0x0000, 0x7800,
0xc638, 0xf81f, 0xf81f, 0xf81f, 0xf81f, 0xf81f, 0xf81f, 0xf81f, 0xf81f, 0xf81f,
0xf81f, 0xf81f, 0xf81f, 0xf81f, 0xc638, 0x9800, 0x9800, 0x0000, 0x0000, 0x0000,
0x0000, 0x0000, 0x0000, 0x0000, 0x0000, 0xf81f, 0xf81f, 0xf81f, 0xf81f, 0xf81f,
0xf81f, 0xf81f, 0xf81f, 0xf81f, 0xf81f, 0xf81f, 0xf81f, 0xf81f, 0xf81f, 0xf81f,
0x9800, 0x9800, 0x9800, 0x0000, 0x0000, 0x0000, 0x0000, 0x7800, 0xc638, 0xf81f,
0x7100, 0x3880, 0xf81f, 0xf81f, 0xf81f, 0xf81f, 0xf81f, 0xf81f, 0xf81f, 0xf81f,
0xf81f, 0xf81f, 0xf81f, 0x9800, 0x9800, 0x9800, 0xb1e7, 0x0000, 0x0000, 0x9800,
0x9800, 0x9800, 0xc638, 0xa514, 0xe71c, 0x8940, 0x3880, 0xf81f, 0xf81f, 0xf81f,
0xf81f, 0xf81f, 0xf81f, 0xf81f, 0xf81f, 0xf81f, 0xf81f, 0x9800, 0x9800, 0x9800,
0x9800, 0x0000, 0x0000, 0x0000, 0x0000, 0x7800, 0xc638, 0xf81f, 0xf81f, 0xf81f,
0xf81f, 0xf81f, 0xf81f, 0xf81f, 0xf81f, 0xf81f, 0xf81f, 0xf81f, 0xf81f, 0xf81f,
0xc638, 0x9800, 0x9800, 0x0000, 0x0000, 0x0000, 0x0000, 0x0000, 0x0000, 0x0000,
0x0000, 0xf81f, 0xf81f, 0xf81f, 0xf81f, 0xf81f, 0xf81f, 0xf81f, 0xf81f, 0xf81f,
0xf81f, 0xf81f, 0xe71c, 0xe71c, 0x6000, 0x9800, 0x9800, 0x9800, 0x9800, 0x0000,
0x0000, 0x0000, 0x0000, 0x7800, 0xc638, 0xf81f, 0x7100, 0x3880, 0xf81f, 0xf81f,
0xf81f, 0xf81f, 
0xf81f, 0xf81f, 0xf81f, 0xf81f, 0xe71c, 0xc638, 0xa514, 0x7800, 0x9800, 0x9800,
0x0000, 0x18e3, 0x9800, 0x7800, 0x7800, 0xc638, 0xa514, 0xa514, 0x738e, 0x738e,
0x3880, 0x0000, 0xf81f, 0xf81f, 0xf81f, 0xf81f, 0xf81f, 0xe71c, 0xc638, 0xa514,
0x0000, 0x9800, 0x9800, 0x9800, 0xb1e7, 0x0000, 0x0000, 0x9800, 0x9800, 0x9800,
0xc638, 0xa514, 0xe71c, 0x8940, 0x3880, 0xf81f, 0xf81f, 0xf81f, 0xf81f, 0xf81f,
0xf81f, 0xf81f, 0xf81f, 0xf81f, 0xc638, 0x9800, 0x9800, 0x9800, 0x9800, 0x0000,
0x0000, 0x0000, 0x0000, 0x7800, 0xc638, 0xf81f, 0xf81f, 0xf81f, 0xf81f, 0xf81f,
0xf81f, 0xf81f, 0xf81f, 0xf81f, 0xf81f, 0xf81f, 0xf81f, 0xf81f, 0xf81f, 0x8800,
0x9800, 0x9800, 0xb1e7, 0x18e3, 0x0000, 0x9800, 0x7800, 0xc638, 0xc638, 0xa514,
0xc638, 0x8940, 0x3880, 0xf81f, 0xf81f, 0xf81f, 0xf81f, 0xf81f, 0xf81f, 0xf81f,
0xf81f, 0xf81f, 0xf81f, 0x7800, 0x9800, 0x9800, 0x0000, 0x18e3, 0x9800, 0x7800,
0x7800, 0xc638, 0xa514, 0xa514, 0x738e, 0x738e, 0x3880, 0x0000, 0xf81f, 0xf81f,
0xf81f, 0xf81f, 0xf81f, 0xf81f, 0xf81f, 0xf81f, 0xf81f, 0x9800, 0x9800, 0x9800,
0xb1e7, 0x0000, 0x0000, 0x9800, 0x9800, 0x9800, 0xc638, 0xa514, 0xe71c, 0x8940,
0x3880, 0xf81f, 0xf81f, 0xf81f, 0xf81f, 0xf81f, 0xf81f, 0xf81f, 0xf81f, 0xf81f,
0xf81f, 0x9800, 0x9800, 0x9800, 0x9800, 0x0000, 0x0000, 0x0000, 0x0000, 0x7800,
0xc638, 0xf81f, 0xf81f, 0xf81f, 0xf81f, 0xf81f, 0xf81f, 0xf81f, 0xf81f, 0xf81f,
0xf81f, 0xf81f, 0xf81f, 0xc638, 0x738e, 0x9800, 0x9800, 0x9800, 0xb1e7, 0x18e3,
0x0000, 0x9800, 0x7800, 0xc638, 0xc638, 0xa514, 0xc638, 0x8940, 0x3880, 0xf81f,
0xf81f, 0xf81f, 
0xf81f, 0xf81f, 0xf81f, 0xa514, 0xc638, 0x7100, 0x0000, 0x7800, 0x0000, 0x0000,
0x9800, 0x9800, 0x7800, 0x7800, 0x6000, 0x738e, 0xa514, 0xa514, 0xffff, 0x0000,
0x3880, 0x0000, 0xf81f, 0xf81f, 0xf81f, 0xf81f, 0xf81f, 0xf81f, 0xa514, 0x7100,
0x0000, 0x7800, 0x9800, 0x9800, 0x0000, 0xb1e7, 0x9800, 0x7800, 0x7800, 0xc638,
0xa514, 0xa514, 0x738e, 0x738e, 0x3880, 0x0000, 0xf81f, 0xf81f, 0xf81f, 0xf81f,
0xf81f, 0xf81f, 0xf81f, 0xf81f, 0xa514, 0x9800, 0x9800, 0x9800, 0xb1e7, 0x18e3,
0x0000, 0x9800, 0x9800, 0x9800, 0xc638, 0xa514, 0xc638, 0x8940, 0x3880, 0xf81f,
0xf81f, 0xf81f, 0xf81f, 0xf81f, 0xf81f, 0xf81f, 0xf81f, 0xf81f, 0xf81f, 0x7800,
0x9800, 0x0000, 0x0000, 0xb1e7, 0x9800, 0x7800, 0x7800, 0xc638, 0xa514, 0xa514,
0xa514, 0x738e, 0x3880, 0x0000, 0xf81f, 0xf81f, 0xf81f, 0xf81f, 0xf81f, 0xf81f,
0xf81f, 0xf81f, 0xf81f, 0x7800, 0x0000, 0x0000, 0x9800, 0x9800, 0x7800, 0x7800,
0x6000, 0x738e, 0xa514, 0xa514, 0xffff, 0x0000, 0x3880, 0x0000, 0xf81f, 0xf81f,
0xf81f, 0xf81f, 0xf81f, 0xf81f, 0xf81f, 0xf81f, 0xf81f, 0x7800, 0x9800, 0x9800,
0x0000, 0xb1e7, 0x9800, 0x7800, 0x7800, 0xc638, 0xa514, 0xa514, 0x738e, 0x738e,
0x3880, 0x0000, 0xf81f, 0xf81f, 0xf81f, 0xf81f, 0xf81f, 0xf81f, 0xf81f, 0xf81f,
0xf81f, 0x9800, 0x9800, 0xb1e7, 0xb1e7, 0x18e3, 0x0000, 0x9800, 0x9800, 0x9800,
0xc638, 0xa514, 0xc638, 0x8940, 0x3880, 0xf81f, 0xf81f, 0xf81f, 0xf81f, 0xf81f,
0xf81f, 0xf81f, 0xf81f, 0x8940, 0x738e, 0x7800, 0x9800, 0x0000, 0x0000, 0xb1e7,
0x9800, 0x7800, 0x7800, 0xc638, 0xa514, 0xa514, 0xa514, 0x738e, 0x3880, 0x0000,
0xf81f, 0xf81f, 
0xf81f, 0xf81f, 0xf81f, 0xf81f, 0x7100, 0x3880, 0xf81f, 0x0000, 0x0000, 0x7800,
0x7800, 0x7800, 0x6000, 0x6000, 0x4000, 0x0000, 0x738e, 0x738e, 0x0000, 0xf81f,
0xf81f, 0xf81f, 0xf81f, 0xf81f, 0xf81f, 0xf81f, 0xf81f, 0xf81f, 0x8940, 0x0000,
0xf81f, 0x7800, 0x0000, 0x0000, 0x9800, 0x7800, 0x7800, 0x7800, 0x6000, 0x738e,
0xa514, 0xa514, 0xffff, 0x0000, 0x3880, 0xf81f, 0xf81f, 0xf81f, 0xf81f, 0xf81f,
0xf81f, 0xf81f, 0xf81f, 0xf81f, 0xf81f, 0x7800, 0x9800, 0x9800, 0x0000, 0xb1e7,
0x9800, 0x7800, 0x7800, 0xc638, 0xa514, 0xa514, 0x738e, 0x738e, 0x3880, 0x0000,
0xf81f, 0xf81f, 0xf81f, 0xf81f, 0xf81f, 0xf81f, 0xf81f, 0xf81f, 0xf81f, 0x7800,
0x0000, 0x0000, 0x7800, 0x7800, 0x7800, 0x6000, 0x6000, 0x0000, 0xa514, 0xa514,
0xc638, 0x0000, 0x0000, 0xf81f, 0xf81f, 0xf81f, 0xf81f, 0xf81f, 0xf81f, 0xf81f,
0xf81f, 0xf81f, 0xf81f, 0x0000, 0x0000, 0x7800, 0x7800, 0x7800, 0x6000, 0x6000,
0x4000, 0x0000, 0x738e, 0x738e, 0x0000, 0x422f, 0x10a4, 0xf81f, 0xf81f, 0xf81f,
0xf81f, 0xf81f, 0xf81f, 0xf81f, 0xf81f, 0xf81f, 0xf81f, 0x7800, 0x0000, 0x0000,
0x9800, 0x7800, 0x7800, 0x7800, 0x6000, 0x738e, 0xa514, 0xa514, 0xffff, 0x0000,
0x3880, 0xf81f, 0xf81f, 0xf81f, 0xf81f, 0xf81f, 0xf81f, 0xf81f, 0xf81f, 0xf81f,
0xf81f, 0x7800, 0x9800, 0x9800, 0x0000, 0xb1e7, 0x9800, 0x7800, 0x7800, 0xc638,
0xa514, 0xa514, 0x738e, 0x738e, 0x3880, 0x0000, 0xf81f, 0xf81f, 0xf81f, 0xf81f,
0xf81f, 0xf81f, 0xf81f, 0x7100, 0x3880, 0x7800, 0x0000, 0x0000, 0x7800, 0x7800,
0x7800, 0x6000, 0x6000, 0x0000, 0xa514, 0xa514, 0xc638, 0x0000, 0x0000, 0xf81f,
0xf81f, 0xf81f, 
0xf81f, 0xf81f, 0xf81f, 0xf81f, 0x8940, 0x0000, 0xf81f, 0x0000, 0x7800, 0x7800,
0x7800, 0x6000, 0x6000, 0x4000, 0x0000, 0x0000, 0x0000, 0x0000, 0xf81f, 0xf81f,
0xf81f, 0xf81f, 0xf81f, 0xf81f, 0xf81f, 0xf81f, 0xf81f, 0xf81f, 0x0000, 0xf81f,
0xf81f, 0x0000, 0x0000, 0x7800, 0x7800, 0x7800, 0x6000, 0x6000, 0x4000, 0x0000,
0x0000, 0x738e, 0x0000, 0xf81f, 0xf81f, 0xf81f, 0xf81f, 0xf81f, 0xf81f, 0xf81f,
0xf81f, 0xf81f, 0xf81f, 0xf81f, 0xf81f, 0x7800, 0x0000, 0x0000, 0x9800, 0x7800,
0x7800, 0x7800, 0x6000, 0x0000, 0xa514, 0xa514, 0xe71c, 0x0000, 0x3880, 0xf81f,
0xf81f, 0xf81f, 0xf81f, 0xf81f, 0xf81f, 0xf81f, 0xf81f, 0xf81f, 0xf81f, 0x0000,
0x7800, 0x7800, 0x7800, 0x7800, 0x6000, 0x6000, 0x0000, 0x0000, 0x0000, 0x0000,
0x0000, 0xf81f, 0xf81f, 0xf81f, 0xf81f, 0xf81f, 0xf81f, 0xf81f, 0xf81f, 0xf81f,
0xf81f, 0xf81f, 0x4a71, 0x0000, 0x7800, 0x7800, 0x7800, 0x7800, 0x6000, 0x4000,
0x0000, 0x0000, 0x0000, 0x0000, 0x422f, 0x31ac, 0x0000, 0xf81f, 0xf81f, 0xf81f,
0xf81f, 0xf81f, 0xf81f, 0xf81f, 0xf81f, 0x4a71, 0x31ac, 0x0000, 0x0000, 0x7800,
0x7800, 0x7800, 0x6000, 0x6000, 0x4000, 0x0000, 0x0000, 0x738e, 0x0000, 0x31ac,
0xf81f, 0xf81f, 0xf81f, 0xf81f, 0xf81f, 0xf81f, 0xf81f, 0xf81f, 0xf81f, 0xf81f,
0xf81f, 0x7800, 0x0000, 0x0000, 0x9800, 0x7800, 0x7800, 0x7800, 0x6000, 0x0000,
0xa514, 0xa514, 0xe71c, 0x0000, 0x3880, 0xf81f, 0xf81f, 0xf81f, 0xf81f, 0xf81f,
0xf81f, 0xf81f, 0xf81f, 0xf81f, 0xf81f, 0x0000, 0x7800, 0x7800, 0x7800, 0x7800,
0x6000, 0x6000, 0x0000, 0x0000, 0x0000, 0x0000, 0x0000, 0xf81f, 0xf81f, 0xf81f,
0xf81f, 0xf81f, 
0xf81f, 0xf81f, 0xf81f, 0xf81f, 0xf81f, 0xf81f, 0xf81f, 0xf81f, 0x0000, 0x0000,
0x6000, 0x6000, 0x6000, 0x4000, 0x0000, 0x0000, 0x0000, 0xf81f, 0xf81f, 0xf81f,
0xf81f, 0xf81f, 0xf81f, 0xf81f, 0xf81f, 0xf81f, 0xf81f, 0xf81f, 0xf81f, 0xf81f,
0xf81f, 0x0000, 0x6000, 0x7800, 0x7800, 0x6000, 0x6000, 0x4000, 0x0000, 0x0000,
0x0000, 0x0000, 0xf81f, 0xf81f, 0xf81f, 0xf81f, 0xf81f, 0xf81f, 0xf81f, 0xf81f,
0xf81f, 0xf81f, 0xf81f, 0xf81f, 0xf81f, 0x0000, 0x0000, 0x7800, 0x7800, 0x7800,
0x6000, 0x6000, 0x4000, 0x0000, 0x0000, 0x738e, 0x0000, 0xf81f, 0xf81f, 0xf81f,
0xf81f, 0xf81f, 0xf81f, 0xf81f, 0xf81f, 0xf81f, 0xf81f, 0xf81f, 0x4a71, 0x0000,
0x0000, 0x7800, 0x7800, 0x6000, 0x6000, 0x4000, 0x0000, 0x0000, 0x0000, 0x0000,
0x422f, 0x31ac, 0xf81f, 0xf81f, 0xf81f, 0xf81f, 0xf81f, 0xf81f, 0xf81f, 0xf81f,
0xf81f, 0x4a71, 0x4a71, 0x4a71, 0x0000, 0x0000, 0x6000, 0x6000, 0x6000, 0x4000,
0x0000, 0x0000, 0x0000, 0x422f, 0x31ac, 0x10a4, 0xf81f, 0xf81f, 0xf81f, 0xf81f,
0xf81f, 0xf81f, 0xf81f, 0xf81f, 0x4a71, 0x4a71, 0x4a71, 0x0000, 0x6000, 0x7800,
0x7800, 0x6000, 0x6000, 0x4000, 0x0000, 0x0000, 0x0000, 0x0000, 0x4a71, 0x422f,
0x0000, 0xf81f, 0xf81f, 0xf81f, 0xf81f, 0xf81f, 0xf81f, 0xf81f, 0xf81f, 0xf81f,
0x4a71, 0x0000, 0x0000, 0x7800, 0x7800, 0x7800, 0x6000, 0x6000, 0x4000, 0x0000,
0x0000, 0x738e, 0x0000, 0xf81f, 0xf81f, 0xf81f, 0xf81f, 0xf81f, 0xf81f, 0xf81f,
0xf81f, 0xf81f, 0xf81f, 0xf81f, 0xf81f, 0x0000, 0x0000, 0x7800, 0x7800, 0x6000,
0x6000, 0x4000, 0x0000, 0x0000, 0x0000, 0x0000, 0xf81f, 0xf81f, 0xf81f, 0xf81f,
0xf81f, 0xf81f, 
0xf81f, 0xf81f, 0xf81f, 0xf81f, 0xf81f, 0xf81f, 0xf81f, 0xf81f, 0xf81f, 0xf81f,
0x0000, 0x0000, 0x0000, 0x0000, 0x0000, 0xf81f, 0xf81f, 0xf81f, 0xf81f, 0xf81f,
0xf81f, 0xf81f, 0xf81f, 0xf81f, 0xf81f, 0xf81f, 0xf81f, 0xf81f, 0xf81f, 0xf81f,
0xf81f, 0xf81f, 0x0000, 0x0000, 0x0000, 0x6000, 0x6000, 0x4000, 0x0000, 0x0000,
0x0000, 0xf81f, 0xf81f, 0xf81f, 0xf81f, 0xf81f, 0xf81f, 0xf81f, 0xf81f, 0xf81f,
0xf81f, 0xf81f, 0xf81f, 0xf81f, 0xf81f, 0x0000, 0x6000, 0x7800, 0x7800, 0x6000,
0x6000, 0x4000, 0x0000, 0x0000, 0x0000, 0x0000, 0xf81f, 0xf81f, 0xf81f, 0xf81f,
0xf81f, 0xf81f, 0xf81f, 0xf81f, 0xf81f, 0xf81f, 0xf81f, 0x4a71, 0x4a71, 0x4a71,
0x31ac, 0x0000, 0x0000, 0x0000, 0x6000, 0x0000, 0x0000, 0x0000, 0x0000, 0x422f,
0x422f, 0x31ac, 0x0000, 0xf81f, 0xf81f, 0xf81f, 0xf81f, 0xf81f, 0xf81f, 0xf81f,
0xf81f, 0x4a71, 0x4a71, 0x31ac, 0x10a4, 0x0000, 0x0000, 0x0000, 0x0000, 0x0000,
0x0000, 0x2128, 0x0000, 0x31ac, 0x2128, 0x0000, 0xf81f, 0xf81f, 0xf81f, 0xf81f,
0xf81f, 0xf81f, 0xf81f, 0x4a71, 0x4a71, 0x4a71, 0x4a71, 0x0000, 0x0000, 0x0000,
0x0000, 0x6000, 0x6000, 0x4000, 0x0000, 0x0000, 0x0000, 0x4a71, 0x4a71, 0x31ac,
0xf81f, 0xf81f, 0xf81f, 0xf81f, 0xf81f, 0xf81f, 0xf81f, 0xf81f, 0xf81f, 0x4a71,
0x4a71, 0x0000, 0x6000, 0x7800, 0x7800, 0x6000, 0x6000, 0x4000, 0x0000, 0x0000,
0x0000, 0x0000, 0xf81f, 0xf81f, 0xf81f, 0xf81f, 0xf81f, 0xf81f, 0xf81f, 0xf81f,
0xf81f, 0xf81f, 0xf81f, 0xf81f, 0xf81f, 0xf81f, 0x2128, 0x0000, 0x0000, 0x0000,
0x6000, 0x0000, 0x0000, 0x0000, 0xf81f, 0xf81f, 0xf81f, 0xf81f, 0xf81f, 0xf81f,
0xf81f, 0xf81f, 
0xf81f, 0xf81f, 0xf81f, 0xf81f, 0xf81f, 0xf81f, 0xf81f, 0xf81f, 0xf81f, 0x4a71,
0x4a71, 0x4a71, 0x31ac, 0x2128, 0x0000, 0xf81f, 0xf81f, 0xf81f, 0xf81f, 0xf81f,
0xf81f, 0xf81f, 0xf81f, 0xf81f, 0xf81f, 0xf81f, 0xf81f, 0xf81f, 0xf81f, 0xf81f,
0xf81f, 0xf81f, 0x2128, 0x4a71, 0x4a71, 0x0000, 0x0000, 0x0000, 0x0000, 0xf81f,
0xf81f, 0xf81f, 0xf81f, 0xf81f, 0xf81f, 0xf81f, 0xf81f, 0xf81f, 0xf81f, 0xf81f,
0xf81f, 0xf81f, 0xf81f, 0xf81f, 0xf81f, 0x4a71, 0x0000, 0x0000, 0x0000, 0x6000,
0x6000, 0x4000, 0x0000, 0x0000, 0x0000, 0xf81f, 0xf81f, 0xf81f, 0xf81f, 0xf81f,
0xf81f, 0xf81f, 0xf81f, 0xf81f, 0xf81f, 0xf81f, 0xf81f, 0x4a71, 0x4a71, 0x422f,
0x2128, 0x0000, 0x422f, 0x0000, 0x0000, 0x0000, 0x0000, 0x0000, 0x0000, 0x422f,
0x31ac, 0x10a4, 0xf81f, 0xf81f, 0xf81f, 0xf81f, 0xf81f, 0xf81f, 0xf81f, 0xf81f,
0x4a71, 0x4a71, 0x31ac, 0x2128, 0x0000, 0xf81f, 0xf81f, 0x31ac, 0x422f, 0x422f,
0x31ac, 0x0000, 0x0000, 0x31ac, 0x0000, 0xf81f, 0xf81f, 0xf81f, 0xf81f, 0xf81f,
0xf81f, 0xf81f, 0xf81f, 0x4a71, 0x4a71, 0x4a71, 0x4a71, 0x0000, 0x10a4, 0x10a4,
0x5ad3, 0x0000, 0x0000, 0x0000, 0x0000, 0x2128, 0x2128, 0x4a71, 0x422f, 0x10a4,
0xf81f, 0xf81f, 0xf81f, 0xf81f, 0xf81f, 0xf81f, 0xf81f, 0xf81f, 0xf81f, 0x4a71,
0x4a71, 0x4a71, 0x0000, 0x0000, 0x0000, 0x6000, 0x6000, 0x4000, 0x0000, 0x0000,
0x0000, 0xf81f, 0xf81f, 0xf81f, 0xf81f, 0xf81f, 0xf81f, 0xf81f, 0xf81f, 0xf81f,
0xf81f, 0xf81f, 0xf81f, 0xf81f, 0xf81f, 0xf81f, 0xf81f, 0x31ac, 0x4a71, 0x0000,
0x0000, 0x0000, 0x0000, 0xf81f, 0xf81f, 0xf81f, 0xf81f, 0xf81f, 0xf81f, 0xf81f,
0xf81f, 0xf81f, 
0xf81f, 0xf81f, 0xf81f, 0xf81f, 0xf81f, 0xf81f, 0xf81f, 0xf81f, 0xf81f, 0x4a71,
0x5ad3, 0x422f, 0x2128, 0x0000, 0x0000, 0xf81f, 0xf81f, 0xf81f, 0xf81f, 0xf81f,
0xf81f, 0xf81f, 0xf81f, 0xf81f, 0xf81f, 0xf81f, 0xf81f, 0xf81f, 0xf81f, 0xf81f,
0xf81f, 0xf81f, 0x4a71, 0x4a71, 0x4a71, 0x2128, 0x0000, 0x2128, 0x0000, 0xf81f,
0xf81f, 0xf81f, 0xf81f, 0xf81f, 0xf81f, 0xf81f, 0xf81f, 0xf81f, 0xf81f, 0xf81f,
0xf81f, 0xf81f, 0xf81f, 0xf81f, 0x4a71, 0x4a71, 0x422f, 0x422f, 0x5ad3, 0x0000,
0x0000, 0x0000, 0x0000, 0x0000, 0xf81f, 0xf81f, 0xf81f, 0xf81f, 0xf81f, 0xf81f,
0xf81f, 0xf81f, 0xf81f, 0xf81f, 0xf81f, 0xf81f, 0x422f, 0x4a71, 0x422f, 0x2128,
0x0000, 0x31ac, 0xf81f, 0xf81f, 0x2128, 0x2128, 0x0000, 0x422f, 0x422f, 0x2128,
0x10a4, 0x0000, 0xf81f, 0xf81f, 0xf81f, 0xf81f, 0xf81f, 0xf81f, 0xf81f, 0x4a71,
0x5ad3, 0x422f, 0x31ac, 0x2128, 0x0000, 0xf81f, 0xf81f, 0xf81f, 0xf81f, 0x0000,
0x0000, 0x0000, 0x31ac, 0x0000, 0xf81f, 0xf81f, 0xf81f, 0xf81f, 0xf81f, 0xf81f,
0xf81f, 0xf81f, 0xf81f, 0x4a71, 0x4a71, 0x4a71, 0x422f, 0x0000, 0x0000, 0x0000,
0xf81f, 0x422f, 0x422f, 0x422f, 0x10a4, 0x0000, 0x0000, 0x422f, 0x31ac, 0x0000,
0xf81f, 0xf81f, 0xf81f, 0xf81f, 0xf81f, 0xf81f, 0xf81f, 0xf81f, 0xf81f, 0x4a71,
0x422f, 0x422f, 0x422f, 0x422f, 0x4a71, 0x0000, 0x0000, 0x0000, 0x0000, 0x2128,
0xf81f, 0xf81f, 0xf81f, 0xf81f, 0xf81f, 0xf81f, 0xf81f, 0xf81f, 0xf81f, 0xf81f,
0xf81f, 0xf81f, 0xf81f, 0xf81f, 0xf81f, 0xf81f, 0xf81f, 0x4a71, 0x4a71, 0x4a71,
0x31ac, 0x2128, 0x0000, 0xf81f, 0xf81f, 0xf81f, 0xf81f, 0xf81f, 0xf81f, 0xf81f,
0xf81f, 0xf81f, 
0xf81f, 0xf81f, 0xf81f, 0xf81f, 0xf81f, 0xf81f, 0xf81f, 0xf81f, 0xf81f, 0x4a71,
0x422f, 0x2128, 0x0000, 0x0000, 0xf81f, 0xf81f, 0xf81f, 0xf81f, 0xf81f, 0xf81f,
0xf81f, 0xf81f, 0xf81f, 0xf81f, 0xf81f, 0xf81f, 0xf81f, 0xf81f, 0xf81f, 0xf81f,
0xf81f, 0x4a71, 0x4a71, 0x4a71, 0x4a71, 0x2128, 0x0000, 0x0000, 0x0000, 0xf81f,
0xf81f, 0xf81f, 0xf81f, 0xf81f, 0xf81f, 0xf81f, 0xf81f, 0xf81f, 0xf81f, 0xf81f,
0xf81f, 0xf81f, 0xf81f, 0xf81f, 0x4a71, 0x422f, 0x31ac, 0x0000, 0x4a71, 0x4a71,
0x4a71, 0x2128, 0x0000, 0x10a4, 0xf81f, 0xf81f, 0xf81f, 0xf81f, 0xf81f, 0xf81f,
0xf81f, 0xf81f, 0xf81f, 0xf81f, 0xf81f, 0xf81f, 0x4a71, 0x4a71, 0x31ac, 0x2128,
0x10a4, 0x0000, 0x0000, 0xf81f, 0xf81f, 0x422f, 0x422f, 0x31ac, 0x2128, 0x10a4,
0xf81f, 0xf81f, 0xf81f, 0xf81f, 0xf81f, 0xf81f, 0xf81f, 0xf81f, 0xf81f, 0xf81f,
0x2128, 0x31ac, 0x31ac, 0x10a4, 0x0000, 0x0000, 0xf81f, 0xf81f, 0xf81f, 0xf81f,
0xf81f, 0xf81f, 0xf81f, 0xf81f, 0xf81f, 0xf81f, 0xf81f, 0xf81f, 0xf81f, 0xf81f,
0xf81f, 0xf81f, 0x4a71, 0x4a71, 0x4a71, 0x4a71, 0x2128, 0xf81f, 0xf81f, 0xf81f,
0xf81f, 0xf81f, 0x0000, 0x0000, 0x10a4, 0x0000, 0x31ac, 0x31ac, 0x0000, 0xf81f,
0xf81f, 0xf81f, 0xf81f, 0xf81f, 0xf81f, 0xf81f, 0xf81f, 0xf81f, 0xf81f, 0x422f,
0x422f, 0x422f, 0x422f, 0xf81f, 0xf81f, 0x422f, 0x422f, 0x422f, 0x10a4, 0x0000,
0xf81f, 0xf81f, 0xf81f, 0xf81f, 0xf81f, 0xf81f, 0xf81f, 0xf81f, 0xf81f, 0xf81f,
0xf81f, 0xf81f, 0xf81f, 0xf81f, 0xf81f, 0xf81f, 0xf81f, 0x4a71, 0x4a71, 0x422f,
0x2128, 0x0000, 0x0000, 0xf81f, 0xf81f, 0xf81f, 0xf81f, 0xf81f, 0xf81f, 0xf81f,
0xf81f, 0xf81f, 
0xf81f, 0xf81f, 0xf81f, 0xf81f, 0xf81f, 0xf81f, 0xf81f, 0xf81f, 0x4a71, 0x4a71,
0x31ac, 0x10a4, 0x0000, 0xf81f, 0xf81f, 0xf81f, 0xf81f, 0xf81f, 0xf81f, 0xf81f,
0xf81f, 0xf81f, 0xf81f, 0xf81f, 0xf81f, 0xf81f, 0xf81f, 0xf81f, 0xf81f, 0xf81f,
0xf81f, 0x4a71, 0x4a71, 0x4a71, 0x4a71, 0x0000, 0x0000, 0x0000, 0xf81f, 0xf81f,
0xf81f, 0xf81f, 0xf81f, 0xf81f, 0xf81f, 0xf81f, 0xf81f, 0xf81f, 0xf81f, 0xf81f,
0xf81f, 0xf81f, 0xf81f, 0xf81f, 0x422f, 0x31ac, 0x2128, 0x0000, 0x4a71, 0x4a71,
0x422f, 0x2128, 0x0000, 0xf81f, 0xf81f, 0xf81f, 0xf81f, 0xf81f, 0xf81f, 0xf81f,
0xf81f, 0xf81f, 0xf81f, 0xf81f, 0xf81f, 0xf81f, 0x422f, 0x422f, 0x31ac, 0x2128,
0x10a4, 0x0000, 0x0000, 0xf81f, 0xf81f, 0x31ac, 0x31ac, 0x2128, 0x0000, 0xf81f,
0xf81f, 0xf81f, 0xf81f, 0xf81f, 0xf81f, 0xf81f, 0xf81f, 0xf81f, 0xf81f, 0xf81f,
0xf81f, 0xf81f, 0xf81f, 0x0000, 0x0000, 0x0000, 0xf81f, 0xf81f, 0xf81f, 0xf81f,
0xf81f, 0xf81f, 0xf81f, 0xf81f, 0xf81f, 0xf81f, 0xf81f, 0xf81f, 0xf81f, 0xf81f,
0xf81f, 0xf81f, 0x422f, 0x4a71, 0x4a71, 0x422f, 0x0000, 0xf81f, 0xf81f, 0xf81f,
0xf81f, 0xf81f, 0xf81f, 0x10a4, 0x0000, 0x10a4, 0x2128, 0x0000, 0xf81f, 0xf81f,
0xf81f, 0xf81f, 0xf81f, 0xf81f, 0xf81f, 0xf81f, 0xf81f, 0xf81f, 0xf81f, 0x422f,
0x422f, 0x31ac, 0xf81f, 0xf81f, 0xf81f, 0x4a71, 0x422f, 0x2128, 0x10a4, 0x0000,
0x4a71, 0x10a4, 0xf81f, 0xf81f, 0xf81f, 0xf81f, 0xf81f, 0xf81f, 0xf81f, 0xf81f,
0xf81f, 0xf81f, 0xf81f, 0xf81f, 0xf81f, 0xf81f, 0xf81f, 0x4a71, 0x422f, 0x2128,
0x0000, 0x0000, 0xf81f, 0xf81f, 0xf81f, 0xf81f, 0xf81f, 0xf81f, 0xf81f, 0xf81f,
0xf81f, 0xf81f, 
0xf81f, 0xf81f, 0xf81f, 0xf81f, 0xf81f, 0xf81f, 0xf81f, 0xf81f, 0x4a71, 0x422f,
0x31ac, 0x2128, 0x0000, 0xf81f, 0xf81f, 0xf81f, 0xf81f, 0xf81f, 0xf81f, 0xf81f,
0xf81f, 0xf81f, 0xf81f, 0xf81f, 0xf81f, 0xf81f, 0xf81f, 0xf81f, 0xf81f, 0xf81f,
0xf81f, 0x4a71, 0x4a71, 0x4a71, 0x422f, 0x0000, 0xf81f, 0xf81f, 0xf81f, 0xf81f,
0xf81f, 0xf81f, 0xf81f, 0xf81f, 0xf81f, 0xf81f, 0xf81f, 0xf81f, 0xf81f, 0xf81f,
0xf81f, 0xf81f, 0xf81f, 0xf81f, 0xf81f, 0xf81f, 0xf81f, 0xf81f, 0x4a71, 0x4a71,
0x31ac, 0x0000, 0xf81f, 0xf81f, 0xf81f, 0xf81f, 0xf81f, 0xf81f, 0xf81f, 0xf81f,
0xf81f, 0xf81f, 0xf81f, 0xf81f, 0xf81f, 0xf81f, 0xf81f, 0xf81f, 0xf81f, 0xf81f,
0xf81f, 0xf81f, 0xf81f, 0xf81f, 0xf81f, 0xf81f, 0xf81f, 0xf81f, 0xf81f, 0xf81f,
0xf81f, 0xf81f, 0xf81f, 0xf81f, 0xf81f, 0xf81f, 0xf81f, 0xf81f, 0xf81f, 0xf81f,
0xf81f, 0xf81f, 0xf81f, 0xf81f, 0xf81f, 0xf81f, 0xf81f, 0xf81f, 0xf81f, 0xf81f,
0xf81f, 0xf81f, 0xf81f, 0xf81f, 0xf81f, 0xf81f, 0xf81f, 0xf81f, 0xf81f, 0xf81f,
0xf81f, 0xf81f, 0xf81f, 0x4a71, 0x4a71, 0x2128, 0xf81f, 0xf81f, 0xf81f, 0xf81f,
0xf81f, 0xf81f, 0xf81f, 0xf81f, 0xf81f, 0x0000, 0x0000, 0xf81f, 0xf81f, 0xf81f,
0xf81f, 0xf81f, 0xf81f, 0xf81f, 0xf81f, 0xf81f, 0xf81f, 0xf81f, 0xf81f, 0xf81f,
0xf81f, 0xf81f, 0xf81f, 0xf81f, 0x422f, 0x4a71, 0x422f, 0x31ac, 0x0000, 0x4a71,
0x2128, 0x0000, 0xf81f, 0xf81f, 0xf81f, 0xf81f, 0xf81f, 0xf81f, 0xf81f, 0xf81f,
0xf81f, 0xf81f, 0xf81f, 0xf81f, 0xf81f, 0xf81f, 0xf81f, 0x4a71, 0x422f, 0x31ac,
0x0000, 0x2128, 0x31ac, 0xf81f, 0xf81f, 0xf81f, 0xf81f, 0xf81f, 0xf81f, 0xf81f,
0xf81f, 0xf81f, 
0xf81f, 0xf81f, 0xf81f, 0xf81f, 0xf81f, 0xf81f, 0xf81f, 0xf81f, 0xf81f, 0x2128,
0x2128, 0x10a4, 0x0000, 0x0000, 0xf81f, 0xf81f, 0xf81f, 0xf81f, 0xf81f, 0xf81f,
0xf81f, 0xf81f, 0xf81f, 0xf81f, 0xf81f, 0xf81f, 0xf81f, 0xf81f, 0xf81f, 0xf81f,
0x422f, 0x4a71, 0x4a71, 0x4a71, 0x10a4, 0xf81f, 0xf81f, 0xf81f, 0xf81f, 0xf81f,
0xf81f, 0xf81f, 0xf81f, 0xf81f, 0xf81f, 0xf81f, 0xf81f, 0xf81f, 0xf81f, 0xf81f,
0xf81f, 0xf81f, 0xf81f, 0xf81f, 0xf81f, 0xf81f, 0xf81f, 0xf81f, 0x4a71, 0x4a71,
0x10a4, 0x0000, 0xf81f, 0xf81f, 0xf81f, 0xf81f, 0xf81f, 0xf81f, 0xf81f, 0xf81f,
0xf81f, 0xf81f, 0xf81f, 0xf81f, 0xf81f, 0xf81f, 0xf81f, 0xf81f, 0xf81f, 0xf81f,
0xf81f, 0xf81f, 0xf81f, 0xf81f, 0xf81f, 0xf81f, 0xf81f, 0xf81f, 0xf81f, 0xf81f,
0xf81f, 0xf81f, 0xf81f, 0xf81f, 0xf81f, 0xf81f, 0xf81f, 0xf81f, 0xf81f, 0xf81f,
0xf81f, 0xf81f, 0xf81f, 0xf81f, 0xf81f, 0xf81f, 0xf81f, 0xf81f, 0xf81f, 0xf81f,
0xf81f, 0xf81f, 0xf81f, 0xf81f, 0xf81f, 0xf81f, 0xf81f, 0xf81f, 0xf81f, 0xf81f,
0xf81f, 0xf81f, 0xf81f, 0x2128, 0x0000, 0xf81f, 0xf81f, 0xf81f, 0xf81f, 0xf81f,
0xf81f, 0xf81f, 0xf81f, 0xf81f, 0xf81f, 0xf81f, 0xf81f, 0xf81f, 0xf81f, 0xf81f,
0xf81f, 0xf81f, 0xf81f, 0xf81f, 0xf81f, 0xf81f, 0xf81f, 0xf81f, 0xf81f, 0xf81f,
0xf81f, 0xf81f, 0xf81f, 0xf81f, 0x422f, 0x422f, 0x31ac, 0x31ac, 0x2128, 0x10a4,
0x0000, 0xf81f, 0xf81f, 0xf81f, 0xf81f, 0xf81f, 0xf81f, 0xf81f, 0xf81f, 0xf81f,
0xf81f, 0xf81f, 0xf81f, 0xf81f, 0xf81f, 0xf81f, 0x4a71, 0x4a71, 0x31ac, 0x2128,
0x10a4, 0x10a4, 0x0000, 0xf81f, 0xf81f, 0xf81f, 0xf81f, 0xf81f, 0xf81f, 0xf81f,
0xf81f, 0xf81f, 
0xf81f, 0xf81f, 0xf81f, 0xf81f, 0xf81f, 0xf81f, 0xf81f, 0xf81f, 0xf81f, 0xf81f,
0xf81f, 0x0000, 0x0000, 0x0000, 0xf81f, 0xf81f, 0xf81f, 0xf81f, 0xf81f, 0xf81f,
0xf81f, 0xf81f, 0xf81f, 0xf81f, 0xf81f, 0xf81f, 0xf81f, 0xf81f, 0xf81f, 0xf81f,
0x31ac, 0x4a71, 0x4a71, 0x31ac, 0x0000, 0xf81f, 0xf81f, 0xf81f, 0xf81f, 0xf81f,
0xf81f, 0xf81f, 0xf81f, 0xf81f, 0xf81f, 0xf81f, 0xf81f, 0xf81f, 0xf81f, 0xf81f,
0xf81f, 0xf81f, 0xf81f, 0xf81f, 0xf81f, 0xf81f, 0xf81f, 0xf81f, 0x422f, 0x31ac,
0x0000, 0xf81f, 0xf81f, 0xf81f, 0xf81f, 0xf81f, 0xf81f, 0xf81f, 0xf81f, 0xf81f,
0xf81f, 0xf81f, 0xf81f, 0xf81f, 0xf81f, 0xf81f, 0xf81f, 0xf81f, 0xf81f, 0xf81f,
0xf81f, 0xf81f, 0xf81f, 0xf81f, 0xf81f, 0xf81f, 0xf81f, 0xf81f, 0xf81f, 0xf81f,
0xf81f, 0xf81f, 0xf81f, 0xf81f, 0xf81f, 0xf81f, 0xf81f, 0xf81f, 0xf81f, 0xf81f,
0xf81f, 0xf81f, 0xf81f, 0xf81f, 0xf81f, 0xf81f, 0xf81f, 0xf81f, 0xf81f, 0xf81f,
0xf81f, 0xf81f, 0xf81f, 0xf81f, 0xf81f, 0xf81f, 0xf81f, 0xf81f, 0xf81f, 0xf81f,
0xf81f, 0xf81f, 0xf81f, 0xf81f, 0xf81f, 0xf81f, 0xf81f, 0xf81f, 0xf81f, 0xf81f,
0xf81f, 0xf81f, 0xf81f, 0xf81f, 0xf81f, 0xf81f, 0xf81f, 0xf81f, 0xf81f, 0xf81f,
0xf81f, 0xf81f, 0xf81f, 0xf81f, 0xf81f, 0xf81f, 0xf81f, 0xf81f, 0xf81f, 0xf81f,
0xf81f, 0xf81f, 0xf81f, 0xf81f, 0xf81f, 0x422f, 0x31ac, 0x2128, 0x0000, 0xf81f,
0xf81f, 0xf81f, 0xf81f, 0xf81f, 0xf81f, 0xf81f, 0xf81f, 0xf81f, 0xf81f, 0xf81f,
0xf81f, 0xf81f, 0xf81f, 0xf81f, 0xf81f, 0xf81f, 0xf81f, 0x31ac, 0x31ac, 0x2128,
0x0000, 0x0000, 0x0000, 0xf81f, 0xf81f, 0xf81f, 0xf81f, 0xf81f, 0xf81f, 0xf81f,
0xf81f, 0xf81f, 
0xf81f, 0xf81f, 0xf81f, 0xf81f, 0xf81f, 0xf81f, 0xf81f, 0xf81f, 0xf81f, 0xf81f,
0xf81f, 0xf81f, 0xf81f, 0xf81f, 0xf81f, 0xf81f, 0xf81f, 0xf81f, 0xf81f, 0xf81f,
0xf81f, 0xf81f, 0xf81f, 0xf81f, 0xf81f, 0xf81f, 0xf81f, 0xf81f, 0xf81f, 0xf81f,
0xf81f, 0x422f, 0x31ac, 0xf81f, 0xf81f, 0xf81f, 0xf81f, 0xf81f, 0xf81f, 0xf81f,
0xf81f, 0xf81f, 0xf81f, 0xf81f, 0xf81f, 0xf81f, 0xf81f, 0xf81f, 0xf81f, 0xf81f,
0xf81f, 0xf81f, 0xf81f, 0xf81f, 0xf81f, 0xf81f, 0xf81f, 0xf81f, 0xf81f, 0xf81f,
0xf81f, 0xf81f, 0xf81f, 0xf81f, 0xf81f, 0xf81f, 0xf81f, 0xf81f, 0xf81f, 0xf81f,
0xf81f, 0xf81f, 0xf81f, 0xf81f, 0xf81f, 0xf81f, 0xf81f, 0xf81f, 0xf81f, 0xf81f,
0xf81f, 0xf81f, 0xf81f, 0xf81f, 0xf81f, 0xf81f, 0xf81f, 0xf81f, 0xf81f, 0xf81f,
0xf81f, 0xf81f, 0xf81f, 0xf81f, 0xf81f, 0xf81f, 0xf81f, 0xf81f, 0xf81f, 0xf81f,
0xf81f, 0xf81f, 0xf81f, 0xf81f, 0xf81f, 0xf81f, 0xf81f, 0xf81f, 0xf81f, 0xf81f,
0xf81f, 0xf81f, 0xf81f, 0xf81f, 0xf81f, 0xf81f, 0xf81f, 0xf81f, 0xf81f, 0xf81f,
0xf81f, 0xf81f, 0xf81f, 0xf81f, 0xf81f, 0xf81f, 0xf81f, 0xf81f, 0xf81f, 0xf81f,
0xf81f, 0xf81f, 0xf81f, 0xf81f, 0xf81f, 0xf81f, 0xf81f, 0xf81f, 0xf81f, 0xf81f,
0xf81f, 0xf81f, 0xf81f, 0xf81f, 0xf81f, 0xf81f, 0xf81f, 0xf81f, 0xf81f, 0xf81f,
0xf81f, 0xf81f, 0xf81f, 0xf81f, 0xf81f, 0xf81f, 0xf81f, 0xf81f, 0xf81f, 0xf81f,
0xf81f, 0xf81f, 0xf81f, 0xf81f, 0xf81f, 0xf81f, 0xf81f, 0xf81f, 0xf81f, 0xf81f,
0xf81f, 0xf81f, 0xf81f, 0xf81f, 0xf81f, 0xf81f, 0xf81f, 0xf81f, 0xf81f, 0xf81f,
0xf81f, 0xf81f, 0xf81f, 0xf81f, 0xf81f, 0xf81f, 0xf81f, 0xf81f, 0xf81f, 0xf81f,
0xf81f, 0xf81f, 
0xf81f, 0xf81f, 0xf81f, 0xf81f, 0xf81f, 0xf81f, 0xf81f, 0xf81f, 0xf81f, 0x50c0,
0x7100, 0x8940, 0x7100, 0x68e0, 0x50c0, 0xf81f, 0xf81f, 0xf81f, 0xf81f, 0xf81f,
0xf81f, 0xf81f, 0xf81f, 0xf81f, 0xf81f, 0xf81f, 0xf81f, 0xf81f, 0xf81f, 0xf81f,
0xf81f, 0xf81f, 0xf81f, 0xf81f, 0x68e0, 0x8940, 0x7100, 0x68e0, 0x50c0, 0xf81f,
0xf81f, 0xf81f, 0xf81f, 0xf81f, 0xf81f, 0xf81f, 0xf81f, 0xf81f, 0xf81f, 0xf81f,
0xf81f, 0xf81f, 0xf81f, 0xf81f, 0xf81f, 0xf81f, 0xf81f, 0xf81f, 0x68e0, 0x68e0,
0x68e0, 0x50c0, 0xf81f, 0xf81f, 0xf81f, 0xf81f, 0xf81f, 0xf81f, 0xf81f, 0xf81f,
0xf81f, 0xf81f, 0xf81f, 0xf81f, 0xf81f, 0xf81f, 0xf81f, 0xf81f, 0xf81f, 0xf81f,
0xf81f, 0x50c0, 0x7100, 0x8940, 0x7100, 0x68e0, 0x50c0, 0xf81f, 0xf81f, 0xf81f,
0xf81f, 0xf81f, 0xf81f, 0xf81f, 0xf81f, 0xf81f, 0xf81f, 0xf81f, 0xf81f, 0xf81f,
0xf81f, 0xf81f, 0xf81f, 0xf81f, 0xf81f, 0x50c0, 0x7100, 0x8940, 0x7100, 0x68e0,
0x50c0, 0xf81f, 0xf81f, 0xf81f, 0xf81f, 0xf81f, 0xf81f, 0xf81f, 0xf81f, 0xf81f,
0xf81f, 0xf81f, 0xf81f, 0xf81f, 0xf81f, 0xf81f, 0xf81f, 0xf81f, 0xf81f, 0x50c0,
0x7100, 0x8940, 0x7100, 0x68e0, 0x50c0, 0xf81f, 0xf81f, 0xf81f, 0xf81f, 0xf81f,
0xf81f, 0xf81f, 0xf81f, 0xf81f, 0xf81f, 0xf81f, 0xf81f, 0xf81f, 0xf81f, 0xf81f,
0xf81f, 0xf81f, 0xf81f, 0xf81f, 0x50c0, 0x68e0, 0x7100, 0x50c0, 0xf81f, 0xf81f,
0xf81f, 0xf81f, 0xf81f, 0xf81f, 0xf81f, 0xf81f, 0xf81f, 0xf81f, 0xf81f, 0xf81f,
0xf81f, 0xf81f, 0xf81f, 0xf81f, 0xf81f, 0xf81f, 0xf81f, 0x68e0, 0x7100, 0x8940,
0x7100, 0x68e0, 0xf81f, 0xf81f, 0xf81f, 0xf81f, 0xf81f, 0xf81f, 0xf81f, 0xf81f,
0xf81f, 0xf81f, 
0xf81f, 0xf81f, 0xf81f, 0xf81f, 0xf81f, 0xf81f, 0xf81f, 0xf81f, 0xf81f, 0x7100,
0xa2e7, 0x8940, 0x8940, 0x7100, 0x68e0, 0xf81f, 0xf81f, 0xf81f, 0xf81f, 0xf81f,
0xf81f, 0xf81f, 0xf81f, 0xf81f, 0xf81f, 0xf81f, 0xf81f, 0xf81f, 0xf81f, 0xf81f,
0xf81f, 0xf81f, 0xf81f, 0x68e0, 0x8940, 0xa2e7, 0x8940, 0x7100, 0x68e0, 0x50c0,
0xf81f, 0xf81f, 0xf81f, 0xf81f, 0xf81f, 0xf81f, 0xf81f, 0xf81f, 0xf81f, 0xf81f,
0xf81f, 0xf81f, 0xf81f, 0xf81f, 0xf81f, 0xf81f, 0xf81f, 0x7100, 0xa2e7, 0x8940,
0x8940, 0x68e0, 0x50c0, 0xf81f, 0xf81f, 0xf81f, 0xf81f, 0xf81f, 0xf81f, 0xf81f,
0xf81f, 0xf81f, 0xf81f, 0xf81f, 0xf81f, 0xf81f, 0xf81f, 0xf81f, 0xf81f, 0xf81f,
0xf81f, 0x7100, 0xa2e7, 0x8940, 0x8940, 0x7100, 0x68e0, 0xf81f, 0xf81f, 0xf81f,
0xf81f, 0xf81f, 0xf81f, 0xf81f, 0xf81f, 0xf81f, 0xf81f, 0xf81f, 0xf81f, 0xf81f,
0xf81f, 0xf81f, 0xf81f, 0xf81f, 0xf81f, 0x7100, 0xa2e7, 0x8940, 0x8940, 0x7100,
0x68e0, 0xf81f, 0xf81f, 0xf81f, 0xf81f, 0xf81f, 0xf81f, 0xf81f, 0xf81f, 0xf81f,
0xf81f, 0xf81f, 0xf81f, 0xf81f, 0xf81f, 0xf81f, 0xf81f, 0xf81f, 0xf81f, 0x7100,
0xa2e7, 0x8940, 0x8940, 0x7100, 0x68e0, 0xf81f, 0xf81f, 0xf81f, 0xf81f, 0xf81f,
0xf81f, 0xf81f, 0xf81f, 0xf81f, 0xf81f, 0xf81f, 0xf81f, 0xf81f, 0xf81f, 0xf81f,
0xf81f, 0xf81f, 0xf81f, 0x8940, 0xa2e7, 0x8940, 0x8940, 0x7100, 0x50c0, 0xf81f,
0xf81f, 0xf81f, 0xf81f, 0xf81f, 0xf81f, 0xf81f, 0xf81f, 0xf81f, 0xf81f, 0xf81f,
0xf81f, 0xf81f, 0xf81f, 0xf81f, 0xf81f, 0xf81f, 0x68e0, 0x8940, 0x8940, 0x8940,
0x7100, 0x7100, 0x68e0, 0xf81f, 0xf81f, 0xf81f, 0xf81f, 0xf81f, 0xf81f, 0xf81f,
0xf81f, 0xf81f, 
0xf81f, 0xf81f, 0xf81f, 0xf81f, 0xf81f, 0xf81f, 0xf81f, 0xf81f, 0xf81f, 0x7100,
0xa2e7, 0x8940, 0x8940, 0x7100, 0x68e0, 0xf81f, 0xf81f, 0xf81f, 0xf81f, 0xf81f,
0xf81f, 0xf81f, 0xf81f, 0xf81f, 0xf81f, 0xf81f, 0xf81f, 0xf81f, 0xf81f, 0xf81f,
0xf81f, 0xf81f, 0xf81f, 0x8940, 0xa2e7, 0x8940, 0x8940, 0x7100, 0x68e0, 0x50c0,
0xf81f, 0xf81f, 0xf81f, 0xf81f, 0xf81f, 0xf81f, 0xf81f, 0xf81f, 0xf81f, 0xf81f,
0xf81f, 0xf81f, 0xf81f, 0xf81f, 0xf81f, 0xf81f, 0xf81f, 0x7100, 0xa2e7, 0x8940,
0x8940, 0x7100, 0x68e0, 0x2040, 0xf81f, 0xf81f, 0xf81f, 0xf81f, 0xf81f, 0xf81f,
0xf81f, 0xf81f, 0xf81f, 0xf81f, 0xf81f, 0xf81f, 0xf81f, 0xf81f, 0xf81f, 0xf81f,
0xf81f, 0x7100, 0xa2e7, 0x8940, 0x8940, 0x8940, 0x7100, 0x50c0, 0xf81f, 0xf81f,
0xf81f, 0xf81f, 0xf81f, 0xf81f, 0xf81f, 0xf81f, 0xf81f, 0xf81f, 0xf81f, 0xf81f,
0xf81f, 0xf81f, 0xf81f, 0xf81f, 0xf81f, 0x7100, 0xa2e7, 0x8940, 0x8940, 0x7100,
0x68e0, 0xf81f, 0xf81f, 0xf81f, 0xf81f, 0xf81f, 0xf81f, 0xf81f, 0xf81f, 0xf81f,
0xf81f, 0xf81f, 0xf81f, 0xf81f, 0xf81f, 0xf81f, 0xf81f, 0xf81f, 0x50c0, 0xa2e7,
0x8940, 0x8940, 0x7100, 0x7100, 0x68e0, 0xf81f, 0xf81f, 0xf81f, 0xf81f, 0xf81f,
0xf81f, 0xf81f, 0xf81f, 0xf81f, 0xf81f, 0xf81f, 0xf81f, 0xf81f, 0xf81f, 0xf81f,
0xf81f, 0xf81f, 0x68e0, 0xa2e7, 0x8940, 0x8940, 0x7100, 0x7100, 0x68e0, 0xf81f,
0xf81f, 0xf81f, 0xf81f, 0xf81f, 0xf81f, 0xf81f, 0xf81f, 0xf81f, 0xf81f, 0xf81f,
0xf81f, 0xf81f, 0xf81f, 0xf81f, 0xf81f, 0xf81f, 0x8940, 0xa2e7, 0x8940, 0x8940,
0x7100, 0x7100, 0x68e0, 0xf81f, 0xf81f, 0xf81f, 0xf81f, 0xf81f, 0xf81f, 0xf81f,
0xf81f, 0xf81f, 
0xf81f, 0xf81f, 0xf81f, 0xf81f, 0xf81f, 0xf81f, 0xf81f, 0xf81f, 0xf81f, 0x7100,
0xa2e7, 0x8940, 0x8940, 0x7100, 0x68e0, 0xf81f, 0xf81f, 0xf81f, 0xf81f, 0xf81f,
0xf81f, 0xf81f, 0xf81f, 0xf81f, 0xf81f, 0xf81f, 0xf81f, 0xf81f, 0xf81f, 0xf81f,
0xf81f, 0xf81f, 0xf81f, 0x8940, 0xa2e7, 0x8940, 0x8940, 0x7100, 0x68e0, 0x07e0,
0xf81f, 0xf81f, 0xf81f, 0xf81f, 0xf81f, 0xf81f, 0xf81f, 0xf81f, 0xf81f, 0xf81f,
0xf81f, 0xf81f, 0xf81f, 0xf81f, 0xf81f, 0xf81f, 0xf81f, 0x68e0, 0xa2e7, 0x8940,
0x8940, 0x7100, 0x68e0, 0x07e0, 0xf81f, 0xf81f, 0xf81f, 0xf81f, 0xf81f, 0xf81f,
0xf81f, 0xf81f, 0xf81f, 0xf81f, 0xf81f, 0xf81f, 0xf81f, 0xf81f, 0xf81f, 0xf81f,
0xf81f, 0x7100, 0xa2e7, 0x8940, 0x8940, 0x8940, 0x7100, 0x50c0, 0xf81f, 0xf81f,
0xf81f, 0xf81f, 0xf81f, 0xf81f, 0xf81f, 0xf81f, 0xf81f, 0xf81f, 0xf81f, 0xf81f,
0xf81f, 0xf81f, 0xf81f, 0xf81f, 0xf81f, 0x7100, 0xa2e7, 0x8940, 0x8940, 0x7100,
0x68e0, 0xf81f, 0xf81f, 0xf81f, 0xf81f, 0xf81f, 0xf81f, 0xf81f, 0xf81f, 0xf81f,
0xf81f, 0xf81f, 0xf81f, 0xf81f, 0xf81f, 0xf81f, 0xf81f, 0xf81f, 0x68e0, 0xa2e7,
0x8940, 0x8940, 0x7100, 0x7100, 0x68e0, 0xf81f, 0xf81f, 0xf81f, 0xf81f, 0xf81f,
0xf81f, 0xf81f, 0xf81f, 0xf81f, 0xf81f, 0xf81f, 0xf81f, 0xf81f, 0xf81f, 0xf81f,
0xf81f, 0xf81f, 0x07e0, 0x8940, 0xa2e7, 0x8940, 0x7100, 0x7100, 0x68e0, 0xf81f,
0xf81f, 0xf81f, 0xf81f, 0xf81f, 0xf81f, 0xf81f, 0xf81f, 0xf81f, 0xf81f, 0xf81f,
0xf81f, 0xf81f, 0xf81f, 0xf81f, 0xf81f, 0xf81f, 0x07e0, 0x8940, 0x8940, 0x8940,
0x7100, 0x7100, 0x68e0, 0xf81f, 0xf81f, 0xf81f, 0xf81f, 0xf81f, 0xf81f, 0xf81f,
0xf81f, 0xf81f, 
0xf81f, 0xf81f, 0xf81f, 0xf81f, 0xf81f, 0xf81f, 0xf81f, 0xe71c, 0xe71c, 0x7100,
0x8940, 0x8940, 0x7100, 0x7100, 0x68e0, 0xf81f, 0xf81f, 0xf81f, 0xf81f, 0xf81f,
0xf81f, 0xf81f, 0xf81f, 0xf81f, 0xf81f, 0xf81f, 0xf81f, 0xf81f, 0xf81f, 0xf81f,
0xf81f, 0xf81f, 0xc638, 0x8940, 0xa2e7, 0x8940, 0x8940, 0x8940, 0x07e0, 0x07e0,
0xf81f, 0xf81f, 0xf81f, 0xf81f, 0xf81f, 0xf81f, 0xf81f, 0xf81f, 0xf81f, 0xf81f,
0xf81f, 0xf81f, 0xf81f, 0xf81f, 0xf81f, 0xf81f, 0xf81f, 0x68e0, 0x8940, 0x07e0,
0x07e0, 0x07e0, 0x07e0, 0x07e0, 0x50c0, 0xf81f, 0xf81f, 0xf81f, 0xf81f, 0xf81f,
0xf81f, 0xf81f, 0xf81f, 0xf81f, 0xf81f, 0xf81f, 0xf81f, 0xf81f, 0xf81f, 0xf81f,
0xf81f, 0x07e0, 0x07e0, 0x07e0, 0x07e0, 0x07e0, 0x07e0, 0x07e0, 0xf81f, 0xf81f,
0xf81f, 0xf81f, 0xf81f, 0xf81f, 0xf81f, 0xf81f, 0xf81f, 0xf81f, 0xf81f, 0xf81f,
0xf81f, 0xf81f, 0xf81f, 0xf81f, 0xf81f, 0x07e0, 0x07e0, 0x07e0, 0x07e0, 0x07e0,
0x07e0, 0xf81f, 0xf81f, 0xf81f, 0xf81f, 0xf81f, 0xf81f, 0xf81f, 0xf81f, 0xf81f,
0xf81f, 0xf81f, 0xf81f, 0xf81f, 0xf81f, 0xf81f, 0xf81f, 0xf81f, 0x07e0, 0x07e0,
0x07e0, 0x07e0, 0x07e0, 0x07e0, 0x07e0, 0xf81f, 0xf81f, 0xf81f, 0xf81f, 0xf81f,
0xf81f, 0xf81f, 0xf81f, 0xf81f, 0xf81f, 0xf81f, 0xf81f, 0xf81f, 0xf81f, 0xf81f,
0xf81f, 0x8940, 0x07e0, 0x07e0, 0x07e0, 0x07e0, 0x07e0, 0x7100, 0x68e0, 0xf81f,
0xf81f, 0xf81f, 0xf81f, 0xf81f, 0xf81f, 0xf81f, 0xf81f, 0xf81f, 0xf81f, 0xf81f,
0xf81f, 0xf81f, 0xf81f, 0xf81f, 0xf81f, 0xf81f, 0x07e0, 0x07e0, 0xa2e7, 0x7100,
0x7100, 0x7100, 0x68e0, 0xf81f, 0xf81f, 0xf81f, 0xf81f, 0xf81f, 0xf81f, 0xf81f,
0xf81f, 0xf81f, 
0xf81f, 0xf81f, 0xf81f, 0xf81f, 0xf81f, 0xf81f, 0xf81f, 0xe71c, 0xe71c, 0x7100,
0x8940, 0x8940, 0x7100, 0x7100, 0x68e0, 0xf81f, 0xf81f, 0xf81f, 0xf81f, 0xf81f,
0xf81f, 0xf81f, 0xf81f, 0xf81f, 0xf81f, 0xf81f, 0xf81f, 0xf81f, 0xf81f, 0xf81f,
0xf81f, 0xffff, 0xffff, 0x7100, 0x8940, 0x8940, 0x8940, 0x7100, 0x8940, 0x68e0,
0xf81f, 0xf81f, 0xf81f, 0xf81f, 0xf81f, 0xf81f, 0xf81f, 0xf81f, 0xf81f, 0xf81f,
0xf81f, 0xf81f, 0xf81f, 0xf81f, 0xf81f, 0xf81f, 0xf81f, 0x8940, 0xa2e7, 0x8940,
0x7100, 0x07e0, 0x07e0, 0x07e0, 0x68e0, 0xf81f, 0xf81f, 0xf81f, 0xf81f, 0xf81f,
0xf81f, 0xf81f, 0xf81f, 0xf81f, 0xf81f, 0xf81f, 0xf81f, 0xf81f, 0xf81f, 0xf81f,
0xf81f, 0x7100, 0x07e0, 0x07e0, 0xa2e7, 0x7100, 0x07e0, 0x07e0, 0xf81f, 0xf81f,
0xf81f, 0xf81f, 0xf81f, 0xf81f, 0xf81f, 0xf81f, 0xf81f, 0xf81f, 0xf81f, 0xf81f,
0xf81f, 0xf81f, 0xf81f, 0xf81f, 0xf81f, 0x07e0, 0x07e0, 0xa2e7, 0x7100, 0x07e0,
0x07e0, 0xa514, 0x738e, 0xf81f, 0xf81f, 0xf81f, 0xf81f, 0xf81f, 0xf81f, 0xf81f,
0xf81f, 0xf81f, 0xf81f, 0xf81f, 0xf81f, 0xf81f, 0xf81f, 0xf81f, 0x07e0, 0x07e0,
0xa2e7, 0x7100, 0x07e0, 0x07e0, 0x68e0, 0xf81f, 0xf81f, 0xf81f, 0xf81f, 0xf81f,
0xf81f, 0xf81f, 0xf81f, 0xf81f, 0xf81f, 0xf81f, 0xf81f, 0xf81f, 0xf81f, 0xf81f,
0xf81f, 0x68e0, 0x07e0, 0x07e0, 0x07e0, 0x7100, 0x7100, 0x8940, 0x8940, 0xf81f,
0xf81f, 0xf81f, 0xf81f, 0xf81f, 0xf81f, 0xf81f, 0xf81f, 0xf81f, 0xf81f, 0xf81f,
0xf81f, 0xf81f, 0xf81f, 0xf81f, 0xf81f, 0xf81f, 0x8940, 0xa2e7, 0x8940, 0x7100,
0x68e0, 0x68e0, 0x50c0, 0xf81f, 0xf81f, 0xf81f, 0xf81f, 0xf81f, 0xf81f, 0xf81f,
0xf81f, 0xf81f, 
0xf81f, 0xf81f, 0xf81f, 0xf81f, 0xf81f, 0xf81f, 0xffff, 0xc638, 0x9800, 0x50c0,
0x8940, 0x68e0, 0x68e0, 0x68e0, 0x50c0, 0xf81f, 0xf81f, 0xf81f, 0xf81f, 0xf81f,
0xf81f, 0xf81f, 0xf81f, 0xf81f, 0xf81f, 0xf81f, 0xf81f, 0xf81f, 0xf81f, 0xf81f,
0xe71c, 0xc638, 0xc638, 0x68e0, 0x8940, 0x68e0, 0x68e0, 0x7100, 0x68e0, 0x68e0,
0xf81f, 0xf81f, 0xf81f, 0xf81f, 0xf81f, 0xf81f, 0xf81f, 0xf81f, 0xf81f, 0xf81f,
0xf81f, 0xf81f, 0xf81f, 0xf81f, 0xf81f, 0xf81f, 0xf81f, 0x7100, 0x8940, 0x7100,
0x8940, 0x7100, 0x7100, 0x50c0, 0xf81f, 0xf81f, 0xf81f, 0xf81f, 0xf81f, 0xf81f,
0xf81f, 0xf81f, 0xf81f, 0xf81f, 0xf81f, 0xf81f, 0xf81f, 0xf81f, 0xf81f, 0xf81f,
0xf81f, 0x7100, 0x8940, 0x8940, 0x7100, 0x68e0, 0x68e0, 0x68e0, 0xf81f, 0xf81f,
0xf81f, 0xf81f, 0xf81f, 0xf81f, 0xf81f, 0xf81f, 0xf81f, 0xf81f, 0xf81f, 0xf81f,
0xf81f, 0xf81f, 0xf81f, 0xf81f, 0xf81f, 0x7100, 0x8940, 0x7100, 0x68e0, 0x68e0,
0x7100, 0x6000, 0xa514, 0xf81f, 0xf81f, 0xf81f, 0xf81f, 0xf81f, 0xf81f, 0xf81f,
0xf81f, 0xf81f, 0xf81f, 0xf81f, 0xf81f, 0xf81f, 0xf81f, 0xf81f, 0x7100, 0x8940,
0x7100, 0x68e0, 0x68e0, 0x7100, 0x68e0, 0x738e, 0xf81f, 0xf81f, 0xf81f, 0xf81f,
0xf81f, 0xf81f, 0xf81f, 0xf81f, 0xf81f, 0xf81f, 0xf81f, 0xf81f, 0xf81f, 0xf81f,
0xf81f, 0xf81f, 0x68e0, 0x7100, 0x8940, 0x8940, 0x7100, 0x8940, 0x50c0, 0xf81f,
0xf81f, 0xf81f, 0xf81f, 0xf81f, 0xf81f, 0xf81f, 0xf81f, 0xf81f, 0xf81f, 0xf81f,
0xf81f, 0xf81f, 0xf81f, 0xf81f, 0xf81f, 0xf81f, 0x8940, 0x8940, 0x7100, 0x68e0,
0x50c0, 0x50c0, 0x50c0, 0xf81f, 0xf81f, 0xf81f, 0xf81f, 0xf81f, 0xf81f, 0xf81f,
0xf81f, 0xf81f, 
0xf81f, 0xf81f, 0xf81f, 0xf81f, 0xf81f, 0xf81f, 0xe71c, 0x738e, 0x9800, 0x9800,
0x8940, 0x8940, 0x68e0, 0x68e0, 0x6000, 0x0000, 0xf81f, 0xf81f, 0xf81f, 0xf81f,
0xf81f, 0xf81f, 0xf81f, 0xf81f, 0xf81f, 0xf81f, 0xf81f, 0xf81f, 0xf81f, 0xf81f,
0xe71c, 0xc638, 0x738e, 0x9800, 0x0000, 0x8940, 0x68e0, 0x68e0, 0x68e0, 0x50c0,
0xf81f, 0xf81f, 0xf81f, 0xf81f, 0xf81f, 0xf81f, 0xf81f, 0xf81f, 0xf81f, 0xf81f,
0xf81f, 0xf81f, 0xf81f, 0xf81f, 0xf81f, 0xf81f, 0xf81f, 0x68e0, 0x7100, 0x8940,
0x8940, 0x8940, 0x8940, 0x3880, 0xf81f, 0xf81f, 0xf81f, 0xf81f, 0xf81f, 0xf81f,
0xf81f, 0xf81f, 0xf81f, 0xf81f, 0xf81f, 0xf81f, 0xf81f, 0xf81f, 0xf81f, 0xf81f,
0xf81f, 0x8940, 0xa2e7, 0x8940, 0x50c0, 0x50c0, 0x7100, 0x68e0, 0xf81f, 0xf81f,
0xf81f, 0xf81f, 0xf81f, 0xf81f, 0xf81f, 0xf81f, 0xf81f, 0xf81f, 0xf81f, 0xf81f,
0xf81f, 0xf81f, 0xf81f, 0xf81f, 0xf81f, 0x8940, 0xa2e7, 0x50c0, 0x50c0, 0x68e0,
0x7100, 0x4000, 0x738e, 0xf81f, 0xf81f, 0xf81f, 0xf81f, 0xf81f, 0xf81f, 0xf81f,
0xf81f, 0xf81f, 0xf81f, 0xf81f, 0xf81f, 0xf81f, 0xf81f, 0xf81f, 0x8940, 0xa2e7,
0x50c0, 0x50c0, 0x68e0, 0x7100, 0x68e0, 0xa514, 0xf81f, 0xf81f, 0xf81f, 0xf81f,
0xf81f, 0xf81f, 0xf81f, 0xf81f, 0xf81f, 0xf81f, 0xf81f, 0xf81f, 0xf81f, 0xf81f,
0xf81f, 0xf81f, 0x50c0, 0x8940, 0x7100, 0x7100, 0x7100, 0x68e0, 0x50c0, 0xf81f,
0xf81f, 0xf81f, 0xf81f, 0xf81f, 0xf81f, 0xf81f, 0xf81f, 0xf81f, 0xf81f, 0xf81f,
0xf81f, 0xf81f, 0xf81f, 0xf81f, 0xf81f, 0xe71c, 0x68e0, 0x8940, 0x8940, 0x68e0,
0x68e0, 0x50c0, 0x0000, 0xf81f, 0xf81f, 0xf81f, 0xf81f, 0xf81f, 0xf81f, 0xf81f,
0xf81f, 0xf81f, 
0xf81f, 0xf81f, 0xf81f, 0xf81f, 0xf81f, 0xa514, 0xc638, 0xc638, 0x9800, 0x9800,
0x0000, 0x0000, 0x0000, 0x0000, 0x0000, 0x6000, 0x0000, 0xf81f, 0xf81f, 0xf81f,
0xf81f, 0xf81f, 0xf81f, 0xf81f, 0xf81f, 0xf81f, 0xf81f, 0xf81f, 0xf81f, 0xc638,
0x7100, 0xa514, 0x9800, 0x9800, 0x0000, 0x0000, 0x0000, 0x7800, 0x6000, 0x4000,
0xf81f, 0xf81f, 0xf81f, 0xf81f, 0xf81f, 0xf81f, 0xf81f, 0xf81f, 0xf81f, 0xf81f,
0xf81f, 0xf81f, 0xf81f, 0xf81f, 0xf81f, 0xf81f, 0xf81f, 0x9800, 0x50c0, 0x68e0,
0x8940, 0x7100, 0x8940, 0x68e0, 0xf81f, 0xf81f, 0xf81f, 0xf81f, 0xf81f, 0xf81f,
0xf81f, 0xf81f, 0xf81f, 0xf81f, 0xf81f, 0xf81f, 0xf81f, 0xf81f, 0xf81f, 0xf81f,
0x9800, 0x9800, 0x8940, 0xa2e7, 0xa2e7, 0x8940, 0x7100, 0x50c0, 0xf81f, 0xf81f,
0xf81f, 0xf81f, 0xf81f, 0xf81f, 0xf81f, 0xf81f, 0xf81f, 0xf81f, 0xf81f, 0xf81f,
0xf81f, 0xf81f, 0xf81f, 0xf81f, 0x9800, 0x50c0, 0x8940, 0xa2e7, 0xa2e7, 0x7100,
0x50c0, 0x6000, 0x8940, 0x7100, 0xf81f, 0xf81f, 0xf81f, 0xf81f, 0xf81f, 0xf81f,
0xf81f, 0xf81f, 0xf81f, 0xf81f, 0xf81f, 0xf81f, 0xf81f, 0xf81f, 0x50c0, 0x8940,
0xa2e7, 0xa2e7, 0x7100, 0x68e0, 0x6000, 0x4000, 0xf81f, 0xf81f, 0xf81f, 0xf81f,
0xf81f, 0xf81f, 0xf81f, 0xf81f, 0xf81f, 0xf81f, 0xf81f, 0xf81f, 0xf81f, 0xf81f,
0xf81f, 0xf81f, 0x8940, 0xa2e7, 0x8940, 0x68e0, 0x50c0, 0x50c0, 0x0000, 0xf81f,
0xf81f, 0xf81f, 0xf81f, 0xf81f, 0xf81f, 0xf81f, 0xf81f, 0xf81f, 0xf81f, 0xf81f,
0xf81f, 0xf81f, 0xf81f, 0xf81f, 0xf81f, 0xf81f, 0x9800, 0x9800, 0x0000, 0x0000,
0x0000, 0x0000, 0x6000, 0x4000, 0xf81f, 0xf81f, 0xf81f, 0xf81f, 0xf81f, 0xf81f,
0xf81f, 0xf81f, 
0xf81f, 0xf81f, 0xf81f, 0xf81f, 0xf81f, 0x7100, 0x7100, 0x0000, 0x0000, 0x9800,
0x9800, 0x0000, 0x0000, 0x7800, 0x6000, 0x0000, 0x0000, 0x0000, 0x422f, 0x2128,
0xf81f, 0xf81f, 0xf81f, 0xf81f, 0xf81f, 0xf81f, 0xf81f, 0xf81f, 0xf81f, 0x3880,
0x3880, 0x3880, 0x9800, 0x9800, 0x0000, 0x0000, 0x0000, 0x0000, 0x0000, 0x6000,
0x0000, 0xf81f, 0xf81f, 0xf81f, 0xf81f, 0xf81f, 0xf81f, 0xf81f, 0xf81f, 0xf81f,
0xf81f, 0xf81f, 0xf81f, 0xf81f, 0xf81f, 0xf81f, 0x9800, 0x9800, 0x0000, 0x0000,
0x0000, 0x7800, 0x6000, 0x6000, 0xf81f, 0xf81f, 0xf81f, 0xf81f, 0xf81f, 0xf81f,
0xf81f, 0xf81f, 0xf81f, 0xf81f, 0xf81f, 0xf81f, 0xf81f, 0xf81f, 0xf81f, 0xf81f,
0x0000, 0x0000, 0x0000, 0x0000, 0x0000, 0x0000, 0x0000, 0x0000, 0x4000, 0xf81f,
0xf81f, 0xf81f, 0xf81f, 0xf81f, 0xf81f, 0xf81f, 0xf81f, 0xf81f, 0xf81f, 0xf81f,
0xf81f, 0xf81f, 0xf81f, 0x0000, 0x0000, 0x9800, 0x9800, 0x0000, 0x0000, 0x7800,
0x6000, 0x0000, 0x0000, 0x0000, 0xf81f, 0xf81f, 0xf81f, 0xf81f, 0xf81f, 0xf81f,
0xf81f, 0xf81f, 0xf81f, 0xf81f, 0xf81f, 0xf81f, 0xf81f, 0xf81f, 0x9800, 0x9800,
0x0000, 0x0000, 0x0000, 0x0000, 0x0000, 0x6000, 0xf81f, 0xf81f, 0xf81f, 0xf81f,
0xf81f, 0xf81f, 0xf81f, 0xf81f, 0xf81f, 0xf81f, 0xf81f, 0xf81f, 0xf81f, 0xf81f,
0xf81f, 0xf81f, 0x9800, 0x9800, 0x0000, 0x0000, 0x0000, 0x7800, 0x6000, 0x4000,
0xf81f, 0xf81f, 0xf81f, 0xf81f, 0xf81f, 0xf81f, 0xf81f, 0xf81f, 0xf81f, 0xf81f,
0xf81f, 0xf81f, 0xf81f, 0xf81f, 0xf81f, 0x7100, 0x0000, 0x0000, 0x0000, 0x0000,
0x0000, 0x0000, 0x0000, 0x0000, 0x0000, 0xf81f, 0xf81f, 0xf81f, 0xf81f, 0xf81f,
0xf81f, 0xf81f, 
0xf81f, 0xf81f, 0xf81f, 0xf81f, 0xf81f, 0x0000, 0x0000, 0x8800, 0x9800, 0x9800,
0x9800, 0xb1e7, 0x9800, 0xc638, 0xa514, 0x0000, 0x0000, 0x0000, 0x4a71, 0x31ac,
0xf81f, 0xf81f, 0xf81f, 0xf81f, 0xf81f, 0xf81f, 0xf81f, 0xf81f, 0xf81f, 0xf81f,
0xf81f, 0x0000, 0x0000, 0x9800, 0x9800, 0x0000, 0x0000, 0x7800, 0x6000, 0x0000,
0x0000, 0x0000, 0xf81f, 0xf81f, 0xf81f, 0xf81f, 0xf81f, 0xf81f, 0xf81f, 0xf81f,
0xf81f, 0xf81f, 0xf81f, 0xf81f, 0xf81f, 0xf81f, 0x9800, 0x0000, 0x0000, 0x0000,
0x0000, 0x0000, 0x0000, 0x6000, 0x4000, 0xf81f, 0xf81f, 0xf81f, 0xf81f, 0xf81f,
0xf81f, 0xf81f, 0xf81f, 0xf81f, 0xf81f, 0xf81f, 0xf81f, 0xf81f, 0xf81f, 0x0000,
0x9800, 0x9800, 0x9800, 0x0000, 0x0000, 0x7800, 0x6000, 0x0000, 0x0000, 0x0000,
0xf81f, 0xf81f, 0xf81f, 0xf81f, 0xf81f, 0xf81f, 0xf81f, 0xf81f, 0xf81f, 0xf81f,
0xf81f, 0xf81f, 0xf81f, 0x8800, 0x9800, 0x9800, 0x9800, 0xb1e7, 0x9800, 0xc638,
0xa514, 0x0000, 0x0000, 0x0000, 0xf81f, 0xf81f, 0xf81f, 0xf81f, 0xf81f, 0xf81f,
0xf81f, 0xf81f, 0xf81f, 0xf81f, 0xf81f, 0xf81f, 0x4a71, 0x0000, 0x0000, 0x9800,
0x9800, 0x0000, 0x0000, 0x7800, 0x6000, 0x0000, 0x0000, 0x0000, 0xf81f, 0xf81f,
0xf81f, 0xf81f, 0xf81f, 0xf81f, 0xf81f, 0xf81f, 0xf81f, 0xf81f, 0xf81f, 0xf81f,
0xf81f, 0xf81f, 0x9800, 0x0000, 0x0000, 0x0000, 0x0000, 0x0000, 0x0000, 0x6000,
0x0000, 0xf81f, 0xf81f, 0xf81f, 0xf81f, 0xf81f, 0xf81f, 0xf81f, 0xf81f, 0xf81f,
0xf81f, 0xf81f, 0xf81f, 0xf81f, 0xf81f, 0x0000, 0x9800, 0x9800, 0x9800, 0x0000,
0x0000, 0x7800, 0x6000, 0x0000, 0x0000, 0x0000, 0xf81f, 0xf81f, 0xf81f, 0xf81f,
0xf81f, 0xf81f, 
0xf81f, 0xf81f, 0xf81f, 0xf81f, 0xf81f, 0xf81f, 0xf81f, 0x8800, 0x9800, 0x9800,
0x9800, 0x9800, 0xe71c, 0xffff, 0xa514, 0x0000, 0x4000, 0x0000, 0x422f, 0x0000,
0xf81f, 0xf81f, 0xf81f, 0xf81f, 0xf81f, 0xf81f, 0xf81f, 0xf81f, 0xf81f, 0xf81f,
0xf81f, 0x8800, 0x9800, 0x9800, 0x9800, 0xb1e7, 0xe71c, 0xe71c, 0xa514, 0x0000,
0x0000, 0x0000, 0xf81f, 0xf81f, 0xf81f, 0xf81f, 0xf81f, 0xf81f, 0xf81f, 0xf81f,
0xf81f, 0xf81f, 0xf81f, 0xf81f, 0xf81f, 0x0000, 0x0000, 0x9800, 0x9800, 0x0000,
0x0000, 0x7800, 0x6000, 0x0000, 0x0000, 0x0000, 0xf81f, 0xf81f, 0xf81f, 0xf81f,
0xf81f, 0xf81f, 0xf81f, 0xf81f, 0xf81f, 0xf81f, 0xf81f, 0xf81f, 0xf81f, 0x8800,
0x9800, 0x9800, 0x9800, 0xb1e7, 0xffff, 0xe71c, 0xa514, 0x0000, 0x0000, 0x0000,
0xf81f, 0xf81f, 0xf81f, 0xf81f, 0xf81f, 0xf81f, 0xf81f, 0xf81f, 0xf81f, 0xf81f,
0xf81f, 0xf81f, 0x4a71, 0x8800, 0x9800, 0x9800, 0x9800, 0x9800, 0xe71c, 0xffff,
0xa514, 0x0000, 0x4000, 0x0000, 0xf81f, 0xf81f, 0xf81f, 0xf81f, 0xf81f, 0xf81f,
0xf81f, 0xf81f, 0xf81f, 0xf81f, 0xf81f, 0x4a71, 0x4a71, 0x8800, 0x9800, 0x9800,
0x9800, 0xb1e7, 0xe71c, 0xe71c, 0xa514, 0x0000, 0x0000, 0x0000, 0xf81f, 0xf81f,
0xf81f, 0xf81f, 0xf81f, 0xf81f, 0xf81f, 0xf81f, 0xf81f, 0xf81f, 0xf81f, 0xf81f,
0xf81f, 0x0000, 0x0000, 0x9800, 0x9800, 0x0000, 0x0000, 0x7800, 0x6000, 0x0000,
0x0000, 0x0000, 0xf81f, 0xf81f, 0xf81f, 0xf81f, 0xf81f, 0xf81f, 0xf81f, 0xf81f,
0xf81f, 0xf81f, 0xf81f, 0xf81f, 0xf81f, 0x8800, 0x9800, 0x9800, 0x9800, 0xb1e7,
0xffff, 0xe71c, 0xa514, 0x0000, 0x0000, 0x0000, 0xf81f, 0xf81f, 0xf81f, 0xf81f,
0xf81f, 0xf81f, 
0xf81f, 0xf81f, 0xf81f, 0xf81f, 0xf81f, 0xf81f, 0xf81f, 0x8800, 0x7800, 0x7800,
0x7800, 0xa514, 0xc638, 0xe71c, 0xa514, 0xc638, 0x8940, 0x7100, 0x0000, 0xf81f,
0xf81f, 0xf81f, 0xf81f, 0xf81f, 0xf81f, 0xf81f, 0xf81f, 0xf81f, 0xf81f, 0xf81f,
0xf81f, 0x8800, 0x9800, 0x9800, 0x9800, 0x9800, 0xe71c, 0xffff, 0xa514, 0x0000,
0x8940, 0x0000, 0x422f, 0xf81f, 0xf81f, 0xf81f, 0xf81f, 0xf81f, 0xf81f, 0xf81f,
0xf81f, 0xf81f, 0xf81f, 0xf81f, 0xf81f, 0x8800, 0x9800, 0x9800, 0x9800, 0xb1e7,
0xe71c, 0xe71c, 0xa514, 0x0000, 0x0000, 0x0000, 0xf81f, 0xf81f, 0xf81f, 0xf81f,
0xf81f, 0xf81f, 0xf81f, 0xf81f, 0xf81f, 0xf81f, 0xf81f, 0xf81f, 0xf81f, 0x8800,
0x9800, 0x9800, 0x9800, 0x9800, 0xe71c, 0xffff, 0xa514, 0x0000, 0x8940, 0x3880,
0xf81f, 0xf81f, 0xf81f, 0xf81f, 0xf81f, 0xf81f, 0xf81f, 0xf81f, 0xf81f, 0xf81f,
0xf81f, 0x4a71, 0x4a71, 0x8800, 0x7800, 0x7800, 0x7800, 0xa514, 0xc638, 0xe71c,
0xa514, 0xc638, 0x8940, 0x7100, 0x0000, 0xf81f, 0xf81f, 0xf81f, 0xf81f, 0xf81f,
0xf81f, 0xf81f, 0xf81f, 0xf81f, 0x4a71, 0x4a71, 0x422f, 0x8800, 0x9800, 0x9800,
0x9800, 0x9800, 0xe71c, 0xffff, 0xa514, 0x0000, 0x8940, 0x0000, 0xf81f, 0xf81f,
0xf81f, 0xf81f, 0xf81f, 0xf81f, 0xf81f, 0xf81f, 0xf81f, 0xf81f, 0xf81f, 0xf81f,
0xf81f, 0x8800, 0x9800, 0x9800, 0x9800, 0xb1e7, 0xe71c, 0xe71c, 0xa514, 0x0000,
0x0000, 0x0000, 0xf81f, 0xf81f, 0xf81f, 0xf81f, 0xf81f, 0xf81f, 0xf81f, 0xf81f,
0xf81f, 0xf81f, 0xf81f, 0xf81f, 0xf81f, 0x8800, 0x9800, 0x9800, 0x9800, 0x9800,
0xe71c, 0xffff, 0xa514, 0x0000, 0x8940, 0x3880, 0xf81f, 0xf81f, 0xf81f, 0xf81f,
0xf81f, 0xf81f, 
0xf81f, 0xf81f, 0xf81f, 0xf81f, 0xf81f, 0xf81f, 0xf81f, 0x0000, 0x7800, 0x7800,
0x6000, 0x4000, 0xa514, 0xe71c, 0xffff, 0xa514, 0x7100, 0x7100, 0x3880, 0xf81f,
0xf81f, 0xf81f, 0xf81f, 0xf81f, 0xf81f, 0xf81f, 0xf81f, 0xf81f, 0xf81f, 0xf81f,
0xf81f, 0x8800, 0x7800, 0x7800, 0x6000, 0xa514, 0xc638, 0xe71c, 0xa514, 0xc638,
0x8940, 0x7100, 0x0000, 0xf81f, 0xf81f, 0xf81f, 0xf81f, 0xf81f, 0xf81f, 0xf81f,
0xf81f, 0xf81f, 0xf81f, 0xf81f, 0xf81f, 0x8800, 0x9800, 0x9800, 0x9800, 0x9800,
0xe71c, 0xffff, 0xa514, 0xc638, 0x8940, 0x0000, 0xf81f, 0xf81f, 0xf81f, 0xf81f,
0xf81f, 0xf81f, 0xf81f, 0xf81f, 0xf81f, 0xf81f, 0xf81f, 0xf81f, 0x4a71, 0x8800,
0x7800, 0x7800, 0x6000, 0x4000, 0xc638, 0xc638, 0xa514, 0xa514, 0x8940, 0x7100,
0x3880, 0xf81f, 0xf81f, 0xf81f, 0xf81f, 0xf81f, 0xf81f, 0xf81f, 0xf81f, 0xf81f,
0x4a71, 0x4a71, 0x422f, 0x0000, 0x7800, 0x7800, 0x6000, 0x4000, 0xa514, 0xe71c,
0xffff, 0xa514, 0x7100, 0x7100, 0x3880, 0xf81f, 0xf81f, 0xf81f, 0xf81f, 0xf81f,
0xf81f, 0xf81f, 0xf81f, 0xf81f, 0x4a71, 0x4a71, 0x31ac, 0x8800, 0x7800, 0x7800,
0x6000, 0xa514, 0xc638, 0xe71c, 0xa514, 0xc638, 0x8940, 0x7100, 0x0000, 0xf81f,
0xf81f, 0xf81f, 0xf81f, 0xf81f, 0xf81f, 0xf81f, 0xf81f, 0xf81f, 0xf81f, 0xf81f,
0xf81f, 0x8800, 0x9800, 0x9800, 0x9800, 0x9800, 0xe71c, 0xffff, 0xa514, 0xc638,
0x8940, 0x0000, 0xf81f, 0xf81f, 0xf81f, 0xf81f, 0xf81f, 0xf81f, 0xf81f, 0xf81f,
0xf81f, 0xf81f, 0xf81f, 0xf81f, 0xf81f, 0x8800, 0x7800, 0x7800, 0x6000, 0x4000,
0xc638, 0xc638, 0xa514, 0xa514, 0x8940, 0x7100, 0x3880, 0xf81f, 0xf81f, 0xf81f,
0xf81f, 0xf81f, 
0xf81f, 0xf81f, 0xf81f, 0xf81f, 0xf81f, 0xf81f, 0xf81f, 0x4a71, 0x0000, 0x0000,
0x6000, 0x6000, 0x6000, 0x0000, 0x738e, 0x0000, 0x7100, 0x7100, 0x3880, 0xf81f,
0xf81f, 0xf81f, 0xf81f, 0xf81f, 0xf81f, 0xf81f, 0xf81f, 0xf81f, 0xf81f, 0xf81f,
0x4a71, 0x0000, 0x7800, 0x7800, 0x6000, 0x4000, 0xa514, 0xe71c, 0xe71c, 0xa514,
0x7100, 0x7100, 0x3880, 0xf81f, 0xf81f, 0xf81f, 0xf81f, 0xf81f, 0xf81f, 0xf81f,
0xf81f, 0xf81f, 0xf81f, 0xf81f, 0xf81f, 0x8800, 0x7800, 0x7800, 0x6000, 0xa514,
0xc638, 0xe71c, 0xa514, 0xc638, 0x8940, 0x7100, 0x0000, 0xf81f, 0xf81f, 0xf81f,
0xf81f, 0xf81f, 0xf81f, 0xf81f, 0xf81f, 0xf81f, 0xf81f, 0x4a71, 0x4a71, 0x0000,
0x7800, 0x7800, 0x6000, 0x4000, 0x4000, 0xe71c, 0xc638, 0xa514, 0x7100, 0x7100,
0x3880, 0xf81f, 0xf81f, 0xf81f, 0xf81f, 0xf81f, 0xf81f, 0xf81f, 0xf81f, 0xf81f,
0x4a71, 0x4a71, 0x422f, 0x31ac, 0x0000, 0x0000, 0x6000, 0x6000, 0x6000, 0x0000,
0x738e, 0x0000, 0x7100, 0x7100, 0x3880, 0x31ac, 0xf81f, 0xf81f, 0xf81f, 0xf81f,
0xf81f, 0xf81f, 0xf81f, 0x4a71, 0x4a71, 0x31ac, 0x2128, 0x0000, 0x7800, 0x7800,
0x6000, 0x4000, 0xa514, 0xe71c, 0xe71c, 0xa514, 0x7100, 0x7100, 0x3880, 0xf81f,
0xf81f, 0xf81f, 0xf81f, 0xf81f, 0xf81f, 0xf81f, 0xf81f, 0xf81f, 0xf81f, 0xf81f,
0xf81f, 0x8800, 0x7800, 0x7800, 0x6000, 0xa514, 0xc638, 0xe71c, 0xa514, 0xc638,
0x8940, 0x7100, 0x0000, 0xf81f, 0xf81f, 0xf81f, 0xf81f, 0xf81f, 0xf81f, 0xf81f,
0xf81f, 0xf81f, 0xf81f, 0xf81f, 0xf81f, 0x0000, 0x7800, 0x7800, 0x6000, 0x4000,
0x4000, 0xe71c, 0xc638, 0xa514, 0x7100, 0x7100, 0x3880, 0x0000, 0xf81f, 0xf81f,
0xf81f, 0xf81f, 
0xf81f, 0xf81f, 0xf81f, 0xf81f, 0xf81f, 0xf81f, 0x4a71, 0x4a71, 0x4a71, 0x4000,
0x0000, 0x0000, 0x0000, 0x0000, 0x0000, 0x0000, 0x3880, 0x3880, 0xf81f, 0xf81f,
0xf81f, 0xf81f, 0xf81f, 0xf81f, 0xf81f, 0xf81f, 0xf81f, 0xf81f, 0xf81f, 0x4a71,
0x4a71, 0x31ac, 0x0000, 0x0000, 0x6000, 0x6000, 0x6000, 0x0000, 0x738e, 0x0000,
0x7100, 0x7100, 0x3880, 0xf81f, 0xf81f, 0xf81f, 0xf81f, 0xf81f, 0xf81f, 0xf81f,
0xf81f, 0xf81f, 0xf81f, 0xf81f, 0xf81f, 0x0000, 0x7800, 0x7800, 0x6000, 0x4000,
0xa514, 0xe71c, 0xc638, 0xa514, 0x7100, 0x7100, 0x3880, 0xf81f, 0xf81f, 0xf81f,
0xf81f, 0xf81f, 0xf81f, 0xf81f, 0xf81f, 0xf81f, 0x4a71, 0x4a71, 0x31ac, 0x31ac,
0x0000, 0x0000, 0x0000, 0x0000, 0x0000, 0x0000, 0x738e, 0x0000, 0x7100, 0x7100,
0x3880, 0xf81f, 0xf81f, 0xf81f, 0xf81f, 0xf81f, 0xf81f, 0xf81f, 0xf81f, 0xf81f,
0xf81f, 0x422f, 0x422f, 0x31ac, 0x0000, 0x4000, 0x0000, 0x0000, 0x0000, 0x0000,
0x0000, 0x0000, 0x3880, 0x3880, 0x422f, 0x0000, 0xf81f, 0xf81f, 0xf81f, 0xf81f,
0xf81f, 0xf81f, 0xf81f, 0x4a71, 0x422f, 0x2128, 0x10a4, 0x2128, 0x0000, 0x0000,
0x6000, 0x6000, 0x6000, 0x0000, 0x738e, 0x0000, 0x7100, 0x7100, 0x3880, 0xf81f,
0xf81f, 0xf81f, 0xf81f, 0xf81f, 0xf81f, 0xf81f, 0xf81f, 0xf81f, 0xf81f, 0xf81f,
0x4a71, 0x0000, 0x7800, 0x7800, 0x6000, 0x4000, 0xa514, 0xe71c, 0xc638, 0xa514,
0x7100, 0x7100, 0x3880, 0xf81f, 0xf81f, 0xf81f, 0xf81f, 0xf81f, 0xf81f, 0xf81f,
0xf81f, 0xf81f, 0xf81f, 0xf81f, 0xf81f, 0x4a71, 0x0000, 0x0000, 0x0000, 0x0000,
0x0000, 0x0000, 0x738e, 0x0000, 0x7100, 0x7100, 0x3880, 0xf81f, 0xf81f, 0xf81f,
0xf81f, 0xf81f, 
0xf81f, 0xf81f, 0xf81f, 0xf81f, 0xf81f, 0x4a71, 0x4a71, 0x4a71, 0x422f, 0x422f,
0x31ac, 0x2128, 0x10a4, 0xf81f, 0xf81f, 0xf81f, 0xf81f, 0xf81f, 0xf81f, 0xf81f,
0xf81f, 0xf81f, 0xf81f, 0xf81f, 0xf81f, 0xf81f, 0xf81f, 0xf81f, 0x4a71, 0x4a71,
0x31ac, 0x31ac, 0x10a4, 0x4000, 0x0000, 0x0000, 0x0000, 0x0000, 0x0000, 0x0000,
0x2128, 0x0000, 0xf81f, 0xf81f, 0xf81f, 0xf81f, 0xf81f, 0xf81f, 0xf81f, 0xf81f,
0xf81f, 0xf81f, 0xf81f, 0xf81f, 0xf81f, 0x4a71, 0x0000, 0x0000, 0x6000, 0x6000,
0x6000, 0x0000, 0x738e, 0x0000, 0x7100, 0x7100, 0x3880, 0xf81f, 0xf81f, 0xf81f,
0xf81f, 0xf81f, 0xf81f, 0xf81f, 0xf81f, 0xf81f, 0xf81f, 0x4a71, 0x422f, 0x31ac,
0x2128, 0x4a71, 0x4000, 0x0000, 0x0000, 0x0000, 0x0000, 0xf81f, 0xf81f, 0xf81f,
0xf81f, 0xf81f, 0xf81f, 0xf81f, 0xf81f, 0xf81f, 0xf81f, 0xf81f, 0xf81f, 0xf81f,
0xf81f, 0xf81f, 0x31ac, 0x31ac, 0x2128, 0x422f, 0x4a71, 0x422f, 0x2128, 0x2128,
0x422f, 0x4a71, 0x4a71, 0x422f, 0x31ac, 0xf81f, 0xf81f, 0xf81f, 0xf81f, 0xf81f,
0xf81f, 0xf81f, 0xf81f, 0x422f, 0x10a4, 0x0000, 0xf81f, 0xf81f, 0xf81f, 0x4000,
0x0000, 0x0000, 0x0000, 0x0000, 0x0000, 0x0000, 0x4a71, 0x0000, 0xf81f, 0xf81f,
0xf81f, 0xf81f, 0xf81f, 0xf81f, 0xf81f, 0xf81f, 0xf81f, 0xf81f, 0xf81f, 0xf81f,
0x4a71, 0x4a71, 0x0000, 0x0000, 0x6000, 0x6000, 0x6000, 0x0000, 0x738e, 0x0000,
0x7100, 0x7100, 0x3880, 0xf81f, 0xf81f, 0xf81f, 0xf81f, 0xf81f, 0xf81f, 0xf81f,
0xf81f, 0xf81f, 0xf81f, 0xf81f, 0x4a71, 0x4a71, 0x4a71, 0x4a71, 0x4000, 0x0000,
0x0000, 0x0000, 0x0000, 0x2128, 0x10a4, 0x0000, 0xf81f, 0xf81f, 0xf81f, 0xf81f,
0xf81f, 0xf81f, 
0xf81f, 0xf81f, 0xf81f, 0xf81f, 0x4a71, 0x4a71, 0x422f, 0x31ac, 0x2128, 0x2128,
0x2128, 0x0000, 0x0000, 0xf81f, 0xf81f, 0xf81f, 0xf81f, 0xf81f, 0xf81f, 0xf81f,
0xf81f, 0xf81f, 0xf81f, 0xf81f, 0xf81f, 0xf81f, 0xf81f, 0x422f, 0x4a71, 0x422f,
0x31ac, 0x2128, 0x2128, 0x422f, 0x31ac, 0x31ac, 0x2128, 0x2128, 0x31ac, 0x2128,
0xf81f, 0xf81f, 0xf81f, 0xf81f, 0xf81f, 0xf81f, 0xf81f, 0xf81f, 0xf81f, 0xf81f,
0xf81f, 0xf81f, 0xf81f, 0xf81f, 0xf81f, 0x422f, 0x4a71, 0x4000, 0x0000, 0x0000,
0x0000, 0x0000, 0x0000, 0x0000, 0xf81f, 0xf81f, 0xf81f, 0xf81f, 0xf81f, 0xf81f,
0xf81f, 0xf81f, 0xf81f, 0xf81f, 0xf81f, 0xf81f, 0xf81f, 0xf81f, 0x422f, 0x422f,
0x31ac, 0x31ac, 0x31ac, 0x10a4, 0x2128, 0x2128, 0x10a4, 0x31ac, 0x422f, 0x422f,
0x31ac, 0xf81f, 0xf81f, 0xf81f, 0xf81f, 0xf81f, 0xf81f, 0xf81f, 0xf81f, 0xf81f,
0xf81f, 0xf81f, 0xf81f, 0x31ac, 0x2128, 0x10a4, 0x0000, 0x10a4, 0x2128, 0x10a4,
0x31ac, 0x4a71, 0x422f, 0x31ac, 0x0000, 0xf81f, 0xf81f, 0xf81f, 0xf81f, 0xf81f,
0xf81f, 0xf81f, 0xf81f, 0x0000, 0xf81f, 0xf81f, 0xf81f, 0xf81f, 0xf81f, 0x422f,
0x4a71, 0x422f, 0x2128, 0x0000, 0x31ac, 0x4a71, 0x4a71, 0x4a71, 0x422f, 0xf81f,
0xf81f, 0xf81f, 0xf81f, 0xf81f, 0xf81f, 0xf81f, 0xf81f, 0xf81f, 0xf81f, 0xf81f,
0x31ac, 0x31ac, 0x422f, 0x4000, 0x0000, 0x0000, 0x0000, 0x0000, 0x0000, 0x0000,
0xf81f, 0xf81f, 0xf81f, 0xf81f, 0xf81f, 0xf81f, 0xf81f, 0xf81f, 0xf81f, 0xf81f,
0xf81f, 0xf81f, 0xf81f, 0xf81f, 0x4a71, 0x4a71, 0x422f, 0x422f, 0x31ac, 0x31ac,
0x2128, 0xf81f, 0xf81f, 0xf81f, 0xf81f, 0xf81f, 0xf81f, 0xf81f, 0xf81f, 0xf81f,
0xf81f, 0xf81f, 
0xf81f, 0xf81f, 0xf81f, 0xf81f, 0x4a71, 0x422f, 0x422f, 0x2128, 0x0000, 0x0000,
0xf81f, 0xf81f, 0xf81f, 0xf81f, 0xf81f, 0xf81f, 0xf81f, 0xf81f, 0xf81f, 0xf81f,
0xf81f, 0xf81f, 0xf81f, 0xf81f, 0xf81f, 0xf81f, 0xf81f, 0x4a71, 0x4a71, 0x31ac,
0x2128, 0x0000, 0x2128, 0x31ac, 0x2128, 0x10a4, 0x0000, 0x10a4, 0xf81f, 0xf81f,
0xf81f, 0xf81f, 0xf81f, 0xf81f, 0xf81f, 0xf81f, 0xf81f, 0xf81f, 0xf81f, 0xf81f,
0xf81f, 0xf81f, 0xf81f, 0xf81f, 0xf81f, 0x4a71, 0x422f, 0x422f, 0x31ac, 0x31ac,
0x31ac, 0x2128, 0x0000, 0xf81f, 0xf81f, 0xf81f, 0xf81f, 0xf81f, 0xf81f, 0xf81f,
0xf81f, 0xf81f, 0xf81f, 0xf81f, 0xf81f, 0xf81f, 0xf81f, 0xf81f, 0xf81f, 0xf81f,
0x2128, 0x2128, 0x2128, 0x4a71, 0x5ad3, 0x4a71, 0x4a71, 0x4a71, 0x422f, 0x422f,
0x31ac, 0x0000, 0xf81f, 0xf81f, 0xf81f, 0xf81f, 0xf81f, 0xf81f, 0xf81f, 0xf81f,
0xf81f, 0xf81f, 0xf81f, 0xf81f, 0x0000, 0x0000, 0x0000, 0xf81f, 0x0000, 0x0000,
0x422f, 0x31ac, 0x2128, 0x10a4, 0xf81f, 0xf81f, 0xf81f, 0xf81f, 0xf81f, 0xf81f,
0xf81f, 0xf81f, 0xf81f, 0xf81f, 0xf81f, 0xf81f, 0xf81f, 0xf81f, 0xf81f, 0xf81f,
0x2128, 0x31ac, 0x2128, 0x10a4, 0x4a71, 0x4a71, 0x4a71, 0x422f, 0x31ac, 0xf81f,
0xf81f, 0xf81f, 0xf81f, 0xf81f, 0xf81f, 0xf81f, 0xf81f, 0xf81f, 0xf81f, 0xf81f,
0xf81f, 0xf81f, 0x4a71, 0x422f, 0x4a71, 0x422f, 0x31ac, 0x0000, 0xf81f, 0xf81f,
0xf81f, 0xf81f, 0xf81f, 0xf81f, 0xf81f, 0xf81f, 0xf81f, 0xf81f, 0xf81f, 0xf81f,
0xf81f, 0xf81f, 0xf81f, 0x4a71, 0x4a71, 0x31ac, 0x31ac, 0x2128, 0x2128, 0x0000,
0x0000, 0xf81f, 0xf81f, 0xf81f, 0xf81f, 0xf81f, 0xf81f, 0xf81f, 0xf81f, 0xf81f,
0xf81f, 0xf81f, 
0xf81f, 0xf81f, 0xf81f, 0xf81f, 0xf81f, 0x422f, 0x31ac, 0x31ac, 0x10a4, 0x10a4,
0x0000, 0xf81f, 0xf81f, 0xf81f, 0xf81f, 0xf81f, 0xf81f, 0xf81f, 0xf81f, 0xf81f,
0xf81f, 0xf81f, 0xf81f, 0xf81f, 0xf81f, 0xf81f, 0xf81f, 0x4a71, 0x2128, 0x2128,
0x0000, 0xf81f, 0x0000, 0x0000, 0x0000, 0xf81f, 0xf81f, 0xf81f, 0xf81f, 0xf81f,
0xf81f, 0xf81f, 0xf81f, 0xf81f, 0xf81f, 0xf81f, 0xf81f, 0xf81f, 0xf81f, 0xf81f,
0xf81f, 0xf81f, 0xf81f, 0xf81f, 0xf81f, 0x422f, 0x422f, 0x31ac, 0x2128, 0x31ac,
0x31ac, 0xf81f, 0xf81f, 0xf81f, 0xf81f, 0xf81f, 0xf81f, 0xf81f, 0xf81f, 0xf81f,
0xf81f, 0xf81f, 0xf81f, 0xf81f, 0xf81f, 0xf81f, 0xf81f, 0xf81f, 0xf81f, 0xf81f,
0xf81f, 0xf81f, 0xf81f, 0x422f, 0x422f, 0x422f, 0x422f, 0x422f, 0x31ac, 0x31ac,
0x2128, 0xf81f, 0xf81f, 0xf81f, 0xf81f, 0xf81f, 0xf81f, 0xf81f, 0xf81f, 0xf81f,
0xf81f, 0xf81f, 0xf81f, 0xf81f, 0xf81f, 0xf81f, 0xf81f, 0xf81f, 0xf81f, 0xf81f,
0x10a4, 0x2128, 0x0000, 0xf81f, 0xf81f, 0xf81f, 0xf81f, 0xf81f, 0xf81f, 0xf81f,
0xf81f, 0xf81f, 0xf81f, 0xf81f, 0xf81f, 0xf81f, 0xf81f, 0xf81f, 0xf81f, 0xf81f,
0x31ac, 0x2128, 0x10a4, 0x2128, 0x4a71, 0x4a71, 0x422f, 0x31ac, 0xf81f, 0xf81f,
0xf81f, 0xf81f, 0xf81f, 0xf81f, 0xf81f, 0xf81f, 0xf81f, 0xf81f, 0xf81f, 0xf81f,
0xf81f, 0x422f, 0x4a71, 0x422f, 0x31ac, 0x2128, 0x10a4, 0x0000, 0xf81f, 0xf81f,
0xf81f, 0xf81f, 0xf81f, 0xf81f, 0xf81f, 0xf81f, 0xf81f, 0xf81f, 0xf81f, 0xf81f,
0xf81f, 0xf81f, 0x4a71, 0x4a71, 0x422f, 0x422f, 0x10a4, 0x0000, 0x31ac, 0x2128,
0xf81f, 0xf81f, 0xf81f, 0xf81f, 0xf81f, 0xf81f, 0xf81f, 0xf81f, 0xf81f, 0xf81f,
0xf81f, 0xf81f, 
0xf81f, 0xf81f, 0xf81f, 0xf81f, 0xf81f, 0x2128, 0x31ac, 0x2128, 0x2128, 0x10a4,
0x10a4, 0xf81f, 0xf81f, 0xf81f, 0xf81f, 0xf81f, 0xf81f, 0xf81f, 0xf81f, 0xf81f,
0xf81f, 0xf81f, 0xf81f, 0xf81f, 0xf81f, 0xf81f, 0xf81f, 0x10a4, 0x0000, 0xf81f,
0xf81f, 0xf81f, 0xf81f, 0xf81f, 0xf81f, 0xf81f, 0xf81f, 0xf81f, 0xf81f, 0xf81f,
0xf81f, 0xf81f, 0xf81f, 0xf81f, 0xf81f, 0xf81f, 0xf81f, 0xf81f, 0xf81f, 0xf81f,
0xf81f, 0xf81f, 0xf81f, 0xf81f, 0x422f, 0x31ac, 0x2128, 0x10a4, 0x0000, 0xf81f,
0xf81f, 0xf81f, 0xf81f, 0xf81f, 0xf81f, 0xf81f, 0xf81f, 0xf81f, 0xf81f, 0xf81f,
0xf81f, 0xf81f, 0xf81f, 0xf81f, 0xf81f, 0xf81f, 0xf81f, 0xf81f, 0xf81f, 0xf81f,
0xf81f, 0xf81f, 0xf81f, 0xf81f, 0x31ac, 0x31ac, 0x31ac, 0x31ac, 0x2128, 0xf81f,
0xf81f, 0xf81f, 0xf81f, 0xf81f, 0xf81f, 0xf81f, 0xf81f, 0xf81f, 0xf81f, 0xf81f,
0xf81f, 0xf81f, 0xf81f, 0xf81f, 0xf81f, 0xf81f, 0xf81f, 0xf81f, 0xf81f, 0xf81f,
0xf81f, 0xf81f, 0xf81f, 0xf81f, 0xf81f, 0xf81f, 0xf81f, 0xf81f, 0xf81f, 0xf81f,
0xf81f, 0xf81f, 0xf81f, 0xf81f, 0xf81f, 0xf81f, 0xf81f, 0xf81f, 0xf81f, 0xf81f,
0xf81f, 0xf81f, 0x31ac, 0x4a71, 0x422f, 0x31ac, 0x31ac, 0xf81f, 0xf81f, 0xf81f,
0xf81f, 0xf81f, 0xf81f, 0xf81f, 0xf81f, 0xf81f, 0xf81f, 0xf81f, 0xf81f, 0xf81f,
0xf81f, 0x4a71, 0x4a71, 0x422f, 0x31ac, 0x10a4, 0x0000, 0x4a71, 0x422f, 0xf81f,
0xf81f, 0xf81f, 0xf81f, 0xf81f, 0xf81f, 0xf81f, 0xf81f, 0xf81f, 0xf81f, 0xf81f,
0xf81f, 0xf81f, 0xf81f, 0x422f, 0x422f, 0x422f, 0x31ac, 0x2128, 0x31ac, 0x31ac,
0x10a4, 0xf81f, 0xf81f, 0xf81f, 0xf81f, 0xf81f, 0xf81f, 0xf81f, 0xf81f, 0xf81f,
0xf81f, 0xf81f, 
0xf81f, 0xf81f, 0xf81f, 0xf81f, 0xf81f, 0xf81f, 0xf81f, 0x2128, 0x10a4, 0x0000,
0x0000, 0xf81f, 0xf81f, 0xf81f, 0xf81f, 0xf81f, 0xf81f, 0xf81f, 0xf81f, 0xf81f,
0xf81f, 0xf81f, 0xf81f, 0xf81f, 0xf81f, 0xf81f, 0xf81f, 0xf81f, 0xf81f, 0xf81f,
0xf81f, 0xf81f, 0xf81f, 0xf81f, 0xf81f, 0xf81f, 0xf81f, 0xf81f, 0xf81f, 0xf81f,
0xf81f, 0xf81f, 0xf81f, 0xf81f, 0xf81f, 0xf81f, 0xf81f, 0xf81f, 0xf81f, 0xf81f,
0xf81f, 0xf81f, 0xf81f, 0xf81f, 0x2128, 0x10a4, 0x0000, 0xf81f, 0xf81f, 0xf81f,
0xf81f, 0xf81f, 0xf81f, 0xf81f, 0xf81f, 0xf81f, 0xf81f, 0xf81f, 0xf81f, 0xf81f,
0xf81f, 0xf81f, 0xf81f, 0xf81f, 0xf81f, 0xf81f, 0xf81f, 0xf81f, 0xf81f, 0xf81f,
0xf81f, 0xf81f, 0xf81f, 0xf81f, 0xf81f, 0xf81f, 0xf81f, 0xf81f, 0xf81f, 0xf81f,
0xf81f, 0xf81f, 0xf81f, 0xf81f, 0xf81f, 0xf81f, 0xf81f, 0xf81f, 0xf81f, 0xf81f,
0xf81f, 0xf81f, 0xf81f, 0xf81f, 0xf81f, 0xf81f, 0xf81f, 0xf81f, 0xf81f, 0xf81f,
0xf81f, 0xf81f, 0xf81f, 0xf81f, 0xf81f, 0xf81f, 0xf81f, 0xf81f, 0xf81f, 0xf81f,
0xf81f, 0xf81f, 0xf81f, 0xf81f, 0xf81f, 0xf81f, 0xf81f, 0xf81f, 0xf81f, 0xf81f,
0xf81f, 0xf81f, 0xf81f, 0x2128, 0x2128, 0x10a4, 0xf81f, 0xf81f, 0xf81f, 0xf81f,
0xf81f, 0xf81f, 0xf81f, 0xf81f, 0xf81f, 0xf81f, 0xf81f, 0xf81f, 0xf81f, 0xf81f,
0xf81f, 0x422f, 0x422f, 0x422f, 0x422f, 0x422f, 0x422f, 0x422f, 0x31ac, 0x10a4,
0xf81f, 0xf81f, 0xf81f, 0xf81f, 0xf81f, 0xf81f, 0xf81f, 0xf81f, 0xf81f, 0xf81f,
0xf81f, 0xf81f, 0xf81f, 0xf81f, 0x31ac, 0x31ac, 0x31ac, 0x31ac, 0x31ac, 0x31ac,
0x2128, 0xf81f, 0xf81f, 0xf81f, 0xf81f, 0xf81f, 0xf81f, 0xf81f, 0xf81f, 0xf81f,
0xf81f, 0xf81f, 
0xf81f, 0xf81f, 0xf81f, 0xf81f, 0xf81f, 0xf81f, 0xf81f, 0xf81f, 0xf81f, 0xf81f,
0xf81f, 0xf81f, 0xf81f, 0xf81f, 0xf81f, 0xf81f, 0xf81f, 0xf81f, 0xf81f, 0xf81f,
0xf81f, 0xf81f, 0xf81f, 0xf81f, 0xf81f, 0xf81f, 0xf81f, 0xf81f, 0xf81f, 0xf81f,
0xf81f, 0xf81f, 0xf81f, 0xf81f, 0xf81f, 0xf81f, 0xf81f, 0xf81f, 0xf81f, 0xf81f,
0xf81f, 0xf81f, 0xf81f, 0xf81f, 0xf81f, 0xf81f, 0xf81f, 0xf81f, 0xf81f, 0xf81f,
0xf81f, 0xf81f, 0xf81f, 0xf81f, 0xf81f, 0xf81f, 0xf81f, 0xf81f, 0xf81f, 0xf81f,
0xf81f, 0xf81f, 0xf81f, 0xf81f, 0xf81f, 0xf81f, 0xf81f, 0xf81f, 0xf81f, 0xf81f,
0xf81f, 0xf81f, 0xf81f, 0xf81f, 0xf81f, 0xf81f, 0xf81f, 0xf81f, 0xf81f, 0xf81f,
0xf81f, 0xf81f, 0xf81f, 0xf81f, 0xf81f, 0xf81f, 0xf81f, 0xf81f, 0xf81f, 0xf81f,
0xf81f, 0xf81f, 0xf81f, 0xf81f, 0xf81f, 0xf81f, 0xf81f, 0xf81f, 0xf81f, 0xf81f,
0xf81f, 0xf81f, 0xf81f, 0xf81f, 0xf81f, 0xf81f, 0xf81f, 0xf81f, 0xf81f, 0xf81f,
0xf81f, 0xf81f, 0xf81f, 0xf81f, 0xf81f, 0xf81f, 0xf81f, 0xf81f, 0xf81f, 0xf81f,
0xf81f, 0xf81f, 0xf81f, 0xf81f, 0xf81f, 0xf81f, 0xf81f, 0xf81f, 0xf81f, 0xf81f,
0xf81f, 0xf81f, 0xf81f, 0xf81f, 0xf81f, 0xf81f, 0xf81f, 0xf81f, 0xf81f, 0xf81f,
0xf81f, 0xf81f, 0xf81f, 0xf81f, 0xf81f, 0xf81f, 0xf81f, 0xf81f, 0xf81f, 0xf81f,
0xf81f, 0xf81f, 0xf81f, 0x31ac, 0x31ac, 0x31ac, 0x31ac, 0x2128, 0x10a4, 0x0000,
0xf81f, 0xf81f, 0xf81f, 0xf81f, 0xf81f, 0xf81f, 0xf81f, 0xf81f, 0xf81f, 0xf81f,
0xf81f, 0xf81f, 0xf81f, 0xf81f, 0xf81f, 0xf81f, 0x2128, 0x2128, 0x10a4, 0x0000,
0xf81f, 0xf81f, 0xf81f, 0xf81f, 0xf81f, 0xf81f, 0xf81f, 0xf81f, 0xf81f, 0xf81f,
0xf81f, 0xf81f, 
0xf81f, 0xf81f, 0xf81f, 0xf81f, 0xf81f, 0xf81f, 0xf81f, 0xf81f, 0xf81f, 0xf81f,
0xf81f, 0xf81f, 0xf81f, 0xf81f, 0xf81f, 0xf81f, 0xf81f, 0xf81f, 0xf81f, 0xf81f,
0xf81f, 0xf81f, 0xf81f, 0xf81f, 0xf81f, 0xf81f, 0xf81f, 0xf81f, 0xf81f, 0xf81f,
0xf81f, 0xf81f, 0xf81f, 0xf81f, 0xf81f, 0xf81f, 0xf81f, 0xf81f, 0xf81f, 0xf81f,
0xf81f, 0xf81f, 0xf81f, 0xf81f, 0xf81f, 0xf81f, 0xf81f, 0xf81f, 0xf81f, 0xf81f,
0xf81f, 0xf81f, 0xf81f, 0xf81f, 0xf81f, 0xf81f, 0xf81f, 0xf81f, 0xf81f, 0xf81f,
0xf81f, 0xf81f, 0xf81f, 0xf81f, 0xf81f, 0xf81f, 0xf81f, 0xf81f, 0xf81f, 0xf81f,
0xf81f, 0xf81f, 0xf81f, 0xf81f, 0xf81f, 0xf81f, 0xf81f, 0xf81f, 0xf81f, 0xf81f,
0xf81f, 0xf81f, 0xf81f, 0xf81f, 0xf81f, 0xf81f, 0xf81f, 0xf81f, 0xf81f, 0xf81f,
0xf81f, 0xf81f, 0xf81f, 0xf81f, 0xf81f, 0xf81f, 0xf81f, 0xf81f, 0xf81f, 0xf81f,
0xf81f, 0xf81f, 0xf81f, 0xf81f, 0xf81f, 0xf81f, 0xf81f, 0xf81f, 0xf81f, 0xf81f,
0xf81f, 0xf81f, 0xf81f, 0xf81f, 0xf81f, 0xf81f, 0xf81f, 0xf81f, 0xf81f, 0xf81f,
0xf81f, 0xf81f, 0xf81f, 0xf81f, 0xf81f, 0xf81f, 0xf81f, 0xf81f, 0xf81f, 0xf81f,
0xf81f, 0xf81f, 0xf81f, 0xf81f, 0xf81f, 0xf81f, 0xf81f, 0xf81f, 0xf81f, 0xf81f,
0xf81f, 0xf81f, 0xf81f, 0xf81f, 0xf81f, 0xf81f, 0xf81f, 0xf81f, 0xf81f, 0xf81f,
0xf81f, 0xf81f, 0xf81f, 0xf81f, 0xf81f, 0xf81f, 0xf81f, 0xf81f, 0xf81f, 0xf81f,
0xf81f, 0xf81f, 0xf81f, 0xf81f, 0xf81f, 0xf81f, 0xf81f, 0xf81f, 0xf81f, 0xf81f,
0xf81f, 0xf81f, 0xf81f, 0xf81f, 0xf81f, 0xf81f, 0xf81f, 0xf81f, 0xf81f, 0xf81f,
0xf81f, 0xf81f, 0xf81f, 0xf81f, 0xf81f, 0xf81f, 0xf81f, 0xf81f, 0xf81f, 0xf81f,
0xf81f, 0xf81f, 
0xf81f, 0xf81f, 0xf81f, 0xf81f, 0xf81f, 0xf81f, 0xf81f, 0xf81f, 0xf81f, 0x50c0,
0x7100, 0x8940, 0x7100, 0x68e0, 0x50c0, 0xf81f, 0xf81f, 0xf81f, 0xf81f, 0xf81f,
0xf81f, 0xf81f, 0xf81f, 0xf81f, 0xf81f, 0xf81f, 0xf81f, 0xf81f, 0xf81f, 0xf81f,
0xf81f, 0xf81f, 0xf81f, 0xf81f, 0x68e0, 0x8940, 0x7100, 0x68e0, 0x50c0, 0xf81f,
0xf81f, 0xf81f, 0xf81f, 0xf81f, 0xf81f, 0xf81f, 0xf81f, 0xf81f, 0xf81f, 0xf81f,
0xf81f, 0xf81f, 0xf81f, 0xf81f, 0xf81f, 0xf81f, 0xf81f, 0xf81f, 0x68e0, 0x68e0,
0x68e0, 0x50c0, 0xf81f, 0xf81f, 0xf81f, 0xf81f, 0xf81f, 0xf81f, 0xf81f, 0xf81f,
0xf81f, 0xf81f, 0xf81f, 0xf81f, 0xf81f, 0xf81f, 0xf81f, 0xf81f, 0xf81f, 0xf81f,
0xf81f, 0x50c0, 0x7100, 0x8940, 0x7100, 0x68e0, 0x50c0, 0xf81f, 0xf81f, 0xf81f,
0xf81f, 0xf81f, 0xf81f, 0xf81f, 0xf81f, 0xf81f, 0xf81f, 0xf81f, 0xf81f, 0xf81f,
0xf81f, 0xf81f, 0xf81f, 0xf81f, 0xf81f, 0x50c0, 0x7100, 0x8940, 0x7100, 0x68e0,
0x50c0, 0xf81f, 0xf81f, 0xf81f, 0xf81f, 0xf81f, 0xf81f, 0xf81f, 0xf81f, 0xf81f,
0xf81f, 0xf81f, 0xf81f, 0xf81f, 0xf81f, 0xf81f, 0xf81f, 0xf81f, 0xf81f, 0x50c0,
0x7100, 0x8940, 0x7100, 0x68e0, 0x50c0, 0xf81f, 0xf81f, 0xf81f, 0xf81f, 0xf81f,
0xf81f, 0xf81f, 0xf81f, 0xf81f, 0xf81f, 0xf81f, 0xf81f, 0xf81f, 0xf81f, 0xf81f,
0xf81f, 0xf81f, 0xf81f, 0xf81f, 0x50c0, 0x68e0, 0x7100, 0x50c0, 0xf81f, 0xf81f,
0xf81f, 0xf81f, 0xf81f, 0xf81f, 0xf81f, 0xf81f, 0xf81f, 0xf81f, 0xf81f, 0xf81f,
0xf81f, 0xf81f, 0xf81f, 0xf81f, 0xf81f, 0xf81f, 0xf81f, 0x68e0, 0x7100, 0x8940,
0x7100, 0x68e0, 0xf81f, 0xf81f, 0xf81f, 0xf81f, 0xf81f, 0xf81f, 0xf81f, 0xf81f,
0xf81f, 0xf81f, 
0xf81f, 0xf81f, 0xf81f, 0xf81f, 0xf81f, 0xf81f, 0xf81f, 0xf81f, 0xf81f, 0x7100,
0xa2e7, 0x8940, 0x8940, 0x7100, 0x68e0, 0xf81f, 0xf81f, 0xf81f, 0xf81f, 0xf81f,
0xf81f, 0xf81f, 0xf81f, 0xf81f, 0xf81f, 0xf81f, 0xf81f, 0xf81f, 0xf81f, 0xf81f,
0xf81f, 0xf81f, 0xf81f, 0x68e0, 0x8940, 0xa2e7, 0x8940, 0x7100, 0x68e0, 0x50c0,
0xf81f, 0xf81f, 0xf81f, 0xf81f, 0xf81f, 0xf81f, 0xf81f, 0xf81f, 0xf81f, 0xf81f,
0xf81f, 0xf81f, 0xf81f, 0xf81f, 0xf81f, 0xf81f, 0xf81f, 0x7100, 0xa2e7, 0x8940,
0x8940, 0x68e0, 0x50c0, 0xf81f, 0xf81f, 0xf81f, 0xf81f, 0xf81f, 0xf81f, 0xf81f,
0xf81f, 0xf81f, 0xf81f, 0xf81f, 0xf81f, 0xf81f, 0xf81f, 0xf81f, 0xf81f, 0xf81f,
0xf81f, 0x7100, 0xa2e7, 0x8940, 0x8940, 0x7100, 0x68e0, 0xf81f, 0xf81f, 0xf81f,
0xf81f, 0xf81f, 0xf81f, 0xf81f, 0xf81f, 0xf81f, 0xf81f, 0xf81f, 0xf81f, 0xf81f,
0xf81f, 0xf81f, 0xf81f, 0xf81f, 0xf81f, 0x7100, 0xa2e7, 0x8940, 0x8940, 0x7100,
0x68e0, 0xf81f, 0xf81f, 0xf81f, 0xf81f, 0xf81f, 0xf81f, 0xf81f, 0xf81f, 0xf81f,
0xf81f, 0xf81f, 0xf81f, 0xf81f, 0xf81f, 0xf81f, 0xf81f, 0xf81f, 0xf81f, 0x7100,
0xa2e7, 0x8940, 0x8940, 0x7100, 0x68e0, 0xf81f, 0xf81f, 0xf81f, 0xf81f, 0xf81f,
0xf81f, 0xf81f, 0xf81f, 0xf81f, 0xf81f, 0xf81f, 0xf81f, 0xf81f, 0xf81f, 0xf81f,
0xf81f, 0xf81f, 0xf81f, 0x8940, 0xa2e7, 0x8940, 0x8940, 0x7100, 0x50c0, 0xf81f,
0xf81f, 0xf81f, 0xf81f, 0xf81f, 0xf81f, 0xf81f, 0xf81f, 0xf81f, 0xf81f, 0xf81f,
0xf81f, 0xf81f, 0xf81f, 0xf81f, 0xf81f, 0xf81f, 0x68e0, 0x8940, 0x8940, 0x8940,
0x7100, 0x7100, 0x68e0, 0xf81f, 0xf81f, 0xf81f, 0xf81f, 0xf81f, 0xf81f, 0xf81f,
0xf81f, 0xf81f, 
0xf81f, 0xf81f, 0xf81f, 0xf81f, 0xf81f, 0xf81f, 0xf81f, 0xf81f, 0xf81f, 0x7100,
0xa2e7, 0x8940, 0x8940, 0x7100, 0x68e0, 0xf81f, 0xf81f, 0xf81f, 0xf81f, 0xf81f,
0xf81f, 0xf81f, 0xf81f, 0xf81f, 0xf81f, 0xf81f, 0xf81f, 0xf81f, 0xf81f, 0xf81f,
0xf81f, 0xf81f, 0xf81f, 0x8940, 0xa2e7, 0x8940, 0x8940, 0x7100, 0x68e0, 0x50c0,
0xf81f, 0xf81f, 0xf81f, 0xf81f, 0xf81f, 0xf81f, 0xf81f, 0xf81f, 0xf81f, 0xf81f,
0xf81f, 0xf81f, 0xf81f, 0xf81f, 0xf81f, 0xf81f, 0xf81f, 0x7100, 0xa2e7, 0x8940,
0x8940, 0x7100, 0x68e0, 0x2040, 0xf81f, 0xf81f, 0xf81f, 0xf81f, 0xf81f, 0xf81f,
0xf81f, 0xf81f, 0xf81f, 0xf81f, 0xf81f, 0xf81f, 0xf81f, 0xf81f, 0xf81f, 0xf81f,
0xf81f, 0x7100, 0xa2e7, 0x8940, 0x8940, 0x8940, 0x7100, 0x50c0, 0xf81f, 0xf81f,
0xf81f, 0xf81f, 0xf81f, 0xf81f, 0xf81f, 0xf81f, 0xf81f, 0xf81f, 0xf81f, 0xf81f,
0xf81f, 0xf81f, 0xf81f, 0xf81f, 0xf81f, 0x7100, 0xa2e7, 0x8940, 0x8940, 0x7100,
0x68e0, 0xf81f, 0xf81f, 0xf81f, 0xf81f, 0xf81f, 0xf81f, 0xf81f, 0xf81f, 0xf81f,
0xf81f, 0xf81f, 0xf81f, 0xf81f, 0xf81f, 0xf81f, 0xf81f, 0xf81f, 0x50c0, 0xa2e7,
0x8940, 0x8940, 0x7100, 0x7100, 0x68e0, 0xf81f, 0xf81f, 0xf81f, 0xf81f, 0xf81f,
0xf81f, 0xf81f, 0xf81f, 0xf81f, 0xf81f, 0xf81f, 0xf81f, 0xf81f, 0xf81f, 0xf81f,
0xf81f, 0xf81f, 0x68e0, 0xa2e7, 0x8940, 0x8940, 0x7100, 0x7100, 0x68e0, 0xf81f,
0xf81f, 0xf81f, 0xf81f, 0xf81f, 0xf81f, 0xf81f, 0xf81f, 0xf81f, 0xf81f, 0xf81f,
0xf81f, 0xf81f, 0xf81f, 0xf81f, 0xf81f, 0xf81f, 0x8940, 0xa2e7, 0x8940, 0x8940,
0x7100, 0x7100, 0x68e0, 0xf81f, 0xf81f, 0xf81f, 0xf81f, 0xf81f, 0xf81f, 0xf81f,
0xf81f, 0xf81f, 
0xf81f, 0xf81f, 0xf81f, 0xf81f, 0xf81f, 0xf81f, 0xf81f, 0xf81f, 0xf81f, 0x7100,
0xa2e7, 0x8940, 0x8940, 0x7100, 0x68e0, 0xf81f, 0xf81f, 0xf81f, 0xf81f, 0xf81f,
0xf81f, 0xf81f, 0xf81f, 0xf81f, 0xf81f, 0xf81f, 0xf81f, 0xf81f, 0xf81f, 0xf81f,
0xf81f, 0xf81f, 0xf81f, 0x8940, 0xa2e7, 0x8940, 0x8940, 0x7100, 0x68e0, 0x07e0,
0xf81f, 0xf81f, 0xf81f, 0xf81f, 0xf81f, 0xf81f, 0xf81f, 0xf81f, 0xf81f, 0xf81f,
0xf81f, 0xf81f, 0xf81f, 0xf81f, 0xf81f, 0xf81f, 0xf81f, 0x68e0, 0xa2e7, 0x8940,
0x8940, 0x7100, 0x68e0, 0x07e0, 0xf81f, 0xf81f, 0xf81f, 0xf81f, 0xf81f, 0xf81f,
0xf81f, 0xf81f, 0xf81f, 0xf81f, 0xf81f, 0xf81f, 0xf81f, 0xf81f, 0xf81f, 0xf81f,
0xf81f, 0x7100, 0xa2e7, 0x8940, 0x8940, 0x8940, 0x7100, 0x50c0, 0xf81f, 0xf81f,
0xf81f, 0xf81f, 0xf81f, 0xf81f, 0xf81f, 0xf81f, 0xf81f, 0xf81f, 0xf81f, 0xf81f,
0xf81f, 0xf81f, 0xf81f, 0xf81f, 0xf81f, 0x7100, 0xa2e7, 0x8940, 0x8940, 0x7100,
0x68e0, 0xf81f, 0xf81f, 0xf81f, 0xf81f, 0xf81f, 0xf81f, 0xf81f, 0xf81f, 0xf81f,
0xf81f, 0xf81f, 0xf81f, 0xf81f, 0xf81f, 0xf81f, 0xf81f, 0xf81f, 0x68e0, 0xa2e7,
0x8940, 0x8940, 0x7100, 0x7100, 0x68e0, 0xf81f, 0xf81f, 0xf81f, 0xf81f, 0xf81f,
0xf81f, 0xf81f, 0xf81f, 0xf81f, 0xf81f, 0xf81f, 0xf81f, 0xf81f, 0xf81f, 0xf81f,
0xf81f, 0xf81f, 0x07e0, 0x8940, 0xa2e7, 0x8940, 0x7100, 0x7100, 0x68e0, 0xf81f,
0xf81f, 0xf81f, 0xf81f, 0xf81f, 0xf81f, 0xf81f, 0xf81f, 0xf81f, 0xf81f, 0xf81f,
0xf81f, 0xf81f, 0xf81f, 0xf81f, 0xf81f, 0xf81f, 0x07e0, 0x8940, 0x8940, 0x8940,
0x7100, 0x7100, 0x68e0, 0xf81f, 0xf81f, 0xf81f, 0xf81f, 0xf81f, 0xf81f, 0xf81f,
0xf81f, 0xf81f, 
0xf81f, 0xf81f, 0xf81f, 0xf81f, 0xf81f, 0xf81f, 0xf81f, 0xf81f, 0xf81f, 0x7100,
0x8940, 0x8940, 0x7100, 0x7100, 0x68e0, 0xf81f, 0xf81f, 0xf81f, 0xf81f, 0xf81f,
0xf81f, 0xf81f, 0xf81f, 0xf81f, 0xf81f, 0xf81f, 0xf81f, 0xf81f, 0xf81f, 0xf81f,
0xf81f, 0xf81f, 0xf81f, 0x8940, 0xa2e7, 0x8940, 0x8940, 0x8940, 0x07e0, 0x07e0,
0xf81f, 0xf81f, 0xf81f, 0xf81f, 0xf81f, 0xf81f, 0xf81f, 0xf81f, 0xf81f, 0xf81f,
0xf81f, 0xf81f, 0xf81f, 0xf81f, 0xf81f, 0xf81f, 0xf81f, 0x68e0, 0x8940, 0x07e0,
0x07e0, 0x07e0, 0x07e0, 0x07e0, 0x50c0, 0xf81f, 0xf81f, 0xf81f, 0xf81f, 0xf81f,
0xf81f, 0xf81f, 0xf81f, 0xf81f, 0xf81f, 0xf81f, 0xf81f, 0xf81f, 0xf81f, 0xf81f,
0xf81f, 0x07e0, 0x07e0, 0x07e0, 0x07e0, 0x07e0, 0x07e0, 0x07e0, 0xf81f, 0xf81f,
0xf81f, 0xf81f, 0xf81f, 0xf81f, 0xf81f, 0xf81f, 0xf81f, 0xf81f, 0xf81f, 0xf81f,
0xf81f, 0xf81f, 0xf81f, 0xf81f, 0xf81f, 0x07e0, 0x07e0, 0x07e0, 0x07e0, 0x07e0,
0x07e0, 0xf81f, 0xf81f, 0xf81f, 0xf81f, 0xf81f, 0xf81f, 0xf81f, 0xf81f, 0xf81f,
0xf81f, 0xf81f, 0xf81f, 0xf81f, 0xf81f, 0xf81f, 0xf81f, 0xf81f, 0x07e0, 0x07e0,
0x07e0, 0x07e0, 0x07e0, 0x07e0, 0x07e0, 0xf81f, 0xf81f, 0xf81f, 0xf81f, 0xf81f,
0xf81f, 0xf81f, 0xf81f, 0xf81f, 0xf81f, 0xf81f, 0xf81f, 0xf81f, 0xf81f, 0xf81f,
0xf81f, 0x8940, 0x07e0, 0x07e0, 0x07e0, 0x07e0, 0x07e0, 0x7100, 0x68e0, 0xf81f,
0xf81f, 0xf81f, 0xf81f, 0xf81f, 0xf81f, 0xf81f, 0xf81f, 0xf81f, 0xf81f, 0xf81f,
0xf81f, 0xf81f, 0xf81f, 0xf81f, 0xf81f, 0xf81f, 0x07e0, 0x07e0, 0xa2e7, 0x7100,
0x7100, 0x7100, 0x68e0, 0xf81f, 0xf81f, 0xf81f, 0xf81f, 0xf81f, 0xf81f, 0xf81f,
0xf81f, 0xf81f, 
0xf81f, 0xf81f, 0xf81f, 0xf81f, 0xf81f, 0xf81f, 0xf81f, 0xf81f, 0xf81f, 0x7100,
0x8940, 0x8940, 0x7100, 0x7100, 0x68e0, 0x0000, 0xf81f, 0xf81f, 0xf81f, 0xf81f,
0xf81f, 0xf81f, 0xf81f, 0xf81f, 0xf81f, 0xf81f, 0xf81f, 0xf81f, 0xf81f, 0xf81f,
0xf81f, 0xf81f, 0xf81f, 0x7100, 0x8940, 0x8940, 0x8940, 0x7100, 0x8940, 0x68e0,
0xf81f, 0xf81f, 0xf81f, 0xf81f, 0xf81f, 0xf81f, 0xf81f, 0xf81f, 0xf81f, 0xf81f,
0xf81f, 0xf81f, 0xf81f, 0xf81f, 0xf81f, 0xf81f, 0xf81f, 0x8940, 0xa2e7, 0x8940,
0x7100, 0x07e0, 0x07e0, 0x07e0, 0x68e0, 0xf81f, 0xf81f, 0xf81f, 0xf81f, 0xf81f,
0xf81f, 0xf81f, 0xf81f, 0xf81f, 0xf81f, 0xf81f, 0xf81f, 0xf81f, 0xf81f, 0xf81f,
0xf81f, 0x7100, 0x07e0, 0x07e0, 0xa2e7, 0x7100, 0x07e0, 0x07e0, 0xf81f, 0xf81f,
0xf81f, 0xf81f, 0xf81f, 0xf81f, 0xf81f, 0xf81f, 0xf81f, 0xf81f, 0xf81f, 0xf81f,
0xf81f, 0xf81f, 0xf81f, 0xf81f, 0xf81f, 0x07e0, 0x07e0, 0xa2e7, 0x7100, 0x07e0,
0x07e0, 0xf81f, 0xf81f, 0xf81f, 0xf81f, 0xf81f, 0xf81f, 0xf81f, 0xf81f, 0xf81f,
0xf81f, 0xf81f, 0xf81f, 0xf81f, 0xf81f, 0xf81f, 0xf81f, 0xf81f, 0x07e0, 0x07e0,
0xa2e7, 0x7100, 0x07e0, 0x07e0, 0x68e0, 0xf81f, 0xf81f, 0xf81f, 0xf81f, 0xf81f,
0xf81f, 0xf81f, 0xf81f, 0xf81f, 0xf81f, 0xf81f, 0xf81f, 0xf81f, 0xf81f, 0xf81f,
0xf81f, 0x68e0, 0x07e0, 0x07e0, 0x07e0, 0x7100, 0x7100, 0x8940, 0x8940, 0xf81f,
0xf81f, 0xf81f, 0xf81f, 0xf81f, 0xf81f, 0xf81f, 0xf81f, 0xf81f, 0xf81f, 0xf81f,
0xf81f, 0xf81f, 0xf81f, 0xf81f, 0xf81f, 0xf81f, 0x8940, 0xa2e7, 0x8940, 0x7100,
0x68e0, 0x68e0, 0x50c0, 0xf81f, 0xf81f, 0xf81f, 0xf81f, 0xf81f, 0xf81f, 0xf81f,
0xf81f, 0xf81f, 
0xf81f, 0xf81f, 0xf81f, 0xf81f, 0xf81f, 0xf81f, 0xf81f, 0xf81f, 0xf81f, 0x50c0,
0x8940, 0x68e0, 0x68e0, 0x68e0, 0x50c0, 0x4000, 0xf81f, 0xf81f, 0xf81f, 0xf81f,
0xf81f, 0xf81f, 0xf81f, 0xf81f, 0xf81f, 0xf81f, 0xf81f, 0xf81f, 0xf81f, 0xf81f,
0xf81f, 0xf81f, 0xf81f, 0x68e0, 0x8940, 0x68e0, 0x68e0, 0x7100, 0x68e0, 0x68e0,
0xf81f, 0xf81f, 0xf81f, 0xf81f, 0xf81f, 0xf81f, 0xf81f, 0xf81f, 0xf81f, 0xf81f,
0xf81f, 0xf81f, 0xf81f, 0xf81f, 0xf81f, 0xf81f, 0xf81f, 0x7100, 0x8940, 0x7100,
0x8940, 0x7100, 0x7100, 0x50c0, 0xf81f, 0xf81f, 0xf81f, 0xf81f, 0xf81f, 0xf81f,
0xf81f, 0xf81f, 0xf81f, 0xf81f, 0xf81f, 0xf81f, 0xf81f, 0xf81f, 0xf81f, 0xf81f,
0xf81f, 0x7100, 0x8940, 0x8940, 0x7100, 0x68e0, 0x68e0, 0x68e0, 0xf81f, 0xf81f,
0xf81f, 0xf81f, 0xf81f, 0xf81f, 0xf81f, 0xf81f, 0xf81f, 0xf81f, 0xf81f, 0xf81f,
0xf81f, 0xf81f, 0xf81f, 0xf81f, 0xf81f, 0x7100, 0x8940, 0x7100, 0x68e0, 0x68e0,
0x7100, 0x7800, 0xf81f, 0xf81f, 0xf81f, 0xf81f, 0xf81f, 0xf81f, 0xf81f, 0xf81f,
0xf81f, 0xf81f, 0xf81f, 0xf81f, 0xf81f, 0xf81f, 0xf81f, 0xf81f, 0x7100, 0x8940,
0x7100, 0x68e0, 0x68e0, 0x7100, 0x68e0, 0xf81f, 0xf81f, 0xf81f, 0xf81f, 0xf81f,
0xf81f, 0xf81f, 0xf81f, 0xf81f, 0xf81f, 0xf81f, 0xf81f, 0xf81f, 0xf81f, 0xf81f,
0xf81f, 0xf81f, 0x68e0, 0x7100, 0x8940, 0x8940, 0x7100, 0x8940, 0x50c0, 0xf81f,
0xf81f, 0xf81f, 0xf81f, 0xf81f, 0xf81f, 0xf81f, 0xf81f, 0xf81f, 0xf81f, 0xf81f,
0xf81f, 0xf81f, 0xf81f, 0xf81f, 0xf81f, 0xf81f, 0x8940, 0x8940, 0x7100, 0x68e0,
0x50c0, 0x50c0, 0x50c0, 0x738e, 0xf81f, 0xf81f, 0xf81f, 0xf81f, 0xf81f, 0xf81f,
0xf81f, 0xf81f, 
0xf81f, 0xf81f, 0xf81f, 0xf81f, 0xf81f, 0xf81f, 0xf81f, 0xf81f, 0x0000, 0x0000,
0x8940, 0x8940, 0x68e0, 0x68e0, 0x0000, 0x0000, 0x0000, 0xf81f, 0xf81f, 0xf81f,
0xf81f, 0xf81f, 0xf81f, 0xf81f, 0xf81f, 0xf81f, 0xf81f, 0xf81f, 0xf81f, 0xf81f,
0xf81f, 0xf81f, 0xf81f, 0xf81f, 0x7800, 0x8940, 0x68e0, 0x68e0, 0x68e0, 0x50c0,
0xf81f, 0xf81f, 0xf81f, 0xf81f, 0xf81f, 0xf81f, 0xf81f, 0xf81f, 0xf81f, 0xf81f,
0xf81f, 0xf81f, 0xf81f, 0xf81f, 0xf81f, 0xf81f, 0xf81f, 0x68e0, 0x7100, 0x8940,
0x8940, 0x8940, 0x8940, 0x3880, 0xc638, 0x738e, 0xf81f, 0xf81f, 0xf81f, 0xf81f,
0xf81f, 0xf81f, 0xf81f, 0xf81f, 0xf81f, 0xf81f, 0xf81f, 0xf81f, 0xf81f, 0xf81f,
0xf81f, 0x8940, 0xa2e7, 0x8940, 0x50c0, 0x50c0, 0x7100, 0x68e0, 0x7800, 0xc638,
0xa514, 0xf81f, 0xf81f, 0xf81f, 0xf81f, 0xf81f, 0xf81f, 0xf81f, 0xf81f, 0xf81f,
0xf81f, 0xf81f, 0xf81f, 0xf81f, 0x0000, 0x8940, 0xa2e7, 0x50c0, 0x50c0, 0x68e0,
0x7100, 0x7800, 0xc638, 0xa514, 0xf81f, 0xf81f, 0xf81f, 0xf81f, 0xf81f, 0xf81f,
0xf81f, 0xf81f, 0xf81f, 0xf81f, 0xf81f, 0xf81f, 0xf81f, 0xf81f, 0x8940, 0xa2e7,
0x50c0, 0x50c0, 0x68e0, 0x7100, 0x68e0, 0x7800, 0xc638, 0xf81f, 0xf81f, 0xf81f,
0xf81f, 0xf81f, 0xf81f, 0xf81f, 0xf81f, 0xf81f, 0xf81f, 0xf81f, 0xf81f, 0xf81f,
0xf81f, 0xf81f, 0x50c0, 0x8940, 0x7100, 0x7100, 0x7100, 0x68e0, 0x50c0, 0xc638,
0x738e, 0xf81f, 0xf81f, 0xf81f, 0xf81f, 0xf81f, 0xf81f, 0xf81f, 0xf81f, 0xf81f,
0xf81f, 0xf81f, 0xf81f, 0xf81f, 0xf81f, 0xf81f, 0x68e0, 0x8940, 0x8940, 0x68e0,
0x68e0, 0x50c0, 0x0000, 0x4000, 0xf81f, 0xf81f, 0xf81f, 0xf81f, 0xf81f, 0xf81f,
0xf81f, 0xf81f, 
0xf81f, 0xf81f, 0xf81f, 0xf81f, 0xf81f, 0xf81f, 0xf81f, 0xf81f, 0x9800, 0x0000,
0x0000, 0x0000, 0x0000, 0x7800, 0x0000, 0x0000, 0x4000, 0xf81f, 0xf81f, 0xf81f,
0xf81f, 0xf81f, 0xf81f, 0xf81f, 0xf81f, 0xf81f, 0xf81f, 0xf81f, 0xf81f, 0xf81f,
0xf81f, 0xf81f, 0x0000, 0x0000, 0x0000, 0x0000, 0x7800, 0x0000, 0x0000, 0x0000,
0x4000, 0xf81f, 0xf81f, 0xf81f, 0xf81f, 0xf81f, 0xf81f, 0xf81f, 0xf81f, 0xf81f,
0xf81f, 0xf81f, 0xf81f, 0xf81f, 0xf81f, 0xf81f, 0xf81f, 0xf81f, 0x50c0, 0x68e0,
0x8940, 0x7100, 0x8940, 0x68e0, 0x6000, 0x0000, 0xf81f, 0xf81f, 0xf81f, 0xf81f,
0xf81f, 0xf81f, 0xf81f, 0xf81f, 0xf81f, 0xf81f, 0xf81f, 0xf81f, 0xf81f, 0xf81f,
0x0000, 0x0000, 0x8940, 0xa2e7, 0xa2e7, 0x8940, 0x7100, 0x50c0, 0x7800, 0xa514,
0xa514, 0xf81f, 0xf81f, 0xf81f, 0xf81f, 0xf81f, 0xf81f, 0xf81f, 0xf81f, 0xf81f,
0xf81f, 0xf81f, 0xf81f, 0xf81f, 0x9800, 0x50c0, 0x8940, 0xa2e7, 0xa2e7, 0x7100,
0x50c0, 0x7800, 0x6000, 0xa514, 0xa514, 0xf81f, 0xf81f, 0xf81f, 0xf81f, 0xf81f,
0xf81f, 0xf81f, 0xf81f, 0xf81f, 0xf81f, 0xf81f, 0xf81f, 0xf81f, 0x50c0, 0x8940,
0xa2e7, 0xa2e7, 0x7100, 0x68e0, 0x0000, 0x7800, 0xc638, 0xa514, 0x0000, 0xf81f,
0xf81f, 0xf81f, 0xf81f, 0xf81f, 0xf81f, 0xf81f, 0xf81f, 0xf81f, 0xf81f, 0xf81f,
0xf81f, 0xf81f, 0x8940, 0xa2e7, 0x8940, 0x68e0, 0x50c0, 0x50c0, 0x0000, 0x7800,
0xa514, 0x0000, 0xf81f, 0xf81f, 0xf81f, 0xf81f, 0xf81f, 0xf81f, 0xf81f, 0xf81f,
0xf81f, 0xf81f, 0xf81f, 0xf81f, 0xf81f, 0xf81f, 0x0000, 0x0000, 0x0000, 0x0000,
0x0000, 0x7800, 0x0000, 0x0000, 0xf81f, 0xf81f, 0xf81f, 0xf81f, 0xf81f, 0xf81f,
0xf81f, 0xf81f, 
0xf81f, 0xf81f, 0xf81f, 0xf81f, 0xf81f, 0xf81f, 0xf81f, 0x9800, 0x9800, 0x9800,
0x0000, 0x0000, 0x0000, 0x7800, 0x6000, 0x6000, 0x4000, 0xf81f, 0xf81f, 0xf81f,
0xf81f, 0xf81f, 0xf81f, 0xf81f, 0xf81f, 0xf81f, 0xf81f, 0xf81f, 0xf81f, 0xf81f,
0xf81f, 0xf81f, 0x9800, 0x0000, 0x0000, 0x0000, 0x0000, 0x7800, 0x6000, 0x0000,
0x4000, 0xf81f, 0xf81f, 0xf81f, 0xf81f, 0xf81f, 0xf81f, 0xf81f, 0xf81f, 0xf81f,
0xf81f, 0xf81f, 0xf81f, 0xf81f, 0xf81f, 0xf81f, 0x0000, 0x0000, 0x0000, 0x0000,
0x7800, 0x0000, 0x0000, 0x7800, 0x6000, 0x0000, 0xf81f, 0xf81f, 0xf81f, 0xf81f,
0xf81f, 0xf81f, 0xf81f, 0xf81f, 0xf81f, 0xf81f, 0xf81f, 0xf81f, 0xf81f, 0x8800,
0x9800, 0x0000, 0x0000, 0x0000, 0x0000, 0x7800, 0x7800, 0x7800, 0x6000, 0x0000,
0x738e, 0xf81f, 0xf81f, 0xf81f, 0xf81f, 0xf81f, 0xf81f, 0xf81f, 0xf81f, 0xf81f,
0xf81f, 0xf81f, 0xf81f, 0x9800, 0x9800, 0x9800, 0x0000, 0x0000, 0x0000, 0x6000,
0x7800, 0x6000, 0x0000, 0xc638, 0xa514, 0xf81f, 0xf81f, 0xf81f, 0xf81f, 0xf81f,
0xf81f, 0xf81f, 0xf81f, 0xf81f, 0xf81f, 0xf81f, 0xf81f, 0xf81f, 0x9800, 0x0000,
0x0000, 0x0000, 0x0000, 0x7800, 0x7800, 0x6000, 0x4000, 0xa514, 0x0000, 0xf81f,
0xf81f, 0xf81f, 0xf81f, 0xf81f, 0xf81f, 0xf81f, 0xf81f, 0xf81f, 0xf81f, 0xf81f,
0xf81f, 0xf81f, 0x0000, 0x0000, 0x0000, 0x0000, 0x7800, 0x0000, 0x0000, 0x6000,
0x4000, 0x0000, 0xf81f, 0xf81f, 0xf81f, 0xf81f, 0xf81f, 0xf81f, 0xf81f, 0xf81f,
0xf81f, 0xf81f, 0xf81f, 0xf81f, 0xf81f, 0x8800, 0x9800, 0x0000, 0x0000, 0x0000,
0x0000, 0x7800, 0x6000, 0x0000, 0x4000, 0xf81f, 0xf81f, 0xf81f, 0xf81f, 0xf81f,
0xf81f, 0xf81f, 
0xf81f, 0xf81f, 0xf81f, 0xf81f, 0xf81f, 0xf81f, 0xf81f, 0x7800, 0xe71c, 0xe71c,
0xc638, 0x6000, 0x0000, 0x0000, 0x6000, 0x4000, 0x4000, 0x0000, 0xf81f, 0xf81f,
0xf81f, 0xf81f, 0xf81f, 0xf81f, 0xf81f, 0xf81f, 0xf81f, 0xf81f, 0xf81f, 0xf81f,
0xf81f, 0x9800, 0x9800, 0x9800, 0x0000, 0x0000, 0x0000, 0x7800, 0x6000, 0x6000,
0x4000, 0xf81f, 0xf81f, 0xf81f, 0xf81f, 0xf81f, 0xf81f, 0xf81f, 0xf81f, 0xf81f,
0xf81f, 0xf81f, 0xf81f, 0xf81f, 0xf81f, 0xf81f, 0x9800, 0x0000, 0x0000, 0x0000,
0x0000, 0x7800, 0x7800, 0x0000, 0x6000, 0x0000, 0xf81f, 0xf81f, 0xf81f, 0xf81f,
0xf81f, 0xf81f, 0xf81f, 0xf81f, 0xf81f, 0xf81f, 0xf81f, 0xf81f, 0xf81f, 0x9800,
0x9800, 0x9800, 0x7800, 0x0000, 0x0000, 0x6000, 0x7800, 0x6000, 0x0000, 0xc638,
0x738e, 0xf81f, 0xf81f, 0xf81f, 0xf81f, 0xf81f, 0xf81f, 0xf81f, 0xf81f, 0xf81f,
0xf81f, 0xf81f, 0xf81f, 0x7800, 0xe71c, 0xe71c, 0xc638, 0x6000, 0x0000, 0x0000,
0x6000, 0x4000, 0x0000, 0x738e, 0x738e, 0xf81f, 0xf81f, 0xf81f, 0xf81f, 0xf81f,
0xf81f, 0xf81f, 0xf81f, 0xf81f, 0xf81f, 0xf81f, 0xf81f, 0x9800, 0x9800, 0x9800,
0x0000, 0x0000, 0x0000, 0x6000, 0x7800, 0x6000, 0x3880, 0xa514, 0xf81f, 0xf81f,
0xf81f, 0xf81f, 0xf81f, 0xf81f, 0xf81f, 0xf81f, 0xf81f, 0xf81f, 0xf81f, 0xf81f,
0xf81f, 0xf81f, 0x9800, 0x0000, 0x0000, 0x0000, 0x0000, 0x7800, 0x7800, 0x0000,
0x0000, 0x0000, 0xf81f, 0xf81f, 0xf81f, 0xf81f, 0xf81f, 0xf81f, 0xf81f, 0xf81f,
0xf81f, 0xf81f, 0xf81f, 0xf81f, 0xf81f, 0x9800, 0x9800, 0x9800, 0x7800, 0x0000,
0x0000, 0x7800, 0x6000, 0x6000, 0x0000, 0xf81f, 0xf81f, 0xf81f, 0xf81f, 0xf81f,
0xf81f, 0xf81f, 
0xf81f, 0xf81f, 0xf81f, 0xf81f, 0xf81f, 0xf81f, 0xf81f, 0x7800, 0xe71c, 0xffff,
0xc638, 0x738e, 0x4000, 0x6000, 0x0000, 0x0000, 0x4000, 0x0000, 0xf81f, 0xf81f,
0xf81f, 0xf81f, 0xf81f, 0xf81f, 0xf81f, 0xf81f, 0xf81f, 0xf81f, 0xf81f, 0xf81f,
0x31ac, 0x8800, 0xe71c, 0xe71c, 0xc638, 0x6000, 0x0000, 0x0000, 0x6000, 0x4000,
0x4000, 0x0000, 0xf81f, 0xf81f, 0xf81f, 0xf81f, 0xf81f, 0xf81f, 0xf81f, 0xf81f,
0xf81f, 0xf81f, 0xf81f, 0xf81f, 0xf81f, 0x9800, 0x9800, 0x9800, 0x7800, 0x0000,
0x0000, 0x6000, 0x6000, 0x7800, 0x4000, 0x0000, 0xf81f, 0xf81f, 0xf81f, 0xf81f,
0xf81f, 0xf81f, 0xf81f, 0xf81f, 0xf81f, 0xf81f, 0xf81f, 0xf81f, 0xf81f, 0x8800,
0xe71c, 0xe71c, 0xc638, 0x6000, 0x6000, 0x0000, 0x0000, 0x6000, 0x4000, 0x7100,
0xf81f, 0xf81f, 0xf81f, 0xf81f, 0xf81f, 0xf81f, 0xf81f, 0xf81f, 0xf81f, 0xf81f,
0xf81f, 0xf81f, 0xf81f, 0x7800, 0xe71c, 0xffff, 0xc638, 0x738e, 0x4000, 0x6000,
0x0000, 0x0000, 0x7100, 0x8940, 0x0000, 0xf81f, 0xf81f, 0xf81f, 0xf81f, 0xf81f,
0xf81f, 0xf81f, 0xf81f, 0xf81f, 0xf81f, 0xf81f, 0xf81f, 0x8800, 0xe71c, 0xe71c,
0xc638, 0x6000, 0x0000, 0x0000, 0x6000, 0x4000, 0x3880, 0x0000, 0xf81f, 0xf81f,
0xf81f, 0xf81f, 0xf81f, 0xf81f, 0xf81f, 0xf81f, 0xf81f, 0xf81f, 0xf81f, 0xf81f,
0xf81f, 0x9800, 0x9800, 0x9800, 0x7800, 0x0000, 0x0000, 0x6000, 0x6000, 0x6000,
0x0000, 0xf81f, 0xf81f, 0xf81f, 0xf81f, 0xf81f, 0xf81f, 0xf81f, 0xf81f, 0xf81f,
0xf81f, 0xf81f, 0xf81f, 0xf81f, 0xf81f, 0x8800, 0xe71c, 0xe71c, 0xc638, 0x6000,
0x6000, 0x0000, 0x0000, 0x4000, 0x4000, 0x0000, 0xf81f, 0xf81f, 0xf81f, 0xf81f,
0xf81f, 0xf81f, 
0xf81f, 0xf81f, 0xf81f, 0xf81f, 0xf81f, 0xf81f, 0x4a71, 0x7800, 0xe71c, 0xe71c,
0xc638, 0x738e, 0x6000, 0x6000, 0x6000, 0x0000, 0x0000, 0x0000, 0xf81f, 0xf81f,
0xf81f, 0xf81f, 0xf81f, 0xf81f, 0xf81f, 0xf81f, 0xf81f, 0xf81f, 0xf81f, 0x4a71,
0x31ac, 0x7800, 0xe71c, 0xffff, 0xc638, 0x738e, 0x4000, 0x6000, 0x0000, 0x0000,
0x4000, 0x0000, 0xf81f, 0xf81f, 0xf81f, 0xf81f, 0xf81f, 0xf81f, 0xf81f, 0xf81f,
0xf81f, 0xf81f, 0xf81f, 0xf81f, 0xf81f, 0x8800, 0xe71c, 0xe71c, 0xc638, 0x6000,
0x0000, 0x0000, 0x0000, 0x6000, 0x4000, 0x0000, 0xf81f, 0xf81f, 0xf81f, 0xf81f,
0xf81f, 0xf81f, 0xf81f, 0xf81f, 0xf81f, 0xf81f, 0xf81f, 0xf81f, 0xf81f, 0x7800,
0xe71c, 0xffff, 0xa514, 0x738e, 0x4000, 0x6000, 0x0000, 0x0000, 0x4000, 0x0000,
0x0000, 0xf81f, 0xf81f, 0xf81f, 0xf81f, 0xf81f, 0xf81f, 0xf81f, 0xf81f, 0xf81f,
0xf81f, 0xf81f, 0xf81f, 0x7800, 0xe71c, 0xe71c, 0xc638, 0x738e, 0x6000, 0x6000,
0x6000, 0x0000, 0x0000, 0x3880, 0x0000, 0xf81f, 0xf81f, 0xf81f, 0xf81f, 0xf81f,
0xf81f, 0xf81f, 0xf81f, 0xf81f, 0xf81f, 0xf81f, 0xf81f, 0x7800, 0xe71c, 0xffff,
0xc638, 0x738e, 0x4000, 0x6000, 0x0000, 0x0000, 0x0000, 0x0000, 0xf81f, 0xf81f,
0xf81f, 0xf81f, 0xf81f, 0xf81f, 0xf81f, 0xf81f, 0xf81f, 0xf81f, 0xf81f, 0xf81f,
0xf81f, 0x8800, 0xe71c, 0xe71c, 0xc638, 0x6000, 0x0000, 0x0000, 0x0000, 0x6000,
0x0000, 0x0000, 0xf81f, 0xf81f, 0xf81f, 0xf81f, 0xf81f, 0xf81f, 0xf81f, 0xf81f,
0xf81f, 0xf81f, 0xf81f, 0xf81f, 0xf81f, 0x7800, 0xe71c, 0xffff, 0xa514, 0x738e,
0x4000, 0x6000, 0x0000, 0x0000, 0x4000, 0x0000, 0xf81f, 0xf81f, 0xf81f, 0xf81f,
0xf81f, 0xf81f, 
0xf81f, 0xf81f, 0xf81f, 0xf81f, 0x4a71, 0x4a71, 0x4a71, 0x0000, 0xe71c, 0xe71c,
0xc638, 0x7100, 0x7100, 0x7800, 0x6000, 0x4000, 0x0000, 0x0000, 0x4a71, 0x422f,
0x0000, 0xf81f, 0xf81f, 0xf81f, 0xf81f, 0xf81f, 0xf81f, 0xf81f, 0x4a71, 0x422f,
0x422f, 0x7800, 0xe71c, 0xc638, 0xc638, 0x738e, 0x6000, 0x6000, 0x6000, 0x0000,
0x0000, 0x0000, 0xf81f, 0xf81f, 0xf81f, 0xf81f, 0xf81f, 0xf81f, 0xf81f, 0xf81f,
0xf81f, 0xf81f, 0xf81f, 0xf81f, 0xf81f, 0x7800, 0xe71c, 0xffff, 0xa514, 0x738e,
0x4000, 0x6000, 0x0000, 0x0000, 0x4000, 0x0000, 0xf81f, 0xf81f, 0xf81f, 0xf81f,
0xf81f, 0xf81f, 0xf81f, 0xf81f, 0xf81f, 0xf81f, 0xf81f, 0xf81f, 0xf81f, 0x7800,
0xe71c, 0xe71c, 0xc638, 0x738e, 0x0000, 0x6000, 0x6000, 0x4000, 0x0000, 0x0000,
0xf81f, 0xf81f, 0xf81f, 0xf81f, 0xf81f, 0xf81f, 0xf81f, 0xf81f, 0xf81f, 0xf81f,
0xf81f, 0xf81f, 0xf81f, 0x0000, 0xe71c, 0xe71c, 0xc638, 0x7100, 0x7100, 0x7800,
0x6000, 0x4000, 0x0000, 0x0000, 0xf81f, 0xf81f, 0xf81f, 0xf81f, 0xf81f, 0xf81f,
0xf81f, 0xf81f, 0xf81f, 0xf81f, 0xf81f, 0xf81f, 0x31ac, 0x7800, 0xe71c, 0xc638,
0xc638, 0x738e, 0x6000, 0x6000, 0x6000, 0x0000, 0x0000, 0x0000, 0xf81f, 0xf81f,
0xf81f, 0xf81f, 0xf81f, 0xf81f, 0xf81f, 0xf81f, 0xf81f, 0xf81f, 0xf81f, 0xf81f,
0xf81f, 0x7800, 0xe71c, 0xffff, 0xa514, 0x738e, 0x4000, 0x6000, 0x0000, 0x0000,
0x4000, 0x0000, 0xf81f, 0xf81f, 0xf81f, 0xf81f, 0xf81f, 0xf81f, 0xf81f, 0xf81f,
0xf81f, 0xf81f, 0xf81f, 0xf81f, 0x4a71, 0x7800, 0xe71c, 0xe71c, 0xc638, 0x738e,
0x0000, 0x6000, 0x6000, 0x4000, 0x0000, 0x0000, 0xf81f, 0xf81f, 0xf81f, 0xf81f,
0xf81f, 0xf81f, 
0xf81f, 0xf81f, 0xf81f, 0x4a71, 0x4a71, 0x422f, 0x4a71, 0x4a71, 0x0000, 0xa514,
0x8940, 0x7100, 0x7100, 0x0000, 0x6000, 0x4000, 0x0000, 0x4a71, 0x4a71, 0x0000,
0x0000, 0xf81f, 0xf81f, 0xf81f, 0xf81f, 0xf81f, 0xf81f, 0x422f, 0x422f, 0x422f,
0x31ac, 0x0000, 0xc638, 0xe71c, 0xc638, 0x7100, 0x7100, 0x7800, 0x6000, 0x4000,
0x0000, 0x0000, 0xf81f, 0xf81f, 0xf81f, 0xf81f, 0xf81f, 0xf81f, 0xf81f, 0xf81f,
0xf81f, 0xf81f, 0xf81f, 0xf81f, 0xf81f, 0x7800, 0xe71c, 0xc638, 0xc638, 0x738e,
0x6000, 0x6000, 0x6000, 0x4000, 0x0000, 0x0000, 0xf81f, 0xf81f, 0xf81f, 0xf81f,
0xf81f, 0xf81f, 0xf81f, 0xf81f, 0xf81f, 0xf81f, 0xf81f, 0xf81f, 0xf81f, 0x0000,
0xc638, 0xe71c, 0xa514, 0x7100, 0x7100, 0x7800, 0x6000, 0x4000, 0x0000, 0x0000,
0xf81f, 0xf81f, 0xf81f, 0xf81f, 0xf81f, 0xf81f, 0xf81f, 0xf81f, 0xf81f, 0xf81f,
0xf81f, 0xf81f, 0xf81f, 0xf81f, 0x0000, 0xa514, 0x8940, 0x7100, 0x7100, 0x0000,
0x6000, 0x0000, 0x0000, 0xf81f, 0xf81f, 0xf81f, 0xf81f, 0xf81f, 0xf81f, 0xf81f,
0xf81f, 0xf81f, 0xf81f, 0xf81f, 0xf81f, 0xf81f, 0xf81f, 0x0000, 0xc638, 0xe71c,
0xc638, 0x7100, 0x7100, 0x7800, 0x6000, 0x4000, 0x0000, 0x0000, 0xf81f, 0xf81f,
0xf81f, 0xf81f, 0xf81f, 0xf81f, 0xf81f, 0xf81f, 0xf81f, 0xf81f, 0xf81f, 0xf81f,
0xf81f, 0x7800, 0xe71c, 0xc638, 0xc638, 0x738e, 0x6000, 0x6000, 0x6000, 0x4000,
0x0000, 0x0000, 0xf81f, 0xf81f, 0xf81f, 0xf81f, 0xf81f, 0xf81f, 0xf81f, 0xf81f,
0xf81f, 0xf81f, 0xf81f, 0x4a71, 0x4a71, 0x0000, 0xc638, 0xe71c, 0xa514, 0x7100,
0x7100, 0x7800, 0x6000, 0x4000, 0x0000, 0x0000, 0xf81f, 0xf81f, 0xf81f, 0xf81f,
0xf81f, 0xf81f, 
0xf81f, 0xf81f, 0xf81f, 0x422f, 0x4a71, 0x422f, 0x422f, 0x422f, 0x422f, 0x0000,
0x7100, 0x7100, 0x7100, 0x3880, 0x0000, 0x0000, 0x4a71, 0x422f, 0x0000, 0x0000,
0xf81f, 0xf81f, 0xf81f, 0xf81f, 0xf81f, 0xf81f, 0x31ac, 0x31ac, 0x31ac, 0x2128,
0x4a71, 0x5ad3, 0x0000, 0xa514, 0x8940, 0x7100, 0x7100, 0x0000, 0x6000, 0x0000,
0x0000, 0x422f, 0x422f, 0x31ac, 0xf81f, 0xf81f, 0xf81f, 0xf81f, 0xf81f, 0xf81f,
0xf81f, 0xf81f, 0xf81f, 0xf81f, 0x4a71, 0x0000, 0xc638, 0xe71c, 0xc638, 0x7100,
0x7100, 0x7800, 0x6000, 0x4000, 0x0000, 0x0000, 0xf81f, 0xf81f, 0xf81f, 0xf81f,
0xf81f, 0xf81f, 0xf81f, 0xf81f, 0xf81f, 0xf81f, 0xf81f, 0xf81f, 0xf81f, 0xf81f,
0x0000, 0x738e, 0x7100, 0x7100, 0x7100, 0x3880, 0x4000, 0x0000, 0x0000, 0xf81f,
0xf81f, 0xf81f, 0xf81f, 0xf81f, 0xf81f, 0xf81f, 0xf81f, 0xf81f, 0xf81f, 0xf81f,
0xf81f, 0xf81f, 0xf81f, 0xf81f, 0x422f, 0x0000, 0x7100, 0x7100, 0x7100, 0x3880,
0x0000, 0x0000, 0xf81f, 0xf81f, 0xf81f, 0xf81f, 0xf81f, 0xf81f, 0xf81f, 0xf81f,
0xf81f, 0xf81f, 0xf81f, 0xf81f, 0xf81f, 0xf81f, 0xf81f, 0x4a71, 0x0000, 0xa514,
0x8940, 0x7100, 0x7100, 0x0000, 0x6000, 0x0000, 0x0000, 0xf81f, 0xf81f, 0xf81f,
0xf81f, 0xf81f, 0xf81f, 0xf81f, 0xf81f, 0xf81f, 0xf81f, 0xf81f, 0xf81f, 0xf81f,
0xf81f, 0x0000, 0xc638, 0xe71c, 0xc638, 0x7100, 0x7100, 0x7800, 0x6000, 0x4000,
0x0000, 0x0000, 0xf81f, 0xf81f, 0xf81f, 0xf81f, 0xf81f, 0xf81f, 0xf81f, 0xf81f,
0xf81f, 0xf81f, 0x422f, 0x422f, 0x4a71, 0x4a71, 0x0000, 0x738e, 0x7100, 0x7100,
0x7100, 0x3880, 0x4000, 0x0000, 0x0000, 0x422f, 0x422f, 0xf81f, 0xf81f, 0xf81f,
0xf81f, 0xf81f, 
0xf81f, 0xf81f, 0xf81f, 0xf81f, 0x422f, 0x422f, 0x10a4, 0x2128, 0x31ac, 0x31ac,
0x2128, 0x7100, 0x3880, 0xf81f, 0x10a4, 0x422f, 0x422f, 0x0000, 0x0000, 0xf81f,
0xf81f, 0xf81f, 0xf81f, 0xf81f, 0xf81f, 0xf81f, 0xf81f, 0x10a4, 0x0000, 0xf81f,
0x422f, 0x422f, 0x422f, 0x0000, 0x7100, 0x7100, 0x7100, 0x3880, 0x0000, 0x0000,
0x4a71, 0x5ad3, 0x4a71, 0x422f, 0xf81f, 0xf81f, 0xf81f, 0xf81f, 0xf81f, 0xf81f,
0xf81f, 0xf81f, 0xf81f, 0x4a71, 0x4a71, 0x4a71, 0x0000, 0xa514, 0x8940, 0x7100,
0x7100, 0x0000, 0x4000, 0x0000, 0x0000, 0xf81f, 0xf81f, 0xf81f, 0xf81f, 0xf81f,
0xf81f, 0xf81f, 0xf81f, 0xf81f, 0xf81f, 0xf81f, 0xf81f, 0xf81f, 0xf81f, 0xf81f,
0x31ac, 0x6000, 0x7100, 0x7100, 0x3880, 0x3880, 0x0000, 0xf81f, 0xf81f, 0xf81f,
0xf81f, 0xf81f, 0xf81f, 0xf81f, 0xf81f, 0xf81f, 0xf81f, 0xf81f, 0xf81f, 0xf81f,
0xf81f, 0xf81f, 0xf81f, 0xf81f, 0x31ac, 0x422f, 0x4a71, 0x7100, 0x3880, 0x4a71,
0x422f, 0x0000, 0xf81f, 0xf81f, 0xf81f, 0xf81f, 0xf81f, 0xf81f, 0xf81f, 0xf81f,
0xf81f, 0xf81f, 0xf81f, 0xf81f, 0xf81f, 0xf81f, 0xf81f, 0xf81f, 0x4a71, 0x0000,
0x7100, 0x7100, 0x7100, 0x3880, 0x0000, 0x0000, 0xf81f, 0xf81f, 0xf81f, 0xf81f,
0xf81f, 0xf81f, 0xf81f, 0xf81f, 0xf81f, 0xf81f, 0xf81f, 0xf81f, 0xf81f, 0xf81f,
0xf81f, 0x4a71, 0x0000, 0xa514, 0x8940, 0x7100, 0x7100, 0x0000, 0x4000, 0x0000,
0x0000, 0xf81f, 0xf81f, 0xf81f, 0xf81f, 0xf81f, 0xf81f, 0xf81f, 0xf81f, 0xf81f,
0xf81f, 0xf81f, 0x4a71, 0x422f, 0x422f, 0x422f, 0x422f, 0x6000, 0x7100, 0x7100,
0x3880, 0x3880, 0x0000, 0x5ad3, 0x4a71, 0x4a71, 0x422f, 0x422f, 0xf81f, 0xf81f,
0xf81f, 0xf81f, 
0xf81f, 0xf81f, 0xf81f, 0xf81f, 0x422f, 0x422f, 0x31ac, 0x31ac, 0x31ac, 0x2128,
0xf81f, 0xf81f, 0xf81f, 0xf81f, 0xf81f, 0x31ac, 0x0000, 0x0000, 0xf81f, 0xf81f,
0xf81f, 0xf81f, 0xf81f, 0xf81f, 0xf81f, 0xf81f, 0xf81f, 0xf81f, 0xf81f, 0xf81f,
0xf81f, 0x2128, 0x31ac, 0x31ac, 0x31ac, 0x7100, 0x3880, 0x2128, 0x422f, 0x4a71,
0x4a71, 0x4a71, 0x31ac, 0xf81f, 0xf81f, 0xf81f, 0xf81f, 0xf81f, 0xf81f, 0xf81f,
0xf81f, 0xf81f, 0xf81f, 0x422f, 0x422f, 0x422f, 0x422f, 0x0000, 0x7100, 0x7100,
0x3880, 0x3880, 0x0000, 0x0000, 0x4a71, 0x0000, 0xf81f, 0xf81f, 0xf81f, 0xf81f,
0xf81f, 0xf81f, 0xf81f, 0xf81f, 0xf81f, 0xf81f, 0xf81f, 0xf81f, 0xf81f, 0xf81f,
0xf81f, 0x422f, 0x31ac, 0x3880, 0x3880, 0x422f, 0x31ac, 0xf81f, 0xf81f, 0xf81f,
0xf81f, 0xf81f, 0xf81f, 0xf81f, 0xf81f, 0xf81f, 0xf81f, 0xf81f, 0xf81f, 0xf81f,
0xf81f, 0xf81f, 0xf81f, 0xf81f, 0xf81f, 0x31ac, 0x4a71, 0x4a71, 0x4a71, 0x4a71,
0x0000, 0x0000, 0xf81f, 0xf81f, 0xf81f, 0xf81f, 0xf81f, 0xf81f, 0xf81f, 0xf81f,
0xf81f, 0xf81f, 0xf81f, 0xf81f, 0xf81f, 0xf81f, 0xf81f, 0xf81f, 0x422f, 0x31ac,
0x2128, 0x7100, 0x3880, 0xf81f, 0xf81f, 0xf81f, 0xf81f, 0xf81f, 0xf81f, 0xf81f,
0xf81f, 0xf81f, 0xf81f, 0xf81f, 0xf81f, 0xf81f, 0xf81f, 0xf81f, 0xf81f, 0xf81f,
0x4a71, 0x31ac, 0x4a71, 0x0000, 0x7100, 0x7100, 0x3880, 0x3880, 0x0000, 0x0000,
0xf81f, 0xf81f, 0xf81f, 0xf81f, 0xf81f, 0xf81f, 0xf81f, 0xf81f, 0xf81f, 0xf81f,
0xf81f, 0xf81f, 0x422f, 0x4a71, 0x2128, 0x2128, 0x31ac, 0x31ac, 0x2128, 0x3880,
0x3880, 0xf81f, 0x422f, 0x422f, 0x4a71, 0x4a71, 0x422f, 0x31ac, 0x0000, 0xf81f,
0xf81f, 0xf81f, 
0xf81f, 0xf81f, 0xf81f, 0xf81f, 0xf81f, 0x31ac, 0x422f, 0x31ac, 0x31ac, 0x2128,
0xf81f, 0xf81f, 0xf81f, 0xf81f, 0xf81f, 0xf81f, 0xf81f, 0xf81f, 0xf81f, 0xf81f,
0xf81f, 0xf81f, 0xf81f, 0xf81f, 0xf81f, 0xf81f, 0xf81f, 0xf81f, 0xf81f, 0xf81f,
0xf81f, 0xf81f, 0xf81f, 0xf81f, 0xf81f, 0xf81f, 0xf81f, 0xf81f, 0x422f, 0x422f,
0x31ac, 0x0000, 0xf81f, 0xf81f, 0xf81f, 0xf81f, 0xf81f, 0xf81f, 0xf81f, 0xf81f,
0xf81f, 0xf81f, 0xf81f, 0x31ac, 0x31ac, 0x2128, 0x422f, 0x422f, 0x10a4, 0x7100,
0x3880, 0x422f, 0x4a71, 0x4a71, 0x422f, 0x10a4, 0xf81f, 0xf81f, 0xf81f, 0xf81f,
0xf81f, 0xf81f, 0xf81f, 0xf81f, 0xf81f, 0xf81f, 0xf81f, 0xf81f, 0xf81f, 0xf81f,
0x422f, 0x4a71, 0x4a71, 0x4a71, 0x422f, 0x422f, 0x2128, 0xf81f, 0xf81f, 0xf81f,
0xf81f, 0xf81f, 0xf81f, 0xf81f, 0xf81f, 0xf81f, 0xf81f, 0xf81f, 0xf81f, 0xf81f,
0xf81f, 0xf81f, 0xf81f, 0xf81f, 0xf81f, 0xf81f, 0x422f, 0x422f, 0x422f, 0x0000,
0x0000, 0xf81f, 0xf81f, 0xf81f, 0xf81f, 0xf81f, 0xf81f, 0xf81f, 0xf81f, 0xf81f,
0xf81f, 0xf81f, 0xf81f, 0xf81f, 0xf81f, 0xf81f, 0xf81f, 0xf81f, 0x31ac, 0x31ac,
0x422f, 0x4a71, 0x4a71, 0x422f, 0x2128, 0xf81f, 0xf81f, 0xf81f, 0xf81f, 0xf81f,
0xf81f, 0xf81f, 0xf81f, 0xf81f, 0xf81f, 0xf81f, 0xf81f, 0xf81f, 0xf81f, 0xf81f,
0x4a71, 0x422f, 0x31ac, 0x31ac, 0x2128, 0x7100, 0x3880, 0xf81f, 0xf81f, 0xf81f,
0xf81f, 0xf81f, 0xf81f, 0xf81f, 0xf81f, 0xf81f, 0xf81f, 0xf81f, 0xf81f, 0xf81f,
0xf81f, 0xf81f, 0x31ac, 0x4a71, 0x422f, 0x422f, 0x31ac, 0x422f, 0x0000, 0xf81f,
0xf81f, 0xf81f, 0xf81f, 0x31ac, 0x422f, 0x422f, 0x31ac, 0x2128, 0xf81f, 0xf81f,
0xf81f, 0xf81f, 
0xf81f, 0xf81f, 0xf81f, 0xf81f, 0xf81f, 0xf81f, 0x31ac, 0x31ac, 0x31ac, 0x0000,
0xf81f, 0xf81f, 0xf81f, 0xf81f, 0xf81f, 0xf81f, 0xf81f, 0xf81f, 0xf81f, 0xf81f,
0xf81f, 0xf81f, 0xf81f, 0xf81f, 0xf81f, 0xf81f, 0xf81f, 0xf81f, 0xf81f, 0xf81f,
0xf81f, 0xf81f, 0xf81f, 0xf81f, 0xf81f, 0xf81f, 0xf81f, 0xf81f, 0x2128, 0x0000,
0xf81f, 0xf81f, 0xf81f, 0xf81f, 0xf81f, 0xf81f, 0xf81f, 0xf81f, 0xf81f, 0xf81f,
0xf81f, 0xf81f, 0xf81f, 0xf81f, 0xf81f, 0xf81f, 0xf81f, 0xf81f, 0xf81f, 0xf81f,
0xf81f, 0x2128, 0x422f, 0x422f, 0x31ac, 0x0000, 0xf81f, 0xf81f, 0xf81f, 0xf81f,
0xf81f, 0xf81f, 0xf81f, 0xf81f, 0xf81f, 0xf81f, 0xf81f, 0xf81f, 0xf81f, 0xf81f,
0x422f, 0x4a71, 0x4a71, 0x4a71, 0x4a71, 0x422f, 0x31ac, 0xf81f, 0xf81f, 0xf81f,
0xf81f, 0xf81f, 0xf81f, 0xf81f, 0xf81f, 0xf81f, 0xf81f, 0xf81f, 0xf81f, 0xf81f,
0xf81f, 0xf81f, 0xf81f, 0xf81f, 0xf81f, 0xf81f, 0x31ac, 0x31ac, 0x10a4, 0x0000,
0xf81f, 0xf81f, 0xf81f, 0xf81f, 0xf81f, 0xf81f, 0xf81f, 0xf81f, 0xf81f, 0xf81f,
0xf81f, 0xf81f, 0xf81f, 0xf81f, 0xf81f, 0xf81f, 0xf81f, 0xf81f, 0xf81f, 0x31ac,
0x4a71, 0x4a71, 0x4a71, 0x4a71, 0x31ac, 0xf81f, 0xf81f, 0xf81f, 0xf81f, 0xf81f,
0xf81f, 0xf81f, 0xf81f, 0xf81f, 0xf81f, 0xf81f, 0xf81f, 0xf81f, 0xf81f, 0xf81f,
0x4a71, 0x31ac, 0x31ac, 0x2128, 0x0000, 0x4a71, 0xf81f, 0xf81f, 0xf81f, 0xf81f,
0xf81f, 0xf81f, 0xf81f, 0xf81f, 0xf81f, 0xf81f, 0xf81f, 0xf81f, 0xf81f, 0xf81f,
0xf81f, 0xf81f, 0xf81f, 0x422f, 0x4a71, 0x422f, 0x422f, 0x422f, 0x31ac, 0xf81f,
0xf81f, 0xf81f, 0xf81f, 0xf81f, 0xf81f, 0xf81f, 0xf81f, 0xf81f, 0xf81f, 0xf81f,
0xf81f, 0xf81f, 
0xf81f, 0xf81f, 0xf81f, 0xf81f, 0xf81f, 0xf81f, 0xf81f, 0x10a4, 0x0000, 0xf81f,
0xf81f, 0xf81f, 0xf81f, 0xf81f, 0xf81f, 0xf81f, 0xf81f, 0xf81f, 0xf81f, 0xf81f,
0xf81f, 0xf81f, 0xf81f, 0xf81f, 0xf81f, 0xf81f, 0xf81f, 0xf81f, 0xf81f, 0xf81f,
0xf81f, 0xf81f, 0xf81f, 0xf81f, 0xf81f, 0xf81f, 0xf81f, 0xf81f, 0xf81f, 0xf81f,
0xf81f, 0xf81f, 0xf81f, 0xf81f, 0xf81f, 0xf81f, 0xf81f, 0xf81f, 0xf81f, 0xf81f,
0xf81f, 0xf81f, 0xf81f, 0xf81f, 0xf81f, 0xf81f, 0xf81f, 0xf81f, 0xf81f, 0xf81f,
0xf81f, 0xf81f, 0xf81f, 0xf81f, 0xf81f, 0xf81f, 0xf81f, 0xf81f, 0xf81f, 0xf81f,
0xf81f, 0xf81f, 0xf81f, 0xf81f, 0xf81f, 0xf81f, 0xf81f, 0xf81f, 0xf81f, 0xf81f,
0xf81f, 0x422f, 0x422f, 0x4a71, 0x4a71, 0x422f, 0x31ac, 0xf81f, 0xf81f, 0xf81f,
0xf81f, 0xf81f, 0xf81f, 0xf81f, 0xf81f, 0xf81f, 0xf81f, 0xf81f, 0xf81f, 0xf81f,
0xf81f, 0xf81f, 0xf81f, 0xf81f, 0xf81f, 0xf81f, 0xf81f, 0x10a4, 0x0000, 0xf81f,
0xf81f, 0xf81f, 0xf81f, 0xf81f, 0xf81f, 0xf81f, 0xf81f, 0xf81f, 0xf81f, 0xf81f,
0xf81f, 0xf81f, 0xf81f, 0xf81f, 0xf81f, 0xf81f, 0xf81f, 0xf81f, 0xf81f, 0x422f,
0x4a71, 0x4a71, 0x4a71, 0x2128, 0xf81f, 0xf81f, 0xf81f, 0xf81f, 0xf81f, 0xf81f,
0xf81f, 0xf81f, 0xf81f, 0xf81f, 0xf81f, 0xf81f, 0xf81f, 0xf81f, 0xf81f, 0xf81f,
0x422f, 0x4a71, 0x2128, 0x4a71, 0x4a71, 0x422f, 0xf81f, 0xf81f, 0xf81f, 0xf81f,
0xf81f, 0xf81f, 0xf81f, 0xf81f, 0xf81f, 0xf81f, 0xf81f, 0xf81f, 0xf81f, 0xf81f,
0xf81f, 0xf81f, 0xf81f, 0xf81f, 0x31ac, 0x422f, 0x422f, 0x422f, 0x2128, 0xf81f,
0xf81f, 0xf81f, 0xf81f, 0xf81f, 0xf81f, 0xf81f, 0xf81f, 0xf81f, 0xf81f, 0xf81f,
0xf81f, 0xf81f, 
0xf81f, 0xf81f, 0xf81f, 0xf81f, 0xf81f, 0xf81f, 0xf81f, 0xf81f, 0xf81f, 0xf81f,
0xf81f, 0xf81f, 0xf81f, 0xf81f, 0xf81f, 0xf81f, 0xf81f, 0xf81f, 0xf81f, 0xf81f,
0xf81f, 0xf81f, 0xf81f, 0xf81f, 0xf81f, 0xf81f, 0xf81f, 0xf81f, 0xf81f, 0xf81f,
0xf81f, 0xf81f, 0xf81f, 0xf81f, 0xf81f, 0xf81f, 0xf81f, 0xf81f, 0xf81f, 0xf81f,
0xf81f, 0xf81f, 0xf81f, 0xf81f, 0xf81f, 0xf81f, 0xf81f, 0xf81f, 0xf81f, 0xf81f,
0xf81f, 0xf81f, 0xf81f, 0xf81f, 0xf81f, 0xf81f, 0xf81f, 0xf81f, 0xf81f, 0xf81f,
0xf81f, 0xf81f, 0xf81f, 0xf81f, 0xf81f, 0xf81f, 0xf81f, 0xf81f, 0xf81f, 0xf81f,
0xf81f, 0xf81f, 0xf81f, 0xf81f, 0xf81f, 0xf81f, 0xf81f, 0xf81f, 0xf81f, 0xf81f,
0xf81f, 0xf81f, 0xf81f, 0x31ac, 0x422f, 0x31ac, 0x10a4, 0xf81f, 0xf81f, 0xf81f,
0xf81f, 0xf81f, 0xf81f, 0xf81f, 0xf81f, 0xf81f, 0xf81f, 0xf81f, 0xf81f, 0xf81f,
0xf81f, 0xf81f, 0xf81f, 0xf81f, 0xf81f, 0xf81f, 0xf81f, 0xf81f, 0xf81f, 0xf81f,
0xf81f, 0xf81f, 0xf81f, 0xf81f, 0xf81f, 0xf81f, 0xf81f, 0xf81f, 0xf81f, 0xf81f,
0xf81f, 0xf81f, 0xf81f, 0xf81f, 0xf81f, 0xf81f, 0xf81f, 0xf81f, 0xf81f, 0xf81f,
0x422f, 0x31ac, 0x0000, 0xf81f, 0xf81f, 0xf81f, 0xf81f, 0xf81f, 0xf81f, 0xf81f,
0xf81f, 0xf81f, 0xf81f, 0xf81f, 0xf81f, 0xf81f, 0xf81f, 0xf81f, 0xf81f, 0xf81f,
0xf81f, 0x422f, 0x422f, 0x4a71, 0x4a71, 0x422f, 0x0000, 0xf81f, 0xf81f, 0xf81f,
0xf81f, 0xf81f, 0xf81f, 0xf81f, 0xf81f, 0xf81f, 0xf81f, 0xf81f, 0xf81f, 0xf81f,
0xf81f, 0xf81f, 0xf81f, 0xf81f, 0xf81f, 0xf81f, 0x10a4, 0x10a4, 0xf81f, 0xf81f,
0xf81f, 0xf81f, 0xf81f, 0xf81f, 0xf81f, 0xf81f, 0xf81f, 0xf81f, 0xf81f, 0xf81f,
0xf81f, 0xf81f, 
0xf81f, 0xf81f, 0xf81f, 0xf81f, 0xf81f, 0xf81f, 0xf81f, 0xf81f, 0xf81f, 0xf81f,
0xf81f, 0xf81f, 0xf81f, 0xf81f, 0xf81f, 0xf81f, 0xf81f, 0xf81f, 0xf81f, 0xf81f,
0xf81f, 0xf81f, 0xf81f, 0xf81f, 0xf81f, 0xf81f, 0xf81f, 0xf81f, 0xf81f, 0xf81f,
0xf81f, 0xf81f, 0xf81f, 0xf81f, 0xf81f, 0xf81f, 0xf81f, 0xf81f, 0xf81f, 0xf81f,
0xf81f, 0xf81f, 0xf81f, 0xf81f, 0xf81f, 0xf81f, 0xf81f, 0xf81f, 0xf81f, 0xf81f,
0xf81f, 0xf81f, 0xf81f, 0xf81f, 0xf81f, 0xf81f, 0xf81f, 0xf81f, 0xf81f, 0xf81f,
0xf81f, 0xf81f, 0xf81f, 0xf81f, 0xf81f, 0xf81f, 0xf81f, 0xf81f, 0xf81f, 0xf81f,
0xf81f, 0xf81f, 0xf81f, 0xf81f, 0xf81f, 0xf81f, 0xf81f, 0xf81f, 0xf81f, 0xf81f,
0xf81f, 0xf81f, 0xf81f, 0xf81f, 0xf81f, 0xf81f, 0xf81f, 0xf81f, 0xf81f, 0xf81f,
0xf81f, 0xf81f, 0xf81f, 0xf81f, 0xf81f, 0xf81f, 0xf81f, 0xf81f, 0xf81f, 0xf81f,
0xf81f, 0xf81f, 0xf81f, 0xf81f, 0xf81f, 0xf81f, 0xf81f, 0xf81f, 0xf81f, 0xf81f,
0xf81f, 0xf81f, 0xf81f, 0xf81f, 0xf81f, 0xf81f, 0xf81f, 0xf81f, 0xf81f, 0xf81f,
0xf81f, 0xf81f, 0xf81f, 0xf81f, 0xf81f, 0xf81f, 0xf81f, 0xf81f, 0xf81f, 0xf81f,
0xf81f, 0xf81f, 0xf81f, 0xf81f, 0xf81f, 0xf81f, 0xf81f, 0xf81f, 0xf81f, 0xf81f,
0xf81f, 0xf81f, 0xf81f, 0xf81f, 0xf81f, 0xf81f, 0xf81f, 0xf81f, 0xf81f, 0xf81f,
0xf81f, 0xf81f, 0xf81f, 0x422f, 0x422f, 0x31ac, 0x0000, 0xf81f, 0xf81f, 0xf81f,
0xf81f, 0xf81f, 0xf81f, 0xf81f, 0xf81f, 0xf81f, 0xf81f, 0xf81f, 0xf81f, 0xf81f,
0xf81f, 0xf81f, 0xf81f, 0xf81f, 0xf81f, 0xf81f, 0xf81f, 0xf81f, 0xf81f, 0xf81f,
0xf81f, 0xf81f, 0xf81f, 0xf81f, 0xf81f, 0xf81f, 0xf81f, 0xf81f, 0xf81f, 0xf81f,
0xf81f, 0xf81f, 
0xf81f, 0xf81f, 0xf81f, 0xf81f, 0xf81f, 0xf81f, 0xf81f, 0xf81f, 0xf81f, 0xf81f,
0xf81f, 0xf81f, 0xf81f, 0xf81f, 0xf81f, 0xf81f, 0xf81f, 0xf81f, 0xf81f, 0xf81f,
0xf81f, 0xf81f, 0xf81f, 0xf81f, 0xf81f, 0xf81f, 0xf81f, 0xf81f, 0xf81f, 0xf81f,
0xf81f, 0xf81f, 0xf81f, 0xf81f, 0xf81f, 0xf81f, 0xf81f, 0xf81f, 0xf81f, 0xf81f,
0xf81f, 0xf81f, 0xf81f, 0xf81f, 0xf81f, 0xf81f, 0xf81f, 0xf81f, 0xf81f, 0xf81f,
0xf81f, 0xf81f, 0xf81f, 0xf81f, 0xf81f, 0xf81f, 0xf81f, 0xf81f, 0xf81f, 0xf81f,
0xf81f, 0xf81f, 0xf81f, 0xf81f, 0xf81f, 0xf81f, 0xf81f, 0xf81f, 0xf81f, 0xf81f,
0xf81f, 0xf81f, 0xf81f, 0xf81f, 0xf81f, 0xf81f, 0xf81f, 0xf81f, 0xf81f, 0xf81f,
0xf81f, 0xf81f, 0xf81f, 0xf81f, 0xf81f, 0xf81f, 0xf81f, 0xf81f, 0xf81f, 0xf81f,
0xf81f, 0xf81f, 0xf81f, 0xf81f, 0xf81f, 0xf81f, 0xf81f, 0xf81f, 0xf81f, 0xf81f,
0xf81f, 0xf81f, 0xf81f, 0xf81f, 0xf81f, 0xf81f, 0xf81f, 0xf81f, 0xf81f, 0xf81f,
0xf81f, 0xf81f, 0xf81f, 0xf81f, 0xf81f, 0xf81f, 0xf81f, 0xf81f, 0xf81f, 0xf81f,
0xf81f, 0xf81f, 0xf81f, 0xf81f, 0xf81f, 0xf81f, 0xf81f, 0xf81f, 0xf81f, 0xf81f,
0xf81f, 0xf81f, 0xf81f, 0xf81f, 0xf81f, 0xf81f, 0xf81f, 0xf81f, 0xf81f, 0xf81f,
0xf81f, 0xf81f, 0xf81f, 0xf81f, 0xf81f, 0xf81f, 0xf81f, 0xf81f, 0xf81f, 0xf81f,
0xf81f, 0xf81f, 0xf81f, 0xf81f, 0xf81f, 0xf81f, 0xf81f, 0xf81f, 0xf81f, 0xf81f,
0xf81f, 0xf81f, 0xf81f, 0xf81f, 0xf81f, 0xf81f, 0xf81f, 0xf81f, 0xf81f, 0xf81f,
0xf81f, 0xf81f, 0xf81f, 0xf81f, 0xf81f, 0xf81f, 0xf81f, 0xf81f, 0xf81f, 0xf81f,
0xf81f, 0xf81f, 0xf81f, 0xf81f, 0xf81f, 0xf81f, 0xf81f, 0xf81f, 0xf81f, 0xf81f,
0xf81f, 0xf81f, 
0xf81f, 0xf81f, 0xf81f, 0xf81f, 0xf81f, 0xf81f, 0xf81f, 0xf81f, 0xf81f, 0x50c0,
0x7100, 0x8940, 0x7100, 0x68e0, 0x50c0, 0xf81f, 0xf81f, 0xf81f, 0xf81f, 0xf81f,
0xf81f, 0xf81f, 0xf81f, 0xf81f, 0xf81f, 0xf81f, 0xf81f, 0xf81f, 0xf81f, 0xf81f,
0xf81f, 0xf81f, 0xf81f, 0xf81f, 0x68e0, 0x8940, 0x7100, 0x68e0, 0x50c0, 0xf81f,
0xf81f, 0xf81f, 0xf81f, 0xf81f, 0xf81f, 0xf81f, 0xf81f, 0xf81f, 0xf81f, 0xf81f,
0xf81f, 0xf81f, 0xf81f, 0xf81f, 0xf81f, 0xf81f, 0xf81f, 0xf81f, 0x68e0, 0x68e0,
0x68e0, 0x50c0, 0xf81f, 0xf81f, 0xf81f, 0xf81f, 0xf81f, 0xf81f, 0xf81f, 0xf81f,
0xf81f, 0xf81f, 0xf81f, 0xf81f, 0xf81f, 0xf81f, 0xf81f, 0xf81f, 0xf81f, 0xf81f,
0xf81f, 0x50c0, 0x7100, 0x8940, 0x7100, 0x68e0, 0x50c0, 0xf81f, 0xf81f, 0xf81f,
0xf81f, 0xf81f, 0xf81f, 0xf81f, 0xf81f, 0xf81f, 0xf81f, 0xf81f, 0xf81f, 0xf81f,
0xf81f, 0xf81f, 0xf81f, 0xf81f, 0xf81f, 0x50c0, 0x7100, 0x8940, 0x7100, 0x68e0,
0x50c0, 0xf81f, 0xf81f, 0xf81f, 0xf81f, 0xf81f, 0xf81f, 0xf81f, 0xf81f, 0xf81f,
0xf81f, 0xf81f, 0xf81f, 0xf81f, 0xf81f, 0xf81f, 0xf81f, 0xf81f, 0xf81f, 0x50c0,
0x7100, 0x8940, 0x7100, 0x68e0, 0x50c0, 0xf81f, 0xf81f, 0xf81f, 0xf81f, 0xf81f,
0xf81f, 0xf81f, 0xf81f, 0xf81f, 0xf81f, 0xf81f, 0xf81f, 0xf81f, 0xf81f, 0xf81f,
0xf81f, 0xf81f, 0xf81f, 0xf81f, 0x50c0, 0x68e0, 0x7100, 0x50c0, 0xf81f, 0xf81f,
0xf81f, 0xf81f, 0xf81f, 0xf81f, 0xf81f, 0xf81f, 0xf81f, 0xf81f, 0xf81f, 0xf81f,
0xf81f, 0xf81f, 0xf81f, 0xf81f, 0xf81f, 0xf81f, 0xf81f, 0x68e0, 0x7100, 0x8940,
0x7100, 0x68e0, 0xf81f, 0xf81f, 0xf81f, 0xf81f, 0xf81f, 0xf81f, 0xf81f, 0xf81f,
0xf81f, 0xf81f, 
0xf81f, 0xf81f, 0xf81f, 0xf81f, 0xf81f, 0xf81f, 0xf81f, 0xf81f, 0xf81f, 0x7100,
0xa2e7, 0x8940, 0x8940, 0x7100, 0x68e0, 0xf81f, 0xf81f, 0xf81f, 0xf81f, 0xf81f,
0xf81f, 0xf81f, 0xf81f, 0xf81f, 0xf81f, 0xf81f, 0xf81f, 0xf81f, 0xf81f, 0xf81f,
0xf81f, 0xf81f, 0xf81f, 0x68e0, 0x8940, 0xa2e7, 0x8940, 0x7100, 0x68e0, 0x50c0,
0xf81f, 0xf81f, 0xf81f, 0xf81f, 0xf81f, 0xf81f, 0xf81f, 0xf81f, 0xf81f, 0xf81f,
0xf81f, 0xf81f, 0xf81f, 0xf81f, 0xf81f, 0xf81f, 0xf81f, 0x7100, 0xa2e7, 0x8940,
0x8940, 0x68e0, 0x50c0, 0xf81f, 0xf81f, 0xf81f, 0xf81f, 0xf81f, 0xf81f, 0xf81f,
0xf81f, 0xf81f, 0xf81f, 0xf81f, 0xf81f, 0xf81f, 0xf81f, 0xf81f, 0xf81f, 0xf81f,
0xf81f, 0x7100, 0xa2e7, 0x8940, 0x8940, 0x7100, 0x68e0, 0xf81f, 0xf81f, 0xf81f,
0xf81f, 0xf81f, 0xf81f, 0xf81f, 0xf81f, 0xf81f, 0xf81f, 0xf81f, 0xf81f, 0xf81f,
0xf81f, 0xf81f, 0xf81f, 0xf81f, 0xf81f, 0x7100, 0xa2e7, 0x8940, 0x8940, 0x7100,
0x68e0, 0xf81f, 0xf81f, 0xf81f, 0xf81f, 0xf81f, 0xf81f, 0xf81f, 0xf81f, 0xf81f,
0xf81f, 0xf81f, 0xf81f, 0xf81f, 0xf81f, 0xf81f, 0xf81f, 0xf81f, 0xf81f, 0x7100,
0xa2e7, 0x8940, 0x8940, 0x7100, 0x68e0, 0xf81f, 0xf81f, 0xf81f, 0xf81f, 0xf81f,
0xf81f, 0xf81f, 0xf81f, 0xf81f, 0xf81f, 0xf81f, 0xf81f, 0xf81f, 0xf81f, 0xf81f,
0xf81f, 0xf81f, 0xf81f, 0x8940, 0xa2e7, 0x8940, 0x8940, 0x7100, 0x50c0, 0xf81f,
0xf81f, 0xf81f, 0xf81f, 0xf81f, 0xf81f, 0xf81f, 0xf81f, 0xf81f, 0xf81f, 0xf81f,
0xf81f, 0xf81f, 0xf81f, 0xf81f, 0xf81f, 0xf81f, 0x68e0, 0x8940, 0x8940, 0x8940,
0x7100, 0x7100, 0x68e0, 0xf81f, 0xf81f, 0xf81f, 0xf81f, 0xf81f, 0xf81f, 0xf81f,
0xf81f, 0xf81f, 
0xf81f, 0xf81f, 0xf81f, 0xf81f, 0xf81f, 0xf81f, 0xf81f, 0xf81f, 0xf81f, 0x7100,
0xa2e7, 0x8940, 0x8940, 0x7100, 0x68e0, 0xf81f, 0xf81f, 0xf81f, 0xf81f, 0xf81f,
0xf81f, 0xf81f, 0xf81f, 0xf81f, 0xf81f, 0xf81f, 0xf81f, 0xf81f, 0xf81f, 0xf81f,
0xf81f, 0xf81f, 0xf81f, 0x8940, 0xa2e7, 0x8940, 0x8940, 0x7100, 0x68e0, 0x50c0,
0xf81f, 0xf81f, 0xf81f, 0xf81f, 0xf81f, 0xf81f, 0xf81f, 0xf81f, 0xf81f, 0xf81f,
0xf81f, 0xf81f, 0xf81f, 0xf81f, 0xf81f, 0xf81f, 0xf81f, 0x7100, 0xa2e7, 0x8940,
0x8940, 0x7100, 0x68e0, 0x2040, 0xf81f, 0xf81f, 0xf81f, 0xf81f, 0xf81f, 0xf81f,
0xf81f, 0xf81f, 0xf81f, 0xf81f, 0xf81f, 0xf81f, 0xf81f, 0xf81f, 0xf81f, 0xf81f,
0xf81f, 0x7100, 0xa2e7, 0x8940, 0x8940, 0x8940, 0x7100, 0x50c0, 0xf81f, 0xf81f,
0xf81f, 0xf81f, 0xf81f, 0xf81f, 0xf81f, 0xf81f, 0xf81f, 0xf81f, 0xf81f, 0xf81f,
0xf81f, 0xf81f, 0xf81f, 0xf81f, 0xf81f, 0x7100, 0xa2e7, 0x8940, 0x8940, 0x7100,
0x68e0, 0xf81f, 0xf81f, 0xf81f, 0xf81f, 0xf81f, 0xf81f, 0xf81f, 0xf81f, 0xf81f,
0xf81f, 0xf81f, 0xf81f, 0xf81f, 0xf81f, 0xf81f, 0xf81f, 0xf81f, 0x50c0, 0xa2e7,
0x8940, 0x8940, 0x7100, 0x7100, 0x68e0, 0xf81f, 0xf81f, 0xf81f, 0xf81f, 0xf81f,
0xf81f, 0xf81f, 0xf81f, 0xf81f, 0xf81f, 0xf81f, 0xf81f, 0xf81f, 0xf81f, 0xf81f,
0xf81f, 0xf81f, 0x68e0, 0xa2e7, 0x8940, 0x8940, 0x7100, 0x7100, 0x68e0, 0xf81f,
0xf81f, 0xf81f, 0xf81f, 0xf81f, 0xf81f, 0xf81f, 0xf81f, 0xf81f, 0xf81f, 0xf81f,
0xf81f, 0xf81f, 0xf81f, 0xf81f, 0xf81f, 0xf81f, 0x8940, 0xa2e7, 0x8940, 0x8940,
0x7100, 0x7100, 0x68e0, 0xf81f, 0xf81f, 0xf81f, 0xf81f, 0xf81f, 0xf81f, 0xf81f,
0xf81f, 0xf81f, 
0xf81f, 0xf81f, 0xf81f, 0xf81f, 0xf81f, 0xf81f, 0xf81f, 0xf81f, 0xf81f, 0x7100,
0xa2e7, 0x8940, 0x8940, 0x7100, 0x68e0, 0xf81f, 0xf81f, 0xf81f, 0xf81f, 0xf81f,
0xf81f, 0xf81f, 0xf81f, 0xf81f, 0xf81f, 0xf81f, 0xf81f, 0xf81f, 0xf81f, 0xf81f,
0xf81f, 0xf81f, 0xf81f, 0x8940, 0xa2e7, 0x8940, 0x8940, 0x7100, 0x68e0, 0x07e0,
0xf81f, 0xf81f, 0xf81f, 0xf81f, 0xf81f, 0xf81f, 0xf81f, 0xf81f, 0xf81f, 0xf81f,
0xf81f, 0xf81f, 0xf81f, 0xf81f, 0xf81f, 0xf81f, 0xf81f, 0x68e0, 0xa2e7, 0x8940,
0x8940, 0x7100, 0x68e0, 0x07e0, 0xf81f, 0xf81f, 0xf81f, 0xf81f, 0xf81f, 0xf81f,
0xf81f, 0xf81f, 0xf81f, 0xf81f, 0xf81f, 0xf81f, 0xf81f, 0xf81f, 0xf81f, 0xf81f,
0xf81f, 0x7100, 0xa2e7, 0x8940, 0x8940, 0x8940, 0x7100, 0x50c0, 0xf81f, 0xf81f,
0xf81f, 0xf81f, 0xf81f, 0xf81f, 0xf81f, 0xf81f, 0xf81f, 0xf81f, 0xf81f, 0xf81f,
0xf81f, 0xf81f, 0xf81f, 0xf81f, 0xf81f, 0x7100, 0xa2e7, 0x8940, 0x8940, 0x7100,
0x68e0, 0xf81f, 0xf81f, 0xf81f, 0xf81f, 0xf81f, 0xf81f, 0xf81f, 0xf81f, 0xf81f,
0xf81f, 0xf81f, 0xf81f, 0xf81f, 0xf81f, 0xf81f, 0xf81f, 0xf81f, 0x68e0, 0xa2e7,
0x8940, 0x8940, 0x7100, 0x7100, 0x68e0, 0xf81f, 0xf81f, 0xf81f, 0xf81f, 0xf81f,
0xf81f, 0xf81f, 0xf81f, 0xf81f, 0xf81f, 0xf81f, 0xf81f, 0xf81f, 0xf81f, 0xf81f,
0xf81f, 0xf81f, 0x07e0, 0x8940, 0xa2e7, 0x8940, 0x7100, 0x7100, 0x68e0, 0xf81f,
0xf81f, 0xf81f, 0xf81f, 0xf81f, 0xf81f, 0xf81f, 0xf81f, 0xf81f, 0xf81f, 0xf81f,
0xf81f, 0xf81f, 0xf81f, 0xf81f, 0xf81f, 0xf81f, 0x07e0, 0x8940, 0x8940, 0x8940,
0x7100, 0x7100, 0x68e0, 0xf81f, 0xf81f, 0xf81f, 0xf81f, 0xf81f, 0xf81f, 0xf81f,
0xf81f, 0xf81f, 
0xf81f, 0xf81f, 0xf81f, 0xf81f, 0xf81f, 0xf81f, 0xf81f, 0xf81f, 0xf81f, 0x7100,
0x8940, 0x8940, 0x7100, 0x7100, 0x68e0, 0xf81f, 0xf81f, 0xf81f, 0xf81f, 0xf81f,
0xf81f, 0xf81f, 0xf81f, 0xf81f, 0xf81f, 0xf81f, 0xf81f, 0xf81f, 0xf81f, 0xf81f,
0xf81f, 0xf81f, 0xf81f, 0x8940, 0xa2e7, 0x8940, 0x8940, 0x8940, 0x07e0, 0x07e0,
0xf81f, 0xf81f, 0xf81f, 0xf81f, 0xf81f, 0xf81f, 0xf81f, 0xf81f, 0xf81f, 0xf81f,
0xf81f, 0xf81f, 0xf81f, 0xf81f, 0xf81f, 0xf81f, 0xf81f, 0x68e0, 0x8940, 0x07e0,
0x07e0, 0x07e0, 0x07e0, 0x07e0, 0x50c0, 0xf81f, 0xf81f, 0xf81f, 0xf81f, 0xf81f,
0xf81f, 0xf81f, 0xf81f, 0xf81f, 0xf81f, 0xf81f, 0xf81f, 0xf81f, 0xf81f, 0xf81f,
0xf81f, 0x07e0, 0x07e0, 0x07e0, 0x07e0, 0x07e0, 0x07e0, 0x07e0, 0xf81f, 0xf81f,
0xf81f, 0xf81f, 0xf81f, 0xf81f, 0xf81f, 0xf81f, 0xf81f, 0xf81f, 0xf81f, 0xf81f,
0xf81f, 0xf81f, 0xf81f, 0xf81f, 0xf81f, 0x07e0, 0x07e0, 0x07e0, 0x07e0, 0x07e0,
0x07e0, 0xf81f, 0xf81f, 0xf81f, 0xf81f, 0xf81f, 0xf81f, 0xf81f, 0xf81f, 0xf81f,
0xf81f, 0xf81f, 0xf81f, 0xf81f, 0xf81f, 0xf81f, 0xf81f, 0xf81f, 0x07e0, 0x07e0,
0x07e0, 0x07e0, 0x07e0, 0x07e0, 0x07e0, 0xf81f, 0xf81f, 0xf81f, 0xf81f, 0xf81f,
0xf81f, 0xf81f, 0xf81f, 0xf81f, 0xf81f, 0xf81f, 0xf81f, 0xf81f, 0xf81f, 0xf81f,
0xf81f, 0x8940, 0x07e0, 0x07e0, 0x07e0, 0x07e0, 0x07e0, 0x7100, 0x68e0, 0xf81f,
0xf81f, 0xf81f, 0xf81f, 0xf81f, 0xf81f, 0xf81f, 0xf81f, 0xf81f, 0xf81f, 0xf81f,
0xf81f, 0xf81f, 0xf81f, 0xf81f, 0xf81f, 0xf81f, 0x07e0, 0x07e0, 0xa2e7, 0x7100,
0x7100, 0x7100, 0x68e0, 0xf81f, 0xf81f, 0xf81f, 0xf81f, 0xf81f, 0xf81f, 0xf81f,
0xf81f, 0xf81f, 
0xf81f, 0xf81f, 0xf81f, 0xf81f, 0xf81f, 0xf81f, 0xf81f, 0xf81f, 0xf81f, 0x7100,
0x8940, 0x8940, 0x7100, 0x7100, 0x68e0, 0xf81f, 0xf81f, 0xf81f, 0xf81f, 0xf81f,
0xf81f, 0xf81f, 0xf81f, 0xf81f, 0xf81f, 0xf81f, 0xf81f, 0xf81f, 0xf81f, 0xf81f,
0xf81f, 0xf81f, 0xf81f, 0x7100, 0x8940, 0x8940, 0x8940, 0x7100, 0x8940, 0x68e0,
0xf81f, 0xf81f, 0xf81f, 0xf81f, 0xf81f, 0xf81f, 0xf81f, 0xf81f, 0xf81f, 0xf81f,
0xf81f, 0xf81f, 0xf81f, 0xf81f, 0xf81f, 0xf81f, 0xf81f, 0x8940, 0xa2e7, 0x8940,
0x7100, 0x07e0, 0x07e0, 0x07e0, 0x68e0, 0xf81f, 0xf81f, 0xf81f, 0xf81f, 0xf81f,
0xf81f, 0xf81f, 0xf81f, 0xf81f, 0xf81f, 0xf81f, 0xf81f, 0xf81f, 0xf81f, 0xf81f,
0xf81f, 0x7100, 0x07e0, 0x07e0, 0xa2e7, 0x7100, 0x07e0, 0x07e0, 0xf81f, 0xf81f,
0xf81f, 0xf81f, 0xf81f, 0xf81f, 0xf81f, 0xf81f, 0xf81f, 0xf81f, 0xf81f, 0xf81f,
0xf81f, 0xf81f, 0xf81f, 0xf81f, 0xf81f, 0x07e0, 0x07e0, 0xa2e7, 0x7100, 0x07e0,
0x07e0, 0xf81f, 0xf81f, 0xf81f, 0xf81f, 0xf81f, 0xf81f, 0xf81f, 0xf81f, 0xf81f,
0xf81f, 0xf81f, 0xf81f, 0xf81f, 0xf81f, 0xf81f, 0xf81f, 0xf81f, 0x07e0, 0x07e0,
0xa2e7, 0x7100, 0x07e0, 0x07e0, 0x68e0, 0xf81f, 0xf81f, 0xf81f, 0xf81f, 0xf81f,
0xf81f, 0xf81f, 0xf81f, 0xf81f, 0xf81f, 0xf81f, 0xf81f, 0xf81f, 0xf81f, 0xf81f,
0xf81f, 0x68e0, 0x07e0, 0x07e0, 0x07e0, 0x7100, 0x7100, 0x8940, 0x8940, 0xf81f,
0xf81f, 0xf81f, 0xf81f, 0xf81f, 0xf81f, 0xf81f, 0xf81f, 0xf81f, 0xf81f, 0xf81f,
0xf81f, 0xf81f, 0xf81f, 0xf81f, 0xf81f, 0xf81f, 0x8940, 0xa2e7, 0x8940, 0x7100,
0x68e0, 0x68e0, 0x50c0, 0xf81f, 0xf81f, 0xf81f, 0xf81f, 0xf81f, 0xf81f, 0xf81f,
0xf81f, 0xf81f, 
0xf81f, 0xf81f, 0xf81f, 0xf81f, 0xf81f, 0xf81f, 0xf81f, 0xf81f, 0xf81f, 0x50c0,
0x8940, 0x68e0, 0x68e0, 0x68e0, 0x50c0, 0x7800, 0x7800, 0xc638, 0x738e, 0xf81f,
0xf81f, 0xf81f, 0xf81f, 0xf81f, 0xf81f, 0xf81f, 0xf81f, 0xf81f, 0xf81f, 0xf81f,
0xf81f, 0xf81f, 0xf81f, 0x68e0, 0x8940, 0x68e0, 0x68e0, 0x7100, 0x68e0, 0x68e0,
0xe71c, 0xe71c, 0xc638, 0xf81f, 0xf81f, 0xf81f, 0xf81f, 0xf81f, 0xf81f, 0xf81f,
0xf81f, 0xf81f, 0xf81f, 0xf81f, 0xf81f, 0xf81f, 0xf81f, 0x7100, 0x8940, 0x7100,
0x8940, 0x7100, 0x7100, 0x50c0, 0xf81f, 0xf81f, 0xf81f, 0xf81f, 0xf81f, 0xf81f,
0xf81f, 0xf81f, 0xf81f, 0xf81f, 0xf81f, 0xf81f, 0xf81f, 0xf81f, 0xf81f, 0xf81f,
0xf81f, 0x7100, 0x8940, 0x8940, 0x7100, 0x68e0, 0x68e0, 0x68e0, 0xf81f, 0xf81f,
0xf81f, 0xf81f, 0xf81f, 0xf81f, 0xf81f, 0xf81f, 0xf81f, 0xf81f, 0xf81f, 0xf81f,
0xf81f, 0xf81f, 0xf81f, 0xf81f, 0xf81f, 0x7100, 0x8940, 0x7100, 0x68e0, 0x68e0,
0x7100, 0xf81f, 0xf81f, 0xf81f, 0xf81f, 0xf81f, 0xf81f, 0xf81f, 0xf81f, 0xf81f,
0xf81f, 0xf81f, 0xf81f, 0xf81f, 0xf81f, 0xf81f, 0xf81f, 0xf81f, 0x7100, 0x8940,
0x7100, 0x68e0, 0x68e0, 0x7100, 0x68e0, 0xf81f, 0xf81f, 0xf81f, 0xf81f, 0xf81f,
0xf81f, 0xf81f, 0xf81f, 0xf81f, 0xf81f, 0xf81f, 0xf81f, 0xf81f, 0xf81f, 0xf81f,
0xf81f, 0xf81f, 0x68e0, 0x7100, 0x8940, 0x8940, 0x7100, 0x8940, 0x50c0, 0xf81f,
0xf81f, 0xf81f, 0xf81f, 0xf81f, 0xf81f, 0xf81f, 0xf81f, 0xf81f, 0xf81f, 0xf81f,
0xf81f, 0xf81f, 0xf81f, 0xf81f, 0xf81f, 0xf81f, 0x8940, 0x8940, 0x7100, 0x68e0,
0x50c0, 0x50c0, 0x50c0, 0xf81f, 0xf81f, 0xf81f, 0xf81f, 0xf81f, 0xf81f, 0xf81f,
0xf81f, 0xf81f, 
0xf81f, 0xf81f, 0xf81f, 0xf81f, 0xf81f, 0xf81f, 0xf81f, 0xf81f, 0x0000, 0x0000,
0x8940, 0x8940, 0x68e0, 0x68e0, 0x0000, 0x0000, 0x7800, 0xa514, 0x0000, 0x0000,
0xf81f, 0xf81f, 0xf81f, 0xf81f, 0xf81f, 0xf81f, 0xf81f, 0xf81f, 0xf81f, 0xf81f,
0xf81f, 0xf81f, 0xf81f, 0x0000, 0x0000, 0x8940, 0x68e0, 0x68e0, 0x68e0, 0x50c0,
0x7800, 0xc638, 0xc638, 0x738e, 0xf81f, 0xf81f, 0xf81f, 0xf81f, 0xf81f, 0xf81f,
0xf81f, 0xf81f, 0xf81f, 0xf81f, 0xf81f, 0xf81f, 0xf81f, 0x68e0, 0x7100, 0x8940,
0x8940, 0x8940, 0x8940, 0x3880, 0xf81f, 0xf81f, 0xf81f, 0xf81f, 0xf81f, 0xf81f,
0xf81f, 0xf81f, 0xf81f, 0xf81f, 0xf81f, 0xf81f, 0xf81f, 0xf81f, 0xf81f, 0xf81f,
0xf81f, 0x8940, 0xa2e7, 0x8940, 0x50c0, 0x50c0, 0x7100, 0x68e0, 0xf81f, 0xf81f,
0xf81f, 0xf81f, 0xf81f, 0xf81f, 0xf81f, 0xf81f, 0xf81f, 0xf81f, 0xf81f, 0xf81f,
0xf81f, 0xf81f, 0xf81f, 0xf81f, 0x0000, 0x8940, 0xa2e7, 0x50c0, 0x50c0, 0x68e0,
0x7100, 0x0000, 0xf81f, 0xf81f, 0xf81f, 0xf81f, 0xf81f, 0xf81f, 0xf81f, 0xf81f,
0xf81f, 0xf81f, 0xf81f, 0xf81f, 0xf81f, 0xf81f, 0xf81f, 0xf81f, 0x8940, 0xa2e7,
0x50c0, 0x50c0, 0x68e0, 0x7100, 0x68e0, 0xf81f, 0xf81f, 0xf81f, 0xf81f, 0xf81f,
0xf81f, 0xf81f, 0xf81f, 0xf81f, 0xf81f, 0xf81f, 0xf81f, 0xf81f, 0xf81f, 0xf81f,
0xf81f, 0xf81f, 0x50c0, 0x8940, 0x7100, 0x7100, 0x7100, 0x68e0, 0x50c0, 0xf81f,
0xf81f, 0xf81f, 0xf81f, 0xf81f, 0xf81f, 0xf81f, 0xf81f, 0xf81f, 0xf81f, 0xf81f,
0xf81f, 0xf81f, 0xf81f, 0xf81f, 0xf81f, 0xf81f, 0x68e0, 0x8940, 0x8940, 0x68e0,
0x68e0, 0x50c0, 0x0000, 0x7800, 0x7800, 0xa514, 0xf81f, 0xf81f, 0xf81f, 0xf81f,
0xf81f, 0xf81f, 
0xf81f, 0xf81f, 0xf81f, 0xf81f, 0xf81f, 0xf81f, 0xc638, 0xc638, 0x7800, 0x0000,
0x0000, 0x7800, 0x7800, 0x0000, 0x0000, 0x0000, 0x6000, 0x4000, 0x0000, 0xf81f,
0xf81f, 0xf81f, 0xf81f, 0xf81f, 0xf81f, 0xf81f, 0xf81f, 0xf81f, 0xf81f, 0xf81f,
0xf81f, 0xf81f, 0x0000, 0x0000, 0x0000, 0x0000, 0x0000, 0x0000, 0x0000, 0x0000,
0x7800, 0xc638, 0x738e, 0x0000, 0xf81f, 0xf81f, 0xf81f, 0xf81f, 0xf81f, 0xf81f,
0xf81f, 0xf81f, 0xf81f, 0xf81f, 0xf81f, 0xf81f, 0xf81f, 0x0000, 0x50c0, 0x68e0,
0x8940, 0x7100, 0x8940, 0x68e0, 0xf81f, 0xf81f, 0xf81f, 0xf81f, 0xf81f, 0xf81f,
0xf81f, 0xf81f, 0xf81f, 0xf81f, 0xf81f, 0xf81f, 0xf81f, 0xf81f, 0xf81f, 0x8800,
0x0000, 0x0000, 0x8940, 0xa2e7, 0xa2e7, 0x8940, 0x7100, 0x50c0, 0xf81f, 0xf81f,
0xf81f, 0xf81f, 0xf81f, 0xf81f, 0xf81f, 0xf81f, 0xf81f, 0xf81f, 0xf81f, 0xf81f,
0xf81f, 0xf81f, 0xc638, 0xc638, 0x7800, 0x50c0, 0x8940, 0xa2e7, 0xa2e7, 0x7100,
0x50c0, 0x7800, 0x0000, 0xf81f, 0xf81f, 0xf81f, 0xf81f, 0xf81f, 0xf81f, 0xf81f,
0xf81f, 0xf81f, 0xf81f, 0xf81f, 0xf81f, 0xf81f, 0xf81f, 0xf81f, 0x50c0, 0x8940,
0xa2e7, 0xa2e7, 0x7100, 0x68e0, 0x0000, 0x0000, 0xf81f, 0xf81f, 0xf81f, 0xf81f,
0xf81f, 0xf81f, 0xf81f, 0xf81f, 0xf81f, 0xf81f, 0xf81f, 0xf81f, 0xf81f, 0xf81f,
0xf81f, 0xf81f, 0x8940, 0xa2e7, 0x8940, 0x68e0, 0x50c0, 0x50c0, 0x0000, 0xf81f,
0xf81f, 0xf81f, 0xf81f, 0xf81f, 0xf81f, 0xf81f, 0xf81f, 0xf81f, 0xf81f, 0xf81f,
0xf81f, 0xf81f, 0xf81f, 0xf81f, 0xf81f, 0x8800, 0x0000, 0x0000, 0x0000, 0x0000,
0x0000, 0x0000, 0x0000, 0x0000, 0x7800, 0xa514, 0x738e, 0xf81f, 0xf81f, 0xf81f,
0xf81f, 0xf81f, 
0xf81f, 0xf81f, 0xf81f, 0xf81f, 0xf81f, 0xf81f, 0xe71c, 0xe71c, 0x9800, 0x0000,
0x7800, 0x7800, 0x7800, 0x0000, 0x0000, 0x7800, 0x6000, 0x0000, 0xf81f, 0xf81f,
0xf81f, 0xf81f, 0xf81f, 0xf81f, 0xf81f, 0xf81f, 0xf81f, 0xf81f, 0xf81f, 0xf81f,
0xe71c, 0xc638, 0x7800, 0x0000, 0x0000, 0x7800, 0x7800, 0x0000, 0x0000, 0x0000,
0x6000, 0x6000, 0x0000, 0xf81f, 0xf81f, 0xf81f, 0xf81f, 0xf81f, 0xf81f, 0xf81f,
0xf81f, 0xf81f, 0xf81f, 0xf81f, 0xf81f, 0xf81f, 0x0000, 0x0000, 0x0000, 0x0000,
0x0000, 0x0000, 0x0000, 0x0000, 0x7800, 0xc638, 0xa514, 0xf81f, 0xf81f, 0xf81f,
0xf81f, 0xf81f, 0xf81f, 0xf81f, 0xf81f, 0xf81f, 0xf81f, 0xf81f, 0xe71c, 0xe71c,
0x7800, 0x0000, 0x0000, 0x7800, 0x9800, 0x0000, 0x9800, 0x9800, 0xc638, 0xa514,
0xf81f, 0xf81f, 0xf81f, 0xf81f, 0xf81f, 0xf81f, 0xf81f, 0xf81f, 0xf81f, 0xf81f,
0xf81f, 0xf81f, 0xe71c, 0xe71c, 0x9800, 0x0000, 0x7800, 0x7800, 0x9800, 0x9800,
0x9800, 0xe71c, 0xc638, 0xf81f, 0xf81f, 0xf81f, 0xf81f, 0xf81f, 0xf81f, 0xf81f,
0xf81f, 0xf81f, 0xf81f, 0xf81f, 0xf81f, 0xf81f, 0xe71c, 0xc638, 0x7800, 0x0000,
0x0000, 0x7800, 0x9800, 0x0000, 0x7800, 0x9800, 0xc638, 0xf81f, 0xf81f, 0xf81f,
0xf81f, 0xf81f, 0xf81f, 0xf81f, 0xf81f, 0xf81f, 0xf81f, 0xf81f, 0xf81f, 0xf81f,
0xf81f, 0xf81f, 0x0000, 0x0000, 0x0000, 0x0000, 0x0000, 0x0000, 0x0000, 0x0000,
0x7800, 0xa514, 0xf81f, 0xf81f, 0xf81f, 0xf81f, 0xf81f, 0xf81f, 0xf81f, 0xf81f,
0xf81f, 0xf81f, 0xf81f, 0xf81f, 0xe71c, 0xe71c, 0x7800, 0x0000, 0x0000, 0x7800,
0x7800, 0x0000, 0x0000, 0x0000, 0x6000, 0x0000, 0x0000, 0xf81f, 0xf81f, 0xf81f,
0xf81f, 0xf81f, 
0xf81f, 0xf81f, 0xf81f, 0xf81f, 0xf81f, 0xe71c, 0xe71c, 0xa514, 0x7800, 0x18e3,
0x18e3, 0x9800, 0x7800, 0x0000, 0x7800, 0x6000, 0x4000, 0x0000, 0xf81f, 0xf81f,
0xf81f, 0xf81f, 0xf81f, 0xf81f, 0xf81f, 0xf81f, 0xf81f, 0xf81f, 0xf81f, 0xf81f,
0xe71c, 0xe71c, 0x9800, 0x0000, 0x9800, 0x7800, 0x7800, 0x0000, 0x0000, 0x7800,
0x6000, 0x4000, 0xf81f, 0xf81f, 0xf81f, 0xf81f, 0xf81f, 0xf81f, 0xf81f, 0xf81f,
0xf81f, 0xf81f, 0xf81f, 0xf81f, 0xe71c, 0xe71c, 0x7800, 0x0000, 0x0000, 0x7800,
0x9800, 0x0000, 0x0000, 0x0000, 0x7800, 0xc638, 0xa514, 0x738e, 0xf81f, 0xf81f,
0xf81f, 0xf81f, 0xf81f, 0xf81f, 0xf81f, 0xf81f, 0xf81f, 0xc638, 0xffff, 0xc638,
0x7800, 0x0000, 0x7800, 0x7800, 0x9800, 0x9800, 0x9800, 0x9800, 0xe71c, 0xc638,
0xa514, 0xf81f, 0xf81f, 0xf81f, 0xf81f, 0xf81f, 0xf81f, 0xf81f, 0xf81f, 0xf81f,
0xf81f, 0xe71c, 0xe71c, 0xa514, 0x7800, 0x18e3, 0x18e3, 0x6000, 0xb1e7, 0x9800,
0x7800, 0xe71c, 0xc638, 0x738e, 0xf81f, 0xf81f, 0xf81f, 0xf81f, 0xf81f, 0xf81f,
0xf81f, 0xf81f, 0xf81f, 0xf81f, 0xf81f, 0xf81f, 0xe71c, 0xe71c, 0x9800, 0x0000,
0x7800, 0x7800, 0x9800, 0x9800, 0x9800, 0xe71c, 0xc638, 0x738e, 0xf81f, 0xf81f,
0xf81f, 0xf81f, 0xf81f, 0xf81f, 0xf81f, 0xf81f, 0xf81f, 0xf81f, 0xf81f, 0xf81f,
0xe71c, 0xe71c, 0x7800, 0x0000, 0x0000, 0x7800, 0x9800, 0x0000, 0x0000, 0x0000,
0x7800, 0xc638, 0x738e, 0xf81f, 0xf81f, 0xf81f, 0xf81f, 0xf81f, 0xf81f, 0xf81f,
0xf81f, 0xf81f, 0xf81f, 0xc638, 0xffff, 0xc638, 0x7800, 0x0000, 0x9800, 0x7800,
0x7800, 0x0000, 0x0000, 0x6000, 0x4000, 0x0000, 0x738e, 0xf81f, 0xf81f, 0xf81f,
0xf81f, 0xf81f, 
0xf81f, 0xf81f, 0xf81f, 0xf81f, 0xf81f, 0xffff, 0xc638, 0xa514, 0x6000, 0x7800,
0x18e3, 0x0000, 0x7800, 0x7800, 0x6000, 0x4000, 0x0000, 0x0000, 0xf81f, 0xf81f,
0xf81f, 0xf81f, 0xf81f, 0xf81f, 0xf81f, 0xf81f, 0xf81f, 0xf81f, 0xf81f, 0xc638,
0xe71c, 0xa514, 0x7800, 0x18e3, 0x18e3, 0x9800, 0x7800, 0x0000, 0x7800, 0x6000,
0x4000, 0x0000, 0xf81f, 0xf81f, 0xf81f, 0xf81f, 0xf81f, 0xf81f, 0xf81f, 0xf81f,
0xf81f, 0xf81f, 0xf81f, 0xf81f, 0xffff, 0xe71c, 0x7800, 0x0000, 0x9800, 0x7800,
0x9800, 0x0000, 0x7800, 0x7800, 0x7800, 0xa514, 0xa514, 0x738e, 0xf81f, 0xf81f,
0xf81f, 0xf81f, 0xf81f, 0xf81f, 0xf81f, 0xf81f, 0xf81f, 0xe71c, 0xc638, 0xa514,
0xa514, 0x7800, 0x18e3, 0x7800, 0xb1e7, 0x9800, 0x7800, 0x7800, 0xc638, 0xc638,
0xa514, 0xf81f, 0xf81f, 0xf81f, 0xf81f, 0xf81f, 0xf81f, 0xf81f, 0xf81f, 0xf81f,
0xf81f, 0xffff, 0xc638, 0xa514, 0x6000, 0x7800, 0x18e3, 0x0000, 0x7800, 0x6000,
0x4000, 0xe71c, 0xc638, 0xa514, 0x0000, 0xf81f, 0xf81f, 0xf81f, 0xf81f, 0xf81f,
0xf81f, 0xf81f, 0xf81f, 0xf81f, 0xf81f, 0xc638, 0xe71c, 0xa514, 0x7800, 0x18e3,
0x18e3, 0x7800, 0xb1e7, 0x0000, 0x7800, 0xe71c, 0xc638, 0xa514, 0xf81f, 0xf81f,
0xf81f, 0xf81f, 0xf81f, 0xf81f, 0xf81f, 0xf81f, 0xf81f, 0xf81f, 0xf81f, 0xf81f,
0xffff, 0xe71c, 0x7800, 0x0000, 0x9800, 0x7800, 0x9800, 0x0000, 0x0000, 0x7800,
0x6000, 0xa514, 0xa514, 0x0000, 0xf81f, 0xf81f, 0xf81f, 0xf81f, 0xf81f, 0xf81f,
0xf81f, 0xf81f, 0xf81f, 0xe71c, 0xc638, 0xa514, 0xa514, 0x7800, 0x18e3, 0x9800,
0x7800, 0x0000, 0x7800, 0x6000, 0x0000, 0x7100, 0xf81f, 0xf81f, 0xf81f, 0xf81f,
0xf81f, 0xf81f, 
0xf81f, 0xf81f, 0xf81f, 0xf81f, 0xf81f, 0x8940, 0x8940, 0x7100, 0x9800, 0x9800,
0x9800, 0x0000, 0x7800, 0x6000, 0x6000, 0x4000, 0x0000, 0x0000, 0xf81f, 0xf81f,
0xf81f, 0xf81f, 0xf81f, 0xf81f, 0xf81f, 0xf81f, 0xf81f, 0xf81f, 0xf81f, 0xffff,
0x7100, 0xa514, 0x7800, 0x7800, 0x18e3, 0x0000, 0x7800, 0x7800, 0x6000, 0x4000,
0x0000, 0x0000, 0xf81f, 0xf81f, 0xf81f, 0xf81f, 0xf81f, 0xf81f, 0xf81f, 0xf81f,
0xf81f, 0xf81f, 0xf81f, 0xe71c, 0xe71c, 0xa514, 0x7800, 0x18e3, 0x18e3, 0x7800,
0x9800, 0x0000, 0x7800, 0x7800, 0x4000, 0x0000, 0x738e, 0x0000, 0xf81f, 0xf81f,
0xf81f, 0xf81f, 0xf81f, 0xf81f, 0xf81f, 0xf81f, 0xf81f, 0xe71c, 0x8940, 0x7100,
0x7800, 0x7800, 0x18e3, 0x0000, 0x9800, 0x7800, 0x6000, 0x4000, 0xa514, 0xa514,
0x0000, 0xf81f, 0xf81f, 0xf81f, 0xf81f, 0xf81f, 0xf81f, 0xf81f, 0xf81f, 0xf81f,
0xf81f, 0x8940, 0x8940, 0x7100, 0x9800, 0x9800, 0x7800, 0x0000, 0x7800, 0x6000,
0x4000, 0xa514, 0xa514, 0x738e, 0xf81f, 0xf81f, 0xf81f, 0xf81f, 0xf81f, 0xf81f,
0xf81f, 0xf81f, 0xf81f, 0xf81f, 0xf81f, 0xffff, 0x7100, 0xa514, 0x7800, 0x7800,
0x18e3, 0x0000, 0x7800, 0x6000, 0x7100, 0xc638, 0xa514, 0x0000, 0xf81f, 0xf81f,
0xf81f, 0xf81f, 0xf81f, 0xf81f, 0xf81f, 0xf81f, 0xf81f, 0xf81f, 0xf81f, 0xe71c,
0xe71c, 0xa514, 0x7800, 0x18e3, 0x18e3, 0x7800, 0x7800, 0x0000, 0x7800, 0x6000,
0x0000, 0xc638, 0x738e, 0xf81f, 0xf81f, 0xf81f, 0xf81f, 0xf81f, 0xf81f, 0xf81f,
0xf81f, 0xf81f, 0xf81f, 0xe71c, 0x8940, 0x7100, 0x7800, 0x7800, 0x18e3, 0x0000,
0x7800, 0x7800, 0x6000, 0x4000, 0x0000, 0x0000, 0xf81f, 0xf81f, 0xf81f, 0xf81f,
0xf81f, 0xf81f, 
0xf81f, 0xf81f, 0xf81f, 0xf81f, 0xf81f, 0x8940, 0x8940, 0x7100, 0x9800, 0x9800,
0x7800, 0x7800, 0x0000, 0x6000, 0x6000, 0x4000, 0x0000, 0x0000, 0xf81f, 0xf81f,
0xf81f, 0xf81f, 0xf81f, 0xf81f, 0xf81f, 0xf81f, 0xf81f, 0xf81f, 0xf81f, 0x8940,
0x8940, 0x7100, 0x9800, 0x9800, 0x9800, 0x0000, 0x7800, 0x6000, 0x6000, 0x4000,
0x4000, 0x0000, 0xf81f, 0xf81f, 0xf81f, 0xf81f, 0xf81f, 0xf81f, 0xf81f, 0xf81f,
0xf81f, 0xf81f, 0xf81f, 0xe71c, 0x7100, 0xa514, 0x7800, 0x7800, 0x18e3, 0x0000,
0x7800, 0x7800, 0x6000, 0x4000, 0x0000, 0xc638, 0xa514, 0x0000, 0xf81f, 0xf81f,
0xf81f, 0xf81f, 0xf81f, 0xf81f, 0xf81f, 0xf81f, 0xf81f, 0x8940, 0x8940, 0x7100,
0x9800, 0x9800, 0x7800, 0x0000, 0x0000, 0x6000, 0x6000, 0x0000, 0xa514, 0x738e,
0xf81f, 0xf81f, 0xf81f, 0xf81f, 0xf81f, 0xf81f, 0xf81f, 0xf81f, 0xf81f, 0xf81f,
0xf81f, 0x8940, 0x8940, 0x7100, 0x9800, 0x9800, 0x7800, 0x7800, 0x0000, 0x7100,
0x7100, 0x7100, 0x738e, 0x0000, 0xf81f, 0xf81f, 0xf81f, 0xf81f, 0xf81f, 0xf81f,
0xf81f, 0xf81f, 0xf81f, 0xf81f, 0xf81f, 0x8940, 0x8940, 0x7100, 0x9800, 0x9800,
0x7800, 0x0000, 0x7800, 0x6000, 0x3880, 0x0000, 0x0000, 0x0000, 0xf81f, 0xf81f,
0xf81f, 0xf81f, 0xf81f, 0xf81f, 0xf81f, 0xf81f, 0xf81f, 0xf81f, 0xf81f, 0xe71c,
0x7100, 0xa514, 0x7800, 0x7800, 0x18e3, 0x0000, 0x7800, 0x7800, 0x6000, 0x0000,
0x0000, 0xc638, 0x0000, 0xf81f, 0xf81f, 0xf81f, 0xf81f, 0xf81f, 0xf81f, 0xf81f,
0xf81f, 0xf81f, 0xf81f, 0x8940, 0x8940, 0x7100, 0x9800, 0x9800, 0x9800, 0x0000,
0x0000, 0x6000, 0x6000, 0x4000, 0x0000, 0x0000, 0xf81f, 0xf81f, 0xf81f, 0xf81f,
0xf81f, 0xf81f, 
0xf81f, 0xf81f, 0xf81f, 0xf81f, 0xf81f, 0x7100, 0x7100, 0x3880, 0x0000, 0x9800,
0x7800, 0x7800, 0x6000, 0x0000, 0x4000, 0x4000, 0x0000, 0xf81f, 0xf81f, 0xf81f,
0xf81f, 0xf81f, 0xf81f, 0xf81f, 0xf81f, 0xf81f, 0xf81f, 0xf81f, 0xf81f, 0x8940,
0x7100, 0x7100, 0x9800, 0x9800, 0x7800, 0x7800, 0x0000, 0x6000, 0x6000, 0x4000,
0x0000, 0x0000, 0xf81f, 0xf81f, 0xf81f, 0xf81f, 0xf81f, 0xf81f, 0xf81f, 0xf81f,
0xf81f, 0xf81f, 0xf81f, 0x8940, 0x8940, 0x7100, 0x9800, 0x9800, 0x9800, 0x0000,
0x7800, 0x7800, 0x6000, 0x4000, 0x0000, 0x8940, 0x7100, 0xf81f, 0xf81f, 0xf81f,
0xf81f, 0xf81f, 0xf81f, 0xf81f, 0xf81f, 0xf81f, 0xf81f, 0x8940, 0x7100, 0x7100,
0x9800, 0x9800, 0x7800, 0x7800, 0x0000, 0x6000, 0x4000, 0x7100, 0x3880, 0x0000,
0xf81f, 0xf81f, 0xf81f, 0xf81f, 0xf81f, 0xf81f, 0xf81f, 0xf81f, 0xf81f, 0xf81f,
0xf81f, 0x7100, 0x7100, 0x3880, 0x0000, 0x9800, 0x7800, 0x7800, 0x6000, 0x0000,
0x3880, 0x3880, 0x0000, 0x0000, 0xf81f, 0xf81f, 0xf81f, 0xf81f, 0xf81f, 0xf81f,
0xf81f, 0xf81f, 0xf81f, 0xf81f, 0xf81f, 0x8940, 0x7100, 0x7100, 0x9800, 0x9800,
0x7800, 0x7800, 0x0000, 0x6000, 0x4000, 0x4000, 0x0000, 0x0000, 0xf81f, 0xf81f,
0xf81f, 0xf81f, 0xf81f, 0xf81f, 0xf81f, 0xf81f, 0xf81f, 0xf81f, 0xf81f, 0x8940,
0x8940, 0x7100, 0x9800, 0x9800, 0x9800, 0x0000, 0x7800, 0x6000, 0x4000, 0x4000,
0x0000, 0x3880, 0xf81f, 0xf81f, 0xf81f, 0xf81f, 0xf81f, 0xf81f, 0xf81f, 0xf81f,
0xf81f, 0xf81f, 0xf81f, 0x8940, 0x7100, 0x7100, 0x9800, 0x9800, 0x7800, 0x7800,
0x0000, 0x6000, 0x6000, 0x4000, 0x0000, 0x0000, 0xf81f, 0xf81f, 0xf81f, 0xf81f,
0xf81f, 0xf81f, 
0xf81f, 0xf81f, 0xf81f, 0xf81f, 0xf81f, 0xf81f, 0xf81f, 0x4a71, 0x0000, 0x0000,
0x0000, 0x0000, 0x0000, 0x0000, 0x0000, 0x0000, 0x2128, 0xf81f, 0xf81f, 0xf81f,
0xf81f, 0xf81f, 0xf81f, 0xf81f, 0xf81f, 0xf81f, 0xf81f, 0xf81f, 0xf81f, 0x7100,
0x7100, 0x3880, 0x0000, 0x7800, 0x7800, 0x7800, 0x6000, 0x0000, 0x4000, 0x4000,
0x0000, 0xf81f, 0xf81f, 0xf81f, 0xf81f, 0xf81f, 0xf81f, 0xf81f, 0xf81f, 0xf81f,
0xf81f, 0xf81f, 0xf81f, 0x8940, 0x7100, 0x7100, 0x9800, 0x9800, 0x7800, 0x7800,
0x0000, 0x6000, 0x6000, 0x4000, 0x0000, 0x3880, 0x3880, 0xf81f, 0xf81f, 0xf81f,
0xf81f, 0xf81f, 0xf81f, 0xf81f, 0xf81f, 0xf81f, 0xf81f, 0x7100, 0x7100, 0x3880,
0x0000, 0x7800, 0x7800, 0x7800, 0x6000, 0x0000, 0x0000, 0x7100, 0x0000, 0x0000,
0xf81f, 0xf81f, 0xf81f, 0xf81f, 0xf81f, 0xf81f, 0xf81f, 0xf81f, 0xf81f, 0xf81f,
0xf81f, 0xf81f, 0xf81f, 0x422f, 0x0000, 0x0000, 0x0000, 0x0000, 0x0000, 0x0000,
0x0000, 0x0000, 0x31ac, 0xf81f, 0xf81f, 0xf81f, 0xf81f, 0xf81f, 0xf81f, 0xf81f,
0xf81f, 0xf81f, 0xf81f, 0xf81f, 0xf81f, 0x7100, 0x7100, 0x3880, 0x0000, 0x7800,
0x7800, 0x7800, 0x6000, 0x0000, 0x4000, 0x0000, 0x0000, 0xf81f, 0xf81f, 0xf81f,
0xf81f, 0xf81f, 0xf81f, 0xf81f, 0xf81f, 0xf81f, 0xf81f, 0xf81f, 0xf81f, 0x8940,
0x7100, 0x7100, 0x9800, 0x9800, 0x7800, 0x7800, 0x0000, 0x6000, 0x4000, 0x4000,
0x0000, 0x3880, 0xf81f, 0xf81f, 0xf81f, 0xf81f, 0xf81f, 0xf81f, 0xf81f, 0xf81f,
0xf81f, 0xf81f, 0xf81f, 0x7100, 0x7100, 0x3880, 0x0000, 0x7800, 0x7800, 0x7800,
0x6000, 0x0000, 0x0000, 0x0000, 0x0000, 0xf81f, 0xf81f, 0xf81f, 0xf81f, 0xf81f,
0xf81f, 0xf81f, 
0xf81f, 0xf81f, 0xf81f, 0xf81f, 0xf81f, 0xf81f, 0xf81f, 0x4a71, 0x4a71, 0x4a71,
0x422f, 0x0000, 0xf81f, 0x4a71, 0x4a71, 0x4a71, 0x31ac, 0x0000, 0xf81f, 0xf81f,
0xf81f, 0xf81f, 0xf81f, 0xf81f, 0xf81f, 0xf81f, 0xf81f, 0xf81f, 0xf81f, 0xf81f,
0xf81f, 0xf81f, 0x0000, 0x0000, 0x0000, 0x0000, 0x0000, 0x0000, 0x0000, 0x0000,
0x0000, 0xf81f, 0xf81f, 0xf81f, 0xf81f, 0xf81f, 0xf81f, 0xf81f, 0xf81f, 0xf81f,
0xf81f, 0xf81f, 0xf81f, 0x7100, 0x7100, 0x3880, 0x0000, 0x7800, 0x7800, 0x7800,
0x6000, 0x0000, 0x4000, 0x0000, 0x0000, 0xf81f, 0xf81f, 0xf81f, 0xf81f, 0xf81f,
0xf81f, 0xf81f, 0xf81f, 0xf81f, 0xf81f, 0xf81f, 0xf81f, 0xf81f, 0xf81f, 0x422f,
0x422f, 0x0000, 0x0000, 0x0000, 0x0000, 0x0000, 0x0000, 0x0000, 0x422f, 0x0000,
0xf81f, 0xf81f, 0xf81f, 0xf81f, 0xf81f, 0xf81f, 0xf81f, 0xf81f, 0xf81f, 0xf81f,
0xf81f, 0xf81f, 0x422f, 0x4a71, 0x422f, 0x31ac, 0x0000, 0xf81f, 0x422f, 0x4a71,
0x422f, 0x422f, 0x31ac, 0xf81f, 0xf81f, 0xf81f, 0xf81f, 0xf81f, 0xf81f, 0xf81f,
0xf81f, 0xf81f, 0xf81f, 0xf81f, 0xf81f, 0xf81f, 0xf81f, 0x2128, 0x0000, 0x0000,
0x0000, 0x0000, 0x0000, 0x0000, 0x0000, 0x0000, 0xf81f, 0xf81f, 0xf81f, 0xf81f,
0xf81f, 0xf81f, 0xf81f, 0xf81f, 0xf81f, 0xf81f, 0xf81f, 0xf81f, 0xf81f, 0x7100,
0x7100, 0x3880, 0x0000, 0x7800, 0x7800, 0x7800, 0x6000, 0x0000, 0x4000, 0x0000,
0x0000, 0xf81f, 0xf81f, 0xf81f, 0xf81f, 0xf81f, 0xf81f, 0xf81f, 0xf81f, 0xf81f,
0xf81f, 0xf81f, 0xf81f, 0xf81f, 0x422f, 0x4a71, 0x2128, 0x0000, 0x0000, 0x0000,
0x0000, 0x0000, 0x0000, 0x10a4, 0x0000, 0xf81f, 0xf81f, 0xf81f, 0xf81f, 0xf81f,
0xf81f, 0xf81f, 
0xf81f, 0xf81f, 0xf81f, 0xf81f, 0xf81f, 0xf81f, 0xf81f, 0x422f, 0x4a71, 0x422f,
0x2128, 0xf81f, 0xf81f, 0x31ac, 0x10a4, 0x10a4, 0x0000, 0x0000, 0xf81f, 0xf81f,
0xf81f, 0xf81f, 0xf81f, 0xf81f, 0xf81f, 0xf81f, 0xf81f, 0xf81f, 0xf81f, 0xf81f,
0xf81f, 0xf81f, 0xf81f, 0xf81f, 0xf81f, 0xf81f, 0xf81f, 0x4a71, 0x422f, 0x31ac,
0x0000, 0xf81f, 0xf81f, 0xf81f, 0xf81f, 0xf81f, 0xf81f, 0xf81f, 0xf81f, 0xf81f,
0xf81f, 0xf81f, 0xf81f, 0xf81f, 0xf81f, 0xf81f, 0x4000, 0x0000, 0x0000, 0x0000,
0x0000, 0x0000, 0x0000, 0x0000, 0x0000, 0x4a71, 0xf81f, 0xf81f, 0xf81f, 0xf81f,
0xf81f, 0xf81f, 0xf81f, 0xf81f, 0xf81f, 0xf81f, 0xf81f, 0xf81f, 0x4a71, 0x4a71,
0x4a71, 0x422f, 0x2128, 0xf81f, 0x422f, 0x4a71, 0x422f, 0x422f, 0x422f, 0x0000,
0xf81f, 0xf81f, 0xf81f, 0xf81f, 0xf81f, 0xf81f, 0xf81f, 0xf81f, 0xf81f, 0xf81f,
0xf81f, 0xf81f, 0x422f, 0x2128, 0x0000, 0x0000, 0x0000, 0xf81f, 0xf81f, 0x422f,
0x422f, 0x422f, 0x0000, 0xf81f, 0xf81f, 0xf81f, 0xf81f, 0xf81f, 0xf81f, 0xf81f,
0xf81f, 0xf81f, 0xf81f, 0xf81f, 0xf81f, 0xf81f, 0xf81f, 0x4a71, 0x422f, 0x31ac,
0x2128, 0xf81f, 0xf81f, 0xf81f, 0xf81f, 0xf81f, 0xf81f, 0xf81f, 0xf81f, 0xf81f,
0xf81f, 0xf81f, 0xf81f, 0xf81f, 0xf81f, 0xf81f, 0xf81f, 0xf81f, 0xf81f, 0xf81f,
0x422f, 0x31ac, 0x4000, 0x0000, 0x0000, 0x0000, 0x0000, 0x0000, 0x0000, 0x0000,
0xf81f, 0xf81f, 0xf81f, 0xf81f, 0xf81f, 0xf81f, 0xf81f, 0xf81f, 0xf81f, 0xf81f,
0xf81f, 0xf81f, 0xf81f, 0xf81f, 0xf81f, 0x4a71, 0x4a71, 0x4a71, 0x4a71, 0x0000,
0xf81f, 0x4a71, 0x4a71, 0x422f, 0x422f, 0x2128, 0xf81f, 0xf81f, 0xf81f, 0xf81f,
0xf81f, 0xf81f, 
0xf81f, 0xf81f, 0xf81f, 0xf81f, 0xf81f, 0xf81f, 0xf81f, 0xf81f, 0x31ac, 0x2128,
0x0000, 0xf81f, 0xf81f, 0x0000, 0x0000, 0x0000, 0x0000, 0x0000, 0xf81f, 0xf81f,
0xf81f, 0xf81f, 0xf81f, 0xf81f, 0xf81f, 0xf81f, 0xf81f, 0xf81f, 0xf81f, 0xf81f,
0xf81f, 0xf81f, 0xf81f, 0xf81f, 0xf81f, 0xf81f, 0xf81f, 0x4a71, 0x4a71, 0x4a71,
0x31ac, 0x0000, 0xf81f, 0xf81f, 0xf81f, 0xf81f, 0xf81f, 0xf81f, 0xf81f, 0xf81f,
0xf81f, 0xf81f, 0xf81f, 0xf81f, 0xf81f, 0xf81f, 0xf81f, 0xf81f, 0xf81f, 0xf81f,
0xf81f, 0x10a4, 0x0000, 0x0000, 0x4a71, 0x4a71, 0xf81f, 0xf81f, 0xf81f, 0xf81f,
0xf81f, 0xf81f, 0xf81f, 0xf81f, 0xf81f, 0xf81f, 0xf81f, 0xf81f, 0x4a71, 0x4a71,
0x422f, 0x422f, 0x2128, 0xf81f, 0xf81f, 0x4a71, 0x4a71, 0x422f, 0x31ac, 0xf81f,
0xf81f, 0xf81f, 0xf81f, 0xf81f, 0xf81f, 0xf81f, 0xf81f, 0xf81f, 0xf81f, 0xf81f,
0xf81f, 0xf81f, 0x2128, 0x0000, 0x0000, 0x0000, 0x0000, 0xf81f, 0xf81f, 0x31ac,
0x31ac, 0x10a4, 0xf81f, 0xf81f, 0xf81f, 0xf81f, 0xf81f, 0xf81f, 0xf81f, 0xf81f,
0xf81f, 0xf81f, 0xf81f, 0xf81f, 0xf81f, 0xf81f, 0x4a71, 0x4a71, 0x422f, 0x31ac,
0x0000, 0xf81f, 0xf81f, 0xf81f, 0xf81f, 0xf81f, 0xf81f, 0xf81f, 0xf81f, 0xf81f,
0xf81f, 0xf81f, 0xf81f, 0xf81f, 0xf81f, 0xf81f, 0xf81f, 0xf81f, 0xf81f, 0xf81f,
0x422f, 0x2128, 0x0000, 0x0000, 0x4a71, 0xf81f, 0xf81f, 0xf81f, 0xf81f, 0xf81f,
0xf81f, 0xf81f, 0xf81f, 0xf81f, 0xf81f, 0xf81f, 0xf81f, 0xf81f, 0xf81f, 0xf81f,
0xf81f, 0xf81f, 0xf81f, 0xf81f, 0xf81f, 0x4a71, 0x4a71, 0x4a71, 0x2128, 0xf81f,
0xf81f, 0x4a71, 0x4a71, 0x4a71, 0x422f, 0x2128, 0xf81f, 0xf81f, 0xf81f, 0xf81f,
0xf81f, 0xf81f, 
0xf81f, 0xf81f, 0xf81f, 0xf81f, 0xf81f, 0xf81f, 0xf81f, 0xf81f, 0xf81f, 0xf81f,
0xf81f, 0xf81f, 0xf81f, 0xf81f, 0x0000, 0x0000, 0x0000, 0xf81f, 0xf81f, 0xf81f,
0xf81f, 0xf81f, 0xf81f, 0xf81f, 0xf81f, 0xf81f, 0xf81f, 0xf81f, 0xf81f, 0xf81f,
0xf81f, 0xf81f, 0xf81f, 0xf81f, 0xf81f, 0xf81f, 0xf81f, 0x4a71, 0x4a71, 0x422f,
0x2128, 0x0000, 0xf81f, 0xf81f, 0xf81f, 0xf81f, 0xf81f, 0xf81f, 0xf81f, 0xf81f,
0xf81f, 0xf81f, 0xf81f, 0xf81f, 0xf81f, 0xf81f, 0xf81f, 0xf81f, 0xf81f, 0xf81f,
0xf81f, 0x4a71, 0x31ac, 0x422f, 0x422f, 0x10a4, 0xf81f, 0xf81f, 0xf81f, 0xf81f,
0xf81f, 0xf81f, 0xf81f, 0xf81f, 0xf81f, 0xf81f, 0xf81f, 0xf81f, 0x4a71, 0x4a71,
0x422f, 0x31ac, 0x0000, 0xf81f, 0xf81f, 0x31ac, 0x4a71, 0x422f, 0x0000, 0xf81f,
0xf81f, 0xf81f, 0xf81f, 0xf81f, 0xf81f, 0xf81f, 0xf81f, 0xf81f, 0xf81f, 0xf81f,
0xf81f, 0xf81f, 0xf81f, 0x0000, 0x0000, 0x0000, 0x0000, 0xf81f, 0xf81f, 0xf81f,
0xf81f, 0xf81f, 0xf81f, 0xf81f, 0xf81f, 0xf81f, 0xf81f, 0xf81f, 0xf81f, 0xf81f,
0xf81f, 0xf81f, 0xf81f, 0xf81f, 0xf81f, 0xf81f, 0x422f, 0x422f, 0x31ac, 0x2128,
0x0000, 0xf81f, 0xf81f, 0xf81f, 0xf81f, 0xf81f, 0xf81f, 0xf81f, 0xf81f, 0xf81f,
0xf81f, 0xf81f, 0xf81f, 0xf81f, 0xf81f, 0xf81f, 0xf81f, 0xf81f, 0xf81f, 0xf81f,
0x4a71, 0x31ac, 0x31ac, 0x422f, 0x10a4, 0xf81f, 0xf81f, 0xf81f, 0xf81f, 0xf81f,
0xf81f, 0xf81f, 0xf81f, 0xf81f, 0xf81f, 0xf81f, 0xf81f, 0xf81f, 0xf81f, 0xf81f,
0xf81f, 0xf81f, 0xf81f, 0xf81f, 0xf81f, 0x31ac, 0x4a71, 0x31ac, 0x0000, 0xf81f,
0xf81f, 0x4a71, 0x4a71, 0x4a71, 0x422f, 0x0000, 0xf81f, 0xf81f, 0xf81f, 0xf81f,
0xf81f, 0xf81f, 
0xf81f, 0xf81f, 0xf81f, 0xf81f, 0xf81f, 0xf81f, 0xf81f, 0xf81f, 0xf81f, 0xf81f,
0xf81f, 0xf81f, 0xf81f, 0xf81f, 0xf81f, 0xf81f, 0xf81f, 0xf81f, 0xf81f, 0xf81f,
0xf81f, 0xf81f, 0xf81f, 0xf81f, 0xf81f, 0xf81f, 0xf81f, 0xf81f, 0xf81f, 0xf81f,
0xf81f, 0xf81f, 0xf81f, 0xf81f, 0xf81f, 0xf81f, 0xf81f, 0x0000, 0x0000, 0x0000,
0x0000, 0x0000, 0xf81f, 0xf81f, 0xf81f, 0xf81f, 0xf81f, 0xf81f, 0xf81f, 0xf81f,
0xf81f, 0xf81f, 0xf81f, 0xf81f, 0xf81f, 0xf81f, 0xf81f, 0xf81f, 0xf81f, 0xf81f,
0xf81f, 0x422f, 0x4a71, 0x4a71, 0x31ac, 0x0000, 0xf81f, 0xf81f, 0xf81f, 0xf81f,
0xf81f, 0xf81f, 0xf81f, 0xf81f, 0xf81f, 0xf81f, 0xf81f, 0xf81f, 0x31ac, 0x4a71,
0x422f, 0x10a4, 0x0000, 0xf81f, 0xf81f, 0xf81f, 0xf81f, 0xf81f, 0xf81f, 0xf81f,
0xf81f, 0xf81f, 0xf81f, 0xf81f, 0xf81f, 0xf81f, 0xf81f, 0xf81f, 0xf81f, 0xf81f,
0xf81f, 0xf81f, 0xf81f, 0xf81f, 0xf81f, 0xf81f, 0xf81f, 0xf81f, 0xf81f, 0xf81f,
0xf81f, 0xf81f, 0xf81f, 0xf81f, 0xf81f, 0xf81f, 0xf81f, 0xf81f, 0xf81f, 0xf81f,
0xf81f, 0xf81f, 0xf81f, 0xf81f, 0xf81f, 0xf81f, 0x0000, 0x0000, 0x0000, 0x0000,
0x0000, 0xf81f, 0xf81f, 0xf81f, 0xf81f, 0xf81f, 0xf81f, 0xf81f, 0xf81f, 0xf81f,
0xf81f, 0xf81f, 0xf81f, 0xf81f, 0xf81f, 0xf81f, 0xf81f, 0xf81f, 0xf81f, 0xf81f,
0x422f, 0x4a71, 0x422f, 0x31ac, 0x0000, 0xf81f, 0xf81f, 0xf81f, 0xf81f, 0xf81f,
0xf81f, 0xf81f, 0xf81f, 0xf81f, 0xf81f, 0xf81f, 0xf81f, 0xf81f, 0xf81f, 0xf81f,
0xf81f, 0xf81f, 0xf81f, 0xf81f, 0xf81f, 0xf81f, 0xf81f, 0xf81f, 0xf81f, 0xf81f,
0xf81f, 0x31ac, 0x4a71, 0x4a71, 0x31ac, 0x0000, 0xf81f, 0xf81f, 0xf81f, 0xf81f,
0xf81f, 0xf81f, 
0xf81f, 0xf81f, 0xf81f, 0xf81f, 0xf81f, 0xf81f, 0xf81f, 0xf81f, 0xf81f, 0xf81f,
0xf81f, 0xf81f, 0xf81f, 0xf81f, 0xf81f, 0xf81f, 0xf81f, 0xf81f, 0xf81f, 0xf81f,
0xf81f, 0xf81f, 0xf81f, 0xf81f, 0xf81f, 0xf81f, 0xf81f, 0xf81f, 0xf81f, 0xf81f,
0xf81f, 0xf81f, 0xf81f, 0xf81f, 0xf81f, 0xf81f, 0xf81f, 0xf81f, 0xf81f, 0xf81f,
0xf81f, 0xf81f, 0xf81f, 0xf81f, 0xf81f, 0xf81f, 0xf81f, 0xf81f, 0xf81f, 0xf81f,
0xf81f, 0xf81f, 0xf81f, 0xf81f, 0xf81f, 0xf81f, 0xf81f, 0xf81f, 0xf81f, 0xf81f,
0xf81f, 0xf81f, 0x31ac, 0x422f, 0x2128, 0xf81f, 0xf81f, 0xf81f, 0xf81f, 0xf81f,
0xf81f, 0xf81f, 0xf81f, 0xf81f, 0xf81f, 0xf81f, 0xf81f, 0xf81f, 0xf81f, 0xf81f,
0xf81f, 0xf81f, 0xf81f, 0xf81f, 0xf81f, 0xf81f, 0xf81f, 0xf81f, 0xf81f, 0xf81f,
0xf81f, 0xf81f, 0xf81f, 0xf81f, 0xf81f, 0xf81f, 0xf81f, 0xf81f, 0xf81f, 0xf81f,
0xf81f, 0xf81f, 0xf81f, 0xf81f, 0xf81f, 0xf81f, 0xf81f, 0xf81f, 0xf81f, 0xf81f,
0xf81f, 0xf81f, 0xf81f, 0xf81f, 0xf81f, 0xf81f, 0xf81f, 0xf81f, 0xf81f, 0xf81f,
0xf81f, 0xf81f, 0xf81f, 0xf81f, 0xf81f, 0xf81f, 0xf81f, 0xf81f, 0xf81f, 0xf81f,
0xf81f, 0xf81f, 0xf81f, 0xf81f, 0xf81f, 0xf81f, 0xf81f, 0xf81f, 0xf81f, 0xf81f,
0xf81f, 0xf81f, 0xf81f, 0xf81f, 0xf81f, 0xf81f, 0xf81f, 0xf81f, 0xf81f, 0xf81f,
0xf81f, 0x422f, 0x31ac, 0x0000, 0xf81f, 0xf81f, 0xf81f, 0xf81f, 0xf81f, 0xf81f,
0xf81f, 0xf81f, 0xf81f, 0xf81f, 0xf81f, 0xf81f, 0xf81f, 0xf81f, 0xf81f, 0xf81f,
0xf81f, 0xf81f, 0xf81f, 0xf81f, 0xf81f, 0xf81f, 0xf81f, 0xf81f, 0xf81f, 0xf81f,
0xf81f, 0xf81f, 0xf81f, 0xf81f, 0xf81f, 0xf81f, 0xf81f, 0xf81f, 0xf81f, 0xf81f,
0xf81f, 0xf81f, 
0xf81f, 0xf81f, 0xf81f, 0xf81f, 0xf81f, 0xf81f, 0xf81f, 0xf81f, 0xf81f, 0xf81f,
0xf81f, 0xf81f, 0xf81f, 0xf81f, 0xf81f, 0xf81f, 0xf81f, 0xf81f, 0xf81f, 0xf81f,
0xf81f, 0xf81f, 0xf81f, 0xf81f, 0xf81f, 0xf81f, 0xf81f, 0xf81f, 0xf81f, 0xf81f,
0xf81f, 0xf81f, 0xf81f, 0xf81f, 0xf81f, 0xf81f, 0xf81f, 0xf81f, 0xf81f, 0xf81f,
0xf81f, 0xf81f, 0xf81f, 0xf81f, 0xf81f, 0xf81f, 0xf81f, 0xf81f, 0xf81f, 0xf81f,
0xf81f, 0xf81f, 0xf81f, 0xf81f, 0xf81f, 0xf81f, 0xf81f, 0xf81f, 0xf81f, 0xf81f,
0xf81f, 0xf81f, 0xf81f, 0xf81f, 0xf81f, 0xf81f, 0xf81f, 0xf81f, 0xf81f, 0xf81f,
0xf81f, 0xf81f, 0xf81f, 0xf81f, 0xf81f, 0xf81f, 0xf81f, 0xf81f, 0xf81f, 0xf81f,
0xf81f, 0xf81f, 0xf81f, 0xf81f, 0xf81f, 0xf81f, 0xf81f, 0xf81f, 0xf81f, 0xf81f,
0xf81f, 0xf81f, 0xf81f, 0xf81f, 0xf81f, 0xf81f, 0xf81f, 0xf81f, 0xf81f, 0xf81f,
0xf81f, 0xf81f, 0xf81f, 0xf81f, 0xf81f, 0xf81f, 0xf81f, 0xf81f, 0xf81f, 0xf81f,
0xf81f, 0xf81f, 0xf81f, 0xf81f, 0xf81f, 0xf81f, 0xf81f, 0xf81f, 0xf81f, 0xf81f,
0xf81f, 0xf81f, 0xf81f, 0xf81f, 0xf81f, 0xf81f, 0xf81f, 0xf81f, 0xf81f, 0xf81f,
0xf81f, 0xf81f, 0xf81f, 0xf81f, 0xf81f, 0xf81f, 0xf81f, 0xf81f, 0xf81f, 0xf81f,
0xf81f, 0xf81f, 0xf81f, 0xf81f, 0xf81f, 0xf81f, 0xf81f, 0xf81f, 0xf81f, 0xf81f,
0xf81f, 0xf81f, 0xf81f, 0xf81f, 0xf81f, 0xf81f, 0xf81f, 0xf81f, 0xf81f, 0xf81f,
0xf81f, 0xf81f, 0xf81f, 0xf81f, 0xf81f, 0xf81f, 0xf81f, 0xf81f, 0xf81f, 0xf81f,
0xf81f, 0xf81f, 0xf81f, 0xf81f, 0xf81f, 0xf81f, 0xf81f, 0xf81f, 0xf81f, 0xf81f,
0xf81f, 0xf81f, 0xf81f, 0xf81f, 0xf81f, 0xf81f, 0xf81f, 0xf81f, 0xf81f, 0xf81f,
0xf81f, 0xf81f, 
0xf81f, 0xf81f, 0xf81f, 0xf81f, 0xf81f, 0xf81f, 0xf81f, 0xf81f, 0xf81f, 0xf81f,
0xf81f, 0xf81f, 0xf81f, 0xf81f, 0xf81f, 0xf81f, 0xf81f, 0xf81f, 0xf81f, 0xf81f,
0xf81f, 0xf81f, 0xf81f, 0xf81f, 0xf81f, 0xf81f, 0xf81f, 0xf81f, 0xf81f, 0xf81f,
0xf81f, 0xf81f, 0xf81f, 0xf81f, 0xf81f, 0xf81f, 0xf81f, 0xf81f, 0xf81f, 0xf81f,
0xf81f, 0xf81f, 0xf81f, 0xf81f, 0xf81f, 0xf81f, 0xf81f, 0xf81f, 0xf81f, 0xf81f,
0xf81f, 0xf81f, 0xf81f, 0xf81f, 0xf81f, 0xf81f, 0xf81f, 0xf81f, 0xf81f, 0xf81f,
0xf81f, 0xf81f, 0xf81f, 0xf81f, 0xf81f, 0xf81f, 0xf81f, 0xf81f, 0xf81f, 0xf81f,
0xf81f, 0xf81f, 0xf81f, 0xf81f, 0xf81f, 0xf81f, 0xf81f, 0xf81f, 0xf81f, 0xf81f,
0xf81f, 0xf81f, 0xf81f, 0xf81f, 0xf81f, 0xf81f, 0xf81f, 0xf81f, 0xf81f, 0xf81f,
0xf81f, 0xf81f, 0xf81f, 0xf81f, 0xf81f, 0xf81f, 0xf81f, 0xf81f, 0xf81f, 0xf81f,
0xf81f, 0xf81f, 0xf81f, 0xf81f, 0xf81f, 0xf81f, 0xf81f, 0xf81f, 0xf81f, 0xf81f,
0xf81f, 0xf81f, 0xf81f, 0xf81f, 0xf81f, 0xf81f, 0xf81f, 0xf81f, 0xf81f, 0xf81f,
0xf81f, 0xf81f, 0xf81f, 0xf81f, 0xf81f, 0xf81f, 0xf81f, 0xf81f, 0xf81f, 0xf81f,
0xf81f, 0xf81f, 0xf81f, 0xf81f, 0xf81f, 0xf81f, 0xf81f, 0xf81f, 0xf81f, 0xf81f,
0xf81f, 0xf81f, 0xf81f, 0xf81f, 0xf81f, 0xf81f, 0xf81f, 0xf81f, 0xf81f, 0xf81f,
0xf81f, 0xf81f, 0xf81f, 0xf81f, 0xf81f, 0xf81f, 0xf81f, 0xf81f, 0xf81f, 0xf81f,
0xf81f, 0xf81f, 0xf81f, 0xf81f, 0xf81f, 0xf81f, 0xf81f, 0xf81f, 0xf81f, 0xf81f,
0xf81f, 0xf81f, 0xf81f, 0xf81f, 0xf81f, 0xf81f, 0xf81f, 0xf81f, 0xf81f, 0xf81f,
0xf81f, 0xf81f, 0xf81f, 0xf81f, 0xf81f, 0xf81f, 0xf81f, 0xf81f, 0xf81f, 0xf81f,
0xf81f, 0xf81f, 
0xf81f, 0xf81f, 0xf81f, 0xf81f, 0xf81f, 0xf81f, 0xf81f, 0xf81f, 0xf81f, 0x50c0,
0x7100, 0x8940, 0x7100, 0x68e0, 0x50c0, 0xf81f, 0xf81f, 0xf81f, 0xf81f, 0xf81f,
0xf81f, 0xf81f, 0xf81f, 0xf81f, 0xf81f, 0xf81f, 0xf81f, 0xf81f, 0xf81f, 0xf81f,
0xf81f, 0xf81f, 0xf81f, 0xf81f, 0x68e0, 0x8940, 0x7100, 0x68e0, 0x50c0, 0xf81f,
0xf81f, 0xf81f, 0xf81f, 0xf81f, 0xf81f, 0xf81f, 0xf81f, 0xf81f, 0xf81f, 0xf81f,
0xf81f, 0xf81f, 0xf81f, 0xf81f, 0xf81f, 0xf81f, 0xf81f, 0xf81f, 0x68e0, 0x68e0,
0x68e0, 0x50c0, 0xf81f, 0xf81f, 0xf81f, 0xf81f, 0xf81f, 0xf81f, 0xf81f, 0xf81f,
0xf81f, 0xf81f, 0xf81f, 0xf81f, 0xf81f, 0xf81f, 0xf81f, 0xf81f, 0xf81f, 0xf81f,
0xf81f, 0x50c0, 0x7100, 0x8940, 0x7100, 0x68e0, 0x50c0, 0xf81f, 0xf81f, 0xf81f,
0xf81f, 0xf81f, 0xf81f, 0xf81f, 0xf81f, 0xf81f, 0xf81f, 0xf81f, 0xf81f, 0xf81f,
0xf81f, 0xf81f, 0xf81f, 0xf81f, 0xf81f, 0x50c0, 0x7100, 0x8940, 0x7100, 0x68e0,
0x50c0, 0xf81f, 0xf81f, 0xf81f, 0xf81f, 0xf81f, 0xf81f, 0xf81f, 0xf81f, 0xf81f,
0xf81f, 0xf81f, 0xf81f, 0xf81f, 0xf81f, 0xf81f, 0xf81f, 0xf81f, 0xf81f, 0x50c0,
0x7100, 0x8940, 0x7100, 0x68e0, 0x50c0, 0xf81f, 0xf81f, 0xf81f, 0xf81f, 0xf81f,
0xf81f, 0xf81f, 0xf81f, 0xf81f, 0xf81f, 0xf81f, 0xf81f, 0xf81f, 0xf81f, 0xf81f,
0xf81f, 0xf81f, 0xf81f, 0xf81f, 0x50c0, 0x68e0, 0x7100, 0x50c0, 0xf81f, 0xf81f,
0xf81f, 0xf81f, 0xf81f, 0xf81f, 0xf81f, 0xf81f, 0xf81f, 0xf81f, 0xf81f, 0xf81f,
0xf81f, 0xf81f, 0xf81f, 0xf81f, 0xf81f, 0xf81f, 0xf81f, 0x68e0, 0x7100, 0x8940,
0x7100, 0x68e0, 0xf81f, 0xf81f, 0xf81f, 0xf81f, 0xf81f, 0xf81f, 0xf81f, 0xf81f,
0xf81f, 0xf81f, 
0xf81f, 0xf81f, 0xf81f, 0xf81f, 0xf81f, 0xf81f, 0xf81f, 0xf81f, 0xf81f, 0x7100,
0xa2e7, 0x8940, 0x8940, 0x7100, 0x68e0, 0xf81f, 0xf81f, 0xf81f, 0xf81f, 0xf81f,
0xf81f, 0xf81f, 0xf81f, 0xf81f, 0xf81f, 0xf81f, 0xf81f, 0xf81f, 0xf81f, 0xf81f,
0xf81f, 0xf81f, 0xf81f, 0x68e0, 0x8940, 0xa2e7, 0x8940, 0x7100, 0x68e0, 0x50c0,
0xf81f, 0xf81f, 0xf81f, 0xf81f, 0xf81f, 0xf81f, 0xf81f, 0xf81f, 0xf81f, 0xf81f,
0xf81f, 0xf81f, 0xf81f, 0xf81f, 0xf81f, 0xf81f, 0xf81f, 0x7100, 0xa2e7, 0x8940,
0x8940, 0x68e0, 0x50c0, 0xf81f, 0xf81f, 0xf81f, 0xf81f, 0xf81f, 0xf81f, 0xf81f,
0xf81f, 0xf81f, 0xf81f, 0xf81f, 0xf81f, 0xf81f, 0xf81f, 0xf81f, 0xf81f, 0xf81f,
0xf81f, 0x7100, 0xa2e7, 0x8940, 0x8940, 0x7100, 0x68e0, 0xf81f, 0xf81f, 0xf81f,
0xf81f, 0xf81f, 0xf81f, 0xf81f, 0xf81f, 0xf81f, 0xf81f, 0xf81f, 0xf81f, 0xf81f,
0xf81f, 0xf81f, 0xf81f, 0xf81f, 0xf81f, 0x7100, 0xa2e7, 0x8940, 0x8940, 0x7100,
0x68e0, 0xf81f, 0xf81f, 0xf81f, 0xf81f, 0xf81f, 0xf81f, 0xf81f, 0xf81f, 0xf81f,
0xf81f, 0xf81f, 0xf81f, 0xf81f, 0xf81f, 0xf81f, 0xf81f, 0xf81f, 0xf81f, 0x7100,
0xa2e7, 0x8940, 0x8940, 0x7100, 0x68e0, 0xf81f, 0xf81f, 0xf81f, 0xf81f, 0xf81f,
0xf81f, 0xf81f, 0xf81f, 0xf81f, 0xf81f, 0xf81f, 0xf81f, 0xf81f, 0xf81f, 0xf81f,
0xf81f, 0xf81f, 0xf81f, 0x8940, 0xa2e7, 0x8940, 0x8940, 0x7100, 0x50c0, 0xf81f,
0xf81f, 0xf81f, 0xf81f, 0xf81f, 0xf81f, 0xf81f, 0xf81f, 0xf81f, 0xf81f, 0xf81f,
0xf81f, 0xf81f, 0xf81f, 0xf81f, 0xf81f, 0xf81f, 0x68e0, 0x8940, 0x8940, 0x8940,
0x7100, 0x7100, 0x68e0, 0xf81f, 0xf81f, 0xf81f, 0xf81f, 0xf81f, 0xf81f, 0xf81f,
0xf81f, 0xf81f, 
0xf81f, 0xf81f, 0xf81f, 0xf81f, 0xf81f, 0xf81f, 0xf81f, 0xf81f, 0xf81f, 0x7100,
0xa2e7, 0x8940, 0x8940, 0x7100, 0x68e0, 0xf81f, 0xf81f, 0xf81f, 0xf81f, 0xf81f,
0xf81f, 0xf81f, 0xf81f, 0xf81f, 0xf81f, 0xf81f, 0xf81f, 0xf81f, 0xf81f, 0xf81f,
0xf81f, 0xf81f, 0xf81f, 0x8940, 0xa2e7, 0x8940, 0x8940, 0x7100, 0x68e0, 0x50c0,
0xf81f, 0xf81f, 0xf81f, 0xf81f, 0xf81f, 0xf81f, 0xf81f, 0xf81f, 0xf81f, 0xf81f,
0xf81f, 0xf81f, 0xf81f, 0xf81f, 0xf81f, 0xf81f, 0xf81f, 0x7100, 0xa2e7, 0x8940,
0x8940, 0x7100, 0x68e0, 0x2040, 0xf81f, 0xf81f, 0xf81f, 0xf81f, 0xf81f, 0xf81f,
0xf81f, 0xf81f, 0xf81f, 0xf81f, 0xf81f, 0xf81f, 0xf81f, 0xf81f, 0xf81f, 0xf81f,
0xf81f, 0x7100, 0xa2e7, 0x8940, 0x8940, 0x8940, 0x7100, 0x50c0, 0xf81f, 0xf81f,
0xf81f, 0xf81f, 0xf81f, 0xf81f, 0xf81f, 0xf81f, 0xf81f, 0xf81f, 0xf81f, 0xf81f,
0xf81f, 0xf81f, 0xf81f, 0xf81f, 0xf81f, 0x7100, 0xa2e7, 0x8940, 0x8940, 0x7100,
0x68e0, 0xf81f, 0xf81f, 0xf81f, 0xf81f, 0xf81f, 0xf81f, 0xf81f, 0xf81f, 0xf81f,
0xf81f, 0xf81f, 0xf81f, 0xf81f, 0xf81f, 0xf81f, 0xf81f, 0xf81f, 0x50c0, 0xa2e7,
0x8940, 0x8940, 0x7100, 0x7100, 0x68e0, 0xf81f, 0xf81f, 0xf81f, 0xf81f, 0xf81f,
0xf81f, 0xf81f, 0xf81f, 0xf81f, 0xf81f, 0xf81f, 0xf81f, 0xf81f, 0xf81f, 0xf81f,
0xf81f, 0xf81f, 0x68e0, 0xa2e7, 0x8940, 0x8940, 0x7100, 0x7100, 0x68e0, 0xf81f,
0xf81f, 0xf81f, 0xf81f, 0xf81f, 0xf81f, 0xf81f, 0xf81f, 0xf81f, 0xf81f, 0xf81f,
0xf81f, 0xf81f, 0xf81f, 0xf81f, 0xf81f, 0xf81f, 0x8940, 0xa2e7, 0x8940, 0x8940,
0x7100, 0x7100, 0x68e0, 0xf81f, 0xf81f, 0xf81f, 0xf81f, 0xf81f, 0xf81f, 0xf81f,
0xf81f, 0xf81f, 
0xf81f, 0xf81f, 0xf81f, 0xf81f, 0xf81f, 0xf81f, 0xf81f, 0xf81f, 0xf81f, 0x7100,
0xa2e7, 0x8940, 0x8940, 0x7100, 0x68e0, 0xf81f, 0xf81f, 0xf81f, 0xf81f, 0xf81f,
0xf81f, 0xf81f, 0xf81f, 0xf81f, 0xf81f, 0xf81f, 0xf81f, 0xf81f, 0xf81f, 0xf81f,
0xf81f, 0xf81f, 0xf81f, 0x8940, 0xa2e7, 0x8940, 0x8940, 0x7100, 0x68e0, 0x07e0,
0xf81f, 0xf81f, 0xf81f, 0xf81f, 0xf81f, 0xf81f, 0xf81f, 0xf81f, 0xf81f, 0xf81f,
0xf81f, 0xf81f, 0xf81f, 0xf81f, 0xf81f, 0xf81f, 0xf81f, 0x68e0, 0xa2e7, 0x8940,
0x8940, 0x7100, 0x68e0, 0x07e0, 0xf81f, 0xf81f, 0xf81f, 0xf81f, 0xf81f, 0xf81f,
0xf81f, 0xf81f, 0xf81f, 0xf81f, 0xf81f, 0xf81f, 0xf81f, 0xf81f, 0xf81f, 0xf81f,
0xf81f, 0x7100, 0xa2e7, 0x8940, 0x8940, 0x8940, 0x7100, 0x50c0, 0xf81f, 0xf81f,
0xf81f, 0xf81f, 0xf81f, 0xf81f, 0xf81f, 0xf81f, 0xf81f, 0xf81f, 0xf81f, 0xf81f,
0xf81f, 0xf81f, 0xf81f, 0xf81f, 0xf81f, 0x7100, 0xa2e7, 0x8940, 0x8940, 0x7100,
0x68e0, 0xf81f, 0xf81f, 0xf81f, 0xf81f, 0xf81f, 0xf81f, 0xf81f, 0xf81f, 0xf81f,
0xf81f, 0xf81f, 0xf81f, 0xf81f, 0xf81f, 0xf81f, 0xf81f, 0xf81f, 0x68e0, 0xa2e7,
0x8940, 0x8940, 0x7100, 0x7100, 0x68e0, 0xf81f, 0xf81f, 0xf81f, 0xf81f, 0xf81f,
0xf81f, 0xf81f, 0xf81f, 0xf81f, 0xf81f, 0xf81f, 0xf81f, 0xf81f, 0xf81f, 0xf81f,
0xf81f, 0xf81f, 0x07e0, 0x8940, 0xa2e7, 0x8940, 0x7100, 0x7100, 0x68e0, 0xf81f,
0xf81f, 0xf81f, 0xf81f, 0xf81f, 0xf81f, 0xf81f, 0xf81f, 0xf81f, 0xf81f, 0xf81f,
0xf81f, 0xf81f, 0xf81f, 0xf81f, 0xf81f, 0xf81f, 0x07e0, 0x8940, 0x8940, 0x8940,
0x7100, 0x7100, 0x68e0, 0xf81f, 0xf81f, 0xf81f, 0xf81f, 0xf81f, 0xf81f, 0xf81f,
0xf81f, 0xf81f, 
0xf81f, 0xf81f, 0xf81f, 0xf81f, 0xf81f, 0xf81f, 0xf81f, 0xf81f, 0xf81f, 0x7100,
0x8940, 0x8940, 0x7100, 0x7100, 0x68e0, 0xf81f, 0xf81f, 0xf81f, 0xf81f, 0xf81f,
0xf81f, 0xf81f, 0xf81f, 0xf81f, 0xf81f, 0xf81f, 0xf81f, 0xf81f, 0xf81f, 0xf81f,
0xf81f, 0xf81f, 0xf81f, 0x8940, 0xa2e7, 0x8940, 0x8940, 0x8940, 0x07e0, 0x07e0,
0xf81f, 0xf81f, 0xf81f, 0xf81f, 0xf81f, 0xf81f, 0xf81f, 0xf81f, 0xf81f, 0xf81f,
0xf81f, 0xf81f, 0xf81f, 0xf81f, 0xf81f, 0xf81f, 0xf81f, 0x68e0, 0x8940, 0x07e0,
0x07e0, 0x07e0, 0x07e0, 0x07e0, 0x50c0, 0xf81f, 0xf81f, 0xf81f, 0xf81f, 0xf81f,
0xf81f, 0xf81f, 0xf81f, 0xf81f, 0xf81f, 0xf81f, 0xf81f, 0xf81f, 0xf81f, 0xf81f,
0xf81f, 0x07e0, 0x07e0, 0x07e0, 0x07e0, 0x07e0, 0x07e0, 0x07e0, 0xf81f, 0xf81f,
0xf81f, 0xf81f, 0xf81f, 0xf81f, 0xf81f, 0xf81f, 0xf81f, 0xf81f, 0xf81f, 0xf81f,
0xf81f, 0xf81f, 0xf81f, 0xf81f, 0xf81f, 0x07e0, 0x07e0, 0x07e0, 0x07e0, 0x07e0,
0x07e0, 0xf81f, 0xf81f, 0xf81f, 0xf81f, 0xf81f, 0xf81f, 0xf81f, 0xf81f, 0xf81f,
0xf81f, 0xf81f, 0xf81f, 0xf81f, 0xf81f, 0xf81f, 0xf81f, 0xf81f, 0x07e0, 0x07e0,
0x07e0, 0x07e0, 0x07e0, 0x07e0, 0x07e0, 0xf81f, 0xf81f, 0xf81f, 0xf81f, 0xf81f,
0xf81f, 0xf81f, 0xf81f, 0xf81f, 0xf81f, 0xf81f, 0xf81f, 0xf81f, 0xf81f, 0xf81f,
0xf81f, 0x8940, 0x07e0, 0x07e0, 0x07e0, 0x07e0, 0x07e0, 0x7100, 0x68e0, 0xf81f,
0xf81f, 0xf81f, 0xf81f, 0xf81f, 0xf81f, 0xf81f, 0xf81f, 0xf81f, 0xf81f, 0xf81f,
0xf81f, 0xf81f, 0xf81f, 0xf81f, 0xf81f, 0xf81f, 0x07e0, 0x07e0, 0xa2e7, 0x7100,
0x7100, 0x7100, 0x68e0, 0xf81f, 0xf81f, 0xf81f, 0xf81f, 0xf81f, 0xf81f, 0xf81f,
0xf81f, 0xf81f, 
0xf81f, 0xf81f, 0xf81f, 0xf81f, 0xf81f, 0xf81f, 0xf81f, 0xf81f, 0xf81f, 0x7100,
0x8940, 0x8940, 0x7100, 0x7100, 0x68e0, 0xf81f, 0xf81f, 0xf81f, 0xf81f, 0xf81f,
0xf81f, 0xf81f, 0xf81f, 0xf81f, 0xf81f, 0xf81f, 0xf81f, 0xf81f, 0xf81f, 0xf81f,
0xf81f, 0xf81f, 0xf81f, 0x7100, 0x8940, 0x8940, 0x8940, 0x7100, 0x8940, 0x68e0,
0xf81f, 0xf81f, 0xf81f, 0xf81f, 0xf81f, 0xf81f, 0xf81f, 0xf81f, 0xf81f, 0xf81f,
0xf81f, 0xf81f, 0xf81f, 0xf81f, 0xf81f, 0xf81f, 0xf81f, 0x8940, 0xa2e7, 0x8940,
0x7100, 0x07e0, 0x07e0, 0x07e0, 0x68e0, 0xf81f, 0xf81f, 0xf81f, 0xf81f, 0xf81f,
0xf81f, 0xf81f, 0xf81f, 0xf81f, 0xf81f, 0xf81f, 0xf81f, 0xf81f, 0xf81f, 0xf81f,
0xf81f, 0x7100, 0x07e0, 0x07e0, 0xa2e7, 0x7100, 0x07e0, 0x07e0, 0xf81f, 0xf81f,
0xf81f, 0xf81f, 0xf81f, 0xf81f, 0xf81f, 0xf81f, 0xf81f, 0xf81f, 0xf81f, 0xf81f,
0xf81f, 0xf81f, 0xf81f, 0xf81f, 0xf81f, 0x07e0, 0x07e0, 0xa2e7, 0x7100, 0x07e0,
0x07e0, 0xf81f, 0xf81f, 0xf81f, 0xf81f, 0xf81f, 0xf81f, 0xf81f, 0xf81f, 0xf81f,
0xf81f, 0xf81f, 0xf81f, 0xf81f, 0xf81f, 0xf81f, 0xf81f, 0xf81f, 0x07e0, 0x07e0,
0xa2e7, 0x7100, 0x07e0, 0x07e0, 0x68e0, 0xf81f, 0xf81f, 0xf81f, 0xf81f, 0xf81f,
0xf81f, 0xf81f, 0xf81f, 0xf81f, 0xf81f, 0xf81f, 0xf81f, 0xf81f, 0xf81f, 0xf81f,
0xf81f, 0x68e0, 0x07e0, 0x07e0, 0x07e0, 0x7100, 0x7100, 0x8940, 0x8940, 0xf81f,
0xf81f, 0xf81f, 0xf81f, 0xf81f, 0xf81f, 0xf81f, 0xf81f, 0xf81f, 0xf81f, 0xf81f,
0xf81f, 0xf81f, 0xf81f, 0xf81f, 0xf81f, 0xf81f, 0x8940, 0xa2e7, 0x8940, 0x7100,
0x68e0, 0x68e0, 0x50c0, 0xf81f, 0xf81f, 0xf81f, 0xf81f, 0xf81f, 0xf81f, 0xf81f,
0xf81f, 0xf81f, 
0xf81f, 0xf81f, 0xf81f, 0xf81f, 0xf81f, 0xf81f, 0xe71c, 0xe71c, 0x7800, 0x50c0,
0x8940, 0x68e0, 0x68e0, 0x68e0, 0x50c0, 0xf81f, 0xf81f, 0xf81f, 0xf81f, 0xf81f,
0xf81f, 0xf81f, 0xf81f, 0xf81f, 0xf81f, 0xf81f, 0xf81f, 0xf81f, 0xf81f, 0xf81f,
0xf81f, 0xf81f, 0xf81f, 0x68e0, 0x8940, 0x68e0, 0x68e0, 0x7100, 0x68e0, 0x68e0,
0xf81f, 0xf81f, 0xf81f, 0xf81f, 0xf81f, 0xf81f, 0xf81f, 0xf81f, 0xf81f, 0xf81f,
0xf81f, 0xf81f, 0xf81f, 0xf81f, 0xf81f, 0xf81f, 0xf81f, 0x7100, 0x8940, 0x7100,
0x8940, 0x7100, 0x7100, 0x50c0, 0xf81f, 0xf81f, 0xf81f, 0xf81f, 0xf81f, 0xf81f,
0xf81f, 0xf81f, 0xf81f, 0xf81f, 0xf81f, 0xf81f, 0xf81f, 0xf81f, 0xf81f, 0xf81f,
0xf81f, 0x7100, 0x8940, 0x8940, 0x7100, 0x68e0, 0x68e0, 0x68e0, 0xf81f, 0xf81f,
0xf81f, 0xf81f, 0xf81f, 0xf81f, 0xf81f, 0xf81f, 0xf81f, 0xf81f, 0xf81f, 0xf81f,
0xf81f, 0xf81f, 0xe71c, 0xe71c, 0x7800, 0x7100, 0x8940, 0x7100, 0x68e0, 0x68e0,
0x7100, 0xf81f, 0xf81f, 0xf81f, 0xf81f, 0xf81f, 0xf81f, 0xf81f, 0xf81f, 0xf81f,
0xf81f, 0xf81f, 0xf81f, 0xf81f, 0xf81f, 0xf81f, 0xf81f, 0xf81f, 0x7100, 0x8940,
0x7100, 0x68e0, 0x68e0, 0x7100, 0x68e0, 0xf81f, 0xf81f, 0xf81f, 0xf81f, 0xf81f,
0xf81f, 0xf81f, 0xf81f, 0xf81f, 0xf81f, 0xf81f, 0xf81f, 0xf81f, 0xf81f, 0xf81f,
0xf81f, 0xf81f, 0x68e0, 0x7100, 0x8940, 0x8940, 0x7100, 0x8940, 0x50c0, 0xf81f,
0xf81f, 0xf81f, 0xf81f, 0xf81f, 0xf81f, 0xf81f, 0xf81f, 0xf81f, 0xf81f, 0xf81f,
0xf81f, 0xf81f, 0xf81f, 0xf81f, 0xf81f, 0xf81f, 0x8940, 0x8940, 0x7100, 0x68e0,
0x50c0, 0x50c0, 0x50c0, 0xf81f, 0xf81f, 0xf81f, 0xf81f, 0xf81f, 0xf81f, 0xf81f,
0xf81f, 0xf81f, 
0xf81f, 0xf81f, 0xf81f, 0xf81f, 0xf81f, 0xe71c, 0xe71c, 0xffff, 0x0000, 0x0000,
0x8940, 0x8940, 0x68e0, 0x68e0, 0x0000, 0x6000, 0xf81f, 0xf81f, 0xf81f, 0xf81f,
0xf81f, 0xf81f, 0xf81f, 0xf81f, 0xf81f, 0xf81f, 0xf81f, 0xf81f, 0xf81f, 0xf81f,
0xe71c, 0xe71c, 0x7800, 0x0000, 0x0000, 0x8940, 0x68e0, 0x68e0, 0x68e0, 0x50c0,
0xf81f, 0xf81f, 0xf81f, 0xf81f, 0xf81f, 0xf81f, 0xf81f, 0xf81f, 0xf81f, 0xf81f,
0xf81f, 0xf81f, 0xf81f, 0xf81f, 0xf81f, 0xf81f, 0xf81f, 0x68e0, 0x7100, 0x8940,
0x8940, 0x8940, 0x8940, 0x3880, 0xf81f, 0xf81f, 0xf81f, 0xf81f, 0xf81f, 0xf81f,
0xf81f, 0xf81f, 0xf81f, 0xf81f, 0xf81f, 0xf81f, 0xf81f, 0xf81f, 0xe71c, 0xe71c,
0x7800, 0x8940, 0xa2e7, 0x8940, 0x50c0, 0x50c0, 0x7100, 0x68e0, 0xf81f, 0xf81f,
0xf81f, 0xf81f, 0xf81f, 0xf81f, 0xf81f, 0xf81f, 0xf81f, 0xf81f, 0xf81f, 0xf81f,
0xf81f, 0xe71c, 0xe71c, 0xffff, 0x0000, 0x8940, 0xa2e7, 0x50c0, 0x50c0, 0x68e0,
0x7100, 0x0000, 0xf81f, 0xf81f, 0xf81f, 0xf81f, 0xf81f, 0xf81f, 0xf81f, 0xf81f,
0xf81f, 0xf81f, 0xf81f, 0xf81f, 0xf81f, 0xf81f, 0xe71c, 0xe71c, 0x8940, 0xa2e7,
0x50c0, 0x50c0, 0x68e0, 0x7100, 0x68e0, 0xf81f, 0xf81f, 0xf81f, 0xf81f, 0xf81f,
0xf81f, 0xf81f, 0xf81f, 0xf81f, 0xf81f, 0xf81f, 0xf81f, 0xf81f, 0xf81f, 0xf81f,
0xf81f, 0xf81f, 0x50c0, 0x8940, 0x7100, 0x7100, 0x7100, 0x68e0, 0x50c0, 0xf81f,
0xf81f, 0xf81f, 0xf81f, 0xf81f, 0xf81f, 0xf81f, 0xf81f, 0xf81f, 0xf81f, 0xf81f,
0xf81f, 0xf81f, 0xf81f, 0xf81f, 0xe71c, 0xe71c, 0x68e0, 0x8940, 0x8940, 0x68e0,
0x68e0, 0x50c0, 0x6000, 0xf81f, 0xf81f, 0xf81f, 0xf81f, 0xf81f, 0xf81f, 0xf81f,
0xf81f, 0xf81f, 
0xf81f, 0xf81f, 0xf81f, 0xf81f, 0x8940, 0xffff, 0xc638, 0x9800, 0x0000, 0x0000,
0x9800, 0x0000, 0x0000, 0x0000, 0x0000, 0x7800, 0x7800, 0xc638, 0xf81f, 0xf81f,
0xf81f, 0xf81f, 0xf81f, 0xf81f, 0xf81f, 0xf81f, 0xf81f, 0xf81f, 0xf81f, 0xe71c,
0xe71c, 0xffff, 0x0000, 0x0000, 0x0000, 0x9800, 0x0000, 0x0000, 0x0000, 0x6000,
0xf81f, 0xf81f, 0xf81f, 0xf81f, 0xf81f, 0xf81f, 0xf81f, 0xf81f, 0xf81f, 0xf81f,
0xf81f, 0xf81f, 0xf81f, 0xf81f, 0xe71c, 0xe71c, 0x7800, 0x0000, 0x50c0, 0x68e0,
0x8940, 0x7100, 0x8940, 0x68e0, 0xf81f, 0xf81f, 0xf81f, 0xf81f, 0xf81f, 0xf81f,
0xf81f, 0xf81f, 0xf81f, 0xf81f, 0xf81f, 0xf81f, 0xe71c, 0xe71c, 0xe71c, 0x9800,
0x0000, 0x0000, 0x8940, 0xa2e7, 0xa2e7, 0x8940, 0x7100, 0x50c0, 0xf81f, 0xf81f,
0xf81f, 0xf81f, 0xf81f, 0xf81f, 0xf81f, 0xf81f, 0xf81f, 0xf81f, 0xf81f, 0xf81f,
0x8940, 0xffff, 0xc638, 0x9800, 0x0000, 0x50c0, 0x8940, 0xa2e7, 0xa2e7, 0x7100,
0x50c0, 0x4000, 0xf81f, 0xf81f, 0xf81f, 0xf81f, 0xf81f, 0xf81f, 0xf81f, 0xf81f,
0xf81f, 0xf81f, 0xf81f, 0xf81f, 0xf81f, 0xe71c, 0xe71c, 0xffff, 0x50c0, 0x8940,
0xa2e7, 0xa2e7, 0x7100, 0x68e0, 0x0000, 0x0000, 0xf81f, 0xf81f, 0xf81f, 0xf81f,
0xf81f, 0xf81f, 0xf81f, 0xf81f, 0xf81f, 0xf81f, 0xf81f, 0xf81f, 0xf81f, 0xf81f,
0xe71c, 0xe71c, 0x8940, 0xa2e7, 0x8940, 0x68e0, 0x50c0, 0x50c0, 0x4000, 0xf81f,
0xf81f, 0xf81f, 0xf81f, 0xf81f, 0xf81f, 0xf81f, 0xf81f, 0xf81f, 0xf81f, 0xf81f,
0xf81f, 0xf81f, 0xe71c, 0xe71c, 0xe71c, 0x9800, 0x0000, 0x0000, 0x9800, 0x9800,
0x0000, 0x0000, 0x0000, 0x7800, 0xf81f, 0xf81f, 0xf81f, 0xf81f, 0xf81f, 0xf81f,
0xf81f, 0xf81f, 
0xf81f, 0xf81f, 0xf81f, 0x8940, 0x8940, 0x7100, 0x738e, 0x0000, 0x9800, 0x9800,
0x9800, 0x0000, 0x0000, 0x0000, 0x9800, 0x9800, 0x9800, 0xc638, 0xc638, 0xa514,
0xf81f, 0xf81f, 0xf81f, 0xf81f, 0xf81f, 0xf81f, 0xf81f, 0xf81f, 0x8940, 0xffff,
0xa514, 0x9800, 0x0000, 0x0000, 0x9800, 0x0000, 0x0000, 0x0000, 0x0000, 0x7800,
0x7800, 0xf81f, 0xffff, 0xa514, 0xf81f, 0xf81f, 0xf81f, 0xf81f, 0xf81f, 0xf81f,
0xf81f, 0xf81f, 0xc638, 0xa514, 0xe71c, 0xb1e7, 0x0000, 0x0000, 0x0000, 0x9800,
0x0000, 0x0000, 0x0000, 0x4000, 0xf81f, 0xf81f, 0xf81f, 0xf81f, 0xf81f, 0xf81f,
0xf81f, 0xf81f, 0xf81f, 0xf81f, 0xf81f, 0x8940, 0x8940, 0x3880, 0xc638, 0x9800,
0x0000, 0x9800, 0x9800, 0x0000, 0x0000, 0x0000, 0x0000, 0x4000, 0xf81f, 0xf81f,
0xf81f, 0xf81f, 0xf81f, 0xf81f, 0xf81f, 0xf81f, 0xf81f, 0xf81f, 0xf81f, 0x8940,
0x8940, 0x7100, 0x738e, 0x0000, 0xb1e7, 0x9800, 0x9800, 0x9800, 0x7800, 0x7800,
0x6000, 0x4000, 0x0000, 0xf81f, 0xf81f, 0xf81f, 0xf81f, 0xf81f, 0xf81f, 0xf81f,
0xf81f, 0xf81f, 0xf81f, 0xf81f, 0x8940, 0xffff, 0xa514, 0x9800, 0x0000, 0x0000,
0x9800, 0x0000, 0x0000, 0x0000, 0x0000, 0x4000, 0xf81f, 0xf81f, 0xf81f, 0xf81f,
0xf81f, 0xf81f, 0xf81f, 0xf81f, 0xf81f, 0xf81f, 0xf81f, 0xf81f, 0xc638, 0xa514,
0xe71c, 0xb1e7, 0x0000, 0x0000, 0x0000, 0x9800, 0x0000, 0x0000, 0x0000, 0x4000,
0xf81f, 0xf81f, 0xf81f, 0xf81f, 0xf81f, 0xf81f, 0xf81f, 0xf81f, 0xf81f, 0xf81f,
0xf81f, 0x8940, 0x8940, 0x3880, 0xc638, 0x9800, 0x0000, 0x9800, 0x9800, 0x0000,
0x0000, 0x0000, 0x0000, 0x7800, 0x7800, 0x738e, 0xf81f, 0xf81f, 0xf81f, 0xf81f,
0xf81f, 0xf81f, 
0xf81f, 0xf81f, 0x8940, 0x8940, 0x7100, 0x0000, 0x0000, 0x0000, 0x9800, 0xb1e7,
0x0000, 0x0000, 0x9800, 0x9800, 0x7800, 0x7800, 0x7800, 0xa514, 0xa514, 0x738e,
0x0000, 0xf81f, 0xf81f, 0xf81f, 0xf81f, 0xf81f, 0xf81f, 0x8940, 0x8940, 0x3880,
0x738e, 0x0000, 0x9800, 0x9800, 0x9800, 0x0000, 0x0000, 0x0000, 0x9800, 0x9800,
0xe71c, 0xe71c, 0xe71c, 0xc638, 0x0000, 0xf81f, 0xf81f, 0xf81f, 0xf81f, 0xf81f,
0xf81f, 0xf81f, 0x8940, 0xffff, 0xc638, 0x9800, 0x0000, 0x9800, 0x9800, 0x0000,
0x0000, 0x0000, 0x0000, 0x7800, 0x0000, 0xf81f, 0xf81f, 0xf81f, 0xf81f, 0xf81f,
0xf81f, 0xf81f, 0xf81f, 0xf81f, 0xf81f, 0x8940, 0x8940, 0x0000, 0x738e, 0x0000,
0xb1e7, 0xb1e7, 0x9800, 0x9800, 0x9800, 0x7800, 0x6000, 0x4000, 0x0000, 0xf81f,
0xf81f, 0xf81f, 0xf81f, 0xf81f, 0xf81f, 0xf81f, 0xf81f, 0xf81f, 0x8940, 0x8940,
0x7100, 0x0000, 0x0000, 0x0000, 0x9800, 0x9800, 0x9800, 0x9800, 0xe71c, 0xc638,
0x738e, 0x0000, 0x0000, 0xf81f, 0xf81f, 0xf81f, 0xf81f, 0xf81f, 0xf81f, 0xf81f,
0xf81f, 0xf81f, 0xf81f, 0x8940, 0x8940, 0x3880, 0x738e, 0x0000, 0xb1e7, 0xb1e7,
0x9800, 0x9800, 0x9800, 0x7800, 0x7800, 0x4000, 0x0000, 0xf81f, 0xf81f, 0xf81f,
0xf81f, 0xf81f, 0xf81f, 0xf81f, 0xf81f, 0xf81f, 0xf81f, 0xf81f, 0x8940, 0xffff,
0xc638, 0x9800, 0x0000, 0x9800, 0x9800, 0x0000, 0x0000, 0x0000, 0x0000, 0x7800,
0x0000, 0xf81f, 0xf81f, 0xf81f, 0xf81f, 0xf81f, 0xf81f, 0xf81f, 0xf81f, 0xf81f,
0xf81f, 0x8940, 0x8940, 0x0000, 0x738e, 0x0000, 0x9800, 0x9800, 0x9800, 0x0000,
0x0000, 0x0000, 0x9800, 0x9800, 0xc638, 0xa514, 0x738e, 0xf81f, 0xf81f, 0xf81f,
0xf81f, 0xf81f, 
0xf81f, 0xf81f, 0xf81f, 0x7100, 0x3880, 0xf81f, 0x0000, 0x9800, 0x9800, 0x9800,
0xb1e7, 0xb1e7, 0x9800, 0x7800, 0x7800, 0x6000, 0x738e, 0x738e, 0x738e, 0x0000,
0x0000, 0xf81f, 0xf81f, 0xf81f, 0xf81f, 0xf81f, 0x8940, 0x8940, 0x7100, 0x0000,
0x0000, 0x0000, 0x9800, 0xb1e7, 0x0000, 0x0000, 0x9800, 0x9800, 0x9800, 0x9800,
0xc638, 0xc638, 0xc638, 0xa514, 0x0000, 0xf81f, 0xf81f, 0xf81f, 0xf81f, 0xf81f,
0xf81f, 0x8940, 0x8940, 0x3880, 0x738e, 0x0000, 0x9800, 0x9800, 0x9800, 0x0000,
0x0000, 0x0000, 0x9800, 0x7800, 0x738e, 0xf81f, 0xf81f, 0xf81f, 0xf81f, 0xf81f,
0xf81f, 0xf81f, 0xf81f, 0xf81f, 0x8940, 0x8940, 0x7100, 0x0000, 0x0000, 0x0000,
0x9800, 0x9800, 0xb1e7, 0xb1e7, 0xe71c, 0xe71c, 0xc638, 0x0000, 0x0000, 0xf81f,
0xf81f, 0xf81f, 0xf81f, 0xf81f, 0xf81f, 0xf81f, 0xf81f, 0xf81f, 0xf81f, 0x7100,
0x3880, 0xf81f, 0x0000, 0x9800, 0x9800, 0x9800, 0x7800, 0xe71c, 0xffff, 0xc638,
0x0000, 0x0000, 0x0000, 0xf81f, 0xf81f, 0xf81f, 0xf81f, 0xf81f, 0xf81f, 0xf81f,
0xf81f, 0xf81f, 0x8940, 0x8940, 0x7100, 0x0000, 0x0000, 0x0000, 0x9800, 0x9800,
0x0000, 0x9800, 0xe71c, 0xe71c, 0xa514, 0x0000, 0x0000, 0x31ac, 0xf81f, 0xf81f,
0xf81f, 0xf81f, 0xf81f, 0xf81f, 0xf81f, 0xf81f, 0xf81f, 0x8940, 0x8940, 0x3880,
0x738e, 0x0000, 0x9800, 0x9800, 0x9800, 0x0000, 0x0000, 0x0000, 0x9800, 0x7800,
0x738e, 0xf81f, 0xf81f, 0xf81f, 0xf81f, 0xf81f, 0xf81f, 0xf81f, 0xf81f, 0xf81f,
0x8940, 0x8940, 0x7100, 0x0000, 0x0000, 0x0000, 0x9800, 0xb1e7, 0x0000, 0x0000,
0x9800, 0x7800, 0x7800, 0x7800, 0xa514, 0xc638, 0xa514, 0x0000, 0xf81f, 0xf81f,
0xf81f, 0xf81f, 
0xf81f, 0xf81f, 0xf81f, 0xf81f, 0xf81f, 0xf81f, 0x9800, 0x9800, 0x0000, 0x9800,
0x9800, 0x7800, 0x7800, 0x6000, 0x4000, 0x4000, 0x0000, 0x8940, 0x738e, 0x0000,
0xf81f, 0xf81f, 0xf81f, 0xf81f, 0xf81f, 0xf81f, 0xf81f, 0x7100, 0x3880, 0xf81f,
0x0000, 0x9800, 0x0000, 0x9800, 0xb1e7, 0xb1e7, 0x9800, 0x7800, 0x7800, 0x7800,
0xa514, 0x738e, 0x738e, 0x0000, 0x0000, 0xf81f, 0xf81f, 0xf81f, 0xf81f, 0xf81f,
0x8940, 0x8940, 0x7100, 0x0000, 0x0000, 0x0000, 0x9800, 0xb1e7, 0x0000, 0x0000,
0xb1e7, 0xb1e7, 0xe71c, 0xe71c, 0xc638, 0x738e, 0xf81f, 0xf81f, 0xf81f, 0xf81f,
0xf81f, 0xf81f, 0xf81f, 0xf81f, 0xf81f, 0x7100, 0x3880, 0xf81f, 0x8800, 0x9800,
0x0000, 0x9800, 0x7800, 0x7800, 0xe71c, 0xffff, 0xc638, 0x738e, 0x0000, 0xf81f,
0xf81f, 0xf81f, 0xf81f, 0xf81f, 0xf81f, 0xf81f, 0xf81f, 0xf81f, 0xf81f, 0xf81f,
0xf81f, 0xf81f, 0x9800, 0x9800, 0x0000, 0x8940, 0x7800, 0xe71c, 0xffff, 0xa514,
0x0000, 0x0000, 0x0000, 0x31ac, 0xf81f, 0xf81f, 0xf81f, 0xf81f, 0xf81f, 0xf81f,
0xf81f, 0xf81f, 0xf81f, 0x7100, 0x3880, 0xf81f, 0x0000, 0x9800, 0x0000, 0x9800,
0x7800, 0x6000, 0xe71c, 0xffff, 0x738e, 0x0000, 0x0000, 0x4a71, 0x422f, 0xf81f,
0xf81f, 0xf81f, 0xf81f, 0xf81f, 0xf81f, 0xf81f, 0x8940, 0x8940, 0x7100, 0x0000,
0x0000, 0x0000, 0x9800, 0xb1e7, 0x0000, 0x0000, 0xb1e7, 0xb1e7, 0xffff, 0xc638,
0xa514, 0xf81f, 0xf81f, 0xf81f, 0xf81f, 0xf81f, 0xf81f, 0xf81f, 0xf81f, 0xf81f,
0xf81f, 0x7100, 0x3880, 0xf81f, 0x8800, 0x9800, 0x0000, 0x9800, 0x9800, 0x7800,
0x7800, 0x7800, 0x6000, 0x738e, 0xa514, 0xa514, 0xa514, 0xf81f, 0xf81f, 0xf81f,
0xf81f, 0xf81f, 
0xf81f, 0xf81f, 0xf81f, 0xf81f, 0xf81f, 0xf81f, 0x0000, 0x9800, 0x0000, 0x9800,
0x7800, 0x7800, 0x6000, 0x6000, 0x4000, 0x0000, 0x0000, 0xf81f, 0xf81f, 0x0000,
0xf81f, 0xf81f, 0xf81f, 0xf81f, 0xf81f, 0xf81f, 0xf81f, 0xf81f, 0xf81f, 0xf81f,
0x7800, 0x9800, 0x0000, 0x9800, 0x9800, 0x7800, 0x7800, 0x6000, 0x4000, 0x4000,
0x0000, 0x0000, 0xf81f, 0x7100, 0xf81f, 0xf81f, 0xf81f, 0xf81f, 0xf81f, 0xf81f,
0xf81f, 0x7100, 0x3880, 0xf81f, 0x0000, 0x9800, 0x0000, 0x9800, 0xb1e7, 0xb1e7,
0xb1e7, 0x9800, 0xe71c, 0xe71c, 0xc638, 0xa514, 0xf81f, 0xf81f, 0xf81f, 0xf81f,
0xf81f, 0xf81f, 0xf81f, 0xf81f, 0xf81f, 0xf81f, 0xf81f, 0xf81f, 0x7800, 0x9800,
0x0000, 0x9800, 0x7800, 0x7800, 0xe71c, 0xe71c, 0xc638, 0x0000, 0x0000, 0x2128,
0xf81f, 0xf81f, 0xf81f, 0xf81f, 0xf81f, 0xf81f, 0xf81f, 0xf81f, 0xf81f, 0x4a71,
0x4a71, 0x422f, 0x0000, 0x9800, 0x0000, 0x8940, 0x8940, 0xc638, 0xc638, 0xa514,
0x0000, 0x0000, 0x0000, 0x2128, 0x10a4, 0x10a4, 0xf81f, 0xf81f, 0xf81f, 0xf81f,
0xf81f, 0xf81f, 0xf81f, 0xf81f, 0xf81f, 0xf81f, 0x7800, 0x9800, 0x0000, 0x9800,
0x7800, 0x7100, 0xc638, 0xc638, 0x738e, 0x0000, 0x0000, 0x4a71, 0x31ac, 0x2128,
0x0000, 0xf81f, 0xf81f, 0xf81f, 0xf81f, 0xf81f, 0xf81f, 0x7100, 0x3880, 0xf81f,
0x0000, 0x9800, 0x0000, 0x9800, 0x9800, 0x7800, 0x7800, 0x7800, 0xc638, 0xc638,
0xa514, 0x0000, 0xf81f, 0xf81f, 0xf81f, 0xf81f, 0xf81f, 0xf81f, 0xf81f, 0xf81f,
0xf81f, 0xf81f, 0xf81f, 0xf81f, 0x7800, 0x9800, 0x0000, 0x9800, 0x7800, 0x7800,
0x6000, 0x4000, 0x4000, 0x0000, 0xa514, 0xa514, 0x0000, 0xf81f, 0xf81f, 0xf81f,
0xf81f, 0xf81f, 
0xf81f, 0xf81f, 0xf81f, 0xf81f, 0xf81f, 0xf81f, 0xf81f, 0x0000, 0x0000, 0x0000,
0x7800, 0x7800, 0x6000, 0x4000, 0x0000, 0x0000, 0x0000, 0xf81f, 0xf81f, 0xf81f,
0xf81f, 0xf81f, 0xf81f, 0xf81f, 0xf81f, 0xf81f, 0xf81f, 0xf81f, 0xf81f, 0xf81f,
0x0000, 0x9800, 0x0000, 0x9800, 0x7800, 0x7800, 0x7800, 0x6000, 0x4000, 0x0000,
0x0000, 0xf81f, 0xf81f, 0xf81f, 0xf81f, 0xf81f, 0xf81f, 0xf81f, 0xf81f, 0xf81f,
0xf81f, 0xf81f, 0xf81f, 0xf81f, 0x7800, 0x9800, 0x0000, 0x9800, 0x9800, 0x7800,
0x6000, 0x6000, 0x738e, 0xc638, 0xc638, 0x0000, 0xf81f, 0xf81f, 0xf81f, 0xf81f,
0xf81f, 0xf81f, 0xf81f, 0xf81f, 0xf81f, 0xf81f, 0xf81f, 0xf81f, 0x0000, 0x7800,
0x0000, 0x7800, 0x7800, 0x6000, 0xc638, 0xc638, 0xa514, 0x0000, 0x0000, 0x2128,
0x0000, 0xf81f, 0xf81f, 0xf81f, 0xf81f, 0xf81f, 0xf81f, 0xf81f, 0xf81f, 0x2128,
0x31ac, 0x422f, 0x31ac, 0x0000, 0x0000, 0x7100, 0x7100, 0x7100, 0x738e, 0x0000,
0x0000, 0x0000, 0x0000, 0x10a4, 0x0000, 0x2128, 0x0000, 0xf81f, 0xf81f, 0xf81f,
0xf81f, 0xf81f, 0xf81f, 0xf81f, 0xf81f, 0xf81f, 0x0000, 0x9800, 0x0000, 0x7800,
0x7800, 0x6000, 0x6000, 0x738e, 0x0000, 0x0000, 0x0000, 0x31ac, 0x31ac, 0x10a4,
0x0000, 0xf81f, 0xf81f, 0xf81f, 0xf81f, 0xf81f, 0xf81f, 0xf81f, 0xf81f, 0xf81f,
0x7800, 0x9800, 0x0000, 0x9800, 0x7800, 0x7800, 0x6000, 0x4000, 0xe71c, 0xa514,
0xa514, 0x0000, 0xf81f, 0xf81f, 0xf81f, 0xf81f, 0xf81f, 0xf81f, 0xf81f, 0xf81f,
0xf81f, 0xf81f, 0xf81f, 0xf81f, 0x0000, 0x7800, 0x0000, 0x7800, 0x7800, 0x7800,
0x6000, 0x4000, 0x4000, 0x0000, 0x0000, 0x7100, 0x0000, 0xf81f, 0xf81f, 0xf81f,
0xf81f, 0xf81f, 
0xf81f, 0xf81f, 0xf81f, 0xf81f, 0xf81f, 0xf81f, 0xf81f, 0xf81f, 0x0000, 0x0000,
0x0000, 0x0000, 0x0000, 0x0000, 0x0000, 0x0000, 0xf81f, 0xf81f, 0xf81f, 0xf81f,
0xf81f, 0xf81f, 0xf81f, 0xf81f, 0xf81f, 0xf81f, 0xf81f, 0xf81f, 0xf81f, 0xf81f,
0xf81f, 0x0000, 0x0000, 0x0000, 0x7800, 0x7800, 0x6000, 0x6000, 0x0000, 0x0000,
0x10a4, 0xf81f, 0xf81f, 0xf81f, 0xf81f, 0xf81f, 0xf81f, 0xf81f, 0xf81f, 0xf81f,
0xf81f, 0xf81f, 0xf81f, 0xf81f, 0x0000, 0x7800, 0x0000, 0x7800, 0x7800, 0x7800,
0x6000, 0x4000, 0x0000, 0xc638, 0xa514, 0x0000, 0xf81f, 0xf81f, 0xf81f, 0xf81f,
0xf81f, 0xf81f, 0xf81f, 0xf81f, 0xf81f, 0xf81f, 0xf81f, 0x4a71, 0x4a71, 0x0000,
0x0000, 0x0000, 0x7100, 0x8940, 0x7100, 0x738e, 0x0000, 0x0000, 0x31ac, 0x10a4,
0x0000, 0x0000, 0xf81f, 0xf81f, 0xf81f, 0xf81f, 0xf81f, 0xf81f, 0xf81f, 0xf81f,
0x2128, 0x2128, 0x2128, 0x10a4, 0x0000, 0x0000, 0x7100, 0x3880, 0x0000, 0x0000,
0x0000, 0x4a71, 0x0000, 0x0000, 0x0000, 0x2128, 0x0000, 0xf81f, 0xf81f, 0xf81f,
0xf81f, 0xf81f, 0xf81f, 0xf81f, 0x4a71, 0x422f, 0x31ac, 0x0000, 0x0000, 0x0000,
0x7800, 0x7800, 0x6000, 0x4000, 0x0000, 0x0000, 0x422f, 0x0000, 0x10a4, 0x0000,
0x0000, 0x0000, 0xf81f, 0xf81f, 0xf81f, 0xf81f, 0xf81f, 0xf81f, 0xf81f, 0xf81f,
0x0000, 0x7800, 0x0000, 0x7800, 0x7800, 0x7800, 0x6000, 0x4000, 0x8940, 0xa514,
0x0000, 0x2128, 0xf81f, 0xf81f, 0xf81f, 0xf81f, 0xf81f, 0xf81f, 0xf81f, 0xf81f,
0xf81f, 0xf81f, 0xf81f, 0xf81f, 0xf81f, 0x0000, 0x0000, 0x0000, 0x7800, 0x7800,
0x6000, 0x4000, 0x0000, 0x0000, 0x7100, 0x3880, 0xf81f, 0xf81f, 0xf81f, 0xf81f,
0xf81f, 0xf81f, 
0xf81f, 0xf81f, 0xf81f, 0xf81f, 0xf81f, 0xf81f, 0xf81f, 0xf81f, 0x4a71, 0x4a71,
0x31ac, 0x0000, 0x0000, 0x31ac, 0x10a4, 0x0000, 0xf81f, 0xf81f, 0xf81f, 0xf81f,
0xf81f, 0xf81f, 0xf81f, 0xf81f, 0xf81f, 0xf81f, 0xf81f, 0xf81f, 0xf81f, 0xf81f,
0xf81f, 0xf81f, 0x0000, 0x0000, 0x0000, 0x0000, 0x0000, 0x0000, 0x0000, 0x10a4,
0x0000, 0xf81f, 0xf81f, 0xf81f, 0xf81f, 0xf81f, 0xf81f, 0xf81f, 0xf81f, 0xf81f,
0xf81f, 0xf81f, 0xf81f, 0xf81f, 0xf81f, 0x0000, 0x0000, 0x0000, 0x7800, 0x6000,
0x6000, 0x0000, 0x8940, 0xa514, 0x738e, 0x0000, 0xf81f, 0xf81f, 0xf81f, 0xf81f,
0xf81f, 0xf81f, 0xf81f, 0xf81f, 0xf81f, 0xf81f, 0x4a71, 0x4a71, 0x422f, 0x422f,
0x422f, 0x0000, 0x0000, 0x3880, 0x3880, 0x0000, 0x0000, 0x422f, 0x0000, 0x0000,
0x0000, 0x0000, 0xf81f, 0xf81f, 0xf81f, 0xf81f, 0xf81f, 0xf81f, 0xf81f, 0xf81f,
0xf81f, 0x10a4, 0x10a4, 0x0000, 0x0000, 0x0000, 0xf81f, 0x0000, 0x0000, 0x422f,
0x422f, 0x2128, 0x0000, 0x0000, 0x422f, 0x10a4, 0xf81f, 0xf81f, 0xf81f, 0xf81f,
0xf81f, 0xf81f, 0xf81f, 0xf81f, 0x5ad3, 0x422f, 0x422f, 0x31ac, 0x0000, 0x0000,
0x0000, 0x0000, 0x0000, 0x0000, 0x0000, 0x422f, 0x0000, 0x0000, 0xf81f, 0x0000,
0x0000, 0xf81f, 0xf81f, 0xf81f, 0xf81f, 0xf81f, 0xf81f, 0xf81f, 0xf81f, 0xf81f,
0xf81f, 0x0000, 0x0000, 0x0000, 0x7800, 0x7800, 0x6000, 0x4000, 0x7100, 0x0000,
0x3880, 0x2128, 0x0000, 0xf81f, 0xf81f, 0xf81f, 0xf81f, 0xf81f, 0xf81f, 0xf81f,
0xf81f, 0xf81f, 0xf81f, 0xf81f, 0xf81f, 0xf81f, 0xf81f, 0x0000, 0x0000, 0x0000,
0x0000, 0x0000, 0x0000, 0x0000, 0xf81f, 0xf81f, 0xf81f, 0xf81f, 0xf81f, 0xf81f,
0xf81f, 0xf81f, 
0xf81f, 0xf81f, 0xf81f, 0xf81f, 0xf81f, 0xf81f, 0xf81f, 0xf81f, 0x2128, 0x31ac,
0x31ac, 0x2128, 0x0000, 0x0000, 0x0000, 0xf81f, 0xf81f, 0xf81f, 0xf81f, 0xf81f,
0xf81f, 0xf81f, 0xf81f, 0xf81f, 0xf81f, 0xf81f, 0xf81f, 0xf81f, 0xf81f, 0xf81f,
0xf81f, 0xf81f, 0xf81f, 0xf81f, 0xf81f, 0x0000, 0x4a71, 0x31ac, 0x10a4, 0x0000,
0xf81f, 0xf81f, 0xf81f, 0xf81f, 0xf81f, 0xf81f, 0xf81f, 0xf81f, 0xf81f, 0xf81f,
0xf81f, 0xf81f, 0xf81f, 0xf81f, 0xf81f, 0xf81f, 0x0000, 0x0000, 0x0000, 0x0000,
0x0000, 0x0000, 0x7100, 0x7100, 0x3880, 0x0000, 0xf81f, 0xf81f, 0xf81f, 0xf81f,
0xf81f, 0xf81f, 0xf81f, 0xf81f, 0xf81f, 0xf81f, 0x4a71, 0x4a71, 0x422f, 0x31ac,
0x10a4, 0x0000, 0xf81f, 0xf81f, 0xf81f, 0x31ac, 0x31ac, 0x0000, 0x0000, 0x0000,
0x31ac, 0x0000, 0xf81f, 0xf81f, 0xf81f, 0xf81f, 0xf81f, 0xf81f, 0xf81f, 0xf81f,
0xf81f, 0xf81f, 0x0000, 0x0000, 0x0000, 0xf81f, 0xf81f, 0xf81f, 0xf81f, 0xf81f,
0x4a71, 0x4a71, 0x4a71, 0x4a71, 0x31ac, 0x0000, 0xf81f, 0xf81f, 0xf81f, 0xf81f,
0xf81f, 0xf81f, 0xf81f, 0xf81f, 0xf81f, 0x31ac, 0x31ac, 0x2128, 0x10a4, 0x0000,
0x0000, 0x0000, 0x31ac, 0x422f, 0x422f, 0x10a4, 0x0000, 0xf81f, 0xf81f, 0xf81f,
0xf81f, 0xf81f, 0xf81f, 0xf81f, 0xf81f, 0xf81f, 0xf81f, 0xf81f, 0xf81f, 0xf81f,
0xf81f, 0x422f, 0x0000, 0x0000, 0x0000, 0x0000, 0x0000, 0x0000, 0x7100, 0x3880,
0x2128, 0x10a4, 0x0000, 0x0000, 0xf81f, 0xf81f, 0xf81f, 0xf81f, 0xf81f, 0xf81f,
0xf81f, 0xf81f, 0xf81f, 0xf81f, 0xf81f, 0xf81f, 0xf81f, 0x4a71, 0x4a71, 0x422f,
0x31ac, 0x2128, 0x0000, 0xf81f, 0xf81f, 0xf81f, 0xf81f, 0xf81f, 0xf81f, 0xf81f,
0xf81f, 0xf81f, 
0xf81f, 0xf81f, 0xf81f, 0xf81f, 0xf81f, 0xf81f, 0xf81f, 0xf81f, 0xf81f, 0x2128,
0x2128, 0x10a4, 0x0000, 0x0000, 0xf81f, 0xf81f, 0xf81f, 0xf81f, 0xf81f, 0xf81f,
0xf81f, 0xf81f, 0xf81f, 0xf81f, 0xf81f, 0xf81f, 0xf81f, 0xf81f, 0xf81f, 0xf81f,
0xf81f, 0xf81f, 0xf81f, 0x4a71, 0x422f, 0x31ac, 0x2128, 0x422f, 0x2128, 0x0000,
0xf81f, 0xf81f, 0xf81f, 0xf81f, 0xf81f, 0xf81f, 0xf81f, 0xf81f, 0xf81f, 0xf81f,
0xf81f, 0xf81f, 0xf81f, 0xf81f, 0xf81f, 0xf81f, 0xf81f, 0xf81f, 0xf81f, 0xf81f,
0x2128, 0x2128, 0x10a4, 0x3880, 0x0000, 0x10a4, 0xf81f, 0xf81f, 0xf81f, 0xf81f,
0xf81f, 0xf81f, 0xf81f, 0xf81f, 0xf81f, 0xf81f, 0x422f, 0x31ac, 0x2128, 0x10a4,
0x0000, 0xf81f, 0xf81f, 0xf81f, 0xf81f, 0xf81f, 0x4a71, 0x4a71, 0x5ad3, 0x4a71,
0x2128, 0x0000, 0xf81f, 0xf81f, 0xf81f, 0xf81f, 0xf81f, 0xf81f, 0xf81f, 0xf81f,
0xf81f, 0xf81f, 0xf81f, 0xf81f, 0xf81f, 0xf81f, 0xf81f, 0xf81f, 0xf81f, 0xf81f,
0x4a71, 0x4a71, 0x4a71, 0x422f, 0x0000, 0xf81f, 0xf81f, 0xf81f, 0xf81f, 0xf81f,
0xf81f, 0xf81f, 0xf81f, 0xf81f, 0xf81f, 0xf81f, 0x0000, 0x10a4, 0x0000, 0x0000,
0xf81f, 0xf81f, 0xf81f, 0xf81f, 0xf81f, 0xf81f, 0xf81f, 0xf81f, 0xf81f, 0xf81f,
0xf81f, 0xf81f, 0xf81f, 0xf81f, 0xf81f, 0xf81f, 0xf81f, 0xf81f, 0xf81f, 0xf81f,
0x4a71, 0x5ad3, 0x4a71, 0x422f, 0x31ac, 0x10a4, 0x0000, 0x31ac, 0x2128, 0x0000,
0x0000, 0x0000, 0x0000, 0xf81f, 0xf81f, 0xf81f, 0xf81f, 0xf81f, 0xf81f, 0xf81f,
0xf81f, 0xf81f, 0xf81f, 0xf81f, 0xf81f, 0xf81f, 0xf81f, 0x422f, 0x4a71, 0x4a71,
0x4a71, 0x422f, 0x31ac, 0x0000, 0xf81f, 0xf81f, 0xf81f, 0xf81f, 0xf81f, 0xf81f,
0xf81f, 0xf81f, 
0xf81f, 0xf81f, 0xf81f, 0xf81f, 0xf81f, 0xf81f, 0xf81f, 0xf81f, 0xf81f, 0xf81f,
0x10a4, 0x10a4, 0x0000, 0x0000, 0xf81f, 0xf81f, 0xf81f, 0xf81f, 0xf81f, 0xf81f,
0xf81f, 0xf81f, 0xf81f, 0xf81f, 0xf81f, 0xf81f, 0xf81f, 0xf81f, 0xf81f, 0xf81f,
0xf81f, 0xf81f, 0xf81f, 0x4a71, 0x422f, 0x31ac, 0x2128, 0x10a4, 0x0000, 0xf81f,
0xf81f, 0xf81f, 0xf81f, 0xf81f, 0xf81f, 0xf81f, 0xf81f, 0xf81f, 0xf81f, 0xf81f,
0xf81f, 0xf81f, 0xf81f, 0xf81f, 0xf81f, 0xf81f, 0xf81f, 0xf81f, 0xf81f, 0xf81f,
0x422f, 0x10a4, 0x10a4, 0x0000, 0x31ac, 0x0000, 0xf81f, 0xf81f, 0xf81f, 0xf81f,
0xf81f, 0xf81f, 0xf81f, 0xf81f, 0xf81f, 0xf81f, 0xf81f, 0xf81f, 0xf81f, 0xf81f,
0xf81f, 0xf81f, 0xf81f, 0xf81f, 0xf81f, 0x4a71, 0x4a71, 0x4a71, 0x4a71, 0x31ac,
0x0000, 0xf81f, 0xf81f, 0xf81f, 0xf81f, 0xf81f, 0xf81f, 0xf81f, 0xf81f, 0xf81f,
0xf81f, 0xf81f, 0xf81f, 0xf81f, 0xf81f, 0xf81f, 0xf81f, 0xf81f, 0xf81f, 0xf81f,
0x422f, 0x4a71, 0x422f, 0x10a4, 0xf81f, 0xf81f, 0xf81f, 0xf81f, 0xf81f, 0xf81f,
0xf81f, 0xf81f, 0xf81f, 0xf81f, 0xf81f, 0xf81f, 0xf81f, 0xf81f, 0xf81f, 0x0000,
0xf81f, 0xf81f, 0xf81f, 0xf81f, 0xf81f, 0xf81f, 0xf81f, 0xf81f, 0xf81f, 0xf81f,
0xf81f, 0xf81f, 0xf81f, 0xf81f, 0xf81f, 0xf81f, 0xf81f, 0xf81f, 0xf81f, 0xf81f,
0x31ac, 0x422f, 0x31ac, 0x2128, 0x0000, 0xf81f, 0xf81f, 0xf81f, 0xf81f, 0xf81f,
0xf81f, 0xf81f, 0xf81f, 0xf81f, 0xf81f, 0xf81f, 0xf81f, 0xf81f, 0xf81f, 0xf81f,
0xf81f, 0xf81f, 0xf81f, 0xf81f, 0xf81f, 0xf81f, 0xf81f, 0x4a71, 0x4a71, 0x422f,
0x422f, 0x31ac, 0x0000, 0x0000, 0xf81f, 0xf81f, 0xf81f, 0xf81f, 0xf81f, 0xf81f,
0xf81f, 0xf81f, 
0xf81f, 0xf81f, 0xf81f, 0xf81f, 0xf81f, 0xf81f, 0xf81f, 0xf81f, 0xf81f, 0xf81f,
0xf81f, 0x10a4, 0x0000, 0xf81f, 0xf81f, 0xf81f, 0xf81f, 0xf81f, 0xf81f, 0xf81f,
0xf81f, 0xf81f, 0xf81f, 0xf81f, 0xf81f, 0xf81f, 0xf81f, 0xf81f, 0xf81f, 0xf81f,
0xf81f, 0xf81f, 0xf81f, 0xf81f, 0x31ac, 0x2128, 0x10a4, 0x0000, 0x0000, 0xf81f,
0xf81f, 0xf81f, 0xf81f, 0xf81f, 0xf81f, 0xf81f, 0xf81f, 0xf81f, 0xf81f, 0xf81f,
0xf81f, 0xf81f, 0xf81f, 0xf81f, 0xf81f, 0xf81f, 0xf81f, 0xf81f, 0xf81f, 0xf81f,
0x422f, 0x31ac, 0x422f, 0x4a71, 0x31ac, 0x0000, 0xf81f, 0xf81f, 0xf81f, 0xf81f,
0xf81f, 0xf81f, 0xf81f, 0xf81f, 0xf81f, 0xf81f, 0xf81f, 0xf81f, 0xf81f, 0xf81f,
0xf81f, 0xf81f, 0xf81f, 0xf81f, 0xf81f, 0x4a71, 0x4a71, 0x4a71, 0x31ac, 0x0000,
0xf81f, 0xf81f, 0xf81f, 0xf81f, 0xf81f, 0xf81f, 0xf81f, 0xf81f, 0xf81f, 0xf81f,
0xf81f, 0xf81f, 0xf81f, 0xf81f, 0xf81f, 0xf81f, 0xf81f, 0xf81f, 0xf81f, 0xf81f,
0xf81f, 0x2128, 0x0000, 0xf81f, 0xf81f, 0xf81f, 0xf81f, 0xf81f, 0xf81f, 0xf81f,
0xf81f, 0xf81f, 0xf81f, 0xf81f, 0xf81f, 0xf81f, 0xf81f, 0xf81f, 0xf81f, 0xf81f,
0xf81f, 0xf81f, 0xf81f, 0xf81f, 0xf81f, 0xf81f, 0xf81f, 0xf81f, 0xf81f, 0xf81f,
0xf81f, 0xf81f, 0xf81f, 0xf81f, 0xf81f, 0xf81f, 0xf81f, 0xf81f, 0xf81f, 0xf81f,
0xf81f, 0xf81f, 0xf81f, 0xf81f, 0xf81f, 0xf81f, 0xf81f, 0xf81f, 0xf81f, 0xf81f,
0xf81f, 0xf81f, 0xf81f, 0xf81f, 0xf81f, 0xf81f, 0xf81f, 0xf81f, 0xf81f, 0xf81f,
0xf81f, 0xf81f, 0xf81f, 0xf81f, 0xf81f, 0xf81f, 0xf81f, 0x4a71, 0x4a71, 0x422f,
0x31ac, 0x10a4, 0x0000, 0xf81f, 0xf81f, 0xf81f, 0xf81f, 0xf81f, 0xf81f, 0xf81f,
0xf81f, 0xf81f, 
0xf81f, 0xf81f, 0xf81f, 0xf81f, 0xf81f, 0xf81f, 0xf81f, 0xf81f, 0xf81f, 0xf81f,
0xf81f, 0xf81f, 0xf81f, 0xf81f, 0xf81f, 0xf81f, 0xf81f, 0xf81f, 0xf81f, 0xf81f,
0xf81f, 0xf81f, 0xf81f, 0xf81f, 0xf81f, 0xf81f, 0xf81f, 0xf81f, 0xf81f, 0xf81f,
0xf81f, 0xf81f, 0xf81f, 0xf81f, 0xf81f, 0x0000, 0x0000, 0x0000, 0xf81f, 0xf81f,
0xf81f, 0xf81f, 0xf81f, 0xf81f, 0xf81f, 0xf81f, 0xf81f, 0xf81f, 0xf81f, 0xf81f,
0xf81f, 0xf81f, 0xf81f, 0xf81f, 0xf81f, 0xf81f, 0xf81f, 0xf81f, 0xf81f, 0x4a71,
0x4a71, 0x4a71, 0x422f, 0x2128, 0x0000, 0xf81f, 0xf81f, 0xf81f, 0xf81f, 0xf81f,
0xf81f, 0xf81f, 0xf81f, 0xf81f, 0xf81f, 0xf81f, 0xf81f, 0xf81f, 0xf81f, 0xf81f,
0xf81f, 0xf81f, 0xf81f, 0xf81f, 0xf81f, 0xf81f, 0x2128, 0x0000, 0xf81f, 0xf81f,
0xf81f, 0xf81f, 0xf81f, 0xf81f, 0xf81f, 0xf81f, 0xf81f, 0xf81f, 0xf81f, 0xf81f,
0xf81f, 0xf81f, 0xf81f, 0xf81f, 0xf81f, 0xf81f, 0xf81f, 0xf81f, 0xf81f, 0xf81f,
0xf81f, 0xf81f, 0xf81f, 0xf81f, 0xf81f, 0xf81f, 0xf81f, 0xf81f, 0xf81f, 0xf81f,
0xf81f, 0xf81f, 0xf81f, 0xf81f, 0xf81f, 0xf81f, 0xf81f, 0xf81f, 0xf81f, 0xf81f,
0xf81f, 0xf81f, 0xf81f, 0xf81f, 0xf81f, 0xf81f, 0xf81f, 0xf81f, 0xf81f, 0xf81f,
0xf81f, 0xf81f, 0xf81f, 0xf81f, 0xf81f, 0xf81f, 0xf81f, 0xf81f, 0xf81f, 0xf81f,
0xf81f, 0xf81f, 0xf81f, 0xf81f, 0xf81f, 0xf81f, 0xf81f, 0xf81f, 0xf81f, 0xf81f,
0xf81f, 0xf81f, 0xf81f, 0xf81f, 0xf81f, 0xf81f, 0xf81f, 0xf81f, 0xf81f, 0xf81f,
0xf81f, 0xf81f, 0xf81f, 0xf81f, 0xf81f, 0xf81f, 0xf81f, 0x422f, 0x31ac, 0x2128,
0x0000, 0xf81f, 0xf81f, 0xf81f, 0xf81f, 0xf81f, 0xf81f, 0xf81f, 0xf81f, 0xf81f,
0xf81f, 0xf81f, 
0xf81f, 0xf81f, 0xf81f, 0xf81f, 0xf81f, 0xf81f, 0xf81f, 0xf81f, 0xf81f, 0xf81f,
0xf81f, 0xf81f, 0xf81f, 0xf81f, 0xf81f, 0xf81f, 0xf81f, 0xf81f, 0xf81f, 0xf81f,
0xf81f, 0xf81f, 0xf81f, 0xf81f, 0xf81f, 0xf81f, 0xf81f, 0xf81f, 0xf81f, 0xf81f,
0xf81f, 0xf81f, 0xf81f, 0xf81f, 0xf81f, 0xf81f, 0xf81f, 0xf81f, 0xf81f, 0xf81f,
0xf81f, 0xf81f, 0xf81f, 0xf81f, 0xf81f, 0xf81f, 0xf81f, 0xf81f, 0xf81f, 0xf81f,
0xf81f, 0xf81f, 0xf81f, 0xf81f, 0xf81f, 0xf81f, 0xf81f, 0xf81f, 0xf81f, 0xf81f,
0x422f, 0x31ac, 0x10a4, 0x0000, 0xf81f, 0xf81f, 0xf81f, 0xf81f, 0xf81f, 0xf81f,
0xf81f, 0xf81f, 0xf81f, 0xf81f, 0xf81f, 0xf81f, 0xf81f, 0xf81f, 0xf81f, 0xf81f,
0xf81f, 0xf81f, 0xf81f, 0xf81f, 0xf81f, 0xf81f, 0xf81f, 0xf81f, 0xf81f, 0xf81f,
0xf81f, 0xf81f, 0xf81f, 0xf81f, 0xf81f, 0xf81f, 0xf81f, 0xf81f, 0xf81f, 0xf81f,
0xf81f, 0xf81f, 0xf81f, 0xf81f, 0xf81f, 0xf81f, 0xf81f, 0xf81f, 0xf81f, 0xf81f,
0xf81f, 0xf81f, 0xf81f, 0xf81f, 0xf81f, 0xf81f, 0xf81f, 0xf81f, 0xf81f, 0xf81f,
0xf81f, 0xf81f, 0xf81f, 0xf81f, 0xf81f, 0xf81f, 0xf81f, 0xf81f, 0xf81f, 0xf81f,
0xf81f, 0xf81f, 0xf81f, 0xf81f, 0xf81f, 0xf81f, 0xf81f, 0xf81f, 0xf81f, 0xf81f,
0xf81f, 0xf81f, 0xf81f, 0xf81f, 0xf81f, 0xf81f, 0xf81f, 0xf81f, 0xf81f, 0xf81f,
0xf81f, 0xf81f, 0xf81f, 0xf81f, 0xf81f, 0xf81f, 0xf81f, 0xf81f, 0xf81f, 0xf81f,
0xf81f, 0xf81f, 0xf81f, 0xf81f, 0xf81f, 0xf81f, 0xf81f, 0xf81f, 0xf81f, 0xf81f,
0xf81f, 0xf81f, 0xf81f, 0xf81f, 0xf81f, 0xf81f, 0xf81f, 0xf81f, 0xf81f, 0xf81f,
0xf81f, 0xf81f, 0xf81f, 0xf81f, 0xf81f, 0xf81f, 0xf81f, 0xf81f, 0xf81f, 0xf81f,
0xf81f, 0xf81f, 
0xf81f, 0xf81f, 0xf81f, 0xf81f, 0xf81f, 0xf81f, 0xf81f, 0xf81f, 0xf81f, 0xf81f,
0xf81f, 0xf81f, 0xf81f, 0xf81f, 0xf81f, 0xf81f, 0xf81f, 0xf81f, 0xf81f, 0xf81f,
0xf81f, 0xf81f, 0xf81f, 0xf81f, 0xf81f, 0xf81f, 0xf81f, 0xf81f, 0xf81f, 0xf81f,
0xf81f, 0xf81f, 0xf81f, 0xf81f, 0xf81f, 0xf81f, 0xf81f, 0xf81f, 0xf81f, 0xf81f,
0xf81f, 0xf81f, 0xf81f, 0xf81f, 0xf81f, 0xf81f, 0xf81f, 0xf81f, 0xf81f, 0xf81f,
0xf81f, 0xf81f, 0xf81f, 0xf81f, 0xf81f, 0xf81f, 0xf81f, 0xf81f, 0xf81f, 0xf81f,
0xf81f, 0xf81f, 0xf81f, 0xf81f, 0xf81f, 0xf81f, 0xf81f, 0xf81f, 0xf81f, 0xf81f,
0xf81f, 0xf81f, 0xf81f, 0xf81f, 0xf81f, 0xf81f, 0xf81f, 0xf81f, 0xf81f, 0xf81f,
0xf81f, 0xf81f, 0xf81f, 0xf81f, 0xf81f, 0xf81f, 0xf81f, 0xf81f, 0xf81f, 0xf81f,
0xf81f, 0xf81f, 0xf81f, 0xf81f, 0xf81f, 0xf81f, 0xf81f, 0xf81f, 0xf81f, 0xf81f,
0xf81f, 0xf81f, 0xf81f, 0xf81f, 0xf81f, 0xf81f, 0xf81f, 0xf81f, 0xf81f, 0xf81f,
0xf81f, 0xf81f, 0xf81f, 0xf81f, 0xf81f, 0xf81f, 0xf81f, 0xf81f, 0xf81f, 0xf81f,
0xf81f, 0xf81f, 0xf81f, 0xf81f, 0xf81f, 0xf81f, 0xf81f, 0xf81f, 0xf81f, 0xf81f,
0xf81f, 0xf81f, 0xf81f, 0xf81f, 0xf81f, 0xf81f, 0xf81f, 0xf81f, 0xf81f, 0xf81f,
0xf81f, 0xf81f, 0xf81f, 0xf81f, 0xf81f, 0xf81f, 0xf81f, 0xf81f, 0xf81f, 0xf81f,
0xf81f, 0xf81f, 0xf81f, 0xf81f, 0xf81f, 0xf81f, 0xf81f, 0xf81f, 0xf81f, 0xf81f,
0xf81f, 0xf81f, 0xf81f, 0xf81f, 0xf81f, 0xf81f, 0xf81f, 0xf81f, 0xf81f, 0xf81f,
0xf81f, 0xf81f, 0xf81f, 0xf81f, 0xf81f, 0xf81f, 0xf81f, 0xf81f, 0xf81f, 0xf81f,
0xf81f, 0xf81f, 0xf81f, 0xf81f, 0xf81f, 0xf81f, 0xf81f, 0xf81f, 0xf81f, 0xf81f,
0xf81f, 0xf81f, 
0xf81f, 0xf81f, 0xf81f, 0xf81f, 0xf81f, 0xf81f, 0xf81f, 0xf81f, 0xf81f, 0x50c0,
0x7100, 0x8940, 0x7100, 0x68e0, 0x50c0, 0xf81f, 0xf81f, 0xf81f, 0xf81f, 0xf81f,
0xf81f, 0xf81f, 0xf81f, 0xf81f, 0xf81f, 0xf81f, 0xf81f, 0xf81f, 0xf81f, 0xf81f,
0xf81f, 0xf81f, 0xf81f, 0xf81f, 0x68e0, 0x8940, 0x7100, 0x68e0, 0x50c0, 0xf81f,
0xf81f, 0xf81f, 0xf81f, 0xf81f, 0xf81f, 0xf81f, 0xf81f, 0xf81f, 0xf81f, 0xf81f,
0xf81f, 0xf81f, 0xf81f, 0xf81f, 0xf81f, 0xf81f, 0xf81f, 0xf81f, 0x68e0, 0x68e0,
0x68e0, 0x50c0, 0xf81f, 0xf81f, 0xf81f, 0xf81f, 0xf81f, 0xf81f, 0xf81f, 0xf81f,
0xf81f, 0xf81f, 0xf81f, 0xf81f, 0xf81f, 0xf81f, 0xf81f, 0xf81f, 0xf81f, 0xf81f,
0xf81f, 0x50c0, 0x7100, 0x8940, 0x7100, 0x68e0, 0x50c0, 0xf81f, 0xf81f, 0xf81f,
0xf81f, 0xf81f, 0xf81f, 0xf81f, 0xf81f, 0xf81f, 0xf81f, 0xf81f, 0xf81f, 0xf81f,
0xf81f, 0xf81f, 0xf81f, 0xf81f, 0xf81f, 0x50c0, 0x7100, 0x8940, 0x7100, 0x68e0,
0x50c0, 0xf81f, 0xf81f, 0xf81f, 0xf81f, 0xf81f, 0xf81f, 0xf81f, 0xf81f, 0xf81f,
0xf81f, 0xf81f, 0xf81f, 0xf81f, 0xf81f, 0xf81f, 0xf81f, 0xf81f, 0xf81f, 0x50c0,
0x7100, 0x8940, 0x7100, 0x68e0, 0x50c0, 0xf81f, 0xf81f, 0xf81f, 0xf81f, 0xf81f,
0xf81f, 0xf81f, 0xf81f, 0xf81f, 0xf81f, 0xf81f, 0xf81f, 0xf81f, 0xf81f, 0xf81f,
0xf81f, 0xf81f, 0xf81f, 0xf81f, 0x50c0, 0x68e0, 0x7100, 0x50c0, 0xf81f, 0xf81f,
0xf81f, 0xf81f, 0xf81f, 0xf81f, 0xf81f, 0xf81f, 0xf81f, 0xf81f, 0xf81f, 0xf81f,
0xf81f, 0xf81f, 0xf81f, 0xf81f, 0xf81f, 0xf81f, 0xf81f, 0x68e0, 0x7100, 0x8940,
0x7100, 0x68e0, 0xf81f, 0xf81f, 0xf81f, 0xf81f, 0xf81f, 0xf81f, 0xf81f, 0xf81f,
0xf81f, 0xf81f, 
0xf81f, 0xf81f, 0xf81f, 0xf81f, 0xf81f, 0xf81f, 0xf81f, 0xf81f, 0xf81f, 0x7100,
0xa2e7, 0x8940, 0x8940, 0x7100, 0x68e0, 0xf81f, 0xf81f, 0xf81f, 0xf81f, 0xf81f,
0xf81f, 0xf81f, 0xf81f, 0xf81f, 0xf81f, 0xf81f, 0xf81f, 0xf81f, 0xf81f, 0xf81f,
0xf81f, 0xf81f, 0xf81f, 0x68e0, 0x8940, 0xa2e7, 0x8940, 0x7100, 0x68e0, 0x50c0,
0xf81f, 0xf81f, 0xf81f, 0xf81f, 0xf81f, 0xf81f, 0xf81f, 0xf81f, 0xf81f, 0xf81f,
0xf81f, 0xf81f, 0xf81f, 0xf81f, 0xf81f, 0xf81f, 0xf81f, 0x7100, 0xa2e7, 0x8940,
0x8940, 0x68e0, 0x50c0, 0xf81f, 0xf81f, 0xf81f, 0xf81f, 0xf81f, 0xf81f, 0xf81f,
0xf81f, 0xf81f, 0xf81f, 0xf81f, 0xf81f, 0xf81f, 0xf81f, 0xf81f, 0xf81f, 0xf81f,
0xf81f, 0x7100, 0xa2e7, 0x8940, 0x8940, 0x7100, 0x68e0, 0xf81f, 0xf81f, 0xf81f,
0xf81f, 0xf81f, 0xf81f, 0xf81f, 0xf81f, 0xf81f, 0xf81f, 0xf81f, 0xf81f, 0xf81f,
0xf81f, 0xf81f, 0xf81f, 0xf81f, 0xf81f, 0x7100, 0xa2e7, 0x8940, 0x8940, 0x7100,
0x68e0, 0xf81f, 0xf81f, 0xf81f, 0xf81f, 0xf81f, 0xf81f, 0xf81f, 0xf81f, 0xf81f,
0xf81f, 0xf81f, 0xf81f, 0xf81f, 0xf81f, 0xf81f, 0xf81f, 0xf81f, 0xf81f, 0x7100,
0xa2e7, 0x8940, 0x8940, 0x7100, 0x68e0, 0xf81f, 0xf81f, 0xf81f, 0xf81f, 0xf81f,
0xf81f, 0xf81f, 0xf81f, 0xf81f, 0xf81f, 0xf81f, 0xf81f, 0xf81f, 0xf81f, 0xf81f,
0xf81f, 0xf81f, 0xf81f, 0x8940, 0xa2e7, 0x8940, 0x8940, 0x7100, 0x50c0, 0xf81f,
0xf81f, 0xf81f, 0xf81f, 0xf81f, 0xf81f, 0xf81f, 0xf81f, 0xf81f, 0xf81f, 0xf81f,
0xf81f, 0xf81f, 0xf81f, 0xf81f, 0xf81f, 0xf81f, 0x68e0, 0x8940, 0x8940, 0x8940,
0x7100, 0x7100, 0x68e0, 0xf81f, 0xf81f, 0xf81f, 0xf81f, 0xf81f, 0xf81f, 0xf81f,
0xf81f, 0xf81f, 
0xf81f, 0xf81f, 0xf81f, 0xf81f, 0xf81f, 0xf81f, 0xf81f, 0xf81f, 0xf81f, 0x7100,
0xa2e7, 0x8940, 0x8940, 0x7100, 0x68e0, 0xf81f, 0xf81f, 0xf81f, 0xf81f, 0xf81f,
0xf81f, 0xf81f, 0xf81f, 0xf81f, 0xf81f, 0xf81f, 0xf81f, 0xf81f, 0xf81f, 0xf81f,
0xf81f, 0xf81f, 0xf81f, 0x8940, 0xa2e7, 0x8940, 0x8940, 0x7100, 0x68e0, 0x50c0,
0xf81f, 0xf81f, 0xf81f, 0xf81f, 0xf81f, 0xf81f, 0xf81f, 0xf81f, 0xf81f, 0xf81f,
0xf81f, 0xf81f, 0xf81f, 0xf81f, 0xf81f, 0xf81f, 0xf81f, 0x7100, 0xa2e7, 0x8940,
0x8940, 0x7100, 0x68e0, 0x2040, 0xf81f, 0xf81f, 0xf81f, 0xf81f, 0xf81f, 0xf81f,
0xf81f, 0xf81f, 0xf81f, 0xf81f, 0xf81f, 0xf81f, 0xf81f, 0xf81f, 0xf81f, 0xf81f,
0xf81f, 0x7100, 0xa2e7, 0x8940, 0x8940, 0x8940, 0x7100, 0x50c0, 0xf81f, 0xf81f,
0xf81f, 0xf81f, 0xf81f, 0xf81f, 0xf81f, 0xf81f, 0xf81f, 0xf81f, 0xf81f, 0xf81f,
0xf81f, 0xf81f, 0xf81f, 0xf81f, 0xf81f, 0x7100, 0xa2e7, 0x8940, 0x8940, 0x7100,
0x68e0, 0xf81f, 0xf81f, 0xf81f, 0xf81f, 0xf81f, 0xf81f, 0xf81f, 0xf81f, 0xf81f,
0xf81f, 0xf81f, 0xf81f, 0xf81f, 0xf81f, 0xf81f, 0xf81f, 0xf81f, 0x50c0, 0xa2e7,
0x8940, 0x8940, 0x7100, 0x7100, 0x68e0, 0xf81f, 0xf81f, 0xf81f, 0xf81f, 0xf81f,
0xf81f, 0xf81f, 0xf81f, 0xf81f, 0xf81f, 0xf81f, 0xf81f, 0xf81f, 0xf81f, 0xf81f,
0xf81f, 0xf81f, 0x68e0, 0xa2e7, 0x8940, 0x8940, 0x7100, 0x7100, 0x68e0, 0xf81f,
0xf81f, 0xf81f, 0xf81f, 0xf81f, 0xf81f, 0xf81f, 0xf81f, 0xf81f, 0xf81f, 0xf81f,
0xf81f, 0xf81f, 0xf81f, 0xf81f, 0xf81f, 0xf81f, 0x8940, 0xa2e7, 0x8940, 0x8940,
0x7100, 0x7100, 0x68e0, 0xf81f, 0xf81f, 0xf81f, 0xf81f, 0xf81f, 0xf81f, 0xf81f,
0xf81f, 0xf81f, 
0xf81f, 0xf81f, 0xf81f, 0xf81f, 0xf81f, 0xf81f, 0xf81f, 0xf81f, 0xf81f, 0x7100,
0xa2e7, 0x8940, 0x8940, 0x7100, 0x68e0, 0xf81f, 0xf81f, 0xf81f, 0xf81f, 0xf81f,
0xf81f, 0xf81f, 0xf81f, 0xf81f, 0xf81f, 0xf81f, 0xf81f, 0xf81f, 0xf81f, 0xf81f,
0xf81f, 0xf81f, 0xf81f, 0x8940, 0xa2e7, 0x8940, 0x8940, 0x7100, 0x68e0, 0x07e0,
0xf81f, 0xf81f, 0xf81f, 0xf81f, 0xf81f, 0xf81f, 0xf81f, 0xf81f, 0xf81f, 0xf81f,
0xf81f, 0xf81f, 0xf81f, 0xf81f, 0xf81f, 0xf81f, 0xf81f, 0x68e0, 0xa2e7, 0x8940,
0x8940, 0x7100, 0x68e0, 0x07e0, 0xf81f, 0xf81f, 0xf81f, 0xf81f, 0xf81f, 0xf81f,
0xf81f, 0xf81f, 0xf81f, 0xf81f, 0xf81f, 0xf81f, 0xf81f, 0xf81f, 0xf81f, 0xf81f,
0xf81f, 0x7100, 0xa2e7, 0x8940, 0x8940, 0x8940, 0x7100, 0x50c0, 0xf81f, 0xf81f,
0xf81f, 0xf81f, 0xf81f, 0xf81f, 0xf81f, 0xf81f, 0xf81f, 0xf81f, 0xf81f, 0xf81f,
0xf81f, 0xf81f, 0xf81f, 0xf81f, 0xf81f, 0x7100, 0xa2e7, 0x8940, 0x8940, 0x7100,
0x68e0, 0xf81f, 0xf81f, 0xf81f, 0xf81f, 0xf81f, 0xf81f, 0xf81f, 0xf81f, 0xf81f,
0xf81f, 0xf81f, 0xf81f, 0xf81f, 0xf81f, 0xf81f, 0xf81f, 0xf81f, 0x68e0, 0xa2e7,
0x8940, 0x8940, 0x7100, 0x7100, 0x68e0, 0xf81f, 0xf81f, 0xf81f, 0xf81f, 0xf81f,
0xf81f, 0xf81f, 0xf81f, 0xf81f, 0xf81f, 0xf81f, 0xf81f, 0xf81f, 0xf81f, 0xf81f,
0xf81f, 0xf81f, 0x07e0, 0x8940, 0xa2e7, 0x8940, 0x7100, 0x7100, 0x68e0, 0xf81f,
0xf81f, 0xf81f, 0xf81f, 0xf81f, 0xf81f, 0xf81f, 0xf81f, 0xf81f, 0xf81f, 0xf81f,
0xf81f, 0xf81f, 0xf81f, 0xf81f, 0xf81f, 0xf81f, 0x07e0, 0x8940, 0x8940, 0x8940,
0x7100, 0x7100, 0x68e0, 0xf81f, 0xf81f, 0xf81f, 0xf81f, 0xf81f, 0xf81f, 0xf81f,
0xf81f, 0xf81f, 
0xf81f, 0xf81f, 0xf81f, 0xf81f, 0xf81f, 0xf81f, 0xf81f, 0xf81f, 0xf81f, 0x7100,
0x8940, 0x8940, 0x7100, 0x7100, 0x68e0, 0xf81f, 0xf81f, 0xf81f, 0xf81f, 0xf81f,
0xf81f, 0xf81f, 0xf81f, 0xf81f, 0xf81f, 0xf81f, 0xf81f, 0xf81f, 0xf81f, 0xf81f,
0xf81f, 0xf81f, 0xf81f, 0x8940, 0xa2e7, 0x8940, 0x8940, 0x8940, 0x07e0, 0x07e0,
0xf81f, 0xf81f, 0xf81f, 0xf81f, 0xf81f, 0xf81f, 0xf81f, 0xf81f, 0xf81f, 0xf81f,
0xf81f, 0xf81f, 0xf81f, 0xf81f, 0xf81f, 0xf81f, 0xf81f, 0x68e0, 0x8940, 0x07e0,
0x07e0, 0x07e0, 0x07e0, 0x07e0, 0x50c0, 0xf81f, 0xf81f, 0xf81f, 0xf81f, 0xf81f,
0xf81f, 0xf81f, 0xf81f, 0xf81f, 0xf81f, 0xf81f, 0xf81f, 0xf81f, 0xf81f, 0xf81f,
0xf81f, 0x07e0, 0x07e0, 0x07e0, 0x07e0, 0x07e0, 0x07e0, 0x07e0, 0xf81f, 0xf81f,
0xf81f, 0xf81f, 0xf81f, 0xf81f, 0xf81f, 0xf81f, 0xf81f, 0xf81f, 0xf81f, 0xf81f,
0xf81f, 0xf81f, 0xf81f, 0xf81f, 0xf81f, 0x07e0, 0x07e0, 0x07e0, 0x07e0, 0x07e0,
0x07e0, 0xf81f, 0xf81f, 0xf81f, 0xf81f, 0xf81f, 0xf81f, 0xf81f, 0xf81f, 0xf81f,
0xf81f, 0xf81f, 0xf81f, 0xf81f, 0xf81f, 0xf81f, 0xf81f, 0xf81f, 0x07e0, 0x07e0,
0x07e0, 0x07e0, 0x07e0, 0x07e0, 0x07e0, 0xf81f, 0xf81f, 0xf81f, 0xf81f, 0xf81f,
0xf81f, 0xf81f, 0xf81f, 0xf81f, 0xf81f, 0xf81f, 0xf81f, 0xf81f, 0xf81f, 0xf81f,
0xf81f, 0x8940, 0x07e0, 0x07e0, 0x07e0, 0x07e0, 0x07e0, 0x7100, 0x68e0, 0xf81f,
0xf81f, 0xf81f, 0xf81f, 0xf81f, 0xf81f, 0xf81f, 0xf81f, 0xf81f, 0xf81f, 0xf81f,
0xf81f, 0xf81f, 0xf81f, 0xf81f, 0xf81f, 0xf81f, 0x07e0, 0x07e0, 0xa2e7, 0x7100,
0x7100, 0x7100, 0x68e0, 0xf81f, 0xf81f, 0xf81f, 0xf81f, 0xf81f, 0xf81f, 0xf81f,
0xf81f, 0xf81f, 
0xf81f, 0xf81f, 0xf81f, 0xf81f, 0xf81f, 0xf81f, 0x8940, 0x7100, 0xa514, 0x7100,
0x8940, 0x8940, 0x7100, 0x7100, 0x68e0, 0xf81f, 0xf81f, 0xf81f, 0xf81f, 0xf81f,
0xf81f, 0xf81f, 0xf81f, 0xf81f, 0xf81f, 0xf81f, 0xf81f, 0xf81f, 0xf81f, 0xf81f,
0xf81f, 0xf81f, 0xf81f, 0x7100, 0x8940, 0x8940, 0x8940, 0x7100, 0x8940, 0x68e0,
0xf81f, 0xf81f, 0xf81f, 0xf81f, 0xf81f, 0xf81f, 0xf81f, 0xf81f, 0xf81f, 0xf81f,
0xf81f, 0xf81f, 0xf81f, 0xf81f, 0xf81f, 0xf81f, 0xf81f, 0x8940, 0xa2e7, 0x8940,
0x7100, 0x07e0, 0x07e0, 0x07e0, 0x68e0, 0xf81f, 0xf81f, 0xf81f, 0xf81f, 0xf81f,
0xf81f, 0xf81f, 0xf81f, 0xf81f, 0xf81f, 0xf81f, 0xf81f, 0xf81f, 0xf81f, 0xf81f,
0xc638, 0x7100, 0x07e0, 0x07e0, 0xa2e7, 0x7100, 0x07e0, 0x07e0, 0xf81f, 0xf81f,
0xf81f, 0xf81f, 0xf81f, 0xf81f, 0xf81f, 0xf81f, 0xf81f, 0xf81f, 0xf81f, 0xf81f,
0xf81f, 0xf81f, 0x8940, 0x7100, 0xa514, 0x07e0, 0x07e0, 0xa2e7, 0x7100, 0x07e0,
0x07e0, 0xf81f, 0xf81f, 0xf81f, 0xf81f, 0xf81f, 0xf81f, 0xf81f, 0xf81f, 0xf81f,
0xf81f, 0xf81f, 0xf81f, 0xf81f, 0xf81f, 0xf81f, 0xf81f, 0xf81f, 0x07e0, 0x07e0,
0xa2e7, 0x7100, 0x07e0, 0x07e0, 0x68e0, 0xf81f, 0xf81f, 0xf81f, 0xf81f, 0xf81f,
0xf81f, 0xf81f, 0xf81f, 0xf81f, 0xf81f, 0xf81f, 0xf81f, 0xf81f, 0xf81f, 0xf81f,
0xf81f, 0x68e0, 0x07e0, 0x07e0, 0x07e0, 0x7100, 0x7100, 0x8940, 0x8940, 0xf81f,
0xf81f, 0xf81f, 0xf81f, 0xf81f, 0xf81f, 0xf81f, 0xf81f, 0xf81f, 0xf81f, 0xf81f,
0xf81f, 0xf81f, 0xf81f, 0xf81f, 0xf81f, 0xf81f, 0x8940, 0xa2e7, 0x8940, 0x7100,
0x68e0, 0x68e0, 0x50c0, 0xf81f, 0xf81f, 0xf81f, 0xf81f, 0xf81f, 0xf81f, 0xf81f,
0xf81f, 0xf81f, 
0xf81f, 0xf81f, 0xf81f, 0xf81f, 0xf81f, 0x8940, 0x8940, 0x7100, 0xffff, 0x50c0,
0x8940, 0x68e0, 0x68e0, 0x68e0, 0x50c0, 0xf81f, 0xf81f, 0xf81f, 0xf81f, 0xf81f,
0xf81f, 0xf81f, 0xf81f, 0xf81f, 0xf81f, 0xf81f, 0xf81f, 0xf81f, 0xf81f, 0xf81f,
0x8940, 0x7100, 0xa514, 0x68e0, 0x8940, 0x68e0, 0x68e0, 0x7100, 0x68e0, 0x68e0,
0xf81f, 0xf81f, 0xf81f, 0xf81f, 0xf81f, 0xf81f, 0xf81f, 0xf81f, 0xf81f, 0xf81f,
0xf81f, 0xf81f, 0xf81f, 0xf81f, 0xf81f, 0xf81f, 0xf81f, 0x7100, 0x8940, 0x7100,
0x8940, 0x7100, 0x7100, 0x50c0, 0xf81f, 0xf81f, 0xf81f, 0xf81f, 0xf81f, 0xf81f,
0xf81f, 0xf81f, 0xf81f, 0xf81f, 0xf81f, 0xf81f, 0xf81f, 0xf81f, 0x8940, 0x7100,
0xa514, 0x7100, 0x8940, 0x8940, 0x7100, 0x68e0, 0x68e0, 0x68e0, 0xf81f, 0xf81f,
0xf81f, 0xf81f, 0xf81f, 0xf81f, 0xf81f, 0xf81f, 0xf81f, 0xf81f, 0xf81f, 0xf81f,
0xf81f, 0x8940, 0x8940, 0x7100, 0xffff, 0x7100, 0x8940, 0x7100, 0x68e0, 0x68e0,
0x7100, 0xf81f, 0xf81f, 0xf81f, 0xf81f, 0xf81f, 0xf81f, 0xf81f, 0xf81f, 0xf81f,
0xf81f, 0xf81f, 0xf81f, 0xf81f, 0xf81f, 0xf81f, 0x8940, 0x7100, 0x7100, 0x8940,
0x7100, 0x68e0, 0x68e0, 0x7100, 0x68e0, 0xf81f, 0xf81f, 0xf81f, 0xf81f, 0xf81f,
0xf81f, 0xf81f, 0xf81f, 0xf81f, 0xf81f, 0xf81f, 0xf81f, 0xf81f, 0xf81f, 0xf81f,
0xf81f, 0xf81f, 0x68e0, 0x7100, 0x8940, 0x8940, 0x7100, 0x8940, 0x50c0, 0xf81f,
0xf81f, 0xf81f, 0xf81f, 0xf81f, 0xf81f, 0xf81f, 0xf81f, 0xf81f, 0xf81f, 0xf81f,
0xf81f, 0xf81f, 0xf81f, 0xf81f, 0x8940, 0x7100, 0x8940, 0x8940, 0x7100, 0x68e0,
0x50c0, 0x50c0, 0x50c0, 0xf81f, 0xf81f, 0xf81f, 0xf81f, 0xf81f, 0xf81f, 0xf81f,
0xf81f, 0xf81f, 
0xf81f, 0xf81f, 0xf81f, 0xf81f, 0xf81f, 0x8940, 0x3880, 0x8940, 0x0000, 0x9800,
0x8940, 0x8940, 0x68e0, 0x68e0, 0x6000, 0x0000, 0xf81f, 0xf81f, 0xf81f, 0xf81f,
0xf81f, 0xf81f, 0xf81f, 0xf81f, 0xf81f, 0xf81f, 0xf81f, 0xf81f, 0xf81f, 0x8940,
0x8940, 0x7100, 0x0000, 0x9800, 0x0000, 0x8940, 0x68e0, 0x68e0, 0x68e0, 0x50c0,
0xf81f, 0xf81f, 0xf81f, 0xf81f, 0xf81f, 0xf81f, 0xf81f, 0xf81f, 0xf81f, 0xf81f,
0xf81f, 0xf81f, 0xf81f, 0xf81f, 0x8940, 0x7100, 0xa514, 0x68e0, 0x7100, 0x8940,
0x8940, 0x8940, 0x8940, 0x3880, 0xf81f, 0xf81f, 0xf81f, 0xf81f, 0xf81f, 0xf81f,
0xf81f, 0xf81f, 0xf81f, 0xf81f, 0xf81f, 0xf81f, 0xf81f, 0x8940, 0x7100, 0x7100,
0x0000, 0x8940, 0xa2e7, 0x8940, 0x50c0, 0x50c0, 0x7100, 0x68e0, 0xf81f, 0xf81f,
0xf81f, 0xf81f, 0xf81f, 0xf81f, 0xf81f, 0xf81f, 0xf81f, 0xf81f, 0xf81f, 0xf81f,
0xf81f, 0x8940, 0x3880, 0x8940, 0x0000, 0x8940, 0xa2e7, 0x50c0, 0x50c0, 0x68e0,
0x7100, 0x0000, 0xf81f, 0xf81f, 0xf81f, 0xf81f, 0xf81f, 0xf81f, 0xf81f, 0xf81f,
0xf81f, 0xf81f, 0xf81f, 0xf81f, 0xf81f, 0x8940, 0x8940, 0x7100, 0x8940, 0xa2e7,
0x50c0, 0x50c0, 0x68e0, 0x7100, 0x68e0, 0xf81f, 0xf81f, 0xf81f, 0xf81f, 0xf81f,
0xf81f, 0xf81f, 0xf81f, 0xf81f, 0xf81f, 0xf81f, 0xf81f, 0xf81f, 0xf81f, 0xf81f,
0x8940, 0x7100, 0x50c0, 0x8940, 0x7100, 0x7100, 0x7100, 0x68e0, 0x50c0, 0xf81f,
0xf81f, 0xf81f, 0xf81f, 0xf81f, 0xf81f, 0xf81f, 0xf81f, 0xf81f, 0xf81f, 0xf81f,
0xf81f, 0xf81f, 0xf81f, 0x8940, 0x7100, 0x7100, 0x68e0, 0x8940, 0x8940, 0x68e0,
0x68e0, 0x50c0, 0x6000, 0xf81f, 0xf81f, 0xf81f, 0xf81f, 0xf81f, 0xf81f, 0xf81f,
0xf81f, 0xf81f, 
0xf81f, 0xf81f, 0xf81f, 0xf81f, 0xf81f, 0x7100, 0x0000, 0xf81f, 0x9800, 0x0000,
0x0000, 0x0000, 0x0000, 0x0000, 0x7800, 0x4000, 0xf81f, 0xf81f, 0xf81f, 0xf81f,
0xf81f, 0xf81f, 0xf81f, 0xf81f, 0xf81f, 0xf81f, 0xf81f, 0xf81f, 0xf81f, 0x7100,
0x3880, 0x3880, 0x9800, 0x9800, 0x9800, 0x0000, 0x0000, 0x0000, 0x6000, 0x4000,
0xf81f, 0xf81f, 0xf81f, 0xf81f, 0xf81f, 0xf81f, 0xf81f, 0xf81f, 0xf81f, 0xf81f,
0xf81f, 0xf81f, 0xf81f, 0x8940, 0x8940, 0x7100, 0x0000, 0x9800, 0x50c0, 0x68e0,
0x8940, 0x7100, 0x8940, 0x68e0, 0xf81f, 0xf81f, 0xf81f, 0xf81f, 0xf81f, 0xf81f,
0xf81f, 0xf81f, 0xf81f, 0xf81f, 0xf81f, 0xf81f, 0xf81f, 0x7100, 0x3880, 0x0000,
0x9800, 0x9800, 0x8940, 0xa2e7, 0xa2e7, 0x8940, 0x7100, 0x50c0, 0xf81f, 0xf81f,
0xf81f, 0xf81f, 0xf81f, 0xf81f, 0xf81f, 0xf81f, 0xf81f, 0xf81f, 0xf81f, 0xf81f,
0xf81f, 0x7100, 0x0000, 0xf81f, 0x9800, 0x50c0, 0x8940, 0xa2e7, 0xa2e7, 0x7100,
0x50c0, 0x4000, 0xf81f, 0xf81f, 0xf81f, 0xf81f, 0xf81f, 0xf81f, 0xf81f, 0xf81f,
0xf81f, 0xf81f, 0xf81f, 0xf81f, 0xf81f, 0x7100, 0x3880, 0x3880, 0x50c0, 0x8940,
0xa2e7, 0xa2e7, 0x7100, 0x68e0, 0x6000, 0x0000, 0xf81f, 0xf81f, 0xf81f, 0xf81f,
0xf81f, 0xf81f, 0xf81f, 0xf81f, 0xf81f, 0xf81f, 0xf81f, 0xf81f, 0xf81f, 0x8940,
0x8940, 0x7100, 0x8940, 0xa2e7, 0x8940, 0x68e0, 0x50c0, 0x50c0, 0x4000, 0xf81f,
0xf81f, 0xf81f, 0xf81f, 0xf81f, 0xf81f, 0xf81f, 0xf81f, 0xf81f, 0xf81f, 0xf81f,
0xf81f, 0xf81f, 0xf81f, 0x7100, 0x3880, 0x0000, 0x9800, 0x9800, 0x0000, 0x0000,
0x0000, 0x0000, 0x6000, 0x4000, 0xf81f, 0xf81f, 0xf81f, 0xf81f, 0xf81f, 0xf81f,
0xf81f, 0xf81f, 
0xf81f, 0xf81f, 0xf81f, 0xf81f, 0xf81f, 0xf81f, 0xf81f, 0x9800, 0x0000, 0x0000,
0x0000, 0x0000, 0x0000, 0x7800, 0x7800, 0x4000, 0x0000, 0xf81f, 0xf81f, 0xf81f,
0xf81f, 0xf81f, 0xf81f, 0xf81f, 0xf81f, 0xf81f, 0xf81f, 0xf81f, 0xf81f, 0x7100,
0x0000, 0xf81f, 0x9800, 0x0000, 0x0000, 0x0000, 0x0000, 0x0000, 0x7800, 0x4000,
0xf81f, 0xf81f, 0xf81f, 0xf81f, 0xf81f, 0xf81f, 0xf81f, 0xf81f, 0xf81f, 0xf81f,
0xf81f, 0xf81f, 0xf81f, 0x7100, 0x3880, 0xc638, 0x9800, 0x9800, 0x9800, 0x0000,
0x0000, 0x0000, 0x6000, 0x4000, 0xf81f, 0xf81f, 0xf81f, 0xf81f, 0xf81f, 0xf81f,
0xf81f, 0xf81f, 0xf81f, 0xf81f, 0xf81f, 0xf81f, 0xf81f, 0xf81f, 0xf81f, 0x9800,
0x9800, 0x9800, 0x0000, 0x0000, 0x0000, 0x0000, 0x6000, 0x4000, 0xf81f, 0xf81f,
0xf81f, 0xf81f, 0xf81f, 0xf81f, 0xf81f, 0xf81f, 0xf81f, 0xf81f, 0xf81f, 0xf81f,
0x4a71, 0x422f, 0x2128, 0x9800, 0x9800, 0x7800, 0x7800, 0x0000, 0x0000, 0x6000,
0x6000, 0x4000, 0x0000, 0xf81f, 0xf81f, 0xf81f, 0xf81f, 0xf81f, 0xf81f, 0xf81f,
0xf81f, 0xf81f, 0xf81f, 0xf81f, 0xf81f, 0x7100, 0x0000, 0xf81f, 0x9800, 0x0000,
0x0000, 0x0000, 0x0000, 0x0000, 0x6000, 0x4000, 0xf81f, 0xf81f, 0xf81f, 0xf81f,
0xf81f, 0xf81f, 0xf81f, 0xf81f, 0xf81f, 0xf81f, 0xf81f, 0xf81f, 0xf81f, 0x7100,
0x3880, 0xc638, 0x9800, 0x9800, 0x9800, 0x0000, 0x0000, 0x0000, 0x6000, 0x4000,
0xf81f, 0xf81f, 0xf81f, 0xf81f, 0xf81f, 0xf81f, 0xf81f, 0xf81f, 0xf81f, 0xf81f,
0xf81f, 0xf81f, 0xf81f, 0xf81f, 0xf81f, 0x8800, 0x9800, 0x0000, 0x0000, 0x0000,
0x0000, 0x0000, 0x7800, 0x4000, 0xf81f, 0xf81f, 0xf81f, 0xf81f, 0xf81f, 0xf81f,
0xf81f, 0xf81f, 
0xf81f, 0xf81f, 0xf81f, 0xf81f, 0xf81f, 0xf81f, 0x0000, 0x9800, 0x9800, 0x9800,
0x9800, 0x9800, 0x9800, 0x9800, 0xc638, 0x738e, 0x0000, 0xf81f, 0xf81f, 0xf81f,
0xf81f, 0xf81f, 0xf81f, 0xf81f, 0xf81f, 0xf81f, 0xf81f, 0xf81f, 0xf81f, 0xf81f,
0xf81f, 0x9800, 0x0000, 0x0000, 0x0000, 0x0000, 0x0000, 0x7800, 0x7800, 0x4000,
0x0000, 0x2128, 0xf81f, 0xf81f, 0xf81f, 0xf81f, 0xf81f, 0xf81f, 0xf81f, 0xf81f,
0xf81f, 0xf81f, 0xf81f, 0x7100, 0x0000, 0xf81f, 0x9800, 0x0000, 0x0000, 0x0000,
0x0000, 0x0000, 0x7800, 0x4000, 0xf81f, 0xf81f, 0xf81f, 0xf81f, 0xf81f, 0xf81f,
0xf81f, 0xf81f, 0xf81f, 0xf81f, 0xf81f, 0xf81f, 0xf81f, 0xf81f, 0xf81f, 0x9800,
0x9800, 0x9800, 0x7800, 0x7800, 0x7800, 0x6000, 0x6000, 0x4000, 0x0000, 0xf81f,
0xf81f, 0xf81f, 0xf81f, 0xf81f, 0xf81f, 0xf81f, 0xf81f, 0xf81f, 0xf81f, 0xf81f,
0x4a71, 0x4a71, 0x0000, 0x9800, 0xe71c, 0xe71c, 0xc638, 0x7800, 0x6000, 0x6000,
0x6000, 0x4000, 0x0000, 0xf81f, 0xf81f, 0xf81f, 0xf81f, 0xf81f, 0xf81f, 0xf81f,
0xf81f, 0xf81f, 0xf81f, 0xf81f, 0xf81f, 0xf81f, 0xf81f, 0x9800, 0x9800, 0x9800,
0x7800, 0x0000, 0x0000, 0x7800, 0x6000, 0x4000, 0x0000, 0xf81f, 0xf81f, 0xf81f,
0xf81f, 0xf81f, 0xf81f, 0xf81f, 0xf81f, 0xf81f, 0xf81f, 0xf81f, 0xf81f, 0x7100,
0x0000, 0xf81f, 0x9800, 0x0000, 0x0000, 0x0000, 0x0000, 0x0000, 0x7800, 0x4000,
0xf81f, 0xf81f, 0xf81f, 0xf81f, 0xf81f, 0xf81f, 0xf81f, 0xf81f, 0xf81f, 0xf81f,
0xf81f, 0xf81f, 0xf81f, 0xf81f, 0xf81f, 0x9800, 0x9800, 0x0000, 0x0000, 0x9800,
0x9800, 0x7800, 0x7800, 0x4000, 0x0000, 0xf81f, 0xf81f, 0xf81f, 0xf81f, 0xf81f,
0xf81f, 0xf81f, 
0xf81f, 0xf81f, 0xf81f, 0xf81f, 0xf81f, 0xf81f, 0x9800, 0x9800, 0x9800, 0x9800,
0xb1e7, 0xb1e7, 0xb1e7, 0xffff, 0xe71c, 0xc638, 0x738e, 0x10a4, 0xf81f, 0xf81f,
0xf81f, 0xf81f, 0xf81f, 0xf81f, 0xf81f, 0xf81f, 0xf81f, 0xf81f, 0xf81f, 0xf81f,
0x0000, 0x9800, 0x9800, 0x9800, 0x9800, 0x9800, 0x9800, 0x9800, 0xa514, 0x0000,
0x0000, 0x31ac, 0x0000, 0xf81f, 0xf81f, 0xf81f, 0xf81f, 0xf81f, 0xf81f, 0xf81f,
0xf81f, 0xf81f, 0xf81f, 0xf81f, 0xf81f, 0x9800, 0x0000, 0x9800, 0x0000, 0x0000,
0x0000, 0x7800, 0x6000, 0x4000, 0x0000, 0xf81f, 0xf81f, 0xf81f, 0xf81f, 0xf81f,
0xf81f, 0xf81f, 0xf81f, 0xf81f, 0xf81f, 0xf81f, 0xf81f, 0xf81f, 0x8800, 0x9800,
0xe71c, 0xe71c, 0xc638, 0xa514, 0x6000, 0x6000, 0x6000, 0x4000, 0x0000, 0xf81f,
0xf81f, 0xf81f, 0xf81f, 0xf81f, 0xf81f, 0xf81f, 0xf81f, 0xf81f, 0xf81f, 0xf81f,
0xf81f, 0x422f, 0x8940, 0xe71c, 0xffff, 0xc638, 0xa514, 0x6000, 0x6000, 0x6000,
0x4000, 0x0000, 0x0000, 0xf81f, 0xf81f, 0xf81f, 0xf81f, 0xf81f, 0xf81f, 0xf81f,
0xf81f, 0xf81f, 0xf81f, 0xf81f, 0xf81f, 0xf81f, 0x0000, 0x9800, 0xe71c, 0xe71c,
0xc638, 0x7800, 0x6000, 0x6000, 0x6000, 0x4000, 0x0000, 0xf81f, 0xf81f, 0xf81f,
0xf81f, 0xf81f, 0xf81f, 0xf81f, 0xf81f, 0xf81f, 0xf81f, 0xf81f, 0xf81f, 0xf81f,
0xf81f, 0x9800, 0x0000, 0x0000, 0x0000, 0x0000, 0x0000, 0x7800, 0x6000, 0x4000,
0x0000, 0xf81f, 0xf81f, 0xf81f, 0xf81f, 0xf81f, 0xf81f, 0xf81f, 0xf81f, 0xf81f,
0xf81f, 0xf81f, 0xf81f, 0xf81f, 0x8800, 0x9800, 0x9800, 0x9800, 0x9800, 0x9800,
0x9800, 0xe71c, 0xc638, 0x0000, 0x0000, 0xf81f, 0xf81f, 0xf81f, 0xf81f, 0xf81f,
0xf81f, 0xf81f, 
0xf81f, 0xf81f, 0xf81f, 0xf81f, 0xf81f, 0xf81f, 0x7800, 0x9800, 0x9800, 0x7800,
0x7800, 0x7800, 0xc638, 0xc638, 0xe71c, 0xc638, 0xa514, 0x0000, 0x10a4, 0xf81f,
0xf81f, 0xf81f, 0xf81f, 0xf81f, 0xf81f, 0xf81f, 0xf81f, 0xf81f, 0xf81f, 0xf81f,
0x9800, 0x9800, 0x9800, 0x9800, 0xb1e7, 0x9800, 0xe71c, 0xe71c, 0xe71c, 0xc638,
0xa514, 0xa514, 0x10a4, 0x0000, 0xf81f, 0xf81f, 0xf81f, 0xf81f, 0xf81f, 0xf81f,
0xf81f, 0xf81f, 0xf81f, 0xf81f, 0x0000, 0x9800, 0x9800, 0x9800, 0x9800, 0x9800,
0xc638, 0x6000, 0x4000, 0x4000, 0x0000, 0xf81f, 0xf81f, 0xf81f, 0xf81f, 0xf81f,
0xf81f, 0xf81f, 0xf81f, 0xf81f, 0xf81f, 0xf81f, 0xf81f, 0xf81f, 0x8800, 0x9800,
0xe71c, 0xe71c, 0xa514, 0x0000, 0x4000, 0x4000, 0x4000, 0x0000, 0x0000, 0xf81f,
0xf81f, 0xf81f, 0xf81f, 0xf81f, 0xf81f, 0xf81f, 0xf81f, 0xf81f, 0xf81f, 0xf81f,
0xf81f, 0x422f, 0x8940, 0xe71c, 0xc638, 0xa514, 0x0000, 0x4000, 0x4000, 0x4000,
0x4000, 0x0000, 0x0000, 0xf81f, 0xf81f, 0xf81f, 0xf81f, 0xf81f, 0xf81f, 0xf81f,
0xf81f, 0xf81f, 0xf81f, 0xf81f, 0xf81f, 0x4a71, 0x9800, 0x9800, 0xe71c, 0xe71c,
0xa514, 0xa514, 0x6000, 0x6000, 0x4000, 0x0000, 0x0000, 0xf81f, 0xf81f, 0xf81f,
0xf81f, 0xf81f, 0xf81f, 0xf81f, 0xf81f, 0xf81f, 0xf81f, 0xf81f, 0xf81f, 0xf81f,
0x0000, 0x9800, 0x9800, 0x9800, 0xe71c, 0xe71c, 0xc638, 0x6000, 0x4000, 0x4000,
0x0000, 0xf81f, 0xf81f, 0xf81f, 0xf81f, 0xf81f, 0xf81f, 0xf81f, 0xf81f, 0xf81f,
0xf81f, 0xf81f, 0xf81f, 0xf81f, 0x9800, 0x9800, 0x9800, 0x7800, 0x9800, 0x9800,
0xe71c, 0xffff, 0xc638, 0x0000, 0x0000, 0xf81f, 0xf81f, 0xf81f, 0xf81f, 0xf81f,
0xf81f, 0xf81f, 
0xf81f, 0xf81f, 0xf81f, 0xf81f, 0xf81f, 0x422f, 0x0000, 0x9800, 0x7800, 0x7800,
0x7800, 0x6000, 0xa514, 0x738e, 0xc638, 0xc638, 0x0000, 0x0000, 0x0000, 0x7100,
0xf81f, 0xf81f, 0xf81f, 0xf81f, 0xf81f, 0xf81f, 0xf81f, 0xf81f, 0xf81f, 0xf81f,
0x7800, 0x9800, 0x9800, 0x7800, 0x7800, 0x9800, 0xe71c, 0xe71c, 0xffff, 0xa514,
0xa514, 0x0000, 0xc638, 0x0000, 0x0000, 0xf81f, 0xf81f, 0xf81f, 0xf81f, 0xf81f,
0xf81f, 0xf81f, 0xf81f, 0xf81f, 0x8800, 0x9800, 0x9800, 0x9800, 0xe71c, 0xe71c,
0xc638, 0x0000, 0x0000, 0x0000, 0x0000, 0xf81f, 0xf81f, 0xf81f, 0xf81f, 0xf81f,
0xf81f, 0xf81f, 0xf81f, 0xf81f, 0xf81f, 0xf81f, 0xf81f, 0x4a71, 0x7800, 0x8940,
0xa514, 0xc638, 0x738e, 0xa514, 0x4000, 0x4000, 0x4000, 0x0000, 0x0000, 0xf81f,
0xf81f, 0xf81f, 0xf81f, 0xf81f, 0xf81f, 0xf81f, 0xf81f, 0xf81f, 0xf81f, 0xf81f,
0xf81f, 0xf81f, 0x7100, 0xa514, 0xa514, 0x738e, 0x6000, 0x6000, 0x4000, 0x4000,
0x4000, 0x0000, 0x0000, 0xf81f, 0xf81f, 0xf81f, 0xf81f, 0xf81f, 0xf81f, 0xf81f,
0xf81f, 0xf81f, 0xf81f, 0xf81f, 0xf81f, 0x5ad3, 0x7800, 0x9800, 0xc638, 0xa514,
0x738e, 0xa514, 0x4000, 0x4000, 0x4000, 0x0000, 0x0000, 0xf81f, 0xf81f, 0xf81f,
0xf81f, 0xf81f, 0xf81f, 0xf81f, 0xf81f, 0xf81f, 0xf81f, 0xf81f, 0xf81f, 0xf81f,
0x9800, 0x9800, 0x7800, 0x7800, 0xe71c, 0xffff, 0xa514, 0x738e, 0x4000, 0x0000,
0x0000, 0xf81f, 0xf81f, 0xf81f, 0xf81f, 0xf81f, 0xf81f, 0xf81f, 0xf81f, 0xf81f,
0xf81f, 0xf81f, 0xf81f, 0xf81f, 0x7800, 0x9800, 0x9800, 0x7800, 0x7800, 0x6000,
0xa514, 0xe71c, 0xc638, 0xa514, 0x0000, 0x10a4, 0xf81f, 0xf81f, 0xf81f, 0xf81f,
0xf81f, 0xf81f, 
0xf81f, 0xf81f, 0xf81f, 0xf81f, 0x4a71, 0x422f, 0x31ac, 0x0000, 0x0000, 0x6000,
0x6000, 0x4000, 0x0000, 0x4000, 0x0000, 0xa514, 0x738e, 0x0000, 0x0000, 0x0000,
0xf81f, 0xf81f, 0xf81f, 0xf81f, 0xf81f, 0xf81f, 0xf81f, 0xf81f, 0xf81f, 0xf81f,
0x0000, 0x9800, 0x9800, 0x7800, 0x7800, 0x6000, 0xa514, 0xa514, 0xc638, 0x0000,
0x738e, 0x0000, 0x3880, 0x0000, 0x0000, 0xf81f, 0xf81f, 0xf81f, 0xf81f, 0xf81f,
0xf81f, 0xf81f, 0xf81f, 0xf81f, 0x7800, 0x9800, 0x7800, 0x7800, 0xe71c, 0xffff,
0xc638, 0x0000, 0x0000, 0x0000, 0x0000, 0x0000, 0xf81f, 0xf81f, 0xf81f, 0xf81f,
0xf81f, 0xf81f, 0xf81f, 0xf81f, 0xf81f, 0xf81f, 0x4a71, 0x4a71, 0x7100, 0x8940,
0xc638, 0xa514, 0x0000, 0x6000, 0x6000, 0x4000, 0x4000, 0x0000, 0x0000, 0xf81f,
0xf81f, 0xf81f, 0xf81f, 0xf81f, 0xf81f, 0xf81f, 0xf81f, 0xf81f, 0xf81f, 0xf81f,
0xf81f, 0xf81f, 0x2128, 0x0000, 0x0000, 0x0000, 0x0000, 0x7800, 0x6000, 0x6000,
0x0000, 0x0000, 0x31ac, 0xf81f, 0xf81f, 0xf81f, 0xf81f, 0xf81f, 0xf81f, 0xf81f,
0xf81f, 0xf81f, 0xf81f, 0xf81f, 0xf81f, 0x422f, 0x0000, 0x9800, 0x9800, 0x0000,
0x0000, 0x6000, 0x4000, 0x4000, 0x4000, 0x0000, 0x0000, 0x2128, 0xf81f, 0xf81f,
0xf81f, 0xf81f, 0xf81f, 0xf81f, 0xf81f, 0xf81f, 0xf81f, 0xf81f, 0xf81f, 0xf81f,
0x7800, 0x9800, 0x9800, 0x7800, 0xe71c, 0xffff, 0xa514, 0x0000, 0x0000, 0x0000,
0x0000, 0xf81f, 0xf81f, 0xf81f, 0xf81f, 0xf81f, 0xf81f, 0xf81f, 0xf81f, 0xf81f,
0xf81f, 0xf81f, 0xf81f, 0xf81f, 0x0000, 0x9800, 0x7800, 0x7800, 0x7800, 0x6000,
0x4000, 0xc638, 0x738e, 0x738e, 0x0000, 0x10a4, 0x0000, 0xf81f, 0xf81f, 0xf81f,
0xf81f, 0xf81f, 
0xf81f, 0xf81f, 0xf81f, 0xf81f, 0x422f, 0x422f, 0x31ac, 0x31ac, 0x4000, 0x0000,
0x0000, 0x0000, 0x0000, 0x0000, 0x0000, 0x422f, 0x8940, 0x3880, 0x3880, 0x0000,
0xf81f, 0xf81f, 0xf81f, 0xf81f, 0xf81f, 0xf81f, 0xf81f, 0xf81f, 0xf81f, 0xf81f,
0xf81f, 0x0000, 0x0000, 0x6000, 0x6000, 0x4000, 0x0000, 0x0000, 0x0000, 0x0000,
0x738e, 0x3880, 0x0000, 0x2128, 0x0000, 0xf81f, 0xf81f, 0xf81f, 0xf81f, 0xf81f,
0xf81f, 0xf81f, 0xf81f, 0xf81f, 0x0000, 0x7800, 0x7800, 0x6000, 0xc638, 0xe71c,
0xa514, 0x0000, 0x4000, 0x0000, 0x0000, 0x0000, 0xf81f, 0xf81f, 0xf81f, 0xf81f,
0xf81f, 0xf81f, 0xf81f, 0xf81f, 0xf81f, 0xf81f, 0xf81f, 0x422f, 0x422f, 0x7100,
0x738e, 0x0000, 0x0000, 0x0000, 0x0000, 0x0000, 0x0000, 0x0000, 0x2128, 0xf81f,
0xf81f, 0xf81f, 0xf81f, 0xf81f, 0xf81f, 0xf81f, 0xf81f, 0xf81f, 0xf81f, 0xf81f,
0xf81f, 0xf81f, 0xf81f, 0x2128, 0x4000, 0x0000, 0x0000, 0x0000, 0x0000, 0x0000,
0x0000, 0x422f, 0x422f, 0x2128, 0xf81f, 0xf81f, 0xf81f, 0xf81f, 0xf81f, 0xf81f,
0xf81f, 0xf81f, 0xf81f, 0xf81f, 0xf81f, 0xf81f, 0x422f, 0x0000, 0x0000, 0x0000,
0x0000, 0x6000, 0x6000, 0x4000, 0x0000, 0x0000, 0x4a71, 0x422f, 0x0000, 0xf81f,
0xf81f, 0xf81f, 0xf81f, 0xf81f, 0xf81f, 0xf81f, 0xf81f, 0xf81f, 0xf81f, 0xf81f,
0x0000, 0x9800, 0x7800, 0x7800, 0xe71c, 0xc638, 0xa514, 0x0000, 0x4000, 0x0000,
0x0000, 0xf81f, 0xf81f, 0xf81f, 0xf81f, 0xf81f, 0xf81f, 0xf81f, 0xf81f, 0xf81f,
0xf81f, 0xf81f, 0xf81f, 0xf81f, 0xf81f, 0x0000, 0x0000, 0x0000, 0x0000, 0x0000,
0x0000, 0xc638, 0xa514, 0x0000, 0x3880, 0x0000, 0x2128, 0x0000, 0xf81f, 0xf81f,
0xf81f, 0xf81f, 
0xf81f, 0xf81f, 0xf81f, 0xf81f, 0xf81f, 0x422f, 0x31ac, 0x31ac, 0x2128, 0x422f,
0x422f, 0x31ac, 0x2128, 0x2128, 0x0000, 0x422f, 0x31ac, 0x3880, 0x0000, 0xf81f,
0xf81f, 0xf81f, 0xf81f, 0xf81f, 0xf81f, 0xf81f, 0xf81f, 0xf81f, 0xf81f, 0xf81f,
0x422f, 0x31ac, 0x4000, 0x0000, 0x0000, 0x0000, 0x0000, 0x0000, 0x0000, 0x0000,
0xf81f, 0x3880, 0x2128, 0x2128, 0x0000, 0x0000, 0xf81f, 0xf81f, 0xf81f, 0xf81f,
0xf81f, 0xf81f, 0xf81f, 0xf81f, 0xf81f, 0x0000, 0x0000, 0x6000, 0xc638, 0xc638,
0xa514, 0x0000, 0x0000, 0x0000, 0x0000, 0x0000, 0xf81f, 0xf81f, 0xf81f, 0xf81f,
0xf81f, 0xf81f, 0xf81f, 0xf81f, 0xf81f, 0xf81f, 0xf81f, 0xf81f, 0xf81f, 0x31ac,
0x3880, 0x3880, 0x0000, 0x0000, 0x0000, 0x0000, 0x0000, 0x422f, 0x31ac, 0x10a4,
0xf81f, 0xf81f, 0xf81f, 0xf81f, 0xf81f, 0xf81f, 0xf81f, 0xf81f, 0xf81f, 0xf81f,
0xf81f, 0xf81f, 0xf81f, 0xf81f, 0xf81f, 0xf81f, 0xf81f, 0x4a71, 0x4a71, 0x4a71,
0x31ac, 0x422f, 0x31ac, 0x10a4, 0x2128, 0xf81f, 0xf81f, 0xf81f, 0xf81f, 0xf81f,
0xf81f, 0xf81f, 0xf81f, 0xf81f, 0xf81f, 0xf81f, 0xf81f, 0x31ac, 0x4000, 0x0000,
0x0000, 0x0000, 0x0000, 0x0000, 0x0000, 0x4a71, 0x4a71, 0x422f, 0x10a4, 0x0000,
0xf81f, 0xf81f, 0xf81f, 0xf81f, 0xf81f, 0xf81f, 0xf81f, 0xf81f, 0xf81f, 0xf81f,
0xf81f, 0x0000, 0x0000, 0x0000, 0xa514, 0x738e, 0x0000, 0x4000, 0x0000, 0x0000,
0x0000, 0xf81f, 0xf81f, 0xf81f, 0xf81f, 0xf81f, 0xf81f, 0xf81f, 0xf81f, 0xf81f,
0xf81f, 0xf81f, 0xf81f, 0xf81f, 0xf81f, 0xf81f, 0xf81f, 0x4000, 0x0000, 0x0000,
0x0000, 0x7100, 0x3880, 0x3880, 0x3880, 0x31ac, 0x2128, 0x0000, 0xf81f, 0xf81f,
0xf81f, 0xf81f, 
0xf81f, 0xf81f, 0xf81f, 0xf81f, 0xf81f, 0x31ac, 0x31ac, 0x2128, 0x2128, 0x2128,
0x31ac, 0x2128, 0x0000, 0x0000, 0x422f, 0x31ac, 0x31ac, 0xf81f, 0xf81f, 0xf81f,
0xf81f, 0xf81f, 0xf81f, 0xf81f, 0xf81f, 0xf81f, 0xf81f, 0xf81f, 0xf81f, 0x4a71,
0x422f, 0x31ac, 0x31ac, 0x4a71, 0x422f, 0x31ac, 0x31ac, 0x31ac, 0x0000, 0xf81f,
0xf81f, 0xf81f, 0xf81f, 0xf81f, 0x0000, 0xf81f, 0xf81f, 0xf81f, 0xf81f, 0xf81f,
0xf81f, 0xf81f, 0xf81f, 0xf81f, 0xf81f, 0xf81f, 0x4000, 0x0000, 0x7100, 0xa514,
0x738e, 0x0000, 0x0000, 0x0000, 0x0000, 0x0000, 0xf81f, 0xf81f, 0xf81f, 0xf81f,
0xf81f, 0xf81f, 0xf81f, 0xf81f, 0xf81f, 0xf81f, 0xf81f, 0xf81f, 0xf81f, 0xf81f,
0xf81f, 0xf81f, 0xf81f, 0x4a71, 0x4a71, 0x31ac, 0x31ac, 0x422f, 0x31ac, 0x0000,
0x0000, 0xf81f, 0xf81f, 0xf81f, 0xf81f, 0xf81f, 0xf81f, 0xf81f, 0xf81f, 0xf81f,
0xf81f, 0xf81f, 0xf81f, 0xf81f, 0xf81f, 0xf81f, 0xf81f, 0xf81f, 0x31ac, 0x2128,
0x31ac, 0x31ac, 0x10a4, 0x31ac, 0x31ac, 0x2128, 0xf81f, 0xf81f, 0xf81f, 0xf81f,
0xf81f, 0xf81f, 0xf81f, 0xf81f, 0xf81f, 0xf81f, 0xf81f, 0xf81f, 0x2128, 0x2128,
0x0000, 0x4a71, 0x4a71, 0x4a71, 0x2128, 0x422f, 0x422f, 0x422f, 0x31ac, 0x0000,
0x0000, 0xf81f, 0xf81f, 0xf81f, 0xf81f, 0xf81f, 0xf81f, 0xf81f, 0xf81f, 0xf81f,
0xf81f, 0xf81f, 0x4000, 0x0000, 0x7100, 0x738e, 0x7100, 0x0000, 0x0000, 0x31ac,
0x0000, 0xf81f, 0xf81f, 0xf81f, 0xf81f, 0xf81f, 0xf81f, 0xf81f, 0xf81f, 0xf81f,
0xf81f, 0xf81f, 0xf81f, 0x422f, 0x422f, 0x422f, 0x4a71, 0x422f, 0x31ac, 0x2128,
0x10a4, 0x3880, 0x3880, 0x3880, 0x31ac, 0x2128, 0xf81f, 0xf81f, 0xf81f, 0xf81f,
0xf81f, 0xf81f, 
0xf81f, 0xf81f, 0xf81f, 0xf81f, 0xf81f, 0xf81f, 0x2128, 0x2128, 0x10a4, 0x0000,
0x0000, 0x0000, 0xf81f, 0x31ac, 0x31ac, 0x0000, 0xf81f, 0xf81f, 0xf81f, 0xf81f,
0xf81f, 0xf81f, 0xf81f, 0xf81f, 0xf81f, 0xf81f, 0xf81f, 0xf81f, 0xf81f, 0x4a71,
0x422f, 0x31ac, 0x31ac, 0x422f, 0x422f, 0x31ac, 0x10a4, 0x0000, 0xf81f, 0xf81f,
0xf81f, 0xf81f, 0xf81f, 0xf81f, 0xf81f, 0xf81f, 0xf81f, 0xf81f, 0xf81f, 0xf81f,
0xf81f, 0xf81f, 0xf81f, 0xf81f, 0xf81f, 0xf81f, 0xf81f, 0xf81f, 0x8940, 0x7100,
0x3880, 0x0000, 0x10a4, 0x2128, 0xf81f, 0xf81f, 0xf81f, 0xf81f, 0xf81f, 0xf81f,
0xf81f, 0xf81f, 0xf81f, 0xf81f, 0xf81f, 0xf81f, 0xf81f, 0xf81f, 0xf81f, 0xf81f,
0xf81f, 0xf81f, 0xf81f, 0x10a4, 0x2128, 0x2128, 0x31ac, 0x2128, 0x0000, 0x2128,
0x10a4, 0xf81f, 0xf81f, 0xf81f, 0xf81f, 0xf81f, 0xf81f, 0xf81f, 0xf81f, 0xf81f,
0xf81f, 0xf81f, 0xf81f, 0xf81f, 0xf81f, 0xf81f, 0xf81f, 0xf81f, 0xf81f, 0xf81f,
0x0000, 0x10a4, 0x31ac, 0x422f, 0x31ac, 0x2128, 0xf81f, 0xf81f, 0xf81f, 0xf81f,
0xf81f, 0xf81f, 0xf81f, 0xf81f, 0xf81f, 0xf81f, 0xf81f, 0xf81f, 0xf81f, 0xf81f,
0x0000, 0x31ac, 0x31ac, 0x2128, 0x2128, 0x2128, 0x31ac, 0x31ac, 0x31ac, 0x2128,
0x0000, 0xf81f, 0xf81f, 0xf81f, 0xf81f, 0xf81f, 0xf81f, 0xf81f, 0xf81f, 0xf81f,
0xf81f, 0xf81f, 0xf81f, 0x2128, 0x422f, 0x3880, 0x31ac, 0x422f, 0x422f, 0x31ac,
0x0000, 0xf81f, 0xf81f, 0xf81f, 0xf81f, 0xf81f, 0xf81f, 0xf81f, 0xf81f, 0xf81f,
0xf81f, 0xf81f, 0x4a71, 0x4a71, 0x4a71, 0x4a71, 0x4a71, 0x422f, 0x422f, 0x422f,
0x2128, 0x422f, 0x31ac, 0x2128, 0xf81f, 0xf81f, 0xf81f, 0xf81f, 0xf81f, 0xf81f,
0xf81f, 0xf81f, 
0xf81f, 0xf81f, 0xf81f, 0xf81f, 0xf81f, 0xf81f, 0xf81f, 0x0000, 0x0000, 0x0000,
0xf81f, 0xf81f, 0xf81f, 0xf81f, 0xf81f, 0xf81f, 0xf81f, 0xf81f, 0xf81f, 0xf81f,
0xf81f, 0xf81f, 0xf81f, 0xf81f, 0xf81f, 0xf81f, 0xf81f, 0xf81f, 0xf81f, 0xf81f,
0x31ac, 0x31ac, 0x31ac, 0x2128, 0x31ac, 0x2128, 0x10a4, 0x0000, 0xf81f, 0xf81f,
0xf81f, 0xf81f, 0xf81f, 0xf81f, 0xf81f, 0xf81f, 0xf81f, 0xf81f, 0xf81f, 0xf81f,
0xf81f, 0xf81f, 0xf81f, 0xf81f, 0xf81f, 0xf81f, 0xf81f, 0xf81f, 0x7100, 0x3880,
0x2128, 0x10a4, 0x422f, 0x2128, 0x0000, 0xf81f, 0xf81f, 0xf81f, 0xf81f, 0xf81f,
0xf81f, 0xf81f, 0xf81f, 0xf81f, 0xf81f, 0xf81f, 0xf81f, 0xf81f, 0xf81f, 0xf81f,
0xf81f, 0xf81f, 0xf81f, 0xf81f, 0x4a71, 0x4a71, 0x2128, 0x2128, 0x422f, 0x31ac,
0x2128, 0x0000, 0xf81f, 0xf81f, 0xf81f, 0xf81f, 0xf81f, 0xf81f, 0xf81f, 0xf81f,
0xf81f, 0xf81f, 0xf81f, 0xf81f, 0xf81f, 0xf81f, 0xf81f, 0xf81f, 0xf81f, 0x422f,
0x4a71, 0x4a71, 0x4a71, 0x31ac, 0x2128, 0x0000, 0xf81f, 0xf81f, 0xf81f, 0xf81f,
0xf81f, 0xf81f, 0xf81f, 0xf81f, 0xf81f, 0xf81f, 0xf81f, 0xf81f, 0xf81f, 0xf81f,
0xf81f, 0xf81f, 0xf81f, 0x0000, 0x0000, 0x0000, 0xf81f, 0x2128, 0x2128, 0x2128,
0x0000, 0xf81f, 0xf81f, 0xf81f, 0xf81f, 0xf81f, 0xf81f, 0xf81f, 0xf81f, 0xf81f,
0xf81f, 0xf81f, 0xf81f, 0xf81f, 0xf81f, 0x31ac, 0x2128, 0x31ac, 0x31ac, 0x31ac,
0x2128, 0xf81f, 0xf81f, 0xf81f, 0xf81f, 0xf81f, 0xf81f, 0xf81f, 0xf81f, 0xf81f,
0xf81f, 0xf81f, 0xf81f, 0x422f, 0x422f, 0x422f, 0x422f, 0x31ac, 0x31ac, 0x2128,
0x0000, 0xf81f, 0xf81f, 0xf81f, 0xf81f, 0xf81f, 0xf81f, 0xf81f, 0xf81f, 0xf81f,
0xf81f, 0xf81f, 
0xf81f, 0xf81f, 0xf81f, 0xf81f, 0xf81f, 0xf81f, 0xf81f, 0xf81f, 0xf81f, 0xf81f,
0xf81f, 0xf81f, 0xf81f, 0xf81f, 0xf81f, 0xf81f, 0xf81f, 0xf81f, 0xf81f, 0xf81f,
0xf81f, 0xf81f, 0xf81f, 0xf81f, 0xf81f, 0xf81f, 0xf81f, 0xf81f, 0xf81f, 0xf81f,
0xf81f, 0x2128, 0x2128, 0x2128, 0x10a4, 0x0000, 0xf81f, 0xf81f, 0xf81f, 0xf81f,
0xf81f, 0xf81f, 0xf81f, 0xf81f, 0xf81f, 0xf81f, 0xf81f, 0xf81f, 0xf81f, 0xf81f,
0xf81f, 0xf81f, 0xf81f, 0xf81f, 0xf81f, 0xf81f, 0xf81f, 0x422f, 0x31ac, 0x10a4,
0x0000, 0x2128, 0x422f, 0x2128, 0x0000, 0xf81f, 0xf81f, 0xf81f, 0xf81f, 0xf81f,
0xf81f, 0xf81f, 0xf81f, 0xf81f, 0xf81f, 0xf81f, 0xf81f, 0xf81f, 0xf81f, 0xf81f,
0xf81f, 0xf81f, 0xf81f, 0xf81f, 0x4a71, 0x4a71, 0x4a71, 0x4a71, 0x422f, 0x2128,
0x10a4, 0xf81f, 0xf81f, 0xf81f, 0xf81f, 0xf81f, 0xf81f, 0xf81f, 0xf81f, 0xf81f,
0xf81f, 0xf81f, 0xf81f, 0xf81f, 0xf81f, 0xf81f, 0xf81f, 0xf81f, 0xf81f, 0x4a71,
0x4a71, 0x4a71, 0x31ac, 0x2128, 0x0000, 0xf81f, 0xf81f, 0xf81f, 0xf81f, 0xf81f,
0xf81f, 0xf81f, 0xf81f, 0xf81f, 0xf81f, 0xf81f, 0xf81f, 0xf81f, 0xf81f, 0xf81f,
0xf81f, 0xf81f, 0xf81f, 0xf81f, 0xf81f, 0xf81f, 0xf81f, 0xf81f, 0xf81f, 0x0000,
0x0000, 0xf81f, 0xf81f, 0xf81f, 0xf81f, 0xf81f, 0xf81f, 0xf81f, 0xf81f, 0xf81f,
0xf81f, 0xf81f, 0xf81f, 0xf81f, 0xf81f, 0xf81f, 0xf81f, 0xf81f, 0x2128, 0x2128,
0x2128, 0x0000, 0xf81f, 0xf81f, 0xf81f, 0xf81f, 0xf81f, 0xf81f, 0xf81f, 0xf81f,
0xf81f, 0xf81f, 0xf81f, 0xf81f, 0xf81f, 0x31ac, 0x31ac, 0x2128, 0x2128, 0x0000,
0xf81f, 0xf81f, 0xf81f, 0xf81f, 0xf81f, 0xf81f, 0xf81f, 0xf81f, 0xf81f, 0xf81f,
0xf81f, 0xf81f, 
0xf81f, 0xf81f, 0xf81f, 0xf81f, 0xf81f, 0xf81f, 0xf81f, 0xf81f, 0xf81f, 0xf81f,
0xf81f, 0xf81f, 0xf81f, 0xf81f, 0xf81f, 0xf81f, 0xf81f, 0xf81f, 0xf81f, 0xf81f,
0xf81f, 0xf81f, 0xf81f, 0xf81f, 0xf81f, 0xf81f, 0xf81f, 0xf81f, 0xf81f, 0xf81f,
0xf81f, 0xf81f, 0x10a4, 0x0000, 0x0000, 0xf81f, 0xf81f, 0xf81f, 0xf81f, 0xf81f,
0xf81f, 0xf81f, 0xf81f, 0xf81f, 0xf81f, 0xf81f, 0xf81f, 0xf81f, 0xf81f, 0xf81f,
0xf81f, 0xf81f, 0xf81f, 0xf81f, 0xf81f, 0xf81f, 0x4a71, 0x4a71, 0x4a71, 0x31ac,
0x422f, 0x422f, 0x31ac, 0x10a4, 0x0000, 0xf81f, 0xf81f, 0xf81f, 0xf81f, 0xf81f,
0xf81f, 0xf81f, 0xf81f, 0xf81f, 0xf81f, 0xf81f, 0xf81f, 0xf81f, 0xf81f, 0xf81f,
0xf81f, 0xf81f, 0xf81f, 0x4a71, 0x4a71, 0x4a71, 0x4a71, 0x31ac, 0x2128, 0x10a4,
0xf81f, 0xf81f, 0xf81f, 0xf81f, 0xf81f, 0xf81f, 0xf81f, 0xf81f, 0xf81f, 0xf81f,
0xf81f, 0xf81f, 0xf81f, 0xf81f, 0xf81f, 0xf81f, 0xf81f, 0xf81f, 0xf81f, 0x422f,
0x31ac, 0x2128, 0x2128, 0xf81f, 0xf81f, 0xf81f, 0xf81f, 0xf81f, 0xf81f, 0xf81f,
0xf81f, 0xf81f, 0xf81f, 0xf81f, 0xf81f, 0xf81f, 0xf81f, 0xf81f, 0xf81f, 0xf81f,
0xf81f, 0xf81f, 0xf81f, 0xf81f, 0xf81f, 0xf81f, 0xf81f, 0xf81f, 0xf81f, 0xf81f,
0xf81f, 0xf81f, 0xf81f, 0xf81f, 0xf81f, 0xf81f, 0xf81f, 0xf81f, 0xf81f, 0xf81f,
0xf81f, 0xf81f, 0xf81f, 0xf81f, 0xf81f, 0xf81f, 0xf81f, 0xf81f, 0xf81f, 0x0000,
0x0000, 0x0000, 0xf81f, 0xf81f, 0xf81f, 0xf81f, 0xf81f, 0xf81f, 0xf81f, 0xf81f,
0xf81f, 0xf81f, 0xf81f, 0xf81f, 0xf81f, 0xf81f, 0xf81f, 0xf81f, 0xf81f, 0xf81f,
0xf81f, 0xf81f, 0xf81f, 0xf81f, 0xf81f, 0xf81f, 0xf81f, 0xf81f, 0xf81f, 0xf81f,
0xf81f, 0xf81f, 
0xf81f, 0xf81f, 0xf81f, 0xf81f, 0xf81f, 0xf81f, 0xf81f, 0xf81f, 0xf81f, 0xf81f,
0xf81f, 0xf81f, 0xf81f, 0xf81f, 0xf81f, 0xf81f, 0xf81f, 0xf81f, 0xf81f, 0xf81f,
0xf81f, 0xf81f, 0xf81f, 0xf81f, 0xf81f, 0xf81f, 0xf81f, 0xf81f, 0xf81f, 0xf81f,
0xf81f, 0xf81f, 0xf81f, 0xf81f, 0xf81f, 0xf81f, 0xf81f, 0xf81f, 0xf81f, 0xf81f,
0xf81f, 0xf81f, 0xf81f, 0xf81f, 0xf81f, 0xf81f, 0xf81f, 0xf81f, 0xf81f, 0xf81f,
0xf81f, 0xf81f, 0xf81f, 0xf81f, 0xf81f, 0xf81f, 0xf81f, 0x422f, 0x422f, 0x31ac,
0x31ac, 0x2128, 0x10a4, 0xf81f, 0xf81f, 0xf81f, 0xf81f, 0xf81f, 0xf81f, 0xf81f,
0xf81f, 0xf81f, 0xf81f, 0xf81f, 0xf81f, 0xf81f, 0xf81f, 0xf81f, 0xf81f, 0xf81f,
0xf81f, 0xf81f, 0xf81f, 0xf81f, 0x2128, 0x31ac, 0x2128, 0x10a4, 0xf81f, 0xf81f,
0xf81f, 0xf81f, 0xf81f, 0xf81f, 0xf81f, 0xf81f, 0xf81f, 0xf81f, 0xf81f, 0xf81f,
0xf81f, 0xf81f, 0xf81f, 0xf81f, 0xf81f, 0xf81f, 0xf81f, 0xf81f, 0xf81f, 0xf81f,
0xf81f, 0xf81f, 0xf81f, 0xf81f, 0xf81f, 0xf81f, 0xf81f, 0xf81f, 0xf81f, 0xf81f,
0xf81f, 0xf81f, 0xf81f, 0xf81f, 0xf81f, 0xf81f, 0xf81f, 0xf81f, 0xf81f, 0xf81f,
0xf81f, 0xf81f, 0xf81f, 0xf81f, 0xf81f, 0xf81f, 0xf81f, 0xf81f, 0xf81f, 0xf81f,
0xf81f, 0xf81f, 0xf81f, 0xf81f, 0xf81f, 0xf81f, 0xf81f, 0xf81f, 0xf81f, 0xf81f,
0xf81f, 0xf81f, 0xf81f, 0xf81f, 0xf81f, 0xf81f, 0xf81f, 0xf81f, 0xf81f, 0xf81f,
0xf81f, 0xf81f, 0xf81f, 0xf81f, 0xf81f, 0xf81f, 0xf81f, 0xf81f, 0xf81f, 0xf81f,
0xf81f, 0xf81f, 0xf81f, 0xf81f, 0xf81f, 0xf81f, 0xf81f, 0xf81f, 0xf81f, 0xf81f,
0xf81f, 0xf81f, 0xf81f, 0xf81f, 0xf81f, 0xf81f, 0xf81f, 0xf81f, 0xf81f, 0xf81f,
0xf81f, 0xf81f, 
0xf81f, 0xf81f, 0xf81f, 0xf81f, 0xf81f, 0xf81f, 0xf81f, 0xf81f, 0xf81f, 0xf81f,
0xf81f, 0xf81f, 0xf81f, 0xf81f, 0xf81f, 0xf81f, 0xf81f, 0xf81f, 0xf81f, 0xf81f,
0xf81f, 0xf81f, 0xf81f, 0xf81f, 0xf81f, 0xf81f, 0xf81f, 0xf81f, 0xf81f, 0xf81f,
0xf81f, 0xf81f, 0xf81f, 0xf81f, 0xf81f, 0xf81f, 0xf81f, 0xf81f, 0xf81f, 0xf81f,
0xf81f, 0xf81f, 0xf81f, 0xf81f, 0xf81f, 0xf81f, 0xf81f, 0xf81f, 0xf81f, 0xf81f,
0xf81f, 0xf81f, 0xf81f, 0xf81f, 0xf81f, 0xf81f, 0xf81f, 0xf81f, 0xf81f, 0xf81f,
0xf81f, 0xf81f, 0xf81f, 0xf81f, 0xf81f, 0xf81f, 0xf81f, 0xf81f, 0xf81f, 0xf81f,
0xf81f, 0xf81f, 0xf81f, 0xf81f, 0xf81f, 0xf81f, 0xf81f, 0xf81f, 0xf81f, 0xf81f,
0xf81f, 0xf81f, 0xf81f, 0xf81f, 0xf81f, 0xf81f, 0xf81f, 0xf81f, 0xf81f, 0xf81f,
0xf81f, 0xf81f, 0xf81f, 0xf81f, 0xf81f, 0xf81f, 0xf81f, 0xf81f, 0xf81f, 0xf81f,
0xf81f, 0xf81f, 0xf81f, 0xf81f, 0xf81f, 0xf81f, 0xf81f, 0xf81f, 0xf81f, 0xf81f,
0xf81f, 0xf81f, 0xf81f, 0xf81f, 0xf81f, 0xf81f, 0xf81f, 0xf81f, 0xf81f, 0xf81f,
0xf81f, 0xf81f, 0xf81f, 0xf81f, 0xf81f, 0xf81f, 0xf81f, 0xf81f, 0xf81f, 0xf81f,
0xf81f, 0xf81f, 0xf81f, 0xf81f, 0xf81f, 0xf81f, 0xf81f, 0xf81f, 0xf81f, 0xf81f,
0xf81f, 0xf81f, 0xf81f, 0xf81f, 0xf81f, 0xf81f, 0xf81f, 0xf81f, 0xf81f, 0xf81f,
0xf81f, 0xf81f, 0xf81f, 0xf81f, 0xf81f, 0xf81f, 0xf81f, 0xf81f, 0xf81f, 0xf81f,
0xf81f, 0xf81f, 0xf81f, 0xf81f, 0xf81f, 0xf81f, 0xf81f, 0xf81f, 0xf81f, 0xf81f,
0xf81f, 0xf81f, 0xf81f, 0xf81f, 0xf81f, 0xf81f, 0xf81f, 0xf81f, 0xf81f, 0xf81f,
0xf81f, 0xf81f, 0xf81f, 0xf81f, 0xf81f, 0xf81f, 0xf81f, 0xf81f, 0xf81f, 0xf81f,
0xf81f, 0xf81f, 
0xf81f, 0xf81f, 0xf81f, 0xf81f, 0xf81f, 0xf81f, 0xf81f, 0xf81f, 0xf81f, 0x50c0,
0x7100, 0x8940, 0x7100, 0x68e0, 0x50c0, 0xf81f, 0xf81f, 0xf81f, 0xf81f, 0xf81f,
0xf81f, 0xf81f, 0xf81f, 0xf81f, 0xf81f, 0xf81f, 0xf81f, 0xf81f, 0xf81f, 0xf81f,
0xf81f, 0xf81f, 0xf81f, 0xf81f, 0x68e0, 0x8940, 0x7100, 0x68e0, 0x50c0, 0xf81f,
0xf81f, 0xf81f, 0xf81f, 0xf81f, 0xf81f, 0xf81f, 0xf81f, 0xf81f, 0xf81f, 0xf81f,
0xf81f, 0xf81f, 0xf81f, 0xf81f, 0xf81f, 0xf81f, 0xf81f, 0xf81f, 0x68e0, 0x68e0,
0x68e0, 0x50c0, 0xf81f, 0xf81f, 0xf81f, 0xf81f, 0xf81f, 0xf81f, 0xf81f, 0xf81f,
0xf81f, 0xf81f, 0xf81f, 0xf81f, 0xf81f, 0xf81f, 0xf81f, 0xf81f, 0xf81f, 0xf81f,
0xf81f, 0x50c0, 0x7100, 0x8940, 0x7100, 0x68e0, 0x50c0, 0xf81f, 0xf81f, 0xf81f,
0xf81f, 0xf81f, 0xf81f, 0xf81f, 0xf81f, 0xf81f, 0xf81f, 0xf81f, 0xf81f, 0xf81f,
0xf81f, 0xf81f, 0xf81f, 0xf81f, 0xf81f, 0x50c0, 0x7100, 0x8940, 0x7100, 0x68e0,
0x50c0, 0xf81f, 0xf81f, 0xf81f, 0xf81f, 0xf81f, 0xf81f, 0xf81f, 0xf81f, 0xf81f,
0xf81f, 0xf81f, 0xf81f, 0xf81f, 0xf81f, 0xf81f, 0xf81f, 0xf81f, 0xf81f, 0x50c0,
0x7100, 0x8940, 0x7100, 0x68e0, 0x50c0, 0xf81f, 0xf81f, 0xf81f, 0xf81f, 0xf81f,
0xf81f, 0xf81f, 0xf81f, 0xf81f, 0xf81f, 0xf81f, 0xf81f, 0xf81f, 0xf81f, 0xf81f,
0xf81f, 0xf81f, 0xf81f, 0xf81f, 0x50c0, 0x68e0, 0x7100, 0x50c0, 0xf81f, 0xf81f,
0xf81f, 0xf81f, 0xf81f, 0xf81f, 0xf81f, 0xf81f, 0xf81f, 0xf81f, 0xf81f, 0xf81f,
0xf81f, 0xf81f, 0xf81f, 0xf81f, 0xf81f, 0xf81f, 0xf81f, 0x68e0, 0x7100, 0x8940,
0x7100, 0x68e0, 0xf81f, 0xf81f, 0xf81f, 0xf81f, 0xf81f, 0xf81f, 0xf81f, 0xf81f,
0xf81f, 0xf81f, 
0xf81f, 0xf81f, 0xf81f, 0xf81f, 0xf81f, 0xf81f, 0xf81f, 0xf81f, 0xf81f, 0x7100,
0xa2e7, 0x8940, 0x8940, 0x7100, 0x68e0, 0xf81f, 0xf81f, 0xf81f, 0xf81f, 0xf81f,
0xf81f, 0xf81f, 0xf81f, 0xf81f, 0xf81f, 0xf81f, 0xf81f, 0xf81f, 0xf81f, 0xf81f,
0xf81f, 0xf81f, 0xf81f, 0x68e0, 0x8940, 0xa2e7, 0x8940, 0x7100, 0x68e0, 0x50c0,
0xf81f, 0xf81f, 0xf81f, 0xf81f, 0xf81f, 0xf81f, 0xf81f, 0xf81f, 0xf81f, 0xf81f,
0xf81f, 0xf81f, 0xf81f, 0xf81f, 0xf81f, 0xf81f, 0xf81f, 0x7100, 0xa2e7, 0x8940,
0x8940, 0x68e0, 0x50c0, 0xf81f, 0xf81f, 0xf81f, 0xf81f, 0xf81f, 0xf81f, 0xf81f,
0xf81f, 0xf81f, 0xf81f, 0xf81f, 0xf81f, 0xf81f, 0xf81f, 0xf81f, 0xf81f, 0xf81f,
0xf81f, 0x7100, 0xa2e7, 0x8940, 0x8940, 0x7100, 0x68e0, 0xf81f, 0xf81f, 0xf81f,
0xf81f, 0xf81f, 0xf81f, 0xf81f, 0xf81f, 0xf81f, 0xf81f, 0xf81f, 0xf81f, 0xf81f,
0xf81f, 0xf81f, 0xf81f, 0xf81f, 0xf81f, 0x7100, 0xa2e7, 0x8940, 0x8940, 0x7100,
0x68e0, 0xf81f, 0xf81f, 0xf81f, 0xf81f, 0xf81f, 0xf81f, 0xf81f, 0xf81f, 0xf81f,
0xf81f, 0xf81f, 0xf81f, 0xf81f, 0xf81f, 0xf81f, 0xf81f, 0xf81f, 0xf81f, 0x7100,
0xa2e7, 0x8940, 0x8940, 0x7100, 0x68e0, 0xf81f, 0xf81f, 0xf81f, 0xf81f, 0xf81f,
0xf81f, 0xf81f, 0xf81f, 0xf81f, 0xf81f, 0xf81f, 0xf81f, 0xf81f, 0xf81f, 0xf81f,
0xf81f, 0xf81f, 0xf81f, 0x8940, 0xa2e7, 0x8940, 0x8940, 0x7100, 0x50c0, 0xf81f,
0xf81f, 0xf81f, 0xf81f, 0xf81f, 0xf81f, 0xf81f, 0xf81f, 0xf81f, 0xf81f, 0xf81f,
0xf81f, 0xf81f, 0xf81f, 0xf81f, 0xf81f, 0xf81f, 0x68e0, 0x8940, 0x8940, 0x8940,
0x7100, 0x7100, 0x68e0, 0xf81f, 0xf81f, 0xf81f, 0xf81f, 0xf81f, 0xf81f, 0xf81f,
0xf81f, 0xf81f, 
0xf81f, 0xf81f, 0xf81f, 0xf81f, 0xf81f, 0xf81f, 0xf81f, 0xf81f, 0xf81f, 0x7100,
0xa2e7, 0x8940, 0x8940, 0x7100, 0x68e0, 0xf81f, 0xf81f, 0xf81f, 0xf81f, 0xf81f,
0xf81f, 0xf81f, 0xf81f, 0xf81f, 0xf81f, 0xf81f, 0xf81f, 0xf81f, 0xf81f, 0xf81f,
0xf81f, 0xf81f, 0xf81f, 0x8940, 0xa2e7, 0x8940, 0x8940, 0x7100, 0x68e0, 0x50c0,
0xf81f, 0xf81f, 0xf81f, 0xf81f, 0xf81f, 0xf81f, 0xf81f, 0xf81f, 0xf81f, 0xf81f,
0xf81f, 0xf81f, 0xf81f, 0xf81f, 0xf81f, 0xf81f, 0xf81f, 0x7100, 0xa2e7, 0x8940,
0x8940, 0x7100, 0x68e0, 0x2040, 0xf81f, 0xf81f, 0xf81f, 0xf81f, 0xf81f, 0xf81f,
0xf81f, 0xf81f, 0xf81f, 0xf81f, 0xf81f, 0xf81f, 0xf81f, 0xf81f, 0xf81f, 0xf81f,
0xf81f, 0x7100, 0xa2e7, 0x8940, 0x8940, 0x8940, 0x7100, 0x50c0, 0xf81f, 0xf81f,
0xf81f, 0xf81f, 0xf81f, 0xf81f, 0xf81f, 0xf81f, 0xf81f, 0xf81f, 0xf81f, 0xf81f,
0xf81f, 0xf81f, 0xf81f, 0xf81f, 0xf81f, 0x7100, 0xa2e7, 0x8940, 0x8940, 0x7100,
0x68e0, 0xf81f, 0xf81f, 0xf81f, 0xf81f, 0xf81f, 0xf81f, 0xf81f, 0xf81f, 0xf81f,
0xf81f, 0xf81f, 0xf81f, 0xf81f, 0xf81f, 0xf81f, 0xf81f, 0xf81f, 0x50c0, 0xa2e7,
0x8940, 0x8940, 0x7100, 0x7100, 0x68e0, 0xf81f, 0xf81f, 0xf81f, 0xf81f, 0xf81f,
0xf81f, 0xf81f, 0xf81f, 0xf81f, 0xf81f, 0xf81f, 0xf81f, 0xf81f, 0xf81f, 0xf81f,
0xf81f, 0xf81f, 0x68e0, 0xa2e7, 0x8940, 0x8940, 0x7100, 0x7100, 0x68e0, 0xf81f,
0xf81f, 0xf81f, 0xf81f, 0xf81f, 0xf81f, 0xf81f, 0xf81f, 0xf81f, 0xf81f, 0xf81f,
0xf81f, 0xf81f, 0xf81f, 0xf81f, 0xf81f, 0xf81f, 0x8940, 0xa2e7, 0x8940, 0x8940,
0x7100, 0x7100, 0x68e0, 0xf81f, 0xf81f, 0xf81f, 0xf81f, 0xf81f, 0xf81f, 0xf81f,
0xf81f, 0xf81f, 
0xf81f, 0xf81f, 0xf81f, 0xf81f, 0xf81f, 0xf81f, 0xf81f, 0xf81f, 0xf81f, 0x7100,
0xa2e7, 0x8940, 0x8940, 0x7100, 0x68e0, 0xf81f, 0xf81f, 0xf81f, 0xf81f, 0xf81f,
0xf81f, 0xf81f, 0xf81f, 0xf81f, 0xf81f, 0xf81f, 0xf81f, 0xf81f, 0xf81f, 0xf81f,
0xf81f, 0xf81f, 0xf81f, 0x8940, 0xa2e7, 0x8940, 0x8940, 0x7100, 0x68e0, 0x07e0,
0xf81f, 0xf81f, 0xf81f, 0xf81f, 0xf81f, 0xf81f, 0xf81f, 0xf81f, 0xf81f, 0xf81f,
0xf81f, 0xf81f, 0xf81f, 0xf81f, 0xf81f, 0xf81f, 0xf81f, 0x68e0, 0xa2e7, 0x8940,
0x8940, 0x7100, 0x68e0, 0x07e0, 0xf81f, 0xf81f, 0xf81f, 0xf81f, 0xf81f, 0xf81f,
0xf81f, 0xf81f, 0xf81f, 0xf81f, 0xf81f, 0xf81f, 0xf81f, 0xf81f, 0xf81f, 0xf81f,
0xf81f, 0x7100, 0xa2e7, 0x8940, 0x8940, 0x8940, 0x7100, 0x50c0, 0xf81f, 0xf81f,
0xf81f, 0xf81f, 0xf81f, 0xf81f, 0xf81f, 0xf81f, 0xf81f, 0xf81f, 0xf81f, 0xf81f,
0xf81f, 0xf81f, 0xf81f, 0xf81f, 0xf81f, 0x7100, 0xa2e7, 0x8940, 0x8940, 0x7100,
0x68e0, 0xf81f, 0xf81f, 0xf81f, 0xf81f, 0xf81f, 0xf81f, 0xf81f, 0xf81f, 0xf81f,
0xf81f, 0xf81f, 0xf81f, 0xf81f, 0xf81f, 0xf81f, 0xf81f, 0xf81f, 0x68e0, 0xa2e7,
0x8940, 0x8940, 0x7100, 0x7100, 0x68e0, 0xf81f, 0xf81f, 0xf81f, 0xf81f, 0xf81f,
0xf81f, 0xf81f, 0xf81f, 0xf81f, 0xf81f, 0xf81f, 0xf81f, 0xf81f, 0xf81f, 0xf81f,
0xf81f, 0xf81f, 0x07e0, 0x8940, 0xa2e7, 0x8940, 0x7100, 0x7100, 0x68e0, 0xf81f,
0xf81f, 0xf81f, 0xf81f, 0xf81f, 0xf81f, 0xf81f, 0xf81f, 0xf81f, 0xf81f, 0xf81f,
0xf81f, 0xf81f, 0xf81f, 0xf81f, 0xf81f, 0xf81f, 0x07e0, 0x8940, 0x8940, 0x8940,
0x7100, 0x7100, 0x68e0, 0xf81f, 0xf81f, 0xf81f, 0xf81f, 0xf81f, 0xf81f, 0xf81f,
0xf81f, 0xf81f, 
0xf81f, 0xf81f, 0xf81f, 0xf81f, 0xf81f, 0xf81f, 0xf81f, 0xf81f, 0xf81f, 0x7100,
0x8940, 0x8940, 0x7100, 0x7100, 0x68e0, 0xf81f, 0xf81f, 0xf81f, 0xf81f, 0xf81f,
0xf81f, 0xf81f, 0xf81f, 0xf81f, 0xf81f, 0xf81f, 0xf81f, 0xf81f, 0xf81f, 0xf81f,
0xf81f, 0xf81f, 0xf81f, 0x8940, 0xa2e7, 0x8940, 0x8940, 0x8940, 0x07e0, 0x07e0,
0xf81f, 0xf81f, 0xf81f, 0xf81f, 0xf81f, 0xf81f, 0xf81f, 0xf81f, 0xf81f, 0xf81f,
0xf81f, 0xf81f, 0xf81f, 0xf81f, 0xf81f, 0xf81f, 0xf81f, 0x68e0, 0x8940, 0x07e0,
0x07e0, 0x07e0, 0x07e0, 0x07e0, 0x50c0, 0xf81f, 0xf81f, 0xf81f, 0xf81f, 0xf81f,
0xf81f, 0xf81f, 0xf81f, 0xf81f, 0xf81f, 0xf81f, 0xf81f, 0xf81f, 0xf81f, 0xf81f,
0xf81f, 0x07e0, 0x07e0, 0x07e0, 0x07e0, 0x07e0, 0x07e0, 0x07e0, 0xf81f, 0xf81f,
0xf81f, 0xf81f, 0xf81f, 0xf81f, 0xf81f, 0xf81f, 0xf81f, 0xf81f, 0xf81f, 0xf81f,
0xf81f, 0xf81f, 0xf81f, 0xf81f, 0xf81f, 0x07e0, 0x07e0, 0x07e0, 0x07e0, 0x07e0,
0x07e0, 0xf81f, 0xf81f, 0xf81f, 0xf81f, 0xf81f, 0xf81f, 0xf81f, 0xf81f, 0xf81f,
0xf81f, 0xf81f, 0xf81f, 0xf81f, 0xf81f, 0xf81f, 0xf81f, 0xf81f, 0x07e0, 0x07e0,
0x07e0, 0x07e0, 0x07e0, 0x07e0, 0x07e0, 0xf81f, 0xf81f, 0xf81f, 0xf81f, 0xf81f,
0xf81f, 0xf81f, 0xf81f, 0xf81f, 0xf81f, 0xf81f, 0xf81f, 0xf81f, 0xf81f, 0xf81f,
0xf81f, 0x8940, 0x07e0, 0x07e0, 0x07e0, 0x07e0, 0x07e0, 0x7100, 0x68e0, 0xf81f,
0xf81f, 0xf81f, 0xf81f, 0xf81f, 0xf81f, 0xf81f, 0xf81f, 0xf81f, 0xf81f, 0xf81f,
0xf81f, 0xf81f, 0xf81f, 0xf81f, 0xf81f, 0xf81f, 0x07e0, 0x07e0, 0xa2e7, 0x7100,
0x7100, 0x7100, 0x68e0, 0xf81f, 0xf81f, 0xf81f, 0xf81f, 0xf81f, 0xf81f, 0xf81f,
0xf81f, 0xf81f, 
0xf81f, 0xf81f, 0xf81f, 0xf81f, 0xf81f, 0xf81f, 0xf81f, 0xf81f, 0xf81f, 0x7100,
0x8940, 0x8940, 0x7100, 0x7100, 0x68e0, 0x738e, 0xf81f, 0xf81f, 0xf81f, 0xf81f,
0xf81f, 0xf81f, 0xf81f, 0xf81f, 0xf81f, 0xf81f, 0xf81f, 0xf81f, 0xf81f, 0xf81f,
0xf81f, 0xf81f, 0xf81f, 0x7100, 0x8940, 0x8940, 0x8940, 0x7100, 0x8940, 0x68e0,
0xf81f, 0xf81f, 0xf81f, 0xf81f, 0xf81f, 0xf81f, 0xf81f, 0xf81f, 0xf81f, 0xf81f,
0xf81f, 0xf81f, 0xf81f, 0xf81f, 0xf81f, 0xf81f, 0xf81f, 0x8940, 0xa2e7, 0x8940,
0x7100, 0x07e0, 0x07e0, 0x07e0, 0x68e0, 0xf81f, 0xf81f, 0xf81f, 0xf81f, 0xf81f,
0xf81f, 0xf81f, 0xf81f, 0xf81f, 0xf81f, 0xf81f, 0xf81f, 0xf81f, 0xf81f, 0xf81f,
0xf81f, 0x7100, 0x07e0, 0x07e0, 0xa2e7, 0x7100, 0x07e0, 0x07e0, 0xf81f, 0xf81f,
0xf81f, 0xf81f, 0xf81f, 0xf81f, 0xf81f, 0xf81f, 0xf81f, 0xf81f, 0xf81f, 0xf81f,
0xf81f, 0xf81f, 0xf81f, 0xf81f, 0xf81f, 0x07e0, 0x07e0, 0xa2e7, 0x7100, 0x07e0,
0x07e0, 0x738e, 0xf81f, 0xf81f, 0xf81f, 0xf81f, 0xf81f, 0xf81f, 0xf81f, 0xf81f,
0xf81f, 0xf81f, 0xf81f, 0xf81f, 0xf81f, 0xf81f, 0xf81f, 0xf81f, 0x07e0, 0x07e0,
0xa2e7, 0x7100, 0x07e0, 0x07e0, 0x68e0, 0xf81f, 0xf81f, 0xf81f, 0xf81f, 0xf81f,
0xf81f, 0xf81f, 0xf81f, 0xf81f, 0xf81f, 0xf81f, 0xf81f, 0xf81f, 0xf81f, 0xf81f,
0xf81f, 0x68e0, 0x07e0, 0x07e0, 0x07e0, 0x7100, 0x7100, 0x8940, 0x8940, 0xf81f,
0xf81f, 0xf81f, 0xf81f, 0xf81f, 0xf81f, 0xf81f, 0xf81f, 0xf81f, 0xf81f, 0xf81f,
0xf81f, 0xf81f, 0xf81f, 0xf81f, 0xf81f, 0xf81f, 0x8940, 0xa2e7, 0x8940, 0x7100,
0x68e0, 0x68e0, 0x50c0, 0xf81f, 0xf81f, 0xf81f, 0xf81f, 0xf81f, 0xf81f, 0xf81f,
0xf81f, 0xf81f, 
0xf81f, 0xf81f, 0xf81f, 0xf81f, 0xf81f, 0xf81f, 0xf81f, 0xf81f, 0xf81f, 0x50c0,
0x8940, 0x68e0, 0x68e0, 0x68e0, 0x50c0, 0x4000, 0xf81f, 0xf81f, 0xf81f, 0xf81f,
0xf81f, 0xf81f, 0xf81f, 0xf81f, 0xf81f, 0xf81f, 0xf81f, 0xf81f, 0xf81f, 0xf81f,
0xf81f, 0xf81f, 0xf81f, 0x68e0, 0x8940, 0x68e0, 0x68e0, 0x7100, 0x68e0, 0x68e0,
0xf81f, 0xf81f, 0xf81f, 0xf81f, 0xf81f, 0xf81f, 0xf81f, 0xf81f, 0xf81f, 0xf81f,
0xf81f, 0xf81f, 0xf81f, 0xf81f, 0xf81f, 0xf81f, 0xf81f, 0x7100, 0x8940, 0x7100,
0x8940, 0x7100, 0x7100, 0x50c0, 0xf81f, 0xf81f, 0xf81f, 0xf81f, 0xf81f, 0xf81f,
0xf81f, 0xf81f, 0xf81f, 0xf81f, 0xf81f, 0xf81f, 0xf81f, 0xf81f, 0xf81f, 0xf81f,
0xf81f, 0x7100, 0x8940, 0x8940, 0x7100, 0x68e0, 0x68e0, 0x68e0, 0xf81f, 0xf81f,
0xf81f, 0xf81f, 0xf81f, 0xf81f, 0xf81f, 0xf81f, 0xf81f, 0xf81f, 0xf81f, 0xf81f,
0xf81f, 0xf81f, 0xf81f, 0xf81f, 0xf81f, 0x7100, 0x8940, 0x7100, 0x68e0, 0x68e0,
0x7100, 0x4000, 0xf81f, 0xf81f, 0xf81f, 0xf81f, 0xf81f, 0xf81f, 0xf81f, 0xf81f,
0xf81f, 0xf81f, 0xf81f, 0xf81f, 0xf81f, 0xf81f, 0xf81f, 0xf81f, 0x7100, 0x8940,
0x7100, 0x68e0, 0x68e0, 0x7100, 0x68e0, 0x738e, 0xf81f, 0xf81f, 0xf81f, 0xf81f,
0xf81f, 0xf81f, 0xf81f, 0xf81f, 0xf81f, 0xf81f, 0xf81f, 0xf81f, 0xf81f, 0xf81f,
0xf81f, 0xf81f, 0x68e0, 0x7100, 0x8940, 0x8940, 0x7100, 0x8940, 0x50c0, 0xf81f,
0xf81f, 0xf81f, 0xf81f, 0xf81f, 0xf81f, 0xf81f, 0xf81f, 0xf81f, 0xf81f, 0xf81f,
0xf81f, 0xf81f, 0xf81f, 0xf81f, 0xf81f, 0xf81f, 0x8940, 0x8940, 0x7100, 0x68e0,
0x50c0, 0x50c0, 0x50c0, 0x738e, 0xf81f, 0xf81f, 0xf81f, 0xf81f, 0xf81f, 0xf81f,
0xf81f, 0xf81f, 
0xf81f, 0xf81f, 0xf81f, 0xf81f, 0xf81f, 0xf81f, 0xf81f, 0xf81f, 0x0000, 0x0000,
0x8940, 0x8940, 0x68e0, 0x68e0, 0x0000, 0x0000, 0xf81f, 0xf81f, 0xf81f, 0xf81f,
0xf81f, 0xf81f, 0xf81f, 0xf81f, 0xf81f, 0xf81f, 0xf81f, 0xf81f, 0xf81f, 0xf81f,
0xf81f, 0xf81f, 0xf81f, 0xf81f, 0x8800, 0x8940, 0x68e0, 0x68e0, 0x68e0, 0x50c0,
0xf81f, 0xf81f, 0xf81f, 0xf81f, 0xf81f, 0xf81f, 0xf81f, 0xf81f, 0xf81f, 0xf81f,
0xf81f, 0xf81f, 0xf81f, 0xf81f, 0xf81f, 0xf81f, 0xf81f, 0x68e0, 0x7100, 0x8940,
0x8940, 0x8940, 0x8940, 0x3880, 0xf81f, 0xf81f, 0xf81f, 0xf81f, 0xf81f, 0xf81f,
0xf81f, 0xf81f, 0xf81f, 0xf81f, 0xf81f, 0xf81f, 0xf81f, 0xf81f, 0xf81f, 0xf81f,
0xf81f, 0x8940, 0xa2e7, 0x8940, 0x50c0, 0x50c0, 0x7100, 0x68e0, 0xf81f, 0xf81f,
0xf81f, 0xf81f, 0xf81f, 0xf81f, 0xf81f, 0xf81f, 0xf81f, 0xf81f, 0xf81f, 0xf81f,
0xf81f, 0xf81f, 0xf81f, 0xf81f, 0x7800, 0x8940, 0xa2e7, 0x50c0, 0x50c0, 0x68e0,
0x7100, 0x0000, 0xf81f, 0xf81f, 0xf81f, 0xf81f, 0xf81f, 0xf81f, 0xf81f, 0xf81f,
0xf81f, 0xf81f, 0xf81f, 0xf81f, 0xf81f, 0xf81f, 0xf81f, 0xf81f, 0x8940, 0xa2e7,
0x50c0, 0x50c0, 0x68e0, 0x7100, 0x68e0, 0x4000, 0xf81f, 0xf81f, 0xf81f, 0xf81f,
0xf81f, 0xf81f, 0xf81f, 0xf81f, 0xf81f, 0xf81f, 0xf81f, 0xf81f, 0xf81f, 0xf81f,
0xf81f, 0xf81f, 0x50c0, 0x8940, 0x7100, 0x7100, 0x7100, 0x68e0, 0x50c0, 0x738e,
0xf81f, 0xf81f, 0xf81f, 0xf81f, 0xf81f, 0xf81f, 0xf81f, 0xf81f, 0xf81f, 0xf81f,
0xf81f, 0xf81f, 0xf81f, 0xf81f, 0xf81f, 0xf81f, 0x68e0, 0x8940, 0x8940, 0x68e0,
0x68e0, 0x50c0, 0x0000, 0x4000, 0xf81f, 0xf81f, 0xf81f, 0xf81f, 0xf81f, 0xf81f,
0xf81f, 0xf81f, 
0xf81f, 0xf81f, 0xf81f, 0xf81f, 0xf81f, 0xf81f, 0xf81f, 0x0000, 0x0000, 0x0000,
0x0000, 0x0000, 0x0000, 0x7800, 0x7800, 0x0000, 0x0000, 0xf81f, 0xf81f, 0xf81f,
0xf81f, 0xf81f, 0xf81f, 0xf81f, 0xf81f, 0xf81f, 0xf81f, 0xf81f, 0xf81f, 0xf81f,
0xf81f, 0xf81f, 0x0000, 0x0000, 0x0000, 0x0000, 0x0000, 0x0000, 0x0000, 0x0000,
0xf81f, 0xf81f, 0xf81f, 0xf81f, 0xf81f, 0xf81f, 0xf81f, 0xf81f, 0xf81f, 0xf81f,
0xf81f, 0xf81f, 0xf81f, 0xf81f, 0xf81f, 0xf81f, 0xf81f, 0xf81f, 0x50c0, 0x68e0,
0x8940, 0x7100, 0x8940, 0x68e0, 0xf81f, 0xf81f, 0xf81f, 0xf81f, 0xf81f, 0xf81f,
0xf81f, 0xf81f, 0xf81f, 0xf81f, 0xf81f, 0xf81f, 0xf81f, 0xf81f, 0xf81f, 0x8800,
0x7800, 0x0000, 0x8940, 0xa2e7, 0xa2e7, 0x8940, 0x7100, 0x50c0, 0x0000, 0xf81f,
0xf81f, 0xf81f, 0xf81f, 0xf81f, 0xf81f, 0xf81f, 0xf81f, 0xf81f, 0xf81f, 0xf81f,
0xf81f, 0xc638, 0xe71c, 0xe71c, 0x7800, 0x50c0, 0x8940, 0xa2e7, 0xa2e7, 0x7100,
0x50c0, 0x0000, 0x0000, 0xf81f, 0xf81f, 0xf81f, 0xf81f, 0xf81f, 0xf81f, 0xf81f,
0xf81f, 0xf81f, 0xf81f, 0xf81f, 0xf81f, 0xf81f, 0xf81f, 0xf81f, 0x50c0, 0x8940,
0xa2e7, 0xa2e7, 0x7100, 0x68e0, 0x0000, 0x0000, 0xf81f, 0xf81f, 0xf81f, 0xf81f,
0xf81f, 0xf81f, 0xf81f, 0xf81f, 0xf81f, 0xf81f, 0xf81f, 0xf81f, 0xf81f, 0xf81f,
0xf81f, 0xf81f, 0x8940, 0xa2e7, 0x8940, 0x68e0, 0x50c0, 0x50c0, 0x0000, 0x4000,
0xf81f, 0xf81f, 0xf81f, 0xf81f, 0xf81f, 0xf81f, 0xf81f, 0xf81f, 0xf81f, 0xf81f,
0xf81f, 0xf81f, 0xf81f, 0xf81f, 0xf81f, 0xf81f, 0x0000, 0x0000, 0x0000, 0x0000,
0x0000, 0x0000, 0x0000, 0x0000, 0x0000, 0xf81f, 0xf81f, 0xf81f, 0xf81f, 0xf81f,
0xf81f, 0xf81f, 
0xf81f, 0xf81f, 0xf81f, 0xf81f, 0xf81f, 0xf81f, 0xf81f, 0x9800, 0x9800, 0x9800,
0x7800, 0x7800, 0x7800, 0x7800, 0x6000, 0x0000, 0x0000, 0xf81f, 0xf81f, 0xf81f,
0xf81f, 0xf81f, 0xf81f, 0xf81f, 0xf81f, 0xf81f, 0xf81f, 0xf81f, 0xf81f, 0xf81f,
0xf81f, 0x0000, 0x0000, 0x0000, 0x0000, 0x0000, 0x0000, 0x7800, 0x7800, 0x0000,
0x0000, 0xf81f, 0xf81f, 0xf81f, 0xf81f, 0xf81f, 0xf81f, 0xf81f, 0xf81f, 0xf81f,
0xf81f, 0xf81f, 0xf81f, 0xf81f, 0xf81f, 0xf81f, 0x0000, 0x0000, 0x0000, 0x0000,
0x0000, 0x0000, 0x0000, 0x0000, 0xf81f, 0xf81f, 0xf81f, 0xf81f, 0xf81f, 0xf81f,
0xf81f, 0xf81f, 0xf81f, 0xf81f, 0xf81f, 0xf81f, 0xf81f, 0xf81f, 0xe71c, 0xc638,
0x7800, 0x0000, 0x0000, 0x0000, 0x0000, 0x7800, 0x7800, 0x0000, 0x0000, 0xf81f,
0xf81f, 0xf81f, 0xf81f, 0xf81f, 0xf81f, 0xf81f, 0xf81f, 0xf81f, 0xf81f, 0xf81f,
0xf81f, 0xe71c, 0xffff, 0xffff, 0xb1e7, 0xb1e7, 0x9800, 0x9800, 0x7800, 0x7800,
0x6000, 0x0000, 0x0000, 0xf81f, 0xf81f, 0xf81f, 0xf81f, 0xf81f, 0xf81f, 0xf81f,
0xf81f, 0xf81f, 0xf81f, 0xf81f, 0xf81f, 0xf81f, 0xe71c, 0xc638, 0x7800, 0x0000,
0x0000, 0x0000, 0x0000, 0x7800, 0x7800, 0x0000, 0x0000, 0xf81f, 0xf81f, 0xf81f,
0xf81f, 0xf81f, 0xf81f, 0xf81f, 0xf81f, 0xf81f, 0xf81f, 0xf81f, 0xf81f, 0xf81f,
0xf81f, 0xf81f, 0x0000, 0x0000, 0x0000, 0x0000, 0x0000, 0x0000, 0x0000, 0x0000,
0xf81f, 0xf81f, 0xf81f, 0xf81f, 0xf81f, 0xf81f, 0xf81f, 0xf81f, 0xf81f, 0xf81f,
0xf81f, 0xf81f, 0xf81f, 0xf81f, 0xf81f, 0x8800, 0x9800, 0x0000, 0x0000, 0x0000,
0x0000, 0x7800, 0x7800, 0x0000, 0x0000, 0xf81f, 0xf81f, 0xf81f, 0xf81f, 0xf81f,
0xf81f, 0xf81f, 
0xf81f, 0xf81f, 0xf81f, 0xf81f, 0x4a71, 0x422f, 0x8800, 0x9800, 0x9800, 0x9800,
0x7800, 0x7800, 0x6000, 0x6000, 0x4000, 0x0000, 0x0000, 0xf81f, 0xf81f, 0xf81f,
0xf81f, 0xf81f, 0xf81f, 0xf81f, 0xf81f, 0xf81f, 0xf81f, 0xf81f, 0xf81f, 0xf81f,
0xf81f, 0x9800, 0x9800, 0x9800, 0x7800, 0x7800, 0x7800, 0x7800, 0x6000, 0x0000,
0x0000, 0xf81f, 0xf81f, 0xf81f, 0xf81f, 0xf81f, 0xf81f, 0xf81f, 0xf81f, 0xf81f,
0xf81f, 0xf81f, 0xf81f, 0xf81f, 0xf81f, 0x9800, 0x7800, 0x0000, 0x0000, 0x0000,
0x0000, 0x7800, 0x7800, 0x0000, 0x0000, 0xf81f, 0xf81f, 0xf81f, 0xf81f, 0xf81f,
0xf81f, 0xf81f, 0xf81f, 0xf81f, 0xf81f, 0xf81f, 0xf81f, 0xe71c, 0xe71c, 0xc638,
0xe71c, 0x9800, 0x9800, 0x7800, 0x7800, 0x7800, 0x6000, 0x0000, 0x0000, 0xf81f,
0xf81f, 0xf81f, 0xf81f, 0xf81f, 0xf81f, 0xf81f, 0xf81f, 0xf81f, 0xf81f, 0xf81f,
0xf81f, 0xe71c, 0xc638, 0xa514, 0x7800, 0x9800, 0x9800, 0x7800, 0x7800, 0x6000,
0x6000, 0x0000, 0x0000, 0xf81f, 0xf81f, 0xf81f, 0xf81f, 0xf81f, 0xf81f, 0xf81f,
0xf81f, 0xf81f, 0xf81f, 0xf81f, 0xf81f, 0xf81f, 0xe71c, 0xffff, 0xb1e7, 0x9800,
0x9800, 0x9800, 0x7800, 0x7800, 0x6000, 0x0000, 0x0000, 0xf81f, 0xf81f, 0xf81f,
0xf81f, 0xf81f, 0xf81f, 0xf81f, 0xf81f, 0xf81f, 0xf81f, 0xf81f, 0xf81f, 0xf81f,
0xf81f, 0x8800, 0x0000, 0x0000, 0x0000, 0x0000, 0x0000, 0x7800, 0x7800, 0x0000,
0x0000, 0xf81f, 0xf81f, 0xf81f, 0xf81f, 0xf81f, 0xf81f, 0xf81f, 0xf81f, 0xf81f,
0xf81f, 0xf81f, 0xf81f, 0xf81f, 0x0000, 0x9800, 0x9800, 0x9800, 0x7800, 0x7800,
0x7800, 0x7800, 0x6000, 0x0000, 0x0000, 0xf81f, 0xf81f, 0xf81f, 0xf81f, 0xf81f,
0xf81f, 0xf81f, 
0xf81f, 0xf81f, 0xf81f, 0x4a71, 0x4a71, 0x422f, 0x8800, 0x7800, 0xe71c, 0xe71c,
0xc638, 0xa514, 0x4000, 0x4000, 0x4000, 0x0000, 0x0000, 0xf81f, 0xf81f, 0xf81f,
0xf81f, 0xf81f, 0xf81f, 0xf81f, 0xf81f, 0xf81f, 0xf81f, 0xf81f, 0xf81f, 0xf81f,
0x8800, 0x9800, 0xe71c, 0xc638, 0x7800, 0x7800, 0x6000, 0x6000, 0x6000, 0x0000,
0x0000, 0xf81f, 0xf81f, 0xf81f, 0xf81f, 0xf81f, 0xf81f, 0xf81f, 0xf81f, 0xf81f,
0xf81f, 0xf81f, 0xf81f, 0xf81f, 0x0000, 0xe71c, 0x7800, 0x7800, 0x7800, 0x7800,
0x7800, 0x7800, 0x6000, 0x0000, 0x0000, 0xf81f, 0xf81f, 0xf81f, 0xf81f, 0xf81f,
0xf81f, 0xf81f, 0xf81f, 0xf81f, 0xf81f, 0xf81f, 0xf81f, 0xc638, 0xa514, 0x0000,
0x7800, 0x7800, 0x7800, 0x7800, 0x7800, 0x6000, 0x6000, 0x0000, 0x0000, 0xf81f,
0xf81f, 0xf81f, 0xf81f, 0xf81f, 0xf81f, 0xf81f, 0xf81f, 0xf81f, 0xf81f, 0xf81f,
0xf81f, 0xa514, 0xa514, 0x0000, 0x6000, 0x7800, 0x7800, 0x7800, 0x7800, 0x6000,
0x4000, 0x0000, 0x0000, 0xf81f, 0xf81f, 0xf81f, 0xf81f, 0xf81f, 0xf81f, 0xf81f,
0xf81f, 0xf81f, 0xf81f, 0xf81f, 0xf81f, 0xe71c, 0xc638, 0xc638, 0x7800, 0x9800,
0x7800, 0x7800, 0x7800, 0x6000, 0x6000, 0x0000, 0x0000, 0xf81f, 0xf81f, 0xf81f,
0xf81f, 0xf81f, 0xf81f, 0xf81f, 0xf81f, 0xf81f, 0xf81f, 0xf81f, 0xf81f, 0xf81f,
0x0000, 0xe71c, 0xe71c, 0x7800, 0x7800, 0x7800, 0x7800, 0x7800, 0x6000, 0x0000,
0x0000, 0xf81f, 0xf81f, 0xf81f, 0xf81f, 0xf81f, 0xf81f, 0xf81f, 0xf81f, 0xf81f,
0xf81f, 0xf81f, 0xf81f, 0xf81f, 0x8800, 0x8800, 0xe71c, 0xe71c, 0xc638, 0x7800,
0x6000, 0x6000, 0x4000, 0x0000, 0x0000, 0xf81f, 0xf81f, 0xf81f, 0xf81f, 0xf81f,
0xf81f, 0xf81f, 
0xf81f, 0xf81f, 0xf81f, 0x4a71, 0x4a71, 0x4a71, 0x8800, 0x7800, 0xc638, 0xe71c,
0xc638, 0x738e, 0x0000, 0x4000, 0x4000, 0x0000, 0x0000, 0xf81f, 0xf81f, 0xf81f,
0xf81f, 0xf81f, 0xf81f, 0xf81f, 0xf81f, 0xf81f, 0xf81f, 0xf81f, 0xf81f, 0xf81f,
0x8800, 0x8800, 0xe71c, 0xe71c, 0x738e, 0x4000, 0x4000, 0x4000, 0x4000, 0x0000,
0x0000, 0xf81f, 0xf81f, 0xf81f, 0xf81f, 0xf81f, 0xf81f, 0xf81f, 0xf81f, 0xf81f,
0xf81f, 0xf81f, 0xf81f, 0xf81f, 0xe71c, 0xe71c, 0xc638, 0xc638, 0x7800, 0x7800,
0x7800, 0x6000, 0x6000, 0x0000, 0x0000, 0xf81f, 0xf81f, 0xf81f, 0xf81f, 0xf81f,
0xf81f, 0xf81f, 0xf81f, 0xf81f, 0xf81f, 0xf81f, 0xf81f, 0xa514, 0x738e, 0x0000,
0x6000, 0x6000, 0x7800, 0x7800, 0x6000, 0x6000, 0x4000, 0x0000, 0x0000, 0xf81f,
0xf81f, 0xf81f, 0xf81f, 0xf81f, 0xf81f, 0xf81f, 0xf81f, 0xf81f, 0xf81f, 0xf81f,
0xf81f, 0xf81f, 0x0000, 0x9800, 0x6000, 0x7800, 0x7800, 0x7800, 0x6000, 0x4000,
0x4000, 0x0000, 0x0000, 0xf81f, 0xf81f, 0xf81f, 0xf81f, 0xf81f, 0xf81f, 0xf81f,
0xf81f, 0xf81f, 0xf81f, 0xf81f, 0xf81f, 0xf81f, 0xa514, 0x738e, 0x6000, 0x7800,
0x7800, 0x7800, 0x7800, 0x6000, 0x4000, 0x0000, 0x0000, 0xf81f, 0xf81f, 0xf81f,
0xf81f, 0xf81f, 0xf81f, 0xf81f, 0xf81f, 0xf81f, 0xf81f, 0xf81f, 0xf81f, 0xf81f,
0x8800, 0xe71c, 0xe71c, 0xc638, 0x7800, 0x7800, 0x7800, 0x6000, 0x6000, 0x0000,
0x0000, 0xf81f, 0xf81f, 0xf81f, 0xf81f, 0xf81f, 0xf81f, 0xf81f, 0xf81f, 0xf81f,
0xf81f, 0xf81f, 0xf81f, 0xf81f, 0x9800, 0x7800, 0xe71c, 0xffff, 0xc638, 0x4000,
0x4000, 0x4000, 0x4000, 0x0000, 0x0000, 0xf81f, 0xf81f, 0xf81f, 0xf81f, 0xf81f,
0xf81f, 0xf81f, 
0xf81f, 0xf81f, 0xf81f, 0x422f, 0x4a71, 0x422f, 0x0000, 0x6000, 0x4000, 0xe71c,
0xc638, 0xa514, 0xc638, 0x4000, 0x0000, 0x0000, 0x0000, 0x31ac, 0x0000, 0xf81f,
0xf81f, 0xf81f, 0xf81f, 0xf81f, 0xf81f, 0xf81f, 0xf81f, 0xf81f, 0x4a71, 0x422f,
0x8800, 0x7800, 0xe71c, 0xc638, 0xc638, 0x738e, 0x738e, 0x4000, 0x4000, 0x0000,
0x0000, 0x4a71, 0x31ac, 0xf81f, 0xf81f, 0xf81f, 0xf81f, 0xf81f, 0xf81f, 0xf81f,
0xf81f, 0xf81f, 0xf81f, 0xf81f, 0xe71c, 0xe71c, 0xa514, 0xa514, 0x6000, 0x6000,
0x6000, 0x6000, 0x4000, 0x0000, 0x0000, 0xf81f, 0xf81f, 0xf81f, 0xf81f, 0xf81f,
0xf81f, 0xf81f, 0xf81f, 0xf81f, 0xf81f, 0xf81f, 0xf81f, 0xf81f, 0x0000, 0x7800,
0x7800, 0x7800, 0x7800, 0x6000, 0x6000, 0x4000, 0x4000, 0x0000, 0x0000, 0xf81f,
0xf81f, 0xf81f, 0xf81f, 0xf81f, 0xf81f, 0xf81f, 0xf81f, 0xf81f, 0xf81f, 0xf81f,
0xf81f, 0xf81f, 0x0000, 0x0000, 0x7800, 0x7800, 0x7800, 0x6000, 0x6000, 0x4000,
0x0000, 0x0000, 0x0000, 0xf81f, 0xf81f, 0xf81f, 0xf81f, 0xf81f, 0xf81f, 0xf81f,
0xf81f, 0xf81f, 0xf81f, 0xf81f, 0xf81f, 0xf81f, 0x0000, 0x9800, 0x6000, 0x7800,
0x7800, 0x6000, 0x6000, 0x4000, 0x4000, 0x0000, 0x0000, 0xf81f, 0xf81f, 0xf81f,
0xf81f, 0xf81f, 0xf81f, 0xf81f, 0xf81f, 0xf81f, 0xf81f, 0xf81f, 0xf81f, 0xf81f,
0xe71c, 0xffff, 0xc638, 0xa514, 0x7800, 0x7800, 0x6000, 0x6000, 0x4000, 0x0000,
0x0000, 0xf81f, 0xf81f, 0xf81f, 0xf81f, 0xf81f, 0xf81f, 0xf81f, 0xf81f, 0xf81f,
0xf81f, 0xf81f, 0xf81f, 0xf81f, 0x0000, 0x7800, 0xe71c, 0xffff, 0xa514, 0x0000,
0x4000, 0x4000, 0x0000, 0x0000, 0x0000, 0xf81f, 0xf81f, 0xf81f, 0xf81f, 0xf81f,
0xf81f, 0xf81f, 
0xf81f, 0xf81f, 0xf81f, 0xf81f, 0x422f, 0x422f, 0x422f, 0x0000, 0x0000, 0x0000,
0xa514, 0xa514, 0x738e, 0x0000, 0x0000, 0x0000, 0x4a71, 0x422f, 0x2128, 0xf81f,
0xf81f, 0xf81f, 0xf81f, 0xf81f, 0xf81f, 0xf81f, 0xf81f, 0xf81f, 0x4a71, 0x422f,
0x0000, 0x6000, 0xa514, 0xa514, 0xc638, 0xa514, 0x738e, 0x7100, 0x0000, 0x0000,
0x0000, 0x422f, 0x31ac, 0x2128, 0xf81f, 0xf81f, 0xf81f, 0xf81f, 0xf81f, 0xf81f,
0xf81f, 0xf81f, 0xf81f, 0xf81f, 0xa514, 0xa514, 0x738e, 0x6000, 0x6000, 0x6000,
0x6000, 0x4000, 0x4000, 0x0000, 0x0000, 0x31ac, 0xf81f, 0xf81f, 0xf81f, 0xf81f,
0xf81f, 0xf81f, 0xf81f, 0xf81f, 0xf81f, 0xf81f, 0xf81f, 0xf81f, 0x3880, 0x0000,
0x0000, 0x7800, 0x7800, 0x6000, 0x6000, 0x4000, 0x0000, 0x0000, 0x0000, 0xf81f,
0xf81f, 0xf81f, 0xf81f, 0xf81f, 0xf81f, 0xf81f, 0xf81f, 0xf81f, 0xf81f, 0xf81f,
0xf81f, 0xf81f, 0xf81f, 0x0000, 0x0000, 0x0000, 0x7800, 0x6000, 0x4000, 0x0000,
0x0000, 0x0000, 0xf81f, 0xf81f, 0xf81f, 0xf81f, 0xf81f, 0xf81f, 0xf81f, 0xf81f,
0xf81f, 0xf81f, 0xf81f, 0xf81f, 0xf81f, 0xf81f, 0x0000, 0x0000, 0x7800, 0x7800,
0x6000, 0x6000, 0x6000, 0x4000, 0x0000, 0x0000, 0x0000, 0xf81f, 0xf81f, 0xf81f,
0xf81f, 0xf81f, 0xf81f, 0xf81f, 0xf81f, 0xf81f, 0xf81f, 0xf81f, 0xf81f, 0xf81f,
0xc638, 0xc638, 0xa514, 0xa514, 0x6000, 0x6000, 0x6000, 0x4000, 0x4000, 0x0000,
0x0000, 0xf81f, 0xf81f, 0xf81f, 0xf81f, 0xf81f, 0xf81f, 0xf81f, 0xf81f, 0xf81f,
0xf81f, 0xf81f, 0x422f, 0x422f, 0x422f, 0x0000, 0xc638, 0xc638, 0xa514, 0x0000,
0x4000, 0x4000, 0x0000, 0x0000, 0x0000, 0x31ac, 0xf81f, 0xf81f, 0xf81f, 0xf81f,
0xf81f, 0xf81f, 
0xf81f, 0xf81f, 0xf81f, 0xf81f, 0x31ac, 0x422f, 0x31ac, 0x422f, 0x422f, 0x4000,
0xa514, 0xa514, 0xa514, 0x0000, 0x7100, 0x422f, 0x422f, 0x422f, 0x31ac, 0xf81f,
0xf81f, 0xf81f, 0xf81f, 0xf81f, 0xf81f, 0xf81f, 0xf81f, 0xf81f, 0x4a71, 0x4a71,
0x422f, 0x0000, 0x0000, 0xa514, 0xa514, 0xa514, 0xa514, 0xc638, 0x0000, 0x0000,
0x4a71, 0x422f, 0x31ac, 0x2128, 0x2128, 0xf81f, 0xf81f, 0xf81f, 0xf81f, 0xf81f,
0xf81f, 0xf81f, 0xf81f, 0xf81f, 0xc638, 0xa514, 0x738e, 0x738e, 0x6000, 0x6000,
0x6000, 0x4000, 0x0000, 0x0000, 0x0000, 0x31ac, 0x10a4, 0xf81f, 0xf81f, 0xf81f,
0xf81f, 0xf81f, 0xf81f, 0xf81f, 0xf81f, 0xf81f, 0xf81f, 0xf81f, 0xf81f, 0xf81f,
0x0000, 0x0000, 0x0000, 0x0000, 0x0000, 0x0000, 0x0000, 0x0000, 0xf81f, 0xf81f,
0xf81f, 0xf81f, 0xf81f, 0xf81f, 0xf81f, 0xf81f, 0xf81f, 0xf81f, 0xf81f, 0xf81f,
0xf81f, 0xf81f, 0xf81f, 0xf81f, 0xf81f, 0x6000, 0x0000, 0x0000, 0x0000, 0x0000,
0xf81f, 0xf81f, 0xf81f, 0xf81f, 0xf81f, 0xf81f, 0xf81f, 0xf81f, 0xf81f, 0xf81f,
0xf81f, 0xf81f, 0xf81f, 0xf81f, 0xf81f, 0xf81f, 0xf81f, 0x0000, 0x0000, 0x0000,
0x6000, 0x6000, 0x4000, 0x0000, 0x0000, 0x0000, 0xf81f, 0xf81f, 0xf81f, 0xf81f,
0xf81f, 0xf81f, 0xf81f, 0xf81f, 0xf81f, 0xf81f, 0xf81f, 0xf81f, 0xf81f, 0xf81f,
0x0000, 0xa514, 0x0000, 0x6000, 0x6000, 0x6000, 0x4000, 0x4000, 0x0000, 0x0000,
0x0000, 0xf81f, 0xf81f, 0xf81f, 0xf81f, 0xf81f, 0xf81f, 0xf81f, 0xf81f, 0xf81f,
0xf81f, 0xf81f, 0x4a71, 0x4a71, 0x4a71, 0x422f, 0xc638, 0xa514, 0x738e, 0x0000,
0x4000, 0x0000, 0x0000, 0x4a71, 0x422f, 0x31ac, 0x0000, 0xf81f, 0xf81f, 0xf81f,
0xf81f, 0xf81f, 
0xf81f, 0xf81f, 0xf81f, 0xf81f, 0xf81f, 0x31ac, 0x31ac, 0x31ac, 0x31ac, 0x31ac,
0x422f, 0x738e, 0x0000, 0x7100, 0x7100, 0x31ac, 0x422f, 0x31ac, 0x422f, 0x31ac,
0xf81f, 0xf81f, 0xf81f, 0xf81f, 0xf81f, 0xf81f, 0xf81f, 0xf81f, 0x422f, 0x4a71,
0x422f, 0x4a71, 0x4a71, 0x4000, 0x0000, 0x0000, 0x7100, 0x7100, 0x0000, 0x422f,
0x422f, 0x422f, 0x31ac, 0x2128, 0x2128, 0xf81f, 0xf81f, 0xf81f, 0xf81f, 0xf81f,
0xf81f, 0xf81f, 0xf81f, 0xf81f, 0xa514, 0xa514, 0x738e, 0x0000, 0x6000, 0x6000,
0x4000, 0x0000, 0x0000, 0x0000, 0x31ac, 0x31ac, 0x31ac, 0xf81f, 0xf81f, 0xf81f,
0xf81f, 0xf81f, 0xf81f, 0xf81f, 0xf81f, 0xf81f, 0xf81f, 0xf81f, 0xf81f, 0xf81f,
0xf81f, 0x6000, 0x4000, 0x0000, 0x0000, 0x2128, 0x2128, 0x0000, 0xf81f, 0xf81f,
0xf81f, 0xf81f, 0xf81f, 0xf81f, 0xf81f, 0xf81f, 0xf81f, 0xf81f, 0xf81f, 0xf81f,
0xf81f, 0xf81f, 0xf81f, 0xf81f, 0xf81f, 0x4a71, 0x4a71, 0x4a71, 0x4a71, 0x422f,
0x10a4, 0xf81f, 0xf81f, 0xf81f, 0xf81f, 0xf81f, 0xf81f, 0xf81f, 0xf81f, 0xf81f,
0xf81f, 0xf81f, 0xf81f, 0xf81f, 0xf81f, 0xf81f, 0xf81f, 0xf81f, 0xf81f, 0x4000,
0x0000, 0x0000, 0x0000, 0x0000, 0x2128, 0x0000, 0xf81f, 0xf81f, 0xf81f, 0xf81f,
0xf81f, 0xf81f, 0xf81f, 0xf81f, 0xf81f, 0xf81f, 0xf81f, 0xf81f, 0xf81f, 0xf81f,
0xf81f, 0xc638, 0x7100, 0x0000, 0x6000, 0x6000, 0x4000, 0x0000, 0x0000, 0x0000,
0x0000, 0x0000, 0xf81f, 0xf81f, 0xf81f, 0xf81f, 0xf81f, 0xf81f, 0xf81f, 0xf81f,
0xf81f, 0xf81f, 0x4a71, 0x4a71, 0x4a71, 0x422f, 0x31ac, 0x738e, 0x0000, 0x7100,
0x0000, 0x2128, 0x422f, 0x422f, 0x422f, 0x31ac, 0x10a4, 0xf81f, 0xf81f, 0xf81f,
0xf81f, 0xf81f, 
0xf81f, 0xf81f, 0xf81f, 0xf81f, 0xf81f, 0xf81f, 0x10a4, 0x10a4, 0x2128, 0x10a4,
0x0000, 0xf81f, 0x7100, 0x3880, 0xf81f, 0x4a71, 0x422f, 0x4a71, 0x4a71, 0x422f,
0x0000, 0xf81f, 0xf81f, 0xf81f, 0xf81f, 0xf81f, 0xf81f, 0xf81f, 0x422f, 0x422f,
0x422f, 0x4a71, 0x422f, 0x31ac, 0x422f, 0x7100, 0x3880, 0x3880, 0x2128, 0x31ac,
0x422f, 0x422f, 0x31ac, 0x2128, 0x2128, 0x0000, 0xf81f, 0xf81f, 0xf81f, 0xf81f,
0xf81f, 0xf81f, 0xf81f, 0xf81f, 0x7100, 0x7100, 0x3880, 0x3880, 0x0000, 0x0000,
0x0000, 0x422f, 0x0000, 0x31ac, 0x31ac, 0x31ac, 0x2128, 0xf81f, 0xf81f, 0xf81f,
0xf81f, 0xf81f, 0xf81f, 0xf81f, 0xf81f, 0xf81f, 0xf81f, 0xf81f, 0xf81f, 0xf81f,
0xf81f, 0x422f, 0x422f, 0x4a71, 0x4a71, 0x31ac, 0x0000, 0xf81f, 0xf81f, 0xf81f,
0xf81f, 0xf81f, 0xf81f, 0xf81f, 0xf81f, 0xf81f, 0xf81f, 0xf81f, 0xf81f, 0xf81f,
0xf81f, 0xf81f, 0xf81f, 0xf81f, 0xf81f, 0x31ac, 0x422f, 0x4a71, 0x422f, 0x422f,
0x31ac, 0xf81f, 0xf81f, 0xf81f, 0xf81f, 0xf81f, 0xf81f, 0xf81f, 0xf81f, 0xf81f,
0xf81f, 0xf81f, 0xf81f, 0xf81f, 0xf81f, 0xf81f, 0xf81f, 0xf81f, 0xf81f, 0x4a71,
0x422f, 0x422f, 0x4a71, 0x31ac, 0x2128, 0x2128, 0xf81f, 0xf81f, 0xf81f, 0xf81f,
0xf81f, 0xf81f, 0xf81f, 0xf81f, 0xf81f, 0xf81f, 0xf81f, 0xf81f, 0xf81f, 0xf81f,
0xf81f, 0x7100, 0x422f, 0x4000, 0x0000, 0x0000, 0x0000, 0x422f, 0x10a4, 0x31ac,
0x31ac, 0x10a4, 0xf81f, 0xf81f, 0xf81f, 0xf81f, 0xf81f, 0xf81f, 0xf81f, 0xf81f,
0xf81f, 0xf81f, 0x31ac, 0x422f, 0x4a71, 0x5ad3, 0x4a71, 0x7100, 0x7100, 0x7100,
0xf81f, 0xf81f, 0x422f, 0x31ac, 0x422f, 0x31ac, 0x2128, 0x0000, 0xf81f, 0xf81f,
0xf81f, 0xf81f, 
0xf81f, 0xf81f, 0xf81f, 0xf81f, 0xf81f, 0xf81f, 0xf81f, 0xf81f, 0xf81f, 0xf81f,
0xf81f, 0xf81f, 0xf81f, 0xf81f, 0x422f, 0x422f, 0x4a71, 0x4a71, 0x422f, 0x0000,
0xf81f, 0xf81f, 0xf81f, 0xf81f, 0xf81f, 0xf81f, 0xf81f, 0xf81f, 0xf81f, 0x31ac,
0x422f, 0x422f, 0x31ac, 0x31ac, 0x10a4, 0x0000, 0xf81f, 0xf81f, 0xf81f, 0xf81f,
0xf81f, 0x422f, 0x31ac, 0x2128, 0x2128, 0x0000, 0xf81f, 0xf81f, 0xf81f, 0xf81f,
0xf81f, 0xf81f, 0xf81f, 0xf81f, 0xf81f, 0x0000, 0x0000, 0x422f, 0x422f, 0x422f,
0x2128, 0xf81f, 0xf81f, 0x31ac, 0x31ac, 0x31ac, 0x2128, 0x0000, 0xf81f, 0xf81f,
0xf81f, 0xf81f, 0xf81f, 0xf81f, 0xf81f, 0xf81f, 0xf81f, 0xf81f, 0xf81f, 0xf81f,
0xf81f, 0x31ac, 0x422f, 0x4a71, 0x422f, 0x31ac, 0x2128, 0xf81f, 0xf81f, 0xf81f,
0xf81f, 0xf81f, 0xf81f, 0xf81f, 0xf81f, 0xf81f, 0xf81f, 0xf81f, 0xf81f, 0xf81f,
0xf81f, 0xf81f, 0xf81f, 0xf81f, 0xf81f, 0xf81f, 0x31ac, 0x31ac, 0x31ac, 0x422f,
0x31ac, 0xf81f, 0xf81f, 0xf81f, 0xf81f, 0xf81f, 0xf81f, 0xf81f, 0xf81f, 0xf81f,
0xf81f, 0xf81f, 0xf81f, 0xf81f, 0xf81f, 0xf81f, 0xf81f, 0xf81f, 0xf81f, 0x31ac,
0x422f, 0x422f, 0x4a71, 0x31ac, 0x2128, 0x2128, 0x0000, 0xf81f, 0xf81f, 0xf81f,
0xf81f, 0xf81f, 0xf81f, 0xf81f, 0xf81f, 0xf81f, 0xf81f, 0xf81f, 0xf81f, 0xf81f,
0xf81f, 0xf81f, 0x422f, 0x4a71, 0x4a71, 0x31ac, 0x0000, 0x0000, 0x31ac, 0x31ac,
0x31ac, 0x10a4, 0xf81f, 0xf81f, 0xf81f, 0xf81f, 0xf81f, 0xf81f, 0xf81f, 0xf81f,
0xf81f, 0xf81f, 0xf81f, 0xf81f, 0x422f, 0x422f, 0x422f, 0x31ac, 0x0000, 0xf81f,
0xf81f, 0x4a71, 0x4a71, 0x422f, 0x422f, 0x422f, 0x31ac, 0x10a4, 0xf81f, 0xf81f,
0xf81f, 0xf81f, 
0xf81f, 0xf81f, 0xf81f, 0xf81f, 0xf81f, 0xf81f, 0xf81f, 0xf81f, 0xf81f, 0xf81f,
0xf81f, 0xf81f, 0xf81f, 0xf81f, 0x422f, 0x422f, 0x2128, 0x0000, 0xf81f, 0xf81f,
0xf81f, 0xf81f, 0xf81f, 0xf81f, 0xf81f, 0xf81f, 0xf81f, 0xf81f, 0xf81f, 0xf81f,
0x31ac, 0x31ac, 0x31ac, 0x10a4, 0x0000, 0xf81f, 0xf81f, 0xf81f, 0xf81f, 0xf81f,
0xf81f, 0x31ac, 0x31ac, 0x2128, 0x2128, 0x0000, 0xf81f, 0xf81f, 0xf81f, 0xf81f,
0xf81f, 0xf81f, 0xf81f, 0xf81f, 0x4a71, 0x422f, 0x2128, 0x422f, 0x31ac, 0x422f,
0x31ac, 0xf81f, 0xf81f, 0xf81f, 0x31ac, 0x2128, 0x2128, 0xf81f, 0xf81f, 0xf81f,
0xf81f, 0xf81f, 0xf81f, 0xf81f, 0xf81f, 0xf81f, 0xf81f, 0xf81f, 0xf81f, 0xf81f,
0xf81f, 0xf81f, 0x10a4, 0x31ac, 0x31ac, 0x31ac, 0x2128, 0xf81f, 0xf81f, 0xf81f,
0xf81f, 0xf81f, 0xf81f, 0xf81f, 0xf81f, 0xf81f, 0xf81f, 0xf81f, 0xf81f, 0xf81f,
0xf81f, 0xf81f, 0xf81f, 0xf81f, 0xf81f, 0xf81f, 0xf81f, 0x31ac, 0x4a71, 0x4a71,
0x422f, 0x2128, 0xf81f, 0xf81f, 0xf81f, 0xf81f, 0xf81f, 0xf81f, 0xf81f, 0xf81f,
0xf81f, 0xf81f, 0xf81f, 0xf81f, 0xf81f, 0xf81f, 0xf81f, 0xf81f, 0xf81f, 0xf81f,
0x31ac, 0x31ac, 0x422f, 0x31ac, 0x2128, 0x2128, 0x10a4, 0xf81f, 0xf81f, 0xf81f,
0xf81f, 0xf81f, 0xf81f, 0xf81f, 0xf81f, 0xf81f, 0xf81f, 0xf81f, 0xf81f, 0xf81f,
0xf81f, 0xf81f, 0xf81f, 0x422f, 0x4a71, 0x422f, 0x10a4, 0x0000, 0x422f, 0x31ac,
0x31ac, 0x10a4, 0xf81f, 0xf81f, 0xf81f, 0xf81f, 0xf81f, 0xf81f, 0xf81f, 0xf81f,
0xf81f, 0xf81f, 0xf81f, 0xf81f, 0xf81f, 0xf81f, 0x31ac, 0x2128, 0x0000, 0xf81f,
0xf81f, 0x422f, 0x422f, 0x422f, 0x422f, 0x422f, 0x422f, 0x10a4, 0xf81f, 0xf81f,
0xf81f, 0xf81f, 
0xf81f, 0xf81f, 0xf81f, 0xf81f, 0xf81f, 0xf81f, 0xf81f, 0xf81f, 0xf81f, 0xf81f,
0xf81f, 0xf81f, 0xf81f, 0xf81f, 0xf81f, 0xf81f, 0xf81f, 0xf81f, 0xf81f, 0xf81f,
0xf81f, 0xf81f, 0xf81f, 0xf81f, 0xf81f, 0xf81f, 0xf81f, 0xf81f, 0xf81f, 0xf81f,
0xf81f, 0x10a4, 0x0000, 0xf81f, 0xf81f, 0xf81f, 0xf81f, 0xf81f, 0xf81f, 0xf81f,
0xf81f, 0xf81f, 0x31ac, 0x2128, 0x10a4, 0xf81f, 0xf81f, 0xf81f, 0xf81f, 0xf81f,
0xf81f, 0xf81f, 0xf81f, 0xf81f, 0x422f, 0x4a71, 0x2128, 0x31ac, 0x4a71, 0x422f,
0x31ac, 0x0000, 0xf81f, 0xf81f, 0xf81f, 0xf81f, 0xf81f, 0xf81f, 0xf81f, 0xf81f,
0xf81f, 0xf81f, 0xf81f, 0xf81f, 0xf81f, 0xf81f, 0xf81f, 0xf81f, 0xf81f, 0xf81f,
0xf81f, 0x4a71, 0x422f, 0x422f, 0x4a71, 0x422f, 0x31ac, 0x0000, 0xf81f, 0xf81f,
0xf81f, 0xf81f, 0xf81f, 0xf81f, 0xf81f, 0xf81f, 0xf81f, 0xf81f, 0xf81f, 0xf81f,
0xf81f, 0xf81f, 0xf81f, 0xf81f, 0xf81f, 0xf81f, 0xf81f, 0x4a71, 0x4a71, 0x422f,
0x422f, 0x31ac, 0xf81f, 0xf81f, 0xf81f, 0xf81f, 0xf81f, 0xf81f, 0xf81f, 0xf81f,
0xf81f, 0xf81f, 0xf81f, 0xf81f, 0xf81f, 0xf81f, 0xf81f, 0xf81f, 0xf81f, 0xf81f,
0xf81f, 0xf81f, 0x422f, 0x422f, 0x2128, 0x2128, 0x2128, 0xf81f, 0xf81f, 0xf81f,
0xf81f, 0xf81f, 0xf81f, 0xf81f, 0xf81f, 0xf81f, 0xf81f, 0xf81f, 0xf81f, 0xf81f,
0xf81f, 0xf81f, 0xf81f, 0xf81f, 0x422f, 0x422f, 0x10a4, 0x0000, 0xf81f, 0xf81f,
0xf81f, 0xf81f, 0xf81f, 0xf81f, 0xf81f, 0xf81f, 0xf81f, 0xf81f, 0xf81f, 0xf81f,
0xf81f, 0xf81f, 0xf81f, 0xf81f, 0xf81f, 0xf81f, 0xf81f, 0xf81f, 0xf81f, 0xf81f,
0xf81f, 0xf81f, 0xf81f, 0xf81f, 0xf81f, 0xf81f, 0xf81f, 0xf81f, 0xf81f, 0xf81f,
0xf81f, 0xf81f, 
0xf81f, 0xf81f, 0xf81f, 0xf81f, 0xf81f, 0xf81f, 0xf81f, 0xf81f, 0xf81f, 0xf81f,
0xf81f, 0xf81f, 0xf81f, 0xf81f, 0xf81f, 0xf81f, 0xf81f, 0xf81f, 0xf81f, 0xf81f,
0xf81f, 0xf81f, 0xf81f, 0xf81f, 0xf81f, 0xf81f, 0xf81f, 0xf81f, 0xf81f, 0xf81f,
0xf81f, 0xf81f, 0xf81f, 0xf81f, 0xf81f, 0xf81f, 0xf81f, 0xf81f, 0xf81f, 0xf81f,
0xf81f, 0xf81f, 0xf81f, 0x0000, 0x0000, 0xf81f, 0xf81f, 0xf81f, 0xf81f, 0xf81f,
0xf81f, 0xf81f, 0xf81f, 0xf81f, 0xf81f, 0x422f, 0x422f, 0x422f, 0x422f, 0x422f,
0x31ac, 0x0000, 0xf81f, 0xf81f, 0xf81f, 0xf81f, 0xf81f, 0xf81f, 0xf81f, 0xf81f,
0xf81f, 0xf81f, 0xf81f, 0xf81f, 0xf81f, 0xf81f, 0xf81f, 0xf81f, 0xf81f, 0xf81f,
0xf81f, 0x4a71, 0x4a71, 0x4a71, 0x422f, 0x422f, 0x31ac, 0x10a4, 0xf81f, 0xf81f,
0xf81f, 0xf81f, 0xf81f, 0xf81f, 0xf81f, 0xf81f, 0xf81f, 0xf81f, 0xf81f, 0xf81f,
0xf81f, 0xf81f, 0xf81f, 0xf81f, 0xf81f, 0xf81f, 0x422f, 0x422f, 0x422f, 0x422f,
0x2128, 0xf81f, 0xf81f, 0xf81f, 0xf81f, 0xf81f, 0xf81f, 0xf81f, 0xf81f, 0xf81f,
0xf81f, 0xf81f, 0xf81f, 0xf81f, 0xf81f, 0xf81f, 0xf81f, 0xf81f, 0xf81f, 0xf81f,
0xf81f, 0xf81f, 0xf81f, 0x31ac, 0x2128, 0x2128, 0x2128, 0x0000, 0xf81f, 0xf81f,
0xf81f, 0xf81f, 0xf81f, 0xf81f, 0xf81f, 0xf81f, 0xf81f, 0xf81f, 0xf81f, 0xf81f,
0xf81f, 0xf81f, 0xf81f, 0xf81f, 0x2128, 0x422f, 0x10a4, 0x0000, 0xf81f, 0xf81f,
0xf81f, 0xf81f, 0xf81f, 0xf81f, 0xf81f, 0xf81f, 0xf81f, 0xf81f, 0xf81f, 0xf81f,
0xf81f, 0xf81f, 0xf81f, 0xf81f, 0xf81f, 0xf81f, 0xf81f, 0xf81f, 0xf81f, 0xf81f,
0xf81f, 0xf81f, 0xf81f, 0xf81f, 0xf81f, 0xf81f, 0xf81f, 0xf81f, 0xf81f, 0xf81f,
0xf81f, 0xf81f, 
0xf81f, 0xf81f, 0xf81f, 0xf81f, 0xf81f, 0xf81f, 0xf81f, 0xf81f, 0xf81f, 0xf81f,
0xf81f, 0xf81f, 0xf81f, 0xf81f, 0xf81f, 0xf81f, 0xf81f, 0xf81f, 0xf81f, 0xf81f,
0xf81f, 0xf81f, 0xf81f, 0xf81f, 0xf81f, 0xf81f, 0xf81f, 0xf81f, 0xf81f, 0xf81f,
0xf81f, 0xf81f, 0xf81f, 0xf81f, 0xf81f, 0xf81f, 0xf81f, 0xf81f, 0xf81f, 0xf81f,
0xf81f, 0xf81f, 0xf81f, 0xf81f, 0xf81f, 0xf81f, 0xf81f, 0xf81f, 0xf81f, 0xf81f,
0xf81f, 0xf81f, 0xf81f, 0xf81f, 0xf81f, 0xf81f, 0xf81f, 0x31ac, 0x31ac, 0x31ac,
0x2128, 0xf81f, 0xf81f, 0xf81f, 0xf81f, 0xf81f, 0xf81f, 0xf81f, 0xf81f, 0xf81f,
0xf81f, 0xf81f, 0xf81f, 0xf81f, 0xf81f, 0xf81f, 0xf81f, 0xf81f, 0xf81f, 0xf81f,
0xf81f, 0x31ac, 0x422f, 0x422f, 0x422f, 0x31ac, 0x2128, 0xf81f, 0xf81f, 0xf81f,
0xf81f, 0xf81f, 0xf81f, 0xf81f, 0xf81f, 0xf81f, 0xf81f, 0xf81f, 0xf81f, 0xf81f,
0xf81f, 0xf81f, 0xf81f, 0xf81f, 0xf81f, 0xf81f, 0xf81f, 0x31ac, 0x2128, 0xf81f,
0xf81f, 0xf81f, 0xf81f, 0xf81f, 0xf81f, 0xf81f, 0xf81f, 0xf81f, 0xf81f, 0xf81f,
0xf81f, 0xf81f, 0xf81f, 0xf81f, 0xf81f, 0xf81f, 0xf81f, 0xf81f, 0xf81f, 0xf81f,
0xf81f, 0xf81f, 0xf81f, 0x2128, 0x31ac, 0x2128, 0x10a4, 0x0000, 0xf81f, 0xf81f,
0xf81f, 0xf81f, 0xf81f, 0xf81f, 0xf81f, 0xf81f, 0xf81f, 0xf81f, 0xf81f, 0xf81f,
0xf81f, 0xf81f, 0xf81f, 0xf81f, 0xf81f, 0x2128, 0x2128, 0x0000, 0xf81f, 0xf81f,
0xf81f, 0xf81f, 0xf81f, 0xf81f, 0xf81f, 0xf81f, 0xf81f, 0xf81f, 0xf81f, 0xf81f,
0xf81f, 0xf81f, 0xf81f, 0xf81f, 0xf81f, 0xf81f, 0xf81f, 0xf81f, 0xf81f, 0xf81f,
0xf81f, 0xf81f, 0xf81f, 0xf81f, 0xf81f, 0xf81f, 0xf81f, 0xf81f, 0xf81f, 0xf81f,
0xf81f, 0xf81f, 
0xf81f, 0xf81f, 0xf81f, 0xf81f, 0xf81f, 0xf81f, 0xf81f, 0xf81f, 0xf81f, 0xf81f,
0xf81f, 0xf81f, 0xf81f, 0xf81f, 0xf81f, 0xf81f, 0xf81f, 0xf81f, 0xf81f, 0xf81f,
0xf81f, 0xf81f, 0xf81f, 0xf81f, 0xf81f, 0xf81f, 0xf81f, 0xf81f, 0xf81f, 0xf81f,
0xf81f, 0xf81f, 0xf81f, 0xf81f, 0xf81f, 0xf81f, 0xf81f, 0xf81f, 0xf81f, 0xf81f,
0xf81f, 0xf81f, 0xf81f, 0xf81f, 0xf81f, 0xf81f, 0xf81f, 0xf81f, 0xf81f, 0xf81f,
0xf81f, 0xf81f, 0xf81f, 0xf81f, 0xf81f, 0xf81f, 0xf81f, 0xf81f, 0xf81f, 0xf81f,
0xf81f, 0xf81f, 0xf81f, 0xf81f, 0xf81f, 0xf81f, 0xf81f, 0xf81f, 0xf81f, 0xf81f,
0xf81f, 0xf81f, 0xf81f, 0xf81f, 0xf81f, 0xf81f, 0xf81f, 0xf81f, 0xf81f, 0xf81f,
0xf81f, 0xf81f, 0xf81f, 0xf81f, 0xf81f, 0xf81f, 0xf81f, 0xf81f, 0xf81f, 0xf81f,
0xf81f, 0xf81f, 0xf81f, 0xf81f, 0xf81f, 0xf81f, 0xf81f, 0xf81f, 0xf81f, 0xf81f,
0xf81f, 0xf81f, 0xf81f, 0xf81f, 0xf81f, 0xf81f, 0xf81f, 0xf81f, 0xf81f, 0xf81f,
0xf81f, 0xf81f, 0xf81f, 0xf81f, 0xf81f, 0xf81f, 0xf81f, 0xf81f, 0xf81f, 0xf81f,
0xf81f, 0xf81f, 0xf81f, 0xf81f, 0xf81f, 0xf81f, 0xf81f, 0xf81f, 0xf81f, 0xf81f,
0xf81f, 0xf81f, 0xf81f, 0xf81f, 0xf81f, 0x10a4, 0x0000, 0xf81f, 0xf81f, 0xf81f,
0xf81f, 0xf81f, 0xf81f, 0xf81f, 0xf81f, 0xf81f, 0xf81f, 0xf81f, 0xf81f, 0xf81f,
0xf81f, 0xf81f, 0xf81f, 0xf81f, 0xf81f, 0xf81f, 0xf81f, 0xf81f, 0xf81f, 0xf81f,
0xf81f, 0xf81f, 0xf81f, 0xf81f, 0xf81f, 0xf81f, 0xf81f, 0xf81f, 0xf81f, 0xf81f,
0xf81f, 0xf81f, 0xf81f, 0xf81f, 0xf81f, 0xf81f, 0xf81f, 0xf81f, 0xf81f, 0xf81f,
0xf81f, 0xf81f, 0xf81f, 0xf81f, 0xf81f, 0xf81f, 0xf81f, 0xf81f, 0xf81f, 0xf81f,
0xf81f, 0xf81f, 

};

const struct bitmap bm_cdogs_enemy_upper_c = { 
    .width = BMPWIDTH_cdogs_enemy_upper_c, 
    .height = BMPHEIGHT_cdogs_enemy_upper_c, 
    .format = FORMAT_NATIVE, 
    .data = (unsigned char*)cdogs_enemy_upper_c,
};
