#include "lcd.h"
#include "/home/david/Documents/RockBox_Personal-master/build-sim-video-5g/bitmaps/rockboxlogo.h"
const unsigned short rockboxlogo[] = {
0xcd7f, 0xc53e, 0xac7b, 0xac5a, 0xac9b, 0xbcdc, 0xac7b, 0xac7b, 0xbcfd, 0xcd9f,
0xd59f, 0xcd3e, 0xc51d, 0xc53e, 0xc51e, 0xbcfd, 0xbcfd, 0xc51e, 0xcd5f, 0xcd5f,
0xcd3f, 0xc51e, 0xc53e, 0xd57f, 0xd59f, 0xcd7f, 0xcd3e, 0xc4fe, 0xbcfd, 0xc4fe,
0xcd5f, 0xd57f, 0xd57f, 0xd57f, 0xcd5f, 0xcd3f, 0xcd5f, 0xd55f, 0xd55f, 0xcd5f,
0xcd5f, 0xcd5f, 0xd55f, 0xd57f, 0xd57f, 0xd57f, 0xd57f, 0xd57f, 0xd57f, 0xd59f,
0xd59f, 0xd59f, 0xd57e, 0xb457, 0xa3d2, 0xabd1, 0xabb2, 0xa391, 0x9b8f, 0x9b8f,
0x9b6f, 0x9b6f, 0x9b6f, 0x9b90, 0x9b8f, 0x9b6e, 0xa38f, 0xa38f, 0xa3af, 0xa3af,
0xa3b0, 0xa3b0, 0xa3b0, 0xa3b0, 0xa3b0, 0xa3b0, 0xa3b0, 0xa3d0, 0xa3d0, 0xa3d0,
0xa3b0, 0xa3b0, 0xa3b0, 0xa3b0, 0xa3af, 0xa3af, 0x9b8f, 0x9b8f, 0x9b8f, 0x9b6f,
0x9b6e, 0x9b6e, 0x936e, 0x934e, 0x934e, 0x934e, 0x932e, 0x8b0d, 0x8b0d, 0x8b0e,
0x8b0e, 0x82ed, 0x82ed, 0x82ed, 0x82cd, 0x82cd, 0x82ce, 0x82ce, 0x82ce, 0x82ce,
0x82ce, 0x82ce, 0x82cf, 0x82cf, 0x8af0, 0x8b10, 0x8b10, 0x8b10, 0x8b11, 0x8b11,
0x8b11, 0x8b32, 0x9332, 0x9352, 0x9352, 0x9332, 0x8b31, 0x9332, 0x8b11, 0x8b11,
0x9332, 0x9352, 0x9352, 0x9352, 0x9352, 0x9353, 0x9373, 0x9332, 0x8b32, 0x9332,
0x9353, 0x9353, 0x9353, 0x9353, 0x9333, 0x8b12, 0x8b12, 0x8b12, 0x8b31, 0x72ad,
0x4186, 0x41a6, 0x5229, 0x3926, 0x4166, 0x9c53, 0x8391, 0x3949, 0x396a, 0x396b,
0x41eb, 0x41ab, 0x72d0, 0xa3d5, 0x9374, 0x8b53, 0x8b31, 0x8310, 0x7acf, 0x72af,
0x728f, 0x726e, 0x6a4e, 0x6a6e, 0x6a6e, 0x6a8e, 0x6a8e, 0x72af, 0x72af, 0x7ad0,
0x7af0, 0x7af1, 0x7af0, 0x7ad0, 0x7ad0, 0x7ad0, 0x7af1, 0x7af1, 0x7af1, 0x7af1,
0x7ad0, 0x72b0, 0x72b0, 0x7290, 0x6a8f, 0x728e, 0x6a8d, 0x6a6c, 0x626c, 0x626c,
0x624b, 0x5a2b, 0x5a2b, 0x5a0a, 0x49c9, 0x4188, 0x3948, 0x3948, 0x3149, 0x3149,
0x3149, 0x3188, 0x3188, 0x3188, 0x3188, 0x3989, 0x3989, 0x3969, 0x28e7, 0x18a5,
0x20e6, 0x28e7, 0x72f1, 0x8b54, 0x3129, 0x20c6, 0x28e6, 0x3948, 0x3107, 0x3106,
0x4189, 0x41aa, 0x1885, 0x28e7, 0x28e7, 0x20c6, 0x1866, 0x1066, 0x1066, 0x10a6,
0x2948, 0x2907, 0x3107, 0x3948, 0x3107, 0x3928, 0x3107, 0x3928, 0x49ca, 0x51eb,
0x49eb, 0x49ea, 0x3107, 0x520a, 0x626c, 0x6a8c, 0x6a6c, 0x622b, 0x622b, 0x72ad,
0x93d2, 0x9c13, 0x9bf2, 0x9bd2, 0x9bd2, 0x9bb1, 0x9bd1, 0x9bd1, 0x93b1, 0x9bb2,
0x9bb3, 0xbcd9, 0xbcb8, 0x9372, 0xa3d2, 0xa3f2, 0x9bb2, 0xcd39, 0xe5dd, 0xe5bd,
0xeddd, 0xeddc, 0xe61c, 0xe63c, 0x9bb2, 0xa3d3, 0xabb3, 0xbbd3, 0xcc14, 0xcc14,
0xd435, 0xd435, 0xd435, 0xd435, 0xcc14, 0xcc14, 0xcc14, 0xcc14, 0xcc14, 0xcc14,
0xcc14, 0xd435, 0xd435, 0xcc35, 0xcc35, 0xcc55, 0xcc55, 0xcc55, 0xd475, 0xd496,
0xd496, 0xd4b6, 0xdcd7, 0xdd38, 0xdd9a, 0xee1e, 0xcd5c, 0x93b5, 0x8331, 0x72cd,

0xd59f, 0xc51d, 0xac7b, 0xac7b, 0xb4dc, 0xbcfd, 0xac9b, 0xa47a, 0xb4dc, 0xcd7f,
0xd5bf, 0xcd7f, 0xc53e, 0xc53e, 0xc51e, 0xbcfd, 0xbcfd, 0xc51e, 0xc55f, 0xcd5f,
0xcd3f, 0xc53e, 0xcd3e, 0xd57f, 0xd5bf, 0xd57f, 0xc51e, 0xbcfd, 0xbcfd, 0xc4fe,
0xcd3e, 0xd57f, 0xddbf, 0xd59f, 0xcd5f, 0xcd3f, 0xcd3f, 0xcd3f, 0xcd5f, 0xcd5f,
0xcd5f, 0xcd5f, 0xd55f, 0xd57f, 0xd57f, 0xd57f, 0xd57f, 0xd57f, 0xd57f, 0xd57f,
0xd59f, 0xd59f, 0xddbf, 0xd57d, 0xb456, 0xa3d3, 0xabb2, 0xabd1, 0xa3b0, 0x9b8f,
0x9b8f, 0x9b8f, 0x9b6f, 0x9b90, 0xa38f, 0x9b6e, 0x9b6e, 0x9b8f, 0xa38f, 0xa38f,
0xa3af, 0xa3b0, 0xa3b0, 0xa3b0, 0xa3b0, 0xa3b0, 0xa3b0, 0xa3d0, 0xa3d0, 0xa3d0,
0xa3d0, 0xa3b0, 0xa3b0, 0xa3d0, 0xa3b0, 0x9b8f, 0x9b8f, 0x9b8f, 0x9b8f, 0x9b6f,
0x9b6e, 0x9b6e, 0x936e, 0x934e, 0x934e, 0x934e, 0x934e, 0x8b2d, 0x82ed, 0x8b0d,
0x8aee, 0x82ed, 0x82ed, 0x82ed, 0x82cd, 0x82cd, 0x82ce, 0x82ce, 0x82ce, 0x82ce,
0x82ce, 0x82ce, 0x82cf, 0x82cf, 0x8af0, 0x8b10, 0x8b30, 0x8b31, 0x8b11, 0x8b11,
0x8b11, 0x8b32, 0x9332, 0x9332, 0x9332, 0x9332, 0x9352, 0x8b11, 0x8b11, 0x8b11,
0x9332, 0x9352, 0x9352, 0x9352, 0x9352, 0x9353, 0x9353, 0x8b32, 0x8b32, 0x9373,
0x9352, 0x9353, 0x9353, 0x9b73, 0x9353, 0x9353, 0x9333, 0x8b32, 0x8b72, 0x622b,
0x4166, 0x5208, 0x524a, 0x3946, 0x3926, 0x520a, 0x51eb, 0x3969, 0x394a, 0x41ab,
0x41eb, 0x49cb, 0x8b72, 0x9bb4, 0x9373, 0x8b32, 0x8331, 0x8310, 0x7acf, 0x72af,
0x728f, 0x726f, 0x6a4e, 0x6a6e, 0x6a8e, 0x72af, 0x72af, 0x72af, 0x72cf, 0x7ad0,
0x7ad0, 0x7af0, 0x7af0, 0x7ad0, 0x7ad0, 0x7ad0, 0x7ad1, 0x7af1, 0x7af1, 0x7af1,
0x7ad1, 0x7ad1, 0x7ad1, 0x72b0, 0x72b0, 0x728e, 0x6a8e, 0x6a8d, 0x6a8d, 0x6a8d,
0x626c, 0x5a2b, 0x5a2b, 0x5a2b, 0x5a2a, 0x5a2b, 0x520a, 0x41a9, 0x3948, 0x3128,
0x3148, 0x3168, 0x3168, 0x3168, 0x3169, 0x3169, 0x3169, 0x3949, 0x3949, 0x3148,
0x20e6, 0x396a, 0x8bb4, 0x6a90, 0x1886, 0x20c6, 0x3127, 0x3948, 0x3107, 0x3968,
0x4169, 0x41aa, 0x20a6, 0x3969, 0x418a, 0x41aa, 0x398a, 0x1066, 0x1045, 0x1065,
0x18e7, 0x2907, 0x3928, 0x4169, 0x49aa, 0x49aa, 0x4189, 0x3969, 0x3928, 0x4189,
0x520b, 0x522b, 0x4169, 0x4168, 0x626c, 0x626c, 0x6a6c, 0x624b, 0x624c, 0x624b,
0x622b, 0x7b0f, 0xa413, 0xa413, 0x9bd2, 0x9bf2, 0x9bd2, 0x9bd2, 0x9bb2, 0x9bd3,
0xac56, 0xcd1a, 0x9b93, 0x9bb2, 0xa3f2, 0x9bd2, 0xb496, 0xe5fd, 0xe5dd, 0xe5dd,
0xeddd, 0xe5dc, 0xee7d, 0xac75, 0xa3f3, 0xa3d3, 0xbc14, 0xcc35, 0xcc14, 0xcc14,
0xcc14, 0xcc14, 0xcc14, 0xcc14, 0xcc14, 0xcc14, 0xcc14, 0xcc14, 0xcc14, 0xcc14,
0xcc14, 0xd435, 0xd435, 0xcc35, 0xcc35, 0xcc55, 0xcc55, 0xcc55, 0xd475, 0xd496,
0xd496, 0xd4b6, 0xdcd7, 0xdd18, 0xdd7a, 0xe5fd, 0xee7f, 0xac98, 0x8bb2, 0x8b70,

0xd5bf, 0xc51d, 0xac5a, 0xac5a, 0xbcdc, 0xbcfd, 0xacbb, 0xa47a, 0xacbb, 0xc53e,
0xd5bf, 0xd57f, 0xcd3e, 0xcd5f, 0xbcfd, 0xbcfd, 0xbcfd, 0xc51e, 0xc55f, 0xcd5f,
0xcd5f, 0xcd3e, 0xcd3e, 0xd59f, 0xddbf, 0xd57f, 0xc51e, 0xbcdd, 0xbcfd, 0xc4fd,
0xc51e, 0xd57f, 0xd59f, 0xd59f, 0xcd3f, 0xcd3f, 0xcd3f, 0xcd3f, 0xcd3f, 0xcd5f,
0xcd5f, 0xcd5f, 0xd55f, 0xd57f, 0xd57f, 0xd57f, 0xd57f, 0xd57f, 0xd57f, 0xd57f,
0xd57f, 0xddbf, 0xddbf, 0xdd9f, 0xdd7e, 0xb437, 0xa3b2, 0xa3d1, 0xa3d1, 0xa3b1,
0xa3b0, 0xa3b0, 0x9b90, 0x9b90, 0xa3b0, 0xa38f, 0x9b8f, 0x9b8f, 0xa38f, 0xa38f,
0xa38f, 0xa3b0, 0xa3b0, 0xa38f, 0xa38f, 0xa3b0, 0xa3b0, 0xa3d0, 0xa3d0, 0xa3d0,
0xa3d0, 0xa3b0, 0x9baf, 0xa3b0, 0xa3b0, 0xa3af, 0x9baf, 0xa3af, 0x9baf, 0x9b8f,
0x9b6e, 0x9b6e, 0x936e, 0x934e, 0x934e, 0x934e, 0x934e, 0x934e, 0x8b0d, 0x82ed,
0x82ed, 0x8aee, 0x82ed, 0x82cd, 0x82cd, 0x82cd, 0x82ce, 0x82ce, 0x82ce, 0x82ce,
0x82ce, 0x82ce, 0x82cf, 0x82cf, 0x8af0, 0x8b10, 0x8b10, 0x8b11, 0x8b11, 0x8b31,
0x9332, 0x9332, 0x8b11, 0x9332, 0x9332, 0x9332, 0x9332, 0x9332, 0x8b11, 0x8b11,
0x9332, 0x9352, 0x9352, 0x9352, 0x9332, 0x9352, 0x9352, 0x8b32, 0x8b32, 0x9373,
0x9b73, 0x9353, 0x9353, 0x9353, 0x9353, 0x9b94, 0x9b74, 0x9353, 0x8b31, 0x51c9,
0x49a7, 0x5a49, 0x522a, 0x4188, 0x3947, 0x3968, 0x49ca, 0x3969, 0x396a, 0x41cb,
0x41cb, 0x5a4d, 0x8b52, 0x8b52, 0x8b31, 0x8311, 0x8310, 0x8310, 0x7ad0, 0x7ab0,
0x7ab0, 0x728f, 0x726f, 0x728f, 0x728f, 0x72af, 0x7ad0, 0x7ad0, 0x7ad0, 0x72d0,
0x7ad0, 0x7ad0, 0x7ad0, 0x7ad0, 0x7ad0, 0x7ad0, 0x7ad1, 0x7ad1, 0x7af1, 0x7ad1,
0x7af1, 0x7af1, 0x72b1, 0x72d0, 0x7ad0, 0x7ad0, 0x72cf, 0x72ae, 0x72ae, 0x72ae,
0x6a8d, 0x624c, 0x624c, 0x622b, 0x622b, 0x624b, 0x626b, 0x5a4b, 0x522b, 0x49ea,
0x3988, 0x3148, 0x3148, 0x3149, 0x3149, 0x3149, 0x3129, 0x2908, 0x3108, 0x28e7,
0x20a6, 0x628e, 0x8bb4, 0x414b, 0x1886, 0x20c6, 0x28e7, 0x3107, 0x3948, 0x4168,
0x41a9, 0x3948, 0x3107, 0x49ca, 0x49aa, 0x4189, 0x41aa, 0x20a7, 0x1045, 0x0865,
0x10a6, 0x20a6, 0x3128, 0x3108, 0x3928, 0x41aa, 0x49aa, 0x41aa, 0x4189, 0x3948,
0x3948, 0x520b, 0x51ea, 0x4168, 0x5a2b, 0x5a0b, 0x622b, 0x622b, 0x622b, 0x624b,
0x622b, 0x622b, 0x7aee, 0xa413, 0xa433, 0xa413, 0xa413, 0xa413, 0xac55, 0xa416,
0xc51a, 0xa3f5, 0x9bb3, 0xa3f3, 0xa3d1, 0xac13, 0xdddb, 0xe5fd, 0xe5dd, 0xedfd,
0xe5bb, 0xfedf, 0x8b92, 0x59aa, 0xac13, 0xbc14, 0xcc14, 0xd414, 0xcc14, 0xcc14,
0xcbf4, 0xcc14, 0xcc14, 0xcc14, 0xcc14, 0xcc14, 0xcc14, 0xcc14, 0xcc14, 0xcc14,
0xcc14, 0xd435, 0xd435, 0xcc35, 0xcc35, 0xcc55, 0xcc55, 0xcc55, 0xd475, 0xd496,
0xd496, 0xd4b6, 0xdcd7, 0xdd18, 0xdd79, 0xe5fc, 0xeebf, 0xcdbb, 0x8bb3, 0x8b91,

0xd59f, 0xc51d, 0xac5a, 0xac5a, 0xbcfd, 0xc53e, 0xb4bc, 0xa47a, 0xac9b, 0xbd1d,
0xd5bf, 0xd59f, 0xcd3e, 0xc53e, 0xbcfd, 0xb4bc, 0xbcdd, 0xc51e, 0xc53e, 0xcd5f,
0xcd5f, 0xcd5f, 0xcd5f, 0xd59f, 0xddbf, 0xd57f, 0xc51e, 0xbcbc, 0xbcdd, 0xc4fe,
0xc51e, 0xd59f, 0xd59f, 0xd57f, 0xcd5f, 0xcd3f, 0xcd1f, 0xcd1f, 0xcd3f, 0xcd5f,
0xd55f, 0xcd5f, 0xcd5f, 0xd55f, 0xd57f, 0xd57f, 0xd57f, 0xd57f, 0xd57f, 0xd57f,
0xd57f, 0xd59e, 0xdd9f, 0xdd9f, 0xdd9f, 0xd55d, 0xac36, 0xa3d2, 0xabd2, 0xa3b1,
0xa3b1, 0xa3b1, 0xa3b0, 0x9b8f, 0xa3d0, 0xa3b0, 0xa38f, 0xa38f, 0xa390, 0xa3b0,
0xa3b0, 0xa38f, 0xa38f, 0xa38f, 0xa38f, 0xa38f, 0xa38f, 0xa3af, 0xa3b0, 0xa3d0,
0xa3d0, 0xa3d0, 0xa3d0, 0xa3b0, 0xa3b0, 0xa3af, 0x9baf, 0xa3af, 0x9b8f, 0x9b8f,
0x9b6f, 0x936e, 0x934e, 0x934e, 0x934e, 0x934e, 0x932e, 0x8b2e, 0x8b2e, 0x82ed,
0x82cd, 0x82ed, 0x82ed, 0x82ed, 0x82cd, 0x82cd, 0x82ce, 0x82ce, 0x82ce, 0x82ce,
0x82ce, 0x82cf, 0x82cf, 0x82cf, 0x82cf, 0x82f0, 0x8b10, 0x8b10, 0x8b11, 0x8b11,
0x8b11, 0x8b32, 0x9332, 0x9332, 0x9332, 0x9332, 0x9332, 0x9332, 0x9332, 0x9332,
0x9332, 0x9332, 0x9332, 0x9332, 0x9332, 0x9352, 0x9332, 0x9332, 0x9352, 0x9353,
0x9b73, 0x9b73, 0x9353, 0x9353, 0x9353, 0x9b73, 0x9353, 0x9373, 0x7aef, 0x4988,
0x49c7, 0x626a, 0x49e9, 0x3968, 0x3948, 0x3948, 0x3948, 0x3949, 0x41ab, 0x41cb,
0x49cb, 0x72cf, 0x8310, 0x82f0, 0x82ef, 0x7ace, 0x7ace, 0x7aef, 0x82f0, 0x7af0,
0x7ad0, 0x72af, 0x72af, 0x72cf, 0x72cf, 0x72af, 0x7ad0, 0x7af0, 0x7ad0, 0x7ad0,
0x7ad0, 0x72d0, 0x7ad0, 0x7ad0, 0x7ad0, 0x7ad0, 0x7ad1, 0x7ad1, 0x7ad1, 0x7ad1,
0x7ad1, 0x7ad1, 0x7ad1, 0x7ad0, 0x7ad0, 0x7ad0, 0x7ad0, 0x7ad0, 0x72af, 0x72af,
0x72af, 0x728e, 0x6a6d, 0x6a6d, 0x6a6c, 0x624b, 0x624b, 0x624b, 0x626b, 0x628b,
0x5a6b, 0x520b, 0x4189, 0x3128, 0x3128, 0x2928, 0x2928, 0x2928, 0x2908, 0x2086,
0x28c7, 0x7b52, 0x6ab0, 0x28c7, 0x20a6, 0x28e7, 0x3148, 0x3969, 0x4189, 0x4189,
0x4169, 0x3127, 0x41a9, 0x49ea, 0x49ca, 0x49aa, 0x41aa, 0x3108, 0x1045, 0x1065,
0x1085, 0x18a6, 0x3969, 0x51eb, 0x49aa, 0x3948, 0x49aa, 0x49aa, 0x49aa, 0x49ca,
0x3948, 0x3948, 0x49ca, 0x51ca, 0x5a0b, 0x51ea, 0x5a0a, 0x5a0b, 0x5a0b, 0x622b,
0x622b, 0x622b, 0x5a0b, 0x728d, 0x9bd2, 0xac54, 0xa414, 0xbcd7, 0xbcd8, 0xc53a,
0xb497, 0x9393, 0xa3f3, 0xa3d2, 0xa3d2, 0xd579, 0xedfc, 0xedfd, 0xedfd, 0xe5dc,
0xf67e, 0xc538, 0x5a0b, 0x5169, 0xabd3, 0xcc35, 0xcc14, 0xd3f4, 0xcc14, 0xcc14,
0xcc14, 0xcc14, 0xcc14, 0xcc14, 0xcc14, 0xcc14, 0xcc14, 0xcc14, 0xcc14, 0xcc14,
0xcc14, 0xcc14, 0xcc14, 0xcc35, 0xcc35, 0xcc55, 0xcc55, 0xd455, 0xd455, 0xd496,
0xd4b6, 0xd4d6, 0xdcf7, 0xdd38, 0xdd79, 0xddfb, 0xef1f, 0xde9d, 0x9434, 0x93b3,

0xd59f, 0xbcfd, 0xa43a, 0xac5a, 0xbcfd, 0xcd5e, 0xbcfd, 0xa47a, 0xa47a, 0xbcfd,
0xd5bf, 0xd59f, 0xcd5e, 0xc51e, 0xbcdd, 0xb49c, 0xb4bc, 0xbcfd, 0xc53e, 0xcd5f,
0xcd5f, 0xcd5f, 0xcd5f, 0xd59f, 0xddbf, 0xcd5f, 0xc4fe, 0xbcbc, 0xbcdd, 0xc4fe,
0xcd3f, 0xd59f, 0xdd9f, 0xd57f, 0xcd5f, 0xcd3f, 0xc51e, 0xcd1f, 0xcd3f, 0xcd5f,
0xd55f, 0xd55f, 0xd55f, 0xd55f, 0xd57f, 0xd57f, 0xd57f, 0xd57f, 0xd57f, 0xd57f,
0xd57f, 0xd55f, 0xd55f, 0xd57f, 0xdd9f, 0xdd9f, 0xd55d, 0xac16, 0xa3d2, 0xa3d2,
0xa3d2, 0xa3b1, 0xa3b0, 0x9b8f, 0xa390, 0xa3b0, 0xa3b0, 0xa3b0, 0xa3b0, 0xabd1,
0xa3b0, 0xa3b0, 0xa3b0, 0xa3b0, 0xa38f, 0x9b6f, 0x9b8f, 0x9b8f, 0x9b8f, 0x9b8f,
0xa3b0, 0xa3b0, 0xa3b0, 0x9baf, 0x9b8f, 0x9b8f, 0x9b8f, 0x9b8f, 0x9b8f, 0x9b8f,
0x9b6f, 0x936e, 0x934e, 0x934e, 0x934e, 0x932e, 0x932e, 0x8b2e, 0x8b2e, 0x8aed,
0x82ed, 0x82cd, 0x82ed, 0x82ed, 0x82cd, 0x82cd, 0x82ce, 0x82ce, 0x82ce, 0x82ce,
0x82ce, 0x82cf, 0x82cf, 0x82cf, 0x82cf, 0x82ef, 0x82f0, 0x8af0, 0x8b11, 0x8b11,
0x8b11, 0x8b11, 0x8b11, 0x8b31, 0x9332, 0x9332, 0x9332, 0x9332, 0x9332, 0x9332,
0x9332, 0x8b11, 0x9332, 0x9332, 0x8b32, 0x9332, 0x8b11, 0x9332, 0x9352, 0x9352,
0x9373, 0x9353, 0x9332, 0x9b73, 0x9353, 0x9353, 0x9353, 0x9b93, 0x726d, 0x4967,
0x51e8, 0x628b, 0x49c9, 0x3969, 0x3948, 0x3148, 0x3149, 0x396a, 0x39aa, 0x41cb,
0x520c, 0x7b10, 0x8310, 0x82cf, 0x7aae, 0x72ad, 0x728d, 0x6a6c, 0x728d, 0x7aae,
0x7acf, 0x7acf, 0x72af, 0x72cf, 0x7af0, 0x7ad0, 0x72cf, 0x7af0, 0x7af0, 0x7af0,
0x7ad0, 0x7ad0, 0x7ad0, 0x7ad0, 0x7ad0, 0x7ad0, 0x7ad1, 0x7ad1, 0x7ad1, 0x7ad1,
0x7ad1, 0x7ad1, 0x7ad0, 0x7ad0, 0x7ad0, 0x7ad0, 0x7ad0, 0x7ad0, 0x7ab0, 0x7ab0,
0x7ab0, 0x7aaf, 0x728e, 0x728e, 0x728e, 0x6a6c, 0x6a6c, 0x6a6c, 0x626b, 0x626b,
0x628b, 0x628c, 0x626c, 0x520b, 0x4189, 0x3128, 0x2107, 0x2107, 0x2908, 0x1866,
0x51cc, 0x9c15, 0x6aaf, 0x1024, 0x20a6, 0x28e7, 0x3128, 0x3107, 0x3927, 0x3947,
0x30e6, 0x4189, 0x51ea, 0x51ea, 0x49ca, 0x49c9, 0x4189, 0x3948, 0x20a6, 0x1065,
0x1086, 0x1086, 0x20c7, 0x418a, 0x520b, 0x49aa, 0x3948, 0x520b, 0x49ca, 0x41aa,
0x49ca, 0x3948, 0x30e6, 0x51ea, 0x5a2b, 0x5a0b, 0x59ea, 0x5a0a, 0x5a0a, 0x5a0b,
0x622b, 0x622b, 0x624b, 0x624b, 0x6a6c, 0x9392, 0xc539, 0xddfc, 0xdddc, 0xd5bc,
0x9bf4, 0xa414, 0xa3f3, 0x9bb3, 0xc4b7, 0xedfd, 0xeddd, 0xeddd, 0xe5fd, 0xee3d,
0xe5fb, 0x728d, 0x6a4c, 0x930f, 0xc414, 0xcc14, 0xcc14, 0xcc14, 0xcc14, 0xcc14,
0xcc14, 0xcc14, 0xcc14, 0xcc14, 0xcc14, 0xcc14, 0xcc14, 0xcc14, 0xcc14, 0xcc14,
0xcc14, 0xcc14, 0xcc14, 0xcc35, 0xcc35, 0xcc55, 0xcc55, 0xd475, 0xd475, 0xd496,
0xd4b6, 0xdcd7, 0xdcf7, 0xdd38, 0xddb9, 0xde5b, 0xe71e, 0xf77f, 0xacd7, 0x93d4,

0xd59f, 0xbcfd, 0xa419, 0xa43a, 0xb4dc, 0xcd5e, 0xc55e, 0xac7b, 0x9c39, 0xb4bc,
0xcd9f, 0xdddf, 0xcd5e, 0xbcfd, 0xb4bc, 0xac7b, 0xb4bc, 0xbcfd, 0xc53e, 0xcd5f,
0xcd5f, 0xcd5f, 0xcd5f, 0xd5bf, 0xdddf, 0xcd3e, 0xbcfd, 0xbcbd, 0xbcbd, 0xbcfd,
0xcd5f, 0xd59f, 0xddbf, 0xd57f, 0xcd3f, 0xcd1e, 0xc51e, 0xc51e, 0xcd3f, 0xcd5f,
0xd55f, 0xd55f, 0xd57f, 0xd55f, 0xcd5f, 0xd57f, 0xd57f, 0xd55f, 0xd57f, 0xd57f,
0xd57f, 0xd55f, 0xd55f, 0xd57e, 0xd59e, 0xddbf, 0xd57f, 0xd53d, 0xb414, 0xa3b2,
0xa3d2, 0xa3d1, 0xa3d0, 0xa3af, 0xa390, 0xa390, 0xa390, 0xa390, 0xa3b0, 0xa3b0,
0xabd0, 0xabd0, 0xabd0, 0xabd0, 0xa3b0, 0xa38f, 0xa38f, 0x9b8f, 0x9b8f, 0x9b6f,
0x9b8f, 0x9b8f, 0x9b8f, 0x9b6f, 0x9b6f, 0x9b8f, 0x9b8f, 0x9b8f, 0x9b8f, 0x9b8f,
0x9b6f, 0x936e, 0x934e, 0x934e, 0x934e, 0x932e, 0x932e, 0x8b2e, 0x8b2e, 0x8b0e,
0x82ed, 0x82ed, 0x82ed, 0x82ed, 0x82cd, 0x82cd, 0x82ce, 0x82ce, 0x82ce, 0x82ce,
0x82ce, 0x82cf, 0x82cf, 0x82cf, 0x82cf, 0x82cf, 0x82ef, 0x82f0, 0x8af0, 0x8af1,
0x8af1, 0x8af1, 0x8b11, 0x8b11, 0x8b11, 0x8b11, 0x8b11, 0x8b11, 0x8b11, 0x8b11,
0x8b11, 0x8b11, 0x8b31, 0x9331, 0x9332, 0x9332, 0x8b12, 0x9332, 0x9332, 0x9352,
0x9353, 0x9353, 0x9333, 0x9b53, 0x9353, 0x9353, 0x9b73, 0x9372, 0x59ca, 0x4967,
0x5a29, 0x5229, 0x41a9, 0x3969, 0x3949, 0x3949, 0x3969, 0x398a, 0x39ab, 0x41cb,
0x624e, 0x8310, 0x82ef, 0x7ace, 0x7aad, 0x72ac, 0x6a8c, 0x6a6b, 0x6a4b, 0x622b,
0x6a4c, 0x72ad, 0x7ace, 0x7ad0, 0x7af0, 0x7af0, 0x7ad0, 0x72cf, 0x7af0, 0x7af1,
0x7af0, 0x7af0, 0x7ad0, 0x7ad0, 0x7ad0, 0x7ad0, 0x7ad1, 0x7ad1, 0x7ad1, 0x72b0,
0x72b0, 0x72b0, 0x7ad0, 0x7ad0, 0x7ad0, 0x7ad1, 0x7ad1, 0x7ad1, 0x7ad1, 0x7ad0,
0x7ad0, 0x7ad0, 0x7ad0, 0x7acf, 0x7acf, 0x7aae, 0x728d, 0x6a6c, 0x6a6c, 0x626b,
0x626b, 0x624b, 0x626b, 0x626b, 0x5a6c, 0x4a2b, 0x39a8, 0x2927, 0x18c7, 0x28a8,
0x72d1, 0x8b73, 0x628e, 0x28e7, 0x1886, 0x20c7, 0x41a9, 0x49ca, 0x41a9, 0x28c5,
0x3927, 0x3907, 0x4989, 0x51ea, 0x51ca, 0x49c9, 0x49aa, 0x4169, 0x3148, 0x18c6,
0x1086, 0x1086, 0x1886, 0x28e7, 0x49ca, 0x51eb, 0x3948, 0x49aa, 0x520b, 0x49eb,
0x49ca, 0x4189, 0x3927, 0x49c9, 0x59ea, 0x5a0b, 0x5a0a, 0x59ea, 0x59ea, 0x59ea,
0x5a0b, 0x622b, 0x624b, 0x622b, 0x624c, 0x6a6d, 0x93d3, 0xbcf9, 0xee7e, 0xbcd7,
0xa413, 0xac34, 0xa3d3, 0xb456, 0xe5de, 0xeddd, 0xeddd, 0xeddd, 0xe5dd, 0xf67e,
0x8b71, 0x6a4c, 0x8aef, 0xbc34, 0xc414, 0xcc14, 0xcc14, 0xcc34, 0xcc14, 0xcc14,
0xcc14, 0xcc14, 0xcc14, 0xcc14, 0xcc14, 0xcc14, 0xcc14, 0xcc14, 0xcbf4, 0xcbf4,
0xcbf4, 0xcc14, 0xcc14, 0xcc35, 0xd455, 0xd455, 0xcc75, 0xd476, 0xd496, 0xd4b6,
0xdcd7, 0xdcf7, 0xdcf7, 0xdd18, 0xddda, 0xe69c, 0xe75e, 0xffff, 0xc5ba, 0x93d4,

0xd59f, 0xbcfd, 0x9c19, 0xa43a, 0xb4bc, 0xc53e, 0xc53e, 0xac9b, 0x9c19, 0xac9b,
0xcd7f, 0xdddf, 0xcd5f, 0xbcfd, 0xb49c, 0xac9c, 0xb49c, 0xbcfd, 0xc53e, 0xcd7f,
0xcd5f, 0xcd5f, 0xcd5e, 0xd5bf, 0xddbf, 0xc53e, 0xbcdd, 0xbcbd, 0xbcbd, 0xc4fd,
0xcd5f, 0xd59f, 0xddbf, 0xd57f, 0xcd3f, 0xcd1e, 0xc4fe, 0xc51e, 0xcd3f, 0xcd5f,
0xd55f, 0xd55f, 0xd55f, 0xcd5f, 0xcd5f, 0xd55f, 0xd55f, 0xd57f, 0xd57f, 0xd57f,
0xd57f, 0xd55f, 0xd57f, 0xd57f, 0xd57e, 0xd57f, 0xd57f, 0xd57f, 0xd53c, 0xa3f4,
0xa3d1, 0xa3d0, 0xa3b0, 0xa391, 0x9b90, 0x9b90, 0xa390, 0xa390, 0xa390, 0xa3b0,
0xa3b1, 0xa3d1, 0xa3d1, 0xabd1, 0xa3d1, 0xa3b1, 0xa3b0, 0xa3b0, 0x9b8f, 0x9b8f,
0x9b8f, 0x9b6f, 0x9b6f, 0x9b6f, 0x9b6e, 0x9b6e, 0x9b8f, 0x9b6f, 0x9b6e, 0x9b6e,
0x9b6e, 0x936e, 0x934e, 0x934e, 0x934e, 0x932e, 0x8b2e, 0x8b2e, 0x8b2e, 0x8b2e,
0x8b0e, 0x8aee, 0x82ed, 0x82cd, 0x82cd, 0x82cd, 0x82ce, 0x82ae, 0x82ae, 0x82ce,
0x82ce, 0x82ce, 0x82cf, 0x82cf, 0x82cf, 0x82ef, 0x82ef, 0x82f0, 0x82f0, 0x8b10,
0x8310, 0x8b10, 0x8b11, 0x82f0, 0x82f0, 0x8b11, 0x8b11, 0x8b31, 0x8b31, 0x8b31,
0x8b31, 0x8b11, 0x8b11, 0x8b11, 0x8b11, 0x8b11, 0x8b11, 0x8b11, 0x8b32, 0x8b32,
0x8b32, 0x8b32, 0x8b32, 0x8b32, 0x9333, 0x9353, 0x9353, 0x8310, 0x4988, 0x49a8,
0x5a4a, 0x49e9, 0x41a9, 0x4169, 0x3969, 0x3149, 0x316a, 0x39ab, 0x41cb, 0x49eb,
0x7acf, 0x8310, 0x82ef, 0x7aae, 0x7aad, 0x728d, 0x6a6b, 0x6a6b, 0x6a4b, 0x624a,
0x624a, 0x6a4a, 0x6a8b, 0x72ad, 0x7aee, 0x7b0f, 0x8310, 0x7af0, 0x7ad0, 0x7af1,
0x7af1, 0x7af0, 0x7ad0, 0x7ad0, 0x7ad0, 0x7ad0, 0x7ad1, 0x7ad1, 0x7ad1, 0x7ad0,
0x7ad0, 0x7ad0, 0x7ad1, 0x7ad1, 0x7ad1, 0x7ad1, 0x7ad1, 0x7ad1, 0x7ab1, 0x7ad1,
0x7ad1, 0x7ad1, 0x82f1, 0x82f1, 0x82f1, 0x7ad0, 0x7aaf, 0x728e, 0x72ae, 0x728d,
0x6a6c, 0x626b, 0x624b, 0x626b, 0x5a6b, 0x5a6c, 0x524b, 0x4a2b, 0x28c6, 0x416b,
0x8b94, 0x622e, 0x49aa, 0x520b, 0x3968, 0x20a5, 0x3127, 0x522b, 0x3968, 0x28e6,
0x520b, 0x49a9, 0x3927, 0x4168, 0x51ea, 0x51ea, 0x49a9, 0x49a9, 0x4169, 0x28e7,
0x1086, 0x1086, 0x10a7, 0x1886, 0x28e7, 0x3969, 0x3107, 0x3107, 0x4a0b, 0x49eb,
0x4189, 0x3948, 0x4169, 0x4989, 0x51ea, 0x520a, 0x5a0a, 0x59ea, 0x59ea, 0x59ea,
0x5a0b, 0x622b, 0x624b, 0x624c, 0x6a6d, 0x72ae, 0x6a8e, 0x8331, 0x9bf4, 0xa3f3,
0xac54, 0xac34, 0xa3f4, 0xdd7b, 0xedde, 0xedbd, 0xeddd, 0xe5bc, 0xf6bf, 0xb496,
0x6a4d, 0x8ace, 0xbbf3, 0xcc34, 0xcbf4, 0xcc14, 0xcc14, 0xcc14, 0xcc14, 0xcc14,
0xcc14, 0xcc14, 0xcc14, 0xcc14, 0xcc14, 0xcc14, 0xcc14, 0xcc14, 0xcc14, 0xcc14,
0xcc14, 0xcc14, 0xcc34, 0xcc35, 0xcc55, 0xcc75, 0xcc75, 0xd496, 0xd496, 0xdcb6,
0xdcf7, 0xdcf7, 0xdd17, 0xdd37, 0xe5fa, 0xe6bd, 0xe75f, 0xffff, 0xd67c, 0x93f5,

0xd59f, 0xbcdc, 0x9bf9, 0xa43a, 0xb4bc, 0xcd5e, 0xc55e, 0xac9b, 0x9c19, 0xac7a,
0xcd5e, 0xddbf, 0xcd7f, 0xbcfd, 0xac7b, 0xac7b, 0xb4bc, 0xbcfd, 0xc55f, 0xcd7f,
0xcd5f, 0xcd5f, 0xcd5f, 0xddbf, 0xddbf, 0xc53e, 0xb4dd, 0xb4bc, 0xb4bc, 0xc4fd,
0xcd5e, 0xdd9f, 0xddbf, 0xd57f, 0xcd3f, 0xcd1e, 0xc4fe, 0xc51e, 0xcd1f, 0xcd5f,
0xd55f, 0xd55f, 0xd55f, 0xcd5f, 0xcd5f, 0xcd5f, 0xcd5f, 0xd57f, 0xd57f, 0xd57f,
0xd57f, 0xd57f, 0xd57f, 0xd57f, 0xd57f, 0xd57f, 0xd57f, 0xd57f, 0xd59f, 0xc51a,
0x9bd2, 0xa3d0, 0xa3b0, 0xa391, 0xa390, 0x9b90, 0x9b90, 0x9b90, 0x9b90, 0xa3b0,
0xa3b1, 0xa3d1, 0xa3d1, 0xa3d2, 0xa3d1, 0xa3d1, 0xa3b1, 0xa3b0, 0xa3b0, 0x9b90,
0x9b90, 0x9b8f, 0x9b6f, 0x9b8f, 0x936e, 0x932d, 0x934e, 0x934e, 0x934e, 0x934e,
0x934e, 0x934e, 0x934e, 0x934e, 0x932e, 0x932d, 0x8b2e, 0x8b2e, 0x8b2e, 0x8b2e,
0x8b0d, 0x8b0d, 0x82ed, 0x82cd, 0x82cd, 0x82cd, 0x82ce, 0x82ae, 0x82ae, 0x82ce,
0x82ce, 0x82ce, 0x82cf, 0x82cf, 0x82cf, 0x82ef, 0x82ef, 0x82f0, 0x8310, 0x8310,
0x8310, 0x8310, 0x8310, 0x8310, 0x8310, 0x8310, 0x8b10, 0x8b31, 0x8b31, 0x8b31,
0x8b31, 0x8b31, 0x8b11, 0x8b11, 0x8311, 0x8311, 0x8311, 0x8b11, 0x8b11, 0x8b11,
0x8b11, 0x8b11, 0x8b11, 0x8b11, 0x8b12, 0x8b12, 0x9353, 0x6a8c, 0x4187, 0x49e8,
0x5a4a, 0x49c9, 0x41a9, 0x3969, 0x3969, 0x316a, 0x318b, 0x39ab, 0x41cb, 0x5a4c,
0x8b50, 0x8b50, 0x8b30, 0x82ef, 0x7ace, 0x728d, 0x726c, 0x6a4b, 0x622a, 0x624a,
0x624a, 0x6229, 0x624a, 0x6a6a, 0x6a8b, 0x72ac, 0x72ce, 0x7b10, 0x7af0, 0x7ad0,
0x7af0, 0x7af0, 0x7af0, 0x7ad0, 0x7ad0, 0x7ad0, 0x7af1, 0x7af1, 0x7af1, 0x7ad0,
0x7ad0, 0x7ad0, 0x7ad1, 0x7ad1, 0x7ad1, 0x7ad1, 0x7ad1, 0x7ab1, 0x7ab1, 0x7ad1,
0x7ad1, 0x7ad1, 0x82f1, 0x82f1, 0x82f2, 0x82f2, 0x82f1, 0x7af0, 0x7acf, 0x7aae,
0x728d, 0x6a8c, 0x626b, 0x626c, 0x626c, 0x5a6b, 0x5a6c, 0x51ea, 0x28a6, 0x72cf,
0x7b11, 0x51cc, 0x51eb, 0x51ea, 0x520b, 0x3927, 0x1864, 0x3927, 0x28e6, 0x4189,
0x5a4b, 0x520a, 0x520a, 0x3927, 0x3106, 0x41a9, 0x51ca, 0x51ca, 0x4168, 0x3128,
0x20a6, 0x1066, 0x18a7, 0x1886, 0x3127, 0x41aa, 0x4189, 0x28e7, 0x28c6, 0x3107,
0x3107, 0x4168, 0x3948, 0x49ca, 0x520b, 0x520b, 0x5a0a, 0x5a0a, 0x5a0b, 0x5a0b,
0x5a0b, 0x5a2b, 0x622b, 0x624c, 0x6a6d, 0x72ae, 0x7b10, 0x8371, 0x8330, 0x8b2f,
0x9bb2, 0x9bb2, 0xccf8, 0xeddd, 0xe5bd, 0xeddd, 0xedbd, 0xee5e, 0xd59a, 0x726d,
0x82cf, 0xb3d3, 0xcbf3, 0xcc14, 0xcc14, 0xcc14, 0xcc14, 0xcc14, 0xcc14, 0xcc14,
0xcc14, 0xcc14, 0xcc14, 0xcc14, 0xcc14, 0xcc14, 0xcc14, 0xcc14, 0xcc14, 0xcc14,
0xcc14, 0xcc14, 0xcc34, 0xcc55, 0xcc75, 0xcc75, 0xcc96, 0xd496, 0xd4b6, 0xdcd7,
0xdcf7, 0xdd17, 0xdd38, 0xdd37, 0xe5da, 0xe67e, 0xe6ff, 0xffdf, 0xeefe, 0x9c36,

0xcd7f, 0xb4bc, 0x9c19, 0xa43a, 0xbcdc, 0xcd5e, 0xcd7f, 0xacbb, 0x93f8, 0xa43a,
0xc53e, 0xddbf, 0xd57f, 0xb4bc, 0xac7b, 0xac5b, 0xb4bc, 0xbcfd, 0xc55f, 0xcd7f,
0xcd5f, 0xcd5f, 0xcd5f, 0xddbf, 0xd5bf, 0xc51e, 0xb4bd, 0xb49c, 0xb49c, 0xbcdd,
0xcd5f, 0xddbf, 0xddbf, 0xd57f, 0xcd3f, 0xc4fe, 0xc4fe, 0xc4fe, 0xcd1e, 0xcd5f,
0xd55f, 0xd55f, 0xd55f, 0xcd5f, 0xcd3f, 0xcd3f, 0xcd3f, 0xd55f, 0xd57f, 0xd57f,
0xd57f, 0xd57f, 0xd57f, 0xd57f, 0xd57f, 0xd57f, 0xd57f, 0xd57f, 0xcd5e, 0xd57e,
0xc4ba, 0xa3b3, 0xa3d1, 0xa3af, 0xa3b1, 0x9b90, 0x9b90, 0x9b90, 0x9b90, 0x9b90,
0xa3b0, 0xa3b0, 0xa3b0, 0xa3d1, 0xa3d1, 0xa3b1, 0xa3b0, 0xa3b0, 0xa3b0, 0x9b90,
0x9b90, 0x9b90, 0x9b90, 0x9baf, 0x9baf, 0x9b6e, 0x934e, 0x936e, 0x934e, 0x934d,
0x932d, 0x932d, 0x932d, 0x8b2d, 0x8b0d, 0x8b0d, 0x8b2d, 0x8b2d, 0x8b2d, 0x8b2d,
0x8b2d, 0x8b0d, 0x8b0d, 0x82ed, 0x82cd, 0x82cd, 0x82ad, 0x82ce, 0x82ce, 0x82ce,
0x82ce, 0x82ce, 0x82ae, 0x82cf, 0x82cf, 0x82cf, 0x82ef, 0x82f0, 0x8310, 0x8310,
0x8310, 0x8310, 0x8310, 0x8310, 0x8310, 0x82f0, 0x8310, 0x8b11, 0x8b31, 0x8b31,
0x8b31, 0x8b31, 0x8b11, 0x8b11, 0x8311, 0x8311, 0x8311, 0x8b11, 0x8b11, 0x8b11,
0x8b11, 0x8b11, 0x8b11, 0x8b11, 0x8b12, 0x8b12, 0x9353, 0x51ea, 0x4187, 0x522a,
0x5229, 0x41a8, 0x4189, 0x3969, 0x3949, 0x396a, 0x398b, 0x41ab, 0x41cb, 0x6acf,
0x9371, 0x8b30, 0x8b10, 0x8310, 0x82ef, 0x7acf, 0x72ad, 0x6a6c, 0x6a4b, 0x6a4b,
0x624a, 0x624a, 0x6a6a, 0x6a6b, 0x6a8b, 0x6a8c, 0x6a8c, 0x6a6c, 0x72ce, 0x72ce,
0x72ce, 0x7aef, 0x7af0, 0x7ad0, 0x7ad0, 0x7af1, 0x7af1, 0x7af1, 0x7af1, 0x7af1,
0x7af1, 0x7af1, 0x7ad1, 0x7ad1, 0x7ad1, 0x7ad1, 0x7ad1, 0x7ab1, 0x7ad1, 0x7ab1,
0x7ad1, 0x82f1, 0x82d1, 0x82f1, 0x82f1, 0x8312, 0x8311, 0x8311, 0x8311, 0x82f0,
0x7acf, 0x72ae, 0x6aad, 0x6a8d, 0x624c, 0x626c, 0x628c, 0x3927, 0x3928, 0x7b30,
0x6a8e, 0x5a2c, 0x5a2b, 0x520a, 0x51ea, 0x520b, 0x3948, 0x28a5, 0x3948, 0x520b,
0x520a, 0x5a2b, 0x5a2b, 0x520a, 0x4168, 0x3907, 0x4148, 0x4148, 0x4169, 0x49aa,
0x3128, 0x1865, 0x1866, 0x1885, 0x3948, 0x49aa, 0x41a9, 0x4189, 0x3968, 0x4168,
0x4989, 0x49ca, 0x51ea, 0x51ea, 0x51ea, 0x520a, 0x5a0b, 0x5a0b, 0x5a0b, 0x5a0b,
0x5a2b, 0x5a2b, 0x5a2b, 0x622c, 0x6a8d, 0x72ae, 0x7b10, 0x7b30, 0x7af0, 0x8330,
0x82ef, 0xac35, 0xe5dc, 0xe5bc, 0xeddd, 0xe5dd, 0xee1d, 0xee3d, 0x9331, 0x82af,
0xa371, 0xc434, 0xcbf4, 0xcbf4, 0xcc14, 0xcc14, 0xcc14, 0xcc14, 0xcc14, 0xcc14,
0xcc14, 0xcc14, 0xcc14, 0xcc14, 0xcc14, 0xcc14, 0xcc14, 0xcc14, 0xcc14, 0xcc14,
0xcc14, 0xcc14, 0xcc34, 0xcc55, 0xcc75, 0xcc95, 0xcc96, 0xd496, 0xd4b6, 0xdcd7,
0xdcf7, 0xdd18, 0xdd38, 0xdd38, 0xe59a, 0xe5fd, 0xe65e, 0xff7f, 0xff3f, 0xb498,

0xcd7f, 0xb4bc, 0x9c19, 0xac5a, 0xbcdc, 0xc53e, 0xcd7f, 0xb4dc, 0x93d8, 0x9c19,
0xc51d, 0xddbf, 0xd59f, 0xb4bc, 0xac5b, 0xac5b, 0xb49c, 0xbcfd, 0xc53e, 0xcd7f,
0xcd5f, 0xcd5f, 0xcd7f, 0xdddf, 0xd5bf, 0xc51e, 0xb49d, 0xac7c, 0xb49c, 0xbcdd,
0xcd5e, 0xddbf, 0xdd9f, 0xd55f, 0xcd3e, 0xc4fe, 0xc4fe, 0xc4fe, 0xcd1e, 0xcd5f,
0xd55f, 0xd55f, 0xcd5f, 0xcd5f, 0xcd3f, 0xcd3f, 0xcd3f, 0xcd5f, 0xd55f, 0xd57f,
0xd57f, 0xd57f, 0xd57f, 0xd57f, 0xd57f, 0xd57f, 0xd57f, 0xd57f, 0xd57f, 0xcd5f,
0xd57f, 0xb479, 0x9b91, 0x9bd0, 0xa3b1, 0x9b90, 0x9b70, 0x9b70, 0x9b90, 0x9b91,
0x9b90, 0xa3b0, 0xa3b0, 0xa3b0, 0xa3d1, 0xa3b0, 0x9b90, 0xa3b0, 0xa3b1, 0x9b90,
0xa390, 0x9b90, 0x9b90, 0x9b8f, 0xa3b0, 0x9b8f, 0x9b6f, 0x9b6f, 0x9b8f, 0x9b6e,
0x934e, 0x932e, 0x932d, 0x8b2d, 0x8b0d, 0x8b0d, 0x8b2d, 0x8b2d, 0x8b0d, 0x8b0d,
0x8b0d, 0x8b0c, 0x8b0d, 0x8aed, 0x82cd, 0x82cd, 0x82cd, 0x82ce, 0x82ce, 0x82ce,
0x82ce, 0x82ae, 0x7aae, 0x82af, 0x82cf, 0x82ef, 0x82ef, 0x82f0, 0x8310, 0x8310,
0x8310, 0x8310, 0x8310, 0x8310, 0x8310, 0x82f0, 0x8310, 0x8310, 0x8b31, 0x8b31,
0x8b31, 0x8b31, 0x8b11, 0x8311, 0x82f1, 0x82f1, 0x8311, 0x8b11, 0x8b11, 0x8b11,
0x8b11, 0x8b11, 0x8b11, 0x8b11, 0x8b31, 0x8b31, 0x82f0, 0x49a9, 0x49a8, 0x522a,
0x49e9, 0x41a9, 0x3969, 0x3949, 0x3949, 0x396a, 0x39ab, 0x41cc, 0x49ec, 0x7af0,
0x8b30, 0x8b30, 0x8b10, 0x8310, 0x8310, 0x82f0, 0x830f, 0x7aee, 0x7ace, 0x728d,
0x6a6b, 0x6a6b, 0x6a6b, 0x6a6b, 0x6a8b, 0x6aac, 0x6aac, 0x6a8c, 0x6a8c, 0x6aac,
0x72ac, 0x72cd, 0x7acf, 0x7af0, 0x7af0, 0x7af0, 0x7af0, 0x7af0, 0x7af0, 0x7af1,
0x7ad1, 0x7ad1, 0x7ad1, 0x7ad1, 0x7ad1, 0x7ad1, 0x7ad1, 0x7ab1, 0x7ad1, 0x7ad1,
0x7ad1, 0x7ad1, 0x82f1, 0x82f1, 0x82f1, 0x8312, 0x8312, 0x8311, 0x8311, 0x8311,
0x8310, 0x7af0, 0x7aef, 0x72ae, 0x6a8d, 0x626d, 0x5a4c, 0x28c6, 0x626d, 0x7b30,
0x626c, 0x626c, 0x626b, 0x626b, 0x5a4b, 0x5a2b, 0x520a, 0x51ea, 0x520a, 0x520a,
0x520a, 0x5a0a, 0x5a2b, 0x5a2b, 0x5a2b, 0x51ea, 0x51c9, 0x51c9, 0x51ea, 0x51ea,
0x49ca, 0x3969, 0x3128, 0x3928, 0x49a9, 0x49ca, 0x49ca, 0x51ca, 0x520b, 0x51ea,
0x5a0b, 0x5a2b, 0x5a2b, 0x5a2b, 0x5a0a, 0x5a0a, 0x5a0b, 0x5a0b, 0x5a0b, 0x5a2b,
0x5a2b, 0x5a0b, 0x5a2b, 0x622c, 0x6a8d, 0x72cf, 0x7aef, 0x72f0, 0x7af0, 0x82f0,
0x9372, 0xdd9b, 0xe5bc, 0xe5bc, 0xeddd, 0xdddc, 0xf69e, 0xb435, 0x92f0, 0xab72,
0xc3f4, 0xc3f3, 0xcbf3, 0xcc14, 0xcc14, 0xcc14, 0xcc14, 0xcc14, 0xcc14, 0xcc14,
0xcc14, 0xcc14, 0xcc14, 0xcc14, 0xcc14, 0xc414, 0xc414, 0xcc14, 0xcc14, 0xcc14,
0xcc14, 0xcc14, 0xcc35, 0xcc55, 0xcc75, 0xcc95, 0xd4b6, 0xd4b6, 0xd4d7, 0xdcf7,
0xdd17, 0xdd18, 0xdd38, 0xdd59, 0xe59b, 0xe57d, 0xedfe, 0xfeff, 0xff1f, 0xc4d9,

0xcd7f, 0xac7b, 0x9bf9, 0xa43a, 0xbcdc, 0xc55e, 0xcd9f, 0xbd1d, 0x93d8, 0x9bd8,
0xc51d, 0xdddf, 0xd59f, 0xb4bc, 0xac5b, 0xac7b, 0xb49c, 0xbcdd, 0xc53e, 0xcd5f,
0xcd5f, 0xcd5f, 0xd57f, 0xdddf, 0xd5bf, 0xc51e, 0xac7c, 0xac7b, 0xb49c, 0xbcdd,
0xcd3e, 0xddbf, 0xddbf, 0xcd5f, 0xc51e, 0xc4fe, 0xc4de, 0xc4fe, 0xcd1e, 0xcd3f,
0xcd5f, 0xcd5f, 0xcd5f, 0xcd3f, 0xcd3f, 0xcd3e, 0xcd3f, 0xcd3f, 0xcd5f, 0xd55f,
0xd55f, 0xd57f, 0xd57f, 0xd57f, 0xd59f, 0xd59f, 0xd59f, 0xd57f, 0xd57f, 0xd55f,
0xcd3f, 0xcd5e, 0xb498, 0x93b2, 0xa3b1, 0x9b91, 0x9b91, 0x9b70, 0x9b91, 0x9b71,
0x9b70, 0x9b70, 0x9b90, 0x9b90, 0x9b90, 0x9b90, 0xa3b1, 0x9b90, 0xa3b1, 0x9b90,
0x9b70, 0x9b90, 0x9b70, 0x9b70, 0x9b90, 0x9b90, 0x9b70, 0x9b90, 0x9b70, 0x9b90,
0x9b6f, 0x934f, 0x934e, 0x932e, 0x8b0e, 0x8b0d, 0x8b0d, 0x82ed, 0x82ed, 0x82ed,
0x82ed, 0x82ed, 0x82ed, 0x8b0e, 0x82ee, 0x82ce, 0x82ce, 0x82ee, 0x82ee, 0x82ce,
0x82ce, 0x82ae, 0x7aae, 0x7aaf, 0x82cf, 0x82cf, 0x82ef, 0x82f0, 0x82f0, 0x82f0,
0x82f0, 0x82f0, 0x8310, 0x8310, 0x8310, 0x8310, 0x8310, 0x8310, 0x8b11, 0x8b11,
0x8b11, 0x8b11, 0x8b11, 0x8311, 0x82f0, 0x82f0, 0x82f1, 0x8311, 0x8b11, 0x8b11,
0x8b11, 0x8b11, 0x8b11, 0x8b11, 0x8b11, 0x8b51, 0x728e, 0x4168, 0x49c9, 0x5209,
0x49c8, 0x41a9, 0x3969, 0x3949, 0x3949, 0x398a, 0x41ac, 0x41ab, 0x622d, 0x8310,
0x82f0, 0x8b31, 0x8b10, 0x8310, 0x82f0, 0x82f0, 0x82ef, 0x82ef, 0x7aef, 0x7aee,
0x7ace, 0x72ad, 0x728c, 0x6a8c, 0x6a8c, 0x6a8c, 0x6aac, 0x6aac, 0x6aab, 0x6a8b,
0x6a8b, 0x6a8c, 0x6a8c, 0x72ad, 0x7aef, 0x7b10, 0x7aef, 0x7aef, 0x7ad0, 0x7ad0,
0x7ad1, 0x7ad1, 0x7ab1, 0x7ab1, 0x7ab1, 0x7ad1, 0x7ad1, 0x7ad1, 0x7ad1, 0x7ad1,
0x7ad1, 0x7ab0, 0x7ad0, 0x7ad1, 0x7ad1, 0x82f1, 0x82f1, 0x8311, 0x8311, 0x8311,
0x8311, 0x8312, 0x8311, 0x7af0, 0x72ef, 0x72ef, 0x51ca, 0x3908, 0x7b11, 0x72ce,
0x628c, 0x628c, 0x628b, 0x628b, 0x626c, 0x5a2b, 0x5a0a, 0x5a0a, 0x5a2b, 0x5a2b,
0x5a2a, 0x5a2a, 0x622b, 0x622b, 0x622a, 0x5a0a, 0x5a0a, 0x5a0b, 0x59ea, 0x59ea,
0x5a0a, 0x51ea, 0x51ea, 0x5a0a, 0x5a0a, 0x59ea, 0x51ea, 0x51ea, 0x59ea, 0x5a0a,
0x5a0b, 0x5a0b, 0x5a2b, 0x622b, 0x5a0b, 0x5a0b, 0x5a0a, 0x5a0a, 0x5a0a, 0x5a2b,
0x5a2b, 0x5a2b, 0x5a2b, 0x624c, 0x6a6d, 0x6aae, 0x72ae, 0x7b10, 0x8311, 0x82f1,
0xcd19, 0xe5fc, 0xe5bc, 0xeddd, 0xe5bc, 0xee7e, 0xcd39, 0x9311, 0xb393, 0xc3f4,
0xc414, 0xcc14, 0xcbf4, 0xcc14, 0xcc14, 0xcc14, 0xcbf4, 0xc3d3, 0xcbf4, 0xcc14,
0xcc14, 0xcc14, 0xcbf4, 0xcbf4, 0xcbf4, 0xc3f4, 0xc3f4, 0xc414, 0xcc14, 0xcc14,
0xcc34, 0xcc35, 0xcc55, 0xcc75, 0xcc75, 0xcc96, 0xd4b6, 0xd4d7, 0xdcf7, 0xdd17,
0xdd18, 0xdd38, 0xdd58, 0xdd9a, 0xe59c, 0xe57e, 0xed9d, 0xfe9f, 0xfeff, 0xcd1a,

0xc53e, 0xa43a, 0xa419, 0xac5a, 0xb4dc, 0xcd5e, 0xd5df, 0xbd1d, 0x93b8, 0x93d8,
0xbcdc, 0xdddf, 0xd59f, 0xb49c, 0xa43a, 0xac9c, 0xb49c, 0xbcdd, 0xc53e, 0xcd5f,
0xcd5f, 0xcd5f, 0xd57f, 0xdddf, 0xd59f, 0xc51d, 0xac7c, 0xac5b, 0xb49c, 0xc4fd,
0xd57f, 0xddbf, 0xd59f, 0xcd3e, 0xc51e, 0xbcdd, 0xbcdd, 0xc4fe, 0xcd1f, 0xcd3f,
0xcd5f, 0xcd5f, 0xcd5f, 0xcd3f, 0xcd3f, 0xcd1e, 0xcd3e, 0xcd3f, 0xcd3f, 0xcd5f,
0xcd5f, 0xd55f, 0xd57f, 0xd57f, 0xd57f, 0xd57f, 0xd57f, 0xd57f, 0xd57f, 0xd57f,
0xcd5f, 0xcd5e, 0xcd7e, 0xb4ba, 0xa392, 0x9b70, 0x9b71, 0xa391, 0xabf3, 0xabd2,
0x9b91, 0xb434, 0xb413, 0xa392, 0xa391, 0xabd2, 0xa3b2, 0xb453, 0xa3d1, 0xbc74,
0xb413, 0x9b90, 0xa3d1, 0xb454, 0xb434, 0xa3b3, 0xb434, 0xabf3, 0xb414, 0xa391,
0x9b50, 0x9350, 0x932f, 0x932f, 0x9b50, 0x932f, 0x8aee, 0x82ed, 0x82cd, 0x82cd,
0x82cd, 0x7aad, 0x82cd, 0x82cd, 0x82cd, 0x82ee, 0x82ce, 0x82ee, 0x8aef, 0x82ee,
0x82ce, 0x82ce, 0x82ae, 0x7aae, 0x7aaf, 0x7aaf, 0x7acf, 0x82f0, 0x82f0, 0x82f0,
0x82f0, 0x82f0, 0x8310, 0x8310, 0x8310, 0x8310, 0x8310, 0x8310, 0x8311, 0x8311,
0x8311, 0x8b11, 0x8b11, 0x8311, 0x82f1, 0x82f0, 0x82f0, 0x82f0, 0x8311, 0x8311,
0x8311, 0x8311, 0x8311, 0x8310, 0x82f0, 0x8b30, 0x61eb, 0x4168, 0x51c9, 0x49e9,
0x41a8, 0x4189, 0x396a, 0x3969, 0x3969, 0x398a, 0x41cc, 0x49cc, 0x72af, 0x8310,
0x82d0, 0x82f0, 0x82f0, 0x82f0, 0x82f0, 0x82d0, 0x7acf, 0x7aef, 0x7aef, 0x82ef,
0x82ef, 0x830f, 0x830f, 0x7af0, 0x72ae, 0x6a8d, 0x6a8c, 0x6a8b, 0x6aab, 0x72ac,
0x6a8c, 0x6a6b, 0x626b, 0x624b, 0x6a6b, 0x6aad, 0x72ae, 0x7acf, 0x7af0, 0x7af0,
0x7ad1, 0x7ad1, 0x7ad1, 0x7ad1, 0x7ad1, 0x7ad1, 0x7ad1, 0x7ad1, 0x7ad1, 0x7ad1,
0x82f1, 0x7ad1, 0x7ab0, 0x7ab0, 0x82f1, 0x82f1, 0x82f1, 0x82f1, 0x8312, 0x8312,
0x8312, 0x82f2, 0x8312, 0x8332, 0x8331, 0x7aef, 0x3907, 0x51ec, 0x8333, 0x6aaf,
0x6aad, 0x6aac, 0x628c, 0x626c, 0x624b, 0x624b, 0x624b, 0x624b, 0x626c, 0x626c,
0x626b, 0x624b, 0x624b, 0x624b, 0x624b, 0x624a, 0x622b, 0x5a0b, 0x5a0a, 0x5a0a,
0x5a0a, 0x59e9, 0x622b, 0x624c, 0x624c, 0x620b, 0x5a0b, 0x59ea, 0x59ea, 0x5a0a,
0x5a0a, 0x620a, 0x622b, 0x622b, 0x622b, 0x622b, 0x5a0b, 0x5a0b, 0x5a0b, 0x5a2b,
0x622b, 0x624b, 0x624c, 0x624c, 0x6a6d, 0x626d, 0x72cf, 0x7b10, 0x7af0, 0xb477,
0xe5fd, 0xe5dc, 0xe5dd, 0xe5bc, 0xee1d, 0xe5fc, 0x9b73, 0xabb3, 0xc3d4, 0xc3f4,
0xc3f3, 0xc414, 0xcbf4, 0xcc14, 0xcc14, 0xcc14, 0xcbf3, 0xbb92, 0xcbf4, 0xcc14,
0xcc14, 0xcc14, 0xcbf4, 0xcbf4, 0xcbf4, 0xc3f4, 0xc3f4, 0xc414, 0xcc14, 0xcc14,
0xcc34, 0xcc35, 0xcc55, 0xd475, 0xcc75, 0xcc96, 0xd4b6, 0xd4f7, 0xdd17, 0xdd17,
0xdd38, 0xdd38, 0xe578, 0xddba, 0xddbd, 0xe55e, 0xed7d, 0xfe7f, 0xfedf, 0xd59c,

0xc53e, 0xa45a, 0xa43a, 0xac7b, 0xbcdc, 0xc55e, 0xd5bf, 0xbd1d, 0x93d8, 0x93d7,
0xb4bb, 0xdddf, 0xd5bf, 0xb4bc, 0xa41a, 0xac7b, 0xb4bc, 0xc51e, 0xcd5f, 0xcd5f,
0xcd5f, 0xcd5f, 0xd57f, 0xdddf, 0xd59f, 0xbcfd, 0xac7b, 0xac5b, 0xb49c, 0xc4fd,
0xd57f, 0xddbf, 0xd59f, 0xcd3e, 0xc4fe, 0xbcdd, 0xbcbd, 0xc4fe, 0xcd1f, 0xcd3f,
0xcd5f, 0xcd5f, 0xcd3f, 0xcd3f, 0xcd3e, 0xc51e, 0xcd1e, 0xcd3e, 0xcd3f, 0xcd3f,
0xcd5f, 0xcd5f, 0xd55f, 0xd57f, 0xd57f, 0xd57f, 0xd57f, 0xd57f, 0xd57f, 0xd59f,
0xcd7f, 0xcd5e, 0xc53f, 0xcd5f, 0xc4d8, 0xac14, 0xc4f7, 0xcd17, 0xd558, 0xee1b,
0xd538, 0xf65d, 0xf63d, 0xe5bb, 0xe5ba, 0xee1c, 0xe5ba, 0xe5da, 0xe5da, 0xf63b,
0xf65c, 0xd578, 0xc4d6, 0xee1c, 0xfe7e, 0xe5bb, 0xf63d, 0xf63e, 0xf63e, 0xccf8,
0xc496, 0xccf8, 0xa3d3, 0xb455, 0xe5db, 0xd538, 0xa3d2, 0xb475, 0xc4b6, 0xbc96,
0xb475, 0xbc96, 0x9330, 0xc4f6, 0x9b70, 0x7a6c, 0x7aad, 0x7a8d, 0x7aae, 0x82ee,
0x82ce, 0x82ce, 0x82cf, 0x7aae, 0x7aae, 0x7aaf, 0x7acf, 0x82f0, 0x8310, 0x82f0,
0x82f0, 0x8310, 0x8310, 0x8310, 0x8310, 0x8310, 0x8310, 0x8310, 0x82f0, 0x82f1,
0x82f1, 0x8b11, 0x8b11, 0x8311, 0x8311, 0x82f1, 0x82f0, 0x82f0, 0x82f1, 0x82f1,
0x82f1, 0x82f1, 0x82f1, 0x82f0, 0x82f0, 0x82ef, 0x5189, 0x4988, 0x49c9, 0x49c9,
0x41a9, 0x4189, 0x396a, 0x396a, 0x396a, 0x41ab, 0x41cc, 0x520d, 0x7b11, 0x82f0,
0x7acf, 0x7acf, 0x7ad0, 0x82f0, 0x82f0, 0x82d0, 0x7ad0, 0x7aef, 0x7aef, 0x8310,
0x8310, 0x830f, 0x8310, 0x8311, 0x8310, 0x7b10, 0x72ce, 0x72ad, 0x72ac, 0x72ac,
0x728c, 0x6a8c, 0x6a8b, 0x6a8b, 0x626a, 0x624a, 0x624b, 0x6a6d, 0x728e, 0x72cf,
0x7ad0, 0x7af1, 0x7af1, 0x7ad1, 0x7ad1, 0x7ad1, 0x7ad1, 0x7ad1, 0x7ad1, 0x7af1,
0x82f1, 0x82f1, 0x82f1, 0x7ad1, 0x82f1, 0x7ad1, 0x82f1, 0x82f1, 0x82f2, 0x8312,
0x8312, 0x82f2, 0x8312, 0x8312, 0x8331, 0x6a6d, 0x30c7, 0x72b0, 0x7ad2, 0x72d1,
0x72cf, 0x6aae, 0x6a8d, 0x624c, 0x626b, 0x626c, 0x6a8c, 0x6a8c, 0x6a8c, 0x6a8c,
0x6a6c, 0x6a6c, 0x6a4b, 0x624b, 0x624b, 0x6a6b, 0x6a6b, 0x622b, 0x622a, 0x622a,
0x620a, 0x622a, 0x6a4b, 0x6a4b, 0x6a4c, 0x6a4b, 0x622b, 0x620b, 0x620a, 0x620a,
0x5a0a, 0x620a, 0x620a, 0x622b, 0x622b, 0x624b, 0x624b, 0x624b, 0x624b, 0x622b,
0x624c, 0x626c, 0x624c, 0x6a6d, 0x626d, 0x6a8d, 0x7b10, 0x7acf, 0x9bb3, 0xddbc,
0xe5bc, 0xe5dc, 0xe5dd, 0xedfd, 0xf65e, 0xabd5, 0xab93, 0xbbd4, 0xc3f4, 0xc3f4,
0xc413, 0xc413, 0xcbf4, 0xcc14, 0xcc14, 0xcc14, 0xcc14, 0xcc14, 0xcc14, 0xcc14,
0xcc14, 0xcc14, 0xcc14, 0xcbf4, 0xcbf4, 0xcbf4, 0xc3f4, 0xcc14, 0xcc14, 0xcc14,
0xcc34, 0xcc55, 0xcc75, 0xd495, 0xcc96, 0xd4b6, 0xd4d7, 0xd4f7, 0xdd17, 0xdd38,
0xdd38, 0xdd58, 0xe599, 0xdddb, 0xddbe, 0xe55e, 0xf59e, 0xfe1f, 0xfe3e, 0xe5dd,

0xbcfd, 0xa41a, 0xa43a, 0xac9c, 0xbcfd, 0xc53f, 0xd57f, 0xbcdd, 0x8bb7, 0x8bd6,
0xacbb, 0xdddf, 0xd59f, 0xb49c, 0x9c1a, 0xac7b, 0xb4bc, 0xc53e, 0xcd5f, 0xcd5f,
0xcd3f, 0xcd3f, 0xcd7f, 0xdddf, 0xd57f, 0xb4db, 0xa47a, 0xa45a, 0xb49c, 0xc4fe,
0xd57f, 0xddbf, 0xd59f, 0xcd3f, 0xbcfe, 0xbcde, 0xbcde, 0xc4fe, 0xc53f, 0xcd5f,
0xcd7f, 0xcd5f, 0xcd3e, 0xcd3e, 0xc51e, 0xc51e, 0xc51e, 0xc53e, 0xcd3f, 0xcd5f,
0xcd5f, 0xcd5f, 0xcd5f, 0xcd7f, 0xd57f, 0xd57f, 0xd57f, 0xd57f, 0xd57f, 0xd57f,
0xd57f, 0xcd7f, 0xcd5f, 0xc4fe, 0xcd1e, 0xd59e, 0xfedf, 0xfebe, 0xf69d, 0xff1f,
0xf69d, 0xfedf, 0xfeff, 0xfeff, 0xfeff, 0xfeff, 0xfeff, 0xf69d, 0xfede, 0xfede,
0xfede, 0xfeff, 0xee5c, 0xf69e, 0xff1f, 0xfedf, 0xfe9f, 0xfebf, 0xfe9f, 0xf65f,
0xf63e, 0xfe5f, 0xe5bc, 0xf65e, 0xfebf, 0xfe7f, 0xe5dc, 0xee1d, 0xf65e, 0xf65e,
0xee1e, 0xf63f, 0xcd1a, 0xf65e, 0xee1d, 0xb435, 0x8af0, 0x9351, 0x8b30, 0x8310,
0x8b30, 0x7ace, 0x7aae, 0x7aae, 0x7ace, 0x7acf, 0x7acf, 0x82f0, 0x82f0, 0x8310,
0x8310, 0x8310, 0x8310, 0x8330, 0x8330, 0x8310, 0x8310, 0x8310, 0x82f0, 0x82f0,
0x82f0, 0x8310, 0x8310, 0x8310, 0x82f1, 0x82f1, 0x82f1, 0x82f1, 0x82f1, 0x82f1,
0x82f1, 0x82f0, 0x8af1, 0x8af1, 0x8b11, 0x6a8d, 0x4187, 0x41c8, 0x41c9, 0x41c9,
0x41a9, 0x4189, 0x398a, 0x396a, 0x418b, 0x41cb, 0x41cb, 0x5a8e, 0x7b10, 0x7ad0,
0x7acf, 0x7acf, 0x72af, 0x7aaf, 0x7aef, 0x7af0, 0x7af0, 0x7aef, 0x7aef, 0x82f0,
0x8310, 0x8310, 0x8331, 0x8311, 0x8331, 0x8b31, 0x8331, 0x8310, 0x7af0, 0x7acf,
0x7aae, 0x728d, 0x6a8c, 0x6a8c, 0x6a6b, 0x624a, 0x624a, 0x624b, 0x622b, 0x624c,
0x6a8d, 0x72af, 0x7af1, 0x8312, 0x7af1, 0x7af1, 0x7ad2, 0x7ad2, 0x82f2, 0x82f1,
0x82f1, 0x82f1, 0x8312, 0x8311, 0x82f1, 0x7ad1, 0x7ad1, 0x7ad1, 0x82f1, 0x82f2,
0x82f2, 0x8b12, 0x8312, 0x7b31, 0x8351, 0x416a, 0x496b, 0x7ad2, 0x82d3, 0x82d2,
0x82f2, 0x82f1, 0x7ad0, 0x728e, 0x6aad, 0x6aac, 0x6a8d, 0x6a8c, 0x6a8d, 0x6a8d,
0x6a6c, 0x6a6c, 0x6a6c, 0x624c, 0x626b, 0x626b, 0x6a6b, 0x6a6b, 0x6a4b, 0x624b,
0x622b, 0x6a4b, 0x6a6b, 0x6a4b, 0x6a4b, 0x6a4b, 0x6a6b, 0x6a6b, 0x624b, 0x622b,
0x620a, 0x620a, 0x620b, 0x622b, 0x622b, 0x622b, 0x6a2b, 0x6a4b, 0x6a4c, 0x624c,
0x624c, 0x626c, 0x6a6d, 0x6a8d, 0x626d, 0x72ef, 0x7af0, 0x8af1, 0xdd3a, 0xedbd,
0xe5bc, 0xe5dd, 0xddbc, 0xf67f, 0xbc78, 0xab53, 0xbbb4, 0xc3f5, 0xcbf4, 0xcc14,
0xcc13, 0xcc13, 0xc414, 0xcc14, 0xcc14, 0xcc14, 0xcc14, 0xcc14, 0xcc14, 0xcc14,
0xcc14, 0xcc14, 0xcc14, 0xcc14, 0xcbf4, 0xcbf4, 0xcbf4, 0xcc14, 0xcc14, 0xcc34,
0xcc35, 0xcc55, 0xcc75, 0xcc96, 0xd496, 0xd4d6, 0xdcf7, 0xd518, 0xdd18, 0xdd37,
0xdd37, 0xdd59, 0xe5ba, 0xddfd, 0xdddf, 0xdd7e, 0xf5df, 0xfe1f, 0xf5df, 0xedbe,

0xbcdd, 0xa41a, 0xa43a, 0xb49c, 0xbcfd, 0xcd5f, 0xd57f, 0xbcdd, 0x8bb6, 0x8bb6,
0xacbb, 0xd5bf, 0xd59f, 0xac9c, 0xa41a, 0xac7b, 0xb4bc, 0xc53e, 0xcd5f, 0xcd5f,
0xcd5f, 0xcd5f, 0xd57f, 0xdddf, 0xcd7e, 0xb4bb, 0xa459, 0xa45a, 0xb49c, 0xc51e,
0xd59f, 0xddbf, 0xd57f, 0xc51f, 0xbcdd, 0xbcbd, 0xbcde, 0xc51e, 0xcd3f, 0xcd5f,
0xcd5f, 0xcd5f, 0xcd3f, 0xcd3e, 0xc53e, 0xc51e, 0xc51e, 0xc51e, 0xbcbc, 0xc53e,
0xcd5f, 0xcd5f, 0xcd5f, 0xcd5f, 0xcd5f, 0xcd5f, 0xcd5f, 0xcd5f, 0xcd5f, 0xd57f,
0xd57f, 0xcd7f, 0xcd7f, 0xcd3f, 0xc4fe, 0xc4fd, 0xe61e, 0xff1f, 0xff3f, 0xfeff,
0xfebe, 0xfeff, 0xfeff, 0xfebe, 0xfebe, 0xfeff, 0xfebf, 0xf69d, 0xfeff, 0xfedf,
0xfebe, 0xfede, 0xfeff, 0xfeff, 0xfeff, 0xfeff, 0xf67f, 0xfedf, 0xfe9f, 0xf65e,
0xfe7f, 0xfe5f, 0xfe7f, 0xfe9f, 0xf65f, 0xf65e, 0xf65e, 0xfe9f, 0xfe7f, 0xfe7f,
0xfe9f, 0xf65f, 0xf61e, 0xf63f, 0xedfd, 0xf63e, 0xd53a, 0xd53a, 0xedfd, 0xcd39,
0xcd59, 0xac55, 0xb496, 0xbcb7, 0x8310, 0x728e, 0x728e, 0x728e, 0x7aaf, 0x7acf,
0x82f0, 0x82f0, 0x82f0, 0x8310, 0x8310, 0x8310, 0x8310, 0x8310, 0x82f0, 0x82f0,
0x82f0, 0x82f0, 0x82f0, 0x82f0, 0x82f0, 0x82f0, 0x82f0, 0x82f0, 0x82f0, 0x82f0,
0x82f0, 0x82f0, 0x82f1, 0x82f1, 0x8b31, 0x622b, 0x3967, 0x49c9, 0x49c9, 0x41c9,
0x4189, 0x418a, 0x396a, 0x416a, 0x418b, 0x41cb, 0x49ec, 0x6acf, 0x7af0, 0x7ad0,
0x7acf, 0x7aaf, 0x728e, 0x72ae, 0x7aaf, 0x7acf, 0x7aef, 0x7acf, 0x7acf, 0x7aef,
0x82f0, 0x8310, 0x8310, 0x8311, 0x8331, 0x8b31, 0x8b31, 0x8b31, 0x8311, 0x8311,
0x8310, 0x7aef, 0x7acf, 0x7aae, 0x6a6c, 0x622b, 0x624b, 0x624b, 0x624b, 0x622b,
0x624b, 0x624b, 0x6a4d, 0x728e, 0x7af0, 0x8311, 0x8311, 0x7af1, 0x7ad1, 0x82f2,
0x82f2, 0x82d1, 0x82f1, 0x8312, 0x8312, 0x82f2, 0x82f2, 0x82f2, 0x82f2, 0x82f2,
0x82f2, 0x8b13, 0x8312, 0x7b31, 0x6acf, 0x30c8, 0x624f, 0x7ab1, 0x82d2, 0x8313,
0x82f2, 0x8312, 0x8312, 0x8311, 0x7af0, 0x72cf, 0x6a8e, 0x6a8d, 0x626c, 0x6a8c,
0x6a8c, 0x6a8b, 0x6a6b, 0x6a6b, 0x6a6b, 0x6a6b, 0x6a6b, 0x6a6b, 0x6a6b, 0x6a6b,
0x6a4b, 0x6a6b, 0x6a6c, 0x6a6b, 0x6a6b, 0x6a6b, 0x6a6c, 0x6a6c, 0x6a6c, 0x6a4b,
0x622b, 0x622b, 0x622b, 0x622b, 0x622b, 0x6a4b, 0x6a4b, 0x6a4b, 0x6a4c, 0x6a6c,
0x6a6d, 0x6a8d, 0x6aae, 0x626d, 0x6aae, 0x7b10, 0x7af0, 0xc4b8, 0xeddd, 0xe59c,
0xe5dd, 0xe5dd, 0xee5e, 0xd55b, 0xa354, 0xbbb4, 0xbbd4, 0xc3f4, 0xc3f4, 0xcbf4,
0xcbf3, 0xcbf3, 0xc414, 0xcc14, 0xcc14, 0xcc14, 0xcc14, 0xcc14, 0xcc14, 0xcc14,
0xcc14, 0xcc14, 0xcc14, 0xcc14, 0xcbf4, 0xcbf4, 0xcbf4, 0xcc14, 0xcc34, 0xcc34,
0xcc55, 0xcc75, 0xcc95, 0xcc96, 0xd4b6, 0xd4d7, 0xdcf7, 0xd518, 0xdd38, 0xdd37,
0xdd38, 0xdd59, 0xe5bb, 0xe5fe, 0xddff, 0xdd9f, 0xf5ff, 0xf5ff, 0xed7e, 0xf5ff,

0xb4dd, 0x9c1a, 0xa41a, 0xb49c, 0xbcfd, 0xcd5f, 0xd57f, 0xbcdc, 0x8b96, 0x8b96,
0xacbb, 0xd5bf, 0xd59f, 0xac7b, 0xa43a, 0xac7b, 0xb4bc, 0xc53e, 0xcd5f, 0xcd5f,
0xcd5f, 0xd57f, 0xd59f, 0xddbf, 0xcd5e, 0xb49a, 0xa439, 0xa45a, 0xb49c, 0xc51e,
0xddbf, 0xddbf, 0xd55f, 0xc4fe, 0xbcbd, 0xbcbd, 0xbcde, 0xc51f, 0xcd5f, 0xcd5f,
0xcd5f, 0xcd3f, 0xcd3f, 0xcd3e, 0xc51e, 0xc51e, 0xc51e, 0xcd3f, 0xbcbc, 0xc4fe,
0xcd5f, 0xcd3f, 0xcd3f, 0xcd5f, 0xcd5f, 0xcd5f, 0xcd5f, 0xcd5f, 0xcd5f, 0xcd7f,
0xcd7f, 0xcd5f, 0xd57f, 0xd57f, 0xcd3f, 0xb49c, 0xbcbb, 0xe61e, 0xff1f, 0xfedf,
0xfebe, 0xfeff, 0xfedf, 0xf65e, 0xfedf, 0xfedf, 0xf67e, 0xf67d, 0xfebe, 0xee5d,
0xfebe, 0xfebe, 0xfedf, 0xfedf, 0xfeff, 0xfeff, 0xfebf, 0xfebf, 0xf65f, 0xf65e,
0xfe7f, 0xfe9f, 0xf65e, 0xfe7f, 0xf63e, 0xedfd, 0xfe9f, 0xfe9f, 0xfe9f, 0xf65e,
0xfe9f, 0xfe7f, 0xf63f, 0xedde, 0xdd7c, 0xedfe, 0xedfe, 0xeddd, 0xfe7f, 0xfe9f,
0xedfe, 0xee1e, 0xfe9f, 0xf65f, 0xcd1a, 0xccf9, 0xbc97, 0xa3d4, 0xa3d4, 0xac15,
0xa3d4, 0x8b32, 0x8b31, 0x8b11, 0x82f0, 0x82f0, 0x82f0, 0x82f0, 0x82f1, 0x82f1,
0x82f1, 0x82d0, 0x82f1, 0x82f1, 0x82f0, 0x82f0, 0x82f0, 0x82f0, 0x82d0, 0x82d0,
0x82d0, 0x82f0, 0x82f0, 0x82f1, 0x8310, 0x49c9, 0x41a8, 0x49e9, 0x49ca, 0x41a9,
0x4189, 0x418a, 0x396a, 0x396a, 0x418b, 0x49cc, 0x522d, 0x7b11, 0x7af0, 0x7ad0,
0x7acf, 0x72af, 0x728e, 0x728e, 0x728e, 0x7aaf, 0x7acf, 0x7acf, 0x7acf, 0x7acf,
0x7af0, 0x82f0, 0x8310, 0x8311, 0x8331, 0x8b31, 0x8b31, 0x8b31, 0x8b31, 0x8311,
0x8331, 0x8331, 0x8331, 0x8311, 0x82f0, 0x72af, 0x6a6d, 0x624c, 0x622b, 0x624b,
0x624a, 0x622a, 0x624a, 0x622a, 0x6a6c, 0x6a8e, 0x7ad0, 0x7b11, 0x82f1, 0x82f1,
0x82f1, 0x82d1, 0x82f2, 0x8312, 0x8312, 0x8312, 0x8312, 0x8312, 0x8b12, 0x8312,
0x82f2, 0x82f2, 0x8b32, 0x8331, 0x49ab, 0x3929, 0x72b0, 0x7ad1, 0x8312, 0x8312,
0x8312, 0x82f2, 0x8313, 0x8b34, 0x8b53, 0x8332, 0x7b11, 0x7acf, 0x6a8d, 0x6a8d,
0x6a8c, 0x6a8b, 0x6a8b, 0x6a8b, 0x6a6b, 0x6a6c, 0x6a6c, 0x6a6c, 0x6a8c, 0x728c,
0x6a8c, 0x6a6c, 0x6a6c, 0x6a6c, 0x6a6c, 0x6a6c, 0x6a6c, 0x6a6c, 0x6a6c, 0x6a6c,
0x6a4c, 0x622b, 0x622b, 0x622b, 0x6a4b, 0x6a4b, 0x6a4b, 0x6a4c, 0x6a6c, 0x6a8d,
0x6aad, 0x6aae, 0x6aae, 0x6a8d, 0x7aef, 0x7af0, 0xa415, 0xe5dc, 0xe59c, 0xedbd,
0xe5bd, 0xee1e, 0xee1d, 0xabb5, 0xabb4, 0xbbf4, 0xc3f4, 0xc3f4, 0xc3f4, 0xcbf3,
0xcbf3, 0xcbf3, 0xc414, 0xcc14, 0xcc14, 0xcc14, 0xcc14, 0xcc14, 0xcc14, 0xcc14,
0xcc14, 0xcc14, 0xcc14, 0xcc14, 0xcc14, 0xcc14, 0xcc14, 0xcc14, 0xc434, 0xcc34,
0xcc55, 0xcc75, 0xcc96, 0xd4b6, 0xd4b6, 0xd4d7, 0xdcd7, 0xd518, 0xdd38, 0xdd37,
0xdd38, 0xe579, 0xe5bb, 0xe5fe, 0xddff, 0xdd9e, 0xee3f, 0xf61e, 0xdd3d, 0xf61f,

0xb4bc, 0xa41a, 0xa43a, 0xb49c, 0xbcfd, 0xcd5f, 0xcd7f, 0xb47b, 0x8b96, 0x8bb6,
0xacbb, 0xd5bf, 0xd57f, 0xac7b, 0xa43a, 0xac9c, 0xbcdd, 0xc53e, 0xcd5f, 0xcd5f,
0xcd5f, 0xd57f, 0xd59f, 0xddbf, 0xcd3e, 0xac7a, 0x9c38, 0xa45a, 0xbcbd, 0xcd3e,
0xddbf, 0xddbf, 0xcd5f, 0xc4fe, 0xb49d, 0xb49d, 0xbcde, 0xc51f, 0xcd5f, 0xcd7f,
0xd57f, 0xcd5f, 0xcd3e, 0xcd3e, 0xc51e, 0xc4fe, 0xc4fd, 0xcd3e, 0xcd5f, 0xcd5f,
0xcd5f, 0xcd3e, 0xcd3f, 0xcd3f, 0xcd5f, 0xcd5f, 0xcd5f, 0xcd5f, 0xcd5f, 0xcd5f,
0xcd5f, 0xcd5f, 0xcd7f, 0xd57f, 0xcd7f, 0xc53f, 0xb4bc, 0xbcdb, 0xe61e, 0xfebf,
0xfe9f, 0xfeff, 0xfebf, 0xfe7e, 0xf67e, 0xfebf, 0xfe9f, 0xee5d, 0xf69e, 0xfebf,
0xfedf, 0xfedf, 0xfedf, 0xf69e, 0xfeff, 0xfeff, 0xfeff, 0xfe9f, 0xfe7f, 0xfe7f,
0xfe7f, 0xfe7f, 0xf61e, 0xf63e, 0xedfd, 0xfe7f, 0xfedf, 0xfe9f, 0xee1d, 0xfe5f,
0xfe9f, 0xfe7f, 0xf63f, 0xf63f, 0xedde, 0xf63f, 0xedfe, 0xf63f, 0xfe7f, 0xfe9f,
0xfe7f, 0xedfe, 0xf65f, 0xf65f, 0xf65f, 0xf65f, 0xf65f, 0xedfd, 0xedfd, 0xee1e,
0xe5bd, 0xd55b, 0xd55a, 0xc4d8, 0xccf9, 0xc4d8, 0xac16, 0x9b94, 0x8b32, 0x82f1,
0x8b11, 0x9373, 0x82f1, 0x82f1, 0x82d0, 0x82f0, 0x82f0, 0x82d0, 0x8311, 0x82f0,
0x7acf, 0x7af0, 0x82d0, 0x82f1, 0x72af, 0x4188, 0x41c8, 0x49e9, 0x41ca, 0x41aa,
0x41aa, 0x396a, 0x396a, 0x418b, 0x41ab, 0x49ac, 0x6a6e, 0x7b11, 0x7af0, 0x7ad0,
0x7acf, 0x7aaf, 0x72af, 0x728e, 0x728e, 0x728e, 0x7aaf, 0x7acf, 0x7af0, 0x82f0,
0x7af0, 0x82f0, 0x8310, 0x8311, 0x8331, 0x8b31, 0x8b31, 0x8b31, 0x8b31, 0x8b32,
0x8b32, 0x8312, 0x8312, 0x8312, 0x8b32, 0x8b32, 0x8311, 0x72af, 0x6a4d, 0x624c,
0x624b, 0x622a, 0x624a, 0x624a, 0x624b, 0x622b, 0x624c, 0x6a8e, 0x7acf, 0x7af0,
0x82f1, 0x82f1, 0x82f1, 0x82f2, 0x8312, 0x8312, 0x8312, 0x8312, 0x8312, 0x8b32,
0x8312, 0x82f2, 0x8b32, 0x7b10, 0x30e8, 0x51ec, 0x72d1, 0x8312, 0x8312, 0x8312,
0x8312, 0x8b13, 0x8b14, 0x8b14, 0x8b54, 0x9375, 0x8b53, 0x8311, 0x7aaf, 0x728e,
0x6a6c, 0x6a6b, 0x6a6b, 0x6a6b, 0x624b, 0x624b, 0x624b, 0x6a6b, 0x6a6c, 0x728c,
0x728c, 0x728c, 0x6a6c, 0x6a6c, 0x6a8c, 0x6a8c, 0x6a6c, 0x6a6c, 0x728c, 0x728c,
0x6a6c, 0x6a6c, 0x6a4b, 0x622b, 0x6a4b, 0x6a4c, 0x6a4c, 0x6a6c, 0x6a6c, 0x6a8d,
0x72ce, 0x72ce, 0x6a8e, 0x6aae, 0x7b10, 0x8b52, 0xdd7b, 0xddbc, 0xe5bd, 0xe5bd,
0xe5bd, 0xf65f, 0xb437, 0xab94, 0xbbf5, 0xc3f4, 0xc3f4, 0xc3f4, 0xc3f3, 0xcbf3,
0xcbf3, 0xcbf3, 0xcc14, 0xcc14, 0xcc14, 0xcc14, 0xcc14, 0xcc14, 0xc3f4, 0xc3f4,
0xc3f4, 0xc3f4, 0xc3f4, 0xcc14, 0xc3f4, 0xc3f4, 0xc414, 0xc414, 0xc434, 0xc454,
0xcc55, 0xcc75, 0xcc96, 0xd4b6, 0xd4b6, 0xd4d7, 0xdcf7, 0xd518, 0xdd38, 0xdd38,
0xe558, 0xe579, 0xe5ba, 0xdddd, 0xd5de, 0xd5be, 0xe63f, 0xf67f, 0xdd3c, 0xf5ff,

0xb49c, 0xa41a, 0xac5b, 0xb49c, 0xbcfd, 0xc55f, 0xcd5f, 0xac5b, 0x8376, 0x8396,
0xac9a, 0xd59f, 0xcd5f, 0xac7b, 0xa43a, 0xb49c, 0xbcfd, 0xc53e, 0xcd5f, 0xcd5f,
0xcd5f, 0xd57f, 0xd59f, 0xddbf, 0xc51d, 0xac59, 0xa439, 0xa45a, 0xbcbd, 0xcd5f,
0xddbf, 0xddbf, 0xcd3f, 0xbcde, 0xb49d, 0xb49d, 0xbcde, 0xc51f, 0xcd5f, 0xcd5f,
0xcd5f, 0xcd5f, 0xcd3e, 0xc51e, 0xc51e, 0xc4fe, 0xc4fe, 0xc53e, 0xcd3f, 0xcd3f,
0xcd3f, 0xcd3e, 0xcd3f, 0xcd3f, 0xcd5f, 0xcd5f, 0xcd5f, 0xcd5f, 0xcd5f, 0xcd5f,
0xcd5f, 0xcd7f, 0xd57f, 0xd57f, 0xcd7f, 0xd59f, 0xc53f, 0xb49c, 0xbcdc, 0xe5ff,
0xfe7f, 0xfe5e, 0xfebf, 0xfe9f, 0xf61d, 0xf61d, 0xfe9f, 0xfebf, 0xfedf, 0xfebf,
0xf67e, 0xfe9f, 0xfe9f, 0xfebf, 0xff1f, 0xfedf, 0xf69f, 0xfedf, 0xfe7f, 0xfe9f,
0xfe7f, 0xfe9f, 0xf63e, 0xf63e, 0xf65e, 0xfe7f, 0xfe9f, 0xfe9f, 0xf61e, 0xee1d,
0xf63e, 0xfe7f, 0xfe7f, 0xfe9f, 0xf63f, 0xf63f, 0xe5bd, 0xedff, 0xfe5f, 0xf63f,
0xfe5f, 0xf63f, 0xf61f, 0xf63f, 0xf63f, 0xf61e, 0xedfe, 0xedde, 0xedfe, 0xf61f,
0xedde, 0xeddd, 0xf65f, 0xe59c, 0xf63f, 0xf61e, 0xf63e, 0xe5bc, 0xc4d9, 0x9b94,
0xbcb8, 0xe5fd, 0xbcb8, 0x9373, 0x82f1, 0x7ad1, 0x82d1, 0x8b12, 0x82d1, 0x8b12,
0x7ad0, 0x7acf, 0x7aaf, 0x82f1, 0x622d, 0x4188, 0x41e8, 0x41c9, 0x41aa, 0x41aa,
0x418a, 0x396a, 0x396b, 0x41ab, 0x41ac, 0x51cc, 0x7ad0, 0x82f0, 0x7ad0, 0x7acf,
0x7acf, 0x7aaf, 0x72af, 0x728e, 0x728e, 0x728e, 0x72af, 0x7acf, 0x7aef, 0x7af0,
0x82f0, 0x82f0, 0x8310, 0x8311, 0x8331, 0x8b31, 0x8b31, 0x8b31, 0x8b31, 0x8b32,
0x8b32, 0x8b32, 0x8312, 0x8312, 0x8313, 0x8313, 0x8b53, 0x8332, 0x8311, 0x72af,
0x728e, 0x6a8d, 0x624b, 0x624b, 0x624b, 0x624b, 0x624b, 0x624b, 0x624c, 0x6a4c,
0x728e, 0x7acf, 0x8311, 0x8311, 0x82f1, 0x82f2, 0x8312, 0x8312, 0x8312, 0x8312,
0x8b12, 0x8b13, 0x8b53, 0x622d, 0x3929, 0x628f, 0x72d1, 0x8332, 0x8312, 0x8312,
0x8313, 0x8b13, 0x8b14, 0x8b14, 0x8314, 0x8b14, 0x82f3, 0x8313, 0x82f2, 0x7ab1,
0x728f, 0x6a6d, 0x624c, 0x622b, 0x624b, 0x624b, 0x624b, 0x6a4b, 0x6a4b, 0x6a6b,
0x728c, 0x728c, 0x72ac, 0x728c, 0x728c, 0x728c, 0x6a8c, 0x6a6c, 0x6a8c, 0x728c,
0x728d, 0x728d, 0x6a6c, 0x6a4b, 0x6a4b, 0x6a4b, 0x6a6c, 0x728c, 0x728d, 0x728d,
0x72ce, 0x72ce, 0x72cf, 0x7b11, 0x8311, 0xccf9, 0xe5bc, 0xe59c, 0xe5dd, 0xe59c,
0xf65f, 0xccda, 0xa395, 0xb3f5, 0xc3f4, 0xc413, 0xc3f3, 0xc3f3, 0xc3f3, 0xcbf3,
0xcbf3, 0xcbf3, 0xc414, 0xc414, 0xc414, 0xcc14, 0xcc14, 0xcc14, 0xc3f4, 0xc3f4,
0xc3f4, 0xc3f4, 0xc3f4, 0xcc14, 0xc414, 0xc414, 0xc414, 0xc434, 0xc434, 0xc455,
0xcc75, 0xcc75, 0xcc96, 0xd4b6, 0xd4b6, 0xd4d7, 0xdcf7, 0xd518, 0xdd38, 0xdd38,
0xe558, 0xe579, 0xe5ba, 0xdddd, 0xd5de, 0xd5de, 0xde3f, 0xf6bf, 0xdd9d, 0xf5ff,

0xb49c, 0xa41a, 0xac7b, 0xb4bc, 0xc51e, 0xcd7f, 0xcd5f, 0xac5a, 0x8375, 0x8375,
0xac9a, 0xd59f, 0xcd5f, 0xac5b, 0xa43a, 0xb4bc, 0xbcfd, 0xc53e, 0xc55e, 0xcd5f,
0xcd5f, 0xd57f, 0xd5bf, 0xd5bf, 0xbcfc, 0xa439, 0x9c18, 0xa45a, 0xbcfd, 0xd57f,
0xddbf, 0xdd9f, 0xcd3f, 0xbcbd, 0xb47c, 0xbcbd, 0xc4fe, 0xcd3f, 0xcd5f, 0xcd5f,
0xcd5f, 0xcd3f, 0xcd3e, 0xc51e, 0xc4fd, 0xc4fe, 0xc51e, 0xc51e, 0xcd3f, 0xcd3f,
0xcd3f, 0xcd3e, 0xcd3f, 0xcd3f, 0xcd5f, 0xcd5f, 0xcd5f, 0xcd5f, 0xcd5f, 0xcd5f,
0xcd5f, 0xcd5f, 0xcd5f, 0xcd5f, 0xcd9e, 0xcd9f, 0xcd7f, 0xc51f, 0xb49c, 0xbcdd,
0xe5de, 0xf65e, 0xfe7f, 0xfe7f, 0xee1d, 0xedfd, 0xeddc, 0xf65e, 0xfe9f, 0xfe9f,
0xf65e, 0xee5d, 0xfebf, 0xfeff, 0xfedf, 0xf69e, 0xee5e, 0xfedf, 0xf65e, 0xf65e,
0xf63e, 0xfe7f, 0xedfd, 0xf61e, 0xfe5f, 0xf65e, 0xf63e, 0xf65e, 0xf65e, 0xedfd,
0xee1e, 0xe5bd, 0xee1e, 0xfebf, 0xfe9f, 0xfe5f, 0xedfe, 0xdd7c, 0xedbe, 0xe5bd,
0xf61e, 0xfe5f, 0xfe7f, 0xfe5f, 0xedfe, 0xf63f, 0xf61f, 0xf61f, 0xedde, 0xe5bd,
0xf63f, 0xedfe, 0xedde, 0xedfe, 0xf61e, 0xedde, 0xf63f, 0xedfe, 0xd55b, 0xd55b,
0xe5dd, 0xf67f, 0xfebf, 0xddbc, 0xc4fa, 0xb458, 0xb478, 0xb458, 0x9b94, 0xcd1b,
0x9b94, 0x7b10, 0x7af0, 0x7ab0, 0x51aa, 0x4168, 0x41e9, 0x41c9, 0x41aa, 0x418a,
0x398a, 0x396a, 0x416b, 0x41ac, 0x41cc, 0x5a2e, 0x82f1, 0x7ad0, 0x7ad0, 0x72cf,
0x7acf, 0x7aaf, 0x72af, 0x728e, 0x728e, 0x728e, 0x72ae, 0x7aaf, 0x7acf, 0x7aef,
0x82f0, 0x82f0, 0x8310, 0x8311, 0x8331, 0x8b31, 0x8b31, 0x8b31, 0x8b31, 0x8b31,
0x8b32, 0x8b52, 0x8b32, 0x8b13, 0x8313, 0x82f3, 0x8313, 0x8333, 0x8333, 0x8332,
0x7ad1, 0x7ad0, 0x7acf, 0x6a8d, 0x624c, 0x624b, 0x624b, 0x626b, 0x6a6b, 0x6a4b,
0x622b, 0x622c, 0x6a6d, 0x7aaf, 0x82f0, 0x82f2, 0x8312, 0x8312, 0x8b12, 0x8312,
0x8312, 0x8b33, 0x8312, 0x6a6e, 0x626e, 0x6aaf, 0x7b32, 0x8333, 0x8b13, 0x8b13,
0x8b13, 0x8313, 0x8b13, 0x8b34, 0x8b34, 0x8b13, 0x8b13, 0x8b14, 0x8b14, 0x8af4,
0x82f2, 0x7af1, 0x72af, 0x6a8d, 0x6a6c, 0x626b, 0x624a, 0x6a6b, 0x6a4b, 0x6a4b,
0x6a6b, 0x728c, 0x72ac, 0x72ac, 0x728c, 0x728c, 0x728c, 0x728c, 0x6a6c, 0x6a6c,
0x728d, 0x72ad, 0x728c, 0x728c, 0x6a6c, 0x6a6c, 0x728c, 0x728d, 0x72ad, 0x72ad,
0x72ce, 0x72ce, 0x7b10, 0x7b10, 0xac36, 0xe5bc, 0xe57c, 0xe5dd, 0xdd9c, 0xf61e,
0xdd9d, 0xa396, 0xb3f7, 0xbbf5, 0xc3f4, 0xc413, 0xc413, 0xc3f3, 0xc3f3, 0xcbf3,
0xcbf3, 0xcbf3, 0xc3f3, 0xc3f3, 0xc3f3, 0xcc14, 0xcc14, 0xcc14, 0xc3f4, 0xc3f4,
0xc3f4, 0xc3f4, 0xc3f4, 0xcc14, 0xc414, 0xc414, 0xc434, 0xc434, 0xc455, 0xc475,
0xcc75, 0xcc75, 0xcc96, 0xd4b6, 0xd4d6, 0xdcf7, 0xdd17, 0xdd18, 0xdd38, 0xdd38,
0xe558, 0xe579, 0xe5ba, 0xdddc, 0xd5de, 0xd5fe, 0xd61e, 0xfedf, 0xe5fe, 0xf61f,

0xac5b, 0xa41a, 0xb47c, 0xbcdd, 0xc51e, 0xcd7f, 0xcd5e, 0x9c39, 0x8355, 0x8355,
0xac9a, 0xddbf, 0xcd7f, 0xac5b, 0xa43a, 0xb4bc, 0xc51e, 0xc55f, 0xcd5f, 0xcd3e,
0xcd5f, 0xd57f, 0xd5bf, 0xd59f, 0xb4bb, 0x9c18, 0x9c18, 0xac7a, 0xbcfc, 0xd59f,
0xddbf, 0xd57f, 0xc51e, 0xb49c, 0xb47c, 0xb4bc, 0xc4fe, 0xcd3f, 0xcd5f, 0xcd5f,
0xcd3f, 0xcd3e, 0xc51e, 0xc4fe, 0xbcfd, 0xbcfd, 0xc51e, 0xc53e, 0xcd3f, 0xcd3f,
0xcd3f, 0xcd3e, 0xcd3f, 0xcd3f, 0xcd5f, 0xcd5f, 0xcd5f, 0xcd5f, 0xcd5f, 0xcd5f,
0xcd5f, 0xcd3e, 0xc51e, 0xcd3f, 0xcd7f, 0xcd9f, 0xcd7f, 0xcd7f, 0xbcfe, 0xb49c,
0xc51c, 0xe5fe, 0xf65f, 0xf61e, 0xf61e, 0xedfe, 0xe5dd, 0xfe9f, 0xf65f, 0xfe7f,
0xf65f, 0xf63e, 0xfe9f, 0xf65f, 0xf65f, 0xedfd, 0xe5dd, 0xfe5f, 0xfe7f, 0xee1e,
0xe5bd, 0xf63f, 0xee1e, 0xedfd, 0xee1e, 0xfe9f, 0xfe5e, 0xee1d, 0xf65f, 0xf61e,
0xee1e, 0xe5bd, 0xe5dd, 0xf63e, 0xfe7f, 0xfe5f, 0xee1e, 0xe59c, 0xe5dd, 0xeddd,
0xf61e, 0xfe9f, 0xfe7f, 0xfe9f, 0xfe5f, 0xf63f, 0xf63f, 0xfe5f, 0xedfe, 0xe5bd,
0xfe9f, 0xeddd, 0xe5bc, 0xf65f, 0xf63f, 0xedde, 0xedfe, 0xe5bd, 0xdd7c, 0xe5bd,
0xee1f, 0xf63f, 0xfe9f, 0xfe7f, 0xe5be, 0xe5be, 0xeddf, 0xedde, 0xd53b, 0xf65f,
0xedfe, 0xbc98, 0xc4b9, 0xbcb8, 0x9393, 0x5a0c, 0x416a, 0x41a9, 0x41ca, 0x398a,
0x398a, 0x398a, 0x418b, 0x41cb, 0x49cb, 0x6a8e, 0x7af0, 0x7acf, 0x7acf, 0x7aaf,
0x7aaf, 0x7aaf, 0x7aaf, 0x72af, 0x728f, 0x728f, 0x7aae, 0x7aae, 0x7aae, 0x7acf,
0x7af0, 0x82f0, 0x8311, 0x82f1, 0x8311, 0x8b32, 0x8b31, 0x8b32, 0x8b32, 0x8b31,
0x8b32, 0x8b32, 0x8b32, 0x8b33, 0x8312, 0x82f2, 0x82f2, 0x8313, 0x8313, 0x8b33,
0x8313, 0x82f2, 0x8312, 0x8311, 0x7ad0, 0x728f, 0x6a6e, 0x6a2d, 0x6a4c, 0x6a4b,
0x6a4b, 0x6a6c, 0x6a4b, 0x622b, 0x6a4c, 0x728e, 0x82d0, 0x8b12, 0x8b12, 0x8b33,
0x8332, 0x8332, 0x7ad0, 0x6a6f, 0x6a6f, 0x7ad1, 0x8b52, 0x8b33, 0x8b13, 0x8b34,
0x8b34, 0x8b13, 0x8313, 0x8b33, 0x8b14, 0x8b14, 0x8b14, 0x8b14, 0x8b14, 0x8b14,
0x8b14, 0x8b14, 0x8313, 0x8312, 0x7ad0, 0x728e, 0x6a6c, 0x6a6b, 0x6a6b, 0x6a6b,
0x6a4b, 0x6a6b, 0x728c, 0x728d, 0x728c, 0x728c, 0x728c, 0x728c, 0x726b, 0x6a6b,
0x726c, 0x728d, 0x728d, 0x72ad, 0x7aad, 0x728c, 0x726c, 0x72ad, 0x72cd, 0x6acd,
0x72ce, 0x7aef, 0x82f0, 0xa3b3, 0xe59c, 0xe59d, 0xe59d, 0xe59c, 0xeddd, 0xee1e,
0xb3f7, 0xb3d7, 0xbbd6, 0xc3f5, 0xc3f4, 0xc3f3, 0xc3f3, 0xc3f3, 0xc3f3, 0xc3f3,
0xc3f3, 0xc3f3, 0xc3f4, 0xc3f4, 0xc3f4, 0xc414, 0xc414, 0xc414, 0xc3f4, 0xc3f4,
0xc3f4, 0xc3f4, 0xc3f4, 0xc414, 0xc414, 0xc434, 0xc454, 0xc454, 0xc455, 0xc475,
0xcc95, 0xcc95, 0xcc96, 0xccb6, 0xd4d6, 0xd4f7, 0xdcf7, 0xdd37, 0xdd37, 0xdd38,
0xdd38, 0xe559, 0xe59a, 0xe5bb, 0xd5dd, 0xd5fe, 0xd61e, 0xf6ff, 0xeebe, 0xee9e,

0xac3b, 0xac3b, 0xb47b, 0xbcdd, 0xc53e, 0xcd5f, 0xc53e, 0x9418, 0x8355, 0x8375,
0xac7a, 0xd5bf, 0xcd7f, 0xac7b, 0xa45b, 0xb4dd, 0xc51e, 0xcd5f, 0xcd5f, 0xcd3e,
0xcd5f, 0xd59f, 0xddbf, 0xd57e, 0xb49a, 0x9bf8, 0x9c18, 0xac7a, 0xc51c, 0xd59f,
0xddbf, 0xd57f, 0xc4fd, 0xb47c, 0xb47b, 0xb4bc, 0xc51e, 0xcd5f, 0xcd5f, 0xcd5f,
0xcd3e, 0xc53e, 0xc51e, 0xc4fe, 0xbcfd, 0xbcfd, 0xc51e, 0xc53e, 0xcd3e, 0xcd3e,
0xcd3e, 0xcd3e, 0xcd3f, 0xcd3f, 0xcd5f, 0xcd5f, 0xcd5f, 0xcd5f, 0xcd5f, 0xcd5f,
0xcd5f, 0xcd5f, 0xcd3e, 0xc53e, 0xcd5f, 0xcd5f, 0xcd7f, 0xcd9f, 0xcd5f, 0xb4dd,
0xb4bb, 0xbd1c, 0xe5fe, 0xf63e, 0xf63e, 0xf63e, 0xedfe, 0xf61e, 0xf63e, 0xf65f,
0xfe5f, 0xf61e, 0xee1e, 0xedde, 0xfe5f, 0xedfe, 0xe5bd, 0xf63f, 0xedfe, 0xee1e,
0xe5bd, 0xe5bd, 0xf63f, 0xf63e, 0xedfd, 0xfe9f, 0xfe9f, 0xf63e, 0xedfd, 0xedfd,
0xedfe, 0xee1e, 0xeddd, 0xe5bd, 0xfe7f, 0xfe5f, 0xee1e, 0xe5bd, 0xedfd, 0xf61e,
0xee1e, 0xfe7f, 0xedde, 0xf63f, 0xfe7f, 0xedde, 0xf63f, 0xedfe, 0xfe7f, 0xee1e,
0xfe7f, 0xee1d, 0xf63d, 0xfe5f, 0xedfe, 0xfe7f, 0xee1e, 0xedfe, 0xfe5f, 0xf63f,
0xedde, 0xedfe, 0xf63f, 0xedde, 0xd53c, 0xdd7d, 0xf61f, 0xf61f, 0xe59d, 0xf61e,
0xfe7f, 0xee1f, 0xe5de, 0xee3f, 0xf67f, 0xd5bc, 0xb4b7, 0x5a6e, 0x396a, 0x3949,
0x396a, 0x314a, 0x396b, 0x396a, 0x49cc, 0x72d0, 0x72d0, 0x7acf, 0x82cf, 0x7aaf,
0x7aaf, 0x7aaf, 0x7aaf, 0x7aaf, 0x728f, 0x72af, 0x7aae, 0x7aae, 0x7aae, 0x7acf,
0x7ad0, 0x82f0, 0x82f1, 0x82f1, 0x8311, 0x8311, 0x8311, 0x8311, 0x8b32, 0x8b32,
0x8b32, 0x8b32, 0x8b32, 0x8b33, 0x8312, 0x8312, 0x82f2, 0x82f2, 0x82f2, 0x8312,
0x8b33, 0x8b13, 0x82f2, 0x82f2, 0x8b12, 0x8312, 0x8311, 0x7ad0, 0x728e, 0x6a6d,
0x6a4c, 0x6a4c, 0x6a4b, 0x6a4b, 0x622a, 0x622a, 0x6a2c, 0x728f, 0x7af1, 0x8311,
0x51ec, 0x51cb, 0x93f3, 0x5a0d, 0x7270, 0x82f2, 0x8b53, 0x8b33, 0x8b33, 0x8b34,
0x8b54, 0x8b54, 0x8b13, 0x8b13, 0x8b14, 0x8b14, 0x8b14, 0x8b14, 0x8b14, 0x8b14,
0x8b35, 0x8b35, 0x8b34, 0x8b34, 0x8b33, 0x8312, 0x7ab0, 0x72ae, 0x728d, 0x6a6c,
0x6a6c, 0x6a6b, 0x6a6b, 0x728c, 0x7aad, 0x7aac, 0x72ac, 0x728c, 0x728c, 0x728c,
0x728c, 0x728d, 0x72ad, 0x7aad, 0x7acd, 0x7aad, 0x72ac, 0x72ac, 0x72cd, 0x72ce,
0x72ef, 0x7ad0, 0x8b31, 0xd51a, 0xe59d, 0xe57d, 0xe59d, 0xe59c, 0xf63e, 0xbc7a,
0xb3d7, 0xbbd7, 0xc3d5, 0xc3d4, 0xc3f4, 0xc3f3, 0xc3f3, 0xc3f3, 0xc3f3, 0xc3f3,
0xc3f3, 0xc3f3, 0xc3f4, 0xc3f4, 0xc3f4, 0xc3f4, 0xc3f4, 0xc3f4, 0xc3f4, 0xc3f4,
0xc3f4, 0xc3f4, 0xc3f4, 0xc414, 0xc414, 0xc434, 0xc454, 0xc455, 0xc455, 0xc475,
0xcc95, 0xcc95, 0xccb6, 0xccb6, 0xd4d7, 0xd4f7, 0xdd17, 0xdd37, 0xdd37, 0xdd38,
0xdd38, 0xe559, 0xe579, 0xe59b, 0xdddd, 0xd5de, 0xd5fe, 0xe6df, 0xf73f, 0xe6dd,

0xac3a, 0xa43a, 0xb49c, 0xc4fd, 0xcd3f, 0xd57f, 0xbd1d, 0x93d7, 0x8355, 0x8b75,
0xac7a, 0xd57f, 0xcd5f, 0xac7b, 0xac5b, 0xb4dd, 0xc51e, 0xcd5f, 0xcd5f, 0xcd3e,
0xcd5f, 0xd57f, 0xddbf, 0xcd7e, 0xac7a, 0x9bf7, 0x9bf7, 0xac9a, 0xc55d, 0xd5bf,
0xddbf, 0xcd5e, 0xbcdd, 0xb47c, 0xb47c, 0xbcbc, 0xc51e, 0xcd5f, 0xcd5f, 0xcd3f,
0xc51e, 0xc51e, 0xc51e, 0xc4fe, 0xbcfd, 0xbcfd, 0xc51e, 0xc53e, 0xc53e, 0xc53e,
0xc53e, 0xcd3e, 0xcd3f, 0xcd3f, 0xcd5f, 0xcd5f, 0xcd5f, 0xcd5f, 0xcd5f, 0xcd5f,
0xcd5f, 0xcd5f, 0xcd5f, 0xcd3e, 0xc53e, 0xc53e, 0xc55f, 0xcd5f, 0xcd7f, 0xcd5f,
0xb4dd, 0xb49c, 0xd55d, 0xf65f, 0xf63e, 0xee1e, 0xf63e, 0xf61f, 0xf61e, 0xf61f,
0xf65f, 0xf63f, 0xe5bd, 0xeddd, 0xf63f, 0xf63f, 0xedfe, 0xedde, 0xedfe, 0xedfe,
0xf63f, 0xeddd, 0xedfe, 0xf63e, 0xee1d, 0xf65e, 0xfebf, 0xfe7f, 0xf63e, 0xf63f,
0xf61e, 0xedfe, 0xf61e, 0xedfe, 0xfe5f, 0xfe5f, 0xedfe, 0xe5bd, 0xf61e, 0xf63f,
0xf63e, 0xf63f, 0xedfe, 0xedff, 0xedff, 0xdd7b, 0xf61d, 0xf63d, 0xee1d, 0xf63d,
0xfe7e, 0xf65d, 0xfe9f, 0xf63e, 0xf61f, 0xfe7f, 0xedfe, 0xfe7f, 0xf65f, 0xfe5f,
0xedff, 0xdd7d, 0xdd5c, 0xd53c, 0xd51b, 0xe59d, 0xfe5f, 0xfe5f, 0xedde, 0xeddd,
0xfe5f, 0xf63f, 0xdd7d, 0xf67f, 0xf63e, 0xee1e, 0xfeff, 0xe63e, 0xb518, 0x6ab0,
0x392b, 0x51cd, 0x49ad, 0x5a0e, 0x6a70, 0x7b12, 0x7ad1, 0x726f, 0x7270, 0x726f,
0x728e, 0x7aaf, 0x7aaf, 0x7aaf, 0x728e, 0x72ae, 0x7aaf, 0x7aaf, 0x7aaf, 0x7aaf,
0x7ad0, 0x7af0, 0x82f0, 0x82f1, 0x82f1, 0x82f1, 0x8311, 0x8311, 0x8b32, 0x8b32,
0x8b32, 0x8b32, 0x8b32, 0x8b32, 0x8b33, 0x8b33, 0x8313, 0x8312, 0x82f2, 0x8312,
0x8b33, 0x8b53, 0x8b33, 0x8312, 0x8312, 0x8312, 0x8311, 0x8b31, 0x8311, 0x82f1,
0x7ad0, 0x728e, 0x6a6c, 0x6a4b, 0x6a6b, 0x624a, 0x5a0a, 0x5a0b, 0x5a2c, 0x6a8d,
0x30e7, 0x72ce, 0x8b71, 0x51ac, 0x7ad2, 0x8313, 0x8b13, 0x8b34, 0x8b34, 0x8b54,
0x8b54, 0x9354, 0x8b54, 0x8b34, 0x8b34, 0x8b34, 0x8b34, 0x8b14, 0x8b14, 0x8b14,
0x8b34, 0x8b34, 0x8b35, 0x8b35, 0x8b35, 0x8b35, 0x8b35, 0x8b33, 0x82f1, 0x72af,
0x728d, 0x6a6c, 0x6a6c, 0x728b, 0x72ab, 0x7aac, 0x7aac, 0x7aac, 0x72ac, 0x72ac,
0x728d, 0x72ad, 0x72ad, 0x7aad, 0x7ace, 0x82ee, 0x82ee, 0x7aee, 0x72ce, 0x72cf,
0x7af0, 0x82f0, 0xc4b8, 0xe59b, 0xe57c, 0xe59d, 0xe57d, 0xf63f, 0xd53c, 0xabd8,
0xbc19, 0xc3d6, 0xc3d4, 0xc3f3, 0xc413, 0xc3f3, 0xc3f3, 0xc3f3, 0xc3f3, 0xc3f3,
0xc3f3, 0xc3f3, 0xc3f4, 0xc3f4, 0xc3f4, 0xc3f3, 0xc3f3, 0xc3f3, 0xc3f4, 0xc3f4,
0xc3f4, 0xc3f4, 0xc3f4, 0xc414, 0xc414, 0xc434, 0xc454, 0xc455, 0xc455, 0xcc95,
0xcc96, 0xcc96, 0xccb6, 0xd4d6, 0xd4f7, 0xd4f7, 0xdd17, 0xdd37, 0xdd37, 0xdd38,
0xdd58, 0xe559, 0xe559, 0xe57b, 0xddbd, 0xddde, 0xd5fe, 0xde9f, 0xff9f, 0xe6fd,

0xa41a, 0xa41a, 0xb49c, 0xc51e, 0xcd5f, 0xd57f, 0xbcfc, 0x8bb7, 0x8334, 0x8b75,
0xac7a, 0xcd7f, 0xcd5f, 0xac5b, 0xac7b, 0xbcfd, 0xc51e, 0xcd5f, 0xcd5f, 0xc53e,
0xcd5f, 0xd59f, 0xddbf, 0xcd5e, 0xac39, 0x9bd7, 0x9bf7, 0xb49a, 0xcd7e, 0xdddf,
0xddbf, 0xcd3e, 0xbcbc, 0xac7b, 0xb47c, 0xbcbd, 0xc53e, 0xd57f, 0xcd5f, 0xc53e,
0xc51e, 0xc53e, 0xc51e, 0xc4fe, 0xbcfd, 0xc4fd, 0xc51e, 0xc51e, 0xc51e, 0xc53e,
0xcd3e, 0xcd3e, 0xcd3f, 0xcd5f, 0xcd3f, 0xcd3f, 0xcd3f, 0xcd3f, 0xcd3f, 0xcd5f,
0xcd5f, 0xcd5f, 0xcd5f, 0xcd5f, 0xc53e, 0xc53e, 0xc53e, 0xc53e, 0xcd5f, 0xd59f,
0xcd3f, 0xb49d, 0xbcbc, 0xddbf, 0xf65f, 0xee1e, 0xee1e, 0xedfe, 0xf61f, 0xf61f,
0xf63f, 0xf63f, 0xf63f, 0xf61f, 0xee1e, 0xf63f, 0xee1e, 0xe5dd, 0xedfe, 0xf61f,
0xf63e, 0xee1e, 0xe5dd, 0xedfd, 0xee1d, 0xee1d, 0xfe7f, 0xfe5f, 0xfe7f, 0xfe9f,
0xedfe, 0xedfe, 0xf63f, 0xf63f, 0xf63f, 0xf61f, 0xedde, 0xedde, 0xedde, 0xf65f,
0xfe7f, 0xfe5f, 0xf63f, 0xedff, 0xedfe, 0xdd5a, 0xe5bb, 0xfe7e, 0xe5db, 0xe5db,
0xfe9d, 0xfe7d, 0xfe9f, 0xfe7f, 0xf63f, 0xf63f, 0xedfe, 0xfebf, 0xedde, 0xf63f,
0xf61f, 0xd51c, 0xccda, 0xdd5c, 0xdd5c, 0xe59d, 0xf63f, 0xfe7f, 0xf61f, 0xedfe,
0xfe9f, 0xee1e, 0xe5bd, 0xf63e, 0xee1e, 0xf63f, 0xf63f, 0xee7f, 0xfeff, 0xee5e,
0xbcda, 0xbcfb, 0xac99, 0xbcda, 0xc51b, 0xb479, 0xbcba, 0xac37, 0xb458, 0xac16,
0x8b31, 0x72af, 0x728e, 0x728f, 0x72af, 0x7aaf, 0x7aaf, 0x7aaf, 0x72af, 0x7aaf,
0x7ad0, 0x7ad0, 0x8311, 0x8311, 0x82f1, 0x82f1, 0x82f1, 0x82f1, 0x82f1, 0x8311,
0x8311, 0x8311, 0x8311, 0x82f2, 0x82f2, 0x82f2, 0x8312, 0x8312, 0x8312, 0x8b13,
0x8b33, 0x8b33, 0x8b33, 0x8313, 0x7ad1, 0x82f2, 0x8312, 0x8312, 0x8312, 0x8b13,
0x8b32, 0x8b31, 0x8310, 0x7ace, 0x728d, 0x6a6c, 0x624c, 0x5a2b, 0x520a, 0x3948,
0x2085, 0x49a9, 0x4989, 0x6a6f, 0x7ad2, 0x82f4, 0x82f4, 0x8b14, 0x8b33, 0x8b34,
0x8b34, 0x8b34, 0x8b54, 0x8b54, 0x8b54, 0x8b34, 0x8b34, 0x8b34, 0x8b34, 0x8b34,
0x8b14, 0x8b14, 0x8b35, 0x8b35, 0x8b36, 0x8b36, 0x9356, 0x9355, 0x8b54, 0x8b33,
0x82f1, 0x7aaf, 0x728d, 0x728c, 0x726b, 0x72ac, 0x7acd, 0x7aad, 0x7aad, 0x7aad,
0x7aad, 0x7aad, 0x7aad, 0x7acd, 0x7ace, 0x82ee, 0x832f, 0x8330, 0x7b10, 0x7af0,
0x7ab0, 0xabf5, 0xe59c, 0xdd7c, 0xe59c, 0xe57d, 0xeddf, 0xe59e, 0xbc19, 0xc47b,
0xbbf8, 0xc3d5, 0xc3f4, 0xc3f3, 0xc413, 0xc3f3, 0xc3f3, 0xc3f3, 0xc3f3, 0xc3f3,
0xc3f3, 0xc3f3, 0xc3f3, 0xc3f3, 0xc3f3, 0xc3f3, 0xc3f3, 0xc3f3, 0xc3f3, 0xc3f4,
0xc3f4, 0xc3f4, 0xc3f4, 0xc414, 0xc434, 0xcc34, 0xcc55, 0xcc55, 0xcc75, 0xcc95,
0xcc95, 0xccb6, 0xccb6, 0xd4d6, 0xd4f7, 0xdd17, 0xdd17, 0xdd37, 0xdd37, 0xdd38,
0xdd38, 0xdd59, 0xe559, 0xe57a, 0xe5bd, 0xddde, 0xd5de, 0xde3e, 0xff7f, 0xeefe,

0xa41a, 0xa41a, 0xb49c, 0xc51e, 0xcd5f, 0xd57f, 0xb4bc, 0x8bb6, 0x7b34, 0x8355,
0xac59, 0xcd5f, 0xc53e, 0xac5b, 0xac7b, 0xc51e, 0xc53e, 0xc53e, 0xc53e, 0xc53e,
0xcd5f, 0xd59f, 0xddbf, 0xc51d, 0xa418, 0x93d7, 0x93f7, 0xac9a, 0xcd7e, 0xdddf,
0xddbf, 0xc51d, 0xb49c, 0xac5b, 0xb47c, 0xbcdd, 0xcd3f, 0xd57f, 0xcd5f, 0xc53e,
0xc51e, 0xc51e, 0xc4fe, 0xbcdd, 0xbcfd, 0xc4fe, 0xc51e, 0xc51e, 0xc51e, 0xc53e,
0xcd3f, 0xcd3e, 0xcd3f, 0xcd5f, 0xcd3f, 0xc53e, 0xc51e, 0xc51e, 0xc53e, 0xc51e,
0xc4fe, 0xcd3e, 0xcd5f, 0xcd5f, 0xcd7f, 0xc53e, 0xc53e, 0xcd5f, 0xcd7f, 0xcd7f,
0xcd7f, 0xc51e, 0xb49c, 0xbcfd, 0xee3f, 0xf65f, 0xedfe, 0xf61f, 0xedfe, 0xf61f,
0xfe5f, 0xedff, 0xee1f, 0xf63f, 0xf61f, 0xf61e, 0xf63f, 0xedfe, 0xedde, 0xeddd,
0xe5dd, 0xf63e, 0xf63e, 0xe5dc, 0xe5dc, 0xee1d, 0xf65e, 0xfe5f, 0xfe7f, 0xfe7f,
0xf63f, 0xee1e, 0xedff, 0xf61f, 0xfe5f, 0xedff, 0xedde, 0xedfe, 0xee1e, 0xee1e,
0xf61e, 0xfe9f, 0xfe5f, 0xe5be, 0xe59d, 0xe59c, 0xdd5a, 0xf61d, 0xee1c, 0xdd9a,
0xf65d, 0xf63d, 0xfe5e, 0xfe9f, 0xf61f, 0xedfe, 0xe5dd, 0xfebf, 0xedde, 0xeddf,
0xf61f, 0xdd5d, 0xdd7d, 0xdd7d, 0xd53b, 0xdd7b, 0xf61e, 0xfe5f, 0xedfe, 0xee1e,
0xf65f, 0xf65e, 0xddbc, 0xee1e, 0xf63f, 0xf5ff, 0xedfe, 0xee1e, 0xee3f, 0xfedf,
0xfebf, 0xe5ff, 0xdd9e, 0xdd9e, 0xdd9e, 0xddbe, 0xdd9d, 0xe5ff, 0xf67f, 0xee3f,
0xe5fd, 0xcd5a, 0xa3f5, 0x8b32, 0x7ab0, 0x7ab0, 0x7ab0, 0x7ab0, 0x7ab0, 0x7ab0,
0x7ad0, 0x7acf, 0x7af0, 0x8311, 0x8311, 0x8311, 0x8311, 0x82f1, 0x82f1, 0x82f1,
0x82f1, 0x82f1, 0x82f1, 0x82f1, 0x82f2, 0x82f2, 0x82f2, 0x82f2, 0x82f2, 0x82f2,
0x8312, 0x8312, 0x82f3, 0x82f3, 0x82f2, 0x7ad1, 0x8312, 0x8312, 0x8312, 0x8313,
0x8312, 0x8312, 0x8b32, 0x8b32, 0x8311, 0x8311, 0x7acf, 0x6a8e, 0x626d, 0x49ab,
0x28a7, 0x2045, 0x49ab, 0x72b0, 0x7af3, 0x82d3, 0x82f3, 0x82f3, 0x82f3, 0x82f3,
0x8313, 0x8b13, 0x8b13, 0x8b34, 0x8b14, 0x8b14, 0x8b14, 0x8b14, 0x8b14, 0x8b14,
0x8b14, 0x8b14, 0x8b35, 0x8b35, 0x9336, 0x8b36, 0x8b36, 0x8b36, 0x9356, 0x9355,
0x9354, 0x8b33, 0x8312, 0x7aaf, 0x728d, 0x726d, 0x728d, 0x7acd, 0x7acd, 0x7aad,
0x7aad, 0x7aad, 0x7acd, 0x7acd, 0x7ace, 0x82ee, 0x8310, 0x8330, 0x8351, 0x8311,
0x9b74, 0xdd5c, 0xe57c, 0xe59c, 0xe57c, 0xe59d, 0xf5ff, 0xc45b, 0xc45b, 0xcc59,
0xbbd5, 0xc3d4, 0xc3d3, 0xc3f3, 0xc414, 0xc3f3, 0xc3f3, 0xc3f3, 0xc3f3, 0xc3f3,
0xc3f3, 0xc3f3, 0xc3f3, 0xc3f3, 0xc3f3, 0xc3f3, 0xc3f3, 0xc3f3, 0xc3f3, 0xc3f3,
0xc3f4, 0xc3f4, 0xc414, 0xc414, 0xcc34, 0xcc55, 0xcc55, 0xcc75, 0xcc75, 0xcc95,
0xcc96, 0xccb6, 0xccb6, 0xd4d7, 0xd4f7, 0xdd17, 0xdd17, 0xdd37, 0xdd37, 0xdd38,
0xdd38, 0xdd58, 0xe559, 0xdd79, 0xddbb, 0xddbd, 0xddde, 0xddde, 0xfedf, 0xf69e,

0xa3f9, 0xac3a, 0xbcbd, 0xc51e, 0xcd5f, 0xcd5f, 0xac7b, 0x8b96, 0x7b34, 0x8354,
0xa439, 0xcd3e, 0xc53e, 0xac9c, 0xac9c, 0xbcfd, 0xc51e, 0xbd1e, 0xc51e, 0xc53e,
0xcd5f, 0xd59f, 0xd59f, 0xbcdc, 0x9bf8, 0x93b7, 0x9c18, 0xb4bb, 0xcd7e, 0xdddf,
0xd57f, 0xbcdc, 0xb47b, 0xac5b, 0xb49c, 0xbcfd, 0xcd3f, 0xd57f, 0xcd5f, 0xc51e,
0xc51e, 0xc51e, 0xc4fd, 0xbcdd, 0xbcdd, 0xc4fe, 0xc51e, 0xc51e, 0xc51e, 0xc51e,
0xc53e, 0xcd3e, 0xcd3f, 0xcd3f, 0xcd5f, 0xc53e, 0xc51e, 0xc4fe, 0xc4fe, 0xbcdd,
0xb4bc, 0xbcbd, 0xbcdd, 0xbcfd, 0xc53e, 0xc53e, 0xc55f, 0xcd7f, 0xd59f, 0xcd7f,
0xd59f, 0xcd7f, 0xbcfe, 0xac9c, 0xc4fd, 0xe5bf, 0xeddf, 0xedff, 0xf63f, 0xedff,
0xf61f, 0xf63f, 0xf61f, 0xf61f, 0xedfe, 0xedde, 0xeddd, 0xf61e, 0xfe5f, 0xe5dd,
0xe5bc, 0xe5dc, 0xe5bc, 0xe5dc, 0xedfc, 0xee1d, 0xf63e, 0xfe5f, 0xf65f, 0xeddd,
0xedfe, 0xf63f, 0xedfe, 0xedde, 0xf61f, 0xedfe, 0xe59d, 0xedde, 0xf63f, 0xedfd,
0xe5bd, 0xfe5f, 0xf63f, 0xedde, 0xe59d, 0xeddd, 0xf63e, 0xf63e, 0xfe7f, 0xe5bb,
0xf63d, 0xee1d, 0xf63d, 0xfebf, 0xedde, 0xdd7d, 0xe5bd, 0xfe9f, 0xf63f, 0xe5be,
0xdd5d, 0xeddf, 0xeddf, 0xe5be, 0xdd7c, 0xdd7b, 0xe5dc, 0xedfd, 0xe5bd, 0xee1e,
0xedfe, 0xfebf, 0xe5fd, 0xf61e, 0xedde, 0xf5ff, 0xf5df, 0xedfe, 0xfe9f, 0xf65f,
0xf65f, 0xf65f, 0xedff, 0xedff, 0xdd9e, 0xedff, 0xe5de, 0xd57d, 0xf67f, 0xf65f,
0xee3f, 0xe61f, 0xe61f, 0xcd5b, 0xbc99, 0xc4fa, 0x9bd5, 0x7ab0, 0x7ad0, 0x728f,
0x72af, 0x7acf, 0x7acf, 0x7ad0, 0x82f1, 0x8b12, 0x8311, 0x8311, 0x82f1, 0x8311,
0x8311, 0x8311, 0x8311, 0x82f2, 0x82f2, 0x82f2, 0x82f2, 0x8312, 0x8312, 0x82f2,
0x82f2, 0x8b13, 0x8b13, 0x8b13, 0x8b13, 0x8312, 0x82d1, 0x82f2, 0x8b12, 0x8312,
0x8312, 0x8b13, 0x8b14, 0x8b14, 0x8b14, 0x8b14, 0x8b33, 0x8312, 0x7ad0, 0x72b1,
0x6a70, 0x51cc, 0x51cc, 0x7af2, 0x8313, 0x82f3, 0x82d2, 0x82f2, 0x82f3, 0x82f3,
0x82f3, 0x82f3, 0x8313, 0x8313, 0x82f3, 0x82f3, 0x82f3, 0x82f3, 0x8313, 0x8313,
0x8b14, 0x8b14, 0x8b14, 0x8b34, 0x8b35, 0x8b35, 0x8b35, 0x8b36, 0x9357, 0x9356,
0x9356, 0x9356, 0x9356, 0x9354, 0x8b12, 0x7aaf, 0x726d, 0x7aad, 0x7aed, 0x7aed,
0x7ace, 0x7ace, 0x7ace, 0x7ace, 0x7aee, 0x830f, 0x8310, 0x8351, 0x8352, 0x8b52,
0xccfa, 0xe55d, 0xe55d, 0xe59d, 0xe57c, 0xf63f, 0xccbb, 0xbc3b, 0xcc9c, 0xc3f7,
0xbbd4, 0xc3d3, 0xc3f2, 0xc3f3, 0xc3f5, 0xc3f4, 0xc3d3, 0xc3d3, 0xc3d3, 0xc3f3,
0xc3f3, 0xc3f3, 0xc3f3, 0xc3f3, 0xc3f3, 0xc3f3, 0xc3f3, 0xc3f3, 0xc3f3, 0xc3f3,
0xc3f4, 0xc414, 0xcc14, 0xcc14, 0xcc34, 0xcc55, 0xcc75, 0xcc75, 0xcc95, 0xcc96,
0xccb6, 0xccb6, 0xccb6, 0xd4d7, 0xd4f7, 0xdd17, 0xdd17, 0xdd37, 0xdd37, 0xdd38,
0xdd38, 0xdd58, 0xe559, 0xdd58, 0xdd99, 0xe5bc, 0xe5be, 0xdd7e, 0xfe1f, 0xfdff,

0x9bd9, 0xac5b, 0xbcdd, 0xcd3f, 0xcd5f, 0xcd3f, 0xa45a, 0x8395, 0x7b34, 0x8334,
0xa439, 0xc53e, 0xc51e, 0xb49c, 0xb49c, 0xbcfd, 0xc4fe, 0xbcfd, 0xc51e, 0xc53e,
0xcd5e, 0xd5bf, 0xd59f, 0xb4bb, 0x9bd7, 0x93b7, 0x9c18, 0xbcfb, 0xd57e, 0xdddf,
0xd57f, 0xbcbc, 0xac5b, 0xac5b, 0xb49c, 0xc4fe, 0xcd5f, 0xcd7f, 0xcd3f, 0xc51e,
0xc51e, 0xc51e, 0xc4fd, 0xbcdd, 0xbcdd, 0xc4fd, 0xc51e, 0xc51e, 0xc51e, 0xc51e,
0xc51e, 0xcd3e, 0xcd3e, 0xcd5f, 0xcd3e, 0xc51e, 0xbcfd, 0xbcdd, 0xbcfd, 0xbcdd,
0xbcdd, 0xb4bc, 0xbcbd, 0xb49c, 0xb49c, 0xbcfd, 0xcd5f, 0xcd5f, 0xcd7f, 0xcd7f,
0xcd5f, 0xcd7f, 0xcd7f, 0xb4bd, 0x9bd9, 0xd57e, 0xedff, 0xeddf, 0xf61f, 0xf61f,
0xedff, 0xee1f, 0xf63f, 0xf65f, 0xf61f, 0xedfe, 0xedde, 0xe5dd, 0xeddd, 0xeddd,
0xee1e, 0xedfd, 0xe5dc, 0xedfc, 0xee1c, 0xf65d, 0xf63e, 0xf63f, 0xf63f, 0xf61f,
0xedbe, 0xe5bd, 0xe57d, 0xe57d, 0xedbe, 0xedff, 0xeddf, 0xf63f, 0xf61f, 0xedbd,
0xedde, 0xedfe, 0xe59d, 0xfe7f, 0xf63f, 0xdd7c, 0xedfe, 0xfe9f, 0xfe9f, 0xe5bc,
0xe5bb, 0xf61d, 0xedfc, 0xfe7f, 0xf61e, 0xd53a, 0xedfd, 0xfe7f, 0xedde, 0xf61f,
0xdd7d, 0xf5ff, 0xe59e, 0xdd5e, 0xe59c, 0xd55a, 0xdd7b, 0xe59c, 0xedfe, 0xf61f,
0xedde, 0xf65f, 0xee1e, 0xf61e, 0xe5bd, 0xed9e, 0xedbf, 0xee1f, 0xf65f, 0xe5be,
0xf63f, 0xedff, 0xedff, 0xee1f, 0xedfe, 0xf63f, 0xee1f, 0xddbd, 0xe5fe, 0xf67f,
0xe5fe, 0xe5de, 0xe5fe, 0xfebf, 0xf67f, 0xfe9f, 0xd55d, 0xb479, 0xc4da, 0xac37,
0x82f2, 0x728f, 0x728f, 0x726f, 0x7ad0, 0x82f1, 0x8311, 0x8311, 0x8311, 0x8311,
0x8312, 0x8312, 0x8312, 0x8312, 0x8312, 0x8312, 0x8313, 0x8313, 0x8313, 0x82f2,
0x82f2, 0x8313, 0x8313, 0x8b13, 0x8b13, 0x8313, 0x82f2, 0x82f2, 0x82f2, 0x8b12,
0x8b13, 0x8b13, 0x8b14, 0x8b14, 0x8b14, 0x8b14, 0x8b14, 0x8b13, 0x8b13, 0x82f3,
0x82f3, 0x8313, 0x8333, 0x8b34, 0x8b14, 0x8b13, 0x82f2, 0x82d2, 0x82f3, 0x82f3,
0x82f3, 0x82f3, 0x8b13, 0x8b13, 0x8b14, 0x8af3, 0x82f3, 0x8b14, 0x8b14, 0x8b14,
0x8b14, 0x8b14, 0x8b14, 0x8b14, 0x8b34, 0x8b34, 0x8b35, 0x8b36, 0x9356, 0x9356,
0x9376, 0x9376, 0x9377, 0x9b76, 0x9b76, 0x9354, 0x8b32, 0x7aaf, 0x726d, 0x7acd,
0x7aed, 0x7aed, 0x7aee, 0x7aee, 0x7aee, 0x830f, 0x8330, 0x8352, 0x8332, 0xbc78,
0xe57c, 0xe55c, 0xed9c, 0xdd7c, 0xf5fe, 0xdd3d, 0xbc1a, 0xc47c, 0xc43a, 0xbbd4,
0xc3f4, 0xc3f3, 0xc3f3, 0xc3f4, 0xc3f5, 0xc3f3, 0xc3d3, 0xc3d3, 0xc3d3, 0xc3f3,
0xc3f3, 0xc3f3, 0xc3f3, 0xc3f3, 0xc3f3, 0xc3f3, 0xc3f3, 0xc3f3, 0xc3f3, 0xc3f4,
0xc3f4, 0xc414, 0xc414, 0xcc34, 0xcc55, 0xcc55, 0xcc75, 0xcc75, 0xcc95, 0xcc96,
0xccb6, 0xccb6, 0xd4d6, 0xd4f7, 0xd4f7, 0xdd17, 0xdd18, 0xdd37, 0xdd38, 0xdd38,
0xdd58, 0xdd58, 0xe559, 0xdd78, 0xdd98, 0xe5bb, 0xe59d, 0xe53e, 0xfddf, 0xfd7f,

0xa3fa, 0xac7b, 0xbcdd, 0xcd5f, 0xd57f, 0xcd3f, 0x9c39, 0x8394, 0x7b33, 0x8354,
0xa418, 0xc51e, 0xc4fe, 0xb47c, 0xb47c, 0xbcdd, 0xc51e, 0xc4fe, 0xc51e, 0xc53e,
0xc55e, 0xd5bf, 0xcd7e, 0xac79, 0x93f7, 0x93b6, 0xa418, 0xc4fc, 0xd59f, 0xddbf,
0xcd5f, 0xbcbc, 0xac5b, 0xac5b, 0xbcbc, 0xc51e, 0xcd5f, 0xcd5f, 0xc53e, 0xc51e,
0xc4fe, 0xc4fe, 0xbcfd, 0xbcbd, 0xbcdd, 0xc4fd, 0xc4fd, 0xc51d, 0xc51e, 0xc51e,
0xc51e, 0xc53e, 0xcd5e, 0xcd3e, 0xc53e, 0xbcfd, 0xbcbc, 0xb4bc, 0xbcfc, 0xbcfd,
0xbcfd, 0xb4bc, 0xb4dc, 0xac5b, 0xa45b, 0xbcdd, 0xc53e, 0xcd5f, 0xcd7f, 0xcd5f,
0xcd3f, 0xd57f, 0xcd5f, 0xcd5e, 0xb49b, 0xc51d, 0xe61f, 0xf61f, 0xedde, 0xedde,
0xf61f, 0xf61e, 0xedfe, 0xedfe, 0xedfe, 0xedfe, 0xf61e, 0xf61e, 0xedde, 0xeddd,
0xee1d, 0xedfd, 0xe5dc, 0xe5dc, 0xee1c, 0xf63d, 0xf5fe, 0xfe3f, 0xf61f, 0xedff,
0xe57d, 0xdd3c, 0xe57d, 0xe57d, 0xe57d, 0xf5ff, 0xf61f, 0xfe3f, 0xf5ff, 0xeddf,
0xeddf, 0xedde, 0xe59d, 0xf61e, 0xfe3f, 0xdd7c, 0xe5bc, 0xee1e, 0xfebf, 0xf63e,
0xe5bc, 0xe59c, 0xdd7b, 0xfe7f, 0xfe7f, 0xccf9, 0xe5dd, 0xf65f, 0xedfe, 0xf63f,
0xf61f, 0xe5be, 0xf5ff, 0xd53d, 0xccfa, 0xccf8, 0xdd5a, 0xdd9b, 0xedfd, 0xedff,
0xe59e, 0xe5bd, 0xf61f, 0xe59d, 0xdd7d, 0xedff, 0xe5be, 0xe5be, 0xf5ff, 0xeddf,
0xf61f, 0xeddf, 0xeddf, 0xee1f, 0xe5de, 0xf65f, 0xf63f, 0xf63f, 0xedfe, 0xedff,
0xf65f, 0xfe9f, 0xe5bd, 0xee3e, 0xf65f, 0xf63f, 0xf63f, 0xdd5e, 0xedff, 0xf65f,
0xd57d, 0xcd3b, 0xb478, 0x8312, 0x7270, 0x728f, 0x7ad0, 0x8311, 0x82f0, 0x82f2,
0x7af2, 0x7af2, 0x8312, 0x82f2, 0x8312, 0x8312, 0x8313, 0x8313, 0x8313, 0x82f3,
0x82f3, 0x82f3, 0x8313, 0x8b13, 0x8b33, 0x8b13, 0x8313, 0x82f3, 0x82f3, 0x82f3,
0x8b13, 0x8b13, 0x8313, 0x8313, 0x8313, 0x8b14, 0x8b14, 0x8b14, 0x8b34, 0x8b14,
0x82f3, 0x82f3, 0x8b14, 0x8b14, 0x8b34, 0x8b34, 0x8b34, 0x8b14, 0x8af3, 0x8af3,
0x8af3, 0x8b14, 0x8b14, 0x8b14, 0x8b14, 0x8b14, 0x8b14, 0x8b14, 0x8b14, 0x8b14,
0x8b14, 0x8b14, 0x8b14, 0x8b14, 0x8b14, 0x8b34, 0x8b35, 0x9335, 0x9356, 0x9356,
0x9356, 0x9b76, 0x9b76, 0x9b57, 0x9b57, 0x9b77, 0x9b76, 0x9354, 0x8af2, 0x7aaf,
0x7acd, 0x7aed, 0x7b0e, 0x7b0e, 0x7b0e, 0x7b2f, 0x7b30, 0x8331, 0xa3f5, 0xdd7c,
0xe55c, 0xed9d, 0xed7b, 0xedbc, 0xe59e, 0xbc3c, 0xcc7d, 0xcc7c, 0xc3f7, 0xc3d3,
0xc3f3, 0xc3f4, 0xc3f4, 0xc3f4, 0xc3f3, 0xc3f3, 0xc3d3, 0xc3d3, 0xc3d3, 0xc3d3,
0xc3d3, 0xc3f3, 0xc3f3, 0xc3f3, 0xc3f3, 0xc3f3, 0xc3f3, 0xc3f3, 0xbbf4, 0xc3f4,
0xc414, 0xc414, 0xc414, 0xc435, 0xcc55, 0xcc55, 0xcc75, 0xcc75, 0xc476, 0xcc96,
0xccb6, 0xd4d6, 0xd4f7, 0xd4f7, 0xd517, 0xdd17, 0xdd18, 0xdd38, 0xdd58, 0xdd58,
0xdd58, 0xdd78, 0xdd78, 0xdd78, 0xdd98, 0xe59a, 0xed7d, 0xed3e, 0xfd7f, 0xf4fe,

0xa41a, 0xb47c, 0xbcfd, 0xcd7f, 0xd57f, 0xc4fe, 0x9bf8, 0x8374, 0x7b33, 0x8354,
0x9c18, 0xc4fe, 0xc51e, 0xb49c, 0xb47c, 0xbcdd, 0xc4fe, 0xc51e, 0xc51e, 0xc53e,
0xcd7f, 0xd5bf, 0xc53d, 0xa439, 0x93d6, 0x93b6, 0xac39, 0xc51c, 0xd59f, 0xd5bf,
0xc51e, 0xb49c, 0xac5b, 0xac5b, 0xbcdd, 0xc53e, 0xcd5f, 0xcd5f, 0xc51e, 0xc4fe,
0xc4fd, 0xc4fd, 0xbcdd, 0xbcbd, 0xbcdd, 0xc4fd, 0xc4fd, 0xc51d, 0xc51e, 0xc53e,
0xcd3e, 0xcd3e, 0xcd3e, 0xc51d, 0xbcfd, 0xbcdc, 0xbcbc, 0xbcdc, 0xc51d, 0xbcfd,
0xbcdc, 0xb4bc, 0xac9b, 0x9bd8, 0x9bf9, 0xbcfd, 0xc51e, 0xc53e, 0xcd5f, 0xc53e,
0xcd5f, 0xcd5f, 0xcd7f, 0xcd7f, 0xcd7e, 0xc51d, 0xdddf, 0xf63f, 0xf61f, 0xf61f,
0xf63f, 0xf61f, 0xedde, 0xe5bd, 0xedfe, 0xf61f, 0xf63f, 0xf65f, 0xf63f, 0xeddd,
0xeddd, 0xedfd, 0xe5dc, 0xe5bb, 0xe5dc, 0xee1d, 0xf5fe, 0xfe3f, 0xedde, 0xedbe,
0xe59d, 0xedbe, 0xe5be, 0xedbe, 0xdd5d, 0xe59e, 0xedbe, 0xedbe, 0xf5ff, 0xf5ff,
0xf5ff, 0xedde, 0xedde, 0xedbd, 0xedbd, 0xe59d, 0xf63f, 0xeddd, 0xf63f, 0xfe7f,
0xf61e, 0xe59c, 0xe5bd, 0xf63f, 0xfe9f, 0xdd7c, 0xd53b, 0xedfe, 0xf63f, 0xe59e,
0xedff, 0xdd5e, 0xedbf, 0xe59f, 0xccda, 0xd539, 0xe5bb, 0xd55a, 0xe59c, 0xe5bd,
0xe59d, 0xf63f, 0xe5bd, 0xd53c, 0xf61f, 0xf61f, 0xdd5d, 0xedff, 0xf5ff, 0xedff,
0xf5ff, 0xe5be, 0xedff, 0xedff, 0xdd9d, 0xf65f, 0xedff, 0xedff, 0xedff, 0xf63f,
0xedfe, 0xf65f, 0xedfe, 0xee1f, 0xf61f, 0xf63f, 0xfe7f, 0xedff, 0xeddf, 0xedff,
0xf67f, 0xf67f, 0xfebf, 0xddbd, 0xc4fa, 0xa3f6, 0x82f2, 0x7ab1, 0x7ab1, 0x7291,
0x7af2, 0x7ad2, 0x7af2, 0x7af2, 0x7af2, 0x82f2, 0x82f3, 0x82f3, 0x82f3, 0x82f3,
0x82f3, 0x82f3, 0x8313, 0x8313, 0x8313, 0x8b13, 0x8313, 0x8313, 0x82f3, 0x82f2,
0x82f3, 0x8b13, 0x8313, 0x8313, 0x8313, 0x8b14, 0x8b14, 0x8b14, 0x8b34, 0x8b14,
0x8b14, 0x8b14, 0x8b14, 0x8b14, 0x8b34, 0x8b34, 0x8b34, 0x9334, 0x8b34, 0x8b14,
0x8b14, 0x8b14, 0x8b14, 0x8b34, 0x8b34, 0x9334, 0x9355, 0x9355, 0x9355, 0x9334,
0x9335, 0x9355, 0x9335, 0x9335, 0x8b34, 0x8b34, 0x8b34, 0x9355, 0x9376, 0x9376,
0x9b76, 0x9b76, 0x9b96, 0x9b97, 0x9b77, 0x9b57, 0x9b76, 0x9b96, 0x9b96, 0x9b74,
0x8b11, 0x82d0, 0x8310, 0x8310, 0x8330, 0x8350, 0x8372, 0x8b53, 0xbc99, 0xe5be,
0xe59e, 0xed7d, 0xed9d, 0xf61f, 0xcc9c, 0xbc3b, 0xccbc, 0xc459, 0xbbd5, 0xc3d3,
0xc3f3, 0xc3f4, 0xc3f4, 0xc3f4, 0xc3f4, 0xc3f3, 0xc3d3, 0xc3d3, 0xc3d3, 0xc3d3,
0xc3d3, 0xc3d3, 0xc3f3, 0xc3f3, 0xc3f3, 0xc3f3, 0xc3f3, 0xc3f3, 0xbbf4, 0xc3f4,
0xc414, 0xc414, 0xc414, 0xc435, 0xcc55, 0xcc55, 0xcc75, 0xcc76, 0xcc96, 0xccb6,
0xccb6, 0xd4d7, 0xd4f7, 0xd517, 0xd517, 0xdd17, 0xdd18, 0xdd38, 0xdd58, 0xdd58,
0xdd58, 0xdd78, 0xdd78, 0xdd78, 0xdd98, 0xe59b, 0xed9d, 0xed3e, 0xf55f, 0xecfe,

0xa41a, 0xb49c, 0xc51e, 0xd57f, 0xcd5f, 0xbcbc, 0x93d7, 0x8373, 0x7b32, 0x8354,
0x9bf8, 0xbcdd, 0xc51e, 0xbcbd, 0xb49c, 0xbcdd, 0xc4fe, 0xc51e, 0xc51e, 0xc53e,
0xcd7f, 0xd5bf, 0xbd1c, 0x9bf8, 0x93b6, 0x93b6, 0xac59, 0xc51d, 0xd5bf, 0xd59f,
0xc4fd, 0xb47b, 0xac5b, 0xb47b, 0xbcdd, 0xcd3f, 0xcd5f, 0xcd5f, 0xc51e, 0xc4fe,
0xbcfd, 0xbcdd, 0xbcbd, 0xbcbd, 0xbcdd, 0xc4fd, 0xc51d, 0xc51d, 0xc51e, 0xc53e,
0xcd5e, 0xcd5e, 0xc51e, 0xbcdd, 0xbcdc, 0xbcdc, 0xbcdc, 0xc51d, 0xcd5e, 0xbcfd,
0xac7a, 0xac7a, 0x9bf8, 0x8335, 0x9bf9, 0xc51e, 0xcd7f, 0xc51e, 0xbd1e, 0xc51e,
0xbcfd, 0xb4bc, 0xc51e, 0xcd7f, 0xcd9f, 0xc55e, 0xcd7e, 0xee3f, 0xf63f, 0xf63f,
0xf61f, 0xedff, 0xedff, 0xedfe, 0xedfe, 0xf63f, 0xf63f, 0xf63f, 0xf63f, 0xedfe,
0xedfe, 0xedfe, 0xee1d, 0xedfd, 0xedfc, 0xee1d, 0xedde, 0xedfe, 0xe59d, 0xe59d,
0xe59e, 0xedbe, 0xeddf, 0xedbe, 0xedbe, 0xedbe, 0xeddf, 0xe59e, 0xe57d, 0xedbe,
0xedbe, 0xe5be, 0xedbd, 0xedbe, 0xe59d, 0xe59c, 0xf5fe, 0xedde, 0xedde, 0xfe3f,
0xf5ff, 0xe59e, 0xf5ff, 0xf5ff, 0xfe3f, 0xfe3f, 0xe59d, 0xedde, 0xe59f, 0xd51d,
0xeddf, 0xedbf, 0xdd7f, 0xe59f, 0xd53c, 0xd539, 0xd55a, 0xd539, 0xe5bc, 0xdd7c,
0xe59d, 0xee1e, 0xe59d, 0xdd5c, 0xf61f, 0xeddf, 0xeddf, 0xf5ff, 0xeddf, 0xf61f,
0xedbf, 0xe57e, 0xeddf, 0xeddf, 0xeddf, 0xf61f, 0xedbf, 0xeddf, 0xeddf, 0xeddf,
0xf61f, 0xf63f, 0xedff, 0xf61f, 0xfe5f, 0xfe5f, 0xf61f, 0xedbe, 0xdd9e, 0xd55d,
0xedff, 0xee3f, 0xf69f, 0xfebf, 0xee3f, 0xee1f, 0xc4fb, 0x9396, 0x9bb7, 0x9bb6,
0x7ad2, 0x7ad2, 0x7ad2, 0x7af2, 0x7af2, 0x82f2, 0x82f3, 0x82f3, 0x82f3, 0x82f3,
0x82f3, 0x82f3, 0x8313, 0x8313, 0x82f3, 0x82f3, 0x82f3, 0x82f3, 0x8313, 0x82f3,
0x82d2, 0x82f3, 0x8313, 0x8313, 0x8313, 0x8313, 0x8313, 0x8313, 0x8313, 0x8313,
0x8b14, 0x8b34, 0x8b34, 0x8b34, 0x8b14, 0x8b14, 0x8b34, 0x8b34, 0x8b34, 0x8b14,
0x8af3, 0x8b14, 0x8b34, 0x8b34, 0x8b14, 0x8b34, 0x9355, 0x9355, 0x9355, 0x9355,
0x9355, 0x9355, 0x9375, 0x9355, 0x9355, 0x9355, 0x9335, 0x9355, 0x9b76, 0x9b76,
0x9b76, 0x9b96, 0x9b97, 0xa397, 0xa398, 0x9b77, 0x9b57, 0x9b78, 0xa378, 0xa398,
0xa3b7, 0x9b75, 0x9354, 0x8b12, 0x8311, 0x8331, 0x8332, 0x8b34, 0x8b34, 0xa3b7,
0xdd1d, 0xed9e, 0xfe1f, 0xccbc, 0xbc1a, 0xc47b, 0xcc7a, 0xbbd5, 0xbbd3, 0xc3f3,
0xc3f3, 0xc3f3, 0xc3f4, 0xc3f4, 0xc3f4, 0xc3f3, 0xc3d3, 0xc3d3, 0xc3d3, 0xc3d3,
0xc3d3, 0xc3d3, 0xc3d3, 0xc3d3, 0xc3d3, 0xc3d3, 0xc3f3, 0xc3f3, 0xbbf4, 0xc3f4,
0xc414, 0xc414, 0xc414, 0xc435, 0xcc55, 0xcc75, 0xcc75, 0xcc76, 0xcc96, 0xccb6,
0xccd7, 0xd4f7, 0xd4f7, 0xdd17, 0xd517, 0xdd17, 0xdd18, 0xdd38, 0xdd58, 0xdd58,
0xdd58, 0xdd78, 0xdd78, 0xdd78, 0xdd99, 0xe59b, 0xed9d, 0xed5e, 0xf57f, 0xe4dd,

0xa419, 0xb49b, 0xc53e, 0xd57f, 0xcd7f, 0xb4bc, 0x93d6, 0x8373, 0x7b32, 0x8353,
0x9bf7, 0xbcdc, 0xc4fe, 0xb49c, 0xb47c, 0xbcdd, 0xc51e, 0xc4fe, 0xc51e, 0xc53e,
0xcd7f, 0xd5bf, 0xbcdc, 0x93d7, 0x8b95, 0x93d7, 0xac59, 0xc53d, 0xd5bf, 0xd59f,
0xbcdd, 0xac5b, 0xac3b, 0xb49c, 0xc51e, 0xcd3f, 0xcd5f, 0xcd3e, 0xc4fe, 0xc51e,
0xbcdd, 0xbcbc, 0xb4bc, 0xbcdd, 0xc4fd, 0xc4fd, 0xc51d, 0xc51d, 0xc51d, 0xc51e,
0xcd5e, 0xcd3e, 0xc4fd, 0xbcdc, 0xbcdc, 0xbcdc, 0xc4fd, 0xcd5e, 0xcd7f, 0xbcfd,
0xa419, 0xa459, 0x8335, 0x6a92, 0xac5b, 0xc53e, 0xcd5f, 0xc53e, 0xbd1e, 0xc51e,
0xbcfe, 0xa43a, 0xac7b, 0xbcfd, 0xc55e, 0xcd9f, 0xc55d, 0xd59d, 0xee3f, 0xf63f,
0xee1f, 0xf5ff, 0xedbf, 0xee1f, 0xee1e, 0xf63f, 0xf63f, 0xf63f, 0xee1e, 0xeddd,
0xe5bd, 0xeddd, 0xedfd, 0xee1e, 0xedfd, 0xf63e, 0xf61e, 0xedfe, 0xedde, 0xe5bd,
0xedbe, 0xe59e, 0xf5ff, 0xfe5f, 0xeddf, 0xe59e, 0xedbe, 0xedbe, 0xdd5d, 0xe57d,
0xe59d, 0xdd7c, 0xdd7c, 0xdd7c, 0xe57c, 0xe59d, 0xe57c, 0xedbe, 0xeddf, 0xf5df,
0xedbf, 0xe57e, 0xe57e, 0xf5df, 0xf5ff, 0xf5ff, 0xe59e, 0xe57e, 0xe59f, 0xdd3e,
0xdd5e, 0xe57f, 0xe57e, 0xe57e, 0xeddf, 0xd51b, 0xcd1a, 0xdd5b, 0xe5dd, 0xe5bd,
0xdd7d, 0xe5bd, 0xedde, 0xdd7d, 0xdd7d, 0xf63f, 0xeddf, 0xeddf, 0xedff, 0xe59f,
0xdd5e, 0xeddf, 0xeddf, 0xe57e, 0xf61f, 0xe59e, 0xeddf, 0xf61f, 0xedbf, 0xe59e,
0xeddf, 0xeddf, 0xf5ff, 0xedbf, 0xf5ff, 0xf61f, 0xeddf, 0xe59e, 0xeddf, 0xe59e,
0xedff, 0xe5df, 0xe5ff, 0xf67f, 0xee5f, 0xf67f, 0xee3f, 0xee3f, 0xddbf, 0xe5fe,
0x9bb6, 0x8b34, 0x7af3, 0x7ad2, 0x7af2, 0x7ad2, 0x82d2, 0x7ad2, 0x82d2, 0x82d2,
0x82d2, 0x82d2, 0x82f3, 0x82f3, 0x82f3, 0x82f3, 0x82f3, 0x82f3, 0x82f3, 0x82f3,
0x82d2, 0x7ad2, 0x82f2, 0x8313, 0x82f3, 0x82f3, 0x82f3, 0x82f3, 0x82f3, 0x8313,
0x8b14, 0x8b14, 0x8b34, 0x8b34, 0x8b14, 0x8b34, 0x8b34, 0x8b14, 0x8b14, 0x8b14,
0x8b14, 0x8af3, 0x8b14, 0x8b14, 0x8b34, 0x8b34, 0x9334, 0x9355, 0x9355, 0x9375,
0x9375, 0x9375, 0x9b76, 0x9b76, 0x9375, 0x9355, 0x9355, 0x9355, 0x9b76, 0x9b97,
0x9b97, 0x9b97, 0x9b97, 0xa3b8, 0xa3b8, 0xa3b8, 0xa398, 0xa398, 0xa3b9, 0xabb9,
0xabb9, 0xa3b8, 0xa3b7, 0x9b75, 0x9354, 0x8312, 0x82d3, 0x82f4, 0x8b15, 0x9316,
0x9b57, 0xc47b, 0xd4fd, 0xb3fa, 0xc45b, 0xcc9b, 0xc438, 0xbbb4, 0xc3f3, 0xc3f3,
0xc3f3, 0xc3f3, 0xc3f4, 0xc3f4, 0xc3f4, 0xc3f3, 0xc3d3, 0xc3d3, 0xc3d3, 0xc3d3,
0xc3d3, 0xc3d3, 0xbbd3, 0xbbd3, 0xbbd3, 0xbbd3, 0xc3d3, 0xc3f3, 0xc3f4, 0xc414,
0xc414, 0xc414, 0xc435, 0xcc35, 0xcc55, 0xcc55, 0xcc75, 0xcc96, 0xccb6, 0xccb6,
0xd4d7, 0xd4f7, 0xd4f7, 0xdd17, 0xdd17, 0xdd18, 0xdd38, 0xdd38, 0xdd38, 0xdd58,
0xdd58, 0xdd58, 0xdd79, 0xdd79, 0xdd99, 0xe59b, 0xed9d, 0xed7e, 0xf5bf, 0xdcdc,

0x9bf9, 0xbcbc, 0xc53d, 0xcd7e, 0xcd5e, 0xac7b, 0x8bb5, 0x8373, 0x7b12, 0x7b33,
0x93d6, 0xbcdc, 0xc4fe, 0xb49c, 0xb47c, 0xbcdd, 0xc51e, 0xc4fe, 0xc51e, 0xc53e,
0xcd9f, 0xd59f, 0xb49b, 0x93d7, 0x93b6, 0x9bd7, 0xb49a, 0xcd5e, 0xd5bf, 0xcd5e,
0xb49c, 0xac5b, 0xac5b, 0xbcbc, 0xcd3f, 0xcd7f, 0xcd5f, 0xc53e, 0xc4fe, 0xbcdd,
0xbcbd, 0xb4bc, 0xb49c, 0xbcbd, 0xbcdd, 0xc51d, 0xc51d, 0xc51e, 0xc51d, 0xc51d,
0xc53e, 0xc51d, 0xc4fd, 0xbcdd, 0xbcdd, 0xc4fd, 0xcd3e, 0xd59f, 0xcd5f, 0xb49b,
0xa439, 0xa439, 0x6a71, 0x6250, 0xb49c, 0xc51e, 0xbd1e, 0xbcfd, 0xb4dd, 0xc53e,
0xc55f, 0xac9c, 0x9bf9, 0xac7b, 0xac9b, 0xc57e, 0xcd7e, 0xcd5e, 0xd59e, 0xee3f,
0xf65f, 0xf61f, 0xf63f, 0xf63f, 0xf61f, 0xee1e, 0xf61e, 0xf61f, 0xee1e, 0xedfe,
0xedde, 0xe5bd, 0xeddd, 0xedfd, 0xe5dc, 0xee1d, 0xf61f, 0xedfe, 0xf61f, 0xedde,
0xedbe, 0xeddf, 0xeddf, 0xedbe, 0xeddf, 0xf5ff, 0xe57d, 0xf5ff, 0xedbe, 0xe57d,
0xedbe, 0xe59d, 0xdd5c, 0xdd3c, 0xdd5c, 0xe59d, 0xe57d, 0xe59e, 0xed9e, 0xe57e,
0xe57f, 0xed9f, 0xed7f, 0xe57f, 0xf5df, 0xedbf, 0xdd3e, 0xe55e, 0xe57e, 0xd51d,
0xd53d, 0xdd5d, 0xdd5d, 0xe59d, 0xf63f, 0xeddf, 0xdd5c, 0xd51b, 0xdd7d, 0xe59e,
0xdd5d, 0xd55c, 0xdd5c, 0xe5be, 0xedde, 0xedff, 0xe59e, 0xe59f, 0xe5bf, 0xe5bf,
0xe59f, 0xeddf, 0xdd7e, 0xe57e, 0xf5ff, 0xedbf, 0xedbf, 0xe59f, 0xe57e, 0xe57e,
0xedbf, 0xedbf, 0xeddf, 0xe59e, 0xe57e, 0xeddf, 0xf5ff, 0xf61f, 0xedbe, 0xeddf,
0xe5bf, 0xd55d, 0xe5bf, 0xee3f, 0xee1f, 0xfe9f, 0xe61f, 0xee5f, 0xee3f, 0xee3f,
0xddff, 0xc51b, 0xc51b, 0x9bb6, 0x7ad2, 0x7ad2, 0x82d2, 0x82f3, 0x82f3, 0x82f3,
0x82f2, 0x82f2, 0x82f3, 0x8313, 0x8313, 0x8313, 0x8313, 0x82f3, 0x82f3, 0x82f3,
0x82f3, 0x82d2, 0x7ab2, 0x82d2, 0x82f3, 0x82f3, 0x82f3, 0x82f3, 0x82f3, 0x82f3,
0x8313, 0x8af3, 0x8b14, 0x8b34, 0x8b14, 0x8b14, 0x8b14, 0x8b14, 0x8b14, 0x8b14,
0x8b14, 0x8b14, 0x82f3, 0x8b14, 0x8b14, 0x8b14, 0x8b34, 0x9334, 0x9355, 0x9355,
0x9355, 0x9375, 0x9b76, 0x9b76, 0x9b76, 0x9b76, 0x9376, 0x9356, 0x9356, 0x9376,
0x9b76, 0x9b97, 0x9bb7, 0xa3b8, 0xa3b8, 0xa3b8, 0xabd8, 0xabd8, 0xa3b8, 0xabb8,
0xabb8, 0xabb8, 0xa3b8, 0xa3b8, 0xa3b7, 0x9b76, 0x9355, 0x9336, 0x9b57, 0x9b58,
0xa378, 0xabb9, 0xb3fb, 0xc45c, 0xc47c, 0xcc9b, 0xbbd6, 0xc3d4, 0xc3d3, 0xc3d3,
0xc3f3, 0xc3f3, 0xc3f4, 0xc3f4, 0xc3f4, 0xc3f3, 0xc3d3, 0xc3d3, 0xc3d3, 0xc3d3,
0xc3d3, 0xc3d3, 0xbbd3, 0xbbd3, 0xbbd3, 0xbbd3, 0xc3d3, 0xc3f3, 0xc3f4, 0xc414,
0xc414, 0xc414, 0xc435, 0xcc35, 0xcc55, 0xcc76, 0xcc76, 0xcc96, 0xccb6, 0xccb6,
0xd4d7, 0xd4f7, 0xd4f7, 0xdd17, 0xdd17, 0xdd18, 0xdd38, 0xdd38, 0xdd58, 0xdd58,
0xdd58, 0xdd58, 0xdd78, 0xdd79, 0xe59a, 0xe59c, 0xed9d, 0xed9e, 0xf5df, 0xdcfc,

0xa419, 0xbcbc, 0xcd5e, 0xd59f, 0xc51d, 0xa439, 0x8bb5, 0x7b53, 0x7b11, 0x7b33,
0x9bd6, 0xb4bb, 0xbcdd, 0xb4bc, 0xb47b, 0xbcdd, 0xc51e, 0xc4fe, 0xc51e, 0xc53e,
0xd59f, 0xcd9f, 0xac5a, 0x93b6, 0x93b6, 0x9bf7, 0xbcbb, 0xd57e, 0xd5bf, 0xc53e,
0xb47b, 0xac5b, 0xb49c, 0xbcdd, 0xcd5f, 0xd57f, 0xcd5f, 0xc51e, 0xc4fe, 0xbcbd,
0xb49c, 0xb49c, 0xb49c, 0xbcbc, 0xbcdd, 0xc51d, 0xc53e, 0xc51e, 0xc51d, 0xc51d,
0xc51d, 0xc4fd, 0xbcfd, 0xbcfd, 0xc51d, 0xcd3e, 0xcd7f, 0xd59f, 0xc51e, 0xac5a,
0xac5a, 0x93d7, 0x5a0f, 0x6a71, 0xb4bc, 0xc51e, 0xbcfd, 0xbcfd, 0xac7b, 0xc53e,
0xbd3e, 0xb4dd, 0x93d9, 0xacbc, 0x9c19, 0xa45a, 0xc55e, 0xcd7f, 0xcd7f, 0xcd3d,
0xee1e, 0xf65f, 0xfe7f, 0xfe7f, 0xfe5f, 0xf61f, 0xedfe, 0xf61e, 0xf61f, 0xedde,
0xedfe, 0xe5dd, 0xedfe, 0xedfe, 0xe5dd, 0xf61e, 0xf61f, 0xedde, 0xedde, 0xf5ff,
0xf5ff, 0xeddf, 0xe59e, 0xe59e, 0xe59e, 0xeddf, 0xe59e, 0xeddf, 0xf61f, 0xedbe,
0xedde, 0xedde, 0xe5bd, 0xe59d, 0xdd3b, 0xe59d, 0xedbd, 0xe59e, 0xed9f, 0xe55e,
0xdd1e, 0xe53f, 0xedbf, 0xe55f, 0xe53e, 0xed9f, 0xed7f, 0xed9f, 0xe57e, 0xdd5d,
0xdd5d, 0xdd5d, 0xdd7d, 0xe5be, 0xeddf, 0xedbf, 0xdd5d, 0xdd7d, 0xe59e, 0xdd3d,
0xdd3d, 0xdd5c, 0xd53c, 0xedfe, 0xedff, 0xe5be, 0xe59e, 0xdd3d, 0xe57f, 0xeddf,
0xe59f, 0xe57f, 0xe59f, 0xedbf, 0xe59f, 0xedbf, 0xe57f, 0xedbf, 0xedbf, 0xe57e,
0xedbf, 0xf5ff, 0xed9f, 0xe57e, 0xe59f, 0xedbf, 0xf5ff, 0xf5de, 0xf5ff, 0xf61f,
0xeddf, 0xdd7e, 0xdd7e, 0xee1f, 0xe5ff, 0xf65f, 0xee3f, 0xee5f, 0xee5f, 0xf69f,
0xe61f, 0xee3f, 0xee5f, 0xd59d, 0xbcba, 0xb479, 0x8313, 0x82f3, 0x82d2, 0x8313,
0x8b13, 0x8b13, 0x8313, 0x8313, 0x8313, 0x8313, 0x8313, 0x8313, 0x8313, 0x82f3,
0x82f3, 0x8313, 0x82f3, 0x7ad2, 0x82d3, 0x82d3, 0x82d3, 0x82d3, 0x82f3, 0x82f3,
0x82f3, 0x82f3, 0x8b14, 0x8b14, 0x8b14, 0x8b14, 0x8b14, 0x8b14, 0x8b14, 0x8b14,
0x8b14, 0x8b14, 0x8b14, 0x8af3, 0x8b14, 0x8b14, 0x8b34, 0x8b34, 0x8b34, 0x9334,
0x9355, 0x9375, 0x9b76, 0x9375, 0x9355, 0x9b75, 0x9b76, 0x9355, 0x9356, 0x9356,
0x9b76, 0x9b97, 0xa3b7, 0xa3b8, 0xa3b8, 0xabd8, 0xabf8, 0xabf8, 0xabf8, 0xabd8,
0xabd8, 0xabd8, 0xabd9, 0xa3b8, 0xa398, 0xa3b8, 0x9b77, 0x9b77, 0x9b79, 0x9b79,
0xa379, 0xb41b, 0xc47c, 0xcc9d, 0xccbc, 0xc438, 0xbbb5, 0xc3d4, 0xcbd4, 0xc3f3,
0xc3f3, 0xc3f3, 0xc3f4, 0xc3f4, 0xc3f4, 0xc3f3, 0xc3d3, 0xc3d3, 0xc3d3, 0xc3d3,
0xc3d3, 0xbbd3, 0xbbd3, 0xbbd3, 0xbbd3, 0xbbd3, 0xc3d3, 0xc3f3, 0xc3f4, 0xc414,
0xc414, 0xc414, 0xc435, 0xcc35, 0xcc55, 0xcc76, 0xcc96, 0xcc96, 0xccb6, 0xccb6,
0xd4d7, 0xd4f7, 0xd4f7, 0xdd17, 0xdd17, 0xdd18, 0xdd38, 0xdd58, 0xdd58, 0xdd58,
0xdd58, 0xdd58, 0xdd78, 0xdd79, 0xe59a, 0xe5bc, 0xe59d, 0xedbe, 0xedde, 0xd4bb,

0xa439, 0xbcfd, 0xcd7f, 0xd59f, 0xc53d, 0x9c38, 0x8bb5, 0x8353, 0x7b32, 0x8333,
0x93b6, 0xb49b, 0xbcfd, 0xb4bc, 0xb47b, 0xbcdd, 0xc51e, 0xc51d, 0xc4fd, 0xc51e,
0xd59f, 0xcd5d, 0xa418, 0x93b6, 0x93b6, 0xa418, 0xbcdc, 0xd57f, 0xd57f, 0xbcdd,
0xac7b, 0xac5b, 0xb49c, 0xc4fe, 0xcd5f, 0xcd5f, 0xcd3f, 0xc51e, 0xc4fd, 0xbcdd,
0xbcbc, 0xb49c, 0xb49c, 0xbcbd, 0xc4fe, 0xcd3e, 0xc53e, 0xc51d, 0xc51d, 0xc51e,
0xc51d, 0xc4fd, 0xbcfd, 0xc51d, 0xc53e, 0xcd5f, 0xd57f, 0xcd7f, 0xc51d, 0xa459,
0xa479, 0x8bb5, 0x49ad, 0x6ab1, 0xac9c, 0xbd1e, 0xbd1e, 0xbd1e, 0xa45a, 0xac9b,
0xc53d, 0xacbb, 0x93f8, 0xa47a, 0xbd1d, 0x8bb7, 0xa439, 0xc53d, 0xd5bf, 0xbcdd,
0xd55d, 0xfe7f, 0xfe5e, 0xfe5e, 0xfe7f, 0xf61e, 0xf61f, 0xf61f, 0xf61f, 0xedfe,
0xf61e, 0xeddd, 0xe59d, 0xedde, 0xe5bd, 0xedfe, 0xf61f, 0xedde, 0xedde, 0xe5be,
0xedff, 0xedff, 0xedde, 0xe57d, 0xe59d, 0xedde, 0xf61f, 0xedde, 0xf61f, 0xedbe,
0xe59d, 0xedbd, 0xe5bd, 0xf5fd, 0xe59b, 0xe59b, 0xeddc, 0xe59c, 0xe59e, 0xe57f,
0xe55f, 0xd4fe, 0xdd1e, 0xe55f, 0xdd3f, 0xdd3f, 0xdd3f, 0xe57f, 0xdd3e, 0xe59f,
0xedbf, 0xe57e, 0xe57e, 0xe59e, 0xedbf, 0xedbf, 0xdd5e, 0xe57f, 0xedbf, 0xe59f,
0xd51d, 0xccdb, 0xe5bd, 0xe59c, 0xe59d, 0xedbe, 0xe59e, 0xe57d, 0xe59e, 0xdd5d,
0xe55e, 0xfe3f, 0xe57f, 0xe57f, 0xe57f, 0xe57f, 0xe57e, 0xedbf, 0xed9e, 0xeddf,
0xeddf, 0xf61f, 0xeddf, 0xe59e, 0xedbf, 0xedbf, 0xe59e, 0xeddf, 0xeddf, 0xeddf,
0xeddf, 0xedbf, 0xe59f, 0xe59f, 0xedff, 0xedff, 0xe5be, 0xedde, 0xf63f, 0xee1f,
0xee3f, 0xe5bf, 0xedff, 0xf63f, 0xee1f, 0xfe9f, 0xb479, 0x9bd7, 0xb499, 0x9375,
0x8b34, 0x8314, 0x8b35, 0x8b35, 0x8b14, 0x8b34, 0x8b13, 0x8b13, 0x8b13, 0x8b14,
0x8b14, 0x8b14, 0x8b14, 0x82d3, 0x82b2, 0x82d3, 0x82f3, 0x82f3, 0x82f3, 0x82f3,
0x8af3, 0x82f3, 0x8af3, 0x8b14, 0x8b34, 0x8b34, 0x8b14, 0x8b14, 0x8b14, 0x8b14,
0x8b34, 0x8b14, 0x8b14, 0x8b14, 0x8af4, 0x8b14, 0x8b14, 0x8b14, 0x8b34, 0x9335,
0x9355, 0x9b55, 0x9b76, 0x9b76, 0x9b55, 0x9b76, 0x9b76, 0x9b76, 0x9b56, 0x9b56,
0x9b76, 0x9b76, 0x9b97, 0xa3b7, 0xabd8, 0xabb8, 0xabd8, 0xabd9, 0xb3da, 0xb3d9,
0xb3d9, 0xb3b9, 0xabb9, 0xb3d9, 0xb41a, 0xb41a, 0xabf9, 0xabf8, 0xabf9, 0xabfa,
0xb41b, 0xbc1b, 0xbc3c, 0xccdd, 0xcc99, 0xbbf4, 0xc3d3, 0xc3d3, 0xc3d4, 0xc3f4,
0xc3f4, 0xc3f4, 0xc3f3, 0xc3f3, 0xc3f3, 0xc3f3, 0xc3f3, 0xc3d3, 0xbbd3, 0xbbd3,
0xbbd3, 0xbbd3, 0xbbd3, 0xbbd3, 0xbbd3, 0xbbd3, 0xbbf4, 0xc3f4, 0xc3f4, 0xc415,
0xc415, 0xc435, 0xc435, 0xc455, 0xc476, 0xcc96, 0xcc96, 0xcc96, 0xccb6, 0xccb6,
0xd4d7, 0xd4f7, 0xd517, 0xd538, 0xd537, 0xdd38, 0xdd38, 0xdd58, 0xdd78, 0xdd78,
0xdd58, 0xdd78, 0xdd99, 0xdd99, 0xddba, 0xe5dc, 0xe59d, 0xf61f, 0xe5bd, 0xccb9,

0xac3a, 0xc4fd, 0xd59f, 0xcd7e, 0xb4fb, 0x9c17, 0x8394, 0x7b53, 0x7b32, 0x8333,
0x93b6, 0xb49b, 0xbcdd, 0xb4bc, 0xb49b, 0xbcfd, 0xc51d, 0xc51d, 0xc51d, 0xcd5f,
0xd59f, 0xbcfc, 0x9bf7, 0x9395, 0x93b6, 0xa418, 0xbcfc, 0xd59f, 0xcd3e, 0xb49c,
0xac5b, 0xb47c, 0xbcbd, 0xc51e, 0xcd5f, 0xcd5f, 0xc51e, 0xc51e, 0xc4fe, 0xbcdd,
0xb4bc, 0xb49c, 0xb49c, 0xbcbd, 0xc4fd, 0xc53e, 0xc53e, 0xc53e, 0xc51d, 0xc51e,
0xc51d, 0xc4fd, 0xc51d, 0xc53e, 0xcd5e, 0xcd7f, 0xd57f, 0xcd7f, 0xc53e, 0xa479,
0xa458, 0x8373, 0x418c, 0x72f3, 0xa43a, 0xbcfe, 0xc55f, 0xc53e, 0xa45a, 0x9bf9,
0xac9b, 0xac9a, 0xa47a, 0x8b76, 0xcdbe, 0xacbb, 0x8375, 0x9c38, 0xc55d, 0xcd7f,
0xc51d, 0xf63f, 0xfe5f, 0xedfd, 0xf63e, 0xf61e, 0xedfe, 0xedde, 0xedde, 0xe5bd,
0xeddd, 0xee1e, 0xe5bd, 0xe5bd, 0xedfe, 0xedfe, 0xeddf, 0xe5be, 0xe59e, 0xe5be,
0xedde, 0xe5be, 0xe57d, 0xeddf, 0xedbe, 0xeddf, 0xfe3f, 0xfe3f, 0xeddf, 0xe59d,
0xdd5c, 0xedbd, 0xdd7b, 0xf63d, 0xfe5e, 0xe59a, 0xe59b, 0xe59c, 0xe5bd, 0xe59e,
0xdd5e, 0xe55f, 0xdd3e, 0xd4fe, 0xdd3e, 0xdd3f, 0xdd3f, 0xe57f, 0xe57f, 0xdd3e,
0xe55e, 0xe59f, 0xed9f, 0xeddf, 0xe57e, 0xedbf, 0xd51d, 0xedbf, 0xe59f, 0xedbf,
0xed9e, 0xd51b, 0xe5bd, 0xe59c, 0xdd7b, 0xe59d, 0xe59e, 0xe57d, 0xf61f, 0xedbf,
0xdd5e, 0xedbf, 0xe57e, 0xe55e, 0xdd3e, 0xe57f, 0xed9f, 0xedbf, 0xe59e, 0xf5ff,
0xf5df, 0xeddf, 0xedbf, 0xedbf, 0xeddf, 0xedbf, 0xe59e, 0xedbf, 0xedbf, 0xedbf,
0xeddf, 0xeddf, 0xeddf, 0xf5ff, 0xf5ff, 0xeddf, 0xe59f, 0xdd5e, 0xedbf, 0xeddf,
0xe5be, 0xe5be, 0xe5df, 0xe5df, 0xedff, 0xf67f, 0xee5f, 0xe5fe, 0xe5ff, 0xddbe,
0xac58, 0x8b14, 0x8b14, 0x8b14, 0x8b14, 0x8b54, 0x8b34, 0x8b33, 0x8b34, 0x8b14,
0x8b14, 0x8b14, 0x8b14, 0x8af3, 0x82d3, 0x82d3, 0x82d3, 0x8af3, 0x8af3, 0x8af3,
0x8af3, 0x8af3, 0x8b14, 0x8b14, 0x8b14, 0x8b34, 0x8b14, 0x8b34, 0x8b14, 0x8b34,
0x8b34, 0x8b34, 0x8b34, 0x8b34, 0x8b14, 0x82f3, 0x8b14, 0x8b34, 0x8b34, 0x9335,
0x9335, 0x9b55, 0x9b76, 0x9b76, 0xa396, 0x9b96, 0x9b76, 0x9b76, 0x9b76, 0x9b76,
0x9b76, 0x9b76, 0x9b76, 0xa377, 0xa3b7, 0xabd8, 0xabd9, 0xabd9, 0xabda, 0xabd9,
0xb419, 0xb439, 0xabf8, 0x9396, 0x7292, 0x59f0, 0x59ae, 0x59cf, 0x6a71, 0x7af4,
0x9397, 0xb45a, 0xbc7c, 0xc49b, 0xc437, 0xbbd4, 0xc3f3, 0xc3d3, 0xc3d4, 0xc3f4,
0xc3f4, 0xc3f4, 0xc3f3, 0xc3f3, 0xc3f3, 0xc3f3, 0xc3d3, 0xc3d3, 0xbbd3, 0xbbd3,
0xbbd3, 0xbbd3, 0xbbd3, 0xbbd3, 0xbbd3, 0xbbd3, 0xbbf4, 0xc3f4, 0xc415, 0xc415,
0xc415, 0xc435, 0xc455, 0xc456, 0xc476, 0xcc96, 0xcc96, 0xcc96, 0xccb6, 0xd4d7,
0xd4f7, 0xd4f7, 0xd517, 0xd538, 0xd537, 0xd538, 0xdd38, 0xdd58, 0xdd78, 0xdd79,
0xdd78, 0xdd79, 0xdd99, 0xddb9, 0xddda, 0xe5dc, 0xe5be, 0xfe3f, 0xd53b, 0xd4fa,

0xac5a, 0xc51d, 0xd5bf, 0xc57e, 0xacba, 0x9416, 0x8393, 0x7b32, 0x7b32, 0x8353,
0x93b6, 0xac7a, 0xb4bc, 0xb49b, 0xb49c, 0xbcfd, 0xc51d, 0xc51d, 0xc51e, 0xcd5f,
0xd59f, 0xb4bb, 0x9bd6, 0x8b75, 0x93b6, 0xac59, 0xc4fd, 0xd59f, 0xc51d, 0xac7b,
0xac5b, 0xb49c, 0xbcdd, 0xcd3e, 0xcd5f, 0xcd3f, 0xc4fe, 0xc51e, 0xc4fe, 0xbcbd,
0xb49c, 0xb49c, 0xb49c, 0xbcbd, 0xc4fe, 0xcd3e, 0xc53e, 0xc51d, 0xc51d, 0xc51e,
0xc51d, 0xc4fd, 0xc53e, 0xcd5e, 0xcd5f, 0xcd5e, 0xcd5e, 0xcd5f, 0xc53e, 0xac7a,
0x9417, 0x7b33, 0x418c, 0x7b34, 0xa43a, 0xbcfd, 0xbd1e, 0xc53e, 0xac9b, 0x9bf8,
0x93f8, 0xa439, 0xa47a, 0x7b14, 0xac7a, 0xd5ff, 0xa479, 0x8374, 0x9c38, 0xc55e,
0xcd5e, 0xdd9e, 0xf63f, 0xee1e, 0xedfe, 0xedfe, 0xf61f, 0xedfe, 0xf61f, 0xedde,
0xe59d, 0xedfe, 0xedff, 0xedde, 0xe5bd, 0xedde, 0xe5be, 0xedde, 0xe5be, 0xdd7d,
0xdd7d, 0xe5be, 0xe59e, 0xf5ff, 0xe59e, 0xe59e, 0xedbf, 0xfe3f, 0xedde, 0xdd5c,
0xe59c, 0xe59c, 0xdd7b, 0xe5bb, 0xf63d, 0xe5bc, 0xe5bc, 0xe59c, 0xe59c, 0xedbd,
0xe57c, 0xe59e, 0xeddf, 0xdd5e, 0xd4dd, 0xd4fd, 0xdd3e, 0xe55f, 0xe55f, 0xdd3e,
0xe55e, 0xed9f, 0xeddf, 0xedbf, 0xe57e, 0xe57f, 0xdd3e, 0xe55e, 0xdd1d, 0xed9f,
0xf5ff, 0xdd3c, 0xd51b, 0xdd5b, 0xdd5b, 0xe57c, 0xe59d, 0xedbe, 0xf5ff, 0xf5ff,
0xe59f, 0xdd1d, 0xe57f, 0xdd3e, 0xd51d, 0xedbf, 0xf5ff, 0xf5ff, 0xeddf, 0xeddf,
0xedbf, 0xe59e, 0xedbf, 0xeddf, 0xeddf, 0xedbf, 0xf5ff, 0xedbf, 0xeddf, 0xedbf,
0xf5ff, 0xf61f, 0xedbf, 0xeddf, 0xeddf, 0xf5ff, 0xe57e, 0xe59e, 0xe59f, 0xe57e,
0xe5be, 0xdd7e, 0xeddf, 0xeddf, 0xe59e, 0xeddf, 0xee1f, 0xfe9f, 0xedff, 0xee1f,
0xee1f, 0xcd3c, 0xb499, 0xa417, 0x9bb6, 0x8b34, 0x8b34, 0x8b34, 0x8b34, 0x8b34,
0x8b14, 0x8b14, 0x8b14, 0x8b14, 0x8b14, 0x8af3, 0x82d3, 0x8af3, 0x8b14, 0x8b14,
0x8b14, 0x8b14, 0x8b14, 0x8b14, 0x8b14, 0x8b34, 0x9334, 0x9335, 0x9335, 0x8b34,
0x8b34, 0x9355, 0x9355, 0x9355, 0x9335, 0x9335, 0x8b14, 0x8b34, 0x8b34, 0x9335,
0x9335, 0x9335, 0x9b55, 0x9b76, 0x9b76, 0xa396, 0x9b96, 0x9b76, 0x9b76, 0x9b97,
0x9b76, 0xa397, 0xa397, 0xa377, 0x9b77, 0xa398, 0xabd9, 0xb41a, 0xb41a, 0xb439,
0x9bb6, 0x620f, 0x390b, 0x28ea, 0x1888, 0x1888, 0x1888, 0x1868, 0x18a8, 0x20a9,
0x20a9, 0x5a0f, 0xbc9a, 0xc47a, 0xbbd5, 0xc3d4, 0xc3d3, 0xc3d4, 0xc3f4, 0xc3f4,
0xc3f4, 0xc3f4, 0xc3f3, 0xc3f3, 0xc3f3, 0xc3d3, 0xbbd3, 0xbbd3, 0xbbd3, 0xbbd3,
0xbbd3, 0xbbd3, 0xbbd3, 0xbbd3, 0xbbd3, 0xbbf4, 0xc3f4, 0xc414, 0xc415, 0xc415,
0xc435, 0xc435, 0xc456, 0xc476, 0xc476, 0xcc96, 0xcc96, 0xccb6, 0xccd7, 0xd4d7,
0xd4f7, 0xd4f7, 0xd517, 0xd538, 0xd537, 0xd538, 0xdd38, 0xdd58, 0xdd79, 0xdd99,
0xdd79, 0xdd99, 0xe599, 0xe5ba, 0xe5db, 0xe5dd, 0xedde, 0xedff, 0xccfa, 0xd51a,

0xb47b, 0xcd3e, 0xd59f, 0xc53d, 0xa478, 0x8bd4, 0x8393, 0x7b52, 0x7b31, 0x8352,
0x93d6, 0xac7a, 0xb4bc, 0xb49b, 0xb49b, 0xbcfd, 0xc51e, 0xc51d, 0xc51d, 0xcd5f,
0xd57f, 0xac79, 0x93b6, 0x8b95, 0x93b6, 0xac59, 0xc4fd, 0xcd5e, 0xc4fd, 0xac7b,
0xac5b, 0xb49c, 0xc4fe, 0xcd5f, 0xd57f, 0xc53e, 0xc4fd, 0xc4fe, 0xbcdd, 0xb49c,
0xac7b, 0xb49c, 0xb49c, 0xbcdd, 0xc51e, 0xc53e, 0xc53e, 0xc51e, 0xc51d, 0xc4fd,
0xbcfd, 0xc4fd, 0xcd3e, 0xcd5e, 0xcd5e, 0xcd3e, 0xc51e, 0xc53e, 0xc53e, 0xac9a,
0x93d6, 0x72d1, 0x418c, 0x7b74, 0x9c19, 0xb4dc, 0xb4dc, 0xc55e, 0xb4fc, 0x9c39,
0x8b96, 0x8b96, 0x9c39, 0x8b96, 0x8355, 0xd5ff, 0xd5be, 0xa457, 0x8374, 0xa459,
0xc55d, 0xcd3d, 0xee1f, 0xf65f, 0xf61e, 0xf61f, 0xf61f, 0xf61f, 0xedfe, 0xf61f,
0xe5bd, 0xedde, 0xf61f, 0xf61f, 0xe5be, 0xe59d, 0xe59d, 0xdd7d, 0xe5be, 0xedde,
0xe59d, 0xe5be, 0xe5be, 0xf5ff, 0xeddf, 0xe57e, 0xedbf, 0xeddf, 0xf5ff, 0xedbd,
0xe57c, 0xdd7b, 0xdd5a, 0xdd7a, 0xeddc, 0xeddc, 0xf5fd, 0xdd7b, 0xe57b, 0xeddc,
0xdd7a, 0xe59c, 0xe59f, 0xe57e, 0xdd5e, 0xe57f, 0xdd1e, 0xd51e, 0xd51d, 0xdd3e,
0xdd5e, 0xe55e, 0xedbf, 0xedbf, 0xf5df, 0xe57f, 0xdd5e, 0xe57e, 0xed9f, 0xed9f,
0xe57e, 0xe59e, 0xdd3b, 0xd51a, 0xdd5a, 0xe57b, 0xe57c, 0xedbe, 0xedbf, 0xe59e,
0xe57e, 0xe55e, 0xdd3e, 0xdd1d, 0xe55e, 0xdd5e, 0xeddf, 0xedbf, 0xedbf, 0xf5ff,
0xedbf, 0xedbf, 0xf5df, 0xf5ff, 0xedbf, 0xeddf, 0xedbf, 0xe59f, 0xed9e, 0xeddf,
0xedbf, 0xf5ff, 0xedbf, 0xedbf, 0xf5ff, 0xe57e, 0xeddf, 0xf5ff, 0xe59e, 0xe59e,
0xe59e, 0xe57e, 0xeddf, 0xedbe, 0xedbf, 0xedff, 0xe5df, 0xedff, 0xf61f, 0xedff,
0xf63f, 0xf63f, 0xe61f, 0xe5fe, 0xee3f, 0xb459, 0x9b96, 0x8b34, 0x8b13, 0x8b14,
0x9334, 0x8b34, 0x8b14, 0x8b14, 0x8b14, 0x8b14, 0x8af3, 0x8af3, 0x8af3, 0x8b14,
0x8b14, 0x8b14, 0x8b14, 0x8b14, 0x8b14, 0x8b14, 0x8b34, 0x9335, 0x9355, 0x9355,
0x9335, 0x9355, 0x9355, 0x9375, 0x9355, 0x9355, 0x9355, 0x8b34, 0x9335, 0x9355,
0x9335, 0x9355, 0x9b76, 0x9b76, 0x9b76, 0x9b96, 0xa396, 0xa397, 0x9b97, 0xa3b7,
0xa397, 0x9b97, 0xa397, 0x9b76, 0x9b97, 0xa3d8, 0xa3f8, 0x8b35, 0x6230, 0x496d,
0x2067, 0x1846, 0x2909, 0x20e8, 0x2109, 0x1909, 0x18c8, 0x2109, 0x1909, 0x18e9,
0x20c8, 0x1067, 0x620e, 0xbc16, 0xbbb4, 0xc3d4, 0xc3d3, 0xc3f4, 0xc3f4, 0xc3f4,
0xc3f4, 0xc3f3, 0xc3f3, 0xc3f3, 0xc3d3, 0xbbd3, 0xbbb3, 0xbbb3, 0xbbb3, 0xbbb3,
0xbbb3, 0xbbb3, 0xbbd3, 0xbbd3, 0xbbd3, 0xbbf4, 0xbbf4, 0xc3f4, 0xc414, 0xc415,
0xc435, 0xc455, 0xc476, 0xc476, 0xc496, 0xcc96, 0xccb6, 0xccb6, 0xccb6, 0xd4d7,
0xd4f7, 0xd4f7, 0xd517, 0xd538, 0xdd38, 0xdd38, 0xdd58, 0xdd58, 0xdd79, 0xdd99,
0xdd99, 0xe599, 0xe5b9, 0xe5da, 0xe5fc, 0xe5dd, 0xedff, 0xdd5d, 0xccda, 0xd519,

0xb49b, 0xcd3e, 0xd5bf, 0xbd1c, 0x9c57, 0x8bb3, 0x8372, 0x7b31, 0x7b11, 0x8352,
0x93d5, 0xb49a, 0xb4bc, 0xb49b, 0xb49b, 0xc4fd, 0xc51e, 0xc51d, 0xc51e, 0xd57f,
0xcd5e, 0xa418, 0x9395, 0x8b95, 0x93b6, 0xac7a, 0xc51d, 0xc51d, 0xbcbc, 0xac7b,
0xac7b, 0xb4bc, 0xc4fe, 0xcd5f, 0xd57f, 0xc51e, 0xc4fd, 0xc4fe, 0xb4bc, 0xac5b,
0xb49c, 0xc51e, 0xbcdd, 0xbcdd, 0xc51e, 0xc51e, 0xc51d, 0xc51d, 0xc51d, 0xbcfd,
0xbcfd, 0xc51d, 0xc53e, 0xcd3e, 0xcd5e, 0xc53e, 0xc4fd, 0xbcfd, 0xc53e, 0xb4db,
0x93d6, 0x624f, 0x418c, 0x7313, 0x93d8, 0xacbc, 0xbcfc, 0xbd3d, 0xbd1c, 0xac9a,
0x93b7, 0x8b96, 0x7b35, 0xa459, 0x6a72, 0xc55d, 0xd5df, 0xd59d, 0x9c38, 0x7b33,
0x9c38, 0xb4bb, 0xdd9e, 0xf63f, 0xfe7f, 0xf63f, 0xedde, 0xf61f, 0xedde, 0xedde,
0xf61f, 0xedff, 0xedff, 0xedff, 0xedff, 0xedde, 0xedde, 0xdd7d, 0xdd5c, 0xe5be,
0xe59e, 0xe59d, 0xe59e, 0xe57e, 0xed9f, 0xedbf, 0xf5ff, 0xeddf, 0xeddf, 0xf61f,
0xe59d, 0xdd3b, 0xedbd, 0xe59c, 0xdd7b, 0xeddc, 0xeddc, 0xe59c, 0xdd7b, 0xe57b,
0xdd7b, 0xdd7c, 0xe59e, 0xe57e, 0xd51d, 0xe57f, 0xdd3e, 0xdd3f, 0xdd1e, 0xd4fd,
0xccdc, 0xe55e, 0xeddf, 0xdd3d, 0xe57e, 0xe55e, 0xdd1d, 0xe57f, 0xdd3d, 0xd51d,
0xed9f, 0xedbf, 0xe59e, 0xdd5c, 0xdd7c, 0xe59c, 0xe59d, 0xedbe, 0xedbf, 0xe57e,
0xe55e, 0xedbf, 0xdd1d, 0xdd3e, 0xdd5e, 0xdd3e, 0xe57e, 0xedbf, 0xf5ff, 0xf5ff,
0xedbf, 0xf5df, 0xedbf, 0xedbf, 0xeddf, 0xf5df, 0xedbf, 0xeddf, 0xedbf, 0xed9f,
0xf5df, 0xeddf, 0xe59f, 0xed9f, 0xf5df, 0xed9e, 0xf5df, 0xed9f, 0xe55e, 0xf61f,
0xf5ff, 0xe57e, 0xedbf, 0xedbf, 0xedbe, 0xf5ff, 0xedbf, 0xedbf, 0xeddf, 0xf5ff,
0xeddf, 0xe59e, 0xee1f, 0xf65f, 0xee3f, 0xee1f, 0xdd7d, 0xc4ba, 0xac18, 0x8b34,
0x8b14, 0x8b34, 0x8b34, 0x9334, 0x8b14, 0x8b14, 0x8b14, 0x8b14, 0x8af3, 0x8af3,
0x8b14, 0x8b14, 0x8b14, 0x8b14, 0x8b14, 0x8b14, 0x8b34, 0x8b34, 0x9355, 0x9355,
0x9355, 0x9355, 0x9355, 0x9375, 0x9375, 0x9355, 0x9355, 0x9355, 0x9335, 0x9355,
0x9355, 0x9355, 0x9b76, 0x9b76, 0x9b76, 0x9b76, 0xa396, 0xa3b7, 0xa3b7, 0xa3b7,
0xa3b7, 0xa3b7, 0xa397, 0xa3d7, 0x9bd7, 0x72b1, 0x416c, 0x2088, 0x1887, 0x20a8,
0x6af1, 0xacf8, 0xc5dc, 0x41cc, 0x2909, 0x20a8, 0x18c8, 0x18e9, 0x18c8, 0x1909,
0x20e8, 0x1887, 0x59ac, 0xc415, 0xbbd4, 0xc3d4, 0xc3d3, 0xc3f4, 0xc3f4, 0xc3f4,
0xc3f3, 0xc3d3, 0xc3f3, 0xc3d3, 0xc3d3, 0xbbb3, 0xbbb3, 0xbbb3, 0xbbb3, 0xbbb3,
0xbbb3, 0xbbb3, 0xbbd3, 0xbbd3, 0xbbd3, 0xbbf4, 0xbbf4, 0xc3f4, 0xbc15, 0xc435,
0xc455, 0xc476, 0xc476, 0xc476, 0xc496, 0xcc96, 0xccb6, 0xccb6, 0xccd7, 0xd4f7,
0xd4f7, 0xd517, 0xd537, 0xdd38, 0xdd38, 0xdd58, 0xdd58, 0xdd78, 0xdd79, 0xdd99,
0xe599, 0xe5b9, 0xe5da, 0xe5db, 0xe5fc, 0xedde, 0xe59e, 0xccdb, 0xccf9, 0xdd39,

0xbcbd, 0xd57f, 0xd5bf, 0xb4db, 0x9c16, 0x8bb3, 0x7b72, 0x7b11, 0x7b31, 0x8352,
0x93d6, 0xac7a, 0xb49b, 0xb47b, 0xb49c, 0xc51d, 0xc51d, 0xc51d, 0xc53e, 0xd57f,
0xc51d, 0x9bf7, 0x9395, 0x8b75, 0x9bd6, 0xb49a, 0xc4fd, 0xc4fd, 0xb49b, 0xac5b,
0xb49c, 0xbcbd, 0xc4fe, 0xcd7f, 0xcd5f, 0xc4fe, 0xc4fe, 0xbcfd, 0xb47c, 0xac5b,
0xb49c, 0xbcdd, 0xbcdd, 0xc4fe, 0xc51e, 0xc51d, 0xc4fd, 0xbcfd, 0xc4fd, 0xbcfd,
0xc4fd, 0xc51e, 0xc51d, 0xc51e, 0xcd3e, 0xc53e, 0xc51d, 0xc51d, 0xbcfd, 0xb4bb,
0x93d6, 0x6270, 0x49ad, 0x6270, 0x8376, 0xac7b, 0xb4bb, 0xbd1c, 0xa47a, 0xa479,
0x93b7, 0x93f8, 0x7af4, 0x93f8, 0x72f4, 0xa459, 0xd5ff, 0xcd7e, 0xbd3c, 0x83b5,
0x72f2, 0x93f6, 0xd59d, 0xee1e, 0xf63e, 0xf63f, 0xf61e, 0xedde, 0xedbe, 0xeddf,
0xf63f, 0xf63f, 0xedff, 0xedff, 0xe5be, 0xdd7d, 0xe5be, 0xeddf, 0xe59e, 0xe5be,
0xedde, 0xe59e, 0xeddf, 0xedbf, 0xdd1d, 0xe57e, 0xeddf, 0xedbf, 0xeddf, 0xf5df,
0xedbf, 0xe57d, 0xdd7c, 0xe5bd, 0xedbd, 0xe59c, 0xe5bc, 0xe5bc, 0xe57c, 0xdd7c,
0xe59d, 0xedbe, 0xf5ff, 0xf5ff, 0xdd5e, 0xd4fd, 0xdd3f, 0xdd1f, 0xdd3e, 0xdd3e,
0xd4fd, 0xe57f, 0xedbf, 0xd51c, 0xdd3d, 0xdd5e, 0xdd1d, 0xe57f, 0xd4fd, 0xdd3d,
0xe55f, 0xd4fe, 0xe57f, 0xe57d, 0xe57d, 0xe59d, 0xe57d, 0xe57e, 0xe59e, 0xedbf,
0xdd5e, 0xdd5e, 0xdd5e, 0xd4fd, 0xdd1d, 0xe57e, 0xe57e, 0xedbf, 0xeddf, 0xe59e,
0xed9e, 0xe59e, 0xedbf, 0xf61f, 0xf5ff, 0xf5ff, 0xf5ff, 0xeddf, 0xedbf, 0xeddf,
0xedbf, 0xf5df, 0xedbf, 0xe55e, 0xe57e, 0xed9f, 0xed9e, 0xfe1f, 0xed7e, 0xf5df,
0xf5ff, 0xed9e, 0xdd5d, 0xed9e, 0xedbf, 0xe57e, 0xed9e, 0xf5df, 0xe59e, 0xed9f,
0xf5ff, 0xf61f, 0xf5ff, 0xf5fe, 0xedff, 0xe5be, 0xe59f, 0xe59f, 0xfe5f, 0xd57c,
0xac18, 0x8b14, 0x8b14, 0x8b14, 0x8b34, 0x8b34, 0x8b34, 0x8b14, 0x8af3, 0x82f3,
0x8af3, 0x8b14, 0x8b14, 0x8b14, 0x8b14, 0x8b14, 0x8b34, 0x8b34, 0x9335, 0x9355,
0x9355, 0x9355, 0x9355, 0x9355, 0x9355, 0x9355, 0x9375, 0x9375, 0x9355, 0x9355,
0x9355, 0x9b55, 0x9b76, 0x9b76, 0x9b76, 0x9b76, 0x9b76, 0xa397, 0xa3b7, 0xa3b7,
0xa3b7, 0xabf8, 0xa3b7, 0x7af2, 0x414b, 0x1867, 0x1886, 0x18e7, 0x10c6, 0x6b51,
0xc5dd, 0x8bf6, 0xc5bc, 0xde1d, 0xde3d, 0xbd1a, 0x28ca, 0x1868, 0x20c9, 0x18a8,
0x20a8, 0x3109, 0xa3d3, 0xc413, 0xc3f4, 0xc3b3, 0xc3d4, 0xc3f4, 0xc3f4, 0xc3f3,
0xc3d3, 0xc3d3, 0xc3d3, 0xc3d3, 0xbbd3, 0xbbb3, 0xbbb3, 0xbbb3, 0xbbb3, 0xbbb3,
0xbbb3, 0xbbb3, 0xbbd3, 0xbbd3, 0xbbd3, 0xbbf4, 0xbbf4, 0xc3f4, 0xc435, 0xc435,
0xc456, 0xc476, 0xc476, 0xc496, 0xc496, 0xccb6, 0xccb6, 0xccd7, 0xd4d7, 0xd4f7,
0xd4f7, 0xd517, 0xd538, 0xdd38, 0xdd38, 0xdd58, 0xdd58, 0xdd78, 0xdd99, 0xe599,
0xe5b9, 0xe5ba, 0xe5da, 0xedfb, 0xe5fd, 0xedfe, 0xdd5d, 0xccba, 0xd4f9, 0xdd39,

0xbcfc, 0xd59f, 0xcd7f, 0xacba, 0x9414, 0x83b1, 0x7b70, 0x7b30, 0x7b31, 0x8373,
0x9c16, 0xac79, 0xac9a, 0xac7a, 0xb4bb, 0xc51d, 0xc51d, 0xc51d, 0xc53e, 0xcd7f,
0xbcdc, 0x9bf7, 0x8b95, 0x8b95, 0x9c17, 0xb49a, 0xbcdc, 0xbcfd, 0xac7b, 0xac7b,
0xb4bd, 0xbcdd, 0xcd3e, 0xd59f, 0xcd5f, 0xbcdd, 0xbcdd, 0xbcfd, 0xb49c, 0xac7b,
0xac5b, 0xac7b, 0xbcdd, 0xc51e, 0xc53e, 0xbcfc, 0xbcdc, 0xbcdc, 0xbcfd, 0xbcfd,
0xbcfd, 0xc51d, 0xc51d, 0xc51d, 0xc53e, 0xc51d, 0xcd3e, 0xcd5e, 0xbcfd, 0xac9a,
0x93f6, 0x6270, 0x49cd, 0x6291, 0x72d3, 0x9c18, 0x9c39, 0xacbb, 0x8bb6, 0x7b34,
0x93d7, 0x93d7, 0x8b96, 0x72d3, 0x8bb6, 0x8334, 0xde1f, 0xcd9e, 0xc55c, 0xb4fb,
0x8b95, 0x8375, 0xb4db, 0xe61f, 0xf65f, 0xedff, 0xedff, 0xe5be, 0xe5de, 0xf63f,
0xedff, 0xf5ff, 0xedde, 0xedde, 0xedde, 0xe5bd, 0xdd7c, 0xedbe, 0xe59e, 0xe59d,
0xe59e, 0xe59e, 0xedbe, 0xf5ff, 0xdd7d, 0xdd5d, 0xeddf, 0xe59f, 0xedbf, 0xf5ff,
0xe57e, 0xe59e, 0xe57d, 0xdd5b, 0xe57c, 0xe59b, 0xe59b, 0xe59c, 0xe59c, 0xe57d,
0xe59e, 0xedbe, 0xedbe, 0xf5df, 0xedbf, 0xdd3d, 0xccbc, 0xd4dd, 0xd4fd, 0xdd1d,
0xdd3d, 0xdd5e, 0xdd3d, 0xe59e, 0xdd3d, 0xdd5e, 0xdd3e, 0xdd3d, 0xe55e, 0xdd1d,
0xdd3e, 0xdd1e, 0xd4fd, 0xd51d, 0xdd5d, 0xdd5e, 0xedbf, 0xe55d, 0xe55e, 0xed9f,
0xe57e, 0xe55e, 0xe57f, 0xe55e, 0xe55f, 0xed9f, 0xe55e, 0xe57f, 0xe57e, 0xed9f,
0xedbf, 0xe57e, 0xe59f, 0xeddf, 0xf5ff, 0xeddf, 0xeddf, 0xf5ff, 0xedbf, 0xed9f,
0xed9f, 0xedbf, 0xedbf, 0xe55e, 0xedbf, 0xf5df, 0xe57e, 0xf5df, 0xf5ff, 0xe57e,
0xe57e, 0xf5ff, 0xed9e, 0xe57e, 0xf5df, 0xeddf, 0xdd5d, 0xedff, 0xf61f, 0xeddf,
0xf61f, 0xf61f, 0xf5ff, 0xedde, 0xe59e, 0xe59e, 0xedbf, 0xdd5d, 0xedff, 0xfe7f,
0xf65f, 0xcd1c, 0xc49a, 0x9314, 0x8af4, 0x9314, 0x8b14, 0x9334, 0x8b14, 0x8b14,
0x82f4, 0x8b14, 0x8b34, 0x8b34, 0x8b14, 0x8b14, 0x8b34, 0x8b14, 0x8b34, 0x9355,
0x9355, 0x9355, 0x9355, 0x9355, 0x9335, 0x9355, 0x9b76, 0x9b75, 0x9b76, 0x9b55,
0x9335, 0x9335, 0x9b76, 0x9b76, 0x9b76, 0x9b76, 0x9b96, 0x9b76, 0xa397, 0xa3f8,
0xac38, 0x8354, 0x416c, 0x1887, 0x1887, 0x18a7, 0x20c8, 0x18a7, 0x3129, 0xb539,
0x8b95, 0x7b33, 0xd5bd, 0xd5dd, 0xee7f, 0x7ad2, 0x2068, 0x20c9, 0x10a9, 0x18c9,
0x2087, 0x724e, 0xc435, 0xbbd3, 0xc3d3, 0xc3d4, 0xc3d4, 0xc3f3, 0xc3f3, 0xc3f3,
0xc3d3, 0xc3d3, 0xc3d3, 0xbbd3, 0xbbd3, 0xbbd3, 0xbbd3, 0xbbd3, 0xbbb3, 0xbbb3,
0xbbd3, 0xbbd3, 0xbbd3, 0xbbd4, 0xbbf4, 0xbbf4, 0xbbf4, 0xc414, 0xbc35, 0xbc35,
0xc455, 0xc476, 0xc476, 0xc496, 0xccb6, 0xccb6, 0xccd7, 0xccd7, 0xd4f7, 0xd4f7,
0xd517, 0xd537, 0xd538, 0xdd58, 0xdd58, 0xdd58, 0xdd58, 0xdd79, 0xdd99, 0xe5b9,
0xe5ba, 0xe5da, 0xe5da, 0xedfb, 0xeddd, 0xedde, 0xd51b, 0xc4d9, 0xd53a, 0xdd5a,

0xbcfb, 0xd57f, 0xcd5f, 0xac99, 0x93f3, 0x83b0, 0x7b50, 0x7b30, 0x7b31, 0x8373,
0x9416, 0xa479, 0xac9a, 0xac9a, 0xb4db, 0xbcfc, 0xbcfd, 0xbd1d, 0xcd5f, 0xcd7e,
0xac9a, 0x93d6, 0x8b74, 0x8b95, 0x9c18, 0xb4bb, 0xbcdc, 0xb4bc, 0xac7b, 0xac9c,
0xb4bd, 0xbcfe, 0xcd5f, 0xd57f, 0xc53e, 0xbcdd, 0xbcbd, 0xbcdd, 0xb49c, 0xac5b,
0xac5a, 0xb47b, 0xbcfd, 0xc51e, 0xc53e, 0xbcdc, 0xbcbc, 0xbcdc, 0xbcfd, 0xc4fd,
0xbcfd, 0xbcfd, 0xbcfd, 0xc4fd, 0xc51d, 0xc4fd, 0xcd5e, 0xcd7f, 0xc53e, 0xac9a,
0x93f6, 0x5a2e, 0x312a, 0x524f, 0x6270, 0x8374, 0x8bb6, 0x9c38, 0x8374, 0x49ad,
0x7313, 0x8bf6, 0x93d6, 0x51ef, 0x8354, 0x72b2, 0xcd7d, 0xde1f, 0xcd9e, 0xbd1c,
0xbd1c, 0x8375, 0x93f7, 0xd59d, 0xee5f, 0xe5df, 0xedff, 0xe5bd, 0xe5de, 0xedfe,
0xf5ff, 0xedbe, 0xe5be, 0xedde, 0xedde, 0xedde, 0xeddd, 0xedde, 0xedde, 0xedbe,
0xedbe, 0xe59e, 0xe59d, 0xe59d, 0xe5be, 0xedbf, 0xeddf, 0xe57f, 0xe59f, 0xeddf,
0xe57e, 0xdd7d, 0xdd5c, 0xd53b, 0xd53a, 0xdd7b, 0xe5bc, 0xe5bc, 0xedbd, 0xedbe,
0xe57e, 0xed9e, 0xe55d, 0xed9e, 0xf5bf, 0xf5bf, 0xed7e, 0xd4dc, 0xccbb, 0xd4fc,
0xdd3d, 0xdd3d, 0xdd1c, 0xdd5d, 0xdd5d, 0xe59e, 0xdd3d, 0xd51d, 0xdd3e, 0xdd1e,
0xdd3e, 0xe55e, 0xdd1d, 0xdd1d, 0xe55e, 0xdd1d, 0xe57f, 0xe55e, 0xe53d, 0xdd3d,
0xe57e, 0xf5bf, 0xe57e, 0xe55e, 0xe55f, 0xe57f, 0xe53e, 0xe55f, 0xed7f, 0xed9f,
0xed9f, 0xed9f, 0xe59f, 0xeddf, 0xeddf, 0xed9f, 0xeddf, 0xeddf, 0xeddf, 0xe59e,
0xe59e, 0xe57e, 0xd51c, 0xe59e, 0xeddf, 0xe59e, 0xe59e, 0xe57e, 0xe59f, 0xedbf,
0xed9f, 0xf5df, 0xf5ff, 0xf61f, 0xedbe, 0xdd5d, 0xedde, 0xf63f, 0xe5be, 0xf63f,
0xee1f, 0xedde, 0xf61f, 0xf63f, 0xedbe, 0xedff, 0xfe5f, 0xe59d, 0xdd7d, 0xe5de,
0xee1f, 0xf61f, 0xedff, 0xd53d, 0xccdc, 0xbc7a, 0x9b76, 0x8b14, 0x8b14, 0x82f4,
0x8b14, 0x82f3, 0x8313, 0x8b14, 0x8b14, 0x8b14, 0x8b14, 0x8b14, 0x8b14, 0x8b34,
0x9355, 0x9355, 0x9355, 0x9334, 0x9335, 0x9355, 0x9b55, 0x9b76, 0x9b76, 0x9b76,
0x9b76, 0x9355, 0x9355, 0x9b76, 0x9b76, 0x9b76, 0x9b76, 0x9b77, 0x9bb7, 0xa418,
0x6ab1, 0x20c9, 0x1087, 0x18c7, 0x18c8, 0x18c8, 0x20c8, 0x2067, 0x8373, 0xde3e,
0xc55a, 0xd5fd, 0xeebf, 0xeebf, 0x7b53, 0x2047, 0x28ea, 0x18ea, 0x110a, 0x10a8,
0x4109, 0xb3d4, 0xc3d3, 0xc3d3, 0xc3d3, 0xc3f3, 0xc3f3, 0xc3f3, 0xc3f3, 0xc3f3,
0xc3d3, 0xc3d3, 0xbbd3, 0xbbd3, 0xbbd3, 0xbbd3, 0xbbd3, 0xbbd3, 0xbbb3, 0xbbb3,
0xbbd3, 0xbbd3, 0xbbd4, 0xbbd4, 0xbbf4, 0xbbf4, 0xbc14, 0xbc15, 0xbc35, 0xbc35,
0xc455, 0xc476, 0xc476, 0xcc96, 0xccb6, 0xccb6, 0xccd7, 0xd4f7, 0xd4f7, 0xd4f7,
0xd517, 0xd537, 0xd538, 0xdd58, 0xdd58, 0xdd78, 0xdd78, 0xdd99, 0xdd99, 0xe5b9,
0xe5da, 0xe5fa, 0xe5fa, 0xedfb, 0xedfe, 0xe5bc, 0xccd9, 0xccf9, 0xd55a, 0xdd7a,

0xc51c, 0xd57f, 0xc51e, 0xa478, 0x8bd2, 0x8390, 0x7b50, 0x7b30, 0x7b31, 0x8372,
0x93f6, 0xa479, 0xac7a, 0xac7a, 0xb4db, 0xbd1d, 0xbcfd, 0xbd1d, 0xcd7f, 0xc53d,
0xa458, 0x93b5, 0x8b74, 0x93b5, 0x9c18, 0xb49b, 0xbcdc, 0xb49c, 0xac7b, 0xb49c,
0xb4bd, 0xc53f, 0xcd5f, 0xcd5f, 0xc4fe, 0xbcbd, 0xbcbc, 0xbcbc, 0xac7b, 0xac5a,
0xac5b, 0xb49b, 0xbcfd, 0xc53e, 0xc53e, 0xbcdc, 0xb4bc, 0xbcdc, 0xbcdd, 0xbcfd,
0xbcfd, 0xbcfd, 0xbcdd, 0xc4fe, 0xbcfe, 0xbcfe, 0xc53f, 0xc53e, 0xc53e, 0xb4bb,
0x93f6, 0x520d, 0x28e8, 0x398b, 0x522d, 0x7311, 0x7312, 0x8394, 0x72f1, 0x49ec,
0x394a, 0x72f1, 0x7b73, 0x418c, 0x6270, 0x624f, 0xa478, 0xde3f, 0xd5ff, 0xbd1c,
0xc55d, 0xb4fb, 0x8355, 0xb4ba, 0xe5ff, 0xe5df, 0xe5be, 0xedff, 0xe5de, 0xe5de,
0xedff, 0xedff, 0xdd7d, 0xe59d, 0xedde, 0xedde, 0xe5bd, 0xe5de, 0xedff, 0xeddf,
0xedff, 0xedff, 0xe5be, 0xdd5d, 0xdd7d, 0xeddf, 0xe5bf, 0xe59e, 0xe59e, 0xe59f,
0xe59e, 0xdd5d, 0xd51b, 0xccfa, 0xd51a, 0xdd7b, 0xe5bc, 0xedbd, 0xe5bd, 0xeddf,
0xf61f, 0xedbe, 0xdd3d, 0xe57e, 0xe57e, 0xe57e, 0xf5ff, 0xe57f, 0xdd3e, 0xdd1d,
0xd51d, 0xdd5e, 0xdd3d, 0xdd5d, 0xedbf, 0xe57e, 0xdd3d, 0xdd1d, 0xd4fd, 0xdd3e,
0xdd3e, 0xdd3e, 0xdd3e, 0xdd3e, 0xe55e, 0xe57f, 0xe57e, 0xe55e, 0xe57e, 0xe55e,
0xed9f, 0xedbf, 0xf5df, 0xd4fc, 0xe55e, 0xe55e, 0xe55e, 0xe57e, 0xed9f, 0xe59f,
0xedbf, 0xedbf, 0xeddf, 0xedbf, 0xeddf, 0xe59e, 0xdd3d, 0xed9e, 0xf5ff, 0xeddf,
0xe57d, 0xe57e, 0xed9e, 0xe57e, 0xdd1d, 0xdd3d, 0xedbf, 0xdd5d, 0xe57e, 0xe57f,
0xe57f, 0xe59f, 0xedbf, 0xeddf, 0xedbf, 0xdd7d, 0xedde, 0xf61f, 0xf61f, 0xf63f,
0xfe5f, 0xf63f, 0xf61f, 0xedff, 0xedff, 0xf61f, 0xf61f, 0xedde, 0xdd9d, 0xe5be,
0xe5de, 0xe5df, 0xe5be, 0xe5df, 0xedff, 0xedff, 0xe5be, 0xc4fb, 0xbc9a, 0x9b96,
0x8314, 0x8313, 0x82f3, 0x8b14, 0x8b14, 0x8b14, 0x9314, 0x9314, 0x8b14, 0x8b14,
0x8b34, 0x9355, 0x9355, 0x9355, 0x9355, 0x9355, 0x9355, 0x9b55, 0x9b76, 0x9b76,
0x9b76, 0x9b76, 0x9b55, 0x9b55, 0x9b76, 0x9b76, 0x9b76, 0xa397, 0xa3d7, 0x51ce,
0x1827, 0x1887, 0x18a8, 0x10a7, 0x18c8, 0x18c8, 0x1887, 0x418b, 0x83b4, 0x62b0,
0x62b0, 0x5a8f, 0x5a6f, 0x6af1, 0x28c9, 0x28e9, 0x20e9, 0x190a, 0x2109, 0x2087,
0x82b0, 0xc3f5, 0xc3b3, 0xc3d3, 0xc3d3, 0xc3f3, 0xc3f3, 0xc3f3, 0xc3f3, 0xc3d3,
0xc3d3, 0xbbd3, 0xbbd3, 0xbbd3, 0xbbd3, 0xbbd3, 0xbbd3, 0xbbd3, 0xbbb3, 0xbbb3,
0xbbd3, 0xbbd3, 0xbbd4, 0xbbd4, 0xbbf4, 0xbbf4, 0xbc14, 0xbc15, 0xbc35, 0xc455,
0xc476, 0xc476, 0xcc96, 0xcc96, 0xccb6, 0xccb6, 0xccd7, 0xd4f7, 0xd4f7, 0xd518,
0xd518, 0xd538, 0xd558, 0xdd78, 0xdd78, 0xdd78, 0xdd79, 0xdd99, 0xddb9, 0xe5ba,
0xe5da, 0xedfb, 0xedfb, 0xedfc, 0xedfe, 0xd53a, 0xc4d8, 0xd53a, 0xdd7a, 0xdd9b,

0xc53d, 0xd57f, 0xbcfd, 0xa436, 0x8bd1, 0x8390, 0x7b4f, 0x7b2f, 0x7b30, 0x8372,
0x93f6, 0xa478, 0xa479, 0xac79, 0xb4bb, 0xc53d, 0xc51d, 0xc51d, 0xc55e, 0xb4bb,
0x9bf6, 0x8b94, 0x8b74, 0x93b6, 0x9c18, 0xac5a, 0xb4bc, 0xb4bc, 0xac7b, 0xb49c,
0xbcdd, 0xc53f, 0xcd7f, 0xcd3f, 0xbcdd, 0xb4bc, 0xb4bc, 0xb49c, 0xac5b, 0xac5b,
0xac7b, 0xb49c, 0xbcdc, 0xc51d, 0xc51e, 0xb4dd, 0xb4bc, 0xbcdd, 0xbcdc, 0xb4dc,
0xb4bb, 0xb4bc, 0xb4bc, 0xbcdd, 0xbcdd, 0xc53e, 0xc53e, 0xc51e, 0xc55e, 0xb4fc,
0x9c37, 0x51ed, 0x2908, 0x3149, 0x41ca, 0x6b10, 0x6ad0, 0x5a4e, 0x62af, 0x522c,
0x2908, 0x3149, 0x49ec, 0x396a, 0x520c, 0x51ec, 0x7b12, 0xd5ff, 0xd5df, 0xcd7d,
0xb4db, 0xd5ff, 0xac7a, 0x93f7, 0xcd7d, 0xee3f, 0xe59e, 0xe5be, 0xedff, 0xe5de,
0xee1f, 0xedff, 0xdd9d, 0xdd9d, 0xe5bd, 0xe5de, 0xedde, 0xedff, 0xe5de, 0xdd7d,
0xe5be, 0xedff, 0xe5be, 0xe5be, 0xe5be, 0xdd7d, 0xd55d, 0xdd7d, 0xe59e, 0xdd7e,
0xdd7e, 0xdd7d, 0xdd7d, 0xdd5c, 0xe5bd, 0xedfe, 0xedde, 0xe59d, 0xe59d, 0xeddf,
0xeddf, 0xf61f, 0xdd3d, 0xccdc, 0xe57e, 0xd51d, 0xe55e, 0xf5df, 0xe57f, 0xdd3e,
0xdd3e, 0xdd3e, 0xe57e, 0xe57e, 0xe57e, 0xdd1d, 0xe57e, 0xdd3e, 0xdd1d, 0xdd3e,
0xe55f, 0xdd5e, 0xd51d, 0xd4fd, 0xdd5e, 0xedbf, 0xe57e, 0xdd1d, 0xe57e, 0xed9f,
0xe55e, 0xedbf, 0xf5ff, 0xdd3d, 0xdd3d, 0xdd3d, 0xd4fc, 0xdd3d, 0xe57e, 0xed9e,
0xf5df, 0xeddf, 0xedbe, 0xe59e, 0xdd5d, 0xe59e, 0xe59e, 0xe59e, 0xedbf, 0xedbf,
0xedbf, 0xe57e, 0xe59e, 0xdd3d, 0xdd3d, 0xe59e, 0xedbf, 0xdd3d, 0xe57e, 0xe57e,
0xe57f, 0xdd5e, 0xdd5d, 0xe59e, 0xe59e, 0xe59e, 0xedff, 0xedff, 0xf63f, 0xfe5f,
0xf61f, 0xedfe, 0xf63f, 0xdd7d, 0xe5de, 0xe5be, 0xf63f, 0xf63f, 0xe5ff, 0xe5fe,
0xe5df, 0xe5df, 0xe5df, 0xddbf, 0xe5bf, 0xe5df, 0xe5ff, 0xee3f, 0xee3f, 0xe5ff,
0xac59, 0x9bd7, 0x9355, 0x82f3, 0x8af3, 0x8b14, 0x9314, 0x8b14, 0x8b34, 0x8b14,
0x8b34, 0x9334, 0x9355, 0x9355, 0x9b55, 0x9b55, 0x9b55, 0x9b55, 0x9b55, 0x9b55,
0x9b76, 0x9b55, 0x9b55, 0x9b55, 0x9b55, 0x9b76, 0xa396, 0xa3d7, 0x7ab2, 0x1827,
0x1887, 0x18a7, 0x1087, 0x10a7, 0x18c8, 0x18a7, 0x1887, 0x2909, 0x1867, 0x0805,
0x0826, 0x0846, 0x1087, 0x1087, 0x20e9, 0x20e9, 0x1109, 0x1909, 0x20c8, 0x518b,
0xbc15, 0xc3b4, 0xc3b3, 0xc3d3, 0xc3d3, 0xc3f3, 0xc3f3, 0xc3f3, 0xc3f3, 0xc3d3,
0xbbb3, 0xbbb3, 0xbbb3, 0xbbd3, 0xbbb3, 0xbbb3, 0xbbd3, 0xbbb3, 0xbbb3, 0xbbb3,
0xbbd3, 0xbbd3, 0xbbd4, 0xbbf4, 0xbbf4, 0xbbf4, 0xbc15, 0xc435, 0xbc35, 0xc455,
0xc476, 0xcc96, 0xcc96, 0xcc97, 0xccb6, 0xccb6, 0xccd7, 0xd4f7, 0xd517, 0xd518,
0xd518, 0xd538, 0xdd58, 0xdd78, 0xdd78, 0xdd79, 0xdd99, 0xddb9, 0xe5b9, 0xe5da,
0xe5db, 0xedfb, 0xedfb, 0xedfc, 0xedfd, 0xccf9, 0xccf9, 0xdd5a, 0xdd9a, 0xe5bb,

0xc53d, 0xd59f, 0xb4bb, 0x9c15, 0x8bd1, 0x8390, 0x7b4f, 0x732f, 0x7b30, 0x8372,
0x93f6, 0xa458, 0xa459, 0xac7a, 0xb4bb, 0xbd1d, 0xc51d, 0xc53e, 0xc53e, 0xac79,
0x93d5, 0x8b73, 0x8b74, 0x93b6, 0xa438, 0xa45a, 0xb49b, 0xb49c, 0xac7b, 0xac7b,
0xbcdd, 0xc53f, 0xcd5f, 0xc51e, 0xb49c, 0xb49c, 0xb49c, 0xb49c, 0xac5b, 0xac3a,
0xac7b, 0xb4bc, 0xbcbc, 0xbcfd, 0xbcdc, 0xacbb, 0xacbb, 0xb4dc, 0xac9a, 0xa479,
0xa458, 0xa479, 0xac79, 0xa459, 0xac79, 0xac9a, 0x9c18, 0xa459, 0xacba, 0xb4fb,
0xacb9, 0x520d, 0x2908, 0x3149, 0x3148, 0x5a8e, 0x522d, 0x398b, 0x524d, 0x41aa,
0x2928, 0x2908, 0x2908, 0x3129, 0x41ab, 0x520c, 0x5a4e, 0xc53d, 0xcdbf, 0xcdbf,
0xbd3d, 0xddff, 0xcd9e, 0xa479, 0xa499, 0xe61f, 0xee1f, 0xe5be, 0xe5de, 0xe5ff,
0xee1f, 0xedff, 0xdd7c, 0xdd9c, 0xddbd, 0xe5bd, 0xe5de, 0xedff, 0xedff, 0xdd9e,
0xd55e, 0xe5bf, 0xe5bf, 0xdd7d, 0xe5df, 0xdd9e, 0xd55d, 0xd57d, 0xdd9d, 0xdd7e,
0xd55d, 0xd57d, 0xe5df, 0xdd9e, 0xdd7d, 0xe5be, 0xe5be, 0xeddf, 0xe59e, 0xe59e,
0xe5bf, 0xedff, 0xedbf, 0xd51d, 0xdd5e, 0xdd5e, 0xe55f, 0xdd5f, 0xe55f, 0xdd1e,
0xdd3e, 0xdd5e, 0xe57e, 0xd51d, 0xdd1d, 0xe55e, 0xdd5e, 0xdd5e, 0xe57f, 0xdd3e,
0xdd5e, 0xe55e, 0xccdc, 0xccbc, 0xdd5e, 0xed9f, 0xeddf, 0xe55e, 0xed9e, 0xdd3d,
0xdd1d, 0xedbf, 0xedbf, 0xed9e, 0xd51c, 0xd51c, 0xd4fc, 0xd4fc, 0xe57e, 0xe59e,
0xedbf, 0xf5ff, 0xdd5d, 0xe57e, 0xedbe, 0xe57e, 0xeddf, 0xe57e, 0xe59e, 0xf5ff,
0xf5df, 0xe57e, 0xd4fc, 0xdd3d, 0xe59e, 0xe57e, 0xe59e, 0xdd5d, 0xdd5e, 0xdd7e,
0xdd5e, 0xd51d, 0xd53d, 0xe59e, 0xdd7d, 0xe5be, 0xeddf, 0xe59d, 0xedff, 0xedff,
0xeddf, 0xe59e, 0xf65f, 0xdd9d, 0xdd7d, 0xe5ff, 0xf63f, 0xf65f, 0xee1f, 0xe5de,
0xe61f, 0xee1f, 0xe5ff, 0xe5df, 0xddbf, 0xe5bf, 0xe5df, 0xe5ff, 0xee3f, 0xe63f,
0xdddf, 0xd5de, 0xb4ba, 0x8b54, 0x8b54, 0x82f3, 0x8b14, 0x8b34, 0x9334, 0x8b14,
0x8b14, 0x9334, 0x9334, 0x9355, 0x9355, 0x9b55, 0x9b55, 0x9b55, 0x9b55, 0x9b55,
0x9b55, 0x9b76, 0x9b76, 0x9b76, 0x9b55, 0x9b55, 0x9b76, 0xa3d7, 0x59ee, 0x1047,
0x10a7, 0x10a7, 0x1086, 0x18a7, 0x18a7, 0x18c8, 0x18c8, 0x18a7, 0x1066, 0x1087,
0x10a7, 0x18c8, 0x18e9, 0x18e8, 0x18c8, 0x18c8, 0x10e8, 0x2108, 0x2886, 0x9310,
0xc415, 0xc393, 0xc3d3, 0xc3f3, 0xc3f3, 0xc3d3, 0xc3d3, 0xc3d3, 0xc3d3, 0xbbd3,
0xbbb2, 0xbbb3, 0xbbb2, 0xbbb3, 0xbbb2, 0xbbb3, 0xbbb3, 0xbbb3, 0xbbb3, 0xbbb3,
0xbbd3, 0xbbd4, 0xbbd4, 0xbbf4, 0xbbf4, 0xbc14, 0xc415, 0xc435, 0xc435, 0xc455,
0xc476, 0xc476, 0xcc96, 0xccb7, 0xccb7, 0xccd6, 0xccd7, 0xd4f7, 0xd517, 0xd518,
0xd538, 0xd558, 0xdd58, 0xdd78, 0xdd79, 0xdd99, 0xe599, 0xe5b9, 0xe5da, 0xe5da,
0xe5fb, 0xedfc, 0xedfc, 0xf63d, 0xe59c, 0xc4d8, 0xd539, 0xdd7a, 0xdd9a, 0xe5db,

0xcd3d, 0xd59f, 0xb49a, 0x93f4, 0x83b0, 0x7b70, 0x7b4f, 0x732f, 0x7b30, 0x8392,
0x9416, 0xa478, 0xa458, 0xac7a, 0xb4db, 0xbcfc, 0xc51d, 0xc51e, 0xbcfd, 0xa438,
0x8b94, 0x8373, 0x8b73, 0x93d6, 0xa418, 0xac7a, 0xb49b, 0xb49b, 0xac7b, 0xac7c,
0xbcfe, 0xcd5f, 0xc53e, 0xbcbd, 0xb47c, 0xb47c, 0xb47c, 0xb47b, 0xac3b, 0xa41a,
0xac3a, 0xb47b, 0xb4bc, 0xbcdc, 0xb49b, 0x9c18, 0x93d7, 0x9c38, 0x9c17, 0x93d5,
0x7b53, 0x72f1, 0x626f, 0x520d, 0x51ed, 0x49cc, 0x418b, 0x498b, 0x624f, 0x8374,
0x93f6, 0x520e, 0x310a, 0x3129, 0x2928, 0x41cb, 0x316a, 0x398b, 0x49ec, 0x39aa,
0x20e7, 0x2908, 0x20e8, 0x3109, 0x3949, 0x49ec, 0x49cd, 0xa439, 0xbd3d, 0xc55e,
0xcd7f, 0xd5bf, 0xd5ff, 0xc59e, 0x9c59, 0xd59e, 0xf65f, 0xf63f, 0xdd9e, 0xe5df,
0xe5fe, 0xe5de, 0xd57c, 0xd55b, 0xdd9c, 0xddbd, 0xdd9d, 0xe5df, 0xee1f, 0xee3f,
0xe5bf, 0xd53e, 0xdd9f, 0xd57e, 0xcd1c, 0xd57d, 0xd57d, 0xd57c, 0xd57d, 0xd55d,
0xddbe, 0xd57d, 0xdd9e, 0xe5df, 0xdd7e, 0xe59f, 0xd51d, 0xdd7e, 0xedff, 0xe59e,
0xdd5d, 0xdd7e, 0xedbf, 0xeddf, 0xe59f, 0xe57f, 0xdd5f, 0xdd5f, 0xe55f, 0xdd5f,
0xdd5f, 0xdd3e, 0xd4fd, 0xdd5e, 0xdd5e, 0xdd1d, 0xe57e, 0xdd3d, 0xdd5e, 0xdd5e,
0xdd5e, 0xdd3e, 0xd4fd, 0xd4fd, 0xe55e, 0xedbf, 0xeddf, 0xed9f, 0xed9f, 0xdcfc,
0xe53d, 0xf5bf, 0xedbf, 0xeddf, 0xccdb, 0xc4ba, 0xd4fc, 0xdd7d, 0xe59e, 0xe57e,
0xf5ff, 0xeddf, 0xdd3c, 0xe57d, 0xe59d, 0xdd5d, 0xedbe, 0xe57e, 0xe59e, 0xedbf,
0xedbf, 0xe59e, 0xd51c, 0xdd3d, 0xdd5d, 0xed9f, 0xe59f, 0xed9f, 0xe57e, 0xd53d,
0xd55e, 0xdd5e, 0xdd7d, 0xdd7d, 0xdd9e, 0xdd7d, 0xedde, 0xedff, 0xf61f, 0xf63f,
0xf5ff, 0xedff, 0xee1f, 0xe5de, 0xddbe, 0xe5ff, 0xe5de, 0xee3f, 0xee3f, 0xddde,
0xe61f, 0xe61f, 0xe5ff, 0xe5df, 0xddbf, 0xe5df, 0xe5df, 0xdddf, 0xddff, 0xd5de,
0xddff, 0xde3f, 0xcdde, 0xcd9d, 0xb4da, 0x93b6, 0x8b95, 0x82f3, 0x8b14, 0x8b34,
0x8b14, 0x8b34, 0x8b34, 0x9334, 0x9355, 0x9b55, 0x9b55, 0x9b55, 0x9b55, 0x9b55,
0x9b76, 0x9b76, 0x9b76, 0x9b76, 0x9b76, 0x9b76, 0x9b76, 0x9b75, 0x390b, 0x1067,
0x10c7, 0x08a6, 0x1086, 0x18a7, 0x18a7, 0x18c8, 0x18c8, 0x18c7, 0x1087, 0x1087,
0x1087, 0x1087, 0x18a8, 0x1887, 0x1887, 0x10a7, 0x10c8, 0x1866, 0x59ab, 0xbc34,
0xc3d4, 0xc3d4, 0xc3b3, 0xc3d3, 0xc3d3, 0xc3d3, 0xc3d3, 0xc3d3, 0xc3d3, 0xbbb3,
0xbbb2, 0xbbb2, 0xbb92, 0xbbb2, 0xbb92, 0xb3b2, 0xbbb3, 0xbbd3, 0xbbd3, 0xbbb3,
0xbbd3, 0xbbd4, 0xbbd4, 0xbbf4, 0xbbf4, 0xbc14, 0xc415, 0xc435, 0xc455, 0xc456,
0xc476, 0xcc96, 0xcc97, 0xccb7, 0xccd7, 0xccd7, 0xd4f7, 0xd4f7, 0xd518, 0xd518,
0xd538, 0xdd58, 0xdd78, 0xdd79, 0xdd79, 0xe599, 0xe5b9, 0xe5b9, 0xe5da, 0xe5fa,
0xedfb, 0xedfc, 0xee1d, 0xee1d, 0xccf9, 0xccf8, 0xd55a, 0xdd9a, 0xe5bb, 0xe5db,

0xcd5e, 0xcd5e, 0xac79, 0x93f3, 0x8390, 0x7b70, 0x732f, 0x732f, 0x7b30, 0x8372,
0x9415, 0xa478, 0xac99, 0xac9a, 0xbcdc, 0xbcfc, 0xbcfc, 0xbd1d, 0xb49b, 0x9bf6,
0x8373, 0x8372, 0x8b73, 0x9bf6, 0xa438, 0xac7a, 0xac9b, 0xac7b, 0xac9b, 0xb49c,
0xbcfe, 0xc53f, 0xc51e, 0xb49c, 0xac5b, 0xac5b, 0xac7b, 0xac5b, 0xa43a, 0x9bd8,
0x9bd8, 0xa439, 0xac9a, 0x9c18, 0x8b96, 0x8374, 0x8374, 0x7b32, 0x5a4e, 0x49cc,
0x396a, 0x3108, 0x28e8, 0x28e7, 0x28e7, 0x28e7, 0x3108, 0x3128, 0x3929, 0x396a,
0x49ed, 0x418c, 0x290a, 0x2909, 0x316a, 0x398a, 0x398b, 0x398b, 0x314a, 0x20c7,
0x18a7, 0x20c8, 0x28e8, 0x2908, 0x3109, 0x41ab, 0x49cd, 0x93f8, 0xbd1d, 0xb4dc,
0xbd1d, 0xcd7e, 0xd5bf, 0xcdff, 0xb51c, 0xbd1c, 0xee3f, 0xee1f, 0xe5be, 0xddbe,
0xddbe, 0xddbe, 0xddbd, 0xdd9d, 0xd57c, 0xdd9c, 0xdd9e, 0xdd9e, 0xee1f, 0xee1f,
0xdd9f, 0xe5bf, 0xdd9e, 0xdd7e, 0xd55d, 0xd55d, 0xd57d, 0xd57d, 0xdd9d, 0xd55d,
0xdd9e, 0xddbf, 0xd57e, 0xe5df, 0xe5bf, 0xdd9e, 0xd55e, 0xd53d, 0xe59f, 0xe5df,
0xdd7d, 0xd53d, 0xdd5e, 0xe59f, 0xdd5f, 0xdd5f, 0xdd3e, 0xd51e, 0xe57f, 0xe57f,
0xe59f, 0xdd5f, 0xdd3e, 0xe59f, 0xe57f, 0xd51d, 0xe55e, 0xdd3e, 0xdd1d, 0xdd1e,
0xdd5e, 0xd4dc, 0xdd3e, 0xdd5e, 0xe57e, 0xe55e, 0xe59f, 0xedbf, 0xe57e, 0xdd3d,
0xed9f, 0xed9f, 0xe57e, 0xf5ff, 0xd51c, 0xd4fc, 0xd51c, 0xeddf, 0xeddf, 0xe59e,
0xedbe, 0xedde, 0xdd5d, 0xe57d, 0xe57d, 0xe57d, 0xe59e, 0xe57e, 0xe57e, 0xe57e,
0xe57e, 0xedbf, 0xe57e, 0xe59e, 0xe57e, 0xe59e, 0xe59f, 0xe57e, 0xdd5e, 0xd53d,
0xcd1d, 0xdd9f, 0xdd9e, 0xd53d, 0xdd9e, 0xdd9e, 0xeddf, 0xee1f, 0xe5de, 0xedde,
0xe5be, 0xedff, 0xee3f, 0xddde, 0xee3f, 0xddde, 0xd59d, 0xee3f, 0xf65f, 0xddfe,
0xddbe, 0xe61f, 0xe5ff, 0xe5ff, 0xdddf, 0xe5ff, 0xe5ff, 0xddff, 0xd5de, 0xd5de,
0xd5df, 0xcdfe, 0xcdfe, 0xd63f, 0xd61e, 0xc57c, 0xacd9, 0xa478, 0x8b54, 0x82f3,
0x8b34, 0x8b34, 0x8b14, 0x9335, 0x9355, 0x9b55, 0x9b55, 0x9b55, 0x9b55, 0x9b55,
0x9b75, 0x9b76, 0x9b96, 0x9b96, 0x9b96, 0x9b76, 0x9b96, 0x82f4, 0x2089, 0x18a8,
0x10c7, 0x08a6, 0x10a6, 0x18a7, 0x18a7, 0x18c7, 0x18e8, 0x18c8, 0x10a7, 0x1087,
0x1887, 0x1887, 0x18a8, 0x18a8, 0x18a8, 0x18a8, 0x18c8, 0x2887, 0x9b92, 0xc414,
0xc3d3, 0xc3d3, 0xbbd3, 0xc3d3, 0xc3d3, 0xbbd3, 0xbbb3, 0xbbb3, 0xbbb3, 0xbbb3,
0xbb92, 0xbb92, 0xbb92, 0xbbb2, 0xbb92, 0xb392, 0xb3b3, 0xbbd3, 0xbbd3, 0xbbb3,
0xbbd3, 0xbbd4, 0xbbf4, 0xbbf4, 0xbbf4, 0xbc15, 0xc435, 0xc435, 0xc456, 0xc476,
0xc496, 0xcc96, 0xccb7, 0xccb7, 0xccd7, 0xccd7, 0xd4f7, 0xd517, 0xd538, 0xd538,
0xdd38, 0xdd58, 0xdd78, 0xdd99, 0xdd99, 0xe5b9, 0xe5ba, 0xe5d9, 0xe5da, 0xedfb,
0xeddc, 0xedfd, 0xf63e, 0xe5bc, 0xc4d8, 0xd539, 0xd55a, 0xe5bb, 0xe5db, 0xedfc,

0xcd9f, 0xbd3c, 0x9c56, 0x8bd3, 0x8391, 0x7b50, 0x730e, 0x730e, 0x7b30, 0x8392,
0x9c36, 0xa457, 0xa479, 0xac9a, 0xb4fc, 0xbcfd, 0xb4fc, 0xb4db, 0xa478, 0x8bd4,
0x8392, 0x8372, 0x8393, 0x93f6, 0x9c38, 0xa479, 0xac7a, 0xac7a, 0xac7a, 0xb4bc,
0xbcdd, 0xc51e, 0xbcbc, 0xac7b, 0xac5a, 0xa439, 0xa419, 0x9bd8, 0x9bd7, 0x93b6,
0x93d6, 0x9bf6, 0x8bb4, 0x7312, 0x628f, 0x5a8e, 0x4a0c, 0x3169, 0x2908, 0x20e7,
0x20e7, 0x28e8, 0x28c8, 0x28c8, 0x2909, 0x312a, 0x396b, 0x41cb, 0x41cb, 0x3969,
0x3129, 0x2908, 0x28e8, 0x2929, 0x3129, 0x314a, 0x396a, 0x28e8, 0x20a7, 0x1066,
0x1886, 0x20a7, 0x28e8, 0x28e8, 0x28e8, 0x41aa, 0x41ac, 0x9c18, 0xcd5e, 0xb4bc,
0xac5a, 0xbcfc, 0xcd9e, 0xbd3d, 0xcd9f, 0xbcfc, 0xdddf, 0xe5ff, 0xee1f, 0xe5df,
0xddbf, 0xd57e, 0xd55d, 0xd55c, 0xd57c, 0xd57c, 0xd55d, 0xdd7e, 0xe5bf, 0xe5bf,
0xdd7e, 0xe5bf, 0xe5df, 0xdd9f, 0xd55e, 0xdd7e, 0xdd9f, 0xdd9f, 0xdd9e, 0xcd3d,
0xd55d, 0xd57d, 0xe5bf, 0xe5be, 0xe5df, 0xddbf, 0xdd7e, 0xdd7e, 0xd55e, 0xdd9e,
0xe5bf, 0xd55e, 0xd55f, 0xd53e, 0xd55f, 0xdd7f, 0xdd7f, 0xd53e, 0xdd5f, 0xd53e,
0xdd5f, 0xdd7f, 0xdd7f, 0xdd5f, 0xe57f, 0xe55f, 0xed9f, 0xe55f, 0xd4fd, 0xdd3e,
0xdd3e, 0xd51d, 0xd4fc, 0xd53d, 0xd51d, 0xdd7f, 0xe57f, 0xe59f, 0xdd5f, 0xdd1e,
0xdd3f, 0xe59f, 0xe57f, 0xeddf, 0xdd5d, 0xdd5d, 0xdd3d, 0xedbf, 0xedbf, 0xe59e,
0xe57d, 0xed9e, 0xe57e, 0xdd3d, 0xe57d, 0xe57d, 0xe59e, 0xe59e, 0xe57e, 0xe57e,
0xdd5e, 0xe57f, 0xe59f, 0xdd7e, 0xdd7e, 0xe57e, 0xeddf, 0xdd7e, 0xdd7e, 0xe57f,
0xdd3d, 0xdd5e, 0xdd7e, 0xdd7e, 0xdd9f, 0xdd7e, 0xe5be, 0xdd9e, 0xdd9d, 0xe5fe,
0xdddd, 0xddbd, 0xe61f, 0xddde, 0xee5f, 0xe5fe, 0xd57d, 0xee5f, 0xee7f, 0xdddf,
0xcd7d, 0xddde, 0xe61f, 0xe61f, 0xee7f, 0xde1e, 0xddfe, 0xd5fe, 0xd5fe, 0xd5ff,
0xd61e, 0xcdfe, 0xcddd, 0xd61d, 0xce1d, 0xc5ba, 0xc5b9, 0xd63b, 0xacd7, 0x8bd3,
0x8332, 0x82f3, 0x8b14, 0x9315, 0x9334, 0x9354, 0x9355, 0x9355, 0x9355, 0x9356,
0x9b75, 0x9b75, 0x9b95, 0x9b96, 0x9b96, 0x9b96, 0xa3b7, 0x8335, 0x2889, 0x18a7,
0x10a6, 0x10a6, 0x18a7, 0x18a7, 0x10a7, 0x18a7, 0x18c8, 0x18c8, 0x10a7, 0x10a7,
0x18a7, 0x18a8, 0x18a8, 0x18a9, 0x18c9, 0x18ea, 0x2087, 0x620d, 0xc455, 0xc3b3,
0xc3b3, 0xbbd3, 0xbbd3, 0xbbd3, 0xc3d3, 0xbbd3, 0xbbb3, 0xbbb3, 0xbbb3, 0xbbb3,
0xbbb3, 0xbb93, 0xbbb3, 0xbbb3, 0xbbb3, 0xbbb3, 0xb3b3, 0xb3b3, 0xbbb3, 0xbbd4,
0xbbd4, 0xbbd4, 0xbbf4, 0xbbf5, 0xbc15, 0xbc15, 0xbc35, 0xc456, 0xc476, 0xc476,
0xc476, 0xccb6, 0xccb6, 0xccd6, 0xccd6, 0xccf7, 0xd517, 0xd537, 0xd538, 0xd558,
0xdd78, 0xdd78, 0xdd99, 0xdd99, 0xe5b9, 0xe5b9, 0xe5da, 0xe5da, 0xe5db, 0xeddc,
0xeddd, 0xf61e, 0xf63e, 0xd53a, 0xccf9, 0xd55a, 0xdd7b, 0xe59b, 0xe5dc, 0xeddc,

0xcd9f, 0xb4fb, 0x9415, 0x8bb2, 0x8370, 0x7b50, 0x730e, 0x730e, 0x7b30, 0x8392,
0x9c16, 0xa458, 0xa458, 0xac9a, 0xb4fc, 0xbcfc, 0xb4db, 0xac99, 0x9416, 0x8bb3,
0x8372, 0x8371, 0x8393, 0x93f6, 0x9c38, 0xa459, 0xa45a, 0xa45a, 0xac7b, 0xb4dc,
0xbcfd, 0xbcdd, 0xb47b, 0xa43a, 0xa419, 0x9bf8, 0x9bd7, 0x9395, 0x8b74, 0x8b94,
0x8333, 0x6ab0, 0x522d, 0x51ec, 0x398a, 0x2908, 0x20c7, 0x20c7, 0x20c7, 0x20a6,
0x20c7, 0x20a7, 0x28e8, 0x3129, 0x396a, 0x41ab, 0x41cc, 0x49ec, 0x41eb, 0x3169,
0x20e7, 0x20e7, 0x20c8, 0x28e8, 0x28e8, 0x314a, 0x2909, 0x20a7, 0x20c8, 0x1866,
0x1866, 0x2086, 0x28e8, 0x28e8, 0x28c8, 0x3129, 0x418b, 0x8b76, 0xcd9e, 0xcd5e,
0xb4bc, 0x9c18, 0xbd1c, 0xb4fc, 0xcdbf, 0xc55e, 0xcd7e, 0xddbf, 0xdd9e, 0xddbf,
0xdd9e, 0xdd9e, 0xdd9e, 0xd59d, 0xdd9d, 0xd57d, 0xcd3d, 0xd55e, 0xd55e, 0xdd7e,
0xe5df, 0xd55e, 0xdd9f, 0xdd9f, 0xdd7e, 0xd53d, 0xdd7e, 0xdd9f, 0xe5df, 0xe5bf,
0xd55d, 0xd55d, 0xd55d, 0xd55d, 0xdd9e, 0xedff, 0xe5bf, 0xe5bf, 0xdd7e, 0xd55e,
0xdd9e, 0xd55e, 0xdd7f, 0xd55e, 0xd55f, 0xdd9f, 0xd55f, 0xd53e, 0xdd3f, 0xdd7f,
0xe59f, 0xd4fe, 0xdd5f, 0xd53e, 0xd51e, 0xdd5e, 0xedbf, 0xe55e, 0xdd1e, 0xe57f,
0xdd5e, 0xdd3d, 0xd51d, 0xccdc, 0xd4fd, 0xe59f, 0xe59f, 0xe57f, 0xe55f, 0xdd3e,
0xdd1e, 0xd4dd, 0xe55f, 0xed9f, 0xe57e, 0xe55e, 0xe57e, 0xeddf, 0xed9f, 0xdd5d,
0xccdb, 0xe57d, 0xedbf, 0xe59f, 0xdd3d, 0xdd5d, 0xe57d, 0xdd5d, 0xe57e, 0xe57e,
0xdd3e, 0xe55e, 0xe59f, 0xe5bf, 0xe59f, 0xdd7e, 0xedbf, 0xedbf, 0xdd7e, 0xdd5e,
0xe57f, 0xe59f, 0xe5bf, 0xdd9e, 0xd57e, 0xcd1c, 0xdd7d, 0xdd7d, 0xddde, 0xddbd,
0xddfe, 0xdddd, 0xddde, 0xddde, 0xddbe, 0xddbe, 0xddde, 0xddfe, 0xe61f, 0xe61f,
0xd5bd, 0xd59d, 0xe65f, 0xddfe, 0xe65f, 0xd63e, 0xcddd, 0xcddd, 0xd5fd, 0xd63e,
0xd61e, 0xcdfc, 0xcddb, 0xcdfc, 0xcdfb, 0xce1a, 0xcdf9, 0xcdfa, 0xcdda, 0xc558,
0xa435, 0xa3f5, 0x8b12, 0x82d2, 0x8b14, 0x8b14, 0x8b34, 0x9355, 0x9376, 0x9b76,
0x9b76, 0x9b75, 0x9b56, 0x9b76, 0x9b77, 0x9b77, 0xa3b7, 0x8b55, 0x28a9, 0x1887,
0x10a6, 0x10a6, 0x18a7, 0x18a7, 0x10a7, 0x18a7, 0x18e8, 0x18c7, 0x1087, 0x1087,
0x18a7, 0x18a8, 0x18a8, 0x18a8, 0x18c9, 0x20c9, 0x30a8, 0xa3b3, 0xc415, 0xc3b3,
0xc3d3, 0xbbd3, 0xbbd3, 0xc3d3, 0xbbd3, 0xbbb3, 0xbbb3, 0xbbb3, 0xbbb3, 0xbbb3,
0xbbb3, 0xbb93, 0xbbb3, 0xbbb3, 0xbbb3, 0xbbb3, 0xb3b3, 0xb3b3, 0xbbb3, 0xbbd4,
0xbbd4, 0xbbd4, 0xbbf4, 0xbbf5, 0xbc15, 0xbc15, 0xbc35, 0xc456, 0xc476, 0xc476,
0xc476, 0xc496, 0xccb6, 0xccd7, 0xccf7, 0xcd17, 0xd517, 0xd537, 0xd558, 0xdd58,
0xdd78, 0xdd78, 0xdd99, 0xddb9, 0xe5b9, 0xe5da, 0xe5da, 0xe5da, 0xe5db, 0xedfc,
0xedfe, 0xf63f, 0xe5bd, 0xc4d8, 0xcd19, 0xd55a, 0xdd9b, 0xe59b, 0xe5dc, 0xeddc,

0xcd7e, 0xb4da, 0x93f5, 0x8bb2, 0x7b70, 0x7b4f, 0x732e, 0x730e, 0x7b30, 0x8392,
0x93f5, 0x9c57, 0xa479, 0xac9a, 0xb4fc, 0xbcfc, 0xac9a, 0x9c57, 0x93d4, 0x8392,
0x8371, 0x8371, 0x8392, 0x93f5, 0x9c37, 0xa459, 0xa45a, 0xa43a, 0xa45a, 0xac9b,
0xb4dd, 0xb4bc, 0xa43a, 0x9bd8, 0x93b7, 0x8b95, 0x8b94, 0x8373, 0x8351, 0x628e,
0x49cb, 0x3949, 0x3108, 0x28c7, 0x20a6, 0x20c7, 0x20c6, 0x20c7, 0x20c7, 0x18a6,
0x20a6, 0x20c7, 0x28e8, 0x2929, 0x28e8, 0x20c7, 0x20c7, 0x20c7, 0x20c6, 0x20a6,
0x1886, 0x1886, 0x28e8, 0x314a, 0x396a, 0x398b, 0x20c8, 0x20a7, 0x20c8, 0x1887,
0x20a7, 0x1886, 0x28c7, 0x28c7, 0x28c7, 0x3949, 0x418b, 0x7af3, 0xd5be, 0xc51d,
0xcd7e, 0x93b7, 0x8b76, 0xb4fd, 0xcd9f, 0xcd9f, 0xd57e, 0xe5ff, 0xdd9e, 0xcd3c,
0xcd5c, 0xd57d, 0xd59d, 0xd57d, 0xddbe, 0xee1f, 0xddbf, 0xd55d, 0xdd9e, 0xd55d,
0xcd3d, 0xcd1d, 0xd53d, 0xd55e, 0xd55e, 0xd55d, 0xcd1d, 0xdd7e, 0xd55e, 0xe5df,
0xe5bf, 0xd57e, 0xd55d, 0xd55e, 0xd57e, 0xe5bf, 0xdd7e, 0xdd9f, 0xdd9f, 0xd55e,
0xd55e, 0xdd9f, 0xdd9f, 0xdd7f, 0xd53e, 0xdd7f, 0xdd9f, 0xd53e, 0xd53e, 0xdd5f,
0xdd7f, 0xdd3e, 0xccdd, 0xccfd, 0xd4fd, 0xe57f, 0xdd5f, 0xe59f, 0xdd5e, 0xe55f,
0xe59f, 0xe57f, 0xdd5e, 0xccdc, 0xccbb, 0xdd5e, 0xe59e, 0xe57f, 0xed9f, 0xed9f,
0xe59f, 0xd4fd, 0xccdc, 0xd51d, 0xe59f, 0xe57e, 0xdd3e, 0xe57e, 0xe55e, 0xe57e,
0xd51c, 0xe55d, 0xed9f, 0xed9f, 0xe55e, 0xdd5d, 0xd51c, 0xd51c, 0xdd3d, 0xe57e,
0xdd5e, 0xdd5e, 0xdd3e, 0xe59f, 0xe59f, 0xdd5e, 0xe59f, 0xe59f, 0xe57e, 0xdd5e,
0xdd3e, 0xdd5e, 0xe59f, 0xdd7e, 0xddbf, 0xcd3d, 0xdd9e, 0xddbe, 0xd59e, 0xcd5c,
0xde1e, 0xde1e, 0xd59d, 0xd59d, 0xd5bd, 0xd5bd, 0xd5be, 0xd5bd, 0xd5de, 0xd5bd,
0xcd7c, 0xd5dd, 0xe63e, 0xde3e, 0xd5fd, 0xce3d, 0xce1c, 0xcdfc, 0xcdfc, 0xc5db,
0xcdfc, 0xd5fb, 0xcdba, 0xcdda, 0xd5f9, 0xd5f9, 0xd5f9, 0xcdb8, 0xd5f9, 0xd5b9,
0xcd58, 0xc538, 0xb456, 0x9353, 0x7ad2, 0x82d3, 0x82f3, 0x8314, 0x8b35, 0x9355,
0x9b76, 0x9b76, 0x9b56, 0x9b56, 0x9b77, 0xa378, 0xa3b8, 0x8314, 0x2888, 0x18a7,
0x10a6, 0x10a6, 0x18a7, 0x18a7, 0x10a7, 0x18a7, 0x20e8, 0x18a7, 0x0866, 0x1087,
0x1887, 0x10a7, 0x18a8, 0x18a8, 0x18a8, 0x1867, 0x6a0d, 0xbc35, 0xbbf3, 0xc3d3,
0xc3d3, 0xbbd3, 0xbbd3, 0xc3d3, 0xbbd3, 0xbbb3, 0xbbb3, 0xbbb3, 0xbbb3, 0xbbb3,
0xbbb3, 0xbb93, 0xbbb3, 0xbbb3, 0xbbb3, 0xbbb3, 0xb3b3, 0xb3b3, 0xbbb3, 0xbbd4,
0xbbd4, 0xbbd4, 0xbbf4, 0xbbf5, 0xbc15, 0xbc15, 0xbc35, 0xc456, 0xc476, 0xc476,
0xc476, 0xc496, 0xccb6, 0xccd7, 0xccf7, 0xcd17, 0xd537, 0xd538, 0xd558, 0xdd78,
0xdd79, 0xdd99, 0xddb9, 0xe5b9, 0xe5da, 0xe5da, 0xe5da, 0xe5da, 0xedfb, 0xedfd,
0xee1e, 0xf63e, 0xd519, 0xccd8, 0xd53a, 0xdd7b, 0xdd9b, 0xe59b, 0xe5dc, 0xeddc,

0xc55d, 0xacb9, 0x93f4, 0x8391, 0x7b70, 0x7b4f, 0x732e, 0x730e, 0x7b50, 0x8392,
0x93d5, 0x9c17, 0xa458, 0xac9a, 0xb4fb, 0xb4fb, 0xa478, 0x9415, 0x8bb2, 0x8371,
0x8371, 0x8371, 0x8392, 0x8bd4, 0x9c17, 0x9c39, 0x9c39, 0xa43a, 0xa45a, 0xa47a,
0xac9a, 0xa439, 0x93d7, 0x8b96, 0x8354, 0x8373, 0x8351, 0x730f, 0x5a4c, 0x3969,
0x28e6, 0x28c6, 0x18a5, 0x1885, 0x18a6, 0x20c6, 0x18a6, 0x18a6, 0x1886, 0x1886,
0x1886, 0x18a6, 0x18a6, 0x1886, 0x1886, 0x1886, 0x1086, 0x1886, 0x1886, 0x18a6,
0x18a6, 0x28e8, 0x2909, 0x316a, 0x396a, 0x28e8, 0x20a7, 0x28e8, 0x20a7, 0x1866,
0x20a7, 0x2086, 0x20c7, 0x28c7, 0x28e8, 0x3949, 0x418b, 0x6250, 0xcd5d, 0xc55e,
0xb4bc, 0xb4bb, 0x8b96, 0xac9b, 0xc57f, 0xcd7f, 0xd5bf, 0xee3f, 0xe5df, 0xcd3c,
0xcd5c, 0xcd1b, 0xcd5c, 0xd59e, 0xddbe, 0xddbe, 0xe5bf, 0xdd7e, 0xd55e, 0xddbf,
0xdd7e, 0xd55e, 0xdd7e, 0xccfc, 0xccfc, 0xc4fc, 0xcd1d, 0xdd7e, 0xd53d, 0xd55e,
0xdd9f, 0xd55e, 0xdd7e, 0xdd7e, 0xdd7e, 0xd55e, 0xd53e, 0xdd7f, 0xdd9f, 0xe5bf,
0xd55e, 0xd55f, 0xdd7f, 0xe5bf, 0xd53e, 0xd55f, 0xe5bf, 0xd55f, 0xd4fe, 0xdd7f,
0xd53f, 0xdd7f, 0xccdd, 0xc49c, 0xd53e, 0xe59f, 0xd51d, 0xe59f, 0xdd5e, 0xdd5e,
0xe59f, 0xdd5f, 0xdd7f, 0xdd3e, 0xccfc, 0xdd3d, 0xdd5d, 0xdd5e, 0xe57e, 0xe57f,
0xe59f, 0xedbf, 0xe57e, 0xd4dc, 0xd4fd, 0xdd5e, 0xd51d, 0xdd3e, 0xdd5e, 0xdd3d,
0xdd3d, 0xdd5e, 0xed9f, 0xe55f, 0xdd5e, 0xe57d, 0xd51c, 0xdd1c, 0xdd3d, 0xdd3d,
0xe55e, 0xe57f, 0xdd5e, 0xe57e, 0xe59f, 0xdd5e, 0xe59f, 0xdd3e, 0xd53d, 0xe59f,
0xe57e, 0xdd5e, 0xdd7e, 0xd53d, 0xd55e, 0xdd9e, 0xd59e, 0xd57e, 0xcd5c, 0xcd7d,
0xd5de, 0xd5de, 0xd59d, 0xd5de, 0xd5bd, 0xd5bd, 0xd5bd, 0xd5bd, 0xd5bd, 0xcdbc,
0xcdbc, 0xd5dc, 0xd5fd, 0xde1d, 0xd61c, 0xce1c, 0xcdfb, 0xc5db, 0xc5da, 0xc5b9,
0xcdb9, 0xd5b9, 0xd5b8, 0xcd98, 0xcd98, 0xcdb8, 0xcd97, 0xcd77, 0xd5b8, 0xcd98,
0xc537, 0xbcf6, 0xcd58, 0xc4f7, 0x8b32, 0x7290, 0x7ad1, 0x7ad2, 0x82d2, 0x82f3,
0x82f3, 0x8b14, 0x9335, 0x9355, 0x9356, 0x9b76, 0xa3d7, 0x8333, 0x1847, 0x18a6,
0x10a6, 0x10a7, 0x18a7, 0x18a7, 0x18c7, 0x18c7, 0x20e8, 0x18c8, 0x1066, 0x1087,
0x1887, 0x1087, 0x10a7, 0x1887, 0x2087, 0x30c9, 0xab93, 0xc414, 0xbbd3, 0xc3d3,
0xc3d3, 0xbbb3, 0xbbd3, 0xbbd3, 0xbbb3, 0xbbb3, 0xbbb2, 0xbbb2, 0xbbb3, 0xbb92,
0xbb92, 0xbb92, 0xbbb3, 0xbbb3, 0xbbb3, 0xbbb3, 0xbbb3, 0xbbb3, 0xbbd4, 0xbbd4,
0xbbd4, 0xbbf4, 0xbbf5, 0xbbf5, 0xbc15, 0xbc15, 0xbc35, 0xbc56, 0xc476, 0xc476,
0xc496, 0xc496, 0xccd7, 0xccf7, 0xccf7, 0xd517, 0xd537, 0xd538, 0xdd58, 0xdd78,
0xdd79, 0xddb9, 0xe5b9, 0xe5b9, 0xe5da, 0xe5da, 0xe5da, 0xe5db, 0xeddc, 0xedfd,
0xf63e, 0xe5bc, 0xccd8, 0xd519, 0xd55a, 0xdd7b, 0xdd9b, 0xe5bb, 0xe5dc, 0xeddc,

0xbd3c, 0xa478, 0x8bd4, 0x8391, 0x7b4f, 0x732e, 0x732e, 0x730f, 0x7b50, 0x8393,
0x93d5, 0x9416, 0xa458, 0xacba, 0xacba, 0xac79, 0x9c36, 0x8bb3, 0x8390, 0x7b70,
0x7b50, 0x7b71, 0x83b2, 0x8bb4, 0x93f6, 0x9c18, 0x9418, 0x93f8, 0x9418, 0x9417,
0x8bd6, 0x8bb5, 0x8394, 0x7b32, 0x7311, 0x6acf, 0x5a4d, 0x49aa, 0x3107, 0x28c6,
0x20a5, 0x1885, 0x1886, 0x1886, 0x1886, 0x1886, 0x1886, 0x1885, 0x1886, 0x1886,
0x1886, 0x1886, 0x18a6, 0x1886, 0x1065, 0x1065, 0x1065, 0x1886, 0x18a6, 0x20c7,
0x20e7, 0x28e8, 0x28e8, 0x28e8, 0x20c8, 0x20c8, 0x20e8, 0x2929, 0x20a7, 0x1866,
0x2087, 0x20a7, 0x20c7, 0x28c7, 0x28c7, 0x3149, 0x418b, 0x5a0e, 0xac9a, 0xd5bf,
0xac7b, 0xbcfd, 0xbcdc, 0xa47b, 0xacbc, 0xcd5e, 0xd59e, 0xe61f, 0xe5de, 0xcd3c,
0xcd3b, 0xcd1b, 0xd57d, 0xddbe, 0xe5df, 0xe5df, 0xdd7e, 0xdd9f, 0xcd1d, 0xd55e,
0xd57e, 0xd55e, 0xddbf, 0xd55e, 0xd53d, 0xccfc, 0xcd3d, 0xd55e, 0xcd1d, 0xcd1d,
0xd57e, 0xd55e, 0xcd1d, 0xd53d, 0xdd9f, 0xdd7f, 0xd53e, 0xcd1e, 0xd53e, 0xd53e,
0xd53e, 0xdd7f, 0xdd9f, 0xdd9f, 0xdd7f, 0xdd7f, 0xdd7f, 0xdd7f, 0xd53e, 0xd53e,
0xdd3f, 0xccfd, 0xccfd, 0xdd3e, 0xccfd, 0xdd7f, 0xd51d, 0xd51d, 0xd53e, 0xe5bf,
0xe59f, 0xd4fe, 0xdd5f, 0xdd5e, 0xd53d, 0xd53d, 0xdd7d, 0xdd5d, 0xdd1d, 0xd4fd,
0xdd5e, 0xe57f, 0xedbf, 0xed9f, 0xccbc, 0xdd1d, 0xdd3e, 0xdd3e, 0xe59f, 0xe57f,
0xedbf, 0xdd5e, 0xdd3e, 0xdd3e, 0xdd5e, 0xdd3d, 0xdd5d, 0xdd3d, 0xdd5d, 0xdd5e,
0xe57e, 0xedbf, 0xdd5e, 0xdd5e, 0xe59f, 0xe57f, 0xe59f, 0xdd7f, 0xd53d, 0xd53d,
0xe59f, 0xeddf, 0xccfc, 0xd55e, 0xd55d, 0xd57e, 0xddbf, 0xcd5d, 0xc53c, 0xcd9d,
0xc57c, 0xcd9d, 0xd5dd, 0xcd9d, 0xcd9d, 0xd5bd, 0xcd9d, 0xcd9d, 0xcd9c, 0xcdbc,
0xd61d, 0xd5fc, 0xd5fc, 0xcddb, 0xcddb, 0xc5db, 0xcdda, 0xc598, 0xc578, 0xcd98,
0xcd77, 0xcd57, 0xcd77, 0xd577, 0xd577, 0xcd77, 0xcd56, 0xcd57, 0xcd57, 0xcd37,
0xc537, 0xc517, 0xc517, 0xcd58, 0xac76, 0x7af0, 0x7ad0, 0x72b0, 0x7290, 0x7290,
0x72b0, 0x72d0, 0x7ad0, 0x7af1, 0x7b12, 0x8333, 0x8b74, 0x9bf6, 0x49ab, 0x1045,
0x10c6, 0x10a7, 0x18a7, 0x18a7, 0x18c7, 0x18c7, 0x20e8, 0x18c8, 0x1066, 0x1087,
0x1867, 0x10a7, 0x10a7, 0x18c7, 0x1866, 0x6a4e, 0xc415, 0xc3d3, 0xc3f3, 0xc3d2,
0xc3d3, 0xbbb3, 0xbbb3, 0xbbb3, 0xbbb2, 0xbbb2, 0xbbb2, 0xbbb2, 0xbbb2, 0xbb92,
0xbb92, 0xbb92, 0xbbb3, 0xbbb3, 0xbbb3, 0xbbb3, 0xbbb3, 0xbbb3, 0xbbd4, 0xbbd4,
0xbbd4, 0xbbf4, 0xbbf5, 0xbbf5, 0xbc15, 0xbc15, 0xbc35, 0xc456, 0xc476, 0xc476,
0xc496, 0xc496, 0xccd7, 0xccf7, 0xd517, 0xd517, 0xd538, 0xd558, 0xdd58, 0xdd78,
0xdd99, 0xe5b9, 0xe5b9, 0xe5da, 0xe5da, 0xe5da, 0xe5da, 0xe5db, 0xeddc, 0xee1e,
0xf63e, 0xd51a, 0xccf8, 0xd559, 0xd55a, 0xdd7b, 0xe5bb, 0xe5bc, 0xe5dc, 0xedfc,

0xacba, 0x9c16, 0x8bb3, 0x8370, 0x7b2f, 0x730e, 0x730e, 0x72ee, 0x7b30, 0x8372,
0x8bd5, 0x93f6, 0xa458, 0xac9a, 0xac99, 0x9c38, 0x93f5, 0x8371, 0x7b4f, 0x7b50,
0x7b50, 0x7b50, 0x8391, 0x8bb3, 0x8bb5, 0x8bd6, 0x8bd6, 0x8bd6, 0x93f6, 0x83b4,
0x7b52, 0x7b52, 0x6af0, 0x628e, 0x5a4d, 0x49aa, 0x3128, 0x28c7, 0x20a5, 0x1885,
0x1865, 0x1865, 0x1065, 0x1086, 0x1066, 0x1065, 0x1885, 0x1886, 0x1886, 0x1886,
0x18a6, 0x1086, 0x10a6, 0x1085, 0x1065, 0x1085, 0x1085, 0x18a6, 0x20a6, 0x20c7,
0x20c7, 0x1886, 0x1887, 0x1887, 0x1866, 0x1887, 0x3129, 0x2929, 0x1866, 0x1866,
0x20a7, 0x20c7, 0x20a7, 0x20a7, 0x28c7, 0x3129, 0x418b, 0x51cd, 0xa438, 0xc53d,
0xac7b, 0xac5a, 0xcd7e, 0xbd1d, 0xac9b, 0xc51d, 0xc53d, 0xddbf, 0xddbe, 0xcd5c,
0xcd3b, 0xcd5c, 0xcd5c, 0xd55d, 0xd57d, 0xdd9f, 0xdd9e, 0xdd7e, 0xd55e, 0xdd9e,
0xd57e, 0xc4fc, 0xcd1d, 0xd55e, 0xd55d, 0xd55e, 0xcd1d, 0xcd3d, 0xcd1d, 0xd53e,
0xd53e, 0xd53e, 0xd55e, 0xd53d, 0xd55e, 0xd53e, 0xcd1e, 0xdd7f, 0xdd7f, 0xdd7f,
0xdd9f, 0xd53e, 0xd53e, 0xd55e, 0xdd9f, 0xe5bf, 0xdd7f, 0xd53e, 0xdd5f, 0xccdd,
0xd4fe, 0xdd3f, 0xd53e, 0xe59f, 0xd53e, 0xd53e, 0xd55e, 0xcd1d, 0xd53e, 0xd53e,
0xdd5f, 0xe57f, 0xe57f, 0xdd3e, 0xd51d, 0xd51c, 0xdd7d, 0xdd3d, 0xd51d, 0xe55e,
0xdd3d, 0xdd3e, 0xe59f, 0xdd5e, 0xdd3e, 0xdd1e, 0xe57f, 0xed9f, 0xdd5e, 0xccdc,
0xd51d, 0xdd3e, 0xd4dd, 0xdd5f, 0xf5df, 0xdd1d, 0xd4fc, 0xdd3c, 0xe57e, 0xe55e,
0xe57f, 0xedbf, 0xdd5e, 0xd51d, 0xdd5e, 0xdd5e, 0xe59f, 0xedbf, 0xdd7f, 0xd51d,
0xdd5e, 0xedff, 0xe59e, 0xccfc, 0xdd9f, 0xcd3d, 0xcd5e, 0xd5bf, 0xcd5d, 0xc53c,
0xc55c, 0xcd9d, 0xcd9d, 0xcd9c, 0xcd9d, 0xd5de, 0xcd9c, 0xcd7c, 0xc59c, 0xc57a,
0xd5fc, 0xcddb, 0xc5ba, 0xcdda, 0xcdda, 0xcdfb, 0xc599, 0xbd37, 0xc557, 0xcd56,
0xcd36, 0xcd36, 0xcd56, 0xcd57, 0xd577, 0xd557, 0xcd37, 0xd578, 0xcd58, 0xcd37,
0xcd37, 0xcd37, 0xc517, 0xc4f7, 0xcd58, 0xac95, 0x93b2, 0x8310, 0x93b3, 0x8311,
0x6a8e, 0x6aad, 0x6aad, 0x62ae, 0x62ae, 0x6aae, 0x6aaf, 0x7ad1, 0x7b52, 0x3169,
0x1085, 0x10a7, 0x18a7, 0x18a7, 0x18c7, 0x18c7, 0x20e8, 0x18c8, 0x0866, 0x1067,
0x1867, 0x10a7, 0x10c7, 0x18a7, 0x30e8, 0xa3d4, 0xcbf4, 0xcbd3, 0xc3d3, 0xc3f2,
0xbbd3, 0xbbb3, 0xbbb3, 0xbbb2, 0xbb92, 0xbb92, 0xbb92, 0xbb92, 0xbb92, 0xbb92,
0xbb92, 0xbb92, 0xbbb3, 0xbbb3, 0xbbb3, 0xbbb3, 0xbbb3, 0xbbb3, 0xbbd4, 0xbbd4,
0xbbd4, 0xbbf4, 0xbbf5, 0xbbf5, 0xbc15, 0xbc35, 0xc456, 0xc456, 0xc496, 0xc497,
0xc496, 0xc496, 0xccd7, 0xccf7, 0xd517, 0xd537, 0xd558, 0xdd58, 0xdd78, 0xdd79,
0xdd99, 0xe5b9, 0xe5da, 0xe5da, 0xe5da, 0xe5da, 0xe5da, 0xe5db, 0xeddd, 0xf63e,
0xe5bd, 0xccf9, 0xd519, 0xd559, 0xdd5a, 0xdd9b, 0xe5bc, 0xe5bc, 0xeddc, 0xedfd,

0x9c16, 0x8373, 0x7b31, 0x730f, 0x72ee, 0x72ed, 0x72ee, 0x72ee, 0x7b30, 0x7b52,
0x8bb4, 0x93f6, 0x9c18, 0xa459, 0xa458, 0x9c15, 0x8bb2, 0x7b2f, 0x730f, 0x732f,
0x6b0f, 0x732f, 0x730f, 0x7b51, 0x7b52, 0x72f0, 0x6acf, 0x6acf, 0x62af, 0x522d,
0x520c, 0x520c, 0x4a0b, 0x3989, 0x3108, 0x28c7, 0x20a6, 0x1865, 0x1045, 0x1045,
0x1045, 0x1065, 0x1065, 0x1866, 0x1886, 0x1886, 0x1886, 0x1886, 0x1065, 0x1865,
0x1886, 0x1886, 0x18a6, 0x1086, 0x1085, 0x18a6, 0x18a6, 0x18c6, 0x18a6, 0x1886,
0x1085, 0x18a6, 0x18a6, 0x1886, 0x1086, 0x18a6, 0x3169, 0x18c7, 0x1045, 0x1886,
0x20c7, 0x20a7, 0x1886, 0x1887, 0x20c8, 0x2929, 0x314a, 0x418c, 0x93f8, 0xbd1e,
0xa41a, 0x9bf9, 0xcd7e, 0xbd3d, 0xbd3e, 0xbcfe, 0xc51e, 0xcd7e, 0xcd5d, 0xcd5d,
0xcd3c, 0xcd3d, 0xcd3d, 0xd55d, 0xcd3d, 0xdd9e, 0xe5ff, 0xdd9e, 0xcd3d, 0xdd9e,
0xddbf, 0xddbf, 0xd55d, 0xcd3d, 0xd57e, 0xcd1c, 0xc4fb, 0xc4fc, 0xcd1c, 0xd55e,
0xcd3d, 0xc4fc, 0xc4fc, 0xc4dc, 0xcd1d, 0xcd3d, 0xcd1d, 0xcd1d, 0xdd9f, 0xd57e,
0xddbf, 0xdd9f, 0xdd9e, 0xd55e, 0xd53e, 0xdd9f, 0xdd9f, 0xdd7f, 0xdd9f, 0xdd5f,
0xccfd, 0xd51d, 0xdd7f, 0xe5df, 0xe5bf, 0xd51e, 0xd53e, 0xd53e, 0xd53e, 0xccdd,
0xd4fd, 0xdd5f, 0xdd5f, 0xd53e, 0xdd5e, 0xccfc, 0xccfc, 0xdd7e, 0xd51c, 0xd53d,
0xd53d, 0xdd5d, 0xdd5d, 0xd51d, 0xe57f, 0xdd5f, 0xe57f, 0xe59f, 0xd51d, 0xc47b,
0xccbc, 0xd51d, 0xdd5e, 0xedbf, 0xe59f, 0xdd3e, 0xdd3d, 0xdd5d, 0xdd3d, 0xdd1d,
0xdd3d, 0xedbf, 0xe59f, 0xe57f, 0xdd5e, 0xd51d, 0xdd5e, 0xe57f, 0xd53d, 0xdd3e,
0xdd3e, 0xdd5e, 0xf5ff, 0xd53d, 0xd53d, 0xd55e, 0xcd3e, 0xdd9e, 0xd57d, 0xbcda,
0xc4fa, 0xcd3b, 0xcd7c, 0xd5bd, 0xcd9d, 0xcd9d, 0xcd7d, 0xcd7d, 0xcd9b, 0xbd59,
0xcdba, 0xcdda, 0xbd99, 0xc5b9, 0xc5b9, 0xcdda, 0xcdb9, 0xc577, 0xc556, 0xcd56,
0xcd55, 0xcd56, 0xcd37, 0xcd57, 0xd578, 0xcd58, 0xcd58, 0xd558, 0xd578, 0xd578,
0xcd58, 0xcd37, 0xcd58, 0xcd58, 0xc517, 0xbcf6, 0xac75, 0xac54, 0xbcd6, 0xac54,
0x7b0f, 0x628d, 0x626c, 0x5a4c, 0x5a4c, 0x5a4c, 0x5a4c, 0x5a4c, 0x5a4d, 0x41ec,
0x18a7, 0x18a7, 0x20a7, 0x18a7, 0x18c7, 0x18a7, 0x18e8, 0x2108, 0x1066, 0x1066,
0x1087, 0x08a7, 0x10a8, 0x1866, 0x726e, 0xc435, 0xc3d3, 0xc3f3, 0xc3d3, 0xc3f3,
0xbbd3, 0xbbd3, 0xbbb2, 0xbb92, 0xbb92, 0xbb92, 0xbb92, 0xbb92, 0xbb92, 0xb393,
0xb393, 0xb393, 0xb393, 0xb3b3, 0xbbb3, 0xb3b3, 0xb3b4, 0xbbd4, 0xbbd4, 0xbbd4,
0xbbf4, 0xbbf5, 0xbbf5, 0xbc15, 0xbc15, 0xbc35, 0xbc56, 0xc476, 0xc476, 0xc497,
0xccb7, 0xccb7, 0xccd7, 0xccf7, 0xd517, 0xd558, 0xd558, 0xdd78, 0xdd79, 0xdd99,
0xddb9, 0xe5b9, 0xe5b9, 0xe5da, 0xe5ba, 0xe5da, 0xe5db, 0xe5dc, 0xedfd, 0xf63e,
0xd53a, 0xccf9, 0xd53a, 0xd53a, 0xdd5b, 0xdd7b, 0xe59c, 0xe5bc, 0xeddd, 0xedfd,

0xac76, 0xa455, 0x9c13, 0x8b91, 0x8370, 0x834e, 0x7b0e, 0x72ee, 0x7b30, 0x7b31,
0x8373, 0x93d5, 0x9bf6, 0x9bf7, 0x93f5, 0x8392, 0x730f, 0x6aee, 0x6aee, 0x62cd,
0x6aee, 0x6aee, 0x5a6c, 0x49eb, 0x41aa, 0x3969, 0x3148, 0x3128, 0x3128, 0x3107,
0x3969, 0x4189, 0x3148, 0x28e7, 0x2085, 0x1865, 0x1044, 0x1044, 0x1065, 0x1065,
0x1065, 0x1865, 0x1886, 0x1886, 0x1886, 0x1886, 0x1885, 0x1865, 0x1865, 0x1885,
0x1886, 0x1086, 0x1086, 0x1086, 0x1086, 0x1086, 0x1086, 0x1086, 0x1085, 0x1085,
0x1085, 0x18a6, 0x1085, 0x1085, 0x1065, 0x20e7, 0x2929, 0x1065, 0x1086, 0x1886,
0x1886, 0x1866, 0x1886, 0x18a7, 0x28e9, 0x314a, 0x314a, 0x396b, 0x8bb6, 0xbd3e,
0x9c1a, 0x93d8, 0xcd7d, 0xbd1d, 0xc55e, 0xcd7f, 0xc53f, 0xcd5f, 0xcd5d, 0xcd5d,
0xcd3d, 0xcd3d, 0xd55d, 0xd55e, 0xd55e, 0xddbf, 0xddbf, 0xdd9e, 0xd55d, 0xcd3d,
0xd55d, 0xdd9f, 0xddbf, 0xd57d, 0xdd9e, 0xd57d, 0xcd1c, 0xc4fb, 0xcd3d, 0xcd5d,
0xddbf, 0xd55e, 0xcd3d, 0xcd3d, 0xc4fc, 0xbcbc, 0xc4fc, 0xcd3d, 0xcd3d, 0xcd3d,
0xd57e, 0xe5df, 0xe5ff, 0xdddf, 0xe5df, 0xdd9f, 0xcd1e, 0xd55f, 0xdd7f, 0xdd7f,
0xdd7f, 0xcd1d, 0xd53d, 0xdd7f, 0xe59f, 0xeddf, 0xdd5f, 0xdd5f, 0xdd7f, 0xccdd,
0xccfd, 0xdd3e, 0xdd3e, 0xdd7f, 0xdd7e, 0xcd1d, 0xccfc, 0xd53d, 0xdd5d, 0xccdb,
0xccdb, 0xd51c, 0xcd1c, 0xd51d, 0xe57f, 0xdd3e, 0xe57f, 0xe5bf, 0xd51e, 0xccbc,
0xc47b, 0xd51d, 0xe59f, 0xdd5e, 0xd4fd, 0xdd3e, 0xedbf, 0xdd5d, 0xe57e, 0xe57e,
0xe57e, 0xe57e, 0xe59f, 0xf5ff, 0xe59e, 0xdd3d, 0xe59f, 0xd53d, 0xd51d, 0xd53e,
0xdd5e, 0xdd3e, 0xeddf, 0xe59f, 0xdd3e, 0xd53e, 0xdd7f, 0xe5bf, 0xdd9e, 0xcd1c,
0xbc99, 0xc4da, 0xcd5c, 0xddbe, 0xddbe, 0xcd5d, 0xd57d, 0xcd5d, 0xd59c, 0xc55a,
0xc55a, 0xc57a, 0xc59a, 0xc599, 0xbd79, 0xc59a, 0xcd99, 0xc558, 0xc557, 0xcd57,
0xcd57, 0xcd57, 0xcd36, 0xc536, 0xcd57, 0xcd78, 0xcd57, 0xcd58, 0xcd57, 0xcd57,
0xd578, 0xcd78, 0xcd58, 0xcd37, 0xc517, 0xbcd6, 0xb495, 0xb495, 0xc517, 0xbcd6,
0xbcd6, 0x8bb2, 0x6a8d, 0x624c, 0x5a0b, 0x5a2b, 0x5a2b, 0x524b, 0x2907, 0x1887,
0x18c8, 0x18a8, 0x20a7, 0x18a7, 0x18c7, 0x18c7, 0x18c8, 0x2129, 0x18c7, 0x1066,
0x1087, 0x1087, 0x1067, 0x30e8, 0xb3f4, 0xc3f4, 0xc3d3, 0xc3d3, 0xc3d3, 0xbbd3,
0xbbd3, 0xbbb3, 0xbbb2, 0xbb92, 0xbb92, 0xbb92, 0xbb92, 0xbb92, 0xb392, 0xb393,
0xb393, 0xb393, 0xb393, 0xb3b3, 0xbbb3, 0xb3b4, 0xb3b4, 0xbbd4, 0xbbd4, 0xbbd4,
0xbbf5, 0xbc15, 0xbc15, 0xbc15, 0xbc35, 0xbc55, 0xbc56, 0xc476, 0xc496, 0xc497,
0xccb7, 0xccd7, 0xccd7, 0xd4f7, 0xd537, 0xd558, 0xd578, 0xdd78, 0xdd99, 0xddb9,
0xe5b9, 0xe5b9, 0xe5da, 0xe5da, 0xe5da, 0xe5db, 0xe5db, 0xeddc, 0xf61e, 0xeddd,
0xccf9, 0xcd1a, 0xd53a, 0xd55b, 0xdd7b, 0xdd9b, 0xe5bc, 0xe5dc, 0xe5dd, 0xedfd,

0xc517, 0xc517, 0xc516, 0xbcd5, 0xbcf5, 0xbcd4, 0xac94, 0x9c33, 0x93d2, 0x8b92,
0x8352, 0x8b52, 0x8b73, 0x8373, 0x8352, 0x730f, 0x62cd, 0x62ad, 0x62cd, 0x62cd,
0x524b, 0x4189, 0x28e6, 0x20a6, 0x28e7, 0x28e7, 0x20a6, 0x28e7, 0x28e7, 0x2907,
0x3107, 0x20c6, 0x20c6, 0x18a5, 0x1865, 0x1865, 0x1065, 0x1885, 0x1885, 0x1865,
0x1865, 0x1865, 0x1865, 0x1065, 0x1045, 0x1065, 0x1065, 0x1885, 0x1886, 0x1865,
0x1065, 0x1065, 0x1065, 0x1086, 0x18a6, 0x1086, 0x1065, 0x1045, 0x1065, 0x1065,
0x1065, 0x1065, 0x1085, 0x1065, 0x1065, 0x2108, 0x18c7, 0x1045, 0x1066, 0x1065,
0x1065, 0x1886, 0x18a7, 0x20a7, 0x28e9, 0x314a, 0x312a, 0x396c, 0x6ad2, 0xacbb,
0x93d8, 0x7af4, 0x93d7, 0xacbb, 0xbd1d, 0xcd9f, 0xcd7f, 0xcd7f, 0xcd5e, 0xd57e,
0xdd9f, 0xdd9f, 0xdd9f, 0xdd9e, 0xdd9f, 0xd55e, 0xd57e, 0xe5df, 0xcd3d, 0xcd3d,
0xcd1d, 0xcd3d, 0xddbf, 0xd55e, 0xc4fc, 0xcd1c, 0xd57e, 0xcd3d, 0xcd3d, 0xd55e,
0xcd1d, 0xcd1d, 0xd57e, 0xd55d, 0xd55e, 0xd55e, 0xd55e, 0xc4fc, 0xcd1d, 0xd55e,
0xd57e, 0xdd9f, 0xe5df, 0xddbf, 0xddbf, 0xe5df, 0xdd9f, 0xcd1e, 0xcd1d, 0xdd7e,
0xedff, 0xdd7f, 0xccfc, 0xccfd, 0xdd5f, 0xe5bf, 0xdd5f, 0xe57f, 0xdd5f, 0xd51e,
0xdd5f, 0xdd3f, 0xccfd, 0xdd3e, 0xdd7f, 0xccfd, 0xc49b, 0xcd1c, 0xdd5d, 0xdd7e,
0xccfc, 0xccdb, 0xccfc, 0xd51d, 0xd51e, 0xdd3e, 0xe57f, 0xe59f, 0xd51e, 0xccbc,
0xc49c, 0xccdc, 0xccdd, 0xdd5e, 0xd53e, 0xdd5e, 0xe59f, 0xdd3d, 0xe55e, 0xe59f,
0xe57f, 0xedbf, 0xedbf, 0xe59f, 0xdd5e, 0xdd3e, 0xedff, 0xe57f, 0xdd5e, 0xccdc,
0xd4fd, 0xe59f, 0xedff, 0xdd7e, 0xe59f, 0xe59f, 0xd55e, 0xdd9f, 0xdd9f, 0xddbe,
0xcd3c, 0xc4fb, 0xcd1c, 0xe5be, 0xdd9e, 0xdd7e, 0xe5bf, 0xdd9e, 0xdd9e, 0xdd7d,
0xd53c, 0xd55c, 0xd59c, 0xd57b, 0xc51a, 0xc53a, 0xcd5b, 0xcd5a, 0xcd39, 0xcd39,
0xc538, 0xc537, 0xcd57, 0xcd37, 0xc537, 0xcd57, 0xcd77, 0xcd57, 0xc516, 0xc537,
0xd578, 0xd578, 0xcd78, 0xcd37, 0xcd37, 0xcd38, 0xc4f7, 0xc4f6, 0xbcb6, 0xb495,
0xbcf7, 0xb4d6, 0x93d2, 0x7b0f, 0x6a8d, 0x624c, 0x624c, 0x41a9, 0x1885, 0x18a7,
0x18c8, 0x18c8, 0x18a7, 0x18a7, 0x18c7, 0x18c7, 0x18c8, 0x2109, 0x2109, 0x1087,
0x1067, 0x1887, 0x1026, 0x728f, 0xc455, 0xc3f3, 0xbbd3, 0xbbd3, 0xc3d3, 0xbbd3,
0xbbb3, 0xbbb2, 0xbb92, 0xbb92, 0xbb92, 0xbb92, 0xbb92, 0xbb92, 0xb392, 0xb393,
0xb393, 0xb393, 0xb393, 0xb3b3, 0xbbb3, 0xbbd4, 0xbbd4, 0xbbd4, 0xbbd4, 0xbbd4,
0xbbf5, 0xbc15, 0xbc15, 0xbc35, 0xbc35, 0xbc56, 0xbc76, 0xc496, 0xc497, 0xccb7,
0xccb7, 0xccd7, 0xccf7, 0xd4f7, 0xd538, 0xd578, 0xdd78, 0xdd99, 0xdd99, 0xe5b9,
0xe5da, 0xe5da, 0xe5da, 0xe5da, 0xe5db, 0xe5db, 0xedfb, 0xedfd, 0xf63e, 0xd55a,
0xccf9, 0xd53a, 0xd55a, 0xdd5b, 0xdd7b, 0xe59c, 0xe5bc, 0xe5dd, 0xe5dc, 0xf61e,

0xc4d6, 0xc4d6, 0xccf6, 0xc4f5, 0xcd16, 0xcd15, 0xc516, 0xbd16, 0xbcd5, 0xb4b5,
0xac75, 0xa434, 0x93b3, 0x8351, 0x72ee, 0x628c, 0x628c, 0x62ac, 0x5a4c, 0x41a9,
0x20c5, 0x1885, 0x1885, 0x1865, 0x1865, 0x1865, 0x1885, 0x20a6, 0x1885, 0x1885,
0x1065, 0x1885, 0x1885, 0x1065, 0x1065, 0x1044, 0x1044, 0x1065, 0x1065, 0x1065,
0x1045, 0x1045, 0x1044, 0x1065, 0x1885, 0x1886, 0x1865, 0x1065, 0x1065, 0x1045,
0x1024, 0x1045, 0x1085, 0x1086, 0x1065, 0x1045, 0x1045, 0x1065, 0x0845, 0x1065,
0x0844, 0x1085, 0x18a6, 0x1065, 0x1886, 0x20e7, 0x1886, 0x1045, 0x1045, 0x1045,
0x1045, 0x1886, 0x2928, 0x20a7, 0x28e9, 0x314a, 0x312a, 0x314b, 0x5a4f, 0x9417,
0x7b35, 0x51ef, 0x8375, 0x9417, 0xac9a, 0xc57e, 0xcd7f, 0xcd5e, 0xcd5e, 0xcd5e,
0xdd9e, 0xddbf, 0xddbf, 0xe5df, 0xdd9e, 0xd57e, 0xd55d, 0xd55e, 0xcd3d, 0xd55e,
0xd55d, 0xcd3d, 0xd57e, 0xddbf, 0xcd3d, 0xc4dc, 0xcd3d, 0xcd3d, 0xc4db, 0xcd1c,
0xc4fc, 0xcd1c, 0xd55e, 0xcd1d, 0xcd3d, 0xcd3d, 0xd57e, 0xc4fd, 0xc4fc, 0xd55e,
0xd55e, 0xd57f, 0xddbf, 0xd57f, 0xcd1d, 0xdd9f, 0xedff, 0xdd9f, 0xd51e, 0xd53e,
0xe5bf, 0xdd7e, 0xccfd, 0xcd1d, 0xd51e, 0xd53e, 0xe57f, 0xe59f, 0xd51e, 0xd53e,
0xdd3f, 0xd51e, 0xd51e, 0xd53e, 0xe59f, 0xccdc, 0xbc7b, 0xccfc, 0xccfc, 0xe59e,
0xdd7e, 0xd51c, 0xcd1c, 0xd51c, 0xd51d, 0xdd7f, 0xd4fd, 0xd51e, 0xdd3f, 0xdd3f,
0xdd5f, 0xccbc, 0xc49c, 0xd51e, 0xdd5f, 0xe57f, 0xe57f, 0xe57f, 0xedbf, 0xdd1d,
0xe57e, 0xe59f, 0xe57f, 0xedbf, 0xe5bf, 0xdd5e, 0xe59f, 0xeddf, 0xd51d, 0xd4fd,
0xd51d, 0xe59f, 0xedbf, 0xe57f, 0xdd5e, 0xe5bf, 0xccfd, 0xdd7e, 0xdd5e, 0xd53d,
0xdd7e, 0xd53d, 0xd4fc, 0xe57e, 0xe55e, 0xe57e, 0xeddf, 0xedbf, 0xe59f, 0xedbf,
0xe59e, 0xe59e, 0xe59d, 0xd53c, 0xccfb, 0xcd1b, 0xd55c, 0xcd3b, 0xd57c, 0xcd3b,
0xc51a, 0xcd38, 0xcd78, 0xcd79, 0xd598, 0xcd98, 0xcd77, 0xc537, 0xc537, 0xcd37,
0xcd58, 0xd578, 0xd599, 0xd578, 0xcd37, 0xd579, 0xcd37, 0xc517, 0xbcb5, 0xb475,
0xb495, 0xb475, 0xa413, 0x93b2, 0x9bf3, 0xac55, 0x93b2, 0x628d, 0x20a6, 0x1886,
0x18c8, 0x18c8, 0x18c7, 0x18c7, 0x18c7, 0x18c7, 0x18c8, 0x20e8, 0x2108, 0x10a7,
0x1087, 0x1866, 0x38e8, 0xabd4, 0xbbf4, 0xbbd3, 0xc3d3, 0xc3d3, 0xbbd3, 0xbbb2,
0xbbb2, 0xbbb2, 0xbb92, 0xb392, 0xb392, 0xb392, 0xb392, 0xb392, 0xb392, 0xb393,
0xb393, 0xb393, 0xb393, 0xb3b3, 0xbbb3, 0xbbd4, 0xbbd4, 0xbbf4, 0xb393, 0xb393,
0xbbf4, 0xbbf5, 0xbc15, 0xc435, 0xbc36, 0xc456, 0xc476, 0xc496, 0xc497, 0xccb7,
0xccb7, 0xccf7, 0xd4f7, 0xd518, 0xd558, 0xd578, 0xdd78, 0xdd99, 0xddb9, 0xe5b9,
0xe5da, 0xe5da, 0xe5da, 0xe5db, 0xe5db, 0xedfc, 0xedfc, 0xf61e, 0xee1e, 0xcd19,
0xd51a, 0xd53a, 0xdd5b, 0xdd7b, 0xdd9b, 0xe5bc, 0xe5bc, 0xe5bc, 0xe5bc, 0xf65e,

0xccf6, 0xccf6, 0xccf6, 0xccf6, 0xccf6, 0xccf6, 0xc4f5, 0xc4f5, 0xc4f5, 0xc4f5,
0xc516, 0xcd16, 0xc4f6, 0xbcd6, 0xac73, 0x8b8f, 0x6aac, 0x5a0a, 0x4168, 0x3107,
0x28e6, 0x20a5, 0x1864, 0x1844, 0x1845, 0x1044, 0x1044, 0x1044, 0x1024, 0x0824,
0x1044, 0x1065, 0x1065, 0x1064, 0x1064, 0x0844, 0x0844, 0x1085, 0x1065, 0x1045,
0x1024, 0x1024, 0x1045, 0x1065, 0x1885, 0x1065, 0x1045, 0x1045, 0x1045, 0x1045,
0x1065, 0x1065, 0x1086, 0x1065, 0x0824, 0x0844, 0x1065, 0x1065, 0x1065, 0x0845,
0x1045, 0x18a6, 0x1085, 0x1065, 0x18a7, 0x18c7, 0x1086, 0x1065, 0x1066, 0x1066,
0x1065, 0x20c7, 0x3149, 0x20a7, 0x2909, 0x314a, 0x292a, 0x2909, 0x522e, 0x8394,
0x5a50, 0x5a0f, 0x7b13, 0x93f6, 0x8375, 0xc55e, 0xc53e, 0xcd5e, 0xcd7e, 0xd59e,
0xd57e, 0xd55d, 0xdd9f, 0xdd9f, 0xd55d, 0xd57e, 0xcd3d, 0xd55d, 0xcd1c, 0xcd3d,
0xd57e, 0xcd3d, 0xd57e, 0xddbf, 0xd55e, 0xd55e, 0xd57e, 0xcd3d, 0xcd1d, 0xc4fc,
0xc4fc, 0xcd1c, 0xcd3d, 0xcd1c, 0xcd3d, 0xcd3d, 0xcd1d, 0xcd3e, 0xcd1d, 0xcd3d,
0xd57e, 0xd57f, 0xe5df, 0xdd9f, 0xcd1e, 0xd55f, 0xcd1e, 0xd57f, 0xdd9f, 0xd55e,
0xdd9f, 0xe5bf, 0xccfd, 0xcd1d, 0xd53e, 0xccfd, 0xd53e, 0xccfd, 0xccfd, 0xd53e,
0xdd5f, 0xd53f, 0xd51f, 0xdd5f, 0xe59f, 0xd51e, 0xccdc, 0xccdc, 0xc4bb, 0xd51c,
0xe59e, 0xdd5d, 0xccdb, 0xc4bb, 0xd51d, 0xdd5e, 0xdd3e, 0xd51e, 0xccde, 0xccde,
0xdd5f, 0xdd3e, 0xccbd, 0xc49c, 0xccdd, 0xdd5f, 0xe59f, 0xed9f, 0xe57e, 0xdd3e,
0xdd5e, 0xedbf, 0xdd5e, 0xdd5e, 0xe59f, 0xeddf, 0xe57f, 0xdd5e, 0xdd7e, 0xd53e,
0xd51e, 0xe57f, 0xe59f, 0xe59f, 0xdd5e, 0xeddf, 0xe57f, 0xe59f, 0xe59f, 0xd51d,
0xd51d, 0xccfc, 0xd4dc, 0xe55e, 0xe57f, 0xe57f, 0xedbf, 0xedbf, 0xed9f, 0xf5df,
0xf5df, 0xeddf, 0xf5ff, 0xd51c, 0xdd7d, 0xdd7d, 0xd55d, 0xd57d, 0xd55d, 0xd55d,
0xcd5c, 0xcd5a, 0xcd7a, 0xd59a, 0xd5ba, 0xd599, 0xcd78, 0xcd58, 0xcd37, 0xcd37,
0xcd58, 0xd599, 0xd598, 0xcd37, 0xc517, 0xcd58, 0xcd58, 0xcd37, 0xbcd6, 0xbcd6,
0xb495, 0xac55, 0xb455, 0xac34, 0xbcb6, 0xbc96, 0xb475, 0x9bf3, 0x51eb, 0x1887,
0x18c8, 0x18c8, 0x18c7, 0x18c7, 0x18c8, 0x18c8, 0x18c8, 0x18e8, 0x20e8, 0x18c8,
0x18a8, 0x1825, 0x7a6e, 0xc455, 0xbbd3, 0xbbd3, 0xbbd3, 0xc3d3, 0xbbb3, 0xbbb2,
0xbbb2, 0xbbb2, 0xbb92, 0xb392, 0xb392, 0xb392, 0xb392, 0xb392, 0xb392, 0xb393,
0xb393, 0xb393, 0xb393, 0xbbb3, 0xbbb3, 0xbbd4, 0xbbd4, 0xbbf4, 0xb3b4, 0xbbd4,
0xc415, 0xbc15, 0xbc15, 0xc435, 0xc456, 0xc456, 0xc476, 0xc496, 0xc497, 0xccb7,
0xccb7, 0xd4f7, 0xd518, 0xd538, 0xd558, 0xd578, 0xdd78, 0xdd99, 0xddb9, 0xe5b9,
0xe5da, 0xe5db, 0xe5db, 0xe5db, 0xedfc, 0xedfc, 0xee1d, 0xf63e, 0xdd9b, 0xcd1a,
0xd53a, 0xd55a, 0xdd5b, 0xdd7b, 0xdd9c, 0xe5bc, 0xe5bc, 0xe5bc, 0xe5dc, 0xfe7f,

0xc4d5, 0xc4d6, 0xc4d6, 0xc4f6, 0xc4d6, 0xbcb5, 0xc4b4, 0xc4d4, 0xccf4, 0xcd15,
0xcd15, 0xcd16, 0xd536, 0xd557, 0xd577, 0xd577, 0xc515, 0x9bf2, 0x72ae, 0x49ea,
0x2906, 0x1864, 0x1864, 0x1865, 0x2086, 0x1044, 0x0824, 0x0824, 0x0844, 0x0844,
0x0824, 0x1044, 0x1064, 0x0844, 0x0844, 0x1064, 0x1064, 0x0844, 0x1044, 0x1045,
0x1044, 0x1045, 0x1865, 0x1065, 0x1045, 0x1044, 0x1044, 0x1044, 0x1045, 0x1045,
0x1885, 0x1085, 0x1065, 0x1065, 0x0845, 0x1065, 0x1065, 0x0845, 0x1045, 0x0844,
0x1085, 0x1086, 0x1065, 0x1886, 0x18a6, 0x18a7, 0x1066, 0x1066, 0x1066, 0x1886,
0x1886, 0x18a6, 0x28e8, 0x20c8, 0x28e8, 0x312a, 0x2909, 0x20e9, 0x41cc, 0x522e,
0x5a4f, 0x5a50, 0x6271, 0x6ad2, 0x6250, 0xa459, 0xcd5e, 0xcd5e, 0xcd7e, 0xd59e,
0xcd3d, 0xcd1d, 0xcd3d, 0xcd3d, 0xcd3d, 0xd55e, 0xdd9e, 0xd57e, 0xcd3d, 0xcd3d,
0xcd3d, 0xd57e, 0xd57e, 0xd57e, 0xdd9f, 0xcd1d, 0xd55e, 0xddbf, 0xd55e, 0xc4fc,
0xd55d, 0xc4fc, 0xbcbb, 0xc4fc, 0xcd1d, 0xcd1d, 0xcd3d, 0xd55e, 0xdd9f, 0xd55e,
0xd55e, 0xdd9f, 0xd55e, 0xe5df, 0xcd3e, 0xcd1e, 0xccfe, 0xd53f, 0xd53e, 0xcd1d,
0xe5df, 0xdd9f, 0xd55e, 0xd55e, 0xdd7f, 0xd51e, 0xd51e, 0xc4bc, 0xc4bc, 0xccfd,
0xd51e, 0xdd3f, 0xd51f, 0xd51e, 0xd53e, 0xd51e, 0xd51e, 0xccfc, 0xc49a, 0xccfc,
0xdd7e, 0xe5bf, 0xcd1c, 0xc4bb, 0xccfc, 0xd4fc, 0xd51d, 0xd51e, 0xdd3f, 0xd4fe,
0xccde, 0xdd5f, 0xd4fe, 0xc49c, 0xc47c, 0xccbd, 0xd51e, 0xedbf, 0xedbf, 0xd51d,
0xd4fd, 0xe57f, 0xf61f, 0xdd5e, 0xdd5e, 0xe5bf, 0xedbf, 0xdd7e, 0xf5ff, 0xdd3e,
0xccfd, 0xd4fd, 0xdd5e, 0xf5ff, 0xe59f, 0xe57f, 0xe57f, 0xe57f, 0xeddf, 0xed9f,
0xdd3e, 0xdd5f, 0xdd5e, 0xe57e, 0xe59f, 0xe59f, 0xeddf, 0xe59f, 0xed9f, 0xed9f,
0xedbf, 0xedbf, 0xeddf, 0xe5be, 0xdd5d, 0xe59e, 0xe59e, 0xe5df, 0xd57e, 0xd57e,
0xd57e, 0xcd7c, 0xcd7c, 0xcd7b, 0xd5bb, 0xd5bb, 0xcd7a, 0xcd78, 0xcd57, 0xcd57,
0xcd57, 0xcd57, 0xcd58, 0xcd58, 0xcd38, 0xcd37, 0xd599, 0xc517, 0xbcd6, 0xcd38,
0xc4d7, 0xbc96, 0xb455, 0xac34, 0xb455, 0xac14, 0xac34, 0xa3f3, 0x8b51, 0x3109,
0x1867, 0x20a8, 0x18a7, 0x18c8, 0x18c8, 0x18c8, 0x18c8, 0x18e8, 0x18c8, 0x10a8,
0x1067, 0x38e8, 0xb3f4, 0xc3f3, 0xbbb3, 0xbbd4, 0xbbd3, 0xbbd3, 0xbbb2, 0xbbb2,
0xbbb2, 0xbbb2, 0xbb92, 0xb392, 0xb392, 0xb392, 0xb392, 0xb392, 0xb392, 0xb393,
0xb3b3, 0xbbb3, 0xbbb3, 0xbbb3, 0xbbd4, 0xbbd4, 0xbbd4, 0xbbd4, 0xbbd4, 0xbbf5,
0xbbf5, 0xbc15, 0xc435, 0xc436, 0xc456, 0xc476, 0xc496, 0xc497, 0xccb7, 0xccb7,
0xccd7, 0xd4f8, 0xd518, 0xdd38, 0xdd58, 0xdd78, 0xdd99, 0xddb9, 0xe5b9, 0xe5da,
0xe5da, 0xe5db, 0xe5db, 0xe5db, 0xedfc, 0xedfc, 0xf63d, 0xee1d, 0xd51a, 0xcd1a,
0xd51a, 0xdd5b, 0xdd7b, 0xdd7b, 0xdd9c, 0xe5bc, 0xe5bc, 0xe5bc, 0xee1d, 0xf65f,

0xb474, 0xb454, 0xac33, 0xb454, 0xb475, 0xbc95, 0xc4d5, 0xccf5, 0xcd15, 0xcd15,
0xccf5, 0xcd16, 0xcd16, 0xcd16, 0xd536, 0xd556, 0xd557, 0xdd98, 0xd558, 0xb4b5,
0x8bb1, 0x626c, 0x4168, 0x20a6, 0x28e7, 0x28e7, 0x20e6, 0x1885, 0x1885, 0x1885,
0x1865, 0x1044, 0x0824, 0x0844, 0x0824, 0x0844, 0x0844, 0x0844, 0x1045, 0x1045,
0x1045, 0x1065, 0x1045, 0x1044, 0x1044, 0x1024, 0x1044, 0x1044, 0x1065, 0x1865,
0x1065, 0x1044, 0x1044, 0x1065, 0x1045, 0x1044, 0x0844, 0x1045, 0x0824, 0x1065,
0x1086, 0x1065, 0x1065, 0x1886, 0x18a7, 0x18a6, 0x1065, 0x1086, 0x1086, 0x1886,
0x1866, 0x20a7, 0x20e7, 0x20a7, 0x28e8, 0x2909, 0x312a, 0x312a, 0x314a, 0x41ac,
0x524e, 0x522e, 0x49ee, 0x49ed, 0x49cd, 0x6291, 0xb4bb, 0xcd7f, 0xcd7f, 0xcd5e,
0xc51c, 0xcd5d, 0xc51b, 0xc4fb, 0xcd5d, 0xd55d, 0xddbf, 0xd55d, 0xcd3d, 0xcd5d,
0xcd1c, 0xcd3c, 0xd55e, 0xcd3d, 0xd57e, 0xd57e, 0xdd7f, 0xddbf, 0xd57f, 0xcd3d,
0xcd3e, 0xcd3d, 0xc4fc, 0xc4dc, 0xcd1d, 0xcd1d, 0xcd3e, 0xcd3e, 0xd57e, 0xe5df,
0xe5ff, 0xe5df, 0xd57f, 0xdd7f, 0xd55e, 0xcd1e, 0xcd1e, 0xcd1e, 0xccfd, 0xc4dc,
0xdd7f, 0xccfd, 0xd53e, 0xd53e, 0xdd9f, 0xe5bf, 0xdd7f, 0xe59f, 0xd51d, 0xccfd,
0xccfd, 0xd55f, 0xccdd, 0xc4bc, 0xd53e, 0xccdd, 0xbc7b, 0xbc7a, 0xbc9a, 0xd53d,
0xd55d, 0xe5bf, 0xd53d, 0xdd5d, 0xdd5d, 0xccfc, 0xccdc, 0xccbd, 0xd4fe, 0xe57f,
0xdd5f, 0xdd3e, 0xdd3f, 0xd51e, 0xccbc, 0xccdd, 0xc47b, 0xccbc, 0xe57f, 0xdd3e,
0xdd3e, 0xedbf, 0xedbf, 0xeddf, 0xdd5e, 0xd4fd, 0xe59e, 0xe5bf, 0xf5ff, 0xeddf,
0xd51d, 0xdd5e, 0xdd3e, 0xe59f, 0xedbf, 0xccbc, 0xe57e, 0xdd3e, 0xe59f, 0xdd3e,
0xd4fd, 0xedbf, 0xedbf, 0xe57e, 0xdd5e, 0xe57f, 0xf5df, 0xe59f, 0xe57f, 0xf5df,
0xe59f, 0xe57e, 0xedff, 0xf61f, 0xe57e, 0xe59e, 0xdd5d, 0xdd5d, 0xe5bf, 0xe5df,
0xddbf, 0xdd9e, 0xd59d, 0xcd5c, 0xd59c, 0xddbc, 0xcd9b, 0xcd7a, 0xcd79, 0xcd58,
0xcd58, 0xcd58, 0xcd57, 0xcd57, 0xcd37, 0xcd38, 0xd558, 0xcd37, 0xcd37, 0xc517,
0xcd17, 0xc4d7, 0xbc95, 0xb454, 0xb434, 0xb455, 0xbc95, 0xbc75, 0xa3f3, 0x6aaf,
0x28e8, 0x1887, 0x20c8, 0x18c8, 0x18c8, 0x20c8, 0x20c8, 0x20c8, 0x18a7, 0x10a7,
0x1046, 0x726f, 0xc456, 0xc3b3, 0xbbd3, 0xbbd3, 0xbbb3, 0xbbb3, 0xbbb2, 0xbbb2,
0xbbb2, 0xbb92, 0xb392, 0xb392, 0xb392, 0xb392, 0xb392, 0xb392, 0xb392, 0xb3b3,
0xb3b3, 0xbbb3, 0xbbb3, 0xbbb4, 0xbbd4, 0xbbd4, 0xbbd4, 0xbbd4, 0xbbd4, 0xbbf5,
0xbbf5, 0xbc15, 0xc435, 0xc456, 0xc456, 0xc476, 0xc496, 0xc497, 0xccb7, 0xccd7,
0xccf7, 0xd518, 0xd538, 0xdd38, 0xdd78, 0xdd79, 0xdd99, 0xddb9, 0xe5ba, 0xe5da,
0xe5da, 0xe5db, 0xe5db, 0xe5db, 0xeddc, 0xedfd, 0xf65e, 0xe59c, 0xcd1a, 0xd51a,
0xd53b, 0xdd5b, 0xdd7b, 0xdd9b, 0xdd9c, 0xdd9c, 0xe5bc, 0xe5bc, 0xfe7f, 0xeddd,

0xac53, 0xac33, 0xb453, 0xb453, 0xb454, 0xb474, 0xb474, 0xb473, 0xb494, 0xbc94,
0xbc94, 0xc4b5, 0xc4b5, 0xc4f5, 0xccf5, 0xccf5, 0xc4d5, 0xccf5, 0xcd36, 0xd556,
0xd576, 0xc516, 0xac53, 0x834f, 0x520b, 0x28e6, 0x20e6, 0x2907, 0x20a5, 0x1885,
0x1864, 0x1865, 0x1866, 0x1045, 0x0825, 0x0804, 0x0844, 0x0845, 0x0845, 0x0845,
0x0845, 0x1045, 0x0845, 0x0844, 0x0844, 0x1045, 0x1065, 0x1065, 0x1865, 0x1065,
0x0824, 0x0824, 0x1044, 0x1044, 0x1044, 0x1044, 0x1044, 0x0824, 0x1045, 0x1066,
0x1066, 0x1866, 0x1866, 0x1886, 0x18c7, 0x18a6, 0x1045, 0x1066, 0x1086, 0x1065,
0x1887, 0x20c7, 0x18a6, 0x1065, 0x20c8, 0x312a, 0x396b, 0x394b, 0x312a, 0x41ac,
0x41ac, 0x418c, 0x418c, 0x41cb, 0x398a, 0x49cd, 0x8375, 0xcd7f, 0xcd9f, 0xcd7f,
0xc51c, 0xcd5c, 0xc53b, 0xc51b, 0xcd5c, 0xe5de, 0xddbf, 0xcd3c, 0xcd1c, 0xd57d,
0xcd1c, 0xcd1c, 0xd55d, 0xcd1c, 0xcd1c, 0xcd1d, 0xcd3e, 0xd55f, 0xdd7f, 0xd55e,
0xcd1d, 0xd53e, 0xd55f, 0xcd1e, 0xd57f, 0xcd1e, 0xcd3e, 0xdd9f, 0xd55e, 0xe5ff,
0xee1f, 0xd57e, 0xdd9f, 0xd55e, 0xd55e, 0xd55e, 0xddbf, 0xcd1e, 0xccfd, 0xc4bc,
0xcd1d, 0xccfd, 0xc4dd, 0xc4dd, 0xd53d, 0xdd9e, 0xe5df, 0xdd9e, 0xdd7e, 0xe5df,
0xd57e, 0xd55e, 0xcd1d, 0xc4bc, 0xc4dc, 0xc4dc, 0xc4bc, 0xcd1c, 0xc4dc, 0xc4dc,
0xcd1d, 0xd53d, 0xcd1d, 0xd55e, 0xdd5e, 0xdd7f, 0xccdd, 0xccdd, 0xd51e, 0xe59f,
0xe57e, 0xdd3e, 0xe59f, 0xe57f, 0xdd5e, 0xccbb, 0xbc7b, 0xc47c, 0xccdd, 0xd51e,
0xd51e, 0xdd3e, 0xdd7f, 0xe5bf, 0xdd7f, 0xd51d, 0xd53e, 0xdd3d, 0xdd7e, 0xe59f,
0xedbf, 0xe59f, 0xedbf, 0xe59f, 0xeddf, 0xd51d, 0xe57e, 0xedbf, 0xccdc, 0xd4dc,
0xdd5e, 0xed9f, 0xf5df, 0xed9f, 0xe53e, 0xedbf, 0xe55e, 0xf5bf, 0xe57f, 0xedbf,
0xf5ff, 0xdd5e, 0xed9f, 0xeddf, 0xeddf, 0xe57f, 0xdd7e, 0xdd7e, 0xe57e, 0xedff,
0xf61f, 0xe5df, 0xdd9e, 0xd55d, 0xd57c, 0xd59d, 0xd5bc, 0xd59c, 0xcd9b, 0xcd7b,
0xd59a, 0xcd79, 0xcd58, 0xcd58, 0xcd37, 0xcd38, 0xd558, 0xd558, 0xcd37, 0xc537,
0xcd37, 0xcd17, 0xc4d6, 0xbcb5, 0xbc95, 0xb475, 0xbc95, 0xac54, 0x9bd2, 0x8b71,
0x6aaf, 0x41ab, 0x1867, 0x18c8, 0x18a8, 0x18a9, 0x20a9, 0x20c9, 0x20e8, 0x18a7,
0x28a8, 0xabf5, 0xbbf5, 0xc3b4, 0xbbb3, 0xbbd3, 0xbbb3, 0xbbb2, 0xbbb2, 0xbb92,
0xbb92, 0xb392, 0xb372, 0xb372, 0xb372, 0xb392, 0xb392, 0xb392, 0xb392, 0xb3b2,
0xb3b3, 0xbbb3, 0xbbb3, 0xbbb4, 0xbbd4, 0xbbb4, 0xbbd4, 0xbbd5, 0xbbf5, 0xbc15,
0xbc15, 0xbc15, 0xbc35, 0xc456, 0xc476, 0xc476, 0xc497, 0xc4b7, 0xccd7, 0xccf7,
0xccf8, 0xd538, 0xd539, 0xdd59, 0xdd79, 0xdd99, 0xdd99, 0xe5ba, 0xe5ba, 0xe5ba,
0xe5da, 0xe5da, 0xedfb, 0xedfc, 0xedfc, 0xf63e, 0xee1e, 0xd51a, 0xd51a, 0xd53b,
0xdd5b, 0xdd7c, 0xdd7c, 0xdd9c, 0xddbc, 0xddbc, 0xdd9c, 0xedfe, 0xfe5f, 0xdd7c,

0xac13, 0xac33, 0xac53, 0xb453, 0xb454, 0xb454, 0xb474, 0xb473, 0xac53, 0xb453,
0xb453, 0xbc54, 0xbc73, 0xb453, 0xbc73, 0xbc73, 0xbc93, 0xbc94, 0xbc94, 0xbc93,
0xc4d3, 0xc4f4, 0xc4f5, 0xbcf6, 0xb4b5, 0x93b1, 0x5a2b, 0x4189, 0x3948, 0x3127,
0x20a5, 0x1884, 0x1045, 0x0824, 0x1065, 0x0844, 0x0824, 0x0044, 0x0844, 0x0844,
0x0844, 0x0844, 0x0844, 0x0844, 0x1045, 0x1065, 0x1065, 0x1865, 0x1065, 0x0824,
0x0824, 0x1024, 0x0824, 0x0824, 0x1024, 0x1044, 0x1044, 0x1044, 0x1866, 0x1045,
0x1866, 0x18a6, 0x1886, 0x18a6, 0x18c7, 0x1086, 0x0845, 0x1045, 0x1066, 0x1045,
0x1887, 0x1886, 0x1065, 0x1045, 0x1887, 0x314a, 0x396b, 0x310a, 0x312a, 0x310a,
0x394b, 0x312a, 0x418b, 0x314a, 0x3129, 0x49ac, 0x5a0f, 0xbd1c, 0xd5bf, 0xd59f,
0xc53d, 0xbcfb, 0xc53b, 0xcd5c, 0xcd5c, 0xe5ff, 0xe5df, 0xcd3c, 0xcd1c, 0xd55d,
0xdd9e, 0xcd5d, 0xcd3c, 0xcd1d, 0xcd1c, 0xc4fc, 0xcd1d, 0xd55e, 0xd57f, 0xddbf,
0xd55f, 0xd57f, 0xdd9f, 0xd55e, 0xcd1d, 0xd57f, 0xddbf, 0xddbf, 0xd55e, 0xdd9f,
0xdd9e, 0xcd1d, 0xcd1e, 0xcd3e, 0xcd3e, 0xd57f, 0xddbf, 0xd55e, 0xd55f, 0xd53e,
0xcd1d, 0xccfd, 0xd53e, 0xd53e, 0xcd1d, 0xd53d, 0xdd9e, 0xe5ff, 0xccfc, 0xdd7e,
0xee1f, 0xedff, 0xdd9f, 0xcd1d, 0xbc7b, 0xc4dc, 0xccfc, 0xd55d, 0xd53d, 0xc4bb,
0xc4db, 0xc4dc, 0xc4dc, 0xccfc, 0xd51d, 0xdd7f, 0xd51e, 0xc4bc, 0xccfe, 0xdd5f,
0xedbf, 0xe57f, 0xdd3e, 0xdd3e, 0xe59f, 0xd53e, 0xccdd, 0xccfe, 0xd53e, 0xd51e,
0xc4bd, 0xccdd, 0xd51e, 0xe59f, 0xe59f, 0xe57f, 0xedbf, 0xdd5e, 0xe57e, 0xdd5e,
0xdd3e, 0xeddf, 0xe5bf, 0xe59f, 0xe5bf, 0xf5ff, 0xe59f, 0xedbf, 0xdd3e, 0xcc9b,
0xdd5e, 0xedbf, 0xedbf, 0xed7f, 0xdd1d, 0xed7f, 0xed9f, 0xe57f, 0xed9f, 0xedbf,
0xf5ff, 0xedbf, 0xdd3d, 0xe57e, 0xe59f, 0xe59f, 0xe59f, 0xdd7e, 0xe59e, 0xe5bf,
0xeddf, 0xeddf, 0xdd9e, 0xddbe, 0xcd3c, 0xd57c, 0xd5bd, 0xd5bd, 0xcd9d, 0xd5bd,
0xde1e, 0xd5dc, 0xcd9a, 0xcd9a, 0xc558, 0xc538, 0xc538, 0xcd58, 0xcd38, 0xcd17,
0xcd17, 0xcd38, 0xcd17, 0xcd17, 0xcd17, 0xc4d6, 0xbcb5, 0xa413, 0x9bd2, 0x8b91,
0x8351, 0x8352, 0x30e8, 0x18a7, 0x18c8, 0x18a8, 0x18a9, 0x18c8, 0x2108, 0x20a7,
0x728f, 0xbc56, 0xbbd4, 0xbbb4, 0xbbb3, 0xbbd3, 0xbbb2, 0xbbb2, 0xbb92, 0xbb92,
0xb392, 0xb372, 0xb372, 0xb372, 0xb372, 0xb392, 0xb392, 0xb392, 0xb392, 0xb3b2,
0xb3b3, 0xbbb3, 0xbbb3, 0xbbb4, 0xbbd4, 0xbbd4, 0xbbd5, 0xbbf5, 0xbbf5, 0xbc15,
0xbc15, 0xbc35, 0xc456, 0xc456, 0xc476, 0xc497, 0xc4b7, 0xc4d7, 0xccf8, 0xccf8,
0xd518, 0xd538, 0xd559, 0xdd59, 0xdd79, 0xdd99, 0xe5ba, 0xe5ba, 0xe5ba, 0xe5da,
0xe5da, 0xe5db, 0xe5db, 0xedfc, 0xee1d, 0xf65e, 0xdd7b, 0xccf9, 0xd51a, 0xdd5b,
0xdd7c, 0xdd7c, 0xe59c, 0xe5bc, 0xddbc, 0xe5bc, 0xe5bd, 0xfe5f, 0xf5fe, 0xe57c,

0xb474, 0xb474, 0xb474, 0xb474, 0xb474, 0xb474, 0xb453, 0xb473, 0xb453, 0xb473,
0xbc74, 0xbc74, 0xbc74, 0xbc73, 0xbc73, 0xbc53, 0xbc53, 0xbc73, 0xbc73, 0xc472,
0xc493, 0xc4b3, 0xbc93, 0xbc93, 0xbcb4, 0xc4d5, 0xbcd5, 0x9bf2, 0x72cd, 0x5a6b,
0x49e9, 0x3967, 0x2927, 0x1885, 0x0844, 0x1064, 0x0864, 0x0023, 0x0844, 0x0844,
0x0844, 0x0844, 0x0844, 0x0844, 0x1065, 0x1045, 0x1045, 0x1045, 0x0824, 0x0824,
0x0824, 0x1044, 0x0824, 0x0823, 0x1024, 0x1044, 0x1044, 0x1045, 0x1866, 0x1045,
0x1065, 0x1866, 0x1866, 0x20c7, 0x20c7, 0x1065, 0x0825, 0x0845, 0x1065, 0x1066,
0x1046, 0x1046, 0x1045, 0x1045, 0x1886, 0x314a, 0x28e9, 0x28c9, 0x28e9, 0x3109,
0x396b, 0x312a, 0x28c9, 0x20a8, 0x396b, 0x394a, 0x416c, 0xb4da, 0xcd9f, 0xcd7f,
0xcd7e, 0xc53c, 0xcd3b, 0xcd3c, 0xcd3c, 0xdd9e, 0xe5ff, 0xd57d, 0xcd3d, 0xcd3c,
0xd59e, 0xcd5d, 0xcd1c, 0xcd1c, 0xcd3d, 0xcd3d, 0xcd1d, 0xd55e, 0xd55e, 0xd55f,
0xd57f, 0xdd9f, 0xe5ff, 0xd57f, 0xcd1e, 0xcd3e, 0xdd9f, 0xdd9f, 0xcd3e, 0xcd1d,
0xcd1d, 0xd55f, 0xdd7f, 0xd55e, 0xcd3e, 0xc4fd, 0xcd3e, 0xcd3e, 0xc4dd, 0xd53e,
0xd53e, 0xdd9f, 0xd55e, 0xcd1e, 0xd55e, 0xd55e, 0xe5ff, 0xe5df, 0xccfc, 0xcd1d,
0xd53d, 0xdd9f, 0xe5df, 0xe5df, 0xccfc, 0xc4bc, 0xc4dc, 0xd53d, 0xd55e, 0xcd1d,
0xc4dc, 0xc4dc, 0xccfc, 0xcd1d, 0xd4fd, 0xd51e, 0xd4fe, 0xccfe, 0xccfe, 0xd4fe,
0xe59f, 0xe57f, 0xd53e, 0xe59f, 0xedbf, 0xdd3f, 0xd51e, 0xccdd, 0xd51e, 0xd51e,
0xc4bd, 0xc4bc, 0xd4fe, 0xd51e, 0xdd5f, 0xe57f, 0xe59f, 0xf5ff, 0xdd5e, 0xdd3e,
0xd51d, 0xdd7e, 0xeddf, 0xeddf, 0xe5bf, 0xeddf, 0xedbf, 0xedbf, 0xedbf, 0xe59f,
0xdd3d, 0xdd5e, 0xed9f, 0xe57e, 0xe55e, 0xe55e, 0xedbf, 0xed7f, 0xedbf, 0xedbf,
0xedbf, 0xedbf, 0xdd3e, 0xdd3d, 0xdd5e, 0xe59f, 0xe59f, 0xdd7e, 0xeddf, 0xe59e,
0xeddf, 0xe5bf, 0xdd7d, 0xedff, 0xd57d, 0xd57d, 0xd57d, 0xcd7d, 0xcd9d, 0xd5fe,
0xde3f, 0xd61e, 0xcdbd, 0xcddd, 0xcddc, 0xc5bb, 0xc59a, 0xc579, 0xcd38, 0xcd17,
0xcd17, 0xcd37, 0xcd17, 0xcd38, 0xcd17, 0xc4d6, 0xc4d6, 0xbcb6, 0xa413, 0x9392,
0x8b72, 0xa435, 0x624e, 0x1886, 0x20e8, 0x18c8, 0x18c9, 0x18c8, 0x18c7, 0x3108,
0xa3d3, 0xb415, 0xbbd4, 0xbbb3, 0xbbb3, 0xbbb3, 0xbbb2, 0xbb92, 0xb392, 0xb392,
0xb372, 0xb371, 0xb372, 0xb372, 0xb372, 0xb392, 0xb392, 0xb392, 0xb392, 0xb3b2,
0xb3b3, 0xbbb3, 0xbbb3, 0xbbb4, 0xbbd4, 0xbbd5, 0xbbd5, 0xbbf5, 0xbc15, 0xc415,
0xbc36, 0xc436, 0xc456, 0xc476, 0xc496, 0xc4b7, 0xc4d7, 0xccd8, 0xccf8, 0xd518,
0xd538, 0xd539, 0xdd59, 0xdd79, 0xdd99, 0xdd99, 0xe5ba, 0xe5ba, 0xe5da, 0xe5da,
0xe5db, 0xe5db, 0xedfb, 0xedfc, 0xf63e, 0xedfd, 0xccfa, 0xd51a, 0xd53b, 0xdd5b,
0xdd7c, 0xdd7c, 0xe59c, 0xe5bc, 0xe5bc, 0xe5bc, 0xf61e, 0xfe7f, 0xed9d, 0xed9d,

0xac12, 0xac33, 0xac33, 0xac33, 0xac33, 0xb453, 0xb453, 0xb473, 0xb474, 0xb473,
0xb453, 0xbc74, 0xbc73, 0xbc73, 0xbc73, 0xbc53, 0xbc53, 0xbc53, 0xbc73, 0xbc72,
0xbc72, 0xc473, 0xc493, 0xc493, 0xbc93, 0xc493, 0xc494, 0xc4f5, 0xc516, 0xac73,
0x8baf, 0x7b2d, 0x626b, 0x49c9, 0x3106, 0x1064, 0x1084, 0x0844, 0x0844, 0x0844,
0x0845, 0x0845, 0x1045, 0x1065, 0x1886, 0x1065, 0x1044, 0x1045, 0x0824, 0x0824,
0x1044, 0x1044, 0x1044, 0x1044, 0x0824, 0x1024, 0x1044, 0x1065, 0x1045, 0x1866,
0x1886, 0x28e8, 0x20c7, 0x20c7, 0x20e7, 0x1065, 0x0825, 0x1045, 0x1045, 0x1066,
0x1045, 0x1046, 0x1045, 0x1045, 0x1066, 0x314a, 0x28e9, 0x28e9, 0x28e9, 0x396b,
0x396b, 0x310a, 0x28e9, 0x312a, 0x41ac, 0x398b, 0x3109, 0xa479, 0xc57e, 0xcd5e,
0xd59f, 0xc53d, 0xd57d, 0xcd5c, 0xcd3d, 0xd55d, 0xdd9e, 0xddbe, 0xd57e, 0xd55d,
0xcd1c, 0xcd3c, 0xcd5d, 0xdd9e, 0xd57e, 0xd55e, 0xd57e, 0xd57f, 0xd55f, 0xcd3e,
0xd53e, 0xd55e, 0xdd9f, 0xdd7f, 0xdd9f, 0xd57f, 0xdd9f, 0xdd7f, 0xd55e, 0xd55f,
0xcd3e, 0xdd9f, 0xd57f, 0xdd9f, 0xd55e, 0xc4fd, 0xc4bc, 0xcd1e, 0xc4dd, 0xc4dd,
0xc4bc, 0xcd1e, 0xd55f, 0xc4dd, 0xd53e, 0xd55e, 0xdd9f, 0xd53e, 0xd53e, 0xd53d,
0xccfd, 0xcd1d, 0xd55e, 0xe5bf, 0xe5bf, 0xd55e, 0xcd1d, 0xccfd, 0xc4dc, 0xccfd,
0xc4dc, 0xcd1d, 0xd55e, 0xd53e, 0xccdd, 0xd4fe, 0xccfe, 0xd4fe, 0xd51f, 0xd51f,
0xdd5f, 0xd4fe, 0xd4fe, 0xdd3e, 0xeddf, 0xedbf, 0xdd5f, 0xccbd, 0xd51e, 0xd53e,
0xccbd, 0xccbd, 0xc4bc, 0xccde, 0xd4fe, 0xdd5f, 0xdd5e, 0xe59f, 0xdd5f, 0xccdd,
0xdd3e, 0xdd5e, 0xedbf, 0xedff, 0xe57e, 0xedbf, 0xe57f, 0xdd3e, 0xe57e, 0xe59f,
0xe59f, 0xe59f, 0xedbf, 0xe53e, 0xed7f, 0xed9f, 0xe55e, 0xf5bf, 0xe57e, 0xe55e,
0xf5df, 0xe57f, 0xe59f, 0xdd3e, 0xdd5e, 0xdd7f, 0xe57f, 0xe59f, 0xe5bf, 0xe57e,
0xedbf, 0xedff, 0xe59e, 0xe5bf, 0xdd9e, 0xdd9e, 0xdd9d, 0xd55d, 0xcd5d, 0xd5de,
0xde1f, 0xde3f, 0xcdde, 0xcdbd, 0xde3f, 0xd61d, 0xc5dc, 0xcdfb, 0xcd9a, 0xd579,
0xd558, 0xd558, 0xd579, 0xd579, 0xcd17, 0xc4f6, 0xc4f7, 0xc517, 0xbc96, 0xac55,
0xac54, 0xac55, 0x9392, 0x49cb, 0x20a7, 0x18c8, 0x18c8, 0x18c8, 0x1887, 0x6a2d,
0xc435, 0xbbd4, 0xbbd4, 0xbbb3, 0xbbb3, 0xbbb3, 0xbb92, 0xb392, 0xb372, 0xb372,
0xb372, 0xb371, 0xb372, 0xb372, 0xb372, 0xb372, 0xb372, 0xb372, 0xb392, 0xb3b2,
0xb3b3, 0xbbb3, 0xbbb3, 0xbbb4, 0xbbd4, 0xbbd5, 0xbbd5, 0xbbf5, 0xbbf5, 0xbc15,
0xc436, 0xc436, 0xc456, 0xc476, 0xc496, 0xc4b7, 0xc4d7, 0xccf8, 0xccf8, 0xd518,
0xd538, 0xd539, 0xdd59, 0xdd79, 0xdd99, 0xdd99, 0xe5ba, 0xe5da, 0xe5da, 0xe5da,
0xe5db, 0xe5db, 0xedfc, 0xee1d, 0xf63e, 0xdd5b, 0xcd1a, 0xd53b, 0xd55b, 0xdd5b,
0xdd7c, 0xdd7c, 0xdd7c, 0xe59c, 0xe5bc, 0xe5bc, 0xfe7f, 0xfe3f, 0xedbd, 0xedbd,

0xac33, 0xac33, 0xa3f2, 0xa3d1, 0xa3d1, 0xa3d1, 0xa3f2, 0xa412, 0xa3f1, 0xa3b1,
0x9b6f, 0x932f, 0x9b4f, 0x9b4f, 0x9b4f, 0x9b2e, 0x9b2e, 0x9b4f, 0xa390, 0xa3b0,
0xa3b0, 0x9b6f, 0x9b8f, 0xa3b0, 0xb411, 0xb452, 0xb452, 0xb472, 0xc4b3, 0xcd15,
0xcd35, 0xc4f4, 0xac52, 0x8b6f, 0x624b, 0x3947, 0x1044, 0x1064, 0x1065, 0x0824,
0x0845, 0x1065, 0x1065, 0x18a6, 0x18a6, 0x1065, 0x1065, 0x1045, 0x0824, 0x0824,
0x1044, 0x1044, 0x1044, 0x1044, 0x1024, 0x1044, 0x1064, 0x1065, 0x18a7, 0x20e8,
0x3129, 0x3129, 0x20c7, 0x20a7, 0x20e8, 0x1086, 0x1045, 0x1045, 0x1045, 0x1066,
0x1025, 0x1025, 0x1045, 0x1045, 0x1045, 0x2909, 0x314b, 0x310a, 0x310a, 0x41ac,
0x396b, 0x394b, 0x396b, 0x314b, 0x398b, 0x49ec, 0x28e8, 0x8394, 0xd5df, 0xc55e,
0xcd7f, 0xd59e, 0xcd7d, 0xd55d, 0xcd3d, 0xcd3d, 0xe5df, 0xe5df, 0xd55d, 0xd55d,
0xcd3c, 0xd55d, 0xd57d, 0xd57e, 0xd55e, 0xd57e, 0xd55e, 0xd55e, 0xd55f, 0xd55f,
0xccfd, 0xcd1d, 0xcd3e, 0xe5bf, 0xd55e, 0xdd9f, 0xe5df, 0xdd9f, 0xd55e, 0xcd3f,
0xd53f, 0xe5ff, 0xdd9f, 0xd55e, 0xdd9f, 0xcd1e, 0xc4dc, 0xcd3e, 0xd55f, 0xd53e,
0xccfd, 0xc4bc, 0xc4dd, 0xd55e, 0xc4dd, 0xccfd, 0xcd1e, 0xcd1e, 0xd55e, 0xccfd,
0xd53e, 0xd55e, 0xccfd, 0xcd1d, 0xe5df, 0xedff, 0xd53d, 0xccfd, 0xccfd, 0xccfd,
0xd53e, 0xcd1d, 0xd53e, 0xd53e, 0xdd3f, 0xdd3f, 0xd4fe, 0xccde, 0xd4ff, 0xd51f,
0xdd5f, 0xdd3f, 0xccde, 0xdd3e, 0xe57f, 0xe57f, 0xe59f, 0xe59f, 0xdd5f, 0xccfe,
0xd53e, 0xccdd, 0xccdd, 0xccde, 0xd51e, 0xd51e, 0xccdd, 0xd51e, 0xe5bf, 0xe59f,
0xe57f, 0xe59f, 0xe57e, 0xf5ff, 0xdd5e, 0xe59e, 0xedbf, 0xe55e, 0xe59e, 0xedbf,
0xe55e, 0xedbf, 0xed9f, 0xed7f, 0xf5bf, 0xe53e, 0xdd3e, 0xf5df, 0xdd3d, 0xe55e,
0xedbf, 0xe55f, 0xe55f, 0xe57f, 0xe57f, 0xe57f, 0xdd5e, 0xe57f, 0xe57f, 0xdd5e,
0xe5bf, 0xeddf, 0xedbf, 0xe5bf, 0xdd7e, 0xdd7d, 0xddbe, 0xd57d, 0xdd7d, 0xdd9e,
0xdddf, 0xde1f, 0xcdbe, 0xc59d, 0xddff, 0xd63f, 0xc5fc, 0xc61c, 0xd63c, 0xcd99,
0xcd58, 0xd558, 0xd558, 0xcd38, 0xcd17, 0xcd17, 0xcd38, 0xcd38, 0xc4f7, 0xbcb6,
0xbc95, 0xb434, 0xac34, 0x9bb3, 0x418b, 0x18a7, 0x20e8, 0x20a7, 0x30c8, 0xabd3,
0xc3f4, 0xbbb3, 0xbbb3, 0xbbb3, 0xbbb3, 0xb393, 0xbb92, 0xb392, 0xb372, 0xb372,
0xb372, 0xb371, 0xb372, 0xb372, 0xb372, 0xb372, 0xb372, 0xb372, 0xb392, 0xb3b2,
0xb3b3, 0xbbb3, 0xbbb3, 0xbbb4, 0xbbd4, 0xbbd5, 0xbbd5, 0xbbf5, 0xbc15, 0xc415,
0xc436, 0xc456, 0xc456, 0xc476, 0xc497, 0xc4b7, 0xccd8, 0xccf8, 0xd518, 0xd518,
0xd539, 0xdd59, 0xdd59, 0xdd7a, 0xdd9a, 0xe5ba, 0xe5da, 0xe5da, 0xe5da, 0xe5da,
0xe5fb, 0xe5dc, 0xedfc, 0xf63e, 0xedfd, 0xcd1a, 0xd53b, 0xdd5b, 0xdd5b, 0xdd7c,
0xdd7c, 0xdd7c, 0xe59c, 0xe59c, 0xe5bc, 0xf63e, 0xfe7f, 0xf5de, 0xfdff, 0xf5de,

0xac12, 0xa3f2, 0x9b91, 0x9390, 0x934f, 0x8b0e, 0x82ed, 0x7acd, 0x7aad, 0x7a8c,
0x82ad, 0x8acd, 0x8aee, 0x9b2e, 0x9b4f, 0x9b4f, 0x9b4f, 0x9b4f, 0x9b4f, 0x9b6f,
0x934f, 0x932f, 0x8b0e, 0x8aed, 0x8acd, 0x82cc, 0x8b2d, 0x9baf, 0xa3f0, 0xb452,
0xc4b3, 0xccf5, 0xcd15, 0xc4f5, 0xa432, 0x7b2f, 0x3968, 0x1044, 0x1885, 0x1085,
0x1044, 0x1065, 0x1885, 0x20e7, 0x18c6, 0x1065, 0x1865, 0x1045, 0x0824, 0x0824,
0x1044, 0x1044, 0x1044, 0x1044, 0x1044, 0x1044, 0x1064, 0x1885, 0x3129, 0x3129,
0x20e8, 0x3129, 0x28e8, 0x20c7, 0x2108, 0x18a7, 0x1065, 0x1045, 0x1045, 0x1065,
0x0825, 0x0825, 0x1045, 0x1065, 0x1866, 0x312a, 0x394b, 0x310a, 0x394b, 0x396b,
0x310a, 0x312a, 0x418c, 0x6ad2, 0x522f, 0x394a, 0x2086, 0x5a4f, 0xd5ff, 0xd5bf,
0xd59f, 0xd59e, 0xcd7d, 0xcd5d, 0xcd3d, 0xd55e, 0xdddf, 0xd57e, 0xcd3d, 0xd59e,
0xd57d, 0xd57e, 0xd55d, 0xd57e, 0xcd3d, 0xd57e, 0xcd1d, 0xcd3e, 0xd55e, 0xd57f,
0xcd3e, 0xccfd, 0xcd3e, 0xddbf, 0xd55f, 0xcd1d, 0xdd9f, 0xd53f, 0xc4fd, 0xcd1f,
0xcd1f, 0xcd3f, 0xe5bf, 0xe5df, 0xcd1d, 0xd57f, 0xdd9f, 0xccfd, 0xd55e, 0xdd9f,
0xdd7f, 0xd55e, 0xccfd, 0xdd7f, 0xd53e, 0xc4bc, 0xc4dd, 0xcd1d, 0xccfd, 0xc4bc,
0xcd3e, 0xcd1d, 0xcd1d, 0xd53e, 0xd57e, 0xd53e, 0xc4dc, 0xc4dd, 0xd53e, 0xd53e,
0xd53e, 0xccfd, 0xcd1d, 0xd55f, 0xd53f, 0xd53f, 0xccbd, 0xd4ff, 0xd51f, 0xd51f,
0xd51e, 0xe57f, 0xdd3f, 0xe57f, 0xdd3f, 0xccde, 0xd51e, 0xe5bf, 0xe57f, 0xd51e,
0xd53e, 0xccdd, 0xd51e, 0xd4ff, 0xd51e, 0xd4fe, 0xccdd, 0xccdd, 0xdd5f, 0xe59f,
0xdd5e, 0xe5bf, 0xe59f, 0xe59e, 0xeddf, 0xeddf, 0xed9f, 0xdd1d, 0xdd5e, 0xf5ff,
0xe57f, 0xe57f, 0xe57f, 0xed9f, 0xedbf, 0xed9f, 0xe53e, 0xdd3e, 0xdd3e, 0xe57f,
0xe55f, 0xe55e, 0xdd3e, 0xe57f, 0xe55f, 0xdd3f, 0xdd5f, 0xe59f, 0xe59f, 0xe57f,
0xe5bf, 0xe57f, 0xe57f, 0xdd7e, 0xdd7e, 0xdd9e, 0xdd9e, 0xdd9e, 0xe59e, 0xdd7d,
0xdd9e, 0xddff, 0xddff, 0xd5be, 0xdddf, 0xd5fe, 0xc61d, 0xc61c, 0xce3c, 0xc599,
0xc537, 0xcd58, 0xd578, 0xd558, 0xd558, 0xd558, 0xd559, 0xd579, 0xcd38, 0xccf7,
0xc4d6, 0xbc75, 0xbc75, 0xa3f4, 0x72b0, 0x396b, 0x20c8, 0x2067, 0x622e, 0xc456,
0xc3b3, 0xbbb3, 0xbbd3, 0xbbb3, 0xb393, 0xb392, 0xb392, 0xb392, 0xb372, 0xb372,
0xb372, 0xb371, 0xb372, 0xb372, 0xb372, 0xb372, 0xb372, 0xb372, 0xb392, 0xb3b2,
0xb3b3, 0xbbb3, 0xbbb3, 0xbbb4, 0xbbd4, 0xbbd5, 0xbbd5, 0xbbf5, 0xc415, 0xc436,
0xc456, 0xc456, 0xc476, 0xc477, 0xc497, 0xccb7, 0xccd8, 0xccf8, 0xd518, 0xd538,
0xd559, 0xdd59, 0xdd79, 0xdd7a, 0xdd9a, 0xe5ba, 0xe5da, 0xe5da, 0xe5da, 0xe5db,
0xe5fb, 0xedfc, 0xedfd, 0xf61e, 0xd55b, 0xd51b, 0xd53c, 0xdd7c, 0xdd7c, 0xdd9c,
0xdd9c, 0xe59c, 0xe59c, 0xe59c, 0xeddc, 0xfe7f, 0xfe3f, 0xfdff, 0xfe1f, 0xfe1f,

0x832e, 0x832e, 0x830e, 0x7aed, 0x7aac, 0x7aad, 0x7acd, 0x7acd, 0x82ed, 0x8b0e,
0x934f, 0xa390, 0xabd0, 0xabf1, 0xb412, 0xb432, 0xbc33, 0xbc53, 0xc453, 0xbc53,
0xb432, 0xb432, 0xb432, 0xb412, 0xabd1, 0x8b0d, 0x728c, 0x72ac, 0x728c, 0x832f,
0xa3d1, 0xbc94, 0xc4f5, 0xcd36, 0xc536, 0xbcf5, 0xa432, 0x6229, 0x1864, 0x20c6,
0x1864, 0x1064, 0x18a5, 0x2927, 0x20e6, 0x1885, 0x1044, 0x1064, 0x0824, 0x0824,
0x1044, 0x1044, 0x1024, 0x1044, 0x1044, 0x1044, 0x1065, 0x20c6, 0x3149, 0x3149,
0x20e7, 0x2908, 0x20e7, 0x20a6, 0x2908, 0x20a7, 0x1045, 0x1065, 0x1044, 0x1044,
0x0824, 0x1045, 0x0824, 0x1065, 0x1866, 0x3129, 0x396a, 0x28e9, 0x396b, 0x30ea,
0x28ea, 0x418d, 0x7b54, 0x8396, 0x49ee, 0x41ab, 0x2086, 0x3929, 0xc55c, 0xd5df,
0xd59f, 0xcd9f, 0xcd5d, 0xcd7d, 0xd59d, 0xcd5d, 0xddbe, 0xcd3c, 0xd59e, 0xd5be,
0xcd5d, 0xd59e, 0xcd3c, 0xd57e, 0xcd3d, 0xcd3d, 0xd55f, 0xd57f, 0xdd7f, 0xd53e,
0xcd3e, 0xcd1d, 0xcd1d, 0xd57f, 0xe5bf, 0xd53e, 0xd53f, 0xcd1e, 0xd53f, 0xe5bf,
0xd51e, 0xc4dd, 0xdd9f, 0xedff, 0xdd7e, 0xcd3d, 0xe5bf, 0xddbf, 0xcd1d, 0xd53e,
0xcd1d, 0xdd7f, 0xd55e, 0xd55e, 0xd57e, 0xcd3d, 0xd57e, 0xcd3d, 0xcd1c, 0xcd1d,
0xcd1d, 0xd53e, 0xccfd, 0xd55e, 0xdd7f, 0xcd1d, 0xbcbc, 0xccdd, 0xccdc, 0xccdd,
0xccbc, 0xccdc, 0xd4fd, 0xdd5f, 0xccde, 0xd51f, 0xccfe, 0xd53f, 0xd51f, 0xd51f,
0xdd3e, 0xed9f, 0xe57f, 0xdd3f, 0xccde, 0xd51f, 0xd51e, 0xe57f, 0xe57f, 0xdd1f,
0xd4de, 0xc49d, 0xccde, 0xccfd, 0xccfd, 0xe57f, 0xdd1e, 0xcc9d, 0xccbd, 0xccdc,
0xdd5e, 0xe59f, 0xe57e, 0xe57e, 0xe5be, 0xf61f, 0xe57f, 0xd51d, 0xd51d, 0xedbf,
0xe57f, 0xe55e, 0xe57e, 0xedbf, 0xed9f, 0xf5df, 0xe57f, 0xdd3e, 0xdd3e, 0xdd5e,
0xe57f, 0xe59f, 0xdd5e, 0xe55f, 0xe55f, 0xdd5f, 0xdd5f, 0xe57f, 0xe55f, 0xe55f,
0xe55f, 0xdd5e, 0xdd7e, 0xdd5e, 0xdd9f, 0xe59f, 0xdd9e, 0xdd7e, 0xdd9e, 0xd59e,
0xd59e, 0xd5de, 0xddff, 0xde1f, 0xd61f, 0xcdbd, 0xcdfd, 0xcdfc, 0xd63c, 0xcdda,
0xc578, 0xcd98, 0xcd99, 0xcd79, 0xd579, 0xdd7a, 0xdd7a, 0xd559, 0xd539, 0xcd39,
0xc4d7, 0xbc96, 0xb476, 0xb455, 0x9392, 0x7310, 0x418b, 0x2887, 0xa3b3, 0xc435,
0xc3d3, 0xbbb3, 0xbbb2, 0xbb92, 0xb392, 0xb372, 0xb392, 0xb392, 0xb392, 0xb392,
0xb392, 0xb392, 0xb372, 0xb372, 0xb372, 0xb372, 0xb372, 0xb372, 0xb392, 0xb393,
0xb393, 0xb3b3, 0xbbb4, 0xbbb4, 0xbbd5, 0xbbd4, 0xbbd5, 0xc3f5, 0xbc15, 0xc436,
0xc456, 0xc456, 0xcc76, 0xcc97, 0xccb7, 0xccb7, 0xccf8, 0xd518, 0xd518, 0xdd39,
0xdd59, 0xdd59, 0xdd79, 0xdd9a, 0xddba, 0xddba, 0xe5da, 0xe5db, 0xe5db, 0xe5fb,
0xe5db, 0xedfc, 0xf63e, 0xe5dd, 0xccfa, 0xd53b, 0xd55b, 0xd55b, 0xdd7c, 0xdd9c,
0xe5bc, 0xe59c, 0xe5bd, 0xe5bc, 0xf63e, 0xfe7f, 0xf5df, 0xfdff, 0xfe1f, 0xfe3f,

0x7aed, 0x72ac, 0x6a8c, 0x6a6b, 0x726c, 0x7acd, 0x830e, 0x8b4f, 0x9370, 0x9b90,
0xa390, 0xa390, 0xabb0, 0xabf1, 0xb412, 0xbc32, 0xbc53, 0xc474, 0xcc94, 0xccb4,
0xccb5, 0xc494, 0xc494, 0xc473, 0xb412, 0x9b6f, 0x728c, 0x59e9, 0x4989, 0x622b,
0x8b0e, 0x9b90, 0xac32, 0xbcb4, 0xbcd4, 0xc515, 0xcd56, 0xbcf4, 0x730e, 0x3988,
0x20c5, 0x1884, 0x2906, 0x3167, 0x2106, 0x1885, 0x1044, 0x1064, 0x0824, 0x0824,
0x1044, 0x1024, 0x0824, 0x1044, 0x1044, 0x1044, 0x1065, 0x20c6, 0x3128, 0x2928,
0x2908, 0x20c6, 0x1886, 0x18a6, 0x20c7, 0x18a7, 0x1065, 0x1065, 0x1065, 0x0824,
0x0824, 0x1024, 0x0824, 0x1886, 0x1886, 0x2929, 0x396a, 0x3109, 0x310a, 0x312b,
0x5a2f, 0x6ad3, 0x7b34, 0x6ad3, 0x6291, 0x418b, 0x20a6, 0x28c8, 0x72f2, 0xd5df,
0xcd9f, 0xd59f, 0xcd5d, 0xcd5c, 0xd57d, 0xcd3d, 0xd57d, 0xcd7d, 0xd5be, 0xcd5d,
0xcd7d, 0xd57d, 0xd57d, 0xd55d, 0xd55d, 0xd57e, 0xd55e, 0xd55f, 0xd57f, 0xd55e,
0xcd1e, 0xcd1d, 0xcd1e, 0xd55e, 0xe5ff, 0xe5df, 0xdd9f, 0xd57e, 0xd57e, 0xdd9e,
0xe5ff, 0xcd1d, 0xcd1d, 0xddbf, 0xe5df, 0xcd1d, 0xcd1d, 0xd57f, 0xd55e, 0xcd1d,
0xcd3e, 0xcd3e, 0xcd3e, 0xdd9f, 0xdd9f, 0xcd1d, 0xd53d, 0xccfc, 0xd53e, 0xdd9f,
0xdd5e, 0xeddf, 0xdd7e, 0xccfd, 0xcd1d, 0xcd3e, 0xc4fc, 0xcd1d, 0xdd5e, 0xe5bf,
0xd53d, 0xccdc, 0xccdc, 0xdd5e, 0xd51e, 0xd51e, 0xdd5f, 0xd51e, 0xccfd, 0xccdd,
0xd4ff, 0xdd3f, 0xdd3f, 0xd51f, 0xd53f, 0xd53f, 0xd51f, 0xd53f, 0xe55f, 0xed7f,
0xdd1e, 0xccbd, 0xc4dd, 0xdd5f, 0xd53e, 0xd4fe, 0xdd3f, 0xe55f, 0xcc9d, 0xd4dd,
0xd51e, 0xd53e, 0xeddf, 0xe59f, 0xdd7e, 0xedbf, 0xed9f, 0xdd3e, 0xe57e, 0xe57e,
0xdd3e, 0xe57e, 0xedbf, 0xedbf, 0xe59f, 0xedbf, 0xedbf, 0xe57f, 0xdd5e, 0xdd3e,
0xedbf, 0xeddf, 0xdd5e, 0xdd3e, 0xe57f, 0xe57f, 0xdd5e, 0xe57f, 0xed9f, 0xedbf,
0xe57f, 0xdd5e, 0xdd7e, 0xdd9f, 0xe59f, 0xe59f, 0xe59f, 0xe5bf, 0xdd9e, 0xd59e,
0xd59e, 0xd5be, 0xd5de, 0xd5de, 0xd5ff, 0xd5fe, 0xd5fd, 0xcddc, 0xcdfc, 0xc5ba,
0xc598, 0xcd98, 0xc578, 0xcd58, 0xcd38, 0xd579, 0xdd9a, 0xdd7a, 0xd57a, 0xd559,
0xcd18, 0xc4d7, 0xbc96, 0xbc96, 0xac35, 0x8b72, 0x72d0, 0x724e, 0xbc35, 0xbbf4,
0xbbb3, 0xbbb2, 0xbb92, 0xbb92, 0xb392, 0xb372, 0xb392, 0xb392, 0xb392, 0xb392,
0xb392, 0xb392, 0xb372, 0xb372, 0xb372, 0xb372, 0xb372, 0xb372, 0xb392, 0xb393,
0xb393, 0xb3b3, 0xbbb4, 0xbbb4, 0xbbd5, 0xbbd4, 0xbbd5, 0xc3f5, 0xbc15, 0xc436,
0xc456, 0xc456, 0xcc76, 0xcc97, 0xccb7, 0xccd8, 0xd4f8, 0xd518, 0xd518, 0xdd39,
0xdd59, 0xdd59, 0xdd79, 0xdd9a, 0xddba, 0xe5da, 0xe5da, 0xe5db, 0xe5db, 0xe5fc,
0xe5dc, 0xee1d, 0xfe9f, 0xdd7c, 0xccfb, 0xd53b, 0xdd5b, 0xdd7b, 0xdd7c, 0xdd9c,
0xdd9c, 0xe5bc, 0xe5bd, 0xedfd, 0xfe9f, 0xfe7f, 0xf5bf, 0xf5df, 0xfe1f, 0xfe1f,

0x5a2a, 0x5a0a, 0x5a0a, 0x624b, 0x6a4b, 0x728d, 0x7aad, 0x82cd, 0x8b0f, 0x9b4f,
0xa391, 0xb3d1, 0xabb1, 0xabd1, 0xabf1, 0xb412, 0xb412, 0xbc12, 0xbc32, 0xbc33,
0xc473, 0xc474, 0xc494, 0xc494, 0xbc32, 0x9b4f, 0x622a, 0x4968, 0x51a9, 0x7aae,
0xac13, 0xa390, 0x936f, 0xa3f1, 0xac32, 0xac52, 0xbcd4, 0xc536, 0xbd36, 0x8bd1,
0x5a4b, 0x3988, 0x3988, 0x3147, 0x20e6, 0x1885, 0x1044, 0x1044, 0x0823, 0x1044,
0x1044, 0x0823, 0x0824, 0x1064, 0x1064, 0x1044, 0x1065, 0x18a6, 0x2908, 0x2908,
0x20c7, 0x1045, 0x1065, 0x1886, 0x20a7, 0x20c7, 0x1886, 0x1065, 0x1045, 0x1044,
0x0824, 0x0824, 0x0824, 0x1886, 0x1066, 0x28e8, 0x396a, 0x312a, 0x310a, 0x49ce,
0x6ad1, 0x49cf, 0x6ab2, 0x7b75, 0x5a70, 0x522d, 0x28e8, 0x28c8, 0x30e9, 0xb4db,
0xd59f, 0xcd7e, 0xcd5d, 0xc53c, 0xc51c, 0xcd3d, 0xcd3c, 0xd57d, 0xd57d, 0xc51c,
0xcd5d, 0xcd5d, 0xd55d, 0xd55e, 0xd55e, 0xd57e, 0xd55e, 0xcd3e, 0xd55e, 0xd57f,
0xd55e, 0xd55e, 0xc4dc, 0xcd1d, 0xdd9f, 0xe5ff, 0xd57d, 0xddbe, 0xddbe, 0xd57e,
0xdddf, 0xd55e, 0xcd1e, 0xcd5f, 0xd57f, 0xd57f, 0xd57f, 0xdd9f, 0xcd3e, 0xcd3e,
0xd57f, 0xcd1e, 0xdd9f, 0xddbf, 0xdd9f, 0xd53e, 0xd51d, 0xd51d, 0xd53d, 0xdd9f,
0xe5bf, 0xe5be, 0xd55d, 0xdd7e, 0xd55d, 0xd57e, 0xddbe, 0xd57d, 0xd59d, 0xdd9e,
0xddbe, 0xd59d, 0xddbe, 0xe5df, 0xdd7f, 0xdd7f, 0xdd9f, 0xd51d, 0xccfd, 0xc4bc,
0xccde, 0xc4df, 0xd53f, 0xbcbd, 0xbcbc, 0xcd3e, 0xdd9f, 0xccfe, 0xd4ff, 0xdd3f,
0xed9f, 0xd4fd, 0xc4bc, 0xccfe, 0xd53f, 0xccdd, 0xd4fe, 0xe55f, 0xd4fe, 0xdd3f,
0xdd5f, 0xccde, 0xdd3f, 0xdd3e, 0xe59f, 0xeddf, 0xe59f, 0xe55e, 0xdd3d, 0xe59f,
0xdd3d, 0xd51d, 0xeddf, 0xedbf, 0xeddf, 0xdd3e, 0xedbf, 0xe57f, 0xdd3e, 0xdd3e,
0xdd3e, 0xf5df, 0xed9f, 0xdd5f, 0xe59f, 0xe55f, 0xdd5e, 0xe57f, 0xedbf, 0xf5df,
0xed9f, 0xe57f, 0xe59f, 0xeddf, 0xe5bf, 0xe59f, 0xdd7e, 0xe5bf, 0xdd9e, 0xd57d,
0xd59e, 0xd5be, 0xdddf, 0xdddf, 0xcdbe, 0xcdbe, 0xd5de, 0xcdbc, 0xc5bb, 0xcddb,
0xc5b9, 0xc5b8, 0xcd98, 0xc578, 0xcd58, 0xd599, 0xddba, 0xdd9a, 0xd57a, 0xd559,
0xd539, 0xcd18, 0xccf8, 0xccd7, 0xbc76, 0xa3d4, 0x8b11, 0xabf4, 0xc415, 0xbbb3,
0xbbb2, 0xbb92, 0xbb92, 0xbb92, 0xb392, 0xb372, 0xb392, 0xb392, 0xb392, 0xb392,
0xb392, 0xb392, 0xb372, 0xb372, 0xb372, 0xb372, 0xb372, 0xb372, 0xb392, 0xb393,
0xb393, 0xb3b3, 0xbbb4, 0xbbb4, 0xbbd5, 0xbbd4, 0xbbd5, 0xc3f5, 0xbc15, 0xc436,
0xc456, 0xc476, 0xcc77, 0xcc97, 0xd4b8, 0xd4d8, 0xd4f8, 0xd519, 0xd518, 0xdd39,
0xdd59, 0xdd79, 0xdd9a, 0xe5ba, 0xe5da, 0xe5da, 0xe5fb, 0xe5fb, 0xe5db, 0xe5fc,
0xedfc, 0xfe9e, 0xf67f, 0xd53b, 0xd53b, 0xd55b, 0xdd7c, 0xdd7c, 0xdd9c, 0xdd9c,
0xdd9c, 0xe5bd, 0xe5dd, 0xee1e, 0xfebf, 0xfe3f, 0xf5df, 0xfdff, 0xfe1f, 0xfe3f,

0x5a2b, 0x5a2b, 0x6aad, 0x72ce, 0x7aee, 0x7ace, 0x7ace, 0x82ce, 0x8aee, 0x8aee,
0x930e, 0xa350, 0xb3d2, 0xb432, 0xbc53, 0xc494, 0xc494, 0xcc94, 0xcc94, 0xcc94,
0xc453, 0xbc32, 0xc453, 0xc453, 0xbc12, 0xa3b0, 0x622a, 0x5189, 0x5189, 0x9350,
0xccb6, 0xc495, 0xa3d1, 0x934f, 0x9b90, 0xa412, 0xac52, 0xac73, 0xbcf5, 0xb4f5,
0x9412, 0x62ad, 0x41c9, 0x2927, 0x18a5, 0x1885, 0x1044, 0x1044, 0x0824, 0x1044,
0x1024, 0x0803, 0x0824, 0x1044, 0x1044, 0x1064, 0x1885, 0x18a6, 0x20c7, 0x18a6,
0x1045, 0x1044, 0x1045, 0x1065, 0x20a7, 0x28e8, 0x1887, 0x1025, 0x1045, 0x1044,
0x1024, 0x0824, 0x0824, 0x1886, 0x1025, 0x20c8, 0x314a, 0x28e9, 0x394b, 0x418d,
0x418d, 0x6ab2, 0x6ad3, 0x62b1, 0x4a0e, 0x6af1, 0x314a, 0x418b, 0x312a, 0x6291,
0xd5df, 0xcd9e, 0xcd7e, 0xcd5e, 0xc51c, 0xcd5d, 0xcd5d, 0xcd5d, 0xcd3c, 0xcd3c,
0xcd5d, 0xcd5d, 0xcd5d, 0xd55e, 0xdd9f, 0xd55e, 0xcd3d, 0xcd3d, 0xd55e, 0xcd3d,
0xcd1d, 0xcd3d, 0xcd3d, 0xcd1d, 0xd57e, 0xdd9f, 0xdd7f, 0xe5df, 0xddbf, 0xdd9f,
0xe5ff, 0xdd7f, 0xd53e, 0xd53e, 0xd57f, 0xdd9f, 0xd55f, 0xdd7f, 0xcd3e, 0xcd3e,
0xcd1d, 0xd55e, 0xddbf, 0xd55e, 0xdd5e, 0xd53d, 0xccfc, 0xd53d, 0xd55e, 0xddbf,
0xee3f, 0xe5ff, 0xcd5c, 0xd59d, 0xbcda, 0x9bd6, 0x8333, 0x72d1, 0x6a90, 0x624f,
0x624f, 0x6270, 0x72b1, 0x7af2, 0x9375, 0x9bf7, 0xbcba, 0xcd5c, 0xd59d, 0xcd5d,
0xcd7e, 0xb49a, 0x6a91, 0x412b, 0x390a, 0x418c, 0x93d6, 0xd55f, 0xcd1e, 0xdd1f,
0xdd3f, 0xdd5e, 0xcd1d, 0xccde, 0xccde, 0xccdd, 0xdd3f, 0xe57f, 0xdd3e, 0xe57f,
0xd4ff, 0xd4de, 0xd4de, 0xd4fe, 0xccbd, 0xdd3e, 0xedbf, 0xedbf, 0xdd1d, 0xdd1d,
0xf5df, 0xe59f, 0xe57e, 0xedbf, 0xe55e, 0xe59f, 0xe57e, 0xedbf, 0xd51e, 0xe57f,
0xdd5e, 0xe57f, 0xedbf, 0xe57f, 0xe57f, 0xdd5e, 0xe57f, 0xe55f, 0xe57f, 0xed9f,
0xe57f, 0xe59f, 0xedbf, 0xeddf, 0xe59f, 0xe59f, 0xdd5e, 0xe5bf, 0xdd9e, 0xd57d,
0xd57e, 0xd59e, 0xddbe, 0xdddf, 0xd5df, 0xd5be, 0xd5de, 0xcdfe, 0xc5bc, 0xcdfd,
0xcdfb, 0xc5d9, 0xcdfa, 0xcdb9, 0xcd99, 0xd5ba, 0xd599, 0xdd9a, 0xdd7a, 0xd57a,
0xcd39, 0xcd19, 0xcd39, 0xcd38, 0xcd18, 0xb455, 0xb3f5, 0xc436, 0xc3d4, 0xbb92,
0xb392, 0xb392, 0xb392, 0xb392, 0xb372, 0xb372, 0xb392, 0xb392, 0xb392, 0xab71,
0xab71, 0xab71, 0xb372, 0xb372, 0xb372, 0xb372, 0xb372, 0xb372, 0xb372, 0xb392,
0xb393, 0xbbb4, 0xb3b4, 0xbbb4, 0xbbb4, 0xbbd5, 0xc3f5, 0xc415, 0xc415, 0xc436,
0xc456, 0xc456, 0xcc77, 0xccb7, 0xd4d8, 0xd4f8, 0xd4f8, 0xd519, 0xdd39, 0xdd39,
0xdd59, 0xdd59, 0xdd7a, 0xdd9a, 0xe5da, 0xe5da, 0xe5fb, 0xe5fb, 0xe5db, 0xe5fc,
0xedfc, 0xfebf, 0xedfd, 0xd51b, 0xdd5c, 0xdd7c, 0xdd9c, 0xdd9c, 0xdd9c, 0xe5bc,
0xdd9c, 0xe5bc, 0xe5dd, 0xf63e, 0xfedf, 0xfe3f, 0xf5df, 0xfe1f, 0xfe3f, 0xfe5f,

0x49a9, 0x49c9, 0x5a0a, 0x5a2b, 0x624b, 0x72ad, 0x7aee, 0x830f, 0x8b2f, 0x8b2f,
0x9350, 0x9b50, 0x9b50, 0x9b4f, 0x9b6f, 0xb3f2, 0xc474, 0xccb5, 0xd4b5, 0xccb5,
0xd4b5, 0xd4b5, 0xd4b5, 0xccb5, 0xc433, 0xa390, 0x6a6c, 0x620b, 0x61eb, 0x9b92,
0xccb6, 0xcc95, 0xbc74, 0xa3b1, 0x8aee, 0x82ee, 0xa3d1, 0xa412, 0xac52, 0xb4b4,
0xacb4, 0x8bd1, 0x4a0a, 0x39a9, 0x18c6, 0x1065, 0x1044, 0x1044, 0x0823, 0x0824,
0x0823, 0x0824, 0x0824, 0x1044, 0x1044, 0x1064, 0x1885, 0x1885, 0x1886, 0x1065,
0x0824, 0x1044, 0x0824, 0x1045, 0x18a7, 0x20e8, 0x20a7, 0x1025, 0x1025, 0x0824,
0x1024, 0x0824, 0x1024, 0x1065, 0x0805, 0x1887, 0x28e9, 0x20a8, 0x28e9, 0x312b,
0x520f, 0x7b75, 0x6292, 0x4a0f, 0x524f, 0x524e, 0x2909, 0x398b, 0x524e, 0x30ea,
0xc53c, 0xcd9e, 0xcd7f, 0xcd7f, 0xcd3d, 0xcd5d, 0xcd5d, 0xcd3c, 0xcd3c, 0xc53c,
0xcd3c, 0xcd3c, 0xcd3d, 0xdd7f, 0xd57f, 0xcd3d, 0xcd1d, 0xcd3d, 0xd55d, 0xcd3d,
0xcd1c, 0xcd3d, 0xd57e, 0xcd3d, 0xd57e, 0xe59f, 0xedbf, 0xeddf, 0xedbf, 0xe59f,
0xf5ff, 0xe57f, 0xd51d, 0xe59f, 0xeddf, 0xe59f, 0xdd7e, 0xe57e, 0xdd3d, 0xe57e,
0xdd7e, 0xdd5e, 0xe59e, 0xdd7e, 0xdd5d, 0xd53c, 0xd55d, 0xd57d, 0xddff, 0xddff,
0xc53b, 0x9bf6, 0x72b1, 0x5a0e, 0x418c, 0x392a, 0x312a, 0x312a, 0x312a, 0x312a,
0x394a, 0x312a, 0x312a, 0x392a, 0x394b, 0x394b, 0x418c, 0x51ed, 0x62b0, 0x8373,
0x9c36, 0x7311, 0x28a7, 0x3129, 0x6af0, 0x62cf, 0x3109, 0x8b55, 0xd57f, 0xd51f,
0xd4df, 0xdd1e, 0xd51e, 0xdd5f, 0xd51f, 0xd51f, 0xe57f, 0xedbf, 0xdd3e, 0xe59f,
0xd4de, 0xd4de, 0xdd5f, 0xdd5f, 0xccdd, 0xccbc, 0xd51d, 0xf5df, 0xf5df, 0xe59f,
0xed9f, 0xf5df, 0xdd5e, 0xedbf, 0xdd5e, 0xdd1d, 0xd51d, 0xdd5e, 0xe55f, 0xedbf,
0xe57f, 0xe57f, 0xedbf, 0xeddf, 0xe57f, 0xe57f, 0xe59f, 0xe55f, 0xe55f, 0xe57f,
0xe57f, 0xe59f, 0xe57f, 0xed9f, 0xe57f, 0xed9f, 0xe57f, 0xe59f, 0xdd9e, 0xdd7e,
0xdd9e, 0xdd9e, 0xd59e, 0xddbe, 0xdddf, 0xd5df, 0xd5de, 0xcdde, 0xcddd, 0xcdfe,
0xcdfc, 0xcdfb, 0xce1c, 0xd5fb, 0xd5ba, 0xcd9a, 0xcd79, 0xdd9a, 0xdd7a, 0xdd7a,
0xd559, 0xd559, 0xd559, 0xd599, 0xd579, 0xc4b7, 0xc456, 0xc3f5, 0xbb93, 0xbb92,
0xb392, 0xb392, 0xb392, 0xb372, 0xb372, 0xb371, 0xab71, 0xab71, 0xab71, 0xab71,
0xab71, 0xab71, 0xb371, 0xb372, 0xb372, 0xb372, 0xb372, 0xb372, 0xb372, 0xb392,
0xb393, 0xbbb4, 0xbbb4, 0xbbb4, 0xbbb5, 0xbbd5, 0xc3f5, 0xc415, 0xc416, 0xc436,
0xc456, 0xc476, 0xcc77, 0xccb7, 0xd4d8, 0xd4f8, 0xd518, 0xd519, 0xdd39, 0xdd39,
0xdd59, 0xdd59, 0xdd79, 0xdd9a, 0xe5da, 0xe5da, 0xe5fb, 0xe5fb, 0xe5fb, 0xe5fc,
0xee3d, 0xfebf, 0xdd7b, 0xd53b, 0xdd5c, 0xdd7c, 0xdd9c, 0xdd9c, 0xdd9c, 0xe5bc,
0xe5bd, 0xe5bd, 0xe5bd, 0xf63e, 0xfedf, 0xf5fe, 0xf5df, 0xfe1f, 0xfe3f, 0xfe5f,

0x4168, 0x4168, 0x4148, 0x4968, 0x4989, 0x4989, 0x4989, 0x51ea, 0x59ea, 0x6a4c,
0x7a8d, 0x8b2f, 0x9b70, 0xa390, 0x9b6f, 0x9b6f, 0xa34f, 0xabb1, 0xc473, 0xccb5,
0xcc94, 0xd4b5, 0xd4d5, 0xdcf6, 0xd4d5, 0xabd1, 0x72ad, 0x622c, 0x61ec, 0xa3b3,
0xd4b7, 0xcc55, 0xabf2, 0xa3b1, 0x9350, 0x7a8c, 0x82ee, 0x9390, 0x9bb0, 0xa411,
0xac93, 0xacb4, 0x62ad, 0x2927, 0x2927, 0x1865, 0x0823, 0x1044, 0x1044, 0x0824,
0x1044, 0x1044, 0x0824, 0x1024, 0x0824, 0x1044, 0x1885, 0x1065, 0x1045, 0x1045,
0x1044, 0x1045, 0x0824, 0x1045, 0x1887, 0x20c8, 0x20e8, 0x1025, 0x0825, 0x0804,
0x0824, 0x0824, 0x1045, 0x0825, 0x0825, 0x1046, 0x20a7, 0x2087, 0x28c9, 0x394c,
0x49ce, 0x6291, 0x6271, 0x4a0e, 0x526f, 0x41ed, 0x290a, 0x398b, 0x6b11, 0x2067,
0x93d6, 0xd5bf, 0xcd5f, 0xcd5e, 0xcd1d, 0xcd5d, 0xd59e, 0xcd3c, 0xc51c, 0xc51c,
0xc51c, 0xc51c, 0xcd3e, 0xd53f, 0xd57f, 0xd55e, 0xcd1c, 0xc51c, 0xcd1c, 0xcd3d,
0xcd3d, 0xdd9e, 0xddbf, 0xd59e, 0xd55e, 0xdd3b, 0xdd1a, 0xd4fa, 0xdd1a, 0xd4d9,
0xd4f9, 0xd4fa, 0xccb9, 0xd4da, 0xdd1b, 0xdd1b, 0xdd1b, 0xdd1b, 0xdd1c, 0xd4fb,
0xdcfb, 0xd4fb, 0xdd1c, 0xe55d, 0xdd5c, 0xc4da, 0xb478, 0x8b73, 0x7b32, 0x62b0,
0x396b, 0x3109, 0x314a, 0x314a, 0x2929, 0x316a, 0x2949, 0x2929, 0x3149, 0x3149,
0x3149, 0x3169, 0x316a, 0x316a, 0x318a, 0x318a, 0x318a, 0x316a, 0x2949, 0x314a,
0x396a, 0x41cc, 0x398b, 0x316b, 0x5ab0, 0x62d1, 0x41ab, 0x30c9, 0xac5a, 0xdd7f,
0xd4ff, 0xccde, 0xd4fe, 0xdd3f, 0xccff, 0xdd3f, 0xe57f, 0xedbf, 0xe57f, 0xdd3e,
0xd4fe, 0xccbd, 0xccdd, 0xd53e, 0xdd7e, 0xe57e, 0xdd3e, 0xdd3e, 0xe57f, 0xf5df,
0xe55e, 0xedbf, 0xe57e, 0xeddf, 0xeddf, 0xe55e, 0xe59f, 0xdd1e, 0xdd1e, 0xedbf,
0xe59f, 0xe57f, 0xe55f, 0xe57f, 0xe59f, 0xed9f, 0xe57f, 0xe59f, 0xdd3e, 0xe57f,
0xe57f, 0xe59f, 0xe57f, 0xe57e, 0xe55e, 0xedbf, 0xed9f, 0xe59f, 0xe59e, 0xe59e,
0xdd9e, 0xd57d, 0xd57d, 0xd59e, 0xdddf, 0xdddf, 0xd5df, 0xcdde, 0xc5de, 0xc5fe,
0xce1e, 0xc5dc, 0xcdfd, 0xd5fc, 0xd5fc, 0xd5db, 0xd5db, 0xdd9a, 0xdd9a, 0xdd7a,
0xdd7a, 0xd57a, 0xd559, 0xcd98, 0xcd78, 0xdd79, 0xcc97, 0xbbd4, 0xbbb3, 0xbb92,
0xb392, 0xb392, 0xb392, 0xb371, 0xb371, 0xb351, 0xab71, 0xab71, 0xab71, 0xab51,
0xab51, 0xab51, 0xb371, 0xb372, 0xb372, 0xb372, 0xb372, 0xb372, 0xb372, 0xb392,
0xb393, 0xbbb4, 0xbbb4, 0xbbb4, 0xbbd5, 0xbbd5, 0xc3f5, 0xc415, 0xc436, 0xc456,
0xc456, 0xcc76, 0xcc77, 0xccb7, 0xd4d8, 0xd4f8, 0xd519, 0xd539, 0xdd39, 0xdd39,
0xdd59, 0xdd59, 0xdd79, 0xdd9a, 0xe5da, 0xe5da, 0xe5fb, 0xe5fb, 0xedfc, 0xe5fc,
0xfe9e, 0xf67e, 0xd55a, 0xdd5c, 0xdd5c, 0xdd7c, 0xdd9c, 0xdd9c, 0xdd9c, 0xe5bc,
0xe5bd, 0xe5dd, 0xe5dd, 0xf67f, 0xfebf, 0xed9d, 0xf5df, 0xfe1f, 0xfe3f, 0xfe5f,

0x4169, 0x4168, 0x3948, 0x4989, 0x51ca, 0x51aa, 0x49a9, 0x49aa, 0x4989, 0x4989,
0x51aa, 0x59ea, 0x622b, 0x7aad, 0x8b2f, 0xa3d1, 0xabd1, 0xa370, 0x9b2f, 0xabb1,
0xcc74, 0xd4b5, 0xd4b5, 0xd4d5, 0xe516, 0xbc33, 0x7acd, 0x5a0a, 0x622b, 0xa3b2,
0xc475, 0xbc13, 0x9b70, 0x82ee, 0x82ee, 0x7aad, 0x7a6c, 0xa3b1, 0x9bb0, 0x9bf0,
0x9bf1, 0xa473, 0x9c93, 0x420a, 0x08a4, 0x18c5, 0x1064, 0x0843, 0x1064, 0x1044,
0x1045, 0x0824, 0x1044, 0x1024, 0x0803, 0x1064, 0x1085, 0x1064, 0x1045, 0x1045,
0x1045, 0x1065, 0x0824, 0x0824, 0x1886, 0x20c8, 0x20c8, 0x1046, 0x1025, 0x0824,
0x0824, 0x1044, 0x1045, 0x0824, 0x0825, 0x1045, 0x18a7, 0x2087, 0x28c9, 0x314b,
0x394b, 0x522f, 0x5a70, 0x41cd, 0x4a0e, 0x398c, 0x312a, 0x398c, 0x83b4, 0x20c8,
0x624f, 0xd5df, 0xcd5e, 0xcd3e, 0xc53d, 0xc51c, 0xcd5d, 0xd59e, 0xd57e, 0xcd3d,
0xc51c, 0xc53c, 0xd53d, 0xd53d, 0xcd3e, 0xd5bf, 0xd57e, 0xc51c, 0xcd1c, 0xd57d,
0xd55c, 0xd51b, 0xccd9, 0xcc77, 0xcc56, 0xcc56, 0xcc76, 0xcc76, 0xcc76, 0xcc96,
0xcc96, 0xcc77, 0xd498, 0xcc98, 0xcc98, 0xd4b8, 0xd498, 0xdc98, 0xdcb9, 0xdcda,
0xdcfa, 0xdd1a, 0xdd3a, 0xccf9, 0x8b73, 0x49cc, 0x3929, 0x3129, 0x2908, 0x28e8,
0x3129, 0x3129, 0x2929, 0x3149, 0x2929, 0x2929, 0x2928, 0x2908, 0x2908, 0x2908,
0x2908, 0x2908, 0x2929, 0x2929, 0x2949, 0x314a, 0x316a, 0x316a, 0x316a, 0x316a,
0x396b, 0x314a, 0x398b, 0x398c, 0x41ac, 0x39ac, 0x316a, 0x2909, 0x620f, 0xd55e,
0xdd5f, 0xccde, 0xccff, 0xd51f, 0xd51f, 0xc49d, 0xd51e, 0xdd5f, 0xe59f, 0xdd5e,
0xd4dd, 0xccdc, 0xc49b, 0xc49b, 0xccfb, 0xd51d, 0xe57f, 0xdd5e, 0xcc9b, 0xdd5e,
0xedbf, 0xe59f, 0xedbf, 0xed9f, 0xf5ff, 0xe59f, 0xe57e, 0xe57e, 0xd51d, 0xdd5e,
0xe59f, 0xe57e, 0xe59f, 0xe57e, 0xdd5e, 0xedbf, 0xed9f, 0xe57f, 0xdd3e, 0xe57f,
0xe55f, 0xedbf, 0xedbf, 0xed9f, 0xe57f, 0xed9f, 0xedbf, 0xe59f, 0xe59f, 0xdd9e,
0xe5bf, 0xdd9f, 0xd55d, 0xd55d, 0xd57e, 0xddbf, 0xddff, 0xd5df, 0xcdde, 0xcdff,
0xd61f, 0xcdfe, 0xd61e, 0xd61d, 0xd61d, 0xd5fc, 0xde1c, 0xd5db, 0xd5db, 0xd5ba,
0xddba, 0xdd9a, 0xdd79, 0xcd79, 0xd599, 0xdd39, 0xbc15, 0xbbd4, 0xbbb3, 0xb392,
0xb392, 0xb392, 0xb372, 0xb371, 0xb371, 0xab71, 0xab71, 0xab71, 0xab71, 0xab71,
0xab71, 0xab71, 0xab71, 0xb372, 0xb372, 0xb372, 0xb372, 0xb372, 0xb392, 0xb392,
0xb393, 0xbbb4, 0xbbb4, 0xbbb4, 0xbbd5, 0xbbd5, 0xc3f5, 0xc415, 0xc416, 0xcc36,
0xcc56, 0xcc77, 0xcc97, 0xcc97, 0xd4b7, 0xd4f8, 0xd4f9, 0xdd19, 0xdd39, 0xdd39,
0xdd59, 0xdd79, 0xdd9a, 0xdd9a, 0xe5ba, 0xe5db, 0xe5db, 0xe5fc, 0xee1c, 0xe5fc,
0xfedf, 0xedfd, 0xdd5b, 0xdd5c, 0xdd5c, 0xdd7c, 0xdd9c, 0xdd9c, 0xe59c, 0xe59c,
0xe5bd, 0xe5bd, 0xeddd, 0xfe7f, 0xfe9f, 0xedbd, 0xf5be, 0xfe1f, 0xfe5f, 0xfe7f,

0x30e7, 0x30c6, 0x30e7, 0x3908, 0x4149, 0x4169, 0x4169, 0x4989, 0x49aa, 0x51ca,
0x51eb, 0x5a0b, 0x5a0b, 0x59ea, 0x620b, 0x6a2b, 0x82ad, 0x9b90, 0xabb1, 0xa370,
0x9b2f, 0xb3f2, 0xcc95, 0xd4d5, 0xdcf6, 0xcc74, 0x82ce, 0x5a2a, 0x5a2a, 0x9b70,
0xbc54, 0xa3b2, 0x7a8d, 0x6a2c, 0x59ca, 0x4968, 0x61c9, 0x9b70, 0xabf2, 0xabf1,
0xabf2, 0xac13, 0xac53, 0x8bf1, 0x41a9, 0x0843, 0x1044, 0x1044, 0x1044, 0x0824,
0x0824, 0x0824, 0x1045, 0x1044, 0x0803, 0x1044, 0x1064, 0x1044, 0x1045, 0x1065,
0x1885, 0x18a6, 0x1045, 0x0824, 0x1065, 0x18a6, 0x18a7, 0x1867, 0x1025, 0x1024,
0x0824, 0x1044, 0x1024, 0x0824, 0x1024, 0x1045, 0x1886, 0x18a7, 0x18a7, 0x28e9,
0x290a, 0x398c, 0x41cd, 0x314b, 0x314b, 0x312b, 0x290a, 0x41ad, 0x83b4, 0x292a,
0x396b, 0xcd9d, 0xd57f, 0xc51e, 0xcd5e, 0xbcfb, 0xcd3d, 0xd59f, 0xddbf, 0xd57e,
0xd57e, 0xcd3c, 0xd55d, 0xcd3d, 0xcd5e, 0xcd7f, 0xdd9f, 0xe59e, 0xdd3c, 0xccf9,
0xbc56, 0xc435, 0xc414, 0xcc34, 0xd434, 0xd455, 0xd456, 0xd476, 0xd476, 0xd496,
0xd496, 0xd496, 0xd477, 0xd497, 0xd497, 0xd497, 0xd477, 0xdc97, 0xcc77, 0xcc97,
0xbc76, 0xa3d4, 0x8310, 0x622c, 0x3969, 0x2929, 0x2929, 0x2908, 0x3129, 0x3129,
0x2908, 0x2908, 0x28e8, 0x2908, 0x2908, 0x2908, 0x28e8, 0x28e8, 0x28e8, 0x28e8,
0x28e8, 0x28e8, 0x28e8, 0x2909, 0x3129, 0x3129, 0x2909, 0x3129, 0x3129, 0x312a,
0x314a, 0x314a, 0x396a, 0x316a, 0x398b, 0x41ab, 0x39ab, 0x41ec, 0x414b, 0x9bb6,
0xdd7f, 0xdd7f, 0xd55f, 0xe59f, 0xd51f, 0xc49c, 0xc49c, 0xccdd, 0xdd7f, 0xedbf,
0xe57f, 0xdd3e, 0xdd3d, 0xc4bb, 0xc49a, 0xccfc, 0xd4dd, 0xe55f, 0xe57e, 0xccbc,
0xe57e, 0xeddf, 0xedbf, 0xe57e, 0xeddf, 0xeddf, 0xdd5e, 0xe59e, 0xe57e, 0xe59e,
0xd51c, 0xdd5d, 0xeddf, 0xeddf, 0xe59e, 0xdd5e, 0xedbf, 0xedbf, 0xdd5f, 0xed9f,
0xe55f, 0xe59f, 0xed9f, 0xe59f, 0xed9f, 0xed9f, 0xe57f, 0xed9f, 0xe59f, 0xeddf,
0xe5bf, 0xe5bf, 0xdd9e, 0xd55e, 0xdd7e, 0xdd9e, 0xdd9e, 0xddde, 0xde3f, 0xd5de,
0xd5ff, 0xd61f, 0xcdfe, 0xcddd, 0xd63d, 0xd61c, 0xd63d, 0xd63c, 0xd5fc, 0xd5db,
0xdddb, 0xddba, 0xdd9a, 0xd59a, 0xe5db, 0xccb7, 0xbbf4, 0xbbd3, 0xbbb3, 0xb392,
0xb392, 0xb371, 0xab71, 0xab71, 0xab71, 0xab71, 0xab71, 0xab71, 0xab71, 0xab71,
0xab71, 0xab71, 0xab71, 0xab52, 0xab72, 0xab72, 0xab72, 0xb372, 0xb392, 0xb392,
0xb393, 0xbbb4, 0xbbb4, 0xbbb4, 0xbbd5, 0xbbd5, 0xc3f5, 0xc415, 0xc416, 0xcc36,
0xcc36, 0xcc77, 0xcc97, 0xccb7, 0xd4b7, 0xd4d8, 0xdcf8, 0xdd19, 0xdd39, 0xdd39,
0xdd59, 0xdd7a, 0xdd9a, 0xe5ba, 0xe5bb, 0xe5bb, 0xe5dc, 0xe5fc, 0xe5fc, 0xee3d,
0xfedf, 0xdd9c, 0xd53b, 0xdd5c, 0xdd5c, 0xdd7c, 0xdd7c, 0xdd9c, 0xe59c, 0xe59c,
0xe5bd, 0xe5bd, 0xeddd, 0xfe9f, 0xf67f, 0xedde, 0xf5be, 0xf5de, 0xfe5f, 0xfe9f,

0x3107, 0x3107, 0x3107, 0x3908, 0x3907, 0x3107, 0x30e7, 0x3907, 0x4148, 0x4989,
0x51ca, 0x51ea, 0x51eb, 0x59ea, 0x6a4c, 0x726c, 0x6a0b, 0x6a0a, 0x7a6c, 0x9b70,
0xa3b1, 0x9b2f, 0xa370, 0xc454, 0xd4d6, 0xcc95, 0x8b2f, 0x5a2a, 0x5a0a, 0x9330,
0xb413, 0x8b2f, 0x59eb, 0x4149, 0x3907, 0x3907, 0x38e7, 0x82ce, 0x9b70, 0xa32f,
0xb3b1, 0xc3f3, 0xcc34, 0xc414, 0xb3d3, 0x7a8d, 0x40e7, 0x1803, 0x1002, 0x0823,
0x0844, 0x0823, 0x0864, 0x0844, 0x0823, 0x0844, 0x1044, 0x1044, 0x1045, 0x1065,
0x1865, 0x1065, 0x1044, 0x0824, 0x1044, 0x1886, 0x18a7, 0x1887, 0x1025, 0x1044,
0x1044, 0x0824, 0x0824, 0x1024, 0x1024, 0x1045, 0x1065, 0x1887, 0x1887, 0x18a7,
0x28e9, 0x396b, 0x314b, 0x290a, 0x290a, 0x28e9, 0x290a, 0x41ac, 0x524f, 0x28e9,
0x312a, 0xb4db, 0xd59f, 0xc4fd, 0xcd5e, 0xcd7d, 0xc51c, 0xcd5e, 0xcd5d, 0xd59e,
0xd59e, 0xd57d, 0xcd3d, 0xcd5d, 0xd57e, 0xdd9e, 0xe5be, 0xe55b, 0xc436, 0xbbd3,
0xbbd3, 0xc414, 0xc414, 0xcc14, 0xcc34, 0xd435, 0xd455, 0xd455, 0xd475, 0xcc75,
0xd496, 0xd496, 0xd476, 0xdc76, 0xdc57, 0xd498, 0xbc56, 0x622d, 0x518b, 0x59ec,
0x49ab, 0x3949, 0x3929, 0x3129, 0x3129, 0x2929, 0x3129, 0x2908, 0x28e8, 0x2908,
0x2908, 0x2908, 0x20e8, 0x28e8, 0x20e8, 0x20e7, 0x20c7, 0x20c8, 0x20c8, 0x20c8,
0x20c8, 0x20c8, 0x20e8, 0x28e8, 0x2909, 0x2909, 0x28e8, 0x2909, 0x2909, 0x2909,
0x2909, 0x312a, 0x314a, 0x314a, 0x314a, 0x314a, 0x39aa, 0x39cb, 0x628f, 0xb479,
0xd51c, 0xe55e, 0xdd1d, 0xdd3d, 0xdd1d, 0xe55e, 0xdd1d, 0xd4dd, 0xe55f, 0xed9f,
0xe55f, 0xe57f, 0xdd5e, 0xdd7e, 0xc4dc, 0xbc7b, 0xccbc, 0xd53e, 0xe5bf, 0xe57f,
0xd51d, 0xe59f, 0xe57e, 0xe57e, 0xe55d, 0xeddf, 0xedbf, 0xe5bf, 0xe57e, 0xdd3d,
0xd53d, 0xe57e, 0xf5ff, 0xe59e, 0xf61f, 0xe59f, 0xd4fc, 0xe57e, 0xedbf, 0xdd3e,
0xe55f, 0xedbf, 0xedbf, 0xe59f, 0xe59f, 0xe57f, 0xe55e, 0xed9f, 0xdd5e, 0xeddf,
0xe59f, 0xd53d, 0xdd9e, 0xd57e, 0xdd7e, 0xdd7e, 0xd57e, 0xddbf, 0xe61f, 0xddff,
0xd61f, 0xd63f, 0xcdfe, 0xd61e, 0xd63e, 0xde5e, 0xde5e, 0xd63d, 0xd5fc, 0xd5fc,
0xde1c, 0xddfc, 0xddfc, 0xe5db, 0xe59a, 0xbc35, 0xbbd4, 0xbbb3, 0xb393, 0xb392,
0xb392, 0xb371, 0xab71, 0xab71, 0xab51, 0xab51, 0xab71, 0xab71, 0xab71, 0xab51,
0xab51, 0xab51, 0xab51, 0xab51, 0xab51, 0xab72, 0xb372, 0xb372, 0xb392, 0xb392,
0xb393, 0xbbb4, 0xbbb4, 0xbbb4, 0xbbd5, 0xbbd5, 0xc3f5, 0xc415, 0xc416, 0xcc36,
0xcc36, 0xcc77, 0xcc97, 0xd4b8, 0xd4d8, 0xd4d8, 0xdcf8, 0xdd19, 0xdd39, 0xdd59,
0xdd7a, 0xdd9a, 0xe59a, 0xe5ba, 0xe5bb, 0xe5bb, 0xe5db, 0xedfc, 0xe5dc, 0xf67e,
0xfe9f, 0xd53b, 0xd53b, 0xdd5c, 0xdd7c, 0xdd7c, 0xdd7c, 0xdd9c, 0xe59c, 0xe59c,
0xe5bd, 0xeddd, 0xedfe, 0xfe9f, 0xf69f, 0xedde, 0xfe1f, 0xfe1f, 0xf5fe, 0xfe5e,

0x30e7, 0x30c6, 0x28c6, 0x30c6, 0x30c6, 0x30c6, 0x30e7, 0x30e6, 0x30c6, 0x30c6,
0x30e6, 0x3927, 0x4169, 0x51aa, 0x51ca, 0x620b, 0x6a4c, 0x728d, 0x728c, 0x69ea,
0x724b, 0x932f, 0x9b70, 0xa370, 0xb3f2, 0xbc54, 0xa3b1, 0x626b, 0x51c9, 0x82ee,
0xac13, 0x728c, 0x3928, 0x28a7, 0x28c7, 0x3928, 0x3907, 0x518a, 0x726d, 0x8acd,
0x9b0f, 0xbbb2, 0xcbf4, 0xd414, 0xd435, 0xd455, 0xbbf4, 0x92ef, 0x59aa, 0x1824,
0x1023, 0x0823, 0x1064, 0x0844, 0x0024, 0x0844, 0x1045, 0x1045, 0x1065, 0x1045,
0x1065, 0x1044, 0x1024, 0x1024, 0x0824, 0x1065, 0x1887, 0x1887, 0x1025, 0x1024,
0x1044, 0x0824, 0x0824, 0x1024, 0x1024, 0x1045, 0x1045, 0x1066, 0x1066, 0x1866,
0x20a7, 0x20c9, 0x20c9, 0x2909, 0x28e9, 0x20a8, 0x290a, 0x314a, 0x290a, 0x20c8,
0x394a, 0xa459, 0xd5bf, 0xc51e, 0xbcfd, 0xcd7e, 0xcd5e, 0xd57e, 0xd57e, 0xcd5d,
0xcd7d, 0xd59d, 0xcd7e, 0xcd5d, 0xd59d, 0xe59d, 0xcc98, 0xb393, 0xbb92, 0xc3d1,
0xc3d2, 0xc3f2, 0xc413, 0xc413, 0xcc14, 0xcc34, 0xd455, 0xd455, 0xcc55, 0xcc75,
0xcc75, 0xd495, 0xd475, 0xdc55, 0xdc56, 0xd497, 0x622d, 0x1065, 0x28c7, 0x28c7,
0x3129, 0x3149, 0x3149, 0x3149, 0x2929, 0x2929, 0x2928, 0x2908, 0x2908, 0x20e8,
0x2908, 0x28e8, 0x20c7, 0x20c7, 0x20c7, 0x20c7, 0x20c7, 0x20c7, 0x20a7, 0x20a7,
0x20c8, 0x20c8, 0x20c8, 0x20c8, 0x28e8, 0x28e8, 0x20e8, 0x28e8, 0x28e8, 0x28e9,
0x2909, 0x2909, 0x312a, 0x312a, 0x314a, 0x314a, 0x316a, 0x318a, 0x418b, 0x8312,
0xccb9, 0xcc79, 0xcc59, 0xcc99, 0xcc99, 0xd4ba, 0xd4db, 0xe51d, 0xdd1d, 0xed9f,
0xe53e, 0xdd3e, 0xedbf, 0xeddf, 0xdd3e, 0xccbc, 0xccbb, 0xd4fc, 0xdd3e, 0xe57f,
0xdd5f, 0xed9f, 0xed9f, 0xedbf, 0xe55e, 0xed9f, 0xeddf, 0xdd5d, 0xe5bf, 0xeddf,
0xdd5e, 0xd53d, 0xdd7e, 0xdd7e, 0xeddf, 0xf61f, 0xdd3d, 0xcc9b, 0xd51d, 0xedbf,
0xed9f, 0xed9f, 0xe57f, 0xed9f, 0xedbf, 0xe57f, 0xe57f, 0xe57f, 0xdd3e, 0xe57f,
0xe59f, 0xe59f, 0xdd7e, 0xd55e, 0xe59f, 0xdd7e, 0xdd9f, 0xdd9e, 0xddbf, 0xe61f,
0xde1f, 0xde3f, 0xd61f, 0xde3f, 0xd63e, 0xce1d, 0xd63e, 0xd61d, 0xcdfc, 0xd61d,
0xd61d, 0xd5fc, 0xde1d, 0xee1c, 0xd4d8, 0xbbf4, 0xc3d4, 0xbbb3, 0xb392, 0xb392,
0xb392, 0xb371, 0xab71, 0xab71, 0xab51, 0xab51, 0xab51, 0xab51, 0xab51, 0xa351,
0xa351, 0xa351, 0xab51, 0xab51, 0xab51, 0xab72, 0xb372, 0xb372, 0xb392, 0xb392,
0xb393, 0xbbb4, 0xbbb4, 0xbbd5, 0xbbd5, 0xbbd5, 0xc3f5, 0xc3f5, 0xc416, 0xcc36,
0xcc36, 0xcc77, 0xcc97, 0xd4b8, 0xd4d8, 0xd4f8, 0xdcf9, 0xdd19, 0xdd39, 0xdd59,
0xdd7a, 0xe59a, 0xe5ba, 0xe5ba, 0xe5bb, 0xe5db, 0xe5db, 0xe5fc, 0xe5fd, 0xfe9f,
0xee3e, 0xd51b, 0xd55b, 0xdd5b, 0xdd5c, 0xdd7c, 0xdd7c, 0xdd9c, 0xe59c, 0xe59c,
0xe5bd, 0xeddd, 0xedfe, 0xfe9f, 0xf69f, 0xf61f, 0xfe1f, 0xfe1f, 0xfe5f, 0xf63e,

0x28a6, 0x30c6, 0x3107, 0x3907, 0x3907, 0x30c7, 0x30c6, 0x30c6, 0x30c6, 0x30e6,
0x30e7, 0x30e6, 0x3107, 0x3908, 0x4969, 0x4989, 0x4968, 0x51c9, 0x6a6c, 0x7aee,
0x7acd, 0x6a4b, 0x6a2b, 0x8b0f, 0xa3d2, 0xa3b1, 0x9b50, 0x6acd, 0x51ea, 0x7aad,
0x9370, 0x51ea, 0x2086, 0x3128, 0x62ae, 0x628d, 0x5a4c, 0x4148, 0x30e6, 0x59ea,
0x930f, 0xbbd2, 0xcc13, 0xcc34, 0xd434, 0xdc34, 0xdc55, 0xd475, 0xcc75, 0x9b71,
0x5989, 0x2023, 0x1002, 0x1044, 0x0844, 0x0865, 0x1045, 0x1045, 0x1885, 0x1045,
0x1065, 0x1045, 0x0824, 0x1024, 0x0804, 0x1045, 0x1066, 0x1867, 0x1045, 0x0824,
0x0824, 0x0824, 0x0824, 0x0824, 0x1024, 0x1044, 0x1045, 0x1045, 0x1045, 0x1045,
0x1867, 0x18a7, 0x18a8, 0x20c8, 0x20a8, 0x20c8, 0x314a, 0x28e9, 0x20a8, 0x20c8,
0x418b, 0x9bf7, 0xcd3e, 0xcd3e, 0xcd5e, 0xcd9e, 0xc51d, 0xdddf, 0xd57e, 0xd5bf,
0xd59e, 0xcd5d, 0xd59e, 0xd59d, 0xdd7b, 0xbc15, 0xab71, 0xbb92, 0xbbb1, 0xc3b1,
0xc3d1, 0xc3f2, 0xcc13, 0xcc13, 0xcc33, 0xcc14, 0xcc34, 0xcc54, 0xcc54, 0xcc54,
0xcc74, 0xcc74, 0xcc75, 0xd495, 0xc455, 0x7a6e, 0x2004, 0x1845, 0x4148, 0x4989,
0x30e7, 0x3108, 0x3129, 0x2929, 0x2929, 0x2908, 0x2908, 0x2908, 0x28e8, 0x20c7,
0x20c7, 0x20e8, 0x20c7, 0x20c7, 0x20c7, 0x20c7, 0x20c7, 0x20a7, 0x20a7, 0x20a7,
0x20a7, 0x20a7, 0x20a7, 0x20c8, 0x20c8, 0x20c8, 0x20c8, 0x20c8, 0x28e8, 0x28e8,
0x28e9, 0x2909, 0x2929, 0x3129, 0x312a, 0x312a, 0x314a, 0x316a, 0x396a, 0x3909,
0x7a6f, 0xcc98, 0xd498, 0xd457, 0xd478, 0xcc58, 0xcc38, 0xcc58, 0xd459, 0xcc79,
0xd49a, 0xd49a, 0xdcdb, 0xe53d, 0xe55d, 0xe55d, 0xdd3c, 0xdcfc, 0xd4dc, 0xd4dc,
0xe55e, 0xed9f, 0xed9f, 0xedbf, 0xed9f, 0xeddf, 0xeddf, 0xdd7e, 0xdd5d, 0xeddf,
0xedff, 0xd51d, 0xd4fc, 0xd51d, 0xe59e, 0xf5ff, 0xf5ff, 0xd4fc, 0xd51d, 0xf5ff,
0xe57e, 0xe57f, 0xeddf, 0xe55e, 0xe57f, 0xed9f, 0xe57f, 0xed9f, 0xe57f, 0xdd5e,
0xdd5e, 0xedbf, 0xe5bf, 0xdd9e, 0xe57f, 0xe57f, 0xeddf, 0xe59f, 0xdd7f, 0xe59f,
0xddbf, 0xe61f, 0xe63f, 0xd5be, 0xd5de, 0xcdbd, 0xcddd, 0xd5fe, 0xd5fe, 0xd5fd,
0xd5fd, 0xd5fd, 0xde1d, 0xe5dc, 0xc436, 0xbbf4, 0xbbb4, 0xbbb3, 0xb392, 0xb392,
0xb392, 0xb371, 0xab71, 0xab71, 0xab51, 0xab51, 0xab51, 0xa351, 0xa351, 0xa351,
0xa351, 0xa351, 0xab51, 0xab51, 0xab51, 0xab51, 0xab72, 0xb372, 0xb392, 0xb393,
0xb393, 0xb3b3, 0xbbd4, 0xbbd5, 0xbbd5, 0xc3f5, 0xc3f5, 0xc3f5, 0xc416, 0xcc36,
0xcc36, 0xcc57, 0xcc97, 0xccb7, 0xd4d8, 0xdcf8, 0xdd19, 0xdd19, 0xdd39, 0xdd59,
0xdd7a, 0xe59a, 0xe5ba, 0xe5ba, 0xe5bb, 0xe5db, 0xe5db, 0xe5fc, 0xee1d, 0xfedf,
0xddbc, 0xcd1a, 0xd53b, 0xd55b, 0xdd5b, 0xdd5c, 0xdd7c, 0xe59c, 0xe59c, 0xe5bd,
0xe5bd, 0xe5dd, 0xedfe, 0xfebf, 0xf65e, 0xf61f, 0xfe3f, 0xfe3f, 0xfe5f, 0xfe7f,

0x30e7, 0x3908, 0x4169, 0x4169, 0x4989, 0x4989, 0x4148, 0x4148, 0x4168, 0x4148,
0x3948, 0x3928, 0x3928, 0x38e7, 0x30c7, 0x3928, 0x3907, 0x3907, 0x3947, 0x4989,
0x6a8c, 0x832f, 0x7acd, 0x61ea, 0x726c, 0x930f, 0x932f, 0x628c, 0x520a, 0x726c,
0x832f, 0x3947, 0x30c7, 0x7b30, 0x9c75, 0xa495, 0xa454, 0x728d, 0x2864, 0x4968,
0x930f, 0xbbf3, 0xcc13, 0xcc13, 0xd413, 0xdc34, 0xdc54, 0xdc34, 0xdc35, 0xdc55,
0xd415, 0xab31, 0x5128, 0x1003, 0x0844, 0x0865, 0x0825, 0x1045, 0x1865, 0x1065,
0x1886, 0x1045, 0x0824, 0x1024, 0x0824, 0x0804, 0x1046, 0x1866, 0x1066, 0x0824,
0x0824, 0x0824, 0x0824, 0x0824, 0x0824, 0x0824, 0x1045, 0x1045, 0x1045, 0x1045,
0x1046, 0x1066, 0x1887, 0x20c8, 0x28e8, 0x20c8, 0x20e8, 0x20c8, 0x28e9, 0x28e8,
0x522e, 0xd5be, 0xcd7f, 0xcd1e, 0xc51d, 0xcd5d, 0xc53d, 0xcd5e, 0xddbe, 0xcd5d,
0xd59e, 0xcd5d, 0xd57d, 0xdd7c, 0xb3f4, 0xab51, 0xbb91, 0xbb91, 0xbbb2, 0xbbb2,
0xbbd2, 0xc3f2, 0xc3f3, 0xc413, 0xc413, 0xcc13, 0xcc13, 0xcc13, 0xcc33, 0xcc33,
0xc413, 0xbbf3, 0xab92, 0x82ce, 0x4168, 0x2023, 0x5148, 0x9310, 0xb413, 0xa3b2,
0x724c, 0x38e7, 0x28e7, 0x3149, 0x2928, 0x2908, 0x2908, 0x28e8, 0x28e8, 0x20e7,
0x20c7, 0x20c7, 0x20c7, 0x20c7, 0x20a7, 0x20a7, 0x20a7, 0x18a7, 0x18a7, 0x18a7,
0x18a7, 0x18a7, 0x18a7, 0x20a7, 0x20a7, 0x20a7, 0x20a7, 0x20c8, 0x20c8, 0x20e8,
0x28e8, 0x2909, 0x2909, 0x2909, 0x2929, 0x312a, 0x312a, 0x312a, 0x314a, 0x398b,
0x3929, 0x6a2e, 0xcc98, 0xdc78, 0xdc78, 0xdc78, 0xdc77, 0xd457, 0xd457, 0xd456,
0xd456, 0xd457, 0xcc36, 0xcc37, 0xcc37, 0xcc58, 0xd499, 0xd4ba, 0xd4ba, 0xdcdc,
0xe4fd, 0xf57f, 0xf5bf, 0xe55e, 0xedbf, 0xeddf, 0xf61f, 0xeddf, 0xe59e, 0xd53d,
0xe59e, 0xedff, 0xdd5d, 0xd4fc, 0xdd5d, 0xedbe, 0xf61f, 0xe59e, 0xedbf, 0xedbf,
0xedbf, 0xdd5e, 0xe57e, 0xe57e, 0xedbf, 0xdd5e, 0xedbf, 0xf5df, 0xed7f, 0xed7f,
0xe55e, 0xe55e, 0xe59f, 0xeddf, 0xdd5e, 0xe59f, 0xeddf, 0xe59f, 0xe55f, 0xdd5e,
0xed9f, 0xeddf, 0xf61f, 0xe5be, 0xd59e, 0xddde, 0xd5de, 0xddbe, 0xddff, 0xddde,
0xddfe, 0xddfe, 0xe63f, 0xdd3a, 0xbbd4, 0xbbb4, 0xbb73, 0xbb92, 0xb392, 0xb392,
0xb371, 0xab71, 0xab71, 0xab71, 0xab51, 0xab51, 0xab51, 0xa351, 0xa351, 0xa351,
0xa351, 0xa351, 0xab51, 0xab51, 0xab51, 0xab51, 0xab72, 0xb372, 0xb392, 0xb393,
0xb393, 0xb3b3, 0xbbd4, 0xbbd5, 0xbbd5, 0xc3f5, 0xc3f5, 0xc415, 0xc416, 0xcc36,
0xcc57, 0xcc77, 0xcc97, 0xccb7, 0xd4d8, 0xdcf8, 0xdd19, 0xdd19, 0xdd39, 0xdd59,
0xdd7a, 0xe59a, 0xe5ba, 0xe5ba, 0xe5bb, 0xe5db, 0xedfc, 0xee1c, 0xee3d, 0xfeff,
0xd55a, 0xcd1a, 0xd53b, 0xd55b, 0xdd5c, 0xdd7c, 0xdd9c, 0xe59c, 0xe59c, 0xe5bd,
0xe5bd, 0xeddd, 0xf61e, 0xfebf, 0xee3e, 0xf61f, 0xfe5f, 0xfe3f, 0xfe5f, 0xfe7f,

0x4148, 0x4148, 0x4169, 0x4169, 0x4989, 0x49aa, 0x498a, 0x4989, 0x51ca, 0x51ca,
0x49aa, 0x49aa, 0x4969, 0x4949, 0x4148, 0x3928, 0x3907, 0x30c6, 0x30e6, 0x30e6,
0x30e6, 0x4968, 0x728d, 0x8b50, 0x6a2c, 0x69eb, 0x7a6c, 0x622b, 0x51e9, 0x624b,
0x830f, 0x3927, 0x51eb, 0x9413, 0xacd6, 0xbd58, 0xb4f6, 0xa413, 0x4928, 0x61ca,
0xa350, 0xc3f3, 0xd434, 0xdc34, 0xdc34, 0xdc34, 0xdc54, 0xdc34, 0xe435, 0xdc15,
0xdbf5, 0xdc35, 0xcc35, 0x828e, 0x28a6, 0x0804, 0x0845, 0x1045, 0x1045, 0x1865,
0x18a6, 0x1045, 0x1024, 0x1024, 0x1024, 0x0824, 0x1025, 0x1066, 0x1066, 0x0824,
0x0824, 0x0824, 0x0824, 0x0824, 0x0824, 0x0824, 0x1024, 0x1024, 0x1025, 0x1025,
0x1045, 0x1046, 0x1887, 0x20a8, 0x1887, 0x20a7, 0x28e8, 0x28e8, 0x28e8, 0x28e8,
0x418b, 0x8334, 0xbcfc, 0xd59f, 0xcd5e, 0xc53d, 0xcd5e, 0xc4fc, 0xcd5e, 0xd57e,
0xd57d, 0xd55d, 0xd57b, 0xb414, 0xab71, 0xb391, 0xb391, 0xb371, 0xb391, 0xb3d2,
0xbbd2, 0xbbd2, 0xc3d2, 0xc3d2, 0xcbf2, 0xc413, 0xbbf2, 0xab71, 0x9b0f, 0x8aad,
0x69ca, 0x5107, 0x3865, 0x2023, 0x28c5, 0x72cd, 0xc495, 0xdcb6, 0xd475, 0xcc54,
0xb413, 0x82ef, 0x4128, 0x28c6, 0x2908, 0x2908, 0x20e8, 0x20e8, 0x20e8, 0x20e7,
0x20c7, 0x20a7, 0x20c7, 0x20c7, 0x20a7, 0x20a7, 0x18a7, 0x18a7, 0x18a7, 0x18a7,
0x18a7, 0x18a7, 0x18a7, 0x18a7, 0x18a7, 0x18a7, 0x20a7, 0x20c8, 0x20c8, 0x20e8,
0x20c8, 0x28e9, 0x2909, 0x2909, 0x2909, 0x3129, 0x290a, 0x292a, 0x314a, 0x314a,
0x396a, 0x414a, 0x726f, 0xd478, 0xdc98, 0xdc77, 0xdc56, 0xdc56, 0xd456, 0xd455,
0xd435, 0xd455, 0xd435, 0xd456, 0xcc15, 0xcc16, 0xcc16, 0xcc16, 0xcc37, 0xd438,
0xd438, 0xd439, 0xd4bb, 0xdcdb, 0xe51c, 0xe55d, 0xf5be, 0xf5df, 0xf61f, 0xf5ff,
0xdd7e, 0xeddf, 0xedff, 0xd53d, 0xd53d, 0xe59e, 0xe5be, 0xeddf, 0xeddf, 0xdd3d,
0xe57e, 0xedbf, 0xe5bf, 0xd4fd, 0xdd3d, 0xe57f, 0xed9f, 0xe55e, 0xedbf, 0xf5df,
0xe59f, 0xdd5e, 0xdd5e, 0xe57e, 0xedbf, 0xe5bf, 0xedbf, 0xe59f, 0xdd5e, 0xdd3e,
0xed9f, 0xed7e, 0xe57e, 0xf5ff, 0xdd9e, 0xddbf, 0xddbf, 0xdd9f, 0xe5df, 0xe5df,
0xe5df, 0xee1f, 0xee1f, 0xc457, 0xbbd4, 0xbbb4, 0xb372, 0xb392, 0xb392, 0xb391,
0xab71, 0xab71, 0xab51, 0xab71, 0xab51, 0xab51, 0xab51, 0xa351, 0xa351, 0xa351,
0xa351, 0xa351, 0xab51, 0xab51, 0xab51, 0xab51, 0xab72, 0xb372, 0xb392, 0xb393,
0xb393, 0xb3b3, 0xbbd4, 0xbbd4, 0xbbd5, 0xc3f5, 0xc415, 0xc416, 0xc436, 0xcc36,
0xcc57, 0xcc77, 0xcc97, 0xd4b7, 0xd4d8, 0xdcf8, 0xdcf9, 0xdd19, 0xdd39, 0xdd59,
0xdd7a, 0xe59a, 0xe5ba, 0xe5bb, 0xe5bb, 0xe5db, 0xedfc, 0xee1d, 0xf67e, 0xf6bf,
0xcd1a, 0xd51b, 0xd53b, 0xd55b, 0xdd7c, 0xdd7c, 0xe59c, 0xe59c, 0xe59c, 0xe5bd,
0xe5bd, 0xe5dd, 0xee1e, 0xfebf, 0xee3e, 0xf61e, 0xfe3f, 0xfe3f, 0xfe3f, 0xfe7f,

0x51aa, 0x51cb, 0x51cb, 0x51ca, 0x59eb, 0x59eb, 0x59cb, 0x59aa, 0x518a, 0x51aa,
0x59eb, 0x59eb, 0x51cb, 0x51aa, 0x51aa, 0x5189, 0x4989, 0x4168, 0x3907, 0x2906,
0x28e6, 0x28c6, 0x30c6, 0x61eb, 0x9371, 0x82ef, 0x61eb, 0x51a9, 0x51a9, 0x59ea,
0x6aad, 0x4188, 0x49ca, 0x522c, 0x6b0f, 0x9433, 0xbd38, 0xa475, 0x59ab, 0x724d,
0xa350, 0xc3f2, 0xd474, 0xdc53, 0xd454, 0xd454, 0xd454, 0xdc55, 0xdc55, 0xdc35,
0xdc35, 0xdc14, 0xdc14, 0xe456, 0xbb93, 0x4928, 0x0803, 0x0865, 0x1045, 0x1866,
0x1886, 0x1025, 0x1004, 0x1004, 0x0824, 0x0824, 0x0824, 0x1044, 0x1045, 0x1024,
0x0824, 0x0823, 0x0823, 0x0824, 0x1024, 0x1024, 0x1024, 0x0824, 0x1024, 0x1044,
0x1045, 0x1065, 0x1865, 0x1886, 0x18a7, 0x20c8, 0x2909, 0x20a7, 0x2087, 0x28a8,
0x51ad, 0x496c, 0x6230, 0xc51c, 0xdddf, 0xd59e, 0xcd3e, 0xc53d, 0xc55e, 0xcd5e,
0xddbf, 0xe57d, 0xbc35, 0xa350, 0xab71, 0xb391, 0xb371, 0xb350, 0xb391, 0xbbb0,
0xbbb1, 0xbbd1, 0xbbb2, 0xb351, 0xa2ef, 0x7a8d, 0x5a0b, 0x4968, 0x38e6, 0x2885,
0x2885, 0x4107, 0x61ea, 0x82ce, 0xb3f3, 0xd4b6, 0xdc96, 0xd455, 0xdc54, 0xd474,
0xcc74, 0xc454, 0x9b70, 0x59a9, 0x2886, 0x28c8, 0x2908, 0x20e7, 0x20e7, 0x20c7,
0x20c7, 0x20c7, 0x20c7, 0x20c7, 0x20a7, 0x18a7, 0x1886, 0x18a7, 0x20a7, 0x20a7,
0x20a7, 0x20a7, 0x20a7, 0x18a7, 0x18a7, 0x18a7, 0x18c7, 0x18c7, 0x20e8, 0x20e8,
0x20c8, 0x28e8, 0x2909, 0x2909, 0x2909, 0x2909, 0x2909, 0x290a, 0x312a, 0x314a,
0x314b, 0x398b, 0x394b, 0x72b1, 0xd4d8, 0xdc56, 0xe436, 0xdc56, 0xcc56, 0xcc35,
0xd435, 0xd435, 0xd435, 0xcc15, 0xcc15, 0xcc15, 0xcbf4, 0xcbf4, 0xd415, 0xd415,
0xd3f5, 0xcbf5, 0xcbf5, 0xcbf5, 0xcbf5, 0xcbf5, 0xcc16, 0xd457, 0xd478, 0xdd1a,
0xed7d, 0xe57d, 0xe5be, 0xee3f, 0xe5bf, 0xe59e, 0xedbf, 0xeddf, 0xfe3f, 0xf5ff,
0xdd5d, 0xe5df, 0xe5bf, 0xdd7e, 0xd51d, 0xdd5e, 0xed9f, 0xdd3e, 0xdd7f, 0xeddf,
0xe59f, 0xe59f, 0xe57e, 0xdd5e, 0xedbf, 0xe57f, 0xe59f, 0xdd5f, 0xe57f, 0xe57f,
0xe57f, 0xe59f, 0xdd3e, 0xe5bf, 0xeddf, 0xe59f, 0xe59f, 0xed9f, 0xedbf, 0xe5bf,
0xe5df, 0xf61f, 0xe53c, 0xbbd5, 0xbbd4, 0xb3b3, 0xb392, 0xb392, 0xb392, 0xb371,
0xab71, 0xab71, 0xab51, 0xab51, 0xab50, 0xab50, 0xa350, 0xa350, 0xa350, 0xa350,
0xa350, 0xa350, 0xa331, 0xab31, 0xab51, 0xab51, 0xab72, 0xb372, 0xb392, 0xb393,
0xb393, 0xbbb3, 0xbbd4, 0xbbd4, 0xc3f4, 0xc415, 0xc415, 0xc436, 0xc436, 0xcc36,
0xcc56, 0xd477, 0xd497, 0xd4b8, 0xd4d8, 0xd4d8, 0xdcf9, 0xdd19, 0xdd39, 0xdd5a,
0xe57a, 0xe59a, 0xe5bb, 0xe5bb, 0xe5bb, 0xe5db, 0xedfc, 0xedfd, 0xfebf, 0xee3e,
0xccfa, 0xd51b, 0xd53b, 0xdd5c, 0xdd7c, 0xdd7c, 0xdd9c, 0xe5bc, 0xe5bd, 0xe5bc,
0xedbc, 0xe5fc, 0xe63d, 0xfeff, 0xee3e, 0xf63f, 0xfe3f, 0xfe3f, 0xfe5f, 0xfe7f,

0x4949, 0x5169, 0x518a, 0x518a, 0x59cb, 0x59cb, 0x51aa, 0x61eb, 0x59cb, 0x59cb,
0x59eb, 0x59eb, 0x51eb, 0x51ca, 0x51ca, 0x51ca, 0x51aa, 0x4989, 0x4969, 0x3948,
0x3907, 0x30c6, 0x30c6, 0x30a6, 0x4989, 0x832f, 0x8b50, 0x59ea, 0x4148, 0x49a9,
0x624b, 0x51c9, 0x49ca, 0x520b, 0x524c, 0x522b, 0x9c34, 0xa454, 0x518a, 0x82ae,
0xab91, 0xc3f2, 0xd453, 0xd454, 0xdc54, 0xd454, 0xd454, 0xdc54, 0xdc35, 0xdc35,
0xdc35, 0xdc34, 0xdc14, 0xdc15, 0xdc36, 0xc456, 0x6a0c, 0x1824, 0x1045, 0x1845,
0x1865, 0x1024, 0x0804, 0x0804, 0x0824, 0x0804, 0x0824, 0x0824, 0x1024, 0x1024,
0x0824, 0x0823, 0x0823, 0x0824, 0x1024, 0x1024, 0x1024, 0x0824, 0x1024, 0x1044,
0x1044, 0x1045, 0x1065, 0x1066, 0x1086, 0x20c8, 0x20c8, 0x1866, 0x28c8, 0x5a2e,
0x9bf7, 0xbcfb, 0x7ad3, 0xbcbb, 0xcd3e, 0xddbf, 0xcd7f, 0xc53e, 0xd59f, 0xcd1d,
0xe57d, 0xcc78, 0xa2f0, 0xb330, 0xb330, 0xab0f, 0xb330, 0xbb92, 0xbb91, 0xb391,
0xa310, 0x826d, 0x61ca, 0x4948, 0x3907, 0x30c5, 0x3085, 0x3064, 0x4107, 0x6a2c,
0x9371, 0xb413, 0xc474, 0xcc95, 0xd4b6, 0xd475, 0xd475, 0xdc75, 0xdc95, 0xd474,
0xd475, 0xcc75, 0xcc95, 0xb3f2, 0x722c, 0x30a6, 0x28a6, 0x20e7, 0x20e7, 0x18e7,
0x20c7, 0x20c7, 0x20a7, 0x20a7, 0x20a7, 0x18a6, 0x1886, 0x18a6, 0x18a6, 0x18a6,
0x18a6, 0x18a6, 0x18a6, 0x18a7, 0x18a7, 0x18a7, 0x18a7, 0x18a7, 0x20c8, 0x20e8,
0x20e8, 0x28e8, 0x28e9, 0x28e9, 0x2909, 0x2909, 0x2909, 0x2909, 0x312a, 0x312a,
0x312a, 0x396b, 0x398b, 0x416b, 0x9352, 0xdc97, 0xdc56, 0xdc35, 0xcc35, 0xcc35,
0xd435, 0xd435, 0xcc14, 0xcc14, 0xcc14, 0xcbf4, 0xcbf3, 0xcbf3, 0xcbf3, 0xcc14,
0xcc14, 0xcc14, 0xcbf4, 0xcbf4, 0xcbf4, 0xcbf4, 0xc3d3, 0xc3b3, 0xc3b2, 0xc392,
0xc3b3, 0xcbf4, 0xcc35, 0xd477, 0xd498, 0xd4d9, 0xdd1a, 0xdd3b, 0xed9c, 0xed9c,
0xed9c, 0xeddd, 0xeddd, 0xfe3f, 0xedde, 0xdd5d, 0xedbf, 0xe57f, 0xdd5f, 0xe57f,
0xe55f, 0xedbf, 0xed9f, 0xe57f, 0xe57f, 0xe57f, 0xdd3f, 0xdd1e, 0xe55f, 0xed7f,
0xe57f, 0xe5bf, 0xdd5e, 0xdd7e, 0xeddf, 0xeddf, 0xe59f, 0xe59f, 0xe57f, 0xe5bf,
0xedff, 0xf5df, 0xcc79, 0xbbd4, 0xbbd4, 0xb393, 0xb392, 0xb392, 0xb371, 0xab71,
0xab71, 0xab71, 0xab51, 0xab51, 0xab50, 0xab50, 0xa350, 0xa350, 0xa350, 0xa350,
0xa350, 0xa350, 0xa331, 0xab31, 0xab51, 0xab51, 0xab72, 0xb372, 0xb392, 0xb393,
0xb393, 0xbbb3, 0xbbd4, 0xbbd4, 0xc3f4, 0xc415, 0xc415, 0xc436, 0xc436, 0xcc36,
0xcc56, 0xd477, 0xd497, 0xd4b8, 0xd4d8, 0xd4d8, 0xdcf9, 0xdd19, 0xdd39, 0xdd7a,
0xe59a, 0xe59b, 0xe5bb, 0xe5bb, 0xe5db, 0xe5db, 0xedfc, 0xee1d, 0xfedf, 0xe59c,
0xccfa, 0xd51b, 0xd53c, 0xdd5c, 0xdd7c, 0xdd7c, 0xdd9c, 0xe5bc, 0xe5bd, 0xe5bc,
0xe5bc, 0xe5fc, 0xee5d, 0xff1f, 0xee3e, 0xf61e, 0xfdff, 0xfe1f, 0xfe5f, 0xfe7f,

0x598a, 0x598a, 0x61cb, 0x61cb, 0x598a, 0x598a, 0x5169, 0x518a, 0x518a, 0x4928,
0x4969, 0x4989, 0x49aa, 0x49ea, 0x520b, 0x5a0b, 0x59eb, 0x51ca, 0x51aa, 0x5189,
0x4969, 0x4107, 0x30a6, 0x28a5, 0x28c6, 0x3927, 0x72ad, 0x72ee, 0x51ca, 0x4989,
0x624b, 0x51c9, 0x3928, 0x3948, 0x522b, 0x522b, 0x626c, 0x8b50, 0x620b, 0x930f,
0xabb1, 0xcc33, 0xd453, 0xd454, 0xd454, 0xd454, 0xd454, 0xdc54, 0xdc34, 0xdc34,
0xdc35, 0xdc35, 0xdc14, 0xdc15, 0xdc15, 0xd436, 0xd477, 0x82ae, 0x2024, 0x1803,
0x1845, 0x1024, 0x0824, 0x0004, 0x0804, 0x0804, 0x0804, 0x0824, 0x1024, 0x0804,
0x0824, 0x0824, 0x0823, 0x0824, 0x1024, 0x1024, 0x1024, 0x0824, 0x1024, 0x1044,
0x1024, 0x1045, 0x1065, 0x1066, 0x1886, 0x18a7, 0x18a7, 0x2908, 0x3949, 0x49ac,
0x9bf7, 0xdddf, 0x9bb8, 0xc51e, 0xd59f, 0xc53e, 0xcd7f, 0xcd5f, 0xcd3e, 0xe5bf,
0xd51a, 0xa311, 0xab10, 0xab30, 0xab30, 0xa330, 0xab50, 0x9aee, 0x720b, 0x5149,
0x38c7, 0x30a6, 0x2886, 0x2085, 0x1885, 0x38c6, 0x61ca, 0x930f, 0xbc33, 0xcc75,
0xcc75, 0xd475, 0xd454, 0xd455, 0xd455, 0xd455, 0xd475, 0xd475, 0xd474, 0xd474,
0xd474, 0xdc75, 0xd475, 0xd455, 0xc454, 0x8b0e, 0x4127, 0x2085, 0x20e7, 0x18e8,
0x18e7, 0x20c7, 0x1886, 0x1886, 0x20a7, 0x18a6, 0x1886, 0x1886, 0x1886, 0x1886,
0x1886, 0x1886, 0x1886, 0x1886, 0x1887, 0x18a7, 0x18a7, 0x18a7, 0x20c8, 0x20e8,
0x20c8, 0x20e8, 0x2909, 0x28e9, 0x28e9, 0x2909, 0x28e9, 0x28e9, 0x290a, 0x290a,
0x312a, 0x314a, 0x316b, 0x318b, 0x498b, 0xb3d4, 0xd476, 0xd435, 0xd434, 0xcc14,
0xcc14, 0xcc14, 0xcc34, 0xcc34, 0xd434, 0xcc13, 0xcbf2, 0xcc13, 0xcc12, 0xcc12,
0xcc12, 0xcc13, 0xcc13, 0xcc13, 0xcc13, 0xcc13, 0xc3f2, 0xc3d2, 0xcbd1, 0xcbb1,
0xcbb1, 0xcbd2, 0xc3b1, 0xc3d2, 0xbbb2, 0xb3b2, 0xb3b3, 0xb3b3, 0xb3b3, 0xb3b2,
0xbbd3, 0xbbd3, 0xbbf4, 0xc435, 0xc477, 0xcc99, 0xd4fa, 0xd4fb, 0xdd3e, 0xe57f,
0xedbf, 0xedbf, 0xe59f, 0xe59f, 0xe55f, 0xed7f, 0xed7f, 0xe55f, 0xe53f, 0xe57f,
0xdd5f, 0xdd5e, 0xe59f, 0xe57e, 0xe59f, 0xedff, 0xe5bf, 0xe57e, 0xdd7e, 0xe59f,
0xf61f, 0xe55c, 0xbbf6, 0xbbd4, 0xbbb3, 0xb392, 0xb392, 0xab71, 0xab71, 0xab71,
0xab71, 0xab71, 0xab51, 0xab51, 0xab50, 0xab50, 0xa350, 0xa350, 0xa350, 0xa350,
0xa350, 0xa350, 0xa331, 0xab31, 0xab51, 0xab51, 0xab72, 0xb372, 0xb392, 0xb393,
0xb393, 0xbbb3, 0xbbd4, 0xbbd4, 0xc3f4, 0xc415, 0xc415, 0xc436, 0xc436, 0xcc36,
0xcc56, 0xd477, 0xd497, 0xd4b8, 0xd4d8, 0xd4d8, 0xdcf8, 0xdd19, 0xdd5a, 0xe57a,
0xe59a, 0xe5bb, 0xe5bb, 0xe5db, 0xe5db, 0xedfc, 0xedfc, 0xf63e, 0xfebf, 0xdd5b,
0xccfa, 0xd53b, 0xd53c, 0xdd7c, 0xdd7c, 0xdd7c, 0xdd9c, 0xe5bc, 0xe5bd, 0xe5bc,
0xe5bc, 0xe5fd, 0xee5e, 0xff1f, 0xee3e, 0xf5fe, 0xfdff, 0xfe1f, 0xfe3f, 0xfe7f,

0x828e, 0x826d, 0x826e, 0x8aae, 0x8aae, 0x828e, 0x826d, 0x7a6d, 0x7a6d, 0x722c,
0x61ca, 0x5189, 0x4948, 0x4969, 0x4989, 0x51aa, 0x59ca, 0x620b, 0x59ca, 0x59aa,
0x59aa, 0x51aa, 0x4169, 0x28c6, 0x2085, 0x28c6, 0x4168, 0x5a4b, 0x6a8c, 0x5a0b,
0x624b, 0x51ca, 0x3907, 0x30e6, 0x3106, 0x5a4c, 0x5a2b, 0x620b, 0x7a8d, 0x932f,
0xb3d1, 0xcc53, 0xd453, 0xcc33, 0xd454, 0xd453, 0xd453, 0xd434, 0xdc34, 0xdc34,
0xdc14, 0xdc34, 0xdc35, 0xdc15, 0xdc15, 0xdc35, 0xdc36, 0xdcb7, 0x9b51, 0x3886,
0x1803, 0x1024, 0x0824, 0x0024, 0x0804, 0x0804, 0x0804, 0x0824, 0x0824, 0x0824,
0x0824, 0x0824, 0x0824, 0x0824, 0x0824, 0x0823, 0x0803, 0x0824, 0x1024, 0x1044,
0x1045, 0x1045, 0x1065, 0x1085, 0x1886, 0x18a6, 0x1886, 0x2908, 0x41ab, 0x5a2e,
0x72b2, 0xac5a, 0xac5b, 0xd59f, 0xdddf, 0xd5bf, 0xc55f, 0xd59f, 0xd55e, 0xe5be,
0xabb4, 0x826d, 0x7a6c, 0x6a4c, 0x7aad, 0x6a6c, 0x4988, 0x30c5, 0x20a4, 0x10a5,
0x18a5, 0x1864, 0x2045, 0x4908, 0x7a6e, 0xa391, 0xbc33, 0xcc95, 0xd475, 0xd475,
0xd454, 0xd434, 0xdc14, 0xdc34, 0xd434, 0xd454, 0xd454, 0xd474, 0xd474, 0xd474,
0xdc54, 0xdc54, 0xdc75, 0xe455, 0xd474, 0xcc94, 0xabd1, 0x5989, 0x2885, 0x20c7,
0x18c7, 0x20c7, 0x18a7, 0x1886, 0x18a6, 0x1886, 0x1886, 0x1886, 0x1886, 0x1886,
0x1886, 0x1866, 0x1886, 0x18a7, 0x18a7, 0x18a7, 0x18a7, 0x1066, 0x18c7, 0x20e8,
0x20c8, 0x20c8, 0x2909, 0x2909, 0x28e8, 0x28e9, 0x28e9, 0x2909, 0x28e9, 0x290a,
0x312a, 0x312a, 0x314a, 0x318b, 0x396a, 0x620d, 0xc476, 0xd475, 0xdc34, 0xd434,
0xd434, 0xcc33, 0xcc34, 0xcc34, 0xcc33, 0xcc13, 0xcc12, 0xcc12, 0xcc12, 0xcc12,
0xcc12, 0xcc12, 0xcc32, 0xc412, 0xc412, 0xc3f1, 0xbbb1, 0xbbb0, 0xbbb1, 0xbbb1,
0xbbd2, 0xbbd2, 0xbbd2, 0xbbd2, 0xbbd2, 0xbbd2, 0xc3f2, 0xbbd2, 0xbbd2, 0xbbd2,
0xc3d2, 0xbbb1, 0xbbb1, 0xb391, 0xb3b2, 0xa372, 0xa352, 0xa352, 0xab93, 0xb3f5,
0xc477, 0xccf9, 0xe59c, 0xf63f, 0xedbe, 0xed9e, 0xed9f, 0xe59f, 0xe57f, 0xdd3e,
0xe57f, 0xdd5e, 0xdd7e, 0xe57e, 0xdd7e, 0xeddf, 0xeddf, 0xe57e, 0xe59f, 0xe59e,
0xf5ff, 0xd4b9, 0xbbb4, 0xbbb3, 0xb392, 0xb392, 0xab71, 0xab71, 0xab70, 0xab50,
0xab50, 0xab50, 0xab51, 0xab50, 0xab50, 0xab50, 0xab51, 0xa351, 0xa330, 0xa350,
0xa351, 0xab51, 0xab51, 0xab51, 0xab51, 0xab51, 0xab72, 0xb372, 0xb392, 0xb393,
0xb3b3, 0xbbb4, 0xbbd4, 0xbbf4, 0xc3f5, 0xc415, 0xc415, 0xc436, 0xc436, 0xcc36,
0xcc56, 0xcc77, 0xcc77, 0xd497, 0xd4b8, 0xdcd8, 0xdcf9, 0xe519, 0xdd5a, 0xe57a,
0xe59b, 0xe59b, 0xe5bb, 0xe5db, 0xe5db, 0xedfc, 0xedfd, 0xfe7f, 0xfe7f, 0xd51b,
0xd51b, 0xd51b, 0xd53c, 0xdd5c, 0xdd7c, 0xdd7c, 0xdd9c, 0xe5bc, 0xe5bd, 0xe5bc,
0xeddd, 0xe5dc, 0xee5d, 0xfeff, 0xee1e, 0xf5ff, 0xf5ff, 0xfdff, 0xfe1f, 0xfe5f,

0x9b10, 0xab51, 0xa351, 0xa351, 0xab72, 0xab72, 0xab72, 0xab71, 0xab72, 0xa371,
0xa371, 0x930f, 0x8acf, 0x82ae, 0x722d, 0x598a, 0x5149, 0x4969, 0x51aa, 0x51aa,
0x51aa, 0x51aa, 0x51ca, 0x49a9, 0x3107, 0x2085, 0x28c5, 0x3968, 0x49c9, 0x5a2b,
0x6aad, 0x622b, 0x4168, 0x28c5, 0x41a9, 0x8390, 0x622b, 0x4968, 0x82ad, 0x9b2e,
0xbbf1, 0xcc32, 0xcc32, 0xcc53, 0xcc54, 0xd453, 0xd453, 0xd433, 0xdc33, 0xdc34,
0xdc14, 0xdc34, 0xdc15, 0xdc15, 0xdc35, 0xe435, 0xe435, 0xdc35, 0xdcb6, 0xb3d3,
0x4928, 0x1803, 0x1024, 0x0825, 0x0804, 0x0804, 0x0804, 0x0824, 0x0824, 0x0824,
0x0824, 0x0824, 0x0824, 0x0824, 0x0824, 0x0824, 0x0824, 0x0824, 0x1024, 0x1044,
0x1045, 0x1045, 0x1065, 0x1065, 0x1085, 0x18a6, 0x2907, 0x398a, 0x522c, 0x6aaf,
0x6a90, 0x8b75, 0xa43a, 0xcd5f, 0xd57f, 0xdddf, 0xcd9f, 0xcd5e, 0xddbf, 0xc4fa,
0x7aaf, 0x4127, 0x2084, 0x1886, 0x20c6, 0x1865, 0x1064, 0x1885, 0x1885, 0x1064,
0x2084, 0x5189, 0x8aef, 0xc414, 0xcc34, 0xcc34, 0xcc74, 0xd474, 0xd474, 0xd454,
0xcc13, 0xd413, 0xd413, 0xd413, 0xd433, 0xd433, 0xd434, 0xd454, 0xd473, 0xdc74,
0xdc74, 0xdc74, 0xdc74, 0xdc75, 0xdc94, 0xd474, 0xd494, 0xbc33, 0x7a6d, 0x30a6,
0x2085, 0x20e7, 0x20a7, 0x1886, 0x18a6, 0x1886, 0x1886, 0x1886, 0x1886, 0x1886,
0x1886, 0x1866, 0x1886, 0x1887, 0x18a7, 0x18a7, 0x1887, 0x1066, 0x18a7, 0x20e8,
0x20a7, 0x18a7, 0x2909, 0x28e9, 0x20c8, 0x20e8, 0x28e9, 0x28e9, 0x28e9, 0x290a,
0x312a, 0x312a, 0x314a, 0x294a, 0x318b, 0x3949, 0x8b10, 0xd4b5, 0xd453, 0xd453,
0xd433, 0xcc33, 0xcc33, 0xcc33, 0xcc13, 0xcc12, 0xcc12, 0xcc12, 0xcc12, 0xcc32,
0xcc32, 0xcc32, 0xc432, 0xc411, 0xbbf1, 0xbbd1, 0xb3b0, 0xb3b0, 0xb391, 0xb392,
0xb3b2, 0xb3b2, 0xb3b2, 0xb3b2, 0xbbb1, 0xbbb1, 0xb391, 0xb370, 0xb350, 0xb390,
0xbb91, 0xbbb2, 0xbbd2, 0xbbd2, 0xbbd2, 0xbbb2, 0xb3b1, 0xb3b1, 0xab90, 0xa370,
0x9b70, 0x9b71, 0x9b92, 0xac35, 0xbc97, 0xcd1a, 0xe5de, 0xedff, 0xedff, 0xe59e,
0xdd5e, 0xdd3e, 0xdd7e, 0xdd5e, 0xe59f, 0xe59f, 0xedff, 0xeddf, 0xeddf, 0xe5be,
0xed9d, 0xc3f5, 0xc3b3, 0xbbb2, 0xb392, 0xb391, 0xab71, 0xab71, 0xab70, 0xab50,
0xab51, 0xab50, 0xab50, 0xab30, 0xab50, 0xab50, 0xab51, 0xa351, 0xa330, 0xa330,
0xa350, 0xa351, 0xab51, 0xab51, 0xab51, 0xab51, 0xab72, 0xb372, 0xb392, 0xb393,
0xb3b3, 0xbbb4, 0xbbd4, 0xbbf4, 0xc3f5, 0xc415, 0xc415, 0xc436, 0xc436, 0xcc36,
0xcc56, 0xcc77, 0xcc77, 0xd497, 0xd4b8, 0xdcd8, 0xdcf9, 0xe519, 0xdd5a, 0xe57a,
0xe59b, 0xe59b, 0xe5bb, 0xe5db, 0xe5dc, 0xedfc, 0xee1d, 0xfebf, 0xf61e, 0xccda,
0xd51c, 0xd51b, 0xd53c, 0xdd5c, 0xdd7c, 0xdd7c, 0xdd9c, 0xe5bc, 0xe5bd, 0xe5bc,
0xeddc, 0xe5dc, 0xee5e, 0xff3f, 0xe5dd, 0xf5ff, 0xfdff, 0xfdff, 0xfe1f, 0xfe5f,

0x9af0, 0x9acf, 0xa330, 0xab72, 0xb372, 0xb392, 0xbbb3, 0xc3b3, 0xbbb3, 0xbb92,
0xb3b3, 0xb392, 0xb392, 0xab52, 0xa331, 0x9310, 0x7a8e, 0x622c, 0x59eb, 0x49aa,
0x4169, 0x4168, 0x4148, 0x49a9, 0x49aa, 0x4168, 0x28e5, 0x28e5, 0x3106, 0x4188,
0x6aad, 0x6a8d, 0x51a9, 0x4168, 0x51ea, 0x520a, 0x4147, 0x620b, 0x8b0e, 0xa36f,
0xbbf1, 0xc411, 0xcc32, 0xcc53, 0xcc33, 0xd433, 0xd433, 0xd433, 0xdc33, 0xdc34,
0xdc34, 0xdc14, 0xdc15, 0xdc35, 0xdc34, 0xdc35, 0xe455, 0xe455, 0xe455, 0xdc96,
0xc455, 0x6a2d, 0x1004, 0x0804, 0x0824, 0x0804, 0x0804, 0x0824, 0x0824, 0x0824,
0x0824, 0x0824, 0x0824, 0x0823, 0x0823, 0x0824, 0x0824, 0x0824, 0x1024, 0x1044,
0x1044, 0x1024, 0x1045, 0x1085, 0x18a6, 0x2948, 0x41cb, 0x3989, 0x41aa, 0x626d,
0x72d0, 0x8313, 0xb47b, 0xc51e, 0xcd7e, 0xd59d, 0xd5be, 0xd5bf, 0xe5df, 0x93b5,
0x416a, 0x1884, 0x1085, 0x20c7, 0x1886, 0x2086, 0x1866, 0x1005, 0x2845, 0x6168,
0x9b0f, 0xbc13, 0xc433, 0xc412, 0xcc32, 0xd453, 0xd474, 0xd474, 0xd453, 0xcc13,
0xc412, 0xcc33, 0xcc13, 0xcc13, 0xcc13, 0xcc13, 0xd433, 0xd433, 0xd453, 0xdc73,
0xdc74, 0xdc74, 0xd474, 0xd474, 0xdc94, 0xdc74, 0xdc74, 0xdc75, 0xcc95, 0x9b70,
0x5189, 0x20a7, 0x18a7, 0x20a7, 0x18a7, 0x1886, 0x1886, 0x1886, 0x1886, 0x1886,
0x1886, 0x1866, 0x1886, 0x1886, 0x1887, 0x1887, 0x1887, 0x1066, 0x18a7, 0x18c7,
0x1887, 0x1887, 0x28e9, 0x20c8, 0x20a8, 0x20e8, 0x28e9, 0x20c9, 0x20c8, 0x2909,
0x290a, 0x290a, 0x292a, 0x314a, 0x316a, 0x396a, 0x51cb, 0xb433, 0xd473, 0xcc33,
0xd453, 0xcc33, 0xcc33, 0xcc33, 0xcc32, 0xcc32, 0xcc32, 0xcc32, 0xcc32, 0xcc33,
0xcc12, 0xc412, 0xc432, 0xbbf1, 0xbbd1, 0xb390, 0xab6f, 0xab6f, 0xb370, 0xb370,
0xbb70, 0xbb90, 0xbb90, 0xbb70, 0xbb50, 0xab50, 0xab30, 0xab30, 0xab30, 0xab30,
0xab30, 0xab51, 0xab51, 0xb3b2, 0xbbb2, 0xc3d1, 0xc3d1, 0xc3f1, 0xbbf2, 0xb3f2,
0xa391, 0x9b71, 0x9b72, 0x82f0, 0x7aaf, 0x82f0, 0x8b52, 0xac36, 0xc4fa, 0xee1f,
0xee1f, 0xf5ff, 0xedbf, 0xdd5e, 0xe59e, 0xedbf, 0xedff, 0xedbf, 0xfe3f, 0xf63f,
0xccb9, 0xbbd4, 0xbb92, 0xb392, 0xb392, 0xab71, 0xab71, 0xab71, 0xab70, 0xab70,
0xab71, 0xab50, 0xa330, 0xa330, 0xa330, 0xa330, 0xa351, 0xa351, 0xa330, 0xa330,
0xa330, 0xa350, 0xab51, 0xab51, 0xab51, 0xab51, 0xab72, 0xb372, 0xb392, 0xb393,
0xb3b3, 0xbbb4, 0xbbd4, 0xbbf4, 0xc3f5, 0xc415, 0xc415, 0xc436, 0xc436, 0xcc36,
0xcc56, 0xcc77, 0xcc77, 0xd497, 0xd4b8, 0xdcd8, 0xdcf9, 0xe519, 0xdd5a, 0xe57a,
0xe59b, 0xe59b, 0xe5bb, 0xe5db, 0xe5dc, 0xedfc, 0xf61e, 0xfebf, 0xe5bd, 0xccda,
0xd51b, 0xd51b, 0xd53c, 0xdd5c, 0xdd7c, 0xdd7c, 0xdd9c, 0xe5bc, 0xe5bd, 0xe5bc,
0xedbc, 0xe5dc, 0xee7e, 0xff5f, 0xee1e, 0xedbe, 0xf5df, 0xfdff, 0xf5ff, 0xfe3f,

0xab11, 0xa2f0, 0xa2f0, 0xab31, 0xb372, 0xb372, 0xb373, 0xbbb4, 0xc3d4, 0xc3f4,
0xbbd4, 0xbbb3, 0xb372, 0xab52, 0xab52, 0xab92, 0xab92, 0xab72, 0x92f0, 0x7a6d,
0x6a2c, 0x59ca, 0x4148, 0x3927, 0x3968, 0x49a9, 0x49a9, 0x30e6, 0x20c5, 0x3107,
0x4168, 0x622b, 0x5a2b, 0x49c9, 0x49a9, 0x49e9, 0x4988, 0x5a0a, 0x8b0e, 0xa36f,
0xb3d0, 0xc411, 0xcc32, 0xcc33, 0xcc33, 0xd433, 0xd433, 0xd433, 0xd433, 0xd433,
0xdc33, 0xdc34, 0xdc34, 0xdc34, 0xdc34, 0xdc35, 0xdc35, 0xdc35, 0xdc56, 0xdc56,
0xd476, 0xccb7, 0x82ef, 0x2044, 0x1003, 0x1044, 0x0843, 0x0844, 0x0824, 0x0824,
0x1024, 0x1024, 0x1024, 0x1024, 0x1024, 0x1024, 0x1024, 0x1024, 0x1024, 0x1024,
0x1024, 0x1024, 0x1044, 0x18a5, 0x3169, 0x41ca, 0x3989, 0x20c6, 0x20c6, 0x3108,
0x59ec, 0x72b0, 0xa437, 0xc4fc, 0xd57e, 0xdd9f, 0xc51e, 0xcd9f, 0xd61f, 0x49ac,
0x1025, 0x2085, 0x1066, 0x18a7, 0x1866, 0x1003, 0x2824, 0x5128, 0x92ef, 0xbbd1,
0xc3f2, 0xbbd1, 0xc412, 0xc412, 0xcc32, 0xcc33, 0xd454, 0xcc33, 0xc413, 0xc3f2,
0xc3f3, 0xcc13, 0xcc12, 0xcc12, 0xcc12, 0xcc12, 0xcc33, 0xcc33, 0xd433, 0xd453,
0xdc74, 0xdc74, 0xdc94, 0xdc94, 0xdc74, 0xdc74, 0xdc74, 0xdc74, 0xdc95, 0xdc74,
0xc413, 0x8ace, 0x4907, 0x2865, 0x1886, 0x18c7, 0x10c7, 0x10a6, 0x10a6, 0x1086,
0x1886, 0x1886, 0x1886, 0x18a6, 0x1086, 0x1887, 0x1086, 0x1086, 0x18a7, 0x20c8,
0x1086, 0x1066, 0x20e8, 0x20c7, 0x18a7, 0x20e8, 0x20e8, 0x20c8, 0x20e9, 0x2929,
0x2909, 0x2909, 0x2929, 0x2929, 0x294a, 0x318b, 0x314a, 0x72ad, 0xccb4, 0xcc73,
0xcc32, 0xcc32, 0xcc52, 0xcc52, 0xcc32, 0xcc32, 0xcc11, 0xcc32, 0xcc12, 0xc412,
0xc412, 0xc412, 0xbbf1, 0xb3b0, 0xab90, 0xa34f, 0xa34f, 0xa350, 0xa34f, 0xab4f,
0xab4f, 0xb34f, 0xb370, 0xb370, 0xb350, 0xb350, 0xb350, 0xb371, 0xbb91, 0xbb91,
0xb371, 0xb391, 0xab70, 0x9b2f, 0xa370, 0xa370, 0xa370, 0xab91, 0xb3b2, 0xabb2,
0xa391, 0x9330, 0x8b0f, 0x8b30, 0x8310, 0x8310, 0x6aae, 0x6a8e, 0x728f, 0x8b31,
0xa415, 0xd57b, 0xe5fd, 0xf65f, 0xfe7f, 0xedde, 0xf61f, 0xeddf, 0xfe5f, 0xeddd,
0xbc16, 0xbbd4, 0xbb92, 0xb392, 0xb392, 0xb371, 0xb371, 0xb371, 0xb371, 0xab71,
0xab71, 0xab50, 0xa350, 0xa330, 0xa330, 0xa350, 0xa330, 0xa350, 0xa330, 0xa330,
0xa330, 0xa330, 0xa351, 0xab51, 0xab72, 0xab72, 0xab72, 0xab92, 0xb392, 0xb392,
0xb3b3, 0xbbd3, 0xbbd3, 0xbbf4, 0xc414, 0xc3f4, 0xc415, 0xcc15, 0xcc16, 0xcc36,
0xcc37, 0xd457, 0xd477, 0xdc98, 0xdcd8, 0xdcd8, 0xdcf9, 0xe519, 0xe55a, 0xe57a,
0xe59a, 0xe59b, 0xe5bb, 0xeddc, 0xeddd, 0xeddd, 0xf63f, 0xfe9f, 0xdd5c, 0xd4fa,
0xd4fb, 0xd51b, 0xdd3b, 0xdd5b, 0xdd5c, 0xdd7c, 0xdd9c, 0xe5bd, 0xe5bd, 0xe5bd,
0xedbd, 0xe5dd, 0xee5e, 0xff7f, 0xee5e, 0xedbf, 0xf5bf, 0xf5ff, 0xf61f, 0xfe1f,

0xb372, 0xb373, 0xb393, 0xb372, 0xab52, 0xb373, 0xbbb4, 0xbbd4, 0xbbb4, 0xc3d4,
0xbbb4, 0xbb93, 0xbbb4, 0xbbd4, 0xb393, 0xb393, 0xb393, 0xbbb3, 0xb393, 0xa372,
0x9b71, 0x8aef, 0x726d, 0x51ca, 0x4168, 0x3927, 0x4148, 0x4168, 0x2906, 0x20c5,
0x3106, 0x4148, 0x49a9, 0x51ea, 0x5a4b, 0x520a, 0x4167, 0x59e9, 0x82cc, 0x9b2e,
0xab90, 0xbbf1, 0xcc12, 0xcc12, 0xd433, 0xd433, 0xd453, 0xd453, 0xd433, 0xd433,
0xdc33, 0xdc54, 0xdc34, 0xdc34, 0xdc34, 0xdc35, 0xdc35, 0xdc56, 0xdc76, 0xdc56,
0xdc56, 0xcc55, 0xd4b6, 0xa3b2, 0x38c6, 0x1003, 0x1043, 0x0843, 0x0824, 0x0824,
0x1024, 0x1024, 0x1024, 0x1024, 0x1024, 0x1024, 0x1024, 0x1024, 0x1024, 0x1024,
0x1024, 0x1044, 0x1844, 0x28e7, 0x41aa, 0x41ca, 0x3148, 0x1885, 0x1885, 0x20a7,
0x3929, 0x49ab, 0x7af1, 0xc53c, 0xcd5e, 0xc51e, 0xc4fe, 0xd5ff, 0xa498, 0x1045,
0x1045, 0x1865, 0x1024, 0x0804, 0x1003, 0x4107, 0x828d, 0xab91, 0xbbb1, 0xbbb1,
0xbbd1, 0xc3d1, 0xc3f2, 0xc412, 0xcc33, 0xcc33, 0xcc33, 0xc3f2, 0xc3d2, 0xc3d2,
0xc3f2, 0xc3f2, 0xc3d1, 0xc3d1, 0xcc12, 0xcc12, 0xcc12, 0xcc33, 0xd433, 0xd433,
0xd453, 0xdc54, 0xdc74, 0xdc74, 0xdc54, 0xdc54, 0xdc74, 0xdc74, 0xdc74, 0xdc74,
0xdc74, 0xd474, 0xb3d2, 0x724c, 0x38e7, 0x1845, 0x1086, 0x18a7, 0x10a6, 0x1086,
0x1086, 0x1886, 0x1086, 0x18a6, 0x1086, 0x1887, 0x1086, 0x1086, 0x1887, 0x20c8,
0x1086, 0x1086, 0x20e8, 0x18c7, 0x18a7, 0x2108, 0x20e8, 0x18a7, 0x2909, 0x2909,
0x2109, 0x2909, 0x2929, 0x3129, 0x292a, 0x294b, 0x316b, 0x4169, 0x7acd, 0xbc52,
0xc452, 0xbc11, 0xc452, 0xcc52, 0xcc51, 0xcc51, 0xc411, 0xc411, 0xc431, 0xc432,
0xbc32, 0xbc12, 0xb3d0, 0xab6f, 0xa34f, 0x9b2f, 0x930e, 0x930f, 0x9b0e, 0x9b0e,
0xa32e, 0xa32f, 0xab4f, 0xab50, 0xab50, 0xab50, 0xb370, 0xb370, 0xb370, 0xb370,
0xb391, 0xb3b1, 0xab70, 0xab70, 0xa370, 0x92ef, 0x92ef, 0x9b51, 0xa351, 0xa351,
0xabd2, 0xa3d2, 0x8b2f, 0x8b50, 0x82f0, 0x7aef, 0x72cf, 0x7b10, 0x8330, 0x8330,
0x7acf, 0x72cf, 0x8b52, 0xb497, 0xe5fd, 0xf65e, 0xf63f, 0xfe9f, 0xfe5f, 0xccb9,
0xbbd4, 0xbbb3, 0xbb72, 0xb371, 0xb391, 0xb371, 0xb371, 0xb371, 0xb351, 0xab51,
0xab71, 0xa350, 0xa350, 0xa330, 0xa330, 0xa330, 0xa330, 0xa330, 0xa330, 0xa330,
0xa330, 0xa330, 0xa351, 0xa351, 0xab72, 0xab72, 0xab92, 0xab92, 0xb392, 0xb392,
0xb3b3, 0xbbd3, 0xbbd3, 0xbbf4, 0xc414, 0xc3f4, 0xc3f5, 0xcc15, 0xcc16, 0xcc36,
0xcc37, 0xd457, 0xd477, 0xdc98, 0xdcd8, 0xdcd8, 0xdcf9, 0xe539, 0xe55a, 0xe57a,
0xe59b, 0xe59b, 0xe5bc, 0xeddc, 0xeddd, 0xedfe, 0xfe5f, 0xfe7f, 0xdd3b, 0xd4da,
0xd4fa, 0xdd1b, 0xdd3b, 0xdd3b, 0xdd5c, 0xdd7c, 0xdd9c, 0xe5bd, 0xe5bd, 0xe5bd,
0xedbd, 0xe5dd, 0xee5e, 0xff9f, 0xee9e, 0xf5bf, 0xf5bf, 0xee1f, 0xf61e, 0xfdff,

0xbbb3, 0xbbb4, 0xbbd4, 0xbbb3, 0xb373, 0xb352, 0xb372, 0xbbb4, 0xbbb4, 0xc3f5,
0xcc15, 0xc415, 0xcc15, 0xc415, 0xc3f4, 0xbbd4, 0xbbd4, 0xc3f4, 0xc3f5, 0xbbd4,
0xb3d3, 0xab93, 0x9b72, 0x82ef, 0x724d, 0x61eb, 0x3907, 0x3107, 0x3148, 0x2906,
0x20a5, 0x3948, 0x4168, 0x49a9, 0x520a, 0x49a8, 0x4167, 0x726b, 0x930e, 0x9b2e,
0xab6f, 0xbbd1, 0xc3f1, 0xcc12, 0xcc33, 0xd433, 0xd453, 0xd474, 0xdc54, 0xdc54,
0xdc33, 0xdc54, 0xdc54, 0xdc54, 0xdc55, 0xdc55, 0xdc55, 0xdc76, 0xdc76, 0xdc76,
0xe476, 0xdc76, 0xd456, 0xd496, 0xbc55, 0x5989, 0x1002, 0x1023, 0x0824, 0x0824,
0x0824, 0x1024, 0x1024, 0x1024, 0x1024, 0x1024, 0x1024, 0x1024, 0x1024, 0x1024,
0x1865, 0x1865, 0x1865, 0x28c6, 0x41aa, 0x41aa, 0x2907, 0x1865, 0x1865, 0x20a6,
0x3108, 0x28c7, 0x28c8, 0xa478, 0xac9a, 0x72b4, 0xbcfd, 0xde1f, 0x49ed, 0x0824,
0x0844, 0x0823, 0x1003, 0x3085, 0x726c, 0xa391, 0xab90, 0xb390, 0xbbb1, 0xbbb1,
0xbbb1, 0xc3d1, 0xc3f2, 0xc3f2, 0xcc32, 0xcc33, 0xc3f2, 0xc3b1, 0xbbb1, 0xbbb1,
0xbbb1, 0xc3d1, 0xc3b1, 0xc3d1, 0xcc12, 0xcbf2, 0xcc12, 0xcc12, 0xd413, 0xd433,
0xd453, 0xd453, 0xdc54, 0xd453, 0xd453, 0xd453, 0xdc54, 0xdc74, 0xdc74, 0xdc74,
0xdc94, 0xd474, 0xd474, 0xbc33, 0x9b71, 0x59ea, 0x28a6, 0x1886, 0x1886, 0x1086,
0x1086, 0x1066, 0x1066, 0x1886, 0x1086, 0x1887, 0x1086, 0x1066, 0x1887, 0x18c7,
0x1066, 0x1887, 0x20e8, 0x18a7, 0x18a7, 0x20e8, 0x20e8, 0x1887, 0x2909, 0x20e9,
0x20e9, 0x2109, 0x2909, 0x390a, 0x310b, 0x292b, 0x314b, 0x396a, 0x4169, 0x6a0b,
0xabf2, 0xbc73, 0xbc31, 0xc431, 0xc410, 0xc431, 0xc431, 0xbc31, 0xbc51, 0xbc31,
0xbc11, 0xb3f1, 0xabb0, 0xa34f, 0x9b2e, 0x930e, 0x8aad, 0x8acd, 0x8ace, 0x92ce,
0x92ee, 0x9aee, 0x9b0e, 0xa30f, 0xa30f, 0xa32f, 0xa32f, 0xa330, 0xa330, 0xab50,
0xab71, 0xab71, 0xab91, 0xab91, 0xa371, 0xa371, 0x92cf, 0x930f, 0x9b51, 0x9310,
0x9330, 0x9b71, 0x9370, 0x830f, 0x82f0, 0x7acf, 0x6a8e, 0x72cf, 0x8351, 0x8b31,
0x8b30, 0x82ef, 0x7aef, 0x8b10, 0x8b31, 0xa3d4, 0xd53a, 0xf6bf, 0xf65e, 0xbc36,
0xbbd4, 0xbb93, 0xc392, 0xb371, 0xb371, 0xab71, 0xab71, 0xab71, 0xab51, 0xab51,
0xab71, 0xa350, 0xa350, 0xa330, 0xa330, 0x9b0f, 0xa310, 0xa330, 0xa310, 0xa330,
0xa330, 0xa330, 0xa351, 0xa351, 0xab71, 0xab72, 0xab92, 0xab92, 0xb392, 0xb392,
0xb3b3, 0xbbd3, 0xbbd3, 0xbbf4, 0xc414, 0xc3f4, 0xc3f4, 0xcc15, 0xcc16, 0xcc36,
0xcc36, 0xd457, 0xd477, 0xdc98, 0xdcd8, 0xdcf9, 0xe519, 0xe53a, 0xe55a, 0xe57a,
0xe59b, 0xe59b, 0xe5bc, 0xedbc, 0xeddd, 0xf61f, 0xfe7f, 0xfe5f, 0xd51b, 0xd4da,
0xd4fa, 0xdd1b, 0xdd3b, 0xdd3b, 0xdd5c, 0xdd7c, 0xdd9c, 0xe5bd, 0xe5bd, 0xe5bd,
0xeddd, 0xe5dd, 0xee3e, 0xff9f, 0xf6df, 0xed9f, 0xf5df, 0xf63f, 0xee1e, 0xf5ff,

0xb373, 0xbb93, 0xc3d4, 0xcc15, 0xc415, 0xc3d4, 0xbbd4, 0xbbb4, 0xc3f4, 0xcc36,
0xcc36, 0xcc56, 0xd456, 0xcc36, 0xcc36, 0xcc15, 0xcc35, 0xcc15, 0xcc15, 0xc3f5,
0xc3f5, 0xc3f5, 0xbbf4, 0xab93, 0x9b11, 0x8aef, 0x728e, 0x49aa, 0x3127, 0x3128,
0x28c6, 0x28a6, 0x49a9, 0x4168, 0x520a, 0x51ea, 0x4126, 0x726c, 0x9b4f, 0xa36f,
0xab90, 0xbbd1, 0xc3f1, 0xcc12, 0xd433, 0xd453, 0xd453, 0xd474, 0xdc54, 0xdc54,
0xdc53, 0xdc54, 0xdc54, 0xdc75, 0xdc75, 0xdc75, 0xdc76, 0xdc76, 0xdc96, 0xdc76,
0xe476, 0xe456, 0xe476, 0xdc56, 0xd496, 0xcc96, 0x720c, 0x2003, 0x1003, 0x1023,
0x0824, 0x1024, 0x1024, 0x1024, 0x1024, 0x1024, 0x1024, 0x1024, 0x1024, 0x1044,
0x1885, 0x1865, 0x1844, 0x20a6, 0x2907, 0x3989, 0x20c6, 0x1024, 0x1044, 0x1885,
0x18a6, 0x1886, 0x1866, 0x418b, 0x7b33, 0x8bd7, 0xd5df, 0xacba, 0x1046, 0x1023,
0x0802, 0x1884, 0x51a8, 0x930e, 0xa390, 0xab90, 0xb38f, 0xb36f, 0xbb90, 0xb390,
0xbbb0, 0xbbd1, 0xc3f2, 0xc412, 0xc3f2, 0xc3d1, 0xc3b1, 0xbb90, 0xbb90, 0xbb90,
0xbb91, 0xbbb1, 0xc3b1, 0xc3d1, 0xcbf2, 0xcbf2, 0xcbf2, 0xcbf2, 0xcc12, 0xd433,
0xd433, 0xd433, 0xd453, 0xd453, 0xd453, 0xdc54, 0xdc54, 0xdc74, 0xdc74, 0xdc74,
0xdc74, 0xdc73, 0xd453, 0xcc33, 0xbc33, 0xa391, 0x720b, 0x28a6, 0x2086, 0x18a6,
0x1085, 0x1086, 0x1066, 0x1866, 0x1887, 0x1086, 0x1086, 0x1066, 0x1086, 0x18a7,
0x1066, 0x18a7, 0x2108, 0x1086, 0x18a7, 0x20e8, 0x18a7, 0x1887, 0x2909, 0x20e8,
0x20e9, 0x20e8, 0x2909, 0x38eb, 0x30eb, 0x290b, 0x314b, 0x316a, 0x398a, 0x4149,
0x51ca, 0x9390, 0xabf1, 0xbc31, 0xc451, 0xbbf0, 0xc412, 0xc412, 0xbbf1, 0xbbf1,
0xbbd1, 0xb390, 0xa390, 0x9b4f, 0x930e, 0x8acd, 0x7a6c, 0x7a4c, 0x7a8d, 0x82ad,
0x8aad, 0x8ace, 0x8ace, 0x92ce, 0x92ce, 0x92ce, 0x92ee, 0x92ce, 0x9aef, 0xa350,
0xa350, 0xa32f, 0xa350, 0x92ef, 0xa371, 0xa371, 0x9b51, 0x8acf, 0x8aef, 0x9330,
0x8af0, 0x8b30, 0x9b92, 0x8b30, 0x8b31, 0x7aef, 0x6a8e, 0x72cf, 0x8351, 0x9bb3,
0x8b51, 0x8b2f, 0x830f, 0x8310, 0x8b30, 0x8b30, 0x72af, 0x93b3, 0xb496, 0xb435,
0xb3f4, 0xbb92, 0xb371, 0xb371, 0xab71, 0xab71, 0xab51, 0xab51, 0xab50, 0xab50,
0xa350, 0xa350, 0xa350, 0xa330, 0xa330, 0xa330, 0xa330, 0xa330, 0xa330, 0xa330,
0xa330, 0xa330, 0xa330, 0xa351, 0xa351, 0xab71, 0xab92, 0xab92, 0xb392, 0xb392,
0xb3b3, 0xbbd3, 0xbbd3, 0xbbf4, 0xc414, 0xc3f4, 0xc414, 0xcc15, 0xcc15, 0xcc36,
0xcc36, 0xd457, 0xd477, 0xdcb8, 0xdcd8, 0xdcf9, 0xe519, 0xe53a, 0xe55a, 0xe57a,
0xe57b, 0xe59c, 0xe5bc, 0xeddd, 0xeddd, 0xf61f, 0xfe9f, 0xf61e, 0xd4fa, 0xd4da,
0xd51b, 0xdd1b, 0xdd3b, 0xdd3b, 0xdd5c, 0xdd7c, 0xdd9c, 0xdd9d, 0xe5bd, 0xe5bd,
0xe5bd, 0xe5dd, 0xe61d, 0xff9f, 0xf71f, 0xedde, 0xf5ff, 0xee3f, 0xee1e, 0xf5ff,

0xc3f4, 0xc3f5, 0xc415, 0xcc15, 0xcc36, 0xcc36, 0xcc35, 0xcc15, 0xc3d4, 0xc3d4,
0xcc35, 0xd456, 0xd456, 0xcc36, 0xd456, 0xd456, 0xd456, 0xcc36, 0xcc15, 0xd436,
0xd456, 0xd456, 0xcc36, 0xc415, 0xb3b3, 0xab72, 0x9331, 0x728e, 0x51eb, 0x4169,
0x3949, 0x28a6, 0x4148, 0x51ea, 0x4188, 0x72ad, 0x726c, 0x8acd, 0xa34f, 0xabb0,
0xb3d0, 0xbbf1, 0xc412, 0xd433, 0xd433, 0xd453, 0xd453, 0xd454, 0xdc54, 0xdc54,
0xdc54, 0xdc54, 0xdc74, 0xdc75, 0xdc75, 0xdc96, 0xe496, 0xdc96, 0xdc96, 0xdc76,
0xe476, 0xe476, 0xe476, 0xe496, 0xdc76, 0xd455, 0xdcd7, 0x92ef, 0x2844, 0x1003,
0x1044, 0x1024, 0x1024, 0x1024, 0x1024, 0x1024, 0x1024, 0x0803, 0x1024, 0x1885,
0x2085, 0x1865, 0x1024, 0x1844, 0x1024, 0x20c6, 0x20a6, 0x1024, 0x1024, 0x1886,
0x20c7, 0x1885, 0x20c7, 0x1866, 0x418c, 0xb4fb, 0xd5be, 0x5a4f, 0x0803, 0x1022,
0x3906, 0x7acd, 0x9b4f, 0xa34f, 0xab6f, 0xab6f, 0xb36f, 0xb34f, 0xb36f, 0xb390,
0xbbb1, 0xbbb1, 0xbbd1, 0xbbd1, 0xbbb1, 0xbbb1, 0xbb90, 0xbb70, 0xb370, 0xbb70,
0xbb90, 0xbb90, 0xc391, 0xc3b1, 0xcbd1, 0xcbd2, 0xcbf2, 0xcc12, 0xcc12, 0xd413,
0xd413, 0xd433, 0xd433, 0xd433, 0xd453, 0xd453, 0xdc54, 0xdc74, 0xdc74, 0xdc74,
0xdc74, 0xdc74, 0xdc53, 0xd433, 0xc413, 0xbbb2, 0xa30f, 0x5169, 0x2045, 0x18a6,
0x10a6, 0x1086, 0x1066, 0x1866, 0x1887, 0x1086, 0x1887, 0x1066, 0x1086, 0x18a7,
0x1066, 0x1887, 0x20e8, 0x1066, 0x18a7, 0x20e8, 0x1087, 0x18a7, 0x20e8, 0x20e8,
0x20e8, 0x20e8, 0x292a, 0x30ea, 0x28ea, 0x290a, 0x292a, 0x312a, 0x314a, 0x3149,
0x3969, 0x3969, 0x49a9, 0x7acd, 0x938f, 0xa3b1, 0xb3b2, 0xb3f2, 0xbbf2, 0xbbf2,
0xbbd2, 0xab70, 0x9b4f, 0x932f, 0x8aee, 0x82ad, 0x722b, 0x6a0b, 0x6a2c, 0x724c,
0x7a6d, 0x7a6d, 0x828d, 0x826d, 0x7a6d, 0x7a6d, 0x828d, 0x8ace, 0x92ef, 0x930f,
0x8aef, 0x92ef, 0x9b50, 0x8aae, 0x9330, 0xa3b2, 0x9b92, 0x9371, 0x8b30, 0x8b10,
0x82ef, 0x8b10, 0x82ef, 0x82ef, 0x9351, 0x72cf, 0x6a6d, 0x72cf, 0x7b10, 0x9392,
0x9bb2, 0x9371, 0x8b30, 0x82ef, 0x82ef, 0x8330, 0x8331, 0x6a6e, 0x728e, 0x9351,
0x9b51, 0xa372, 0xab92, 0xab71, 0xab91, 0xab71, 0xa350, 0xa350, 0xa350, 0xa350,
0xab71, 0xa350, 0xa350, 0xa330, 0xa330, 0xa330, 0xa330, 0xa330, 0xa330, 0xa330,
0xa330, 0xa330, 0xa330, 0xa351, 0xa351, 0xab71, 0xab92, 0xab92, 0xb3b2, 0xb392,
0xb3b3, 0xbbd3, 0xbbd3, 0xbbf4, 0xc414, 0xc3f4, 0xc414, 0xcc15, 0xcc35, 0xcc36,
0xd456, 0xd477, 0xdc97, 0xdcb8, 0xdcd8, 0xdcf9, 0xe519, 0xe53a, 0xe55a, 0xe57b,
0xe57b, 0xe59c, 0xe5bc, 0xeddd, 0xeddd, 0xf61f, 0xfe9f, 0xeddd, 0xccda, 0xd4fa,
0xd4fb, 0xdd1b, 0xdd3b, 0xdd3b, 0xdd5c, 0xdd7c, 0xdd9c, 0xdd9d, 0xe5bd, 0xedbd,
0xe5bd, 0xe5dd, 0xe61d, 0xff7f, 0xff5f, 0xedde, 0xf61f, 0xee1f, 0xee1e, 0xf5ff,

0xcc36, 0xd456, 0xd456, 0xd456, 0xd456, 0xd456, 0xd456, 0xd456, 0xcc35, 0xc3d4,
0xbbb4, 0xcc15, 0xd456, 0xd456, 0xd456, 0xdc77, 0xdc77, 0xd456, 0xd456, 0xdc77,
0xd476, 0xd476, 0xd476, 0xcc56, 0xc415, 0xbbf5, 0xb3d5, 0x9332, 0x728e, 0x51cb,
0x51ab, 0x4169, 0x30c6, 0x4168, 0x51ea, 0x51c9, 0x9370, 0x9b50, 0xa34f, 0xb3d0,
0xb3d1, 0xc412, 0xcc32, 0xd433, 0xd433, 0xd453, 0xd474, 0xdc74, 0xdc74, 0xdc74,
0xdc74, 0xdc74, 0xdc74, 0xdc75, 0xdc75, 0xe4b6, 0xe4d7, 0xe4b7, 0xdcb6, 0xdc76,
0xe476, 0xe496, 0xdc96, 0xdcb6, 0xdc96, 0xdc76, 0xd455, 0xdcb7, 0xa3b2, 0x38a6,
0x1003, 0x1044, 0x1024, 0x1024, 0x1003, 0x1003, 0x1003, 0x1024, 0x1885, 0x1885,
0x1865, 0x1024, 0x1024, 0x1024, 0x1044, 0x1024, 0x1844, 0x1024, 0x1024, 0x1886,
0x41aa, 0x3108, 0x2085, 0x28c7, 0x2887, 0x9c37, 0xb51b, 0x1025, 0x1844, 0x4968,
0x82ac, 0x9b0f, 0xa32e, 0xa32e, 0xab4f, 0xab6f, 0xab4f, 0xab4f, 0xab4f, 0xb370,
0xb390, 0xbbb1, 0xbbb0, 0xb390, 0xbbb1, 0xbb90, 0xbb90, 0xb34f, 0xb34f, 0xbb4f,
0xbb6f, 0xbb70, 0xc370, 0xc391, 0xc391, 0xc3b1, 0xcbd2, 0xcbf2, 0xcbf2, 0xcbf2,
0xcbf2, 0xcbf2, 0xcc12, 0xcc13, 0xd433, 0xd433, 0xd433, 0xd453, 0xdc54, 0xdc54,
0xdc74, 0xdc54, 0xd454, 0xd434, 0xcc34, 0xc3d2, 0xb350, 0x7a6d, 0x28a6, 0x1885,
0x10a6, 0x10a7, 0x1867, 0x1847, 0x1887, 0x1086, 0x18a7, 0x1066, 0x1086, 0x18a7,
0x1066, 0x1086, 0x20c8, 0x1066, 0x18c7, 0x20c8, 0x1066, 0x20c8, 0x20c8, 0x20c8,
0x18c8, 0x20e8, 0x2929, 0x2109, 0x20e9, 0x3129, 0x314a, 0x312a, 0x312a, 0x2929,
0x2949, 0x2949, 0x2928, 0x3969, 0x3169, 0x49ca, 0x59eb, 0x624c, 0x728d, 0x7aee,
0x8b2f, 0x934f, 0x9b6f, 0x932f, 0x82ed, 0x7a8d, 0x6a2b, 0x59ca, 0x59ca, 0x620b,
0x6a2c, 0x6a2c, 0x720c, 0x720c, 0x720c, 0x724c, 0x7a6d, 0x7a8d, 0x82ad, 0x7a8d,
0x7a6c, 0x7a6c, 0x7a8d, 0x726d, 0x726d, 0x724d, 0x728e, 0x728e, 0x7aae, 0x8b10,
0x8b31, 0x8b30, 0x8b10, 0x82cf, 0x8b51, 0x7acf, 0x6aae, 0x628d, 0x6a4d, 0x82f0,
0x9bb3, 0x9351, 0x8b30, 0x9371, 0x8b51, 0x7af0, 0x7af0, 0x72af, 0x6a6e, 0x728f,
0x7af0, 0x7aaf, 0x7af0, 0x9b30, 0xab50, 0xab50, 0xa350, 0xa350, 0xa350, 0xa350,
0xa350, 0xa350, 0xa350, 0xa330, 0xa330, 0xa330, 0xa330, 0xa330, 0xa330, 0xa330,
0xa330, 0xa330, 0xa330, 0xa351, 0xa351, 0xab51, 0xab72, 0xab92, 0xb392, 0xb392,
0xb3b3, 0xbbd3, 0xbbd3, 0xbbf4, 0xc414, 0xc3f4, 0xc414, 0xcc14, 0xcc35, 0xcc55,
0xd456, 0xd477, 0xdc97, 0xdcb8, 0xdcd8, 0xdcf9, 0xe519, 0xe53a, 0xe55b, 0xe57b,
0xe57c, 0xe59c, 0xe5bd, 0xeddd, 0xedfe, 0xf63f, 0xfe9f, 0xe59d, 0xccda, 0xd4fa,
0xd4fa, 0xdd1b, 0xdd3b, 0xdd3b, 0xdd5c, 0xdd7c, 0xdd9c, 0xdd9d, 0xe5bd, 0xedbd,
0xeddd, 0xe5fd, 0xe61d, 0xff7f, 0xff9f, 0xedfe, 0xf5ff, 0xee3f, 0xee3f, 0xfe1f,

0xc3f5, 0xd456, 0xd476, 0xdc77, 0xdc77, 0xdc97, 0xdc97, 0xdc97, 0xd477, 0xd456,
0xc3f4, 0xc3d4, 0xcc36, 0xdc77, 0xdc77, 0xd477, 0xdc77, 0xdc77, 0xdc77, 0xdc97,
0xd497, 0xdcb7, 0xdcd8, 0xdcb7, 0xcc76, 0xcc56, 0xc436, 0xbbf5, 0x9b52, 0x7aaf,
0x61ec, 0x59eb, 0x4148, 0x28a5, 0x51ea, 0x51aa, 0x7a8d, 0xab91, 0xab90, 0xbbf1,
0xbbf1, 0xc3f2, 0xcc12, 0xcc33, 0xd453, 0xd474, 0xd474, 0xdc74, 0xdc74, 0xdc74,
0xdc54, 0xdc54, 0xd454, 0xdc54, 0xdc74, 0xe4b6, 0xe4d7, 0xe4b7, 0xe4b6, 0xdc96,
0xdc96, 0xdc95, 0xdc95, 0xd4b5, 0xdc96, 0xe496, 0xdc96, 0xdc76, 0xd4b7, 0xb3f4,
0x4108, 0x0803, 0x1824, 0x0823, 0x0823, 0x0803, 0x0803, 0x1024, 0x1865, 0x1044,
0x1024, 0x1024, 0x1844, 0x1024, 0x1044, 0x1044, 0x1024, 0x1024, 0x1023, 0x2085,
0x5a4d, 0x520b, 0x28c6, 0x28c7, 0x72d1, 0x6a70, 0x49ab, 0x2865, 0x6a2c, 0x82cd,
0x8a8c, 0x9acd, 0xa30e, 0xab4e, 0xab4f, 0xab4f, 0xab4f, 0xa32f, 0xab4f, 0xb34f,
0xbb90, 0xbbb1, 0xb370, 0xb34f, 0xbb90, 0xbb70, 0xbb4f, 0xb32f, 0xb32f, 0xb34f,
0xb34f, 0xbb70, 0xc370, 0xc390, 0xc390, 0xc391, 0xc3b1, 0xcbb1, 0xc3d1, 0xcbd2,
0xcbf2, 0xcbf2, 0xcbf2, 0xcbf2, 0xd413, 0xd433, 0xd433, 0xd433, 0xd433, 0xd433,
0xd433, 0xd434, 0xd433, 0xcc13, 0xcc13, 0xc3d2, 0xb371, 0x92ef, 0x5169, 0x1865,
0x10a6, 0x10a7, 0x1887, 0x1046, 0x1086, 0x1086, 0x18a7, 0x1066, 0x1066, 0x18a7,
0x1066, 0x1887, 0x18c7, 0x1066, 0x20c8, 0x18c7, 0x1066, 0x20c8, 0x20c8, 0x18c8,
0x18a7, 0x2909, 0x2929, 0x20e8, 0x20e8, 0x2929, 0x2929, 0x2909, 0x2909, 0x2109,
0x2109, 0x18e8, 0x2929, 0x316a, 0x296a, 0x2949, 0x316a, 0x3169, 0x3169, 0x3969,
0x3989, 0x41ca, 0x59ca, 0x620b, 0x624c, 0x624c, 0x59eb, 0x49aa, 0x518a, 0x51aa,
0x59cb, 0x61eb, 0x620c, 0x6a4d, 0x724d, 0x724c, 0x6a0b, 0x69eb, 0x6a0b, 0x722c,
0x724c, 0x728d, 0x728d, 0x72ad, 0x72ad, 0x72ae, 0x6a8d, 0x6a6d, 0x726d, 0x726d,
0x728e, 0x82cf, 0x8b31, 0x7acf, 0x72ae, 0x8310, 0x7aef, 0x6a8e, 0x624d, 0x622c,
0x8310, 0x9b72, 0xa3d3, 0x9372, 0x8b31, 0x8b31, 0x8b31, 0x82f0, 0x7aaf, 0x728e,
0x72af, 0x72cf, 0x6a8e, 0x726e, 0x82af, 0x9330, 0x9b51, 0xa350, 0xa350, 0xa32f,
0xa30f, 0xa32f, 0xa330, 0xa330, 0xa330, 0xa330, 0xa330, 0xa330, 0xa330, 0xa330,
0xa330, 0xa330, 0xa330, 0xa351, 0xa351, 0xab51, 0xab71, 0xab92, 0xb392, 0xb392,
0xb3b3, 0xbbd3, 0xbbd3, 0xbbf4, 0xc414, 0xc3f4, 0xc414, 0xcc14, 0xcc35, 0xcc56,
0xd456, 0xd477, 0xdc97, 0xdcb8, 0xdcd8, 0xdcf9, 0xe519, 0xe53a, 0xe55b, 0xe55b,
0xe57c, 0xed9c, 0xedbd, 0xedbe, 0xedfe, 0xf63f, 0xfe9f, 0xe55c, 0xccba, 0xd4da,
0xdcfb, 0xdcfb, 0xdd1b, 0xdd3c, 0xdd5c, 0xdd7c, 0xdd9d, 0xdd9d, 0xe5bd, 0xe5bd,
0xeddd, 0xe5dd, 0xee1e, 0xff1f, 0xffbf, 0xee3e, 0xedff, 0xee1f, 0xee1f, 0xfe1f,

0xc3f4, 0xcc36, 0xd456, 0xdc77, 0xdc77, 0xdc77, 0xdc97, 0xdc97, 0xdc97, 0xdc77,
0xd436, 0xcc15, 0xcc15, 0xd456, 0xdc97, 0xdc97, 0xdc97, 0xdc97, 0xdc97, 0xd497,
0xdcd8, 0xdcd8, 0xe4f9, 0xe4f9, 0xdcb8, 0xd4b8, 0xd498, 0xcc36, 0xbbd4, 0xa352,
0x7a8f, 0x61eb, 0x5a2b, 0x3106, 0x30c6, 0x59eb, 0x6a2b, 0x9b4f, 0xb3f1, 0xbbd2,
0xcc12, 0xcc13, 0xd433, 0xd454, 0xd494, 0xd494, 0xdc94, 0xdc95, 0xdc95, 0xdc74,
0xd434, 0xcbd2, 0xcbd2, 0xd412, 0xe474, 0xecd6, 0xed18, 0xed18, 0xdc75, 0xdc96,
0xdc75, 0xdc95, 0xdc95, 0xdc95, 0xdc75, 0xdc95, 0xdc96, 0xdc96, 0xd476, 0xd496,
0xc455, 0x598a, 0x1002, 0x1044, 0x0824, 0x0824, 0x1024, 0x1044, 0x1024, 0x1023,
0x1024, 0x1044, 0x1044, 0x1044, 0x1865, 0x1024, 0x1024, 0x1024, 0x1003, 0x2065,
0x520b, 0x4a0b, 0x20c6, 0x2086, 0x9416, 0x9bf7, 0x40c6, 0x722b, 0x8aee, 0x8aad,
0x92ad, 0x9ace, 0xa30e, 0xab2e, 0xab4f, 0xab4f, 0xab2e, 0xab2e, 0xab2f, 0xb34f,
0xbb70, 0xbb90, 0xbb90, 0xbb70, 0xbb70, 0xbb4f, 0xb32f, 0xb32f, 0xb32f, 0xb32f,
0xb34f, 0xbb4f, 0xbb70, 0xc390, 0xc370, 0xc391, 0xc391, 0xc3b1, 0xc3b1, 0xcbb1,
0xcbb1, 0xcbb1, 0xcbd2, 0xcbf2, 0xd3f2, 0xd3f2, 0xd3f2, 0xd3f2, 0xd413, 0xd413,
0xd433, 0xd434, 0xd433, 0xcc13, 0xcbf2, 0xc3d2, 0xb370, 0xa2ee, 0x7a4c, 0x28a6,
0x1086, 0x10a7, 0x1086, 0x1066, 0x1066, 0x1086, 0x1887, 0x1066, 0x1066, 0x18a7,
0x1046, 0x18a7, 0x18c7, 0x1066, 0x20c8, 0x18a7, 0x1087, 0x20c8, 0x18c8, 0x18a7,
0x18a7, 0x2929, 0x20e8, 0x18c8, 0x2109, 0x2909, 0x2909, 0x20e8, 0x20e8, 0x20e8,
0x20c8, 0x2108, 0x2929, 0x2929, 0x2929, 0x2909, 0x314a, 0x396a, 0x316a, 0x314a,
0x316a, 0x316a, 0x396a, 0x396a, 0x398a, 0x41aa, 0x41ab, 0x41ab, 0x49ab, 0x49ab,
0x498a, 0x498a, 0x498a, 0x498a, 0x51cb, 0x59cb, 0x59cb, 0x6a0c, 0x722c, 0x722c,
0x722c, 0x622b, 0x624c, 0x6a6c, 0x6a6c, 0x6a6c, 0x72ad, 0x72ae, 0x72ae, 0x72ae,
0x72ae, 0x6a6d, 0x7ace, 0x8330, 0x72ae, 0x7af0, 0x72ef, 0x624d, 0x6a6d, 0x622c,
0x728e, 0x8310, 0x9371, 0x8b30, 0x9351, 0x9b72, 0x9351, 0x9311, 0x9b92, 0x8b30,
0x82ef, 0x8330, 0x7aef, 0x6ab0, 0x626f, 0x6a6e, 0x7aaf, 0x9350, 0x9b4f, 0x9b2f,
0x9b0f, 0x9b0f, 0x9b2f, 0xa32f, 0xa32f, 0xa32f, 0xa330, 0xa330, 0xa330, 0xa330,
0x9b30, 0x9b30, 0xa330, 0xa330, 0xa351, 0xab51, 0xab71, 0xab91, 0xb392, 0xb392,
0xb3b2, 0xbbd3, 0xbbd3, 0xbbf3, 0xc414, 0xc414, 0xc414, 0xcc15, 0xcc35, 0xcc55,
0xd476, 0xd476, 0xdc97, 0xdcb8, 0xdcd8, 0xe519, 0xe51a, 0xe53a, 0xe55a, 0xe55b,
0xed7c, 0xed9c, 0xed9d, 0xedbe, 0xedff, 0xf65f, 0xfe7f, 0xe4fc, 0xd49a, 0xdcdb,
0xdcdb, 0xdcfb, 0xdd1b, 0xdd3c, 0xdd5c, 0xdd7c, 0xdd9d, 0xdd9d, 0xe5bd, 0xe5bd,
0xe5dd, 0xe5dd, 0xf5ff, 0xfebf, 0xff7f, 0xf6ff, 0xe5fe, 0xf61f, 0xf5ff, 0xfe1f,

0xc415, 0xcc36, 0xd456, 0xd477, 0xdc77, 0xdc77, 0xdc97, 0xdc97, 0xdc77, 0xdc77,
0xdc77, 0xd436, 0xcc15, 0xd436, 0xd476, 0xdc97, 0xdc97, 0xdc97, 0xdcb8, 0xdcd8,
0xe4f9, 0xe4f9, 0xe519, 0xe53a, 0xe4f9, 0xdcf9, 0xdcf9, 0xdcb8, 0xcc57, 0xb3d4,
0x9b52, 0x7aaf, 0x5a2b, 0x49ca, 0x28a6, 0x3907, 0x620b, 0x7a8c, 0xabb0, 0xbbd1,
0xcc33, 0xd433, 0xdc74, 0xdc94, 0xd494, 0xdc94, 0xdc94, 0xdc74, 0xdc54, 0xdc54,
0xd433, 0xd413, 0xcbf2, 0xd3f2, 0xdc33, 0xdc34, 0xdc96, 0xed18, 0xd475, 0xdc75,
0xdc75, 0xdc95, 0xdc95, 0xdc95, 0xdc75, 0xdc95, 0xdc95, 0xdcb6, 0xdcb6, 0xd496,
0xd496, 0xd4d7, 0x724c, 0x1003, 0x1024, 0x1044, 0x1024, 0x1024, 0x1023, 0x1024,
0x1864, 0x1885, 0x1044, 0x1885, 0x1044, 0x0803, 0x0803, 0x1024, 0x1024, 0x28c7,
0x51eb, 0x3989, 0x2907, 0x28c7, 0x6a90, 0xc51a, 0x726c, 0x82ad, 0x8aee, 0x92ce,
0x92ad, 0x9aed, 0xa30e, 0xab2e, 0xab4f, 0xab4f, 0xab2e, 0xab2e, 0xab2f, 0xb34f,
0xbb70, 0xbb70, 0xbb70, 0xbb70, 0xbb70, 0xb34f, 0xb32f, 0xb30e, 0xb30e, 0xb32f,
0xb32f, 0xb32f, 0xbb50, 0xbb70, 0xbb70, 0xc390, 0xc391, 0xc391, 0xc391, 0xcbb1,
0xcbb1, 0xc3b1, 0xcbb1, 0xcbd1, 0xcbf2, 0xcbf2, 0xcbf2, 0xcbf2, 0xcbf2, 0xcbf2,
0xd412, 0xd413, 0xcc13, 0xcc13, 0xc3f2, 0xc3d2, 0xb391, 0xa30f, 0x8aae, 0x4989,
0x1866, 0x18a7, 0x1886, 0x1086, 0x1066, 0x1086, 0x1086, 0x1066, 0x1066, 0x1887,
0x1066, 0x18a7, 0x18a7, 0x1066, 0x20c8, 0x18a7, 0x18a7, 0x18a7, 0x18a8, 0x1887,
0x20c8, 0x2909, 0x18a7, 0x20c8, 0x2909, 0x2909, 0x2109, 0x20c8, 0x20c8, 0x20c8,
0x20c8, 0x2929, 0x2929, 0x2108, 0x2929, 0x20e8, 0x2909, 0x3129, 0x3149, 0x3129,
0x2929, 0x2929, 0x3129, 0x3149, 0x3149, 0x3149, 0x396a, 0x398a, 0x41aa, 0x49cb,
0x41ab, 0x49cb, 0x41aa, 0x3969, 0x418a, 0x59cb, 0x622c, 0x6a4d, 0x6a2c, 0x6a2c,
0x6a2c, 0x6a4c, 0x6a6d, 0x726d, 0x6a6d, 0x6a4c, 0x6a4c, 0x6a6d, 0x6a6d, 0x6a4d,
0x6a8e, 0x6a8d, 0x622c, 0x6a6d, 0x72af, 0x6a8e, 0x6a6e, 0x6a6e, 0x72cf, 0x622d,
0x620c, 0x6a6d, 0x82f0, 0x9392, 0x9b92, 0x9351, 0x8af0, 0x9351, 0x9b72, 0x8af0,
0x9351, 0x9392, 0x8b51, 0x9392, 0x7af0, 0x7acf, 0x6a2d, 0x6a4c, 0x8b30, 0x930f,
0x930f, 0x9b30, 0x9b0f, 0x9b30, 0xa310, 0xa310, 0xa330, 0xa330, 0xa310, 0xa310,
0xa310, 0xa310, 0xa330, 0xa330, 0xa351, 0xab51, 0xab71, 0xab91, 0xb392, 0xb392,
0xb3b2, 0xbbd3, 0xbbd3, 0xbbf3, 0xc414, 0xc414, 0xcc14, 0xcc35, 0xcc35, 0xd456,
0xd476, 0xdc96, 0xdc97, 0xdcd8, 0xdcf8, 0xe519, 0xe51a, 0xe53a, 0xe55a, 0xe55b,
0xed7c, 0xed9c, 0xed9d, 0xedbe, 0xedff, 0xfe5f, 0xfe3f, 0xdcdb, 0xd49a, 0xdcba,
0xd4ba, 0xd4db, 0xdcfb, 0xdd3c, 0xdd5c, 0xdd7c, 0xdd9d, 0xdd9d, 0xe5bd, 0xe5bd,
0xe5dd, 0xe5dd, 0xedde, 0xf65e, 0xf69e, 0xff3f, 0xee3e, 0xee3f, 0xf63f, 0xfe5f,

0xab72, 0xc435, 0xc435, 0xd476, 0xdc97, 0xdc97, 0xdc97, 0xdc97, 0xdc77, 0xdc77,
0xdc77, 0xdc56, 0xd436, 0xd436, 0xd456, 0xdc97, 0xdc97, 0xdc97, 0xe4d8, 0xe4f9,
0xe4f9, 0xe519, 0xe519, 0xed3a, 0xe519, 0xe519, 0xe53a, 0xe519, 0xdcb9, 0xcc57,
0xb3f5, 0xa3b4, 0x72ae, 0x51cb, 0x3948, 0x28a6, 0x3907, 0x622b, 0x930e, 0xb3b0,
0xc3f2, 0xcbd2, 0xd413, 0xd454, 0xd454, 0xd454, 0xd454, 0xd433, 0xdc33, 0xdc33,
0xd3f2, 0xcbd2, 0xcbb2, 0xcbd2, 0xd413, 0xdc34, 0xd455, 0xdcb7, 0xdcb6, 0xcc34,
0xdc95, 0xdc95, 0xdc95, 0xdc74, 0xdc95, 0xd495, 0xd495, 0xdcb6, 0xdcd6, 0xdcb6,
0xdc96, 0xdc76, 0xd4d7, 0x8aef, 0x1803, 0x0803, 0x1023, 0x1023, 0x1024, 0x1865,
0x20a6, 0x1865, 0x1024, 0x1885, 0x1044, 0x1024, 0x1003, 0x1003, 0x1044, 0x28c7,
0x3949, 0x28e7, 0x3949, 0x49cb, 0x494a, 0x82f0, 0x7a2c, 0x8acd, 0x92ee, 0x92ee,
0x92cd, 0x9aed, 0xa30e, 0xab2e, 0xab4f, 0xab4f, 0xab2f, 0xab2e, 0xab2f, 0xb34f,
0xbb70, 0xb34f, 0xbb70, 0xbb70, 0xb34f, 0xb34f, 0xb30e, 0xab0e, 0xab0e, 0xab0e,
0xab0e, 0xb32f, 0xbb2f, 0xbb4f, 0xbb50, 0xc370, 0xc390, 0xc391, 0xc391, 0xc3b1,
0xc3b1, 0xc391, 0xc3b1, 0xcbb1, 0xcbd1, 0xcbd2, 0xcbd2, 0xcbd2, 0xcbd2, 0xcbd2,
0xcbf2, 0xcbf2, 0xcbf3, 0xcbf2, 0xc3d2, 0xc3d2, 0xb391, 0xab30, 0x8aae, 0x6a4c,
0x28c6, 0x1886, 0x1886, 0x1887, 0x1066, 0x1887, 0x1086, 0x1086, 0x1066, 0x1887,
0x1066, 0x18a7, 0x18a7, 0x1086, 0x18c7, 0x1887, 0x18a7, 0x18a7, 0x18a7, 0x1087,
0x2109, 0x20c8, 0x1087, 0x20e8, 0x2909, 0x20e9, 0x20c8, 0x18a7, 0x18a7, 0x18c7,
0x2108, 0x2909, 0x2108, 0x2108, 0x2909, 0x20e8, 0x2929, 0x2929, 0x2929, 0x2949,
0x2929, 0x2929, 0x2929, 0x2929, 0x2929, 0x3129, 0x3149, 0x314a, 0x3169, 0x318a,
0x318a, 0x398a, 0x41cb, 0x41eb, 0x41eb, 0x49cb, 0x51eb, 0x5a0c, 0x5a0b, 0x5a0b,
0x5a0b, 0x620c, 0x620c, 0x61eb, 0x59cb, 0x61eb, 0x620c, 0x620c, 0x5a2c, 0x5a2c,
0x5a0c, 0x624d, 0x6a8e, 0x6aae, 0x624d, 0x5a2d, 0x626e, 0x6a8e, 0x6a8e, 0x5a2d,
0x5a0c, 0x622c, 0x72cf, 0x8330, 0x8310, 0x82f0, 0x8b10, 0x9351, 0x9311, 0x8af0,
0x9b72, 0x9331, 0x9351, 0x8b10, 0x9371, 0xa3d3, 0x8310, 0x7aaf, 0x7af0, 0x830f,
0x8b2f, 0x9350, 0x9350, 0x9b10, 0x9b10, 0xa310, 0x9b30, 0x9b30, 0x9b10, 0xa310,
0xa310, 0xa310, 0xa310, 0xa330, 0xa351, 0xab51, 0xab71, 0xab91, 0xb392, 0xb392,
0xb3b2, 0xbbd3, 0xbbd3, 0xbbf3, 0xc414, 0xc414, 0xcc34, 0xcc35, 0xcc55, 0xd476,
0xd476, 0xdc96, 0xdcb7, 0xdcd8, 0xdcf8, 0xe519, 0xe519, 0xe53a, 0xe55a, 0xe55b,
0xed7c, 0xed9c, 0xed9d, 0xedbe, 0xedde, 0xfe5f, 0xf5de, 0xd49a, 0xdc9a, 0xdc9a,
0xd4ba, 0xd4ba, 0xdcfb, 0xdd1b, 0xdd3c, 0xdd5c, 0xdd9d, 0xe59d, 0xe5bd, 0xe5dd,
0xe5dd, 0xe5dd, 0xeddd, 0xee1e, 0xe5fd, 0xfeff, 0xf67e, 0xee1e, 0xee7f, 0xf6bf,

0x722c, 0xa372, 0xc435, 0xcc35, 0xd497, 0xdc97, 0xe497, 0xdc97, 0xdc77, 0xdc77,
0xdc77, 0xdc77, 0xd456, 0xcc36, 0xd436, 0xdc77, 0xdcb7, 0xdc77, 0xe4d8, 0xe4f9,
0xe519, 0xe519, 0xe519, 0xe519, 0xe519, 0xdd19, 0xdd39, 0xe4f9, 0xdcd9, 0xd499,
0xcc78, 0xb3f6, 0x9b94, 0x6a4e, 0x4169, 0x30e7, 0x2885, 0x4969, 0x82ce, 0xa370,
0xbbb2, 0xc3b2, 0xcbd3, 0xd414, 0xd414, 0xd435, 0xd434, 0xd414, 0xd413, 0xd3f2,
0xcbb1, 0xc392, 0xc392, 0xcbb2, 0xd413, 0xdc55, 0xdc76, 0xe4f8, 0xe518, 0xcc54,
0xd434, 0xdc75, 0xdc75, 0xdc54, 0xd474, 0xd474, 0xd454, 0xdc75, 0xdc75, 0xdc96,
0xe476, 0xe476, 0xdc76, 0xdcd7, 0x9350, 0x2044, 0x1002, 0x1024, 0x2085, 0x20a5,
0x1885, 0x1044, 0x1044, 0x1885, 0x1844, 0x1024, 0x1024, 0x1003, 0x1865, 0x20c6,
0x3107, 0x20a6, 0x49ca, 0x5a4c, 0x51aa, 0x722c, 0x8aad, 0x92ee, 0x9aee, 0x9aee,
0x92ed, 0x9aed, 0xa32e, 0xab2f, 0xab4f, 0xab2f, 0xab2f, 0xab4f, 0xab4f, 0xb34f,
0xbb70, 0xbb4f, 0xbb4f, 0xbb70, 0xb34f, 0xb32f, 0xab0e, 0xab0e, 0xab0e, 0xab0e,
0xab0e, 0xb30e, 0xb32f, 0xbb2f, 0xbb50, 0xbb50, 0xbb70, 0xc390, 0xc390, 0xc390,
0xc391, 0xc391, 0xc391, 0xc391, 0xc3b1, 0xcbb1, 0xcbb1, 0xcbb1, 0xcbb1, 0xcbd2,
0xcbf2, 0xcbd2, 0xc3d2, 0xc3d2, 0xc3d2, 0xbbb1, 0xb370, 0xa330, 0x92ce, 0x726c,
0x4148, 0x1865, 0x1886, 0x1087, 0x1086, 0x1887, 0x18a7, 0x18a7, 0x18a7, 0x18a7,
0x18a7, 0x18a7, 0x1887, 0x1887, 0x18a7, 0x1887, 0x1887, 0x18a7, 0x1887, 0x18a7,
0x2909, 0x1887, 0x1887, 0x20e8, 0x20e9, 0x20e8, 0x18a8, 0x18a7, 0x20c8, 0x20e8,
0x2108, 0x2109, 0x2108, 0x2909, 0x2108, 0x20e8, 0x2909, 0x2929, 0x2909, 0x2929,
0x2929, 0x2929, 0x2909, 0x2929, 0x2929, 0x2929, 0x2929, 0x314a, 0x2949, 0x2969,
0x3169, 0x316a, 0x318a, 0x318a, 0x398a, 0x398a, 0x41ab, 0x41cb, 0x41ab, 0x49ca,
0x51eb, 0x51eb, 0x59eb, 0x59eb, 0x59eb, 0x59eb, 0x5a0c, 0x5a0c, 0x5a2d, 0x5a2c,
0x520c, 0x5a2c, 0x626e, 0x6acf, 0x626e, 0x49cb, 0x51ec, 0x5a4d, 0x5a2d, 0x72cf,
0x72ef, 0x72f0, 0x72cf, 0x72af, 0x624d, 0x6a4e, 0x82f0, 0x8b31, 0x8310, 0x8b51,
0x9351, 0x8b10, 0x9331, 0x8b10, 0x9350, 0x9351, 0x9392, 0x9392, 0x8331, 0x7aef,
0x7aef, 0x8310, 0x9b92, 0x9b51, 0x9310, 0x9b10, 0x930f, 0x9310, 0x9b10, 0x9b10,
0x9b10, 0xa310, 0xa310, 0xa330, 0xa330, 0xa351, 0xab71, 0xab71, 0xab92, 0xb392,
0xb3b2, 0xbbb2, 0xbbd3, 0xbbf3, 0xc414, 0xc414, 0xcc34, 0xcc34, 0xcc55, 0xd455,
0xd475, 0xdc96, 0xdcb7, 0xdcd7, 0xdcf8, 0xe519, 0xe539, 0xe53a, 0xe53a, 0xed5b,
0xed7c, 0xed9d, 0xedbe, 0xedbe, 0xedde, 0xfe5f, 0xed9d, 0xd47a, 0xdc9a, 0xdc9a,
0xdcba, 0xd4ba, 0xdcdb, 0xdd1b, 0xdd3c, 0xdd5c, 0xdd7d, 0xe59d, 0xe5bd, 0xe5bd,
0xe5dd, 0xeddd, 0xedde, 0xedfe, 0xe5be, 0xf65f, 0xff1f, 0xee9e, 0xf6ff, 0xff1f,

0x598a, 0x69eb, 0xa392, 0xc456, 0xcc36, 0xdc97, 0xdc97, 0xdc97, 0xdc77, 0xdc77,
0xdc77, 0xdc77, 0xdc76, 0xd456, 0xd456, 0xd477, 0xdcb8, 0xdcb8, 0xdcb8, 0xdcb8,
0xe4f9, 0xe519, 0xe519, 0xe4f9, 0xe4f9, 0xdcf9, 0xdd19, 0xdcf9, 0xdcb9, 0xdc99,
0xd49a, 0xc438, 0xb3d6, 0x9312, 0x61ec, 0x4128, 0x3086, 0x38e8, 0x6a0c, 0x9b31,
0xbbd4, 0xc3b4, 0xcbb4, 0xd3f5, 0xd3f5, 0xd3f6, 0xd3f5, 0xcbd4, 0xcbb3, 0xcbb2,
0xcb71, 0xbb51, 0xc371, 0xcbb2, 0xd413, 0xdc55, 0xe4b7, 0xed39, 0xed58, 0xdcb6,
0xcc14, 0xdc75, 0xdc54, 0xdc34, 0xd413, 0xd433, 0xdc54, 0xdc34, 0xdc34, 0xe414,
0xdc34, 0xe455, 0xe475, 0xdc55, 0xdcd7, 0xa3b1, 0x2864, 0x1023, 0x20a6, 0x20c6,
0x20a6, 0x1024, 0x1844, 0x1865, 0x1044, 0x1024, 0x1003, 0x1024, 0x1865, 0x20a6,
0x28c6, 0x2908, 0x522c, 0x51ca, 0x620a, 0x7a6b, 0x92cd, 0x9b0e, 0x9b0e, 0x9b0e,
0x9b0d, 0x9b2e, 0xa34e, 0xab4f, 0xab4f, 0xab2e, 0xab2f, 0xab6f, 0xb370, 0xbb70,
0xbb70, 0xbb70, 0xbb4f, 0xbb70, 0xb34f, 0xb32f, 0xab0e, 0xab0e, 0xab0e, 0xab0e,
0xab0e, 0xb30e, 0xb30f, 0xbb2f, 0xbb4f, 0xbb4f, 0xbb70, 0xc370, 0xc370, 0xc390,
0xc391, 0xc391, 0xc391, 0xc391, 0xc391, 0xc3b1, 0xcbb1, 0xcbb1, 0xc3b1, 0xcbb1,
0xcbd2, 0xc3d2, 0xc3d2, 0xc3b2, 0xbbb1, 0xbb91, 0xb350, 0xa310, 0x92ce, 0x7a6c,
0x59ca, 0x2065, 0x1886, 0x1887, 0x1887, 0x18a7, 0x18a7, 0x18a7, 0x18a7, 0x18a7,
0x18a7, 0x18a7, 0x18a7, 0x18a7, 0x18c7, 0x18a7, 0x20c8, 0x1887, 0x1887, 0x20e8,
0x20e8, 0x1067, 0x20c8, 0x2109, 0x20c8, 0x18a7, 0x18a7, 0x20c8, 0x20e8, 0x20e8,
0x20e8, 0x2108, 0x2108, 0x2909, 0x2108, 0x20e8, 0x2109, 0x2129, 0x2129, 0x2929,
0x2929, 0x2929, 0x2909, 0x2909, 0x2929, 0x2909, 0x2909, 0x2929, 0x2929, 0x2949,
0x3149, 0x3149, 0x314a, 0x316a, 0x316a, 0x318a, 0x39ab, 0x39ab, 0x39ab, 0x41aa,
0x41aa, 0x41aa, 0x49aa, 0x49cb, 0x49cb, 0x49cb, 0x49eb, 0x49eb, 0x49ec, 0x49ec,
0x49ec, 0x49eb, 0x522c, 0x5a4d, 0x520c, 0x498b, 0x51ec, 0x5a2d, 0x5a2d, 0x5a2d,
0x520c, 0x626e, 0x6acf, 0x6aaf, 0x72cf, 0x624d, 0x5a0c, 0x6a8d, 0x7b0f, 0x8330,
0x7acf, 0x82f0, 0x8310, 0x8b51, 0x9392, 0x8b31, 0x9392, 0x8b51, 0x9392, 0x8b30,
0x8310, 0x7aef, 0x728e, 0x8b30, 0x9392, 0x8b30, 0x830f, 0x8b10, 0x9330, 0x9330,
0x9310, 0x9b10, 0x9b10, 0x9b10, 0xa330, 0xa330, 0xa351, 0xab71, 0xab92, 0xb392,
0xb3b2, 0xbbb2, 0xbbd3, 0xbbf3, 0xc414, 0xc414, 0xcc34, 0xcc55, 0xd475, 0xd475,
0xd495, 0xdcb6, 0xdcb6, 0xdcd7, 0xdcf7, 0xdcf8, 0xe519, 0xe539, 0xe53a, 0xed5b,
0xed7c, 0xed9d, 0xedbe, 0xedbe, 0xf5ff, 0xfe5f, 0xed3c, 0xd47a, 0xdc7a, 0xdc9a,
0xdc9a, 0xdcba, 0xdcdb, 0xdcfb, 0xdd3c, 0xdd5c, 0xe57d, 0xe59d, 0xe5bd, 0xe5bd,
0xe5dd, 0xeddd, 0xedde, 0xeddf, 0xe59f, 0xe5de, 0xff3f, 0xff5f, 0xff5f, 0xff9f,

0x6a0c, 0x5169, 0x69ec, 0xb3d3, 0xcc56, 0xcc36, 0xdc77, 0xdc97, 0xdc97, 0xdc97,
0xdc77, 0xdc77, 0xdc77, 0xd456, 0xd456, 0xd477, 0xdc97, 0xe4d8, 0xe4d8, 0xdcd8,
0xd477, 0xe4f9, 0xdcb8, 0xd497, 0xdcd8, 0xdcf8, 0xdcf9, 0xdcd9, 0xdcb9, 0xdc99,
0xcc59, 0xc439, 0xbbd7, 0xa354, 0x7a6f, 0x518a, 0x3086, 0x38a8, 0x596b, 0x8ab0,
0xb394, 0xc3b5, 0xcbb5, 0xd3f6, 0xd3f6, 0xd3d6, 0xcbb6, 0xcb94, 0xcb73, 0xc372,
0xc331, 0xbb51, 0xbb51, 0xcb92, 0xd3d3, 0xdc35, 0xe4b7, 0xed39, 0xed79, 0xe4f7,
0xd475, 0xdc54, 0xdc54, 0xdc34, 0xd3f2, 0xd3f2, 0xdbf3, 0xd371, 0xcb51, 0xd351,
0xc351, 0xcbb2, 0xdc34, 0xe475, 0xd455, 0xdcf7, 0xa3f2, 0x2085, 0x1023, 0x1864,
0x1885, 0x1044, 0x1024, 0x1044, 0x1024, 0x1024, 0x0803, 0x1024, 0x1885, 0x1885,
0x2086, 0x41aa, 0x49aa, 0x4969, 0x726b, 0x828b, 0x9b0e, 0xa32f, 0xa32e, 0xa32e,
0xa32e, 0xa34e, 0xab6f, 0xab6f, 0xab4f, 0xab2f, 0xab4f, 0xab6f, 0xb370, 0xbb90,
0xbb4f, 0xbb70, 0xbb70, 0xbb50, 0xb34f, 0xb32f, 0xab0e, 0xab0e, 0xab0e, 0xab0e,
0xab0e, 0xb30e, 0xb30f, 0xb32f, 0xbb2f, 0xbb2f, 0xbb50, 0xbb70, 0xc370, 0xc370,
0xc390, 0xc390, 0xc390, 0xc390, 0xc391, 0xc391, 0xc3b1, 0xc3b1, 0xc3b1, 0xc3b1,
0xc3b1, 0xc3b2, 0xc3b1, 0xbbb1, 0xbb91, 0xb370, 0xab50, 0xa30f, 0x92ce, 0x826c,
0x6a0a, 0x30c6, 0x1886, 0x18a7, 0x18a7, 0x18a7, 0x18a7, 0x18a7, 0x18a7, 0x18a7,
0x18a7, 0x18a7, 0x18a7, 0x18c7, 0x20c8, 0x20e8, 0x20e8, 0x20c8, 0x18a7, 0x20e8,
0x18a8, 0x1887, 0x20c8, 0x20e8, 0x18c8, 0x1887, 0x20c8, 0x20e8, 0x20c8, 0x20c8,
0x20e8, 0x20e8, 0x2108, 0x2909, 0x2108, 0x2108, 0x2108, 0x2109, 0x2129, 0x2109,
0x2109, 0x2109, 0x2109, 0x2109, 0x2909, 0x2109, 0x2109, 0x2909, 0x2909, 0x2909,
0x2929, 0x2929, 0x3129, 0x314a, 0x314a, 0x296a, 0x318a, 0x318b, 0x39ab, 0x39aa,
0x39aa, 0x398a, 0x398a, 0x398a, 0x41aa, 0x41cb, 0x41ca, 0x41cb, 0x41cb, 0x41aa,
0x41ab, 0x41ab, 0x49ec, 0x49ec, 0x51ec, 0x416a, 0x418b, 0x49cb, 0x49cb, 0x49cb,
0x49ec, 0x49ec, 0x520c, 0x5a2d, 0x6aaf, 0x72f0, 0x6a8e, 0x51eb, 0x5a4c, 0x624d,
0x6aae, 0x72cf, 0x7aef, 0x8331, 0x8331, 0x8b51, 0x8b51, 0x9351, 0x9351, 0x8b30,
0x9372, 0x8b31, 0x82f0, 0x6a6d, 0x7af0, 0x93b2, 0x8b71, 0x8330, 0x8b30, 0x8b30,
0x9330, 0x9310, 0x92f0, 0x9b0f, 0x9b10, 0xa330, 0xa350, 0xab71, 0xab92, 0xb392,
0xb3b2, 0xbbb3, 0xbbd3, 0xc3f3, 0xc414, 0xc414, 0xcc34, 0xd475, 0xd475, 0xd475,
0xd496, 0xdcb6, 0xdcb6, 0xdcd7, 0xdcf7, 0xdcf8, 0xdd18, 0xe539, 0xe53a, 0xed5b,
0xed7c, 0xed9d, 0xedbe, 0xedbe, 0xf5ff, 0xfe5f, 0xdcfb, 0xd479, 0xdc7a, 0xdc7a,
0xdc9a, 0xdcba, 0xdcdb, 0xdcfb, 0xdd3c, 0xdd5c, 0xe57d, 0xe59d, 0xe5bd, 0xe5bd,
0xe5dd, 0xedde, 0xedde, 0xeddf, 0xedbf, 0xedde, 0xee7d, 0xff9f, 0xffbf, 0xffff,

0x9311, 0x6a0c, 0x5169, 0x722d, 0xb3f4, 0xcc35, 0xd436, 0xe477, 0xdc97, 0xdc97,
0xdc97, 0xdc76, 0xdc77, 0xdc77, 0xd457, 0xd457, 0xdc98, 0xdcd8, 0xdcb8, 0xe4d9,
0xd457, 0xd497, 0xcc77, 0xbbf5, 0xc435, 0xd4b8, 0xd4d9, 0xcc98, 0xcc99, 0xcc79,
0xc439, 0xc418, 0xbbb7, 0xb376, 0x92f2, 0x720e, 0x40e8, 0x40e8, 0x598b, 0x722e,
0x9b32, 0xbbd5, 0xc3d6, 0xcbd6, 0xcbd6, 0xc3d6, 0xc3b6, 0xc3b5, 0xbb74, 0xb332,
0xb312, 0xbb32, 0xbb52, 0xcb73, 0xd3b4, 0xdc35, 0xe4b7, 0xed39, 0xe4f9, 0xe4f8,
0xdc96, 0xdc75, 0xdc75, 0xd434, 0xcbb1, 0xd3b1, 0xd330, 0xcaf0, 0xd311, 0xcaf0,
0xaa0d, 0xaa4e, 0xcb31, 0xdbf4, 0xdc75, 0xcc74, 0xdcf6, 0xbbd2, 0x4106, 0x1043,
0x0864, 0x0823, 0x1004, 0x1024, 0x0804, 0x0804, 0x1024, 0x1024, 0x1065, 0x1045,
0x28c7, 0x49aa, 0x4128, 0x61ca, 0x82ac, 0x8acc, 0xab2f, 0xab2f, 0xab4f, 0xa32e,
0xa32e, 0xab2e, 0xab4f, 0xab4f, 0xab4f, 0xb34f, 0xb34f, 0xb34f, 0xbb70, 0xbb70,
0xbb70, 0xbb70, 0xbb4f, 0xbb2f, 0xb32f, 0xb32f, 0xb32f, 0xb30e, 0xb30e, 0xab0e,
0xaaee, 0xb30e, 0xb30f, 0xb30f, 0xb32f, 0xbb2f, 0xbb4f, 0xbb50, 0xbb70, 0xc370,
0xc390, 0xc390, 0xc390, 0xc390, 0xc390, 0xbb90, 0xc390, 0xbb90, 0xbb90, 0xc390,
0xbb90, 0xbb90, 0xbb90, 0xbb90, 0xb390, 0xb34f, 0xab2f, 0x9aef, 0x92ae, 0x826c,
0x6a2a, 0x3106, 0x18a6, 0x10a7, 0x18a6, 0x18a7, 0x18a7, 0x18a7, 0x18a7, 0x18a7,
0x18a7, 0x18c7, 0x18c7, 0x18c7, 0x18c8, 0x18e8, 0x20e8, 0x20e8, 0x20e8, 0x20e8,
0x18c8, 0x18c8, 0x18c8, 0x18e8, 0x1087, 0x18a7, 0x20e8, 0x18c8, 0x18c8, 0x20e8,
0x2108, 0x2108, 0x2129, 0x20e8, 0x18c8, 0x2108, 0x2108, 0x2108, 0x2108, 0x2108,
0x2108, 0x2108, 0x2109, 0x2109, 0x2109, 0x2109, 0x2109, 0x2109, 0x2129, 0x2929,
0x2929, 0x2949, 0x2949, 0x294a, 0x294a, 0x296a, 0x296a, 0x316a, 0x318a, 0x318a,
0x31ab, 0x39ab, 0x398b, 0x398b, 0x398b, 0x39ab, 0x39ab, 0x41cc, 0x41cb, 0x396a,
0x314a, 0x314a, 0x41cc, 0x49ec, 0x398b, 0x396b, 0x396a, 0x396a, 0x418b, 0x418b,
0x41ab, 0x49cb, 0x49eb, 0x522c, 0x5a4d, 0x5a8e, 0x7310, 0x626e, 0x49ab, 0x51cb,
0x5a2d, 0x6a8e, 0x6aae, 0x8b10, 0x9310, 0x8af0, 0x8b10, 0x8b51, 0x8310, 0x8b50,
0x8b30, 0x9371, 0x9391, 0x7aef, 0x622c, 0x72af, 0x8331, 0x8b52, 0x8331, 0x8311,
0x8311, 0x8b11, 0x8b31, 0x8b30, 0x9330, 0x9b51, 0xa351, 0xab51, 0xab72, 0xb372,
0xb392, 0xbbb3, 0xbbd3, 0xc3f3, 0xc3f4, 0xcc14, 0xcc34, 0xd455, 0xd475, 0xd496,
0xd4b6, 0xdcb6, 0xdcb6, 0xe4d7, 0xe4d7, 0xe4f8, 0xe518, 0xe539, 0xe53a, 0xed5b,
0xed7d, 0xed9e, 0xedbe, 0xedde, 0xf63f, 0xf61f, 0xd4da, 0xd47a, 0xdc7a, 0xdc5a,
0xdc7a, 0xdc9a, 0xdcdb, 0xdd1b, 0xdd3c, 0xdd5c, 0xdd7c, 0xe57d, 0xe59d, 0xe5bd,
0xedbd, 0xeddd, 0xeddd, 0xedde, 0xedde, 0xedde, 0xeddd, 0xfeff, 0xffff, 0xffff,

0x9b32, 0x9331, 0x6a0c, 0x5149, 0x7a6d, 0xbc35, 0xcc35, 0xdc77, 0xe497, 0xdc97,
0xdc97, 0xdc97, 0xdc77, 0xe498, 0xdc57, 0xd436, 0xd477, 0xe4d9, 0xdcb8, 0xd497,
0xd457, 0xc436, 0xb3b4, 0xab72, 0xbbf4, 0xcc97, 0xd4b8, 0xc457, 0xc457, 0xc438,
0xbc18, 0xbbd7, 0xbbb7, 0xb396, 0x9b33, 0x8ab1, 0x61ac, 0x59ab, 0x61cc, 0x7a4e,
0x8a90, 0xab94, 0xbbb5, 0xc3d6, 0xc3b6, 0xc3b6, 0xbbb5, 0xbb95, 0xbb53, 0xb333,
0xb312, 0xbb32, 0xbb33, 0xcb74, 0xd3b5, 0xdc37, 0xecf9, 0xed1a, 0xe4d8, 0xe4b8,
0xe4d7, 0xdc96, 0xdc95, 0xd434, 0xc370, 0xcb71, 0xcb10, 0xd2d0, 0xd311, 0xbaaf,
0x80e8, 0x8929, 0xb24e, 0xbaf0, 0xcbb3, 0xdc75, 0xd475, 0xdcb5, 0xc474, 0x51a9,
0x1003, 0x1023, 0x1044, 0x1064, 0x0824, 0x0824, 0x0824, 0x0824, 0x0824, 0x1065,
0x3949, 0x4169, 0x4928, 0x7a4b, 0x8aac, 0xa32e, 0xab4f, 0xab4f, 0xab4f, 0xab2e,
0xa32e, 0xab2e, 0xab2f, 0xab2f, 0xb34f, 0xb34f, 0xb34f, 0xbb70, 0xbb70, 0xbb70,
0xbb70, 0xbb70, 0xbb4f, 0xbb2f, 0xb32f, 0xb32f, 0xb32f, 0xb32f, 0xb32f, 0xb30e,
0xab0e, 0xb30e, 0xb30e, 0xb30f, 0xb32f, 0xbb2f, 0xbb4f, 0xbb50, 0xbb70, 0xbb70,
0xc370, 0xc370, 0xc370, 0xc370, 0xbb90, 0xbb90, 0xbb90, 0xbb90, 0xbb90, 0xbb90,
0xbb90, 0xbb70, 0xbb70, 0xb370, 0xb370, 0xab4f, 0xa32e, 0x9aee, 0x92ad, 0x826c,
0x6a2b, 0x28c6, 0x18c7, 0x10a6, 0x18a6, 0x18a7, 0x18a7, 0x18a7, 0x18a7, 0x18a7,
0x18a7, 0x18c7, 0x18c7, 0x18c7, 0x18c8, 0x18e8, 0x18e8, 0x18e8, 0x20e8, 0x20e8,
0x2108, 0x2109, 0x20e8, 0x18e8, 0x10a7, 0x2108, 0x18e8, 0x18c8, 0x18c8, 0x2108,
0x2108, 0x2108, 0x2108, 0x20e8, 0x2108, 0x2109, 0x2108, 0x2108, 0x2108, 0x2108,
0x2108, 0x2108, 0x2109, 0x2109, 0x2109, 0x2109, 0x2109, 0x2109, 0x2129, 0x2929,
0x2929, 0x2949, 0x2949, 0x294a, 0x294a, 0x296a, 0x296a, 0x316a, 0x318a, 0x318a,
0x31ab, 0x39ab, 0x39ab, 0x39ab, 0x398b, 0x318b, 0x39ab, 0x398b, 0x398b, 0x39ab,
0x316a, 0x2909, 0x2929, 0x316a, 0x312a, 0x396a, 0x418b, 0x418a, 0x41ab, 0x49ab,
0x522c, 0x522d, 0x49eb, 0x49cb, 0x520c, 0x4a0c, 0x5a4d, 0x6a6e, 0x59ec, 0x5a2d,
0x51ec, 0x51eb, 0x5a2c, 0x728e, 0x82cf, 0x8310, 0x8310, 0x82ef, 0x8b30, 0x82ef,
0x830f, 0x8b50, 0x8330, 0x8310, 0x8330, 0x72af, 0x626e, 0x6a8f, 0x7b11, 0x8332,
0x8332, 0x8332, 0x8b51, 0x8b51, 0x9371, 0x9351, 0x9b51, 0xa352, 0xa372, 0xa391,
0xab92, 0xb3b2, 0xbbd2, 0xc3f2, 0xc413, 0xcc33, 0xcc34, 0xd454, 0xd475, 0xd495,
0xdcb6, 0xdcb6, 0xdcb6, 0xe4d7, 0xe4d7, 0xe4f8, 0xe518, 0xe539, 0xe55a, 0xed5b,
0xed7d, 0xed9e, 0xedbe, 0xf5df, 0xf63f, 0xedde, 0xd4ba, 0xdc7a, 0xdc5a, 0xdc5a,
0xdc7a, 0xdc9a, 0xdcdb, 0xdd1b, 0xdd3c, 0xdd5c, 0xdd7c, 0xe57d, 0xe59d, 0xe59d,
0xedbd, 0xeddd, 0xedbd, 0xe5bd, 0xe5be, 0xedbe, 0xedbd, 0xee3d, 0xffbf, 0xffff,

0xa2f2, 0xa332, 0x9b31, 0x720d, 0x5149, 0x8af0, 0xc435, 0xd456, 0xdc97, 0xdc97,
0xdc77, 0xdc97, 0xdc98, 0xe498, 0xdc77, 0xd436, 0xdc77, 0xdc98, 0xd497, 0xc436,
0xbc15, 0xb3b4, 0xa372, 0xa331, 0xbbf5, 0xcc77, 0xc456, 0xbc15, 0xbbf6, 0xbbf6,
0xbbf7, 0xb3d6, 0xb396, 0xab75, 0xa334, 0x9b33, 0x8290, 0x724e, 0x720e, 0x92d1,
0x92d1, 0xa333, 0xb375, 0xc3b6, 0xc396, 0xbb95, 0xbb75, 0xbb54, 0xb333, 0xb313,
0xb312, 0xb313, 0xbb34, 0xc375, 0xcbb6, 0xdc38, 0xecda, 0xe4b9, 0xdcb8, 0xdcb7,
0xdc76, 0xdc76, 0xdc75, 0xcbf3, 0xbb2f, 0xc310, 0xd2f0, 0xd2d0, 0xd332, 0x898a,
0x6886, 0x80e8, 0xa1ab, 0xc2af, 0xba8f, 0xc310, 0xdc14, 0xdc95, 0xdc96, 0xd496,
0x722c, 0x1002, 0x1023, 0x1044, 0x0823, 0x0823, 0x0823, 0x0823, 0x0844, 0x20c6,
0x3948, 0x3907, 0x61ea, 0x8acd, 0xa30e, 0xab2f, 0xab4f, 0xab4f, 0xab4f, 0xab4f,
0xab2e, 0xa30e, 0xab2e, 0xab4f, 0xb36f, 0xbb70, 0xbb70, 0xbb70, 0xbb70, 0xbb70,
0xbb70, 0xbb70, 0xbb4f, 0xbb2f, 0xb32f, 0xb34f, 0xbb4f, 0xb34f, 0xb34f, 0xb32f,
0xb32f, 0xb32f, 0xb32f, 0xb32f, 0xbb2f, 0xbb2f, 0xbb4f, 0xbb50, 0xbb50, 0xbb50,
0xbb70, 0xbb70, 0xbb70, 0xbb70, 0xbb70, 0xbb70, 0xbb70, 0xbb70, 0xbb70, 0xbb70,
0xbb70, 0xb370, 0xb34f, 0xab4f, 0xab6f, 0xa32f, 0xa30e, 0x9aee, 0x8aad, 0x7a6c,
0x59ea, 0x2085, 0x10a6, 0x10a6, 0x18a6, 0x18a7, 0x18a7, 0x18a7, 0x18a7, 0x18a7,
0x18a7, 0x18c7, 0x18c7, 0x18c7, 0x18c8, 0x18e8, 0x18e8, 0x18e8, 0x20e8, 0x2108,
0x20e8, 0x2108, 0x2129, 0x2109, 0x20e8, 0x2109, 0x18e8, 0x18e8, 0x20e8, 0x2108,
0x2108, 0x20e8, 0x20e8, 0x2108, 0x2108, 0x2108, 0x2108, 0x2108, 0x2108, 0x2108,
0x2108, 0x2108, 0x2109, 0x2109, 0x2109, 0x2109, 0x2109, 0x2109, 0x2129, 0x2929,
0x2929, 0x2949, 0x2949, 0x294a, 0x294a, 0x296a, 0x296a, 0x316a, 0x316a, 0x318a,
0x318a, 0x39ab, 0x39ab, 0x39ab, 0x39ab, 0x39ab, 0x39ab, 0x39ab, 0x39ab, 0x39ab,
0x39ab, 0x39ab, 0x316a, 0x39ab, 0x396a, 0x3949, 0x49cb, 0x5a0c, 0x5a2c, 0x624d,
0x6aae, 0x5a4d, 0x41ab, 0x41cb, 0x49cb, 0x49eb, 0x49eb, 0x624e, 0x624e, 0x7310,
0x72f0, 0x6a6e, 0x5a0c, 0x51cb, 0x5a0b, 0x6a8e, 0x7acf, 0x8b31, 0x82f0, 0x82cf,
0x8310, 0x82ef, 0x7aef, 0x8b51, 0x93b3, 0x72af, 0x5a6e, 0x626e, 0x626e, 0x626e,
0x6aaf, 0x7af0, 0x7b11, 0x8351, 0x8b72, 0x9393, 0x9bb3, 0xa3b3, 0xa3b4, 0xa3d4,
0xa3d3, 0xabd3, 0xb3d3, 0xbbd3, 0xc3d3, 0xcc13, 0xd434, 0xd454, 0xd474, 0xdc95,
0xdc95, 0xdc96, 0xdcb6, 0xe4d7, 0xe4d7, 0xe4f8, 0xe518, 0xe539, 0xed5a, 0xed7c,
0xed9d, 0xed9e, 0xedbe, 0xf5ff, 0xfe5f, 0xe57d, 0xd47a, 0xdc9a, 0xdc5a, 0xdc5a,
0xdc7a, 0xdc9a, 0xdcdb, 0xdd1b, 0xdd3c, 0xdd5c, 0xdd7c, 0xe57d, 0xe59d, 0xe59d,
0xedbe, 0xeddd, 0xe5bc, 0xe5bd, 0xe5bd, 0xedbe, 0xedbd, 0xe5dc, 0xf71e, 0xffff,

0xb374, 0xa312, 0xab53, 0x9b31, 0x69cc, 0x61cb, 0xa372, 0xc415, 0xd457, 0xdc77,
0xdc77, 0xdc98, 0xe4b8, 0xe4b8, 0xe498, 0xdc77, 0xdc77, 0xd497, 0xcc36, 0xabb3,
0xa372, 0x9b31, 0x9b31, 0xa352, 0xbc35, 0xc436, 0xbbf4, 0xab93, 0xab73, 0xab94,
0xb395, 0xab75, 0xa354, 0xa334, 0xa333, 0xa333, 0x9b12, 0x8ab1, 0x8a90, 0x9af2,
0xab74, 0xab13, 0xbb75, 0xbb76, 0xc396, 0xbb96, 0xbb75, 0xb334, 0xb313, 0xb313,
0xb313, 0xb334, 0xbb55, 0xc375, 0xcb96, 0xdc38, 0xdc99, 0xd478, 0xd477, 0xd456,
0xd435, 0xd455, 0xd455, 0xc392, 0xb2ef, 0xc2cf, 0xd2d0, 0xd2d1, 0xcb31, 0x60a7,
0x5865, 0x70e8, 0x8108, 0xa9cc, 0xc28f, 0xba4e, 0xba8f, 0xdc14, 0xe455, 0xdc55,
0xdcd7, 0x8b0f, 0x2884, 0x0802, 0x1023, 0x0843, 0x0823, 0x0823, 0x1865, 0x30e6,
0x3906, 0x59c9, 0x8acd, 0xa32f, 0xb34f, 0xb32f, 0xab4f, 0xab4f, 0xab4f, 0xab4f,
0xa32e, 0xa32e, 0xab2f, 0xb34f, 0xb370, 0xbb70, 0xbb70, 0xbb70, 0xc370, 0xc370,
0xbb70, 0xbb70, 0xbb4f, 0xbb4f, 0xbb2f, 0xbb50, 0xb34f, 0xb34f, 0xb34f, 0xbb70,
0xbb4f, 0xbb4f, 0xbb4f, 0xbb4f, 0xbb4f, 0xbb2f, 0xbb4f, 0xbb50, 0xbb50, 0xbb70,
0xbb70, 0xbb50, 0xbb70, 0xbb70, 0xbb50, 0xbb70, 0xbb70, 0xbb70, 0xbb70, 0xbb50,
0xb350, 0xb370, 0xb36f, 0xab6f, 0xab4f, 0xa32e, 0x9aed, 0x92cd, 0x82ad, 0x728d,
0x3928, 0x1885, 0x10a6, 0x10a6, 0x18a6, 0x18a7, 0x18c7, 0x18c7, 0x18a7, 0x18c7,
0x18c7, 0x18c7, 0x18c7, 0x18c8, 0x18c8, 0x18c8, 0x18e8, 0x20e8, 0x20e8, 0x20e8,
0x2109, 0x2109, 0x2109, 0x2109, 0x2109, 0x2109, 0x2109, 0x2109, 0x2129, 0x2109,
0x20e8, 0x20e8, 0x2129, 0x2129, 0x2129, 0x2109, 0x2108, 0x2108, 0x2108, 0x2109,
0x2109, 0x2109, 0x2109, 0x2109, 0x2109, 0x2109, 0x2129, 0x2129, 0x2929, 0x2929,
0x2929, 0x2929, 0x294a, 0x294a, 0x294a, 0x296a, 0x296a, 0x316a, 0x318a, 0x318a,
0x318b, 0x31ab, 0x31ab, 0x39ab, 0x39ab, 0x39ab, 0x31ab, 0x318b, 0x398b, 0x318a,
0x398b, 0x39ab, 0x39ab, 0x4a2d, 0x62af, 0x6aaf, 0x5a4d, 0x5a0c, 0x49aa, 0x5a0b,
0x5a4d, 0x41ab, 0x396a, 0x41aa, 0x41aa, 0x49eb, 0x520c, 0x520d, 0x51ec, 0x6a8e,
0x72f0, 0x7aef, 0x7af0, 0x628e, 0x520c, 0x51ab, 0x622d, 0x7aaf, 0x7ad0, 0x82cf,
0x7aae, 0x7aae, 0x82f0, 0x8b51, 0x7af0, 0x72af, 0x626e, 0x5a4e, 0x5a4e, 0x624e,
0x624e, 0x72d0, 0x7b31, 0x8352, 0x8b72, 0x8b52, 0x8b73, 0x9bd4, 0xa3f5, 0xac38,
0xa417, 0xabf7, 0xb3f7, 0xc417, 0xcc17, 0xcc36, 0xcc35, 0xcc35, 0xd455, 0xdc95,
0xe495, 0xe495, 0xe4d6, 0xe4d7, 0xe4f7, 0xe518, 0xe518, 0xe539, 0xe55a, 0xed7b,
0xed7d, 0xed9e, 0xeddf, 0xf61f, 0xfe3f, 0xe51c, 0xdc9a, 0xdc7a, 0xdc59, 0xdc59,
0xdc7a, 0xdcba, 0xdcdb, 0xdcfb, 0xdd1c, 0xdd5c, 0xdd7c, 0xe57d, 0xe59d, 0xedbe,
0xedbd, 0xe59c, 0xe59c, 0xe59c, 0xe59c, 0xed9d, 0xed9d, 0xe5bc, 0xe65c, 0xff9f,

0xb395, 0xb374, 0xab33, 0xab73, 0x9b11, 0x59ab, 0x6a0d, 0xb3d4, 0xcc16, 0xe478,
0xe478, 0xdc98, 0xdc98, 0xe498, 0xe498, 0xdc98, 0xd477, 0xd477, 0xbbd4, 0x8af0,
0x82cf, 0x8ad0, 0x9310, 0xa393, 0xbc15, 0xb3f4, 0xab93, 0xa352, 0xa332, 0xa353,
0xab74, 0xab54, 0xa354, 0xa333, 0xa333, 0xa333, 0xa333, 0x9b12, 0x9af2, 0xa313,
0xb395, 0xb355, 0xbb96, 0xc3b7, 0xc396, 0xbb96, 0xbb75, 0xb334, 0xaaf3, 0xb2f3,
0xb313, 0xb334, 0xbb55, 0xc375, 0xc396, 0xd418, 0xd458, 0xcc38, 0xd437, 0xd436,
0xd436, 0xd456, 0xd435, 0xc372, 0xbb10, 0xcaf0, 0xd2b0, 0xd2f1, 0xc311, 0x58a7,
0x4024, 0x58a6, 0x70e8, 0x9129, 0xb1ed, 0xc22e, 0xc24e, 0xc2d0, 0xe415, 0xe455,
0xd434, 0xdcd7, 0xb3d2, 0x38c6, 0x1002, 0x1043, 0x0823, 0x1023, 0x2065, 0x38c6,
0x61e9, 0x8acd, 0x9b2e, 0xab4f, 0xb34f, 0xb34f, 0xab4f, 0xab4f, 0xab4f, 0xab4f,
0xab2e, 0xa30e, 0xab2e, 0xb34f, 0xbb90, 0xbb70, 0xc370, 0xc370, 0xc370, 0xc370,
0xbb70, 0xbb70, 0xbb4f, 0xbb50, 0xbb50, 0xbb4f, 0xb34f, 0xbb70, 0xbb70, 0xbb70,
0xbb70, 0xbb70, 0xbb50, 0xbb50, 0xbb50, 0xbb50, 0xbb50, 0xc370, 0xc370, 0xc390,
0xc370, 0xc370, 0xc390, 0xc370, 0xbb70, 0xbb50, 0xbb70, 0xbb70, 0xbb70, 0xbb70,
0xb350, 0xab4f, 0xab4f, 0xab4f, 0xa34f, 0x9b0e, 0x92ed, 0x8acd, 0x7aad, 0x4989,
0x1885, 0x18a6, 0x10a6, 0x18a6, 0x18a7, 0x18c7, 0x18c7, 0x20c7, 0x20c7, 0x18c7,
0x18e8, 0x18e8, 0x18e8, 0x18e8, 0x18e8, 0x18e8, 0x18e8, 0x20e8, 0x20e8, 0x20e8,
0x2109, 0x2109, 0x2109, 0x2109, 0x2109, 0x2109, 0x2129, 0x2129, 0x2129, 0x2129,
0x2108, 0x2129, 0x2929, 0x2129, 0x2129, 0x2129, 0x2109, 0x2109, 0x2109, 0x2109,
0x2109, 0x2109, 0x2109, 0x2109, 0x2109, 0x2109, 0x2129, 0x2929, 0x2929, 0x2929,
0x2929, 0x2929, 0x294a, 0x294a, 0x294a, 0x296a, 0x296a, 0x316a, 0x318a, 0x318a,
0x318b, 0x31ab, 0x31ab, 0x31ab, 0x39cb, 0x31cb, 0x31ab, 0x31ab, 0x39ab, 0x39ab,
0x39ab, 0x39ab, 0x39ab, 0x318a, 0x398b, 0x41ab, 0x5a4d, 0x62ae, 0x626e, 0x520c,
0x49cb, 0x49eb, 0x41aa, 0x41aa, 0x418a, 0x41aa, 0x49cb, 0x49cb, 0x49cc, 0x49ab,
0x624d, 0x6a4d, 0x728e, 0x72cf, 0x626d, 0x51ec, 0x49ab, 0x51cb, 0x624d, 0x6a4d,
0x726e, 0x7acf, 0x82f0, 0x7ad0, 0x7ad0, 0x7ad0, 0x6aaf, 0x626e, 0x6a8f, 0x72b0,
0x72d0, 0x7ad0, 0x8331, 0x8b52, 0x8b93, 0x93b3, 0x9393, 0x9393, 0x9bf5, 0xa3f7,
0xa3b7, 0xabb7, 0xbc39, 0xd4bb, 0xd4bc, 0xdcdc, 0xd49b, 0xcc58, 0xcc57, 0xd476,
0xdcb5, 0xdcb5, 0xe4d6, 0xe4d7, 0xe4f7, 0xe518, 0xe518, 0xe539, 0xed5a, 0xed7c,
0xed9d, 0xedbe, 0xf5df, 0xfe1f, 0xfdff, 0xdcdb, 0xdc9a, 0xdc7a, 0xdc59, 0xdc5a,
0xdc9a, 0xdcba, 0xdcdb, 0xdd1b, 0xdd1c, 0xdd5c, 0xe57d, 0xe59d, 0xedbe, 0xedbe,
0xe59d, 0xdd5b, 0xdd7c, 0xdd7c, 0xe59c, 0xed9c, 0xed7c, 0xedbc, 0xe61c, 0xff3e,

0xab95, 0xb395, 0xab53, 0xab33, 0xa373, 0x8ad0, 0x514a, 0x82b0, 0xc3d5, 0xdc37,
0xe478, 0xdc98, 0xdcb8, 0xe498, 0xe4b8, 0xe498, 0xd457, 0xc3f5, 0xa2f1, 0x720d,
0x6a2d, 0x82af, 0x9b52, 0xabd3, 0xabb3, 0xa372, 0x9b31, 0x9b11, 0x9b11, 0xa333,
0xab74, 0xa354, 0xa353, 0xa353, 0xa333, 0xa354, 0xa334, 0xab54, 0xab34, 0xb354,
0xc3b6, 0xbb96, 0xbb96, 0xcbf8, 0xc3d7, 0xc3d7, 0xc396, 0xb314, 0xaab2, 0xaab2,
0xaab2, 0xaaf3, 0xb334, 0xc375, 0xcbb6, 0xcbf7, 0xc3d6, 0xc417, 0xd437, 0xcc16,
0xcc15, 0xd435, 0xd415, 0xc392, 0xc351, 0xcb11, 0xd290, 0xdb12, 0xb2b0, 0x4865,
0x3844, 0x50c6, 0x68c7, 0x8909, 0xa16b, 0xc20e, 0xca4f, 0xc24f, 0xcb32, 0xdc76,
0xd475, 0xdc34, 0xec35, 0xbc34, 0x4148, 0x0802, 0x1023, 0x2085, 0x4948, 0x722b,
0x92ed, 0xa32e, 0xa34f, 0xab4f, 0xab4f, 0xab4f, 0xab4f, 0xab4f, 0xab4f, 0xab2e,
0xa32e, 0xab2e, 0xab2f, 0xbb4f, 0xbb90, 0xc370, 0xc370, 0xc370, 0xc370, 0xc370,
0xbb70, 0xbb70, 0xbb50, 0xbb50, 0xbb50, 0xbb70, 0xbb70, 0xbb4f, 0xbb70, 0xbb90,
0xbb90, 0xbb90, 0xc390, 0xc390, 0xc390, 0xc370, 0xc370, 0xc391, 0xc391, 0xc3b1,
0xc391, 0xc391, 0xc3b1, 0xc3b1, 0xc391, 0xbb90, 0xbb70, 0xbb70, 0xbb70, 0xbb70,
0xbb70, 0xab6f, 0xab4f, 0xa32e, 0xa32e, 0x9b0d, 0x92cc, 0x8acc, 0x5188, 0x2065,
0x1886, 0x10a6, 0x18a6, 0x18a6, 0x18a7, 0x18c7, 0x18c7, 0x20e7, 0x20e8, 0x18c7,
0x2108, 0x20e8, 0x20e8, 0x18e8, 0x20e8, 0x20e8, 0x20e8, 0x20e8, 0x20e8, 0x20e8,
0x2109, 0x2109, 0x2109, 0x2109, 0x2109, 0x2109, 0x2929, 0x2929, 0x2929, 0x2129,
0x2129, 0x2129, 0x2129, 0x2129, 0x2129, 0x2129, 0x2129, 0x2129, 0x2129, 0x2109,
0x2109, 0x2109, 0x2109, 0x2109, 0x2109, 0x2109, 0x2129, 0x2929, 0x2929, 0x2929,
0x2929, 0x2929, 0x294a, 0x294a, 0x294a, 0x296a, 0x296a, 0x316a, 0x318a, 0x318a,
0x318b, 0x31ab, 0x31ab, 0x31cb, 0x31cb, 0x31cb, 0x31cb, 0x39cb, 0x39cb, 0x39cb,
0x39cb, 0x31ab, 0x31ab, 0x39cb, 0x39ab, 0x398b, 0x398b, 0x418b, 0x522d, 0x62af,
0x5a4d, 0x418a, 0x418a, 0x49cb, 0x41aa, 0x418a, 0x418a, 0x41ab, 0x49ec, 0x49ab,
0x51ab, 0x622d, 0x6a4d, 0x622d, 0x626e, 0x5a0c, 0x49cb, 0x49ab, 0x418a, 0x622d,
0x728e, 0x726e, 0x726e, 0x72af, 0x72b0, 0x7af1, 0x6a8f, 0x72af, 0x7ad0, 0x7ad0,
0x82f1, 0x8b32, 0x8311, 0x8331, 0x8311, 0x8b51, 0x8b72, 0x8b92, 0x9372, 0xb415,
0xc497, 0xbc57, 0xbc58, 0xccba, 0xdcfc, 0xcc9e, 0xd4df, 0xdd1e, 0xdcdb, 0xd497,
0xdc96, 0xdcb6, 0xe4d6, 0xe4d7, 0xe4f7, 0xe518, 0xe518, 0xe539, 0xed7a, 0xed7c,
0xed9d, 0xf5be, 0xf5df, 0xfe3f, 0xf5be, 0xdc7a, 0xdc7a, 0xe47a, 0xdc5a, 0xdc7a,
0xdc9a, 0xdcbb, 0xdcfb, 0xdd1c, 0xdd3c, 0xe57d, 0xe59d, 0xe59d, 0xe59d, 0xe5bd,
0xe57c, 0xd53b, 0xdd5b, 0xdd7b, 0xe57b, 0xed7c, 0xf57c, 0xed9c, 0xe5db, 0xf6bd,

0xa333, 0xb395, 0xb394, 0xb354, 0xab33, 0xa333, 0x826f, 0x618b, 0xa352, 0xc3f5,
0xd457, 0xe479, 0xe499, 0xe4b9, 0xe4d9, 0xdc98, 0xc436, 0xa352, 0x7a2d, 0x69ec,
0x6a0c, 0x7a8e, 0x9b92, 0xabb2, 0xa371, 0x92ef, 0x8aae, 0x8aaf, 0x8acf, 0x92f0,
0x9b10, 0x7a4d, 0x826f, 0xab74, 0xa353, 0xab54, 0xab54, 0xb375, 0xb355, 0xbb95,
0xc3f7, 0xc3d7, 0xc3d7, 0xcc18, 0xcc18, 0xcc18, 0xbb96, 0xab14, 0xa2b2, 0xa2b1,
0xaad2, 0xb2f3, 0xbb34, 0xcbb6, 0xd3f6, 0xb312, 0xb332, 0xc3b4, 0xc3b5, 0xcbd5,
0xcbf5, 0xcbf4, 0xcbd4, 0xbb52, 0xcb52, 0xcad1, 0xdab1, 0xe333, 0x9a2d, 0x3824,
0x40e6, 0x6188, 0x60c6, 0x8909, 0xa16b, 0xb9ee, 0xca2f, 0xca4f, 0xc2d0, 0xe475,
0xd455, 0xdc55, 0xdbf4, 0xd455, 0xcc55, 0x5969, 0x3084, 0x61c9, 0x82ac, 0x92ed,
0xa30e, 0xa32e, 0xa32f, 0xab4f, 0xa32f, 0xab2f, 0xb34f, 0xab2f, 0xab0e, 0xab0e,
0xa30e, 0xab2e, 0xb34f, 0xbb70, 0xc370, 0xc370, 0xc390, 0xc370, 0xc370, 0xbb70,
0xbb70, 0xbb70, 0xbb50, 0xbb50, 0xbb70, 0xbb70, 0xbb70, 0xbb70, 0xc391, 0xc3b1,
0xc3b1, 0xc391, 0xc391, 0xc391, 0xc391, 0xc391, 0xc3b1, 0xcbb1, 0xc3b1, 0xc3b1,
0xc3b1, 0xc3b1, 0xc3b1, 0xc3d1, 0xc3d1, 0xc3b1, 0xc391, 0xbb90, 0xc390, 0xbb90,
0xbb70, 0xab70, 0xab4f, 0xab2e, 0xa30e, 0x9b0e, 0x92ee, 0x51ca, 0x1865, 0x20a6,
0x1886, 0x1886, 0x18a6, 0x18a6, 0x18a7, 0x18a7, 0x18a7, 0x2108, 0x20c7, 0x18c7,
0x20e8, 0x2108, 0x18e8, 0x2108, 0x2108, 0x20e8, 0x2108, 0x2108, 0x20e8, 0x2108,
0x2109, 0x2109, 0x2109, 0x20e9, 0x2109, 0x2109, 0x2929, 0x292a, 0x292a, 0x2129,
0x2129, 0x2129, 0x2929, 0x2929, 0x2929, 0x2929, 0x2929, 0x2129, 0x2129, 0x2109,
0x2109, 0x2109, 0x2109, 0x2109, 0x2109, 0x2129, 0x2129, 0x2129, 0x2929, 0x2929,
0x2929, 0x292a, 0x294a, 0x294a, 0x294a, 0x296a, 0x296a, 0x316a, 0x318a, 0x318b,
0x318b, 0x318b, 0x31ab, 0x31ab, 0x31ab, 0x39cc, 0x39cc, 0x39cc, 0x39cc, 0x39cc,
0x39cc, 0x39cc, 0x39cc, 0x31cc, 0x39cb, 0x39cc, 0x39ab, 0x39ab, 0x318a, 0x398a,
0x5a8e, 0x62af, 0x49ab, 0x396a, 0x418b, 0x394a, 0x394a, 0x396a, 0x418b, 0x418b,
0x416b, 0x498b, 0x5a2d, 0x59ec, 0x51cc, 0x51cc, 0x51cb, 0x49cb, 0x418a, 0x49ab,
0x620d, 0x6a4e, 0x6a6e, 0x6a6e, 0x6a8f, 0x6a8f, 0x622e, 0x624e, 0x8311, 0x72b0,
0x6a4e, 0x72b0, 0x7af0, 0x7b10, 0x8310, 0x8331, 0x8310, 0x8311, 0x8310, 0x8acf,
0xabd3, 0xcc97, 0xc436, 0xb3d5, 0xbc16, 0xc439, 0xd4dd, 0xd4de, 0xdd3e, 0xedbe,
0xdd59, 0xd4b6, 0xe496, 0xdcd6, 0xdcf7, 0xdd17, 0xe538, 0xed39, 0xe57a, 0xed9c,
0xed9d, 0xf5be, 0xf5ff, 0xfe5f, 0xed7c, 0xd437, 0xd3f7, 0xd418, 0xdc59, 0xe479,
0xe49a, 0xdcda, 0xe4fb, 0xe51b, 0xe53c, 0xe55c, 0xe57c, 0xe57d, 0xed9d, 0xe55c,
0xdd1b, 0xdd1a, 0xdd3b, 0xdd5b, 0xdd7b, 0xe57c, 0xed9c, 0xedbc, 0xeddc, 0xf65e,

0xa313, 0xab53, 0xb395, 0xbb95, 0xb374, 0xab13, 0xa332, 0x69cc, 0x720d, 0xabd4,
0xc416, 0xdc38, 0xe459, 0xe499, 0xdc99, 0xd498, 0xb3b4, 0x7a6e, 0x6a0c, 0x61ec,
0x6a0c, 0x8af0, 0xa392, 0x9b30, 0x828d, 0x7a2c, 0x824d, 0x826d, 0x7a4c, 0x7a4c,
0x5988, 0x48e6, 0x92d0, 0xab94, 0xa353, 0xab53, 0xb374, 0xb395, 0xbbb6, 0xc3d7,
0xcbf7, 0xcbd7, 0xcbf7, 0xd438, 0xd438, 0xd438, 0xc3d7, 0xab13, 0xa2d2, 0xa2f2,
0xb333, 0xbb55, 0xcbb7, 0xd417, 0xc3b5, 0xbb53, 0xaad0, 0xb312, 0xbb95, 0xcbf6,
0xcbd5, 0xcbb4, 0xbb52, 0xbb32, 0xd353, 0xd2d2, 0xe313, 0xca70, 0x816a, 0x3845,
0x40c5, 0x69c9, 0x68c7, 0x8909, 0xa16c, 0xb9ee, 0xc24f, 0xd24f, 0xc28f, 0xe435,
0xdc55, 0xd455, 0xd434, 0xd3f4, 0xdc35, 0xcc35, 0x92ce, 0x8aac, 0x9b2d, 0x92cc,
0x9aee, 0xa32f, 0x9b0e, 0x9aee, 0xab4f, 0xab50, 0xab2f, 0xab2f, 0xab0e, 0xaaee,
0xab0e, 0xab2e, 0xb34f, 0xc370, 0xc390, 0xc390, 0xc391, 0xc390, 0xc370, 0xbb70,
0xbb70, 0xbb70, 0xbb70, 0xbb50, 0xc370, 0xc390, 0xc370, 0xc391, 0xcbb1, 0xcbb1,
0xcbb1, 0xcbd1, 0xcbd1, 0xcbb1, 0xc3b1, 0xc3b1, 0xcbd1, 0xcbd2, 0xcbd2, 0xcbd2,
0xcbd2, 0xcbd2, 0xcbd2, 0xcbd2, 0xc3d1, 0xc3b1, 0xc3b1, 0xc3b1, 0xc3b1, 0xc3b1,
0xbb90, 0xb390, 0xb36f, 0xab4e, 0xa32e, 0x9b2f, 0x59ca, 0x1865, 0x18a7, 0x18c7,
0x18a6, 0x1086, 0x18a6, 0x18a7, 0x18a7, 0x1086, 0x20e8, 0x2909, 0x18a7, 0x20c8,
0x18c8, 0x2109, 0x18a7, 0x2109, 0x18e8, 0x2109, 0x18e8, 0x2108, 0x2129, 0x2109,
0x2109, 0x2109, 0x2109, 0x20e9, 0x20e9, 0x2109, 0x292a, 0x292a, 0x292a, 0x2929,
0x2129, 0x2929, 0x2929, 0x2929, 0x2929, 0x2929, 0x2929, 0x2129, 0x2109, 0x2109,
0x2109, 0x2109, 0x2109, 0x2109, 0x2109, 0x2129, 0x2129, 0x2129, 0x292a, 0x2129,
0x292a, 0x292a, 0x292a, 0x294a, 0x294a, 0x294a, 0x296a, 0x316b, 0x316b, 0x316b,
0x318b, 0x318b, 0x318b, 0x318c, 0x39ac, 0x39ac, 0x39ac, 0x39cc, 0x31cc, 0x31cc,
0x31cc, 0x31cc, 0x31cc, 0x31cc, 0x39cc, 0x39cc, 0x39cc, 0x39cb, 0x39cb, 0x31cb,
0x3169, 0x49ec, 0x7b92, 0x520d, 0x396a, 0x398b, 0x314a, 0x3129, 0x312a, 0x312a,
0x312a, 0x394a, 0x41cc, 0x5a0d, 0x59ec, 0x51cc, 0x51cc, 0x498b, 0x416a, 0x414a,
0x49ab, 0x5a0d, 0x5a0d, 0x5a0d, 0x5a2d, 0x5a2d, 0x5a0d, 0x622d, 0x72d0, 0x7af0,
0x622e, 0x51cc, 0x5a2d, 0x72cf, 0x8331, 0x7af0, 0x7ad0, 0x8b31, 0x9bb3, 0xabf3,
0xabb3, 0xc414, 0xcc56, 0xd476, 0xc435, 0xb3d4, 0xbc17, 0xc47b, 0xd4fe, 0xe59f,
0xee7f, 0xeddb, 0xdcb7, 0xdcf6, 0xdcf6, 0xe517, 0xe538, 0xe539, 0xe57a, 0xed9c,
0xedbe, 0xf5df, 0xf5ff, 0xf65f, 0xe51a, 0xdc36, 0xd3d6, 0xcbb5, 0xcbb6, 0xd3d7,
0xd418, 0xd479, 0xdcba, 0xe4fb, 0xe51c, 0xed5c, 0xe55c, 0xe55c, 0xe53c, 0xdd1b,
0xdcfa, 0xdcfa, 0xdd1a, 0xe55b, 0xdd5b, 0xe57c, 0xe59c, 0xedbd, 0xeddd, 0xf61e,

0x9af2, 0xab53, 0xab74, 0xbbb5, 0xbbb5, 0xb374, 0xa313, 0x92f1, 0x618b, 0x8a8f,
0xbbf5, 0xd438, 0xdc59, 0xdc38, 0xd458, 0xc416, 0x8ad0, 0x61cb, 0x59cb, 0x59aa,
0x724d, 0x9b92, 0x9331, 0x720b, 0x69ca, 0x69eb, 0x720c, 0x720b, 0x720b, 0x722b,
0x6189, 0x61a9, 0x9b10, 0xa372, 0xab72, 0xb393, 0xb393, 0xbbd5, 0xcbf6, 0xcbf7,
0xcc17, 0xd417, 0xcbf7, 0xd438, 0xd458, 0xdc59, 0xd438, 0xbb74, 0xa2b1, 0xaaf2,
0xb313, 0xbb75, 0xdc18, 0xdc58, 0xd417, 0xaad1, 0x9a4f, 0xb333, 0xc3b6, 0xcbf6,
0xcbd5, 0xc373, 0xb311, 0xc352, 0xd353, 0xe354, 0xe313, 0xa9cd, 0x70e8, 0x4065,
0x5168, 0x7a2b, 0x7108, 0x8929, 0xa16c, 0xb9ee, 0xc24f, 0xca50, 0xc28f, 0xdc15,
0xd435, 0xd434, 0xd3f4, 0xd3d4, 0xd3d4, 0xcc35, 0xc414, 0x8aad, 0x8a8b, 0x9b0d,
0x9b2f, 0x930e, 0xa370, 0xb3d1, 0x92ee, 0x9b2e, 0xa34e, 0x9b2e, 0xa30e, 0xa30e,
0xab0e, 0xb32f, 0xbb50, 0xc370, 0xc391, 0xc391, 0xc390, 0xc390, 0xc370, 0xc370,
0xc370, 0xc370, 0xc390, 0xc370, 0xc391, 0xc390, 0xc390, 0xc3b1, 0xcbb1, 0xcbd2,
0xcbd2, 0xcbf2, 0xcbf2, 0xcbd1, 0xcbd1, 0xcbd2, 0xcbf2, 0xd412, 0xcbf2, 0xcbf2,
0xcbf2, 0xcbf2, 0xcbf2, 0xcbf2, 0xcbf2, 0xcbf2, 0xc3f2, 0xc3f2, 0xc3f2, 0xc3d2,
0xc3b1, 0xc390, 0xbb6f, 0xab90, 0xa390, 0x51a9, 0x1865, 0x20c7, 0x18c7, 0x18a7,
0x18a6, 0x20c7, 0x20e7, 0x18c7, 0x1887, 0x20c8, 0x2929, 0x20e8, 0x20c8, 0x20c8,
0x20e8, 0x2129, 0x18c7, 0x2108, 0x10a7, 0x2129, 0x18c8, 0x18e8, 0x2929, 0x2129,
0x2929, 0x2109, 0x2109, 0x2109, 0x2109, 0x2109, 0x292a, 0x292a, 0x292a, 0x2129,
0x2109, 0x2109, 0x2929, 0x2929, 0x2929, 0x2929, 0x2929, 0x2129, 0x2109, 0x2109,
0x2109, 0x2109, 0x2109, 0x2109, 0x2109, 0x2129, 0x2129, 0x2129, 0x292a, 0x2129,
0x292a, 0x292a, 0x292a, 0x294a, 0x294a, 0x294a, 0x296a, 0x316b, 0x316b, 0x316b,
0x318b, 0x318b, 0x318c, 0x31ac, 0x318c, 0x31ac, 0x39ac, 0x39ac, 0x31cc, 0x31cc,
0x31cc, 0x39ed, 0x39ed, 0x39ed, 0x39cc, 0x39cc, 0x39cc, 0x39ec, 0x39cc, 0x39cc,
0x39cb, 0x39aa, 0x318a, 0x7371, 0x5acf, 0x3189, 0x39cb, 0x398b, 0x396a, 0x3149,
0x2929, 0x2929, 0x3129, 0x49cb, 0x520d, 0x51ec, 0x49ab, 0x416a, 0x414a, 0x3949,
0x394a, 0x49ab, 0x49cc, 0x49cb, 0x51cc, 0x520d, 0x51cc, 0x59ed, 0x6a6e, 0x6aaf,
0x6a6e, 0x5a0d, 0x51cb, 0x5a0c, 0x6a8f, 0x7ad0, 0x7ad0, 0x82f0, 0x8b11, 0xa3b3,
0xbc14, 0xc415, 0xcc35, 0xd456, 0xd476, 0xd4d7, 0xcc77, 0xc479, 0xcc9b, 0xd4fc,
0xe5bd, 0xff5f, 0xe61b, 0xccd6, 0xe4f7, 0xe4f7, 0xe538, 0xe559, 0xed7b, 0xed9c,
0xf5be, 0xf5df, 0xfe1f, 0xf5ff, 0xd478, 0xd3f6, 0xd3d6, 0xcbb6, 0xcbd6, 0xd3d6,
0xcbd7, 0xc417, 0xcc38, 0xcc59, 0xd499, 0xd4ba, 0xd4da, 0xd4ba, 0xd4ba, 0xd4da,
0xdcfa, 0xdd1a, 0xdd3a, 0xe55b, 0xdd7b, 0xe59c, 0xe5bc, 0xedbd, 0xedbd, 0xf61e,

0x8270, 0xa333, 0xab74, 0xab54, 0xbbb5, 0xbbb5, 0xab74, 0x9b12, 0x7a4e, 0x69ab,
0xa352, 0xc416, 0xd458, 0xd417, 0xc3f6, 0x92f1, 0x61ab, 0x518a, 0x51aa, 0x6a2c,
0x9b72, 0xa3d3, 0x7a8d, 0x5169, 0x61aa, 0x69eb, 0x722c, 0x82cf, 0x9310, 0x82ae,
0x61a9, 0x71ea, 0x92ce, 0xa330, 0xb392, 0xb392, 0xbb93, 0xc3f4, 0xcc16, 0xcbf6,
0xd417, 0xd417, 0xcc17, 0xdc58, 0xdc58, 0xdc78, 0xdc78, 0xcbf6, 0xb333, 0xa2b1,
0xb313, 0xc395, 0xdc38, 0xecba, 0xcbb5, 0x9a4f, 0xb312, 0xc395, 0xcbf7, 0xcbf6,
0xcbd5, 0xbb53, 0xb2f1, 0xc352, 0xd354, 0xdb54, 0xd2f2, 0xa1ac, 0x60a7, 0x3864,
0x61a9, 0x71c9, 0x7928, 0x912a, 0xa96c, 0xb9ee, 0xc22f, 0xd290, 0xc2b0, 0xdc15,
0xd415, 0xd414, 0xd3f4, 0xd3f4, 0xd3f5, 0xcbf4, 0xcc14, 0xb371, 0x8a8c, 0x8aac,
0x826b, 0x8acd, 0xb432, 0xa3b0, 0x7a6b, 0x69e9, 0x722a, 0x826b, 0xa32e, 0xa30e,
0xab0e, 0xb34f, 0xbb70, 0xc370, 0xc391, 0xc391, 0xc391, 0xc390, 0xc370, 0xc390,
0xc390, 0xc390, 0xc390, 0xc390, 0xc3b1, 0xc3b1, 0xc3b1, 0xcbd2, 0xcbd2, 0xcbf2,
0xcbf2, 0xcbf2, 0xd3f2, 0xd3f2, 0xd3f2, 0xd3f2, 0xd412, 0xd413, 0xd413, 0xd433,
0xd433, 0xd433, 0xd433, 0xd413, 0xcc33, 0xcc33, 0xcc12, 0xcc12, 0xcc12, 0xc3f2,
0xc3d1, 0xc390, 0xbbb0, 0xa390, 0x5189, 0x1865, 0x2108, 0x18c7, 0x18a7, 0x18c7,
0x18a7, 0x20e8, 0x20e7, 0x18a7, 0x18a7, 0x2108, 0x2108, 0x20c8, 0x20e8, 0x18c7,
0x2109, 0x2109, 0x18c7, 0x2109, 0x10a7, 0x2109, 0x18c8, 0x18a7, 0x2129, 0x18c8,
0x2108, 0x2129, 0x2929, 0x2129, 0x2109, 0x2109, 0x2129, 0x292a, 0x292a, 0x2129,
0x2109, 0x2129, 0x292a, 0x292a, 0x292a, 0x292a, 0x292a, 0x2129, 0x2109, 0x2109,
0x2109, 0x2109, 0x2109, 0x2109, 0x2109, 0x2109, 0x2109, 0x2109, 0x2129, 0x2129,
0x292a, 0x292a, 0x292a, 0x294a, 0x294a, 0x294b, 0x296b, 0x316b, 0x316b, 0x318b,
0x318b, 0x318c, 0x318c, 0x318c, 0x318c, 0x318c, 0x39ac, 0x39ac, 0x31ad, 0x39cd,
0x39cd, 0x39cd, 0x39cd, 0x39cd, 0x39cd, 0x39cd, 0x39cd, 0x39ed, 0x39ed, 0x39cd,
0x39ec, 0x39ec, 0x31ab, 0x31cb, 0x7bf3, 0x4a6d, 0x318a, 0x39cb, 0x39cb, 0x41cb,
0x39ab, 0x316a, 0x2929, 0x2909, 0x3129, 0x396a, 0x418b, 0x394a, 0x394a, 0x414a,
0x3929, 0x416b, 0x49ab, 0x49ab, 0x418b, 0x498b, 0x498b, 0x49ab, 0x5a2d, 0x5a4d,
0x626e, 0x626e, 0x624e, 0x624d, 0x6a6e, 0x72af, 0x72af, 0x7aaf, 0x82d0, 0x8af0,
0xab93, 0xc3f4, 0xcc15, 0xcc15, 0xcc35, 0xd495, 0xd4b7, 0xdcf9, 0xdd1b, 0xd4db,
0xccba, 0xe61d, 0xffbf, 0xdd99, 0xdcd7, 0xe4f7, 0xe538, 0xdd79, 0xed7b, 0xed9c,
0xedde, 0xf5ff, 0xfe3f, 0xed9d, 0xd417, 0xd3d5, 0xd3d6, 0xd3d6, 0xd3f6, 0xd417,
0xd438, 0xd479, 0xd499, 0xdcba, 0xdcba, 0xdcda, 0xdcfb, 0xdcfb, 0xdcfb, 0xdcfa,
0xdd1a, 0xdd3b, 0xe55b, 0xe57b, 0xe57c, 0xe5bc, 0xedbc, 0xe5bc, 0xedbc, 0xedfd,

0x7a2f, 0x92d1, 0xa353, 0xb394, 0xb3b5, 0xb395, 0xb395, 0xab54, 0x92f1, 0x618b,
0x720d, 0xb3f5, 0xc417, 0xcbf6, 0xa332, 0x6a2d, 0x51aa, 0x516a, 0x620c, 0x9b72,
0xa3d3, 0x9331, 0x598a, 0x5989, 0x61eb, 0x7aae, 0x9392, 0xac14, 0xa3b2, 0x828e,
0x5949, 0x7a0c, 0x9acf, 0xab51, 0xb392, 0xbb93, 0xbbb4, 0xc3f5, 0xcc16, 0xd416,
0xd437, 0xd436, 0xcc16, 0xdc57, 0xdc77, 0xdc77, 0xdc77, 0xd437, 0xcbd5, 0xb313,
0xa2b1, 0xbb34, 0xd417, 0xd3f6, 0xa291, 0xaaf2, 0xc395, 0xcbf6, 0xcbf7, 0xcbf7,
0xcbd6, 0xbb53, 0xb2f1, 0xbb53, 0xd375, 0xd354, 0xcaf2, 0x918b, 0x5065, 0x4084,
0x722a, 0x71a9, 0x7928, 0x912a, 0xb1ad, 0xc22f, 0xcab1, 0xca90, 0xcaf1, 0xd3d4,
0xd415, 0xd3f5, 0xdbf5, 0xdbf5, 0xdbf5, 0xd3f5, 0xcbd4, 0xbbb2, 0x92cd, 0xa34f,
0x9b0e, 0x826c, 0x82ac, 0x82cd, 0x6a2a, 0x59a8, 0x7209, 0x9b0d, 0xa32e, 0xa30e,
0xab2e, 0xb34f, 0xbb70, 0xc390, 0xc390, 0xc391, 0xc391, 0xc391, 0xc390, 0xc390,
0xc390, 0xc390, 0xc390, 0xc391, 0xc3b1, 0xc3b1, 0xcbb1, 0xcbd1, 0xcbf2, 0xcbf2,
0xcbf2, 0xd3f2, 0xd412, 0xd412, 0xd413, 0xd412, 0xd413, 0xd433, 0xd453, 0xdc54,
0xdc74, 0xdc54, 0xd453, 0xd453, 0xd453, 0xd453, 0xd453, 0xd453, 0xd453, 0xd474,
0xd453, 0xd473, 0xb3f2, 0x4969, 0x2086, 0x20e7, 0x18e7, 0x18c7, 0x18a7, 0x18c7,
0x20c7, 0x20c7, 0x20c7, 0x18a7, 0x20e8, 0x2108, 0x20e8, 0x20e8, 0x20c8, 0x18a7,
0x2929, 0x2109, 0x18a7, 0x2109, 0x18a7, 0x294a, 0x2108, 0x1087, 0x2929, 0x18a7,
0x18c7, 0x20e8, 0x2109, 0x2109, 0x292a, 0x2129, 0x2109, 0x2109, 0x2109, 0x2129,
0x292a, 0x292a, 0x292a, 0x292a, 0x292a, 0x292a, 0x292a, 0x212a, 0x2109, 0x2109,
0x2109, 0x2109, 0x2109, 0x2109, 0x2109, 0x2109, 0x2109, 0x2109, 0x2109, 0x292a,
0x292a, 0x292a, 0x292a, 0x294a, 0x294a, 0x294b, 0x294b, 0x316b, 0x316b, 0x318c,
0x318c, 0x318c, 0x318c, 0x318c, 0x318c, 0x318c, 0x318c, 0x318d, 0x39ad, 0x39ad,
0x39cd, 0x39ad, 0x39cd, 0x39cd, 0x39cd, 0x39cd, 0x39cd, 0x39cd, 0x39ed, 0x39cd,
0x39ed, 0x39ed, 0x39ed, 0x31ab, 0x39ec, 0x8414, 0x422c, 0x39cb, 0x39ec, 0x39cc,
0x39ec, 0x39ec, 0x39ec, 0x39ab, 0x314a, 0x2909, 0x28e9, 0x3109, 0x392a, 0x392a,
0x392a, 0x392a, 0x394a, 0x394a, 0x394a, 0x416a, 0x416a, 0x416a, 0x51cc, 0x51ec,
0x520c, 0x5a0d, 0x626e, 0x72af, 0x72af, 0x6a8f, 0x726e, 0x726e, 0x728f, 0x7a8f,
0x8ad0, 0xab93, 0xbbb3, 0xc3d3, 0xcc14, 0xd455, 0xd496, 0xdcf8, 0xe53a, 0xe55b,
0xdd3c, 0xd55c, 0xeeff, 0xff1f, 0xd517, 0xdd17, 0xdd38, 0xe559, 0xed7a, 0xedbc,
0xedde, 0xf5ff, 0xfe1f, 0xe4fc, 0xd3d6, 0xdbd6, 0xdbf6, 0xdc37, 0xdc38, 0xdc58,
0xd458, 0xd479, 0xdcba, 0xdcda, 0xdcdb, 0xdcfb, 0xdcfa, 0xd4da, 0xd4ba, 0xd4da,
0xdd1a, 0xdd3b, 0xe55b, 0xe57b, 0xe59c, 0xe5bc, 0xe5bc, 0xe59c, 0xe59c, 0xeddd,

0x69ad, 0x8ab1, 0x9af2, 0xab94, 0xb3b5, 0xb395, 0xbb95, 0xbb96, 0x9b32, 0x828f,
0x596a, 0x9331, 0xb3d5, 0xab74, 0x7a4e, 0x51ab, 0x51ab, 0x61cb, 0x9331, 0xb414,
0xa3d3, 0x724d, 0x40e7, 0x5168, 0x7aee, 0xa413, 0xac55, 0xac55, 0xac14, 0x82cf,
0x5949, 0x8a8e, 0xa310, 0xb393, 0xbbd4, 0xc3d4, 0xc3f5, 0xcbf5, 0xcc16, 0xd436,
0xdc57, 0xd416, 0xd416, 0xdc57, 0xdc57, 0xdc56, 0xdc57, 0xdc57, 0xd417, 0xcbb5,
0xbb34, 0xb313, 0xb313, 0xb313, 0xbb33, 0xcbb6, 0xcbd6, 0xd417, 0xd418, 0xd417,
0xcbf6, 0xc394, 0xbb32, 0xc353, 0xdb96, 0xd355, 0xbab1, 0x816a, 0x4844, 0x48e5,
0x722a, 0x7168, 0x7908, 0x912a, 0xb1ad, 0xba2f, 0xe333, 0xca70, 0xd373, 0xd3b4,
0xd3f4, 0xd3f5, 0xdbf5, 0xdbf5, 0xdbf5, 0xdbd5, 0xd3b4, 0xcbd3, 0xa30e, 0x9b0e,
0xab50, 0xa32f, 0x7a0a, 0x69e9, 0x724a, 0x722a, 0xa2ed, 0xab0e, 0xab0e, 0xab0e,
0xab2e, 0xb34f, 0xbb70, 0xc390, 0xc390, 0xc391, 0xc391, 0xc391, 0xc391, 0xc391,
0xc391, 0xc391, 0xc391, 0xc3b1, 0xc3b1, 0xcbb1, 0xcbd1, 0xcbd2, 0xcbf2, 0xd3f2,
0xd412, 0xd413, 0xd433, 0xdc33, 0xdc33, 0xdc33, 0xdc33, 0xdc53, 0xdc54, 0xdc54,
0xdc74, 0xdc74, 0xdc74, 0xdc74, 0xdc74, 0xd494, 0xd494, 0xdcb5, 0xdcb5, 0xdc94,
0xdcf6, 0xb433, 0x4948, 0x2066, 0x20e8, 0x20c7, 0x1886, 0x18a6, 0x18a7, 0x18a7,
0x18c7, 0x20c7, 0x18c7, 0x18a7, 0x2108, 0x20e8, 0x20c8, 0x20e8, 0x18a7, 0x18c7,
0x2949, 0x2109, 0x20e8, 0x2129, 0x18c8, 0x318b, 0x296a, 0x10a7, 0x2129, 0x20e8,
0x18a7, 0x18e8, 0x20e8, 0x18c8, 0x18c8, 0x2109, 0x18c8, 0x2109, 0x292a, 0x210a,
0x210a, 0x292a, 0x212a, 0x292a, 0x292a, 0x292a, 0x292a, 0x212a, 0x210a, 0x210a,
0x210a, 0x210a, 0x2109, 0x2109, 0x2109, 0x2109, 0x2109, 0x2109, 0x2109, 0x292a,
0x292a, 0x292a, 0x294a, 0x294a, 0x294a, 0x294b, 0x294b, 0x316b, 0x316b, 0x316c,
0x316c, 0x316c, 0x318d, 0x318d, 0x318d, 0x318d, 0x318d, 0x398d, 0x398d, 0x39ad,
0x39ad, 0x39ad, 0x39ad, 0x39ce, 0x39ce, 0x39ce, 0x39ce, 0x39ce, 0x39ce, 0x39ce,
0x39ce, 0x41ce, 0x41ce, 0x41ee, 0x318b, 0x526e, 0x83f4, 0x31ac, 0x3a0d, 0x39ed,
0x39ed, 0x39ed, 0x420d, 0x3a0d, 0x420d, 0x41cc, 0x316b, 0x3109, 0x28c8, 0x28c9,
0x28e9, 0x30e9, 0x310a, 0x312a, 0x392a, 0x392a, 0x3929, 0x394a, 0x418b, 0x49ab,
0x418b, 0x49ab, 0x51ec, 0x5a0c, 0x6a6e, 0x728f, 0x728f, 0x726e, 0x6a6e, 0x6a8e,
0x6a0d, 0x826e, 0xab51, 0xb392, 0xbbd2, 0xc3f4, 0xcc35, 0xd4b6, 0xdd18, 0xe55a,
0xdd3b, 0xdd5c, 0xe5bc, 0xff5f, 0xe67c, 0xcd37, 0xe538, 0xed18, 0xed5b, 0xf5bd,
0xf5fe, 0xf61f, 0xfddf, 0xd439, 0xd3d6, 0xdbb5, 0xd3d6, 0xd3f6, 0xd437, 0xdc78,
0xdcb9, 0xdcba, 0xdcdb, 0xe4fb, 0xe51b, 0xdd1b, 0xdcfa, 0xd4ba, 0xcc99, 0xd4da,
0xdd1b, 0xe53b, 0xe55b, 0xe57c, 0xe59c, 0xe5bc, 0xe59c, 0xe59c, 0xe59c, 0xeddd,

0x594b, 0x8270, 0x92f1, 0x9b33, 0xab74, 0xb3b5, 0xb395, 0xb375, 0xa353, 0x9311,
0x6a0c, 0x69ec, 0xa393, 0x82b0, 0x59ab, 0x51ab, 0x59ec, 0x7aaf, 0xbc35, 0xbc55,
0xa3b3, 0x61eb, 0x4128, 0x5a0b, 0x7aee, 0xa434, 0xc518, 0xc518, 0xc4f8, 0x8aef,
0x71eb, 0x92ef, 0xab52, 0xc3f5, 0xcc16, 0xcc15, 0xcbf6, 0xcbf6, 0xd3f6, 0xdc36,
0xdc57, 0xd436, 0xd416, 0xdc57, 0xdc56, 0xdc56, 0xdc56, 0xdc77, 0xdc77, 0xdc37,
0xd417, 0xd3f6, 0xcbb5, 0xcbb5, 0xd417, 0xcbf7, 0xd417, 0xd418, 0xd418, 0xd418,
0xd417, 0xcbb6, 0xbb54, 0xc354, 0xd3b6, 0xd375, 0xb2b1, 0x70e8, 0x4023, 0x5126,
0x6188, 0x6907, 0x8109, 0xa14b, 0xb1ad, 0xd2d2, 0xd313, 0xcad2, 0xe3f6, 0xd3d5,
0xd3d5, 0xdbf5, 0xdbf5, 0xdbf5, 0xdbf6, 0xdbd6, 0xd3b5, 0xcbd4, 0xb391, 0x9acd,
0xab50, 0xab70, 0x9b0f, 0x826c, 0x932e, 0x82ac, 0xa2ed, 0xab0e, 0xab0e, 0xab0e,
0xab0e, 0xb34f, 0xbb70, 0xc390, 0xc390, 0xc390, 0xc390, 0xc390, 0xc3b1, 0xc391,
0xc3b1, 0xc3b1, 0xc3b1, 0xc3b1, 0xcbb1, 0xcbb1, 0xcbd1, 0xcbf2, 0xd3f2, 0xd412,
0xd433, 0xdc33, 0xdc53, 0xdc53, 0xdc54, 0xdc53, 0xdc54, 0xdc74, 0xdc74, 0xdc74,
0xdc94, 0xdc74, 0xdc94, 0xe495, 0xdcb5, 0xdcb5, 0xdcb4, 0xdc94, 0xdcb5, 0xdcd5,
0xabd1, 0x3907, 0x1865, 0x20e7, 0x18a7, 0x20a6, 0x20a6, 0x1886, 0x18a6, 0x18a7,
0x18c7, 0x18c7, 0x18a7, 0x18a7, 0x20e8, 0x20e8, 0x20e8, 0x20e8, 0x18a7, 0x18c7,
0x294a, 0x2108, 0x2109, 0x2929, 0x18c8, 0x316b, 0x294a, 0x2109, 0x20e8, 0x2949,
0x18c7, 0x18c8, 0x20e8, 0x20e8, 0x1087, 0x18c8, 0x18a8, 0x18e8, 0x20e9, 0x210a,
0x210a, 0x210a, 0x292a, 0x212a, 0x292a, 0x292a, 0x292a, 0x212a, 0x210a, 0x210a,
0x210a, 0x210a, 0x2109, 0x2109, 0x2109, 0x2109, 0x2109, 0x2109, 0x2109, 0x292a,
0x292a, 0x292a, 0x292a, 0x292a, 0x294a, 0x294b, 0x294b, 0x316b, 0x294b, 0x316c,
0x316c, 0x316c, 0x318c, 0x318d, 0x398d, 0x398d, 0x398d, 0x398d, 0x398d, 0x39ad,
0x39ad, 0x39ad, 0x39ad, 0x39ae, 0x39ce, 0x39ce, 0x39ce, 0x39ce, 0x39ce, 0x39ce,
0x41cf, 0x41af, 0x41cf, 0x41ce, 0x41ee, 0x292a, 0x7353, 0x7394, 0x31ac, 0x420e,
0x3a0e, 0x3a0e, 0x420e, 0x420e, 0x422e, 0x422e, 0x4a2e, 0x41cd, 0x394b, 0x30e9,
0x30e9, 0x3109, 0x3109, 0x3109, 0x3109, 0x3129, 0x3929, 0x394a, 0x418b, 0x41ab,
0x41ab, 0x394a, 0x416a, 0x51ab, 0x51ec, 0x5a0d, 0x6a4e, 0x72af, 0x7ad0, 0x72d0,
0x7acf, 0x828e, 0x9af0, 0xa351, 0xab71, 0xbbb3, 0xcbf4, 0xd495, 0xdcd6, 0xe539,
0xe55b, 0xe53c, 0xed5c, 0xf65e, 0xff9f, 0xd599, 0xdd17, 0xed18, 0xed5a, 0xedbd,
0xf61f, 0xfe5f, 0xed5d, 0xcbb7, 0xd3b6, 0xd395, 0xd3b6, 0xd3f6, 0xd417, 0xd437,
0xd478, 0xdcba, 0xdcda, 0xdcda, 0xdcda, 0xdcda, 0xd4da, 0xd4ba, 0xd49a, 0xd4da,
0xdd1b, 0xe53b, 0xe57b, 0xe59c, 0xe59c, 0xe5bc, 0xe59c, 0xe57c, 0xe59c, 0xeddd,

0x596b, 0x69ed, 0x9312, 0x92f2, 0xab74, 0xb394, 0xab74, 0xab74, 0xab74, 0x9af2,
0x8290, 0x494a, 0x6a6e, 0x61cb, 0x4949, 0x494a, 0x620d, 0xa3b3, 0xcc96, 0xbc34,
0x9b51, 0x518a, 0x4169, 0x522c, 0x51eb, 0x628e, 0x8b73, 0xc539, 0xc538, 0x82ef,
0x7a4c, 0x9aef, 0xbbb4, 0xcc36, 0xd456, 0xd436, 0xd416, 0xcbf5, 0xd416, 0xd416,
0xdc57, 0xdc57, 0xdc36, 0xdc57, 0xdc77, 0xdc77, 0xdc77, 0xdc77, 0xdc77, 0xe477,
0xe497, 0xdc77, 0xd457, 0xd437, 0xd438, 0xd438, 0xd438, 0xd438, 0xdc39, 0xd439,
0xd438, 0xd418, 0xc3b6, 0xbb75, 0xd3d7, 0xcb95, 0xa26f, 0x6086, 0x4823, 0x5968,
0x6948, 0x8929, 0x994b, 0xb16d, 0xca11, 0xe315, 0xba72, 0xd3d5, 0xdc37, 0xdbf6,
0xdbd6, 0xdbd6, 0xdbd6, 0xdbf6, 0xdbf7, 0xdbd7, 0xd3b6, 0xcbb4, 0xbb92, 0xab2f,
0xab50, 0xab70, 0xa32f, 0x8a8c, 0x9aee, 0x9aee, 0xab6f, 0xa32d, 0xa30d, 0xab0e,
0xb32e, 0xbb4f, 0xc370, 0xc390, 0xc390, 0xc390, 0xc370, 0xc390, 0xc3b0, 0xc3b1,
0xc3b1, 0xcbb1, 0xcbb1, 0xcbb1, 0xcbd1, 0xcbd1, 0xcbd2, 0xd3f2, 0xd412, 0xd413,
0xd433, 0xdc53, 0xd453, 0xdc53, 0xdc53, 0xdc74, 0xdc74, 0xdc94, 0xe495, 0xe495,
0xe495, 0xe495, 0xe495, 0xe495, 0xdcb5, 0xdcb5, 0xdc94, 0xdc94, 0xd4d5, 0xa391,
0x30a6, 0x1865, 0x20c7, 0x20c6, 0x1886, 0x1886, 0x1886, 0x1886, 0x18a6, 0x18a7,
0x20c7, 0x20a7, 0x18a6, 0x18a7, 0x18c7, 0x20c8, 0x20e8, 0x20e8, 0x18c7, 0x20e8,
0x292a, 0x2109, 0x2929, 0x2909, 0x20c9, 0x398c, 0x294a, 0x292a, 0x18c8, 0x314a,
0x20e8, 0x20e9, 0x20e9, 0x294a, 0x1087, 0x18c8, 0x18e8, 0x18a7, 0x20e9, 0x20e9,
0x212a, 0x20e9, 0x210a, 0x210a, 0x210a, 0x292a, 0x2129, 0x292a, 0x2109, 0x2109,
0x2109, 0x2109, 0x2109, 0x2109, 0x2109, 0x2109, 0x2109, 0x2109, 0x210a, 0x292a,
0x292a, 0x292a, 0x292a, 0x292a, 0x294b, 0x294b, 0x294b, 0x316b, 0x316c, 0x316c,
0x316c, 0x316c, 0x316c, 0x396c, 0x398d, 0x398d, 0x398d, 0x398d, 0x39ad, 0x39ad,
0x39ad, 0x39ad, 0x39ad, 0x39ad, 0x41ae, 0x41ae, 0x41ae, 0x41ce, 0x41ce, 0x41ce,
0x41ce, 0x41ce, 0x41ee, 0x41ce, 0x41ee, 0x41ce, 0x314c, 0x83b4, 0x5290, 0x39ef,
0x39ef, 0x41ef, 0x4a0f, 0x420f, 0x422f, 0x4230, 0x4230, 0x4a50, 0x422f, 0x39ad,
0x394b, 0x312a, 0x3109, 0x312a, 0x3129, 0x3129, 0x3109, 0x392a, 0x416a, 0x416b,
0x498b, 0x49ac, 0x418b, 0x416b, 0x414a, 0x51ac, 0x51cc, 0x5a0d, 0x6a4f, 0x7a8f,
0x82d0, 0x8af1, 0x92f0, 0x92f0, 0x9b31, 0xab31, 0xc3b3, 0xcc34, 0xd495, 0xdcf8,
0xed5a, 0xed3c, 0xe53d, 0xe59e, 0xfeff, 0xf69d, 0xd4f7, 0xe537, 0xed39, 0xedbc,
0xf61f, 0xfe5f, 0xe4da, 0xdb95, 0xd374, 0xd375, 0xd3b5, 0xd3d6, 0xd417, 0xd417,
0xdc79, 0xdcba, 0xdcda, 0xdcba, 0xd4b9, 0xd4ba, 0xd4ba, 0xd499, 0xd4ba, 0xdcda,
0xdd1b, 0xe53b, 0xe55c, 0xe57c, 0xe59c, 0xe59c, 0xe59c, 0xe59c, 0xedbc, 0xedbc,

0x492a, 0x514a, 0x9312, 0x9312, 0xa313, 0xb374, 0xb395, 0xab74, 0xab54, 0x9b12,
0x8ad0, 0x59cc, 0x4129, 0x5149, 0x4929, 0x492a, 0x82b0, 0xc476, 0xc476, 0xb3f3,
0x828e, 0x4107, 0x4169, 0x3969, 0x41aa, 0x626e, 0x6a8f, 0x8b93, 0xbd18, 0x726d,
0x826d, 0xa351, 0xc3f5, 0xd497, 0xdcb8, 0xdc98, 0xdc77, 0xd416, 0xd416, 0xd436,
0xdc37, 0xdc57, 0xdc57, 0xdc57, 0xdc36, 0xdc56, 0xdc77, 0xe477, 0xe497, 0xe498,
0xecb8, 0xe498, 0xdc99, 0xdc98, 0xdc78, 0xdc58, 0xd438, 0xdc59, 0xdc39, 0xdc39,
0xdc39, 0xd438, 0xcbd7, 0xc396, 0xd3f7, 0xd3f6, 0x81cc, 0x4024, 0x4844, 0x6907,
0x8129, 0xa18b, 0xb1ad, 0xb9cf, 0xca72, 0xba52, 0xc314, 0xe478, 0xdc17, 0xdbf6,
0xdbd6, 0xdbd6, 0xdbb6, 0xdbd6, 0xdbf7, 0xdbd7, 0xd3b6, 0xcb94, 0xbb71, 0xab50,
0xbb91, 0xab2f, 0xab4f, 0x9b0e, 0x7a0a, 0x828c, 0xcc73, 0xab2e, 0xab0e, 0xb32e,
0xbb2f, 0xc34f, 0xc370, 0xc370, 0xc390, 0xc370, 0xc370, 0xc390, 0xc3b1, 0xcbb1,
0xcbb1, 0xcbd1, 0xcbb1, 0xcbb1, 0xcbd1, 0xcbd2, 0xcbf2, 0xd3f2, 0xd413, 0xd433,
0xdc33, 0xdc53, 0xdc53, 0xd453, 0xdc74, 0xdc94, 0xdc94, 0xe494, 0xe4b5, 0xe4b5,
0xe4b5, 0xe495, 0xe495, 0xe495, 0xe4b5, 0xdc94, 0xd494, 0xd4b5, 0xa370, 0x3086,
0x2066, 0x20c7, 0x20c6, 0x18a6, 0x1886, 0x1886, 0x1886, 0x1886, 0x1886, 0x1886,
0x18a7, 0x1886, 0x18a6, 0x18a7, 0x18a7, 0x18c7, 0x20c8, 0x20e8, 0x18a7, 0x2929,
0x2929, 0x2909, 0x292a, 0x292a, 0x290a, 0x398c, 0x314a, 0x314a, 0x20c8, 0x316b,
0x292a, 0x2909, 0x2109, 0x294a, 0x18c8, 0x1087, 0x2109, 0x18c8, 0x18c8, 0x20e9,
0x2109, 0x210a, 0x20e9, 0x210a, 0x212a, 0x292a, 0x2109, 0x2109, 0x2109, 0x2109,
0x2109, 0x2109, 0x2109, 0x2109, 0x2109, 0x2109, 0x2109, 0x2109, 0x2109, 0x210a,
0x212a, 0x292a, 0x292a, 0x292a, 0x294b, 0x294b, 0x294b, 0x316b, 0x316c, 0x316c,
0x316c, 0x316c, 0x398c, 0x398d, 0x398d, 0x398d, 0x398d, 0x398d, 0x39ad, 0x39ad,
0x39ad, 0x39ad, 0x39ad, 0x39ad, 0x41ae, 0x41ae, 0x41ae, 0x41ce, 0x41ce, 0x41ce,
0x41ce, 0x41ce, 0x41ce, 0x41ef, 0x49ef, 0x49ef, 0x398d, 0x4a2e, 0x8c37, 0x39ce,
0x41f0, 0x41ef, 0x49ef, 0x420f, 0x4230, 0x4a30, 0x4a30, 0x4a50, 0x4a50, 0x4a2f,
0x4a0d, 0x398b, 0x314a, 0x3129, 0x312a, 0x3929, 0x3909, 0x3929, 0x3929, 0x3929,
0x392a, 0x416b, 0x418b, 0x418b, 0x414a, 0x496b, 0x498b, 0x498b, 0x51ac, 0x61ed,
0x724e, 0x828f, 0x8ad0, 0x9b11, 0x9b11, 0xa310, 0xbb92, 0xc3f3, 0xcc55, 0xdcb7,
0xe519, 0xed3b, 0xed5d, 0xe57d, 0xee3e, 0xff1f, 0xe579, 0xdcf7, 0xe539, 0xed9c,
0xf61f, 0xfe1f, 0xd438, 0xd374, 0xd374, 0xcb74, 0xd395, 0xd3b6, 0xd3f7, 0xd417,
0xdc79, 0xdc9a, 0xdcba, 0xd49a, 0xd499, 0xd4ba, 0xd4b9, 0xd4b9, 0xd4b9, 0xdcfa,
0xdd1b, 0xdd1b, 0xe55b, 0xe57c, 0xe57c, 0xe57c, 0xe59c, 0xe59c, 0xedbc, 0xedbc,

0x38e9, 0x4109, 0x722e, 0x9332, 0x9af2, 0xab54, 0xab54, 0xab74, 0xab33, 0x9b12,
0x8af1, 0x6a2e, 0x4108, 0x4108, 0x4909, 0x59ac, 0xa3b4, 0xcc97, 0xc435, 0xa351,
0x61cb, 0x38e7, 0x3928, 0x20a6, 0x2907, 0x3129, 0x5a2d, 0x6aaf, 0x8bb3, 0x724e,
0x9b11, 0xb393, 0xcc36, 0xdcb8, 0xe4d9, 0xe4d8, 0xe498, 0xdc77, 0xd436, 0xd436,
0xdc36, 0xdc37, 0xdc57, 0xdc57, 0xdc57, 0xdc57, 0xdc77, 0xe498, 0xe498, 0xe498,
0xe4b8, 0xe4b9, 0xe4b9, 0xe4b9, 0xe499, 0xdc79, 0xdc58, 0xdc59, 0xd418, 0xdc59,
0xdc79, 0xd438, 0xd418, 0xcbd7, 0xdc17, 0xcc16, 0x5108, 0x3824, 0x60c7, 0x8929,
0xa18c, 0xb1ce, 0xb9cf, 0xc231, 0xba52, 0xc2f4, 0xe439, 0xe478, 0xdc17, 0xdc17,
0xd3d6, 0xd3b6, 0xd3b6, 0xd3b6, 0xdbb7, 0xdbd7, 0xd3b6, 0xcb93, 0xbb71, 0xb350,
0xbb30, 0xb30f, 0xab2f, 0xa30e, 0x8aac, 0x71c9, 0x8a4b, 0xa2ac, 0xb34f, 0xbb4f,
0xbb4f, 0xc36f, 0xc36f, 0xbb6f, 0xbb6f, 0xc390, 0xc370, 0xc390, 0xc3b0, 0xc391,
0xc3b1, 0xcbb1, 0xcbb1, 0xcbb1, 0xcbd1, 0xcbd2, 0xd3f2, 0xd412, 0xd412, 0xd412,
0xd433, 0xd433, 0xd433, 0xdc74, 0xdc94, 0xe494, 0xe4b5, 0xe4b5, 0xdc94, 0xdc94,
0xdc94, 0xe495, 0xe495, 0xe495, 0xdc94, 0xd473, 0xd4b5, 0xa390, 0x30a6, 0x2066,
0x20c7, 0x20a6, 0x20c6, 0x18a6, 0x1886, 0x1886, 0x1886, 0x1886, 0x1886, 0x1886,
0x1886, 0x1886, 0x1886, 0x18a7, 0x18a7, 0x18a7, 0x18c7, 0x20c8, 0x18c7, 0x20e8,
0x20e8, 0x2909, 0x2909, 0x2909, 0x290a, 0x314b, 0x292a, 0x314b, 0x2909, 0x316b,
0x314b, 0x292a, 0x290a, 0x294a, 0x292a, 0x1087, 0x20e9, 0x2109, 0x18c8, 0x18e9,
0x18c8, 0x210a, 0x210a, 0x20e9, 0x210a, 0x294a, 0x2109, 0x20e9, 0x2109, 0x20e9,
0x20e9, 0x20e9, 0x20e9, 0x20e9, 0x20e9, 0x20e9, 0x20e9, 0x20e9, 0x2109, 0x210a,
0x210a, 0x292a, 0x292a, 0x292a, 0x294b, 0x294b, 0x294b, 0x316b, 0x316c, 0x316c,
0x316c, 0x396d, 0x398d, 0x398d, 0x398d, 0x398d, 0x398d, 0x398d, 0x398d, 0x398d,
0x398d, 0x39ae, 0x39ae, 0x39ae, 0x41ae, 0x41ae, 0x41ae, 0x41ce, 0x41ce, 0x41ce,
0x41ce, 0x41ce, 0x41cf, 0x41cf, 0x41cf, 0x41cf, 0x4a0f, 0x292b, 0x7354, 0x6313,
0x39ae, 0x49ef, 0x41ef, 0x4a10, 0x4a10, 0x4a30, 0x4a30, 0x4a30, 0x4a51, 0x4a70,
0x4a6f, 0x420e, 0x41cd, 0x396b, 0x312a, 0x392a, 0x394a, 0x394a, 0x394a, 0x394a,
0x392a, 0x392a, 0x312a, 0x394a, 0x394a, 0x416b, 0x498c, 0x498b, 0x496b, 0x51ab,
0x620d, 0x724e, 0x828e, 0x8a8f, 0x92d0, 0xa311, 0xb372, 0xbbb3, 0xc414, 0xd476,
0xe4f8, 0xed3a, 0xed3c, 0xe57c, 0xedbd, 0xfedf, 0xf67d, 0xdd17, 0xe519, 0xed7b,
0xfe1f, 0xf5be, 0xcbd6, 0xd394, 0xd374, 0xd375, 0xd395, 0xd3b6, 0xd3f7, 0xd417,
0xdc58, 0xdc79, 0xd499, 0xd479, 0xd499, 0xd499, 0xd499, 0xd499, 0xd499, 0xdcda,
0xdcfa, 0xdd1b, 0xe53b, 0xe55c, 0xe57c, 0xe57c, 0xe57c, 0xe59c, 0xedbc, 0xedbc,

0x28c7, 0x3909, 0x516b, 0x8ad1, 0x92d1, 0xa333, 0xab74, 0xab54, 0xab54, 0x9b12,
0x8ad1, 0x620d, 0x38e8, 0x30a7, 0x4909, 0x7a4f, 0xb3d6, 0xc437, 0xb3b4, 0x92f0,
0x598a, 0x4128, 0x3969, 0x1064, 0x28e7, 0x2908, 0x7b72, 0x7331, 0x51cc, 0x620d,
0x9b12, 0xbbd5, 0xcc56, 0xdcb8, 0xe4d9, 0xe4b8, 0xe4d9, 0xe498, 0xdc57, 0xd436,
0xdc57, 0xdc57, 0xdc57, 0xdc57, 0xdc57, 0xdc77, 0xe498, 0xe498, 0xe498, 0xe4b8,
0xe4b8, 0xe4b9, 0xe4b9, 0xe4b9, 0xe499, 0xdc79, 0xdc59, 0xdc59, 0xd439, 0xdc59,
0xdc7a, 0xdc59, 0xd439, 0xd418, 0xdc38, 0xbb93, 0x4045, 0x50a6, 0x7949, 0xa9ad,
0xb1ce, 0xb1ef, 0xba30, 0xba72, 0xcb14, 0xdc18, 0xe459, 0xdc59, 0xdc38, 0xd3f7,
0xd3b6, 0xcb96, 0xd396, 0xd396, 0xdbb7, 0xdbb7, 0xd395, 0xc373, 0xb350, 0xab2f,
0xb2ee, 0xbb4f, 0xbb70, 0xab4f, 0x9aed, 0x92ac, 0xa2cd, 0xbb6f, 0xbb6f, 0xbb4f,
0xbb4f, 0xbb4f, 0xc36f, 0xbb6f, 0xbb6f, 0xc370, 0xc390, 0xc390, 0xc390, 0xc3b1,
0xc3b1, 0xcbb1, 0xcbb1, 0xcbd1, 0xcbd2, 0xcbf2, 0xd3f2, 0xd412, 0xd412, 0xd412,
0xd433, 0xd433, 0xd453, 0xdc74, 0xdc94, 0xe4b5, 0xe4b5, 0xe4b5, 0xe495, 0xe495,
0xe495, 0xe495, 0xe495, 0xdc74, 0xd473, 0xcc93, 0xabd1, 0x38c6, 0x1845, 0x18a7,
0x18c7, 0x18a6, 0x1886, 0x1886, 0x1885, 0x1885, 0x1885, 0x1866, 0x1866, 0x1866,
0x1886, 0x1886, 0x1886, 0x18a7, 0x18a7, 0x18a7, 0x18c7, 0x20c8, 0x20e8, 0x20e8,
0x20c8, 0x20e8, 0x2909, 0x2109, 0x20e9, 0x292a, 0x292a, 0x292b, 0x290a, 0x314b,
0x316b, 0x292a, 0x314b, 0x292a, 0x316b, 0x10a8, 0x20e9, 0x292a, 0x20e9, 0x18c9,
0x18c9, 0x18c9, 0x20e9, 0x20e9, 0x18c9, 0x20e9, 0x2109, 0x20e9, 0x2109, 0x20e9,
0x20e9, 0x20e9, 0x2109, 0x20e9, 0x20e9, 0x2109, 0x20e9, 0x20e9, 0x20e9, 0x2109,
0x210a, 0x210a, 0x212a, 0x292a, 0x294a, 0x294a, 0x296b, 0x316b, 0x316c, 0x318c,
0x318d, 0x396d, 0x398d, 0x398d, 0x398d, 0x398d, 0x398d, 0x398d, 0x398d, 0x398d,
0x398d, 0x39ae, 0x39ae, 0x39ae, 0x39ae, 0x39ae, 0x39ae, 0x39ae, 0x41ae, 0x41ce,
0x41cf, 0x41cf, 0x41cf, 0x41cf, 0x41ef, 0x41ef, 0x41ef, 0x39ae, 0x41ce, 0x9458,
0x4a10, 0x41cf, 0x49f0, 0x49f0, 0x4a10, 0x4a10, 0x4a10, 0x4a31, 0x4a31, 0x4a51,
0x4a70, 0x4a50, 0x4a2f, 0x41ed, 0x398b, 0x394a, 0x394a, 0x394a, 0x396a, 0x396a,
0x394a, 0x394a, 0x394a, 0x312a, 0x3129, 0x394a, 0x416b, 0x498b, 0x49ab, 0x51cc,
0x622d, 0x726e, 0x828f, 0x8aaf, 0x92af, 0xa2f0, 0xab31, 0xb372, 0xbbd4, 0xcc35,
0xdcb6, 0xe519, 0xed3b, 0xe55b, 0xe57c, 0xf61e, 0xfeff, 0xe57a, 0xe519, 0xed7b,
0xfdff, 0xed5d, 0xcbb6, 0xd395, 0xdb95, 0xd375, 0xd395, 0xd3d6, 0xdbf7, 0xdc17,
0xdc38, 0xd458, 0xd459, 0xd479, 0xd49a, 0xd49a, 0xd479, 0xd479, 0xd479, 0xd499,
0xd4ba, 0xdcfb, 0xe53c, 0xe55c, 0xe55c, 0xe55c, 0xe57c, 0xedbd, 0xedbd, 0xedbd,

0x20a7, 0x28c8, 0x4109, 0x6a0d, 0x8ab0, 0x92d1, 0xab74, 0xa333, 0xab33, 0x9af2,
0x7a4f, 0x59ab, 0x38e8, 0x28a6, 0x514a, 0x92f2, 0xbbd6, 0xc3f6, 0xab73, 0x8acf,
0x59aa, 0x38e7, 0x49ea, 0x28e7, 0x20c6, 0x5a8d, 0x8c55, 0x41aa, 0x3929, 0x6a2e,
0x9b33, 0xbbb5, 0xd457, 0xdcb8, 0xe4d8, 0xe4d8, 0xe4b8, 0xe498, 0xdc57, 0xd416,
0xdc37, 0xdc57, 0xe478, 0xe477, 0xdc77, 0xe478, 0xe498, 0xe498, 0xe499, 0xecb9,
0xecb9, 0xe4b9, 0xe4b9, 0xe4b9, 0xe4b9, 0xe49a, 0xe499, 0xdc79, 0xdc7a, 0xdc7a,
0xe49a, 0xe47a, 0xdc7a, 0xdc59, 0xdc78, 0x8a2d, 0x4845, 0x7128, 0x91cc, 0xaa0e,
0xba71, 0xbab3, 0xcb35, 0xd3b6, 0xdc38, 0xe479, 0xdc59, 0xdc59, 0xdc38, 0xd3f8,
0xcb97, 0xcb76, 0xcb76, 0xd397, 0xdbb7, 0xd397, 0xcb75, 0xc352, 0xab0e, 0xa2cd,
0xaaed, 0xb32f, 0xb32f, 0xa2cd, 0xa2cd, 0xbb6f, 0xc390, 0xc36f, 0xbb2f, 0xbb4f,
0xc36f, 0xc370, 0xc390, 0xc370, 0xbb4f, 0xbb4f, 0xc370, 0xc390, 0xc390, 0xc3b1,
0xc3b1, 0xcbb1, 0xcbb1, 0xcbd1, 0xcbd2, 0xcbd2, 0xcbf2, 0xd3f2, 0xd412, 0xd413,
0xd433, 0xdc53, 0xdc74, 0xdc74, 0xdc94, 0xe494, 0xe494, 0xe494, 0xe495, 0xe495,
0xe495, 0xdc94, 0xdc94, 0xdc54, 0xcc74, 0xac12, 0x4127, 0x1845, 0x18a6, 0x18a6,
0x18a6, 0x18a6, 0x1885, 0x1885, 0x1865, 0x1865, 0x1865, 0x1866, 0x1866, 0x1866,
0x1866, 0x1886, 0x1886, 0x1887, 0x18a7, 0x18a7, 0x18a7, 0x18c7, 0x20c8, 0x20e8,
0x20c8, 0x20e8, 0x2909, 0x20e9, 0x20e9, 0x290a, 0x290a, 0x292b, 0x290a, 0x292b,
0x316c, 0x292b, 0x316c, 0x294b, 0x318c, 0x210a, 0x20e9, 0x294b, 0x20ea, 0x20e9,
0x18e9, 0x18c9, 0x18c9, 0x20e9, 0x18a8, 0x20e9, 0x20e9, 0x18e8, 0x20e9, 0x20e9,
0x20e9, 0x20e9, 0x20e9, 0x20e9, 0x20e9, 0x20e9, 0x20e9, 0x20e9, 0x20e9, 0x20e9,
0x2109, 0x210a, 0x210a, 0x212a, 0x292a, 0x294a, 0x294b, 0x316b, 0x316c, 0x318c,
0x318d, 0x396d, 0x398d, 0x398d, 0x398e, 0x398e, 0x398e, 0x398e, 0x398e, 0x398e,
0x398e, 0x39ae, 0x39ae, 0x39ae, 0x39ae, 0x39ae, 0x39ae, 0x39ae, 0x41af, 0x41af,
0x41cf, 0x41cf, 0x41cf, 0x41cf, 0x41cf, 0x41cf, 0x41cf, 0x49f0, 0x312c, 0x7b34,
0x6ab2, 0x41af, 0x49f1, 0x49f0, 0x49f0, 0x4a10, 0x4a10, 0x4a11, 0x4a11, 0x4a31,
0x4a51, 0x4a51, 0x4a50, 0x4a2e, 0x41ed, 0x39ab, 0x398b, 0x396a, 0x394a, 0x396a,
0x396a, 0x394a, 0x396a, 0x314a, 0x312a, 0x312a, 0x392a, 0x416b, 0x418b, 0x49ab,
0x5a0c, 0x726e, 0x82cf, 0x92d0, 0x9af0, 0xa310, 0xa331, 0xab52, 0xb373, 0xc3d4,
0xd475, 0xed18, 0xed3a, 0xe51a, 0xe53b, 0xed7c, 0xfebf, 0xf63d, 0xdd18, 0xed7b,
0xfddf, 0xe4db, 0xcbb6, 0xd394, 0xdb95, 0xdb75, 0xd395, 0xdbb6, 0xdbf7, 0xdc17,
0xdc18, 0xd438, 0xd459, 0xdc79, 0xdcba, 0xdcba, 0xd499, 0xd47a, 0xd47a, 0xd49b,
0xdcdb, 0xdcfc, 0xe53d, 0xe55d, 0xe55c, 0xe55c, 0xe59d, 0xedbd, 0xf5dd, 0xeddd,

0x18a6, 0x20a7, 0x30c8, 0x492a, 0x826f, 0x8a70, 0xa313, 0xab54, 0xa313, 0x9af2,
0x722e, 0x516a, 0x30e7, 0x2886, 0x514b, 0xa354, 0xc3f7, 0xc3d6, 0xb374, 0x9310,
0x5989, 0x2885, 0x3968, 0x39aa, 0x41eb, 0x4a2c, 0x6310, 0x3169, 0x30e8, 0x726f,
0xa374, 0xc3f6, 0xd477, 0xdcb8, 0xdcb8, 0xe4b8, 0xdc98, 0xdc77, 0xdc37, 0xd416,
0xdc36, 0xdc36, 0xdc57, 0xe498, 0xe498, 0xe499, 0xe499, 0xe498, 0xe4b9, 0xecb9,
0xecd9, 0xe4b9, 0xe4b9, 0xe4b9, 0xe4ba, 0xe4ba, 0xe49a, 0xe49a, 0xe49a, 0xdc7a,
0xe49a, 0xe47a, 0xe47a, 0xe49a, 0xc415, 0x796a, 0x7929, 0x99ec, 0xb2b0, 0xc332,
0xd3b6, 0xd3d7, 0xd418, 0xdc79, 0xdc79, 0xdc59, 0xdc59, 0xd439, 0xd418, 0xcbd7,
0xcbb7, 0xcb97, 0xcb97, 0xd397, 0xd377, 0xd376, 0xcb54, 0xb311, 0xa2cd, 0x9acc,
0xa2cd, 0xab0e, 0xa2cd, 0xa28c, 0xaacd, 0xbb2f, 0xbb4f, 0xbb2f, 0xbb2f, 0xbb4f,
0xbb4f, 0xbb6f, 0xc390, 0xaaed, 0x9a6b, 0xbb6f, 0xc390, 0xc390, 0xc3b0, 0xc3b1,
0xcbb1, 0xcbb1, 0xcbb1, 0xcbd1, 0xcbd2, 0xcbd1, 0xcbd2, 0xd3f2, 0xd412, 0xd433,
0xdc33, 0xdc54, 0xdc94, 0xdc74, 0xdc74, 0xdc94, 0xdc94, 0xdc94, 0xdc94, 0xdc94,
0xdc94, 0xdc94, 0xdc74, 0xd433, 0xc453, 0x59c9, 0x1844, 0x18a6, 0x18a6, 0x18a5,
0x18a5, 0x1886, 0x1865, 0x1065, 0x1065, 0x1065, 0x1065, 0x1065, 0x1065, 0x1065,
0x1066, 0x1866, 0x1886, 0x1886, 0x1887, 0x18a7, 0x18a7, 0x18a7, 0x18c7, 0x20c8,
0x20c8, 0x20e8, 0x2909, 0x20e9, 0x20e9, 0x290a, 0x290a, 0x290a, 0x292b, 0x292b,
0x314c, 0x314b, 0x318c, 0x318c, 0x318c, 0x316c, 0x18c9, 0x294b, 0x292a, 0x20e9,
0x20e9, 0x20e9, 0x18c9, 0x18c9, 0x20e9, 0x18c8, 0x18c8, 0x18c8, 0x18e8, 0x18e8,
0x18e8, 0x18e8, 0x18c8, 0x20e9, 0x18e8, 0x18e8, 0x18e8, 0x18e8, 0x18e9, 0x20e9,
0x20e9, 0x2109, 0x210a, 0x210a, 0x292a, 0x292a, 0x294b, 0x294b, 0x316c, 0x318c,
0x318d, 0x396d, 0x398d, 0x398e, 0x398e, 0x398e, 0x398e, 0x398e, 0x398e, 0x398e,
0x398e, 0x39ae, 0x39ae, 0x39ae, 0x39af, 0x39af, 0x39af, 0x39af, 0x41af, 0x41af,
0x41cf, 0x41cf, 0x41cf, 0x41cf, 0x41cf, 0x41cf, 0x41d0, 0x41f0, 0x396e, 0x51ef,
0x93d7, 0x49f0, 0x49f1, 0x49f0, 0x49f0, 0x4a11, 0x49f0, 0x49f1, 0x4a11, 0x4a11,
0x4a31, 0x4a51, 0x4a50, 0x424f, 0x424e, 0x39ec, 0x41cc, 0x41ab, 0x398b, 0x398b,
0x398b, 0x398b, 0x396a, 0x314a, 0x314a, 0x394a, 0x394a, 0x394a, 0x394a, 0x418a,
0x49ab, 0x6a2d, 0x82af, 0x92d0, 0x9b11, 0xa351, 0xa351, 0xab52, 0xab52, 0xbbb3,
0xd434, 0xecf7, 0xed5a, 0xe4f9, 0xdcda, 0xe53b, 0xf5fd, 0xfe7f, 0xe559, 0xed7b,
0xfd9e, 0xdc59, 0xd3b6, 0xd395, 0xdb74, 0xdb75, 0xd395, 0xdbb6, 0xdbf7, 0xdbf7,
0xdc18, 0xd438, 0xdc79, 0xdc9a, 0xe4ba, 0xdcba, 0xdc9a, 0xd49b, 0xd49c, 0xdcbc,
0xdcdc, 0xdcfd, 0xdd1d, 0xe53d, 0xdd3c, 0xe55d, 0xed9d, 0xedbd, 0xedbd, 0xedbd,

0x1866, 0x20a7, 0x20a7, 0x30c8, 0x61ed, 0x826f, 0x92f2, 0xa333, 0xa2f3, 0x9af2,
0x7a4f, 0x514a, 0x38c7, 0x2866, 0x4109, 0xa374, 0xc417, 0xbbd6, 0xbb94, 0x9b31,
0x5989, 0x2885, 0x20a6, 0x398a, 0x49ec, 0x526e, 0x526d, 0x30e8, 0x518b, 0x8270,
0xab55, 0xcc18, 0xdc98, 0xdcb8, 0xdc98, 0xdc98, 0xdc77, 0xd437, 0xdc36, 0xd416,
0xdc16, 0xdc37, 0xdc37, 0xe458, 0xe478, 0xe499, 0xe499, 0xe499, 0xe4b9, 0xe4b9,
0xe4b9, 0xe4ba, 0xe4ba, 0xe4ba, 0xe4ba, 0xe4ba, 0xe49a, 0xe49a, 0xe49a, 0xdc9a,
0xdc9a, 0xdc9a, 0xdc9a, 0xe4ba, 0xc3f6, 0xa2b1, 0xb313, 0xc395, 0xcbd6, 0xd437,
0xdc58, 0xdc59, 0xdc59, 0xdc59, 0xdc59, 0xdc59, 0xd439, 0xd419, 0xd3f9, 0xd3d8,
0xd3b7, 0xd397, 0xd377, 0xd377, 0xd356, 0xc334, 0xb311, 0xa2ce, 0x9a8c, 0x9acd,
0x9aad, 0xa2cd, 0xa2cd, 0xa28c, 0xa28d, 0xaaee, 0xaaed, 0xb2ee, 0xb30e, 0xb32e,
0xbb4f, 0xbb6f, 0xbb6f, 0xaaed, 0xb30e, 0xc390, 0xc390, 0xc390, 0xc3b0, 0xc3b1,
0xc3b1, 0xcbb1, 0xc3b1, 0xc3b1, 0xcbb1, 0xcbb1, 0xcbd2, 0xd3f2, 0xd413, 0xdc33,
0xdc53, 0xdc74, 0xdc94, 0xdc74, 0xdc94, 0xdc94, 0xdc94, 0xdc94, 0xd494, 0xdc94,
0xdc74, 0xdc54, 0xd434, 0xcc54, 0x726d, 0x1885, 0x1886, 0x1886, 0x18a6, 0x1885,
0x1885, 0x1886, 0x1866, 0x1065, 0x1065, 0x1065, 0x1065, 0x1866, 0x1866, 0x1866,
0x1866, 0x1866, 0x1886, 0x1886, 0x1886, 0x18a6, 0x18a7, 0x18a7, 0x18c8, 0x20c8,
0x20c8, 0x20e9, 0x20e9, 0x20e9, 0x20ea, 0x20ea, 0x290a, 0x290a, 0x292b, 0x292b,
0x314c, 0x316c, 0x396d, 0x396c, 0x396c, 0x398d, 0x290b, 0x312b, 0x314c, 0x20ea,
0x20e9, 0x18c9, 0x18e9, 0x18c8, 0x2109, 0x18e8, 0x18c8, 0x18c8, 0x18c8, 0x18c8,
0x18c8, 0x18c8, 0x18c8, 0x18e8, 0x18c8, 0x18c8, 0x18c8, 0x18c8, 0x18e8, 0x20e9,
0x20e9, 0x20e9, 0x20e9, 0x2109, 0x212a, 0x292a, 0x294a, 0x294b, 0x316b, 0x316c,
0x318d, 0x398d, 0x398e, 0x398e, 0x398e, 0x396e, 0x398f, 0x398f, 0x398f, 0x398f,
0x398f, 0x41af, 0x41af, 0x41af, 0x39af, 0x39af, 0x398f, 0x41af, 0x41af, 0x41af,
0x41d0, 0x41d0, 0x41cf, 0x41cf, 0x41d0, 0x41d0, 0x41f0, 0x41f1, 0x41d0, 0x392c,
0x8b96, 0x6293, 0x41d0, 0x49f0, 0x49f0, 0x49f0, 0x49f0, 0x49f0, 0x49f0, 0x4a10,
0x4a31, 0x4a31, 0x4a50, 0x4a50, 0x4250, 0x422f, 0x41ec, 0x41cb, 0x39ab, 0x39ab,
0x41ab, 0x41aa, 0x398a, 0x396a, 0x396a, 0x394a, 0x394a, 0x394a, 0x394a, 0x418b,
0x51ec, 0x6a2d, 0x8aaf, 0x9af0, 0x9b10, 0xa351, 0xab51, 0xab31, 0xab52, 0xbb92,
0xcbf4, 0xe4d8, 0xf53b, 0xe4f9, 0xdcd8, 0xdcf9, 0xed7c, 0xfe5f, 0xedbc, 0xe53b,
0xf5bd, 0xd417, 0xd395, 0xdb74, 0xdb74, 0xd394, 0xd395, 0xdbd6, 0xd3d6, 0xd3f7,
0xdc17, 0xdc38, 0xe459, 0xe47a, 0xe49b, 0xe49b, 0xe47b, 0xd49c, 0xd4bc, 0xdcdd,
0xdcdd, 0xdcdd, 0xdcfd, 0xdd1d, 0xdd1d, 0xe55e, 0xe57e, 0xe57e, 0xed9e, 0xe59e,

0x1866, 0x20a7, 0x20a7, 0x28a7, 0x496b, 0x6a2e, 0x8a90, 0xa313, 0x9af3, 0x92d2,
0x8270, 0x5149, 0x38c7, 0x30a7, 0x40e9, 0x92f2, 0xbc17, 0xbbf6, 0xbb94, 0x9b51,
0x6a0c, 0x2886, 0x2066, 0x398b, 0x7352, 0x6b11, 0x41ab, 0x30a8, 0x720e, 0x9ad2,
0xb396, 0xcc18, 0xd478, 0xdc77, 0xdc77, 0xdc57, 0xdc57, 0xdc37, 0xdc36, 0xd416,
0xdc16, 0xdc37, 0xdc37, 0xe458, 0xe478, 0xe499, 0xdc99, 0xe4b9, 0xecda, 0xecda,
0xe4da, 0xe4ba, 0xe4ba, 0xe49a, 0xe4ba, 0xe49a, 0xe47a, 0xe49a, 0xe4ba, 0xdc9a,
0xdc9a, 0xdc9a, 0xdc79, 0xdc99, 0xdc78, 0xd458, 0xd438, 0xd438, 0xd459, 0xd459,
0xd459, 0xdc59, 0xdc59, 0xdc39, 0xdc59, 0xdc39, 0xd439, 0xd419, 0xcbf9, 0xcbd8,
0xd3d8, 0xd398, 0xd378, 0xcb36, 0xc314, 0xb2d1, 0xaace, 0xa2cd, 0x9aac, 0x9aac,
0x9aad, 0x9aad, 0xa2ad, 0x9a6c, 0xa28d, 0xaaee, 0xaaed, 0xb2ee, 0xb30e, 0xb32e,
0xbb4f, 0xbb4f, 0xc370, 0xc390, 0xbb6f, 0xbb6f, 0xc390, 0xc390, 0xc3b0, 0xc3b1,
0xc3b1, 0xc3b1, 0xc3b1, 0xc391, 0xcbb1, 0xcbd1, 0xcbd2, 0xd413, 0xdc33, 0xdc33,
0xdc54, 0xdc74, 0xdc74, 0xdc74, 0xdc74, 0xdc74, 0xdc74, 0xdc74, 0xd494, 0xdc73,
0xdc34, 0xd434, 0xcc54, 0x932f, 0x2085, 0x1886, 0x1865, 0x18a6, 0x1886, 0x1885,
0x1865, 0x1866, 0x1065, 0x1045, 0x1065, 0x1065, 0x1065, 0x1066, 0x1066, 0x1066,
0x1066, 0x1066, 0x1866, 0x1886, 0x1086, 0x1886, 0x18a7, 0x18a7, 0x18a8, 0x18c8,
0x18c8, 0x20c8, 0x20e9, 0x20e9, 0x20ea, 0x20ea, 0x290a, 0x290a, 0x290a, 0x292b,
0x292c, 0x314c, 0x316d, 0x396d, 0x396d, 0x398d, 0x396d, 0x310c, 0x312c, 0x292b,
0x210a, 0x20e9, 0x18c9, 0x18c8, 0x2109, 0x20e8, 0x18a7, 0x18e8, 0x18c8, 0x18c8,
0x18c8, 0x18c8, 0x18c8, 0x18c8, 0x18c8, 0x18c8, 0x18c8, 0x18c8, 0x18c8, 0x18c8,
0x20e9, 0x20e9, 0x20e9, 0x2109, 0x2109, 0x212a, 0x292a, 0x294b, 0x294b, 0x316c,
0x316c, 0x396d, 0x396e, 0x398e, 0x398e, 0x398f, 0x398f, 0x398f, 0x398f, 0x398f,
0x3990, 0x41b0, 0x41b0, 0x41b0, 0x398f, 0x398f, 0x398f, 0x41af, 0x41af, 0x41b0,
0x41d0, 0x41d0, 0x41d0, 0x41d0, 0x41d0, 0x41d0, 0x41f1, 0x41f1, 0x49f0, 0x394d,
0x5a51, 0x8396, 0x41b0, 0x49f0, 0x49f0, 0x49f0, 0x49f0, 0x49f0, 0x49f0, 0x4a10,
0x4a30, 0x4a30, 0x4a30, 0x4a50, 0x4230, 0x4230, 0x420d, 0x41ec, 0x39cb, 0x39ab,
0x39ab, 0x41ab, 0x418a, 0x416b, 0x396a, 0x396a, 0x394a, 0x392a, 0x3129, 0x396a,
0x51cc, 0x6a2d, 0x8aaf, 0x9af0, 0xa330, 0xab51, 0xab71, 0xab51, 0xab51, 0xb352,
0xc3b3, 0xdc98, 0xf55c, 0xe4f9, 0xdcb8, 0xdcf9, 0xe53b, 0xf5de, 0xf63f, 0xdd5c,
0xfe3f, 0xe51a, 0xcb95, 0xdb95, 0xdb74, 0xd374, 0xd374, 0xdb95, 0xdbb6, 0xdbd7,
0xdbf7, 0xdc58, 0xe479, 0xe4ba, 0xdc9b, 0xdcbc, 0xdcbc, 0xd4bc, 0xdcdc, 0xdcfd,
0xdcfd, 0xdcfd, 0xe4fd, 0xdd1d, 0xdd1d, 0xdd3e, 0xe55e, 0xe55e, 0xe57e, 0xe55d,

0x2086, 0x20a7, 0x20a7, 0x2087, 0x30a7, 0x61cd, 0x71ed, 0x8ab1, 0x9af2, 0x8ab1,
0x8270, 0x5149, 0x38c7, 0x4109, 0x512a, 0x8291, 0xbbf6, 0xbbd6, 0xb353, 0x92f0,
0x724d, 0x38e7, 0x1865, 0x1886, 0x4a2d, 0x39ab, 0x28a7, 0x4109, 0x71ee, 0xa2f3,
0xbb75, 0xcbf7, 0xd437, 0xd437, 0xd437, 0xd437, 0xdc37, 0xdc37, 0xdc17, 0xdc36,
0xdc37, 0xdc37, 0xdc38, 0xe458, 0xe458, 0xdc79, 0xe499, 0xe4ba, 0xe4ba, 0xe4ba,
0xe4ba, 0xe4ba, 0xe4ba, 0xe49a, 0xe49a, 0xe47a, 0xe47a, 0xe49a, 0xe4ba, 0xdc9a,
0xdc9a, 0xdc79, 0xdc79, 0xdc79, 0xdc99, 0xdc99, 0xdc79, 0xdc59, 0xd459, 0xd459,
0xd439, 0xd419, 0xd439, 0xd419, 0xd419, 0xd418, 0xd3f8, 0xcbf8, 0xcbd8, 0xcbb8,
0xd3b8, 0xcb57, 0xc316, 0xbaf3, 0xb2d0, 0xaaae, 0xa2ad, 0x9aac, 0x9aac, 0x9aac,
0x9aac, 0xa2ad, 0xa2ad, 0x9a8c, 0xa2ad, 0xaace, 0xaaed, 0xb2ee, 0xb30e, 0xb32e,
0xbb4f, 0xb32e, 0xbb4f, 0xbb6f, 0xc370, 0xc390, 0xc390, 0xc390, 0xc3b0, 0xc391,
0xc391, 0xc391, 0xc391, 0xc3b1, 0xcbd1, 0xd3f2, 0xd412, 0xd413, 0xd433, 0xdc33,
0xdc54, 0xdc74, 0xdc74, 0xdc53, 0xdc74, 0xdc74, 0xdc74, 0xdc74, 0xdc73, 0xdc33,
0xd413, 0xc413, 0xabd2, 0x3907, 0x1865, 0x1065, 0x18a6, 0x1886, 0x1885, 0x1865,
0x1065, 0x1065, 0x1045, 0x1045, 0x1065, 0x1065, 0x1065, 0x1045, 0x1045, 0x1045,
0x1045, 0x1065, 0x1066, 0x1066, 0x1086, 0x1086, 0x1886, 0x18a7, 0x18a7, 0x18a8,
0x18a8, 0x20c8, 0x20e9, 0x20c9, 0x20c9, 0x20ea, 0x20ea, 0x290a, 0x290a, 0x290b,
0x292b, 0x314c, 0x316d, 0x396d, 0x396d, 0x398d, 0x41ae, 0x396d, 0x312c, 0x292b,
0x210a, 0x20ea, 0x20e9, 0x20e9, 0x18c9, 0x2109, 0x18a7, 0x18c7, 0x18c8, 0x18c8,
0x18c8, 0x18c8, 0x18c8, 0x18c8, 0x18c8, 0x18c8, 0x18c8, 0x18c8, 0x18c8, 0x18c8,
0x18e8, 0x18e8, 0x18e8, 0x20e9, 0x2109, 0x2109, 0x212a, 0x292a, 0x294b, 0x294c,
0x316c, 0x316d, 0x396e, 0x396e, 0x398e, 0x398f, 0x398f, 0x41b0, 0x4190, 0x4190,
0x4190, 0x41b0, 0x41b0, 0x41b0, 0x398f, 0x398f, 0x398f, 0x398f, 0x398f, 0x41af,
0x41b0, 0x41b0, 0x41d0, 0x41d0, 0x41d0, 0x41d0, 0x41d1, 0x41f1, 0x49f1, 0x49af,
0x394d, 0x8bd8, 0x5a72, 0x41cf, 0x49f0, 0x49f0, 0x49f0, 0x49f0, 0x49f0, 0x4a10,
0x4a10, 0x4a10, 0x4a30, 0x4a30, 0x4230, 0x4230, 0x4a4e, 0x420d, 0x39cc, 0x39cc,
0x39ab, 0x398a, 0x398a, 0x396b, 0x396a, 0x394a, 0x394a, 0x394a, 0x314a, 0x3129,
0x51cc, 0x726e, 0x8ad0, 0x9b10, 0xa331, 0xab51, 0xab72, 0xb392, 0xb352, 0xb351,
0xbb92, 0xd456, 0xf55b, 0xe51a, 0xdcd8, 0xdcd9, 0xe51b, 0xe55c, 0xfe7f, 0xe5bd,
0xedfe, 0xfe7f, 0xe51a, 0xcbd5, 0xd395, 0xdb75, 0xdb75, 0xdb75, 0xdb75, 0xdbb6,
0xe3f7, 0xdc58, 0xdc99, 0xdcba, 0xdcbb, 0xdcfc, 0xd4fd, 0xdcfd, 0xdcfd, 0xdcfd,
0xdcfd, 0xe51d, 0xe51d, 0xdd1d, 0xdd1d, 0xdd1d, 0xdd3d, 0xe53d, 0xdd3d, 0xdd1c,

0x2066, 0x1886, 0x1886, 0x1886, 0x2887, 0x412a, 0x61cc, 0x7a4f, 0x92d2, 0x8ab1,
0x8270, 0x514a, 0x38c7, 0x516a, 0x598b, 0x7a0f, 0xbbf7, 0xc3d6, 0xb353, 0x9af1,
0x826f, 0x518b, 0x2086, 0x1865, 0x20c7, 0x20a7, 0x2867, 0x514b, 0x822f, 0xa2d2,
0xbb55, 0xc3b7, 0xcc17, 0xd417, 0xd417, 0xd417, 0xdc17, 0xdc17, 0xdc17, 0xdc37,
0xdc57, 0xdc38, 0xdc38, 0xe438, 0xe479, 0xe499, 0xe4ba, 0xe4ba, 0xe4ba, 0xe4ba,
0xe49a, 0xe49a, 0xe49a, 0xe49a, 0xe49a, 0xe47a, 0xe47a, 0xe49a, 0xdc9a, 0xdc9a,
0xdc79, 0xdc79, 0xdc79, 0xdc79, 0xdc79, 0xdc99, 0xdc79, 0xd459, 0xd439, 0xd439,
0xd419, 0xd3f8, 0xcbd8, 0xcbd8, 0xcbd8, 0xcbd8, 0xcbd8, 0xcbd8, 0xcbb8, 0xcb98,
0xc357, 0xbb16, 0xbaf4, 0xb2d0, 0xaace, 0xa2cd, 0xa2cc, 0x9aac, 0x9acc, 0x9aac,
0x9aac, 0x9a8c, 0x9a8c, 0xa2ad, 0xaacd, 0xaaee, 0xaaed, 0xb30e, 0xb30e, 0xb30e,
0xb32e, 0xbb2f, 0xbb4f, 0xbb6f, 0xc370, 0xc390, 0xc3b0, 0xc3b0, 0xc3b0, 0xc390,
0xc390, 0xc390, 0xc390, 0xc3b1, 0xcbf2, 0xd413, 0xd413, 0xd433, 0xdc33, 0xdc53,
0xdc54, 0xdc74, 0xdc74, 0xdc74, 0xdc74, 0xdc74, 0xdc74, 0xdc53, 0xdc53, 0xd433,
0xcc33, 0xbc13, 0x59ca, 0x1864, 0x1085, 0x1885, 0x18a6, 0x1865, 0x1865, 0x1065,
0x1065, 0x1045, 0x1045, 0x1045, 0x1065, 0x1065, 0x1065, 0x1045, 0x1045, 0x1045,
0x1045, 0x1045, 0x1066, 0x1066, 0x1086, 0x1886, 0x1886, 0x1887, 0x1887, 0x18a7,
0x18a8, 0x20c8, 0x20c9, 0x20c9, 0x20c9, 0x20ca, 0x20ea, 0x290a, 0x290a, 0x290b,
0x290b, 0x292c, 0x314c, 0x394d, 0x396d, 0x396d, 0x418e, 0x418e, 0x396d, 0x314c,
0x292b, 0x210a, 0x20ea, 0x20e9, 0x18c8, 0x2109, 0x18c8, 0x1087, 0x18a7, 0x18a7,
0x18a7, 0x18a7, 0x18a7, 0x18a7, 0x18a7, 0x18c7, 0x18c7, 0x18c7, 0x18c8, 0x18c8,
0x18c8, 0x18c8, 0x18c8, 0x18e8, 0x20e9, 0x20e9, 0x2109, 0x210a, 0x292b, 0x294c,
0x316c, 0x314d, 0x316d, 0x396e, 0x398f, 0x398f, 0x41af, 0x41b0, 0x41b0, 0x41b0,
0x41b0, 0x41b0, 0x41b0, 0x41b0, 0x41b0, 0x41b0, 0x41b0, 0x41b0, 0x41b0, 0x41b0,
0x41b0, 0x41b0, 0x41b0, 0x41b0, 0x41d0, 0x41d0, 0x41d1, 0x41d1, 0x41d1, 0x49f0,
0x312d, 0x6292, 0x6af3, 0x41af, 0x49f0, 0x49f0, 0x49f0, 0x49f0, 0x49f0, 0x49f0,
0x4a10, 0x4a10, 0x4a11, 0x4a11, 0x4a31, 0x4a31, 0x4a50, 0x422e, 0x420d, 0x41ec,
0x39ab, 0x398a, 0x398a, 0x396b, 0x396a, 0x314a, 0x314a, 0x394a, 0x396a, 0x314a,
0x51ec, 0x7a8f, 0x8ad0, 0x9b10, 0xa331, 0xab51, 0xb372, 0xb392, 0xb372, 0xb352,
0xbb72, 0xcc36, 0xed3a, 0xed3a, 0xdcda, 0xdcfb, 0xe53c, 0xe51c, 0xf5ff, 0xfe7f,
0xedfe, 0xee1e, 0xfe5e, 0xedbc, 0xdc58, 0xd375, 0xd395, 0xd375, 0xd395, 0xdbd6,
0xdbf7, 0xdc17, 0xe458, 0xdc7a, 0xe4bb, 0xdcdc, 0xdcdd, 0xdcfd, 0xe51d, 0xe51d,
0xdcfd, 0xdcfd, 0xdcfd, 0xdcfd, 0xdd1d, 0xe51d, 0xe51d, 0xdd1c, 0xdcfc, 0xdcfc,

0x2066, 0x1886, 0x1886, 0x1866, 0x2066, 0x28a7, 0x494a, 0x69cd, 0x7a4f, 0x8270,
0x7a2f, 0x514a, 0x40c7, 0x61cc, 0x69ed, 0x69ad, 0xb395, 0xbb95, 0xb333, 0xa2d1,
0x8a70, 0x722e, 0x4129, 0x2886, 0x20a6, 0x2886, 0x4909, 0x698c, 0x8a50, 0xaad3,
0xbb55, 0xc396, 0xc3b5, 0xcbd6, 0xcbd6, 0xd3f7, 0xd3f7, 0xdbf7, 0xdc17, 0xdc37,
0xdc38, 0xdc38, 0xdc38, 0xe438, 0xe47a, 0xe49a, 0xe49a, 0xe4ba, 0xe49a, 0xe49a,
0xe49a, 0xe49a, 0xe49a, 0xe49a, 0xe49a, 0xe47a, 0xe47a, 0xdc7a, 0xdc9a, 0xdc79,
0xdc79, 0xdc79, 0xdc79, 0xdc9a, 0xdc99, 0xdc9a, 0xdc79, 0xdc79, 0xd459, 0xd439,
0xd419, 0xcbf8, 0xcbb8, 0xcbb8, 0xcbb8, 0xcbb8, 0xcbb8, 0xcb97, 0xcb97, 0xc378,
0xc336, 0xbb14, 0xb2d1, 0xa2ce, 0xa2ed, 0xa2ed, 0xa2ec, 0x9aac, 0xa2ad, 0x9aad,
0x9aad, 0x9aac, 0xa2ad, 0xa2ad, 0xaace, 0xaaee, 0xaaee, 0xb30e, 0xb30e, 0xb32e,
0xb32e, 0xbb4f, 0xbb4f, 0xbb6f, 0xc390, 0xc390, 0xc3b0, 0xc3b0, 0xc390, 0xc390,
0xc390, 0xc390, 0xc391, 0xcbd2, 0xd412, 0xd412, 0xd433, 0xdc33, 0xdc53, 0xdc54,
0xdc54, 0xdc54, 0xdc74, 0xdc74, 0xdc74, 0xdc74, 0xdc74, 0xdc53, 0xdc33, 0xd433,
0xc434, 0x7aae, 0x2065, 0x18a6, 0x1065, 0x1865, 0x1885, 0x1885, 0x1065, 0x1065,
0x1045, 0x1045, 0x1045, 0x1045, 0x1045, 0x1045, 0x1045, 0x1045, 0x1045, 0x1045,
0x1045, 0x1045, 0x1066, 0x1066, 0x1086, 0x1886, 0x1886, 0x1887, 0x1887, 0x18a7,
0x18c8, 0x20c8, 0x20c8, 0x20c9, 0x20c9, 0x20ca, 0x20ea, 0x290a, 0x290a, 0x290b,
0x290b, 0x292c, 0x312c, 0x312d, 0x394d, 0x396d, 0x396e, 0x418e, 0x396e, 0x314d,
0x294c, 0x292b, 0x20ea, 0x20e9, 0x18c9, 0x18c8, 0x20e8, 0x1087, 0x10a7, 0x10a7,
0x10a7, 0x10a7, 0x10a7, 0x18a7, 0x10a7, 0x18a7, 0x18a7, 0x18a7, 0x18c8, 0x18c8,
0x18c8, 0x18c8, 0x18c8, 0x18c8, 0x18c8, 0x18c9, 0x20e9, 0x210a, 0x292b, 0x292b,
0x294c, 0x314d, 0x314d, 0x396e, 0x398e, 0x398f, 0x41b0, 0x41b0, 0x41b1, 0x41b1,
0x41b1, 0x41b1, 0x41b1, 0x41b1, 0x41b0, 0x41b0, 0x41b0, 0x41b0, 0x41b0, 0x41b0,
0x41b0, 0x41b0, 0x41b0, 0x41b0, 0x41b0, 0x41d1, 0x41d1, 0x41d1, 0x41d1, 0x41d1,
0x398f, 0x49cf, 0x93f6, 0x4a10, 0x41f0, 0x49f0, 0x49f0, 0x49f0, 0x49f0, 0x49f0,
0x49f1, 0x49f1, 0x4a11, 0x4a11, 0x4a11, 0x4a31, 0x4a50, 0x4230, 0x422f, 0x420d,
0x39ec, 0x39cb, 0x398b, 0x396a, 0x314a, 0x314a, 0x314a, 0x314a, 0x314a, 0x3149,
0x51cc, 0x7a6f, 0x8ad0, 0x9b10, 0x9b10, 0xa351, 0xab72, 0xb392, 0xb372, 0xb372,
0xb372, 0xcc15, 0xed1a, 0xed3c, 0xe4fc, 0xe4dc, 0xe51d, 0xe53d, 0xe55d, 0xfe7f,
0xf65f, 0xee3f, 0xf63e, 0xfebf, 0xfe7f, 0xf57c, 0xd499, 0xd458, 0xcbf6, 0xcbf6,
0xcbf6, 0xd437, 0xdc38, 0xdc59, 0xdc9a, 0xe4dc, 0xe4dd, 0xe4fd, 0xe51d, 0xdcfd,
0xdcfd, 0xdcfd, 0xdcfd, 0xdcdd, 0xdcfd, 0xdcfd, 0xdcfd, 0xdcdc, 0xdcdb, 0xdcdc,

0x2086, 0x2086, 0x18a6, 0x1886, 0x1866, 0x2066, 0x3087, 0x598c, 0x69cd, 0x71ee,
0x71ee, 0x5129, 0x40c7, 0x61cc, 0x7a4f, 0x614c, 0xa313, 0xb354, 0xab12, 0xa271,
0x9a50, 0x8a6f, 0x598b, 0x30a7, 0x30c7, 0x4109, 0x69cd, 0x822f, 0x9a91, 0xb2f4,
0xbb35, 0xbb55, 0xc395, 0xcbd6, 0xcbd6, 0xd3d7, 0xd3f7, 0xdbf7, 0xdc17, 0xdc17,
0xdc38, 0xe438, 0xdc38, 0xe459, 0xe49a, 0xe49a, 0xe49a, 0xe49a, 0xe49a, 0xe49a,
0xe47a, 0xe49a, 0xe49a, 0xe49a, 0xe47a, 0xe47a, 0xe47a, 0xdc7a, 0xdc79, 0xdc79,
0xd459, 0xd459, 0xd459, 0xdc79, 0xdc79, 0xdc9a, 0xdc79, 0xd459, 0xd439, 0xcc19,
0xcbd9, 0xcbd8, 0xcbb8, 0xcbb8, 0xc398, 0xc397, 0xc377, 0xc357, 0xc337, 0xbb36,
0xb2f4, 0xaaaf, 0xa2ad, 0xa2cd, 0xa2cd, 0xa2ed, 0xa2ec, 0x9aac, 0x9a8d, 0x9a8d,
0x9aac, 0x9aac, 0xa2cd, 0xa2ad, 0xaaee, 0xb2ee, 0xb30e, 0xb30e, 0xb30e, 0xb32e,
0xbb4f, 0xbb4f, 0xbb6f, 0xc370, 0xc390, 0xc390, 0xc390, 0xc390, 0xc390, 0xc370,
0xc390, 0xc391, 0xcbd1, 0xd3f2, 0xd412, 0xd413, 0xdc33, 0xdc53, 0xdc53, 0xdc53,
0xdc53, 0xd453, 0xdc74, 0xdc74, 0xdc74, 0xd453, 0xd453, 0xd453, 0xd453, 0xc433,
0x9b70, 0x30c6, 0x1845, 0x1066, 0x1065, 0x1865, 0x1065, 0x1065, 0x1045, 0x1045,
0x1045, 0x1045, 0x1065, 0x1045, 0x1045, 0x1045, 0x1045, 0x1045, 0x1045, 0x1045,
0x1045, 0x1045, 0x1066, 0x1066, 0x1085, 0x1086, 0x1086, 0x1887, 0x1887, 0x18a7,
0x18c8, 0x20c8, 0x20c8, 0x20c9, 0x20c9, 0x20ca, 0x20ea, 0x20ea, 0x28ea, 0x290b,
0x290b, 0x292c, 0x312c, 0x312d, 0x394d, 0x396e, 0x396e, 0x418e, 0x398e, 0x398d,
0x314c, 0x292c, 0x20ea, 0x20ea, 0x20ca, 0x18c8, 0x18e8, 0x10a7, 0x18a7, 0x10a7,
0x10a7, 0x10a7, 0x10a7, 0x10a7, 0x10a7, 0x10a7, 0x10a7, 0x10a7, 0x18a7, 0x18a8,
0x18a8, 0x18a8, 0x18a8, 0x18c8, 0x18c8, 0x18c8, 0x20e9, 0x20ea, 0x210a, 0x290b,
0x292b, 0x312c, 0x314d, 0x314e, 0x396e, 0x398f, 0x41af, 0x41b0, 0x41b1, 0x41b1,
0x41b1, 0x41b1, 0x41b1, 0x41b1, 0x41b1, 0x41b1, 0x41b1, 0x41b0, 0x41b0, 0x41b0,
0x41b1, 0x41b0, 0x41b0, 0x41b1, 0x41b0, 0x41b1, 0x41b1, 0x49b1, 0x41d1, 0x41d1,
0x41d0, 0x312c, 0x9c17, 0x62b2, 0x41cf, 0x49f0, 0x49f0, 0x49f0, 0x49f0, 0x49f0,
0x51f1, 0x49f1, 0x49f1, 0x4a11, 0x4a11, 0x4a31, 0x4251, 0x4250, 0x424f, 0x422e,
0x420d, 0x41ec, 0x41cb, 0x398b, 0x316a, 0x314a, 0x314a, 0x3149, 0x3149, 0x3109,
0x498a, 0x722e, 0x8a8f, 0x92d0, 0x9b10, 0xa331, 0xab71, 0xb392, 0xb392, 0xbb72,
0xb352, 0xc3b4, 0xe4da, 0xf53d, 0xe4fe, 0xe4de, 0xe51f, 0xed5f, 0xed3d, 0xf5df,
0xfe7f, 0xee3f, 0xf65f, 0xf67f, 0xf69f, 0xee7f, 0xf67f, 0xf65e, 0xf67e, 0xee1c,
0xe5fc, 0xe5dc, 0xe5bc, 0xf5fe, 0xed9e, 0xd4dc, 0xdcfd, 0xdcfd, 0xdd1d, 0xdcfd,
0xdcfd, 0xdcfd, 0xdcfd, 0xdcdd, 0xdcdd, 0xdcdd, 0xdcdc, 0xdcdc, 0xdcbb, 0xdcdb,

0x1846, 0x1866, 0x1866, 0x1866, 0x1866, 0x2087, 0x2086, 0x30e8, 0x598b, 0x61ac,
0x69ac, 0x514a, 0x4908, 0x69ed, 0x8270, 0x614b, 0x9ab1, 0xb313, 0xaaf2, 0xa251,
0x9a50, 0x8a4f, 0x596b, 0x40c8, 0x516a, 0x69ac, 0x79ee, 0x9270, 0xaad2, 0xb314,
0xbb34, 0xbb55, 0xcb96, 0xcbb6, 0xcb96, 0xd3d7, 0xd3d7, 0xd3d7, 0xdbf7, 0xdc18,
0xdc38, 0xdc38, 0xdc39, 0xe459, 0xe49a, 0xe4ba, 0xe49a, 0xe47a, 0xe47a, 0xdc7a,
0xdc7a, 0xe47a, 0xdc7a, 0xdc79, 0xdc7a, 0xdc7a, 0xdc7a, 0xdc79, 0xdc79, 0xdc79,
0xdc59, 0xd459, 0xd439, 0xd439, 0xd459, 0xd459, 0xd439, 0xcc18, 0xcbf9, 0xcbf9,
0xcbd8, 0xcbb8, 0xcbb8, 0xcb98, 0xc378, 0xc377, 0xc357, 0xbb36, 0xbb15, 0xaad3,
0x9a4f, 0x920b, 0x9a8b, 0xa2cd, 0x9acd, 0xa2ed, 0x9acd, 0x9aad, 0x9aad, 0x9a8d,
0x9a8c, 0x9a8c, 0xa2ad, 0xaacd, 0xaaee, 0xb30e, 0xb30e, 0xb32e, 0xb30e, 0xb32e,
0xbb4f, 0xbb4f, 0xbb6f, 0xc390, 0xc390, 0xc390, 0xc390, 0xc390, 0xc390, 0xbb70,
0xc391, 0xcbb1, 0xcbf2, 0xcbf2, 0xd413, 0xd433, 0xdc33, 0xdc53, 0xdc53, 0xdc53,
0xdc33, 0xdc33, 0xdc54, 0xdc54, 0xd453, 0xdc53, 0xd433, 0xd433, 0xcc13, 0xb3b1,
0x5168, 0x1844, 0x1886, 0x1066, 0x1066, 0x1865, 0x1065, 0x1045, 0x1045, 0x1045,
0x1045, 0x1045, 0x1045, 0x1045, 0x1045, 0x1045, 0x1045, 0x1045, 0x1045, 0x1045,
0x1045, 0x1045, 0x1066, 0x1066, 0x1065, 0x1086, 0x1086, 0x1887, 0x1887, 0x18a7,
0x18a8, 0x20c8, 0x20c9, 0x20c9, 0x20c9, 0x20ca, 0x20ea, 0x20ea, 0x20ea, 0x290a,
0x290b, 0x292c, 0x312c, 0x312d, 0x394d, 0x394e, 0x396e, 0x418f, 0x418f, 0x398e,
0x314d, 0x292c, 0x210a, 0x210a, 0x20e9, 0x18c8, 0x18c8, 0x18c8, 0x1087, 0x1087,
0x1087, 0x1087, 0x1087, 0x1087, 0x1087, 0x18a7, 0x18a7, 0x18a7, 0x18a7, 0x18a7,
0x18a7, 0x18a7, 0x18a8, 0x18c8, 0x18c8, 0x18c8, 0x18e8, 0x20e9, 0x210a, 0x210a,
0x292b, 0x292c, 0x314d, 0x314d, 0x396e, 0x398f, 0x398f, 0x41b0, 0x41b1, 0x41d1,
0x41b1, 0x41b1, 0x41b1, 0x41b1, 0x41d1, 0x41b1, 0x41b1, 0x41b1, 0x41b1, 0x41b0,
0x41b1, 0x41b0, 0x41b0, 0x41b0, 0x41b0, 0x41b1, 0x41b0, 0x41b0, 0x41b0, 0x41b0,
0x41f0, 0x310c, 0x62b1, 0x6af3, 0x41af, 0x49f0, 0x49f0, 0x49f0, 0x49f0, 0x49f1,
0x49f1, 0x49f1, 0x4a11, 0x4a11, 0x4a11, 0x4a31, 0x4a31, 0x4a31, 0x4a51, 0x4a2f,
0x422e, 0x420d, 0x39ec, 0x39cb, 0x39ab, 0x314a, 0x2929, 0x314a, 0x314a, 0x3109,
0x394a, 0x620c, 0x726e, 0x8aaf, 0x92ef, 0xa310, 0xab51, 0xb372, 0xbb92, 0xbb92,
0xb372, 0xb393, 0xdc98, 0xf53e, 0xe4df, 0xe4df, 0xed3f, 0xf57f, 0xed5e, 0xed7e,
0xfe5f, 0xee3f, 0xee3e, 0xf65e, 0xf6bf, 0xeebf, 0xee9f, 0xf6bf, 0xeebe, 0xfeff,
0xff5f, 0xff9f, 0xf6ff, 0xee9f, 0xfedf, 0xe5fe, 0xc4ba, 0xdcdc, 0xdcdd, 0xe4de,
0xe4fe, 0xe4fd, 0xdcfd, 0xdcfd, 0xdcfd, 0xdcfd, 0xdcdd, 0xdcdc, 0xdcdc, 0xdcdc,

0x1845, 0x1845, 0x1845, 0x1045, 0x1045, 0x1866, 0x1086, 0x18a6, 0x30e8, 0x516a,
0x596b, 0x512a, 0x510a, 0x71ed, 0x8a6f, 0x610a, 0x922f, 0xaaf2, 0xaab2, 0xa291,
0x9270, 0x820e, 0x50ea, 0x696c, 0x820e, 0x8a0f, 0x9230, 0xa291, 0xaad2, 0xb313,
0xb334, 0xbb54, 0xcb76, 0xcb76, 0xcb76, 0xcbb6, 0xd3b7, 0xd3d7, 0xd3d8, 0xdbf8,
0xdc19, 0xdc39, 0xdc39, 0xdc59, 0xe49a, 0xe4ba, 0xe49a, 0xdc7a, 0xdc59, 0xdc39,
0xdc59, 0xdc79, 0xdc59, 0xdc59, 0xdc59, 0xdc59, 0xdc59, 0xdc59, 0xdc79, 0xdc79,
0xdc59, 0xdc39, 0xd439, 0xd418, 0xd438, 0xd439, 0xd419, 0xcbf8, 0xcbf9, 0xcbd8,
0xc3d7, 0xc3b7, 0xc398, 0xc378, 0xc358, 0xc337, 0xbb16, 0xb315, 0xaaf3, 0x9a6f,
0x81ca, 0x924b, 0x9aad, 0x9acd, 0x9acd, 0x9acd, 0x9a8c, 0x9aac, 0x9aac, 0x9a8c,
0x9aad, 0x9aad, 0xa2ad, 0xaaee, 0xaaee, 0xaaee, 0xb30e, 0xb30e, 0xb32e, 0xbb4f,
0xbb4f, 0xbb4f, 0xbb70, 0xc370, 0xc390, 0xc390, 0xc390, 0xc390, 0xbb70, 0xc370,
0xc3b1, 0xcbd2, 0xcbf2, 0xd3f2, 0xd413, 0xd413, 0xd433, 0xdc33, 0xdc33, 0xdc33,
0xdc33, 0xdc33, 0xdc54, 0xdc54, 0xd433, 0xdc54, 0xd433, 0xd3f2, 0xc3d3, 0x826d,
0x2044, 0x1885, 0x1065, 0x1865, 0x1866, 0x1045, 0x1045, 0x1045, 0x1065, 0x1065,
0x1065, 0x1045, 0x1045, 0x1045, 0x1045, 0x1045, 0x1045, 0x1045, 0x1045, 0x1045,
0x1045, 0x1065, 0x1065, 0x1065, 0x1086, 0x1086, 0x1886, 0x1887, 0x1887, 0x18a7,
0x18a8, 0x20c8, 0x20c9, 0x20c9, 0x20c9, 0x20ca, 0x20ea, 0x20ea, 0x20ea, 0x290a,
0x290b, 0x292c, 0x312c, 0x394d, 0x394d, 0x394e, 0x396e, 0x396f, 0x418f, 0x396e,
0x394d, 0x290c, 0x290a, 0x2909, 0x2108, 0x18e8, 0x18e8, 0x18c8, 0x1086, 0x1087,
0x1087, 0x1087, 0x1887, 0x1887, 0x1887, 0x1887, 0x1887, 0x1887, 0x18a7, 0x18a7,
0x18a7, 0x18a7, 0x18c7, 0x18c7, 0x18a7, 0x18c8, 0x18c8, 0x18c8, 0x20e9, 0x20e9,
0x210a, 0x290b, 0x292c, 0x314d, 0x316e, 0x316f, 0x398f, 0x39b0, 0x41b0, 0x41d1,
0x41d1, 0x41d1, 0x41d2, 0x41d2, 0x41d1, 0x41d1, 0x41b1, 0x41d1, 0x41b1, 0x39b1,
0x41b0, 0x41b0, 0x3990, 0x4190, 0x41b0, 0x41b0, 0x41b0, 0x41b0, 0x41b0, 0x41b0,
0x41af, 0x316d, 0x41ee, 0x8bf7, 0x5211, 0x49d0, 0x49f0, 0x49f0, 0x49f1, 0x4a11,
0x4a10, 0x4a10, 0x4a11, 0x4a11, 0x4a11, 0x5231, 0x5232, 0x5232, 0x5252, 0x4a51,
0x4230, 0x422f, 0x3a0d, 0x3a0b, 0x39eb, 0x39cb, 0x314a, 0x312a, 0x312a, 0x3109,
0x3109, 0x49cb, 0x626d, 0x7a8e, 0x8aaf, 0x9af0, 0xa311, 0xab52, 0xb372, 0xbb93,
0xb3b3, 0xb3b2, 0xcc34, 0xed1c, 0xed1f, 0xed1f, 0xf55f, 0xf59f, 0xf5bf, 0xe57e,
0xf61f, 0xfe5f, 0xe5dd, 0xfe7f, 0xfeff, 0xee9d, 0xe63d, 0xfedf, 0xf6bf, 0xf6ff,
0xfefe, 0xf71e, 0xf6ff, 0xeebf, 0xf6df, 0xff3f, 0xee7d, 0xcc9a, 0xd47c, 0xe4be,
0xe4be, 0xe4fe, 0xdd3d, 0xdd1d, 0xdcfd, 0xdcfd, 0xdcdd, 0xdcdd, 0xdcdd, 0xdcdd,

0x1045, 0x1045, 0x1045, 0x1045, 0x1025, 0x1025, 0x1065, 0x1886, 0x2886, 0x38c8,
0x514a, 0x514a, 0x514a, 0x720d, 0x824f, 0x610a, 0x8a0e, 0xaad2, 0xa291, 0xa250,
0x9a70, 0x798d, 0x716c, 0x8a2f, 0x924f, 0x9a70, 0xa271, 0xa2b2, 0xaad2, 0xb313,
0xbb34, 0xbb54, 0xc375, 0xcb76, 0xcb76, 0xcb96, 0xcbb6, 0xd3b7, 0xd3d7, 0xdbf8,
0xdc18, 0xdc39, 0xdc39, 0xdc79, 0xe47a, 0xdc7a, 0xdc59, 0xdc59, 0xd438, 0xd418,
0xd438, 0xdc59, 0xdc59, 0xdc39, 0xdc39, 0xdc59, 0xdc59, 0xdc59, 0xdc58, 0xdc59,
0xdc39, 0xdc39, 0xd419, 0xd3f8, 0xcbf8, 0xd418, 0xcc19, 0xcbd8, 0xcbd8, 0xc3b8,
0xc398, 0xc397, 0xbb58, 0xbb58, 0xbb37, 0xbaf6, 0xb2f5, 0xaad3, 0x9a70, 0x89eb,
0x81ea, 0x9a8b, 0x9aac, 0x9aac, 0xa2ed, 0x9acd, 0x926c, 0x928c, 0x9acd, 0x9aac,
0x9aad, 0x9aad, 0xa2cd, 0xaaee, 0xaace, 0xaaee, 0xaacd, 0xaacd, 0xbb4f, 0xb32e,
0xbb4f, 0xbb4f, 0xbb70, 0xc370, 0xc390, 0xc390, 0xc370, 0xbb50, 0xc370, 0xc391,
0xcbb1, 0xcbd1, 0xcbf2, 0xd3f2, 0xd413, 0xd413, 0xd413, 0xd433, 0xdc33, 0xdc33,
0xdc33, 0xdc33, 0xdc54, 0xd454, 0xd433, 0xd433, 0xcc33, 0xc3f2, 0x8aef, 0x30a5,
0x1864, 0x1085, 0x1065, 0x1845, 0x1045, 0x1045, 0x1045, 0x1045, 0x1065, 0x1065,
0x1045, 0x1045, 0x1866, 0x1866, 0x1866, 0x1045, 0x1025, 0x1045, 0x1045, 0x1045,
0x1045, 0x1065, 0x1065, 0x1065, 0x1086, 0x1086, 0x1886, 0x1887, 0x1887, 0x18a7,
0x18a8, 0x20c8, 0x20c9, 0x20c9, 0x20c9, 0x20ca, 0x20ea, 0x20ea, 0x20ea, 0x290a,
0x290b, 0x292c, 0x312c, 0x312d, 0x394e, 0x396e, 0x396e, 0x396f, 0x418f, 0x418f,
0x396e, 0x312c, 0x290b, 0x290a, 0x20e9, 0x18e8, 0x18c8, 0x18c8, 0x1087, 0x1087,
0x1087, 0x1087, 0x1887, 0x1887, 0x1887, 0x1887, 0x1087, 0x1087, 0x1087, 0x10a7,
0x10a7, 0x10a7, 0x18a7, 0x18a7, 0x18a7, 0x18a7, 0x18c8, 0x18c8, 0x18c8, 0x20e9,
0x210a, 0x210a, 0x292b, 0x294c, 0x294d, 0x316e, 0x316f, 0x41d0, 0x41b0, 0x41b1,
0x41d1, 0x41d2, 0x41d2, 0x41d2, 0x41d1, 0x41d1, 0x41d1, 0x41d1, 0x41b1, 0x39b1,
0x41b0, 0x41b0, 0x4190, 0x3990, 0x4190, 0x4190, 0x4190, 0x41af, 0x4190, 0x41b0,
0x41af, 0x398e, 0x290b, 0x8bb7, 0x6272, 0x41af, 0x49f0, 0x49f0, 0x49f1, 0x49f1,
0x49f0, 0x4a11, 0x4a11, 0x4a11, 0x4a11, 0x5231, 0x5232, 0x5232, 0x5252, 0x5251,
0x4a51, 0x4a31, 0x4a2e, 0x420c, 0x41ec, 0x41cb, 0x41cc, 0x398a, 0x3129, 0x3109,
0x28e8, 0x3949, 0x5a0c, 0x724d, 0x828e, 0x92d0, 0x9af1, 0xab31, 0xb352, 0xbb92,
0xb3b3, 0xbbb2, 0xc3f4, 0xdcba, 0xed3e, 0xed1f, 0xed3f, 0xf59f, 0xf5bf, 0xe55e,
0xed9e, 0xfe5f, 0xee3e, 0xee1e, 0xfedf, 0xfeff, 0xee5e, 0xee5e, 0xfeff, 0xff3f,
0xff7f, 0xff5f, 0xeebe, 0xee9e, 0xe65e, 0xf69f, 0xff3f, 0xf69f, 0xccdb, 0xcc5a,
0xdc9c, 0xdcbd, 0xdcfd, 0xe51e, 0xe51e, 0xe4fd, 0xdcdd, 0xdcdd, 0xdcdd, 0xdcdd,

0x1025, 0x1025, 0x1025, 0x1045, 0x1024, 0x1025, 0x1045, 0x1065, 0x1845, 0x2886,
0x38e8, 0x492a, 0x516a, 0x722d, 0x7a2e, 0x58e9, 0x81ed, 0xa2b1, 0x9a70, 0xa270,
0x9a50, 0x9a2f, 0x9a2f, 0x9a2f, 0xa270, 0xa291, 0xaa92, 0xaab2, 0xaad2, 0xb313,
0xbb34, 0xc354, 0xc355, 0xc375, 0xcb76, 0xcb76, 0xcb96, 0xcbb6, 0xd3b7, 0xd3d8,
0xdc18, 0xdc18, 0xdc59, 0xdc79, 0xdc59, 0xd438, 0xd438, 0xd418, 0xd438, 0xd418,
0xd438, 0xd439, 0xd438, 0xd418, 0xd438, 0xd438, 0xd438, 0xd438, 0xd438, 0xd438,
0xd418, 0xd419, 0xd3f9, 0xcbf8, 0xd3f8, 0xcbf8, 0xcbd8, 0xcbb8, 0xcbb8, 0xcbb8,
0xc398, 0xc358, 0xbb37, 0xbb37, 0xbb36, 0xb2f4, 0xaab2, 0x9a90, 0x922d, 0x81ca,
0x924a, 0x9a8b, 0x9aac, 0x9aac, 0x9acd, 0x9aac, 0x926c, 0x928c, 0x9aac, 0x928c,
0x9aad, 0xa2ad, 0xaaee, 0xaaee, 0xaacd, 0xaacd, 0xaaed, 0xb30e, 0xb32e, 0xbb2f,
0xbb4f, 0xbb4f, 0xbb4f, 0xc370, 0xc390, 0xbb70, 0xbb4f, 0xbb70, 0xc3b1, 0xcbb1,
0xcbb1, 0xcbd1, 0xcbf2, 0xd3f2, 0xd413, 0xd413, 0xd413, 0xd413, 0xdc33, 0xdc33,
0xdc53, 0xd453, 0xd453, 0xd433, 0xd433, 0xcc33, 0xc433, 0xa390, 0x3907, 0x1884,
0x1085, 0x0864, 0x1065, 0x1045, 0x1845, 0x1065, 0x1045, 0x1045, 0x1065, 0x1065,
0x1045, 0x1045, 0x1065, 0x1045, 0x1065, 0x1045, 0x1045, 0x1045, 0x1045, 0x1045,
0x1045, 0x1065, 0x1065, 0x1065, 0x1065, 0x1086, 0x1886, 0x1887, 0x1887, 0x18a7,
0x18a8, 0x20c8, 0x20c9, 0x20c9, 0x20c9, 0x20ca, 0x20ea, 0x20ea, 0x20ea, 0x28ea,
0x290b, 0x292b, 0x312c, 0x312c, 0x394d, 0x396e, 0x396e, 0x396f, 0x418f, 0x418f,
0x396e, 0x314d, 0x292b, 0x290a, 0x2109, 0x18e8, 0x18a7, 0x18e8, 0x1087, 0x1087,
0x1087, 0x1087, 0x1887, 0x1887, 0x1887, 0x1087, 0x1087, 0x1087, 0x1087, 0x1087,
0x1087, 0x1087, 0x10a7, 0x10a7, 0x1087, 0x18c7, 0x18c8, 0x18c8, 0x18c8, 0x20e9,
0x210a, 0x210a, 0x210b, 0x292b, 0x292c, 0x314d, 0x316e, 0x39b0, 0x41b0, 0x41b0,
0x41d1, 0x41f2, 0x41f2, 0x41f2, 0x41f2, 0x41d1, 0x41d1, 0x41d1, 0x41b1, 0x39b1,
0x41b0, 0x41b0, 0x4190, 0x3990, 0x3990, 0x3990, 0x3990, 0x398f, 0x3990, 0x3990,
0x398f, 0x41ae, 0x290b, 0x6ad3, 0x6292, 0x396e, 0x49d0, 0x41d0, 0x41d0, 0x49f1,
0x49f1, 0x4a11, 0x4a11, 0x4a11, 0x4a11, 0x5231, 0x5232, 0x5232, 0x5252, 0x5252,
0x5252, 0x5252, 0x5250, 0x4a2e, 0x41ed, 0x41cc, 0x39cb, 0x41cb, 0x39ab, 0x314a,
0x2909, 0x3129, 0x418a, 0x622d, 0x7a8f, 0x8acf, 0x92f0, 0xa311, 0xab31, 0xb372,
0xb392, 0xb3b2, 0xc3d3, 0xd478, 0xe51c, 0xe4fd, 0xe51e, 0xf57f, 0xfddf, 0xed5e,
0xe51c, 0xf5ff, 0xfebf, 0xf67f, 0xf69e, 0xee7e, 0xff5f, 0xf6df, 0xe65d, 0xf6df,
0xff5f, 0xff5e, 0xff3f, 0xf6bf, 0xe65e, 0xe63e, 0xee9f, 0xff7f, 0xff3f, 0xd57b,
0xc459, 0xcc7b, 0xdcbd, 0xdcdd, 0xe4fd, 0xe51e, 0xe4fd, 0xe4fd, 0xdcdd, 0xe4dd,

0x1024, 0x1024, 0x1024, 0x1024, 0x1024, 0x1024, 0x1024, 0x1024, 0x1045, 0x1845,
0x2887, 0x4109, 0x516a, 0x722d, 0x720d, 0x5909, 0x81ed, 0x9ab0, 0x9a70, 0xa290,
0x9a50, 0xa250, 0xa250, 0xa270, 0xaa91, 0xaab2, 0xb2b2, 0xb2b2, 0xb2d2, 0xbb13,
0xbb34, 0xc354, 0xc355, 0xcb76, 0xcb96, 0xcb76, 0xcb96, 0xd3b7, 0xd3b7, 0xdbd8,
0xdbf8, 0xd3f8, 0xdc39, 0xd438, 0xcbd7, 0xcbf7, 0xd418, 0xcbf7, 0xcbf8, 0xd418,
0xd418, 0xd418, 0xd3f8, 0xcbf8, 0xd418, 0xd418, 0xd418, 0xd438, 0xd418, 0xd418,
0xd3f8, 0xd419, 0xcbf9, 0xcbd8, 0xd3f9, 0xcbd8, 0xcbb8, 0xcbb8, 0xc398, 0xc398,
0xc358, 0xc337, 0xbb37, 0xbb16, 0xb315, 0xaad2, 0x9a90, 0x922d, 0x89eb, 0x81e9,
0x926b, 0x9a8c, 0x9aac, 0x9aad, 0x9aac, 0x928c, 0x926b, 0x928c, 0x924b, 0x928c,
0x9aad, 0xa2cd, 0xa2cd, 0xa2ad, 0xa2ad, 0xaacd, 0xaaee, 0xb30e, 0xb30e, 0xb32e,
0xbb2f, 0xbb4f, 0xbb4f, 0xbb50, 0xbb50, 0xbb4f, 0xbb50, 0xc370, 0xc391, 0xcbb1,
0xcbd1, 0xcbd2, 0xd3f2, 0xd412, 0xd413, 0xd433, 0xd413, 0xd413, 0xdc33, 0xdc53,
0xdc53, 0xdc53, 0xd453, 0xd433, 0xd433, 0xc454, 0xabf2, 0x5188, 0x1065, 0x18a6,
0x0864, 0x0844, 0x1045, 0x1045, 0x1045, 0x1065, 0x1045, 0x1045, 0x1065, 0x1065,
0x1045, 0x1045, 0x1045, 0x1045, 0x1045, 0x1045, 0x1065, 0x1045, 0x1045, 0x1045,
0x1045, 0x1045, 0x1045, 0x1065, 0x1065, 0x1066, 0x1886, 0x1887, 0x1887, 0x18a7,
0x18a8, 0x18a8, 0x20c8, 0x20c9, 0x20c9, 0x20c9, 0x20c9, 0x20e9, 0x20ea, 0x20ea,
0x28eb, 0x290b, 0x312c, 0x312d, 0x394d, 0x394e, 0x394e, 0x396f, 0x416f, 0x418f,
0x398f, 0x396e, 0x312c, 0x290a, 0x2109, 0x18e8, 0x18c8, 0x18e8, 0x10a7, 0x1066,
0x1087, 0x1087, 0x1887, 0x1887, 0x1887, 0x1887, 0x1887, 0x1887, 0x1087, 0x1087,
0x1087, 0x10a7, 0x1087, 0x10a7, 0x18c8, 0x18c8, 0x18c8, 0x18c8, 0x18c8, 0x18c9,
0x20e9, 0x20e9, 0x20ea, 0x290b, 0x292c, 0x292d, 0x316e, 0x316f, 0x3990, 0x39b0,
0x39b1, 0x41d2, 0x41d2, 0x41d2, 0x41d1, 0x41d1, 0x41d1, 0x41d1, 0x41d1, 0x41b1,
0x41b1, 0x41b0, 0x4190, 0x4190, 0x41b0, 0x41b0, 0x41b0, 0x398f, 0x3990, 0x3990,
0x398f, 0x41ae, 0x292b, 0x5a71, 0x8bd7, 0x41af, 0x41af, 0x41b0, 0x41d0, 0x41d0,
0x49f0, 0x49f1, 0x4a11, 0x4a11, 0x4a11, 0x5231, 0x5232, 0x5232, 0x5253, 0x5a53,
0x5a53, 0x5a53, 0x5a52, 0x5a51, 0x5230, 0x41ee, 0x41cc, 0x39cb, 0x39cb, 0x41ab,
0x314a, 0x2929, 0x3129, 0x51cc, 0x6a4e, 0x7a8f, 0x8af0, 0x9af0, 0xab31, 0xb352,
0xb392, 0xb392, 0xbbd3, 0xcc36, 0xe4fa, 0xe51c, 0xe51d, 0xed5f, 0xf59f, 0xf59f,
0xe4dc, 0xed5d, 0xfe3f, 0xf65f, 0xee7f, 0xdddc, 0xee9e, 0xff3f, 0xe61d, 0xee7e,
0xff5f, 0xff1e, 0xf6fe, 0xee9e, 0xee9f, 0xee7e, 0xeebf, 0xee9d, 0xeebd, 0xff1f,
0xee3e, 0xd4fb, 0xd49b, 0xdc9c, 0xdcbc, 0xdcdd, 0xe51e, 0xe51e, 0xe4fd, 0xe4fd,

0x1004, 0x1024, 0x1004, 0x1004, 0x1024, 0x1024, 0x1004, 0x1024, 0x0824, 0x0844,
0x1045, 0x2886, 0x4929, 0x69ec, 0x69cb, 0x5909, 0x79ec, 0x926f, 0x9a6f, 0x9a90,
0x9a70, 0xa250, 0xaa70, 0xaa70, 0xaab1, 0xb2d2, 0xb2b2, 0xb2b2, 0xb2d2, 0xbaf3,
0xbb14, 0xc334, 0xc335, 0xc355, 0xc376, 0xcb76, 0xcb96, 0xcb96, 0xd3b7, 0xd3d7,
0xdbf8, 0xd3f8, 0xd3f8, 0xd418, 0xcbd7, 0xcbf7, 0xcbf7, 0xcbd7, 0xcbd7, 0xcbf7,
0xcbf8, 0xd3f8, 0xcbf7, 0xcbf8, 0xd418, 0xd418, 0xd418, 0xd418, 0xd418, 0xd418,
0xd419, 0xd419, 0xcbf9, 0xcbd9, 0xcbd8, 0xcbb8, 0xcb98, 0xc398, 0xc378, 0xc358,
0xc337, 0xc317, 0xbb16, 0xb2f5, 0xaad2, 0x9a6f, 0x8a0c, 0x8a0c, 0x81ea, 0x8a2a,
0x9a6b, 0x9a8c, 0x9a8d, 0x9aad, 0x924b, 0x8a2b, 0x926c, 0x926b, 0x8a2b, 0x9a8c,
0x9aac, 0x9a8c, 0x9a6c, 0x9a8c, 0xa28d, 0xaacd, 0xaaed, 0xb2ee, 0xb30e, 0xb32e,
0xb32e, 0xbb2e, 0xbb4f, 0xbb2f, 0xb32f, 0xbb2f, 0xbb70, 0xc390, 0xc3b1, 0xcbd1,
0xcbd2, 0xcbf2, 0xd3f2, 0xd412, 0xd413, 0xd433, 0xd413, 0xd413, 0xd433, 0xdc33,
0xdc33, 0xd453, 0xd453, 0xd433, 0xcc13, 0xc434, 0x6a4b, 0x1844, 0x1886, 0x1065,
0x1045, 0x1045, 0x1045, 0x1045, 0x1045, 0x1045, 0x1045, 0x1044, 0x1045, 0x1045,
0x1045, 0x1045, 0x1045, 0x1045, 0x1045, 0x1045, 0x1045, 0x1045, 0x1045, 0x1045,
0x1045, 0x1045, 0x1045, 0x1065, 0x1065, 0x1066, 0x1886, 0x1887, 0x1887, 0x18a7,
0x18a8, 0x18a8, 0x20c8, 0x20c9, 0x20c9, 0x20c9, 0x20c9, 0x20e9, 0x20ea, 0x20ea,
0x290b, 0x292c, 0x312c, 0x312d, 0x314d, 0x394e, 0x394e, 0x396f, 0x416f, 0x4190,
0x418f, 0x314d, 0x290c, 0x290b, 0x210a, 0x20e9, 0x18c8, 0x18c8, 0x18a7, 0x1066,
0x1087, 0x1087, 0x1887, 0x1887, 0x1887, 0x1887, 0x1887, 0x1887, 0x1087, 0x1087,
0x1087, 0x1087, 0x18c7, 0x18c8, 0x18a7, 0x18a7, 0x18a7, 0x18a8, 0x18c8, 0x18c9,
0x18c9, 0x20e9, 0x20ea, 0x210a, 0x210b, 0x292c, 0x314d, 0x316e, 0x316f, 0x3990,
0x39b1, 0x41d2, 0x41d1, 0x41d2, 0x41d1, 0x41d1, 0x41d1, 0x41d1, 0x41d1, 0x41b1,
0x41b1, 0x41b0, 0x4190, 0x4190, 0x41b0, 0x41b0, 0x41b0, 0x398f, 0x3990, 0x3990,
0x398f, 0x398e, 0x292b, 0x49af, 0x93f8, 0x41af, 0x41af, 0x41af, 0x41b0, 0x41d0,
0x41d1, 0x49f1, 0x49f1, 0x4a11, 0x4a11, 0x4a12, 0x4a32, 0x5232, 0x5233, 0x5a33,
0x5a54, 0x6254, 0x5a54, 0x5a53, 0x5232, 0x5250, 0x4a2f, 0x420d, 0x39cb, 0x41cb,
0x398a, 0x316a, 0x3129, 0x416a, 0x59ed, 0x6a6e, 0x82af, 0x92d0, 0xa311, 0xab51,
0xb392, 0xb392, 0xbbb3, 0xc3f4, 0xd4b7, 0xe51b, 0xed3d, 0xed3f, 0xed9f, 0xfdbf,
0xecfd, 0xe4fc, 0xf5be, 0xfe9f, 0xee7f, 0xe63e, 0xee7e, 0xff5f, 0xf6be, 0xddfd,
0xee7f, 0xff1f, 0xff3f, 0xf6bf, 0xee9f, 0xeebe, 0xf6fe, 0xf71e, 0xf6fe, 0xf73f,
0xff3f, 0xfebf, 0xe57d, 0xcc5a, 0xcc1a, 0xdc7c, 0xdcbc, 0xe4fd, 0xed1e, 0xed1e,

0x0803, 0x1024, 0x0803, 0x0803, 0x0803, 0x0803, 0x0804, 0x0804, 0x0824, 0x0824,
0x1024, 0x1825, 0x2866, 0x4929, 0x5149, 0x5109, 0x71cc, 0x8a4e, 0x926f, 0x926f,
0x926f, 0xa270, 0xaa70, 0xaa70, 0xaab0, 0xaad2, 0xb2d2, 0xb2d2, 0xb2d2, 0xbaf3,
0xbb14, 0xc334, 0xbb34, 0xc335, 0xc355, 0xcb76, 0xcb76, 0xcb96, 0xcb76, 0xcb96,
0xd3b7, 0xcbb7, 0xcbd7, 0xcbd7, 0xcbd7, 0xcbd7, 0xcbd7, 0xcbd7, 0xcbd7, 0xcbd7,
0xcbf7, 0xcbf7, 0xcbf7, 0xd3f8, 0xd418, 0xd418, 0xd418, 0xd418, 0xd419, 0xd419,
0xd419, 0xd3f9, 0xcbd8, 0xcbb8, 0xcbb8, 0xcb98, 0xcb98, 0xc377, 0xc357, 0xbb37,
0xbb16, 0xbb16, 0xb2f5, 0xaab2, 0x9a6f, 0x8a0b, 0x81ea, 0x89eb, 0x81ea, 0x926b,
0x9a6c, 0x9a8d, 0x9a8d, 0x928c, 0x820a, 0x8a2a, 0x924b, 0x8a2b, 0x8a4b, 0x926c,
0x926c, 0x9a8c, 0x924b, 0x9a6c, 0xa28c, 0xaacd, 0xaaed, 0xaaed, 0xb30e, 0xb30e,
0xb32e, 0xb32e, 0xb32f, 0xb30f, 0xb30f, 0xbb4f, 0xc370, 0xc390, 0xc3b1, 0xcbd1,
0xcbf2, 0xd3f2, 0xd3f2, 0xd412, 0xd413, 0xd433, 0xd413, 0xd433, 0xd433, 0xd433,
0xdc33, 0xd453, 0xcc53, 0xcc13, 0xcc13, 0x92ef, 0x2885, 0x1885, 0x1065, 0x1025,
0x1025, 0x1045, 0x1045, 0x1044, 0x1045, 0x1045, 0x1044, 0x1024, 0x1045, 0x1045,
0x1045, 0x1045, 0x1045, 0x1045, 0x1045, 0x1045, 0x1025, 0x1045, 0x1045, 0x1045,
0x1045, 0x1045, 0x1045, 0x1065, 0x1065, 0x1066, 0x1886, 0x1887, 0x1887, 0x18a7,
0x18a8, 0x18a8, 0x20c8, 0x20c9, 0x20c9, 0x20c9, 0x20c9, 0x20e9, 0x20ea, 0x20ea,
0x28eb, 0x290b, 0x292c, 0x312c, 0x312d, 0x394d, 0x394e, 0x396e, 0x396f, 0x418f,
0x396f, 0x396e, 0x312c, 0x290b, 0x20ea, 0x20e9, 0x18c8, 0x18c7, 0x18a7, 0x1066,
0x1087, 0x1087, 0x1887, 0x1887, 0x1887, 0x1887, 0x1887, 0x1887, 0x1087, 0x1087,
0x1087, 0x1087, 0x18c7, 0x18c8, 0x10a7, 0x18a7, 0x18a7, 0x10a7, 0x18a8, 0x18c8,
0x18c9, 0x20e9, 0x20e9, 0x20ea, 0x20ea, 0x210b, 0x292c, 0x314d, 0x314f, 0x3990,
0x39b0, 0x41b1, 0x41b1, 0x41b1, 0x41d1, 0x41d1, 0x41d1, 0x41d1, 0x41d1, 0x41b1,
0x41b1, 0x41b0, 0x4190, 0x4190, 0x41b0, 0x41b0, 0x41b0, 0x398f, 0x3990, 0x3990,
0x398f, 0x398e, 0x316c, 0x310c, 0x7b76, 0x41af, 0x418f, 0x41af, 0x41af, 0x41b0,
0x41d0, 0x49d1, 0x49f1, 0x49f1, 0x49f1, 0x4a12, 0x4a12, 0x5232, 0x5233, 0x5a34,
0x6255, 0x6255, 0x6255, 0x5a34, 0x5233, 0x5252, 0x5270, 0x4a2e, 0x420d, 0x41cc,
0x39cb, 0x318a, 0x316a, 0x3129, 0x498c, 0x622d, 0x7a6e, 0x8aaf, 0x9af0, 0xab11,
0xb372, 0xb372, 0xbb93, 0xbbd3, 0xcc56, 0xe51a, 0xed5d, 0xe51e, 0xe55f, 0xf59f,
0xf55e, 0xe4dc, 0xed7d, 0xee3f, 0xf69e, 0xf69f, 0xee7e, 0xf6ff, 0xff3f, 0xddfd,
0xe61e, 0xf67e, 0xee3e, 0xf6bf, 0xf6df, 0xff5f, 0xff9f, 0xeefe, 0xf71e, 0xff7f,
0xff7f, 0xf71f, 0xfe9f, 0xedbe, 0xdc9b, 0xcc3a, 0xcc5a, 0xdc9c, 0xe4bd, 0xe4dd,

0x0823, 0x0823, 0x0823, 0x0823, 0x0823, 0x0823, 0x0824, 0x0824, 0x0803, 0x0824,
0x0824, 0x1024, 0x1024, 0x30a6, 0x40c7, 0x5109, 0x69ab, 0x822e, 0x8a6f, 0x924f,
0x9a4f, 0x9a6f, 0xa270, 0xa270, 0xaa90, 0xaab1, 0xaab1, 0xb2b2, 0xb2d2, 0xbaf3,
0xbaf4, 0xc314, 0xc334, 0xc334, 0xc334, 0xc355, 0xc375, 0xc375, 0xcb76, 0xcb76,
0xcb76, 0xcb96, 0xcb96, 0xcbb7, 0xcbb7, 0xc3b6, 0xc3b7, 0xcbb7, 0xcbd7, 0xcbd7,
0xcbd7, 0xcbd7, 0xcbf7, 0xcbf8, 0xd3f8, 0xd3f8, 0xd418, 0xd418, 0xd419, 0xd3f9,
0xd3f9, 0xd3d9, 0xcbb9, 0xcb98, 0xcb98, 0xcb78, 0xc377, 0xc336, 0xc336, 0xbb15,
0xb314, 0xab13, 0xa2d1, 0x924e, 0x8a2c, 0x81ea, 0x8a2b, 0x81e9, 0x8a0a, 0x928c,
0x928c, 0x9a8c, 0x9aad, 0x8a6b, 0x822a, 0x8a6b, 0x926b, 0x8a4b, 0x8a2b, 0x8a4b,
0x926c, 0x926b, 0x924b, 0x9a6c, 0xa2ad, 0xa2cd, 0xaaee, 0xaaee, 0xaaee, 0xb32f,
0xb32f, 0xb32f, 0xb30f, 0xb30e, 0xbb2f, 0xc370, 0xc391, 0xc3b1, 0xcbb1, 0xcbd1,
0xcbd2, 0xd3f2, 0xd412, 0xd3f2, 0xd413, 0xd433, 0xd433, 0xd433, 0xd433, 0xd433,
0xd433, 0xd433, 0xd433, 0xcc34, 0xabd2, 0x4928, 0x1824, 0x1866, 0x1065, 0x1045,
0x1045, 0x1044, 0x1044, 0x1044, 0x1044, 0x1044, 0x1044, 0x1044, 0x1044, 0x1044,
0x1045, 0x1025, 0x1025, 0x1025, 0x1045, 0x1045, 0x1045, 0x1045, 0x1045, 0x1045,
0x1065, 0x1065, 0x1065, 0x1066, 0x1066, 0x1066, 0x1086, 0x1086, 0x1887, 0x1887,
0x18a7, 0x18a7, 0x18a8, 0x18c8, 0x20c9, 0x20c9, 0x20c9, 0x20ea, 0x20ea, 0x20ea,
0x290b, 0x290b, 0x292c, 0x312d, 0x314d, 0x314e, 0x316e, 0x396e, 0x396e, 0x396f,
0x396e, 0x316e, 0x292c, 0x292b, 0x210a, 0x20e9, 0x18c8, 0x18c7, 0x18a7, 0x1066,
0x1087, 0x10a7, 0x1887, 0x1887, 0x1887, 0x1887, 0x1887, 0x1887, 0x1087, 0x1087,
0x1087, 0x1087, 0x1087, 0x1087, 0x10a7, 0x18a8, 0x18a8, 0x10a7, 0x18a8, 0x18a8,
0x18c8, 0x18c8, 0x20e9, 0x20ea, 0x20ea, 0x210b, 0x290b, 0x292c, 0x314d, 0x318e,
0x398f, 0x39b0, 0x39b0, 0x41d1, 0x41b1, 0x41d1, 0x41d2, 0x41d2, 0x41b1, 0x39b1,
0x41b1, 0x39b0, 0x39b0, 0x39b0, 0x39b0, 0x39b0, 0x3990, 0x3990, 0x398f, 0x398f,
0x398e, 0x398e, 0x316d, 0x310b, 0x8396, 0x6ad3, 0x396e, 0x41af, 0x41af, 0x41af,
0x41b0, 0x41d0, 0x41d1, 0x49f1, 0x49f1, 0x49f2, 0x4a12, 0x5213, 0x5233, 0x5233,
0x5a34, 0x6235, 0x6254, 0x5a34, 0x5a33, 0x5233, 0x4a51, 0x4a70, 0x4a4f, 0x420d,
0x41ec, 0x39cb, 0x3169, 0x3129, 0x394a, 0x49cc, 0x6a4d, 0x828f, 0x92d0, 0xa2f0,
0xab51, 0xb392, 0xbb92, 0xbb92, 0xcc14, 0xe4d9, 0xed3c, 0xdd1c, 0xe51c, 0xf57e,
0xf57f, 0xd4db, 0xed7d, 0xeddd, 0xf67f, 0xee5e, 0xfeff, 0xf6df, 0xf6be, 0xff5f,
0xff1f, 0xfebf, 0xe5dd, 0xe5dd, 0xe63e, 0xf73f, 0xffff, 0xffbf, 0xef1e, 0xf77f,
0xff7f, 0xff7f, 0xf71f, 0xf69f, 0xf65f, 0xee3e, 0xdd9b, 0xccda, 0xd47b, 0xdc7c,

0x0823, 0x0823, 0x0823, 0x0823, 0x0823, 0x0823, 0x0823, 0x0803, 0x0803, 0x0824,
0x1024, 0x0824, 0x0803, 0x1003, 0x2886, 0x4908, 0x616a, 0x820d, 0x8a2e, 0x924e,
0x9a4f, 0x9a6f, 0xa270, 0xa290, 0xaa90, 0xaab0, 0xaab1, 0xaab1, 0xaab1, 0xb2b2,
0xbad3, 0xbaf3, 0xbb13, 0xbb33, 0xc354, 0xc354, 0xc355, 0xc335, 0xc355, 0xc356,
0xc376, 0xc376, 0xc376, 0xc396, 0xc396, 0xc3b6, 0xc3b7, 0xcbb7, 0xc3b7, 0xcbb7,
0xcbd7, 0xcbd7, 0xcbd8, 0xcbd7, 0xcbf8, 0xd3f8, 0xd418, 0xd418, 0xd3f9, 0xd3f8,
0xd3d8, 0xcbb8, 0xcb98, 0xc378, 0xc358, 0xc337, 0xc336, 0xbb16, 0xbb15, 0xb2d4,
0xaad2, 0x9a8f, 0x8a2d, 0x8a0c, 0x81ca, 0x8a2a, 0x820a, 0x820a, 0x924b, 0x926b,
0x926c, 0x928c, 0x928c, 0x822a, 0x824b, 0x8a6b, 0x8a4b, 0x8a2a, 0x8a2b, 0x924b,
0x926b, 0x924b, 0x924b, 0x9a6c, 0xa2ad, 0xa2cd, 0xaaee, 0xaaee, 0xaaee, 0xab0e,
0xab0e, 0xab0e, 0xab0e, 0xb30f, 0xbb50, 0xc390, 0xc391, 0xc3b1, 0xcbb1, 0xcbd1,
0xcbd2, 0xd3f2, 0xd412, 0xd3f2, 0xd413, 0xd433, 0xd433, 0xd433, 0xd433, 0xd433,
0xd433, 0xd413, 0xd434, 0xc433, 0x722c, 0x2024, 0x1865, 0x1845, 0x1045, 0x1024,
0x1045, 0x1044, 0x1044, 0x1044, 0x1044, 0x1044, 0x1044, 0x1044, 0x1044, 0x1044,
0x1045, 0x1025, 0x1025, 0x1025, 0x1025, 0x1045, 0x1065, 0x1045, 0x1045, 0x1045,
0x1065, 0x1065, 0x1065, 0x1066, 0x1066, 0x1066, 0x1086, 0x1086, 0x1887, 0x1887,
0x1887, 0x18a7, 0x18a8, 0x18c8, 0x20c8, 0x20c9, 0x20c9, 0x20ea, 0x20ea, 0x20ea,
0x290b, 0x290b, 0x292c, 0x292d, 0x314d, 0x314d, 0x314e, 0x316e, 0x396e, 0x396e,
0x396e, 0x314d, 0x292c, 0x292b, 0x210a, 0x20e9, 0x18c8, 0x18c7, 0x18a7, 0x1066,
0x1087, 0x10a7, 0x1887, 0x1887, 0x1887, 0x1887, 0x1887, 0x1887, 0x1087, 0x1087,
0x1087, 0x1087, 0x1087, 0x1087, 0x1087, 0x1087, 0x18a8, 0x18a8, 0x18a8, 0x18a8,
0x18c8, 0x18c8, 0x18c9, 0x20e9, 0x20ea, 0x20ea, 0x210b, 0x292b, 0x294c, 0x316e,
0x398e, 0x3990, 0x3990, 0x39b0, 0x39b1, 0x39b1, 0x41b1, 0x41b1, 0x41b1, 0x41b1,
0x41b1, 0x39b0, 0x39b0, 0x39b0, 0x39b0, 0x39b0, 0x3990, 0x3990, 0x398f, 0x398f,
0x398e, 0x398e, 0x398d, 0x20ca, 0x7354, 0x7b54, 0x394d, 0x41af, 0x418f, 0x41af,
0x41af, 0x41b0, 0x41d0, 0x41d1, 0x49f1, 0x49f2, 0x49f2, 0x4a12, 0x5213, 0x5213,
0x5a14, 0x5a34, 0x5a34, 0x6254, 0x5a54, 0x5a53, 0x4a32, 0x4230, 0x4a4f, 0x422d,
0x420c, 0x41eb, 0x39aa, 0x316a, 0x312a, 0x394a, 0x59ec, 0x726e, 0x8a8f, 0x9acf,
0xa331, 0xab51, 0xb372, 0xbb92, 0xc3b3, 0xdc77, 0xf57c, 0xdcfb, 0xdcfa, 0xed3c,
0xf59e, 0xd4bb, 0xe57d, 0xfdfe, 0xfe9f, 0xf69f, 0xff1f, 0xff3f, 0xee7e, 0xf6de,
0xff1f, 0xf67f, 0xfebf, 0xf65f, 0xdddd, 0xeebe, 0xffbf, 0xffbf, 0xf77e, 0xf75f,
0xff9f, 0xff5f, 0xf6fe, 0xe65e, 0xedfe, 0xe61e, 0xfebf, 0xf65f, 0xcc5a, 0xcbf9,

0x0003, 0x0003, 0x0003, 0x0003, 0x0003, 0x0003, 0x0803, 0x0803, 0x0803, 0x0823,
0x0823, 0x0823, 0x0803, 0x0803, 0x1024, 0x28a6, 0x596a, 0x7a0d, 0x81ed, 0x8a2e,
0x924e, 0x924f, 0x9a4f, 0x9a6f, 0xa270, 0xa290, 0xa290, 0xa2b0, 0xaab1, 0xaa91,
0xb2b2, 0xb2d2, 0xb2d2, 0xbb13, 0xbb13, 0xbb34, 0xbb34, 0xbb34, 0xc335, 0xc335,
0xc335, 0xc355, 0xc376, 0xc396, 0xc396, 0xc396, 0xc3b7, 0xc3b7, 0xc396, 0xc3b7,
0xc3b7, 0xc3b7, 0xcbb7, 0xcbd7, 0xcbd8, 0xcbf8, 0xcbf8, 0xd3f8, 0xd3f9, 0xcbd8,
0xcbb8, 0xcb98, 0xc377, 0xc357, 0xc317, 0xbaf6, 0xbaf6, 0xb2f4, 0xaaf3, 0x9ab2,
0x928f, 0x8a2c, 0x820b, 0x79ca, 0x81ea, 0x8a2a, 0x8a29, 0x8a4b, 0x926b, 0x926b,
0x926b, 0x926b, 0x926b, 0x820a, 0x824b, 0x8a4b, 0x820a, 0x8a0a, 0x8a2b, 0x924b,
0x8a4b, 0x8a2b, 0x926b, 0x9a6c, 0xa2ad, 0xa2cd, 0xaaee, 0xaaee, 0xab0e, 0xab0e,
0xaaee, 0xaaee, 0xb30e, 0xbb2f, 0xbb50, 0xc370, 0xc391, 0xc3b1, 0xcbb1, 0xcbd1,
0xcbd2, 0xd3f2, 0xd412, 0xd3f2, 0xd413, 0xd433, 0xd433, 0xd433, 0xd413, 0xd413,
0xd413, 0xd413, 0xcc34, 0xa370, 0x30a5, 0x1844, 0x1865, 0x1045, 0x1024, 0x0824,
0x1045, 0x1045, 0x1044, 0x1044, 0x1044, 0x1044, 0x1044, 0x1044, 0x1044, 0x1044,
0x1045, 0x1025, 0x1025, 0x1025, 0x1045, 0x1045, 0x1045, 0x1045, 0x1045, 0x1045,
0x1065, 0x1065, 0x1065, 0x1066, 0x1066, 0x1066, 0x1086, 0x1086, 0x1887, 0x1887,
0x1887, 0x1887, 0x18a7, 0x18a8, 0x20c8, 0x20c9, 0x20c9, 0x20ea, 0x20ea, 0x20ea,
0x290b, 0x290b, 0x292c, 0x290d, 0x312d, 0x314d, 0x314d, 0x314d, 0x316e, 0x394e,
0x394e, 0x314d, 0x292c, 0x292b, 0x210a, 0x20e9, 0x18c8, 0x18c7, 0x18a7, 0x1066,
0x1087, 0x10a7, 0x1887, 0x1887, 0x1887, 0x1887, 0x1887, 0x1887, 0x1087, 0x1087,
0x1087, 0x1087, 0x1087, 0x1087, 0x1087, 0x18a8, 0x18a8, 0x18a8, 0x18a8, 0x18a8,
0x18c8, 0x18c8, 0x18c8, 0x18e9, 0x20e9, 0x20ea, 0x210a, 0x210b, 0x290b, 0x314d,
0x314d, 0x398f, 0x3990, 0x3990, 0x3990, 0x3990, 0x39b0, 0x39b0, 0x41d1, 0x41d1,
0x41b1, 0x39b0, 0x39b0, 0x39b0, 0x39b0, 0x39b0, 0x3990, 0x3990, 0x398f, 0x398f,
0x398e, 0x398e, 0x396d, 0x290b, 0x5250, 0x7354, 0x314d, 0x41ae, 0x418e, 0x418f,
0x41af, 0x41af, 0x41b0, 0x41d1, 0x41d1, 0x49f1, 0x49f2, 0x4a12, 0x5213, 0x5213,
0x5a14, 0x5a34, 0x5a34, 0x6255, 0x6255, 0x5a54, 0x5253, 0x5251, 0x4a30, 0x420c,
0x420c, 0x420b, 0x41eb, 0x39ab, 0x396b, 0x3129, 0x418a, 0x620d, 0x7a6e, 0x8aaf,
0xa310, 0xab51, 0xb372, 0xbb92, 0xc3b3, 0xc3f4, 0xf57c, 0xed3c, 0xd498, 0xe4fa,
0xed5b, 0xe51b, 0xd4ba, 0xfe1f, 0xedfe, 0xe5fd, 0xee5e, 0xfeff, 0xf6be, 0xe65e,
0xee7e, 0xee3d, 0xee1e, 0xf63f, 0xee3f, 0xe67e, 0xff7f, 0xffbf, 0xffbf, 0xff7f,
0xff7f, 0xff9f, 0xff9f, 0xff1f, 0xedff, 0xee3f, 0xee3f, 0xfebf, 0xe57c, 0xbbd7,

0x0002, 0x0002, 0x0003, 0x0003, 0x0003, 0x0003, 0x0803, 0x0803, 0x0803, 0x0803,
0x0803, 0x0803, 0x0803, 0x0823, 0x0803, 0x1024, 0x3908, 0x69cb, 0x79ed, 0x820d,
0x820d, 0x8a2e, 0x8a2e, 0x922e, 0x924f, 0x9a6f, 0x9a6f, 0xa290, 0xa270, 0xa270,
0xaa91, 0xaab1, 0xb2b2, 0xb2d2, 0xb2b2, 0xb2d3, 0xbaf3, 0xbaf4, 0xbb14, 0xbb14,
0xbb15, 0xbb35, 0xbb55, 0xbb75, 0xc376, 0xc376, 0xc396, 0xc396, 0xc376, 0xc396,
0xc396, 0xc397, 0xc397, 0xcbb8, 0xcbd8, 0xcbd8, 0xcbd8, 0xcbd8, 0xd3d9, 0xcbd8,
0xcb98, 0xc377, 0xc356, 0xbb36, 0xbaf6, 0xb2b5, 0xaad4, 0xa2d2, 0x9ab1, 0x8a6f,
0x820c, 0x81ea, 0x81ea, 0x79c9, 0x820a, 0x8a2a, 0x8a4a, 0x924b, 0x8a4b, 0x924b,
0x926b, 0x926b, 0x8a2a, 0x822a, 0x8a6b, 0x822a, 0x8a2b, 0x8a0a, 0x8a2b, 0x924b,
0x8a4b, 0x8a4b, 0x924b, 0x9a6c, 0xa2ad, 0xa2cd, 0xaaee, 0xaaee, 0xaaee, 0xab0e,
0xaaee, 0xaaee, 0xb30e, 0xbb50, 0xbb70, 0xc390, 0xc391, 0xc3b1, 0xcbb1, 0xcbd2,
0xcbd2, 0xd3f2, 0xd3f2, 0xd412, 0xd413, 0xd413, 0xd433, 0xd433, 0xd413, 0xd433,
0xd433, 0xcc13, 0xc434, 0x69eb, 0x1843, 0x1885, 0x1865, 0x1044, 0x1024, 0x1044,
0x1044, 0x1044, 0x1044, 0x1044, 0x1044, 0x1044, 0x1044, 0x1044, 0x1044, 0x1044,
0x1045, 0x1025, 0x1025, 0x1025, 0x1045, 0x1045, 0x1045, 0x1065, 0x1065, 0x1065,
0x1065, 0x1065, 0x1066, 0x1066, 0x1066, 0x1066, 0x1086, 0x1066, 0x1086, 0x1887,
0x1887, 0x1887, 0x18a8, 0x18a8, 0x18a8, 0x18a9, 0x20c9, 0x20c9, 0x20ca, 0x20ea,
0x290b, 0x290b, 0x292c, 0x292d, 0x312d, 0x312d, 0x314d, 0x314d, 0x314d, 0x394e,
0x396e, 0x314d, 0x294c, 0x292b, 0x210a, 0x20e9, 0x18c8, 0x18c7, 0x18c7, 0x1087,
0x1066, 0x1087, 0x1887, 0x1887, 0x1887, 0x1887, 0x1887, 0x1887, 0x1087, 0x1087,
0x1087, 0x1087, 0x10a7, 0x10a7, 0x10a7, 0x18a8, 0x18a8, 0x18a8, 0x18a8, 0x18a8,
0x18a8, 0x18c8, 0x18e8, 0x18e9, 0x20e9, 0x20e9, 0x20ea, 0x210a, 0x292b, 0x294c,
0x314d, 0x316e, 0x316e, 0x318f, 0x398f, 0x3990, 0x3990, 0x3990, 0x41f1, 0x41d1,
0x39b0, 0x39b0, 0x39b0, 0x39b0, 0x39b0, 0x39b0, 0x39b0, 0x3990, 0x3990, 0x398f,
0x398e, 0x398d, 0x396d, 0x28eb, 0x5a71, 0x9458, 0x396d, 0x396e, 0x418e, 0x398e,
0x398e, 0x39af, 0x41af, 0x41d0, 0x41d1, 0x49d1, 0x49d1, 0x49f2, 0x5213, 0x5213,
0x5213, 0x5a14, 0x5a34, 0x6255, 0x6276, 0x6276, 0x5a75, 0x5a53, 0x4a11, 0x4a0e,
0x41ed, 0x41cb, 0x41cb, 0x41ec, 0x39cc, 0x396a, 0x3929, 0x498b, 0x6a2d, 0x828e,
0x92f0, 0xa331, 0xab71, 0xb392, 0xbbb2, 0xbb93, 0xe4d9, 0xf59c, 0xd477, 0xe4d8,
0xe4f9, 0xed3b, 0xd498, 0xf59d, 0xf61f, 0xddbd, 0xe5dd, 0xe61e, 0xff3f, 0xe61d,
0xddfd, 0xf67e, 0xee3f, 0xee1f, 0xee1f, 0xee3e, 0xff3f, 0xffdf, 0xf75f, 0xf73e,
0xf73e, 0xff5f, 0xff7f, 0xf6ff, 0xee3f, 0xe5de, 0xedfe, 0xedfe, 0xfe9f, 0xe59c,

0x0003, 0x0003, 0x0003, 0x0003, 0x0003, 0x0003, 0x0802, 0x0802, 0x0802, 0x0802,
0x0802, 0x0802, 0x0802, 0x0803, 0x0823, 0x0023, 0x1865, 0x4148, 0x69ec, 0x7a0d,
0x79ed, 0x820d, 0x8a2e, 0x8a2e, 0x924f, 0x924e, 0x924e, 0x9a6f, 0x9a6f, 0xa26f,
0xa270, 0xaa91, 0xaa91, 0xaa91, 0xaa91, 0xb2b2, 0xb2d3, 0xb2d3, 0xbaf4, 0xbaf4,
0xbaf4, 0xbb14, 0xbb35, 0xbb55, 0xbb55, 0xbb56, 0xbb56, 0xbb56, 0xbb56, 0xbb56,
0xbb76, 0xc377, 0xc397, 0xc397, 0xc398, 0xc3b8, 0xc3b8, 0xc398, 0xcb98, 0xc377,
0xc357, 0xbb36, 0xbb35, 0xb2f5, 0xaad4, 0xaab3, 0xa2b2, 0x9a90, 0x8a2d, 0x79eb,
0x81ea, 0x820a, 0x79c9, 0x81e9, 0x8a2a, 0x8a4a, 0x8a4a, 0x8a4b, 0x8a4b, 0x8a4b,
0x928c, 0x8a4b, 0x820a, 0x822a, 0x824b, 0x820a, 0x820a, 0x8a2b, 0x8a2b, 0x924b,
0x8a2b, 0x8a2b, 0x924b, 0x9a8c, 0xa2ad, 0xa2cd, 0xaaee, 0xaaee, 0xaaee, 0xaaee,
0xaaee, 0xaaee, 0xb30e, 0xbb4f, 0xbb4f, 0xc370, 0xc391, 0xc3b1, 0xcbb1, 0xcbd2,
0xcbf2, 0xd3f2, 0xd3f2, 0xd412, 0xd413, 0xd413, 0xd433, 0xd433, 0xd413, 0xd433,
0xd412, 0xcbf3, 0xa351, 0x3085, 0x1064, 0x1085, 0x1064, 0x1024, 0x1024, 0x1044,
0x1044, 0x1044, 0x1044, 0x1044, 0x1044, 0x1044, 0x1044, 0x1044, 0x1044, 0x1044,
0x1045, 0x1025, 0x1025, 0x1025, 0x1045, 0x1045, 0x1045, 0x1065, 0x1065, 0x1065,
0x1065, 0x1065, 0x1066, 0x1066, 0x1066, 0x1066, 0x1086, 0x1066, 0x1086, 0x1887,
0x1887, 0x1887, 0x18a8, 0x18a8, 0x18a8, 0x18a9, 0x20c9, 0x20c9, 0x20ca, 0x20ea,
0x290b, 0x312c, 0x292c, 0x292d, 0x312d, 0x312d, 0x314d, 0x314d, 0x314d, 0x314e,
0x316e, 0x314d, 0x292c, 0x292b, 0x210a, 0x20e9, 0x18c8, 0x18c7, 0x18c7, 0x1087,
0x1066, 0x1087, 0x1887, 0x1887, 0x1887, 0x1887, 0x1887, 0x1887, 0x1087, 0x1087,
0x1087, 0x1087, 0x10a7, 0x10a7, 0x10a7, 0x10a7, 0x18a8, 0x18a8, 0x18a8, 0x18a8,
0x18a8, 0x18c8, 0x18c8, 0x18e8, 0x18e9, 0x20e9, 0x20e9, 0x210a, 0x210a, 0x292b,
0x294c, 0x316d, 0x316d, 0x316e, 0x316f, 0x398f, 0x398f, 0x3990, 0x41d0, 0x41d0,
0x39b0, 0x39b0, 0x39b0, 0x39b0, 0x39b0, 0x39b0, 0x39b0, 0x4190, 0x3990, 0x398f,
0x398e, 0x398d, 0x316d, 0x28eb, 0x5230, 0x9c79, 0x41ae, 0x396d, 0x418e, 0x398e,
0x398e, 0x39af, 0x41af, 0x41af, 0x41d0, 0x49f1, 0x5233, 0x49f2, 0x49f2, 0x51f2,
0x51f3, 0x5a34, 0x5a34, 0x5a15, 0x5a35, 0x6277, 0x6276, 0x6275, 0x6274, 0x5231,
0x41ce, 0x39ac, 0x39ab, 0x39cb, 0x39cb, 0x39ab, 0x316a, 0x396a, 0x51cb, 0x6a4d,
0x828e, 0x92f0, 0xa330, 0xb371, 0xbb72, 0xbb72, 0xd456, 0xfdbc, 0xdc77, 0xdc97,
0xdc97, 0xe4d7, 0xdcb7, 0xdcd9, 0xfe1f, 0xedff, 0xe5bd, 0xe5de, 0xee7e, 0xfebf,
0xf6bf, 0xf6df, 0xee1f, 0xedff, 0xf63f, 0xee1f, 0xfedf, 0xffbf, 0xf77f, 0xef1e,
0xf73e, 0xf73f, 0xff5f, 0xf71f, 0xee9f, 0xe61f, 0xe5de, 0xe5be, 0xe5fe, 0xf67f,

0x0823, 0x0823, 0x0003, 0x0003, 0x0003, 0x0003, 0x0802, 0x0802, 0x0802, 0x0802,
0x0802, 0x0802, 0x0802, 0x1003, 0x0803, 0x0023, 0x0023, 0x1865, 0x4128, 0x69ab,
0x79cc, 0x71ac, 0x79ed, 0x820d, 0x8a2e, 0x8a2e, 0x922d, 0x922e, 0x9a4f, 0x9a4f,
0x9a4f, 0xa250, 0xa270, 0xa271, 0xaa91, 0xaa92, 0xb2b2, 0xb2d3, 0xb2d3, 0xb2d4,
0xb2f4, 0xb2f4, 0xb314, 0xb314, 0xb314, 0xb315, 0xb315, 0xb315, 0xbb36, 0xbb36,
0xbb56, 0xbb56, 0xbb57, 0xc377, 0xc377, 0xc377, 0xc377, 0xc357, 0xc357, 0xbb36,
0xb2f5, 0xb2f5, 0xb2d4, 0xaab3, 0x9ab2, 0x9ab1, 0x8a4e, 0x81eb, 0x79c9, 0x79e9,
0x820a, 0x79a9, 0x81c9, 0x8a2b, 0x8a2b, 0x8a4b, 0x8a2a, 0x8a4b, 0x8a4b, 0x8a4b,
0x8a4b, 0x8a2b, 0x8a2a, 0x820a, 0x822a, 0x820a, 0x822a, 0x8a2b, 0x924b, 0x8a4b,
0x820a, 0x8a0a, 0x924b, 0x9a8c, 0xa2ad, 0xa2ad, 0xaaee, 0xaaee, 0xaaee, 0xaacd,
0xab0e, 0xaaee, 0xb32f, 0xbb4f, 0xbb50, 0xc370, 0xc391, 0xc3b1, 0xcbb1, 0xcbd2,
0xcbf2, 0xd3f2, 0xd3f2, 0xd412, 0xd413, 0xd413, 0xd433, 0xd433, 0xd413, 0xd433,
0xcbf2, 0xc3b2, 0x69ab, 0x1803, 0x1064, 0x0884, 0x1064, 0x1024, 0x1024, 0x1044,
0x1044, 0x1044, 0x1044, 0x1044, 0x1044, 0x1044, 0x1044, 0x1044, 0x1044, 0x1044,
0x1045, 0x1025, 0x1025, 0x1025, 0x1045, 0x1045, 0x1045, 0x1065, 0x1065, 0x1065,
0x1065, 0x1065, 0x1066, 0x1066, 0x1066, 0x1066, 0x1086, 0x1066, 0x1086, 0x1887,
0x1087, 0x1887, 0x1887, 0x18a8, 0x18a8, 0x18a9, 0x20c9, 0x20c9, 0x20ca, 0x20ea,
0x28eb, 0x290b, 0x290c, 0x292d, 0x312d, 0x312d, 0x312d, 0x312d, 0x312d, 0x312e,
0x314e, 0x314d, 0x292c, 0x292b, 0x210a, 0x20e9, 0x18c8, 0x18c7, 0x18c7, 0x1087,
0x1066, 0x1087, 0x1887, 0x1887, 0x1887, 0x1887, 0x1887, 0x1887, 0x1087, 0x1087,
0x1087, 0x1087, 0x10a7, 0x10a7, 0x10a7, 0x10a7, 0x18a8, 0x18a8, 0x18a8, 0x18a8,
0x18a8, 0x18c7, 0x18c7, 0x18c8, 0x18c8, 0x18c9, 0x20e9, 0x20e9, 0x2109, 0x292a,
0x292b, 0x294c, 0x314d, 0x314d, 0x316e, 0x316f, 0x316f, 0x398f, 0x39af, 0x41f0,
0x39b0, 0x39b0, 0x39b0, 0x39b0, 0x39b0, 0x39b0, 0x39b0, 0x4190, 0x3990, 0x398f,
0x398e, 0x398d, 0x316d, 0x310b, 0x396d, 0x7b95, 0x396d, 0x396e, 0x418e, 0x398e,
0x398e, 0x41af, 0x41af, 0x41af, 0x41b0, 0x41d0, 0x49f2, 0x49f2, 0x49f2, 0x49f2,
0x51f3, 0x5a14, 0x5a14, 0x5a35, 0x6256, 0x6257, 0x6256, 0x6256, 0x6a96, 0x6a96,
0x5a53, 0x41ef, 0x39cc, 0x31aa, 0x31ca, 0x398b, 0x316a, 0x3149, 0x398a, 0x59ec,
0x7a2d, 0x8a8e, 0x92cf, 0xab30, 0xb371, 0xbb92, 0xcbf4, 0xf59c, 0xdc78, 0xd416,
0xd455, 0xdcb6, 0xdcb6, 0xd496, 0xedbd, 0xedff, 0xe5de, 0xee1f, 0xdd9d, 0xddbd,
0xee7f, 0xe63d, 0xe5fe, 0xedbf, 0xedbf, 0xe5df, 0xee3e, 0xff7f, 0xffdf, 0xff9f,
0xff9f, 0xff7f, 0xf71f, 0xff3f, 0xeebf, 0xe61e, 0xe5df, 0xeddf, 0xe61f, 0xd5de,

0x0823, 0x0023, 0x0002, 0x0002, 0x0002, 0x0002, 0x0002, 0x0002, 0x0002, 0x0002,
0x0002, 0x0002, 0x0802, 0x0802, 0x0002, 0x0002, 0x0023, 0x0823, 0x1885, 0x4108,
0x618a, 0x69cb, 0x69cb, 0x79ec, 0x7a0d, 0x820d, 0x8a0d, 0x8a0d, 0x922e, 0x922e,
0x9a4e, 0x9a4f, 0xa250, 0xa270, 0xa271, 0xaa71, 0xaa91, 0xaab2, 0xaab2, 0xaab2,
0xaab3, 0xaad3, 0xaad3, 0xaad3, 0xaad3, 0xaad4, 0xaaf4, 0xb2f5, 0xb2f5, 0xb315,
0xb316, 0xbb36, 0xbb56, 0xbb56, 0xbb56, 0xbb56, 0xbb56, 0xbb37, 0xbaf6, 0xb2d5,
0xaab3, 0xa2b2, 0x9a91, 0x9a90, 0x8a8e, 0x7a2c, 0x71ca, 0x79ca, 0x7a0a, 0x820a,
0x79c9, 0x79a9, 0x8a2b, 0x8a4b, 0x8a4b, 0x8a2b, 0x8a2a, 0x8a2b, 0x8a2b, 0x8a4b,
0x822a, 0x7a0a, 0x7a2a, 0x822a, 0x7a0a, 0x822a, 0x8a4b, 0x8a4b, 0x924b, 0x8a4b,
0x8a2a, 0x8a2a, 0x926b, 0x9aac, 0xa2ad, 0xa2cd, 0xa2cd, 0xa2cd, 0xa2cd, 0xaaee,
0xab2f, 0xab2e, 0xb32f, 0xbb70, 0xbb70, 0xbb90, 0xc391, 0xc3b1, 0xc3d1, 0xcbd2,
0xcbf2, 0xcbf2, 0xcbf3, 0xcc13, 0xd413, 0xcc13, 0xd433, 0xd413, 0xd413, 0xd413,
0xcbf3, 0xa351, 0x30a7, 0x1024, 0x1064, 0x0865, 0x0844, 0x1024, 0x1024, 0x1024,
0x1024, 0x1044, 0x1044, 0x1044, 0x1045, 0x0845, 0x0845, 0x0845, 0x0845, 0x0845,
0x1045, 0x1025, 0x1025, 0x1025, 0x1045, 0x1045, 0x1045, 0x1045, 0x1066, 0x1066,
0x1066, 0x1066, 0x1066, 0x1066, 0x1066, 0x1066, 0x1086, 0x1086, 0x1887, 0x1887,
0x1086, 0x1087, 0x1087, 0x18a8, 0x18c8, 0x18c8, 0x20c9, 0x20c9, 0x20ea, 0x20ea,
0x20ea, 0x20eb, 0x290c, 0x292c, 0x292d, 0x314d, 0x314d, 0x314d, 0x314d, 0x314d,
0x314d, 0x314d, 0x292c, 0x212b, 0x210a, 0x20e9, 0x18c8, 0x18a8, 0x18a8, 0x1087,
0x1067, 0x10a7, 0x1887, 0x1887, 0x1887, 0x1887, 0x1887, 0x1887, 0x1087, 0x1087,
0x1087, 0x1087, 0x10a7, 0x10a7, 0x10a7, 0x10a7, 0x18a8, 0x18a8, 0x18a8, 0x18a8,
0x18a8, 0x18a8, 0x18c8, 0x18c8, 0x18c8, 0x18c9, 0x20e9, 0x20e9, 0x20ea, 0x210a,
0x292b, 0x292c, 0x294c, 0x314d, 0x314d, 0x314e, 0x316e, 0x398f, 0x398f, 0x41d0,
0x39b0, 0x39b0, 0x39b0, 0x39b0, 0x41b1, 0x39b0, 0x39b0, 0x39b0, 0x3990, 0x398f,
0x398e, 0x398d, 0x316d, 0x312b, 0x41ce, 0x9c58, 0x41ae, 0x396d, 0x398e, 0x398e,
0x398e, 0x39ae, 0x41ae, 0x41cf, 0x41cf, 0x41d0, 0x41d0, 0x41d1, 0x49f2, 0x49f2,
0x49f3, 0x51f3, 0x5214, 0x5a35, 0x6276, 0x5a15, 0x5a35, 0x5a35, 0x5a35, 0x5a55,
0x6295, 0x6293, 0x5271, 0x4a4f, 0x41ed, 0x39ab, 0x318a, 0x294a, 0x3129, 0x416a,
0x620d, 0x726e, 0x8acf, 0xa330, 0xab51, 0xb371, 0xc3b3, 0xed39, 0xe4fa, 0xc3b4,
0xcbf4, 0xdc75, 0xe496, 0xdc76, 0xe519, 0xfe5f, 0xdd9d, 0xddde, 0xe5ff, 0xd57d,
0xf63f, 0xee3e, 0xe5bd, 0xe5be, 0xe5bf, 0xe59e, 0xedfe, 0xf6df, 0xff5f, 0xf73f,
0xff5f, 0xff9f, 0xff9f, 0xff9f, 0xff7f, 0xf6bf, 0xddde, 0xddbe, 0xddbe, 0xddde,

0x0823, 0x0823, 0x0843, 0x0823, 0x0002, 0x0002, 0x0002, 0x0002, 0x0002, 0x0002,
0x0002, 0x0002, 0x0002, 0x0002, 0x0002, 0x0002, 0x0822, 0x0022, 0x0002, 0x2064,
0x4107, 0x598a, 0x598a, 0x61aa, 0x71ec, 0x79ec, 0x79ec, 0x820d, 0x820d, 0x8a0d,
0x8a2e, 0x924e, 0x9a4f, 0x9a50, 0x9a50, 0x9a50, 0x9a70, 0x9a70, 0x9a90, 0x9a91,
0x9a91, 0x9a92, 0x9a92, 0x9a92, 0xa292, 0xa293, 0xa2b3, 0xa2b3, 0xaad4, 0xaad5,
0xb2f5, 0xb315, 0xb315, 0xb315, 0xb315, 0xb315, 0xab15, 0xaaf5, 0xaab4, 0xa2b3,
0x9ab2, 0x9ab1, 0x8a6f, 0x820c, 0x71ea, 0x71c9, 0x71c9, 0x7a2b, 0x822b, 0x71a9,
0x79c9, 0x820a, 0x8a2b, 0x8a2b, 0x8a2b, 0x820a, 0x820a, 0x8a0a, 0x8a2b, 0x8a2b,
0x822a, 0x7209, 0x7a4a, 0x7a09, 0x79e9, 0x8a4b, 0x8a4b, 0x8a4b, 0x8a4b, 0x8a2b,
0x822a, 0x8a4b, 0x928c, 0x9aac, 0xa2cd, 0xa2cd, 0xa2cd, 0xa2cd, 0xa2cd, 0xaaee,
0xab0e, 0xab2f, 0xb32f, 0xbb70, 0xbb70, 0xbb90, 0xc391, 0xc3b1, 0xc3d1, 0xcbd2,
0xcbf2, 0xcbf3, 0xcbf3, 0xcc13, 0xcc13, 0xc413, 0xcc13, 0xd3f3, 0xd3f3, 0xc3d2,
0xbbd3, 0x620b, 0x0824, 0x1065, 0x1045, 0x1045, 0x1024, 0x1024, 0x1024, 0x1024,
0x1024, 0x1044, 0x1044, 0x1044, 0x0845, 0x0845, 0x0845, 0x0845, 0x0845, 0x0845,
0x0845, 0x1025, 0x1025, 0x1025, 0x1045, 0x1045, 0x1045, 0x1046, 0x1066, 0x1066,
0x1066, 0x1066, 0x1066, 0x1066, 0x1066, 0x1066, 0x1066, 0x1086, 0x1086, 0x1086,
0x1086, 0x10a6, 0x10a7, 0x18a7, 0x18c8, 0x18c8, 0x18c9, 0x18c9, 0x20ea, 0x20ea,
0x20ea, 0x20eb, 0x210b, 0x292d, 0x292d, 0x292d, 0x314d, 0x314d, 0x314d, 0x294d,
0x294d, 0x294c, 0x292b, 0x210b, 0x210a, 0x20e9, 0x18c8, 0x18a8, 0x18a8, 0x1087,
0x1067, 0x10a7, 0x1887, 0x1887, 0x1887, 0x1887, 0x1887, 0x1887, 0x1087, 0x1087,
0x1087, 0x1087, 0x10a7, 0x10a7, 0x10a7, 0x10a7, 0x18a8, 0x18a8, 0x18a8, 0x18a8,
0x18a8, 0x18a8, 0x18c9, 0x18c9, 0x18c9, 0x18c9, 0x18e9, 0x20e9, 0x20ea, 0x210a,
0x210b, 0x292b, 0x292c, 0x294c, 0x294c, 0x314d, 0x316e, 0x316e, 0x316f, 0x3990,
0x39b0, 0x3990, 0x39b0, 0x39b0, 0x41b0, 0x39b0, 0x39b0, 0x39af, 0x39b0, 0x3990,
0x398f, 0x398e, 0x318c, 0x292b, 0x316c, 0x9417, 0x51ef, 0x394d, 0x398d, 0x398d,
0x398d, 0x398d, 0x39ae, 0x41cf, 0x49f0, 0x41cf, 0x41d0, 0x41d0, 0x41d1, 0x49f1,
0x49f2, 0x4a13, 0x5214, 0x5214, 0x5214, 0x5214, 0x51f4, 0x51f4, 0x51f3, 0x49f2,
0x5212, 0x5231, 0x5251, 0x5a91, 0x5291, 0x4a6e, 0x422c, 0x39cb, 0x398b, 0x3129,
0x418b, 0x624d, 0x7a8e, 0x92ef, 0xab31, 0xb351, 0xbb92, 0xdc76, 0xf59c, 0xb373,
0xc3b3, 0xdc34, 0xe475, 0xdc76, 0xd496, 0xf61c, 0xfebf, 0xe63f, 0xe5ff, 0xe5bf,
0xed9e, 0xf63f, 0xf63f, 0xee1f, 0xedff, 0xf61f, 0xedff, 0xee3e, 0xfedf, 0xfeff,
0xeede, 0xf73f, 0xf77f, 0xff9f, 0xffbf, 0xffbf, 0xeebf, 0xe61e, 0xee1f, 0xe5df,

0x0823, 0x0002, 0x0823, 0x0823, 0x0823, 0x0002, 0x0002, 0x0002, 0x0002, 0x0002,
0x0002, 0x0002, 0x0002, 0x0002, 0x0002, 0x0002, 0x0002, 0x0022, 0x0823, 0x1003,
0x2844, 0x4107, 0x5169, 0x5169, 0x61aa, 0x69cb, 0x71cb, 0x71eb, 0x79ec, 0x820c,
0x820d, 0x822d, 0x822e, 0x8a2e, 0x8a4e, 0x8a4e, 0x8a4e, 0x8a4e, 0x8a2e, 0x8a2f,
0x8a4f, 0x8a50, 0x9270, 0x9271, 0x9a91, 0xa292, 0xa292, 0xa2b3, 0xa2b3, 0xa2b3,
0xaad4, 0xaab4, 0xaab4, 0xaad4, 0xaad4, 0xa2d4, 0xa2b3, 0x9a92, 0x9291, 0x9270,
0x8a6f, 0x822d, 0x71eb, 0x69ca, 0x71ea, 0x7a0a, 0x7a2b, 0x7a0a, 0x71c9, 0x71a9,
0x820a, 0x822a, 0x820a, 0x820a, 0x820a, 0x820a, 0x820a, 0x8a0a, 0x822a, 0x820a,
0x79e9, 0x7a0a, 0x71e9, 0x79e9, 0x822a, 0x8a6b, 0x8a4b, 0x8a4b, 0x924b, 0x8a2a,
0x822a, 0x8a4b, 0x9a8c, 0x9aad, 0xa2cd, 0xa2cd, 0xa2cd, 0xa2cd, 0xa2cd, 0xa2ee,
0xab0e, 0xb32f, 0xb34f, 0xbb50, 0xbb70, 0xbb90, 0xc391, 0xc3b1, 0xc3d1, 0xc3d2,
0xcbf2, 0xcbf3, 0xcc13, 0xcc13, 0xcc13, 0xc413, 0xcc13, 0xcbf3, 0xc3d2, 0xc3f3,
0x9b50, 0x3086, 0x1045, 0x1045, 0x1065, 0x1045, 0x1024, 0x1024, 0x1024, 0x1024,
0x1024, 0x1044, 0x1044, 0x1044, 0x0845, 0x0845, 0x0845, 0x0845, 0x0845, 0x0845,
0x0845, 0x1025, 0x1025, 0x1025, 0x1045, 0x1045, 0x1045, 0x1046, 0x1066, 0x1066,
0x1066, 0x1066, 0x1066, 0x1066, 0x1066, 0x1066, 0x1066, 0x1066, 0x1066, 0x1066,
0x1086, 0x10a6, 0x10a7, 0x10a7, 0x18a8, 0x18a8, 0x18c9, 0x18c9, 0x18c9, 0x20ca,
0x20ea, 0x20eb, 0x290b, 0x292c, 0x292c, 0x292c, 0x294d, 0x294d, 0x294d, 0x292d,
0x294d, 0x292c, 0x292b, 0x212a, 0x210a, 0x20e9, 0x18c8, 0x18a8, 0x18a8, 0x1087,
0x1067, 0x10a7, 0x1887, 0x1887, 0x1887, 0x1887, 0x1887, 0x1887, 0x1087, 0x1087,
0x1087, 0x1087, 0x10a7, 0x10a7, 0x10a7, 0x10a7, 0x18a8, 0x18a8, 0x18a8, 0x18a8,
0x18a8, 0x18a8, 0x18c8, 0x18c9, 0x18c9, 0x18c8, 0x18c9, 0x18e9, 0x20e9, 0x210a,
0x210a, 0x210b, 0x292b, 0x292c, 0x292b, 0x294c, 0x314d, 0x314d, 0x314e, 0x398f,
0x3990, 0x3990, 0x3990, 0x39b0, 0x39b0, 0x39b0, 0x3990, 0x398f, 0x39b0, 0x39b0,
0x398f, 0x398e, 0x318c, 0x292b, 0x314b, 0x8395, 0x49ae, 0x396d, 0x398d, 0x398d,
0x398d, 0x398d, 0x398e, 0x398e, 0x39ae, 0x41af, 0x41cf, 0x41d0, 0x41d0, 0x49d1,
0x49f2, 0x49f3, 0x5213, 0x5214, 0x5214, 0x5214, 0x5214, 0x51f4, 0x51f3, 0x49d1,
0x49d0, 0x41cf, 0x41ef, 0x420e, 0x4a2e, 0x4a4d, 0x4a4d, 0x4a0d, 0x4a0c, 0x418b,
0x394a, 0x51cb, 0x724d, 0x82af, 0xa310, 0xb351, 0xbb92, 0xc3f4, 0xf57b, 0xd456,
0xb331, 0xcbf4, 0xd435, 0xdc76, 0xd456, 0xe519, 0xee1d, 0xe61e, 0xe5ff, 0xe5bf,
0xe59e, 0xe5be, 0xe5be, 0xee1f, 0xe5bf, 0xdd9e, 0xe59f, 0xedff, 0xee3f, 0xf69f,
0xf6bf, 0xf6df, 0xf6ff, 0xff5f, 0xf73f, 0xff5f, 0xff7f, 0xe65e, 0xddbd, 0xdd9e,

0x0002, 0x0002, 0x0002, 0x0002, 0x0022, 0x0022, 0x0002, 0x0022, 0x0022, 0x0002,
0x0002, 0x0002, 0x0002, 0x0002, 0x0002, 0x0002, 0x0002, 0x0002, 0x0002, 0x0802,
0x1003, 0x2044, 0x3907, 0x4948, 0x5169, 0x59aa, 0x61aa, 0x61ca, 0x69eb, 0x69cb,
0x71eb, 0x71eb, 0x720c, 0x720c, 0x720c, 0x720c, 0x722c, 0x7a2d, 0x7a4e, 0x824e,
0x826f, 0x8a6f, 0x8a90, 0x8a90, 0x9291, 0x9a91, 0x9a91, 0x9a91, 0x9a91, 0x9a92,
0x9ab2, 0xa293, 0x9a93, 0x9a92, 0x9a92, 0x9271, 0x8a51, 0x824f, 0x7a4d, 0x7a2c,
0x71eb, 0x69ca, 0x69c9, 0x720a, 0x7a0a, 0x7a0a, 0x71ea, 0x6988, 0x7188, 0x7a0a,
0x820a, 0x7a0a, 0x79ea, 0x7a0a, 0x7a0a, 0x7a0a, 0x820a, 0x822a, 0x820a, 0x7a0a,
0x7a0a, 0x71e9, 0x69c9, 0x79e9, 0x824b, 0x824a, 0x8a4b, 0x8a4b, 0x8a2b, 0x8a2a,
0x822a, 0x8a4b, 0x9a8c, 0x9aad, 0xa2cd, 0xa2cd, 0xa2cd, 0xa2cd, 0xa2ed, 0xa2ee,
0xab0e, 0xb34f, 0xb34f, 0xbb50, 0xbb70, 0xbb90, 0xc3b1, 0xc3b1, 0xc3d2, 0xc3f2,
0xcbf2, 0xcbf3, 0xcbf2, 0xcc13, 0xcc13, 0xc413, 0xcc13, 0xcbf2, 0xc3d2, 0xb3d2,
0x6a0c, 0x1824, 0x1065, 0x1045, 0x1045, 0x1044, 0x1024, 0x1024, 0x1024, 0x1024,
0x1024, 0x1044, 0x1044, 0x1044, 0x0845, 0x0845, 0x0845, 0x0845, 0x0845, 0x0845,
0x0845, 0x1045, 0x1045, 0x1045, 0x1045, 0x1045, 0x1045, 0x1046, 0x1066, 0x1066,
0x1066, 0x1066, 0x1066, 0x1066, 0x1066, 0x1066, 0x1066, 0x1066, 0x1066, 0x1066,
0x1086, 0x10a6, 0x10a7, 0x10a7, 0x18a8, 0x18a8, 0x18c9, 0x18c9, 0x18c9, 0x20ea,
0x20ea, 0x20eb, 0x210b, 0x210b, 0x290c, 0x292c, 0x292c, 0x292c, 0x292c, 0x292c,
0x292c, 0x292b, 0x212b, 0x210a, 0x2109, 0x20e9, 0x18c8, 0x18a8, 0x18a8, 0x1087,
0x1067, 0x1087, 0x1887, 0x1887, 0x1887, 0x1887, 0x1887, 0x1887, 0x1087, 0x1087,
0x1087, 0x1087, 0x10a7, 0x10a7, 0x10a7, 0x10a7, 0x18a8, 0x18a8, 0x18a8, 0x18a8,
0x18a8, 0x18c8, 0x18c8, 0x18c9, 0x18c8, 0x18c8, 0x18c9, 0x18e9, 0x20e9, 0x20ea,
0x210a, 0x20ea, 0x210a, 0x290b, 0x292b, 0x292b, 0x294c, 0x294d, 0x314d, 0x316e,
0x398f, 0x398f, 0x39b0, 0x3990, 0x39b0, 0x39b0, 0x398f, 0x398f, 0x39b0, 0x39b0,
0x398f, 0x398e, 0x318c, 0x294b, 0x314b, 0x83b5, 0x418d, 0x394c, 0x398d, 0x398d,
0x396c, 0x398d, 0x398d, 0x398d, 0x41ae, 0x41ae, 0x41cf, 0x41cf, 0x41d0, 0x41d1,
0x49d1, 0x49f2, 0x49f3, 0x51f3, 0x51f3, 0x5213, 0x5214, 0x51f3, 0x51f2, 0x51f1,
0x49f0, 0x41ef, 0x41ad, 0x39ac, 0x39ac, 0x39cc, 0x41ec, 0x41ec, 0x41cc, 0x41cc,
0x418b, 0x416a, 0x5a0c, 0x7a6e, 0x92af, 0xa310, 0xb351, 0xbbb2, 0xdc97, 0xed3a,
0xab11, 0xbb93, 0xcbf4, 0xcc36, 0xd455, 0xcc76, 0xbc36, 0xee1d, 0xee1f, 0xdd7d,
0xedff, 0xe59e, 0xe59e, 0xdd9e, 0xdd7e, 0xdd7f, 0xdd7f, 0xedbf, 0xedff, 0xedff,
0xee1e, 0xf69f, 0xf6bf, 0xff1f, 0xf73f, 0xf6fe, 0xff7f, 0xff5f, 0xe63e, 0xcd7d,

0x0002, 0x0022, 0x0022, 0x0002, 0x0002, 0x0002, 0x0002, 0x0002, 0x0002, 0x0002,
0x0002, 0x0002, 0x0002, 0x0002, 0x0002, 0x0002, 0x0002, 0x0002, 0x0002, 0x0802,
0x0002, 0x0802, 0x1844, 0x28c6, 0x38e7, 0x4127, 0x4968, 0x51a9, 0x59ca, 0x59aa,
0x61ca, 0x61ca, 0x620b, 0x6a0b, 0x6a0b, 0x6a2b, 0x6a2c, 0x6a4c, 0x724d, 0x7a6e,
0x7a8e, 0x828f, 0x828f, 0x828f, 0x828f, 0x8a8f, 0x8a8f, 0x8a90, 0x8a90, 0x8a90,
0x8a90, 0x8a71, 0x8a71, 0x8a70, 0x824f, 0x7a2e, 0x720d, 0x720c, 0x722b, 0x69ea,
0x69ea, 0x69e9, 0x720a, 0x720a, 0x720a, 0x71c9, 0x6988, 0x6988, 0x7a0a, 0x820b,
0x7a0a, 0x7a0a, 0x79e9, 0x79e9, 0x7a09, 0x7a0a, 0x7a0a, 0x7a0a, 0x71e9, 0x79e9,
0x71c9, 0x71c9, 0x71e9, 0x822a, 0x824a, 0x8a4b, 0x8a4b, 0x8a4b, 0x8a2a, 0x820a,
0x822a, 0x926b, 0x9aac, 0x9aad, 0xa2cd, 0xa2cd, 0xa2cd, 0xa2cd, 0xa2ee, 0xab0e,
0xab2f, 0xb32f, 0xb34f, 0xbb50, 0xbb70, 0xbb90, 0xc3b1, 0xc3b1, 0xc3d2, 0xc3f2,
0xc3f2, 0xc3f2, 0xc3f2, 0xcbf2, 0xc3f2, 0xc3f2, 0xc3d2, 0xc3d2, 0xbbd2, 0x9b50,
0x30c7, 0x1045, 0x1065, 0x1045, 0x1044, 0x1024, 0x1024, 0x1024, 0x1024, 0x1024,
0x1024, 0x1044, 0x1044, 0x1044, 0x0845, 0x0845, 0x0845, 0x0845, 0x0845, 0x0845,
0x0845, 0x1045, 0x1045, 0x1045, 0x1045, 0x1045, 0x1045, 0x1046, 0x1066, 0x1066,
0x1066, 0x1066, 0x1066, 0x1066, 0x1066, 0x1066, 0x1066, 0x1086, 0x1086, 0x1086,
0x1086, 0x10a6, 0x10a7, 0x10a7, 0x18a8, 0x18a8, 0x18c9, 0x18c9, 0x20c9, 0x20ea,
0x20ea, 0x20eb, 0x20eb, 0x210b, 0x210b, 0x290b, 0x292c, 0x292c, 0x292c, 0x292c,
0x292c, 0x210b, 0x210a, 0x210a, 0x2109, 0x20e9, 0x18c8, 0x18c8, 0x18a8, 0x1087,
0x1067, 0x1087, 0x1887, 0x1887, 0x1887, 0x1887, 0x1887, 0x1887, 0x1087, 0x1087,
0x1087, 0x1087, 0x10a7, 0x18a8, 0x1087, 0x18a8, 0x18a8, 0x18a8, 0x18a8, 0x18a8,
0x18c8, 0x18c8, 0x18c9, 0x18c9, 0x18c9, 0x18c9, 0x18c9, 0x18e9, 0x20e9, 0x20e9,
0x20ea, 0x20ea, 0x20ea, 0x210a, 0x210a, 0x292a, 0x292b, 0x292c, 0x294d, 0x316e,
0x316e, 0x398f, 0x398f, 0x398f, 0x398f, 0x39af, 0x39af, 0x39af, 0x39b0, 0x39b0,
0x398f, 0x318e, 0x318c, 0x294b, 0x316c, 0x9437, 0x49ae, 0x312c, 0x398d, 0x316d,
0x396c, 0x398c, 0x398d, 0x398d, 0x398e, 0x39ae, 0x41af, 0x41af, 0x41d0, 0x41d0,
0x41d1, 0x41d1, 0x49d2, 0x51f2, 0x51f3, 0x51f3, 0x5213, 0x5213, 0x5213, 0x51f1,
0x4a11, 0x4a10, 0x49ef, 0x41ed, 0x39cc, 0x39ab, 0x39ab, 0x39ab, 0x39ab, 0x41ab,
0x398b, 0x396a, 0x49ab, 0x6a2d, 0x828e, 0x9af0, 0xab30, 0xb371, 0xc3d3, 0xf57a,
0xc3f5, 0x9ab0, 0xb393, 0xbb93, 0xc3b3, 0xc3f4, 0xbbf4, 0xdd39, 0xfe5f, 0xe5de,
0xee1f, 0xf61f, 0xe5de, 0xedff, 0xe59e, 0xdd5e, 0xdd7e, 0xe57f, 0xf5ff, 0xf61f,
0xee1e, 0xee5e, 0xee9e, 0xff3f, 0xf6ff, 0xeede, 0xf6fe, 0xff5f, 0xff1f, 0xee9f,

0x0823, 0x0823, 0x0823, 0x0002, 0x0002, 0x0002, 0x0002, 0x0002, 0x0002, 0x0002,
0x0002, 0x0002, 0x0002, 0x0002, 0x0002, 0x0002, 0x0002, 0x0002, 0x0002, 0x0022,
0x0002, 0x0002, 0x0802, 0x1023, 0x1844, 0x28a5, 0x28c5, 0x30e6, 0x3926, 0x4147,
0x4968, 0x51a9, 0x59c9, 0x61ea, 0x620a, 0x620b, 0x6a2b, 0x6a4b, 0x6a4c, 0x726d,
0x726d, 0x7a8e, 0x7a8e, 0x7a8e, 0x7a8e, 0x7a8e, 0x7a6e, 0x7a6e, 0x7a8f, 0x7a6f,
0x7a4e, 0x7a4f, 0x7a4e, 0x7a4e, 0x724c, 0x6a2c, 0x6a2b, 0x6a0a, 0x69e9, 0x61c9,
0x69ea, 0x71e9, 0x71e9, 0x71c9, 0x6988, 0x6168, 0x71a9, 0x79ea, 0x7a0a, 0x79ea,
0x79e9, 0x71e9, 0x71c9, 0x71c9, 0x71e9, 0x79e9, 0x71e9, 0x71c9, 0x71e9, 0x7209,
0x71e9, 0x71c9, 0x7a2a, 0x824a, 0x824a, 0x8a4b, 0x8a4b, 0x8a2b, 0x8a2a, 0x820a,
0x8a4b, 0x928c, 0x9aac, 0x9aad, 0xa2cd, 0xa2cd, 0xa2cd, 0xa2ee, 0xab0e, 0xab0e,
0xb32f, 0xb34f, 0xb34f, 0xbb50, 0xbb70, 0xbb70, 0xbb90, 0xc391, 0xc3b1, 0xc3d2,
0xc3d2, 0xc3d2, 0xc3d2, 0xc3f2, 0xc3f2, 0xbbd2, 0xc3d2, 0xbbb1, 0xb3d2, 0x6a2c,
0x1004, 0x1065, 0x1045, 0x1045, 0x1044, 0x1024, 0x1024, 0x1024, 0x1024, 0x1024,
0x1024, 0x1044, 0x1044, 0x1044, 0x0845, 0x0845, 0x0845, 0x0845, 0x0845, 0x0845,
0x0845, 0x1045, 0x1045, 0x1045, 0x1045, 0x1045, 0x1045, 0x1046, 0x1066, 0x1066,
0x1066, 0x1066, 0x1066, 0x1066, 0x1066, 0x1066, 0x1066, 0x1086, 0x1086, 0x1086,
0x1086, 0x10a6, 0x10a7, 0x10a7, 0x18a8, 0x18a8, 0x18a8, 0x18a9, 0x18c9, 0x20ea,
0x20ca, 0x20ea, 0x20eb, 0x210b, 0x210b, 0x290b, 0x292b, 0x292c, 0x292b, 0x292c,
0x292b, 0x210b, 0x210a, 0x2109, 0x2108, 0x18e8, 0x18c8, 0x18c8, 0x18a8, 0x1087,
0x1067, 0x1087, 0x1887, 0x1887, 0x1887, 0x1887, 0x1887, 0x1887, 0x1087, 0x1087,
0x1087, 0x1087, 0x10a7, 0x18a8, 0x1087, 0x18a8, 0x18a8, 0x18a8, 0x18a8, 0x18a8,
0x18c8, 0x18c8, 0x18c9, 0x18c9, 0x18c9, 0x18c9, 0x18c9, 0x18e9, 0x18e8, 0x20e9,
0x20e9, 0x20e9, 0x20ea, 0x20ea, 0x2109, 0x210a, 0x292a, 0x292b, 0x292c, 0x314d,
0x316e, 0x316f, 0x398f, 0x316f, 0x398f, 0x39af, 0x398f, 0x39af, 0x39b0, 0x3990,
0x398f, 0x398e, 0x318c, 0x294b, 0x290a, 0x83b5, 0x51ef, 0x394c, 0x396d, 0x316c,
0x398c, 0x398c, 0x398c, 0x398d, 0x398d, 0x398d, 0x39ae, 0x41af, 0x41af, 0x41b0,
0x41d1, 0x41d1, 0x49d2, 0x49d2, 0x51f2, 0x49f2, 0x49f2, 0x5213, 0x5213, 0x5212,
0x5212, 0x4a11, 0x5230, 0x4a0f, 0x41ee, 0x41cc, 0x41ab, 0x41ab, 0x398b, 0x316a,
0x316a, 0x316a, 0x394a, 0x59cc, 0x7a4e, 0x92af, 0xa2ef, 0xb350, 0xbb72, 0xdc76,
0xfdbc, 0x9af2, 0x8a4f, 0xa2f1, 0xa2d0, 0xcbf4, 0xf59a, 0xd4d7, 0xeddc, 0xedff,
0xe5ff, 0xf65f, 0xfe5f, 0xeddf, 0xfe7f, 0xeddf, 0xdd7e, 0xdd9f, 0xe5df, 0xee3f,
0xf6bf, 0xf6ff, 0xff1f, 0xff9f, 0xff3f, 0xeede, 0xf73e, 0xeefe, 0xeebf, 0xe69f,

0x0002, 0x0002, 0x0002, 0x0002, 0x0002, 0x0002, 0x0002, 0x0002, 0x0002, 0x0002,
0x0002, 0x0002, 0x0002, 0x0002, 0x0002, 0x0002, 0x0002, 0x0002, 0x0002, 0x0002,
0x0002, 0x0002, 0x0002, 0x0802, 0x0802, 0x1043, 0x1843, 0x1863, 0x2084, 0x28c5,
0x3927, 0x4147, 0x4968, 0x5188, 0x51a9, 0x59c9, 0x61ea, 0x61ea, 0x620b, 0x6a2b,
0x6a4c, 0x6a4c, 0x6a4d, 0x6a4d, 0x6a4d, 0x6a6d, 0x6a4d, 0x6a4d, 0x726d, 0x6a4d,
0x6a2d, 0x6a2c, 0x6a2c, 0x6a0b, 0x620b, 0x620a, 0x6209, 0x59c8, 0x61a8, 0x69c9,
0x69a9, 0x6988, 0x6168, 0x6147, 0x6168, 0x71c9, 0x71ea, 0x71c9, 0x71a9, 0x71a9,
0x71c9, 0x69c9, 0x69a8, 0x69a8, 0x71c9, 0x71c9, 0x71c9, 0x69e9, 0x7209, 0x71e9,
0x71c8, 0x7a0a, 0x822a, 0x822a, 0x824a, 0x8a4b, 0x8a4b, 0x8a2b, 0x820a, 0x820a,
0x8a4b, 0x928c, 0x9aac, 0x9aad, 0xa2cd, 0xa2cd, 0xa2ed, 0xa2ee, 0xab0e, 0xab2e,
0xb34f, 0xb34f, 0xb34f, 0xbb70, 0xbb70, 0xbb90, 0xbb70, 0xbb90, 0xc3b1, 0xbbd2,
0xbbd2, 0xbbd2, 0xbbd2, 0xc3f2, 0xc3f2, 0xc3d2, 0xc3d2, 0xbbd2, 0xa350, 0x38c6,
0x0824, 0x1065, 0x1045, 0x1045, 0x1044, 0x1024, 0x1024, 0x1024, 0x0824, 0x0824,
0x0824, 0x1045, 0x1045, 0x1045, 0x0845, 0x0845, 0x0845, 0x0845, 0x0845, 0x0845,
0x0845, 0x1045, 0x1045, 0x1045, 0x1045, 0x1045, 0x1045, 0x1046, 0x1066, 0x1046,
0x1066, 0x1066, 0x1066, 0x1066, 0x1086, 0x1066, 0x1086, 0x1086, 0x1086, 0x1086,
0x1086, 0x1087, 0x10a7, 0x10a7, 0x18a7, 0x18a8, 0x18a8, 0x18a8, 0x18c9, 0x18ca,
0x18ca, 0x20ea, 0x20eb, 0x210b, 0x210b, 0x290b, 0x290b, 0x292b, 0x290b, 0x292b,
0x212b, 0x210a, 0x210a, 0x2109, 0x18e9, 0x18c8, 0x18c8, 0x18c8, 0x18a8, 0x1087,
0x1067, 0x1087, 0x1087, 0x1887, 0x1087, 0x1887, 0x1087, 0x1887, 0x1087, 0x1087,
0x1087, 0x1087, 0x10a7, 0x18a8, 0x1087, 0x18a8, 0x18a8, 0x18a8, 0x18a8, 0x18a8,
0x18c8, 0x18c8, 0x18c9, 0x18c9, 0x18c9, 0x18c9, 0x18c9, 0x18c9, 0x18c8, 0x18e9,
0x20e9, 0x18e9, 0x20e9, 0x20e9, 0x20e9, 0x2109, 0x210a, 0x210a, 0x292b, 0x294c,
0x314d, 0x316e, 0x316e, 0x316e, 0x398e, 0x398e, 0x398e, 0x398f, 0x398f, 0x398f,
0x398f, 0x318e, 0x318d, 0x314b, 0x314b, 0x7b74, 0x418d, 0x394c, 0x316d, 0x316c,
0x396c, 0x398c, 0x398c, 0x398d, 0x398d, 0x398d, 0x398d, 0x398e, 0x398e, 0x41af,
0x41b0, 0x41d0, 0x49d1, 0x49d2, 0x49f2, 0x49f2, 0x49f2, 0x51f2, 0x51f3, 0x5212,
0x51f2, 0x4a11, 0x4a11, 0x4a10, 0x4a0f, 0x49ed, 0x41cc, 0x41cb, 0x39ab, 0x398b,
0x316a, 0x316a, 0x314a, 0x49ab, 0x722d, 0x8a8e, 0x9acf, 0xab10, 0xb351, 0xbb92,
0xdcf9, 0xe57b, 0x8a4f, 0xa312, 0xb352, 0xbb52, 0xd435, 0xd456, 0xdd19, 0xf61f,
0xe5de, 0xf63f, 0xfe7f, 0xedfe, 0xf67f, 0xf65f, 0xdd7d, 0xdd9f, 0xdd9e, 0xe5de,
0xee5f, 0xff1f, 0xff7f, 0xff5f, 0xeedf, 0xeefe, 0xff9f, 0xffbf, 0xde7e, 0xd61f,

0x0002, 0x0022, 0x0022, 0x0022, 0x0022, 0x0022, 0x0002, 0x0002, 0x0002, 0x0002,
0x0002, 0x0002, 0x0002, 0x0002, 0x0002, 0x0002, 0x0002, 0x0002, 0x0002, 0x0002,
0x0002, 0x0002, 0x0002, 0x0002, 0x0002, 0x0002, 0x0802, 0x0803, 0x1023, 0x1043,
0x1885, 0x28e6, 0x3906, 0x4127, 0x4947, 0x5188, 0x51a9, 0x59c9, 0x61ea, 0x620b,
0x620a, 0x620a, 0x620a, 0x620a, 0x620a, 0x620b, 0x59eb, 0x61eb, 0x61eb, 0x61eb,
0x61eb, 0x61ea, 0x59ea, 0x59c9, 0x59c9, 0x59c9, 0x51a9, 0x5168, 0x5967, 0x5967,
0x5947, 0x5106, 0x5127, 0x5947, 0x6168, 0x69a9, 0x6189, 0x6988, 0x6188, 0x6167,
0x6188, 0x69a8, 0x6988, 0x69a8, 0x69a8, 0x69a8, 0x69a8, 0x69a8, 0x71e9, 0x69a8,
0x7a09, 0x822a, 0x820a, 0x822a, 0x824b, 0x8a4b, 0x822b, 0x824b, 0x820a, 0x820a,
0x8a2b, 0x926c, 0x9aad, 0x9acd, 0x9acd, 0x9acd, 0xa2ee, 0xab0e, 0xab0e, 0xab2f,
0xab2f, 0xb32f, 0xb34f, 0xbb70, 0xbb90, 0xbb90, 0xbb90, 0xbbb1, 0xbbb1, 0xbbd2,
0xbbd2, 0xbbd2, 0xbbd2, 0xc3f2, 0xc3f2, 0xc3d2, 0xbbb1, 0xb3b1, 0x724c, 0x1803,
0x1044, 0x1045, 0x1045, 0x1044, 0x1024, 0x1024, 0x1024, 0x0824, 0x0825, 0x0825,
0x0825, 0x0845, 0x0845, 0x0845, 0x0845, 0x0825, 0x0845, 0x1045, 0x0845, 0x0845,
0x0845, 0x1045, 0x1045, 0x1045, 0x1045, 0x1045, 0x1045, 0x1066, 0x1066, 0x1046,
0x1046, 0x1066, 0x1066, 0x1066, 0x1086, 0x1086, 0x1086, 0x1087, 0x1087, 0x1087,
0x1087, 0x1087, 0x1087, 0x10a7, 0x18a7, 0x18c7, 0x18a8, 0x18c8, 0x18c9, 0x18c9,
0x18ca, 0x20ea, 0x20ea, 0x20eb, 0x210b, 0x210b, 0x210b, 0x210b, 0x210b, 0x292b,
0x292b, 0x210b, 0x20ea, 0x20ea, 0x18e9, 0x18c8, 0x18a8, 0x18a8, 0x18a8, 0x1067,
0x1087, 0x1087, 0x1087, 0x1087, 0x1087, 0x1087, 0x1087, 0x1087, 0x1087, 0x1087,
0x1087, 0x1087, 0x10a7, 0x10a7, 0x10a8, 0x10a8, 0x10a8, 0x10a8, 0x18a8, 0x18a8,
0x18c8, 0x18a8, 0x18c8, 0x18c9, 0x18c9, 0x18c9, 0x18c9, 0x18c9, 0x18e9, 0x18e9,
0x18e9, 0x20e9, 0x20e9, 0x20e9, 0x20ea, 0x20ea, 0x210a, 0x210a, 0x292a, 0x292b,
0x294c, 0x316d, 0x316d, 0x316d, 0x316d, 0x318d, 0x398e, 0x318e, 0x398f, 0x39af,
0x316e, 0x316d, 0x318d, 0x312b, 0x416c, 0x9457, 0x41ad, 0x314b, 0x316c, 0x316c,
0x316c, 0x398d, 0x398d, 0x398d, 0x398d, 0x398d, 0x398d, 0x398d, 0x398e, 0x39ae,
0x41af, 0x41cf, 0x49d0, 0x49d1, 0x49f1, 0x49f2, 0x49f2, 0x51f2, 0x51f2, 0x5212,
0x5232, 0x5211, 0x5211, 0x5211, 0x5210, 0x4a0e, 0x41ec, 0x41cc, 0x39cb, 0x41cb,
0x39cb, 0x39ab, 0x398a, 0x3969, 0x5a2c, 0x7a8e, 0x92af, 0xa2cf, 0xab50, 0xb391,
0xc3f3, 0xf5bb, 0xed5b, 0x9ab2, 0xa2b2, 0xb332, 0xcb94, 0xdc15, 0xdc77, 0xf59c,
0xf61e, 0xf65f, 0xfebf, 0xe5fe, 0xee3f, 0xfe9f, 0xdddd, 0xe5be, 0xe59f, 0xe59f,
0xe5df, 0xf6bf, 0xff9f, 0xf71f, 0xde7e, 0xe69f, 0xf71f, 0xff9f, 0xff3f, 0xe63f,

0x0001, 0x0002, 0x0022, 0x0002, 0x0002, 0x0002, 0x0002, 0x0002, 0x0002, 0x0002,
0x0002, 0x0002, 0x0002, 0x0002, 0x0002, 0x0002, 0x0002, 0x0002, 0x0002, 0x0002,
0x0002, 0x0002, 0x0002, 0x0002, 0x0022, 0x0002, 0x0002, 0x0802, 0x0823, 0x1023,
0x1003, 0x1023, 0x2064, 0x30e5, 0x3927, 0x4147, 0x4147, 0x4127, 0x4127, 0x4147,
0x4147, 0x4147, 0x4168, 0x4168, 0x4168, 0x4148, 0x4148, 0x3928, 0x3927, 0x3927,
0x3927, 0x3907, 0x3906, 0x3906, 0x3906, 0x3906, 0x3906, 0x38e6, 0x38c5, 0x38a5,
0x38c5, 0x40e6, 0x4927, 0x4947, 0x5148, 0x5147, 0x5127, 0x5127, 0x5147, 0x5947,
0x5947, 0x6167, 0x6167, 0x6168, 0x6188, 0x6188, 0x69a8, 0x71c9, 0x69a8, 0x71e9,
0x7a2a, 0x820a, 0x820a, 0x822a, 0x824b, 0x8a4b, 0x822b, 0x822a, 0x820a, 0x820a,
0x8a4b, 0x928c, 0x9aad, 0x9acd, 0xa2cd, 0xa2ed, 0xaaee, 0xab0e, 0xab0e, 0xb32f,
0xb34f, 0xb34f, 0xb370, 0xbb70, 0xbb90, 0xbb90, 0xbb90, 0xbbb1, 0xbbb1, 0xbbd2,
0xbbd2, 0xbbd2, 0xbbd2, 0xc3d2, 0xc3d2, 0xc3d2, 0xb3b1, 0xa370, 0x40e7, 0x1804,
0x1065, 0x1045, 0x1045, 0x1044, 0x1024, 0x1024, 0x1024, 0x0824, 0x0825, 0x0825,
0x0825, 0x0845, 0x0845, 0x0845, 0x0845, 0x0825, 0x0845, 0x1045, 0x0845, 0x0845,
0x0845, 0x1045, 0x1045, 0x1045, 0x1045, 0x1045, 0x1045, 0x1046, 0x1046, 0x1066,
0x1066, 0x1066, 0x1066, 0x1066, 0x1086, 0x1086, 0x1086, 0x1087, 0x1087, 0x1087,
0x1087, 0x1087, 0x1087, 0x10a7, 0x18a7, 0x18c7, 0x18a8, 0x18c8, 0x18c9, 0x18c9,
0x18ca, 0x20ea, 0x20ea, 0x20eb, 0x210b, 0x210b, 0x210b, 0x210b, 0x210b, 0x210b,
0x210b, 0x20ea, 0x20ea, 0x20e9, 0x18c9, 0x18a8, 0x18a8, 0x18a8, 0x18a8, 0x1067,
0x1087, 0x1087, 0x1087, 0x1087, 0x1087, 0x1087, 0x1087, 0x1087, 0x1087, 0x1087,
0x1087, 0x1087, 0x10a7, 0x10a7, 0x10a8, 0x10a8, 0x10a8, 0x10a8, 0x18a8, 0x18a8,
0x18c8, 0x18a8, 0x18c8, 0x18c9, 0x18c9, 0x18c9, 0x18c9, 0x18c9, 0x18e9, 0x18e9,
0x18e9, 0x18c9, 0x18c9, 0x18c9, 0x20e9, 0x20ea, 0x20ea, 0x210a, 0x210a, 0x210a,
0x292b, 0x294c, 0x314c, 0x314c, 0x314c, 0x316d, 0x316d, 0x318e, 0x398e, 0x398f,
0x398e, 0x316d, 0x316c, 0x290b, 0x418d, 0x9417, 0x41ad, 0x314b, 0x316c, 0x316c,
0x316c, 0x316c, 0x396c, 0x396c, 0x396c, 0x396c, 0x398d, 0x398d, 0x398e, 0x398e,
0x41ae, 0x41af, 0x41d0, 0x49d1, 0x49d1, 0x49d1, 0x49f2, 0x49f2, 0x51f2, 0x5213,
0x5233, 0x5232, 0x5212, 0x5211, 0x5211, 0x4a0f, 0x4a0e, 0x41ed, 0x41cc, 0x41cc,
0x41cb, 0x41cb, 0x398a, 0x3129, 0x49cb, 0x724d, 0x8a6e, 0x9aaf, 0xab10, 0xbb91,
0xc3f3, 0xd455, 0xfd9b, 0xcbf7, 0x9250, 0xb311, 0xc373, 0xd3b4, 0xdc35, 0xdc97,
0xf5dd, 0xee1e, 0xfe5f, 0xf65f, 0xee1e, 0xf69f, 0xee3f, 0xe5de, 0xe59f, 0xdd7e,
0xe5bf, 0xee3f, 0xff5f, 0xff9f, 0xf71f, 0xeedf, 0xf73f, 0xeefd, 0xeebe, 0xee9f,

0x0001, 0x0001, 0x0002, 0x0001, 0x0001, 0x0001, 0x0002, 0x0002, 0x0002, 0x0002,
0x0002, 0x0002, 0x0002, 0x0002, 0x0002, 0x0002, 0x0002, 0x0002, 0x0002, 0x0002,
0x0002, 0x0002, 0x0002, 0x0002, 0x0002, 0x0022, 0x0023, 0x0002, 0x0823, 0x1043,
0x1023, 0x1023, 0x1023, 0x1863, 0x28c5, 0x30e6, 0x3927, 0x2885, 0x1002, 0x1022,
0x1022, 0x1022, 0x1043, 0x1043, 0x1023, 0x1023, 0x1023, 0x0803, 0x1023, 0x1023,
0x1023, 0x1023, 0x1023, 0x1023, 0x1023, 0x1043, 0x1043, 0x1843, 0x1823, 0x1823,
0x2064, 0x2885, 0x28a5, 0x2885, 0x28a5, 0x30a4, 0x30c5, 0x38e5, 0x40e5, 0x4906,
0x5126, 0x5126, 0x5947, 0x5967, 0x6188, 0x61a8, 0x69c9, 0x69a8, 0x71c9, 0x79e9,
0x822a, 0x820a, 0x822a, 0x822a, 0x824b, 0x8a4b, 0x822b, 0x820a, 0x820a, 0x822a,
0x8a4b, 0x9aac, 0x9aad, 0x9acd, 0xa2ed, 0xa30e, 0xab0e, 0xab0e, 0xab2f, 0xb34f,
0xb34f, 0xb34f, 0xb370, 0xbb70, 0xbb90, 0xbb90, 0xbb90, 0xbbb1, 0xbbb1, 0xbbd2,
0xbbd2, 0xbbd2, 0xbbb1, 0xbbb1, 0xbbd2, 0xbbb1, 0xb3b1, 0x7a8d, 0x2023, 0x1044,
0x1065, 0x1045, 0x1045, 0x1044, 0x1024, 0x1024, 0x1024, 0x0824, 0x0825, 0x0825,
0x0825, 0x0845, 0x0845, 0x0845, 0x0845, 0x0825, 0x0845, 0x1045, 0x0845, 0x0845,
0x0845, 0x1045, 0x1045, 0x1045, 0x1045, 0x1045, 0x1045, 0x1045, 0x1046, 0x1066,
0x1066, 0x1066, 0x1066, 0x1066, 0x1086, 0x1086, 0x1086, 0x1087, 0x1087, 0x1087,
0x1087, 0x1087, 0x1087, 0x10a7, 0x18a7, 0x18c7, 0x18a8, 0x18c8, 0x18c9, 0x18c9,
0x18ca, 0x20ea, 0x20ea, 0x20eb, 0x210b, 0x210b, 0x210b, 0x210b, 0x210b, 0x210b,
0x210b, 0x20ea, 0x18e9, 0x18e9, 0x18c9, 0x18a8, 0x18a8, 0x18a8, 0x18a8, 0x1067,
0x1087, 0x1087, 0x1087, 0x1087, 0x1087, 0x1087, 0x1087, 0x1087, 0x1087, 0x1087,
0x1087, 0x1087, 0x10a7, 0x10a7, 0x10a8, 0x10a8, 0x10a8, 0x10a8, 0x18a8, 0x18a8,
0x18c8, 0x18a8, 0x18c8, 0x18c9, 0x18c9, 0x18c9, 0x18c9, 0x18c9, 0x18e9, 0x18e9,
0x18e9, 0x18c9, 0x18c9, 0x18c9, 0x18c9, 0x20e9, 0x20ea, 0x210a, 0x210a, 0x210a,
0x292b, 0x292c, 0x292c, 0x294c, 0x294c, 0x314c, 0x316d, 0x316d, 0x398e, 0x398f,
0x398e, 0x318d, 0x316c, 0x28ea, 0x49cd, 0x8bf6, 0x396c, 0x314c, 0x316c, 0x316c,
0x314c, 0x316c, 0x316c, 0x316c, 0x316c, 0x316c, 0x398d, 0x398d, 0x398d, 0x398e,
0x39ae, 0x41af, 0x41d0, 0x49d0, 0x49d1, 0x49d1, 0x49d1, 0x49f2, 0x49f2, 0x51f2,
0x5213, 0x5212, 0x5212, 0x5212, 0x5212, 0x5231, 0x4a10, 0x49ef, 0x41cd, 0x41cc,
0x39ab, 0x39ab, 0x39ab, 0x3149, 0x418a, 0x6a2d, 0x826e, 0x928f, 0xaaf0, 0xb371,
0xc3d2, 0xc414, 0xd476, 0xf4fb, 0xa2b1, 0xaad0, 0xc331, 0xcb72, 0xdbd4, 0xd415,
0xdcd8, 0xedfe, 0xee1e, 0xee3e, 0xee1e, 0xf67f, 0xfedf, 0xf65f, 0xdd9e, 0xdd5e,
0xe59f, 0xe61f, 0xff1f, 0xffbf, 0xff5f, 0xeebe, 0xf71e, 0xff9f, 0xe69d, 0xcdbd,

0x0001, 0x0001, 0x0001, 0x0022, 0x0022, 0x0001, 0x0002, 0x0002, 0x0002, 0x0002,
0x0002, 0x0002, 0x0002, 0x0002, 0x0002, 0x0002, 0x0002, 0x0002, 0x0002, 0x0002,
0x0001, 0x0001, 0x0001, 0x0001, 0x0001, 0x0002, 0x0022, 0x0002, 0x0802, 0x0823,
0x0823, 0x1023, 0x0822, 0x0802, 0x1863, 0x20a4, 0x28c5, 0x2064, 0x0802, 0x0002,
0x0002, 0x0002, 0x0002, 0x0002, 0x0002, 0x0002, 0x0002, 0x0002, 0x0002, 0x0002,
0x0002, 0x0802, 0x0802, 0x0802, 0x0802, 0x0802, 0x0802, 0x0802, 0x0802, 0x0823,
0x0823, 0x0802, 0x0803, 0x0802, 0x1022, 0x1022, 0x1822, 0x2063, 0x3084, 0x38c5,
0x40e5, 0x5106, 0x5126, 0x5947, 0x6188, 0x61a8, 0x61a8, 0x6988, 0x69a8, 0x7a09,
0x7a2a, 0x822a, 0x824b, 0x824b, 0x822b, 0x822b, 0x824b, 0x820a, 0x79ea, 0x822a,
0x926c, 0x9a8c, 0x9acd, 0xa2ed, 0xa2ee, 0xa2ee, 0xab0e, 0xab2f, 0xb32f, 0xb34f,
0xb34f, 0xb370, 0xbb70, 0xbb70, 0xbb90, 0xbb90, 0xbb90, 0xbb90, 0xbbb1, 0xc3d2,
0xbbd2, 0xbbd2, 0xbbb1, 0xbbb1, 0xbbb1, 0xab91, 0xa370, 0x4948, 0x1023, 0x1065,
0x1045, 0x1045, 0x1044, 0x1044, 0x1044, 0x1024, 0x1024, 0x0824, 0x0825, 0x0825,
0x0825, 0x0845, 0x0845, 0x0845, 0x0845, 0x0845, 0x0845, 0x0845, 0x1045, 0x1045,
0x1045, 0x1045, 0x1045, 0x1045, 0x1045, 0x1045, 0x1045, 0x1046, 0x1046, 0x1066,
0x1066, 0x1066, 0x1066, 0x1066, 0x1086, 0x1086, 0x1086, 0x1087, 0x1087, 0x1087,
0x1087, 0x1087, 0x10a7, 0x10a7, 0x18a7, 0x18c7, 0x18a8, 0x18c8, 0x18c9, 0x18c9,
0x18ca, 0x20ea, 0x20ea, 0x20eb, 0x20eb, 0x210b, 0x210b, 0x210b, 0x210b, 0x210a,
0x20ea, 0x18e9, 0x18e9, 0x18c9, 0x18a8, 0x18a8, 0x18c8, 0x18a8, 0x10a7, 0x1067,
0x1087, 0x1087, 0x1087, 0x1087, 0x1087, 0x1087, 0x1087, 0x1087, 0x1087, 0x1087,
0x1087, 0x1087, 0x1087, 0x1087, 0x1087, 0x10a8, 0x10a8, 0x10a8, 0x18a8, 0x18a8,
0x18a8, 0x18a8, 0x18a8, 0x18a8, 0x18c8, 0x18c9, 0x18c9, 0x18c9, 0x18e9, 0x18e9,
0x18e9, 0x18e9, 0x18e9, 0x18e9, 0x18c9, 0x18c9, 0x20e9, 0x20ea, 0x210a, 0x210a,
0x210b, 0x292b, 0x292c, 0x292b, 0x292c, 0x294c, 0x294c, 0x314c, 0x316e, 0x316e,
0x398e, 0x398d, 0x318c, 0x312b, 0x522f, 0x7b74, 0x314b, 0x316c, 0x314c, 0x316c,
0x316c, 0x316c, 0x316c, 0x316c, 0x316c, 0x398c, 0x398c, 0x398c, 0x398d, 0x398d,
0x398e, 0x41ae, 0x41cf, 0x49d0, 0x49d0, 0x49d0, 0x49d1, 0x49f1, 0x51f2, 0x51f2,
0x5212, 0x5212, 0x5232, 0x5232, 0x5232, 0x5252, 0x5231, 0x5230, 0x4a2f, 0x4a0d,
0x41ec, 0x41ec, 0x41cc, 0x39ab, 0x418a, 0x5a0c, 0x7a6e, 0x8aaf, 0xa2d0, 0xa310,
0xabb2, 0xbc13, 0xbbd4, 0xdc98, 0xc3d6, 0x924e, 0xb2f0, 0xc311, 0xd392, 0xd3f4,
0xd477, 0xedfe, 0xf65f, 0xe5fe, 0xf67f, 0xf65f, 0xf67f, 0xf69f, 0xe5ff, 0xdd9f,
0xe59f, 0xe61f, 0xee9f, 0xff7f, 0xf6ff, 0xf6df, 0xff3f, 0xff7f, 0xf73f, 0xe67e,

0x0001, 0x0001, 0x0001, 0x0022, 0x0022, 0x0002, 0x0002, 0x0002, 0x0002, 0x0002,
0x0002, 0x0002, 0x0002, 0x0002, 0x0002, 0x0002, 0x0002, 0x0002, 0x0002, 0x0002,
0x0001, 0x0001, 0x0001, 0x0001, 0x0001, 0x0002, 0x0002, 0x0002, 0x0002, 0x0823,
0x0803, 0x0803, 0x0823, 0x0822, 0x0843, 0x1023, 0x0823, 0x1043, 0x0823, 0x0002,
0x0002, 0x0002, 0x0002, 0x0002, 0x0002, 0x0002, 0x0002, 0x0002, 0x0002, 0x0002,
0x0002, 0x0802, 0x0802, 0x0802, 0x0802, 0x0802, 0x0802, 0x0002, 0x0002, 0x0002,
0x0002, 0x0002, 0x0002, 0x0002, 0x0802, 0x0802, 0x1022, 0x2043, 0x2864, 0x3064,
0x3884, 0x4905, 0x5147, 0x5967, 0x61a8, 0x61c8, 0x61a8, 0x69c8, 0x7a09, 0x7a0a,
0x822a, 0x822a, 0x824b, 0x824b, 0x822b, 0x822b, 0x822a, 0x79ea, 0x79e9, 0x822a,
0x926c, 0x9aac, 0x9acd, 0xa2ee, 0xa2ee, 0xa30e, 0xab0e, 0xab2f, 0xb32f, 0xb34f,
0xb34f, 0xb370, 0xbb70, 0xbb70, 0xbb90, 0xbb90, 0xbb90, 0xbb90, 0xbbb1, 0xc3d2,
0xbbd2, 0xbbd2, 0xbbb1, 0xbbb1, 0xb391, 0xab91, 0x7aad, 0x2064, 0x1044, 0x1065,
0x1045, 0x1025, 0x1044, 0x1044, 0x1044, 0x1024, 0x1024, 0x0824, 0x0825, 0x0825,
0x0825, 0x0845, 0x0845, 0x0845, 0x0845, 0x0845, 0x0845, 0x0845, 0x1045, 0x1045,
0x1045, 0x1045, 0x1045, 0x1045, 0x1045, 0x1045, 0x1045, 0x1046, 0x1046, 0x1066,
0x1066, 0x1066, 0x1066, 0x1066, 0x1086, 0x1086, 0x1086, 0x1087, 0x1087, 0x1087,
0x1087, 0x1087, 0x10a7, 0x10a7, 0x18a7, 0x18c7, 0x18a8, 0x18c8, 0x18c9, 0x18c9,
0x18ca, 0x20ea, 0x20ea, 0x20eb, 0x20eb, 0x210b, 0x210b, 0x210b, 0x210b, 0x210a,
0x20ea, 0x18e9, 0x18c9, 0x18c8, 0x18a8, 0x18a8, 0x18a8, 0x18a8, 0x1087, 0x1067,
0x1087, 0x1087, 0x1087, 0x1087, 0x1087, 0x1087, 0x1087, 0x1087, 0x1087, 0x1087,
0x1087, 0x1087, 0x1087, 0x1087, 0x1087, 0x10a8, 0x10a8, 0x10a8, 0x18a8, 0x18a8,
0x18a8, 0x18a8, 0x18a8, 0x18a8, 0x18c8, 0x18c9, 0x18c9, 0x18c9, 0x18c9, 0x18c9,
0x18c9, 0x18e9, 0x18e9, 0x18e9, 0x18c9, 0x18c9, 0x20e9, 0x20ea, 0x210a, 0x210a,
0x210a, 0x210b, 0x290b, 0x292b, 0x292b, 0x292b, 0x292b, 0x294c, 0x316d, 0x316d,
0x318d, 0x318d, 0x318c, 0x28ea, 0x6291, 0x8395, 0x312b, 0x316c, 0x314b, 0x314b,
0x316b, 0x316b, 0x316b, 0x316b, 0x316b, 0x316b, 0x396c, 0x398c, 0x398c, 0x398d,
0x398d, 0x39ae, 0x41af, 0x41af, 0x49d0, 0x49d0, 0x49d0, 0x49d1, 0x49d1, 0x49f1,
0x49f1, 0x49f0, 0x5210, 0x5211, 0x5231, 0x5230, 0x5230, 0x5230, 0x4a2f, 0x4a2e,
0x4a2e, 0x41ed, 0x39cc, 0x39cb, 0x398a, 0x49ab, 0x724d, 0x828f, 0x8a6f, 0x828f,
0x7aef, 0x72ae, 0x9bb3, 0xd4b9, 0xdcfa, 0x9290, 0x9a4e, 0xbad0, 0xcb52, 0xd3d4,
0xe4b8, 0xf63f, 0xf65f, 0xee1e, 0xee5f, 0xdddd, 0xe61e, 0xe63e, 0xe61f, 0xedff,
0xdd7f, 0xdd9f, 0xddfe, 0xee5e, 0xee3e, 0xe61f, 0xfeff, 0xff5f, 0xff7f, 0xff9f,

0x0001, 0x0001, 0x0001, 0x0001, 0x0002, 0x0022, 0x0002, 0x0002, 0x0002, 0x0002,
0x0002, 0x0002, 0x0002, 0x0002, 0x0002, 0x0002, 0x0002, 0x0002, 0x0002, 0x0002,
0x0001, 0x0001, 0x0001, 0x0001, 0x0001, 0x0002, 0x0002, 0x0002, 0x0002, 0x0002,
0x0002, 0x0002, 0x0022, 0x0022, 0x0023, 0x0022, 0x0002, 0x0823, 0x0823, 0x0002,
0x0002, 0x0002, 0x0002, 0x0002, 0x0002, 0x0002, 0x0002, 0x0002, 0x0002, 0x0002,
0x0002, 0x0802, 0x0802, 0x0802, 0x0802, 0x0802, 0x0802, 0x0802, 0x0022, 0x0001,
0x0001, 0x0022, 0x0022, 0x0022, 0x0802, 0x0802, 0x1843, 0x2884, 0x38a5, 0x40c6,
0x40c5, 0x48e5, 0x4906, 0x61c8, 0x61e9, 0x61a8, 0x61c9, 0x71e9, 0x7a09, 0x7a0a,
0x7a2a, 0x822a, 0x824b, 0x824b, 0x822b, 0x824b, 0x820a, 0x79e9, 0x79e9, 0x822a,
0x928c, 0x9aad, 0xa2cd, 0xa30e, 0xa30e, 0xa30e, 0xab0e, 0xab2f, 0xb32f, 0xb34f,
0xb34f, 0xb370, 0xbb70, 0xbb70, 0xbb90, 0xbb90, 0xbb90, 0xbb90, 0xbb91, 0xbb91,
0xbb91, 0xbbb1, 0xbb91, 0xb370, 0xab50, 0xa350, 0x4948, 0x1023, 0x0884, 0x0865,
0x0845, 0x1025, 0x1044, 0x1044, 0x1044, 0x1024, 0x1024, 0x0824, 0x0825, 0x0825,
0x0825, 0x0845, 0x0845, 0x0845, 0x0845, 0x0845, 0x0845, 0x0845, 0x1045, 0x1045,
0x1045, 0x1045, 0x1045, 0x1045, 0x1045, 0x1045, 0x1045, 0x1046, 0x1046, 0x1066,
0x1066, 0x1066, 0x1066, 0x1066, 0x1086, 0x1086, 0x1086, 0x1087, 0x1087, 0x1087,
0x1087, 0x1087, 0x10a7, 0x10a7, 0x18a7, 0x18c7, 0x18a8, 0x18c8, 0x18c9, 0x18c9,
0x18ca, 0x20ea, 0x20ea, 0x20eb, 0x20eb, 0x210b, 0x210b, 0x210b, 0x210b, 0x20ea,
0x18e9, 0x18c9, 0x18a8, 0x10a8, 0x18a7, 0x18a7, 0x18a8, 0x1087, 0x1087, 0x1067,
0x1087, 0x1087, 0x1087, 0x1087, 0x1087, 0x1087, 0x1087, 0x1087, 0x1087, 0x1087,
0x1087, 0x1087, 0x1087, 0x1087, 0x1087, 0x10a8, 0x10a8, 0x10a8, 0x18a8, 0x18a8,
0x18a8, 0x18a8, 0x18a8, 0x18a8, 0x18c8, 0x18c9, 0x18c9, 0x18c9, 0x18c9, 0x18c9,
0x18c9, 0x18e9, 0x18e9, 0x18e9, 0x18c9, 0x18c9, 0x20e9, 0x20ea, 0x20ea, 0x210a,
0x210a, 0x20ea, 0x20ea, 0x210b, 0x210a, 0x290b, 0x292b, 0x292b, 0x314c, 0x314d,
0x316d, 0x316c, 0x316b, 0x20c9, 0x62b1, 0x7333, 0x292b, 0x314c, 0x314b, 0x314b,
0x314b, 0x314b, 0x314b, 0x314b, 0x316b, 0x316b, 0x316b, 0x316c, 0x398c, 0x398c,
0x398d, 0x39ad, 0x41ae, 0x41af, 0x41af, 0x41d0, 0x41b0, 0x41b0, 0x41b0, 0x49cf,
0x41af, 0x41af, 0x41ae, 0x41ae, 0x418d, 0x398c, 0x398c, 0x39ac, 0x39ac, 0x39ac,
0x39ac, 0x39ac, 0x39ac, 0x39ab, 0x398a, 0x418a, 0x620c, 0x7a6e, 0x69ee, 0x51ac,
0x5a2d, 0x6aef, 0x6a6f, 0x9354, 0xa395, 0x69cd, 0x8a2e, 0xb2d0, 0xc352, 0xd3f5,
0xecf9, 0xf65f, 0xf63f, 0xf65f, 0xfebf, 0xee3f, 0xfebf, 0xf6df, 0xddfe, 0xee1f,
0xe5bf, 0xdd7f, 0xddbe, 0xe5de, 0xedff, 0xe5ff, 0xee5f, 0xff1e, 0xff7e, 0xff9f,

0x0001, 0x0001, 0x0001, 0x0001, 0x0001, 0x0001, 0x0001, 0x0002, 0x0002, 0x0002,
0x0002, 0x0002, 0x0002, 0x0002, 0x0002, 0x0002, 0x0002, 0x0002, 0x0002, 0x0001,
0x0001, 0x0001, 0x0001, 0x0001, 0x0001, 0x0001, 0x0002, 0x0002, 0x0002, 0x0002,
0x0002, 0x0002, 0x0001, 0x0002, 0x0002, 0x0002, 0x0002, 0x0001, 0x0001, 0x0002,
0x0002, 0x0002, 0x0002, 0x0002, 0x0002, 0x0002, 0x0002, 0x0002, 0x0002, 0x0002,
0x0002, 0x0802, 0x0802, 0x0802, 0x0802, 0x0802, 0x0802, 0x0822, 0x0022, 0x0022,
0x0022, 0x0002, 0x0002, 0x0002, 0x0002, 0x0802, 0x2023, 0x3885, 0x40c6, 0x48e6,
0x4906, 0x4106, 0x4905, 0x61a8, 0x6188, 0x69c9, 0x71e9, 0x71c9, 0x79e9, 0x79e9,
0x820a, 0x822a, 0x822a, 0x824b, 0x824b, 0x822b, 0x820a, 0x79c9, 0x79e9, 0x8a4b,
0x92ac, 0x9acd, 0xa2ed, 0xa30e, 0xa30e, 0xab0e, 0xab2f, 0xab2f, 0xb34f, 0xb32f,
0xb32f, 0xbb4f, 0xb350, 0xb371, 0xb391, 0xbbb1, 0xbb91, 0xbb90, 0xbb90, 0xbb90,
0xbb90, 0xb370, 0xb370, 0xab30, 0xab30, 0x7a6e, 0x2045, 0x1845, 0x1045, 0x1045,
0x0845, 0x1045, 0x1045, 0x1045, 0x1045, 0x1045, 0x1045, 0x1045, 0x0845, 0x0845,
0x0845, 0x0845, 0x0845, 0x0845, 0x0845, 0x1045, 0x1045, 0x1045, 0x1045, 0x1045,
0x1045, 0x1066, 0x1046, 0x1066, 0x1066, 0x1066, 0x1046, 0x1066, 0x1066, 0x1066,
0x1066, 0x1066, 0x1066, 0x1066, 0x1087, 0x1087, 0x1087, 0x1087, 0x1087, 0x1087,
0x1087, 0x1087, 0x1087, 0x10a7, 0x18a7, 0x18a8, 0x18a8, 0x18c8, 0x18c8, 0x18c9,
0x18c9, 0x20ea, 0x20ea, 0x210a, 0x210a, 0x210b, 0x210b, 0x210b, 0x20ea, 0x210a,
0x20e9, 0x18c9, 0x18c8, 0x18a8, 0x18a8, 0x18c8, 0x18c8, 0x18a8, 0x1087, 0x1087,
0x1087, 0x1087, 0x1087, 0x1087, 0x1087, 0x1087, 0x1087, 0x1087, 0x1087, 0x1088,
0x1088, 0x1088, 0x1088, 0x1088, 0x1088, 0x10a8, 0x10a8, 0x10a8, 0x10a8, 0x18a8,
0x18a8, 0x18a8, 0x18a8, 0x18a8, 0x18a8, 0x18c8, 0x18c9, 0x18c9, 0x18c9, 0x18c9,
0x18c9, 0x18c9, 0x18c9, 0x18c9, 0x18c9, 0x18c9, 0x18c9, 0x18c9, 0x20e9, 0x20ea,
0x20ea, 0x20ea, 0x210a, 0x210a, 0x210a, 0x210a, 0x210a, 0x292b, 0x292b, 0x294b,
0x294c, 0x294b, 0x314b, 0x20ca, 0x6af2, 0x5270, 0x290b, 0x314b, 0x314b, 0x294b,
0x316b, 0x314b, 0x314b, 0x316b, 0x316b, 0x316b, 0x316b, 0x316b, 0x398c, 0x398c,
0x398c, 0x398d, 0x39ae, 0x41ae, 0x41af, 0x41af, 0x41af, 0x41b0, 0x41b0, 0x41af,
0x418f, 0x398e, 0x398d, 0x398c, 0x398c, 0x396d, 0x398d, 0x31ac, 0x31cc, 0x398b,
0x416b, 0x49ab, 0x51cc, 0x5a0c, 0x5a0c, 0x59eb, 0x6a2d, 0x724e, 0x61ac, 0x494a,
0x5a0c, 0x7331, 0x7311, 0x6ab0, 0x8312, 0x71ee, 0x8a2d, 0xb2cf, 0xcb51, 0xdbf4,
0xed19, 0xedfe, 0xf65f, 0xf63f, 0xf67f, 0xee5f, 0xe63f, 0xee9f, 0xf69f, 0xe5fe,
0xee1f, 0xddbe, 0xddbd, 0xdd9d, 0xdd9e, 0xe5bf, 0xee3f, 0xfebf, 0xff3f, 0xfefe,

0x0001, 0x0001, 0x0001, 0x0001, 0x0001, 0x0001, 0x0001, 0x0001, 0x0001, 0x0001,
0x0001, 0x0001, 0x0001, 0x0001, 0x0001, 0x0001, 0x0001, 0x0001, 0x0001, 0x0001,
0x0001, 0x0001, 0x0001, 0x0001, 0x0001, 0x0001, 0x0001, 0x0001, 0x0001, 0x0001,
0x0001, 0x0001, 0x0001, 0x0001, 0x0001, 0x0001, 0x0001, 0x0001, 0x0001, 0x0001,
0x0001, 0x0001, 0x0001, 0x0001, 0x0002, 0x0002, 0x0002, 0x0002, 0x0002, 0x0002,
0x0002, 0x0002, 0x0002, 0x0002, 0x0002, 0x0002, 0x0002, 0x0002, 0x0002, 0x0002,
0x0002, 0x0001, 0x0001, 0x0001, 0x0002, 0x1022, 0x2864, 0x3885, 0x48e6, 0x4907,
0x4927, 0x4947, 0x5167, 0x5967, 0x6188, 0x71e9, 0x71e9, 0x79e9, 0x79ea, 0x820a,
0x822a, 0x822a, 0x822a, 0x8a4b, 0x824b, 0x822b, 0x820a, 0x79c9, 0x7a0a, 0x8a6b,
0x92ac, 0x9acd, 0x9aed, 0xa30e, 0xa30e, 0xab0e, 0xab2f, 0xab4f, 0xab4f, 0xb32f,
0xb32f, 0xbb4f, 0xb350, 0xb370, 0xb390, 0xbb90, 0xbb90, 0xbb70, 0xb370, 0xb370,
0xb370, 0xab50, 0xa330, 0xa32f, 0x9b0f, 0x4129, 0x1805, 0x1866, 0x1025, 0x1045,
0x0845, 0x0845, 0x1045, 0x1045, 0x1045, 0x1045, 0x1045, 0x1045, 0x1045, 0x1045,
0x1045, 0x0845, 0x0845, 0x0845, 0x0845, 0x1045, 0x1045, 0x1045, 0x1045, 0x1045,
0x1045, 0x1066, 0x1066, 0x1066, 0x1066, 0x1066, 0x1066, 0x1066, 0x1066, 0x1066,
0x1066, 0x1066, 0x1066, 0x1086, 0x1087, 0x1087, 0x1087, 0x1087, 0x1087, 0x1087,
0x1087, 0x1087, 0x1087, 0x10a7, 0x18a8, 0x18a8, 0x18c8, 0x18c8, 0x18c8, 0x18c9,
0x18e9, 0x20e9, 0x20ea, 0x210a, 0x210a, 0x210a, 0x210b, 0x210b, 0x20ea, 0x20ea,
0x20e9, 0x18c9, 0x18c9, 0x18a8, 0x18a8, 0x18c8, 0x18c8, 0x18a8, 0x1087, 0x1087,
0x1087, 0x1087, 0x1087, 0x1087, 0x1087, 0x1087, 0x1087, 0x1087, 0x1087, 0x1088,
0x1088, 0x1088, 0x1088, 0x1088, 0x1088, 0x10a8, 0x10a8, 0x10a8, 0x10a8, 0x18a8,
0x18a8, 0x18a8, 0x18a8, 0x18a8, 0x18a8, 0x18c8, 0x18c9, 0x18c9, 0x18c9, 0x18c9,
0x18c9, 0x18c9, 0x18c9, 0x18c9, 0x18c9, 0x18c9, 0x18c9, 0x18c9, 0x20e9, 0x20ea,
0x20ea, 0x20ea, 0x210a, 0x210a, 0x20ea, 0x20ea, 0x210a, 0x210a, 0x292b, 0x292b,
0x294b, 0x294b, 0x292a, 0x290b, 0x8bf6, 0x522f, 0x290a, 0x314b, 0x294b, 0x294b,
0x294a, 0x294a, 0x294a, 0x294a, 0x296a, 0x316b, 0x316a, 0x316b, 0x316b, 0x316b,
0x316c, 0x398c, 0x398d, 0x39ae, 0x39ae, 0x39ae, 0x41af, 0x41af, 0x41af, 0x41af,
0x41af, 0x41cf, 0x41ce, 0x41ee, 0x4a0e, 0x49ee, 0x49ee, 0x41ed, 0x39eb, 0x520b,
0x7aae, 0x9351, 0x9372, 0x8b30, 0x82cf, 0x82cf, 0x82d0, 0x9b33, 0x82b1, 0x598c,
0x51ac, 0x626e, 0x520d, 0x7b31, 0x9bb4, 0x9312, 0x8a2d, 0xb2ef, 0xcb71, 0xdbf4,
0xecf9, 0xedfe, 0xf63f, 0xe5fe, 0xe5ff, 0xe5ff, 0xdddf, 0xe61e, 0xfebf, 0xfebf,
0xe5df, 0xee3f, 0xf67f, 0xddbe, 0xdd9e, 0xdd9e, 0xe5ff, 0xee3f, 0xfebf, 0xf69e,

0x0001, 0x0001, 0x0001, 0x0002, 0x0002, 0x0002, 0x0001, 0x0001, 0x0001, 0x0001,
0x0001, 0x0001, 0x0001, 0x0001, 0x0001, 0x0001, 0x0001, 0x0001, 0x0001, 0x0001,
0x0001, 0x0001, 0x0001, 0x0001, 0x0001, 0x0001, 0x0001, 0x0001, 0x0001, 0x0001,
0x0001, 0x0001, 0x0001, 0x0001, 0x0001, 0x0001, 0x0001, 0x0001, 0x0001, 0x0001,
0x0001, 0x0001, 0x0001, 0x0001, 0x0002, 0x0002, 0x0002, 0x0002, 0x0002, 0x0002,
0x0002, 0x0802, 0x0802, 0x0802, 0x0802, 0x0802, 0x0802, 0x0802, 0x0002, 0x0802,
0x0002, 0x0002, 0x0802, 0x0002, 0x0002, 0x1022, 0x2064, 0x30a5, 0x40e6, 0x4906,
0x5168, 0x59a8, 0x4926, 0x5126, 0x69c9, 0x71e9, 0x7a09, 0x79ea, 0x820a, 0x820a,
0x822a, 0x822a, 0x824b, 0x8a4b, 0x824b, 0x822b, 0x820a, 0x79c9, 0x820a, 0x8a8c,
0x92ac, 0x9acd, 0x9aed, 0xa30e, 0xa30e, 0xab0e, 0xab2f, 0xab2f, 0xab4f, 0xb34f,
0xb34f, 0xb34f, 0xb370, 0xbb70, 0xbb70, 0xb370, 0xb370, 0xb34f, 0xb350, 0xb350,
0xab50, 0xa350, 0x9b30, 0x8b0f, 0x6a0b, 0x2025, 0x1825, 0x1845, 0x1045, 0x1045,
0x0845, 0x0845, 0x1045, 0x1045, 0x1045, 0x1045, 0x1045, 0x1045, 0x1045, 0x1045,
0x1045, 0x0845, 0x0845, 0x0845, 0x0845, 0x1045, 0x1045, 0x1045, 0x1045, 0x1045,
0x1045, 0x1066, 0x1066, 0x1066, 0x1066, 0x1066, 0x1066, 0x1066, 0x1066, 0x1066,
0x1086, 0x1086, 0x1086, 0x1086, 0x1087, 0x1087, 0x1087, 0x1087, 0x1087, 0x1087,
0x18a8, 0x18a8, 0x18a8, 0x10a7, 0x18a8, 0x18a8, 0x18c8, 0x18c8, 0x18c8, 0x18c9,
0x18e9, 0x20ea, 0x20ea, 0x210a, 0x210a, 0x210a, 0x210a, 0x210a, 0x20ea, 0x18e9,
0x18c9, 0x18c9, 0x18c9, 0x18a8, 0x18a8, 0x18c8, 0x18c8, 0x18a8, 0x1087, 0x1087,
0x1087, 0x1087, 0x1087, 0x1087, 0x1087, 0x1087, 0x1087, 0x1087, 0x1087, 0x1088,
0x1088, 0x1088, 0x1088, 0x1088, 0x1088, 0x10a8, 0x10a8, 0x10a8, 0x10a8, 0x18a8,
0x18a8, 0x18a8, 0x18a8, 0x18a8, 0x18a8, 0x18c8, 0x18c9, 0x18c9, 0x18c9, 0x18c9,
0x18c9, 0x18c9, 0x18c9, 0x18c9, 0x18c9, 0x18c9, 0x18c9, 0x18c9, 0x20e9, 0x20ea,
0x20e9, 0x20e9, 0x20ea, 0x20ea, 0x20ea, 0x20ea, 0x210a, 0x210a, 0x292a, 0x292b,
0x292b, 0x292b, 0x20ea, 0x312b, 0x83b5, 0x398c, 0x290a, 0x292b, 0x292a, 0x292a,
0x292a, 0x292a, 0x292a, 0x292a, 0x294a, 0x294a, 0x314a, 0x314a, 0x314b, 0x314b,
0x316b, 0x316c, 0x398d, 0x398d, 0x398e, 0x398e, 0x39af, 0x41af, 0x41af, 0x41d0,
0x41d0, 0x41ef, 0x4a0f, 0x4a0f, 0x49ee, 0x49ad, 0x418c, 0x4a0c, 0x6ace, 0x93b1,
0xabf1, 0xabb1, 0xa3d2, 0xa392, 0x9b51, 0x9b52, 0xa334, 0xbc18, 0xcc9b, 0xb418,
0x7251, 0x59cd, 0x5a0e, 0x59ed, 0x7a90, 0xabb5, 0x9af1, 0xb331, 0xcbd4, 0xdc57,
0xed5b, 0xf61e, 0xfe5f, 0xf63f, 0xe5dd, 0xee1e, 0xe5fe, 0xe61e, 0xee3f, 0xe5ff,
0xddbe, 0xe5df, 0xf67f, 0xee3f, 0xddbe, 0xdd7e, 0xe5df, 0xf65f, 0xf67f, 0xf67e,

0x0042, 0x0001, 0x0001, 0x0001, 0x0002, 0x0002, 0x0001, 0x0001, 0x0022, 0x0022,
0x0022, 0x0022, 0x0022, 0x0022, 0x0022, 0x0022, 0x0022, 0x0022, 0x0002, 0x0001,
0x0001, 0x0001, 0x0001, 0x0001, 0x0001, 0x0001, 0x0001, 0x0001, 0x0001, 0x0001,
0x0001, 0x0001, 0x0001, 0x0001, 0x0002, 0x0002, 0x0001, 0x0002, 0x0002, 0x0002,
0x0001, 0x0001, 0x0001, 0x0001, 0x0002, 0x0002, 0x0802, 0x0802, 0x0802, 0x0802,
0x0802, 0x0803, 0x0803, 0x0803, 0x0803, 0x0803, 0x1023, 0x1023, 0x0822, 0x0822,
0x0822, 0x1023, 0x1023, 0x0822, 0x0802, 0x0802, 0x1843, 0x2884, 0x30a4, 0x4106,
0x5188, 0x5168, 0x4906, 0x5147, 0x69c9, 0x71e9, 0x7a0a, 0x820a, 0x822a, 0x822b,
0x822b, 0x822b, 0x824b, 0x824b, 0x822b, 0x822a, 0x820a, 0x79c9, 0x822a, 0x8a8c,
0x92ac, 0x9aed, 0xa2ee, 0xa30e, 0xab0e, 0xab0e, 0xab2f, 0xab2f, 0xab4f, 0xab4f,
0xab4f, 0xb36f, 0xb36f, 0xb34f, 0xb370, 0xb36f, 0xab70, 0xb390, 0xab70, 0x9b0f,
0x8aae, 0x724c, 0x59ca, 0x3927, 0x2085, 0x1045, 0x1845, 0x1045, 0x1045, 0x0845,
0x1045, 0x1045, 0x1045, 0x1045, 0x1045, 0x1045, 0x1045, 0x1045, 0x1045, 0x1045,
0x1045, 0x0845, 0x0845, 0x0845, 0x1045, 0x1045, 0x1045, 0x1045, 0x1045, 0x1045,
0x1045, 0x1046, 0x1066, 0x1066, 0x1066, 0x1066, 0x1066, 0x1066, 0x1066, 0x1066,
0x1086, 0x1086, 0x1086, 0x1086, 0x1087, 0x1087, 0x1087, 0x10a7, 0x10a7, 0x10a7,
0x10a7, 0x10a7, 0x10a7, 0x18a8, 0x18a8, 0x18a8, 0x18c8, 0x18c8, 0x18c8, 0x18c9,
0x18e9, 0x20ea, 0x20ea, 0x210a, 0x210a, 0x210a, 0x210a, 0x20ea, 0x18e9, 0x18c9,
0x18c9, 0x18c9, 0x18a8, 0x18a8, 0x18a8, 0x18a8, 0x18c8, 0x10a7, 0x1067, 0x1087,
0x1087, 0x1087, 0x1087, 0x1087, 0x1087, 0x1087, 0x1087, 0x1087, 0x1087, 0x1088,
0x1088, 0x1088, 0x1088, 0x1088, 0x10a8, 0x10a8, 0x10a8, 0x10a8, 0x10a8, 0x18a8,
0x18a8, 0x18a8, 0x18a8, 0x18a8, 0x18a8, 0x18a8, 0x18c8, 0x18c9, 0x18c9, 0x18c9,
0x18c9, 0x18c9, 0x18c9, 0x18c9, 0x18c9, 0x18c9, 0x18c9, 0x18c9, 0x18c9, 0x20e9,
0x20e9, 0x20e9, 0x20e9, 0x20ea, 0x18c9, 0x20ea, 0x20ea, 0x210a, 0x210a, 0x292a,
0x292b, 0x292b, 0x18a9, 0x41ad, 0x7353, 0x292a, 0x290a, 0x292a, 0x212a, 0x212a,
0x2129, 0x2129, 0x2129, 0x292a, 0x292a, 0x292a, 0x292a, 0x292a, 0x294a, 0x314b,
0x314b, 0x314b, 0x316c, 0x398d, 0x398d, 0x396d, 0x398e, 0x398e, 0x398e, 0x398f,
0x41af, 0x41cf, 0x49ce, 0x41ad, 0x418d, 0x51ee, 0x7af1, 0x9c35, 0xb4b6, 0xb474,
0xb412, 0xb3f1, 0xabd2, 0xa391, 0xa371, 0xa353, 0xab55, 0xbbd8, 0xc41a, 0xbc3b,
0xbc7b, 0x9355, 0x8b13, 0xa395, 0xc499, 0xe57d, 0xed9d, 0xfddd, 0xfdfe, 0xfdfe,
0xfe3f, 0xfe5f, 0xfe7f, 0xfe9f, 0xfe9f, 0xfe9f, 0xf65f, 0xee3e, 0xe5fe, 0xdd9e,
0xdd7e, 0xddbf, 0xee1f, 0xf67f, 0xe5be, 0xd55e, 0xdd9e, 0xee3f, 0xfe9f, 0xfebf,

0x08c4, 0x0083, 0x0062, 0x0042, 0x0022, 0x0002, 0x0001, 0x0001, 0x0002, 0x0022,
0x0022, 0x0022, 0x0022, 0x0042, 0x0842, 0x0863, 0x0863, 0x0863, 0x0883, 0x0883,
0x0863, 0x0863, 0x0863, 0x0863, 0x0863, 0x0042, 0x0842, 0x0863, 0x0863, 0x0863,
0x0883, 0x1083, 0x0863, 0x0822, 0x0022, 0x0022, 0x0022, 0x0022, 0x0802, 0x0802,
0x0802, 0x0802, 0x0802, 0x0822, 0x0822, 0x1023, 0x1044, 0x1064, 0x1064, 0x1064,
0x1884, 0x1864, 0x1864, 0x1844, 0x1844, 0x1844, 0x1844, 0x1864, 0x1863, 0x1864,
0x2084, 0x2084, 0x2084, 0x1864, 0x1023, 0x0802, 0x1022, 0x1843, 0x2863, 0x38e5,
0x4947, 0x5188, 0x4926, 0x5147, 0x69c9, 0x7209, 0x7a0a, 0x822a, 0x822a, 0x824b,
0x822b, 0x822b, 0x822b, 0x824b, 0x822a, 0x820a, 0x79ea, 0x79e9, 0x824b, 0x8a8c,
0x92cd, 0x9aed, 0xa2ee, 0xa30e, 0xab0e, 0xab2f, 0xab2f, 0xab2f, 0xab4f, 0xab4f,
0xab4f, 0xab4f, 0xa34f, 0xa36f, 0xa370, 0x930e, 0x7a6c, 0x61ea, 0x5148, 0x30a6,
0x2844, 0x1803, 0x1003, 0x1024, 0x1045, 0x1065, 0x1065, 0x1045, 0x0845, 0x1045,
0x1045, 0x1065, 0x1045, 0x1045, 0x1045, 0x1045, 0x1045, 0x1045, 0x1065, 0x1065,
0x1065, 0x1045, 0x1045, 0x1045, 0x1045, 0x1045, 0x1045, 0x1045, 0x1045, 0x1065,
0x1065, 0x1046, 0x1066, 0x1066, 0x1066, 0x1066, 0x1066, 0x1086, 0x1086, 0x1086,
0x1086, 0x1086, 0x1086, 0x1086, 0x1087, 0x1087, 0x1087, 0x10a7, 0x10a7, 0x10a7,
0x10a7, 0x10a7, 0x10a7, 0x18a8, 0x18a8, 0x18c8, 0x18c8, 0x18c8, 0x18c8, 0x18c9,
0x18e9, 0x20ea, 0x20ea, 0x20e9, 0x20e9, 0x20e9, 0x20e9, 0x18e9, 0x18c9, 0x18c9,
0x18c9, 0x18c9, 0x18a8, 0x18a8, 0x18a8, 0x18a8, 0x18a8, 0x1087, 0x1067, 0x1087,
0x1087, 0x1087, 0x1087, 0x1087, 0x1087, 0x1087, 0x1087, 0x1087, 0x1087, 0x1088,
0x1088, 0x1088, 0x1088, 0x10a8, 0x18a8, 0x10a8, 0x10a8, 0x10a8, 0x10a8, 0x18a8,
0x18a8, 0x18a8, 0x18a8, 0x18a8, 0x18a8, 0x18a8, 0x18a8, 0x18c8, 0x18c9, 0x18c9,
0x18c9, 0x18c9, 0x18c9, 0x18c9, 0x18c9, 0x18c9, 0x18c9, 0x18c9, 0x18c9, 0x18c9,
0x20e9, 0x20e9, 0x20e9, 0x20e9, 0x18c9, 0x20ea, 0x20ea, 0x20ea, 0x210a, 0x210a,
0x210a, 0x210a, 0x18a9, 0x5a90, 0x6b11, 0x20c8, 0x290a, 0x2909, 0x2109, 0x2109,
0x2109, 0x2109, 0x2109, 0x2109, 0x292a, 0x292a, 0x292a, 0x292a, 0x292a, 0x292b,
0x314b, 0x314b, 0x314c, 0x316c, 0x396d, 0x314c, 0x316d, 0x398e, 0x398e, 0x418e,
0x418e, 0x414d, 0x416c, 0x59ee, 0x8312, 0xa416, 0xbcb8, 0xbcb8, 0xbcb7, 0xc4b6,
0xc475, 0xbc54, 0xb413, 0xabb1, 0xa372, 0xab53, 0xb396, 0xc3f9, 0xbbb9, 0xb3b8,
0xcc9b, 0xe57e, 0xed7e, 0xf59e, 0xed9e, 0xed9e, 0xf59e, 0xf5bf, 0xfddf, 0xfddf,
0xfdff, 0xfe3f, 0xfe3f, 0xfe3f, 0xfe5f, 0xfe7f, 0xfe7f, 0xfebf, 0xfe7f, 0xdd9d,
0xdd7d, 0xdd9e, 0xedff, 0xf65f, 0xe5df, 0xdd9e, 0xdd9e, 0xf67f, 0xf67f, 0xf69f,

0x0925, 0x0925, 0x0905, 0x08c4, 0x08a3, 0x0042, 0x0022, 0x0022, 0x0022, 0x0022,
0x0022, 0x0022, 0x0022, 0x0022, 0x0022, 0x0022, 0x0022, 0x0022, 0x0042, 0x0042,
0x0863, 0x1083, 0x10c4, 0x10a4, 0x0863, 0x0042, 0x0863, 0x10c4, 0x10c4, 0x10a4,
0x10a4, 0x0883, 0x0863, 0x0822, 0x0022, 0x0002, 0x0022, 0x0842, 0x1043, 0x1063,
0x1864, 0x1884, 0x20c5, 0x20c5, 0x20c5, 0x20c6, 0x20c6, 0x28e6, 0x20c6, 0x28e6,
0x28e6, 0x28e6, 0x28e6, 0x28e6, 0x28e6, 0x28c6, 0x28c6, 0x28c5, 0x28c5, 0x28c5,
0x28a5, 0x28c5, 0x28e6, 0x28c5, 0x2885, 0x1023, 0x0802, 0x1042, 0x28c4, 0x38e5,
0x40e5, 0x4926, 0x4926, 0x61a8, 0x69c9, 0x71e9, 0x7a0a, 0x822a, 0x822a, 0x824b,
0x822b, 0x822b, 0x822b, 0x822a, 0x822a, 0x820a, 0x79e9, 0x79e9, 0x8a6b, 0x928c,
0x92cd, 0x9aed, 0x9aed, 0xa2ee, 0xa30e, 0xab0e, 0xab0e, 0xab0e, 0xab2f, 0xab2f,
0xa32e, 0x9b0e, 0x8acd, 0x724b, 0x5168, 0x30a5, 0x2044, 0x1824, 0x1004, 0x1024,
0x1044, 0x1045, 0x1065, 0x1045, 0x1045, 0x1065, 0x0865, 0x0865, 0x1045, 0x1045,
0x1065, 0x1065, 0x1045, 0x1045, 0x1045, 0x1045, 0x1045, 0x1045, 0x1065, 0x1065,
0x1065, 0x1045, 0x1045, 0x1045, 0x1045, 0x1045, 0x1045, 0x1045, 0x1045, 0x1065,
0x1065, 0x1046, 0x1066, 0x1066, 0x1066, 0x1066, 0x1066, 0x1086, 0x1086, 0x1086,
0x1086, 0x1086, 0x1086, 0x1086, 0x1087, 0x1087, 0x1087, 0x10a7, 0x10a7, 0x10a7,
0x10a7, 0x10a7, 0x10a7, 0x18a8, 0x18a8, 0x18c8, 0x18c8, 0x18c8, 0x18c8, 0x18c9,
0x18e9, 0x20ea, 0x20ea, 0x2109, 0x2109, 0x2109, 0x20e9, 0x18e9, 0x18c8, 0x18c8,
0x18c8, 0x18c8, 0x18a8, 0x18a8, 0x18c9, 0x18c8, 0x18a8, 0x1087, 0x1087, 0x1087,
0x1087, 0x1087, 0x1087, 0x1087, 0x1087, 0x1087, 0x1087, 0x1087, 0x1087, 0x1088,
0x1088, 0x1088, 0x1088, 0x10a8, 0x18a8, 0x10a8, 0x10a8, 0x10a8, 0x10a8, 0x18a8,
0x18a8, 0x18a8, 0x18a8, 0x18a8, 0x18a8, 0x18a8, 0x18a8, 0x18c8, 0x18c9, 0x18c9,
0x18c9, 0x18c9, 0x18c9, 0x18c9, 0x18c9, 0x18c9, 0x18c9, 0x18c9, 0x18c9, 0x18c9,
0x20e9, 0x20e9, 0x20e9, 0x20e9, 0x18c9, 0x20ea, 0x20ea, 0x20ea, 0x20ea, 0x210a,
0x20ea, 0x292b, 0x18c9, 0x7353, 0x6b11, 0x20c8, 0x2909, 0x2109, 0x2109, 0x2109,
0x2109, 0x2109, 0x2109, 0x2109, 0x2129, 0x2129, 0x2929, 0x292a, 0x292a, 0x312b,
0x314b, 0x314b, 0x314c, 0x314c, 0x316c, 0x398d, 0x398d, 0x398e, 0x396d, 0x414c,
0x49ad, 0x622f, 0x8b33, 0xb437, 0xbc77, 0xbc98, 0xbc99, 0xbc98, 0xc4b9, 0xc4d9,
0xc4d9, 0xc4d8, 0xc455, 0xabb2, 0xa371, 0xa353, 0xb395, 0xbbb7, 0xbbb8, 0xc3f9,
0xc45a, 0xcc5a, 0xcc5a, 0xdc7b, 0xdc9b, 0xdcbc, 0xe4fd, 0xe53e, 0xe55e, 0xed7f,
0xf59f, 0xf59f, 0xf5df, 0xfdff, 0xfe1f, 0xfe3f, 0xfe5f, 0xfe9f, 0xfebf, 0xfe9f,
0xfe7f, 0xf63f, 0xf63e, 0xedfe, 0xd57d, 0xd53d, 0xd53e, 0xe5bf, 0xe5ff, 0xedfe,

0x00e4, 0x0904, 0x1145, 0x1145, 0x1946, 0x1125, 0x08c4, 0x08a3, 0x0062, 0x0022,
0x0022, 0x0022, 0x0022, 0x0002, 0x0002, 0x0022, 0x0002, 0x0002, 0x0001, 0x0001,
0x0001, 0x0001, 0x0002, 0x0002, 0x0001, 0x0001, 0x0002, 0x0002, 0x0022, 0x0001,
0x0001, 0x0001, 0x0001, 0x0001, 0x0822, 0x1043, 0x1884, 0x20e5, 0x2906, 0x2906,
0x3126, 0x3967, 0x3988, 0x3988, 0x3988, 0x3988, 0x3968, 0x3947, 0x3967, 0x3967,
0x3947, 0x3968, 0x4168, 0x4188, 0x4188, 0x4188, 0x4168, 0x4168, 0x4147, 0x4168,
0x4168, 0x4168, 0x3947, 0x3927, 0x3906, 0x2084, 0x0802, 0x1043, 0x28a4, 0x2884,
0x38c5, 0x4106, 0x5167, 0x61a9, 0x69c9, 0x71e9, 0x7a2a, 0x822a, 0x822a, 0x824b,
0x824b, 0x822b, 0x822a, 0x822a, 0x820a, 0x7a0a, 0x71e9, 0x7a0a, 0x8a6b, 0x928c,
0x9acd, 0x9acd, 0x9acd, 0x9aed, 0xa30d, 0xa34e, 0xa34f, 0x9b0e, 0x8aad, 0x722a,
0x5988, 0x48e6, 0x2884, 0x1823, 0x1003, 0x1023, 0x1024, 0x1045, 0x0844, 0x0844,
0x1064, 0x1065, 0x0865, 0x0865, 0x1065, 0x1065, 0x1065, 0x1045, 0x1045, 0x1066,
0x1066, 0x1066, 0x1045, 0x1045, 0x1045, 0x1045, 0x1045, 0x1045, 0x1065, 0x1065,
0x1065, 0x1045, 0x1045, 0x1045, 0x1045, 0x1045, 0x1045, 0x1045, 0x1045, 0x1065,
0x1066, 0x1046, 0x1066, 0x1066, 0x1066, 0x1066, 0x1066, 0x1066, 0x1066, 0x1066,
0x1086, 0x1087, 0x1087, 0x1087, 0x1087, 0x1087, 0x1087, 0x10a7, 0x10a7, 0x10a7,
0x10a7, 0x10a7, 0x10a7, 0x18a8, 0x18a8, 0x18a8, 0x18c8, 0x18c8, 0x18c8, 0x18c9,
0x18e9, 0x20e9, 0x20ea, 0x2109, 0x20e9, 0x20e9, 0x18e9, 0x18c9, 0x18c8, 0x18a8,
0x18a8, 0x18c8, 0x18a8, 0x18a8, 0x18c8, 0x18c9, 0x18a8, 0x1067, 0x1087, 0x1087,
0x1087, 0x1087, 0x1087, 0x1087, 0x1087, 0x1087, 0x10a8, 0x10a8, 0x1088, 0x1088,
0x1088, 0x1088, 0x1088, 0x10a8, 0x18a8, 0x10a8, 0x10a8, 0x10a8, 0x18a8, 0x18a8,
0x18a8, 0x18a8, 0x18a8, 0x18a8, 0x18a8, 0x18c8, 0x18c8, 0x18c9, 0x18c9, 0x18c9,
0x18c9, 0x18c9, 0x18c9, 0x18c9, 0x18c9, 0x18c9, 0x18c9, 0x18c9, 0x18c9, 0x18c9,
0x20e9, 0x20e9, 0x20e9, 0x20e9, 0x18c9, 0x20ea, 0x20ea, 0x20ea, 0x20ea, 0x20ea,
0x20e9, 0x1888, 0x2909, 0x7332, 0x39ab, 0x20e8, 0x2109, 0x2109, 0x2109, 0x2109,
0x2109, 0x2109, 0x2109, 0x2109, 0x2109, 0x2109, 0x2909, 0x2929, 0x292a, 0x292a,
0x294b, 0x294c, 0x318c, 0x318c, 0x396c, 0x396c, 0x396b, 0x498c, 0x59ee, 0x7a91,
0x9b94, 0xb437, 0xc478, 0xc477, 0xc457, 0xc478, 0xc479, 0xc499, 0xc4ba, 0xc4fb,
0xc51b, 0xc4d9, 0xbc75, 0x9b51, 0x9b30, 0xa352, 0xab73, 0xab74, 0xb374, 0xb394,
0xb3d5, 0xbbf7, 0xc3f7, 0xcc18, 0xcc39, 0xd45a, 0xd47b, 0xd49c, 0xd49d, 0xdcbd,
0xdcde, 0xdcfe, 0xe53f, 0xed9f, 0xf5bf, 0xf5df, 0xfdff, 0xf61f, 0xfe5f, 0xfe5f,
0xfe7f, 0xfe7f, 0xfe9f, 0xfe9f, 0xf65f, 0xee1f, 0xedfe, 0xee1f, 0xf65f, 0xf63f,

0x0062, 0x0062, 0x00a3, 0x08c4, 0x08c4, 0x1105, 0x1105, 0x1925, 0x1925, 0x1104,
0x10e4, 0x08a3, 0x0042, 0x0022, 0x0022, 0x0022, 0x0822, 0x0022, 0x0022, 0x0022,
0x0002, 0x0002, 0x0002, 0x0001, 0x0002, 0x0002, 0x0022, 0x0002, 0x0002, 0x0002,
0x0022, 0x0022, 0x0823, 0x20a5, 0x2906, 0x3127, 0x3967, 0x3947, 0x4188, 0x41a8,
0x49c9, 0x49c9, 0x49e9, 0x49e9, 0x49c9, 0x41a8, 0x4167, 0x41a8, 0x49c9, 0x49c9,
0x49c9, 0x49e9, 0x49e9, 0x51e9, 0x51e9, 0x49c9, 0x49c9, 0x51e9, 0x51c9, 0x51c9,
0x49a9, 0x49a8, 0x49a9, 0x49a9, 0x41a8, 0x4167, 0x28a4, 0x1002, 0x1822, 0x20a4,
0x38e6, 0x4927, 0x5168, 0x61c9, 0x69c9, 0x71e9, 0x7a0a, 0x822a, 0x824a, 0x824b,
0x824b, 0x824a, 0x822a, 0x822b, 0x820a, 0x720a, 0x7209, 0x7a4a, 0x8a8b, 0x928c,
0x928c, 0x92ac, 0x92cc, 0x930d, 0x8b0d, 0x724a, 0x51a8, 0x38e6, 0x2063, 0x1823,
0x1002, 0x1003, 0x1023, 0x1044, 0x1044, 0x1044, 0x1044, 0x1024, 0x1044, 0x1023,
0x1044, 0x1065, 0x1085, 0x1065, 0x1085, 0x1865, 0x1845, 0x1865, 0x1866, 0x1866,
0x1866, 0x1066, 0x1045, 0x1045, 0x1045, 0x1045, 0x1045, 0x1045, 0x1065, 0x1065,
0x1065, 0x1065, 0x1065, 0x1065, 0x1046, 0x1046, 0x1046, 0x1046, 0x1066, 0x1066,
0x1066, 0x1066, 0x1066, 0x1066, 0x1066, 0x1066, 0x1066, 0x1066, 0x1066, 0x1066,
0x1086, 0x1087, 0x10a7, 0x10a7, 0x1087, 0x1087, 0x1087, 0x10a7, 0x10a7, 0x10a7,
0x10a7, 0x10a7, 0x10a7, 0x10a7, 0x18a8, 0x18a8, 0x18c8, 0x18a8, 0x18c9, 0x18e9,
0x18e9, 0x20e9, 0x20e9, 0x210a, 0x20e9, 0x18e9, 0x20e9, 0x18c9, 0x18a8, 0x18a8,
0x18a8, 0x18c9, 0x18c8, 0x18c9, 0x18c9, 0x18c8, 0x1088, 0x1087, 0x1088, 0x10a8,
0x10a8, 0x10a8, 0x1088, 0x1088, 0x1088, 0x1088, 0x10a8, 0x10a8, 0x10a8, 0x10a8,
0x10a8, 0x10a8, 0x18a8, 0x18a8, 0x18a8, 0x10a8, 0x10a8, 0x10a8, 0x18a8, 0x18a8,
0x18a8, 0x18a8, 0x18a8, 0x18a8, 0x18c8, 0x18c9, 0x18c9, 0x18c9, 0x18c9, 0x18c9,
0x18c9, 0x18c9, 0x18c9, 0x18c9, 0x18c9, 0x18c9, 0x18c9, 0x18c9, 0x18c9, 0x18c9,
0x18c9, 0x18c9, 0x18c9, 0x18c9, 0x20e9, 0x20e9, 0x20ea, 0x20ea, 0x20ea, 0x20e9,
0x20c8, 0x3129, 0xac76, 0xc59b, 0x312a, 0x18c8, 0x1908, 0x2108, 0x20e8, 0x20e9,
0x2109, 0x2109, 0x2109, 0x20e9, 0x2109, 0x2109, 0x2109, 0x2929, 0x292a, 0x292a,
0x296b, 0x296c, 0x318c, 0x294b, 0x396b, 0x5a0d, 0x7aaf, 0x9b72, 0xb3f4, 0xc417,
0xcc38, 0xc417, 0xc417, 0xc438, 0xcc38, 0xcc58, 0xcc79, 0xcc7a, 0xccbb, 0xcd1c,
0xc4fc, 0xc4d9, 0xb475, 0x9330, 0x9b30, 0xa351, 0xa351, 0xab51, 0xab91, 0xab91,
0xabb2, 0xb3d4, 0xbbf5, 0xbc16, 0xc438, 0xcc59, 0xcc5a, 0xcc7b, 0xcc5c, 0xcc7d,
0xd47d, 0xd4be, 0xdcdf, 0xe51f, 0xe51f, 0xe53f, 0xed5f, 0xed9f, 0xf59f, 0xf5bf,
0xf5df, 0xfdff, 0xfe1f, 0xfe1f, 0xfe3f, 0xfe5f, 0xfe7f, 0xfe7f, 0xfe7f, 0xfe9f,

0x0042, 0x0042, 0x0063, 0x0042, 0x0022, 0x0042, 0x0042, 0x0083, 0x08a3, 0x10c4,
0x10e4, 0x10c4, 0x10a4, 0x0843, 0x0842, 0x0822, 0x0822, 0x0822, 0x0022, 0x0022,
0x0022, 0x0022, 0x0022, 0x0022, 0x0002, 0x0022, 0x0822, 0x0822, 0x0822, 0x1063,
0x18c5, 0x2105, 0x2926, 0x39a8, 0x41c9, 0x41a9, 0x49c9, 0x49c9, 0x49c9, 0x49c9,
0x49a8, 0x4188, 0x3967, 0x3967, 0x3967, 0x4188, 0x49a8, 0x520a, 0x5a4b, 0x5a4b,
0x5a4b, 0x5a2a, 0x5a2a, 0x5a2a, 0x5a2a, 0x520a, 0x520a, 0x5a0a, 0x51ea, 0x51ea,
0x51e9, 0x51c9, 0x51c9, 0x51c9, 0x49c9, 0x49c9, 0x4188, 0x2084, 0x1002, 0x28a4,
0x3906, 0x4947, 0x5168, 0x61a9, 0x69c9, 0x71e9, 0x7a0a, 0x822a, 0x824a, 0x824b,
0x824b, 0x824a, 0x822a, 0x822a, 0x7a0a, 0x720a, 0x71e9, 0x7a2a, 0x8a6b, 0x8a6b,
0x8a8c, 0x8aad, 0x7a6c, 0x59a8, 0x38c5, 0x1802, 0x1002, 0x1002, 0x1023, 0x1023,
0x1044, 0x1024, 0x1024, 0x1024, 0x1024, 0x1024, 0x1024, 0x1024, 0x1824, 0x1824,
0x1824, 0x1845, 0x1886, 0x1866, 0x1866, 0x1065, 0x1065, 0x1065, 0x1066, 0x1866,
0x1866, 0x1866, 0x1065, 0x1065, 0x1065, 0x1066, 0x1066, 0x1066, 0x1066, 0x1066,
0x1066, 0x1065, 0x1065, 0x1065, 0x1066, 0x1066, 0x1066, 0x1066, 0x1066, 0x1066,
0x1066, 0x1066, 0x1066, 0x1066, 0x1066, 0x1066, 0x1086, 0x1086, 0x1086, 0x1086,
0x1087, 0x1087, 0x10a7, 0x10a7, 0x1087, 0x1087, 0x1087, 0x10a7, 0x10a7, 0x10a7,
0x18a8, 0x18a8, 0x18a8, 0x18a8, 0x18a8, 0x18c8, 0x18c8, 0x18c9, 0x18c9, 0x20e9,
0x18e9, 0x20e9, 0x20e9, 0x2109, 0x18e9, 0x18c9, 0x18c9, 0x18a8, 0x18a8, 0x18a8,
0x18a8, 0x18c9, 0x18c9, 0x18c9, 0x18c9, 0x18a8, 0x1067, 0x1088, 0x18a8, 0x10a8,
0x10a8, 0x10a8, 0x1088, 0x1088, 0x1088, 0x10a8, 0x10a8, 0x10a8, 0x10a8, 0x10a8,
0x10a8, 0x10a8, 0x18a8, 0x18a8, 0x18a8, 0x18a8, 0x18a8, 0x18a8, 0x18a8, 0x18a8,
0x18a8, 0x18a8, 0x18a8, 0x18a8, 0x18c8, 0x18c9, 0x18c9, 0x18c9, 0x18c9, 0x18c9,
0x18c9, 0x18c9, 0x18c9, 0x18c9, 0x18c9, 0x18c9, 0x18c9, 0x18c9, 0x18c9, 0x18c9,
0x18c9, 0x18c9, 0x18c9, 0x18c9, 0x20e9, 0x20e9, 0x20e9, 0x20ea, 0x20ea, 0x210a,
0x1887, 0x520d, 0xc55a, 0xb4f9, 0x396b, 0x18c8, 0x1908, 0x18e8, 0x20e8, 0x20e8,
0x2109, 0x2109, 0x2109, 0x20e9, 0x2109, 0x2109, 0x2129, 0x212a, 0x292a, 0x292a,
0x2929, 0x314a, 0x418b, 0x6a4f, 0x8b53, 0xabf5, 0xbc16, 0xc417, 0xc437, 0xc437,
0xc417, 0xc417, 0xc417, 0xc437, 0xc437, 0xc437, 0xc458, 0xcc7a, 0xccbb, 0xccdc,
0xccfd, 0xbc99, 0xa3d2, 0x9310, 0x9b30, 0xa330, 0xa331, 0xa331, 0xab71, 0xab91,
0xab92, 0xb3d3, 0xbbf5, 0xb3d4, 0xbc16, 0xc458, 0xc438, 0xc439, 0xcc5b, 0xcc7b,
0xd47c, 0xd49d, 0xd49d, 0xd49d, 0xd4bd, 0xdcdd, 0xe51e, 0xe55f, 0xed5f, 0xed7f,
0xed9f, 0xf59f, 0xf5bf, 0xf5bf, 0xedbf, 0xf5bf, 0xf5bf, 0xf5be, 0xf5ff, 0xfdff,

0x0002, 0x0002, 0x0002, 0x0002, 0x0002, 0x0002, 0x0022, 0x0022, 0x0021, 0x0022,
0x0042, 0x0863, 0x0883, 0x1063, 0x0843, 0x0842, 0x0022, 0x0002, 0x0002, 0x0022,
0x0022, 0x0022, 0x0022, 0x0022, 0x0022, 0x0822, 0x0802, 0x1043, 0x1063, 0x18a4,
0x20a5, 0x20c5, 0x28e5, 0x2906, 0x3127, 0x3947, 0x3947, 0x4147, 0x3927, 0x3947,
0x3967, 0x4188, 0x4188, 0x49a9, 0x51ea, 0x5a2a, 0x624b, 0x624b, 0x626c, 0x626c,
0x628c, 0x628c, 0x626c, 0x626b, 0x624b, 0x624b, 0x624b, 0x624b, 0x622b, 0x5a2a,
0x5a0a, 0x59ea, 0x5a0a, 0x59ea, 0x51e9, 0x51c9, 0x51e9, 0x4167, 0x2043, 0x2063,
0x38e6, 0x4927, 0x5147, 0x61a8, 0x69e9, 0x71e9, 0x71c9, 0x822a, 0x824a, 0x824b,
0x824b, 0x824a, 0x822a, 0x7a2a, 0x7a0a, 0x71e9, 0x71ea, 0x7a0a, 0x820b, 0x8a6c,
0x7a4b, 0x5168, 0x2864, 0x1003, 0x1004, 0x1024, 0x1024, 0x1024, 0x0824, 0x1024,
0x0824, 0x0844, 0x1044, 0x1044, 0x1024, 0x1044, 0x1045, 0x1044, 0x1044, 0x1844,
0x1044, 0x1885, 0x18a6, 0x1886, 0x1066, 0x1085, 0x1085, 0x1065, 0x1066, 0x1866,
0x1866, 0x1866, 0x1866, 0x1866, 0x1866, 0x1866, 0x1866, 0x1066, 0x1066, 0x1066,
0x1066, 0x1066, 0x1066, 0x1066, 0x1066, 0x1066, 0x1066, 0x1066, 0x1066, 0x1066,
0x1066, 0x1066, 0x1066, 0x1066, 0x1066, 0x1086, 0x1086, 0x1087, 0x1087, 0x1087,
0x1087, 0x1087, 0x10a7, 0x10a7, 0x1087, 0x1087, 0x1087, 0x10a7, 0x10a7, 0x10a7,
0x18a8, 0x18a8, 0x18a8, 0x18a8, 0x18c8, 0x18c8, 0x18c9, 0x18c9, 0x18e9, 0x20e9,
0x20e9, 0x20e9, 0x20e9, 0x20e9, 0x18c9, 0x18c9, 0x18c9, 0x18a8, 0x18a8, 0x18a8,
0x18a8, 0x18c9, 0x18c8, 0x18c8, 0x18a8, 0x18a8, 0x1088, 0x1088, 0x10a8, 0x10a8,
0x10a8, 0x10a8, 0x1088, 0x1088, 0x1088, 0x10a8, 0x18a8, 0x10a8, 0x10a8, 0x10a8,
0x10a8, 0x10a8, 0x18a8, 0x18a8, 0x18a8, 0x18a8, 0x18a8, 0x18a8, 0x18a8, 0x18a8,
0x18a8, 0x18a8, 0x18a8, 0x18c8, 0x18c8, 0x18c9, 0x18c9, 0x18c9, 0x18c9, 0x18c9,
0x18c9, 0x18c9, 0x18c9, 0x18c9, 0x18c9, 0x18c9, 0x18c9, 0x18c9, 0x18c9, 0x18c9,
0x18c9, 0x18c9, 0x18c9, 0x18c9, 0x20e9, 0x20e9, 0x20ea, 0x20ea, 0x20ea, 0x20e9,
0x18a8, 0x49cc, 0x72b0, 0x8373, 0x314a, 0x18c8, 0x1908, 0x18e8, 0x20c8, 0x20e8,
0x2109, 0x2109, 0x2109, 0x2109, 0x2109, 0x2109, 0x2129, 0x2129, 0x2909, 0x3109,
0x498a, 0x72af, 0x9b92, 0xb415, 0xbc36, 0xc437, 0xc417, 0xcbf7, 0xcc18, 0xc417,
0xc416, 0xc3f6, 0xc417, 0xc417, 0xc437, 0xc436, 0xc457, 0xcc7a, 0xd4bb, 0xccbc,
0xccbc, 0xb3f6, 0x92ef, 0x9b30, 0x9b30, 0xa330, 0xa351, 0xab51, 0xa371, 0xab91,
0xab92, 0xabb2, 0xb3d3, 0xb3d4, 0xb3d4, 0xbc16, 0xbc16, 0xc418, 0xc439, 0xcc5a,
0xcc5b, 0xcc3c, 0xcc5c, 0xcc7c, 0xd49c, 0xd4bd, 0xdcfe, 0xe51f, 0xe53f, 0xed5f,
0xed5f, 0xed5f, 0xed7f, 0xf57f, 0xed7f, 0xed7f, 0xed7f, 0xf59f, 0xf59f, 0xf5bf,

0x0002, 0x0023, 0x0002, 0x0023, 0x0002, 0x0002, 0x0022, 0x0022, 0x0022, 0x0022,
0x0022, 0x0022, 0x0022, 0x0002, 0x0822, 0x0022, 0x0022, 0x0022, 0x0822, 0x0002,
0x0842, 0x1083, 0x18c5, 0x18c5, 0x20e5, 0x28e6, 0x2906, 0x3127, 0x3147, 0x3947,
0x3147, 0x3968, 0x41a8, 0x41a9, 0x41a9, 0x49c9, 0x49a9, 0x49a9, 0x51ea, 0x5a0a,
0x5a2a, 0x5a2a, 0x5a2a, 0x5a4b, 0x624b, 0x6a6c, 0x6a8c, 0x6a8c, 0x6aac, 0x72ad,
0x72ad, 0x6aad, 0x6aad, 0x6a8c, 0x6a8c, 0x6a8c, 0x6a8c, 0x6a6c, 0x6a4b, 0x622b,
0x620a, 0x5a0a, 0x622b, 0x620a, 0x59ea, 0x51c9, 0x51c9, 0x4988, 0x3906, 0x2043,
0x38e6, 0x4947, 0x5147, 0x5988, 0x69c9, 0x720a, 0x71c9, 0x7a0a, 0x824a, 0x824a,
0x824b, 0x824a, 0x822a, 0x7a2a, 0x7209, 0x71e9, 0x71ea, 0x7a0b, 0x7a0b, 0x61a9,
0x3084, 0x1802, 0x1003, 0x1024, 0x1025, 0x0825, 0x1024, 0x1044, 0x1024, 0x1024,
0x1024, 0x1023, 0x1023, 0x1043, 0x1044, 0x0823, 0x0823, 0x0823, 0x1023, 0x1023,
0x1023, 0x1044, 0x1885, 0x1085, 0x1065, 0x1885, 0x1886, 0x1886, 0x1866, 0x1866,
0x1046, 0x1866, 0x1886, 0x1866, 0x1886, 0x1866, 0x1866, 0x1066, 0x1066, 0x1066,
0x1066, 0x1066, 0x1066, 0x1066, 0x1066, 0x1066, 0x1066, 0x1066, 0x1066, 0x1066,
0x1066, 0x1066, 0x1066, 0x1066, 0x1066, 0x1066, 0x1066, 0x1087, 0x1087, 0x1087,
0x10a7, 0x10a7, 0x10a7, 0x10a7, 0x1087, 0x1087, 0x10a7, 0x18a7, 0x18a7, 0x18a7,
0x18a8, 0x18a8, 0x18c8, 0x18c8, 0x18c8, 0x18c8, 0x18c8, 0x18c9, 0x20e9, 0x20e9,
0x20e9, 0x20e9, 0x18c9, 0x18c9, 0x18c9, 0x18c9, 0x18e9, 0x18c8, 0x18a8, 0x18a8,
0x18a8, 0x18c9, 0x18c9, 0x18c8, 0x18a8, 0x1088, 0x1088, 0x10a8, 0x1088, 0x18a8,
0x18a8, 0x18a8, 0x1088, 0x1088, 0x1088, 0x1088, 0x10a8, 0x18a8, 0x18a8, 0x18a8,
0x18a8, 0x18a8, 0x18a8, 0x18a8, 0x18a8, 0x18a8, 0x18a8, 0x18a8, 0x18c9, 0x18c9,
0x18c9, 0x18a8, 0x18c8, 0x18c9, 0x18c9, 0x18c9, 0x18c9, 0x18c9, 0x18c9, 0x18c9,
0x18c9, 0x18c9, 0x18c9, 0x20e9, 0x18c9, 0x18c9, 0x18c9, 0x20e9, 0x20e9, 0x20e9,
0x20e9, 0x20e9, 0x20e9, 0x20e9, 0x20ea, 0x20ea, 0x210a, 0x20ea, 0x20ea, 0x20ea,
0x1888, 0x5a2f, 0xb4da, 0x520e, 0x20c8, 0x2109, 0x18e8, 0x18e8, 0x20e8, 0x20e8,
0x20e8, 0x2108, 0x2109, 0x2108, 0x20e8, 0x2129, 0x2908, 0x28e8, 0x418a, 0x72af,
0x9b92, 0xac14, 0xbc15, 0xc415, 0xc416, 0xc416, 0xc3f7, 0xcbf7, 0xc3f7, 0xbbf6,
0xbbf6, 0xbbf6, 0xc416, 0xc416, 0xc436, 0xc436, 0xc457, 0xcc79, 0xcc9a, 0xd4bb,
0xc439, 0x9b11, 0x9b0f, 0x9b30, 0x9b30, 0xa330, 0xa350, 0xab51, 0xab71, 0xab91,
0xab92, 0xabb2, 0xb3b2, 0xb3d3, 0xb3f4, 0xbbf5, 0xbc16, 0xbc17, 0xc438, 0xc459,
0xc43a, 0xc43b, 0xcc5c, 0xcc7c, 0xcc7c, 0xd4bd, 0xdcfe, 0xe51f, 0xe51f, 0xe53f,
0xe53f, 0xe53f, 0xed5f, 0xed5f, 0xf57f, 0xf57f, 0xf59f, 0xf59f, 0xf59f, 0xfdbf,

0x0843, 0x0844, 0x0843, 0x0843, 0x0023, 0x0023, 0x0023, 0x0023, 0x0023, 0x0022,
0x0022, 0x0023, 0x0022, 0x0842, 0x1083, 0x0863, 0x0863, 0x1083, 0x10a4, 0x20a4,
0x3127, 0x3968, 0x3988, 0x3988, 0x3988, 0x4188, 0x49a9, 0x49c9, 0x49c9, 0x49c9,
0x49c9, 0x49c9, 0x49ea, 0x49ea, 0x51ea, 0x51ea, 0x51ea, 0x5a0a, 0x5a2b, 0x624b,
0x624b, 0x624b, 0x624b, 0x626c, 0x6a8c, 0x72ad, 0x72ad, 0x72cd, 0x72cd, 0x72cd,
0x7acd, 0x72cd, 0x72cd, 0x72cd, 0x72ad, 0x72ad, 0x72ac, 0x6a8c, 0x728c, 0x6a4c,
0x620b, 0x59ea, 0x622b, 0x622b, 0x620a, 0x59ea, 0x51a9, 0x51c9, 0x4988, 0x30c5,
0x3084, 0x4947, 0x5147, 0x5968, 0x69c9, 0x720a, 0x71e9, 0x7a0a, 0x822a, 0x822a,
0x822a, 0x822a, 0x7a2a, 0x7229, 0x7209, 0x71c9, 0x71ea, 0x6a2b, 0x4127, 0x1823,
0x1003, 0x1023, 0x1023, 0x1024, 0x1024, 0x1004, 0x1003, 0x1003, 0x1002, 0x1803,
0x1803, 0x2003, 0x2023, 0x2884, 0x30a5, 0x30c5, 0x38e6, 0x4147, 0x4988, 0x59c9,
0x6a0b, 0x61ea, 0x5189, 0x4969, 0x4948, 0x38e8, 0x2046, 0x1845, 0x1846, 0x1887,
0x1887, 0x1066, 0x1065, 0x1066, 0x1886, 0x1886, 0x1886, 0x1886, 0x1086, 0x1086,
0x1086, 0x1066, 0x1066, 0x1066, 0x1066, 0x1066, 0x1066, 0x1066, 0x1066, 0x1066,
0x1066, 0x1066, 0x1066, 0x1066, 0x1086, 0x1086, 0x1086, 0x1087, 0x1087, 0x1087,
0x10a7, 0x10a7, 0x10a7, 0x10a7, 0x10a7, 0x10a7, 0x10a7, 0x18a7, 0x18a7, 0x18a7,
0x18a8, 0x18a8, 0x18c8, 0x18c8, 0x18c8, 0x18c8, 0x18c8, 0x18c9, 0x20e9, 0x20e9,
0x20e9, 0x18e9, 0x18c9, 0x18c9, 0x18c9, 0x18c9, 0x18c9, 0x18a8, 0x18c8, 0x18c8,
0x18c9, 0x18c8, 0x18c9, 0x18c8, 0x18a8, 0x1088, 0x1088, 0x18a8, 0x18a8, 0x18a8,
0x18a8, 0x18a8, 0x1088, 0x18a8, 0x10a8, 0x1088, 0x1088, 0x18a8, 0x18a8, 0x18a8,
0x18a8, 0x18a8, 0x18a8, 0x18a8, 0x18a8, 0x18a8, 0x18a8, 0x18a8, 0x18c9, 0x18c9,
0x18c9, 0x18a8, 0x18c8, 0x18c9, 0x18c9, 0x18c9, 0x18c9, 0x18c9, 0x18c9, 0x18c9,
0x18c9, 0x18c9, 0x18c9, 0x20e9, 0x18c9, 0x18c9, 0x18c9, 0x20e9, 0x20e9, 0x20e9,
0x20e9, 0x20e9, 0x20e9, 0x20e9, 0x20ea, 0x20ea, 0x210a, 0x20ea, 0x20e9, 0x18a9,
0x1868, 0x8394, 0xa438, 0x30e9, 0x28e8, 0x20e8, 0x18e8, 0x18e8, 0x20e8, 0x20e8,
0x18e8, 0x20e8, 0x2108, 0x2128, 0x2108, 0x18c7, 0x3908, 0x6a2c, 0x9b72, 0xb414,
0xb3f4, 0xbbf5, 0xc3f5, 0xc3f5, 0xc3f5, 0xc416, 0xc416, 0xc416, 0xc416, 0xbbf5,
0xbbf6, 0xbbf6, 0xc3f6, 0xc416, 0xc416, 0xc436, 0xc436, 0xcc58, 0xcc78, 0xcc37,
0xab52, 0x92af, 0x9aef, 0xa30f, 0xa30f, 0xa330, 0xa350, 0xa370, 0xab71, 0xab92,
0xab92, 0xabb2, 0xb3d2, 0xb3d2, 0xb3d4, 0xbbf5, 0xbc16, 0xc417, 0xc438, 0xc439,
0xcc5a, 0xcc5b, 0xcc7c, 0xcc7c, 0xd49d, 0xd4be, 0xdcdf, 0xdcff, 0xdcff, 0xdcff,
0xe51f, 0xed5f, 0xed5f, 0xed5f, 0xed5f, 0xed7f, 0xed7f, 0xed7f, 0xf59f, 0xf59f,

0x0043, 0x0043, 0x0043, 0x0043, 0x0023, 0x0023, 0x0023, 0x0823, 0x0823, 0x0843,
0x0843, 0x0863, 0x1063, 0x1084, 0x10a4, 0x10a4, 0x18c4, 0x2126, 0x3167, 0x41a8,
0x51ea, 0x520a, 0x520a, 0x51ea, 0x51ea, 0x51ea, 0x51ea, 0x520a, 0x520a, 0x51ea,
0x51ea, 0x520a, 0x5a2b, 0x5a4b, 0x5a4b, 0x5a2b, 0x624b, 0x6a6c, 0x6aad, 0x6a8c,
0x6a8c, 0x72ad, 0x72cd, 0x72cd, 0x72cd, 0x72cd, 0x7aee, 0x7aee, 0x7aee, 0x7aee,
0x7b0e, 0x7aee, 0x7aee, 0x7aee, 0x72cd, 0x72cd, 0x72ad, 0x72ad, 0x72ad, 0x728c,
0x6a6c, 0x622b, 0x622b, 0x622b, 0x622b, 0x620a, 0x5a0a, 0x5a0a, 0x51c9, 0x4147,
0x2864, 0x4927, 0x5168, 0x5988, 0x69c9, 0x71e9, 0x71e9, 0x7a09, 0x7a2a, 0x7a2a,
0x7a2a, 0x7a2a, 0x7a0a, 0x7209, 0x71e9, 0x69c9, 0x6a0a, 0x4107, 0x1023, 0x1044,
0x1044, 0x0823, 0x1003, 0x1003, 0x1003, 0x2885, 0x40e7, 0x5189, 0x61ca, 0x722b,
0x7a8c, 0x8acd, 0x92ee, 0xa30f, 0xa350, 0xab70, 0xab91, 0xb3b1, 0xbbd2, 0xc3d2,
0xc3f2, 0xbbb2, 0xab71, 0xab71, 0xab92, 0xa372, 0x82d0, 0x59cc, 0x30c8, 0x2086,
0x1886, 0x18a7, 0x1886, 0x1886, 0x1886, 0x1886, 0x1886, 0x1886, 0x1886, 0x1886,
0x1886, 0x1086, 0x1066, 0x1066, 0x1066, 0x1066, 0x1066, 0x1066, 0x1066, 0x1066,
0x1066, 0x1066, 0x1066, 0x1066, 0x1087, 0x1887, 0x1087, 0x10a7, 0x10a7, 0x10a7,
0x10a7, 0x10a7, 0x10a7, 0x10a7, 0x18a7, 0x18a7, 0x18a7, 0x18a7, 0x18a7, 0x18a7,
0x18a8, 0x18a8, 0x18c8, 0x18c8, 0x18e8, 0x18e8, 0x18c9, 0x18c9, 0x20e9, 0x18e9,
0x18e9, 0x18c9, 0x18c8, 0x18c9, 0x18c9, 0x18c9, 0x18c9, 0x18a8, 0x18c9, 0x18c9,
0x20e9, 0x18a8, 0x18c9, 0x18c8, 0x18a8, 0x10a8, 0x10a8, 0x18a8, 0x18a8, 0x18a8,
0x18a8, 0x18a8, 0x18a8, 0x18a8, 0x18a8, 0x18a8, 0x18a8, 0x18c8, 0x18a8, 0x18a8,
0x18a8, 0x18a8, 0x18a8, 0x18a8, 0x18a8, 0x18a8, 0x18a8, 0x18a8, 0x18c9, 0x18c9,
0x18c9, 0x18a8, 0x18c9, 0x18c9, 0x18c9, 0x18e9, 0x18c9, 0x18c9, 0x18c9, 0x18c9,
0x18c9, 0x18c9, 0x18c9, 0x20e9, 0x18c9, 0x18c9, 0x18c9, 0x20e9, 0x20e9, 0x20e9,
0x20e9, 0x20e9, 0x20e9, 0x18c9, 0x20ea, 0x20ea, 0x210a, 0x20ea, 0x292b, 0x294b,
0x5a91, 0x6291, 0x51ce, 0x28c9, 0x20e8, 0x18c8, 0x18e8, 0x18e8, 0x20c8, 0x20c8,
0x18e8, 0x2108, 0x2108, 0x2108, 0x2108, 0x4a0c, 0x8b0f, 0xabd2, 0xb3f3, 0xb3d4,
0xbbf5, 0xc3f5, 0xbbd5, 0xbbf5, 0xbbf6, 0xbc15, 0xbc16, 0xbc16, 0xbc15, 0xbbf5,
0xbbf5, 0xbbf5, 0xbbf5, 0xbc15, 0xc416, 0xc416, 0xc436, 0xc436, 0xcc36, 0xb3b3,
0x9ace, 0x9ace, 0x9aef, 0xa30f, 0xa30f, 0xa330, 0xa350, 0xa370, 0xab71, 0xab91,
0xab91, 0xabb2, 0xb3d2, 0xb3d2, 0xb3d4, 0xb3f5, 0xbc16, 0xc438, 0xc459, 0xc45a,
0xcc7b, 0xd49c, 0xd49c, 0xd4bd, 0xd4be, 0xd4be, 0xdcbe, 0xdcbe, 0xdcbe, 0xdcde,
0xdcfe, 0xe51e, 0xe53e, 0xe53f, 0xe51f, 0xe53f, 0xe53f, 0xe53f, 0xed5f, 0xe55e,

0x0023, 0x0863, 0x0863, 0x10a4, 0x1905, 0x2146, 0x2946, 0x2966, 0x3187, 0x39c8,
0x39a8, 0x3187, 0x39a8, 0x41c8, 0x41e9, 0x41e9, 0x4a09, 0x522a, 0x5a4a, 0x5a4b,
0x5a4b, 0x5a4b, 0x5a6b, 0x626b, 0x626b, 0x628c, 0x6a8c, 0x6a8c, 0x6aac, 0x6a8c,
0x6a8c, 0x6aac, 0x72ad, 0x72ad, 0x72ad, 0x6aad, 0x72ad, 0x72cd, 0x72ed, 0x72ed,
0x7aee, 0x7aee, 0x7aee, 0x7aee, 0x7aee, 0x7aee, 0x830f, 0x830f, 0x830f, 0x830f,
0x830f, 0x830f, 0x830e, 0x7aee, 0x7aee, 0x7acd, 0x72cd, 0x72cd, 0x72ad, 0x72ad,
0x6a8c, 0x6a6b, 0x624b, 0x6a6c, 0x6a6c, 0x624b, 0x5a0a, 0x5a0a, 0x5a0a, 0x4988,
0x3084, 0x40c5, 0x5168, 0x61a8, 0x69a9, 0x71e9, 0x71ea, 0x7a0a, 0x7a0a, 0x7a0a,
0x7a0a, 0x7a2a, 0x7a0a, 0x79c9, 0x71c9, 0x6a2a, 0x3927, 0x1824, 0x1824, 0x1804,
0x1002, 0x1823, 0x38e6, 0x5988, 0x7a6b, 0x930e, 0xb32f, 0xc391, 0xc3b1, 0xc3b1,
0xcbd1, 0xcbd2, 0xc3b1, 0xcbd1, 0xcbd2, 0xc3b2, 0xc3b2, 0xcbb2, 0xc3d2, 0xc3d2,
0xcbf3, 0xcc13, 0xcc14, 0xcbf4, 0xcbf4, 0xcc15, 0xcc15, 0xbbf4, 0xa352, 0x724d,
0x40e8, 0x2045, 0x1866, 0x18a7, 0x10a7, 0x1086, 0x1886, 0x1887, 0x1086, 0x1086,
0x18a6, 0x1086, 0x1086, 0x1866, 0x1086, 0x1087, 0x1087, 0x1087, 0x1087, 0x1087,
0x1087, 0x1087, 0x1087, 0x1087, 0x1087, 0x1087, 0x1087, 0x1087, 0x1087, 0x10a7,
0x10a7, 0x10a7, 0x10a7, 0x10a7, 0x18a8, 0x18a8, 0x18a8, 0x18a8, 0x18a8, 0x18a8,
0x18a8, 0x18a8, 0x18a8, 0x18c9, 0x18c9, 0x18c9, 0x18e9, 0x18c9, 0x20e9, 0x18c9,
0x18c9, 0x18c9, 0x18c9, 0x18c9, 0x18c9, 0x18c9, 0x18e9, 0x18e9, 0x18e9, 0x18c8,
0x18a8, 0x18c8, 0x18c9, 0x18a8, 0x10a8, 0x10a8, 0x18a8, 0x18a8, 0x18a8, 0x18a8,
0x18a8, 0x18a8, 0x18a8, 0x18a8, 0x18a8, 0x18a8, 0x18c8, 0x18a8, 0x18c8, 0x18c9,
0x18c9, 0x18c8, 0x18a8, 0x18a8, 0x18a8, 0x18a9, 0x18a9, 0x18a9, 0x18c9, 0x18c9,
0x18c9, 0x18c9, 0x18c9, 0x18c9, 0x18c9, 0x18c9, 0x18c9, 0x18c9, 0x20e9, 0x20e9,
0x20e9, 0x20e9, 0x20e9, 0x20ea, 0x18c9, 0x20e9, 0x2109, 0x20e9, 0x20e9, 0x18c9,
0x18e9, 0x18ea, 0x18e9, 0x18c9, 0x20ea, 0x20ca, 0x28ea, 0x28ca, 0x5a70, 0x7b74,
0x62b1, 0x20c9, 0x20a9, 0x20e9, 0x20e9, 0x20e8, 0x18c8, 0x20c8, 0x20c8, 0x18c8,
0x1908, 0x20e7, 0x28c7, 0x4128, 0x7aae, 0xa3b2, 0xb3d2, 0xb3d2, 0xbbf3, 0xbbf3,
0xbbf4, 0xbc14, 0xbbf5, 0xbbf5, 0xc416, 0xc416, 0xbbf5, 0xbbf5, 0xbbf5, 0xbbf5,
0xbbf5, 0xbbf4, 0xbbf4, 0xbbf4, 0xbc14, 0xbc15, 0xbc15, 0xc415, 0xb3d3, 0xa350,
0x92ad, 0x9aee, 0x9b2f, 0x9b2f, 0x9b30, 0xa350, 0xa350, 0xa370, 0xa371, 0xa371,
0xab92, 0xab92, 0xb3b3, 0xb3d3, 0xb3f4, 0xbbf5, 0xbbf6, 0xbc17, 0xc438, 0xc439,
0xcc5a, 0xcc5b, 0xcc5b, 0xcc7c, 0xd47c, 0xd47d, 0xd47d, 0xd49d, 0xd49d, 0xd49d,
0xd4bd, 0xd4bd, 0xd4bd, 0xd4bd, 0xd49d, 0xd49d, 0xd49e, 0xd49d, 0xd4be, 0xd49d,

0x2967, 0x39ea, 0x4a8b, 0x5acc, 0x5b0d, 0x632d, 0x632d, 0x5b0d, 0x5aec, 0x5aec,
0x5aec, 0x5acc, 0x62cc, 0x62ec, 0x62cc, 0x62cc, 0x62ac, 0x62ac, 0x62ac, 0x628c,
0x62ac, 0x6aac, 0x6aac, 0x6aac, 0x6acd, 0x6acd, 0x6aad, 0x6acd, 0x72cd, 0x72cd,
0x72cd, 0x72cd, 0x72ed, 0x72ed, 0x72cd, 0x72ed, 0x7aee, 0x7aee, 0x7aee, 0x7aee,
0x7aee, 0x7aee, 0x7aee, 0x7aee, 0x7aee, 0x7aee, 0x830f, 0x832f, 0x830f, 0x830f,
0x830f, 0x832f, 0x832f, 0x832f, 0x830e, 0x7acd, 0x7acd, 0x72cd, 0x72cd, 0x72ad,
0x72ad, 0x6a8c, 0x626b, 0x624b, 0x6a6c, 0x626b, 0x622b, 0x5a0a, 0x5a0a, 0x51e9,
0x4106, 0x3064, 0x5147, 0x5988, 0x69c9, 0x71e9, 0x71ea, 0x720a, 0x7a0a, 0x7a0a,
0x7a0a, 0x7a0a, 0x720a, 0x79ca, 0x720a, 0x4947, 0x1822, 0x1002, 0x2003, 0x3065,
0x5948, 0x826c, 0xa32f, 0xb370, 0xbb91, 0xc390, 0xc370, 0xc370, 0xc391, 0xcb91,
0xcbb1, 0xcbb1, 0xcbd2, 0xcbd2, 0xcbd2, 0xd3f3, 0xcbf3, 0xd3f3, 0xd3f3, 0xcc14,
0xcc14, 0xd435, 0xd435, 0xd435, 0xd435, 0xd435, 0xd456, 0xd456, 0xcc56, 0xc436,
0xb3d4, 0x7a6f, 0x412a, 0x2087, 0x18a7, 0x18c7, 0x1086, 0x1066, 0x1086, 0x1086,
0x18a7, 0x1886, 0x1886, 0x1886, 0x1887, 0x1887, 0x1887, 0x1887, 0x1887, 0x1887,
0x1087, 0x1087, 0x1087, 0x1087, 0x1087, 0x1087, 0x1087, 0x1087, 0x10a7, 0x18a7,
0x18a7, 0x18a7, 0x18a7, 0x18a7, 0x18a8, 0x18a8, 0x18a8, 0x18a8, 0x18a8, 0x18a8,
0x18c9, 0x18c8, 0x18c8, 0x18c9, 0x18c9, 0x18c9, 0x18e9, 0x18c9, 0x20e9, 0x18c9,
0x18c9, 0x18c9, 0x18c9, 0x18c9, 0x18c9, 0x18c9, 0x18e9, 0x18e9, 0x18e9, 0x18c9,
0x18c9, 0x18c9, 0x18c8, 0x18a8, 0x10a8, 0x18a8, 0x18a8, 0x18a8, 0x18a8, 0x18a8,
0x18a8, 0x18a8, 0x18c8, 0x18c8, 0x18c8, 0x18c8, 0x18c9, 0x18c8, 0x18c8, 0x18c9,
0x18c9, 0x18c9, 0x18c8, 0x18c8, 0x18c9, 0x18a9, 0x18a9, 0x18a9, 0x18c9, 0x18c9,
0x18c9, 0x18c9, 0x18c9, 0x18c9, 0x18c9, 0x18c9, 0x18c9, 0x18c9, 0x20e9, 0x20e9,
0x20e9, 0x20e9, 0x18c9, 0x18c9, 0x18c9, 0x18e9, 0x20e9, 0x20e9, 0x18a8, 0x18a8,
0x18e9, 0x18e9, 0x18c9, 0x18c9, 0x20ea, 0x28ea, 0x1888, 0x418d, 0x8bd6, 0x6ad2,
0x20a9, 0x28ea, 0x28ea, 0x20e9, 0x20e9, 0x20e8, 0x18c8, 0x18c8, 0x18e8, 0x18e7,
0x20c7, 0x3108, 0x624c, 0x9351, 0xabb2, 0xb3b2, 0xb3b1, 0xb3d2, 0xb3d2, 0xbbd3,
0xbbf3, 0xbbf4, 0xbbf5, 0xbbf5, 0xbc15, 0xbc15, 0xbbf5, 0xbbf5, 0xbbf5, 0xbbf4,
0xbbf4, 0xbbf4, 0xbbf4, 0xbbf3, 0xbbd3, 0xbbd3, 0xbbf4, 0xb3d3, 0xab71, 0x9aef,
0x92ad, 0x9aef, 0x9b0f, 0x9b2f, 0x9b30, 0xa350, 0xa350, 0xa370, 0xa371, 0xa371,
0xab92, 0xab92, 0xabb3, 0xb3d4, 0xbbf4, 0xbbf5, 0xbc16, 0xbc17, 0xbbf7, 0xbc18,
0xc419, 0xbbf9, 0xbbf9, 0xc419, 0xc41a, 0xc41a, 0xc43b, 0xc43b, 0xc45b, 0xcc5b,
0xc45b, 0xc45b, 0xc45b, 0xcc5b, 0xcc3c, 0xcc3b, 0xc41b, 0xc41b, 0xc43b, 0xc41b,

0x632f, 0x6b4f, 0x6b6f, 0x7390, 0x738f, 0x6b6f, 0x6b4e, 0x6b6f, 0x6b4e, 0x6b2e,
0x6b2e, 0x6b0d, 0x6b0d, 0x6b0d, 0x6aed, 0x6aed, 0x6aed, 0x6aed, 0x6aac, 0x6aad,
0x6acd, 0x72cd, 0x72cd, 0x72cd, 0x72ed, 0x72cd, 0x72cd, 0x72ed, 0x7aee, 0x7aee,
0x7aee, 0x7aee, 0x7aee, 0x7aee, 0x7aee, 0x7aee, 0x7aee, 0x7aee, 0x7b0e, 0x7b0e,
0x7b0e, 0x7b0e, 0x7b0e, 0x7b0e, 0x7b0e, 0x830f, 0x832f, 0x832f, 0x832f, 0x832f,
0x832f, 0x832f, 0x832f, 0x832f, 0x830f, 0x7aee, 0x7acd, 0x72cd, 0x72cd, 0x72cd,
0x72ad, 0x72ad, 0x6a8c, 0x6a6c, 0x6a6c, 0x6a6c, 0x624b, 0x622b, 0x5a0a, 0x5a0a,
0x5188, 0x3084, 0x4906, 0x5988, 0x69c9, 0x71e9, 0x71e9, 0x71ea, 0x7a0a, 0x7a0a,
0x7a0a, 0x7a0a, 0x71ea, 0x720b, 0x5128, 0x1801, 0x2022, 0x40e5, 0x6a0a, 0x9aee,
0xb34f, 0xbb70, 0xc350, 0xc350, 0xcb50, 0xcb70, 0xcb91, 0xc391, 0xcbb1, 0xcbb1,
0xcbd2, 0xcbd2, 0xcbd2, 0xcbf2, 0xd3f3, 0xd3f3, 0xd414, 0xd414, 0xd414, 0xd435,
0xd455, 0xd456, 0xd456, 0xd456, 0xd456, 0xd456, 0xd477, 0xd477, 0xd457, 0xd457,
0xd457, 0xcc38, 0xb3d6, 0x7a90, 0x390a, 0x20a7, 0x18a7, 0x10a7, 0x1867, 0x1887,
0x1887, 0x1887, 0x1887, 0x1887, 0x1887, 0x1887, 0x1887, 0x1887, 0x1887, 0x1887,
0x1887, 0x10a7, 0x10a7, 0x10a7, 0x10a7, 0x10a7, 0x10a7, 0x10a7, 0x18a7, 0x18a7,
0x18c7, 0x18c7, 0x18c7, 0x18c8, 0x18c8, 0x18c8, 0x18c8, 0x18c8, 0x18c8, 0x18c8,
0x18c9, 0x18c9, 0x18c9, 0x18e9, 0x20e9, 0x20e9, 0x20e9, 0x18c9, 0x20e9, 0x18c9,
0x18c9, 0x18c9, 0x18c9, 0x18c9, 0x18c9, 0x18c9, 0x18e9, 0x18e9, 0x18e9, 0x18e9,
0x18c9, 0x18a8, 0x10a8, 0x10a8, 0x18a8, 0x18c9, 0x18c8, 0x18c8, 0x18c8, 0x18c8,
0x18c8, 0x18c8, 0x18c9, 0x18c9, 0x18c9, 0x18c9, 0x18c9, 0x18c9, 0x18c9, 0x18c9,
0x18c9, 0x18c9, 0x18c9, 0x18c9, 0x18c9, 0x18c9, 0x18c9, 0x18c9, 0x18c9, 0x18c9,
0x18c9, 0x20e9, 0x20e9, 0x20e9, 0x20e9, 0x20e9, 0x20e9, 0x20e9, 0x20e9, 0x20e9,
0x20e9, 0x20e9, 0x18c9, 0x18a9, 0x18c9, 0x18c9, 0x18c9, 0x1088, 0x1088, 0x18c9,
0x18c9, 0x18c9, 0x18c9, 0x18a9, 0x20ea, 0x20a9, 0x312b, 0x8bb5, 0x7313, 0x312b,
0x28ca, 0x28ea, 0x20ca, 0x20e9, 0x20e8, 0x20e8, 0x18c7, 0x18e7, 0x18e7, 0x20c6,
0x4989, 0x7aee, 0xa3d2, 0xabb1, 0xab91, 0xb3b1, 0xb3b1, 0xb3b2, 0xb3d2, 0xb3d2,
0xb3d3, 0xb3d3, 0xbbd4, 0xbbf5, 0xbbf5, 0xbbf5, 0xbbf5, 0xbbd4, 0xbbd4, 0xbbd4,
0xbbd4, 0xbbd4, 0xbbd3, 0xb3d3, 0xb3b2, 0xb3b2, 0xb392, 0xab91, 0xa350, 0x92ae,
0x8a8d, 0x9aee, 0x9b0f, 0x9b30, 0xa350, 0xa350, 0xa350, 0xa370, 0xa371, 0xa371,
0xab92, 0xabb2, 0xb3d3, 0xb3d3, 0xb3d4, 0xb3f4, 0xbbf5, 0xbbf6, 0xbbf6, 0xbbd7,
0xbbd7, 0xb3d6, 0xb3d6, 0xbbd7, 0xbbf7, 0xbbf8, 0xbbf8, 0xbbf9, 0xbbf9, 0xbbf9,
0xc419, 0xc419, 0xc419, 0xc3f9, 0xc3f9, 0xc3f9, 0xc3d9, 0xc3f9, 0xc3fa, 0xc3f9,

0x6b70, 0x73b1, 0x73b1, 0x7390, 0x73b0, 0x73b0, 0x738f, 0x738f, 0x738f, 0x736f,
0x734e, 0x734e, 0x732e, 0x732e, 0x732e, 0x734e, 0x732e, 0x730d, 0x72cd, 0x72ed,
0x72ee, 0x72ee, 0x72ee, 0x7aee, 0x7aee, 0x7aee, 0x7aee, 0x7aee, 0x7aee, 0x7b0e,
0x7b0e, 0x7b0e, 0x7b0e, 0x7b0e, 0x7b0e, 0x7b0e, 0x7b0e, 0x7b0e, 0x832f, 0x832f,
0x832f, 0x832f, 0x7b2e, 0x7b2e, 0x832f, 0x830f, 0x832f, 0x832f, 0x832f, 0x832f,
0x8b50, 0x8b4f, 0x832f, 0x832f, 0x830f, 0x7aee, 0x7acd, 0x72cd, 0x72cd, 0x72cd,
0x72cd, 0x72ad, 0x6aac, 0x6a8c, 0x6a6c, 0x6a6c, 0x624b, 0x624b, 0x622b, 0x59ea,
0x59c9, 0x38c5, 0x38c5, 0x5167, 0x61c9, 0x69e9, 0x71e9, 0x71ea, 0x7a0a, 0x7a0a,
0x7a0a, 0x71ea, 0x720a, 0x5128, 0x2823, 0x4106, 0x7a4b, 0x9b2e, 0xab6f, 0xab4e,
0xb36f, 0xbb6f, 0xc370, 0xcb90, 0xcb90, 0xcb90, 0xcbb1, 0xcbb1, 0xcbb1, 0xcbd2,
0xd3f2, 0xd3f2, 0xd3f2, 0xd3f3, 0xd413, 0xd414, 0xd414, 0xdc35, 0xdc35, 0xd456,
0xd456, 0xd456, 0xdc57, 0xdc77, 0xdc77, 0xdc78, 0xdc98, 0xdc98, 0xdc78, 0xdc78,
0xe479, 0xdc79, 0xd459, 0xcc59, 0xabf6, 0x6a70, 0x2909, 0x1887, 0x2087, 0x2087,
0x1887, 0x18a7, 0x18a8, 0x18a7, 0x18a7, 0x18a7, 0x18a7, 0x18a7, 0x18a7, 0x18a7,
0x18a7, 0x18a7, 0x18a7, 0x18a7, 0x10a7, 0x18a7, 0x10a7, 0x18a7, 0x18c7, 0x18c7,
0x18a7, 0x18a7, 0x18c7, 0x18c8, 0x18c8, 0x18c8, 0x18c8, 0x18c8, 0x18c8, 0x18c8,
0x18c9, 0x18c9, 0x18c9, 0x18e9, 0x18c9, 0x18c9, 0x18c9, 0x18c9, 0x20e9, 0x18c8,
0x18c9, 0x18c9, 0x18c9, 0x18c8, 0x18c9, 0x18e9, 0x20e9, 0x18e9, 0x18c9, 0x18c9,
0x18a8, 0x18a8, 0x18a8, 0x18c8, 0x18c8, 0x18c9, 0x18c9, 0x18c9, 0x18c9, 0x18c9,
0x18c9, 0x18c9, 0x18c9, 0x18c9, 0x18c9, 0x18c9, 0x18c9, 0x18c9, 0x18c9, 0x18c9,
0x18c9, 0x18c9, 0x18e9, 0x18e9, 0x18c9, 0x18c9, 0x18c9, 0x18c9, 0x18c9, 0x18c9,
0x20e9, 0x20e9, 0x20e9, 0x20e9, 0x20e9, 0x20e9, 0x20e9, 0x20e9, 0x20e9, 0x20e9,
0x20ea, 0x20ea, 0x18a9, 0x18c9, 0x18c9, 0x18c9, 0x10a8, 0x1067, 0x18c9, 0x18c9,
0x18c9, 0x18a9, 0x18a9, 0x20c9, 0x1888, 0x290a, 0x8394, 0x6ad2, 0x310b, 0x20ca,
0x290a, 0x20ea, 0x20ea, 0x20e9, 0x20e8, 0x20e8, 0x20e7, 0x20a6, 0x2927, 0x624c,
0x9b70, 0xabd1, 0xabb1, 0xab91, 0xb391, 0xb391, 0xb3b1, 0xb3b1, 0xb3b2, 0xb3b2,
0xb3b2, 0xb3d2, 0xbbd4, 0xbbf4, 0xbbf4, 0xbbf4, 0xbbf4, 0xbbf4, 0xbbd4, 0xbbd4,
0xb3d3, 0xb3b3, 0xb3b3, 0xb3b2, 0xab91, 0xab91, 0xab70, 0xa350, 0x9aef, 0x8a6d,
0x92ce, 0x9b0f, 0x9b0f, 0x9b30, 0xa350, 0xa350, 0xa350, 0xa370, 0xa371, 0xa371,
0xab72, 0xabb2, 0xb3b3, 0xabb3, 0xb3b3, 0xb3d4, 0xb3d4, 0xb3d5, 0xb3d5, 0xb3d5,
0xb3d5, 0xb3b4, 0xb3b5, 0xb3b5, 0xb3d6, 0xb3d6, 0xb3d6, 0xbbd7, 0xbbd7, 0xbbd7,
0xbbd7, 0xbbd7, 0xbbd7, 0xbbd7, 0xbbd8, 0xbbb7, 0xbbb7, 0xbbd8, 0xbbd8, 0xbbd8,

0x7bd2, 0x7bd2, 0x7bf2, 0x7bf2, 0x7bf2, 0x7bf1, 0x7bd0, 0x7bb0, 0x7bb0, 0x7b8f,
0x7b6f, 0x7b6f, 0x7b4f, 0x7b6f, 0x7b6f, 0x836f, 0x7b4f, 0x7b2e, 0x7b0e, 0x7b0e,
0x7b0e, 0x7b0e, 0x7b0e, 0x7b0e, 0x7b0e, 0x7b0e, 0x7b0e, 0x7b0e, 0x7b0e, 0x830e,
0x830e, 0x830e, 0x7b0e, 0x7b0e, 0x7b0e, 0x7b0e, 0x7b2e, 0x832f, 0x832f, 0x832f,
0x832f, 0x834f, 0x834f, 0x834f, 0x834f, 0x832f, 0x8b50, 0x8b50, 0x8b50, 0x8b50,
0x8b50, 0x8b4f, 0x832f, 0x832f, 0x830f, 0x7aee, 0x7ace, 0x72cd, 0x72cd, 0x72cd,
0x72cd, 0x72cd, 0x72ad, 0x6a8c, 0x6a8c, 0x6a8c, 0x6a6c, 0x624b, 0x624b, 0x5a0a,
0x59ea, 0x4947, 0x3084, 0x5147, 0x61a8, 0x69e9, 0x71e9, 0x71e9, 0x71ea, 0x7a0a,
0x7a0a, 0x7a0a, 0x6147, 0x50c6, 0x7a2b, 0x9b0e, 0xab4f, 0xb34f, 0xbb6f, 0xbb8f,
0xb36f, 0xbb8f, 0xbb90, 0xc3b1, 0xc391, 0xc3b1, 0xcbb1, 0xcbb1, 0xcbd2, 0xcbd2,
0xd3f2, 0xd3f2, 0xd413, 0xd413, 0xd414, 0xdc34, 0xdc35, 0xdc35, 0xdc56, 0xdc77,
0xdc77, 0xdc77, 0xdc77, 0xdc78, 0xdc78, 0xdc98, 0xdc99, 0xdc99, 0xe499, 0xe49a,
0xe49a, 0xe49a, 0xdcba, 0xdc9a, 0xd4ba, 0xccba, 0x9bb5, 0x59ee, 0x28a8, 0x2088,
0x2088, 0x1887, 0x18a8, 0x18c8, 0x18c8, 0x18a8, 0x18a8, 0x18a8, 0x18a8, 0x18a8,
0x18c8, 0x18c8, 0x18c8, 0x18c8, 0x18c7, 0x18c8, 0x18c7, 0x18c8, 0x18c8, 0x18c8,
0x18c7, 0x18c7, 0x18c8, 0x18c8, 0x18c8, 0x18c8, 0x18c8, 0x18c8, 0x18e8, 0x20e9,
0x18c9, 0x18c9, 0x18c9, 0x18e9, 0x18c9, 0x18c9, 0x18c9, 0x18c9, 0x18e9, 0x18c8,
0x18c9, 0x18c9, 0x18c9, 0x18e9, 0x18e9, 0x18c9, 0x20e9, 0x18e9, 0x18c9, 0x18c8,
0x18a8, 0x18a8, 0x18a8, 0x18c9, 0x18c9, 0x18c9, 0x18c9, 0x18c9, 0x18c9, 0x18c9,
0x18c9, 0x18c9, 0x18c9, 0x18c9, 0x18c9, 0x18c9, 0x18c9, 0x18c9, 0x18c9, 0x18c9,
0x18c9, 0x18c9, 0x18e9, 0x18e9, 0x18c9, 0x18c9, 0x18c9, 0x20e9, 0x18c9, 0x20e9,
0x20ea, 0x20e9, 0x20e9, 0x20e9, 0x20e9, 0x20e9, 0x20e9, 0x20e9, 0x20e9, 0x20e9,
0x20ea, 0x20e9, 0x18a9, 0x18c9, 0x18c9, 0x10a8, 0x0847, 0x18c8, 0x18e9, 0x18c9,
0x18a8, 0x20c9, 0x20ca, 0x20a9, 0x28ea, 0x6af2, 0x7333, 0x28ea, 0x20ca, 0x28ea,
0x20ea, 0x20ea, 0x20ea, 0x20e9, 0x2108, 0x20c7, 0x28a6, 0x4969, 0x7aee, 0x9b91,
0xabb1, 0xab91, 0xab70, 0xab91, 0xb391, 0xb391, 0xab90, 0xabb1, 0xb3b1, 0xb3b1,
0xb3b2, 0xb3b2, 0xb3d3, 0xbbd4, 0xbbd4, 0xbbf4, 0xbbd4, 0xbbd4, 0xb3d3, 0xb3b3,
0xb3b2, 0xab92, 0xab92, 0xab91, 0xab71, 0xa370, 0xa34f, 0xa32f, 0x8a8d, 0x8a6d,
0x9aef, 0x9aef, 0x9b0f, 0x9b30, 0xa350, 0xa350, 0xa350, 0xa370, 0xa371, 0xa371,
0xab92, 0xab92, 0xabb2, 0xb3b3, 0xb3b3, 0xb3d3, 0xb3d4, 0xb3d4, 0xb3b4, 0xb3b4,
0xb3b4, 0xb3b4, 0xab94, 0xb3b4, 0xb3b5, 0xb3b5, 0xb3d5, 0xb3b6, 0xbbb6, 0xbbb6,
0xbbb6, 0xb3b6, 0xb3b6, 0xbbb6, 0xbbb6, 0xbbb6, 0xbbb6, 0xbbb6, 0xbbb6, 0xbbb6,

0x7bd2, 0x7bf3, 0x7c12, 0x7bf2, 0x7c12, 0x7c12, 0x7bf1, 0x7bd0, 0x7bd0, 0x7bb0,
0x7b90, 0x7b8f, 0x7b6f, 0x7b6f, 0x836f, 0x836f, 0x836f, 0x834f, 0x7b2e, 0x832f,
0x832f, 0x832f, 0x830f, 0x830e, 0x830e, 0x830e, 0x830e, 0x830e, 0x830e, 0x832f,
0x832f, 0x832f, 0x832f, 0x832f, 0x832f, 0x832f, 0x832f, 0x834f, 0x834f, 0x834f,
0x834f, 0x834f, 0x834f, 0x834f, 0x834f, 0x8b50, 0x8b50, 0x8b70, 0x8b50, 0x8b50,
0x832f, 0x8b4f, 0x832f, 0x832f, 0x830f, 0x7aee, 0x7ace, 0x72cd, 0x72cd, 0x72cd,
0x72cd, 0x72cd, 0x72ad, 0x6aac, 0x6a8c, 0x6a8c, 0x6a6c, 0x626b, 0x624b, 0x5a0a,
0x59e9, 0x51c9, 0x3084, 0x4105, 0x59a8, 0x61c9, 0x69e9, 0x71c9, 0x71ea, 0x71ea,
0x71ea, 0x69a9, 0x71c9, 0x9acd, 0xab2f, 0xb32f, 0xbb2f, 0xbb50, 0xc350, 0xc34f,
0xbb6f, 0xc370, 0xc371, 0xc371, 0xcb92, 0xcb92, 0xcbb1, 0xcbd2, 0xcbd2, 0xd3f2,
0xd3f2, 0xd413, 0xd413, 0xd414, 0xdc34, 0xdc55, 0xdc55, 0xe456, 0xe477, 0xdc98,
0xdc98, 0xdc98, 0xe498, 0xdc99, 0xdc79, 0xdc99, 0xe4b9, 0xe4ba, 0xe4ba, 0xe4da,
0xe4db, 0xdcfb, 0xdcfb, 0xdcdb, 0xe4bb, 0xdcbb, 0xd4ba, 0xc479, 0x8b53, 0x416b,
0x20a8, 0x20a8, 0x18a8, 0x18a8, 0x18c8, 0x20c8, 0x18c8, 0x18c8, 0x20c8, 0x20c8,
0x18c8, 0x18c8, 0x18c8, 0x18c8, 0x18c7, 0x18c8, 0x18c7, 0x18c8, 0x18c8, 0x18c8,
0x18c8, 0x18c8, 0x18c8, 0x18e8, 0x18c8, 0x18c8, 0x18c8, 0x18c8, 0x20e9, 0x20e9,
0x20e9, 0x20e9, 0x20e9, 0x20e9, 0x18c9, 0x18c9, 0x18c9, 0x18c9, 0x18e9, 0x18c9,
0x18a8, 0x18c9, 0x18c9, 0x20e9, 0x20e9, 0x18c9, 0x20e9, 0x18e9, 0x18c9, 0x18c8,
0x18a8, 0x18a8, 0x18a8, 0x18c9, 0x18c9, 0x18c9, 0x18c9, 0x18c9, 0x18c9, 0x18c9,
0x18c9, 0x18c9, 0x18c9, 0x18c9, 0x18c9, 0x18e9, 0x20e9, 0x20e9, 0x18e9, 0x18c9,
0x18c9, 0x18c9, 0x18e9, 0x18e9, 0x18e9, 0x18c9, 0x20e9, 0x20ea, 0x20e9, 0x20ea,
0x20ea, 0x20ea, 0x20e9, 0x20e9, 0x20e9, 0x20e9, 0x20e9, 0x20e9, 0x20e9, 0x20e9,
0x18c9, 0x18a9, 0x18c9, 0x18c9, 0x10a8, 0x0847, 0x18a8, 0x18e9, 0x18c9, 0x18c8,
0x18a8, 0x20ea, 0x1889, 0x28ca, 0x5a70, 0x8bf6, 0x396c, 0x20a9, 0x28ea, 0x20ea,
0x20ea, 0x20ea, 0x18e9, 0x2109, 0x20e8, 0x3108, 0x622c, 0x9350, 0xab91, 0xab91,
0xb3b1, 0xb391, 0xab91, 0xab91, 0xab91, 0xab91, 0xab90, 0xab90, 0xabb1, 0xabb1,
0xb3b1, 0xb3b2, 0xb3b2, 0xb3b3, 0xb3d3, 0xb3d3, 0xb3d3, 0xb3b3, 0xb3b3, 0xb392,
0xab92, 0xab71, 0xab71, 0xa350, 0xa330, 0xa32e, 0x9b0e, 0x92ed, 0x824c, 0x92ad,
0x9aef, 0x9b0f, 0x9b30, 0x9b30, 0xa350, 0xa350, 0xa350, 0xa370, 0xa371, 0xa371,
0xab92, 0xab92, 0xab92, 0xabb3, 0xab92, 0xabb3, 0xb3b3, 0xabb3, 0xabb3, 0xabb3,
0xabb3, 0xabb3, 0xab93, 0xabb4, 0xab94, 0xb3b5, 0xb3b5, 0xb3b5, 0xb3b5, 0xb3b5,
0xb3b5, 0xb3b5, 0xb3b5, 0xbbb5, 0xbb95, 0xbb95, 0xbb95, 0xb395, 0xb395, 0xb395,

0x7bd2, 0x83f3, 0x8412, 0x83f2, 0x8412, 0x8412, 0x83f2, 0x83f1, 0x83d1, 0x83d1,
0x83b0, 0x8390, 0x7b8f, 0x7b6f, 0x7b6f, 0x836f, 0x836f, 0x834f, 0x832f, 0x832f,
0x832f, 0x832e, 0x832f, 0x832f, 0x832f, 0x832f, 0x832f, 0x832f, 0x832f, 0x832f,
0x8b2f, 0x8b2f, 0x832f, 0x834f, 0x832f, 0x832f, 0x834f, 0x8b4f, 0x8b4f, 0x834f,
0x834f, 0x834f, 0x832f, 0x834f, 0x8b50, 0x8b70, 0x8b70, 0x8b70, 0x8b50, 0x8b50,
0x8b50, 0x8b4f, 0x8b4f, 0x8b4f, 0x832f, 0x7aee, 0x7aee, 0x7acd, 0x72ed, 0x72cd,
0x72cd, 0x72cd, 0x72cd, 0x72ad, 0x6a8c, 0x6a8c, 0x6a6c, 0x624b, 0x624b, 0x5a0a,
0x59ea, 0x59ea, 0x38c5, 0x38a5, 0x5968, 0x6188, 0x71c9, 0x69c9, 0x71ea, 0x71e9,
0x71e9, 0x8a6b, 0x9b0e, 0xab0e, 0xb30e, 0xbb2f, 0xbb4f, 0xc370, 0xc370, 0xc350,
0xc370, 0xcb70, 0xc371, 0xcb91, 0xcb91, 0xcbb2, 0xcbb1, 0xcbd2, 0xd3f2, 0xd3f2,
0xd3f3, 0xd3f3, 0xd414, 0xd415, 0xdc35, 0xdc56, 0xdc76, 0xdc76, 0xdc97, 0xdcb9,
0xe4b9, 0xe4b9, 0xe4b9, 0xdc99, 0xdc99, 0xdc9a, 0xdcba, 0xdcba, 0xdcdb, 0xe4db,
0xe4fc, 0xe4fc, 0xdd1c, 0xe4fc, 0xe4dc, 0xe4dc, 0xdcfc, 0xdcdc, 0xd4fc, 0xbc59,
0x7a92, 0x30eb, 0x1889, 0x1089, 0x18c8, 0x18c7, 0x20e8, 0x18c8, 0x20c8, 0x20e8,
0x20e8, 0x18e8, 0x18c8, 0x18c8, 0x18c8, 0x18c8, 0x18c8, 0x18c8, 0x18c8, 0x18c8,
0x18e8, 0x18c8, 0x18e9, 0x18e9, 0x20e9, 0x20e9, 0x20e9, 0x20e9, 0x20e9, 0x20e9,
0x18c9, 0x20e9, 0x20e9, 0x18e9, 0x18c9, 0x20e9, 0x18c9, 0x18c9, 0x18c9, 0x18c9,
0x18c9, 0x2109, 0x210a, 0x20e9, 0x20e9, 0x20e9, 0x20e9, 0x18e9, 0x18c9, 0x18c9,
0x18a8, 0x18c9, 0x18c9, 0x18c9, 0x18c9, 0x18c9, 0x20e9, 0x20e9, 0x20e9, 0x20e9,
0x20e9, 0x20e9, 0x20e9, 0x20e9, 0x20e9, 0x20e9, 0x20e9, 0x18c9, 0x18e9, 0x20e9,
0x20e9, 0x20e9, 0x18e9, 0x18e9, 0x18e9, 0x20e9, 0x20ea, 0x20ea, 0x20ea, 0x210a,
0x20ea, 0x18c9, 0x20e9, 0x20ea, 0x20ea, 0x20ea, 0x20ea, 0x20ea, 0x20e9, 0x20e9,
0x18c9, 0x18a8, 0x18c9, 0x1088, 0x1047, 0x18a8, 0x20c9, 0x18a8, 0x1068, 0x18c9,
0x20ea, 0x1889, 0x398c, 0x5a70, 0x520f, 0x6b12, 0x310a, 0x28e9, 0x28e9, 0x20e9,
0x18e9, 0x18c9, 0x18a9, 0x20a7, 0x3949, 0x7aaf, 0x9b92, 0xab91, 0xb391, 0xb391,
0xab91, 0xab91, 0xab71, 0xab71, 0xab71, 0xab71, 0xab90, 0xab91, 0xab91, 0xab91,
0xb3b1, 0xb3b1, 0xb3b2, 0xb3b2, 0xb3b2, 0xb3d2, 0xb3b2, 0xb3b2, 0xb392, 0xab91,
0xab71, 0xa350, 0xa350, 0xa330, 0xa32f, 0x9b2f, 0x9b0e, 0x8a8d, 0x8a8d, 0x92ee,
0x9b0f, 0x9b30, 0x9b30, 0xa350, 0xa350, 0xa350, 0xa350, 0xa371, 0xa371, 0xa371,
0xab92, 0xab92, 0xab92, 0xab92, 0xab93, 0xab93, 0xabb3, 0xabb3, 0xabb3, 0xabb3,
0xab93, 0xab94, 0xab94, 0xab94, 0xab94, 0xab94, 0xab94, 0xb3b4, 0xb3b4, 0xb3b4,
0xb394, 0xb394, 0xb394, 0xb394, 0xb394, 0xb394, 0xb394, 0xb394, 0xb394, 0xb394,

0x83f2, 0x83f2, 0x8412, 0x83f2, 0x8412, 0x8412, 0x83f2, 0x83f2, 0x83f1, 0x83d1,
0x83b1, 0x83b0, 0x7b90, 0x8390, 0x8390, 0x8390, 0x836f, 0x834f, 0x834f, 0x834f,
0x832f, 0x832f, 0x832f, 0x832f, 0x832f, 0x832f, 0x832f, 0x832f, 0x832f, 0x832f,
0x8b50, 0x8b50, 0x8b4f, 0x8b4f, 0x8b4f, 0x8b2f, 0x8b4f, 0x8b4f, 0x8b50, 0x8b50,
0x8b50, 0x8b50, 0x8b50, 0x8b50, 0x8b50, 0x8b70, 0x8b70, 0x8b70, 0x8b70, 0x8b70,
0x8b50, 0x8b4f, 0x8b4f, 0x8b4f, 0x832f, 0x7aee, 0x7aee, 0x7aee, 0x72cd, 0x7aee,
0x72ed, 0x72cd, 0x72cd, 0x72ad, 0x6a8c, 0x6a8c, 0x6a6c, 0x624b, 0x624b, 0x5a2a,
0x59ea, 0x59ea, 0x4167, 0x30a4, 0x5147, 0x6989, 0x69a9, 0x69c9, 0x69c9, 0x7a2a,
0x92cc, 0xa30e, 0xa30e, 0xb30e, 0xbb2f, 0xbb50, 0xbb70, 0xbb70, 0xc370, 0xc370,
0xc371, 0xc391, 0xc391, 0xcbb1, 0xcbb1, 0xcbd2, 0xcbd2, 0xd3d2, 0xd3f3, 0xd3f3,
0xd3f3, 0xd3f4, 0xd415, 0xd435, 0xdc56, 0xdc56, 0xdc97, 0xdc97, 0xdcb8, 0xe4b9,
0xe4da, 0xe4da, 0xe4ba, 0xdcba, 0xdcba, 0xdcba, 0xdcbb, 0xdcdb, 0xe4dc, 0xe4dc,
0xe4fc, 0xe51c, 0xe53c, 0xe53c, 0xdd1c, 0xdd1d, 0xdcfd, 0xe4fd, 0xe4dd, 0xdcdd,
0xd4dc, 0xa418, 0x59f0, 0x28cb, 0x20c9, 0x20c8, 0x18a7, 0x20e8, 0x20e8, 0x2108,
0x2108, 0x20e9, 0x18c8, 0x18e8, 0x18e8, 0x18c8, 0x18e8, 0x18c9, 0x20e9, 0x20e9,
0x2109, 0x18e9, 0x20e9, 0x20e9, 0x2109, 0x2109, 0x20e9, 0x20e9, 0x20e9, 0x20e9,
0x18c9, 0x20e9, 0x20e9, 0x2109, 0x210a, 0x210a, 0x20e9, 0x20e9, 0x20e9, 0x210a,
0x210a, 0x210a, 0x210a, 0x2109, 0x20e9, 0x20e9, 0x20e9, 0x18e9, 0x18c9, 0x18c9,
0x18c9, 0x18e9, 0x20e9, 0x20e9, 0x20e9, 0x20e9, 0x20e9, 0x20e9, 0x20e9, 0x20e9,
0x20e9, 0x20e9, 0x20e9, 0x20e9, 0x20e9, 0x2109, 0x20e9, 0x20e9, 0x20e9, 0x20e9,
0x20e9, 0x20e9, 0x18e9, 0x18e9, 0x20e9, 0x210a, 0x210a, 0x210a, 0x20ea, 0x20ea,
0x18c9, 0x18c9, 0x20e9, 0x20ea, 0x20ea, 0x20ea, 0x20ea, 0x210a, 0x20e9, 0x18c9,
0x18c9, 0x18c9, 0x1067, 0x1067, 0x18a8, 0x1888, 0x1067, 0x1067, 0x18a8, 0x20c9,
0x20a9, 0x49ce, 0x62d1, 0x5a50, 0x62b1, 0x312b, 0x20c9, 0x28e9, 0x20e9, 0x18e9,
0x18c9, 0x18a8, 0x2089, 0x59ac, 0x9311, 0xabb3, 0xab92, 0xb392, 0xab91, 0xab91,
0xab91, 0xab71, 0xab70, 0xab70, 0xab70, 0xab70, 0xab71, 0xab91, 0xab91, 0xab91,
0xab91, 0xab91, 0xab91, 0xabb1, 0xb3b2, 0xb3b2, 0xab91, 0xab91, 0xab91, 0xab70,
0xa350, 0xa330, 0xa32f, 0xa32f, 0x9b0f, 0x9b0f, 0x8aae, 0x824c, 0x92ce, 0x92ef,
0x9b0f, 0x9b30, 0xa350, 0xa350, 0xa350, 0xa350, 0xa370, 0xa371, 0xa371, 0xa371,
0xab92, 0xab92, 0xab92, 0xab92, 0xab93, 0xab93, 0xabb3, 0xabb3, 0xab93, 0xab93,
0xab93, 0xab94, 0xab94, 0xab94, 0xab94, 0xab94, 0xab94, 0xabb4, 0xabb4, 0xabb4,
0xab94, 0xab94, 0xab94, 0xab94, 0xb394, 0xb394, 0xb394, 0xab74, 0xab74, 0xab74,

0x83f3, 0x8413, 0x8413, 0x8412, 0x8412, 0x8432, 0x8412, 0x83f2, 0x83f1, 0x83d1,
0x83d1, 0x83b0, 0x8390, 0x8390, 0x8390, 0x8390, 0x8370, 0x836f, 0x834f, 0x834f,
0x834f, 0x832f, 0x832f, 0x834f, 0x834f, 0x832f, 0x832f, 0x832f, 0x832f, 0x8b50,
0x8b50, 0x8b50, 0x8b50, 0x8b4f, 0x8b4f, 0x8b4f, 0x8b4f, 0x832f, 0x8b50, 0x8b50,
0x8b50, 0x8b50, 0x8b50, 0x8b50, 0x8b70, 0x8b70, 0x8b70, 0x8b70, 0x8b70, 0x8b70,
0x8b50, 0x8b50, 0x8b50, 0x832f, 0x830f, 0x7aee, 0x7aee, 0x7aee, 0x7aee, 0x72cd,
0x72cd, 0x72cd, 0x72cd, 0x72ad, 0x6a8c, 0x6a8c, 0x6a6c, 0x624b, 0x624b, 0x5a2a,
0x59ea, 0x59ca, 0x51a9, 0x30c5, 0x3906, 0x5167, 0x5126, 0x5967, 0x7a4b, 0x92cd,
0xa30e, 0xa30e, 0xab2e, 0xb32f, 0xbb50, 0xc370, 0xc370, 0xc370, 0xc390, 0xc391,
0xc391, 0xc391, 0xcbb1, 0xcbb2, 0xcbd2, 0xcbd2, 0xcbd2, 0xd3d3, 0xd3f3, 0xd414,
0xd414, 0xdc15, 0xdc35, 0xdc56, 0xdc76, 0xdc77, 0xdc98, 0xdc98, 0xdcd9, 0xe4da,
0xe4da, 0xe4fa, 0xe4db, 0xe4db, 0xdcba, 0xdcdb, 0xe4db, 0xe4fb, 0xe4fc, 0xe4fc,
0xe4fd, 0xe51d, 0xe53c, 0xe53d, 0xe51d, 0xe51d, 0xe51d, 0xe51d, 0xe51d, 0xdd1d,
0xd4fd, 0xd51d, 0xc4dc, 0x9356, 0x416d, 0x18a9, 0x1888, 0x20c8, 0x18e8, 0x18e7,
0x1908, 0x20e9, 0x20e9, 0x18e8, 0x20e9, 0x20e9, 0x20e9, 0x20e9, 0x20e9, 0x20e9,
0x20e9, 0x2109, 0x210a, 0x2109, 0x210a, 0x210a, 0x2109, 0x210a, 0x210a, 0x210a,
0x212a, 0x212a, 0x292a, 0x210a, 0x292a, 0x210a, 0x292a, 0x212a, 0x212a, 0x212a,
0x210a, 0x20e9, 0x20e9, 0x2109, 0x20e9, 0x20e9, 0x20e9, 0x18e9, 0x18c9, 0x18c9,
0x20e9, 0x20e9, 0x20e9, 0x20e9, 0x20e9, 0x20e9, 0x2109, 0x2109, 0x2109, 0x2109,
0x2109, 0x2109, 0x20e9, 0x20e9, 0x20e9, 0x210a, 0x20e9, 0x20e9, 0x20e9, 0x20e9,
0x20e9, 0x20e9, 0x20e9, 0x20e9, 0x20e9, 0x210a, 0x20ea, 0x18c9, 0x18c9, 0x18c9,
0x18c9, 0x18c9, 0x20e9, 0x20ea, 0x20ea, 0x20ea, 0x20ea, 0x18c9, 0x18c8, 0x18c9,
0x18a8, 0x0867, 0x1088, 0x18c9, 0x1068, 0x1047, 0x1047, 0x18a9, 0x20e9, 0x292a,
0x5a70, 0x5a70, 0x41cd, 0x522f, 0x41cd, 0x20a9, 0x20ea, 0x18e9, 0x18c9, 0x1888,
0x1888, 0x30c9, 0x622f, 0xa354, 0xb395, 0xb394, 0xbb94, 0xb393, 0xab92, 0xab71,
0xab70, 0xab70, 0xab70, 0xab70, 0xab70, 0xab70, 0xab70, 0xab71, 0xab91, 0xab71,
0xab70, 0xab70, 0xab70, 0xab71, 0xab71, 0xab71, 0xab71, 0xab70, 0xa350, 0xa330,
0xa32f, 0x9b0f, 0x9b0f, 0x9b0f, 0x9b0f, 0x92ce, 0x824c, 0x826d, 0x92ef, 0x92ef,
0x9b2f, 0x9b30, 0xa350, 0xa350, 0xa350, 0xa350, 0xa370, 0xa371, 0xa371, 0xa371,
0xab92, 0xab92, 0xab92, 0xab92, 0xab93, 0xab93, 0xab93, 0xab93, 0xab93, 0xab93,
0xab93, 0xab94, 0xab94, 0xab94, 0xab94, 0xab94, 0xab94, 0xab94, 0xab94, 0xab94,
0xab94, 0xab94, 0xab94, 0xab74, 0xab73, 0xab73, 0xab73, 0xab73, 0xab73, 0xab73,

0x8413, 0x8413, 0x8413, 0x8413, 0x8c33, 0x8c33, 0x8412, 0x8412, 0x83f2, 0x83f1,
0x83d1, 0x83b0, 0x83b0, 0x83b0, 0x83b0, 0x83b0, 0x8390, 0x8370, 0x834f, 0x834f,
0x834f, 0x834f, 0x834f, 0x834f, 0x834f, 0x834f, 0x832f, 0x832f, 0x8b50, 0x8b50,
0x8b70, 0x8b50, 0x8b50, 0x8b4f, 0x8b4f, 0x8b4f, 0x8b4f, 0x8b4f, 0x8b50, 0x8b50,
0x8b50, 0x8b50, 0x8b70, 0x8b70, 0x8b70, 0x8b70, 0x8b70, 0x8b70, 0x8b70, 0x8b70,
0x8b70, 0x8b70, 0x8b50, 0x832f, 0x830f, 0x830e, 0x7aee, 0x7aee, 0x7aee, 0x72cd,
0x72cd, 0x72cd, 0x72cd, 0x72ad, 0x6a8c, 0x6a8c, 0x6a6c, 0x624b, 0x624b, 0x5a2a,
0x59ea, 0x59ca, 0x49a9, 0x3926, 0x2884, 0x2042, 0x38a4, 0x7a2a, 0x9aed, 0x9aed,
0xa32e, 0xab2e, 0xb36f, 0xbb4f, 0xbb50, 0xbb70, 0xc370, 0xc370, 0xc391, 0xc3b1,
0xc391, 0xc391, 0xcbb2, 0xcbd3, 0xcbd3, 0xcbd3, 0xcbf4, 0xd3f4, 0xd414, 0xd415,
0xd415, 0xdc36, 0xdc36, 0xdc57, 0xdc77, 0xdc98, 0xdcb9, 0xdcd9, 0xe4da, 0xe4fa,
0xe4fb, 0xe51b, 0xe4fb, 0xe4fb, 0xe4db, 0xe4fb, 0xe4fb, 0xe4fb, 0xe4fc, 0xe4fc,
0xe4fd, 0xe51d, 0xe53c, 0xe53c, 0xe51c, 0xe51d, 0xe51d, 0xe51d, 0xe51d, 0xe53e,
0xdd1d, 0xdcfd, 0xd4fd, 0xdcfd, 0xbc9b, 0x6af3, 0x310b, 0x1888, 0x20c8, 0x18e7,
0x18e7, 0x2109, 0x2109, 0x2109, 0x20e9, 0x2109, 0x2109, 0x292a, 0x292a, 0x210a,
0x210a, 0x210a, 0x292a, 0x210a, 0x210a, 0x212a, 0x210a, 0x292a, 0x292a, 0x212a,
0x210a, 0x212a, 0x292a, 0x210a, 0x292a, 0x210a, 0x210a, 0x212a, 0x212a, 0x210a,
0x210a, 0x210a, 0x210a, 0x2109, 0x20e9, 0x20e9, 0x18e9, 0x18e9, 0x18c9, 0x18c9,
0x20e9, 0x20e9, 0x20e9, 0x2109, 0x20e9, 0x2109, 0x210a, 0x210a, 0x210a, 0x210a,
0x210a, 0x210a, 0x20e9, 0x20e9, 0x2109, 0x18e9, 0x18a8, 0x18c9, 0x20e9, 0x20e9,
0x20e9, 0x20e9, 0x20e9, 0x20e9, 0x210a, 0x20ea, 0x18c9, 0x18c9, 0x18c9, 0x18a9,
0x18c9, 0x18c9, 0x20ea, 0x20ea, 0x20ea, 0x20ea, 0x20ea, 0x18c9, 0x20e9, 0x18a8,
0x0867, 0x1088, 0x1067, 0x0847, 0x1047, 0x1888, 0x20c9, 0x41cd, 0x6b32, 0x7b94,
0x49ee, 0x398c, 0x6af1, 0x7b73, 0x20a9, 0x20a8, 0x20c9, 0x18c9, 0x1888, 0x1868,
0x38ea, 0x8291, 0xa395, 0xbb76, 0xc377, 0xc396, 0xbb75, 0xbb94, 0xab93, 0xab92,
0xab70, 0xab70, 0xa350, 0xa350, 0xa350, 0xa350, 0xab70, 0xab70, 0xab70, 0xab70,
0xab70, 0xab70, 0xa350, 0xa370, 0xab70, 0xab70, 0xab70, 0xa350, 0xa350, 0xa32f,
0x9b0f, 0x9b0f, 0x9b0f, 0x9aef, 0x9aee, 0x8a6d, 0x7a2c, 0x92ef, 0x9b0f, 0x9b0f,
0x9b30, 0xa350, 0xa350, 0xa350, 0xa350, 0xa350, 0xa370, 0xa371, 0xa371, 0xa371,
0xab92, 0xab92, 0xab92, 0xab93, 0xab93, 0xab93, 0xab93, 0xab93, 0xab93, 0xab93,
0xab93, 0xab94, 0xab94, 0xab94, 0xab94, 0xab94, 0xab73, 0xab73, 0xab73, 0xab73,
0xab73, 0xab73, 0xab73, 0xab73, 0xab53, 0xab53, 0xab53, 0xab53, 0xab53, 0xab53,

0x8414, 0x8414, 0x8414, 0x8c34, 0x8c33, 0x8433, 0x8c13, 0x8412, 0x8c12, 0x8bf2,
0x8bf1, 0x8bd1, 0x83d0, 0x83b0, 0x83b0, 0x8bb0, 0x8bb0, 0x8b90, 0x8370, 0x8370,
0x836f, 0x834f, 0x834f, 0x834f, 0x834f, 0x8b50, 0x8b50, 0x8b50, 0x8b50, 0x8b70,
0x8b70, 0x8b70, 0x8b50, 0x8b50, 0x8b50, 0x8b4f, 0x8b4f, 0x8b4f, 0x8b50, 0x8b50,
0x8b50, 0x8b70, 0x8b70, 0x8b70, 0x8b70, 0x8b70, 0x8b70, 0x8b70, 0x8b70, 0x8b70,
0x8b70, 0x8b70, 0x8b4f, 0x832f, 0x830e, 0x7aee, 0x7aee, 0x7aee, 0x7aee, 0x72ed,
0x72cd, 0x72cd, 0x72ad, 0x72ad, 0x6aac, 0x6a6c, 0x624b, 0x624b, 0x622b, 0x5a0a,
0x59ea, 0x51c9, 0x49a8, 0x4147, 0x2042, 0x38c5, 0x7a8b, 0x9aed, 0x9b0d, 0xab2e,
0xab2e, 0xb34e, 0xbb4f, 0xbb4f, 0xbb4f, 0xbb50, 0xc370, 0xc370, 0xc391, 0xc3b1,
0xc3d2, 0xcbd2, 0xcbd3, 0xd414, 0xd415, 0xd3f5, 0xd3f5, 0xd415, 0xd416, 0xd416,
0xd416, 0xdc37, 0xd457, 0xdc57, 0xdc98, 0xdc99, 0xdcb9, 0xe4da, 0xe4fa, 0xe4fb,
0xe51b, 0xe51b, 0xe51b, 0xe4fc, 0xe4fc, 0xe51c, 0xe4fb, 0xdcfb, 0xe4fc, 0xe4fc,
0xe4fc, 0xe51c, 0xe53c, 0xe51c, 0xdcfc, 0xe51d, 0xe51d, 0xe51d, 0xdd1d, 0xdd1d,
0xe53e, 0xe51e, 0xe51d, 0xe4fd, 0xd51d, 0xcd3d, 0xac59, 0x5a30, 0x28c9, 0x20c8,
0x20e8, 0x18c8, 0x2109, 0x292a, 0x2109, 0x2129, 0x292a, 0x210a, 0x292a, 0x212a,
0x292a, 0x292a, 0x292a, 0x212a, 0x292a, 0x292a, 0x292a, 0x210a, 0x212a, 0x210a,
0x2109, 0x210a, 0x210a, 0x212a, 0x210a, 0x212a, 0x210a, 0x210a, 0x210a, 0x210a,
0x210a, 0x210a, 0x210a, 0x2109, 0x20e9, 0x20e9, 0x18c9, 0x18e9, 0x20e9, 0x20e9,
0x20e9, 0x210a, 0x210a, 0x210a, 0x2109, 0x210a, 0x210a, 0x210a, 0x210a, 0x210a,
0x2109, 0x20e9, 0x18e9, 0x2109, 0x18c9, 0x1088, 0x18a8, 0x20e9, 0x20e9, 0x20e9,
0x20e9, 0x2109, 0x210a, 0x2109, 0x20e9, 0x18a9, 0x18a9, 0x18c9, 0x1088, 0x18c9,
0x20ea, 0x20e9, 0x20ea, 0x210a, 0x210a, 0x20ea, 0x18c9, 0x18c9, 0x1067, 0x0867,
0x1087, 0x0847, 0x0847, 0x10a8, 0x1888, 0x18a8, 0x524f, 0x7b94, 0x4a2e, 0x41cd,
0x1888, 0x20c9, 0x41ac, 0x4a0d, 0x20c9, 0x2088, 0x20a8, 0x1887, 0x2068, 0x492c,
0x8ab2, 0xb376, 0xbb97, 0xc398, 0xc378, 0xc377, 0xc376, 0xbb75, 0xab74, 0xab72,
0xab70, 0xab70, 0xa350, 0xa350, 0xa350, 0xa350, 0xa350, 0xa350, 0xa350, 0xa350,
0xa350, 0xa350, 0xab70, 0xab70, 0xab70, 0xa350, 0xa34f, 0xa32f, 0xa32f, 0x9b0f,
0x9b0f, 0x9aef, 0x9aef, 0x9aef, 0x92ad, 0x822c, 0x8aae, 0x92ef, 0x9b0f, 0x9b2f,
0x9b30, 0xa350, 0xa350, 0xa350, 0xa350, 0xa350, 0xa370, 0xa371, 0xa371, 0xa371,
0xab92, 0xab92, 0xab92, 0xab93, 0xab93, 0xab93, 0xab93, 0xab93, 0xab93, 0xab93,
0xab73, 0xab73, 0xab73, 0xab73, 0xab94, 0xab93, 0xab73, 0xab73, 0xab73, 0xab73,
0xab73, 0xab73, 0xa373, 0xab53, 0xab53, 0xab53, 0xab53, 0xab53, 0xab53, 0xab53,

0x8414, 0x8c14, 0x8c34, 0x8c34, 0x8c34, 0x8c33, 0x8c33, 0x8c32, 0x8c12, 0x8bf2,
0x8bf1, 0x8bf1, 0x8bd1, 0x8bd1, 0x8bd1, 0x8bd1, 0x8bb1, 0x8b90, 0x8b70, 0x8b70,
0x8b70, 0x836f, 0x834f, 0x834f, 0x834f, 0x8b70, 0x8b70, 0x8b70, 0x8b70, 0x8b70,
0x8b70, 0x8b70, 0x8b70, 0x8b70, 0x8b70, 0x8b50, 0x8b50, 0x8b4f, 0x8b70, 0x8b70,
0x8b70, 0x8b70, 0x8b70, 0x8b70, 0x8b70, 0x8b70, 0x8b70, 0x8b70, 0x8b70, 0x8b70,
0x8b50, 0x8b50, 0x8b4f, 0x832f, 0x830e, 0x830e, 0x7aee, 0x7aee, 0x7aee, 0x72ed,
0x72cd, 0x72cd, 0x72ad, 0x72ad, 0x6aac, 0x6a6c, 0x624b, 0x624b, 0x5a2a, 0x5a0a,
0x51c9, 0x51a9, 0x4988, 0x3906, 0x40e5, 0x7a6c, 0x92cd, 0x9aed, 0xab2e, 0xab4e,
0xb32e, 0xbb4e, 0xbb4e, 0xbb4f, 0xbb4f, 0xbb50, 0xc370, 0xc390, 0xc3b1, 0xc3d1,
0xc3f2, 0xcbd3, 0xcbf4, 0xd415, 0xd416, 0xd436, 0xd416, 0xd436, 0xd437, 0xd437,
0xd437, 0xd438, 0xd458, 0xdc78, 0xdc78, 0xdc99, 0xdcb9, 0xdcda, 0xdcfb, 0xe4fb,
0xe51b, 0xe51c, 0xe51c, 0xe51c, 0xe51c, 0xe51c, 0xdd1c, 0xdd1c, 0xdd1c, 0xdd1c,
0xdd1c, 0xdd1c, 0xe51c, 0xe53c, 0xe51c, 0xe51d, 0xe51d, 0xe51d, 0xdd1d, 0xdd1d,
0xe53e, 0xe51e, 0xe53e, 0xe53e, 0xe55e, 0xd51d, 0xd53d, 0xcd1c, 0x93b6, 0x498e,
0x20c9, 0x20e9, 0x20e9, 0x18e8, 0x2109, 0x2129, 0x2129, 0x210a, 0x212a, 0x212a,
0x210a, 0x210a, 0x212a, 0x210a, 0x210a, 0x212a, 0x212a, 0x210a, 0x212a, 0x210a,
0x2109, 0x210a, 0x212a, 0x210a, 0x210a, 0x210a, 0x210a, 0x210a, 0x210a, 0x210a,
0x210a, 0x210a, 0x210a, 0x2109, 0x20e9, 0x20e9, 0x18e9, 0x20e9, 0x20e9, 0x20e9,
0x210a, 0x210a, 0x212a, 0x212a, 0x210a, 0x210a, 0x210a, 0x210a, 0x210a, 0x210a,
0x20e9, 0x20e9, 0x20e9, 0x10a8, 0x1067, 0x18c9, 0x20e9, 0x20e9, 0x20e9, 0x210a,
0x210a, 0x210a, 0x210a, 0x210a, 0x18c9, 0x18c9, 0x18a9, 0x1088, 0x18c9, 0x20ea,
0x20ea, 0x20ea, 0x210a, 0x210a, 0x20ea, 0x18c9, 0x18a9, 0x1068, 0x1087, 0x0867,
0x0867, 0x1088, 0x1088, 0x18a8, 0x316c, 0x5a90, 0x5ab1, 0x39ad, 0x314b, 0x18a8,
0x20a8, 0x20a8, 0x1867, 0x1867, 0x20a8, 0x20a8, 0x1867, 0x28c7, 0x620d, 0x9b13,
0xb356, 0xc378, 0xc378, 0xc399, 0xc399, 0xc378, 0xc377, 0xbb76, 0xb375, 0xab73,
0xab70, 0xab70, 0xa350, 0xa350, 0xa350, 0xa350, 0xa350, 0xa350, 0xa350, 0xa350,
0xa350, 0xa350, 0xa350, 0xa34f, 0xa34f, 0xa32f, 0x9b2f, 0x9b0e, 0x9b0e, 0x9b0f,
0x9aef, 0x9aee, 0x9aee, 0x92ce, 0x8a6c, 0x826c, 0x92ef, 0x92ef, 0x9b0f, 0x9b2f,
0x9b30, 0xa350, 0xa350, 0xa350, 0xa350, 0xa350, 0xa370, 0xa371, 0xa371, 0xa371,
0xab92, 0xab92, 0xab92, 0xab92, 0xab92, 0xab72, 0xab73, 0xab73, 0xab72, 0xab72,
0xab73, 0xab73, 0xab73, 0xab73, 0xab73, 0xab73, 0xa373, 0xa373, 0xa373, 0xa373,
0xab73, 0xab73, 0xa353, 0xa353, 0xab53, 0xab53, 0xab53, 0xab53, 0xab53, 0xab53,

0x8414, 0x8c15, 0x8c35, 0x8c54, 0x8c34, 0x8c34, 0x8c33, 0x8c33, 0x8c32, 0x8c12,
0x8bf1, 0x8bf1, 0x8bf1, 0x8bd1, 0x8bd1, 0x8bd1, 0x8bd1, 0x8bb1, 0x8b90, 0x8b90,
0x8370, 0x8370, 0x834f, 0x8350, 0x834f, 0x8b70, 0x8b70, 0x8b70, 0x8b70, 0x8b70,
0x8b50, 0x8b70, 0x8b70, 0x8b70, 0x8b70, 0x8b70, 0x8b70, 0x8b70, 0x8b70, 0x8b70,
0x8b70, 0x8b70, 0x8b70, 0x8b70, 0x8b70, 0x9391, 0x8b70, 0x8b50, 0x8b50, 0x8b50,
0x8b50, 0x8b4f, 0x832f, 0x830f, 0x830e, 0x830e, 0x7aee, 0x7aee, 0x7aee, 0x72cd,
0x72cd, 0x72cd, 0x72ad, 0x72ad, 0x6aac, 0x6a6c, 0x624b, 0x622b, 0x5a0a, 0x59ea,
0x51c9, 0x4989, 0x4968, 0x4927, 0x722b, 0x92ad, 0x9acd, 0xa30e, 0xab2e, 0xb34e,
0xb34e, 0xbb4f, 0xbb4f, 0xbb70, 0xbb70, 0xc390, 0xc391, 0xc391, 0xc3b1, 0xcbd2,
0xcbf3, 0xcbf4, 0xcbf4, 0xcbf5, 0xd416, 0xd436, 0xd436, 0xd437, 0xd437, 0xdc58,
0xd458, 0xd438, 0xd458, 0xd478, 0xd479, 0xd499, 0xdcba, 0xdcdb, 0xe4fb, 0xe4fb,
0xe51c, 0xe51c, 0xe51c, 0xe51d, 0xe51d, 0xe53c, 0xe51c, 0xdd1c, 0xdd1c, 0xdd1c,
0xdd1c, 0xdcfc, 0xdd1c, 0xe53d, 0xe51d, 0xe51d, 0xe51d, 0xe51d, 0xe51d, 0xe51d,
0xe53e, 0xdd3e, 0xe53e, 0xdd3e, 0xe53d, 0xe51d, 0xdd1d, 0xd51d, 0xd55e, 0xc4dc,
0x7292, 0x290a, 0x20e9, 0x20e9, 0x18e9, 0x20e9, 0x2109, 0x2109, 0x210a, 0x210a,
0x210a, 0x210a, 0x210a, 0x210a, 0x210a, 0x210a, 0x210a, 0x210a, 0x210a, 0x210a,
0x2109, 0x210a, 0x210a, 0x2109, 0x210a, 0x210a, 0x210a, 0x210a, 0x210a, 0x210a,
0x210a, 0x20e9, 0x2109, 0x2109, 0x20e9, 0x20e9, 0x20e9, 0x20e9, 0x210a, 0x2109,
0x210a, 0x212a, 0x292a, 0x212a, 0x212a, 0x210a, 0x20e9, 0x210a, 0x290a, 0x2109,
0x20c9, 0x1888, 0x1067, 0x1088, 0x18c9, 0x20e9, 0x20e9, 0x2109, 0x210a, 0x210a,
0x292a, 0x210a, 0x20e9, 0x18c9, 0x18a8, 0x1088, 0x18a8, 0x210a, 0x292b, 0x210a,
0x210a, 0x292a, 0x292a, 0x20ea, 0x18c9, 0x18c9, 0x1088, 0x1068, 0x1067, 0x1087,
0x18a8, 0x18c9, 0x41ed, 0x5ab0, 0x526f, 0x314b, 0x18a8, 0x1888, 0x1888, 0x1888,
0x18a8, 0x1887, 0x1887, 0x20c8, 0x1887, 0x1887, 0x416b, 0x7aaf, 0xa374, 0xb355,
0xbb57, 0xc359, 0xc379, 0xc39a, 0xc3ba, 0xc379, 0xc378, 0xbb77, 0xb355, 0xab53,
0xab71, 0xab70, 0xa370, 0xa370, 0xa350, 0xa350, 0xa350, 0xa350, 0xa350, 0xa350,
0xa350, 0xa350, 0xa34f, 0xa34f, 0xa32f, 0x9b2f, 0xa32f, 0x9b0e, 0x9b0e, 0x9aef,
0x9aee, 0x9aee, 0x92ee, 0x8a8d, 0x8a6c, 0x92ae, 0x92ce, 0x9b0f, 0x9b0f, 0x9b2f,
0xa330, 0xa350, 0xa350, 0xa350, 0xa350, 0xa350, 0xa351, 0xa371, 0xa371, 0xa371,
0xab72, 0xa372, 0xab72, 0xab72, 0xab72, 0xa372, 0xa372, 0xa372, 0xa372, 0xa372,
0xa373, 0xa373, 0xa373, 0xa373, 0xab73, 0xa373, 0xa353, 0xa353, 0xa353, 0xa353,
0xa373, 0xa373, 0xa353, 0xa352, 0xa353, 0xa353, 0xa353, 0xa353, 0xa353, 0xa353,

0x8c15, 0x8c15, 0x8c35, 0x8c35, 0x8c34, 0x8c34, 0x8c54, 0x8c53, 0x8c33, 0x8c12,
0x8c12, 0x8bf1, 0x8bf1, 0x83f1, 0x83f1, 0x83d1, 0x8bd1, 0x8bd1, 0x8bb1, 0x8390,
0x8390, 0x8370, 0x8370, 0x8b70, 0x8b70, 0x8b70, 0x8b51, 0x8b51, 0x8b51, 0x8b51,
0x8b51, 0x8b51, 0x8b71, 0x8b71, 0x8b71, 0x8b71, 0x8b71, 0x8b71, 0x8b71, 0x8b71,
0x8b71, 0x8b71, 0x8b71, 0x8b71, 0x8b71, 0x8b70, 0x8b50, 0x8b50, 0x8b50, 0x8b50,
0x8b50, 0x832f, 0x832f, 0x830f, 0x830e, 0x830e, 0x7aee, 0x7aee, 0x7ace, 0x7acd,
0x7acd, 0x7acd, 0x72ad, 0x728c, 0x6a8c, 0x6a6c, 0x624b, 0x5a0a, 0x59ea, 0x51c9,
0x51a9, 0x4989, 0x5148, 0x7a0b, 0x92ad, 0x9acd, 0xa30e, 0xab0e, 0xab2f, 0xb34f,
0xb36f, 0xbb70, 0xb370, 0xbb70, 0xc370, 0xc390, 0xc391, 0xc391, 0xcbb2, 0xcbd3,
0xcbf4, 0xcbf4, 0xcbf5, 0xcc15, 0xd436, 0xd436, 0xd437, 0xd437, 0xd457, 0xdc78,
0xd478, 0xd478, 0xd478, 0xd479, 0xdc99, 0xdc9a, 0xdcba, 0xe4db, 0xe4fc, 0xe4fc,
0xe51c, 0xe51c, 0xe51c, 0xe51c, 0xe51c, 0xe53d, 0xe53c, 0xe51c, 0xdd1c, 0xdd1c,
0xdd1c, 0xdd1c, 0xdd1c, 0xe51d, 0xe51d, 0xdd1d, 0xdd1d, 0xdd1d, 0xe53d, 0xe53d,
0xe53d, 0xe53d, 0xe53d, 0xe53d, 0xdd1d, 0xe53e, 0xdd1d, 0xdd3e, 0xdd1d, 0xdd1d,
0xdd3e, 0x9bd8, 0x498e, 0x20ca, 0x210a, 0x20e9, 0x20c8, 0x20e9, 0x210a, 0x210a,
0x210a, 0x210a, 0x210a, 0x210a, 0x210a, 0x210a, 0x210a, 0x210a, 0x210a, 0x210a,
0x210a, 0x210a, 0x210a, 0x20e9, 0x2109, 0x210a, 0x210a, 0x20ea, 0x20ea, 0x28ea,
0x20ea, 0x20e9, 0x20e9, 0x2109, 0x2109, 0x2109, 0x212a, 0x212a, 0x210a, 0x2109,
0x2129, 0x212a, 0x212a, 0x212a, 0x212a, 0x292b, 0x396c, 0x316b, 0x290a, 0x20c9,
0x18a8, 0x20a8, 0x290a, 0x292b, 0x292b, 0x314b, 0x314b, 0x312b, 0x292b, 0x210a,
0x20ea, 0x18a9, 0x18a8, 0x20a9, 0x18a8, 0x20e9, 0x292a, 0x2109, 0x20e9, 0x2109,
0x2109, 0x2109, 0x18c8, 0x18a8, 0x1067, 0x0866, 0x10a8, 0x18c8, 0x20c8, 0x39ac,
0x5a8f, 0x5a8f, 0x41cc, 0x314a, 0x1866, 0x1846, 0x1887, 0x18a7, 0x18a7, 0x18a8,
0x10a8, 0x10c8, 0x18c8, 0x1887, 0x30c8, 0x59ec, 0x9312, 0xab34, 0xb355, 0xbb77,
0xbb79, 0xc379, 0xc37a, 0xcb7b, 0xcb9b, 0xcb7a, 0xc359, 0xc358, 0xbb36, 0xb334,
0xab52, 0xab71, 0xab70, 0xab6f, 0xa370, 0xa350, 0xa350, 0xa350, 0xa350, 0xa350,
0xa350, 0xa330, 0xa32f, 0xa32f, 0xa32f, 0xa32f, 0x9b0f, 0x9b0f, 0x9b0f, 0x92ee,
0x9b0f, 0x930e, 0x92ce, 0x826c, 0x8aad, 0x92ce, 0x9aef, 0x9aef, 0x9b0f, 0xa330,
0xa330, 0xa330, 0xa350, 0xa350, 0xa350, 0xa351, 0xa351, 0xa351, 0xa371, 0xa371,
0xa371, 0xa372, 0xa372, 0xa372, 0xa372, 0xa372, 0xa372, 0xa372, 0xa372, 0xa372,
0xa372, 0xa352, 0xa352, 0xa352, 0xa373, 0xa373, 0xa373, 0xa352, 0xa352, 0xa352,
0xa373, 0xa352, 0xa352, 0xa352, 0xa352, 0xa352, 0xa352, 0xa352, 0xa352, 0xa352,

0x8c15, 0x8c15, 0x8c35, 0x8c35, 0x8c35, 0x8c34, 0x8c34, 0x8c33, 0x8c33, 0x8c33,
0x8c12, 0x8c12, 0x8bf1, 0x83f1, 0x83f1, 0x83d1, 0x8bd1, 0x8bd1, 0x8bb1, 0x8390,
0x8390, 0x8390, 0x8370, 0x8b70, 0x8b70, 0x8b70, 0x8b51, 0x8b51, 0x8b51, 0x8b51,
0x8b51, 0x8b51, 0x8b71, 0x8b71, 0x8b71, 0x8b71, 0x8b71, 0x8b71, 0x8b71, 0x8b51,
0x8b51, 0x8b51, 0x8b51, 0x8b51, 0x8b50, 0x8b70, 0x8b50, 0x832f, 0x832f, 0x832f,
0x832f, 0x832f, 0x832f, 0x830f, 0x830e, 0x830e, 0x7aee, 0x7aee, 0x7ace, 0x7acd,
0x7acd, 0x7acd, 0x72ad, 0x728c, 0x6a8c, 0x6a6c, 0x622b, 0x5a0a, 0x59ea, 0x51a9,
0x49a9, 0x4968, 0x69ea, 0x8a8d, 0x9aee, 0xa30e, 0xab2e, 0xab2f, 0xb34f, 0xbb70,
0xbb90, 0xbbb1, 0xbbb1, 0xc3b0, 0xc3b0, 0xc391, 0xc391, 0xc391, 0xc391, 0xc3b2,
0xcbf4, 0xcc15, 0xcbf5, 0xcc15, 0xd416, 0xd436, 0xd437, 0xd437, 0xd438, 0xdc78,
0xd479, 0xd479, 0xd479, 0xd499, 0xdc99, 0xdcba, 0xdcbb, 0xe4db, 0xe4fc, 0xe4fc,
0xe51c, 0xe51c, 0xe51c, 0xe51c, 0xe51c, 0xe53d, 0xe53c, 0xe51c, 0xe51c, 0xe51c,
0xdcfc, 0xdcfc, 0xdcfc, 0xdd1c, 0xdd1d, 0xdd1d, 0xdd1d, 0xdd1d, 0xe51d, 0xe51d,
0xe51d, 0xe51d, 0xe53d, 0xe53d, 0xe53d, 0xdd3e, 0xdd1d, 0xdd3e, 0xe53e, 0xdd1d,
0xdcfd, 0xdd5e, 0xb47a, 0x5a30, 0x28ea, 0x292a, 0x2109, 0x20e9, 0x292a, 0x212a,
0x2109, 0x210a, 0x210a, 0x210a, 0x210a, 0x210a, 0x210a, 0x210a, 0x210a, 0x210a,
0x210a, 0x210a, 0x210a, 0x210a, 0x210a, 0x212a, 0x210a, 0x210a, 0x210a, 0x210a,
0x212a, 0x210a, 0x210a, 0x210a, 0x210a, 0x290a, 0x292a, 0x292a, 0x294b, 0x314b,
0x314b, 0x396c, 0x398d, 0x41cf, 0x5231, 0x5251, 0x62b2, 0x5a91, 0x41ae, 0x41ad,
0x522f, 0x524f, 0x5250, 0x5250, 0x5a71, 0x62b2, 0x5a91, 0x4a0f, 0x41ce, 0x39ce,
0x318d, 0x316c, 0x312b, 0x312a, 0x312a, 0x20e9, 0x294a, 0x420d, 0x316b, 0x292a,
0x20e9, 0x18e8, 0x20e9, 0x20e9, 0x318b, 0x318b, 0x41ed, 0x528f, 0x526f, 0x39ab,
0x2929, 0x18a8, 0x1046, 0x1046, 0x1887, 0x1087, 0x1087, 0x18a8, 0x18a8, 0x18a8,
0x18a7, 0x1886, 0x20a7, 0x498b, 0x7a8f, 0x9352, 0xa374, 0xb356, 0xbb77, 0xc398,
0xc399, 0xc37a, 0xc37a, 0xcb7b, 0xcb7b, 0xcb7b, 0xc35a, 0xc358, 0xbb36, 0xb354,
0xab52, 0xab51, 0xa350, 0xa36f, 0xa34f, 0xa350, 0xa330, 0xa330, 0xa330, 0xa350,
0xa32f, 0xa32f, 0xa30f, 0x9b0f, 0x9b0f, 0x9b0f, 0x9b0f, 0x9b0f, 0x9b0f, 0x92ee,
0x92ee, 0x92ee, 0x8aad, 0x824c, 0x92ce, 0x92ee, 0x9aef, 0x9b0f, 0x9b0f, 0xa330,
0xa330, 0xa330, 0xa350, 0xa350, 0xa350, 0xa351, 0xa351, 0xa351, 0xa371, 0xa371,
0xa371, 0xa372, 0xa372, 0xa372, 0xa372, 0xa372, 0xa352, 0xa352, 0xa372, 0xa372,
0xa372, 0xa352, 0xa352, 0xa352, 0xa352, 0xa352, 0xa352, 0xa352, 0xa352, 0xa352,
0xa352, 0xa352, 0xa352, 0xa332, 0xa332, 0xa332, 0xa332, 0xa332, 0xa332, 0xa332,

0x8c15, 0x8c15, 0x8c35, 0x8c35, 0x8c35, 0x8c34, 0x8c34, 0x8c33, 0x8c33, 0x8c33,
0x8c12, 0x8c12, 0x8bf2, 0x83f1, 0x83f1, 0x83d1, 0x8bd1, 0x8bd1, 0x8bb1, 0x8bb1,
0x8390, 0x8b90, 0x8370, 0x8b70, 0x8b70, 0x8b70, 0x8b51, 0x8b51, 0x8b51, 0x8b51,
0x8b51, 0x8b51, 0x8b51, 0x8b51, 0x8b51, 0x8b71, 0x8b71, 0x8b71, 0x8b51, 0x8b50,
0x8b50, 0x8b50, 0x8b50, 0x8b50, 0x8b50, 0x8b50, 0x8b50, 0x832f, 0x832f, 0x832f,
0x832f, 0x832f, 0x832f, 0x830e, 0x830e, 0x830e, 0x7aee, 0x7aee, 0x7ace, 0x7acd,
0x7acd, 0x7acd, 0x72ad, 0x728c, 0x6a6c, 0x626b, 0x622b, 0x5a0a, 0x59ea, 0x51a9,
0x4968, 0x61a9, 0x828d, 0x92ad, 0xa2ee, 0xab2e, 0xab4f, 0xb34f, 0xbb70, 0xbb90,
0xbbb0, 0xbbb1, 0xbbb1, 0xc3d1, 0xcbf1, 0xcbf2, 0xcbf2, 0xcbf2, 0xcbf2, 0xc3d3,
0xbbb3, 0xc3b3, 0xcbf4, 0xcc15, 0xd416, 0xd436, 0xd417, 0xd417, 0xd438, 0xd459,
0xd479, 0xd479, 0xd479, 0xd499, 0xdcba, 0xdcda, 0xe4db, 0xe4db, 0xe4fc, 0xe4fc,
0xe51c, 0xe51c, 0xe51c, 0xe51c, 0xe51c, 0xe53d, 0xe53c, 0xe51c, 0xdd1c, 0xdd1c,
0xdd1c, 0xdcfc, 0xdcfc, 0xdcfc, 0xdd1c, 0xdd1d, 0xdd1d, 0xdd1d, 0xdd1d, 0xdd1d,
0xdd1d, 0xe51d, 0xe53d, 0xe53d, 0xe53d, 0xdd3e, 0xdd1d, 0xdd1d, 0xdd3e, 0xdd1d,
0xdd1d, 0xdcfd, 0xd4fd, 0xbcdb, 0x6291, 0x20ea, 0x292b, 0x20e9, 0x20e9, 0x2109,
0x210a, 0x210a, 0x210a, 0x210a, 0x210a, 0x210a, 0x210a, 0x210a, 0x210a, 0x210a,
0x210a, 0x210a, 0x210a, 0x210a, 0x212a, 0x292a, 0x212a, 0x212a, 0x212a, 0x212a,
0x212a, 0x212a, 0x210a, 0x290a, 0x290a, 0x314b, 0x398c, 0x41cd, 0x4a2f, 0x5a4f,
0x5a30, 0x5210, 0x5a31, 0x6273, 0x6a95, 0x72d6, 0x62b3, 0x5231, 0x5211, 0x49f0,
0x5a51, 0x5230, 0x5231, 0x62b3, 0x5a92, 0x5251, 0x4a10, 0x5251, 0x5231, 0x4a10,
0x5230, 0x41cd, 0x398b, 0x394a, 0x398a, 0x2909, 0x1067, 0x2929, 0x314a, 0x41cc,
0x4a0d, 0x39cc, 0x4a6e, 0x39cc, 0x420d, 0x39cc, 0x2109, 0x20e9, 0x18a8, 0x1067,
0x1067, 0x1887, 0x1887, 0x18a8, 0x10a8, 0x10a8, 0x10a8, 0x18a8, 0x18a7, 0x1887,
0x2086, 0x4128, 0x726e, 0x8b11, 0x9b32, 0xa353, 0xb395, 0xbb97, 0xbb98, 0xc399,
0xcb9a, 0xc37a, 0xcb7a, 0xcb7a, 0xcb7a, 0xcb7b, 0xc35a, 0xc358, 0xbb37, 0xb355,
0xab73, 0xab51, 0xa350, 0xa34f, 0xa34f, 0xa34f, 0xa32f, 0xa32f, 0xa32f, 0xa32f,
0xa32f, 0xa32f, 0x9b0f, 0x9b0f, 0x9b0f, 0x9b0f, 0x9b0f, 0x9b0f, 0x9b0f, 0x92ee,
0x92ee, 0x92ce, 0x824c, 0x826c, 0x92ee, 0x92ee, 0x9aef, 0x9b0f, 0x9b0f, 0xa330,
0xa330, 0xa330, 0xa350, 0xa350, 0xa350, 0xa351, 0xa351, 0xa351, 0xa371, 0xa371,
0xa371, 0xa372, 0xa372, 0xa372, 0xa372, 0xa352, 0xa352, 0xa352, 0xa352, 0xa352,
0xa352, 0xa352, 0xa352, 0xa352, 0xa352, 0xa352, 0xa352, 0xa352, 0xa352, 0xa352,
0xa352, 0xa352, 0xa332, 0xa332, 0xa332, 0xa332, 0xa332, 0xa332, 0xa332, 0xa332,

0x8c15, 0x8c16, 0x8c35, 0x8c15, 0x8c35, 0x8c35, 0x8c14, 0x8413, 0x8413, 0x8c13,
0x8c13, 0x8bf2, 0x8bf2, 0x83d1, 0x83d1, 0x83d1, 0x8bf1, 0x8bd1, 0x8bb1, 0x8390,
0x8390, 0x8370, 0x8370, 0x8b70, 0x8b50, 0x8b50, 0x8b50, 0x8b50, 0x8b50, 0x8b51,
0x8b51, 0x8b51, 0x8b50, 0x8b50, 0x8b50, 0x8b50, 0x8b50, 0x8b50, 0x8b50, 0x8b50,
0x8b50, 0x8b50, 0x8b50, 0x8b50, 0x8b50, 0x8b50, 0x8b50, 0x832f, 0x832f, 0x832f,
0x832f, 0x832f, 0x830e, 0x830e, 0x830e, 0x830e, 0x7aee, 0x7aee, 0x7ace, 0x7acd,
0x7acd, 0x72ad, 0x728d, 0x728c, 0x6a6c, 0x624b, 0x622b, 0x5a0a, 0x51c9, 0x4988,
0x5988, 0x7a4b, 0x92cd, 0xa2ee, 0xab0f, 0xab2f, 0xb34f, 0xb370, 0xbb90, 0xbb90,
0xbbb0, 0xc3b1, 0xc3d1, 0xc3f1, 0xcbf2, 0xcbf2, 0xcc13, 0xd433, 0xd433, 0xcc34,
0xcc14, 0xc3f4, 0xc3d4, 0xc3d4, 0xc3d5, 0xc3f5, 0xcbf6, 0xd417, 0xd437, 0xd438,
0xd479, 0xd479, 0xd479, 0xd499, 0xd499, 0xdc9a, 0xdcba, 0xdcdb, 0xe4db, 0xdcdc,
0xe4fc, 0xe4fc, 0xe4fc, 0xe51c, 0xe51c, 0xe53d, 0xe53c, 0xe51c, 0xdd1c, 0xdd1c,
0xdcfc, 0xdcfc, 0xdd1c, 0xdd1c, 0xdd1c, 0xdd1c, 0xdd1c, 0xdd1c, 0xdd1d, 0xdd1d,
0xe51d, 0xe51d, 0xe51d, 0xe51d, 0xe53d, 0xdd3e, 0xdd3e, 0xdd3e, 0xdd3e, 0xdd3e,
0xdd1e, 0xe4fe, 0xd4dd, 0xccbc, 0xbcdb, 0x6ab2, 0x18a9, 0x210a, 0x2109, 0x20e9,
0x2109, 0x210a, 0x210a, 0x210a, 0x2109, 0x20e9, 0x210a, 0x210a, 0x210a, 0x210a,
0x210a, 0x210a, 0x212a, 0x292a, 0x292a, 0x210a, 0x292a, 0x212a, 0x210a, 0x210a,
0x292a, 0x296b, 0x398c, 0x49ee, 0x5a70, 0x5a70, 0x5a70, 0x62b1, 0x6291, 0x6271,
0x6a92, 0x6ab3, 0x7b16, 0x7b17, 0x72b7, 0x6a96, 0x6ab4, 0x6ad5, 0x7316, 0x6ab4,
0x6273, 0x5a32, 0x5231, 0x5a72, 0x5a52, 0x5231, 0x5a72, 0x6293, 0x5a72, 0x5252,
0x5250, 0x522f, 0x49cc, 0x418b, 0x41ab, 0x41ab, 0x396b, 0x1887, 0x1846, 0x2087,
0x1887, 0x18a7, 0x18c8, 0x18c8, 0x1087, 0x1087, 0x18a8, 0x18a8, 0x1887, 0x18a8,
0x18a8, 0x18a8, 0x18a8, 0x1887, 0x10a8, 0x18c8, 0x1887, 0x1866, 0x2087, 0x3949,
0x6a2d, 0x8acf, 0x9b31, 0xa332, 0xab34, 0xb355, 0xbb77, 0xc399, 0xc399, 0xc399,
0xc37a, 0xcb7a, 0xcb7b, 0xcb7b, 0xcb7b, 0xcb7b, 0xcb7b, 0xc359, 0xc338, 0xbb56,
0xb354, 0xab52, 0xa350, 0xa370, 0xa34f, 0xa34f, 0xa350, 0xa350, 0xa32f, 0xa32f,
0x9b0f, 0x9b0f, 0x9b0f, 0x9b0f, 0x9b0f, 0x9b0f, 0x9b0f, 0x9aef, 0x9aee, 0x92ee,
0x92ee, 0x8a8d, 0x824c, 0x8aad, 0x92ce, 0x9aef, 0x9aef, 0x9b0f, 0x9b0f, 0xa330,
0xa330, 0xa330, 0xa350, 0xa350, 0xa350, 0xa351, 0xa351, 0xa371, 0xa351, 0xa351,
0xa351, 0xa372, 0xa352, 0xa352, 0xa352, 0xa352, 0xa352, 0xa352, 0xa332, 0xa352,
0xa352, 0xa332, 0xa332, 0xa332, 0xa352, 0xa352, 0xa332, 0xa352, 0xa352, 0xa352,
0xa352, 0xa332, 0xa332, 0xa331, 0xa311, 0xa311, 0xa331, 0xa332, 0xa332, 0xa332,

0x8c16, 0x8c16, 0x8c16, 0x8c15, 0x8c15, 0x8c15, 0x8c14, 0x8414, 0x8413, 0x8c13,
0x8c13, 0x8bf2, 0x8bf2, 0x83f1, 0x83f1, 0x8bf1, 0x8bf1, 0x8bd1, 0x8bb1, 0x83b1,
0x8390, 0x8390, 0x8b70, 0x8b70, 0x8b50, 0x8b50, 0x8b50, 0x8b50, 0x8b50, 0x8b50,
0x8b50, 0x8b50, 0x8b50, 0x8b50, 0x8b50, 0x8b50, 0x8b50, 0x8b50, 0x8b50, 0x8b50,
0x8b50, 0x8b50, 0x8b50, 0x8b50, 0x8b50, 0x8b50, 0x8b50, 0x832f, 0x832f, 0x832f,
0x832f, 0x832f, 0x830e, 0x830e, 0x830e, 0x830e, 0x7aee, 0x7aee, 0x7ace, 0x7acd,
0x7acd, 0x72ad, 0x728c, 0x6a6c, 0x6a6c, 0x624b, 0x5a0a, 0x51e9, 0x4988, 0x4988,
0x6a2a, 0x92cd, 0x9aee, 0xab0e, 0xb32f, 0xb350, 0xb370, 0xbb90, 0xbb90, 0xbbb1,
0xc3b1, 0xc3d1, 0xc3f1, 0xc3f1, 0xcc12, 0xcc12, 0xcc13, 0xd433, 0xd454, 0xd455,
0xd476, 0xd476, 0xd456, 0xcc35, 0xbbb4, 0xb373, 0xbb73, 0xc3b4, 0xc3d5, 0xcc16,
0xcc17, 0xd458, 0xd499, 0xd499, 0xd479, 0xd479, 0xd49a, 0xdc9a, 0xdcbb, 0xdcdb,
0xdcfc, 0xdcdc, 0xdcfc, 0xe4fc, 0xe4fc, 0xe51c, 0xe51c, 0xe51c, 0xdd1c, 0xdd1c,
0xdcfc, 0xdcfc, 0xdcfc, 0xdcfc, 0xdcfc, 0xdd1c, 0xdd1c, 0xdd1c, 0xdd1d, 0xdd1d,
0xe51d, 0xe51d, 0xe51d, 0xe51d, 0xe53d, 0xdd3e, 0xdd3e, 0xdd3e, 0xdd3e, 0xdd3e,
0xdd1e, 0xe4fe, 0xdcfd, 0xd4bc, 0xccfd, 0xc51d, 0x6251, 0x18c9, 0x210a, 0x18c9,
0x20e9, 0x210a, 0x212a, 0x292a, 0x210a, 0x210a, 0x212a, 0x212a, 0x212a, 0x212a,
0x212a, 0x212a, 0x292a, 0x292a, 0x292a, 0x296b, 0x398c, 0x39ac, 0x41cd, 0x4a0e,
0x5a90, 0x6b12, 0x7312, 0x6ad2, 0x7b34, 0x6ab2, 0x6291, 0x6ad2, 0x6ab2, 0x72d3,
0x72b3, 0x72d5, 0x8357, 0x8337, 0x7b17, 0x72b5, 0x6254, 0x6a94, 0x72d5, 0x72d5,
0x7b36, 0x7315, 0x6ad3, 0x6ab3, 0x5a72, 0x5231, 0x62b3, 0x6292, 0x5231, 0x5250,
0x5250, 0x522f, 0x49cd, 0x49cd, 0x49ed, 0x41ab, 0x41ab, 0x49ac, 0x3129, 0x2087,
0x20a7, 0x20c8, 0x18c8, 0x18c8, 0x18c8, 0x18c8, 0x18c8, 0x18c8, 0x20e9, 0x20c8,
0x20c8, 0x20e9, 0x20c8, 0x18a8, 0x1887, 0x1866, 0x28a7, 0x4129, 0x6a2d, 0x82cf,
0x9b10, 0xa311, 0xa332, 0xb354, 0xbb76, 0xc378, 0xc379, 0xc39a, 0xc37a, 0xc37a,
0xcb7a, 0xcb7b, 0xcb7b, 0xcb7b, 0xcb7b, 0xcb7b, 0xcb7b, 0xc35a, 0xc339, 0xbb57,
0xb354, 0xab52, 0xa351, 0xa350, 0xa34f, 0xa34f, 0xa350, 0xa330, 0xa32f, 0xa32f,
0x9b0f, 0x9b0f, 0x9b0f, 0x9b0f, 0x9b0f, 0x9b0f, 0x9b0f, 0x9aef, 0x9aee, 0x92ee,
0x92ce, 0x824c, 0x826c, 0x8acd, 0x92ce, 0x9aef, 0x9aef, 0x9b0f, 0x9b0f, 0xa330,
0xa330, 0xa330, 0xa350, 0xa350, 0xa350, 0xa351, 0xa351, 0xa371, 0xa351, 0xa351,
0xa351, 0xa352, 0xa352, 0xa352, 0xa352, 0xa352, 0xa352, 0xa352, 0xa332, 0xa352,
0xa352, 0xa332, 0xa332, 0xa332, 0xa352, 0xa352, 0xa332, 0xa332, 0xa332, 0xa332,
0xa332, 0xa332, 0x9b11, 0xa311, 0xa311, 0xa311, 0xa311, 0xa332, 0xa332, 0xa332,

0x8c16, 0x8c16, 0x8c16, 0x8c15, 0x8c15, 0x8c15, 0x8c14, 0x8414, 0x8414, 0x8c13,
0x8c13, 0x8bf3, 0x8bf2, 0x83f1, 0x8bf1, 0x8bf1, 0x8bf1, 0x8bd1, 0x8bb1, 0x8bb1,
0x8bb1, 0x8b91, 0x8b90, 0x8b70, 0x8b50, 0x8b50, 0x8b50, 0x8b50, 0x8b50, 0x8b50,
0x8b50, 0x8b50, 0x8b50, 0x8b50, 0x8b50, 0x8b50, 0x8b50, 0x8b50, 0x8b50, 0x8b50,
0x8b50, 0x8b50, 0x8b50, 0x8b50, 0x8b50, 0x8b50, 0x8b50, 0x832f, 0x832f, 0x832f,
0x832f, 0x832f, 0x830e, 0x830e, 0x830e, 0x830e, 0x7aee, 0x7aee, 0x7ace, 0x7acd,
0x7acd, 0x728d, 0x728c, 0x6a6c, 0x624b, 0x622b, 0x59ea, 0x51c9, 0x4988, 0x5a0a,
0x82cc, 0x9b0d, 0xa32e, 0xb32f, 0xb34f, 0xbb70, 0xbb90, 0xbbb0, 0xc3b1, 0xc3d1,
0xc3d1, 0xc3f1, 0xcbf2, 0xcc12, 0xcc12, 0xcc12, 0xcc33, 0xd454, 0xd474, 0xd475,
0xd476, 0xd496, 0xd476, 0xd477, 0xcc56, 0xc415, 0xbb93, 0xb331, 0xb331, 0xb373,
0xbbb4, 0xc3f5, 0xcc37, 0xcc58, 0xd458, 0xd479, 0xd479, 0xd47a, 0xdc9a, 0xdcbb,
0xdcdb, 0xdcbb, 0xdcdb, 0xdcdb, 0xdcfc, 0xdcfc, 0xdd1c, 0xe51c, 0xdd1c, 0xdcfc,
0xdcfc, 0xdcfc, 0xdcfc, 0xdcfc, 0xdcfc, 0xdd1c, 0xdd1c, 0xdd1c, 0xdd1d, 0xdd1d,
0xe51d, 0xe51d, 0xe51d, 0xe51d, 0xe53d, 0xdd3e, 0xdd3e, 0xdd3e, 0xdd3e, 0xdd3e,
0xdd3e, 0xdd1e, 0xe51e, 0xdcdd, 0xdcdd, 0xccfd, 0xb47b, 0x39ad, 0x18e9, 0x20e9,
0x20e9, 0x2109, 0x292a, 0x292a, 0x210a, 0x210a, 0x292a, 0x292a, 0x210a, 0x210a,
0x292a, 0x316b, 0x39cd, 0x422e, 0x52b0, 0x62f1, 0x6b12, 0x7312, 0x7312, 0x7312,
0x7312, 0x7b53, 0x7313, 0x72d2, 0x72f3, 0x72d2, 0x6ab2, 0x72f3, 0x72d3, 0x7b15,
0x72f5, 0x6a94, 0x6ab4, 0x6a94, 0x72f5, 0x72b5, 0x7b16, 0x7b36, 0x6ab4, 0x6ab4,
0x6a93, 0x6252, 0x6292, 0x6292, 0x5a51, 0x5a51, 0x6ab3, 0x6271, 0x5230, 0x5250,
0x522f, 0x49ee, 0x49ad, 0x49ce, 0x51cd, 0x49ab, 0x418b, 0x49ab, 0x5a4e, 0x418b,
0x28c8, 0x18a7, 0x18a8, 0x18c8, 0x20e8, 0x20e9, 0x20e9, 0x20e9, 0x20e9, 0x18c8,
0x18a8, 0x1887, 0x1067, 0x18a8, 0x3109, 0x498b, 0x726e, 0x8acf, 0x92cf, 0xa2ef,
0xa310, 0xab52, 0xb354, 0xbb76, 0xbb78, 0xc379, 0xc37a, 0xc37a, 0xc37a, 0xcb7a,
0xcb7a, 0xcb7b, 0xcb7b, 0xcb9b, 0xcb9b, 0xcb9b, 0xcb7b, 0xcb7a, 0xc359, 0xbb57,
0xab55, 0xab33, 0xa351, 0xa34f, 0xa34f, 0x9b4f, 0xa32f, 0xa32f, 0x9b0f, 0xa32f,
0xa32f, 0x9b0f, 0x9b0f, 0x9b0f, 0x9b0f, 0x9b0f, 0x9b0f, 0x9aef, 0x9aef, 0x92ce,
0x828c, 0x824c, 0x8a8c, 0x92ce, 0x92ce, 0x9aef, 0x9aef, 0x9b0f, 0x9b0f, 0xa330,
0xa330, 0xa330, 0xa350, 0xa350, 0xa350, 0xa351, 0xa351, 0xa371, 0xa351, 0xa351,
0xa351, 0xa351, 0xa352, 0xa352, 0xa352, 0xa332, 0xa332, 0xa332, 0xa332, 0xa352,
0xa352, 0xa332, 0xa332, 0xa332, 0xa352, 0xa352, 0xa332, 0xa332, 0xa332, 0xa332,
0xa332, 0x9b11, 0x9b11, 0x9b11, 0xa311, 0xa311, 0xa311, 0xa311, 0xa311, 0xa311,

0x8c16, 0x8bf6, 0x8bf6, 0x8bf6, 0x8c15, 0x8c15, 0x8c15, 0x8c15, 0x8414, 0x8414,
0x8413, 0x8413, 0x8412, 0x83f2, 0x83f2, 0x8bf2, 0x8bd1, 0x8bd1, 0x83d1, 0x8bb1,
0x8bb1, 0x8b91, 0x8b91, 0x8b71, 0x8b71, 0x8b50, 0x8350, 0x8351, 0x8350, 0x8351,
0x8350, 0x8351, 0x8b51, 0x8b30, 0x8b30, 0x8330, 0x8b30, 0x8b30, 0x8b50, 0x8b50,
0x8b50, 0x8b50, 0x8b50, 0x8b50, 0x8b50, 0x8b30, 0x8330, 0x832f, 0x832f, 0x832f,
0x832f, 0x830f, 0x830e, 0x830e, 0x830e, 0x7aee, 0x7aee, 0x7ace, 0x7acd, 0x7acd,
0x72ad, 0x72ad, 0x728c, 0x6a4c, 0x622b, 0x5a0a, 0x51e9, 0x51a8, 0x59a9, 0x828c,
0x9aee, 0xa30e, 0xab4f, 0xb34f, 0xb370, 0xbb70, 0xbb90, 0xbbb1, 0xc3b1, 0xc3d1,
0xc3d1, 0xc3f1, 0xc3f2, 0xcc12, 0xcc12, 0xcc12, 0xcc12, 0xd453, 0xd474, 0xd475,
0xd476, 0xd476, 0xd476, 0xd456, 0xcc35, 0xcc35, 0xcc15, 0xcbf4, 0xbbb4, 0xb373,
0xb353, 0xb373, 0xbbb4, 0xbbd5, 0xc416, 0xcc57, 0xcc58, 0xcc78, 0xcc99, 0xd4ba,
0xd4ba, 0xd4ba, 0xd4ba, 0xd4da, 0xdcdb, 0xdcfb, 0xdcfb, 0xdcfb, 0xdd1c, 0xdcfc,
0xdcfc, 0xdcfc, 0xdcfc, 0xdcfc, 0xdcfc, 0xdcfc, 0xdcfc, 0xdd1c, 0xdd1d, 0xdd1d,
0xe51d, 0xe51d, 0xe51d, 0xe51d, 0xe53d, 0xdd3e, 0xdd3e, 0xdd3e, 0xdd3e, 0xdd3e,
0xdd3e, 0xdd3e, 0xdd1e, 0xe4fe, 0xdcdd, 0xd4dd, 0xccbc, 0x6291, 0x10a8, 0x210a,
0x20e9, 0x20e9, 0x210a, 0x292a, 0x290a, 0x290a, 0x290a, 0x292a, 0x316b, 0x41cd,
0x5a4f, 0x6ab1, 0x72f1, 0x7331, 0x7b52, 0x7b73, 0x8374, 0x7b54, 0x7b33, 0x7b33,
0x7b33, 0x7b33, 0x7b33, 0x7312, 0x7312, 0x72f2, 0x72f3, 0x7b34, 0x7b14, 0x72f4,
0x7315, 0x72d4, 0x72f4, 0x72d4, 0x6ab3, 0x6ab3, 0x6ad4, 0x72f4, 0x72d4, 0x72d4,
0x6a94, 0x6ab4, 0x72f4, 0x6ad3, 0x6272, 0x6292, 0x6af4, 0x6292, 0x5a71, 0x5a91,
0x5250, 0x4a0e, 0x49ed, 0x4a0d, 0x4a0d, 0x4a0d, 0x41ac, 0x416a, 0x59ec, 0x728e,
0x620b, 0x498a, 0x3108, 0x2086, 0x2066, 0x2066, 0x1866, 0x2066, 0x1866, 0x2086,
0x28a7, 0x30c7, 0x496a, 0x6a2c, 0x7a6d, 0x8acf, 0x92f0, 0x92d0, 0x9af1, 0xa312,
0xab33, 0xb354, 0xb355, 0xbb57, 0xbb58, 0xc359, 0xc37a, 0xcb7a, 0xcb7a, 0xcb7a,
0xcb7a, 0xcb7b, 0xcb7b, 0xcb7b, 0xcb7b, 0xcb7b, 0xcb7b, 0xcb7b, 0xc35a, 0xbb38,
0xb336, 0xab34, 0xab31, 0xa330, 0xa32f, 0x9b2f, 0xa32f, 0xa32f, 0x9b0f, 0x9b0f,
0x9b0f, 0x9b0f, 0x9b0f, 0x9b0f, 0x9b0f, 0x9b0f, 0x9b0f, 0x930f, 0x92ee, 0x8acd,
0x7a4c, 0x7a2c, 0x8a8d, 0x92ce, 0x92ce, 0x92ef, 0x9aef, 0x9b0f, 0x9b0f, 0x9b30,
0x9b30, 0x9b30, 0x9b50, 0xa350, 0xa351, 0xa351, 0xa351, 0xa351, 0xa351, 0xa351,
0xa351, 0xa351, 0xa351, 0xa351, 0xa332, 0xa332, 0xa332, 0xa332, 0xa352, 0xa352,
0xa352, 0xa332, 0xa332, 0xa332, 0xa352, 0xa352, 0xa352, 0xa332, 0x9b31, 0x9b11,
0x9b11, 0x9b31, 0x9b31, 0x9b31, 0xa311, 0xa311, 0xa311, 0xa331, 0xa331, 0xa331,

0x8bf7, 0x8bf6, 0x8bf6, 0x8bf6, 0x8bf6, 0x8bf5, 0x8c15, 0x8c15, 0x8414, 0x8414,
0x8413, 0x8413, 0x8413, 0x83f2, 0x83f2, 0x83f2, 0x8bf2, 0x8bd1, 0x8bd1, 0x8bb1,
0x8bb1, 0x8b91, 0x8b91, 0x8b71, 0x8b71, 0x8b51, 0x8351, 0x8351, 0x8351, 0x8351,
0x8351, 0x8351, 0x8b51, 0x8b31, 0x8330, 0x8330, 0x8330, 0x8b30, 0x8b50, 0x8b50,
0x8b50, 0x8b50, 0x8b50, 0x8b50, 0x8b50, 0x8b30, 0x8330, 0x832f, 0x832f, 0x832f,
0x832f, 0x830e, 0x830e, 0x830e, 0x830e, 0x7aee, 0x7aee, 0x7acd, 0x7acd, 0x72ad,
0x72ad, 0x72ad, 0x6a6c, 0x6a4b, 0x622b, 0x59ea, 0x51a9, 0x5188, 0x7a6c, 0x9aee,
0xa30e, 0xa32e, 0xab4f, 0xb370, 0xb370, 0xbb90, 0xbb90, 0xbbb1, 0xc3b1, 0xc3d1,
0xc3d1, 0xc3d1, 0xc3f2, 0xc3f2, 0xc3f2, 0xc3f2, 0xc3f2, 0xcc12, 0xcc32, 0xd434,
0xd455, 0xd455, 0xd455, 0xd455, 0xcc35, 0xcc34, 0xcc15, 0xcc35, 0xcc35, 0xcc36,
0xc3f5, 0xbbb4, 0xb393, 0xb394, 0xbbb4, 0xbbf5, 0xc436, 0xc477, 0xcc78, 0xcc79,
0xcc99, 0xcc99, 0xd4ba, 0xd4ba, 0xd4ba, 0xd4da, 0xd4da, 0xd4db, 0xd4db, 0xd4bb,
0xd4dc, 0xdcfc, 0xdcfc, 0xdcfc, 0xdcfc, 0xdcfc, 0xdcfc, 0xdd1c, 0xdd1d, 0xdd1d,
0xe51d, 0xe51d, 0xe51d, 0xe51d, 0xe53d, 0xdd3e, 0xdd3e, 0xdd3e, 0xdd3e, 0xdd3e,
0xdd3e, 0xdd3e, 0xdd1e, 0xdcfe, 0xdcdd, 0xd4bc, 0xccdc, 0x62b1, 0x10a8, 0x2109,
0x20e9, 0x20e9, 0x2109, 0x314b, 0x396b, 0x41ab, 0x4a0d, 0x5a8f, 0x6b11, 0x7b52,
0x7b33, 0x72f2, 0x72f0, 0x72f0, 0x7311, 0x7b32, 0x7b53, 0x7b73, 0x7b33, 0x7b53,
0x7b53, 0x7312, 0x7b33, 0x7b32, 0x7b32, 0x7b13, 0x7b14, 0x8355, 0x8355, 0x7b35,
0x7b15, 0x7314, 0x7b15, 0x7315, 0x6ab3, 0x6a93, 0x6ab3, 0x6ab4, 0x6ad4, 0x7315,
0x7b35, 0x7b15, 0x7314, 0x6293, 0x62b3, 0x6ad3, 0x7314, 0x6ad4, 0x62b3, 0x5a92,
0x5250, 0x4a0f, 0x4a0e, 0x4a0d, 0x4a2e, 0x522f, 0x49ed, 0x49ab, 0x498a, 0x6a2c,
0x726c, 0x6a4c, 0x6a4c, 0x622c, 0x620c, 0x59ec, 0x51cc, 0x51cc, 0x51eb, 0x620c,
0x6a4c, 0x7a6d, 0x82ae, 0x8ace, 0x92cf, 0x9af0, 0x9b11, 0xa311, 0xa312, 0xab33,
0xb354, 0xb335, 0xbb56, 0xbb57, 0xc378, 0xc379, 0xcb7a, 0xcb7a, 0xcb7a, 0xcb7a,
0xcb7a, 0xcb7b, 0xcb7b, 0xcb7b, 0xcb7b, 0xcb7b, 0xcb7b, 0xcb7a, 0xc35a, 0xbb38,
0xbb37, 0xb334, 0xab32, 0xa330, 0xa32f, 0x9b2f, 0xa32f, 0xa30f, 0x9b0f, 0x9b0f,
0x9b0f, 0x9b0f, 0x9b0f, 0x9b0f, 0x9b0f, 0x9b0f, 0x930e, 0x92ee, 0x8acd, 0x828d,
0x7a2c, 0x7a4c, 0x8aad, 0x92ce, 0x92ce, 0x92ef, 0x9b0f, 0x9b0f, 0x9b2f, 0x9b30,
0x9b30, 0x9b30, 0x9b50, 0xa351, 0xa351, 0xa351, 0xa351, 0xa351, 0xa351, 0xa331,
0xa331, 0xa331, 0xa331, 0xa331, 0xa331, 0xa332, 0xa332, 0xa332, 0xa332, 0xa332,
0xa332, 0x9b31, 0x9b31, 0x9b31, 0xa332, 0xa332, 0xa332, 0x9b31, 0x9b31, 0x9b11,
0x9b11, 0x9b31, 0x9b31, 0x9b31, 0xa311, 0xa311, 0xa311, 0xa311, 0xa331, 0xa331,

0x8bf6, 0x8bf7, 0x8c16, 0x8bf6, 0x8bf6, 0x8bf6, 0x8c16, 0x8c15, 0x8415, 0x8414,
0x8413, 0x8413, 0x8413, 0x83f2, 0x83f2, 0x83f2, 0x8bf2, 0x8bf2, 0x8bd1, 0x8bd2,
0x8bb2, 0x8bb1, 0x8b91, 0x8b71, 0x8b71, 0x8b51, 0x8351, 0x8351, 0x8351, 0x8351,
0x8351, 0x8351, 0x8b51, 0x8b31, 0x8330, 0x8330, 0x8330, 0x8b30, 0x8b30, 0x8330,
0x8330, 0x8b30, 0x8b50, 0x8b50, 0x8b50, 0x8b30, 0x8330, 0x832f, 0x832f, 0x832f,
0x830f, 0x830e, 0x830e, 0x830e, 0x830e, 0x7aee, 0x7aee, 0x7acd, 0x72ad, 0x72ad,
0x72ad, 0x728c, 0x6a4b, 0x622b, 0x620a, 0x51c9, 0x5188, 0x6a0a, 0x8aee, 0x9b0e,
0xa32f, 0xab4f, 0xb370, 0xb370, 0xb370, 0xbb90, 0xbbb1, 0xbbb1, 0xc3b1, 0xc3d1,
0xc3d1, 0xc3d1, 0xc3d1, 0xc3f2, 0xc3f2, 0xc3f2, 0xcbf2, 0xcc12, 0xcc12, 0xcc13,
0xc413, 0xc413, 0xc413, 0xcc13, 0xcc13, 0xcc13, 0xcc35, 0xcc35, 0xcc55, 0xcc35,
0xcc36, 0xcc36, 0xcc16, 0xc415, 0xbbd5, 0xb3b4, 0xb394, 0xb3b5, 0xbc16, 0xc458,
0xcc78, 0xcc79, 0xcc79, 0xcc79, 0xcc99, 0xcc99, 0xd4ba, 0xd4ba, 0xd4ba, 0xd4bb,
0xd4db, 0xdcfc, 0xdcfc, 0xdcfc, 0xdcfc, 0xdcfc, 0xdcfc, 0xdd1c, 0xdd1d, 0xdd1d,
0xe51d, 0xe51d, 0xe51d, 0xe51d, 0xe53d, 0xdd3e, 0xdd3e, 0xdd3e, 0xdd3e, 0xdd3e,
0xdd3e, 0xdd3e, 0xdd1e, 0xdcfe, 0xdcfd, 0xd4dd, 0xccdc, 0x6290, 0x1086, 0x20e8,
0x2109, 0x2109, 0x39cc, 0x5a8f, 0x6ad0, 0x6ad0, 0x7311, 0x7311, 0x7b31, 0x7b32,
0x7b13, 0x72d2, 0x6ad0, 0x72f0, 0x7311, 0x7b12, 0x7312, 0x7b53, 0x7b32, 0x7332,
0x7b73, 0x7b53, 0x7b53, 0x8352, 0x7b53, 0x7b33, 0x7b34, 0x8395, 0x8b76, 0x8355,
0x8356, 0x8356, 0x8355, 0x7b14, 0x72d3, 0x6ab3, 0x72b4, 0x72f5, 0x7b15, 0x7b35,
0x7b35, 0x72d4, 0x6ad3, 0x6ab3, 0x72d3, 0x72f4, 0x72f4, 0x72f4, 0x6ad3, 0x62b2,
0x5a70, 0x5a90, 0x5a70, 0x522e, 0x524f, 0x522f, 0x522e, 0x51ed, 0x498b, 0x51ab,
0x6a6d, 0x728d, 0x726c, 0x728d, 0x7aae, 0x7a8d, 0x7a8e, 0x7aae, 0x7aae, 0x82ae,
0x82ae, 0x8ace, 0x92cf, 0x92cf, 0x9af0, 0xa331, 0xa332, 0xab33, 0xab54, 0xb354,
0xb355, 0xbb56, 0xbb77, 0xc378, 0xc379, 0xc37a, 0xcb9a, 0xcb7a, 0xcb7a, 0xcb7a,
0xcb7a, 0xcb7b, 0xcb7b, 0xcb7b, 0xcb7b, 0xcb7b, 0xc35a, 0xc37a, 0xc37a, 0xc359,
0xbb37, 0xb335, 0xab32, 0xa330, 0xa32f, 0xa32f, 0x9b0f, 0x9b0f, 0x9b0f, 0x9b0f,
0x9b0f, 0x9b0f, 0x9b0f, 0x9b0f, 0x9b0f, 0x9b0f, 0x92ee, 0x92ce, 0x82ad, 0x7a6c,
0x722b, 0x826d, 0x8aae, 0x92ce, 0x92ef, 0x92ef, 0x9b0f, 0x9b0f, 0x9b2f, 0x9b30,
0x9b30, 0x9b30, 0x9b50, 0xa351, 0xa351, 0xa351, 0xa351, 0xa351, 0xa331, 0xa331,
0x9b31, 0xa331, 0xa331, 0xa331, 0xa331, 0xa332, 0xa332, 0xa332, 0x9b31, 0x9b31,
0x9b31, 0x9b31, 0x9b31, 0x9b31, 0xa331, 0xa331, 0xa331, 0x9b31, 0x9b31, 0x9b11,
0x9b11, 0x9b31, 0x9b31, 0x9b31, 0xa311, 0xa311, 0xa311, 0x9b11, 0xa311, 0xa331,

0x8bf7, 0x8bf7, 0x8bf7, 0x8bf6, 0x8bf6, 0x8bf6, 0x8c16, 0x8c16, 0x8c15, 0x8c15,
0x8414, 0x83f3, 0x8413, 0x83f3, 0x83f3, 0x8bf2, 0x8bf2, 0x8bf2, 0x8bf2, 0x8bf2,
0x8bd2, 0x8bb1, 0x8b91, 0x8b91, 0x8b71, 0x8b71, 0x8351, 0x8351, 0x8351, 0x8351,
0x8351, 0x8351, 0x8b30, 0x8b30, 0x8330, 0x8330, 0x8330, 0x8330, 0x8330, 0x8330,
0x8330, 0x8330, 0x8b30, 0x8b30, 0x8b30, 0x8330, 0x8330, 0x832f, 0x832f, 0x832f,
0x830e, 0x830f, 0x830e, 0x830e, 0x830e, 0x7aee, 0x7ace, 0x7acd, 0x72ad, 0x72ad,
0x728c, 0x6a6c, 0x6a4b, 0x620a, 0x59ea, 0x5188, 0x61a9, 0x8acd, 0x9b0e, 0xa32f,
0xab6f, 0xab6f, 0xb390, 0xb390, 0xbb90, 0xbbb1, 0xbbb1, 0xbbb1, 0xc3d1, 0xc3d1,
0xc3b1, 0xc3d1, 0xc3d1, 0xc3f2, 0xc3f2, 0xc3f2, 0xcbf2, 0xcc12, 0xcc12, 0xc3f2,
0xc3f2, 0xc3f2, 0xc3f2, 0xc3f2, 0xc3f2, 0xc3f2, 0xc413, 0xcc14, 0xcc35, 0xcc35,
0xcc56, 0xcc36, 0xcc36, 0xcc36, 0xcc57, 0xcc77, 0xc436, 0xb3d5, 0xb3b5, 0xb3d5,
0xbbf6, 0xc458, 0xcc58, 0xc458, 0xc458, 0xcc78, 0xcc99, 0xcc99, 0xd4ba, 0xd4bb,
0xd4db, 0xd4db, 0xd4dc, 0xdcdc, 0xdcfc, 0xdcfc, 0xdcfc, 0xdd1c, 0xdd1d, 0xdd1d,
0xdd1d, 0xe51d, 0xe51d, 0xe53d, 0xe53d, 0xdd3e, 0xdd3e, 0xdd3e, 0xdd3e, 0xdd3e,
0xdd3e, 0xdd1e, 0xdd1e, 0xdd1e, 0xdcfd, 0xccdc, 0xc4dc, 0x51ed, 0x2929, 0x526e,
0x5a6e, 0x5a6e, 0x62d0, 0x6af0, 0x7af1, 0x72f1, 0x72f1, 0x72f1, 0x7af1, 0x7b32,
0x7b34, 0x7b13, 0x72d1, 0x72d0, 0x72f1, 0x7312, 0x7312, 0x7b32, 0x7b53, 0x7312,
0x7332, 0x7b53, 0x7b32, 0x8352, 0x8373, 0x8353, 0x7b33, 0x8354, 0x8b95, 0x8375,
0x8b96, 0x8b96, 0x8b96, 0x8b76, 0x8375, 0x8355, 0x8336, 0x7b15, 0x7b15, 0x7af4,
0x72f4, 0x72b3, 0x6ab2, 0x6ad3, 0x72d3, 0x7b14, 0x7b34, 0x72d3, 0x6ad3, 0x6ab2,
0x62b1, 0x6ab1, 0x62b1, 0x5a70, 0x5a70, 0x5a70, 0x5a6f, 0x520e, 0x51cc, 0x51ac,
0x622d, 0x7a8d, 0x7a8d, 0x82ad, 0x7a8d, 0x828d, 0x82ad, 0x8aae, 0x8acf, 0x92ef,
0x92ef, 0x9af0, 0x9b10, 0xa310, 0xa332, 0xab33, 0xab53, 0xab54, 0xb355, 0xb356,
0xbb56, 0xbb57, 0xbb57, 0xc378, 0xc399, 0xcb9a, 0xcb9a, 0xcb9a, 0xcb9a, 0xcb7a,
0xcb7b, 0xcb7b, 0xcb7b, 0xcb7b, 0xcb7b, 0xc35a, 0xc35a, 0xc37a, 0xc379, 0xc359,
0xbb37, 0xbb35, 0xb333, 0xab31, 0xa330, 0xa32f, 0x9b0f, 0x9b0f, 0x9b0f, 0x9b0f,
0x9b0f, 0x9b0f, 0x9b0f, 0x9b0f, 0x9b0f, 0x9b0f, 0x92ee, 0x8acd, 0x828d, 0x722b,
0x722b, 0x828d, 0x8aae, 0x92ce, 0x92ef, 0x92ef, 0x9b0f, 0x9b0f, 0x9b2f, 0x9b30,
0x9b30, 0xa350, 0xa350, 0xa351, 0xa351, 0xa351, 0xa331, 0xa331, 0xa331, 0x9b31,
0x9b31, 0x9b31, 0x9b31, 0x9b31, 0x9b31, 0xa332, 0xa332, 0x9b31, 0x9b31, 0x9b31,
0x9b31, 0x9b31, 0x9b31, 0x9b31, 0x9b31, 0x9b31, 0x9b31, 0xa331, 0x9b31, 0x9b11,
0x9b11, 0x9b11, 0x9b11, 0x9b11, 0xa311, 0xa311, 0xa311, 0xa311, 0xa311, 0xa311,

0x8bd7, 0x8bf7, 0x8bf7, 0x8bf7, 0x8bf6, 0x8bf6, 0x8bf6, 0x8c16, 0x8c15, 0x8c15,
0x8414, 0x83f3, 0x8413, 0x83f3, 0x83f3, 0x8bf3, 0x8bf2, 0x8bd2, 0x8bf2, 0x8bf2,
0x8bd2, 0x8bb1, 0x8bb1, 0x8b91, 0x8b91, 0x8b71, 0x8b71, 0x8b51, 0x8351, 0x8351,
0x8351, 0x8351, 0x8330, 0x8330, 0x8330, 0x8330, 0x8330, 0x8330, 0x8330, 0x8330,
0x8330, 0x8330, 0x8330, 0x8330, 0x8330, 0x8330, 0x8330, 0x832f, 0x832f, 0x832f,
0x830e, 0x830f, 0x830e, 0x830e, 0x7aee, 0x7ace, 0x7acd, 0x7acd, 0x72ad, 0x728c,
0x6a6c, 0x6a4c, 0x622b, 0x620a, 0x59e9, 0x59c9, 0x828c, 0x9b0e, 0x9b0e, 0xa34f,
0xab6f, 0xb370, 0xb390, 0xbb90, 0xbb90, 0xbbb1, 0xbbb1, 0xc3b1, 0xc3d1, 0xc3d1,
0xc3d1, 0xc3f2, 0xcbf2, 0xcbf2, 0xcbf2, 0xcbf2, 0xcbf2, 0xcbf2, 0xcbf2, 0xc3f2,
0xc3f2, 0xc3f2, 0xc3f2, 0xc3f2, 0xc3f2, 0xc3f2, 0xc3f3, 0xc414, 0xcc34, 0xcc35,
0xd455, 0xcc56, 0xcc36, 0xcc36, 0xcc57, 0xcc78, 0xd4b8, 0xd4b9, 0xcc78, 0xc457,
0xbbf6, 0xb3b5, 0xb3d5, 0xbc16, 0xc457, 0xcc78, 0xcc78, 0xcc79, 0xcc99, 0xd4ba,
0xd4db, 0xd4bb, 0xd4db, 0xdcdc, 0xdcfc, 0xdcfc, 0xdcfc, 0xdd1c, 0xdd1d, 0xdd1d,
0xdd1d, 0xdd1d, 0xe51d, 0xe51d, 0xdd1d, 0xdd1d, 0xdd1d, 0xdd3e, 0xdd3e, 0xdd1d,
0xdd1d, 0xdd1e, 0xdd1e, 0xdd1e, 0xd4fd, 0xcd1d, 0xa3d8, 0x394b, 0x6ad0, 0x7332,
0x7311, 0x6ad1, 0x6ad1, 0x7312, 0x7b33, 0x7af2, 0x72f1, 0x72f1, 0x7b12, 0x8333,
0x8354, 0x7b34, 0x72f1, 0x72d1, 0x7312, 0x7b12, 0x7312, 0x7312, 0x7b52, 0x7b32,
0x7332, 0x7332, 0x7311, 0x7311, 0x72f1, 0x7b32, 0x7b33, 0x8374, 0x8bb6, 0x8b96,
0x8bb6, 0x8b96, 0x8b96, 0x8bb6, 0x93b6, 0x8b97, 0x8b97, 0x8356, 0x8335, 0x7b34,
0x72f3, 0x72d2, 0x72d3, 0x72d3, 0x72f4, 0x7b14, 0x7b34, 0x72d3, 0x6ad2, 0x72f2,
0x6291, 0x62b1, 0x6291, 0x6291, 0x6291, 0x62b1, 0x62b1, 0x6290, 0x626f, 0x5a2f,
0x51cd, 0x6a2d, 0x82ce, 0x82ae, 0x828e, 0x8aae, 0x8aae, 0x92ae, 0x92cf, 0x9af0,
0x9b11, 0xa311, 0xa332, 0xab32, 0xab33, 0xab54, 0xb355, 0xb355, 0xb356, 0xbb57,
0xbb77, 0xbb78, 0xc378, 0xc379, 0xc399, 0xcb9a, 0xcb9a, 0xcb9a, 0xcb9a, 0xcb7a,
0xcb7b, 0xcb7b, 0xcb7b, 0xcb7b, 0xcb7a, 0xc35a, 0xc37a, 0xc379, 0xc379, 0xc359,
0xc338, 0xbb35, 0xb333, 0xab11, 0xa310, 0xa30f, 0x9b0f, 0x9b0f, 0x9b0f, 0x9b0f,
0x9b0f, 0x9b0f, 0x9b0f, 0x9b0f, 0x9aee, 0x92ee, 0x8ace, 0x8aad, 0x828c, 0x722b,
0x7a2b, 0x8aad, 0x8aae, 0x92ce, 0x92ce, 0x92ef, 0x9b0f, 0x9b0f, 0x9b2f, 0x9b30,
0x9b30, 0xa350, 0xa350, 0xa351, 0xa351, 0xa351, 0xa331, 0x9b31, 0xa331, 0x9b31,
0x9b11, 0x9b31, 0x9b31, 0x9b31, 0x9b31, 0x9b31, 0x9b31, 0x9b31, 0x9b31, 0x9b31,
0x9b31, 0x9b31, 0x9b31, 0x9b31, 0x9b31, 0x9b31, 0x9b31, 0xa331, 0x9b31, 0x9b31,
0x9b11, 0x9b11, 0x9b11, 0x9b11, 0xa311, 0xa311, 0xa311, 0xa311, 0xa311, 0xa311,

0x8bd7, 0x8bf7, 0x8bf7, 0x8bf7, 0x8bf7, 0x8bf6, 0x8bf6, 0x83f6, 0x83f5, 0x8c15,
0x8c15, 0x8414, 0x8414, 0x83f4, 0x83f3, 0x8bf3, 0x8bf3, 0x8bf2, 0x8bd2, 0x8bf2,
0x8bf2, 0x8bd2, 0x8bd2, 0x8bb1, 0x8bb1, 0x8b91, 0x8b71, 0x8b71, 0x8b51, 0x8351,
0x8351, 0x8351, 0x8330, 0x8330, 0x8330, 0x8330, 0x8330, 0x8330, 0x8330, 0x8330,
0x8330, 0x8330, 0x8330, 0x8330, 0x8330, 0x8330, 0x8330, 0x832f, 0x832f, 0x832f,
0x830e, 0x830e, 0x830e, 0x7aee, 0x7aee, 0x7acd, 0x7acd, 0x72ad, 0x728d, 0x728c,
0x6a6c, 0x6a2b, 0x620b, 0x59ea, 0x59c9, 0x724b, 0x9b0e, 0xa30e, 0xa32f, 0xab6f,
0xab6f, 0xb390, 0xb390, 0xbb90, 0xbb90, 0xbbb1, 0xbbb1, 0xc3b1, 0xc3d1, 0xc3d1,
0xc3d1, 0xc3f2, 0xcbf2, 0xcbf2, 0xcbf2, 0xcbf2, 0xcc12, 0xcc12, 0xcc12, 0xc3f2,
0xc3f2, 0xc3f2, 0xc3f2, 0xc3f2, 0xc3f2, 0xc3f3, 0xc3f3, 0xc3f3, 0xc3f3, 0xc414,
0xcc35, 0xcc55, 0xcc36, 0xcc57, 0xcc57, 0xcc57, 0xcc98, 0xd4b9, 0xd4d9, 0xd4d9,
0xd4b9, 0xcc78, 0xc436, 0xb3b5, 0xb3b5, 0xbc16, 0xc458, 0xcc98, 0xcc99, 0xcc99,
0xd4ba, 0xd4db, 0xd4db, 0xdcdc, 0xdcfc, 0xdcfc, 0xdcfc, 0xdd1c, 0xdd1d, 0xdd1d,
0xdd1d, 0xdcfc, 0xdcfd, 0xe51d, 0xdd1d, 0xdd1d, 0xdd1d, 0xdd1d, 0xdd1d, 0xdd1d,
0xdd1d, 0xdd1d, 0xdcfd, 0xdcfd, 0xd4fd, 0xccfc, 0x8b56, 0x6291, 0x7312, 0x7312,
0x72f2, 0x72f2, 0x7312, 0x7b33, 0x7b54, 0x7b33, 0x7313, 0x7b13, 0x7b54, 0x8375,
0x8b96, 0x8b95, 0x8373, 0x7b32, 0x7b53, 0x8354, 0x7b53, 0x7b52, 0x7b73, 0x7b52,
0x7332, 0x7332, 0x7331, 0x72f0, 0x72f1, 0x7311, 0x7b33, 0x8354, 0x8375, 0x8b96,
0x8b96, 0x8b96, 0x8b96, 0x8b76, 0x8b96, 0x9397, 0x93b8, 0x8b77, 0x8b96, 0x8355,
0x72d2, 0x7af2, 0x72f3, 0x7b34, 0x7b14, 0x7b14, 0x7b14, 0x72d3, 0x72d2, 0x72f2,
0x6a91, 0x6ab1, 0x6ab1, 0x6ab2, 0x6ad2, 0x62b1, 0x62b1, 0x62b1, 0x6270, 0x5a4f,
0x5a2f, 0x59ec, 0x6a2c, 0x82cf, 0x8acf, 0x8ace, 0x92ce, 0x92cf, 0x9af1, 0xa311,
0xa332, 0xa333, 0xa354, 0xab54, 0xab54, 0xb355, 0xb356, 0xb356, 0xbb57, 0xbb78,
0xbb78, 0xbb79, 0xc399, 0xc379, 0xc379, 0xcb79, 0xcb7a, 0xcb7a, 0xcb7a, 0xcb7a,
0xcb7a, 0xcb7b, 0xcb7b, 0xc35a, 0xc37a, 0xcb7a, 0xcb7a, 0xc379, 0xc379, 0xc359,
0xc338, 0xbb16, 0xb313, 0xab11, 0xa310, 0xa310, 0x9b0f, 0x9b0f, 0x9b0f, 0x9b0f,
0x9b0f, 0x9b0f, 0x9b0f, 0x9aef, 0x9ace, 0x92ce, 0x8aad, 0x8a8d, 0x826c, 0x720b,
0x7a4c, 0x8aad, 0x8aae, 0x92ce, 0x92ce, 0x92ef, 0x9b0f, 0x9b0f, 0x9b2f, 0x9b30,
0x9b30, 0xa350, 0xa350, 0xa351, 0xa351, 0xa351, 0xa331, 0x9b31, 0x9b31, 0x9b11,
0x9b10, 0x9b11, 0x9b31, 0x9b31, 0x9b31, 0x9b31, 0x9b31, 0x9b31, 0x9b31, 0x9b31,
0x9b31, 0x9b31, 0x9b31, 0x9b31, 0x9b31, 0x9b31, 0x9b31, 0x9b31, 0x9b11, 0x9b11,
0x9b11, 0x9b11, 0x9b11, 0x9b11, 0xa311, 0xa311, 0xa311, 0xa311, 0xa311, 0xa311,

0x8bf8, 0x8bf8, 0x8bf7, 0x8bf7, 0x8bf7, 0x8bf7, 0x8bf6, 0x8bf6, 0x8bf6, 0x8c15,
0x8c15, 0x8414, 0x8414, 0x83f4, 0x83f3, 0x83f3, 0x83f3, 0x83f2, 0x8bf2, 0x8bf2,
0x8bf2, 0x8bf2, 0x8bd2, 0x8bb1, 0x8391, 0x8b91, 0x8b71, 0x8b71, 0x8b51, 0x8350,
0x8350, 0x8330, 0x8330, 0x8330, 0x8330, 0x8330, 0x8330, 0x8330, 0x8330, 0x8330,
0x8330, 0x8330, 0x8330, 0x8330, 0x8330, 0x832f, 0x832f, 0x832f, 0x832f, 0x832f,
0x830f, 0x830f, 0x830e, 0x7aee, 0x7acd, 0x7acd, 0x72ad, 0x72ad, 0x728d, 0x6a8c,
0x6a4c, 0x622b, 0x5a0a, 0x59c9, 0x6a2a, 0x8aed, 0x9b0f, 0xa32f, 0xab4f, 0xab70,
0xb390, 0xb390, 0xb3b0, 0xbbb0, 0xbb90, 0xbbb1, 0xbbb1, 0xbbb1, 0xc3d1, 0xc3d1,
0xc3d1, 0xc3d1, 0xc3f2, 0xc3f2, 0xc3f2, 0xcbf2, 0xcc12, 0xcc12, 0xcc12, 0xcc13,
0xc3f3, 0xc3f3, 0xc3f3, 0xc3f3, 0xc3f3, 0xc3f3, 0xbbf2, 0xc3f3, 0xc3f3, 0xc3f3,
0xc414, 0xc414, 0xcc35, 0xcc56, 0xcc57, 0xcc57, 0xcc57, 0xcc57, 0xd4b9, 0xd4d9,
0xd4b9, 0xd4d9, 0xd4d9, 0xd4b9, 0xc437, 0xbc17, 0xbc17, 0xc458, 0xcc79, 0xcc99,
0xd4ba, 0xd4db, 0xd4dc, 0xdcfc, 0xdcfc, 0xdcfc, 0xdcfc, 0xdd1c, 0xdd1d, 0xdd1d,
0xdd1d, 0xdd1d, 0xdd1d, 0xdd1d, 0xdd1d, 0xdd1d, 0xdd1d, 0xdd1d, 0xdd1d, 0xdd1d,
0xdcfd, 0xdcfd, 0xdcfd, 0xd51d, 0xccfc, 0xa419, 0x8335, 0x8354, 0x7b33, 0x7b33,
0x7b13, 0x7b33, 0x8354, 0x8374, 0x8395, 0x8354, 0x8375, 0x8375, 0x8375, 0x8b95,
0x93d6, 0x93d6, 0x8b94, 0x8373, 0x8374, 0x8b74, 0x8bb5, 0x8bd5, 0x83b4, 0x8373,
0x7332, 0x7332, 0x7b52, 0x7330, 0x7b31, 0x7b32, 0x7b53, 0x8375, 0x8bb6, 0x93b6,
0x93b6, 0x93d7, 0x93d6, 0x8b95, 0x8b95, 0x8b96, 0x9397, 0x9396, 0x93b6, 0x8b75,
0x7af2, 0x7b13, 0x7b13, 0x7b33, 0x7b34, 0x7b14, 0x7b13, 0x72d2, 0x6ad2, 0x6ad1,
0x6ad2, 0x6ad1, 0x6ad2, 0x6ad2, 0x72f2, 0x6ad2, 0x62b2, 0x6291, 0x5a50, 0x62b1,
0x6291, 0x5a2d, 0x59ec, 0x6a4d, 0x8af0, 0x92f0, 0x92ef, 0x9b10, 0x9b12, 0xa333,
0xa333, 0xa334, 0xab54, 0xab55, 0xb355, 0xb376, 0xbb76, 0xbb77, 0xc378, 0xc378,
0xc378, 0xbb78, 0xc378, 0xc379, 0xc379, 0xc379, 0xc379, 0xc37a, 0xcb7a, 0xc37a,
0xcb7a, 0xcb7a, 0xcb7a, 0xc35a, 0xc35a, 0xc37a, 0xc379, 0xc379, 0xc379, 0xc359,
0xc358, 0xbb16, 0xb313, 0xab11, 0xa310, 0xa30f, 0x9b0f, 0x9b0f, 0x9b0f, 0x9b0f,
0x9b0f, 0x9b0f, 0x9b0f, 0x9aef, 0x92ce, 0x8ace, 0x8aad, 0x828d, 0x7a4b, 0x69ea,
0x7a6c, 0x8aad, 0x8aae, 0x92ce, 0x92ce, 0x92ef, 0x9b0f, 0x9b0f, 0x9b2f, 0x9b0f,
0x9b30, 0x9b30, 0xa350, 0xa351, 0xa351, 0xa351, 0xa351, 0x9b31, 0x9b11, 0x9b11,
0x9b11, 0x9b11, 0x9b11, 0x9b11, 0x9b11, 0x9b11, 0x9b11, 0x9b11, 0x9b31, 0x9b31,
0x9b31, 0x9b31, 0x9b31, 0x9b31, 0x9b31, 0x9b31, 0x9b31, 0x9b11, 0x9b11, 0x9b11,
0x9b11, 0x9b11, 0x9b11, 0x9b11, 0x9b11, 0x9b11, 0x9b11, 0xa331, 0xa311, 0xa331,

0x8bf8, 0x8bf8, 0x8bf8, 0x8bf8, 0x8bf8, 0x8bf8, 0x8bf7, 0x8bf6, 0x8bf6, 0x8bf6,
0x8bf5, 0x8bf4, 0x83f4, 0x83f4, 0x8414, 0x8413, 0x8413, 0x8413, 0x8412, 0x83f2,
0x8bf2, 0x83d2, 0x83d1, 0x83b1, 0x8391, 0x8371, 0x8b71, 0x8371, 0x8350, 0x8b50,
0x8b30, 0x8b30, 0x8330, 0x8330, 0x8330, 0x8330, 0x8330, 0x8330, 0x8330, 0x8330,
0x8330, 0x8330, 0x8350, 0x8330, 0x8330, 0x830f, 0x830f, 0x830f, 0x830f, 0x830f,
0x830f, 0x830f, 0x830e, 0x7ace, 0x7acd, 0x7acd, 0x72ad, 0x728d, 0x6a6d, 0x6a6c,
0x624b, 0x622b, 0x59c9, 0x61ea, 0x8aad, 0x9b0e, 0xa32f, 0xa34f, 0xab50, 0xb370,
0xb390, 0xb390, 0xb3b0, 0xb3b0, 0xb3b0, 0xbbb1, 0xbbb1, 0xbbb1, 0xbbb1, 0xbbd2,
0xc3d2, 0xc3d2, 0xc3f2, 0xc3f2, 0xc3f2, 0xcc13, 0xcc13, 0xcc13, 0xcc13, 0xcc13,
0xcc13, 0xcc13, 0xcc13, 0xcc13, 0xcbf3, 0xc3f3, 0xbbf2, 0xbbf2, 0xbbf2, 0xc413,
0xc414, 0xc434, 0xcc55, 0xc456, 0xc436, 0xc456, 0xc436, 0xc416, 0xc416, 0xc437,
0xcc98, 0xd4d9, 0xd4da, 0xd4da, 0xd4ba, 0xd4da, 0xc479, 0xc479, 0xc479, 0xcc99,
0xccba, 0xd4db, 0xd4dc, 0xdcfc, 0xdcfc, 0xdcfc, 0xdcfc, 0xdcfd, 0xdd1d, 0xdd1d,
0xdd1d, 0xdd1d, 0xdd1d, 0xdd1d, 0xdd1d, 0xdd1d, 0xdd1d, 0xdd1d, 0xdd1d, 0xdcfd,
0xdcfd, 0xd4fd, 0xd4fc, 0xcd1c, 0xac39, 0x8355, 0x8355, 0x8354, 0x8354, 0x8333,
0x8353, 0x8354, 0x8354, 0x8b74, 0x93b5, 0x93b5, 0x93d6, 0x9bf7, 0x8b95, 0x8b95,
0x93d5, 0x8b95, 0x8b74, 0x8b74, 0x8374, 0x8b74, 0x8bb5, 0x8bd6, 0x8b95, 0x8373,
0x7b32, 0x72f1, 0x7310, 0x7330, 0x7b31, 0x7b52, 0x8374, 0x93d7, 0x93f8, 0x9bf8,
0x9bf8, 0x9bf7, 0x93b6, 0x8b74, 0x8b94, 0x8b74, 0x8b95, 0x93b5, 0x8b95, 0x8b75,
0x8354, 0x8334, 0x7b32, 0x7b53, 0x8355, 0x8355, 0x7b34, 0x7b13, 0x72f2, 0x6ad1,
0x6ad1, 0x6af2, 0x72f2, 0x72f2, 0x72f2, 0x6ad2, 0x72f3, 0x6ad3, 0x6ad3, 0x72f3,
0x6271, 0x628f, 0x626f, 0x59ec, 0x6a2d, 0x8af0, 0x9b51, 0x9b11, 0xa333, 0xa353,
0xab34, 0xab34, 0xb355, 0xb355, 0xb376, 0xb377, 0xbb77, 0xbb77, 0xc378, 0xc378,
0xc378, 0xc378, 0xc378, 0xc379, 0xc379, 0xc379, 0xc379, 0xc379, 0xcb7a, 0xc379,
0xc379, 0xc379, 0xc379, 0xc359, 0xc359, 0xc359, 0xc379, 0xc379, 0xc378, 0xc358,
0xc357, 0xbb36, 0xab14, 0xab12, 0xa310, 0x9b0f, 0x9b0f, 0x9b0f, 0x9b0f, 0x9b0f,
0x9b0f, 0x9b2f, 0x9b0f, 0x9aef, 0x92ce, 0x8aae, 0x8aad, 0x828d, 0x720b, 0x69ea,
0x828d, 0x8aae, 0x8aae, 0x92ce, 0x92cf, 0x92ef, 0x9b0f, 0x9b30, 0x9b30, 0x9b30,
0x9b30, 0x9b30, 0xa331, 0xa351, 0xa351, 0xa351, 0xa331, 0x9b31, 0x9b11, 0x9b11,
0x9b11, 0x9b11, 0x9b11, 0x9b11, 0x9b11, 0x9b11, 0x9b11, 0x9b11, 0x9b11, 0x9b11,
0x9b11, 0x9b31, 0x9b31, 0x9b31, 0x9b11, 0x9b11, 0x9b11, 0x9b11, 0x9b11, 0x9b11,
0x9b11, 0x9b11, 0x9b11, 0x9b11, 0x9b11, 0x9b11, 0x9b11, 0x9b31, 0x9b31, 0x9b31,

0x8bf8, 0x8bf8, 0x8bf8, 0x8bd8, 0x8bd8, 0x8bf8, 0x8bf7, 0x8bf7, 0x8bf6, 0x8bf6,
0x8bf5, 0x8bf5, 0x83f4, 0x83f4, 0x83f4, 0x8414, 0x8413, 0x8413, 0x8413, 0x83f2,
0x83f2, 0x83d2, 0x83d2, 0x83d1, 0x8391, 0x8391, 0x8371, 0x8371, 0x8350, 0x8350,
0x8b50, 0x8330, 0x8330, 0x8330, 0x8330, 0x8330, 0x8330, 0x8330, 0x8330, 0x8330,
0x8330, 0x8330, 0x8330, 0x8330, 0x8310, 0x830f, 0x830f, 0x830f, 0x830f, 0x830f,
0x830f, 0x830e, 0x7aee, 0x7aee, 0x7acd, 0x72ad, 0x728d, 0x6a8c, 0x624c, 0x624b,
0x620a, 0x59ea, 0x61e9, 0x7a8c, 0x9b0e, 0x9b2f, 0xa32f, 0xab4f, 0xab50, 0xb370,
0xb370, 0xb370, 0xb390, 0xbb90, 0xbb91, 0xbbb1, 0xbbb1, 0xbbb1, 0xc3b1, 0xc3b2,
0xc3d2, 0xc3d2, 0xc3d2, 0xc3f2, 0xc3f2, 0xc413, 0xc413, 0xc413, 0xc412, 0xc413,
0xcc13, 0xcc13, 0xcc13, 0xcc13, 0xcc13, 0xc413, 0xbbf2, 0xbbf3, 0xbbf3, 0xbbf3,
0xc414, 0xc435, 0xcc56, 0xcc56, 0xcc56, 0xcc57, 0xcc77, 0xcc57, 0xbc16, 0xb3d5,
0xb3f6, 0xc457, 0xd4b9, 0xd4da, 0xd4da, 0xd4fb, 0xd4fb, 0xd4db, 0xccba, 0xcc9a,
0xccba, 0xd4bb, 0xd4dc, 0xdcfc, 0xdcfc, 0xdcfc, 0xdcfc, 0xdcfd, 0xdd1d, 0xdd1d,
0xdd1d, 0xdd1d, 0xdd1d, 0xdd1d, 0xdcfd, 0xdcfd, 0xdcfd, 0xdcfd, 0xdcfd, 0xdcfd,
0xdcfd, 0xd4dc, 0xccfc, 0xb439, 0x8b35, 0x8355, 0x8375, 0x8374, 0x8374, 0x8354,
0x8354, 0x8374, 0x8b74, 0x8b95, 0x93b6, 0x8b95, 0x93b5, 0x93f6, 0x93b5, 0x8b95,
0x93b5, 0x8b94, 0x8b74, 0x8b95, 0x8b94, 0x8b95, 0x8bb5, 0x93d6, 0x8bd5, 0x8b94,
0x8353, 0x7b52, 0x7b11, 0x72f0, 0x7311, 0x7b53, 0x8bb6, 0x9c39, 0xa439, 0x9c19,
0x9bd8, 0x9bf7, 0x9bf7, 0x8b95, 0x8333, 0x8353, 0x8b95, 0x8b95, 0x8b95, 0x8354,
0x8334, 0x8b75, 0x8353, 0x8354, 0x8b95, 0x8bb6, 0x8b95, 0x8374, 0x7312, 0x72f1,
0x72f1, 0x72f2, 0x72f2, 0x72f3, 0x7313, 0x7313, 0x7b34, 0x72f4, 0x7b35, 0x7314,
0x6ad2, 0x6ad1, 0x628f, 0x5a2e, 0x59ec, 0x61ec, 0x7acf, 0x9331, 0xa333, 0xa333,
0xab54, 0xb354, 0xb355, 0xbb55, 0xb376, 0xb376, 0xbb77, 0xbb77, 0xc378, 0xc378,
0xc398, 0xc398, 0xc398, 0xc398, 0xc378, 0xc379, 0xc379, 0xc379, 0xcb7a, 0xc379,
0xc379, 0xc379, 0xc379, 0xc359, 0xc359, 0xc359, 0xc359, 0xc378, 0xc378, 0xc358,
0xc357, 0xbb36, 0xb334, 0xab12, 0xa310, 0x9b0f, 0x9b0f, 0x9b0f, 0x9b0f, 0x9b0f,
0x9b0f, 0x9b0f, 0x92ef, 0x92ce, 0x92ae, 0x8aae, 0x8aad, 0x828d, 0x69ea, 0x720b,
0x82ad, 0x8aae, 0x8ace, 0x92ce, 0x92cf, 0x92ef, 0x9b0f, 0x9b30, 0x9b10, 0x9b0f,
0x9b30, 0x9b30, 0xa331, 0xa351, 0xa351, 0xa331, 0x9b30, 0x9b30, 0x9b11, 0x9b11,
0x9b11, 0x9b11, 0x9b11, 0x9b11, 0x9b11, 0x9b11, 0x9b11, 0x9b11, 0x9b11, 0x9b11,
0x9b11, 0x9b11, 0x9b11, 0x9b11, 0x9b11, 0x9b11, 0x9b11, 0x9b11, 0x9b11, 0x9b11,
0x9b11, 0x9b11, 0x9b11, 0x9b11, 0x9b11, 0x9b11, 0x9b11, 0x9b31, 0x9b31, 0x9b31,

0x8bf8, 0x8bf8, 0x8bf8, 0x8bd8, 0x8bd7, 0x8bd7, 0x8bd7, 0x8bf7, 0x8bf6, 0x8bf6,
0x8bf5, 0x8bf5, 0x8bf4, 0x83f4, 0x83f4, 0x83f4, 0x8414, 0x8413, 0x8413, 0x8412,
0x83f2, 0x83f2, 0x83d2, 0x83d2, 0x83b1, 0x8391, 0x8371, 0x8371, 0x8370, 0x8350,
0x8350, 0x8330, 0x8330, 0x8330, 0x8330, 0x8330, 0x8330, 0x8330, 0x8330, 0x8330,
0x8330, 0x8330, 0x8330, 0x8310, 0x7b0f, 0x830f, 0x830f, 0x830f, 0x830f, 0x830f,
0x830f, 0x7aee, 0x7aee, 0x7ace, 0x7acd, 0x72ad, 0x728c, 0x6a6c, 0x622b, 0x622b,
0x61ea, 0x59c9, 0x724b, 0x8b0e, 0x9b0e, 0x9b2f, 0xa34f, 0xab70, 0xab50, 0xab50,
0xb370, 0xb370, 0xbb70, 0xbb91, 0xbb91, 0xbb91, 0xbb91, 0xbb91, 0xc3b1, 0xc3b1,
0xc3d2, 0xc3d2, 0xc3f2, 0xc3f2, 0xc3f2, 0xc413, 0xc413, 0xc413, 0xc413, 0xc413,
0xcc34, 0xcc34, 0xcc33, 0xc413, 0xc413, 0xc413, 0xc413, 0xc413, 0xc413, 0xc414,
0xc414, 0xc414, 0xc435, 0xc456, 0xc456, 0xc456, 0xcc57, 0xcc77, 0xcc77, 0xcc78,
0xc457, 0xb3f6, 0xbbf7, 0xcc79, 0xd4da, 0xd4fb, 0xd4db, 0xd4fc, 0xdcfc, 0xd4db,
0xd4db, 0xd4db, 0xd4dc, 0xdcfc, 0xdcfc, 0xdcfc, 0xdcfc, 0xdcfd, 0xdcfd, 0xdcfd,
0xdcfd, 0xdcfd, 0xdcfd, 0xdcfd, 0xdcfd, 0xdcdd, 0xdcdd, 0xdcfd, 0xdcfd, 0xd4dc,
0xd4fd, 0xc4dc, 0xac18, 0x9376, 0x9376, 0x8b75, 0x8355, 0x8374, 0x8b74, 0x8354,
0x8b74, 0x8b74, 0x8b74, 0x8b95, 0x93b5, 0x8b94, 0x8b74, 0x93b5, 0x8b95, 0x8b74,
0x8b74, 0x8b95, 0x8b95, 0x8b95, 0x8b95, 0x93b5, 0x93b5, 0x93d5, 0x93b5, 0x93d5,
0x93d5, 0x8374, 0x8353, 0x7b52, 0x7b32, 0x8374, 0x93f7, 0xa439, 0xac7b, 0xa43a,
0x9bf8, 0x9bf8, 0x9bf7, 0x93b6, 0x8354, 0x8b74, 0x8b75, 0x8b95, 0x8b95, 0x8b74,
0x8334, 0x8b95, 0x8b94, 0x8354, 0x8b75, 0x8bb6, 0x8b95, 0x7b32, 0x7b11, 0x72f1,
0x6ad0, 0x72d1, 0x7312, 0x72f3, 0x72f3, 0x7313, 0x7b34, 0x7b35, 0x7b55, 0x7314,
0x72f3, 0x6af1, 0x6af1, 0x62af, 0x626e, 0x5a0d, 0x59eb, 0x726e, 0x9b12, 0x9b32,
0xa333, 0xb354, 0xbb55, 0xbb55, 0xb376, 0xb376, 0xbb76, 0xbb77, 0xbb77, 0xc377,
0xc377, 0xc377, 0xc378, 0xc378, 0xc378, 0xc378, 0xc379, 0xc379, 0xcb79, 0xc379,
0xc359, 0xc359, 0xc359, 0xc359, 0xc379, 0xc359, 0xc358, 0xc378, 0xc358, 0xc357,
0xbb36, 0xbb35, 0xb334, 0xab12, 0xa311, 0x9b0f, 0x9b0f, 0x9b0f, 0x9b0f, 0x9b0f,
0x930e, 0x92ee, 0x92ee, 0x92ce, 0x92ce, 0x8aae, 0x8aad, 0x828d, 0x69ca, 0x720b,
0x8aae, 0x8aae, 0x8ace, 0x92ce, 0x92ef, 0x92ef, 0x9b0f, 0x9b30, 0x9b10, 0x9b30,
0x9b30, 0x9b30, 0x9b31, 0xa351, 0xa351, 0x9b30, 0x9b30, 0x9b10, 0x9b11, 0x9b11,
0x9b11, 0x9b11, 0x9b11, 0x9b11, 0x9b11, 0x9b11, 0x9b11, 0x9b11, 0x9b11, 0x9b11,
0x9b11, 0x9b11, 0x9b11, 0x9b11, 0x9b11, 0x9b11, 0x9b11, 0x9b11, 0x9b11, 0x9b11,
0x9b11, 0x9b11, 0x9b11, 0x9b11, 0x9b11, 0x9b11, 0x9b11, 0x9b31, 0x9b31, 0x9b31,

0x93f8, 0x93f8, 0x93f8, 0x8bd8, 0x8bb7, 0x8bb7, 0x8bd7, 0x8bf7, 0x8bf7, 0x8bf6,
0x8bf6, 0x8bf5, 0x8bf5, 0x8c15, 0x8414, 0x83f4, 0x8414, 0x8414, 0x83f3, 0x8412,
0x8412, 0x8c12, 0x83f2, 0x83d2, 0x83b1, 0x83b1, 0x8391, 0x8391, 0x8371, 0x8370,
0x8350, 0x8330, 0x8330, 0x8330, 0x8350, 0x8330, 0x8330, 0x8330, 0x8330, 0x8330,
0x8330, 0x8330, 0x8310, 0x7b10, 0x7b0f, 0x830f, 0x830f, 0x830f, 0x830f, 0x7aee,
0x7aee, 0x7aee, 0x7acd, 0x7acd, 0x72ad, 0x72ad, 0x726c, 0x6a6c, 0x622b, 0x620a,
0x61c9, 0x6a0a, 0x8acd, 0x930e, 0x9b2f, 0xa32f, 0xa34f, 0xab50, 0xab50, 0xb370,
0xb370, 0xb370, 0xbb91, 0xbbb1, 0xbbb1, 0xbbb1, 0xbbb1, 0xbbb1, 0xbbd1, 0xbbd2,
0xbbd2, 0xc3f2, 0xc3f2, 0xc412, 0xc413, 0xc433, 0xc433, 0xc433, 0xc433, 0xc433,
0xc434, 0xcc34, 0xc433, 0xc434, 0xc434, 0xc434, 0xc434, 0xc414, 0xc434, 0xc414,
0xc414, 0xc415, 0xc435, 0xc436, 0xc436, 0xc436, 0xcc57, 0xbbf6, 0xcc57, 0xcc78,
0xcc99, 0xcc99, 0xc458, 0xbbf7, 0xc439, 0xd4fc, 0xdcfc, 0xd4fc, 0xd4fc, 0xd4fc,
0xd4fc, 0xdcfc, 0xdcfc, 0xdcfc, 0xdd1d, 0xdcfc, 0xdcfc, 0xdcfc, 0xdcfd, 0xdcfd,
0xdcfd, 0xdcfd, 0xdcfd, 0xdcfd, 0xdcfd, 0xdcdd, 0xd4dc, 0xd4dc, 0xd4fc, 0xccdc,
0xbc5a, 0xa3d7, 0x9376, 0x9396, 0x93b6, 0x8b75, 0x8b96, 0x8b75, 0x8b74, 0x8b74,
0x8b74, 0x8b74, 0x8b74, 0x8b94, 0x8b94, 0x8b74, 0x8374, 0x8b94, 0x8b94, 0x8353,
0x8354, 0x8b95, 0x93b5, 0x93b5, 0x8b95, 0x93b5, 0x93d5, 0x93b5, 0x93b5, 0x93d6,
0x9bf7, 0x93d6, 0x93b6, 0x8b94, 0x8334, 0x93b6, 0x9bf8, 0xa419, 0xac5b, 0xa43a,
0x9bf9, 0xa419, 0x9c18, 0x93d7, 0x8b75, 0x8b75, 0x8b95, 0x93b6, 0x93b6, 0x8b75,
0x8354, 0x8354, 0x8b74, 0x93b5, 0x8b75, 0x9bf6, 0x93b5, 0x8332, 0x72f0, 0x72f0,
0x6ab0, 0x6ab0, 0x6ab1, 0x72d2, 0x72f3, 0x7b34, 0x7b55, 0x7b55, 0x7b35, 0x72f3,
0x72f3, 0x6b12, 0x62d1, 0x62b0, 0x62af, 0x628f, 0x5a2d, 0x51cb, 0x61ec, 0x82d0,
0xa353, 0xab53, 0xab33, 0xb334, 0xb376, 0xb356, 0xb356, 0xbb56, 0xbb57, 0xbb57,
0xc377, 0xc377, 0xc377, 0xc378, 0xc378, 0xc378, 0xc378, 0xc358, 0xc358, 0xc358,
0xc358, 0xc358, 0xc358, 0xc379, 0xc379, 0xc378, 0xc358, 0xc358, 0xc357, 0xc357,
0xbb36, 0xbb35, 0xb334, 0xab32, 0xa311, 0x9b10, 0x9b0f, 0x9b0f, 0x930e, 0x92ee,
0x92ee, 0x92ee, 0x92ee, 0x92ce, 0x92ce, 0x8ace, 0x8aae, 0x7a6c, 0x61a9, 0x7a4c,
0x8ace, 0x8ace, 0x92ce, 0x92ce, 0x9aef, 0x9b0f, 0x9b0f, 0x9b10, 0x9b30, 0x9b30,
0x9b30, 0x9b30, 0x9b30, 0x9b30, 0x9b30, 0x9b30, 0x9b10, 0x9b10, 0x9b11, 0x9b11,
0x9b11, 0x9b11, 0x9b11, 0x9b11, 0x9b11, 0x9b11, 0x9b11, 0x9b11, 0x9b11, 0x9b11,
0x9b11, 0x9b11, 0x9b11, 0x9b11, 0x9b11, 0x9b11, 0x9b11, 0x9b11, 0x9b11, 0x9b11,
0x9b11, 0x9b11, 0x9b11, 0x9b11, 0x9b11, 0x9b11, 0x9b11, 0x9b11, 0x9b11, 0x9b11,

0x93f8, 0x93f8, 0x93f8, 0x93d8, 0x8bb7, 0x8bb7, 0x8bd7, 0x8bd7, 0x8bf7, 0x8bf6,
0x8bf6, 0x8bf5, 0x8bf5, 0x83f5, 0x83f4, 0x83f4, 0x8414, 0x83f4, 0x83f3, 0x8412,
0x8432, 0x8412, 0x83f2, 0x83f2, 0x83d1, 0x83b1, 0x83b1, 0x8391, 0x8391, 0x8370,
0x8350, 0x8330, 0x8330, 0x8330, 0x8330, 0x8330, 0x8330, 0x8330, 0x8330, 0x8330,
0x8330, 0x8330, 0x8310, 0x7b10, 0x7b0f, 0x830f, 0x830f, 0x830f, 0x830f, 0x7aee,
0x7ace, 0x7ace, 0x7acd, 0x72ad, 0x72ad, 0x728c, 0x6a6c, 0x622b, 0x620a, 0x61ea,
0x61e9, 0x82ad, 0x9b0e, 0x9b0e, 0xa32f, 0xa32f, 0xa32f, 0xa32f, 0xab50, 0xb370,
0xb391, 0xb3b1, 0xbbf2, 0xbbf2, 0xbc13, 0xc413, 0xc413, 0xbc33, 0xc433, 0xc433,
0xbc32, 0xbc32, 0xbc12, 0xc433, 0xc433, 0xc433, 0xc433, 0xc433, 0xc433, 0xc433,
0xc454, 0xcc54, 0xc454, 0xc454, 0xc454, 0xc454, 0xc434, 0xc434, 0xc434, 0xc415,
0xc415, 0xc435, 0xc436, 0xc456, 0xc456, 0xc436, 0xcc77, 0xbbf6, 0xcc57, 0xcc79,
0xcc99, 0xd4ba, 0xdcfb, 0xd4bb, 0xcc7a, 0xc45a, 0xd4dc, 0xdd1d, 0xdcfc, 0xdd1d,
0xdd1d, 0xdcfd, 0xdcfc, 0xdcfc, 0xdcfc, 0xdcfc, 0xdcfc, 0xdcfc, 0xdcfd, 0xd4fd,
0xd4fd, 0xd4fd, 0xd4fd, 0xd4fd, 0xd4fd, 0xd4dc, 0xccdc, 0xccfc, 0xbc9b, 0xa3d8,
0x8b55, 0x9396, 0x9bd7, 0x93d7, 0x93b7, 0x93b6, 0x8b76, 0x8b95, 0x8374, 0x8353,
0x8b74, 0x8b74, 0x8b74, 0x8b74, 0x8b74, 0x8373, 0x8373, 0x8b94, 0x8b94, 0x8b74,
0x8b74, 0x8b95, 0x8bb5, 0x93b5, 0x93b5, 0x93d5, 0x93d6, 0x93b5, 0x93d6, 0x9bf7,
0x9c17, 0xa418, 0xa418, 0x9bf7, 0x9396, 0x93b7, 0x9bf8, 0xa43a, 0xac5b, 0xa43a,
0x9bf9, 0xa419, 0xa439, 0xa438, 0x93b6, 0x8b95, 0x93b5, 0x9bf7, 0x9c17, 0x93b6,
0x8b95, 0x8b75, 0x93b6, 0x9bd6, 0x9bd7, 0xa417, 0x93b4, 0x8331, 0x72ef, 0x72cf,
0x6aaf, 0x6ab0, 0x72f2, 0x7af3, 0x72d3, 0x7313, 0x7b54, 0x7b55, 0x7b35, 0x72f3,
0x7313, 0x7313, 0x6ad2, 0x6ad1, 0x6ab1, 0x6ab0, 0x628f, 0x5a4d, 0x51eb, 0x59eb,
0x726e, 0x9b32, 0xab53, 0xab33, 0xab55, 0xb355, 0xb355, 0xbb56, 0xbb56, 0xbb57,
0xbb57, 0xbb77, 0xc377, 0xc377, 0xbb77, 0xbb58, 0xc358, 0xc378, 0xc378, 0xc378,
0xc378, 0xc378, 0xc378, 0xc358, 0xc378, 0xc358, 0xc357, 0xc357, 0xbb37, 0xbb36,
0xbb35, 0xbb35, 0xb334, 0xab33, 0xa331, 0x9b10, 0x9b0f, 0x930e, 0x92ee, 0x92ee,
0x92ee, 0x92ee, 0x92ce, 0x92ce, 0x92ce, 0x8ace, 0x828d, 0x720b, 0x61a9, 0x7a6c,
0x8ace, 0x8ace, 0x92ce, 0x92ce, 0x9aef, 0x9b0f, 0x9b0f, 0x9b10, 0x9b30, 0x9b30,
0x9b30, 0x9b30, 0x9b30, 0x9b30, 0x9b30, 0x9b30, 0x9b10, 0x9b10, 0x9b11, 0x9b11,
0x9b11, 0x9b11, 0x9b11, 0x9b11, 0x9b11, 0x9b11, 0x9b11, 0x9b11, 0x9b11, 0x9b11,
0x9b11, 0x9b11, 0x9b11, 0x9b11, 0x9b11, 0x9b11, 0x9b11, 0x9b11, 0x9b11, 0x9b11,
0x9b11, 0x9b11, 0x9b11, 0x9b11, 0x9b11, 0x9b11, 0x9b11, 0x9b10, 0x9b10, 0x9b10,

0x93f8, 0x93f8, 0x93f8, 0x93d8, 0x8bb7, 0x8bb7, 0x8bd8, 0x8bd7, 0x8bf7, 0x8bd6,
0x8bd6, 0x8bf6, 0x83d5, 0x83d4, 0x83f5, 0x83f5, 0x8414, 0x83f4, 0x83f4, 0x8413,
0x8432, 0x8412, 0x8412, 0x83f2, 0x83d2, 0x83d1, 0x83b1, 0x83b1, 0x8391, 0x8370,
0x8350, 0x8330, 0x7b10, 0x8330, 0x8330, 0x8330, 0x8330, 0x8330, 0x8330, 0x8330,
0x8330, 0x8330, 0x8310, 0x7b10, 0x7b0f, 0x7aee, 0x7aee, 0x7aee, 0x7aee, 0x7aee,
0x7ace, 0x7ace, 0x7aad, 0x72ad, 0x728c, 0x6a6c, 0x6a4c, 0x622b, 0x59e9, 0x61e9,
0x7a6c, 0x92ee, 0x9b0e, 0xa30e, 0x9b2f, 0xa32f, 0xa350, 0xab70, 0xb3b1, 0xbbd2,
0xbbf3, 0xbc13, 0xbc34, 0xc434, 0xc454, 0xc475, 0xc475, 0xc494, 0xc494, 0xc494,
0xc4b5, 0xc494, 0xc494, 0xcc74, 0xcc74, 0xc453, 0xcc53, 0xcc53, 0xc453, 0xc454,
0xcc54, 0xcc54, 0xc454, 0xcc54, 0xcc54, 0xcc54, 0xc434, 0xc435, 0xc435, 0xc435,
0xc435, 0xcc36, 0xcc36, 0xcc56, 0xcc56, 0xc436, 0xcc57, 0xcc57, 0xcc78, 0xcc99,
0xcc79, 0xd4ba, 0xd4db, 0xd4db, 0xdcfc, 0xcc9b, 0xc47b, 0xd4bc, 0xdd1d, 0xdd1d,
0xdd1d, 0xdd1d, 0xdd1c, 0xdcfc, 0xdcfc, 0xdcdc, 0xdcdc, 0xdcdc, 0xd4dd, 0xd4dd,
0xd4fd, 0xd4fd, 0xd4dc, 0xd4fd, 0xd4fc, 0xccfc, 0xbc9a, 0xa3f8, 0x8b75, 0x8355,
0x8bb6, 0x9396, 0x93b6, 0x9bf7, 0x9c18, 0x9bf7, 0x93d7, 0x93b5, 0x8b94, 0x8333,
0x8333, 0x8374, 0x8b95, 0x8bb5, 0x93b4, 0x93b5, 0x93b5, 0x93b5, 0x93b4, 0x93b5,
0x93d5, 0x93d6, 0x93b5, 0x93b5, 0x93d6, 0x93d6, 0x93d5, 0x9bd6, 0x9bf6, 0x9bf7,
0xa438, 0xa438, 0xac59, 0xac59, 0xa418, 0xa3f8, 0xac3a, 0xac5b, 0xb47b, 0xac5b,
0x9c19, 0xa419, 0x9c18, 0xa418, 0x9bf7, 0x93d6, 0x93d6, 0xa438, 0xa458, 0x9bf7,
0x93d6, 0x93b6, 0x93b6, 0x9bf7, 0xa417, 0x9bf6, 0x8b52, 0x8330, 0x7aef, 0x72cf,
0x7b11, 0x93b4, 0x93d6, 0x93b6, 0x8355, 0x7b54, 0x7b34, 0x8376, 0x8355, 0x72f3,
0x72f2, 0x72f3, 0x72d2, 0x72d2, 0x72d1, 0x6ab0, 0x6a90, 0x6aaf, 0x5a8d, 0x5a2c,
0x59cb, 0x722e, 0x92f1, 0xa333, 0xab34, 0xab34, 0xb355, 0xb356, 0xbb56, 0xbb56,
0xbb56, 0xbb56, 0xbb77, 0xbb77, 0xbb57, 0xbb57, 0xc358, 0xc378, 0xc378, 0xc378,
0xc378, 0xc378, 0xc378, 0xc358, 0xc378, 0xc358, 0xbb37, 0xbb36, 0xbb36, 0xbb36,
0xbb35, 0xb335, 0xb334, 0xab33, 0xa332, 0xa311, 0x9aef, 0x92ee, 0x92ee, 0x92ce,
0x92ce, 0x92ce, 0x92ce, 0x92ce, 0x92ce, 0x8ace, 0x828d, 0x720b, 0x69ca, 0x828d,
0x8aad, 0x8ace, 0x92ce, 0x92ce, 0x9aef, 0x9b0f, 0x9b0f, 0x9b10, 0x9b30, 0x9b30,
0x9b30, 0x9b30, 0x9b10, 0x9b10, 0x9b10, 0x9b30, 0x9b10, 0x9b10, 0x9b11, 0x9b11,
0x9b11, 0x9b11, 0x9b11, 0x9b11, 0x9b11, 0x9b11, 0x9b11, 0x9b11, 0x9b11, 0x9b11,
0x9b11, 0x9b11, 0x9b11, 0x9b11, 0x9b11, 0x9b11, 0x9b11, 0x9b11, 0x9b11, 0x9b11,
0x9b11, 0x9b11, 0x9b11, 0x9b11, 0x9b10, 0x9b10, 0x9b10, 0x9af0, 0x9af0, 0x9af0,

0x93f8, 0x93f8, 0x93f8, 0x8bd8, 0x8bb7, 0x8bd8, 0x93d8, 0x8bd7, 0x8bb7, 0x8bd7,
0x8bd6, 0x83d6, 0x83d6, 0x8bf6, 0x8bf6, 0x8bf5, 0x8bf5, 0x8bf5, 0x83f4, 0x83f4,
0x8414, 0x8413, 0x83f2, 0x8412, 0x8412, 0x83f2, 0x8bd2, 0x83b1, 0x8391, 0x8370,
0x8350, 0x8350, 0x7b30, 0x8330, 0x8330, 0x8330, 0x8330, 0x8310, 0x8330, 0x8330,
0x8310, 0x7b0f, 0x7b0f, 0x7b0f, 0x7aef, 0x7aee, 0x7b0e, 0x7aee, 0x7aee, 0x7aee,
0x7ace, 0x7aad, 0x7a8d, 0x72ad, 0x726d, 0x6a4c, 0x622c, 0x620b, 0x59c9, 0x722b,
0x92ce, 0x9aee, 0xa2ee, 0xa32f, 0xa350, 0xab71, 0xb3b3, 0xb3d4, 0xbbf5, 0xc416,
0xc417, 0xc417, 0xcc37, 0xcc58, 0xcc58, 0xcc78, 0xcc78, 0xcc98, 0xcc98, 0xcc98,
0xccb8, 0xccd8, 0xccf8, 0xccf6, 0xccd5, 0xccd5, 0xccb5, 0xc4b4, 0xc473, 0xc453,
0xcc54, 0xcc34, 0xcc34, 0xcc54, 0xcc55, 0xcc75, 0xcc55, 0xcc35, 0xcc35, 0xc435,
0xc435, 0xc436, 0xcc36, 0xcc56, 0xcc57, 0xcc57, 0xcc57, 0xcc78, 0xcc98, 0xcc99,
0xd4ba, 0xcc9a, 0xd49a, 0xd4db, 0xdcdc, 0xd4dc, 0xcc9b, 0xcc9a, 0xd4dc, 0xdd1d,
0xdd1d, 0xdd1c, 0xdd1c, 0xdcfc, 0xdcfc, 0xd4fc, 0xd4fd, 0xd4fd, 0xdcdd, 0xdcdc,
0xd4dc, 0xd4dc, 0xd4fc, 0xd4dc, 0xbcba, 0x9c17, 0x8b95, 0x8354, 0x8354, 0x8374,
0x8b95, 0x9396, 0x9396, 0x9bd7, 0x9bf7, 0x9bd7, 0x9bd7, 0x93f6, 0x93b5, 0x8b95,
0x8b74, 0x8b74, 0x8bb5, 0x93d5, 0x9bf6, 0xa437, 0xa437, 0x9c17, 0x9bf6, 0x9bf6,
0x9bd6, 0x9bd6, 0x9bd6, 0x93d6, 0x93d6, 0x93d6, 0x93b6, 0x9bd6, 0x9bf7, 0xa417,
0xa417, 0xa437, 0xa437, 0xb499, 0xb49a, 0xac39, 0xac5a, 0xac5b, 0xb45b, 0xac5b,
0xac7b, 0xb47b, 0xac5a, 0xac39, 0xa418, 0xa3f8, 0x9bf8, 0xac59, 0xac39, 0x9bf7,
0x9bf7, 0x9bf7, 0x9bd6, 0xa417, 0xa417, 0x9bd4, 0x8331, 0x8330, 0x8331, 0x7af0,
0x8b52, 0x9c15, 0x9bf6, 0x9bd7, 0x9376, 0x8b75, 0x8354, 0x8374, 0x7b33, 0x72f3,
0x72f3, 0x7312, 0x72f2, 0x6ad1, 0x72f2, 0x72f2, 0x72d1, 0x72f0, 0x6acf, 0x626d,
0x59eb, 0x61eb, 0x724d, 0x8ad0, 0x9b32, 0xab53, 0xab54, 0xb355, 0xb356, 0xbb57,
0xbb76, 0xbb76, 0xbb76, 0xbb76, 0xbb77, 0xc377, 0xc398, 0xc377, 0xc378, 0xc378,
0xbb77, 0xbb77, 0xbb77, 0xbb57, 0xbb57, 0xbb56, 0xbb56, 0xbb36, 0xbb35, 0xbb36,
0xb355, 0xb335, 0xab34, 0xab33, 0xab12, 0xa2f1, 0x9aef, 0x9aef, 0x9ace, 0x92ce,
0x92ee, 0x92ee, 0x92ee, 0x92ee, 0x92ee, 0x8ace, 0x7a6d, 0x69eb, 0x720c, 0x828d,
0x8aae, 0x92ce, 0x92cf, 0x92ef, 0x930f, 0x9b0f, 0x9b0f, 0x9b10, 0x9b30, 0x9b30,
0x9b31, 0x9b31, 0x9b31, 0x9b31, 0x9b31, 0x9b11, 0x9b11, 0x9b11, 0x9b11, 0x9b11,
0x9af1, 0x9b11, 0x9b11, 0x9b11, 0x9b11, 0x9b11, 0x9b11, 0x9b11, 0x9b11, 0x9b11,
0x9b11, 0x9b11, 0x9b11, 0x9b11, 0x9b11, 0x9b11, 0x9b11, 0x9af0, 0x9af0, 0x9af0,
0x9b10, 0x9b10, 0x9b10, 0x9b10, 0x9b10, 0x9b10, 0x9b10, 0x9b10, 0x9b10, 0x9b10,

0x93f8, 0x93f8, 0x93f8, 0x93d8, 0x93f8, 0x93f8, 0x93f8, 0x8bb7, 0x8bb7, 0x8bd7,
0x8bd6, 0x83d6, 0x83d6, 0x8bf6, 0x8bf6, 0x8bf6, 0x8bf5, 0x8bf5, 0x8bf5, 0x83f4,
0x83f4, 0x83f3, 0x83f2, 0x83f2, 0x83f2, 0x83f2, 0x83d2, 0x83b1, 0x8391, 0x8371,
0x8370, 0x8350, 0x7b2f, 0x7b0f, 0x7b0f, 0x830f, 0x8310, 0x8310, 0x8330, 0x830f,
0x7b0f, 0x7b0f, 0x7b0f, 0x7aef, 0x7aef, 0x7b0f, 0x7b0f, 0x7b0e, 0x72ee, 0x72ce,
0x72cd, 0x72ad, 0x72ac, 0x6a8c, 0x6a6c, 0x624b, 0x622a, 0x59e9, 0x620a, 0x82ad,
0x92ce, 0xa2ef, 0xab30, 0xb371, 0xbb93, 0xbbd4, 0xc3f5, 0xc3f6, 0xc3f7, 0xcc18,
0xcc18, 0xd439, 0xd459, 0xd479, 0xd47a, 0xd49a, 0xd49a, 0xd4ba, 0xd4ba, 0xd4da,
0xd4da, 0xd4fa, 0xd51a, 0xcd18, 0xccf7, 0xccf7, 0xccf7, 0xccd6, 0xc4d6, 0xccb5,
0xcc95, 0xcc74, 0xc454, 0xcc75, 0xcc75, 0xcc55, 0xcc55, 0xcc55, 0xcc55, 0xcc35,
0xcc36, 0xcc36, 0xcc36, 0xcc36, 0xcc57, 0xcc57, 0xcc78, 0xcc98, 0xcc99, 0xcc99,
0xd4ba, 0xcc9a, 0xcc9a, 0xd4bb, 0xd4db, 0xd4dc, 0xcc9b, 0xcc9b, 0xccbb, 0xd4bb,
0xd4fc, 0xdcfc, 0xdcfc, 0xd4fc, 0xd4dc, 0xd4dc, 0xd4dd, 0xd4dd, 0xd4dc, 0xd4fc,
0xd4fc, 0xccdc, 0xc49b, 0xac18, 0x8b55, 0x7b33, 0x8354, 0x8374, 0x8354, 0x8354,
0x8b74, 0x9375, 0x9396, 0x9bd7, 0xa438, 0xa417, 0x93b6, 0x93d6, 0x8bb5, 0x93b5,
0x93d6, 0x93d5, 0x93b5, 0x93d6, 0x9bf6, 0xa437, 0xa458, 0xac58, 0xa458, 0xa437,
0xa417, 0x9c17, 0x9bf6, 0x9bd6, 0x9bd6, 0x9bd6, 0x9bd6, 0x9bd6, 0x9bf6, 0x9bf7,
0x9c17, 0xa417, 0xa437, 0xac58, 0xac79, 0xac59, 0xac5a, 0xac5a, 0xb45b, 0xb47b,
0xbcbc, 0xbcbb, 0xb49a, 0xb47a, 0xac59, 0xb47a, 0xac39, 0xac59, 0xac39, 0xa417,
0x9bf7, 0xa3f7, 0x9bf7, 0xa417, 0xa436, 0x93b3, 0x8351, 0x93b2, 0x8b72, 0x8331,
0x8331, 0x9bd4, 0x9bd5, 0xb479, 0xbcbb, 0xac59, 0x9395, 0x8b74, 0x8353, 0x7b33,
0x7313, 0x72f2, 0x7312, 0x7312, 0x7b12, 0x72f1, 0x72f2, 0x7311, 0x6aaf, 0x72f0,
0x6a6d, 0x59cb, 0x61eb, 0x7a6e, 0x8acf, 0x9b11, 0xa332, 0xab54, 0xb355, 0xb356,
0xbb96, 0xbb96, 0xbb96, 0xbb76, 0xbb76, 0xc377, 0xc377, 0xbb77, 0xbb77, 0xbb77,
0xbb77, 0xbb77, 0xbb77, 0xbb77, 0xbb57, 0xbb56, 0xbb56, 0xbb55, 0xbb35, 0xbb55,
0xb375, 0xb355, 0xb334, 0xab33, 0xab12, 0xa311, 0xa310, 0x9aef, 0x9aef, 0x9aee,
0x92ee, 0x92ee, 0x92ee, 0x92ee, 0x8ace, 0x8ace, 0x7a6d, 0x6a0b, 0x7a4d, 0x8a8e,
0x8aae, 0x92ce, 0x92ef, 0x92ef, 0x9b0f, 0x9b0f, 0x9b10, 0x9b10, 0x9b30, 0x9b31,
0x9b31, 0x9b31, 0x9b31, 0x9b31, 0x9b31, 0x9b11, 0x9b11, 0x9b11, 0x9b11, 0x9b11,
0x9af1, 0x9b11, 0x9b11, 0x9b11, 0x9b11, 0x9b11, 0x9b11, 0x9b11, 0x9b11, 0x9b11,
0x9b11, 0x9b11, 0x9b11, 0x9b11, 0x9b11, 0x9b11, 0x9b11, 0x9af0, 0x9af0, 0x9af0,
0x9b10, 0x9b10, 0x9b10, 0x9b10, 0x9b10, 0x9b10, 0x9b10, 0x9b10, 0x9b10, 0x9b10,

0x93d8, 0x93f8, 0x93d8, 0x93d8, 0x93d8, 0x93f8, 0x93d8, 0x8bd7, 0x8bb7, 0x8bd7,
0x8bd6, 0x83d6, 0x83d6, 0x8bf6, 0x8bf6, 0x8bf6, 0x8bf6, 0x8bf5, 0x8bf5, 0x83f4,
0x83f4, 0x83d3, 0x83f3, 0x83f2, 0x83f2, 0x83f2, 0x83d2, 0x83d1, 0x83b1, 0x8391,
0x8370, 0x8350, 0x8350, 0x7b30, 0x7b0f, 0x7b0f, 0x830f, 0x830f, 0x7b0f, 0x7b0f,
0x7b0f, 0x7aef, 0x7aef, 0x7aef, 0x7aee, 0x7aee, 0x7aee, 0x7aee, 0x72cd, 0x72ad,
0x72ad, 0x6aad, 0x6aac, 0x628b, 0x626a, 0x624a, 0x5a29, 0x59c8, 0x7a6c, 0x9b0f,
0xab31, 0xb373, 0xbb94, 0xc3d5, 0xcbd6, 0xcbf6, 0xd3f7, 0xd418, 0xd419, 0xd419,
0xdc3a, 0xdc5a, 0xdc7a, 0xdc9b, 0xdc9b, 0xdcbb, 0xdcbb, 0xdcbc, 0xdcbc, 0xdcbc,
0xdcdb, 0xdcfb, 0xdcfb, 0xd51b, 0xd51a, 0xd51a, 0xd519, 0xcd19, 0xcd19, 0xcd18,
0xcd16, 0xccd6, 0xccb5, 0xcc95, 0xcc74, 0xcc54, 0xcc75, 0xcc75, 0xcc55, 0xcc56,
0xcc56, 0xcc56, 0xcc36, 0xcc36, 0xcc57, 0xcc57, 0xcc78, 0xcc98, 0xccb9, 0xd4ba,
0xd4ba, 0xcc9a, 0xcc7a, 0xcc9a, 0xd4bb, 0xd4db, 0xccbb, 0xcc9b, 0xccbb, 0xccbb,
0xd4db, 0xd4dc, 0xd4dc, 0xd4dc, 0xd4bc, 0xccdc, 0xccdd, 0xccdd, 0xccfb, 0xccfb,
0xbcba, 0xac38, 0x9bb6, 0x9395, 0x8b54, 0x8b74, 0x8b95, 0x8b95, 0x8b94, 0x8b95,
0x9395, 0x93b6, 0x9bb6, 0x9bf7, 0xa3f7, 0xa418, 0xa3f7, 0x9bf6, 0x93d6, 0x93b5,
0x9bf6, 0x9bf6, 0x9bf6, 0x9bf6, 0xa417, 0xa437, 0xac78, 0xac78, 0xac78, 0xac79,
0xac58, 0xa437, 0xa417, 0x9bf7, 0x9bf6, 0x9bf6, 0x9bf6, 0x9bf6, 0x9c17, 0x9c17,
0x9bf6, 0x9bf7, 0xa458, 0xac58, 0xb499, 0xb499, 0xac79, 0xb47a, 0xb47a, 0xb47a,
0xb49b, 0xbcbb, 0xbcbb, 0xb479, 0xac39, 0xac59, 0xac79, 0xac79, 0xac59, 0xa417,
0xa417, 0xa417, 0xa3f7, 0xa437, 0xa416, 0x93b4, 0x9bf4, 0xa434, 0x9393, 0x8b92,
0x8b52, 0x9393, 0xa3f6, 0xac59, 0xbcbb, 0xcd5d, 0xb499, 0x93b5, 0x8b73, 0x7b12,
0x7b33, 0x7b32, 0x7b12, 0x7b12, 0x7b12, 0x7b12, 0x7b12, 0x7b32, 0x72f0, 0x72d0,
0x72cf, 0x6a6d, 0x59eb, 0x61ec, 0x7a6d, 0x8acf, 0x92f0, 0x9b11, 0xa332, 0xab53,
0xb374, 0xb374, 0xbb95, 0xbb95, 0xbb96, 0xbb76, 0xbb76, 0xbb76, 0xbb76, 0xbb76,
0xbb76, 0xbb76, 0xbb76, 0xbb76, 0xbb76, 0xbb56, 0xbb55, 0xbb55, 0xbb55, 0xb355,
0xb354, 0xb334, 0xab33, 0xab12, 0xab12, 0xab11, 0xa310, 0xa2f0, 0x9aef, 0x9aef,
0x9aee, 0x930e, 0x92ee, 0x92ee, 0x8ace, 0x8aae, 0x7a6d, 0x6a0b, 0x7a8d, 0x8aae,
0x8aae, 0x8ace, 0x92ef, 0x930f, 0x9b10, 0x9b30, 0x9b30, 0x9b30, 0x9b30, 0x9b31,
0x9b31, 0x9b31, 0x9b31, 0x9b31, 0x9b31, 0x9b11, 0x9b11, 0x9b11, 0x9b11, 0x9b11,
0x9af1, 0x9b11, 0x9b11, 0x9b11, 0x9b11, 0x9b11, 0x9b11, 0x9b11, 0x9b11, 0x9b11,
0x9b11, 0x9b11, 0x9b11, 0x9b11, 0x9b11, 0x9b11, 0x9b11, 0x9af0, 0x9af0, 0x9af0,
0x9b10, 0x9b10, 0x9b10, 0x9b10, 0x9b10, 0x9b10, 0x9b10, 0x9b10, 0x9b10, 0x9b10,

0x93d8, 0x93d8, 0x93d8, 0x93d8, 0x93d8, 0x93d8, 0x93d8, 0x8bb7, 0x8bb7, 0x8bb7,
0x8bd6, 0x83d6, 0x83d6, 0x83d6, 0x83d6, 0x83d6, 0x8bd6, 0x8bf6, 0x8bf5, 0x83f5,
0x83f4, 0x83f4, 0x83f3, 0x83f2, 0x83f2, 0x83f2, 0x83d2, 0x83d1, 0x83b1, 0x83b1,
0x8391, 0x8370, 0x8370, 0x7b50, 0x7b30, 0x7b30, 0x7b0f, 0x7b0f, 0x7b0f, 0x7b0f,
0x7b0f, 0x7aef, 0x7aef, 0x7aef, 0x7aee, 0x72ce, 0x72ce, 0x72cd, 0x72ad, 0x72ad,
0x72ad, 0x6aad, 0x6aac, 0x626b, 0x624b, 0x620a, 0x622a, 0x7a8d, 0xa331, 0xb393,
0xbb95, 0xcbb6, 0xcbd7, 0xd3f8, 0xd3f9, 0xdbf9, 0xdc19, 0xdc1a, 0xdc1a, 0xdc1a,
0xe45b, 0xe47c, 0xe47c, 0xe47c, 0xe49c, 0xdc9c, 0xe4bc, 0xe4bd, 0xe4bd, 0xe4bd,
0xe4dd, 0xe4dd, 0xe4dc, 0xdcfc, 0xdd1c, 0xd51c, 0xd51c, 0xd53b, 0xd53b, 0xcd3a,
0xcd59, 0xcd38, 0xccf7, 0xccd6, 0xcc95, 0xcc75, 0xcc75, 0xcc75, 0xcc55, 0xc456,
0xc456, 0xcc56, 0xcc36, 0xcc36, 0xcc57, 0xcc57, 0xcc57, 0xcc78, 0xcc98, 0xd4ba,
0xd4ba, 0xd4ba, 0xcc7a, 0xcc9a, 0xd49b, 0xd4bb, 0xccbb, 0xcc9b, 0xccbb, 0xccbb,
0xd4bb, 0xd4dc, 0xd4bc, 0xd4bc, 0xd4dc, 0xccdc, 0xccdc, 0xc4dc, 0xbcb9, 0xa417,
0x9bb5, 0x93b5, 0x93b5, 0x9bf6, 0x93b5, 0x8b75, 0x93b5, 0x9bf6, 0x9bd6, 0x93b5,
0x93b5, 0x9bb6, 0x9bd7, 0xa3f7, 0xa3f7, 0xa417, 0xa417, 0x9bf6, 0xa417, 0xa437,
0x9bf7, 0x9bd6, 0x9c17, 0xa417, 0xa417, 0xa437, 0xac58, 0xac58, 0xb478, 0xb499,
0xac79, 0xac58, 0xa438, 0xa417, 0x9c17, 0xa417, 0xa417, 0x9c17, 0x9c17, 0x9c17,
0x9bf6, 0xa417, 0xa438, 0xac57, 0xac58, 0xb499, 0xb479, 0xb479, 0xb4ba, 0xb49a,
0xb49b, 0xbcdb, 0xbcbb, 0xac79, 0xac59, 0xac59, 0xac59, 0xb499, 0xac38, 0xa417,
0xa417, 0xa417, 0xa417, 0xa437, 0x9bf6, 0x93d4, 0x9c15, 0x9bf4, 0x93b3, 0x9393,
0x9393, 0x8b73, 0x9bd5, 0x9bd7, 0xac39, 0xc4fc, 0xbcdb, 0x9bf6, 0x8b94, 0x8332,
0x8353, 0x8353, 0x7b12, 0x7b12, 0x7b32, 0x7b12, 0x7b32, 0x8352, 0x7b11, 0x6aaf,
0x6aaf, 0x6a8e, 0x624d, 0x59eb, 0x6a0b, 0x7aae, 0x82cf, 0x8af0, 0x9310, 0xa331,
0xa352, 0xab53, 0xab73, 0xb374, 0xb374, 0xb374, 0xb375, 0xb355, 0xb375, 0xb375,
0xb375, 0xb375, 0xb375, 0xbb75, 0xbb75, 0xbb55, 0xb355, 0xb354, 0xb354, 0xb334,
0xab33, 0xab33, 0xab12, 0xab12, 0xab12, 0xab12, 0xa311, 0xa2f0, 0x9aef, 0x9aef,
0x9aef, 0x92ef, 0x92ee, 0x92ee, 0x8ace, 0x82ae, 0x722c, 0x69eb, 0x7a6d, 0x8aae,
0x92ce, 0x92cf, 0x92ef, 0x930f, 0x9b10, 0x9b30, 0x9b30, 0x9b30, 0x9b30, 0x9b31,
0x9b31, 0x9b31, 0x9b31, 0x9b31, 0x9b31, 0x9b11, 0x9b11, 0x9b11, 0x9b11, 0x9b11,
0x9af1, 0x9b11, 0x9b11, 0x9b11, 0x9b11, 0x9b11, 0x9af1, 0x9af1, 0x92f0, 0x92f0,
0x92f0, 0x9af1, 0x9af1, 0x9af1, 0x9b11, 0x9b11, 0x9b11, 0x9af0, 0x9af0, 0x9af0,
0x9b10, 0x9b10, 0x9b10, 0x9b10, 0x9b10, 0x9b10, 0x9b10, 0x9b10, 0x9b10, 0x9b10,

0x93b8, 0x93b8, 0x93b8, 0x93d8, 0x93d8, 0x93d8, 0x93d8, 0x8bd7, 0x8bb7, 0x8bd7,
0x8bd7, 0x83f7, 0x83f6, 0x8bf7, 0x8bf7, 0x8bf6, 0x8bd6, 0x8bd6, 0x8bd5, 0x83f5,
0x83f4, 0x83f4, 0x83f3, 0x83f3, 0x83f2, 0x83f2, 0x83f2, 0x83d1, 0x83b1, 0x83b1,
0x8391, 0x8391, 0x7b70, 0x7b50, 0x7b50, 0x7b30, 0x7b0f, 0x7b0f, 0x7b0f, 0x7b0f,
0x7aef, 0x7aef, 0x7aef, 0x7aef, 0x7ace, 0x72ce, 0x72cd, 0x72ad, 0x72ce, 0x72ad,
0x728d, 0x726d, 0x6a4c, 0x6a2d, 0x7a6e, 0x8ab0, 0xa352, 0xb3b5, 0xc3b7, 0xc3b7,
0xd3d8, 0xd3d9, 0xd3fa, 0xd41b, 0xdc1b, 0xdc1b, 0xe43c, 0xe43c, 0xe43c, 0xe43c,
0xe45c, 0xe45c, 0xe47c, 0xe47c, 0xe47d, 0xe49d, 0xe49d, 0xec9e, 0xec9d, 0xecbd,
0xecdd, 0xe4dd, 0xe4dd, 0xe4dd, 0xdcdd, 0xdcfd, 0xdd1d, 0xdd1d, 0xd51c, 0xd53b,
0xcd5a, 0xcd3a, 0xcd39, 0xcd18, 0xccf7, 0xccd7, 0xcc96, 0xcc76, 0xc475, 0xc476,
0xc456, 0xc456, 0xcc36, 0xcc36, 0xcc57, 0xcc57, 0xcc57, 0xcc78, 0xcc98, 0xd4ba,
0xd4ba, 0xd4ba, 0xcc9a, 0xcc9a, 0xcc9a, 0xcc9b, 0xcc9b, 0xcc9b, 0xcc9b, 0xccbb,
0xccbb, 0xd4bb, 0xd4dc, 0xccdc, 0xccdb, 0xc49a, 0xb438, 0xabf7, 0xa3d6, 0x9b94,
0x93b5, 0x93b5, 0x93b4, 0x93d5, 0x93b5, 0x93b5, 0x9bd6, 0xa3f7, 0x9bd6, 0x9bd6,
0x9bd6, 0x9bd7, 0xa417, 0xa417, 0xa438, 0xa418, 0xa418, 0xac58, 0xac58, 0xac78,
0xb479, 0xa417, 0xa3f7, 0xa3f7, 0xa417, 0xac17, 0xac38, 0xac58, 0xb478, 0xb479,
0xac78, 0xac58, 0xa458, 0xa437, 0xa417, 0xa437, 0xac58, 0xa458, 0xa437, 0xa417,
0xa417, 0xa437, 0xa417, 0xa437, 0xa437, 0xa437, 0xac57, 0xac58, 0xb499, 0xc4fb,
0xbcdb, 0xb49a, 0xb49a, 0xac79, 0xac79, 0xb479, 0xac58, 0xac79, 0xb479, 0xac58,
0xa416, 0x9bf6, 0x9bf6, 0x9bf6, 0x9bf5, 0x9bd5, 0x9bf5, 0x9bf4, 0x93b3, 0x93b3,
0x93b3, 0x9bf5, 0xac78, 0xac38, 0xac5a, 0xbc9b, 0xbcba, 0x9bf6, 0x9bf5, 0x8bb3,
0x8b73, 0x8b93, 0x8352, 0x8332, 0x8332, 0x7b32, 0x7b32, 0x8332, 0x7b11, 0x72d0,
0x6aaf, 0x6aaf, 0x6a8e, 0x624d, 0x59ca, 0x6a4d, 0x7ace, 0x82ce, 0x8aef, 0x9310,
0x9b31, 0xa351, 0xa352, 0xa352, 0xab73, 0xab73, 0xb374, 0xb374, 0xb374, 0xb394,
0xb374, 0xb374, 0xb374, 0xb375, 0xb355, 0xb354, 0xb354, 0xb333, 0xab33, 0xab33,
0xab32, 0xab12, 0xab12, 0xab12, 0xab12, 0xab12, 0xa311, 0xa310, 0x9b10, 0x9b10,
0x9b0f, 0x92ef, 0x92ee, 0x92ee, 0x8ace, 0x828d, 0x720b, 0x69eb, 0x7a8d, 0x8aae,
0x92ce, 0x92cf, 0x92ef, 0x9b0f, 0x9b30, 0x9b30, 0x9b30, 0x9b30, 0x9b30, 0x9b31,
0x9b31, 0x9b31, 0x9b31, 0x9b31, 0x9b31, 0x9b11, 0x9b11, 0x9b11, 0x9b11, 0x9b11,
0x9af1, 0x9b11, 0x9b11, 0x9b11, 0x9b11, 0x9b11, 0x9af1, 0x9af1, 0x92f0, 0x92f0,
0x92f0, 0x9af1, 0x9af1, 0x9af1, 0x9af1, 0x9af1, 0x9af1, 0x9af0, 0x9af0, 0x9af0,
0x9af0, 0x9af0, 0x9af0, 0x9b10, 0x9b10, 0x9b10, 0x9b10, 0x9b10, 0x9b10, 0x9b10,

0x93b8, 0x93b8, 0x93b8, 0x93d8, 0x93d8, 0x93d8, 0x93d8, 0x93d8, 0x8bd7, 0x8bd7,
0x8bf7, 0x8bf7, 0x8bf7, 0x8bd7, 0x8bd7, 0x8bd6, 0x8bd6, 0x8bd6, 0x8bd6, 0x83f5,
0x83f5, 0x83f4, 0x83f3, 0x83f3, 0x83f2, 0x83f2, 0x83f2, 0x7bd1, 0x7bb1, 0x83b1,
0x8391, 0x8391, 0x7b70, 0x7b70, 0x7b50, 0x7b30, 0x7b2f, 0x7b0f, 0x7b0f, 0x7aef,
0x7aef, 0x7aef, 0x7aef, 0x7ace, 0x72ce, 0x72cd, 0x72ad, 0x72ad, 0x72cd, 0x6a8d,
0x6aad, 0x7a8e, 0x8ad0, 0x9b12, 0xb375, 0xbb97, 0xcbd9, 0xcbda, 0xd3db, 0xd3db,
0xdbfb, 0xe3fc, 0xdc1c, 0xdc1c, 0xdc3d, 0xe43d, 0xe45d, 0xe43d, 0xe45c, 0xe45d,
0xe45d, 0xec5d, 0xec7d, 0xec7d, 0xe47d, 0xe49e, 0xec9e, 0xec9d, 0xec9d, 0xec9d,
0xecbd, 0xecbd, 0xecbd, 0xecbd, 0xe4be, 0xe4dd, 0xe4fd, 0xdd1d, 0xdd1d, 0xd51c,
0xcd3c, 0xcd3b, 0xcd3b, 0xcd3a, 0xcd39, 0xcd38, 0xd4d7, 0xd4b6, 0xcc96, 0xcc96,
0xcc76, 0xc456, 0xc436, 0xcc36, 0xcc57, 0xcc57, 0xcc57, 0xcc78, 0xcc98, 0xccba,
0xd4ba, 0xcc9a, 0xcc9a, 0xcc9a, 0xcc7a, 0xcc7a, 0xc47a, 0xcc9a, 0xcc9b, 0xcc9b,
0xccbb, 0xd4db, 0xccbb, 0xbc59, 0xb417, 0xabd6, 0xa3b5, 0x9bb5, 0x9bb5, 0x9bd5,
0x93b4, 0x93b4, 0x93b4, 0x93d5, 0x93b5, 0x9bd6, 0xa417, 0xa437, 0xa417, 0xa3f6,
0x9bf6, 0xa3f7, 0xa418, 0xa417, 0xa438, 0xa438, 0xa438, 0xac38, 0xac58, 0xac58,
0xac58, 0xac58, 0xb499, 0xb479, 0xb479, 0xb458, 0xac17, 0xac38, 0xac58, 0xb478,
0xb499, 0xac79, 0xac79, 0xac79, 0xb4b9, 0xb4da, 0xbcda, 0xb4b9, 0xac78, 0xa438,
0x9c17, 0xa437, 0xac78, 0xbcd9, 0xb498, 0xa3f6, 0xa416, 0xa416, 0xac57, 0xb49a,
0xbcdb, 0xb49a, 0xac59, 0xac79, 0xb479, 0xb499, 0xb499, 0xa417, 0xa437, 0xa437,
0xa416, 0xa437, 0xa416, 0x9bf5, 0x9bf5, 0x9bf5, 0x9c15, 0xa415, 0x93b3, 0x93b3,
0x93d3, 0x9bd4, 0xac57, 0xbcdb, 0xc4fc, 0xc4dc, 0xbcba, 0xa416, 0xa456, 0x9bf4,
0x8b93, 0x93b4, 0x8b73, 0x8352, 0x8332, 0x8311, 0x7b11, 0x7b11, 0x7b12, 0x7b11,
0x72f0, 0x72d0, 0x6acf, 0x6aaf, 0x624d, 0x5a0c, 0x728e, 0x7acf, 0x82cf, 0x8aef,
0x9310, 0x9b30, 0x9b30, 0xa351, 0xa352, 0xa352, 0xab52, 0xab53, 0xab73, 0xab73,
0xab73, 0xab73, 0xab73, 0xb354, 0xb354, 0xab54, 0xab33, 0xab33, 0xab32, 0xab32,
0xab32, 0xab12, 0xab12, 0xab12, 0xab12, 0xab12, 0xab32, 0xa311, 0xa311, 0x9b10,
0x9b10, 0x9b0f, 0x930f, 0x92ee, 0x8aad, 0x826d, 0x69eb, 0x722c, 0x828e, 0x8aae,
0x92ce, 0x92cf, 0x930f, 0x9b10, 0x9b30, 0x9b30, 0x9b30, 0x9b30, 0x9b30, 0x9b31,
0x9b31, 0x9b31, 0x9b31, 0x9b31, 0x9b31, 0x9b11, 0x9b11, 0x9b11, 0x9b11, 0x9b11,
0x9af1, 0x9b11, 0x9b11, 0x9b11, 0x9b11, 0x9b11, 0x9af1, 0x9af1, 0x92f0, 0x92f0,
0x92f0, 0x9af1, 0x9af1, 0x9af1, 0x92f0, 0x92f0, 0x92f0, 0x9af0, 0x9af0, 0x9af0,
0x9af0, 0x92f0, 0x92f0, 0x9af0, 0x9b10, 0x9b10, 0x9b10, 0x9b10, 0x9b10, 0x9b10,

0x93b8, 0x93b8, 0x93b8, 0x93d8, 0x93d8, 0x93d8, 0x93d8, 0x93d8, 0x93d8, 0x8bd7,
0x8bd7, 0x8bd7, 0x8bd7, 0x8bd6, 0x8bd6, 0x8bd6, 0x8bd6, 0x8bd6, 0x8bd6, 0x83f6,
0x83f5, 0x83f5, 0x83f4, 0x83f3, 0x83f3, 0x83f2, 0x83d2, 0x83d2, 0x7bb1, 0x83d1,
0x7bb1, 0x7b90, 0x7b90, 0x7b70, 0x7b50, 0x7b2f, 0x7b0f, 0x7aef, 0x7aef, 0x7acf,
0x72cf, 0x72cf, 0x72ce, 0x72ce, 0x72ce, 0x72cd, 0x72ad, 0x728d, 0x7a8e, 0x82b0,
0x8b12, 0xab75, 0xbbb7, 0xc3d8, 0xcbfa, 0xcbfa, 0xd3fb, 0xd3fc, 0xd3fd, 0xdbfd,
0xdc1d, 0xdc1d, 0xdc1d, 0xdc1d, 0xdc3d, 0xdc3e, 0xe43e, 0xe43e, 0xe43d, 0xe45d,
0xe45e, 0xec5e, 0xec7e, 0xec7e, 0xec7e, 0xec7e, 0xec9e, 0xec9e, 0xec9e, 0xecbd,
0xecbd, 0xecbd, 0xecbd, 0xecbd, 0xecbd, 0xecdd, 0xe4fd, 0xe51d, 0xdd1d, 0xdd1d,
0xd51d, 0xd53c, 0xd53c, 0xcd3b, 0xcd3b, 0xcd3b, 0xd53a, 0xd519, 0xccf8, 0xccb7,
0xcc97, 0xcc76, 0xcc56, 0xcc36, 0xcc57, 0xcc57, 0xcc58, 0xcc78, 0xcc79, 0xcc99,
0xcc9a, 0xcc9a, 0xcc9a, 0xcc9a, 0xcc9a, 0xcc7a, 0xc45a, 0xcc7a, 0xcc9a, 0xccba,
0xcc9a, 0xbc58, 0xa3d5, 0x9b74, 0x9b94, 0x9bb4, 0xa3d5, 0x9bd4, 0x9bb5, 0x9bd5,
0x9bb5, 0x9bb5, 0x9bd5, 0xa3f5, 0x9bd6, 0xa3f7, 0xac38, 0xac58, 0xb478, 0xac58,
0xac38, 0xb478, 0xac58, 0xac38, 0xac38, 0xa417, 0xa3f7, 0xa417, 0xac58, 0xb478,
0xac58, 0xa417, 0xa437, 0xac58, 0xbc99, 0xbc99, 0xb478, 0xac38, 0xac17, 0xa417,
0xac57, 0xac98, 0xb4b9, 0xbcd9, 0xbcfa, 0xc51a, 0xbcfa, 0xbcda, 0xbcb9, 0xac78,
0xa437, 0xa417, 0xac58, 0xb498, 0xb499, 0xac37, 0xa417, 0xa3f6, 0xa415, 0xac38,
0xb459, 0xb479, 0xb499, 0xac58, 0xb478, 0xb478, 0xac57, 0xac37, 0xa417, 0xac57,
0xac57, 0xac57, 0xac57, 0xa415, 0xa3f5, 0x9bf5, 0x9bf4, 0xa3f5, 0x9392, 0x9392,
0x9bb4, 0x9bd6, 0xa418, 0xb47a, 0xc4fc, 0xcd1d, 0xbcbb, 0xac37, 0xa415, 0x9bf4,
0x9393, 0x93b3, 0x8b93, 0x8b73, 0x8352, 0x8332, 0x8331, 0x7b11, 0x7b31, 0x7b31,
0x7311, 0x72f0, 0x72f0, 0x72cf, 0x6ace, 0x626d, 0x622c, 0x7aae, 0x82ce, 0x82ce,
0x8aef, 0x92ef, 0x9b10, 0x9b30, 0x9b31, 0xa331, 0xa331, 0xa352, 0xa352, 0xa352,
0xa352, 0xa352, 0xa352, 0xa352, 0xab52, 0xab32, 0xab32, 0xab32, 0xab32, 0xa312,
0xa312, 0xab12, 0xab12, 0xab32, 0xab33, 0xab33, 0xab33, 0xab32, 0xa312, 0xa331,
0x9b10, 0x9b0f, 0x92ef, 0x8aee, 0x8aae, 0x7a6d, 0x69eb, 0x722c, 0x828d, 0x8aae,
0x92cf, 0x92ef, 0x9b10, 0x9b30, 0x9b30, 0x9b30, 0x9b30, 0x9b31, 0x9b31, 0x9b31,
0x9b31, 0x9b31, 0x9b31, 0x9b31, 0x9b31, 0x9b11, 0x9b11, 0x9b11, 0x9b11, 0x9b11,
0x9b10, 0x9b10, 0x9b11, 0x9b10, 0x9b11, 0x9b11, 0x9b11, 0x9b11, 0x9af1, 0x92f0,
0x92f0, 0x9af1, 0x9af1, 0x9af1, 0x92f0, 0x92f0, 0x92f0, 0x9b10, 0x9b10, 0x9b10,
0x9af0, 0x9af0, 0x9af0, 0x9b10, 0x9b10, 0x9b10, 0x9b10, 0x9b10, 0x9b10, 0x9b10,

0x93b8, 0x93b8, 0x93b8, 0x93b8, 0x93b8, 0x93b8, 0x93d8, 0x93d8, 0x93d8, 0x8bd8,
0x8bd7, 0x8bd7, 0x8bb7, 0x8bd6, 0x8bd6, 0x8bd6, 0x8bd6, 0x8bd6, 0x8bd6, 0x83d6,
0x83d5, 0x83d5, 0x83d4, 0x83d4, 0x7bd3, 0x83d3, 0x83d2, 0x83d2, 0x83d2, 0x83d1,
0x7bb1, 0x7bb0, 0x7b90, 0x7b70, 0x7b50, 0x7b2f, 0x7b0f, 0x7aef, 0x7acf, 0x72cf,
0x72cf, 0x72cf, 0x72ce, 0x72ae, 0x72ae, 0x728d, 0x7aaf, 0x9311, 0xa374, 0xb3b6,
0xbbf8, 0xcc1a, 0xd41a, 0xd41b, 0xd41b, 0xd43c, 0xd43c, 0xd43c, 0xdc1d, 0xdc3d,
0xdc3d, 0xdc3d, 0xdc3d, 0xdc3d, 0xe45e, 0xe45e, 0xe45e, 0xe45e, 0xe45e, 0xe45e,
0xe45e, 0xec5e, 0xec7e, 0xec7e, 0xec7e, 0xec7e, 0xec7e, 0xec9e, 0xec9e, 0xecbe,
0xec9d, 0xecbd, 0xecbd, 0xecbd, 0xecbd, 0xecdd, 0xe4fd, 0xe4fd, 0xe51d, 0xdd1d,
0xdd1d, 0xdd3d, 0xd53d, 0xcd3d, 0xcd3c, 0xcd3c, 0xcd5b, 0xcd3a, 0xcd1a, 0xd519,
0xd4f8, 0xcc96, 0xcc76, 0xcc56, 0xc457, 0xcc57, 0xcc78, 0xcc79, 0xcc79, 0xcc79,
0xcc99, 0xcc79, 0xcc7a, 0xcc7a, 0xcc7a, 0xcc7a, 0xcc5a, 0xcc79, 0xcc9a, 0xc479,
0xa395, 0x9b53, 0x9373, 0x9b94, 0x9bd4, 0x9bb4, 0x9393, 0x9b94, 0x9bb5, 0x9bd5,
0x9bd5, 0x9bd5, 0xa3f6, 0xa416, 0xa416, 0xac38, 0xb458, 0xb479, 0xb499, 0xbc99,
0xbc99, 0xb499, 0xac38, 0xac38, 0xac58, 0xac17, 0xa3f7, 0xa417, 0xac58, 0xac78,
0xac78, 0xac58, 0xac78, 0xac78, 0xb458, 0xb478, 0xb498, 0xb478, 0xac37, 0xac37,
0xac57, 0xac57, 0xac77, 0xb497, 0xb4b8, 0xbcd8, 0xbcd9, 0xc4fa, 0xc4fa, 0xbcb9,
0xb478, 0xac58, 0xac37, 0xac37, 0xac58, 0xb459, 0xac17, 0xa3f6, 0xa3f5, 0xa416,
0xac37, 0xac37, 0xb458, 0xac37, 0xac58, 0xac57, 0xa416, 0xac36, 0xa416, 0xac57,
0xb478, 0xb477, 0xac57, 0xac57, 0xac36, 0xa3f5, 0xa3f4, 0xa414, 0x9bb3, 0x9b92,
0xa3f6, 0xb439, 0xac19, 0xb45a, 0xc4bc, 0xbcbc, 0xb459, 0xa3f6, 0x9bb4, 0x9bd4,
0x9393, 0x8b93, 0x8bb3, 0x8bb3, 0x8b93, 0x8b93, 0x8b72, 0x8352, 0x7b31, 0x7b31,
0x7b31, 0x7b11, 0x7311, 0x72f0, 0x6ace, 0x72ce, 0x624c, 0x6a2c, 0x82ce, 0x82ce,
0x8acf, 0x92ef, 0x9310, 0x9b10, 0x9b10, 0x9b10, 0xa330, 0xa351, 0xa351, 0xa352,
0xa351, 0xa351, 0x9b31, 0xa331, 0xa352, 0xa332, 0xa332, 0xa332, 0xab32, 0xa312,
0xa312, 0xa312, 0xab32, 0xab33, 0xab33, 0xab34, 0xab34, 0xab33, 0xab32, 0xa331,
0x9b10, 0x9b0f, 0x92ef, 0x8ace, 0x8ace, 0x7a6c, 0x6a0b, 0x724c, 0x828d, 0x8aaf,
0x92ef, 0x92ef, 0x9b10, 0x9b30, 0x9b30, 0x9b10, 0x9b31, 0x9b31, 0x9b31, 0x9b31,
0x9b31, 0x9b31, 0x9b31, 0x9b31, 0x9b31, 0x9b11, 0x9b11, 0x9b11, 0x9b10, 0x9b10,
0x9b10, 0x9b10, 0x9b10, 0x9b10, 0x9b11, 0x9b11, 0x9b11, 0x9b11, 0x9b11, 0x92f0,
0x92f0, 0x9af1, 0x9af1, 0x9af1, 0x92f0, 0x92f0, 0x92f0, 0x9b10, 0x9b10, 0x9b10,
0x9b10, 0x9b10, 0x9b10, 0x9b10, 0x9b10, 0x9b10, 0x9b10, 0x9b10, 0x9b10, 0x9b10,

0x93b8, 0x93b8, 0x93b8, 0x93b8, 0x93b8, 0x93b8, 0x93d8, 0x93d8, 0x93d8, 0x93d8,
0x8bd8, 0x8bd8, 0x8bd7, 0x8bd6, 0x8bd6, 0x8bd6, 0x8bd6, 0x8bd6, 0x8bd6, 0x83d6,
0x83d6, 0x83d5, 0x83d5, 0x83d4, 0x7bd3, 0x83d3, 0x83d2, 0x83d2, 0x83d2, 0x83d2,
0x7bb1, 0x7b90, 0x7b90, 0x7b70, 0x7b70, 0x7b50, 0x732f, 0x732f, 0x730e, 0x72ee,
0x72ce, 0x72ae, 0x7a8f, 0x82b0, 0x8af1, 0x9b33, 0xabd5, 0xbbf7, 0xc418, 0xc41a,
0xcc1a, 0xd45b, 0xd45b, 0xd45c, 0xd45c, 0xd45c, 0xdc7d, 0xdc7d, 0xe45e, 0xe47e,
0xe47e, 0xe47e, 0xe47e, 0xe47e, 0xe47e, 0xe47e, 0xe47e, 0xe45e, 0xe45e, 0xe45e,
0xe45e, 0xec5e, 0xec7e, 0xec7f, 0xec7f, 0xec7f, 0xec7e, 0xec7e, 0xec9e, 0xec9e,
0xec9e, 0xecbd, 0xecbe, 0xecbe, 0xecbe, 0xecdd, 0xecdd, 0xe4fd, 0xe4fd, 0xe51d,
0xdd1d, 0xdd1d, 0xd53d, 0xd53d, 0xcd3d, 0xcd3c, 0xcd5b, 0xcd5b, 0xcd5a, 0xcd3a,
0xd539, 0xd519, 0xd4d8, 0xcc97, 0xc477, 0xc457, 0xcc78, 0xcc79, 0xcc79, 0xcc79,
0xcc99, 0xcc79, 0xcc59, 0xcc5a, 0xcc5a, 0xcc7a, 0xcc7a, 0xc47a, 0xbc58, 0xa375,
0x9333, 0x9353, 0x9374, 0x9bb4, 0xa3d5, 0x9bb5, 0x9b94, 0x9373, 0x9394, 0x9bd5,
0x9bd5, 0x9bd5, 0xa3f6, 0xa416, 0xac37, 0xac37, 0xac58, 0xb478, 0xb499, 0xb499,
0xb499, 0xb478, 0xb499, 0xb478, 0xb458, 0xac37, 0xac17, 0xa437, 0xa417, 0xa437,
0xac58, 0xac58, 0xac78, 0xb498, 0xb478, 0xb478, 0xac57, 0xac57, 0xac58, 0xac37,
0xa436, 0xa436, 0xa436, 0xac57, 0xac77, 0xac77, 0xb498, 0xbcb9, 0xbcb9, 0xbcb9,
0xbcb9, 0xb498, 0xac57, 0xac37, 0xbc99, 0xb479, 0xac17, 0xa3f6, 0xa3f5, 0xa416,
0xac37, 0xac37, 0xac37, 0xa416, 0xb458, 0xb498, 0xac57, 0xac57, 0xb477, 0xb478,
0xb498, 0xb498, 0xb498, 0xac56, 0xac36, 0xa415, 0xa415, 0xa415, 0x9bb3, 0x9bd4,
0xac37, 0xbc9a, 0xc4dc, 0xb43a, 0xbcbc, 0xcd3e, 0xbc9a, 0x9bd5, 0x9bb4, 0x9bd4,
0x9bb3, 0x9393, 0x93b3, 0x9bf4, 0x9bf4, 0x93b3, 0x93b3, 0x8b73, 0x8352, 0x8352,
0x8352, 0x8331, 0x7b31, 0x7b11, 0x72ef, 0x72cf, 0x728e, 0x620b, 0x6a4c, 0x82ee,
0x8acf, 0x8aef, 0x930f, 0x9310, 0x9b10, 0x9b10, 0x9b10, 0x9b31, 0x9b31, 0x9b31,
0xa351, 0xa331, 0x9b31, 0x9b31, 0xa331, 0xa331, 0xa331, 0xa331, 0xa311, 0xa311,
0xa312, 0xa332, 0xa332, 0xab33, 0xab53, 0xab54, 0xab54, 0xab54, 0xab53, 0xa351,
0x9b10, 0x9b0f, 0x930f, 0x8ace, 0x8ace, 0x7a4c, 0x6a0b, 0x7aad, 0x82ad, 0x92cf,
0x92ef, 0x9310, 0x9b10, 0x9b30, 0x9b30, 0x9b10, 0x9b31, 0x9b31, 0x9b31, 0x9b31,
0x9b31, 0x9b31, 0x9b31, 0x9b31, 0x9b31, 0x9b11, 0x9b11, 0x9b11, 0x9b10, 0x9b10,
0x9b10, 0x9b10, 0x9b10, 0x9b10, 0x9b11, 0x9b11, 0x9b11, 0x9b11, 0x9b11, 0x92f0,
0x92f0, 0x9af1, 0x9af1, 0x9af1, 0x9b11, 0x9b11, 0x9b11, 0x9b10, 0x9b10, 0x9b10,
0x9b10, 0x9b10, 0x9b10, 0x9b10, 0x9b10, 0x9b10, 0x9b10, 0x9b10, 0x9b10, 0x9b10,

0x93b8, 0x93b8, 0x93b8, 0x93b8, 0x93b8, 0x93b8, 0x93b8, 0x93d8, 0x93d8, 0x93d8,
0x93d8, 0x8bd8, 0x8bd7, 0x8bb7, 0x8bb7, 0x8bb7, 0x8bb7, 0x8bb7, 0x8bb7, 0x83d7,
0x83f7, 0x83f6, 0x83d5, 0x83d5, 0x7bd4, 0x83d3, 0x83d3, 0x83d2, 0x83b2, 0x83d2,
0x7bb1, 0x7bb1, 0x7b91, 0x7b70, 0x7370, 0x7350, 0x7350, 0x6b2f, 0x730e, 0x7aee,
0x7ace, 0x82d0, 0x9312, 0xab75, 0xbbd7, 0xc418, 0xc439, 0xcc3a, 0xd43b, 0xd45c,
0xdc5c, 0xdc7c, 0xdc7c, 0xdc9d, 0xdc9d, 0xdc7d, 0xdc9e, 0xdc9e, 0xe49e, 0xe49e,
0xe49f, 0xe49e, 0xe49e, 0xe49e, 0xe47f, 0xe47f, 0xe47f, 0xe47f, 0xe47f, 0xe47f,
0xe47e, 0xe47e, 0xec7f, 0xec7f, 0xec7f, 0xec7f, 0xec7f, 0xec7e, 0xec7e, 0xec9e,
0xec9e, 0xec9e, 0xec9e, 0xecbe, 0xecbe, 0xecbe, 0xecde, 0xecdd, 0xecfd, 0xe4fd,
0xdd1d, 0xdd1d, 0xdd1d, 0xd53d, 0xd53d, 0xd53d, 0xc55c, 0xc55b, 0xcd5b, 0xcd5a,
0xcd5a, 0xcd59, 0xd519, 0xd4f8, 0xcc98, 0xc478, 0xc458, 0xcc59, 0xcc79, 0xcc79,
0xcc99, 0xcc99, 0xcc7a, 0xcc7a, 0xcc7a, 0xcc7a, 0xc49a, 0xb418, 0xa396, 0x9b75,
0x9b74, 0x9b94, 0x9bb5, 0xa3d5, 0x9bb5, 0x9bb5, 0x9bb5, 0x9b94, 0x9b94, 0x9bd5,
0xa3f5, 0xa416, 0xac57, 0xac57, 0xac57, 0xac57, 0xac57, 0xb458, 0xb478, 0xb458,
0xac57, 0xac37, 0xac37, 0xb478, 0xb478, 0xac58, 0xac37, 0xa437, 0xa437, 0xa437,
0xa437, 0xac57, 0xb498, 0xbcda, 0xbcda, 0xbcb9, 0xb478, 0xac37, 0xac37, 0xa416,
0x9bf5, 0x9bf5, 0xa416, 0xa436, 0xa436, 0xa436, 0xac36, 0xac37, 0xb478, 0xb498,
0xbcb9, 0xbcb9, 0xbcb8, 0xb478, 0xb499, 0xb49a, 0xac38, 0xa3f6, 0x9bd5, 0xa3f5,
0xac37, 0xac37, 0xac16, 0xac16, 0xb478, 0xb478, 0xac37, 0xac57, 0xb498, 0xbcb8,
0xbcb9, 0xbcb9, 0xbcb8, 0xb497, 0xac56, 0xac36, 0xa3f4, 0x9bd4, 0x9bb2, 0xa3d4,
0xabf7, 0xa3d8, 0xb45a, 0xc4bc, 0xccfd, 0xd53e, 0xc4dc, 0xa3f6, 0xa3f5, 0xa3f4,
0x9bd4, 0x93b4, 0x93b4, 0x9bf5, 0xa415, 0x9c15, 0x9bf5, 0x93b3, 0x8b93, 0x8b93,
0x8b93, 0x8b93, 0x8352, 0x7b31, 0x7b10, 0x7b10, 0x72cf, 0x728e, 0x620c, 0x726d,
0x82ef, 0x8acf, 0x930f, 0x9310, 0x9310, 0x9b10, 0x9b10, 0x9b11, 0x9b11, 0x9b31,
0x9b31, 0x9b31, 0x9b31, 0x9b31, 0x9b31, 0xa331, 0xa311, 0xa311, 0xa311, 0xa312,
0xa332, 0xa332, 0xab53, 0xab53, 0xab54, 0xab54, 0xab54, 0xab54, 0xab73, 0xa352,
0x9b51, 0x9b10, 0x930f, 0x8ace, 0x8ace, 0x7a4c, 0x722b, 0x82ad, 0x82ce, 0x92ef,
0x9310, 0x9b10, 0x9b10, 0x9b30, 0x9b30, 0x9b31, 0x9b31, 0x9b31, 0x9b31, 0x9b31,
0x9b31, 0x9b31, 0x9b31, 0x9b31, 0x9b31, 0x9b31, 0x9b31, 0x9b31, 0x9b10, 0x9b10,
0x9b10, 0x9b10, 0x9b10, 0x9b10, 0x9b11, 0x9b11, 0x9b11, 0x9b11, 0x9b11, 0x92f0,
0x92f0, 0x9af1, 0x9af1, 0x9af1, 0x9b11, 0x9b11, 0x9b11, 0x92f0, 0x92f0, 0x9b10,
0x9b10, 0x9b10, 0x9b10, 0x9b10, 0x9b10, 0x9b10, 0x9b10, 0x9b10, 0x9b10, 0x9b10,

0x9398, 0x9398, 0x9398, 0x9398, 0x9398, 0x9398, 0x93b8, 0x93b8, 0x93b8, 0x93b8,
0x93d8, 0x8bb7, 0x8bb7, 0x8bb7, 0x8bb7, 0x8bb7, 0x8bb7, 0x8bb7, 0x8bb7, 0x83d7,
0x83d7, 0x83d7, 0x83d6, 0x83d5, 0x7bb5, 0x7bb4, 0x83b3, 0x7bb2, 0x7bb2, 0x7bb2,
0x7bb1, 0x7bb1, 0x7b91, 0x7b91, 0x7b71, 0x7b50, 0x7330, 0x7310, 0x8310, 0x8b10,
0x9b73, 0xb3d6, 0xbbf8, 0xc419, 0xcc3a, 0xcc1a, 0xd43b, 0xd45c, 0xdc7d, 0xdc7d,
0xdc7d, 0xdc9d, 0xdc9d, 0xdc9d, 0xdc9d, 0xdc9e, 0xdc9e, 0xdcbe, 0xe4bf, 0xdcbf,
0xe4bf, 0xe4bf, 0xe4bf, 0xe4bf, 0xe49f, 0xe49f, 0xe49f, 0xe4bf, 0xe49f, 0xe49f,
0xe47f, 0xe47f, 0xe47f, 0xe47f, 0xe47f, 0xe47f, 0xec7f, 0xec7f, 0xec7f, 0xec7f,
0xec9e, 0xec9e, 0xec9e, 0xec9e, 0xecbe, 0xecbe, 0xecbe, 0xecde, 0xecde, 0xecfe,
0xe4fe, 0xe4fd, 0xdd1d, 0xdd1d, 0xdd3d, 0xd53d, 0xcd5c, 0xcd5c, 0xcd5b, 0xcd5b,
0xcd7b, 0xcd5a, 0xcd39, 0xcd18, 0xccd8, 0xc498, 0xc458, 0xcc58, 0xcc79, 0xcc79,
0xcc99, 0xcc9a, 0xcc7a, 0xcc7a, 0xcc7a, 0xcc9a, 0xbc79, 0xa3b6, 0x9354, 0xa3d6,
0x9bb5, 0x9bb5, 0x9bb5, 0x9bb5, 0x9b95, 0x9bb5, 0xa3b5, 0x9bb5, 0xa3d5, 0xa3f6,
0xa416, 0xac37, 0xb457, 0xac57, 0xac37, 0xac57, 0xac57, 0xac37, 0xac57, 0xb498,
0xb478, 0xac57, 0xac37, 0xb457, 0xb458, 0xac57, 0xac57, 0xac78, 0xb478, 0xac77,
0xac57, 0xac57, 0xac78, 0xb499, 0xbcb9, 0xbcd9, 0xbcda, 0xbcb9, 0xb498, 0xb478,
0xac77, 0xac56, 0xa436, 0xa436, 0xa436, 0xac57, 0xac36, 0xa416, 0xac36, 0xb477,
0xb478, 0xb477, 0xb498, 0xbcb9, 0xbcda, 0xbcda, 0xb479, 0xa3f6, 0xa3f5, 0xa3f5,
0xa416, 0xa416, 0xac36, 0xac36, 0xac57, 0xac57, 0xac37, 0xac37, 0xb478, 0xb478,
0xb498, 0xbc98, 0xbcb8, 0xb498, 0xb457, 0xac35, 0x9bd4, 0x93b3, 0x9bb3, 0x9bb4,
0xac17, 0xbcbb, 0xbc7b, 0xbc9c, 0xc4dd, 0xccfd, 0xbcdb, 0xac58, 0xa415, 0x9bf4,
0x9bd3, 0xa3f4, 0xa3f5, 0xa3f5, 0xac36, 0xa415, 0xa415, 0x9bd4, 0x93d4, 0x93b4,
0x93d4, 0x93d4, 0x9393, 0x8b72, 0x8351, 0x8331, 0x7af0, 0x7aef, 0x72ae, 0x624c,
0x728d, 0x8aef, 0x8aef, 0x9310, 0x9310, 0x9310, 0x9b30, 0x9b10, 0x9b10, 0x9b31,
0x9b31, 0x9b31, 0x9b31, 0x9b31, 0x9b31, 0xa331, 0xa311, 0xa311, 0xa331, 0xa332,
0xa352, 0xab53, 0xab73, 0xab74, 0xab74, 0xab74, 0xab54, 0xab54, 0xab73, 0xa373,
0xa372, 0x9b31, 0x930f, 0x8ace, 0x82ae, 0x724c, 0x724c, 0x7aad, 0x82ce, 0x9310,
0x9b10, 0x9b10, 0x9b30, 0x9b30, 0x9b30, 0x9b31, 0x9b31, 0x9b31, 0x9b31, 0x9b31,
0x9b31, 0x9b31, 0x9b31, 0x9b31, 0x9b31, 0x9b31, 0x9b31, 0x9b31, 0x9b10, 0x9b10,
0x9b10, 0x9b10, 0x9b10, 0x9b10, 0x9b11, 0x9b11, 0x9b11, 0x9b11, 0x9af1, 0x9af1,
0x9af1, 0x9b11, 0x9b11, 0x9b11, 0x9b11, 0x9b11, 0x9b11, 0x92f0, 0x92f0, 0x9b10,
0x9b10, 0x9b10, 0x9b10, 0x9b10, 0x9b10, 0x9b10, 0x9b10, 0x9b10, 0x9b10, 0x9b10,

0x9b98, 0x9b98, 0x9b98, 0x9b98, 0x9b98, 0x9b98, 0x9bb8, 0x93b8, 0x93b8, 0x93b8,
0x93b8, 0x93b7, 0x8bb7, 0x8bb7, 0x8bb7, 0x8bb7, 0x8bb7, 0x8bb7, 0x8bb7, 0x83b7,
0x83d7, 0x83d7, 0x83d6, 0x83d5, 0x7bb5, 0x83b4, 0x83b3, 0x7b92, 0x7b92, 0x7b91,
0x7b91, 0x7b91, 0x7391, 0x7391, 0x7b71, 0x7b30, 0x8331, 0x9352, 0xab94, 0xb3b6,
0xc418, 0xc419, 0xcc1a, 0xcc3b, 0xd45c, 0xd45c, 0xd47c, 0xdc7d, 0xdc9d, 0xdc9d,
0xdc9e, 0xdcbd, 0xdcbd, 0xdcbe, 0xdcbe, 0xdcbe, 0xdcbf, 0xdcbf, 0xdcdf, 0xdcbf,
0xdcdf, 0xe4df, 0xe4df, 0xe4df, 0xe4bf, 0xe4bf, 0xe4bf, 0xe4bf, 0xe4bf, 0xe49f,
0xe49f, 0xe47f, 0xe47f, 0xe47f, 0xe47f, 0xe47f, 0xec7f, 0xec7f, 0xec7f, 0xec7f,
0xec7f, 0xec7f, 0xec9f, 0xec9e, 0xecbe, 0xecbe, 0xecbe, 0xecbe, 0xecde, 0xecde,
0xe4fe, 0xe4fe, 0xdcfe, 0xdd1e, 0xdd1e, 0xd53e, 0xd53d, 0xd55c, 0xd55c, 0xd55c,
0xd57b, 0xcd5b, 0xcd59, 0xcd39, 0xccf8, 0xccb8, 0xcc78, 0xcc59, 0xcc79, 0xcc79,
0xcc99, 0xcc9a, 0xcc9a, 0xcc9a, 0xcc9a, 0xc49a, 0xabf7, 0xa3f7, 0x9354, 0x9bb5,
0x9bf6, 0xa3f6, 0xa3d6, 0xa3b5, 0xa3d6, 0x9bb5, 0x9b95, 0x9b94, 0x9bd5, 0xa3f5,
0xa416, 0xac37, 0xac37, 0xac36, 0xac36, 0xac37, 0xac37, 0xa416, 0xa416, 0xac37,
0xac57, 0xac37, 0xac37, 0xac57, 0xac36, 0xac37, 0xac57, 0xac57, 0xac77, 0xb498,
0xb498, 0xb4b8, 0xb4b8, 0xb498, 0xbc99, 0xbc99, 0xbcb9, 0xbcb9, 0xbc99, 0xb498,
0xb4b8, 0xb4b8, 0xb498, 0xac77, 0xac77, 0xac77, 0xac36, 0xa415, 0xa416, 0xac57,
0xb477, 0xb477, 0xb477, 0xbcb9, 0xc4da, 0xc4fb, 0xb499, 0xa416, 0xa415, 0xa416,
0xa416, 0xa415, 0xa416, 0xa415, 0xac36, 0xac36, 0xa416, 0xa416, 0xac57, 0xb478,
0xb478, 0xb498, 0xb477, 0xac57, 0xac36, 0xa415, 0xa3f4, 0x9bd3, 0x9bd3, 0xac36,
0xb458, 0xc4bb, 0xbc7c, 0xd51e, 0xd53e, 0xccfd, 0xbc9a, 0xac37, 0xa3f5, 0xa3f4,
0xa3f4, 0xa3f5, 0xa3f5, 0xa3f5, 0xac56, 0xa415, 0xa415, 0xa415, 0x9bf5, 0x9bf5,
0x9bf5, 0x9bd4, 0x93b4, 0x9393, 0x8b72, 0x8352, 0x8331, 0x7b30, 0x72ef, 0x6aae,
0x622c, 0x7a8d, 0x8b0f, 0x8b0f, 0x930f, 0x9310, 0x9b10, 0x9b10, 0x9b10, 0x9b31,
0x9b31, 0x9b31, 0x9b31, 0x9b31, 0x9b31, 0xa311, 0xa311, 0xa332, 0xab32, 0xa332,
0xa352, 0xa373, 0xab73, 0xab94, 0xab74, 0xab74, 0xab74, 0xab74, 0xab74, 0xa373,
0xa373, 0x9b32, 0x9310, 0x92ef, 0x8ace, 0x724c, 0x7a4c, 0x7aad, 0x828d, 0x92ef,
0x9b30, 0x9b10, 0x9b30, 0x9b30, 0x9b30, 0x9b31, 0x9b31, 0x9b31, 0x9b31, 0x9b31,
0x9b31, 0x9b31, 0x9b31, 0x9b31, 0x9b31, 0x9b31, 0x9b31, 0x9b31, 0x9b10, 0x9b10,
0x9b10, 0x9b10, 0x9b10, 0x9b10, 0x9b11, 0x9b11, 0x9b11, 0x9b11, 0x9af1, 0x9af1,
0x9af1, 0x9b11, 0x9b11, 0x9b11, 0x9b11, 0x9b11, 0x9b11, 0x9b10, 0x9b10, 0x9b10,
0x9b10, 0x9b10, 0x9b10, 0x9b10, 0x9b10, 0x9b10, 0x9b10, 0x9b10, 0x9b10, 0x9b10,

0x9b98, 0x9b98, 0x9b98, 0x9b98, 0x9b98, 0x9b98, 0x9b98, 0x9bb8, 0x93b8, 0x93b8,
0x93b8, 0x8bb7, 0x8bb7, 0x8bb7, 0x8bb7, 0x8bb7, 0x8bb7, 0x8bb7, 0x8bb7, 0x83b7,
0x83b7, 0x83b6, 0x83b6, 0x83b6, 0x7bb5, 0x7bb4, 0x7bb3, 0x7b92, 0x7372, 0x7b72,
0x7b71, 0x7371, 0x7b92, 0x8392, 0x8b72, 0x9b93, 0xabd4, 0xb3f5, 0xc3f8, 0xcc3a,
0xcc5b, 0xcc5b, 0xd47c, 0xd47d, 0xd47d, 0xdc9d, 0xdc9d, 0xdc9d, 0xdcbd, 0xdcbd,
0xdcbe, 0xdcbe, 0xdcde, 0xdcde, 0xdcde, 0xdcdf, 0xdcdf, 0xe4df, 0xdcdf, 0xdcdf,
0xe4df, 0xe4ff, 0xe4ff, 0xe4ff, 0xe4df, 0xe4df, 0xe4df, 0xe4bf, 0xe4bf, 0xe4bf,
0xe49f, 0xe49f, 0xe49f, 0xe49f, 0xe49f, 0xe49f, 0xe47f, 0xec7f, 0xec7f, 0xec7f,
0xec7f, 0xec9f, 0xec9f, 0xec9e, 0xecbe, 0xecbe, 0xecbe, 0xecbe, 0xf4de, 0xecde,
0xecfe, 0xe4fe, 0xe4fe, 0xdd1e, 0xdd1d, 0xdd3d, 0xd53d, 0xd53d, 0xd55c, 0xd55c,
0xd55c, 0xd55b, 0xcd5a, 0xcd39, 0xccf9, 0xccd9, 0xcc99, 0xcc59, 0xcc59, 0xcc79,
0xcc9a, 0xcc9a, 0xcc9a, 0xcc9b, 0xd4bb, 0xabf7, 0xa3d6, 0xb438, 0xa3d6, 0x9b95,
0xa416, 0xa3f6, 0xac17, 0xac17, 0xa3d6, 0xa3b6, 0xa3d6, 0xa3f7, 0xa417, 0xa417,
0xac37, 0xac17, 0xa3f6, 0xac17, 0xa416, 0xac36, 0xac37, 0xa416, 0xa416, 0xac36,
0xac57, 0xac36, 0xac36, 0xac36, 0xac36, 0xac37, 0xac37, 0xac57, 0xac57, 0xb498,
0xb4b8, 0xb4b8, 0xbcd9, 0xbcb9, 0xbcb9, 0xbcb9, 0xbcd9, 0xbcb9, 0xbcb9, 0xbcb9,
0xbcd9, 0xbcd8, 0xb4b8, 0xbcd8, 0xb498, 0xac77, 0xac56, 0xac16, 0xac36, 0xb477,
0xb477, 0xb477, 0xb477, 0xbcb9, 0xbcda, 0xbcda, 0xbcda, 0xac57, 0xac57, 0xac36,
0xa415, 0xa415, 0xa416, 0xa3f5, 0xa436, 0xac36, 0xac16, 0xa3f6, 0xac57, 0xb478,
0xb457, 0xb478, 0xb477, 0xa416, 0xa415, 0xac35, 0xa415, 0xa3f4, 0xa3f5, 0xbc98,
0xb438, 0xc4bc, 0xc4dd, 0xccfd, 0xdd9f, 0xd55e, 0xcd3d, 0xbcb9, 0xac35, 0xac35,
0xac56, 0xac56, 0xa415, 0x9bd4, 0xac15, 0xa415, 0xac15, 0xa415, 0xa415, 0xa3f5,
0xa3f5, 0x9bf5, 0x9bd4, 0x9bd4, 0x93b3, 0x8b72, 0x8351, 0x8330, 0x7b10, 0x72ef,
0x728d, 0x620b, 0x7a8d, 0x8b0f, 0x930f, 0x9310, 0x9310, 0x9b10, 0x9b10, 0x9b31,
0x9b31, 0x9b31, 0x9b31, 0x9b31, 0x9b31, 0xa331, 0xa331, 0xa332, 0xab32, 0xa352,
0xa352, 0xab73, 0xab94, 0xab94, 0xab94, 0xab94, 0xab74, 0xab74, 0xab94, 0xa394,
0xa373, 0x9b32, 0x9310, 0x92ef, 0x8aee, 0x724c, 0x7a6d, 0x82ad, 0x7a8d, 0x92cf,
0x9b30, 0x9b30, 0x9b30, 0x9b31, 0x9b51, 0x9b31, 0x9b31, 0x9b31, 0x9b31, 0x9b31,
0x9b31, 0x9b31, 0x9b31, 0x9b31, 0x9b31, 0x9b31, 0x9b31, 0x9b31, 0x9b10, 0x9b10,
0x9b10, 0x9b10, 0x9b10, 0x9b10, 0x9b11, 0x9b11, 0x9b11, 0x9b11, 0x9af1, 0x9af1,
0x9af1, 0x9b11, 0x9b11, 0x9b11, 0x9b11, 0x9b11, 0x9b11, 0x9b11, 0x9b10, 0x9b10,
0x9b10, 0x9b10, 0x9b10, 0x9b10, 0x9310, 0x9b10, 0x9310, 0x9310, 0x9310, 0x9310,

0x9b98, 0x9b98, 0x9b98, 0x9b78, 0x9b78, 0x9b78, 0x9b98, 0x9bb8, 0x9bb8, 0x93b8,
0x9397, 0x8b97, 0x8b97, 0x93b7, 0x93b7, 0x8b97, 0x8bb7, 0x8bb7, 0x8bb7, 0x8bb6,
0x8bb6, 0x83b6, 0x8396, 0x8396, 0x7b96, 0x7b95, 0x7394, 0x7394, 0x7b93, 0x7b73,
0x7b72, 0x8372, 0x9b53, 0xab95, 0xb3d6, 0xbbf7, 0xc418, 0xcc39, 0xcc5a, 0xcc5c,
0xcc7c, 0xd47c, 0xd49d, 0xd49d, 0xd49d, 0xd49d, 0xd4bd, 0xdcbd, 0xdcde, 0xdcde,
0xdcde, 0xdcde, 0xdcde, 0xdcde, 0xdcfe, 0xdcfe, 0xdcfe, 0xdcff, 0xdcff, 0xe4ff,
0xe4ff, 0xe4ff, 0xe4ff, 0xe4ff, 0xe4df, 0xe4df, 0xe4df, 0xe4df, 0xe4df, 0xe4df,
0xe4df, 0xecbf, 0xecbf, 0xecbf, 0xec9f, 0xec9f, 0xec7f, 0xe49f, 0xe49f, 0xe49f,
0xec9f, 0xec9f, 0xec9f, 0xec9f, 0xecbe, 0xecbe, 0xecbe, 0xecbe, 0xecde, 0xecde,
0xf4de, 0xecfe, 0xe51e, 0xdd1d, 0xdd1d, 0xd53d, 0xd53d, 0xd53d, 0xd55d, 0xd55d,
0xd55c, 0xd55c, 0xcd5b, 0xcd5b, 0xcd1a, 0xccda, 0xc499, 0xc478, 0xcc79, 0xcc7a,
0xcc7a, 0xcc9b, 0xccbb, 0xccdb, 0xc47a, 0xa3d7, 0xac17, 0xb458, 0xa3f7, 0xa3f7,
0xac17, 0xac17, 0xb478, 0xac38, 0xa417, 0xac18, 0xac5a, 0xbcbb, 0xbcbb, 0xc4fc,
0xc4bc, 0xb45a, 0xa3f8, 0xac18, 0xac38, 0xac17, 0xac37, 0xa416, 0xa415, 0xa415,
0xac36, 0xac57, 0xa416, 0xac16, 0xac36, 0xac37, 0xac37, 0xac57, 0xac77, 0xac57,
0xb498, 0xb498, 0xb498, 0xbcb9, 0xbcd9, 0xbcd9, 0xbcd9, 0xbcd9, 0xbcb9, 0xbcb8,
0xbcb8, 0xb497, 0xbcd8, 0xc4f9, 0xbcd8, 0xbcb8, 0xb497, 0xac56, 0xac56, 0xb477,
0xb477, 0xb497, 0xb497, 0xbcd9, 0xc4fa, 0xbcd9, 0xc4fa, 0xbcb9, 0xac57, 0xb478,
0xac37, 0xa416, 0xa416, 0xa416, 0xa416, 0xac37, 0xac37, 0xa416, 0xb498, 0xbcb9,
0xac57, 0xb498, 0xbc98, 0xac56, 0xa3f4, 0xa3f3, 0xa3f4, 0xa3f4, 0xac16, 0xbc78,
0xb459, 0xc4bc, 0xc4bc, 0xc4dc, 0xd53e, 0xd55e, 0xc4bb, 0xc4fa, 0xb477, 0xac56,
0xb476, 0xbcb7, 0xb456, 0xa3d4, 0xa415, 0xac15, 0xac15, 0xa415, 0x9bf4, 0xa3f4,
0xa415, 0xa3f4, 0xa3f4, 0x9bd4, 0x9bb3, 0x9392, 0x8b71, 0x8b51, 0x8330, 0x830f,
0x7aee, 0x6a8c, 0x620b, 0x7a8d, 0x8b0f, 0x9310, 0x9b10, 0x9310, 0x9330, 0x9b30,
0x9b30, 0x9b30, 0x9b30, 0xa330, 0xa330, 0xa331, 0xa331, 0xa331, 0xa352, 0xa352,
0xab73, 0xab73, 0xab94, 0xab94, 0xab94, 0xab74, 0xab95, 0xab94, 0xab94, 0xa394,
0x9b73, 0x9b52, 0x9330, 0x8aef, 0x82ce, 0x7a4d, 0x828d, 0x82ce, 0x82ae, 0x8aef,
0x9331, 0x9331, 0x9b31, 0x9b31, 0x9b31, 0x9b31, 0x9b31, 0x9b31, 0x9b31, 0x9b31,
0x9b31, 0x9b31, 0x9b31, 0x9b31, 0x9b31, 0x9b31, 0x9b31, 0x9b31, 0x9b11, 0x9b10,
0x9b10, 0x9b10, 0x9b10, 0x9b10, 0x9b11, 0x9b11, 0x9b11, 0x9b11, 0x9b11, 0x92f0,
0x92f0, 0x9b10, 0x9b10, 0x9b10, 0x9b10, 0x9b10, 0x9b10, 0x9b10, 0x9b10, 0x9b10,
0x9b10, 0x9b10, 0x9b10, 0x9310, 0x9310, 0x9310, 0x9310, 0x9310, 0x9310, 0x92f0,

0x9b98, 0x9b98, 0x9b98, 0x9b78, 0x9b78, 0x9b78, 0x9b98, 0x9bb8, 0x9b98, 0x93b8,
0x93b8, 0x9397, 0x9397, 0x93b7, 0x93b7, 0x8b97, 0x8bb7, 0x8bb7, 0x8bb7, 0x8bb7,
0x8bb7, 0x83b6, 0x8396, 0x7b96, 0x7b96, 0x7b95, 0x7b94, 0x7b74, 0x8353, 0x8b74,
0x93b4, 0xa3d5, 0xb3d7, 0xbc18, 0xc439, 0xcc3a, 0xcc5a, 0xd47b, 0xd47c, 0xd47c,
0xd49d, 0xd49d, 0xd4bd, 0xd4bd, 0xdcbd, 0xdcbd, 0xdcde, 0xdcde, 0xdcde, 0xdcde,
0xdcde, 0xdcde, 0xdcfe, 0xe4fe, 0xe4fe, 0xe4fe, 0xe4fe, 0xe4ff, 0xe4ff, 0xe4ff,
0xe51f, 0xe4ff, 0xe4ff, 0xe4ff, 0xecff, 0xecff, 0xecff, 0xe4df, 0xe4df, 0xe4df,
0xe4df, 0xecdf, 0xecdf, 0xecbf, 0xecbf, 0xec9f, 0xec9f, 0xec9f, 0xec9f, 0xec9f,
0xec9f, 0xec9f, 0xec9f, 0xec9f, 0xecbe, 0xecbe, 0xecbe, 0xecbe, 0xecde, 0xecde,
0xf4de, 0xecfe, 0xe4fe, 0xe51d, 0xdd1d, 0xdd3d, 0xd53d, 0xd53d, 0xd53d, 0xd55d,
0xd55d, 0xd55d, 0xcd5c, 0xcd5b, 0xcd1b, 0xccfa, 0xccb9, 0xc479, 0xcc79, 0xcc7a,
0xcc9a, 0xccbb, 0xccdb, 0xc49a, 0xb418, 0xac17, 0xb479, 0xb479, 0xa3f7, 0xa3f7,
0xac17, 0xb478, 0xbc99, 0xac38, 0xac58, 0xb49a, 0xbcbb, 0xb49b, 0xbcbc, 0xcd3e,
0xccfe, 0xc4bd, 0xbc9b, 0xbcbb, 0xbcba, 0xac59, 0xbc9a, 0xb458, 0x9bd6, 0xa416,
0xac17, 0xac58, 0xac58, 0xac58, 0xac37, 0xa416, 0xac37, 0xac57, 0xb477, 0xac56,
0xac57, 0xb477, 0xb477, 0xb477, 0xb498, 0xbcb8, 0xb498, 0xbcd9, 0xc4f9, 0xbcb8,
0xb477, 0xac56, 0xac56, 0xb477, 0xb497, 0xbcb8, 0xbcb8, 0xb497, 0xb497, 0xb497,
0xb497, 0xbcb8, 0xbcb8, 0xc4f9, 0xc4fa, 0xc4fa, 0xc4fa, 0xc4fa, 0xb498, 0xb478,
0xb457, 0xac57, 0xb457, 0xac57, 0xac57, 0xb477, 0xac37, 0xa416, 0xb457, 0xbcb9,
0xb478, 0xb478, 0xb478, 0xb477, 0xa414, 0x9bd3, 0x9bd3, 0xa3f4, 0xac36, 0xbc98,
0xc4ba, 0xc4bb, 0xbc9b, 0xc4dc, 0xc4fc, 0xcd1d, 0xb479, 0xb457, 0xac56, 0xac35,
0xac56, 0xac15, 0xa3f4, 0xa3f4, 0xa415, 0xac35, 0xac15, 0xa415, 0xa3f4, 0xa3f4,
0xa415, 0xa415, 0xa415, 0xa3f4, 0x9bd3, 0x9bb3, 0x9392, 0x8b71, 0x8b50, 0x8b50,
0x832f, 0x7aee, 0x728d, 0x6a2c, 0x7a8d, 0x930f, 0x9310, 0x9330, 0x9350, 0x9b51,
0x9b30, 0x9b30, 0x9b30, 0x9b30, 0xa330, 0xa331, 0xa331, 0xa351, 0xa352, 0xa352,
0xab73, 0xab73, 0xab73, 0xab94, 0xab94, 0xab94, 0xab94, 0xab94, 0xab94, 0xa394,
0x9b73, 0x9b52, 0x9331, 0x930f, 0x8aef, 0x7a6d, 0x82ae, 0x8ace, 0x82ce, 0x8b10,
0x9331, 0x9b31, 0x9b31, 0x9b31, 0xa351, 0xa351, 0x9b31, 0x9b31, 0x9b31, 0x9b31,
0x9b31, 0x9b31, 0x9b31, 0x9b31, 0x9b31, 0x9b31, 0x9b31, 0x9b31, 0x9b11, 0x9b10,
0x9b10, 0x9b10, 0x9b10, 0x9b10, 0x9b11, 0x9b11, 0x9b11, 0x9b11, 0x9b11, 0x92f0,
0x92f0, 0x9b10, 0x9b10, 0x9b10, 0x9b10, 0x9b10, 0x9b10, 0x9b10, 0x9b10, 0x9b10,
0x9b10, 0x9b10, 0x9b10, 0x9b10, 0x9310, 0x9310, 0x9310, 0x9310, 0x9310, 0x92f0,

0x9b98, 0x9b98, 0x9b98, 0x9b78, 0x9b78, 0x9b78, 0x9b98, 0x9b98, 0x9b98, 0x9398,
0x93b8, 0x93b8, 0x9397, 0x93b7, 0x9397, 0x9397, 0x8b97, 0x8bb7, 0x8bb7, 0x8b97,
0x8b97, 0x8397, 0x8396, 0x7b96, 0x7b96, 0x7b95, 0x8b94, 0x8b95, 0x9b95, 0xabd6,
0xbbf7, 0xc438, 0xc439, 0xc43a, 0xcc5b, 0xcc7b, 0xd47c, 0xd47c, 0xd49d, 0xd4bd,
0xdcbd, 0xdcdd, 0xdcbd, 0xdcdd, 0xdcde, 0xdcde, 0xdcde, 0xdcfe, 0xe4fe, 0xe4fe,
0xe4fe, 0xe4fe, 0xe4fe, 0xe51f, 0xe51f, 0xe51f, 0xe51f, 0xe51f, 0xe4ff, 0xe51f,
0xe51f, 0xe51f, 0xe51f, 0xe51f, 0xecff, 0xecff, 0xecff, 0xecff, 0xecff, 0xecff,
0xecff, 0xecff, 0xecdf, 0xecdf, 0xecbf, 0xecbf, 0xecbf, 0xec9f, 0xec9f, 0xec9f,
0xec9f, 0xec9f, 0xec9f, 0xe49f, 0xec9f, 0xec9e, 0xecbe, 0xecbe, 0xecde, 0xecde,
0xecde, 0xecfe, 0xe4fe, 0xe51d, 0xdd1d, 0xdd1d, 0xdd1e, 0xd53e, 0xd53d, 0xd53d,
0xd55d, 0xcd5d, 0xcd5c, 0xcd5c, 0xcd3b, 0xccfa, 0xccba, 0xc499, 0xcc9a, 0xcc9a,
0xcc9b, 0xccdb, 0xccdb, 0xb418, 0xabf8, 0xb459, 0xb458, 0xb458, 0xac17, 0xac17,
0xac17, 0xb478, 0xbc99, 0xb479, 0xb499, 0xc4db, 0xc51d, 0xc51d, 0xcd3e, 0xd57f,
0xd53f, 0xcd1e, 0xcd1e, 0xc4dc, 0xb459, 0xb459, 0xbc9a, 0xac39, 0xbc9a, 0xb479,
0xbc9b, 0xc4dc, 0xc4db, 0xc51c, 0xb499, 0xac16, 0xac36, 0xa416, 0xac57, 0xac57,
0xac56, 0xb477, 0xb477, 0xac57, 0xb477, 0xb498, 0xb477, 0xac57, 0xb498, 0xbcb8,
0xbcb8, 0xb497, 0xb497, 0xb497, 0xb477, 0xb497, 0xb497, 0xb497, 0xbcb8, 0xbcd8,
0xb497, 0xbcb8, 0xbcb8, 0xbcb8, 0xbcb8, 0xbcd9, 0xc4f9, 0xc4f9, 0xbcd9, 0xbcb8,
0xb498, 0xb498, 0xbc98, 0xb498, 0xb478, 0xb498, 0xac57, 0xac36, 0xac57, 0xb498,
0xbcd9, 0xac57, 0xb457, 0xbc97, 0xac35, 0xa3d3, 0xa3f4, 0xa3f5, 0xb457, 0xbc99,
0xb479, 0xc4dc, 0xccfc, 0xc4dc, 0xd55d, 0xcd3c, 0xbc99, 0xb457, 0xac35, 0xac35,
0xac36, 0xa415, 0xa415, 0xa415, 0xa3f4, 0xa415, 0xa415, 0xa415, 0xa415, 0xa415,
0xac35, 0xac35, 0xa435, 0xa3f4, 0x9bb3, 0x9bd3, 0x93b2, 0x9392, 0x9391, 0x9371,
0x8b70, 0x8350, 0x830f, 0x728d, 0x6a0b, 0x724d, 0x8b0f, 0x9330, 0x9330, 0x9350,
0x9b51, 0x9b50, 0x9b30, 0x9b30, 0x9b30, 0x9b31, 0x9b31, 0xa351, 0xa352, 0xa372,
0xab73, 0xab73, 0xab73, 0xab94, 0xab94, 0xab94, 0xab94, 0xab94, 0xab94, 0xa394,
0x9b73, 0x9b52, 0x9351, 0x9330, 0x8aef, 0x828e, 0x8acf, 0x8acf, 0x82ae, 0x8acf,
0x9310, 0x9b51, 0x9b51, 0x9b51, 0xa351, 0xa351, 0x9b31, 0x9b31, 0x9b31, 0x9b31,
0x9b31, 0x9b31, 0x9b31, 0x9b31, 0x9b31, 0x9b31, 0x9b31, 0x9b31, 0x9b11, 0x9b10,
0x9b10, 0x9b10, 0x9b10, 0x9b10, 0x9b11, 0x9b11, 0x9b11, 0x9b11, 0x9b11, 0x92f0,
0x92f0, 0x9b10, 0x9b10, 0x9b10, 0x9b10, 0x9b10, 0x9b10, 0x9b10, 0x9b10, 0x9b10,
0x9b10, 0x9b11, 0x9b11, 0x9b31, 0x9b31, 0x9b31, 0x9b31, 0x9310, 0x9310, 0x92f0,

0x9b99, 0x9b99, 0x9b99, 0x9b79, 0x9b99, 0x9b99, 0x9b98, 0x9b97, 0x9b98, 0x9b98,
0x9398, 0x9397, 0x9397, 0x9397, 0x9397, 0x9397, 0x8b97, 0x8b97, 0x8b97, 0x8b97,
0x8377, 0x8b97, 0x8b96, 0x8376, 0x8395, 0x8b95, 0x9b95, 0xabd6, 0xb3f7, 0xbbf8,
0xcc19, 0xd43a, 0xcc5b, 0xcc5b, 0xd47c, 0xd49c, 0xd49d, 0xd49d, 0xd4bd, 0xdcbd,
0xdcdd, 0xdcde, 0xdcde, 0xdcde, 0xdcde, 0xdcde, 0xdcfe, 0xe4fe, 0xe4fe, 0xe4fe,
0xe4fe, 0xe51f, 0xe51f, 0xe51f, 0xe51f, 0xe51f, 0xe51f, 0xe51f, 0xe51f, 0xe51f,
0xe51f, 0xe51f, 0xe51f, 0xe51f, 0xed1f, 0xecff, 0xecff, 0xecff, 0xecff, 0xecff,
0xecff, 0xe4ff, 0xecff, 0xecdf, 0xecdf, 0xecdf, 0xecbf, 0xecbf, 0xec9f, 0xec9f,
0xec9f, 0xec9f, 0xec9f, 0xec9f, 0xec9f, 0xec9f, 0xecbf, 0xecbe, 0xecbe, 0xecde,
0xecdf, 0xecde, 0xecfe, 0xe4fe, 0xe4fd, 0xe51d, 0xe51e, 0xdd1e, 0xdd3e, 0xd53d,
0xd53d, 0xcd5d, 0xcd5c, 0xcd7c, 0xcd5b, 0xcd1b, 0xccda, 0xc4b9, 0xcc9a, 0xcc9a,
0xccbb, 0xccdb, 0xbc59, 0xabf8, 0xb438, 0xbc99, 0xabf7, 0xac17, 0xac38, 0xb458,
0xac38, 0xb458, 0xbc79, 0xbc99, 0xbc9a, 0xc4db, 0xcd3d, 0xcd3e, 0xcd1d, 0xcd1e,
0xd53f, 0xcd1e, 0xbc9b, 0xb459, 0xac19, 0xac39, 0xac3a, 0xb45a, 0xc4dc, 0xc4dc,
0xccfd, 0xcd3e, 0xcd1e, 0xcd3d, 0xbcba, 0xa417, 0xac58, 0xb478, 0xbcb9, 0xbcb9,
0xac57, 0xac36, 0xac56, 0xb477, 0xb477, 0xb498, 0xb498, 0xac57, 0xac36, 0xb477,
0xb497, 0xb477, 0xb477, 0xb477, 0xb477, 0xb477, 0xb497, 0xb497, 0xb497, 0xb497,
0xbcb8, 0xbcb8, 0xbcb8, 0xbcb8, 0xbcb8, 0xbcb8, 0xbcb8, 0xbcd9, 0xbcd9, 0xbcd9,
0xbcb8, 0xb478, 0xbcb8, 0xb498, 0xb498, 0xbcb9, 0xb498, 0xac57, 0xb478, 0xb498,
0xc4d9, 0xb498, 0xb457, 0xbc98, 0xac35, 0xa3f3, 0xa3f4, 0xac35, 0xb477, 0xbc98,
0xb479, 0xcd1c, 0xd53d, 0xc4bb, 0xc4fb, 0xdd9d, 0xbcb9, 0xb456, 0xac35, 0xac56,
0xb456, 0xac15, 0xa415, 0xac35, 0xa3f5, 0xa415, 0xac15, 0xa415, 0xa415, 0xa415,
0xac56, 0xac35, 0xa415, 0x9bf4, 0x9bb3, 0x9bb3, 0x93b2, 0x93b2, 0x93b2, 0x9391,
0x9391, 0x9390, 0x8b50, 0x830f, 0x7aad, 0x6a2c, 0x724c, 0x82ef, 0x9330, 0x9330,
0x9330, 0x9b51, 0x9b51, 0x9b51, 0x9b51, 0x9b51, 0x9b31, 0x9b31, 0xa372, 0xa372,
0xa373, 0xa393, 0xab93, 0xa373, 0xab94, 0xab94, 0xab94, 0xab94, 0xab94, 0xa393,
0x9b72, 0x9b52, 0x9b51, 0x9331, 0x9310, 0x82cf, 0x8aef, 0x8af0, 0x8aef, 0x8aef,
0x9310, 0x9b51, 0x9b51, 0xa351, 0xa351, 0xa351, 0xa351, 0xa351, 0x9b31, 0x9b31,
0x9b31, 0x9b31, 0x9b31, 0x9b31, 0x9b11, 0x9b31, 0x9b31, 0x9b31, 0x9b31, 0x9b11,
0x9b10, 0x9b11, 0x9b11, 0x9b11, 0x9b11, 0x9b11, 0x9b11, 0x9b11, 0x9b11, 0x9b11,
0x9af0, 0x9b10, 0x9b10, 0x9b10, 0x9b10, 0x9b10, 0x9b10, 0x9b10, 0x9b10, 0x9b10,
0x9b10, 0x9b10, 0x9b10, 0x9b10, 0x9b31, 0x9b31, 0x9b31, 0x9b31, 0x9310, 0x9310,

0x9b99, 0x9b99, 0x9b99, 0x9b79, 0x9b99, 0x9b99, 0x9b78, 0x9b77, 0x9b77, 0x9b97,
0x9397, 0x9377, 0x9377, 0x9397, 0x9377, 0x9377, 0x8b77, 0x8b77, 0x8b77, 0x8397,
0x8396, 0x8b76, 0x8b75, 0x9b75, 0xa395, 0xabd6, 0xbbf7, 0xc418, 0xc439, 0xcc5a,
0xd45a, 0xd45b, 0xd47b, 0xd47c, 0xd49c, 0xd49d, 0xd4bd, 0xd4bd, 0xd4dd, 0xdcdd,
0xdcde, 0xdcde, 0xdcfe, 0xdcfe, 0xdcfe, 0xdcfe, 0xe4fe, 0xe4fe, 0xe51e, 0xe51e,
0xe51e, 0xe51f, 0xe51f, 0xe51f, 0xe51f, 0xe51f, 0xe51f, 0xe51f, 0xe51f, 0xe51f,
0xe51f, 0xe51f, 0xe53f, 0xed3f, 0xed1f, 0xed1f, 0xecff, 0xed1f, 0xed1f, 0xed1f,
0xed1f, 0xe51f, 0xecff, 0xecff, 0xecdf, 0xecdf, 0xecdf, 0xecbf, 0xecbf, 0xec9f,
0xec9f, 0xec9f, 0xec9f, 0xec9f, 0xec9f, 0xec9f, 0xec9f, 0xecbf, 0xecbf, 0xecdf,
0xecdf, 0xecdf, 0xecfe, 0xecfe, 0xecfe, 0xe4fe, 0xe51e, 0xe51e, 0xdd3e, 0xd53e,
0xd53d, 0xcd5d, 0xcd7d, 0xcd7c, 0xcd5c, 0xcd1b, 0xccda, 0xc4ba, 0xccba, 0xccbb,
0xccdb, 0xbc59, 0xabf8, 0xb418, 0xb459, 0xbc79, 0xa3f7, 0xac17, 0xac38, 0xb479,
0xb458, 0xb458, 0xbc99, 0xb479, 0xbc9a, 0xbc9b, 0xbcbb, 0xc4fc, 0xc4fc, 0xcd3d,
0xcd3e, 0xcd1d, 0xbcbb, 0xb499, 0xbc9a, 0xbc9b, 0xbcbb, 0xc4dc, 0xccfd, 0xcd1e,
0xd53e, 0xd53e, 0xc4fd, 0xcd3e, 0xc4fd, 0xb45a, 0xbc9b, 0xc4dc, 0xd55e, 0xcd3d,
0xc4fb, 0xb499, 0xac37, 0xac57, 0xb477, 0xb477, 0xb477, 0xb477, 0xac57, 0xac36,
0xac56, 0xac56, 0xac36, 0xac56, 0xac56, 0xb477, 0xb477, 0xb477, 0xb477, 0xb497,
0xb497, 0xb497, 0xb497, 0xb497, 0xbcb8, 0xbcb8, 0xb497, 0xbcd8, 0xbcd8, 0xbcb8,
0xbcb9, 0xb498, 0xbcb9, 0xbcb9, 0xbcb8, 0xbcb9, 0xbc98, 0xb478, 0xb478, 0xb498,
0xc4d9, 0xbc98, 0xb457, 0xb477, 0xa414, 0xa3f4, 0xac14, 0xb476, 0xbcb7, 0xbc98,
0xbcb9, 0xcd3c, 0xd53d, 0xccfc, 0xc4fb, 0xd53b, 0xc4f9, 0xb477, 0xac35, 0xb456,
0xbc98, 0xb456, 0xa3f4, 0xac35, 0xac35, 0xac15, 0xac35, 0xac35, 0xac35, 0xac56,
0xa415, 0xac35, 0xac35, 0xa3f4, 0x9bd3, 0x9bd3, 0x9bb3, 0x9bd3, 0x9bd2, 0x9bd2,
0x9bd2, 0x93b1, 0x8b70, 0x8b50, 0x832f, 0x72ce, 0x6a4c, 0x6a2c, 0x82ce, 0x9350,
0x9350, 0x9b51, 0x9b51, 0x9b51, 0x9b51, 0x9b51, 0x9b51, 0x9b72, 0xa372, 0xa372,
0xa373, 0xa393, 0xa393, 0xa393, 0xa394, 0xab94, 0xab94, 0xab94, 0xa393, 0xa393,
0x9b72, 0x9b72, 0x9b51, 0x9351, 0x9331, 0x8af0, 0x8af0, 0x9310, 0x8af0, 0x8aef,
0x9310, 0x9b51, 0x9b51, 0xa351, 0xa351, 0xa351, 0xa351, 0xa351, 0xa351, 0xa351,
0x9b31, 0x9b31, 0x9b31, 0x9b31, 0x9b31, 0x9b31, 0x9b31, 0x9b31, 0x9b31, 0x9b31,
0x9b11, 0x9b11, 0x9b11, 0x9b11, 0x9b11, 0x9b11, 0x9b11, 0x9b11, 0x9b11, 0x9b11,
0x9af0, 0x9b10, 0x9b10, 0x9b10, 0x9b10, 0x9b10, 0x9b10, 0x9b10, 0x9b10, 0x9b10,
0x9b10, 0x9b10, 0x9b10, 0x9b10, 0x9b31, 0x9b31, 0x9b31, 0x9b31, 0x9310, 0x9310,

0x9b99, 0x9b99, 0x9b99, 0x9b99, 0x9b79, 0x9b79, 0x9b78, 0x9b77, 0x9b77, 0x9b77,
0x9377, 0x9377, 0x9377, 0x9377, 0x9377, 0x9377, 0x8b77, 0x8b77, 0x8b77, 0x8396,
0x8b96, 0x9396, 0xa3b6, 0xabb6, 0xbbd6, 0xc417, 0xcc18, 0xcc39, 0xcc5a, 0xcc5a,
0xd47b, 0xd47b, 0xdc9c, 0xdc9c, 0xdcbc, 0xdcbd, 0xd4dd, 0xd4de, 0xdcde, 0xdcde,
0xdcde, 0xdcfe, 0xe4fe, 0xe4fe, 0xe4fe, 0xe4fe, 0xe51f, 0xe51f, 0xe51f, 0xe51f,
0xe51f, 0xe51f, 0xe51f, 0xe51f, 0xe51f, 0xe51f, 0xe51f, 0xe51f, 0xe53f, 0xe53f,
0xe53f, 0xe53f, 0xed3f, 0xed3f, 0xed1f, 0xed1f, 0xed1f, 0xed1f, 0xed1f, 0xed1f,
0xed1f, 0xe51f, 0xed1f, 0xed1f, 0xecff, 0xecff, 0xecff, 0xecbf, 0xecbf, 0xecbf,
0xec9f, 0xec9f, 0xec9f, 0xec9f, 0xec9f, 0xec9f, 0xec9f, 0xecbf, 0xecbf, 0xecdf,
0xecdf, 0xecdf, 0xecff, 0xecfe, 0xecfe, 0xecfe, 0xe4fe, 0xe51e, 0xdd1e, 0xdd3e,
0xd55e, 0xcd5e, 0xcd7d, 0xcd7c, 0xcd5c, 0xcd1b, 0xccfb, 0xccda, 0xccba, 0xccbb,
0xc49a, 0xb3f8, 0xb418, 0xb439, 0xb438, 0xb458, 0xa3f7, 0xac17, 0xb438, 0xb479,
0xb479, 0xb458, 0xbc99, 0xb479, 0xb499, 0xc4db, 0xbcdc, 0xc51d, 0xcd3c, 0xc51c,
0xc4fc, 0xc4fc, 0xcd1c, 0xc4da, 0xbc99, 0xbcba, 0xc4fb, 0xcd1d, 0xcd1d, 0xcd3e,
0xcd3e, 0xccfd, 0xc4dc, 0xc4fd, 0xbc9c, 0xbc9c, 0xccfe, 0xcd1e, 0xdd7f, 0xd55e,
0xc4fc, 0xbc9a, 0xac58, 0xb478, 0xb477, 0xb478, 0xb498, 0xb477, 0xb477, 0xac57,
0xac56, 0xac56, 0xac36, 0xac36, 0xac36, 0xac56, 0xac56, 0xac56, 0xb476, 0xb477,
0xb477, 0xb477, 0xb477, 0xb497, 0xb4b7, 0xbcb8, 0xbcb7, 0xbcb7, 0xbcd8, 0xbcd9,
0xbcd9, 0xbcd9, 0xc4fa, 0xbcd9, 0xbcb9, 0xbcb9, 0xbcb9, 0xbc98, 0xb498, 0xb477,
0xbcb9, 0xb498, 0xbcd9, 0xac36, 0xa414, 0xa414, 0xac14, 0xb476, 0xc4d8, 0xbc98,
0xc4b9, 0xd53c, 0xccfc, 0xc4fb, 0xcd3c, 0xbcb9, 0xbc97, 0xb476, 0xac35, 0xac35,
0xb477, 0xb476, 0xac35, 0xac36, 0xb476, 0xb476, 0xb456, 0xb456, 0xac56, 0xb497,
0xac35, 0xac56, 0xac56, 0xa415, 0xa414, 0xa3f4, 0x9bf3, 0x9bf3, 0x9bf3, 0xa413,
0xa3f3, 0x9bd2, 0x93b1, 0x8b91, 0x8b50, 0x7b0f, 0x7aee, 0x726d, 0x6a2c, 0x7a8d,
0x8b30, 0x9350, 0x9350, 0x9b50, 0x9b51, 0x9b51, 0x9b51, 0x9b72, 0xa392, 0xa393,
0xa393, 0xa393, 0xa393, 0xa393, 0xa394, 0xa394, 0xab94, 0xab73, 0xa373, 0xa372,
0x9b72, 0x9b72, 0x9b72, 0x9b51, 0x9b51, 0x9310, 0x8af0, 0x9311, 0x8b10, 0x8aef,
0x9310, 0x9b51, 0x9b51, 0xa351, 0xa351, 0xa352, 0xa352, 0xa352, 0xa351, 0xa351,
0xa351, 0xa351, 0xa351, 0xa351, 0x9b31, 0x9b31, 0x9b31, 0x9b31, 0x9b31, 0x9b31,
0x9b31, 0x9b11, 0x9b11, 0x9b11, 0x9b11, 0x9b11, 0x9b11, 0x9b11, 0x9b11, 0x9b11,
0x9af0, 0x9b10, 0x9b10, 0x9b10, 0x9b10, 0x9b10, 0x9b10, 0x9b10, 0x9b10, 0x9b10,
0x9b10, 0x9b10, 0x9b10, 0x9b10, 0x9b31, 0x9b31, 0x9b31, 0x9b31, 0x9310, 0x9310,

0x9b79, 0x9b79, 0x9b79, 0x9b79, 0x9b78, 0x9b58, 0x9b58, 0x9b58, 0x9b58, 0x9b58,
0x9b57, 0x9b57, 0x9357, 0x9357, 0x9357, 0x9377, 0x8b77, 0x8b77, 0x8b76, 0x9b54,
0xab74, 0xb3b6, 0xbbd6, 0xc3f7, 0xcc18, 0xcc39, 0xcc3a, 0xcc3a, 0xcc5a, 0xd49b,
0xd49c, 0xd49c, 0xdcbd, 0xdcbd, 0xdcdd, 0xdcdd, 0xdcde, 0xdcfe, 0xdcfe, 0xdcde,
0xdcde, 0xdcfe, 0xdcfe, 0xe4fe, 0xe51e, 0xe51e, 0xe51e, 0xe51e, 0xe51f, 0xe51f,
0xe51f, 0xe53f, 0xe53f, 0xe53f, 0xe53f, 0xe53f, 0xe53f, 0xe53f, 0xe51f, 0xe53f,
0xe53f, 0xed3f, 0xed5f, 0xed5f, 0xed3f, 0xed3f, 0xed3f, 0xed3f, 0xed3f, 0xed3f,
0xed1f, 0xed1f, 0xed1f, 0xe51f, 0xed1f, 0xe4ff, 0xe4ff, 0xecdf, 0xecdf, 0xecbf,
0xecbf, 0xec9f, 0xec9f, 0xe49f, 0xe49f, 0xe49f, 0xe4bf, 0xecbf, 0xecbf, 0xecbf,
0xecdf, 0xecdf, 0xecff, 0xecff, 0xecfe, 0xecfe, 0xe51e, 0xdd1e, 0xdd3e, 0xdd3e,
0xd55e, 0xd55e, 0xcd5d, 0xcd5d, 0xcd3c, 0xcd1c, 0xccfb, 0xc4ba, 0xc4db, 0xc4bb,
0xbc7a, 0xb438, 0xb438, 0xb479, 0xac17, 0xb458, 0xac17, 0xabf7, 0xac37, 0xbc99,
0xb478, 0xb478, 0xbc99, 0xb479, 0xc4db, 0xcd3d, 0xccfc, 0xcd1d, 0xbcba, 0xb458,
0xbc99, 0xbcba, 0xcd1b, 0xc4fa, 0xbcd9, 0xc4fa, 0xc51b, 0xcd1c, 0xc4fc, 0xc4fc,
0xcd1d, 0xcd1e, 0xcd1e, 0xc4dd, 0xc4dc, 0xc4bc, 0xd55e, 0xdd7f, 0xd55f, 0xc4bc,
0xbcbc, 0xbcbb, 0xbc9a, 0xb479, 0xb478, 0xbc99, 0xbcb9, 0xbcb8, 0xb498, 0xb497,
0xb477, 0xac56, 0xac56, 0xb457, 0xb457, 0xac36, 0xac36, 0xac36, 0xac36, 0xb457,
0xb477, 0xb477, 0xb477, 0xb456, 0xb477, 0xbcb8, 0xbc98, 0xbcb8, 0xbcd8, 0xc4fa,
0xc4fa, 0xc4fa, 0xcd1a, 0xc4fa, 0xbc98, 0xbcb9, 0xc4d9, 0xc4d9, 0xb498, 0xb477,
0xb477, 0xbcd9, 0xcd19, 0xac35, 0xa3f4, 0xa414, 0xac35, 0xb477, 0xbcb7, 0xc4d8,
0xc4d9, 0xccda, 0xc4ba, 0xd53d, 0xd53c, 0xc4d9, 0xc4b8, 0xbcb7, 0xac35, 0xac15,
0xb476, 0xb477, 0xb436, 0xb456, 0xbc98, 0xbc97, 0xbc77, 0xbc97, 0xb477, 0xbc97,
0xb476, 0xac56, 0xb456, 0xac35, 0xac35, 0xac35, 0xa435, 0xa414, 0xa434, 0xa434,
0xa413, 0xa413, 0x9bf2, 0x9bd1, 0x93b1, 0x8b6f, 0x832f, 0x7aee, 0x72ad, 0x6a4b,
0x6a4c, 0x82ee, 0x9370, 0x9b70, 0x9b50, 0x9b50, 0x9b71, 0x9b72, 0xa372, 0xa393,
0xa393, 0xa393, 0xa393, 0xa393, 0xa3b4, 0xa3b4, 0xa394, 0xa393, 0xa393, 0xa392,
0x9b72, 0x9b71, 0x9b51, 0x9b52, 0x9331, 0x9311, 0x9311, 0x9311, 0x9310, 0x8acf,
0x9310, 0x9331, 0x9b52, 0x9b72, 0x9b72, 0xa372, 0xa372, 0xa372, 0xa352, 0x9b52,
0x9b52, 0xa352, 0xa352, 0x9b32, 0xa332, 0x9b32, 0x9b31, 0x9b32, 0x9b31, 0x9b31,
0x9b31, 0x9b31, 0x9b31, 0x9b11, 0x9b11, 0x9b31, 0x9b11, 0x9b31, 0x9b11, 0x9b11,
0x9b11, 0x9310, 0x9310, 0x9310, 0x9310, 0x9310, 0x9310, 0x9310, 0x9310, 0x92f0,
0x9310, 0x9b30, 0x9b30, 0x9b31, 0x9331, 0x9b31, 0x9b31, 0x9331, 0x9311, 0x9310,

0x9b59, 0x9b59, 0x9b59, 0x9b59, 0x9b58, 0x9b58, 0x9b58, 0x9b58, 0x9b58, 0x9b58,
0x9b58, 0x9b58, 0x9b58, 0x9357, 0x9357, 0x9376, 0x9b76, 0x9b76, 0x9b96, 0xb395,
0xbbb5, 0xc3f7, 0xc417, 0xcc38, 0xcc39, 0xd45a, 0xd47b, 0xd47b, 0xd49c, 0xd49c,
0xdcbc, 0xdcbd, 0xdcbd, 0xdcdd, 0xdcde, 0xdcde, 0xdcfe, 0xdcfe, 0xdcfe, 0xdcfe,
0xdcfe, 0xdcfe, 0xe4fe, 0xe51e, 0xe51f, 0xe51f, 0xe51f, 0xe51f, 0xe53f, 0xe53f,
0xe53f, 0xe53f, 0xe53f, 0xe53f, 0xe53f, 0xe53f, 0xe53f, 0xe53f, 0xe53f, 0xe53f,
0xed5f, 0xed5f, 0xed5f, 0xed5f, 0xed5f, 0xed5f, 0xed5f, 0xe53f, 0xe53f, 0xe53f,
0xed3f, 0xed1f, 0xed1f, 0xed1f, 0xed1f, 0xe51f, 0xe4ff, 0xecdf, 0xecdf, 0xecdf,
0xecbf, 0xecbf, 0xec9f, 0xe49f, 0xe4bf, 0xe4bf, 0xe4bf, 0xecbf, 0xecbf, 0xecbf,
0xecbf, 0xecdf, 0xecdf, 0xecff, 0xed1e, 0xe51e, 0xe51f, 0xdd3f, 0xdd3f, 0xdd3e,
0xd55e, 0xd55e, 0xd55d, 0xd55d, 0xcd3c, 0xcd1c, 0xccfb, 0xc4ba, 0xc4ba, 0xbcbb,
0xbc7a, 0xb438, 0xb459, 0xb458, 0xb438, 0xb478, 0xac17, 0xac17, 0xac17, 0xb478,
0xb458, 0xb478, 0xc4ba, 0xbcba, 0xc4fb, 0xc4db, 0xccfc, 0xcd1c, 0xbcb9, 0xac37,
0xb458, 0xb478, 0xc4da, 0xc4fa, 0xbc98, 0xbcd9, 0xc51c, 0xcd1d, 0xcd1d, 0xcd3d,
0xd57e, 0xdd7f, 0xdd9f, 0xd57f, 0xd55e, 0xcd3d, 0xdd9e, 0xd57f, 0xc4fd, 0xccfd,
0xcd1d, 0xcd1d, 0xc4fc, 0xbcba, 0xc4da, 0xcd1b, 0xbcb9, 0xbc98, 0xbc98, 0xbcb8,
0xb477, 0xb477, 0xb477, 0xb477, 0xb477, 0xb457, 0xb477, 0xb478, 0xb477, 0xb477,
0xb457, 0xb457, 0xb477, 0xb456, 0xb456, 0xb477, 0xbc97, 0xbcb8, 0xc4d8, 0xc4d9,
0xccfa, 0xc4fa, 0xc4fa, 0xcd1a, 0xbcb9, 0xb457, 0xbcb9, 0xc4f9, 0xb478, 0xac36,
0xb478, 0xbcb9, 0xbcd8, 0xac55, 0xa414, 0xa415, 0xac35, 0xb497, 0xbcb8, 0xccf9,
0xc4d8, 0xc4b9, 0xbc99, 0xccfa, 0xc4b9, 0xbc98, 0xbc77, 0xb477, 0xb436, 0xac35,
0xb455, 0xbc77, 0xb477, 0xb457, 0xc4d8, 0xc4d8, 0xbc98, 0xbc97, 0xb497, 0xbc97,
0xb497, 0xb456, 0xb476, 0xac35, 0xac56, 0xb476, 0xb476, 0xac55, 0xac75, 0xac75,
0xac54, 0xa433, 0xa413, 0x9bf2, 0x9bf1, 0x93b0, 0x8b8f, 0x834f, 0x830e, 0x7acd,
0x726c, 0x6a4b, 0x82cd, 0x9350, 0x9370, 0x9b71, 0x9b71, 0x9b71, 0xa372, 0xa393,
0xa393, 0xa393, 0xa393, 0xa3b3, 0xa3b3, 0xa3b4, 0xa3b4, 0xa3b3, 0xa393, 0xa393,
0xa392, 0x9b71, 0x9b72, 0x9b52, 0x9351, 0x9331, 0x9331, 0x9331, 0x9311, 0x8ad0,
0x9311, 0x9b52, 0x9b52, 0x9b72, 0x9b72, 0xa372, 0xa372, 0xa372, 0xa372, 0xa372,
0xa372, 0x9b51, 0xa352, 0x92f0, 0x9b11, 0xa352, 0xa352, 0xa332, 0x9b31, 0x9b31,
0x9b31, 0x9b31, 0x9b31, 0x9b31, 0x9b31, 0x9b31, 0x9b31, 0x9b31, 0x9b31, 0x9b31,
0x9b31, 0x9330, 0x9330, 0x9330, 0x9310, 0x9310, 0x9310, 0x9310, 0x9310, 0x92f0,
0x9310, 0x9b30, 0x9b30, 0x9b31, 0x9351, 0x9351, 0x9351, 0x9331, 0x9331, 0x9331,

0x9b59, 0x9b59, 0x9b59, 0x9b58, 0x9b58, 0xa379, 0x9b78, 0x9378, 0x9b78, 0x9358,
0x9358, 0x9358, 0x9b58, 0x9b77, 0x9b76, 0x9b56, 0xa355, 0xab75, 0xb395, 0xbbb6,
0xc3f7, 0xc417, 0xcc38, 0xcc39, 0xd459, 0xd47a, 0xd49b, 0xd49b, 0xdc9c, 0xdcbc,
0xdcbd, 0xdcdd, 0xdcde, 0xdcde, 0xdcfe, 0xdcfe, 0xdcfe, 0xe4fe, 0xe4fe, 0xdcfe,
0xdcfe, 0xe4fe, 0xe51e, 0xe51f, 0xe51f, 0xe51f, 0xe51f, 0xe51f, 0xe53f, 0xe53f,
0xe53f, 0xe53f, 0xe53f, 0xe53f, 0xe53f, 0xed5f, 0xed5f, 0xed5f, 0xe53f, 0xed5f,
0xed5f, 0xed5f, 0xed5f, 0xed5f, 0xed5f, 0xed5f, 0xed5f, 0xed3f, 0xed3f, 0xed3f,
0xed3f, 0xed3f, 0xed1f, 0xed1f, 0xed1f, 0xed1f, 0xed1f, 0xecff, 0xecff, 0xecff,
0xecdf, 0xecbf, 0xecbf, 0xecbf, 0xecbf, 0xecbf, 0xe4bf, 0xecbf, 0xecbf, 0xecbf,
0xecbf, 0xecdf, 0xecdf, 0xecff, 0xed1e, 0xe51e, 0xe53f, 0xe53f, 0xdd3f, 0xdd3e,
0xd55e, 0xd55e, 0xd55d, 0xd55d, 0xcd3c, 0xcd1c, 0xccfb, 0xc4ba, 0xbc7a, 0xbc7a,
0xbc7a, 0xb459, 0xb479, 0xb438, 0xbc99, 0xb478, 0xac17, 0xac17, 0xac17, 0xac37,
0xb478, 0xbc79, 0xc4da, 0xc4fa, 0xb479, 0xc4bb, 0xd53d, 0xc4fb, 0xc4ba, 0xb478,
0xbc99, 0xbcb9, 0xc4da, 0xcd3b, 0xc51a, 0xc4da, 0xc4db, 0xcd3d, 0xd55e, 0xd57e,
0xd57e, 0xdd7f, 0xdd9f, 0xd55f, 0xcd3d, 0xcd3d, 0xd57e, 0xd55e, 0xd55e, 0xd55e,
0xcd3d, 0xcd3d, 0xcd1c, 0xc4fb, 0xd55c, 0xd53b, 0xbcb9, 0xb478, 0xb477, 0xb477,
0xb477, 0xb477, 0xb478, 0xbc98, 0xbcb9, 0xbcb9, 0xbc98, 0xbcb8, 0xc4d9, 0xc4d9,
0xbcb8, 0xbcb9, 0xbcb8, 0xbcb8, 0xb477, 0xb477, 0xb457, 0xb477, 0xbc97, 0xbcb8,
0xc4d9, 0xcd1a, 0xcd3b, 0xcd3b, 0xc4fa, 0xbc98, 0xbcb8, 0xbcb8, 0xbc98, 0xac37,
0xbc98, 0xbcb8, 0xb477, 0xac36, 0xac15, 0xa415, 0xac35, 0xb497, 0xc4b8, 0xc4b8,
0xbcb8, 0xbc98, 0xbc77, 0xbc97, 0xbc97, 0xb457, 0xb436, 0xb436, 0xac15, 0xb436,
0xb456, 0xb457, 0xbc97, 0xc4b8, 0xc4d8, 0xc4d8, 0xc4b8, 0xbc97, 0xb477, 0xb476,
0xb497, 0xb497, 0xb497, 0xac56, 0xb476, 0xac76, 0xb476, 0xb476, 0xac75, 0xb475,
0xb475, 0xac54, 0xac34, 0xa433, 0x9bf2, 0x9bd1, 0x9390, 0x8b70, 0x8b4f, 0x832e,
0x830e, 0x82cd, 0x7a8c, 0x7a8d, 0x8b0f, 0x9370, 0x9b71, 0x9b71, 0xa371, 0xa392,
0xa393, 0xa393, 0xa393, 0xa3b3, 0xa3b3, 0xa3b3, 0xabd4, 0xa3b3, 0xa3b3, 0xa3b3,
0xa3b2, 0xa392, 0x9b72, 0x9b72, 0x9b51, 0x9351, 0x9351, 0x9351, 0x9b51, 0x8af0,
0x8af0, 0x9331, 0x9b52, 0x9b72, 0x9b72, 0xa372, 0xa372, 0xa372, 0xa372, 0xa372,
0xa372, 0xa352, 0xa372, 0x9b31, 0x92d0, 0x9b31, 0xa352, 0x9b31, 0xa351, 0xa351,
0xa351, 0xa352, 0x9b51, 0x9b31, 0x9b31, 0x9b31, 0x9b31, 0x9b31, 0x9b31, 0x9b31,
0x9b31, 0x9b31, 0x9b31, 0x9b31, 0x9310, 0x9310, 0x92f0, 0x9310, 0x9310, 0x92f0,
0x9310, 0x9b31, 0x9b31, 0x9b31, 0x9331, 0x9331, 0x9331, 0x9b31, 0x9331, 0x9331,

0x9b59, 0x9b59, 0x9b59, 0x9b59, 0x9b59, 0x9b58, 0x9378, 0x9378, 0x9378, 0x9378,
0x9b58, 0x9b58, 0x9b57, 0x9b56, 0xa355, 0xab55, 0xb375, 0xbb94, 0xc3b5, 0xc3d6,
0xc3f7, 0xcc18, 0xcc38, 0xcc59, 0xd45a, 0xd49b, 0xd49b, 0xdcbc, 0xdcbc, 0xdcdd,
0xdcdd, 0xdcdd, 0xdcfe, 0xdcfe, 0xdcfe, 0xdcfe, 0xe4fe, 0xe4fe, 0xe51e, 0xe51e,
0xe51e, 0xe51e, 0xe51f, 0xe51f, 0xe51f, 0xe53f, 0xe53f, 0xe53f, 0xe53f, 0xe53f,
0xe53f, 0xe53f, 0xe53f, 0xe53f, 0xed5f, 0xed5f, 0xed5f, 0xed5f, 0xed5f, 0xed5f,
0xed5f, 0xed5f, 0xed5f, 0xed5f, 0xed5f, 0xed5f, 0xed5f, 0xed5f, 0xed5f, 0xed5f,
0xed5f, 0xed3f, 0xed3f, 0xed3f, 0xed3f, 0xed1f, 0xed1f, 0xed1f, 0xecff, 0xecff,
0xecff, 0xecdf, 0xecbf, 0xecdf, 0xecbf, 0xecbf, 0xecbf, 0xecbf, 0xecbf, 0xecbf,
0xecdf, 0xecdf, 0xecff, 0xecff, 0xed1e, 0xed1e, 0xe53f, 0xdd3f, 0xdd3f, 0xdd3f,
0xd55f, 0xd55e, 0xd55d, 0xd55d, 0xcd3c, 0xcd1c, 0xccfb, 0xc4ba, 0xbc79, 0xb459,
0xb479, 0xb458, 0xb458, 0xb478, 0xbcb9, 0xb458, 0xb458, 0xabf6, 0xac37, 0xb437,
0xbcb9, 0xcd3b, 0xcd3b, 0xbc99, 0xbcba, 0xccfb, 0xc4db, 0xc4db, 0xc4fa, 0xbc99,
0xc4b9, 0xcd3b, 0xc4da, 0xc4fa, 0xcd3a, 0xcd3b, 0xcd3c, 0xcd3d, 0xd55e, 0xd55e,
0xd55e, 0xd55e, 0xdd7f, 0xd57e, 0xd55e, 0xcd1c, 0xcd3d, 0xd55e, 0xd55d, 0xcd3d,
0xcd3d, 0xcd3c, 0xc4fb, 0xc4da, 0xccfa, 0xc4da, 0xc4d9, 0xbc98, 0xb498, 0xb498,
0xbc98, 0xbcb9, 0xbcb9, 0xc4fa, 0xcd1a, 0xcd1a, 0xc4fa, 0xc4d9, 0xc4f9, 0xc4f9,
0xc4d9, 0xc4d9, 0xbcb8, 0xb497, 0xbc97, 0xb477, 0xb456, 0xb477, 0xb497, 0xbc98,
0xc4d9, 0xcd1a, 0xcd3b, 0xcd1a, 0xc4fa, 0xb478, 0xbc98, 0xbc98, 0xbc98, 0xbc98,
0xbc98, 0xbc98, 0xb478, 0xb457, 0xac36, 0xac15, 0xac35, 0xb497, 0xbc97, 0xbc77,
0xb477, 0xc4b8, 0xbcb7, 0xbc96, 0xbc97, 0xb457, 0xb437, 0xac16, 0xb436, 0xb436,
0xb476, 0xb457, 0xbc97, 0xc4d8, 0xc4d8, 0xc4b8, 0xc4b8, 0xbc97, 0xb497, 0xb477,
0xbcb7, 0xbc97, 0xbcb7, 0xb476, 0xb477, 0xac56, 0xac56, 0xb496, 0xb475, 0xb496,
0xb496, 0xb475, 0xac75, 0xac54, 0xa433, 0x9bf2, 0x9bf1, 0x93b1, 0x9390, 0x8b4f,
0x8b4f, 0x8b2f, 0x82ee, 0x82cd, 0x7aad, 0x82cd, 0x932f, 0x9b71, 0x9b91, 0x9b92,
0xa392, 0xa392, 0xa392, 0xa3b3, 0xa3b3, 0xa3b3, 0xa3b3, 0xa3b3, 0xa3b3, 0xa3b2,
0xa3b2, 0xa3b2, 0xa3b2, 0xa392, 0x9b71, 0x9b51, 0x9b51, 0x9b51, 0x9b51, 0x9b51,
0x9331, 0x9b51, 0x9b72, 0x9b72, 0x9b72, 0xa373, 0xa373, 0xa373, 0xa373, 0xa373,
0xa373, 0xa373, 0xa352, 0xa372, 0xa352, 0xa352, 0xa352, 0xa352, 0xa352, 0xa352,
0xa352, 0xa352, 0xa352, 0xa332, 0x9b32, 0x9b32, 0x9b32, 0x9b32, 0x9b32, 0x9b32,
0x9b32, 0x9b31, 0x9b31, 0x9b31, 0x9b31, 0x9b31, 0x9311, 0x9311, 0x9310, 0x92f0,
0x9310, 0x9311, 0x9b31, 0x9b31, 0x9332, 0x9332, 0x9332, 0x9b52, 0x9332, 0x9332,

0x9b5a, 0x9b5a, 0x9b5a, 0x9b59, 0x9b59, 0x9b59, 0x9358, 0x9378, 0x9b78, 0x9b57,
0x9b56, 0xa356, 0xa355, 0xab54, 0xab55, 0xb375, 0xbb95, 0xc3b5, 0xcbb6, 0xc3f7,
0xc417, 0xcc18, 0xcc39, 0xd45a, 0xd47a, 0xdc9b, 0xdcbc, 0xdcbc, 0xdcdd, 0xdcdd,
0xe4dd, 0xe4fd, 0xe4fe, 0xdcfe, 0xdcfe, 0xdcfe, 0xe4fe, 0xe51e, 0xe51f, 0xe51f,
0xe51f, 0xe51f, 0xe51f, 0xe51f, 0xe51f, 0xe53f, 0xe53f, 0xe53f, 0xe53f, 0xe53f,
0xe53f, 0xe53f, 0xed5f, 0xed5f, 0xed5f, 0xed5f, 0xed5f, 0xed5f, 0xed7f, 0xed7f,
0xed7f, 0xed7f, 0xed7f, 0xed7f, 0xed5f, 0xed5f, 0xed5f, 0xed7f, 0xed7f, 0xed5f,
0xed5f, 0xed5f, 0xed3f, 0xed3f, 0xed3f, 0xed3f, 0xed1f, 0xed1f, 0xed1f, 0xed1f,
0xecff, 0xecff, 0xecdf, 0xecdf, 0xecbf, 0xecbf, 0xecbf, 0xecbf, 0xecbf, 0xecbf,
0xecdf, 0xecdf, 0xecff, 0xecff, 0xed1e, 0xed1f, 0xe53f, 0xdd3f, 0xdd3f, 0xdd5f,
0xd55f, 0xd55e, 0xd55d, 0xd55d, 0xcd3c, 0xcd1c, 0xc4db, 0xbc9a, 0xbc79, 0xb479,
0xb479, 0xabf7, 0xb458, 0xc4d9, 0xb478, 0xb457, 0xb437, 0xac17, 0xac37, 0xb458,
0xcd1b, 0xcd1b, 0xbc98, 0xbc99, 0xc4da, 0xc4da, 0xc4da, 0xccfb, 0xcd3b, 0xb458,
0xb478, 0xccfa, 0xc4fa, 0xbc99, 0xbcb9, 0xc4fa, 0xcd1c, 0xc4fc, 0xc4fd, 0xcd1d,
0xcd1d, 0xcd1d, 0xd57e, 0xd55e, 0xd55d, 0xd55d, 0xd55d, 0xcd1c, 0xc4fb, 0xcd3c,
0xd55c, 0xcd3b, 0xc51b, 0xc4da, 0xbc99, 0xbcb9, 0xc4d9, 0xbcb9, 0xbc98, 0xbc98,
0xc4d9, 0xc4fa, 0xccfa, 0xd55c, 0xd57c, 0xd53b, 0xcd1a, 0xcd1a, 0xcd1a, 0xc4d9,
0xb478, 0xb478, 0xbc98, 0xbcb8, 0xc4d8, 0xbcb8, 0xbcb8, 0xbcb8, 0xbcb8, 0xbcb9,
0xcd1a, 0xc4fa, 0xc4fa, 0xc4d9, 0xbcb9, 0xb457, 0xb457, 0xb478, 0xb477, 0xbc98,
0xc4f9, 0xc4d9, 0xbcb9, 0xbc99, 0xb478, 0xac36, 0xac35, 0xbcb7, 0xb476, 0xb457,
0xb456, 0xbc77, 0xbc77, 0xbc98, 0xb457, 0xb457, 0xb457, 0xac16, 0xb436, 0xb477,
0xbc77, 0xbc77, 0xbc77, 0xbcb8, 0xc4d9, 0xc4d8, 0xc4d8, 0xbc97, 0xb477, 0xb497,
0xbcb7, 0xbcb7, 0xb497, 0xb477, 0xb497, 0xb497, 0xb476, 0xb476, 0xb496, 0xb496,
0xb496, 0xb496, 0xb495, 0xb495, 0xac74, 0xa433, 0xa433, 0x9c12, 0x9bd1, 0x93b1,
0x9370, 0x9350, 0x934f, 0x8b4f, 0x830e, 0x7acd, 0x82cd, 0x8aee, 0x9350, 0x9b51,
0x9b71, 0x9b92, 0x9b72, 0xa3b2, 0xa3b2, 0xa3b3, 0xa3b3, 0xa3b3, 0xa392, 0xa3b2,
0xa3b2, 0xa3b2, 0xa3b2, 0xa3b2, 0xa392, 0x9b91, 0x9b71, 0x9b71, 0x9b71, 0x9b52,
0x9b72, 0x9b72, 0x9b72, 0x9b72, 0xa392, 0xa393, 0xa393, 0xa393, 0xa393, 0xa393,
0xa393, 0xa373, 0xa373, 0xa373, 0xa373, 0xa353, 0xa353, 0xa353, 0xa373, 0xa353,
0xa353, 0xa353, 0xa353, 0xa353, 0xa353, 0x9b52, 0x9b52, 0x9b52, 0x9b52, 0x9b52,
0x9b52, 0x9b52, 0x9b52, 0x9b52, 0x9b52, 0x9b32, 0x9b31, 0x9b31, 0x9311, 0x9311,
0x9311, 0x9311, 0x9b31, 0x9b32, 0x9b32, 0x9b32, 0x9b32, 0x9b52, 0x9b52, 0x9b52,

0x9b5a, 0x9b5a, 0x9b5a, 0x9b59, 0x9b59, 0x9b59, 0x9339, 0x9359, 0x9b58, 0x9b36,
0xa354, 0xa353, 0xab73, 0xb374, 0xb374, 0xbb95, 0xbb96, 0xc3b7, 0xc3d7, 0xc3f8,
0xcc18, 0xcc39, 0xd45a, 0xd47a, 0xdc9b, 0xdcbb, 0xdcbc, 0xdcdc, 0xdcdd, 0xdcdd,
0xe4fd, 0xe4fe, 0xe4fe, 0xe4fe, 0xe4fe, 0xe4fe, 0xe51e, 0xe51f, 0xe51f, 0xe53f,
0xe53f, 0xe53f, 0xe53f, 0xe53f, 0xe53f, 0xe53f, 0xe53f, 0xe53f, 0xed5f, 0xed5f,
0xed5f, 0xed5f, 0xed5f, 0xed5f, 0xed5f, 0xed5f, 0xed5f, 0xed7f, 0xed7f, 0xed7f,
0xed7f, 0xed7f, 0xed7f, 0xed7f, 0xed7f, 0xed7f, 0xed7f, 0xed7f, 0xed7f, 0xed7f,
0xed5f, 0xf55f, 0xed5f, 0xed5f, 0xed3f, 0xed3f, 0xed3f, 0xed3f, 0xed3f, 0xed1f,
0xed1f, 0xecff, 0xecff, 0xecdf, 0xecdf, 0xecdf, 0xecbf, 0xecbf, 0xecbf, 0xecbf,
0xecdf, 0xecdf, 0xecff, 0xecff, 0xed1e, 0xed1f, 0xe53f, 0xe53f, 0xdd5f, 0xdd5f,
0xd55f, 0xd55e, 0xd55d, 0xd55d, 0xcd3c, 0xcd1c, 0xbc9a, 0xbc9a, 0xbc9a, 0xbc99,
0xb438, 0xa3f6, 0xbc99, 0xbcb9, 0xac37, 0xb458, 0xac37, 0xb437, 0xb458, 0xbc99,
0xccfb, 0xc4d9, 0xbcb9, 0xbcb9, 0xbc98, 0xbcb9, 0xcd1b, 0xcd1b, 0xccfb, 0xbc78,
0xb458, 0xbcb9, 0xc4fa, 0xbcb9, 0xb498, 0xbcd9, 0xcd1c, 0xcd1d, 0xcd1d, 0xd55d,
0xd55e, 0xc4fc, 0xcd1d, 0xd55e, 0xcd3d, 0xcd3c, 0xd55d, 0xcd3c, 0xc4fb, 0xc4fb,
0xcd1b, 0xcd3b, 0xcd3b, 0xc51a, 0xc4b9, 0xbcb9, 0xc4d9, 0xc4d9, 0xbcb8, 0xbc98,
0xbcb9, 0xccfa, 0xd53c, 0xdd9d, 0xc4fa, 0xc4da, 0xc4fa, 0xc4d9, 0xc4f9, 0xbcb9,
0xb457, 0xac36, 0xac36, 0xb456, 0xb477, 0xbc98, 0xbcb8, 0xbcb8, 0xbcb8, 0xc4d9,
0xd55b, 0xc4fa, 0xc4d9, 0xc4d9, 0xbc98, 0xbc98, 0xb477, 0xbc98, 0xb478, 0xbc98,
0xc4f9, 0xc4fa, 0xc4fb, 0xc4fb, 0xbcb9, 0xb457, 0xac15, 0xac35, 0xb456, 0xbc77,
0xb457, 0xbc98, 0xc4da, 0xccfb, 0xc4ba, 0xbc99, 0xc4b9, 0xc4d9, 0xb437, 0xbc77,
0xbc97, 0xbc97, 0xbc97, 0xc4b8, 0xc4b8, 0xbc97, 0xc4d8, 0xbcb8, 0xbc97, 0xbcb7,
0xbcb7, 0xbcb8, 0xb476, 0xb497, 0xb497, 0xb497, 0xb496, 0xb496, 0xb496, 0xb4b6,
0xb4b6, 0xb4b6, 0xb4b6, 0xb4b6, 0xb4b6, 0xb495, 0xac74, 0xac73, 0xa433, 0xa412,
0x9bd1, 0x9bb1, 0x9bb1, 0x93b0, 0x8b6f, 0x832e, 0x830e, 0x82ee, 0x8aee, 0x8b0f,
0x9310, 0x9b51, 0x9b71, 0x9b72, 0x9b92, 0xa392, 0x9b72, 0xa392, 0xa392, 0xa3b2,
0xa3b2, 0xa3b2, 0xa3b2, 0xa3d2, 0xa3b2, 0xa3b2, 0xa3b2, 0xa391, 0x9b91, 0x9b72,
0x9b72, 0xa392, 0x9b92, 0xa392, 0xa393, 0xa393, 0xa394, 0xa394, 0xa394, 0xa394,
0xa394, 0xab94, 0xab75, 0xab75, 0xab75, 0xab74, 0xab74, 0xab74, 0xab75, 0xab74,
0xa354, 0xab74, 0xa354, 0xa354, 0xa353, 0xa373, 0xa373, 0xa373, 0xa353, 0xa353,
0xa353, 0xa352, 0xa352, 0xa352, 0xa352, 0x9b52, 0x9b52, 0x9b52, 0x9b32, 0x9b32,
0x9b32, 0x9b32, 0x9b32, 0x9b52, 0x9b53, 0x9b53, 0x9b53, 0x9b52, 0x9b52, 0x9b52,

0x9b3a, 0x9b3a, 0x9b5a, 0x9b59, 0x9b59, 0x9b38, 0x9b38, 0x9b37, 0xa336, 0xa355,
0xab74, 0xb393, 0xb393, 0xbb94, 0xbb95, 0xbbb5, 0xc3b6, 0xc3d7, 0xc3f8, 0xcc18,
0xcc39, 0xd459, 0xd47a, 0xdc9b, 0xdcbb, 0xdcbc, 0xdcdc, 0xdcdd, 0xe4dd, 0xe4fd,
0xe4fe, 0xe4fe, 0xe4fe, 0xe51e, 0xe51e, 0xe51e, 0xe51e, 0xe51e, 0xe53f, 0xe53f,
0xe53f, 0xe53f, 0xe53f, 0xe53f, 0xe53f, 0xe53f, 0xe53f, 0xe53f, 0xed5f, 0xed5f,
0xed5f, 0xed5f, 0xed5f, 0xed5f, 0xed7f, 0xed7f, 0xed7f, 0xed7f, 0xed7f, 0xed9f,
0xed9f, 0xed7f, 0xed7f, 0xed7f, 0xed7f, 0xed7f, 0xf59f, 0xf59f, 0xed7f, 0xed7f,
0xed7f, 0xf57f, 0xed5f, 0xed5f, 0xed5f, 0xed5f, 0xed3f, 0xed3f, 0xed3f, 0xed3f,
0xed1f, 0xed1f, 0xed1f, 0xecff, 0xecdf, 0xecdf, 0xecbf, 0xecbf, 0xecbf, 0xecbf,
0xecdf, 0xecff, 0xecff, 0xecff, 0xed1f, 0xed1f, 0xe53f, 0xe53f, 0xe55f, 0xdd5f,
0xdd5e, 0xd55e, 0xd55d, 0xd55d, 0xcd3c, 0xc4db, 0xbc9a, 0xbc9a, 0xbc79, 0xb478,
0xac16, 0xac37, 0xbcb9, 0xb457, 0xac37, 0xb457, 0xb457, 0xb458, 0xac37, 0xbc98,
0xc4d9, 0xcd1a, 0xbcb9, 0xb478, 0xb478, 0xc4fa, 0xd55c, 0xcd1b, 0xbc98, 0xc4b9,
0xbc98, 0xbc99, 0xc4fa, 0xc4da, 0xbcb9, 0xbcda, 0xcd3c, 0xd55d, 0xd55d, 0xcd1d,
0xcd3d, 0xcd1c, 0xc4db, 0xd55d, 0xcd3c, 0xc4db, 0xcd3c, 0xd57d, 0xcd3b, 0xc4fa,
0xc4da, 0xc4fa, 0xc51a, 0xc4d9, 0xc4fa, 0xc4d9, 0xbcb9, 0xc4d9, 0xc4d9, 0xc4d9,
0xc4fa, 0xd55b, 0xd57c, 0xd57c, 0xcd1b, 0xbcb9, 0xbc98, 0xbc98, 0xbcb8, 0xbcb9,
0xbcb9, 0xbcb9, 0xbc98, 0xb497, 0xb477, 0xb497, 0xb477, 0xb477, 0xbc97, 0xbc98,
0xbcb9, 0xbcb9, 0xbcb9, 0xc4da, 0xc4d9, 0xbcb9, 0xbc98, 0xb478, 0xb478, 0xbc98,
0xc4d9, 0xc4d9, 0xc4fb, 0xcd3b, 0xc4fa, 0xb457, 0xac36, 0xb476, 0xb476, 0xbcb8,
0xbcb8, 0xc4fa, 0xcd1b, 0xcd1c, 0xd55d, 0xccfb, 0xccfb, 0xccfa, 0xbc78, 0xb436,
0xbc97, 0xbc77, 0xbc97, 0xbc97, 0xbc97, 0xbc77, 0xbc98, 0xbcb8, 0xbc97, 0xbcb8,
0xbc97, 0xbcb7, 0xb476, 0xb476, 0xbcb8, 0xbcb7, 0xbcb7, 0xbcb7, 0xbcb7, 0xbcd7,
0xbcd7, 0xbcb7, 0xbcd6, 0xb4b6, 0xb495, 0xb4b5, 0xb495, 0xac74, 0xac74, 0xac53,
0xac32, 0xa3f2, 0xa3d1, 0x9bd0, 0x9390, 0x936f, 0x8b4f, 0x8b2f, 0x8b0e, 0x8b2f,
0x8aef, 0x8acf, 0x8b0f, 0x9330, 0x9b51, 0x9b71, 0x9b71, 0xa391, 0xa3b2, 0xa3b2,
0xa3b2, 0xa3d2, 0xa3d2, 0xabd3, 0xabd2, 0xa3d2, 0xa3d2, 0xa3b1, 0xa391, 0xa373,
0xa373, 0xa393, 0xa393, 0xa393, 0xa393, 0xa3b3, 0xabb4, 0xabb4, 0xa394, 0xab94,
0xab94, 0xab95, 0xab95, 0xab95, 0xab95, 0xab75, 0xab75, 0xab75, 0xab76, 0xab76,
0xab56, 0xab76, 0xab56, 0xab56, 0xa375, 0xa374, 0xa374, 0xa374, 0xa354, 0xa374,
0xa374, 0xa374, 0xa374, 0xa373, 0xa373, 0xa373, 0xa353, 0x9b53, 0x9b53, 0x9b53,
0x9b52, 0x9b52, 0x9b52, 0x9b53, 0x9b73, 0x9b73, 0x9b73, 0x9b73, 0x9b53, 0x9b53,

0x9b3a, 0x9b3a, 0x9b3a, 0x9b39, 0x9b38, 0x9356, 0xa336, 0xab35, 0xab35, 0xb355,
0xb374, 0xbb94, 0xbb94, 0xbb95, 0xbbb5, 0xc3b6, 0xc3d6, 0xcbf7, 0xcc18, 0xcc38,
0xd459, 0xd47a, 0xd47b, 0xdc9b, 0xdcbc, 0xdcbc, 0xdcdd, 0xe4dd, 0xe4fd, 0xe4fe,
0xe4fe, 0xe51e, 0xe4fe, 0xe51e, 0xe51e, 0xe51e, 0xe51e, 0xe51e, 0xe51e, 0xe53e,
0xed3f, 0xed5f, 0xed5f, 0xed5f, 0xed5f, 0xed5f, 0xed5f, 0xed5f, 0xed5f, 0xed7f,
0xed7f, 0xed7f, 0xed7f, 0xed7f, 0xed7f, 0xed9f, 0xed9f, 0xed9f, 0xed9f, 0xf59f,
0xf59f, 0xed9f, 0xed9f, 0xed9f, 0xed9f, 0xed9f, 0xf59f, 0xed9f, 0xed9f, 0xed9f,
0xed7f, 0xed7f, 0xed7f, 0xed7f, 0xed7f, 0xed5f, 0xed5f, 0xed3f, 0xed3f, 0xed3f,
0xed3f, 0xed1f, 0xed1f, 0xecff, 0xf4df, 0xecdf, 0xecdf, 0xecbf, 0xecbf, 0xecdf,
0xe4fe, 0xecff, 0xecff, 0xecff, 0xecff, 0xed1f, 0xed3f, 0xe53f, 0xe55f, 0xdd5e,
0xdd5e, 0xd55d, 0xd53d, 0xd53d, 0xccfc, 0xbc9a, 0xbc99, 0xb479, 0xac37, 0xb457,
0xa3f6, 0xac37, 0xbc98, 0xac37, 0xac37, 0xb457, 0xb477, 0xb478, 0xb457, 0xc4d9,
0xc51a, 0xc4d9, 0xb478, 0xbc98, 0xc4d9, 0xcd3b, 0xc4d9, 0xbc98, 0xbc98, 0xbcb9,
0xbcb9, 0xbcb9, 0xc4fa, 0xc4fa, 0xbcb9, 0xbcba, 0xcd3c, 0xd57d, 0xdd9e, 0xddbf,
0xcd3d, 0xccfb, 0xc4fb, 0xcd1b, 0xd55c, 0xcd1b, 0xcd3c, 0xd55b, 0xc4d9, 0xcd1a,
0xcd1a, 0xc4fa, 0xcd3b, 0xbcb8, 0xbc98, 0xcd1a, 0xc4d9, 0xc4d9, 0xc4fa, 0xc4d9,
0xbcb8, 0xbcb8, 0xcd1a, 0xcd3a, 0xcd3b, 0xc4f9, 0xbcb9, 0xbcb9, 0xbcb9, 0xbcb9,
0xbcb9, 0xbcb8, 0xbcb8, 0xbcb8, 0xb478, 0xbcb9, 0xc4d9, 0xc4f9, 0xbc98, 0xb458,
0xbc99, 0xc4fa, 0xc4fa, 0xcd1b, 0xd53c, 0xcd1a, 0xc4d9, 0xb498, 0xc4d9, 0xcd3b,
0xd57c, 0xdd9d, 0xcd1b, 0xc4fa, 0xc4da, 0xbc98, 0xb477, 0xbcb8, 0xbc98, 0xbcb7,
0xbcb8, 0xc4fa, 0xd55c, 0xd55d, 0xc4db, 0xc4bb, 0xc4bb, 0xc4ba, 0xbc99, 0xb457,
0xbc97, 0xbc97, 0xbc97, 0xbc97, 0xbc97, 0xbc77, 0xbc77, 0xbc98, 0xbc77, 0xbcb8,
0xc4b8, 0xbc97, 0xbc76, 0xb455, 0xbc97, 0xc4d8, 0xbcd8, 0xbcb7, 0xbcd8, 0xc518,
0xc4f8, 0xc518, 0xbcf7, 0xbcd6, 0xbcd6, 0xbcd5, 0xbcd6, 0xb4b5, 0xb474, 0xb474,
0xac73, 0xac32, 0xa412, 0xa3f1, 0x9bb1, 0x9b90, 0x9b90, 0x9370, 0x934f, 0x934f,
0x9330, 0x8aef, 0x82ce, 0x8aef, 0x9330, 0x9350, 0x9b70, 0x9b91, 0xa391, 0xa3b1,
0xa3b2, 0xa3b2, 0xabd2, 0xabd3, 0xabd3, 0xabd3, 0xa3d2, 0xa3b2, 0xa3b2, 0xa393,
0xa393, 0xa393, 0xa393, 0xa393, 0xabb4, 0xabb3, 0xabd4, 0xabb4, 0xabb4, 0xabb5,
0xabb5, 0xabb5, 0xabb6, 0xa395, 0xab95, 0xab96, 0xab96, 0xab96, 0xb377, 0xab77,
0xab57, 0xab57, 0xab57, 0xab57, 0xab76, 0xab76, 0xab76, 0xab76, 0xab75, 0xab75,
0xab76, 0xa376, 0xa375, 0xa375, 0xa375, 0xa374, 0xa374, 0xa354, 0x9b74, 0x9b74,
0x9b73, 0x9b73, 0x9b73, 0x9b73, 0x9b73, 0x9b73, 0x9b73, 0xa374, 0x9b73, 0x9b73,

0x9b39, 0x9b39, 0x9b39, 0x9b38, 0x9b36, 0xa355, 0xab55, 0xab75, 0xb375, 0xb375,
0xb394, 0xbbb4, 0xbbb4, 0xbbb5, 0xc3b5, 0xc3d6, 0xc3f7, 0xcc18, 0xcc38, 0xcc59,
0xd45a, 0xd47a, 0xdc9b, 0xdc9b, 0xdcbc, 0xdcdd, 0xdcdd, 0xe4dd, 0xe4fe, 0xe4fe,
0xe51e, 0xe51e, 0xe51e, 0xe51e, 0xed1e, 0xed1e, 0xed1e, 0xed1e, 0xed3e, 0xed3f,
0xed5f, 0xed5f, 0xed5f, 0xed5f, 0xed5f, 0xed5f, 0xed5f, 0xed5f, 0xed7f, 0xed7f,
0xed7f, 0xed7f, 0xed7f, 0xed7f, 0xed7f, 0xed9f, 0xed9f, 0xed9f, 0xed9f, 0xf59f,
0xf59f, 0xf59f, 0xf59f, 0xf59f, 0xf59f, 0xf59f, 0xf5bf, 0xf59f, 0xf59f, 0xf59f,
0xf59f, 0xf57f, 0xed7f, 0xed7f, 0xed7f, 0xed7f, 0xed5f, 0xed3f, 0xed3f, 0xed3f,
0xed3f, 0xed3f, 0xed1f, 0xecff, 0xecff, 0xecdf, 0xecdf, 0xecdf, 0xecdf, 0xecdf,
0xecff, 0xecff, 0xed1f, 0xecff, 0xed1f, 0xed1f, 0xed3f, 0xe53f, 0xe55f, 0xdd5e,
0xdd5e, 0xd55d, 0xd53d, 0xd53d, 0xc4ba, 0xb479, 0xbc79, 0xb438, 0xac37, 0xac37,
0xa3f6, 0xac16, 0xb478, 0xb457, 0xac37, 0xb478, 0xbc98, 0xbc98, 0xbc98, 0xcd1a,
0xbcb9, 0xb478, 0xbcb9, 0xbcb9, 0xc4d9, 0xc4d9, 0xbcb9, 0xbc98, 0xbc98, 0xbcb9,
0xbcb9, 0xbcb9, 0xc4d9, 0xc4fa, 0xbcd9, 0xbcda, 0xcd1b, 0xd55d, 0xdd9e, 0xcd1c,
0xc4fc, 0xcd1b, 0xc4fb, 0xcd1b, 0xcd3b, 0xcd1b, 0xc4da, 0xd55b, 0xc4d9, 0xc4d9,
0xcd3b, 0xcd1a, 0xcd1a, 0xcd1a, 0xbc98, 0xc4d9, 0xc4d9, 0xbc98, 0xc4d9, 0xc4fa,
0xc4d9, 0xbc98, 0xc4d9, 0xc4fa, 0xcd1a, 0xc4fa, 0xc4d9, 0xbcb8, 0xbcb9, 0xbcb9,
0xbc98, 0xc4d9, 0xb478, 0xc4d9, 0xc4d9, 0xcd3a, 0xd55b, 0xcd3b, 0xbcb9, 0xbc99,
0xc4fa, 0xcd3b, 0xcd1b, 0xd55c, 0xd57c, 0xcd1a, 0xcd3a, 0xc4fa, 0xc4fa, 0xcd3b,
0xdd9d, 0xdd7d, 0xcd3b, 0xd55c, 0xcd1b, 0xbc98, 0xbcb9, 0xc4d9, 0xbcb8, 0xc4fa,
0xcd3b, 0xcd3c, 0xd57e, 0xdd7e, 0xcd1d, 0xd55d, 0xcd1c, 0xccda, 0xd55b, 0xb457,
0xbc77, 0xc4d8, 0xc4b8, 0xc4b8, 0xbcb8, 0xbc98, 0xbc97, 0xbc98, 0xbc98, 0xbc97,
0xc4b8, 0xc4b8, 0xbc97, 0xb476, 0xbc97, 0xc4f9, 0xcd19, 0xcd19, 0xcd19, 0xc518,
0xbcd7, 0xc518, 0xc538, 0xbcf7, 0xbcf6, 0xbcf6, 0xbcf6, 0xbd16, 0xbcd5, 0xb4b5,
0xb494, 0xb473, 0xac32, 0xac12, 0xa3f1, 0xa3d1, 0x9bb1, 0x9bb0, 0x9b90, 0x9b70,
0x9350, 0x8aef, 0x8aee, 0x8b0f, 0x9350, 0x9350, 0x9350, 0x9b70, 0x9b91, 0xa391,
0xa3b2, 0xabd2, 0xabf2, 0xabf2, 0xac13, 0xb414, 0xb415, 0xabf5, 0xabd5, 0xabf4,
0xabd4, 0xa3d4, 0xa3b3, 0xabd4, 0xa3d4, 0xa3b5, 0xa3b5, 0xa3b5, 0xa3b6, 0xa3b6,
0xa3b6, 0xabb6, 0xab96, 0xab96, 0xab76, 0xab96, 0xab76, 0xb376, 0xb377, 0xab77,
0xab77, 0xab57, 0xab57, 0xab77, 0xab77, 0xab77, 0xab77, 0xab77, 0xab77, 0xab77,
0xab77, 0xa376, 0xa376, 0xa376, 0xab96, 0xab95, 0xa375, 0xa375, 0xa375, 0xa374,
0xa394, 0xa394, 0xa374, 0xa374, 0xa374, 0xa374, 0xa374, 0xa394, 0xa374, 0x9b74,

0x9358, 0x9b58, 0x9b37, 0xa356, 0xab55, 0xb374, 0xb394, 0xb395, 0xb394, 0xb394,
0xbbb4, 0xbbb4, 0xbbb5, 0xbbb5, 0xc3b6, 0xc3d6, 0xcbf7, 0xcc18, 0xd439, 0xd45a,
0xd47a, 0xdc9b, 0xdc9b, 0xdc9c, 0xdcbc, 0xe4dd, 0xdcdd, 0xe4dd, 0xe4fe, 0xe51e,
0xe51e, 0xed1e, 0xe51e, 0xed1e, 0xed3e, 0xed3f, 0xed3f, 0xed3f, 0xed3f, 0xed5f,
0xed5f, 0xed5f, 0xed5f, 0xed5f, 0xed5f, 0xed5f, 0xed5f, 0xed5f, 0xed7f, 0xed7f,
0xed9f, 0xed9f, 0xed9f, 0xed9f, 0xed9f, 0xed9f, 0xed9f, 0xed9f, 0xed9f, 0xf59f,
0xf59f, 0xf59f, 0xf59f, 0xf59f, 0xf59f, 0xf59f, 0xf5bf, 0xf5bf, 0xf59f, 0xf59f,
0xf59f, 0xf59f, 0xf57f, 0xed7f, 0xf57f, 0xed7f, 0xed7f, 0xed3f, 0xed3f, 0xed3f,
0xed3f, 0xed3f, 0xed1f, 0xecff, 0xecff, 0xecff, 0xecff, 0xecff, 0xecff, 0xecff,
0xecff, 0xed1f, 0xed1f, 0xed1f, 0xed1f, 0xed1f, 0xed3f, 0xe53f, 0xe55f, 0xdd5e,
0xdd5e, 0xd55d, 0xd55d, 0xcd1c, 0xb459, 0xbc79, 0xbc99, 0xb458, 0xb457, 0xb457,
0xac37, 0xac37, 0xb457, 0xb457, 0xb457, 0xbcb8, 0xc4fa, 0xbcb9, 0xc4d9, 0xbc98,
0xb457, 0xbc98, 0xbc98, 0xb478, 0xbcb9, 0xc4d9, 0xc4d9, 0xbcb9, 0xbc98, 0xbcb9,
0xc4fa, 0xbcb9, 0xbcb9, 0xc4fa, 0xc4d9, 0xbcda, 0xcd1b, 0xcd3c, 0xcd3c, 0xc51c,
0xc4fb, 0xd53c, 0xcd1b, 0xcd3b, 0xcd1b, 0xcd3b, 0xc4fa, 0xc4fa, 0xcd3b, 0xc4d9,
0xc4fa, 0xcd1a, 0xc4fa, 0xc4fa, 0xc4f9, 0xc4d9, 0xc4fa, 0xc4d9, 0xc4d9, 0xc4d9,
0xc4d9, 0xbc98, 0xbcb9, 0xc4f9, 0xc4f9, 0xc4d9, 0xc4d9, 0xbcb9, 0xbcb9, 0xbcb9,
0xbcb8, 0xc4f9, 0xbc98, 0xc4d9, 0xc4d9, 0xbcb8, 0xcd3b, 0xcd3b, 0xc4d9, 0xc4fa,
0xcd1a, 0xd55b, 0xd57c, 0xd55c, 0xdd9d, 0xd55b, 0xc519, 0xc4d9, 0xbc98, 0xc4da,
0xc4fa, 0xc4fa, 0xccfb, 0xd53b, 0xcd3b, 0xc4d9, 0xc4f9, 0xbcb8, 0xbcb9, 0xc4fb,
0xcd3c, 0xdd7e, 0xedff, 0xddbf, 0xdd7e, 0xe5be, 0xd55c, 0xccda, 0xd53b, 0xbc98,
0xbc77, 0xc4d9, 0xc4d9, 0xc4b8, 0xc4d9, 0xccf9, 0xc4d9, 0xc4b9, 0xc4d9, 0xc4b8,
0xbc98, 0xc4b8, 0xbc97, 0xbc97, 0xbcb8, 0xcd19, 0xcd3a, 0xcd19, 0xcd39, 0xcd59,
0xc518, 0xbcf7, 0xc517, 0xc517, 0xbcf7, 0xc517, 0xbcf6, 0xc517, 0xc537, 0xbcf5,
0xbcd5, 0xbc94, 0xb473, 0xac33, 0xac12, 0xa3f2, 0xa3f1, 0xa3d1, 0x9bb1, 0x9b90,
0x9b70, 0x934f, 0x934f, 0x9b70, 0x9b91, 0x9b91, 0x9b71, 0x9b71, 0x9b71, 0x9b71,
0xa3b2, 0xabf3, 0xbc74, 0xbc74, 0xbc55, 0xc497, 0xccda, 0xd4fc, 0xccbb, 0xc49a,
0xc49a, 0xc49a, 0xc49a, 0xc4ba, 0xccdb, 0xbc7a, 0xc49b, 0xbc7a, 0xbc7a, 0xbc5a,
0xabf8, 0xa3b7, 0xab96, 0xa376, 0xab76, 0xab76, 0xab76, 0xb377, 0xb397, 0xab97,
0xab77, 0xab77, 0xab77, 0xb398, 0xab78, 0xab78, 0xab78, 0xab78, 0xab78, 0xab78,
0xab78, 0xab77, 0xab97, 0xab97, 0xab97, 0xab96, 0xab96, 0xa396, 0xa396, 0xa395,
0xa395, 0xa395, 0xa395, 0xa395, 0xa395, 0xa395, 0xa395, 0xa395, 0xa375, 0xa374,

0x9b36, 0xa377, 0xa377, 0xab76, 0xb395, 0xbbb4, 0xbbd5, 0xb3b5, 0xb395, 0xb395,
0xb394, 0xbb94, 0xbb95, 0xbb95, 0xc3b6, 0xc3f7, 0xcc18, 0xcc39, 0xd459, 0xd47a,
0xdc9b, 0xdcbc, 0xdcbc, 0xdcbc, 0xdcbd, 0xe4dd, 0xe4fd, 0xe4fe, 0xe4fe, 0xe51e,
0xe51e, 0xed1e, 0xed1e, 0xed3e, 0xed3f, 0xed3f, 0xed3f, 0xed3f, 0xed3f, 0xed5f,
0xed5f, 0xed5f, 0xed5f, 0xed5f, 0xed5f, 0xed7f, 0xed7f, 0xed7f, 0xed7f, 0xed7f,
0xed9f, 0xed9f, 0xed9f, 0xed9f, 0xf59f, 0xf59f, 0xf59f, 0xf59f, 0xf59f, 0xf59f,
0xf59f, 0xf59f, 0xf59f, 0xed9f, 0xed9f, 0xed9f, 0xf59f, 0xf5bf, 0xf59f, 0xf59f,
0xf59f, 0xf57f, 0xf57f, 0xf57f, 0xed7f, 0xed7f, 0xed7f, 0xed5f, 0xed3f, 0xed3f,
0xed3f, 0xed3f, 0xed3f, 0xed1f, 0xed1f, 0xecff, 0xecff, 0xecff, 0xecff, 0xecff,
0xed1f, 0xed1f, 0xed1f, 0xed1f, 0xed1f, 0xed1f, 0xed3f, 0xe53f, 0xe53e, 0xdd5e,
0xdd5e, 0xd55d, 0xd55d, 0xc4db, 0xb458, 0xbc99, 0xbcb9, 0xb457, 0xb457, 0xac37,
0xac37, 0xb457, 0xbcb9, 0xb478, 0xbc98, 0xc4d9, 0xc4f9, 0xcd1a, 0xbc98, 0xb457,
0xbc98, 0xbcb9, 0xbc98, 0xbc98, 0xc4d9, 0xcd1a, 0xc4fa, 0xbcb9, 0xbcb9, 0xc4d9,
0xc4d9, 0xbcb9, 0xbcb9, 0xc4d9, 0xc4fa, 0xc4fa, 0xcd3b, 0xd55c, 0xcd5c, 0xcd5c,
0xcd5c, 0xd55b, 0xc4fa, 0xcd3b, 0xcd1b, 0xd55b, 0xcd1b, 0xc4da, 0xd55b, 0xc4fa,
0xc4fa, 0xc4fa, 0xc4fa, 0xc4fa, 0xc4d9, 0xcd1a, 0xc4fa, 0xc4d9, 0xc4d9, 0xbcb8,
0xb478, 0xb477, 0xb478, 0xbcb9, 0xc4d9, 0xbcb9, 0xc4d9, 0xbc98, 0xc4d9, 0xcd1a,
0xbcb8, 0xc4d9, 0xc4f9, 0xc4fa, 0xc4f9, 0xc4d9, 0xc4fa, 0xcd3a, 0xcd3a, 0xd55b,
0xc4fa, 0xc4fa, 0xcd3b, 0xddbd, 0xd57c, 0xcd1a, 0xc4f9, 0xbcb9, 0xbcb9, 0xcd3b,
0xd53b, 0xc4fb, 0xd57c, 0xcd3b, 0xcd1b, 0xbcb9, 0xc4d9, 0xbcb8, 0xc4ba, 0xcd1c,
0xdd7d, 0xedff, 0xedff, 0xe5df, 0xd55d, 0xdd9d, 0xccfb, 0xbc99, 0xccda, 0xc4da,
0xbc99, 0xc4d9, 0xc4d9, 0xc4d9, 0xccfa, 0xccfa, 0xcd1a, 0xd51a, 0xd53b, 0xcd1a,
0xc4b8, 0xbc98, 0xbcb8, 0xbcb8, 0xc4f9, 0xcd19, 0xd55a, 0xcd39, 0xc518, 0xcd59,
0xcd59, 0xc518, 0xc4f7, 0xc517, 0xc517, 0xc517, 0xbcf6, 0xbd17, 0xc517, 0xc516,
0xbcf5, 0xbcd5, 0xb473, 0xac33, 0xac12, 0xa412, 0xac12, 0xac12, 0xa3d1, 0x9bb0,
0xa3b1, 0x9bb1, 0xa3d1, 0xa3f2, 0xa3f2, 0xa3f2, 0xa3b2, 0xa391, 0x9b91, 0xa391,
0xa3d2, 0xa3d2, 0xbc54, 0xcd17, 0xbc76, 0xc498, 0xc47a, 0xccbd, 0xe57f, 0xd53f,
0xccfe, 0xccfe, 0xdd7f, 0xd51e, 0xd51f, 0xccfe, 0xcd1e, 0xdd9f, 0xcd1e, 0xdd7f,
0xd55e, 0xc4dc, 0xc4bb, 0xbc5a, 0xabb7, 0xa377, 0xab77, 0xab77, 0xab77, 0xab98,
0xab98, 0xab78, 0xab98, 0xab98, 0xab98, 0xab79, 0xab79, 0xab78, 0xab78, 0xab79,
0xab99, 0xab98, 0xab98, 0xab98, 0xab98, 0xab97, 0xab97, 0xab97, 0xab97, 0xa397,
0xa396, 0xa396, 0xa396, 0xa396, 0xa396, 0xa396, 0xa396, 0xa396, 0xa396, 0xa396,

0xab76, 0xb397, 0xb3b7, 0xb397, 0xb3b6, 0xbbb5, 0xbbd6, 0xb3b5, 0xb3b5, 0xbbb5,
0xbb95, 0xbb96, 0xbbb6, 0xc3d6, 0xc3d7, 0xc3f7, 0xcc18, 0xd439, 0xd45a, 0xd47b,
0xdc9b, 0xdcbc, 0xe4bd, 0xe4dd, 0xe4dd, 0xe4de, 0xe4fe, 0xe4fe, 0xe51e, 0xe51e,
0xed1e, 0xed3f, 0xed3f, 0xed3f, 0xed5f, 0xed3f, 0xed3f, 0xed3f, 0xed3f, 0xed5f,
0xed5f, 0xed7f, 0xed5f, 0xed5f, 0xed5f, 0xed7f, 0xed7f, 0xed7f, 0xed7f, 0xed7f,
0xed9f, 0xed9f, 0xed9f, 0xed9f, 0xf59f, 0xf59f, 0xf59f, 0xf59f, 0xf59f, 0xf59f,
0xf59f, 0xf5bf, 0xf5bf, 0xed9f, 0xed9f, 0xf59f, 0xf5bf, 0xf5bf, 0xf59f, 0xf59f,
0xf59f, 0xf57f, 0xf57f, 0xf57f, 0xed7f, 0xed7f, 0xed7f, 0xf55f, 0xed5f, 0xed5f,
0xed5f, 0xed5f, 0xed3f, 0xed3f, 0xed1f, 0xed1f, 0xed1f, 0xed1f, 0xed1f, 0xed1f,
0xed1f, 0xed1f, 0xed1f, 0xed1f, 0xed1f, 0xed1f, 0xed3f, 0xe53f, 0xe53e, 0xdd5e,
0xdd5e, 0xd53d, 0xcd1c, 0xbcba, 0xb458, 0xbc99, 0xc4d9, 0xb478, 0xac37, 0xb457,
0xac37, 0xb478, 0xc4d9, 0xbcb9, 0xbcb9, 0xc4f9, 0xcd1a, 0xc4fa, 0xb477, 0xb477,
0xbcb8, 0xbc98, 0xb457, 0xbcb9, 0xd55b, 0xd55b, 0xc4d9, 0xbc98, 0xc4d9, 0xc4fa,
0xbcb9, 0xc4d9, 0xc4d9, 0xc4d9, 0xc4f9, 0xcd1a, 0xd55b, 0xcd5b, 0xd57c, 0xcd1b,
0xcd5c, 0xd57c, 0xc4d9, 0xcd3b, 0xcd3b, 0xcd3b, 0xcd3b, 0xc4fa, 0xcd3b, 0xcd1a,
0xc4d9, 0xcd1a, 0xcd1a, 0xc4d9, 0xc4fa, 0xc4fa, 0xc4f9, 0xc4f9, 0xc4d9, 0xbcb9,
0xb477, 0xb457, 0xb477, 0xbc98, 0xbcb8, 0xbc98, 0xbcb9, 0xbc98, 0xbcb8, 0xc4fa,
0xc4d9, 0xc4fa, 0xc4fa, 0xcd3a, 0xcd1a, 0xc4f9, 0xcd1a, 0xbc98, 0xc4f9, 0xc51a,
0xbcb8, 0xbc98, 0xbcb8, 0xdd9c, 0xd57b, 0xcd1a, 0xc4d9, 0xc4f9, 0xd55b, 0xddbd,
0xd55c, 0xcd1b, 0xcd3c, 0xbcb9, 0xc4fa, 0xc4fa, 0xc4f9, 0xc4f9, 0xbcb9, 0xd53c,
0xddbe, 0xe5de, 0xdd9d, 0xd57c, 0xcd3b, 0xd53b, 0xccfa, 0xc4b9, 0xccfa, 0xd53c,
0xd51b, 0xc4da, 0xc4d9, 0xccfa, 0xd53b, 0xd53b, 0xd55c, 0xd55c, 0xd55c, 0xd55b,
0xccfa, 0xc4d9, 0xc4d8, 0xc4f9, 0xc4f9, 0xcd3a, 0xd55a, 0xd57a, 0xcd19, 0xcd18,
0xcd59, 0xc538, 0xc517, 0xc517, 0xc537, 0xc517, 0xbd16, 0xbd16, 0xbcf6, 0xc516,
0xbcd5, 0xbcb4, 0xbcb4, 0xb473, 0xac53, 0xac12, 0xa3f2, 0xac32, 0xac12, 0xa3f2,
0xa3f1, 0xac12, 0xac12, 0xa3d1, 0xa3d1, 0xa3f1, 0xa3d2, 0xa3b2, 0xa3b2, 0xa3b2,
0xabd2, 0xabf3, 0xa3b2, 0xbc76, 0xd4f9, 0xc459, 0xd4fd, 0xccbd, 0xd4de, 0xdd9f,
0xd55f, 0xc4de, 0xc4fe, 0xd57f, 0xd57f, 0xbcbd, 0xbc9c, 0xcd1e, 0xee1f, 0xd55e,
0xcd3e, 0xddbf, 0xcd3d, 0xdd9f, 0xdd9e, 0xccdc, 0xb43a, 0xabd8, 0xab98, 0xa357,
0xab78, 0xab78, 0xab78, 0xab78, 0xab98, 0xb399, 0xb399, 0xb379, 0xab78, 0xb399,
0xb399, 0xab99, 0xab99, 0xab99, 0xab99, 0xab98, 0xab98, 0xab98, 0xab98, 0xa397,
0xa397, 0xab97, 0xabb7, 0xabb7, 0xabb7, 0xabb6, 0xa396, 0xa396, 0xa396, 0xa396,

0xc3f7, 0xc3f8, 0xc3f8, 0xbbd8, 0xbbd8, 0xbbd7, 0xbbf7, 0xbbd6, 0xbbb6, 0xbbb6,
0xbbb7, 0xc3b7, 0xc3d7, 0xc3f7, 0xc3f7, 0xcbf8, 0xcc19, 0xd439, 0xd45a, 0xdc7b,
0xdc9c, 0xdcbc, 0xe4dd, 0xe4dd, 0xe4de, 0xe4fe, 0xe4fe, 0xe51e, 0xe51e, 0xed1e,
0xed3f, 0xed3f, 0xed3f, 0xed3f, 0xed5f, 0xed3f, 0xed3f, 0xed3f, 0xed3f, 0xed5f,
0xed5f, 0xed7f, 0xed7f, 0xed7f, 0xed7f, 0xed7f, 0xed7f, 0xed7f, 0xed7f, 0xed7f,
0xed9f, 0xed9f, 0xed9f, 0xed9f, 0xf59f, 0xf5bf, 0xf5bf, 0xf5bf, 0xf5bf, 0xf5bf,
0xf5bf, 0xf5bf, 0xf5bf, 0xf59f, 0xf59f, 0xf5bf, 0xf5bf, 0xf5bf, 0xf59f, 0xf59f,
0xf59f, 0xf57f, 0xf57f, 0xf57f, 0xed7f, 0xed7f, 0xed7f, 0xf57f, 0xf55f, 0xed5f,
0xed5f, 0xed5f, 0xed5f, 0xed3f, 0xed3f, 0xed1f, 0xed1f, 0xed1f, 0xed1f, 0xed1f,
0xed1f, 0xed1f, 0xed1f, 0xed1f, 0xed1f, 0xed1f, 0xed3f, 0xe53f, 0xe53e, 0xdd5e,
0xdd5e, 0xd53d, 0xc4db, 0xbcb9, 0xb478, 0xb458, 0xc4d9, 0xbc98, 0xb477, 0xb478,
0xb457, 0xc4d9, 0xc4d9, 0xc4d9, 0xc4fa, 0xc4fa, 0xc4fa, 0xbcb9, 0xac37, 0xbcb8,
0xc4d9, 0xb457, 0xbc98, 0xcd3b, 0xd55b, 0xc4fa, 0xc4d9, 0xcd1a, 0xcd3b, 0xcd1a,
0xc4d9, 0xbcb9, 0xc4fa, 0xcd1a, 0xc4fa, 0xc51a, 0xcd5b, 0xcd5b, 0xcd5c, 0xcd1b,
0xcd5c, 0xd57c, 0xc4fa, 0xcd3b, 0xcd3b, 0xcd3b, 0xd55b, 0xcd1a, 0xc4fa, 0xd55b,
0xc4d9, 0xc4fa, 0xcd3b, 0xc4fa, 0xc4fa, 0xc4f9, 0xc4f9, 0xc4f9, 0xc4d9, 0xc4d9,
0xbcb8, 0xbc98, 0xbc98, 0xbcb9, 0xc4d9, 0xbcb9, 0xc4d9, 0xc4d9, 0xc4d9, 0xc4fa,
0xc4fa, 0xcd3a, 0xcd3b, 0xcd3b, 0xd55b, 0xc4fa, 0xcd3a, 0xc4fa, 0xbcb9, 0xc4d9,
0xc4d9, 0xc4d9, 0xc4f9, 0xc4f9, 0xc519, 0xcd5a, 0xcd5b, 0xd55b, 0xd57c, 0xdd9c,
0xd57c, 0xcd3b, 0xcd1b, 0xcd3b, 0xd57c, 0xd55b, 0xcd3a, 0xd55b, 0xcd1a, 0xd57c,
0xdd9d, 0xdd9c, 0xd55b, 0xd55b, 0xcd3b, 0xd55b, 0xcd1a, 0xd53b, 0xdd9d, 0xdd5c,
0xd51b, 0xccfa, 0xc4d9, 0xcd1b, 0xd55c, 0xd55b, 0xdd7c, 0xd55c, 0xd55c, 0xdd7c,
0xcd1a, 0xc4d9, 0xccf9, 0xc4d9, 0xcd19, 0xcd3a, 0xd55a, 0xdd9b, 0xd57a, 0xcd19,
0xcd39, 0xcd38, 0xc538, 0xc518, 0xc538, 0xcd37, 0xc537, 0xbcf6, 0xbcd6, 0xc516,
0xbcf5, 0xbc94, 0xbc94, 0xb474, 0xb473, 0xb474, 0xa3f2, 0xa412, 0xac33, 0xac33,
0xac12, 0xac12, 0xac32, 0xa3d1, 0x9bb0, 0xac12, 0xa3b1, 0xa3b1, 0xabf2, 0xac13,
0xb413, 0xb433, 0xabf3, 0xabf5, 0xc498, 0xd51c, 0xcc9c, 0xccbd, 0xccbe, 0xd57e,
0xddbf, 0xcd3d, 0xc4dc, 0xbcdc, 0xdd9e, 0xee1f, 0xcd3e, 0xb49c, 0xc51d, 0xe5df,
0xd57e, 0xcd5d, 0xdddf, 0xc4fc, 0xcd1d, 0xee1f, 0xe5bf, 0xc4dd, 0xc49c, 0xd4bd,
0xcc9c, 0xbc1a, 0xb3d9, 0xab98, 0xab98, 0xab78, 0xab78, 0xab98, 0xab78, 0xb398,
0xb399, 0xab9a, 0xab9a, 0xab99, 0xab99, 0xab99, 0xab99, 0xabb9, 0xabb8, 0xab98,
0xabb8, 0xabb8, 0xabb8, 0xabb8, 0xabd7, 0xabb7, 0xabb7, 0xabb7, 0xabb7, 0xabb7,

0xc419, 0xc419, 0xc419, 0xbbd8, 0xbbd8, 0xbbf8, 0xc3d7, 0xc3d7, 0xbbd7, 0xbbd7,
0xc3f7, 0xc3f7, 0xcc18, 0xcc18, 0xcc18, 0xcc19, 0xd439, 0xd45a, 0xdc7b, 0xdc9c,
0xdcbc, 0xe4bd, 0xe4dd, 0xe4fd, 0xe4fd, 0xe4fe, 0xe51e, 0xe51e, 0xed1e, 0xed1e,
0xed3f, 0xed3f, 0xed3f, 0xed5f, 0xed5f, 0xed5f, 0xed5f, 0xed5f, 0xed5f, 0xed5f,
0xed7f, 0xed7f, 0xed7f, 0xed7f, 0xed7f, 0xf59f, 0xf59f, 0xf59f, 0xf59f, 0xf59f,
0xf59f, 0xf59f, 0xf59f, 0xf59f, 0xf5bf, 0xf5bf, 0xf5bf, 0xf5bf, 0xf5bf, 0xf5bf,
0xf5bf, 0xf5bf, 0xf5bf, 0xf5bf, 0xf5bf, 0xf5bf, 0xf5bf, 0xf5bf, 0xf5bf, 0xf59f,
0xf5bf, 0xf59f, 0xf59f, 0xf59f, 0xed9f, 0xed9f, 0xed7f, 0xf57f, 0xed7f, 0xed7f,
0xed7f, 0xed7f, 0xed7f, 0xed5f, 0xed3f, 0xed3f, 0xed3f, 0xed3f, 0xed1f, 0xed1f,
0xed3f, 0xed3f, 0xed3f, 0xed3f, 0xed3f, 0xed3f, 0xe53f, 0xe53f, 0xe53e, 0xdd5e,
0xdd5d, 0xcd1b, 0xbcb9, 0xbcb9, 0xbcb9, 0xbc98, 0xbcb9, 0xbc99, 0xb478, 0xb478,
0xbc98, 0xc4fa, 0xc4d9, 0xc4d9, 0xcd1a, 0xc4d9, 0xc4f9, 0xbcb8, 0xb477, 0xc4fa,
0xc4d9, 0xbc98, 0xcd1a, 0xcd3b, 0xc4fa, 0xcd1a, 0xdd9c, 0xddbd, 0xcd3b, 0xc4fa,
0xc4d9, 0xbc98, 0xcd3b, 0xc4fa, 0xcd1a, 0xc4fa, 0xcd3b, 0xd53b, 0xd55c, 0xcd1b,
0xcd3b, 0xd57c, 0xc4d9, 0xc4fa, 0xcd3b, 0xcd1a, 0xcd3b, 0xcd3a, 0xc4d9, 0xcd3b,
0xc4fa, 0xc4d9, 0xcd1a, 0xcd1a, 0xcd1a, 0xc4fa, 0xc4fa, 0xc4d9, 0xbcb9, 0xc4d9,
0xc4f9, 0xc4d9, 0xbcb9, 0xc4d9, 0xc4da, 0xc4fa, 0xccfa, 0xc4fa, 0xcd1a, 0xcd3b,
0xcd1b, 0xcd1b, 0xd55c, 0xd55d, 0xd53c, 0xcd1b, 0xcd1b, 0xcd3b, 0xc4d9, 0xc4f9,
0xc4d9, 0xc4d9, 0xc4f9, 0xc4d9, 0xc4f9, 0xd57b, 0xddbd, 0xd57c, 0xdd9c, 0xe5fe,
0xe5dd, 0xd55b, 0xcd3b, 0xd57c, 0xddbd, 0xd57c, 0xc4fa, 0xcd3a, 0xd55b, 0xd57c,
0xe5dd, 0xddbd, 0xdddd, 0xddbc, 0xcd3a, 0xd55a, 0xdddc, 0xdd9b, 0xcd1a, 0xcd3b,
0xccfa, 0xd53b, 0xcd1a, 0xd55b, 0xe5bd, 0xd55c, 0xdd7c, 0xdd9d, 0xdd7c, 0xdd9c,
0xd53b, 0xcd1a, 0xcd1a, 0xccfa, 0xcd1a, 0xd55b, 0xdd9c, 0xe5bc, 0xdd9b, 0xcd19,
0xcd19, 0xcd19, 0xc518, 0xcd38, 0xc518, 0xc517, 0xc517, 0xc4f7, 0xbcd6, 0xbcd6,
0xbcf6, 0xbcf5, 0xbcb4, 0xb494, 0xb453, 0xb474, 0xb473, 0xa3d1, 0xac12, 0xb473,
0xb453, 0xac12, 0xb453, 0xb433, 0xa3d1, 0xac12, 0xa3d2, 0xabf3, 0xbc54, 0xbc74,
0xbc74, 0xbc96, 0xb434, 0xb435, 0xb436, 0xccba, 0xdd7e, 0xc4bd, 0xccfe, 0xc4dd,
0xdd9f, 0xd53e, 0xbc7b, 0xc4dd, 0xc4bd, 0xd57e, 0xee1f, 0xdd9f, 0xcd1e, 0xcd1e,
0xe5ff, 0xd57e, 0xd55d, 0xe5bf, 0xd53d, 0xdd7e, 0xf63f, 0xd53e, 0xccdd, 0xc4bd,
0xdd7f, 0xe5bf, 0xe59f, 0xd53e, 0xccdd, 0xcc9c, 0xc47c, 0xbc3b, 0xb41a, 0xb3fa,
0xb3fa, 0xbbfb, 0xb3da, 0xb3da, 0xabb9, 0xb3b9, 0xb3b9, 0xb399, 0xb399, 0xb399,
0xb399, 0xb3b9, 0xb399, 0xb3da, 0xabd9, 0xabd9, 0xabd9, 0xabb8, 0xabb8, 0xabb8,

0xcc3a, 0xc41a, 0xc419, 0xc3f8, 0xbbd8, 0xbbf8, 0xc3d7, 0xc3d7, 0xc3d7, 0xc3d7,
0xc3f8, 0xcc18, 0xcc18, 0xd439, 0xd439, 0xd45a, 0xd45a, 0xdc7b, 0xdc9c, 0xdc9c,
0xdcbc, 0xe4dd, 0xe4dd, 0xe4fd, 0xed1e, 0xed1e, 0xe51e, 0xed1e, 0xed3e, 0xed1e,
0xed3f, 0xed3f, 0xed5f, 0xed5f, 0xed5f, 0xed5f, 0xed5f, 0xed5f, 0xed5f, 0xed7f,
0xed7f, 0xed7f, 0xf59f, 0xf59f, 0xf59f, 0xf59f, 0xf59f, 0xf59f, 0xf59f, 0xf59f,
0xf59f, 0xf59f, 0xf59f, 0xf59f, 0xf5bf, 0xf5bf, 0xf5bf, 0xf5bf, 0xf5bf, 0xf5bf,
0xf5bf, 0xf5bf, 0xf5bf, 0xf5bf, 0xf5bf, 0xf5bf, 0xf5bf, 0xf5bf, 0xf5bf, 0xf59f,
0xf5bf, 0xf59f, 0xf59f, 0xf5bf, 0xf59f, 0xed9f, 0xed7f, 0xf57f, 0xed7f, 0xed7f,
0xed7f, 0xed7f, 0xed7f, 0xed5f, 0xed5f, 0xed5f, 0xed3f, 0xed3f, 0xed3f, 0xed3f,
0xed3f, 0xed3f, 0xed3f, 0xed3f, 0xed3f, 0xed3f, 0xe53f, 0xe53e, 0xdd3e, 0xdd5d,
0xd51c, 0xc4ba, 0xbc98, 0xbc98, 0xbcb9, 0xbc98, 0xbcb9, 0xbcb9, 0xbc98, 0xbc98,
0xc4d9, 0xcd3a, 0xc4f9, 0xbcb9, 0xcd3a, 0xcd3a, 0xcd1a, 0xbc98, 0xbc98, 0xcd1a,
0xbc98, 0xc4f9, 0xcd3b, 0xcd1a, 0xdd9c, 0xe5dd, 0xddbd, 0xcd3b, 0xc4d9, 0xcd3b,
0xc4fa, 0xbc98, 0xcd3b, 0xbcb9, 0xccfa, 0xcd1b, 0xd57c, 0xd55c, 0xd55c, 0xccfa,
0xcd3b, 0xd57c, 0xc4fa, 0xc4d9, 0xcd3b, 0xcd3b, 0xd55b, 0xd55b, 0xbcb9, 0xc4fa,
0xcd3b, 0xcd1a, 0xc4fa, 0xcd3a, 0xcd3b, 0xcd1a, 0xc4fa, 0xcd1a, 0xc4f9, 0xc4d9,
0xc4d9, 0xc4f9, 0xcd1a, 0xcd1a, 0xcd1b, 0xcd1b, 0xcd3b, 0xcd3b, 0xd53b, 0xd55c,
0xcd3b, 0xcd1b, 0xd55c, 0xd55d, 0xcd3c, 0xd57d, 0xd55c, 0xcd1b, 0xcd3b, 0xcd3b,
0xc4fa, 0xc4fa, 0xc4fa, 0xcd1a, 0xcd3b, 0xcd3b, 0xcd1a, 0xd57c, 0xe5fe, 0xe5dd,
0xd57c, 0xd57c, 0xd57c, 0xdd9c, 0xd57c, 0xd57c, 0xc4fa, 0xcd3b, 0xd57c, 0xddbd,
0xe5dd, 0xd57b, 0xddbc, 0xd57b, 0xc4f9, 0xdd9b, 0xee3d, 0xd59b, 0xc4f9, 0xd55b,
0xd57b, 0xdd7b, 0xbc98, 0xd55b, 0xe5de, 0xdd5c, 0xdd5c, 0xdd9d, 0xdd7c, 0xdd7c,
0xd55b, 0xcd1b, 0xd53b, 0xcd1b, 0xd55b, 0xdd7c, 0xe5bc, 0xedfd, 0xddbb, 0xcd39,
0xcd19, 0xcd39, 0xcd39, 0xcd39, 0xcd18, 0xc517, 0xcd38, 0xcd38, 0xc517, 0xc4f6,
0xb494, 0xac73, 0xbcd5, 0xbcb5, 0xbc94, 0xb473, 0xb473, 0xb453, 0xa3f2, 0xb453,
0xbc74, 0xb453, 0xb453, 0xb473, 0xac32, 0xabf2, 0xabf3, 0xbc94, 0xc4b5, 0xc4b5,
0xc4b6, 0xc4b6, 0xbc76, 0xbc56, 0xbc77, 0xc479, 0xccdc, 0xd53e, 0xccdd, 0xd53e,
0xccfd, 0xe5bf, 0xd53e, 0xc4dd, 0xc4bc, 0xbcbb, 0xcd1d, 0xd57f, 0xdd9f, 0xd55f,
0xc4fd, 0xd55f, 0xd55e, 0xd55f, 0xe5bf, 0xdd7e, 0xe5df, 0xe5bf, 0xcd1d, 0xcd1e,
0xc49d, 0xc4be, 0xd55f, 0xdd9f, 0xe5bf, 0xe59f, 0xdd3f, 0xdd5f, 0xd51e, 0xccdd,
0xccdd, 0xccdd, 0xd4fe, 0xdd3f, 0xccdd, 0xc47b, 0xc47b, 0xbc3b, 0xbc3a, 0xbc3a,
0xbc1a, 0xbc1a, 0xbbfa, 0xb3f9, 0xb3d9, 0xabd9, 0xabb9, 0xabd9, 0xabd9, 0xabd9,

0xcc5b, 0xcc3a, 0xc41a, 0xc3f9, 0xc3f8, 0xc3f8, 0xc3f8, 0xc3f8, 0xc3f8, 0xc418,
0xcc18, 0xcc38, 0xcc39, 0xd45a, 0xdc7a, 0xdc9b, 0xdc9b, 0xdc9c, 0xdc9c, 0xdcbc,
0xe4bd, 0xe4dd, 0xe4fd, 0xed1e, 0xed1e, 0xed1e, 0xed1e, 0xed3f, 0xed3f, 0xed1e,
0xed3f, 0xed3f, 0xed5f, 0xf55f, 0xf57f, 0xf55f, 0xf55f, 0xf55f, 0xed7f, 0xed7f,
0xed7f, 0xf59f, 0xf59f, 0xf59f, 0xf59f, 0xf5bf, 0xf5bf, 0xf5bf, 0xf59f, 0xf59f,
0xf59f, 0xf5bf, 0xf5bf, 0xf5bf, 0xf5bf, 0xf5bf, 0xf5bf, 0xf5bf, 0xf5bf, 0xf5bf,
0xf5bf, 0xf5bf, 0xf5bf, 0xf5bf, 0xf5bf, 0xf5bf, 0xf5bf, 0xf5bf, 0xf5bf, 0xf59f,
0xf5bf, 0xf59f, 0xf59f, 0xf5bf, 0xf5bf, 0xf59f, 0xf59f, 0xf57f, 0xed7f, 0xed7f,
0xed7f, 0xed7f, 0xed7f, 0xf57f, 0xf55f, 0xed5f, 0xed5f, 0xed5f, 0xed3f, 0xed3f,
0xed3f, 0xed3f, 0xed3f, 0xed3f, 0xed3f, 0xed3f, 0xe53f, 0xe53e, 0xdd3e, 0xdd3d,
0xc4ba, 0xbc78, 0xbcb9, 0xbcb9, 0xc4d9, 0xbc98, 0xbcb9, 0xc4d9, 0xbc98, 0xb478,
0xc4fa, 0xcd3b, 0xbcb8, 0xc4d9, 0xd55b, 0xd55b, 0xc4d9, 0xb477, 0xbc98, 0xbcb9,
0xc4d9, 0xcd3b, 0xcd3b, 0xdd9c, 0xe5dd, 0xd57c, 0xd57c, 0xc4fa, 0xcd1a, 0xd57c,
0xc4d9, 0xbcb9, 0xcd3b, 0xc4f9, 0xc4fa, 0xcd1b, 0xdd9d, 0xd57c, 0xd57c, 0xcd1b,
0xd53b, 0xd57c, 0xcd3b, 0xc4d9, 0xcd3b, 0xd57c, 0xd57c, 0xdd9c, 0xcd1a, 0xc4d9,
0xcd1a, 0xd55b, 0xcd1a, 0xcd3b, 0xcd3a, 0xc4f9, 0xc4d9, 0xcd1a, 0xcd1a, 0xc4fa,
0xc4f9, 0xcd1a, 0xcd3b, 0xd55b, 0xd55c, 0xd55c, 0xd55c, 0xd57c, 0xdd9d, 0xd55c,
0xd55c, 0xd55b, 0xcd3b, 0xd55d, 0xdd7d, 0xddbe, 0xd57d, 0xcd1b, 0xd55c, 0xcd3b,
0xcd3b, 0xcd1b, 0xcd1b, 0xcd3b, 0xd55c, 0xddbd, 0xd55b, 0xdd9d, 0xdd9d, 0xd57c,
0xdd9d, 0xd57c, 0xd57c, 0xdd9d, 0xd57c, 0xd57c, 0xcd1a, 0xcd3b, 0xddbd, 0xddbd,
0xd57c, 0xd57b, 0xddbc, 0xd57b, 0xc4d8, 0xd57a, 0xe5fc, 0xd57b, 0xd55b, 0xdddc,
0xe5dd, 0xdd9b, 0xc4b8, 0xd53a, 0xe5bd, 0xdd7c, 0xd55b, 0xdd5c, 0xdd9c, 0xdd7c,
0xdd7c, 0xcd1a, 0xd55c, 0xdd7c, 0xdd9c, 0xe5dd, 0xe5dd, 0xe5bc, 0xd55a, 0xd53a,
0xcd19, 0xcd59, 0xd55a, 0xd559, 0xd559, 0xcd58, 0xcd58, 0xcd38, 0xc517, 0xc4f6,
0xbcd6, 0xac33, 0xa432, 0xb473, 0xbc94, 0xb474, 0xb453, 0xb474, 0xb473, 0xac33,
0xb453, 0xb474, 0xbc94, 0xbc94, 0xb453, 0xac32, 0xb453, 0xc4b5, 0xd516, 0xd537,
0xccf7, 0xc4b7, 0xc497, 0xc477, 0xbc58, 0xc479, 0xd51d, 0xc4bc, 0xccdd, 0xdd7e,
0xdd7e, 0xe5bf, 0xdd7e, 0xe5df, 0xd57e, 0xcd3e, 0xc4fd, 0xc4dd, 0xc4bd, 0xcd1f,
0xc4fe, 0xc4de, 0xccfe, 0xc4dd, 0xccfd, 0xe5bf, 0xe5ff, 0xf63f, 0xcd1d, 0xc4dd,
0xdd7f, 0xbc9d, 0xccfe, 0xcd1e, 0xd51e, 0xe57f, 0xd51e, 0xccfd, 0xd51e, 0xdd3f,
0xd51e, 0xcd1d, 0xd55e, 0xdd7e, 0xe5df, 0xdd7e, 0xcd1c, 0xccfc, 0xccfc, 0xd51c,
0xd55d, 0xe5bf, 0xe5df, 0xd53d, 0xc49b, 0xbc7b, 0xb43a, 0xabf9, 0xabd9, 0xabb8,

0xcc3b, 0xcc3b, 0xcc3a, 0xc41a, 0xc419, 0xc419, 0xc3f8, 0xc3f8, 0xcc19, 0xcc19,
0xcc39, 0xcc39, 0xd45a, 0xdc7a, 0xdc9b, 0xdc9c, 0xe49c, 0xe49c, 0xe4bd, 0xe4dd,
0xe4dd, 0xe4fd, 0xe4fd, 0xe4fd, 0xed1e, 0xed1e, 0xed1e, 0xed3f, 0xed3f, 0xed3f,
0xed3f, 0xed3f, 0xed5f, 0xed5f, 0xf55f, 0xf55f, 0xf55f, 0xf55f, 0xf57f, 0xed9f,
0xf59f, 0xf59f, 0xf59f, 0xf59f, 0xf59f, 0xf5bf, 0xf5bf, 0xf5bf, 0xf5bf, 0xf5bf,
0xf5bf, 0xf5bf, 0xf5bf, 0xf5bf, 0xf5bf, 0xf5bf, 0xf5bf, 0xf5bf, 0xf5bf, 0xf5bf,
0xf5bf, 0xf5bf, 0xf5bf, 0xf5bf, 0xf5bf, 0xf5bf, 0xf5bf, 0xf5bf, 0xf5bf, 0xf5bf,
0xf5bf, 0xf59f, 0xf59f, 0xf59f, 0xf59f, 0xf59f, 0xf59f, 0xf59f, 0xf57f, 0xed7f,
0xed7f, 0xed7f, 0xed7f, 0xf55f, 0xed5f, 0xed5f, 0xed3f, 0xed3f, 0xed3f, 0xed3f,
0xed3f, 0xed3f, 0xed3f, 0xed3f, 0xed3f, 0xed3f, 0xe53e, 0xe55e, 0xdd5d, 0xccfb,
0xbc78, 0xb498, 0xbcd9, 0xc4fa, 0xcd3b, 0xbcb9, 0xbc98, 0xc4fa, 0xb478, 0xb477,
0xc4fa, 0xcd1a, 0xbcb8, 0xc4d9, 0xd57b, 0xd55b, 0xb457, 0xb477, 0xbcb9, 0xc4d9,
0xc4fa, 0xcd1a, 0xc4fa, 0xd57c, 0xd55b, 0xdd9c, 0xcd1a, 0xc4fa, 0xd57c, 0xdd9c,
0xc4d9, 0xc4d9, 0xcd3b, 0xcd3b, 0xccfa, 0xc4fa, 0xd55c, 0xdd7c, 0xdd9d, 0xcd3b,
0xd57c, 0xdd9c, 0xd55b, 0xc4d9, 0xd55b, 0xdd9c, 0xd57c, 0xdd9c, 0xd55b, 0xc4fa,
0xc4d9, 0xd55b, 0xcd3b, 0xcd1a, 0xcd3b, 0xcd1a, 0xc4f9, 0xc4f9, 0xcd3b, 0xcd3b,
0xcd3a, 0xcd1a, 0xcd3b, 0xd55c, 0xd57c, 0xd55c, 0xd55c, 0xdd7c, 0xddbd, 0xd57c,
0xd55c, 0xd55c, 0xd55c, 0xdd9d, 0xdd9d, 0xd55c, 0xd57d, 0xd55c, 0xd53c, 0xcd3c,
0xd53c, 0xd55c, 0xd55c, 0xd57d, 0xd57d, 0xd57d, 0xdd9d, 0xd57c, 0xd55c, 0xddbd,
0xedfe, 0xdd9d, 0xdd9c, 0xe5dd, 0xdd9c, 0xd57c, 0xcd1a, 0xcd1a, 0xdd9c, 0xe5dd,
0xd57b, 0xdd9c, 0xddbc, 0xc519, 0xc4f8, 0xd59a, 0xe5db, 0xcd39, 0xd57a, 0xe5dc,
0xe5fd, 0xcd3a, 0xc4f9, 0xd55b, 0xd55b, 0xdd7c, 0xdd7c, 0xd53b, 0xe5bd, 0xdd7c,
0xdd7c, 0xd53b, 0xdd7c, 0xdd9c, 0xdd7c, 0xedfd, 0xdd9c, 0xd55a, 0xd53a, 0xcd19,
0xcd39, 0xcd5a, 0xd57a, 0xd579, 0xd579, 0xd599, 0xd579, 0xc517, 0xc4f7, 0xbcd6,
0xbcb5, 0xbcb5, 0xac53, 0xa412, 0xb474, 0xbcb4, 0xb494, 0xb453, 0xb474, 0xb474,
0xb473, 0xbc74, 0xbc94, 0xbc74, 0xb453, 0xb453, 0xbc74, 0xc4d5, 0xcd16, 0xe5b9,
0xe59a, 0xccf8, 0xc498, 0xc498, 0xc4b9, 0xc49a, 0xc49b, 0xccfd, 0xc4bc, 0xc4dc,
0xdd9e, 0xd55e, 0xcd3d, 0xd55e, 0xedff, 0xe5df, 0xdd9f, 0xcd3e, 0xdd7f, 0xc4dd,
0xbc9d, 0xc4be, 0xc49e, 0xccde, 0xc4bc, 0xcd1d, 0xee1f, 0xf65f, 0xe5ff, 0xc4fd,
0xccfe, 0xcd1e, 0xccde, 0xdd7f, 0xcd1d, 0xcd1e, 0xccfe, 0xccfd, 0xccdd, 0xd53e,
0xd53e, 0xcd1d, 0xcd3d, 0xcd3d, 0xc4fc, 0xc4fb, 0xc4db, 0xc4db, 0xc4db, 0xccfb,
0xd53c, 0xe5de, 0xf65f, 0xe5df, 0xe5df, 0xe5bf, 0xeddf, 0xd53e, 0xc4dd, 0xc49c,

0xd47c, 0xd47c, 0xd47c, 0xcc5b, 0xcc3a, 0xc419, 0xc419, 0xcc19, 0xcc39, 0xcc19,
0xcc19, 0xd45a, 0xd47b, 0xdc7b, 0xdc9b, 0xe49c, 0xe4bc, 0xe4bd, 0xe4bd, 0xe4dd,
0xe4fd, 0xe4fd, 0xe4fd, 0xe4fd, 0xed1e, 0xed1e, 0xed1e, 0xed3f, 0xed3f, 0xed5f,
0xed5f, 0xed3f, 0xed5f, 0xed5f, 0xed5f, 0xf55f, 0xf55f, 0xf55f, 0xf57f, 0xed9f,
0xf59f, 0xf59f, 0xf59f, 0xf59f, 0xf59f, 0xf5bf, 0xf5bf, 0xf5bf, 0xf5bf, 0xf5bf,
0xf5bf, 0xf5bf, 0xf5bf, 0xf5df, 0xf5df, 0xf5df, 0xf5df, 0xf5bf, 0xf5bf, 0xf5bf,
0xf5bf, 0xf5bf, 0xf5bf, 0xf5bf, 0xf5bf, 0xf5bf, 0xf5bf, 0xf5bf, 0xf5bf, 0xf5bf,
0xf5bf, 0xf5bf, 0xf5bf, 0xf5bf, 0xf59f, 0xf59f, 0xf59f, 0xf59f, 0xf57f, 0xed7f,
0xed7f, 0xed7f, 0xed7f, 0xed5f, 0xed5f, 0xed5f, 0xed3f, 0xed3f, 0xed3f, 0xed3f,
0xed3f, 0xed3f, 0xed3f, 0xed3f, 0xed3f, 0xed3f, 0xe53e, 0xdd5d, 0xd51c, 0xbc99,
0xb458, 0xbcd9, 0xc4fa, 0xc4fa, 0xc4fa, 0xbcb9, 0xbc98, 0xc4da, 0xb478, 0xbc98,
0xcd1a, 0xcd3a, 0xc4d9, 0xc4d9, 0xddbc, 0xcd3a, 0xb457, 0xbcb9, 0xc4d9, 0xc4fa,
0xcd1a, 0xcd1a, 0xd57c, 0xddbd, 0xe5dd, 0xd57c, 0xc4d9, 0xcd3b, 0xdd9c, 0xdd9c,
0xc4d9, 0xc4d9, 0xd55b, 0xd55b, 0xcd3b, 0xcd1b, 0xd57c, 0xdd9d, 0xdd9d, 0xd55c,
0xdd7c, 0xd57c, 0xd55b, 0xc4d9, 0xd55b, 0xddbd, 0xd57c, 0xcd3b, 0xcd1a, 0xd55b,
0xcd3a, 0xcd3a, 0xcd3b, 0xcd3a, 0xd55b, 0xd55b, 0xcd1a, 0xc4f9, 0xcd3b, 0xd55b,
0xd57b, 0xcd3a, 0xcd3b, 0xd55c, 0xdd9d, 0xd57c, 0xd57c, 0xd57c, 0xd57c, 0xd55c,
0xd55c, 0xd57c, 0xd57c, 0xdd9d, 0xdd7c, 0xd57c, 0xdd9d, 0xd57d, 0xd57d, 0xdd9e,
0xdd7e, 0xdd9e, 0xdd9e, 0xdd9e, 0xdd9e, 0xdd7d, 0xdd9d, 0xd55c, 0xd55c, 0xdd9d,
0xddbe, 0xd57c, 0xd57c, 0xe5bd, 0xddbd, 0xdd9c, 0xd55b, 0xcd1a, 0xd57b, 0xe5dd,
0xd57b, 0xd55a, 0xcd5a, 0xcd39, 0xc4f8, 0xd579, 0xdd9a, 0xd57a, 0xddbb, 0xdd9b,
0xddbc, 0xccf9, 0xcd19, 0xee1d, 0xdd7b, 0xd55b, 0xdd7c, 0xd55b, 0xdd7c, 0xd55b,
0xdd9d, 0xdd7c, 0xe5bd, 0xdd7c, 0xdd7c, 0xe5bd, 0xdd7b, 0xd53a, 0xd57a, 0xcd39,
0xcd39, 0xd55a, 0xd55a, 0xd579, 0xd579, 0xd579, 0xcd58, 0xcd58, 0xbcb5, 0xbcb5,
0xbcb5, 0xb494, 0xb494, 0xac53, 0xb453, 0xbcb4, 0xbcb4, 0xbc94, 0xb474, 0xbc94,
0xbc94, 0xbc94, 0xbc94, 0xb453, 0xb453, 0xb453, 0xbc94, 0xc4d5, 0xcd16, 0xdd78,
0xe5bb, 0xdd5a, 0xccb9, 0xc478, 0xccba, 0xdd3d, 0xbc7b, 0xbc7b, 0xbc7b, 0xb47a,
0xc4dc, 0xdd7f, 0xc4fc, 0xc4dc, 0xd55e, 0xe5bf, 0xedff, 0xddbe, 0xcd3d, 0xddbf,
0xbcbc, 0xc4dd, 0xd51f, 0xbc9c, 0xbc7c, 0xc4bc, 0xcd1d, 0xe5ff, 0xf65f, 0xe5df,
0xccfd, 0xcd1e, 0xc4de, 0xd53e, 0xdd9f, 0xd53f, 0xcd1e, 0xccfd, 0xccfd, 0xc4dd,
0xccfd, 0xcd1d, 0xccfc, 0xc4dc, 0xc4bb, 0xbc9a, 0xbc9a, 0xbcba, 0xc4ba, 0xccfb,
0xcd1b, 0xcd1c, 0xedff, 0xf63f, 0xdd9d, 0xee3f, 0xf63f, 0xe5df, 0xd55f, 0xdd7f,

0xd49d, 0xdc9d, 0xd49d, 0xd47c, 0xd47b, 0xcc5b, 0xcc5a, 0xcc3a, 0xcc3a, 0xcc3a,
0xd45a, 0xd47a, 0xdc9b, 0xdc7b, 0xdc9c, 0xe4bc, 0xe4bd, 0xe4dd, 0xecde, 0xe4fd,
0xe4fd, 0xed1e, 0xe4fd, 0xe4fd, 0xed1e, 0xed1e, 0xed1e, 0xed3f, 0xed3f, 0xed5f,
0xed5f, 0xed5f, 0xed5f, 0xed5f, 0xed5f, 0xf55f, 0xf55f, 0xf55f, 0xf57f, 0xed9f,
0xf59f, 0xf59f, 0xf59f, 0xf59f, 0xf59f, 0xf5bf, 0xf5bf, 0xf5bf, 0xf5bf, 0xf5bf,
0xf5bf, 0xf5bf, 0xf5bf, 0xf5df, 0xf5df, 0xf5df, 0xf5df, 0xf5bf, 0xf5bf, 0xf5bf,
0xf5bf, 0xf5bf, 0xf5bf, 0xf5bf, 0xf5bf, 0xf5bf, 0xf5bf, 0xf5bf, 0xf5bf, 0xf5bf,
0xf5bf, 0xf5bf, 0xf5bf, 0xf5bf, 0xf59f, 0xf59f, 0xf59f, 0xf59f, 0xf57f, 0xed7f,
0xed7f, 0xed7f, 0xed7f, 0xed5f, 0xed5f, 0xed5f, 0xed3f, 0xed3f, 0xed3f, 0xed3f,
0xed3f, 0xed3f, 0xed3f, 0xed3f, 0xed3f, 0xed3f, 0xe53e, 0xdd3d, 0xc4ba, 0xb478,
0xb498, 0xbcf9, 0xcd3a, 0xc4fa, 0xbc98, 0xbcb9, 0xc4d9, 0xcd1a, 0xbc98, 0xbcb9,
0xd55b, 0xcd3b, 0xc4fa, 0xcd1a, 0xdd9c, 0xc4fa, 0xb478, 0xbcb9, 0xbc98, 0xcd1a,
0xcd1a, 0xcd3a, 0xddbd, 0xddbd, 0xdd9d, 0xc4fa, 0xcd1a, 0xd55b, 0xdd9c, 0xd55b,
0xbcb9, 0xc4fa, 0xd55b, 0xd55b, 0xcd3b, 0xd55c, 0xdd9d, 0xddbd, 0xdd9d, 0xd57c,
0xddbd, 0xdd9c, 0xd57c, 0xc4fa, 0xd55b, 0xddbd, 0xd57c, 0xcd1a, 0xcd1a, 0xd55b,
0xd55b, 0xcd3b, 0xd55b, 0xcd1a, 0xcd3b, 0xd57b, 0xd55b, 0xcd1a, 0xcd3b, 0xd55b,
0xd57b, 0xd57b, 0xd55b, 0xd57c, 0xdd9d, 0xdd9d, 0xdd9d, 0xdd7c, 0xd57c, 0xd55c,
0xd55c, 0xdd7d, 0xdd9d, 0xddbd, 0xd57c, 0xd57c, 0xddbe, 0xe5be, 0xe5bf, 0xe5bf,
0xe5bf, 0xe5df, 0xe5df, 0xe5bf, 0xddbf, 0xddbe, 0xdd9d, 0xd57d, 0xd57d, 0xd57d,
0xd57d, 0xd57d, 0xd59c, 0xdddd, 0xddbd, 0xd57c, 0xd55b, 0xcd3b, 0xd57b, 0xe5dc,
0xcd3a, 0xcd19, 0xd559, 0xddbb, 0xc518, 0xd559, 0xd59a, 0xddbb, 0xddbb, 0xd59b,
0xdd9b, 0xc4f8, 0xd55a, 0xedfd, 0xd55a, 0xd53a, 0xd53b, 0xd53b, 0xdd7c, 0xd55b,
0xe5bd, 0xd55c, 0xdd7c, 0xd55c, 0xdd7c, 0xdd7c, 0xd57b, 0xd53a, 0xd53a, 0xd53a,
0xd57a, 0xd55a, 0xcd59, 0xcd59, 0xcd59, 0xcd58, 0xcd38, 0xcd38, 0xc517, 0xb495,
0xb495, 0xbcb5, 0xb494, 0xb474, 0xb453, 0xb474, 0xbcb4, 0xbcb5, 0xbcb5, 0xbc94,
0xbc94, 0xbc94, 0xbc94, 0xb474, 0xb453, 0xbc74, 0xbc94, 0xc4d4, 0xd536, 0xdd78,
0xdd59, 0xd519, 0xccd9, 0xbc58, 0xc479, 0xccfc, 0xd53d, 0xbc7b, 0xcd1e, 0xbc7c,
0xbc7c, 0xccfe, 0xe5bf, 0xd51e, 0xc4dd, 0xd55e, 0xdd9e, 0xe61f, 0xe5fe, 0xd59e,
0xd57f, 0xc4bd, 0xccfe, 0xdd5f, 0xbc7c, 0xbc7b, 0xc4dd, 0xccfe, 0xe5de, 0xee1f,
0xe5bf, 0xc4dd, 0xccfe, 0xd53f, 0xdd7f, 0xd57f, 0xcd1e, 0xccfd, 0xccfd, 0xccfd,
0xccfd, 0xccfd, 0xccdd, 0xccdc, 0xccfd, 0xc4bb, 0xc49b, 0xc49a, 0xc49a, 0xc49a,
0xccbb, 0xccfc, 0xd51c, 0xedff, 0xee3f, 0xdd9d, 0xee3f, 0xd57e, 0xccfd, 0xcd1e,

0xdc9d, 0xdcbd, 0xdcbd, 0xdc9c, 0xd47c, 0xdc7c, 0xd47b, 0xd45b, 0xd45b, 0xd45b,
0xd47b, 0xd47b, 0xdc7c, 0xdc9c, 0xdcbc, 0xe4bd, 0xe4dd, 0xe4de, 0xe4fe, 0xe4fe,
0xecfe, 0xecfe, 0xecfe, 0xecfe, 0xed1e, 0xed1e, 0xed1f, 0xed3f, 0xed3f, 0xf55f,
0xf55f, 0xf55f, 0xf55f, 0xf55f, 0xf55f, 0xf55f, 0xf55f, 0xf57f, 0xf57f, 0xed7f,
0xf59f, 0xf59f, 0xf59f, 0xf59f, 0xf5bf, 0xf5bf, 0xf5bf, 0xf5bf, 0xf5bf, 0xf5bf,
0xf5bf, 0xf5bf, 0xf5bf, 0xf5bf, 0xf5bf, 0xf5bf, 0xf5bf, 0xf5bf, 0xf5bf, 0xf5bf,
0xf5df, 0xf5bf, 0xf5bf, 0xf5bf, 0xf5bf, 0xf5bf, 0xf5bf, 0xf5bf, 0xf5bf, 0xf5bf,
0xf5bf, 0xf5bf, 0xf5bf, 0xf5bf, 0xf5bf, 0xf5bf, 0xf5bf, 0xf59f, 0xf59f, 0xed7f,
0xed7f, 0xed7f, 0xed7f, 0xed5f, 0xed5f, 0xed5f, 0xed3f, 0xed3f, 0xed3f, 0xed3f,
0xed3f, 0xed3f, 0xed3f, 0xed3f, 0xed3e, 0xe53e, 0xdd5d, 0xd53c, 0xbc79, 0xbc99,
0xc4d9, 0xc4d9, 0xc4fa, 0xcd3b, 0xc4d9, 0xbc98, 0xc4fa, 0xcd1a, 0xbc99, 0xc4fa,
0xd57c, 0xcd3b, 0xcd3a, 0xcd3a, 0xcd5a, 0xbcd8, 0xc4d9, 0xc4f9, 0xbcd8, 0xcd1a,
0xcd3a, 0xd57b, 0xdd9c, 0xcd3b, 0xd57c, 0xcd1a, 0xcd1a, 0xd57b, 0xddbd, 0xd55b,
0xc4f9, 0xcd1a, 0xd57c, 0xd55b, 0xd55b, 0xd57c, 0xddbd, 0xe5dd, 0xd57c, 0xdd9c,
0xe5dd, 0xddbd, 0xdd9c, 0xcd1a, 0xd57c, 0xdd9c, 0xdd9c, 0xbcb9, 0xc4fa, 0xd55b,
0xd55b, 0xd55b, 0xd55b, 0xc4d9, 0xcd19, 0xcd3a, 0xd57b, 0xcd3a, 0xcd3b, 0xd55b,
0xd55b, 0xd57c, 0xd55b, 0xd55b, 0xd59c, 0xdd9c, 0xdd9d, 0xd57c, 0xd57c, 0xdd9c,
0xd57c, 0xd57c, 0xddbd, 0xe5dd, 0xddbd, 0xddbd, 0xe5de, 0xedff, 0xee1f, 0xedff,
0xe5df, 0xe5df, 0xe5ff, 0xe5bf, 0xddbf, 0xddbe, 0xdd9d, 0xdd9d, 0xdd9d, 0xdd9d,
0xddbe, 0xddbe, 0xdd9d, 0xddbd, 0xe5bd, 0xdd7c, 0xd55c, 0xd53b, 0xd55b, 0xdd9b,
0xcd3a, 0xccf9, 0xddbb, 0xe5bc, 0xcd18, 0xcd58, 0xd579, 0xd579, 0xd559, 0xd57a,
0xcd5a, 0xccf9, 0xd55a, 0xdd7b, 0xd53a, 0xd55a, 0xcd1a, 0xcd1a, 0xd55c, 0xdd7c,
0xe5bd, 0xdd9d, 0xd53b, 0xd55b, 0xd55b, 0xd55b, 0xd55b, 0xd53a, 0xd53a, 0xd55a,
0xd57a, 0xd55a, 0xd559, 0xd559, 0xd559, 0xcd38, 0xcd38, 0xc517, 0xc517, 0xc4f7,
0xb495, 0xb495, 0xb4b5, 0xb494, 0xb473, 0xb474, 0xbcd5, 0xc4f5, 0xbcd5, 0xbcb5,
0xc4d5, 0xbcb5, 0xb474, 0xbc94, 0xb473, 0xbc94, 0xbcb4, 0xc4d5, 0xd537, 0xdd79,
0xdd5b, 0xcc9a, 0xccbb, 0xc47a, 0xbc5a, 0xccdc, 0xccfd, 0xccfd, 0xc4bc, 0xcd1d,
0xbcbb, 0xbcdb, 0xbcda, 0xbcdb, 0xc4fc, 0xcd3e, 0xcd5d, 0xcd5c, 0xcd7a, 0xb4d8,
0xb4d8, 0xcd3c, 0xccfd, 0xc4dd, 0xccfe, 0xbc7c, 0xc4be, 0xdd3f, 0xd57d, 0xe5de,
0xe5bf, 0xd53e, 0xc4bd, 0xd51f, 0xe5df, 0xe5ff, 0xd57f, 0xd57e, 0xb459, 0xc51d,
0xcd3f, 0xccfd, 0xcd3d, 0xccfd, 0xbcb9, 0xcd1c, 0xc4fc, 0xc4da, 0xc4ba, 0xc47a,
0xc49a, 0xccbb, 0xccdc, 0xdd5e, 0xee3f, 0xe61f, 0xddbe, 0xd57e, 0xc4de, 0xc4df,

0xe4dd, 0xe4dd, 0xe4dd, 0xe4bd, 0xe4bd, 0xe4bd, 0xdcbd, 0xdc9d, 0xdc9c, 0xdc9c,
0xdc9c, 0xdc9c, 0xdc9d, 0xdcbd, 0xe4bd, 0xe4dd, 0xe4dd, 0xe4de, 0xe4fe, 0xe4fe,
0xecfe, 0xecfe, 0xed1e, 0xed1e, 0xed1e, 0xed1e, 0xed1f, 0xed3f, 0xf53f, 0xf55f,
0xf55f, 0xf55f, 0xf55f, 0xf55f, 0xf55f, 0xf55f, 0xf55f, 0xf57f, 0xf57f, 0xed7f,
0xf59f, 0xf59f, 0xf59f, 0xf59f, 0xf5bf, 0xf5bf, 0xf5bf, 0xf5bf, 0xf5bf, 0xf5bf,
0xf5bf, 0xf5bf, 0xf5bf, 0xf5bf, 0xf5bf, 0xf5bf, 0xf5bf, 0xf5bf, 0xf5df, 0xf5df,
0xf5df, 0xf5df, 0xf5df, 0xf5df, 0xf5df, 0xf5df, 0xf5df, 0xf5bf, 0xf5bf, 0xf5bf,
0xf5bf, 0xf5bf, 0xf5bf, 0xf5bf, 0xf5bf, 0xf5bf, 0xf5bf, 0xf59f, 0xf59f, 0xed7f,
0xed7f, 0xed7f, 0xed7f, 0xed5f, 0xed5f, 0xed3f, 0xed3f, 0xed3f, 0xed3f, 0xed1f,
0xed1f, 0xed3f, 0xed3f, 0xe53e, 0xe55e, 0xe53d, 0xd55c, 0xbcb9, 0xbc78, 0xcd1b,
0xccfa, 0xc4da, 0xcd1b, 0xcd3b, 0xcd1b, 0xbc78, 0xcd3b, 0xcd1b, 0xc4da, 0xcd1b,
0xd57c, 0xd55b, 0xcd5a, 0xcd3a, 0xd55a, 0xbcb8, 0xc519, 0xc519, 0xc4f9, 0xc4f9,
0xd57b, 0xe5dd, 0xdd9c, 0xcd3a, 0xd57b, 0xcd1a, 0xd55b, 0xd57c, 0xd55b, 0xcd3b,
0xcd1a, 0xcd3b, 0xdd9c, 0xd57b, 0xdd9c, 0xddbd, 0xddbd, 0xdd9c, 0xd55b, 0xddbd,
0xdd9c, 0xdd9c, 0xdd9c, 0xc4fa, 0xd57c, 0xdd9c, 0xddbd, 0xc4fa, 0xcd1a, 0xcd1a,
0xcd1a, 0xd55b, 0xd55b, 0xc4d9, 0xc4f9, 0xcd3a, 0xd57b, 0xd55b, 0xd55b, 0xd55c,
0xdd9c, 0xdd9c, 0xd55b, 0xd55b, 0xd57c, 0xdd9c, 0xe5dd, 0xdd9c, 0xd57c, 0xdd9c,
0xdd9c, 0xd57c, 0xdd9c, 0xddbd, 0xe5dd, 0xee1e, 0xe5dd, 0xe5dd, 0xee1e, 0xf63f,
0xee3f, 0xe5df, 0xddbe, 0xdd7e, 0xd55e, 0xd55d, 0xd57d, 0xdd7d, 0xddbe, 0xe5de,
0xddbe, 0xdd9d, 0xdd7c, 0xdd9d, 0xe5be, 0xe59d, 0xdd7d, 0xd53c, 0xd53a, 0xdd9c,
0xdd7b, 0xcd19, 0xe5bc, 0xdd9c, 0xd53a, 0xcd58, 0xcd59, 0xc518, 0xcd19, 0xcd39,
0xcd39, 0xcd19, 0xcd19, 0xcd3a, 0xd53a, 0xd55a, 0xd53a, 0xd53a, 0xdd7c, 0xdd9c,
0xe5bd, 0xe5bd, 0xdd5c, 0xd55b, 0xdd7c, 0xdd7b, 0xd55a, 0xd53a, 0xd53a, 0xd55a,
0xd55a, 0xd55a, 0xd559, 0xd539, 0xd559, 0xd558, 0xcd38, 0xc517, 0xc4f7, 0xc517,
0xc4f6, 0xbcb6, 0xbcb6, 0xb494, 0xac73, 0xb494, 0xbcb5, 0xbcd5, 0xbcd5, 0xbcb4,
0xc4d5, 0xcd16, 0xbcb4, 0xbc94, 0xbcb4, 0xc4d5, 0xc4f5, 0xccf5, 0xd558, 0xd539,
0xd4fb, 0xdcfd, 0xdcfe, 0xdd3e, 0xc45b, 0xc49c, 0xd53e, 0xc49c, 0xc4bc, 0xc51b,
0xac58, 0x9bf5, 0xb4b8, 0xb4da, 0xa458, 0xbcdb, 0xe61f, 0xc57b, 0x93d3, 0xc599,
0xad17, 0x9c15, 0xd57d, 0xcd5d, 0xac59, 0xac5a, 0xbc9b, 0xccfc, 0xdd9e, 0xddbd,
0xd53d, 0xd57e, 0xcd1d, 0xcd3e, 0xcd3d, 0xc53c, 0xcd5e, 0xd59d, 0xa415, 0xcd7c,
0xcd3e, 0xd59e, 0xd59d, 0xbcdc, 0xa434, 0xcd5d, 0xbcdb, 0xbcb9, 0xbc99, 0xc4ba,
0xc4ba, 0xc4bb, 0xccfc, 0xc4db, 0xdd9e, 0xee7f, 0xd5bc, 0xcd7c, 0xc4fd, 0xc4bd,

0xe4fe, 0xe4fe, 0xe4fe, 0xecfe, 0xecfe, 0xecfe, 0xecfe, 0xe4dd, 0xe4dd, 0xe4dd,
0xe4dd, 0xe4dd, 0xe4de, 0xe4de, 0xe4de, 0xe4fe, 0xe4de, 0xe4fe, 0xecfe, 0xecfe,
0xed1e, 0xed1e, 0xed1e, 0xed1e, 0xed1e, 0xed1e, 0xed1f, 0xed3f, 0xf53f, 0xf55f,
0xf55f, 0xf55f, 0xf55f, 0xf55f, 0xf55f, 0xf55f, 0xf55f, 0xf57f, 0xf57f, 0xed7f,
0xf59f, 0xf59f, 0xf59f, 0xf59f, 0xf5bf, 0xf5df, 0xf5df, 0xf5df, 0xf5df, 0xf5df,
0xf5df, 0xf5bf, 0xf5bf, 0xf5bf, 0xf5bf, 0xf5bf, 0xf5bf, 0xf5bf, 0xf5df, 0xf5df,
0xf5df, 0xf5df, 0xf5df, 0xf5df, 0xf5df, 0xf5df, 0xf5df, 0xf5bf, 0xf5bf, 0xf5bf,
0xf5bf, 0xf5bf, 0xf5bf, 0xf5bf, 0xf5bf, 0xf5bf, 0xf5bf, 0xf59f, 0xf59f, 0xed7f,
0xed7f, 0xed7f, 0xed7f, 0xed5f, 0xed3f, 0xed3f, 0xed3f, 0xed3f, 0xed3f, 0xed1f,
0xed3f, 0xed3f, 0xe53e, 0xe55e, 0xe53d, 0xdd3d, 0xc4fa, 0xb478, 0xc4da, 0xcd3b,
0xc4da, 0xc4da, 0xcd1b, 0xd55c, 0xd55c, 0xc4b9, 0xcd1b, 0xcd3b, 0xcd1b, 0xcd3b,
0xd55b, 0xd55b, 0xcd3a, 0xd57b, 0xd55a, 0xbcb8, 0xc519, 0xc4f9, 0xc4f9, 0xd55a,
0xe5dc, 0xdd9b, 0xcd1a, 0xd55b, 0xcd3a, 0xcd3a, 0xd55a, 0xd55b, 0xcd1a, 0xcd3b,
0xcd3b, 0xd57b, 0xddbc, 0xdd9c, 0xd57b, 0xddbd, 0xddbd, 0xdd9c, 0xd55b, 0xd57c,
0xd55b, 0xd55b, 0xdd9c, 0xcd1a, 0xcd3b, 0xd57c, 0xdd9c, 0xcd1a, 0xcd1a, 0xc4fa,
0xcd1a, 0xcd3a, 0xd55b, 0xc4f9, 0xc4f9, 0xd55a, 0xcd3a, 0xd55b, 0xd57c, 0xd55b,
0xd57c, 0xdd9c, 0xd57c, 0xdd9c, 0xd57c, 0xdd9c, 0xddbd, 0xddbd, 0xddbd, 0xddbd,
0xddbd, 0xdd9c, 0xdd9c, 0xddbd, 0xe5dd, 0xe5dd, 0xe5dd, 0xddbd, 0xdd9c, 0xe5dd,
0xf63f, 0xee3f, 0xe5ff, 0xd57d, 0xdd7e, 0xe5de, 0xdd9d, 0xdd9d, 0xddbd, 0xe5de,
0xd57c, 0xcd3b, 0xd55c, 0xdd9d, 0xe5bd, 0xdd9d, 0xe59d, 0xdd7c, 0xd53b, 0xe5bc,
0xdd9c, 0xcd3a, 0xe5bc, 0xe5dc, 0xd55a, 0xcd39, 0xc518, 0xc4f8, 0xc519, 0xcd19,
0xd55a, 0xd55b, 0xcd1a, 0xcd1a, 0xcd1a, 0xcd3a, 0xcd1a, 0xd53b, 0xdd7c, 0xe5bd,
0xe59d, 0xe5bd, 0xdd7c, 0xdd7c, 0xdd9c, 0xdd7c, 0xd55b, 0xd55a, 0xd53a, 0xd53a,
0xd539, 0xd539, 0xcd39, 0xcd18, 0xcd38, 0xd559, 0xcd18, 0xc517, 0xc517, 0xc517,
0xc4f7, 0xc4f6, 0xbcb5, 0xb495, 0xb494, 0xb494, 0xbcb5, 0xc4f6, 0xc4f6, 0xbcd5,
0xc4d5, 0xcd36, 0xc4f6, 0xbcb5, 0xc4f5, 0xcd16, 0xcd16, 0xcd16, 0xd537, 0xe59b,
0xe55c, 0xdd1d, 0xd4dd, 0xe57f, 0xe55e, 0xbc3b, 0xd53d, 0xe59e, 0xbc9b, 0xac78,
0xac58, 0xb4b9, 0xb4b9, 0xcd7c, 0xbcfb, 0xa438, 0xbd1b, 0xd5dc, 0xa455, 0xde3c,
0xe67d, 0x9c15, 0xddfc, 0x9c56, 0xa497, 0x9c36, 0xac57, 0xbc99, 0xac58, 0xb499,
0xb478, 0xbcda, 0xcd7c, 0xbcda, 0xa417, 0xac79, 0xac59, 0xcd7b, 0xa434, 0xac76,
0xa418, 0xac58, 0xdddd, 0xc4fc, 0xa456, 0xd57e, 0xb47a, 0xa436, 0xa436, 0xa437,
0xbcfa, 0xac78, 0x9bf6, 0xa417, 0xbcda, 0xb4b7, 0xb517, 0xb4d7, 0xcd5b, 0xcd3b,

0xed1e, 0xed1e, 0xed1e, 0xed1e, 0xed1e, 0xed1e, 0xecfe, 0xecfe, 0xe4fe, 0xe4fe,
0xecfe, 0xed1e, 0xed1e, 0xed1e, 0xecfe, 0xecfe, 0xecfe, 0xecfe, 0xed1e, 0xed1e,
0xed1e, 0xed1e, 0xed1f, 0xed3f, 0xed3f, 0xed3f, 0xed3f, 0xf53f, 0xf53f, 0xf55f,
0xf55f, 0xf55f, 0xf55f, 0xf55f, 0xf55f, 0xf55f, 0xf55f, 0xf57f, 0xf57f, 0xed7f,
0xf59f, 0xf59f, 0xf59f, 0xf59f, 0xf5bf, 0xf5df, 0xf5df, 0xf5df, 0xf5df, 0xf5df,
0xf5df, 0xf5df, 0xf5df, 0xf5df, 0xf5df, 0xf5df, 0xf5bf, 0xf5bf, 0xf5df, 0xf5df,
0xf5df, 0xf5df, 0xf5df, 0xf5df, 0xf5df, 0xf5df, 0xf5df, 0xf5bf, 0xf5bf, 0xf5bf,
0xf5bf, 0xf5bf, 0xf5bf, 0xf5bf, 0xf5bf, 0xf5bf, 0xf5bf, 0xf59f, 0xf59f, 0xed7f,
0xed7f, 0xed7f, 0xed7f, 0xed3f, 0xed3f, 0xed3f, 0xed3f, 0xed3f, 0xed3f, 0xed1f,
0xed3f, 0xed3f, 0xe53e, 0xe55e, 0xdd5d, 0xd51b, 0xbc99, 0xc4b9, 0xcd3b, 0xc4fa,
0xbc99, 0xc4da, 0xc4fa, 0xd57c, 0xd55c, 0xc4fa, 0xc4da, 0xd55c, 0xcd1b, 0xcd3b,
0xd57c, 0xd55b, 0xd55a, 0xdd9b, 0xcd19, 0xc4d9, 0xcd19, 0xc4d9, 0xcd3a, 0xe5dc,
0xcd3a, 0xbcd8, 0xcd3a, 0xd55a, 0xcd19, 0xcd3a, 0xcd1a, 0xcd3a, 0xcd3b, 0xd55b,
0xd57b, 0xdd9c, 0xe5dd, 0xddbd, 0xcd1a, 0xd57c, 0xddbd, 0xddbd, 0xdd9c, 0xd55b,
0xd55b, 0xd57c, 0xdd9c, 0xd55b, 0xcd1a, 0xd57c, 0xdd9c, 0xcd1a, 0xc4fa, 0xcd1a,
0xcd3b, 0xd55b, 0xd55b, 0xcd3a, 0xc4f9, 0xcd5a, 0xcd1a, 0xd57b, 0xd57c, 0xd55c,
0xcd3b, 0xd55b, 0xdd9c, 0xdd9c, 0xddbd, 0xdd9c, 0xd57c, 0xd57c, 0xdd9c, 0xdd9c,
0xdd9c, 0xddbd, 0xddbd, 0xddbd, 0xe5dd, 0xe5fe, 0xe5fe, 0xe5fe, 0xe5fe, 0xdd9c,
0xddbd, 0xe5de, 0xe5fe, 0xe5fe, 0xe5de, 0xe5ff, 0xe5de, 0xe5de, 0xe5de, 0xe5bd,
0xdd9d, 0xd57c, 0xdd9d, 0xe5de, 0xe5bd, 0xdd9c, 0xe59d, 0xdd9d, 0xdd7b, 0xdd9b,
0xdd9b, 0xd55a, 0xddbc, 0xdd7b, 0xd53a, 0xcd3a, 0xcd3a, 0xcd3a, 0xd55b, 0xd55b,
0xdd9c, 0xdd9d, 0xd57c, 0xcd3b, 0xcd5b, 0xdd9c, 0xd55c, 0xcd1b, 0xdd7c, 0xe5bd,
0xdd9d, 0xe5de, 0xdd9d, 0xdd7c, 0xe5dd, 0xdd9c, 0xd53a, 0xd55a, 0xd55a, 0xcd39,
0xcd39, 0xcd19, 0xcd18, 0xcd18, 0xccf8, 0xccf7, 0xcd17, 0xc517, 0xc517, 0xc517,
0xcd37, 0xc517, 0xbcd6, 0xbcb5, 0xbcd5, 0xbcd5, 0xbcd5, 0xc516, 0xc536, 0xc516,
0xc4f5, 0xcd16, 0xcd16, 0xc4d5, 0xc4d5, 0xcd16, 0xcd16, 0xcd37, 0xcd17, 0xd539,
0xedbd, 0xedbf, 0xdcfd, 0xccbc, 0xeddf, 0xe59e, 0xc49b, 0xdd9e, 0xe5de, 0xa417,
0xd59c, 0x9bf6, 0x9bf6, 0x9bf6, 0xac57, 0xb4b9, 0xac78, 0xc539, 0x9bf4, 0xb4d8,
0xa436, 0xa457, 0xacd9, 0xa497, 0xbd9a, 0xbd3a, 0x93d5, 0xbcba, 0xb4d9, 0xbd1a,
0xbd19, 0xa436, 0xe63e, 0x9c35, 0xc51b, 0xd59f, 0xcd3e, 0xcd5c, 0x9bf4, 0xbcf9,
0xd57e, 0x9c15, 0xc55a, 0xc4fc, 0x9c35, 0xcd5e, 0xc51c, 0xb4d8, 0xacb7, 0x93f4,
0xbd19, 0xa457, 0x93f5, 0xc4fb, 0xc4db, 0x9bf5, 0xd5fc, 0xeebe, 0xee7e, 0xe5fe,

0xed1e, 0xed1e, 0xed1e, 0xed1e, 0xed1e, 0xed1e, 0xed1e, 0xed1e, 0xed1e, 0xed1e,
0xed1e, 0xed1e, 0xed1e, 0xed1e, 0xed1e, 0xed1e, 0xed1e, 0xed1e, 0xed1e, 0xed1e,
0xed1e, 0xed1e, 0xed3f, 0xf53f, 0xf53f, 0xf53f, 0xf53f, 0xf55f, 0xf55f, 0xf55f,
0xf55f, 0xf55f, 0xf55f, 0xf55f, 0xf57f, 0xf57f, 0xf57f, 0xf57f, 0xf57f, 0xf59f,
0xf59f, 0xf59f, 0xf59f, 0xf59f, 0xf5bf, 0xf5bf, 0xf5bf, 0xf5bf, 0xfddf, 0xfddf,
0xfddf, 0xf5df, 0xf5df, 0xf5df, 0xf5df, 0xf5df, 0xf5df, 0xf5df, 0xf5df, 0xf5df,
0xf5bf, 0xf5bf, 0xf5bf, 0xf5bf, 0xf5df, 0xf5df, 0xf5df, 0xf5bf, 0xf5bf, 0xf5bf,
0xf5bf, 0xf5bf, 0xf5bf, 0xf5bf, 0xf5bf, 0xf5bf, 0xf5bf, 0xf59f, 0xed9f, 0xed7f,
0xed7f, 0xed7f, 0xed5f, 0xed3f, 0xed3f, 0xed3f, 0xed3f, 0xed3f, 0xed3f, 0xed3f,
0xed3f, 0xed3e, 0xe53e, 0xdd5d, 0xd51c, 0xccfb, 0xcd1b, 0xbcb9, 0xcd1b, 0xc4da,
0xbcb9, 0xc4fa, 0xc4da, 0xd53b, 0xd55c, 0xcd1b, 0xc4fa, 0xdd7c, 0xcd1b, 0xcd3b,
0xdd9c, 0xcd3a, 0xd57b, 0xd57b, 0xc4f9, 0xcd3a, 0xcd3a, 0xcd3a, 0xddbc, 0xdd9c,
0xc4d9, 0xc4f9, 0xd57a, 0xc519, 0xcd19, 0xcd39, 0xcd3a, 0xd57a, 0xd55b, 0xd55b,
0xd57c, 0xddbc, 0xe5dd, 0xe5dd, 0xd57b, 0xddbd, 0xd57c, 0xdd9c, 0xdd9c, 0xd57c,
0xcd1a, 0xd57c, 0xdd9c, 0xd55b, 0xcd3b, 0xd57c, 0xdd9c, 0xd55b, 0xcd1a, 0xc4fa,
0xd57b, 0xdd9c, 0xd55b, 0xcd3a, 0xcd19, 0xd55a, 0xcd3a, 0xd55b, 0xd57c, 0xd57c,
0xd57c, 0xd55b, 0xd57c, 0xd57c, 0xdd9c, 0xddbd, 0xddbd, 0xdd9c, 0xd57c, 0xdd9c,
0xdd9c, 0xdd9c, 0xdd9c, 0xddbd, 0xe5dd, 0xe5fe, 0xee3f, 0xe5fe, 0xe5dd, 0xddbc,
0xdd9c, 0xe5dd, 0xe5de, 0xee1f, 0xe5fe, 0xdd9d, 0xdd9c, 0xdd9c, 0xdd9d, 0xddbd,
0xddbd, 0xe5dd, 0xe5dd, 0xdd9c, 0xdd7c, 0xdd9c, 0xdd9c, 0xdd9c, 0xdd7b, 0xe5bc,
0xe5bc, 0xdd7b, 0xd57b, 0xcd19, 0xcd3a, 0xd55b, 0xddbd, 0xd57c, 0xd57c, 0xdd9d,
0xddbe, 0xdd9d, 0xdd9d, 0xd57d, 0xd57d, 0xe5de, 0xd57d, 0xd57d, 0xe5be, 0xee1f,
0xe5de, 0xe5de, 0xdd9d, 0xd53c, 0xe5bd, 0xdd7c, 0xcd1a, 0xcd19, 0xd55a, 0xd539,
0xcd19, 0xcd19, 0xcd18, 0xcd18, 0xcd18, 0xccf7, 0xc4f7, 0xc517, 0xc517, 0xc517,
0xc517, 0xc517, 0xc517, 0xc4f6, 0xbcd5, 0xbcf6, 0xbcf6, 0xc4f6, 0xc537, 0xc516,
0xc4f6, 0xc4f6, 0xcd16, 0xcd16, 0xc4f5, 0xcd37, 0xcd17, 0xccf6, 0xdd79, 0xd539,
0xd51a, 0xe55d, 0xed9f, 0xd4dc, 0xd4fd, 0xedff, 0xeddf, 0xdd7e, 0xcd3c, 0xb4b8,
0xcd5b, 0xa437, 0xbcda, 0xa457, 0xa436, 0xac98, 0xb499, 0xcd7b, 0x9bd5, 0xb4b9,
0xbcda, 0xd59e, 0xa459, 0x9437, 0xa498, 0xa498, 0xa419, 0xb49b, 0x9c16, 0xa456,
0xa476, 0x9c35, 0xcd9b, 0x9c15, 0xcd5c, 0xc51e, 0xc51f, 0xcd1d, 0xa3f7, 0xc51d,
0xcd5f, 0xa456, 0xbd39, 0xbcfc, 0xa456, 0xcd9e, 0xa438, 0xa435, 0xacb7, 0x9bf5,
0xbd3a, 0xac77, 0xa477, 0xc51c, 0xccfe, 0xbcdb, 0xa436, 0xa457, 0xddde, 0xee1f,

0xed1e, 0xed1e, 0xed1e, 0xed1f, 0xed1f, 0xed1f, 0xed3f, 0xed3f, 0xed3f, 0xed3f,
0xed1f, 0xed1f, 0xed1f, 0xed1f, 0xed1f, 0xed1f, 0xed1f, 0xed1f, 0xed1f, 0xed1f,
0xed1f, 0xed1f, 0xed3f, 0xf53f, 0xf53f, 0xf53f, 0xf53f, 0xf55f, 0xf55f, 0xf55f,
0xf55f, 0xf55f, 0xf55f, 0xf57f, 0xf57f, 0xf57f, 0xf57f, 0xf57f, 0xf59f, 0xf59f,
0xf59f, 0xf5bf, 0xf59f, 0xf5bf, 0xf5bf, 0xf5df, 0xf5df, 0xf5df, 0xfddf, 0xfddf,
0xfddf, 0xf5df, 0xf5df, 0xf5df, 0xf5df, 0xf5df, 0xf5df, 0xf5df, 0xf5df, 0xf5df,
0xf5bf, 0xf5bf, 0xf5bf, 0xf5bf, 0xf5df, 0xf5df, 0xf5df, 0xf5bf, 0xf5bf, 0xf5bf,
0xf5bf, 0xf5bf, 0xf5bf, 0xf5bf, 0xf59f, 0xf59f, 0xf59f, 0xed9f, 0xed7f, 0xed7f,
0xed7f, 0xed5f, 0xed5f, 0xed3f, 0xed3f, 0xed3f, 0xed3f, 0xed1f, 0xed1f, 0xed1f,
0xed1f, 0xe51e, 0xe53e, 0xd51c, 0xc4fb, 0xc51b, 0xc4fa, 0xbc99, 0xc4fa, 0xccfa,
0xc4fa, 0xc4fa, 0xcd1b, 0xd53b, 0xcd1b, 0xc4fa, 0xcd1b, 0xdd9d, 0xcd3b, 0xd57c,
0xd57c, 0xcd1a, 0xdd9c, 0xd55a, 0xcd19, 0xcd3a, 0xcd19, 0xd57b, 0xddbc, 0xcd3a,
0xc4f9, 0xcd3a, 0xd55a, 0xc4d8, 0xc519, 0xcd19, 0xd55a, 0xd57b, 0xcd3a, 0xd55b,
0xdd9c, 0xddbc, 0xe5dd, 0xdd9c, 0xddbc, 0xddbd, 0xcd3b, 0xd57c, 0xd57c, 0xd57c,
0xcd1a, 0xd55b, 0xd57c, 0xd57c, 0xd57c, 0xdd9c, 0xdd9c, 0xd57b, 0xcd3b, 0xc4fa,
0xddbc, 0xdd9c, 0xcd3a, 0xd55b, 0xcd3a, 0xd55a, 0xd57b, 0xd57c, 0xd57c, 0xdd9c,
0xd57c, 0xd57c, 0xd57c, 0xd57c, 0xd57b, 0xd57c, 0xddbd, 0xddbd, 0xdd9c, 0xdd9c,
0xdd9c, 0xd57c, 0xd57c, 0xddbd, 0xddbd, 0xdd9c, 0xddbd, 0xddbd, 0xdd9c, 0xdddc,
0xddbb, 0xdddc, 0xe5dd, 0xee1e, 0xee1e, 0xdd9c, 0xdd9c, 0xdd9c, 0xdd9c, 0xdd9c,
0xddbd, 0xe5dd, 0xdd7c, 0xd53b, 0xd55b, 0xdd9c, 0xdd9c, 0xdd7c, 0xdd9c, 0xe5dd,
0xe5dd, 0xdd9b, 0xd55b, 0xcd1a, 0xd57b, 0xd55c, 0xe5de, 0xdd9d, 0xdd9d, 0xe5df,
0xdd9e, 0xddbe, 0xe5ff, 0xdd9e, 0xddbf, 0xe5df, 0xd57d, 0xe5df, 0xedde, 0xeddf,
0xe5de, 0xe5de, 0xe59e, 0xd55c, 0xdd9c, 0xd53b, 0xd55b, 0xd55a, 0xccf9, 0xcd19,
0xcd19, 0xcd19, 0xcd18, 0xcd18, 0xcd18, 0xcd17, 0xcd17, 0xc517, 0xc517, 0xc517,
0xcd37, 0xcd58, 0xcd58, 0xcd57, 0xc516, 0xc4f6, 0xc516, 0xc516, 0xcd37, 0xc516,
0xc4f6, 0xc4f6, 0xcd16, 0xcd16, 0xc4f6, 0xcd16, 0xd538, 0xcd17, 0xc4d6, 0xd519,
0xdd1a, 0xd4fb, 0xd4fc, 0xdd1d, 0xd4dc, 0xd53d, 0xdd7e, 0xedff, 0xee1f, 0xac76,
0xd5dd, 0xac78, 0xc51b, 0x9c16, 0x9bf4, 0xa437, 0xbcfb, 0xcd5b, 0x9bf6, 0xd55d,
0xd55e, 0xcd1e, 0xbcfc, 0x9c57, 0xc57a, 0xbd5a, 0xbcdb, 0xac3a, 0x93f4, 0xbd79,
0xb4f8, 0x8bd4, 0xbd7a, 0x9c56, 0xac78, 0xcd3c, 0xc4fd, 0xcd3d, 0xa3f7, 0xc51d,
0xcd5f, 0x9c36, 0xbd3a, 0xbcfd, 0xa497, 0xd5fe, 0x93f5, 0xc539, 0xb4d9, 0x93b4,
0xb4b8, 0x9c16, 0xa437, 0xc51c, 0xcd1d, 0xcd7c, 0xd5dc, 0xa456, 0xb499, 0xe5ff,

0xed1e, 0xed1e, 0xed1e, 0xed3f, 0xed3f, 0xed3f, 0xed3f, 0xf53f, 0xf53f, 0xed3f,
0xed3f, 0xed3f, 0xed3f, 0xed3f, 0xed3f, 0xed3f, 0xed3f, 0xed3f, 0xed3f, 0xed3f,
0xed3f, 0xed3f, 0xed3f, 0xf53f, 0xf53f, 0xf53f, 0xf53f, 0xf55f, 0xf55f, 0xf55f,
0xf55f, 0xf55f, 0xf57f, 0xf57f, 0xfd7f, 0xfd7f, 0xfd7f, 0xfd7f, 0xf59f, 0xf59f,
0xf5bf, 0xf5bf, 0xf5bf, 0xf5bf, 0xf5bf, 0xf5df, 0xf5df, 0xf5df, 0xfddf, 0xfddf,
0xfddf, 0xf5df, 0xf5df, 0xf5df, 0xf5df, 0xf5df, 0xf5df, 0xf5df, 0xf5df, 0xf5df,
0xf5bf, 0xf5bf, 0xf5bf, 0xf5bf, 0xf5df, 0xf5df, 0xf5df, 0xf5bf, 0xf5bf, 0xf5df,
0xf5bf, 0xf5bf, 0xf5bf, 0xf59f, 0xed9f, 0xed9f, 0xed9f, 0xed7f, 0xed7f, 0xed7f,
0xed5f, 0xed5f, 0xe53f, 0xed3f, 0xed3f, 0xed3f, 0xed1f, 0xed1f, 0xed1f, 0xed1e,
0xed1e, 0xe53e, 0xd4fc, 0xc49a, 0xbcb9, 0xc4d9, 0xc4d9, 0xc4d9, 0xd55b, 0xcd3b,
0xccfa, 0xcd1b, 0xd57c, 0xcd3b, 0xcd3b, 0xc4da, 0xc4fa, 0xd57c, 0xcd3b, 0xd57c,
0xcd3b, 0xd55b, 0xd59b, 0xcd3a, 0xcd19, 0xc4f9, 0xc519, 0xd57b, 0xd59b, 0xcd1a,
0xcd19, 0xcd19, 0xcd39, 0xc4f8, 0xc519, 0xcd39, 0xdd9b, 0xcd5a, 0xc4f9, 0xdd9c,
0xdd9c, 0xd57c, 0xddbc, 0xd55b, 0xd57c, 0xd57c, 0xd55b, 0xd57c, 0xd55b, 0xdd9c,
0xd55b, 0xd55b, 0xd55b, 0xd57c, 0xdd9c, 0xd57c, 0xddbd, 0xddbc, 0xd57c, 0xcd3a,
0xddbd, 0xd55b, 0xcd1a, 0xd57b, 0xcd3a, 0xcd3a, 0xdd9c, 0xdd9c, 0xdd9d, 0xddbd,
0xd57c, 0xdd9c, 0xdd9c, 0xdd9c, 0xd55b, 0xd55b, 0xd57c, 0xddbc, 0xdd9c, 0xdd9c,
0xdd9c, 0xdd9c, 0xd57c, 0xd57c, 0xdd9c, 0xdd9c, 0xdd9c, 0xd57c, 0xd57c, 0xdddc,
0xddbc, 0xddbc, 0xdddc, 0xe5fe, 0xee3e, 0xe5dd, 0xe5dd, 0xe5dd, 0xe5dd, 0xddbd,
0xddbd, 0xddbd, 0xdd9c, 0xdd7b, 0xdd7b, 0xe5bc, 0xe5bc, 0xdd9c, 0xdd9b, 0xe5dc,
0xe5dc, 0xdd7b, 0xd55b, 0xd55a, 0xe5bc, 0xdd9d, 0xe5de, 0xdd9e, 0xdd7d, 0xe5df,
0xdd9e, 0xddbf, 0xe61f, 0xe5df, 0xe5ff, 0xdd9e, 0xd57e, 0xe5bf, 0xe59e, 0xe5be,
0xedff, 0xeddf, 0xe5de, 0xe5bd, 0xdd9c, 0xccfa, 0xcd1a, 0xdd9c, 0xd53a, 0xc4d8,
0xcd19, 0xcd19, 0xcd19, 0xcd39, 0xcd18, 0xcd18, 0xcd17, 0xc517, 0xc517, 0xc517,
0xcd38, 0xcd58, 0xcd38, 0xc537, 0xc517, 0xc516, 0xc516, 0xc516, 0xcd37, 0xc516,
0xc4f6, 0xc4f6, 0xcd16, 0xcd36, 0xcd16, 0xcd16, 0xcd37, 0xd558, 0xccd7, 0xc4d7,
0xd4f9, 0xdd3b, 0xdd1c, 0xd4fc, 0xd4fc, 0xdd5d, 0xdd5d, 0xc4bb, 0xe5be, 0xbcf9,
0xac77, 0xcd5c, 0xbcda, 0xcd7b, 0xb4d8, 0xb4ba, 0xc55d, 0xcd3c, 0xac39, 0xc4dc,
0xccfe, 0xc4bc, 0xcd7d, 0xb4d9, 0xacb7, 0xa457, 0xac59, 0xbcbb, 0x93f5, 0x93f5,
0x9c36, 0x9c37, 0xbd1b, 0xc55c, 0xa437, 0xa417, 0xac59, 0xcd3c, 0xac58, 0xcd1d,
0xd57f, 0xac99, 0xcd7c, 0xc53d, 0x9c36, 0xd5dd, 0xac98, 0x9c16, 0xac37, 0xa417,
0xb479, 0xac18, 0xac18, 0xbcba, 0xbcba, 0xa437, 0xac77, 0xac57, 0xbcda, 0xc4db,

0xe51e, 0xed1e, 0xed3e, 0xed3f, 0xed3f, 0xed3f, 0xed3f, 0xf53f, 0xf53f, 0xf53f,
0xf53f, 0xf53f, 0xf53f, 0xf53f, 0xf53f, 0xf53f, 0xf53f, 0xf53f, 0xf53f, 0xf53f,
0xf53f, 0xf53f, 0xf53f, 0xf55f, 0xf55f, 0xf53f, 0xf53f, 0xf55f, 0xf55f, 0xf55f,
0xf55f, 0xf55f, 0xf57f, 0xf57f, 0xf57f, 0xfd7f, 0xfd7f, 0xfd7f, 0xf59f, 0xf5bf,
0xf5bf, 0xf5bf, 0xf5bf, 0xf5bf, 0xf5bf, 0xf5df, 0xf5df, 0xf5df, 0xf5df, 0xf5df,
0xf5df, 0xf5df, 0xf5df, 0xf5df, 0xf5df, 0xf5df, 0xf5df, 0xf5df, 0xf5df, 0xf5df,
0xf5df, 0xf5df, 0xf5df, 0xf5df, 0xf5bf, 0xf5bf, 0xf5bf, 0xedbf, 0xf5bf, 0xf5df,
0xf5df, 0xf5bf, 0xf5bf, 0xf59f, 0xed9f, 0xed7f, 0xed7f, 0xed7f, 0xed5f, 0xed5f,
0xed3f, 0xed3f, 0xe53f, 0xed3f, 0xed1f, 0xed1f, 0xe51f, 0xe51e, 0xe51e, 0xe51d,
0xed3d, 0xdd1c, 0xbc78, 0xb478, 0xb478, 0xc4b9, 0xc4d9, 0xd55b, 0xd57c, 0xcd1a,
0xc4fa, 0xd55b, 0xd57c, 0xd55b, 0xd55b, 0xbcd9, 0xcd1a, 0xd57c, 0xcd3b, 0xd55b,
0xcd3b, 0xcd3b, 0xcd5a, 0xc4f9, 0xcd19, 0xc519, 0xcd19, 0xd57a, 0xd59b, 0xcd5a,
0xcd19, 0xc4f9, 0xcd3a, 0xc519, 0xcd39, 0xcd5a, 0xd57a, 0xcd39, 0xcd3a, 0xdd9c,
0xd57b, 0xd55b, 0xd57c, 0xd57b, 0xd57c, 0xd55b, 0xd57c, 0xd57b, 0xd57b, 0xd55b,
0xd55b, 0xd55b, 0xcd3b, 0xd57c, 0xdd9c, 0xddbd, 0xddbd, 0xdd9c, 0xd55b, 0xcd3b,
0xdd9c, 0xcd3a, 0xd55b, 0xdddd, 0xcd3a, 0xcd3b, 0xe5dd, 0xd57c, 0xd57c, 0xdd9d,
0xdd7c, 0xdd9d, 0xdd9d, 0xdd9d, 0xd55c, 0xcd3b, 0xd55b, 0xdd9c, 0xd55b, 0xd57c,
0xd57c, 0xddbd, 0xdd9c, 0xd55b, 0xd57c, 0xdd9c, 0xdd9c, 0xd55b, 0xd57c, 0xdd9c,
0xdd9c, 0xdd9c, 0xddbd, 0xe5dd, 0xee1e, 0xe5fd, 0xe5dd, 0xe5dd, 0xe5dd, 0xe5dd,
0xe5dd, 0xe5dd, 0xe5bc, 0xdd9b, 0xd55a, 0xdd9b, 0xe5dc, 0xdd9b, 0xdd7a, 0xddbb,
0xe5dc, 0xd55a, 0xd55b, 0xd55b, 0xe5bd, 0xdd9e, 0xdd9d, 0xddbe, 0xe5be, 0xe5be,
0xee1f, 0xddbe, 0xd55d, 0xdd7d, 0xdd9e, 0xdd9e, 0xdd9e, 0xe5df, 0xedff, 0xe5df,
0xe5de, 0xedfe, 0xedde, 0xdd9d, 0xdd9c, 0xd53b, 0xcd1a, 0xd55b, 0xdd9b, 0xcd19,
0xccf9, 0xccf9, 0xcd19, 0xcd39, 0xcd39, 0xcd18, 0xcd18, 0xc518, 0xc517, 0xc518,
0xcd38, 0xcd59, 0xcd59, 0xcd38, 0xc517, 0xc4f6, 0xc4f6, 0xc4f6, 0xc536, 0xcd37,
0xcd16, 0xcd16, 0xcd16, 0xcd37, 0xcd37, 0xcd37, 0xd537, 0xd538, 0xd539, 0xccd8,
0xccb9, 0xccda, 0xd4fc, 0xd4fd, 0xd51d, 0xd53e, 0xdd9f, 0xc4dc, 0xbcbb, 0xd57c,
0xb478, 0xa437, 0xc51b, 0xb4b9, 0xa437, 0xbc9b, 0xbc9c, 0xcd1e, 0xe5df, 0xe5bf,
0xd53e, 0xcd3e, 0xd55e, 0xdd9f, 0xdd9f, 0xddbf, 0xdd9f, 0xd55e, 0xbcbc, 0xb45b,
0xbc9c, 0xc4bd, 0xc4fe, 0xd55f, 0xd57f, 0xc4fe, 0xccfe, 0xcd3f, 0xd55f, 0xcd3f,
0xcd3f, 0xd57f, 0xcd5d, 0xa417, 0xb498, 0xd59e, 0xcd3f, 0xc4fe, 0xc4fd, 0xc4fd,
0xbcbc, 0xbc7a, 0xbc5a, 0xbc7a, 0xccdc, 0xd51e, 0xccfe, 0xdd7f, 0xdd5f, 0xc49b,

0xed3e, 0xed3f, 0xed3f, 0xed3f, 0xed3f, 0xed3f, 0xed3f, 0xf53f, 0xf53f, 0xf53f,
0xf53f, 0xf53f, 0xf53f, 0xf53f, 0xf53f, 0xf53f, 0xf53f, 0xf53f, 0xf53f, 0xf53f,
0xf53f, 0xf53f, 0xf53f, 0xf55f, 0xf55f, 0xf53f, 0xf53f, 0xf55f, 0xf55f, 0xf55f,
0xf55f, 0xf55f, 0xf57f, 0xf57f, 0xf57f, 0xfd7f, 0xfd7f, 0xfd7f, 0xf59f, 0xf5bf,
0xf5bf, 0xf5bf, 0xf5bf, 0xf5bf, 0xf5bf, 0xf5df, 0xf5df, 0xf5df, 0xf5df, 0xf5df,
0xf5df, 0xf5df, 0xf5df, 0xf5df, 0xf5df, 0xf5df, 0xf5df, 0xf5df, 0xf5df, 0xf5df,
0xf5df, 0xedbf, 0xedbf, 0xedbf, 0xf5bf, 0xf5bf, 0xf5bf, 0xf5bf, 0xedbf, 0xedbf,
0xf5bf, 0xf59f, 0xf59f, 0xed9f, 0xed7f, 0xed7f, 0xed5f, 0xed5f, 0xed3f, 0xed3f,
0xed3f, 0xe53f, 0xe51f, 0xe51f, 0xe51f, 0xe4ff, 0xe4fe, 0xe51e, 0xe4fe, 0xe51d,
0xdd1c, 0xbc38, 0xb438, 0xb478, 0xbc98, 0xc4fa, 0xd55b, 0xd55b, 0xc4fa, 0xc4d9,
0xc4d9, 0xcd3b, 0xd55b, 0xdd9c, 0xcd3b, 0xbcb9, 0xcd1a, 0xcd3b, 0xcd3b, 0xd55b,
0xcd3b, 0xcd1a, 0xcd1a, 0xcd19, 0xcd19, 0xcd5a, 0xc4f8, 0xcd39, 0xd59b, 0xd57b,
0xc4d8, 0xcd19, 0xcd5a, 0xcd39, 0xcd5a, 0xd57a, 0xd55a, 0xcd3a, 0xd57b, 0xdd9c,
0xd57b, 0xcd3a, 0xd55b, 0xdd9c, 0xd55b, 0xd55b, 0xd57b, 0xd55b, 0xd55b, 0xd55b,
0xd57b, 0xd55b, 0xcd1a, 0xd57c, 0xdd9c, 0xddbd, 0xdd9c, 0xdd9c, 0xcd3b, 0xc4fa,
0xd55b, 0xcd3b, 0xdd9c, 0xe5dd, 0xcd3a, 0xcd3a, 0xe5fe, 0xd55c, 0xd55c, 0xdd7d,
0xdd9d, 0xd55c, 0xd57c, 0xd57c, 0xd57c, 0xd55c, 0xd55b, 0xdd9c, 0xd57c, 0xd55b,
0xd55b, 0xd57c, 0xddbd, 0xd57c, 0xd57c, 0xdd9c, 0xdd9c, 0xd57c, 0xd57c, 0xd57c,
0xdd9c, 0xd57c, 0xdd9c, 0xddbc, 0xe5dd, 0xe5fd, 0xdd9c, 0xdd9c, 0xdd9c, 0xdd9c,
0xdd9c, 0xdd9c, 0xdd9c, 0xdd9c, 0xd55a, 0xd55a, 0xdd9b, 0xdd9a, 0xdd7a, 0xdd7a,
0xd55a, 0xd55a, 0xdd7b, 0xd57b, 0xe5dd, 0xe5de, 0xddbe, 0xddbe, 0xe5de, 0xee1f,
0xee1f, 0xdd9d, 0xdd7d, 0xd57d, 0xd55d, 0xddbe, 0xe5be, 0xe5df, 0xe5bf, 0xe59e,
0xdd9d, 0xe5de, 0xe5de, 0xdd5c, 0xdd7c, 0xdd7c, 0xd53b, 0xcd1a, 0xd53a, 0xd57b,
0xcd19, 0xccf9, 0xccf9, 0xcd19, 0xd539, 0xcd38, 0xcd18, 0xc517, 0xc4f7, 0xc517,
0xcd38, 0xcd38, 0xd579, 0xd579, 0xcd58, 0xcd37, 0xc517, 0xc4f6, 0xc516, 0xcd36,
0xcd17, 0xcd17, 0xcd17, 0xcd17, 0xcd57, 0xdd99, 0xdd99, 0xdd58, 0xdd9a, 0xdd5a,
0xccd9, 0xc4b9, 0xccba, 0xccdb, 0xd4fc, 0xd51d, 0xdd7e, 0xcd1d, 0xbcbb, 0xc4fb,
0xcd5d, 0xbcdb, 0xac59, 0xbcbb, 0xcd3d, 0xbcbc, 0xbcbc, 0xbc9c, 0xc4fd, 0xddbf,
0xcd3e, 0xc4dd, 0xcd1d, 0xccfd, 0xcd3e, 0xd55e, 0xddbf, 0xe5bf, 0xe5bf, 0xd53f,
0xc4bd, 0xbc9c, 0xc4dd, 0xcd1e, 0xd55f, 0xd53f, 0xcd3f, 0xd57f, 0xcd3f, 0xd53f,
0xcd3f, 0xcd3f, 0xb49b, 0xac38, 0xcd5d, 0xcd5e, 0xcd3f, 0xcd1e, 0xc4fd, 0xbcbc,
0xbc7b, 0xb45a, 0xbc3a, 0xbc5a, 0xc49b, 0xccdd, 0xccfe, 0xd51e, 0xeddf, 0xe59e,

0xed3f, 0xed3f, 0xed3f, 0xed3f, 0xed3f, 0xed3f, 0xed3f, 0xf53f, 0xf53f, 0xf53f,
0xf53f, 0xf53f, 0xf53f, 0xf53f, 0xf53f, 0xf53f, 0xf53f, 0xf53f, 0xf53f, 0xf53f,
0xf53f, 0xf53f, 0xf53f, 0xf55f, 0xf55f, 0xf53f, 0xf53f, 0xf55f, 0xf55f, 0xf55f,
0xf55f, 0xf55f, 0xf57f, 0xf57f, 0xf57f, 0xfd7f, 0xfd7f, 0xfd7f, 0xf59f, 0xf5bf,
0xf5bf, 0xf5bf, 0xf5bf, 0xf5bf, 0xf5bf, 0xf5bf, 0xf5bf, 0xf5bf, 0xf5df, 0xf5df,
0xf5df, 0xf5df, 0xf5df, 0xf5df, 0xf5df, 0xf5df, 0xf5df, 0xf5df, 0xf5df, 0xf5df,
0xf5bf, 0xedbf, 0xedbf, 0xedbf, 0xf5bf, 0xf5bf, 0xf5bf, 0xf5bf, 0xedbf, 0xedbf,
0xed9f, 0xf59f, 0xed9f, 0xed7f, 0xed7f, 0xed5f, 0xed5f, 0xed3f, 0xe53f, 0xe53f,
0xe53f, 0xe51f, 0xe51f, 0xe4ff, 0xe4ff, 0xe4fe, 0xe4fe, 0xe4fe, 0xe4fd, 0xe51d,
0xc459, 0xabf7, 0xb478, 0xbcb9, 0xc4d9, 0xcd1a, 0xd55b, 0xc4d9, 0xb478, 0xbcb9,
0xc4fa, 0xd55b, 0xdd9c, 0xe5dd, 0xcd3b, 0xbcb9, 0xc4fa, 0xcd1a, 0xd55c, 0xcd3b,
0xcd3b, 0xc4fa, 0xc4f9, 0xcd3a, 0xcd5a, 0xd55a, 0xbcb8, 0xcd39, 0xdddc, 0xd57a,
0xc519, 0xcd5a, 0xd55a, 0xd57a, 0xcd39, 0xd57b, 0xcd3a, 0xcd3a, 0xd57b, 0xd57c,
0xd55b, 0xcd3a, 0xd57c, 0xddbd, 0xcd1a, 0xd55b, 0xd57b, 0xd55b, 0xcd3b, 0xd55b,
0xd57b, 0xd55c, 0xd55b, 0xd57c, 0xdd9c, 0xd57c, 0xd57c, 0xdd9c, 0xd57c, 0xc4fa,
0xcd3a, 0xcd3b, 0xdd9c, 0xddbc, 0xcd1a, 0xcd3a, 0xe5dd, 0xdd9d, 0xd55c, 0xd55c,
0xd55c, 0xd57c, 0xd57c, 0xd57c, 0xd55c, 0xd55c, 0xd57c, 0xdd9c, 0xddbd, 0xd57c,
0xd55b, 0xd55b, 0xdd9c, 0xd55b, 0xd57c, 0xd57c, 0xdd9c, 0xdd9c, 0xd57c, 0xd57b,
0xdd9c, 0xd57c, 0xd57c, 0xddbc, 0xddbc, 0xe5dd, 0xddbc, 0xdd9c, 0xd57c, 0xd57b,
0xd57b, 0xd57b, 0xdd7b, 0xd57b, 0xdd7b, 0xd57a, 0xd55a, 0xd57a, 0xd55a, 0xd539,
0xcd39, 0xd55a, 0xdd7b, 0xdd7b, 0xe5dd, 0xe5be, 0xdd9d, 0xdd9d, 0xdd9d, 0xe5de,
0xee1f, 0xdd7d, 0xdd9e, 0xdd9e, 0xd57d, 0xddbe, 0xe5be, 0xe5bf, 0xdd7d, 0xe59e,
0xe59e, 0xdd9d, 0xdd5c, 0xd53b, 0xdd5c, 0xe59d, 0xdd7b, 0xd53a, 0xcd19, 0xd55a,
0xd55a, 0xcd19, 0xcd19, 0xcd19, 0xd559, 0xd539, 0xcd18, 0xc4f7, 0xc4f7, 0xc4f7,
0xc518, 0xcd38, 0xcd38, 0xcd38, 0xcd37, 0xc517, 0xc516, 0xc4f6, 0xc4f5, 0xc516,
0xcd17, 0xcd37, 0xcd37, 0xcd37, 0xcd16, 0xd537, 0xdd99, 0xdd79, 0xdd7a, 0xe59b,
0xdd5b, 0xd4fa, 0xc4ba, 0xc4ba, 0xc4bb, 0xc4bb, 0xd53d, 0xd57e, 0xbc9b, 0xbcbc,
0xc4dc, 0xc4dc, 0xbcbc, 0xc4dc, 0xcd1d, 0xcd1d, 0xc4fd, 0xbc9c, 0xc4dc, 0xcd3e,
0xd55e, 0xbc9b, 0xbc7b, 0xbc9c, 0xbcbc, 0xbcbc, 0xc4dd, 0xc4dd, 0xccfe, 0xd55f,
0xd53f, 0xc4dd, 0xc4fe, 0xccfe, 0xcd1e, 0xcd1e, 0xcd3f, 0xddbf, 0xd57f, 0xd57f,
0xd53f, 0xcd1f, 0xcd3f, 0xd55e, 0xd55e, 0xdd9f, 0xd57f, 0xcd3f, 0xcd3e, 0xcd1d,
0xc4dc, 0xbc9b, 0xbc5a, 0xbc7a, 0xc49b, 0xc4bc, 0xccdd, 0xccbd, 0xd53e, 0xedff,


};

const struct bitmap bm_rockboxlogo = { 
    .width = BMPWIDTH_rockboxlogo, 
    .height = BMPHEIGHT_rockboxlogo, 
    .format = FORMAT_NATIVE, 
    .data = (unsigned char*)rockboxlogo,
};
