/home/david/Documents/RockBox_Personal-master/devsrc/nano-soh-runtime/Shipwright/soh/src/code/z_draw.c:126:31: warning: initialization of 'Gfx *' from incompatible pointer type 'const char *' [-Wincompatible-pointer-types]
  126 |     { GetItem_DrawOpa0Xlu1, { gGiBottleStopperDL, gGiBottleDL } },
      |                               ^~~~~~~~~~~~~~~~~~
/home/david/Documents/RockBox_Personal-master/devsrc/nano-soh-runtime/Shipwright/soh/src/code/z_draw.c:126:31: note: (near initialization for 'sDrawItemTable[0].dlists[0]')
/home/david/Documents/RockBox_Personal-master/devsrc/nano-soh-runtime/Shipwright/soh/src/code/z_draw.c:126:51: warning: initialization of 'Gfx *' from incompatible pointer type 'const char *' [-Wincompatible-pointer-types]
  126 |     { GetItem_DrawOpa0Xlu1, { gGiBottleStopperDL, gGiBottleDL } },
      |                                                   ^~~~~~~~~~~
/home/david/Documents/RockBox_Personal-master/devsrc/nano-soh-runtime/Shipwright/soh/src/code/z_draw.c:126:51: note: (near initialization for 'sDrawItemTable[0].dlists[1]')
/home/david/Documents/RockBox_Personal-master/devsrc/nano-soh-runtime/Shipwright/soh/src/code/z_draw.c:128:27: warning: initialization of 'Gfx *' from incompatible pointer type 'const char *' [-Wincompatible-pointer-types]
  128 |     { GetItem_DrawOpa0, { gGiSmallKeyDL } },
      |                           ^~~~~~~~~~~~~
/home/david/Documents/RockBox_Personal-master/devsrc/nano-soh-runtime/Shipwright/soh/src/code/z_draw.c:128:27: note: (near initialization for 'sDrawItemTable[1].dlists[0]')
/home/david/Documents/RockBox_Personal-master/devsrc/nano-soh-runtime/Shipwright/soh/src/code/z_draw.c:130:28: warning: initialization of 'Gfx *' from incompatible pointer type 'const char *' [-Wincompatible-pointer-types]
  130 |     { GetItem_DrawXlu01, { gGiMinuetColorDL, gGiSongNoteDL } },
      |                            ^~~~~~~~~~~~~~~~
/home/david/Documents/RockBox_Personal-master/devsrc/nano-soh-runtime/Shipwright/soh/src/code/z_draw.c:130:28: note: (near initialization for 'sDrawItemTable[2].dlists[0]')
/home/david/Documents/RockBox_Personal-master/devsrc/nano-soh-runtime/Shipwright/soh/src/code/z_draw.c:130:46: warning: initialization of 'Gfx *' from incompatible pointer type 'const char *' [-Wincompatible-pointer-types]
  130 |     { GetItem_DrawXlu01, { gGiMinuetColorDL, gGiSongNoteDL } },
      |                                              ^~~~~~~~~~~~~
/home/david/Documents/RockBox_Personal-master/devsrc/nano-soh-runtime/Shipwright/soh/src/code/z_draw.c:130:46: note: (near initialization for 'sDrawItemTable[2].dlists[1]')
/home/david/Documents/RockBox_Personal-master/devsrc/nano-soh-runtime/Shipwright/soh/src/code/z_draw.c:132:28: warning: initialization of 'Gfx *' from incompatible pointer type 'const char *' [-Wincompatible-pointer-types]
  132 |     { GetItem_DrawXlu01, { gGiBoleroColorDL, gGiSongNoteDL } },
      |                            ^~~~~~~~~~~~~~~~
/home/david/Documents/RockBox_Personal-master/devsrc/nano-soh-runtime/Shipwright/soh/src/code/z_draw.c:132:28: note: (near initialization for 'sDrawItemTable[3].dlists[0]')
/home/david/Documents/RockBox_Personal-master/devsrc/nano-soh-runtime/Shipwright/soh/src/code/z_draw.c:132:46: warning: initialization of 'Gfx *' from incompatible pointer type 'const char *' [-Wincompatible-pointer-types]
  132 |     { GetItem_DrawXlu01, { gGiBoleroColorDL, gGiSongNoteDL } },
      |                                              ^~~~~~~~~~~~~
/home/david/Documents/RockBox_Personal-master/devsrc/nano-soh-runtime/Shipwright/soh/src/code/z_draw.c:132:46: note: (near initialization for 'sDrawItemTable[3].dlists[1]')
/home/david/Documents/RockBox_Personal-master/devsrc/nano-soh-runtime/Shipwright/soh/src/code/z_draw.c:134:28: warning: initialization of 'Gfx *' from incompatible pointer type 'const char *' [-Wincompatible-pointer-types]
  134 |     { GetItem_DrawXlu01, { gGiSerenadeColorDL, gGiSongNoteDL } },
      |                            ^~~~~~~~~~~~~~~~~~
/home/david/Documents/RockBox_Personal-master/devsrc/nano-soh-runtime/Shipwright/soh/src/code/z_draw.c:134:28: note: (near initialization for 'sDrawItemTable[4].dlists[0]')
/home/david/Documents/RockBox_Personal-master/devsrc/nano-soh-runtime/Shipwright/soh/src/code/z_draw.c:134:48: warning: initialization of 'Gfx *' from incompatible pointer type 'const char *' [-Wincompatible-pointer-types]
  134 |     { GetItem_DrawXlu01, { gGiSerenadeColorDL, gGiSongNoteDL } },
      |                                                ^~~~~~~~~~~~~
/home/david/Documents/RockBox_Personal-master/devsrc/nano-soh-runtime/Shipwright/soh/src/code/z_draw.c:134:48: note: (near initialization for 'sDrawItemTable[4].dlists[1]')
/home/david/Documents/RockBox_Personal-master/devsrc/nano-soh-runtime/Shipwright/soh/src/code/z_draw.c:136:28: warning: initialization of 'Gfx *' from incompatible pointer type 'const char *' [-Wincompatible-pointer-types]
  136 |     { GetItem_DrawXlu01, { gGiRequiemColorDL, gGiSongNoteDL } },
      |                            ^~~~~~~~~~~~~~~~~
/home/david/Documents/RockBox_Personal-master/devsrc/nano-soh-runtime/Shipwright/soh/src/code/z_draw.c:136:28: note: (near initialization for 'sDrawItemTable[5].dlists[0]')
/home/david/Documents/RockBox_Personal-master/devsrc/nano-soh-runtime/Shipwright/soh/src/code/z_draw.c:136:47: warning: initialization of 'Gfx *' from incompatible pointer type 'const char *' [-Wincompatible-pointer-types]
  136 |     { GetItem_DrawXlu01, { gGiRequiemColorDL, gGiSongNoteDL } },
      |                                               ^~~~~~~~~~~~~
/home/david/Documents/RockBox_Personal-master/devsrc/nano-soh-runtime/Shipwright/soh/src/code/z_draw.c:136:47: note: (near initialization for 'sDrawItemTable[5].dlists[1]')
/home/david/Documents/RockBox_Personal-master/devsrc/nano-soh-runtime/Shipwright/soh/src/code/z_draw.c:138:28: warning: initialization of 'Gfx *' from incompatible pointer type 'const char *' [-Wincompatible-pointer-types]
  138 |     { GetItem_DrawXlu01, { gGiNocturneColorDL, gGiSongNoteDL } },
      |                            ^~~~~~~~~~~~~~~~~~
/home/david/Documents/RockBox_Personal-master/devsrc/nano-soh-runtime/Shipwright/soh/src/code/z_draw.c:138:28: note: (near initialization for 'sDrawItemTable[6].dlists[0]')
/home/david/Documents/RockBox_Personal-master/devsrc/nano-soh-runtime/Shipwright/soh/src/code/z_draw.c:138:48: warning: initialization of 'Gfx *' from incompatible pointer type 'const char *' [-Wincompatible-pointer-types]
  138 |     { GetItem_DrawXlu01, { gGiNocturneColorDL, gGiSongNoteDL } },
      |                                                ^~~~~~~~~~~~~
/home/david/Documents/RockBox_Personal-master/devsrc/nano-soh-runtime/Shipwright/soh/src/code/z_draw.c:138:48: note: (near initialization for 'sDrawItemTable[6].dlists[1]')
/home/david/Documents/RockBox_Personal-master/devsrc/nano-soh-runtime/Shipwright/soh/src/code/z_draw.c:140:28: warning: initialization of 'Gfx *' from incompatible pointer type 'const char *' [-Wincompatible-pointer-types]
  140 |     { GetItem_DrawXlu01, { gGiPreludeColorDL, gGiSongNoteDL } },
      |                            ^~~~~~~~~~~~~~~~~
/home/david/Documents/RockBox_Personal-master/devsrc/nano-soh-runtime/Shipwright/soh/src/code/z_draw.c:140:28: note: (near initialization for 'sDrawItemTable[7].dlists[0]')
/home/david/Documents/RockBox_Personal-master/devsrc/nano-soh-runtime/Shipwright/soh/src/code/z_draw.c:140:47: warning: initialization of 'Gfx *' from incompatible pointer type 'const char *' [-Wincompatible-pointer-types]
  140 |     { GetItem_DrawXlu01, { gGiPreludeColorDL, gGiSongNoteDL } },
      |                                               ^~~~~~~~~~~~~
/home/david/Documents/RockBox_Personal-master/devsrc/nano-soh-runtime/Shipwright/soh/src/code/z_draw.c:140:47: note: (near initialization for 'sDrawItemTable[7].dlists[1]')
/home/david/Documents/RockBox_Personal-master/devsrc/nano-soh-runtime/Shipwright/soh/src/code/z_draw.c:142:36: warning: initialization of 'Gfx *' from incompatible pointer type 'const char *' [-Wincompatible-pointer-types]
  142 |     { GetItem_DrawRecoveryHeart, { gGiRecoveryHeartDL } },
      |                                    ^~~~~~~~~~~~~~~~~~
/home/david/Documents/RockBox_Personal-master/devsrc/nano-soh-runtime/Shipwright/soh/src/code/z_draw.c:142:36: note: (near initialization for 'sDrawItemTable[8].dlists[0]')
/home/david/Documents/RockBox_Personal-master/devsrc/nano-soh-runtime/Shipwright/soh/src/code/z_draw.c:144:31: warning: initialization of 'Gfx *' from incompatible pointer type 'const char *' [-Wincompatible-pointer-types]
  144 |     { GetItem_DrawOpa0Xlu1, { gGiBossKeyDL, gGiBossKeyGemDL } },
      |                               ^~~~~~~~~~~~
/home/david/Documents/RockBox_Personal-master/devsrc/nano-soh-runtime/Shipwright/soh/src/code/z_draw.c:144:31: note: (near initialization for 'sDrawItemTable[9].dlists[0]')
/home/david/Documents/RockBox_Personal-master/devsrc/nano-soh-runtime/Shipwright/soh/src/code/z_draw.c:144:45: warning: initialization of 'Gfx *' from incompatible pointer type 'const char *' [-Wincompatible-pointer-types]
  144 |     { GetItem_DrawOpa0Xlu1, { gGiBossKeyDL, gGiBossKeyGemDL } },
      |                                             ^~~~~~~~~~~~~~~
/home/david/Documents/RockBox_Personal-master/devsrc/nano-soh-runtime/Shipwright/soh/src/code/z_draw.c:144:45: note: (near initialization for 'sDrawItemTable[9].dlists[1]')
/home/david/Documents/RockBox_Personal-master/devsrc/nano-soh-runtime/Shipwright/soh/src/code/z_draw.c:146:30: warning: initialization of 'Gfx *' from incompatible pointer type 'const char *' [-Wincompatible-pointer-types]
  146 |     { GetItem_DrawCompass, { gGiCompassDL, gGiCompassGlassDL } },
      |                              ^~~~~~~~~~~~
/home/david/Documents/RockBox_Personal-master/devsrc/nano-soh-runtime/Shipwright/soh/src/code/z_draw.c:146:30: note: (near initialization for 'sDrawItemTable[10].dlists[0]')
/home/david/Documents/RockBox_Personal-master/devsrc/nano-soh-runtime/Shipwright/soh/src/code/z_draw.c:146:44: warning: initialization of 'Gfx *' from incompatible pointer type 'const char *' [-Wincompatible-pointer-types]
  146 |     { GetItem_DrawCompass, { gGiCompassDL, gGiCompassGlassDL } },
      |                                            ^~~~~~~~~~~~~~~~~
/home/david/Documents/RockBox_Personal-master/devsrc/nano-soh-runtime/Shipwright/soh/src/code/z_draw.c:146:44: note: (near initialization for 'sDrawItemTable[10].dlists[1]')
/home/david/Documents/RockBox_Personal-master/devsrc/nano-soh-runtime/Shipwright/soh/src/code/z_draw.c:148:37: warning: initialization of 'Gfx *' from incompatible pointer type 'const char *' [-Wincompatible-pointer-types]
  148 |     { GetItem_DrawEggOrMedallion, { gGiForestMedallionFaceDL, gGiMedallionDL } },
      |                                     ^~~~~~~~~~~~~~~~~~~~~~~~
/home/david/Documents/RockBox_Personal-master/devsrc/nano-soh-runtime/Shipwright/soh/src/code/z_draw.c:148:37: note: (near initialization for 'sDrawItemTable[11].dlists[0]')
/home/david/Documents/RockBox_Personal-master/devsrc/nano-soh-runtime/Shipwright/soh/src/code/z_draw.c:148:63: warning: initialization of 'Gfx *' from incompatible pointer type 'const char *' [-Wincompatible-pointer-types]
  148 |     { GetItem_DrawEggOrMedallion, { gGiForestMedallionFaceDL, gGiMedallionDL } },
      |                                                               ^~~~~~~~~~~~~~
/home/david/Documents/RockBox_Personal-master/devsrc/nano-soh-runtime/Shipwright/soh/src/code/z_draw.c:148:63: note: (near initialization for 'sDrawItemTable[11].dlists[1]')
/home/david/Documents/RockBox_Personal-master/devsrc/nano-soh-runtime/Shipwright/soh/src/code/z_draw.c:150:37: warning: initialization of 'Gfx *' from incompatible pointer type 'const char *' [-Wincompatible-pointer-types]
  150 |     { GetItem_DrawEggOrMedallion, { gGiFireMedallionFaceDL, gGiMedallionDL } },
      |                                     ^~~~~~~~~~~~~~~~~~~~~~
/home/david/Documents/RockBox_Personal-master/devsrc/nano-soh-runtime/Shipwright/soh/src/code/z_draw.c:150:37: note: (near initialization for 'sDrawItemTable[12].dlists[0]')
/home/david/Documents/RockBox_Personal-master/devsrc/nano-soh-runtime/Shipwright/soh/src/code/z_draw.c:150:61: warning: initialization of 'Gfx *' from incompatible pointer type 'const char *' [-Wincompatible-pointer-types]
  150 |     { GetItem_DrawEggOrMedallion, { gGiFireMedallionFaceDL, gGiMedallionDL } },
      |                                                             ^~~~~~~~~~~~~~
/home/david/Documents/RockBox_Personal-master/devsrc/nano-soh-runtime/Shipwright/soh/src/code/z_draw.c:150:61: note: (near initialization for 'sDrawItemTable[12].dlists[1]')
/home/david/Documents/RockBox_Personal-master/devsrc/nano-soh-runtime/Shipwright/soh/src/code/z_draw.c:152:37: warning: initialization of 'Gfx *' from incompatible pointer type 'const char *' [-Wincompatible-pointer-types]
  152 |     { GetItem_DrawEggOrMedallion, { gGiWaterMedallionFaceDL, gGiMedallionDL } },
      |                                     ^~~~~~~~~~~~~~~~~~~~~~~
/home/david/Documents/RockBox_Personal-master/devsrc/nano-soh-runtime/Shipwright/soh/src/code/z_draw.c:152:37: note: (near initialization for 'sDrawItemTable[13].dlists[0]')
/home/david/Documents/RockBox_Personal-master/devsrc/nano-soh-runtime/Shipwright/soh/src/code/z_draw.c:152:62: warning: initialization of 'Gfx *' from incompatible pointer type 'const char *' [-Wincompatible-pointer-types]
  152 |     { GetItem_DrawEggOrMedallion, { gGiWaterMedallionFaceDL, gGiMedallionDL } },
      |                                                              ^~~~~~~~~~~~~~
/home/david/Documents/RockBox_Personal-master/devsrc/nano-soh-runtime/Shipwright/soh/src/code/z_draw.c:152:62: note: (near initialization for 'sDrawItemTable[13].dlists[1]')
/home/david/Documents/RockBox_Personal-master/devsrc/nano-soh-runtime/Shipwright/soh/src/code/z_draw.c:154:37: warning: initialization of 'Gfx *' from incompatible pointer type 'const char *' [-Wincompatible-pointer-types]
  154 |     { GetItem_DrawEggOrMedallion, { gGiSpiritMedallionFaceDL, gGiMedallionDL } },
      |                                     ^~~~~~~~~~~~~~~~~~~~~~~~
/home/david/Documents/RockBox_Personal-master/devsrc/nano-soh-runtime/Shipwright/soh/src/code/z_draw.c:154:37: note: (near initialization for 'sDrawItemTable[14].dlists[0]')
/home/david/Documents/RockBox_Personal-master/devsrc/nano-soh-runtime/Shipwright/soh/src/code/z_draw.c:154:63: warning: initialization of 'Gfx *' from incompatible pointer type 'const char *' [-Wincompatible-pointer-types]
  154 |     { GetItem_DrawEggOrMedallion, { gGiSpiritMedallionFaceDL, gGiMedallionDL } },
      |                                                               ^~~~~~~~~~~~~~
/home/david/Documents/RockBox_Personal-master/devsrc/nano-soh-runtime/Shipwright/soh/src/code/z_draw.c:154:63: note: (near initialization for 'sDrawItemTable[14].dlists[1]')
/home/david/Documents/RockBox_Personal-master/devsrc/nano-soh-runtime/Shipwright/soh/src/code/z_draw.c:156:37: warning: initialization of 'Gfx *' from incompatible pointer type 'const char *' [-Wincompatible-pointer-types]
  156 |     { GetItem_DrawEggOrMedallion, { gGiShadowMedallionFaceDL, gGiMedallionDL } },
      |                                     ^~~~~~~~~~~~~~~~~~~~~~~~
/home/david/Documents/RockBox_Personal-master/devsrc/nano-soh-runtime/Shipwright/soh/src/code/z_draw.c:156:37: note: (near initialization for 'sDrawItemTable[15].dlists[0]')
/home/david/Documents/RockBox_Personal-master/devsrc/nano-soh-runtime/Shipwright/soh/src/code/z_draw.c:156:63: warning: initialization of 'Gfx *' from incompatible pointer type 'const char *' [-Wincompatible-pointer-types]
  156 |     { GetItem_DrawEggOrMedallion, { gGiShadowMedallionFaceDL, gGiMedallionDL } },
      |                                                               ^~~~~~~~~~~~~~
/home/david/Documents/RockBox_Personal-master/devsrc/nano-soh-runtime/Shipwright/soh/src/code/z_draw.c:156:63: note: (near initialization for 'sDrawItemTable[15].dlists[1]')
/home/david/Documents/RockBox_Personal-master/devsrc/nano-soh-runtime/Shipwright/soh/src/code/z_draw.c:158:37: warning: initialization of 'Gfx *' from incompatible pointer type 'const char *' [-Wincompatible-pointer-types]
  158 |     { GetItem_DrawEggOrMedallion, { gGiLightMedallionFaceDL, gGiMedallionDL } },
      |                                     ^~~~~~~~~~~~~~~~~~~~~~~
/home/david/Documents/RockBox_Personal-master/devsrc/nano-soh-runtime/Shipwright/soh/src/code/z_draw.c:158:37: note: (near initialization for 'sDrawItemTable[16].dlists[0]')
/home/david/Documents/RockBox_Personal-master/devsrc/nano-soh-runtime/Shipwright/soh/src/code/z_draw.c:158:62: warning: initialization of 'Gfx *' from incompatible pointer type 'const char *' [-Wincompatible-pointer-types]
  158 |     { GetItem_DrawEggOrMedallion, { gGiLightMedallionFaceDL, gGiMedallionDL } },
      |                                                              ^~~~~~~~~~~~~~
/home/david/Documents/RockBox_Personal-master/devsrc/nano-soh-runtime/Shipwright/soh/src/code/z_draw.c:158:62: note: (near initialization for 'sDrawItemTable[16].dlists[1]')
/home/david/Documents/RockBox_Personal-master/devsrc/nano-soh-runtime/Shipwright/soh/src/code/z_draw.c:160:31: warning: initialization of 'Gfx *' from incompatible pointer type 'const char *' [-Wincompatible-pointer-types]
  160 |     { GetItem_DrawDekuNuts, { gGiNutDL } },
      |                               ^~~~~~~~
/home/david/Documents/RockBox_Personal-master/devsrc/nano-soh-runtime/Shipwright/soh/src/code/z_draw.c:160:31: note: (near initialization for 'sDrawItemTable[17].dlists[0]')
/home/david/Documents/RockBox_Personal-master/devsrc/nano-soh-runtime/Shipwright/soh/src/code/z_draw.c:162:28: warning: initialization of 'Gfx *' from incompatible pointer type 'const char *' [-Wincompatible-pointer-types]
  162 |     { GetItem_DrawXlu01, { gGiHeartBorderDL, gGiHeartContainerDL } },
      |                            ^~~~~~~~~~~~~~~~
/home/david/Documents/RockBox_Personal-master/devsrc/nano-soh-runtime/Shipwright/soh/src/code/z_draw.c:162:28: note: (near initialization for 'sDrawItemTable[18].dlists[0]')
/home/david/Documents/RockBox_Personal-master/devsrc/nano-soh-runtime/Shipwright/soh/src/code/z_draw.c:162:46: warning: initialization of 'Gfx *' from incompatible pointer type 'const char *' [-Wincompatible-pointer-types]
  162 |     { GetItem_DrawXlu01, { gGiHeartBorderDL, gGiHeartContainerDL } },
      |                                              ^~~~~~~~~~~~~~~~~~~
/home/david/Documents/RockBox_Personal-master/devsrc/nano-soh-runtime/Shipwright/soh/src/code/z_draw.c:162:46: note: (near initialization for 'sDrawItemTable[18].dlists[1]')
/home/david/Documents/RockBox_Personal-master/devsrc/nano-soh-runtime/Shipwright/soh/src/code/z_draw.c:164:28: warning: initialization of 'Gfx *' from incompatible pointer type 'const char *' [-Wincompatible-pointer-types]
  164 |     { GetItem_DrawXlu01, { gGiHeartBorderDL, gGiHeartPieceDL } },
      |                            ^~~~~~~~~~~~~~~~
/home/david/Documents/RockBox_Personal-master/devsrc/nano-soh-runtime/Shipwright/soh/src/code/z_draw.c:164:28: note: (near initialization for 'sDrawItemTable[19].dlists[0]')
/home/david/Documents/RockBox_Personal-master/devsrc/nano-soh-runtime/Shipwright/soh/src/code/z_draw.c:164:46: warning: initialization of 'Gfx *' from incompatible pointer type 'const char *' [-Wincompatible-pointer-types]
  164 |     { GetItem_DrawXlu01, { gGiHeartBorderDL, gGiHeartPieceDL } },
      |                                              ^~~~~~~~~~~~~~~
/home/david/Documents/RockBox_Personal-master/devsrc/nano-soh-runtime/Shipwright/soh/src/code/z_draw.c:164:46: note: (near initialization for 'sDrawItemTable[19].dlists[1]')
/home/david/Documents/RockBox_Personal-master/devsrc/nano-soh-runtime/Shipwright/soh/src/code/z_draw.c:166:30: warning: initialization of 'Gfx *' from incompatible pointer type 'const char *' [-Wincompatible-pointer-types]
  166 |     { GetItem_DrawOpa1023, { gGiQuiverInnerDL, gGiQuiver30InnerColorDL, gGiQuiver30OuterColorDL, gGiQuiverOuterDL } },
      |                              ^~~~~~~~~~~~~~~~
/home/david/Documents/RockBox_Personal-master/devsrc/nano-soh-runtime/Shipwright/soh/src/code/z_draw.c:166:30: note: (near initialization for 'sDrawItemTable[20].dlists[0]')
/home/david/Documents/RockBox_Personal-master/devsrc/nano-soh-runtime/Shipwright/soh/src/code/z_draw.c:166:48: warning: initialization of 'Gfx *' from incompatible pointer type 'const char *' [-Wincompatible-pointer-types]
  166 |     { GetItem_DrawOpa1023, { gGiQuiverInnerDL, gGiQuiver30InnerColorDL, gGiQuiver30OuterColorDL, gGiQuiverOuterDL } },
      |                                                ^~~~~~~~~~~~~~~~~~~~~~~
/home/david/Documents/RockBox_Personal-master/devsrc/nano-soh-runtime/Shipwright/soh/src/code/z_draw.c:166:48: note: (near initialization for 'sDrawItemTable[20].dlists[1]')
/home/david/Documents/RockBox_Personal-master/devsrc/nano-soh-runtime/Shipwright/soh/src/code/z_draw.c:166:73: warning: initialization of 'Gfx *' from incompatible pointer type 'const char *' [-Wincompatible-pointer-types]
  166 |     { GetItem_DrawOpa1023, { gGiQuiverInnerDL, gGiQuiver30InnerColorDL, gGiQuiver30OuterColorDL, gGiQuiverOuterDL } },
      |                                                                         ^~~~~~~~~~~~~~~~~~~~~~~
/home/david/Documents/RockBox_Personal-master/devsrc/nano-soh-runtime/Shipwright/soh/src/code/z_draw.c:166:73: note: (near initialization for 'sDrawItemTable[20].dlists[2]')
/home/david/Documents/RockBox_Personal-master/devsrc/nano-soh-runtime/Shipwright/soh/src/code/z_draw.c:166:98: warning: initialization of 'Gfx *' from incompatible pointer type 'const char *' [-Wincompatible-pointer-types]
  166 |     { GetItem_DrawOpa1023, { gGiQuiverInnerDL, gGiQuiver30InnerColorDL, gGiQuiver30OuterColorDL, gGiQuiverOuterDL } },
      |                                                                                                  ^~~~~~~~~~~~~~~~
/home/david/Documents/RockBox_Personal-master/devsrc/nano-soh-runtime/Shipwright/soh/src/code/z_draw.c:166:98: note: (near initialization for 'sDrawItemTable[20].dlists[3]')
/home/david/Documents/RockBox_Personal-master/devsrc/nano-soh-runtime/Shipwright/soh/src/code/z_draw.c:168:30: warning: initialization of 'Gfx *' from incompatible pointer type 'const char *' [-Wincompatible-pointer-types]
  168 |     { GetItem_DrawOpa1023, { gGiQuiverInnerDL, gGiQuiver40InnerColorDL, gGiQuiver40OuterColorDL, gGiQuiverOuterDL } },
      |                              ^~~~~~~~~~~~~~~~
/home/david/Documents/RockBox_Personal-master/devsrc/nano-soh-runtime/Shipwright/soh/src/code/z_draw.c:168:30: note: (near initialization for 'sDrawItemTable[21].dlists[0]')
/home/david/Documents/RockBox_Personal-master/devsrc/nano-soh-runtime/Shipwright/soh/src/code/z_draw.c:168:48: warning: initialization of 'Gfx *' from incompatible pointer type 'const char *' [-Wincompatible-pointer-types]
  168 |     { GetItem_DrawOpa1023, { gGiQuiverInnerDL, gGiQuiver40InnerColorDL, gGiQuiver40OuterColorDL, gGiQuiverOuterDL } },
      |                                                ^~~~~~~~~~~~~~~~~~~~~~~
/home/david/Documents/RockBox_Personal-master/devsrc/nano-soh-runtime/Shipwright/soh/src/code/z_draw.c:168:48: note: (near initialization for 'sDrawItemTable[21].dlists[1]')
/home/david/Documents/RockBox_Personal-master/devsrc/nano-soh-runtime/Shipwright/soh/src/code/z_draw.c:168:73: warning: initialization of 'Gfx *' from incompatible pointer type 'const char *' [-Wincompatible-pointer-types]
  168 |     { GetItem_DrawOpa1023, { gGiQuiverInnerDL, gGiQuiver40InnerColorDL, gGiQuiver40OuterColorDL, gGiQuiverOuterDL } },
      |                                                                         ^~~~~~~~~~~~~~~~~~~~~~~
/home/david/Documents/RockBox_Personal-master/devsrc/nano-soh-runtime/Shipwright/soh/src/code/z_draw.c:168:73: note: (near initialization for 'sDrawItemTable[21].dlists[2]')
/home/david/Documents/RockBox_Personal-master/devsrc/nano-soh-runtime/Shipwright/soh/src/code/z_draw.c:168:98: warning: initialization of 'Gfx *' from incompatible pointer type 'const char *' [-Wincompatible-pointer-types]
  168 |     { GetItem_DrawOpa1023, { gGiQuiverInnerDL, gGiQuiver40InnerColorDL, gGiQuiver40OuterColorDL, gGiQuiverOuterDL } },
      |                                                                                                  ^~~~~~~~~~~~~~~~
/home/david/Documents/RockBox_Personal-master/devsrc/nano-soh-runtime/Shipwright/soh/src/code/z_draw.c:168:98: note: (near initialization for 'sDrawItemTable[21].dlists[3]')
/home/david/Documents/RockBox_Personal-master/devsrc/nano-soh-runtime/Shipwright/soh/src/code/z_draw.c:170:30: warning: initialization of 'Gfx *' from incompatible pointer type 'const char *' [-Wincompatible-pointer-types]
  170 |     { GetItem_DrawOpa1023, { gGiQuiverInnerDL, gGiQuiver50InnerColorDL, gGiQuiver50OuterColorDL, gGiQuiverOuterDL } },
      |                              ^~~~~~~~~~~~~~~~
/home/david/Documents/RockBox_Personal-master/devsrc/nano-soh-runtime/Shipwright/soh/src/code/z_draw.c:170:30: note: (near initialization for 'sDrawItemTable[22].dlists[0]')
/home/david/Documents/RockBox_Personal-master/devsrc/nano-soh-runtime/Shipwright/soh/src/code/z_draw.c:170:48: warning: initialization of 'Gfx *' from incompatible pointer type 'const char *' [-Wincompatible-pointer-types]
  170 |     { GetItem_DrawOpa1023, { gGiQuiverInnerDL, gGiQuiver50InnerColorDL, gGiQuiver50OuterColorDL, gGiQuiverOuterDL } },
      |                                                ^~~~~~~~~~~~~~~~~~~~~~~
/home/david/Documents/RockBox_Personal-master/devsrc/nano-soh-runtime/Shipwright/soh/src/code/z_draw.c:170:48: note: (near initialization for 'sDrawItemTable[22].dlists[1]')
/home/david/Documents/RockBox_Personal-master/devsrc/nano-soh-runtime/Shipwright/soh/src/code/z_draw.c:170:73: warning: initialization of 'Gfx *' from incompatible pointer type 'const char *' [-Wincompatible-pointer-types]
  170 |     { GetItem_DrawOpa1023, { gGiQuiverInnerDL, gGiQuiver50InnerColorDL, gGiQuiver50OuterColorDL, gGiQuiverOuterDL } },
      |                                                                         ^~~~~~~~~~~~~~~~~~~~~~~
/home/david/Documents/RockBox_Personal-master/devsrc/nano-soh-runtime/Shipwright/soh/src/code/z_draw.c:170:73: note: (near initialization for 'sDrawItemTable[22].dlists[2]')
/home/david/Documents/RockBox_Personal-master/devsrc/nano-soh-runtime/Shipwright/soh/src/code/z_draw.c:170:98: warning: initialization of 'Gfx *' from incompatible pointer type 'const char *' [-Wincompatible-pointer-types]
  170 |     { GetItem_DrawOpa1023, { gGiQuiverInnerDL, gGiQuiver50InnerColorDL, gGiQuiver50OuterColorDL, gGiQuiverOuterDL } },
      |                                                                                                  ^~~~~~~~~~~~~~~~
/home/david/Documents/RockBox_Personal-master/devsrc/nano-soh-runtime/Shipwright/soh/src/code/z_draw.c:170:98: note: (near initialization for 'sDrawItemTable[22].dlists[3]')
/home/david/Documents/RockBox_Personal-master/devsrc/nano-soh-runtime/Shipwright/soh/src/code/z_draw.c:172:30: warning: initialization of 'Gfx *' from incompatible pointer type 'const char *' [-Wincompatible-pointer-types]
  172 |     { GetItem_DrawOpa1023, { gGiBombBagDL, gGiBombBag20BagColorDL, gGiBombBag20RingColorDL, gGiBombBagRingDL } },
      |                              ^~~~~~~~~~~~
/home/david/Documents/RockBox_Personal-master/devsrc/nano-soh-runtime/Shipwright/soh/src/code/z_draw.c:172:30: note: (near initialization for 'sDrawItemTable[23].dlists[0]')
/home/david/Documents/RockBox_Personal-master/devsrc/nano-soh-runtime/Shipwright/soh/src/code/z_draw.c:172:44: warning: initialization of 'Gfx *' from incompatible pointer type 'const char *' [-Wincompatible-pointer-types]
  172 |     { GetItem_DrawOpa1023, { gGiBombBagDL, gGiBombBag20BagColorDL, gGiBombBag20RingColorDL, gGiBombBagRingDL } },
      |                                            ^~~~~~~~~~~~~~~~~~~~~~
/home/david/Documents/RockBox_Personal-master/devsrc/nano-soh-runtime/Shipwright/soh/src/code/z_draw.c:172:44: note: (near initialization for 'sDrawItemTable[23].dlists[1]')
/home/david/Documents/RockBox_Personal-master/devsrc/nano-soh-runtime/Shipwright/soh/src/code/z_draw.c:172:68: warning: initialization of 'Gfx *' from incompatible pointer type 'const char *' [-Wincompatible-pointer-types]
  172 |     { GetItem_DrawOpa1023, { gGiBombBagDL, gGiBombBag20BagColorDL, gGiBombBag20RingColorDL, gGiBombBagRingDL } },
      |                                                                    ^~~~~~~~~~~~~~~~~~~~~~~
/home/david/Documents/RockBox_Personal-master/devsrc/nano-soh-runtime/Shipwright/soh/src/code/z_draw.c:172:68: note: (near initialization for 'sDrawItemTable[23].dlists[2]')
/home/david/Documents/RockBox_Personal-master/devsrc/nano-soh-runtime/Shipwright/soh/src/code/z_draw.c:172:93: warning: initialization of 'Gfx *' from incompatible pointer type 'const char *' [-Wincompatible-pointer-types]
  172 |     { GetItem_DrawOpa1023, { gGiBombBagDL, gGiBombBag20BagColorDL, gGiBombBag20RingColorDL, gGiBombBagRingDL } },
      |                                                                                             ^~~~~~~~~~~~~~~~
/home/david/Documents/RockBox_Personal-master/devsrc/nano-soh-runtime/Shipwright/soh/src/code/z_draw.c:172:93: note: (near initialization for 'sDrawItemTable[23].dlists[3]')
/home/david/Documents/RockBox_Personal-master/devsrc/nano-soh-runtime/Shipwright/soh/src/code/z_draw.c:174:30: warning: initialization of 'Gfx *' from incompatible pointer type 'const char *' [-Wincompatible-pointer-types]
  174 |     { GetItem_DrawOpa1023, { gGiBombBagDL, gGiBombBag30BagColorDL, gGiBombBag30RingColorDL, gGiBombBagRingDL } },
      |                              ^~~~~~~~~~~~
/home/david/Documents/RockBox_Personal-master/devsrc/nano-soh-runtime/Shipwright/soh/src/code/z_draw.c:174:30: note: (near initialization for 'sDrawItemTable[24].dlists[0]')
/home/david/Documents/RockBox_Personal-master/devsrc/nano-soh-runtime/Shipwright/soh/src/code/z_draw.c:174:44: warning: initialization of 'Gfx *' from incompatible pointer type 'const char *' [-Wincompatible-pointer-types]
  174 |     { GetItem_DrawOpa1023, { gGiBombBagDL, gGiBombBag30BagColorDL, gGiBombBag30RingColorDL, gGiBombBagRingDL } },
      |                                            ^~~~~~~~~~~~~~~~~~~~~~
/home/david/Documents/RockBox_Personal-master/devsrc/nano-soh-runtime/Shipwright/soh/src/code/z_draw.c:174:44: note: (near initialization for 'sDrawItemTable[24].dlists[1]')
/home/david/Documents/RockBox_Personal-master/devsrc/nano-soh-runtime/Shipwright/soh/src/code/z_draw.c:174:68: warning: initialization of 'Gfx *' from incompatible pointer type 'const char *' [-Wincompatible-pointer-types]
  174 |     { GetItem_DrawOpa1023, { gGiBombBagDL, gGiBombBag30BagColorDL, gGiBombBag30RingColorDL, gGiBombBagRingDL } },
      |                                                                    ^~~~~~~~~~~~~~~~~~~~~~~
/home/david/Documents/RockBox_Personal-master/devsrc/nano-soh-runtime/Shipwright/soh/src/code/z_draw.c:174:68: note: (near initialization for 'sDrawItemTable[24].dlists[2]')
/home/david/Documents/RockBox_Personal-master/devsrc/nano-soh-runtime/Shipwright/soh/src/code/z_draw.c:174:93: warning: initialization of 'Gfx *' from incompatible pointer type 'const char *' [-Wincompatible-pointer-types]
  174 |     { GetItem_DrawOpa1023, { gGiBombBagDL, gGiBombBag30BagColorDL, gGiBombBag30RingColorDL, gGiBombBagRingDL } },
      |                                                                                             ^~~~~~~~~~~~~~~~
/home/david/Documents/RockBox_Personal-master/devsrc/nano-soh-runtime/Shipwright/soh/src/code/z_draw.c:174:93: note: (near initialization for 'sDrawItemTable[24].dlists[3]')
/home/david/Documents/RockBox_Personal-master/devsrc/nano-soh-runtime/Shipwright/soh/src/code/z_draw.c:176:30: warning: initialization of 'Gfx *' from incompatible pointer type 'const char *' [-Wincompatible-pointer-types]
  176 |     { GetItem_DrawOpa1023, { gGiBombBagDL, gGiBombBag40BagColorDL, gGiBombBag40RingColorDL, gGiBombBagRingDL } },
      |                              ^~~~~~~~~~~~
/home/david/Documents/RockBox_Personal-master/devsrc/nano-soh-runtime/Shipwright/soh/src/code/z_draw.c:176:30: note: (near initialization for 'sDrawItemTable[25].dlists[0]')
/home/david/Documents/RockBox_Personal-master/devsrc/nano-soh-runtime/Shipwright/soh/src/code/z_draw.c:176:44: warning: initialization of 'Gfx *' from incompatible pointer type 'const char *' [-Wincompatible-pointer-types]
  176 |     { GetItem_DrawOpa1023, { gGiBombBagDL, gGiBombBag40BagColorDL, gGiBombBag40RingColorDL, gGiBombBagRingDL } },
      |                                            ^~~~~~~~~~~~~~~~~~~~~~
/home/david/Documents/RockBox_Personal-master/devsrc/nano-soh-runtime/Shipwright/soh/src/code/z_draw.c:176:44: note: (near initialization for 'sDrawItemTable[25].dlists[1]')
/home/david/Documents/RockBox_Personal-master/devsrc/nano-soh-runtime/Shipwright/soh/src/code/z_draw.c:176:68: warning: initialization of 'Gfx *' from incompatible pointer type 'const char *' [-Wincompatible-pointer-types]
  176 |     { GetItem_DrawOpa1023, { gGiBombBagDL, gGiBombBag40BagColorDL, gGiBombBag40RingColorDL, gGiBombBagRingDL } },
      |                                                                    ^~~~~~~~~~~~~~~~~~~~~~~
/home/david/Documents/RockBox_Personal-master/devsrc/nano-soh-runtime/Shipwright/soh/src/code/z_draw.c:176:68: note: (near initialization for 'sDrawItemTable[25].dlists[2]')
/home/david/Documents/RockBox_Personal-master/devsrc/nano-soh-runtime/Shipwright/soh/src/code/z_draw.c:176:93: warning: initialization of 'Gfx *' from incompatible pointer type 'const char *' [-Wincompatible-pointer-types]
  176 |     { GetItem_DrawOpa1023, { gGiBombBagDL, gGiBombBag40BagColorDL, gGiBombBag40RingColorDL, gGiBombBagRingDL } },
      |                                                                                             ^~~~~~~~~~~~~~~~
/home/david/Documents/RockBox_Personal-master/devsrc/nano-soh-runtime/Shipwright/soh/src/code/z_draw.c:176:93: note: (near initialization for 'sDrawItemTable[25].dlists[3]')
/home/david/Documents/RockBox_Personal-master/devsrc/nano-soh-runtime/Shipwright/soh/src/code/z_draw.c:178:27: warning: initialization of 'Gfx *' from incompatible pointer type 'const char *' [-Wincompatible-pointer-types]
  178 |     { GetItem_DrawOpa0, { gGiStickDL } },
      |                           ^~~~~~~~~~
/home/david/Documents/RockBox_Personal-master/devsrc/nano-soh-runtime/Shipwright/soh/src/code/z_draw.c:178:27: note: (near initialization for 'sDrawItemTable[26].dlists[0]')
/home/david/Documents/RockBox_Personal-master/devsrc/nano-soh-runtime/Shipwright/soh/src/code/z_draw.c:180:27: warning: initialization of 'Gfx *' from incompatible pointer type 'const char *' [-Wincompatible-pointer-types]
  180 |     { GetItem_DrawOpa0, { gGiDungeonMapDL } },
      |                           ^~~~~~~~~~~~~~~
/home/david/Documents/RockBox_Personal-master/devsrc/nano-soh-runtime/Shipwright/soh/src/code/z_draw.c:180:27: note: (near initialization for 'sDrawItemTable[27].dlists[0]')
/home/david/Documents/RockBox_Personal-master/devsrc/nano-soh-runtime/Shipwright/soh/src/code/z_draw.c:182:27: warning: initialization of 'Gfx *' from incompatible pointer type 'const char *' [-Wincompatible-pointer-types]
  182 |     { GetItem_DrawOpa0, { gGiDekuShieldDL } },
      |                           ^~~~~~~~~~~~~~~
/home/david/Documents/RockBox_Personal-master/devsrc/nano-soh-runtime/Shipwright/soh/src/code/z_draw.c:182:27: note: (near initialization for 'sDrawItemTable[28].dlists[0]')
/home/david/Documents/RockBox_Personal-master/devsrc/nano-soh-runtime/Shipwright/soh/src/code/z_draw.c:184:27: warning: initialization of 'Gfx *' from incompatible pointer type 'const char *' [-Wincompatible-pointer-types]
  184 |     { GetItem_DrawOpa0, { gGiMagicJarSmallDL } },
      |                           ^~~~~~~~~~~~~~~~~~
/home/david/Documents/RockBox_Personal-master/devsrc/nano-soh-runtime/Shipwright/soh/src/code/z_draw.c:184:27: note: (near initialization for 'sDrawItemTable[29].dlists[0]')
/home/david/Documents/RockBox_Personal-master/devsrc/nano-soh-runtime/Shipwright/soh/src/code/z_draw.c:186:27: warning: initialization of 'Gfx *' from incompatible pointer type 'const char *' [-Wincompatible-pointer-types]
  186 |     { GetItem_DrawOpa0, { gGiMagicJarLargeDL } },
      |                           ^~~~~~~~~~~~~~~~~~
/home/david/Documents/RockBox_Personal-master/devsrc/nano-soh-runtime/Shipwright/soh/src/code/z_draw.c:186:27: note: (near initialization for 'sDrawItemTable[30].dlists[0]')
/home/david/Documents/RockBox_Personal-master/devsrc/nano-soh-runtime/Shipwright/soh/src/code/z_draw.c:188:27: warning: initialization of 'Gfx *' from incompatible pointer type 'const char *' [-Wincompatible-pointer-types]
  188 |     { GetItem_DrawOpa0, { gGiBombDL } },
      |                           ^~~~~~~~~
/home/david/Documents/RockBox_Personal-master/devsrc/nano-soh-runtime/Shipwright/soh/src/code/z_draw.c:188:27: note: (near initialization for 'sDrawItemTable[31].dlists[0]')
/home/david/Documents/RockBox_Personal-master/devsrc/nano-soh-runtime/Shipwright/soh/src/code/z_draw.c:190:27: warning: initialization of 'Gfx *' from incompatible pointer type 'const char *' [-Wincompatible-pointer-types]
  190 |     { GetItem_DrawOpa0, { gGiStoneOfAgonyDL } },
      |                           ^~~~~~~~~~~~~~~~~
/home/david/Documents/RockBox_Personal-master/devsrc/nano-soh-runtime/Shipwright/soh/src/code/z_draw.c:190:27: note: (near initialization for 'sDrawItemTable[32].dlists[0]')
/home/david/Documents/RockBox_Personal-master/devsrc/nano-soh-runtime/Shipwright/soh/src/code/z_draw.c:193:9: warning: initialization of 'Gfx *' from incompatible pointer type 'const char *' [-Wincompatible-pointer-types]
  193 |       { gGiWalletDL, gGiAdultWalletColorDL, gGiAdultWalletRupeeOuterColorDL, gGiWalletRupeeOuterDL,
      |         ^~~~~~~~~~~
/home/david/Documents/RockBox_Personal-master/devsrc/nano-soh-runtime/Shipwright/soh/src/code/z_draw.c:193:9: note: (near initialization for 'sDrawItemTable[33].dlists[0]')
/home/david/Documents/RockBox_Personal-master/devsrc/nano-soh-runtime/Shipwright/soh/src/code/z_draw.c:193:22: warning: initialization of 'Gfx *' from incompatible pointer type 'const char *' [-Wincompatible-pointer-types]
  193 |       { gGiWalletDL, gGiAdultWalletColorDL, gGiAdultWalletRupeeOuterColorDL, gGiWalletRupeeOuterDL,
      |                      ^~~~~~~~~~~~~~~~~~~~~
/home/david/Documents/RockBox_Personal-master/devsrc/nano-soh-runtime/Shipwright/soh/src/code/z_draw.c:193:22: note: (near initialization for 'sDrawItemTable[33].dlists[1]')
/home/david/Documents/RockBox_Personal-master/devsrc/nano-soh-runtime/Shipwright/soh/src/code/z_draw.c:193:45: warning: initialization of 'Gfx *' from incompatible pointer type 'const char *' [-Wincompatible-pointer-types]
  193 |       { gGiWalletDL, gGiAdultWalletColorDL, gGiAdultWalletRupeeOuterColorDL, gGiWalletRupeeOuterDL,
      |                                             ^~~~~~~~~~~~~~~~~~~~~~~~~~~~~~~
/home/david/Documents/RockBox_Personal-master/devsrc/nano-soh-runtime/Shipwright/soh/src/code/z_draw.c:193:45: note: (near initialization for 'sDrawItemTable[33].dlists[2]')
/home/david/Documents/RockBox_Personal-master/devsrc/nano-soh-runtime/Shipwright/soh/src/code/z_draw.c:193:78: warning: initialization of 'Gfx *' from incompatible pointer type 'const char *' [-Wincompatible-pointer-types]
  193 |       { gGiWalletDL, gGiAdultWalletColorDL, gGiAdultWalletRupeeOuterColorDL, gGiWalletRupeeOuterDL,
      |                                                                              ^~~~~~~~~~~~~~~~~~~~~
/home/david/Documents/RockBox_Personal-master/devsrc/nano-soh-runtime/Shipwright/soh/src/code/z_draw.c:193:78: note: (near initialization for 'sDrawItemTable[33].dlists[3]')
/home/david/Documents/RockBox_Personal-master/devsrc/nano-soh-runtime/Shipwright/soh/src/code/z_draw.c:194:9: warning: initialization of 'Gfx *' from incompatible pointer type 'const char *' [-Wincompatible-pointer-types]
  194 |         gGiAdultWalletStringColorDL, gGiWalletStringDL, gGiAdultWalletRupeeInnerColorDL, gGiWalletRupeeInnerDL } },
      |         ^~~~~~~~~~~~~~~~~~~~~~~~~~~
/home/david/Documents/RockBox_Personal-master/devsrc/nano-soh-runtime/Shipwright/soh/src/code/z_draw.c:194:9: note: (near initialization for 'sDrawItemTable[33].dlists[4]')
/home/david/Documents/RockBox_Personal-master/devsrc/nano-soh-runtime/Shipwright/soh/src/code/z_draw.c:194:38: warning: initialization of 'Gfx *' from incompatible pointer type 'const char *' [-Wincompatible-pointer-types]
  194 |         gGiAdultWalletStringColorDL, gGiWalletStringDL, gGiAdultWalletRupeeInnerColorDL, gGiWalletRupeeInnerDL } },
      |                                      ^~~~~~~~~~~~~~~~~
/home/david/Documents/RockBox_Personal-master/devsrc/nano-soh-runtime/Shipwright/soh/src/code/z_draw.c:194:38: note: (near initialization for 'sDrawItemTable[33].dlists[5]')
/home/david/Documents/RockBox_Personal-master/devsrc/nano-soh-runtime/Shipwright/soh/src/code/z_draw.c:194:57: warning: initialization of 'Gfx *' from incompatible pointer type 'const char *' [-Wincompatible-pointer-types]
  194 |         gGiAdultWalletStringColorDL, gGiWalletStringDL, gGiAdultWalletRupeeInnerColorDL, gGiWalletRupeeInnerDL } },
      |                                                         ^~~~~~~~~~~~~~~~~~~~~~~~~~~~~~~
/home/david/Documents/RockBox_Personal-master/devsrc/nano-soh-runtime/Shipwright/soh/src/code/z_draw.c:194:57: note: (near initialization for 'sDrawItemTable[33].dlists[6]')
/home/david/Documents/RockBox_Personal-master/devsrc/nano-soh-runtime/Shipwright/soh/src/code/z_draw.c:194:90: warning: initialization of 'Gfx *' from incompatible pointer type 'const char *' [-Wincompatible-pointer-types]
  194 |         gGiAdultWalletStringColorDL, gGiWalletStringDL, gGiAdultWalletRupeeInnerColorDL, gGiWalletRupeeInnerDL } },
      |                                                                                          ^~~~~~~~~~~~~~~~~~~~~
/home/david/Documents/RockBox_Personal-master/devsrc/nano-soh-runtime/Shipwright/soh/src/code/z_draw.c:194:90: note: (near initialization for 'sDrawItemTable[33].dlists[7]')
/home/david/Documents/RockBox_Personal-master/devsrc/nano-soh-runtime/Shipwright/soh/src/code/z_draw.c:197:9: warning: initialization of 'Gfx *' from incompatible pointer type 'const char *' [-Wincompatible-pointer-types]
  197 |       { gGiWalletDL, gGiGiantsWalletColorDL, gGiGiantsWalletRupeeOuterColorDL, gGiWalletRupeeOuterDL,
      |         ^~~~~~~~~~~
/home/david/Documents/RockBox_Personal-master/devsrc/nano-soh-runtime/Shipwright/soh/src/code/z_draw.c:197:9: note: (near initialization for 'sDrawItemTable[34].dlists[0]')
/home/david/Documents/RockBox_Personal-master/devsrc/nano-soh-runtime/Shipwright/soh/src/code/z_draw.c:197:22: warning: initialization of 'Gfx *' from incompatible pointer type 'const char *' [-Wincompatible-pointer-types]
  197 |       { gGiWalletDL, gGiGiantsWalletColorDL, gGiGiantsWalletRupeeOuterColorDL, gGiWalletRupeeOuterDL,
      |                      ^~~~~~~~~~~~~~~~~~~~~~
/home/david/Documents/RockBox_Personal-master/devsrc/nano-soh-runtime/Shipwright/soh/src/code/z_draw.c:197:22: note: (near initialization for 'sDrawItemTable[34].dlists[1]')
/home/david/Documents/RockBox_Personal-master/devsrc/nano-soh-runtime/Shipwright/soh/src/code/z_draw.c:197:46: warning: initialization of 'Gfx *' from incompatible pointer type 'const char *' [-Wincompatible-pointer-types]
  197 |       { gGiWalletDL, gGiGiantsWalletColorDL, gGiGiantsWalletRupeeOuterColorDL, gGiWalletRupeeOuterDL,
      |                                              ^~~~~~~~~~~~~~~~~~~~~~~~~~~~~~~~
/home/david/Documents/RockBox_Personal-master/devsrc/nano-soh-runtime/Shipwright/soh/src/code/z_draw.c:197:46: note: (near initialization for 'sDrawItemTable[34].dlists[2]')
/home/david/Documents/RockBox_Personal-master/devsrc/nano-soh-runtime/Shipwright/soh/src/code/z_draw.c:197:80: warning: initialization of 'Gfx *' from incompatible pointer type 'const char *' [-Wincompatible-pointer-types]
  197 |       { gGiWalletDL, gGiGiantsWalletColorDL, gGiGiantsWalletRupeeOuterColorDL, gGiWalletRupeeOuterDL,
      |                                                                                ^~~~~~~~~~~~~~~~~~~~~
/home/david/Documents/RockBox_Personal-master/devsrc/nano-soh-runtime/Shipwright/soh/src/code/z_draw.c:197:80: note: (near initialization for 'sDrawItemTable[34].dlists[3]')
/home/david/Documents/RockBox_Personal-master/devsrc/nano-soh-runtime/Shipwright/soh/src/code/z_draw.c:198:9: warning: initialization of 'Gfx *' from incompatible pointer type 'const char *' [-Wincompatible-pointer-types]
  198 |         gGiGiantsWalletStringColorDL, gGiWalletStringDL, gGiGiantsWalletRupeeInnerColorDL, gGiWalletRupeeInnerDL } },
      |         ^~~~~~~~~~~~~~~~~~~~~~~~~~~~
/home/david/Documents/RockBox_Personal-master/devsrc/nano-soh-runtime/Shipwright/soh/src/code/z_draw.c:198:9: note: (near initialization for 'sDrawItemTable[34].dlists[4]')
/home/david/Documents/RockBox_Personal-master/devsrc/nano-soh-runtime/Shipwright/soh/src/code/z_draw.c:198:39: warning: initialization of 'Gfx *' from incompatible pointer type 'const char *' [-Wincompatible-pointer-types]
  198 |         gGiGiantsWalletStringColorDL, gGiWalletStringDL, gGiGiantsWalletRupeeInnerColorDL, gGiWalletRupeeInnerDL } },
      |                                       ^~~~~~~~~~~~~~~~~
/home/david/Documents/RockBox_Personal-master/devsrc/nano-soh-runtime/Shipwright/soh/src/code/z_draw.c:198:39: note: (near initialization for 'sDrawItemTable[34].dlists[5]')
/home/david/Documents/RockBox_Personal-master/devsrc/nano-soh-runtime/Shipwright/soh/src/code/z_draw.c:198:58: warning: initialization of 'Gfx *' from incompatible pointer type 'const char *' [-Wincompatible-pointer-types]
  198 |         gGiGiantsWalletStringColorDL, gGiWalletStringDL, gGiGiantsWalletRupeeInnerColorDL, gGiWalletRupeeInnerDL } },
      |                                                          ^~~~~~~~~~~~~~~~~~~~~~~~~~~~~~~~
/home/david/Documents/RockBox_Personal-master/devsrc/nano-soh-runtime/Shipwright/soh/src/code/z_draw.c:198:58: note: (near initialization for 'sDrawItemTable[34].dlists[6]')
/home/david/Documents/RockBox_Personal-master/devsrc/nano-soh-runtime/Shipwright/soh/src/code/z_draw.c:198:92: warning: initialization of 'Gfx *' from incompatible pointer type 'const char *' [-Wincompatible-pointer-types]
  198 |         gGiGiantsWalletStringColorDL, gGiWalletStringDL, gGiGiantsWalletRupeeInnerColorDL, gGiWalletRupeeInnerDL } },
      |                                                                                            ^~~~~~~~~~~~~~~~~~~~~
/home/david/Documents/RockBox_Personal-master/devsrc/nano-soh-runtime/Shipwright/soh/src/code/z_draw.c:198:92: note: (near initialization for 'sDrawItemTable[34].dlists[7]')
/home/david/Documents/RockBox_Personal-master/devsrc/nano-soh-runtime/Shipwright/soh/src/code/z_draw.c:200:27: warning: initialization of 'Gfx *' from incompatible pointer type 'const char *' [-Wincompatible-pointer-types]
  200 |     { GetItem_DrawOpa0, { gGiGerudoCardDL } },
      |                           ^~~~~~~~~~~~~~~
/home/david/Documents/RockBox_Personal-master/devsrc/nano-soh-runtime/Shipwright/soh/src/code/z_draw.c:200:27: note: (near initialization for 'sDrawItemTable[35].dlists[0]')
/home/david/Documents/RockBox_Personal-master/devsrc/nano-soh-runtime/Shipwright/soh/src/code/z_draw.c:202:27: warning: initialization of 'Gfx *' from incompatible pointer type 'const char *' [-Wincompatible-pointer-types]
  202 |     { GetItem_DrawOpa0, { gGiArrowSmallDL } },
      |                           ^~~~~~~~~~~~~~~
/home/david/Documents/RockBox_Personal-master/devsrc/nano-soh-runtime/Shipwright/soh/src/code/z_draw.c:202:27: note: (near initialization for 'sDrawItemTable[36].dlists[0]')
/home/david/Documents/RockBox_Personal-master/devsrc/nano-soh-runtime/Shipwright/soh/src/code/z_draw.c:204:27: warning: initialization of 'Gfx *' from incompatible pointer type 'const char *' [-Wincompatible-pointer-types]
  204 |     { GetItem_DrawOpa0, { gGiArrowMediumDL } },
      |                           ^~~~~~~~~~~~~~~~
/home/david/Documents/RockBox_Personal-master/devsrc/nano-soh-runtime/Shipwright/soh/src/code/z_draw.c:204:27: note: (near initialization for 'sDrawItemTable[37].dlists[0]')
/home/david/Documents/RockBox_Personal-master/devsrc/nano-soh-runtime/Shipwright/soh/src/code/z_draw.c:206:27: warning: initialization of 'Gfx *' from incompatible pointer type 'const char *' [-Wincompatible-pointer-types]
  206 |     { GetItem_DrawOpa0, { gGiArrowLargeDL } },
      |                           ^~~~~~~~~~~~~~~
/home/david/Documents/RockBox_Personal-master/devsrc/nano-soh-runtime/Shipwright/soh/src/code/z_draw.c:206:27: note: (near initialization for 'sDrawItemTable[38].dlists[0]')
/home/david/Documents/RockBox_Personal-master/devsrc/nano-soh-runtime/Shipwright/soh/src/code/z_draw.c:208:36: warning: initialization of 'Gfx *' from incompatible pointer type 'const char *' [-Wincompatible-pointer-types]
  208 |     { GetItem_DrawMaskOrBombchu, { gGiBombchuDL } },
      |                                    ^~~~~~~~~~~~
/home/david/Documents/RockBox_Personal-master/devsrc/nano-soh-runtime/Shipwright/soh/src/code/z_draw.c:208:36: note: (near initialization for 'sDrawItemTable[39].dlists[0]')
/home/david/Documents/RockBox_Personal-master/devsrc/nano-soh-runtime/Shipwright/soh/src/code/z_draw.c:210:37: warning: initialization of 'Gfx *' from incompatible pointer type 'const char *' [-Wincompatible-pointer-types]
  210 |     { GetItem_DrawEggOrMedallion, { gGiEggMaterialDL, gGiEggDL } },
      |                                     ^~~~~~~~~~~~~~~~
/home/david/Documents/RockBox_Personal-master/devsrc/nano-soh-runtime/Shipwright/soh/src/code/z_draw.c:210:37: note: (near initialization for 'sDrawItemTable[40].dlists[0]')
/home/david/Documents/RockBox_Personal-master/devsrc/nano-soh-runtime/Shipwright/soh/src/code/z_draw.c:210:55: warning: initialization of 'Gfx *' from incompatible pointer type 'const char *' [-Wincompatible-pointer-types]
  210 |     { GetItem_DrawEggOrMedallion, { gGiEggMaterialDL, gGiEggDL } },
      |                                                       ^~~~~~~~
/home/david/Documents/RockBox_Personal-master/devsrc/nano-soh-runtime/Shipwright/soh/src/code/z_draw.c:210:55: note: (near initialization for 'sDrawItemTable[40].dlists[1]')
/home/david/Documents/RockBox_Personal-master/devsrc/nano-soh-runtime/Shipwright/soh/src/code/z_draw.c:212:28: warning: initialization of 'Gfx *' from incompatible pointer type 'const char *' [-Wincompatible-pointer-types]
  212 |     { GetItem_DrawScale, { gGiScaleWaterDL, gGiSilverScaleWaterColorDL, gGiSilverScaleColorDL, gGiScaleDL } },
      |                            ^~~~~~~~~~~~~~~
/home/david/Documents/RockBox_Personal-master/devsrc/nano-soh-runtime/Shipwright/soh/src/code/z_draw.c:212:28: note: (near initialization for 'sDrawItemTable[41].dlists[0]')
/home/david/Documents/RockBox_Personal-master/devsrc/nano-soh-runtime/Shipwright/soh/src/code/z_draw.c:212:45: warning: initialization of 'Gfx *' from incompatible pointer type 'const char *' [-Wincompatible-pointer-types]
  212 |     { GetItem_DrawScale, { gGiScaleWaterDL, gGiSilverScaleWaterColorDL, gGiSilverScaleColorDL, gGiScaleDL } },
      |                                             ^~~~~~~~~~~~~~~~~~~~~~~~~~
/home/david/Documents/RockBox_Personal-master/devsrc/nano-soh-runtime/Shipwright/soh/src/code/z_draw.c:212:45: note: (near initialization for 'sDrawItemTable[41].dlists[1]')
/home/david/Documents/RockBox_Personal-master/devsrc/nano-soh-runtime/Shipwright/soh/src/code/z_draw.c:212:73: warning: initialization of 'Gfx *' from incompatible pointer type 'const char *' [-Wincompatible-pointer-types]
  212 |     { GetItem_DrawScale, { gGiScaleWaterDL, gGiSilverScaleWaterColorDL, gGiSilverScaleColorDL, gGiScaleDL } },
      |                                                                         ^~~~~~~~~~~~~~~~~~~~~
/home/david/Documents/RockBox_Personal-master/devsrc/nano-soh-runtime/Shipwright/soh/src/code/z_draw.c:212:73: note: (near initialization for 'sDrawItemTable[41].dlists[2]')
/home/david/Documents/RockBox_Personal-master/devsrc/nano-soh-runtime/Shipwright/soh/src/code/z_draw.c:212:96: warning: initialization of 'Gfx *' from incompatible pointer type 'const char *' [-Wincompatible-pointer-types]
  212 |     { GetItem_DrawScale, { gGiScaleWaterDL, gGiSilverScaleWaterColorDL, gGiSilverScaleColorDL, gGiScaleDL } },
      |                                                                                                ^~~~~~~~~~
/home/david/Documents/RockBox_Personal-master/devsrc/nano-soh-runtime/Shipwright/soh/src/code/z_draw.c:212:96: note: (near initialization for 'sDrawItemTable[41].dlists[3]')
/home/david/Documents/RockBox_Personal-master/devsrc/nano-soh-runtime/Shipwright/soh/src/code/z_draw.c:214:28: warning: initialization of 'Gfx *' from incompatible pointer type 'const char *' [-Wincompatible-pointer-types]
  214 |     { GetItem_DrawScale, { gGiScaleWaterDL, gGiGoldenScaleWaterColorDL, gGiGoldenScaleColorDL, gGiScaleDL } },
      |                            ^~~~~~~~~~~~~~~
/home/david/Documents/RockBox_Personal-master/devsrc/nano-soh-runtime/Shipwright/soh/src/code/z_draw.c:214:28: note: (near initialization for 'sDrawItemTable[42].dlists[0]')
/home/david/Documents/RockBox_Personal-master/devsrc/nano-soh-runtime/Shipwright/soh/src/code/z_draw.c:214:45: warning: initialization of 'Gfx *' from incompatible pointer type 'const char *' [-Wincompatible-pointer-types]
  214 |     { GetItem_DrawScale, { gGiScaleWaterDL, gGiGoldenScaleWaterColorDL, gGiGoldenScaleColorDL, gGiScaleDL } },
      |                                             ^~~~~~~~~~~~~~~~~~~~~~~~~~
/home/david/Documents/RockBox_Personal-master/devsrc/nano-soh-runtime/Shipwright/soh/src/code/z_draw.c:214:45: note: (near initialization for 'sDrawItemTable[42].dlists[1]')
/home/david/Documents/RockBox_Personal-master/devsrc/nano-soh-runtime/Shipwright/soh/src/code/z_draw.c:214:73: warning: initialization of 'Gfx *' from incompatible pointer type 'const char *' [-Wincompatible-pointer-types]
  214 |     { GetItem_DrawScale, { gGiScaleWaterDL, gGiGoldenScaleWaterColorDL, gGiGoldenScaleColorDL, gGiScaleDL } },
      |                                                                         ^~~~~~~~~~~~~~~~~~~~~
/home/david/Documents/RockBox_Personal-master/devsrc/nano-soh-runtime/Shipwright/soh/src/code/z_draw.c:214:73: note: (near initialization for 'sDrawItemTable[42].dlists[2]')
/home/david/Documents/RockBox_Personal-master/devsrc/nano-soh-runtime/Shipwright/soh/src/code/z_draw.c:214:96: warning: initialization of 'Gfx *' from incompatible pointer type 'const char *' [-Wincompatible-pointer-types]
  214 |     { GetItem_DrawScale, { gGiScaleWaterDL, gGiGoldenScaleWaterColorDL, gGiGoldenScaleColorDL, gGiScaleDL } },
      |                                                                                                ^~~~~~~~~~
/home/david/Documents/RockBox_Personal-master/devsrc/nano-soh-runtime/Shipwright/soh/src/code/z_draw.c:214:96: note: (near initialization for 'sDrawItemTable[42].dlists[3]')
/home/david/Documents/RockBox_Personal-master/devsrc/nano-soh-runtime/Shipwright/soh/src/code/z_draw.c:216:27: warning: initialization of 'Gfx *' from incompatible pointer type 'const char *' [-Wincompatible-pointer-types]
  216 |     { GetItem_DrawOpa0, { gGiHylianShieldDL } },
      |                           ^~~~~~~~~~~~~~~~~
/home/david/Documents/RockBox_Personal-master/devsrc/nano-soh-runtime/Shipwright/soh/src/code/z_draw.c:216:27: note: (near initialization for 'sDrawItemTable[43].dlists[0]')
/home/david/Documents/RockBox_Personal-master/devsrc/nano-soh-runtime/Shipwright/soh/src/code/z_draw.c:218:27: warning: initialization of 'Gfx *' from incompatible pointer type 'const char *' [-Wincompatible-pointer-types]
  218 |     { GetItem_DrawOpa0, { gGiHookshotDL } },
      |                           ^~~~~~~~~~~~~
/home/david/Documents/RockBox_Personal-master/devsrc/nano-soh-runtime/Shipwright/soh/src/code/z_draw.c:218:27: note: (near initialization for 'sDrawItemTable[44].dlists[0]')
/home/david/Documents/RockBox_Personal-master/devsrc/nano-soh-runtime/Shipwright/soh/src/code/z_draw.c:220:27: warning: initialization of 'Gfx *' from incompatible pointer type 'const char *' [-Wincompatible-pointer-types]
  220 |     { GetItem_DrawOpa0, { gGiLongshotDL } },
      |                           ^~~~~~~~~~~~~
/home/david/Documents/RockBox_Personal-master/devsrc/nano-soh-runtime/Shipwright/soh/src/code/z_draw.c:220:27: note: (near initialization for 'sDrawItemTable[45].dlists[0]')
/home/david/Documents/RockBox_Personal-master/devsrc/nano-soh-runtime/Shipwright/soh/src/code/z_draw.c:222:31: warning: initialization of 'Gfx *' from incompatible pointer type 'const char *' [-Wincompatible-pointer-types]
  222 |     { GetItem_DrawOpa0Xlu1, { gGiOcarinaTimeDL, gGiOcarinaTimeHolesDL } },
      |                               ^~~~~~~~~~~~~~~~
/home/david/Documents/RockBox_Personal-master/devsrc/nano-soh-runtime/Shipwright/soh/src/code/z_draw.c:222:31: note: (near initialization for 'sDrawItemTable[46].dlists[0]')
/home/david/Documents/RockBox_Personal-master/devsrc/nano-soh-runtime/Shipwright/soh/src/code/z_draw.c:222:49: warning: initialization of 'Gfx *' from incompatible pointer type 'const char *' [-Wincompatible-pointer-types]
  222 |     { GetItem_DrawOpa0Xlu1, { gGiOcarinaTimeDL, gGiOcarinaTimeHolesDL } },
      |                                                 ^~~~~~~~~~~~~~~~~~~~~
/home/david/Documents/RockBox_Personal-master/devsrc/nano-soh-runtime/Shipwright/soh/src/code/z_draw.c:222:49: note: (near initialization for 'sDrawItemTable[46].dlists[1]')
/home/david/Documents/RockBox_Personal-master/devsrc/nano-soh-runtime/Shipwright/soh/src/code/z_draw.c:224:31: warning: initialization of 'Gfx *' from incompatible pointer type 'const char *' [-Wincompatible-pointer-types]
  224 |     { GetItem_DrawOpa0Xlu1, { gGiMilkBottleContentsDL, gGiMilkBottleDL } },
      |                               ^~~~~~~~~~~~~~~~~~~~~~~
/home/david/Documents/RockBox_Personal-master/devsrc/nano-soh-runtime/Shipwright/soh/src/code/z_draw.c:224:31: note: (near initialization for 'sDrawItemTable[47].dlists[0]')
/home/david/Documents/RockBox_Personal-master/devsrc/nano-soh-runtime/Shipwright/soh/src/code/z_draw.c:224:56: warning: initialization of 'Gfx *' from incompatible pointer type 'const char *' [-Wincompatible-pointer-types]
  224 |     { GetItem_DrawOpa0Xlu1, { gGiMilkBottleContentsDL, gGiMilkBottleDL } },
      |                                                        ^~~~~~~~~~~~~~~
/home/david/Documents/RockBox_Personal-master/devsrc/nano-soh-runtime/Shipwright/soh/src/code/z_draw.c:224:56: note: (near initialization for 'sDrawItemTable[47].dlists[1]')
/home/david/Documents/RockBox_Personal-master/devsrc/nano-soh-runtime/Shipwright/soh/src/code/z_draw.c:226:31: warning: initialization of 'Gfx *' from incompatible pointer type 'const char *' [-Wincompatible-pointer-types]
  226 |     { GetItem_DrawOpa0Xlu1, { gGiKeatonMaskDL, gGiKeatonMaskEyesDL } },
      |                               ^~~~~~~~~~~~~~~
/home/david/Documents/RockBox_Personal-master/devsrc/nano-soh-runtime/Shipwright/soh/src/code/z_draw.c:226:31: note: (near initialization for 'sDrawItemTable[48].dlists[0]')
/home/david/Documents/RockBox_Personal-master/devsrc/nano-soh-runtime/Shipwright/soh/src/code/z_draw.c:226:48: warning: initialization of 'Gfx *' from incompatible pointer type 'const char *' [-Wincompatible-pointer-types]
  226 |     { GetItem_DrawOpa0Xlu1, { gGiKeatonMaskDL, gGiKeatonMaskEyesDL } },
      |                                                ^~~~~~~~~~~~~~~~~~~
/home/david/Documents/RockBox_Personal-master/devsrc/nano-soh-runtime/Shipwright/soh/src/code/z_draw.c:226:48: note: (near initialization for 'sDrawItemTable[48].dlists[1]')
/home/david/Documents/RockBox_Personal-master/devsrc/nano-soh-runtime/Shipwright/soh/src/code/z_draw.c:228:27: warning: initialization of 'Gfx *' from incompatible pointer type 'const char *' [-Wincompatible-pointer-types]
  228 |     { GetItem_DrawOpa0, { gGiSpookyMaskDL } },
      |                           ^~~~~~~~~~~~~~~
/home/david/Documents/RockBox_Personal-master/devsrc/nano-soh-runtime/Shipwright/soh/src/code/z_draw.c:228:27: note: (near initialization for 'sDrawItemTable[49].dlists[0]')
/home/david/Documents/RockBox_Personal-master/devsrc/nano-soh-runtime/Shipwright/soh/src/code/z_draw.c:230:27: warning: initialization of 'Gfx *' from incompatible pointer type 'const char *' [-Wincompatible-pointer-types]
  230 |     { GetItem_DrawOpa0, { gGiSlingshotDL } },
      |                           ^~~~~~~~~~~~~~
/home/david/Documents/RockBox_Personal-master/devsrc/nano-soh-runtime/Shipwright/soh/src/code/z_draw.c:230:27: note: (near initialization for 'sDrawItemTable[50].dlists[0]')
/home/david/Documents/RockBox_Personal-master/devsrc/nano-soh-runtime/Shipwright/soh/src/code/z_draw.c:232:27: warning: initialization of 'Gfx *' from incompatible pointer type 'const char *' [-Wincompatible-pointer-types]
  232 |     { GetItem_DrawOpa0, { gGiBoomerangDL } },
      |                           ^~~~~~~~~~~~~~
/home/david/Documents/RockBox_Personal-master/devsrc/nano-soh-runtime/Shipwright/soh/src/code/z_draw.c:232:27: note: (near initialization for 'sDrawItemTable[51].dlists[0]')
/home/david/Documents/RockBox_Personal-master/devsrc/nano-soh-runtime/Shipwright/soh/src/code/z_draw.c:234:27: warning: initialization of 'Gfx *' from incompatible pointer type 'const char *' [-Wincompatible-pointer-types]
  234 |     { GetItem_DrawOpa0, { gGiBowDL } },
      |                           ^~~~~~~~
/home/david/Documents/RockBox_Personal-master/devsrc/nano-soh-runtime/Shipwright/soh/src/code/z_draw.c:234:27: note: (near initialization for 'sDrawItemTable[52].dlists[0]')
/home/david/Documents/RockBox_Personal-master/devsrc/nano-soh-runtime/Shipwright/soh/src/code/z_draw.c:236:31: warning: initialization of 'Gfx *' from incompatible pointer type 'const char *' [-Wincompatible-pointer-types]
  236 |     { GetItem_DrawOpa0Xlu1, { gGiLensDL, gGiLensGlassDL } },
      |                               ^~~~~~~~~
/home/david/Documents/RockBox_Personal-master/devsrc/nano-soh-runtime/Shipwright/soh/src/code/z_draw.c:236:31: note: (near initialization for 'sDrawItemTable[53].dlists[0]')
/home/david/Documents/RockBox_Personal-master/devsrc/nano-soh-runtime/Shipwright/soh/src/code/z_draw.c:236:42: warning: initialization of 'Gfx *' from incompatible pointer type 'const char *' [-Wincompatible-pointer-types]
  236 |     { GetItem_DrawOpa0Xlu1, { gGiLensDL, gGiLensGlassDL } },
      |                                          ^~~~~~~~~~~~~~
/home/david/Documents/RockBox_Personal-master/devsrc/nano-soh-runtime/Shipwright/soh/src/code/z_draw.c:236:42: note: (near initialization for 'sDrawItemTable[53].dlists[1]')
/home/david/Documents/RockBox_Personal-master/devsrc/nano-soh-runtime/Shipwright/soh/src/code/z_draw.c:239:9: warning: initialization of 'Gfx *' from incompatible pointer type 'const char *' [-Wincompatible-pointer-types]
  239 |       { gGiPotionPotDL, gGiGreenPotColorDL, gGiGreenLiquidColorDL, gGiPotionLiquidDL, gGiGreenPatternColorDL,
      |         ^~~~~~~~~~~~~~
/home/david/Documents/RockBox_Personal-master/devsrc/nano-soh-runtime/Shipwright/soh/src/code/z_draw.c:239:9: note: (near initialization for 'sDrawItemTable[54].dlists[0]')
/home/david/Documents/RockBox_Personal-master/devsrc/nano-soh-runtime/Shipwright/soh/src/code/z_draw.c:239:25: warning: initialization of 'Gfx *' from incompatible pointer type 'const char *' [-Wincompatible-pointer-types]
  239 |       { gGiPotionPotDL, gGiGreenPotColorDL, gGiGreenLiquidColorDL, gGiPotionLiquidDL, gGiGreenPatternColorDL,
      |                         ^~~~~~~~~~~~~~~~~~
/home/david/Documents/RockBox_Personal-master/devsrc/nano-soh-runtime/Shipwright/soh/src/code/z_draw.c:239:25: note: (near initialization for 'sDrawItemTable[54].dlists[1]')
/home/david/Documents/RockBox_Personal-master/devsrc/nano-soh-runtime/Shipwright/soh/src/code/z_draw.c:239:45: warning: initialization of 'Gfx *' from incompatible pointer type 'const char *' [-Wincompatible-pointer-types]
  239 |       { gGiPotionPotDL, gGiGreenPotColorDL, gGiGreenLiquidColorDL, gGiPotionLiquidDL, gGiGreenPatternColorDL,
      |                                             ^~~~~~~~~~~~~~~~~~~~~
/home/david/Documents/RockBox_Personal-master/devsrc/nano-soh-runtime/Shipwright/soh/src/code/z_draw.c:239:45: note: (near initialization for 'sDrawItemTable[54].dlists[2]')
/home/david/Documents/RockBox_Personal-master/devsrc/nano-soh-runtime/Shipwright/soh/src/code/z_draw.c:239:68: warning: initialization of 'Gfx *' from incompatible pointer type 'const char *' [-Wincompatible-pointer-types]
  239 |       { gGiPotionPotDL, gGiGreenPotColorDL, gGiGreenLiquidColorDL, gGiPotionLiquidDL, gGiGreenPatternColorDL,
      |                                                                    ^~~~~~~~~~~~~~~~~
/home/david/Documents/RockBox_Personal-master/devsrc/nano-soh-runtime/Shipwright/soh/src/code/z_draw.c:239:68: note: (near initialization for 'sDrawItemTable[54].dlists[3]')
/home/david/Documents/RockBox_Personal-master/devsrc/nano-soh-runtime/Shipwright/soh/src/code/z_draw.c:239:87: warning: initialization of 'Gfx *' from incompatible pointer type 'const char *' [-Wincompatible-pointer-types]
  239 |       { gGiPotionPotDL, gGiGreenPotColorDL, gGiGreenLiquidColorDL, gGiPotionLiquidDL, gGiGreenPatternColorDL,
      |                                                                                       ^~~~~~~~~~~~~~~~~~~~~~
/home/david/Documents/RockBox_Personal-master/devsrc/nano-soh-runtime/Shipwright/soh/src/code/z_draw.c:239:87: note: (near initialization for 'sDrawItemTable[54].dlists[4]')
/home/david/Documents/RockBox_Personal-master/devsrc/nano-soh-runtime/Shipwright/soh/src/code/z_draw.c:240:9: warning: initialization of 'Gfx *' from incompatible pointer type 'const char *' [-Wincompatible-pointer-types]
  240 |         gGiPotionPatternDL } },
      |         ^~~~~~~~~~~~~~~~~~
/home/david/Documents/RockBox_Personal-master/devsrc/nano-soh-runtime/Shipwright/soh/src/code/z_draw.c:240:9: note: (near initialization for 'sDrawItemTable[54].dlists[5]')
/home/david/Documents/RockBox_Personal-master/devsrc/nano-soh-runtime/Shipwright/soh/src/code/z_draw.c:243:9: warning: initialization of 'Gfx *' from incompatible pointer type 'const char *' [-Wincompatible-pointer-types]
  243 |       { gGiPotionPotDL, gGiRedPotColorDL, gGiRedLiquidColorDL, gGiPotionLiquidDL, gGiRedPatternColorDL,
      |         ^~~~~~~~~~~~~~
/home/david/Documents/RockBox_Personal-master/devsrc/nano-soh-runtime/Shipwright/soh/src/code/z_draw.c:243:9: note: (near initialization for 'sDrawItemTable[55].dlists[0]')
/home/david/Documents/RockBox_Personal-master/devsrc/nano-soh-runtime/Shipwright/soh/src/code/z_draw.c:243:25: warning: initialization of 'Gfx *' from incompatible pointer type 'const char *' [-Wincompatible-pointer-types]
  243 |       { gGiPotionPotDL, gGiRedPotColorDL, gGiRedLiquidColorDL, gGiPotionLiquidDL, gGiRedPatternColorDL,
      |                         ^~~~~~~~~~~~~~~~
/home/david/Documents/RockBox_Personal-master/devsrc/nano-soh-runtime/Shipwright/soh/src/code/z_draw.c:243:25: note: (near initialization for 'sDrawItemTable[55].dlists[1]')
/home/david/Documents/RockBox_Personal-master/devsrc/nano-soh-runtime/Shipwright/soh/src/code/z_draw.c:243:43: warning: initialization of 'Gfx *' from incompatible pointer type 'const char *' [-Wincompatible-pointer-types]
  243 |       { gGiPotionPotDL, gGiRedPotColorDL, gGiRedLiquidColorDL, gGiPotionLiquidDL, gGiRedPatternColorDL,
      |                                           ^~~~~~~~~~~~~~~~~~~
/home/david/Documents/RockBox_Personal-master/devsrc/nano-soh-runtime/Shipwright/soh/src/code/z_draw.c:243:43: note: (near initialization for 'sDrawItemTable[55].dlists[2]')
/home/david/Documents/RockBox_Personal-master/devsrc/nano-soh-runtime/Shipwright/soh/src/code/z_draw.c:243:64: warning: initialization of 'Gfx *' from incompatible pointer type 'const char *' [-Wincompatible-pointer-types]
  243 |       { gGiPotionPotDL, gGiRedPotColorDL, gGiRedLiquidColorDL, gGiPotionLiquidDL, gGiRedPatternColorDL,
      |                                                                ^~~~~~~~~~~~~~~~~
/home/david/Documents/RockBox_Personal-master/devsrc/nano-soh-runtime/Shipwright/soh/src/code/z_draw.c:243:64: note: (near initialization for 'sDrawItemTable[55].dlists[3]')
/home/david/Documents/RockBox_Personal-master/devsrc/nano-soh-runtime/Shipwright/soh/src/code/z_draw.c:243:83: warning: initialization of 'Gfx *' from incompatible pointer type 'const char *' [-Wincompatible-pointer-types]
  243 |       { gGiPotionPotDL, gGiRedPotColorDL, gGiRedLiquidColorDL, gGiPotionLiquidDL, gGiRedPatternColorDL,
      |                                                                                   ^~~~~~~~~~~~~~~~~~~~
/home/david/Documents/RockBox_Personal-master/devsrc/nano-soh-runtime/Shipwright/soh/src/code/z_draw.c:243:83: note: (near initialization for 'sDrawItemTable[55].dlists[4]')
/home/david/Documents/RockBox_Personal-master/devsrc/nano-soh-runtime/Shipwright/soh/src/code/z_draw.c:244:9: warning: initialization of 'Gfx *' from incompatible pointer type 'const char *' [-Wincompatible-pointer-types]
  244 |         gGiPotionPatternDL } },
      |         ^~~~~~~~~~~~~~~~~~
/home/david/Documents/RockBox_Personal-master/devsrc/nano-soh-runtime/Shipwright/soh/src/code/z_draw.c:244:9: note: (near initialization for 'sDrawItemTable[55].dlists[5]')
/home/david/Documents/RockBox_Personal-master/devsrc/nano-soh-runtime/Shipwright/soh/src/code/z_draw.c:247:9: warning: initialization of 'Gfx *' from incompatible pointer type 'const char *' [-Wincompatible-pointer-types]
  247 |       { gGiPotionPotDL, gGiBluePotColorDL, gGiBlueLiquidColorDL, gGiPotionLiquidDL, gGiBluePatternColorDL,
      |         ^~~~~~~~~~~~~~
/home/david/Documents/RockBox_Personal-master/devsrc/nano-soh-runtime/Shipwright/soh/src/code/z_draw.c:247:9: note: (near initialization for 'sDrawItemTable[56].dlists[0]')
/home/david/Documents/RockBox_Personal-master/devsrc/nano-soh-runtime/Shipwright/soh/src/code/z_draw.c:247:25: warning: initialization of 'Gfx *' from incompatible pointer type 'const char *' [-Wincompatible-pointer-types]
  247 |       { gGiPotionPotDL, gGiBluePotColorDL, gGiBlueLiquidColorDL, gGiPotionLiquidDL, gGiBluePatternColorDL,
      |                         ^~~~~~~~~~~~~~~~~
/home/david/Documents/RockBox_Personal-master/devsrc/nano-soh-runtime/Shipwright/soh/src/code/z_draw.c:247:25: note: (near initialization for 'sDrawItemTable[56].dlists[1]')
/home/david/Documents/RockBox_Personal-master/devsrc/nano-soh-runtime/Shipwright/soh/src/code/z_draw.c:247:44: warning: initialization of 'Gfx *' from incompatible pointer type 'const char *' [-Wincompatible-pointer-types]
  247 |       { gGiPotionPotDL, gGiBluePotColorDL, gGiBlueLiquidColorDL, gGiPotionLiquidDL, gGiBluePatternColorDL,
      |                                            ^~~~~~~~~~~~~~~~~~~~
/home/david/Documents/RockBox_Personal-master/devsrc/nano-soh-runtime/Shipwright/soh/src/code/z_draw.c:247:44: note: (near initialization for 'sDrawItemTable[56].dlists[2]')
/home/david/Documents/RockBox_Personal-master/devsrc/nano-soh-runtime/Shipwright/soh/src/code/z_draw.c:247:66: warning: initialization of 'Gfx *' from incompatible pointer type 'const char *' [-Wincompatible-pointer-types]
  247 |       { gGiPotionPotDL, gGiBluePotColorDL, gGiBlueLiquidColorDL, gGiPotionLiquidDL, gGiBluePatternColorDL,
      |                                                                  ^~~~~~~~~~~~~~~~~
/home/david/Documents/RockBox_Personal-master/devsrc/nano-soh-runtime/Shipwright/soh/src/code/z_draw.c:247:66: note: (near initialization for 'sDrawItemTable[56].dlists[3]')
/home/david/Documents/RockBox_Personal-master/devsrc/nano-soh-runtime/Shipwright/soh/src/code/z_draw.c:247:85: warning: initialization of 'Gfx *' from incompatible pointer type 'const char *' [-Wincompatible-pointer-types]
  247 |       { gGiPotionPotDL, gGiBluePotColorDL, gGiBlueLiquidColorDL, gGiPotionLiquidDL, gGiBluePatternColorDL,
      |                                                                                     ^~~~~~~~~~~~~~~~~~~~~
/home/david/Documents/RockBox_Personal-master/devsrc/nano-soh-runtime/Shipwright/soh/src/code/z_draw.c:247:85: note: (near initialization for 'sDrawItemTable[56].dlists[4]')
/home/david/Documents/RockBox_Personal-master/devsrc/nano-soh-runtime/Shipwright/soh/src/code/z_draw.c:248:9: warning: initialization of 'Gfx *' from incompatible pointer type 'const char *' [-Wincompatible-pointer-types]
  248 |         gGiPotionPatternDL } },
      |         ^~~~~~~~~~~~~~~~~~
/home/david/Documents/RockBox_Personal-master/devsrc/nano-soh-runtime/Shipwright/soh/src/code/z_draw.c:248:9: note: (near initialization for 'sDrawItemTable[56].dlists[5]')
/home/david/Documents/RockBox_Personal-master/devsrc/nano-soh-runtime/Shipwright/soh/src/code/z_draw.c:250:35: warning: initialization of 'Gfx *' from incompatible pointer type 'const char *' [-Wincompatible-pointer-types]
  250 |     { GetItem_DrawMirrorShield, { gGiMirrorShieldDL, gGiMirrorShieldSymbolDL } },
      |                                   ^~~~~~~~~~~~~~~~~
/home/david/Documents/RockBox_Personal-master/devsrc/nano-soh-runtime/Shipwright/soh/src/code/z_draw.c:250:35: note: (near initialization for 'sDrawItemTable[57].dlists[0]')
/home/david/Documents/RockBox_Personal-master/devsrc/nano-soh-runtime/Shipwright/soh/src/code/z_draw.c:250:54: warning: initialization of 'Gfx *' from incompatible pointer type 'const char *' [-Wincompatible-pointer-types]
  250 |     { GetItem_DrawMirrorShield, { gGiMirrorShieldDL, gGiMirrorShieldSymbolDL } },
      |                                                      ^~~~~~~~~~~~~~~~~~~~~~~
/home/david/Documents/RockBox_Personal-master/devsrc/nano-soh-runtime/Shipwright/soh/src/code/z_draw.c:250:54: note: (near initialization for 'sDrawItemTable[57].dlists[1]')
/home/david/Documents/RockBox_Personal-master/devsrc/nano-soh-runtime/Shipwright/soh/src/code/z_draw.c:252:31: warning: initialization of 'Gfx *' from incompatible pointer type 'const char *' [-Wincompatible-pointer-types]
  252 |     { GetItem_DrawOpa0Xlu1, { gGiLetterDL, gGiLetterWritingDL } },
      |                               ^~~~~~~~~~~
/home/david/Documents/RockBox_Personal-master/devsrc/nano-soh-runtime/Shipwright/soh/src/code/z_draw.c:252:31: note: (near initialization for 'sDrawItemTable[58].dlists[0]')
/home/david/Documents/RockBox_Personal-master/devsrc/nano-soh-runtime/Shipwright/soh/src/code/z_draw.c:252:44: warning: initialization of 'Gfx *' from incompatible pointer type 'const char *' [-Wincompatible-pointer-types]
  252 |     { GetItem_DrawOpa0Xlu1, { gGiLetterDL, gGiLetterWritingDL } },
      |                                            ^~~~~~~~~~~~~~~~~~
/home/david/Documents/RockBox_Personal-master/devsrc/nano-soh-runtime/Shipwright/soh/src/code/z_draw.c:252:44: note: (near initialization for 'sDrawItemTable[58].dlists[1]')
/home/david/Documents/RockBox_Personal-master/devsrc/nano-soh-runtime/Shipwright/soh/src/code/z_draw.c:254:30: warning: initialization of 'Gfx *' from incompatible pointer type 'const char *' [-Wincompatible-pointer-types]
  254 |     { GetItem_DrawOpa1023, { gGiTunicCollarDL, gGiGoronCollarColorDL, gGiGoronTunicColorDL, gGiTunicDL } },
      |                              ^~~~~~~~~~~~~~~~
/home/david/Documents/RockBox_Personal-master/devsrc/nano-soh-runtime/Shipwright/soh/src/code/z_draw.c:254:30: note: (near initialization for 'sDrawItemTable[59].dlists[0]')
/home/david/Documents/RockBox_Personal-master/devsrc/nano-soh-runtime/Shipwright/soh/src/code/z_draw.c:254:48: warning: initialization of 'Gfx *' from incompatible pointer type 'const char *' [-Wincompatible-pointer-types]
  254 |     { GetItem_DrawOpa1023, { gGiTunicCollarDL, gGiGoronCollarColorDL, gGiGoronTunicColorDL, gGiTunicDL } },
      |                                                ^~~~~~~~~~~~~~~~~~~~~
/home/david/Documents/RockBox_Personal-master/devsrc/nano-soh-runtime/Shipwright/soh/src/code/z_draw.c:254:48: note: (near initialization for 'sDrawItemTable[59].dlists[1]')
/home/david/Documents/RockBox_Personal-master/devsrc/nano-soh-runtime/Shipwright/soh/src/code/z_draw.c:254:71: warning: initialization of 'Gfx *' from incompatible pointer type 'const char *' [-Wincompatible-pointer-types]
  254 |     { GetItem_DrawOpa1023, { gGiTunicCollarDL, gGiGoronCollarColorDL, gGiGoronTunicColorDL, gGiTunicDL } },
      |                                                                       ^~~~~~~~~~~~~~~~~~~~
/home/david/Documents/RockBox_Personal-master/devsrc/nano-soh-runtime/Shipwright/soh/src/code/z_draw.c:254:71: note: (near initialization for 'sDrawItemTable[59].dlists[2]')
/home/david/Documents/RockBox_Personal-master/devsrc/nano-soh-runtime/Shipwright/soh/src/code/z_draw.c:254:93: warning: initialization of 'Gfx *' from incompatible pointer type 'const char *' [-Wincompatible-pointer-types]
  254 |     { GetItem_DrawOpa1023, { gGiTunicCollarDL, gGiGoronCollarColorDL, gGiGoronTunicColorDL, gGiTunicDL } },
      |                                                                                             ^~~~~~~~~~
/home/david/Documents/RockBox_Personal-master/devsrc/nano-soh-runtime/Shipwright/soh/src/code/z_draw.c:254:93: note: (near initialization for 'sDrawItemTable[59].dlists[3]')
/home/david/Documents/RockBox_Personal-master/devsrc/nano-soh-runtime/Shipwright/soh/src/code/z_draw.c:256:30: warning: initialization of 'Gfx *' from incompatible pointer type 'const char *' [-Wincompatible-pointer-types]
  256 |     { GetItem_DrawOpa1023, { gGiTunicCollarDL, gGiZoraCollarColorDL, gGiZoraTunicColorDL, gGiTunicDL } },
      |                              ^~~~~~~~~~~~~~~~
/home/david/Documents/RockBox_Personal-master/devsrc/nano-soh-runtime/Shipwright/soh/src/code/z_draw.c:256:30: note: (near initialization for 'sDrawItemTable[60].dlists[0]')
/home/david/Documents/RockBox_Personal-master/devsrc/nano-soh-runtime/Shipwright/soh/src/code/z_draw.c:256:48: warning: initialization of 'Gfx *' from incompatible pointer type 'const char *' [-Wincompatible-pointer-types]
  256 |     { GetItem_DrawOpa1023, { gGiTunicCollarDL, gGiZoraCollarColorDL, gGiZoraTunicColorDL, gGiTunicDL } },
      |                                                ^~~~~~~~~~~~~~~~~~~~
/home/david/Documents/RockBox_Personal-master/devsrc/nano-soh-runtime/Shipwright/soh/src/code/z_draw.c:256:48: note: (near initialization for 'sDrawItemTable[60].dlists[1]')
/home/david/Documents/RockBox_Personal-master/devsrc/nano-soh-runtime/Shipwright/soh/src/code/z_draw.c:256:70: warning: initialization of 'Gfx *' from incompatible pointer type 'const char *' [-Wincompatible-pointer-types]
  256 |     { GetItem_DrawOpa1023, { gGiTunicCollarDL, gGiZoraCollarColorDL, gGiZoraTunicColorDL, gGiTunicDL } },
      |                                                                      ^~~~~~~~~~~~~~~~~~~
/home/david/Documents/RockBox_Personal-master/devsrc/nano-soh-runtime/Shipwright/soh/src/code/z_draw.c:256:70: note: (near initialization for 'sDrawItemTable[60].dlists[2]')
/home/david/Documents/RockBox_Personal-master/devsrc/nano-soh-runtime/Shipwright/soh/src/code/z_draw.c:256:91: warning: initialization of 'Gfx *' from incompatible pointer type 'const char *' [-Wincompatible-pointer-types]
  256 |     { GetItem_DrawOpa1023, { gGiTunicCollarDL, gGiZoraCollarColorDL, gGiZoraTunicColorDL, gGiTunicDL } },
      |                                                                                           ^~~~~~~~~~
/home/david/Documents/RockBox_Personal-master/devsrc/nano-soh-runtime/Shipwright/soh/src/code/z_draw.c:256:91: note: (near initialization for 'sDrawItemTable[60].dlists[3]')
/home/david/Documents/RockBox_Personal-master/devsrc/nano-soh-runtime/Shipwright/soh/src/code/z_draw.c:258:27: warning: initialization of 'Gfx *' from incompatible pointer type 'const char *' [-Wincompatible-pointer-types]
  258 |     { GetItem_DrawOpa0, { gGiBeanDL } },
      |                           ^~~~~~~~~
/home/david/Documents/RockBox_Personal-master/devsrc/nano-soh-runtime/Shipwright/soh/src/code/z_draw.c:258:27: note: (near initialization for 'sDrawItemTable[61].dlists[0]')
/home/david/Documents/RockBox_Personal-master/devsrc/nano-soh-runtime/Shipwright/soh/src/code/z_draw.c:260:27: warning: initialization of 'Gfx *' from incompatible pointer type 'const char *' [-Wincompatible-pointer-types]
  260 |     { GetItem_DrawFish, { gGiFishDL } },
      |                           ^~~~~~~~~
/home/david/Documents/RockBox_Personal-master/devsrc/nano-soh-runtime/Shipwright/soh/src/code/z_draw.c:260:27: note: (near initialization for 'sDrawItemTable[62].dlists[0]')
/home/david/Documents/RockBox_Personal-master/devsrc/nano-soh-runtime/Shipwright/soh/src/code/z_draw.c:262:27: warning: initialization of 'Gfx *' from incompatible pointer type 'const char *' [-Wincompatible-pointer-types]
  262 |     { GetItem_DrawOpa0, { gGiSawDL } },
      |                           ^~~~~~~~
/home/david/Documents/RockBox_Personal-master/devsrc/nano-soh-runtime/Shipwright/soh/src/code/z_draw.c:262:27: note: (near initialization for 'sDrawItemTable[63].dlists[0]')
/home/david/Documents/RockBox_Personal-master/devsrc/nano-soh-runtime/Shipwright/soh/src/code/z_draw.c:264:27: warning: initialization of 'Gfx *' from incompatible pointer type 'const char *' [-Wincompatible-pointer-types]
  264 |     { GetItem_DrawOpa0, { gGiHammerDL } },
      |                           ^~~~~~~~~~~
/home/david/Documents/RockBox_Personal-master/devsrc/nano-soh-runtime/Shipwright/soh/src/code/z_draw.c:264:27: note: (near initialization for 'sDrawItemTable[64].dlists[0]')
/home/david/Documents/RockBox_Personal-master/devsrc/nano-soh-runtime/Shipwright/soh/src/code/z_draw.c:266:27: warning: initialization of 'Gfx *' from incompatible pointer type 'const char *' [-Wincompatible-pointer-types]
  266 |     { GetItem_DrawOpa0, { gGiGrassDL } },
      |                           ^~~~~~~~~~
/home/david/Documents/RockBox_Personal-master/devsrc/nano-soh-runtime/Shipwright/soh/src/code/z_draw.c:266:27: note: (near initialization for 'sDrawItemTable[65].dlists[0]')
/home/david/Documents/RockBox_Personal-master/devsrc/nano-soh-runtime/Shipwright/soh/src/code/z_draw.c:268:33: warning: initialization of 'Gfx *' from incompatible pointer type 'const char *' [-Wincompatible-pointer-types]
  268 |     { GetItem_DrawGoronSword, { gGiBiggoronSwordDL } },
      |                                 ^~~~~~~~~~~~~~~~~~
/home/david/Documents/RockBox_Personal-master/devsrc/nano-soh-runtime/Shipwright/soh/src/code/z_draw.c:268:33: note: (near initialization for 'sDrawItemTable[66].dlists[0]')
/home/david/Documents/RockBox_Personal-master/devsrc/nano-soh-runtime/Shipwright/soh/src/code/z_draw.c:270:32: warning: initialization of 'Gfx *' from incompatible pointer type 'const char *' [-Wincompatible-pointer-types]
  270 |     { GetItem_DrawOpa10Xlu2, { gGiChickenDL, gGiChickenColorDL, gGiChickenEyesDL } },
      |                                ^~~~~~~~~~~~
/home/david/Documents/RockBox_Personal-master/devsrc/nano-soh-runtime/Shipwright/soh/src/code/z_draw.c:270:32: note: (near initialization for 'sDrawItemTable[67].dlists[0]')
/home/david/Documents/RockBox_Personal-master/devsrc/nano-soh-runtime/Shipwright/soh/src/code/z_draw.c:270:46: warning: initialization of 'Gfx *' from incompatible pointer type 'const char *' [-Wincompatible-pointer-types]
  270 |     { GetItem_DrawOpa10Xlu2, { gGiChickenDL, gGiChickenColorDL, gGiChickenEyesDL } },
      |                                              ^~~~~~~~~~~~~~~~~
/home/david/Documents/RockBox_Personal-master/devsrc/nano-soh-runtime/Shipwright/soh/src/code/z_draw.c:270:46: note: (near initialization for 'sDrawItemTable[67].dlists[1]')
/home/david/Documents/RockBox_Personal-master/devsrc/nano-soh-runtime/Shipwright/soh/src/code/z_draw.c:270:65: warning: initialization of 'Gfx *' from incompatible pointer type 'const char *' [-Wincompatible-pointer-types]
  270 |     { GetItem_DrawOpa10Xlu2, { gGiChickenDL, gGiChickenColorDL, gGiChickenEyesDL } },
      |                                                                 ^~~~~~~~~~~~~~~~
/home/david/Documents/RockBox_Personal-master/devsrc/nano-soh-runtime/Shipwright/soh/src/code/z_draw.c:270:65: note: (near initialization for 'sDrawItemTable[67].dlists[2]')
/home/david/Documents/RockBox_Personal-master/devsrc/nano-soh-runtime/Shipwright/soh/src/code/z_draw.c:272:31: warning: initialization of 'Gfx *' from incompatible pointer type 'const char *' [-Wincompatible-pointer-types]
  272 |     { GetItem_DrawOpa0Xlu1, { gGiLetterBottleContentsDL, gGiLetterBottleDL } },
      |                               ^~~~~~~~~~~~~~~~~~~~~~~~~
/home/david/Documents/RockBox_Personal-master/devsrc/nano-soh-runtime/Shipwright/soh/src/code/z_draw.c:272:31: note: (near initialization for 'sDrawItemTable[68].dlists[0]')
/home/david/Documents/RockBox_Personal-master/devsrc/nano-soh-runtime/Shipwright/soh/src/code/z_draw.c:272:58: warning: initialization of 'Gfx *' from incompatible pointer type 'const char *' [-Wincompatible-pointer-types]
  272 |     { GetItem_DrawOpa0Xlu1, { gGiLetterBottleContentsDL, gGiLetterBottleDL } },
      |                                                          ^~~~~~~~~~~~~~~~~
/home/david/Documents/RockBox_Personal-master/devsrc/nano-soh-runtime/Shipwright/soh/src/code/z_draw.c:272:58: note: (near initialization for 'sDrawItemTable[68].dlists[1]')
/home/david/Documents/RockBox_Personal-master/devsrc/nano-soh-runtime/Shipwright/soh/src/code/z_draw.c:274:31: warning: initialization of 'Gfx *' from incompatible pointer type 'const char *' [-Wincompatible-pointer-types]
  274 |     { GetItem_DrawOpa0Xlu1, { gGiOcarinaFairyDL, gGiOcarinaFairyHolesDL } },
      |                               ^~~~~~~~~~~~~~~~~
/home/david/Documents/RockBox_Personal-master/devsrc/nano-soh-runtime/Shipwright/soh/src/code/z_draw.c:274:31: note: (near initialization for 'sDrawItemTable[69].dlists[0]')
/home/david/Documents/RockBox_Personal-master/devsrc/nano-soh-runtime/Shipwright/soh/src/code/z_draw.c:274:50: warning: initialization of 'Gfx *' from incompatible pointer type 'const char *' [-Wincompatible-pointer-types]
  274 |     { GetItem_DrawOpa0Xlu1, { gGiOcarinaFairyDL, gGiOcarinaFairyHolesDL } },
      |                                                  ^~~~~~~~~~~~~~~~~~~~~~
/home/david/Documents/RockBox_Personal-master/devsrc/nano-soh-runtime/Shipwright/soh/src/code/z_draw.c:274:50: note: (near initialization for 'sDrawItemTable[69].dlists[1]')
/home/david/Documents/RockBox_Personal-master/devsrc/nano-soh-runtime/Shipwright/soh/src/code/z_draw.c:276:31: warning: initialization of 'Gfx *' from incompatible pointer type 'const char *' [-Wincompatible-pointer-types]
  276 |     { GetItem_DrawOpa0Xlu1, { gGiIronBootsDL, gGiIronBootsRivetsDL } },
      |                               ^~~~~~~~~~~~~~
/home/david/Documents/RockBox_Personal-master/devsrc/nano-soh-runtime/Shipwright/soh/src/code/z_draw.c:276:31: note: (near initialization for 'sDrawItemTable[70].dlists[0]')
/home/david/Documents/RockBox_Personal-master/devsrc/nano-soh-runtime/Shipwright/soh/src/code/z_draw.c:276:47: warning: initialization of 'Gfx *' from incompatible pointer type 'const char *' [-Wincompatible-pointer-types]
  276 |     { GetItem_DrawOpa0Xlu1, { gGiIronBootsDL, gGiIronBootsRivetsDL } },
      |                                               ^~~~~~~~~~~~~~~~~~~~
/home/david/Documents/RockBox_Personal-master/devsrc/nano-soh-runtime/Shipwright/soh/src/code/z_draw.c:276:47: note: (near initialization for 'sDrawItemTable[70].dlists[1]')
/home/david/Documents/RockBox_Personal-master/devsrc/nano-soh-runtime/Shipwright/soh/src/code/z_draw.c:278:27: warning: initialization of 'Gfx *' from incompatible pointer type 'const char *' [-Wincompatible-pointer-types]
  278 |     { GetItem_DrawOpa0, { gGiSeedDL } },
      |                           ^~~~~~~~~
/home/david/Documents/RockBox_Personal-master/devsrc/nano-soh-runtime/Shipwright/soh/src/code/z_draw.c:278:27: note: (near initialization for 'sDrawItemTable[71].dlists[0]')
/home/david/Documents/RockBox_Personal-master/devsrc/nano-soh-runtime/Shipwright/soh/src/code/z_draw.c:281:9: warning: initialization of 'Gfx *' from incompatible pointer type 'const char *' [-Wincompatible-pointer-types]
  281 |       { gGiGauntletsDL, gGiSilverGauntletsColorDL, gGiGauntletsPlateDL, gGiSilverGauntletsPlateColorDL } },
      |         ^~~~~~~~~~~~~~
/home/david/Documents/RockBox_Personal-master/devsrc/nano-soh-runtime/Shipwright/soh/src/code/z_draw.c:281:9: note: (near initialization for 'sDrawItemTable[72].dlists[0]')
/home/david/Documents/RockBox_Personal-master/devsrc/nano-soh-runtime/Shipwright/soh/src/code/z_draw.c:281:25: warning: initialization of 'Gfx *' from incompatible pointer type 'const char *' [-Wincompatible-pointer-types]
  281 |       { gGiGauntletsDL, gGiSilverGauntletsColorDL, gGiGauntletsPlateDL, gGiSilverGauntletsPlateColorDL } },
      |                         ^~~~~~~~~~~~~~~~~~~~~~~~~
/home/david/Documents/RockBox_Personal-master/devsrc/nano-soh-runtime/Shipwright/soh/src/code/z_draw.c:281:25: note: (near initialization for 'sDrawItemTable[72].dlists[1]')
/home/david/Documents/RockBox_Personal-master/devsrc/nano-soh-runtime/Shipwright/soh/src/code/z_draw.c:281:52: warning: initialization of 'Gfx *' from incompatible pointer type 'const char *' [-Wincompatible-pointer-types]
  281 |       { gGiGauntletsDL, gGiSilverGauntletsColorDL, gGiGauntletsPlateDL, gGiSilverGauntletsPlateColorDL } },
      |                                                    ^~~~~~~~~~~~~~~~~~~
/home/david/Documents/RockBox_Personal-master/devsrc/nano-soh-runtime/Shipwright/soh/src/code/z_draw.c:281:52: note: (near initialization for 'sDrawItemTable[72].dlists[2]')
/home/david/Documents/RockBox_Personal-master/devsrc/nano-soh-runtime/Shipwright/soh/src/code/z_draw.c:281:73: warning: initialization of 'Gfx *' from incompatible pointer type 'const char *' [-Wincompatible-pointer-types]
  281 |       { gGiGauntletsDL, gGiSilverGauntletsColorDL, gGiGauntletsPlateDL, gGiSilverGauntletsPlateColorDL } },
      |                                                                         ^~~~~~~~~~~~~~~~~~~~~~~~~~~~~~
/home/david/Documents/RockBox_Personal-master/devsrc/nano-soh-runtime/Shipwright/soh/src/code/z_draw.c:281:73: note: (near initialization for 'sDrawItemTable[72].dlists[3]')
/home/david/Documents/RockBox_Personal-master/devsrc/nano-soh-runtime/Shipwright/soh/src/code/z_draw.c:284:9: warning: initialization of 'Gfx *' from incompatible pointer type 'const char *' [-Wincompatible-pointer-types]
  284 |       { gGiGauntletsDL, gGiGoldenGauntletsColorDL, gGiGauntletsPlateDL, gGiGoldenGauntletsPlateColorDL } },
      |         ^~~~~~~~~~~~~~
/home/david/Documents/RockBox_Personal-master/devsrc/nano-soh-runtime/Shipwright/soh/src/code/z_draw.c:284:9: note: (near initialization for 'sDrawItemTable[73].dlists[0]')
/home/david/Documents/RockBox_Personal-master/devsrc/nano-soh-runtime/Shipwright/soh/src/code/z_draw.c:284:25: warning: initialization of 'Gfx *' from incompatible pointer type 'const char *' [-Wincompatible-pointer-types]
  284 |       { gGiGauntletsDL, gGiGoldenGauntletsColorDL, gGiGauntletsPlateDL, gGiGoldenGauntletsPlateColorDL } },
      |                         ^~~~~~~~~~~~~~~~~~~~~~~~~
/home/david/Documents/RockBox_Personal-master/devsrc/nano-soh-runtime/Shipwright/soh/src/code/z_draw.c:284:25: note: (near initialization for 'sDrawItemTable[73].dlists[1]')
/home/david/Documents/RockBox_Personal-master/devsrc/nano-soh-runtime/Shipwright/soh/src/code/z_draw.c:284:52: warning: initialization of 'Gfx *' from incompatible pointer type 'const char *' [-Wincompatible-pointer-types]
  284 |       { gGiGauntletsDL, gGiGoldenGauntletsColorDL, gGiGauntletsPlateDL, gGiGoldenGauntletsPlateColorDL } },
      |                                                    ^~~~~~~~~~~~~~~~~~~
/home/david/Documents/RockBox_Personal-master/devsrc/nano-soh-runtime/Shipwright/soh/src/code/z_draw.c:284:52: note: (near initialization for 'sDrawItemTable[73].dlists[2]')
/home/david/Documents/RockBox_Personal-master/devsrc/nano-soh-runtime/Shipwright/soh/src/code/z_draw.c:284:73: warning: initialization of 'Gfx *' from incompatible pointer type 'const char *' [-Wincompatible-pointer-types]
  284 |       { gGiGauntletsDL, gGiGoldenGauntletsColorDL, gGiGauntletsPlateDL, gGiGoldenGauntletsPlateColorDL } },
      |                                                                         ^~~~~~~~~~~~~~~~~~~~~~~~~~~~~~
/home/david/Documents/RockBox_Personal-master/devsrc/nano-soh-runtime/Shipwright/soh/src/code/z_draw.c:284:73: note: (near initialization for 'sDrawItemTable[73].dlists[3]')
/home/david/Documents/RockBox_Personal-master/devsrc/nano-soh-runtime/Shipwright/soh/src/code/z_draw.c:286:32: warning: initialization of 'Gfx *' from incompatible pointer type 'const char *' [-Wincompatible-pointer-types]
  286 |     { GetItem_DrawOpa10Xlu2, { gGiCoinDL, gGiYellowCoinColorDL, gGiNDL } },
      |                                ^~~~~~~~~
/home/david/Documents/RockBox_Personal-master/devsrc/nano-soh-runtime/Shipwright/soh/src/code/z_draw.c:286:32: note: (near initialization for 'sDrawItemTable[74].dlists[0]')
/home/david/Documents/RockBox_Personal-master/devsrc/nano-soh-runtime/Shipwright/soh/src/code/z_draw.c:286:43: warning: initialization of 'Gfx *' from incompatible pointer type 'const char *' [-Wincompatible-pointer-types]
  286 |     { GetItem_DrawOpa10Xlu2, { gGiCoinDL, gGiYellowCoinColorDL, gGiNDL } },
      |                                           ^~~~~~~~~~~~~~~~~~~~
/home/david/Documents/RockBox_Personal-master/devsrc/nano-soh-runtime/Shipwright/soh/src/code/z_draw.c:286:43: note: (near initialization for 'sDrawItemTable[74].dlists[1]')
/home/david/Documents/RockBox_Personal-master/devsrc/nano-soh-runtime/Shipwright/soh/src/code/z_draw.c:286:65: warning: initialization of 'Gfx *' from incompatible pointer type 'const char *' [-Wincompatible-pointer-types]
  286 |     { GetItem_DrawOpa10Xlu2, { gGiCoinDL, gGiYellowCoinColorDL, gGiNDL } },
      |                                                                 ^~~~~~
/home/david/Documents/RockBox_Personal-master/devsrc/nano-soh-runtime/Shipwright/soh/src/code/z_draw.c:286:65: note: (near initialization for 'sDrawItemTable[74].dlists[2]')
/home/david/Documents/RockBox_Personal-master/devsrc/nano-soh-runtime/Shipwright/soh/src/code/z_draw.c:288:32: warning: initialization of 'Gfx *' from incompatible pointer type 'const char *' [-Wincompatible-pointer-types]
  288 |     { GetItem_DrawOpa10Xlu2, { gGiCoinDL, gGiRedCoinColorDL, gGiNDL } },
      |                                ^~~~~~~~~
/home/david/Documents/RockBox_Personal-master/devsrc/nano-soh-runtime/Shipwright/soh/src/code/z_draw.c:288:32: note: (near initialization for 'sDrawItemTable[75].dlists[0]')
/home/david/Documents/RockBox_Personal-master/devsrc/nano-soh-runtime/Shipwright/soh/src/code/z_draw.c:288:43: warning: initialization of 'Gfx *' from incompatible pointer type 'const char *' [-Wincompatible-pointer-types]
  288 |     { GetItem_DrawOpa10Xlu2, { gGiCoinDL, gGiRedCoinColorDL, gGiNDL } },
      |                                           ^~~~~~~~~~~~~~~~~
/home/david/Documents/RockBox_Personal-master/devsrc/nano-soh-runtime/Shipwright/soh/src/code/z_draw.c:288:43: note: (near initialization for 'sDrawItemTable[75].dlists[1]')
/home/david/Documents/RockBox_Personal-master/devsrc/nano-soh-runtime/Shipwright/soh/src/code/z_draw.c:288:62: warning: initialization of 'Gfx *' from incompatible pointer type 'const char *' [-Wincompatible-pointer-types]
  288 |     { GetItem_DrawOpa10Xlu2, { gGiCoinDL, gGiRedCoinColorDL, gGiNDL } },
      |                                                              ^~~~~~
/home/david/Documents/RockBox_Personal-master/devsrc/nano-soh-runtime/Shipwright/soh/src/code/z_draw.c:288:62: note: (near initialization for 'sDrawItemTable[75].dlists[2]')
/home/david/Documents/RockBox_Personal-master/devsrc/nano-soh-runtime/Shipwright/soh/src/code/z_draw.c:290:32: warning: initialization of 'Gfx *' from incompatible pointer type 'const char *' [-Wincompatible-pointer-types]
  290 |     { GetItem_DrawOpa10Xlu2, { gGiCoinDL, gGiGreenCoinColorDL, gGiNDL } },
      |                                ^~~~~~~~~
/home/david/Documents/RockBox_Personal-master/devsrc/nano-soh-runtime/Shipwright/soh/src/code/z_draw.c:290:32: note: (near initialization for 'sDrawItemTable[76].dlists[0]')
/home/david/Documents/RockBox_Personal-master/devsrc/nano-soh-runtime/Shipwright/soh/src/code/z_draw.c:290:43: warning: initialization of 'Gfx *' from incompatible pointer type 'const char *' [-Wincompatible-pointer-types]
  290 |     { GetItem_DrawOpa10Xlu2, { gGiCoinDL, gGiGreenCoinColorDL, gGiNDL } },
      |                                           ^~~~~~~~~~~~~~~~~~~
/home/david/Documents/RockBox_Personal-master/devsrc/nano-soh-runtime/Shipwright/soh/src/code/z_draw.c:290:43: note: (near initialization for 'sDrawItemTable[76].dlists[1]')
/home/david/Documents/RockBox_Personal-master/devsrc/nano-soh-runtime/Shipwright/soh/src/code/z_draw.c:290:64: warning: initialization of 'Gfx *' from incompatible pointer type 'const char *' [-Wincompatible-pointer-types]
  290 |     { GetItem_DrawOpa10Xlu2, { gGiCoinDL, gGiGreenCoinColorDL, gGiNDL } },
      |                                                                ^~~~~~
/home/david/Documents/RockBox_Personal-master/devsrc/nano-soh-runtime/Shipwright/soh/src/code/z_draw.c:290:64: note: (near initialization for 'sDrawItemTable[76].dlists[2]')
/home/david/Documents/RockBox_Personal-master/devsrc/nano-soh-runtime/Shipwright/soh/src/code/z_draw.c:292:32: warning: initialization of 'Gfx *' from incompatible pointer type 'const char *' [-Wincompatible-pointer-types]
  292 |     { GetItem_DrawOpa10Xlu2, { gGiCoinDL, gGiBlueCoinColorDL, gGiNDL } },
      |                                ^~~~~~~~~
/home/david/Documents/RockBox_Personal-master/devsrc/nano-soh-runtime/Shipwright/soh/src/code/z_draw.c:292:32: note: (near initialization for 'sDrawItemTable[77].dlists[0]')
/home/david/Documents/RockBox_Personal-master/devsrc/nano-soh-runtime/Shipwright/soh/src/code/z_draw.c:292:43: warning: initialization of 'Gfx *' from incompatible pointer type 'const char *' [-Wincompatible-pointer-types]
  292 |     { GetItem_DrawOpa10Xlu2, { gGiCoinDL, gGiBlueCoinColorDL, gGiNDL } },
      |                                           ^~~~~~~~~~~~~~~~~~
/home/david/Documents/RockBox_Personal-master/devsrc/nano-soh-runtime/Shipwright/soh/src/code/z_draw.c:292:43: note: (near initialization for 'sDrawItemTable[77].dlists[1]')
/home/david/Documents/RockBox_Personal-master/devsrc/nano-soh-runtime/Shipwright/soh/src/code/z_draw.c:292:63: warning: initialization of 'Gfx *' from incompatible pointer type 'const char *' [-Wincompatible-pointer-types]
  292 |     { GetItem_DrawOpa10Xlu2, { gGiCoinDL, gGiBlueCoinColorDL, gGiNDL } },
      |                                                               ^~~~~~
/home/david/Documents/RockBox_Personal-master/devsrc/nano-soh-runtime/Shipwright/soh/src/code/z_draw.c:292:63: note: (near initialization for 'sDrawItemTable[77].dlists[2]')
/home/david/Documents/RockBox_Personal-master/devsrc/nano-soh-runtime/Shipwright/soh/src/code/z_draw.c:294:27: warning: initialization of 'Gfx *' from incompatible pointer type 'const char *' [-Wincompatible-pointer-types]
  294 |     { GetItem_DrawOpa0, { gGiSkullMaskDL } },
      |                           ^~~~~~~~~~~~~~
/home/david/Documents/RockBox_Personal-master/devsrc/nano-soh-runtime/Shipwright/soh/src/code/z_draw.c:294:27: note: (near initialization for 'sDrawItemTable[78].dlists[0]')
/home/david/Documents/RockBox_Personal-master/devsrc/nano-soh-runtime/Shipwright/soh/src/code/z_draw.c:296:31: warning: initialization of 'Gfx *' from incompatible pointer type 'const char *' [-Wincompatible-pointer-types]
  296 |     { GetItem_DrawOpa0Xlu1, { gGiBunnyHoodDL, gGiBunnyHoodEyesDL } },
      |                               ^~~~~~~~~~~~~~
/home/david/Documents/RockBox_Personal-master/devsrc/nano-soh-runtime/Shipwright/soh/src/code/z_draw.c:296:31: note: (near initialization for 'sDrawItemTable[79].dlists[0]')
/home/david/Documents/RockBox_Personal-master/devsrc/nano-soh-runtime/Shipwright/soh/src/code/z_draw.c:296:47: warning: initialization of 'Gfx *' from incompatible pointer type 'const char *' [-Wincompatible-pointer-types]
  296 |     { GetItem_DrawOpa0Xlu1, { gGiBunnyHoodDL, gGiBunnyHoodEyesDL } },
      |                                               ^~~~~~~~~~~~~~~~~~
/home/david/Documents/RockBox_Personal-master/devsrc/nano-soh-runtime/Shipwright/soh/src/code/z_draw.c:296:47: note: (near initialization for 'sDrawItemTable[79].dlists[1]')
/home/david/Documents/RockBox_Personal-master/devsrc/nano-soh-runtime/Shipwright/soh/src/code/z_draw.c:298:31: warning: initialization of 'Gfx *' from incompatible pointer type 'const char *' [-Wincompatible-pointer-types]
  298 |     { GetItem_DrawOpa0Xlu1, { gGiMaskOfTruthDL, gGiMaskOfTruthAccentsDL } },
      |                               ^~~~~~~~~~~~~~~~
/home/david/Documents/RockBox_Personal-master/devsrc/nano-soh-runtime/Shipwright/soh/src/code/z_draw.c:298:31: note: (near initialization for 'sDrawItemTable[80].dlists[0]')
/home/david/Documents/RockBox_Personal-master/devsrc/nano-soh-runtime/Shipwright/soh/src/code/z_draw.c:298:49: warning: initialization of 'Gfx *' from incompatible pointer type 'const char *' [-Wincompatible-pointer-types]
  298 |     { GetItem_DrawOpa0Xlu1, { gGiMaskOfTruthDL, gGiMaskOfTruthAccentsDL } },
      |                                                 ^~~~~~~~~~~~~~~~~~~~~~~
/home/david/Documents/RockBox_Personal-master/devsrc/nano-soh-runtime/Shipwright/soh/src/code/z_draw.c:298:49: note: (near initialization for 'sDrawItemTable[80].dlists[1]')
/home/david/Documents/RockBox_Personal-master/devsrc/nano-soh-runtime/Shipwright/soh/src/code/z_draw.c:300:31: warning: initialization of 'Gfx *' from incompatible pointer type 'const char *' [-Wincompatible-pointer-types]
  300 |     { GetItem_DrawOpa0Xlu1, { gGiEyeDropsCapDL, gGiEyeDropsBottleDL } },
      |                               ^~~~~~~~~~~~~~~~
/home/david/Documents/RockBox_Personal-master/devsrc/nano-soh-runtime/Shipwright/soh/src/code/z_draw.c:300:31: note: (near initialization for 'sDrawItemTable[81].dlists[0]')
/home/david/Documents/RockBox_Personal-master/devsrc/nano-soh-runtime/Shipwright/soh/src/code/z_draw.c:300:49: warning: initialization of 'Gfx *' from incompatible pointer type 'const char *' [-Wincompatible-pointer-types]
  300 |     { GetItem_DrawOpa0Xlu1, { gGiEyeDropsCapDL, gGiEyeDropsBottleDL } },
      |                                                 ^~~~~~~~~~~~~~~~~~~
/home/david/Documents/RockBox_Personal-master/devsrc/nano-soh-runtime/Shipwright/soh/src/code/z_draw.c:300:49: note: (near initialization for 'sDrawItemTable[81].dlists[1]')
/home/david/Documents/RockBox_Personal-master/devsrc/nano-soh-runtime/Shipwright/soh/src/code/z_draw.c:302:27: warning: initialization of 'Gfx *' from incompatible pointer type 'const char *' [-Wincompatible-pointer-types]
  302 |     { GetItem_DrawOpa0, { gGiOddPotionDL } },
      |                           ^~~~~~~~~~~~~~
/home/david/Documents/RockBox_Personal-master/devsrc/nano-soh-runtime/Shipwright/soh/src/code/z_draw.c:302:27: note: (near initialization for 'sDrawItemTable[82].dlists[0]')
/home/david/Documents/RockBox_Personal-master/devsrc/nano-soh-runtime/Shipwright/soh/src/code/z_draw.c:304:27: warning: initialization of 'Gfx *' from incompatible pointer type 'const char *' [-Wincompatible-pointer-types]
  304 |     { GetItem_DrawOpa0, { gGiOddMushroomDL } },
      |                           ^~~~~~~~~~~~~~~~
/home/david/Documents/RockBox_Personal-master/devsrc/nano-soh-runtime/Shipwright/soh/src/code/z_draw.c:304:27: note: (near initialization for 'sDrawItemTable[83].dlists[0]')
/home/david/Documents/RockBox_Personal-master/devsrc/nano-soh-runtime/Shipwright/soh/src/code/z_draw.c:306:31: warning: initialization of 'Gfx *' from incompatible pointer type 'const char *' [-Wincompatible-pointer-types]
  306 |     { GetItem_DrawOpa0Xlu1, { gGiClaimCheckDL, gGiClaimCheckWritingDL } },
      |                               ^~~~~~~~~~~~~~~
/home/david/Documents/RockBox_Personal-master/devsrc/nano-soh-runtime/Shipwright/soh/src/code/z_draw.c:306:31: note: (near initialization for 'sDrawItemTable[84].dlists[0]')
/home/david/Documents/RockBox_Personal-master/devsrc/nano-soh-runtime/Shipwright/soh/src/code/z_draw.c:306:48: warning: initialization of 'Gfx *' from incompatible pointer type 'const char *' [-Wincompatible-pointer-types]
  306 |     { GetItem_DrawOpa0Xlu1, { gGiClaimCheckDL, gGiClaimCheckWritingDL } },
      |                                                ^~~~~~~~~~~~~~~~~~~~~~
/home/david/Documents/RockBox_Personal-master/devsrc/nano-soh-runtime/Shipwright/soh/src/code/z_draw.c:306:48: note: (near initialization for 'sDrawItemTable[84].dlists[1]')
/home/david/Documents/RockBox_Personal-master/devsrc/nano-soh-runtime/Shipwright/soh/src/code/z_draw.c:308:33: warning: initialization of 'Gfx *' from incompatible pointer type 'const char *' [-Wincompatible-pointer-types]
  308 |     { GetItem_DrawGoronSword, { gGiBrokenGoronSwordDL } },
      |                                 ^~~~~~~~~~~~~~~~~~~~~
/home/david/Documents/RockBox_Personal-master/devsrc/nano-soh-runtime/Shipwright/soh/src/code/z_draw.c:308:33: note: (near initialization for 'sDrawItemTable[85].dlists[0]')
/home/david/Documents/RockBox_Personal-master/devsrc/nano-soh-runtime/Shipwright/soh/src/code/z_draw.c:310:31: warning: initialization of 'Gfx *' from incompatible pointer type 'const char *' [-Wincompatible-pointer-types]
  310 |     { GetItem_DrawOpa0Xlu1, { gGiPrescriptionDL, gGiPrescriptionWritingDL } },
      |                               ^~~~~~~~~~~~~~~~~
/home/david/Documents/RockBox_Personal-master/devsrc/nano-soh-runtime/Shipwright/soh/src/code/z_draw.c:310:31: note: (near initialization for 'sDrawItemTable[86].dlists[0]')
/home/david/Documents/RockBox_Personal-master/devsrc/nano-soh-runtime/Shipwright/soh/src/code/z_draw.c:310:50: warning: initialization of 'Gfx *' from incompatible pointer type 'const char *' [-Wincompatible-pointer-types]
  310 |     { GetItem_DrawOpa0Xlu1, { gGiPrescriptionDL, gGiPrescriptionWritingDL } },
      |                                                  ^~~~~~~~~~~~~~~~~~~~~~~~
/home/david/Documents/RockBox_Personal-master/devsrc/nano-soh-runtime/Shipwright/soh/src/code/z_draw.c:310:50: note: (near initialization for 'sDrawItemTable[86].dlists[1]')
/home/david/Documents/RockBox_Personal-master/devsrc/nano-soh-runtime/Shipwright/soh/src/code/z_draw.c:312:27: warning: initialization of 'Gfx *' from incompatible pointer type 'const char *' [-Wincompatible-pointer-types]
  312 |     { GetItem_DrawOpa0, { gGiGoronBraceletDL } },
      |                           ^~~~~~~~~~~~~~~~~~
/home/david/Documents/RockBox_Personal-master/devsrc/nano-soh-runtime/Shipwright/soh/src/code/z_draw.c:312:27: note: (near initialization for 'sDrawItemTable[87].dlists[0]')
/home/david/Documents/RockBox_Personal-master/devsrc/nano-soh-runtime/Shipwright/soh/src/code/z_draw.c:314:30: warning: initialization of 'Gfx *' from incompatible pointer type 'const char *' [-Wincompatible-pointer-types]
  314 |     { GetItem_DrawSoldOut, { gGiSoldOutDL } },
      |                              ^~~~~~~~~~~~
/home/david/Documents/RockBox_Personal-master/devsrc/nano-soh-runtime/Shipwright/soh/src/code/z_draw.c:314:30: note: (near initialization for 'sDrawItemTable[88].dlists[0]')
/home/david/Documents/RockBox_Personal-master/devsrc/nano-soh-runtime/Shipwright/soh/src/code/z_draw.c:316:31: warning: initialization of 'Gfx *' from incompatible pointer type 'const char *' [-Wincompatible-pointer-types]
  316 |     { GetItem_DrawOpa0Xlu1, { gGiFrogDL, gGiFrogEyesDL } },
      |                               ^~~~~~~~~
/home/david/Documents/RockBox_Personal-master/devsrc/nano-soh-runtime/Shipwright/soh/src/code/z_draw.c:316:31: note: (near initialization for 'sDrawItemTable[89].dlists[0]')
/home/david/Documents/RockBox_Personal-master/devsrc/nano-soh-runtime/Shipwright/soh/src/code/z_draw.c:316:42: warning: initialization of 'Gfx *' from incompatible pointer type 'const char *' [-Wincompatible-pointer-types]
  316 |     { GetItem_DrawOpa0Xlu1, { gGiFrogDL, gGiFrogEyesDL } },
      |                                          ^~~~~~~~~~~~~
/home/david/Documents/RockBox_Personal-master/devsrc/nano-soh-runtime/Shipwright/soh/src/code/z_draw.c:316:42: note: (near initialization for 'sDrawItemTable[89].dlists[1]')
/home/david/Documents/RockBox_Personal-master/devsrc/nano-soh-runtime/Shipwright/soh/src/code/z_draw.c:318:36: warning: initialization of 'Gfx *' from incompatible pointer type 'const char *' [-Wincompatible-pointer-types]
  318 |     { GetItem_DrawMaskOrBombchu, { gGiGoronMaskDL } },
      |                                    ^~~~~~~~~~~~~~
/home/david/Documents/RockBox_Personal-master/devsrc/nano-soh-runtime/Shipwright/soh/src/code/z_draw.c:318:36: note: (near initialization for 'sDrawItemTable[90].dlists[0]')
/home/david/Documents/RockBox_Personal-master/devsrc/nano-soh-runtime/Shipwright/soh/src/code/z_draw.c:320:36: warning: initialization of 'Gfx *' from incompatible pointer type 'const char *' [-Wincompatible-pointer-types]
  320 |     { GetItem_DrawMaskOrBombchu, { gGiZoraMaskDL } },
      |                                    ^~~~~~~~~~~~~
/home/david/Documents/RockBox_Personal-master/devsrc/nano-soh-runtime/Shipwright/soh/src/code/z_draw.c:320:36: note: (near initialization for 'sDrawItemTable[91].dlists[0]')
/home/david/Documents/RockBox_Personal-master/devsrc/nano-soh-runtime/Shipwright/soh/src/code/z_draw.c:322:36: warning: initialization of 'Gfx *' from incompatible pointer type 'const char *' [-Wincompatible-pointer-types]
  322 |     { GetItem_DrawMaskOrBombchu, { gGiGerudoMaskDL } },
      |                                    ^~~~~~~~~~~~~~~
/home/david/Documents/RockBox_Personal-master/devsrc/nano-soh-runtime/Shipwright/soh/src/code/z_draw.c:322:36: note: (near initialization for 'sDrawItemTable[92].dlists[0]')
/home/david/Documents/RockBox_Personal-master/devsrc/nano-soh-runtime/Shipwright/soh/src/code/z_draw.c:324:32: warning: initialization of 'Gfx *' from incompatible pointer type 'const char *' [-Wincompatible-pointer-types]
  324 |     { GetItem_DrawOpa10Xlu2, { gGiChickenDL, gGiCojiroColorDL, gGiChickenEyesDL } },
      |                                ^~~~~~~~~~~~
/home/david/Documents/RockBox_Personal-master/devsrc/nano-soh-runtime/Shipwright/soh/src/code/z_draw.c:324:32: note: (near initialization for 'sDrawItemTable[93].dlists[0]')
/home/david/Documents/RockBox_Personal-master/devsrc/nano-soh-runtime/Shipwright/soh/src/code/z_draw.c:324:46: warning: initialization of 'Gfx *' from incompatible pointer type 'const char *' [-Wincompatible-pointer-types]
  324 |     { GetItem_DrawOpa10Xlu2, { gGiChickenDL, gGiCojiroColorDL, gGiChickenEyesDL } },
      |                                              ^~~~~~~~~~~~~~~~
/home/david/Documents/RockBox_Personal-master/devsrc/nano-soh-runtime/Shipwright/soh/src/code/z_draw.c:324:46: note: (near initialization for 'sDrawItemTable[93].dlists[1]')
/home/david/Documents/RockBox_Personal-master/devsrc/nano-soh-runtime/Shipwright/soh/src/code/z_draw.c:324:64: warning: initialization of 'Gfx *' from incompatible pointer type 'const char *' [-Wincompatible-pointer-types]
  324 |     { GetItem_DrawOpa10Xlu2, { gGiChickenDL, gGiCojiroColorDL, gGiChickenEyesDL } },
      |                                                                ^~~~~~~~~~~~~~~~
/home/david/Documents/RockBox_Personal-master/devsrc/nano-soh-runtime/Shipwright/soh/src/code/z_draw.c:324:64: note: (near initialization for 'sDrawItemTable[93].dlists[2]')
/home/david/Documents/RockBox_Personal-master/devsrc/nano-soh-runtime/Shipwright/soh/src/code/z_draw.c:326:27: warning: initialization of 'Gfx *' from incompatible pointer type 'const char *' [-Wincompatible-pointer-types]
  326 |     { GetItem_DrawOpa0, { gGiHoverBootsDL } },
      |                           ^~~~~~~~~~~~~~~
/home/david/Documents/RockBox_Personal-master/devsrc/nano-soh-runtime/Shipwright/soh/src/code/z_draw.c:326:27: note: (near initialization for 'sDrawItemTable[94].dlists[0]')
/home/david/Documents/RockBox_Personal-master/devsrc/nano-soh-runtime/Shipwright/soh/src/code/z_draw.c:328:33: warning: initialization of 'Gfx *' from incompatible pointer type 'const char *' [-Wincompatible-pointer-types]
  328 |     { GetItem_DrawMagicArrow, { gGiMagicArrowDL, gGiFireArrowColorDL, gGiArrowMagicDL } },
      |                                 ^~~~~~~~~~~~~~~
/home/david/Documents/RockBox_Personal-master/devsrc/nano-soh-runtime/Shipwright/soh/src/code/z_draw.c:328:33: note: (near initialization for 'sDrawItemTable[95].dlists[0]')
/home/david/Documents/RockBox_Personal-master/devsrc/nano-soh-runtime/Shipwright/soh/src/code/z_draw.c:328:50: warning: initialization of 'Gfx *' from incompatible pointer type 'const char *' [-Wincompatible-pointer-types]
  328 |     { GetItem_DrawMagicArrow, { gGiMagicArrowDL, gGiFireArrowColorDL, gGiArrowMagicDL } },
      |                                                  ^~~~~~~~~~~~~~~~~~~
/home/david/Documents/RockBox_Personal-master/devsrc/nano-soh-runtime/Shipwright/soh/src/code/z_draw.c:328:50: note: (near initialization for 'sDrawItemTable[95].dlists[1]')
/home/david/Documents/RockBox_Personal-master/devsrc/nano-soh-runtime/Shipwright/soh/src/code/z_draw.c:328:71: warning: initialization of 'Gfx *' from incompatible pointer type 'const char *' [-Wincompatible-pointer-types]
  328 |     { GetItem_DrawMagicArrow, { gGiMagicArrowDL, gGiFireArrowColorDL, gGiArrowMagicDL } },
      |                                                                       ^~~~~~~~~~~~~~~
/home/david/Documents/RockBox_Personal-master/devsrc/nano-soh-runtime/Shipwright/soh/src/code/z_draw.c:328:71: note: (near initialization for 'sDrawItemTable[95].dlists[2]')
/home/david/Documents/RockBox_Personal-master/devsrc/nano-soh-runtime/Shipwright/soh/src/code/z_draw.c:330:33: warning: initialization of 'Gfx *' from incompatible pointer type 'const char *' [-Wincompatible-pointer-types]
  330 |     { GetItem_DrawMagicArrow, { gGiMagicArrowDL, gGiIceArrowColorDL, gGiArrowMagicDL } },
      |                                 ^~~~~~~~~~~~~~~
/home/david/Documents/RockBox_Personal-master/devsrc/nano-soh-runtime/Shipwright/soh/src/code/z_draw.c:330:33: note: (near initialization for 'sDrawItemTable[96].dlists[0]')
/home/david/Documents/RockBox_Personal-master/devsrc/nano-soh-runtime/Shipwright/soh/src/code/z_draw.c:330:50: warning: initialization of 'Gfx *' from incompatible pointer type 'const char *' [-Wincompatible-pointer-types]
  330 |     { GetItem_DrawMagicArrow, { gGiMagicArrowDL, gGiIceArrowColorDL, gGiArrowMagicDL } },
      |                                                  ^~~~~~~~~~~~~~~~~~
/home/david/Documents/RockBox_Personal-master/devsrc/nano-soh-runtime/Shipwright/soh/src/code/z_draw.c:330:50: note: (near initialization for 'sDrawItemTable[96].dlists[1]')
/home/david/Documents/RockBox_Personal-master/devsrc/nano-soh-runtime/Shipwright/soh/src/code/z_draw.c:330:70: warning: initialization of 'Gfx *' from incompatible pointer type 'const char *' [-Wincompatible-pointer-types]
  330 |     { GetItem_DrawMagicArrow, { gGiMagicArrowDL, gGiIceArrowColorDL, gGiArrowMagicDL } },
      |                                                                      ^~~~~~~~~~~~~~~
/home/david/Documents/RockBox_Personal-master/devsrc/nano-soh-runtime/Shipwright/soh/src/code/z_draw.c:330:70: note: (near initialization for 'sDrawItemTable[96].dlists[2]')
/home/david/Documents/RockBox_Personal-master/devsrc/nano-soh-runtime/Shipwright/soh/src/code/z_draw.c:332:33: warning: initialization of 'Gfx *' from incompatible pointer type 'const char *' [-Wincompatible-pointer-types]
  332 |     { GetItem_DrawMagicArrow, { gGiMagicArrowDL, gGiLightArrowColorDL, gGiArrowMagicDL } },
      |                                 ^~~~~~~~~~~~~~~
/home/david/Documents/RockBox_Personal-master/devsrc/nano-soh-runtime/Shipwright/soh/src/code/z_draw.c:332:33: note: (near initialization for 'sDrawItemTable[97].dlists[0]')
/home/david/Documents/RockBox_Personal-master/devsrc/nano-soh-runtime/Shipwright/soh/src/code/z_draw.c:332:50: warning: initialization of 'Gfx *' from incompatible pointer type 'const char *' [-Wincompatible-pointer-types]
  332 |     { GetItem_DrawMagicArrow, { gGiMagicArrowDL, gGiLightArrowColorDL, gGiArrowMagicDL } },
      |                                                  ^~~~~~~~~~~~~~~~~~~~
/home/david/Documents/RockBox_Personal-master/devsrc/nano-soh-runtime/Shipwright/soh/src/code/z_draw.c:332:50: note: (near initialization for 'sDrawItemTable[97].dlists[1]')
/home/david/Documents/RockBox_Personal-master/devsrc/nano-soh-runtime/Shipwright/soh/src/code/z_draw.c:332:72: warning: initialization of 'Gfx *' from incompatible pointer type 'const char *' [-Wincompatible-pointer-types]
  332 |     { GetItem_DrawMagicArrow, { gGiMagicArrowDL, gGiLightArrowColorDL, gGiArrowMagicDL } },
      |                                                                        ^~~~~~~~~~~~~~~
/home/david/Documents/RockBox_Personal-master/devsrc/nano-soh-runtime/Shipwright/soh/src/code/z_draw.c:332:72: note: (near initialization for 'sDrawItemTable[97].dlists[2]')
/home/david/Documents/RockBox_Personal-master/devsrc/nano-soh-runtime/Shipwright/soh/src/code/z_draw.c:334:33: warning: initialization of 'Gfx *' from incompatible pointer type 'const char *' [-Wincompatible-pointer-types]
  334 |     { GetItem_DrawSkullToken, { gGiSkulltulaTokenDL, gGiSkulltulaTokenFlameDL } },
      |                                 ^~~~~~~~~~~~~~~~~~~
/home/david/Documents/RockBox_Personal-master/devsrc/nano-soh-runtime/Shipwright/soh/src/code/z_draw.c:334:33: note: (near initialization for 'sDrawItemTable[98].dlists[0]')
/home/david/Documents/RockBox_Personal-master/devsrc/nano-soh-runtime/Shipwright/soh/src/code/z_draw.c:334:54: warning: initialization of 'Gfx *' from incompatible pointer type 'const char *' [-Wincompatible-pointer-types]
  334 |     { GetItem_DrawSkullToken, { gGiSkulltulaTokenDL, gGiSkulltulaTokenFlameDL } },
      |                                                      ^~~~~~~~~~~~~~~~~~~~~~~~
/home/david/Documents/RockBox_Personal-master/devsrc/nano-soh-runtime/Shipwright/soh/src/code/z_draw.c:334:54: note: (near initialization for 'sDrawItemTable[98].dlists[1]')
/home/david/Documents/RockBox_Personal-master/devsrc/nano-soh-runtime/Shipwright/soh/src/code/z_draw.c:336:33: warning: initialization of 'Gfx *' from incompatible pointer type 'const char *' [-Wincompatible-pointer-types]
  336 |     { GetItem_DrawMagicSpell, { gGiMagicSpellDiamondDL, gGiDinsFireColorDL, gGiMagicSpellOrbDL } },
      |                                 ^~~~~~~~~~~~~~~~~~~~~~
/home/david/Documents/RockBox_Personal-master/devsrc/nano-soh-runtime/Shipwright/soh/src/code/z_draw.c:336:33: note: (near initialization for 'sDrawItemTable[99].dlists[0]')
/home/david/Documents/RockBox_Personal-master/devsrc/nano-soh-runtime/Shipwright/soh/src/code/z_draw.c:336:57: warning: initialization of 'Gfx *' from incompatible pointer type 'const char *' [-Wincompatible-pointer-types]
  336 |     { GetItem_DrawMagicSpell, { gGiMagicSpellDiamondDL, gGiDinsFireColorDL, gGiMagicSpellOrbDL } },
      |                                                         ^~~~~~~~~~~~~~~~~~
/home/david/Documents/RockBox_Personal-master/devsrc/nano-soh-runtime/Shipwright/soh/src/code/z_draw.c:336:57: note: (near initialization for 'sDrawItemTable[99].dlists[1]')
/home/david/Documents/RockBox_Personal-master/devsrc/nano-soh-runtime/Shipwright/soh/src/code/z_draw.c:336:77: warning: initialization of 'Gfx *' from incompatible pointer type 'const char *' [-Wincompatible-pointer-types]
  336 |     { GetItem_DrawMagicSpell, { gGiMagicSpellDiamondDL, gGiDinsFireColorDL, gGiMagicSpellOrbDL } },
      |                                                                             ^~~~~~~~~~~~~~~~~~
/home/david/Documents/RockBox_Personal-master/devsrc/nano-soh-runtime/Shipwright/soh/src/code/z_draw.c:336:77: note: (near initialization for 'sDrawItemTable[99].dlists[2]')
/home/david/Documents/RockBox_Personal-master/devsrc/nano-soh-runtime/Shipwright/soh/src/code/z_draw.c:338:33: warning: initialization of 'Gfx *' from incompatible pointer type 'const char *' [-Wincompatible-pointer-types]
  338 |     { GetItem_DrawMagicSpell, { gGiMagicSpellDiamondDL, gGiFaroresWindColorDL, gGiMagicSpellOrbDL } },
      |                                 ^~~~~~~~~~~~~~~~~~~~~~
/home/david/Documents/RockBox_Personal-master/devsrc/nano-soh-runtime/Shipwright/soh/src/code/z_draw.c:338:33: note: (near initialization for 'sDrawItemTable[100].dlists[0]')
/home/david/Documents/RockBox_Personal-master/devsrc/nano-soh-runtime/Shipwright/soh/src/code/z_draw.c:338:57: warning: initialization of 'Gfx *' from incompatible pointer type 'const char *' [-Wincompatible-pointer-types]
  338 |     { GetItem_DrawMagicSpell, { gGiMagicSpellDiamondDL, gGiFaroresWindColorDL, gGiMagicSpellOrbDL } },
      |                                                         ^~~~~~~~~~~~~~~~~~~~~
/home/david/Documents/RockBox_Personal-master/devsrc/nano-soh-runtime/Shipwright/soh/src/code/z_draw.c:338:57: note: (near initialization for 'sDrawItemTable[100].dlists[1]')
/home/david/Documents/RockBox_Personal-master/devsrc/nano-soh-runtime/Shipwright/soh/src/code/z_draw.c:338:80: warning: initialization of 'Gfx *' from incompatible pointer type 'const char *' [-Wincompatible-pointer-types]
  338 |     { GetItem_DrawMagicSpell, { gGiMagicSpellDiamondDL, gGiFaroresWindColorDL, gGiMagicSpellOrbDL } },
      |                                                                                ^~~~~~~~~~~~~~~~~~
/home/david/Documents/RockBox_Personal-master/devsrc/nano-soh-runtime/Shipwright/soh/src/code/z_draw.c:338:80: note: (near initialization for 'sDrawItemTable[100].dlists[2]')
/home/david/Documents/RockBox_Personal-master/devsrc/nano-soh-runtime/Shipwright/soh/src/code/z_draw.c:340:33: warning: initialization of 'Gfx *' from incompatible pointer type 'const char *' [-Wincompatible-pointer-types]
  340 |     { GetItem_DrawMagicSpell, { gGiMagicSpellDiamondDL, gGiNayrusLoveColorDL, gGiMagicSpellOrbDL } },
      |                                 ^~~~~~~~~~~~~~~~~~~~~~
/home/david/Documents/RockBox_Personal-master/devsrc/nano-soh-runtime/Shipwright/soh/src/code/z_draw.c:340:33: note: (near initialization for 'sDrawItemTable[101].dlists[0]')
/home/david/Documents/RockBox_Personal-master/devsrc/nano-soh-runtime/Shipwright/soh/src/code/z_draw.c:340:57: warning: initialization of 'Gfx *' from incompatible pointer type 'const char *' [-Wincompatible-pointer-types]
  340 |     { GetItem_DrawMagicSpell, { gGiMagicSpellDiamondDL, gGiNayrusLoveColorDL, gGiMagicSpellOrbDL } },
      |                                                         ^~~~~~~~~~~~~~~~~~~~
/home/david/Documents/RockBox_Personal-master/devsrc/nano-soh-runtime/Shipwright/soh/src/code/z_draw.c:340:57: note: (near initialization for 'sDrawItemTable[101].dlists[1]')
/home/david/Documents/RockBox_Personal-master/devsrc/nano-soh-runtime/Shipwright/soh/src/code/z_draw.c:340:79: warning: initialization of 'Gfx *' from incompatible pointer type 'const char *' [-Wincompatible-pointer-types]
  340 |     { GetItem_DrawMagicSpell, { gGiMagicSpellDiamondDL, gGiNayrusLoveColorDL, gGiMagicSpellOrbDL } },
      |                                                                               ^~~~~~~~~~~~~~~~~~
/home/david/Documents/RockBox_Personal-master/devsrc/nano-soh-runtime/Shipwright/soh/src/code/z_draw.c:340:79: note: (near initialization for 'sDrawItemTable[101].dlists[2]')
/home/david/Documents/RockBox_Personal-master/devsrc/nano-soh-runtime/Shipwright/soh/src/code/z_draw.c:342:31: warning: initialization of 'Gfx *' from incompatible pointer type 'const char *' [-Wincompatible-pointer-types]
  342 |     { GetItem_DrawBlueFire, { gGiBlueFireChamberstickDL, gGiBlueFireFlameDL } },
      |                               ^~~~~~~~~~~~~~~~~~~~~~~~~
/home/david/Documents/RockBox_Personal-master/devsrc/nano-soh-runtime/Shipwright/soh/src/code/z_draw.c:342:31: note: (near initialization for 'sDrawItemTable[102].dlists[0]')
/home/david/Documents/RockBox_Personal-master/devsrc/nano-soh-runtime/Shipwright/soh/src/code/z_draw.c:342:58: warning: initialization of 'Gfx *' from incompatible pointer type 'const char *' [-Wincompatible-pointer-types]
  342 |     { GetItem_DrawBlueFire, { gGiBlueFireChamberstickDL, gGiBlueFireFlameDL } },
      |                                                          ^~~~~~~~~~~~~~~~~~
/home/david/Documents/RockBox_Personal-master/devsrc/nano-soh-runtime/Shipwright/soh/src/code/z_draw.c:342:58: note: (near initialization for 'sDrawItemTable[102].dlists[1]')
/home/david/Documents/RockBox_Personal-master/devsrc/nano-soh-runtime/Shipwright/soh/src/code/z_draw.c:344:31: warning: initialization of 'Gfx *' from incompatible pointer type 'const char *' [-Wincompatible-pointer-types]
  344 |     { GetItem_DrawOpa0Xlu1, { gGiBugsContainerDL, gGiBugsGlassDL } },
      |                               ^~~~~~~~~~~~~~~~~~
/home/david/Documents/RockBox_Personal-master/devsrc/nano-soh-runtime/Shipwright/soh/src/code/z_draw.c:344:31: note: (near initialization for 'sDrawItemTable[103].dlists[0]')
/home/david/Documents/RockBox_Personal-master/devsrc/nano-soh-runtime/Shipwright/soh/src/code/z_draw.c:344:51: warning: initialization of 'Gfx *' from incompatible pointer type 'const char *' [-Wincompatible-pointer-types]
  344 |     { GetItem_DrawOpa0Xlu1, { gGiBugsContainerDL, gGiBugsGlassDL } },
      |                                                   ^~~~~~~~~~~~~~
/home/david/Documents/RockBox_Personal-master/devsrc/nano-soh-runtime/Shipwright/soh/src/code/z_draw.c:344:51: note: (near initialization for 'sDrawItemTable[103].dlists[1]')
/home/david/Documents/RockBox_Personal-master/devsrc/nano-soh-runtime/Shipwright/soh/src/code/z_draw.c:346:31: warning: initialization of 'Gfx *' from incompatible pointer type 'const char *' [-Wincompatible-pointer-types]
  346 |     { GetItem_DrawOpa0Xlu1, { gGiButterflyContainerDL, gGiButterflyGlassDL } },
      |                               ^~~~~~~~~~~~~~~~~~~~~~~
/home/david/Documents/RockBox_Personal-master/devsrc/nano-soh-runtime/Shipwright/soh/src/code/z_draw.c:346:31: note: (near initialization for 'sDrawItemTable[104].dlists[0]')
/home/david/Documents/RockBox_Personal-master/devsrc/nano-soh-runtime/Shipwright/soh/src/code/z_draw.c:346:56: warning: initialization of 'Gfx *' from incompatible pointer type 'const char *' [-Wincompatible-pointer-types]
  346 |     { GetItem_DrawOpa0Xlu1, { gGiButterflyContainerDL, gGiButterflyGlassDL } },
      |                                                        ^~~~~~~~~~~~~~~~~~~
/home/david/Documents/RockBox_Personal-master/devsrc/nano-soh-runtime/Shipwright/soh/src/code/z_draw.c:346:56: note: (near initialization for 'sDrawItemTable[104].dlists[1]')
/home/david/Documents/RockBox_Personal-master/devsrc/nano-soh-runtime/Shipwright/soh/src/code/z_draw.c:349:9: warning: initialization of 'Gfx *' from incompatible pointer type 'const char *' [-Wincompatible-pointer-types]
  349 |       { gGiGhostContainerLidDL, gGiGhostContainerGlassDL, gGiGhostContainerContentsDL, gGiPoeColorDL } },
      |         ^~~~~~~~~~~~~~~~~~~~~~
/home/david/Documents/RockBox_Personal-master/devsrc/nano-soh-runtime/Shipwright/soh/src/code/z_draw.c:349:9: note: (near initialization for 'sDrawItemTable[105].dlists[0]')
/home/david/Documents/RockBox_Personal-master/devsrc/nano-soh-runtime/Shipwright/soh/src/code/z_draw.c:349:33: warning: initialization of 'Gfx *' from incompatible pointer type 'const char *' [-Wincompatible-pointer-types]
  349 |       { gGiGhostContainerLidDL, gGiGhostContainerGlassDL, gGiGhostContainerContentsDL, gGiPoeColorDL } },
      |                                 ^~~~~~~~~~~~~~~~~~~~~~~~
/home/david/Documents/RockBox_Personal-master/devsrc/nano-soh-runtime/Shipwright/soh/src/code/z_draw.c:349:33: note: (near initialization for 'sDrawItemTable[105].dlists[1]')
/home/david/Documents/RockBox_Personal-master/devsrc/nano-soh-runtime/Shipwright/soh/src/code/z_draw.c:349:59: warning: initialization of 'Gfx *' from incompatible pointer type 'const char *' [-Wincompatible-pointer-types]
  349 |       { gGiGhostContainerLidDL, gGiGhostContainerGlassDL, gGiGhostContainerContentsDL, gGiPoeColorDL } },
      |                                                           ^~~~~~~~~~~~~~~~~~~~~~~~~~~
/home/david/Documents/RockBox_Personal-master/devsrc/nano-soh-runtime/Shipwright/soh/src/code/z_draw.c:349:59: note: (near initialization for 'sDrawItemTable[105].dlists[2]')
/home/david/Documents/RockBox_Personal-master/devsrc/nano-soh-runtime/Shipwright/soh/src/code/z_draw.c:349:88: warning: initialization of 'Gfx *' from incompatible pointer type 'const char *' [-Wincompatible-pointer-types]
  349 |       { gGiGhostContainerLidDL, gGiGhostContainerGlassDL, gGiGhostContainerContentsDL, gGiPoeColorDL } },
      |                                                                                        ^~~~~~~~~~~~~
/home/david/Documents/RockBox_Personal-master/devsrc/nano-soh-runtime/Shipwright/soh/src/code/z_draw.c:349:88: note: (near initialization for 'sDrawItemTable[105].dlists[3]')
/home/david/Documents/RockBox_Personal-master/devsrc/nano-soh-runtime/Shipwright/soh/src/code/z_draw.c:351:28: warning: initialization of 'Gfx *' from incompatible pointer type 'const char *' [-Wincompatible-pointer-types]
  351 |     { GetItem_DrawFairy, { gGiFairyContainerBaseCapDL, gGiFairyContainerGlassDL, gGiFairyContainerContentsDL } },
      |                            ^~~~~~~~~~~~~~~~~~~~~~~~~~
/home/david/Documents/RockBox_Personal-master/devsrc/nano-soh-runtime/Shipwright/soh/src/code/z_draw.c:351:28: note: (near initialization for 'sDrawItemTable[106].dlists[0]')
/home/david/Documents/RockBox_Personal-master/devsrc/nano-soh-runtime/Shipwright/soh/src/code/z_draw.c:351:56: warning: initialization of 'Gfx *' from incompatible pointer type 'const char *' [-Wincompatible-pointer-types]
  351 |     { GetItem_DrawFairy, { gGiFairyContainerBaseCapDL, gGiFairyContainerGlassDL, gGiFairyContainerContentsDL } },
      |                                                        ^~~~~~~~~~~~~~~~~~~~~~~~
/home/david/Documents/RockBox_Personal-master/devsrc/nano-soh-runtime/Shipwright/soh/src/code/z_draw.c:351:56: note: (near initialization for 'sDrawItemTable[106].dlists[1]')
/home/david/Documents/RockBox_Personal-master/devsrc/nano-soh-runtime/Shipwright/soh/src/code/z_draw.c:351:82: warning: initialization of 'Gfx *' from incompatible pointer type 'const char *' [-Wincompatible-pointer-types]
  351 |     { GetItem_DrawFairy, { gGiFairyContainerBaseCapDL, gGiFairyContainerGlassDL, gGiFairyContainerContentsDL } },
      |                                                                                  ^~~~~~~~~~~~~~~~~~~~~~~~~~~
/home/david/Documents/RockBox_Personal-master/devsrc/nano-soh-runtime/Shipwright/soh/src/code/z_draw.c:351:82: note: (near initialization for 'sDrawItemTable[106].dlists[2]')
/home/david/Documents/RockBox_Personal-master/devsrc/nano-soh-runtime/Shipwright/soh/src/code/z_draw.c:354:9: warning: initialization of 'Gfx *' from incompatible pointer type 'const char *' [-Wincompatible-pointer-types]
  354 |       { gGiBulletBagDL, gGiBulletBagColorDL, gGiBulletBagStringDL, gGiBulletBagStringColorDL, gGiBulletBagWritingDL } },
      |         ^~~~~~~~~~~~~~
/home/david/Documents/RockBox_Personal-master/devsrc/nano-soh-runtime/Shipwright/soh/src/code/z_draw.c:354:9: note: (near initialization for 'sDrawItemTable[107].dlists[0]')
/home/david/Documents/RockBox_Personal-master/devsrc/nano-soh-runtime/Shipwright/soh/src/code/z_draw.c:354:25: warning: initialization of 'Gfx *' from incompatible pointer type 'const char *' [-Wincompatible-pointer-types]
  354 |       { gGiBulletBagDL, gGiBulletBagColorDL, gGiBulletBagStringDL, gGiBulletBagStringColorDL, gGiBulletBagWritingDL } },
      |                         ^~~~~~~~~~~~~~~~~~~
/home/david/Documents/RockBox_Personal-master/devsrc/nano-soh-runtime/Shipwright/soh/src/code/z_draw.c:354:25: note: (near initialization for 'sDrawItemTable[107].dlists[1]')
/home/david/Documents/RockBox_Personal-master/devsrc/nano-soh-runtime/Shipwright/soh/src/code/z_draw.c:354:46: warning: initialization of 'Gfx *' from incompatible pointer type 'const char *' [-Wincompatible-pointer-types]
  354 |       { gGiBulletBagDL, gGiBulletBagColorDL, gGiBulletBagStringDL, gGiBulletBagStringColorDL, gGiBulletBagWritingDL } },
      |                                              ^~~~~~~~~~~~~~~~~~~~
/home/david/Documents/RockBox_Personal-master/devsrc/nano-soh-runtime/Shipwright/soh/src/code/z_draw.c:354:46: note: (near initialization for 'sDrawItemTable[107].dlists[2]')
/home/david/Documents/RockBox_Personal-master/devsrc/nano-soh-runtime/Shipwright/soh/src/code/z_draw.c:354:68: warning: initialization of 'Gfx *' from incompatible pointer type 'const char *' [-Wincompatible-pointer-types]
  354 |       { gGiBulletBagDL, gGiBulletBagColorDL, gGiBulletBagStringDL, gGiBulletBagStringColorDL, gGiBulletBagWritingDL } },
      |                                                                    ^~~~~~~~~~~~~~~~~~~~~~~~~
/home/david/Documents/RockBox_Personal-master/devsrc/nano-soh-runtime/Shipwright/soh/src/code/z_draw.c:354:68: note: (near initialization for 'sDrawItemTable[107].dlists[3]')
/home/david/Documents/RockBox_Personal-master/devsrc/nano-soh-runtime/Shipwright/soh/src/code/z_draw.c:354:95: warning: initialization of 'Gfx *' from incompatible pointer type 'const char *' [-Wincompatible-pointer-types]
  354 |       { gGiBulletBagDL, gGiBulletBagColorDL, gGiBulletBagStringDL, gGiBulletBagStringColorDL, gGiBulletBagWritingDL } },
      |                                                                                               ^~~~~~~~~~~~~~~~~~~~~
/home/david/Documents/RockBox_Personal-master/devsrc/nano-soh-runtime/Shipwright/soh/src/code/z_draw.c:354:95: note: (near initialization for 'sDrawItemTable[107].dlists[4]')
/home/david/Documents/RockBox_Personal-master/devsrc/nano-soh-runtime/Shipwright/soh/src/code/z_draw.c:357:9: warning: initialization of 'Gfx *' from incompatible pointer type 'const char *' [-Wincompatible-pointer-types]
  357 |       { gGiRupeeInnerDL, gGiGreenRupeeInnerColorDL, gGiRupeeOuterDL, gGiGreenRupeeOuterColorDL } },
      |         ^~~~~~~~~~~~~~~
/home/david/Documents/RockBox_Personal-master/devsrc/nano-soh-runtime/Shipwright/soh/src/code/z_draw.c:357:9: note: (near initialization for 'sDrawItemTable[108].dlists[0]')
/home/david/Documents/RockBox_Personal-master/devsrc/nano-soh-runtime/Shipwright/soh/src/code/z_draw.c:357:26: warning: initialization of 'Gfx *' from incompatible pointer type 'const char *' [-Wincompatible-pointer-types]
  357 |       { gGiRupeeInnerDL, gGiGreenRupeeInnerColorDL, gGiRupeeOuterDL, gGiGreenRupeeOuterColorDL } },
      |                          ^~~~~~~~~~~~~~~~~~~~~~~~~
/home/david/Documents/RockBox_Personal-master/devsrc/nano-soh-runtime/Shipwright/soh/src/code/z_draw.c:357:26: note: (near initialization for 'sDrawItemTable[108].dlists[1]')
/home/david/Documents/RockBox_Personal-master/devsrc/nano-soh-runtime/Shipwright/soh/src/code/z_draw.c:357:53: warning: initialization of 'Gfx *' from incompatible pointer type 'const char *' [-Wincompatible-pointer-types]
  357 |       { gGiRupeeInnerDL, gGiGreenRupeeInnerColorDL, gGiRupeeOuterDL, gGiGreenRupeeOuterColorDL } },
      |                                                     ^~~~~~~~~~~~~~~
/home/david/Documents/RockBox_Personal-master/devsrc/nano-soh-runtime/Shipwright/soh/src/code/z_draw.c:357:53: note: (near initialization for 'sDrawItemTable[108].dlists[2]')
/home/david/Documents/RockBox_Personal-master/devsrc/nano-soh-runtime/Shipwright/soh/src/code/z_draw.c:357:70: warning: initialization of 'Gfx *' from incompatible pointer type 'const char *' [-Wincompatible-pointer-types]
  357 |       { gGiRupeeInnerDL, gGiGreenRupeeInnerColorDL, gGiRupeeOuterDL, gGiGreenRupeeOuterColorDL } },
      |                                                                      ^~~~~~~~~~~~~~~~~~~~~~~~~
/home/david/Documents/RockBox_Personal-master/devsrc/nano-soh-runtime/Shipwright/soh/src/code/z_draw.c:357:70: note: (near initialization for 'sDrawItemTable[108].dlists[3]')
/home/david/Documents/RockBox_Personal-master/devsrc/nano-soh-runtime/Shipwright/soh/src/code/z_draw.c:360:9: warning: initialization of 'Gfx *' from incompatible pointer type 'const char *' [-Wincompatible-pointer-types]
  360 |       { gGiRupeeInnerDL, gGiBlueRupeeInnerColorDL, gGiRupeeOuterDL, gGiBlueRupeeOuterColorDL } },
      |         ^~~~~~~~~~~~~~~
/home/david/Documents/RockBox_Personal-master/devsrc/nano-soh-runtime/Shipwright/soh/src/code/z_draw.c:360:9: note: (near initialization for 'sDrawItemTable[109].dlists[0]')
/home/david/Documents/RockBox_Personal-master/devsrc/nano-soh-runtime/Shipwright/soh/src/code/z_draw.c:360:26: warning: initialization of 'Gfx *' from incompatible pointer type 'const char *' [-Wincompatible-pointer-types]
  360 |       { gGiRupeeInnerDL, gGiBlueRupeeInnerColorDL, gGiRupeeOuterDL, gGiBlueRupeeOuterColorDL } },
      |                          ^~~~~~~~~~~~~~~~~~~~~~~~
/home/david/Documents/RockBox_Personal-master/devsrc/nano-soh-runtime/Shipwright/soh/src/code/z_draw.c:360:26: note: (near initialization for 'sDrawItemTable[109].dlists[1]')
/home/david/Documents/RockBox_Personal-master/devsrc/nano-soh-runtime/Shipwright/soh/src/code/z_draw.c:360:52: warning: initialization of 'Gfx *' from incompatible pointer type 'const char *' [-Wincompatible-pointer-types]
  360 |       { gGiRupeeInnerDL, gGiBlueRupeeInnerColorDL, gGiRupeeOuterDL, gGiBlueRupeeOuterColorDL } },
      |                                                    ^~~~~~~~~~~~~~~
/home/david/Documents/RockBox_Personal-master/devsrc/nano-soh-runtime/Shipwright/soh/src/code/z_draw.c:360:52: note: (near initialization for 'sDrawItemTable[109].dlists[2]')
/home/david/Documents/RockBox_Personal-master/devsrc/nano-soh-runtime/Shipwright/soh/src/code/z_draw.c:360:69: warning: initialization of 'Gfx *' from incompatible pointer type 'const char *' [-Wincompatible-pointer-types]
  360 |       { gGiRupeeInnerDL, gGiBlueRupeeInnerColorDL, gGiRupeeOuterDL, gGiBlueRupeeOuterColorDL } },
      |                                                                     ^~~~~~~~~~~~~~~~~~~~~~~~
/home/david/Documents/RockBox_Personal-master/devsrc/nano-soh-runtime/Shipwright/soh/src/code/z_draw.c:360:69: note: (near initialization for 'sDrawItemTable[109].dlists[3]')
/home/david/Documents/RockBox_Personal-master/devsrc/nano-soh-runtime/Shipwright/soh/src/code/z_draw.c:362:33: warning: initialization of 'Gfx *' from incompatible pointer type 'const char *' [-Wincompatible-pointer-types]
  362 |     { GetItem_DrawSmallRupee, { gGiRupeeInnerDL, gGiRedRupeeInnerColorDL, gGiRupeeOuterDL, gGiRedRupeeOuterColorDL } },
      |                                 ^~~~~~~~~~~~~~~
/home/david/Documents/RockBox_Personal-master/devsrc/nano-soh-runtime/Shipwright/soh/src/code/z_draw.c:362:33: note: (near initialization for 'sDrawItemTable[110].dlists[0]')
/home/david/Documents/RockBox_Personal-master/devsrc/nano-soh-runtime/Shipwright/soh/src/code/z_draw.c:362:50: warning: initialization of 'Gfx *' from incompatible pointer type 'const char *' [-Wincompatible-pointer-types]
  362 |     { GetItem_DrawSmallRupee, { gGiRupeeInnerDL, gGiRedRupeeInnerColorDL, gGiRupeeOuterDL, gGiRedRupeeOuterColorDL } },
      |                                                  ^~~~~~~~~~~~~~~~~~~~~~~
/home/david/Documents/RockBox_Personal-master/devsrc/nano-soh-runtime/Shipwright/soh/src/code/z_draw.c:362:50: note: (near initialization for 'sDrawItemTable[110].dlists[1]')
/home/david/Documents/RockBox_Personal-master/devsrc/nano-soh-runtime/Shipwright/soh/src/code/z_draw.c:362:75: warning: initialization of 'Gfx *' from incompatible pointer type 'const char *' [-Wincompatible-pointer-types]
  362 |     { GetItem_DrawSmallRupee, { gGiRupeeInnerDL, gGiRedRupeeInnerColorDL, gGiRupeeOuterDL, gGiRedRupeeOuterColorDL } },
      |                                                                           ^~~~~~~~~~~~~~~
/home/david/Documents/RockBox_Personal-master/devsrc/nano-soh-runtime/Shipwright/soh/src/code/z_draw.c:362:75: note: (near initialization for 'sDrawItemTable[110].dlists[2]')
/home/david/Documents/RockBox_Personal-master/devsrc/nano-soh-runtime/Shipwright/soh/src/code/z_draw.c:362:92: warning: initialization of 'Gfx *' from incompatible pointer type 'const char *' [-Wincompatible-pointer-types]
  362 |     { GetItem_DrawSmallRupee, { gGiRupeeInnerDL, gGiRedRupeeInnerColorDL, gGiRupeeOuterDL, gGiRedRupeeOuterColorDL } },
      |                                                                                            ^~~~~~~~~~~~~~~~~~~~~~~
/home/david/Documents/RockBox_Personal-master/devsrc/nano-soh-runtime/Shipwright/soh/src/code/z_draw.c:362:92: note: (near initialization for 'sDrawItemTable[110].dlists[3]')
/home/david/Documents/RockBox_Personal-master/devsrc/nano-soh-runtime/Shipwright/soh/src/code/z_draw.c:365:9: warning: initialization of 'Gfx *' from incompatible pointer type 'const char *' [-Wincompatible-pointer-types]
  365 |       { gGiGhostContainerLidDL, gGiGhostContainerGlassDL, gGiGhostContainerContentsDL, gGiBigPoeColorDL } },
      |         ^~~~~~~~~~~~~~~~~~~~~~
/home/david/Documents/RockBox_Personal-master/devsrc/nano-soh-runtime/Shipwright/soh/src/code/z_draw.c:365:9: note: (near initialization for 'sDrawItemTable[111].dlists[0]')
/home/david/Documents/RockBox_Personal-master/devsrc/nano-soh-runtime/Shipwright/soh/src/code/z_draw.c:365:33: warning: initialization of 'Gfx *' from incompatible pointer type 'const char *' [-Wincompatible-pointer-types]
  365 |       { gGiGhostContainerLidDL, gGiGhostContainerGlassDL, gGiGhostContainerContentsDL, gGiBigPoeColorDL } },
      |                                 ^~~~~~~~~~~~~~~~~~~~~~~~
/home/david/Documents/RockBox_Personal-master/devsrc/nano-soh-runtime/Shipwright/soh/src/code/z_draw.c:365:33: note: (near initialization for 'sDrawItemTable[111].dlists[1]')
/home/david/Documents/RockBox_Personal-master/devsrc/nano-soh-runtime/Shipwright/soh/src/code/z_draw.c:365:59: warning: initialization of 'Gfx *' from incompatible pointer type 'const char *' [-Wincompatible-pointer-types]
  365 |       { gGiGhostContainerLidDL, gGiGhostContainerGlassDL, gGiGhostContainerContentsDL, gGiBigPoeColorDL } },
      |                                                           ^~~~~~~~~~~~~~~~~~~~~~~~~~~
/home/david/Documents/RockBox_Personal-master/devsrc/nano-soh-runtime/Shipwright/soh/src/code/z_draw.c:365:59: note: (near initialization for 'sDrawItemTable[111].dlists[2]')
/home/david/Documents/RockBox_Personal-master/devsrc/nano-soh-runtime/Shipwright/soh/src/code/z_draw.c:365:88: warning: initialization of 'Gfx *' from incompatible pointer type 'const char *' [-Wincompatible-pointer-types]
  365 |       { gGiGhostContainerLidDL, gGiGhostContainerGlassDL, gGiGhostContainerContentsDL, gGiBigPoeColorDL } },
      |                                                                                        ^~~~~~~~~~~~~~~~
/home/david/Documents/RockBox_Personal-master/devsrc/nano-soh-runtime/Shipwright/soh/src/code/z_draw.c:365:88: note: (near initialization for 'sDrawItemTable[111].dlists[3]')
/home/david/Documents/RockBox_Personal-master/devsrc/nano-soh-runtime/Shipwright/soh/src/code/z_draw.c:368:9: warning: initialization of 'Gfx *' from incompatible pointer type 'const char *' [-Wincompatible-pointer-types]
  368 |       { gGiRupeeInnerDL, gGiPurpleRupeeInnerColorDL, gGiRupeeOuterDL, gGiPurpleRupeeOuterColorDL } },
      |         ^~~~~~~~~~~~~~~
/home/david/Documents/RockBox_Personal-master/devsrc/nano-soh-runtime/Shipwright/soh/src/code/z_draw.c:368:9: note: (near initialization for 'sDrawItemTable[112].dlists[0]')
/home/david/Documents/RockBox_Personal-master/devsrc/nano-soh-runtime/Shipwright/soh/src/code/z_draw.c:368:26: warning: initialization of 'Gfx *' from incompatible pointer type 'const char *' [-Wincompatible-pointer-types]
  368 |       { gGiRupeeInnerDL, gGiPurpleRupeeInnerColorDL, gGiRupeeOuterDL, gGiPurpleRupeeOuterColorDL } },
      |                          ^~~~~~~~~~~~~~~~~~~~~~~~~~
/home/david/Documents/RockBox_Personal-master/devsrc/nano-soh-runtime/Shipwright/soh/src/code/z_draw.c:368:26: note: (near initialization for 'sDrawItemTable[112].dlists[1]')
/home/david/Documents/RockBox_Personal-master/devsrc/nano-soh-runtime/Shipwright/soh/src/code/z_draw.c:368:54: warning: initialization of 'Gfx *' from incompatible pointer type 'const char *' [-Wincompatible-pointer-types]
  368 |       { gGiRupeeInnerDL, gGiPurpleRupeeInnerColorDL, gGiRupeeOuterDL, gGiPurpleRupeeOuterColorDL } },
      |                                                      ^~~~~~~~~~~~~~~
/home/david/Documents/RockBox_Personal-master/devsrc/nano-soh-runtime/Shipwright/soh/src/code/z_draw.c:368:54: note: (near initialization for 'sDrawItemTable[112].dlists[2]')
/home/david/Documents/RockBox_Personal-master/devsrc/nano-soh-runtime/Shipwright/soh/src/code/z_draw.c:368:71: warning: initialization of 'Gfx *' from incompatible pointer type 'const char *' [-Wincompatible-pointer-types]
  368 |       { gGiRupeeInnerDL, gGiPurpleRupeeInnerColorDL, gGiRupeeOuterDL, gGiPurpleRupeeOuterColorDL } },
      |                                                                       ^~~~~~~~~~~~~~~~~~~~~~~~~~
/home/david/Documents/RockBox_Personal-master/devsrc/nano-soh-runtime/Shipwright/soh/src/code/z_draw.c:368:71: note: (near initialization for 'sDrawItemTable[112].dlists[3]')
/home/david/Documents/RockBox_Personal-master/devsrc/nano-soh-runtime/Shipwright/soh/src/code/z_draw.c:371:9: warning: initialization of 'Gfx *' from incompatible pointer type 'const char *' [-Wincompatible-pointer-types]
  371 |       { gGiRupeeInnerDL, gGiGoldRupeeInnerColorDL, gGiRupeeOuterDL, gGiGoldRupeeOuterColorDL } },
      |         ^~~~~~~~~~~~~~~
/home/david/Documents/RockBox_Personal-master/devsrc/nano-soh-runtime/Shipwright/soh/src/code/z_draw.c:371:9: note: (near initialization for 'sDrawItemTable[113].dlists[0]')
/home/david/Documents/RockBox_Personal-master/devsrc/nano-soh-runtime/Shipwright/soh/src/code/z_draw.c:371:26: warning: initialization of 'Gfx *' from incompatible pointer type 'const char *' [-Wincompatible-pointer-types]
  371 |       { gGiRupeeInnerDL, gGiGoldRupeeInnerColorDL, gGiRupeeOuterDL, gGiGoldRupeeOuterColorDL } },
      |                          ^~~~~~~~~~~~~~~~~~~~~~~~
/home/david/Documents/RockBox_Personal-master/devsrc/nano-soh-runtime/Shipwright/soh/src/code/z_draw.c:371:26: note: (near initialization for 'sDrawItemTable[113].dlists[1]')
/home/david/Documents/RockBox_Personal-master/devsrc/nano-soh-runtime/Shipwright/soh/src/code/z_draw.c:371:52: warning: initialization of 'Gfx *' from incompatible pointer type 'const char *' [-Wincompatible-pointer-types]
  371 |       { gGiRupeeInnerDL, gGiGoldRupeeInnerColorDL, gGiRupeeOuterDL, gGiGoldRupeeOuterColorDL } },
      |                                                    ^~~~~~~~~~~~~~~
/home/david/Documents/RockBox_Personal-master/devsrc/nano-soh-runtime/Shipwright/soh/src/code/z_draw.c:371:52: note: (near initialization for 'sDrawItemTable[113].dlists[2]')
/home/david/Documents/RockBox_Personal-master/devsrc/nano-soh-runtime/Shipwright/soh/src/code/z_draw.c:371:69: warning: initialization of 'Gfx *' from incompatible pointer type 'const char *' [-Wincompatible-pointer-types]
  371 |       { gGiRupeeInnerDL, gGiGoldRupeeInnerColorDL, gGiRupeeOuterDL, gGiGoldRupeeOuterColorDL } },
      |                                                                     ^~~~~~~~~~~~~~~~~~~~~~~~
/home/david/Documents/RockBox_Personal-master/devsrc/nano-soh-runtime/Shipwright/soh/src/code/z_draw.c:371:69: note: (near initialization for 'sDrawItemTable[113].dlists[3]')
/home/david/Documents/RockBox_Personal-master/devsrc/nano-soh-runtime/Shipwright/soh/src/code/z_draw.c:374:9: warning: initialization of 'Gfx *' from incompatible pointer type 'const char *' [-Wincompatible-pointer-types]
  374 |       { gGiBulletBagDL, gGiBulletBag50ColorDL, gGiBulletBagStringDL, gGiBulletBag50StringColorDL,
      |         ^~~~~~~~~~~~~~
/home/david/Documents/RockBox_Personal-master/devsrc/nano-soh-runtime/Shipwright/soh/src/code/z_draw.c:374:9: note: (near initialization for 'sDrawItemTable[114].dlists[0]')
/home/david/Documents/RockBox_Personal-master/devsrc/nano-soh-runtime/Shipwright/soh/src/code/z_draw.c:374:25: warning: initialization of 'Gfx *' from incompatible pointer type 'const char *' [-Wincompatible-pointer-types]
  374 |       { gGiBulletBagDL, gGiBulletBag50ColorDL, gGiBulletBagStringDL, gGiBulletBag50StringColorDL,
      |                         ^~~~~~~~~~~~~~~~~~~~~
/home/david/Documents/RockBox_Personal-master/devsrc/nano-soh-runtime/Shipwright/soh/src/code/z_draw.c:374:25: note: (near initialization for 'sDrawItemTable[114].dlists[1]')
/home/david/Documents/RockBox_Personal-master/devsrc/nano-soh-runtime/Shipwright/soh/src/code/z_draw.c:374:48: warning: initialization of 'Gfx *' from incompatible pointer type 'const char *' [-Wincompatible-pointer-types]
  374 |       { gGiBulletBagDL, gGiBulletBag50ColorDL, gGiBulletBagStringDL, gGiBulletBag50StringColorDL,
      |                                                ^~~~~~~~~~~~~~~~~~~~
/home/david/Documents/RockBox_Personal-master/devsrc/nano-soh-runtime/Shipwright/soh/src/code/z_draw.c:374:48: note: (near initialization for 'sDrawItemTable[114].dlists[2]')
/home/david/Documents/RockBox_Personal-master/devsrc/nano-soh-runtime/Shipwright/soh/src/code/z_draw.c:374:70: warning: initialization of 'Gfx *' from incompatible pointer type 'const char *' [-Wincompatible-pointer-types]
  374 |       { gGiBulletBagDL, gGiBulletBag50ColorDL, gGiBulletBagStringDL, gGiBulletBag50StringColorDL,
      |                                                                      ^~~~~~~~~~~~~~~~~~~~~~~~~~~
/home/david/Documents/RockBox_Personal-master/devsrc/nano-soh-runtime/Shipwright/soh/src/code/z_draw.c:374:70: note: (near initialization for 'sDrawItemTable[114].dlists[3]')
/home/david/Documents/RockBox_Personal-master/devsrc/nano-soh-runtime/Shipwright/soh/src/code/z_draw.c:375:9: warning: initialization of 'Gfx *' from incompatible pointer type 'const char *' [-Wincompatible-pointer-types]
  375 |         gGiBulletBagWritingDL } },
      |         ^~~~~~~~~~~~~~~~~~~~~
/home/david/Documents/RockBox_Personal-master/devsrc/nano-soh-runtime/Shipwright/soh/src/code/z_draw.c:375:9: note: (near initialization for 'sDrawItemTable[114].dlists[4]')
/home/david/Documents/RockBox_Personal-master/devsrc/nano-soh-runtime/Shipwright/soh/src/code/z_draw.c:377:27: warning: initialization of 'Gfx *' from incompatible pointer type 'const char *' [-Wincompatible-pointer-types]
  377 |     { GetItem_DrawOpa0, { gGiKokiriSwordDL } },
      |                           ^~~~~~~~~~~~~~~~
/home/david/Documents/RockBox_Personal-master/devsrc/nano-soh-runtime/Shipwright/soh/src/code/z_draw.c:377:27: note: (near initialization for 'sDrawItemTable[115].dlists[0]')
/home/david/Documents/RockBox_Personal-master/devsrc/nano-soh-runtime/Shipwright/soh/src/code/z_draw.c:379:33: warning: initialization of 'Gfx *' from incompatible pointer type 'const char *' [-Wincompatible-pointer-types]
  379 |     { GetItem_DrawSkullToken, { gSkulltulaTokenDL, gSkulltulaTokenFlameDL } },
      |                                 ^~~~~~~~~~~~~~~~~
/home/david/Documents/RockBox_Personal-master/devsrc/nano-soh-runtime/Shipwright/soh/src/code/z_draw.c:379:33: note: (near initialization for 'sDrawItemTable[116].dlists[0]')
/home/david/Documents/RockBox_Personal-master/devsrc/nano-soh-runtime/Shipwright/soh/src/code/z_draw.c:379:52: warning: initialization of 'Gfx *' from incompatible pointer type 'const char *' [-Wincompatible-pointer-types]
  379 |     { GetItem_DrawSkullToken, { gSkulltulaTokenDL, gSkulltulaTokenFlameDL } },
      |                                                    ^~~~~~~~~~~~~~~~~~~~~~
/home/david/Documents/RockBox_Personal-master/devsrc/nano-soh-runtime/Shipwright/soh/src/code/z_draw.c:379:52: note: (near initialization for 'sDrawItemTable[116].dlists[1]')
/home/david/Documents/RockBox_Personal-master/devsrc/nano-soh-runtime/Shipwright/soh/src/code/z_draw.c:381:34: warning: initialization of 'Gfx *' from incompatible pointer type 'const char *' [-Wincompatible-pointer-types]
  381 |     { GetItem_DrawJewelKokiri, { gGiKokiriEmeraldGemDL, gGiKokiriEmeraldSettingDL } },
      |                                  ^~~~~~~~~~~~~~~~~~~~~
/home/david/Documents/RockBox_Personal-master/devsrc/nano-soh-runtime/Shipwright/soh/src/code/z_draw.c:381:34: note: (near initialization for 'sDrawItemTable[117].dlists[0]')
/home/david/Documents/RockBox_Personal-master/devsrc/nano-soh-runtime/Shipwright/soh/src/code/z_draw.c:381:57: warning: initialization of 'Gfx *' from incompatible pointer type 'const char *' [-Wincompatible-pointer-types]
  381 |     { GetItem_DrawJewelKokiri, { gGiKokiriEmeraldGemDL, gGiKokiriEmeraldSettingDL } },
      |                                                         ^~~~~~~~~~~~~~~~~~~~~~~~~
/home/david/Documents/RockBox_Personal-master/devsrc/nano-soh-runtime/Shipwright/soh/src/code/z_draw.c:381:57: note: (near initialization for 'sDrawItemTable[117].dlists[1]')
/home/david/Documents/RockBox_Personal-master/devsrc/nano-soh-runtime/Shipwright/soh/src/code/z_draw.c:382:33: warning: initialization of 'Gfx *' from incompatible pointer type 'const char *' [-Wincompatible-pointer-types]
  382 |     { GetItem_DrawJewelGoron, { gGiGoronRubyGemDL, gGiGoronRubySettingDL } },
      |                                 ^~~~~~~~~~~~~~~~~
/home/david/Documents/RockBox_Personal-master/devsrc/nano-soh-runtime/Shipwright/soh/src/code/z_draw.c:382:33: note: (near initialization for 'sDrawItemTable[118].dlists[0]')
/home/david/Documents/RockBox_Personal-master/devsrc/nano-soh-runtime/Shipwright/soh/src/code/z_draw.c:382:52: warning: initialization of 'Gfx *' from incompatible pointer type 'const char *' [-Wincompatible-pointer-types]
  382 |     { GetItem_DrawJewelGoron, { gGiGoronRubyGemDL, gGiGoronRubySettingDL } },
      |                                                    ^~~~~~~~~~~~~~~~~~~~~
/home/david/Documents/RockBox_Personal-master/devsrc/nano-soh-runtime/Shipwright/soh/src/code/z_draw.c:382:52: note: (near initialization for 'sDrawItemTable[118].dlists[1]')
/home/david/Documents/RockBox_Personal-master/devsrc/nano-soh-runtime/Shipwright/soh/src/code/z_draw.c:383:32: warning: initialization of 'Gfx *' from incompatible pointer type 'const char *' [-Wincompatible-pointer-types]
  383 |     { GetItem_DrawJewelZora, { gGiZoraSapphireGemDL, gGiZoraSapphireSettingDL } },
      |                                ^~~~~~~~~~~~~~~~~~~~
/home/david/Documents/RockBox_Personal-master/devsrc/nano-soh-runtime/Shipwright/soh/src/code/z_draw.c:383:32: note: (near initialization for 'sDrawItemTable[119].dlists[0]')
/home/david/Documents/RockBox_Personal-master/devsrc/nano-soh-runtime/Shipwright/soh/src/code/z_draw.c:383:54: warning: initialization of 'Gfx *' from incompatible pointer type 'const char *' [-Wincompatible-pointer-types]
  383 |     { GetItem_DrawJewelZora, { gGiZoraSapphireGemDL, gGiZoraSapphireSettingDL } },
      |                                                      ^~~~~~~~~~~~~~~~~~~~~~~~
/home/david/Documents/RockBox_Personal-master/devsrc/nano-soh-runtime/Shipwright/soh/src/code/z_draw.c:383:54: note: (near initialization for 'sDrawItemTable[119].dlists[1]')
/home/david/Documents/RockBox_Personal-master/devsrc/nano-soh-runtime/Shipwright/soh/src/code/z_draw.c:385:39: warning: initialization of 'Gfx *' from incompatible pointer type 'const char *' [-Wincompatible-pointer-types]
  385 |     { GetItem_DrawGenericMusicNote, { gGiSongNoteDL } }, // Generic
      |                                       ^~~~~~~~~~~~~
/home/david/Documents/RockBox_Personal-master/devsrc/nano-soh-runtime/Shipwright/soh/src/code/z_draw.c:385:39: note: (near initialization for 'sDrawItemTable[120].dlists[0]')
/home/david/Documents/RockBox_Personal-master/devsrc/nano-soh-runtime/Shipwright/soh/src/code/z_draw.c:387:39: warning: initialization of 'Gfx *' from incompatible pointer type 'const char *' [-Wincompatible-pointer-types]
  387 |     { GetItem_DrawGenericMusicNote, { gGiSongNoteDL } },  // Zelda's  Lullaby
      |                                       ^~~~~~~~~~~~~
/home/david/Documents/RockBox_Personal-master/devsrc/nano-soh-runtime/Shipwright/soh/src/code/z_draw.c:387:39: note: (near initialization for 'sDrawItemTable[121].dlists[0]')
/home/david/Documents/RockBox_Personal-master/devsrc/nano-soh-runtime/Shipwright/soh/src/code/z_draw.c:388:39: warning: initialization of 'Gfx *' from incompatible pointer type 'const char *' [-Wincompatible-pointer-types]
  388 |     { GetItem_DrawGenericMusicNote, { gGiSongNoteDL } },  // Epona's song
      |                                       ^~~~~~~~~~~~~
/home/david/Documents/RockBox_Personal-master/devsrc/nano-soh-runtime/Shipwright/soh/src/code/z_draw.c:388:39: note: (near initialization for 'sDrawItemTable[122].dlists[0]')
/home/david/Documents/RockBox_Personal-master/devsrc/nano-soh-runtime/Shipwright/soh/src/code/z_draw.c:389:39: warning: initialization of 'Gfx *' from incompatible pointer type 'const char *' [-Wincompatible-pointer-types]
  389 |     { GetItem_DrawGenericMusicNote, { gGiSongNoteDL } },  // Saria's song
      |                                       ^~~~~~~~~~~~~
/home/david/Documents/RockBox_Personal-master/devsrc/nano-soh-runtime/Shipwright/soh/src/code/z_draw.c:389:39: note: (near initialization for 'sDrawItemTable[123].dlists[0]')
/home/david/Documents/RockBox_Personal-master/devsrc/nano-soh-runtime/Shipwright/soh/src/code/z_draw.c:390:39: warning: initialization of 'Gfx *' from incompatible pointer type 'const char *' [-Wincompatible-pointer-types]
  390 |     { GetItem_DrawGenericMusicNote, { gGiSongNoteDL } },  // Sun's song
      |                                       ^~~~~~~~~~~~~
/home/david/Documents/RockBox_Personal-master/devsrc/nano-soh-runtime/Shipwright/soh/src/code/z_draw.c:390:39: note: (near initialization for 'sDrawItemTable[124].dlists[0]')
/home/david/Documents/RockBox_Personal-master/devsrc/nano-soh-runtime/Shipwright/soh/src/code/z_draw.c:391:39: warning: initialization of 'Gfx *' from incompatible pointer type 'const char *' [-Wincompatible-pointer-types]
  391 |     { GetItem_DrawGenericMusicNote, { gGiSongNoteDL } },  // Song of time
      |                                       ^~~~~~~~~~~~~
/home/david/Documents/RockBox_Personal-master/devsrc/nano-soh-runtime/Shipwright/soh/src/code/z_draw.c:391:39: note: (near initialization for 'sDrawItemTable[125].dlists[0]')
/home/david/Documents/RockBox_Personal-master/devsrc/nano-soh-runtime/Shipwright/soh/src/code/z_draw.c:392:39: warning: initialization of 'Gfx *' from incompatible pointer type 'const char *' [-Wincompatible-pointer-types]
  392 |     { GetItem_DrawGenericMusicNote, { gGiSongNoteDL } },  // Song of storms
      |                                       ^~~~~~~~~~~~~
/home/david/Documents/RockBox_Personal-master/devsrc/nano-soh-runtime/Shipwright/soh/src/code/z_draw.c:392:39: note: (near initialization for 'sDrawItemTable[126].dlists[0]')
/home/david/Documents/RockBox_Personal-master/devsrc/nano-soh-runtime/Shipwright/soh/src/code/z_draw.c:393:36: warning: initialization of 'Gfx *' from incompatible pointer type 'const char *' [-Wincompatible-pointer-types]
  393 |     { GetItem_DrawTriforcePiece, { gTriforcePiece0DL } }, // Triforce Piece
      |                                    ^~~~~~~~~~~~~~~~~
/home/david/Documents/RockBox_Personal-master/devsrc/nano-soh-runtime/Shipwright/soh/src/code/z_draw.c:393:36: note: (near initialization for 'sDrawItemTable[127].dlists[0]')
/home/david/Documents/RockBox_Personal-master/devsrc/nano-soh-runtime/Shipwright/soh/src/code/z_draw.c:394:34: warning: initialization of 'Gfx *' from incompatible pointer type 'const char *' [-Wincompatible-pointer-types]
  394 |     { GetItem_DrawFishingPole, { gGiFishingPoleDL } },    // Fishing Pole
      |                                  ^~~~~~~~~~~~~~~~
/home/david/Documents/RockBox_Personal-master/devsrc/nano-soh-runtime/Shipwright/soh/src/code/z_draw.c:394:34: note: (near initialization for 'sDrawItemTable[128].dlists[0]')
/home/david/Documents/RockBox_Personal-master/devsrc/nano-soh-runtime/Shipwright/soh/src/code/z_draw.c: In function 'GetItem_DrawJewel':
/home/david/Documents/RockBox_Personal-master/devsrc/nano-soh-runtime/Shipwright/soh/src/code/z_draw.c:479:16: warning: passing argument 3 of 'gSPSegment' makes integer from pointer without a cast [-Wint-conversion]
  479 |                Gfx_TwoTexScrollEx(play->state.gfxCtx, 0, 0 % 256, (256 - (0 % 256)) - 1, 64, 64, 1, 0 % 256,
      |                ^~~~~~~~~~~~~~~~~~~~~~~~~~~~~~~~~~~~~~~~~~~~~~~~~~~~~~~~~~~~~~~~~~~~~~~~~~~~~~~~~~~~~~~~~~~~~
      |                |
      |                Gfx *
  480 |                                   (256 - (0 % 256)) - 1, 16, 16, 0, 0, 0, 0));
      |                                   ~~~~~~~~~~~~~~~~~~~~~~~~~~~~~~~~~~~~~~~~~~
In file included from /home/david/Documents/RockBox_Personal-master/devsrc/nano-soh-runtime/Shipwright/soh/include/global.h:8,
                 from /home/david/Documents/RockBox_Personal-master/devsrc/nano-soh-runtime/Shipwright/soh/src/code/z_draw.c:1:
/home/david/Documents/RockBox_Personal-master/devsrc/nano-soh-runtime/Shipwright/soh/include/functions.h:22:52: note: expected 'uintptr_t' {aka 'unsigned int'} but argument is of type 'Gfx *'
   22 | void gSPSegment(void* value, int segNum, uintptr_t target);
      |                                          ~~~~~~~~~~^~~~~~
/home/david/Documents/RockBox_Personal-master/devsrc/nano-soh-runtime/Shipwright/soh/src/code/z_draw.c:482:36: warning: passing argument 3 of 'gSPSegment' makes integer from pointer without a cast [-Wint-conversion]
  482 |     gSPSegment(POLY_OPA_DISP++, 8, Gfx_TexScrollEx(play->state.gfxCtx, (u8)0, (u8)0, 16, 16, 0, 0));
      |                                    ^~~~~~~~~~~~~~~~~~~~~~~~~~~~~~~~~~~~~~~~~~~~~~~~~~~~~~~~~~~~~~~
      |                                    |
      |                                    Gfx *
/home/david/Documents/RockBox_Personal-master/devsrc/nano-soh-runtime/Shipwright/soh/include/functions.h:22:52: note: expected 'uintptr_t' {aka 'unsigned int'} but argument is of type 'Gfx *'
   22 | void gSPSegment(void* value, int segNum, uintptr_t target);
      |                                          ~~~~~~~~~~^~~~~~
/home/david/Documents/RockBox_Personal-master/devsrc/nano-soh-runtime/Shipwright/soh/src/code/z_draw.c: In function 'GetItem_DrawBlueFire':
/home/david/Documents/RockBox_Personal-master/devsrc/nano-soh-runtime/Shipwright/soh/src/code/z_draw.c:544:16: warning: passing argument 3 of 'gSPSegment' makes integer from pointer without a cast [-Wint-conversion]
  544 |                Gfx_TwoTexScrollEx(play->state.gfxCtx, 0, 0 * (play->state.frames * 0), 0 * (play->state.frames * 0), 16,
      |                ^~~~~~~~~~~~~~~~~~~~~~~~~~~~~~~~~~~~~~~~~~~~~~~~~~~~~~~~~~~~~~~~~~~~~~~~~~~~~~~~~~~~~~~~~~~~~~~~~~~~~~~~~
      |                |
      |                Gfx *
  545 |                                   32, 1, 1 * (play->state.frames * 1), 1 * -(play->state.frames * 8), 16, 32, 0, 0, 1,
      |                                   ~~~~~~~~~~~~~~~~~~~~~~~~~~~~~~~~~~~~~~~~~~~~~~~~~~~~~~~~~~~~~~~~~~~~~~~~~~~~~~~~~~~~
  546 |                                   -8));
      |                                   ~~~
/home/david/Documents/RockBox_Personal-master/devsrc/nano-soh-runtime/Shipwright/soh/include/functions.h:22:52: note: expected 'uintptr_t' {aka 'unsigned int'} but argument is of type 'Gfx *'
   22 | void gSPSegment(void* value, int segNum, uintptr_t target);
      |                                          ~~~~~~~~~~^~~~~~
/home/david/Documents/RockBox_Personal-master/devsrc/nano-soh-runtime/Shipwright/soh/src/code/z_draw.c: In function 'GetItem_DrawPoes':
/home/david/Documents/RockBox_Personal-master/devsrc/nano-soh-runtime/Shipwright/soh/src/code/z_draw.c:570:16: warning: passing argument 3 of 'gSPSegment' makes integer from pointer without a cast [-Wint-conversion]
  570 |                Gfx_TwoTexScrollEx(play->state.gfxCtx, 0, 0 * (play->state.frames * 0), 0 * (play->state.frames * 0), 16,
      |                ^~~~~~~~~~~~~~~~~~~~~~~~~~~~~~~~~~~~~~~~~~~~~~~~~~~~~~~~~~~~~~~~~~~~~~~~~~~~~~~~~~~~~~~~~~~~~~~~~~~~~~~~~
      |                |
      |                Gfx *
  571 |                                   32, 1, 1 * (play->state.frames * 1), 1 * -(play->state.frames * 6), 16, 32, 0, 0, 1,
      |                                   ~~~~~~~~~~~~~~~~~~~~~~~~~~~~~~~~~~~~~~~~~~~~~~~~~~~~~~~~~~~~~~~~~~~~~~~~~~~~~~~~~~~~
  572 |                                   -6));
      |                                   ~~~
/home/david/Documents/RockBox_Personal-master/devsrc/nano-soh-runtime/Shipwright/soh/include/functions.h:22:52: note: expected 'uintptr_t' {aka 'unsigned int'} but argument is of type 'Gfx *'
   22 | void gSPSegment(void* value, int segNum, uintptr_t target);
      |                                          ~~~~~~~~~~^~~~~~
/home/david/Documents/RockBox_Personal-master/devsrc/nano-soh-runtime/Shipwright/soh/src/code/z_draw.c: In function 'GetItem_DrawFairy':
/home/david/Documents/RockBox_Personal-master/devsrc/nano-soh-runtime/Shipwright/soh/src/code/z_draw.c:596:16: warning: passing argument 3 of 'gSPSegment' makes integer from pointer without a cast [-Wint-conversion]
  596 |                Gfx_TwoTexScrollEx(play->state.gfxCtx, 0, 0 * (play->state.frames * 0), 0 * (play->state.frames * 0), 32,
      |                ^~~~~~~~~~~~~~~~~~~~~~~~~~~~~~~~~~~~~~~~~~~~~~~~~~~~~~~~~~~~~~~~~~~~~~~~~~~~~~~~~~~~~~~~~~~~~~~~~~~~~~~~~
      |                |
      |                Gfx *
  597 |                                   32, 1, 1 * (play->state.frames * 1), 1 * -(play->state.frames * 6), 32, 32, 0, 0, 1,
      |                                   ~~~~~~~~~~~~~~~~~~~~~~~~~~~~~~~~~~~~~~~~~~~~~~~~~~~~~~~~~~~~~~~~~~~~~~~~~~~~~~~~~~~~
  598 |                                   -6));
      |                                   ~~~
/home/david/Documents/RockBox_Personal-master/devsrc/nano-soh-runtime/Shipwright/soh/include/functions.h:22:52: note: expected 'uintptr_t' {aka 'unsigned int'} but argument is of type 'Gfx *'
   22 | void gSPSegment(void* value, int segNum, uintptr_t target);
      |                                          ~~~~~~~~~~^~~~~~
/home/david/Documents/RockBox_Personal-master/devsrc/nano-soh-runtime/Shipwright/soh/src/code/z_draw.c: In function 'GetItem_DrawMirrorShield':
/home/david/Documents/RockBox_Personal-master/devsrc/nano-soh-runtime/Shipwright/soh/src/code/z_draw.c:615:16: warning: passing argument 3 of 'gSPSegment' makes integer from pointer without a cast [-Wint-conversion]
  615 |                Gfx_TwoTexScrollEx(play->state.gfxCtx, 0, 0 * (play->state.frames * 0) % 256,
      |                ^~~~~~~~~~~~~~~~~~~~~~~~~~~~~~~~~~~~~~~~~~~~~~~~~~~~~~~~~~~~~~~~~~~~~~~~~~~~~
      |                |
      |                Gfx *
  616 |                                   1 * (play->state.frames * 2) % 256, 64, 64, 1, 0 * (play->state.frames * 0) % 128,
      |                                   ~~~~~~~~~~~~~~~~~~~~~~~~~~~~~~~~~~~~~~~~~~~~~~~~~~~~~~~~~~~~~~~~~~~~~~~~~~~~~~~~~~
  617 |                                   1 * (play->state.frames * 1) % 128, 32, 32, 0, 2, 0, 1));
      |                                   ~~~~~~~~~~~~~~~~~~~~~~~~~~~~~~~~~~~~~~~~~~~~~~~~~~~~~~~
/home/david/Documents/RockBox_Personal-master/devsrc/nano-soh-runtime/Shipwright/soh/include/functions.h:22:52: note: expected 'uintptr_t' {aka 'unsigned int'} but argument is of type 'Gfx *'
   22 | void gSPSegment(void* value, int segNum, uintptr_t target);
      |                                          ~~~~~~~~~~^~~~~~
/home/david/Documents/RockBox_Personal-master/devsrc/nano-soh-runtime/Shipwright/soh/src/code/z_draw.c: In function 'GetItem_DrawSkullToken':
/home/david/Documents/RockBox_Personal-master/devsrc/nano-soh-runtime/Shipwright/soh/src/code/z_draw.c:639:16: warning: passing argument 3 of 'gSPSegment' makes integer from pointer without a cast [-Wint-conversion]
  639 |                Gfx_TwoTexScrollEx(play->state.gfxCtx, 0, 0 * (play->state.frames * 0), 1 * -(play->state.frames * 5),
      |                ^~~~~~~~~~~~~~~~~~~~~~~~~~~~~~~~~~~~~~~~~~~~~~~~~~~~~~~~~~~~~~~~~~~~~~~~~~~~~~~~~~~~~~~~~~~~~~~~~~~~~~
      |                |
      |                Gfx *
  640 |                                   32, 32, 1, 0 * (play->state.frames * 0), 0 * (play->state.frames * 0), 32, 64, 0, -5,
      |                                   ~~~~~~~~~~~~~~~~~~~~~~~~~~~~~~~~~~~~~~~~~~~~~~~~~~~~~~~~~~~~~~~~~~~~~~~~~~~~~~~~~~~~~
  641 |                                   0, 0));
      |                                   ~~~~~
/home/david/Documents/RockBox_Personal-master/devsrc/nano-soh-runtime/Shipwright/soh/include/functions.h:22:52: note: expected 'uintptr_t' {aka 'unsigned int'} but argument is of type 'Gfx *'
   22 | void gSPSegment(void* value, int segNum, uintptr_t target);
      |                                          ~~~~~~~~~~^~~~~~
/home/david/Documents/RockBox_Personal-master/devsrc/nano-soh-runtime/Shipwright/soh/src/code/z_draw.c: In function 'GetItem_DrawPotion':
/home/david/Documents/RockBox_Personal-master/devsrc/nano-soh-runtime/Shipwright/soh/src/code/z_draw.c:684:16: warning: passing argument 3 of 'gSPSegment' makes integer from pointer without a cast [-Wint-conversion]
  684 |                Gfx_TwoTexScrollEx(play->state.gfxCtx, 0, -1 * (play->state.frames * 1), 1 * (play->state.frames * 1),
      |                ^~~~~~~~~~~~~~~~~~~~~~~~~~~~~~~~~~~~~~~~~~~~~~~~~~~~~~~~~~~~~~~~~~~~~~~~~~~~~~~~~~~~~~~~~~~~~~~~~~~~~~
      |                |
      |                Gfx *
  685 |                                   32, 32, 1, -1 * (play->state.frames * 1), 1 * (play->state.frames * 1), 32, 32, -1, 1,
      |                                   ~~~~~~~~~~~~~~~~~~~~~~~~~~~~~~~~~~~~~~~~~~~~~~~~~~~~~~~~~~~~~~~~~~~~~~~~~~~~~~~~~~~~~~
  686 |                                   -1, 1));
      |                                   ~~~~~~
/home/david/Documents/RockBox_Personal-master/devsrc/nano-soh-runtime/Shipwright/soh/include/functions.h:22:52: note: expected 'uintptr_t' {aka 'unsigned int'} but argument is of type 'Gfx *'
   22 | void gSPSegment(void* value, int segNum, uintptr_t target);
      |                                          ~~~~~~~~~~^~~~~~
/home/david/Documents/RockBox_Personal-master/devsrc/nano-soh-runtime/Shipwright/soh/src/code/z_draw.c: In function 'GetItem_DrawGoronSword':
/home/david/Documents/RockBox_Personal-master/devsrc/nano-soh-runtime/Shipwright/soh/src/code/z_draw.c:708:16: warning: passing argument 3 of 'gSPSegment' makes integer from pointer without a cast [-Wint-conversion]
  708 |                Gfx_TwoTexScrollEx(play->state.gfxCtx, 0, 1 * (play->state.frames * 1), 0 * (play->state.frames * 1), 32,
      |                ^~~~~~~~~~~~~~~~~~~~~~~~~~~~~~~~~~~~~~~~~~~~~~~~~~~~~~~~~~~~~~~~~~~~~~~~~~~~~~~~~~~~~~~~~~~~~~~~~~~~~~~~~
      |                |
      |                Gfx *
  709 |                                   32, 1, 0 * (play->state.frames * 1), 0 * (play->state.frames * 1), 32, 32, 1, 0, 0,
      |                                   ~~~~~~~~~~~~~~~~~~~~~~~~~~~~~~~~~~~~~~~~~~~~~~~~~~~~~~~~~~~~~~~~~~~~~~~~~~~~~~~~~~~
  710 |                                   0));
      |                                   ~~
/home/david/Documents/RockBox_Personal-master/devsrc/nano-soh-runtime/Shipwright/soh/include/functions.h:22:52: note: expected 'uintptr_t' {aka 'unsigned int'} but argument is of type 'Gfx *'
   22 | void gSPSegment(void* value, int segNum, uintptr_t target);
      |                                          ~~~~~~~~~~^~~~~~
/home/david/Documents/RockBox_Personal-master/devsrc/nano-soh-runtime/Shipwright/soh/src/code/z_draw.c: In function 'GetItem_DrawDekuNuts':
/home/david/Documents/RockBox_Personal-master/devsrc/nano-soh-runtime/Shipwright/soh/src/code/z_draw.c:724:16: warning: passing argument 3 of 'gSPSegment' makes integer from pointer without a cast [-Wint-conversion]
  724 |                Gfx_TwoTexScrollEx(play->state.gfxCtx, 0, 1 * (play->state.frames * 6), 1 * (play->state.frames * 6), 32,
      |                ^~~~~~~~~~~~~~~~~~~~~~~~~~~~~~~~~~~~~~~~~~~~~~~~~~~~~~~~~~~~~~~~~~~~~~~~~~~~~~~~~~~~~~~~~~~~~~~~~~~~~~~~~
      |                |
      |                Gfx *
  725 |                                   32, 1, 1 * (play->state.frames * 6), 1 * (play->state.frames * 6), 32, 32, 6, 6, 6,
      |                                   ~~~~~~~~~~~~~~~~~~~~~~~~~~~~~~~~~~~~~~~~~~~~~~~~~~~~~~~~~~~~~~~~~~~~~~~~~~~~~~~~~~~
  726 |                                   6));
      |                                   ~~
/home/david/Documents/RockBox_Personal-master/devsrc/nano-soh-runtime/Shipwright/soh/include/functions.h:22:52: note: expected 'uintptr_t' {aka 'unsigned int'} but argument is of type 'Gfx *'
   22 | void gSPSegment(void* value, int segNum, uintptr_t target);
      |                                          ~~~~~~~~~~^~~~~~
/home/david/Documents/RockBox_Personal-master/devsrc/nano-soh-runtime/Shipwright/soh/src/code/z_draw.c: In function 'GetItem_DrawRecoveryHeart':
/home/david/Documents/RockBox_Personal-master/devsrc/nano-soh-runtime/Shipwright/soh/src/code/z_draw.c:740:16: warning: passing argument 3 of 'gSPSegment' makes integer from pointer without a cast [-Wint-conversion]
  740 |                Gfx_TwoTexScrollEx(play->state.gfxCtx, 0, 0 * (play->state.frames * 1), 1 * -(play->state.frames * 3),
      |                ^~~~~~~~~~~~~~~~~~~~~~~~~~~~~~~~~~~~~~~~~~~~~~~~~~~~~~~~~~~~~~~~~~~~~~~~~~~~~~~~~~~~~~~~~~~~~~~~~~~~~~
      |                |
      |                Gfx *
  741 |                                   32, 32, 1, 0 * (play->state.frames * 1), 1 * -(play->state.frames * 2), 32, 32, 0, -3,
      |                                   ~~~~~~~~~~~~~~~~~~~~~~~~~~~~~~~~~~~~~~~~~~~~~~~~~~~~~~~~~~~~~~~~~~~~~~~~~~~~~~~~~~~~~~
  742 |                                   0, -2));
      |                                   ~~~~~~
/home/david/Documents/RockBox_Personal-master/devsrc/nano-soh-runtime/Shipwright/soh/include/functions.h:22:52: note: expected 'uintptr_t' {aka 'unsigned int'} but argument is of type 'Gfx *'
   22 | void gSPSegment(void* value, int segNum, uintptr_t target);
      |                                          ~~~~~~~~~~^~~~~~
/home/david/Documents/RockBox_Personal-master/devsrc/nano-soh-runtime/Shipwright/soh/src/code/z_draw.c: In function 'GetItem_DrawFish':
/home/david/Documents/RockBox_Personal-master/devsrc/nano-soh-runtime/Shipwright/soh/src/code/z_draw.c:763:16: warning: passing argument 3 of 'gSPSegment' makes integer from pointer without a cast [-Wint-conversion]
  763 |                Gfx_TwoTexScrollEx(play->state.gfxCtx, 0, 0 * (play->state.frames * 0), 1 * (play->state.frames * 1), 32,
      |                ^~~~~~~~~~~~~~~~~~~~~~~~~~~~~~~~~~~~~~~~~~~~~~~~~~~~~~~~~~~~~~~~~~~~~~~~~~~~~~~~~~~~~~~~~~~~~~~~~~~~~~~~~
      |                |
      |                Gfx *
  764 |                                   32, 1, 0 * (play->state.frames * 0), 1 * (play->state.frames * 1), 32, 32, 0, 1, 0,
      |                                   ~~~~~~~~~~~~~~~~~~~~~~~~~~~~~~~~~~~~~~~~~~~~~~~~~~~~~~~~~~~~~~~~~~~~~~~~~~~~~~~~~~~
  765 |                                   1));
      |                                   ~~
/home/david/Documents/RockBox_Personal-master/devsrc/nano-soh-runtime/Shipwright/soh/include/functions.h:22:52: note: expected 'uintptr_t' {aka 'unsigned int'} but argument is of type 'Gfx *'
   22 | void gSPSegment(void* value, int segNum, uintptr_t target);
      |                                          ~~~~~~~~~~^~~~~~
/home/david/Documents/RockBox_Personal-master/devsrc/nano-soh-runtime/Shipwright/soh/src/code/z_draw.c: In function 'GetItem_DrawGenericMusicNote':
/home/david/Documents/RockBox_Personal-master/devsrc/nano-soh-runtime/Shipwright/soh/src/code/z_draw.c:804:11: warning: initialization of 's16 *' {aka 'short int *'} from 'int' makes pointer from integer without a cast [-Wint-conversion]
  804 |         { 255, 255, 255 }, // Generic Song (full white)
      |           ^~~
/home/david/Documents/RockBox_Personal-master/devsrc/nano-soh-runtime/Shipwright/soh/src/code/z_draw.c:804:11: note: (near initialization for 'colors[0][0]')
/home/david/Documents/RockBox_Personal-master/devsrc/nano-soh-runtime/Shipwright/soh/src/code/z_draw.c:804:16: warning: initialization of 's16 *' {aka 'short int *'} from 'int' makes pointer from integer without a cast [-Wint-conversion]
  804 |         { 255, 255, 255 }, // Generic Song (full white)
      |                ^~~
/home/david/Documents/RockBox_Personal-master/devsrc/nano-soh-runtime/Shipwright/soh/src/code/z_draw.c:804:16: note: (near initialization for 'colors[0][1]')
/home/david/Documents/RockBox_Personal-master/devsrc/nano-soh-runtime/Shipwright/soh/src/code/z_draw.c:804:21: warning: initialization of 's16 *' {aka 'short int *'} from 'int' makes pointer from integer without a cast [-Wint-conversion]
  804 |         { 255, 255, 255 }, // Generic Song (full white)
      |                     ^~~
/home/david/Documents/RockBox_Personal-master/devsrc/nano-soh-runtime/Shipwright/soh/src/code/z_draw.c:804:21: note: (near initialization for 'colors[0][2]')
/home/david/Documents/RockBox_Personal-master/devsrc/nano-soh-runtime/Shipwright/soh/src/code/z_draw.c:805:11: warning: initialization of 's16 *' {aka 'short int *'} from 'int' makes pointer from integer without a cast [-Wint-conversion]
  805 |         { 109, 73, 143 },  // Lullaby
      |           ^~~
/home/david/Documents/RockBox_Personal-master/devsrc/nano-soh-runtime/Shipwright/soh/src/code/z_draw.c:805:11: note: (near initialization for 'colors[1][0]')
/home/david/Documents/RockBox_Personal-master/devsrc/nano-soh-runtime/Shipwright/soh/src/code/z_draw.c:805:16: warning: initialization of 's16 *' {aka 'short int *'} from 'int' makes pointer from integer without a cast [-Wint-conversion]
  805 |         { 109, 73, 143 },  // Lullaby
      |                ^~
/home/david/Documents/RockBox_Personal-master/devsrc/nano-soh-runtime/Shipwright/soh/src/code/z_draw.c:805:16: note: (near initialization for 'colors[1][1]')
/home/david/Documents/RockBox_Personal-master/devsrc/nano-soh-runtime/Shipwright/soh/src/code/z_draw.c:805:20: warning: initialization of 's16 *' {aka 'short int *'} from 'int' makes pointer from integer without a cast [-Wint-conversion]
  805 |         { 109, 73, 143 },  // Lullaby
      |                    ^~~
/home/david/Documents/RockBox_Personal-master/devsrc/nano-soh-runtime/Shipwright/soh/src/code/z_draw.c:805:20: note: (near initialization for 'colors[1][2]')
/home/david/Documents/RockBox_Personal-master/devsrc/nano-soh-runtime/Shipwright/soh/src/code/z_draw.c:806:11: warning: initialization of 's16 *' {aka 'short int *'} from 'int' makes pointer from integer without a cast [-Wint-conversion]
  806 |         { 217, 110, 48 },  // Epona
      |           ^~~
/home/david/Documents/RockBox_Personal-master/devsrc/nano-soh-runtime/Shipwright/soh/src/code/z_draw.c:806:11: note: (near initialization for 'colors[2][0]')
/home/david/Documents/RockBox_Personal-master/devsrc/nano-soh-runtime/Shipwright/soh/src/code/z_draw.c:806:16: warning: initialization of 's16 *' {aka 'short int *'} from 'int' makes pointer from integer without a cast [-Wint-conversion]
  806 |         { 217, 110, 48 },  // Epona
      |                ^~~
/home/david/Documents/RockBox_Personal-master/devsrc/nano-soh-runtime/Shipwright/soh/src/code/z_draw.c:806:16: note: (near initialization for 'colors[2][1]')
/home/david/Documents/RockBox_Personal-master/devsrc/nano-soh-runtime/Shipwright/soh/src/code/z_draw.c:806:21: warning: initialization of 's16 *' {aka 'short int *'} from 'int' makes pointer from integer without a cast [-Wint-conversion]
  806 |         { 217, 110, 48 },  // Epona
      |                     ^~
/home/david/Documents/RockBox_Personal-master/devsrc/nano-soh-runtime/Shipwright/soh/src/code/z_draw.c:806:21: note: (near initialization for 'colors[2][2]')
/home/david/Documents/RockBox_Personal-master/devsrc/nano-soh-runtime/Shipwright/soh/src/code/z_draw.c:807:11: warning: initialization of 's16 *' {aka 'short int *'} from 'int' makes pointer from integer without a cast [-Wint-conversion]
  807 |         { 62, 109, 23 },   // Saria
      |           ^~
/home/david/Documents/RockBox_Personal-master/devsrc/nano-soh-runtime/Shipwright/soh/src/code/z_draw.c:807:11: note: (near initialization for 'colors[3][0]')
/home/david/Documents/RockBox_Personal-master/devsrc/nano-soh-runtime/Shipwright/soh/src/code/z_draw.c:807:15: warning: initialization of 's16 *' {aka 'short int *'} from 'int' makes pointer from integer without a cast [-Wint-conversion]
  807 |         { 62, 109, 23 },   // Saria
      |               ^~~
/home/david/Documents/RockBox_Personal-master/devsrc/nano-soh-runtime/Shipwright/soh/src/code/z_draw.c:807:15: note: (near initialization for 'colors[3][1]')
/home/david/Documents/RockBox_Personal-master/devsrc/nano-soh-runtime/Shipwright/soh/src/code/z_draw.c:807:20: warning: initialization of 's16 *' {aka 'short int *'} from 'int' makes pointer from integer without a cast [-Wint-conversion]
  807 |         { 62, 109, 23 },   // Saria
      |                    ^~
/home/david/Documents/RockBox_Personal-master/devsrc/nano-soh-runtime/Shipwright/soh/src/code/z_draw.c:807:20: note: (near initialization for 'colors[3][2]')
/home/david/Documents/RockBox_Personal-master/devsrc/nano-soh-runtime/Shipwright/soh/src/code/z_draw.c:808:11: warning: initialization of 's16 *' {aka 'short int *'} from 'int' makes pointer from integer without a cast [-Wint-conversion]
  808 |         { 237, 231, 62 },  // Sun
      |           ^~~
/home/david/Documents/RockBox_Personal-master/devsrc/nano-soh-runtime/Shipwright/soh/src/code/z_draw.c:808:11: note: (near initialization for 'colors[4][0]')
/home/david/Documents/RockBox_Personal-master/devsrc/nano-soh-runtime/Shipwright/soh/src/code/z_draw.c:808:16: warning: initialization of 's16 *' {aka 'short int *'} from 'int' makes pointer from integer without a cast [-Wint-conversion]
  808 |         { 237, 231, 62 },  // Sun
      |                ^~~
/home/david/Documents/RockBox_Personal-master/devsrc/nano-soh-runtime/Shipwright/soh/src/code/z_draw.c:808:16: note: (near initialization for 'colors[4][1]')
/home/david/Documents/RockBox_Personal-master/devsrc/nano-soh-runtime/Shipwright/soh/src/code/z_draw.c:808:21: warning: initialization of 's16 *' {aka 'short int *'} from 'int' makes pointer from integer without a cast [-Wint-conversion]
  808 |         { 237, 231, 62 },  // Sun
      |                     ^~
/home/david/Documents/RockBox_Personal-master/devsrc/nano-soh-runtime/Shipwright/soh/src/code/z_draw.c:808:21: note: (near initialization for 'colors[4][2]')
/home/david/Documents/RockBox_Personal-master/devsrc/nano-soh-runtime/Shipwright/soh/src/code/z_draw.c:809:11: warning: initialization of 's16 *' {aka 'short int *'} from 'int' makes pointer from integer without a cast [-Wint-conversion]
  809 |         { 98, 177, 211 },  // Time
      |           ^~
/home/david/Documents/RockBox_Personal-master/devsrc/nano-soh-runtime/Shipwright/soh/src/code/z_draw.c:809:11: note: (near initialization for 'colors[5][0]')
/home/david/Documents/RockBox_Personal-master/devsrc/nano-soh-runtime/Shipwright/soh/src/code/z_draw.c:809:15: warning: initialization of 's16 *' {aka 'short int *'} from 'int' makes pointer from integer without a cast [-Wint-conversion]
  809 |         { 98, 177, 211 },  // Time
      |               ^~~
/home/david/Documents/RockBox_Personal-master/devsrc/nano-soh-runtime/Shipwright/soh/src/code/z_draw.c:809:15: note: (near initialization for 'colors[5][1]')
/home/david/Documents/RockBox_Personal-master/devsrc/nano-soh-runtime/Shipwright/soh/src/code/z_draw.c:809:20: warning: initialization of 's16 *' {aka 'short int *'} from 'int' makes pointer from integer without a cast [-Wint-conversion]
  809 |         { 98, 177, 211 },  // Time
      |                    ^~~
/home/david/Documents/RockBox_Personal-master/devsrc/nano-soh-runtime/Shipwright/soh/src/code/z_draw.c:809:20: note: (near initialization for 'colors[5][2]')
/home/david/Documents/RockBox_Personal-master/devsrc/nano-soh-runtime/Shipwright/soh/src/code/z_draw.c:810:11: warning: initialization of 's16 *' {aka 'short int *'} from 'int' makes pointer from integer without a cast [-Wint-conversion]
  810 |         { 146, 146, 146 }  // Storms
      |           ^~~
/home/david/Documents/RockBox_Personal-master/devsrc/nano-soh-runtime/Shipwright/soh/src/code/z_draw.c:810:11: note: (near initialization for 'colors[6][0]')
/home/david/Documents/RockBox_Personal-master/devsrc/nano-soh-runtime/Shipwright/soh/src/code/z_draw.c:810:16: warning: initialization of 's16 *' {aka 'short int *'} from 'int' makes pointer from integer without a cast [-Wint-conversion]
  810 |         { 146, 146, 146 }  // Storms
      |                ^~~
/home/david/Documents/RockBox_Personal-master/devsrc/nano-soh-runtime/Shipwright/soh/src/code/z_draw.c:810:16: note: (near initialization for 'colors[6][1]')
/home/david/Documents/RockBox_Personal-master/devsrc/nano-soh-runtime/Shipwright/soh/src/code/z_draw.c:810:21: warning: initialization of 's16 *' {aka 'short int *'} from 'int' makes pointer from integer without a cast [-Wint-conversion]
  810 |         { 146, 146, 146 }  // Storms
      |                     ^~~
/home/david/Documents/RockBox_Personal-master/devsrc/nano-soh-runtime/Shipwright/soh/src/code/z_draw.c:810:21: note: (near initialization for 'colors[6][2]')
/home/david/Documents/RockBox_Personal-master/devsrc/nano-soh-runtime/Shipwright/soh/src/code/z_draw.c: In function 'GetItem_DrawMagicSpell':
/home/david/Documents/RockBox_Personal-master/devsrc/nano-soh-runtime/Shipwright/soh/src/code/z_draw.c:879:16: warning: passing argument 3 of 'gSPSegment' makes integer from pointer without a cast [-Wint-conversion]
  879 |                Gfx_TwoTexScrollEx(play->state.gfxCtx, 0, 1 * (play->state.frames * 2), 1 * -(play->state.frames * 6),
      |                ^~~~~~~~~~~~~~~~~~~~~~~~~~~~~~~~~~~~~~~~~~~~~~~~~~~~~~~~~~~~~~~~~~~~~~~~~~~~~~~~~~~~~~~~~~~~~~~~~~~~~~
      |                |
      |                Gfx *
  880 |                                   32, 32, 1, 1 * (play->state.frames * 1), -1 * (play->state.frames * 2), 32, 32, 2, -6,
      |                                   ~~~~~~~~~~~~~~~~~~~~~~~~~~~~~~~~~~~~~~~~~~~~~~~~~~~~~~~~~~~~~~~~~~~~~~~~~~~~~~~~~~~~~~
  881 |                                   1, -2));
      |                                   ~~~~~~
/home/david/Documents/RockBox_Personal-master/devsrc/nano-soh-runtime/Shipwright/soh/include/functions.h:22:52: note: expected 'uintptr_t' {aka 'unsigned int'} but argument is of type 'Gfx *'
   22 | void gSPSegment(void* value, int segNum, uintptr_t target);
      |                                          ~~~~~~~~~~^~~~~~
/home/david/Documents/RockBox_Personal-master/devsrc/nano-soh-runtime/Shipwright/soh/src/code/z_draw.c: In function 'GetItem_DrawScale':
/home/david/Documents/RockBox_Personal-master/devsrc/nano-soh-runtime/Shipwright/soh/src/code/z_draw.c:950:16: warning: passing argument 3 of 'gSPSegment' makes integer from pointer without a cast [-Wint-conversion]
  950 |                Gfx_TwoTexScrollEx(play->state.gfxCtx, 0, 1 * (play->state.frames * 2), -1 * (play->state.frames * 2),
      |                ^~~~~~~~~~~~~~~~~~~~~~~~~~~~~~~~~~~~~~~~~~~~~~~~~~~~~~~~~~~~~~~~~~~~~~~~~~~~~~~~~~~~~~~~~~~~~~~~~~~~~~
      |                |
      |                Gfx *
  951 |                                   64, 64, 1, 1 * (play->state.frames * 4), 1 * -(play->state.frames * 4), 32, 32, 2, -2,
      |                                   ~~~~~~~~~~~~~~~~~~~~~~~~~~~~~~~~~~~~~~~~~~~~~~~~~~~~~~~~~~~~~~~~~~~~~~~~~~~~~~~~~~~~~~
  952 |                                   4, -4));
      |                                   ~~~~~~
/home/david/Documents/RockBox_Personal-master/devsrc/nano-soh-runtime/Shipwright/soh/include/functions.h:22:52: note: expected 'uintptr_t' {aka 'unsigned int'} but argument is of type 'Gfx *'
   22 | void gSPSegment(void* value, int segNum, uintptr_t target);
      |                                          ~~~~~~~~~~^~~~~~
