In file included from /home/david/Documents/RockBox_Personal-master/devsrc/nano-soh-runtime/Shipwright/soh/src/code/z_scene_table.c:26:
/home/david/Documents/RockBox_Personal-master/devsrc/nano-soh-runtime/Shipwright/soh/soh/mq_asset_hacks.h:11:5: warning: initialization discards 'const' qualifier from pointer target type [-Wdiscarded-qualifiers]
   11 |     gYdanTex_00BA18_MQ,
      |     ^~~~~~~~~~~~~~~~~~
/home/david/Documents/RockBox_Personal-master/devsrc/nano-soh-runtime/Shipwright/soh/soh/mq_asset_hacks.h:12:5: warning: initialization discards 'const' qualifier from pointer target type [-Wdiscarded-qualifiers]
   12 |     gYdanTex_00CA18_MQ,
      |     ^~~~~~~~~~~~~~~~~~
/home/david/Documents/RockBox_Personal-master/devsrc/nano-soh-runtime/Shipwright/soh/soh/mq_asset_hacks.h:21:5: warning: initialization discards 'const' qualifier from pointer target type [-Wdiscarded-qualifiers]
   21 |     gDCDayEntranceTex_MQ,
      |     ^~~~~~~~~~~~~~~~~~~~
/home/david/Documents/RockBox_Personal-master/devsrc/nano-soh-runtime/Shipwright/soh/soh/mq_asset_hacks.h:22:5: warning: initialization discards 'const' qualifier from pointer target type [-Wdiscarded-qualifiers]
   22 |     gDCNightEntranceTex_MQ,
      |     ^~~~~~~~~~~~~~~~~~~~~~
/home/david/Documents/RockBox_Personal-master/devsrc/nano-soh-runtime/Shipwright/soh/soh/mq_asset_hacks.h:49:5: warning: initialization discards 'const' qualifier from pointer target type [-Wdiscarded-qualifiers]
   49 |     gDCLavaFloor1Tex_MQ, gDCLavaFloor2Tex_MQ, gDCLavaFloor3Tex_MQ, gDCLavaFloor4Tex_MQ,
      |     ^~~~~~~~~~~~~~~~~~~
/home/david/Documents/RockBox_Personal-master/devsrc/nano-soh-runtime/Shipwright/soh/soh/mq_asset_hacks.h:49:26: warning: initialization discards 'const' qualifier from pointer target type [-Wdiscarded-qualifiers]
   49 |     gDCLavaFloor1Tex_MQ, gDCLavaFloor2Tex_MQ, gDCLavaFloor3Tex_MQ, gDCLavaFloor4Tex_MQ,
      |                          ^~~~~~~~~~~~~~~~~~~
/home/david/Documents/RockBox_Personal-master/devsrc/nano-soh-runtime/Shipwright/soh/soh/mq_asset_hacks.h:49:47: warning: initialization discards 'const' qualifier from pointer target type [-Wdiscarded-qualifiers]
   49 |     gDCLavaFloor1Tex_MQ, gDCLavaFloor2Tex_MQ, gDCLavaFloor3Tex_MQ, gDCLavaFloor4Tex_MQ,
      |                                               ^~~~~~~~~~~~~~~~~~~
/home/david/Documents/RockBox_Personal-master/devsrc/nano-soh-runtime/Shipwright/soh/soh/mq_asset_hacks.h:49:68: warning: initialization discards 'const' qualifier from pointer target type [-Wdiscarded-qualifiers]
   49 |     gDCLavaFloor1Tex_MQ, gDCLavaFloor2Tex_MQ, gDCLavaFloor3Tex_MQ, gDCLavaFloor4Tex_MQ,
      |                                                                    ^~~~~~~~~~~~~~~~~~~
/home/david/Documents/RockBox_Personal-master/devsrc/nano-soh-runtime/Shipwright/soh/soh/mq_asset_hacks.h:50:5: warning: initialization discards 'const' qualifier from pointer target type [-Wdiscarded-qualifiers]
   50 |     gDCLavaFloor5Tex_MQ, gDCLavaFloor6Tex_MQ, gDCLavaFloor7Tex_MQ, gDCLavaFloor8Tex_MQ,
      |     ^~~~~~~~~~~~~~~~~~~
/home/david/Documents/RockBox_Personal-master/devsrc/nano-soh-runtime/Shipwright/soh/soh/mq_asset_hacks.h:50:26: warning: initialization discards 'const' qualifier from pointer target type [-Wdiscarded-qualifiers]
   50 |     gDCLavaFloor5Tex_MQ, gDCLavaFloor6Tex_MQ, gDCLavaFloor7Tex_MQ, gDCLavaFloor8Tex_MQ,
      |                          ^~~~~~~~~~~~~~~~~~~
/home/david/Documents/RockBox_Personal-master/devsrc/nano-soh-runtime/Shipwright/soh/soh/mq_asset_hacks.h:50:47: warning: initialization discards 'const' qualifier from pointer target type [-Wdiscarded-qualifiers]
   50 |     gDCLavaFloor5Tex_MQ, gDCLavaFloor6Tex_MQ, gDCLavaFloor7Tex_MQ, gDCLavaFloor8Tex_MQ,
      |                                               ^~~~~~~~~~~~~~~~~~~
/home/david/Documents/RockBox_Personal-master/devsrc/nano-soh-runtime/Shipwright/soh/soh/mq_asset_hacks.h:50:68: warning: initialization discards 'const' qualifier from pointer target type [-Wdiscarded-qualifiers]
   50 |     gDCLavaFloor5Tex_MQ, gDCLavaFloor6Tex_MQ, gDCLavaFloor7Tex_MQ, gDCLavaFloor8Tex_MQ,
      |                                                                    ^~~~~~~~~~~~~~~~~~~
/home/david/Documents/RockBox_Personal-master/devsrc/nano-soh-runtime/Shipwright/soh/soh/mq_asset_hacks.h:59:5: warning: initialization discards 'const' qualifier from pointer target type [-Wdiscarded-qualifiers]
   59 |     gWaterTempleDayEntranceTex_MQ,
      |     ^~~~~~~~~~~~~~~~~~~~~~~~~~~~~
/home/david/Documents/RockBox_Personal-master/devsrc/nano-soh-runtime/Shipwright/soh/soh/mq_asset_hacks.h:60:5: warning: initialization discards 'const' qualifier from pointer target type [-Wdiscarded-qualifiers]
   60 |     gWaterTempleNightEntranceTex_MQ,
      |     ^~~~~~~~~~~~~~~~~~~~~~~~~~~~~~~
/home/david/Documents/RockBox_Personal-master/devsrc/nano-soh-runtime/Shipwright/soh/soh/mq_asset_hacks.h:69:5: warning: initialization discards 'const' qualifier from pointer target type [-Wdiscarded-qualifiers]
   69 |     gIceCavernDayEntranceTex_MQ,
      |     ^~~~~~~~~~~~~~~~~~~~~~~~~~~
/home/david/Documents/RockBox_Personal-master/devsrc/nano-soh-runtime/Shipwright/soh/soh/mq_asset_hacks.h:70:5: warning: initialization discards 'const' qualifier from pointer target type [-Wdiscarded-qualifiers]
   70 |     gIceCavernNightEntranceTex_MQ,
      |     ^~~~~~~~~~~~~~~~~~~~~~~~~~~~~
/home/david/Documents/RockBox_Personal-master/devsrc/nano-soh-runtime/Shipwright/soh/soh/mq_asset_hacks.h:79:5: warning: initialization discards 'const' qualifier from pointer target type [-Wdiscarded-qualifiers]
   79 |     gGTGDayEntranceTex_MQ,
      |     ^~~~~~~~~~~~~~~~~~~~~
/home/david/Documents/RockBox_Personal-master/devsrc/nano-soh-runtime/Shipwright/soh/soh/mq_asset_hacks.h:80:5: warning: initialization discards 'const' qualifier from pointer target type [-Wdiscarded-qualifiers]
   80 |     gGTGNightEntranceTex_MQ,
      |     ^~~~~~~~~~~~~~~~~~~~~~~
/home/david/Documents/RockBox_Personal-master/devsrc/nano-soh-runtime/Shipwright/soh/soh/mq_asset_hacks.h:89:5: warning: initialization discards 'const' qualifier from pointer target type [-Wdiscarded-qualifiers]
   89 |     gForestTempleDayEntranceTex_MQ,
      |     ^~~~~~~~~~~~~~~~~~~~~~~~~~~~~~
/home/david/Documents/RockBox_Personal-master/devsrc/nano-soh-runtime/Shipwright/soh/soh/mq_asset_hacks.h:90:5: warning: initialization discards 'const' qualifier from pointer target type [-Wdiscarded-qualifiers]
   90 |     gForestTempleNightEntranceTex_MQ,
      |     ^~~~~~~~~~~~~~~~~~~~~~~~~~~~~~~~
/home/david/Documents/RockBox_Personal-master/devsrc/nano-soh-runtime/Shipwright/soh/soh/mq_asset_hacks.h:99:5: warning: initialization discards 'const' qualifier from pointer target type [-Wdiscarded-qualifiers]
   99 |     gSpiritTempleDayEntranceTex_MQ,
      |     ^~~~~~~~~~~~~~~~~~~~~~~~~~~~~~
/home/david/Documents/RockBox_Personal-master/devsrc/nano-soh-runtime/Shipwright/soh/soh/mq_asset_hacks.h:100:5: warning: initialization discards 'const' qualifier from pointer target type [-Wdiscarded-qualifiers]
  100 |     gSpiritTempleNightEntranceTex_MQ,
      |     ^~~~~~~~~~~~~~~~~~~~~~~~~~~~~~~~
/home/david/Documents/RockBox_Personal-master/devsrc/nano-soh-runtime/Shipwright/soh/src/code/z_scene_table.c:121:5: warning: initialization discards 'const' qualifier from pointer target type [-Wdiscarded-qualifiers]
  121 |     gYdanTex_00BA18,
      |     ^~~~~~~~~~~~~~~
/home/david/Documents/RockBox_Personal-master/devsrc/nano-soh-runtime/Shipwright/soh/src/code/z_scene_table.c:122:5: warning: initialization discards 'const' qualifier from pointer target type [-Wdiscarded-qualifiers]
  122 |     gYdanTex_00CA18,
      |     ^~~~~~~~~~~~~~~
/home/david/Documents/RockBox_Personal-master/devsrc/nano-soh-runtime/Shipwright/soh/src/code/z_scene_table.c: In function 'func_800995DC':
/home/david/Documents/RockBox_Personal-master/devsrc/nano-soh-runtime/Shipwright/soh/src/code/z_scene_table.c:132:16: warning: passing argument 3 of 'gSPSegment' makes integer from pointer without a cast [-Wint-conversion]
  132 |                Gfx_TwoTexScrollEx(play->state.gfxCtx, 0, 127 - (gameplayFrames % 128), (gameplayFrames * 1) % 128, 32,
      |                ^~~~~~~~~~~~~~~~~~~~~~~~~~~~~~~~~~~~~~~~~~~~~~~~~~~~~~~~~~~~~~~~~~~~~~~~~~~~~~~~~~~~~~~~~~~~~~~~~~~~~~~
      |                |
      |                Gfx *
  133 |                                   32, 1, gameplayFrames % 128, (gameplayFrames * 1) % 128, 32, 32, -1, 1, 1, 1));
      |                                   ~~~~~~~~~~~~~~~~~~~~~~~~~~~~~~~~~~~~~~~~~~~~~~~~~~~~~~~~~~~~~~~~~~~~~~~~~~~~~
In file included from /home/david/Documents/RockBox_Personal-master/devsrc/nano-soh-runtime/Shipwright/soh/include/global.h:8,
                 from /home/david/Documents/RockBox_Personal-master/devsrc/nano-soh-runtime/Shipwright/soh/src/code/z_scene_table.c:1:
/home/david/Documents/RockBox_Personal-master/devsrc/nano-soh-runtime/Shipwright/soh/include/functions.h:22:52: note: expected 'uintptr_t' {aka 'unsigned int'} but argument is of type 'Gfx *'
   22 | void gSPSegment(void* value, int segNum, uintptr_t target);
      |                                          ~~~~~~~~~~^~~~~~
In file included from /home/david/Documents/RockBox_Personal-master/devsrc/nano-soh-runtime/Shipwright/soh/include/global.h:10:
/home/david/Documents/RockBox_Personal-master/devsrc/nano-soh-runtime/Shipwright/soh/src/code/z_scene_table.c:141:77: warning: passing argument 3 of 'gSPSegment' makes integer from pointer without a cast [-Wint-conversion]
  141 |         gSPSegment(POLY_OPA_DISP++, 0x08, SEGMENTED_TO_VIRTUAL(D_8012A2F8_MQ[gSaveContext.nightFlag]));
      |                                                                ~~~~~~~~~~~~~^~~~~~~~~~~~~~~~~~~~~~~~
      |                                                                             |
      |                                                                             void *
/home/david/Documents/RockBox_Personal-master/devsrc/nano-soh-runtime/Shipwright/soh/include/macros.h:37:36: note: in definition of macro 'SEGMENTED_TO_VIRTUAL'
   37 | #define SEGMENTED_TO_VIRTUAL(addr) addr
      |                                    ^~~~
/home/david/Documents/RockBox_Personal-master/devsrc/nano-soh-runtime/Shipwright/soh/include/functions.h:22:52: note: expected 'uintptr_t' {aka 'unsigned int'} but argument is of type 'void *'
   22 | void gSPSegment(void* value, int segNum, uintptr_t target);
      |                                          ~~~~~~~~~~^~~~~~
/home/david/Documents/RockBox_Personal-master/devsrc/nano-soh-runtime/Shipwright/soh/src/code/z_scene_table.c:143:74: warning: passing argument 3 of 'gSPSegment' makes integer from pointer without a cast [-Wint-conversion]
  143 |         gSPSegment(POLY_OPA_DISP++, 0x08, SEGMENTED_TO_VIRTUAL(D_8012A2F8[gSaveContext.nightFlag]));
      |                                                                ~~~~~~~~~~^~~~~~~~~~~~~~~~~~~~~~~~
      |                                                                          |
      |                                                                          void *
/home/david/Documents/RockBox_Personal-master/devsrc/nano-soh-runtime/Shipwright/soh/include/macros.h:37:36: note: in definition of macro 'SEGMENTED_TO_VIRTUAL'
   37 | #define SEGMENTED_TO_VIRTUAL(addr) addr
      |                                    ^~~~
/home/david/Documents/RockBox_Personal-master/devsrc/nano-soh-runtime/Shipwright/soh/include/functions.h:22:52: note: expected 'uintptr_t' {aka 'unsigned int'} but argument is of type 'void *'
   22 | void gSPSegment(void* value, int segNum, uintptr_t target);
      |                                          ~~~~~~~~~~^~~~~~
/home/david/Documents/RockBox_Personal-master/devsrc/nano-soh-runtime/Shipwright/soh/src/code/z_scene_table.c: In function 'func_80099760':
/home/david/Documents/RockBox_Personal-master/devsrc/nano-soh-runtime/Shipwright/soh/src/code/z_scene_table.c:157:16: warning: passing argument 3 of 'gSPSegment' makes integer from pointer without a cast [-Wint-conversion]
  157 |                Gfx_TwoTexScrollEx(play->state.gfxCtx, 0, (gameplayFrames * 2) % 256, 0, 64, 32, 1, 0,
      |                ^~~~~~~~~~~~~~~~~~~~~~~~~~~~~~~~~~~~~~~~~~~~~~~~~~~~~~~~~~~~~~~~~~~~~~~~~~~~~~~~~~~~~~
      |                |
      |                Gfx *
  158 |                                   (gameplayFrames * 2) % 128, 64, 32, 0, 2, 0, 2));
      |                                   ~~~~~~~~~~~~~~~~~~~~~~~~~~~~~~~~~~~~~~~~~~~~~~~
/home/david/Documents/RockBox_Personal-master/devsrc/nano-soh-runtime/Shipwright/soh/include/functions.h:22:52: note: expected 'uintptr_t' {aka 'unsigned int'} but argument is of type 'Gfx *'
   22 | void gSPSegment(void* value, int segNum, uintptr_t target);
      |                                          ~~~~~~~~~~^~~~~~
/home/david/Documents/RockBox_Personal-master/devsrc/nano-soh-runtime/Shipwright/soh/src/code/z_scene_table.c: At top level:
/home/david/Documents/RockBox_Personal-master/devsrc/nano-soh-runtime/Shipwright/soh/src/code/z_scene_table.c:167:5: warning: initialization discards 'const' qualifier from pointer target type [-Wdiscarded-qualifiers]
  167 |     gDCDayEntranceTex,
      |     ^~~~~~~~~~~~~~~~~
/home/david/Documents/RockBox_Personal-master/devsrc/nano-soh-runtime/Shipwright/soh/src/code/z_scene_table.c:168:5: warning: initialization discards 'const' qualifier from pointer target type [-Wdiscarded-qualifiers]
  168 |     gDCNightEntranceTex,
      |     ^~~~~~~~~~~~~~~~~~~
/home/david/Documents/RockBox_Personal-master/devsrc/nano-soh-runtime/Shipwright/soh/src/code/z_scene_table.c:171:5: warning: initialization discards 'const' qualifier from pointer target type [-Wdiscarded-qualifiers]
  171 |     gDCLavaFloor1Tex, gDCLavaFloor2Tex, gDCLavaFloor3Tex, gDCLavaFloor4Tex,
      |     ^~~~~~~~~~~~~~~~
/home/david/Documents/RockBox_Personal-master/devsrc/nano-soh-runtime/Shipwright/soh/src/code/z_scene_table.c:171:23: warning: initialization discards 'const' qualifier from pointer target type [-Wdiscarded-qualifiers]
  171 |     gDCLavaFloor1Tex, gDCLavaFloor2Tex, gDCLavaFloor3Tex, gDCLavaFloor4Tex,
      |                       ^~~~~~~~~~~~~~~~
/home/david/Documents/RockBox_Personal-master/devsrc/nano-soh-runtime/Shipwright/soh/src/code/z_scene_table.c:171:41: warning: initialization discards 'const' qualifier from pointer target type [-Wdiscarded-qualifiers]
  171 |     gDCLavaFloor1Tex, gDCLavaFloor2Tex, gDCLavaFloor3Tex, gDCLavaFloor4Tex,
      |                                         ^~~~~~~~~~~~~~~~
/home/david/Documents/RockBox_Personal-master/devsrc/nano-soh-runtime/Shipwright/soh/src/code/z_scene_table.c:171:59: warning: initialization discards 'const' qualifier from pointer target type [-Wdiscarded-qualifiers]
  171 |     gDCLavaFloor1Tex, gDCLavaFloor2Tex, gDCLavaFloor3Tex, gDCLavaFloor4Tex,
      |                                                           ^~~~~~~~~~~~~~~~
/home/david/Documents/RockBox_Personal-master/devsrc/nano-soh-runtime/Shipwright/soh/src/code/z_scene_table.c:172:5: warning: initialization discards 'const' qualifier from pointer target type [-Wdiscarded-qualifiers]
  172 |     gDCLavaFloor5Tex, gDCLavaFloor6Tex, gDCLavaFloor7Tex, gDCLavaFloor8Tex,
      |     ^~~~~~~~~~~~~~~~
/home/david/Documents/RockBox_Personal-master/devsrc/nano-soh-runtime/Shipwright/soh/src/code/z_scene_table.c:172:23: warning: initialization discards 'const' qualifier from pointer target type [-Wdiscarded-qualifiers]
  172 |     gDCLavaFloor5Tex, gDCLavaFloor6Tex, gDCLavaFloor7Tex, gDCLavaFloor8Tex,
      |                       ^~~~~~~~~~~~~~~~
/home/david/Documents/RockBox_Personal-master/devsrc/nano-soh-runtime/Shipwright/soh/src/code/z_scene_table.c:172:41: warning: initialization discards 'const' qualifier from pointer target type [-Wdiscarded-qualifiers]
  172 |     gDCLavaFloor5Tex, gDCLavaFloor6Tex, gDCLavaFloor7Tex, gDCLavaFloor8Tex,
      |                                         ^~~~~~~~~~~~~~~~
/home/david/Documents/RockBox_Personal-master/devsrc/nano-soh-runtime/Shipwright/soh/src/code/z_scene_table.c:172:59: warning: initialization discards 'const' qualifier from pointer target type [-Wdiscarded-qualifiers]
  172 |     gDCLavaFloor5Tex, gDCLavaFloor6Tex, gDCLavaFloor7Tex, gDCLavaFloor8Tex,
      |                                                           ^~~~~~~~~~~~~~~~
/home/david/Documents/RockBox_Personal-master/devsrc/nano-soh-runtime/Shipwright/soh/src/code/z_scene_table.c: In function 'func_80099878':
/home/david/Documents/RockBox_Personal-master/devsrc/nano-soh-runtime/Shipwright/soh/src/code/z_scene_table.c:185:86: warning: passing argument 3 of 'gSPSegment' makes integer from pointer without a cast [-Wint-conversion]
  185 |         gSPSegment(POLY_OPA_DISP++, 0x08, SEGMENTED_TO_VIRTUAL(gDCEntranceTextures_MQ[gSaveContext.nightFlag]));
      |                                                                ~~~~~~~~~~~~~~~~~~~~~~^~~~~~~~~~~~~~~~~~~~~~~~
      |                                                                                      |
      |                                                                                      void *
/home/david/Documents/RockBox_Personal-master/devsrc/nano-soh-runtime/Shipwright/soh/include/macros.h:37:36: note: in definition of macro 'SEGMENTED_TO_VIRTUAL'
   37 | #define SEGMENTED_TO_VIRTUAL(addr) addr
      |                                    ^~~~
/home/david/Documents/RockBox_Personal-master/devsrc/nano-soh-runtime/Shipwright/soh/include/functions.h:22:52: note: expected 'uintptr_t' {aka 'unsigned int'} but argument is of type 'void *'
   22 | void gSPSegment(void* value, int segNum, uintptr_t target);
      |                                          ~~~~~~~~~~^~~~~~
/home/david/Documents/RockBox_Personal-master/devsrc/nano-soh-runtime/Shipwright/soh/src/code/z_scene_table.c:187:64: warning: passing argument 3 of 'gSPSegment' makes integer from pointer without a cast [-Wint-conversion]
  187 |                    SEGMENTED_TO_VIRTUAL(sDCLavaFloorTextures_MQ[(s32)(gameplayFrames & 14) >> 1]));
      |                                         ~~~~~~~~~~~~~~~~~~~~~~~^~~~~~~~~~~~~~~~~~~~~~~~~~~~~~~~~
      |                                                                |
      |                                                                void *
/home/david/Documents/RockBox_Personal-master/devsrc/nano-soh-runtime/Shipwright/soh/include/macros.h:37:36: note: in definition of macro 'SEGMENTED_TO_VIRTUAL'
   37 | #define SEGMENTED_TO_VIRTUAL(addr) addr
      |                                    ^~~~
/home/david/Documents/RockBox_Personal-master/devsrc/nano-soh-runtime/Shipwright/soh/include/functions.h:22:52: note: expected 'uintptr_t' {aka 'unsigned int'} but argument is of type 'void *'
   22 | void gSPSegment(void* value, int segNum, uintptr_t target);
      |                                          ~~~~~~~~~~^~~~~~
/home/david/Documents/RockBox_Personal-master/devsrc/nano-soh-runtime/Shipwright/soh/src/code/z_scene_table.c:189:83: warning: passing argument 3 of 'gSPSegment' makes integer from pointer without a cast [-Wint-conversion]
  189 |         gSPSegment(POLY_OPA_DISP++, 0x08, SEGMENTED_TO_VIRTUAL(gDCEntranceTextures[gSaveContext.nightFlag]));
      |                                                                ~~~~~~~~~~~~~~~~~~~^~~~~~~~~~~~~~~~~~~~~~~~
      |                                                                                   |
      |                                                                                   void *
/home/david/Documents/RockBox_Personal-master/devsrc/nano-soh-runtime/Shipwright/soh/include/macros.h:37:36: note: in definition of macro 'SEGMENTED_TO_VIRTUAL'
   37 | #define SEGMENTED_TO_VIRTUAL(addr) addr
      |                                    ^~~~
/home/david/Documents/RockBox_Personal-master/devsrc/nano-soh-runtime/Shipwright/soh/include/functions.h:22:52: note: expected 'uintptr_t' {aka 'unsigned int'} but argument is of type 'void *'
   22 | void gSPSegment(void* value, int segNum, uintptr_t target);
      |                                          ~~~~~~~~~~^~~~~~
/home/david/Documents/RockBox_Personal-master/devsrc/nano-soh-runtime/Shipwright/soh/src/code/z_scene_table.c:190:84: warning: passing argument 3 of 'gSPSegment' makes integer from pointer without a cast [-Wint-conversion]
  190 |         gSPSegment(POLY_OPA_DISP++, 0x09, SEGMENTED_TO_VIRTUAL(sDCLavaFloorTextures[(s32)(gameplayFrames & 14) >> 1]));
      |                                                                ~~~~~~~~~~~~~~~~~~~~^~~~~~~~~~~~~~~~~~~~~~~~~~~~~~~~~
      |                                                                                    |
      |                                                                                    void *
/home/david/Documents/RockBox_Personal-master/devsrc/nano-soh-runtime/Shipwright/soh/include/macros.h:37:36: note: in definition of macro 'SEGMENTED_TO_VIRTUAL'
   37 | #define SEGMENTED_TO_VIRTUAL(addr) addr
      |                                    ^~~~
/home/david/Documents/RockBox_Personal-master/devsrc/nano-soh-runtime/Shipwright/soh/include/functions.h:22:52: note: expected 'uintptr_t' {aka 'unsigned int'} but argument is of type 'void *'
   22 | void gSPSegment(void* value, int segNum, uintptr_t target);
      |                                          ~~~~~~~~~~^~~~~~
/home/david/Documents/RockBox_Personal-master/devsrc/nano-soh-runtime/Shipwright/soh/src/code/z_scene_table.c:193:16: warning: passing argument 3 of 'gSPSegment' makes integer from pointer without a cast [-Wint-conversion]
  193 |                Gfx_TwoTexScrollEx(play->state.gfxCtx, 0, (gameplayFrames * 1) % 256, 0, 64, 32, 1, 0,
      |                ^~~~~~~~~~~~~~~~~~~~~~~~~~~~~~~~~~~~~~~~~~~~~~~~~~~~~~~~~~~~~~~~~~~~~~~~~~~~~~~~~~~~~~
      |                |
      |                Gfx *
  194 |                                   (gameplayFrames * 1) % 128, 64, 32, 1, 0, 0, 1));
      |                                   ~~~~~~~~~~~~~~~~~~~~~~~~~~~~~~~~~~~~~~~~~~~~~~~
/home/david/Documents/RockBox_Personal-master/devsrc/nano-soh-runtime/Shipwright/soh/include/functions.h:22:52: note: expected 'uintptr_t' {aka 'unsigned int'} but argument is of type 'Gfx *'
   22 | void gSPSegment(void* value, int segNum, uintptr_t target);
      |                                          ~~~~~~~~~~^~~~~~
/home/david/Documents/RockBox_Personal-master/devsrc/nano-soh-runtime/Shipwright/soh/src/code/z_scene_table.c:196:16: warning: passing argument 3 of 'gSPSegment' makes integer from pointer without a cast [-Wint-conversion]
  196 |                Gfx_TwoTexScrollEx(play->state.gfxCtx, 0, 0, (gameplayFrames * 1) % 128, 32, 32, 1, 0,
      |                ^~~~~~~~~~~~~~~~~~~~~~~~~~~~~~~~~~~~~~~~~~~~~~~~~~~~~~~~~~~~~~~~~~~~~~~~~~~~~~~~~~~~~~
      |                |
      |                Gfx *
  197 |                                   (gameplayFrames * 2) % 128, 32, 32, 0, 1, 0, 2));
      |                                   ~~~~~~~~~~~~~~~~~~~~~~~~~~~~~~~~~~~~~~~~~~~~~~~
/home/david/Documents/RockBox_Personal-master/devsrc/nano-soh-runtime/Shipwright/soh/include/functions.h:22:52: note: expected 'uintptr_t' {aka 'unsigned int'} but argument is of type 'Gfx *'
   22 | void gSPSegment(void* value, int segNum, uintptr_t target);
      |                                          ~~~~~~~~~~^~~~~~
/home/david/Documents/RockBox_Personal-master/devsrc/nano-soh-runtime/Shipwright/soh/src/code/z_scene_table.c:207:39: warning: passing argument 3 of 'gSPSegment' makes integer from pointer without a cast [-Wint-conversion]
  207 |     gSPSegment(POLY_OPA_DISP++, 0x0B, displayListHead);
      |                                       ^~~~~~~~~~~~~~~
      |                                       |
      |                                       Gfx *
/home/david/Documents/RockBox_Personal-master/devsrc/nano-soh-runtime/Shipwright/soh/include/functions.h:22:52: note: expected 'uintptr_t' {aka 'unsigned int'} but argument is of type 'Gfx *'
   22 | void gSPSegment(void* value, int segNum, uintptr_t target);
      |                                          ~~~~~~~~~~^~~~~~
/home/david/Documents/RockBox_Personal-master/devsrc/nano-soh-runtime/Shipwright/soh/src/code/z_scene_table.c:212:39: warning: passing argument 3 of 'gSPSegment' makes integer from pointer without a cast [-Wint-conversion]
  212 |     gSPSegment(POLY_OPA_DISP++, 0x0C, displayListHead);
      |                                       ^~~~~~~~~~~~~~~
      |                                       |
      |                                       Gfx *
/home/david/Documents/RockBox_Personal-master/devsrc/nano-soh-runtime/Shipwright/soh/include/functions.h:22:52: note: expected 'uintptr_t' {aka 'unsigned int'} but argument is of type 'Gfx *'
   22 | void gSPSegment(void* value, int segNum, uintptr_t target);
      |                                          ~~~~~~~~~~^~~~~~
/home/david/Documents/RockBox_Personal-master/devsrc/nano-soh-runtime/Shipwright/soh/src/code/z_scene_table.c: In function 'func_80099BD8':
/home/david/Documents/RockBox_Personal-master/devsrc/nano-soh-runtime/Shipwright/soh/src/code/z_scene_table.c:229:39: warning: passing argument 3 of 'gSPSegment' makes integer from pointer without a cast [-Wint-conversion]
  229 |     gSPSegment(POLY_XLU_DISP++, 0x08, displayListHead);
      |                                       ^~~~~~~~~~~~~~~
      |                                       |
      |                                       Gfx *
/home/david/Documents/RockBox_Personal-master/devsrc/nano-soh-runtime/Shipwright/soh/include/functions.h:22:52: note: expected 'uintptr_t' {aka 'unsigned int'} but argument is of type 'Gfx *'
   22 | void gSPSegment(void* value, int segNum, uintptr_t target);
      |                                          ~~~~~~~~~~^~~~~~
/home/david/Documents/RockBox_Personal-master/devsrc/nano-soh-runtime/Shipwright/soh/src/code/z_scene_table.c:230:39: warning: passing argument 3 of 'gSPSegment' makes integer from pointer without a cast [-Wint-conversion]
  230 |     gSPSegment(POLY_OPA_DISP++, 0x08, displayListHead);
      |                                       ^~~~~~~~~~~~~~~
      |                                       |
      |                                       Gfx *
/home/david/Documents/RockBox_Personal-master/devsrc/nano-soh-runtime/Shipwright/soh/include/functions.h:22:52: note: expected 'uintptr_t' {aka 'unsigned int'} but argument is of type 'Gfx *'
   22 | void gSPSegment(void* value, int segNum, uintptr_t target);
      |                                          ~~~~~~~~~~^~~~~~
/home/david/Documents/RockBox_Personal-master/devsrc/nano-soh-runtime/Shipwright/soh/src/code/z_scene_table.c:235:39: warning: passing argument 3 of 'gSPSegment' makes integer from pointer without a cast [-Wint-conversion]
  235 |     gSPSegment(POLY_XLU_DISP++, 0x09, displayListHead);
      |                                       ^~~~~~~~~~~~~~~
      |                                       |
      |                                       Gfx *
/home/david/Documents/RockBox_Personal-master/devsrc/nano-soh-runtime/Shipwright/soh/include/functions.h:22:52: note: expected 'uintptr_t' {aka 'unsigned int'} but argument is of type 'Gfx *'
   22 | void gSPSegment(void* value, int segNum, uintptr_t target);
      |                                          ~~~~~~~~~~^~~~~~
/home/david/Documents/RockBox_Personal-master/devsrc/nano-soh-runtime/Shipwright/soh/src/code/z_scene_table.c:236:39: warning: passing argument 3 of 'gSPSegment' makes integer from pointer without a cast [-Wint-conversion]
  236 |     gSPSegment(POLY_OPA_DISP++, 0x09, displayListHead);
      |                                       ^~~~~~~~~~~~~~~
      |                                       |
      |                                       Gfx *
/home/david/Documents/RockBox_Personal-master/devsrc/nano-soh-runtime/Shipwright/soh/include/functions.h:22:52: note: expected 'uintptr_t' {aka 'unsigned int'} but argument is of type 'Gfx *'
   22 | void gSPSegment(void* value, int segNum, uintptr_t target);
      |                                          ~~~~~~~~~~^~~~~~
/home/david/Documents/RockBox_Personal-master/devsrc/nano-soh-runtime/Shipwright/soh/src/code/z_scene_table.c:241:39: warning: passing argument 3 of 'gSPSegment' makes integer from pointer without a cast [-Wint-conversion]
  241 |     gSPSegment(POLY_OPA_DISP++, 0x0A, displayListHead);
      |                                       ^~~~~~~~~~~~~~~
      |                                       |
      |                                       Gfx *
/home/david/Documents/RockBox_Personal-master/devsrc/nano-soh-runtime/Shipwright/soh/include/functions.h:22:52: note: expected 'uintptr_t' {aka 'unsigned int'} but argument is of type 'Gfx *'
   22 | void gSPSegment(void* value, int segNum, uintptr_t target);
      |                                          ~~~~~~~~~~^~~~~~
/home/david/Documents/RockBox_Personal-master/devsrc/nano-soh-runtime/Shipwright/soh/src/code/z_scene_table.c:242:39: warning: passing argument 3 of 'gSPSegment' makes integer from pointer without a cast [-Wint-conversion]
  242 |     gSPSegment(POLY_XLU_DISP++, 0x0A, displayListHead);
      |                                       ^~~~~~~~~~~~~~~
      |                                       |
      |                                       Gfx *
/home/david/Documents/RockBox_Personal-master/devsrc/nano-soh-runtime/Shipwright/soh/include/functions.h:22:52: note: expected 'uintptr_t' {aka 'unsigned int'} but argument is of type 'Gfx *'
   22 | void gSPSegment(void* value, int segNum, uintptr_t target);
      |                                          ~~~~~~~~~~^~~~~~
/home/david/Documents/RockBox_Personal-master/devsrc/nano-soh-runtime/Shipwright/soh/src/code/z_scene_table.c:247:39: warning: passing argument 3 of 'gSPSegment' makes integer from pointer without a cast [-Wint-conversion]
  247 |     gSPSegment(POLY_OPA_DISP++, 0x0B, displayListHead);
      |                                       ^~~~~~~~~~~~~~~
      |                                       |
      |                                       Gfx *
/home/david/Documents/RockBox_Personal-master/devsrc/nano-soh-runtime/Shipwright/soh/include/functions.h:22:52: note: expected 'uintptr_t' {aka 'unsigned int'} but argument is of type 'Gfx *'
   22 | void gSPSegment(void* value, int segNum, uintptr_t target);
      |                                          ~~~~~~~~~~^~~~~~
/home/david/Documents/RockBox_Personal-master/devsrc/nano-soh-runtime/Shipwright/soh/src/code/z_scene_table.c:248:39: warning: passing argument 3 of 'gSPSegment' makes integer from pointer without a cast [-Wint-conversion]
  248 |     gSPSegment(POLY_XLU_DISP++, 0x0B, displayListHead);
      |                                       ^~~~~~~~~~~~~~~
      |                                       |
      |                                       Gfx *
/home/david/Documents/RockBox_Personal-master/devsrc/nano-soh-runtime/Shipwright/soh/include/functions.h:22:52: note: expected 'uintptr_t' {aka 'unsigned int'} but argument is of type 'Gfx *'
   22 | void gSPSegment(void* value, int segNum, uintptr_t target);
      |                                          ~~~~~~~~~~^~~~~~
/home/david/Documents/RockBox_Personal-master/devsrc/nano-soh-runtime/Shipwright/soh/src/code/z_scene_table.c:255:39: warning: passing argument 3 of 'gSPSegment' makes integer from pointer without a cast [-Wint-conversion]
  255 |     gSPSegment(POLY_OPA_DISP++, 0x0C, displayListHead);
      |                                       ^~~~~~~~~~~~~~~
      |                                       |
      |                                       Gfx *
/home/david/Documents/RockBox_Personal-master/devsrc/nano-soh-runtime/Shipwright/soh/include/functions.h:22:52: note: expected 'uintptr_t' {aka 'unsigned int'} but argument is of type 'Gfx *'
   22 | void gSPSegment(void* value, int segNum, uintptr_t target);
      |                                          ~~~~~~~~~~^~~~~~
/home/david/Documents/RockBox_Personal-master/devsrc/nano-soh-runtime/Shipwright/soh/src/code/z_scene_table.c:256:39: warning: passing argument 3 of 'gSPSegment' makes integer from pointer without a cast [-Wint-conversion]
  256 |     gSPSegment(POLY_XLU_DISP++, 0x0C, displayListHead);
      |                                       ^~~~~~~~~~~~~~~
      |                                       |
      |                                       Gfx *
/home/david/Documents/RockBox_Personal-master/devsrc/nano-soh-runtime/Shipwright/soh/include/functions.h:22:52: note: expected 'uintptr_t' {aka 'unsigned int'} but argument is of type 'Gfx *'
   22 | void gSPSegment(void* value, int segNum, uintptr_t target);
      |                                          ~~~~~~~~~~^~~~~~
/home/david/Documents/RockBox_Personal-master/devsrc/nano-soh-runtime/Shipwright/soh/src/code/z_scene_table.c:263:39: warning: passing argument 3 of 'gSPSegment' makes integer from pointer without a cast [-Wint-conversion]
  263 |     gSPSegment(POLY_OPA_DISP++, 0x0D, displayListHead);
      |                                       ^~~~~~~~~~~~~~~
      |                                       |
      |                                       Gfx *
/home/david/Documents/RockBox_Personal-master/devsrc/nano-soh-runtime/Shipwright/soh/include/functions.h:22:52: note: expected 'uintptr_t' {aka 'unsigned int'} but argument is of type 'Gfx *'
   22 | void gSPSegment(void* value, int segNum, uintptr_t target);
      |                                          ~~~~~~~~~~^~~~~~
/home/david/Documents/RockBox_Personal-master/devsrc/nano-soh-runtime/Shipwright/soh/src/code/z_scene_table.c:264:39: warning: passing argument 3 of 'gSPSegment' makes integer from pointer without a cast [-Wint-conversion]
  264 |     gSPSegment(POLY_XLU_DISP++, 0x0D, displayListHead);
      |                                       ^~~~~~~~~~~~~~~
      |                                       |
      |                                       Gfx *
/home/david/Documents/RockBox_Personal-master/devsrc/nano-soh-runtime/Shipwright/soh/include/functions.h:22:52: note: expected 'uintptr_t' {aka 'unsigned int'} but argument is of type 'Gfx *'
   22 | void gSPSegment(void* value, int segNum, uintptr_t target);
      |                                          ~~~~~~~~~~^~~~~~
/home/david/Documents/RockBox_Personal-master/devsrc/nano-soh-runtime/Shipwright/soh/src/code/z_scene_table.c: In function 'func_8009A45C':
/home/david/Documents/RockBox_Personal-master/devsrc/nano-soh-runtime/Shipwright/soh/src/code/z_scene_table.c:289:39: warning: passing argument 3 of 'gSPSegment' makes integer from pointer without a cast [-Wint-conversion]
  289 |     gSPSegment(POLY_XLU_DISP++, 0x08, Gfx_TexScrollEx(play->state.gfxCtx, 0, (gameplayFrames * 1) % 64, 256, 16, 0, 1));
      |                                       ^~~~~~~~~~~~~~~~~~~~~~~~~~~~~~~~~~~~~~~~~~~~~~~~~~~~~~~~~~~~~~~~~~~~~~~~~~~~~~~~
      |                                       |
      |                                       Gfx *
/home/david/Documents/RockBox_Personal-master/devsrc/nano-soh-runtime/Shipwright/soh/include/functions.h:22:52: note: expected 'uintptr_t' {aka 'unsigned int'} but argument is of type 'Gfx *'
   22 | void gSPSegment(void* value, int segNum, uintptr_t target);
      |                                          ~~~~~~~~~~^~~~~~
/home/david/Documents/RockBox_Personal-master/devsrc/nano-soh-runtime/Shipwright/soh/src/code/z_scene_table.c:291:16: warning: passing argument 3 of 'gSPSegment' makes integer from pointer without a cast [-Wint-conversion]
  291 |                Gfx_TwoTexScrollEx(play->state.gfxCtx, 0, 127 - (gameplayFrames % 128), (gameplayFrames * 1) % 128, 32,
      |                ^~~~~~~~~~~~~~~~~~~~~~~~~~~~~~~~~~~~~~~~~~~~~~~~~~~~~~~~~~~~~~~~~~~~~~~~~~~~~~~~~~~~~~~~~~~~~~~~~~~~~~~
      |                |
      |                Gfx *
  292 |                                   32, 1, gameplayFrames % 128, (gameplayFrames * 1) % 128, 32, 32, -1, 1, 1, 1));
      |                                   ~~~~~~~~~~~~~~~~~~~~~~~~~~~~~~~~~~~~~~~~~~~~~~~~~~~~~~~~~~~~~~~~~~~~~~~~~~~~~
/home/david/Documents/RockBox_Personal-master/devsrc/nano-soh-runtime/Shipwright/soh/include/functions.h:22:52: note: expected 'uintptr_t' {aka 'unsigned int'} but argument is of type 'Gfx *'
   22 | void gSPSegment(void* value, int segNum, uintptr_t target);
      |                                          ~~~~~~~~~~^~~~~~
/home/david/Documents/RockBox_Personal-master/devsrc/nano-soh-runtime/Shipwright/soh/src/code/z_scene_table.c:294:16: warning: passing argument 3 of 'gSPSegment' makes integer from pointer without a cast [-Wint-conversion]
  294 |                Gfx_TwoTexScrollEx(play->state.gfxCtx, 0, 0, 0, 32, 32, 1, 0, 127 - (gameplayFrames * 1) % 128, 32, 32,
      |                ^~~~~~~~~~~~~~~~~~~~~~~~~~~~~~~~~~~~~~~~~~~~~~~~~~~~~~~~~~~~~~~~~~~~~~~~~~~~~~~~~~~~~~~~~~~~~~~~~~~~~~~
      |                |
      |                Gfx *
  295 |                                   0, 0, 0, -1));
      |                                   ~~~~~~~~~~~~
/home/david/Documents/RockBox_Personal-master/devsrc/nano-soh-runtime/Shipwright/soh/include/functions.h:22:52: note: expected 'uintptr_t' {aka 'unsigned int'} but argument is of type 'Gfx *'
   22 | void gSPSegment(void* value, int segNum, uintptr_t target);
      |                                          ~~~~~~~~~~^~~~~~
/home/david/Documents/RockBox_Personal-master/devsrc/nano-soh-runtime/Shipwright/soh/src/code/z_scene_table.c:296:39: warning: passing argument 3 of 'gSPSegment' makes integer from pointer without a cast [-Wint-conversion]
  296 |     gSPSegment(POLY_OPA_DISP++, 0x0B, Gfx_TexScrollEx(play->state.gfxCtx, 0, (gameplayFrames * 1) % 128, 32, 32, 0, 1));
      |                                       ^~~~~~~~~~~~~~~~~~~~~~~~~~~~~~~~~~~~~~~~~~~~~~~~~~~~~~~~~~~~~~~~~~~~~~~~~~~~~~~~
      |                                       |
      |                                       Gfx *
/home/david/Documents/RockBox_Personal-master/devsrc/nano-soh-runtime/Shipwright/soh/include/functions.h:22:52: note: expected 'uintptr_t' {aka 'unsigned int'} but argument is of type 'Gfx *'
   22 | void gSPSegment(void* value, int segNum, uintptr_t target);
      |                                          ~~~~~~~~~~^~~~~~
/home/david/Documents/RockBox_Personal-master/devsrc/nano-soh-runtime/Shipwright/soh/src/code/z_scene_table.c:298:16: warning: passing argument 3 of 'gSPSegment' makes integer from pointer without a cast [-Wint-conversion]
  298 |                Gfx_TwoTexScrollEx(play->state.gfxCtx, 0, 0, (gameplayFrames * 50) % 2048, 8, 512, 1, 0,
      |                ^~~~~~~~~~~~~~~~~~~~~~~~~~~~~~~~~~~~~~~~~~~~~~~~~~~~~~~~~~~~~~~~~~~~~~~~~~~~~~~~~~~~~~~~
      |                |
      |                Gfx *
  299 |                                   (gameplayFrames * 60) % 2048, 8, 512, 0, 50, 0, 60));
      |                                   ~~~~~~~~~~~~~~~~~~~~~~~~~~~~~~~~~~~~~~~~~~~~~~~~~~~
/home/david/Documents/RockBox_Personal-master/devsrc/nano-soh-runtime/Shipwright/soh/include/functions.h:22:52: note: expected 'uintptr_t' {aka 'unsigned int'} but argument is of type 'Gfx *'
   22 | void gSPSegment(void* value, int segNum, uintptr_t target);
      |                                          ~~~~~~~~~~^~~~~~
/home/david/Documents/RockBox_Personal-master/devsrc/nano-soh-runtime/Shipwright/soh/src/code/z_scene_table.c:302:9: warning: passing argument 3 of 'gSPSegment' makes integer from pointer without a cast [-Wint-conversion]
  302 |         Gfx_TwoTexScrollEx(play->state.gfxCtx, 0, 0, 0, 32, 64, 1, 0, (gameplayFrames * 1) % 128, 32, 32, 0, 0, 0, 1));
      |         ^~~~~~~~~~~~~~~~~~~~~~~~~~~~~~~~~~~~~~~~~~~~~~~~~~~~~~~~~~~~~~~~~~~~~~~~~~~~~~~~~~~~~~~~~~~~~~~~~~~~~~~~~~~~~
      |         |
      |         Gfx *
/home/david/Documents/RockBox_Personal-master/devsrc/nano-soh-runtime/Shipwright/soh/include/functions.h:22:52: note: expected 'uintptr_t' {aka 'unsigned int'} but argument is of type 'Gfx *'
   22 | void gSPSegment(void* value, int segNum, uintptr_t target);
      |                                          ~~~~~~~~~~^~~~~~
/home/david/Documents/RockBox_Personal-master/devsrc/nano-soh-runtime/Shipwright/soh/src/code/z_scene_table.c: In function 'func_8009A798':
/home/david/Documents/RockBox_Personal-master/devsrc/nano-soh-runtime/Shipwright/soh/src/code/z_scene_table.c:320:39: warning: passing argument 3 of 'gSPSegment' makes integer from pointer without a cast [-Wint-conversion]
  320 |     gSPSegment(POLY_XLU_DISP++, 0x08, Gfx_TexScrollEx(play->state.gfxCtx, 0, (gameplayFrames * 2) % 256, 64, 64, 0, 2));
      |                                       ^~~~~~~~~~~~~~~~~~~~~~~~~~~~~~~~~~~~~~~~~~~~~~~~~~~~~~~~~~~~~~~~~~~~~~~~~~~~~~~~
      |                                       |
      |                                       Gfx *
/home/david/Documents/RockBox_Personal-master/devsrc/nano-soh-runtime/Shipwright/soh/include/functions.h:22:52: note: expected 'uintptr_t' {aka 'unsigned int'} but argument is of type 'Gfx *'
   22 | void gSPSegment(void* value, int segNum, uintptr_t target);
      |                                          ~~~~~~~~~~^~~~~~
/home/david/Documents/RockBox_Personal-master/devsrc/nano-soh-runtime/Shipwright/soh/src/code/z_scene_table.c:326:16: warning: passing argument 3 of 'gSPSegment' makes integer from pointer without a cast [-Wint-conversion]
  326 |                Gfx_TwoTexScrollEx(play->state.gfxCtx, 0, 127 - gameplayFrames % 128, (gameplayFrames * 1) % 128, 32, 32,
      |                ^~~~~~~~~~~~~~~~~~~~~~~~~~~~~~~~~~~~~~~~~~~~~~~~~~~~~~~~~~~~~~~~~~~~~~~~~~~~~~~~~~~~~~~~~~~~~~~~~~~~~~~~~
      |                |
      |                Gfx *
  327 |                                   1, gameplayFrames % 128, (gameplayFrames * 1) % 128, 32, 32, -1, 1, 1, 1));
      |                                   ~~~~~~~~~~~~~~~~~~~~~~~~~~~~~~~~~~~~~~~~~~~~~~~~~~~~~~~~~~~~~~~~~~~~~~~~~
/home/david/Documents/RockBox_Personal-master/devsrc/nano-soh-runtime/Shipwright/soh/include/functions.h:22:52: note: expected 'uintptr_t' {aka 'unsigned int'} but argument is of type 'Gfx *'
   22 | void gSPSegment(void* value, int segNum, uintptr_t target);
      |                                          ~~~~~~~~~~^~~~~~
/home/david/Documents/RockBox_Personal-master/devsrc/nano-soh-runtime/Shipwright/soh/src/code/z_scene_table.c:329:16: warning: passing argument 3 of 'gSPSegment' makes integer from pointer without a cast [-Wint-conversion]
  329 |                Gfx_TwoTexScrollEx(play->state.gfxCtx, 0, 127 - (gameplayFrames * 1) % 128, (gameplayFrames * 1) % 256,
      |                ^~~~~~~~~~~~~~~~~~~~~~~~~~~~~~~~~~~~~~~~~~~~~~~~~~~~~~~~~~~~~~~~~~~~~~~~~~~~~~~~~~~~~~~~~~~~~~~~~~~~~~~
      |                |
      |                Gfx *
  330 |                                   32, 64, 1, 0, 0, 32, 128, -1, 1, 0, 0));
      |                                   ~~~~~~~~~~~~~~~~~~~~~~~~~~~~~~~~~~~~~~
/home/david/Documents/RockBox_Personal-master/devsrc/nano-soh-runtime/Shipwright/soh/include/functions.h:22:52: note: expected 'uintptr_t' {aka 'unsigned int'} but argument is of type 'Gfx *'
   22 | void gSPSegment(void* value, int segNum, uintptr_t target);
      |                                          ~~~~~~~~~~^~~~~~
/home/david/Documents/RockBox_Personal-master/devsrc/nano-soh-runtime/Shipwright/soh/src/code/z_scene_table.c: In function 'func_8009A9DC':
/home/david/Documents/RockBox_Personal-master/devsrc/nano-soh-runtime/Shipwright/soh/src/code/z_scene_table.c:349:16: warning: passing argument 3 of 'gSPSegment' makes integer from pointer without a cast [-Wint-conversion]
  349 |                Gfx_TwoTexScrollEx(play->state.gfxCtx, 0, 127 - gameplayFrames % 128, (gameplayFrames * 3) % 256, 32, 64,
      |                ^~~~~~~~~~~~~~~~~~~~~~~~~~~~~~~~~~~~~~~~~~~~~~~~~~~~~~~~~~~~~~~~~~~~~~~~~~~~~~~~~~~~~~~~~~~~~~~~~~~~~~~~~
      |                |
      |                Gfx *
  350 |                                   1, gameplayFrames % 128, (gameplayFrames * 3) % 256, 32, 64, -1, 3, 1, 3));
      |                                   ~~~~~~~~~~~~~~~~~~~~~~~~~~~~~~~~~~~~~~~~~~~~~~~~~~~~~~~~~~~~~~~~~~~~~~~~~
/home/david/Documents/RockBox_Personal-master/devsrc/nano-soh-runtime/Shipwright/soh/include/functions.h:22:52: note: expected 'uintptr_t' {aka 'unsigned int'} but argument is of type 'Gfx *'
   22 | void gSPSegment(void* value, int segNum, uintptr_t target);
      |                                          ~~~~~~~~~~^~~~~~
/home/david/Documents/RockBox_Personal-master/devsrc/nano-soh-runtime/Shipwright/soh/src/code/z_scene_table.c:352:16: warning: passing argument 3 of 'gSPSegment' makes integer from pointer without a cast [-Wint-conversion]
  352 |                Gfx_TwoTexScrollEx(play->state.gfxCtx, 0, 127 - gameplayFrames % 128, (gameplayFrames * 3) % 128, 32, 32,
      |                ^~~~~~~~~~~~~~~~~~~~~~~~~~~~~~~~~~~~~~~~~~~~~~~~~~~~~~~~~~~~~~~~~~~~~~~~~~~~~~~~~~~~~~~~~~~~~~~~~~~~~~~~~
      |                |
      |                Gfx *
  353 |                                   1, gameplayFrames % 128, (gameplayFrames * 3) % 128, 32, 32, -1, 3, 1, 3));
      |                                   ~~~~~~~~~~~~~~~~~~~~~~~~~~~~~~~~~~~~~~~~~~~~~~~~~~~~~~~~~~~~~~~~~~~~~~~~~
/home/david/Documents/RockBox_Personal-master/devsrc/nano-soh-runtime/Shipwright/soh/include/functions.h:22:52: note: expected 'uintptr_t' {aka 'unsigned int'} but argument is of type 'Gfx *'
   22 | void gSPSegment(void* value, int segNum, uintptr_t target);
      |                                          ~~~~~~~~~~^~~~~~
/home/david/Documents/RockBox_Personal-master/devsrc/nano-soh-runtime/Shipwright/soh/src/code/z_scene_table.c: In function 'func_8009AB98':
/home/david/Documents/RockBox_Personal-master/devsrc/nano-soh-runtime/Shipwright/soh/src/code/z_scene_table.c:371:39: warning: passing argument 3 of 'gSPSegment' makes integer from pointer without a cast [-Wint-conversion]
  371 |     gSPSegment(POLY_XLU_DISP++, 0x08, Gfx_TexScrollEx(play->state.gfxCtx, 0, gameplayFrames % 64, 256, 16, 0, 1));
      |                                       ^~~~~~~~~~~~~~~~~~~~~~~~~~~~~~~~~~~~~~~~~~~~~~~~~~~~~~~~~~~~~~~~~~~~~~~~~~
      |                                       |
      |                                       Gfx *
/home/david/Documents/RockBox_Personal-master/devsrc/nano-soh-runtime/Shipwright/soh/include/functions.h:22:52: note: expected 'uintptr_t' {aka 'unsigned int'} but argument is of type 'Gfx *'
   22 | void gSPSegment(void* value, int segNum, uintptr_t target);
      |                                          ~~~~~~~~~~^~~~~~
/home/david/Documents/RockBox_Personal-master/devsrc/nano-soh-runtime/Shipwright/soh/src/code/z_scene_table.c: In function 'func_8009ACA8':
/home/david/Documents/RockBox_Personal-master/devsrc/nano-soh-runtime/Shipwright/soh/src/code/z_scene_table.c:390:16: warning: passing argument 3 of 'gSPSegment' makes integer from pointer without a cast [-Wint-conversion]
  390 |                Gfx_TwoTexScrollEx(play->state.gfxCtx, 0, 127 - gameplayFrames % 128, (gameplayFrames * 3) % 128, 32, 32,
      |                ^~~~~~~~~~~~~~~~~~~~~~~~~~~~~~~~~~~~~~~~~~~~~~~~~~~~~~~~~~~~~~~~~~~~~~~~~~~~~~~~~~~~~~~~~~~~~~~~~~~~~~~~~
      |                |
      |                Gfx *
  391 |                                   1, gameplayFrames % 128, (gameplayFrames * 3) % 128, 32, 32, -1, 3, 1, 3));
      |                                   ~~~~~~~~~~~~~~~~~~~~~~~~~~~~~~~~~~~~~~~~~~~~~~~~~~~~~~~~~~~~~~~~~~~~~~~~~
/home/david/Documents/RockBox_Personal-master/devsrc/nano-soh-runtime/Shipwright/soh/include/functions.h:22:52: note: expected 'uintptr_t' {aka 'unsigned int'} but argument is of type 'Gfx *'
   22 | void gSPSegment(void* value, int segNum, uintptr_t target);
      |                                          ~~~~~~~~~~^~~~~~
/home/david/Documents/RockBox_Personal-master/devsrc/nano-soh-runtime/Shipwright/soh/src/code/z_scene_table.c:392:39: warning: passing argument 3 of 'gSPSegment' makes integer from pointer without a cast [-Wint-conversion]
  392 |     gSPSegment(POLY_XLU_DISP++, 0x09, Gfx_TexScrollEx(play->state.gfxCtx, 0, gameplayFrames % 64, 256, 16, 0, 1));
      |                                       ^~~~~~~~~~~~~~~~~~~~~~~~~~~~~~~~~~~~~~~~~~~~~~~~~~~~~~~~~~~~~~~~~~~~~~~~~~
      |                                       |
      |                                       Gfx *
/home/david/Documents/RockBox_Personal-master/devsrc/nano-soh-runtime/Shipwright/soh/include/functions.h:22:52: note: expected 'uintptr_t' {aka 'unsigned int'} but argument is of type 'Gfx *'
   22 | void gSPSegment(void* value, int segNum, uintptr_t target);
      |                                          ~~~~~~~~~~^~~~~~
/home/david/Documents/RockBox_Personal-master/devsrc/nano-soh-runtime/Shipwright/soh/src/code/z_scene_table.c: In function 'func_8009AE30':
/home/david/Documents/RockBox_Personal-master/devsrc/nano-soh-runtime/Shipwright/soh/src/code/z_scene_table.c:413:20: warning: passing argument 3 of 'gSPSegment' makes integer from pointer without a cast [-Wint-conversion]
  413 |                    Gfx_TwoTexScrollEx(play->state.gfxCtx, 0, (gameplayFrames * 2) % 128, 0, 32, 32, 1,
      |                    ^~~~~~~~~~~~~~~~~~~~~~~~~~~~~~~~~~~~~~~~~~~~~~~~~~~~~~~~~~~~~~~~~~~~~~~~~~~~~~~~~~~
      |                    |
      |                    Gfx *
  414 |                                       (gameplayFrames * 2) % 128, 0, 32, 32, 2, 0, 2, 0));
      |                                       ~~~~~~~~~~~~~~~~~~~~~~~~~~~~~~~~~~~~~~~~~~~~~~~~~~
/home/david/Documents/RockBox_Personal-master/devsrc/nano-soh-runtime/Shipwright/soh/include/functions.h:22:52: note: expected 'uintptr_t' {aka 'unsigned int'} but argument is of type 'Gfx *'
   22 | void gSPSegment(void* value, int segNum, uintptr_t target);
      |                                          ~~~~~~~~~~^~~~~~
/home/david/Documents/RockBox_Personal-master/devsrc/nano-soh-runtime/Shipwright/soh/src/code/z_scene_table.c:417:20: warning: passing argument 3 of 'gSPSegment' makes integer from pointer without a cast [-Wint-conversion]
  417 |                    Gfx_TwoTexScrollEx(play->state.gfxCtx, 0, (gameplayFrames * 2) % 128, 0, 32, 32, 1,
      |                    ^~~~~~~~~~~~~~~~~~~~~~~~~~~~~~~~~~~~~~~~~~~~~~~~~~~~~~~~~~~~~~~~~~~~~~~~~~~~~~~~~~~
      |                    |
      |                    Gfx *
  418 |                                       (gameplayFrames * 2) % 128, 0, 32, 32, 2, 0, 2, 0));
      |                                       ~~~~~~~~~~~~~~~~~~~~~~~~~~~~~~~~~~~~~~~~~~~~~~~~~~
/home/david/Documents/RockBox_Personal-master/devsrc/nano-soh-runtime/Shipwright/soh/include/functions.h:22:52: note: expected 'uintptr_t' {aka 'unsigned int'} but argument is of type 'Gfx *'
   22 | void gSPSegment(void* value, int segNum, uintptr_t target);
      |                                          ~~~~~~~~~~^~~~~~
/home/david/Documents/RockBox_Personal-master/devsrc/nano-soh-runtime/Shipwright/soh/src/code/z_scene_table.c: At top level:
/home/david/Documents/RockBox_Personal-master/devsrc/nano-soh-runtime/Shipwright/soh/src/code/z_scene_table.c:431:5: warning: initialization discards 'const' qualifier from pointer target type [-Wdiscarded-qualifiers]
  431 |     gThievesHideoutDayEntranceTex,
      |     ^~~~~~~~~~~~~~~~~~~~~~~~~~~~~
/home/david/Documents/RockBox_Personal-master/devsrc/nano-soh-runtime/Shipwright/soh/src/code/z_scene_table.c:432:5: warning: initialization discards 'const' qualifier from pointer target type [-Wdiscarded-qualifiers]
  432 |     gThievesHideoutNightEntranceTex,
      |     ^~~~~~~~~~~~~~~~~~~~~~~~~~~~~~~
/home/david/Documents/RockBox_Personal-master/devsrc/nano-soh-runtime/Shipwright/soh/src/code/z_scene_table.c: In function 'func_8009AFE0':
/home/david/Documents/RockBox_Personal-master/devsrc/nano-soh-runtime/Shipwright/soh/src/code/z_scene_table.c:442:39: warning: passing argument 3 of 'gSPSegment' makes integer from pointer without a cast [-Wint-conversion]
  442 |     gSPSegment(POLY_OPA_DISP++, 0x09, Gfx_TexScrollEx(play->state.gfxCtx, 0, (gameplayFrames * 3) % 128, 32, 32, 0, 3));
      |                                       ^~~~~~~~~~~~~~~~~~~~~~~~~~~~~~~~~~~~~~~~~~~~~~~~~~~~~~~~~~~~~~~~~~~~~~~~~~~~~~~~
      |                                       |
      |                                       Gfx *
/home/david/Documents/RockBox_Personal-master/devsrc/nano-soh-runtime/Shipwright/soh/include/functions.h:22:52: note: expected 'uintptr_t' {aka 'unsigned int'} but argument is of type 'Gfx *'
   22 | void gSPSegment(void* value, int segNum, uintptr_t target);
      |                                          ~~~~~~~~~~^~~~~~
/home/david/Documents/RockBox_Personal-master/devsrc/nano-soh-runtime/Shipwright/soh/src/code/z_scene_table.c:446:91: warning: passing argument 3 of 'gSPSegment' makes integer from pointer without a cast [-Wint-conversion]
  446 |     gSPSegment(POLY_XLU_DISP++, 0x08, SEGMENTED_TO_VIRTUAL(sThievesHideoutEntranceTextures[gSaveContext.nightFlag]));
      |                                                            ~~~~~~~~~~~~~~~~~~~~~~~~~~~~~~~^~~~~~~~~~~~~~~~~~~~~~~~
      |                                                                                           |
      |                                                                                           void *
/home/david/Documents/RockBox_Personal-master/devsrc/nano-soh-runtime/Shipwright/soh/include/macros.h:37:36: note: in definition of macro 'SEGMENTED_TO_VIRTUAL'
   37 | #define SEGMENTED_TO_VIRTUAL(addr) addr
      |                                    ^~~~
/home/david/Documents/RockBox_Personal-master/devsrc/nano-soh-runtime/Shipwright/soh/include/functions.h:22:52: note: expected 'uintptr_t' {aka 'unsigned int'} but argument is of type 'void *'
   22 | void gSPSegment(void* value, int segNum, uintptr_t target);
      |                                          ~~~~~~~~~~^~~~~~
/home/david/Documents/RockBox_Personal-master/devsrc/nano-soh-runtime/Shipwright/soh/src/code/z_scene_table.c: At top level:
/home/david/Documents/RockBox_Personal-master/devsrc/nano-soh-runtime/Shipwright/soh/src/code/z_scene_table.c:452:5: warning: initialization discards 'const' qualifier from pointer target type [-Wdiscarded-qualifiers]
  452 |     gWaterTempleDayEntranceTex,
      |     ^~~~~~~~~~~~~~~~~~~~~~~~~~
/home/david/Documents/RockBox_Personal-master/devsrc/nano-soh-runtime/Shipwright/soh/src/code/z_scene_table.c:453:5: warning: initialization discards 'const' qualifier from pointer target type [-Wdiscarded-qualifiers]
  453 |     gWaterTempleNightEntranceTex,
      |     ^~~~~~~~~~~~~~~~~~~~~~~~~~~~
/home/david/Documents/RockBox_Personal-master/devsrc/nano-soh-runtime/Shipwright/soh/src/code/z_scene_table.c: In function 'func_8009B0FC':
/home/david/Documents/RockBox_Personal-master/devsrc/nano-soh-runtime/Shipwright/soh/src/code/z_scene_table.c:469:77: warning: passing argument 3 of 'gSPSegment' makes integer from pointer without a cast [-Wint-conversion]
  469 |         gSPSegment(POLY_XLU_DISP++, 0x08, SEGMENTED_TO_VIRTUAL(D_8012A330_MQ[gSaveContext.nightFlag]));
      |                                                                ~~~~~~~~~~~~~^~~~~~~~~~~~~~~~~~~~~~~~
      |                                                                             |
      |                                                                             void *
/home/david/Documents/RockBox_Personal-master/devsrc/nano-soh-runtime/Shipwright/soh/include/macros.h:37:36: note: in definition of macro 'SEGMENTED_TO_VIRTUAL'
   37 | #define SEGMENTED_TO_VIRTUAL(addr) addr
      |                                    ^~~~
/home/david/Documents/RockBox_Personal-master/devsrc/nano-soh-runtime/Shipwright/soh/include/functions.h:22:52: note: expected 'uintptr_t' {aka 'unsigned int'} but argument is of type 'void *'
   22 | void gSPSegment(void* value, int segNum, uintptr_t target);
      |                                          ~~~~~~~~~~^~~~~~
/home/david/Documents/RockBox_Personal-master/devsrc/nano-soh-runtime/Shipwright/soh/src/code/z_scene_table.c:471:74: warning: passing argument 3 of 'gSPSegment' makes integer from pointer without a cast [-Wint-conversion]
  471 |         gSPSegment(POLY_XLU_DISP++, 0x08, SEGMENTED_TO_VIRTUAL(D_8012A330[gSaveContext.nightFlag]));
      |                                                                ~~~~~~~~~~^~~~~~~~~~~~~~~~~~~~~~~~
      |                                                                          |
      |                                                                          void *
/home/david/Documents/RockBox_Personal-master/devsrc/nano-soh-runtime/Shipwright/soh/include/macros.h:37:36: note: in definition of macro 'SEGMENTED_TO_VIRTUAL'
   37 | #define SEGMENTED_TO_VIRTUAL(addr) addr
      |                                    ^~~~
/home/david/Documents/RockBox_Personal-master/devsrc/nano-soh-runtime/Shipwright/soh/include/functions.h:22:52: note: expected 'uintptr_t' {aka 'unsigned int'} but argument is of type 'void *'
   22 | void gSPSegment(void* value, int segNum, uintptr_t target);
      |                                          ~~~~~~~~~~^~~~~~
/home/david/Documents/RockBox_Personal-master/devsrc/nano-soh-runtime/Shipwright/soh/src/code/z_scene_table.c:476:20: warning: passing argument 3 of 'gSPSegment' makes integer from pointer without a cast [-Wint-conversion]
  476 |                    Gfx_TwoTexScrollEnvColorEx(play->state.gfxCtx, 0, gameplayFrames * 1, 0, 32, 32, 1, 0, 0, 32, 32, 0,
      |                    ^~~~~~~~~~~~~~~~~~~~~~~~~~~~~~~~~~~~~~~~~~~~~~~~~~~~~~~~~~~~~~~~~~~~~~~~~~~~~~~~~~~~~~~~~~~~~~~~~~~~
      |                    |
      |                    Gfx *
  477 |                                               0, 0, spAC, 1, 0, 0, 0));
      |                                               ~~~~~~~~~~~~~~~~~~~~~~~
/home/david/Documents/RockBox_Personal-master/devsrc/nano-soh-runtime/Shipwright/soh/include/functions.h:22:52: note: expected 'uintptr_t' {aka 'unsigned int'} but argument is of type 'Gfx *'
   22 | void gSPSegment(void* value, int segNum, uintptr_t target);
      |                                          ~~~~~~~~~~^~~~~~
/home/david/Documents/RockBox_Personal-master/devsrc/nano-soh-runtime/Shipwright/soh/src/code/z_scene_table.c:480:20: warning: passing argument 3 of 'gSPSegment' makes integer from pointer without a cast [-Wint-conversion]
  480 |                    Gfx_TwoTexScrollEnvColorEx(play->state.gfxCtx, 0, gameplayFrames * 1, 0, 32, 32, 1, 0, 0, 32, 32, 0,
      |                    ^~~~~~~~~~~~~~~~~~~~~~~~~~~~~~~~~~~~~~~~~~~~~~~~~~~~~~~~~~~~~~~~~~~~~~~~~~~~~~~~~~~~~~~~~~~~~~~~~~~~
      |                    |
      |                    Gfx *
  481 |                                               0, 0, 255, 1, 0, 0, 0));
      |                                               ~~~~~~~~~~~~~~~~~~~~~~
/home/david/Documents/RockBox_Personal-master/devsrc/nano-soh-runtime/Shipwright/soh/include/functions.h:22:52: note: expected 'uintptr_t' {aka 'unsigned int'} but argument is of type 'Gfx *'
   22 | void gSPSegment(void* value, int segNum, uintptr_t target);
      |                                          ~~~~~~~~~~^~~~~~
/home/david/Documents/RockBox_Personal-master/devsrc/nano-soh-runtime/Shipwright/soh/src/code/z_scene_table.c:484:20: warning: passing argument 3 of 'gSPSegment' makes integer from pointer without a cast [-Wint-conversion]
  484 |                    Gfx_TwoTexScrollEnvColorEx(play->state.gfxCtx, 0, gameplayFrames * 1, 0, 32, 32, 1, 0, 0, 32, 32, 0,
      |                    ^~~~~~~~~~~~~~~~~~~~~~~~~~~~~~~~~~~~~~~~~~~~~~~~~~~~~~~~~~~~~~~~~~~~~~~~~~~~~~~~~~~~~~~~~~~~~~~~~~~~
      |                    |
      |                    Gfx *
  485 |                                               0, 0, 160, 1, 0, 0, 0));
      |                                               ~~~~~~~~~~~~~~~~~~~~~~
/home/david/Documents/RockBox_Personal-master/devsrc/nano-soh-runtime/Shipwright/soh/include/functions.h:22:52: note: expected 'uintptr_t' {aka 'unsigned int'} but argument is of type 'Gfx *'
   22 | void gSPSegment(void* value, int segNum, uintptr_t target);
      |                                          ~~~~~~~~~~^~~~~~
/home/david/Documents/RockBox_Personal-master/devsrc/nano-soh-runtime/Shipwright/soh/src/code/z_scene_table.c:490:20: warning: passing argument 3 of 'gSPSegment' makes integer from pointer without a cast [-Wint-conversion]
  490 |                    Gfx_TwoTexScrollEnvColorEx(play->state.gfxCtx, 0, gameplayFrames * 1, 0, 32, 32, 1, 0, 0, 32, 32, 0,
      |                    ^~~~~~~~~~~~~~~~~~~~~~~~~~~~~~~~~~~~~~~~~~~~~~~~~~~~~~~~~~~~~~~~~~~~~~~~~~~~~~~~~~~~~~~~~~~~~~~~~~~~
      |                    |
      |                    Gfx *
  491 |                                               0, 0, spAC, 1, 0, 0, 0));
      |                                               ~~~~~~~~~~~~~~~~~~~~~~~
/home/david/Documents/RockBox_Personal-master/devsrc/nano-soh-runtime/Shipwright/soh/include/functions.h:22:52: note: expected 'uintptr_t' {aka 'unsigned int'} but argument is of type 'Gfx *'
   22 | void gSPSegment(void* value, int segNum, uintptr_t target);
      |                                          ~~~~~~~~~~^~~~~~
/home/david/Documents/RockBox_Personal-master/devsrc/nano-soh-runtime/Shipwright/soh/src/code/z_scene_table.c:494:20: warning: passing argument 3 of 'gSPSegment' makes integer from pointer without a cast [-Wint-conversion]
  494 |                    Gfx_TwoTexScrollEnvColorEx(play->state.gfxCtx, 0, gameplayFrames * 1, 0, 32, 32, 1, 0, 0, 32, 32, 0,
      |                    ^~~~~~~~~~~~~~~~~~~~~~~~~~~~~~~~~~~~~~~~~~~~~~~~~~~~~~~~~~~~~~~~~~~~~~~~~~~~~~~~~~~~~~~~~~~~~~~~~~~~
      |                    |
      |                    Gfx *
  495 |                                               0, 0, 255, 1, 0, 0, 0));
      |                                               ~~~~~~~~~~~~~~~~~~~~~~
/home/david/Documents/RockBox_Personal-master/devsrc/nano-soh-runtime/Shipwright/soh/include/functions.h:22:52: note: expected 'uintptr_t' {aka 'unsigned int'} but argument is of type 'Gfx *'
   22 | void gSPSegment(void* value, int segNum, uintptr_t target);
      |                                          ~~~~~~~~~~^~~~~~
/home/david/Documents/RockBox_Personal-master/devsrc/nano-soh-runtime/Shipwright/soh/src/code/z_scene_table.c:498:20: warning: passing argument 3 of 'gSPSegment' makes integer from pointer without a cast [-Wint-conversion]
  498 |                    Gfx_TwoTexScrollEnvColorEx(play->state.gfxCtx, 0, gameplayFrames * 1, 0, 32, 32, 1, 0, 0, 32, 32, 0,
      |                    ^~~~~~~~~~~~~~~~~~~~~~~~~~~~~~~~~~~~~~~~~~~~~~~~~~~~~~~~~~~~~~~~~~~~~~~~~~~~~~~~~~~~~~~~~~~~~~~~~~~~
      |                    |
      |                    Gfx *
  499 |                                               0, 0, 160, 1, 0, 0, 0));
      |                                               ~~~~~~~~~~~~~~~~~~~~~~
/home/david/Documents/RockBox_Personal-master/devsrc/nano-soh-runtime/Shipwright/soh/include/functions.h:22:52: note: expected 'uintptr_t' {aka 'unsigned int'} but argument is of type 'Gfx *'
   22 | void gSPSegment(void* value, int segNum, uintptr_t target);
      |                                          ~~~~~~~~~~^~~~~~
/home/david/Documents/RockBox_Personal-master/devsrc/nano-soh-runtime/Shipwright/soh/src/code/z_scene_table.c:504:20: warning: passing argument 3 of 'gSPSegment' makes integer from pointer without a cast [-Wint-conversion]
  504 |                    Gfx_TwoTexScrollEnvColorEx(play->state.gfxCtx, 0, gameplayFrames * 1, 0, 32, 32, 1, 0, 0, 32, 32, 0,
      |                    ^~~~~~~~~~~~~~~~~~~~~~~~~~~~~~~~~~~~~~~~~~~~~~~~~~~~~~~~~~~~~~~~~~~~~~~~~~~~~~~~~~~~~~~~~~~~~~~~~~~~
      |                    |
      |                    Gfx *
  505 |                                               0, 0, 160, 1, 0, 0, 0));
      |                                               ~~~~~~~~~~~~~~~~~~~~~~
/home/david/Documents/RockBox_Personal-master/devsrc/nano-soh-runtime/Shipwright/soh/include/functions.h:22:52: note: expected 'uintptr_t' {aka 'unsigned int'} but argument is of type 'Gfx *'
   22 | void gSPSegment(void* value, int segNum, uintptr_t target);
      |                                          ~~~~~~~~~~^~~~~~
/home/david/Documents/RockBox_Personal-master/devsrc/nano-soh-runtime/Shipwright/soh/src/code/z_scene_table.c:507:20: warning: passing argument 3 of 'gSPSegment' makes integer from pointer without a cast [-Wint-conversion]
  507 |                    Gfx_TwoTexScrollEnvColorEx(play->state.gfxCtx, 0, gameplayFrames * 3, 0, 32, 32, 1, 0, 0, 32, 32, 0,
      |                    ^~~~~~~~~~~~~~~~~~~~~~~~~~~~~~~~~~~~~~~~~~~~~~~~~~~~~~~~~~~~~~~~~~~~~~~~~~~~~~~~~~~~~~~~~~~~~~~~~~~~
      |                    |
      |                    Gfx *
  508 |                                               0, 0, 180, 3, 0, 0, 0));
      |                                               ~~~~~~~~~~~~~~~~~~~~~~
/home/david/Documents/RockBox_Personal-master/devsrc/nano-soh-runtime/Shipwright/soh/include/functions.h:22:52: note: expected 'uintptr_t' {aka 'unsigned int'} but argument is of type 'Gfx *'
   22 | void gSPSegment(void* value, int segNum, uintptr_t target);
      |                                          ~~~~~~~~~~^~~~~~
/home/david/Documents/RockBox_Personal-master/devsrc/nano-soh-runtime/Shipwright/soh/src/code/z_scene_table.c:511:20: warning: passing argument 3 of 'gSPSegment' makes integer from pointer without a cast [-Wint-conversion]
  511 |                    Gfx_TwoTexScrollEnvColorEx(play->state.gfxCtx, 0, (gameplayFrames * 1) % 128, 0, 32, 32, 1, 0, 0, 32,
      |                    ^~~~~~~~~~~~~~~~~~~~~~~~~~~~~~~~~~~~~~~~~~~~~~~~~~~~~~~~~~~~~~~~~~~~~~~~~~~~~~~~~~~~~~~~~~~~~~~~~~~~~
      |                    |
      |                    Gfx *
  512 |                                               32, 0, 0, 0, 160 + (s32)((spAC / 200.0f) * 95.0f), 1, 0, 0, 0));
      |                                               ~~~~~~~~~~~~~~~~~~~~~~~~~~~~~~~~~~~~~~~~~~~~~~~~~~~~~~~~~~~~~~
/home/david/Documents/RockBox_Personal-master/devsrc/nano-soh-runtime/Shipwright/soh/include/functions.h:22:52: note: expected 'uintptr_t' {aka 'unsigned int'} but argument is of type 'Gfx *'
   22 | void gSPSegment(void* value, int segNum, uintptr_t target);
      |                                          ~~~~~~~~~~^~~~~~
/home/david/Documents/RockBox_Personal-master/devsrc/nano-soh-runtime/Shipwright/soh/src/code/z_scene_table.c:514:20: warning: passing argument 3 of 'gSPSegment' makes integer from pointer without a cast [-Wint-conversion]
  514 |                    Gfx_TwoTexScrollEnvColorEx(play->state.gfxCtx, 0, gameplayFrames * 3, 0, 32, 32, 1, 0, 0, 32, 32, 0,
      |                    ^~~~~~~~~~~~~~~~~~~~~~~~~~~~~~~~~~~~~~~~~~~~~~~~~~~~~~~~~~~~~~~~~~~~~~~~~~~~~~~~~~~~~~~~~~~~~~~~~~~~
      |                    |
      |                    Gfx *
  515 |                                               0, 0, 185 + (s32)((spAC / 200.0f) * 70.0f), 3, 0, 0, 0));
      |                                               ~~~~~~~~~~~~~~~~~~~~~~~~~~~~~~~~~~~~~~~~~~~~~~~~~~~~~~~
/home/david/Documents/RockBox_Personal-master/devsrc/nano-soh-runtime/Shipwright/soh/include/functions.h:22:52: note: expected 'uintptr_t' {aka 'unsigned int'} but argument is of type 'Gfx *'
   22 | void gSPSegment(void* value, int segNum, uintptr_t target);
      |                                          ~~~~~~~~~~^~~~~~
/home/david/Documents/RockBox_Personal-master/devsrc/nano-soh-runtime/Shipwright/soh/src/code/z_scene_table.c:519:16: warning: passing argument 3 of 'gSPSegment' makes integer from pointer without a cast [-Wint-conversion]
  519 |                Gfx_TwoTexScrollEnvColorEx(play->state.gfxCtx, 0, gameplayFrames * 1, gameplayFrames * 1, 32, 32, 1, 0,
      |                ^~~~~~~~~~~~~~~~~~~~~~~~~~~~~~~~~~~~~~~~~~~~~~~~~~~~~~~~~~~~~~~~~~~~~~~~~~~~~~~~~~~~~~~~~~~~~~~~~~~~~~~
      |                |
      |                Gfx *
  520 |                                           127 - (gameplayFrames * 1), 32, 32, 0, 0, 0, 128, 1, 1, 0, -1));
      |                                           ~~~~~~~~~~~~~~~~~~~~~~~~~~~~~~~~~~~~~~~~~~~~~~~~~~~~~~~~~~~~~~
/home/david/Documents/RockBox_Personal-master/devsrc/nano-soh-runtime/Shipwright/soh/include/functions.h:22:52: note: expected 'uintptr_t' {aka 'unsigned int'} but argument is of type 'Gfx *'
   22 | void gSPSegment(void* value, int segNum, uintptr_t target);
      |                                          ~~~~~~~~~~^~~~~~
/home/david/Documents/RockBox_Personal-master/devsrc/nano-soh-runtime/Shipwright/soh/src/code/z_scene_table.c:522:16: warning: passing argument 3 of 'gSPSegment' makes integer from pointer without a cast [-Wint-conversion]
  522 |                Gfx_TwoTexScrollEnvColorEx(play->state.gfxCtx, 0, gameplayFrames * 4, 0, 32, 32, 1, gameplayFrames * 4,
      |                ^~~~~~~~~~~~~~~~~~~~~~~~~~~~~~~~~~~~~~~~~~~~~~~~~~~~~~~~~~~~~~~~~~~~~~~~~~~~~~~~~~~~~~~~~~~~~~~~~~~~~~~
      |                |
      |                Gfx *
  523 |                                           0, 32, 32, 0, 0, 0, 128, 4, 0, 4, 0));
      |                                           ~~~~~~~~~~~~~~~~~~~~~~~~~~~~~~~~~~~~
/home/david/Documents/RockBox_Personal-master/devsrc/nano-soh-runtime/Shipwright/soh/include/functions.h:22:52: note: expected 'uintptr_t' {aka 'unsigned int'} but argument is of type 'Gfx *'
   22 | void gSPSegment(void* value, int segNum, uintptr_t target);
      |                                          ~~~~~~~~~~^~~~~~
/home/david/Documents/RockBox_Personal-master/devsrc/nano-soh-runtime/Shipwright/soh/src/code/z_scene_table.c: In function 'func_8009B86C':
/home/david/Documents/RockBox_Personal-master/devsrc/nano-soh-runtime/Shipwright/soh/src/code/z_scene_table.c:538:16: warning: passing argument 3 of 'gSPSegment' makes integer from pointer without a cast [-Wint-conversion]
  538 |                Gfx_TwoTexScrollEx(play->state.gfxCtx, 0, gameplayFrames * 1, 0, 32, 32, 1, 0, 0, 32, 32, 1, 0, 0, 0));
      |                ^~~~~~~~~~~~~~~~~~~~~~~~~~~~~~~~~~~~~~~~~~~~~~~~~~~~~~~~~~~~~~~~~~~~~~~~~~~~~~~~~~~~~~~~~~~~~~~~~~~~~
      |                |
      |                Gfx *
/home/david/Documents/RockBox_Personal-master/devsrc/nano-soh-runtime/Shipwright/soh/include/functions.h:22:52: note: expected 'uintptr_t' {aka 'unsigned int'} but argument is of type 'Gfx *'
   22 | void gSPSegment(void* value, int segNum, uintptr_t target);
      |                                          ~~~~~~~~~~^~~~~~
/home/david/Documents/RockBox_Personal-master/devsrc/nano-soh-runtime/Shipwright/soh/src/code/z_scene_table.c: In function 'func_8009B9BC':
/home/david/Documents/RockBox_Personal-master/devsrc/nano-soh-runtime/Shipwright/soh/src/code/z_scene_table.c:556:39: warning: passing argument 3 of 'gSPSegment' makes integer from pointer without a cast [-Wint-conversion]
  556 |     gSPSegment(POLY_OPA_DISP++, 0x08, Gfx_TexScrollEx(play->state.gfxCtx, 0, gameplayFrames % 64, 4, 16, 0, 1));
      |                                       ^~~~~~~~~~~~~~~~~~~~~~~~~~~~~~~~~~~~~~~~~~~~~~~~~~~~~~~~~~~~~~~~~~~~~~~~
      |                                       |
      |                                       Gfx *
/home/david/Documents/RockBox_Personal-master/devsrc/nano-soh-runtime/Shipwright/soh/include/functions.h:22:52: note: expected 'uintptr_t' {aka 'unsigned int'} but argument is of type 'Gfx *'
   22 | void gSPSegment(void* value, int segNum, uintptr_t target);
      |                                          ~~~~~~~~~~^~~~~~
/home/david/Documents/RockBox_Personal-master/devsrc/nano-soh-runtime/Shipwright/soh/src/code/z_scene_table.c: In function 'func_8009BAA4':
/home/david/Documents/RockBox_Personal-master/devsrc/nano-soh-runtime/Shipwright/soh/src/code/z_scene_table.c:572:16: warning: passing argument 3 of 'gSPSegment' makes integer from pointer without a cast [-Wint-conversion]
  572 |                Gfx_TwoTexScrollEx(play->state.gfxCtx, 0, 127 - gameplayFrames % 128, (gameplayFrames * 3) % 128, 32, 32,
      |                ^~~~~~~~~~~~~~~~~~~~~~~~~~~~~~~~~~~~~~~~~~~~~~~~~~~~~~~~~~~~~~~~~~~~~~~~~~~~~~~~~~~~~~~~~~~~~~~~~~~~~~~~~
      |                |
      |                Gfx *
  573 |                                   1, gameplayFrames % 128, (gameplayFrames * 3) % 128, 32, 32, -1, 3, 1, 3));
      |                                   ~~~~~~~~~~~~~~~~~~~~~~~~~~~~~~~~~~~~~~~~~~~~~~~~~~~~~~~~~~~~~~~~~~~~~~~~~
/home/david/Documents/RockBox_Personal-master/devsrc/nano-soh-runtime/Shipwright/soh/include/functions.h:22:52: note: expected 'uintptr_t' {aka 'unsigned int'} but argument is of type 'Gfx *'
   22 | void gSPSegment(void* value, int segNum, uintptr_t target);
      |                                          ~~~~~~~~~~^~~~~~
/home/david/Documents/RockBox_Personal-master/devsrc/nano-soh-runtime/Shipwright/soh/src/code/z_scene_table.c:577:20: warning: passing argument 3 of 'gSPSegment' makes integer from pointer without a cast [-Wint-conversion]
  577 |                    Gfx_TexScrollEx(play->state.gfxCtx, 0, (gameplayFrames * 10) % 256, 32, 64, 0, 10));
      |                    ^~~~~~~~~~~~~~~~~~~~~~~~~~~~~~~~~~~~~~~~~~~~~~~~~~~~~~~~~~~~~~~~~~~~~~~~~~~~~~~~~~
      |                    |
      |                    Gfx *
/home/david/Documents/RockBox_Personal-master/devsrc/nano-soh-runtime/Shipwright/soh/include/functions.h:22:52: note: expected 'uintptr_t' {aka 'unsigned int'} but argument is of type 'Gfx *'
   22 | void gSPSegment(void* value, int segNum, uintptr_t target);
      |                                          ~~~~~~~~~~^~~~~~
/home/david/Documents/RockBox_Personal-master/devsrc/nano-soh-runtime/Shipwright/soh/src/code/z_scene_table.c: In function 'func_8009BC44':
/home/david/Documents/RockBox_Personal-master/devsrc/nano-soh-runtime/Shipwright/soh/src/code/z_scene_table.c:602:20: warning: passing argument 3 of 'gSPSegment' makes integer from pointer without a cast [-Wint-conversion]
  602 |                    Gfx_TexScrollEx(play->state.gfxCtx, 0, (gameplayFrames * 1) % 256, 64, 64, 0, 1));
      |                    ^~~~~~~~~~~~~~~~~~~~~~~~~~~~~~~~~~~~~~~~~~~~~~~~~~~~~~~~~~~~~~~~~~~~~~~~~~~~~~~~
      |                    |
      |                    Gfx *
/home/david/Documents/RockBox_Personal-master/devsrc/nano-soh-runtime/Shipwright/soh/include/functions.h:22:52: note: expected 'uintptr_t' {aka 'unsigned int'} but argument is of type 'Gfx *'
   22 | void gSPSegment(void* value, int segNum, uintptr_t target);
      |                                          ~~~~~~~~~~^~~~~~
/home/david/Documents/RockBox_Personal-master/devsrc/nano-soh-runtime/Shipwright/soh/src/code/z_scene_table.c:604:20: warning: passing argument 3 of 'gSPSegment' makes integer from pointer without a cast [-Wint-conversion]
  604 |                    Gfx_TwoTexScrollEx(play->state.gfxCtx, 0, 0, 255 - (gameplayFrames * 1) % 256, 64, 64, 1, 0,
      |                    ^~~~~~~~~~~~~~~~~~~~~~~~~~~~~~~~~~~~~~~~~~~~~~~~~~~~~~~~~~~~~~~~~~~~~~~~~~~~~~~~~~~~~~~~~~~~
      |                    |
      |                    Gfx *
  605 |                                       (gameplayFrames * 1) % 256, 64, 64, 0, -1, 0, 1));
      |                                       ~~~~~~~~~~~~~~~~~~~~~~~~~~~~~~~~~~~~~~~~~~~~~~~~
/home/david/Documents/RockBox_Personal-master/devsrc/nano-soh-runtime/Shipwright/soh/include/functions.h:22:52: note: expected 'uintptr_t' {aka 'unsigned int'} but argument is of type 'Gfx *'
   22 | void gSPSegment(void* value, int segNum, uintptr_t target);
      |                                          ~~~~~~~~~~^~~~~~
/home/david/Documents/RockBox_Personal-master/devsrc/nano-soh-runtime/Shipwright/soh/src/code/z_scene_table.c:609:16: warning: passing argument 3 of 'gSPSegment' makes integer from pointer without a cast [-Wint-conversion]
  609 |                Gfx_TwoTexScrollEx(play->state.gfxCtx, 0, 255 - (gameplayFrames * 1) % 128, (gameplayFrames * 1) % 128,
      |                ^~~~~~~~~~~~~~~~~~~~~~~~~~~~~~~~~~~~~~~~~~~~~~~~~~~~~~~~~~~~~~~~~~~~~~~~~~~~~~~~~~~~~~~~~~~~~~~~~~~~~~~
      |                |
      |                Gfx *
  610 |                                   32, 32, 1, (gameplayFrames * 1) % 128, (gameplayFrames * 1) % 128, 32, 32, -1, 1, 1,
      |                                   ~~~~~~~~~~~~~~~~~~~~~~~~~~~~~~~~~~~~~~~~~~~~~~~~~~~~~~~~~~~~~~~~~~~~~~~~~~~~~~~~~~~~
  611 |                                   1));
      |                                   ~~
/home/david/Documents/RockBox_Personal-master/devsrc/nano-soh-runtime/Shipwright/soh/include/functions.h:22:52: note: expected 'uintptr_t' {aka 'unsigned int'} but argument is of type 'Gfx *'
   22 | void gSPSegment(void* value, int segNum, uintptr_t target);
      |                                          ~~~~~~~~~~^~~~~~
/home/david/Documents/RockBox_Personal-master/devsrc/nano-soh-runtime/Shipwright/soh/src/code/z_scene_table.c: In function 'func_8009C0AC':
/home/david/Documents/RockBox_Personal-master/devsrc/nano-soh-runtime/Shipwright/soh/src/code/z_scene_table.c:656:16: warning: passing argument 3 of 'gSPSegment' makes integer from pointer without a cast [-Wint-conversion]
  656 |                Gfx_TwoTexScrollEx(play->state.gfxCtx, 0, 0, (gameplayFrames * 1) % 512, 64, 128, 1, 0,
      |                ^~~~~~~~~~~~~~~~~~~~~~~~~~~~~~~~~~~~~~~~~~~~~~~~~~~~~~~~~~~~~~~~~~~~~~~~~~~~~~~~~~~~~~~
      |                |
      |                Gfx *
  657 |                                   511 - (gameplayFrames * 1) % 512, 64, 128, 0, 1, 0, -1));
      |                                   ~~~~~~~~~~~~~~~~~~~~~~~~~~~~~~~~~~~~~~~~~~~~~~~~~~~~~~~
/home/david/Documents/RockBox_Personal-master/devsrc/nano-soh-runtime/Shipwright/soh/include/functions.h:22:52: note: expected 'uintptr_t' {aka 'unsigned int'} but argument is of type 'Gfx *'
   22 | void gSPSegment(void* value, int segNum, uintptr_t target);
      |                                          ~~~~~~~~~~^~~~~~
/home/david/Documents/RockBox_Personal-master/devsrc/nano-soh-runtime/Shipwright/soh/src/code/z_scene_table.c:659:16: warning: passing argument 3 of 'gSPSegment' makes integer from pointer without a cast [-Wint-conversion]
  659 |                Gfx_TwoTexScrollEx(play->state.gfxCtx, 0, 0, (gameplayFrames * 1) % 256, 32, 64, 1, 0,
      |                ^~~~~~~~~~~~~~~~~~~~~~~~~~~~~~~~~~~~~~~~~~~~~~~~~~~~~~~~~~~~~~~~~~~~~~~~~~~~~~~~~~~~~~
      |                |
      |                Gfx *
  660 |                                   255 - (gameplayFrames * 1) % 256, 32, 64, 0, 1, 0, -1));
      |                                   ~~~~~~~~~~~~~~~~~~~~~~~~~~~~~~~~~~~~~~~~~~~~~~~~~~~~~~
/home/david/Documents/RockBox_Personal-master/devsrc/nano-soh-runtime/Shipwright/soh/include/functions.h:22:52: note: expected 'uintptr_t' {aka 'unsigned int'} but argument is of type 'Gfx *'
   22 | void gSPSegment(void* value, int segNum, uintptr_t target);
      |                                          ~~~~~~~~~~^~~~~~
/home/david/Documents/RockBox_Personal-master/devsrc/nano-soh-runtime/Shipwright/soh/src/code/z_scene_table.c:662:16: warning: passing argument 3 of 'gSPSegment' makes integer from pointer without a cast [-Wint-conversion]
  662 |                Gfx_TwoTexScrollEx(play->state.gfxCtx, 0, 0, (gameplayFrames * 20) % 2048, 16, 512, 1, 0,
      |                ^~~~~~~~~~~~~~~~~~~~~~~~~~~~~~~~~~~~~~~~~~~~~~~~~~~~~~~~~~~~~~~~~~~~~~~~~~~~~~~~~~~~~~~~~
      |                |
      |                Gfx *
  663 |                                   (gameplayFrames * 30) % 2048, 16, 512, 0, 20, 0, 30));
      |                                   ~~~~~~~~~~~~~~~~~~~~~~~~~~~~~~~~~~~~~~~~~~~~~~~~~~~~
/home/david/Documents/RockBox_Personal-master/devsrc/nano-soh-runtime/Shipwright/soh/include/functions.h:22:52: note: expected 'uintptr_t' {aka 'unsigned int'} but argument is of type 'Gfx *'
   22 | void gSPSegment(void* value, int segNum, uintptr_t target);
      |                                          ~~~~~~~~~~^~~~~~
/home/david/Documents/RockBox_Personal-master/devsrc/nano-soh-runtime/Shipwright/soh/src/code/z_scene_table.c: At top level:
/home/david/Documents/RockBox_Personal-master/devsrc/nano-soh-runtime/Shipwright/soh/src/code/z_scene_table.c:687:5: warning: initialization discards 'const' qualifier from pointer target type [-Wdiscarded-qualifiers]
  687 |     gIceCavernDayEntranceTex,
      |     ^~~~~~~~~~~~~~~~~~~~~~~~
/home/david/Documents/RockBox_Personal-master/devsrc/nano-soh-runtime/Shipwright/soh/src/code/z_scene_table.c:688:5: warning: initialization discards 'const' qualifier from pointer target type [-Wdiscarded-qualifiers]
  688 |     gIceCavernNightEntranceTex,
      |     ^~~~~~~~~~~~~~~~~~~~~~~~~~
/home/david/Documents/RockBox_Personal-master/devsrc/nano-soh-runtime/Shipwright/soh/src/code/z_scene_table.c: In function 'func_8009C3EC':
/home/david/Documents/RockBox_Personal-master/devsrc/nano-soh-runtime/Shipwright/soh/src/code/z_scene_table.c:699:93: warning: passing argument 3 of 'gSPSegment' makes integer from pointer without a cast [-Wint-conversion]
  699 |         gSPSegment(POLY_XLU_DISP++, 0x08, SEGMENTED_TO_VIRTUAL(sIceCavernEntranceTextures_MQ[gSaveContext.nightFlag]));
      |                                                                ~~~~~~~~~~~~~~~~~~~~~~~~~~~~~^~~~~~~~~~~~~~~~~~~~~~~~
      |                                                                                             |
      |                                                                                             void *
/home/david/Documents/RockBox_Personal-master/devsrc/nano-soh-runtime/Shipwright/soh/include/macros.h:37:36: note: in definition of macro 'SEGMENTED_TO_VIRTUAL'
   37 | #define SEGMENTED_TO_VIRTUAL(addr) addr
      |                                    ^~~~
/home/david/Documents/RockBox_Personal-master/devsrc/nano-soh-runtime/Shipwright/soh/include/functions.h:22:52: note: expected 'uintptr_t' {aka 'unsigned int'} but argument is of type 'void *'
   22 | void gSPSegment(void* value, int segNum, uintptr_t target);
      |                                          ~~~~~~~~~~^~~~~~
/home/david/Documents/RockBox_Personal-master/devsrc/nano-soh-runtime/Shipwright/soh/src/code/z_scene_table.c:701:90: warning: passing argument 3 of 'gSPSegment' makes integer from pointer without a cast [-Wint-conversion]
  701 |         gSPSegment(POLY_XLU_DISP++, 0x08, SEGMENTED_TO_VIRTUAL(sIceCavernEntranceTextures[gSaveContext.nightFlag]));
      |                                                                ~~~~~~~~~~~~~~~~~~~~~~~~~~^~~~~~~~~~~~~~~~~~~~~~~~
      |                                                                                          |
      |                                                                                          void *
/home/david/Documents/RockBox_Personal-master/devsrc/nano-soh-runtime/Shipwright/soh/include/macros.h:37:36: note: in definition of macro 'SEGMENTED_TO_VIRTUAL'
   37 | #define SEGMENTED_TO_VIRTUAL(addr) addr
      |                                    ^~~~
/home/david/Documents/RockBox_Personal-master/devsrc/nano-soh-runtime/Shipwright/soh/include/functions.h:22:52: note: expected 'uintptr_t' {aka 'unsigned int'} but argument is of type 'void *'
   22 | void gSPSegment(void* value, int segNum, uintptr_t target);
      |                                          ~~~~~~~~~~^~~~~~
/home/david/Documents/RockBox_Personal-master/devsrc/nano-soh-runtime/Shipwright/soh/src/code/z_scene_table.c:704:16: warning: passing argument 3 of 'gSPSegment' makes integer from pointer without a cast [-Wint-conversion]
  704 |                Gfx_TwoTexScrollEx(play->state.gfxCtx, 0, 127 - gameplayFrames % 128, (gameplayFrames * 1) % 128, 32, 32,
      |                ^~~~~~~~~~~~~~~~~~~~~~~~~~~~~~~~~~~~~~~~~~~~~~~~~~~~~~~~~~~~~~~~~~~~~~~~~~~~~~~~~~~~~~~~~~~~~~~~~~~~~~~~~
      |                |
      |                Gfx *
  705 |                                   1, gameplayFrames % 128, (gameplayFrames * 1) % 128, 32, 32, -1, 1, 1, 1));
      |                                   ~~~~~~~~~~~~~~~~~~~~~~~~~~~~~~~~~~~~~~~~~~~~~~~~~~~~~~~~~~~~~~~~~~~~~~~~~
/home/david/Documents/RockBox_Personal-master/devsrc/nano-soh-runtime/Shipwright/soh/include/functions.h:22:52: note: expected 'uintptr_t' {aka 'unsigned int'} but argument is of type 'Gfx *'
   22 | void gSPSegment(void* value, int segNum, uintptr_t target);
      |                                          ~~~~~~~~~~^~~~~~
/home/david/Documents/RockBox_Personal-master/devsrc/nano-soh-runtime/Shipwright/soh/src/code/z_scene_table.c:707:16: warning: passing argument 3 of 'gSPSegment' makes integer from pointer without a cast [-Wint-conversion]
  707 |                Gfx_TwoTexScrollEx(play->state.gfxCtx, 0, 127 - gameplayFrames % 128, (gameplayFrames * 1) % 128, 32, 32,
      |                ^~~~~~~~~~~~~~~~~~~~~~~~~~~~~~~~~~~~~~~~~~~~~~~~~~~~~~~~~~~~~~~~~~~~~~~~~~~~~~~~~~~~~~~~~~~~~~~~~~~~~~~~~
      |                |
      |                Gfx *
  708 |                                   1, gameplayFrames % 128, (gameplayFrames * 1) % 128, 32, 32, -1, 1, 1, 1));
      |                                   ~~~~~~~~~~~~~~~~~~~~~~~~~~~~~~~~~~~~~~~~~~~~~~~~~~~~~~~~~~~~~~~~~~~~~~~~~
/home/david/Documents/RockBox_Personal-master/devsrc/nano-soh-runtime/Shipwright/soh/include/functions.h:22:52: note: expected 'uintptr_t' {aka 'unsigned int'} but argument is of type 'Gfx *'
   22 | void gSPSegment(void* value, int segNum, uintptr_t target);
      |                                          ~~~~~~~~~~^~~~~~
/home/david/Documents/RockBox_Personal-master/devsrc/nano-soh-runtime/Shipwright/soh/src/code/z_scene_table.c: In function 'func_8009C608':
/home/david/Documents/RockBox_Personal-master/devsrc/nano-soh-runtime/Shipwright/soh/src/code/z_scene_table.c:728:39: warning: passing argument 3 of 'gSPSegment' makes integer from pointer without a cast [-Wint-conversion]
  728 |     gSPSegment(POLY_XLU_DISP++, 0x08, Gfx_TexScrollEx(play->state.gfxCtx, 0, (gameplayFrames * 1) % 64, 256, 16, 0, 1));
      |                                       ^~~~~~~~~~~~~~~~~~~~~~~~~~~~~~~~~~~~~~~~~~~~~~~~~~~~~~~~~~~~~~~~~~~~~~~~~~~~~~~~
      |                                       |
      |                                       Gfx *
/home/david/Documents/RockBox_Personal-master/devsrc/nano-soh-runtime/Shipwright/soh/include/functions.h:22:52: note: expected 'uintptr_t' {aka 'unsigned int'} but argument is of type 'Gfx *'
   22 | void gSPSegment(void* value, int segNum, uintptr_t target);
      |                                          ~~~~~~~~~~^~~~~~
/home/david/Documents/RockBox_Personal-master/devsrc/nano-soh-runtime/Shipwright/soh/src/code/z_scene_table.c:730:16: warning: passing argument 3 of 'gSPSegment' makes integer from pointer without a cast [-Wint-conversion]
  730 |                Gfx_TwoTexScrollEx(play->state.gfxCtx, 0, 0, (gameplayFrames * 60) % 2048, 8, 512, 1, 0,
      |                ^~~~~~~~~~~~~~~~~~~~~~~~~~~~~~~~~~~~~~~~~~~~~~~~~~~~~~~~~~~~~~~~~~~~~~~~~~~~~~~~~~~~~~~~
      |                |
      |                Gfx *
  731 |                                   (gameplayFrames * 50) % 2048, 8, 512, 0, 60, 0, 50));
      |                                   ~~~~~~~~~~~~~~~~~~~~~~~~~~~~~~~~~~~~~~~~~~~~~~~~~~~
/home/david/Documents/RockBox_Personal-master/devsrc/nano-soh-runtime/Shipwright/soh/include/functions.h:22:52: note: expected 'uintptr_t' {aka 'unsigned int'} but argument is of type 'Gfx *'
   22 | void gSPSegment(void* value, int segNum, uintptr_t target);
      |                                          ~~~~~~~~~~^~~~~~
/home/david/Documents/RockBox_Personal-master/devsrc/nano-soh-runtime/Shipwright/soh/src/code/z_scene_table.c:733:16: warning: passing argument 3 of 'gSPSegment' makes integer from pointer without a cast [-Wint-conversion]
  733 |                Gfx_TwoTexScrollEx(play->state.gfxCtx, 0, 127 - (gameplayFrames * 1) % 128, 0, 32, 32, 1,
      |                ^~~~~~~~~~~~~~~~~~~~~~~~~~~~~~~~~~~~~~~~~~~~~~~~~~~~~~~~~~~~~~~~~~~~~~~~~~~~~~~~~~~~~~~~~
      |                |
      |                Gfx *
  734 |                                   (gameplayFrames * 1) % 128, 0, 32, 32, -1, 0, 1, 0));
      |                                   ~~~~~~~~~~~~~~~~~~~~~~~~~~~~~~~~~~~~~~~~~~~~~~~~~~~
/home/david/Documents/RockBox_Personal-master/devsrc/nano-soh-runtime/Shipwright/soh/include/functions.h:22:52: note: expected 'uintptr_t' {aka 'unsigned int'} but argument is of type 'Gfx *'
   22 | void gSPSegment(void* value, int segNum, uintptr_t target);
      |                                          ~~~~~~~~~~^~~~~~
/home/david/Documents/RockBox_Personal-master/devsrc/nano-soh-runtime/Shipwright/soh/src/code/z_scene_table.c:736:16: warning: passing argument 3 of 'gSPSegment' makes integer from pointer without a cast [-Wint-conversion]
  736 |                Gfx_TwoTexScrollEx(play->state.gfxCtx, 0, 0, 1023 - (gameplayFrames * 6) % 1024, 16, 256, 1, 0,
      |                ^~~~~~~~~~~~~~~~~~~~~~~~~~~~~~~~~~~~~~~~~~~~~~~~~~~~~~~~~~~~~~~~~~~~~~~~~~~~~~~~~~~~~~~~~~~~~~~
      |                |
      |                Gfx *
  737 |                                   1023 - (gameplayFrames * 3) % 1024, 16, 256, 0, -6, 0, -3));
      |                                   ~~~~~~~~~~~~~~~~~~~~~~~~~~~~~~~~~~~~~~~~~~~~~~~~~~~~~~~~~~
/home/david/Documents/RockBox_Personal-master/devsrc/nano-soh-runtime/Shipwright/soh/include/functions.h:22:52: note: expected 'uintptr_t' {aka 'unsigned int'} but argument is of type 'Gfx *'
   22 | void gSPSegment(void* value, int segNum, uintptr_t target);
      |                                          ~~~~~~~~~~^~~~~~
/home/david/Documents/RockBox_Personal-master/devsrc/nano-soh-runtime/Shipwright/soh/src/code/z_scene_table.c: In function 'func_8009C8B8':
/home/david/Documents/RockBox_Personal-master/devsrc/nano-soh-runtime/Shipwright/soh/src/code/z_scene_table.c:757:9: warning: passing argument 3 of 'gSPSegment' makes integer from pointer without a cast [-Wint-conversion]
  757 |         Gfx_TwoTexScrollEx(play->state.gfxCtx, 0, 0, 0, 32, 32, 1, 0, (gameplayFrames * 1) % 128, 32, 32, 0, 0, 0, 1));
      |         ^~~~~~~~~~~~~~~~~~~~~~~~~~~~~~~~~~~~~~~~~~~~~~~~~~~~~~~~~~~~~~~~~~~~~~~~~~~~~~~~~~~~~~~~~~~~~~~~~~~~~~~~~~~~~
      |         |
      |         Gfx *
/home/david/Documents/RockBox_Personal-master/devsrc/nano-soh-runtime/Shipwright/soh/include/functions.h:22:52: note: expected 'uintptr_t' {aka 'unsigned int'} but argument is of type 'Gfx *'
   22 | void gSPSegment(void* value, int segNum, uintptr_t target);
      |                                          ~~~~~~~~~~^~~~~~
/home/david/Documents/RockBox_Personal-master/devsrc/nano-soh-runtime/Shipwright/soh/src/code/z_scene_table.c:759:16: warning: passing argument 3 of 'gSPSegment' makes integer from pointer without a cast [-Wint-conversion]
  759 |                Gfx_TwoTexScrollEx(play->state.gfxCtx, 0, 127 - gameplayFrames % 128, (gameplayFrames * 1) % 128, 32, 32,
      |                ^~~~~~~~~~~~~~~~~~~~~~~~~~~~~~~~~~~~~~~~~~~~~~~~~~~~~~~~~~~~~~~~~~~~~~~~~~~~~~~~~~~~~~~~~~~~~~~~~~~~~~~~~
      |                |
      |                Gfx *
  760 |                                   1, gameplayFrames % 128, (gameplayFrames * 1) % 128, 32, 32, -1, 1, 1, 1));
      |                                   ~~~~~~~~~~~~~~~~~~~~~~~~~~~~~~~~~~~~~~~~~~~~~~~~~~~~~~~~~~~~~~~~~~~~~~~~~
/home/david/Documents/RockBox_Personal-master/devsrc/nano-soh-runtime/Shipwright/soh/include/functions.h:22:52: note: expected 'uintptr_t' {aka 'unsigned int'} but argument is of type 'Gfx *'
   22 | void gSPSegment(void* value, int segNum, uintptr_t target);
      |                                          ~~~~~~~~~~^~~~~~
/home/david/Documents/RockBox_Personal-master/devsrc/nano-soh-runtime/Shipwright/soh/src/code/z_scene_table.c:762:16: warning: passing argument 3 of 'gSPSegment' makes integer from pointer without a cast [-Wint-conversion]
  762 |                Gfx_TexScrollEx(play->state.gfxCtx, 0, 255 - (gameplayFrames * 10) % 256, 32, 64, 0, -10));
      |                ^~~~~~~~~~~~~~~~~~~~~~~~~~~~~~~~~~~~~~~~~~~~~~~~~~~~~~~~~~~~~~~~~~~~~~~~~~~~~~~~~~~~~~~~~
      |                |
      |                Gfx *
/home/david/Documents/RockBox_Personal-master/devsrc/nano-soh-runtime/Shipwright/soh/include/functions.h:22:52: note: expected 'uintptr_t' {aka 'unsigned int'} but argument is of type 'Gfx *'
   22 | void gSPSegment(void* value, int segNum, uintptr_t target);
      |                                          ~~~~~~~~~~^~~~~~
/home/david/Documents/RockBox_Personal-master/devsrc/nano-soh-runtime/Shipwright/soh/src/code/z_scene_table.c: In function 'func_8009CAC0':
/home/david/Documents/RockBox_Personal-master/devsrc/nano-soh-runtime/Shipwright/soh/src/code/z_scene_table.c:781:16: warning: passing argument 3 of 'gSPSegment' makes integer from pointer without a cast [-Wint-conversion]
  781 |                Gfx_TwoTexScrollEx(play->state.gfxCtx, 0, 127 - gameplayFrames % 128, (gameplayFrames * 1) % 128, 32, 32,
      |                ^~~~~~~~~~~~~~~~~~~~~~~~~~~~~~~~~~~~~~~~~~~~~~~~~~~~~~~~~~~~~~~~~~~~~~~~~~~~~~~~~~~~~~~~~~~~~~~~~~~~~~~~~
      |                |
      |                Gfx *
  782 |                                   1, gameplayFrames % 128, (gameplayFrames * 1) % 128, 32, 32, -1, 1, 1, 1));
      |                                   ~~~~~~~~~~~~~~~~~~~~~~~~~~~~~~~~~~~~~~~~~~~~~~~~~~~~~~~~~~~~~~~~~~~~~~~~~
/home/david/Documents/RockBox_Personal-master/devsrc/nano-soh-runtime/Shipwright/soh/include/functions.h:22:52: note: expected 'uintptr_t' {aka 'unsigned int'} but argument is of type 'Gfx *'
   22 | void gSPSegment(void* value, int segNum, uintptr_t target);
      |                                          ~~~~~~~~~~^~~~~~
/home/david/Documents/RockBox_Personal-master/devsrc/nano-soh-runtime/Shipwright/soh/src/code/z_scene_table.c: At top level:
/home/david/Documents/RockBox_Personal-master/devsrc/nano-soh-runtime/Shipwright/soh/src/code/z_scene_table.c:794:5: warning: initialization discards 'const' qualifier from pointer target type [-Wdiscarded-qualifiers]
  794 |     gGTGDayEntranceTex,
      |     ^~~~~~~~~~~~~~~~~~
/home/david/Documents/RockBox_Personal-master/devsrc/nano-soh-runtime/Shipwright/soh/src/code/z_scene_table.c:795:5: warning: initialization discards 'const' qualifier from pointer target type [-Wdiscarded-qualifiers]
  795 |     gGTGNightEntranceTex,
      |     ^~~~~~~~~~~~~~~~~~~~
/home/david/Documents/RockBox_Personal-master/devsrc/nano-soh-runtime/Shipwright/soh/src/code/z_scene_table.c: In function 'func_8009CC00':
/home/david/Documents/RockBox_Personal-master/devsrc/nano-soh-runtime/Shipwright/soh/src/code/z_scene_table.c:806:87: warning: passing argument 3 of 'gSPSegment' makes integer from pointer without a cast [-Wint-conversion]
  806 |         gSPSegment(POLY_XLU_DISP++, 0x08, SEGMENTED_TO_VIRTUAL(sGTGEntranceTextures_MQ[gSaveContext.nightFlag]));
      |                                                                ~~~~~~~~~~~~~~~~~~~~~~~^~~~~~~~~~~~~~~~~~~~~~~~
      |                                                                                       |
      |                                                                                       void *
/home/david/Documents/RockBox_Personal-master/devsrc/nano-soh-runtime/Shipwright/soh/include/macros.h:37:36: note: in definition of macro 'SEGMENTED_TO_VIRTUAL'
   37 | #define SEGMENTED_TO_VIRTUAL(addr) addr
      |                                    ^~~~
/home/david/Documents/RockBox_Personal-master/devsrc/nano-soh-runtime/Shipwright/soh/include/functions.h:22:52: note: expected 'uintptr_t' {aka 'unsigned int'} but argument is of type 'void *'
   22 | void gSPSegment(void* value, int segNum, uintptr_t target);
      |                                          ~~~~~~~~~~^~~~~~
/home/david/Documents/RockBox_Personal-master/devsrc/nano-soh-runtime/Shipwright/soh/src/code/z_scene_table.c:808:84: warning: passing argument 3 of 'gSPSegment' makes integer from pointer without a cast [-Wint-conversion]
  808 |         gSPSegment(POLY_XLU_DISP++, 0x08, SEGMENTED_TO_VIRTUAL(sGTGEntranceTextures[gSaveContext.nightFlag]));
      |                                                                ~~~~~~~~~~~~~~~~~~~~^~~~~~~~~~~~~~~~~~~~~~~~
      |                                                                                    |
      |                                                                                    void *
/home/david/Documents/RockBox_Personal-master/devsrc/nano-soh-runtime/Shipwright/soh/include/macros.h:37:36: note: in definition of macro 'SEGMENTED_TO_VIRTUAL'
   37 | #define SEGMENTED_TO_VIRTUAL(addr) addr
      |                                    ^~~~
/home/david/Documents/RockBox_Personal-master/devsrc/nano-soh-runtime/Shipwright/soh/include/functions.h:22:52: note: expected 'uintptr_t' {aka 'unsigned int'} but argument is of type 'void *'
   22 | void gSPSegment(void* value, int segNum, uintptr_t target);
      |                                          ~~~~~~~~~~^~~~~~
/home/david/Documents/RockBox_Personal-master/devsrc/nano-soh-runtime/Shipwright/soh/src/code/z_scene_table.c:811:16: warning: passing argument 3 of 'gSPSegment' makes integer from pointer without a cast [-Wint-conversion]
  811 |                Gfx_TwoTexScrollEx(play->state.gfxCtx, 0, 127 - gameplayFrames % 128, (gameplayFrames * 1) % 128, 32, 32,
      |                ^~~~~~~~~~~~~~~~~~~~~~~~~~~~~~~~~~~~~~~~~~~~~~~~~~~~~~~~~~~~~~~~~~~~~~~~~~~~~~~~~~~~~~~~~~~~~~~~~~~~~~~~~
      |                |
      |                Gfx *
  812 |                                   1, gameplayFrames % 128, (gameplayFrames * 1) % 128, 32, 32, -1, 1, 1, 1));
      |                                   ~~~~~~~~~~~~~~~~~~~~~~~~~~~~~~~~~~~~~~~~~~~~~~~~~~~~~~~~~~~~~~~~~~~~~~~~~
/home/david/Documents/RockBox_Personal-master/devsrc/nano-soh-runtime/Shipwright/soh/include/functions.h:22:52: note: expected 'uintptr_t' {aka 'unsigned int'} but argument is of type 'Gfx *'
   22 | void gSPSegment(void* value, int segNum, uintptr_t target);
      |                                          ~~~~~~~~~~^~~~~~
/home/david/Documents/RockBox_Personal-master/devsrc/nano-soh-runtime/Shipwright/soh/src/code/z_scene_table.c:814:16: warning: passing argument 3 of 'gSPSegment' makes integer from pointer without a cast [-Wint-conversion]
  814 |                Gfx_TwoTexScrollEx(play->state.gfxCtx, 0, 127 - gameplayFrames % 128, (gameplayFrames * 1) % 128, 32, 32,
      |                ^~~~~~~~~~~~~~~~~~~~~~~~~~~~~~~~~~~~~~~~~~~~~~~~~~~~~~~~~~~~~~~~~~~~~~~~~~~~~~~~~~~~~~~~~~~~~~~~~~~~~~~~~
      |                |
      |                Gfx *
  815 |                                   1, gameplayFrames % 128, (gameplayFrames * 1) % 128, 32, 32, -1, 1, 1, 1));
      |                                   ~~~~~~~~~~~~~~~~~~~~~~~~~~~~~~~~~~~~~~~~~~~~~~~~~~~~~~~~~~~~~~~~~~~~~~~~~
/home/david/Documents/RockBox_Personal-master/devsrc/nano-soh-runtime/Shipwright/soh/include/functions.h:22:52: note: expected 'uintptr_t' {aka 'unsigned int'} but argument is of type 'Gfx *'
   22 | void gSPSegment(void* value, int segNum, uintptr_t target);
      |                                          ~~~~~~~~~~^~~~~~
/home/david/Documents/RockBox_Personal-master/devsrc/nano-soh-runtime/Shipwright/soh/src/code/z_scene_table.c: In function 'func_8009CF84':
/home/david/Documents/RockBox_Personal-master/devsrc/nano-soh-runtime/Shipwright/soh/src/code/z_scene_table.c:855:16: warning: passing argument 3 of 'gSPSegment' makes integer from pointer without a cast [-Wint-conversion]
  855 |                Gfx_TwoTexScrollPrimColor(play->state.gfxCtx, 0, 127 - gameplayFrames % 128, (gameplayFrames * 1) % 128,
      |                ^~~~~~~~~~~~~~~~~~~~~~~~~~~~~~~~~~~~~~~~~~~~~~~~~~~~~~~~~~~~~~~~~~~~~~~~~~~~~~~~~~~~~~~~~~~~~~~~~~~~~~~~
      |                |
      |                Gfx *
  856 |                                          32, 32, 1, gameplayFrames % 128, (gameplayFrames * 1) % 128, 32, 32, 255, 255,
      |                                          ~~~~~~~~~~~~~~~~~~~~~~~~~~~~~~~~~~~~~~~~~~~~~~~~~~~~~~~~~~~~~~~~~~~~~~~~~~~~~~
  857 |                                          255, play->roomCtx.unk_74[0] + 127));
      |                                          ~~~~~~~~~~~~~~~~~~~~~~~~~~~~~~~~~~~
/home/david/Documents/RockBox_Personal-master/devsrc/nano-soh-runtime/Shipwright/soh/include/functions.h:22:52: note: expected 'uintptr_t' {aka 'unsigned int'} but argument is of type 'Gfx *'
   22 | void gSPSegment(void* value, int segNum, uintptr_t target);
      |                                          ~~~~~~~~~~^~~~~~
/home/david/Documents/RockBox_Personal-master/devsrc/nano-soh-runtime/Shipwright/soh/src/code/z_scene_table.c: In function 'func_8009D0E8':
/home/david/Documents/RockBox_Personal-master/devsrc/nano-soh-runtime/Shipwright/soh/src/code/z_scene_table.c:876:16: warning: passing argument 3 of 'gSPSegment' makes integer from pointer without a cast [-Wint-conversion]
  876 |                Gfx_TexScrollEx(play->state.gfxCtx, 127 - (gameplayFrames * 4) % 128, 0, 32, 32, -4, 0));
      |                ^~~~~~~~~~~~~~~~~~~~~~~~~~~~~~~~~~~~~~~~~~~~~~~~~~~~~~~~~~~~~~~~~~~~~~~~~~~~~~~~~~~~~~~
      |                |
      |                Gfx *
/home/david/Documents/RockBox_Personal-master/devsrc/nano-soh-runtime/Shipwright/soh/include/functions.h:22:52: note: expected 'uintptr_t' {aka 'unsigned int'} but argument is of type 'Gfx *'
   22 | void gSPSegment(void* value, int segNum, uintptr_t target);
      |                                          ~~~~~~~~~~^~~~~~
/home/david/Documents/RockBox_Personal-master/devsrc/nano-soh-runtime/Shipwright/soh/src/code/z_scene_table.c:877:39: warning: passing argument 3 of 'gSPSegment' makes integer from pointer without a cast [-Wint-conversion]
  877 |     gSPSegment(POLY_OPA_DISP++, 0x09, Gfx_TexScrollEx(play->state.gfxCtx, 0, (gameplayFrames * 5) % 64, 16, 16, 0, 5));
      |                                       ^~~~~~~~~~~~~~~~~~~~~~~~~~~~~~~~~~~~~~~~~~~~~~~~~~~~~~~~~~~~~~~~~~~~~~~~~~~~~~~
      |                                       |
      |                                       Gfx *
/home/david/Documents/RockBox_Personal-master/devsrc/nano-soh-runtime/Shipwright/soh/include/functions.h:22:52: note: expected 'uintptr_t' {aka 'unsigned int'} but argument is of type 'Gfx *'
   22 | void gSPSegment(void* value, int segNum, uintptr_t target);
      |                                          ~~~~~~~~~~^~~~~~
/home/david/Documents/RockBox_Personal-master/devsrc/nano-soh-runtime/Shipwright/soh/src/code/z_scene_table.c:879:16: warning: passing argument 3 of 'gSPSegment' makes integer from pointer without a cast [-Wint-conversion]
  879 |                Gfx_TexScrollEx(play->state.gfxCtx, 0, 63 - (gameplayFrames * 2) % 64, 16, 16, 0, -2));
      |                ^~~~~~~~~~~~~~~~~~~~~~~~~~~~~~~~~~~~~~~~~~~~~~~~~~~~~~~~~~~~~~~~~~~~~~~~~~~~~~~~~~~~~
      |                |
      |                Gfx *
/home/david/Documents/RockBox_Personal-master/devsrc/nano-soh-runtime/Shipwright/soh/include/functions.h:22:52: note: expected 'uintptr_t' {aka 'unsigned int'} but argument is of type 'Gfx *'
   22 | void gSPSegment(void* value, int segNum, uintptr_t target);
      |                                          ~~~~~~~~~~^~~~~~
/home/david/Documents/RockBox_Personal-master/devsrc/nano-soh-runtime/Shipwright/soh/src/code/z_scene_table.c:881:16: warning: passing argument 3 of 'gSPSegment' makes integer from pointer without a cast [-Wint-conversion]
  881 |                Gfx_TwoTexScrollEx(play->state.gfxCtx, 0, 0, 127 - (gameplayFrames * 3) % 128, 32, 32, 1, 0, 0, 32, 32,
      |                ^~~~~~~~~~~~~~~~~~~~~~~~~~~~~~~~~~~~~~~~~~~~~~~~~~~~~~~~~~~~~~~~~~~~~~~~~~~~~~~~~~~~~~~~~~~~~~~~~~~~~~~
      |                |
      |                Gfx *
  882 |                                   0, -1, 0, 0));
      |                                   ~~~~~~~~~~~~
/home/david/Documents/RockBox_Personal-master/devsrc/nano-soh-runtime/Shipwright/soh/include/functions.h:22:52: note: expected 'uintptr_t' {aka 'unsigned int'} but argument is of type 'Gfx *'
   22 | void gSPSegment(void* value, int segNum, uintptr_t target);
      |                                          ~~~~~~~~~~^~~~~~
/home/david/Documents/RockBox_Personal-master/devsrc/nano-soh-runtime/Shipwright/soh/src/code/z_scene_table.c: At top level:
/home/david/Documents/RockBox_Personal-master/devsrc/nano-soh-runtime/Shipwright/soh/src/code/z_scene_table.c:894:5: warning: initialization discards 'const' qualifier from pointer target type [-Wdiscarded-qualifiers]
  894 |     gLonLonHouseDayEntranceTex,
      |     ^~~~~~~~~~~~~~~~~~~~~~~~~~
/home/david/Documents/RockBox_Personal-master/devsrc/nano-soh-runtime/Shipwright/soh/src/code/z_scene_table.c:895:5: warning: initialization discards 'const' qualifier from pointer target type [-Wdiscarded-qualifiers]
  895 |     gLonLonHouseNightEntranceTex,
      |     ^~~~~~~~~~~~~~~~~~~~~~~~~~~~
/home/david/Documents/RockBox_Personal-master/devsrc/nano-soh-runtime/Shipwright/soh/src/code/z_scene_table.c: In function 'func_8009D31C':
/home/david/Documents/RockBox_Personal-master/devsrc/nano-soh-runtime/Shipwright/soh/src/code/z_scene_table.c:904:88: warning: passing argument 3 of 'gSPSegment' makes integer from pointer without a cast [-Wint-conversion]
  904 |     gSPSegment(POLY_XLU_DISP++, 0x08, SEGMENTED_TO_VIRTUAL(sLonLonHouseEntranceTextures[gSaveContext.nightFlag]));
      |                                                            ~~~~~~~~~~~~~~~~~~~~~~~~~~~~^~~~~~~~~~~~~~~~~~~~~~~~
      |                                                                                        |
      |                                                                                        void *
/home/david/Documents/RockBox_Personal-master/devsrc/nano-soh-runtime/Shipwright/soh/include/macros.h:37:36: note: in definition of macro 'SEGMENTED_TO_VIRTUAL'
   37 | #define SEGMENTED_TO_VIRTUAL(addr) addr
      |                                    ^~~~
/home/david/Documents/RockBox_Personal-master/devsrc/nano-soh-runtime/Shipwright/soh/include/functions.h:22:52: note: expected 'uintptr_t' {aka 'unsigned int'} but argument is of type 'void *'
   22 | void gSPSegment(void* value, int segNum, uintptr_t target);
      |                                          ~~~~~~~~~~^~~~~~
/home/david/Documents/RockBox_Personal-master/devsrc/nano-soh-runtime/Shipwright/soh/src/code/z_scene_table.c: At top level:
/home/david/Documents/RockBox_Personal-master/devsrc/nano-soh-runtime/Shipwright/soh/src/code/z_scene_table.c:916:5: warning: initialization discards 'const' qualifier from pointer target type [-Wdiscarded-qualifiers]
  916 |     gGuardHouseOutSideView1DayTex,
      |     ^~~~~~~~~~~~~~~~~~~~~~~~~~~~~
/home/david/Documents/RockBox_Personal-master/devsrc/nano-soh-runtime/Shipwright/soh/src/code/z_scene_table.c:917:5: warning: initialization discards 'const' qualifier from pointer target type [-Wdiscarded-qualifiers]
  917 |     gGuardHouseOutSideView1NightTex,
      |     ^~~~~~~~~~~~~~~~~~~~~~~~~~~~~~~
/home/david/Documents/RockBox_Personal-master/devsrc/nano-soh-runtime/Shipwright/soh/src/code/z_scene_table.c:920:5: warning: initialization discards 'const' qualifier from pointer target type [-Wdiscarded-qualifiers]
  920 |     gGuardHouseOutSideView2DayTex,
      |     ^~~~~~~~~~~~~~~~~~~~~~~~~~~~~
/home/david/Documents/RockBox_Personal-master/devsrc/nano-soh-runtime/Shipwright/soh/src/code/z_scene_table.c:921:5: warning: initialization discards 'const' qualifier from pointer target type [-Wdiscarded-qualifiers]
  921 |     gGuardHouseOutSideView2NightTex,
      |     ^~~~~~~~~~~~~~~~~~~~~~~~~~~~~~~
/home/david/Documents/RockBox_Personal-master/devsrc/nano-soh-runtime/Shipwright/soh/src/code/z_scene_table.c: In function 'func_8009D438':
/home/david/Documents/RockBox_Personal-master/devsrc/nano-soh-runtime/Shipwright/soh/src/code/z_scene_table.c:936:84: warning: passing argument 3 of 'gSPSegment' makes integer from pointer without a cast [-Wint-conversion]
  936 |     gSPSegment(POLY_OPA_DISP++, 0x08, SEGMENTED_TO_VIRTUAL(sGuardHouseView1Textures[var]));
      |                                                            ~~~~~~~~~~~~~~~~~~~~~~~~^~~~~
      |                                                                                    |
      |                                                                                    void *
/home/david/Documents/RockBox_Personal-master/devsrc/nano-soh-runtime/Shipwright/soh/include/macros.h:37:36: note: in definition of macro 'SEGMENTED_TO_VIRTUAL'
   37 | #define SEGMENTED_TO_VIRTUAL(addr) addr
      |                                    ^~~~
/home/david/Documents/RockBox_Personal-master/devsrc/nano-soh-runtime/Shipwright/soh/include/functions.h:22:52: note: expected 'uintptr_t' {aka 'unsigned int'} but argument is of type 'void *'
   22 | void gSPSegment(void* value, int segNum, uintptr_t target);
      |                                          ~~~~~~~~~~^~~~~~
/home/david/Documents/RockBox_Personal-master/devsrc/nano-soh-runtime/Shipwright/soh/src/code/z_scene_table.c:937:84: warning: passing argument 3 of 'gSPSegment' makes integer from pointer without a cast [-Wint-conversion]
  937 |     gSPSegment(POLY_OPA_DISP++, 0x09, SEGMENTED_TO_VIRTUAL(sGuardHouseView2Textures[var]));
      |                                                            ~~~~~~~~~~~~~~~~~~~~~~~~^~~~~
      |                                                                                    |
      |                                                                                    void *
/home/david/Documents/RockBox_Personal-master/devsrc/nano-soh-runtime/Shipwright/soh/include/macros.h:37:36: note: in definition of macro 'SEGMENTED_TO_VIRTUAL'
   37 | #define SEGMENTED_TO_VIRTUAL(addr) addr
      |                                    ^~~~
/home/david/Documents/RockBox_Personal-master/devsrc/nano-soh-runtime/Shipwright/soh/include/functions.h:22:52: note: expected 'uintptr_t' {aka 'unsigned int'} but argument is of type 'void *'
   22 | void gSPSegment(void* value, int segNum, uintptr_t target);
      |                                          ~~~~~~~~~~^~~~~~
/home/david/Documents/RockBox_Personal-master/devsrc/nano-soh-runtime/Shipwright/soh/src/code/z_scene_table.c: In function 'func_8009D5B4':
/home/david/Documents/RockBox_Personal-master/devsrc/nano-soh-runtime/Shipwright/soh/src/code/z_scene_table.c:955:39: warning: passing argument 3 of 'gSPSegment' makes integer from pointer without a cast [-Wint-conversion]
  955 |     gSPSegment(POLY_OPA_DISP++, 0x08, Gfx_TexScrollEx(play->state.gfxCtx, 0, (gameplayFrames * 3) % 128, 32, 32, 0, 3));
      |                                       ^~~~~~~~~~~~~~~~~~~~~~~~~~~~~~~~~~~~~~~~~~~~~~~~~~~~~~~~~~~~~~~~~~~~~~~~~~~~~~~~
      |                                       |
      |                                       Gfx *
/home/david/Documents/RockBox_Personal-master/devsrc/nano-soh-runtime/Shipwright/soh/include/functions.h:22:52: note: expected 'uintptr_t' {aka 'unsigned int'} but argument is of type 'Gfx *'
   22 | void gSPSegment(void* value, int segNum, uintptr_t target);
      |                                          ~~~~~~~~~~^~~~~~
/home/david/Documents/RockBox_Personal-master/devsrc/nano-soh-runtime/Shipwright/soh/src/code/z_scene_table.c:957:16: warning: passing argument 3 of 'gSPSegment' makes integer from pointer without a cast [-Wint-conversion]
  957 |                Gfx_TwoTexScrollEx(play->state.gfxCtx, 0, 0, 1023 - (gameplayFrames * 3) % 1024, 16, 256, 1, 0,
      |                ^~~~~~~~~~~~~~~~~~~~~~~~~~~~~~~~~~~~~~~~~~~~~~~~~~~~~~~~~~~~~~~~~~~~~~~~~~~~~~~~~~~~~~~~~~~~~~~
      |                |
      |                Gfx *
  958 |                                   1023 - (gameplayFrames * 6) % 1024, 16, 256, 0, -3, 0, -6));
      |                                   ~~~~~~~~~~~~~~~~~~~~~~~~~~~~~~~~~~~~~~~~~~~~~~~~~~~~~~~~~~
/home/david/Documents/RockBox_Personal-master/devsrc/nano-soh-runtime/Shipwright/soh/include/functions.h:22:52: note: expected 'uintptr_t' {aka 'unsigned int'} but argument is of type 'Gfx *'
   22 | void gSPSegment(void* value, int segNum, uintptr_t target);
      |                                          ~~~~~~~~~~^~~~~~
/home/david/Documents/RockBox_Personal-master/devsrc/nano-soh-runtime/Shipwright/soh/src/code/z_scene_table.c: At top level:
/home/david/Documents/RockBox_Personal-master/devsrc/nano-soh-runtime/Shipwright/soh/src/code/z_scene_table.c:970:5: warning: initialization discards 'const' qualifier from pointer target type [-Wdiscarded-qualifiers]
  970 |     gForestTempleDayEntranceTex,
      |     ^~~~~~~~~~~~~~~~~~~~~~~~~~~
/home/david/Documents/RockBox_Personal-master/devsrc/nano-soh-runtime/Shipwright/soh/src/code/z_scene_table.c:971:5: warning: initialization discards 'const' qualifier from pointer target type [-Wdiscarded-qualifiers]
  971 |     gForestTempleNightEntranceTex,
      |     ^~~~~~~~~~~~~~~~~~~~~~~~~~~~~
/home/david/Documents/RockBox_Personal-master/devsrc/nano-soh-runtime/Shipwright/soh/src/code/z_scene_table.c: In function 'func_8009D758':
/home/david/Documents/RockBox_Personal-master/devsrc/nano-soh-runtime/Shipwright/soh/src/code/z_scene_table.c:983:73: warning: passing argument 3 of 'gSPSegment' makes integer from pointer without a cast [-Wint-conversion]
  983 |                    SEGMENTED_TO_VIRTUAL(sForestTempleEntranceTextures_MQ[gSaveContext.nightFlag]));
      |                                         ~~~~~~~~~~~~~~~~~~~~~~~~~~~~~~~~^~~~~~~~~~~~~~~~~~~~~~~~
      |                                                                         |
      |                                                                         void *
/home/david/Documents/RockBox_Personal-master/devsrc/nano-soh-runtime/Shipwright/soh/include/macros.h:37:36: note: in definition of macro 'SEGMENTED_TO_VIRTUAL'
   37 | #define SEGMENTED_TO_VIRTUAL(addr) addr
      |                                    ^~~~
/home/david/Documents/RockBox_Personal-master/devsrc/nano-soh-runtime/Shipwright/soh/include/functions.h:22:52: note: expected 'uintptr_t' {aka 'unsigned int'} but argument is of type 'void *'
   22 | void gSPSegment(void* value, int segNum, uintptr_t target);
      |                                          ~~~~~~~~~~^~~~~~
/home/david/Documents/RockBox_Personal-master/devsrc/nano-soh-runtime/Shipwright/soh/src/code/z_scene_table.c:985:93: warning: passing argument 3 of 'gSPSegment' makes integer from pointer without a cast [-Wint-conversion]
  985 |         gSPSegment(POLY_XLU_DISP++, 0x08, SEGMENTED_TO_VIRTUAL(sForestTempleEntranceTextures[gSaveContext.nightFlag]));
      |                                                                ~~~~~~~~~~~~~~~~~~~~~~~~~~~~~^~~~~~~~~~~~~~~~~~~~~~~~
      |                                                                                             |
      |                                                                                             void *
/home/david/Documents/RockBox_Personal-master/devsrc/nano-soh-runtime/Shipwright/soh/include/macros.h:37:36: note: in definition of macro 'SEGMENTED_TO_VIRTUAL'
   37 | #define SEGMENTED_TO_VIRTUAL(addr) addr
      |                                    ^~~~
/home/david/Documents/RockBox_Personal-master/devsrc/nano-soh-runtime/Shipwright/soh/include/functions.h:22:52: note: expected 'uintptr_t' {aka 'unsigned int'} but argument is of type 'void *'
   22 | void gSPSegment(void* value, int segNum, uintptr_t target);
      |                                          ~~~~~~~~~~^~~~~~
/home/david/Documents/RockBox_Personal-master/devsrc/nano-soh-runtime/Shipwright/soh/src/code/z_scene_table.c:988:16: warning: passing argument 3 of 'gSPSegment' makes integer from pointer without a cast [-Wint-conversion]
  988 |                Gfx_TwoTexScrollEx(play->state.gfxCtx, 0, 127 - gameplayFrames % 128, (gameplayFrames * 1) % 128, 32, 32,
      |                ^~~~~~~~~~~~~~~~~~~~~~~~~~~~~~~~~~~~~~~~~~~~~~~~~~~~~~~~~~~~~~~~~~~~~~~~~~~~~~~~~~~~~~~~~~~~~~~~~~~~~~~~~
      |                |
      |                Gfx *
  989 |                                   1, gameplayFrames % 128, (gameplayFrames * 1) % 128, 32, 32, -1, 1, 1, 1));
      |                                   ~~~~~~~~~~~~~~~~~~~~~~~~~~~~~~~~~~~~~~~~~~~~~~~~~~~~~~~~~~~~~~~~~~~~~~~~~
/home/david/Documents/RockBox_Personal-master/devsrc/nano-soh-runtime/Shipwright/soh/include/functions.h:22:52: note: expected 'uintptr_t' {aka 'unsigned int'} but argument is of type 'Gfx *'
   22 | void gSPSegment(void* value, int segNum, uintptr_t target);
      |                                          ~~~~~~~~~~^~~~~~
/home/david/Documents/RockBox_Personal-master/devsrc/nano-soh-runtime/Shipwright/soh/src/code/z_scene_table.c:991:16: warning: passing argument 3 of 'gSPSegment' makes integer from pointer without a cast [-Wint-conversion]
  991 |                Gfx_TwoTexScrollEx(play->state.gfxCtx, 0, 127 - gameplayFrames % 128, (gameplayFrames * 1) % 128, 32, 32,
      |                ^~~~~~~~~~~~~~~~~~~~~~~~~~~~~~~~~~~~~~~~~~~~~~~~~~~~~~~~~~~~~~~~~~~~~~~~~~~~~~~~~~~~~~~~~~~~~~~~~~~~~~~~~
      |                |
      |                Gfx *
  992 |                                   1, gameplayFrames % 128, (gameplayFrames * 1) % 128, 32, 32, -1, 1, 1, 1));
      |                                   ~~~~~~~~~~~~~~~~~~~~~~~~~~~~~~~~~~~~~~~~~~~~~~~~~~~~~~~~~~~~~~~~~~~~~~~~~
/home/david/Documents/RockBox_Personal-master/devsrc/nano-soh-runtime/Shipwright/soh/include/functions.h:22:52: note: expected 'uintptr_t' {aka 'unsigned int'} but argument is of type 'Gfx *'
   22 | void gSPSegment(void* value, int segNum, uintptr_t target);
      |                                          ~~~~~~~~~~^~~~~~
/home/david/Documents/RockBox_Personal-master/devsrc/nano-soh-runtime/Shipwright/soh/src/code/z_scene_table.c: At top level:
/home/david/Documents/RockBox_Personal-master/devsrc/nano-soh-runtime/Shipwright/soh/src/code/z_scene_table.c:1006:5: warning: initialization discards 'const' qualifier from pointer target type [-Wdiscarded-qualifiers]
 1006 |     gSpiritTempleDayEntranceTex,
      |     ^~~~~~~~~~~~~~~~~~~~~~~~~~~
/home/david/Documents/RockBox_Personal-master/devsrc/nano-soh-runtime/Shipwright/soh/src/code/z_scene_table.c:1007:5: warning: initialization discards 'const' qualifier from pointer target type [-Wdiscarded-qualifiers]
 1007 |     gSpiritTempleNightEntranceTex,
      |     ^~~~~~~~~~~~~~~~~~~~~~~~~~~~~
/home/david/Documents/RockBox_Personal-master/devsrc/nano-soh-runtime/Shipwright/soh/src/code/z_scene_table.c: In function 'func_8009D974':
/home/david/Documents/RockBox_Personal-master/devsrc/nano-soh-runtime/Shipwright/soh/src/code/z_scene_table.c:1018:73: warning: passing argument 3 of 'gSPSegment' makes integer from pointer without a cast [-Wint-conversion]
 1018 |                    SEGMENTED_TO_VIRTUAL(sSpiritTempleEntranceTextures_MQ[gSaveContext.nightFlag]));
      |                                         ~~~~~~~~~~~~~~~~~~~~~~~~~~~~~~~~^~~~~~~~~~~~~~~~~~~~~~~~
      |                                                                         |
      |                                                                         void *
/home/david/Documents/RockBox_Personal-master/devsrc/nano-soh-runtime/Shipwright/soh/include/macros.h:37:36: note: in definition of macro 'SEGMENTED_TO_VIRTUAL'
   37 | #define SEGMENTED_TO_VIRTUAL(addr) addr
      |                                    ^~~~
/home/david/Documents/RockBox_Personal-master/devsrc/nano-soh-runtime/Shipwright/soh/include/functions.h:22:52: note: expected 'uintptr_t' {aka 'unsigned int'} but argument is of type 'void *'
   22 | void gSPSegment(void* value, int segNum, uintptr_t target);
      |                                          ~~~~~~~~~~^~~~~~
/home/david/Documents/RockBox_Personal-master/devsrc/nano-soh-runtime/Shipwright/soh/src/code/z_scene_table.c:1020:93: warning: passing argument 3 of 'gSPSegment' makes integer from pointer without a cast [-Wint-conversion]
 1020 |         gSPSegment(POLY_XLU_DISP++, 0x08, SEGMENTED_TO_VIRTUAL(sSpiritTempleEntranceTextures[gSaveContext.nightFlag]));
      |                                                                ~~~~~~~~~~~~~~~~~~~~~~~~~~~~~^~~~~~~~~~~~~~~~~~~~~~~~
      |                                                                                             |
      |                                                                                             void *
/home/david/Documents/RockBox_Personal-master/devsrc/nano-soh-runtime/Shipwright/soh/include/macros.h:37:36: note: in definition of macro 'SEGMENTED_TO_VIRTUAL'
   37 | #define SEGMENTED_TO_VIRTUAL(addr) addr
      |                                    ^~~~
/home/david/Documents/RockBox_Personal-master/devsrc/nano-soh-runtime/Shipwright/soh/include/functions.h:22:52: note: expected 'uintptr_t' {aka 'unsigned int'} but argument is of type 'void *'
   22 | void gSPSegment(void* value, int segNum, uintptr_t target);
      |                                          ~~~~~~~~~~^~~~~~
/home/david/Documents/RockBox_Personal-master/devsrc/nano-soh-runtime/Shipwright/soh/src/code/z_scene_table.c: In function 'func_8009DA30':
/home/david/Documents/RockBox_Personal-master/devsrc/nano-soh-runtime/Shipwright/soh/src/code/z_scene_table.c:1037:16: warning: passing argument 3 of 'gSPSegment' makes integer from pointer without a cast [-Wint-conversion]
 1037 |                Gfx_TwoTexScrollEx(play->state.gfxCtx, 0, 127 - gameplayFrames % 128, (gameplayFrames * 3) % 128, 32, 32,
      |                ^~~~~~~~~~~~~~~~~~~~~~~~~~~~~~~~~~~~~~~~~~~~~~~~~~~~~~~~~~~~~~~~~~~~~~~~~~~~~~~~~~~~~~~~~~~~~~~~~~~~~~~~~
      |                |
      |                Gfx *
 1038 |                                   1, gameplayFrames % 128, (gameplayFrames * 3) % 128, 32, 32, -1, 3, 1, 3));
      |                                   ~~~~~~~~~~~~~~~~~~~~~~~~~~~~~~~~~~~~~~~~~~~~~~~~~~~~~~~~~~~~~~~~~~~~~~~~~
/home/david/Documents/RockBox_Personal-master/devsrc/nano-soh-runtime/Shipwright/soh/include/functions.h:22:52: note: expected 'uintptr_t' {aka 'unsigned int'} but argument is of type 'Gfx *'
   22 | void gSPSegment(void* value, int segNum, uintptr_t target);
      |                                          ~~~~~~~~~~^~~~~~
/home/david/Documents/RockBox_Personal-master/devsrc/nano-soh-runtime/Shipwright/soh/src/code/z_scene_table.c:1040:16: warning: passing argument 3 of 'gSPSegment' makes integer from pointer without a cast [-Wint-conversion]
 1040 |                Gfx_TwoTexScrollEx(play->state.gfxCtx, 0, 127 - gameplayFrames % 128, (gameplayFrames * 10) % 128, 32,
      |                ^~~~~~~~~~~~~~~~~~~~~~~~~~~~~~~~~~~~~~~~~~~~~~~~~~~~~~~~~~~~~~~~~~~~~~~~~~~~~~~~~~~~~~~~~~~~~~~~~~~~~~
      |                |
      |                Gfx *
 1041 |                                   32, 1, gameplayFrames % 128, (gameplayFrames * 10) % 128, 32, 32, -1, 10, 1, 10));
      |                                   ~~~~~~~~~~~~~~~~~~~~~~~~~~~~~~~~~~~~~~~~~~~~~~~~~~~~~~~~~~~~~~~~~~~~~~~~~~~~~~~~
/home/david/Documents/RockBox_Personal-master/devsrc/nano-soh-runtime/Shipwright/soh/include/functions.h:22:52: note: expected 'uintptr_t' {aka 'unsigned int'} but argument is of type 'Gfx *'
   22 | void gSPSegment(void* value, int segNum, uintptr_t target);
      |                                          ~~~~~~~~~~^~~~~~
/home/david/Documents/RockBox_Personal-master/devsrc/nano-soh-runtime/Shipwright/soh/src/code/z_scene_table.c:1049:39: warning: passing argument 3 of 'gSPSegment' makes integer from pointer without a cast [-Wint-conversion]
 1049 |     gSPSegment(POLY_XLU_DISP++, 0x0A, displayListHead);
      |                                       ^~~~~~~~~~~~~~~
      |                                       |
      |                                       Gfx *
/home/david/Documents/RockBox_Personal-master/devsrc/nano-soh-runtime/Shipwright/soh/include/functions.h:22:52: note: expected 'uintptr_t' {aka 'unsigned int'} but argument is of type 'Gfx *'
   22 | void gSPSegment(void* value, int segNum, uintptr_t target);
      |                                          ~~~~~~~~~~^~~~~~
/home/david/Documents/RockBox_Personal-master/devsrc/nano-soh-runtime/Shipwright/soh/src/code/z_scene_table.c:1065:43: warning: passing argument 2 of 'gSPDisplayList' from incompatible pointer type [-Wincompatible-pointer-types]
 1065 |         gSPDisplayList(displayListHead++, spot00_room_0DL_012B20);
      |                                           ^~~~~~~~~~~~~~~~~~~~~~
      |                                           |
      |                                           const char *
/home/david/Documents/RockBox_Personal-master/devsrc/nano-soh-runtime/Shipwright/soh/include/functions.h:24:36: note: expected 'Gfx *' but argument is of type 'const char *'
   24 | void gSPDisplayList(Gfx* pkt, Gfx* dl);
      |                               ~~~~~^~
/home/david/Documents/RockBox_Personal-master/devsrc/nano-soh-runtime/Shipwright/soh/src/code/z_scene_table.c: At top level:
/home/david/Documents/RockBox_Personal-master/devsrc/nano-soh-runtime/Shipwright/soh/src/code/z_scene_table.c:1073:5: warning: initialization discards 'const' qualifier from pointer target type [-Wdiscarded-qualifiers]
 1073 |     gKakarikoVillageDayWindowTex,
      |     ^~~~~~~~~~~~~~~~~~~~~~~~~~~~
/home/david/Documents/RockBox_Personal-master/devsrc/nano-soh-runtime/Shipwright/soh/src/code/z_scene_table.c:1074:5: warning: initialization discards 'const' qualifier from pointer target type [-Wdiscarded-qualifiers]
 1074 |     gKakarikoVillageNightWindowTex,
      |     ^~~~~~~~~~~~~~~~~~~~~~~~~~~~~~
/home/david/Documents/RockBox_Personal-master/devsrc/nano-soh-runtime/Shipwright/soh/src/code/z_scene_table.c: In function 'func_8009DD5C':
/home/david/Documents/RockBox_Personal-master/devsrc/nano-soh-runtime/Shipwright/soh/src/code/z_scene_table.c:1083:83: warning: passing argument 3 of 'gSPSegment' makes integer from pointer without a cast [-Wint-conversion]
 1083 |     gSPSegment(POLY_OPA_DISP++, 0x08, SEGMENTED_TO_VIRTUAL(sKakarikoWindowTextures[gSaveContext.nightFlag]));
      |                                                            ~~~~~~~~~~~~~~~~~~~~~~~^~~~~~~~~~~~~~~~~~~~~~~~
      |                                                                                   |
      |                                                                                   void *
/home/david/Documents/RockBox_Personal-master/devsrc/nano-soh-runtime/Shipwright/soh/include/macros.h:37:36: note: in definition of macro 'SEGMENTED_TO_VIRTUAL'
   37 | #define SEGMENTED_TO_VIRTUAL(addr) addr
      |                                    ^~~~
/home/david/Documents/RockBox_Personal-master/devsrc/nano-soh-runtime/Shipwright/soh/include/functions.h:22:52: note: expected 'uintptr_t' {aka 'unsigned int'} but argument is of type 'void *'
   22 | void gSPSegment(void* value, int segNum, uintptr_t target);
      |                                          ~~~~~~~~~~^~~~~~
/home/david/Documents/RockBox_Personal-master/devsrc/nano-soh-runtime/Shipwright/soh/src/code/z_scene_table.c: In function 'func_8009DE78':
/home/david/Documents/RockBox_Personal-master/devsrc/nano-soh-runtime/Shipwright/soh/src/code/z_scene_table.c:1102:16: warning: passing argument 3 of 'gSPSegment' makes integer from pointer without a cast [-Wint-conversion]
 1102 |                Gfx_TwoTexScrollEx(play->state.gfxCtx, 0, 127 - gameplayFrames % 128, (gameplayFrames * 6) % 128, 32, 32,
      |                ^~~~~~~~~~~~~~~~~~~~~~~~~~~~~~~~~~~~~~~~~~~~~~~~~~~~~~~~~~~~~~~~~~~~~~~~~~~~~~~~~~~~~~~~~~~~~~~~~~~~~~~~~
      |                |
      |                Gfx *
 1103 |                                   1, gameplayFrames % 128, (gameplayFrames * 6) % 128, 32, 32, -1, 6, 1, 6));
      |                                   ~~~~~~~~~~~~~~~~~~~~~~~~~~~~~~~~~~~~~~~~~~~~~~~~~~~~~~~~~~~~~~~~~~~~~~~~~
/home/david/Documents/RockBox_Personal-master/devsrc/nano-soh-runtime/Shipwright/soh/include/functions.h:22:52: note: expected 'uintptr_t' {aka 'unsigned int'} but argument is of type 'Gfx *'
   22 | void gSPSegment(void* value, int segNum, uintptr_t target);
      |                                          ~~~~~~~~~~^~~~~~
/home/david/Documents/RockBox_Personal-master/devsrc/nano-soh-runtime/Shipwright/soh/src/code/z_scene_table.c:1105:16: warning: passing argument 3 of 'gSPSegment' makes integer from pointer without a cast [-Wint-conversion]
 1105 |                Gfx_TwoTexScrollEx(play->state.gfxCtx, 0, 127 - gameplayFrames % 128, (gameplayFrames * 3) % 128, 32, 32,
      |                ^~~~~~~~~~~~~~~~~~~~~~~~~~~~~~~~~~~~~~~~~~~~~~~~~~~~~~~~~~~~~~~~~~~~~~~~~~~~~~~~~~~~~~~~~~~~~~~~~~~~~~~~~
      |                |
      |                Gfx *
 1106 |                                   1, gameplayFrames % 128, (gameplayFrames * 3) % 128, 32, 32, -1, 3, 1, 3));
      |                                   ~~~~~~~~~~~~~~~~~~~~~~~~~~~~~~~~~~~~~~~~~~~~~~~~~~~~~~~~~~~~~~~~~~~~~~~~~
/home/david/Documents/RockBox_Personal-master/devsrc/nano-soh-runtime/Shipwright/soh/include/functions.h:22:52: note: expected 'uintptr_t' {aka 'unsigned int'} but argument is of type 'Gfx *'
   22 | void gSPSegment(void* value, int segNum, uintptr_t target);
      |                                          ~~~~~~~~~~^~~~~~
/home/david/Documents/RockBox_Personal-master/devsrc/nano-soh-runtime/Shipwright/soh/src/code/z_scene_table.c:1108:16: warning: passing argument 3 of 'gSPSegment' makes integer from pointer without a cast [-Wint-conversion]
 1108 |                Gfx_TwoTexScrollEx(play->state.gfxCtx, 0, 127 - gameplayFrames % 128, (gameplayFrames * 1) % 128, 32, 32,
      |                ^~~~~~~~~~~~~~~~~~~~~~~~~~~~~~~~~~~~~~~~~~~~~~~~~~~~~~~~~~~~~~~~~~~~~~~~~~~~~~~~~~~~~~~~~~~~~~~~~~~~~~~~~
      |                |
      |                Gfx *
 1109 |                                   1, gameplayFrames % 128, (gameplayFrames * 1) % 128, 32, 32, -1, 1, 1, 1));
      |                                   ~~~~~~~~~~~~~~~~~~~~~~~~~~~~~~~~~~~~~~~~~~~~~~~~~~~~~~~~~~~~~~~~~~~~~~~~~
/home/david/Documents/RockBox_Personal-master/devsrc/nano-soh-runtime/Shipwright/soh/include/functions.h:22:52: note: expected 'uintptr_t' {aka 'unsigned int'} but argument is of type 'Gfx *'
   22 | void gSPSegment(void* value, int segNum, uintptr_t target);
      |                                          ~~~~~~~~~~^~~~~~
/home/david/Documents/RockBox_Personal-master/devsrc/nano-soh-runtime/Shipwright/soh/src/code/z_scene_table.c: In function 'func_8009E0B8':
/home/david/Documents/RockBox_Personal-master/devsrc/nano-soh-runtime/Shipwright/soh/src/code/z_scene_table.c:1135:16: warning: passing argument 3 of 'gSPSegment' makes integer from pointer without a cast [-Wint-conversion]
 1135 |                Gfx_TwoTexScrollEx(play->state.gfxCtx, 0, 127 - gameplayFrames % 128, (gameplayFrames * 1) % 128, 32, 32,
      |                ^~~~~~~~~~~~~~~~~~~~~~~~~~~~~~~~~~~~~~~~~~~~~~~~~~~~~~~~~~~~~~~~~~~~~~~~~~~~~~~~~~~~~~~~~~~~~~~~~~~~~~~~~
      |                |
      |                Gfx *
 1136 |                                   1, gameplayFrames % 128, (gameplayFrames * 1) % 128, 32, 32, -1, 1, 1, 1));
      |                                   ~~~~~~~~~~~~~~~~~~~~~~~~~~~~~~~~~~~~~~~~~~~~~~~~~~~~~~~~~~~~~~~~~~~~~~~~~
/home/david/Documents/RockBox_Personal-master/devsrc/nano-soh-runtime/Shipwright/soh/include/functions.h:22:52: note: expected 'uintptr_t' {aka 'unsigned int'} but argument is of type 'Gfx *'
   22 | void gSPSegment(void* value, int segNum, uintptr_t target);
      |                                          ~~~~~~~~~~^~~~~~
/home/david/Documents/RockBox_Personal-master/devsrc/nano-soh-runtime/Shipwright/soh/src/code/z_scene_table.c:1138:16: warning: passing argument 3 of 'gSPSegment' makes integer from pointer without a cast [-Wint-conversion]
 1138 |                Gfx_TwoTexScrollEx(play->state.gfxCtx, 0, 127 - gameplayFrames % 128, (gameplayFrames * 10) % 128, 32,
      |                ^~~~~~~~~~~~~~~~~~~~~~~~~~~~~~~~~~~~~~~~~~~~~~~~~~~~~~~~~~~~~~~~~~~~~~~~~~~~~~~~~~~~~~~~~~~~~~~~~~~~~~
      |                |
      |                Gfx *
 1139 |                                   32, 1, gameplayFrames % 128, (gameplayFrames * 10) % 128, 32, 32, -1, 10, 1, 10));
      |                                   ~~~~~~~~~~~~~~~~~~~~~~~~~~~~~~~~~~~~~~~~~~~~~~~~~~~~~~~~~~~~~~~~~~~~~~~~~~~~~~~~
/home/david/Documents/RockBox_Personal-master/devsrc/nano-soh-runtime/Shipwright/soh/include/functions.h:22:52: note: expected 'uintptr_t' {aka 'unsigned int'} but argument is of type 'Gfx *'
   22 | void gSPSegment(void* value, int segNum, uintptr_t target);
      |                                          ~~~~~~~~~~^~~~~~
/home/david/Documents/RockBox_Personal-master/devsrc/nano-soh-runtime/Shipwright/soh/src/code/z_scene_table.c:1156:39: warning: passing argument 3 of 'gSPSegment' makes integer from pointer without a cast [-Wint-conversion]
 1156 |     gSPSegment(POLY_OPA_DISP++, 0x0A, displayListHead);
      |                                       ^~~~~~~~~~~~~~~
      |                                       |
      |                                       Gfx *
/home/david/Documents/RockBox_Personal-master/devsrc/nano-soh-runtime/Shipwright/soh/include/functions.h:22:52: note: expected 'uintptr_t' {aka 'unsigned int'} but argument is of type 'Gfx *'
   22 | void gSPSegment(void* value, int segNum, uintptr_t target);
      |                                          ~~~~~~~~~~^~~~~~
/home/david/Documents/RockBox_Personal-master/devsrc/nano-soh-runtime/Shipwright/soh/src/code/z_scene_table.c:1161:39: warning: passing argument 3 of 'gSPSegment' makes integer from pointer without a cast [-Wint-conversion]
 1161 |     gSPSegment(POLY_XLU_DISP++, 0x0B, displayListHead);
      |                                       ^~~~~~~~~~~~~~~
      |                                       |
      |                                       Gfx *
/home/david/Documents/RockBox_Personal-master/devsrc/nano-soh-runtime/Shipwright/soh/include/functions.h:22:52: note: expected 'uintptr_t' {aka 'unsigned int'} but argument is of type 'Gfx *'
   22 | void gSPSegment(void* value, int segNum, uintptr_t target);
      |                                          ~~~~~~~~~~^~~~~~
/home/david/Documents/RockBox_Personal-master/devsrc/nano-soh-runtime/Shipwright/soh/src/code/z_scene_table.c:1162:39: warning: passing argument 3 of 'gSPSegment' makes integer from pointer without a cast [-Wint-conversion]
 1162 |     gSPSegment(POLY_OPA_DISP++, 0x0B, displayListHead);
      |                                       ^~~~~~~~~~~~~~~
      |                                       |
      |                                       Gfx *
/home/david/Documents/RockBox_Personal-master/devsrc/nano-soh-runtime/Shipwright/soh/include/functions.h:22:52: note: expected 'uintptr_t' {aka 'unsigned int'} but argument is of type 'Gfx *'
   22 | void gSPSegment(void* value, int segNum, uintptr_t target);
      |                                          ~~~~~~~~~~^~~~~~
/home/david/Documents/RockBox_Personal-master/devsrc/nano-soh-runtime/Shipwright/soh/src/code/z_scene_table.c:1168:16: warning: passing argument 3 of 'gSPSegment' makes integer from pointer without a cast [-Wint-conversion]
 1168 |                Gfx_TwoTexScrollEx(play->state.gfxCtx, 0, 0, (s16)(-play->roomCtx.unk_74[0] * 0.02f), 32, 16, 1, 0,
      |                ^~~~~~~~~~~~~~~~~~~~~~~~~~~~~~~~~~~~~~~~~~~~~~~~~~~~~~~~~~~~~~~~~~~~~~~~~~~~~~~~~~~~~~~~~~~~~~~~~~~
      |                |
      |                Gfx *
 1169 |                                   (s16)(-play->roomCtx.unk_74[0] * 0.02f), 32, 16, 0,
      |                                   ~~~~~~~~~~~~~~~~~~~~~~~~~~~~~~~~~~~~~~~~~~~~~~~~~~~
 1170 |                                   play->roomCtx.unk_74[0] == 0 ? 0 : -1, 0, play->roomCtx.unk_74[0] == 0 ? 0 : 1));
      |                                   ~~~~~~~~~~~~~~~~~~~~~~~~~~~~~~~~~~~~~~~~~~~~~~~~~~~~~~~~~~~~~~~~~~~~~~~~~~~~~~~
/home/david/Documents/RockBox_Personal-master/devsrc/nano-soh-runtime/Shipwright/soh/include/functions.h:22:52: note: expected 'uintptr_t' {aka 'unsigned int'} but argument is of type 'Gfx *'
   22 | void gSPSegment(void* value, int segNum, uintptr_t target);
      |                                          ~~~~~~~~~~^~~~~~
/home/david/Documents/RockBox_Personal-master/devsrc/nano-soh-runtime/Shipwright/soh/src/code/z_scene_table.c: In function 'func_8009E54C':
/home/david/Documents/RockBox_Personal-master/devsrc/nano-soh-runtime/Shipwright/soh/src/code/z_scene_table.c:1188:16: warning: passing argument 3 of 'gSPSegment' makes integer from pointer without a cast [-Wint-conversion]
 1188 |                Gfx_TwoTexScrollEnvColorEx(play->state.gfxCtx, 0, gameplayFrames, gameplayFrames, 32, 32, 1, 0, 0, 32,
      |                ^~~~~~~~~~~~~~~~~~~~~~~~~~~~~~~~~~~~~~~~~~~~~~~~~~~~~~~~~~~~~~~~~~~~~~~~~~~~~~~~~~~~~~~~~~~~~~~~~~~~~~
      |                |
      |                Gfx *
 1189 |                                           32, 0, 0, 0, play->roomCtx.unk_74[0] + 168, 1, 1, 0, 0));
      |                                           ~~~~~~~~~~~~~~~~~~~~~~~~~~~~~~~~~~~~~~~~~~~~~~~~~~~~~~~
/home/david/Documents/RockBox_Personal-master/devsrc/nano-soh-runtime/Shipwright/soh/include/functions.h:22:52: note: expected 'uintptr_t' {aka 'unsigned int'} but argument is of type 'Gfx *'
   22 | void gSPSegment(void* value, int segNum, uintptr_t target);
      |                                          ~~~~~~~~~~^~~~~~
/home/david/Documents/RockBox_Personal-master/devsrc/nano-soh-runtime/Shipwright/soh/src/code/z_scene_table.c:1191:16: warning: passing argument 3 of 'gSPSegment' makes integer from pointer without a cast [-Wint-conversion]
 1191 |                Gfx_TwoTexScrollEnvColorEx(play->state.gfxCtx, 0, -gameplayFrames, -gameplayFrames, 32, 32, 1, 0, 0, 16,
      |                ^~~~~~~~~~~~~~~~~~~~~~~~~~~~~~~~~~~~~~~~~~~~~~~~~~~~~~~~~~~~~~~~~~~~~~~~~~~~~~~~~~~~~~~~~~~~~~~~~~~~~~~~
      |                |
      |                Gfx *
 1192 |                                           64, 0, 0, 0, play->roomCtx.unk_74[0] + 168, -1, -1, 0, 0));
      |                                           ~~~~~~~~~~~~~~~~~~~~~~~~~~~~~~~~~~~~~~~~~~~~~~~~~~~~~~~~~
/home/david/Documents/RockBox_Personal-master/devsrc/nano-soh-runtime/Shipwright/soh/include/functions.h:22:52: note: expected 'uintptr_t' {aka 'unsigned int'} but argument is of type 'Gfx *'
   22 | void gSPSegment(void* value, int segNum, uintptr_t target);
      |                                          ~~~~~~~~~~^~~~~~
/home/david/Documents/RockBox_Personal-master/devsrc/nano-soh-runtime/Shipwright/soh/src/code/z_scene_table.c: At top level:
/home/david/Documents/RockBox_Personal-master/devsrc/nano-soh-runtime/Shipwright/soh/src/code/z_scene_table.c:1201:5: warning: initialization discards 'const' qualifier from pointer target type [-Wdiscarded-qualifiers]
 1201 |     gZorasDomainDayEntranceTex,
      |     ^~~~~~~~~~~~~~~~~~~~~~~~~~
/home/david/Documents/RockBox_Personal-master/devsrc/nano-soh-runtime/Shipwright/soh/src/code/z_scene_table.c:1202:5: warning: initialization discards 'const' qualifier from pointer target type [-Wdiscarded-qualifiers]
 1202 |     gZorasDomainNightEntranceTex,
      |     ^~~~~~~~~~~~~~~~~~~~~~~~~~~~
/home/david/Documents/RockBox_Personal-master/devsrc/nano-soh-runtime/Shipwright/soh/src/code/z_scene_table.c: In function 'func_8009E730':
/home/david/Documents/RockBox_Personal-master/devsrc/nano-soh-runtime/Shipwright/soh/src/code/z_scene_table.c:1218:16: warning: passing argument 3 of 'gSPSegment' makes integer from pointer without a cast [-Wint-conversion]
 1218 |                Gfx_TwoTexScrollEx(play->state.gfxCtx, 0, 0, 0, 64, 32, 1, 0, var, 64, 32, 0, 0, 0, -1));
      |                ^~~~~~~~~~~~~~~~~~~~~~~~~~~~~~~~~~~~~~~~~~~~~~~~~~~~~~~~~~~~~~~~~~~~~~~~~~~~~~~~~~~~~~~
      |                |
      |                Gfx *
/home/david/Documents/RockBox_Personal-master/devsrc/nano-soh-runtime/Shipwright/soh/include/functions.h:22:52: note: expected 'uintptr_t' {aka 'unsigned int'} but argument is of type 'Gfx *'
   22 | void gSPSegment(void* value, int segNum, uintptr_t target);
      |                                          ~~~~~~~~~~^~~~~~
/home/david/Documents/RockBox_Personal-master/devsrc/nano-soh-runtime/Shipwright/soh/src/code/z_scene_table.c:1223:88: warning: passing argument 3 of 'gSPSegment' makes integer from pointer without a cast [-Wint-conversion]
 1223 |     gSPSegment(POLY_XLU_DISP++, 0x08, SEGMENTED_TO_VIRTUAL(sZorasDomainEntranceTextures[gSaveContext.nightFlag]));
      |                                                            ~~~~~~~~~~~~~~~~~~~~~~~~~~~~^~~~~~~~~~~~~~~~~~~~~~~~
      |                                                                                        |
      |                                                                                        void *
/home/david/Documents/RockBox_Personal-master/devsrc/nano-soh-runtime/Shipwright/soh/include/macros.h:37:36: note: in definition of macro 'SEGMENTED_TO_VIRTUAL'
   37 | #define SEGMENTED_TO_VIRTUAL(addr) addr
      |                                    ^~~~
/home/david/Documents/RockBox_Personal-master/devsrc/nano-soh-runtime/Shipwright/soh/include/functions.h:22:52: note: expected 'uintptr_t' {aka 'unsigned int'} but argument is of type 'void *'
   22 | void gSPSegment(void* value, int segNum, uintptr_t target);
      |                                          ~~~~~~~~~~^~~~~~
/home/david/Documents/RockBox_Personal-master/devsrc/nano-soh-runtime/Shipwright/soh/src/code/z_scene_table.c: In function 'func_8009E8C0':
/home/david/Documents/RockBox_Personal-master/devsrc/nano-soh-runtime/Shipwright/soh/src/code/z_scene_table.c:1239:9: warning: passing argument 3 of 'gSPSegment' makes integer from pointer without a cast [-Wint-conversion]
 1239 |         Gfx_TwoTexScrollEx(play->state.gfxCtx, 0, (gameplayFrames * 1) % 128, 0, 32, 32, 1, 0, 0, 32, 32, 1, 0, 0, 0));
      |         ^~~~~~~~~~~~~~~~~~~~~~~~~~~~~~~~~~~~~~~~~~~~~~~~~~~~~~~~~~~~~~~~~~~~~~~~~~~~~~~~~~~~~~~~~~~~~~~~~~~~~~~~~~~~~
      |         |
      |         Gfx *
/home/david/Documents/RockBox_Personal-master/devsrc/nano-soh-runtime/Shipwright/soh/include/functions.h:22:52: note: expected 'uintptr_t' {aka 'unsigned int'} but argument is of type 'Gfx *'
   22 | void gSPSegment(void* value, int segNum, uintptr_t target);
      |                                          ~~~~~~~~~~^~~~~~
/home/david/Documents/RockBox_Personal-master/devsrc/nano-soh-runtime/Shipwright/soh/src/code/z_scene_table.c:1241:16: warning: passing argument 3 of 'gSPSegment' makes integer from pointer without a cast [-Wint-conversion]
 1241 |                Gfx_TwoTexScrollEx(play->state.gfxCtx, 0, 0, 255 - (gameplayFrames * 2) % 256, 64, 64, 1, 0,
      |                ^~~~~~~~~~~~~~~~~~~~~~~~~~~~~~~~~~~~~~~~~~~~~~~~~~~~~~~~~~~~~~~~~~~~~~~~~~~~~~~~~~~~~~~~~~~~
      |                |
      |                Gfx *
 1242 |                                   255 - (gameplayFrames * 2) % 256, 64, 64, 0, -2, 0, -2));
      |                                   ~~~~~~~~~~~~~~~~~~~~~~~~~~~~~~~~~~~~~~~~~~~~~~~~~~~~~~~
/home/david/Documents/RockBox_Personal-master/devsrc/nano-soh-runtime/Shipwright/soh/include/functions.h:22:52: note: expected 'uintptr_t' {aka 'unsigned int'} but argument is of type 'Gfx *'
   22 | void gSPSegment(void* value, int segNum, uintptr_t target);
      |                                          ~~~~~~~~~~^~~~~~
/home/david/Documents/RockBox_Personal-master/devsrc/nano-soh-runtime/Shipwright/soh/src/code/z_scene_table.c:1244:16: warning: passing argument 3 of 'gSPSegment' makes integer from pointer without a cast [-Wint-conversion]
 1244 |                Gfx_TwoTexScrollEx(play->state.gfxCtx, 0, 0, (gameplayFrames * 1) % 128, 32, 32, 1, 0,
      |                ^~~~~~~~~~~~~~~~~~~~~~~~~~~~~~~~~~~~~~~~~~~~~~~~~~~~~~~~~~~~~~~~~~~~~~~~~~~~~~~~~~~~~~
      |                |
      |                Gfx *
 1245 |                                   (gameplayFrames * 1) % 128, 32, 32, 0, 1, 0, 1));
      |                                   ~~~~~~~~~~~~~~~~~~~~~~~~~~~~~~~~~~~~~~~~~~~~~~~
/home/david/Documents/RockBox_Personal-master/devsrc/nano-soh-runtime/Shipwright/soh/include/functions.h:22:52: note: expected 'uintptr_t' {aka 'unsigned int'} but argument is of type 'Gfx *'
   22 | void gSPSegment(void* value, int segNum, uintptr_t target);
      |                                          ~~~~~~~~~~^~~~~~
/home/david/Documents/RockBox_Personal-master/devsrc/nano-soh-runtime/Shipwright/soh/src/code/z_scene_table.c: In function 'func_8009EAD8':
/home/david/Documents/RockBox_Personal-master/devsrc/nano-soh-runtime/Shipwright/soh/src/code/z_scene_table.c:1264:16: warning: passing argument 3 of 'gSPSegment' makes integer from pointer without a cast [-Wint-conversion]
 1264 |                Gfx_TwoTexScrollEx(play->state.gfxCtx, 0, 0, (gameplayFrames * 3) % 1024, 32, 256, 1, 0,
      |                ^~~~~~~~~~~~~~~~~~~~~~~~~~~~~~~~~~~~~~~~~~~~~~~~~~~~~~~~~~~~~~~~~~~~~~~~~~~~~~~~~~~~~~~~
      |                |
      |                Gfx *
 1265 |                                   (gameplayFrames * 3) % 1024, 32, 256, 0, 3, 0, 3));
      |                                   ~~~~~~~~~~~~~~~~~~~~~~~~~~~~~~~~~~~~~~~~~~~~~~~~~
/home/david/Documents/RockBox_Personal-master/devsrc/nano-soh-runtime/Shipwright/soh/include/functions.h:22:52: note: expected 'uintptr_t' {aka 'unsigned int'} but argument is of type 'Gfx *'
   22 | void gSPSegment(void* value, int segNum, uintptr_t target);
      |                                          ~~~~~~~~~~^~~~~~
/home/david/Documents/RockBox_Personal-master/devsrc/nano-soh-runtime/Shipwright/soh/src/code/z_scene_table.c:1267:16: warning: passing argument 3 of 'gSPSegment' makes integer from pointer without a cast [-Wint-conversion]
 1267 |                Gfx_TwoTexScrollEx(play->state.gfxCtx, 0, 0, (gameplayFrames * 1) % 256, 64, 64, 1, 0,
      |                ^~~~~~~~~~~~~~~~~~~~~~~~~~~~~~~~~~~~~~~~~~~~~~~~~~~~~~~~~~~~~~~~~~~~~~~~~~~~~~~~~~~~~~
      |                |
      |                Gfx *
 1268 |                                   (gameplayFrames * 1) % 256, 64, 64, 0, 1, 0, 1));
      |                                   ~~~~~~~~~~~~~~~~~~~~~~~~~~~~~~~~~~~~~~~~~~~~~~~
/home/david/Documents/RockBox_Personal-master/devsrc/nano-soh-runtime/Shipwright/soh/include/functions.h:22:52: note: expected 'uintptr_t' {aka 'unsigned int'} but argument is of type 'Gfx *'
   22 | void gSPSegment(void* value, int segNum, uintptr_t target);
      |                                          ~~~~~~~~~~^~~~~~
/home/david/Documents/RockBox_Personal-master/devsrc/nano-soh-runtime/Shipwright/soh/src/code/z_scene_table.c:1270:16: warning: passing argument 3 of 'gSPSegment' makes integer from pointer without a cast [-Wint-conversion]
 1270 |                Gfx_TwoTexScrollEx(play->state.gfxCtx, 0, 0, (gameplayFrames * 2) % 128, 32, 32, 1, 0,
      |                ^~~~~~~~~~~~~~~~~~~~~~~~~~~~~~~~~~~~~~~~~~~~~~~~~~~~~~~~~~~~~~~~~~~~~~~~~~~~~~~~~~~~~~
      |                |
      |                Gfx *
 1271 |                                   (gameplayFrames * 2) % 128, 32, 32, 0, 2, 0, 2));
      |                                   ~~~~~~~~~~~~~~~~~~~~~~~~~~~~~~~~~~~~~~~~~~~~~~~
/home/david/Documents/RockBox_Personal-master/devsrc/nano-soh-runtime/Shipwright/soh/include/functions.h:22:52: note: expected 'uintptr_t' {aka 'unsigned int'} but argument is of type 'Gfx *'
   22 | void gSPSegment(void* value, int segNum, uintptr_t target);
      |                                          ~~~~~~~~~~^~~~~~
/home/david/Documents/RockBox_Personal-master/devsrc/nano-soh-runtime/Shipwright/soh/src/code/z_scene_table.c:1273:16: warning: passing argument 3 of 'gSPSegment' makes integer from pointer without a cast [-Wint-conversion]
 1273 |                Gfx_TwoTexScrollEx(play->state.gfxCtx, 0, 0, 0, 32, 32, 1, 0, 127 - (gameplayFrames * 3) % 128, 32, 32,
      |                ^~~~~~~~~~~~~~~~~~~~~~~~~~~~~~~~~~~~~~~~~~~~~~~~~~~~~~~~~~~~~~~~~~~~~~~~~~~~~~~~~~~~~~~~~~~~~~~~~~~~~~~
      |                |
      |                Gfx *
 1274 |                                   0, 0, 0, -3));
      |                                   ~~~~~~~~~~~~
/home/david/Documents/RockBox_Personal-master/devsrc/nano-soh-runtime/Shipwright/soh/include/functions.h:22:52: note: expected 'uintptr_t' {aka 'unsigned int'} but argument is of type 'Gfx *'
   22 | void gSPSegment(void* value, int segNum, uintptr_t target);
      |                                          ~~~~~~~~~~^~~~~~
/home/david/Documents/RockBox_Personal-master/devsrc/nano-soh-runtime/Shipwright/soh/src/code/z_scene_table.c:1276:16: warning: passing argument 3 of 'gSPSegment' makes integer from pointer without a cast [-Wint-conversion]
 1276 |                Gfx_TwoTexScrollEx(play->state.gfxCtx, 0, 0, (gameplayFrames * 1) % 128, 32, 32, 1, 0,
      |                ^~~~~~~~~~~~~~~~~~~~~~~~~~~~~~~~~~~~~~~~~~~~~~~~~~~~~~~~~~~~~~~~~~~~~~~~~~~~~~~~~~~~~~
      |                |
      |                Gfx *
 1277 |                                   (gameplayFrames * 1) % 128, 32, 32, 0, 1, 0, 1));
      |                                   ~~~~~~~~~~~~~~~~~~~~~~~~~~~~~~~~~~~~~~~~~~~~~~~
/home/david/Documents/RockBox_Personal-master/devsrc/nano-soh-runtime/Shipwright/soh/include/functions.h:22:52: note: expected 'uintptr_t' {aka 'unsigned int'} but argument is of type 'Gfx *'
   22 | void gSPSegment(void* value, int segNum, uintptr_t target);
      |                                          ~~~~~~~~~~^~~~~~
/home/david/Documents/RockBox_Personal-master/devsrc/nano-soh-runtime/Shipwright/soh/src/code/z_scene_table.c:1279:16: warning: passing argument 3 of 'gSPSegment' makes integer from pointer without a cast [-Wint-conversion]
 1279 |                Gfx_TwoTexScrollEx(play->state.gfxCtx, 0, 0, (gameplayFrames * 1) % 64, 16, 16, 1, 0,
      |                ^~~~~~~~~~~~~~~~~~~~~~~~~~~~~~~~~~~~~~~~~~~~~~~~~~~~~~~~~~~~~~~~~~~~~~~~~~~~~~~~~~~~~
      |                |
      |                Gfx *
 1280 |                                   (gameplayFrames * 1) % 64, 16, 16, 0, 1, 0, 1));
      |                                   ~~~~~~~~~~~~~~~~~~~~~~~~~~~~~~~~~~~~~~~~~~~~~~
/home/david/Documents/RockBox_Personal-master/devsrc/nano-soh-runtime/Shipwright/soh/include/functions.h:22:52: note: expected 'uintptr_t' {aka 'unsigned int'} but argument is of type 'Gfx *'
   22 | void gSPSegment(void* value, int segNum, uintptr_t target);
      |                                          ~~~~~~~~~~^~~~~~
/home/david/Documents/RockBox_Personal-master/devsrc/nano-soh-runtime/Shipwright/soh/src/code/z_scene_table.c: In function 'func_8009EE44':
/home/david/Documents/RockBox_Personal-master/devsrc/nano-soh-runtime/Shipwright/soh/src/code/z_scene_table.c:1299:16: warning: passing argument 3 of 'gSPSegment' makes integer from pointer without a cast [-Wint-conversion]
 1299 |                Gfx_TwoTexScrollEx(play->state.gfxCtx, 0, gameplayFrames % 128, 0, 32, 16, 1, gameplayFrames % 128, 0,
      |                ^~~~~~~~~~~~~~~~~~~~~~~~~~~~~~~~~~~~~~~~~~~~~~~~~~~~~~~~~~~~~~~~~~~~~~~~~~~~~~~~~~~~~~~~~~~~~~~~~~~~~~
      |                |
      |                Gfx *
 1300 |                                   32, 16, 1, 0, 1, 0));
      |                                   ~~~~~~~~~~~~~~~~~~~
/home/david/Documents/RockBox_Personal-master/devsrc/nano-soh-runtime/Shipwright/soh/include/functions.h:22:52: note: expected 'uintptr_t' {aka 'unsigned int'} but argument is of type 'Gfx *'
   22 | void gSPSegment(void* value, int segNum, uintptr_t target);
      |                                          ~~~~~~~~~~^~~~~~
/home/david/Documents/RockBox_Personal-master/devsrc/nano-soh-runtime/Shipwright/soh/src/code/z_scene_table.c:1302:16: warning: passing argument 3 of 'gSPSegment' makes integer from pointer without a cast [-Wint-conversion]
 1302 |                Gfx_TwoTexScrollEx(play->state.gfxCtx, 0, 127 - gameplayFrames % 128, gameplayFrames % 128, 32, 32, 1,
      |                ^~~~~~~~~~~~~~~~~~~~~~~~~~~~~~~~~~~~~~~~~~~~~~~~~~~~~~~~~~~~~~~~~~~~~~~~~~~~~~~~~~~~~~~~~~~~~~~~~~~~~~
      |                |
      |                Gfx *
 1303 |                                   gameplayFrames % 128, gameplayFrames % 128, 32, 32, -1, 1, 1, 1));
      |                                   ~~~~~~~~~~~~~~~~~~~~~~~~~~~~~~~~~~~~~~~~~~~~~~~~~~~~~~~~~~~~~~~~
/home/david/Documents/RockBox_Personal-master/devsrc/nano-soh-runtime/Shipwright/soh/include/functions.h:22:52: note: expected 'uintptr_t' {aka 'unsigned int'} but argument is of type 'Gfx *'
   22 | void gSPSegment(void* value, int segNum, uintptr_t target);
      |                                          ~~~~~~~~~~^~~~~~
/home/david/Documents/RockBox_Personal-master/devsrc/nano-soh-runtime/Shipwright/soh/src/code/z_scene_table.c: In function 'func_8009F074':
/home/david/Documents/RockBox_Personal-master/devsrc/nano-soh-runtime/Shipwright/soh/src/code/z_scene_table.c:1335:9: warning: passing argument 3 of 'gSPSegment' makes integer from pointer without a cast [-Wint-conversion]
 1335 |         Gfx_TwoTexScrollEx(play->state.gfxCtx, 0, 0, 0, 32, 32, 1, 0, 127 - gameplayFrames % 128, 32, 32, 0, 0, 0, -1));
      |         ^~~~~~~~~~~~~~~~~~~~~~~~~~~~~~~~~~~~~~~~~~~~~~~~~~~~~~~~~~~~~~~~~~~~~~~~~~~~~~~~~~~~~~~~~~~~~~~~~~~~~~~~~~~~~~
      |         |
      |         Gfx *
/home/david/Documents/RockBox_Personal-master/devsrc/nano-soh-runtime/Shipwright/soh/include/functions.h:22:52: note: expected 'uintptr_t' {aka 'unsigned int'} but argument is of type 'Gfx *'
   22 | void gSPSegment(void* value, int segNum, uintptr_t target);
      |                                          ~~~~~~~~~~^~~~~~
/home/david/Documents/RockBox_Personal-master/devsrc/nano-soh-runtime/Shipwright/soh/src/code/z_scene_table.c: At top level:
/home/david/Documents/RockBox_Personal-master/devsrc/nano-soh-runtime/Shipwright/soh/src/code/z_scene_table.c:1348:5: warning: initialization discards 'const' qualifier from pointer target type [-Wdiscarded-qualifiers]
 1348 |     gSpot12_009678Tex,
      |     ^~~~~~~~~~~~~~~~~
/home/david/Documents/RockBox_Personal-master/devsrc/nano-soh-runtime/Shipwright/soh/src/code/z_scene_table.c:1349:5: warning: initialization discards 'const' qualifier from pointer target type [-Wdiscarded-qualifiers]
 1349 |     gSpot12_00DE78Tex,
      |     ^~~~~~~~~~~~~~~~~
/home/david/Documents/RockBox_Personal-master/devsrc/nano-soh-runtime/Shipwright/soh/src/code/z_scene_table.c: In function 'func_8009F1B4':
/home/david/Documents/RockBox_Personal-master/devsrc/nano-soh-runtime/Shipwright/soh/src/code/z_scene_table.c:1358:70: warning: passing argument 3 of 'gSPSegment' makes integer from pointer without a cast [-Wint-conversion]
 1358 |     gSPSegment(POLY_OPA_DISP++, 0x08, SEGMENTED_TO_VIRTUAL(D_8012A380[gSaveContext.nightFlag]));
      |                                                            ~~~~~~~~~~^~~~~~~~~~~~~~~~~~~~~~~~
      |                                                                      |
      |                                                                      void *
/home/david/Documents/RockBox_Personal-master/devsrc/nano-soh-runtime/Shipwright/soh/include/macros.h:37:36: note: in definition of macro 'SEGMENTED_TO_VIRTUAL'
   37 | #define SEGMENTED_TO_VIRTUAL(addr) addr
      |                                    ^~~~
/home/david/Documents/RockBox_Personal-master/devsrc/nano-soh-runtime/Shipwright/soh/include/functions.h:22:52: note: expected 'uintptr_t' {aka 'unsigned int'} but argument is of type 'void *'
   22 | void gSPSegment(void* value, int segNum, uintptr_t target);
      |                                          ~~~~~~~~~~^~~~~~
/home/david/Documents/RockBox_Personal-master/devsrc/nano-soh-runtime/Shipwright/soh/src/code/z_scene_table.c: In function 'func_8009F270':
/home/david/Documents/RockBox_Personal-master/devsrc/nano-soh-runtime/Shipwright/soh/src/code/z_scene_table.c:1371:16: warning: passing argument 3 of 'gSPSegment' makes integer from pointer without a cast [-Wint-conversion]
 1371 |                Gfx_TwoTexScrollEx(play->state.gfxCtx, 0, 0, gameplayFrames % 128, 32, 32, 1, 0, gameplayFrames % 128,
      |                ^~~~~~~~~~~~~~~~~~~~~~~~~~~~~~~~~~~~~~~~~~~~~~~~~~~~~~~~~~~~~~~~~~~~~~~~~~~~~~~~~~~~~~~~~~~~~~~~~~~~~~
      |                |
      |                Gfx *
 1372 |                                   32, 32, 0, 1, 0, 1));
      |                                   ~~~~~~~~~~~~~~~~~~~
/home/david/Documents/RockBox_Personal-master/devsrc/nano-soh-runtime/Shipwright/soh/include/functions.h:22:52: note: expected 'uintptr_t' {aka 'unsigned int'} but argument is of type 'Gfx *'
   22 | void gSPSegment(void* value, int segNum, uintptr_t target);
      |                                          ~~~~~~~~~~^~~~~~
/home/david/Documents/RockBox_Personal-master/devsrc/nano-soh-runtime/Shipwright/soh/src/code/z_scene_table.c:1374:16: warning: passing argument 3 of 'gSPSegment' makes integer from pointer without a cast [-Wint-conversion]
 1374 |                Gfx_TwoTexScrollEx(play->state.gfxCtx, 0, 0, gameplayFrames % 128, 32, 32, 1, 0, gameplayFrames % 128,
      |                ^~~~~~~~~~~~~~~~~~~~~~~~~~~~~~~~~~~~~~~~~~~~~~~~~~~~~~~~~~~~~~~~~~~~~~~~~~~~~~~~~~~~~~~~~~~~~~~~~~~~~~
      |                |
      |                Gfx *
 1375 |                                   32, 32, 0, 1, 0, 1));
      |                                   ~~~~~~~~~~~~~~~~~~~
/home/david/Documents/RockBox_Personal-master/devsrc/nano-soh-runtime/Shipwright/soh/include/functions.h:22:52: note: expected 'uintptr_t' {aka 'unsigned int'} but argument is of type 'Gfx *'
   22 | void gSPSegment(void* value, int segNum, uintptr_t target);
      |                                          ~~~~~~~~~~^~~~~~
/home/david/Documents/RockBox_Personal-master/devsrc/nano-soh-runtime/Shipwright/soh/src/code/z_scene_table.c: In function 'func_8009F40C':
/home/david/Documents/RockBox_Personal-master/devsrc/nano-soh-runtime/Shipwright/soh/src/code/z_scene_table.c:1394:16: warning: passing argument 3 of 'gSPSegment' makes integer from pointer without a cast [-Wint-conversion]
 1394 |                Gfx_TwoTexScrollEx(play->state.gfxCtx, 0, 127 - gameplayFrames % 128, (gameplayFrames * 10) % 128, 32,
      |                ^~~~~~~~~~~~~~~~~~~~~~~~~~~~~~~~~~~~~~~~~~~~~~~~~~~~~~~~~~~~~~~~~~~~~~~~~~~~~~~~~~~~~~~~~~~~~~~~~~~~~~
      |                |
      |                Gfx *
 1395 |                                   32, 1, gameplayFrames % 128, (gameplayFrames * 10) % 128, 32, 32, -1, 10, 1, 10));
      |                                   ~~~~~~~~~~~~~~~~~~~~~~~~~~~~~~~~~~~~~~~~~~~~~~~~~~~~~~~~~~~~~~~~~~~~~~~~~~~~~~~~
/home/david/Documents/RockBox_Personal-master/devsrc/nano-soh-runtime/Shipwright/soh/include/functions.h:22:52: note: expected 'uintptr_t' {aka 'unsigned int'} but argument is of type 'Gfx *'
   22 | void gSPSegment(void* value, int segNum, uintptr_t target);
      |                                          ~~~~~~~~~~^~~~~~
/home/david/Documents/RockBox_Personal-master/devsrc/nano-soh-runtime/Shipwright/soh/src/code/z_scene_table.c:1397:16: warning: passing argument 3 of 'gSPSegment' makes integer from pointer without a cast [-Wint-conversion]
 1397 |                Gfx_TwoTexScrollEx(play->state.gfxCtx, 0, 127 - gameplayFrames % 128, (gameplayFrames * 3) % 128, 32, 32,
      |                ^~~~~~~~~~~~~~~~~~~~~~~~~~~~~~~~~~~~~~~~~~~~~~~~~~~~~~~~~~~~~~~~~~~~~~~~~~~~~~~~~~~~~~~~~~~~~~~~~~~~~~~~~
      |                |
      |                Gfx *
 1398 |                                   1, gameplayFrames % 128, (gameplayFrames * 3) % 128, 32, 32, -1, 3, 1, 3));
      |                                   ~~~~~~~~~~~~~~~~~~~~~~~~~~~~~~~~~~~~~~~~~~~~~~~~~~~~~~~~~~~~~~~~~~~~~~~~~
/home/david/Documents/RockBox_Personal-master/devsrc/nano-soh-runtime/Shipwright/soh/include/functions.h:22:52: note: expected 'uintptr_t' {aka 'unsigned int'} but argument is of type 'Gfx *'
   22 | void gSPSegment(void* value, int segNum, uintptr_t target);
      |                                          ~~~~~~~~~~^~~~~~
/home/david/Documents/RockBox_Personal-master/devsrc/nano-soh-runtime/Shipwright/soh/src/code/z_scene_table.c: In function 'func_8009F5D4':
/home/david/Documents/RockBox_Personal-master/devsrc/nano-soh-runtime/Shipwright/soh/src/code/z_scene_table.c:1415:39: warning: passing argument 3 of 'gSPSegment' makes integer from pointer without a cast [-Wint-conversion]
 1415 |     gSPSegment(POLY_XLU_DISP++, 0x08, displayListHead);
      |                                       ^~~~~~~~~~~~~~~
      |                                       |
      |                                       Gfx *
/home/david/Documents/RockBox_Personal-master/devsrc/nano-soh-runtime/Shipwright/soh/include/functions.h:22:52: note: expected 'uintptr_t' {aka 'unsigned int'} but argument is of type 'Gfx *'
   22 | void gSPSegment(void* value, int segNum, uintptr_t target);
      |                                          ~~~~~~~~~~^~~~~~
/home/david/Documents/RockBox_Personal-master/devsrc/nano-soh-runtime/Shipwright/soh/src/code/z_scene_table.c:1431:43: warning: passing argument 2 of 'gSPDisplayList' from incompatible pointer type [-Wincompatible-pointer-types]
 1431 |         gSPDisplayList(displayListHead++, spot16_room_0DL_00AA48);
      |                                           ^~~~~~~~~~~~~~~~~~~~~~
      |                                           |
      |                                           const char *
/home/david/Documents/RockBox_Personal-master/devsrc/nano-soh-runtime/Shipwright/soh/include/functions.h:24:36: note: expected 'Gfx *' but argument is of type 'const char *'
   24 | void gSPDisplayList(Gfx* pkt, Gfx* dl);
      |                               ~~~~~^~
/home/david/Documents/RockBox_Personal-master/devsrc/nano-soh-runtime/Shipwright/soh/src/code/z_scene_table.c: In function 'func_8009F7D4':
/home/david/Documents/RockBox_Personal-master/devsrc/nano-soh-runtime/Shipwright/soh/src/code/z_scene_table.c:1457:16: warning: passing argument 3 of 'gSPSegment' makes integer from pointer without a cast [-Wint-conversion]
 1457 |                Gfx_TwoTexScrollEx(play->state.gfxCtx, 0, 0, gameplayFrames % 128, 32, 32, 1, 0, gameplayFrames % 128,
      |                ^~~~~~~~~~~~~~~~~~~~~~~~~~~~~~~~~~~~~~~~~~~~~~~~~~~~~~~~~~~~~~~~~~~~~~~~~~~~~~~~~~~~~~~~~~~~~~~~~~~~~~
      |                |
      |                Gfx *
 1458 |                                   32, 32, 0, 1, 0, 1));
      |                                   ~~~~~~~~~~~~~~~~~~~
/home/david/Documents/RockBox_Personal-master/devsrc/nano-soh-runtime/Shipwright/soh/include/functions.h:22:52: note: expected 'uintptr_t' {aka 'unsigned int'} but argument is of type 'Gfx *'
   22 | void gSPSegment(void* value, int segNum, uintptr_t target);
      |                                          ~~~~~~~~~~^~~~~~
/home/david/Documents/RockBox_Personal-master/devsrc/nano-soh-runtime/Shipwright/soh/src/code/z_scene_table.c: At top level:
/home/david/Documents/RockBox_Personal-master/devsrc/nano-soh-runtime/Shipwright/soh/src/code/z_scene_table.c:1470:5: warning: initialization discards 'const' qualifier from pointer target type [-Wdiscarded-qualifiers]
 1470 |     gGoronCityDayEntranceTex,
      |     ^~~~~~~~~~~~~~~~~~~~~~~~
/home/david/Documents/RockBox_Personal-master/devsrc/nano-soh-runtime/Shipwright/soh/src/code/z_scene_table.c:1471:5: warning: initialization discards 'const' qualifier from pointer target type [-Wdiscarded-qualifiers]
 1471 |     gGoronCityNightEntranceTex,
      |     ^~~~~~~~~~~~~~~~~~~~~~~~~~
/home/david/Documents/RockBox_Personal-master/devsrc/nano-soh-runtime/Shipwright/soh/src/code/z_scene_table.c: In function 'func_8009F9D0':
/home/david/Documents/RockBox_Personal-master/devsrc/nano-soh-runtime/Shipwright/soh/src/code/z_scene_table.c:1482:16: warning: passing argument 3 of 'gSPSegment' makes integer from pointer without a cast [-Wint-conversion]
 1482 |                Gfx_TwoTexScrollEx(play->state.gfxCtx, 0, 0, 127 - gameplayFrames % 128, 32, 32, 1, gameplayFrames % 128,
      |                ^~~~~~~~~~~~~~~~~~~~~~~~~~~~~~~~~~~~~~~~~~~~~~~~~~~~~~~~~~~~~~~~~~~~~~~~~~~~~~~~~~~~~~~~~~~~~~~~~~~~~~~~~
      |                |
      |                Gfx *
 1483 |                                   0, 32, 32, 0, -1, 1, 0));
      |                                   ~~~~~~~~~~~~~~~~~~~~~~~
/home/david/Documents/RockBox_Personal-master/devsrc/nano-soh-runtime/Shipwright/soh/include/functions.h:22:52: note: expected 'uintptr_t' {aka 'unsigned int'} but argument is of type 'Gfx *'
   22 | void gSPSegment(void* value, int segNum, uintptr_t target);
      |                                          ~~~~~~~~~~^~~~~~
/home/david/Documents/RockBox_Personal-master/devsrc/nano-soh-runtime/Shipwright/soh/src/code/z_scene_table.c:1491:86: warning: passing argument 3 of 'gSPSegment' makes integer from pointer without a cast [-Wint-conversion]
 1491 |     gSPSegment(POLY_XLU_DISP++, 0x08, SEGMENTED_TO_VIRTUAL(sGoronCityEntranceTextures[gSaveContext.nightFlag]));
      |                                                            ~~~~~~~~~~~~~~~~~~~~~~~~~~^~~~~~~~~~~~~~~~~~~~~~~~
      |                                                                                      |
      |                                                                                      void *
/home/david/Documents/RockBox_Personal-master/devsrc/nano-soh-runtime/Shipwright/soh/include/macros.h:37:36: note: in definition of macro 'SEGMENTED_TO_VIRTUAL'
   37 | #define SEGMENTED_TO_VIRTUAL(addr) addr
      |                                    ^~~~
/home/david/Documents/RockBox_Personal-master/devsrc/nano-soh-runtime/Shipwright/soh/include/functions.h:22:52: note: expected 'uintptr_t' {aka 'unsigned int'} but argument is of type 'void *'
   22 | void gSPSegment(void* value, int segNum, uintptr_t target);
      |                                          ~~~~~~~~~~^~~~~~
/home/david/Documents/RockBox_Personal-master/devsrc/nano-soh-runtime/Shipwright/soh/src/code/z_scene_table.c: At top level:
/home/david/Documents/RockBox_Personal-master/devsrc/nano-soh-runtime/Shipwright/soh/src/code/z_scene_table.c:1499:5: warning: initialization discards 'const' qualifier from pointer target type [-Wdiscarded-qualifiers]
 1499 |     gLonLonRanchDayWindowTex,
      |     ^~~~~~~~~~~~~~~~~~~~~~~~
/home/david/Documents/RockBox_Personal-master/devsrc/nano-soh-runtime/Shipwright/soh/src/code/z_scene_table.c:1500:5: warning: initialization discards 'const' qualifier from pointer target type [-Wdiscarded-qualifiers]
 1500 |     gLonLonRangeNightWindowsTex,
      |     ^~~~~~~~~~~~~~~~~~~~~~~~~~~
/home/david/Documents/RockBox_Personal-master/devsrc/nano-soh-runtime/Shipwright/soh/src/code/z_scene_table.c: In function 'func_8009FB74':
/home/david/Documents/RockBox_Personal-master/devsrc/nano-soh-runtime/Shipwright/soh/src/code/z_scene_table.c:1509:86: warning: passing argument 3 of 'gSPSegment' makes integer from pointer without a cast [-Wint-conversion]
 1509 |     gSPSegment(POLY_OPA_DISP++, 0x08, SEGMENTED_TO_VIRTUAL(sLonLonRanchWindowTextures[gSaveContext.nightFlag]));
      |                                                            ~~~~~~~~~~~~~~~~~~~~~~~~~~^~~~~~~~~~~~~~~~~~~~~~~~
      |                                                                                      |
      |                                                                                      void *
/home/david/Documents/RockBox_Personal-master/devsrc/nano-soh-runtime/Shipwright/soh/include/macros.h:37:36: note: in definition of macro 'SEGMENTED_TO_VIRTUAL'
   37 | #define SEGMENTED_TO_VIRTUAL(addr) addr
      |                                    ^~~~
/home/david/Documents/RockBox_Personal-master/devsrc/nano-soh-runtime/Shipwright/soh/include/functions.h:22:52: note: expected 'uintptr_t' {aka 'unsigned int'} but argument is of type 'void *'
   22 | void gSPSegment(void* value, int segNum, uintptr_t target);
      |                                          ~~~~~~~~~~^~~~~~
/home/david/Documents/RockBox_Personal-master/devsrc/nano-soh-runtime/Shipwright/soh/src/code/z_scene_table.c: In function 'func_8009FC90':
/home/david/Documents/RockBox_Personal-master/devsrc/nano-soh-runtime/Shipwright/soh/src/code/z_scene_table.c:1528:16: warning: passing argument 3 of 'gSPSegment' makes integer from pointer without a cast [-Wint-conversion]
 1528 |                Gfx_TwoTexScrollEx(play->state.gfxCtx, 0, 0, 127 - gameplayFrames % 128, 32, 32, 1,
      |                ^~~~~~~~~~~~~~~~~~~~~~~~~~~~~~~~~~~~~~~~~~~~~~~~~~~~~~~~~~~~~~~~~~~~~~~~~~~~~~~~~~~
      |                |
      |                Gfx *
 1529 |                                   127 - gameplayFrames % 128, 0, 32, 32, 0, -1, -1, 0));
      |                                   ~~~~~~~~~~~~~~~~~~~~~~~~~~~~~~~~~~~~~~~~~~~~~~~~~~~~
/home/david/Documents/RockBox_Personal-master/devsrc/nano-soh-runtime/Shipwright/soh/include/functions.h:22:52: note: expected 'uintptr_t' {aka 'unsigned int'} but argument is of type 'Gfx *'
   22 | void gSPSegment(void* value, int segNum, uintptr_t target);
      |                                          ~~~~~~~~~~^~~~~~
/home/david/Documents/RockBox_Personal-master/devsrc/nano-soh-runtime/Shipwright/soh/src/code/z_scene_table.c:1531:16: warning: passing argument 3 of 'gSPSegment' makes integer from pointer without a cast [-Wint-conversion]
 1531 |                Gfx_TwoTexScrollEx(play->state.gfxCtx, 0, (gameplayFrames * 3) % 128, 127 - (gameplayFrames * 6) % 128,
      |                ^~~~~~~~~~~~~~~~~~~~~~~~~~~~~~~~~~~~~~~~~~~~~~~~~~~~~~~~~~~~~~~~~~~~~~~~~~~~~~~~~~~~~~~~~~~~~~~~~~~~~~~
      |                |
      |                Gfx *
 1532 |                                   32, 32, 1, (gameplayFrames * 6) % 128, 127 - (gameplayFrames * 3) % 128, 32, 32, 3,
      |                                   ~~~~~~~~~~~~~~~~~~~~~~~~~~~~~~~~~~~~~~~~~~~~~~~~~~~~~~~~~~~~~~~~~~~~~~~~~~~~~~~~~~~
 1533 |                                   -6, 6, -3));
      |                                   ~~~~~~~~~~
/home/david/Documents/RockBox_Personal-master/devsrc/nano-soh-runtime/Shipwright/soh/include/functions.h:22:52: note: expected 'uintptr_t' {aka 'unsigned int'} but argument is of type 'Gfx *'
   22 | void gSPSegment(void* value, int segNum, uintptr_t target);
      |                                          ~~~~~~~~~~^~~~~~
/home/david/Documents/RockBox_Personal-master/devsrc/nano-soh-runtime/Shipwright/soh/src/code/z_scene_table.c: In function 'func_8009FE58':
/home/david/Documents/RockBox_Personal-master/devsrc/nano-soh-runtime/Shipwright/soh/src/code/z_scene_table.c:1557:20: warning: passing argument 3 of 'gSPSegment' makes integer from pointer without a cast [-Wint-conversion]
 1557 |                    Gfx_TwoTexScrollEx(play->state.gfxCtx, 0, gameplayFrames % 128, (gameplayFrames * 2) % 128, 32, 32,
      |                    ^~~~~~~~~~~~~~~~~~~~~~~~~~~~~~~~~~~~~~~~~~~~~~~~~~~~~~~~~~~~~~~~~~~~~~~~~~~~~~~~~~~~~~~~~~~~~~~~~~~
      |                    |
      |                    Gfx *
 1558 |                                       1, 127 - gameplayFrames % 128, (gameplayFrames * 2) % 128, 32, 32, 1, 2, -1, 2));
      |                                       ~~~~~~~~~~~~~~~~~~~~~~~~~~~~~~~~~~~~~~~~~~~~~~~~~~~~~~~~~~~~~~~~~~~~~~~~~~~~~~~
/home/david/Documents/RockBox_Personal-master/devsrc/nano-soh-runtime/Shipwright/soh/include/functions.h:22:52: note: expected 'uintptr_t' {aka 'unsigned int'} but argument is of type 'Gfx *'
   22 | void gSPSegment(void* value, int segNum, uintptr_t target);
      |                                          ~~~~~~~~~~^~~~~~
/home/david/Documents/RockBox_Personal-master/devsrc/nano-soh-runtime/Shipwright/soh/src/code/z_scene_table.c:1560:20: warning: passing argument 3 of 'gSPSegment' makes integer from pointer without a cast [-Wint-conversion]
 1560 |                    Gfx_TwoTexScrollEx(play->state.gfxCtx, 0, 0, 255 - (gameplayFrames * 4) % 256, 32, 64, 1, 0,
      |                    ^~~~~~~~~~~~~~~~~~~~~~~~~~~~~~~~~~~~~~~~~~~~~~~~~~~~~~~~~~~~~~~~~~~~~~~~~~~~~~~~~~~~~~~~~~~~
      |                    |
      |                    Gfx *
 1561 |                                       255 - (gameplayFrames * 4) % 256, 32, 64, 0, -4, 0, -4));
      |                                       ~~~~~~~~~~~~~~~~~~~~~~~~~~~~~~~~~~~~~~~~~~~~~~~~~~~~~~~
/home/david/Documents/RockBox_Personal-master/devsrc/nano-soh-runtime/Shipwright/soh/include/functions.h:22:52: note: expected 'uintptr_t' {aka 'unsigned int'} but argument is of type 'Gfx *'
   22 | void gSPSegment(void* value, int segNum, uintptr_t target);
      |                                          ~~~~~~~~~~^~~~~~
/home/david/Documents/RockBox_Personal-master/devsrc/nano-soh-runtime/Shipwright/soh/src/code/z_scene_table.c:1564:20: warning: passing argument 3 of 'gSPSegment' makes integer from pointer without a cast [-Wint-conversion]
 1564 |                    Gfx_TexScrollEx(play->state.gfxCtx, (127 - (gameplayFrames * 1)) % 128, (gameplayFrames * 1) % 128,
      |                    ^~~~~~~~~~~~~~~~~~~~~~~~~~~~~~~~~~~~~~~~~~~~~~~~~~~~~~~~~~~~~~~~~~~~~~~~~~~~~~~~~~~~~~~~~~~~~~~~~~~
      |                    |
      |                    Gfx *
 1565 |                                    32, 32, -1, 1));
      |                                    ~~~~~~~~~~~~~~
/home/david/Documents/RockBox_Personal-master/devsrc/nano-soh-runtime/Shipwright/soh/include/functions.h:22:52: note: expected 'uintptr_t' {aka 'unsigned int'} but argument is of type 'Gfx *'
   22 | void gSPSegment(void* value, int segNum, uintptr_t target);
      |                                          ~~~~~~~~~~^~~~~~
/home/david/Documents/RockBox_Personal-master/devsrc/nano-soh-runtime/Shipwright/soh/include/macros.h:287:31: warning: passing argument 3 of 'gSPSegment' makes integer from pointer without a cast [-Wint-conversion]
  287 | #define MATRIX_NEWMTX(gfxCtx) Matrix_NewMtx(gfxCtx, __FILE__, __LINE__)
      |                               ^~~~~~~~~~~~~~~~~~~~~~~~~~~~~~~~~~~~~~~~~
      |                               |
      |                               Mtx * {aka MtxS *}
/home/david/Documents/RockBox_Personal-master/devsrc/nano-soh-runtime/Shipwright/soh/src/code/z_scene_table.c:1625:39: note: in expansion of macro 'MATRIX_NEWMTX'
 1625 |     gSPSegment(POLY_OPA_DISP++, 0x0D, MATRIX_NEWMTX(play->state.gfxCtx));
      |                                       ^~~~~~~~~~~~~
/home/david/Documents/RockBox_Personal-master/devsrc/nano-soh-runtime/Shipwright/soh/include/functions.h:22:52: note: expected 'uintptr_t' {aka 'unsigned int'} but argument is of type 'Mtx *' {aka 'MtxS *'}
   22 | void gSPSegment(void* value, int segNum, uintptr_t target);
      |                                          ~~~~~~~~~~^~~~~~
/home/david/Documents/RockBox_Personal-master/devsrc/nano-soh-runtime/Shipwright/soh/src/code/z_scene_table.c: In function 'func_800A0334':
/home/david/Documents/RockBox_Personal-master/devsrc/nano-soh-runtime/Shipwright/soh/src/code/z_scene_table.c:1638:16: warning: passing argument 3 of 'gSPSegment' makes integer from pointer without a cast [-Wint-conversion]
 1638 |                Gfx_TwoTexScrollEx(play->state.gfxCtx, 0, 127 - gameplayFrames % 128, (gameplayFrames * 1) % 512, 32,
      |                ^~~~~~~~~~~~~~~~~~~~~~~~~~~~~~~~~~~~~~~~~~~~~~~~~~~~~~~~~~~~~~~~~~~~~~~~~~~~~~~~~~~~~~~~~~~~~~~~~~~~~
      |                |
      |                Gfx *
 1639 |                                   128, 1, gameplayFrames % 128, (gameplayFrames * 1) % 512, 32, 128, -1, 1, 1, 1));
      |                                   ~~~~~~~~~~~~~~~~~~~~~~~~~~~~~~~~~~~~~~~~~~~~~~~~~~~~~~~~~~~~~~~~~~~~~~~~~~~~~~~
/home/david/Documents/RockBox_Personal-master/devsrc/nano-soh-runtime/Shipwright/soh/include/functions.h:22:52: note: expected 'uintptr_t' {aka 'unsigned int'} but argument is of type 'Gfx *'
   22 | void gSPSegment(void* value, int segNum, uintptr_t target);
      |                                          ~~~~~~~~~~^~~~~~
/home/david/Documents/RockBox_Personal-master/devsrc/nano-soh-runtime/Shipwright/soh/src/code/z_scene_table.c:1641:16: warning: passing argument 3 of 'gSPSegment' makes integer from pointer without a cast [-Wint-conversion]
 1641 |                Gfx_TwoTexScrollEx(play->state.gfxCtx, 0, 127 - gameplayFrames % 128, (gameplayFrames * 1) % 128, 32, 32,
      |                ^~~~~~~~~~~~~~~~~~~~~~~~~~~~~~~~~~~~~~~~~~~~~~~~~~~~~~~~~~~~~~~~~~~~~~~~~~~~~~~~~~~~~~~~~~~~~~~~~~~~~~~~~
      |                |
      |                Gfx *
 1642 |                                   1, gameplayFrames % 128, (gameplayFrames * 1) % 128, 32, 32, -1, 1, 1, 1));
      |                                   ~~~~~~~~~~~~~~~~~~~~~~~~~~~~~~~~~~~~~~~~~~~~~~~~~~~~~~~~~~~~~~~~~~~~~~~~~
/home/david/Documents/RockBox_Personal-master/devsrc/nano-soh-runtime/Shipwright/soh/include/functions.h:22:52: note: expected 'uintptr_t' {aka 'unsigned int'} but argument is of type 'Gfx *'
   22 | void gSPSegment(void* value, int segNum, uintptr_t target);
      |                                          ~~~~~~~~~~^~~~~~
/home/david/Documents/RockBox_Personal-master/devsrc/nano-soh-runtime/Shipwright/soh/src/code/z_scene_table.c:1644:16: warning: passing argument 3 of 'gSPSegment' makes integer from pointer without a cast [-Wint-conversion]
 1644 |                Gfx_TwoTexScrollEx(play->state.gfxCtx, 0, 127 - gameplayFrames % 128, (gameplayFrames * 1) % 128, 32, 32,
      |                ^~~~~~~~~~~~~~~~~~~~~~~~~~~~~~~~~~~~~~~~~~~~~~~~~~~~~~~~~~~~~~~~~~~~~~~~~~~~~~~~~~~~~~~~~~~~~~~~~~~~~~~~~
      |                |
      |                Gfx *
 1645 |                                   1, gameplayFrames % 128, (gameplayFrames * 1) % 128, 32, 32, -1, 1, 1, 1));
      |                                   ~~~~~~~~~~~~~~~~~~~~~~~~~~~~~~~~~~~~~~~~~~~~~~~~~~~~~~~~~~~~~~~~~~~~~~~~~
/home/david/Documents/RockBox_Personal-master/devsrc/nano-soh-runtime/Shipwright/soh/include/functions.h:22:52: note: expected 'uintptr_t' {aka 'unsigned int'} but argument is of type 'Gfx *'
   22 | void gSPSegment(void* value, int segNum, uintptr_t target);
      |                                          ~~~~~~~~~~^~~~~~
/home/david/Documents/RockBox_Personal-master/devsrc/nano-soh-runtime/Shipwright/soh/src/code/z_scene_table.c: In function 'func_800A059C':
/home/david/Documents/RockBox_Personal-master/devsrc/nano-soh-runtime/Shipwright/soh/src/code/z_scene_table.c:1674:16: warning: passing argument 3 of 'gSPSegment' makes integer from pointer without a cast [-Wint-conversion]
 1674 |                Gfx_TexScrollEx(play->state.gfxCtx, 127 - (gameplayFrames * 2) % 128, 0, 32, 64, -2, 0));
      |                ^~~~~~~~~~~~~~~~~~~~~~~~~~~~~~~~~~~~~~~~~~~~~~~~~~~~~~~~~~~~~~~~~~~~~~~~~~~~~~~~~~~~~~~
      |                |
      |                Gfx *
/home/david/Documents/RockBox_Personal-master/devsrc/nano-soh-runtime/Shipwright/soh/include/functions.h:22:52: note: expected 'uintptr_t' {aka 'unsigned int'} but argument is of type 'Gfx *'
   22 | void gSPSegment(void* value, int segNum, uintptr_t target);
      |                                          ~~~~~~~~~~^~~~~~
/home/david/Documents/RockBox_Personal-master/devsrc/nano-soh-runtime/Shipwright/soh/src/code/z_scene_table.c:1676:16: warning: passing argument 3 of 'gSPSegment' makes integer from pointer without a cast [-Wint-conversion]
 1676 |                Gfx_TexScrollEx(play->state.gfxCtx, 0, (gameplayFrames * 2) % 512, 128, 128, 0, 2));
      |                ^~~~~~~~~~~~~~~~~~~~~~~~~~~~~~~~~~~~~~~~~~~~~~~~~~~~~~~~~~~~~~~~~~~~~~~~~~~~~~~~~~
      |                |
      |                Gfx *
/home/david/Documents/RockBox_Personal-master/devsrc/nano-soh-runtime/Shipwright/soh/include/functions.h:22:52: note: expected 'uintptr_t' {aka 'unsigned int'} but argument is of type 'Gfx *'
   22 | void gSPSegment(void* value, int segNum, uintptr_t target);
      |                                          ~~~~~~~~~~^~~~~~
