/home/david/Documents/RockBox_Personal-master/devsrc/nano-soh-runtime/Shipwright/soh/src/code/z_vr_box.c: In function 'func_800ADBB0':
/home/david/Documents/RockBox_Personal-master/devsrc/nano-soh-runtime/Shipwright/soh/src/code/z_vr_box.c:248:41: warning: passing argument 2 of 'gSPVertex' makes integer from pointer without a cast [-Wint-conversion]
  248 |         gSPVertex(skyboxCtx->unk_138++, &roomVtx[arg2], 32, 0);
      |                                         ^~~~~~~~~~~~~~
      |                                         |
      |                                         Vtx *
In file included from /home/david/Documents/RockBox_Personal-master/devsrc/nano-soh-runtime/Shipwright/soh/include/global.h:8,
                 from /home/david/Documents/RockBox_Personal-master/devsrc/nano-soh-runtime/Shipwright/soh/src/code/z_vr_box.c:1:
/home/david/Documents/RockBox_Personal-master/devsrc/nano-soh-runtime/Shipwright/soh/include/functions.h:29:36: note: expected 'uintptr_t' {aka 'unsigned int'} but argument is of type 'Vtx *'
   29 | void gSPVertex(Gfx* pkt, uintptr_t v, int n, int v0);
      |                          ~~~~~~~~~~^
/home/david/Documents/RockBox_Personal-master/devsrc/nano-soh-runtime/Shipwright/soh/src/code/z_vr_box.c: In function 'func_800AE2C0':
/home/david/Documents/RockBox_Personal-master/devsrc/nano-soh-runtime/Shipwright/soh/src/code/z_vr_box.c:342:24: warning: assignment to 'Gfx *' from incompatible pointer type 'Gfx (*)[150]' [-Wincompatible-pointer-types]
  342 |     skyboxCtx->unk_138 = &skyboxCtx->dListBuf[2 * arg8];
      |                        ^
/home/david/Documents/RockBox_Personal-master/devsrc/nano-soh-runtime/Shipwright/soh/src/code/z_vr_box.c:357:37: warning: passing argument 2 of 'gSPVertex' makes integer from pointer without a cast [-Wint-conversion]
  357 |     gSPVertex(skyboxCtx->unk_138++, &roomVtx[arg2], 32, 0);
      |                                     ^~~~~~~~~~~~~~
      |                                     |
      |                                     Vtx *
/home/david/Documents/RockBox_Personal-master/devsrc/nano-soh-runtime/Shipwright/soh/include/functions.h:29:36: note: expected 'uintptr_t' {aka 'unsigned int'} but argument is of type 'Vtx *'
   29 | void gSPVertex(Gfx* pkt, uintptr_t v, int n, int v0);
      |                          ~~~~~~~~~~^
/home/david/Documents/RockBox_Personal-master/devsrc/nano-soh-runtime/Shipwright/soh/src/code/z_vr_box.c: In function 'Skybox_Setup':
/home/david/Documents/RockBox_Personal-master/devsrc/nano-soh-runtime/Shipwright/soh/src/code/z_vr_box.c:580:63: warning: passing argument 4 of 'LoadSkyboxTex' discards 'const' qualifier from pointer target type [-Wdiscarded-qualifiers]
  580 |                 LoadSkyboxTex(skyboxCtx, 0, i, entryA.textures[i], 128, i == 4 ? 128 : 64, 128, 64);
      |                                                ~~~~~~~~~~~~~~~^~~
/home/david/Documents/RockBox_Personal-master/devsrc/nano-soh-runtime/Shipwright/soh/src/code/z_vr_box.c:454:86: note: expected 'char *' but argument is of type 'const char *'
  454 | void LoadSkyboxTex(SkyboxContext* skyboxCtx, int segmentIndex, int imageIndex, char* tex, int width, int height,
      |                                                                                ~~~~~~^~~
/home/david/Documents/RockBox_Personal-master/devsrc/nano-soh-runtime/Shipwright/soh/src/code/z_vr_box.c:585:63: warning: passing argument 4 of 'LoadSkyboxTex' discards 'const' qualifier from pointer target type [-Wdiscarded-qualifiers]
  585 |                 LoadSkyboxTex(skyboxCtx, 1, i, entryB.textures[i], 128, i == 4 ? 128 : 64, 128, 64);
      |                                                ~~~~~~~~~~~~~~~^~~
/home/david/Documents/RockBox_Personal-master/devsrc/nano-soh-runtime/Shipwright/soh/src/code/z_vr_box.c:454:86: note: expected 'char *' but argument is of type 'const char *'
  454 | void LoadSkyboxTex(SkyboxContext* skyboxCtx, int segmentIndex, int imageIndex, char* tex, int width, int height,
      |                                                                                ~~~~~~^~~
/home/david/Documents/RockBox_Personal-master/devsrc/nano-soh-runtime/Shipwright/soh/src/code/z_vr_box.c:588:64: warning: passing argument 3 of 'LoadSkyboxPalette' discards 'const' qualifier from pointer target type [-Wdiscarded-qualifiers]
  588 |                 LoadSkyboxPalette(skyboxCtx, 0, entryA.palettes[0], 16, 8);
      |                                                 ~~~~~~~~~~~~~~~^~~
/home/david/Documents/RockBox_Personal-master/devsrc/nano-soh-runtime/Shipwright/soh/src/code/z_vr_box.c:464:74: note: expected 'char *' but argument is of type 'const char *'
  464 | void LoadSkyboxPalette(SkyboxContext* skyboxCtx, int paletteIndex, char* palTex, int width, int height) {
      |                                                                    ~~~~~~^~~~~~
/home/david/Documents/RockBox_Personal-master/devsrc/nano-soh-runtime/Shipwright/soh/src/code/z_vr_box.c:589:64: warning: passing argument 3 of 'LoadSkyboxPalette' discards 'const' qualifier from pointer target type [-Wdiscarded-qualifiers]
  589 |                 LoadSkyboxPalette(skyboxCtx, 1, entryB.palettes[0], 16, 8);
      |                                                 ~~~~~~~~~~~~~~~^~~
/home/david/Documents/RockBox_Personal-master/devsrc/nano-soh-runtime/Shipwright/soh/src/code/z_vr_box.c:464:74: note: expected 'char *' but argument is of type 'const char *'
  464 | void LoadSkyboxPalette(SkyboxContext* skyboxCtx, int paletteIndex, char* palTex, int width, int height) {
      |                                                                    ~~~~~~^~~~~~
/home/david/Documents/RockBox_Personal-master/devsrc/nano-soh-runtime/Shipwright/soh/src/code/z_vr_box.c:591:64: warning: passing argument 3 of 'LoadSkyboxPalette' discards 'const' qualifier from pointer target type [-Wdiscarded-qualifiers]
  591 |                 LoadSkyboxPalette(skyboxCtx, 0, entryB.palettes[0], 16, 8);
      |                                                 ~~~~~~~~~~~~~~~^~~
/home/david/Documents/RockBox_Personal-master/devsrc/nano-soh-runtime/Shipwright/soh/src/code/z_vr_box.c:464:74: note: expected 'char *' but argument is of type 'const char *'
  464 | void LoadSkyboxPalette(SkyboxContext* skyboxCtx, int paletteIndex, char* palTex, int width, int height) {
      |                                                                    ~~~~~~^~~~~~
/home/david/Documents/RockBox_Personal-master/devsrc/nano-soh-runtime/Shipwright/soh/src/code/z_vr_box.c:592:64: warning: passing argument 3 of 'LoadSkyboxPalette' discards 'const' qualifier from pointer target type [-Wdiscarded-qualifiers]
  592 |                 LoadSkyboxPalette(skyboxCtx, 1, entryA.palettes[0], 16, 8);
      |                                                 ~~~~~~~~~~~~~~~^~~
/home/david/Documents/RockBox_Personal-master/devsrc/nano-soh-runtime/Shipwright/soh/src/code/z_vr_box.c:464:74: note: expected 'char *' but argument is of type 'const char *'
  464 | void LoadSkyboxPalette(SkyboxContext* skyboxCtx, int paletteIndex, char* palTex, int width, int height) {
      |                                                                    ~~~~~~^~~~~~
/home/david/Documents/RockBox_Personal-master/devsrc/nano-soh-runtime/Shipwright/soh/src/code/z_vr_box.c:598:44: warning: passing argument 4 of 'LoadSkyboxTex' discards 'const' qualifier from pointer target type [-Wdiscarded-qualifiers]
  598 |             LoadSkyboxTex(skyboxCtx, 0, 0, gBazaarBgTex, 256, 256, 256, 256);
      |                                            ^~~~~~~~~~~~
/home/david/Documents/RockBox_Personal-master/devsrc/nano-soh-runtime/Shipwright/soh/src/code/z_vr_box.c:454:86: note: expected 'char *' but argument is of type 'const char *'
  454 | void LoadSkyboxTex(SkyboxContext* skyboxCtx, int segmentIndex, int imageIndex, char* tex, int width, int height,
      |                                                                                ~~~~~~^~~
/home/david/Documents/RockBox_Personal-master/devsrc/nano-soh-runtime/Shipwright/soh/src/code/z_vr_box.c:599:44: warning: passing argument 4 of 'LoadSkyboxTex' discards 'const' qualifier from pointer target type [-Wdiscarded-qualifiers]
  599 |             LoadSkyboxTex(skyboxCtx, 0, 1, gBazaar2BgTex, 256, 256, 256, 256);
      |                                            ^~~~~~~~~~~~~
/home/david/Documents/RockBox_Personal-master/devsrc/nano-soh-runtime/Shipwright/soh/src/code/z_vr_box.c:454:86: note: expected 'char *' but argument is of type 'const char *'
  454 | void LoadSkyboxTex(SkyboxContext* skyboxCtx, int segmentIndex, int imageIndex, char* tex, int width, int height,
      |                                                                                ~~~~~~^~~
/home/david/Documents/RockBox_Personal-master/devsrc/nano-soh-runtime/Shipwright/soh/src/code/z_vr_box.c:601:45: warning: passing argument 3 of 'LoadSkyboxPalette' discards 'const' qualifier from pointer target type [-Wdiscarded-qualifiers]
  601 |             LoadSkyboxPalette(skyboxCtx, 0, gBazaarBgTLUT, 16, 16);
      |                                             ^~~~~~~~~~~~~
/home/david/Documents/RockBox_Personal-master/devsrc/nano-soh-runtime/Shipwright/soh/src/code/z_vr_box.c:464:74: note: expected 'char *' but argument is of type 'const char *'
  464 | void LoadSkyboxPalette(SkyboxContext* skyboxCtx, int paletteIndex, char* palTex, int width, int height) {
      |                                                                    ~~~~~~^~~~~~
/home/david/Documents/RockBox_Personal-master/devsrc/nano-soh-runtime/Shipwright/soh/src/code/z_vr_box.c:602:45: warning: passing argument 3 of 'LoadSkyboxPalette' discards 'const' qualifier from pointer target type [-Wdiscarded-qualifiers]
  602 |             LoadSkyboxPalette(skyboxCtx, 1, gBazaarBg2TLUT, 16, 16);
      |                                             ^~~~~~~~~~~~~~
/home/david/Documents/RockBox_Personal-master/devsrc/nano-soh-runtime/Shipwright/soh/src/code/z_vr_box.c:464:74: note: expected 'char *' but argument is of type 'const char *'
  464 | void LoadSkyboxPalette(SkyboxContext* skyboxCtx, int paletteIndex, char* palTex, int width, int height) {
      |                                                                    ~~~~~~^~~~~~
/home/david/Documents/RockBox_Personal-master/devsrc/nano-soh-runtime/Shipwright/soh/src/code/z_vr_box.c:608:44: warning: passing argument 4 of 'LoadSkyboxTex' discards 'const' qualifier from pointer target type [-Wdiscarded-qualifiers]
  608 |             LoadSkyboxTex(skyboxCtx, 0, 0, gLinksHouseBgTex, 256, 256, 256, 256);
      |                                            ^~~~~~~~~~~~~~~~
/home/david/Documents/RockBox_Personal-master/devsrc/nano-soh-runtime/Shipwright/soh/src/code/z_vr_box.c:454:86: note: expected 'char *' but argument is of type 'const char *'
  454 | void LoadSkyboxTex(SkyboxContext* skyboxCtx, int segmentIndex, int imageIndex, char* tex, int width, int height,
      |                                                                                ~~~~~~^~~
/home/david/Documents/RockBox_Personal-master/devsrc/nano-soh-runtime/Shipwright/soh/src/code/z_vr_box.c:609:44: warning: passing argument 4 of 'LoadSkyboxTex' discards 'const' qualifier from pointer target type [-Wdiscarded-qualifiers]
  609 |             LoadSkyboxTex(skyboxCtx, 0, 1, gLinksHouse2BgTex, 256, 256, 256, 256);
      |                                            ^~~~~~~~~~~~~~~~~
/home/david/Documents/RockBox_Personal-master/devsrc/nano-soh-runtime/Shipwright/soh/src/code/z_vr_box.c:454:86: note: expected 'char *' but argument is of type 'const char *'
  454 | void LoadSkyboxTex(SkyboxContext* skyboxCtx, int segmentIndex, int imageIndex, char* tex, int width, int height,
      |                                                                                ~~~~~~^~~
/home/david/Documents/RockBox_Personal-master/devsrc/nano-soh-runtime/Shipwright/soh/src/code/z_vr_box.c:610:44: warning: passing argument 4 of 'LoadSkyboxTex' discards 'const' qualifier from pointer target type [-Wdiscarded-qualifiers]
  610 |             LoadSkyboxTex(skyboxCtx, 0, 2, gLinksHouse3BgTex, 256, 256, 256, 256);
      |                                            ^~~~~~~~~~~~~~~~~
/home/david/Documents/RockBox_Personal-master/devsrc/nano-soh-runtime/Shipwright/soh/src/code/z_vr_box.c:454:86: note: expected 'char *' but argument is of type 'const char *'
  454 | void LoadSkyboxTex(SkyboxContext* skyboxCtx, int segmentIndex, int imageIndex, char* tex, int width, int height,
      |                                                                                ~~~~~~^~~
/home/david/Documents/RockBox_Personal-master/devsrc/nano-soh-runtime/Shipwright/soh/src/code/z_vr_box.c:611:44: warning: passing argument 4 of 'LoadSkyboxTex' discards 'const' qualifier from pointer target type [-Wdiscarded-qualifiers]
  611 |             LoadSkyboxTex(skyboxCtx, 0, 3, gLinksHouse4BgTex, 256, 256, 256, 256);
      |                                            ^~~~~~~~~~~~~~~~~
/home/david/Documents/RockBox_Personal-master/devsrc/nano-soh-runtime/Shipwright/soh/src/code/z_vr_box.c:454:86: note: expected 'char *' but argument is of type 'const char *'
  454 | void LoadSkyboxTex(SkyboxContext* skyboxCtx, int segmentIndex, int imageIndex, char* tex, int width, int height,
      |                                                                                ~~~~~~^~~
/home/david/Documents/RockBox_Personal-master/devsrc/nano-soh-runtime/Shipwright/soh/src/code/z_vr_box.c:613:45: warning: passing argument 3 of 'LoadSkyboxPalette' discards 'const' qualifier from pointer target type [-Wdiscarded-qualifiers]
  613 |             LoadSkyboxPalette(skyboxCtx, 0, gLinksHouseBgTLUT, 16, 16);
      |                                             ^~~~~~~~~~~~~~~~~
/home/david/Documents/RockBox_Personal-master/devsrc/nano-soh-runtime/Shipwright/soh/src/code/z_vr_box.c:464:74: note: expected 'char *' but argument is of type 'const char *'
  464 | void LoadSkyboxPalette(SkyboxContext* skyboxCtx, int paletteIndex, char* palTex, int width, int height) {
      |                                                                    ~~~~~~^~~~~~
/home/david/Documents/RockBox_Personal-master/devsrc/nano-soh-runtime/Shipwright/soh/src/code/z_vr_box.c:614:45: warning: passing argument 3 of 'LoadSkyboxPalette' discards 'const' qualifier from pointer target type [-Wdiscarded-qualifiers]
  614 |             LoadSkyboxPalette(skyboxCtx, 1, gLinksHouseBg2TLUT, 16, 16);
      |                                             ^~~~~~~~~~~~~~~~~~
/home/david/Documents/RockBox_Personal-master/devsrc/nano-soh-runtime/Shipwright/soh/src/code/z_vr_box.c:464:74: note: expected 'char *' but argument is of type 'const char *'
  464 | void LoadSkyboxPalette(SkyboxContext* skyboxCtx, int paletteIndex, char* palTex, int width, int height) {
      |                                                                    ~~~~~~^~~~~~
/home/david/Documents/RockBox_Personal-master/devsrc/nano-soh-runtime/Shipwright/soh/src/code/z_vr_box.c:615:45: warning: passing argument 3 of 'LoadSkyboxPalette' discards 'const' qualifier from pointer target type [-Wdiscarded-qualifiers]
  615 |             LoadSkyboxPalette(skyboxCtx, 2, gLinksHouseBg3TLUT, 16, 16);
      |                                             ^~~~~~~~~~~~~~~~~~
/home/david/Documents/RockBox_Personal-master/devsrc/nano-soh-runtime/Shipwright/soh/src/code/z_vr_box.c:464:74: note: expected 'char *' but argument is of type 'const char *'
  464 | void LoadSkyboxPalette(SkyboxContext* skyboxCtx, int paletteIndex, char* palTex, int width, int height) {
      |                                                                    ~~~~~~^~~~~~
/home/david/Documents/RockBox_Personal-master/devsrc/nano-soh-runtime/Shipwright/soh/src/code/z_vr_box.c:616:45: warning: passing argument 3 of 'LoadSkyboxPalette' discards 'const' qualifier from pointer target type [-Wdiscarded-qualifiers]
  616 |             LoadSkyboxPalette(skyboxCtx, 3, gLinksHouseBg4TLUT, 16, 16);
      |                                             ^~~~~~~~~~~~~~~~~~
/home/david/Documents/RockBox_Personal-master/devsrc/nano-soh-runtime/Shipwright/soh/src/code/z_vr_box.c:464:74: note: expected 'char *' but argument is of type 'const char *'
  464 | void LoadSkyboxPalette(SkyboxContext* skyboxCtx, int paletteIndex, char* palTex, int width, int height) {
      |                                                                    ~~~~~~^~~~~~
/home/david/Documents/RockBox_Personal-master/devsrc/nano-soh-runtime/Shipwright/soh/src/code/z_vr_box.c:619:52: warning: passing argument 4 of 'LoadSkyboxTexAtOffset' discards 'const' qualifier from pointer target type [-Wdiscarded-qualifiers]
  619 |             LoadSkyboxTexAtOffset(skyboxCtx, 0, 0, gSunsetOvercastSkybox1Tex, 128, 64, 0x0);
      |                                                    ^~~~~~~~~~~~~~~~~~~~~~~~~
/home/david/Documents/RockBox_Personal-master/devsrc/nano-soh-runtime/Shipwright/soh/src/code/z_vr_box.c:459:94: note: expected 'char *' but argument is of type 'const char *'
  459 | void LoadSkyboxTexAtOffset(SkyboxContext* skyboxCtx, int segmentIndex, int imageIndex, char* tex, int width, int height,
      |                                                                                        ~~~~~~^~~
/home/david/Documents/RockBox_Personal-master/devsrc/nano-soh-runtime/Shipwright/soh/src/code/z_vr_box.c:620:52: warning: passing argument 4 of 'LoadSkyboxTexAtOffset' discards 'const' qualifier from pointer target type [-Wdiscarded-qualifiers]
  620 |             LoadSkyboxTexAtOffset(skyboxCtx, 0, 1, gSunsetOvercastSkybox2Tex, 128, 64, 0x2000);
      |                                                    ^~~~~~~~~~~~~~~~~~~~~~~~~
/home/david/Documents/RockBox_Personal-master/devsrc/nano-soh-runtime/Shipwright/soh/src/code/z_vr_box.c:459:94: note: expected 'char *' but argument is of type 'const char *'
  459 | void LoadSkyboxTexAtOffset(SkyboxContext* skyboxCtx, int segmentIndex, int imageIndex, char* tex, int width, int height,
      |                                                                                        ~~~~~~^~~
/home/david/Documents/RockBox_Personal-master/devsrc/nano-soh-runtime/Shipwright/soh/src/code/z_vr_box.c:621:52: warning: passing argument 4 of 'LoadSkyboxTexAtOffset' discards 'const' qualifier from pointer target type [-Wdiscarded-qualifiers]
  621 |             LoadSkyboxTexAtOffset(skyboxCtx, 0, 2, gSunsetOvercastSkybox3Tex, 128, 64, 0x4000);
      |                                                    ^~~~~~~~~~~~~~~~~~~~~~~~~
/home/david/Documents/RockBox_Personal-master/devsrc/nano-soh-runtime/Shipwright/soh/src/code/z_vr_box.c:459:94: note: expected 'char *' but argument is of type 'const char *'
  459 | void LoadSkyboxTexAtOffset(SkyboxContext* skyboxCtx, int segmentIndex, int imageIndex, char* tex, int width, int height,
      |                                                                                        ~~~~~~^~~
/home/david/Documents/RockBox_Personal-master/devsrc/nano-soh-runtime/Shipwright/soh/src/code/z_vr_box.c:622:52: warning: passing argument 4 of 'LoadSkyboxTexAtOffset' discards 'const' qualifier from pointer target type [-Wdiscarded-qualifiers]
  622 |             LoadSkyboxTexAtOffset(skyboxCtx, 0, 3, gSunsetOvercastSkybox4Tex, 128, 64, 0x6000);
      |                                                    ^~~~~~~~~~~~~~~~~~~~~~~~~
/home/david/Documents/RockBox_Personal-master/devsrc/nano-soh-runtime/Shipwright/soh/src/code/z_vr_box.c:459:94: note: expected 'char *' but argument is of type 'const char *'
  459 | void LoadSkyboxTexAtOffset(SkyboxContext* skyboxCtx, int segmentIndex, int imageIndex, char* tex, int width, int height,
      |                                                                                        ~~~~~~^~~
/home/david/Documents/RockBox_Personal-master/devsrc/nano-soh-runtime/Shipwright/soh/src/code/z_vr_box.c:623:52: warning: passing argument 4 of 'LoadSkyboxTexAtOffset' discards 'const' qualifier from pointer target type [-Wdiscarded-qualifiers]
  623 |             LoadSkyboxTexAtOffset(skyboxCtx, 0, 4, gSunsetOvercastSkybox5Tex, 128, 128, 0x8000);
      |                                                    ^~~~~~~~~~~~~~~~~~~~~~~~~
/home/david/Documents/RockBox_Personal-master/devsrc/nano-soh-runtime/Shipwright/soh/src/code/z_vr_box.c:459:94: note: expected 'char *' but argument is of type 'const char *'
  459 | void LoadSkyboxTexAtOffset(SkyboxContext* skyboxCtx, int segmentIndex, int imageIndex, char* tex, int width, int height,
      |                                                                                        ~~~~~~^~~
/home/david/Documents/RockBox_Personal-master/devsrc/nano-soh-runtime/Shipwright/soh/src/code/z_vr_box.c:625:45: warning: passing argument 3 of 'LoadSkyboxPalette' discards 'const' qualifier from pointer target type [-Wdiscarded-qualifiers]
  625 |             LoadSkyboxPalette(skyboxCtx, 0, gSunsetOvercastSkyboxTLUT, 16, 8);
      |                                             ^~~~~~~~~~~~~~~~~~~~~~~~~
/home/david/Documents/RockBox_Personal-master/devsrc/nano-soh-runtime/Shipwright/soh/src/code/z_vr_box.c:464:74: note: expected 'char *' but argument is of type 'const char *'
  464 | void LoadSkyboxPalette(SkyboxContext* skyboxCtx, int paletteIndex, char* palTex, int width, int height) {
      |                                                                    ~~~~~~^~~~~~
/home/david/Documents/RockBox_Personal-master/devsrc/nano-soh-runtime/Shipwright/soh/src/code/z_vr_box.c:631:52: warning: passing argument 4 of 'LoadSkyboxTexAtOffset' discards 'const' qualifier from pointer target type [-Wdiscarded-qualifiers]
  631 |             LoadSkyboxTexAtOffset(skyboxCtx, 1, 0, gSunsetOvercastSkybox1Tex, 128, 64, 0x0);
      |                                                    ^~~~~~~~~~~~~~~~~~~~~~~~~
/home/david/Documents/RockBox_Personal-master/devsrc/nano-soh-runtime/Shipwright/soh/src/code/z_vr_box.c:459:94: note: expected 'char *' but argument is of type 'const char *'
  459 | void LoadSkyboxTexAtOffset(SkyboxContext* skyboxCtx, int segmentIndex, int imageIndex, char* tex, int width, int height,
      |                                                                                        ~~~~~~^~~
/home/david/Documents/RockBox_Personal-master/devsrc/nano-soh-runtime/Shipwright/soh/src/code/z_vr_box.c:632:52: warning: passing argument 4 of 'LoadSkyboxTexAtOffset' discards 'const' qualifier from pointer target type [-Wdiscarded-qualifiers]
  632 |             LoadSkyboxTexAtOffset(skyboxCtx, 1, 1, gSunsetOvercastSkybox2Tex, 128, 64, 0x2000);
      |                                                    ^~~~~~~~~~~~~~~~~~~~~~~~~
/home/david/Documents/RockBox_Personal-master/devsrc/nano-soh-runtime/Shipwright/soh/src/code/z_vr_box.c:459:94: note: expected 'char *' but argument is of type 'const char *'
  459 | void LoadSkyboxTexAtOffset(SkyboxContext* skyboxCtx, int segmentIndex, int imageIndex, char* tex, int width, int height,
      |                                                                                        ~~~~~~^~~
/home/david/Documents/RockBox_Personal-master/devsrc/nano-soh-runtime/Shipwright/soh/src/code/z_vr_box.c:633:52: warning: passing argument 4 of 'LoadSkyboxTexAtOffset' discards 'const' qualifier from pointer target type [-Wdiscarded-qualifiers]
  633 |             LoadSkyboxTexAtOffset(skyboxCtx, 1, 2, gSunsetOvercastSkybox3Tex, 128, 64, 0x4000);
      |                                                    ^~~~~~~~~~~~~~~~~~~~~~~~~
/home/david/Documents/RockBox_Personal-master/devsrc/nano-soh-runtime/Shipwright/soh/src/code/z_vr_box.c:459:94: note: expected 'char *' but argument is of type 'const char *'
  459 | void LoadSkyboxTexAtOffset(SkyboxContext* skyboxCtx, int segmentIndex, int imageIndex, char* tex, int width, int height,
      |                                                                                        ~~~~~~^~~
/home/david/Documents/RockBox_Personal-master/devsrc/nano-soh-runtime/Shipwright/soh/src/code/z_vr_box.c:634:52: warning: passing argument 4 of 'LoadSkyboxTexAtOffset' discards 'const' qualifier from pointer target type [-Wdiscarded-qualifiers]
  634 |             LoadSkyboxTexAtOffset(skyboxCtx, 1, 3, gSunsetOvercastSkybox4Tex, 128, 64, 0x6000);
      |                                                    ^~~~~~~~~~~~~~~~~~~~~~~~~
/home/david/Documents/RockBox_Personal-master/devsrc/nano-soh-runtime/Shipwright/soh/src/code/z_vr_box.c:459:94: note: expected 'char *' but argument is of type 'const char *'
  459 | void LoadSkyboxTexAtOffset(SkyboxContext* skyboxCtx, int segmentIndex, int imageIndex, char* tex, int width, int height,
      |                                                                                        ~~~~~~^~~
/home/david/Documents/RockBox_Personal-master/devsrc/nano-soh-runtime/Shipwright/soh/src/code/z_vr_box.c:635:52: warning: passing argument 4 of 'LoadSkyboxTexAtOffset' discards 'const' qualifier from pointer target type [-Wdiscarded-qualifiers]
  635 |             LoadSkyboxTexAtOffset(skyboxCtx, 1, 4, gSunsetOvercastSkybox5Tex, 128, 128, 0x8000);
      |                                                    ^~~~~~~~~~~~~~~~~~~~~~~~~
/home/david/Documents/RockBox_Personal-master/devsrc/nano-soh-runtime/Shipwright/soh/src/code/z_vr_box.c:459:94: note: expected 'char *' but argument is of type 'const char *'
  459 | void LoadSkyboxTexAtOffset(SkyboxContext* skyboxCtx, int segmentIndex, int imageIndex, char* tex, int width, int height,
      |                                                                                        ~~~~~~^~~
/home/david/Documents/RockBox_Personal-master/devsrc/nano-soh-runtime/Shipwright/soh/src/code/z_vr_box.c:637:45: warning: passing argument 3 of 'LoadSkyboxPalette' discards 'const' qualifier from pointer target type [-Wdiscarded-qualifiers]
  637 |             LoadSkyboxPalette(skyboxCtx, 1, gSunsetOvercastSkyboxTLUT, 16, 8);
      |                                             ^~~~~~~~~~~~~~~~~~~~~~~~~
/home/david/Documents/RockBox_Personal-master/devsrc/nano-soh-runtime/Shipwright/soh/src/code/z_vr_box.c:464:74: note: expected 'char *' but argument is of type 'const char *'
  464 | void LoadSkyboxPalette(SkyboxContext* skyboxCtx, int paletteIndex, char* palTex, int width, int height) {
      |                                                                    ~~~~~~^~~~~~
/home/david/Documents/RockBox_Personal-master/devsrc/nano-soh-runtime/Shipwright/soh/src/code/z_vr_box.c:642:44: warning: passing argument 4 of 'LoadSkyboxTex' discards 'const' qualifier from pointer target type [-Wdiscarded-qualifiers]
  642 |             LoadSkyboxTex(skyboxCtx, 0, 0, gMarketRuinsBgTex, 256, 256, 256, 256);
      |                                            ^~~~~~~~~~~~~~~~~
/home/david/Documents/RockBox_Personal-master/devsrc/nano-soh-runtime/Shipwright/soh/src/code/z_vr_box.c:454:86: note: expected 'char *' but argument is of type 'const char *'
  454 | void LoadSkyboxTex(SkyboxContext* skyboxCtx, int segmentIndex, int imageIndex, char* tex, int width, int height,
      |                                                                                ~~~~~~^~~
/home/david/Documents/RockBox_Personal-master/devsrc/nano-soh-runtime/Shipwright/soh/src/code/z_vr_box.c:643:44: warning: passing argument 4 of 'LoadSkyboxTex' discards 'const' qualifier from pointer target type [-Wdiscarded-qualifiers]
  643 |             LoadSkyboxTex(skyboxCtx, 0, 1, gMarketRuins2BgTex, 256, 256, 256, 256);
      |                                            ^~~~~~~~~~~~~~~~~~
/home/david/Documents/RockBox_Personal-master/devsrc/nano-soh-runtime/Shipwright/soh/src/code/z_vr_box.c:454:86: note: expected 'char *' but argument is of type 'const char *'
  454 | void LoadSkyboxTex(SkyboxContext* skyboxCtx, int segmentIndex, int imageIndex, char* tex, int width, int height,
      |                                                                                ~~~~~~^~~
/home/david/Documents/RockBox_Personal-master/devsrc/nano-soh-runtime/Shipwright/soh/src/code/z_vr_box.c:644:44: warning: passing argument 4 of 'LoadSkyboxTex' discards 'const' qualifier from pointer target type [-Wdiscarded-qualifiers]
  644 |             LoadSkyboxTex(skyboxCtx, 0, 2, gMarketRuins3BgTex, 256, 256, 256, 256);
      |                                            ^~~~~~~~~~~~~~~~~~
/home/david/Documents/RockBox_Personal-master/devsrc/nano-soh-runtime/Shipwright/soh/src/code/z_vr_box.c:454:86: note: expected 'char *' but argument is of type 'const char *'
  454 | void LoadSkyboxTex(SkyboxContext* skyboxCtx, int segmentIndex, int imageIndex, char* tex, int width, int height,
      |                                                                                ~~~~~~^~~
/home/david/Documents/RockBox_Personal-master/devsrc/nano-soh-runtime/Shipwright/soh/src/code/z_vr_box.c:645:44: warning: passing argument 4 of 'LoadSkyboxTex' discards 'const' qualifier from pointer target type [-Wdiscarded-qualifiers]
  645 |             LoadSkyboxTex(skyboxCtx, 0, 3, gMarketRuins4BgTex, 256, 256, 256, 256);
      |                                            ^~~~~~~~~~~~~~~~~~
/home/david/Documents/RockBox_Personal-master/devsrc/nano-soh-runtime/Shipwright/soh/src/code/z_vr_box.c:454:86: note: expected 'char *' but argument is of type 'const char *'
  454 | void LoadSkyboxTex(SkyboxContext* skyboxCtx, int segmentIndex, int imageIndex, char* tex, int width, int height,
      |                                                                                ~~~~~~^~~
/home/david/Documents/RockBox_Personal-master/devsrc/nano-soh-runtime/Shipwright/soh/src/code/z_vr_box.c:647:45: warning: passing argument 3 of 'LoadSkyboxPalette' discards 'const' qualifier from pointer target type [-Wdiscarded-qualifiers]
  647 |             LoadSkyboxPalette(skyboxCtx, 0, gMarketRuinsBgTLUT, 16, 16);
      |                                             ^~~~~~~~~~~~~~~~~~
/home/david/Documents/RockBox_Personal-master/devsrc/nano-soh-runtime/Shipwright/soh/src/code/z_vr_box.c:464:74: note: expected 'char *' but argument is of type 'const char *'
  464 | void LoadSkyboxPalette(SkyboxContext* skyboxCtx, int paletteIndex, char* palTex, int width, int height) {
      |                                                                    ~~~~~~^~~~~~
/home/david/Documents/RockBox_Personal-master/devsrc/nano-soh-runtime/Shipwright/soh/src/code/z_vr_box.c:648:45: warning: passing argument 3 of 'LoadSkyboxPalette' discards 'const' qualifier from pointer target type [-Wdiscarded-qualifiers]
  648 |             LoadSkyboxPalette(skyboxCtx, 1, gMarketRuinsBg2TLUT, 16, 16);
      |                                             ^~~~~~~~~~~~~~~~~~~
/home/david/Documents/RockBox_Personal-master/devsrc/nano-soh-runtime/Shipwright/soh/src/code/z_vr_box.c:464:74: note: expected 'char *' but argument is of type 'const char *'
  464 | void LoadSkyboxPalette(SkyboxContext* skyboxCtx, int paletteIndex, char* palTex, int width, int height) {
      |                                                                    ~~~~~~^~~~~~
/home/david/Documents/RockBox_Personal-master/devsrc/nano-soh-runtime/Shipwright/soh/src/code/z_vr_box.c:649:45: warning: passing argument 3 of 'LoadSkyboxPalette' discards 'const' qualifier from pointer target type [-Wdiscarded-qualifiers]
  649 |             LoadSkyboxPalette(skyboxCtx, 2, gMarketRuinsBg3TLUT, 16, 16);
      |                                             ^~~~~~~~~~~~~~~~~~~
/home/david/Documents/RockBox_Personal-master/devsrc/nano-soh-runtime/Shipwright/soh/src/code/z_vr_box.c:464:74: note: expected 'char *' but argument is of type 'const char *'
  464 | void LoadSkyboxPalette(SkyboxContext* skyboxCtx, int paletteIndex, char* palTex, int width, int height) {
      |                                                                    ~~~~~~^~~~~~
/home/david/Documents/RockBox_Personal-master/devsrc/nano-soh-runtime/Shipwright/soh/src/code/z_vr_box.c:650:45: warning: passing argument 3 of 'LoadSkyboxPalette' discards 'const' qualifier from pointer target type [-Wdiscarded-qualifiers]
  650 |             LoadSkyboxPalette(skyboxCtx, 3, gMarketRuinsBg4TLUT, 16, 16);
      |                                             ^~~~~~~~~~~~~~~~~~~
/home/david/Documents/RockBox_Personal-master/devsrc/nano-soh-runtime/Shipwright/soh/src/code/z_vr_box.c:464:74: note: expected 'char *' but argument is of type 'const char *'
  464 | void LoadSkyboxPalette(SkyboxContext* skyboxCtx, int paletteIndex, char* palTex, int width, int height) {
      |                                                                    ~~~~~~^~~~~~
/home/david/Documents/RockBox_Personal-master/devsrc/nano-soh-runtime/Shipwright/soh/src/code/z_vr_box.c:653:52: warning: passing argument 4 of 'LoadSkyboxTexAtOffset' discards 'const' qualifier from pointer target type [-Wdiscarded-qualifiers]
  653 |             LoadSkyboxTexAtOffset(skyboxCtx, 0, 0, gHoly0Skybox1Tex, 128, 64, 0x0);
      |                                                    ^~~~~~~~~~~~~~~~
/home/david/Documents/RockBox_Personal-master/devsrc/nano-soh-runtime/Shipwright/soh/src/code/z_vr_box.c:459:94: note: expected 'char *' but argument is of type 'const char *'
  459 | void LoadSkyboxTexAtOffset(SkyboxContext* skyboxCtx, int segmentIndex, int imageIndex, char* tex, int width, int height,
      |                                                                                        ~~~~~~^~~
/home/david/Documents/RockBox_Personal-master/devsrc/nano-soh-runtime/Shipwright/soh/src/code/z_vr_box.c:654:52: warning: passing argument 4 of 'LoadSkyboxTexAtOffset' discards 'const' qualifier from pointer target type [-Wdiscarded-qualifiers]
  654 |             LoadSkyboxTexAtOffset(skyboxCtx, 0, 1, gHoly0Skybox2Tex, 128, 64, 0x2000);
      |                                                    ^~~~~~~~~~~~~~~~
/home/david/Documents/RockBox_Personal-master/devsrc/nano-soh-runtime/Shipwright/soh/src/code/z_vr_box.c:459:94: note: expected 'char *' but argument is of type 'const char *'
  459 | void LoadSkyboxTexAtOffset(SkyboxContext* skyboxCtx, int segmentIndex, int imageIndex, char* tex, int width, int height,
      |                                                                                        ~~~~~~^~~
/home/david/Documents/RockBox_Personal-master/devsrc/nano-soh-runtime/Shipwright/soh/src/code/z_vr_box.c:655:52: warning: passing argument 4 of 'LoadSkyboxTexAtOffset' discards 'const' qualifier from pointer target type [-Wdiscarded-qualifiers]
  655 |             LoadSkyboxTexAtOffset(skyboxCtx, 0, 2, gHoly0Skybox3Tex, 128, 64, 0x4000);
      |                                                    ^~~~~~~~~~~~~~~~
/home/david/Documents/RockBox_Personal-master/devsrc/nano-soh-runtime/Shipwright/soh/src/code/z_vr_box.c:459:94: note: expected 'char *' but argument is of type 'const char *'
  459 | void LoadSkyboxTexAtOffset(SkyboxContext* skyboxCtx, int segmentIndex, int imageIndex, char* tex, int width, int height,
      |                                                                                        ~~~~~~^~~
/home/david/Documents/RockBox_Personal-master/devsrc/nano-soh-runtime/Shipwright/soh/src/code/z_vr_box.c:656:52: warning: passing argument 4 of 'LoadSkyboxTexAtOffset' discards 'const' qualifier from pointer target type [-Wdiscarded-qualifiers]
  656 |             LoadSkyboxTexAtOffset(skyboxCtx, 0, 3, gHoly0Skybox4Tex, 128, 64, 0x6000);
      |                                                    ^~~~~~~~~~~~~~~~
/home/david/Documents/RockBox_Personal-master/devsrc/nano-soh-runtime/Shipwright/soh/src/code/z_vr_box.c:459:94: note: expected 'char *' but argument is of type 'const char *'
  459 | void LoadSkyboxTexAtOffset(SkyboxContext* skyboxCtx, int segmentIndex, int imageIndex, char* tex, int width, int height,
      |                                                                                        ~~~~~~^~~
/home/david/Documents/RockBox_Personal-master/devsrc/nano-soh-runtime/Shipwright/soh/src/code/z_vr_box.c:657:52: warning: passing argument 4 of 'LoadSkyboxTexAtOffset' discards 'const' qualifier from pointer target type [-Wdiscarded-qualifiers]
  657 |             LoadSkyboxTexAtOffset(skyboxCtx, 0, 4, gHoly0Skybox5Tex, 128, 128, 0x8000);
      |                                                    ^~~~~~~~~~~~~~~~
/home/david/Documents/RockBox_Personal-master/devsrc/nano-soh-runtime/Shipwright/soh/src/code/z_vr_box.c:459:94: note: expected 'char *' but argument is of type 'const char *'
  459 | void LoadSkyboxTexAtOffset(SkyboxContext* skyboxCtx, int segmentIndex, int imageIndex, char* tex, int width, int height,
      |                                                                                        ~~~~~~^~~
/home/david/Documents/RockBox_Personal-master/devsrc/nano-soh-runtime/Shipwright/soh/src/code/z_vr_box.c:658:52: warning: passing argument 4 of 'LoadSkyboxTexAtOffset' discards 'const' qualifier from pointer target type [-Wdiscarded-qualifiers]
  658 |             LoadSkyboxTexAtOffset(skyboxCtx, 0, 5, gHoly0Skybox6Tex, 128, 128, 0xC000);
      |                                                    ^~~~~~~~~~~~~~~~
/home/david/Documents/RockBox_Personal-master/devsrc/nano-soh-runtime/Shipwright/soh/src/code/z_vr_box.c:459:94: note: expected 'char *' but argument is of type 'const char *'
  459 | void LoadSkyboxTexAtOffset(SkyboxContext* skyboxCtx, int segmentIndex, int imageIndex, char* tex, int width, int height,
      |                                                                                        ~~~~~~^~~
/home/david/Documents/RockBox_Personal-master/devsrc/nano-soh-runtime/Shipwright/soh/src/code/z_vr_box.c:660:45: warning: passing argument 3 of 'LoadSkyboxPalette' discards 'const' qualifier from pointer target type [-Wdiscarded-qualifiers]
  660 |             LoadSkyboxPalette(skyboxCtx, 0, gHoly0SkyboxTLUT, 16, 8);
      |                                             ^~~~~~~~~~~~~~~~
/home/david/Documents/RockBox_Personal-master/devsrc/nano-soh-runtime/Shipwright/soh/src/code/z_vr_box.c:464:74: note: expected 'char *' but argument is of type 'const char *'
  464 | void LoadSkyboxPalette(SkyboxContext* skyboxCtx, int paletteIndex, char* palTex, int width, int height) {
      |                                                                    ~~~~~~^~~~~~
/home/david/Documents/RockBox_Personal-master/devsrc/nano-soh-runtime/Shipwright/soh/src/code/z_vr_box.c:662:52: warning: passing argument 4 of 'LoadSkyboxTexAtOffset' discards 'const' qualifier from pointer target type [-Wdiscarded-qualifiers]
  662 |             LoadSkyboxTexAtOffset(skyboxCtx, 1, 0, gHoly1Skybox1Tex, 128, 64, 0x0);
      |                                                    ^~~~~~~~~~~~~~~~
/home/david/Documents/RockBox_Personal-master/devsrc/nano-soh-runtime/Shipwright/soh/src/code/z_vr_box.c:459:94: note: expected 'char *' but argument is of type 'const char *'
  459 | void LoadSkyboxTexAtOffset(SkyboxContext* skyboxCtx, int segmentIndex, int imageIndex, char* tex, int width, int height,
      |                                                                                        ~~~~~~^~~
/home/david/Documents/RockBox_Personal-master/devsrc/nano-soh-runtime/Shipwright/soh/src/code/z_vr_box.c:663:52: warning: passing argument 4 of 'LoadSkyboxTexAtOffset' discards 'const' qualifier from pointer target type [-Wdiscarded-qualifiers]
  663 |             LoadSkyboxTexAtOffset(skyboxCtx, 1, 1, gHoly1Skybox2Tex, 128, 64, 0x2000);
      |                                                    ^~~~~~~~~~~~~~~~
/home/david/Documents/RockBox_Personal-master/devsrc/nano-soh-runtime/Shipwright/soh/src/code/z_vr_box.c:459:94: note: expected 'char *' but argument is of type 'const char *'
  459 | void LoadSkyboxTexAtOffset(SkyboxContext* skyboxCtx, int segmentIndex, int imageIndex, char* tex, int width, int height,
      |                                                                                        ~~~~~~^~~
/home/david/Documents/RockBox_Personal-master/devsrc/nano-soh-runtime/Shipwright/soh/src/code/z_vr_box.c:664:52: warning: passing argument 4 of 'LoadSkyboxTexAtOffset' discards 'const' qualifier from pointer target type [-Wdiscarded-qualifiers]
  664 |             LoadSkyboxTexAtOffset(skyboxCtx, 1, 2, gHoly1Skybox3Tex, 128, 64, 0x4000);
      |                                                    ^~~~~~~~~~~~~~~~
/home/david/Documents/RockBox_Personal-master/devsrc/nano-soh-runtime/Shipwright/soh/src/code/z_vr_box.c:459:94: note: expected 'char *' but argument is of type 'const char *'
  459 | void LoadSkyboxTexAtOffset(SkyboxContext* skyboxCtx, int segmentIndex, int imageIndex, char* tex, int width, int height,
      |                                                                                        ~~~~~~^~~
/home/david/Documents/RockBox_Personal-master/devsrc/nano-soh-runtime/Shipwright/soh/src/code/z_vr_box.c:665:52: warning: passing argument 4 of 'LoadSkyboxTexAtOffset' discards 'const' qualifier from pointer target type [-Wdiscarded-qualifiers]
  665 |             LoadSkyboxTexAtOffset(skyboxCtx, 1, 3, gHoly1Skybox4Tex, 128, 64, 0x6000);
      |                                                    ^~~~~~~~~~~~~~~~
/home/david/Documents/RockBox_Personal-master/devsrc/nano-soh-runtime/Shipwright/soh/src/code/z_vr_box.c:459:94: note: expected 'char *' but argument is of type 'const char *'
  459 | void LoadSkyboxTexAtOffset(SkyboxContext* skyboxCtx, int segmentIndex, int imageIndex, char* tex, int width, int height,
      |                                                                                        ~~~~~~^~~
/home/david/Documents/RockBox_Personal-master/devsrc/nano-soh-runtime/Shipwright/soh/src/code/z_vr_box.c:666:52: warning: passing argument 4 of 'LoadSkyboxTexAtOffset' discards 'const' qualifier from pointer target type [-Wdiscarded-qualifiers]
  666 |             LoadSkyboxTexAtOffset(skyboxCtx, 1, 4, gHoly1Skybox5Tex, 128, 128, 0x8000);
      |                                                    ^~~~~~~~~~~~~~~~
/home/david/Documents/RockBox_Personal-master/devsrc/nano-soh-runtime/Shipwright/soh/src/code/z_vr_box.c:459:94: note: expected 'char *' but argument is of type 'const char *'
  459 | void LoadSkyboxTexAtOffset(SkyboxContext* skyboxCtx, int segmentIndex, int imageIndex, char* tex, int width, int height,
      |                                                                                        ~~~~~~^~~
/home/david/Documents/RockBox_Personal-master/devsrc/nano-soh-runtime/Shipwright/soh/src/code/z_vr_box.c:667:52: warning: passing argument 4 of 'LoadSkyboxTexAtOffset' discards 'const' qualifier from pointer target type [-Wdiscarded-qualifiers]
  667 |             LoadSkyboxTexAtOffset(skyboxCtx, 1, 5, gHoly1Skybox6Tex, 128, 128, 0xC000);
      |                                                    ^~~~~~~~~~~~~~~~
/home/david/Documents/RockBox_Personal-master/devsrc/nano-soh-runtime/Shipwright/soh/src/code/z_vr_box.c:459:94: note: expected 'char *' but argument is of type 'const char *'
  459 | void LoadSkyboxTexAtOffset(SkyboxContext* skyboxCtx, int segmentIndex, int imageIndex, char* tex, int width, int height,
      |                                                                                        ~~~~~~^~~
/home/david/Documents/RockBox_Personal-master/devsrc/nano-soh-runtime/Shipwright/soh/src/code/z_vr_box.c:669:45: warning: passing argument 3 of 'LoadSkyboxPalette' discards 'const' qualifier from pointer target type [-Wdiscarded-qualifiers]
  669 |             LoadSkyboxPalette(skyboxCtx, 1, gHoly1SkyboxTLUT, 16, 8);
      |                                             ^~~~~~~~~~~~~~~~
/home/david/Documents/RockBox_Personal-master/devsrc/nano-soh-runtime/Shipwright/soh/src/code/z_vr_box.c:464:74: note: expected 'char *' but argument is of type 'const char *'
  464 | void LoadSkyboxPalette(SkyboxContext* skyboxCtx, int paletteIndex, char* palTex, int width, int height) {
      |                                                                    ~~~~~~^~~~~~
/home/david/Documents/RockBox_Personal-master/devsrc/nano-soh-runtime/Shipwright/soh/src/code/z_vr_box.c:674:44: warning: passing argument 4 of 'LoadSkyboxTex' discards 'const' qualifier from pointer target type [-Wdiscarded-qualifiers]
  674 |             LoadSkyboxTex(skyboxCtx, 0, 0, gMarketDayBgTex, 256, 256, 256, 256);
      |                                            ^~~~~~~~~~~~~~~
/home/david/Documents/RockBox_Personal-master/devsrc/nano-soh-runtime/Shipwright/soh/src/code/z_vr_box.c:454:86: note: expected 'char *' but argument is of type 'const char *'
  454 | void LoadSkyboxTex(SkyboxContext* skyboxCtx, int segmentIndex, int imageIndex, char* tex, int width, int height,
      |                                                                                ~~~~~~^~~
/home/david/Documents/RockBox_Personal-master/devsrc/nano-soh-runtime/Shipwright/soh/src/code/z_vr_box.c:675:44: warning: passing argument 4 of 'LoadSkyboxTex' discards 'const' qualifier from pointer target type [-Wdiscarded-qualifiers]
  675 |             LoadSkyboxTex(skyboxCtx, 0, 1, gMarketDay2BgTex, 256, 256, 256, 256);
      |                                            ^~~~~~~~~~~~~~~~
/home/david/Documents/RockBox_Personal-master/devsrc/nano-soh-runtime/Shipwright/soh/src/code/z_vr_box.c:454:86: note: expected 'char *' but argument is of type 'const char *'
  454 | void LoadSkyboxTex(SkyboxContext* skyboxCtx, int segmentIndex, int imageIndex, char* tex, int width, int height,
      |                                                                                ~~~~~~^~~
/home/david/Documents/RockBox_Personal-master/devsrc/nano-soh-runtime/Shipwright/soh/src/code/z_vr_box.c:676:44: warning: passing argument 4 of 'LoadSkyboxTex' discards 'const' qualifier from pointer target type [-Wdiscarded-qualifiers]
  676 |             LoadSkyboxTex(skyboxCtx, 0, 2, gMarketDay3BgTex, 256, 256, 256, 256);
      |                                            ^~~~~~~~~~~~~~~~
/home/david/Documents/RockBox_Personal-master/devsrc/nano-soh-runtime/Shipwright/soh/src/code/z_vr_box.c:454:86: note: expected 'char *' but argument is of type 'const char *'
  454 | void LoadSkyboxTex(SkyboxContext* skyboxCtx, int segmentIndex, int imageIndex, char* tex, int width, int height,
      |                                                                                ~~~~~~^~~
/home/david/Documents/RockBox_Personal-master/devsrc/nano-soh-runtime/Shipwright/soh/src/code/z_vr_box.c:677:44: warning: passing argument 4 of 'LoadSkyboxTex' discards 'const' qualifier from pointer target type [-Wdiscarded-qualifiers]
  677 |             LoadSkyboxTex(skyboxCtx, 0, 3, gMarketDay4BgTex, 256, 256, 256, 256);
      |                                            ^~~~~~~~~~~~~~~~
/home/david/Documents/RockBox_Personal-master/devsrc/nano-soh-runtime/Shipwright/soh/src/code/z_vr_box.c:454:86: note: expected 'char *' but argument is of type 'const char *'
  454 | void LoadSkyboxTex(SkyboxContext* skyboxCtx, int segmentIndex, int imageIndex, char* tex, int width, int height,
      |                                                                                ~~~~~~^~~
/home/david/Documents/RockBox_Personal-master/devsrc/nano-soh-runtime/Shipwright/soh/src/code/z_vr_box.c:679:45: warning: passing argument 3 of 'LoadSkyboxPalette' discards 'const' qualifier from pointer target type [-Wdiscarded-qualifiers]
  679 |             LoadSkyboxPalette(skyboxCtx, 0, gMarketDayBgTLUT, 16, 16);
      |                                             ^~~~~~~~~~~~~~~~
/home/david/Documents/RockBox_Personal-master/devsrc/nano-soh-runtime/Shipwright/soh/src/code/z_vr_box.c:464:74: note: expected 'char *' but argument is of type 'const char *'
  464 | void LoadSkyboxPalette(SkyboxContext* skyboxCtx, int paletteIndex, char* palTex, int width, int height) {
      |                                                                    ~~~~~~^~~~~~
/home/david/Documents/RockBox_Personal-master/devsrc/nano-soh-runtime/Shipwright/soh/src/code/z_vr_box.c:680:45: warning: passing argument 3 of 'LoadSkyboxPalette' discards 'const' qualifier from pointer target type [-Wdiscarded-qualifiers]
  680 |             LoadSkyboxPalette(skyboxCtx, 1, gMarketDayBg2TLUT, 16, 16);
      |                                             ^~~~~~~~~~~~~~~~~
/home/david/Documents/RockBox_Personal-master/devsrc/nano-soh-runtime/Shipwright/soh/src/code/z_vr_box.c:464:74: note: expected 'char *' but argument is of type 'const char *'
  464 | void LoadSkyboxPalette(SkyboxContext* skyboxCtx, int paletteIndex, char* palTex, int width, int height) {
      |                                                                    ~~~~~~^~~~~~
/home/david/Documents/RockBox_Personal-master/devsrc/nano-soh-runtime/Shipwright/soh/src/code/z_vr_box.c:681:45: warning: passing argument 3 of 'LoadSkyboxPalette' discards 'const' qualifier from pointer target type [-Wdiscarded-qualifiers]
  681 |             LoadSkyboxPalette(skyboxCtx, 2, gMarketDayBg3TLUT, 16, 16);
      |                                             ^~~~~~~~~~~~~~~~~
/home/david/Documents/RockBox_Personal-master/devsrc/nano-soh-runtime/Shipwright/soh/src/code/z_vr_box.c:464:74: note: expected 'char *' but argument is of type 'const char *'
  464 | void LoadSkyboxPalette(SkyboxContext* skyboxCtx, int paletteIndex, char* palTex, int width, int height) {
      |                                                                    ~~~~~~^~~~~~
/home/david/Documents/RockBox_Personal-master/devsrc/nano-soh-runtime/Shipwright/soh/src/code/z_vr_box.c:682:45: warning: passing argument 3 of 'LoadSkyboxPalette' discards 'const' qualifier from pointer target type [-Wdiscarded-qualifiers]
  682 |             LoadSkyboxPalette(skyboxCtx, 3, gMarketDayBg4TLUT, 16, 16);
      |                                             ^~~~~~~~~~~~~~~~~
/home/david/Documents/RockBox_Personal-master/devsrc/nano-soh-runtime/Shipwright/soh/src/code/z_vr_box.c:464:74: note: expected 'char *' but argument is of type 'const char *'
  464 | void LoadSkyboxPalette(SkyboxContext* skyboxCtx, int paletteIndex, char* palTex, int width, int height) {
      |                                                                    ~~~~~~^~~~~~
/home/david/Documents/RockBox_Personal-master/devsrc/nano-soh-runtime/Shipwright/soh/src/code/z_vr_box.c:687:44: warning: passing argument 4 of 'LoadSkyboxTex' discards 'const' qualifier from pointer target type [-Wdiscarded-qualifiers]
  687 |             LoadSkyboxTex(skyboxCtx, 0, 0, gMarketNightBgTex, 256, 256, 256, 256);
      |                                            ^~~~~~~~~~~~~~~~~
/home/david/Documents/RockBox_Personal-master/devsrc/nano-soh-runtime/Shipwright/soh/src/code/z_vr_box.c:454:86: note: expected 'char *' but argument is of type 'const char *'
  454 | void LoadSkyboxTex(SkyboxContext* skyboxCtx, int segmentIndex, int imageIndex, char* tex, int width, int height,
      |                                                                                ~~~~~~^~~
/home/david/Documents/RockBox_Personal-master/devsrc/nano-soh-runtime/Shipwright/soh/src/code/z_vr_box.c:688:44: warning: passing argument 4 of 'LoadSkyboxTex' discards 'const' qualifier from pointer target type [-Wdiscarded-qualifiers]
  688 |             LoadSkyboxTex(skyboxCtx, 0, 1, gMarketNight2BgTex, 256, 256, 256, 256);
      |                                            ^~~~~~~~~~~~~~~~~~
/home/david/Documents/RockBox_Personal-master/devsrc/nano-soh-runtime/Shipwright/soh/src/code/z_vr_box.c:454:86: note: expected 'char *' but argument is of type 'const char *'
  454 | void LoadSkyboxTex(SkyboxContext* skyboxCtx, int segmentIndex, int imageIndex, char* tex, int width, int height,
      |                                                                                ~~~~~~^~~
/home/david/Documents/RockBox_Personal-master/devsrc/nano-soh-runtime/Shipwright/soh/src/code/z_vr_box.c:689:44: warning: passing argument 4 of 'LoadSkyboxTex' discards 'const' qualifier from pointer target type [-Wdiscarded-qualifiers]
  689 |             LoadSkyboxTex(skyboxCtx, 0, 2, gMarketNight3BgTex, 256, 256, 256, 256);
      |                                            ^~~~~~~~~~~~~~~~~~
/home/david/Documents/RockBox_Personal-master/devsrc/nano-soh-runtime/Shipwright/soh/src/code/z_vr_box.c:454:86: note: expected 'char *' but argument is of type 'const char *'
  454 | void LoadSkyboxTex(SkyboxContext* skyboxCtx, int segmentIndex, int imageIndex, char* tex, int width, int height,
      |                                                                                ~~~~~~^~~
/home/david/Documents/RockBox_Personal-master/devsrc/nano-soh-runtime/Shipwright/soh/src/code/z_vr_box.c:690:44: warning: passing argument 4 of 'LoadSkyboxTex' discards 'const' qualifier from pointer target type [-Wdiscarded-qualifiers]
  690 |             LoadSkyboxTex(skyboxCtx, 0, 3, gMarketNight4BgTex, 256, 256, 256, 256);
      |                                            ^~~~~~~~~~~~~~~~~~
/home/david/Documents/RockBox_Personal-master/devsrc/nano-soh-runtime/Shipwright/soh/src/code/z_vr_box.c:454:86: note: expected 'char *' but argument is of type 'const char *'
  454 | void LoadSkyboxTex(SkyboxContext* skyboxCtx, int segmentIndex, int imageIndex, char* tex, int width, int height,
      |                                                                                ~~~~~~^~~
/home/david/Documents/RockBox_Personal-master/devsrc/nano-soh-runtime/Shipwright/soh/src/code/z_vr_box.c:692:45: warning: passing argument 3 of 'LoadSkyboxPalette' discards 'const' qualifier from pointer target type [-Wdiscarded-qualifiers]
  692 |             LoadSkyboxPalette(skyboxCtx, 0, gMarketNightBgTLUT, 16, 16);
      |                                             ^~~~~~~~~~~~~~~~~~
/home/david/Documents/RockBox_Personal-master/devsrc/nano-soh-runtime/Shipwright/soh/src/code/z_vr_box.c:464:74: note: expected 'char *' but argument is of type 'const char *'
  464 | void LoadSkyboxPalette(SkyboxContext* skyboxCtx, int paletteIndex, char* palTex, int width, int height) {
      |                                                                    ~~~~~~^~~~~~
/home/david/Documents/RockBox_Personal-master/devsrc/nano-soh-runtime/Shipwright/soh/src/code/z_vr_box.c:693:45: warning: passing argument 3 of 'LoadSkyboxPalette' discards 'const' qualifier from pointer target type [-Wdiscarded-qualifiers]
  693 |             LoadSkyboxPalette(skyboxCtx, 1, gMarketNightBg2TLUT, 16, 16);
      |                                             ^~~~~~~~~~~~~~~~~~~
/home/david/Documents/RockBox_Personal-master/devsrc/nano-soh-runtime/Shipwright/soh/src/code/z_vr_box.c:464:74: note: expected 'char *' but argument is of type 'const char *'
  464 | void LoadSkyboxPalette(SkyboxContext* skyboxCtx, int paletteIndex, char* palTex, int width, int height) {
      |                                                                    ~~~~~~^~~~~~
/home/david/Documents/RockBox_Personal-master/devsrc/nano-soh-runtime/Shipwright/soh/src/code/z_vr_box.c:694:45: warning: passing argument 3 of 'LoadSkyboxPalette' discards 'const' qualifier from pointer target type [-Wdiscarded-qualifiers]
  694 |             LoadSkyboxPalette(skyboxCtx, 2, gMarketNightBg3TLUT, 16, 16);
      |                                             ^~~~~~~~~~~~~~~~~~~
/home/david/Documents/RockBox_Personal-master/devsrc/nano-soh-runtime/Shipwright/soh/src/code/z_vr_box.c:464:74: note: expected 'char *' but argument is of type 'const char *'
  464 | void LoadSkyboxPalette(SkyboxContext* skyboxCtx, int paletteIndex, char* palTex, int width, int height) {
      |                                                                    ~~~~~~^~~~~~
/home/david/Documents/RockBox_Personal-master/devsrc/nano-soh-runtime/Shipwright/soh/src/code/z_vr_box.c:695:45: warning: passing argument 3 of 'LoadSkyboxPalette' discards 'const' qualifier from pointer target type [-Wdiscarded-qualifiers]
  695 |             LoadSkyboxPalette(skyboxCtx, 3, gMarketNightBg4TLUT, 16, 16);
      |                                             ^~~~~~~~~~~~~~~~~~~
/home/david/Documents/RockBox_Personal-master/devsrc/nano-soh-runtime/Shipwright/soh/src/code/z_vr_box.c:464:74: note: expected 'char *' but argument is of type 'const char *'
  464 | void LoadSkyboxPalette(SkyboxContext* skyboxCtx, int paletteIndex, char* palTex, int width, int height) {
      |                                                                    ~~~~~~^~~~~~
/home/david/Documents/RockBox_Personal-master/devsrc/nano-soh-runtime/Shipwright/soh/src/code/z_vr_box.c:700:44: warning: passing argument 4 of 'LoadSkyboxTex' discards 'const' qualifier from pointer target type [-Wdiscarded-qualifiers]
  700 |             LoadSkyboxTex(skyboxCtx, 0, 0, gMaskShopBgTex, 256, 256, 256, 256);
      |                                            ^~~~~~~~~~~~~~
/home/david/Documents/RockBox_Personal-master/devsrc/nano-soh-runtime/Shipwright/soh/src/code/z_vr_box.c:454:86: note: expected 'char *' but argument is of type 'const char *'
  454 | void LoadSkyboxTex(SkyboxContext* skyboxCtx, int segmentIndex, int imageIndex, char* tex, int width, int height,
      |                                                                                ~~~~~~^~~
/home/david/Documents/RockBox_Personal-master/devsrc/nano-soh-runtime/Shipwright/soh/src/code/z_vr_box.c:701:44: warning: passing argument 4 of 'LoadSkyboxTex' discards 'const' qualifier from pointer target type [-Wdiscarded-qualifiers]
  701 |             LoadSkyboxTex(skyboxCtx, 0, 1, gMaskShop2BgTex, 256, 256, 256, 256);
      |                                            ^~~~~~~~~~~~~~~
/home/david/Documents/RockBox_Personal-master/devsrc/nano-soh-runtime/Shipwright/soh/src/code/z_vr_box.c:454:86: note: expected 'char *' but argument is of type 'const char *'
  454 | void LoadSkyboxTex(SkyboxContext* skyboxCtx, int segmentIndex, int imageIndex, char* tex, int width, int height,
      |                                                                                ~~~~~~^~~
/home/david/Documents/RockBox_Personal-master/devsrc/nano-soh-runtime/Shipwright/soh/src/code/z_vr_box.c:703:45: warning: passing argument 3 of 'LoadSkyboxPalette' discards 'const' qualifier from pointer target type [-Wdiscarded-qualifiers]
  703 |             LoadSkyboxPalette(skyboxCtx, 0, gMaskShopBgTLUT, 16, 16);
      |                                             ^~~~~~~~~~~~~~~
/home/david/Documents/RockBox_Personal-master/devsrc/nano-soh-runtime/Shipwright/soh/src/code/z_vr_box.c:464:74: note: expected 'char *' but argument is of type 'const char *'
  464 | void LoadSkyboxPalette(SkyboxContext* skyboxCtx, int paletteIndex, char* palTex, int width, int height) {
      |                                                                    ~~~~~~^~~~~~
/home/david/Documents/RockBox_Personal-master/devsrc/nano-soh-runtime/Shipwright/soh/src/code/z_vr_box.c:704:45: warning: passing argument 3 of 'LoadSkyboxPalette' discards 'const' qualifier from pointer target type [-Wdiscarded-qualifiers]
  704 |             LoadSkyboxPalette(skyboxCtx, 1, gMaskShopBg2TLUT, 16, 16);
      |                                             ^~~~~~~~~~~~~~~~
/home/david/Documents/RockBox_Personal-master/devsrc/nano-soh-runtime/Shipwright/soh/src/code/z_vr_box.c:464:74: note: expected 'char *' but argument is of type 'const char *'
  464 | void LoadSkyboxPalette(SkyboxContext* skyboxCtx, int paletteIndex, char* palTex, int width, int height) {
      |                                                                    ~~~~~~^~~~~~
/home/david/Documents/RockBox_Personal-master/devsrc/nano-soh-runtime/Shipwright/soh/src/code/z_vr_box.c:711:44: warning: passing argument 4 of 'LoadSkyboxTex' discards 'const' qualifier from pointer target type [-Wdiscarded-qualifiers]
  711 |             LoadSkyboxTex(skyboxCtx, 0, 0, gKnowItAllBrosHouseBgTex, 256, 256, 256, 256);
      |                                            ^~~~~~~~~~~~~~~~~~~~~~~~
/home/david/Documents/RockBox_Personal-master/devsrc/nano-soh-runtime/Shipwright/soh/src/code/z_vr_box.c:454:86: note: expected 'char *' but argument is of type 'const char *'
  454 | void LoadSkyboxTex(SkyboxContext* skyboxCtx, int segmentIndex, int imageIndex, char* tex, int width, int height,
      |                                                                                ~~~~~~^~~
/home/david/Documents/RockBox_Personal-master/devsrc/nano-soh-runtime/Shipwright/soh/src/code/z_vr_box.c:712:44: warning: passing argument 4 of 'LoadSkyboxTex' discards 'const' qualifier from pointer target type [-Wdiscarded-qualifiers]
  712 |             LoadSkyboxTex(skyboxCtx, 0, 1, gKnowItAllBrosHouse2BgTex, 256, 256, 256, 256);
      |                                            ^~~~~~~~~~~~~~~~~~~~~~~~~
/home/david/Documents/RockBox_Personal-master/devsrc/nano-soh-runtime/Shipwright/soh/src/code/z_vr_box.c:454:86: note: expected 'char *' but argument is of type 'const char *'
  454 | void LoadSkyboxTex(SkyboxContext* skyboxCtx, int segmentIndex, int imageIndex, char* tex, int width, int height,
      |                                                                                ~~~~~~^~~
/home/david/Documents/RockBox_Personal-master/devsrc/nano-soh-runtime/Shipwright/soh/src/code/z_vr_box.c:713:44: warning: passing argument 4 of 'LoadSkyboxTex' discards 'const' qualifier from pointer target type [-Wdiscarded-qualifiers]
  713 |             LoadSkyboxTex(skyboxCtx, 0, 2, gKnowItAllBrosHouse3BgTex, 256, 256, 256, 256);
      |                                            ^~~~~~~~~~~~~~~~~~~~~~~~~
/home/david/Documents/RockBox_Personal-master/devsrc/nano-soh-runtime/Shipwright/soh/src/code/z_vr_box.c:454:86: note: expected 'char *' but argument is of type 'const char *'
  454 | void LoadSkyboxTex(SkyboxContext* skyboxCtx, int segmentIndex, int imageIndex, char* tex, int width, int height,
      |                                                                                ~~~~~~^~~
/home/david/Documents/RockBox_Personal-master/devsrc/nano-soh-runtime/Shipwright/soh/src/code/z_vr_box.c:714:44: warning: passing argument 4 of 'LoadSkyboxTex' discards 'const' qualifier from pointer target type [-Wdiscarded-qualifiers]
  714 |             LoadSkyboxTex(skyboxCtx, 0, 3, gKnowItAllBrosHouse4BgTex, 256, 256, 256, 256);
      |                                            ^~~~~~~~~~~~~~~~~~~~~~~~~
/home/david/Documents/RockBox_Personal-master/devsrc/nano-soh-runtime/Shipwright/soh/src/code/z_vr_box.c:454:86: note: expected 'char *' but argument is of type 'const char *'
  454 | void LoadSkyboxTex(SkyboxContext* skyboxCtx, int segmentIndex, int imageIndex, char* tex, int width, int height,
      |                                                                                ~~~~~~^~~
/home/david/Documents/RockBox_Personal-master/devsrc/nano-soh-runtime/Shipwright/soh/src/code/z_vr_box.c:716:45: warning: passing argument 3 of 'LoadSkyboxPalette' discards 'const' qualifier from pointer target type [-Wdiscarded-qualifiers]
  716 |             LoadSkyboxPalette(skyboxCtx, 0, gKnowItAllBrosHouseBgTLUT, 16, 16);
      |                                             ^~~~~~~~~~~~~~~~~~~~~~~~~
/home/david/Documents/RockBox_Personal-master/devsrc/nano-soh-runtime/Shipwright/soh/src/code/z_vr_box.c:464:74: note: expected 'char *' but argument is of type 'const char *'
  464 | void LoadSkyboxPalette(SkyboxContext* skyboxCtx, int paletteIndex, char* palTex, int width, int height) {
      |                                                                    ~~~~~~^~~~~~
/home/david/Documents/RockBox_Personal-master/devsrc/nano-soh-runtime/Shipwright/soh/src/code/z_vr_box.c:717:45: warning: passing argument 3 of 'LoadSkyboxPalette' discards 'const' qualifier from pointer target type [-Wdiscarded-qualifiers]
  717 |             LoadSkyboxPalette(skyboxCtx, 1, gKnowItAllBrosHouseBg2TLUT, 16, 16);
      |                                             ^~~~~~~~~~~~~~~~~~~~~~~~~~
/home/david/Documents/RockBox_Personal-master/devsrc/nano-soh-runtime/Shipwright/soh/src/code/z_vr_box.c:464:74: note: expected 'char *' but argument is of type 'const char *'
  464 | void LoadSkyboxPalette(SkyboxContext* skyboxCtx, int paletteIndex, char* palTex, int width, int height) {
      |                                                                    ~~~~~~^~~~~~
/home/david/Documents/RockBox_Personal-master/devsrc/nano-soh-runtime/Shipwright/soh/src/code/z_vr_box.c:718:45: warning: passing argument 3 of 'LoadSkyboxPalette' discards 'const' qualifier from pointer target type [-Wdiscarded-qualifiers]
  718 |             LoadSkyboxPalette(skyboxCtx, 2, gKnowItAllBrosHouseBg3TLUT, 16, 16);
      |                                             ^~~~~~~~~~~~~~~~~~~~~~~~~~
/home/david/Documents/RockBox_Personal-master/devsrc/nano-soh-runtime/Shipwright/soh/src/code/z_vr_box.c:464:74: note: expected 'char *' but argument is of type 'const char *'
  464 | void LoadSkyboxPalette(SkyboxContext* skyboxCtx, int paletteIndex, char* palTex, int width, int height) {
      |                                                                    ~~~~~~^~~~~~
/home/david/Documents/RockBox_Personal-master/devsrc/nano-soh-runtime/Shipwright/soh/src/code/z_vr_box.c:719:45: warning: passing argument 3 of 'LoadSkyboxPalette' discards 'const' qualifier from pointer target type [-Wdiscarded-qualifiers]
  719 |             LoadSkyboxPalette(skyboxCtx, 3, gKnowItAllBrosHouseBg4TLUT, 16, 16);
      |                                             ^~~~~~~~~~~~~~~~~~~~~~~~~~
/home/david/Documents/RockBox_Personal-master/devsrc/nano-soh-runtime/Shipwright/soh/src/code/z_vr_box.c:464:74: note: expected 'char *' but argument is of type 'const char *'
  464 | void LoadSkyboxPalette(SkyboxContext* skyboxCtx, int paletteIndex, char* palTex, int width, int height) {
      |                                                                    ~~~~~~^~~~~~
/home/david/Documents/RockBox_Personal-master/devsrc/nano-soh-runtime/Shipwright/soh/src/code/z_vr_box.c:724:44: warning: passing argument 4 of 'LoadSkyboxTex' discards 'const' qualifier from pointer target type [-Wdiscarded-qualifiers]
  724 |             LoadSkyboxTex(skyboxCtx, 0, 0, gHouseOfTwinsBgTex, 256, 256, 256, 256);
      |                                            ^~~~~~~~~~~~~~~~~~
/home/david/Documents/RockBox_Personal-master/devsrc/nano-soh-runtime/Shipwright/soh/src/code/z_vr_box.c:454:86: note: expected 'char *' but argument is of type 'const char *'
  454 | void LoadSkyboxTex(SkyboxContext* skyboxCtx, int segmentIndex, int imageIndex, char* tex, int width, int height,
      |                                                                                ~~~~~~^~~
/home/david/Documents/RockBox_Personal-master/devsrc/nano-soh-runtime/Shipwright/soh/src/code/z_vr_box.c:725:44: warning: passing argument 4 of 'LoadSkyboxTex' discards 'const' qualifier from pointer target type [-Wdiscarded-qualifiers]
  725 |             LoadSkyboxTex(skyboxCtx, 0, 1, gHouseOfTwins2BgTex, 256, 256, 256, 256);
      |                                            ^~~~~~~~~~~~~~~~~~~
/home/david/Documents/RockBox_Personal-master/devsrc/nano-soh-runtime/Shipwright/soh/src/code/z_vr_box.c:454:86: note: expected 'char *' but argument is of type 'const char *'
  454 | void LoadSkyboxTex(SkyboxContext* skyboxCtx, int segmentIndex, int imageIndex, char* tex, int width, int height,
      |                                                                                ~~~~~~^~~
/home/david/Documents/RockBox_Personal-master/devsrc/nano-soh-runtime/Shipwright/soh/src/code/z_vr_box.c:726:44: warning: passing argument 4 of 'LoadSkyboxTex' discards 'const' qualifier from pointer target type [-Wdiscarded-qualifiers]
  726 |             LoadSkyboxTex(skyboxCtx, 0, 2, gHouseOfTwins3BgTex, 256, 256, 256, 256);
      |                                            ^~~~~~~~~~~~~~~~~~~
/home/david/Documents/RockBox_Personal-master/devsrc/nano-soh-runtime/Shipwright/soh/src/code/z_vr_box.c:454:86: note: expected 'char *' but argument is of type 'const char *'
  454 | void LoadSkyboxTex(SkyboxContext* skyboxCtx, int segmentIndex, int imageIndex, char* tex, int width, int height,
      |                                                                                ~~~~~~^~~
/home/david/Documents/RockBox_Personal-master/devsrc/nano-soh-runtime/Shipwright/soh/src/code/z_vr_box.c:728:45: warning: passing argument 3 of 'LoadSkyboxPalette' discards 'const' qualifier from pointer target type [-Wdiscarded-qualifiers]
  728 |             LoadSkyboxPalette(skyboxCtx, 0, gHouseOfTwinsBgTLUT, 16, 16);
      |                                             ^~~~~~~~~~~~~~~~~~~
/home/david/Documents/RockBox_Personal-master/devsrc/nano-soh-runtime/Shipwright/soh/src/code/z_vr_box.c:464:74: note: expected 'char *' but argument is of type 'const char *'
  464 | void LoadSkyboxPalette(SkyboxContext* skyboxCtx, int paletteIndex, char* palTex, int width, int height) {
      |                                                                    ~~~~~~^~~~~~
/home/david/Documents/RockBox_Personal-master/devsrc/nano-soh-runtime/Shipwright/soh/src/code/z_vr_box.c:729:45: warning: passing argument 3 of 'LoadSkyboxPalette' discards 'const' qualifier from pointer target type [-Wdiscarded-qualifiers]
  729 |             LoadSkyboxPalette(skyboxCtx, 1, gHouseOfTwinsBg2TLUT, 16, 16);
      |                                             ^~~~~~~~~~~~~~~~~~~~
/home/david/Documents/RockBox_Personal-master/devsrc/nano-soh-runtime/Shipwright/soh/src/code/z_vr_box.c:464:74: note: expected 'char *' but argument is of type 'const char *'
  464 | void LoadSkyboxPalette(SkyboxContext* skyboxCtx, int paletteIndex, char* palTex, int width, int height) {
      |                                                                    ~~~~~~^~~~~~
/home/david/Documents/RockBox_Personal-master/devsrc/nano-soh-runtime/Shipwright/soh/src/code/z_vr_box.c:730:45: warning: passing argument 3 of 'LoadSkyboxPalette' discards 'const' qualifier from pointer target type [-Wdiscarded-qualifiers]
  730 |             LoadSkyboxPalette(skyboxCtx, 2, gHouseOfTwinsBg3TLUT, 16, 16);
      |                                             ^~~~~~~~~~~~~~~~~~~~
/home/david/Documents/RockBox_Personal-master/devsrc/nano-soh-runtime/Shipwright/soh/src/code/z_vr_box.c:464:74: note: expected 'char *' but argument is of type 'const char *'
  464 | void LoadSkyboxPalette(SkyboxContext* skyboxCtx, int paletteIndex, char* palTex, int width, int height) {
      |                                                                    ~~~~~~^~~~~~
/home/david/Documents/RockBox_Personal-master/devsrc/nano-soh-runtime/Shipwright/soh/src/code/z_vr_box.c:735:44: warning: passing argument 4 of 'LoadSkyboxTex' discards 'const' qualifier from pointer target type [-Wdiscarded-qualifiers]
  735 |             LoadSkyboxTex(skyboxCtx, 0, 0, gStableBgTex, 256, 256, 256, 256);
      |                                            ^~~~~~~~~~~~
/home/david/Documents/RockBox_Personal-master/devsrc/nano-soh-runtime/Shipwright/soh/src/code/z_vr_box.c:454:86: note: expected 'char *' but argument is of type 'const char *'
  454 | void LoadSkyboxTex(SkyboxContext* skyboxCtx, int segmentIndex, int imageIndex, char* tex, int width, int height,
      |                                                                                ~~~~~~^~~
/home/david/Documents/RockBox_Personal-master/devsrc/nano-soh-runtime/Shipwright/soh/src/code/z_vr_box.c:736:44: warning: passing argument 4 of 'LoadSkyboxTex' discards 'const' qualifier from pointer target type [-Wdiscarded-qualifiers]
  736 |             LoadSkyboxTex(skyboxCtx, 0, 1, gStable2BgTex, 256, 256, 256, 256);
      |                                            ^~~~~~~~~~~~~
/home/david/Documents/RockBox_Personal-master/devsrc/nano-soh-runtime/Shipwright/soh/src/code/z_vr_box.c:454:86: note: expected 'char *' but argument is of type 'const char *'
  454 | void LoadSkyboxTex(SkyboxContext* skyboxCtx, int segmentIndex, int imageIndex, char* tex, int width, int height,
      |                                                                                ~~~~~~^~~
/home/david/Documents/RockBox_Personal-master/devsrc/nano-soh-runtime/Shipwright/soh/src/code/z_vr_box.c:737:44: warning: passing argument 4 of 'LoadSkyboxTex' discards 'const' qualifier from pointer target type [-Wdiscarded-qualifiers]
  737 |             LoadSkyboxTex(skyboxCtx, 0, 2, gStable3BgTex, 256, 256, 256, 256);
      |                                            ^~~~~~~~~~~~~
/home/david/Documents/RockBox_Personal-master/devsrc/nano-soh-runtime/Shipwright/soh/src/code/z_vr_box.c:454:86: note: expected 'char *' but argument is of type 'const char *'
  454 | void LoadSkyboxTex(SkyboxContext* skyboxCtx, int segmentIndex, int imageIndex, char* tex, int width, int height,
      |                                                                                ~~~~~~^~~
/home/david/Documents/RockBox_Personal-master/devsrc/nano-soh-runtime/Shipwright/soh/src/code/z_vr_box.c:738:44: warning: passing argument 4 of 'LoadSkyboxTex' discards 'const' qualifier from pointer target type [-Wdiscarded-qualifiers]
  738 |             LoadSkyboxTex(skyboxCtx, 0, 3, gStable4BgTex, 256, 256, 256, 256);
      |                                            ^~~~~~~~~~~~~
/home/david/Documents/RockBox_Personal-master/devsrc/nano-soh-runtime/Shipwright/soh/src/code/z_vr_box.c:454:86: note: expected 'char *' but argument is of type 'const char *'
  454 | void LoadSkyboxTex(SkyboxContext* skyboxCtx, int segmentIndex, int imageIndex, char* tex, int width, int height,
      |                                                                                ~~~~~~^~~
/home/david/Documents/RockBox_Personal-master/devsrc/nano-soh-runtime/Shipwright/soh/src/code/z_vr_box.c:740:45: warning: passing argument 3 of 'LoadSkyboxPalette' discards 'const' qualifier from pointer target type [-Wdiscarded-qualifiers]
  740 |             LoadSkyboxPalette(skyboxCtx, 0, gStableBgTLUT, 16, 16);
      |                                             ^~~~~~~~~~~~~
/home/david/Documents/RockBox_Personal-master/devsrc/nano-soh-runtime/Shipwright/soh/src/code/z_vr_box.c:464:74: note: expected 'char *' but argument is of type 'const char *'
  464 | void LoadSkyboxPalette(SkyboxContext* skyboxCtx, int paletteIndex, char* palTex, int width, int height) {
      |                                                                    ~~~~~~^~~~~~
/home/david/Documents/RockBox_Personal-master/devsrc/nano-soh-runtime/Shipwright/soh/src/code/z_vr_box.c:741:45: warning: passing argument 3 of 'LoadSkyboxPalette' discards 'const' qualifier from pointer target type [-Wdiscarded-qualifiers]
  741 |             LoadSkyboxPalette(skyboxCtx, 1, gStableBg2TLUT, 16, 16);
      |                                             ^~~~~~~~~~~~~~
/home/david/Documents/RockBox_Personal-master/devsrc/nano-soh-runtime/Shipwright/soh/src/code/z_vr_box.c:464:74: note: expected 'char *' but argument is of type 'const char *'
  464 | void LoadSkyboxPalette(SkyboxContext* skyboxCtx, int paletteIndex, char* palTex, int width, int height) {
      |                                                                    ~~~~~~^~~~~~
/home/david/Documents/RockBox_Personal-master/devsrc/nano-soh-runtime/Shipwright/soh/src/code/z_vr_box.c:742:45: warning: passing argument 3 of 'LoadSkyboxPalette' discards 'const' qualifier from pointer target type [-Wdiscarded-qualifiers]
  742 |             LoadSkyboxPalette(skyboxCtx, 2, gStableBg3TLUT, 16, 16);
      |                                             ^~~~~~~~~~~~~~
/home/david/Documents/RockBox_Personal-master/devsrc/nano-soh-runtime/Shipwright/soh/src/code/z_vr_box.c:464:74: note: expected 'char *' but argument is of type 'const char *'
  464 | void LoadSkyboxPalette(SkyboxContext* skyboxCtx, int paletteIndex, char* palTex, int width, int height) {
      |                                                                    ~~~~~~^~~~~~
/home/david/Documents/RockBox_Personal-master/devsrc/nano-soh-runtime/Shipwright/soh/src/code/z_vr_box.c:743:45: warning: passing argument 3 of 'LoadSkyboxPalette' discards 'const' qualifier from pointer target type [-Wdiscarded-qualifiers]
  743 |             LoadSkyboxPalette(skyboxCtx, 3, gStableBg4TLUT, 16, 16);
      |                                             ^~~~~~~~~~~~~~
/home/david/Documents/RockBox_Personal-master/devsrc/nano-soh-runtime/Shipwright/soh/src/code/z_vr_box.c:464:74: note: expected 'char *' but argument is of type 'const char *'
  464 | void LoadSkyboxPalette(SkyboxContext* skyboxCtx, int paletteIndex, char* palTex, int width, int height) {
      |                                                                    ~~~~~~^~~~~~
/home/david/Documents/RockBox_Personal-master/devsrc/nano-soh-runtime/Shipwright/soh/src/code/z_vr_box.c:748:44: warning: passing argument 4 of 'LoadSkyboxTex' discards 'const' qualifier from pointer target type [-Wdiscarded-qualifiers]
  748 |             LoadSkyboxTex(skyboxCtx, 0, 0, gCarpentersHouseBgTex, 256, 256, 256, 256);
      |                                            ^~~~~~~~~~~~~~~~~~~~~
/home/david/Documents/RockBox_Personal-master/devsrc/nano-soh-runtime/Shipwright/soh/src/code/z_vr_box.c:454:86: note: expected 'char *' but argument is of type 'const char *'
  454 | void LoadSkyboxTex(SkyboxContext* skyboxCtx, int segmentIndex, int imageIndex, char* tex, int width, int height,
      |                                                                                ~~~~~~^~~
/home/david/Documents/RockBox_Personal-master/devsrc/nano-soh-runtime/Shipwright/soh/src/code/z_vr_box.c:749:44: warning: passing argument 4 of 'LoadSkyboxTex' discards 'const' qualifier from pointer target type [-Wdiscarded-qualifiers]
  749 |             LoadSkyboxTex(skyboxCtx, 0, 1, gCarpentersHouse2BgTex, 256, 256, 256, 256);
      |                                            ^~~~~~~~~~~~~~~~~~~~~~
/home/david/Documents/RockBox_Personal-master/devsrc/nano-soh-runtime/Shipwright/soh/src/code/z_vr_box.c:454:86: note: expected 'char *' but argument is of type 'const char *'
  454 | void LoadSkyboxTex(SkyboxContext* skyboxCtx, int segmentIndex, int imageIndex, char* tex, int width, int height,
      |                                                                                ~~~~~~^~~
/home/david/Documents/RockBox_Personal-master/devsrc/nano-soh-runtime/Shipwright/soh/src/code/z_vr_box.c:750:44: warning: passing argument 4 of 'LoadSkyboxTex' discards 'const' qualifier from pointer target type [-Wdiscarded-qualifiers]
  750 |             LoadSkyboxTex(skyboxCtx, 0, 2, gCarpentersHouse3BgTex, 256, 256, 256, 256);
      |                                            ^~~~~~~~~~~~~~~~~~~~~~
/home/david/Documents/RockBox_Personal-master/devsrc/nano-soh-runtime/Shipwright/soh/src/code/z_vr_box.c:454:86: note: expected 'char *' but argument is of type 'const char *'
  454 | void LoadSkyboxTex(SkyboxContext* skyboxCtx, int segmentIndex, int imageIndex, char* tex, int width, int height,
      |                                                                                ~~~~~~^~~
/home/david/Documents/RockBox_Personal-master/devsrc/nano-soh-runtime/Shipwright/soh/src/code/z_vr_box.c:751:44: warning: passing argument 4 of 'LoadSkyboxTex' discards 'const' qualifier from pointer target type [-Wdiscarded-qualifiers]
  751 |             LoadSkyboxTex(skyboxCtx, 0, 3, gCarpentersHouse4BgTex, 256, 256, 256, 256);
      |                                            ^~~~~~~~~~~~~~~~~~~~~~
/home/david/Documents/RockBox_Personal-master/devsrc/nano-soh-runtime/Shipwright/soh/src/code/z_vr_box.c:454:86: note: expected 'char *' but argument is of type 'const char *'
  454 | void LoadSkyboxTex(SkyboxContext* skyboxCtx, int segmentIndex, int imageIndex, char* tex, int width, int height,
      |                                                                                ~~~~~~^~~
/home/david/Documents/RockBox_Personal-master/devsrc/nano-soh-runtime/Shipwright/soh/src/code/z_vr_box.c:753:45: warning: passing argument 3 of 'LoadSkyboxPalette' discards 'const' qualifier from pointer target type [-Wdiscarded-qualifiers]
  753 |             LoadSkyboxPalette(skyboxCtx, 0, gCarpentersHouseBgTLUT, 16, 16);
      |                                             ^~~~~~~~~~~~~~~~~~~~~~
/home/david/Documents/RockBox_Personal-master/devsrc/nano-soh-runtime/Shipwright/soh/src/code/z_vr_box.c:464:74: note: expected 'char *' but argument is of type 'const char *'
  464 | void LoadSkyboxPalette(SkyboxContext* skyboxCtx, int paletteIndex, char* palTex, int width, int height) {
      |                                                                    ~~~~~~^~~~~~
/home/david/Documents/RockBox_Personal-master/devsrc/nano-soh-runtime/Shipwright/soh/src/code/z_vr_box.c:754:45: warning: passing argument 3 of 'LoadSkyboxPalette' discards 'const' qualifier from pointer target type [-Wdiscarded-qualifiers]
  754 |             LoadSkyboxPalette(skyboxCtx, 1, gCarpentersHouseBg2TLUT, 16, 16);
      |                                             ^~~~~~~~~~~~~~~~~~~~~~~
/home/david/Documents/RockBox_Personal-master/devsrc/nano-soh-runtime/Shipwright/soh/src/code/z_vr_box.c:464:74: note: expected 'char *' but argument is of type 'const char *'
  464 | void LoadSkyboxPalette(SkyboxContext* skyboxCtx, int paletteIndex, char* palTex, int width, int height) {
      |                                                                    ~~~~~~^~~~~~
/home/david/Documents/RockBox_Personal-master/devsrc/nano-soh-runtime/Shipwright/soh/src/code/z_vr_box.c:755:45: warning: passing argument 3 of 'LoadSkyboxPalette' discards 'const' qualifier from pointer target type [-Wdiscarded-qualifiers]
  755 |             LoadSkyboxPalette(skyboxCtx, 2, gCarpentersHouseBg3TLUT, 16, 16);
      |                                             ^~~~~~~~~~~~~~~~~~~~~~~
/home/david/Documents/RockBox_Personal-master/devsrc/nano-soh-runtime/Shipwright/soh/src/code/z_vr_box.c:464:74: note: expected 'char *' but argument is of type 'const char *'
  464 | void LoadSkyboxPalette(SkyboxContext* skyboxCtx, int paletteIndex, char* palTex, int width, int height) {
      |                                                                    ~~~~~~^~~~~~
/home/david/Documents/RockBox_Personal-master/devsrc/nano-soh-runtime/Shipwright/soh/src/code/z_vr_box.c:756:45: warning: passing argument 3 of 'LoadSkyboxPalette' discards 'const' qualifier from pointer target type [-Wdiscarded-qualifiers]
  756 |             LoadSkyboxPalette(skyboxCtx, 3, gCarpentersHouseBg4TLUT, 16, 16);
      |                                             ^~~~~~~~~~~~~~~~~~~~~~~
/home/david/Documents/RockBox_Personal-master/devsrc/nano-soh-runtime/Shipwright/soh/src/code/z_vr_box.c:464:74: note: expected 'char *' but argument is of type 'const char *'
  464 | void LoadSkyboxPalette(SkyboxContext* skyboxCtx, int paletteIndex, char* palTex, int width, int height) {
      |                                                                    ~~~~~~^~~~~~
/home/david/Documents/RockBox_Personal-master/devsrc/nano-soh-runtime/Shipwright/soh/src/code/z_vr_box.c:761:44: warning: passing argument 4 of 'LoadSkyboxTex' discards 'const' qualifier from pointer target type [-Wdiscarded-qualifiers]
  761 |             LoadSkyboxTex(skyboxCtx, 0, 0, gKokiriShopBgTex, 256, 256, 256, 256);
      |                                            ^~~~~~~~~~~~~~~~
/home/david/Documents/RockBox_Personal-master/devsrc/nano-soh-runtime/Shipwright/soh/src/code/z_vr_box.c:454:86: note: expected 'char *' but argument is of type 'const char *'
  454 | void LoadSkyboxTex(SkyboxContext* skyboxCtx, int segmentIndex, int imageIndex, char* tex, int width, int height,
      |                                                                                ~~~~~~^~~
/home/david/Documents/RockBox_Personal-master/devsrc/nano-soh-runtime/Shipwright/soh/src/code/z_vr_box.c:762:44: warning: passing argument 4 of 'LoadSkyboxTex' discards 'const' qualifier from pointer target type [-Wdiscarded-qualifiers]
  762 |             LoadSkyboxTex(skyboxCtx, 0, 1, gKokiriShop2BgTex, 256, 256, 256, 256);
      |                                            ^~~~~~~~~~~~~~~~~
/home/david/Documents/RockBox_Personal-master/devsrc/nano-soh-runtime/Shipwright/soh/src/code/z_vr_box.c:454:86: note: expected 'char *' but argument is of type 'const char *'
  454 | void LoadSkyboxTex(SkyboxContext* skyboxCtx, int segmentIndex, int imageIndex, char* tex, int width, int height,
      |                                                                                ~~~~~~^~~
/home/david/Documents/RockBox_Personal-master/devsrc/nano-soh-runtime/Shipwright/soh/src/code/z_vr_box.c:764:45: warning: passing argument 3 of 'LoadSkyboxPalette' discards 'const' qualifier from pointer target type [-Wdiscarded-qualifiers]
  764 |             LoadSkyboxPalette(skyboxCtx, 0, gKokiriShopBgTLUT, 16, 16);
      |                                             ^~~~~~~~~~~~~~~~~
/home/david/Documents/RockBox_Personal-master/devsrc/nano-soh-runtime/Shipwright/soh/src/code/z_vr_box.c:464:74: note: expected 'char *' but argument is of type 'const char *'
  464 | void LoadSkyboxPalette(SkyboxContext* skyboxCtx, int paletteIndex, char* palTex, int width, int height) {
      |                                                                    ~~~~~~^~~~~~
/home/david/Documents/RockBox_Personal-master/devsrc/nano-soh-runtime/Shipwright/soh/src/code/z_vr_box.c:765:45: warning: passing argument 3 of 'LoadSkyboxPalette' discards 'const' qualifier from pointer target type [-Wdiscarded-qualifiers]
  765 |             LoadSkyboxPalette(skyboxCtx, 1, gKokiriShopBg2TLUT, 16, 16);
      |                                             ^~~~~~~~~~~~~~~~~~
/home/david/Documents/RockBox_Personal-master/devsrc/nano-soh-runtime/Shipwright/soh/src/code/z_vr_box.c:464:74: note: expected 'char *' but argument is of type 'const char *'
  464 | void LoadSkyboxPalette(SkyboxContext* skyboxCtx, int paletteIndex, char* palTex, int width, int height) {
      |                                                                    ~~~~~~^~~~~~
/home/david/Documents/RockBox_Personal-master/devsrc/nano-soh-runtime/Shipwright/soh/src/code/z_vr_box.c:772:44: warning: passing argument 4 of 'LoadSkyboxTex' discards 'const' qualifier from pointer target type [-Wdiscarded-qualifiers]
  772 |             LoadSkyboxTex(skyboxCtx, 0, 0, gGoronShopBgTex, 256, 256, 256, 256);
      |                                            ^~~~~~~~~~~~~~~
/home/david/Documents/RockBox_Personal-master/devsrc/nano-soh-runtime/Shipwright/soh/src/code/z_vr_box.c:454:86: note: expected 'char *' but argument is of type 'const char *'
  454 | void LoadSkyboxTex(SkyboxContext* skyboxCtx, int segmentIndex, int imageIndex, char* tex, int width, int height,
      |                                                                                ~~~~~~^~~
/home/david/Documents/RockBox_Personal-master/devsrc/nano-soh-runtime/Shipwright/soh/src/code/z_vr_box.c:773:44: warning: passing argument 4 of 'LoadSkyboxTex' discards 'const' qualifier from pointer target type [-Wdiscarded-qualifiers]
  773 |             LoadSkyboxTex(skyboxCtx, 0, 1, gGoronShop2BgTex, 256, 256, 256, 256);
      |                                            ^~~~~~~~~~~~~~~~
/home/david/Documents/RockBox_Personal-master/devsrc/nano-soh-runtime/Shipwright/soh/src/code/z_vr_box.c:454:86: note: expected 'char *' but argument is of type 'const char *'
  454 | void LoadSkyboxTex(SkyboxContext* skyboxCtx, int segmentIndex, int imageIndex, char* tex, int width, int height,
      |                                                                                ~~~~~~^~~
/home/david/Documents/RockBox_Personal-master/devsrc/nano-soh-runtime/Shipwright/soh/src/code/z_vr_box.c:775:45: warning: passing argument 3 of 'LoadSkyboxPalette' discards 'const' qualifier from pointer target type [-Wdiscarded-qualifiers]
  775 |             LoadSkyboxPalette(skyboxCtx, 0, gGoronShopBgTLUT, 16, 16);
      |                                             ^~~~~~~~~~~~~~~~
/home/david/Documents/RockBox_Personal-master/devsrc/nano-soh-runtime/Shipwright/soh/src/code/z_vr_box.c:464:74: note: expected 'char *' but argument is of type 'const char *'
  464 | void LoadSkyboxPalette(SkyboxContext* skyboxCtx, int paletteIndex, char* palTex, int width, int height) {
      |                                                                    ~~~~~~^~~~~~
/home/david/Documents/RockBox_Personal-master/devsrc/nano-soh-runtime/Shipwright/soh/src/code/z_vr_box.c:776:45: warning: passing argument 3 of 'LoadSkyboxPalette' discards 'const' qualifier from pointer target type [-Wdiscarded-qualifiers]
  776 |             LoadSkyboxPalette(skyboxCtx, 1, gGoronShopBg2TLUT, 16, 16);
      |                                             ^~~~~~~~~~~~~~~~~
/home/david/Documents/RockBox_Personal-master/devsrc/nano-soh-runtime/Shipwright/soh/src/code/z_vr_box.c:464:74: note: expected 'char *' but argument is of type 'const char *'
  464 | void LoadSkyboxPalette(SkyboxContext* skyboxCtx, int paletteIndex, char* palTex, int width, int height) {
      |                                                                    ~~~~~~^~~~~~
/home/david/Documents/RockBox_Personal-master/devsrc/nano-soh-runtime/Shipwright/soh/src/code/z_vr_box.c:783:44: warning: passing argument 4 of 'LoadSkyboxTex' discards 'const' qualifier from pointer target type [-Wdiscarded-qualifiers]
  783 |             LoadSkyboxTex(skyboxCtx, 0, 0, gZoraShopBgTex, 256, 256, 256, 256);
      |                                            ^~~~~~~~~~~~~~
/home/david/Documents/RockBox_Personal-master/devsrc/nano-soh-runtime/Shipwright/soh/src/code/z_vr_box.c:454:86: note: expected 'char *' but argument is of type 'const char *'
  454 | void LoadSkyboxTex(SkyboxContext* skyboxCtx, int segmentIndex, int imageIndex, char* tex, int width, int height,
      |                                                                                ~~~~~~^~~
/home/david/Documents/RockBox_Personal-master/devsrc/nano-soh-runtime/Shipwright/soh/src/code/z_vr_box.c:784:44: warning: passing argument 4 of 'LoadSkyboxTex' discards 'const' qualifier from pointer target type [-Wdiscarded-qualifiers]
  784 |             LoadSkyboxTex(skyboxCtx, 0, 1, gZoraShop2BgTex, 256, 256, 256, 256);
      |                                            ^~~~~~~~~~~~~~~
/home/david/Documents/RockBox_Personal-master/devsrc/nano-soh-runtime/Shipwright/soh/src/code/z_vr_box.c:454:86: note: expected 'char *' but argument is of type 'const char *'
  454 | void LoadSkyboxTex(SkyboxContext* skyboxCtx, int segmentIndex, int imageIndex, char* tex, int width, int height,
      |                                                                                ~~~~~~^~~
/home/david/Documents/RockBox_Personal-master/devsrc/nano-soh-runtime/Shipwright/soh/src/code/z_vr_box.c:786:45: warning: passing argument 3 of 'LoadSkyboxPalette' discards 'const' qualifier from pointer target type [-Wdiscarded-qualifiers]
  786 |             LoadSkyboxPalette(skyboxCtx, 0, gZoraShopBgTLUT, 16, 16);
      |                                             ^~~~~~~~~~~~~~~
/home/david/Documents/RockBox_Personal-master/devsrc/nano-soh-runtime/Shipwright/soh/src/code/z_vr_box.c:464:74: note: expected 'char *' but argument is of type 'const char *'
  464 | void LoadSkyboxPalette(SkyboxContext* skyboxCtx, int paletteIndex, char* palTex, int width, int height) {
      |                                                                    ~~~~~~^~~~~~
/home/david/Documents/RockBox_Personal-master/devsrc/nano-soh-runtime/Shipwright/soh/src/code/z_vr_box.c:787:45: warning: passing argument 3 of 'LoadSkyboxPalette' discards 'const' qualifier from pointer target type [-Wdiscarded-qualifiers]
  787 |             LoadSkyboxPalette(skyboxCtx, 1, gZoraShopBg2TLUT, 16, 16);
      |                                             ^~~~~~~~~~~~~~~~
/home/david/Documents/RockBox_Personal-master/devsrc/nano-soh-runtime/Shipwright/soh/src/code/z_vr_box.c:464:74: note: expected 'char *' but argument is of type 'const char *'
  464 | void LoadSkyboxPalette(SkyboxContext* skyboxCtx, int paletteIndex, char* palTex, int width, int height) {
      |                                                                    ~~~~~~^~~~~~
/home/david/Documents/RockBox_Personal-master/devsrc/nano-soh-runtime/Shipwright/soh/src/code/z_vr_box.c:794:44: warning: passing argument 4 of 'LoadSkyboxTex' discards 'const' qualifier from pointer target type [-Wdiscarded-qualifiers]
  794 |             LoadSkyboxTex(skyboxCtx, 0, 0, gKakPotionShopBgTex, 256, 256, 256, 256);
      |                                            ^~~~~~~~~~~~~~~~~~~
/home/david/Documents/RockBox_Personal-master/devsrc/nano-soh-runtime/Shipwright/soh/src/code/z_vr_box.c:454:86: note: expected 'char *' but argument is of type 'const char *'
  454 | void LoadSkyboxTex(SkyboxContext* skyboxCtx, int segmentIndex, int imageIndex, char* tex, int width, int height,
      |                                                                                ~~~~~~^~~
/home/david/Documents/RockBox_Personal-master/devsrc/nano-soh-runtime/Shipwright/soh/src/code/z_vr_box.c:795:44: warning: passing argument 4 of 'LoadSkyboxTex' discards 'const' qualifier from pointer target type [-Wdiscarded-qualifiers]
  795 |             LoadSkyboxTex(skyboxCtx, 0, 1, gKakPotionShop2BgTex, 256, 256, 256, 256);
      |                                            ^~~~~~~~~~~~~~~~~~~~
/home/david/Documents/RockBox_Personal-master/devsrc/nano-soh-runtime/Shipwright/soh/src/code/z_vr_box.c:454:86: note: expected 'char *' but argument is of type 'const char *'
  454 | void LoadSkyboxTex(SkyboxContext* skyboxCtx, int segmentIndex, int imageIndex, char* tex, int width, int height,
      |                                                                                ~~~~~~^~~
/home/david/Documents/RockBox_Personal-master/devsrc/nano-soh-runtime/Shipwright/soh/src/code/z_vr_box.c:797:45: warning: passing argument 3 of 'LoadSkyboxPalette' discards 'const' qualifier from pointer target type [-Wdiscarded-qualifiers]
  797 |             LoadSkyboxPalette(skyboxCtx, 0, gKakPotionShopBgTLUT, 16, 16);
      |                                             ^~~~~~~~~~~~~~~~~~~~
/home/david/Documents/RockBox_Personal-master/devsrc/nano-soh-runtime/Shipwright/soh/src/code/z_vr_box.c:464:74: note: expected 'char *' but argument is of type 'const char *'
  464 | void LoadSkyboxPalette(SkyboxContext* skyboxCtx, int paletteIndex, char* palTex, int width, int height) {
      |                                                                    ~~~~~~^~~~~~
/home/david/Documents/RockBox_Personal-master/devsrc/nano-soh-runtime/Shipwright/soh/src/code/z_vr_box.c:798:45: warning: passing argument 3 of 'LoadSkyboxPalette' discards 'const' qualifier from pointer target type [-Wdiscarded-qualifiers]
  798 |             LoadSkyboxPalette(skyboxCtx, 1, gKakPotionShopBg2TLUT, 16, 16);
      |                                             ^~~~~~~~~~~~~~~~~~~~~
/home/david/Documents/RockBox_Personal-master/devsrc/nano-soh-runtime/Shipwright/soh/src/code/z_vr_box.c:464:74: note: expected 'char *' but argument is of type 'const char *'
  464 | void LoadSkyboxPalette(SkyboxContext* skyboxCtx, int paletteIndex, char* palTex, int width, int height) {
      |                                                                    ~~~~~~^~~~~~
/home/david/Documents/RockBox_Personal-master/devsrc/nano-soh-runtime/Shipwright/soh/src/code/z_vr_box.c:805:44: warning: passing argument 4 of 'LoadSkyboxTex' discards 'const' qualifier from pointer target type [-Wdiscarded-qualifiers]
  805 |             LoadSkyboxTex(skyboxCtx, 0, 0, gMarketPotionShopBgTex, 256, 256, 256, 256);
      |                                            ^~~~~~~~~~~~~~~~~~~~~~
/home/david/Documents/RockBox_Personal-master/devsrc/nano-soh-runtime/Shipwright/soh/src/code/z_vr_box.c:454:86: note: expected 'char *' but argument is of type 'const char *'
  454 | void LoadSkyboxTex(SkyboxContext* skyboxCtx, int segmentIndex, int imageIndex, char* tex, int width, int height,
      |                                                                                ~~~~~~^~~
/home/david/Documents/RockBox_Personal-master/devsrc/nano-soh-runtime/Shipwright/soh/src/code/z_vr_box.c:806:44: warning: passing argument 4 of 'LoadSkyboxTex' discards 'const' qualifier from pointer target type [-Wdiscarded-qualifiers]
  806 |             LoadSkyboxTex(skyboxCtx, 0, 1, gMarketPotionShop2BgTex, 256, 256, 256, 256);
      |                                            ^~~~~~~~~~~~~~~~~~~~~~~
/home/david/Documents/RockBox_Personal-master/devsrc/nano-soh-runtime/Shipwright/soh/src/code/z_vr_box.c:454:86: note: expected 'char *' but argument is of type 'const char *'
  454 | void LoadSkyboxTex(SkyboxContext* skyboxCtx, int segmentIndex, int imageIndex, char* tex, int width, int height,
      |                                                                                ~~~~~~^~~
/home/david/Documents/RockBox_Personal-master/devsrc/nano-soh-runtime/Shipwright/soh/src/code/z_vr_box.c:808:45: warning: passing argument 3 of 'LoadSkyboxPalette' discards 'const' qualifier from pointer target type [-Wdiscarded-qualifiers]
  808 |             LoadSkyboxPalette(skyboxCtx, 0, gMarketPotionShopBgTLUT, 16, 16);
      |                                             ^~~~~~~~~~~~~~~~~~~~~~~
/home/david/Documents/RockBox_Personal-master/devsrc/nano-soh-runtime/Shipwright/soh/src/code/z_vr_box.c:464:74: note: expected 'char *' but argument is of type 'const char *'
  464 | void LoadSkyboxPalette(SkyboxContext* skyboxCtx, int paletteIndex, char* palTex, int width, int height) {
      |                                                                    ~~~~~~^~~~~~
/home/david/Documents/RockBox_Personal-master/devsrc/nano-soh-runtime/Shipwright/soh/src/code/z_vr_box.c:809:45: warning: passing argument 3 of 'LoadSkyboxPalette' discards 'const' qualifier from pointer target type [-Wdiscarded-qualifiers]
  809 |             LoadSkyboxPalette(skyboxCtx, 1, gMarketPotionShopBg2TLUT, 16, 16);
      |                                             ^~~~~~~~~~~~~~~~~~~~~~~~
/home/david/Documents/RockBox_Personal-master/devsrc/nano-soh-runtime/Shipwright/soh/src/code/z_vr_box.c:464:74: note: expected 'char *' but argument is of type 'const char *'
  464 | void LoadSkyboxPalette(SkyboxContext* skyboxCtx, int paletteIndex, char* palTex, int width, int height) {
      |                                                                    ~~~~~~^~~~~~
/home/david/Documents/RockBox_Personal-master/devsrc/nano-soh-runtime/Shipwright/soh/src/code/z_vr_box.c:816:44: warning: passing argument 4 of 'LoadSkyboxTex' discards 'const' qualifier from pointer target type [-Wdiscarded-qualifiers]
  816 |             LoadSkyboxTex(skyboxCtx, 0, 0, gBombchuShopBgTex, 256, 256, 256, 256);
      |                                            ^~~~~~~~~~~~~~~~~
/home/david/Documents/RockBox_Personal-master/devsrc/nano-soh-runtime/Shipwright/soh/src/code/z_vr_box.c:454:86: note: expected 'char *' but argument is of type 'const char *'
  454 | void LoadSkyboxTex(SkyboxContext* skyboxCtx, int segmentIndex, int imageIndex, char* tex, int width, int height,
      |                                                                                ~~~~~~^~~
/home/david/Documents/RockBox_Personal-master/devsrc/nano-soh-runtime/Shipwright/soh/src/code/z_vr_box.c:817:44: warning: passing argument 4 of 'LoadSkyboxTex' discards 'const' qualifier from pointer target type [-Wdiscarded-qualifiers]
  817 |             LoadSkyboxTex(skyboxCtx, 0, 1, gBombchuShop2BgTex, 256, 256, 256, 256);
      |                                            ^~~~~~~~~~~~~~~~~~
/home/david/Documents/RockBox_Personal-master/devsrc/nano-soh-runtime/Shipwright/soh/src/code/z_vr_box.c:454:86: note: expected 'char *' but argument is of type 'const char *'
  454 | void LoadSkyboxTex(SkyboxContext* skyboxCtx, int segmentIndex, int imageIndex, char* tex, int width, int height,
      |                                                                                ~~~~~~^~~
/home/david/Documents/RockBox_Personal-master/devsrc/nano-soh-runtime/Shipwright/soh/src/code/z_vr_box.c:819:45: warning: passing argument 3 of 'LoadSkyboxPalette' discards 'const' qualifier from pointer target type [-Wdiscarded-qualifiers]
  819 |             LoadSkyboxPalette(skyboxCtx, 0, gBombchuShopBgTLUT, 16, 16);
      |                                             ^~~~~~~~~~~~~~~~~~
/home/david/Documents/RockBox_Personal-master/devsrc/nano-soh-runtime/Shipwright/soh/src/code/z_vr_box.c:464:74: note: expected 'char *' but argument is of type 'const char *'
  464 | void LoadSkyboxPalette(SkyboxContext* skyboxCtx, int paletteIndex, char* palTex, int width, int height) {
      |                                                                    ~~~~~~^~~~~~
/home/david/Documents/RockBox_Personal-master/devsrc/nano-soh-runtime/Shipwright/soh/src/code/z_vr_box.c:820:45: warning: passing argument 3 of 'LoadSkyboxPalette' discards 'const' qualifier from pointer target type [-Wdiscarded-qualifiers]
  820 |             LoadSkyboxPalette(skyboxCtx, 1, gBombchuShopBg2TLUT, 16, 16);
      |                                             ^~~~~~~~~~~~~~~~~~~
/home/david/Documents/RockBox_Personal-master/devsrc/nano-soh-runtime/Shipwright/soh/src/code/z_vr_box.c:464:74: note: expected 'char *' but argument is of type 'const char *'
  464 | void LoadSkyboxPalette(SkyboxContext* skyboxCtx, int paletteIndex, char* palTex, int width, int height) {
      |                                                                    ~~~~~~^~~~~~
/home/david/Documents/RockBox_Personal-master/devsrc/nano-soh-runtime/Shipwright/soh/src/code/z_vr_box.c:827:44: warning: passing argument 4 of 'LoadSkyboxTex' discards 'const' qualifier from pointer target type [-Wdiscarded-qualifiers]
  827 |             LoadSkyboxTex(skyboxCtx, 0, 0, gRichardsHouseBgTex, 256, 256, 256, 256);
      |                                            ^~~~~~~~~~~~~~~~~~~
/home/david/Documents/RockBox_Personal-master/devsrc/nano-soh-runtime/Shipwright/soh/src/code/z_vr_box.c:454:86: note: expected 'char *' but argument is of type 'const char *'
  454 | void LoadSkyboxTex(SkyboxContext* skyboxCtx, int segmentIndex, int imageIndex, char* tex, int width, int height,
      |                                                                                ~~~~~~^~~
/home/david/Documents/RockBox_Personal-master/devsrc/nano-soh-runtime/Shipwright/soh/src/code/z_vr_box.c:828:44: warning: passing argument 4 of 'LoadSkyboxTex' discards 'const' qualifier from pointer target type [-Wdiscarded-qualifiers]
  828 |             LoadSkyboxTex(skyboxCtx, 0, 1, gRichardsHouse2BgTex, 256, 256, 256, 256);
      |                                            ^~~~~~~~~~~~~~~~~~~~
/home/david/Documents/RockBox_Personal-master/devsrc/nano-soh-runtime/Shipwright/soh/src/code/z_vr_box.c:454:86: note: expected 'char *' but argument is of type 'const char *'
  454 | void LoadSkyboxTex(SkyboxContext* skyboxCtx, int segmentIndex, int imageIndex, char* tex, int width, int height,
      |                                                                                ~~~~~~^~~
/home/david/Documents/RockBox_Personal-master/devsrc/nano-soh-runtime/Shipwright/soh/src/code/z_vr_box.c:829:44: warning: passing argument 4 of 'LoadSkyboxTex' discards 'const' qualifier from pointer target type [-Wdiscarded-qualifiers]
  829 |             LoadSkyboxTex(skyboxCtx, 0, 2, gRichardsHouse3BgTex, 256, 256, 256, 256);
      |                                            ^~~~~~~~~~~~~~~~~~~~
/home/david/Documents/RockBox_Personal-master/devsrc/nano-soh-runtime/Shipwright/soh/src/code/z_vr_box.c:454:86: note: expected 'char *' but argument is of type 'const char *'
  454 | void LoadSkyboxTex(SkyboxContext* skyboxCtx, int segmentIndex, int imageIndex, char* tex, int width, int height,
      |                                                                                ~~~~~~^~~
/home/david/Documents/RockBox_Personal-master/devsrc/nano-soh-runtime/Shipwright/soh/src/code/z_vr_box.c:830:44: warning: passing argument 4 of 'LoadSkyboxTex' discards 'const' qualifier from pointer target type [-Wdiscarded-qualifiers]
  830 |             LoadSkyboxTex(skyboxCtx, 0, 3, gRichardsHouse4BgTex, 256, 256, 256, 256);
      |                                            ^~~~~~~~~~~~~~~~~~~~
/home/david/Documents/RockBox_Personal-master/devsrc/nano-soh-runtime/Shipwright/soh/src/code/z_vr_box.c:454:86: note: expected 'char *' but argument is of type 'const char *'
  454 | void LoadSkyboxTex(SkyboxContext* skyboxCtx, int segmentIndex, int imageIndex, char* tex, int width, int height,
      |                                                                                ~~~~~~^~~
/home/david/Documents/RockBox_Personal-master/devsrc/nano-soh-runtime/Shipwright/soh/src/code/z_vr_box.c:832:45: warning: passing argument 3 of 'LoadSkyboxPalette' discards 'const' qualifier from pointer target type [-Wdiscarded-qualifiers]
  832 |             LoadSkyboxPalette(skyboxCtx, 0, gRichardsHouseBgTLUT, 16, 16);
      |                                             ^~~~~~~~~~~~~~~~~~~~
/home/david/Documents/RockBox_Personal-master/devsrc/nano-soh-runtime/Shipwright/soh/src/code/z_vr_box.c:464:74: note: expected 'char *' but argument is of type 'const char *'
  464 | void LoadSkyboxPalette(SkyboxContext* skyboxCtx, int paletteIndex, char* palTex, int width, int height) {
      |                                                                    ~~~~~~^~~~~~
/home/david/Documents/RockBox_Personal-master/devsrc/nano-soh-runtime/Shipwright/soh/src/code/z_vr_box.c:833:45: warning: passing argument 3 of 'LoadSkyboxPalette' discards 'const' qualifier from pointer target type [-Wdiscarded-qualifiers]
  833 |             LoadSkyboxPalette(skyboxCtx, 1, gRichardsHouseBg2TLUT, 16, 16);
      |                                             ^~~~~~~~~~~~~~~~~~~~~
/home/david/Documents/RockBox_Personal-master/devsrc/nano-soh-runtime/Shipwright/soh/src/code/z_vr_box.c:464:74: note: expected 'char *' but argument is of type 'const char *'
  464 | void LoadSkyboxPalette(SkyboxContext* skyboxCtx, int paletteIndex, char* palTex, int width, int height) {
      |                                                                    ~~~~~~^~~~~~
/home/david/Documents/RockBox_Personal-master/devsrc/nano-soh-runtime/Shipwright/soh/src/code/z_vr_box.c:834:45: warning: passing argument 3 of 'LoadSkyboxPalette' discards 'const' qualifier from pointer target type [-Wdiscarded-qualifiers]
  834 |             LoadSkyboxPalette(skyboxCtx, 2, gRichardsHouseBg3TLUT, 16, 16);
      |                                             ^~~~~~~~~~~~~~~~~~~~~
/home/david/Documents/RockBox_Personal-master/devsrc/nano-soh-runtime/Shipwright/soh/src/code/z_vr_box.c:464:74: note: expected 'char *' but argument is of type 'const char *'
  464 | void LoadSkyboxPalette(SkyboxContext* skyboxCtx, int paletteIndex, char* palTex, int width, int height) {
      |                                                                    ~~~~~~^~~~~~
/home/david/Documents/RockBox_Personal-master/devsrc/nano-soh-runtime/Shipwright/soh/src/code/z_vr_box.c:835:45: warning: passing argument 3 of 'LoadSkyboxPalette' discards 'const' qualifier from pointer target type [-Wdiscarded-qualifiers]
  835 |             LoadSkyboxPalette(skyboxCtx, 3, gRichardsHouseBg4TLUT, 16, 16);
      |                                             ^~~~~~~~~~~~~~~~~~~~~
/home/david/Documents/RockBox_Personal-master/devsrc/nano-soh-runtime/Shipwright/soh/src/code/z_vr_box.c:464:74: note: expected 'char *' but argument is of type 'const char *'
  464 | void LoadSkyboxPalette(SkyboxContext* skyboxCtx, int paletteIndex, char* palTex, int width, int height) {
      |                                                                    ~~~~~~^~~~~~
/home/david/Documents/RockBox_Personal-master/devsrc/nano-soh-runtime/Shipwright/soh/src/code/z_vr_box.c:840:44: warning: passing argument 4 of 'LoadSkyboxTex' discards 'const' qualifier from pointer target type [-Wdiscarded-qualifiers]
  840 |             LoadSkyboxTex(skyboxCtx, 0, 0, gCowHouseBgTex, 256, 256, 256, 256);
      |                                            ^~~~~~~~~~~~~~
/home/david/Documents/RockBox_Personal-master/devsrc/nano-soh-runtime/Shipwright/soh/src/code/z_vr_box.c:454:86: note: expected 'char *' but argument is of type 'const char *'
  454 | void LoadSkyboxTex(SkyboxContext* skyboxCtx, int segmentIndex, int imageIndex, char* tex, int width, int height,
      |                                                                                ~~~~~~^~~
/home/david/Documents/RockBox_Personal-master/devsrc/nano-soh-runtime/Shipwright/soh/src/code/z_vr_box.c:841:44: warning: passing argument 4 of 'LoadSkyboxTex' discards 'const' qualifier from pointer target type [-Wdiscarded-qualifiers]
  841 |             LoadSkyboxTex(skyboxCtx, 0, 1, gCowHouse2BgTex, 256, 256, 256, 256);
      |                                            ^~~~~~~~~~~~~~~
/home/david/Documents/RockBox_Personal-master/devsrc/nano-soh-runtime/Shipwright/soh/src/code/z_vr_box.c:454:86: note: expected 'char *' but argument is of type 'const char *'
  454 | void LoadSkyboxTex(SkyboxContext* skyboxCtx, int segmentIndex, int imageIndex, char* tex, int width, int height,
      |                                                                                ~~~~~~^~~
/home/david/Documents/RockBox_Personal-master/devsrc/nano-soh-runtime/Shipwright/soh/src/code/z_vr_box.c:842:44: warning: passing argument 4 of 'LoadSkyboxTex' discards 'const' qualifier from pointer target type [-Wdiscarded-qualifiers]
  842 |             LoadSkyboxTex(skyboxCtx, 0, 2, gCowHouse3BgTex, 256, 256, 256, 256);
      |                                            ^~~~~~~~~~~~~~~
/home/david/Documents/RockBox_Personal-master/devsrc/nano-soh-runtime/Shipwright/soh/src/code/z_vr_box.c:454:86: note: expected 'char *' but argument is of type 'const char *'
  454 | void LoadSkyboxTex(SkyboxContext* skyboxCtx, int segmentIndex, int imageIndex, char* tex, int width, int height,
      |                                                                                ~~~~~~^~~
/home/david/Documents/RockBox_Personal-master/devsrc/nano-soh-runtime/Shipwright/soh/src/code/z_vr_box.c:843:44: warning: passing argument 4 of 'LoadSkyboxTex' discards 'const' qualifier from pointer target type [-Wdiscarded-qualifiers]
  843 |             LoadSkyboxTex(skyboxCtx, 0, 3, gCowHouse4BgTex, 256, 256, 256, 256);
      |                                            ^~~~~~~~~~~~~~~
/home/david/Documents/RockBox_Personal-master/devsrc/nano-soh-runtime/Shipwright/soh/src/code/z_vr_box.c:454:86: note: expected 'char *' but argument is of type 'const char *'
  454 | void LoadSkyboxTex(SkyboxContext* skyboxCtx, int segmentIndex, int imageIndex, char* tex, int width, int height,
      |                                                                                ~~~~~~^~~
/home/david/Documents/RockBox_Personal-master/devsrc/nano-soh-runtime/Shipwright/soh/src/code/z_vr_box.c:845:45: warning: passing argument 3 of 'LoadSkyboxPalette' discards 'const' qualifier from pointer target type [-Wdiscarded-qualifiers]
  845 |             LoadSkyboxPalette(skyboxCtx, 0, gCowHouseBgTLUT, 16, 16);
      |                                             ^~~~~~~~~~~~~~~
/home/david/Documents/RockBox_Personal-master/devsrc/nano-soh-runtime/Shipwright/soh/src/code/z_vr_box.c:464:74: note: expected 'char *' but argument is of type 'const char *'
  464 | void LoadSkyboxPalette(SkyboxContext* skyboxCtx, int paletteIndex, char* palTex, int width, int height) {
      |                                                                    ~~~~~~^~~~~~
/home/david/Documents/RockBox_Personal-master/devsrc/nano-soh-runtime/Shipwright/soh/src/code/z_vr_box.c:846:45: warning: passing argument 3 of 'LoadSkyboxPalette' discards 'const' qualifier from pointer target type [-Wdiscarded-qualifiers]
  846 |             LoadSkyboxPalette(skyboxCtx, 1, gCowHouseBg2TLUT, 16, 16);
      |                                             ^~~~~~~~~~~~~~~~
/home/david/Documents/RockBox_Personal-master/devsrc/nano-soh-runtime/Shipwright/soh/src/code/z_vr_box.c:464:74: note: expected 'char *' but argument is of type 'const char *'
  464 | void LoadSkyboxPalette(SkyboxContext* skyboxCtx, int paletteIndex, char* palTex, int width, int height) {
      |                                                                    ~~~~~~^~~~~~
/home/david/Documents/RockBox_Personal-master/devsrc/nano-soh-runtime/Shipwright/soh/src/code/z_vr_box.c:847:45: warning: passing argument 3 of 'LoadSkyboxPalette' discards 'const' qualifier from pointer target type [-Wdiscarded-qualifiers]
  847 |             LoadSkyboxPalette(skyboxCtx, 2, gCowHouseBg3TLUT, 16, 16);
      |                                             ^~~~~~~~~~~~~~~~
/home/david/Documents/RockBox_Personal-master/devsrc/nano-soh-runtime/Shipwright/soh/src/code/z_vr_box.c:464:74: note: expected 'char *' but argument is of type 'const char *'
  464 | void LoadSkyboxPalette(SkyboxContext* skyboxCtx, int paletteIndex, char* palTex, int width, int height) {
      |                                                                    ~~~~~~^~~~~~
/home/david/Documents/RockBox_Personal-master/devsrc/nano-soh-runtime/Shipwright/soh/src/code/z_vr_box.c:848:45: warning: passing argument 3 of 'LoadSkyboxPalette' discards 'const' qualifier from pointer target type [-Wdiscarded-qualifiers]
  848 |             LoadSkyboxPalette(skyboxCtx, 3, gCowHouseBg4TLUT, 16, 16);
      |                                             ^~~~~~~~~~~~~~~~
/home/david/Documents/RockBox_Personal-master/devsrc/nano-soh-runtime/Shipwright/soh/src/code/z_vr_box.c:464:74: note: expected 'char *' but argument is of type 'const char *'
  464 | void LoadSkyboxPalette(SkyboxContext* skyboxCtx, int paletteIndex, char* palTex, int width, int height) {
      |                                                                    ~~~~~~^~~~~~
/home/david/Documents/RockBox_Personal-master/devsrc/nano-soh-runtime/Shipwright/soh/src/code/z_vr_box.c:853:44: warning: passing argument 4 of 'LoadSkyboxTex' discards 'const' qualifier from pointer target type [-Wdiscarded-qualifiers]
  853 |             LoadSkyboxTex(skyboxCtx, 0, 0, gCarpentersTentBgTex, 256, 256, 256, 256);
      |                                            ^~~~~~~~~~~~~~~~~~~~
/home/david/Documents/RockBox_Personal-master/devsrc/nano-soh-runtime/Shipwright/soh/src/code/z_vr_box.c:454:86: note: expected 'char *' but argument is of type 'const char *'
  454 | void LoadSkyboxTex(SkyboxContext* skyboxCtx, int segmentIndex, int imageIndex, char* tex, int width, int height,
      |                                                                                ~~~~~~^~~
/home/david/Documents/RockBox_Personal-master/devsrc/nano-soh-runtime/Shipwright/soh/src/code/z_vr_box.c:854:44: warning: passing argument 4 of 'LoadSkyboxTex' discards 'const' qualifier from pointer target type [-Wdiscarded-qualifiers]
  854 |             LoadSkyboxTex(skyboxCtx, 0, 1, gCarpentersTent2BgTex, 256, 256, 256, 256);
      |                                            ^~~~~~~~~~~~~~~~~~~~~
/home/david/Documents/RockBox_Personal-master/devsrc/nano-soh-runtime/Shipwright/soh/src/code/z_vr_box.c:454:86: note: expected 'char *' but argument is of type 'const char *'
  454 | void LoadSkyboxTex(SkyboxContext* skyboxCtx, int segmentIndex, int imageIndex, char* tex, int width, int height,
      |                                                                                ~~~~~~^~~
/home/david/Documents/RockBox_Personal-master/devsrc/nano-soh-runtime/Shipwright/soh/src/code/z_vr_box.c:855:44: warning: passing argument 4 of 'LoadSkyboxTex' discards 'const' qualifier from pointer target type [-Wdiscarded-qualifiers]
  855 |             LoadSkyboxTex(skyboxCtx, 0, 2, gCarpentersTent3BgTex, 256, 256, 256, 256);
      |                                            ^~~~~~~~~~~~~~~~~~~~~
/home/david/Documents/RockBox_Personal-master/devsrc/nano-soh-runtime/Shipwright/soh/src/code/z_vr_box.c:454:86: note: expected 'char *' but argument is of type 'const char *'
  454 | void LoadSkyboxTex(SkyboxContext* skyboxCtx, int segmentIndex, int imageIndex, char* tex, int width, int height,
      |                                                                                ~~~~~~^~~
/home/david/Documents/RockBox_Personal-master/devsrc/nano-soh-runtime/Shipwright/soh/src/code/z_vr_box.c:857:45: warning: passing argument 3 of 'LoadSkyboxPalette' discards 'const' qualifier from pointer target type [-Wdiscarded-qualifiers]
  857 |             LoadSkyboxPalette(skyboxCtx, 0, gCarpentersTentBgTLUT, 16, 16);
      |                                             ^~~~~~~~~~~~~~~~~~~~~
/home/david/Documents/RockBox_Personal-master/devsrc/nano-soh-runtime/Shipwright/soh/src/code/z_vr_box.c:464:74: note: expected 'char *' but argument is of type 'const char *'
  464 | void LoadSkyboxPalette(SkyboxContext* skyboxCtx, int paletteIndex, char* palTex, int width, int height) {
      |                                                                    ~~~~~~^~~~~~
/home/david/Documents/RockBox_Personal-master/devsrc/nano-soh-runtime/Shipwright/soh/src/code/z_vr_box.c:858:45: warning: passing argument 3 of 'LoadSkyboxPalette' discards 'const' qualifier from pointer target type [-Wdiscarded-qualifiers]
  858 |             LoadSkyboxPalette(skyboxCtx, 1, gCarpentersTentBg2TLUT, 16, 16);
      |                                             ^~~~~~~~~~~~~~~~~~~~~~
/home/david/Documents/RockBox_Personal-master/devsrc/nano-soh-runtime/Shipwright/soh/src/code/z_vr_box.c:464:74: note: expected 'char *' but argument is of type 'const char *'
  464 | void LoadSkyboxPalette(SkyboxContext* skyboxCtx, int paletteIndex, char* palTex, int width, int height) {
      |                                                                    ~~~~~~^~~~~~
/home/david/Documents/RockBox_Personal-master/devsrc/nano-soh-runtime/Shipwright/soh/src/code/z_vr_box.c:859:45: warning: passing argument 3 of 'LoadSkyboxPalette' discards 'const' qualifier from pointer target type [-Wdiscarded-qualifiers]
  859 |             LoadSkyboxPalette(skyboxCtx, 2, gCarpentersTentBg3TLUT, 16, 16);
      |                                             ^~~~~~~~~~~~~~~~~~~~~~
/home/david/Documents/RockBox_Personal-master/devsrc/nano-soh-runtime/Shipwright/soh/src/code/z_vr_box.c:464:74: note: expected 'char *' but argument is of type 'const char *'
  464 | void LoadSkyboxPalette(SkyboxContext* skyboxCtx, int paletteIndex, char* palTex, int width, int height) {
      |                                                                    ~~~~~~^~~~~~
/home/david/Documents/RockBox_Personal-master/devsrc/nano-soh-runtime/Shipwright/soh/src/code/z_vr_box.c:864:44: warning: passing argument 4 of 'LoadSkyboxTex' discards 'const' qualifier from pointer target type [-Wdiscarded-qualifiers]
  864 |             LoadSkyboxTex(skyboxCtx, 0, 0, gMidosHouseBgTex, 256, 256, 256, 256);
      |                                            ^~~~~~~~~~~~~~~~
/home/david/Documents/RockBox_Personal-master/devsrc/nano-soh-runtime/Shipwright/soh/src/code/z_vr_box.c:454:86: note: expected 'char *' but argument is of type 'const char *'
  454 | void LoadSkyboxTex(SkyboxContext* skyboxCtx, int segmentIndex, int imageIndex, char* tex, int width, int height,
      |                                                                                ~~~~~~^~~
/home/david/Documents/RockBox_Personal-master/devsrc/nano-soh-runtime/Shipwright/soh/src/code/z_vr_box.c:865:44: warning: passing argument 4 of 'LoadSkyboxTex' discards 'const' qualifier from pointer target type [-Wdiscarded-qualifiers]
  865 |             LoadSkyboxTex(skyboxCtx, 0, 1, gMidosHouse2BgTex, 256, 256, 256, 256);
      |                                            ^~~~~~~~~~~~~~~~~
/home/david/Documents/RockBox_Personal-master/devsrc/nano-soh-runtime/Shipwright/soh/src/code/z_vr_box.c:454:86: note: expected 'char *' but argument is of type 'const char *'
  454 | void LoadSkyboxTex(SkyboxContext* skyboxCtx, int segmentIndex, int imageIndex, char* tex, int width, int height,
      |                                                                                ~~~~~~^~~
/home/david/Documents/RockBox_Personal-master/devsrc/nano-soh-runtime/Shipwright/soh/src/code/z_vr_box.c:866:44: warning: passing argument 4 of 'LoadSkyboxTex' discards 'const' qualifier from pointer target type [-Wdiscarded-qualifiers]
  866 |             LoadSkyboxTex(skyboxCtx, 0, 2, gMidosHouse3BgTex, 256, 256, 256, 256);
      |                                            ^~~~~~~~~~~~~~~~~
/home/david/Documents/RockBox_Personal-master/devsrc/nano-soh-runtime/Shipwright/soh/src/code/z_vr_box.c:454:86: note: expected 'char *' but argument is of type 'const char *'
  454 | void LoadSkyboxTex(SkyboxContext* skyboxCtx, int segmentIndex, int imageIndex, char* tex, int width, int height,
      |                                                                                ~~~~~~^~~
/home/david/Documents/RockBox_Personal-master/devsrc/nano-soh-runtime/Shipwright/soh/src/code/z_vr_box.c:868:45: warning: passing argument 3 of 'LoadSkyboxPalette' discards 'const' qualifier from pointer target type [-Wdiscarded-qualifiers]
  868 |             LoadSkyboxPalette(skyboxCtx, 0, gMidosHouseBgTLUT, 16, 16);
      |                                             ^~~~~~~~~~~~~~~~~
/home/david/Documents/RockBox_Personal-master/devsrc/nano-soh-runtime/Shipwright/soh/src/code/z_vr_box.c:464:74: note: expected 'char *' but argument is of type 'const char *'
  464 | void LoadSkyboxPalette(SkyboxContext* skyboxCtx, int paletteIndex, char* palTex, int width, int height) {
      |                                                                    ~~~~~~^~~~~~
/home/david/Documents/RockBox_Personal-master/devsrc/nano-soh-runtime/Shipwright/soh/src/code/z_vr_box.c:869:45: warning: passing argument 3 of 'LoadSkyboxPalette' discards 'const' qualifier from pointer target type [-Wdiscarded-qualifiers]
  869 |             LoadSkyboxPalette(skyboxCtx, 1, gMidosHouseBg2TLUT, 16, 16);
      |                                             ^~~~~~~~~~~~~~~~~~
/home/david/Documents/RockBox_Personal-master/devsrc/nano-soh-runtime/Shipwright/soh/src/code/z_vr_box.c:464:74: note: expected 'char *' but argument is of type 'const char *'
  464 | void LoadSkyboxPalette(SkyboxContext* skyboxCtx, int paletteIndex, char* palTex, int width, int height) {
      |                                                                    ~~~~~~^~~~~~
/home/david/Documents/RockBox_Personal-master/devsrc/nano-soh-runtime/Shipwright/soh/src/code/z_vr_box.c:870:45: warning: passing argument 3 of 'LoadSkyboxPalette' discards 'const' qualifier from pointer target type [-Wdiscarded-qualifiers]
  870 |             LoadSkyboxPalette(skyboxCtx, 2, gMidosHouseBg3TLUT, 16, 16);
      |                                             ^~~~~~~~~~~~~~~~~~
/home/david/Documents/RockBox_Personal-master/devsrc/nano-soh-runtime/Shipwright/soh/src/code/z_vr_box.c:464:74: note: expected 'char *' but argument is of type 'const char *'
  464 | void LoadSkyboxPalette(SkyboxContext* skyboxCtx, int paletteIndex, char* palTex, int width, int height) {
      |                                                                    ~~~~~~^~~~~~
/home/david/Documents/RockBox_Personal-master/devsrc/nano-soh-runtime/Shipwright/soh/src/code/z_vr_box.c:875:44: warning: passing argument 4 of 'LoadSkyboxTex' discards 'const' qualifier from pointer target type [-Wdiscarded-qualifiers]
  875 |             LoadSkyboxTex(skyboxCtx, 0, 0, gSariasHouseBgTex, 256, 256, 256, 256);
      |                                            ^~~~~~~~~~~~~~~~~
/home/david/Documents/RockBox_Personal-master/devsrc/nano-soh-runtime/Shipwright/soh/src/code/z_vr_box.c:454:86: note: expected 'char *' but argument is of type 'const char *'
  454 | void LoadSkyboxTex(SkyboxContext* skyboxCtx, int segmentIndex, int imageIndex, char* tex, int width, int height,
      |                                                                                ~~~~~~^~~
/home/david/Documents/RockBox_Personal-master/devsrc/nano-soh-runtime/Shipwright/soh/src/code/z_vr_box.c:876:44: warning: passing argument 4 of 'LoadSkyboxTex' discards 'const' qualifier from pointer target type [-Wdiscarded-qualifiers]
  876 |             LoadSkyboxTex(skyboxCtx, 0, 1, gSariasHouse2BgTex, 256, 256, 256, 256);
      |                                            ^~~~~~~~~~~~~~~~~~
/home/david/Documents/RockBox_Personal-master/devsrc/nano-soh-runtime/Shipwright/soh/src/code/z_vr_box.c:454:86: note: expected 'char *' but argument is of type 'const char *'
  454 | void LoadSkyboxTex(SkyboxContext* skyboxCtx, int segmentIndex, int imageIndex, char* tex, int width, int height,
      |                                                                                ~~~~~~^~~
/home/david/Documents/RockBox_Personal-master/devsrc/nano-soh-runtime/Shipwright/soh/src/code/z_vr_box.c:877:44: warning: passing argument 4 of 'LoadSkyboxTex' discards 'const' qualifier from pointer target type [-Wdiscarded-qualifiers]
  877 |             LoadSkyboxTex(skyboxCtx, 0, 2, gSariasHouse3BgTex, 256, 256, 256, 256);
      |                                            ^~~~~~~~~~~~~~~~~~
/home/david/Documents/RockBox_Personal-master/devsrc/nano-soh-runtime/Shipwright/soh/src/code/z_vr_box.c:454:86: note: expected 'char *' but argument is of type 'const char *'
  454 | void LoadSkyboxTex(SkyboxContext* skyboxCtx, int segmentIndex, int imageIndex, char* tex, int width, int height,
      |                                                                                ~~~~~~^~~
/home/david/Documents/RockBox_Personal-master/devsrc/nano-soh-runtime/Shipwright/soh/src/code/z_vr_box.c:879:45: warning: passing argument 3 of 'LoadSkyboxPalette' discards 'const' qualifier from pointer target type [-Wdiscarded-qualifiers]
  879 |             LoadSkyboxPalette(skyboxCtx, 0, gSariasHouseBgTLUT, 16, 16);
      |                                             ^~~~~~~~~~~~~~~~~~
/home/david/Documents/RockBox_Personal-master/devsrc/nano-soh-runtime/Shipwright/soh/src/code/z_vr_box.c:464:74: note: expected 'char *' but argument is of type 'const char *'
  464 | void LoadSkyboxPalette(SkyboxContext* skyboxCtx, int paletteIndex, char* palTex, int width, int height) {
      |                                                                    ~~~~~~^~~~~~
/home/david/Documents/RockBox_Personal-master/devsrc/nano-soh-runtime/Shipwright/soh/src/code/z_vr_box.c:880:45: warning: passing argument 3 of 'LoadSkyboxPalette' discards 'const' qualifier from pointer target type [-Wdiscarded-qualifiers]
  880 |             LoadSkyboxPalette(skyboxCtx, 1, gSariasHouseBg2TLUT, 16, 16);
      |                                             ^~~~~~~~~~~~~~~~~~~
/home/david/Documents/RockBox_Personal-master/devsrc/nano-soh-runtime/Shipwright/soh/src/code/z_vr_box.c:464:74: note: expected 'char *' but argument is of type 'const char *'
  464 | void LoadSkyboxPalette(SkyboxContext* skyboxCtx, int paletteIndex, char* palTex, int width, int height) {
      |                                                                    ~~~~~~^~~~~~
/home/david/Documents/RockBox_Personal-master/devsrc/nano-soh-runtime/Shipwright/soh/src/code/z_vr_box.c:881:45: warning: passing argument 3 of 'LoadSkyboxPalette' discards 'const' qualifier from pointer target type [-Wdiscarded-qualifiers]
  881 |             LoadSkyboxPalette(skyboxCtx, 2, gSariasHouseBg3TLUT, 16, 16);
      |                                             ^~~~~~~~~~~~~~~~~~~
/home/david/Documents/RockBox_Personal-master/devsrc/nano-soh-runtime/Shipwright/soh/src/code/z_vr_box.c:464:74: note: expected 'char *' but argument is of type 'const char *'
  464 | void LoadSkyboxPalette(SkyboxContext* skyboxCtx, int paletteIndex, char* palTex, int width, int height) {
      |                                                                    ~~~~~~^~~~~~
/home/david/Documents/RockBox_Personal-master/devsrc/nano-soh-runtime/Shipwright/soh/src/code/z_vr_box.c:886:44: warning: passing argument 4 of 'LoadSkyboxTex' discards 'const' qualifier from pointer target type [-Wdiscarded-qualifiers]
  886 |             LoadSkyboxTex(skyboxCtx, 0, 0, gBackAlleyHouseBgTex, 256, 256, 256, 256);
      |                                            ^~~~~~~~~~~~~~~~~~~~
/home/david/Documents/RockBox_Personal-master/devsrc/nano-soh-runtime/Shipwright/soh/src/code/z_vr_box.c:454:86: note: expected 'char *' but argument is of type 'const char *'
  454 | void LoadSkyboxTex(SkyboxContext* skyboxCtx, int segmentIndex, int imageIndex, char* tex, int width, int height,
      |                                                                                ~~~~~~^~~
/home/david/Documents/RockBox_Personal-master/devsrc/nano-soh-runtime/Shipwright/soh/src/code/z_vr_box.c:887:44: warning: passing argument 4 of 'LoadSkyboxTex' discards 'const' qualifier from pointer target type [-Wdiscarded-qualifiers]
  887 |             LoadSkyboxTex(skyboxCtx, 0, 1, gBackAlleyHouse2BgTex, 256, 256, 256, 256);
      |                                            ^~~~~~~~~~~~~~~~~~~~~
/home/david/Documents/RockBox_Personal-master/devsrc/nano-soh-runtime/Shipwright/soh/src/code/z_vr_box.c:454:86: note: expected 'char *' but argument is of type 'const char *'
  454 | void LoadSkyboxTex(SkyboxContext* skyboxCtx, int segmentIndex, int imageIndex, char* tex, int width, int height,
      |                                                                                ~~~~~~^~~
/home/david/Documents/RockBox_Personal-master/devsrc/nano-soh-runtime/Shipwright/soh/src/code/z_vr_box.c:888:44: warning: passing argument 4 of 'LoadSkyboxTex' discards 'const' qualifier from pointer target type [-Wdiscarded-qualifiers]
  888 |             LoadSkyboxTex(skyboxCtx, 0, 2, gBackAlleyHouse3BgTex, 256, 256, 256, 256);
      |                                            ^~~~~~~~~~~~~~~~~~~~~
/home/david/Documents/RockBox_Personal-master/devsrc/nano-soh-runtime/Shipwright/soh/src/code/z_vr_box.c:454:86: note: expected 'char *' but argument is of type 'const char *'
  454 | void LoadSkyboxTex(SkyboxContext* skyboxCtx, int segmentIndex, int imageIndex, char* tex, int width, int height,
      |                                                                                ~~~~~~^~~
/home/david/Documents/RockBox_Personal-master/devsrc/nano-soh-runtime/Shipwright/soh/src/code/z_vr_box.c:890:45: warning: passing argument 3 of 'LoadSkyboxPalette' discards 'const' qualifier from pointer target type [-Wdiscarded-qualifiers]
  890 |             LoadSkyboxPalette(skyboxCtx, 0, gBackAlleyHouseBgTLUT, 16, 16);
      |                                             ^~~~~~~~~~~~~~~~~~~~~
/home/david/Documents/RockBox_Personal-master/devsrc/nano-soh-runtime/Shipwright/soh/src/code/z_vr_box.c:464:74: note: expected 'char *' but argument is of type 'const char *'
  464 | void LoadSkyboxPalette(SkyboxContext* skyboxCtx, int paletteIndex, char* palTex, int width, int height) {
      |                                                                    ~~~~~~^~~~~~
/home/david/Documents/RockBox_Personal-master/devsrc/nano-soh-runtime/Shipwright/soh/src/code/z_vr_box.c:891:45: warning: passing argument 3 of 'LoadSkyboxPalette' discards 'const' qualifier from pointer target type [-Wdiscarded-qualifiers]
  891 |             LoadSkyboxPalette(skyboxCtx, 1, gBackAlleyHouseBg2TLUT, 16, 16);
      |                                             ^~~~~~~~~~~~~~~~~~~~~~
/home/david/Documents/RockBox_Personal-master/devsrc/nano-soh-runtime/Shipwright/soh/src/code/z_vr_box.c:464:74: note: expected 'char *' but argument is of type 'const char *'
  464 | void LoadSkyboxPalette(SkyboxContext* skyboxCtx, int paletteIndex, char* palTex, int width, int height) {
      |                                                                    ~~~~~~^~~~~~
/home/david/Documents/RockBox_Personal-master/devsrc/nano-soh-runtime/Shipwright/soh/src/code/z_vr_box.c:892:45: warning: passing argument 3 of 'LoadSkyboxPalette' discards 'const' qualifier from pointer target type [-Wdiscarded-qualifiers]
  892 |             LoadSkyboxPalette(skyboxCtx, 2, gBackAlleyHouseBg3TLUT, 16, 16);
      |                                             ^~~~~~~~~~~~~~~~~~~~~~
/home/david/Documents/RockBox_Personal-master/devsrc/nano-soh-runtime/Shipwright/soh/src/code/z_vr_box.c:464:74: note: expected 'char *' but argument is of type 'const char *'
  464 | void LoadSkyboxPalette(SkyboxContext* skyboxCtx, int paletteIndex, char* palTex, int width, int height) {
      |                                                                    ~~~~~~^~~~~~
