/home/david/Documents/RockBox_Personal-master/devsrc/nano-soh-runtime/Shipwright/soh/src/overlays/misc/ovl_kaleido_scope/z_kaleido_scope_PAL.c:29:5: warning: initialization discards 'const' qualifier from pointer target type [-Wdiscarded-qualifiers]
   29 |     gPauseEquipment00FRATex, gPauseEquipment01Tex, gPauseEquipment02Tex, gPauseEquipment03Tex, gPauseEquipment04Tex,
      |     ^~~~~~~~~~~~~~~~~~~~~~~
/home/david/Documents/RockBox_Personal-master/devsrc/nano-soh-runtime/Shipwright/soh/src/overlays/misc/ovl_kaleido_scope/z_kaleido_scope_PAL.c:29:30: warning: initialization discards 'const' qualifier from pointer target type [-Wdiscarded-qualifiers]
   29 |     gPauseEquipment00FRATex, gPauseEquipment01Tex, gPauseEquipment02Tex, gPauseEquipment03Tex, gPauseEquipment04Tex,
      |                              ^~~~~~~~~~~~~~~~~~~~
/home/david/Documents/RockBox_Personal-master/devsrc/nano-soh-runtime/Shipwright/soh/src/overlays/misc/ovl_kaleido_scope/z_kaleido_scope_PAL.c:29:52: warning: initialization discards 'const' qualifier from pointer target type [-Wdiscarded-qualifiers]
   29 |     gPauseEquipment00FRATex, gPauseEquipment01Tex, gPauseEquipment02Tex, gPauseEquipment03Tex, gPauseEquipment04Tex,
      |                                                    ^~~~~~~~~~~~~~~~~~~~
/home/david/Documents/RockBox_Personal-master/devsrc/nano-soh-runtime/Shipwright/soh/src/overlays/misc/ovl_kaleido_scope/z_kaleido_scope_PAL.c:29:74: warning: initialization discards 'const' qualifier from pointer target type [-Wdiscarded-qualifiers]
   29 |     gPauseEquipment00FRATex, gPauseEquipment01Tex, gPauseEquipment02Tex, gPauseEquipment03Tex, gPauseEquipment04Tex,
      |                                                                          ^~~~~~~~~~~~~~~~~~~~
/home/david/Documents/RockBox_Personal-master/devsrc/nano-soh-runtime/Shipwright/soh/src/overlays/misc/ovl_kaleido_scope/z_kaleido_scope_PAL.c:29:96: warning: initialization discards 'const' qualifier from pointer target type [-Wdiscarded-qualifiers]
   29 |     gPauseEquipment00FRATex, gPauseEquipment01Tex, gPauseEquipment02Tex, gPauseEquipment03Tex, gPauseEquipment04Tex,
      |                                                                                                ^~~~~~~~~~~~~~~~~~~~
/home/david/Documents/RockBox_Personal-master/devsrc/nano-soh-runtime/Shipwright/soh/src/overlays/misc/ovl_kaleido_scope/z_kaleido_scope_PAL.c:30:5: warning: initialization discards 'const' qualifier from pointer target type [-Wdiscarded-qualifiers]
   30 |     gPauseEquipment10FRATex, gPauseEquipment11Tex, gPauseEquipment12Tex, gPauseEquipment13Tex, gPauseEquipment14Tex,
      |     ^~~~~~~~~~~~~~~~~~~~~~~
/home/david/Documents/RockBox_Personal-master/devsrc/nano-soh-runtime/Shipwright/soh/src/overlays/misc/ovl_kaleido_scope/z_kaleido_scope_PAL.c:30:30: warning: initialization discards 'const' qualifier from pointer target type [-Wdiscarded-qualifiers]
   30 |     gPauseEquipment10FRATex, gPauseEquipment11Tex, gPauseEquipment12Tex, gPauseEquipment13Tex, gPauseEquipment14Tex,
      |                              ^~~~~~~~~~~~~~~~~~~~
/home/david/Documents/RockBox_Personal-master/devsrc/nano-soh-runtime/Shipwright/soh/src/overlays/misc/ovl_kaleido_scope/z_kaleido_scope_PAL.c:30:52: warning: initialization discards 'const' qualifier from pointer target type [-Wdiscarded-qualifiers]
   30 |     gPauseEquipment10FRATex, gPauseEquipment11Tex, gPauseEquipment12Tex, gPauseEquipment13Tex, gPauseEquipment14Tex,
      |                                                    ^~~~~~~~~~~~~~~~~~~~
/home/david/Documents/RockBox_Personal-master/devsrc/nano-soh-runtime/Shipwright/soh/src/overlays/misc/ovl_kaleido_scope/z_kaleido_scope_PAL.c:30:74: warning: initialization discards 'const' qualifier from pointer target type [-Wdiscarded-qualifiers]
   30 |     gPauseEquipment10FRATex, gPauseEquipment11Tex, gPauseEquipment12Tex, gPauseEquipment13Tex, gPauseEquipment14Tex,
      |                                                                          ^~~~~~~~~~~~~~~~~~~~
/home/david/Documents/RockBox_Personal-master/devsrc/nano-soh-runtime/Shipwright/soh/src/overlays/misc/ovl_kaleido_scope/z_kaleido_scope_PAL.c:30:96: warning: initialization discards 'const' qualifier from pointer target type [-Wdiscarded-qualifiers]
   30 |     gPauseEquipment10FRATex, gPauseEquipment11Tex, gPauseEquipment12Tex, gPauseEquipment13Tex, gPauseEquipment14Tex,
      |                                                                                                ^~~~~~~~~~~~~~~~~~~~
/home/david/Documents/RockBox_Personal-master/devsrc/nano-soh-runtime/Shipwright/soh/src/overlays/misc/ovl_kaleido_scope/z_kaleido_scope_PAL.c:31:5: warning: initialization discards 'const' qualifier from pointer target type [-Wdiscarded-qualifiers]
   31 |     gPauseEquipment20FRATex, gPauseEquipment21Tex, gPauseEquipment22Tex, gPauseEquipment23Tex, gPauseEquipment24Tex,
      |     ^~~~~~~~~~~~~~~~~~~~~~~
/home/david/Documents/RockBox_Personal-master/devsrc/nano-soh-runtime/Shipwright/soh/src/overlays/misc/ovl_kaleido_scope/z_kaleido_scope_PAL.c:31:30: warning: initialization discards 'const' qualifier from pointer target type [-Wdiscarded-qualifiers]
   31 |     gPauseEquipment20FRATex, gPauseEquipment21Tex, gPauseEquipment22Tex, gPauseEquipment23Tex, gPauseEquipment24Tex,
      |                              ^~~~~~~~~~~~~~~~~~~~
/home/david/Documents/RockBox_Personal-master/devsrc/nano-soh-runtime/Shipwright/soh/src/overlays/misc/ovl_kaleido_scope/z_kaleido_scope_PAL.c:31:52: warning: initialization discards 'const' qualifier from pointer target type [-Wdiscarded-qualifiers]
   31 |     gPauseEquipment20FRATex, gPauseEquipment21Tex, gPauseEquipment22Tex, gPauseEquipment23Tex, gPauseEquipment24Tex,
      |                                                    ^~~~~~~~~~~~~~~~~~~~
/home/david/Documents/RockBox_Personal-master/devsrc/nano-soh-runtime/Shipwright/soh/src/overlays/misc/ovl_kaleido_scope/z_kaleido_scope_PAL.c:31:74: warning: initialization discards 'const' qualifier from pointer target type [-Wdiscarded-qualifiers]
   31 |     gPauseEquipment20FRATex, gPauseEquipment21Tex, gPauseEquipment22Tex, gPauseEquipment23Tex, gPauseEquipment24Tex,
      |                                                                          ^~~~~~~~~~~~~~~~~~~~
/home/david/Documents/RockBox_Personal-master/devsrc/nano-soh-runtime/Shipwright/soh/src/overlays/misc/ovl_kaleido_scope/z_kaleido_scope_PAL.c:31:96: warning: initialization discards 'const' qualifier from pointer target type [-Wdiscarded-qualifiers]
   31 |     gPauseEquipment20FRATex, gPauseEquipment21Tex, gPauseEquipment22Tex, gPauseEquipment23Tex, gPauseEquipment24Tex,
      |                                                                                                ^~~~~~~~~~~~~~~~~~~~
/home/david/Documents/RockBox_Personal-master/devsrc/nano-soh-runtime/Shipwright/soh/src/overlays/misc/ovl_kaleido_scope/z_kaleido_scope_PAL.c:34:5: warning: initialization discards 'const' qualifier from pointer target type [-Wdiscarded-qualifiers]
   34 |     gPauseSelectItem00FRATex, gPauseSelectItem01Tex,    gPauseSelectItem02Tex,    gPauseSelectItem03Tex,
      |     ^~~~~~~~~~~~~~~~~~~~~~~~
/home/david/Documents/RockBox_Personal-master/devsrc/nano-soh-runtime/Shipwright/soh/src/overlays/misc/ovl_kaleido_scope/z_kaleido_scope_PAL.c:34:31: warning: initialization discards 'const' qualifier from pointer target type [-Wdiscarded-qualifiers]
   34 |     gPauseSelectItem00FRATex, gPauseSelectItem01Tex,    gPauseSelectItem02Tex,    gPauseSelectItem03Tex,
      |                               ^~~~~~~~~~~~~~~~~~~~~
/home/david/Documents/RockBox_Personal-master/devsrc/nano-soh-runtime/Shipwright/soh/src/overlays/misc/ovl_kaleido_scope/z_kaleido_scope_PAL.c:34:57: warning: initialization discards 'const' qualifier from pointer target type [-Wdiscarded-qualifiers]
   34 |     gPauseSelectItem00FRATex, gPauseSelectItem01Tex,    gPauseSelectItem02Tex,    gPauseSelectItem03Tex,
      |                                                         ^~~~~~~~~~~~~~~~~~~~~
/home/david/Documents/RockBox_Personal-master/devsrc/nano-soh-runtime/Shipwright/soh/src/overlays/misc/ovl_kaleido_scope/z_kaleido_scope_PAL.c:34:83: warning: initialization discards 'const' qualifier from pointer target type [-Wdiscarded-qualifiers]
   34 |     gPauseSelectItem00FRATex, gPauseSelectItem01Tex,    gPauseSelectItem02Tex,    gPauseSelectItem03Tex,
      |                                                                                   ^~~~~~~~~~~~~~~~~~~~~
/home/david/Documents/RockBox_Personal-master/devsrc/nano-soh-runtime/Shipwright/soh/src/overlays/misc/ovl_kaleido_scope/z_kaleido_scope_PAL.c:35:5: warning: initialization discards 'const' qualifier from pointer target type [-Wdiscarded-qualifiers]
   35 |     gPauseSelectItem04Tex,    gPauseSelectItem10FRATex, gPauseSelectItem11Tex,    gPauseSelectItem12Tex,
      |     ^~~~~~~~~~~~~~~~~~~~~
/home/david/Documents/RockBox_Personal-master/devsrc/nano-soh-runtime/Shipwright/soh/src/overlays/misc/ovl_kaleido_scope/z_kaleido_scope_PAL.c:35:31: warning: initialization discards 'const' qualifier from pointer target type [-Wdiscarded-qualifiers]
   35 |     gPauseSelectItem04Tex,    gPauseSelectItem10FRATex, gPauseSelectItem11Tex,    gPauseSelectItem12Tex,
      |                               ^~~~~~~~~~~~~~~~~~~~~~~~
/home/david/Documents/RockBox_Personal-master/devsrc/nano-soh-runtime/Shipwright/soh/src/overlays/misc/ovl_kaleido_scope/z_kaleido_scope_PAL.c:35:57: warning: initialization discards 'const' qualifier from pointer target type [-Wdiscarded-qualifiers]
   35 |     gPauseSelectItem04Tex,    gPauseSelectItem10FRATex, gPauseSelectItem11Tex,    gPauseSelectItem12Tex,
      |                                                         ^~~~~~~~~~~~~~~~~~~~~
/home/david/Documents/RockBox_Personal-master/devsrc/nano-soh-runtime/Shipwright/soh/src/overlays/misc/ovl_kaleido_scope/z_kaleido_scope_PAL.c:35:83: warning: initialization discards 'const' qualifier from pointer target type [-Wdiscarded-qualifiers]
   35 |     gPauseSelectItem04Tex,    gPauseSelectItem10FRATex, gPauseSelectItem11Tex,    gPauseSelectItem12Tex,
      |                                                                                   ^~~~~~~~~~~~~~~~~~~~~
/home/david/Documents/RockBox_Personal-master/devsrc/nano-soh-runtime/Shipwright/soh/src/overlays/misc/ovl_kaleido_scope/z_kaleido_scope_PAL.c:36:5: warning: initialization discards 'const' qualifier from pointer target type [-Wdiscarded-qualifiers]
   36 |     gPauseSelectItem13Tex,    gPauseSelectItem14Tex,    gPauseSelectItem20FRATex, gPauseSelectItem21Tex,
      |     ^~~~~~~~~~~~~~~~~~~~~
/home/david/Documents/RockBox_Personal-master/devsrc/nano-soh-runtime/Shipwright/soh/src/overlays/misc/ovl_kaleido_scope/z_kaleido_scope_PAL.c:36:31: warning: initialization discards 'const' qualifier from pointer target type [-Wdiscarded-qualifiers]
   36 |     gPauseSelectItem13Tex,    gPauseSelectItem14Tex,    gPauseSelectItem20FRATex, gPauseSelectItem21Tex,
      |                               ^~~~~~~~~~~~~~~~~~~~~
/home/david/Documents/RockBox_Personal-master/devsrc/nano-soh-runtime/Shipwright/soh/src/overlays/misc/ovl_kaleido_scope/z_kaleido_scope_PAL.c:36:57: warning: initialization discards 'const' qualifier from pointer target type [-Wdiscarded-qualifiers]
   36 |     gPauseSelectItem13Tex,    gPauseSelectItem14Tex,    gPauseSelectItem20FRATex, gPauseSelectItem21Tex,
      |                                                         ^~~~~~~~~~~~~~~~~~~~~~~~
/home/david/Documents/RockBox_Personal-master/devsrc/nano-soh-runtime/Shipwright/soh/src/overlays/misc/ovl_kaleido_scope/z_kaleido_scope_PAL.c:36:83: warning: initialization discards 'const' qualifier from pointer target type [-Wdiscarded-qualifiers]
   36 |     gPauseSelectItem13Tex,    gPauseSelectItem14Tex,    gPauseSelectItem20FRATex, gPauseSelectItem21Tex,
      |                                                                                   ^~~~~~~~~~~~~~~~~~~~~
/home/david/Documents/RockBox_Personal-master/devsrc/nano-soh-runtime/Shipwright/soh/src/overlays/misc/ovl_kaleido_scope/z_kaleido_scope_PAL.c:37:5: warning: initialization discards 'const' qualifier from pointer target type [-Wdiscarded-qualifiers]
   37 |     gPauseSelectItem22Tex,    gPauseSelectItem23Tex,    gPauseSelectItem24Tex,
      |     ^~~~~~~~~~~~~~~~~~~~~
/home/david/Documents/RockBox_Personal-master/devsrc/nano-soh-runtime/Shipwright/soh/src/overlays/misc/ovl_kaleido_scope/z_kaleido_scope_PAL.c:37:31: warning: initialization discards 'const' qualifier from pointer target type [-Wdiscarded-qualifiers]
   37 |     gPauseSelectItem22Tex,    gPauseSelectItem23Tex,    gPauseSelectItem24Tex,
      |                               ^~~~~~~~~~~~~~~~~~~~~
/home/david/Documents/RockBox_Personal-master/devsrc/nano-soh-runtime/Shipwright/soh/src/overlays/misc/ovl_kaleido_scope/z_kaleido_scope_PAL.c:37:57: warning: initialization discards 'const' qualifier from pointer target type [-Wdiscarded-qualifiers]
   37 |     gPauseSelectItem22Tex,    gPauseSelectItem23Tex,    gPauseSelectItem24Tex,
      |                                                         ^~~~~~~~~~~~~~~~~~~~~
/home/david/Documents/RockBox_Personal-master/devsrc/nano-soh-runtime/Shipwright/soh/src/overlays/misc/ovl_kaleido_scope/z_kaleido_scope_PAL.c:40:5: warning: initialization discards 'const' qualifier from pointer target type [-Wdiscarded-qualifiers]
   40 |     gPauseMap00Tex,    gPauseMap01Tex, gPauseMap02Tex, gPauseMap03Tex, gPauseMap04Tex,
      |     ^~~~~~~~~~~~~~
/home/david/Documents/RockBox_Personal-master/devsrc/nano-soh-runtime/Shipwright/soh/src/overlays/misc/ovl_kaleido_scope/z_kaleido_scope_PAL.c:40:24: warning: initialization discards 'const' qualifier from pointer target type [-Wdiscarded-qualifiers]
   40 |     gPauseMap00Tex,    gPauseMap01Tex, gPauseMap02Tex, gPauseMap03Tex, gPauseMap04Tex,
      |                        ^~~~~~~~~~~~~~
/home/david/Documents/RockBox_Personal-master/devsrc/nano-soh-runtime/Shipwright/soh/src/overlays/misc/ovl_kaleido_scope/z_kaleido_scope_PAL.c:40:40: warning: initialization discards 'const' qualifier from pointer target type [-Wdiscarded-qualifiers]
   40 |     gPauseMap00Tex,    gPauseMap01Tex, gPauseMap02Tex, gPauseMap03Tex, gPauseMap04Tex,
      |                                        ^~~~~~~~~~~~~~
/home/david/Documents/RockBox_Personal-master/devsrc/nano-soh-runtime/Shipwright/soh/src/overlays/misc/ovl_kaleido_scope/z_kaleido_scope_PAL.c:40:56: warning: initialization discards 'const' qualifier from pointer target type [-Wdiscarded-qualifiers]
   40 |     gPauseMap00Tex,    gPauseMap01Tex, gPauseMap02Tex, gPauseMap03Tex, gPauseMap04Tex,
      |                                                        ^~~~~~~~~~~~~~
/home/david/Documents/RockBox_Personal-master/devsrc/nano-soh-runtime/Shipwright/soh/src/overlays/misc/ovl_kaleido_scope/z_kaleido_scope_PAL.c:40:72: warning: initialization discards 'const' qualifier from pointer target type [-Wdiscarded-qualifiers]
   40 |     gPauseMap00Tex,    gPauseMap01Tex, gPauseMap02Tex, gPauseMap03Tex, gPauseMap04Tex,
      |                                                                        ^~~~~~~~~~~~~~
/home/david/Documents/RockBox_Personal-master/devsrc/nano-soh-runtime/Shipwright/soh/src/overlays/misc/ovl_kaleido_scope/z_kaleido_scope_PAL.c:41:5: warning: initialization discards 'const' qualifier from pointer target type [-Wdiscarded-qualifiers]
   41 |     gPauseMap10FRATex, gPauseMap11Tex, gPauseMap12Tex, gPauseMap13Tex, gPauseMap14Tex,
      |     ^~~~~~~~~~~~~~~~~
/home/david/Documents/RockBox_Personal-master/devsrc/nano-soh-runtime/Shipwright/soh/src/overlays/misc/ovl_kaleido_scope/z_kaleido_scope_PAL.c:41:24: warning: initialization discards 'const' qualifier from pointer target type [-Wdiscarded-qualifiers]
   41 |     gPauseMap10FRATex, gPauseMap11Tex, gPauseMap12Tex, gPauseMap13Tex, gPauseMap14Tex,
      |                        ^~~~~~~~~~~~~~
/home/david/Documents/RockBox_Personal-master/devsrc/nano-soh-runtime/Shipwright/soh/src/overlays/misc/ovl_kaleido_scope/z_kaleido_scope_PAL.c:41:40: warning: initialization discards 'const' qualifier from pointer target type [-Wdiscarded-qualifiers]
   41 |     gPauseMap10FRATex, gPauseMap11Tex, gPauseMap12Tex, gPauseMap13Tex, gPauseMap14Tex,
      |                                        ^~~~~~~~~~~~~~
/home/david/Documents/RockBox_Personal-master/devsrc/nano-soh-runtime/Shipwright/soh/src/overlays/misc/ovl_kaleido_scope/z_kaleido_scope_PAL.c:41:56: warning: initialization discards 'const' qualifier from pointer target type [-Wdiscarded-qualifiers]
   41 |     gPauseMap10FRATex, gPauseMap11Tex, gPauseMap12Tex, gPauseMap13Tex, gPauseMap14Tex,
      |                                                        ^~~~~~~~~~~~~~
/home/david/Documents/RockBox_Personal-master/devsrc/nano-soh-runtime/Shipwright/soh/src/overlays/misc/ovl_kaleido_scope/z_kaleido_scope_PAL.c:41:72: warning: initialization discards 'const' qualifier from pointer target type [-Wdiscarded-qualifiers]
   41 |     gPauseMap10FRATex, gPauseMap11Tex, gPauseMap12Tex, gPauseMap13Tex, gPauseMap14Tex,
      |                                                                        ^~~~~~~~~~~~~~
/home/david/Documents/RockBox_Personal-master/devsrc/nano-soh-runtime/Shipwright/soh/src/overlays/misc/ovl_kaleido_scope/z_kaleido_scope_PAL.c:42:5: warning: initialization discards 'const' qualifier from pointer target type [-Wdiscarded-qualifiers]
   42 |     gPauseMap20Tex,    gPauseMap21Tex, gPauseMap22Tex, gPauseMap23Tex, gPauseMap24Tex,
      |     ^~~~~~~~~~~~~~
/home/david/Documents/RockBox_Personal-master/devsrc/nano-soh-runtime/Shipwright/soh/src/overlays/misc/ovl_kaleido_scope/z_kaleido_scope_PAL.c:42:24: warning: initialization discards 'const' qualifier from pointer target type [-Wdiscarded-qualifiers]
   42 |     gPauseMap20Tex,    gPauseMap21Tex, gPauseMap22Tex, gPauseMap23Tex, gPauseMap24Tex,
      |                        ^~~~~~~~~~~~~~
/home/david/Documents/RockBox_Personal-master/devsrc/nano-soh-runtime/Shipwright/soh/src/overlays/misc/ovl_kaleido_scope/z_kaleido_scope_PAL.c:42:40: warning: initialization discards 'const' qualifier from pointer target type [-Wdiscarded-qualifiers]
   42 |     gPauseMap20Tex,    gPauseMap21Tex, gPauseMap22Tex, gPauseMap23Tex, gPauseMap24Tex,
      |                                        ^~~~~~~~~~~~~~
/home/david/Documents/RockBox_Personal-master/devsrc/nano-soh-runtime/Shipwright/soh/src/overlays/misc/ovl_kaleido_scope/z_kaleido_scope_PAL.c:42:56: warning: initialization discards 'const' qualifier from pointer target type [-Wdiscarded-qualifiers]
   42 |     gPauseMap20Tex,    gPauseMap21Tex, gPauseMap22Tex, gPauseMap23Tex, gPauseMap24Tex,
      |                                                        ^~~~~~~~~~~~~~
/home/david/Documents/RockBox_Personal-master/devsrc/nano-soh-runtime/Shipwright/soh/src/overlays/misc/ovl_kaleido_scope/z_kaleido_scope_PAL.c:42:72: warning: initialization discards 'const' qualifier from pointer target type [-Wdiscarded-qualifiers]
   42 |     gPauseMap20Tex,    gPauseMap21Tex, gPauseMap22Tex, gPauseMap23Tex, gPauseMap24Tex,
      |                                                                        ^~~~~~~~~~~~~~
/home/david/Documents/RockBox_Personal-master/devsrc/nano-soh-runtime/Shipwright/soh/src/overlays/misc/ovl_kaleido_scope/z_kaleido_scope_PAL.c:45:5: warning: initialization discards 'const' qualifier from pointer target type [-Wdiscarded-qualifiers]
   45 |     gPauseQuestStatus00Tex, gPauseQuestStatus01Tex,    gPauseQuestStatus02Tex, gPauseQuestStatus03Tex,
      |     ^~~~~~~~~~~~~~~~~~~~~~
/home/david/Documents/RockBox_Personal-master/devsrc/nano-soh-runtime/Shipwright/soh/src/overlays/misc/ovl_kaleido_scope/z_kaleido_scope_PAL.c:45:29: warning: initialization discards 'const' qualifier from pointer target type [-Wdiscarded-qualifiers]
   45 |     gPauseQuestStatus00Tex, gPauseQuestStatus01Tex,    gPauseQuestStatus02Tex, gPauseQuestStatus03Tex,
      |                             ^~~~~~~~~~~~~~~~~~~~~~
/home/david/Documents/RockBox_Personal-master/devsrc/nano-soh-runtime/Shipwright/soh/src/overlays/misc/ovl_kaleido_scope/z_kaleido_scope_PAL.c:45:56: warning: initialization discards 'const' qualifier from pointer target type [-Wdiscarded-qualifiers]
   45 |     gPauseQuestStatus00Tex, gPauseQuestStatus01Tex,    gPauseQuestStatus02Tex, gPauseQuestStatus03Tex,
      |                                                        ^~~~~~~~~~~~~~~~~~~~~~
/home/david/Documents/RockBox_Personal-master/devsrc/nano-soh-runtime/Shipwright/soh/src/overlays/misc/ovl_kaleido_scope/z_kaleido_scope_PAL.c:45:80: warning: initialization discards 'const' qualifier from pointer target type [-Wdiscarded-qualifiers]
   45 |     gPauseQuestStatus00Tex, gPauseQuestStatus01Tex,    gPauseQuestStatus02Tex, gPauseQuestStatus03Tex,
      |                                                                                ^~~~~~~~~~~~~~~~~~~~~~
/home/david/Documents/RockBox_Personal-master/devsrc/nano-soh-runtime/Shipwright/soh/src/overlays/misc/ovl_kaleido_scope/z_kaleido_scope_PAL.c:46:5: warning: initialization discards 'const' qualifier from pointer target type [-Wdiscarded-qualifiers]
   46 |     gPauseQuestStatus04Tex, gPauseQuestStatus10FRATex, gPauseQuestStatus11Tex, gPauseQuestStatus12Tex,
      |     ^~~~~~~~~~~~~~~~~~~~~~
/home/david/Documents/RockBox_Personal-master/devsrc/nano-soh-runtime/Shipwright/soh/src/overlays/misc/ovl_kaleido_scope/z_kaleido_scope_PAL.c:46:29: warning: initialization discards 'const' qualifier from pointer target type [-Wdiscarded-qualifiers]
   46 |     gPauseQuestStatus04Tex, gPauseQuestStatus10FRATex, gPauseQuestStatus11Tex, gPauseQuestStatus12Tex,
      |                             ^~~~~~~~~~~~~~~~~~~~~~~~~
/home/david/Documents/RockBox_Personal-master/devsrc/nano-soh-runtime/Shipwright/soh/src/overlays/misc/ovl_kaleido_scope/z_kaleido_scope_PAL.c:46:56: warning: initialization discards 'const' qualifier from pointer target type [-Wdiscarded-qualifiers]
   46 |     gPauseQuestStatus04Tex, gPauseQuestStatus10FRATex, gPauseQuestStatus11Tex, gPauseQuestStatus12Tex,
      |                                                        ^~~~~~~~~~~~~~~~~~~~~~
/home/david/Documents/RockBox_Personal-master/devsrc/nano-soh-runtime/Shipwright/soh/src/overlays/misc/ovl_kaleido_scope/z_kaleido_scope_PAL.c:46:80: warning: initialization discards 'const' qualifier from pointer target type [-Wdiscarded-qualifiers]
   46 |     gPauseQuestStatus04Tex, gPauseQuestStatus10FRATex, gPauseQuestStatus11Tex, gPauseQuestStatus12Tex,
      |                                                                                ^~~~~~~~~~~~~~~~~~~~~~
/home/david/Documents/RockBox_Personal-master/devsrc/nano-soh-runtime/Shipwright/soh/src/overlays/misc/ovl_kaleido_scope/z_kaleido_scope_PAL.c:47:5: warning: initialization discards 'const' qualifier from pointer target type [-Wdiscarded-qualifiers]
   47 |     gPauseQuestStatus13Tex, gPauseQuestStatus14Tex,    gPauseQuestStatus20Tex, gPauseQuestStatus21Tex,
      |     ^~~~~~~~~~~~~~~~~~~~~~
/home/david/Documents/RockBox_Personal-master/devsrc/nano-soh-runtime/Shipwright/soh/src/overlays/misc/ovl_kaleido_scope/z_kaleido_scope_PAL.c:47:29: warning: initialization discards 'const' qualifier from pointer target type [-Wdiscarded-qualifiers]
   47 |     gPauseQuestStatus13Tex, gPauseQuestStatus14Tex,    gPauseQuestStatus20Tex, gPauseQuestStatus21Tex,
      |                             ^~~~~~~~~~~~~~~~~~~~~~
/home/david/Documents/RockBox_Personal-master/devsrc/nano-soh-runtime/Shipwright/soh/src/overlays/misc/ovl_kaleido_scope/z_kaleido_scope_PAL.c:47:56: warning: initialization discards 'const' qualifier from pointer target type [-Wdiscarded-qualifiers]
   47 |     gPauseQuestStatus13Tex, gPauseQuestStatus14Tex,    gPauseQuestStatus20Tex, gPauseQuestStatus21Tex,
      |                                                        ^~~~~~~~~~~~~~~~~~~~~~
/home/david/Documents/RockBox_Personal-master/devsrc/nano-soh-runtime/Shipwright/soh/src/overlays/misc/ovl_kaleido_scope/z_kaleido_scope_PAL.c:47:80: warning: initialization discards 'const' qualifier from pointer target type [-Wdiscarded-qualifiers]
   47 |     gPauseQuestStatus13Tex, gPauseQuestStatus14Tex,    gPauseQuestStatus20Tex, gPauseQuestStatus21Tex,
      |                                                                                ^~~~~~~~~~~~~~~~~~~~~~
/home/david/Documents/RockBox_Personal-master/devsrc/nano-soh-runtime/Shipwright/soh/src/overlays/misc/ovl_kaleido_scope/z_kaleido_scope_PAL.c:48:5: warning: initialization discards 'const' qualifier from pointer target type [-Wdiscarded-qualifiers]
   48 |     gPauseQuestStatus22Tex, gPauseQuestStatus23Tex,    gPauseQuestStatus24Tex,
      |     ^~~~~~~~~~~~~~~~~~~~~~
/home/david/Documents/RockBox_Personal-master/devsrc/nano-soh-runtime/Shipwright/soh/src/overlays/misc/ovl_kaleido_scope/z_kaleido_scope_PAL.c:48:29: warning: initialization discards 'const' qualifier from pointer target type [-Wdiscarded-qualifiers]
   48 |     gPauseQuestStatus22Tex, gPauseQuestStatus23Tex,    gPauseQuestStatus24Tex,
      |                             ^~~~~~~~~~~~~~~~~~~~~~
/home/david/Documents/RockBox_Personal-master/devsrc/nano-soh-runtime/Shipwright/soh/src/overlays/misc/ovl_kaleido_scope/z_kaleido_scope_PAL.c:48:56: warning: initialization discards 'const' qualifier from pointer target type [-Wdiscarded-qualifiers]
   48 |     gPauseQuestStatus22Tex, gPauseQuestStatus23Tex,    gPauseQuestStatus24Tex,
      |                                                        ^~~~~~~~~~~~~~~~~~~~~~
/home/david/Documents/RockBox_Personal-master/devsrc/nano-soh-runtime/Shipwright/soh/src/overlays/misc/ovl_kaleido_scope/z_kaleido_scope_PAL.c:51:5: warning: initialization discards 'const' qualifier from pointer target type [-Wdiscarded-qualifiers]
   51 |     gPauseSave00FRATex, gPauseSave01Tex, gPauseSave02Tex, gPauseSave03Tex, gPauseSave04Tex,
      |     ^~~~~~~~~~~~~~~~~~
/home/david/Documents/RockBox_Personal-master/devsrc/nano-soh-runtime/Shipwright/soh/src/overlays/misc/ovl_kaleido_scope/z_kaleido_scope_PAL.c:51:25: warning: initialization discards 'const' qualifier from pointer target type [-Wdiscarded-qualifiers]
   51 |     gPauseSave00FRATex, gPauseSave01Tex, gPauseSave02Tex, gPauseSave03Tex, gPauseSave04Tex,
      |                         ^~~~~~~~~~~~~~~
/home/david/Documents/RockBox_Personal-master/devsrc/nano-soh-runtime/Shipwright/soh/src/overlays/misc/ovl_kaleido_scope/z_kaleido_scope_PAL.c:51:42: warning: initialization discards 'const' qualifier from pointer target type [-Wdiscarded-qualifiers]
   51 |     gPauseSave00FRATex, gPauseSave01Tex, gPauseSave02Tex, gPauseSave03Tex, gPauseSave04Tex,
      |                                          ^~~~~~~~~~~~~~~
/home/david/Documents/RockBox_Personal-master/devsrc/nano-soh-runtime/Shipwright/soh/src/overlays/misc/ovl_kaleido_scope/z_kaleido_scope_PAL.c:51:59: warning: initialization discards 'const' qualifier from pointer target type [-Wdiscarded-qualifiers]
   51 |     gPauseSave00FRATex, gPauseSave01Tex, gPauseSave02Tex, gPauseSave03Tex, gPauseSave04Tex,
      |                                                           ^~~~~~~~~~~~~~~
/home/david/Documents/RockBox_Personal-master/devsrc/nano-soh-runtime/Shipwright/soh/src/overlays/misc/ovl_kaleido_scope/z_kaleido_scope_PAL.c:51:76: warning: initialization discards 'const' qualifier from pointer target type [-Wdiscarded-qualifiers]
   51 |     gPauseSave00FRATex, gPauseSave01Tex, gPauseSave02Tex, gPauseSave03Tex, gPauseSave04Tex,
      |                                                                            ^~~~~~~~~~~~~~~
/home/david/Documents/RockBox_Personal-master/devsrc/nano-soh-runtime/Shipwright/soh/src/overlays/misc/ovl_kaleido_scope/z_kaleido_scope_PAL.c:52:5: warning: initialization discards 'const' qualifier from pointer target type [-Wdiscarded-qualifiers]
   52 |     gPauseSave10FRATex, gPauseSave11Tex, gPauseSave12Tex, gPauseSave13Tex, gPauseSave14Tex,
      |     ^~~~~~~~~~~~~~~~~~
/home/david/Documents/RockBox_Personal-master/devsrc/nano-soh-runtime/Shipwright/soh/src/overlays/misc/ovl_kaleido_scope/z_kaleido_scope_PAL.c:52:25: warning: initialization discards 'const' qualifier from pointer target type [-Wdiscarded-qualifiers]
   52 |     gPauseSave10FRATex, gPauseSave11Tex, gPauseSave12Tex, gPauseSave13Tex, gPauseSave14Tex,
      |                         ^~~~~~~~~~~~~~~
/home/david/Documents/RockBox_Personal-master/devsrc/nano-soh-runtime/Shipwright/soh/src/overlays/misc/ovl_kaleido_scope/z_kaleido_scope_PAL.c:52:42: warning: initialization discards 'const' qualifier from pointer target type [-Wdiscarded-qualifiers]
   52 |     gPauseSave10FRATex, gPauseSave11Tex, gPauseSave12Tex, gPauseSave13Tex, gPauseSave14Tex,
      |                                          ^~~~~~~~~~~~~~~
/home/david/Documents/RockBox_Personal-master/devsrc/nano-soh-runtime/Shipwright/soh/src/overlays/misc/ovl_kaleido_scope/z_kaleido_scope_PAL.c:52:59: warning: initialization discards 'const' qualifier from pointer target type [-Wdiscarded-qualifiers]
   52 |     gPauseSave10FRATex, gPauseSave11Tex, gPauseSave12Tex, gPauseSave13Tex, gPauseSave14Tex,
      |                                                           ^~~~~~~~~~~~~~~
/home/david/Documents/RockBox_Personal-master/devsrc/nano-soh-runtime/Shipwright/soh/src/overlays/misc/ovl_kaleido_scope/z_kaleido_scope_PAL.c:52:76: warning: initialization discards 'const' qualifier from pointer target type [-Wdiscarded-qualifiers]
   52 |     gPauseSave10FRATex, gPauseSave11Tex, gPauseSave12Tex, gPauseSave13Tex, gPauseSave14Tex,
      |                                                                            ^~~~~~~~~~~~~~~
/home/david/Documents/RockBox_Personal-master/devsrc/nano-soh-runtime/Shipwright/soh/src/overlays/misc/ovl_kaleido_scope/z_kaleido_scope_PAL.c:53:5: warning: initialization discards 'const' qualifier from pointer target type [-Wdiscarded-qualifiers]
   53 |     gPauseSave20FRATex, gPauseSave21Tex, gPauseSave22Tex, gPauseSave23Tex, gPauseSave24Tex,
      |     ^~~~~~~~~~~~~~~~~~
/home/david/Documents/RockBox_Personal-master/devsrc/nano-soh-runtime/Shipwright/soh/src/overlays/misc/ovl_kaleido_scope/z_kaleido_scope_PAL.c:53:25: warning: initialization discards 'const' qualifier from pointer target type [-Wdiscarded-qualifiers]
   53 |     gPauseSave20FRATex, gPauseSave21Tex, gPauseSave22Tex, gPauseSave23Tex, gPauseSave24Tex,
      |                         ^~~~~~~~~~~~~~~
/home/david/Documents/RockBox_Personal-master/devsrc/nano-soh-runtime/Shipwright/soh/src/overlays/misc/ovl_kaleido_scope/z_kaleido_scope_PAL.c:53:42: warning: initialization discards 'const' qualifier from pointer target type [-Wdiscarded-qualifiers]
   53 |     gPauseSave20FRATex, gPauseSave21Tex, gPauseSave22Tex, gPauseSave23Tex, gPauseSave24Tex,
      |                                          ^~~~~~~~~~~~~~~
/home/david/Documents/RockBox_Personal-master/devsrc/nano-soh-runtime/Shipwright/soh/src/overlays/misc/ovl_kaleido_scope/z_kaleido_scope_PAL.c:53:59: warning: initialization discards 'const' qualifier from pointer target type [-Wdiscarded-qualifiers]
   53 |     gPauseSave20FRATex, gPauseSave21Tex, gPauseSave22Tex, gPauseSave23Tex, gPauseSave24Tex,
      |                                                           ^~~~~~~~~~~~~~~
/home/david/Documents/RockBox_Personal-master/devsrc/nano-soh-runtime/Shipwright/soh/src/overlays/misc/ovl_kaleido_scope/z_kaleido_scope_PAL.c:53:76: warning: initialization discards 'const' qualifier from pointer target type [-Wdiscarded-qualifiers]
   53 |     gPauseSave20FRATex, gPauseSave21Tex, gPauseSave22Tex, gPauseSave23Tex, gPauseSave24Tex,
      |                                                                            ^~~~~~~~~~~~~~~
/home/david/Documents/RockBox_Personal-master/devsrc/nano-soh-runtime/Shipwright/soh/src/overlays/misc/ovl_kaleido_scope/z_kaleido_scope_PAL.c:57:5: warning: initialization discards 'const' qualifier from pointer target type [-Wdiscarded-qualifiers]
   57 |     gPauseEquipment00GERTex, gPauseEquipment01Tex, gPauseEquipment02Tex, gPauseEquipment03Tex, gPauseEquipment04Tex,
      |     ^~~~~~~~~~~~~~~~~~~~~~~
/home/david/Documents/RockBox_Personal-master/devsrc/nano-soh-runtime/Shipwright/soh/src/overlays/misc/ovl_kaleido_scope/z_kaleido_scope_PAL.c:57:30: warning: initialization discards 'const' qualifier from pointer target type [-Wdiscarded-qualifiers]
   57 |     gPauseEquipment00GERTex, gPauseEquipment01Tex, gPauseEquipment02Tex, gPauseEquipment03Tex, gPauseEquipment04Tex,
      |                              ^~~~~~~~~~~~~~~~~~~~
/home/david/Documents/RockBox_Personal-master/devsrc/nano-soh-runtime/Shipwright/soh/src/overlays/misc/ovl_kaleido_scope/z_kaleido_scope_PAL.c:57:52: warning: initialization discards 'const' qualifier from pointer target type [-Wdiscarded-qualifiers]
   57 |     gPauseEquipment00GERTex, gPauseEquipment01Tex, gPauseEquipment02Tex, gPauseEquipment03Tex, gPauseEquipment04Tex,
      |                                                    ^~~~~~~~~~~~~~~~~~~~
/home/david/Documents/RockBox_Personal-master/devsrc/nano-soh-runtime/Shipwright/soh/src/overlays/misc/ovl_kaleido_scope/z_kaleido_scope_PAL.c:57:74: warning: initialization discards 'const' qualifier from pointer target type [-Wdiscarded-qualifiers]
   57 |     gPauseEquipment00GERTex, gPauseEquipment01Tex, gPauseEquipment02Tex, gPauseEquipment03Tex, gPauseEquipment04Tex,
      |                                                                          ^~~~~~~~~~~~~~~~~~~~
/home/david/Documents/RockBox_Personal-master/devsrc/nano-soh-runtime/Shipwright/soh/src/overlays/misc/ovl_kaleido_scope/z_kaleido_scope_PAL.c:57:96: warning: initialization discards 'const' qualifier from pointer target type [-Wdiscarded-qualifiers]
   57 |     gPauseEquipment00GERTex, gPauseEquipment01Tex, gPauseEquipment02Tex, gPauseEquipment03Tex, gPauseEquipment04Tex,
      |                                                                                                ^~~~~~~~~~~~~~~~~~~~
/home/david/Documents/RockBox_Personal-master/devsrc/nano-soh-runtime/Shipwright/soh/src/overlays/misc/ovl_kaleido_scope/z_kaleido_scope_PAL.c:58:5: warning: initialization discards 'const' qualifier from pointer target type [-Wdiscarded-qualifiers]
   58 |     gPauseEquipment10GERTex, gPauseEquipment11Tex, gPauseEquipment12Tex, gPauseEquipment13Tex, gPauseEquipment14Tex,
      |     ^~~~~~~~~~~~~~~~~~~~~~~
/home/david/Documents/RockBox_Personal-master/devsrc/nano-soh-runtime/Shipwright/soh/src/overlays/misc/ovl_kaleido_scope/z_kaleido_scope_PAL.c:58:30: warning: initialization discards 'const' qualifier from pointer target type [-Wdiscarded-qualifiers]
   58 |     gPauseEquipment10GERTex, gPauseEquipment11Tex, gPauseEquipment12Tex, gPauseEquipment13Tex, gPauseEquipment14Tex,
      |                              ^~~~~~~~~~~~~~~~~~~~
/home/david/Documents/RockBox_Personal-master/devsrc/nano-soh-runtime/Shipwright/soh/src/overlays/misc/ovl_kaleido_scope/z_kaleido_scope_PAL.c:58:52: warning: initialization discards 'const' qualifier from pointer target type [-Wdiscarded-qualifiers]
   58 |     gPauseEquipment10GERTex, gPauseEquipment11Tex, gPauseEquipment12Tex, gPauseEquipment13Tex, gPauseEquipment14Tex,
      |                                                    ^~~~~~~~~~~~~~~~~~~~
/home/david/Documents/RockBox_Personal-master/devsrc/nano-soh-runtime/Shipwright/soh/src/overlays/misc/ovl_kaleido_scope/z_kaleido_scope_PAL.c:58:74: warning: initialization discards 'const' qualifier from pointer target type [-Wdiscarded-qualifiers]
   58 |     gPauseEquipment10GERTex, gPauseEquipment11Tex, gPauseEquipment12Tex, gPauseEquipment13Tex, gPauseEquipment14Tex,
      |                                                                          ^~~~~~~~~~~~~~~~~~~~
/home/david/Documents/RockBox_Personal-master/devsrc/nano-soh-runtime/Shipwright/soh/src/overlays/misc/ovl_kaleido_scope/z_kaleido_scope_PAL.c:58:96: warning: initialization discards 'const' qualifier from pointer target type [-Wdiscarded-qualifiers]
   58 |     gPauseEquipment10GERTex, gPauseEquipment11Tex, gPauseEquipment12Tex, gPauseEquipment13Tex, gPauseEquipment14Tex,
      |                                                                                                ^~~~~~~~~~~~~~~~~~~~
/home/david/Documents/RockBox_Personal-master/devsrc/nano-soh-runtime/Shipwright/soh/src/overlays/misc/ovl_kaleido_scope/z_kaleido_scope_PAL.c:59:5: warning: initialization discards 'const' qualifier from pointer target type [-Wdiscarded-qualifiers]
   59 |     gPauseEquipment20GERTex, gPauseEquipment21Tex, gPauseEquipment22Tex, gPauseEquipment23Tex, gPauseEquipment24Tex,
      |     ^~~~~~~~~~~~~~~~~~~~~~~
/home/david/Documents/RockBox_Personal-master/devsrc/nano-soh-runtime/Shipwright/soh/src/overlays/misc/ovl_kaleido_scope/z_kaleido_scope_PAL.c:59:30: warning: initialization discards 'const' qualifier from pointer target type [-Wdiscarded-qualifiers]
   59 |     gPauseEquipment20GERTex, gPauseEquipment21Tex, gPauseEquipment22Tex, gPauseEquipment23Tex, gPauseEquipment24Tex,
      |                              ^~~~~~~~~~~~~~~~~~~~
/home/david/Documents/RockBox_Personal-master/devsrc/nano-soh-runtime/Shipwright/soh/src/overlays/misc/ovl_kaleido_scope/z_kaleido_scope_PAL.c:59:52: warning: initialization discards 'const' qualifier from pointer target type [-Wdiscarded-qualifiers]
   59 |     gPauseEquipment20GERTex, gPauseEquipment21Tex, gPauseEquipment22Tex, gPauseEquipment23Tex, gPauseEquipment24Tex,
      |                                                    ^~~~~~~~~~~~~~~~~~~~
/home/david/Documents/RockBox_Personal-master/devsrc/nano-soh-runtime/Shipwright/soh/src/overlays/misc/ovl_kaleido_scope/z_kaleido_scope_PAL.c:59:74: warning: initialization discards 'const' qualifier from pointer target type [-Wdiscarded-qualifiers]
   59 |     gPauseEquipment20GERTex, gPauseEquipment21Tex, gPauseEquipment22Tex, gPauseEquipment23Tex, gPauseEquipment24Tex,
      |                                                                          ^~~~~~~~~~~~~~~~~~~~
/home/david/Documents/RockBox_Personal-master/devsrc/nano-soh-runtime/Shipwright/soh/src/overlays/misc/ovl_kaleido_scope/z_kaleido_scope_PAL.c:59:96: warning: initialization discards 'const' qualifier from pointer target type [-Wdiscarded-qualifiers]
   59 |     gPauseEquipment20GERTex, gPauseEquipment21Tex, gPauseEquipment22Tex, gPauseEquipment23Tex, gPauseEquipment24Tex,
      |                                                                                                ^~~~~~~~~~~~~~~~~~~~
/home/david/Documents/RockBox_Personal-master/devsrc/nano-soh-runtime/Shipwright/soh/src/overlays/misc/ovl_kaleido_scope/z_kaleido_scope_PAL.c:62:5: warning: initialization discards 'const' qualifier from pointer target type [-Wdiscarded-qualifiers]
   62 |     gPauseSelectItem00GERTex, gPauseSelectItem01Tex,    gPauseSelectItem02Tex,    gPauseSelectItem03Tex,
      |     ^~~~~~~~~~~~~~~~~~~~~~~~
/home/david/Documents/RockBox_Personal-master/devsrc/nano-soh-runtime/Shipwright/soh/src/overlays/misc/ovl_kaleido_scope/z_kaleido_scope_PAL.c:62:31: warning: initialization discards 'const' qualifier from pointer target type [-Wdiscarded-qualifiers]
   62 |     gPauseSelectItem00GERTex, gPauseSelectItem01Tex,    gPauseSelectItem02Tex,    gPauseSelectItem03Tex,
      |                               ^~~~~~~~~~~~~~~~~~~~~
/home/david/Documents/RockBox_Personal-master/devsrc/nano-soh-runtime/Shipwright/soh/src/overlays/misc/ovl_kaleido_scope/z_kaleido_scope_PAL.c:62:57: warning: initialization discards 'const' qualifier from pointer target type [-Wdiscarded-qualifiers]
   62 |     gPauseSelectItem00GERTex, gPauseSelectItem01Tex,    gPauseSelectItem02Tex,    gPauseSelectItem03Tex,
      |                                                         ^~~~~~~~~~~~~~~~~~~~~
/home/david/Documents/RockBox_Personal-master/devsrc/nano-soh-runtime/Shipwright/soh/src/overlays/misc/ovl_kaleido_scope/z_kaleido_scope_PAL.c:62:83: warning: initialization discards 'const' qualifier from pointer target type [-Wdiscarded-qualifiers]
   62 |     gPauseSelectItem00GERTex, gPauseSelectItem01Tex,    gPauseSelectItem02Tex,    gPauseSelectItem03Tex,
      |                                                                                   ^~~~~~~~~~~~~~~~~~~~~
/home/david/Documents/RockBox_Personal-master/devsrc/nano-soh-runtime/Shipwright/soh/src/overlays/misc/ovl_kaleido_scope/z_kaleido_scope_PAL.c:63:5: warning: initialization discards 'const' qualifier from pointer target type [-Wdiscarded-qualifiers]
   63 |     gPauseSelectItem04Tex,    gPauseSelectItem10GERTex, gPauseSelectItem11Tex,    gPauseSelectItem12Tex,
      |     ^~~~~~~~~~~~~~~~~~~~~
/home/david/Documents/RockBox_Personal-master/devsrc/nano-soh-runtime/Shipwright/soh/src/overlays/misc/ovl_kaleido_scope/z_kaleido_scope_PAL.c:63:31: warning: initialization discards 'const' qualifier from pointer target type [-Wdiscarded-qualifiers]
   63 |     gPauseSelectItem04Tex,    gPauseSelectItem10GERTex, gPauseSelectItem11Tex,    gPauseSelectItem12Tex,
      |                               ^~~~~~~~~~~~~~~~~~~~~~~~
/home/david/Documents/RockBox_Personal-master/devsrc/nano-soh-runtime/Shipwright/soh/src/overlays/misc/ovl_kaleido_scope/z_kaleido_scope_PAL.c:63:57: warning: initialization discards 'const' qualifier from pointer target type [-Wdiscarded-qualifiers]
   63 |     gPauseSelectItem04Tex,    gPauseSelectItem10GERTex, gPauseSelectItem11Tex,    gPauseSelectItem12Tex,
      |                                                         ^~~~~~~~~~~~~~~~~~~~~
/home/david/Documents/RockBox_Personal-master/devsrc/nano-soh-runtime/Shipwright/soh/src/overlays/misc/ovl_kaleido_scope/z_kaleido_scope_PAL.c:63:83: warning: initialization discards 'const' qualifier from pointer target type [-Wdiscarded-qualifiers]
   63 |     gPauseSelectItem04Tex,    gPauseSelectItem10GERTex, gPauseSelectItem11Tex,    gPauseSelectItem12Tex,
      |                                                                                   ^~~~~~~~~~~~~~~~~~~~~
/home/david/Documents/RockBox_Personal-master/devsrc/nano-soh-runtime/Shipwright/soh/src/overlays/misc/ovl_kaleido_scope/z_kaleido_scope_PAL.c:64:5: warning: initialization discards 'const' qualifier from pointer target type [-Wdiscarded-qualifiers]
   64 |     gPauseSelectItem13Tex,    gPauseSelectItem14Tex,    gPauseSelectItem20GERTex, gPauseSelectItem21Tex,
      |     ^~~~~~~~~~~~~~~~~~~~~
/home/david/Documents/RockBox_Personal-master/devsrc/nano-soh-runtime/Shipwright/soh/src/overlays/misc/ovl_kaleido_scope/z_kaleido_scope_PAL.c:64:31: warning: initialization discards 'const' qualifier from pointer target type [-Wdiscarded-qualifiers]
   64 |     gPauseSelectItem13Tex,    gPauseSelectItem14Tex,    gPauseSelectItem20GERTex, gPauseSelectItem21Tex,
      |                               ^~~~~~~~~~~~~~~~~~~~~
/home/david/Documents/RockBox_Personal-master/devsrc/nano-soh-runtime/Shipwright/soh/src/overlays/misc/ovl_kaleido_scope/z_kaleido_scope_PAL.c:64:57: warning: initialization discards 'const' qualifier from pointer target type [-Wdiscarded-qualifiers]
   64 |     gPauseSelectItem13Tex,    gPauseSelectItem14Tex,    gPauseSelectItem20GERTex, gPauseSelectItem21Tex,
      |                                                         ^~~~~~~~~~~~~~~~~~~~~~~~
/home/david/Documents/RockBox_Personal-master/devsrc/nano-soh-runtime/Shipwright/soh/src/overlays/misc/ovl_kaleido_scope/z_kaleido_scope_PAL.c:64:83: warning: initialization discards 'const' qualifier from pointer target type [-Wdiscarded-qualifiers]
   64 |     gPauseSelectItem13Tex,    gPauseSelectItem14Tex,    gPauseSelectItem20GERTex, gPauseSelectItem21Tex,
      |                                                                                   ^~~~~~~~~~~~~~~~~~~~~
/home/david/Documents/RockBox_Personal-master/devsrc/nano-soh-runtime/Shipwright/soh/src/overlays/misc/ovl_kaleido_scope/z_kaleido_scope_PAL.c:65:5: warning: initialization discards 'const' qualifier from pointer target type [-Wdiscarded-qualifiers]
   65 |     gPauseSelectItem22Tex,    gPauseSelectItem23Tex,    gPauseSelectItem24Tex,
      |     ^~~~~~~~~~~~~~~~~~~~~
/home/david/Documents/RockBox_Personal-master/devsrc/nano-soh-runtime/Shipwright/soh/src/overlays/misc/ovl_kaleido_scope/z_kaleido_scope_PAL.c:65:31: warning: initialization discards 'const' qualifier from pointer target type [-Wdiscarded-qualifiers]
   65 |     gPauseSelectItem22Tex,    gPauseSelectItem23Tex,    gPauseSelectItem24Tex,
      |                               ^~~~~~~~~~~~~~~~~~~~~
/home/david/Documents/RockBox_Personal-master/devsrc/nano-soh-runtime/Shipwright/soh/src/overlays/misc/ovl_kaleido_scope/z_kaleido_scope_PAL.c:65:57: warning: initialization discards 'const' qualifier from pointer target type [-Wdiscarded-qualifiers]
   65 |     gPauseSelectItem22Tex,    gPauseSelectItem23Tex,    gPauseSelectItem24Tex,
      |                                                         ^~~~~~~~~~~~~~~~~~~~~
/home/david/Documents/RockBox_Personal-master/devsrc/nano-soh-runtime/Shipwright/soh/src/overlays/misc/ovl_kaleido_scope/z_kaleido_scope_PAL.c:68:5: warning: initialization discards 'const' qualifier from pointer target type [-Wdiscarded-qualifiers]
   68 |     gPauseMap00Tex,    gPauseMap01Tex, gPauseMap02Tex, gPauseMap03Tex, gPauseMap04Tex,
      |     ^~~~~~~~~~~~~~
/home/david/Documents/RockBox_Personal-master/devsrc/nano-soh-runtime/Shipwright/soh/src/overlays/misc/ovl_kaleido_scope/z_kaleido_scope_PAL.c:68:24: warning: initialization discards 'const' qualifier from pointer target type [-Wdiscarded-qualifiers]
   68 |     gPauseMap00Tex,    gPauseMap01Tex, gPauseMap02Tex, gPauseMap03Tex, gPauseMap04Tex,
      |                        ^~~~~~~~~~~~~~
/home/david/Documents/RockBox_Personal-master/devsrc/nano-soh-runtime/Shipwright/soh/src/overlays/misc/ovl_kaleido_scope/z_kaleido_scope_PAL.c:68:40: warning: initialization discards 'const' qualifier from pointer target type [-Wdiscarded-qualifiers]
   68 |     gPauseMap00Tex,    gPauseMap01Tex, gPauseMap02Tex, gPauseMap03Tex, gPauseMap04Tex,
      |                                        ^~~~~~~~~~~~~~
/home/david/Documents/RockBox_Personal-master/devsrc/nano-soh-runtime/Shipwright/soh/src/overlays/misc/ovl_kaleido_scope/z_kaleido_scope_PAL.c:68:56: warning: initialization discards 'const' qualifier from pointer target type [-Wdiscarded-qualifiers]
   68 |     gPauseMap00Tex,    gPauseMap01Tex, gPauseMap02Tex, gPauseMap03Tex, gPauseMap04Tex,
      |                                                        ^~~~~~~~~~~~~~
/home/david/Documents/RockBox_Personal-master/devsrc/nano-soh-runtime/Shipwright/soh/src/overlays/misc/ovl_kaleido_scope/z_kaleido_scope_PAL.c:68:72: warning: initialization discards 'const' qualifier from pointer target type [-Wdiscarded-qualifiers]
   68 |     gPauseMap00Tex,    gPauseMap01Tex, gPauseMap02Tex, gPauseMap03Tex, gPauseMap04Tex,
      |                                                                        ^~~~~~~~~~~~~~
/home/david/Documents/RockBox_Personal-master/devsrc/nano-soh-runtime/Shipwright/soh/src/overlays/misc/ovl_kaleido_scope/z_kaleido_scope_PAL.c:69:5: warning: initialization discards 'const' qualifier from pointer target type [-Wdiscarded-qualifiers]
   69 |     gPauseMap10GERTex, gPauseMap11Tex, gPauseMap12Tex, gPauseMap13Tex, gPauseMap14Tex,
      |     ^~~~~~~~~~~~~~~~~
/home/david/Documents/RockBox_Personal-master/devsrc/nano-soh-runtime/Shipwright/soh/src/overlays/misc/ovl_kaleido_scope/z_kaleido_scope_PAL.c:69:24: warning: initialization discards 'const' qualifier from pointer target type [-Wdiscarded-qualifiers]
   69 |     gPauseMap10GERTex, gPauseMap11Tex, gPauseMap12Tex, gPauseMap13Tex, gPauseMap14Tex,
      |                        ^~~~~~~~~~~~~~
/home/david/Documents/RockBox_Personal-master/devsrc/nano-soh-runtime/Shipwright/soh/src/overlays/misc/ovl_kaleido_scope/z_kaleido_scope_PAL.c:69:40: warning: initialization discards 'const' qualifier from pointer target type [-Wdiscarded-qualifiers]
   69 |     gPauseMap10GERTex, gPauseMap11Tex, gPauseMap12Tex, gPauseMap13Tex, gPauseMap14Tex,
      |                                        ^~~~~~~~~~~~~~
/home/david/Documents/RockBox_Personal-master/devsrc/nano-soh-runtime/Shipwright/soh/src/overlays/misc/ovl_kaleido_scope/z_kaleido_scope_PAL.c:69:56: warning: initialization discards 'const' qualifier from pointer target type [-Wdiscarded-qualifiers]
   69 |     gPauseMap10GERTex, gPauseMap11Tex, gPauseMap12Tex, gPauseMap13Tex, gPauseMap14Tex,
      |                                                        ^~~~~~~~~~~~~~
/home/david/Documents/RockBox_Personal-master/devsrc/nano-soh-runtime/Shipwright/soh/src/overlays/misc/ovl_kaleido_scope/z_kaleido_scope_PAL.c:69:72: warning: initialization discards 'const' qualifier from pointer target type [-Wdiscarded-qualifiers]
   69 |     gPauseMap10GERTex, gPauseMap11Tex, gPauseMap12Tex, gPauseMap13Tex, gPauseMap14Tex,
      |                                                                        ^~~~~~~~~~~~~~
/home/david/Documents/RockBox_Personal-master/devsrc/nano-soh-runtime/Shipwright/soh/src/overlays/misc/ovl_kaleido_scope/z_kaleido_scope_PAL.c:70:5: warning: initialization discards 'const' qualifier from pointer target type [-Wdiscarded-qualifiers]
   70 |     gPauseMap20Tex,    gPauseMap21Tex, gPauseMap22Tex, gPauseMap23Tex, gPauseMap24Tex,
      |     ^~~~~~~~~~~~~~
/home/david/Documents/RockBox_Personal-master/devsrc/nano-soh-runtime/Shipwright/soh/src/overlays/misc/ovl_kaleido_scope/z_kaleido_scope_PAL.c:70:24: warning: initialization discards 'const' qualifier from pointer target type [-Wdiscarded-qualifiers]
   70 |     gPauseMap20Tex,    gPauseMap21Tex, gPauseMap22Tex, gPauseMap23Tex, gPauseMap24Tex,
      |                        ^~~~~~~~~~~~~~
/home/david/Documents/RockBox_Personal-master/devsrc/nano-soh-runtime/Shipwright/soh/src/overlays/misc/ovl_kaleido_scope/z_kaleido_scope_PAL.c:70:40: warning: initialization discards 'const' qualifier from pointer target type [-Wdiscarded-qualifiers]
   70 |     gPauseMap20Tex,    gPauseMap21Tex, gPauseMap22Tex, gPauseMap23Tex, gPauseMap24Tex,
      |                                        ^~~~~~~~~~~~~~
/home/david/Documents/RockBox_Personal-master/devsrc/nano-soh-runtime/Shipwright/soh/src/overlays/misc/ovl_kaleido_scope/z_kaleido_scope_PAL.c:70:56: warning: initialization discards 'const' qualifier from pointer target type [-Wdiscarded-qualifiers]
   70 |     gPauseMap20Tex,    gPauseMap21Tex, gPauseMap22Tex, gPauseMap23Tex, gPauseMap24Tex,
      |                                                        ^~~~~~~~~~~~~~
/home/david/Documents/RockBox_Personal-master/devsrc/nano-soh-runtime/Shipwright/soh/src/overlays/misc/ovl_kaleido_scope/z_kaleido_scope_PAL.c:70:72: warning: initialization discards 'const' qualifier from pointer target type [-Wdiscarded-qualifiers]
   70 |     gPauseMap20Tex,    gPauseMap21Tex, gPauseMap22Tex, gPauseMap23Tex, gPauseMap24Tex,
      |                                                                        ^~~~~~~~~~~~~~
/home/david/Documents/RockBox_Personal-master/devsrc/nano-soh-runtime/Shipwright/soh/src/overlays/misc/ovl_kaleido_scope/z_kaleido_scope_PAL.c:73:5: warning: initialization discards 'const' qualifier from pointer target type [-Wdiscarded-qualifiers]
   73 |     gPauseQuestStatus00Tex, gPauseQuestStatus01Tex,    gPauseQuestStatus02Tex, gPauseQuestStatus03Tex,
      |     ^~~~~~~~~~~~~~~~~~~~~~
/home/david/Documents/RockBox_Personal-master/devsrc/nano-soh-runtime/Shipwright/soh/src/overlays/misc/ovl_kaleido_scope/z_kaleido_scope_PAL.c:73:29: warning: initialization discards 'const' qualifier from pointer target type [-Wdiscarded-qualifiers]
   73 |     gPauseQuestStatus00Tex, gPauseQuestStatus01Tex,    gPauseQuestStatus02Tex, gPauseQuestStatus03Tex,
      |                             ^~~~~~~~~~~~~~~~~~~~~~
/home/david/Documents/RockBox_Personal-master/devsrc/nano-soh-runtime/Shipwright/soh/src/overlays/misc/ovl_kaleido_scope/z_kaleido_scope_PAL.c:73:56: warning: initialization discards 'const' qualifier from pointer target type [-Wdiscarded-qualifiers]
   73 |     gPauseQuestStatus00Tex, gPauseQuestStatus01Tex,    gPauseQuestStatus02Tex, gPauseQuestStatus03Tex,
      |                                                        ^~~~~~~~~~~~~~~~~~~~~~
/home/david/Documents/RockBox_Personal-master/devsrc/nano-soh-runtime/Shipwright/soh/src/overlays/misc/ovl_kaleido_scope/z_kaleido_scope_PAL.c:73:80: warning: initialization discards 'const' qualifier from pointer target type [-Wdiscarded-qualifiers]
   73 |     gPauseQuestStatus00Tex, gPauseQuestStatus01Tex,    gPauseQuestStatus02Tex, gPauseQuestStatus03Tex,
      |                                                                                ^~~~~~~~~~~~~~~~~~~~~~
/home/david/Documents/RockBox_Personal-master/devsrc/nano-soh-runtime/Shipwright/soh/src/overlays/misc/ovl_kaleido_scope/z_kaleido_scope_PAL.c:74:5: warning: initialization discards 'const' qualifier from pointer target type [-Wdiscarded-qualifiers]
   74 |     gPauseQuestStatus04Tex, gPauseQuestStatus10GERTex, gPauseQuestStatus11Tex, gPauseQuestStatus12Tex,
      |     ^~~~~~~~~~~~~~~~~~~~~~
/home/david/Documents/RockBox_Personal-master/devsrc/nano-soh-runtime/Shipwright/soh/src/overlays/misc/ovl_kaleido_scope/z_kaleido_scope_PAL.c:74:29: warning: initialization discards 'const' qualifier from pointer target type [-Wdiscarded-qualifiers]
   74 |     gPauseQuestStatus04Tex, gPauseQuestStatus10GERTex, gPauseQuestStatus11Tex, gPauseQuestStatus12Tex,
      |                             ^~~~~~~~~~~~~~~~~~~~~~~~~
/home/david/Documents/RockBox_Personal-master/devsrc/nano-soh-runtime/Shipwright/soh/src/overlays/misc/ovl_kaleido_scope/z_kaleido_scope_PAL.c:74:56: warning: initialization discards 'const' qualifier from pointer target type [-Wdiscarded-qualifiers]
   74 |     gPauseQuestStatus04Tex, gPauseQuestStatus10GERTex, gPauseQuestStatus11Tex, gPauseQuestStatus12Tex,
      |                                                        ^~~~~~~~~~~~~~~~~~~~~~
/home/david/Documents/RockBox_Personal-master/devsrc/nano-soh-runtime/Shipwright/soh/src/overlays/misc/ovl_kaleido_scope/z_kaleido_scope_PAL.c:74:80: warning: initialization discards 'const' qualifier from pointer target type [-Wdiscarded-qualifiers]
   74 |     gPauseQuestStatus04Tex, gPauseQuestStatus10GERTex, gPauseQuestStatus11Tex, gPauseQuestStatus12Tex,
      |                                                                                ^~~~~~~~~~~~~~~~~~~~~~
/home/david/Documents/RockBox_Personal-master/devsrc/nano-soh-runtime/Shipwright/soh/src/overlays/misc/ovl_kaleido_scope/z_kaleido_scope_PAL.c:75:5: warning: initialization discards 'const' qualifier from pointer target type [-Wdiscarded-qualifiers]
   75 |     gPauseQuestStatus13Tex, gPauseQuestStatus14Tex,    gPauseQuestStatus20Tex, gPauseQuestStatus21Tex,
      |     ^~~~~~~~~~~~~~~~~~~~~~
/home/david/Documents/RockBox_Personal-master/devsrc/nano-soh-runtime/Shipwright/soh/src/overlays/misc/ovl_kaleido_scope/z_kaleido_scope_PAL.c:75:29: warning: initialization discards 'const' qualifier from pointer target type [-Wdiscarded-qualifiers]
   75 |     gPauseQuestStatus13Tex, gPauseQuestStatus14Tex,    gPauseQuestStatus20Tex, gPauseQuestStatus21Tex,
      |                             ^~~~~~~~~~~~~~~~~~~~~~
/home/david/Documents/RockBox_Personal-master/devsrc/nano-soh-runtime/Shipwright/soh/src/overlays/misc/ovl_kaleido_scope/z_kaleido_scope_PAL.c:75:56: warning: initialization discards 'const' qualifier from pointer target type [-Wdiscarded-qualifiers]
   75 |     gPauseQuestStatus13Tex, gPauseQuestStatus14Tex,    gPauseQuestStatus20Tex, gPauseQuestStatus21Tex,
      |                                                        ^~~~~~~~~~~~~~~~~~~~~~
/home/david/Documents/RockBox_Personal-master/devsrc/nano-soh-runtime/Shipwright/soh/src/overlays/misc/ovl_kaleido_scope/z_kaleido_scope_PAL.c:75:80: warning: initialization discards 'const' qualifier from pointer target type [-Wdiscarded-qualifiers]
   75 |     gPauseQuestStatus13Tex, gPauseQuestStatus14Tex,    gPauseQuestStatus20Tex, gPauseQuestStatus21Tex,
      |                                                                                ^~~~~~~~~~~~~~~~~~~~~~
/home/david/Documents/RockBox_Personal-master/devsrc/nano-soh-runtime/Shipwright/soh/src/overlays/misc/ovl_kaleido_scope/z_kaleido_scope_PAL.c:76:5: warning: initialization discards 'const' qualifier from pointer target type [-Wdiscarded-qualifiers]
   76 |     gPauseQuestStatus22Tex, gPauseQuestStatus23Tex,    gPauseQuestStatus24Tex,
      |     ^~~~~~~~~~~~~~~~~~~~~~
/home/david/Documents/RockBox_Personal-master/devsrc/nano-soh-runtime/Shipwright/soh/src/overlays/misc/ovl_kaleido_scope/z_kaleido_scope_PAL.c:76:29: warning: initialization discards 'const' qualifier from pointer target type [-Wdiscarded-qualifiers]
   76 |     gPauseQuestStatus22Tex, gPauseQuestStatus23Tex,    gPauseQuestStatus24Tex,
      |                             ^~~~~~~~~~~~~~~~~~~~~~
/home/david/Documents/RockBox_Personal-master/devsrc/nano-soh-runtime/Shipwright/soh/src/overlays/misc/ovl_kaleido_scope/z_kaleido_scope_PAL.c:76:56: warning: initialization discards 'const' qualifier from pointer target type [-Wdiscarded-qualifiers]
   76 |     gPauseQuestStatus22Tex, gPauseQuestStatus23Tex,    gPauseQuestStatus24Tex,
      |                                                        ^~~~~~~~~~~~~~~~~~~~~~
/home/david/Documents/RockBox_Personal-master/devsrc/nano-soh-runtime/Shipwright/soh/src/overlays/misc/ovl_kaleido_scope/z_kaleido_scope_PAL.c:79:5: warning: initialization discards 'const' qualifier from pointer target type [-Wdiscarded-qualifiers]
   79 |     gPauseSave00Tex,    gPauseSave01Tex, gPauseSave02Tex, gPauseSave03Tex, gPauseSave04Tex,
      |     ^~~~~~~~~~~~~~~
/home/david/Documents/RockBox_Personal-master/devsrc/nano-soh-runtime/Shipwright/soh/src/overlays/misc/ovl_kaleido_scope/z_kaleido_scope_PAL.c:79:25: warning: initialization discards 'const' qualifier from pointer target type [-Wdiscarded-qualifiers]
   79 |     gPauseSave00Tex,    gPauseSave01Tex, gPauseSave02Tex, gPauseSave03Tex, gPauseSave04Tex,
      |                         ^~~~~~~~~~~~~~~
/home/david/Documents/RockBox_Personal-master/devsrc/nano-soh-runtime/Shipwright/soh/src/overlays/misc/ovl_kaleido_scope/z_kaleido_scope_PAL.c:79:42: warning: initialization discards 'const' qualifier from pointer target type [-Wdiscarded-qualifiers]
   79 |     gPauseSave00Tex,    gPauseSave01Tex, gPauseSave02Tex, gPauseSave03Tex, gPauseSave04Tex,
      |                                          ^~~~~~~~~~~~~~~
/home/david/Documents/RockBox_Personal-master/devsrc/nano-soh-runtime/Shipwright/soh/src/overlays/misc/ovl_kaleido_scope/z_kaleido_scope_PAL.c:79:59: warning: initialization discards 'const' qualifier from pointer target type [-Wdiscarded-qualifiers]
   79 |     gPauseSave00Tex,    gPauseSave01Tex, gPauseSave02Tex, gPauseSave03Tex, gPauseSave04Tex,
      |                                                           ^~~~~~~~~~~~~~~
/home/david/Documents/RockBox_Personal-master/devsrc/nano-soh-runtime/Shipwright/soh/src/overlays/misc/ovl_kaleido_scope/z_kaleido_scope_PAL.c:79:76: warning: initialization discards 'const' qualifier from pointer target type [-Wdiscarded-qualifiers]
   79 |     gPauseSave00Tex,    gPauseSave01Tex, gPauseSave02Tex, gPauseSave03Tex, gPauseSave04Tex,
      |                                                                            ^~~~~~~~~~~~~~~
/home/david/Documents/RockBox_Personal-master/devsrc/nano-soh-runtime/Shipwright/soh/src/overlays/misc/ovl_kaleido_scope/z_kaleido_scope_PAL.c:80:5: warning: initialization discards 'const' qualifier from pointer target type [-Wdiscarded-qualifiers]
   80 |     gPauseSave10GERTex, gPauseSave11Tex, gPauseSave12Tex, gPauseSave13Tex, gPauseSave14Tex,
      |     ^~~~~~~~~~~~~~~~~~
/home/david/Documents/RockBox_Personal-master/devsrc/nano-soh-runtime/Shipwright/soh/src/overlays/misc/ovl_kaleido_scope/z_kaleido_scope_PAL.c:80:25: warning: initialization discards 'const' qualifier from pointer target type [-Wdiscarded-qualifiers]
   80 |     gPauseSave10GERTex, gPauseSave11Tex, gPauseSave12Tex, gPauseSave13Tex, gPauseSave14Tex,
      |                         ^~~~~~~~~~~~~~~
/home/david/Documents/RockBox_Personal-master/devsrc/nano-soh-runtime/Shipwright/soh/src/overlays/misc/ovl_kaleido_scope/z_kaleido_scope_PAL.c:80:42: warning: initialization discards 'const' qualifier from pointer target type [-Wdiscarded-qualifiers]
   80 |     gPauseSave10GERTex, gPauseSave11Tex, gPauseSave12Tex, gPauseSave13Tex, gPauseSave14Tex,
      |                                          ^~~~~~~~~~~~~~~
/home/david/Documents/RockBox_Personal-master/devsrc/nano-soh-runtime/Shipwright/soh/src/overlays/misc/ovl_kaleido_scope/z_kaleido_scope_PAL.c:80:59: warning: initialization discards 'const' qualifier from pointer target type [-Wdiscarded-qualifiers]
   80 |     gPauseSave10GERTex, gPauseSave11Tex, gPauseSave12Tex, gPauseSave13Tex, gPauseSave14Tex,
      |                                                           ^~~~~~~~~~~~~~~
/home/david/Documents/RockBox_Personal-master/devsrc/nano-soh-runtime/Shipwright/soh/src/overlays/misc/ovl_kaleido_scope/z_kaleido_scope_PAL.c:80:76: warning: initialization discards 'const' qualifier from pointer target type [-Wdiscarded-qualifiers]
   80 |     gPauseSave10GERTex, gPauseSave11Tex, gPauseSave12Tex, gPauseSave13Tex, gPauseSave14Tex,
      |                                                                            ^~~~~~~~~~~~~~~
/home/david/Documents/RockBox_Personal-master/devsrc/nano-soh-runtime/Shipwright/soh/src/overlays/misc/ovl_kaleido_scope/z_kaleido_scope_PAL.c:81:5: warning: initialization discards 'const' qualifier from pointer target type [-Wdiscarded-qualifiers]
   81 |     gPauseSave20GERTex, gPauseSave21Tex, gPauseSave22Tex, gPauseSave23Tex, gPauseSave24Tex,
      |     ^~~~~~~~~~~~~~~~~~
/home/david/Documents/RockBox_Personal-master/devsrc/nano-soh-runtime/Shipwright/soh/src/overlays/misc/ovl_kaleido_scope/z_kaleido_scope_PAL.c:81:25: warning: initialization discards 'const' qualifier from pointer target type [-Wdiscarded-qualifiers]
   81 |     gPauseSave20GERTex, gPauseSave21Tex, gPauseSave22Tex, gPauseSave23Tex, gPauseSave24Tex,
      |                         ^~~~~~~~~~~~~~~
/home/david/Documents/RockBox_Personal-master/devsrc/nano-soh-runtime/Shipwright/soh/src/overlays/misc/ovl_kaleido_scope/z_kaleido_scope_PAL.c:81:42: warning: initialization discards 'const' qualifier from pointer target type [-Wdiscarded-qualifiers]
   81 |     gPauseSave20GERTex, gPauseSave21Tex, gPauseSave22Tex, gPauseSave23Tex, gPauseSave24Tex,
      |                                          ^~~~~~~~~~~~~~~
/home/david/Documents/RockBox_Personal-master/devsrc/nano-soh-runtime/Shipwright/soh/src/overlays/misc/ovl_kaleido_scope/z_kaleido_scope_PAL.c:81:59: warning: initialization discards 'const' qualifier from pointer target type [-Wdiscarded-qualifiers]
   81 |     gPauseSave20GERTex, gPauseSave21Tex, gPauseSave22Tex, gPauseSave23Tex, gPauseSave24Tex,
      |                                                           ^~~~~~~~~~~~~~~
/home/david/Documents/RockBox_Personal-master/devsrc/nano-soh-runtime/Shipwright/soh/src/overlays/misc/ovl_kaleido_scope/z_kaleido_scope_PAL.c:81:76: warning: initialization discards 'const' qualifier from pointer target type [-Wdiscarded-qualifiers]
   81 |     gPauseSave20GERTex, gPauseSave21Tex, gPauseSave22Tex, gPauseSave23Tex, gPauseSave24Tex,
      |                                                                            ^~~~~~~~~~~~~~~
/home/david/Documents/RockBox_Personal-master/devsrc/nano-soh-runtime/Shipwright/soh/src/overlays/misc/ovl_kaleido_scope/z_kaleido_scope_PAL.c:85:5: warning: initialization discards 'const' qualifier from pointer target type [-Wdiscarded-qualifiers]
   85 |     gPauseEquipment00Tex,    gPauseEquipment01Tex, gPauseEquipment02Tex, gPauseEquipment03Tex, gPauseEquipment04Tex,
      |     ^~~~~~~~~~~~~~~~~~~~
/home/david/Documents/RockBox_Personal-master/devsrc/nano-soh-runtime/Shipwright/soh/src/overlays/misc/ovl_kaleido_scope/z_kaleido_scope_PAL.c:85:30: warning: initialization discards 'const' qualifier from pointer target type [-Wdiscarded-qualifiers]
   85 |     gPauseEquipment00Tex,    gPauseEquipment01Tex, gPauseEquipment02Tex, gPauseEquipment03Tex, gPauseEquipment04Tex,
      |                              ^~~~~~~~~~~~~~~~~~~~
/home/david/Documents/RockBox_Personal-master/devsrc/nano-soh-runtime/Shipwright/soh/src/overlays/misc/ovl_kaleido_scope/z_kaleido_scope_PAL.c:85:52: warning: initialization discards 'const' qualifier from pointer target type [-Wdiscarded-qualifiers]
   85 |     gPauseEquipment00Tex,    gPauseEquipment01Tex, gPauseEquipment02Tex, gPauseEquipment03Tex, gPauseEquipment04Tex,
      |                                                    ^~~~~~~~~~~~~~~~~~~~
/home/david/Documents/RockBox_Personal-master/devsrc/nano-soh-runtime/Shipwright/soh/src/overlays/misc/ovl_kaleido_scope/z_kaleido_scope_PAL.c:85:74: warning: initialization discards 'const' qualifier from pointer target type [-Wdiscarded-qualifiers]
   85 |     gPauseEquipment00Tex,    gPauseEquipment01Tex, gPauseEquipment02Tex, gPauseEquipment03Tex, gPauseEquipment04Tex,
      |                                                                          ^~~~~~~~~~~~~~~~~~~~
/home/david/Documents/RockBox_Personal-master/devsrc/nano-soh-runtime/Shipwright/soh/src/overlays/misc/ovl_kaleido_scope/z_kaleido_scope_PAL.c:85:96: warning: initialization discards 'const' qualifier from pointer target type [-Wdiscarded-qualifiers]
   85 |     gPauseEquipment00Tex,    gPauseEquipment01Tex, gPauseEquipment02Tex, gPauseEquipment03Tex, gPauseEquipment04Tex,
      |                                                                                                ^~~~~~~~~~~~~~~~~~~~
/home/david/Documents/RockBox_Personal-master/devsrc/nano-soh-runtime/Shipwright/soh/src/overlays/misc/ovl_kaleido_scope/z_kaleido_scope_PAL.c:86:5: warning: initialization discards 'const' qualifier from pointer target type [-Wdiscarded-qualifiers]
   86 |     gPauseEquipment10ENGTex, gPauseEquipment11Tex, gPauseEquipment12Tex, gPauseEquipment13Tex, gPauseEquipment14Tex,
      |     ^~~~~~~~~~~~~~~~~~~~~~~
/home/david/Documents/RockBox_Personal-master/devsrc/nano-soh-runtime/Shipwright/soh/src/overlays/misc/ovl_kaleido_scope/z_kaleido_scope_PAL.c:86:30: warning: initialization discards 'const' qualifier from pointer target type [-Wdiscarded-qualifiers]
   86 |     gPauseEquipment10ENGTex, gPauseEquipment11Tex, gPauseEquipment12Tex, gPauseEquipment13Tex, gPauseEquipment14Tex,
      |                              ^~~~~~~~~~~~~~~~~~~~
/home/david/Documents/RockBox_Personal-master/devsrc/nano-soh-runtime/Shipwright/soh/src/overlays/misc/ovl_kaleido_scope/z_kaleido_scope_PAL.c:86:52: warning: initialization discards 'const' qualifier from pointer target type [-Wdiscarded-qualifiers]
   86 |     gPauseEquipment10ENGTex, gPauseEquipment11Tex, gPauseEquipment12Tex, gPauseEquipment13Tex, gPauseEquipment14Tex,
      |                                                    ^~~~~~~~~~~~~~~~~~~~
/home/david/Documents/RockBox_Personal-master/devsrc/nano-soh-runtime/Shipwright/soh/src/overlays/misc/ovl_kaleido_scope/z_kaleido_scope_PAL.c:86:74: warning: initialization discards 'const' qualifier from pointer target type [-Wdiscarded-qualifiers]
   86 |     gPauseEquipment10ENGTex, gPauseEquipment11Tex, gPauseEquipment12Tex, gPauseEquipment13Tex, gPauseEquipment14Tex,
      |                                                                          ^~~~~~~~~~~~~~~~~~~~
/home/david/Documents/RockBox_Personal-master/devsrc/nano-soh-runtime/Shipwright/soh/src/overlays/misc/ovl_kaleido_scope/z_kaleido_scope_PAL.c:86:96: warning: initialization discards 'const' qualifier from pointer target type [-Wdiscarded-qualifiers]
   86 |     gPauseEquipment10ENGTex, gPauseEquipment11Tex, gPauseEquipment12Tex, gPauseEquipment13Tex, gPauseEquipment14Tex,
      |                                                                                                ^~~~~~~~~~~~~~~~~~~~
/home/david/Documents/RockBox_Personal-master/devsrc/nano-soh-runtime/Shipwright/soh/src/overlays/misc/ovl_kaleido_scope/z_kaleido_scope_PAL.c:87:5: warning: initialization discards 'const' qualifier from pointer target type [-Wdiscarded-qualifiers]
   87 |     gPauseEquipment20Tex,    gPauseEquipment21Tex, gPauseEquipment22Tex, gPauseEquipment23Tex, gPauseEquipment24Tex,
      |     ^~~~~~~~~~~~~~~~~~~~
/home/david/Documents/RockBox_Personal-master/devsrc/nano-soh-runtime/Shipwright/soh/src/overlays/misc/ovl_kaleido_scope/z_kaleido_scope_PAL.c:87:30: warning: initialization discards 'const' qualifier from pointer target type [-Wdiscarded-qualifiers]
   87 |     gPauseEquipment20Tex,    gPauseEquipment21Tex, gPauseEquipment22Tex, gPauseEquipment23Tex, gPauseEquipment24Tex,
      |                              ^~~~~~~~~~~~~~~~~~~~
/home/david/Documents/RockBox_Personal-master/devsrc/nano-soh-runtime/Shipwright/soh/src/overlays/misc/ovl_kaleido_scope/z_kaleido_scope_PAL.c:87:52: warning: initialization discards 'const' qualifier from pointer target type [-Wdiscarded-qualifiers]
   87 |     gPauseEquipment20Tex,    gPauseEquipment21Tex, gPauseEquipment22Tex, gPauseEquipment23Tex, gPauseEquipment24Tex,
      |                                                    ^~~~~~~~~~~~~~~~~~~~
/home/david/Documents/RockBox_Personal-master/devsrc/nano-soh-runtime/Shipwright/soh/src/overlays/misc/ovl_kaleido_scope/z_kaleido_scope_PAL.c:87:74: warning: initialization discards 'const' qualifier from pointer target type [-Wdiscarded-qualifiers]
   87 |     gPauseEquipment20Tex,    gPauseEquipment21Tex, gPauseEquipment22Tex, gPauseEquipment23Tex, gPauseEquipment24Tex,
      |                                                                          ^~~~~~~~~~~~~~~~~~~~
/home/david/Documents/RockBox_Personal-master/devsrc/nano-soh-runtime/Shipwright/soh/src/overlays/misc/ovl_kaleido_scope/z_kaleido_scope_PAL.c:87:96: warning: initialization discards 'const' qualifier from pointer target type [-Wdiscarded-qualifiers]
   87 |     gPauseEquipment20Tex,    gPauseEquipment21Tex, gPauseEquipment22Tex, gPauseEquipment23Tex, gPauseEquipment24Tex,
      |                                                                                                ^~~~~~~~~~~~~~~~~~~~
/home/david/Documents/RockBox_Personal-master/devsrc/nano-soh-runtime/Shipwright/soh/src/overlays/misc/ovl_kaleido_scope/z_kaleido_scope_PAL.c:90:5: warning: initialization discards 'const' qualifier from pointer target type [-Wdiscarded-qualifiers]
   90 |     gPauseSelectItem00ENGTex, gPauseSelectItem01Tex,    gPauseSelectItem02Tex,    gPauseSelectItem03Tex,
      |     ^~~~~~~~~~~~~~~~~~~~~~~~
/home/david/Documents/RockBox_Personal-master/devsrc/nano-soh-runtime/Shipwright/soh/src/overlays/misc/ovl_kaleido_scope/z_kaleido_scope_PAL.c:90:31: warning: initialization discards 'const' qualifier from pointer target type [-Wdiscarded-qualifiers]
   90 |     gPauseSelectItem00ENGTex, gPauseSelectItem01Tex,    gPauseSelectItem02Tex,    gPauseSelectItem03Tex,
      |                               ^~~~~~~~~~~~~~~~~~~~~
/home/david/Documents/RockBox_Personal-master/devsrc/nano-soh-runtime/Shipwright/soh/src/overlays/misc/ovl_kaleido_scope/z_kaleido_scope_PAL.c:90:57: warning: initialization discards 'const' qualifier from pointer target type [-Wdiscarded-qualifiers]
   90 |     gPauseSelectItem00ENGTex, gPauseSelectItem01Tex,    gPauseSelectItem02Tex,    gPauseSelectItem03Tex,
      |                                                         ^~~~~~~~~~~~~~~~~~~~~
/home/david/Documents/RockBox_Personal-master/devsrc/nano-soh-runtime/Shipwright/soh/src/overlays/misc/ovl_kaleido_scope/z_kaleido_scope_PAL.c:90:83: warning: initialization discards 'const' qualifier from pointer target type [-Wdiscarded-qualifiers]
   90 |     gPauseSelectItem00ENGTex, gPauseSelectItem01Tex,    gPauseSelectItem02Tex,    gPauseSelectItem03Tex,
      |                                                                                   ^~~~~~~~~~~~~~~~~~~~~
/home/david/Documents/RockBox_Personal-master/devsrc/nano-soh-runtime/Shipwright/soh/src/overlays/misc/ovl_kaleido_scope/z_kaleido_scope_PAL.c:91:5: warning: initialization discards 'const' qualifier from pointer target type [-Wdiscarded-qualifiers]
   91 |     gPauseSelectItem04Tex,    gPauseSelectItem10ENGTex, gPauseSelectItem11Tex,    gPauseSelectItem12Tex,
      |     ^~~~~~~~~~~~~~~~~~~~~
/home/david/Documents/RockBox_Personal-master/devsrc/nano-soh-runtime/Shipwright/soh/src/overlays/misc/ovl_kaleido_scope/z_kaleido_scope_PAL.c:91:31: warning: initialization discards 'const' qualifier from pointer target type [-Wdiscarded-qualifiers]
   91 |     gPauseSelectItem04Tex,    gPauseSelectItem10ENGTex, gPauseSelectItem11Tex,    gPauseSelectItem12Tex,
      |                               ^~~~~~~~~~~~~~~~~~~~~~~~
/home/david/Documents/RockBox_Personal-master/devsrc/nano-soh-runtime/Shipwright/soh/src/overlays/misc/ovl_kaleido_scope/z_kaleido_scope_PAL.c:91:57: warning: initialization discards 'const' qualifier from pointer target type [-Wdiscarded-qualifiers]
   91 |     gPauseSelectItem04Tex,    gPauseSelectItem10ENGTex, gPauseSelectItem11Tex,    gPauseSelectItem12Tex,
      |                                                         ^~~~~~~~~~~~~~~~~~~~~
/home/david/Documents/RockBox_Personal-master/devsrc/nano-soh-runtime/Shipwright/soh/src/overlays/misc/ovl_kaleido_scope/z_kaleido_scope_PAL.c:91:83: warning: initialization discards 'const' qualifier from pointer target type [-Wdiscarded-qualifiers]
   91 |     gPauseSelectItem04Tex,    gPauseSelectItem10ENGTex, gPauseSelectItem11Tex,    gPauseSelectItem12Tex,
      |                                                                                   ^~~~~~~~~~~~~~~~~~~~~
/home/david/Documents/RockBox_Personal-master/devsrc/nano-soh-runtime/Shipwright/soh/src/overlays/misc/ovl_kaleido_scope/z_kaleido_scope_PAL.c:92:5: warning: initialization discards 'const' qualifier from pointer target type [-Wdiscarded-qualifiers]
   92 |     gPauseSelectItem13Tex,    gPauseSelectItem14Tex,    gPauseSelectItem20ENGTex, gPauseSelectItem21Tex,
      |     ^~~~~~~~~~~~~~~~~~~~~
/home/david/Documents/RockBox_Personal-master/devsrc/nano-soh-runtime/Shipwright/soh/src/overlays/misc/ovl_kaleido_scope/z_kaleido_scope_PAL.c:92:31: warning: initialization discards 'const' qualifier from pointer target type [-Wdiscarded-qualifiers]
   92 |     gPauseSelectItem13Tex,    gPauseSelectItem14Tex,    gPauseSelectItem20ENGTex, gPauseSelectItem21Tex,
      |                               ^~~~~~~~~~~~~~~~~~~~~
/home/david/Documents/RockBox_Personal-master/devsrc/nano-soh-runtime/Shipwright/soh/src/overlays/misc/ovl_kaleido_scope/z_kaleido_scope_PAL.c:92:57: warning: initialization discards 'const' qualifier from pointer target type [-Wdiscarded-qualifiers]
   92 |     gPauseSelectItem13Tex,    gPauseSelectItem14Tex,    gPauseSelectItem20ENGTex, gPauseSelectItem21Tex,
      |                                                         ^~~~~~~~~~~~~~~~~~~~~~~~
/home/david/Documents/RockBox_Personal-master/devsrc/nano-soh-runtime/Shipwright/soh/src/overlays/misc/ovl_kaleido_scope/z_kaleido_scope_PAL.c:92:83: warning: initialization discards 'const' qualifier from pointer target type [-Wdiscarded-qualifiers]
   92 |     gPauseSelectItem13Tex,    gPauseSelectItem14Tex,    gPauseSelectItem20ENGTex, gPauseSelectItem21Tex,
      |                                                                                   ^~~~~~~~~~~~~~~~~~~~~
/home/david/Documents/RockBox_Personal-master/devsrc/nano-soh-runtime/Shipwright/soh/src/overlays/misc/ovl_kaleido_scope/z_kaleido_scope_PAL.c:93:5: warning: initialization discards 'const' qualifier from pointer target type [-Wdiscarded-qualifiers]
   93 |     gPauseSelectItem22Tex,    gPauseSelectItem23Tex,    gPauseSelectItem24Tex,
      |     ^~~~~~~~~~~~~~~~~~~~~
/home/david/Documents/RockBox_Personal-master/devsrc/nano-soh-runtime/Shipwright/soh/src/overlays/misc/ovl_kaleido_scope/z_kaleido_scope_PAL.c:93:31: warning: initialization discards 'const' qualifier from pointer target type [-Wdiscarded-qualifiers]
   93 |     gPauseSelectItem22Tex,    gPauseSelectItem23Tex,    gPauseSelectItem24Tex,
      |                               ^~~~~~~~~~~~~~~~~~~~~
/home/david/Documents/RockBox_Personal-master/devsrc/nano-soh-runtime/Shipwright/soh/src/overlays/misc/ovl_kaleido_scope/z_kaleido_scope_PAL.c:93:57: warning: initialization discards 'const' qualifier from pointer target type [-Wdiscarded-qualifiers]
   93 |     gPauseSelectItem22Tex,    gPauseSelectItem23Tex,    gPauseSelectItem24Tex,
      |                                                         ^~~~~~~~~~~~~~~~~~~~~
/home/david/Documents/RockBox_Personal-master/devsrc/nano-soh-runtime/Shipwright/soh/src/overlays/misc/ovl_kaleido_scope/z_kaleido_scope_PAL.c:96:5: warning: initialization discards 'const' qualifier from pointer target type [-Wdiscarded-qualifiers]
   96 |     gPauseMap00Tex,    gPauseMap01Tex, gPauseMap02Tex, gPauseMap03Tex, gPauseMap04Tex,
      |     ^~~~~~~~~~~~~~
/home/david/Documents/RockBox_Personal-master/devsrc/nano-soh-runtime/Shipwright/soh/src/overlays/misc/ovl_kaleido_scope/z_kaleido_scope_PAL.c:96:24: warning: initialization discards 'const' qualifier from pointer target type [-Wdiscarded-qualifiers]
   96 |     gPauseMap00Tex,    gPauseMap01Tex, gPauseMap02Tex, gPauseMap03Tex, gPauseMap04Tex,
      |                        ^~~~~~~~~~~~~~
/home/david/Documents/RockBox_Personal-master/devsrc/nano-soh-runtime/Shipwright/soh/src/overlays/misc/ovl_kaleido_scope/z_kaleido_scope_PAL.c:96:40: warning: initialization discards 'const' qualifier from pointer target type [-Wdiscarded-qualifiers]
   96 |     gPauseMap00Tex,    gPauseMap01Tex, gPauseMap02Tex, gPauseMap03Tex, gPauseMap04Tex,
      |                                        ^~~~~~~~~~~~~~
/home/david/Documents/RockBox_Personal-master/devsrc/nano-soh-runtime/Shipwright/soh/src/overlays/misc/ovl_kaleido_scope/z_kaleido_scope_PAL.c:96:56: warning: initialization discards 'const' qualifier from pointer target type [-Wdiscarded-qualifiers]
   96 |     gPauseMap00Tex,    gPauseMap01Tex, gPauseMap02Tex, gPauseMap03Tex, gPauseMap04Tex,
      |                                                        ^~~~~~~~~~~~~~
/home/david/Documents/RockBox_Personal-master/devsrc/nano-soh-runtime/Shipwright/soh/src/overlays/misc/ovl_kaleido_scope/z_kaleido_scope_PAL.c:96:72: warning: initialization discards 'const' qualifier from pointer target type [-Wdiscarded-qualifiers]
   96 |     gPauseMap00Tex,    gPauseMap01Tex, gPauseMap02Tex, gPauseMap03Tex, gPauseMap04Tex,
      |                                                                        ^~~~~~~~~~~~~~
/home/david/Documents/RockBox_Personal-master/devsrc/nano-soh-runtime/Shipwright/soh/src/overlays/misc/ovl_kaleido_scope/z_kaleido_scope_PAL.c:97:5: warning: initialization discards 'const' qualifier from pointer target type [-Wdiscarded-qualifiers]
   97 |     gPauseMap10ENGTex, gPauseMap11Tex, gPauseMap12Tex, gPauseMap13Tex, gPauseMap14Tex,
      |     ^~~~~~~~~~~~~~~~~
/home/david/Documents/RockBox_Personal-master/devsrc/nano-soh-runtime/Shipwright/soh/src/overlays/misc/ovl_kaleido_scope/z_kaleido_scope_PAL.c:97:24: warning: initialization discards 'const' qualifier from pointer target type [-Wdiscarded-qualifiers]
   97 |     gPauseMap10ENGTex, gPauseMap11Tex, gPauseMap12Tex, gPauseMap13Tex, gPauseMap14Tex,
      |                        ^~~~~~~~~~~~~~
/home/david/Documents/RockBox_Personal-master/devsrc/nano-soh-runtime/Shipwright/soh/src/overlays/misc/ovl_kaleido_scope/z_kaleido_scope_PAL.c:97:40: warning: initialization discards 'const' qualifier from pointer target type [-Wdiscarded-qualifiers]
   97 |     gPauseMap10ENGTex, gPauseMap11Tex, gPauseMap12Tex, gPauseMap13Tex, gPauseMap14Tex,
      |                                        ^~~~~~~~~~~~~~
/home/david/Documents/RockBox_Personal-master/devsrc/nano-soh-runtime/Shipwright/soh/src/overlays/misc/ovl_kaleido_scope/z_kaleido_scope_PAL.c:97:56: warning: initialization discards 'const' qualifier from pointer target type [-Wdiscarded-qualifiers]
   97 |     gPauseMap10ENGTex, gPauseMap11Tex, gPauseMap12Tex, gPauseMap13Tex, gPauseMap14Tex,
      |                                                        ^~~~~~~~~~~~~~
/home/david/Documents/RockBox_Personal-master/devsrc/nano-soh-runtime/Shipwright/soh/src/overlays/misc/ovl_kaleido_scope/z_kaleido_scope_PAL.c:97:72: warning: initialization discards 'const' qualifier from pointer target type [-Wdiscarded-qualifiers]
   97 |     gPauseMap10ENGTex, gPauseMap11Tex, gPauseMap12Tex, gPauseMap13Tex, gPauseMap14Tex,
      |                                                                        ^~~~~~~~~~~~~~
/home/david/Documents/RockBox_Personal-master/devsrc/nano-soh-runtime/Shipwright/soh/src/overlays/misc/ovl_kaleido_scope/z_kaleido_scope_PAL.c:98:5: warning: initialization discards 'const' qualifier from pointer target type [-Wdiscarded-qualifiers]
   98 |     gPauseMap20Tex,    gPauseMap21Tex, gPauseMap22Tex, gPauseMap23Tex, gPauseMap24Tex,
      |     ^~~~~~~~~~~~~~
/home/david/Documents/RockBox_Personal-master/devsrc/nano-soh-runtime/Shipwright/soh/src/overlays/misc/ovl_kaleido_scope/z_kaleido_scope_PAL.c:98:24: warning: initialization discards 'const' qualifier from pointer target type [-Wdiscarded-qualifiers]
   98 |     gPauseMap20Tex,    gPauseMap21Tex, gPauseMap22Tex, gPauseMap23Tex, gPauseMap24Tex,
      |                        ^~~~~~~~~~~~~~
/home/david/Documents/RockBox_Personal-master/devsrc/nano-soh-runtime/Shipwright/soh/src/overlays/misc/ovl_kaleido_scope/z_kaleido_scope_PAL.c:98:40: warning: initialization discards 'const' qualifier from pointer target type [-Wdiscarded-qualifiers]
   98 |     gPauseMap20Tex,    gPauseMap21Tex, gPauseMap22Tex, gPauseMap23Tex, gPauseMap24Tex,
      |                                        ^~~~~~~~~~~~~~
/home/david/Documents/RockBox_Personal-master/devsrc/nano-soh-runtime/Shipwright/soh/src/overlays/misc/ovl_kaleido_scope/z_kaleido_scope_PAL.c:98:56: warning: initialization discards 'const' qualifier from pointer target type [-Wdiscarded-qualifiers]
   98 |     gPauseMap20Tex,    gPauseMap21Tex, gPauseMap22Tex, gPauseMap23Tex, gPauseMap24Tex,
      |                                                        ^~~~~~~~~~~~~~
/home/david/Documents/RockBox_Personal-master/devsrc/nano-soh-runtime/Shipwright/soh/src/overlays/misc/ovl_kaleido_scope/z_kaleido_scope_PAL.c:98:72: warning: initialization discards 'const' qualifier from pointer target type [-Wdiscarded-qualifiers]
   98 |     gPauseMap20Tex,    gPauseMap21Tex, gPauseMap22Tex, gPauseMap23Tex, gPauseMap24Tex,
      |                                                                        ^~~~~~~~~~~~~~
/home/david/Documents/RockBox_Personal-master/devsrc/nano-soh-runtime/Shipwright/soh/src/overlays/misc/ovl_kaleido_scope/z_kaleido_scope_PAL.c:101:5: warning: initialization discards 'const' qualifier from pointer target type [-Wdiscarded-qualifiers]
  101 |     gPauseQuestStatus00ENGTex, gPauseQuestStatus01Tex,    gPauseQuestStatus02Tex,    gPauseQuestStatus03Tex,
      |     ^~~~~~~~~~~~~~~~~~~~~~~~~
/home/david/Documents/RockBox_Personal-master/devsrc/nano-soh-runtime/Shipwright/soh/src/overlays/misc/ovl_kaleido_scope/z_kaleido_scope_PAL.c:101:32: warning: initialization discards 'const' qualifier from pointer target type [-Wdiscarded-qualifiers]
  101 |     gPauseQuestStatus00ENGTex, gPauseQuestStatus01Tex,    gPauseQuestStatus02Tex,    gPauseQuestStatus03Tex,
      |                                ^~~~~~~~~~~~~~~~~~~~~~
/home/david/Documents/RockBox_Personal-master/devsrc/nano-soh-runtime/Shipwright/soh/src/overlays/misc/ovl_kaleido_scope/z_kaleido_scope_PAL.c:101:59: warning: initialization discards 'const' qualifier from pointer target type [-Wdiscarded-qualifiers]
  101 |     gPauseQuestStatus00ENGTex, gPauseQuestStatus01Tex,    gPauseQuestStatus02Tex,    gPauseQuestStatus03Tex,
      |                                                           ^~~~~~~~~~~~~~~~~~~~~~
/home/david/Documents/RockBox_Personal-master/devsrc/nano-soh-runtime/Shipwright/soh/src/overlays/misc/ovl_kaleido_scope/z_kaleido_scope_PAL.c:101:86: warning: initialization discards 'const' qualifier from pointer target type [-Wdiscarded-qualifiers]
  101 |     gPauseQuestStatus00ENGTex, gPauseQuestStatus01Tex,    gPauseQuestStatus02Tex,    gPauseQuestStatus03Tex,
      |                                                                                      ^~~~~~~~~~~~~~~~~~~~~~
/home/david/Documents/RockBox_Personal-master/devsrc/nano-soh-runtime/Shipwright/soh/src/overlays/misc/ovl_kaleido_scope/z_kaleido_scope_PAL.c:102:5: warning: initialization discards 'const' qualifier from pointer target type [-Wdiscarded-qualifiers]
  102 |     gPauseQuestStatus04Tex,    gPauseQuestStatus10ENGTex, gPauseQuestStatus11Tex,    gPauseQuestStatus12Tex,
      |     ^~~~~~~~~~~~~~~~~~~~~~
/home/david/Documents/RockBox_Personal-master/devsrc/nano-soh-runtime/Shipwright/soh/src/overlays/misc/ovl_kaleido_scope/z_kaleido_scope_PAL.c:102:32: warning: initialization discards 'const' qualifier from pointer target type [-Wdiscarded-qualifiers]
  102 |     gPauseQuestStatus04Tex,    gPauseQuestStatus10ENGTex, gPauseQuestStatus11Tex,    gPauseQuestStatus12Tex,
      |                                ^~~~~~~~~~~~~~~~~~~~~~~~~
/home/david/Documents/RockBox_Personal-master/devsrc/nano-soh-runtime/Shipwright/soh/src/overlays/misc/ovl_kaleido_scope/z_kaleido_scope_PAL.c:102:59: warning: initialization discards 'const' qualifier from pointer target type [-Wdiscarded-qualifiers]
  102 |     gPauseQuestStatus04Tex,    gPauseQuestStatus10ENGTex, gPauseQuestStatus11Tex,    gPauseQuestStatus12Tex,
      |                                                           ^~~~~~~~~~~~~~~~~~~~~~
/home/david/Documents/RockBox_Personal-master/devsrc/nano-soh-runtime/Shipwright/soh/src/overlays/misc/ovl_kaleido_scope/z_kaleido_scope_PAL.c:102:86: warning: initialization discards 'const' qualifier from pointer target type [-Wdiscarded-qualifiers]
  102 |     gPauseQuestStatus04Tex,    gPauseQuestStatus10ENGTex, gPauseQuestStatus11Tex,    gPauseQuestStatus12Tex,
      |                                                                                      ^~~~~~~~~~~~~~~~~~~~~~
/home/david/Documents/RockBox_Personal-master/devsrc/nano-soh-runtime/Shipwright/soh/src/overlays/misc/ovl_kaleido_scope/z_kaleido_scope_PAL.c:103:5: warning: initialization discards 'const' qualifier from pointer target type [-Wdiscarded-qualifiers]
  103 |     gPauseQuestStatus13Tex,    gPauseQuestStatus14Tex,    gPauseQuestStatus20ENGTex, gPauseQuestStatus21Tex,
      |     ^~~~~~~~~~~~~~~~~~~~~~
/home/david/Documents/RockBox_Personal-master/devsrc/nano-soh-runtime/Shipwright/soh/src/overlays/misc/ovl_kaleido_scope/z_kaleido_scope_PAL.c:103:32: warning: initialization discards 'const' qualifier from pointer target type [-Wdiscarded-qualifiers]
  103 |     gPauseQuestStatus13Tex,    gPauseQuestStatus14Tex,    gPauseQuestStatus20ENGTex, gPauseQuestStatus21Tex,
      |                                ^~~~~~~~~~~~~~~~~~~~~~
/home/david/Documents/RockBox_Personal-master/devsrc/nano-soh-runtime/Shipwright/soh/src/overlays/misc/ovl_kaleido_scope/z_kaleido_scope_PAL.c:103:59: warning: initialization discards 'const' qualifier from pointer target type [-Wdiscarded-qualifiers]
  103 |     gPauseQuestStatus13Tex,    gPauseQuestStatus14Tex,    gPauseQuestStatus20ENGTex, gPauseQuestStatus21Tex,
      |                                                           ^~~~~~~~~~~~~~~~~~~~~~~~~
/home/david/Documents/RockBox_Personal-master/devsrc/nano-soh-runtime/Shipwright/soh/src/overlays/misc/ovl_kaleido_scope/z_kaleido_scope_PAL.c:103:86: warning: initialization discards 'const' qualifier from pointer target type [-Wdiscarded-qualifiers]
  103 |     gPauseQuestStatus13Tex,    gPauseQuestStatus14Tex,    gPauseQuestStatus20ENGTex, gPauseQuestStatus21Tex,
      |                                                                                      ^~~~~~~~~~~~~~~~~~~~~~
/home/david/Documents/RockBox_Personal-master/devsrc/nano-soh-runtime/Shipwright/soh/src/overlays/misc/ovl_kaleido_scope/z_kaleido_scope_PAL.c:104:5: warning: initialization discards 'const' qualifier from pointer target type [-Wdiscarded-qualifiers]
  104 |     gPauseQuestStatus22Tex,    gPauseQuestStatus23Tex,    gPauseQuestStatus24Tex,
      |     ^~~~~~~~~~~~~~~~~~~~~~
/home/david/Documents/RockBox_Personal-master/devsrc/nano-soh-runtime/Shipwright/soh/src/overlays/misc/ovl_kaleido_scope/z_kaleido_scope_PAL.c:104:32: warning: initialization discards 'const' qualifier from pointer target type [-Wdiscarded-qualifiers]
  104 |     gPauseQuestStatus22Tex,    gPauseQuestStatus23Tex,    gPauseQuestStatus24Tex,
      |                                ^~~~~~~~~~~~~~~~~~~~~~
/home/david/Documents/RockBox_Personal-master/devsrc/nano-soh-runtime/Shipwright/soh/src/overlays/misc/ovl_kaleido_scope/z_kaleido_scope_PAL.c:104:59: warning: initialization discards 'const' qualifier from pointer target type [-Wdiscarded-qualifiers]
  104 |     gPauseQuestStatus22Tex,    gPauseQuestStatus23Tex,    gPauseQuestStatus24Tex,
      |                                                           ^~~~~~~~~~~~~~~~~~~~~~
/home/david/Documents/RockBox_Personal-master/devsrc/nano-soh-runtime/Shipwright/soh/src/overlays/misc/ovl_kaleido_scope/z_kaleido_scope_PAL.c:107:5: warning: initialization discards 'const' qualifier from pointer target type [-Wdiscarded-qualifiers]
  107 |     gPauseSave00Tex,    gPauseSave01Tex, gPauseSave02Tex, gPauseSave03Tex, gPauseSave04Tex,
      |     ^~~~~~~~~~~~~~~
/home/david/Documents/RockBox_Personal-master/devsrc/nano-soh-runtime/Shipwright/soh/src/overlays/misc/ovl_kaleido_scope/z_kaleido_scope_PAL.c:107:25: warning: initialization discards 'const' qualifier from pointer target type [-Wdiscarded-qualifiers]
  107 |     gPauseSave00Tex,    gPauseSave01Tex, gPauseSave02Tex, gPauseSave03Tex, gPauseSave04Tex,
      |                         ^~~~~~~~~~~~~~~
/home/david/Documents/RockBox_Personal-master/devsrc/nano-soh-runtime/Shipwright/soh/src/overlays/misc/ovl_kaleido_scope/z_kaleido_scope_PAL.c:107:42: warning: initialization discards 'const' qualifier from pointer target type [-Wdiscarded-qualifiers]
  107 |     gPauseSave00Tex,    gPauseSave01Tex, gPauseSave02Tex, gPauseSave03Tex, gPauseSave04Tex,
      |                                          ^~~~~~~~~~~~~~~
/home/david/Documents/RockBox_Personal-master/devsrc/nano-soh-runtime/Shipwright/soh/src/overlays/misc/ovl_kaleido_scope/z_kaleido_scope_PAL.c:107:59: warning: initialization discards 'const' qualifier from pointer target type [-Wdiscarded-qualifiers]
  107 |     gPauseSave00Tex,    gPauseSave01Tex, gPauseSave02Tex, gPauseSave03Tex, gPauseSave04Tex,
      |                                                           ^~~~~~~~~~~~~~~
/home/david/Documents/RockBox_Personal-master/devsrc/nano-soh-runtime/Shipwright/soh/src/overlays/misc/ovl_kaleido_scope/z_kaleido_scope_PAL.c:107:76: warning: initialization discards 'const' qualifier from pointer target type [-Wdiscarded-qualifiers]
  107 |     gPauseSave00Tex,    gPauseSave01Tex, gPauseSave02Tex, gPauseSave03Tex, gPauseSave04Tex,
      |                                                                            ^~~~~~~~~~~~~~~
/home/david/Documents/RockBox_Personal-master/devsrc/nano-soh-runtime/Shipwright/soh/src/overlays/misc/ovl_kaleido_scope/z_kaleido_scope_PAL.c:108:5: warning: initialization discards 'const' qualifier from pointer target type [-Wdiscarded-qualifiers]
  108 |     gPauseSave10ENGTex, gPauseSave11Tex, gPauseSave12Tex, gPauseSave13Tex, gPauseSave14Tex,
      |     ^~~~~~~~~~~~~~~~~~
/home/david/Documents/RockBox_Personal-master/devsrc/nano-soh-runtime/Shipwright/soh/src/overlays/misc/ovl_kaleido_scope/z_kaleido_scope_PAL.c:108:25: warning: initialization discards 'const' qualifier from pointer target type [-Wdiscarded-qualifiers]
  108 |     gPauseSave10ENGTex, gPauseSave11Tex, gPauseSave12Tex, gPauseSave13Tex, gPauseSave14Tex,
      |                         ^~~~~~~~~~~~~~~
/home/david/Documents/RockBox_Personal-master/devsrc/nano-soh-runtime/Shipwright/soh/src/overlays/misc/ovl_kaleido_scope/z_kaleido_scope_PAL.c:108:42: warning: initialization discards 'const' qualifier from pointer target type [-Wdiscarded-qualifiers]
  108 |     gPauseSave10ENGTex, gPauseSave11Tex, gPauseSave12Tex, gPauseSave13Tex, gPauseSave14Tex,
      |                                          ^~~~~~~~~~~~~~~
/home/david/Documents/RockBox_Personal-master/devsrc/nano-soh-runtime/Shipwright/soh/src/overlays/misc/ovl_kaleido_scope/z_kaleido_scope_PAL.c:108:59: warning: initialization discards 'const' qualifier from pointer target type [-Wdiscarded-qualifiers]
  108 |     gPauseSave10ENGTex, gPauseSave11Tex, gPauseSave12Tex, gPauseSave13Tex, gPauseSave14Tex,
      |                                                           ^~~~~~~~~~~~~~~
/home/david/Documents/RockBox_Personal-master/devsrc/nano-soh-runtime/Shipwright/soh/src/overlays/misc/ovl_kaleido_scope/z_kaleido_scope_PAL.c:108:76: warning: initialization discards 'const' qualifier from pointer target type [-Wdiscarded-qualifiers]
  108 |     gPauseSave10ENGTex, gPauseSave11Tex, gPauseSave12Tex, gPauseSave13Tex, gPauseSave14Tex,
      |                                                                            ^~~~~~~~~~~~~~~
/home/david/Documents/RockBox_Personal-master/devsrc/nano-soh-runtime/Shipwright/soh/src/overlays/misc/ovl_kaleido_scope/z_kaleido_scope_PAL.c:109:5: warning: initialization discards 'const' qualifier from pointer target type [-Wdiscarded-qualifiers]
  109 |     gPauseSave20Tex,    gPauseSave21Tex, gPauseSave22Tex, gPauseSave23Tex, gPauseSave24Tex,
      |     ^~~~~~~~~~~~~~~
/home/david/Documents/RockBox_Personal-master/devsrc/nano-soh-runtime/Shipwright/soh/src/overlays/misc/ovl_kaleido_scope/z_kaleido_scope_PAL.c:109:25: warning: initialization discards 'const' qualifier from pointer target type [-Wdiscarded-qualifiers]
  109 |     gPauseSave20Tex,    gPauseSave21Tex, gPauseSave22Tex, gPauseSave23Tex, gPauseSave24Tex,
      |                         ^~~~~~~~~~~~~~~
/home/david/Documents/RockBox_Personal-master/devsrc/nano-soh-runtime/Shipwright/soh/src/overlays/misc/ovl_kaleido_scope/z_kaleido_scope_PAL.c:109:42: warning: initialization discards 'const' qualifier from pointer target type [-Wdiscarded-qualifiers]
  109 |     gPauseSave20Tex,    gPauseSave21Tex, gPauseSave22Tex, gPauseSave23Tex, gPauseSave24Tex,
      |                                          ^~~~~~~~~~~~~~~
/home/david/Documents/RockBox_Personal-master/devsrc/nano-soh-runtime/Shipwright/soh/src/overlays/misc/ovl_kaleido_scope/z_kaleido_scope_PAL.c:109:59: warning: initialization discards 'const' qualifier from pointer target type [-Wdiscarded-qualifiers]
  109 |     gPauseSave20Tex,    gPauseSave21Tex, gPauseSave22Tex, gPauseSave23Tex, gPauseSave24Tex,
      |                                                           ^~~~~~~~~~~~~~~
/home/david/Documents/RockBox_Personal-master/devsrc/nano-soh-runtime/Shipwright/soh/src/overlays/misc/ovl_kaleido_scope/z_kaleido_scope_PAL.c:109:76: warning: initialization discards 'const' qualifier from pointer target type [-Wdiscarded-qualifiers]
  109 |     gPauseSave20Tex,    gPauseSave21Tex, gPauseSave22Tex, gPauseSave23Tex, gPauseSave24Tex,
      |                                                                            ^~~~~~~~~~~~~~~
/home/david/Documents/RockBox_Personal-master/devsrc/nano-soh-runtime/Shipwright/soh/src/overlays/misc/ovl_kaleido_scope/z_kaleido_scope_PAL.c:113:5: warning: initialization discards 'const' qualifier from pointer target type [-Wdiscarded-qualifiers]
  113 |     gPauseEquipment00Tex,    gPauseEquipment01Tex, gPauseEquipment02Tex, gPauseEquipment03Tex, gPauseEquipment04Tex,
      |     ^~~~~~~~~~~~~~~~~~~~
/home/david/Documents/RockBox_Personal-master/devsrc/nano-soh-runtime/Shipwright/soh/src/overlays/misc/ovl_kaleido_scope/z_kaleido_scope_PAL.c:113:30: warning: initialization discards 'const' qualifier from pointer target type [-Wdiscarded-qualifiers]
  113 |     gPauseEquipment00Tex,    gPauseEquipment01Tex, gPauseEquipment02Tex, gPauseEquipment03Tex, gPauseEquipment04Tex,
      |                              ^~~~~~~~~~~~~~~~~~~~
/home/david/Documents/RockBox_Personal-master/devsrc/nano-soh-runtime/Shipwright/soh/src/overlays/misc/ovl_kaleido_scope/z_kaleido_scope_PAL.c:113:52: warning: initialization discards 'const' qualifier from pointer target type [-Wdiscarded-qualifiers]
  113 |     gPauseEquipment00Tex,    gPauseEquipment01Tex, gPauseEquipment02Tex, gPauseEquipment03Tex, gPauseEquipment04Tex,
      |                                                    ^~~~~~~~~~~~~~~~~~~~
/home/david/Documents/RockBox_Personal-master/devsrc/nano-soh-runtime/Shipwright/soh/src/overlays/misc/ovl_kaleido_scope/z_kaleido_scope_PAL.c:113:74: warning: initialization discards 'const' qualifier from pointer target type [-Wdiscarded-qualifiers]
  113 |     gPauseEquipment00Tex,    gPauseEquipment01Tex, gPauseEquipment02Tex, gPauseEquipment03Tex, gPauseEquipment04Tex,
      |                                                                          ^~~~~~~~~~~~~~~~~~~~
/home/david/Documents/RockBox_Personal-master/devsrc/nano-soh-runtime/Shipwright/soh/src/overlays/misc/ovl_kaleido_scope/z_kaleido_scope_PAL.c:113:96: warning: initialization discards 'const' qualifier from pointer target type [-Wdiscarded-qualifiers]
  113 |     gPauseEquipment00Tex,    gPauseEquipment01Tex, gPauseEquipment02Tex, gPauseEquipment03Tex, gPauseEquipment04Tex,
      |                                                                                                ^~~~~~~~~~~~~~~~~~~~
/home/david/Documents/RockBox_Personal-master/devsrc/nano-soh-runtime/Shipwright/soh/src/overlays/misc/ovl_kaleido_scope/z_kaleido_scope_PAL.c:114:5: warning: initialization discards 'const' qualifier from pointer target type [-Wdiscarded-qualifiers]
  114 |     gPauseEquipment10JPNTex, gPauseEquipment11Tex, gPauseEquipment12Tex, gPauseEquipment13Tex, gPauseEquipment14Tex,
      |     ^~~~~~~~~~~~~~~~~~~~~~~
/home/david/Documents/RockBox_Personal-master/devsrc/nano-soh-runtime/Shipwright/soh/src/overlays/misc/ovl_kaleido_scope/z_kaleido_scope_PAL.c:114:30: warning: initialization discards 'const' qualifier from pointer target type [-Wdiscarded-qualifiers]
  114 |     gPauseEquipment10JPNTex, gPauseEquipment11Tex, gPauseEquipment12Tex, gPauseEquipment13Tex, gPauseEquipment14Tex,
      |                              ^~~~~~~~~~~~~~~~~~~~
/home/david/Documents/RockBox_Personal-master/devsrc/nano-soh-runtime/Shipwright/soh/src/overlays/misc/ovl_kaleido_scope/z_kaleido_scope_PAL.c:114:52: warning: initialization discards 'const' qualifier from pointer target type [-Wdiscarded-qualifiers]
  114 |     gPauseEquipment10JPNTex, gPauseEquipment11Tex, gPauseEquipment12Tex, gPauseEquipment13Tex, gPauseEquipment14Tex,
      |                                                    ^~~~~~~~~~~~~~~~~~~~
/home/david/Documents/RockBox_Personal-master/devsrc/nano-soh-runtime/Shipwright/soh/src/overlays/misc/ovl_kaleido_scope/z_kaleido_scope_PAL.c:114:74: warning: initialization discards 'const' qualifier from pointer target type [-Wdiscarded-qualifiers]
  114 |     gPauseEquipment10JPNTex, gPauseEquipment11Tex, gPauseEquipment12Tex, gPauseEquipment13Tex, gPauseEquipment14Tex,
      |                                                                          ^~~~~~~~~~~~~~~~~~~~
/home/david/Documents/RockBox_Personal-master/devsrc/nano-soh-runtime/Shipwright/soh/src/overlays/misc/ovl_kaleido_scope/z_kaleido_scope_PAL.c:114:96: warning: initialization discards 'const' qualifier from pointer target type [-Wdiscarded-qualifiers]
  114 |     gPauseEquipment10JPNTex, gPauseEquipment11Tex, gPauseEquipment12Tex, gPauseEquipment13Tex, gPauseEquipment14Tex,
      |                                                                                                ^~~~~~~~~~~~~~~~~~~~
/home/david/Documents/RockBox_Personal-master/devsrc/nano-soh-runtime/Shipwright/soh/src/overlays/misc/ovl_kaleido_scope/z_kaleido_scope_PAL.c:115:5: warning: initialization discards 'const' qualifier from pointer target type [-Wdiscarded-qualifiers]
  115 |     gPauseEquipment20Tex,    gPauseEquipment21Tex, gPauseEquipment22Tex, gPauseEquipment23Tex, gPauseEquipment24Tex,
      |     ^~~~~~~~~~~~~~~~~~~~
/home/david/Documents/RockBox_Personal-master/devsrc/nano-soh-runtime/Shipwright/soh/src/overlays/misc/ovl_kaleido_scope/z_kaleido_scope_PAL.c:115:30: warning: initialization discards 'const' qualifier from pointer target type [-Wdiscarded-qualifiers]
  115 |     gPauseEquipment20Tex,    gPauseEquipment21Tex, gPauseEquipment22Tex, gPauseEquipment23Tex, gPauseEquipment24Tex,
      |                              ^~~~~~~~~~~~~~~~~~~~
/home/david/Documents/RockBox_Personal-master/devsrc/nano-soh-runtime/Shipwright/soh/src/overlays/misc/ovl_kaleido_scope/z_kaleido_scope_PAL.c:115:52: warning: initialization discards 'const' qualifier from pointer target type [-Wdiscarded-qualifiers]
  115 |     gPauseEquipment20Tex,    gPauseEquipment21Tex, gPauseEquipment22Tex, gPauseEquipment23Tex, gPauseEquipment24Tex,
      |                                                    ^~~~~~~~~~~~~~~~~~~~
/home/david/Documents/RockBox_Personal-master/devsrc/nano-soh-runtime/Shipwright/soh/src/overlays/misc/ovl_kaleido_scope/z_kaleido_scope_PAL.c:115:74: warning: initialization discards 'const' qualifier from pointer target type [-Wdiscarded-qualifiers]
  115 |     gPauseEquipment20Tex,    gPauseEquipment21Tex, gPauseEquipment22Tex, gPauseEquipment23Tex, gPauseEquipment24Tex,
      |                                                                          ^~~~~~~~~~~~~~~~~~~~
/home/david/Documents/RockBox_Personal-master/devsrc/nano-soh-runtime/Shipwright/soh/src/overlays/misc/ovl_kaleido_scope/z_kaleido_scope_PAL.c:115:96: warning: initialization discards 'const' qualifier from pointer target type [-Wdiscarded-qualifiers]
  115 |     gPauseEquipment20Tex,    gPauseEquipment21Tex, gPauseEquipment22Tex, gPauseEquipment23Tex, gPauseEquipment24Tex,
      |                                                                                                ^~~~~~~~~~~~~~~~~~~~
/home/david/Documents/RockBox_Personal-master/devsrc/nano-soh-runtime/Shipwright/soh/src/overlays/misc/ovl_kaleido_scope/z_kaleido_scope_PAL.c:118:5: warning: initialization discards 'const' qualifier from pointer target type [-Wdiscarded-qualifiers]
  118 |     gPauseSelectItem00JPNTex, gPauseSelectItem01Tex,    gPauseSelectItem02Tex,    gPauseSelectItem03Tex,
      |     ^~~~~~~~~~~~~~~~~~~~~~~~
/home/david/Documents/RockBox_Personal-master/devsrc/nano-soh-runtime/Shipwright/soh/src/overlays/misc/ovl_kaleido_scope/z_kaleido_scope_PAL.c:118:31: warning: initialization discards 'const' qualifier from pointer target type [-Wdiscarded-qualifiers]
  118 |     gPauseSelectItem00JPNTex, gPauseSelectItem01Tex,    gPauseSelectItem02Tex,    gPauseSelectItem03Tex,
      |                               ^~~~~~~~~~~~~~~~~~~~~
/home/david/Documents/RockBox_Personal-master/devsrc/nano-soh-runtime/Shipwright/soh/src/overlays/misc/ovl_kaleido_scope/z_kaleido_scope_PAL.c:118:57: warning: initialization discards 'const' qualifier from pointer target type [-Wdiscarded-qualifiers]
  118 |     gPauseSelectItem00JPNTex, gPauseSelectItem01Tex,    gPauseSelectItem02Tex,    gPauseSelectItem03Tex,
      |                                                         ^~~~~~~~~~~~~~~~~~~~~
/home/david/Documents/RockBox_Personal-master/devsrc/nano-soh-runtime/Shipwright/soh/src/overlays/misc/ovl_kaleido_scope/z_kaleido_scope_PAL.c:118:83: warning: initialization discards 'const' qualifier from pointer target type [-Wdiscarded-qualifiers]
  118 |     gPauseSelectItem00JPNTex, gPauseSelectItem01Tex,    gPauseSelectItem02Tex,    gPauseSelectItem03Tex,
      |                                                                                   ^~~~~~~~~~~~~~~~~~~~~
/home/david/Documents/RockBox_Personal-master/devsrc/nano-soh-runtime/Shipwright/soh/src/overlays/misc/ovl_kaleido_scope/z_kaleido_scope_PAL.c:119:5: warning: initialization discards 'const' qualifier from pointer target type [-Wdiscarded-qualifiers]
  119 |     gPauseSelectItem04Tex,    gPauseSelectItem10JPNTex, gPauseSelectItem11Tex,    gPauseSelectItem12Tex,
      |     ^~~~~~~~~~~~~~~~~~~~~
/home/david/Documents/RockBox_Personal-master/devsrc/nano-soh-runtime/Shipwright/soh/src/overlays/misc/ovl_kaleido_scope/z_kaleido_scope_PAL.c:119:31: warning: initialization discards 'const' qualifier from pointer target type [-Wdiscarded-qualifiers]
  119 |     gPauseSelectItem04Tex,    gPauseSelectItem10JPNTex, gPauseSelectItem11Tex,    gPauseSelectItem12Tex,
      |                               ^~~~~~~~~~~~~~~~~~~~~~~~
/home/david/Documents/RockBox_Personal-master/devsrc/nano-soh-runtime/Shipwright/soh/src/overlays/misc/ovl_kaleido_scope/z_kaleido_scope_PAL.c:119:57: warning: initialization discards 'const' qualifier from pointer target type [-Wdiscarded-qualifiers]
  119 |     gPauseSelectItem04Tex,    gPauseSelectItem10JPNTex, gPauseSelectItem11Tex,    gPauseSelectItem12Tex,
      |                                                         ^~~~~~~~~~~~~~~~~~~~~
/home/david/Documents/RockBox_Personal-master/devsrc/nano-soh-runtime/Shipwright/soh/src/overlays/misc/ovl_kaleido_scope/z_kaleido_scope_PAL.c:119:83: warning: initialization discards 'const' qualifier from pointer target type [-Wdiscarded-qualifiers]
  119 |     gPauseSelectItem04Tex,    gPauseSelectItem10JPNTex, gPauseSelectItem11Tex,    gPauseSelectItem12Tex,
      |                                                                                   ^~~~~~~~~~~~~~~~~~~~~
/home/david/Documents/RockBox_Personal-master/devsrc/nano-soh-runtime/Shipwright/soh/src/overlays/misc/ovl_kaleido_scope/z_kaleido_scope_PAL.c:120:5: warning: initialization discards 'const' qualifier from pointer target type [-Wdiscarded-qualifiers]
  120 |     gPauseSelectItem13Tex,    gPauseSelectItem14Tex,    gPauseSelectItem20JPNTex, gPauseSelectItem21Tex,
      |     ^~~~~~~~~~~~~~~~~~~~~
/home/david/Documents/RockBox_Personal-master/devsrc/nano-soh-runtime/Shipwright/soh/src/overlays/misc/ovl_kaleido_scope/z_kaleido_scope_PAL.c:120:31: warning: initialization discards 'const' qualifier from pointer target type [-Wdiscarded-qualifiers]
  120 |     gPauseSelectItem13Tex,    gPauseSelectItem14Tex,    gPauseSelectItem20JPNTex, gPauseSelectItem21Tex,
      |                               ^~~~~~~~~~~~~~~~~~~~~
/home/david/Documents/RockBox_Personal-master/devsrc/nano-soh-runtime/Shipwright/soh/src/overlays/misc/ovl_kaleido_scope/z_kaleido_scope_PAL.c:120:57: warning: initialization discards 'const' qualifier from pointer target type [-Wdiscarded-qualifiers]
  120 |     gPauseSelectItem13Tex,    gPauseSelectItem14Tex,    gPauseSelectItem20JPNTex, gPauseSelectItem21Tex,
      |                                                         ^~~~~~~~~~~~~~~~~~~~~~~~
/home/david/Documents/RockBox_Personal-master/devsrc/nano-soh-runtime/Shipwright/soh/src/overlays/misc/ovl_kaleido_scope/z_kaleido_scope_PAL.c:120:83: warning: initialization discards 'const' qualifier from pointer target type [-Wdiscarded-qualifiers]
  120 |     gPauseSelectItem13Tex,    gPauseSelectItem14Tex,    gPauseSelectItem20JPNTex, gPauseSelectItem21Tex,
      |                                                                                   ^~~~~~~~~~~~~~~~~~~~~
/home/david/Documents/RockBox_Personal-master/devsrc/nano-soh-runtime/Shipwright/soh/src/overlays/misc/ovl_kaleido_scope/z_kaleido_scope_PAL.c:121:5: warning: initialization discards 'const' qualifier from pointer target type [-Wdiscarded-qualifiers]
  121 |     gPauseSelectItem22Tex,    gPauseSelectItem23Tex,    gPauseSelectItem24Tex,
      |     ^~~~~~~~~~~~~~~~~~~~~
/home/david/Documents/RockBox_Personal-master/devsrc/nano-soh-runtime/Shipwright/soh/src/overlays/misc/ovl_kaleido_scope/z_kaleido_scope_PAL.c:121:31: warning: initialization discards 'const' qualifier from pointer target type [-Wdiscarded-qualifiers]
  121 |     gPauseSelectItem22Tex,    gPauseSelectItem23Tex,    gPauseSelectItem24Tex,
      |                               ^~~~~~~~~~~~~~~~~~~~~
/home/david/Documents/RockBox_Personal-master/devsrc/nano-soh-runtime/Shipwright/soh/src/overlays/misc/ovl_kaleido_scope/z_kaleido_scope_PAL.c:121:57: warning: initialization discards 'const' qualifier from pointer target type [-Wdiscarded-qualifiers]
  121 |     gPauseSelectItem22Tex,    gPauseSelectItem23Tex,    gPauseSelectItem24Tex,
      |                                                         ^~~~~~~~~~~~~~~~~~~~~
/home/david/Documents/RockBox_Personal-master/devsrc/nano-soh-runtime/Shipwright/soh/src/overlays/misc/ovl_kaleido_scope/z_kaleido_scope_PAL.c:124:5: warning: initialization discards 'const' qualifier from pointer target type [-Wdiscarded-qualifiers]
  124 |     gPauseMap00Tex,    gPauseMap01Tex, gPauseMap02Tex, gPauseMap03Tex, gPauseMap04Tex,
      |     ^~~~~~~~~~~~~~
/home/david/Documents/RockBox_Personal-master/devsrc/nano-soh-runtime/Shipwright/soh/src/overlays/misc/ovl_kaleido_scope/z_kaleido_scope_PAL.c:124:24: warning: initialization discards 'const' qualifier from pointer target type [-Wdiscarded-qualifiers]
  124 |     gPauseMap00Tex,    gPauseMap01Tex, gPauseMap02Tex, gPauseMap03Tex, gPauseMap04Tex,
      |                        ^~~~~~~~~~~~~~
/home/david/Documents/RockBox_Personal-master/devsrc/nano-soh-runtime/Shipwright/soh/src/overlays/misc/ovl_kaleido_scope/z_kaleido_scope_PAL.c:124:40: warning: initialization discards 'const' qualifier from pointer target type [-Wdiscarded-qualifiers]
  124 |     gPauseMap00Tex,    gPauseMap01Tex, gPauseMap02Tex, gPauseMap03Tex, gPauseMap04Tex,
      |                                        ^~~~~~~~~~~~~~
/home/david/Documents/RockBox_Personal-master/devsrc/nano-soh-runtime/Shipwright/soh/src/overlays/misc/ovl_kaleido_scope/z_kaleido_scope_PAL.c:124:56: warning: initialization discards 'const' qualifier from pointer target type [-Wdiscarded-qualifiers]
  124 |     gPauseMap00Tex,    gPauseMap01Tex, gPauseMap02Tex, gPauseMap03Tex, gPauseMap04Tex,
      |                                                        ^~~~~~~~~~~~~~
/home/david/Documents/RockBox_Personal-master/devsrc/nano-soh-runtime/Shipwright/soh/src/overlays/misc/ovl_kaleido_scope/z_kaleido_scope_PAL.c:124:72: warning: initialization discards 'const' qualifier from pointer target type [-Wdiscarded-qualifiers]
  124 |     gPauseMap00Tex,    gPauseMap01Tex, gPauseMap02Tex, gPauseMap03Tex, gPauseMap04Tex,
      |                                                                        ^~~~~~~~~~~~~~
/home/david/Documents/RockBox_Personal-master/devsrc/nano-soh-runtime/Shipwright/soh/src/overlays/misc/ovl_kaleido_scope/z_kaleido_scope_PAL.c:125:5: warning: initialization discards 'const' qualifier from pointer target type [-Wdiscarded-qualifiers]
  125 |     gPauseMap10JPNTex, gPauseMap11Tex, gPauseMap12Tex, gPauseMap13Tex, gPauseMap14Tex,
      |     ^~~~~~~~~~~~~~~~~
/home/david/Documents/RockBox_Personal-master/devsrc/nano-soh-runtime/Shipwright/soh/src/overlays/misc/ovl_kaleido_scope/z_kaleido_scope_PAL.c:125:24: warning: initialization discards 'const' qualifier from pointer target type [-Wdiscarded-qualifiers]
  125 |     gPauseMap10JPNTex, gPauseMap11Tex, gPauseMap12Tex, gPauseMap13Tex, gPauseMap14Tex,
      |                        ^~~~~~~~~~~~~~
/home/david/Documents/RockBox_Personal-master/devsrc/nano-soh-runtime/Shipwright/soh/src/overlays/misc/ovl_kaleido_scope/z_kaleido_scope_PAL.c:125:40: warning: initialization discards 'const' qualifier from pointer target type [-Wdiscarded-qualifiers]
  125 |     gPauseMap10JPNTex, gPauseMap11Tex, gPauseMap12Tex, gPauseMap13Tex, gPauseMap14Tex,
      |                                        ^~~~~~~~~~~~~~
/home/david/Documents/RockBox_Personal-master/devsrc/nano-soh-runtime/Shipwright/soh/src/overlays/misc/ovl_kaleido_scope/z_kaleido_scope_PAL.c:125:56: warning: initialization discards 'const' qualifier from pointer target type [-Wdiscarded-qualifiers]
  125 |     gPauseMap10JPNTex, gPauseMap11Tex, gPauseMap12Tex, gPauseMap13Tex, gPauseMap14Tex,
      |                                                        ^~~~~~~~~~~~~~
/home/david/Documents/RockBox_Personal-master/devsrc/nano-soh-runtime/Shipwright/soh/src/overlays/misc/ovl_kaleido_scope/z_kaleido_scope_PAL.c:125:72: warning: initialization discards 'const' qualifier from pointer target type [-Wdiscarded-qualifiers]
  125 |     gPauseMap10JPNTex, gPauseMap11Tex, gPauseMap12Tex, gPauseMap13Tex, gPauseMap14Tex,
      |                                                                        ^~~~~~~~~~~~~~
/home/david/Documents/RockBox_Personal-master/devsrc/nano-soh-runtime/Shipwright/soh/src/overlays/misc/ovl_kaleido_scope/z_kaleido_scope_PAL.c:126:5: warning: initialization discards 'const' qualifier from pointer target type [-Wdiscarded-qualifiers]
  126 |     gPauseMap20Tex,    gPauseMap21Tex, gPauseMap22Tex, gPauseMap23Tex, gPauseMap24Tex,
      |     ^~~~~~~~~~~~~~
/home/david/Documents/RockBox_Personal-master/devsrc/nano-soh-runtime/Shipwright/soh/src/overlays/misc/ovl_kaleido_scope/z_kaleido_scope_PAL.c:126:24: warning: initialization discards 'const' qualifier from pointer target type [-Wdiscarded-qualifiers]
  126 |     gPauseMap20Tex,    gPauseMap21Tex, gPauseMap22Tex, gPauseMap23Tex, gPauseMap24Tex,
      |                        ^~~~~~~~~~~~~~
/home/david/Documents/RockBox_Personal-master/devsrc/nano-soh-runtime/Shipwright/soh/src/overlays/misc/ovl_kaleido_scope/z_kaleido_scope_PAL.c:126:40: warning: initialization discards 'const' qualifier from pointer target type [-Wdiscarded-qualifiers]
  126 |     gPauseMap20Tex,    gPauseMap21Tex, gPauseMap22Tex, gPauseMap23Tex, gPauseMap24Tex,
      |                                        ^~~~~~~~~~~~~~
/home/david/Documents/RockBox_Personal-master/devsrc/nano-soh-runtime/Shipwright/soh/src/overlays/misc/ovl_kaleido_scope/z_kaleido_scope_PAL.c:126:56: warning: initialization discards 'const' qualifier from pointer target type [-Wdiscarded-qualifiers]
  126 |     gPauseMap20Tex,    gPauseMap21Tex, gPauseMap22Tex, gPauseMap23Tex, gPauseMap24Tex,
      |                                                        ^~~~~~~~~~~~~~
/home/david/Documents/RockBox_Personal-master/devsrc/nano-soh-runtime/Shipwright/soh/src/overlays/misc/ovl_kaleido_scope/z_kaleido_scope_PAL.c:126:72: warning: initialization discards 'const' qualifier from pointer target type [-Wdiscarded-qualifiers]
  126 |     gPauseMap20Tex,    gPauseMap21Tex, gPauseMap22Tex, gPauseMap23Tex, gPauseMap24Tex,
      |                                                                        ^~~~~~~~~~~~~~
/home/david/Documents/RockBox_Personal-master/devsrc/nano-soh-runtime/Shipwright/soh/src/overlays/misc/ovl_kaleido_scope/z_kaleido_scope_PAL.c:129:5: warning: initialization discards 'const' qualifier from pointer target type [-Wdiscarded-qualifiers]
  129 |     gPauseQuestStatus00JPNTex, gPauseQuestStatus01Tex,    gPauseQuestStatus02Tex,    gPauseQuestStatus03Tex,
      |     ^~~~~~~~~~~~~~~~~~~~~~~~~
/home/david/Documents/RockBox_Personal-master/devsrc/nano-soh-runtime/Shipwright/soh/src/overlays/misc/ovl_kaleido_scope/z_kaleido_scope_PAL.c:129:32: warning: initialization discards 'const' qualifier from pointer target type [-Wdiscarded-qualifiers]
  129 |     gPauseQuestStatus00JPNTex, gPauseQuestStatus01Tex,    gPauseQuestStatus02Tex,    gPauseQuestStatus03Tex,
      |                                ^~~~~~~~~~~~~~~~~~~~~~
/home/david/Documents/RockBox_Personal-master/devsrc/nano-soh-runtime/Shipwright/soh/src/overlays/misc/ovl_kaleido_scope/z_kaleido_scope_PAL.c:129:59: warning: initialization discards 'const' qualifier from pointer target type [-Wdiscarded-qualifiers]
  129 |     gPauseQuestStatus00JPNTex, gPauseQuestStatus01Tex,    gPauseQuestStatus02Tex,    gPauseQuestStatus03Tex,
      |                                                           ^~~~~~~~~~~~~~~~~~~~~~
/home/david/Documents/RockBox_Personal-master/devsrc/nano-soh-runtime/Shipwright/soh/src/overlays/misc/ovl_kaleido_scope/z_kaleido_scope_PAL.c:129:86: warning: initialization discards 'const' qualifier from pointer target type [-Wdiscarded-qualifiers]
  129 |     gPauseQuestStatus00JPNTex, gPauseQuestStatus01Tex,    gPauseQuestStatus02Tex,    gPauseQuestStatus03Tex,
      |                                                                                      ^~~~~~~~~~~~~~~~~~~~~~
/home/david/Documents/RockBox_Personal-master/devsrc/nano-soh-runtime/Shipwright/soh/src/overlays/misc/ovl_kaleido_scope/z_kaleido_scope_PAL.c:130:5: warning: initialization discards 'const' qualifier from pointer target type [-Wdiscarded-qualifiers]
  130 |     gPauseQuestStatus04Tex,    gPauseQuestStatus10JPNTex, gPauseQuestStatus11Tex,    gPauseQuestStatus12Tex,
      |     ^~~~~~~~~~~~~~~~~~~~~~
/home/david/Documents/RockBox_Personal-master/devsrc/nano-soh-runtime/Shipwright/soh/src/overlays/misc/ovl_kaleido_scope/z_kaleido_scope_PAL.c:130:32: warning: initialization discards 'const' qualifier from pointer target type [-Wdiscarded-qualifiers]
  130 |     gPauseQuestStatus04Tex,    gPauseQuestStatus10JPNTex, gPauseQuestStatus11Tex,    gPauseQuestStatus12Tex,
      |                                ^~~~~~~~~~~~~~~~~~~~~~~~~
/home/david/Documents/RockBox_Personal-master/devsrc/nano-soh-runtime/Shipwright/soh/src/overlays/misc/ovl_kaleido_scope/z_kaleido_scope_PAL.c:130:59: warning: initialization discards 'const' qualifier from pointer target type [-Wdiscarded-qualifiers]
  130 |     gPauseQuestStatus04Tex,    gPauseQuestStatus10JPNTex, gPauseQuestStatus11Tex,    gPauseQuestStatus12Tex,
      |                                                           ^~~~~~~~~~~~~~~~~~~~~~
/home/david/Documents/RockBox_Personal-master/devsrc/nano-soh-runtime/Shipwright/soh/src/overlays/misc/ovl_kaleido_scope/z_kaleido_scope_PAL.c:130:86: warning: initialization discards 'const' qualifier from pointer target type [-Wdiscarded-qualifiers]
  130 |     gPauseQuestStatus04Tex,    gPauseQuestStatus10JPNTex, gPauseQuestStatus11Tex,    gPauseQuestStatus12Tex,
      |                                                                                      ^~~~~~~~~~~~~~~~~~~~~~
/home/david/Documents/RockBox_Personal-master/devsrc/nano-soh-runtime/Shipwright/soh/src/overlays/misc/ovl_kaleido_scope/z_kaleido_scope_PAL.c:131:5: warning: initialization discards 'const' qualifier from pointer target type [-Wdiscarded-qualifiers]
  131 |     gPauseQuestStatus13Tex,    gPauseQuestStatus14Tex,    gPauseQuestStatus20JPNTex, gPauseQuestStatus21Tex,
      |     ^~~~~~~~~~~~~~~~~~~~~~
/home/david/Documents/RockBox_Personal-master/devsrc/nano-soh-runtime/Shipwright/soh/src/overlays/misc/ovl_kaleido_scope/z_kaleido_scope_PAL.c:131:32: warning: initialization discards 'const' qualifier from pointer target type [-Wdiscarded-qualifiers]
  131 |     gPauseQuestStatus13Tex,    gPauseQuestStatus14Tex,    gPauseQuestStatus20JPNTex, gPauseQuestStatus21Tex,
      |                                ^~~~~~~~~~~~~~~~~~~~~~
/home/david/Documents/RockBox_Personal-master/devsrc/nano-soh-runtime/Shipwright/soh/src/overlays/misc/ovl_kaleido_scope/z_kaleido_scope_PAL.c:131:59: warning: initialization discards 'const' qualifier from pointer target type [-Wdiscarded-qualifiers]
  131 |     gPauseQuestStatus13Tex,    gPauseQuestStatus14Tex,    gPauseQuestStatus20JPNTex, gPauseQuestStatus21Tex,
      |                                                           ^~~~~~~~~~~~~~~~~~~~~~~~~
/home/david/Documents/RockBox_Personal-master/devsrc/nano-soh-runtime/Shipwright/soh/src/overlays/misc/ovl_kaleido_scope/z_kaleido_scope_PAL.c:131:86: warning: initialization discards 'const' qualifier from pointer target type [-Wdiscarded-qualifiers]
  131 |     gPauseQuestStatus13Tex,    gPauseQuestStatus14Tex,    gPauseQuestStatus20JPNTex, gPauseQuestStatus21Tex,
      |                                                                                      ^~~~~~~~~~~~~~~~~~~~~~
/home/david/Documents/RockBox_Personal-master/devsrc/nano-soh-runtime/Shipwright/soh/src/overlays/misc/ovl_kaleido_scope/z_kaleido_scope_PAL.c:132:5: warning: initialization discards 'const' qualifier from pointer target type [-Wdiscarded-qualifiers]
  132 |     gPauseQuestStatus22Tex,    gPauseQuestStatus23Tex,    gPauseQuestStatus24Tex,
      |     ^~~~~~~~~~~~~~~~~~~~~~
/home/david/Documents/RockBox_Personal-master/devsrc/nano-soh-runtime/Shipwright/soh/src/overlays/misc/ovl_kaleido_scope/z_kaleido_scope_PAL.c:132:32: warning: initialization discards 'const' qualifier from pointer target type [-Wdiscarded-qualifiers]
  132 |     gPauseQuestStatus22Tex,    gPauseQuestStatus23Tex,    gPauseQuestStatus24Tex,
      |                                ^~~~~~~~~~~~~~~~~~~~~~
/home/david/Documents/RockBox_Personal-master/devsrc/nano-soh-runtime/Shipwright/soh/src/overlays/misc/ovl_kaleido_scope/z_kaleido_scope_PAL.c:132:59: warning: initialization discards 'const' qualifier from pointer target type [-Wdiscarded-qualifiers]
  132 |     gPauseQuestStatus22Tex,    gPauseQuestStatus23Tex,    gPauseQuestStatus24Tex,
      |                                                           ^~~~~~~~~~~~~~~~~~~~~~
/home/david/Documents/RockBox_Personal-master/devsrc/nano-soh-runtime/Shipwright/soh/src/overlays/misc/ovl_kaleido_scope/z_kaleido_scope_PAL.c:135:5: warning: initialization discards 'const' qualifier from pointer target type [-Wdiscarded-qualifiers]
  135 |     gPauseSave00Tex,    gPauseSave01Tex, gPauseSave02Tex, gPauseSave03Tex, gPauseSave04Tex,
      |     ^~~~~~~~~~~~~~~
/home/david/Documents/RockBox_Personal-master/devsrc/nano-soh-runtime/Shipwright/soh/src/overlays/misc/ovl_kaleido_scope/z_kaleido_scope_PAL.c:135:25: warning: initialization discards 'const' qualifier from pointer target type [-Wdiscarded-qualifiers]
  135 |     gPauseSave00Tex,    gPauseSave01Tex, gPauseSave02Tex, gPauseSave03Tex, gPauseSave04Tex,
      |                         ^~~~~~~~~~~~~~~
/home/david/Documents/RockBox_Personal-master/devsrc/nano-soh-runtime/Shipwright/soh/src/overlays/misc/ovl_kaleido_scope/z_kaleido_scope_PAL.c:135:42: warning: initialization discards 'const' qualifier from pointer target type [-Wdiscarded-qualifiers]
  135 |     gPauseSave00Tex,    gPauseSave01Tex, gPauseSave02Tex, gPauseSave03Tex, gPauseSave04Tex,
      |                                          ^~~~~~~~~~~~~~~
/home/david/Documents/RockBox_Personal-master/devsrc/nano-soh-runtime/Shipwright/soh/src/overlays/misc/ovl_kaleido_scope/z_kaleido_scope_PAL.c:135:59: warning: initialization discards 'const' qualifier from pointer target type [-Wdiscarded-qualifiers]
  135 |     gPauseSave00Tex,    gPauseSave01Tex, gPauseSave02Tex, gPauseSave03Tex, gPauseSave04Tex,
      |                                                           ^~~~~~~~~~~~~~~
/home/david/Documents/RockBox_Personal-master/devsrc/nano-soh-runtime/Shipwright/soh/src/overlays/misc/ovl_kaleido_scope/z_kaleido_scope_PAL.c:135:76: warning: initialization discards 'const' qualifier from pointer target type [-Wdiscarded-qualifiers]
  135 |     gPauseSave00Tex,    gPauseSave01Tex, gPauseSave02Tex, gPauseSave03Tex, gPauseSave04Tex,
      |                                                                            ^~~~~~~~~~~~~~~
/home/david/Documents/RockBox_Personal-master/devsrc/nano-soh-runtime/Shipwright/soh/src/overlays/misc/ovl_kaleido_scope/z_kaleido_scope_PAL.c:136:5: warning: initialization discards 'const' qualifier from pointer target type [-Wdiscarded-qualifiers]
  136 |     gPauseSave10JPNTex, gPauseSave11Tex, gPauseSave12Tex, gPauseSave13Tex, gPauseSave14Tex,
      |     ^~~~~~~~~~~~~~~~~~
/home/david/Documents/RockBox_Personal-master/devsrc/nano-soh-runtime/Shipwright/soh/src/overlays/misc/ovl_kaleido_scope/z_kaleido_scope_PAL.c:136:25: warning: initialization discards 'const' qualifier from pointer target type [-Wdiscarded-qualifiers]
  136 |     gPauseSave10JPNTex, gPauseSave11Tex, gPauseSave12Tex, gPauseSave13Tex, gPauseSave14Tex,
      |                         ^~~~~~~~~~~~~~~
/home/david/Documents/RockBox_Personal-master/devsrc/nano-soh-runtime/Shipwright/soh/src/overlays/misc/ovl_kaleido_scope/z_kaleido_scope_PAL.c:136:42: warning: initialization discards 'const' qualifier from pointer target type [-Wdiscarded-qualifiers]
  136 |     gPauseSave10JPNTex, gPauseSave11Tex, gPauseSave12Tex, gPauseSave13Tex, gPauseSave14Tex,
      |                                          ^~~~~~~~~~~~~~~
/home/david/Documents/RockBox_Personal-master/devsrc/nano-soh-runtime/Shipwright/soh/src/overlays/misc/ovl_kaleido_scope/z_kaleido_scope_PAL.c:136:59: warning: initialization discards 'const' qualifier from pointer target type [-Wdiscarded-qualifiers]
  136 |     gPauseSave10JPNTex, gPauseSave11Tex, gPauseSave12Tex, gPauseSave13Tex, gPauseSave14Tex,
      |                                                           ^~~~~~~~~~~~~~~
/home/david/Documents/RockBox_Personal-master/devsrc/nano-soh-runtime/Shipwright/soh/src/overlays/misc/ovl_kaleido_scope/z_kaleido_scope_PAL.c:136:76: warning: initialization discards 'const' qualifier from pointer target type [-Wdiscarded-qualifiers]
  136 |     gPauseSave10JPNTex, gPauseSave11Tex, gPauseSave12Tex, gPauseSave13Tex, gPauseSave14Tex,
      |                                                                            ^~~~~~~~~~~~~~~
/home/david/Documents/RockBox_Personal-master/devsrc/nano-soh-runtime/Shipwright/soh/src/overlays/misc/ovl_kaleido_scope/z_kaleido_scope_PAL.c:137:5: warning: initialization discards 'const' qualifier from pointer target type [-Wdiscarded-qualifiers]
  137 |     gPauseSave20Tex,    gPauseSave21Tex, gPauseSave22Tex, gPauseSave23Tex, gPauseSave24Tex,
      |     ^~~~~~~~~~~~~~~
/home/david/Documents/RockBox_Personal-master/devsrc/nano-soh-runtime/Shipwright/soh/src/overlays/misc/ovl_kaleido_scope/z_kaleido_scope_PAL.c:137:25: warning: initialization discards 'const' qualifier from pointer target type [-Wdiscarded-qualifiers]
  137 |     gPauseSave20Tex,    gPauseSave21Tex, gPauseSave22Tex, gPauseSave23Tex, gPauseSave24Tex,
      |                         ^~~~~~~~~~~~~~~
/home/david/Documents/RockBox_Personal-master/devsrc/nano-soh-runtime/Shipwright/soh/src/overlays/misc/ovl_kaleido_scope/z_kaleido_scope_PAL.c:137:42: warning: initialization discards 'const' qualifier from pointer target type [-Wdiscarded-qualifiers]
  137 |     gPauseSave20Tex,    gPauseSave21Tex, gPauseSave22Tex, gPauseSave23Tex, gPauseSave24Tex,
      |                                          ^~~~~~~~~~~~~~~
/home/david/Documents/RockBox_Personal-master/devsrc/nano-soh-runtime/Shipwright/soh/src/overlays/misc/ovl_kaleido_scope/z_kaleido_scope_PAL.c:137:59: warning: initialization discards 'const' qualifier from pointer target type [-Wdiscarded-qualifiers]
  137 |     gPauseSave20Tex,    gPauseSave21Tex, gPauseSave22Tex, gPauseSave23Tex, gPauseSave24Tex,
      |                                                           ^~~~~~~~~~~~~~~
/home/david/Documents/RockBox_Personal-master/devsrc/nano-soh-runtime/Shipwright/soh/src/overlays/misc/ovl_kaleido_scope/z_kaleido_scope_PAL.c:137:76: warning: initialization discards 'const' qualifier from pointer target type [-Wdiscarded-qualifiers]
  137 |     gPauseSave20Tex,    gPauseSave21Tex, gPauseSave22Tex, gPauseSave23Tex, gPauseSave24Tex,
      |                                                                            ^~~~~~~~~~~~~~~
/home/david/Documents/RockBox_Personal-master/devsrc/nano-soh-runtime/Shipwright/soh/src/overlays/misc/ovl_kaleido_scope/z_kaleido_scope_PAL.c:141:5: warning: initialization discards 'const' qualifier from pointer target type [-Wdiscarded-qualifiers]
  141 |     gPauseSave00Tex,     gPauseSave01Tex, gPauseSave02Tex, gPauseSave03Tex, gPauseSave04Tex,
      |     ^~~~~~~~~~~~~~~
/home/david/Documents/RockBox_Personal-master/devsrc/nano-soh-runtime/Shipwright/soh/src/overlays/misc/ovl_kaleido_scope/z_kaleido_scope_PAL.c:141:26: warning: initialization discards 'const' qualifier from pointer target type [-Wdiscarded-qualifiers]
  141 |     gPauseSave00Tex,     gPauseSave01Tex, gPauseSave02Tex, gPauseSave03Tex, gPauseSave04Tex,
      |                          ^~~~~~~~~~~~~~~
/home/david/Documents/RockBox_Personal-master/devsrc/nano-soh-runtime/Shipwright/soh/src/overlays/misc/ovl_kaleido_scope/z_kaleido_scope_PAL.c:141:43: warning: initialization discards 'const' qualifier from pointer target type [-Wdiscarded-qualifiers]
  141 |     gPauseSave00Tex,     gPauseSave01Tex, gPauseSave02Tex, gPauseSave03Tex, gPauseSave04Tex,
      |                                           ^~~~~~~~~~~~~~~
/home/david/Documents/RockBox_Personal-master/devsrc/nano-soh-runtime/Shipwright/soh/src/overlays/misc/ovl_kaleido_scope/z_kaleido_scope_PAL.c:141:60: warning: initialization discards 'const' qualifier from pointer target type [-Wdiscarded-qualifiers]
  141 |     gPauseSave00Tex,     gPauseSave01Tex, gPauseSave02Tex, gPauseSave03Tex, gPauseSave04Tex,
      |                                                            ^~~~~~~~~~~~~~~
/home/david/Documents/RockBox_Personal-master/devsrc/nano-soh-runtime/Shipwright/soh/src/overlays/misc/ovl_kaleido_scope/z_kaleido_scope_PAL.c:141:77: warning: initialization discards 'const' qualifier from pointer target type [-Wdiscarded-qualifiers]
  141 |     gPauseSave00Tex,     gPauseSave01Tex, gPauseSave02Tex, gPauseSave03Tex, gPauseSave04Tex,
      |                                                                             ^~~~~~~~~~~~~~~
/home/david/Documents/RockBox_Personal-master/devsrc/nano-soh-runtime/Shipwright/soh/src/overlays/misc/ovl_kaleido_scope/z_kaleido_scope_PAL.c:142:5: warning: initialization discards 'const' qualifier from pointer target type [-Wdiscarded-qualifiers]
  142 |     gPauseGameOver10Tex, gPauseSave11Tex, gPauseSave12Tex, gPauseSave13Tex, gPauseSave14Tex,
      |     ^~~~~~~~~~~~~~~~~~~
/home/david/Documents/RockBox_Personal-master/devsrc/nano-soh-runtime/Shipwright/soh/src/overlays/misc/ovl_kaleido_scope/z_kaleido_scope_PAL.c:142:26: warning: initialization discards 'const' qualifier from pointer target type [-Wdiscarded-qualifiers]
  142 |     gPauseGameOver10Tex, gPauseSave11Tex, gPauseSave12Tex, gPauseSave13Tex, gPauseSave14Tex,
      |                          ^~~~~~~~~~~~~~~
/home/david/Documents/RockBox_Personal-master/devsrc/nano-soh-runtime/Shipwright/soh/src/overlays/misc/ovl_kaleido_scope/z_kaleido_scope_PAL.c:142:43: warning: initialization discards 'const' qualifier from pointer target type [-Wdiscarded-qualifiers]
  142 |     gPauseGameOver10Tex, gPauseSave11Tex, gPauseSave12Tex, gPauseSave13Tex, gPauseSave14Tex,
      |                                           ^~~~~~~~~~~~~~~
/home/david/Documents/RockBox_Personal-master/devsrc/nano-soh-runtime/Shipwright/soh/src/overlays/misc/ovl_kaleido_scope/z_kaleido_scope_PAL.c:142:60: warning: initialization discards 'const' qualifier from pointer target type [-Wdiscarded-qualifiers]
  142 |     gPauseGameOver10Tex, gPauseSave11Tex, gPauseSave12Tex, gPauseSave13Tex, gPauseSave14Tex,
      |                                                            ^~~~~~~~~~~~~~~
/home/david/Documents/RockBox_Personal-master/devsrc/nano-soh-runtime/Shipwright/soh/src/overlays/misc/ovl_kaleido_scope/z_kaleido_scope_PAL.c:142:77: warning: initialization discards 'const' qualifier from pointer target type [-Wdiscarded-qualifiers]
  142 |     gPauseGameOver10Tex, gPauseSave11Tex, gPauseSave12Tex, gPauseSave13Tex, gPauseSave14Tex,
      |                                                                             ^~~~~~~~~~~~~~~
/home/david/Documents/RockBox_Personal-master/devsrc/nano-soh-runtime/Shipwright/soh/src/overlays/misc/ovl_kaleido_scope/z_kaleido_scope_PAL.c:143:5: warning: initialization discards 'const' qualifier from pointer target type [-Wdiscarded-qualifiers]
  143 |     gPauseSave20Tex,     gPauseSave21Tex, gPauseSave22Tex, gPauseSave23Tex, gPauseSave24Tex,
      |     ^~~~~~~~~~~~~~~
/home/david/Documents/RockBox_Personal-master/devsrc/nano-soh-runtime/Shipwright/soh/src/overlays/misc/ovl_kaleido_scope/z_kaleido_scope_PAL.c:143:26: warning: initialization discards 'const' qualifier from pointer target type [-Wdiscarded-qualifiers]
  143 |     gPauseSave20Tex,     gPauseSave21Tex, gPauseSave22Tex, gPauseSave23Tex, gPauseSave24Tex,
      |                          ^~~~~~~~~~~~~~~
/home/david/Documents/RockBox_Personal-master/devsrc/nano-soh-runtime/Shipwright/soh/src/overlays/misc/ovl_kaleido_scope/z_kaleido_scope_PAL.c:143:43: warning: initialization discards 'const' qualifier from pointer target type [-Wdiscarded-qualifiers]
  143 |     gPauseSave20Tex,     gPauseSave21Tex, gPauseSave22Tex, gPauseSave23Tex, gPauseSave24Tex,
      |                                           ^~~~~~~~~~~~~~~
/home/david/Documents/RockBox_Personal-master/devsrc/nano-soh-runtime/Shipwright/soh/src/overlays/misc/ovl_kaleido_scope/z_kaleido_scope_PAL.c:143:60: warning: initialization discards 'const' qualifier from pointer target type [-Wdiscarded-qualifiers]
  143 |     gPauseSave20Tex,     gPauseSave21Tex, gPauseSave22Tex, gPauseSave23Tex, gPauseSave24Tex,
      |                                                            ^~~~~~~~~~~~~~~
/home/david/Documents/RockBox_Personal-master/devsrc/nano-soh-runtime/Shipwright/soh/src/overlays/misc/ovl_kaleido_scope/z_kaleido_scope_PAL.c:143:77: warning: initialization discards 'const' qualifier from pointer target type [-Wdiscarded-qualifiers]
  143 |     gPauseSave20Tex,     gPauseSave21Tex, gPauseSave22Tex, gPauseSave23Tex, gPauseSave24Tex,
      |                                                                             ^~~~~~~~~~~~~~~
/home/david/Documents/RockBox_Personal-master/devsrc/nano-soh-runtime/Shipwright/soh/src/overlays/misc/ovl_kaleido_scope/z_kaleido_scope_PAL.c:147:5: warning: initialization discards 'const' qualifier from pointer target type [-Wdiscarded-qualifiers]
  147 |     gDekuTreePauseScreenMapFloor3LeftTex,
      |     ^~~~~~~~~~~~~~~~~~~~~~~~~~~~~~~~~~~~
/home/david/Documents/RockBox_Personal-master/devsrc/nano-soh-runtime/Shipwright/soh/src/overlays/misc/ovl_kaleido_scope/z_kaleido_scope_PAL.c:148:5: warning: initialization discards 'const' qualifier from pointer target type [-Wdiscarded-qualifiers]
  148 |     gDekuTreePauseScreenMapFloor3RightTex,
      |     ^~~~~~~~~~~~~~~~~~~~~~~~~~~~~~~~~~~~~
/home/david/Documents/RockBox_Personal-master/devsrc/nano-soh-runtime/Shipwright/soh/src/overlays/misc/ovl_kaleido_scope/z_kaleido_scope_PAL.c:149:5: warning: initialization discards 'const' qualifier from pointer target type [-Wdiscarded-qualifiers]
  149 |     gDekuTreePauseScreenMapFloor2LeftTex,
      |     ^~~~~~~~~~~~~~~~~~~~~~~~~~~~~~~~~~~~
/home/david/Documents/RockBox_Personal-master/devsrc/nano-soh-runtime/Shipwright/soh/src/overlays/misc/ovl_kaleido_scope/z_kaleido_scope_PAL.c:150:5: warning: initialization discards 'const' qualifier from pointer target type [-Wdiscarded-qualifiers]
  150 |     gDekuTreePauseScreenMapFloor2RightTex,
      |     ^~~~~~~~~~~~~~~~~~~~~~~~~~~~~~~~~~~~~
/home/david/Documents/RockBox_Personal-master/devsrc/nano-soh-runtime/Shipwright/soh/src/overlays/misc/ovl_kaleido_scope/z_kaleido_scope_PAL.c:151:5: warning: initialization discards 'const' qualifier from pointer target type [-Wdiscarded-qualifiers]
  151 |     gDekuTreePauseScreenMapFloor1LeftTex,
      |     ^~~~~~~~~~~~~~~~~~~~~~~~~~~~~~~~~~~~
/home/david/Documents/RockBox_Personal-master/devsrc/nano-soh-runtime/Shipwright/soh/src/overlays/misc/ovl_kaleido_scope/z_kaleido_scope_PAL.c:152:5: warning: initialization discards 'const' qualifier from pointer target type [-Wdiscarded-qualifiers]
  152 |     gDekuTreePauseScreenMapFloor1RightTex,
      |     ^~~~~~~~~~~~~~~~~~~~~~~~~~~~~~~~~~~~~
/home/david/Documents/RockBox_Personal-master/devsrc/nano-soh-runtime/Shipwright/soh/src/overlays/misc/ovl_kaleido_scope/z_kaleido_scope_PAL.c:153:5: warning: initialization discards 'const' qualifier from pointer target type [-Wdiscarded-qualifiers]
  153 |     gDekuTreePauseScreenMapBasement1LeftTex,
      |     ^~~~~~~~~~~~~~~~~~~~~~~~~~~~~~~~~~~~~~~
/home/david/Documents/RockBox_Personal-master/devsrc/nano-soh-runtime/Shipwright/soh/src/overlays/misc/ovl_kaleido_scope/z_kaleido_scope_PAL.c:154:5: warning: initialization discards 'const' qualifier from pointer target type [-Wdiscarded-qualifiers]
  154 |     gDekuTreePauseScreenMapBasement1RightTex,
      |     ^~~~~~~~~~~~~~~~~~~~~~~~~~~~~~~~~~~~~~~~
/home/david/Documents/RockBox_Personal-master/devsrc/nano-soh-runtime/Shipwright/soh/src/overlays/misc/ovl_kaleido_scope/z_kaleido_scope_PAL.c:155:5: warning: initialization discards 'const' qualifier from pointer target type [-Wdiscarded-qualifiers]
  155 |     gDekuTreePauseScreenMapBasement2LeftTex,
      |     ^~~~~~~~~~~~~~~~~~~~~~~~~~~~~~~~~~~~~~~
/home/david/Documents/RockBox_Personal-master/devsrc/nano-soh-runtime/Shipwright/soh/src/overlays/misc/ovl_kaleido_scope/z_kaleido_scope_PAL.c:156:5: warning: initialization discards 'const' qualifier from pointer target type [-Wdiscarded-qualifiers]
  156 |     gDekuTreePauseScreenMapBasement2RightTex,
      |     ^~~~~~~~~~~~~~~~~~~~~~~~~~~~~~~~~~~~~~~~
/home/david/Documents/RockBox_Personal-master/devsrc/nano-soh-runtime/Shipwright/soh/src/overlays/misc/ovl_kaleido_scope/z_kaleido_scope_PAL.c:157:5: warning: initialization discards 'const' qualifier from pointer target type [-Wdiscarded-qualifiers]
  157 |     gDodongosCavernPauseScreenMapFloor2LeftTex,
      |     ^~~~~~~~~~~~~~~~~~~~~~~~~~~~~~~~~~~~~~~~~~
/home/david/Documents/RockBox_Personal-master/devsrc/nano-soh-runtime/Shipwright/soh/src/overlays/misc/ovl_kaleido_scope/z_kaleido_scope_PAL.c:158:5: warning: initialization discards 'const' qualifier from pointer target type [-Wdiscarded-qualifiers]
  158 |     gDodongosCavernPauseScreenMapFloor2RightTex,
      |     ^~~~~~~~~~~~~~~~~~~~~~~~~~~~~~~~~~~~~~~~~~~
/home/david/Documents/RockBox_Personal-master/devsrc/nano-soh-runtime/Shipwright/soh/src/overlays/misc/ovl_kaleido_scope/z_kaleido_scope_PAL.c:159:5: warning: initialization discards 'const' qualifier from pointer target type [-Wdiscarded-qualifiers]
  159 |     gDodongosCavernPauseScreenMapFloor1LeftTex,
      |     ^~~~~~~~~~~~~~~~~~~~~~~~~~~~~~~~~~~~~~~~~~
/home/david/Documents/RockBox_Personal-master/devsrc/nano-soh-runtime/Shipwright/soh/src/overlays/misc/ovl_kaleido_scope/z_kaleido_scope_PAL.c:160:5: warning: initialization discards 'const' qualifier from pointer target type [-Wdiscarded-qualifiers]
  160 |     gDodongosCavernPauseScreenMapFloor1RightTex,
      |     ^~~~~~~~~~~~~~~~~~~~~~~~~~~~~~~~~~~~~~~~~~~
/home/david/Documents/RockBox_Personal-master/devsrc/nano-soh-runtime/Shipwright/soh/src/overlays/misc/ovl_kaleido_scope/z_kaleido_scope_PAL.c:161:5: warning: initialization discards 'const' qualifier from pointer target type [-Wdiscarded-qualifiers]
  161 |     gJabuPauseScreenMapFloor1LeftTex,
      |     ^~~~~~~~~~~~~~~~~~~~~~~~~~~~~~~~
/home/david/Documents/RockBox_Personal-master/devsrc/nano-soh-runtime/Shipwright/soh/src/overlays/misc/ovl_kaleido_scope/z_kaleido_scope_PAL.c:162:5: warning: initialization discards 'const' qualifier from pointer target type [-Wdiscarded-qualifiers]
  162 |     gJabuPauseScreenMapFloor1RightTex,
      |     ^~~~~~~~~~~~~~~~~~~~~~~~~~~~~~~~~
/home/david/Documents/RockBox_Personal-master/devsrc/nano-soh-runtime/Shipwright/soh/src/overlays/misc/ovl_kaleido_scope/z_kaleido_scope_PAL.c:163:5: warning: initialization discards 'const' qualifier from pointer target type [-Wdiscarded-qualifiers]
  163 |     gJabuPauseScreenMapBasement1LeftTex,
      |     ^~~~~~~~~~~~~~~~~~~~~~~~~~~~~~~~~~~
/home/david/Documents/RockBox_Personal-master/devsrc/nano-soh-runtime/Shipwright/soh/src/overlays/misc/ovl_kaleido_scope/z_kaleido_scope_PAL.c:164:5: warning: initialization discards 'const' qualifier from pointer target type [-Wdiscarded-qualifiers]
  164 |     gJabuPauseScreenMapBasement1RightTex,
      |     ^~~~~~~~~~~~~~~~~~~~~~~~~~~~~~~~~~~~
/home/david/Documents/RockBox_Personal-master/devsrc/nano-soh-runtime/Shipwright/soh/src/overlays/misc/ovl_kaleido_scope/z_kaleido_scope_PAL.c:165:5: warning: initialization discards 'const' qualifier from pointer target type [-Wdiscarded-qualifiers]
  165 |     gForestTemplePauseScreenMapFloor2LeftTex,
      |     ^~~~~~~~~~~~~~~~~~~~~~~~~~~~~~~~~~~~~~~~
/home/david/Documents/RockBox_Personal-master/devsrc/nano-soh-runtime/Shipwright/soh/src/overlays/misc/ovl_kaleido_scope/z_kaleido_scope_PAL.c:166:5: warning: initialization discards 'const' qualifier from pointer target type [-Wdiscarded-qualifiers]
  166 |     gForestTemplePauseScreenMapFloor2RightTex,
      |     ^~~~~~~~~~~~~~~~~~~~~~~~~~~~~~~~~~~~~~~~~
/home/david/Documents/RockBox_Personal-master/devsrc/nano-soh-runtime/Shipwright/soh/src/overlays/misc/ovl_kaleido_scope/z_kaleido_scope_PAL.c:167:5: warning: initialization discards 'const' qualifier from pointer target type [-Wdiscarded-qualifiers]
  167 |     gForestTemplePauseScreenMapFloor1LeftTex,
      |     ^~~~~~~~~~~~~~~~~~~~~~~~~~~~~~~~~~~~~~~~
/home/david/Documents/RockBox_Personal-master/devsrc/nano-soh-runtime/Shipwright/soh/src/overlays/misc/ovl_kaleido_scope/z_kaleido_scope_PAL.c:168:5: warning: initialization discards 'const' qualifier from pointer target type [-Wdiscarded-qualifiers]
  168 |     gForestTemplePauseScreenMapFloor1RightTex,
      |     ^~~~~~~~~~~~~~~~~~~~~~~~~~~~~~~~~~~~~~~~~
/home/david/Documents/RockBox_Personal-master/devsrc/nano-soh-runtime/Shipwright/soh/src/overlays/misc/ovl_kaleido_scope/z_kaleido_scope_PAL.c:169:5: warning: initialization discards 'const' qualifier from pointer target type [-Wdiscarded-qualifiers]
  169 |     gForestTemplePauseScreenMapBasement1LeftTex,
      |     ^~~~~~~~~~~~~~~~~~~~~~~~~~~~~~~~~~~~~~~~~~~
/home/david/Documents/RockBox_Personal-master/devsrc/nano-soh-runtime/Shipwright/soh/src/overlays/misc/ovl_kaleido_scope/z_kaleido_scope_PAL.c:170:5: warning: initialization discards 'const' qualifier from pointer target type [-Wdiscarded-qualifiers]
  170 |     gForestTemplePauseScreenMapBasement1RightTex,
      |     ^~~~~~~~~~~~~~~~~~~~~~~~~~~~~~~~~~~~~~~~~~~~
/home/david/Documents/RockBox_Personal-master/devsrc/nano-soh-runtime/Shipwright/soh/src/overlays/misc/ovl_kaleido_scope/z_kaleido_scope_PAL.c:171:5: warning: initialization discards 'const' qualifier from pointer target type [-Wdiscarded-qualifiers]
  171 |     gForestTemplePauseScreenMapBasement2LeftTex,
      |     ^~~~~~~~~~~~~~~~~~~~~~~~~~~~~~~~~~~~~~~~~~~
/home/david/Documents/RockBox_Personal-master/devsrc/nano-soh-runtime/Shipwright/soh/src/overlays/misc/ovl_kaleido_scope/z_kaleido_scope_PAL.c:172:5: warning: initialization discards 'const' qualifier from pointer target type [-Wdiscarded-qualifiers]
  172 |     gForestTemplePauseScreenMapBasement2RightTex,
      |     ^~~~~~~~~~~~~~~~~~~~~~~~~~~~~~~~~~~~~~~~~~~~
/home/david/Documents/RockBox_Personal-master/devsrc/nano-soh-runtime/Shipwright/soh/src/overlays/misc/ovl_kaleido_scope/z_kaleido_scope_PAL.c:173:5: warning: initialization discards 'const' qualifier from pointer target type [-Wdiscarded-qualifiers]
  173 |     gFireTemplePauseScreenMapFloor5LeftTex,
      |     ^~~~~~~~~~~~~~~~~~~~~~~~~~~~~~~~~~~~~~
/home/david/Documents/RockBox_Personal-master/devsrc/nano-soh-runtime/Shipwright/soh/src/overlays/misc/ovl_kaleido_scope/z_kaleido_scope_PAL.c:174:5: warning: initialization discards 'const' qualifier from pointer target type [-Wdiscarded-qualifiers]
  174 |     gFireTemplePauseScreenMapFloor5RightTex,
      |     ^~~~~~~~~~~~~~~~~~~~~~~~~~~~~~~~~~~~~~~
/home/david/Documents/RockBox_Personal-master/devsrc/nano-soh-runtime/Shipwright/soh/src/overlays/misc/ovl_kaleido_scope/z_kaleido_scope_PAL.c:175:5: warning: initialization discards 'const' qualifier from pointer target type [-Wdiscarded-qualifiers]
  175 |     gFireTemplePauseScreenMapFloor4LeftTex,
      |     ^~~~~~~~~~~~~~~~~~~~~~~~~~~~~~~~~~~~~~
/home/david/Documents/RockBox_Personal-master/devsrc/nano-soh-runtime/Shipwright/soh/src/overlays/misc/ovl_kaleido_scope/z_kaleido_scope_PAL.c:176:5: warning: initialization discards 'const' qualifier from pointer target type [-Wdiscarded-qualifiers]
  176 |     gFireTemplePauseScreenMapFloor4RightTex,
      |     ^~~~~~~~~~~~~~~~~~~~~~~~~~~~~~~~~~~~~~~
/home/david/Documents/RockBox_Personal-master/devsrc/nano-soh-runtime/Shipwright/soh/src/overlays/misc/ovl_kaleido_scope/z_kaleido_scope_PAL.c:177:5: warning: initialization discards 'const' qualifier from pointer target type [-Wdiscarded-qualifiers]
  177 |     gFireTemplePauseScreenMapFloor3LeftTex,
      |     ^~~~~~~~~~~~~~~~~~~~~~~~~~~~~~~~~~~~~~
/home/david/Documents/RockBox_Personal-master/devsrc/nano-soh-runtime/Shipwright/soh/src/overlays/misc/ovl_kaleido_scope/z_kaleido_scope_PAL.c:178:5: warning: initialization discards 'const' qualifier from pointer target type [-Wdiscarded-qualifiers]
  178 |     gFireTemplePauseScreenMapFloor3RightTex,
      |     ^~~~~~~~~~~~~~~~~~~~~~~~~~~~~~~~~~~~~~~
/home/david/Documents/RockBox_Personal-master/devsrc/nano-soh-runtime/Shipwright/soh/src/overlays/misc/ovl_kaleido_scope/z_kaleido_scope_PAL.c:179:5: warning: initialization discards 'const' qualifier from pointer target type [-Wdiscarded-qualifiers]
  179 |     gFireTemplePauseScreenMapFloor2LeftTex,
      |     ^~~~~~~~~~~~~~~~~~~~~~~~~~~~~~~~~~~~~~
/home/david/Documents/RockBox_Personal-master/devsrc/nano-soh-runtime/Shipwright/soh/src/overlays/misc/ovl_kaleido_scope/z_kaleido_scope_PAL.c:180:5: warning: initialization discards 'const' qualifier from pointer target type [-Wdiscarded-qualifiers]
  180 |     gFireTemplePauseScreenMapFloor2RightTex,
      |     ^~~~~~~~~~~~~~~~~~~~~~~~~~~~~~~~~~~~~~~
/home/david/Documents/RockBox_Personal-master/devsrc/nano-soh-runtime/Shipwright/soh/src/overlays/misc/ovl_kaleido_scope/z_kaleido_scope_PAL.c:181:5: warning: initialization discards 'const' qualifier from pointer target type [-Wdiscarded-qualifiers]
  181 |     gFireTemplePauseScreenMapFloor1LeftTex,
      |     ^~~~~~~~~~~~~~~~~~~~~~~~~~~~~~~~~~~~~~
/home/david/Documents/RockBox_Personal-master/devsrc/nano-soh-runtime/Shipwright/soh/src/overlays/misc/ovl_kaleido_scope/z_kaleido_scope_PAL.c:182:5: warning: initialization discards 'const' qualifier from pointer target type [-Wdiscarded-qualifiers]
  182 |     gFireTemplePauseScreenMapFloor1RightTex,
      |     ^~~~~~~~~~~~~~~~~~~~~~~~~~~~~~~~~~~~~~~
/home/david/Documents/RockBox_Personal-master/devsrc/nano-soh-runtime/Shipwright/soh/src/overlays/misc/ovl_kaleido_scope/z_kaleido_scope_PAL.c:183:5: warning: initialization discards 'const' qualifier from pointer target type [-Wdiscarded-qualifiers]
  183 |     gWaterTemplePauseScreenMapFloor3LeftTex,
      |     ^~~~~~~~~~~~~~~~~~~~~~~~~~~~~~~~~~~~~~~
/home/david/Documents/RockBox_Personal-master/devsrc/nano-soh-runtime/Shipwright/soh/src/overlays/misc/ovl_kaleido_scope/z_kaleido_scope_PAL.c:184:5: warning: initialization discards 'const' qualifier from pointer target type [-Wdiscarded-qualifiers]
  184 |     gWaterTemplePauseScreenMapFloor3RightTex,
      |     ^~~~~~~~~~~~~~~~~~~~~~~~~~~~~~~~~~~~~~~~
/home/david/Documents/RockBox_Personal-master/devsrc/nano-soh-runtime/Shipwright/soh/src/overlays/misc/ovl_kaleido_scope/z_kaleido_scope_PAL.c:185:5: warning: initialization discards 'const' qualifier from pointer target type [-Wdiscarded-qualifiers]
  185 |     gWaterTemplePauseScreenMapFloor2LeftTex,
      |     ^~~~~~~~~~~~~~~~~~~~~~~~~~~~~~~~~~~~~~~
/home/david/Documents/RockBox_Personal-master/devsrc/nano-soh-runtime/Shipwright/soh/src/overlays/misc/ovl_kaleido_scope/z_kaleido_scope_PAL.c:186:5: warning: initialization discards 'const' qualifier from pointer target type [-Wdiscarded-qualifiers]
  186 |     gWaterTemplePauseScreenMapFloor2RightTex,
      |     ^~~~~~~~~~~~~~~~~~~~~~~~~~~~~~~~~~~~~~~~
/home/david/Documents/RockBox_Personal-master/devsrc/nano-soh-runtime/Shipwright/soh/src/overlays/misc/ovl_kaleido_scope/z_kaleido_scope_PAL.c:187:5: warning: initialization discards 'const' qualifier from pointer target type [-Wdiscarded-qualifiers]
  187 |     gWaterTemplePauseScreenMapFloor1LeftTex,
      |     ^~~~~~~~~~~~~~~~~~~~~~~~~~~~~~~~~~~~~~~
/home/david/Documents/RockBox_Personal-master/devsrc/nano-soh-runtime/Shipwright/soh/src/overlays/misc/ovl_kaleido_scope/z_kaleido_scope_PAL.c:188:5: warning: initialization discards 'const' qualifier from pointer target type [-Wdiscarded-qualifiers]
  188 |     gWaterTemplePauseScreenMapFloor1RightTex,
      |     ^~~~~~~~~~~~~~~~~~~~~~~~~~~~~~~~~~~~~~~~
/home/david/Documents/RockBox_Personal-master/devsrc/nano-soh-runtime/Shipwright/soh/src/overlays/misc/ovl_kaleido_scope/z_kaleido_scope_PAL.c:189:5: warning: initialization discards 'const' qualifier from pointer target type [-Wdiscarded-qualifiers]
  189 |     gWaterTemplePauseScreenMapBasement1LeftTex,
      |     ^~~~~~~~~~~~~~~~~~~~~~~~~~~~~~~~~~~~~~~~~~
/home/david/Documents/RockBox_Personal-master/devsrc/nano-soh-runtime/Shipwright/soh/src/overlays/misc/ovl_kaleido_scope/z_kaleido_scope_PAL.c:190:5: warning: initialization discards 'const' qualifier from pointer target type [-Wdiscarded-qualifiers]
  190 |     gWaterTemplePauseScreenMapBasement1RightTex,
      |     ^~~~~~~~~~~~~~~~~~~~~~~~~~~~~~~~~~~~~~~~~~~
/home/david/Documents/RockBox_Personal-master/devsrc/nano-soh-runtime/Shipwright/soh/src/overlays/misc/ovl_kaleido_scope/z_kaleido_scope_PAL.c:191:5: warning: initialization discards 'const' qualifier from pointer target type [-Wdiscarded-qualifiers]
  191 |     gSpiritTemplePauseScreenMapFloor4LeftTex,
      |     ^~~~~~~~~~~~~~~~~~~~~~~~~~~~~~~~~~~~~~~~
/home/david/Documents/RockBox_Personal-master/devsrc/nano-soh-runtime/Shipwright/soh/src/overlays/misc/ovl_kaleido_scope/z_kaleido_scope_PAL.c:192:5: warning: initialization discards 'const' qualifier from pointer target type [-Wdiscarded-qualifiers]
  192 |     gSpiritTemplePauseScreenMapFloor4RightTex,
      |     ^~~~~~~~~~~~~~~~~~~~~~~~~~~~~~~~~~~~~~~~~
/home/david/Documents/RockBox_Personal-master/devsrc/nano-soh-runtime/Shipwright/soh/src/overlays/misc/ovl_kaleido_scope/z_kaleido_scope_PAL.c:193:5: warning: initialization discards 'const' qualifier from pointer target type [-Wdiscarded-qualifiers]
  193 |     gSpiritTemplePauseScreenMapFloor3LeftTex,
      |     ^~~~~~~~~~~~~~~~~~~~~~~~~~~~~~~~~~~~~~~~
/home/david/Documents/RockBox_Personal-master/devsrc/nano-soh-runtime/Shipwright/soh/src/overlays/misc/ovl_kaleido_scope/z_kaleido_scope_PAL.c:194:5: warning: initialization discards 'const' qualifier from pointer target type [-Wdiscarded-qualifiers]
  194 |     gSpiritTemplePauseScreenMapFloor3RightTex,
      |     ^~~~~~~~~~~~~~~~~~~~~~~~~~~~~~~~~~~~~~~~~
/home/david/Documents/RockBox_Personal-master/devsrc/nano-soh-runtime/Shipwright/soh/src/overlays/misc/ovl_kaleido_scope/z_kaleido_scope_PAL.c:195:5: warning: initialization discards 'const' qualifier from pointer target type [-Wdiscarded-qualifiers]
  195 |     gSpiritTemplePauseScreenMapFloor2LeftTex,
      |     ^~~~~~~~~~~~~~~~~~~~~~~~~~~~~~~~~~~~~~~~
/home/david/Documents/RockBox_Personal-master/devsrc/nano-soh-runtime/Shipwright/soh/src/overlays/misc/ovl_kaleido_scope/z_kaleido_scope_PAL.c:196:5: warning: initialization discards 'const' qualifier from pointer target type [-Wdiscarded-qualifiers]
  196 |     gSpiritTemplePauseScreenMapFloor2RightTex,
      |     ^~~~~~~~~~~~~~~~~~~~~~~~~~~~~~~~~~~~~~~~~
/home/david/Documents/RockBox_Personal-master/devsrc/nano-soh-runtime/Shipwright/soh/src/overlays/misc/ovl_kaleido_scope/z_kaleido_scope_PAL.c:197:5: warning: initialization discards 'const' qualifier from pointer target type [-Wdiscarded-qualifiers]
  197 |     gSpiritTemplePauseScreenMapFloor1LeftTex,
      |     ^~~~~~~~~~~~~~~~~~~~~~~~~~~~~~~~~~~~~~~~
/home/david/Documents/RockBox_Personal-master/devsrc/nano-soh-runtime/Shipwright/soh/src/overlays/misc/ovl_kaleido_scope/z_kaleido_scope_PAL.c:198:5: warning: initialization discards 'const' qualifier from pointer target type [-Wdiscarded-qualifiers]
  198 |     gSpiritTemplePauseScreenMapFloor1RightTex,
      |     ^~~~~~~~~~~~~~~~~~~~~~~~~~~~~~~~~~~~~~~~~
/home/david/Documents/RockBox_Personal-master/devsrc/nano-soh-runtime/Shipwright/soh/src/overlays/misc/ovl_kaleido_scope/z_kaleido_scope_PAL.c:199:5: warning: initialization discards 'const' qualifier from pointer target type [-Wdiscarded-qualifiers]
  199 |     gShadowTemplePauseScreenMapBasement1LeftTex,
      |     ^~~~~~~~~~~~~~~~~~~~~~~~~~~~~~~~~~~~~~~~~~~
/home/david/Documents/RockBox_Personal-master/devsrc/nano-soh-runtime/Shipwright/soh/src/overlays/misc/ovl_kaleido_scope/z_kaleido_scope_PAL.c:200:5: warning: initialization discards 'const' qualifier from pointer target type [-Wdiscarded-qualifiers]
  200 |     gShadowTemplePauseScreenMapBasement1RightTex,
      |     ^~~~~~~~~~~~~~~~~~~~~~~~~~~~~~~~~~~~~~~~~~~~
/home/david/Documents/RockBox_Personal-master/devsrc/nano-soh-runtime/Shipwright/soh/src/overlays/misc/ovl_kaleido_scope/z_kaleido_scope_PAL.c:201:5: warning: initialization discards 'const' qualifier from pointer target type [-Wdiscarded-qualifiers]
  201 |     gShadowTemplePauseScreenMapBasement2LeftTex,
      |     ^~~~~~~~~~~~~~~~~~~~~~~~~~~~~~~~~~~~~~~~~~~
/home/david/Documents/RockBox_Personal-master/devsrc/nano-soh-runtime/Shipwright/soh/src/overlays/misc/ovl_kaleido_scope/z_kaleido_scope_PAL.c:202:5: warning: initialization discards 'const' qualifier from pointer target type [-Wdiscarded-qualifiers]
  202 |     gShadowTemplePauseScreenMapBasement2RightTex,
      |     ^~~~~~~~~~~~~~~~~~~~~~~~~~~~~~~~~~~~~~~~~~~~
/home/david/Documents/RockBox_Personal-master/devsrc/nano-soh-runtime/Shipwright/soh/src/overlays/misc/ovl_kaleido_scope/z_kaleido_scope_PAL.c:203:5: warning: initialization discards 'const' qualifier from pointer target type [-Wdiscarded-qualifiers]
  203 |     gShadowTemplePauseScreenMapBasement3LeftTex,
      |     ^~~~~~~~~~~~~~~~~~~~~~~~~~~~~~~~~~~~~~~~~~~
/home/david/Documents/RockBox_Personal-master/devsrc/nano-soh-runtime/Shipwright/soh/src/overlays/misc/ovl_kaleido_scope/z_kaleido_scope_PAL.c:204:5: warning: initialization discards 'const' qualifier from pointer target type [-Wdiscarded-qualifiers]
  204 |     gShadowTemplePauseScreenMapBasement3RightTex,
      |     ^~~~~~~~~~~~~~~~~~~~~~~~~~~~~~~~~~~~~~~~~~~~
/home/david/Documents/RockBox_Personal-master/devsrc/nano-soh-runtime/Shipwright/soh/src/overlays/misc/ovl_kaleido_scope/z_kaleido_scope_PAL.c:205:5: warning: initialization discards 'const' qualifier from pointer target type [-Wdiscarded-qualifiers]
  205 |     gShadowTemplePauseScreenMapBasement4LeftTex,
      |     ^~~~~~~~~~~~~~~~~~~~~~~~~~~~~~~~~~~~~~~~~~~
/home/david/Documents/RockBox_Personal-master/devsrc/nano-soh-runtime/Shipwright/soh/src/overlays/misc/ovl_kaleido_scope/z_kaleido_scope_PAL.c:206:5: warning: initialization discards 'const' qualifier from pointer target type [-Wdiscarded-qualifiers]
  206 |     gShadowTemplePauseScreenMapBasement4RightTex,
      |     ^~~~~~~~~~~~~~~~~~~~~~~~~~~~~~~~~~~~~~~~~~~~
/home/david/Documents/RockBox_Personal-master/devsrc/nano-soh-runtime/Shipwright/soh/src/overlays/misc/ovl_kaleido_scope/z_kaleido_scope_PAL.c:207:5: warning: initialization discards 'const' qualifier from pointer target type [-Wdiscarded-qualifiers]
  207 |     gBottomOfTheWellPauseScreenMapBasement1LeftTex,
      |     ^~~~~~~~~~~~~~~~~~~~~~~~~~~~~~~~~~~~~~~~~~~~~~
/home/david/Documents/RockBox_Personal-master/devsrc/nano-soh-runtime/Shipwright/soh/src/overlays/misc/ovl_kaleido_scope/z_kaleido_scope_PAL.c:208:5: warning: initialization discards 'const' qualifier from pointer target type [-Wdiscarded-qualifiers]
  208 |     gBottomOfTheWellPauseScreenMapBasement1RightTex,
      |     ^~~~~~~~~~~~~~~~~~~~~~~~~~~~~~~~~~~~~~~~~~~~~~~
/home/david/Documents/RockBox_Personal-master/devsrc/nano-soh-runtime/Shipwright/soh/src/overlays/misc/ovl_kaleido_scope/z_kaleido_scope_PAL.c:209:5: warning: initialization discards 'const' qualifier from pointer target type [-Wdiscarded-qualifiers]
  209 |     gBottomOfTheWellPauseScreenMapBasement2LeftTex,
      |     ^~~~~~~~~~~~~~~~~~~~~~~~~~~~~~~~~~~~~~~~~~~~~~
/home/david/Documents/RockBox_Personal-master/devsrc/nano-soh-runtime/Shipwright/soh/src/overlays/misc/ovl_kaleido_scope/z_kaleido_scope_PAL.c:210:5: warning: initialization discards 'const' qualifier from pointer target type [-Wdiscarded-qualifiers]
  210 |     gBottomOfTheWellPauseScreenMapBasement2RightTex,
      |     ^~~~~~~~~~~~~~~~~~~~~~~~~~~~~~~~~~~~~~~~~~~~~~~
/home/david/Documents/RockBox_Personal-master/devsrc/nano-soh-runtime/Shipwright/soh/src/overlays/misc/ovl_kaleido_scope/z_kaleido_scope_PAL.c:211:5: warning: initialization discards 'const' qualifier from pointer target type [-Wdiscarded-qualifiers]
  211 |     gBottomOfTheWellPauseScreenMapBasement3LeftTex,
      |     ^~~~~~~~~~~~~~~~~~~~~~~~~~~~~~~~~~~~~~~~~~~~~~
/home/david/Documents/RockBox_Personal-master/devsrc/nano-soh-runtime/Shipwright/soh/src/overlays/misc/ovl_kaleido_scope/z_kaleido_scope_PAL.c:212:5: warning: initialization discards 'const' qualifier from pointer target type [-Wdiscarded-qualifiers]
  212 |     gBottomOfTheWellPauseScreenMapBasement3RightTex,
      |     ^~~~~~~~~~~~~~~~~~~~~~~~~~~~~~~~~~~~~~~~~~~~~~~
/home/david/Documents/RockBox_Personal-master/devsrc/nano-soh-runtime/Shipwright/soh/src/overlays/misc/ovl_kaleido_scope/z_kaleido_scope_PAL.c:213:5: warning: initialization discards 'const' qualifier from pointer target type [-Wdiscarded-qualifiers]
  213 |     gIceCavernPauseScreenMapFloor1LeftTex,
      |     ^~~~~~~~~~~~~~~~~~~~~~~~~~~~~~~~~~~~~
/home/david/Documents/RockBox_Personal-master/devsrc/nano-soh-runtime/Shipwright/soh/src/overlays/misc/ovl_kaleido_scope/z_kaleido_scope_PAL.c:214:5: warning: initialization discards 'const' qualifier from pointer target type [-Wdiscarded-qualifiers]
  214 |     gIceCavernPauseScreenMapFloor1RightTex,
      |     ^~~~~~~~~~~~~~~~~~~~~~~~~~~~~~~~~~~~~~
/home/david/Documents/RockBox_Personal-master/devsrc/nano-soh-runtime/Shipwright/soh/src/overlays/misc/ovl_kaleido_scope/z_kaleido_scope_PAL.c:254:5: warning: initialization discards 'const' qualifier from pointer target type [-Wdiscarded-qualifiers]
  254 |     gDekuStickItemNameENGTex,
      |     ^~~~~~~~~~~~~~~~~~~~~~~~
/home/david/Documents/RockBox_Personal-master/devsrc/nano-soh-runtime/Shipwright/soh/src/overlays/misc/ovl_kaleido_scope/z_kaleido_scope_PAL.c:255:5: warning: initialization discards 'const' qualifier from pointer target type [-Wdiscarded-qualifiers]
  255 |     gDekuNutItemNameENGTex,
      |     ^~~~~~~~~~~~~~~~~~~~~~
/home/david/Documents/RockBox_Personal-master/devsrc/nano-soh-runtime/Shipwright/soh/src/overlays/misc/ovl_kaleido_scope/z_kaleido_scope_PAL.c:256:5: warning: initialization discards 'const' qualifier from pointer target type [-Wdiscarded-qualifiers]
  256 |     gBombItemNameENGTex,
      |     ^~~~~~~~~~~~~~~~~~~
/home/david/Documents/RockBox_Personal-master/devsrc/nano-soh-runtime/Shipwright/soh/src/overlays/misc/ovl_kaleido_scope/z_kaleido_scope_PAL.c:257:5: warning: initialization discards 'const' qualifier from pointer target type [-Wdiscarded-qualifiers]
  257 |     gFairyBowItemNameENGTex,
      |     ^~~~~~~~~~~~~~~~~~~~~~~
/home/david/Documents/RockBox_Personal-master/devsrc/nano-soh-runtime/Shipwright/soh/src/overlays/misc/ovl_kaleido_scope/z_kaleido_scope_PAL.c:258:5: warning: initialization discards 'const' qualifier from pointer target type [-Wdiscarded-qualifiers]
  258 |     gFireArrowItemNameENGTex,
      |     ^~~~~~~~~~~~~~~~~~~~~~~~
/home/david/Documents/RockBox_Personal-master/devsrc/nano-soh-runtime/Shipwright/soh/src/overlays/misc/ovl_kaleido_scope/z_kaleido_scope_PAL.c:259:5: warning: initialization discards 'const' qualifier from pointer target type [-Wdiscarded-qualifiers]
  259 |     gDinsFireItemNameENGTex,
      |     ^~~~~~~~~~~~~~~~~~~~~~~
/home/david/Documents/RockBox_Personal-master/devsrc/nano-soh-runtime/Shipwright/soh/src/overlays/misc/ovl_kaleido_scope/z_kaleido_scope_PAL.c:260:5: warning: initialization discards 'const' qualifier from pointer target type [-Wdiscarded-qualifiers]
  260 |     gFairySlingshotItemNameENGTex,
      |     ^~~~~~~~~~~~~~~~~~~~~~~~~~~~~
/home/david/Documents/RockBox_Personal-master/devsrc/nano-soh-runtime/Shipwright/soh/src/overlays/misc/ovl_kaleido_scope/z_kaleido_scope_PAL.c:261:5: warning: initialization discards 'const' qualifier from pointer target type [-Wdiscarded-qualifiers]
  261 |     gFairyOcarinaItemNameENGTex,
      |     ^~~~~~~~~~~~~~~~~~~~~~~~~~~
/home/david/Documents/RockBox_Personal-master/devsrc/nano-soh-runtime/Shipwright/soh/src/overlays/misc/ovl_kaleido_scope/z_kaleido_scope_PAL.c:262:5: warning: initialization discards 'const' qualifier from pointer target type [-Wdiscarded-qualifiers]
  262 |     gOcarinaOfTimeItemNameENGTex,
      |     ^~~~~~~~~~~~~~~~~~~~~~~~~~~~
/home/david/Documents/RockBox_Personal-master/devsrc/nano-soh-runtime/Shipwright/soh/src/overlays/misc/ovl_kaleido_scope/z_kaleido_scope_PAL.c:263:5: warning: initialization discards 'const' qualifier from pointer target type [-Wdiscarded-qualifiers]
  263 |     gBombchuItemNameENGTex,
      |     ^~~~~~~~~~~~~~~~~~~~~~
/home/david/Documents/RockBox_Personal-master/devsrc/nano-soh-runtime/Shipwright/soh/src/overlays/misc/ovl_kaleido_scope/z_kaleido_scope_PAL.c:264:5: warning: initialization discards 'const' qualifier from pointer target type [-Wdiscarded-qualifiers]
  264 |     gHookshotItemNameENGTex,
      |     ^~~~~~~~~~~~~~~~~~~~~~~
/home/david/Documents/RockBox_Personal-master/devsrc/nano-soh-runtime/Shipwright/soh/src/overlays/misc/ovl_kaleido_scope/z_kaleido_scope_PAL.c:265:5: warning: initialization discards 'const' qualifier from pointer target type [-Wdiscarded-qualifiers]
  265 |     gLongshotItemNameENGTex,
      |     ^~~~~~~~~~~~~~~~~~~~~~~
/home/david/Documents/RockBox_Personal-master/devsrc/nano-soh-runtime/Shipwright/soh/src/overlays/misc/ovl_kaleido_scope/z_kaleido_scope_PAL.c:266:5: warning: initialization discards 'const' qualifier from pointer target type [-Wdiscarded-qualifiers]
  266 |     gIceArrowItemNameENGTex,
      |     ^~~~~~~~~~~~~~~~~~~~~~~
/home/david/Documents/RockBox_Personal-master/devsrc/nano-soh-runtime/Shipwright/soh/src/overlays/misc/ovl_kaleido_scope/z_kaleido_scope_PAL.c:267:5: warning: initialization discards 'const' qualifier from pointer target type [-Wdiscarded-qualifiers]
  267 |     gFaroresWindItemNameENGTex,
      |     ^~~~~~~~~~~~~~~~~~~~~~~~~~
/home/david/Documents/RockBox_Personal-master/devsrc/nano-soh-runtime/Shipwright/soh/src/overlays/misc/ovl_kaleido_scope/z_kaleido_scope_PAL.c:268:5: warning: initialization discards 'const' qualifier from pointer target type [-Wdiscarded-qualifiers]
  268 |     gBoomerangItemNameENGTex,
      |     ^~~~~~~~~~~~~~~~~~~~~~~~
/home/david/Documents/RockBox_Personal-master/devsrc/nano-soh-runtime/Shipwright/soh/src/overlays/misc/ovl_kaleido_scope/z_kaleido_scope_PAL.c:269:5: warning: initialization discards 'const' qualifier from pointer target type [-Wdiscarded-qualifiers]
  269 |     gLensItemNameENGTex,
      |     ^~~~~~~~~~~~~~~~~~~
/home/david/Documents/RockBox_Personal-master/devsrc/nano-soh-runtime/Shipwright/soh/src/overlays/misc/ovl_kaleido_scope/z_kaleido_scope_PAL.c:270:5: warning: initialization discards 'const' qualifier from pointer target type [-Wdiscarded-qualifiers]
  270 |     gMagicBeansItemNameENGTex,
      |     ^~~~~~~~~~~~~~~~~~~~~~~~~
/home/david/Documents/RockBox_Personal-master/devsrc/nano-soh-runtime/Shipwright/soh/src/overlays/misc/ovl_kaleido_scope/z_kaleido_scope_PAL.c:271:5: warning: initialization discards 'const' qualifier from pointer target type [-Wdiscarded-qualifiers]
  271 |     gMegatonHammerItemNameENGTex,
      |     ^~~~~~~~~~~~~~~~~~~~~~~~~~~~
/home/david/Documents/RockBox_Personal-master/devsrc/nano-soh-runtime/Shipwright/soh/src/overlays/misc/ovl_kaleido_scope/z_kaleido_scope_PAL.c:272:5: warning: initialization discards 'const' qualifier from pointer target type [-Wdiscarded-qualifiers]
  272 |     gLightArrowItemNameENGTex,
      |     ^~~~~~~~~~~~~~~~~~~~~~~~~
/home/david/Documents/RockBox_Personal-master/devsrc/nano-soh-runtime/Shipwright/soh/src/overlays/misc/ovl_kaleido_scope/z_kaleido_scope_PAL.c:273:5: warning: initialization discards 'const' qualifier from pointer target type [-Wdiscarded-qualifiers]
  273 |     gNayrusLoveItemNameENGTex,
      |     ^~~~~~~~~~~~~~~~~~~~~~~~~
/home/david/Documents/RockBox_Personal-master/devsrc/nano-soh-runtime/Shipwright/soh/src/overlays/misc/ovl_kaleido_scope/z_kaleido_scope_PAL.c:274:5: warning: initialization discards 'const' qualifier from pointer target type [-Wdiscarded-qualifiers]
  274 |     gEmptyBottleItemNameENGTex,
      |     ^~~~~~~~~~~~~~~~~~~~~~~~~~
/home/david/Documents/RockBox_Personal-master/devsrc/nano-soh-runtime/Shipwright/soh/src/overlays/misc/ovl_kaleido_scope/z_kaleido_scope_PAL.c:275:5: warning: initialization discards 'const' qualifier from pointer target type [-Wdiscarded-qualifiers]
  275 |     gRedPotionItemNameENGTex,
      |     ^~~~~~~~~~~~~~~~~~~~~~~~
/home/david/Documents/RockBox_Personal-master/devsrc/nano-soh-runtime/Shipwright/soh/src/overlays/misc/ovl_kaleido_scope/z_kaleido_scope_PAL.c:276:5: warning: initialization discards 'const' qualifier from pointer target type [-Wdiscarded-qualifiers]
  276 |     gGreenPotionItemNameENGTex,
      |     ^~~~~~~~~~~~~~~~~~~~~~~~~~
/home/david/Documents/RockBox_Personal-master/devsrc/nano-soh-runtime/Shipwright/soh/src/overlays/misc/ovl_kaleido_scope/z_kaleido_scope_PAL.c:277:5: warning: initialization discards 'const' qualifier from pointer target type [-Wdiscarded-qualifiers]
  277 |     gBluePotionItemNameENGTex,
      |     ^~~~~~~~~~~~~~~~~~~~~~~~~
/home/david/Documents/RockBox_Personal-master/devsrc/nano-soh-runtime/Shipwright/soh/src/overlays/misc/ovl_kaleido_scope/z_kaleido_scope_PAL.c:278:5: warning: initialization discards 'const' qualifier from pointer target type [-Wdiscarded-qualifiers]
  278 |     gBottledFairyItemNameENGTex,
      |     ^~~~~~~~~~~~~~~~~~~~~~~~~~~
/home/david/Documents/RockBox_Personal-master/devsrc/nano-soh-runtime/Shipwright/soh/src/overlays/misc/ovl_kaleido_scope/z_kaleido_scope_PAL.c:279:5: warning: initialization discards 'const' qualifier from pointer target type [-Wdiscarded-qualifiers]
  279 |     gFishItemNameENGTex,
      |     ^~~~~~~~~~~~~~~~~~~
/home/david/Documents/RockBox_Personal-master/devsrc/nano-soh-runtime/Shipwright/soh/src/overlays/misc/ovl_kaleido_scope/z_kaleido_scope_PAL.c:280:5: warning: initialization discards 'const' qualifier from pointer target type [-Wdiscarded-qualifiers]
  280 |     gFullMilkItemNameENGTex,
      |     ^~~~~~~~~~~~~~~~~~~~~~~
/home/david/Documents/RockBox_Personal-master/devsrc/nano-soh-runtime/Shipwright/soh/src/overlays/misc/ovl_kaleido_scope/z_kaleido_scope_PAL.c:281:5: warning: initialization discards 'const' qualifier from pointer target type [-Wdiscarded-qualifiers]
  281 |     gRutosLetterItemNameENGTex,
      |     ^~~~~~~~~~~~~~~~~~~~~~~~~~
/home/david/Documents/RockBox_Personal-master/devsrc/nano-soh-runtime/Shipwright/soh/src/overlays/misc/ovl_kaleido_scope/z_kaleido_scope_PAL.c:282:5: warning: initialization discards 'const' qualifier from pointer target type [-Wdiscarded-qualifiers]
  282 |     gBlueFireItemNameENGTex,
      |     ^~~~~~~~~~~~~~~~~~~~~~~
/home/david/Documents/RockBox_Personal-master/devsrc/nano-soh-runtime/Shipwright/soh/src/overlays/misc/ovl_kaleido_scope/z_kaleido_scope_PAL.c:283:5: warning: initialization discards 'const' qualifier from pointer target type [-Wdiscarded-qualifiers]
  283 |     gBugItemNameENGTex,
      |     ^~~~~~~~~~~~~~~~~~
/home/david/Documents/RockBox_Personal-master/devsrc/nano-soh-runtime/Shipwright/soh/src/overlays/misc/ovl_kaleido_scope/z_kaleido_scope_PAL.c:284:5: warning: initialization discards 'const' qualifier from pointer target type [-Wdiscarded-qualifiers]
  284 |     gBigPoeItemNameENGTex,
      |     ^~~~~~~~~~~~~~~~~~~~~
/home/david/Documents/RockBox_Personal-master/devsrc/nano-soh-runtime/Shipwright/soh/src/overlays/misc/ovl_kaleido_scope/z_kaleido_scope_PAL.c:285:5: warning: initialization discards 'const' qualifier from pointer target type [-Wdiscarded-qualifiers]
  285 |     gHalfMilkItemNameENGTex,
      |     ^~~~~~~~~~~~~~~~~~~~~~~
/home/david/Documents/RockBox_Personal-master/devsrc/nano-soh-runtime/Shipwright/soh/src/overlays/misc/ovl_kaleido_scope/z_kaleido_scope_PAL.c:286:5: warning: initialization discards 'const' qualifier from pointer target type [-Wdiscarded-qualifiers]
  286 |     gPoeItemNameENGTex,
      |     ^~~~~~~~~~~~~~~~~~
/home/david/Documents/RockBox_Personal-master/devsrc/nano-soh-runtime/Shipwright/soh/src/overlays/misc/ovl_kaleido_scope/z_kaleido_scope_PAL.c:287:5: warning: initialization discards 'const' qualifier from pointer target type [-Wdiscarded-qualifiers]
  287 |     gWeirdEggItemNameENGTex,
      |     ^~~~~~~~~~~~~~~~~~~~~~~
/home/david/Documents/RockBox_Personal-master/devsrc/nano-soh-runtime/Shipwright/soh/src/overlays/misc/ovl_kaleido_scope/z_kaleido_scope_PAL.c:288:5: warning: initialization discards 'const' qualifier from pointer target type [-Wdiscarded-qualifiers]
  288 |     gCuccoItemNameENGTex,
      |     ^~~~~~~~~~~~~~~~~~~~
/home/david/Documents/RockBox_Personal-master/devsrc/nano-soh-runtime/Shipwright/soh/src/overlays/misc/ovl_kaleido_scope/z_kaleido_scope_PAL.c:289:5: warning: initialization discards 'const' qualifier from pointer target type [-Wdiscarded-qualifiers]
  289 |     gZeldasLetterItemNameENGTex,
      |     ^~~~~~~~~~~~~~~~~~~~~~~~~~~
/home/david/Documents/RockBox_Personal-master/devsrc/nano-soh-runtime/Shipwright/soh/src/overlays/misc/ovl_kaleido_scope/z_kaleido_scope_PAL.c:290:5: warning: initialization discards 'const' qualifier from pointer target type [-Wdiscarded-qualifiers]
  290 |     gKeatonMaskItemNameENGTex,
      |     ^~~~~~~~~~~~~~~~~~~~~~~~~
/home/david/Documents/RockBox_Personal-master/devsrc/nano-soh-runtime/Shipwright/soh/src/overlays/misc/ovl_kaleido_scope/z_kaleido_scope_PAL.c:291:5: warning: initialization discards 'const' qualifier from pointer target type [-Wdiscarded-qualifiers]
  291 |     gSkullMaskItemNameENGTex,
      |     ^~~~~~~~~~~~~~~~~~~~~~~~
/home/david/Documents/RockBox_Personal-master/devsrc/nano-soh-runtime/Shipwright/soh/src/overlays/misc/ovl_kaleido_scope/z_kaleido_scope_PAL.c:292:5: warning: initialization discards 'const' qualifier from pointer target type [-Wdiscarded-qualifiers]
  292 |     gSpookyMaskItemNameENGTex,
      |     ^~~~~~~~~~~~~~~~~~~~~~~~~
/home/david/Documents/RockBox_Personal-master/devsrc/nano-soh-runtime/Shipwright/soh/src/overlays/misc/ovl_kaleido_scope/z_kaleido_scope_PAL.c:293:5: warning: initialization discards 'const' qualifier from pointer target type [-Wdiscarded-qualifiers]
  293 |     gBunnyHoodItemNameENGTex,
      |     ^~~~~~~~~~~~~~~~~~~~~~~~
/home/david/Documents/RockBox_Personal-master/devsrc/nano-soh-runtime/Shipwright/soh/src/overlays/misc/ovl_kaleido_scope/z_kaleido_scope_PAL.c:294:5: warning: initialization discards 'const' qualifier from pointer target type [-Wdiscarded-qualifiers]
  294 |     gGoronMaskItemNameENGTex,
      |     ^~~~~~~~~~~~~~~~~~~~~~~~
/home/david/Documents/RockBox_Personal-master/devsrc/nano-soh-runtime/Shipwright/soh/src/overlays/misc/ovl_kaleido_scope/z_kaleido_scope_PAL.c:295:5: warning: initialization discards 'const' qualifier from pointer target type [-Wdiscarded-qualifiers]
  295 |     gZoraMaskItemNameENGTex,
      |     ^~~~~~~~~~~~~~~~~~~~~~~
/home/david/Documents/RockBox_Personal-master/devsrc/nano-soh-runtime/Shipwright/soh/src/overlays/misc/ovl_kaleido_scope/z_kaleido_scope_PAL.c:296:5: warning: initialization discards 'const' qualifier from pointer target type [-Wdiscarded-qualifiers]
  296 |     gGerudoMaskItemNameENGTex,
      |     ^~~~~~~~~~~~~~~~~~~~~~~~~
/home/david/Documents/RockBox_Personal-master/devsrc/nano-soh-runtime/Shipwright/soh/src/overlays/misc/ovl_kaleido_scope/z_kaleido_scope_PAL.c:297:5: warning: initialization discards 'const' qualifier from pointer target type [-Wdiscarded-qualifiers]
  297 |     gMaskofTruthItemNameENGTex,
      |     ^~~~~~~~~~~~~~~~~~~~~~~~~~
/home/david/Documents/RockBox_Personal-master/devsrc/nano-soh-runtime/Shipwright/soh/src/overlays/misc/ovl_kaleido_scope/z_kaleido_scope_PAL.c:298:5: warning: initialization discards 'const' qualifier from pointer target type [-Wdiscarded-qualifiers]
  298 |     gSOLDOUTItemNameENGTex,
      |     ^~~~~~~~~~~~~~~~~~~~~~
/home/david/Documents/RockBox_Personal-master/devsrc/nano-soh-runtime/Shipwright/soh/src/overlays/misc/ovl_kaleido_scope/z_kaleido_scope_PAL.c:299:5: warning: initialization discards 'const' qualifier from pointer target type [-Wdiscarded-qualifiers]
  299 |     gPocketEggItemNameENGTex,
      |     ^~~~~~~~~~~~~~~~~~~~~~~~
/home/david/Documents/RockBox_Personal-master/devsrc/nano-soh-runtime/Shipwright/soh/src/overlays/misc/ovl_kaleido_scope/z_kaleido_scope_PAL.c:300:5: warning: initialization discards 'const' qualifier from pointer target type [-Wdiscarded-qualifiers]
  300 |     gPocketCuccoItemNameENGTex,
      |     ^~~~~~~~~~~~~~~~~~~~~~~~~~
/home/david/Documents/RockBox_Personal-master/devsrc/nano-soh-runtime/Shipwright/soh/src/overlays/misc/ovl_kaleido_scope/z_kaleido_scope_PAL.c:301:5: warning: initialization discards 'const' qualifier from pointer target type [-Wdiscarded-qualifiers]
  301 |     gCojiroItemNameENGTex,
      |     ^~~~~~~~~~~~~~~~~~~~~
/home/david/Documents/RockBox_Personal-master/devsrc/nano-soh-runtime/Shipwright/soh/src/overlays/misc/ovl_kaleido_scope/z_kaleido_scope_PAL.c:302:5: warning: initialization discards 'const' qualifier from pointer target type [-Wdiscarded-qualifiers]
  302 |     gOddMushroomItemNameENGTex,
      |     ^~~~~~~~~~~~~~~~~~~~~~~~~~
/home/david/Documents/RockBox_Personal-master/devsrc/nano-soh-runtime/Shipwright/soh/src/overlays/misc/ovl_kaleido_scope/z_kaleido_scope_PAL.c:303:5: warning: initialization discards 'const' qualifier from pointer target type [-Wdiscarded-qualifiers]
  303 |     gOddPotionItemNameENGTex,
      |     ^~~~~~~~~~~~~~~~~~~~~~~~
/home/david/Documents/RockBox_Personal-master/devsrc/nano-soh-runtime/Shipwright/soh/src/overlays/misc/ovl_kaleido_scope/z_kaleido_scope_PAL.c:304:5: warning: initialization discards 'const' qualifier from pointer target type [-Wdiscarded-qualifiers]
  304 |     gPoachersSawItemNameENGTex,
      |     ^~~~~~~~~~~~~~~~~~~~~~~~~~
/home/david/Documents/RockBox_Personal-master/devsrc/nano-soh-runtime/Shipwright/soh/src/overlays/misc/ovl_kaleido_scope/z_kaleido_scope_PAL.c:305:5: warning: initialization discards 'const' qualifier from pointer target type [-Wdiscarded-qualifiers]
  305 |     gBrokenGoronsSwordItemNameENGTex,
      |     ^~~~~~~~~~~~~~~~~~~~~~~~~~~~~~~~
/home/david/Documents/RockBox_Personal-master/devsrc/nano-soh-runtime/Shipwright/soh/src/overlays/misc/ovl_kaleido_scope/z_kaleido_scope_PAL.c:306:5: warning: initialization discards 'const' qualifier from pointer target type [-Wdiscarded-qualifiers]
  306 |     gPrescriptionItemNameENGTex,
      |     ^~~~~~~~~~~~~~~~~~~~~~~~~~~
/home/david/Documents/RockBox_Personal-master/devsrc/nano-soh-runtime/Shipwright/soh/src/overlays/misc/ovl_kaleido_scope/z_kaleido_scope_PAL.c:307:5: warning: initialization discards 'const' qualifier from pointer target type [-Wdiscarded-qualifiers]
  307 |     gEyeBallFrogItemNameENGTex,
      |     ^~~~~~~~~~~~~~~~~~~~~~~~~~
/home/david/Documents/RockBox_Personal-master/devsrc/nano-soh-runtime/Shipwright/soh/src/overlays/misc/ovl_kaleido_scope/z_kaleido_scope_PAL.c:308:5: warning: initialization discards 'const' qualifier from pointer target type [-Wdiscarded-qualifiers]
  308 |     gEyeDropsItemNameENGTex,
      |     ^~~~~~~~~~~~~~~~~~~~~~~
/home/david/Documents/RockBox_Personal-master/devsrc/nano-soh-runtime/Shipwright/soh/src/overlays/misc/ovl_kaleido_scope/z_kaleido_scope_PAL.c:309:5: warning: initialization discards 'const' qualifier from pointer target type [-Wdiscarded-qualifiers]
  309 |     gClaimCheckItemNameENGTex,
      |     ^~~~~~~~~~~~~~~~~~~~~~~~~
/home/david/Documents/RockBox_Personal-master/devsrc/nano-soh-runtime/Shipwright/soh/src/overlays/misc/ovl_kaleido_scope/z_kaleido_scope_PAL.c:310:5: warning: initialization discards 'const' qualifier from pointer target type [-Wdiscarded-qualifiers]
  310 |     gUnusedWindMedallionItemName1JPNTex,
      |     ^~~~~~~~~~~~~~~~~~~~~~~~~~~~~~~~~~~
/home/david/Documents/RockBox_Personal-master/devsrc/nano-soh-runtime/Shipwright/soh/src/overlays/misc/ovl_kaleido_scope/z_kaleido_scope_PAL.c:311:5: warning: initialization discards 'const' qualifier from pointer target type [-Wdiscarded-qualifiers]
  311 |     gUnusedFireMedallionItemName1JPNTex,
      |     ^~~~~~~~~~~~~~~~~~~~~~~~~~~~~~~~~~~
/home/david/Documents/RockBox_Personal-master/devsrc/nano-soh-runtime/Shipwright/soh/src/overlays/misc/ovl_kaleido_scope/z_kaleido_scope_PAL.c:312:5: warning: initialization discards 'const' qualifier from pointer target type [-Wdiscarded-qualifiers]
  312 |     gUnusedIceMedallionItemName1JPNTex,
      |     ^~~~~~~~~~~~~~~~~~~~~~~~~~~~~~~~~~
/home/david/Documents/RockBox_Personal-master/devsrc/nano-soh-runtime/Shipwright/soh/src/overlays/misc/ovl_kaleido_scope/z_kaleido_scope_PAL.c:313:5: warning: initialization discards 'const' qualifier from pointer target type [-Wdiscarded-qualifiers]
  313 |     gKokiriSwordItemNameENGTex,
      |     ^~~~~~~~~~~~~~~~~~~~~~~~~~
/home/david/Documents/RockBox_Personal-master/devsrc/nano-soh-runtime/Shipwright/soh/src/overlays/misc/ovl_kaleido_scope/z_kaleido_scope_PAL.c:314:5: warning: initialization discards 'const' qualifier from pointer target type [-Wdiscarded-qualifiers]
  314 |     gMasterSwordItemNameENGTex,
      |     ^~~~~~~~~~~~~~~~~~~~~~~~~~
/home/david/Documents/RockBox_Personal-master/devsrc/nano-soh-runtime/Shipwright/soh/src/overlays/misc/ovl_kaleido_scope/z_kaleido_scope_PAL.c:315:5: warning: initialization discards 'const' qualifier from pointer target type [-Wdiscarded-qualifiers]
  315 |     gGiantsKnifeItemNameENGTex,
      |     ^~~~~~~~~~~~~~~~~~~~~~~~~~
/home/david/Documents/RockBox_Personal-master/devsrc/nano-soh-runtime/Shipwright/soh/src/overlays/misc/ovl_kaleido_scope/z_kaleido_scope_PAL.c:316:5: warning: initialization discards 'const' qualifier from pointer target type [-Wdiscarded-qualifiers]
  316 |     gDekuShieldItemNameENGTex,
      |     ^~~~~~~~~~~~~~~~~~~~~~~~~
/home/david/Documents/RockBox_Personal-master/devsrc/nano-soh-runtime/Shipwright/soh/src/overlays/misc/ovl_kaleido_scope/z_kaleido_scope_PAL.c:317:5: warning: initialization discards 'const' qualifier from pointer target type [-Wdiscarded-qualifiers]
  317 |     gHylianShieldItemNameENGTex,
      |     ^~~~~~~~~~~~~~~~~~~~~~~~~~~
/home/david/Documents/RockBox_Personal-master/devsrc/nano-soh-runtime/Shipwright/soh/src/overlays/misc/ovl_kaleido_scope/z_kaleido_scope_PAL.c:318:5: warning: initialization discards 'const' qualifier from pointer target type [-Wdiscarded-qualifiers]
  318 |     gMirrorShieldItemNameENGTex,
      |     ^~~~~~~~~~~~~~~~~~~~~~~~~~~
/home/david/Documents/RockBox_Personal-master/devsrc/nano-soh-runtime/Shipwright/soh/src/overlays/misc/ovl_kaleido_scope/z_kaleido_scope_PAL.c:319:5: warning: initialization discards 'const' qualifier from pointer target type [-Wdiscarded-qualifiers]
  319 |     gKokiriTunicItemNameENGTex,
      |     ^~~~~~~~~~~~~~~~~~~~~~~~~~
/home/david/Documents/RockBox_Personal-master/devsrc/nano-soh-runtime/Shipwright/soh/src/overlays/misc/ovl_kaleido_scope/z_kaleido_scope_PAL.c:320:5: warning: initialization discards 'const' qualifier from pointer target type [-Wdiscarded-qualifiers]
  320 |     gGoronTunicItemNameENGTex,
      |     ^~~~~~~~~~~~~~~~~~~~~~~~~
/home/david/Documents/RockBox_Personal-master/devsrc/nano-soh-runtime/Shipwright/soh/src/overlays/misc/ovl_kaleido_scope/z_kaleido_scope_PAL.c:321:5: warning: initialization discards 'const' qualifier from pointer target type [-Wdiscarded-qualifiers]
  321 |     gZoraTunicItemNameENGTex,
      |     ^~~~~~~~~~~~~~~~~~~~~~~~
/home/david/Documents/RockBox_Personal-master/devsrc/nano-soh-runtime/Shipwright/soh/src/overlays/misc/ovl_kaleido_scope/z_kaleido_scope_PAL.c:322:5: warning: initialization discards 'const' qualifier from pointer target type [-Wdiscarded-qualifiers]
  322 |     gKokiriBootsItemNameENGTex,
      |     ^~~~~~~~~~~~~~~~~~~~~~~~~~
/home/david/Documents/RockBox_Personal-master/devsrc/nano-soh-runtime/Shipwright/soh/src/overlays/misc/ovl_kaleido_scope/z_kaleido_scope_PAL.c:323:5: warning: initialization discards 'const' qualifier from pointer target type [-Wdiscarded-qualifiers]
  323 |     gIronBootsItemNameENGTex,
      |     ^~~~~~~~~~~~~~~~~~~~~~~~
/home/david/Documents/RockBox_Personal-master/devsrc/nano-soh-runtime/Shipwright/soh/src/overlays/misc/ovl_kaleido_scope/z_kaleido_scope_PAL.c:324:5: warning: initialization discards 'const' qualifier from pointer target type [-Wdiscarded-qualifiers]
  324 |     gHoverBootsItemNameENGTex,
      |     ^~~~~~~~~~~~~~~~~~~~~~~~~
/home/david/Documents/RockBox_Personal-master/devsrc/nano-soh-runtime/Shipwright/soh/src/overlays/misc/ovl_kaleido_scope/z_kaleido_scope_PAL.c:325:5: warning: initialization discards 'const' qualifier from pointer target type [-Wdiscarded-qualifiers]
  325 |     gBulletBag30ItemNameENGTex,
      |     ^~~~~~~~~~~~~~~~~~~~~~~~~~
/home/david/Documents/RockBox_Personal-master/devsrc/nano-soh-runtime/Shipwright/soh/src/overlays/misc/ovl_kaleido_scope/z_kaleido_scope_PAL.c:326:5: warning: initialization discards 'const' qualifier from pointer target type [-Wdiscarded-qualifiers]
  326 |     gBulletBag40ItemNameENGTex,
      |     ^~~~~~~~~~~~~~~~~~~~~~~~~~
/home/david/Documents/RockBox_Personal-master/devsrc/nano-soh-runtime/Shipwright/soh/src/overlays/misc/ovl_kaleido_scope/z_kaleido_scope_PAL.c:327:5: warning: initialization discards 'const' qualifier from pointer target type [-Wdiscarded-qualifiers]
  327 |     gBulletBag50ItemNameENGTex,
      |     ^~~~~~~~~~~~~~~~~~~~~~~~~~
/home/david/Documents/RockBox_Personal-master/devsrc/nano-soh-runtime/Shipwright/soh/src/overlays/misc/ovl_kaleido_scope/z_kaleido_scope_PAL.c:328:5: warning: initialization discards 'const' qualifier from pointer target type [-Wdiscarded-qualifiers]
  328 |     gQuiver30ItemNameENGTex,
      |     ^~~~~~~~~~~~~~~~~~~~~~~
/home/david/Documents/RockBox_Personal-master/devsrc/nano-soh-runtime/Shipwright/soh/src/overlays/misc/ovl_kaleido_scope/z_kaleido_scope_PAL.c:329:5: warning: initialization discards 'const' qualifier from pointer target type [-Wdiscarded-qualifiers]
  329 |     gQuiver40ItemNameENGTex,
      |     ^~~~~~~~~~~~~~~~~~~~~~~
/home/david/Documents/RockBox_Personal-master/devsrc/nano-soh-runtime/Shipwright/soh/src/overlays/misc/ovl_kaleido_scope/z_kaleido_scope_PAL.c:330:5: warning: initialization discards 'const' qualifier from pointer target type [-Wdiscarded-qualifiers]
  330 |     gQuiver50ItemNameENGTex,
      |     ^~~~~~~~~~~~~~~~~~~~~~~
/home/david/Documents/RockBox_Personal-master/devsrc/nano-soh-runtime/Shipwright/soh/src/overlays/misc/ovl_kaleido_scope/z_kaleido_scope_PAL.c:331:5: warning: initialization discards 'const' qualifier from pointer target type [-Wdiscarded-qualifiers]
  331 |     gBombBag20ItemNameENGTex,
      |     ^~~~~~~~~~~~~~~~~~~~~~~~
/home/david/Documents/RockBox_Personal-master/devsrc/nano-soh-runtime/Shipwright/soh/src/overlays/misc/ovl_kaleido_scope/z_kaleido_scope_PAL.c:332:5: warning: initialization discards 'const' qualifier from pointer target type [-Wdiscarded-qualifiers]
  332 |     gBombBag30ItemNameENGTex,
      |     ^~~~~~~~~~~~~~~~~~~~~~~~
/home/david/Documents/RockBox_Personal-master/devsrc/nano-soh-runtime/Shipwright/soh/src/overlays/misc/ovl_kaleido_scope/z_kaleido_scope_PAL.c:333:5: warning: initialization discards 'const' qualifier from pointer target type [-Wdiscarded-qualifiers]
  333 |     gBombBag40ItemNameENGTex,
      |     ^~~~~~~~~~~~~~~~~~~~~~~~
/home/david/Documents/RockBox_Personal-master/devsrc/nano-soh-runtime/Shipwright/soh/src/overlays/misc/ovl_kaleido_scope/z_kaleido_scope_PAL.c:334:5: warning: initialization discards 'const' qualifier from pointer target type [-Wdiscarded-qualifiers]
  334 |     gGoronsBraceletItemNameENGTex,
      |     ^~~~~~~~~~~~~~~~~~~~~~~~~~~~~
/home/david/Documents/RockBox_Personal-master/devsrc/nano-soh-runtime/Shipwright/soh/src/overlays/misc/ovl_kaleido_scope/z_kaleido_scope_PAL.c:335:5: warning: initialization discards 'const' qualifier from pointer target type [-Wdiscarded-qualifiers]
  335 |     gSilverGauntletsItemNameENGTex,
      |     ^~~~~~~~~~~~~~~~~~~~~~~~~~~~~~
/home/david/Documents/RockBox_Personal-master/devsrc/nano-soh-runtime/Shipwright/soh/src/overlays/misc/ovl_kaleido_scope/z_kaleido_scope_PAL.c:336:5: warning: initialization discards 'const' qualifier from pointer target type [-Wdiscarded-qualifiers]
  336 |     gGoldenGauntletsItemNameENGTex,
      |     ^~~~~~~~~~~~~~~~~~~~~~~~~~~~~~
/home/david/Documents/RockBox_Personal-master/devsrc/nano-soh-runtime/Shipwright/soh/src/overlays/misc/ovl_kaleido_scope/z_kaleido_scope_PAL.c:337:5: warning: initialization discards 'const' qualifier from pointer target type [-Wdiscarded-qualifiers]
  337 |     gSilverScaleItemNameENGTex,
      |     ^~~~~~~~~~~~~~~~~~~~~~~~~~
/home/david/Documents/RockBox_Personal-master/devsrc/nano-soh-runtime/Shipwright/soh/src/overlays/misc/ovl_kaleido_scope/z_kaleido_scope_PAL.c:338:5: warning: initialization discards 'const' qualifier from pointer target type [-Wdiscarded-qualifiers]
  338 |     gGoldenScaleItemNameENGTex,
      |     ^~~~~~~~~~~~~~~~~~~~~~~~~~
/home/david/Documents/RockBox_Personal-master/devsrc/nano-soh-runtime/Shipwright/soh/src/overlays/misc/ovl_kaleido_scope/z_kaleido_scope_PAL.c:339:5: warning: initialization discards 'const' qualifier from pointer target type [-Wdiscarded-qualifiers]
  339 |     gBrokenGiantsKnifeItemNameENGTex,
      |     ^~~~~~~~~~~~~~~~~~~~~~~~~~~~~~~~
/home/david/Documents/RockBox_Personal-master/devsrc/nano-soh-runtime/Shipwright/soh/src/overlays/misc/ovl_kaleido_scope/z_kaleido_scope_PAL.c:340:5: warning: initialization discards 'const' qualifier from pointer target type [-Wdiscarded-qualifiers]
  340 |     gUnusedBossKeyItemName1JPNTex,
      |     ^~~~~~~~~~~~~~~~~~~~~~~~~~~~~
/home/david/Documents/RockBox_Personal-master/devsrc/nano-soh-runtime/Shipwright/soh/src/overlays/misc/ovl_kaleido_scope/z_kaleido_scope_PAL.c:341:5: warning: initialization discards 'const' qualifier from pointer target type [-Wdiscarded-qualifiers]
  341 |     gUnusedBossKeyItemName2JPNTex,
      |     ^~~~~~~~~~~~~~~~~~~~~~~~~~~~~
/home/david/Documents/RockBox_Personal-master/devsrc/nano-soh-runtime/Shipwright/soh/src/overlays/misc/ovl_kaleido_scope/z_kaleido_scope_PAL.c:342:5: warning: initialization discards 'const' qualifier from pointer target type [-Wdiscarded-qualifiers]
  342 |     gUnusedBossKeyItemName3JPNTex,
      |     ^~~~~~~~~~~~~~~~~~~~~~~~~~~~~
/home/david/Documents/RockBox_Personal-master/devsrc/nano-soh-runtime/Shipwright/soh/src/overlays/misc/ovl_kaleido_scope/z_kaleido_scope_PAL.c:343:5: warning: initialization discards 'const' qualifier from pointer target type [-Wdiscarded-qualifiers]
  343 |     gUnusedBossKeyItemName4JPNTex,
      |     ^~~~~~~~~~~~~~~~~~~~~~~~~~~~~
/home/david/Documents/RockBox_Personal-master/devsrc/nano-soh-runtime/Shipwright/soh/src/overlays/misc/ovl_kaleido_scope/z_kaleido_scope_PAL.c:344:5: warning: initialization discards 'const' qualifier from pointer target type [-Wdiscarded-qualifiers]
  344 |     gMinuetOfForestItemNameENGTex,
      |     ^~~~~~~~~~~~~~~~~~~~~~~~~~~~~
/home/david/Documents/RockBox_Personal-master/devsrc/nano-soh-runtime/Shipwright/soh/src/overlays/misc/ovl_kaleido_scope/z_kaleido_scope_PAL.c:345:5: warning: initialization discards 'const' qualifier from pointer target type [-Wdiscarded-qualifiers]
  345 |     gBoleroOfFireItemNameENGTex,
      |     ^~~~~~~~~~~~~~~~~~~~~~~~~~~
/home/david/Documents/RockBox_Personal-master/devsrc/nano-soh-runtime/Shipwright/soh/src/overlays/misc/ovl_kaleido_scope/z_kaleido_scope_PAL.c:346:5: warning: initialization discards 'const' qualifier from pointer target type [-Wdiscarded-qualifiers]
  346 |     gSerenadeOfWaterItemNameENGTex,
      |     ^~~~~~~~~~~~~~~~~~~~~~~~~~~~~~
/home/david/Documents/RockBox_Personal-master/devsrc/nano-soh-runtime/Shipwright/soh/src/overlays/misc/ovl_kaleido_scope/z_kaleido_scope_PAL.c:347:5: warning: initialization discards 'const' qualifier from pointer target type [-Wdiscarded-qualifiers]
  347 |     gRequiemOfSpiritItemNameENGTex,
      |     ^~~~~~~~~~~~~~~~~~~~~~~~~~~~~~
/home/david/Documents/RockBox_Personal-master/devsrc/nano-soh-runtime/Shipwright/soh/src/overlays/misc/ovl_kaleido_scope/z_kaleido_scope_PAL.c:348:5: warning: initialization discards 'const' qualifier from pointer target type [-Wdiscarded-qualifiers]
  348 |     gNocturneOfShadowItemNameENGTex,
      |     ^~~~~~~~~~~~~~~~~~~~~~~~~~~~~~~
/home/david/Documents/RockBox_Personal-master/devsrc/nano-soh-runtime/Shipwright/soh/src/overlays/misc/ovl_kaleido_scope/z_kaleido_scope_PAL.c:349:5: warning: initialization discards 'const' qualifier from pointer target type [-Wdiscarded-qualifiers]
  349 |     gPreludeOfLightItemNameENGTex,
      |     ^~~~~~~~~~~~~~~~~~~~~~~~~~~~~
/home/david/Documents/RockBox_Personal-master/devsrc/nano-soh-runtime/Shipwright/soh/src/overlays/misc/ovl_kaleido_scope/z_kaleido_scope_PAL.c:350:5: warning: initialization discards 'const' qualifier from pointer target type [-Wdiscarded-qualifiers]
  350 |     gZeldasLullabyItemNameENGTex,
      |     ^~~~~~~~~~~~~~~~~~~~~~~~~~~~
/home/david/Documents/RockBox_Personal-master/devsrc/nano-soh-runtime/Shipwright/soh/src/overlays/misc/ovl_kaleido_scope/z_kaleido_scope_PAL.c:351:5: warning: initialization discards 'const' qualifier from pointer target type [-Wdiscarded-qualifiers]
  351 |     gEponasSongItemNameENGTex,
      |     ^~~~~~~~~~~~~~~~~~~~~~~~~
/home/david/Documents/RockBox_Personal-master/devsrc/nano-soh-runtime/Shipwright/soh/src/overlays/misc/ovl_kaleido_scope/z_kaleido_scope_PAL.c:352:5: warning: initialization discards 'const' qualifier from pointer target type [-Wdiscarded-qualifiers]
  352 |     gSariasSongItemNameENGTex,
      |     ^~~~~~~~~~~~~~~~~~~~~~~~~
/home/david/Documents/RockBox_Personal-master/devsrc/nano-soh-runtime/Shipwright/soh/src/overlays/misc/ovl_kaleido_scope/z_kaleido_scope_PAL.c:353:5: warning: initialization discards 'const' qualifier from pointer target type [-Wdiscarded-qualifiers]
  353 |     gSunsSongItemNameENGTex,
      |     ^~~~~~~~~~~~~~~~~~~~~~~
/home/david/Documents/RockBox_Personal-master/devsrc/nano-soh-runtime/Shipwright/soh/src/overlays/misc/ovl_kaleido_scope/z_kaleido_scope_PAL.c:354:5: warning: initialization discards 'const' qualifier from pointer target type [-Wdiscarded-qualifiers]
  354 |     gSongOfTimeItemNameENGTex,
      |     ^~~~~~~~~~~~~~~~~~~~~~~~~
/home/david/Documents/RockBox_Personal-master/devsrc/nano-soh-runtime/Shipwright/soh/src/overlays/misc/ovl_kaleido_scope/z_kaleido_scope_PAL.c:355:5: warning: initialization discards 'const' qualifier from pointer target type [-Wdiscarded-qualifiers]
  355 |     gSongOfStormsItemNameENGTex,
      |     ^~~~~~~~~~~~~~~~~~~~~~~~~~~
/home/david/Documents/RockBox_Personal-master/devsrc/nano-soh-runtime/Shipwright/soh/src/overlays/misc/ovl_kaleido_scope/z_kaleido_scope_PAL.c:356:5: warning: initialization discards 'const' qualifier from pointer target type [-Wdiscarded-qualifiers]
  356 |     gForestMedallionItemNameENGTex,
      |     ^~~~~~~~~~~~~~~~~~~~~~~~~~~~~~
/home/david/Documents/RockBox_Personal-master/devsrc/nano-soh-runtime/Shipwright/soh/src/overlays/misc/ovl_kaleido_scope/z_kaleido_scope_PAL.c:357:5: warning: initialization discards 'const' qualifier from pointer target type [-Wdiscarded-qualifiers]
  357 |     gFireMedallionItemNameENGTex,
      |     ^~~~~~~~~~~~~~~~~~~~~~~~~~~~
/home/david/Documents/RockBox_Personal-master/devsrc/nano-soh-runtime/Shipwright/soh/src/overlays/misc/ovl_kaleido_scope/z_kaleido_scope_PAL.c:358:5: warning: initialization discards 'const' qualifier from pointer target type [-Wdiscarded-qualifiers]
  358 |     gWaterMedallionItemNameENGTex,
      |     ^~~~~~~~~~~~~~~~~~~~~~~~~~~~~
/home/david/Documents/RockBox_Personal-master/devsrc/nano-soh-runtime/Shipwright/soh/src/overlays/misc/ovl_kaleido_scope/z_kaleido_scope_PAL.c:359:5: warning: initialization discards 'const' qualifier from pointer target type [-Wdiscarded-qualifiers]
  359 |     gSpiritMedallionItemNameENGTex,
      |     ^~~~~~~~~~~~~~~~~~~~~~~~~~~~~~
/home/david/Documents/RockBox_Personal-master/devsrc/nano-soh-runtime/Shipwright/soh/src/overlays/misc/ovl_kaleido_scope/z_kaleido_scope_PAL.c:360:5: warning: initialization discards 'const' qualifier from pointer target type [-Wdiscarded-qualifiers]
  360 |     gShadowMedallionItemNameENGTex,
      |     ^~~~~~~~~~~~~~~~~~~~~~~~~~~~~~
/home/david/Documents/RockBox_Personal-master/devsrc/nano-soh-runtime/Shipwright/soh/src/overlays/misc/ovl_kaleido_scope/z_kaleido_scope_PAL.c:361:5: warning: initialization discards 'const' qualifier from pointer target type [-Wdiscarded-qualifiers]
  361 |     gLightMedallionItemNameENGTex,
      |     ^~~~~~~~~~~~~~~~~~~~~~~~~~~~~
/home/david/Documents/RockBox_Personal-master/devsrc/nano-soh-runtime/Shipwright/soh/src/overlays/misc/ovl_kaleido_scope/z_kaleido_scope_PAL.c:362:5: warning: initialization discards 'const' qualifier from pointer target type [-Wdiscarded-qualifiers]
  362 |     gKokiriEmeraldItemNameENGTex,
      |     ^~~~~~~~~~~~~~~~~~~~~~~~~~~~
/home/david/Documents/RockBox_Personal-master/devsrc/nano-soh-runtime/Shipwright/soh/src/overlays/misc/ovl_kaleido_scope/z_kaleido_scope_PAL.c:363:5: warning: initialization discards 'const' qualifier from pointer target type [-Wdiscarded-qualifiers]
  363 |     gGoronsRubyItemNameENGTex,
      |     ^~~~~~~~~~~~~~~~~~~~~~~~~
/home/david/Documents/RockBox_Personal-master/devsrc/nano-soh-runtime/Shipwright/soh/src/overlays/misc/ovl_kaleido_scope/z_kaleido_scope_PAL.c:364:5: warning: initialization discards 'const' qualifier from pointer target type [-Wdiscarded-qualifiers]
  364 |     gZorasSapphireItemNameENGTex,
      |     ^~~~~~~~~~~~~~~~~~~~~~~~~~~~
/home/david/Documents/RockBox_Personal-master/devsrc/nano-soh-runtime/Shipwright/soh/src/overlays/misc/ovl_kaleido_scope/z_kaleido_scope_PAL.c:365:5: warning: initialization discards 'const' qualifier from pointer target type [-Wdiscarded-qualifiers]
  365 |     gStoneofAgonyItemNameENGTex,
      |     ^~~~~~~~~~~~~~~~~~~~~~~~~~~
/home/david/Documents/RockBox_Personal-master/devsrc/nano-soh-runtime/Shipwright/soh/src/overlays/misc/ovl_kaleido_scope/z_kaleido_scope_PAL.c:366:5: warning: initialization discards 'const' qualifier from pointer target type [-Wdiscarded-qualifiers]
  366 |     gGerudosCardItemNameENGTex,
      |     ^~~~~~~~~~~~~~~~~~~~~~~~~~
/home/david/Documents/RockBox_Personal-master/devsrc/nano-soh-runtime/Shipwright/soh/src/overlays/misc/ovl_kaleido_scope/z_kaleido_scope_PAL.c:367:5: warning: initialization discards 'const' qualifier from pointer target type [-Wdiscarded-qualifiers]
  367 |     gGoldSkulltulaItemNameENGTex,
      |     ^~~~~~~~~~~~~~~~~~~~~~~~~~~~
/home/david/Documents/RockBox_Personal-master/devsrc/nano-soh-runtime/Shipwright/soh/src/overlays/misc/ovl_kaleido_scope/z_kaleido_scope_PAL.c:368:5: warning: initialization discards 'const' qualifier from pointer target type [-Wdiscarded-qualifiers]
  368 |     gPieceOfHeartItemNameENGTex,
      |     ^~~~~~~~~~~~~~~~~~~~~~~~~~~
/home/david/Documents/RockBox_Personal-master/devsrc/nano-soh-runtime/Shipwright/soh/src/overlays/misc/ovl_kaleido_scope/z_kaleido_scope_PAL.c:369:5: warning: initialization discards 'const' qualifier from pointer target type [-Wdiscarded-qualifiers]
  369 |     gUnusedPieceOfHeartItemName1JPNTex,
      |     ^~~~~~~~~~~~~~~~~~~~~~~~~~~~~~~~~~
/home/david/Documents/RockBox_Personal-master/devsrc/nano-soh-runtime/Shipwright/soh/src/overlays/misc/ovl_kaleido_scope/z_kaleido_scope_PAL.c:370:5: warning: initialization discards 'const' qualifier from pointer target type [-Wdiscarded-qualifiers]
  370 |     gUnusedBigKeyItemNameENGTex,
      |     ^~~~~~~~~~~~~~~~~~~~~~~~~~~
/home/david/Documents/RockBox_Personal-master/devsrc/nano-soh-runtime/Shipwright/soh/src/overlays/misc/ovl_kaleido_scope/z_kaleido_scope_PAL.c:371:5: warning: initialization discards 'const' qualifier from pointer target type [-Wdiscarded-qualifiers]
  371 |     gCompassItemNameENGTex,
      |     ^~~~~~~~~~~~~~~~~~~~~~
/home/david/Documents/RockBox_Personal-master/devsrc/nano-soh-runtime/Shipwright/soh/src/overlays/misc/ovl_kaleido_scope/z_kaleido_scope_PAL.c:372:5: warning: initialization discards 'const' qualifier from pointer target type [-Wdiscarded-qualifiers]
  372 |     gDungeonMapItemNameENGTex,
      |     ^~~~~~~~~~~~~~~~~~~~~~~~~
/home/david/Documents/RockBox_Personal-master/devsrc/nano-soh-runtime/Shipwright/soh/src/overlays/misc/ovl_kaleido_scope/z_kaleido_scope_PAL.c:373:5: warning: initialization discards 'const' qualifier from pointer target type [-Wdiscarded-qualifiers]
  373 |     gUnusedBossKeyItemName5JPNTex,
      |     ^~~~~~~~~~~~~~~~~~~~~~~~~~~~~
/home/david/Documents/RockBox_Personal-master/devsrc/nano-soh-runtime/Shipwright/soh/src/overlays/misc/ovl_kaleido_scope/z_kaleido_scope_PAL.c:374:5: warning: initialization discards 'const' qualifier from pointer target type [-Wdiscarded-qualifiers]
  374 |     gUnusedBossKeyItemName6JPNTex,
      |     ^~~~~~~~~~~~~~~~~~~~~~~~~~~~~
/home/david/Documents/RockBox_Personal-master/devsrc/nano-soh-runtime/Shipwright/soh/src/overlays/misc/ovl_kaleido_scope/z_kaleido_scope_PAL.c:375:5: warning: initialization discards 'const' qualifier from pointer target type [-Wdiscarded-qualifiers]
  375 |     gUnusedBossKeyItemName7JPNTex,
      |     ^~~~~~~~~~~~~~~~~~~~~~~~~~~~~
/home/david/Documents/RockBox_Personal-master/devsrc/nano-soh-runtime/Shipwright/soh/src/overlays/misc/ovl_kaleido_scope/z_kaleido_scope_PAL.c:376:5: warning: initialization discards 'const' qualifier from pointer target type [-Wdiscarded-qualifiers]
  376 |     gBiggoronsSwordItemNameENGTex,
      |     ^~~~~~~~~~~~~~~~~~~~~~~~~~~~~
/home/david/Documents/RockBox_Personal-master/devsrc/nano-soh-runtime/Shipwright/soh/src/overlays/misc/ovl_kaleido_scope/z_kaleido_scope_PAL.c:378:5: warning: initialization discards 'const' qualifier from pointer target type [-Wdiscarded-qualifiers]
  378 |     gDekuStickItemNameGERTex,
      |     ^~~~~~~~~~~~~~~~~~~~~~~~
/home/david/Documents/RockBox_Personal-master/devsrc/nano-soh-runtime/Shipwright/soh/src/overlays/misc/ovl_kaleido_scope/z_kaleido_scope_PAL.c:379:5: warning: initialization discards 'const' qualifier from pointer target type [-Wdiscarded-qualifiers]
  379 |     gDekuNutItemNameGERTex,
      |     ^~~~~~~~~~~~~~~~~~~~~~
/home/david/Documents/RockBox_Personal-master/devsrc/nano-soh-runtime/Shipwright/soh/src/overlays/misc/ovl_kaleido_scope/z_kaleido_scope_PAL.c:380:5: warning: initialization discards 'const' qualifier from pointer target type [-Wdiscarded-qualifiers]
  380 |     gBombItemNameItemNameGERTex,
      |     ^~~~~~~~~~~~~~~~~~~~~~~~~~~
/home/david/Documents/RockBox_Personal-master/devsrc/nano-soh-runtime/Shipwright/soh/src/overlays/misc/ovl_kaleido_scope/z_kaleido_scope_PAL.c:381:5: warning: initialization discards 'const' qualifier from pointer target type [-Wdiscarded-qualifiers]
  381 |     gFairyBowItemNameGERTex,
      |     ^~~~~~~~~~~~~~~~~~~~~~~
/home/david/Documents/RockBox_Personal-master/devsrc/nano-soh-runtime/Shipwright/soh/src/overlays/misc/ovl_kaleido_scope/z_kaleido_scope_PAL.c:382:5: warning: initialization discards 'const' qualifier from pointer target type [-Wdiscarded-qualifiers]
  382 |     gFireArrowItemNameUnk2GERTex,
      |     ^~~~~~~~~~~~~~~~~~~~~~~~~~~~
/home/david/Documents/RockBox_Personal-master/devsrc/nano-soh-runtime/Shipwright/soh/src/overlays/misc/ovl_kaleido_scope/z_kaleido_scope_PAL.c:383:5: warning: initialization discards 'const' qualifier from pointer target type [-Wdiscarded-qualifiers]
  383 |     gDinsFireItemNameGERTex,
      |     ^~~~~~~~~~~~~~~~~~~~~~~
/home/david/Documents/RockBox_Personal-master/devsrc/nano-soh-runtime/Shipwright/soh/src/overlays/misc/ovl_kaleido_scope/z_kaleido_scope_PAL.c:384:5: warning: initialization discards 'const' qualifier from pointer target type [-Wdiscarded-qualifiers]
  384 |     gFairySlingshotItemNameGERTex,
      |     ^~~~~~~~~~~~~~~~~~~~~~~~~~~~~
/home/david/Documents/RockBox_Personal-master/devsrc/nano-soh-runtime/Shipwright/soh/src/overlays/misc/ovl_kaleido_scope/z_kaleido_scope_PAL.c:385:5: warning: initialization discards 'const' qualifier from pointer target type [-Wdiscarded-qualifiers]
  385 |     gFairyOcarinaItemNameGERTex,
      |     ^~~~~~~~~~~~~~~~~~~~~~~~~~~
/home/david/Documents/RockBox_Personal-master/devsrc/nano-soh-runtime/Shipwright/soh/src/overlays/misc/ovl_kaleido_scope/z_kaleido_scope_PAL.c:386:5: warning: initialization discards 'const' qualifier from pointer target type [-Wdiscarded-qualifiers]
  386 |     gOcarinaOfTimeItemNameGERTex,
      |     ^~~~~~~~~~~~~~~~~~~~~~~~~~~~
/home/david/Documents/RockBox_Personal-master/devsrc/nano-soh-runtime/Shipwright/soh/src/overlays/misc/ovl_kaleido_scope/z_kaleido_scope_PAL.c:387:5: warning: initialization discards 'const' qualifier from pointer target type [-Wdiscarded-qualifiers]
  387 |     gBombchuItemNameGERTex,
      |     ^~~~~~~~~~~~~~~~~~~~~~
/home/david/Documents/RockBox_Personal-master/devsrc/nano-soh-runtime/Shipwright/soh/src/overlays/misc/ovl_kaleido_scope/z_kaleido_scope_PAL.c:388:5: warning: initialization discards 'const' qualifier from pointer target type [-Wdiscarded-qualifiers]
  388 |     gHookshotItemNameGERTex,
      |     ^~~~~~~~~~~~~~~~~~~~~~~
/home/david/Documents/RockBox_Personal-master/devsrc/nano-soh-runtime/Shipwright/soh/src/overlays/misc/ovl_kaleido_scope/z_kaleido_scope_PAL.c:389:5: warning: initialization discards 'const' qualifier from pointer target type [-Wdiscarded-qualifiers]
  389 |     gLongshotItemNameGERTex,
      |     ^~~~~~~~~~~~~~~~~~~~~~~
/home/david/Documents/RockBox_Personal-master/devsrc/nano-soh-runtime/Shipwright/soh/src/overlays/misc/ovl_kaleido_scope/z_kaleido_scope_PAL.c:390:5: warning: initialization discards 'const' qualifier from pointer target type [-Wdiscarded-qualifiers]
  390 |     gIceArrowItemNameGERTex,
      |     ^~~~~~~~~~~~~~~~~~~~~~~
/home/david/Documents/RockBox_Personal-master/devsrc/nano-soh-runtime/Shipwright/soh/src/overlays/misc/ovl_kaleido_scope/z_kaleido_scope_PAL.c:391:5: warning: initialization discards 'const' qualifier from pointer target type [-Wdiscarded-qualifiers]
  391 |     gFaroresWindItemNameGERTex,
      |     ^~~~~~~~~~~~~~~~~~~~~~~~~~
/home/david/Documents/RockBox_Personal-master/devsrc/nano-soh-runtime/Shipwright/soh/src/overlays/misc/ovl_kaleido_scope/z_kaleido_scope_PAL.c:392:5: warning: initialization discards 'const' qualifier from pointer target type [-Wdiscarded-qualifiers]
  392 |     gBoomerangItemNameGERTex,
      |     ^~~~~~~~~~~~~~~~~~~~~~~~
/home/david/Documents/RockBox_Personal-master/devsrc/nano-soh-runtime/Shipwright/soh/src/overlays/misc/ovl_kaleido_scope/z_kaleido_scope_PAL.c:393:5: warning: initialization discards 'const' qualifier from pointer target type [-Wdiscarded-qualifiers]
  393 |     gLensItemNameGERTex,
      |     ^~~~~~~~~~~~~~~~~~~
/home/david/Documents/RockBox_Personal-master/devsrc/nano-soh-runtime/Shipwright/soh/src/overlays/misc/ovl_kaleido_scope/z_kaleido_scope_PAL.c:394:5: warning: initialization discards 'const' qualifier from pointer target type [-Wdiscarded-qualifiers]
  394 |     gMagicBeansItemNameGERTex,
      |     ^~~~~~~~~~~~~~~~~~~~~~~~~
/home/david/Documents/RockBox_Personal-master/devsrc/nano-soh-runtime/Shipwright/soh/src/overlays/misc/ovl_kaleido_scope/z_kaleido_scope_PAL.c:395:5: warning: initialization discards 'const' qualifier from pointer target type [-Wdiscarded-qualifiers]
  395 |     gMegatonHammerItemNameGERTex,
      |     ^~~~~~~~~~~~~~~~~~~~~~~~~~~~
/home/david/Documents/RockBox_Personal-master/devsrc/nano-soh-runtime/Shipwright/soh/src/overlays/misc/ovl_kaleido_scope/z_kaleido_scope_PAL.c:396:5: warning: initialization discards 'const' qualifier from pointer target type [-Wdiscarded-qualifiers]
  396 |     gLightArrowItemNameGERTex,
      |     ^~~~~~~~~~~~~~~~~~~~~~~~~
/home/david/Documents/RockBox_Personal-master/devsrc/nano-soh-runtime/Shipwright/soh/src/overlays/misc/ovl_kaleido_scope/z_kaleido_scope_PAL.c:397:5: warning: initialization discards 'const' qualifier from pointer target type [-Wdiscarded-qualifiers]
  397 |     gNayrusLoveItemNameGERTex,
      |     ^~~~~~~~~~~~~~~~~~~~~~~~~
/home/david/Documents/RockBox_Personal-master/devsrc/nano-soh-runtime/Shipwright/soh/src/overlays/misc/ovl_kaleido_scope/z_kaleido_scope_PAL.c:398:5: warning: initialization discards 'const' qualifier from pointer target type [-Wdiscarded-qualifiers]
  398 |     gEmptyBottleItemNameGERTex,
      |     ^~~~~~~~~~~~~~~~~~~~~~~~~~
/home/david/Documents/RockBox_Personal-master/devsrc/nano-soh-runtime/Shipwright/soh/src/overlays/misc/ovl_kaleido_scope/z_kaleido_scope_PAL.c:399:5: warning: initialization discards 'const' qualifier from pointer target type [-Wdiscarded-qualifiers]
  399 |     gRedPotionItemNameGERTex,
      |     ^~~~~~~~~~~~~~~~~~~~~~~~
/home/david/Documents/RockBox_Personal-master/devsrc/nano-soh-runtime/Shipwright/soh/src/overlays/misc/ovl_kaleido_scope/z_kaleido_scope_PAL.c:400:5: warning: initialization discards 'const' qualifier from pointer target type [-Wdiscarded-qualifiers]
  400 |     gGreenPotionItemNameGERTex,
      |     ^~~~~~~~~~~~~~~~~~~~~~~~~~
/home/david/Documents/RockBox_Personal-master/devsrc/nano-soh-runtime/Shipwright/soh/src/overlays/misc/ovl_kaleido_scope/z_kaleido_scope_PAL.c:401:5: warning: initialization discards 'const' qualifier from pointer target type [-Wdiscarded-qualifiers]
  401 |     gBluePotionItemNameGERTex,
      |     ^~~~~~~~~~~~~~~~~~~~~~~~~
/home/david/Documents/RockBox_Personal-master/devsrc/nano-soh-runtime/Shipwright/soh/src/overlays/misc/ovl_kaleido_scope/z_kaleido_scope_PAL.c:402:5: warning: initialization discards 'const' qualifier from pointer target type [-Wdiscarded-qualifiers]
  402 |     gBottledFairyItemNameGERTex,
      |     ^~~~~~~~~~~~~~~~~~~~~~~~~~~
/home/david/Documents/RockBox_Personal-master/devsrc/nano-soh-runtime/Shipwright/soh/src/overlays/misc/ovl_kaleido_scope/z_kaleido_scope_PAL.c:403:5: warning: initialization discards 'const' qualifier from pointer target type [-Wdiscarded-qualifiers]
  403 |     gFishItemNameGERTex,
      |     ^~~~~~~~~~~~~~~~~~~
/home/david/Documents/RockBox_Personal-master/devsrc/nano-soh-runtime/Shipwright/soh/src/overlays/misc/ovl_kaleido_scope/z_kaleido_scope_PAL.c:404:5: warning: initialization discards 'const' qualifier from pointer target type [-Wdiscarded-qualifiers]
  404 |     gFullMilkItemNameGERTex,
      |     ^~~~~~~~~~~~~~~~~~~~~~~
/home/david/Documents/RockBox_Personal-master/devsrc/nano-soh-runtime/Shipwright/soh/src/overlays/misc/ovl_kaleido_scope/z_kaleido_scope_PAL.c:405:5: warning: initialization discards 'const' qualifier from pointer target type [-Wdiscarded-qualifiers]
  405 |     gRutosLetterItemNameGERTex,
      |     ^~~~~~~~~~~~~~~~~~~~~~~~~~
/home/david/Documents/RockBox_Personal-master/devsrc/nano-soh-runtime/Shipwright/soh/src/overlays/misc/ovl_kaleido_scope/z_kaleido_scope_PAL.c:406:5: warning: initialization discards 'const' qualifier from pointer target type [-Wdiscarded-qualifiers]
  406 |     gBlueFireItemNameGERTex,
      |     ^~~~~~~~~~~~~~~~~~~~~~~
/home/david/Documents/RockBox_Personal-master/devsrc/nano-soh-runtime/Shipwright/soh/src/overlays/misc/ovl_kaleido_scope/z_kaleido_scope_PAL.c:407:5: warning: initialization discards 'const' qualifier from pointer target type [-Wdiscarded-qualifiers]
  407 |     gBugItemNameGERTex,
      |     ^~~~~~~~~~~~~~~~~~
/home/david/Documents/RockBox_Personal-master/devsrc/nano-soh-runtime/Shipwright/soh/src/overlays/misc/ovl_kaleido_scope/z_kaleido_scope_PAL.c:408:5: warning: initialization discards 'const' qualifier from pointer target type [-Wdiscarded-qualifiers]
  408 |     gBigPoeItemNameGERTex,
      |     ^~~~~~~~~~~~~~~~~~~~~
/home/david/Documents/RockBox_Personal-master/devsrc/nano-soh-runtime/Shipwright/soh/src/overlays/misc/ovl_kaleido_scope/z_kaleido_scope_PAL.c:409:5: warning: initialization discards 'const' qualifier from pointer target type [-Wdiscarded-qualifiers]
  409 |     gHalfMilkItemNameGERTex,
      |     ^~~~~~~~~~~~~~~~~~~~~~~
/home/david/Documents/RockBox_Personal-master/devsrc/nano-soh-runtime/Shipwright/soh/src/overlays/misc/ovl_kaleido_scope/z_kaleido_scope_PAL.c:410:5: warning: initialization discards 'const' qualifier from pointer target type [-Wdiscarded-qualifiers]
  410 |     gPoeItemNameGERTex,
      |     ^~~~~~~~~~~~~~~~~~
/home/david/Documents/RockBox_Personal-master/devsrc/nano-soh-runtime/Shipwright/soh/src/overlays/misc/ovl_kaleido_scope/z_kaleido_scope_PAL.c:411:5: warning: initialization discards 'const' qualifier from pointer target type [-Wdiscarded-qualifiers]
  411 |     gWeirdEggItemNameGERTex,
      |     ^~~~~~~~~~~~~~~~~~~~~~~
/home/david/Documents/RockBox_Personal-master/devsrc/nano-soh-runtime/Shipwright/soh/src/overlays/misc/ovl_kaleido_scope/z_kaleido_scope_PAL.c:412:5: warning: initialization discards 'const' qualifier from pointer target type [-Wdiscarded-qualifiers]
  412 |     gCuccoItemNameGERTex,
      |     ^~~~~~~~~~~~~~~~~~~~
/home/david/Documents/RockBox_Personal-master/devsrc/nano-soh-runtime/Shipwright/soh/src/overlays/misc/ovl_kaleido_scope/z_kaleido_scope_PAL.c:413:5: warning: initialization discards 'const' qualifier from pointer target type [-Wdiscarded-qualifiers]
  413 |     gZeldasLetterItemNameGERTex,
      |     ^~~~~~~~~~~~~~~~~~~~~~~~~~~
/home/david/Documents/RockBox_Personal-master/devsrc/nano-soh-runtime/Shipwright/soh/src/overlays/misc/ovl_kaleido_scope/z_kaleido_scope_PAL.c:414:5: warning: initialization discards 'const' qualifier from pointer target type [-Wdiscarded-qualifiers]
  414 |     gKeatonMaskItemNameGERTex,
      |     ^~~~~~~~~~~~~~~~~~~~~~~~~
/home/david/Documents/RockBox_Personal-master/devsrc/nano-soh-runtime/Shipwright/soh/src/overlays/misc/ovl_kaleido_scope/z_kaleido_scope_PAL.c:415:5: warning: initialization discards 'const' qualifier from pointer target type [-Wdiscarded-qualifiers]
  415 |     gSkullMaskItemNameGERTex,
      |     ^~~~~~~~~~~~~~~~~~~~~~~~
/home/david/Documents/RockBox_Personal-master/devsrc/nano-soh-runtime/Shipwright/soh/src/overlays/misc/ovl_kaleido_scope/z_kaleido_scope_PAL.c:416:5: warning: initialization discards 'const' qualifier from pointer target type [-Wdiscarded-qualifiers]
  416 |     gSpookyMaskItemNameGERTex,
      |     ^~~~~~~~~~~~~~~~~~~~~~~~~
/home/david/Documents/RockBox_Personal-master/devsrc/nano-soh-runtime/Shipwright/soh/src/overlays/misc/ovl_kaleido_scope/z_kaleido_scope_PAL.c:417:5: warning: initialization discards 'const' qualifier from pointer target type [-Wdiscarded-qualifiers]
  417 |     gBunnyHoodItemNameGERTex,
      |     ^~~~~~~~~~~~~~~~~~~~~~~~
/home/david/Documents/RockBox_Personal-master/devsrc/nano-soh-runtime/Shipwright/soh/src/overlays/misc/ovl_kaleido_scope/z_kaleido_scope_PAL.c:418:5: warning: initialization discards 'const' qualifier from pointer target type [-Wdiscarded-qualifiers]
  418 |     gGoronMaskItemNameGERTex,
      |     ^~~~~~~~~~~~~~~~~~~~~~~~
/home/david/Documents/RockBox_Personal-master/devsrc/nano-soh-runtime/Shipwright/soh/src/overlays/misc/ovl_kaleido_scope/z_kaleido_scope_PAL.c:419:5: warning: initialization discards 'const' qualifier from pointer target type [-Wdiscarded-qualifiers]
  419 |     gZoraMaskItemNameGERTex,
      |     ^~~~~~~~~~~~~~~~~~~~~~~
/home/david/Documents/RockBox_Personal-master/devsrc/nano-soh-runtime/Shipwright/soh/src/overlays/misc/ovl_kaleido_scope/z_kaleido_scope_PAL.c:420:5: warning: initialization discards 'const' qualifier from pointer target type [-Wdiscarded-qualifiers]
  420 |     gGerudoMaskItemNameGERTex,
      |     ^~~~~~~~~~~~~~~~~~~~~~~~~
/home/david/Documents/RockBox_Personal-master/devsrc/nano-soh-runtime/Shipwright/soh/src/overlays/misc/ovl_kaleido_scope/z_kaleido_scope_PAL.c:421:5: warning: initialization discards 'const' qualifier from pointer target type [-Wdiscarded-qualifiers]
  421 |     gMaskofTruthItemNameGERTex,
      |     ^~~~~~~~~~~~~~~~~~~~~~~~~~
/home/david/Documents/RockBox_Personal-master/devsrc/nano-soh-runtime/Shipwright/soh/src/overlays/misc/ovl_kaleido_scope/z_kaleido_scope_PAL.c:422:5: warning: initialization discards 'const' qualifier from pointer target type [-Wdiscarded-qualifiers]
  422 |     gSOLDOUTItemNameGERTex,
      |     ^~~~~~~~~~~~~~~~~~~~~~
/home/david/Documents/RockBox_Personal-master/devsrc/nano-soh-runtime/Shipwright/soh/src/overlays/misc/ovl_kaleido_scope/z_kaleido_scope_PAL.c:423:5: warning: initialization discards 'const' qualifier from pointer target type [-Wdiscarded-qualifiers]
  423 |     gPocketEggItemNameGERTex,
      |     ^~~~~~~~~~~~~~~~~~~~~~~~
/home/david/Documents/RockBox_Personal-master/devsrc/nano-soh-runtime/Shipwright/soh/src/overlays/misc/ovl_kaleido_scope/z_kaleido_scope_PAL.c:424:5: warning: initialization discards 'const' qualifier from pointer target type [-Wdiscarded-qualifiers]
  424 |     gPocketCuccoItemNameGERTex,
      |     ^~~~~~~~~~~~~~~~~~~~~~~~~~
/home/david/Documents/RockBox_Personal-master/devsrc/nano-soh-runtime/Shipwright/soh/src/overlays/misc/ovl_kaleido_scope/z_kaleido_scope_PAL.c:425:5: warning: initialization discards 'const' qualifier from pointer target type [-Wdiscarded-qualifiers]
  425 |     gCojiroItemNameGERTex,
      |     ^~~~~~~~~~~~~~~~~~~~~
/home/david/Documents/RockBox_Personal-master/devsrc/nano-soh-runtime/Shipwright/soh/src/overlays/misc/ovl_kaleido_scope/z_kaleido_scope_PAL.c:426:5: warning: initialization discards 'const' qualifier from pointer target type [-Wdiscarded-qualifiers]
  426 |     gOddMushroomItemNameGERTex,
      |     ^~~~~~~~~~~~~~~~~~~~~~~~~~
/home/david/Documents/RockBox_Personal-master/devsrc/nano-soh-runtime/Shipwright/soh/src/overlays/misc/ovl_kaleido_scope/z_kaleido_scope_PAL.c:427:5: warning: initialization discards 'const' qualifier from pointer target type [-Wdiscarded-qualifiers]
  427 |     gOddPotionItemNameGERTex,
      |     ^~~~~~~~~~~~~~~~~~~~~~~~
/home/david/Documents/RockBox_Personal-master/devsrc/nano-soh-runtime/Shipwright/soh/src/overlays/misc/ovl_kaleido_scope/z_kaleido_scope_PAL.c:428:5: warning: initialization discards 'const' qualifier from pointer target type [-Wdiscarded-qualifiers]
  428 |     gPoachersSawItemNameGERTex,
      |     ^~~~~~~~~~~~~~~~~~~~~~~~~~
/home/david/Documents/RockBox_Personal-master/devsrc/nano-soh-runtime/Shipwright/soh/src/overlays/misc/ovl_kaleido_scope/z_kaleido_scope_PAL.c:429:5: warning: initialization discards 'const' qualifier from pointer target type [-Wdiscarded-qualifiers]
  429 |     gBrokenGoronsSwordItemNameGERTex,
      |     ^~~~~~~~~~~~~~~~~~~~~~~~~~~~~~~~
/home/david/Documents/RockBox_Personal-master/devsrc/nano-soh-runtime/Shipwright/soh/src/overlays/misc/ovl_kaleido_scope/z_kaleido_scope_PAL.c:430:5: warning: initialization discards 'const' qualifier from pointer target type [-Wdiscarded-qualifiers]
  430 |     gPrescriptionItemNameGERTex,
      |     ^~~~~~~~~~~~~~~~~~~~~~~~~~~
/home/david/Documents/RockBox_Personal-master/devsrc/nano-soh-runtime/Shipwright/soh/src/overlays/misc/ovl_kaleido_scope/z_kaleido_scope_PAL.c:431:5: warning: initialization discards 'const' qualifier from pointer target type [-Wdiscarded-qualifiers]
  431 |     gEyeBallFrogItemNameGERTex,
      |     ^~~~~~~~~~~~~~~~~~~~~~~~~~
/home/david/Documents/RockBox_Personal-master/devsrc/nano-soh-runtime/Shipwright/soh/src/overlays/misc/ovl_kaleido_scope/z_kaleido_scope_PAL.c:432:5: warning: initialization discards 'const' qualifier from pointer target type [-Wdiscarded-qualifiers]
  432 |     gEyeDropsItemNameGERTex,
      |     ^~~~~~~~~~~~~~~~~~~~~~~
/home/david/Documents/RockBox_Personal-master/devsrc/nano-soh-runtime/Shipwright/soh/src/overlays/misc/ovl_kaleido_scope/z_kaleido_scope_PAL.c:433:5: warning: initialization discards 'const' qualifier from pointer target type [-Wdiscarded-qualifiers]
  433 |     gClaimCheckItemNameGERTex,
      |     ^~~~~~~~~~~~~~~~~~~~~~~~~
/home/david/Documents/RockBox_Personal-master/devsrc/nano-soh-runtime/Shipwright/soh/src/overlays/misc/ovl_kaleido_scope/z_kaleido_scope_PAL.c:434:5: warning: initialization discards 'const' qualifier from pointer target type [-Wdiscarded-qualifiers]
  434 |     gUnusedWindMedallionItemName2JPNTex,
      |     ^~~~~~~~~~~~~~~~~~~~~~~~~~~~~~~~~~~
/home/david/Documents/RockBox_Personal-master/devsrc/nano-soh-runtime/Shipwright/soh/src/overlays/misc/ovl_kaleido_scope/z_kaleido_scope_PAL.c:435:5: warning: initialization discards 'const' qualifier from pointer target type [-Wdiscarded-qualifiers]
  435 |     gUnusedFireMedallionItemName2JPNTex,
      |     ^~~~~~~~~~~~~~~~~~~~~~~~~~~~~~~~~~~
/home/david/Documents/RockBox_Personal-master/devsrc/nano-soh-runtime/Shipwright/soh/src/overlays/misc/ovl_kaleido_scope/z_kaleido_scope_PAL.c:436:5: warning: initialization discards 'const' qualifier from pointer target type [-Wdiscarded-qualifiers]
  436 |     gUnusedIceMedallionItemName2JPNTex,
      |     ^~~~~~~~~~~~~~~~~~~~~~~~~~~~~~~~~~
/home/david/Documents/RockBox_Personal-master/devsrc/nano-soh-runtime/Shipwright/soh/src/overlays/misc/ovl_kaleido_scope/z_kaleido_scope_PAL.c:437:5: warning: initialization discards 'const' qualifier from pointer target type [-Wdiscarded-qualifiers]
  437 |     gKokiriSwordItemNameGERTex,
      |     ^~~~~~~~~~~~~~~~~~~~~~~~~~
/home/david/Documents/RockBox_Personal-master/devsrc/nano-soh-runtime/Shipwright/soh/src/overlays/misc/ovl_kaleido_scope/z_kaleido_scope_PAL.c:438:5: warning: initialization discards 'const' qualifier from pointer target type [-Wdiscarded-qualifiers]
  438 |     gMasterSwordItemNameGERTex,
      |     ^~~~~~~~~~~~~~~~~~~~~~~~~~
/home/david/Documents/RockBox_Personal-master/devsrc/nano-soh-runtime/Shipwright/soh/src/overlays/misc/ovl_kaleido_scope/z_kaleido_scope_PAL.c:439:5: warning: initialization discards 'const' qualifier from pointer target type [-Wdiscarded-qualifiers]
  439 |     gGiantsKnifeItemNameGERTex,
      |     ^~~~~~~~~~~~~~~~~~~~~~~~~~
/home/david/Documents/RockBox_Personal-master/devsrc/nano-soh-runtime/Shipwright/soh/src/overlays/misc/ovl_kaleido_scope/z_kaleido_scope_PAL.c:440:5: warning: initialization discards 'const' qualifier from pointer target type [-Wdiscarded-qualifiers]
  440 |     gDekuShieldItemNameGERTex,
      |     ^~~~~~~~~~~~~~~~~~~~~~~~~
/home/david/Documents/RockBox_Personal-master/devsrc/nano-soh-runtime/Shipwright/soh/src/overlays/misc/ovl_kaleido_scope/z_kaleido_scope_PAL.c:441:5: warning: initialization discards 'const' qualifier from pointer target type [-Wdiscarded-qualifiers]
  441 |     gHylianShieldItemNameGERTex,
      |     ^~~~~~~~~~~~~~~~~~~~~~~~~~~
/home/david/Documents/RockBox_Personal-master/devsrc/nano-soh-runtime/Shipwright/soh/src/overlays/misc/ovl_kaleido_scope/z_kaleido_scope_PAL.c:442:5: warning: initialization discards 'const' qualifier from pointer target type [-Wdiscarded-qualifiers]
  442 |     gMirrorShieldItemNameGERTex,
      |     ^~~~~~~~~~~~~~~~~~~~~~~~~~~
/home/david/Documents/RockBox_Personal-master/devsrc/nano-soh-runtime/Shipwright/soh/src/overlays/misc/ovl_kaleido_scope/z_kaleido_scope_PAL.c:443:5: warning: initialization discards 'const' qualifier from pointer target type [-Wdiscarded-qualifiers]
  443 |     gKokiriTunicItemNameGERTex,
      |     ^~~~~~~~~~~~~~~~~~~~~~~~~~
/home/david/Documents/RockBox_Personal-master/devsrc/nano-soh-runtime/Shipwright/soh/src/overlays/misc/ovl_kaleido_scope/z_kaleido_scope_PAL.c:444:5: warning: initialization discards 'const' qualifier from pointer target type [-Wdiscarded-qualifiers]
  444 |     gGoronTunicItemNameGERTex,
      |     ^~~~~~~~~~~~~~~~~~~~~~~~~
/home/david/Documents/RockBox_Personal-master/devsrc/nano-soh-runtime/Shipwright/soh/src/overlays/misc/ovl_kaleido_scope/z_kaleido_scope_PAL.c:445:5: warning: initialization discards 'const' qualifier from pointer target type [-Wdiscarded-qualifiers]
  445 |     gZoraTunicItemNameGERTex,
      |     ^~~~~~~~~~~~~~~~~~~~~~~~
/home/david/Documents/RockBox_Personal-master/devsrc/nano-soh-runtime/Shipwright/soh/src/overlays/misc/ovl_kaleido_scope/z_kaleido_scope_PAL.c:446:5: warning: initialization discards 'const' qualifier from pointer target type [-Wdiscarded-qualifiers]
  446 |     gKokiriBootsItemNameGERTex,
      |     ^~~~~~~~~~~~~~~~~~~~~~~~~~
/home/david/Documents/RockBox_Personal-master/devsrc/nano-soh-runtime/Shipwright/soh/src/overlays/misc/ovl_kaleido_scope/z_kaleido_scope_PAL.c:447:5: warning: initialization discards 'const' qualifier from pointer target type [-Wdiscarded-qualifiers]
  447 |     gIronBootsItemNameGERTex,
      |     ^~~~~~~~~~~~~~~~~~~~~~~~
/home/david/Documents/RockBox_Personal-master/devsrc/nano-soh-runtime/Shipwright/soh/src/overlays/misc/ovl_kaleido_scope/z_kaleido_scope_PAL.c:448:5: warning: initialization discards 'const' qualifier from pointer target type [-Wdiscarded-qualifiers]
  448 |     gHoverBootsItemNameGERTex,
      |     ^~~~~~~~~~~~~~~~~~~~~~~~~
/home/david/Documents/RockBox_Personal-master/devsrc/nano-soh-runtime/Shipwright/soh/src/overlays/misc/ovl_kaleido_scope/z_kaleido_scope_PAL.c:449:5: warning: initialization discards 'const' qualifier from pointer target type [-Wdiscarded-qualifiers]
  449 |     gBulletBag30ItemNameGERTex,
      |     ^~~~~~~~~~~~~~~~~~~~~~~~~~
/home/david/Documents/RockBox_Personal-master/devsrc/nano-soh-runtime/Shipwright/soh/src/overlays/misc/ovl_kaleido_scope/z_kaleido_scope_PAL.c:450:5: warning: initialization discards 'const' qualifier from pointer target type [-Wdiscarded-qualifiers]
  450 |     gBulletBag40ItemNameGERTex,
      |     ^~~~~~~~~~~~~~~~~~~~~~~~~~
/home/david/Documents/RockBox_Personal-master/devsrc/nano-soh-runtime/Shipwright/soh/src/overlays/misc/ovl_kaleido_scope/z_kaleido_scope_PAL.c:451:5: warning: initialization discards 'const' qualifier from pointer target type [-Wdiscarded-qualifiers]
  451 |     gBulletBag50ItemNameGERTex,
      |     ^~~~~~~~~~~~~~~~~~~~~~~~~~
/home/david/Documents/RockBox_Personal-master/devsrc/nano-soh-runtime/Shipwright/soh/src/overlays/misc/ovl_kaleido_scope/z_kaleido_scope_PAL.c:452:5: warning: initialization discards 'const' qualifier from pointer target type [-Wdiscarded-qualifiers]
  452 |     gQuiver30ItemNameGERTex,
      |     ^~~~~~~~~~~~~~~~~~~~~~~
/home/david/Documents/RockBox_Personal-master/devsrc/nano-soh-runtime/Shipwright/soh/src/overlays/misc/ovl_kaleido_scope/z_kaleido_scope_PAL.c:453:5: warning: initialization discards 'const' qualifier from pointer target type [-Wdiscarded-qualifiers]
  453 |     gQuiver40ItemNameGERTex,
      |     ^~~~~~~~~~~~~~~~~~~~~~~
/home/david/Documents/RockBox_Personal-master/devsrc/nano-soh-runtime/Shipwright/soh/src/overlays/misc/ovl_kaleido_scope/z_kaleido_scope_PAL.c:454:5: warning: initialization discards 'const' qualifier from pointer target type [-Wdiscarded-qualifiers]
  454 |     gQuiver50ItemNameGERTex,
      |     ^~~~~~~~~~~~~~~~~~~~~~~
/home/david/Documents/RockBox_Personal-master/devsrc/nano-soh-runtime/Shipwright/soh/src/overlays/misc/ovl_kaleido_scope/z_kaleido_scope_PAL.c:455:5: warning: initialization discards 'const' qualifier from pointer target type [-Wdiscarded-qualifiers]
  455 |     gBombBag20ItemNameGERTex,
      |     ^~~~~~~~~~~~~~~~~~~~~~~~
/home/david/Documents/RockBox_Personal-master/devsrc/nano-soh-runtime/Shipwright/soh/src/overlays/misc/ovl_kaleido_scope/z_kaleido_scope_PAL.c:456:5: warning: initialization discards 'const' qualifier from pointer target type [-Wdiscarded-qualifiers]
  456 |     gBombBag30ItemNameGERTex,
      |     ^~~~~~~~~~~~~~~~~~~~~~~~
/home/david/Documents/RockBox_Personal-master/devsrc/nano-soh-runtime/Shipwright/soh/src/overlays/misc/ovl_kaleido_scope/z_kaleido_scope_PAL.c:457:5: warning: initialization discards 'const' qualifier from pointer target type [-Wdiscarded-qualifiers]
  457 |     gBombBag40ItemNameGERTex,
      |     ^~~~~~~~~~~~~~~~~~~~~~~~
/home/david/Documents/RockBox_Personal-master/devsrc/nano-soh-runtime/Shipwright/soh/src/overlays/misc/ovl_kaleido_scope/z_kaleido_scope_PAL.c:458:5: warning: initialization discards 'const' qualifier from pointer target type [-Wdiscarded-qualifiers]
  458 |     gGoronsBraceletItemNameGERTex,
      |     ^~~~~~~~~~~~~~~~~~~~~~~~~~~~~
/home/david/Documents/RockBox_Personal-master/devsrc/nano-soh-runtime/Shipwright/soh/src/overlays/misc/ovl_kaleido_scope/z_kaleido_scope_PAL.c:459:5: warning: initialization discards 'const' qualifier from pointer target type [-Wdiscarded-qualifiers]
  459 |     gSilverGauntletsItemNameGERTex,
      |     ^~~~~~~~~~~~~~~~~~~~~~~~~~~~~~
/home/david/Documents/RockBox_Personal-master/devsrc/nano-soh-runtime/Shipwright/soh/src/overlays/misc/ovl_kaleido_scope/z_kaleido_scope_PAL.c:460:5: warning: initialization discards 'const' qualifier from pointer target type [-Wdiscarded-qualifiers]
  460 |     gGoldenGauntletsItemNameGERTex,
      |     ^~~~~~~~~~~~~~~~~~~~~~~~~~~~~~
/home/david/Documents/RockBox_Personal-master/devsrc/nano-soh-runtime/Shipwright/soh/src/overlays/misc/ovl_kaleido_scope/z_kaleido_scope_PAL.c:461:5: warning: initialization discards 'const' qualifier from pointer target type [-Wdiscarded-qualifiers]
  461 |     gSilverScaleItemNameGERTex,
      |     ^~~~~~~~~~~~~~~~~~~~~~~~~~
/home/david/Documents/RockBox_Personal-master/devsrc/nano-soh-runtime/Shipwright/soh/src/overlays/misc/ovl_kaleido_scope/z_kaleido_scope_PAL.c:462:5: warning: initialization discards 'const' qualifier from pointer target type [-Wdiscarded-qualifiers]
  462 |     gGoldenScaleItemNameGERTex,
      |     ^~~~~~~~~~~~~~~~~~~~~~~~~~
/home/david/Documents/RockBox_Personal-master/devsrc/nano-soh-runtime/Shipwright/soh/src/overlays/misc/ovl_kaleido_scope/z_kaleido_scope_PAL.c:463:5: warning: initialization discards 'const' qualifier from pointer target type [-Wdiscarded-qualifiers]
  463 |     gBrokenGiantsKnifeItemNameGERTex,
      |     ^~~~~~~~~~~~~~~~~~~~~~~~~~~~~~~~
/home/david/Documents/RockBox_Personal-master/devsrc/nano-soh-runtime/Shipwright/soh/src/overlays/misc/ovl_kaleido_scope/z_kaleido_scope_PAL.c:464:5: warning: initialization discards 'const' qualifier from pointer target type [-Wdiscarded-qualifiers]
  464 |     gUnusedBossKeyItemName8JPNTex,
      |     ^~~~~~~~~~~~~~~~~~~~~~~~~~~~~
/home/david/Documents/RockBox_Personal-master/devsrc/nano-soh-runtime/Shipwright/soh/src/overlays/misc/ovl_kaleido_scope/z_kaleido_scope_PAL.c:465:5: warning: initialization discards 'const' qualifier from pointer target type [-Wdiscarded-qualifiers]
  465 |     gUnusedBossKeyItemName9JPNTex,
      |     ^~~~~~~~~~~~~~~~~~~~~~~~~~~~~
/home/david/Documents/RockBox_Personal-master/devsrc/nano-soh-runtime/Shipwright/soh/src/overlays/misc/ovl_kaleido_scope/z_kaleido_scope_PAL.c:466:5: warning: initialization discards 'const' qualifier from pointer target type [-Wdiscarded-qualifiers]
  466 |     gUnusedBossKeyItemName10JPNTex,
      |     ^~~~~~~~~~~~~~~~~~~~~~~~~~~~~~
/home/david/Documents/RockBox_Personal-master/devsrc/nano-soh-runtime/Shipwright/soh/src/overlays/misc/ovl_kaleido_scope/z_kaleido_scope_PAL.c:467:5: warning: initialization discards 'const' qualifier from pointer target type [-Wdiscarded-qualifiers]
  467 |     gUnusedBossKeyItemName11JPNTex,
      |     ^~~~~~~~~~~~~~~~~~~~~~~~~~~~~~
/home/david/Documents/RockBox_Personal-master/devsrc/nano-soh-runtime/Shipwright/soh/src/overlays/misc/ovl_kaleido_scope/z_kaleido_scope_PAL.c:468:5: warning: initialization discards 'const' qualifier from pointer target type [-Wdiscarded-qualifiers]
  468 |     gMinuetOfForestItemNameGERTex,
      |     ^~~~~~~~~~~~~~~~~~~~~~~~~~~~~
/home/david/Documents/RockBox_Personal-master/devsrc/nano-soh-runtime/Shipwright/soh/src/overlays/misc/ovl_kaleido_scope/z_kaleido_scope_PAL.c:469:5: warning: initialization discards 'const' qualifier from pointer target type [-Wdiscarded-qualifiers]
  469 |     gBoleroOfFireItemNameGERTex,
      |     ^~~~~~~~~~~~~~~~~~~~~~~~~~~
/home/david/Documents/RockBox_Personal-master/devsrc/nano-soh-runtime/Shipwright/soh/src/overlays/misc/ovl_kaleido_scope/z_kaleido_scope_PAL.c:470:5: warning: initialization discards 'const' qualifier from pointer target type [-Wdiscarded-qualifiers]
  470 |     gSerenadeOfWaterItemNameGERTex,
      |     ^~~~~~~~~~~~~~~~~~~~~~~~~~~~~~
/home/david/Documents/RockBox_Personal-master/devsrc/nano-soh-runtime/Shipwright/soh/src/overlays/misc/ovl_kaleido_scope/z_kaleido_scope_PAL.c:471:5: warning: initialization discards 'const' qualifier from pointer target type [-Wdiscarded-qualifiers]
  471 |     gRequiemOfSpiritItemNameGERTex,
      |     ^~~~~~~~~~~~~~~~~~~~~~~~~~~~~~
/home/david/Documents/RockBox_Personal-master/devsrc/nano-soh-runtime/Shipwright/soh/src/overlays/misc/ovl_kaleido_scope/z_kaleido_scope_PAL.c:472:5: warning: initialization discards 'const' qualifier from pointer target type [-Wdiscarded-qualifiers]
  472 |     gNocturneOfShadowItemNameGERTex,
      |     ^~~~~~~~~~~~~~~~~~~~~~~~~~~~~~~
/home/david/Documents/RockBox_Personal-master/devsrc/nano-soh-runtime/Shipwright/soh/src/overlays/misc/ovl_kaleido_scope/z_kaleido_scope_PAL.c:473:5: warning: initialization discards 'const' qualifier from pointer target type [-Wdiscarded-qualifiers]
  473 |     gPreludeOfLightItemNameGERTex,
      |     ^~~~~~~~~~~~~~~~~~~~~~~~~~~~~
/home/david/Documents/RockBox_Personal-master/devsrc/nano-soh-runtime/Shipwright/soh/src/overlays/misc/ovl_kaleido_scope/z_kaleido_scope_PAL.c:474:5: warning: initialization discards 'const' qualifier from pointer target type [-Wdiscarded-qualifiers]
  474 |     gZeldasLullabyItemNameGERTex,
      |     ^~~~~~~~~~~~~~~~~~~~~~~~~~~~
/home/david/Documents/RockBox_Personal-master/devsrc/nano-soh-runtime/Shipwright/soh/src/overlays/misc/ovl_kaleido_scope/z_kaleido_scope_PAL.c:475:5: warning: initialization discards 'const' qualifier from pointer target type [-Wdiscarded-qualifiers]
  475 |     gEponasSongItemNameGERTex,
      |     ^~~~~~~~~~~~~~~~~~~~~~~~~
/home/david/Documents/RockBox_Personal-master/devsrc/nano-soh-runtime/Shipwright/soh/src/overlays/misc/ovl_kaleido_scope/z_kaleido_scope_PAL.c:476:5: warning: initialization discards 'const' qualifier from pointer target type [-Wdiscarded-qualifiers]
  476 |     gSariasSongItemNameGERTex,
      |     ^~~~~~~~~~~~~~~~~~~~~~~~~
/home/david/Documents/RockBox_Personal-master/devsrc/nano-soh-runtime/Shipwright/soh/src/overlays/misc/ovl_kaleido_scope/z_kaleido_scope_PAL.c:477:5: warning: initialization discards 'const' qualifier from pointer target type [-Wdiscarded-qualifiers]
  477 |     gSunsSongItemNameGERTex,
      |     ^~~~~~~~~~~~~~~~~~~~~~~
/home/david/Documents/RockBox_Personal-master/devsrc/nano-soh-runtime/Shipwright/soh/src/overlays/misc/ovl_kaleido_scope/z_kaleido_scope_PAL.c:478:5: warning: initialization discards 'const' qualifier from pointer target type [-Wdiscarded-qualifiers]
  478 |     gSongOfTimeItemNameGERTex,
      |     ^~~~~~~~~~~~~~~~~~~~~~~~~
/home/david/Documents/RockBox_Personal-master/devsrc/nano-soh-runtime/Shipwright/soh/src/overlays/misc/ovl_kaleido_scope/z_kaleido_scope_PAL.c:479:5: warning: initialization discards 'const' qualifier from pointer target type [-Wdiscarded-qualifiers]
  479 |     gSongOfStormsItemNameGERTex,
      |     ^~~~~~~~~~~~~~~~~~~~~~~~~~~
/home/david/Documents/RockBox_Personal-master/devsrc/nano-soh-runtime/Shipwright/soh/src/overlays/misc/ovl_kaleido_scope/z_kaleido_scope_PAL.c:480:5: warning: initialization discards 'const' qualifier from pointer target type [-Wdiscarded-qualifiers]
  480 |     gForestMedallionItemNameGERTex,
      |     ^~~~~~~~~~~~~~~~~~~~~~~~~~~~~~
/home/david/Documents/RockBox_Personal-master/devsrc/nano-soh-runtime/Shipwright/soh/src/overlays/misc/ovl_kaleido_scope/z_kaleido_scope_PAL.c:481:5: warning: initialization discards 'const' qualifier from pointer target type [-Wdiscarded-qualifiers]
  481 |     gFireMedallionItemNameGERTex,
      |     ^~~~~~~~~~~~~~~~~~~~~~~~~~~~
/home/david/Documents/RockBox_Personal-master/devsrc/nano-soh-runtime/Shipwright/soh/src/overlays/misc/ovl_kaleido_scope/z_kaleido_scope_PAL.c:482:5: warning: initialization discards 'const' qualifier from pointer target type [-Wdiscarded-qualifiers]
  482 |     gWaterMedallionItemNameGERTex,
      |     ^~~~~~~~~~~~~~~~~~~~~~~~~~~~~
/home/david/Documents/RockBox_Personal-master/devsrc/nano-soh-runtime/Shipwright/soh/src/overlays/misc/ovl_kaleido_scope/z_kaleido_scope_PAL.c:483:5: warning: initialization discards 'const' qualifier from pointer target type [-Wdiscarded-qualifiers]
  483 |     gSpiritMedallionItemNameGERTex,
      |     ^~~~~~~~~~~~~~~~~~~~~~~~~~~~~~
/home/david/Documents/RockBox_Personal-master/devsrc/nano-soh-runtime/Shipwright/soh/src/overlays/misc/ovl_kaleido_scope/z_kaleido_scope_PAL.c:484:5: warning: initialization discards 'const' qualifier from pointer target type [-Wdiscarded-qualifiers]
  484 |     gShadowMedallionItemNameGERTex,
      |     ^~~~~~~~~~~~~~~~~~~~~~~~~~~~~~
/home/david/Documents/RockBox_Personal-master/devsrc/nano-soh-runtime/Shipwright/soh/src/overlays/misc/ovl_kaleido_scope/z_kaleido_scope_PAL.c:485:5: warning: initialization discards 'const' qualifier from pointer target type [-Wdiscarded-qualifiers]
  485 |     gLightMedallionItemNameGERTex,
      |     ^~~~~~~~~~~~~~~~~~~~~~~~~~~~~
/home/david/Documents/RockBox_Personal-master/devsrc/nano-soh-runtime/Shipwright/soh/src/overlays/misc/ovl_kaleido_scope/z_kaleido_scope_PAL.c:486:5: warning: initialization discards 'const' qualifier from pointer target type [-Wdiscarded-qualifiers]
  486 |     gKokiriEmeraldItemNameGERTex,
      |     ^~~~~~~~~~~~~~~~~~~~~~~~~~~~
/home/david/Documents/RockBox_Personal-master/devsrc/nano-soh-runtime/Shipwright/soh/src/overlays/misc/ovl_kaleido_scope/z_kaleido_scope_PAL.c:487:5: warning: initialization discards 'const' qualifier from pointer target type [-Wdiscarded-qualifiers]
  487 |     gGoronsRubyItemNameGERTex,
      |     ^~~~~~~~~~~~~~~~~~~~~~~~~
/home/david/Documents/RockBox_Personal-master/devsrc/nano-soh-runtime/Shipwright/soh/src/overlays/misc/ovl_kaleido_scope/z_kaleido_scope_PAL.c:488:5: warning: initialization discards 'const' qualifier from pointer target type [-Wdiscarded-qualifiers]
  488 |     gZorasSapphireItemNameGERTex,
      |     ^~~~~~~~~~~~~~~~~~~~~~~~~~~~
/home/david/Documents/RockBox_Personal-master/devsrc/nano-soh-runtime/Shipwright/soh/src/overlays/misc/ovl_kaleido_scope/z_kaleido_scope_PAL.c:489:5: warning: initialization discards 'const' qualifier from pointer target type [-Wdiscarded-qualifiers]
  489 |     gStoneofAgonyItemNameGERTex,
      |     ^~~~~~~~~~~~~~~~~~~~~~~~~~~
/home/david/Documents/RockBox_Personal-master/devsrc/nano-soh-runtime/Shipwright/soh/src/overlays/misc/ovl_kaleido_scope/z_kaleido_scope_PAL.c:490:5: warning: initialization discards 'const' qualifier from pointer target type [-Wdiscarded-qualifiers]
  490 |     gGerudosCardItemNameGERTex,
      |     ^~~~~~~~~~~~~~~~~~~~~~~~~~
/home/david/Documents/RockBox_Personal-master/devsrc/nano-soh-runtime/Shipwright/soh/src/overlays/misc/ovl_kaleido_scope/z_kaleido_scope_PAL.c:491:5: warning: initialization discards 'const' qualifier from pointer target type [-Wdiscarded-qualifiers]
  491 |     gGoldSkulltulaItemNameGERTex,
      |     ^~~~~~~~~~~~~~~~~~~~~~~~~~~~
/home/david/Documents/RockBox_Personal-master/devsrc/nano-soh-runtime/Shipwright/soh/src/overlays/misc/ovl_kaleido_scope/z_kaleido_scope_PAL.c:492:5: warning: initialization discards 'const' qualifier from pointer target type [-Wdiscarded-qualifiers]
  492 |     gHeartContainerItemNameGERTex,
      |     ^~~~~~~~~~~~~~~~~~~~~~~~~~~~~
/home/david/Documents/RockBox_Personal-master/devsrc/nano-soh-runtime/Shipwright/soh/src/overlays/misc/ovl_kaleido_scope/z_kaleido_scope_PAL.c:493:5: warning: initialization discards 'const' qualifier from pointer target type [-Wdiscarded-qualifiers]
  493 |     gUnusedPieceOfHeartItemName2JPNTex,
      |     ^~~~~~~~~~~~~~~~~~~~~~~~~~~~~~~~~~
/home/david/Documents/RockBox_Personal-master/devsrc/nano-soh-runtime/Shipwright/soh/src/overlays/misc/ovl_kaleido_scope/z_kaleido_scope_PAL.c:494:5: warning: initialization discards 'const' qualifier from pointer target type [-Wdiscarded-qualifiers]
  494 |     gBigKeyItemNameGERTex,
      |     ^~~~~~~~~~~~~~~~~~~~~
/home/david/Documents/RockBox_Personal-master/devsrc/nano-soh-runtime/Shipwright/soh/src/overlays/misc/ovl_kaleido_scope/z_kaleido_scope_PAL.c:495:5: warning: initialization discards 'const' qualifier from pointer target type [-Wdiscarded-qualifiers]
  495 |     gCompassItemNameGERTex,
      |     ^~~~~~~~~~~~~~~~~~~~~~
/home/david/Documents/RockBox_Personal-master/devsrc/nano-soh-runtime/Shipwright/soh/src/overlays/misc/ovl_kaleido_scope/z_kaleido_scope_PAL.c:496:5: warning: initialization discards 'const' qualifier from pointer target type [-Wdiscarded-qualifiers]
  496 |     gDungeonMapItemNameGERTex,
      |     ^~~~~~~~~~~~~~~~~~~~~~~~~
/home/david/Documents/RockBox_Personal-master/devsrc/nano-soh-runtime/Shipwright/soh/src/overlays/misc/ovl_kaleido_scope/z_kaleido_scope_PAL.c:497:5: warning: initialization discards 'const' qualifier from pointer target type [-Wdiscarded-qualifiers]
  497 |     gUnusedBossKeyItemName12JPNTex,
      |     ^~~~~~~~~~~~~~~~~~~~~~~~~~~~~~
/home/david/Documents/RockBox_Personal-master/devsrc/nano-soh-runtime/Shipwright/soh/src/overlays/misc/ovl_kaleido_scope/z_kaleido_scope_PAL.c:498:5: warning: initialization discards 'const' qualifier from pointer target type [-Wdiscarded-qualifiers]
  498 |     gUnusedBossKeyItemName13JPNTex,
      |     ^~~~~~~~~~~~~~~~~~~~~~~~~~~~~~
/home/david/Documents/RockBox_Personal-master/devsrc/nano-soh-runtime/Shipwright/soh/src/overlays/misc/ovl_kaleido_scope/z_kaleido_scope_PAL.c:499:5: warning: initialization discards 'const' qualifier from pointer target type [-Wdiscarded-qualifiers]
  499 |     gUnusedBossKeyItemName14JPNTex,
      |     ^~~~~~~~~~~~~~~~~~~~~~~~~~~~~~
/home/david/Documents/RockBox_Personal-master/devsrc/nano-soh-runtime/Shipwright/soh/src/overlays/misc/ovl_kaleido_scope/z_kaleido_scope_PAL.c:500:5: warning: initialization discards 'const' qualifier from pointer target type [-Wdiscarded-qualifiers]
  500 |     gBiggoronsSwordItemNameGERTex,
      |     ^~~~~~~~~~~~~~~~~~~~~~~~~~~~~
/home/david/Documents/RockBox_Personal-master/devsrc/nano-soh-runtime/Shipwright/soh/src/overlays/misc/ovl_kaleido_scope/z_kaleido_scope_PAL.c:502:5: warning: initialization discards 'const' qualifier from pointer target type [-Wdiscarded-qualifiers]
  502 |     gDekuStickItemNameFRATex,
      |     ^~~~~~~~~~~~~~~~~~~~~~~~
/home/david/Documents/RockBox_Personal-master/devsrc/nano-soh-runtime/Shipwright/soh/src/overlays/misc/ovl_kaleido_scope/z_kaleido_scope_PAL.c:503:5: warning: initialization discards 'const' qualifier from pointer target type [-Wdiscarded-qualifiers]
  503 |     gDekuNutItemNameFRATex,
      |     ^~~~~~~~~~~~~~~~~~~~~~
/home/david/Documents/RockBox_Personal-master/devsrc/nano-soh-runtime/Shipwright/soh/src/overlays/misc/ovl_kaleido_scope/z_kaleido_scope_PAL.c:504:5: warning: initialization discards 'const' qualifier from pointer target type [-Wdiscarded-qualifiers]
  504 |     gBombItemNameFRATex,
      |     ^~~~~~~~~~~~~~~~~~~
/home/david/Documents/RockBox_Personal-master/devsrc/nano-soh-runtime/Shipwright/soh/src/overlays/misc/ovl_kaleido_scope/z_kaleido_scope_PAL.c:505:5: warning: initialization discards 'const' qualifier from pointer target type [-Wdiscarded-qualifiers]
  505 |     gFairyBowItemNameFRATex,
      |     ^~~~~~~~~~~~~~~~~~~~~~~
/home/david/Documents/RockBox_Personal-master/devsrc/nano-soh-runtime/Shipwright/soh/src/overlays/misc/ovl_kaleido_scope/z_kaleido_scope_PAL.c:506:5: warning: initialization discards 'const' qualifier from pointer target type [-Wdiscarded-qualifiers]
  506 |     gFireArrowItemNameFRATex,
      |     ^~~~~~~~~~~~~~~~~~~~~~~~
/home/david/Documents/RockBox_Personal-master/devsrc/nano-soh-runtime/Shipwright/soh/src/overlays/misc/ovl_kaleido_scope/z_kaleido_scope_PAL.c:507:5: warning: initialization discards 'const' qualifier from pointer target type [-Wdiscarded-qualifiers]
  507 |     gDinsFireItemNameFRATex,
      |     ^~~~~~~~~~~~~~~~~~~~~~~
/home/david/Documents/RockBox_Personal-master/devsrc/nano-soh-runtime/Shipwright/soh/src/overlays/misc/ovl_kaleido_scope/z_kaleido_scope_PAL.c:508:5: warning: initialization discards 'const' qualifier from pointer target type [-Wdiscarded-qualifiers]
  508 |     gFairySlingshotItemNameFRATex,
      |     ^~~~~~~~~~~~~~~~~~~~~~~~~~~~~
/home/david/Documents/RockBox_Personal-master/devsrc/nano-soh-runtime/Shipwright/soh/src/overlays/misc/ovl_kaleido_scope/z_kaleido_scope_PAL.c:509:5: warning: initialization discards 'const' qualifier from pointer target type [-Wdiscarded-qualifiers]
  509 |     gFairyOcarinaItemNameFRATex,
      |     ^~~~~~~~~~~~~~~~~~~~~~~~~~~
/home/david/Documents/RockBox_Personal-master/devsrc/nano-soh-runtime/Shipwright/soh/src/overlays/misc/ovl_kaleido_scope/z_kaleido_scope_PAL.c:510:5: warning: initialization discards 'const' qualifier from pointer target type [-Wdiscarded-qualifiers]
  510 |     gOcarinaOfTimeItemNameFRATex,
      |     ^~~~~~~~~~~~~~~~~~~~~~~~~~~~
/home/david/Documents/RockBox_Personal-master/devsrc/nano-soh-runtime/Shipwright/soh/src/overlays/misc/ovl_kaleido_scope/z_kaleido_scope_PAL.c:511:5: warning: initialization discards 'const' qualifier from pointer target type [-Wdiscarded-qualifiers]
  511 |     gBombchuItemNameFRATex,
      |     ^~~~~~~~~~~~~~~~~~~~~~
/home/david/Documents/RockBox_Personal-master/devsrc/nano-soh-runtime/Shipwright/soh/src/overlays/misc/ovl_kaleido_scope/z_kaleido_scope_PAL.c:512:5: warning: initialization discards 'const' qualifier from pointer target type [-Wdiscarded-qualifiers]
  512 |     gHookshotItemNameFRATex,
      |     ^~~~~~~~~~~~~~~~~~~~~~~
/home/david/Documents/RockBox_Personal-master/devsrc/nano-soh-runtime/Shipwright/soh/src/overlays/misc/ovl_kaleido_scope/z_kaleido_scope_PAL.c:513:5: warning: initialization discards 'const' qualifier from pointer target type [-Wdiscarded-qualifiers]
  513 |     gLongshotItemNameFRATex,
      |     ^~~~~~~~~~~~~~~~~~~~~~~
/home/david/Documents/RockBox_Personal-master/devsrc/nano-soh-runtime/Shipwright/soh/src/overlays/misc/ovl_kaleido_scope/z_kaleido_scope_PAL.c:514:5: warning: initialization discards 'const' qualifier from pointer target type [-Wdiscarded-qualifiers]
  514 |     gIceArrowItemNameFRATex,
      |     ^~~~~~~~~~~~~~~~~~~~~~~
/home/david/Documents/RockBox_Personal-master/devsrc/nano-soh-runtime/Shipwright/soh/src/overlays/misc/ovl_kaleido_scope/z_kaleido_scope_PAL.c:515:5: warning: initialization discards 'const' qualifier from pointer target type [-Wdiscarded-qualifiers]
  515 |     gFaroresWindItemNameFRATex,
      |     ^~~~~~~~~~~~~~~~~~~~~~~~~~
/home/david/Documents/RockBox_Personal-master/devsrc/nano-soh-runtime/Shipwright/soh/src/overlays/misc/ovl_kaleido_scope/z_kaleido_scope_PAL.c:516:5: warning: initialization discards 'const' qualifier from pointer target type [-Wdiscarded-qualifiers]
  516 |     gBoomerangItemNameFRATex,
      |     ^~~~~~~~~~~~~~~~~~~~~~~~
/home/david/Documents/RockBox_Personal-master/devsrc/nano-soh-runtime/Shipwright/soh/src/overlays/misc/ovl_kaleido_scope/z_kaleido_scope_PAL.c:517:5: warning: initialization discards 'const' qualifier from pointer target type [-Wdiscarded-qualifiers]
  517 |     gLensItemNameFRATex,
      |     ^~~~~~~~~~~~~~~~~~~
/home/david/Documents/RockBox_Personal-master/devsrc/nano-soh-runtime/Shipwright/soh/src/overlays/misc/ovl_kaleido_scope/z_kaleido_scope_PAL.c:518:5: warning: initialization discards 'const' qualifier from pointer target type [-Wdiscarded-qualifiers]
  518 |     gMagicBeansItemNameFRATex,
      |     ^~~~~~~~~~~~~~~~~~~~~~~~~
/home/david/Documents/RockBox_Personal-master/devsrc/nano-soh-runtime/Shipwright/soh/src/overlays/misc/ovl_kaleido_scope/z_kaleido_scope_PAL.c:519:5: warning: initialization discards 'const' qualifier from pointer target type [-Wdiscarded-qualifiers]
  519 |     gMegatonHammerItemNameFRATex,
      |     ^~~~~~~~~~~~~~~~~~~~~~~~~~~~
/home/david/Documents/RockBox_Personal-master/devsrc/nano-soh-runtime/Shipwright/soh/src/overlays/misc/ovl_kaleido_scope/z_kaleido_scope_PAL.c:520:5: warning: initialization discards 'const' qualifier from pointer target type [-Wdiscarded-qualifiers]
  520 |     gLightArrowItemNameFRATex,
      |     ^~~~~~~~~~~~~~~~~~~~~~~~~
/home/david/Documents/RockBox_Personal-master/devsrc/nano-soh-runtime/Shipwright/soh/src/overlays/misc/ovl_kaleido_scope/z_kaleido_scope_PAL.c:521:5: warning: initialization discards 'const' qualifier from pointer target type [-Wdiscarded-qualifiers]
  521 |     gNayrusLoveItemNameFRATex,
      |     ^~~~~~~~~~~~~~~~~~~~~~~~~
/home/david/Documents/RockBox_Personal-master/devsrc/nano-soh-runtime/Shipwright/soh/src/overlays/misc/ovl_kaleido_scope/z_kaleido_scope_PAL.c:522:5: warning: initialization discards 'const' qualifier from pointer target type [-Wdiscarded-qualifiers]
  522 |     gEmptyBottleItemNameFRATex,
      |     ^~~~~~~~~~~~~~~~~~~~~~~~~~
/home/david/Documents/RockBox_Personal-master/devsrc/nano-soh-runtime/Shipwright/soh/src/overlays/misc/ovl_kaleido_scope/z_kaleido_scope_PAL.c:523:5: warning: initialization discards 'const' qualifier from pointer target type [-Wdiscarded-qualifiers]
  523 |     gRedPotionItemNameFRATex,
      |     ^~~~~~~~~~~~~~~~~~~~~~~~
/home/david/Documents/RockBox_Personal-master/devsrc/nano-soh-runtime/Shipwright/soh/src/overlays/misc/ovl_kaleido_scope/z_kaleido_scope_PAL.c:524:5: warning: initialization discards 'const' qualifier from pointer target type [-Wdiscarded-qualifiers]
  524 |     gGreenPotionItemNameFRATex,
      |     ^~~~~~~~~~~~~~~~~~~~~~~~~~
/home/david/Documents/RockBox_Personal-master/devsrc/nano-soh-runtime/Shipwright/soh/src/overlays/misc/ovl_kaleido_scope/z_kaleido_scope_PAL.c:525:5: warning: initialization discards 'const' qualifier from pointer target type [-Wdiscarded-qualifiers]
  525 |     gBluePotionItemNameFRATex,
      |     ^~~~~~~~~~~~~~~~~~~~~~~~~
/home/david/Documents/RockBox_Personal-master/devsrc/nano-soh-runtime/Shipwright/soh/src/overlays/misc/ovl_kaleido_scope/z_kaleido_scope_PAL.c:526:5: warning: initialization discards 'const' qualifier from pointer target type [-Wdiscarded-qualifiers]
  526 |     gBottledFairyItemNameFRATex,
      |     ^~~~~~~~~~~~~~~~~~~~~~~~~~~
/home/david/Documents/RockBox_Personal-master/devsrc/nano-soh-runtime/Shipwright/soh/src/overlays/misc/ovl_kaleido_scope/z_kaleido_scope_PAL.c:527:5: warning: initialization discards 'const' qualifier from pointer target type [-Wdiscarded-qualifiers]
  527 |     gFishItemNameFRATex,
      |     ^~~~~~~~~~~~~~~~~~~
/home/david/Documents/RockBox_Personal-master/devsrc/nano-soh-runtime/Shipwright/soh/src/overlays/misc/ovl_kaleido_scope/z_kaleido_scope_PAL.c:528:5: warning: initialization discards 'const' qualifier from pointer target type [-Wdiscarded-qualifiers]
  528 |     gFullMilkItemNameFRATex,
      |     ^~~~~~~~~~~~~~~~~~~~~~~
/home/david/Documents/RockBox_Personal-master/devsrc/nano-soh-runtime/Shipwright/soh/src/overlays/misc/ovl_kaleido_scope/z_kaleido_scope_PAL.c:529:5: warning: initialization discards 'const' qualifier from pointer target type [-Wdiscarded-qualifiers]
  529 |     gRutosLetterItemNameFRATex,
      |     ^~~~~~~~~~~~~~~~~~~~~~~~~~
/home/david/Documents/RockBox_Personal-master/devsrc/nano-soh-runtime/Shipwright/soh/src/overlays/misc/ovl_kaleido_scope/z_kaleido_scope_PAL.c:530:5: warning: initialization discards 'const' qualifier from pointer target type [-Wdiscarded-qualifiers]
  530 |     gBlueFireItemNameFRATex,
      |     ^~~~~~~~~~~~~~~~~~~~~~~
/home/david/Documents/RockBox_Personal-master/devsrc/nano-soh-runtime/Shipwright/soh/src/overlays/misc/ovl_kaleido_scope/z_kaleido_scope_PAL.c:531:5: warning: initialization discards 'const' qualifier from pointer target type [-Wdiscarded-qualifiers]
  531 |     gBugItemNameFRATex,
      |     ^~~~~~~~~~~~~~~~~~
/home/david/Documents/RockBox_Personal-master/devsrc/nano-soh-runtime/Shipwright/soh/src/overlays/misc/ovl_kaleido_scope/z_kaleido_scope_PAL.c:532:5: warning: initialization discards 'const' qualifier from pointer target type [-Wdiscarded-qualifiers]
  532 |     gBigPoeItemNameFRATex,
      |     ^~~~~~~~~~~~~~~~~~~~~
/home/david/Documents/RockBox_Personal-master/devsrc/nano-soh-runtime/Shipwright/soh/src/overlays/misc/ovl_kaleido_scope/z_kaleido_scope_PAL.c:533:5: warning: initialization discards 'const' qualifier from pointer target type [-Wdiscarded-qualifiers]
  533 |     gHalfMilkItemNameFRATex,
      |     ^~~~~~~~~~~~~~~~~~~~~~~
/home/david/Documents/RockBox_Personal-master/devsrc/nano-soh-runtime/Shipwright/soh/src/overlays/misc/ovl_kaleido_scope/z_kaleido_scope_PAL.c:534:5: warning: initialization discards 'const' qualifier from pointer target type [-Wdiscarded-qualifiers]
  534 |     gPoeItemNameFRATex,
      |     ^~~~~~~~~~~~~~~~~~
/home/david/Documents/RockBox_Personal-master/devsrc/nano-soh-runtime/Shipwright/soh/src/overlays/misc/ovl_kaleido_scope/z_kaleido_scope_PAL.c:535:5: warning: initialization discards 'const' qualifier from pointer target type [-Wdiscarded-qualifiers]
  535 |     gWeirdEggItemNameFRATex,
      |     ^~~~~~~~~~~~~~~~~~~~~~~
/home/david/Documents/RockBox_Personal-master/devsrc/nano-soh-runtime/Shipwright/soh/src/overlays/misc/ovl_kaleido_scope/z_kaleido_scope_PAL.c:536:5: warning: initialization discards 'const' qualifier from pointer target type [-Wdiscarded-qualifiers]
  536 |     gCuccoItemNameFRATex,
      |     ^~~~~~~~~~~~~~~~~~~~
/home/david/Documents/RockBox_Personal-master/devsrc/nano-soh-runtime/Shipwright/soh/src/overlays/misc/ovl_kaleido_scope/z_kaleido_scope_PAL.c:537:5: warning: initialization discards 'const' qualifier from pointer target type [-Wdiscarded-qualifiers]
  537 |     gZeldasLetterItemNameFRATex,
      |     ^~~~~~~~~~~~~~~~~~~~~~~~~~~
/home/david/Documents/RockBox_Personal-master/devsrc/nano-soh-runtime/Shipwright/soh/src/overlays/misc/ovl_kaleido_scope/z_kaleido_scope_PAL.c:538:5: warning: initialization discards 'const' qualifier from pointer target type [-Wdiscarded-qualifiers]
  538 |     gKeatonMaskItemNameFRATex,
      |     ^~~~~~~~~~~~~~~~~~~~~~~~~
/home/david/Documents/RockBox_Personal-master/devsrc/nano-soh-runtime/Shipwright/soh/src/overlays/misc/ovl_kaleido_scope/z_kaleido_scope_PAL.c:539:5: warning: initialization discards 'const' qualifier from pointer target type [-Wdiscarded-qualifiers]
  539 |     gSkullMaskItemNameFRATex,
      |     ^~~~~~~~~~~~~~~~~~~~~~~~
/home/david/Documents/RockBox_Personal-master/devsrc/nano-soh-runtime/Shipwright/soh/src/overlays/misc/ovl_kaleido_scope/z_kaleido_scope_PAL.c:540:5: warning: initialization discards 'const' qualifier from pointer target type [-Wdiscarded-qualifiers]
  540 |     gSpookyMaskItemNameFRATex,
      |     ^~~~~~~~~~~~~~~~~~~~~~~~~
/home/david/Documents/RockBox_Personal-master/devsrc/nano-soh-runtime/Shipwright/soh/src/overlays/misc/ovl_kaleido_scope/z_kaleido_scope_PAL.c:541:5: warning: initialization discards 'const' qualifier from pointer target type [-Wdiscarded-qualifiers]
  541 |     gBunnyHoodItemNameFRATex,
      |     ^~~~~~~~~~~~~~~~~~~~~~~~
/home/david/Documents/RockBox_Personal-master/devsrc/nano-soh-runtime/Shipwright/soh/src/overlays/misc/ovl_kaleido_scope/z_kaleido_scope_PAL.c:542:5: warning: initialization discards 'const' qualifier from pointer target type [-Wdiscarded-qualifiers]
  542 |     gGoronMaskItemNameFRATex,
      |     ^~~~~~~~~~~~~~~~~~~~~~~~
/home/david/Documents/RockBox_Personal-master/devsrc/nano-soh-runtime/Shipwright/soh/src/overlays/misc/ovl_kaleido_scope/z_kaleido_scope_PAL.c:543:5: warning: initialization discards 'const' qualifier from pointer target type [-Wdiscarded-qualifiers]
  543 |     gZoraMaskItemNameFRATex,
      |     ^~~~~~~~~~~~~~~~~~~~~~~
/home/david/Documents/RockBox_Personal-master/devsrc/nano-soh-runtime/Shipwright/soh/src/overlays/misc/ovl_kaleido_scope/z_kaleido_scope_PAL.c:544:5: warning: initialization discards 'const' qualifier from pointer target type [-Wdiscarded-qualifiers]
  544 |     gGerudoMaskItemNameFRATex,
      |     ^~~~~~~~~~~~~~~~~~~~~~~~~
/home/david/Documents/RockBox_Personal-master/devsrc/nano-soh-runtime/Shipwright/soh/src/overlays/misc/ovl_kaleido_scope/z_kaleido_scope_PAL.c:545:5: warning: initialization discards 'const' qualifier from pointer target type [-Wdiscarded-qualifiers]
  545 |     gMaskofTruthItemNameFRATex,
      |     ^~~~~~~~~~~~~~~~~~~~~~~~~~
/home/david/Documents/RockBox_Personal-master/devsrc/nano-soh-runtime/Shipwright/soh/src/overlays/misc/ovl_kaleido_scope/z_kaleido_scope_PAL.c:546:5: warning: initialization discards 'const' qualifier from pointer target type [-Wdiscarded-qualifiers]
  546 |     gSOLDOUTItemNameFRATex,
      |     ^~~~~~~~~~~~~~~~~~~~~~
/home/david/Documents/RockBox_Personal-master/devsrc/nano-soh-runtime/Shipwright/soh/src/overlays/misc/ovl_kaleido_scope/z_kaleido_scope_PAL.c:547:5: warning: initialization discards 'const' qualifier from pointer target type [-Wdiscarded-qualifiers]
  547 |     gPocketEggItemNameFRATex,
      |     ^~~~~~~~~~~~~~~~~~~~~~~~
/home/david/Documents/RockBox_Personal-master/devsrc/nano-soh-runtime/Shipwright/soh/src/overlays/misc/ovl_kaleido_scope/z_kaleido_scope_PAL.c:548:5: warning: initialization discards 'const' qualifier from pointer target type [-Wdiscarded-qualifiers]
  548 |     gPocketCuccoItemNameFRATex,
      |     ^~~~~~~~~~~~~~~~~~~~~~~~~~
/home/david/Documents/RockBox_Personal-master/devsrc/nano-soh-runtime/Shipwright/soh/src/overlays/misc/ovl_kaleido_scope/z_kaleido_scope_PAL.c:549:5: warning: initialization discards 'const' qualifier from pointer target type [-Wdiscarded-qualifiers]
  549 |     gCojiroItemNameFRATex,
      |     ^~~~~~~~~~~~~~~~~~~~~
/home/david/Documents/RockBox_Personal-master/devsrc/nano-soh-runtime/Shipwright/soh/src/overlays/misc/ovl_kaleido_scope/z_kaleido_scope_PAL.c:550:5: warning: initialization discards 'const' qualifier from pointer target type [-Wdiscarded-qualifiers]
  550 |     gOddMushroomItemNameFRATex,
      |     ^~~~~~~~~~~~~~~~~~~~~~~~~~
/home/david/Documents/RockBox_Personal-master/devsrc/nano-soh-runtime/Shipwright/soh/src/overlays/misc/ovl_kaleido_scope/z_kaleido_scope_PAL.c:551:5: warning: initialization discards 'const' qualifier from pointer target type [-Wdiscarded-qualifiers]
  551 |     gOddPotionItemNameFRATex,
      |     ^~~~~~~~~~~~~~~~~~~~~~~~
/home/david/Documents/RockBox_Personal-master/devsrc/nano-soh-runtime/Shipwright/soh/src/overlays/misc/ovl_kaleido_scope/z_kaleido_scope_PAL.c:552:5: warning: initialization discards 'const' qualifier from pointer target type [-Wdiscarded-qualifiers]
  552 |     gPoachersSawItemNameFRATex,
      |     ^~~~~~~~~~~~~~~~~~~~~~~~~~
/home/david/Documents/RockBox_Personal-master/devsrc/nano-soh-runtime/Shipwright/soh/src/overlays/misc/ovl_kaleido_scope/z_kaleido_scope_PAL.c:553:5: warning: initialization discards 'const' qualifier from pointer target type [-Wdiscarded-qualifiers]
  553 |     gBrokenGoronsSwordItemNameFRATex,
      |     ^~~~~~~~~~~~~~~~~~~~~~~~~~~~~~~~
/home/david/Documents/RockBox_Personal-master/devsrc/nano-soh-runtime/Shipwright/soh/src/overlays/misc/ovl_kaleido_scope/z_kaleido_scope_PAL.c:554:5: warning: initialization discards 'const' qualifier from pointer target type [-Wdiscarded-qualifiers]
  554 |     gPrescriptionItemNameFRATex,
      |     ^~~~~~~~~~~~~~~~~~~~~~~~~~~
/home/david/Documents/RockBox_Personal-master/devsrc/nano-soh-runtime/Shipwright/soh/src/overlays/misc/ovl_kaleido_scope/z_kaleido_scope_PAL.c:555:5: warning: initialization discards 'const' qualifier from pointer target type [-Wdiscarded-qualifiers]
  555 |     gEyeBallFrogItemNameFRATex,
      |     ^~~~~~~~~~~~~~~~~~~~~~~~~~
/home/david/Documents/RockBox_Personal-master/devsrc/nano-soh-runtime/Shipwright/soh/src/overlays/misc/ovl_kaleido_scope/z_kaleido_scope_PAL.c:556:5: warning: initialization discards 'const' qualifier from pointer target type [-Wdiscarded-qualifiers]
  556 |     gEyeDropsItemNameFRATex,
      |     ^~~~~~~~~~~~~~~~~~~~~~~
/home/david/Documents/RockBox_Personal-master/devsrc/nano-soh-runtime/Shipwright/soh/src/overlays/misc/ovl_kaleido_scope/z_kaleido_scope_PAL.c:557:5: warning: initialization discards 'const' qualifier from pointer target type [-Wdiscarded-qualifiers]
  557 |     gClaimCheckItemNameFRATex,
      |     ^~~~~~~~~~~~~~~~~~~~~~~~~
/home/david/Documents/RockBox_Personal-master/devsrc/nano-soh-runtime/Shipwright/soh/src/overlays/misc/ovl_kaleido_scope/z_kaleido_scope_PAL.c:558:5: warning: initialization discards 'const' qualifier from pointer target type [-Wdiscarded-qualifiers]
  558 |     gUnusedWindMedallionItemName3JPNTex,
      |     ^~~~~~~~~~~~~~~~~~~~~~~~~~~~~~~~~~~
/home/david/Documents/RockBox_Personal-master/devsrc/nano-soh-runtime/Shipwright/soh/src/overlays/misc/ovl_kaleido_scope/z_kaleido_scope_PAL.c:559:5: warning: initialization discards 'const' qualifier from pointer target type [-Wdiscarded-qualifiers]
  559 |     gUnusedFireMedallionItemName3JPNTex,
      |     ^~~~~~~~~~~~~~~~~~~~~~~~~~~~~~~~~~~
/home/david/Documents/RockBox_Personal-master/devsrc/nano-soh-runtime/Shipwright/soh/src/overlays/misc/ovl_kaleido_scope/z_kaleido_scope_PAL.c:560:5: warning: initialization discards 'const' qualifier from pointer target type [-Wdiscarded-qualifiers]
  560 |     gUnusedIceMedallionItemName3JPNTex,
      |     ^~~~~~~~~~~~~~~~~~~~~~~~~~~~~~~~~~
/home/david/Documents/RockBox_Personal-master/devsrc/nano-soh-runtime/Shipwright/soh/src/overlays/misc/ovl_kaleido_scope/z_kaleido_scope_PAL.c:561:5: warning: initialization discards 'const' qualifier from pointer target type [-Wdiscarded-qualifiers]
  561 |     gKokiriSwordItemNameFRATex,
      |     ^~~~~~~~~~~~~~~~~~~~~~~~~~
/home/david/Documents/RockBox_Personal-master/devsrc/nano-soh-runtime/Shipwright/soh/src/overlays/misc/ovl_kaleido_scope/z_kaleido_scope_PAL.c:562:5: warning: initialization discards 'const' qualifier from pointer target type [-Wdiscarded-qualifiers]
  562 |     gMasterSwordItemNameFRATex,
      |     ^~~~~~~~~~~~~~~~~~~~~~~~~~
/home/david/Documents/RockBox_Personal-master/devsrc/nano-soh-runtime/Shipwright/soh/src/overlays/misc/ovl_kaleido_scope/z_kaleido_scope_PAL.c:563:5: warning: initialization discards 'const' qualifier from pointer target type [-Wdiscarded-qualifiers]
  563 |     gGiantsKnifeItemNameFRATex,
      |     ^~~~~~~~~~~~~~~~~~~~~~~~~~
/home/david/Documents/RockBox_Personal-master/devsrc/nano-soh-runtime/Shipwright/soh/src/overlays/misc/ovl_kaleido_scope/z_kaleido_scope_PAL.c:564:5: warning: initialization discards 'const' qualifier from pointer target type [-Wdiscarded-qualifiers]
  564 |     gDekuShieldItemNameFRATex,
      |     ^~~~~~~~~~~~~~~~~~~~~~~~~
/home/david/Documents/RockBox_Personal-master/devsrc/nano-soh-runtime/Shipwright/soh/src/overlays/misc/ovl_kaleido_scope/z_kaleido_scope_PAL.c:565:5: warning: initialization discards 'const' qualifier from pointer target type [-Wdiscarded-qualifiers]
  565 |     gHylianShieldItemNameFRATex,
      |     ^~~~~~~~~~~~~~~~~~~~~~~~~~~
/home/david/Documents/RockBox_Personal-master/devsrc/nano-soh-runtime/Shipwright/soh/src/overlays/misc/ovl_kaleido_scope/z_kaleido_scope_PAL.c:566:5: warning: initialization discards 'const' qualifier from pointer target type [-Wdiscarded-qualifiers]
  566 |     gMirrorShieldItemNameFRATex,
      |     ^~~~~~~~~~~~~~~~~~~~~~~~~~~
/home/david/Documents/RockBox_Personal-master/devsrc/nano-soh-runtime/Shipwright/soh/src/overlays/misc/ovl_kaleido_scope/z_kaleido_scope_PAL.c:567:5: warning: initialization discards 'const' qualifier from pointer target type [-Wdiscarded-qualifiers]
  567 |     gKokiriTunicItemNameFRATex,
      |     ^~~~~~~~~~~~~~~~~~~~~~~~~~
/home/david/Documents/RockBox_Personal-master/devsrc/nano-soh-runtime/Shipwright/soh/src/overlays/misc/ovl_kaleido_scope/z_kaleido_scope_PAL.c:568:5: warning: initialization discards 'const' qualifier from pointer target type [-Wdiscarded-qualifiers]
  568 |     gGoronTunicItemNameFRATex,
      |     ^~~~~~~~~~~~~~~~~~~~~~~~~
/home/david/Documents/RockBox_Personal-master/devsrc/nano-soh-runtime/Shipwright/soh/src/overlays/misc/ovl_kaleido_scope/z_kaleido_scope_PAL.c:569:5: warning: initialization discards 'const' qualifier from pointer target type [-Wdiscarded-qualifiers]
  569 |     gZoraTunicItemNameFRATex,
      |     ^~~~~~~~~~~~~~~~~~~~~~~~
/home/david/Documents/RockBox_Personal-master/devsrc/nano-soh-runtime/Shipwright/soh/src/overlays/misc/ovl_kaleido_scope/z_kaleido_scope_PAL.c:570:5: warning: initialization discards 'const' qualifier from pointer target type [-Wdiscarded-qualifiers]
  570 |     gKokiriBootsItemNameFRATex,
      |     ^~~~~~~~~~~~~~~~~~~~~~~~~~
/home/david/Documents/RockBox_Personal-master/devsrc/nano-soh-runtime/Shipwright/soh/src/overlays/misc/ovl_kaleido_scope/z_kaleido_scope_PAL.c:571:5: warning: initialization discards 'const' qualifier from pointer target type [-Wdiscarded-qualifiers]
  571 |     gIronBootsItemNameFRATex,
      |     ^~~~~~~~~~~~~~~~~~~~~~~~
/home/david/Documents/RockBox_Personal-master/devsrc/nano-soh-runtime/Shipwright/soh/src/overlays/misc/ovl_kaleido_scope/z_kaleido_scope_PAL.c:572:5: warning: initialization discards 'const' qualifier from pointer target type [-Wdiscarded-qualifiers]
  572 |     gHoverBootsItemNameFRATex,
      |     ^~~~~~~~~~~~~~~~~~~~~~~~~
/home/david/Documents/RockBox_Personal-master/devsrc/nano-soh-runtime/Shipwright/soh/src/overlays/misc/ovl_kaleido_scope/z_kaleido_scope_PAL.c:573:5: warning: initialization discards 'const' qualifier from pointer target type [-Wdiscarded-qualifiers]
  573 |     gBulletBag30ItemNameFRATex,
      |     ^~~~~~~~~~~~~~~~~~~~~~~~~~
/home/david/Documents/RockBox_Personal-master/devsrc/nano-soh-runtime/Shipwright/soh/src/overlays/misc/ovl_kaleido_scope/z_kaleido_scope_PAL.c:574:5: warning: initialization discards 'const' qualifier from pointer target type [-Wdiscarded-qualifiers]
  574 |     gBulletBag40ItemNameFRATex,
      |     ^~~~~~~~~~~~~~~~~~~~~~~~~~
/home/david/Documents/RockBox_Personal-master/devsrc/nano-soh-runtime/Shipwright/soh/src/overlays/misc/ovl_kaleido_scope/z_kaleido_scope_PAL.c:575:5: warning: initialization discards 'const' qualifier from pointer target type [-Wdiscarded-qualifiers]
  575 |     gBulletBag50ItemNameFRATex,
      |     ^~~~~~~~~~~~~~~~~~~~~~~~~~
/home/david/Documents/RockBox_Personal-master/devsrc/nano-soh-runtime/Shipwright/soh/src/overlays/misc/ovl_kaleido_scope/z_kaleido_scope_PAL.c:576:5: warning: initialization discards 'const' qualifier from pointer target type [-Wdiscarded-qualifiers]
  576 |     gQuiver30ItemNameFRATex,
      |     ^~~~~~~~~~~~~~~~~~~~~~~
/home/david/Documents/RockBox_Personal-master/devsrc/nano-soh-runtime/Shipwright/soh/src/overlays/misc/ovl_kaleido_scope/z_kaleido_scope_PAL.c:577:5: warning: initialization discards 'const' qualifier from pointer target type [-Wdiscarded-qualifiers]
  577 |     gQuiver40ItemNameFRATex,
      |     ^~~~~~~~~~~~~~~~~~~~~~~
/home/david/Documents/RockBox_Personal-master/devsrc/nano-soh-runtime/Shipwright/soh/src/overlays/misc/ovl_kaleido_scope/z_kaleido_scope_PAL.c:578:5: warning: initialization discards 'const' qualifier from pointer target type [-Wdiscarded-qualifiers]
  578 |     gQuiver50ItemNameFRATex,
      |     ^~~~~~~~~~~~~~~~~~~~~~~
/home/david/Documents/RockBox_Personal-master/devsrc/nano-soh-runtime/Shipwright/soh/src/overlays/misc/ovl_kaleido_scope/z_kaleido_scope_PAL.c:579:5: warning: initialization discards 'const' qualifier from pointer target type [-Wdiscarded-qualifiers]
  579 |     gBombBag20ItemNameFRATex,
      |     ^~~~~~~~~~~~~~~~~~~~~~~~
/home/david/Documents/RockBox_Personal-master/devsrc/nano-soh-runtime/Shipwright/soh/src/overlays/misc/ovl_kaleido_scope/z_kaleido_scope_PAL.c:580:5: warning: initialization discards 'const' qualifier from pointer target type [-Wdiscarded-qualifiers]
  580 |     gBombBag30ItemNameFRATex,
      |     ^~~~~~~~~~~~~~~~~~~~~~~~
/home/david/Documents/RockBox_Personal-master/devsrc/nano-soh-runtime/Shipwright/soh/src/overlays/misc/ovl_kaleido_scope/z_kaleido_scope_PAL.c:581:5: warning: initialization discards 'const' qualifier from pointer target type [-Wdiscarded-qualifiers]
  581 |     gBombBag40ItemNameFRATex,
      |     ^~~~~~~~~~~~~~~~~~~~~~~~
/home/david/Documents/RockBox_Personal-master/devsrc/nano-soh-runtime/Shipwright/soh/src/overlays/misc/ovl_kaleido_scope/z_kaleido_scope_PAL.c:582:5: warning: initialization discards 'const' qualifier from pointer target type [-Wdiscarded-qualifiers]
  582 |     gGoronsBraceletItemNameFRATex,
      |     ^~~~~~~~~~~~~~~~~~~~~~~~~~~~~
/home/david/Documents/RockBox_Personal-master/devsrc/nano-soh-runtime/Shipwright/soh/src/overlays/misc/ovl_kaleido_scope/z_kaleido_scope_PAL.c:583:5: warning: initialization discards 'const' qualifier from pointer target type [-Wdiscarded-qualifiers]
  583 |     gSilverGauntletsItemNameFRATex,
      |     ^~~~~~~~~~~~~~~~~~~~~~~~~~~~~~
/home/david/Documents/RockBox_Personal-master/devsrc/nano-soh-runtime/Shipwright/soh/src/overlays/misc/ovl_kaleido_scope/z_kaleido_scope_PAL.c:584:5: warning: initialization discards 'const' qualifier from pointer target type [-Wdiscarded-qualifiers]
  584 |     gGoldenGauntletsItemNameFRATex,
      |     ^~~~~~~~~~~~~~~~~~~~~~~~~~~~~~
/home/david/Documents/RockBox_Personal-master/devsrc/nano-soh-runtime/Shipwright/soh/src/overlays/misc/ovl_kaleido_scope/z_kaleido_scope_PAL.c:585:5: warning: initialization discards 'const' qualifier from pointer target type [-Wdiscarded-qualifiers]
  585 |     gSilverScaleItemNameFRATex,
      |     ^~~~~~~~~~~~~~~~~~~~~~~~~~
/home/david/Documents/RockBox_Personal-master/devsrc/nano-soh-runtime/Shipwright/soh/src/overlays/misc/ovl_kaleido_scope/z_kaleido_scope_PAL.c:586:5: warning: initialization discards 'const' qualifier from pointer target type [-Wdiscarded-qualifiers]
  586 |     gGoldenScaleItemNameFRATex,
      |     ^~~~~~~~~~~~~~~~~~~~~~~~~~
/home/david/Documents/RockBox_Personal-master/devsrc/nano-soh-runtime/Shipwright/soh/src/overlays/misc/ovl_kaleido_scope/z_kaleido_scope_PAL.c:587:5: warning: initialization discards 'const' qualifier from pointer target type [-Wdiscarded-qualifiers]
  587 |     gBrokenGiantsKnifeItemNameFRATex,
      |     ^~~~~~~~~~~~~~~~~~~~~~~~~~~~~~~~
/home/david/Documents/RockBox_Personal-master/devsrc/nano-soh-runtime/Shipwright/soh/src/overlays/misc/ovl_kaleido_scope/z_kaleido_scope_PAL.c:588:5: warning: initialization discards 'const' qualifier from pointer target type [-Wdiscarded-qualifiers]
  588 |     gUnusedBossKeyItemName15JPNTex,
      |     ^~~~~~~~~~~~~~~~~~~~~~~~~~~~~~
/home/david/Documents/RockBox_Personal-master/devsrc/nano-soh-runtime/Shipwright/soh/src/overlays/misc/ovl_kaleido_scope/z_kaleido_scope_PAL.c:589:5: warning: initialization discards 'const' qualifier from pointer target type [-Wdiscarded-qualifiers]
  589 |     gUnusedBossKeyItemName16JPNTex,
      |     ^~~~~~~~~~~~~~~~~~~~~~~~~~~~~~
/home/david/Documents/RockBox_Personal-master/devsrc/nano-soh-runtime/Shipwright/soh/src/overlays/misc/ovl_kaleido_scope/z_kaleido_scope_PAL.c:590:5: warning: initialization discards 'const' qualifier from pointer target type [-Wdiscarded-qualifiers]
  590 |     gUnusedBossKeyItemName17JPNTex,
      |     ^~~~~~~~~~~~~~~~~~~~~~~~~~~~~~
/home/david/Documents/RockBox_Personal-master/devsrc/nano-soh-runtime/Shipwright/soh/src/overlays/misc/ovl_kaleido_scope/z_kaleido_scope_PAL.c:591:5: warning: initialization discards 'const' qualifier from pointer target type [-Wdiscarded-qualifiers]
  591 |     gUnusedBossKeyItemName18JPNTex,
      |     ^~~~~~~~~~~~~~~~~~~~~~~~~~~~~~
/home/david/Documents/RockBox_Personal-master/devsrc/nano-soh-runtime/Shipwright/soh/src/overlays/misc/ovl_kaleido_scope/z_kaleido_scope_PAL.c:592:5: warning: initialization discards 'const' qualifier from pointer target type [-Wdiscarded-qualifiers]
  592 |     gMinuetOfForestItemNameFRATex,
      |     ^~~~~~~~~~~~~~~~~~~~~~~~~~~~~
/home/david/Documents/RockBox_Personal-master/devsrc/nano-soh-runtime/Shipwright/soh/src/overlays/misc/ovl_kaleido_scope/z_kaleido_scope_PAL.c:593:5: warning: initialization discards 'const' qualifier from pointer target type [-Wdiscarded-qualifiers]
  593 |     gBoleroOfFireItemNameFRATex,
      |     ^~~~~~~~~~~~~~~~~~~~~~~~~~~
/home/david/Documents/RockBox_Personal-master/devsrc/nano-soh-runtime/Shipwright/soh/src/overlays/misc/ovl_kaleido_scope/z_kaleido_scope_PAL.c:594:5: warning: initialization discards 'const' qualifier from pointer target type [-Wdiscarded-qualifiers]
  594 |     gSerenadeOfWaterItemNameFRATex,
      |     ^~~~~~~~~~~~~~~~~~~~~~~~~~~~~~
/home/david/Documents/RockBox_Personal-master/devsrc/nano-soh-runtime/Shipwright/soh/src/overlays/misc/ovl_kaleido_scope/z_kaleido_scope_PAL.c:595:5: warning: initialization discards 'const' qualifier from pointer target type [-Wdiscarded-qualifiers]
  595 |     gRequiemOfSpiritItemNameFRATex,
      |     ^~~~~~~~~~~~~~~~~~~~~~~~~~~~~~
/home/david/Documents/RockBox_Personal-master/devsrc/nano-soh-runtime/Shipwright/soh/src/overlays/misc/ovl_kaleido_scope/z_kaleido_scope_PAL.c:596:5: warning: initialization discards 'const' qualifier from pointer target type [-Wdiscarded-qualifiers]
  596 |     gNocturneOfShadowItemNameFRATex,
      |     ^~~~~~~~~~~~~~~~~~~~~~~~~~~~~~~
/home/david/Documents/RockBox_Personal-master/devsrc/nano-soh-runtime/Shipwright/soh/src/overlays/misc/ovl_kaleido_scope/z_kaleido_scope_PAL.c:597:5: warning: initialization discards 'const' qualifier from pointer target type [-Wdiscarded-qualifiers]
  597 |     gPreludeOfLightItemNameFRATex,
      |     ^~~~~~~~~~~~~~~~~~~~~~~~~~~~~
/home/david/Documents/RockBox_Personal-master/devsrc/nano-soh-runtime/Shipwright/soh/src/overlays/misc/ovl_kaleido_scope/z_kaleido_scope_PAL.c:598:5: warning: initialization discards 'const' qualifier from pointer target type [-Wdiscarded-qualifiers]
  598 |     gZeldasLullabyItemNameFRATex,
      |     ^~~~~~~~~~~~~~~~~~~~~~~~~~~~
/home/david/Documents/RockBox_Personal-master/devsrc/nano-soh-runtime/Shipwright/soh/src/overlays/misc/ovl_kaleido_scope/z_kaleido_scope_PAL.c:599:5: warning: initialization discards 'const' qualifier from pointer target type [-Wdiscarded-qualifiers]
  599 |     gEponasSongItemNameFRATex,
      |     ^~~~~~~~~~~~~~~~~~~~~~~~~
/home/david/Documents/RockBox_Personal-master/devsrc/nano-soh-runtime/Shipwright/soh/src/overlays/misc/ovl_kaleido_scope/z_kaleido_scope_PAL.c:600:5: warning: initialization discards 'const' qualifier from pointer target type [-Wdiscarded-qualifiers]
  600 |     gSariasSongItemNameFRATex,
      |     ^~~~~~~~~~~~~~~~~~~~~~~~~
/home/david/Documents/RockBox_Personal-master/devsrc/nano-soh-runtime/Shipwright/soh/src/overlays/misc/ovl_kaleido_scope/z_kaleido_scope_PAL.c:601:5: warning: initialization discards 'const' qualifier from pointer target type [-Wdiscarded-qualifiers]
  601 |     gSunsSongItemNameFRATex,
      |     ^~~~~~~~~~~~~~~~~~~~~~~
/home/david/Documents/RockBox_Personal-master/devsrc/nano-soh-runtime/Shipwright/soh/src/overlays/misc/ovl_kaleido_scope/z_kaleido_scope_PAL.c:602:5: warning: initialization discards 'const' qualifier from pointer target type [-Wdiscarded-qualifiers]
  602 |     gSongOfTimeItemNameFRATex,
      |     ^~~~~~~~~~~~~~~~~~~~~~~~~
/home/david/Documents/RockBox_Personal-master/devsrc/nano-soh-runtime/Shipwright/soh/src/overlays/misc/ovl_kaleido_scope/z_kaleido_scope_PAL.c:603:5: warning: initialization discards 'const' qualifier from pointer target type [-Wdiscarded-qualifiers]
  603 |     gSongOfStormsItemNameFRATex,
      |     ^~~~~~~~~~~~~~~~~~~~~~~~~~~
/home/david/Documents/RockBox_Personal-master/devsrc/nano-soh-runtime/Shipwright/soh/src/overlays/misc/ovl_kaleido_scope/z_kaleido_scope_PAL.c:604:5: warning: initialization discards 'const' qualifier from pointer target type [-Wdiscarded-qualifiers]
  604 |     gForestMedallionItemNameFRATex,
      |     ^~~~~~~~~~~~~~~~~~~~~~~~~~~~~~
/home/david/Documents/RockBox_Personal-master/devsrc/nano-soh-runtime/Shipwright/soh/src/overlays/misc/ovl_kaleido_scope/z_kaleido_scope_PAL.c:605:5: warning: initialization discards 'const' qualifier from pointer target type [-Wdiscarded-qualifiers]
  605 |     gFireMedallionItemNameFRATex,
      |     ^~~~~~~~~~~~~~~~~~~~~~~~~~~~
/home/david/Documents/RockBox_Personal-master/devsrc/nano-soh-runtime/Shipwright/soh/src/overlays/misc/ovl_kaleido_scope/z_kaleido_scope_PAL.c:606:5: warning: initialization discards 'const' qualifier from pointer target type [-Wdiscarded-qualifiers]
  606 |     gWaterMedallionItemNameFRATex,
      |     ^~~~~~~~~~~~~~~~~~~~~~~~~~~~~
/home/david/Documents/RockBox_Personal-master/devsrc/nano-soh-runtime/Shipwright/soh/src/overlays/misc/ovl_kaleido_scope/z_kaleido_scope_PAL.c:607:5: warning: initialization discards 'const' qualifier from pointer target type [-Wdiscarded-qualifiers]
  607 |     gSpiritMedallionItemNameFRATex,
      |     ^~~~~~~~~~~~~~~~~~~~~~~~~~~~~~
/home/david/Documents/RockBox_Personal-master/devsrc/nano-soh-runtime/Shipwright/soh/src/overlays/misc/ovl_kaleido_scope/z_kaleido_scope_PAL.c:608:5: warning: initialization discards 'const' qualifier from pointer target type [-Wdiscarded-qualifiers]
  608 |     gShadowMedallionItemNameFRATex,
      |     ^~~~~~~~~~~~~~~~~~~~~~~~~~~~~~
/home/david/Documents/RockBox_Personal-master/devsrc/nano-soh-runtime/Shipwright/soh/src/overlays/misc/ovl_kaleido_scope/z_kaleido_scope_PAL.c:609:5: warning: initialization discards 'const' qualifier from pointer target type [-Wdiscarded-qualifiers]
  609 |     gLightMedallionItemNameFRATex,
      |     ^~~~~~~~~~~~~~~~~~~~~~~~~~~~~
/home/david/Documents/RockBox_Personal-master/devsrc/nano-soh-runtime/Shipwright/soh/src/overlays/misc/ovl_kaleido_scope/z_kaleido_scope_PAL.c:610:5: warning: initialization discards 'const' qualifier from pointer target type [-Wdiscarded-qualifiers]
  610 |     gKokiriEmeraldItemNameFRATex,
      |     ^~~~~~~~~~~~~~~~~~~~~~~~~~~~
/home/david/Documents/RockBox_Personal-master/devsrc/nano-soh-runtime/Shipwright/soh/src/overlays/misc/ovl_kaleido_scope/z_kaleido_scope_PAL.c:611:5: warning: initialization discards 'const' qualifier from pointer target type [-Wdiscarded-qualifiers]
  611 |     gGoronsRubyItemNameFRATex,
      |     ^~~~~~~~~~~~~~~~~~~~~~~~~
/home/david/Documents/RockBox_Personal-master/devsrc/nano-soh-runtime/Shipwright/soh/src/overlays/misc/ovl_kaleido_scope/z_kaleido_scope_PAL.c:612:5: warning: initialization discards 'const' qualifier from pointer target type [-Wdiscarded-qualifiers]
  612 |     gZorasSapphireItemNameFRATex,
      |     ^~~~~~~~~~~~~~~~~~~~~~~~~~~~
/home/david/Documents/RockBox_Personal-master/devsrc/nano-soh-runtime/Shipwright/soh/src/overlays/misc/ovl_kaleido_scope/z_kaleido_scope_PAL.c:613:5: warning: initialization discards 'const' qualifier from pointer target type [-Wdiscarded-qualifiers]
  613 |     gStoneofAgonyItemNameFRATex,
      |     ^~~~~~~~~~~~~~~~~~~~~~~~~~~
/home/david/Documents/RockBox_Personal-master/devsrc/nano-soh-runtime/Shipwright/soh/src/overlays/misc/ovl_kaleido_scope/z_kaleido_scope_PAL.c:614:5: warning: initialization discards 'const' qualifier from pointer target type [-Wdiscarded-qualifiers]
  614 |     gGerudosCardItemNameFRATex,
      |     ^~~~~~~~~~~~~~~~~~~~~~~~~~
/home/david/Documents/RockBox_Personal-master/devsrc/nano-soh-runtime/Shipwright/soh/src/overlays/misc/ovl_kaleido_scope/z_kaleido_scope_PAL.c:615:5: warning: initialization discards 'const' qualifier from pointer target type [-Wdiscarded-qualifiers]
  615 |     gGoldSkulltulaItemNameFRATex,
      |     ^~~~~~~~~~~~~~~~~~~~~~~~~~~~
/home/david/Documents/RockBox_Personal-master/devsrc/nano-soh-runtime/Shipwright/soh/src/overlays/misc/ovl_kaleido_scope/z_kaleido_scope_PAL.c:616:5: warning: initialization discards 'const' qualifier from pointer target type [-Wdiscarded-qualifiers]
  616 |     gHeartContainerItemNameFRATex,
      |     ^~~~~~~~~~~~~~~~~~~~~~~~~~~~~
/home/david/Documents/RockBox_Personal-master/devsrc/nano-soh-runtime/Shipwright/soh/src/overlays/misc/ovl_kaleido_scope/z_kaleido_scope_PAL.c:617:5: warning: initialization discards 'const' qualifier from pointer target type [-Wdiscarded-qualifiers]
  617 |     gUnusedPieceOfHeartItemName3JPNTex,
      |     ^~~~~~~~~~~~~~~~~~~~~~~~~~~~~~~~~~
/home/david/Documents/RockBox_Personal-master/devsrc/nano-soh-runtime/Shipwright/soh/src/overlays/misc/ovl_kaleido_scope/z_kaleido_scope_PAL.c:618:5: warning: initialization discards 'const' qualifier from pointer target type [-Wdiscarded-qualifiers]
  618 |     gBossKeyItemNameFRATex,
      |     ^~~~~~~~~~~~~~~~~~~~~~
/home/david/Documents/RockBox_Personal-master/devsrc/nano-soh-runtime/Shipwright/soh/src/overlays/misc/ovl_kaleido_scope/z_kaleido_scope_PAL.c:619:5: warning: initialization discards 'const' qualifier from pointer target type [-Wdiscarded-qualifiers]
  619 |     gCompassItemNameFRATex,
      |     ^~~~~~~~~~~~~~~~~~~~~~
/home/david/Documents/RockBox_Personal-master/devsrc/nano-soh-runtime/Shipwright/soh/src/overlays/misc/ovl_kaleido_scope/z_kaleido_scope_PAL.c:620:5: warning: initialization discards 'const' qualifier from pointer target type [-Wdiscarded-qualifiers]
  620 |     gDungeonMapItemNameFRATex,
      |     ^~~~~~~~~~~~~~~~~~~~~~~~~
/home/david/Documents/RockBox_Personal-master/devsrc/nano-soh-runtime/Shipwright/soh/src/overlays/misc/ovl_kaleido_scope/z_kaleido_scope_PAL.c:621:5: warning: initialization discards 'const' qualifier from pointer target type [-Wdiscarded-qualifiers]
  621 |     gUnusedBossKeyItemName19JPNTex,
      |     ^~~~~~~~~~~~~~~~~~~~~~~~~~~~~~
/home/david/Documents/RockBox_Personal-master/devsrc/nano-soh-runtime/Shipwright/soh/src/overlays/misc/ovl_kaleido_scope/z_kaleido_scope_PAL.c:622:5: warning: initialization discards 'const' qualifier from pointer target type [-Wdiscarded-qualifiers]
  622 |     gUnusedBossKeyItemName20JPNTex,
      |     ^~~~~~~~~~~~~~~~~~~~~~~~~~~~~~
/home/david/Documents/RockBox_Personal-master/devsrc/nano-soh-runtime/Shipwright/soh/src/overlays/misc/ovl_kaleido_scope/z_kaleido_scope_PAL.c:623:5: warning: initialization discards 'const' qualifier from pointer target type [-Wdiscarded-qualifiers]
  623 |     gUnusedBossKeyItemName21JPNTex,
      |     ^~~~~~~~~~~~~~~~~~~~~~~~~~~~~~
/home/david/Documents/RockBox_Personal-master/devsrc/nano-soh-runtime/Shipwright/soh/src/overlays/misc/ovl_kaleido_scope/z_kaleido_scope_PAL.c:624:5: warning: initialization discards 'const' qualifier from pointer target type [-Wdiscarded-qualifiers]
  624 |     gBiggoronsSwordItemNameFRATex,
      |     ^~~~~~~~~~~~~~~~~~~~~~~~~~~~~
/home/david/Documents/RockBox_Personal-master/devsrc/nano-soh-runtime/Shipwright/soh/src/overlays/misc/ovl_kaleido_scope/z_kaleido_scope_PAL.c:626:5: warning: initialization discards 'const' qualifier from pointer target type [-Wdiscarded-qualifiers]
  626 |     gDekuStickItemNameJPNTex,
      |     ^~~~~~~~~~~~~~~~~~~~~~~~
/home/david/Documents/RockBox_Personal-master/devsrc/nano-soh-runtime/Shipwright/soh/src/overlays/misc/ovl_kaleido_scope/z_kaleido_scope_PAL.c:627:5: warning: initialization discards 'const' qualifier from pointer target type [-Wdiscarded-qualifiers]
  627 |     gDekuNutItemNameJPNTex,
      |     ^~~~~~~~~~~~~~~~~~~~~~
/home/david/Documents/RockBox_Personal-master/devsrc/nano-soh-runtime/Shipwright/soh/src/overlays/misc/ovl_kaleido_scope/z_kaleido_scope_PAL.c:628:5: warning: initialization discards 'const' qualifier from pointer target type [-Wdiscarded-qualifiers]
  628 |     gBombItemNameJPNTex,
      |     ^~~~~~~~~~~~~~~~~~~
/home/david/Documents/RockBox_Personal-master/devsrc/nano-soh-runtime/Shipwright/soh/src/overlays/misc/ovl_kaleido_scope/z_kaleido_scope_PAL.c:629:5: warning: initialization discards 'const' qualifier from pointer target type [-Wdiscarded-qualifiers]
  629 |     gFairyBowItemNameJPNTex,
      |     ^~~~~~~~~~~~~~~~~~~~~~~
/home/david/Documents/RockBox_Personal-master/devsrc/nano-soh-runtime/Shipwright/soh/src/overlays/misc/ovl_kaleido_scope/z_kaleido_scope_PAL.c:630:5: warning: initialization discards 'const' qualifier from pointer target type [-Wdiscarded-qualifiers]
  630 |     gFireArrowItemNameJPNTex,
      |     ^~~~~~~~~~~~~~~~~~~~~~~~
/home/david/Documents/RockBox_Personal-master/devsrc/nano-soh-runtime/Shipwright/soh/src/overlays/misc/ovl_kaleido_scope/z_kaleido_scope_PAL.c:631:5: warning: initialization discards 'const' qualifier from pointer target type [-Wdiscarded-qualifiers]
  631 |     gDinsFireItemNameJPNTex,
      |     ^~~~~~~~~~~~~~~~~~~~~~~
/home/david/Documents/RockBox_Personal-master/devsrc/nano-soh-runtime/Shipwright/soh/src/overlays/misc/ovl_kaleido_scope/z_kaleido_scope_PAL.c:632:5: warning: initialization discards 'const' qualifier from pointer target type [-Wdiscarded-qualifiers]
  632 |     gFairySlingshotItemNameJPNTex,
      |     ^~~~~~~~~~~~~~~~~~~~~~~~~~~~~
/home/david/Documents/RockBox_Personal-master/devsrc/nano-soh-runtime/Shipwright/soh/src/overlays/misc/ovl_kaleido_scope/z_kaleido_scope_PAL.c:633:5: warning: initialization discards 'const' qualifier from pointer target type [-Wdiscarded-qualifiers]
  633 |     gFairyOcarinaItemNameJPNTex,
      |     ^~~~~~~~~~~~~~~~~~~~~~~~~~~
/home/david/Documents/RockBox_Personal-master/devsrc/nano-soh-runtime/Shipwright/soh/src/overlays/misc/ovl_kaleido_scope/z_kaleido_scope_PAL.c:634:5: warning: initialization discards 'const' qualifier from pointer target type [-Wdiscarded-qualifiers]
  634 |     gOcarinaOfTimeItemNameJPNTex,
      |     ^~~~~~~~~~~~~~~~~~~~~~~~~~~~
/home/david/Documents/RockBox_Personal-master/devsrc/nano-soh-runtime/Shipwright/soh/src/overlays/misc/ovl_kaleido_scope/z_kaleido_scope_PAL.c:635:5: warning: initialization discards 'const' qualifier from pointer target type [-Wdiscarded-qualifiers]
  635 |     gBombchuItemNameJPNTex,
      |     ^~~~~~~~~~~~~~~~~~~~~~
/home/david/Documents/RockBox_Personal-master/devsrc/nano-soh-runtime/Shipwright/soh/src/overlays/misc/ovl_kaleido_scope/z_kaleido_scope_PAL.c:636:5: warning: initialization discards 'const' qualifier from pointer target type [-Wdiscarded-qualifiers]
  636 |     gHookshotItemNameJPNTex,
      |     ^~~~~~~~~~~~~~~~~~~~~~~
/home/david/Documents/RockBox_Personal-master/devsrc/nano-soh-runtime/Shipwright/soh/src/overlays/misc/ovl_kaleido_scope/z_kaleido_scope_PAL.c:637:5: warning: initialization discards 'const' qualifier from pointer target type [-Wdiscarded-qualifiers]
  637 |     gLongshotItemNameJPNTex,
      |     ^~~~~~~~~~~~~~~~~~~~~~~
/home/david/Documents/RockBox_Personal-master/devsrc/nano-soh-runtime/Shipwright/soh/src/overlays/misc/ovl_kaleido_scope/z_kaleido_scope_PAL.c:638:5: warning: initialization discards 'const' qualifier from pointer target type [-Wdiscarded-qualifiers]
  638 |     gIceArrowItemNameJPNTex,
      |     ^~~~~~~~~~~~~~~~~~~~~~~
/home/david/Documents/RockBox_Personal-master/devsrc/nano-soh-runtime/Shipwright/soh/src/overlays/misc/ovl_kaleido_scope/z_kaleido_scope_PAL.c:639:5: warning: initialization discards 'const' qualifier from pointer target type [-Wdiscarded-qualifiers]
  639 |     gFaroresWindItemNameJPNTex,
      |     ^~~~~~~~~~~~~~~~~~~~~~~~~~
/home/david/Documents/RockBox_Personal-master/devsrc/nano-soh-runtime/Shipwright/soh/src/overlays/misc/ovl_kaleido_scope/z_kaleido_scope_PAL.c:640:5: warning: initialization discards 'const' qualifier from pointer target type [-Wdiscarded-qualifiers]
  640 |     gBoomerangItemNameJPNTex,
      |     ^~~~~~~~~~~~~~~~~~~~~~~~
/home/david/Documents/RockBox_Personal-master/devsrc/nano-soh-runtime/Shipwright/soh/src/overlays/misc/ovl_kaleido_scope/z_kaleido_scope_PAL.c:641:5: warning: initialization discards 'const' qualifier from pointer target type [-Wdiscarded-qualifiers]
  641 |     gLensItemNameJPNTex,
      |     ^~~~~~~~~~~~~~~~~~~
/home/david/Documents/RockBox_Personal-master/devsrc/nano-soh-runtime/Shipwright/soh/src/overlays/misc/ovl_kaleido_scope/z_kaleido_scope_PAL.c:642:5: warning: initialization discards 'const' qualifier from pointer target type [-Wdiscarded-qualifiers]
  642 |     gMagicBeansItemNameJPNTex,
      |     ^~~~~~~~~~~~~~~~~~~~~~~~~
/home/david/Documents/RockBox_Personal-master/devsrc/nano-soh-runtime/Shipwright/soh/src/overlays/misc/ovl_kaleido_scope/z_kaleido_scope_PAL.c:643:5: warning: initialization discards 'const' qualifier from pointer target type [-Wdiscarded-qualifiers]
  643 |     gMegatonHammerItemNameJPNTex,
      |     ^~~~~~~~~~~~~~~~~~~~~~~~~~~~
/home/david/Documents/RockBox_Personal-master/devsrc/nano-soh-runtime/Shipwright/soh/src/overlays/misc/ovl_kaleido_scope/z_kaleido_scope_PAL.c:644:5: warning: initialization discards 'const' qualifier from pointer target type [-Wdiscarded-qualifiers]
  644 |     gLightArrowItemNameJPNTex,
      |     ^~~~~~~~~~~~~~~~~~~~~~~~~
/home/david/Documents/RockBox_Personal-master/devsrc/nano-soh-runtime/Shipwright/soh/src/overlays/misc/ovl_kaleido_scope/z_kaleido_scope_PAL.c:645:5: warning: initialization discards 'const' qualifier from pointer target type [-Wdiscarded-qualifiers]
  645 |     gNayrusLoveItemNameJPNTex,
      |     ^~~~~~~~~~~~~~~~~~~~~~~~~
/home/david/Documents/RockBox_Personal-master/devsrc/nano-soh-runtime/Shipwright/soh/src/overlays/misc/ovl_kaleido_scope/z_kaleido_scope_PAL.c:646:5: warning: initialization discards 'const' qualifier from pointer target type [-Wdiscarded-qualifiers]
  646 |     gEmptyBottleItemNameJPNTex,
      |     ^~~~~~~~~~~~~~~~~~~~~~~~~~
/home/david/Documents/RockBox_Personal-master/devsrc/nano-soh-runtime/Shipwright/soh/src/overlays/misc/ovl_kaleido_scope/z_kaleido_scope_PAL.c:647:5: warning: initialization discards 'const' qualifier from pointer target type [-Wdiscarded-qualifiers]
  647 |     gRedPotionItemNameJPNTex,
      |     ^~~~~~~~~~~~~~~~~~~~~~~~
/home/david/Documents/RockBox_Personal-master/devsrc/nano-soh-runtime/Shipwright/soh/src/overlays/misc/ovl_kaleido_scope/z_kaleido_scope_PAL.c:648:5: warning: initialization discards 'const' qualifier from pointer target type [-Wdiscarded-qualifiers]
  648 |     gGreenPotionItemNameJPNTex,
      |     ^~~~~~~~~~~~~~~~~~~~~~~~~~
/home/david/Documents/RockBox_Personal-master/devsrc/nano-soh-runtime/Shipwright/soh/src/overlays/misc/ovl_kaleido_scope/z_kaleido_scope_PAL.c:649:5: warning: initialization discards 'const' qualifier from pointer target type [-Wdiscarded-qualifiers]
  649 |     gBluePotionItemNameJPNTex,
      |     ^~~~~~~~~~~~~~~~~~~~~~~~~
/home/david/Documents/RockBox_Personal-master/devsrc/nano-soh-runtime/Shipwright/soh/src/overlays/misc/ovl_kaleido_scope/z_kaleido_scope_PAL.c:650:5: warning: initialization discards 'const' qualifier from pointer target type [-Wdiscarded-qualifiers]
  650 |     gBottledFairyItemNameJPNTex,
      |     ^~~~~~~~~~~~~~~~~~~~~~~~~~~
/home/david/Documents/RockBox_Personal-master/devsrc/nano-soh-runtime/Shipwright/soh/src/overlays/misc/ovl_kaleido_scope/z_kaleido_scope_PAL.c:651:5: warning: initialization discards 'const' qualifier from pointer target type [-Wdiscarded-qualifiers]
  651 |     gFishItemNameJPNTex,
      |     ^~~~~~~~~~~~~~~~~~~
/home/david/Documents/RockBox_Personal-master/devsrc/nano-soh-runtime/Shipwright/soh/src/overlays/misc/ovl_kaleido_scope/z_kaleido_scope_PAL.c:652:5: warning: initialization discards 'const' qualifier from pointer target type [-Wdiscarded-qualifiers]
  652 |     gFullMilkItemNameJPNTex,
      |     ^~~~~~~~~~~~~~~~~~~~~~~
/home/david/Documents/RockBox_Personal-master/devsrc/nano-soh-runtime/Shipwright/soh/src/overlays/misc/ovl_kaleido_scope/z_kaleido_scope_PAL.c:653:5: warning: initialization discards 'const' qualifier from pointer target type [-Wdiscarded-qualifiers]
  653 |     gRutosLetterItemNameJPNTex,
      |     ^~~~~~~~~~~~~~~~~~~~~~~~~~
/home/david/Documents/RockBox_Personal-master/devsrc/nano-soh-runtime/Shipwright/soh/src/overlays/misc/ovl_kaleido_scope/z_kaleido_scope_PAL.c:654:5: warning: initialization discards 'const' qualifier from pointer target type [-Wdiscarded-qualifiers]
  654 |     gBlueFireItemNameJPNTex,
      |     ^~~~~~~~~~~~~~~~~~~~~~~
/home/david/Documents/RockBox_Personal-master/devsrc/nano-soh-runtime/Shipwright/soh/src/overlays/misc/ovl_kaleido_scope/z_kaleido_scope_PAL.c:655:5: warning: initialization discards 'const' qualifier from pointer target type [-Wdiscarded-qualifiers]
  655 |     gBugItemNameJPNTex,
      |     ^~~~~~~~~~~~~~~~~~
/home/david/Documents/RockBox_Personal-master/devsrc/nano-soh-runtime/Shipwright/soh/src/overlays/misc/ovl_kaleido_scope/z_kaleido_scope_PAL.c:656:5: warning: initialization discards 'const' qualifier from pointer target type [-Wdiscarded-qualifiers]
  656 |     gBigPoeItemNameJPNTex,
      |     ^~~~~~~~~~~~~~~~~~~~~
/home/david/Documents/RockBox_Personal-master/devsrc/nano-soh-runtime/Shipwright/soh/src/overlays/misc/ovl_kaleido_scope/z_kaleido_scope_PAL.c:657:5: warning: initialization discards 'const' qualifier from pointer target type [-Wdiscarded-qualifiers]
  657 |     gHalfMilkItemNameJPNTex,
      |     ^~~~~~~~~~~~~~~~~~~~~~~
/home/david/Documents/RockBox_Personal-master/devsrc/nano-soh-runtime/Shipwright/soh/src/overlays/misc/ovl_kaleido_scope/z_kaleido_scope_PAL.c:658:5: warning: initialization discards 'const' qualifier from pointer target type [-Wdiscarded-qualifiers]
  658 |     gPoeItemNameJPNTex,
      |     ^~~~~~~~~~~~~~~~~~
/home/david/Documents/RockBox_Personal-master/devsrc/nano-soh-runtime/Shipwright/soh/src/overlays/misc/ovl_kaleido_scope/z_kaleido_scope_PAL.c:659:5: warning: initialization discards 'const' qualifier from pointer target type [-Wdiscarded-qualifiers]
  659 |     gWeirdEggItemNameJPNTex,
      |     ^~~~~~~~~~~~~~~~~~~~~~~
/home/david/Documents/RockBox_Personal-master/devsrc/nano-soh-runtime/Shipwright/soh/src/overlays/misc/ovl_kaleido_scope/z_kaleido_scope_PAL.c:660:5: warning: initialization discards 'const' qualifier from pointer target type [-Wdiscarded-qualifiers]
  660 |     gCuccoItemNameJPNTex,
      |     ^~~~~~~~~~~~~~~~~~~~
/home/david/Documents/RockBox_Personal-master/devsrc/nano-soh-runtime/Shipwright/soh/src/overlays/misc/ovl_kaleido_scope/z_kaleido_scope_PAL.c:661:5: warning: initialization discards 'const' qualifier from pointer target type [-Wdiscarded-qualifiers]
  661 |     gZeldasLetterItemNameJPNTex,
      |     ^~~~~~~~~~~~~~~~~~~~~~~~~~~
/home/david/Documents/RockBox_Personal-master/devsrc/nano-soh-runtime/Shipwright/soh/src/overlays/misc/ovl_kaleido_scope/z_kaleido_scope_PAL.c:662:5: warning: initialization discards 'const' qualifier from pointer target type [-Wdiscarded-qualifiers]
  662 |     gKeatonMaskItemNameJPNTex,
      |     ^~~~~~~~~~~~~~~~~~~~~~~~~
/home/david/Documents/RockBox_Personal-master/devsrc/nano-soh-runtime/Shipwright/soh/src/overlays/misc/ovl_kaleido_scope/z_kaleido_scope_PAL.c:663:5: warning: initialization discards 'const' qualifier from pointer target type [-Wdiscarded-qualifiers]
  663 |     gSkullMaskItemNameJPNTex,
      |     ^~~~~~~~~~~~~~~~~~~~~~~~
/home/david/Documents/RockBox_Personal-master/devsrc/nano-soh-runtime/Shipwright/soh/src/overlays/misc/ovl_kaleido_scope/z_kaleido_scope_PAL.c:664:5: warning: initialization discards 'const' qualifier from pointer target type [-Wdiscarded-qualifiers]
  664 |     gSpookyMaskItemNameJPNTex,
      |     ^~~~~~~~~~~~~~~~~~~~~~~~~
/home/david/Documents/RockBox_Personal-master/devsrc/nano-soh-runtime/Shipwright/soh/src/overlays/misc/ovl_kaleido_scope/z_kaleido_scope_PAL.c:665:5: warning: initialization discards 'const' qualifier from pointer target type [-Wdiscarded-qualifiers]
  665 |     gBunnyHoodItemNameJPNTex,
      |     ^~~~~~~~~~~~~~~~~~~~~~~~
/home/david/Documents/RockBox_Personal-master/devsrc/nano-soh-runtime/Shipwright/soh/src/overlays/misc/ovl_kaleido_scope/z_kaleido_scope_PAL.c:666:5: warning: initialization discards 'const' qualifier from pointer target type [-Wdiscarded-qualifiers]
  666 |     gGoronMaskItemNameJPNTex,
      |     ^~~~~~~~~~~~~~~~~~~~~~~~
/home/david/Documents/RockBox_Personal-master/devsrc/nano-soh-runtime/Shipwright/soh/src/overlays/misc/ovl_kaleido_scope/z_kaleido_scope_PAL.c:667:5: warning: initialization discards 'const' qualifier from pointer target type [-Wdiscarded-qualifiers]
  667 |     gZoraMaskItemNameJPNTex,
      |     ^~~~~~~~~~~~~~~~~~~~~~~
/home/david/Documents/RockBox_Personal-master/devsrc/nano-soh-runtime/Shipwright/soh/src/overlays/misc/ovl_kaleido_scope/z_kaleido_scope_PAL.c:668:5: warning: initialization discards 'const' qualifier from pointer target type [-Wdiscarded-qualifiers]
  668 |     gGerudoMaskItemNameJPNTex,
      |     ^~~~~~~~~~~~~~~~~~~~~~~~~
/home/david/Documents/RockBox_Personal-master/devsrc/nano-soh-runtime/Shipwright/soh/src/overlays/misc/ovl_kaleido_scope/z_kaleido_scope_PAL.c:669:5: warning: initialization discards 'const' qualifier from pointer target type [-Wdiscarded-qualifiers]
  669 |     gMaskofTruthItemNameJPNTex,
      |     ^~~~~~~~~~~~~~~~~~~~~~~~~~
/home/david/Documents/RockBox_Personal-master/devsrc/nano-soh-runtime/Shipwright/soh/src/overlays/misc/ovl_kaleido_scope/z_kaleido_scope_PAL.c:670:5: warning: initialization discards 'const' qualifier from pointer target type [-Wdiscarded-qualifiers]
  670 |     gSOLDOUTItemNameJPNTex,
      |     ^~~~~~~~~~~~~~~~~~~~~~
/home/david/Documents/RockBox_Personal-master/devsrc/nano-soh-runtime/Shipwright/soh/src/overlays/misc/ovl_kaleido_scope/z_kaleido_scope_PAL.c:671:5: warning: initialization discards 'const' qualifier from pointer target type [-Wdiscarded-qualifiers]
  671 |     gPocketEggItemNameJPNTex,
      |     ^~~~~~~~~~~~~~~~~~~~~~~~
/home/david/Documents/RockBox_Personal-master/devsrc/nano-soh-runtime/Shipwright/soh/src/overlays/misc/ovl_kaleido_scope/z_kaleido_scope_PAL.c:672:5: warning: initialization discards 'const' qualifier from pointer target type [-Wdiscarded-qualifiers]
  672 |     gPocketCuccoItemNameJPNTex,
      |     ^~~~~~~~~~~~~~~~~~~~~~~~~~
/home/david/Documents/RockBox_Personal-master/devsrc/nano-soh-runtime/Shipwright/soh/src/overlays/misc/ovl_kaleido_scope/z_kaleido_scope_PAL.c:673:5: warning: initialization discards 'const' qualifier from pointer target type [-Wdiscarded-qualifiers]
  673 |     gCojiroItemNameJPNTex,
      |     ^~~~~~~~~~~~~~~~~~~~~
/home/david/Documents/RockBox_Personal-master/devsrc/nano-soh-runtime/Shipwright/soh/src/overlays/misc/ovl_kaleido_scope/z_kaleido_scope_PAL.c:674:5: warning: initialization discards 'const' qualifier from pointer target type [-Wdiscarded-qualifiers]
  674 |     gOddMushroomItemNameJPNTex,
      |     ^~~~~~~~~~~~~~~~~~~~~~~~~~
/home/david/Documents/RockBox_Personal-master/devsrc/nano-soh-runtime/Shipwright/soh/src/overlays/misc/ovl_kaleido_scope/z_kaleido_scope_PAL.c:675:5: warning: initialization discards 'const' qualifier from pointer target type [-Wdiscarded-qualifiers]
  675 |     gOddPotionItemNameJPNTex,
      |     ^~~~~~~~~~~~~~~~~~~~~~~~
/home/david/Documents/RockBox_Personal-master/devsrc/nano-soh-runtime/Shipwright/soh/src/overlays/misc/ovl_kaleido_scope/z_kaleido_scope_PAL.c:676:5: warning: initialization discards 'const' qualifier from pointer target type [-Wdiscarded-qualifiers]
  676 |     gPoachersSawItemNameJPNTex,
      |     ^~~~~~~~~~~~~~~~~~~~~~~~~~
/home/david/Documents/RockBox_Personal-master/devsrc/nano-soh-runtime/Shipwright/soh/src/overlays/misc/ovl_kaleido_scope/z_kaleido_scope_PAL.c:677:5: warning: initialization discards 'const' qualifier from pointer target type [-Wdiscarded-qualifiers]
  677 |     gBrokenGoronsSwordItemNameJPNTex,
      |     ^~~~~~~~~~~~~~~~~~~~~~~~~~~~~~~~
/home/david/Documents/RockBox_Personal-master/devsrc/nano-soh-runtime/Shipwright/soh/src/overlays/misc/ovl_kaleido_scope/z_kaleido_scope_PAL.c:678:5: warning: initialization discards 'const' qualifier from pointer target type [-Wdiscarded-qualifiers]
  678 |     gPrescriptionItemNameJPNTex,
      |     ^~~~~~~~~~~~~~~~~~~~~~~~~~~
/home/david/Documents/RockBox_Personal-master/devsrc/nano-soh-runtime/Shipwright/soh/src/overlays/misc/ovl_kaleido_scope/z_kaleido_scope_PAL.c:679:5: warning: initialization discards 'const' qualifier from pointer target type [-Wdiscarded-qualifiers]
  679 |     gEyeBallFrogItemNameJPNTex,
      |     ^~~~~~~~~~~~~~~~~~~~~~~~~~
/home/david/Documents/RockBox_Personal-master/devsrc/nano-soh-runtime/Shipwright/soh/src/overlays/misc/ovl_kaleido_scope/z_kaleido_scope_PAL.c:680:5: warning: initialization discards 'const' qualifier from pointer target type [-Wdiscarded-qualifiers]
  680 |     gEyeDropsItemNameJPNTex,
      |     ^~~~~~~~~~~~~~~~~~~~~~~
/home/david/Documents/RockBox_Personal-master/devsrc/nano-soh-runtime/Shipwright/soh/src/overlays/misc/ovl_kaleido_scope/z_kaleido_scope_PAL.c:681:5: warning: initialization discards 'const' qualifier from pointer target type [-Wdiscarded-qualifiers]
  681 |     gClaimCheckItemNameJPNTex,
      |     ^~~~~~~~~~~~~~~~~~~~~~~~~
/home/david/Documents/RockBox_Personal-master/devsrc/nano-soh-runtime/Shipwright/soh/src/overlays/misc/ovl_kaleido_scope/z_kaleido_scope_PAL.c:682:5: warning: initialization discards 'const' qualifier from pointer target type [-Wdiscarded-qualifiers]
  682 |     gUnusedWindMedallionItemName1JPNTex,
      |     ^~~~~~~~~~~~~~~~~~~~~~~~~~~~~~~~~~~
/home/david/Documents/RockBox_Personal-master/devsrc/nano-soh-runtime/Shipwright/soh/src/overlays/misc/ovl_kaleido_scope/z_kaleido_scope_PAL.c:683:5: warning: initialization discards 'const' qualifier from pointer target type [-Wdiscarded-qualifiers]
  683 |     gUnusedFireMedallionItemName1JPNTex,
      |     ^~~~~~~~~~~~~~~~~~~~~~~~~~~~~~~~~~~
/home/david/Documents/RockBox_Personal-master/devsrc/nano-soh-runtime/Shipwright/soh/src/overlays/misc/ovl_kaleido_scope/z_kaleido_scope_PAL.c:684:5: warning: initialization discards 'const' qualifier from pointer target type [-Wdiscarded-qualifiers]
  684 |     gUnusedIceMedallionItemName1JPNTex,
      |     ^~~~~~~~~~~~~~~~~~~~~~~~~~~~~~~~~~
/home/david/Documents/RockBox_Personal-master/devsrc/nano-soh-runtime/Shipwright/soh/src/overlays/misc/ovl_kaleido_scope/z_kaleido_scope_PAL.c:685:5: warning: initialization discards 'const' qualifier from pointer target type [-Wdiscarded-qualifiers]
  685 |     gKokiriSwordItemNameJPNTex,
      |     ^~~~~~~~~~~~~~~~~~~~~~~~~~
/home/david/Documents/RockBox_Personal-master/devsrc/nano-soh-runtime/Shipwright/soh/src/overlays/misc/ovl_kaleido_scope/z_kaleido_scope_PAL.c:686:5: warning: initialization discards 'const' qualifier from pointer target type [-Wdiscarded-qualifiers]
  686 |     gMasterSwordItemNameJPNTex,
      |     ^~~~~~~~~~~~~~~~~~~~~~~~~~
/home/david/Documents/RockBox_Personal-master/devsrc/nano-soh-runtime/Shipwright/soh/src/overlays/misc/ovl_kaleido_scope/z_kaleido_scope_PAL.c:687:5: warning: initialization discards 'const' qualifier from pointer target type [-Wdiscarded-qualifiers]
  687 |     gGiantsKnifeItemNameJPNTex,
      |     ^~~~~~~~~~~~~~~~~~~~~~~~~~
/home/david/Documents/RockBox_Personal-master/devsrc/nano-soh-runtime/Shipwright/soh/src/overlays/misc/ovl_kaleido_scope/z_kaleido_scope_PAL.c:688:5: warning: initialization discards 'const' qualifier from pointer target type [-Wdiscarded-qualifiers]
  688 |     gDekuShieldItemNameJPNTex,
      |     ^~~~~~~~~~~~~~~~~~~~~~~~~
/home/david/Documents/RockBox_Personal-master/devsrc/nano-soh-runtime/Shipwright/soh/src/overlays/misc/ovl_kaleido_scope/z_kaleido_scope_PAL.c:689:5: warning: initialization discards 'const' qualifier from pointer target type [-Wdiscarded-qualifiers]
  689 |     gHylianShieldItemNameJPNTex,
      |     ^~~~~~~~~~~~~~~~~~~~~~~~~~~
/home/david/Documents/RockBox_Personal-master/devsrc/nano-soh-runtime/Shipwright/soh/src/overlays/misc/ovl_kaleido_scope/z_kaleido_scope_PAL.c:690:5: warning: initialization discards 'const' qualifier from pointer target type [-Wdiscarded-qualifiers]
  690 |     gMirrorShieldItemNameJPNTex,
      |     ^~~~~~~~~~~~~~~~~~~~~~~~~~~
/home/david/Documents/RockBox_Personal-master/devsrc/nano-soh-runtime/Shipwright/soh/src/overlays/misc/ovl_kaleido_scope/z_kaleido_scope_PAL.c:691:5: warning: initialization discards 'const' qualifier from pointer target type [-Wdiscarded-qualifiers]
  691 |     gKokiriTunicItemNameJPNTex,
      |     ^~~~~~~~~~~~~~~~~~~~~~~~~~
/home/david/Documents/RockBox_Personal-master/devsrc/nano-soh-runtime/Shipwright/soh/src/overlays/misc/ovl_kaleido_scope/z_kaleido_scope_PAL.c:692:5: warning: initialization discards 'const' qualifier from pointer target type [-Wdiscarded-qualifiers]
  692 |     gGoronTunicItemNameJPNTex,
      |     ^~~~~~~~~~~~~~~~~~~~~~~~~
/home/david/Documents/RockBox_Personal-master/devsrc/nano-soh-runtime/Shipwright/soh/src/overlays/misc/ovl_kaleido_scope/z_kaleido_scope_PAL.c:693:5: warning: initialization discards 'const' qualifier from pointer target type [-Wdiscarded-qualifiers]
  693 |     gZoraTunicItemNameJPNTex,
      |     ^~~~~~~~~~~~~~~~~~~~~~~~
/home/david/Documents/RockBox_Personal-master/devsrc/nano-soh-runtime/Shipwright/soh/src/overlays/misc/ovl_kaleido_scope/z_kaleido_scope_PAL.c:694:5: warning: initialization discards 'const' qualifier from pointer target type [-Wdiscarded-qualifiers]
  694 |     gKokiriBootsItemNameJPNTex,
      |     ^~~~~~~~~~~~~~~~~~~~~~~~~~
/home/david/Documents/RockBox_Personal-master/devsrc/nano-soh-runtime/Shipwright/soh/src/overlays/misc/ovl_kaleido_scope/z_kaleido_scope_PAL.c:695:5: warning: initialization discards 'const' qualifier from pointer target type [-Wdiscarded-qualifiers]
  695 |     gIronBootsItemNameJPNTex,
      |     ^~~~~~~~~~~~~~~~~~~~~~~~
/home/david/Documents/RockBox_Personal-master/devsrc/nano-soh-runtime/Shipwright/soh/src/overlays/misc/ovl_kaleido_scope/z_kaleido_scope_PAL.c:696:5: warning: initialization discards 'const' qualifier from pointer target type [-Wdiscarded-qualifiers]
  696 |     gHoverBootsItemNameJPNTex,
      |     ^~~~~~~~~~~~~~~~~~~~~~~~~
/home/david/Documents/RockBox_Personal-master/devsrc/nano-soh-runtime/Shipwright/soh/src/overlays/misc/ovl_kaleido_scope/z_kaleido_scope_PAL.c:697:5: warning: initialization discards 'const' qualifier from pointer target type [-Wdiscarded-qualifiers]
  697 |     gBulletBag30ItemNameJPNTex,
      |     ^~~~~~~~~~~~~~~~~~~~~~~~~~
/home/david/Documents/RockBox_Personal-master/devsrc/nano-soh-runtime/Shipwright/soh/src/overlays/misc/ovl_kaleido_scope/z_kaleido_scope_PAL.c:698:5: warning: initialization discards 'const' qualifier from pointer target type [-Wdiscarded-qualifiers]
  698 |     gBulletBag40ItemNameJPNTex,
      |     ^~~~~~~~~~~~~~~~~~~~~~~~~~
/home/david/Documents/RockBox_Personal-master/devsrc/nano-soh-runtime/Shipwright/soh/src/overlays/misc/ovl_kaleido_scope/z_kaleido_scope_PAL.c:699:5: warning: initialization discards 'const' qualifier from pointer target type [-Wdiscarded-qualifiers]
  699 |     gBulletBag50ItemNameJPNTex,
      |     ^~~~~~~~~~~~~~~~~~~~~~~~~~
/home/david/Documents/RockBox_Personal-master/devsrc/nano-soh-runtime/Shipwright/soh/src/overlays/misc/ovl_kaleido_scope/z_kaleido_scope_PAL.c:700:5: warning: initialization discards 'const' qualifier from pointer target type [-Wdiscarded-qualifiers]
  700 |     gQuiver30ItemNameJPNTex,
      |     ^~~~~~~~~~~~~~~~~~~~~~~
/home/david/Documents/RockBox_Personal-master/devsrc/nano-soh-runtime/Shipwright/soh/src/overlays/misc/ovl_kaleido_scope/z_kaleido_scope_PAL.c:701:5: warning: initialization discards 'const' qualifier from pointer target type [-Wdiscarded-qualifiers]
  701 |     gQuiver40ItemNameJPNTex,
      |     ^~~~~~~~~~~~~~~~~~~~~~~
/home/david/Documents/RockBox_Personal-master/devsrc/nano-soh-runtime/Shipwright/soh/src/overlays/misc/ovl_kaleido_scope/z_kaleido_scope_PAL.c:702:5: warning: initialization discards 'const' qualifier from pointer target type [-Wdiscarded-qualifiers]
  702 |     gQuiver50ItemNameJPNTex,
      |     ^~~~~~~~~~~~~~~~~~~~~~~
/home/david/Documents/RockBox_Personal-master/devsrc/nano-soh-runtime/Shipwright/soh/src/overlays/misc/ovl_kaleido_scope/z_kaleido_scope_PAL.c:703:5: warning: initialization discards 'const' qualifier from pointer target type [-Wdiscarded-qualifiers]
  703 |     gBombBag20ItemNameJPNTex,
      |     ^~~~~~~~~~~~~~~~~~~~~~~~
/home/david/Documents/RockBox_Personal-master/devsrc/nano-soh-runtime/Shipwright/soh/src/overlays/misc/ovl_kaleido_scope/z_kaleido_scope_PAL.c:704:5: warning: initialization discards 'const' qualifier from pointer target type [-Wdiscarded-qualifiers]
  704 |     gBombBag30ItemNameJPNTex,
      |     ^~~~~~~~~~~~~~~~~~~~~~~~
/home/david/Documents/RockBox_Personal-master/devsrc/nano-soh-runtime/Shipwright/soh/src/overlays/misc/ovl_kaleido_scope/z_kaleido_scope_PAL.c:705:5: warning: initialization discards 'const' qualifier from pointer target type [-Wdiscarded-qualifiers]
  705 |     gBombBag40ItemNameJPNTex,
      |     ^~~~~~~~~~~~~~~~~~~~~~~~
/home/david/Documents/RockBox_Personal-master/devsrc/nano-soh-runtime/Shipwright/soh/src/overlays/misc/ovl_kaleido_scope/z_kaleido_scope_PAL.c:706:5: warning: initialization discards 'const' qualifier from pointer target type [-Wdiscarded-qualifiers]
  706 |     gGoronsBraceletItemNameJPNTex,
      |     ^~~~~~~~~~~~~~~~~~~~~~~~~~~~~
/home/david/Documents/RockBox_Personal-master/devsrc/nano-soh-runtime/Shipwright/soh/src/overlays/misc/ovl_kaleido_scope/z_kaleido_scope_PAL.c:707:5: warning: initialization discards 'const' qualifier from pointer target type [-Wdiscarded-qualifiers]
  707 |     gSilverGauntletsItemNameJPNTex,
      |     ^~~~~~~~~~~~~~~~~~~~~~~~~~~~~~
/home/david/Documents/RockBox_Personal-master/devsrc/nano-soh-runtime/Shipwright/soh/src/overlays/misc/ovl_kaleido_scope/z_kaleido_scope_PAL.c:708:5: warning: initialization discards 'const' qualifier from pointer target type [-Wdiscarded-qualifiers]
  708 |     gGoldenGauntletsItemNameJPNTex,
      |     ^~~~~~~~~~~~~~~~~~~~~~~~~~~~~~
/home/david/Documents/RockBox_Personal-master/devsrc/nano-soh-runtime/Shipwright/soh/src/overlays/misc/ovl_kaleido_scope/z_kaleido_scope_PAL.c:709:5: warning: initialization discards 'const' qualifier from pointer target type [-Wdiscarded-qualifiers]
  709 |     gSilverScaleItemNameJPNTex,
      |     ^~~~~~~~~~~~~~~~~~~~~~~~~~
/home/david/Documents/RockBox_Personal-master/devsrc/nano-soh-runtime/Shipwright/soh/src/overlays/misc/ovl_kaleido_scope/z_kaleido_scope_PAL.c:710:5: warning: initialization discards 'const' qualifier from pointer target type [-Wdiscarded-qualifiers]
  710 |     gGoldenScaleItemNameJPNTex,
      |     ^~~~~~~~~~~~~~~~~~~~~~~~~~
/home/david/Documents/RockBox_Personal-master/devsrc/nano-soh-runtime/Shipwright/soh/src/overlays/misc/ovl_kaleido_scope/z_kaleido_scope_PAL.c:711:5: warning: initialization discards 'const' qualifier from pointer target type [-Wdiscarded-qualifiers]
  711 |     gBrokenGiantsKnifeItemNameJPNTex,
      |     ^~~~~~~~~~~~~~~~~~~~~~~~~~~~~~~~
/home/david/Documents/RockBox_Personal-master/devsrc/nano-soh-runtime/Shipwright/soh/src/overlays/misc/ovl_kaleido_scope/z_kaleido_scope_PAL.c:712:5: warning: initialization discards 'const' qualifier from pointer target type [-Wdiscarded-qualifiers]
  712 |     gUnusedBossKeyItemName1JPNTex,
      |     ^~~~~~~~~~~~~~~~~~~~~~~~~~~~~
/home/david/Documents/RockBox_Personal-master/devsrc/nano-soh-runtime/Shipwright/soh/src/overlays/misc/ovl_kaleido_scope/z_kaleido_scope_PAL.c:713:5: warning: initialization discards 'const' qualifier from pointer target type [-Wdiscarded-qualifiers]
  713 |     gUnusedBossKeyItemName2JPNTex,
      |     ^~~~~~~~~~~~~~~~~~~~~~~~~~~~~
/home/david/Documents/RockBox_Personal-master/devsrc/nano-soh-runtime/Shipwright/soh/src/overlays/misc/ovl_kaleido_scope/z_kaleido_scope_PAL.c:714:5: warning: initialization discards 'const' qualifier from pointer target type [-Wdiscarded-qualifiers]
  714 |     gUnusedBossKeyItemName3JPNTex,
      |     ^~~~~~~~~~~~~~~~~~~~~~~~~~~~~
/home/david/Documents/RockBox_Personal-master/devsrc/nano-soh-runtime/Shipwright/soh/src/overlays/misc/ovl_kaleido_scope/z_kaleido_scope_PAL.c:715:5: warning: initialization discards 'const' qualifier from pointer target type [-Wdiscarded-qualifiers]
  715 |     gUnusedBossKeyItemName4JPNTex,
      |     ^~~~~~~~~~~~~~~~~~~~~~~~~~~~~
/home/david/Documents/RockBox_Personal-master/devsrc/nano-soh-runtime/Shipwright/soh/src/overlays/misc/ovl_kaleido_scope/z_kaleido_scope_PAL.c:716:5: warning: initialization discards 'const' qualifier from pointer target type [-Wdiscarded-qualifiers]
  716 |     gMinuetOfForestItemNameJPNTex,
      |     ^~~~~~~~~~~~~~~~~~~~~~~~~~~~~
/home/david/Documents/RockBox_Personal-master/devsrc/nano-soh-runtime/Shipwright/soh/src/overlays/misc/ovl_kaleido_scope/z_kaleido_scope_PAL.c:717:5: warning: initialization discards 'const' qualifier from pointer target type [-Wdiscarded-qualifiers]
  717 |     gBoleroOfFireItemNameJPNTex,
      |     ^~~~~~~~~~~~~~~~~~~~~~~~~~~
/home/david/Documents/RockBox_Personal-master/devsrc/nano-soh-runtime/Shipwright/soh/src/overlays/misc/ovl_kaleido_scope/z_kaleido_scope_PAL.c:718:5: warning: initialization discards 'const' qualifier from pointer target type [-Wdiscarded-qualifiers]
  718 |     gSerenadeOfWaterItemNameJPNTex,
      |     ^~~~~~~~~~~~~~~~~~~~~~~~~~~~~~
/home/david/Documents/RockBox_Personal-master/devsrc/nano-soh-runtime/Shipwright/soh/src/overlays/misc/ovl_kaleido_scope/z_kaleido_scope_PAL.c:719:5: warning: initialization discards 'const' qualifier from pointer target type [-Wdiscarded-qualifiers]
  719 |     gRequiemOfSpiritItemNameJPNTex,
      |     ^~~~~~~~~~~~~~~~~~~~~~~~~~~~~~
/home/david/Documents/RockBox_Personal-master/devsrc/nano-soh-runtime/Shipwright/soh/src/overlays/misc/ovl_kaleido_scope/z_kaleido_scope_PAL.c:720:5: warning: initialization discards 'const' qualifier from pointer target type [-Wdiscarded-qualifiers]
  720 |     gNocturneOfShadowItemNameJPNTex,
      |     ^~~~~~~~~~~~~~~~~~~~~~~~~~~~~~~
/home/david/Documents/RockBox_Personal-master/devsrc/nano-soh-runtime/Shipwright/soh/src/overlays/misc/ovl_kaleido_scope/z_kaleido_scope_PAL.c:721:5: warning: initialization discards 'const' qualifier from pointer target type [-Wdiscarded-qualifiers]
  721 |     gPreludeOfLightItemNameJPNTex,
      |     ^~~~~~~~~~~~~~~~~~~~~~~~~~~~~
/home/david/Documents/RockBox_Personal-master/devsrc/nano-soh-runtime/Shipwright/soh/src/overlays/misc/ovl_kaleido_scope/z_kaleido_scope_PAL.c:722:5: warning: initialization discards 'const' qualifier from pointer target type [-Wdiscarded-qualifiers]
  722 |     gZeldasLullabyItemNameJPNTex,
      |     ^~~~~~~~~~~~~~~~~~~~~~~~~~~~
/home/david/Documents/RockBox_Personal-master/devsrc/nano-soh-runtime/Shipwright/soh/src/overlays/misc/ovl_kaleido_scope/z_kaleido_scope_PAL.c:723:5: warning: initialization discards 'const' qualifier from pointer target type [-Wdiscarded-qualifiers]
  723 |     gEponasSongItemNameJPNTex,
      |     ^~~~~~~~~~~~~~~~~~~~~~~~~
/home/david/Documents/RockBox_Personal-master/devsrc/nano-soh-runtime/Shipwright/soh/src/overlays/misc/ovl_kaleido_scope/z_kaleido_scope_PAL.c:724:5: warning: initialization discards 'const' qualifier from pointer target type [-Wdiscarded-qualifiers]
  724 |     gSariasSongItemNameJPNTex,
      |     ^~~~~~~~~~~~~~~~~~~~~~~~~
/home/david/Documents/RockBox_Personal-master/devsrc/nano-soh-runtime/Shipwright/soh/src/overlays/misc/ovl_kaleido_scope/z_kaleido_scope_PAL.c:725:5: warning: initialization discards 'const' qualifier from pointer target type [-Wdiscarded-qualifiers]
  725 |     gSunsSongItemNameJPNTex,
      |     ^~~~~~~~~~~~~~~~~~~~~~~
/home/david/Documents/RockBox_Personal-master/devsrc/nano-soh-runtime/Shipwright/soh/src/overlays/misc/ovl_kaleido_scope/z_kaleido_scope_PAL.c:726:5: warning: initialization discards 'const' qualifier from pointer target type [-Wdiscarded-qualifiers]
  726 |     gSongOfTimeItemNameJPNTex,
      |     ^~~~~~~~~~~~~~~~~~~~~~~~~
/home/david/Documents/RockBox_Personal-master/devsrc/nano-soh-runtime/Shipwright/soh/src/overlays/misc/ovl_kaleido_scope/z_kaleido_scope_PAL.c:727:5: warning: initialization discards 'const' qualifier from pointer target type [-Wdiscarded-qualifiers]
  727 |     gSongOfStormsItemNameJPNTex,
      |     ^~~~~~~~~~~~~~~~~~~~~~~~~~~
/home/david/Documents/RockBox_Personal-master/devsrc/nano-soh-runtime/Shipwright/soh/src/overlays/misc/ovl_kaleido_scope/z_kaleido_scope_PAL.c:728:5: warning: initialization discards 'const' qualifier from pointer target type [-Wdiscarded-qualifiers]
  728 |     gForestMedallionItemNameJPNTex,
      |     ^~~~~~~~~~~~~~~~~~~~~~~~~~~~~~
/home/david/Documents/RockBox_Personal-master/devsrc/nano-soh-runtime/Shipwright/soh/src/overlays/misc/ovl_kaleido_scope/z_kaleido_scope_PAL.c:729:5: warning: initialization discards 'const' qualifier from pointer target type [-Wdiscarded-qualifiers]
  729 |     gFireMedallionItemNameJPNTex,
      |     ^~~~~~~~~~~~~~~~~~~~~~~~~~~~
/home/david/Documents/RockBox_Personal-master/devsrc/nano-soh-runtime/Shipwright/soh/src/overlays/misc/ovl_kaleido_scope/z_kaleido_scope_PAL.c:730:5: warning: initialization discards 'const' qualifier from pointer target type [-Wdiscarded-qualifiers]
  730 |     gWaterMedallionItemNameJPNTex,
      |     ^~~~~~~~~~~~~~~~~~~~~~~~~~~~~
/home/david/Documents/RockBox_Personal-master/devsrc/nano-soh-runtime/Shipwright/soh/src/overlays/misc/ovl_kaleido_scope/z_kaleido_scope_PAL.c:731:5: warning: initialization discards 'const' qualifier from pointer target type [-Wdiscarded-qualifiers]
  731 |     gSpiritMedallionItemNameJPNTex,
      |     ^~~~~~~~~~~~~~~~~~~~~~~~~~~~~~
/home/david/Documents/RockBox_Personal-master/devsrc/nano-soh-runtime/Shipwright/soh/src/overlays/misc/ovl_kaleido_scope/z_kaleido_scope_PAL.c:732:5: warning: initialization discards 'const' qualifier from pointer target type [-Wdiscarded-qualifiers]
  732 |     gShadowMedallionItemNameJPNTex,
      |     ^~~~~~~~~~~~~~~~~~~~~~~~~~~~~~
/home/david/Documents/RockBox_Personal-master/devsrc/nano-soh-runtime/Shipwright/soh/src/overlays/misc/ovl_kaleido_scope/z_kaleido_scope_PAL.c:733:5: warning: initialization discards 'const' qualifier from pointer target type [-Wdiscarded-qualifiers]
  733 |     gLightMedallionItemNameJPNTex,
      |     ^~~~~~~~~~~~~~~~~~~~~~~~~~~~~
/home/david/Documents/RockBox_Personal-master/devsrc/nano-soh-runtime/Shipwright/soh/src/overlays/misc/ovl_kaleido_scope/z_kaleido_scope_PAL.c:734:5: warning: initialization discards 'const' qualifier from pointer target type [-Wdiscarded-qualifiers]
  734 |     gKokiriEmeraldItemNameJPNTex,
      |     ^~~~~~~~~~~~~~~~~~~~~~~~~~~~
/home/david/Documents/RockBox_Personal-master/devsrc/nano-soh-runtime/Shipwright/soh/src/overlays/misc/ovl_kaleido_scope/z_kaleido_scope_PAL.c:735:5: warning: initialization discards 'const' qualifier from pointer target type [-Wdiscarded-qualifiers]
  735 |     gGoronsRubyItemNameJPNTex,
      |     ^~~~~~~~~~~~~~~~~~~~~~~~~
/home/david/Documents/RockBox_Personal-master/devsrc/nano-soh-runtime/Shipwright/soh/src/overlays/misc/ovl_kaleido_scope/z_kaleido_scope_PAL.c:736:5: warning: initialization discards 'const' qualifier from pointer target type [-Wdiscarded-qualifiers]
  736 |     gZorasSapphireItemNameJPNTex,
      |     ^~~~~~~~~~~~~~~~~~~~~~~~~~~~
/home/david/Documents/RockBox_Personal-master/devsrc/nano-soh-runtime/Shipwright/soh/src/overlays/misc/ovl_kaleido_scope/z_kaleido_scope_PAL.c:737:5: warning: initialization discards 'const' qualifier from pointer target type [-Wdiscarded-qualifiers]
  737 |     gStoneofAgonyItemNameJPNTex,
      |     ^~~~~~~~~~~~~~~~~~~~~~~~~~~
/home/david/Documents/RockBox_Personal-master/devsrc/nano-soh-runtime/Shipwright/soh/src/overlays/misc/ovl_kaleido_scope/z_kaleido_scope_PAL.c:738:5: warning: initialization discards 'const' qualifier from pointer target type [-Wdiscarded-qualifiers]
  738 |     gGerudosCardItemNameJPNTex,
      |     ^~~~~~~~~~~~~~~~~~~~~~~~~~
/home/david/Documents/RockBox_Personal-master/devsrc/nano-soh-runtime/Shipwright/soh/src/overlays/misc/ovl_kaleido_scope/z_kaleido_scope_PAL.c:739:5: warning: initialization discards 'const' qualifier from pointer target type [-Wdiscarded-qualifiers]
  739 |     gGoldSkulltulaItemNameJPNTex,
      |     ^~~~~~~~~~~~~~~~~~~~~~~~~~~~
/home/david/Documents/RockBox_Personal-master/devsrc/nano-soh-runtime/Shipwright/soh/src/overlays/misc/ovl_kaleido_scope/z_kaleido_scope_PAL.c:740:5: warning: initialization discards 'const' qualifier from pointer target type [-Wdiscarded-qualifiers]
  740 |     gPieceOfHeartItemNameJPNTex,
      |     ^~~~~~~~~~~~~~~~~~~~~~~~~~~
/home/david/Documents/RockBox_Personal-master/devsrc/nano-soh-runtime/Shipwright/soh/src/overlays/misc/ovl_kaleido_scope/z_kaleido_scope_PAL.c:741:5: warning: initialization discards 'const' qualifier from pointer target type [-Wdiscarded-qualifiers]
  741 |     gUnusedPieceOfHeartItemName1JPNTex,
      |     ^~~~~~~~~~~~~~~~~~~~~~~~~~~~~~~~~~
/home/david/Documents/RockBox_Personal-master/devsrc/nano-soh-runtime/Shipwright/soh/src/overlays/misc/ovl_kaleido_scope/z_kaleido_scope_PAL.c:742:5: warning: initialization discards 'const' qualifier from pointer target type [-Wdiscarded-qualifiers]
  742 |     gUnusedBigKeyItemNameJPNTex,
      |     ^~~~~~~~~~~~~~~~~~~~~~~~~~~
/home/david/Documents/RockBox_Personal-master/devsrc/nano-soh-runtime/Shipwright/soh/src/overlays/misc/ovl_kaleido_scope/z_kaleido_scope_PAL.c:743:5: warning: initialization discards 'const' qualifier from pointer target type [-Wdiscarded-qualifiers]
  743 |     gCompassItemNameJPNTex,
      |     ^~~~~~~~~~~~~~~~~~~~~~
/home/david/Documents/RockBox_Personal-master/devsrc/nano-soh-runtime/Shipwright/soh/src/overlays/misc/ovl_kaleido_scope/z_kaleido_scope_PAL.c:744:5: warning: initialization discards 'const' qualifier from pointer target type [-Wdiscarded-qualifiers]
  744 |     gDungeonMapItemNameJPNTex,
      |     ^~~~~~~~~~~~~~~~~~~~~~~~~
/home/david/Documents/RockBox_Personal-master/devsrc/nano-soh-runtime/Shipwright/soh/src/overlays/misc/ovl_kaleido_scope/z_kaleido_scope_PAL.c:745:5: warning: initialization discards 'const' qualifier from pointer target type [-Wdiscarded-qualifiers]
  745 |     gUnusedBossKeyItemName5JPNTex,
      |     ^~~~~~~~~~~~~~~~~~~~~~~~~~~~~
/home/david/Documents/RockBox_Personal-master/devsrc/nano-soh-runtime/Shipwright/soh/src/overlays/misc/ovl_kaleido_scope/z_kaleido_scope_PAL.c:746:5: warning: initialization discards 'const' qualifier from pointer target type [-Wdiscarded-qualifiers]
  746 |     gUnusedBossKeyItemName6JPNTex,
      |     ^~~~~~~~~~~~~~~~~~~~~~~~~~~~~
/home/david/Documents/RockBox_Personal-master/devsrc/nano-soh-runtime/Shipwright/soh/src/overlays/misc/ovl_kaleido_scope/z_kaleido_scope_PAL.c:747:5: warning: initialization discards 'const' qualifier from pointer target type [-Wdiscarded-qualifiers]
  747 |     gUnusedBossKeyItemName7JPNTex,
      |     ^~~~~~~~~~~~~~~~~~~~~~~~~~~~~
/home/david/Documents/RockBox_Personal-master/devsrc/nano-soh-runtime/Shipwright/soh/src/overlays/misc/ovl_kaleido_scope/z_kaleido_scope_PAL.c:748:5: warning: initialization discards 'const' qualifier from pointer target type [-Wdiscarded-qualifiers]
  748 |     gBiggoronsSwordItemNameJPNTex,
      |     ^~~~~~~~~~~~~~~~~~~~~~~~~~~~~
/home/david/Documents/RockBox_Personal-master/devsrc/nano-soh-runtime/Shipwright/soh/src/overlays/misc/ovl_kaleido_scope/z_kaleido_scope_PAL.c:754:14: warning: initialization discards 'const' qualifier from pointer target type [-Wdiscarded-qualifiers]
  754 |     /*  0 */ gHauntedWastelandPointNameENGTex,
      |              ^~~~~~~~~~~~~~~~~~~~~~~~~~~~~~~~
/home/david/Documents/RockBox_Personal-master/devsrc/nano-soh-runtime/Shipwright/soh/src/overlays/misc/ovl_kaleido_scope/z_kaleido_scope_PAL.c:755:14: warning: initialization discards 'const' qualifier from pointer target type [-Wdiscarded-qualifiers]
  755 |     /*  1 */ gGerudosFortressPointNameENGTex,
      |              ^~~~~~~~~~~~~~~~~~~~~~~~~~~~~~~
/home/david/Documents/RockBox_Personal-master/devsrc/nano-soh-runtime/Shipwright/soh/src/overlays/misc/ovl_kaleido_scope/z_kaleido_scope_PAL.c:756:14: warning: initialization discards 'const' qualifier from pointer target type [-Wdiscarded-qualifiers]
  756 |     /*  2 */ gGerudoValleyPointNameENGTex,
      |              ^~~~~~~~~~~~~~~~~~~~~~~~~~~~
/home/david/Documents/RockBox_Personal-master/devsrc/nano-soh-runtime/Shipwright/soh/src/overlays/misc/ovl_kaleido_scope/z_kaleido_scope_PAL.c:757:14: warning: initialization discards 'const' qualifier from pointer target type [-Wdiscarded-qualifiers]
  757 |     /*  3 */ gHyliaLakesidePointNameENGTex,
      |              ^~~~~~~~~~~~~~~~~~~~~~~~~~~~~
/home/david/Documents/RockBox_Personal-master/devsrc/nano-soh-runtime/Shipwright/soh/src/overlays/misc/ovl_kaleido_scope/z_kaleido_scope_PAL.c:758:14: warning: initialization discards 'const' qualifier from pointer target type [-Wdiscarded-qualifiers]
  758 |     /*  4 */ gLonLonRanchPointNameENGTex,
      |              ^~~~~~~~~~~~~~~~~~~~~~~~~~~
/home/david/Documents/RockBox_Personal-master/devsrc/nano-soh-runtime/Shipwright/soh/src/overlays/misc/ovl_kaleido_scope/z_kaleido_scope_PAL.c:759:14: warning: initialization discards 'const' qualifier from pointer target type [-Wdiscarded-qualifiers]
  759 |     /*  5 */ gMarketPointNameENGTex,
      |              ^~~~~~~~~~~~~~~~~~~~~~
/home/david/Documents/RockBox_Personal-master/devsrc/nano-soh-runtime/Shipwright/soh/src/overlays/misc/ovl_kaleido_scope/z_kaleido_scope_PAL.c:760:14: warning: initialization discards 'const' qualifier from pointer target type [-Wdiscarded-qualifiers]
  760 |     /*  6 */ gHyruleFieldPointNameENGTex,
      |              ^~~~~~~~~~~~~~~~~~~~~~~~~~~
/home/david/Documents/RockBox_Personal-master/devsrc/nano-soh-runtime/Shipwright/soh/src/overlays/misc/ovl_kaleido_scope/z_kaleido_scope_PAL.c:761:14: warning: initialization discards 'const' qualifier from pointer target type [-Wdiscarded-qualifiers]
  761 |     /*  7 */ gDeathMountainPointNameENGTex,
      |              ^~~~~~~~~~~~~~~~~~~~~~~~~~~~~
/home/david/Documents/RockBox_Personal-master/devsrc/nano-soh-runtime/Shipwright/soh/src/overlays/misc/ovl_kaleido_scope/z_kaleido_scope_PAL.c:762:14: warning: initialization discards 'const' qualifier from pointer target type [-Wdiscarded-qualifiers]
  762 |     /*  8 */ gKakarikoVillagePointNameENGTex,
      |              ^~~~~~~~~~~~~~~~~~~~~~~~~~~~~~~
/home/david/Documents/RockBox_Personal-master/devsrc/nano-soh-runtime/Shipwright/soh/src/overlays/misc/ovl_kaleido_scope/z_kaleido_scope_PAL.c:763:14: warning: initialization discards 'const' qualifier from pointer target type [-Wdiscarded-qualifiers]
  763 |     /*  9 */ gLostWoodsPointNameENGTex,
      |              ^~~~~~~~~~~~~~~~~~~~~~~~~
/home/david/Documents/RockBox_Personal-master/devsrc/nano-soh-runtime/Shipwright/soh/src/overlays/misc/ovl_kaleido_scope/z_kaleido_scope_PAL.c:764:14: warning: initialization discards 'const' qualifier from pointer target type [-Wdiscarded-qualifiers]
  764 |     /* 10 */ gKokiriForestPointNameENGTex,
      |              ^~~~~~~~~~~~~~~~~~~~~~~~~~~~
/home/david/Documents/RockBox_Personal-master/devsrc/nano-soh-runtime/Shipwright/soh/src/overlays/misc/ovl_kaleido_scope/z_kaleido_scope_PAL.c:765:14: warning: initialization discards 'const' qualifier from pointer target type [-Wdiscarded-qualifiers]
  765 |     /* 11 */ gZorasDomainPointNameENGTex,
      |              ^~~~~~~~~~~~~~~~~~~~~~~~~~~
/home/david/Documents/RockBox_Personal-master/devsrc/nano-soh-runtime/Shipwright/soh/src/overlays/misc/ovl_kaleido_scope/z_kaleido_scope_PAL.c:767:14: warning: initialization discards 'const' qualifier from pointer target type [-Wdiscarded-qualifiers]
  767 |     /*  0 */ gHauntedWastelandPointNameGERTex,
      |              ^~~~~~~~~~~~~~~~~~~~~~~~~~~~~~~~
/home/david/Documents/RockBox_Personal-master/devsrc/nano-soh-runtime/Shipwright/soh/src/overlays/misc/ovl_kaleido_scope/z_kaleido_scope_PAL.c:768:14: warning: initialization discards 'const' qualifier from pointer target type [-Wdiscarded-qualifiers]
  768 |     /*  1 */ gGerudosFortressPointNameGERTex,
      |              ^~~~~~~~~~~~~~~~~~~~~~~~~~~~~~~
/home/david/Documents/RockBox_Personal-master/devsrc/nano-soh-runtime/Shipwright/soh/src/overlays/misc/ovl_kaleido_scope/z_kaleido_scope_PAL.c:769:14: warning: initialization discards 'const' qualifier from pointer target type [-Wdiscarded-qualifiers]
  769 |     /*  2 */ gGerudoValleyPointNameGERTex,
      |              ^~~~~~~~~~~~~~~~~~~~~~~~~~~~
/home/david/Documents/RockBox_Personal-master/devsrc/nano-soh-runtime/Shipwright/soh/src/overlays/misc/ovl_kaleido_scope/z_kaleido_scope_PAL.c:770:14: warning: initialization discards 'const' qualifier from pointer target type [-Wdiscarded-qualifiers]
  770 |     /*  3 */ gHyliaLakesidePointNameGERTex,
      |              ^~~~~~~~~~~~~~~~~~~~~~~~~~~~~
/home/david/Documents/RockBox_Personal-master/devsrc/nano-soh-runtime/Shipwright/soh/src/overlays/misc/ovl_kaleido_scope/z_kaleido_scope_PAL.c:771:14: warning: initialization discards 'const' qualifier from pointer target type [-Wdiscarded-qualifiers]
  771 |     /*  4 */ gLonLonRanchPointNameGERTex,
      |              ^~~~~~~~~~~~~~~~~~~~~~~~~~~
/home/david/Documents/RockBox_Personal-master/devsrc/nano-soh-runtime/Shipwright/soh/src/overlays/misc/ovl_kaleido_scope/z_kaleido_scope_PAL.c:772:14: warning: initialization discards 'const' qualifier from pointer target type [-Wdiscarded-qualifiers]
  772 |     /*  5 */ gMarketPointNameGERTex,
      |              ^~~~~~~~~~~~~~~~~~~~~~
/home/david/Documents/RockBox_Personal-master/devsrc/nano-soh-runtime/Shipwright/soh/src/overlays/misc/ovl_kaleido_scope/z_kaleido_scope_PAL.c:773:14: warning: initialization discards 'const' qualifier from pointer target type [-Wdiscarded-qualifiers]
  773 |     /*  6 */ gHyruleFieldPointNameGERTex,
      |              ^~~~~~~~~~~~~~~~~~~~~~~~~~~
/home/david/Documents/RockBox_Personal-master/devsrc/nano-soh-runtime/Shipwright/soh/src/overlays/misc/ovl_kaleido_scope/z_kaleido_scope_PAL.c:774:14: warning: initialization discards 'const' qualifier from pointer target type [-Wdiscarded-qualifiers]
  774 |     /*  7 */ gDeathMountainPointNameGERTex,
      |              ^~~~~~~~~~~~~~~~~~~~~~~~~~~~~
/home/david/Documents/RockBox_Personal-master/devsrc/nano-soh-runtime/Shipwright/soh/src/overlays/misc/ovl_kaleido_scope/z_kaleido_scope_PAL.c:775:14: warning: initialization discards 'const' qualifier from pointer target type [-Wdiscarded-qualifiers]
  775 |     /*  8 */ gKakarikoVillagePointNameGERTex,
      |              ^~~~~~~~~~~~~~~~~~~~~~~~~~~~~~~
/home/david/Documents/RockBox_Personal-master/devsrc/nano-soh-runtime/Shipwright/soh/src/overlays/misc/ovl_kaleido_scope/z_kaleido_scope_PAL.c:776:14: warning: initialization discards 'const' qualifier from pointer target type [-Wdiscarded-qualifiers]
  776 |     /*  9 */ gLostWoodsPointNameGERTex,
      |              ^~~~~~~~~~~~~~~~~~~~~~~~~
/home/david/Documents/RockBox_Personal-master/devsrc/nano-soh-runtime/Shipwright/soh/src/overlays/misc/ovl_kaleido_scope/z_kaleido_scope_PAL.c:777:14: warning: initialization discards 'const' qualifier from pointer target type [-Wdiscarded-qualifiers]
  777 |     /* 10 */ gKokiriForestPointNameGERTex,
      |              ^~~~~~~~~~~~~~~~~~~~~~~~~~~~
/home/david/Documents/RockBox_Personal-master/devsrc/nano-soh-runtime/Shipwright/soh/src/overlays/misc/ovl_kaleido_scope/z_kaleido_scope_PAL.c:778:14: warning: initialization discards 'const' qualifier from pointer target type [-Wdiscarded-qualifiers]
  778 |     /* 11 */ gZorasDomainPointNameGERTex,
      |              ^~~~~~~~~~~~~~~~~~~~~~~~~~~
/home/david/Documents/RockBox_Personal-master/devsrc/nano-soh-runtime/Shipwright/soh/src/overlays/misc/ovl_kaleido_scope/z_kaleido_scope_PAL.c:780:14: warning: initialization discards 'const' qualifier from pointer target type [-Wdiscarded-qualifiers]
  780 |     /*  0 */ gHauntedWastelandPointNameFRATex,
      |              ^~~~~~~~~~~~~~~~~~~~~~~~~~~~~~~~
/home/david/Documents/RockBox_Personal-master/devsrc/nano-soh-runtime/Shipwright/soh/src/overlays/misc/ovl_kaleido_scope/z_kaleido_scope_PAL.c:781:14: warning: initialization discards 'const' qualifier from pointer target type [-Wdiscarded-qualifiers]
  781 |     /*  1 */ gGerudosFortressPointNameFRATex,
      |              ^~~~~~~~~~~~~~~~~~~~~~~~~~~~~~~
/home/david/Documents/RockBox_Personal-master/devsrc/nano-soh-runtime/Shipwright/soh/src/overlays/misc/ovl_kaleido_scope/z_kaleido_scope_PAL.c:782:14: warning: initialization discards 'const' qualifier from pointer target type [-Wdiscarded-qualifiers]
  782 |     /*  2 */ gGerudoValleyPointNameFRATex,
      |              ^~~~~~~~~~~~~~~~~~~~~~~~~~~~
/home/david/Documents/RockBox_Personal-master/devsrc/nano-soh-runtime/Shipwright/soh/src/overlays/misc/ovl_kaleido_scope/z_kaleido_scope_PAL.c:783:14: warning: initialization discards 'const' qualifier from pointer target type [-Wdiscarded-qualifiers]
  783 |     /*  3 */ gHyliaLakesidePointNameFRATex,
      |              ^~~~~~~~~~~~~~~~~~~~~~~~~~~~~
/home/david/Documents/RockBox_Personal-master/devsrc/nano-soh-runtime/Shipwright/soh/src/overlays/misc/ovl_kaleido_scope/z_kaleido_scope_PAL.c:784:14: warning: initialization discards 'const' qualifier from pointer target type [-Wdiscarded-qualifiers]
  784 |     /*  4 */ gLonLonRanchPointNameFRATex,
      |              ^~~~~~~~~~~~~~~~~~~~~~~~~~~
/home/david/Documents/RockBox_Personal-master/devsrc/nano-soh-runtime/Shipwright/soh/src/overlays/misc/ovl_kaleido_scope/z_kaleido_scope_PAL.c:785:14: warning: initialization discards 'const' qualifier from pointer target type [-Wdiscarded-qualifiers]
  785 |     /*  5 */ gMarketPointNameFRATex,
      |              ^~~~~~~~~~~~~~~~~~~~~~
/home/david/Documents/RockBox_Personal-master/devsrc/nano-soh-runtime/Shipwright/soh/src/overlays/misc/ovl_kaleido_scope/z_kaleido_scope_PAL.c:786:14: warning: initialization discards 'const' qualifier from pointer target type [-Wdiscarded-qualifiers]
  786 |     /*  6 */ gHyruleFieldPointNameFRATex,
      |              ^~~~~~~~~~~~~~~~~~~~~~~~~~~
/home/david/Documents/RockBox_Personal-master/devsrc/nano-soh-runtime/Shipwright/soh/src/overlays/misc/ovl_kaleido_scope/z_kaleido_scope_PAL.c:787:14: warning: initialization discards 'const' qualifier from pointer target type [-Wdiscarded-qualifiers]
  787 |     /*  7 */ gDeathMountainPointNameFRATex,
      |              ^~~~~~~~~~~~~~~~~~~~~~~~~~~~~
/home/david/Documents/RockBox_Personal-master/devsrc/nano-soh-runtime/Shipwright/soh/src/overlays/misc/ovl_kaleido_scope/z_kaleido_scope_PAL.c:788:14: warning: initialization discards 'const' qualifier from pointer target type [-Wdiscarded-qualifiers]
  788 |     /*  8 */ gKakarikoVillagePointNameFRATex,
      |              ^~~~~~~~~~~~~~~~~~~~~~~~~~~~~~~
/home/david/Documents/RockBox_Personal-master/devsrc/nano-soh-runtime/Shipwright/soh/src/overlays/misc/ovl_kaleido_scope/z_kaleido_scope_PAL.c:789:14: warning: initialization discards 'const' qualifier from pointer target type [-Wdiscarded-qualifiers]
  789 |     /*  9 */ gLostWoodsPointNameFRATex,
      |              ^~~~~~~~~~~~~~~~~~~~~~~~~
/home/david/Documents/RockBox_Personal-master/devsrc/nano-soh-runtime/Shipwright/soh/src/overlays/misc/ovl_kaleido_scope/z_kaleido_scope_PAL.c:790:14: warning: initialization discards 'const' qualifier from pointer target type [-Wdiscarded-qualifiers]
  790 |     /* 10 */ gKokiriForestPointNameFRATex,
      |              ^~~~~~~~~~~~~~~~~~~~~~~~~~~~
/home/david/Documents/RockBox_Personal-master/devsrc/nano-soh-runtime/Shipwright/soh/src/overlays/misc/ovl_kaleido_scope/z_kaleido_scope_PAL.c:791:14: warning: initialization discards 'const' qualifier from pointer target type [-Wdiscarded-qualifiers]
  791 |     /* 11 */ gZorasDomainPointNameFRATex,
      |              ^~~~~~~~~~~~~~~~~~~~~~~~~~~
/home/david/Documents/RockBox_Personal-master/devsrc/nano-soh-runtime/Shipwright/soh/src/overlays/misc/ovl_kaleido_scope/z_kaleido_scope_PAL.c:793:14: warning: initialization discards 'const' qualifier from pointer target type [-Wdiscarded-qualifiers]
  793 |     /*  0 */ gHauntedWastelandPointNameJPNTex,
      |              ^~~~~~~~~~~~~~~~~~~~~~~~~~~~~~~~
/home/david/Documents/RockBox_Personal-master/devsrc/nano-soh-runtime/Shipwright/soh/src/overlays/misc/ovl_kaleido_scope/z_kaleido_scope_PAL.c:794:14: warning: initialization discards 'const' qualifier from pointer target type [-Wdiscarded-qualifiers]
  794 |     /*  1 */ gGerudosFortressPointNameJPNTex,
      |              ^~~~~~~~~~~~~~~~~~~~~~~~~~~~~~~
/home/david/Documents/RockBox_Personal-master/devsrc/nano-soh-runtime/Shipwright/soh/src/overlays/misc/ovl_kaleido_scope/z_kaleido_scope_PAL.c:795:14: warning: initialization discards 'const' qualifier from pointer target type [-Wdiscarded-qualifiers]
  795 |     /*  2 */ gGerudoValleyPointNameJPNTex,
      |              ^~~~~~~~~~~~~~~~~~~~~~~~~~~~
/home/david/Documents/RockBox_Personal-master/devsrc/nano-soh-runtime/Shipwright/soh/src/overlays/misc/ovl_kaleido_scope/z_kaleido_scope_PAL.c:796:14: warning: initialization discards 'const' qualifier from pointer target type [-Wdiscarded-qualifiers]
  796 |     /*  3 */ gHyliaLakesidePointNameJPNTex,
      |              ^~~~~~~~~~~~~~~~~~~~~~~~~~~~~
/home/david/Documents/RockBox_Personal-master/devsrc/nano-soh-runtime/Shipwright/soh/src/overlays/misc/ovl_kaleido_scope/z_kaleido_scope_PAL.c:797:14: warning: initialization discards 'const' qualifier from pointer target type [-Wdiscarded-qualifiers]
  797 |     /*  4 */ gLonLonRanchPointNameJPNTex,
      |              ^~~~~~~~~~~~~~~~~~~~~~~~~~~
/home/david/Documents/RockBox_Personal-master/devsrc/nano-soh-runtime/Shipwright/soh/src/overlays/misc/ovl_kaleido_scope/z_kaleido_scope_PAL.c:798:14: warning: initialization discards 'const' qualifier from pointer target type [-Wdiscarded-qualifiers]
  798 |     /*  5 */ gMarketPointNameJPNTex,
      |              ^~~~~~~~~~~~~~~~~~~~~~
/home/david/Documents/RockBox_Personal-master/devsrc/nano-soh-runtime/Shipwright/soh/src/overlays/misc/ovl_kaleido_scope/z_kaleido_scope_PAL.c:799:14: warning: initialization discards 'const' qualifier from pointer target type [-Wdiscarded-qualifiers]
  799 |     /*  6 */ gHyruleFieldPointNameJPNTex,
      |              ^~~~~~~~~~~~~~~~~~~~~~~~~~~
/home/david/Documents/RockBox_Personal-master/devsrc/nano-soh-runtime/Shipwright/soh/src/overlays/misc/ovl_kaleido_scope/z_kaleido_scope_PAL.c:800:14: warning: initialization discards 'const' qualifier from pointer target type [-Wdiscarded-qualifiers]
  800 |     /*  7 */ gDeathMountainPointNameJPNTex,
      |              ^~~~~~~~~~~~~~~~~~~~~~~~~~~~~
/home/david/Documents/RockBox_Personal-master/devsrc/nano-soh-runtime/Shipwright/soh/src/overlays/misc/ovl_kaleido_scope/z_kaleido_scope_PAL.c:801:14: warning: initialization discards 'const' qualifier from pointer target type [-Wdiscarded-qualifiers]
  801 |     /*  8 */ gKakarikoVillagePointNameJPNTex,
      |              ^~~~~~~~~~~~~~~~~~~~~~~~~~~~~~~
/home/david/Documents/RockBox_Personal-master/devsrc/nano-soh-runtime/Shipwright/soh/src/overlays/misc/ovl_kaleido_scope/z_kaleido_scope_PAL.c:802:14: warning: initialization discards 'const' qualifier from pointer target type [-Wdiscarded-qualifiers]
  802 |     /*  9 */ gLostWoodsPointNameJPNTex,
      |              ^~~~~~~~~~~~~~~~~~~~~~~~~
/home/david/Documents/RockBox_Personal-master/devsrc/nano-soh-runtime/Shipwright/soh/src/overlays/misc/ovl_kaleido_scope/z_kaleido_scope_PAL.c:803:14: warning: initialization discards 'const' qualifier from pointer target type [-Wdiscarded-qualifiers]
  803 |     /* 10 */ gKokiriForestPointNameJPNTex,
      |              ^~~~~~~~~~~~~~~~~~~~~~~~~~~~
/home/david/Documents/RockBox_Personal-master/devsrc/nano-soh-runtime/Shipwright/soh/src/overlays/misc/ovl_kaleido_scope/z_kaleido_scope_PAL.c:804:14: warning: initialization discards 'const' qualifier from pointer target type [-Wdiscarded-qualifiers]
  804 |     /* 11 */ gZorasDomainPointNameJPNTex,
      |              ^~~~~~~~~~~~~~~~~~~~~~~~~~~
/home/david/Documents/RockBox_Personal-master/devsrc/nano-soh-runtime/Shipwright/soh/src/overlays/misc/ovl_kaleido_scope/z_kaleido_scope_PAL.c:806:14: warning: initialization discards 'const' qualifier from pointer target type [-Wdiscarded-qualifiers]
  806 |     /*  0 */ gHyruleFieldPositionNameENGTex,
      |              ^~~~~~~~~~~~~~~~~~~~~~~~~~~~~~
/home/david/Documents/RockBox_Personal-master/devsrc/nano-soh-runtime/Shipwright/soh/src/overlays/misc/ovl_kaleido_scope/z_kaleido_scope_PAL.c:807:14: warning: initialization discards 'const' qualifier from pointer target type [-Wdiscarded-qualifiers]
  807 |     /*  1 */ gKakarikoVillagePositionNameENGTex,
      |              ^~~~~~~~~~~~~~~~~~~~~~~~~~~~~~~~~~
/home/david/Documents/RockBox_Personal-master/devsrc/nano-soh-runtime/Shipwright/soh/src/overlays/misc/ovl_kaleido_scope/z_kaleido_scope_PAL.c:808:14: warning: initialization discards 'const' qualifier from pointer target type [-Wdiscarded-qualifiers]
  808 |     /*  2 */ gGraveyardPositionNameENGTex,
      |              ^~~~~~~~~~~~~~~~~~~~~~~~~~~~
/home/david/Documents/RockBox_Personal-master/devsrc/nano-soh-runtime/Shipwright/soh/src/overlays/misc/ovl_kaleido_scope/z_kaleido_scope_PAL.c:809:14: warning: initialization discards 'const' qualifier from pointer target type [-Wdiscarded-qualifiers]
  809 |     /*  3 */ gZorasRiverPositionNameENGTex,
      |              ^~~~~~~~~~~~~~~~~~~~~~~~~~~~~
/home/david/Documents/RockBox_Personal-master/devsrc/nano-soh-runtime/Shipwright/soh/src/overlays/misc/ovl_kaleido_scope/z_kaleido_scope_PAL.c:810:14: warning: initialization discards 'const' qualifier from pointer target type [-Wdiscarded-qualifiers]
  810 |     /*  4 */ gKokiriForestPositionNameENGTex,
      |              ^~~~~~~~~~~~~~~~~~~~~~~~~~~~~~~
/home/david/Documents/RockBox_Personal-master/devsrc/nano-soh-runtime/Shipwright/soh/src/overlays/misc/ovl_kaleido_scope/z_kaleido_scope_PAL.c:811:14: warning: initialization discards 'const' qualifier from pointer target type [-Wdiscarded-qualifiers]
  811 |     /*  5 */ gSacredForestMeadowPositionNameENGTex,
      |              ^~~~~~~~~~~~~~~~~~~~~~~~~~~~~~~~~~~~~
/home/david/Documents/RockBox_Personal-master/devsrc/nano-soh-runtime/Shipwright/soh/src/overlays/misc/ovl_kaleido_scope/z_kaleido_scope_PAL.c:812:14: warning: initialization discards 'const' qualifier from pointer target type [-Wdiscarded-qualifiers]
  812 |     /*  6 */ gLakeHyliaPositionNameENGTex,
      |              ^~~~~~~~~~~~~~~~~~~~~~~~~~~~
/home/david/Documents/RockBox_Personal-master/devsrc/nano-soh-runtime/Shipwright/soh/src/overlays/misc/ovl_kaleido_scope/z_kaleido_scope_PAL.c:813:14: warning: initialization discards 'const' qualifier from pointer target type [-Wdiscarded-qualifiers]
  813 |     /*  7 */ gZorasDomainPositionNameENGTex,
      |              ^~~~~~~~~~~~~~~~~~~~~~~~~~~~~~
/home/david/Documents/RockBox_Personal-master/devsrc/nano-soh-runtime/Shipwright/soh/src/overlays/misc/ovl_kaleido_scope/z_kaleido_scope_PAL.c:814:14: warning: initialization discards 'const' qualifier from pointer target type [-Wdiscarded-qualifiers]
  814 |     /*  8 */ gZorasFountainPositionNameENGTex,
      |              ^~~~~~~~~~~~~~~~~~~~~~~~~~~~~~~~
/home/david/Documents/RockBox_Personal-master/devsrc/nano-soh-runtime/Shipwright/soh/src/overlays/misc/ovl_kaleido_scope/z_kaleido_scope_PAL.c:815:14: warning: initialization discards 'const' qualifier from pointer target type [-Wdiscarded-qualifiers]
  815 |     /*  9 */ gGerudoValleyPositionNameENGTex,
      |              ^~~~~~~~~~~~~~~~~~~~~~~~~~~~~~~
/home/david/Documents/RockBox_Personal-master/devsrc/nano-soh-runtime/Shipwright/soh/src/overlays/misc/ovl_kaleido_scope/z_kaleido_scope_PAL.c:816:14: warning: initialization discards 'const' qualifier from pointer target type [-Wdiscarded-qualifiers]
  816 |     /* 10 */ gLostWoodsPositionNameENGTex,
      |              ^~~~~~~~~~~~~~~~~~~~~~~~~~~~
/home/david/Documents/RockBox_Personal-master/devsrc/nano-soh-runtime/Shipwright/soh/src/overlays/misc/ovl_kaleido_scope/z_kaleido_scope_PAL.c:817:14: warning: initialization discards 'const' qualifier from pointer target type [-Wdiscarded-qualifiers]
  817 |     /* 11 */ gDesertColossusPositionNameENGTex,
      |              ^~~~~~~~~~~~~~~~~~~~~~~~~~~~~~~~~
/home/david/Documents/RockBox_Personal-master/devsrc/nano-soh-runtime/Shipwright/soh/src/overlays/misc/ovl_kaleido_scope/z_kaleido_scope_PAL.c:818:14: warning: initialization discards 'const' qualifier from pointer target type [-Wdiscarded-qualifiers]
  818 |     /* 12 */ gGerudosFortressPositionNameENGTex,
      |              ^~~~~~~~~~~~~~~~~~~~~~~~~~~~~~~~~~
/home/david/Documents/RockBox_Personal-master/devsrc/nano-soh-runtime/Shipwright/soh/src/overlays/misc/ovl_kaleido_scope/z_kaleido_scope_PAL.c:819:14: warning: initialization discards 'const' qualifier from pointer target type [-Wdiscarded-qualifiers]
  819 |     /* 13 */ gHauntedWastelandPositionNameENGTex,
      |              ^~~~~~~~~~~~~~~~~~~~~~~~~~~~~~~~~~~
/home/david/Documents/RockBox_Personal-master/devsrc/nano-soh-runtime/Shipwright/soh/src/overlays/misc/ovl_kaleido_scope/z_kaleido_scope_PAL.c:820:14: warning: initialization discards 'const' qualifier from pointer target type [-Wdiscarded-qualifiers]
  820 |     /* 14 */ gMarketPositionNameENGTex,
      |              ^~~~~~~~~~~~~~~~~~~~~~~~~
/home/david/Documents/RockBox_Personal-master/devsrc/nano-soh-runtime/Shipwright/soh/src/overlays/misc/ovl_kaleido_scope/z_kaleido_scope_PAL.c:821:14: warning: initialization discards 'const' qualifier from pointer target type [-Wdiscarded-qualifiers]
  821 |     /* 15 */ gHyruleCastlePositionNameENGTex,
      |              ^~~~~~~~~~~~~~~~~~~~~~~~~~~~~~~
/home/david/Documents/RockBox_Personal-master/devsrc/nano-soh-runtime/Shipwright/soh/src/overlays/misc/ovl_kaleido_scope/z_kaleido_scope_PAL.c:822:14: warning: initialization discards 'const' qualifier from pointer target type [-Wdiscarded-qualifiers]
  822 |     /* 16 */ gDeathMountainTrailPositionNameENGTex,
      |              ^~~~~~~~~~~~~~~~~~~~~~~~~~~~~~~~~~~~~
/home/david/Documents/RockBox_Personal-master/devsrc/nano-soh-runtime/Shipwright/soh/src/overlays/misc/ovl_kaleido_scope/z_kaleido_scope_PAL.c:823:14: warning: initialization discards 'const' qualifier from pointer target type [-Wdiscarded-qualifiers]
  823 |     /* 17 */ gDeathMountainCraterPositionNameENGTex,
      |              ^~~~~~~~~~~~~~~~~~~~~~~~~~~~~~~~~~~~~~
/home/david/Documents/RockBox_Personal-master/devsrc/nano-soh-runtime/Shipwright/soh/src/overlays/misc/ovl_kaleido_scope/z_kaleido_scope_PAL.c:824:14: warning: initialization discards 'const' qualifier from pointer target type [-Wdiscarded-qualifiers]
  824 |     /* 18 */ gGoronCityPositionNameENGTex,
      |              ^~~~~~~~~~~~~~~~~~~~~~~~~~~~
/home/david/Documents/RockBox_Personal-master/devsrc/nano-soh-runtime/Shipwright/soh/src/overlays/misc/ovl_kaleido_scope/z_kaleido_scope_PAL.c:825:14: warning: initialization discards 'const' qualifier from pointer target type [-Wdiscarded-qualifiers]
  825 |     /* 19 */ gLonLonRanchPositionNameENGTex,
      |              ^~~~~~~~~~~~~~~~~~~~~~~~~~~~~~
/home/david/Documents/RockBox_Personal-master/devsrc/nano-soh-runtime/Shipwright/soh/src/overlays/misc/ovl_kaleido_scope/z_kaleido_scope_PAL.c:826:14: warning: initialization discards 'const' qualifier from pointer target type [-Wdiscarded-qualifiers]
  826 |     /* 20 */ gQuestionMarkPositionNameENGTex,
      |              ^~~~~~~~~~~~~~~~~~~~~~~~~~~~~~~
/home/david/Documents/RockBox_Personal-master/devsrc/nano-soh-runtime/Shipwright/soh/src/overlays/misc/ovl_kaleido_scope/z_kaleido_scope_PAL.c:827:14: warning: initialization discards 'const' qualifier from pointer target type [-Wdiscarded-qualifiers]
  827 |     /* 21 */ gGanonsCastlePositionNameENGTex,
      |              ^~~~~~~~~~~~~~~~~~~~~~~~~~~~~~~
/home/david/Documents/RockBox_Personal-master/devsrc/nano-soh-runtime/Shipwright/soh/src/overlays/misc/ovl_kaleido_scope/z_kaleido_scope_PAL.c:829:14: warning: initialization discards 'const' qualifier from pointer target type [-Wdiscarded-qualifiers]
  829 |     /*  0 */ gHyruleFieldPositionNameGERTex,
      |              ^~~~~~~~~~~~~~~~~~~~~~~~~~~~~~
/home/david/Documents/RockBox_Personal-master/devsrc/nano-soh-runtime/Shipwright/soh/src/overlays/misc/ovl_kaleido_scope/z_kaleido_scope_PAL.c:830:14: warning: initialization discards 'const' qualifier from pointer target type [-Wdiscarded-qualifiers]
  830 |     /*  1 */ gKakarikoVillagePositionNameGERTex,
      |              ^~~~~~~~~~~~~~~~~~~~~~~~~~~~~~~~~~
/home/david/Documents/RockBox_Personal-master/devsrc/nano-soh-runtime/Shipwright/soh/src/overlays/misc/ovl_kaleido_scope/z_kaleido_scope_PAL.c:831:14: warning: initialization discards 'const' qualifier from pointer target type [-Wdiscarded-qualifiers]
  831 |     /*  2 */ gGraveyardPositionNameGERTex,
      |              ^~~~~~~~~~~~~~~~~~~~~~~~~~~~
/home/david/Documents/RockBox_Personal-master/devsrc/nano-soh-runtime/Shipwright/soh/src/overlays/misc/ovl_kaleido_scope/z_kaleido_scope_PAL.c:832:14: warning: initialization discards 'const' qualifier from pointer target type [-Wdiscarded-qualifiers]
  832 |     /*  3 */ gZorasRiverPositionNameGERTex,
      |              ^~~~~~~~~~~~~~~~~~~~~~~~~~~~~
/home/david/Documents/RockBox_Personal-master/devsrc/nano-soh-runtime/Shipwright/soh/src/overlays/misc/ovl_kaleido_scope/z_kaleido_scope_PAL.c:833:14: warning: initialization discards 'const' qualifier from pointer target type [-Wdiscarded-qualifiers]
  833 |     /*  4 */ gKokiriForestPositionNameGERTex,
      |              ^~~~~~~~~~~~~~~~~~~~~~~~~~~~~~~
/home/david/Documents/RockBox_Personal-master/devsrc/nano-soh-runtime/Shipwright/soh/src/overlays/misc/ovl_kaleido_scope/z_kaleido_scope_PAL.c:834:14: warning: initialization discards 'const' qualifier from pointer target type [-Wdiscarded-qualifiers]
  834 |     /*  5 */ gSacredForestMeadowPositionNameGERTex,
      |              ^~~~~~~~~~~~~~~~~~~~~~~~~~~~~~~~~~~~~
/home/david/Documents/RockBox_Personal-master/devsrc/nano-soh-runtime/Shipwright/soh/src/overlays/misc/ovl_kaleido_scope/z_kaleido_scope_PAL.c:835:14: warning: initialization discards 'const' qualifier from pointer target type [-Wdiscarded-qualifiers]
  835 |     /*  6 */ gLakeHyliaPositionNameGERTex,
      |              ^~~~~~~~~~~~~~~~~~~~~~~~~~~~
/home/david/Documents/RockBox_Personal-master/devsrc/nano-soh-runtime/Shipwright/soh/src/overlays/misc/ovl_kaleido_scope/z_kaleido_scope_PAL.c:836:14: warning: initialization discards 'const' qualifier from pointer target type [-Wdiscarded-qualifiers]
  836 |     /*  7 */ gZorasDomainPositionNameGERTex,
      |              ^~~~~~~~~~~~~~~~~~~~~~~~~~~~~~
/home/david/Documents/RockBox_Personal-master/devsrc/nano-soh-runtime/Shipwright/soh/src/overlays/misc/ovl_kaleido_scope/z_kaleido_scope_PAL.c:837:14: warning: initialization discards 'const' qualifier from pointer target type [-Wdiscarded-qualifiers]
  837 |     /*  8 */ gZorasFountainPositionNameGERTex,
      |              ^~~~~~~~~~~~~~~~~~~~~~~~~~~~~~~~
/home/david/Documents/RockBox_Personal-master/devsrc/nano-soh-runtime/Shipwright/soh/src/overlays/misc/ovl_kaleido_scope/z_kaleido_scope_PAL.c:838:14: warning: initialization discards 'const' qualifier from pointer target type [-Wdiscarded-qualifiers]
  838 |     /*  9 */ gGerudoValleyPositionNameGERTex,
      |              ^~~~~~~~~~~~~~~~~~~~~~~~~~~~~~~
/home/david/Documents/RockBox_Personal-master/devsrc/nano-soh-runtime/Shipwright/soh/src/overlays/misc/ovl_kaleido_scope/z_kaleido_scope_PAL.c:839:14: warning: initialization discards 'const' qualifier from pointer target type [-Wdiscarded-qualifiers]
  839 |     /* 10 */ gLostWoodsPositionNameGERTex,
      |              ^~~~~~~~~~~~~~~~~~~~~~~~~~~~
/home/david/Documents/RockBox_Personal-master/devsrc/nano-soh-runtime/Shipwright/soh/src/overlays/misc/ovl_kaleido_scope/z_kaleido_scope_PAL.c:840:14: warning: initialization discards 'const' qualifier from pointer target type [-Wdiscarded-qualifiers]
  840 |     /* 11 */ gDesertColossusPositionNameGERTex,
      |              ^~~~~~~~~~~~~~~~~~~~~~~~~~~~~~~~~
/home/david/Documents/RockBox_Personal-master/devsrc/nano-soh-runtime/Shipwright/soh/src/overlays/misc/ovl_kaleido_scope/z_kaleido_scope_PAL.c:841:14: warning: initialization discards 'const' qualifier from pointer target type [-Wdiscarded-qualifiers]
  841 |     /* 12 */ gGerudosFortressPositionNameGERTex,
      |              ^~~~~~~~~~~~~~~~~~~~~~~~~~~~~~~~~~
/home/david/Documents/RockBox_Personal-master/devsrc/nano-soh-runtime/Shipwright/soh/src/overlays/misc/ovl_kaleido_scope/z_kaleido_scope_PAL.c:842:14: warning: initialization discards 'const' qualifier from pointer target type [-Wdiscarded-qualifiers]
  842 |     /* 13 */ gHauntedWastelandPositionNameGERTex,
      |              ^~~~~~~~~~~~~~~~~~~~~~~~~~~~~~~~~~~
/home/david/Documents/RockBox_Personal-master/devsrc/nano-soh-runtime/Shipwright/soh/src/overlays/misc/ovl_kaleido_scope/z_kaleido_scope_PAL.c:843:14: warning: initialization discards 'const' qualifier from pointer target type [-Wdiscarded-qualifiers]
  843 |     /* 14 */ gMarketPositionNameGERTex,
      |              ^~~~~~~~~~~~~~~~~~~~~~~~~
/home/david/Documents/RockBox_Personal-master/devsrc/nano-soh-runtime/Shipwright/soh/src/overlays/misc/ovl_kaleido_scope/z_kaleido_scope_PAL.c:844:14: warning: initialization discards 'const' qualifier from pointer target type [-Wdiscarded-qualifiers]
  844 |     /* 15 */ gHyruleCastlePositionNameGERTex,
      |              ^~~~~~~~~~~~~~~~~~~~~~~~~~~~~~~
/home/david/Documents/RockBox_Personal-master/devsrc/nano-soh-runtime/Shipwright/soh/src/overlays/misc/ovl_kaleido_scope/z_kaleido_scope_PAL.c:845:14: warning: initialization discards 'const' qualifier from pointer target type [-Wdiscarded-qualifiers]
  845 |     /* 16 */ gDeathMountainTrailPositionNameGERTex,
      |              ^~~~~~~~~~~~~~~~~~~~~~~~~~~~~~~~~~~~~
/home/david/Documents/RockBox_Personal-master/devsrc/nano-soh-runtime/Shipwright/soh/src/overlays/misc/ovl_kaleido_scope/z_kaleido_scope_PAL.c:846:14: warning: initialization discards 'const' qualifier from pointer target type [-Wdiscarded-qualifiers]
  846 |     /* 17 */ gDeathMountainCraterPositionNameGERTex,
      |              ^~~~~~~~~~~~~~~~~~~~~~~~~~~~~~~~~~~~~~
/home/david/Documents/RockBox_Personal-master/devsrc/nano-soh-runtime/Shipwright/soh/src/overlays/misc/ovl_kaleido_scope/z_kaleido_scope_PAL.c:847:14: warning: initialization discards 'const' qualifier from pointer target type [-Wdiscarded-qualifiers]
  847 |     /* 18 */ gGoronCityPositionNameGERTex,
      |              ^~~~~~~~~~~~~~~~~~~~~~~~~~~~
/home/david/Documents/RockBox_Personal-master/devsrc/nano-soh-runtime/Shipwright/soh/src/overlays/misc/ovl_kaleido_scope/z_kaleido_scope_PAL.c:848:14: warning: initialization discards 'const' qualifier from pointer target type [-Wdiscarded-qualifiers]
  848 |     /* 19 */ gLonLonRanchPositionNameGERTex,
      |              ^~~~~~~~~~~~~~~~~~~~~~~~~~~~~~
/home/david/Documents/RockBox_Personal-master/devsrc/nano-soh-runtime/Shipwright/soh/src/overlays/misc/ovl_kaleido_scope/z_kaleido_scope_PAL.c:849:14: warning: initialization discards 'const' qualifier from pointer target type [-Wdiscarded-qualifiers]
  849 |     /* 20 */ gQuestionMarkPositionNameGERTex,
      |              ^~~~~~~~~~~~~~~~~~~~~~~~~~~~~~~
/home/david/Documents/RockBox_Personal-master/devsrc/nano-soh-runtime/Shipwright/soh/src/overlays/misc/ovl_kaleido_scope/z_kaleido_scope_PAL.c:850:14: warning: initialization discards 'const' qualifier from pointer target type [-Wdiscarded-qualifiers]
  850 |     /* 21 */ gGanonsCastlePositionNameGERTex,
      |              ^~~~~~~~~~~~~~~~~~~~~~~~~~~~~~~
/home/david/Documents/RockBox_Personal-master/devsrc/nano-soh-runtime/Shipwright/soh/src/overlays/misc/ovl_kaleido_scope/z_kaleido_scope_PAL.c:852:14: warning: initialization discards 'const' qualifier from pointer target type [-Wdiscarded-qualifiers]
  852 |     /*  0 */ gHyruleFieldPositionNameFRATex,
      |              ^~~~~~~~~~~~~~~~~~~~~~~~~~~~~~
/home/david/Documents/RockBox_Personal-master/devsrc/nano-soh-runtime/Shipwright/soh/src/overlays/misc/ovl_kaleido_scope/z_kaleido_scope_PAL.c:853:14: warning: initialization discards 'const' qualifier from pointer target type [-Wdiscarded-qualifiers]
  853 |     /*  1 */ gKakarikoVillagePositionNameFRATex,
      |              ^~~~~~~~~~~~~~~~~~~~~~~~~~~~~~~~~~
/home/david/Documents/RockBox_Personal-master/devsrc/nano-soh-runtime/Shipwright/soh/src/overlays/misc/ovl_kaleido_scope/z_kaleido_scope_PAL.c:854:14: warning: initialization discards 'const' qualifier from pointer target type [-Wdiscarded-qualifiers]
  854 |     /*  2 */ gGraveyardPositionNameFRATex,
      |              ^~~~~~~~~~~~~~~~~~~~~~~~~~~~
/home/david/Documents/RockBox_Personal-master/devsrc/nano-soh-runtime/Shipwright/soh/src/overlays/misc/ovl_kaleido_scope/z_kaleido_scope_PAL.c:855:14: warning: initialization discards 'const' qualifier from pointer target type [-Wdiscarded-qualifiers]
  855 |     /*  3 */ gZorasRiverPositionNameFRATex,
      |              ^~~~~~~~~~~~~~~~~~~~~~~~~~~~~
/home/david/Documents/RockBox_Personal-master/devsrc/nano-soh-runtime/Shipwright/soh/src/overlays/misc/ovl_kaleido_scope/z_kaleido_scope_PAL.c:856:14: warning: initialization discards 'const' qualifier from pointer target type [-Wdiscarded-qualifiers]
  856 |     /*  4 */ gKokiriForestPositionNameFRATex,
      |              ^~~~~~~~~~~~~~~~~~~~~~~~~~~~~~~
/home/david/Documents/RockBox_Personal-master/devsrc/nano-soh-runtime/Shipwright/soh/src/overlays/misc/ovl_kaleido_scope/z_kaleido_scope_PAL.c:857:14: warning: initialization discards 'const' qualifier from pointer target type [-Wdiscarded-qualifiers]
  857 |     /*  5 */ gSacredForestMeadowPositionNameFRATex,
      |              ^~~~~~~~~~~~~~~~~~~~~~~~~~~~~~~~~~~~~
/home/david/Documents/RockBox_Personal-master/devsrc/nano-soh-runtime/Shipwright/soh/src/overlays/misc/ovl_kaleido_scope/z_kaleido_scope_PAL.c:858:14: warning: initialization discards 'const' qualifier from pointer target type [-Wdiscarded-qualifiers]
  858 |     /*  6 */ gLakeHyliaPositionNameFRATex,
      |              ^~~~~~~~~~~~~~~~~~~~~~~~~~~~
/home/david/Documents/RockBox_Personal-master/devsrc/nano-soh-runtime/Shipwright/soh/src/overlays/misc/ovl_kaleido_scope/z_kaleido_scope_PAL.c:859:14: warning: initialization discards 'const' qualifier from pointer target type [-Wdiscarded-qualifiers]
  859 |     /*  7 */ gZorasDomainPositionNameFRATex,
      |              ^~~~~~~~~~~~~~~~~~~~~~~~~~~~~~
/home/david/Documents/RockBox_Personal-master/devsrc/nano-soh-runtime/Shipwright/soh/src/overlays/misc/ovl_kaleido_scope/z_kaleido_scope_PAL.c:860:14: warning: initialization discards 'const' qualifier from pointer target type [-Wdiscarded-qualifiers]
  860 |     /*  8 */ gZorasFountainPositionNameFRATex,
      |              ^~~~~~~~~~~~~~~~~~~~~~~~~~~~~~~~
/home/david/Documents/RockBox_Personal-master/devsrc/nano-soh-runtime/Shipwright/soh/src/overlays/misc/ovl_kaleido_scope/z_kaleido_scope_PAL.c:861:14: warning: initialization discards 'const' qualifier from pointer target type [-Wdiscarded-qualifiers]
  861 |     /*  9 */ gGerudoValleyPositionNameFRATex,
      |              ^~~~~~~~~~~~~~~~~~~~~~~~~~~~~~~
/home/david/Documents/RockBox_Personal-master/devsrc/nano-soh-runtime/Shipwright/soh/src/overlays/misc/ovl_kaleido_scope/z_kaleido_scope_PAL.c:862:14: warning: initialization discards 'const' qualifier from pointer target type [-Wdiscarded-qualifiers]
  862 |     /* 10 */ gLostWoodsPositionNameFRATex,
      |              ^~~~~~~~~~~~~~~~~~~~~~~~~~~~
/home/david/Documents/RockBox_Personal-master/devsrc/nano-soh-runtime/Shipwright/soh/src/overlays/misc/ovl_kaleido_scope/z_kaleido_scope_PAL.c:863:14: warning: initialization discards 'const' qualifier from pointer target type [-Wdiscarded-qualifiers]
  863 |     /* 11 */ gDesertColossusPositionNameFRATex,
      |              ^~~~~~~~~~~~~~~~~~~~~~~~~~~~~~~~~
/home/david/Documents/RockBox_Personal-master/devsrc/nano-soh-runtime/Shipwright/soh/src/overlays/misc/ovl_kaleido_scope/z_kaleido_scope_PAL.c:864:14: warning: initialization discards 'const' qualifier from pointer target type [-Wdiscarded-qualifiers]
  864 |     /* 12 */ gGerudosFortressPositionNameFRATex,
      |              ^~~~~~~~~~~~~~~~~~~~~~~~~~~~~~~~~~
/home/david/Documents/RockBox_Personal-master/devsrc/nano-soh-runtime/Shipwright/soh/src/overlays/misc/ovl_kaleido_scope/z_kaleido_scope_PAL.c:865:14: warning: initialization discards 'const' qualifier from pointer target type [-Wdiscarded-qualifiers]
  865 |     /* 13 */ gHauntedWastelandPositionNameFRATex,
      |              ^~~~~~~~~~~~~~~~~~~~~~~~~~~~~~~~~~~
/home/david/Documents/RockBox_Personal-master/devsrc/nano-soh-runtime/Shipwright/soh/src/overlays/misc/ovl_kaleido_scope/z_kaleido_scope_PAL.c:866:14: warning: initialization discards 'const' qualifier from pointer target type [-Wdiscarded-qualifiers]
  866 |     /* 14 */ gMarketPositionNameFRATex,
      |              ^~~~~~~~~~~~~~~~~~~~~~~~~
/home/david/Documents/RockBox_Personal-master/devsrc/nano-soh-runtime/Shipwright/soh/src/overlays/misc/ovl_kaleido_scope/z_kaleido_scope_PAL.c:867:14: warning: initialization discards 'const' qualifier from pointer target type [-Wdiscarded-qualifiers]
  867 |     /* 15 */ gHyruleCastlePositionNameFRATex,
      |              ^~~~~~~~~~~~~~~~~~~~~~~~~~~~~~~
/home/david/Documents/RockBox_Personal-master/devsrc/nano-soh-runtime/Shipwright/soh/src/overlays/misc/ovl_kaleido_scope/z_kaleido_scope_PAL.c:868:14: warning: initialization discards 'const' qualifier from pointer target type [-Wdiscarded-qualifiers]
  868 |     /* 16 */ gDeathMountainTrailPositionNameFRATex,
      |              ^~~~~~~~~~~~~~~~~~~~~~~~~~~~~~~~~~~~~
/home/david/Documents/RockBox_Personal-master/devsrc/nano-soh-runtime/Shipwright/soh/src/overlays/misc/ovl_kaleido_scope/z_kaleido_scope_PAL.c:869:14: warning: initialization discards 'const' qualifier from pointer target type [-Wdiscarded-qualifiers]
  869 |     /* 17 */ gDeathMountainCraterPositionNameFRATex,
      |              ^~~~~~~~~~~~~~~~~~~~~~~~~~~~~~~~~~~~~~
/home/david/Documents/RockBox_Personal-master/devsrc/nano-soh-runtime/Shipwright/soh/src/overlays/misc/ovl_kaleido_scope/z_kaleido_scope_PAL.c:870:14: warning: initialization discards 'const' qualifier from pointer target type [-Wdiscarded-qualifiers]
  870 |     /* 18 */ gGoronCityPositionNameFRATex,
      |              ^~~~~~~~~~~~~~~~~~~~~~~~~~~~
/home/david/Documents/RockBox_Personal-master/devsrc/nano-soh-runtime/Shipwright/soh/src/overlays/misc/ovl_kaleido_scope/z_kaleido_scope_PAL.c:871:14: warning: initialization discards 'const' qualifier from pointer target type [-Wdiscarded-qualifiers]
  871 |     /* 19 */ gLonLonRanchPositionNameFRATex,
      |              ^~~~~~~~~~~~~~~~~~~~~~~~~~~~~~
/home/david/Documents/RockBox_Personal-master/devsrc/nano-soh-runtime/Shipwright/soh/src/overlays/misc/ovl_kaleido_scope/z_kaleido_scope_PAL.c:872:14: warning: initialization discards 'const' qualifier from pointer target type [-Wdiscarded-qualifiers]
  872 |     /* 20 */ gQuestionMarkPositionNameFRATex,
      |              ^~~~~~~~~~~~~~~~~~~~~~~~~~~~~~~
/home/david/Documents/RockBox_Personal-master/devsrc/nano-soh-runtime/Shipwright/soh/src/overlays/misc/ovl_kaleido_scope/z_kaleido_scope_PAL.c:873:14: warning: initialization discards 'const' qualifier from pointer target type [-Wdiscarded-qualifiers]
  873 |     /* 21 */ gGanonsCastlePositionNameFRATex,
      |              ^~~~~~~~~~~~~~~~~~~~~~~~~~~~~~~
/home/david/Documents/RockBox_Personal-master/devsrc/nano-soh-runtime/Shipwright/soh/src/overlays/misc/ovl_kaleido_scope/z_kaleido_scope_PAL.c:875:14: warning: initialization discards 'const' qualifier from pointer target type [-Wdiscarded-qualifiers]
  875 |     /*  0 */ gHyruleFieldPositionNameJPNTex,
      |              ^~~~~~~~~~~~~~~~~~~~~~~~~~~~~~
/home/david/Documents/RockBox_Personal-master/devsrc/nano-soh-runtime/Shipwright/soh/src/overlays/misc/ovl_kaleido_scope/z_kaleido_scope_PAL.c:876:14: warning: initialization discards 'const' qualifier from pointer target type [-Wdiscarded-qualifiers]
  876 |     /*  1 */ gKakarikoVillagePositionNameJPNTex,
      |              ^~~~~~~~~~~~~~~~~~~~~~~~~~~~~~~~~~
/home/david/Documents/RockBox_Personal-master/devsrc/nano-soh-runtime/Shipwright/soh/src/overlays/misc/ovl_kaleido_scope/z_kaleido_scope_PAL.c:877:14: warning: initialization discards 'const' qualifier from pointer target type [-Wdiscarded-qualifiers]
  877 |     /*  2 */ gGraveyardPositionNameJPNTex,
      |              ^~~~~~~~~~~~~~~~~~~~~~~~~~~~
/home/david/Documents/RockBox_Personal-master/devsrc/nano-soh-runtime/Shipwright/soh/src/overlays/misc/ovl_kaleido_scope/z_kaleido_scope_PAL.c:878:14: warning: initialization discards 'const' qualifier from pointer target type [-Wdiscarded-qualifiers]
  878 |     /*  3 */ gZorasRiverPositionNameJPNTex,
      |              ^~~~~~~~~~~~~~~~~~~~~~~~~~~~~
/home/david/Documents/RockBox_Personal-master/devsrc/nano-soh-runtime/Shipwright/soh/src/overlays/misc/ovl_kaleido_scope/z_kaleido_scope_PAL.c:879:14: warning: initialization discards 'const' qualifier from pointer target type [-Wdiscarded-qualifiers]
  879 |     /*  4 */ gKokiriForestPositionNameJPNTex,
      |              ^~~~~~~~~~~~~~~~~~~~~~~~~~~~~~~
/home/david/Documents/RockBox_Personal-master/devsrc/nano-soh-runtime/Shipwright/soh/src/overlays/misc/ovl_kaleido_scope/z_kaleido_scope_PAL.c:880:14: warning: initialization discards 'const' qualifier from pointer target type [-Wdiscarded-qualifiers]
  880 |     /*  5 */ gSacredForestMeadowPositionNameJPNTex,
      |              ^~~~~~~~~~~~~~~~~~~~~~~~~~~~~~~~~~~~~
/home/david/Documents/RockBox_Personal-master/devsrc/nano-soh-runtime/Shipwright/soh/src/overlays/misc/ovl_kaleido_scope/z_kaleido_scope_PAL.c:881:14: warning: initialization discards 'const' qualifier from pointer target type [-Wdiscarded-qualifiers]
  881 |     /*  6 */ gLakeHyliaPositionNameJPNTex,
      |              ^~~~~~~~~~~~~~~~~~~~~~~~~~~~
/home/david/Documents/RockBox_Personal-master/devsrc/nano-soh-runtime/Shipwright/soh/src/overlays/misc/ovl_kaleido_scope/z_kaleido_scope_PAL.c:882:14: warning: initialization discards 'const' qualifier from pointer target type [-Wdiscarded-qualifiers]
  882 |     /*  7 */ gZorasDomainPositionNameJPNTex,
      |              ^~~~~~~~~~~~~~~~~~~~~~~~~~~~~~
/home/david/Documents/RockBox_Personal-master/devsrc/nano-soh-runtime/Shipwright/soh/src/overlays/misc/ovl_kaleido_scope/z_kaleido_scope_PAL.c:883:14: warning: initialization discards 'const' qualifier from pointer target type [-Wdiscarded-qualifiers]
  883 |     /*  8 */ gZorasFountainPositionNameJPNTex,
      |              ^~~~~~~~~~~~~~~~~~~~~~~~~~~~~~~~
/home/david/Documents/RockBox_Personal-master/devsrc/nano-soh-runtime/Shipwright/soh/src/overlays/misc/ovl_kaleido_scope/z_kaleido_scope_PAL.c:884:14: warning: initialization discards 'const' qualifier from pointer target type [-Wdiscarded-qualifiers]
  884 |     /*  9 */ gGerudoValleyPositionNameJPNTex,
      |              ^~~~~~~~~~~~~~~~~~~~~~~~~~~~~~~
/home/david/Documents/RockBox_Personal-master/devsrc/nano-soh-runtime/Shipwright/soh/src/overlays/misc/ovl_kaleido_scope/z_kaleido_scope_PAL.c:885:14: warning: initialization discards 'const' qualifier from pointer target type [-Wdiscarded-qualifiers]
  885 |     /* 10 */ gLostWoodsPositionNameJPNTex,
      |              ^~~~~~~~~~~~~~~~~~~~~~~~~~~~
/home/david/Documents/RockBox_Personal-master/devsrc/nano-soh-runtime/Shipwright/soh/src/overlays/misc/ovl_kaleido_scope/z_kaleido_scope_PAL.c:886:14: warning: initialization discards 'const' qualifier from pointer target type [-Wdiscarded-qualifiers]
  886 |     /* 11 */ gDesertColossusPositionNameJPNTex,
      |              ^~~~~~~~~~~~~~~~~~~~~~~~~~~~~~~~~
/home/david/Documents/RockBox_Personal-master/devsrc/nano-soh-runtime/Shipwright/soh/src/overlays/misc/ovl_kaleido_scope/z_kaleido_scope_PAL.c:887:14: warning: initialization discards 'const' qualifier from pointer target type [-Wdiscarded-qualifiers]
  887 |     /* 12 */ gGerudosFortressPositionNameJPNTex,
      |              ^~~~~~~~~~~~~~~~~~~~~~~~~~~~~~~~~~
/home/david/Documents/RockBox_Personal-master/devsrc/nano-soh-runtime/Shipwright/soh/src/overlays/misc/ovl_kaleido_scope/z_kaleido_scope_PAL.c:888:14: warning: initialization discards 'const' qualifier from pointer target type [-Wdiscarded-qualifiers]
  888 |     /* 13 */ gHauntedWastelandPositionNameJPNTex,
      |              ^~~~~~~~~~~~~~~~~~~~~~~~~~~~~~~~~~~
/home/david/Documents/RockBox_Personal-master/devsrc/nano-soh-runtime/Shipwright/soh/src/overlays/misc/ovl_kaleido_scope/z_kaleido_scope_PAL.c:889:14: warning: initialization discards 'const' qualifier from pointer target type [-Wdiscarded-qualifiers]
  889 |     /* 14 */ gMarketPositionNameJPNTex,
      |              ^~~~~~~~~~~~~~~~~~~~~~~~~
/home/david/Documents/RockBox_Personal-master/devsrc/nano-soh-runtime/Shipwright/soh/src/overlays/misc/ovl_kaleido_scope/z_kaleido_scope_PAL.c:890:14: warning: initialization discards 'const' qualifier from pointer target type [-Wdiscarded-qualifiers]
  890 |     /* 15 */ gHyruleCastlePositionNameJPNTex,
      |              ^~~~~~~~~~~~~~~~~~~~~~~~~~~~~~~
/home/david/Documents/RockBox_Personal-master/devsrc/nano-soh-runtime/Shipwright/soh/src/overlays/misc/ovl_kaleido_scope/z_kaleido_scope_PAL.c:891:14: warning: initialization discards 'const' qualifier from pointer target type [-Wdiscarded-qualifiers]
  891 |     /* 16 */ gDeathMountainTrailPositionNameJPNTex,
      |              ^~~~~~~~~~~~~~~~~~~~~~~~~~~~~~~~~~~~~
/home/david/Documents/RockBox_Personal-master/devsrc/nano-soh-runtime/Shipwright/soh/src/overlays/misc/ovl_kaleido_scope/z_kaleido_scope_PAL.c:892:14: warning: initialization discards 'const' qualifier from pointer target type [-Wdiscarded-qualifiers]
  892 |     /* 17 */ gDeathMountainCraterPositionNameJPNTex,
      |              ^~~~~~~~~~~~~~~~~~~~~~~~~~~~~~~~~~~~~~
/home/david/Documents/RockBox_Personal-master/devsrc/nano-soh-runtime/Shipwright/soh/src/overlays/misc/ovl_kaleido_scope/z_kaleido_scope_PAL.c:893:14: warning: initialization discards 'const' qualifier from pointer target type [-Wdiscarded-qualifiers]
  893 |     /* 18 */ gGoronCityPositionNameJPNTex,
      |              ^~~~~~~~~~~~~~~~~~~~~~~~~~~~
/home/david/Documents/RockBox_Personal-master/devsrc/nano-soh-runtime/Shipwright/soh/src/overlays/misc/ovl_kaleido_scope/z_kaleido_scope_PAL.c:894:14: warning: initialization discards 'const' qualifier from pointer target type [-Wdiscarded-qualifiers]
  894 |     /* 19 */ gLonLonRanchPositionNameJPNTex,
      |              ^~~~~~~~~~~~~~~~~~~~~~~~~~~~~~
/home/david/Documents/RockBox_Personal-master/devsrc/nano-soh-runtime/Shipwright/soh/src/overlays/misc/ovl_kaleido_scope/z_kaleido_scope_PAL.c:895:14: warning: initialization discards 'const' qualifier from pointer target type [-Wdiscarded-qualifiers]
  895 |     /* 20 */ gQuestionMarkPositionNameJPNTex,
      |              ^~~~~~~~~~~~~~~~~~~~~~~~~~~~~~~
/home/david/Documents/RockBox_Personal-master/devsrc/nano-soh-runtime/Shipwright/soh/src/overlays/misc/ovl_kaleido_scope/z_kaleido_scope_PAL.c:896:14: warning: initialization discards 'const' qualifier from pointer target type [-Wdiscarded-qualifiers]
  896 |     /* 21 */ gGanonsCastlePositionNameJPNTex,
      |              ^~~~~~~~~~~~~~~~~~~~~~~~~~~~~~~
/home/david/Documents/RockBox_Personal-master/devsrc/nano-soh-runtime/Shipwright/soh/src/overlays/misc/ovl_kaleido_scope/z_kaleido_scope_PAL.c:1095:5: warning: initialization discards 'const' qualifier from pointer target type [-Wdiscarded-qualifiers]
 1095 |     gPauseMenuCursorTopLeftTex,
      |     ^~~~~~~~~~~~~~~~~~~~~~~~~~
/home/david/Documents/RockBox_Personal-master/devsrc/nano-soh-runtime/Shipwright/soh/src/overlays/misc/ovl_kaleido_scope/z_kaleido_scope_PAL.c:1096:5: warning: initialization discards 'const' qualifier from pointer target type [-Wdiscarded-qualifiers]
 1096 |     gPauseMenuCursorTopRightTex,
      |     ^~~~~~~~~~~~~~~~~~~~~~~~~~~
/home/david/Documents/RockBox_Personal-master/devsrc/nano-soh-runtime/Shipwright/soh/src/overlays/misc/ovl_kaleido_scope/z_kaleido_scope_PAL.c:1097:5: warning: initialization discards 'const' qualifier from pointer target type [-Wdiscarded-qualifiers]
 1097 |     gPauseMenuCursorBottomLeftTex,
      |     ^~~~~~~~~~~~~~~~~~~~~~~~~~~~~
/home/david/Documents/RockBox_Personal-master/devsrc/nano-soh-runtime/Shipwright/soh/src/overlays/misc/ovl_kaleido_scope/z_kaleido_scope_PAL.c:1098:5: warning: initialization discards 'const' qualifier from pointer target type [-Wdiscarded-qualifiers]
 1098 |     gPauseMenuCursorBottomRightTex,
      |     ^~~~~~~~~~~~~~~~~~~~~~~~~~~~~~
/home/david/Documents/RockBox_Personal-master/devsrc/nano-soh-runtime/Shipwright/soh/src/overlays/misc/ovl_kaleido_scope/z_kaleido_scope_PAL.c:1115:5: warning: initialization discards 'const' qualifier from pointer target type [-Wdiscarded-qualifiers]
 1115 |     gPauseSavePromptENGTex,
      |     ^~~~~~~~~~~~~~~~~~~~~~
/home/david/Documents/RockBox_Personal-master/devsrc/nano-soh-runtime/Shipwright/soh/src/overlays/misc/ovl_kaleido_scope/z_kaleido_scope_PAL.c:1116:5: warning: initialization discards 'const' qualifier from pointer target type [-Wdiscarded-qualifiers]
 1116 |     gPauseSavePromptGERTex,
      |     ^~~~~~~~~~~~~~~~~~~~~~
/home/david/Documents/RockBox_Personal-master/devsrc/nano-soh-runtime/Shipwright/soh/src/overlays/misc/ovl_kaleido_scope/z_kaleido_scope_PAL.c:1117:5: warning: initialization discards 'const' qualifier from pointer target type [-Wdiscarded-qualifiers]
 1117 |     gPauseSavePromptFRATex,
      |     ^~~~~~~~~~~~~~~~~~~~~~
/home/david/Documents/RockBox_Personal-master/devsrc/nano-soh-runtime/Shipwright/soh/src/overlays/misc/ovl_kaleido_scope/z_kaleido_scope_PAL.c:1118:5: warning: initialization discards 'const' qualifier from pointer target type [-Wdiscarded-qualifiers]
 1118 |     gPauseSavePromptJPNTex,
      |     ^~~~~~~~~~~~~~~~~~~~~~
/home/david/Documents/RockBox_Personal-master/devsrc/nano-soh-runtime/Shipwright/soh/src/overlays/misc/ovl_kaleido_scope/z_kaleido_scope_PAL.c:1122:5: warning: initialization discards 'const' qualifier from pointer target type [-Wdiscarded-qualifiers]
 1122 |     gPauseSaveConfirmationENGTex,
      |     ^~~~~~~~~~~~~~~~~~~~~~~~~~~~
/home/david/Documents/RockBox_Personal-master/devsrc/nano-soh-runtime/Shipwright/soh/src/overlays/misc/ovl_kaleido_scope/z_kaleido_scope_PAL.c:1123:5: warning: initialization discards 'const' qualifier from pointer target type [-Wdiscarded-qualifiers]
 1123 |     gPauseSaveConfirmationGERTex,
      |     ^~~~~~~~~~~~~~~~~~~~~~~~~~~~
/home/david/Documents/RockBox_Personal-master/devsrc/nano-soh-runtime/Shipwright/soh/src/overlays/misc/ovl_kaleido_scope/z_kaleido_scope_PAL.c:1124:5: warning: initialization discards 'const' qualifier from pointer target type [-Wdiscarded-qualifiers]
 1124 |     gPauseSaveConfirmationFRATex,
      |     ^~~~~~~~~~~~~~~~~~~~~~~~~~~~
/home/david/Documents/RockBox_Personal-master/devsrc/nano-soh-runtime/Shipwright/soh/src/overlays/misc/ovl_kaleido_scope/z_kaleido_scope_PAL.c:1125:5: warning: initialization discards 'const' qualifier from pointer target type [-Wdiscarded-qualifiers]
 1125 |     gPauseSaveConfirmationJPNTex,
      |     ^~~~~~~~~~~~~~~~~~~~~~~~~~~~
/home/david/Documents/RockBox_Personal-master/devsrc/nano-soh-runtime/Shipwright/soh/src/overlays/misc/ovl_kaleido_scope/z_kaleido_scope_PAL.c:1129:5: warning: initialization discards 'const' qualifier from pointer target type [-Wdiscarded-qualifiers]
 1129 |     gContinuePlayingENGTex,
      |     ^~~~~~~~~~~~~~~~~~~~~~
/home/david/Documents/RockBox_Personal-master/devsrc/nano-soh-runtime/Shipwright/soh/src/overlays/misc/ovl_kaleido_scope/z_kaleido_scope_PAL.c:1130:5: warning: initialization discards 'const' qualifier from pointer target type [-Wdiscarded-qualifiers]
 1130 |     gContinuePlayingGERTex,
      |     ^~~~~~~~~~~~~~~~~~~~~~
/home/david/Documents/RockBox_Personal-master/devsrc/nano-soh-runtime/Shipwright/soh/src/overlays/misc/ovl_kaleido_scope/z_kaleido_scope_PAL.c:1131:5: warning: initialization discards 'const' qualifier from pointer target type [-Wdiscarded-qualifiers]
 1131 |     gContinuePlayingFRATex,
      |     ^~~~~~~~~~~~~~~~~~~~~~
/home/david/Documents/RockBox_Personal-master/devsrc/nano-soh-runtime/Shipwright/soh/src/overlays/misc/ovl_kaleido_scope/z_kaleido_scope_PAL.c:1132:5: warning: initialization discards 'const' qualifier from pointer target type [-Wdiscarded-qualifiers]
 1132 |     gContinuePlayingJPNTex,
      |     ^~~~~~~~~~~~~~~~~~~~~~
/home/david/Documents/RockBox_Personal-master/devsrc/nano-soh-runtime/Shipwright/soh/src/overlays/misc/ovl_kaleido_scope/z_kaleido_scope_PAL.c:1136:7: warning: initialization discards 'const' qualifier from pointer target type [-Wdiscarded-qualifiers]
 1136 |     { gPauseYesENGTex, gPauseNoENGTex },
      |       ^~~~~~~~~~~~~~~
/home/david/Documents/RockBox_Personal-master/devsrc/nano-soh-runtime/Shipwright/soh/src/overlays/misc/ovl_kaleido_scope/z_kaleido_scope_PAL.c:1136:24: warning: initialization discards 'const' qualifier from pointer target type [-Wdiscarded-qualifiers]
 1136 |     { gPauseYesENGTex, gPauseNoENGTex },
      |                        ^~~~~~~~~~~~~~
/home/david/Documents/RockBox_Personal-master/devsrc/nano-soh-runtime/Shipwright/soh/src/overlays/misc/ovl_kaleido_scope/z_kaleido_scope_PAL.c:1137:7: warning: initialization discards 'const' qualifier from pointer target type [-Wdiscarded-qualifiers]
 1137 |     { gPauseYesGERTex, gPauseNoGERTex },
      |       ^~~~~~~~~~~~~~~
/home/david/Documents/RockBox_Personal-master/devsrc/nano-soh-runtime/Shipwright/soh/src/overlays/misc/ovl_kaleido_scope/z_kaleido_scope_PAL.c:1137:24: warning: initialization discards 'const' qualifier from pointer target type [-Wdiscarded-qualifiers]
 1137 |     { gPauseYesGERTex, gPauseNoGERTex },
      |                        ^~~~~~~~~~~~~~
/home/david/Documents/RockBox_Personal-master/devsrc/nano-soh-runtime/Shipwright/soh/src/overlays/misc/ovl_kaleido_scope/z_kaleido_scope_PAL.c:1138:7: warning: initialization discards 'const' qualifier from pointer target type [-Wdiscarded-qualifiers]
 1138 |     { gPauseYesFRATex, gPauseNoFRATex },
      |       ^~~~~~~~~~~~~~~
/home/david/Documents/RockBox_Personal-master/devsrc/nano-soh-runtime/Shipwright/soh/src/overlays/misc/ovl_kaleido_scope/z_kaleido_scope_PAL.c:1138:24: warning: initialization discards 'const' qualifier from pointer target type [-Wdiscarded-qualifiers]
 1138 |     { gPauseYesFRATex, gPauseNoFRATex },
      |                        ^~~~~~~~~~~~~~
/home/david/Documents/RockBox_Personal-master/devsrc/nano-soh-runtime/Shipwright/soh/src/overlays/misc/ovl_kaleido_scope/z_kaleido_scope_PAL.c:1139:7: warning: initialization discards 'const' qualifier from pointer target type [-Wdiscarded-qualifiers]
 1139 |     { gPauseYesJPNTex, gPauseNoJPNTex },
      |       ^~~~~~~~~~~~~~~
/home/david/Documents/RockBox_Personal-master/devsrc/nano-soh-runtime/Shipwright/soh/src/overlays/misc/ovl_kaleido_scope/z_kaleido_scope_PAL.c:1139:24: warning: initialization discards 'const' qualifier from pointer target type [-Wdiscarded-qualifiers]
 1139 |     { gPauseYesJPNTex, gPauseNoJPNTex },
      |                        ^~~~~~~~~~~~~~
/home/david/Documents/RockBox_Personal-master/devsrc/nano-soh-runtime/Shipwright/soh/src/overlays/misc/ovl_kaleido_scope/z_kaleido_scope_PAL.c: In function 'KaleidoScope_DrawCursor':
/home/david/Documents/RockBox_Personal-master/devsrc/nano-soh-runtime/Shipwright/soh/src/overlays/misc/ovl_kaleido_scope/z_kaleido_scope_PAL.c:1373:48: warning: passing argument 2 of 'gSPVertex' makes integer from pointer without a cast [-Wint-conversion]
 1373 |             gSPVertex(POLY_OPA_DISP++, pauseCtx->cursorVtx, 16, 0);
      |                                        ~~~~~~~~^~~~~~~~~~~
      |                                                |
      |                                                Vtx *
In file included from /home/david/Documents/RockBox_Personal-master/devsrc/nano-soh-runtime/Shipwright/soh/include/global.h:8,
                 from /home/david/Documents/RockBox_Personal-master/devsrc/nano-soh-runtime/Shipwright/soh/src/overlays/misc/ovl_kaleido_scope/z_kaleido_scope.h:5,
                 from /home/david/Documents/RockBox_Personal-master/devsrc/nano-soh-runtime/Shipwright/soh/src/overlays/misc/ovl_kaleido_scope/z_kaleido_scope_PAL.c:1:
/home/david/Documents/RockBox_Personal-master/devsrc/nano-soh-runtime/Shipwright/soh/include/functions.h:29:36: note: expected 'uintptr_t' {aka 'unsigned int'} but argument is of type 'Vtx *'
   29 | void gSPVertex(Gfx* pkt, uintptr_t v, int n, int v0);
      |                          ~~~~~~~~~~^
/home/david/Documents/RockBox_Personal-master/devsrc/nano-soh-runtime/Shipwright/soh/src/overlays/misc/ovl_kaleido_scope/z_kaleido_scope_PAL.c: In function 'KaleidoScope_DrawPageSections':
/home/david/Documents/RockBox_Personal-master/devsrc/nano-soh-runtime/Shipwright/soh/src/overlays/misc/ovl_kaleido_scope/z_kaleido_scope_PAL.c:1394:22: warning: passing argument 2 of 'gSPVertex' makes integer from pointer without a cast [-Wint-conversion]
 1394 |     gSPVertex(gfx++, vertices, 32, 0);
      |                      ^~~~~~~~
      |                      |
      |                      Vtx *
/home/david/Documents/RockBox_Personal-master/devsrc/nano-soh-runtime/Shipwright/soh/include/functions.h:29:36: note: expected 'uintptr_t' {aka 'unsigned int'} but argument is of type 'Vtx *'
   29 | void gSPVertex(Gfx* pkt, uintptr_t v, int n, int v0);
      |                          ~~~~~~~~~~^
/home/david/Documents/RockBox_Personal-master/devsrc/nano-soh-runtime/Shipwright/soh/src/overlays/misc/ovl_kaleido_scope/z_kaleido_scope_PAL.c:1408:31: warning: passing argument 2 of 'gSPVertex' makes integer from pointer without a cast [-Wint-conversion]
 1408 |     gSPVertex(gfx++, vertices + 32, 28, 0);
      |                      ~~~~~~~~~^~~~
      |                               |
      |                               Vtx *
/home/david/Documents/RockBox_Personal-master/devsrc/nano-soh-runtime/Shipwright/soh/include/functions.h:29:36: note: expected 'uintptr_t' {aka 'unsigned int'} but argument is of type 'Vtx *'
   29 | void gSPVertex(Gfx* pkt, uintptr_t v, int n, int v0);
      |                          ~~~~~~~~~~^
/home/david/Documents/RockBox_Personal-master/devsrc/nano-soh-runtime/Shipwright/soh/src/overlays/misc/ovl_kaleido_scope/z_kaleido_scope_PAL.c: In function 'KaleidoScope_DrawPages':
/home/david/Documents/RockBox_Personal-master/devsrc/nano-soh-runtime/Shipwright/soh/src/overlays/misc/ovl_kaleido_scope/z_kaleido_scope_PAL.c:1812:36: warning: passing argument 2 of 'gSPVertex' makes integer from pointer without a cast [-Wint-conversion]
 1812 |         gSPVertex(POLY_OPA_DISP++, &pauseCtx->saveVtx[60], 32, 0);
      |                                    ^~~~~~~~~~~~~~~~~~~~~~
      |                                    |
      |                                    Vtx *
/home/david/Documents/RockBox_Personal-master/devsrc/nano-soh-runtime/Shipwright/soh/include/functions.h:29:36: note: expected 'uintptr_t' {aka 'unsigned int'} but argument is of type 'Vtx *'
   29 | void gSPVertex(Gfx* pkt, uintptr_t v, int n, int v0);
      |                          ~~~~~~~~~~^
/home/david/Documents/RockBox_Personal-master/devsrc/nano-soh-runtime/Shipwright/soh/src/overlays/misc/ovl_kaleido_scope/z_kaleido_scope_PAL.c:1824:49: warning: passing argument 2 of 'gSPDisplayList' from incompatible pointer type [-Wincompatible-pointer-types]
 1824 |                 gSPDisplayList(POLY_OPA_DISP++, gPromptCursorLeftDL);
      |                                                 ^~~~~~~~~~~~~~~~~~~
      |                                                 |
      |                                                 const char *
/home/david/Documents/RockBox_Personal-master/devsrc/nano-soh-runtime/Shipwright/soh/include/functions.h:24:36: note: expected 'Gfx *' but argument is of type 'const char *'
   24 | void gSPDisplayList(Gfx* pkt, Gfx* dl);
      |                               ~~~~~^~
/home/david/Documents/RockBox_Personal-master/devsrc/nano-soh-runtime/Shipwright/soh/src/overlays/misc/ovl_kaleido_scope/z_kaleido_scope_PAL.c:1826:49: warning: passing argument 2 of 'gSPDisplayList' from incompatible pointer type [-Wincompatible-pointer-types]
 1826 |                 gSPDisplayList(POLY_OPA_DISP++, gPromptCursorRightDL);
      |                                                 ^~~~~~~~~~~~~~~~~~~~
      |                                                 |
      |                                                 const char *
/home/david/Documents/RockBox_Personal-master/devsrc/nano-soh-runtime/Shipwright/soh/include/functions.h:24:36: note: expected 'Gfx *' but argument is of type 'const char *'
   24 | void gSPDisplayList(Gfx* pkt, Gfx* dl);
      |                               ~~~~~^~
/home/david/Documents/RockBox_Personal-master/devsrc/nano-soh-runtime/Shipwright/soh/src/overlays/misc/ovl_kaleido_scope/z_kaleido_scope_PAL.c:1853:53: warning: passing argument 2 of 'gSPDisplayList' from incompatible pointer type [-Wincompatible-pointer-types]
 1853 |                     gSPDisplayList(POLY_OPA_DISP++, gPromptCursorLeftDL);
      |                                                     ^~~~~~~~~~~~~~~~~~~
      |                                                     |
      |                                                     const char *
/home/david/Documents/RockBox_Personal-master/devsrc/nano-soh-runtime/Shipwright/soh/include/functions.h:24:36: note: expected 'Gfx *' but argument is of type 'const char *'
   24 | void gSPDisplayList(Gfx* pkt, Gfx* dl);
      |                               ~~~~~^~
/home/david/Documents/RockBox_Personal-master/devsrc/nano-soh-runtime/Shipwright/soh/src/overlays/misc/ovl_kaleido_scope/z_kaleido_scope_PAL.c:1855:53: warning: passing argument 2 of 'gSPDisplayList' from incompatible pointer type [-Wincompatible-pointer-types]
 1855 |                     gSPDisplayList(POLY_OPA_DISP++, gPromptCursorRightDL);
      |                                                     ^~~~~~~~~~~~~~~~~~~~
      |                                                     |
      |                                                     const char *
/home/david/Documents/RockBox_Personal-master/devsrc/nano-soh-runtime/Shipwright/soh/include/functions.h:24:36: note: expected 'Gfx *' but argument is of type 'const char *'
   24 | void gSPDisplayList(Gfx* pkt, Gfx* dl);
      |                               ~~~~~^~
/home/david/Documents/RockBox_Personal-master/devsrc/nano-soh-runtime/Shipwright/soh/src/overlays/misc/ovl_kaleido_scope/z_kaleido_scope_PAL.c: In function 'KaleidoScope_DrawInfoPanel':
/home/david/Documents/RockBox_Personal-master/devsrc/nano-soh-runtime/Shipwright/soh/src/overlays/misc/ovl_kaleido_scope/z_kaleido_scope_PAL.c:1940:11: warning: initialization discards 'const' qualifier from pointer target type [-Wdiscarded-qualifiers]
 1940 |         { gPauseToMapENGTex, gPauseToMapGERTex, gPauseToMapFRATex, gPauseToMapJPNTex },
      |           ^~~~~~~~~~~~~~~~~
/home/david/Documents/RockBox_Personal-master/devsrc/nano-soh-runtime/Shipwright/soh/src/overlays/misc/ovl_kaleido_scope/z_kaleido_scope_PAL.c:1940:30: warning: initialization discards 'const' qualifier from pointer target type [-Wdiscarded-qualifiers]
 1940 |         { gPauseToMapENGTex, gPauseToMapGERTex, gPauseToMapFRATex, gPauseToMapJPNTex },
      |                              ^~~~~~~~~~~~~~~~~
/home/david/Documents/RockBox_Personal-master/devsrc/nano-soh-runtime/Shipwright/soh/src/overlays/misc/ovl_kaleido_scope/z_kaleido_scope_PAL.c:1940:49: warning: initialization discards 'const' qualifier from pointer target type [-Wdiscarded-qualifiers]
 1940 |         { gPauseToMapENGTex, gPauseToMapGERTex, gPauseToMapFRATex, gPauseToMapJPNTex },
      |                                                 ^~~~~~~~~~~~~~~~~
/home/david/Documents/RockBox_Personal-master/devsrc/nano-soh-runtime/Shipwright/soh/src/overlays/misc/ovl_kaleido_scope/z_kaleido_scope_PAL.c:1940:68: warning: initialization discards 'const' qualifier from pointer target type [-Wdiscarded-qualifiers]
 1940 |         { gPauseToMapENGTex, gPauseToMapGERTex, gPauseToMapFRATex, gPauseToMapJPNTex },
      |                                                                    ^~~~~~~~~~~~~~~~~
/home/david/Documents/RockBox_Personal-master/devsrc/nano-soh-runtime/Shipwright/soh/src/overlays/misc/ovl_kaleido_scope/z_kaleido_scope_PAL.c:1941:11: warning: initialization discards 'const' qualifier from pointer target type [-Wdiscarded-qualifiers]
 1941 |         { gPauseToQuestStatusENGTex, gPauseToQuestStatusGERTex, gPauseToQuestStatusFRATex, gPauseToQuestStatusJPNTex },
      |           ^~~~~~~~~~~~~~~~~~~~~~~~~
/home/david/Documents/RockBox_Personal-master/devsrc/nano-soh-runtime/Shipwright/soh/src/overlays/misc/ovl_kaleido_scope/z_kaleido_scope_PAL.c:1941:38: warning: initialization discards 'const' qualifier from pointer target type [-Wdiscarded-qualifiers]
 1941 |         { gPauseToQuestStatusENGTex, gPauseToQuestStatusGERTex, gPauseToQuestStatusFRATex, gPauseToQuestStatusJPNTex },
      |                                      ^~~~~~~~~~~~~~~~~~~~~~~~~
/home/david/Documents/RockBox_Personal-master/devsrc/nano-soh-runtime/Shipwright/soh/src/overlays/misc/ovl_kaleido_scope/z_kaleido_scope_PAL.c:1941:65: warning: initialization discards 'const' qualifier from pointer target type [-Wdiscarded-qualifiers]
 1941 |         { gPauseToQuestStatusENGTex, gPauseToQuestStatusGERTex, gPauseToQuestStatusFRATex, gPauseToQuestStatusJPNTex },
      |                                                                 ^~~~~~~~~~~~~~~~~~~~~~~~~
/home/david/Documents/RockBox_Personal-master/devsrc/nano-soh-runtime/Shipwright/soh/src/overlays/misc/ovl_kaleido_scope/z_kaleido_scope_PAL.c:1941:92: warning: initialization discards 'const' qualifier from pointer target type [-Wdiscarded-qualifiers]
 1941 |         { gPauseToQuestStatusENGTex, gPauseToQuestStatusGERTex, gPauseToQuestStatusFRATex, gPauseToQuestStatusJPNTex },
      |                                                                                            ^~~~~~~~~~~~~~~~~~~~~~~~~
/home/david/Documents/RockBox_Personal-master/devsrc/nano-soh-runtime/Shipwright/soh/src/overlays/misc/ovl_kaleido_scope/z_kaleido_scope_PAL.c:1942:11: warning: initialization discards 'const' qualifier from pointer target type [-Wdiscarded-qualifiers]
 1942 |         { gPauseToEquipmentENGTex, gPauseToEquipmentGERTex, gPauseToEquipmentFRATex, gPauseToEquipmentJPNTex },
      |           ^~~~~~~~~~~~~~~~~~~~~~~
/home/david/Documents/RockBox_Personal-master/devsrc/nano-soh-runtime/Shipwright/soh/src/overlays/misc/ovl_kaleido_scope/z_kaleido_scope_PAL.c:1942:36: warning: initialization discards 'const' qualifier from pointer target type [-Wdiscarded-qualifiers]
 1942 |         { gPauseToEquipmentENGTex, gPauseToEquipmentGERTex, gPauseToEquipmentFRATex, gPauseToEquipmentJPNTex },
      |                                    ^~~~~~~~~~~~~~~~~~~~~~~
/home/david/Documents/RockBox_Personal-master/devsrc/nano-soh-runtime/Shipwright/soh/src/overlays/misc/ovl_kaleido_scope/z_kaleido_scope_PAL.c:1942:61: warning: initialization discards 'const' qualifier from pointer target type [-Wdiscarded-qualifiers]
 1942 |         { gPauseToEquipmentENGTex, gPauseToEquipmentGERTex, gPauseToEquipmentFRATex, gPauseToEquipmentJPNTex },
      |                                                             ^~~~~~~~~~~~~~~~~~~~~~~
/home/david/Documents/RockBox_Personal-master/devsrc/nano-soh-runtime/Shipwright/soh/src/overlays/misc/ovl_kaleido_scope/z_kaleido_scope_PAL.c:1942:86: warning: initialization discards 'const' qualifier from pointer target type [-Wdiscarded-qualifiers]
 1942 |         { gPauseToEquipmentENGTex, gPauseToEquipmentGERTex, gPauseToEquipmentFRATex, gPauseToEquipmentJPNTex },
      |                                                                                      ^~~~~~~~~~~~~~~~~~~~~~~
/home/david/Documents/RockBox_Personal-master/devsrc/nano-soh-runtime/Shipwright/soh/src/overlays/misc/ovl_kaleido_scope/z_kaleido_scope_PAL.c:1943:11: warning: initialization discards 'const' qualifier from pointer target type [-Wdiscarded-qualifiers]
 1943 |         { gPauseToSelectItemENGTex, gPauseToSelectItemGERTex, gPauseToSelectItemFRATex, gPauseToSelectItemJPNTex },
      |           ^~~~~~~~~~~~~~~~~~~~~~~~
/home/david/Documents/RockBox_Personal-master/devsrc/nano-soh-runtime/Shipwright/soh/src/overlays/misc/ovl_kaleido_scope/z_kaleido_scope_PAL.c:1943:37: warning: initialization discards 'const' qualifier from pointer target type [-Wdiscarded-qualifiers]
 1943 |         { gPauseToSelectItemENGTex, gPauseToSelectItemGERTex, gPauseToSelectItemFRATex, gPauseToSelectItemJPNTex },
      |                                     ^~~~~~~~~~~~~~~~~~~~~~~~
/home/david/Documents/RockBox_Personal-master/devsrc/nano-soh-runtime/Shipwright/soh/src/overlays/misc/ovl_kaleido_scope/z_kaleido_scope_PAL.c:1943:63: warning: initialization discards 'const' qualifier from pointer target type [-Wdiscarded-qualifiers]
 1943 |         { gPauseToSelectItemENGTex, gPauseToSelectItemGERTex, gPauseToSelectItemFRATex, gPauseToSelectItemJPNTex },
      |                                                               ^~~~~~~~~~~~~~~~~~~~~~~~
/home/david/Documents/RockBox_Personal-master/devsrc/nano-soh-runtime/Shipwright/soh/src/overlays/misc/ovl_kaleido_scope/z_kaleido_scope_PAL.c:1943:89: warning: initialization discards 'const' qualifier from pointer target type [-Wdiscarded-qualifiers]
 1943 |         { gPauseToSelectItemENGTex, gPauseToSelectItemGERTex, gPauseToSelectItemFRATex, gPauseToSelectItemJPNTex },
      |                                                                                         ^~~~~~~~~~~~~~~~~~~~~~~~
/home/david/Documents/RockBox_Personal-master/devsrc/nano-soh-runtime/Shipwright/soh/src/overlays/misc/ovl_kaleido_scope/z_kaleido_scope_PAL.c:2114:32: warning: passing argument 2 of 'gSPVertex' makes integer from pointer without a cast [-Wint-conversion]
 2114 |     gSPVertex(POLY_OPA_DISP++, &pauseCtx->infoPanelVtx[0], 16, 0);
      |                                ^~~~~~~~~~~~~~~~~~~~~~~~~~
      |                                |
      |                                Vtx *
/home/david/Documents/RockBox_Personal-master/devsrc/nano-soh-runtime/Shipwright/soh/include/functions.h:29:36: note: expected 'uintptr_t' {aka 'unsigned int'} but argument is of type 'Vtx *'
   29 | void gSPVertex(Gfx* pkt, uintptr_t v, int n, int v0);
      |                          ~~~~~~~~~~^
/home/david/Documents/RockBox_Personal-master/devsrc/nano-soh-runtime/Shipwright/soh/src/overlays/misc/ovl_kaleido_scope/z_kaleido_scope_PAL.c:2116:37: warning: passing argument 2 of 'gSPDisplayList' from incompatible pointer type [-Wincompatible-pointer-types]
 2116 |     gSPDisplayList(POLY_OPA_DISP++, gItemNamePanelDL);
      |                                     ^~~~~~~~~~~~~~~~
      |                                     |
      |                                     const char *
/home/david/Documents/RockBox_Personal-master/devsrc/nano-soh-runtime/Shipwright/soh/include/functions.h:24:36: note: expected 'Gfx *' but argument is of type 'const char *'
   24 | void gSPDisplayList(Gfx* pkt, Gfx* dl);
      |                               ~~~~~^~
/home/david/Documents/RockBox_Personal-master/devsrc/nano-soh-runtime/Shipwright/soh/src/overlays/misc/ovl_kaleido_scope/z_kaleido_scope_PAL.c:2130:37: warning: passing argument 2 of 'gSPDisplayList' from incompatible pointer type [-Wincompatible-pointer-types]
 2130 |     gSPDisplayList(POLY_OPA_DISP++, gLButtonIconDL);
      |                                     ^~~~~~~~~~~~~~
      |                                     |
      |                                     const char *
/home/david/Documents/RockBox_Personal-master/devsrc/nano-soh-runtime/Shipwright/soh/include/functions.h:24:36: note: expected 'Gfx *' but argument is of type 'const char *'
   24 | void gSPDisplayList(Gfx* pkt, Gfx* dl);
      |                               ~~~~~^~
/home/david/Documents/RockBox_Personal-master/devsrc/nano-soh-runtime/Shipwright/soh/src/overlays/misc/ovl_kaleido_scope/z_kaleido_scope_PAL.c:2144:37: warning: passing argument 2 of 'gSPDisplayList' from incompatible pointer type [-Wincompatible-pointer-types]
 2144 |     gSPDisplayList(POLY_OPA_DISP++, gRButtonIconDL);
      |                                     ^~~~~~~~~~~~~~
      |                                     |
      |                                     const char *
/home/david/Documents/RockBox_Personal-master/devsrc/nano-soh-runtime/Shipwright/soh/include/functions.h:24:36: note: expected 'Gfx *' but argument is of type 'const char *'
   24 | void gSPDisplayList(Gfx* pkt, Gfx* dl);
      |                               ~~~~~^~
/home/david/Documents/RockBox_Personal-master/devsrc/nano-soh-runtime/Shipwright/soh/src/overlays/misc/ovl_kaleido_scope/z_kaleido_scope_PAL.c:2179:40: warning: passing argument 2 of 'gSPVertex' makes integer from pointer without a cast [-Wint-conversion]
 2179 |             gSPVertex(POLY_OPA_DISP++, &pauseCtx->infoPanelVtx[16], 4, 0);
      |                                        ^~~~~~~~~~~~~~~~~~~~~~~~~~~
      |                                        |
      |                                        Vtx *
/home/david/Documents/RockBox_Personal-master/devsrc/nano-soh-runtime/Shipwright/soh/include/functions.h:29:36: note: expected 'uintptr_t' {aka 'unsigned int'} but argument is of type 'Vtx *'
   29 | void gSPVertex(Gfx* pkt, uintptr_t v, int n, int v0);
      |                          ~~~~~~~~~~^
/home/david/Documents/RockBox_Personal-master/devsrc/nano-soh-runtime/Shipwright/soh/src/overlays/misc/ovl_kaleido_scope/z_kaleido_scope_PAL.c:2221:44: warning: passing argument 2 of 'gSPVertex' makes integer from pointer without a cast [-Wint-conversion]
 2221 |                 gSPVertex(POLY_OPA_DISP++, &pauseCtx->infoPanelVtx[24], 4, 0);
      |                                            ^~~~~~~~~~~~~~~~~~~~~~~~~~~
      |                                            |
      |                                            Vtx *
/home/david/Documents/RockBox_Personal-master/devsrc/nano-soh-runtime/Shipwright/soh/include/functions.h:29:36: note: expected 'uintptr_t' {aka 'unsigned int'} but argument is of type 'Vtx *'
   29 | void gSPVertex(Gfx* pkt, uintptr_t v, int n, int v0);
      |                          ~~~~~~~~~~^
/home/david/Documents/RockBox_Personal-master/devsrc/nano-soh-runtime/Shipwright/soh/src/overlays/misc/ovl_kaleido_scope/z_kaleido_scope_PAL.c:2228:72: warning: passing argument 2 of 'KaleidoScope_DrawQuadTextureRGBA32' discards 'const' qualifier from pointer target type [-Wdiscarded-qualifiers]
 2228 |                 KaleidoScope_DrawQuadTextureRGBA32(play->state.gfxCtx, gQuestIconGoldSkulltulaTex, 24, 24, 0);
      |                                                                        ^~~~~~~~~~~~~~~~~~~~~~~~~~
/home/david/Documents/RockBox_Personal-master/devsrc/nano-soh-runtime/Shipwright/soh/src/overlays/misc/ovl_kaleido_scope/z_kaleido_scope_PAL.c:1209:72: note: expected 'void *' but argument is of type 'const char *'
 1209 | void KaleidoScope_DrawQuadTextureRGBA32(GraphicsContext* gfxCtx, void* texture, u16 width, u16 height, u16 point) {
      |                                                                  ~~~~~~^~~~~~~
/home/david/Documents/RockBox_Personal-master/devsrc/nano-soh-runtime/Shipwright/soh/src/overlays/misc/ovl_kaleido_scope/z_kaleido_scope_PAL.c:2239:36: warning: passing argument 2 of 'gSPVertex' makes integer from pointer without a cast [-Wint-conversion]
 2239 |         gSPVertex(POLY_OPA_DISP++, &pauseCtx->infoPanelVtx[16], 8, 0);
      |                                    ^~~~~~~~~~~~~~~~~~~~~~~~~~~
      |                                    |
      |                                    Vtx *
/home/david/Documents/RockBox_Personal-master/devsrc/nano-soh-runtime/Shipwright/soh/include/functions.h:29:36: note: expected 'uintptr_t' {aka 'unsigned int'} but argument is of type 'Vtx *'
   29 | void gSPVertex(Gfx* pkt, uintptr_t v, int n, int v0);
      |                          ~~~~~~~~~~^
/home/david/Documents/RockBox_Personal-master/devsrc/nano-soh-runtime/Shipwright/soh/src/overlays/misc/ovl_kaleido_scope/z_kaleido_scope_PAL.c:2267:89: warning: passing argument 2 of 'KaleidoScope_QuadTextureIA8' discards 'const' qualifier from pointer target type [-Wdiscarded-qualifiers]
 2267 |             POLY_OPA_DISP = KaleidoScope_QuadTextureIA8(POLY_OPA_DISP, sToDecideTextures[gSaveContext.language],
      |                                                                        ~~~~~~~~~~~~~~~~~^~~~~~~~~~~~~~~~~~~~~~~
/home/david/Documents/RockBox_Personal-master/devsrc/nano-soh-runtime/Shipwright/soh/src/overlays/misc/ovl_kaleido_scope/z_kaleido_scope_PAL.c:1159:50: note: expected 'void *' but argument is of type 'const void *'
 1159 | Gfx* KaleidoScope_QuadTextureIA8(Gfx* gfx, void* texture, s16 width, s16 height, u16 point) {
      |                                            ~~~~~~^~~~~~~
/home/david/Documents/RockBox_Personal-master/devsrc/nano-soh-runtime/Shipwright/soh/src/overlays/misc/ovl_kaleido_scope/z_kaleido_scope_PAL.c:2283:71: warning: passing argument 2 of 'KaleidoScope_QuadTextureIA8' discards 'const' qualifier from pointer target type [-Wdiscarded-qualifiers]
 2283 |                         POLY_OPA_DISP, D_8082AD78[pauseCtx->pageIndex][gSaveContext.language], 128, 16, 0);
      |                                        ~~~~~~~~~~~~~~~~~~~~~~~~~~~~~~~^~~~~~~~~~~~~~~~~~~~~~~
/home/david/Documents/RockBox_Personal-master/devsrc/nano-soh-runtime/Shipwright/soh/src/overlays/misc/ovl_kaleido_scope/z_kaleido_scope_PAL.c:1159:50: note: expected 'void *' but argument is of type 'const void *'
 1159 | Gfx* KaleidoScope_QuadTextureIA8(Gfx* gfx, void* texture, s16 width, s16 height, u16 point) {
      |                                            ~~~~~~^~~~~~~
/home/david/Documents/RockBox_Personal-master/devsrc/nano-soh-runtime/Shipwright/soh/src/overlays/misc/ovl_kaleido_scope/z_kaleido_scope_PAL.c:2355:92: warning: passing argument 2 of 'KaleidoScope_QuadTextureIA8' discards 'const' qualifier from pointer target type [-Wdiscarded-qualifiers]
 2355 |                 POLY_OPA_DISP = KaleidoScope_QuadTextureIA8(POLY_OPA_DISP, sToEquipTextures[gSaveContext.language],
      |                                                                            ~~~~~~~~~~~~~~~~^~~~~~~~~~~~~~~~~~~~~~~
/home/david/Documents/RockBox_Personal-master/devsrc/nano-soh-runtime/Shipwright/soh/src/overlays/misc/ovl_kaleido_scope/z_kaleido_scope_PAL.c:1159:50: note: expected 'void *' but argument is of type 'const void *'
 1159 | Gfx* KaleidoScope_QuadTextureIA8(Gfx* gfx, void* texture, s16 width, s16 height, u16 point) {
      |                                            ~~~~~~^~~~~~~
/home/david/Documents/RockBox_Personal-master/devsrc/nano-soh-runtime/Shipwright/soh/src/overlays/misc/ovl_kaleido_scope/z_kaleido_scope_PAL.c:2394:87: warning: passing argument 2 of 'KaleidoScope_QuadTextureIA8' discards 'const' qualifier from pointer target type [-Wdiscarded-qualifiers]
 2394 |                         KaleidoScope_QuadTextureIA8(POLY_OPA_DISP, sPlayMelodyTextures[gSaveContext.language],
      |                                                                    ~~~~~~~~~~~~~~~~~~~^~~~~~~~~~~~~~~~~~~~~~~
/home/david/Documents/RockBox_Personal-master/devsrc/nano-soh-runtime/Shipwright/soh/src/overlays/misc/ovl_kaleido_scope/z_kaleido_scope_PAL.c:1159:50: note: expected 'void *' but argument is of type 'const void *'
 1159 | Gfx* KaleidoScope_QuadTextureIA8(Gfx* gfx, void* texture, s16 width, s16 height, u16 point) {
      |                                            ~~~~~~^~~~~~~
/home/david/Documents/RockBox_Personal-master/devsrc/nano-soh-runtime/Shipwright/soh/src/overlays/misc/ovl_kaleido_scope/z_kaleido_scope_PAL.c:2429:92: warning: passing argument 2 of 'KaleidoScope_QuadTextureIA8' discards 'const' qualifier from pointer target type [-Wdiscarded-qualifiers]
 2429 |                 POLY_OPA_DISP = KaleidoScope_QuadTextureIA8(POLY_OPA_DISP, sToEquipTextures[gSaveContext.language],
      |                                                                            ~~~~~~~~~~~~~~~~^~~~~~~~~~~~~~~~~~~~~~~
/home/david/Documents/RockBox_Personal-master/devsrc/nano-soh-runtime/Shipwright/soh/src/overlays/misc/ovl_kaleido_scope/z_kaleido_scope_PAL.c:1159:50: note: expected 'void *' but argument is of type 'const void *'
 1159 | Gfx* KaleidoScope_QuadTextureIA8(Gfx* gfx, void* texture, s16 width, s16 height, u16 point) {
      |                                            ~~~~~~^~~~~~~
/home/david/Documents/RockBox_Personal-master/devsrc/nano-soh-runtime/Shipwright/soh/src/overlays/misc/ovl_kaleido_scope/z_kaleido_scope_PAL.c: In function 'KaleidoScope_Draw':
/home/david/Documents/RockBox_Personal-master/devsrc/nano-soh-runtime/Shipwright/soh/src/overlays/misc/ovl_kaleido_scope/z_kaleido_scope_PAL.c:3511:47: warning: passing argument 3 of 'gSPSegment' makes integer from pointer without a cast [-Wint-conversion]
 3511 |     gSPSegment(POLY_OPA_DISP++, 0x07, pauseCtx->playerSegment);
      |                                       ~~~~~~~~^~~~~~~~~~~~~~~
      |                                               |
      |                                               u8 * {aka unsigned char *}
/home/david/Documents/RockBox_Personal-master/devsrc/nano-soh-runtime/Shipwright/soh/include/functions.h:22:52: note: expected 'uintptr_t' {aka 'unsigned int'} but argument is of type 'u8 *' {aka 'unsigned char *'}
   22 | void gSPSegment(void* value, int segNum, uintptr_t target);
      |                                          ~~~~~~~~~~^~~~~~
/home/david/Documents/RockBox_Personal-master/devsrc/nano-soh-runtime/Shipwright/soh/src/overlays/misc/ovl_kaleido_scope/z_kaleido_scope_PAL.c:3514:47: warning: passing argument 3 of 'gSPSegment' makes integer from pointer without a cast [-Wint-conversion]
 3514 |     gSPSegment(POLY_OPA_DISP++, 0x0A, pauseCtx->nameSegment);
      |                                       ~~~~~~~~^~~~~~~~~~~~~
      |                                               |
      |                                               u8 * {aka unsigned char *}
/home/david/Documents/RockBox_Personal-master/devsrc/nano-soh-runtime/Shipwright/soh/include/functions.h:22:52: note: expected 'uintptr_t' {aka 'unsigned int'} but argument is of type 'u8 *' {aka 'unsigned char *'}
   22 | void gSPSegment(void* value, int segNum, uintptr_t target);
      |                                          ~~~~~~~~~~^~~~~~
