#include "lcd.h"
#include "/home/david/Documents/RockBox_Personal-master/build-native-ipodnano3g/pluginbitmaps/nightcity_portraits.h"
const unsigned short nightcity_portraits[] = {
0x08a4, 0x08a4, 0x10c4, 0x10c4, 0x10e5, 0x1126, 0x1146, 0x1146, 0x1147, 0x1967,
0x1988, 0x19c9, 0x19ea, 0x21eb, 0x220b, 0x222c, 0x224c, 0x224d, 0x2acf, 0x3bf4,
0x44d6, 0x4cf7, 0x4d17, 0x4d38, 0x5578, 0x5db9, 0x5dd9, 0x65fa, 0x6e3a, 0x765b,
0x7e7b, 0x7e7b, 0x7e7b, 0x7e7b, 0x869c, 0x86dc, 0x86bc, 0x7e7b, 0x7e7b, 0x7e7b,
0x765b, 0x6e3a, 0x6e1a, 0x65d9, 0x5d99, 0x5558, 0x4d17, 0x4d17, 0x4d17, 0x3c55,
0x2b10, 0x226d, 0x224d, 0x222c, 0x1a0b, 0x19eb, 0x19ca, 0x19ca, 0x19c9, 0x19a9,
0x19a9, 0x1988, 0x1147, 0x1105, 0x10e5, 0x10e5, 0x10c4, 0x10c4, 0x10c4, 0x10c4,
0x08a4, 0x08a3, 0x10c3, 0x18c3, 0x18c3, 0x18c3, 0x18c3, 0x10c3, 0x10c3, 0x10c3,
0x10c4, 0x10c3, 0x10c3, 0x10c4, 0x18c4, 0x18c4, 0x18c4, 0x18c4, 0x18e4, 0x18c4,
0x18e4, 0x18e4, 0x18e4, 0x18c4, 0x18c4, 0x18c4, 0x18c4, 0x18c4, 0x18c4, 0x18c4,
0x18c4, 0x18c4, 0x18e4, 0x18e4, 0x18e4, 0x18e4, 0x18e4, 0x18e4, 0x18e4, 0x18e4,
0x18e4, 0x18e4, 0x18e4, 0x18e4, 0x18e4, 0x18e4, 0x18e4, 0x18e4, 0x18e4, 0x18e4,
0x18e4, 0x18e4, 0x18c4, 0x18c4, 0x18c4, 0x18e4, 0x18c4, 0x18c4, 0x18c4, 0x18c4,
0x18c4, 0x18c4, 0x18c4, 0x18c4, 0x18c4, 0x18c4, 0x18c4, 0x18c4, 0x18c4, 0x18c4,
0x18c3, 0x10c3, 0x18c3, 0x18c3, 0x1965, 0x1924, 0x1104, 0x1104, 0x1945, 0x1945,
0x1945, 0x1945, 0x1945, 0x1945, 0x1945, 0x1945, 0x1945, 0x1945, 0x1945, 0x1945,
0x1945, 0x1945, 0x1945, 0x1945, 0x1945, 0x1945, 0x1945, 0x1945, 0x1945, 0x1945,
0x1945, 0x1945, 0x1945, 0x1945, 0x1945, 0x1945, 0x1945, 0x1945, 0x1945, 0x1945,
0x1945, 0x1945, 0x1945, 0x1945, 0x1945, 0x1945, 0x1945, 0x1945, 0x1945, 0x1945,
0x1945, 0x1945, 0x1945, 0x1945, 0x1945, 0x1945, 0x1945, 0x1945, 0x1945, 0x1945,
0x1945, 0x1945, 0x1945, 0x1945, 0x1945, 0x1945, 0x1945, 0x1945, 0x1945, 0x1945,
0x1945, 0x1945, 0x1104, 0x1924, 0x1945, 0x1945, 0x1845, 0x1044, 0x1845, 0x1845,
0x1845, 0x1845, 0x2087, 0x2067, 0x1866, 0x2087, 0x2087, 0x2087, 0x20a7, 0x20a8,
0x20a8, 0x28c9, 0x38ec, 0x30ea, 0x28e9, 0x290a, 0x312b, 0x312c, 0x314c, 0x316d,
0x316d, 0x316d, 0x396d, 0x396e, 0x39af, 0x41cf, 0x41f1, 0x4a12, 0x4a33, 0x5253,
0x5274, 0x5294, 0x5294, 0x5273, 0x4a32, 0x49f2, 0x49f2, 0x49d1, 0x41af, 0x418e,
0x396e, 0x396d, 0x314c, 0x394c, 0x394c, 0x312c, 0x312b, 0x310b, 0x28ea, 0x28e9,
0x28e9, 0x28c9, 0x20c8, 0x20c8, 0x20c8, 0x2087, 0x2087, 0x2086, 0x1886, 0x1866,
0x1866, 0x1865, 0x1845, 0x1845, 0x1845, 0x1044, 0x1045, 0x1024, 0x42cc, 0x42cc,
0x42cc, 0x42cc, 0x42cc, 0x42cc, 0x42cc, 0x42cc, 0x42cc, 0x42cc, 0x42cc, 0x42cc,
0x42cc, 0x42cc, 0x42cc, 0x42cc, 0x42cc, 0x42cc, 0x42cc, 0x42cc, 0x42cc, 0x42cc,
0x42cc, 0x42cc, 0x42ac, 0x42ac, 0x42ac, 0x42ac, 0x42ac, 0x42ac, 0x42ac, 0x42ac,
0x42cc, 0x42cc, 0x42cc, 0x42cc, 0x42cc, 0x42cc, 0x42cc, 0x42cc, 0x42ac, 0x42ac,
0x42ac, 0x42ac, 0x42ac, 0x42ac, 0x42ac, 0x42ac, 0x42ac, 0x42ac, 0x42ac, 0x42ac,
0x42ac, 0x42ac, 0x42ac, 0x42ac, 0x42ac, 0x42ac, 0x42ac, 0x42ac, 0x42ac, 0x42ac,
0x42ac, 0x42ac, 0x42ac, 0x42ac, 0x42ac, 0x42ac, 0x42ac, 0x42ac, 0x42ac, 0x42ac,
0x10c3, 0x10a3, 0x10a3, 0x10c3, 0x10c3, 0x10c3, 0x10e4, 0x10e4, 0x10e4, 0x1104,
0x1904, 0x1905, 0x1925, 0x1925, 0x1945, 0x1946, 0x1946, 0x1966, 0x1966, 0x1966,
0x1966, 0x1986, 0x1987, 0x1987, 0x1987, 0x1987, 0x1987, 0x1987, 0x2187, 0x21a7,
0x21a7, 0x21a7, 0x21a7, 0x21a7, 0x21a7, 0x21a7, 0x21a7, 0x21a7, 0x1987, 0x1987,
0x2187, 0x2187, 0x2187, 0x2187, 0x2187, 0x2187, 0x1987, 0x1987, 0x1987, 0x1986,
0x1966, 0x1966, 0x1966, 0x1966, 0x1946, 0x1945, 0x1945, 0x1945, 0x1925, 0x1925,
0x1904, 0x1104, 0x10e4, 0x10e4, 0x10e4, 0x10c3, 0x10c3, 0x10c3, 0x10c3, 0x10a3,
0x1924, 0x1904, 0x29a6, 0x31a7, 0x31c7, 0x3a08, 0x3a49, 0x426a, 0x426a, 0x428a,
0x42ab, 0x42ab, 0x42ab, 0x42ab, 0x42cc, 0x534e, 0x5baf, 0x5bd0, 0x5bf0, 0x6411,
0x6431, 0x6431, 0x6431, 0x6452, 0x6cd3, 0x74f4, 0x74f4, 0x7515, 0x7515, 0x7d35,
0x7d35, 0x7d35, 0x7d56, 0x7d56, 0x7d56, 0x7d56, 0x7d56, 0x7d56, 0x7d56, 0x7d56,
0x7d56, 0x7d56, 0x7d56, 0x7d55, 0x7d35, 0x7d35, 0x7d35, 0x7515, 0x74f4, 0x74f4,
0x6cd3, 0x6cb3, 0x6c93, 0x6cb3, 0x7d35, 0x6452, 0x538f, 0x536e, 0x4b4e, 0x4b2d,
0x4b4e, 0x534e, 0x4b2d, 0x4b0d, 0x4aec, 0x42ec, 0x42cc, 0x42cb, 0x3a49, 0x3208,
0x31e8, 0x31e8, 0x31e8, 0x31c7, 0x08a3, 0x08a3, 0x08a3, 0x08a3, 0x08a3, 0x10c4,
0x10c4, 0x10c4, 0x08a3, 0x08a3, 0x08c3, 0x10c4, 0x10e4, 0x10e4, 0x10e4, 0x1946,
0x42ac, 0x4aed, 0x2a2a, 0x21e9, 0x21e9, 0x21a8, 0x1967, 0x29a8, 0x6350, 0x8516,
0x6df9, 0x6e39, 0x75b8, 0x8d17, 0xa496, 0x9c35, 0x52ce, 0x21a8, 0x1987, 0x1988,
0x1988, 0x1967, 0x1146, 0x1146, 0x1146, 0x1126, 0x1126, 0x1126, 0x1105, 0x1105,
0x1105, 0x1105, 0x1105, 0x1105, 0x1105, 0x1105, 0x1105, 0x1105, 0x1105, 0x1105,
0x1105, 0x1105, 0x1105, 0x1105, 0x1105, 0x1105, 0x1125, 0x1105, 0x1105, 0x1105,
0x1146, 0x1988, 0x19a9, 0x19c9, 0x19c9, 0x19c9, 0x30a5, 0x2884, 0x2063, 0x2063,
0x2884, 0x3885, 0x58e8, 0x914d, 0xc192, 0xe1d6, 0xe9f7, 0xf218, 0xf218, 0xea17,
0xe9f6, 0xd1b4, 0xb170, 0x812c, 0x690a, 0x792b, 0xa9b0, 0xda15, 0xe216, 0xe215,
0xe215, 0xe216, 0xea57, 0xf298, 0xf2d9, 0xf2d9, 0xf2d9, 0xf2d9, 0xf2d9, 0xf2d9,
0xf2d9, 0xfad9, 0xe2b8, 0xf2b9, 0xf2d9, 0xf2d9, 0xf2d9, 0xf2d9, 0xf2d9, 0xf2d9,
0xf2d9, 0xf2d9, 0xf2b8, 0xea77, 0xea37, 0xe236, 0xda15, 0xb1b1, 0x792b, 0x58e8,
0x6109, 0x814c, 0xa990, 0xc9b3, 0xd9d5, 0xd9f6, 0xe1f6, 0xd9f5, 0xc1b3, 0x914e,
0x50c8, 0x2864, 0x1863, 0x1842, 0x1042, 0x1042, 0x1842, 0x1863, 0x4985, 0x5185,
0x4965, 0x4144, 0x3944, 0x4145, 0x4165, 0x4985, 0x4985, 0x51a6, 0x51a6, 0x59c6,
0x59c6, 0x61e6, 0x6207, 0x6a07, 0x6a27, 0x6a06, 0x7a67, 0x7a68, 0x7a88, 0x8288,
0x82a8, 0x82a8, 0x82c8, 0x8ae9, 0x8ae9, 0x8ae9, 0x9309, 0x9309, 0x9329, 0x9b4a,
0xa36a, 0xb3ea, 0xd4ec, 0xf717, 0xf758, 0xdd4e, 0xbc2a, 0xabaa, 0x9b29, 0x9309,
0x8b09, 0x8ae9, 0x8ae9, 0x8ac8, 0x8ac8, 0x82c8, 0x82a8, 0x82a8, 0x7a88, 0x7a88,
0x7267, 0x7a67, 0x6a05, 0x61e6, 0x6a07, 0x6206, 0x61e6, 0x59e6, 0x59c6, 0x59c6,
0x51a6, 0x5185, 0x4985, 0x4965, 0x4165, 0x3944, 0x4144, 0x4985, 0x51a5, 0x4985,
0x1125, 0x1125, 0x1145, 0x1145, 0x1166, 0x1186, 0x1187, 0x11a7, 0x11c7, 0x11e8,
0x19e8, 0x1a09, 0x1a29, 0x1a29, 0x1a49, 0x1a6a, 0x228a, 0x22ab, 0x22ec, 0x22cb,
0x230c, 0x55f7, 0x6f7c, 0x44f3, 0x228a, 0x19a7, 0x19c7, 0x19e8, 0x19e8, 0x19e8,
0x19e8, 0x1a08, 0x2208, 0x2208, 0x2209, 0x2209, 0x2209, 0x2208, 0x2208, 0x21e8,
0x19c7, 0x19a7, 0x19a7, 0x19a7, 0x1966, 0x1966, 0x1145, 0x1125, 0x1104, 0x0904,
0x1145, 0x232c, 0x3d14, 0x2b6e, 0x22cc, 0x22ec, 0x22ab, 0x1a8a, 0x1a6a, 0x1a29,
0x1a09, 0x19e8, 0x11c7, 0x11c7, 0x11a7, 0x1186, 0x1186, 0x1166, 0x1166, 0x1145,
0x1125, 0x1125, 
0x08a4, 0x08a4, 0x10c4, 0x10c4, 0x10e5, 0x1126, 0x1146, 0x1146, 0x1147, 0x1967,
0x1988, 0x19ca, 0x19ea, 0x220b, 0x220b, 0x222c, 0x224c, 0x226d, 0x2acf, 0x3bf3,
0x4cd6, 0x4cf7, 0x4d17, 0x5558, 0x5598, 0x5db9, 0x65fa, 0x661a, 0x6e3a, 0x765a,
0x765b, 0x7e7b, 0x7e7b, 0x7e5b, 0x75f9, 0x6d77, 0x7e1a, 0x86fd, 0x7e9b, 0x7e5b,
0x765b, 0x6e5b, 0x6e1a, 0x65d9, 0x5d99, 0x5558, 0x5517, 0x4d17, 0x4cf7, 0x3c55,
0x2b10, 0x226e, 0x224d, 0x222c, 0x1a0c, 0x19eb, 0x19ca, 0x19ca, 0x19c9, 0x19ca,
0x19c9, 0x19a9, 0x1167, 0x1106, 0x10e5, 0x10e5, 0x10c4, 0x10c4, 0x10e5, 0x10c4,
0x08a4, 0x08a3, 0x10a3, 0x10a3, 0x18c3, 0x18c3, 0x10a3, 0x10a3, 0x10a3, 0x10a3,
0x10a3, 0x10a3, 0x10a3, 0x10a3, 0x10a3, 0x10a3, 0x18c3, 0x18c4, 0x18c4, 0x10c4,
0x10c4, 0x10c4, 0x10c4, 0x10c4, 0x10c4, 0x10c4, 0x10c4, 0x10c4, 0x10c4, 0x10c4,
0x10c4, 0x10c4, 0x18c4, 0x18c4, 0x18c4, 0x18c4, 0x18c4, 0x18c4, 0x18c4, 0x18c4,
0x10c4, 0x18c4, 0x18c4, 0x18c4, 0x18c4, 0x18c4, 0x18c4, 0x18c4, 0x18c4, 0x18c4,
0x10c4, 0x10c4, 0x10c4, 0x10c4, 0x10c4, 0x18c4, 0x18c4, 0x18c4, 0x18c4, 0x18c4,
0x18c4, 0x10c4, 0x10c4, 0x10c4, 0x10c4, 0x10c4, 0x18c4, 0x18c3, 0x18a3, 0x10a3,
0x10a3, 0x10a3, 0x18c3, 0x18c3, 0x1965, 0x1124, 0x10e4, 0x1104, 0x1945, 0x1945,
0x1945, 0x1945, 0x1945, 0x1945, 0x1945, 0x1945, 0x1945, 0x1945, 0x1945, 0x1945,
0x1945, 0x1965, 0x1965, 0x1965, 0x1965, 0x1965, 0x1965, 0x1965, 0x1965, 0x1965,
0x1965, 0x1965, 0x1965, 0x1965, 0x1965, 0x1965, 0x1966, 0x1986, 0x1986, 0x1986,
0x1986, 0x1966, 0x1966, 0x1965, 0x1945, 0x1965, 0x1965, 0x1965, 0x1965, 0x1965,
0x1965, 0x1965, 0x1965, 0x1965, 0x1945, 0x1945, 0x1945, 0x1945, 0x1945, 0x1945,
0x1945, 0x1945, 0x1945, 0x1945, 0x1945, 0x1945, 0x1945, 0x1945, 0x1945, 0x1945,
0x1945, 0x1925, 0x1104, 0x1924, 0x1945, 0x1945, 0x1045, 0x1044, 0x1865, 0x1866,
0x1845, 0x1845, 0x1866, 0x1866, 0x2086, 0x2087, 0x2087, 0x2087, 0x20a7, 0x20a8,
0x20a8, 0x28c9, 0x38ec, 0x30ea, 0x28e9, 0x310b, 0x312b, 0x392c, 0x318d, 0x31cd,
0x318d, 0x396d, 0x396d, 0x398e, 0x41d0, 0x41b0, 0x41f1, 0x4a12, 0x5213, 0x5233,
0x5a54, 0x5a94, 0x5294, 0x5273, 0x5212, 0x49f2, 0x49d2, 0x49d1, 0x41af, 0x418f,
0x396e, 0x396d, 0x314c, 0x394c, 0x394c, 0x312c, 0x312b, 0x310b, 0x28ea, 0x28e9,
0x28e9, 0x28c9, 0x20c8, 0x20c8, 0x20c8, 0x2087, 0x2087, 0x2086, 0x1886, 0x1866,
0x1866, 0x2067, 0x2067, 0x1845, 0x1845, 0x1044, 0x1044, 0x1044, 0x42cc, 0x42cc,
0x42cc, 0x42cc, 0x42cc, 0x42cc, 0x42cc, 0x42cc, 0x42cc, 0x42cc, 0x42cc, 0x42cc,
0x42cc, 0x42cc, 0x42cc, 0x42cc, 0x42cc, 0x42cc, 0x42cc, 0x42cc, 0x42cc, 0x42cc,
0x42cc, 0x42cc, 0x42cc, 0x42cc, 0x42cc, 0x42cc, 0x42cc, 0x42cc, 0x42cc, 0x42cc,
0x42cc, 0x42cc, 0x42cc, 0x42cc, 0x42cc, 0x42cc, 0x42cc, 0x42cc, 0x42cc, 0x42cc,
0x42cc, 0x42cc, 0x42ac, 0x42ac, 0x42ac, 0x42ac, 0x42ac, 0x42ac, 0x42ac, 0x42ac,
0x42ac, 0x42ac, 0x42ac, 0x42ac, 0x42ac, 0x42ac, 0x42ac, 0x42ac, 0x42ac, 0x42ac,
0x42ac, 0x42ac, 0x42ac, 0x42ac, 0x42ac, 0x42ac, 0x42ac, 0x42ac, 0x42ac, 0x42cc,
0x1925, 0x10c3, 0x10a3, 0x10c3, 0x10c3, 0x10c3, 0x10e4, 0x10e4, 0x1104, 0x1925,
0x1925, 0x1925, 0x1945, 0x1946, 0x1966, 0x1966, 0x1986, 0x1987, 0x1987, 0x21a7,
0x21a7, 0x21a7, 0x21a7, 0x21c7, 0x21c7, 0x21c8, 0x21c8, 0x21c8, 0x21c8, 0x21c8,
0x21c8, 0x21c8, 0x21c8, 0x21c8, 0x21e8, 0x21e8, 0x21c8, 0x21c8, 0x21c8, 0x21c8,
0x21c8, 0x21c8, 0x21c8, 0x21c8, 0x21c8, 0x21c8, 0x21c8, 0x21c7, 0x21c7, 0x21a7,
0x21a7, 0x21a7, 0x2187, 0x1987, 0x1987, 0x1966, 0x1966, 0x1966, 0x1946, 0x1945,
0x1925, 0x1925, 0x1904, 0x1104, 0x10e4, 0x10e4, 0x10c3, 0x10c3, 0x10a3, 0x1904,
0x2145, 0x1904, 0x2986, 0x29a7, 0x31a7, 0x3208, 0x3a49, 0x426a, 0x426a, 0x428a,
0x428b, 0x42ab, 0x428b, 0x428b, 0x42cc, 0x534e, 0x53af, 0x5bd0, 0x5bf0, 0x5c11,
0x6431, 0x6431, 0x6431, 0x6452, 0x6cd3, 0x74f4, 0x74f4, 0x7515, 0x7515, 0x7d15,
0x7d35, 0x7d35, 0x7d35, 0x7d56, 0x7d56, 0x7d56, 0x7d56, 0x7d56, 0x7d56, 0x7d56,
0x7d56, 0x7d56, 0x7d56, 0x7d35, 0x7d35, 0x7d35, 0x7535, 0x7515, 0x74f4, 0x6cd4,
0x6cb3, 0x6cb3, 0x6c92, 0x6cb3, 0x7d15, 0x6431, 0x538f, 0x536e, 0x4b4e, 0x4b2d,
0x4b4e, 0x534e, 0x4b2d, 0x4b0c, 0x4aec, 0x42cc, 0x42cc, 0x42ab, 0x3a49, 0x31e8,
0x31e8, 0x31e8, 0x31c7, 0x31c7, 0x08a3, 0x08a3, 0x08a3, 0x08a3, 0x08a3, 0x10c4,
0x10c4, 0x10c4, 0x08c3, 0x08a3, 0x08c4, 0x10c4, 0x10e4, 0x10e4, 0x10e4, 0x1966,
0x532e, 0x5b90, 0x324a, 0x21e9, 0x21e9, 0x21a8, 0x1967, 0x29a8, 0x6b50, 0x8d16,
0x6df9, 0x6619, 0x6dd8, 0x7d57, 0x9cd7, 0x9c35, 0x52ce, 0x21a8, 0x1987, 0x1988,
0x1988, 0x1967, 0x1146, 0x1146, 0x1146, 0x1126, 0x1126, 0x1126, 0x1105, 0x1105,
0x1105, 0x1105, 0x1105, 0x1105, 0x1105, 0x1105, 0x1105, 0x1105, 0x1105, 0x1105,
0x1125, 0x1105, 0x10e5, 0x1105, 0x1105, 0x1105, 0x1125, 0x1105, 0x1105, 0x1105,
0x1146, 0x19a8, 0x19c9, 0x21c9, 0x21c9, 0x21c9, 0x38a5, 0x2884, 0x2063, 0x2063,
0x2884, 0x38a5, 0x58e8, 0x914d, 0xc192, 0xe1d5, 0xe9f7, 0xea17, 0xea17, 0xe9f7,
0xe1f6, 0xd1b4, 0xb170, 0x812c, 0x690a, 0x792b, 0xa9b1, 0xda15, 0xe216, 0xe215,
0xe216, 0xe216, 0xea57, 0xf298, 0xf2d9, 0xfaf9, 0xfaf9, 0xfaf9, 0xf2f9, 0xf2f9,
0xfb1a, 0xc295, 0x8a92, 0xf35a, 0xfad9, 0xf2f9, 0xf2f9, 0xf2f9, 0xf2f9, 0xf2f9,
0xf2f9, 0xf2d9, 0xf2b8, 0xea77, 0xea37, 0xea36, 0xda15, 0xb1b1, 0x792b, 0x58e8,
0x6109, 0x814c, 0xb191, 0xd1b4, 0xe1d6, 0xe1f6, 0xe1f7, 0xe1f6, 0xc1b3, 0x914e,
0x50c8, 0x2864, 0x1863, 0x1042, 0x1042, 0x1042, 0x1842, 0x1863, 0x3924, 0x51a5,
0x51a5, 0x4965, 0x3944, 0x4144, 0x4165, 0x4965, 0x4985, 0x51a5, 0x51a6, 0x59c6,
0x59c6, 0x59e6, 0x6206, 0x6207, 0x6a07, 0x6a06, 0x7a67, 0x7a67, 0x7a68, 0x7a88,
0x82a8, 0x82a8, 0x82a8, 0x8ac8, 0x8ac9, 0x8ae9, 0x8b09, 0x9309, 0x9329, 0x9b49,
0xab8a, 0xbc2b, 0xdd6d, 0xf717, 0xf759, 0xe5af, 0xc48b, 0xb3ca, 0xa369, 0x9309,
0x8ae9, 0x8ae9, 0x8ac8, 0x82c8, 0x82a8, 0x82a8, 0x82a8, 0x7a88, 0x7a88, 0x7a67,
0x7247, 0x7a67, 0x6a05, 0x61e6, 0x6207, 0x6206, 0x61e6, 0x59c6, 0x59c6, 0x51a6,
0x51a5, 0x4985, 0x4965, 0x4165, 0x4144, 0x4144, 0x4985, 0x51a5, 0x51a5, 0x3924,
0x1125, 0x1125, 0x1145, 0x1166, 0x1186, 0x1186, 0x11a7, 0x11c7, 0x11c8, 0x11e8,
0x1a08, 0x1a29, 0x1a29, 0x1a49, 0x1a6a, 0x228a, 0x22cb, 0x22ec, 0x22cb, 0x33af,
0x66da, 0x671b, 0x3c30, 0x1a28, 0x19a6, 0x19c7, 0x19e8, 0x19e8, 0x19e8, 0x19e8,
0x2209, 0x2208, 0x2229, 0x2249, 0x2229, 0x2229, 0x2229, 0x2209, 0x2208, 0x2208,
0x2208, 0x19c8, 0x19c7, 0x19a7, 0x19a7, 0x1986, 0x1966, 0x1165, 0x1145, 0x1104,
0x0904, 0x0904, 0x22eb, 0x4575, 0x2b6e, 0x22cb, 0x22cb, 0x1a8b, 0x1a6a, 0x1a49,
0x1a09, 0x1a08, 0x11e8, 0x11c7, 0x11a7, 0x1186, 0x1186, 0x1166, 0x1166, 0x1145,
0x1125, 0x1125, 
0x08a4, 0x08a4, 0x10c4, 0x10c4, 0x10e5, 0x1126, 0x1146, 0x1146, 0x1147, 0x1967,
0x1988, 0x19ca, 0x21ea, 0x220b, 0x222b, 0x222c, 0x224d, 0x226d, 0x2acf, 0x3bf3,
0x4cd6, 0x4d17, 0x4d17, 0x5558, 0x5599, 0x5537, 0x54f6, 0x5d78, 0x6e1a, 0x767c,
0x7ebc, 0x7ebc, 0x7edc, 0x7edc, 0x769c, 0x65b8, 0x3b6f, 0x4b6f, 0x7e1a, 0x7edc,
0x6e5b, 0x65b9, 0x661a, 0x65d9, 0x5d99, 0x5558, 0x5518, 0x4d17, 0x4cf7, 0x3c34,
0x2b10, 0x226e, 0x224d, 0x222c, 0x220c, 0x19eb, 0x19ca, 0x19ca, 0x19ca, 0x19ca,
0x19ca, 0x19a9, 0x1967, 0x1126, 0x10e5, 0x10e5, 0x10c5, 0x10e5, 0x10e5, 0x10e5,
0x08c4, 0x08a3, 0x10a3, 0x10a3, 0x18c3, 0x18c3, 0x10a3, 0x10a3, 0x10a3, 0x10a3,
0x10a3, 0x10a3, 0x10a3, 0x10a3, 0x10a3, 0x10a3, 0x10c4, 0x18c4, 0x18c4, 0x10c4,
0x10c4, 0x10c4, 0x10c4, 0x10c4, 0x10c4, 0x10c4, 0x10c4, 0x10c4, 0x10c4, 0x10c4,
0x10c4, 0x10c4, 0x10c4, 0x18c4, 0x18c4, 0x18c4, 0x18c3, 0x18c3, 0x18c3, 0x18c3,
0x18c4, 0x18c4, 0x18c4, 0x18c4, 0x10c4, 0x18c4, 0x18c4, 0x18c4, 0x18c4, 0x18c4,
0x10c4, 0x10c4, 0x10c4, 0x10c4, 0x10c4, 0x18c4, 0x18c4, 0x18c4, 0x18c4, 0x18c4,
0x18c4, 0x10c4, 0x10c4, 0x10c4, 0x10c4, 0x10c4, 0x18c4, 0x18a4, 0x10a3, 0x10a3,
0x10a3, 0x10a3, 0x18c3, 0x18c3, 0x1965, 0x1124, 0x1104, 0x1124, 0x1965, 0x1965,
0x1965, 0x1965, 0x1965, 0x1965, 0x1966, 0x1966, 0x1966, 0x1986, 0x1986, 0x1986,
0x1986, 0x1986, 0x1986, 0x1986, 0x1986, 0x1986, 0x1986, 0x1986, 0x1986, 0x1986,
0x1986, 0x1986, 0x1986, 0x1966, 0x19a6, 0x1945, 0x1945, 0x1945, 0x18e3, 0x18c3,
0x1904, 0x1924, 0x1924, 0x1986, 0x19a6, 0x1966, 0x1986, 0x1986, 0x1986, 0x1986,
0x1986, 0x1986, 0x1986, 0x1986, 0x1986, 0x1986, 0x1986, 0x1986, 0x1986, 0x1986,
0x1986, 0x1966, 0x1966, 0x1966, 0x1965, 0x1965, 0x1965, 0x1965, 0x1965, 0x1965,
0x1965, 0x1945, 0x1104, 0x1924, 0x1965, 0x1945, 0x1044, 0x1044, 0x1866, 0x1866,
0x1845, 0x1845, 0x1866, 0x2066, 0x2086, 0x2087, 0x2087, 0x20a7, 0x20a7, 0x20a8,
0x20a8, 0x28c9, 0x38ec, 0x30ea, 0x28e9, 0x310b, 0x392c, 0x392d, 0x31ad, 0x320e,
0x318d, 0x4950, 0x414e, 0x396e, 0x418f, 0x41b0, 0x49d1, 0x51f2, 0x5213, 0x5233,
0x5a54, 0x5a74, 0x5a74, 0x5253, 0x5213, 0x51f2, 0x51d2, 0x51f2, 0x41d0, 0x416f,
0x416e, 0x396d, 0x314c, 0x394c, 0x394c, 0x392c, 0x312b, 0x310b, 0x28ea, 0x28e9,
0x28e9, 0x28c9, 0x20c8, 0x20c8, 0x20c8, 0x2087, 0x2086, 0x2086, 0x1866, 0x2066,
0x1065, 0x408c, 0x488d, 0x1044, 0x1845, 0x1044, 0x1044, 0x1044, 0x4acc, 0x4acc,
0x42cc, 0x42cc, 0x4acc, 0x4acc, 0x4acc, 0x42cc, 0x42cc, 0x42cc, 0x42cc, 0x42cc,
0x42cc, 0x42cc, 0x42cc, 0x42cc, 0x42cc, 0x42cc, 0x42cc, 0x42cc, 0x42cc, 0x42cc,
0x42cc, 0x42cc, 0x42cc, 0x42cc, 0x42cc, 0x42cc, 0x4acc, 0x42cc, 0x42cc, 0x4acc,
0x4acc, 0x4acc, 0x4acc, 0x4acc, 0x4acc, 0x4acc, 0x4acc, 0x4acc, 0x4acc, 0x4acc,
0x4acc, 0x42cc, 0x42cc, 0x42cc, 0x42cc, 0x42cc, 0x42cc, 0x42cc, 0x42cc, 0x42cc,
0x42ac, 0x42ac, 0x42ac, 0x42ac, 0x42ac, 0x42ac, 0x42ac, 0x42ac, 0x42ac, 0x42ac,
0x42ac, 0x42ac, 0x42ac, 0x42ac, 0x42ac, 0x42ac, 0x42ac, 0x42cc, 0x42cc, 0x4acc,
0x2145, 0x1925, 0x10c3, 0x10c3, 0x10c3, 0x10e4, 0x1104, 0x1904, 0x1925, 0x1945,
0x1966, 0x1966, 0x1986, 0x19a7, 0x21a7, 0x21c7, 0x21c8, 0x21c8, 0x21e8, 0x21e8,
0x21e8, 0x2208, 0x2209, 0x2209, 0x2209, 0x2209, 0x2209, 0x2209, 0x2209, 0x2229,
0x2229, 0x2a29, 0x2a29, 0x2a29, 0x2a29, 0x2a29, 0x2a29, 0x2a29, 0x2a29, 0x2a29,
0x2a29, 0x2a29, 0x2a29, 0x2a29, 0x2229, 0x2229, 0x2209, 0x2209, 0x2209, 0x2209,
0x2209, 0x21e8, 0x21e8, 0x21e8, 0x21c8, 0x21c7, 0x21a7, 0x21a7, 0x1987, 0x1986,
0x1966, 0x1945, 0x1925, 0x1904, 0x1104, 0x10e4, 0x10e4, 0x10c3, 0x1904, 0x2145,
0x2145, 0x1904, 0x29a6, 0x29a7, 0x31a7, 0x31e8, 0x3a49, 0x426a, 0x426a, 0x428a,
0x42ab, 0x42ab, 0x428b, 0x428b, 0x42cb, 0x534e, 0x53af, 0x5bcf, 0x5bf0, 0x5c10,
0x6431, 0x6431, 0x6431, 0x6452, 0x6cd3, 0x74f4, 0x74f4, 0x7515, 0x7515, 0x7d15,
0x7d35, 0x7d35, 0x7d35, 0x7d36, 0x7d56, 0x7d56, 0x7d56, 0x7d56, 0x7d56, 0x7d56,
0x7d56, 0x7d56, 0x7d55, 0x7d35, 0x7d35, 0x7d35, 0x7515, 0x7515, 0x74f4, 0x74d4,
0x6cb3, 0x6c93, 0x6c92, 0x6cb3, 0x7515, 0x5c11, 0x536e, 0x534e, 0x4b2d, 0x4b2d,
0x4b4e, 0x534e, 0x4b2d, 0x4b0c, 0x4aec, 0x42cc, 0x42cc, 0x42ab, 0x3a49, 0x31e8,
0x31e8, 0x31e8, 0x31e7, 0x31c7, 0x08a3, 0x08a3, 0x08a3, 0x08a3, 0x08a3, 0x10c4,
0x10c4, 0x10c4, 0x08c4, 0x08a3, 0x10c4, 0x10e4, 0x10e4, 0x10e4, 0x10e4, 0x1946,
0x534e, 0x63d1, 0x324b, 0x21e9, 0x2209, 0x21c8, 0x1967, 0x29c9, 0x6b91, 0x8d16,
0x75f9, 0x6e5a, 0x665a, 0x6e19, 0x8d98, 0x9c75, 0x5aae, 0x21a8, 0x1987, 0x2188,
0x1988, 0x1167, 0x1146, 0x1146, 0x1146, 0x1126, 0x1126, 0x1126, 0x1126, 0x1105,
0x1105, 0x1105, 0x1105, 0x1105, 0x1105, 0x1105, 0x1105, 0x1105, 0x1105, 0x1105,
0x1125, 0x1105, 0x10e5, 0x1105, 0x1105, 0x1125, 0x1125, 0x1105, 0x1105, 0x1105,
0x1946, 0x19a8, 0x21c9, 0x21e9, 0x21ea, 0x21e9, 0x38a5, 0x2884, 0x2063, 0x2063,
0x2884, 0x38a5, 0x58e8, 0x914d, 0xc192, 0xd9d5, 0xe1d6, 0xe1f6, 0xe1f6, 0xd9d5,
0xd1d4, 0xc9b3, 0xa970, 0x812c, 0x690a, 0x792b, 0xb1b1, 0xda15, 0xe216, 0xe216,
0xe216, 0xe236, 0xea57, 0xf298, 0xfad9, 0xfaf9, 0xfaf9, 0xfaf9, 0xfaf9, 0xfb1a,
0xd2f7, 0x390a, 0x624e, 0xeb18, 0xf2d8, 0xfb1a, 0xfb19, 0xfb19, 0xfb19, 0xf319,
0xf2f9, 0xf2f9, 0xf2b8, 0xea77, 0xea37, 0xea36, 0xda15, 0xb1b1, 0x792b, 0x58e8,
0x6109, 0x812c, 0xb191, 0xd1d4, 0xe1f6, 0xea17, 0xe1f6, 0xd9f5, 0xc1b2, 0x892d,
0x50c8, 0x2864, 0x1863, 0x1842, 0x1042, 0x1042, 0x1842, 0x1863, 0x3103, 0x4144,
0x51a5, 0x51a5, 0x4965, 0x3924, 0x4145, 0x4165, 0x4965, 0x4985, 0x51a5, 0x51a6,
0x59c6, 0x59c6, 0x61e6, 0x6206, 0x6206, 0x6a06, 0x7247, 0x7247, 0x7267, 0x7a68,
0x7a88, 0x7a88, 0x82a8, 0x82a8, 0x82a8, 0x82c8, 0x8ac9, 0x8ac9, 0x9309, 0x9b49,
0xabaa, 0xccab, 0xe58d, 0xf738, 0xf779, 0xe5af, 0xd4cb, 0xbbea, 0xa389, 0x9309,
0x82a8, 0x82a8, 0x82a8, 0x82a8, 0x7a88, 0x7a88, 0x7a88, 0x7a68, 0x7267, 0x7247,
0x7247, 0x7247, 0x6a05, 0x59e6, 0x6206, 0x61e6, 0x59c6, 0x59c6, 0x51c6, 0x51a6,
0x5185, 0x4985, 0x4965, 0x4145, 0x3924, 0x4965, 0x51a5, 0x51c5, 0x4144, 0x3103,
0x1125, 0x1145, 0x1145, 0x1166, 0x1186, 0x1186, 0x11a7, 0x11a7, 0x11c8, 0x19e8,
0x1a08, 0x1a29, 0x1a4a, 0x1a6a, 0x22ab, 0x22cb, 0x22ec, 0x22cc, 0x3c51, 0x6f7c,
0x5e58, 0x2b2c, 0x19a7, 0x19a7, 0x19e8, 0x19e8, 0x19e8, 0x19e8, 0x2208, 0x2229,
0x1a09, 0x2249, 0x226a, 0x226a, 0x224a, 0x2249, 0x2229, 0x2229, 0x2209, 0x2209,
0x2208, 0x21e8, 0x19c8, 0x19a7, 0x19a7, 0x1986, 0x1986, 0x1165, 0x1165, 0x1125,
0x0904, 0x08e3, 0x08c3, 0x22eb, 0x4575, 0x234d, 0x22ab, 0x22ab, 0x1a8a, 0x1a4a,
0x1a29, 0x1a08, 0x11e8, 0x11c7, 0x11a7, 0x11a7, 0x1186, 0x1166, 0x1166, 0x1165,
0x1145, 0x1125, 
0x08a4, 0x08a4, 0x10c4, 0x10c4, 0x10e5, 0x1126, 0x1146, 0x1147, 0x1147, 0x1967,
0x1988, 0x19ca, 0x21eb, 0x220b, 0x222c, 0x222c, 0x224d, 0x226d, 0x2acf, 0x3bf3,
0x4cd6, 0x4d17, 0x4d17, 0x5558, 0x5d99, 0x5d98, 0x4cb4, 0x3b70, 0x32cd, 0x32ad,
0x32cd, 0x3b0e, 0x3b2f, 0x3b4f, 0x3b90, 0x43f1, 0x4c73, 0x2a4b, 0x3128, 0x6c35,
0x6e9c, 0x5db8, 0x5c34, 0x65fa, 0x5d79, 0x5538, 0x5517, 0x4d17, 0x4cf7, 0x3c34,
0x2b10, 0x226e, 0x224d, 0x222c, 0x220c, 0x1a0b, 0x19ca, 0x19ca, 0x19ca, 0x19ca,
0x19ca, 0x19ca, 0x1968, 0x1126, 0x10e5, 0x10e5, 0x10e5, 0x10e5, 0x1105, 0x10e5,
0x08c4, 0x08a3, 0x10a3, 0x10a3, 0x18c3, 0x18c3, 0x10a3, 0x10a3, 0x10a3, 0x10a3,
0x10a3, 0x10a3, 0x10a3, 0x10a3, 0x10a3, 0x10a3, 0x10a4, 0x18c4, 0x18c4, 0x10c4,
0x10c4, 0x10c4, 0x10c4, 0x10c4, 0x10c4, 0x10c4, 0x10c4, 0x10c4, 0x10c4, 0x10c4,
0x10c4, 0x18c4, 0x18c3, 0x18a3, 0x18a2, 0x18a2, 0x18a2, 0x18a2, 0x18a2, 0x18a2,
0x18a2, 0x18c3, 0x18c3, 0x18e3, 0x18e4, 0x18c4, 0x10a3, 0x10c4, 0x18c4, 0x10c4,
0x10c4, 0x10c4, 0x10c4, 0x10c4, 0x10c4, 0x10c4, 0x18c4, 0x18c4, 0x18c4, 0x18c4,
0x10c4, 0x10c4, 0x10c4, 0x10c4, 0x10c4, 0x10c4, 0x18a4, 0x10a3, 0x10a3, 0x10a3,
0x10a3, 0x10a3, 0x18c3, 0x18c3, 0x1965, 0x1124, 0x1104, 0x1924, 0x1965, 0x1966,
0x1966, 0x1986, 0x1986, 0x1986, 0x1986, 0x1986, 0x1986, 0x1986, 0x1986, 0x1986,
0x1986, 0x19a6, 0x19a6, 0x21a6, 0x21a6, 0x19a6, 0x19a6, 0x19a6, 0x19a6, 0x19a6,
0x21a6, 0x19a6, 0x21c7, 0x2208, 0x2186, 0x18a3, 0x10a2, 0x18c3, 0x20e4, 0x20e4,
0x20e3, 0x18c3, 0x18a3, 0x18c3, 0x2a28, 0x21e7, 0x19a6, 0x21a6, 0x21a6, 0x21a6,
0x21a6, 0x21a6, 0x21a6, 0x21a6, 0x21a6, 0x21a6, 0x21a6, 0x21a6, 0x19a6, 0x1986,
0x1986, 0x1986, 0x1986, 0x1986, 0x1986, 0x1986, 0x1986, 0x1986, 0x1986, 0x1965,
0x1965, 0x1945, 0x1124, 0x1945, 0x1965, 0x1945, 0x1044, 0x1044, 0x1866, 0x1866,
0x1865, 0x1866, 0x1866, 0x1866, 0x2086, 0x2087, 0x2087, 0x2087, 0x20a7, 0x20a8,
0x20a8, 0x28c9, 0x38ec, 0x30ea, 0x28e9, 0x310b, 0x310b, 0x392d, 0x316d, 0x31ad,
0x318d, 0x5151, 0x494f, 0x39ae, 0x41d0, 0x49b1, 0x51d1, 0x51f2, 0x5a14, 0x5233,
0x5a54, 0x5a74, 0x5a74, 0x5253, 0x5213, 0x51f2, 0x51d2, 0x59f2, 0x41f0, 0x496f,
0x416e, 0x394d, 0x394c, 0x394d, 0x392c, 0x392c, 0x312b, 0x310b, 0x28ea, 0x28e9,
0x28e9, 0x28c9, 0x20c8, 0x20c8, 0x20c8, 0x2087, 0x2086, 0x1886, 0x1866, 0x2066,
0x1866, 0x2868, 0x3069, 0x1845, 0x1845, 0x1845, 0x1845, 0x1045, 0x4acc, 0x4acc,
0x4acc, 0x4acc, 0x4acc, 0x4acc, 0x4acc, 0x4acc, 0x4acc, 0x4acc, 0x4acc, 0x4acc,
0x4acc, 0x4acc, 0x4acc, 0x4acc, 0x4acc, 0x4acc, 0x4acc, 0x4acc, 0x4acc, 0x4acc,
0x4acc, 0x4acc, 0x4acc, 0x4aec, 0x4aec, 0x4aec, 0x4aec, 0x4aec, 0x4aec, 0x4aec,
0x4aec, 0x4aec, 0x4aec, 0x4aec, 0x4aec, 0x4acc, 0x42cc, 0x4aec, 0x4aec, 0x4aec,
0x4aec, 0x4acc, 0x4acc, 0x4acc, 0x4acc, 0x4acc, 0x4acc, 0x42cc, 0x42cc, 0x42cc,
0x42cc, 0x42cc, 0x42cc, 0x42ac, 0x42cc, 0x42cc, 0x42cc, 0x42cc, 0x42cc, 0x42cc,
0x42cc, 0x42ac, 0x42cc, 0x42ac, 0x42ac, 0x42cc, 0x4acc, 0x4acc, 0x4acc, 0x4acc,
0x2145, 0x2145, 0x1925, 0x10c3, 0x10c3, 0x10e4, 0x1904, 0x1925, 0x1966, 0x2187,
0x21a7, 0x21c8, 0x21e8, 0x2208, 0x2209, 0x2a29, 0x2a29, 0x2a4a, 0x2a4a, 0x2a4a,
0x2a6a, 0x2a6a, 0x2a6a, 0x2a6a, 0x2a6a, 0x2a8b, 0x2a8b, 0x2a8b, 0x2a8b, 0x2a8b,
0x2a8b, 0x2a8b, 0x2a8b, 0x2a6b, 0x2a8b, 0x2a8b, 0x2a8b, 0x2a8b, 0x2a8b, 0x2a8b,
0x2a8b, 0x2a8b, 0x2a8b, 0x2a8b, 0x2a8b, 0x2a8b, 0x2a8b, 0x2a8b, 0x2a8b, 0x2a8b,
0x2a6a, 0x2a6a, 0x2a6a, 0x2a4a, 0x2a4a, 0x2a29, 0x2a29, 0x2209, 0x21e8, 0x21c8,
0x21a7, 0x1986, 0x1945, 0x1925, 0x1904, 0x10e4, 0x10c3, 0x1904, 0x2145, 0x2145,
0x2166, 0x1904, 0x2986, 0x29a7, 0x31a7, 0x31e8, 0x3a4a, 0x428b, 0x42ab, 0x42ab,
0x42ab, 0x42ab, 0x428b, 0x428a, 0x42cb, 0x534e, 0x5b8f, 0x5bcf, 0x5bf0, 0x5c10,
0x6411, 0x6431, 0x6431, 0x6452, 0x6cb3, 0x74f4, 0x74f4, 0x7515, 0x7d15, 0x7d15,
0x7d35, 0x7d35, 0x7d35, 0x7d56, 0x7d35, 0x7d35, 0x7d35, 0x7d35, 0x7d35, 0x7d35,
0x7d35, 0x7d35, 0x7d55, 0x7d35, 0x7d35, 0x7535, 0x7515, 0x7515, 0x74f4, 0x74d4,
0x6cb3, 0x6c93, 0x6c72, 0x6cb3, 0x74d4, 0x5bf0, 0x536e, 0x534e, 0x4b2d, 0x4b2d,
0x4b4e, 0x534e, 0x4b2d, 0x4b0c, 0x4aec, 0x42cc, 0x42cc, 0x42ab, 0x3a49, 0x31e8,
0x31e8, 0x31e8, 0x31c7, 0x31c7, 0x08e4, 0x08c4, 0x08c4, 0x08a3, 0x08a3, 0x10c4,
0x10c4, 0x10c4, 0x08c4, 0x08a3, 0x10c4, 0x10e4, 0x10e4, 0x10e4, 0x10e5, 0x1926,
0x428c, 0x532e, 0x322a, 0x2209, 0x2209, 0x21c9, 0x1967, 0x29c9, 0x6bd1, 0x8557,
0x7619, 0x6e7a, 0x667a, 0x6e39, 0x8d98, 0x9495, 0x52ce, 0x19a8, 0x1987, 0x21a8,
0x41aa, 0x416a, 0x1146, 0x0926, 0x1146, 0x1126, 0x1126, 0x1126, 0x1126, 0x1105,
0x1105, 0x1125, 0x1105, 0x1125, 0x1126, 0x1126, 0x1126, 0x1105, 0x1105, 0x1105,
0x1126, 0x1105, 0x1105, 0x1105, 0x1105, 0x1105, 0x1105, 0x1105, 0x1105, 0x1105,
0x1947, 0x19a8, 0x21e9, 0x21ea, 0x21ea, 0x21ea, 0x38a5, 0x2884, 0x2063, 0x2063,
0x2884, 0x38a5, 0x58e8, 0x914d, 0xb991, 0xc9b3, 0xd1b4, 0xd1d4, 0xd1d4, 0xd1b3,
0xc9b3, 0xc192, 0xa96f, 0x812c, 0x690a, 0x792c, 0xb1b1, 0xda15, 0xe216, 0xe216,
0xe216, 0xe236, 0xea57, 0xf298, 0xfad9, 0xfaf9, 0xfb19, 0xfaf9, 0xf2f9, 0xb294,
0x518c, 0x18a7, 0x316a, 0xc2b5, 0xa9f1, 0xfb1a, 0xeaf8, 0xf319, 0xfb19, 0xfb1a,
0xfad9, 0xf2f9, 0xf2b8, 0xea77, 0xea37, 0xea36, 0xda15, 0xa9b0, 0x792b, 0x58e8,
0x6109, 0x812c, 0xa970, 0xc9b3, 0xd1d5, 0xd9d5, 0xd9d5, 0xc9d4, 0xb191, 0x812d,
0x50c8, 0x2884, 0x1863, 0x1842, 0x1042, 0x1042, 0x1042, 0x1863, 0x3904, 0x3904,
0x4964, 0x51a5, 0x5185, 0x4144, 0x3924, 0x4145, 0x4165, 0x4965, 0x4985, 0x51a5,
0x51a6, 0x59c6, 0x59c6, 0x61e6, 0x61e6, 0x61e5, 0x7246, 0x7247, 0x7247, 0x7247,
0x7247, 0x7248, 0x7a68, 0x7a88, 0x82a8, 0x8ae9, 0x8b29, 0x9b6a, 0xa3cb, 0xb42b,
0xc4ac, 0xd54d, 0xe5cf, 0xeed6, 0xeef7, 0xe5f0, 0xdd6e, 0xcccd, 0xbc6b, 0xac0b,
0x9b6a, 0x8b09, 0x82e9, 0x82a8, 0x7a88, 0x7267, 0x7247, 0x7247, 0x7247, 0x7247,
0x6a27, 0x7227, 0x6a05, 0x59c6, 0x61e6, 0x59c6, 0x59c6, 0x51a6, 0x51a5, 0x5185,
0x4985, 0x4965, 0x4165, 0x3924, 0x4164, 0x5185, 0x51a5, 0x4964, 0x3103, 0x3903,
0x1125, 0x1166, 0x1186, 0x1166, 0x1186, 0x1186, 0x11e8, 0x11e8, 0x11c8, 0x19e8,
0x1a08, 0x1a29, 0x1a6a, 0x228b, 0x22ec, 0x230c, 0x22ec, 0x3c92, 0x6f5c, 0x55b6,
0x22cb, 0x19a6, 0x19a7, 0x19c8, 0x19e8, 0x19e8, 0x19e8, 0x2229, 0x2229, 0x2229,
0x226a, 0x228b, 0x226a, 0x226a, 0x226a, 0x226a, 0x224a, 0x2229, 0x2229, 0x2229,
0x2209, 0x2208, 0x21e8, 0x19c8, 0x19c7, 0x19a7, 0x1986, 0x1986, 0x1145, 0x1145,
0x1104, 0x0904, 0x08e3, 0x08e3, 0x2b2c, 0x4575, 0x22ec, 0x22ab, 0x1a8b, 0x1a4a,
0x1a29, 0x1a09, 0x19e8, 0x11e8, 0x11c7, 0x11a7, 0x11a7, 0x1186, 0x1186, 0x1186,
0x1186, 0x1145, 
0x08a4, 0x10a4, 0x10c4, 0x10c4, 0x10e5, 0x1126, 0x1147, 0x1147, 0x1147, 0x1967,
0x1988, 0x19ca, 0x21eb, 0x220b, 0x222c, 0x224c, 0x224d, 0x226d, 0x2acf, 0x3bf3,
0x4cd6, 0x4d17, 0x4d17, 0x5538, 0x55b9, 0x5e1a, 0x6e1b, 0x5cf6, 0x32ed, 0x10e5,
0x1083, 0x10a4, 0x10c5, 0x10e6, 0x18e6, 0x10c5, 0x18c5, 0x2188, 0x08a4, 0x20a6,
0x520d, 0x5516, 0x42ae, 0x6b53, 0x5dda, 0x5538, 0x5517, 0x4d17, 0x4cf7, 0x3c34,
0x2af0, 0x226e, 0x224d, 0x222c, 0x222c, 0x19eb, 0x19ca, 0x19ca, 0x19ca, 0x19ca,
0x21ea, 0x21ca, 0x1988, 0x1126, 0x10e5, 0x10e5, 0x10e5, 0x10e5, 0x1105, 0x10e5,
0x10c4, 0x08a3, 0x10a3, 0x10a3, 0x18c3, 0x18c3, 0x10a3, 0x10a3, 0x10a3, 0x10a3,
0x10a3, 0x10a3, 0x10a3, 0x10a3, 0x10a3, 0x10a3, 0x10a3, 0x18a4, 0x18c4, 0x10c4,
0x10c4, 0x10c4, 0x10c4, 0x10c4, 0x10c4, 0x10c4, 0x18c4, 0x10c4, 0x18c4, 0x18c3,
0x18c3, 0x18a2, 0x18a2, 0x1882, 0x1882, 0x18a2, 0x18a2, 0x18a2, 0x18a2, 0x18a2,
0x18a2, 0x18a2, 0x18a2, 0x18c3, 0x2104, 0x2165, 0x2166, 0x1905, 0x1083, 0x10c4,
0x10c4, 0x10c4, 0x10c4, 0x10c4, 0x10c4, 0x10c4, 0x18c4, 0x18c4, 0x18c4, 0x10c4,
0x10c4, 0x10c4, 0x10c4, 0x10c4, 0x10c3, 0x18a3, 0x10a3, 0x10a3, 0x10a3, 0x10a3,
0x10a3, 0x10a3, 0x18c3, 0x18c3, 0x1965, 0x1925, 0x1104, 0x1925, 0x1966, 0x1986,
0x19a6, 0x19a6, 0x19c7, 0x21c7, 0x21c7, 0x21e7, 0x21e7, 0x21e7, 0x21e7, 0x21e7,
0x21e8, 0x2208, 0x2208, 0x2208, 0x2208, 0x2208, 0x2208, 0x2208, 0x2208, 0x2228,
0x2208, 0x2a49, 0x2a48, 0x1904, 0x18a2, 0x18c3, 0x2104, 0x2966, 0x2925, 0x31a6,
0x31a6, 0x2966, 0x2124, 0x18c3, 0x10c3, 0x21c6, 0x2a69, 0x2208, 0x2208, 0x2208,
0x2208, 0x2208, 0x2208, 0x2208, 0x2208, 0x2208, 0x2208, 0x2208, 0x21e7, 0x21e7,
0x21e7, 0x21e7, 0x21e7, 0x21c7, 0x21c7, 0x21c7, 0x21c7, 0x19a6, 0x19a6, 0x1986,
0x1986, 0x1945, 0x1124, 0x1945, 0x1965, 0x1945, 0x1044, 0x1044, 0x1865, 0x1866,
0x1866, 0x1866, 0x1866, 0x2066, 0x2086, 0x2087, 0x20a7, 0x20a7, 0x20a7, 0x20a8,
0x20a8, 0x28c9, 0x38ec, 0x30eb, 0x28ea, 0x310b, 0x312c, 0x392d, 0x394c, 0x394d,
0x394d, 0x5951, 0x496f, 0x41ef, 0x51f2, 0x61d3, 0x61d3, 0x59d3, 0x69d5, 0x6234,
0x6255, 0x6275, 0x6255, 0x5a54, 0x5a33, 0x5a13, 0x59f2, 0x59f3, 0x49d1, 0x5171,
0x496f, 0x414e, 0x394c, 0x394d, 0x392c, 0x392c, 0x314c, 0x310b, 0x28ea, 0x28e9,
0x28e9, 0x28c9, 0x20c8, 0x20c8, 0x20c8, 0x2087, 0x2086, 0x2086, 0x1866, 0x1866,
0x1866, 0x1845, 0x1865, 0x2067, 0x1044, 0x1044, 0x1045, 0x1045, 0x4aec, 0x4aec,
0x4acc, 0x4aec, 0x4aec, 0x4aec, 0x4aec, 0x4aec, 0x4aec, 0x4aec, 0x4aec, 0x4aec,
0x4aec, 0x4aec, 0x4aec, 0x4aec, 0x4aec, 0x4aec, 0x4aec, 0x4aec, 0x4aec, 0x4aec,
0x4aec, 0x4aec, 0x4aec, 0x4aec, 0x4aec, 0x4aec, 0x4aec, 0x4aec, 0x4aec, 0x4aec,
0x4aec, 0x4aec, 0x4aec, 0x4acc, 0x4aed, 0x4b0d, 0x538e, 0x4b0d, 0x4acc, 0x4aed,
0x4aec, 0x4aec, 0x4aec, 0x4aec, 0x4aec, 0x4aec, 0x4aec, 0x4acc, 0x4acc, 0x4acc,
0x4acc, 0x4acc, 0x4acc, 0x42cc, 0x42cc, 0x4acc, 0x42cc, 0x4acc, 0x4acc, 0x42cc,
0x42cc, 0x42cc, 0x42cc, 0x4acc, 0x4acc, 0x4aec, 0x4aec, 0x4aec, 0x4aec, 0x4aec,
0x2145, 0x2145, 0x2166, 0x1925, 0x10c3, 0x10e4, 0x1925, 0x1966, 0x19a7, 0x19e8,
0x1a29, 0x224a, 0x226a, 0x228b, 0x22ab, 0x22ac, 0x22cc, 0x2aec, 0x2aec, 0x2aec,
0x2b0d, 0x2b0d, 0x2b0d, 0x2b0d, 0x2b0d, 0x2b0d, 0x2b0d, 0x2b0d, 0x2b0d, 0x2b0d,
0x2b0d, 0x2b2d, 0x334e, 0x338f, 0x336f, 0x2b2e, 0x2b0d, 0x2b0d, 0x2b0d, 0x2b2d,
0x2b2e, 0x2b2e, 0x2b2d, 0x2b2d, 0x2b2d, 0x2b2d, 0x2b2d, 0x2b2d, 0x2b0d, 0x2b0d,
0x2b0d, 0x2b0d, 0x2aec, 0x2aec, 0x2acc, 0x22ac, 0x22ab, 0x228b, 0x226a, 0x224a,
0x1a09, 0x19c8, 0x19a7, 0x1946, 0x1905, 0x10e4, 0x1904, 0x2166, 0x2166, 0x2166,
0x2166, 0x1904, 0x2986, 0x31a7, 0x31a7, 0x39e8, 0x3a49, 0x428a, 0x428a, 0x428b,
0x42ab, 0x42ab, 0x428b, 0x428a, 0x42ab, 0x534d, 0x5b8f, 0x5bcf, 0x5bd0, 0x5bf0,
0x6411, 0x6431, 0x6431, 0x6431, 0x6cb3, 0x74f4, 0x74f4, 0x7515, 0x7515, 0x7d15,
0x7d35, 0x7d35, 0x7d15, 0x7515, 0x7d56, 0x7d76, 0x8576, 0x8576, 0x8576, 0x8576,
0x7d76, 0x7d35, 0x7515, 0x7535, 0x7d35, 0x7515, 0x7515, 0x7515, 0x74f4, 0x74f4,
0x6cb3, 0x6c93, 0x6472, 0x6451, 0x6472, 0x5baf, 0x534e, 0x534e, 0x4b2d, 0x4b2d,
0x4b4d, 0x534e, 0x4b2d, 0x4aec, 0x4aec, 0x42cc, 0x42cb, 0x42ab, 0x3a29, 0x31e8,
0x31e8, 0x31c7, 0x31c7, 0x31c7, 0x1229, 0x11e8, 0x1146, 0x08c4, 0x08c4, 0x10c4,
0x10c4, 0x10c4, 0x10c4, 0x08a3, 0x10c4, 0x10e4, 0x10e4, 0x10e4, 0x10e5, 0x1105,
0x2167, 0x29c8, 0x21c8, 0x21e9, 0x21e9, 0x21c8, 0x1967, 0x29e9, 0x6412, 0x75f8,
0x667a, 0x66ba, 0x669a, 0x6df8, 0x9517, 0x9455, 0x5acf, 0x29a9, 0x1988, 0x19a8,
0x11a7, 0x398a, 0x794d, 0x3928, 0x1146, 0x1126, 0x1126, 0x1126, 0x1126, 0x1126,
0x1126, 0x1126, 0x1126, 0x1126, 0x1126, 0x1946, 0x1926, 0x1126, 0x1105, 0x1105,
0x1126, 0x1125, 0x1105, 0x1105, 0x1105, 0x1105, 0x1105, 0x1105, 0x1105, 0x1105,
0x1967, 0x21c9, 0x21e9, 0x220a, 0x220a, 0x21ea, 0x38a5, 0x3084, 0x2064, 0x2063,
0x2884, 0x38a5, 0x58e8, 0x914d, 0xb191, 0xc192, 0xc9b3, 0xc9b3, 0xc9b3, 0xc9b3,
0xc9b2, 0xc192, 0xa96f, 0x812c, 0x710a, 0x814c, 0xb1b1, 0xda15, 0xe216, 0xe216,
0xe216, 0xe236, 0xea57, 0xf2b9, 0xfad9, 0xfaf9, 0xdad6, 0xeb18, 0x7a0f, 0x516c,
0x2908, 0x2129, 0x10c6, 0x81f0, 0x814c, 0xba53, 0xd2f7, 0xf339, 0xfb3a, 0xd2f7,
0xbc18, 0xeb59, 0xf298, 0xea77, 0xea37, 0xea36, 0xda15, 0xa9b0, 0x792b, 0x58e8,
0x6109, 0x792c, 0xa16f, 0xb991, 0xc1b2, 0xc1b3, 0xc1b2, 0xb9b2, 0xa990, 0x812c,
0x50c8, 0x2884, 0x1863, 0x1842, 0x1042, 0x1042, 0x1042, 0x1843, 0x3903, 0x3904,
0x3924, 0x4985, 0x51a5, 0x4985, 0x4144, 0x3944, 0x4165, 0x4965, 0x4965, 0x4985,
0x51a5, 0x51a6, 0x59c6, 0x59c6, 0x59c6, 0x61e5, 0x6a26, 0x61e6, 0x6a07, 0x7247,
0x7aa8, 0x8ae9, 0x9349, 0xa3aa, 0xabea, 0xb44b, 0xbc4b, 0xb42b, 0xb42b, 0xbc6b,
0xc50d, 0xcdf1, 0xceb4, 0xc674, 0xc5f2, 0xcdd0, 0xcd4e, 0xcd0d, 0xc4cc, 0xbc6b,
0xbc4b, 0xbc6b, 0xb42b, 0xabea, 0xa3ca, 0x9b89, 0x8b29, 0x7aa8, 0x7247, 0x6a07,
0x61e6, 0x6a06, 0x6a05, 0x59c6, 0x59c6, 0x59c6, 0x51a6, 0x51a5, 0x5185, 0x4985,
0x4965, 0x4165, 0x4144, 0x4144, 0x4985, 0x51a5, 0x4985, 0x3924, 0x3904, 0x3903,
0x1125, 0x1186, 0x11c7, 0x1186, 0x1186, 0x1186, 0x11c8, 0x11e8, 0x11c8, 0x1a08,
0x1a29, 0x1a49, 0x1a8a, 0x22cb, 0x230d, 0x232d, 0x4514, 0x673b, 0x44f3, 0x2269,
0x1986, 0x19c7, 0x19c7, 0x19c7, 0x19e8, 0x21e8, 0x2229, 0x2229, 0x2229, 0x226a,
0x228b, 0x228b, 0x228b, 0x22ab, 0x22cc, 0x22ab, 0x226a, 0x226a, 0x226a, 0x224a,
0x2209, 0x2208, 0x21e8, 0x21e8, 0x19c8, 0x19a7, 0x1986, 0x1986, 0x1165, 0x1145,
0x1145, 0x1104, 0x08e3, 0x1145, 0x11a6, 0x3cd2, 0x4575, 0x1a8a, 0x22ab, 0x1a6a,
0x1a29, 0x1a09, 0x1a08, 0x19e8, 0x11c7, 0x11a7, 0x11a7, 0x1186, 0x1186, 0x1186,
0x1186, 0x1145, 
0x08a4, 0x08a4, 0x10c4, 0x10c4, 0x10e5, 0x1126, 0x1147, 0x1147, 0x1147, 0x1967,
0x19a9, 0x21ea, 0x220b, 0x220b, 0x222c, 0x224c, 0x226d, 0x226e, 0x2acf, 0x3bd3,
0x4cd6, 0x4d17, 0x4d58, 0x5d99, 0x5d17, 0x5351, 0x398a, 0x18c5, 0x10c4, 0x10e5,
0x10e5, 0x10e5, 0x1905, 0x1926, 0x1988, 0x21aa, 0x2189, 0x1906, 0x10c4, 0x10e5,
0x1885, 0x498b, 0x2a4b, 0x4087, 0x73f6, 0x4d78, 0x4d17, 0x4d17, 0x4cf7, 0x3c14,
0x2af0, 0x226e, 0x224d, 0x222c, 0x222c, 0x19eb, 0x19ca, 0x19ca, 0x19c9, 0x19ca,
0x21eb, 0x21eb, 0x1988, 0x1126, 0x10e5, 0x10e5, 0x10e5, 0x10e5, 0x1106, 0x10e5,
0x10c4, 0x08a3, 0x10a3, 0x10a3, 0x18c3, 0x18c3, 0x10c3, 0x10a3, 0x10a3, 0x10a3,
0x10a3, 0x10a3, 0x10a3, 0x10a3, 0x10a3, 0x10a3, 0x10a3, 0x10a3, 0x18a4, 0x18c4,
0x10c4, 0x10c4, 0x10c4, 0x10c4, 0x10c4, 0x10c4, 0x10a4, 0x20e3, 0x28e3, 0x18a2,
0x18a2, 0x1882, 0x18a2, 0x18a2, 0x18a2, 0x18a2, 0x18a2, 0x18a2, 0x18a2, 0x18a2,
0x18a2, 0x18a2, 0x18a2, 0x18a2, 0x18a2, 0x18c3, 0x2966, 0x328a, 0x21e8, 0x10c4,
0x10c4, 0x18c4, 0x10c4, 0x10c4, 0x10c4, 0x10c4, 0x18c4, 0x18c4, 0x18c4, 0x10c4,
0x10c4, 0x10c4, 0x10c4, 0x10c3, 0x18c3, 0x18c3, 0x10a3, 0x10a3, 0x10a3, 0x10a3,
0x18c3, 0x10a3, 0x18c3, 0x18c3, 0x1965, 0x1945, 0x1124, 0x1945, 0x1986, 0x2228,
0x32cb, 0x438e, 0x5430, 0x5450, 0x5470, 0x5471, 0x5471, 0x5491, 0x5491, 0x5491,
0x5491, 0x5491, 0x5491, 0x5491, 0x5491, 0x5cb1, 0x5cb1, 0x5cb1, 0x5cb1, 0x5cb1,
0x5cd2, 0x5450, 0x10e3, 0x1062, 0x18c3, 0x18e3, 0x2104, 0x2104, 0x18e3, 0x2104,
0x18e4, 0x2104, 0x18e4, 0x18e3, 0x18c3, 0x1082, 0x21c6, 0x5491, 0x5cb2, 0x54b1,
0x54b1, 0x54b1, 0x54b1, 0x5491, 0x5491, 0x5491, 0x5491, 0x5491, 0x5491, 0x5491,
0x5471, 0x5471, 0x5471, 0x5470, 0x5470, 0x5450, 0x5450, 0x4c0f, 0x3b8d, 0x32cb,
0x2208, 0x1965, 0x1945, 0x1945, 0x1965, 0x1945, 0x1044, 0x1044, 0x1845, 0x1866,
0x1845, 0x1866, 0x1866, 0x2066, 0x2086, 0x2087, 0x2087, 0x2087, 0x20a7, 0x28a9,
0x28a8, 0x28c9, 0x38ec, 0x30eb, 0x28ea, 0x310b, 0x396d, 0x392d, 0x394d, 0x394d,
0x414d, 0x6172, 0x5991, 0x51d1, 0x59b3, 0x6994, 0x8216, 0x9ab8, 0x9af8, 0x8277,
0x8277, 0x8297, 0x7a96, 0x6235, 0x59b3, 0x59b3, 0x59b3, 0x61f3, 0x51f2, 0x6973,
0x5170, 0x416e, 0x394d, 0x394d, 0x392c, 0x392c, 0x314c, 0x310b, 0x310a, 0x28ea,
0x28e9, 0x28c9, 0x20c8, 0x28c9, 0x28a8, 0x2087, 0x2087, 0x2086, 0x1866, 0x2087,
0x20a9, 0x2088, 0x1865, 0x2066, 0x1044, 0x1044, 0x1845, 0x1845, 0x4aec, 0x4aec,
0x4aec, 0x4aec, 0x4aec, 0x4aec, 0x4aec, 0x4aec, 0x4aec, 0x4aec, 0x4aec, 0x4aec,
0x4aec, 0x4aec, 0x4aec, 0x4aec, 0x4aec, 0x4aed, 0x4aed, 0x4aed, 0x4aed, 0x4aed,
0x4aed, 0x4aed, 0x4b0d, 0x4b0d, 0x4b0d, 0x4b0d, 0x4b0d, 0x4b0d, 0x4aed, 0x4aec,
0x4b0d, 0x536e, 0x4b0d, 0x538f, 0x534d, 0x426a, 0x6451, 0x6410, 0x5baf, 0x4aec,
0x4aec, 0x4aed, 0x4aec, 0x4b0d, 0x4aec, 0x4aec, 0x4aec, 0x4aec, 0x4aec, 0x4aec,
0x4aec, 0x4aec, 0x4aec, 0x4acc, 0x4acc, 0x4acc, 0x4acc, 0x4acc, 0x4acc, 0x4acc,
0x4acc, 0x4acc, 0x4aec, 0x4aec, 0x4aec, 0x4aec, 0x4b0d, 0x4aec, 0x4aec, 0x4aec,
0x2166, 0x2166, 0x2166, 0x2166, 0x1945, 0x1104, 0x1925, 0x19e8, 0x6555, 0x9e79,
0x9659, 0x9679, 0x9679, 0x9e7a, 0x9e9a, 0x9e9a, 0x9e9a, 0x9eba, 0x9eba, 0x9eba,
0x9eba, 0x9eba, 0x9eba, 0x9eba, 0x9eba, 0x9eba, 0x9eba, 0xa6db, 0xaf3c, 0xaf1c,
0xaf3c, 0xa6db, 0x85d7, 0x7534, 0x8596, 0x9e9a, 0xaf3c, 0xaf5d, 0xaf5d, 0xa6fb,
0x9eba, 0x9ebb, 0x9ebb, 0x9eba, 0x9ebb, 0x9eba, 0x9eba, 0x9eba, 0x9eba, 0x9eba,
0x9eba, 0x9eba, 0x9eba, 0x9eba, 0x9e9a, 0x9e9a, 0x9e9a, 0x9e9a, 0x9e79, 0x9e79,
0x9659, 0x9679, 0x4410, 0x1966, 0x1925, 0x1904, 0x2166, 0x2166, 0x2166, 0x2166,
0x2186, 0x1925, 0x2986, 0x31a7, 0x31a7, 0x31e8, 0x3a29, 0x3a49, 0x426a, 0x426a,
0x428a, 0x428b, 0x428b, 0x428a, 0x42ab, 0x534d, 0x5b8f, 0x5baf, 0x5bd0, 0x5bf0,
0x6411, 0x6431, 0x6431, 0x6431, 0x6cb3, 0x74d4, 0x74f4, 0x74f4, 0x7515, 0x7d15,
0x7515, 0x74f4, 0x8576, 0x9e9a, 0x9e7a, 0x8e38, 0x8e18, 0x8e18, 0x8df8, 0x8e18,
0x8e38, 0x967a, 0x9659, 0x7d35, 0x74f4, 0x7515, 0x7515, 0x7514, 0x74f4, 0x74d4,
0x6cb3, 0x6c93, 0x6452, 0x5c11, 0x5bf0, 0x538f, 0x534e, 0x4b4e, 0x4b2d, 0x4b2d,
0x4b4d, 0x534d, 0x4b0d, 0x4aec, 0x4aec, 0x42cc, 0x42cb, 0x428b, 0x3a29, 0x31e8,
0x31e8, 0x31c7, 0x31c7, 0x31c7, 0x2d35, 0x2493, 0x1aac, 0x1125, 0x10c4, 0x10c4,
0x10c4, 0x10c4, 0x10c4, 0x08a3, 0x10c4, 0x10e4, 0x10e5, 0x10e5, 0x1105, 0x1925,
0x29c8, 0x3209, 0x21c8, 0x21c8, 0x21c9, 0x19a8, 0x2147, 0x49cb, 0x9333, 0xac57,
0x94d8, 0x94f9, 0x9539, 0x9539, 0xa496, 0xa374, 0x9a31, 0x998f, 0x816d, 0x716c,
0x616c, 0x318a, 0x398a, 0x892d, 0x590a, 0x2147, 0x0925, 0x1926, 0x1126, 0x1126,
0x1126, 0x1126, 0x1126, 0x1126, 0x1946, 0x2187, 0x1967, 0x1126, 0x1105, 0x1125,
0x1126, 0x1126, 0x1105, 0x1105, 0x1105, 0x1105, 0x1105, 0x1105, 0x1105, 0x1105,
0x1967, 0x21c9, 0x21ea, 0x220a, 0x220a, 0x220a, 0x3085, 0x2884, 0x2064, 0x2063,
0x2884, 0x38a5, 0x60e8, 0x914d, 0xb190, 0xc192, 0xc9b3, 0xd1d3, 0xd1d4, 0xd1d4,
0xd1d4, 0xc9b3, 0xb170, 0x892c, 0x710a, 0x814c, 0xb1b1, 0xda15, 0xe216, 0xe216,
0xe216, 0xea36, 0xea77, 0xf298, 0xfafa, 0xca94, 0xc273, 0x820f, 0x1108, 0x294a,
0x1929, 0x216a, 0x18e7, 0x3129, 0x612a, 0x60e8, 0x9a30, 0xf339, 0x79f0, 0x3acf,
0xd3d9, 0xfa99, 0xf2b8, 0xea57, 0xea37, 0xea36, 0xda15, 0xa9b0, 0x712b, 0x58e8,
0x6109, 0x792c, 0xa16f, 0xb191, 0xb992, 0xc1b2, 0xc1b2, 0xc1b2, 0xb191, 0x894d,
0x50c8, 0x2884, 0x1863, 0x1842, 0x1042, 0x1042, 0x1042, 0x1843, 0x3103, 0x3903,
0x3904, 0x3924, 0x5185, 0x5185, 0x4965, 0x3924, 0x4144, 0x4145, 0x4165, 0x4965,
0x4985, 0x4985, 0x51a5, 0x51a6, 0x51a5, 0x59c5, 0x6a26, 0x7287, 0x8b08, 0x9b69,
0xa3a9, 0xabc9, 0xaba9, 0xab88, 0xa368, 0xaba9, 0xa388, 0x9b89, 0x8c0c, 0x8cd0,
0x7cf1, 0x644f, 0x436d, 0x434e, 0x6450, 0x7d11, 0x9592, 0x9d71, 0x9ccf, 0x9307,
0x9b48, 0xaba8, 0xab68, 0xa347, 0xab88, 0xb3c9, 0xb3e9, 0xa389, 0xa389, 0x8b08,
0x7287, 0x6a26, 0x61e5, 0x51a5, 0x51a6, 0x51a5, 0x5185, 0x4985, 0x4985, 0x4965,
0x4165, 0x4144, 0x4144, 0x4965, 0x5185, 0x5185, 0x3924, 0x3903, 0x3903, 0x3103,
0x1145, 0x1186, 0x11e8, 0x11a7, 0x11a7, 0x11a7, 0x11a7, 0x11c7, 0x11e8, 0x1a09,
0x1a49, 0x1a6a, 0x22ab, 0x230c, 0x232d, 0x4d55, 0x671b, 0x3c71, 0x1a08, 0x1986,
0x19c7, 0x19c7, 0x19a7, 0x19c8, 0x19e8, 0x2208, 0x2208, 0x2209, 0x2229, 0x224a,
0x228b, 0x22ab, 0x22ec, 0x2b0d, 0x22ed, 0x22cc, 0x228b, 0x228b, 0x226a, 0x2229,
0x2229, 0x2229, 0x2229, 0x2208, 0x19c7, 0x19a7, 0x19a7, 0x1986, 0x1986, 0x1145,
0x1145, 0x1125, 0x08e4, 0x1124, 0x1a28, 0x22cb, 0x56b9, 0x3471, 0x1a6a, 0x1a8a,
0x1a4a, 0x1a29, 0x1a09, 0x19e8, 0x11e8, 0x1a69, 0x1aaa, 0x1a8a, 0x1249, 0x1208,
0x11e7, 0x1166, 
0x08a4, 0x08a4, 0x10c4, 0x10c4, 0x10e5, 0x1126, 0x1147, 0x1147, 0x1147, 0x1967,
0x19a9, 0x21ea, 0x220b, 0x220b, 0x222c, 0x224c, 0x226d, 0x2a6e, 0x22cf, 0x33f3,
0x44f7, 0x54d7, 0x5c14, 0x528e, 0x3127, 0x1884, 0x1083, 0x10a4, 0x18a4, 0x1906,
0x2168, 0x2189, 0x2168, 0x1947, 0x1906, 0x1906, 0x1947, 0x2188, 0x1968, 0x18e5,
0x1947, 0x20e6, 0x38c7, 0x1083, 0x714e, 0x6c98, 0x4d17, 0x54f7, 0x4cf7, 0x3c14,
0x2af0, 0x228e, 0x224d, 0x222d, 0x222c, 0x19eb, 0x19ca, 0x19c9, 0x19c9, 0x19ca,
0x21eb, 0x220b, 0x19a9, 0x1126, 0x1105, 0x10e5, 0x10e5, 0x1105, 0x1126, 0x1105,
0x10c4, 0x08a3, 0x10a3, 0x10c3, 0x18c3, 0x18c3, 0x10c3, 0x10a3, 0x10a3, 0x10a3,
0x10a3, 0x10a3, 0x10a3, 0x10a3, 0x10a3, 0x10a3, 0x10a3, 0x10a3, 0x10a3, 0x18a4,
0x18c4, 0x10c4, 0x10c4, 0x10c4, 0x18c4, 0x08a3, 0x3964, 0x4163, 0x18a2, 0x18a2,
0x18a2, 0x18a2, 0x18a2, 0x18a2, 0x18a2, 0x18a2, 0x18a2, 0x18a2, 0x18a2, 0x18a2,
0x18a2, 0x18a2, 0x18a2, 0x18a2, 0x18a2, 0x18a2, 0x1882, 0x2124, 0x3b0c, 0x2a6a,
0x18e4, 0x10c3, 0x18e4, 0x10c4, 0x10c4, 0x18c4, 0x18c4, 0x18c4, 0x10c4, 0x10c4,
0x10c4, 0x10c4, 0x10c4, 0x18c3, 0x18e3, 0x18c3, 0x10a3, 0x10a3, 0x10a3, 0x10a3,
0x10a3, 0x10a3, 0x18c3, 0x18c3, 0x1986, 0x1965, 0x1945, 0x1965, 0x1986, 0x2a69,
0x3b6d, 0x6554, 0x9f1a, 0xa75b, 0xa75b, 0xa75b, 0xaf5b, 0xaf5c, 0xaf7b, 0xaf7c,
0xaf7c, 0xaf7b, 0xa77b, 0xa75b, 0xa75b, 0xaf5c, 0xa77c, 0xa77c, 0xa77b, 0xaf7b,
0xa75b, 0x53ee, 0x1062, 0x1082, 0x1082, 0x10a2, 0x10a2, 0x10a2, 0x1082, 0x1082,
0x1082, 0x1082, 0x18a2, 0x18e3, 0x18c3, 0x1062, 0x1924, 0x64b1, 0xaf9c, 0xa75b,
0xa77b, 0xa75b, 0xa75b, 0xa75b, 0xa77b, 0xa77b, 0xa77b, 0xa75b, 0xa75b, 0xa75b,
0xa75b, 0xa75b, 0xa75b, 0xa75b, 0xa75b, 0xa75b, 0xa73b, 0x8eb9, 0x54d2, 0x334c,
0x2208, 0x1986, 0x1965, 0x1965, 0x1986, 0x1965, 0x1024, 0x1044, 0x1845, 0x1866,
0x1865, 0x1866, 0x1866, 0x2066, 0x2087, 0x2087, 0x2087, 0x2087, 0x20a7, 0x28a9,
0x28a8, 0x28c9, 0x38ec, 0x30eb, 0x310a, 0x390b, 0x392c, 0x392d, 0x394d, 0x414e,
0x496f, 0x7194, 0x6953, 0x6934, 0x9237, 0xcbfb, 0xe4dd, 0xe4dd, 0xe4dd, 0xe4bd,
0xed1e, 0xec7e, 0xdbfd, 0xcc3b, 0xabd9, 0x9b38, 0x8ab6, 0x69b5, 0x51b1, 0x7194,
0x5971, 0x41af, 0x398e, 0x414d, 0x392d, 0x392c, 0x394c, 0x392c, 0x310a, 0x28ea,
0x28ea, 0x28e9, 0x20e8, 0x28c9, 0x28a8, 0x2087, 0x2087, 0x2086, 0x1866, 0x20c9,
0x290c, 0x20ca, 0x1865, 0x2046, 0x1044, 0x1845, 0x1846, 0x1024, 0x4aec, 0x4aec,
0x4aec, 0x4aec, 0x4aec, 0x4aec, 0x4aed, 0x4aed, 0x4aed, 0x4aed, 0x4aed, 0x4aed,
0x4aed, 0x4aed, 0x4aed, 0x4aed, 0x4aed, 0x4b0d, 0x4b0d, 0x4b0d, 0x4b0d, 0x4b0d,
0x4b0d, 0x4b0d, 0x4b0d, 0x4b0d, 0x4b0d, 0x4b0d, 0x4b0d, 0x4aec, 0x534e, 0x538e,
0x534d, 0x6451, 0x534d, 0x4a89, 0x2904, 0x20e3, 0x428a, 0x4aeb, 0x5bae, 0x5c10,
0x536e, 0x4b0d, 0x538e, 0x4b0d, 0x4b0d, 0x4b0d, 0x4b0d, 0x4b0d, 0x4b0d, 0x4aed,
0x4aec, 0x4aec, 0x4aec, 0x4aec, 0x4aec, 0x4aec, 0x4aec, 0x4aec, 0x4aec, 0x4aec,
0x4aec, 0x4b0d, 0x4b0d, 0x4b0d, 0x4b0d, 0x4b0d, 0x4b0d, 0x4b0d, 0x5b0c, 0x4b0c,
0x2186, 0x2186, 0x2186, 0x2186, 0x2986, 0x1925, 0x1925, 0x1966, 0x4c31, 0xdfff,
0xefff, 0xefff, 0xefff, 0xefff, 0xefff, 0xefff, 0xefff, 0xefff, 0xefff, 0xefff,
0xefff, 0xefff, 0xefff, 0xefff, 0xefff, 0xefff, 0xf7ff, 0xdf9d, 0xadf7, 0x8cf3,
0x73ef, 0x4228, 0x20e3, 0x1882, 0x18c3, 0x39e7, 0x634d, 0x7c10, 0x84d3, 0xc73c,
0xefff, 0xe7ff, 0xefff, 0xefff, 0xefff, 0xefff, 0xefff, 0xefff, 0xefff, 0xefff,
0xefff, 0xefff, 0xefff, 0xefff, 0xefff, 0xefff, 0xefff, 0xefff, 0xefff, 0xefff,
0xf7ff, 0xaf1b, 0x22ab, 0x1966, 0x1945, 0x2166, 0x29a7, 0x2186, 0x2186, 0x2986,
0x29a7, 0x2145, 0x2986, 0x29a7, 0x31a7, 0x31e8, 0x3a29, 0x3a4a, 0x426a, 0x426a,
0x428a, 0x428b, 0x428b, 0x428a, 0x42ab, 0x532d, 0x536e, 0x5baf, 0x5bd0, 0x5bf0,
0x6410, 0x6411, 0x6431, 0x6431, 0x6c93, 0x74d4, 0x74f4, 0x74f4, 0x7514, 0x74d4,
0x7d56, 0x9e9a, 0xa6fb, 0x85d7, 0x42ec, 0x3249, 0x3229, 0x3228, 0x3208, 0x3229,
0x3229, 0x4b4d, 0x85f7, 0x9efb, 0x9639, 0x7515, 0x74f4, 0x7514, 0x74f4, 0x74d4,
0x6cb3, 0x6c93, 0x6431, 0x5bf0, 0x5bcf, 0x536e, 0x534e, 0x4b2d, 0x4b2d, 0x4b2d,
0x534d, 0x532d, 0x4b0c, 0x4aec, 0x4aec, 0x42cc, 0x42cb, 0x428a, 0x3a29, 0x31e8,
0x31e8, 0x31c7, 0x31c7, 0x31c7, 0x365a, 0x3659, 0x2431, 0x11a7, 0x10e4, 0x10c4,
0x10c4, 0x10c4, 0x10c4, 0x08a3, 0x10c4, 0x10e5, 0x10e5, 0x10e5, 0x1105, 0x1967,
0x534e, 0x63d1, 0x324b, 0x21e9, 0x21e9, 0x21a8, 0x3168, 0x518b, 0x8ab1, 0xb3b6,
0xcaf6, 0xc993, 0xa10e, 0x892d, 0x892d, 0x78eb, 0x58a8, 0x4086, 0x3885, 0x4086,
0x4886, 0x58c8, 0x592a, 0x918f, 0x80eb, 0x5909, 0x416a, 0x2127, 0x3949, 0x1126,
0x1126, 0x1126, 0x1126, 0x1126, 0x2167, 0x29c8, 0x2187, 0x1126, 0x1126, 0x1126,
0x1126, 0x1126, 0x1105, 0x1105, 0x1105, 0x1105, 0x1105, 0x1105, 0x1105, 0x1105,
0x1967, 0x21c9, 0x220a, 0x220a, 0x222a, 0x220a, 0x2884, 0x2884, 0x2064, 0x2063,
0x2884, 0x38a5, 0x60e8, 0x914d, 0xb191, 0xc9b2, 0xd1d3, 0xd9f5, 0xe1f5, 0xe1f5,
0xe1f5, 0xd1d4, 0xb191, 0x892d, 0x712b, 0x814c, 0xb1d1, 0xda15, 0xe216, 0xe216,
0xe216, 0xea37, 0xf257, 0xf2d9, 0xe317, 0x818c, 0x716b, 0x20e6, 0x216a, 0x214a,
0x196a, 0x218b, 0x1929, 0x1949, 0x28e7, 0x58a7, 0x6109, 0x61ac, 0x0928, 0x9334,
0xe318, 0xd3b8, 0xf2d8, 0xf258, 0xea37, 0xea16, 0xd214, 0xa9b0, 0x712b, 0x58e8,
0x6109, 0x814c, 0xa990, 0xc1b2, 0xc9d4, 0xd1d4, 0xd1d5, 0xd1d4, 0xb9b2, 0x894d,
0x50c8, 0x2884, 0x1863, 0x1863, 0x1842, 0x1042, 0x1042, 0x1842, 0x3103, 0x3103,
0x3903, 0x3903, 0x3944, 0x5185, 0x4985, 0x4144, 0x3924, 0x3944, 0x4145, 0x4145,
0x4165, 0x4165, 0x4965, 0x4965, 0x59e6, 0x82e7, 0x9b68, 0x9b48, 0xa327, 0xa367,
0xa368, 0xa368, 0x92e6, 0x8ac6, 0xa3c9, 0xa40b, 0x948e, 0x7d11, 0x4c0f, 0x32ab,
0x1967, 0x10c5, 0x1084, 0x1084, 0x10a4, 0x1126, 0x21c9, 0x1988, 0x54d3, 0x9615,
0xb50e, 0xa388, 0xa3a9, 0xb42b, 0x92e7, 0x9ae6, 0xab67, 0xa347, 0xa347, 0xa347,
0xa368, 0x9b68, 0x8b07, 0x59e6, 0x4965, 0x4965, 0x4965, 0x4165, 0x4145, 0x4145,
0x3944, 0x3924, 0x4164, 0x4985, 0x5185, 0x3944, 0x3103, 0x3904, 0x3103, 0x3103,
0x1145, 0x1186, 0x11c7, 0x11c7, 0x11a7, 0x11a7, 0x11c7, 0x11c7, 0x1a08, 0x1a29,
0x1a6a, 0x22ab, 0x22ec, 0x232d, 0x3c71, 0x6f5c, 0x3c51, 0x228a, 0x19a7, 0x19c7,
0x19a7, 0x19a7, 0x19c7, 0x19e8, 0x19e8, 0x19e8, 0x2229, 0x224a, 0x226a, 0x224a,
0x22ab, 0x22ed, 0x2b4e, 0x2b0d, 0x22cc, 0x22ac, 0x22ac, 0x228b, 0x226a, 0x226a,
0x226a, 0x224a, 0x2229, 0x19e8, 0x19c7, 0x19c7, 0x19a7, 0x1166, 0x1986, 0x1966,
0x1145, 0x1125, 0x0904, 0x08e3, 0x1a08, 0x1a28, 0x3471, 0x5f3b, 0x234d, 0x1a8b,
0x1a8b, 0x1a4a, 0x1a29, 0x1a08, 0x11e8, 0x1aca, 0x1b6c, 0x1aeb, 0x1aaa, 0x1269,
0x1248, 0x11a6, 
0x08a4, 0x08a4, 0x10c4, 0x10c4, 0x10e5, 0x1126, 0x1147, 0x1167, 0x1167, 0x1967,
0x19a9, 0x21ea, 0x220b, 0x220b, 0x222c, 0x224c, 0x226d, 0x324e, 0x522f, 0x6250,
0x5a0e, 0x516b, 0x40a7, 0x3085, 0x20a4, 0x1083, 0x10a4, 0x1146, 0x1a4a, 0x230e,
0x232f, 0x1acd, 0x1a2a, 0x19a8, 0x1947, 0x1906, 0x10c4, 0x10c4, 0x1906, 0x1926,
0x1906, 0x1927, 0x28a5, 0x18a4, 0x48c9, 0xa275, 0x5558, 0x4537, 0x4cd7, 0x3c14,
0x2b10, 0x228e, 0x226d, 0x224d, 0x222c, 0x19eb, 0x19ca, 0x19c9, 0x19a9, 0x19ca,
0x21eb, 0x220b, 0x19a9, 0x1126, 0x1105, 0x10e5, 0x10e5, 0x1105, 0x1126, 0x1105,
0x10c4, 0x08a3, 0x10a3, 0x10c3, 0x18c3, 0x18c3, 0x10c3, 0x10a3, 0x10a3, 0x10a3,
0x10a3, 0x10a3, 0x10a3, 0x10a3, 0x10a3, 0x10a3, 0x10a3, 0x10a3, 0x10a3, 0x18c3,
0x18c4, 0x18c4, 0x10c4, 0x18c4, 0x0883, 0x49c5, 0xa347, 0x6204, 0x20c2, 0x18a2,
0x1882, 0x18a2, 0x18a2, 0x18a2, 0x18a2, 0x18c2, 0x20c3, 0x20c2, 0x20c3, 0x20c3,
0x20c3, 0x18a2, 0x20c3, 0x20c3, 0x18a2, 0x18a2, 0x18c2, 0x20e3, 0x18c3, 0x2a29,
0x43af, 0x1945, 0x10c3, 0x18e4, 0x18c4, 0x18c4, 0x18c4, 0x10c4, 0x10c4, 0x10c4,
0x10c4, 0x10c3, 0x10c3, 0x18c3, 0x18c3, 0x10c3, 0x10a3, 0x10c3, 0x18c3, 0x10a3,
0x10a3, 0x10a3, 0x18c3, 0x18e3, 0x21a6, 0x1966, 0x1965, 0x1965, 0x1986, 0x21c7,
0x2aaa, 0x440f, 0x7e37, 0x9f3b, 0xa75b, 0xa75b, 0xa75b, 0xa75b, 0xa75b, 0xa77b,
0xa77b, 0xa77b, 0xa77c, 0xa77c, 0xa77c, 0xa77c, 0xa77c, 0xa77c, 0xa77c, 0xaf7c,
0xaf9c, 0x3aea, 0x10a2, 0x10a2, 0x10a3, 0x18c3, 0x18c3, 0x18e4, 0x2104, 0x2104,
0x2104, 0x18e4, 0x18c3, 0x1082, 0x10a2, 0x1082, 0x10c3, 0x4b8d, 0xafbd, 0xa73b,
0xa75b, 0xa75b, 0xa75b, 0xa75b, 0xa75b, 0xa75b, 0xa75b, 0xa75b, 0xa75b, 0xa75b,
0xa75b, 0xa75b, 0xa75b, 0xa75b, 0xa73b, 0xa73b, 0x9efa, 0x6d95, 0x3bae, 0x2269,
0x19a6, 0x1986, 0x1965, 0x1986, 0x21a6, 0x1986, 0x1844, 0x1845, 0x1845, 0x1866,
0x1865, 0x1866, 0x1866, 0x2066, 0x2087, 0x2087, 0x2087, 0x2087, 0x2087, 0x28a9,
0x28a8, 0x28c9, 0x40ec, 0x30eb, 0x310a, 0x390c, 0x392c, 0x414d, 0x412e, 0x49b0,
0x5151, 0x7154, 0xa298, 0xcc9c, 0xf5be, 0xed5e, 0xdc5d, 0xb37a, 0x92f8, 0xa2f9,
0xbb5a, 0xcbdb, 0xdbdd, 0xd35c, 0xdcfd, 0xfdbe, 0xed5d, 0xd53b, 0x7a55, 0x7174,
0x61b2, 0x4990, 0x416e, 0x414d, 0x414e, 0x494e, 0x418e, 0x392c, 0x310b, 0x28ea,
0x30ea, 0x28ea, 0x20e9, 0x20c9, 0x20c8, 0x20a7, 0x2087, 0x2087, 0x1866, 0x20c9,
0x210c, 0x20ca, 0x1845, 0x2867, 0x1044, 0x1846, 0x1044, 0x1023, 0x4aed, 0x4aed,
0x4aed, 0x4aed, 0x4aed, 0x4aed, 0x4aed, 0x4aed, 0x4aed, 0x4aed, 0x4b0d, 0x4aed,
0x4aed, 0x4aed, 0x4b0d, 0x4b0d, 0x4b0d, 0x4b0d, 0x4b0d, 0x4b0d, 0x4b0d, 0x4b0d,
0x4b0d, 0x4b2d, 0x4b0d, 0x4b2d, 0x4b2d, 0x4b0d, 0x532d, 0x6cb2, 0x6471, 0x39e8,
0x3165, 0x39c7, 0x2904, 0x28e3, 0x3124, 0x2904, 0x18a2, 0x1862, 0x20c3, 0x31a6,
0x39c7, 0x6c50, 0x5baf, 0x4acc, 0x4b0d, 0x4b0d, 0x4b0d, 0x4b0d, 0x4b0d, 0x4b0d,
0x4b0d, 0x4b0d, 0x4b0d, 0x4b0d, 0x4b0d, 0x4aed, 0x4aed, 0x4b0d, 0x4b0d, 0x4b0d,
0x4b0d, 0x4b0d, 0x4b0d, 0x4b0d, 0x4b0d, 0x4b0d, 0x4b0d, 0x4b0d, 0x6b4c, 0x4b0d,
0x29a7, 0x29a7, 0x29a7, 0x29a7, 0x29a7, 0x1945, 0x1925, 0x1986, 0x19c8, 0x64f4,
0xa6fb, 0xa6db, 0xa6fb, 0xa6fb, 0xaefb, 0xaf1b, 0xaf1b, 0xaf1b, 0xaf1b, 0xaf1b,
0xaf1b, 0xaf1b, 0xaf1b, 0xa6db, 0xaf3c, 0xbefb, 0x5b4d, 0x2124, 0x18e3, 0x18c3,
0x0861, 0x1061, 0x18a2, 0x18c3, 0x18c3, 0x1082, 0x0841, 0x0020, 0x0041, 0x2166,
0x7cd3, 0xbf5d, 0xaf1c, 0xa6fb, 0xaf1c, 0xaf3c, 0xaf1c, 0xaf3c, 0xaf1c, 0xaf1c,
0xaf1c, 0xaf1c, 0xaf1c, 0xaf1c, 0xaf1b, 0xaf1b, 0xaf1b, 0xa6fb, 0xa6fb, 0xa6db,
0x9eba, 0x3b6e, 0x19a7, 0x1986, 0x1945, 0x2186, 0x29a7, 0x29a7, 0x29a7, 0x29a7,
0x29c7, 0x2166, 0x2986, 0x31a7, 0x31a7, 0x39e8, 0x3a29, 0x3a49, 0x426a, 0x426a,
0x428a, 0x428a, 0x428b, 0x428a, 0x42ab, 0x532d, 0x536e, 0x5b8f, 0x5bcf, 0x5bf0,
0x63f0, 0x6411, 0x6431, 0x6431, 0x6c72, 0x6cd3, 0x74d4, 0x74d4, 0x74d4, 0x8e18,
0x9efb, 0x7d96, 0x432c, 0x29e7, 0x2986, 0x2986, 0x2986, 0x2986, 0x2986, 0x2986,
0x2966, 0x2986, 0x2a08, 0x538e, 0x85f7, 0x96ba, 0x8597, 0x6cb4, 0x74f4, 0x74d4,
0x6cb3, 0x6c72, 0x6431, 0x5bf0, 0x5bcf, 0x536e, 0x534e, 0x4b2d, 0x4b2d, 0x4b2d,
0x4b2d, 0x532d, 0x4b0c, 0x4aec, 0x42cc, 0x42cb, 0x42cb, 0x428a, 0x3a29, 0x31e8,
0x31e8, 0x31c7, 0x31c7, 0x31c7, 0x2d15, 0x365a, 0x24b3, 0x11e8, 0x10e4, 0x10c4,
0x10c4, 0x10e4, 0x10c4, 0x08a3, 0x10e4, 0x1105, 0x1105, 0x1105, 0x1105, 0x2187,
0x63d0, 0x7c73, 0x3aac, 0x21e9, 0x29e9, 0x41aa, 0x518b, 0x59cc, 0x9ab2, 0xc294,
0x896d, 0x40a6, 0x3084, 0x2864, 0x2864, 0x3084, 0x3064, 0x3064, 0x2863, 0x2063,
0x2063, 0x2063, 0x2843, 0x50a7, 0x810c, 0x4886, 0x5909, 0x698d, 0x698d, 0x616c,
0x0945, 0x1927, 0x1126, 0x1146, 0x1967, 0x2187, 0x1967, 0x1146, 0x1126, 0x1126,
0x1146, 0x1126, 0x1105, 0x1105, 0x1126, 0x1126, 0x1125, 0x1126, 0x1125, 0x1126,
0x1967, 0x21e9, 0x220a, 0x220a, 0x222a, 0x220a, 0x2084, 0x2084, 0x2063, 0x2063,
0x2884, 0x38a5, 0x60e8, 0x914d, 0xb991, 0xc9b3, 0xd9d4, 0xe1f6, 0xea16, 0xea16,
0xe1f6, 0xd9d4, 0xb991, 0x894d, 0x712b, 0x814c, 0xb1d1, 0xda15, 0xe236, 0xe216,
0xe216, 0xea37, 0xf258, 0xdb58, 0xa250, 0x60e8, 0x30a6, 0x1928, 0x21ec, 0x216a,
0x21ed, 0x21ed, 0x218b, 0x198a, 0x1949, 0x60c8, 0x68c8, 0x18e7, 0x318a, 0x720f,
0x7bb3, 0xf3fa, 0xf258, 0xda36, 0xda56, 0xe236, 0xd1f4, 0xa9b0, 0x712b, 0x5908,
0x6109, 0x814c, 0xb191, 0xc9d4, 0xd9f5, 0xe216, 0xe217, 0xe1f6, 0xc9d3, 0x914e,
0x58e8, 0x3085, 0x1863, 0x1863, 0x1842, 0x1042, 0x1042, 0x1042, 0x3103, 0x3103,
0x3103, 0x3903, 0x3103, 0x4144, 0x4985, 0x4164, 0x3924, 0x3924, 0x3944, 0x4144,
0x4144, 0x4144, 0x4985, 0x7aa7, 0xa3a9, 0xc46a, 0xab88, 0x92e7, 0xa368, 0x9ae6,
0xcd2e, 0xcd4e, 0x92e7, 0x8b48, 0xad91, 0x7d32, 0x432d, 0x1987, 0x10c5, 0x18c5,
0x1906, 0x2168, 0x29ea, 0x29ea, 0x2147, 0x2988, 0x2147, 0x10a4, 0x1926, 0x5d76,
0x74d2, 0x7470, 0xae14, 0xcdb1, 0x9307, 0x92e7, 0xcccc, 0xcd2e, 0x9b07, 0xa348,
0x9b07, 0xa348, 0xc46a, 0xa3a9, 0x7ae8, 0x4985, 0x4144, 0x4144, 0x4144, 0x4144,
0x3924, 0x4144, 0x4964, 0x4985, 0x4144, 0x3103, 0x3103, 0x3103, 0x3103, 0x3103,
0x1166, 0x1166, 0x11a7, 0x11c7, 0x11a7, 0x11a7, 0x11c7, 0x11e8, 0x1a29, 0x1a6a,
0x1aab, 0x22ec, 0x232d, 0x234d, 0x5638, 0x4db6, 0x2b2d, 0x2229, 0x19a7, 0x19a7,
0x19a7, 0x19c7, 0x19e8, 0x19e8, 0x19e8, 0x226a, 0x228b, 0x228b, 0x228b, 0x22ab,
0x22ed, 0x230d, 0x22ed, 0x22cc, 0x22ec, 0x2aec, 0x22ac, 0x22ab, 0x228b, 0x228b,
0x226a, 0x224a, 0x2229, 0x19e8, 0x19e8, 0x19c7, 0x19c7, 0x21e8, 0x21e8, 0x21e8,
0x1986, 0x1986, 0x1945, 0x1104, 0x1124, 0x1a08, 0x1a29, 0x56b9, 0x4df6, 0x1aab,
0x22ab, 0x1a6a, 0x1a29, 0x1a29, 0x1208, 0x1acb, 0x1b6c, 0x1b2c, 0x1aeb, 0x1aaa,
0x1166, 0x1186, 
0x08a4, 0x08c4, 0x10c4, 0x10c4, 0x10e5, 0x1126, 0x1147, 0x1167, 0x1167, 0x1967,
0x19a9, 0x21ea, 0x220b, 0x220b, 0x222c, 0x224c, 0x226d, 0x2a6e, 0x328f, 0x4311,
0x62b1, 0x612c, 0x40a7, 0x2084, 0x10e5, 0x11a8, 0x124b, 0x1a8b, 0x1aac, 0x22ac,
0x228c, 0x224c, 0x21ea, 0x2168, 0x1926, 0x1905, 0x18c4, 0x10a3, 0x1062, 0x10a4,
0x10a4, 0x10e5, 0x18c5, 0x18a4, 0x3107, 0xa152, 0x72d3, 0x6c16, 0x4517, 0x3c14,
0x2b10, 0x228e, 0x226d, 0x224d, 0x222c, 0x19eb, 0x19ca, 0x19a9, 0x19a9, 0x19ca,
0x21eb, 0x222c, 0x19a9, 0x1146, 0x1105, 0x10e5, 0x10e5, 0x1105, 0x1126, 0x10e5,
0x08c4, 0x08a3, 0x10a3, 0x10c3, 0x18c3, 0x18c3, 0x10c3, 0x10a3, 0x10a3, 0x10a3,
0x10a3, 0x10a3, 0x10a3, 0x10a3, 0x10a3, 0x10a3, 0x10a3, 0x10a3, 0x10a3, 0x10a3,
0x18c3, 0x18c3, 0x18c4, 0x10a3, 0x3964, 0x82c6, 0x49a4, 0x3103, 0x20c2, 0x18a2,
0x20c3, 0x18a2, 0x20c3, 0x20c3, 0x3145, 0x2924, 0x39a6, 0x41c7, 0x41e7, 0x4207,
0x41c7, 0x3985, 0x3144, 0x20e3, 0x20c3, 0x20c3, 0x20c3, 0x18a2, 0x18c3, 0x3249,
0x5493, 0x5d15, 0x2187, 0x10a3, 0x18e4, 0x10c4, 0x10c4, 0x10c4, 0x10c4, 0x10c3,
0x10c3, 0x10a3, 0x10a3, 0x10a3, 0x10a3, 0x10a3, 0x10a3, 0x2924, 0x3144, 0x10a3,
0x10a3, 0x10a3, 0x18c3, 0x18e3, 0x21c7, 0x1986, 0x1965, 0x1986, 0x1986, 0x19a7,
0x2208, 0x2aaa, 0x3bae, 0x5491, 0x54d2, 0x5cf2, 0x5d13, 0x5d33, 0x5d33, 0x5d33,
0x5d34, 0x5d54, 0x5d54, 0x6554, 0x6554, 0x6574, 0x6574, 0x6574, 0x6575, 0x65d5,
0x5470, 0x2165, 0x18a2, 0x18e3, 0x20e4, 0x2104, 0x2945, 0x2945, 0x2966, 0x2966,
0x2965, 0x2945, 0x2124, 0x18c3, 0x18c3, 0x18e4, 0x10a2, 0x29a6, 0x54b1, 0x6595,
0x5d54, 0x6574, 0x5d74, 0x5d54, 0x5d54, 0x5d54, 0x5d54, 0x5d34, 0x5d33, 0x5d33,
0x5d33, 0x5d33, 0x5d13, 0x5cf2, 0x54d2, 0x54d2, 0x4c71, 0x3b6d, 0x2269, 0x21e7,
0x19a6, 0x1986, 0x1986, 0x19a6, 0x21c7, 0x2186, 0x1845, 0x1845, 0x1845, 0x1865,
0x1865, 0x1866, 0x1866, 0x2086, 0x2087, 0x2087, 0x2087, 0x2087, 0x20a7, 0x28a9,
0x28c8, 0x28c9, 0x40ec, 0x38eb, 0x392b, 0x392c, 0x410c, 0x494f, 0x512f, 0x5911,
0x9216, 0xdcbc, 0xfe5f, 0xfdff, 0xec7e, 0xcb3b, 0xa319, 0x8b38, 0x7b97, 0x7397,
0x7b97, 0x8b58, 0x8b58, 0xabda, 0x8b38, 0xbbfb, 0xd37c, 0xed1d, 0xedfd, 0x9a98,
0x6132, 0x490f, 0x494f, 0x496f, 0x514f, 0x6171, 0x416e, 0x492e, 0x390b, 0x30ea,
0x30ea, 0x28ea, 0x28c9, 0x20e9, 0x20e8, 0x2087, 0x2066, 0x2066, 0x2066, 0x20c9,
0x210c, 0x20ca, 0x1845, 0x3068, 0x1845, 0x1845, 0x1023, 0x1023, 0x4b0d, 0x4b0d,
0x4b0d, 0x4b0d, 0x4b0d, 0x4b0d, 0x4b0d, 0x4b0d, 0x4b0d, 0x4b0d, 0x4b0d, 0x4b0d,
0x4b0d, 0x4b0d, 0x4b0d, 0x4b0d, 0x4b0d, 0x4b0d, 0x4b0d, 0x4b2d, 0x4b2d, 0x4b2d,
0x4b2d, 0x4b2d, 0x532d, 0x532d, 0x4b0d, 0x6410, 0x6cb2, 0x5b8d, 0x2904, 0x20a2,
0x2904, 0x3124, 0x3985, 0x41a6, 0x3144, 0x2904, 0x2924, 0x3145, 0x2904, 0x20a2,
0x20c3, 0x534c, 0x6c71, 0x5bcf, 0x534e, 0x4b0d, 0x4b0d, 0x4b2d, 0x4b2d, 0x4b0d,
0x4b0d, 0x4b0d, 0x4b0d, 0x4b0d, 0x4b0d, 0x4b0d, 0x4b0d, 0x4b0d, 0x4b0d, 0x532d,
0x532d, 0x4b2d, 0x532d, 0x532d, 0x532d, 0x532d, 0x532d, 0x4b0d, 0x6b6c, 0x532d,
0x29c7, 0x29c7, 0x29c7, 0x29c7, 0x29e8, 0x2166, 0x1945, 0x1986, 0x21c7, 0x2229,
0x2acc, 0x2b0d, 0x334e, 0x336e, 0x338f, 0x33af, 0x33cf, 0x33d0, 0x3bd0, 0x3bf0,
0x3bf0, 0x3bf0, 0x33af, 0x4431, 0x7514, 0x2125, 0x1060, 0x2923, 0x18e3, 0x2104,
0x2124, 0x2104, 0x2104, 0x18e3, 0x18e3, 0x2103, 0x18e3, 0x18c3, 0x18c3, 0x1082,
0x10c3, 0x5bae, 0x7576, 0x4cd4, 0x3c31, 0x3c11, 0x3c31, 0x3c31, 0x3c11, 0x3c11,
0x3c11, 0x3bf0, 0x3bf0, 0x3bd0, 0x33af, 0x33af, 0x338f, 0x336e, 0x2b2d, 0x2aec,
0x228b, 0x2208, 0x21c7, 0x1986, 0x1946, 0x21a7, 0x29c7, 0x29c7, 0x29c7, 0x29c7,
0x3208, 0x2986, 0x2986, 0x31a7, 0x31a7, 0x39e8, 0x3a29, 0x4249, 0x426a, 0x426a,
0x428a, 0x428a, 0x428b, 0x428b, 0x42ab, 0x532d, 0x536e, 0x5b8e, 0x5baf, 0x5bd0,
0x5bf0, 0x6410, 0x6411, 0x6431, 0x6c72, 0x6cb3, 0x6c93, 0x7515, 0x7d55, 0x74f4,
0x4b8e, 0x21a7, 0x2165, 0x29a7, 0x29a7, 0x2986, 0x2986, 0x2986, 0x2986, 0x2986,
0x2986, 0x29a7, 0x2986, 0x2166, 0x29c7, 0x53cf, 0x6cb2, 0x7d76, 0x74d4, 0x6cb3,
0x6cb3, 0x6452, 0x6411, 0x5bf0, 0x5baf, 0x536e, 0x534e, 0x4b2d, 0x4b2d, 0x4b2d,
0x532d, 0x4b2d, 0x4aec, 0x4aec, 0x42cc, 0x42cb, 0x42ab, 0x428a, 0x3a29, 0x49e8,
0x41e8, 0x31c7, 0x31c7, 0x31c7, 0x2452, 0x3639, 0x24b3, 0x11e9, 0x1105, 0x10c4,
0x10c4, 0x10e4, 0x10c4, 0x08a3, 0x10e4, 0x1105, 0x1105, 0x1105, 0x1105, 0x2187,
0x63b0, 0x7c73, 0x42ac, 0x21e9, 0x31aa, 0x59ac, 0x79ef, 0xaa11, 0x990e, 0x4065,
0x1842, 0x1862, 0x1863, 0x2063, 0x2884, 0x2884, 0x2884, 0x28a4, 0x30a5, 0x3085,
0x3084, 0x2885, 0x2885, 0x1843, 0x3064, 0x4886, 0x2864, 0x812c, 0x716d, 0x89b0,
0x3169, 0x2948, 0x2147, 0x1146, 0x1146, 0x1146, 0x1146, 0x1146, 0x1126, 0x1126,
0x1146, 0x1126, 0x1105, 0x1106, 0x1126, 0x1126, 0x1126, 0x1126, 0x1126, 0x1126,
0x1988, 0x21ea, 0x220a, 0x220a, 0x222a, 0x220a, 0x2083, 0x2083, 0x2063, 0x2063,
0x2884, 0x38a5, 0x60e9, 0x914d, 0xb991, 0xd1b4, 0xd9f5, 0xe217, 0xea17, 0xea17,
0xe1f6, 0xd1d4, 0xb991, 0x894d, 0x792b, 0x814c, 0xb1d1, 0xda16, 0xe236, 0xe216,
0xe216, 0xea37, 0xf2b8, 0x8af3, 0x818c, 0x68e8, 0x2928, 0x19ab, 0x226f, 0x21aa,
0x2290, 0x2290, 0x224e, 0x21cc, 0x19cc, 0x58e9, 0x80e9, 0x3908, 0x2128, 0x2169,
0x7ad1, 0x81f0, 0x6290, 0xa315, 0xd2b6, 0xe256, 0xd214, 0xa9b0, 0x712b, 0x5908,
0x6109, 0x894d, 0xb1b1, 0xd1d4, 0xe216, 0xea17, 0xea37, 0xe217, 0xc9d4, 0x994e,
0x58e8, 0x3085, 0x1863, 0x1863, 0x1842, 0x1042, 0x1042, 0x1042, 0x28e3, 0x3103,
0x3103, 0x3103, 0x3903, 0x3103, 0x4144, 0x4985, 0x4144, 0x3924, 0x4144, 0x4144,
0x4124, 0x51c5, 0xa3eb, 0xc48a, 0xb3c8, 0xbc4a, 0xa347, 0xa388, 0xbc6b, 0x92e6,
0xc4ed, 0xc50e, 0x93eb, 0x748f, 0x3aab, 0x10e5, 0x10a4, 0x1906, 0x2168, 0x29a9,
0x324c, 0x326d, 0x322b, 0x326d, 0x29eb, 0x2147, 0x29ea, 0x2147, 0x1926, 0x1927,
0x10c5, 0x1947, 0x4c11, 0x85f6, 0x946d, 0x9307, 0xcd0d, 0xd54e, 0x9b07, 0xb40a,
0xaba9, 0xa327, 0xbc4a, 0xb3a8, 0xc48b, 0xa40b, 0x59e6, 0x4144, 0x4144, 0x4144,
0x4144, 0x4964, 0x4985, 0x4144, 0x3103, 0x3103, 0x3103, 0x3103, 0x3103, 0x28e3,
0x1187, 0x11a7, 0x11c7, 0x11c7, 0x11a7, 0x11c7, 0x11c8, 0x1a08, 0x1a49, 0x1a8a,
0x22ab, 0x230c, 0x234d, 0x2bcf, 0x66da, 0x3c51, 0x22cb, 0x1986, 0x19a7, 0x1987,
0x19a7, 0x19e8, 0x19e8, 0x19e8, 0x226a, 0x226a, 0x2249, 0x226a, 0x22ab, 0x22cc,
0x22ec, 0x22cc, 0x22cc, 0x2b0d, 0x2b0d, 0x22cc, 0x228b, 0x22ab, 0x228b, 0x226b,
0x226a, 0x2229, 0x1a08, 0x21e8, 0x2229, 0x326a, 0x328b, 0x328b, 0x328a, 0x326a,
0x2a08, 0x21c7, 0x21a7, 0x1965, 0x1104, 0x11a6, 0x1208, 0x3c91, 0x679c, 0x2bcf,
0x1aab, 0x1aab, 0x1a6a, 0x1a49, 0x1a29, 0x1aeb, 0x1aca, 0x1aaa, 0x1249, 0x11e8,
0x11a6, 0x11a7, 
0x08a4, 0x08c4, 0x10c4, 0x10c4, 0x10e5, 0x1106, 0x1147, 0x1167, 0x1167, 0x1967,
0x19a9, 0x21ea, 0x220b, 0x220b, 0x222c, 0x224d, 0x224d, 0x226d, 0x22cf, 0x52d1,
0x696d, 0x38a6, 0x10a4, 0x1126, 0x11a8, 0x1187, 0x1946, 0x1926, 0x2147, 0x29ca,
0x2a8d, 0x2a8d, 0x2a0b, 0x2188, 0x1926, 0x1906, 0x18e5, 0x18a4, 0x1083, 0x1062,
0x1063, 0x1083, 0x10a4, 0x10a4, 0x3908, 0x60eb, 0x5889, 0xb974, 0x8b77, 0x3434,
0x2af0, 0x228e, 0x226d, 0x224d, 0x222c, 0x19eb, 0x19ca, 0x19a9, 0x19a9, 0x19ca,
0x220b, 0x222c, 0x19c9, 0x1146, 0x1105, 0x10e5, 0x10e5, 0x1106, 0x1126, 0x10e5,
0x08c4, 0x08a3, 0x10a3, 0x10c3, 0x18c3, 0x18c3, 0x10a3, 0x10a3, 0x10a3, 0x10a3,
0x10a3, 0x10a3, 0x10a3, 0x10a3, 0x10a3, 0x10a3, 0x10a3, 0x10a3, 0x10a3, 0x10a3,
0x10a3, 0x18c3, 0x10a3, 0x3144, 0x7265, 0x20c2, 0x0861, 0x1082, 0x1882, 0x1882,
0x20e3, 0x2944, 0x2944, 0x39a6, 0x4a28, 0x3986, 0x3145, 0x41e7, 0x3985, 0x39a6,
0x41c6, 0x41c6, 0x41c6, 0x39a6, 0x3144, 0x20e3, 0x18a2, 0x18a2, 0x20c2, 0x18a2,
0x18a2, 0x328a, 0x4c93, 0x1946, 0x10c4, 0x18e4, 0x10c4, 0x10c4, 0x10c3, 0x10a3,
0x10a3, 0x10a3, 0x10a3, 0x10a3, 0x10a3, 0x10a3, 0x10a3, 0x2104, 0x2104, 0x10a3,
0x10c3, 0x10c3, 0x18c3, 0x18e3, 0x21e7, 0x19a6, 0x1986, 0x1986, 0x19a6, 0x19c7,
0x21e7, 0x2228, 0x2269, 0x2aaa, 0x2acb, 0x2aeb, 0x2b0c, 0x332c, 0x334c, 0x334d,
0x336d, 0x336d, 0x336d, 0x338d, 0x338d, 0x338e, 0x338e, 0x33ae, 0x3c2f, 0x2a48,
0x1061, 0x18a2, 0x2104, 0x2125, 0x2966, 0x31a6, 0x39e8, 0x3a08, 0x2986, 0x2945,
0x2104, 0x18c3, 0x20e4, 0x18c3, 0x18c3, 0x2124, 0x2124, 0x18c3, 0x10a2, 0x32aa,
0x3c2f, 0x33ce, 0x33ae, 0x33ae, 0x338e, 0x338d, 0x338d, 0x336d, 0x336d, 0x336d,
0x334d, 0x334c, 0x2b2c, 0x2aeb, 0x2aeb, 0x2aaa, 0x2a8a, 0x2249, 0x2208, 0x21c7,
0x19a7, 0x19a6, 0x1986, 0x21c7, 0x2208, 0x21a6, 0x1045, 0x1065, 0x1845, 0x1845,
0x1865, 0x1866, 0x1866, 0x2067, 0x2087, 0x2087, 0x2087, 0x20a7, 0x20a7, 0x28c9,
0x28c8, 0x30ca, 0x40ed, 0x40ec, 0x410c, 0x410c, 0x492d, 0x50ef, 0x7174, 0xcc1b,
0xfe3f, 0xfdff, 0xe4bd, 0xc3fb, 0xabba, 0xa3d9, 0x9bd9, 0x93d9, 0x8419, 0x7437,
0x7457, 0x7cf9, 0x84b9, 0x73d7, 0x7c79, 0x7c18, 0xab7a, 0xcafc, 0xf55e, 0xf5fe,
0xc43b, 0xab98, 0x69d3, 0x5110, 0x5970, 0x5150, 0x416e, 0x412d, 0x390b, 0x310b,
0x30ea, 0x28e9, 0x28c8, 0x20c8, 0x20a8, 0x20e9, 0x216b, 0x214b, 0x20a7, 0x20c9,
0x290c, 0x20ca, 0x1845, 0x3068, 0x1845, 0x1044, 0x1023, 0x1023, 0x532d, 0x532d,
0x4b2d, 0x4b0d, 0x4b0d, 0x4b0d, 0x4b0d, 0x4b0d, 0x4b0d, 0x4b0d, 0x4b0d, 0x4b0d,
0x4b0d, 0x4b0d, 0x4b0d, 0x4b2d, 0x4b2d, 0x4b2d, 0x532d, 0x532d, 0x532d, 0x532d,
0x532d, 0x532e, 0x534e, 0x532d, 0x5baf, 0x5bce, 0x4269, 0x2082, 0x2904, 0x3145,
0x39a6, 0x41c6, 0x4a07, 0x3145, 0x3986, 0x41a6, 0x3986, 0x2924, 0x28e4, 0x28e4,
0x20e3, 0x1862, 0x3165, 0x4aaa, 0x530c, 0x5bae, 0x536e, 0x4b2d, 0x532d, 0x532d,
0x532d, 0x4b2d, 0x4b2d, 0x4b2d, 0x4b2d, 0x4b2d, 0x532d, 0x532d, 0x532d, 0x532d,
0x532d, 0x532d, 0x532d, 0x532d, 0x532d, 0x532d, 0x532d, 0x532d, 0x5b2d, 0x532d,
0x3208, 0x3208, 0x3208, 0x31e8, 0x3209, 0x2166, 0x1945, 0x2186, 0x21a7, 0x21e8,
0x2a29, 0x2a4a, 0x328b, 0x32ab, 0x32cc, 0x32ec, 0x32ec, 0x330d, 0x3b0d, 0x3b2d,
0x330d, 0x438f, 0x53cf, 0x7471, 0x31c7, 0x1061, 0x49c5, 0x2124, 0x2965, 0x2945,
0x2945, 0x2945, 0x20e3, 0x2104, 0x2924, 0x18e3, 0x18c3, 0x18e3, 0x18c3, 0x18c3,
0x18c3, 0x1082, 0x2104, 0x3a69, 0x6431, 0x4bd0, 0x3b4e, 0x3b4e, 0x3b4e, 0x3b2e,
0x3b2d, 0x3b0d, 0x330d, 0x32ec, 0x32ec, 0x32cc, 0x32ab, 0x328b, 0x2a6a, 0x2a49,
0x2a09, 0x21e8, 0x21a7, 0x2186, 0x1946, 0x29c7, 0x31e8, 0x31e8, 0x3208, 0x3208,
0x3229, 0x29a7, 0x2986, 0x31a7, 0x31a7, 0x39e8, 0x4229, 0x4249, 0x426a, 0x426a,
0x428a, 0x428a, 0x428b, 0x428b, 0x42ab, 0x4b0d, 0x534e, 0x5b6e, 0x5b8f, 0x5baf,
0x5bd0, 0x63f0, 0x6411, 0x6411, 0x6452, 0x6c72, 0x6cb3, 0x969a, 0x4b2d, 0x2166,
0x2166, 0x2966, 0x2966, 0x29a7, 0x29c7, 0x29a7, 0x29c7, 0x29c7, 0x31c7, 0x31c7,
0x29a7, 0x29a7, 0x2986, 0x2966, 0x2966, 0x2966, 0x2186, 0x6c92, 0x9659, 0x6c72,
0x6c93, 0x6451, 0x6411, 0x5bf0, 0x5baf, 0x536e, 0x534d, 0x4b2d, 0x4b0d, 0x4b2d,
0x532d, 0x4b2d, 0x4aec, 0x4acc, 0x4acb, 0x42cb, 0x42ab, 0x426a, 0x3a29, 0x39e8,
0x39e8, 0x31c7, 0x31c7, 0x31a7, 0x2431, 0x3639, 0x24b3, 0x11e9, 0x1105, 0x10c4,
0x10e4, 0x10e4, 0x10c4, 0x08a3, 0x10c4, 0x1105, 0x1905, 0x2106, 0x1905, 0x1966,
0x53af, 0x7493, 0x3acc, 0x4a0c, 0x91b0, 0x89cf, 0x898e, 0x710a, 0x40a6, 0x3085,
0x3885, 0x3084, 0x2884, 0x2083, 0x1863, 0x1863, 0x2084, 0x30a5, 0x30c5, 0x38c6,
0x48a6, 0x40a6, 0x28a5, 0x30a5, 0x2884, 0x2864, 0x3064, 0x4086, 0x68ea, 0x9990,
0x89b0, 0x1968, 0x49ab, 0x1146, 0x1947, 0x1147, 0x1146, 0x1126, 0x1126, 0x1126,
0x1146, 0x1126, 0x1125, 0x1126, 0x1126, 0x1126, 0x1126, 0x1126, 0x1126, 0x1146,
0x19a8, 0x220a, 0x222a, 0x220a, 0x222a, 0x220a, 0x2063, 0x2063, 0x2063, 0x2063,
0x2884, 0x38a5, 0x60e9, 0x914d, 0xc192, 0xd1d4, 0xe1f6, 0xea17, 0xea17, 0xe216,
0xe1f6, 0xd1d4, 0xb991, 0x914d, 0x792b, 0x894c, 0xb1d1, 0xe216, 0xe236, 0xe216,
0xe216, 0xea97, 0xd318, 0x3a2d, 0x812b, 0x790a, 0x21cb, 0x224e, 0x2b52, 0x220d,
0x2b73, 0x2bb3, 0x2b31, 0x2a6f, 0x1a4e, 0x614b, 0x990b, 0x5109, 0x1907, 0x2128,
0x19cc, 0x1a2c, 0x426e, 0xa2d4, 0xf2b7, 0xf217, 0xd9f4, 0xa990, 0x792b, 0x5908,
0x6109, 0x894d, 0xb1b1, 0xd1d5, 0xea17, 0xea38, 0xea38, 0xea17, 0xd1d4, 0x996f,
0x58e9, 0x3085, 0x2063, 0x1863, 0x1842, 0x1042, 0x1042, 0x1042, 0x20a2, 0x30e3,
0x3103, 0x3103, 0x3103, 0x3103, 0x3103, 0x4144, 0x4985, 0x4164, 0x4144, 0x4144,
0x4985, 0x9baa, 0xddaf, 0xc48a, 0xab88, 0xbc29, 0xa368, 0xa388, 0xbc4a, 0x8ac6,
0x9b68, 0xa50f, 0x6cf2, 0x1987, 0x0863, 0x18e5, 0x2147, 0x29a9, 0x29eb, 0x3a8e,
0x4bb3, 0x4331, 0x21a9, 0x2168, 0x29a9, 0x1906, 0x1926, 0x18e5, 0x2168, 0x29ca,
0x29c9, 0x2168, 0x10c5, 0x1106, 0x43cf, 0x8cf0, 0xbc4a, 0xbc09, 0x92c6, 0xb3e9,
0xab88, 0xa347, 0xbc29, 0xab67, 0xc46a, 0xdd8f, 0xa3ca, 0x4985, 0x4164, 0x4164,
0x4164, 0x4985, 0x4144, 0x3103, 0x3103, 0x3103, 0x3103, 0x3103, 0x28e3, 0x20a2,
0x1a08, 0x1a08, 0x1a4a, 0x1a29, 0x11c7, 0x11c8, 0x11e8, 0x1a29, 0x1a6a, 0x1aab,
0x22cc, 0x232d, 0x234d, 0x44d3, 0x5e79, 0x2b6e, 0x1a08, 0x1986, 0x1987, 0x1987,
0x19c7, 0x19e8, 0x19e8, 0x224a, 0x226a, 0x2209, 0x19c8, 0x226a, 0x22ac, 0x22ac,
0x22cc, 0x22ec, 0x2aed, 0x2b0d, 0x22cc, 0x228b, 0x22ab, 0x22ab, 0x228b, 0x224a,
0x226a, 0x2aab, 0x2aab, 0x32cb, 0x32ab, 0x32cb, 0x3aec, 0x3aec, 0x3aec, 0x3acb,
0x3249, 0x29c7, 0x21a7, 0x1966, 0x1104, 0x1986, 0x2b4d, 0x22eb, 0x673b, 0x4554,
0x1aab, 0x22cc, 0x22ec, 0x1a8a, 0x1a29, 0x1a08, 0x11e8, 0x11c7, 0x11c7, 0x11e8,
0x11e8, 0x1208, 
0x08a4, 0x10a4, 0x10c4, 0x10c4, 0x10e4, 0x1105, 0x1147, 0x1167, 0x1167, 0x1967,
0x19a9, 0x21ea, 0x220b, 0x220b, 0x222c, 0x224d, 0x224d, 0x326e, 0x51ee, 0x68cb,
0x3887, 0x18e5, 0x1146, 0x10e5, 0x18a4, 0x18c4, 0x1906, 0x2147, 0x2168, 0x21ca,
0x21e9, 0x1947, 0x1905, 0x18e5, 0x18c4, 0x10a4, 0x10a4, 0x1083, 0x1083, 0x1083,
0x1062, 0x1062, 0x1063, 0x10a3, 0x30a6, 0x2084, 0x28a5, 0x58ca, 0xb153, 0x6b35,
0x1b10, 0x2a6e, 0x224d, 0x224d, 0x220c, 0x19eb, 0x19ca, 0x19a9, 0x19a9, 0x19ca,
0x220b, 0x2a2c, 0x21ca, 0x1146, 0x1105, 0x10e5, 0x10e5, 0x1126, 0x1126, 0x10e5,
0x08a4, 0x08a3, 0x10a3, 0x10c3, 0x18c3, 0x18c3, 0x10c3, 0x10a3, 0x10a3, 0x10a3,
0x10a3, 0x10a3, 0x10a3, 0x10a3, 0x10a3, 0x10a3, 0x10a3, 0x10a3, 0x10a3, 0x10a3,
0x18c3, 0x18c3, 0x2104, 0x6a45, 0x28e2, 0x1082, 0x18a2, 0x18a2, 0x20c3, 0x2904,
0x18a2, 0x2104, 0x39c7, 0x41e7, 0x3165, 0x2924, 0x20c3, 0x20c2, 0x18a2, 0x20e3,
0x2903, 0x2924, 0x3144, 0x39a6, 0x3165, 0x18a2, 0x20e3, 0x20e3, 0x20e3, 0x20c3,
0x18a2, 0x1020, 0x3208, 0x4c11, 0x10e4, 0x10e4, 0x10c4, 0x10c3, 0x10c3, 0x10a3,
0x10a3, 0x10a3, 0x10a3, 0x10a3, 0x10a3, 0x10a3, 0x10a3, 0x10a3, 0x10a3, 0x10c3,
0x10c3, 0x10c3, 0x18c3, 0x18c3, 0x2a08, 0x19a7, 0x1986, 0x19a6, 0x19a7, 0x21c7,
0x21e8, 0x2228, 0x2249, 0x2a69, 0x2a8a, 0x2aaa, 0x2acb, 0x2aeb, 0x2aeb, 0x2b0b,
0x330c, 0x330c, 0x332c, 0x332c, 0x332c, 0x332c, 0x334d, 0x3bad, 0x2186, 0x1082,
0x18e4, 0x2124, 0x2945, 0x3186, 0x39c7, 0x3a29, 0x3a29, 0x31c7, 0x2945, 0x2104,
0x20e4, 0x18c3, 0x1082, 0x10a2, 0x10a2, 0x2124, 0x2945, 0x2145, 0x18e4, 0x18a3,
0x2a68, 0x444f, 0x334c, 0x334d, 0x334d, 0x332c, 0x332c, 0x332c, 0x330c, 0x330c,
0x330c, 0x2aeb, 0x2acb, 0x2aaa, 0x2a8a, 0x2a69, 0x2249, 0x2228, 0x2208, 0x21e7,
0x19c7, 0x19c7, 0x19a6, 0x21e7, 0x2a28, 0x21c7, 0x1044, 0x1065, 0x18c7, 0x1886,
0x1865, 0x1866, 0x1866, 0x2066, 0x2087, 0x2087, 0x2087, 0x20a7, 0x28a9, 0x30cb,
0x30cb, 0x30ca, 0x40ed, 0x40ed, 0x490d, 0x490d, 0x50cf, 0x9276, 0xedbe, 0xfdff,
0xdc3d, 0xbb3b, 0x9338, 0x7b37, 0x7376, 0x7396, 0x73d6, 0x6c37, 0x7498, 0x7cf9,
0x855a, 0x855a, 0x961b, 0x95fb, 0x84b8, 0x853a, 0x7c18, 0xb33a, 0xd37c, 0xcbdc,
0xd3dc, 0xfd3f, 0xdd5d, 0x9ad7, 0x6152, 0x492f, 0x51d0, 0x410d, 0x390c, 0x310b,
0x30ea, 0x28ea, 0x28c9, 0x20c8, 0x2087, 0x21cd, 0x2b96, 0x2a94, 0x210a, 0x20a9,
0x290d, 0x20eb, 0x1846, 0x3869, 0x1845, 0x1024, 0x1023, 0x1023, 0x532d, 0x534e,
0x534e, 0x532d, 0x4b2d, 0x4b0d, 0x4b0d, 0x4b0d, 0x4b0d, 0x4b0d, 0x4b0d, 0x4b0d,
0x4b2d, 0x4b2d, 0x4b2d, 0x4b2d, 0x532d, 0x532e, 0x534e, 0x534e, 0x534e, 0x534e,
0x534e, 0x534e, 0x532e, 0x5bcf, 0x6c51, 0x2945, 0x20c3, 0x3145, 0x3165, 0x4a28,
0x49e7, 0x5a89, 0x3165, 0x5269, 0x5a8a, 0x41e7, 0x3145, 0x3145, 0x3124, 0x2904,
0x20e3, 0x20e3, 0x20a2, 0x28e3, 0x6450, 0x6c71, 0x534e, 0x534e, 0x534e, 0x534e,
0x534d, 0x532d, 0x532d, 0x532d, 0x532d, 0x532d, 0x532d, 0x532d, 0x534d, 0x534d,
0x534e, 0x534e, 0x534e, 0x534e, 0x534d, 0x532d, 0x536e, 0x530c, 0x4aec, 0x532d,
0x3229, 0x3229, 0x3229, 0x3209, 0x3a4a, 0x2186, 0x1945, 0x2186, 0x21a7, 0x21c7,
0x29e8, 0x2a09, 0x2a49, 0x2a6a, 0x326a, 0x328b, 0x32ab, 0x32ab, 0x32cc, 0x32ab,
0x432d, 0x7492, 0x39c7, 0x2965, 0x0862, 0x5205, 0x3185, 0x39c7, 0x4228, 0x4228,
0x39c7, 0x3186, 0x39e7, 0x31a6, 0x2104, 0x2104, 0x2965, 0x2944, 0x2924, 0x3123,
0x2903, 0x18c2, 0x0862, 0x0820, 0x42aa, 0x8d96, 0x32cc, 0x3b0d, 0x32ec, 0x32ec,
0x32cc, 0x32cc, 0x32ab, 0x32ab, 0x328b, 0x2a6a, 0x2a6a, 0x2a4a, 0x2a29, 0x2a09,
0x21e8, 0x21c7, 0x21a7, 0x2166, 0x1945, 0x29e8, 0x3229, 0x3229, 0x3229, 0x3229,
0x3a6a, 0x29c7, 0x2986, 0x31a7, 0x31a7, 0x49e8, 0x5229, 0x3a49, 0x426a, 0x426a,
0x426a, 0x428a, 0x428b, 0x428b, 0x42ab, 0x4b0c, 0x534e, 0x536e, 0x5b8f, 0x5baf,
0x5bd0, 0x5bf0, 0x63f0, 0x6411, 0x6431, 0x6452, 0x8e39, 0x5c10, 0x2145, 0x2165,
0x2966, 0x2966, 0x2966, 0x29a7, 0x3208, 0x3208, 0x3208, 0x3208, 0x3208, 0x31e8,
0x3208, 0x31e8, 0x2986, 0x2966, 0x2966, 0x2966, 0x2145, 0x2966, 0x7514, 0x85b7,
0x6431, 0x6431, 0x63f0, 0x5bd0, 0x5baf, 0x536e, 0x532d, 0x4b2d, 0x4b0d, 0x4b0d,
0x4b2d, 0x4b0d, 0x4aec, 0x4acc, 0x4acb, 0x6aab, 0x528b, 0x3a6a, 0x4a09, 0x51e8,
0x49e8, 0x41c7, 0x41c7, 0x31a7, 0x2c52, 0x3639, 0x24b3, 0x11e9, 0x1105, 0x10c4,
0x10e4, 0x10e4, 0x10c4, 0x08a3, 0x10e4, 0x1105, 0x1105, 0x2126, 0x494a, 0x718d,
0x9a92, 0xab14, 0xba33, 0xb9b2, 0x810b, 0x48a6, 0x3884, 0x2884, 0x2884, 0x28a4,
0x30a5, 0x38c5, 0x38c6, 0x40c6, 0x40c6, 0x38c6, 0x30a5, 0x2884, 0x30a5, 0x58e8,
0x60e9, 0x690a, 0x790b, 0x50c7, 0x30c6, 0x38c6, 0x2884, 0x3085, 0x40a6, 0x790b,
0xa9f2, 0x41cb, 0x6a2f, 0x0146, 0x1106, 0x1105, 0x1126, 0x1146, 0x1126, 0x1126,
0x1946, 0x1126, 0x1126, 0x1946, 0x2187, 0x2167, 0x1946, 0x1946, 0x2167, 0x1967,
0x21c9, 0x220a, 0x222a, 0x222a, 0x222a, 0x220a, 0x2063, 0x2063, 0x2063, 0x2063,
0x2884, 0x38a5, 0x60e9, 0x914e, 0xc192, 0xd9d5, 0xe1f6, 0xe216, 0xe216, 0xe1f6,
0xd9f5, 0xd1d4, 0xb991, 0x914d, 0x792b, 0x894c, 0xb9d1, 0xe216, 0xea36, 0xe216,
0xe216, 0xe318, 0xa356, 0x31ec, 0xa12d, 0x814c, 0x228f, 0x2b93, 0x2c14, 0x22cf,
0x34d8, 0x3518, 0x3455, 0x2b31, 0x2311, 0x71ad, 0xb94e, 0x692a, 0x1907, 0x2ad0,
0x2a8f, 0x29ab, 0x216a, 0x118a, 0x39ed, 0x8211, 0xb253, 0xa9f1, 0x794b, 0x5908,
0x6109, 0x894d, 0xb9b1, 0xd9f5, 0xea17, 0xf238, 0xf238, 0xea17, 0xd1d4, 0x994f,
0x58e9, 0x3085, 0x2063, 0x1863, 0x1842, 0x1042, 0x1042, 0x1042, 0x1882, 0x20a2,
0x30e3, 0x3103, 0x3103, 0x3103, 0x3103, 0x3103, 0x3944, 0x4144, 0x4144, 0x4144,
0x6a46, 0xc48b, 0xdd8f, 0xccab, 0xab88, 0xbc29, 0xab88, 0xaba8, 0xbc6b, 0x8b27,
0x9510, 0x5cf3, 0x1926, 0x10a4, 0x1926, 0x1947, 0x2188, 0x29ea, 0x328d, 0x326d,
0x2a2b, 0x29ea, 0x2189, 0x1906, 0x10c5, 0x10c5, 0x10a4, 0x10a4, 0x10c5, 0x1906,
0x2188, 0x2a0b, 0x29ca, 0x18e5, 0x1084, 0x5493, 0xa655, 0xac0a, 0x9ae7, 0xbc09,
0xab88, 0xa347, 0xbc29, 0xab67, 0xc46a, 0xdd6f, 0xcccc, 0x6a46, 0x4144, 0x4144,
0x4144, 0x3944, 0x3103, 0x3103, 0x3103, 0x3103, 0x3103, 0x30e3, 0x20a2, 0x1882,
0x11a7, 0x11a7, 0x1208, 0x11c8, 0x1b0c, 0x1acb, 0x11e8, 0x1a4a, 0x1aab, 0x22cc,
0x22ec, 0x2b6e, 0x234e, 0x55f7, 0x55d6, 0x22cb, 0x19a7, 0x1986, 0x1986, 0x19a7,
0x19c8, 0x19c7, 0x21e8, 0x2229, 0x2209, 0x2209, 0x224a, 0x22ab, 0x228b, 0x228b,
0x22ac, 0x22cc, 0x22ec, 0x228b, 0x224a, 0x22cc, 0x22cc, 0x228b, 0x224a, 0x2aab,
0x3b4e, 0x3b2d, 0x3b2d, 0x3b0d, 0x3b0d, 0x3b2d, 0x3b0c, 0x3aec, 0x3acc, 0x3aec,
0x3aab, 0x326a, 0x29e8, 0x21a7, 0x1945, 0x1104, 0x33ef, 0x22cb, 0x44f3, 0x5efa,
0x230c, 0x230c, 0x22ec, 0x1a8b, 0x1a29, 0x1a29, 0x1208, 0x1208, 0x11e8, 0x1a49,
0x1228, 0x11c7, 
0x08a4, 0x10a4, 0x10c4, 0x10c4, 0x10e5, 0x1105, 0x1147, 0x1147, 0x1147, 0x1967,
0x19a9, 0x21ea, 0x220b, 0x220c, 0x2a0c, 0x3a0d, 0x422e, 0x61ce, 0x68eb, 0x48a8,
0x20e5, 0x18e5, 0x18a4, 0x18a4, 0x18c4, 0x18e5, 0x18a4, 0x1988, 0x1acd, 0x1a4b,
0x21a8, 0x2189, 0x2168, 0x1927, 0x1906, 0x18e5, 0x18c4, 0x18a4, 0x1083, 0x1063,
0x1063, 0x0842, 0x0842, 0x1062, 0x1063, 0x10a4, 0x18c5, 0x20a5, 0x60ca, 0x9972,
0x4a91, 0x1a8e, 0x224d, 0x222c, 0x220c, 0x19eb, 0x19ca, 0x19a9, 0x19a9, 0x19ca,
0x220b, 0x2a4d, 0x21ca, 0x1147, 0x1105, 0x10e5, 0x1105, 0x1126, 0x1106, 0x10e4,
0x08a4, 0x08a4, 0x10a3, 0x10c3, 0x18c3, 0x18c3, 0x18c3, 0x10a3, 0x10a3, 0x10a3,
0x10a3, 0x10a3, 0x10a3, 0x10a3, 0x10a3, 0x10a3, 0x10a3, 0x10a3, 0x10a3, 0x10a3,
0x18c3, 0x18c3, 0x5a05, 0x3123, 0x1082, 0x18a2, 0x1882, 0x1882, 0x20e3, 0x3165,
0x3165, 0x20e3, 0x20e3, 0x2904, 0x18a2, 0x18a2, 0x18a2, 0x18a2, 0x18a2, 0x18a2,
0x20c2, 0x20c3, 0x18a2, 0x18a2, 0x18a2, 0x2924, 0x2924, 0x2904, 0x2924, 0x2103,
0x18a2, 0x18c3, 0x18a2, 0x4bcf, 0x32ec, 0x10a3, 0x18e4, 0x10c4, 0x10a3, 0x10a3,
0x10a3, 0x10a3, 0x10a3, 0x10a3, 0x10a3, 0x10a3, 0x10a3, 0x10a3, 0x10c3, 0x10c3,
0x18c3, 0x18c3, 0x18c3, 0x18c3, 0x2a49, 0x21c7, 0x1986, 0x19a7, 0x19c7, 0x21e7,
0x2208, 0x2228, 0x2249, 0x2249, 0x2a69, 0x2a8a, 0x2aaa, 0x2acb, 0x2aeb, 0x2aeb,
0x2aeb, 0x2b0c, 0x330c, 0x332c, 0x2b0c, 0x334c, 0x3bad, 0x2165, 0x1082, 0x2104,
0x2124, 0x2945, 0x2966, 0x31a6, 0x31c7, 0x31e8, 0x31a7, 0x2966, 0x2945, 0x2104,
0x18e3, 0x18c3, 0x10a2, 0x1082, 0x1082, 0x18c3, 0x2124, 0x29a7, 0x2986, 0x2104,
0x18a2, 0x32ca, 0x3bce, 0x2b0c, 0x332c, 0x332c, 0x332c, 0x330c, 0x2b0c, 0x2aeb,
0x2aeb, 0x2aeb, 0x2acb, 0x2a8a, 0x2a8a, 0x2269, 0x2249, 0x2229, 0x2208, 0x2208,
0x21e7, 0x21c7, 0x19a7, 0x2208, 0x2a49, 0x21e7, 0x1045, 0x1845, 0x18c7, 0x18a7,
0x1846, 0x1866, 0x2888, 0x2888, 0x2087, 0x2087, 0x20a7, 0x28c8, 0x30ca, 0x38ec,
0x38ec, 0x392c, 0x40cc, 0x48ed, 0x490e, 0x5910, 0xab18, 0xf55e, 0xdc1d, 0xbafb,
0xa299, 0x8a56, 0x7a54, 0x6a94, 0x62f4, 0x6b95, 0x7417, 0x7c98, 0x8519, 0x855a,
0x859a, 0x9ebd, 0x9efd, 0xa75e, 0x9e9c, 0x857a, 0x7d19, 0x8b98, 0x9b19, 0x8b18,
0x9af9, 0xaab9, 0xcb5b, 0xf4be, 0xd45c, 0x79d4, 0x69f2, 0x61f1, 0x496e, 0x30eb,
0x30ea, 0x30ea, 0x28e9, 0x28c9, 0x20a8, 0x21ed, 0x2af4, 0x2a12, 0x210a, 0x28eb,
0x294f, 0x210c, 0x1845, 0x3069, 0x1845, 0x1024, 0x1024, 0x1023, 0x534d, 0x534d,
0x534e, 0x534e, 0x532d, 0x532d, 0x4b2d, 0x4b2d, 0x4b2d, 0x4b2d, 0x4b2d, 0x4b2d,
0x532d, 0x532d, 0x532d, 0x532e, 0x534e, 0x534e, 0x534e, 0x534e, 0x534e, 0x534e,
0x534e, 0x536e, 0x532d, 0x6c71, 0x7491, 0x20a3, 0x2904, 0x3986, 0x41c7, 0x41c7,
0x4a07, 0x41a6, 0x41e7, 0x5269, 0x4a28, 0x5a89, 0x4a28, 0x39a6, 0x3144, 0x20c3,
0x20c3, 0x20c3, 0x20e3, 0x20c3, 0x530b, 0x7d34, 0x536e, 0x532d, 0x534e, 0x534e,
0x534e, 0x534e, 0x534e, 0x534e, 0x534e, 0x534e, 0x534e, 0x534e, 0x534e, 0x534e,
0x534e, 0x536e, 0x536e, 0x536e, 0x534e, 0x534e, 0x5b6e, 0x4acc, 0x4acc, 0x532d,
0x3a49, 0x3a29, 0x3a49, 0x3a49, 0x3a8a, 0x2186, 0x1945, 0x2166, 0x2186, 0x21a7,
0x21c7, 0x29e8, 0x2a08, 0x2a29, 0x2a29, 0x324a, 0x326a, 0x326a, 0x2a6a, 0x430d,
0x5b8e, 0x18e3, 0x1082, 0x10a3, 0x3144, 0x6287, 0x4aab, 0x52cb, 0x52cb, 0x5b0c,
0x52aa, 0x632c, 0x4a69, 0x31a7, 0x4228, 0x7b4a, 0x8349, 0x5a46, 0x41a4, 0x2924,
0x20e3, 0x18c3, 0x18c3, 0x10a3, 0x0841, 0x63cf, 0x6431, 0x2a6a, 0x32cc, 0x32ab,
0x328b, 0x328b, 0x326a, 0x2a6a, 0x2a4a, 0x2a2a, 0x2a29, 0x2a09, 0x29e8, 0x21e8,
0x21c7, 0x21a7, 0x2186, 0x2166, 0x1925, 0x3229, 0x3a6a, 0x3a49, 0x3a4a, 0x3a49,
0x3a8a, 0x31e8, 0x2986, 0x31a7, 0x31a7, 0x41e8, 0x4a29, 0x4249, 0x424a, 0x426a,
0x426a, 0x428a, 0x428a, 0x42ab, 0x42ab, 0x530c, 0x534d, 0x536e, 0x5b6e, 0x5b8f,
0x5baf, 0x5bd0, 0x63f0, 0x63f0, 0x5bd0, 0x85b7, 0x6492, 0x1904, 0x2966, 0x2166,
0x2946, 0x2966, 0x2966, 0x31c7, 0x3a6a, 0x3209, 0x3a29, 0x3a29, 0x3a29, 0x3a29,
0x3a4a, 0x3a6a, 0x2986, 0x2966, 0x2966, 0x2966, 0x2966, 0x2945, 0x2166, 0x7d96,
0x7514, 0x5bf0, 0x6410, 0x5bd0, 0x5baf, 0x536e, 0x532d, 0x4b0d, 0x4b0d, 0x4b0d,
0x4b0d, 0x4b0d, 0x4aec, 0x4acb, 0x42cb, 0x7aab, 0x5a8b, 0x3a6a, 0x4229, 0x4208,
0x39e8, 0x39c7, 0x31c7, 0x31a7, 0x2c52, 0x3639, 0x24b3, 0x11e9, 0x1105, 0x10e4,
0x10e4, 0x10e4, 0x10c4, 0x08a3, 0x10e4, 0x1105, 0x1105, 0x1125, 0x1125, 0x29a8,
0x7af1, 0xb232, 0x810b, 0x4085, 0x2063, 0x1863, 0x1883, 0x2083, 0x20a4, 0x20c4,
0x28c5, 0x30c6, 0x40c6, 0x48e7, 0x58e8, 0x58e8, 0x58e8, 0x5908, 0x48e7, 0x28a5,
0x58c8, 0x994e, 0x912d, 0x790b, 0x48e8, 0x40e7, 0x38e6, 0x20a4, 0x40a6, 0x48a7,
0x91d0, 0xa233, 0x7ad2, 0x3149, 0x3a6c, 0x2acc, 0x19e9, 0x1126, 0x1126, 0x1126,
0x1946, 0x1126, 0x1126, 0x1946, 0x2187, 0x2187, 0x1946, 0x1966, 0x1967, 0x1967,
0x21c9, 0x222a, 0x2a2b, 0x2a2b, 0x2a2b, 0x2a0a, 0x2084, 0x2063, 0x2063, 0x2063,
0x2884, 0x38a5, 0x60e9, 0x994e, 0xc992, 0xd9d5, 0xe1f6, 0xe1f6, 0xe1f6, 0xd9f6,
0xd9d5, 0xd1b4, 0xb991, 0x914d, 0x792b, 0x894c, 0xb9d1, 0xe216, 0xea36, 0xe236,
0xea16, 0xcb78, 0x6333, 0x3a4e, 0xc990, 0x99af, 0x2b73, 0x3519, 0x34d7, 0x2351,
0x361c, 0x3ebd, 0x3d18, 0x33b3, 0x2476, 0x8230, 0xd9b1, 0x790a, 0x2af0, 0x2c96,
0x22ef, 0x2b11, 0x2af0, 0x3ab0, 0x62d2, 0x9314, 0xab35, 0xa2f3, 0x798c, 0x58e8,
0x6109, 0x894d, 0xb9b2, 0xd9f5, 0xea17, 0xf238, 0xf238, 0xea17, 0xd1d4, 0x994f,
0x58e9, 0x3085, 0x2063, 0x1863, 0x1842, 0x1042, 0x1042, 0x1042, 0x18a2, 0x1882,
0x20a2, 0x28e3, 0x30e3, 0x30e3, 0x30e3, 0x30e3, 0x30e3, 0x30e3, 0x3103, 0x30e3,
0x6246, 0xc48b, 0xd58f, 0xccab, 0xb3a8, 0xbc2a, 0xb409, 0xbc6b, 0xc590, 0xa5d3,
0x5d14, 0x1106, 0x10c4, 0x1947, 0x2188, 0x29ca, 0x322c, 0x4330, 0x5372, 0x4a6e,
0x1967, 0x10e5, 0x18e6, 0x1906, 0x10a4, 0x10a4, 0x0883, 0x0883, 0x0883, 0x10a4,
0x2168, 0x324d, 0x322c, 0x2168, 0x1906, 0x10e5, 0x54f4, 0xae96, 0xbccd, 0xd54e,
0xbc4a, 0xaba8, 0xbc29, 0xab67, 0xc46a, 0xdd6f, 0xccec, 0x6a66, 0x28e3, 0x3103,
0x30e3, 0x30e3, 0x30e3, 0x30e3, 0x28e3, 0x28e3, 0x28e3, 0x20a2, 0x1882, 0x20a3,
0x11a7, 0x11a7, 0x11e8, 0x11e8, 0x1aaa, 0x1229, 0x1209, 0x1a6a, 0x22ec, 0x230d,
0x232d, 0x2b8e, 0x2baf, 0x5eba, 0x44f3, 0x226a, 0x1986, 0x1966, 0x1986, 0x19a7,
0x19a7, 0x21e8, 0x21e8, 0x21e8, 0x2208, 0x2209, 0x226a, 0x228b, 0x226a, 0x228b,
0x22ab, 0x22cc, 0x228b, 0x2229, 0x22ac, 0x22ec, 0x228b, 0x224a, 0x332d, 0x3baf,
0x3b6e, 0x43af, 0x438f, 0x4baf, 0x434d, 0x3b2d, 0x3b0d, 0x432d, 0x434d, 0x3b0c,
0x326a, 0x21c7, 0x1986, 0x21a6, 0x21c7, 0x1925, 0x2aaa, 0x3c91, 0x22cb, 0x675c,
0x3431, 0x22ec, 0x22cc, 0x1a6a, 0x1a49, 0x1a29, 0x1a29, 0x1a29, 0x1208, 0x1a08,
0x1208, 0x11c7, 
0x10a4, 0x10c4, 0x10c4, 0x10c4, 0x10e5, 0x1105, 0x1147, 0x1147, 0x1147, 0x1967,
0x19a9, 0x21ea, 0x220b, 0x2a0c, 0x320c, 0x2a2d, 0x422e, 0x714d, 0x60ca, 0x20c5,
0x18a4, 0x1883, 0x10a3, 0x10c4, 0x18a4, 0x18c5, 0x1b0d, 0x1c11, 0x22ee, 0x2a8e,
0x2a8d, 0x220a, 0x21a9, 0x2147, 0x20e6, 0x18a4, 0x1083, 0x1083, 0x1083, 0x1062,
0x1063, 0x1062, 0x0842, 0x0821, 0x0862, 0x1906, 0x1947, 0x18c5, 0x2085, 0x68cc,
0x9993, 0x5230, 0x224d, 0x222c, 0x220c, 0x19eb, 0x19ca, 0x19a9, 0x19a9, 0x19ca,
0x220c, 0x2a4d, 0x21ca, 0x1147, 0x1106, 0x1105, 0x1105, 0x1126, 0x1105, 0x10c4,
0x08a4, 0x08a4, 0x10a3, 0x10c3, 0x18e3, 0x18e3, 0x18c3, 0x18c3, 0x18c3, 0x18c3,
0x10a3, 0x10a3, 0x10a3, 0x10a3, 0x10a3, 0x10a3, 0x10a3, 0x10a3, 0x10a3, 0x18c3,
0x10a3, 0x51c5, 0x59e4, 0x1062, 0x18a2, 0x18a2, 0x20c3, 0x2103, 0x20c3, 0x18a2,
0x20c3, 0x20c3, 0x1882, 0x18a2, 0x18c2, 0x18a2, 0x18a2, 0x18a2, 0x18a2, 0x18a2,
0x18a2, 0x18a2, 0x18a2, 0x18a2, 0x2903, 0x20e3, 0x20c3, 0x2904, 0x2944, 0x2903,
0x18a2, 0x18a2, 0x1882, 0x29c7, 0x54b3, 0x2186, 0x10c4, 0x10c4, 0x10a3, 0x10a3,
0x10a3, 0x18c3, 0x10a3, 0x10a3, 0x10a3, 0x10a3, 0x10a3, 0x10a3, 0x10c3, 0x18c3,
0x18c3, 0x18c3, 0x18c3, 0x18e3, 0x2a89, 0x21e7, 0x19a6, 0x19c7, 0x21c7, 0x21e7,
0x2208, 0x2228, 0x2229, 0x2249, 0x2269, 0x2a8a, 0x2aaa, 0x2acb, 0x2aeb, 0x2aeb,
0x2b0b, 0x2b0c, 0x330c, 0x330c, 0x332c, 0x3bce, 0x2165, 0x1082, 0x2104, 0x2104,
0x2124, 0x2945, 0x2966, 0x31c7, 0x3a29, 0x3a49, 0x39e8, 0x31a6, 0x31a6, 0x2966,
0x2945, 0x20e4, 0x18a2, 0x1082, 0x1082, 0x18a3, 0x2104, 0x29a7, 0x31c7, 0x2125,
0x2104, 0x18a3, 0x32ea, 0x3bce, 0x330c, 0x332c, 0x332c, 0x330c, 0x330c, 0x2aeb,
0x32eb, 0x32eb, 0x2acb, 0x2a8a, 0x226a, 0x2269, 0x2249, 0x2229, 0x2228, 0x2208,
0x21e8, 0x21e7, 0x19c7, 0x2228, 0x2a8a, 0x29e7, 0x1845, 0x1045, 0x18a7, 0x18a7,
0x1866, 0x1866, 0x2888, 0x2888, 0x2087, 0x2087, 0x2087, 0x30e9, 0x30ca, 0x38ec,
0x38ec, 0x38ec, 0x40ec, 0x510f, 0x6911, 0xb339, 0xfe3f, 0xe47d, 0xcb7b, 0x9b18,
0x72b4, 0x5ab3, 0x5b14, 0x63b5, 0x7436, 0x7436, 0x6bf6, 0x7cf9, 0x9ebd, 0xaf7e,
0x9f1d, 0x8e1b, 0xa6fd, 0xaf9e, 0xaf7e, 0x963b, 0x8539, 0x6b96, 0x73d7, 0x7c98,
0x7bd7, 0x7b77, 0x8b17, 0xb2b9, 0xecbe, 0xd4bc, 0x8235, 0x7a33, 0x59b0, 0x39ae,
0x38eb, 0x30ea, 0x28c9, 0x28c8, 0x2087, 0x29cd, 0x2b75, 0x2ab3, 0x210b, 0x28cb,
0x2950, 0x210d, 0x1845, 0x3069, 0x1845, 0x1024, 0x1024, 0x1023, 0x534e, 0x534e,
0x534e, 0x536e, 0x536e, 0x534e, 0x532e, 0x532d, 0x532d, 0x532d, 0x532e, 0x532e,
0x532e, 0x534e, 0x534e, 0x534e, 0x536e, 0x536e, 0x536e, 0x536e, 0x536e, 0x536e,
0x536e, 0x536e, 0x6c51, 0x74b2, 0x31c7, 0x20e3, 0x3124, 0x3165, 0x3144, 0x3145,
0x3986, 0x2924, 0x41e7, 0x3144, 0x41e7, 0x4a28, 0x5248, 0x41e7, 0x20e3, 0x20e3,
0x3145, 0x2904, 0x20c3, 0x20a2, 0x1861, 0x4269, 0x6c91, 0x63f0, 0x536e, 0x536e,
0x536e, 0x536e, 0x536e, 0x536e, 0x536e, 0x536e, 0x536e, 0x536e, 0x536e, 0x536e,
0x536e, 0x536e, 0x536e, 0x5b6e, 0x536e, 0x5b8e, 0x530c, 0x4aab, 0x4aab, 0x532d,
0x3a6a, 0x3a4a, 0x3a6a, 0x3a6a, 0x42cb, 0x2186, 0x1925, 0x2166, 0x2166, 0x2187,
0x21a7, 0x21c7, 0x29c8, 0x29e8, 0x2a09, 0x2a09, 0x2a29, 0x3249, 0x324a, 0x9576,
0x39e7, 0x0820, 0x18e3, 0x10c3, 0x5247, 0x5246, 0x39e8, 0x4208, 0x4208, 0x4208,
0x52aa, 0x4248, 0x2124, 0x62ea, 0xde12, 0xb4ee, 0x5247, 0x4208, 0x4208, 0x3186,
0x2124, 0x2104, 0x18c3, 0x18a3, 0x1082, 0x1082, 0x6c31, 0x3aec, 0x326b, 0x326b,
0x326a, 0x324a, 0x2a4a, 0x2a29, 0x2a09, 0x2a09, 0x29e8, 0x29e8, 0x21c8, 0x21a7,
0x21a7, 0x2186, 0x2166, 0x2166, 0x1925, 0x3249, 0x42ab, 0x3a6a, 0x3a8a, 0x3a6a,
0x42cb, 0x3229, 0x3186, 0x31a7, 0x31c7, 0x5a08, 0x5a29, 0x3a49, 0x4249, 0x426a,
0x426a, 0x426a, 0x428a, 0x4aab, 0x4aab, 0x530c, 0x532d, 0x534e, 0x5b6e, 0x5b8f,
0x5baf, 0x5bcf, 0x63d0, 0x5baf, 0x74b3, 0x7d55, 0x2166, 0x2145, 0x2966, 0x2145,
0x2966, 0x2986, 0x2986, 0x3208, 0x42ec, 0x3a8b, 0x3a6a, 0x3a6a, 0x3a6a, 0x3a6a,
0x428a, 0x42ab, 0x31c7, 0x2986, 0x2966, 0x2966, 0x2965, 0x2966, 0x2125, 0x3229,
0x85b7, 0x6431, 0x5bd0, 0x5baf, 0x5baf, 0x536e, 0x532d, 0x4b0d, 0x4b0d, 0x4b0d,
0x4b0d, 0x4b0c, 0x4aec, 0x4acb, 0x42cb, 0x728b, 0x5a8b, 0x3a6a, 0x3a29, 0x3a08,
0x31e8, 0x31c7, 0x31c7, 0x31a7, 0x2c52, 0x3639, 0x24b3, 0x1209, 0x1105, 0x10e4,
0x10e4, 0x10e4, 0x10c4, 0x08c3, 0x10e4, 0x1105, 0x1105, 0x1105, 0x2126, 0x71ad,
0xa9d0, 0x50c7, 0x2883, 0x2884, 0x2083, 0x2083, 0x20a4, 0x28a4, 0x28c5, 0x30c5,
0x38c6, 0x48e7, 0x58e8, 0x690a, 0x892c, 0x992e, 0x812c, 0x692a, 0x5909, 0x4928,
0x20e5, 0x48e7, 0x714b, 0x5929, 0x5929, 0x4128, 0x3927, 0x2105, 0x30c6, 0x40e7,
0x614b, 0x9252, 0x8a72, 0x7bd5, 0x54f5, 0x2a8b, 0x19e9, 0x19a8, 0x1126, 0x1126,
0x1946, 0x1126, 0x1126, 0x1126, 0x1126, 0x1126, 0x1126, 0x1126, 0x1146, 0x1967,
0x21c9, 0x222b, 0x2a4b, 0x2a4b, 0x2a4b, 0x2a2a, 0x2884, 0x2064, 0x2063, 0x2063,
0x2884, 0x38a5, 0x60e9, 0x994e, 0xc192, 0xd9d5, 0xd9d5, 0xd9d5, 0xd9d5, 0xd9d5,
0xd1d4, 0xc9b3, 0xb191, 0x914d, 0x792b, 0x896c, 0xb9d1, 0xe236, 0xea37, 0xe236,
0xf1f7, 0xc378, 0x3372, 0x3af1, 0xe214, 0xca34, 0x2bb3, 0x3539, 0x3539, 0x2bb3,
0x367d, 0x3efe, 0x3559, 0x3414, 0x2d99, 0xaa52, 0xfa56, 0x996d, 0x2c75, 0x3538,
0x35ba, 0x2bd3, 0x326d, 0x9272, 0xea77, 0xfa37, 0xd9f4, 0xa98f, 0x794b, 0x5909,
0x6109, 0x814c, 0xb1b1, 0xd9f5, 0xea17, 0xea38, 0xea38, 0xe217, 0xc9d4, 0x996f,
0x58e9, 0x3085, 0x2063, 0x1863, 0x1842, 0x1042, 0x1042, 0x1042, 0x20a3, 0x1882,
0x1882, 0x1882, 0x20a2, 0x20a2, 0x20a2, 0x20a2, 0x20a2, 0x20a2, 0x20a3, 0x2082,
0x59e5, 0xc48b, 0xd58e, 0xccaa, 0xbc29, 0xd56e, 0xe611, 0xde95, 0xc738, 0x75f7,
0x29e9, 0x18e5, 0x1927, 0x2188, 0x29ca, 0x322c, 0x4331, 0x5414, 0x4330, 0x41ec,
0x41ab, 0x1947, 0x10c5, 0x10a4, 0x10a4, 0x0883, 0x0883, 0x0883, 0x10c5, 0x1906,
0x29ca, 0x326d, 0x324c, 0x29aa, 0x2148, 0x10c5, 0x0884, 0x5d56, 0xc718, 0xeed6,
0xee73, 0xe5cf, 0xdd6e, 0xbc29, 0xc46a, 0xdd8e, 0xccec, 0x6226, 0x2082, 0x20a3,
0x20a3, 0x20a2, 0x20a2, 0x20a2, 0x18a2, 0x18a2, 0x1882, 0x1882, 0x18a2, 0x20a2,
0x11e8, 0x11c7, 0x11e8, 0x1209, 0x1208, 0x23ef, 0x1aec, 0x1a8b, 0x232d, 0x234e,
0x236e, 0x2baf, 0x3c72, 0x671b, 0x3410, 0x2229, 0x1146, 0x19a7, 0x19a7, 0x19a7,
0x19c7, 0x21e8, 0x2208, 0x2208, 0x2209, 0x2229, 0x226a, 0x224a, 0x228b, 0x228b,
0x22ab, 0x226a, 0x21e8, 0x226a, 0x230d, 0x228b, 0x226a, 0x3bef, 0x4410, 0x4410,
0x54b3, 0x4c51, 0x4c10, 0x43cf, 0x438e, 0x4c51, 0x3b4d, 0x2a8a, 0x1986, 0x10c3,
0x0041, 0x0021, 0x0041, 0x0861, 0x08a3, 0x1124, 0x1104, 0x44d2, 0x3c30, 0x5617,
0x4e17, 0x1aec, 0x234e, 0x230c, 0x1acb, 0x1a8a, 0x1a49, 0x1a29, 0x1208, 0x1a08,
0x1a29, 0x11e8, 
0x10c4, 0x10c4, 0x10c4, 0x10c4, 0x10e5, 0x1106, 0x1147, 0x1147, 0x1147, 0x1967,
0x19a9, 0x21eb, 0x220b, 0x222c, 0x1a4c, 0x324e, 0x614c, 0x50c9, 0x20c5, 0x10a4,
0x1083, 0x10a4, 0x10e5, 0x18c4, 0x19a8, 0x1cb3, 0x2411, 0x21ea, 0x222b, 0x228d,
0x3a2d, 0x514c, 0x48e9, 0x30c7, 0x20c5, 0x18a4, 0x18a4, 0x10a4, 0x1083, 0x1083,
0x1062, 0x1042, 0x0842, 0x0842, 0x1083, 0x1947, 0x21a9, 0x18e6, 0x1884, 0x3086,
0x8951, 0x6a12, 0x322d, 0x1a2c, 0x220b, 0x19ea, 0x19ca, 0x19a9, 0x19a9, 0x19ca,
0x222c, 0x2a4d, 0x21ca, 0x1147, 0x1106, 0x1106, 0x1126, 0x1126, 0x1105, 0x10c4,
0x08c4, 0x08a4, 0x10a3, 0x10c3, 0x18e3, 0x18e3, 0x18c3, 0x18c3, 0x18c3, 0x10a3,
0x10c3, 0x10c3, 0x10a3, 0x10a3, 0x10a3, 0x10a3, 0x10a3, 0x10a3, 0x10c3, 0x18c3,
0x2104, 0x7a86, 0x3123, 0x18a2, 0x18a2, 0x1882, 0x18c2, 0x20e3, 0x20c3, 0x18a2,
0x1061, 0x1061, 0x1061, 0x1061, 0x1061, 0x1061, 0x1882, 0x18a2, 0x18a2, 0x18a2,
0x18a2, 0x1082, 0x1061, 0x1882, 0x18a2, 0x1882, 0x18c2, 0x3144, 0x3145, 0x3144,
0x2903, 0x18a2, 0x18c3, 0x1881, 0x4c31, 0x43af, 0x10a3, 0x10e4, 0x10a3, 0x10a3,
0x18c3, 0x18c3, 0x18c3, 0x10a3, 0x10a3, 0x10a3, 0x10a3, 0x10a3, 0x10c3, 0x18c3,
0x18c3, 0x18c3, 0x18c3, 0x18e3, 0x32ca, 0x2208, 0x19a7, 0x21c7, 0x21e7, 0x21e8,
0x2208, 0x2228, 0x2249, 0x2269, 0x2269, 0x2a6a, 0x2aaa, 0x2aeb, 0x2aeb, 0x2aeb,
0x330c, 0x330c, 0x332c, 0x332c, 0x3bee, 0x21e7, 0x1062, 0x18e3, 0x20e4, 0x2104,
0x2124, 0x2966, 0x3a08, 0x426a, 0x426a, 0x3a08, 0x3a08, 0x3a29, 0x2966, 0x18c3,
0x18c3, 0x20e4, 0x18e3, 0x1082, 0x18a2, 0x18c3, 0x2104, 0x29a6, 0x31e8, 0x2965,
0x2104, 0x18c3, 0x18e3, 0x3bad, 0x3bae, 0x330c, 0x332c, 0x332c, 0x330c, 0x330c,
0x330c, 0x330c, 0x2acb, 0x2a8a, 0x2a6a, 0x2269, 0x2249, 0x2249, 0x2228, 0x2208,
0x2208, 0x21e8, 0x21c7, 0x2a49, 0x32ca, 0x2a08, 0x1045, 0x2067, 0x28c9, 0x18c7,
0x1886, 0x2066, 0x2067, 0x2067, 0x2087, 0x2087, 0x20a8, 0x30e9, 0x30ca, 0x38ec,
0x38ec, 0x40ec, 0x492e, 0x6111, 0x99b7, 0xf63e, 0xf59e, 0xcb5c, 0x9277, 0x6a74,
0x6314, 0x6b96, 0x7437, 0x8559, 0x965c, 0x9edd, 0x967c, 0x8539, 0x8d7a, 0xa75e,
0xafbf, 0xa73d, 0x8d7a, 0x8ddb, 0x9e9d, 0x95fb, 0x7cf9, 0x6335, 0x6bf6, 0x8559,
0x7d19, 0x6c37, 0x6335, 0x8a97, 0xb2ba, 0xec9d, 0xbc1a, 0x6932, 0x5951, 0x416e,
0x38ec, 0x30ea, 0x28c9, 0x28c8, 0x2087, 0x29ad, 0x3335, 0x2bd5, 0x29ed, 0x28ab,
0x2950, 0x20cb, 0x1845, 0x3069, 0x1044, 0x1024, 0x1024, 0x1023, 0x536e, 0x536e,
0x536e, 0x536e, 0x5b8e, 0x5b8e, 0x5b8e, 0x538e, 0x536e, 0x536e, 0x536e, 0x536e,
0x536e, 0x536e, 0x536e, 0x538e, 0x538e, 0x538e, 0x538e, 0x5b8e, 0x5b8e, 0x5b8f,
0x538e, 0x5bcf, 0x74d3, 0x3165, 0x1862, 0x20a3, 0x2904, 0x2924, 0x20e3, 0x2904,
0x2904, 0x2904, 0x2924, 0x2924, 0x3145, 0x3165, 0x3165, 0x20e3, 0x2924, 0x39a6,
0x2904, 0x20c3, 0x20c3, 0x20c3, 0x1882, 0x31a6, 0x5b8e, 0x6c51, 0x5bcf, 0x538e,
0x5b8e, 0x5b8e, 0x5b8e, 0x5b8e, 0x5b8e, 0x5b8e, 0x5b8e, 0x5b8e, 0x5b8e, 0x5b8e,
0x5b8e, 0x5b8e, 0x5b8e, 0x5b8e, 0x5b8e, 0x5baf, 0x530c, 0x4aab, 0x4aab, 0x532d,
0x42ab, 0x3a8a, 0x42ab, 0x42ab, 0x42ec, 0x2187, 0x1925, 0x2146, 0x2166, 0x2186,
0x2187, 0x21a7, 0x21a7, 0x29c8, 0x29e8, 0x29e8, 0x2a09, 0x29e8, 0x3aab, 0x9db7,
0x1904, 0x2103, 0x2944, 0x10c3, 0x5247, 0x39a5, 0x18e3, 0x2104, 0x2944, 0x3165,
0x2924, 0x1082, 0x41a5, 0xac4b, 0x734a, 0x3186, 0x4249, 0x5acb, 0x4a69, 0x3186,
0x2104, 0x18e4, 0x10a3, 0x1082, 0x1082, 0x0862, 0x42ab, 0x6c72, 0x2a29, 0x326a,
0x324a, 0x324a, 0x2a29, 0x2a09, 0x2a09, 0x29e8, 0x29c8, 0x21c7, 0x21a7, 0x2187,
0x2186, 0x2166, 0x2166, 0x2146, 0x1925, 0x3a6a, 0x4b0c, 0x42ab, 0x42ab, 0x42ab,
0x4b2d, 0x3a69, 0x3186, 0x31a7, 0x31c7, 0x5a08, 0x6229, 0x3a49, 0x4249, 0x426a,
0x426a, 0x426a, 0x428a, 0x4aab, 0x4aab, 0x530c, 0x532d, 0x534e, 0x5b6e, 0x5b8e,
0x5baf, 0x5baf, 0x5baf, 0x5bcf, 0x7d96, 0x3a69, 0x2125, 0x2966, 0x2946, 0x2145,
0x2986, 0x31c7, 0x29c7, 0x3229, 0x4b6e, 0x4b4e, 0x4b4e, 0x4b4e, 0x4b4d, 0x430c,
0x42ec, 0x4b0c, 0x31e8, 0x29c7, 0x29a6, 0x2966, 0x2966, 0x2966, 0x2986, 0x2124,
0x4b0c, 0x7535, 0x5baf, 0x5baf, 0x5b8f, 0x536e, 0x532d, 0x4b0d, 0x4b0d, 0x4b0d,
0x4b0c, 0x4aec, 0x4acc, 0x4acb, 0x42ab, 0x728b, 0x5a8a, 0x3a6a, 0x4229, 0x3a08,
0x39e8, 0x31c7, 0x31c7, 0x31c7, 0x2c32, 0x3639, 0x24b3, 0x1209, 0x1105, 0x10e4,
0x10e4, 0x10e4, 0x10c4, 0x08c3, 0x08e4, 0x1105, 0x3148, 0x4949, 0x798d, 0xa94f,
0x68c8, 0x50c7, 0x3084, 0x1863, 0x2083, 0x2084, 0x20a4, 0x28a4, 0x28a4, 0x30a5,
0x38a5, 0x40c6, 0x48e7, 0x50e8, 0x6109, 0x692a, 0x692a, 0x692a, 0x5149, 0x4169,
0x3168, 0x1905, 0x20c4, 0x4169, 0x3989, 0x3168, 0x2947, 0x2126, 0x2106, 0x2926,
0x3107, 0x49ec, 0x3989, 0x596b, 0x7ad1, 0x5cd5, 0x226b, 0x08e5, 0x1146, 0x1146,
0x1946, 0x1126, 0x1126, 0x1126, 0x1126, 0x1126, 0x1126, 0x1126, 0x1126, 0x1146,
0x21c9, 0x2a2b, 0x2a4b, 0x2a4b, 0x2a6c, 0x2a2b, 0x2884, 0x2084, 0x2063, 0x2063,
0x2884, 0x38a5, 0x60e9, 0x914d, 0xb991, 0xc9b3, 0xd1d4, 0xd1d4, 0xd1d4, 0xd1d4,
0xd1d4, 0xc9b3, 0xa990, 0x894d, 0x792b, 0x896c, 0xb9d2, 0xe236, 0xea37, 0xea37,
0xf217, 0xdb18, 0x44d7, 0x2c55, 0xba32, 0xea55, 0x3ad0, 0x2414, 0x2c76, 0x2b72,
0x3519, 0x2cf8, 0x3496, 0x2bf3, 0x3558, 0xca13, 0xfa98, 0x99f0, 0x2351, 0x3579,
0x3371, 0x2128, 0x18c6, 0x5acf, 0xbb16, 0xda76, 0xd214, 0xa1b0, 0x794b, 0x5909,
0x6109, 0x814c, 0xa990, 0xd1d4, 0xda16, 0xe216, 0xe216, 0xd9f5, 0xc1b3, 0x914e,
0x58e8, 0x3085, 0x2063, 0x1863, 0x1843, 0x1042, 0x1042, 0x1042, 0x30e3, 0x20a3,
0x1882, 0x1882, 0x1882, 0x1882, 0x2082, 0x20a2, 0x2082, 0x2082, 0x28a3, 0x2083,
0x59e5, 0xc48b, 0xddb0, 0xddaf, 0xdd8e, 0xe653, 0xde33, 0xbe34, 0x86fa, 0x32cc,
0x10c4, 0x1947, 0x2188, 0x29aa, 0x322c, 0x4351, 0x5435, 0x4b72, 0x322c, 0x21a9,
0x3169, 0x2928, 0x10e6, 0x10a4, 0x0883, 0x1083, 0x10a4, 0x10c5, 0x1927, 0x21a9,
0x326d, 0x4372, 0x3aef, 0x29eb, 0x2188, 0x1927, 0x10a4, 0x1967, 0x7659, 0xc654,
0xddd1, 0xe653, 0xeeb5, 0xddaf, 0xdd8f, 0xddd0, 0xccec, 0x6226, 0x2082, 0x20a3,
0x2082, 0x20a2, 0x20a2, 0x20a2, 0x1882, 0x1882, 0x1882, 0x1882, 0x20a2, 0x30e3,
0x1a09, 0x11e8, 0x1208, 0x1a49, 0x1a49, 0x2d74, 0x238e, 0x22cc, 0x2baf, 0x238e,
0x2baf, 0x2bcf, 0x4d75, 0x66da, 0x2b6e, 0x19c7, 0x1986, 0x2249, 0x19c7, 0x19c7,
0x19c7, 0x19e8, 0x2208, 0x2208, 0x2229, 0x2249, 0x224a, 0x226a, 0x228b, 0x228b,
0x226a, 0x19e8, 0x1a09, 0x22cc, 0x1a4a, 0x2acb, 0x4451, 0x4c92, 0x4c72, 0x54d3,
0x54b2, 0x4c72, 0x4cb3, 0x2aab, 0x3b6d, 0x2a69, 0x10e3, 0x0041, 0x0020, 0x0021,
0x0041, 0x0061, 0x0041, 0x0041, 0x0021, 0x0020, 0x0861, 0x2208, 0x5638, 0x4513,
0x5f1b, 0x236e, 0x234e, 0x234d, 0x1aec, 0x1aab, 0x1a6a, 0x1a29, 0x1208, 0x1a49,
0x1a49, 0x1208, 
0x10e4, 0x10e5, 0x10e5, 0x10e5, 0x1105, 0x1126, 0x1147, 0x1147, 0x1147, 0x1167,
0x11a8, 0x19ea, 0x222c, 0x320c, 0x41ed, 0x512a, 0x30a6, 0x1083, 0x1083, 0x18c4,
0x1905, 0x1906, 0x10a4, 0x11c8, 0x1cb4, 0x1acc, 0x10e4, 0x21a9, 0x5a10, 0x9192,
0x810f, 0x490a, 0x2127, 0x1926, 0x1926, 0x1905, 0x18c5, 0x10a3, 0x1083, 0x1083,
0x1063, 0x1063, 0x0842, 0x0842, 0x10a3, 0x1905, 0x1968, 0x1927, 0x18a5, 0x1884,
0x70ec, 0x91d3, 0x322e, 0x222c, 0x220b, 0x19ea, 0x19c9, 0x19a9, 0x19a9, 0x19ca,
0x222c, 0x2a4d, 0x21ea, 0x1147, 0x1126, 0x1126, 0x1126, 0x1126, 0x1106, 0x10e5,
0x10c4, 0x10c4, 0x10a3, 0x18c3, 0x18e3, 0x18e3, 0x18c3, 0x18c3, 0x2104, 0x3985,
0x10a3, 0x10c3, 0x10c3, 0x18c3, 0x10c3, 0x10a3, 0x10a3, 0x10a3, 0x18c3, 0x10a3,
0x49a5, 0x7a85, 0x3943, 0x20c2, 0x18a2, 0x18c3, 0x18c3, 0x18a2, 0x1081, 0x1061,
0x18c2, 0x2903, 0x3965, 0x41c6, 0x41a6, 0x3165, 0x20e3, 0x1061, 0x1081, 0x1061,
0x18a2, 0x3144, 0x4a07, 0x5a68, 0x5227, 0x3144, 0x20c3, 0x18a2, 0x20c3, 0x20e3,
0x2924, 0x20e3, 0x2104, 0x29a6, 0x326a, 0x6576, 0x1946, 0x10c4, 0x10c4, 0x10a3,
0x18c3, 0x18c3, 0x18c3, 0x10a3, 0x10a3, 0x10a3, 0x10a3, 0x10a3, 0x18c3, 0x18c3,
0x18c3, 0x18c3, 0x18e3, 0x18e3, 0x330b, 0x2248, 0x19c7, 0x21e7, 0x21e8, 0x2208,
0x2228, 0x2228, 0x2249, 0x2269, 0x2a69, 0x2a8a, 0x2acb, 0x2aeb, 0x2aeb, 0x330b,
0x330c, 0x332c, 0x330c, 0x3bae, 0x32ca, 0x1082, 0x18c3, 0x18e3, 0x18e3, 0x2104,
0x2965, 0x31e7, 0x3a29, 0x3a49, 0x3a29, 0x426a, 0x3a28, 0x18e3, 0x1061, 0x1081,
0x1081, 0x1082, 0x18c3, 0x18c3, 0x20c2, 0x18a2, 0x20e4, 0x29a6, 0x31e8, 0x2966,
0x2104, 0x18e3, 0x18a2, 0x21a6, 0x442f, 0x334d, 0x334c, 0x332c, 0x332c, 0x330c,
0x330c, 0x330c, 0x2acb, 0x2a8a, 0x2a8a, 0x2269, 0x2269, 0x2249, 0x2249, 0x2228,
0x2208, 0x2208, 0x21e7, 0x2a89, 0x32eb, 0x2a28, 0x1865, 0x2887, 0x2888, 0x20a7,
0x2087, 0x2888, 0x2068, 0x2067, 0x2087, 0x2087, 0x20a8, 0x28a8, 0x30ca, 0x38ec,
0x38ec, 0x492e, 0x6171, 0x7954, 0xe4fd, 0xe4be, 0xba7b, 0xa298, 0x7ad5, 0x62f4,
0x6375, 0x6bf6, 0x7498, 0x7cf9, 0x8d7a, 0x9e9c, 0xaf5e, 0xaf5e, 0x8ddb, 0x74b8,
0x963b, 0x965c, 0x8d7a, 0x6c16, 0x7cd9, 0x8519, 0x7457, 0x5af3, 0x7457, 0x963c,
0x8539, 0x6bf6, 0x6355, 0x62d4, 0x8ab6, 0xc2da, 0xec7e, 0xc3fb, 0x6952, 0x512f,
0x410c, 0x30ea, 0x28c9, 0x28c9, 0x2087, 0x2a2e, 0x3437, 0x35fa, 0x2b50, 0x2027,
0x20a7, 0x1865, 0x1845, 0x2868, 0x1044, 0x1044, 0x1024, 0x1023, 0x5b6e, 0x5b8e,
0x5b8e, 0x5b8e, 0x5b8f, 0x5b8f, 0x5baf, 0x5baf, 0x5baf, 0x5b8f, 0x5b8f, 0x5b8f,
0x5b8f, 0x5b8f, 0x5b8f, 0x5b8f, 0x5b8f, 0x5b8f, 0x5b8f, 0x5b8f, 0x5b8f, 0x5baf,
0x536e, 0x74b3, 0x6c0f, 0x1882, 0x3165, 0x2924, 0x18a2, 0x18a2, 0x20e3, 0x20e3,
0x20e3, 0x2903, 0x28e3, 0x2904, 0x20e3, 0x18a2, 0x1082, 0x1882, 0x2924, 0x20e3,
0x18a2, 0x18a2, 0x20a2, 0x20c3, 0x1882, 0x20e3, 0x74d2, 0x6c72, 0x536e, 0x5baf,
0x5baf, 0x5baf, 0x5baf, 0x5baf, 0x5baf, 0x5baf, 0x5baf, 0x5baf, 0x5baf, 0x5b8f,
0x5baf, 0x5baf, 0x5baf, 0x5baf, 0x5baf, 0x5baf, 0x530c, 0x4aab, 0x4acb, 0x534d,
0x4b2d, 0x42cb, 0x42ec, 0x4b0c, 0x536e, 0x2187, 0x1904, 0x1945, 0x1945, 0x2166,
0x2166, 0x2186, 0x21a7, 0x21a7, 0x29c8, 0x29e8, 0x2a08, 0x21c8, 0x6c51, 0x5b8e,
0x2104, 0x2124, 0x4207, 0x18c3, 0x3185, 0x2924, 0x18c3, 0x18c3, 0x2103, 0x2103,
0x1082, 0x3164, 0x5a25, 0x20e3, 0x1082, 0x2945, 0x39c6, 0x2944, 0x3164, 0x6ac9,
0x942c, 0x6aa7, 0x3984, 0x2923, 0x18c2, 0x1061, 0x2145, 0x8d75, 0x536e, 0x21e8,
0x324a, 0x2a29, 0x2a09, 0x29e8, 0x29e8, 0x21c7, 0x21a7, 0x21a7, 0x2187, 0x2166,
0x1966, 0x1946, 0x1945, 0x1945, 0x1104, 0x3aab, 0x538e, 0x4b0d, 0x4b0d, 0x4b2d,
0x6410, 0x42ab, 0x3186, 0x31a7, 0x31c7, 0x6208, 0x6229, 0x4249, 0x4249, 0x426a,
0x426a, 0x426a, 0x4a8a, 0x4aab, 0x4aab, 0x530c, 0x532d, 0x534d, 0x5b6e, 0x5b6e,
0x5b8f, 0x5baf, 0x5b8e, 0x6c72, 0x6451, 0x2104, 0x2945, 0x2125, 0x2946, 0x2966,
0x2986, 0x31e8, 0x3208, 0x3a8a, 0x5c31, 0x6c93, 0x6cb3, 0x5c31, 0x5c31, 0x5c10,
0x5c11, 0x5bcf, 0x3a49, 0x3208, 0x31c7, 0x2986, 0x2986, 0x2966, 0x2945, 0x2945,
0x2966, 0x74f4, 0x6411, 0x5b8f, 0x538e, 0x536e, 0x532d, 0x4b0d, 0x4b0d, 0x4b0c,
0x4b0c, 0x4aec, 0x4acb, 0x4acb, 0x42ab, 0x728b, 0x528a, 0x3a6a, 0x4229, 0x3a08,
0x39e8, 0x31c7, 0x31c7, 0x31c7, 0x2432, 0x3639, 0x24b3, 0x1209, 0x1105, 0x10e4,
0x10e4, 0x10e4, 0x10c4, 0x08c3, 0x20e5, 0x3928, 0x3128, 0x518b, 0xa16f, 0x68e9,
0x60e8, 0x3084, 0x2063, 0x2884, 0x2884, 0x2884, 0x28a4, 0x28c5, 0x30c5, 0x38e6,
0x48e7, 0x58e8, 0x710a, 0x892d, 0x892c, 0x690a, 0x4908, 0x3107, 0x3106, 0x2947,
0x2947, 0x2126, 0x18c4, 0x10a3, 0x2967, 0x2126, 0x2105, 0x2126, 0x2126, 0x18e4,
0x2146, 0x2927, 0x30c6, 0x38c7, 0x3aad, 0x4c52, 0x5577, 0x336f, 0x1126, 0x1146,
0x1947, 0x1146, 0x1126, 0x1126, 0x1126, 0x1126, 0x1126, 0x1126, 0x1126, 0x1146,
0x21c9, 0x2a4b, 0x2a6c, 0x2a6c, 0x2a6c, 0x2a4b, 0x2884, 0x2084, 0x2063, 0x2063,
0x2884, 0x38a5, 0x50e8, 0x812c, 0xa16f, 0xb191, 0xb191, 0xb991, 0xb991, 0xb991,
0xb9b1, 0xb190, 0x996e, 0x814c, 0x712b, 0x894c, 0xb9d2, 0xe236, 0xea37, 0xea37,
0xea37, 0xfa98, 0x7cb9, 0x1455, 0x720e, 0xd190, 0x59ce, 0x1acf, 0x2b52, 0x228f,
0x2b52, 0x2331, 0x2b52, 0x2371, 0x3bb4, 0xd191, 0xe9f4, 0x716c, 0x2331, 0x22ef,
0x1864, 0x1907, 0x21cb, 0x2a6d, 0xa3f7, 0xea57, 0xd1f4, 0xa9b0, 0x794b, 0x6109,
0x5908, 0x712a, 0x916e, 0xb1b1, 0xb9b2, 0xc1d3, 0xb9b2, 0xb1b1, 0xa16f, 0x792b,
0x48c7, 0x3084, 0x2063, 0x1863, 0x1863, 0x1842, 0x1042, 0x1042, 0x3924, 0x28e3,
0x20a2, 0x1882, 0x1882, 0x20a2, 0x20a2, 0x20a3, 0x2082, 0x2082, 0x28a3, 0x2883,
0x59e5, 0xc4ac, 0xe612, 0xd5b1, 0xbc8c, 0xbc8c, 0xb50e, 0x9697, 0x3bd0, 0x0863,
0x1906, 0x2168, 0x29a9, 0x2a0b, 0x4331, 0x4bd3, 0x4330, 0x328d, 0x322c, 0x29aa,
0x1948, 0x2927, 0x18e5, 0x10c4, 0x0883, 0x20e4, 0x18c4, 0x10e6, 0x2168, 0x328e,
0x4bd3, 0x4b72, 0x3a8e, 0x2a0b, 0x2189, 0x1947, 0x1906, 0x1063, 0x2aec, 0x8eda,
0xc54f, 0xc4ed, 0xc4ad, 0xc4ac, 0xd5d2, 0xe653, 0xd50d, 0x6226, 0x2082, 0x28a3,
0x20a3, 0x20a2, 0x20a3, 0x20c3, 0x20a2, 0x1882, 0x1882, 0x20a2, 0x28e3, 0x3924,
0x1a29, 0x1209, 0x1a29, 0x1a6a, 0x1aec, 0x1a6a, 0x1aab, 0x232d, 0x2bcf, 0x2baf,
0x2bf0, 0x2bd0, 0x5e78, 0x5e38, 0x2b0c, 0x1986, 0x226a, 0x2229, 0x19a7, 0x19a7,
0x19c8, 0x19e8, 0x2208, 0x2208, 0x2229, 0x2229, 0x224a, 0x226a, 0x224a, 0x2249,
0x1a08, 0x19a7, 0x224a, 0x1a29, 0x2aec, 0x4431, 0x4430, 0x4c72, 0x5514, 0x54b2,
0x4c92, 0x5595, 0x3bae, 0x1945, 0x10e3, 0x0021, 0x0041, 0x0862, 0x0861, 0x0862,
0x0861, 0x0061, 0x0861, 0x0861, 0x0061, 0x0041, 0x0041, 0x0862, 0x3c51, 0x55f7,
0x5658, 0x3d14, 0x230d, 0x230c, 0x1aab, 0x1a6a, 0x1a49, 0x1a29, 0x1a09, 0x1a49,
0x1a69, 0x1208, 
0x1105, 0x1105, 0x1105, 0x1106, 0x1126, 0x1126, 0x1126, 0x1146, 0x1947, 0x3149,
0x416b, 0x416b, 0x4129, 0x30c6, 0x2084, 0x1083, 0x0882, 0x1083, 0x10a3, 0x10a4,
0x10a3, 0x1062, 0x1166, 0x134f, 0x1167, 0x18c5, 0x518d, 0xa9f5, 0xb9d6, 0x618e,
0x220a, 0x222b, 0x21a9, 0x2167, 0x2126, 0x18e5, 0x10a4, 0x10a4, 0x18c4, 0x1083,
0x1063, 0x1063, 0x1062, 0x1063, 0x18c4, 0x21a9, 0x21a9, 0x18e6, 0x10a4, 0x28a5,
0x38a7, 0xb173, 0x6a11, 0x122b, 0x21eb, 0x19ca, 0x19a9, 0x19a9, 0x19a9, 0x19ca,
0x222c, 0x2a6d, 0x21ea, 0x1967, 0x1126, 0x1126, 0x1126, 0x1126, 0x1106, 0x1105,
0x10e5, 0x10e5, 0x10c3, 0x18c3, 0x18e3, 0x18e3, 0x18c3, 0x18c3, 0x18e4, 0x3164,
0x10c3, 0x10c3, 0x10a3, 0x18e3, 0x18c3, 0x10a3, 0x10a3, 0x10c3, 0x18c3, 0x18c3,
0x7266, 0x8ac6, 0x2902, 0x18a2, 0x20c3, 0x18a2, 0x1882, 0x1061, 0x20c3, 0x5a48,
0x834b, 0x8bad, 0x93ee, 0x9c6f, 0xa490, 0x9c90, 0x944f, 0x734b, 0x62ca, 0x62ca,
0x8c0e, 0xa490, 0xa4b0, 0xa470, 0x9c0e, 0x8bad, 0x834b, 0x49e6, 0x18a2, 0x1882,
0x1882, 0x18a2, 0x18c2, 0x432d, 0x3aab, 0x5d56, 0x328b, 0x10a3, 0x10e4, 0x10a3,
0x10c3, 0x18c3, 0x18c3, 0x10a3, 0x10a3, 0x10a3, 0x10a3, 0x10c3, 0x18c3, 0x18c3,
0x18e3, 0x18e3, 0x18e3, 0x18e3, 0x334c, 0x2a69, 0x21e7, 0x2208, 0x2208, 0x2228,
0x2228, 0x2249, 0x2249, 0x2a69, 0x2a69, 0x2a8a, 0x2acb, 0x2aeb, 0x32eb, 0x330b,
0x330c, 0x330c, 0x332c, 0x3bce, 0x1924, 0x10a2, 0x18c3, 0x18c3, 0x2104, 0x2925,
0x2966, 0x31c7, 0x3a08, 0x3a29, 0x428a, 0x3a28, 0x18c3, 0x1061, 0x1082, 0x1082,
0x1082, 0x1082, 0x1082, 0x18c3, 0x20e3, 0x20e3, 0x2966, 0x3a29, 0x3a49, 0x2966,
0x2104, 0x18e4, 0x18c3, 0x10a2, 0x3b2b, 0x3bce, 0x330c, 0x332c, 0x332c, 0x330c,
0x332c, 0x330c, 0x2acb, 0x2a8a, 0x2a8a, 0x2a8a, 0x2a69, 0x2269, 0x2249, 0x2249,
0x2228, 0x2228, 0x2208, 0x2aaa, 0x332c, 0x2a48, 0x1865, 0x1846, 0x1846, 0x2087,
0x2087, 0x2067, 0x2067, 0x2067, 0x2087, 0x20a7, 0x28a8, 0x28a8, 0x30ca, 0x40ec,
0x40ec, 0x6130, 0x7954, 0xdcbc, 0xec9e, 0xc25b, 0xbb1a, 0x82f5, 0x5a92, 0x5ab3,
0x5af3, 0x5b13, 0x6395, 0x7477, 0x8ddb, 0xa73d, 0xaf9e, 0xa73d, 0x965c, 0x7cf8,
0x6c16, 0x7cd8, 0x7cb8, 0x6c17, 0x6395, 0x6c37, 0x6395, 0x6374, 0x965c, 0x9edd,
0x8d9a, 0x73f6, 0x6355, 0x62d3, 0x7254, 0x8a56, 0xbafa, 0xfd9f, 0xbb79, 0x5910,
0x410d, 0x38eb, 0x28c9, 0x28c9, 0x2888, 0x21ec, 0x2bd2, 0x2c73, 0x220c, 0x2047,
0x2087, 0x1845, 0x2067, 0x408b, 0x1845, 0x1044, 0x1024, 0x1023, 0x5b8f, 0x5baf,
0x5baf, 0x5baf, 0x5bcf, 0x5baf, 0x5baf, 0x5baf, 0x5baf, 0x5baf, 0x5baf, 0x5baf,
0x5baf, 0x5baf, 0x5baf, 0x5baf, 0x5baf, 0x5baf, 0x5baf, 0x5baf, 0x5baf, 0x5bcf,
0x5b8e, 0x7d14, 0x4a8a, 0x2904, 0x39a7, 0x3145, 0x20c3, 0x3964, 0x20c3, 0x1882,
0x1061, 0x1062, 0x20c3, 0x28e3, 0x20c2, 0x1882, 0x1882, 0x1082, 0x1061, 0x1882,
0x20c3, 0x20c3, 0x1082, 0x18a2, 0x20e4, 0x1862, 0x4269, 0x8575, 0x5bcf, 0x5baf,
0x5baf, 0x5baf, 0x5baf, 0x5baf, 0x5bcf, 0x5bcf, 0x5baf, 0x5baf, 0x5baf, 0x5baf,
0x5baf, 0x5baf, 0x5bcf, 0x5baf, 0x5baf, 0x63af, 0x530d, 0x4aab, 0x4acb, 0x534e,
0x63f0, 0x532d, 0x534e, 0x5bcf, 0x6410, 0x2186, 0x10e4, 0x1925, 0x1925, 0x1945,
0x1945, 0x2146, 0x2146, 0x2186, 0x2166, 0x2187, 0x1966, 0x4b0c, 0x52eb, 0x0000,
0x18e3, 0x18e3, 0x39c6, 0x2924, 0x18a2, 0x20e3, 0x10a2, 0x18a2, 0x20e3, 0x1082,
0x20e2, 0x4184, 0x1082, 0x1082, 0x10a2, 0x10a2, 0x1061, 0x18c2, 0x3143, 0x3984,
0x3164, 0x2923, 0x2103, 0x20c2, 0x18c2, 0x20c2, 0x1041, 0x2124, 0x7471, 0x2a09,
0x21a7, 0x21a7, 0x2187, 0x2187, 0x2166, 0x2187, 0x2186, 0x1946, 0x2166, 0x1946,
0x1945, 0x1925, 0x1925, 0x1925, 0x10e4, 0x42ec, 0x6451, 0x53af, 0x538f, 0x63f0,
0x74d3, 0x4aec, 0x3186, 0x31a7, 0x31c7, 0x6208, 0x6229, 0x4249, 0x4249, 0x4249,
0x426a, 0x426a, 0x4a6a, 0x4aab, 0x4aab, 0x52ec, 0x532d, 0x534d, 0x534e, 0x5b6e,
0x5b8e, 0x5b8f, 0x534e, 0x7d55, 0x5bf0, 0x18e4, 0x2945, 0x2125, 0x2945, 0x2986,
0x29c7, 0x3209, 0x3229, 0x3229, 0x8555, 0xaf1c, 0xa6bb, 0x9e9a, 0x9eba, 0x9e79,
0x9639, 0x63f0, 0x3a29, 0x3a29, 0x31e8, 0x29a6, 0x2987, 0x2966, 0x2145, 0x2945,
0x18e4, 0x7514, 0x74b3, 0x534e, 0x536e, 0x534d, 0x530d, 0x4b0d, 0x4b0c, 0x4b0c,
0x4aec, 0x4aec, 0x4acb, 0x4aab, 0x42ab, 0x6a8a, 0x528a, 0x3a49, 0x4208, 0x39e8,
0x39e8, 0x31c7, 0x31c7, 0x31c7, 0x2c52, 0x3639, 0x24b3, 0x1209, 0x1105, 0x10e4,
0x10e4, 0x10e4, 0x10c4, 0x18e5, 0x2906, 0x1105, 0x3127, 0x898e, 0x912c, 0x710a,
0x4085, 0x3885, 0x3885, 0x3084, 0x30a4, 0x30a5, 0x38a5, 0x40c6, 0x48c7, 0x60e9,
0x710a, 0x792b, 0x892c, 0x994e, 0x814d, 0x714c, 0x616b, 0x4189, 0x2988, 0x2126,
0x18e4, 0x18c4, 0x18c4, 0x10a3, 0x10a3, 0x18e5, 0x18a3, 0x18e4, 0x1905, 0x18c4,
0x1905, 0x2106, 0x2146, 0x2105, 0x2105, 0x2988, 0x43b0, 0x5e39, 0x2b0d, 0x1106,
0x1967, 0x1146, 0x1126, 0x1126, 0x1126, 0x1946, 0x1126, 0x1126, 0x1126, 0x1146,
0x21c9, 0x2a4b, 0x2a6c, 0x2a6c, 0x2a6c, 0x2a4b, 0x3085, 0x2084, 0x2064, 0x2064,
0x2084, 0x3085, 0x40c6, 0x6109, 0x712b, 0x812c, 0x812c, 0x814c, 0x894d, 0x894d,
0x894d, 0x894c, 0x792b, 0x712a, 0x712a, 0x814c, 0xb9d1, 0xe236, 0xea37, 0xea37,
0xea58, 0xfa58, 0xe379, 0x42f0, 0x198a, 0x810a, 0x712a, 0x19cc, 0x224e, 0x21cb,
0x220d, 0x222d, 0x222d, 0x1a8f, 0x41ed, 0xb12e, 0xa90e, 0x416a, 0x224e, 0x20a5,
0x1884, 0x18a5, 0x2148, 0x222d, 0x3b10, 0xb3b8, 0xd255, 0xa990, 0x794b, 0x6109,
0x58e8, 0x5909, 0x692a, 0x794c, 0x814d, 0x894d, 0x814d, 0x814c, 0x712a, 0x50e8,
0x38a6, 0x2884, 0x2063, 0x1863, 0x1863, 0x1863, 0x1842, 0x1842, 0x3924, 0x3103,
0x20c3, 0x1882, 0x1882, 0x20a2, 0x28c3, 0x20a3, 0x2082, 0x28a3, 0x30a3, 0x2883,
0x5a06, 0xbc4b, 0xb42b, 0xabc9, 0xbcac, 0xcdf2, 0xbf59, 0x4c10, 0x0843, 0x1906,
0x1927, 0x2168, 0x29ea, 0x4351, 0x3aae, 0x1926, 0x0884, 0x0863, 0x0884, 0x10e5,
0x1927, 0x1906, 0x18e5, 0x0884, 0x20c4, 0x18c4, 0x10c5, 0x2148, 0x29ea, 0x326d,
0x4b92, 0x4b72, 0x424d, 0x49cc, 0x2989, 0x1947, 0x1906, 0x10e5, 0x1083, 0x5d55,
0xc7dd, 0xe6b6, 0xd56e, 0xc48b, 0xabea, 0xb46c, 0xc4ac, 0x6a26, 0x2883, 0x30c3,
0x28a3, 0x2083, 0x20a3, 0x28c3, 0x20a2, 0x1882, 0x1882, 0x20c3, 0x3103, 0x3924,
0x1a29, 0x1208, 0x1a29, 0x1a8a, 0x1a6a, 0x1aab, 0x22ec, 0x234d, 0x2baf, 0x2bf0,
0x2c10, 0x2c31, 0x671b, 0x4d95, 0x22ab, 0x2b0c, 0x2b4d, 0x1987, 0x19a7, 0x19c7,
0x19c8, 0x19e8, 0x21e8, 0x2208, 0x2209, 0x2229, 0x2229, 0x2229, 0x2229, 0x1a09,
0x19a7, 0x19c7, 0x2229, 0x332d, 0x43f0, 0x4410, 0x4c92, 0x4c92, 0x5514, 0x54f3,
0x5575, 0x3bef, 0x10e4, 0x0861, 0x0041, 0x0061, 0x0862, 0x0882, 0x0861, 0x10a3,
0x0882, 0x0861, 0x0861, 0x0861, 0x0862, 0x0861, 0x0041, 0x0041, 0x1125, 0x55d6,
0x5638, 0x5679, 0x238e, 0x230d, 0x1acc, 0x1a8b, 0x1a49, 0x1a29, 0x1a08, 0x1a08,
0x1a08, 0x11e8, 
0x1105, 0x1105, 0x1105, 0x1105, 0x1105, 0x1105, 0x1106, 0x1126, 0x1147, 0x2168,
0x518c, 0x696e, 0x610b, 0x48c9, 0x40c7, 0x2885, 0x2084, 0x1063, 0x0862, 0x0862,
0x0842, 0x1146, 0x12ac, 0x10e4, 0x28a6, 0x7950, 0xb9d7, 0x89d2, 0x29ca, 0x1b0e,
0x2b50, 0x2a6d, 0x2a0b, 0x2167, 0x1905, 0x1905, 0x1906, 0x18e5, 0x10a3, 0x10a4,
0x10a3, 0x1062, 0x1062, 0x1063, 0x18c5, 0x21eb, 0x21eb, 0x1906, 0x1083, 0x1063,
0x3887, 0x892f, 0xb1f5, 0x2a0c, 0x19eb, 0x19ca, 0x19a9, 0x19a9, 0x19a9, 0x19ca,
0x222c, 0x2a6d, 0x21ea, 0x1947, 0x1126, 0x1105, 0x1105, 0x1105, 0x1105, 0x10e5,
0x10e5, 0x10e5, 0x10c3, 0x18c3, 0x18e3, 0x18e3, 0x18e3, 0x18e3, 0x18e3, 0x10c3,
0x18c3, 0x10c3, 0x10c4, 0x10a3, 0x10a3, 0x10a3, 0x10a3, 0x18c3, 0x18c3, 0x20e3,
0xa367, 0x7265, 0x1062, 0x20c2, 0x1882, 0x1882, 0x1082, 0x28e3, 0x6aa9, 0x93cd,
0x93ed, 0x940e, 0x9c4f, 0x9c90, 0xa4b1, 0xa4f2, 0xad32, 0xb553, 0xb553, 0xb553,
0xad33, 0xacf2, 0xa4d1, 0xa490, 0x9c4f, 0x9c2e, 0x9bee, 0x93ad, 0x5207, 0x18a2,
0x18a2, 0x18a2, 0x1061, 0x29c7, 0x5472, 0x5d76, 0x43af, 0x10a3, 0x10e4, 0x10c4,
0x10a3, 0x10a3, 0x10a3, 0x10a3, 0x10a3, 0x10a3, 0x10a3, 0x18c4, 0x18e4, 0x18e3,
0x20e3, 0x20e3, 0x20e3, 0x20e3, 0x3b6d, 0x2a8a, 0x2208, 0x2228, 0x2228, 0x2229,
0x2249, 0x2269, 0x2a69, 0x2a8a, 0x2a8a, 0x2a8a, 0x2aeb, 0x330b, 0x332c, 0x332c,
0x334c, 0x334c, 0x3bce, 0x330b, 0x1082, 0x18a3, 0x18c3, 0x18e3, 0x2104, 0x2945,
0x2945, 0x2986, 0x31c7, 0x3a08, 0x3a08, 0x20e3, 0x10a2, 0x1061, 0x1061, 0x1061,
0x18a2, 0x20c2, 0x1061, 0x28e3, 0x18c3, 0x18e4, 0x31c7, 0x426a, 0x31e8, 0x3186,
0x2945, 0x2104, 0x18c3, 0x1082, 0x29e7, 0x4c70, 0x334d, 0x336d, 0x334d, 0x334c,
0x332c, 0x332c, 0x32eb, 0x2aaa, 0x2aaa, 0x2aaa, 0x2a8a, 0x2a8a, 0x2a69, 0x2249,
0x2249, 0x2249, 0x2228, 0x2acb, 0x3b4c, 0x3249, 0x1065, 0x1866, 0x2067, 0x20c8,
0x20a8, 0x1846, 0x2067, 0x2087, 0x2087, 0x2088, 0x28a8, 0x28a8, 0x30ca, 0x410d,
0x412e, 0x50cf, 0xc3ba, 0xfd7f, 0xdb1d, 0xcb9c, 0x7a95, 0x5a32, 0x6252, 0x5292,
0x52d3, 0x5b54, 0x6bf6, 0x6c16, 0x6c37, 0x7cd8, 0x8579, 0x8ddb, 0x961b, 0x8519,
0x63d6, 0x6354, 0x6bf6, 0x6bb6, 0x6334, 0x6355, 0x5af3, 0x7497, 0x9e9c, 0x9e9c,
0x965c, 0x8519, 0x6bf6, 0x6334, 0x6294, 0x9a77, 0xaa99, 0xd47c, 0xf59e, 0x7153,
0x410d, 0x38eb, 0x30c9, 0x28c8, 0x28a8, 0x2088, 0x2067, 0x2027, 0x2067, 0x2087,
0x2067, 0x1866, 0x2067, 0x488b, 0x1845, 0x1044, 0x1024, 0x1023, 0x5baf, 0x5baf,
0x5bcf, 0x63cf, 0x63f0, 0x63ef, 0x5bcf, 0x5bcf, 0x5bcf, 0x5bcf, 0x5bcf, 0x5bcf,
0x5bcf, 0x5bcf, 0x5bcf, 0x5bcf, 0x5baf, 0x5bcf, 0x63cf, 0x5bcf, 0x5bcf, 0x5bcf,
0x63f0, 0x74f3, 0x31c7, 0x2904, 0x3165, 0x1082, 0x6a48, 0xccaf, 0xa3cc, 0x7b2a,
0x730a, 0x5248, 0x28e3, 0x1041, 0x1062, 0x1041, 0x28c3, 0x3924, 0x4144, 0x4965,
0x61c6, 0x61c6, 0x3904, 0x1062, 0x1882, 0x2965, 0x640f, 0x7cf3, 0x5baf, 0x5bcf,
0x5bcf, 0x5bcf, 0x5bcf, 0x5bcf, 0x63cf, 0x63cf, 0x5bcf, 0x5bcf, 0x5bcf, 0x5bcf,
0x5bcf, 0x63cf, 0x63cf, 0x5bcf, 0x63af, 0x73ce, 0x530d, 0x4aab, 0x4acb, 0x532d,
0x7cd3, 0x63f0, 0x63f0, 0x7492, 0x7cd3, 0x29a7, 0x1925, 0x2145, 0x2166, 0x2166,
0x2186, 0x2186, 0x2186, 0x29e8, 0x3aab, 0x430c, 0x3acc, 0x84f4, 0x31c7, 0x0820,
0x0841, 0x0841, 0x0882, 0x18c3, 0x1082, 0x1082, 0x1082, 0x10a2, 0x18a2, 0x1082,
0x20e2, 0x0020, 0x0841, 0x1882, 0x18c2, 0x20e3, 0x41a5, 0x5a27, 0x4165, 0x0841,
0x0041, 0x18e4, 0x2145, 0x1904, 0x10a3, 0x1082, 0x1082, 0x0841, 0x4aeb, 0x5bf0,
0x432d, 0x4b4d, 0x4b2d, 0x432d, 0x430d, 0x3249, 0x29a7, 0x2166, 0x21a7, 0x2186,
0x2186, 0x2166, 0x2166, 0x2145, 0x1904, 0x4b2d, 0x7cf4, 0x6c51, 0x6431, 0x74b2,
0x8d76, 0x4b0c, 0x3186, 0x39a7, 0x39c7, 0x6208, 0x6229, 0x4249, 0x4249, 0x4249,
0x426a, 0x426a, 0x4a6a, 0x4aab, 0x4aab, 0x52ec, 0x532d, 0x532d, 0x534d, 0x5b4e,
0x5b6e, 0x5b8e, 0x5b8f, 0x6410, 0x4b2c, 0x2966, 0x2125, 0x2945, 0x2966, 0x31a7,
0x31c7, 0x3a29, 0x3a6a, 0x3a6a, 0x7cd3, 0xcfff, 0xc79e, 0xbf9d, 0xbf7d, 0xc79e,
0xbf9e, 0x536e, 0x3a6a, 0x428a, 0x3a29, 0x31e8, 0x31a7, 0x2966, 0x2945, 0x2125,
0x31c7, 0x53af, 0x6410, 0x536e, 0x534e, 0x532d, 0x530d, 0x4b0c, 0x4aec, 0x4aec,
0x4aec, 0x4acc, 0x4acb, 0x4aab, 0x428a, 0x4a6a, 0x426a, 0x4249, 0x4208, 0x3a08,
0x39e8, 0x39c7, 0x31c7, 0x39c7, 0x2c72, 0x3639, 0x24b3, 0x1209, 0x1105, 0x10e4,
0x10e4, 0x10e4, 0x18e5, 0x10c4, 0x08e4, 0x3127, 0x694c, 0x894d, 0x992d, 0x58a7,
0x4085, 0x2863, 0x1863, 0x1883, 0x18a4, 0x20c5, 0x38c6, 0x50e7, 0x48c7, 0x30a5,
0x2883, 0x3085, 0x40a6, 0x40c6, 0x38c6, 0x38e6, 0x3127, 0x3168, 0x2988, 0x2967,
0x2106, 0x18c4, 0x1082, 0x1082, 0x1062, 0x1083, 0x18a3, 0x10a3, 0x10c4, 0x10a3,
0x18c4, 0x1905, 0x18c4, 0x2105, 0x2187, 0x2a6a, 0x3b6e, 0x4d76, 0x4d96, 0x19c8,
0x1926, 0x1946, 0x1126, 0x1126, 0x1946, 0x1967, 0x1946, 0x1126, 0x1126, 0x1146,
0x21c9, 0x2a4b, 0x2a6c, 0x2a6c, 0x2a6c, 0x2a4b, 0x30a5, 0x2084, 0x2064, 0x2064,
0x2064, 0x2884, 0x30a5, 0x40c6, 0x48c7, 0x50c7, 0x50c7, 0x50c8, 0x50e8, 0x58e8,
0x58e8, 0x58e8, 0x60e9, 0x6109, 0x6909, 0x814c, 0xb1d1, 0xda35, 0xea37, 0xea37,
0xf258, 0xf278, 0xfab9, 0xbb75, 0x1927, 0x28c6, 0x68a8, 0x3108, 0x196a, 0x198a,
0x1969, 0x21ab, 0x216a, 0x11aa, 0x4129, 0x90eb, 0x68c9, 0x1969, 0x18c6, 0x61eb,
0x51aa, 0x1885, 0x18a5, 0x1907, 0x228e, 0xa377, 0xd2f6, 0xa1b0, 0x794b, 0x6109,
0x50e8, 0x48e7, 0x50e7, 0x50e8, 0x50e8, 0x50e8, 0x50e8, 0x48c7, 0x40c6, 0x38a5,
0x2884, 0x2064, 0x2063, 0x1863, 0x1863, 0x1863, 0x1863, 0x1863, 0x3924, 0x3103,
0x20c3, 0x1882, 0x20a2, 0x20a3, 0x30e3, 0x28c3, 0x2083, 0x28a3, 0x30a3, 0x28a3,
0x51a5, 0x9b07, 0xb3e9, 0xde12, 0xe6f7, 0xd79a, 0x5cd3, 0x0843, 0x10c5, 0x1906,
0x2168, 0x21a9, 0x430f, 0x2a0a, 0x0842, 0x0863, 0x10a4, 0x10a4, 0x10a4, 0x0883,
0x0883, 0x18e6, 0x10c5, 0x18c4, 0x20e5, 0x10e5, 0x2168, 0x324d, 0x4bf4, 0x5435,
0x4310, 0x3aae, 0x2a4c, 0x31eb, 0x496a, 0x2928, 0x10e5, 0x10c5, 0x1905, 0x2a8b,
0x975d, 0xe6d6, 0xeeb4, 0xf738, 0xe674, 0xbc4b, 0x9b27, 0x59e5, 0x28a3, 0x30c3,
0x28a3, 0x28a3, 0x28c3, 0x30e3, 0x20a3, 0x20a2, 0x1882, 0x20c3, 0x3124, 0x3924,
0x1a29, 0x1a08, 0x1a29, 0x1a8a, 0x1a6a, 0x1aab, 0x230d, 0x236e, 0x2bd0, 0x2c10,
0x3431, 0x3cb3, 0x777c, 0x44d2, 0x338e, 0x44f2, 0x2208, 0x1966, 0x19c7, 0x19a7,
0x19c7, 0x19c8, 0x21e8, 0x21e8, 0x19e8, 0x2209, 0x2209, 0x1a08, 0x1a29, 0x19a7,
0x1986, 0x2209, 0x334d, 0x3baf, 0x4410, 0x4c92, 0x4cb3, 0x43ef, 0x4430, 0x4cb2,
0x2249, 0x0841, 0x0041, 0x0861, 0x0861, 0x0061, 0x0882, 0x0882, 0x0882, 0x10a3,
0x10a3, 0x0861, 0x0862, 0x0862, 0x0862, 0x0862, 0x0861, 0x0041, 0x0021, 0x2aec,
0x5e79, 0x5eda, 0x34b2, 0x230c, 0x230c, 0x1aab, 0x1a4a, 0x1a49, 0x1a29, 0x1a08,
0x11e8, 0x11e8, 
0x10e5, 0x10e5, 0x10e5, 0x10e5, 0x10e5, 0x10e5, 0x1105, 0x1126, 0x1147, 0x1167,
0x11a8, 0x220b, 0x3a4e, 0x5250, 0x716f, 0x50c9, 0x2885, 0x1063, 0x0863, 0x1062,
0x10e4, 0x0a09, 0x10c4, 0x38a7, 0x810f, 0x9972, 0x594c, 0x19e9, 0x22ee, 0x2b30,
0x2b30, 0x2aae, 0x21a8, 0x2168, 0x2167, 0x2168, 0x1926, 0x18c4, 0x1905, 0x18c4,
0x0842, 0x0841, 0x1062, 0x10a4, 0x1947, 0x21ca, 0x2188, 0x18e5, 0x18a4, 0x1063,
0x2865, 0x68cb, 0xb1b5, 0x420e, 0x19ea, 0x19ca, 0x19a9, 0x19a9, 0x19a9, 0x19ca,
0x2a2c, 0x2a6d, 0x21ca, 0x1126, 0x10e5, 0x10e5, 0x10c4, 0x10c4, 0x10c4, 0x10c4,
0x10c4, 0x10c4, 0x10c3, 0x18c3, 0x18e3, 0x20e3, 0x18e3, 0x18e3, 0x18e3, 0x18e4,
0x18c4, 0x10c3, 0x10c3, 0x10c3, 0x10c3, 0x10c4, 0x10a3, 0x18c3, 0x18c3, 0x3964,
0xbbe8, 0x3943, 0x20c2, 0x18a2, 0x1882, 0x1082, 0x20c3, 0x6aa9, 0x8b6c, 0x8bad,
0x93ed, 0x9c2f, 0x9c90, 0xa4d1, 0xa4f2, 0xad12, 0xad33, 0xad33, 0xad33, 0xad33,
0xad33, 0xad12, 0xad12, 0xa4d1, 0xa490, 0x9c4f, 0x93ee, 0x93ad, 0x8b4c, 0x41a6,
0x18a2, 0x18a2, 0x18c3, 0x1041, 0x3b2d, 0x6e7a, 0x54b3, 0x10e4, 0x18e4, 0x10c4,
0x10a3, 0x10a3, 0x10a3, 0x10a3, 0x10a3, 0x10a3, 0x10a3, 0x10c3, 0x18c3, 0x20e3,
0x2104, 0x2104, 0x2104, 0x2103, 0x3bad, 0x2aaa, 0x2228, 0x2249, 0x2249, 0x2a49,
0x2a69, 0x2a8a, 0x2aaa, 0x2aaa, 0x2aca, 0x2acb, 0x332c, 0x336d, 0x3b8d, 0x3bce,
0x3c0f, 0x3c0f, 0x4470, 0x21e7, 0x1082, 0x10a2, 0x18c3, 0x18e3, 0x2104, 0x2124,
0x2124, 0x2945, 0x2986, 0x31c7, 0x18e4, 0x20e3, 0x4985, 0x51a5, 0x6288, 0x730a,
0x8bac, 0x9bed, 0x834b, 0x832a, 0x6268, 0x4165, 0x18a2, 0x2966, 0x39e7, 0x2965,
0x2945, 0x2104, 0x18e3, 0x10a2, 0x18e4, 0x4c2f, 0x4490, 0x3c0f, 0x3c0f, 0x3bce,
0x3b8d, 0x3b6d, 0x332c, 0x2acb, 0x2aeb, 0x2acb, 0x2aaa, 0x2aaa, 0x2a8a, 0x2a6a,
0x2a69, 0x2a69, 0x2249, 0x32eb, 0x3b8d, 0x3269, 0x1045, 0x1846, 0x2067, 0x2087,
0x2087, 0x1866, 0x2087, 0x2087, 0x2087, 0x20a8, 0x2888, 0x28e9, 0x398d, 0x40ed,
0x412d, 0x7974, 0xecfe, 0xebfe, 0xdb9d, 0x82b6, 0x7a55, 0x7274, 0x52b2, 0x5b95,
0x74d8, 0x8dfb, 0x8e1b, 0x8dba, 0x8519, 0x6c16, 0x6395, 0x6375, 0x6bb5, 0x7457,
0x6c17, 0x6334, 0x6b75, 0x6b95, 0x5b14, 0x5af3, 0x6334, 0x7477, 0x7d18, 0x8ddb,
0x967c, 0x95fb, 0x7437, 0x52f3, 0x4a71, 0x5251, 0x92b7, 0xd35c, 0xfdbf, 0xab38,
0x48ce, 0x410c, 0x30ca, 0x28a9, 0x28a8, 0x28a8, 0x20a8, 0x28a8, 0x2888, 0x2067,
0x2087, 0x2066, 0x1845, 0x1845, 0x1845, 0x1865, 0x1044, 0x1845, 0x63cf, 0x63cf,
0x6bef, 0x63f0, 0x6410, 0x6410, 0x6410, 0x63f0, 0x63f0, 0x63d0, 0x63cf, 0x5bcf,
0x5bcf, 0x5bcf, 0x5bcf, 0x5bcf, 0x5bcf, 0x63cf, 0x63cf, 0x63cf, 0x63f0, 0x63f0,
0x6410, 0x74d3, 0x2925, 0x20a3, 0x18a3, 0x3945, 0xb40d, 0xccaf, 0xdd30, 0xe5d2,
0xeed7, 0xef39, 0xc5d4, 0x7b4b, 0x3985, 0x72c9, 0xa3cc, 0xa3cc, 0xa3ac, 0x934a,
0x7a68, 0x7207, 0x6a07, 0x28e3, 0x0841, 0x18c3, 0x6c71, 0x7d55, 0x5baf, 0x63f0,
0x63f0, 0x63f0, 0x63f0, 0x63f0, 0x63f0, 0x63f0, 0x63f0, 0x63ef, 0x63cf, 0x63cf,
0x63cf, 0x63f0, 0x63cf, 0x63cf, 0x63cf, 0x63ef, 0x532d, 0x4acc, 0x52ec, 0x52ec,
0x8d76, 0x74b3, 0x74b2, 0x8d55, 0x8555, 0x29c7, 0x1925, 0x2166, 0x2166, 0x2166,
0x2186, 0x2187, 0x2166, 0x4b2d, 0xaefb, 0xaefb, 0xb75c, 0x9e18, 0x18c3, 0x0841,
0x1061, 0x4164, 0x3944, 0x20e3, 0x1061, 0x0000, 0x0041, 0x18a2, 0x1082, 0x1061,
0x0841, 0x41a5, 0x83ac, 0xa4b0, 0xb510, 0xc531, 0xd551, 0xccf0, 0xbc6e, 0x7288,
0x1061, 0x10a2, 0x2124, 0x2104, 0x10a2, 0x1082, 0x0861, 0x2986, 0x6410, 0xb73c,
0xb73c, 0xb73c, 0xb73c, 0xb71b, 0xbf5c, 0x8575, 0x21a7, 0x2186, 0x21a7, 0x2187,
0x2186, 0x2166, 0x2166, 0x2166, 0x1904, 0x534d, 0x8d76, 0x7cf3, 0x7cd3, 0x8535,
0x95d7, 0x534d, 0x31a7, 0x61c7, 0x71e8, 0x4a08, 0x4a29, 0x4249, 0x4249, 0x4249,
0x424a, 0x426a, 0x4a6a, 0x4aab, 0x4aab, 0x52ec, 0x530d, 0x532d, 0x5b2d, 0x5b4e,
0x5b6e, 0x5b6e, 0x63d0, 0x4aab, 0x1904, 0x31e8, 0x2125, 0x2945, 0x2966, 0x2986,
0x31e8, 0x3a4a, 0x428a, 0x3a6a, 0x536e, 0x9e7a, 0x9e7a, 0xa69a, 0xa69a, 0xa6ba,
0x8dd7, 0x42ab, 0x3a6a, 0x428a, 0x3a49, 0x3a08, 0x2986, 0x2986, 0x2965, 0x2125,
0x3a29, 0x2104, 0x534e, 0x5b8f, 0x534e, 0x532d, 0x530d, 0x4b0c, 0x4aec, 0x4aec,
0x4aec, 0x4acb, 0x4aab, 0x4a8b, 0x428a, 0x6a6a, 0x526a, 0x3a29, 0x4208, 0x4208,
0x39e8, 0x41c7, 0x39c7, 0x39c7, 0x2c52, 0x3639, 0x24b3, 0x1209, 0x1105, 0x10e4,
0x10e4, 0x10e5, 0x10e4, 0x10c4, 0x18e5, 0x514a, 0x816d, 0xb170, 0x58a7, 0x3064,
0x2063, 0x1863, 0x1883, 0x20c4, 0x28e5, 0x3907, 0x40e7, 0x28a5, 0x3085, 0x50a7,
0x58c8, 0x48c7, 0x38c6, 0x30c6, 0x20c5, 0x18c4, 0x18a3, 0x18a3, 0x18c4, 0x18e5,
0x18e4, 0x18c4, 0x10a3, 0x1062, 0x0861, 0x1062, 0x1083, 0x1083, 0x1062, 0x1062,
0x1062, 0x1062, 0x1062, 0x1082, 0x1083, 0x10c4, 0x21a7, 0x32ec, 0x3c72, 0x3c52,
0x19a8, 0x1126, 0x1126, 0x1126, 0x1967, 0x2187, 0x1967, 0x1126, 0x1126, 0x1947,
0x21c9, 0x2a4b, 0x2a6c, 0x2a6c, 0x2a6c, 0x2a4b, 0x30a5, 0x2884, 0x2084, 0x2064,
0x2064, 0x2084, 0x2884, 0x2884, 0x3085, 0x3085, 0x30a5, 0x30a5, 0x38a5, 0x38a6,
0x40c6, 0x40c6, 0x48c7, 0x50e8, 0x6109, 0x794c, 0xa9b0, 0xd1f4, 0xe236, 0xea37,
0xf258, 0xf238, 0xfb9a, 0x9c13, 0x3148, 0x20a5, 0x4886, 0x4886, 0x18c6, 0x1928,
0x1928, 0x1949, 0x2128, 0x1128, 0x48c8, 0x80c9, 0x40e7, 0x08a5, 0x4168, 0x8310,
0x93b2, 0x39a9, 0x1908, 0x18e6, 0x10e7, 0x6415, 0xdad6, 0xa990, 0x794b, 0x6109,
0x50e8, 0x48c7, 0x40c6, 0x40a6, 0x38a6, 0x38a5, 0x30a5, 0x3085, 0x2884, 0x2884,
0x2064, 0x2063, 0x2063, 0x2063, 0x2063, 0x2063, 0x2063, 0x2063, 0x3924, 0x3104,
0x20c3, 0x1882, 0x20a2, 0x20c3, 0x3103, 0x28c3, 0x2883, 0x28a3, 0x30c3, 0x30a3,
0x4944, 0xa367, 0xdd6e, 0xef38, 0xe7bc, 0x8e58, 0x1105, 0x1084, 0x10e5, 0x1947,
0x29ea, 0x42ef, 0x324c, 0x1084, 0x2168, 0x18e6, 0x10c5, 0x10c5, 0x10a5, 0x10a4,
0x1084, 0x10a4, 0x10c4, 0x2946, 0x1906, 0x2168, 0x326d, 0x4bb3, 0x5c76, 0x4b92,
0x3a8e, 0x29eb, 0x2189, 0x2168, 0x1947, 0x3108, 0x20e6, 0x10a4, 0x10c5, 0x2a2a,
0x6df8, 0xd759, 0xf75a, 0xf7dd, 0xf759, 0xe5af, 0xb3a8, 0x5184, 0x30a3, 0x30c3,
0x28a3, 0x28a3, 0x28c3, 0x3103, 0x20c3, 0x20a2, 0x1882, 0x20c3, 0x3924, 0x3924,
0x1208, 0x1a09, 0x1a29, 0x1a6a, 0x1a6a, 0x22cb, 0x232d, 0x236e, 0x2bd0, 0x3431,
0x3451, 0x4d75, 0x7f9d, 0x4d34, 0x55f7, 0x2b2c, 0x1145, 0x19a7, 0x19a7, 0x19a7,
0x19c7, 0x19c8, 0x21e8, 0x2209, 0x19e8, 0x2208, 0x19e8, 0x2229, 0x19e8, 0x1966,
0x2208, 0x332d, 0x3b4d, 0x43cf, 0x4471, 0x4c71, 0x4c51, 0x4cb3, 0x336d, 0x10e3,
0x0000, 0x0041, 0x0862, 0x0882, 0x0841, 0x0882, 0x0882, 0x0882, 0x10a3, 0x10a3,
0x10a3, 0x1082, 0x0882, 0x0882, 0x0862, 0x0882, 0x0862, 0x0861, 0x0041, 0x08a3,
0x44b2, 0x5eda, 0x4e37, 0x230d, 0x230d, 0x1aab, 0x1a6a, 0x1a49, 0x1a29, 0x1a29,
0x1a08, 0x11e8, 
0x1106, 0x10e5, 0x10c5, 0x10c4, 0x10c4, 0x10e5, 0x10e5, 0x1126, 0x1146, 0x1967,
0x21a9, 0x220b, 0x2a4d, 0x4a2f, 0x794e, 0x40a7, 0x1883, 0x1063, 0x1083, 0x1083,
0x09a8, 0x10e4, 0x3887, 0x70cd, 0x810e, 0x38c8, 0x1167, 0x222b, 0x2a6c, 0x2acf,
0x228d, 0x21c9, 0x2a4c, 0x2a2b, 0x2a0b, 0x2168, 0x18e5, 0x2147, 0x1906, 0x0842,
0x0841, 0x0842, 0x1083, 0x1926, 0x220b, 0x21eb, 0x1906, 0x18c4, 0x1083, 0x2084,
0x1864, 0x4088, 0xa973, 0x5a10, 0x11ea, 0x21ca, 0x19a9, 0x19a9, 0x19a9, 0x19ca,
0x2a2c, 0x2a2c, 0x1988, 0x1106, 0x10e5, 0x10c4, 0x10c4, 0x10c4, 0x10c4, 0x10c4,
0x10c4, 0x10a4, 0x10c4, 0x18c3, 0x18e3, 0x20e4, 0x20e4, 0x20e3, 0x18e4, 0x18e4,
0x18c4, 0x10c3, 0x10c3, 0x10c3, 0x10c3, 0x10c3, 0x10c3, 0x18e3, 0x18a3, 0x6a46,
0xab87, 0x3103, 0x3943, 0x1082, 0x1882, 0x1082, 0x49c6, 0x832b, 0x8b6c, 0x93ed,
0x940e, 0x9c70, 0xa4b1, 0xa4f2, 0xad12, 0xad33, 0xad53, 0xad53, 0xad53, 0xad53,
0xad53, 0xad53, 0xad33, 0xacf2, 0xa4b1, 0xa470, 0x9c0e, 0x93cd, 0x8b6c, 0x7aca,
0x2904, 0x18a2, 0x18a2, 0x18e3, 0x18e3, 0x65b7, 0x65d8, 0x1966, 0x10e4, 0x10c4,
0x10a3, 0x10a3, 0x10a3, 0x10a3, 0x10a3, 0x10a3, 0x10a3, 0x18c3, 0x18e4, 0x2924,
0x3144, 0x3144, 0x3144, 0x2924, 0x43ce, 0x2acb, 0x2228, 0x2a49, 0x2a69, 0x2a89,
0x2a8a, 0x2aaa, 0x2acb, 0x2aeb, 0x32eb, 0x332c, 0x3b8d, 0x3bae, 0x3bee, 0x4450,
0x4470, 0x44d1, 0x43ee, 0x1924, 0x1082, 0x18a3, 0x18c3, 0x18e3, 0x20e4, 0x20e3,
0x2104, 0x2924, 0x2945, 0x2966, 0x18a2, 0x51c6, 0x7a67, 0xa42e, 0xc572, 0xc592,
0xc552, 0xbd31, 0xbd10, 0xbcd0, 0xb48f, 0xa40d, 0x6a27, 0x1882, 0x2145, 0x3186,
0x2104, 0x2104, 0x18e3, 0x18c3, 0x1082, 0x3b4c, 0x5553, 0x4470, 0x4490, 0x4450,
0x3bee, 0x3bce, 0x3b6d, 0x330c, 0x330c, 0x330b, 0x2aeb, 0x2acb, 0x2aaa, 0x2a8a,
0x2a8a, 0x2a69, 0x2a49, 0x330b, 0x43ad, 0x328a, 0x1044, 0x1845, 0x2067, 0x2067,
0x1866, 0x1886, 0x2087, 0x2087, 0x2087, 0x2088, 0x2888, 0x28ea, 0x41cf, 0x48ed,
0x6111, 0xaab8, 0xf4ff, 0xd2dc, 0x9af8, 0xb31a, 0x8a76, 0x4a92, 0x5313, 0x6c37,
0x7497, 0x6394, 0x4a71, 0x4a30, 0x5271, 0x5af3, 0x5b13, 0x5b33, 0x5b54, 0x5b14,
0x6375, 0x6bd6, 0x73b6, 0x73d6, 0x6bb5, 0x6bb5, 0x73f6, 0x6bb6, 0x6395, 0x6374,
0x6bd5, 0x6395, 0x5b13, 0x4a71, 0x49ef, 0x49cf, 0x49d0, 0x9296, 0xfd1f, 0xe4fd,
0x6952, 0x490e, 0x30ca, 0x28c9, 0x28a8, 0x28a8, 0x20a7, 0x2888, 0x2888, 0x2088,
0x2087, 0x1865, 0x1865, 0x1845, 0x1845, 0x1845, 0x1844, 0x2047, 0x63f0, 0x63f0,
0x63f0, 0x6c10, 0x6c30, 0x6c31, 0x6c30, 0x6410, 0x6410, 0x63f0, 0x63f0, 0x63f0,
0x63f0, 0x63f0, 0x63cf, 0x63ef, 0x63f0, 0x63f0, 0x63f0, 0x63f0, 0x63f0, 0x6410,
0x63f0, 0x74d3, 0x428a, 0x1041, 0x1062, 0x51c6, 0xb40d, 0xc4ae, 0xcccf, 0xd571,
0xe655, 0xe6b7, 0xeeb6, 0xee95, 0xddb2, 0xdd71, 0xc4cf, 0xb44e, 0xabec, 0x9bac,
0x8b2a, 0x7227, 0x7a89, 0x49a6, 0x1082, 0x0800, 0x5bae, 0x8575, 0x63ef, 0x6410,
0x6410, 0x6410, 0x6410, 0x63f0, 0x63f0, 0x63f0, 0x63f0, 0x63f0, 0x63f0, 0x63f0,
0x63f0, 0x63f0, 0x63f0, 0x63cf, 0x63cf, 0x6c10, 0x530d, 0x4acc, 0x530c, 0x4acc,
0x95d7, 0x8d75, 0x8d35, 0x95b6, 0x8d96, 0x21c8, 0x1966, 0x2186, 0x2166, 0x2186,
0x2187, 0x21a7, 0x1945, 0x53af, 0xb75c, 0xb6fb, 0xbf5c, 0x8534, 0x1082, 0x0020,
0x49a5, 0x9b2a, 0xabec, 0xb44d, 0x936b, 0x6a88, 0x28e3, 0x0000, 0x1081, 0x5a68,
0xa46e, 0xe655, 0xeed7, 0xeed7, 0xe676, 0xddf3, 0xcd31, 0xc4f0, 0xb44d, 0xabac,
0x6a68, 0x18c3, 0x2945, 0x2124, 0x10a2, 0x0862, 0x0841, 0x1924, 0x8d55, 0xbf3c,
0xbf3c, 0xbf3c, 0xb73c, 0xb71b, 0xbf5c, 0x9638, 0x29c8, 0x2186, 0x29a7, 0x21a7,
0x2187, 0x2186, 0x2166, 0x2187, 0x1105, 0x536e, 0x95d7, 0x8d55, 0x8d75, 0x9596,
0x9e18, 0x534d, 0x31a7, 0x81e8, 0x9a08, 0x4a08, 0x4a29, 0x4a49, 0x4249, 0x4249,
0x424a, 0x426a, 0x4a6a, 0x4aab, 0x4aab, 0x52ec, 0x530d, 0x532d, 0x532d, 0x5b4d,
0x5b4e, 0x5b4e, 0x63cf, 0x52ab, 0x30c3, 0x31e8, 0x2945, 0x2965, 0x2966, 0x2966,
0x3a29, 0x3a29, 0x3a4a, 0x3a29, 0x42cc, 0x5c11, 0x6452, 0x6cb3, 0x6cb3, 0x6cb3,
0x6452, 0x428b, 0x3a49, 0x3a4a, 0x3a29, 0x3a08, 0x2966, 0x2966, 0x2945, 0x2966,
0x31e7, 0x30a3, 0x5b6e, 0x5b8f, 0x534d, 0x532d, 0x530c, 0x4aec, 0x4aec, 0x4aec,
0x4acc, 0x4acb, 0x4aab, 0x428a, 0x428a, 0x726a, 0x526a, 0x3a29, 0x4208, 0x4208,
0x41e8, 0x39c7, 0x39c7, 0x39c7, 0x2c32, 0x3639, 0x24b3, 0x1a09, 0x1105, 0x10e4,
0x10e4, 0x10e4, 0x10e4, 0x08c4, 0x30e7, 0x616b, 0xa970, 0x50a7, 0x3064, 0x2063,
0x2063, 0x18a3, 0x18c4, 0x20e5, 0x2906, 0x20a4, 0x38a5, 0x60c9, 0x992d, 0xa14e,
0x892d, 0x692a, 0x5109, 0x3927, 0x2926, 0x2126, 0x2105, 0x18c4, 0x1083, 0x1062,
0x1082, 0x18a3, 0x1083, 0x1082, 0x1062, 0x0841, 0x1062, 0x1062, 0x0841, 0x1062,
0x18a3, 0x20e4, 0x1062, 0x0821, 0x1083, 0x10a3, 0x1905, 0x332e, 0x55b7, 0x3baf,
0x2acc, 0x1946, 0x1126, 0x1146, 0x1946, 0x1946, 0x1946, 0x1126, 0x1126, 0x1947,
0x21c9, 0x2a4b, 0x2a6c, 0x2a8c, 0x2a6c, 0x2a2b, 0x30a5, 0x2884, 0x2884, 0x2084,
0x2084, 0x2084, 0x2084, 0x2084, 0x2884, 0x2884, 0x2884, 0x2884, 0x2884, 0x3085,
0x30a5, 0x38a6, 0x48c6, 0x50e7, 0x6109, 0x712b, 0x998e, 0xc1d2, 0xda15, 0xea37,
0xea57, 0xfa38, 0xcc79, 0x4a8d, 0x790a, 0x812b, 0x4949, 0x20c6, 0x18c6, 0x18c6,
0x1908, 0x1908, 0x18e7, 0x18e7, 0x5086, 0x58c7, 0x1885, 0x28e6, 0x8b92, 0x93b3,
0x9bd3, 0x8390, 0x0907, 0x4af1, 0x494a, 0x322b, 0xac17, 0xa970, 0x816c, 0x692a,
0x5908, 0x50e7, 0x48c7, 0x40c6, 0x38a6, 0x38a5, 0x3085, 0x2884, 0x2864, 0x2064,
0x2063, 0x2063, 0x2063, 0x2063, 0x2064, 0x2064, 0x2884, 0x2884, 0x3924, 0x3924,
0x28c3, 0x1882, 0x20a2, 0x28c3, 0x3103, 0x30c3, 0x28a3, 0x28a3, 0x38e4, 0x30c3,
0x4124, 0xabc9, 0xdd2c, 0xde11, 0xc75a, 0x32ec, 0x0863, 0x10c5, 0x10e6, 0x29ea,
0x322c, 0x4310, 0x0884, 0x0842, 0x0883, 0x1906, 0x10e5, 0x10c5, 0x10c5, 0x10c4,
0x0883, 0x0043, 0x20e5, 0x18e5, 0x10c5, 0x1947, 0x2189, 0x326d, 0x3acf, 0x3a8e,
0x3a4d, 0x29eb, 0x2189, 0x1927, 0x1906, 0x10e6, 0x20e6, 0x18c5, 0x0863, 0x21c8,
0x65d8, 0xbfbd, 0xf77a, 0xeef7, 0xe5f0, 0xdd4c, 0xbc29, 0x5164, 0x30c3, 0x38e4,
0x30a3, 0x28a3, 0x30c3, 0x3103, 0x28c3, 0x20a2, 0x1882, 0x28c3, 0x3924, 0x3924,
0x1a08, 0x1a29, 0x1a49, 0x1a4a, 0x1a8a, 0x22cc, 0x232d, 0x2b6e, 0x2bd0, 0x3451,
0x3471, 0x5638, 0x777c, 0x6f3b, 0x44d2, 0x1145, 0x1986, 0x19a7, 0x19a7, 0x19a7,
0x19a7, 0x19c8, 0x19e8, 0x2209, 0x19e8, 0x19e8, 0x2209, 0x1a29, 0x1166, 0x2208,
0x330d, 0x330d, 0x3b8f, 0x3b8f, 0x3baf, 0x43f0, 0x4431, 0x32eb, 0x0882, 0x0021,
0x0861, 0x0882, 0x10a3, 0x0862, 0x0862, 0x10c3, 0x08a3, 0x10a3, 0x18c3, 0x18c3,
0x18c3, 0x10a3, 0x0882, 0x10c3, 0x0882, 0x0882, 0x0882, 0x0862, 0x0061, 0x0041,
0x19e7, 0x5658, 0x5f1b, 0x2baf, 0x230c, 0x1acb, 0x1a6a, 0x1a4a, 0x1a49, 0x1a29,
0x1a08, 0x19e8, 
0x1947, 0x1126, 0x10e5, 0x10e5, 0x10e5, 0x10e5, 0x1105, 0x1126, 0x1147, 0x1967,
0x1989, 0x220b, 0x422d, 0x61ef, 0x710c, 0x2084, 0x1863, 0x18a4, 0x1062, 0x0926,
0x0905, 0x3866, 0x68ab, 0x68cb, 0x28a5, 0x1125, 0x2168, 0x2188, 0x21ea, 0x21ea,
0x1988, 0x2aae, 0x2acf, 0x2aae, 0x21ea, 0x1947, 0x21c9, 0x2167, 0x0862, 0x0842,
0x1062, 0x49a8, 0x3967, 0x1968, 0x2a0b, 0x21a9, 0x18e5, 0x1083, 0x1063, 0x1863,
0x3886, 0x2064, 0x810e, 0x89d2, 0x19ea, 0x19ca, 0x19a9, 0x19a9, 0x19a9, 0x21ca,
0x222c, 0x21eb, 0x1967, 0x10e5, 0x10c4, 0x10c4, 0x10c4, 0x10c4, 0x10c4, 0x10c4,
0x10c4, 0x10c4, 0x10c4, 0x18c3, 0x18e4, 0x2104, 0x2104, 0x2104, 0x2104, 0x18e4,
0x18c4, 0x10c3, 0x10c4, 0x10c4, 0x10c4, 0x10c3, 0x18c3, 0x18e4, 0x18c3, 0x8b07,
0x7a85, 0x59e4, 0x28e2, 0x1082, 0x1882, 0x20e3, 0x6268, 0x832b, 0x8bad, 0x93ee,
0x9c2e, 0x9c90, 0xa4d1, 0xad12, 0xad33, 0xad53, 0xad53, 0xad53, 0xad53, 0xad53,
0xad53, 0xad53, 0xad33, 0xad12, 0xa4d1, 0xa490, 0x9c2f, 0x93ee, 0x8b8c, 0x830b,
0x51e6, 0x1882, 0x1882, 0x2145, 0x2165, 0x3aeb, 0x76bb, 0x2a6a, 0x10c4, 0x18e4,
0x10c3, 0x10a3, 0x10a3, 0x10a3, 0x10a3, 0x10c3, 0x10c3, 0x18c3, 0x2104, 0x3985,
0x49e5, 0x49e5, 0x41c5, 0x3164, 0x43ce, 0x2aeb, 0x2249, 0x2a69, 0x2a8a, 0x2a8a,
0x2aaa, 0x2acb, 0x2aeb, 0x330b, 0x332c, 0x3bae, 0x4470, 0x4491, 0x4470, 0x4470,
0x4470, 0x4d12, 0x32ca, 0x1082, 0x10a2, 0x18a3, 0x18a3, 0x20e3, 0x18c3, 0x18e3,
0x2104, 0x20e4, 0x2965, 0x2924, 0x4985, 0x6a06, 0xa42e, 0xc5b3, 0xbd93, 0xbd93,
0xbd73, 0xbd52, 0xbd31, 0xbcf0, 0xb48f, 0xac4e, 0xa3ed, 0x6207, 0x18a2, 0x2124,
0x2124, 0x20e4, 0x18e3, 0x18a3, 0x18c3, 0x2a68, 0x5553, 0x4491, 0x4491, 0x4470,
0x4491, 0x44b1, 0x4450, 0x338d, 0x332c, 0x330c, 0x32eb, 0x2aeb, 0x2aca, 0x2aaa,
0x2a8a, 0x2a8a, 0x2a69, 0x332c, 0x43ce, 0x32aa, 0x1044, 0x1845, 0x2067, 0x2067,
0x1866, 0x1866, 0x2087, 0x2888, 0x2888, 0x28c9, 0x28a8, 0x28ea, 0x398e, 0x50ee,
0x6932, 0xcbfb, 0xec1e, 0xcbbb, 0xdbdd, 0x9257, 0x4a31, 0x52b3, 0x5b14, 0x52b2,
0x41ce, 0x396d, 0x49ef, 0x5b34, 0x7417, 0x84b9, 0x8d3a, 0x8519, 0x8519, 0x8519,
0x7457, 0x84d8, 0x8d5a, 0x8d7a, 0x8d7a, 0x9539, 0x8d19, 0x84b8, 0x7c17, 0x6b54,
0x6334, 0x5b13, 0x5b54, 0x6334, 0x5ab2, 0x49cf, 0x51b0, 0x59b2, 0xb379, 0xfdff,
0x8a35, 0x50ef, 0x30eb, 0x28c9, 0x28c9, 0x28c9, 0x30aa, 0x2888, 0x2888, 0x2888,
0x20c8, 0x1865, 0x1845, 0x1845, 0x1044, 0x1044, 0x1844, 0x1844, 0x6410, 0x6410,
0x6410, 0x6410, 0x7450, 0x8470, 0x6c51, 0x6c51, 0x6c30, 0x6410, 0x6410, 0x6410,
0x6410, 0x63f0, 0x63f0, 0x63f0, 0x63f0, 0x63f0, 0x6410, 0x6410, 0x6410, 0x6430,
0x6410, 0x7d14, 0x7cb2, 0x1041, 0x1082, 0x51c6, 0xab8b, 0xc48e, 0xccef, 0xd550,
0xd551, 0xe634, 0xddf3, 0xddd2, 0xddb2, 0xd530, 0xc48e, 0xb40c, 0xabec, 0xa3ac,
0x930a, 0x7a27, 0x82c9, 0x49c6, 0x1061, 0x18a3, 0x7cf3, 0x74b2, 0x6410, 0x6430,
0x6410, 0x6410, 0x6410, 0x6410, 0x6410, 0x6410, 0x6410, 0x6410, 0x6410, 0x6410,
0x63f0, 0x63f0, 0x63f0, 0x63f0, 0x63cf, 0x6c10, 0x6b6d, 0x6b4c, 0x530c, 0x4acb,
0x9df7, 0x9dd7, 0x95d7, 0x9df7, 0x95b6, 0x6d75, 0x2a49, 0x2166, 0x2187, 0x2186,
0x21a7, 0x21a7, 0x2166, 0x53af, 0xb73c, 0xaefb, 0xb73c, 0xa679, 0x29a6, 0x0841,
0x7a88, 0x9b4a, 0xb42d, 0xbc8e, 0xcd0f, 0xd571, 0xc510, 0x7309, 0x93ed, 0xde14,
0xe655, 0xde55, 0xde76, 0xde76, 0xde35, 0xd5d3, 0xcd51, 0xc4f0, 0xb42d, 0x9b4a,
0xa36b, 0x3985, 0x18c3, 0x18c3, 0x1082, 0x0882, 0x0862, 0x0000, 0x8514, 0xbf7d,
0xb71b, 0xb73c, 0xb73b, 0xb71b, 0xbf5c, 0x95f7, 0x29c8, 0x2187, 0x29a7, 0x21a7,
0x21a7, 0x2186, 0x21a7, 0x1945, 0x43ef, 0x7db6, 0x9596, 0x95b6, 0x95d7, 0x95d7,
0x9e18, 0x534d, 0x31a7, 0x59c8, 0x71e8, 0x4a08, 0x4a29, 0x4a49, 0x4a49, 0x4249,
0x424a, 0x426a, 0x4a6a, 0x4aab, 0x4aab, 0x52ec, 0x5b0d, 0x530d, 0x532d, 0x5b2d,
0x5b4d, 0x5b2d, 0x5baf, 0x626a, 0x9187, 0x29a7, 0x2966, 0x2945, 0x2966, 0x2945,
0x3a08, 0x3a08, 0x3a29, 0x3a08, 0x428b, 0x538e, 0x536e, 0x536e, 0x534e, 0x534e,
0x5baf, 0x426a, 0x3a29, 0x39e8, 0x31e8, 0x31c7, 0x2966, 0x2966, 0x2945, 0x2986,
0x39a6, 0x9166, 0x52cc, 0x5baf, 0x532d, 0x532d, 0x530c, 0x4aec, 0x4aec, 0x4acc,
0x4acb, 0x4aab, 0x4aab, 0x428a, 0x426a, 0x726a, 0x526a, 0x3a29, 0x4208, 0x4208,
0x41e8, 0x39c7, 0x39c7, 0x41c7, 0x2432, 0x3639, 0x24b3, 0x1a09, 0x1125, 0x10e4,
0x10e5, 0x10e4, 0x08c3, 0x10c4, 0x796d, 0x914d, 0x48a6, 0x2863, 0x2063, 0x2863,
0x1883, 0x18c4, 0x20e5, 0x18e4, 0x2884, 0x50a7, 0x70ea, 0x912d, 0x994e, 0x994e,
0x892c, 0x712a, 0x6129, 0x4148, 0x2947, 0x2126, 0x18e5, 0x18c4, 0x18a4, 0x18a3,
0x1082, 0x1062, 0x1082, 0x1082, 0x1062, 0x0841, 0x1062, 0x1062, 0x1062, 0x2905,
0x3167, 0x3167, 0x3187, 0x10a3, 0x0841, 0x1083, 0x10a3, 0x1905, 0x3c72, 0x4515,
0x2209, 0x19a8, 0x1126, 0x1146, 0x1146, 0x1146, 0x1146, 0x1146, 0x1146, 0x1967,
0x21c9, 0x2a4b, 0x2a6c, 0x2a8c, 0x2a4b, 0x21e9, 0x38a5, 0x2884, 0x2884, 0x2084,
0x2084, 0x2084, 0x2084, 0x2084, 0x2084, 0x2084, 0x2084, 0x2884, 0x2884, 0x30a5,
0x30a5, 0x38a6, 0x48c6, 0x50e7, 0x6109, 0x712a, 0x896d, 0xb1b1, 0xd214, 0xe237,
0xfa58, 0xd2d8, 0x5b53, 0xb991, 0x99af, 0x320d, 0x19ca, 0x222d, 0x1a0c, 0x18e7,
0x20c6, 0x18e7, 0x18e7, 0x28c6, 0x4865, 0x1843, 0x2947, 0x8412, 0xb4d5, 0x93d3,
0x8310, 0x9cb4, 0x2948, 0x3b31, 0xbb76, 0x414a, 0x9333, 0xb252, 0x914d, 0x814c,
0x792b, 0x690a, 0x60e9, 0x58e8, 0x50e8, 0x48c7, 0x38a5, 0x3085, 0x2884, 0x2064,
0x2063, 0x2063, 0x2063, 0x2064, 0x2884, 0x2884, 0x3085, 0x3085, 0x4144, 0x3924,
0x28c3, 0x18a2, 0x20a2, 0x28c3, 0x3903, 0x30c3, 0x28a3, 0x30a3, 0x38e4, 0x38e4,
0x38e3, 0x7a46, 0xcccb, 0xddf0, 0x9615, 0x1967, 0x1083, 0x10a4, 0x21a9, 0x29ea,
0x3a8d, 0x29ea, 0x0022, 0x0863, 0x0863, 0x0863, 0x10c5, 0x18e5, 0x10a4, 0x1084,
0x20e4, 0x41a7, 0x730c, 0x72eb, 0x72aa, 0x51a4, 0x3124, 0x2188, 0x21ca, 0x29ca,
0x29aa, 0x398b, 0x2989, 0x1947, 0x1906, 0x10e5, 0x10c5, 0x18a5, 0x10a4, 0x10a4,
0x5d35, 0xaf5b, 0xde12, 0xe5ae, 0xdd6d, 0xd4eb, 0x82a7, 0x40e4, 0x38c3, 0x38e4,
0x30a3, 0x28a3, 0x30e3, 0x3924, 0x28c3, 0x20a2, 0x1882, 0x28c3, 0x3924, 0x4144,
0x1a29, 0x1a4a, 0x1a6a, 0x1a6a, 0x1aab, 0x22ec, 0x232d, 0x2b8f, 0x2bf0, 0x3472,
0x34b2, 0x66da, 0x7ffe, 0x5e37, 0x19c7, 0x1966, 0x1966, 0x1986, 0x19a7, 0x1986,
0x19a7, 0x19c8, 0x19e8, 0x21e8, 0x2209, 0x19e8, 0x2249, 0x1986, 0x19e8, 0x330c,
0x32ec, 0x3b8e, 0x3b4d, 0x330c, 0x330d, 0x330d, 0x21e8, 0x0861, 0x0041, 0x0882,
0x10a3, 0x10c3, 0x0882, 0x0862, 0x10c3, 0x10e3, 0x10a3, 0x18e4, 0x18e4, 0x18e4,
0x18e3, 0x18c3, 0x1082, 0x10c3, 0x08a3, 0x08a2, 0x0882, 0x08a2, 0x0882, 0x0041,
0x0861, 0x3bcf, 0x6fde, 0x3492, 0x1b0c, 0x22ec, 0x1aab, 0x1a6a, 0x1a49, 0x1a29,
0x1a09, 0x1a09, 
0x1988, 0x1988, 0x1126, 0x10e5, 0x10e5, 0x10e5, 0x1105, 0x1126, 0x1147, 0x1967,
0x19a8, 0x31eb, 0x422d, 0x718e, 0x40a7, 0x1083, 0x20a4, 0x1083, 0x08a3, 0x0925,
0x3065, 0x5889, 0x60aa, 0x2085, 0x10e4, 0x1926, 0x1926, 0x2167, 0x1947, 0x1926,
0x220a, 0x222b, 0x2a6c, 0x21ea, 0x1947, 0x222c, 0x220a, 0x18e5, 0x20a3, 0x3146,
0x5a4b, 0x83b0, 0x6acc, 0x2126, 0x1926, 0x18e5, 0x18a4, 0x1083, 0x10c4, 0x0842,
0x40a8, 0x48a8, 0x4088, 0x9151, 0x51ce, 0x19a9, 0x19a9, 0x19a9, 0x19a9, 0x21ca,
0x220b, 0x21a9, 0x1926, 0x10e5, 0x10e4, 0x10c4, 0x10c4, 0x10c4, 0x10c4, 0x10c4,
0x10c4, 0x10e5, 0x10c4, 0x18c4, 0x2104, 0x2924, 0x2924, 0x2924, 0x2924, 0x2104,
0x18e4, 0x10c3, 0x10c4, 0x10c4, 0x10c4, 0x10c4, 0x18c4, 0x18e3, 0x2904, 0x9b47,
0x6a25, 0x6a25, 0x3123, 0x18a2, 0x1082, 0x3965, 0x72a9, 0x832b, 0x8bcd, 0x93ee,
0x9c2e, 0x9c90, 0xa4d1, 0xa512, 0xad33, 0xad33, 0xad53, 0xad53, 0xad53, 0xad53,
0xad53, 0xad53, 0xad33, 0xad12, 0xa4d1, 0xa490, 0x9c4f, 0x93ee, 0x8bad, 0x830b,
0x6a89, 0x20c3, 0x18a2, 0x20e3, 0x3b0c, 0x2186, 0x65d7, 0x43d0, 0x10c4, 0x1904,
0x10c4, 0x10c3, 0x10c3, 0x10c3, 0x10c3, 0x10c3, 0x10c3, 0x18e3, 0x3144, 0x5226,
0x6aa7, 0x6ac7, 0x6286, 0x41c5, 0x43ee, 0x330b, 0x2a69, 0x2a8a, 0x2a8a, 0x2aaa,
0x2acb, 0x2aeb, 0x330b, 0x332c, 0x336d, 0x4cf2, 0x6e97, 0x76b8, 0x5dd5, 0x4491,
0x44b1, 0x4d12, 0x2185, 0x1082, 0x10a3, 0x10a2, 0x18c3, 0x18c3, 0x18c3, 0x20e3,
0x20e3, 0x2104, 0x2125, 0x4985, 0x6206, 0x9c0d, 0xc5b3, 0xc593, 0xc5b4, 0xc5d4,
0xc5b4, 0xc593, 0xc572, 0xbd31, 0xbcd0, 0xb46f, 0xa40d, 0x938b, 0x49a5, 0x18c2,
0x2104, 0x18c3, 0x18c3, 0x18a2, 0x18c3, 0x2a07, 0x4cd1, 0x44b1, 0x4490, 0x4cd2,
0x6616, 0x76b8, 0x6656, 0x4470, 0x334c, 0x332c, 0x330c, 0x32eb, 0x2acb, 0x2aca,
0x2aaa, 0x2a8a, 0x2a89, 0x332c, 0x43ce, 0x3aca, 0x1023, 0x1845, 0x2047, 0x2067,
0x1866, 0x1846, 0x2087, 0x28a9, 0x2888, 0x290a, 0x28a9, 0x30c9, 0x412d, 0x50ef,
0x8194, 0xecfe, 0xecfe, 0xe45d, 0x8a17, 0x49f1, 0x4a71, 0x5251, 0x49ef, 0x398c,
0x418d, 0x5a71, 0x6bb6, 0x855a, 0x8d7a, 0x8d7a, 0x95db, 0x9e1c, 0x9e5c, 0x9e9c,
0xa6dd, 0xa6bd, 0xa6fd, 0x9e9c, 0x9e1b, 0x9dbb, 0x9d7a, 0x955a, 0x8cb9, 0x8458,
0x73f6, 0x5a72, 0x5271, 0x52d2, 0x5291, 0x5251, 0x61f2, 0x9276, 0x9a97, 0xe4bd,
0xb399, 0x48ae, 0x38eb, 0x30c9, 0x28c9, 0x30ca, 0x78d3, 0x2888, 0x2087, 0x2086,
0x20a7, 0x1886, 0x1886, 0x1865, 0x1845, 0x1845, 0x1044, 0x1044, 0x6410, 0x6430,
0x6c30, 0x6431, 0x7430, 0xd52e, 0xa4d0, 0x6451, 0x6c51, 0x6c30, 0x6430, 0x6430,
0x6410, 0x6410, 0x6410, 0x6410, 0x6410, 0x6410, 0x6410, 0x6c30, 0x6c31, 0x6c51,
0x6c71, 0x74b3, 0x8534, 0x3145, 0x1882, 0x4165, 0x9b2a, 0xc46e, 0xccef, 0xcccf,
0xdd92, 0xddf3, 0xddb2, 0xdd92, 0xd571, 0xccef, 0xbc6d, 0xb42d, 0xabec, 0xa3ac,
0x9309, 0x7a27, 0x82ea, 0x41a6, 0x1061, 0x31a6, 0x8dd6, 0x6c71, 0x6c51, 0x6c51,
0x6c31, 0x6c30, 0x6c30, 0x6430, 0x6430, 0x6430, 0x6410, 0x6410, 0x6410, 0x6410,
0x6410, 0x6410, 0x6410, 0x6410, 0x63cf, 0x63f0, 0x7bad, 0x83ac, 0x4aec, 0x52ec,
0x9df7, 0x9df7, 0x9df7, 0x9e18, 0x8d75, 0x5cb2, 0x75f7, 0x21e8, 0x2186, 0x21a7,
0x21a7, 0x21a7, 0x2166, 0x53af, 0xaf3c, 0xaefb, 0xaf1b, 0xbf5c, 0x3a48, 0x20e3,
0x8b0a, 0xa3ab, 0xb44d, 0xbcae, 0xc4ef, 0xcd30, 0xd571, 0xddd3, 0xddd3, 0xd5d3,
0xd5f3, 0xde34, 0xde75, 0xde75, 0xde35, 0xd5f3, 0xcd51, 0xc4f0, 0xabec, 0x9b4a,
0x9b4a, 0x41a6, 0x18e3, 0x18e3, 0x10a2, 0x0882, 0x0862, 0x0841, 0x534d, 0xbf5c,
0xb71b, 0xb71b, 0xb71b, 0xb71b, 0xb73c, 0x8df7, 0x29e8, 0x2187, 0x29c7, 0x21a7,
0x21a7, 0x21a7, 0x2166, 0x43cf, 0x7638, 0x6451, 0x9df7, 0x95d7, 0x95d7, 0x95d7,
0x9e18, 0x534d, 0x39a7, 0x51c7, 0x59e8, 0x4a08, 0x4a29, 0x4a49, 0x4a49, 0x4a49,
0x4249, 0x4269, 0x4a6a, 0x4aab, 0x4a8b, 0x52cc, 0x5b0d, 0x530c, 0x530d, 0x5b2d,
0x5b2d, 0x5b2d, 0x63d0, 0x5aeb, 0xd24a, 0x3945, 0x2145, 0x2945, 0x2966, 0x2945,
0x39c7, 0x39c7, 0x39c8, 0x31c7, 0x424a, 0x4aec, 0x42ab, 0x42ab, 0x428a, 0x428b,
0x4acc, 0x3a29, 0x39c8, 0x31a7, 0x39e8, 0x31a7, 0x2966, 0x2966, 0x2945, 0x1924,
0x6186, 0xc229, 0x4b4d, 0x63af, 0x532d, 0x532d, 0x52ec, 0x4aec, 0x4aec, 0x4acc,
0x4acb, 0x4aab, 0x428a, 0x426a, 0x426a, 0x726a, 0x5249, 0x3a29, 0x4208, 0x41e8,
0x39e8, 0x39c7, 0x41c7, 0x41c7, 0x2c11, 0x3639, 0x1cd3, 0x0a08, 0x0904, 0x08e4,
0x08e4, 0x1905, 0x4929, 0x814d, 0x810b, 0x3884, 0x2863, 0x1862, 0x2884, 0x1883,
0x10a3, 0x18c4, 0x18c4, 0x2884, 0x50a7, 0x60c8, 0x70ea, 0x810b, 0xb14f, 0xb170,
0xa14e, 0x814c, 0x4928, 0x28e5, 0x18c4, 0x10a3, 0x1083, 0x1082, 0x1082, 0x1062,
0x1062, 0x1062, 0x0841, 0x1062, 0x1062, 0x0842, 0x0841, 0x1082, 0x3167, 0x41c9,
0x39c8, 0x3987, 0x3187, 0x3a4b, 0x10a3, 0x1082, 0x10a3, 0x1946, 0x2a4a, 0x4dd7,
0x2aec, 0x1146, 0x1146, 0x1146, 0x1146, 0x1146, 0x1146, 0x1146, 0x1147, 0x1967,
0x21e9, 0x2a4b, 0x2a6c, 0x2a6c, 0x2a2b, 0x21a8, 0x38a5, 0x2884, 0x2884, 0x2884,
0x2884, 0x2884, 0x2884, 0x2884, 0x2884, 0x2884, 0x2884, 0x28a4, 0x30a5, 0x30a5,
0x38c6, 0x40c6, 0x48e7, 0x50e8, 0x6109, 0x692a, 0x814c, 0xa9b0, 0xd1f4, 0xea37,
0xe257, 0x4a90, 0xca33, 0xca54, 0x2af0, 0x22ae, 0x2b73, 0x22af, 0x20e7, 0x1064,
0x0844, 0x18a5, 0x18c6, 0x2844, 0x38c6, 0x6aee, 0xb516, 0x9d97, 0xb4d5, 0x9bf2,
0x72ce, 0xad16, 0x524c, 0x1a4d, 0xd399, 0x92b2, 0x9a10, 0xc274, 0xb191, 0xa9b0,
0x996e, 0x814c, 0x712a, 0x712a, 0x712a, 0x6109, 0x48c7, 0x30a5, 0x2884, 0x2084,
0x2063, 0x2063, 0x2063, 0x2884, 0x2884, 0x3085, 0x3085, 0x38a5, 0x3944, 0x3924,
0x28c3, 0x18a2, 0x20c2, 0x28c3, 0x3924, 0x30e3, 0x28a3, 0x30c3, 0x38e4, 0x38e4,
0x38e4, 0x4104, 0x7266, 0xbd2f, 0x7d95, 0x1967, 0x0863, 0x1906, 0x29ca, 0x21a9,
0x3aae, 0x1106, 0x0821, 0x20c3, 0x20c4, 0x18a3, 0x0863, 0x0863, 0x20e5, 0x6aaa,
0xc4f2, 0xddd5, 0xe656, 0xddd5, 0xbcae, 0xb429, 0x9307, 0x4984, 0x2946, 0x1988,
0x1968, 0x2148, 0x3949, 0x3128, 0x1907, 0x10c5, 0x10c5, 0x10a4, 0x10c4, 0x0863,
0x438f, 0x9f5c, 0xcd8f, 0xdd6e, 0xc48b, 0x8287, 0x4924, 0x38e4, 0x38e3, 0x38e4,
0x30c3, 0x28a3, 0x30e3, 0x3924, 0x28e3, 0x20a3, 0x1882, 0x28c3, 0x3924, 0x3944,
0x1a4a, 0x230d, 0x1aec, 0x1aab, 0x22ec, 0x232d, 0x2b6e, 0x2bf0, 0x3451, 0x3492,
0x3d14, 0x779d, 0x775c, 0x22aa, 0x1966, 0x1986, 0x1966, 0x1986, 0x1986, 0x1966,
0x19a7, 0x19c8, 0x19e8, 0x19e8, 0x19e8, 0x19e8, 0x19e8, 0x19a7, 0x330d, 0x32ec,
0x3b6e, 0x3b6e, 0x3b0d, 0x3b4e, 0x2a8b, 0x1125, 0x0041, 0x0041, 0x08a2, 0x10c3,
0x10c3, 0x1082, 0x1082, 0x10c3, 0x1925, 0x10c3, 0x18c3, 0x18e4, 0x18e4, 0x18e4,
0x18e4, 0x18e4, 0x10a3, 0x10a2, 0x10e3, 0x08a3, 0x10a3, 0x10c3, 0x0882, 0x0862,
0x0041, 0x10e4, 0x5e78, 0x5679, 0x232d, 0x232d, 0x1aab, 0x1a6a, 0x1a4a, 0x1a49,
0x1a29, 0x1a29, 
0x19a9, 0x21ca, 0x1988, 0x1126, 0x1105, 0x10e5, 0x1105, 0x1126, 0x1147, 0x1967,
0x1988, 0x31ec, 0x520e, 0x58ea, 0x1063, 0x2084, 0x18a4, 0x0863, 0x08e4, 0x2084,
0x4888, 0x5889, 0x2885, 0x08a3, 0x18e5, 0x18e4, 0x1905, 0x1905, 0x10c4, 0x2147,
0x1947, 0x21a9, 0x1988, 0x10e5, 0x21ea, 0x222b, 0x21a8, 0x4187, 0x5a2b, 0x736f,
0x8c52, 0x83f1, 0x83b0, 0x49e9, 0x10a3, 0x10a3, 0x1083, 0x1063, 0x10a4, 0x08c4,
0x3886, 0x70ec, 0x790e, 0x618f, 0x31cb, 0x21aa, 0x19a9, 0x19a9, 0x19a9, 0x21ca,
0x21ca, 0x1968, 0x1126, 0x10e5, 0x10e5, 0x10c4, 0x10c4, 0x10c4, 0x10e5, 0x10e4,
0x10e5, 0x1105, 0x18c4, 0x18e4, 0x2104, 0x3144, 0x3985, 0x3985, 0x3164, 0x2924,
0x18e4, 0x18c4, 0x10c4, 0x10c4, 0x10c4, 0x10c4, 0x18c4, 0x18c3, 0x3984, 0x8b06,
0x6204, 0x9306, 0x6204, 0x18a2, 0x1082, 0x51e6, 0x7aea, 0x832b, 0x93cd, 0x93ee,
0x940e, 0x9c6f, 0xa4d1, 0xa4f1, 0xad12, 0xad33, 0xad33, 0xad33, 0xad33, 0xad33,
0xad33, 0xad33, 0xad32, 0xacf2, 0xa4d1, 0xa490, 0x9c4f, 0x93ee, 0x93ad, 0x7b0a,
0x7b0b, 0x3965, 0x18a2, 0x1882, 0x32aa, 0x3b0c, 0x4bf0, 0x5cf4, 0x10e4, 0x1904,
0x10c4, 0x10c3, 0x10c3, 0x10c3, 0x10c3, 0x10c3, 0x10c3, 0x18e4, 0x3985, 0x6aa7,
0x8348, 0x8b68, 0x7b27, 0x5226, 0x43ef, 0x330b, 0x2a89, 0x2aaa, 0x2aaa, 0x2aca,
0x2acb, 0x32eb, 0x332c, 0x334c, 0x33ad, 0x5dd5, 0x979b, 0x9fbc, 0x7698, 0x44b1,
0x4d12, 0x4c6f, 0x18e3, 0x10c3, 0x10a2, 0x10a2, 0x18c3, 0x18a3, 0x18c3, 0x18c3,
0x20c3, 0x2104, 0x2924, 0x69e6, 0x834b, 0xc593, 0xc593, 0xc5b4, 0xc5d4, 0xc5d4,
0xc5d4, 0xc5d4, 0xc593, 0xc552, 0xbcf0, 0xb48f, 0xac2e, 0xa3ed, 0x830a, 0x3123,
0x18a3, 0x18e3, 0x18c3, 0x18a2, 0x1082, 0x21c6, 0x4450, 0x44b1, 0x4491, 0x5553,
0x7f19, 0x9fbc, 0x875a, 0x4d12, 0x336d, 0x334c, 0x332c, 0x330b, 0x2aeb, 0x2acb,
0x2aaa, 0x2aaa, 0x2a8a, 0x334c, 0x43ee, 0x3aca, 0x10a6, 0x18a6, 0x18a6, 0x18a7,
0x20a7, 0x20c7, 0x20c8, 0x20e9, 0x28e9, 0x28e9, 0x28a9, 0x30aa, 0x48ed, 0x89f5,
0xcb5b, 0xf5be, 0xe43d, 0xa238, 0x6a13, 0x5211, 0x51af, 0x418d, 0x314b, 0x49ae,
0x62d3, 0x73b6, 0x7cb9, 0x8d9a, 0x8d5a, 0x959b, 0x9e1c, 0x9e5c, 0x9e9c, 0xa6fd,
0xaf5e, 0xaf9e, 0xaf5e, 0xa6fd, 0x9e7c, 0x9dfc, 0x9d9b, 0x955a, 0x8cd9, 0x7c78,
0x7c78, 0x7376, 0x5a51, 0x49ef, 0x4a2f, 0x4a0f, 0x51f1, 0xa298, 0xec3d, 0xe4fd,
0xe4dd, 0x6131, 0x50ee, 0x38eb, 0x28c9, 0x30aa, 0x70d2, 0x2088, 0x2086, 0x2086,
0x2087, 0x18a6, 0x1886, 0x1865, 0x1845, 0x1844, 0x1044, 0x1044, 0x6c30, 0x6c30,
0x6c31, 0x6c51, 0x6c31, 0xb4ce, 0xfe51, 0x94d0, 0x6451, 0x6c51, 0x6c31, 0x6c31,
0x6c10, 0x6410, 0x6410, 0x6410, 0x6430, 0x6430, 0x6c31, 0x6c51, 0x6c51, 0x6c92,
0x7492, 0x74d2, 0x7cf3, 0x4a08, 0x20e3, 0x4185, 0xa36b, 0xbc0c, 0xcccf, 0xd550,
0xe614, 0xddf3, 0xddf3, 0xddb2, 0xd551, 0xcd10, 0xc4ae, 0xbc8e, 0xabab, 0x9b2a,
0x8ac9, 0x7a06, 0x82c9, 0x41a6, 0x18a3, 0x4a8a, 0x8595, 0x6c72, 0x6c71, 0x6c51,
0x6c51, 0x6c51, 0x6c31, 0x6c31, 0x6c30, 0x6c30, 0x6c30, 0x6c30, 0x6410, 0x6410,
0x6410, 0x6410, 0x6c30, 0x6c30, 0x63cf, 0x63d0, 0x7bad, 0x83ac, 0x4b0d, 0x530c,
0x95b6, 0x95d7, 0x9df7, 0x9df7, 0x95b6, 0x2166, 0x6555, 0x5471, 0x1945, 0x29c7,
0x29a7, 0x29a7, 0x2166, 0x53af, 0xaf1b, 0xaefb, 0xaf1b, 0xb71b, 0x3a28, 0x3186,
0x938c, 0xa3ab, 0xb44d, 0xbcae, 0xc4ef, 0xcd30, 0xcd51, 0xcd71, 0xd592, 0xd5b2,
0xd5d3, 0xde14, 0xde34, 0xde35, 0xde34, 0xd5d3, 0xcd51, 0xc4f0, 0xa3cc, 0x932a,
0x8b09, 0x3165, 0x2124, 0x18e3, 0x1082, 0x0882, 0x0861, 0x10e3, 0x4aec, 0xb71b,
0xb71b, 0xb71b, 0xaf1b, 0xaefb, 0xb73c, 0x8df7, 0x29e8, 0x21a7, 0x29c7, 0x29a7,
0x29a7, 0x29a7, 0x21c7, 0x7e99, 0x2aaa, 0x4b2d, 0x9df8, 0x95b6, 0x95d7, 0x95b6,
0x95d7, 0x534d, 0x31a7, 0x81e8, 0x9208, 0x4a08, 0x4a29, 0x4a49, 0x4a49, 0x4a49,
0x4249, 0x4269, 0x4a6a, 0x4aab, 0x4a8b, 0x52cc, 0x5b0c, 0x530c, 0x530c, 0x5b2d,
0x5b2d, 0x52ec, 0x6bf0, 0x4b2c, 0xa9a7, 0x79c7, 0x2125, 0x3145, 0x3146, 0x3145,
0x39a7, 0x39c7, 0x3166, 0x39a7, 0x4208, 0x4a8b, 0x426a, 0x426a, 0x426a, 0x426a,
0x426a, 0x39c7, 0x39a7, 0x3145, 0x39e8, 0x3186, 0x3165, 0x3165, 0x3145, 0x2104,
0xa209, 0x7986, 0x53f0, 0x5b6e, 0x532d, 0x530d, 0x52ec, 0x4aec, 0x4acc, 0x4acb,
0x4aab, 0x4a8b, 0x428a, 0x426a, 0x426a, 0x726a, 0x5249, 0x3a29, 0x3a08, 0x39e8,
0x39e8, 0x39e8, 0x39c7, 0x39c7, 0x2c11, 0x5538, 0x6373, 0x51ec, 0x596b, 0x592a,
0x5929, 0x712b, 0x790b, 0x48a6, 0x2863, 0x2863, 0x2063, 0x3084, 0x2063, 0x1082,
0x18c3, 0x10a3, 0x2884, 0x40a6, 0x48a6, 0x60c8, 0x70ea, 0x810b, 0xa94f, 0xa96f,
0x58e9, 0x28a4, 0x18c4, 0x2105, 0x2126, 0x2106, 0x18e4, 0x18a4, 0x10a3, 0x1082,
0x1062, 0x1062, 0x1062, 0x1062, 0x1062, 0x0841, 0x1083, 0x39c8, 0x4a2b, 0x420a,
0x41ea, 0x41c9, 0x3967, 0x3a0a, 0x3aec, 0x0841, 0x10e4, 0x10a3, 0x32cc, 0x4df8,
0x33d0, 0x1106, 0x1167, 0x1146, 0x1147, 0x1147, 0x1147, 0x1147, 0x1147, 0x1967,
0x21e9, 0x2a4b, 0x2a6c, 0x328c, 0x2a4b, 0x2187, 0x38a5, 0x30a5, 0x2884, 0x2884,
0x2884, 0x2884, 0x2884, 0x2884, 0x2884, 0x28a4, 0x28a5, 0x30a5, 0x30a5, 0x38c6,
0x40c6, 0x48e7, 0x50e7, 0x58e8, 0x6109, 0x692a, 0x814c, 0xa990, 0xc9f4, 0xf237,
0x7a31, 0x89ef, 0xe1f3, 0x4b73, 0x2c34, 0x3d18, 0x2b30, 0x4128, 0x8b71, 0xa494,
0x522b, 0x1064, 0x28e7, 0x8350, 0xc597, 0xde5a, 0xcdd8, 0x9d57, 0xb4f5, 0x9bd2,
0x7aee, 0xa4b5, 0x732f, 0x118a, 0xc378, 0xcaf5, 0xaa73, 0xd9d4, 0xd214, 0xd1f4,
0xb9d2, 0x996e, 0x794b, 0x792b, 0x792b, 0x690a, 0x50e7, 0x38a6, 0x3085, 0x2884,
0x2063, 0x2063, 0x2064, 0x2884, 0x2884, 0x30a5, 0x38a6, 0x40c6, 0x4985, 0x3944,
0x28e3, 0x18a2, 0x20c3, 0x28e3, 0x3924, 0x30e3, 0x28a3, 0x30c3, 0x38e4, 0x38e4,
0x38e4, 0x40e4, 0x3904, 0x632b, 0x6d55, 0x1967, 0x0863, 0x1947, 0x2148, 0x21a9,
0x324c, 0x10a4, 0x38e4, 0x6186, 0x828a, 0x9b8d, 0x8b2b, 0x5228, 0xac70, 0xe615,
0xee77, 0xeed8, 0xeef9, 0xcdd4, 0xee51, 0xdd8d, 0x936a, 0xb42f, 0xa38d, 0x2904,
0x08c5, 0x10e5, 0x1106, 0x2107, 0x2107, 0x1906, 0x10e5, 0x10c5, 0x10a4, 0x1125,
0x2a6a, 0x7efb, 0xadb2, 0x9b8a, 0x61e6, 0x40e4, 0x40e4, 0x40e4, 0x38e4, 0x38e4,
0x30c3, 0x28a3, 0x30e3, 0x3924, 0x28e3, 0x20c3, 0x18a2, 0x28c3, 0x3924, 0x51a5,
0x1a6a, 0x230d, 0x230c, 0x22ec, 0x234e, 0x238f, 0x2baf, 0x2c31, 0x3492, 0x3492,
0x4dd6, 0x87ff, 0x4d34, 0x19a7, 0x1986, 0x1966, 0x1166, 0x1966, 0x1966, 0x1966,
0x19a7, 0x19c8, 0x19e8, 0x19e8, 0x19e8, 0x19c7, 0x1986, 0x3b2d, 0x3b4d, 0x3b6e,
0x3b6e, 0x3b4d, 0x438e, 0x32ab, 0x10e4, 0x0041, 0x0861, 0x10c3, 0x10c3, 0x10a3,
0x10a2, 0x18c3, 0x10c3, 0x1925, 0x1904, 0x10a3, 0x18e4, 0x18e4, 0x2125, 0x2145,
0x2125, 0x2104, 0x18c3, 0x0882, 0x1104, 0x08a2, 0x10c3, 0x10e3, 0x08a2, 0x0882,
0x0061, 0x0021, 0x22aa, 0x679d, 0x2c31, 0x230d, 0x1acb, 0x1a8b, 0x1a6a, 0x1a49,
0x1a29, 0x1a6a, 
0x1988, 0x21ca, 0x19ca, 0x1988, 0x1126, 0x1106, 0x1106, 0x1126, 0x1147, 0x1967,
0x1188, 0x49ed, 0x614c, 0x2084, 0x1883, 0x28a5, 0x1083, 0x0883, 0x10a4, 0x4066,
0x5088, 0x3065, 0x0882, 0x10c4, 0x10c4, 0x18c4, 0x10c4, 0x10a3, 0x18e5, 0x1905,
0x1926, 0x1906, 0x10a3, 0x1926, 0x2188, 0x1946, 0x3988, 0x62ad, 0x84b4, 0x8d15,
0x8c94, 0x8c32, 0x83d1, 0x7b4e, 0x41a8, 0x18a3, 0x1063, 0x1083, 0x1062, 0x10e4,
0x20c6, 0x80ed, 0xa172, 0x39ed, 0x19ea, 0x19a9, 0x19a9, 0x19a9, 0x19a9, 0x19a9,
0x1988, 0x1946, 0x1105, 0x10e5, 0x10e5, 0x10c5, 0x10e5, 0x10e5, 0x10e5, 0x10e5,
0x1105, 0x1105, 0x18c4, 0x18e4, 0x2924, 0x41c5, 0x5226, 0x5a46, 0x4a06, 0x3985,
0x2104, 0x18c4, 0x18c4, 0x18c4, 0x18c4, 0x18c4, 0x18e4, 0x18c3, 0x51e5, 0x7aa6,
0x61e4, 0xa327, 0x4164, 0x1062, 0x2903, 0xabea, 0x7ac9, 0x832b, 0x93cd, 0x93ee,
0x940e, 0x9c4f, 0xa4b1, 0xa4d1, 0xa4f2, 0xad12, 0xad33, 0xad33, 0xad33, 0xad33,
0xad33, 0xad33, 0xad12, 0xacf2, 0xa4d1, 0xa490, 0x9c2f, 0x93ee, 0x93ad, 0x7aca,
0x840f, 0x632c, 0x1881, 0x2104, 0x2a08, 0x4c31, 0x432d, 0x5cf4, 0x1946, 0x1904,
0x18c4, 0x10c3, 0x10c3, 0x10c3, 0x10c3, 0x10c4, 0x10c4, 0x18e4, 0x41c5, 0x7b07,
0x9bc8, 0x9bc9, 0x8b68, 0x5a46, 0x440f, 0x332c, 0x2a8a, 0x2aaa, 0x2aaa, 0x2acb,
0x2aeb, 0x330b, 0x332c, 0x334d, 0x3bce, 0x5df5, 0x979b, 0xa7bc, 0x7698, 0x44d2,
0x5553, 0x3bad, 0x18e4, 0x18e3, 0x10a2, 0x18a3, 0x18a3, 0x18a3, 0x18c3, 0x18c3,
0x20e3, 0x20e4, 0x4985, 0x8b0a, 0xa46e, 0xc572, 0xc593, 0xc5b3, 0xc5d3, 0xc5d3,
0xc5b3, 0xc5b3, 0xc593, 0xc552, 0xbd11, 0xb4af, 0xac4e, 0xa3ed, 0x9bac, 0x6a47,
0x18a2, 0x18c3, 0x18a2, 0x10a2, 0x1082, 0x18e3, 0x442f, 0x4cf2, 0x4491, 0x5574,
0x873a, 0xa7dc, 0x8f5b, 0x4d33, 0x338d, 0x336d, 0x334c, 0x330c, 0x32eb, 0x2aeb,
0x2acb, 0x2aaa, 0x2aaa, 0x334c, 0x43ef, 0x3acb, 0x18e7, 0x18c7, 0x18c6, 0x2087,
0x20c8, 0x20e8, 0x20c8, 0x20e8, 0x2909, 0x28c9, 0x30a9, 0x38cb, 0x40ed, 0x9255,
0xf4be, 0xdbdd, 0xb2b9, 0x79f4, 0x6191, 0x514e, 0x414c, 0x314a, 0x49ae, 0x62d3,
0x6b75, 0x73f7, 0x84f9, 0x8d7a, 0x957b, 0x9ddb, 0x9e5c, 0xa69d, 0xa6fd, 0xaf5e,
0xb77e, 0xb77e, 0xaf7e, 0xaf3e, 0xaefd, 0x9e7c, 0x9ddb, 0x95bb, 0x8cfa, 0x9459,
0x7c98, 0x73d6, 0x6af4, 0x5a31, 0x41ad, 0x41ad, 0x418d, 0x494e, 0x9236, 0xed1e,
0xfe5f, 0x81f4, 0x48ee, 0x38eb, 0x30ca, 0x28a9, 0x30a9, 0x2087, 0x2086, 0x2066,
0x20a7, 0x18c7, 0x1845, 0x1845, 0x1845, 0x1844, 0x1845, 0x1845, 0x6c51, 0x6c51,
0x6c51, 0x6c51, 0x6c51, 0x6c30, 0xcd90, 0xfeb2, 0x94b0, 0x6c72, 0x6c71, 0x6c51,
0x6c30, 0x6c51, 0x6c51, 0x6c31, 0x6c31, 0x6c51, 0x6c51, 0x6c71, 0x7492, 0x7492,
0x74b2, 0x6cb2, 0x7cd3, 0x4a29, 0x2904, 0x93ac, 0xb3ec, 0xdd30, 0xe5d2, 0xdd71,
0xddf3, 0xe655, 0xd571, 0xd551, 0xd551, 0xd551, 0xddd3, 0xcd51, 0xb3ec, 0x9b2a,
0xabab, 0x92a8, 0x8aea, 0x8c2f, 0x2904, 0x4249, 0x8575, 0x6c72, 0x6c72, 0x6c71,
0x6c71, 0x6c51, 0x6c51, 0x6c51, 0x6c51, 0x6c51, 0x6c31, 0x6c30, 0x6c31, 0x6c51,
0x6c51, 0x6c71, 0x6c71, 0x6c71, 0x6bef, 0x63cf, 0x6b8d, 0x736c, 0x532d, 0x530c,
0x8555, 0x8d75, 0x95b6, 0x95d7, 0x8d96, 0x2186, 0x5cb2, 0x5c92, 0x1945, 0x29c7,
0x29a7, 0x29a7, 0x2166, 0x53af, 0xa6fb, 0xa6da, 0xa6fb, 0xb71c, 0x31e7, 0x4249,
0x9bee, 0xa38a, 0xb44d, 0xbc8e, 0xc4cf, 0xcd10, 0xcd51, 0xcd71, 0xd591, 0xd592,
0xd5b2, 0xd5d3, 0xd5f3, 0xde14, 0xd614, 0xd5d3, 0xcd31, 0xc4cf, 0xa38b, 0x9329,
0x7288, 0x2104, 0x18e3, 0x18c3, 0x10a2, 0x1061, 0x0841, 0x1904, 0x7cf3, 0xb71b,
0xaf1b, 0xaf1b, 0xaefb, 0xaefb, 0xaf1b, 0x8df7, 0x29e8, 0x21a7, 0x29c7, 0x29c7,
0x29a7, 0x29a7, 0x21e8, 0x7e38, 0x2a49, 0x534d, 0x8db6, 0x8d76, 0x8d96, 0x8d75,
0x8d96, 0x4b2c, 0x31a7, 0x89e8, 0x9a09, 0x4a08, 0x4a29, 0x4a29, 0x4a49, 0x4a49,
0x4249, 0x4249, 0x4a6a, 0x4aab, 0x4a8b, 0x52cb, 0x5b0c, 0x52ec, 0x530c, 0x5b0d,
0x530d, 0x638f, 0x7d35, 0x29a6, 0x50e4, 0x6125, 0x2945, 0x3945, 0x3125, 0x3145,
0x3966, 0x41e8, 0x39a6, 0x3966, 0x41e8, 0x4229, 0x4208, 0x4228, 0x4208, 0x4208,
0x4229, 0x39a7, 0x3945, 0x39a7, 0x41e7, 0x3966, 0x3145, 0x3145, 0x3945, 0x3124,
0x7165, 0x38a2, 0x428a, 0x7cf4, 0x5b2d, 0x530d, 0x52ec, 0x52ec, 0x4acb, 0x4acb,
0x4aab, 0x4a8a, 0x426a, 0x426a, 0x426a, 0x724a, 0x5249, 0x3a09, 0x4208, 0x39e8,
0x39e8, 0x39e8, 0x39c7, 0x39c7, 0x2432, 0x2e59, 0x4433, 0x71ee, 0x99af, 0x996e,
0x794b, 0x790b, 0x60e8, 0x60e9, 0x40a6, 0x2863, 0x3064, 0x3084, 0x0862, 0x1083,
0x1083, 0x2863, 0x38a5, 0x3885, 0x48a6, 0x58c8, 0x70e9, 0x892c, 0x60e9, 0x30a5,
0x48e7, 0x5149, 0x3989, 0x3189, 0x2947, 0x18c4, 0x18a4, 0x18a4, 0x18a3, 0x10a3,
0x1082, 0x1062, 0x1062, 0x1062, 0x1062, 0x18a3, 0x420a, 0x52ad, 0x4a6c, 0x4a4b,
0x4a2b, 0x420a, 0x41c9, 0x3146, 0x53d0, 0x21a7, 0x0862, 0x1925, 0x21a8, 0x5639,
0x3c72, 0x1105, 0x1967, 0x1147, 0x1147, 0x1147, 0x1147, 0x1147, 0x1147, 0x1967,
0x21e9, 0x2a6b, 0x328c, 0x32ac, 0x2a4b, 0x2187, 0x38a5, 0x30a5, 0x2884, 0x2884,
0x30a5, 0x30a5, 0x30a5, 0x30a5, 0x30a5, 0x30a5, 0x30a5, 0x38a5, 0x38c6, 0x40c6,
0x48e7, 0x50e7, 0x58e8, 0x58e8, 0x6109, 0x712a, 0x814c, 0xa990, 0xd1f4, 0xca15,
0x7250, 0xc990, 0x7230, 0x2c55, 0x3ede, 0x34f7, 0x3949, 0x8b50, 0xd65a, 0xeefc,
0xe6dc, 0xad15, 0xc5b8, 0xef1c, 0xe6bb, 0xde7a, 0xd619, 0x9d77, 0xad16, 0x9bb2,
0x82ef, 0x9c34, 0x7b70, 0x1148, 0xb397, 0xe276, 0xcab6, 0xe1f6, 0xe237, 0xe236,
0xc9f4, 0xa18f, 0x814c, 0x792b, 0x812b, 0x710a, 0x50e8, 0x38a6, 0x30a5, 0x2884,
0x2064, 0x2063, 0x2064, 0x2884, 0x3085, 0x38a6, 0x48c7, 0x50c8, 0x9beb, 0x4164,
0x28e3, 0x20a2, 0x20c3, 0x28e3, 0x4144, 0x30e3, 0x28a3, 0x30c3, 0x40e4, 0x38e4,
0x38e4, 0x4104, 0x4125, 0x52cb, 0x5d55, 0x1105, 0x10c5, 0x1926, 0x1927, 0x2148,
0x29ea, 0x28e4, 0x5965, 0x7a28, 0xb42f, 0xc4f1, 0xd552, 0xddb4, 0xe5f5, 0xe636,
0xee97, 0xeef9, 0xef1a, 0xd5d3, 0xcd8f, 0xac4b, 0xb490, 0xcd12, 0xc470, 0x934b,
0x18c4, 0x08c4, 0x1906, 0x1106, 0x10e5, 0x10c5, 0x10c5, 0x10c5, 0x10a4, 0x10c4,
0x3b4e, 0x65f8, 0x6d75, 0x5a28, 0x4945, 0x4104, 0x4104, 0x40e4, 0x38e4, 0x40e4,
0x30c3, 0x30a3, 0x30e3, 0x4144, 0x28e3, 0x20c3, 0x20a2, 0x28c3, 0x3944, 0x93ab,
0x1acb, 0x1b0c, 0x1acb, 0x236e, 0x2bcf, 0x2baf, 0x2bcf, 0x2c31, 0x3492, 0x34b3,
0x5eda, 0x77bd, 0x2b4d, 0x1986, 0x1986, 0x1146, 0x1166, 0x1966, 0x1966, 0x1986,
0x19c7, 0x19c8, 0x19e8, 0x19c7, 0x2209, 0x19a7, 0x32ec, 0x43cf, 0x43cf, 0x43cf,
0x3b6e, 0x438e, 0x2a8a, 0x0882, 0x0041, 0x0882, 0x10a3, 0x10c3, 0x10a3, 0x10c3,
0x1904, 0x18e4, 0x1904, 0x1925, 0x10a3, 0x18e4, 0x2145, 0x2986, 0x29a7, 0x29a6,
0x2966, 0x2145, 0x2104, 0x1082, 0x10e4, 0x10a3, 0x08a2, 0x1104, 0x08a3, 0x08a3,
0x0061, 0x0061, 0x0882, 0x4513, 0x4e17, 0x1aec, 0x1aec, 0x1aab, 0x1a6a, 0x1a6a,
0x1a49, 0x1a6a, 
0x1967, 0x19a9, 0x21c9, 0x19ca, 0x1988, 0x1147, 0x1126, 0x1126, 0x1147, 0x1167,
0x398b, 0x612c, 0x2884, 0x1863, 0x28a5, 0x2885, 0x1083, 0x0883, 0x2865, 0x4867,
0x4066, 0x0862, 0x10a3, 0x10a3, 0x10a4, 0x10c4, 0x1083, 0x18c4, 0x18c4, 0x18e5,
0x10c4, 0x10a4, 0x18c4, 0x1926, 0x10c4, 0x2106, 0x5a4b, 0x84f5, 0x9598, 0x9536,
0x8cd4, 0x8c53, 0x8bf1, 0x8390, 0x730d, 0x51c8, 0x20a3, 0x0862, 0x1063, 0x1864,
0x38c7, 0x60ab, 0xa952, 0x61cf, 0x11c9, 0x21aa, 0x19a9, 0x1989, 0x1989, 0x1988,
0x1947, 0x1106, 0x1105, 0x10e5, 0x10e5, 0x10e5, 0x10e5, 0x10e5, 0x10e5, 0x10e5,
0x1105, 0x1105, 0x18c4, 0x18e4, 0x3165, 0x5a46, 0x72e7, 0x7b07, 0x6ac7, 0x4a06,
0x2944, 0x18c4, 0x18c4, 0x18c4, 0x18c4, 0x18e4, 0x18e4, 0x18c3, 0x6246, 0x6205,
0x6a25, 0x8ac6, 0x2903, 0x0841, 0x72a7, 0xf5ce, 0x7ac9, 0x7b0b, 0x8bcd, 0x93cd,
0x93ee, 0x9c2e, 0x9c90, 0xa4d1, 0xa4f2, 0xad12, 0xad33, 0xad33, 0xad33, 0xad33,
0xad33, 0xad33, 0xad12, 0xacf2, 0xa4b1, 0x9c4f, 0x9c2f, 0x93ee, 0x8bad, 0x7ac9,
0x84b1, 0x8e38, 0x2904, 0x18c3, 0x3aab, 0x5cd3, 0x3acb, 0x5492, 0x21a7, 0x18e4,
0x18e4, 0x18c4, 0x18c4, 0x10c4, 0x10c4, 0x10c4, 0x10c4, 0x18e4, 0x41c5, 0x7b27,
0x9be9, 0xa3e9, 0x9388, 0x6266, 0x440f, 0x332c, 0x2a8a, 0x2aaa, 0x2acb, 0x2aeb,
0x330b, 0x332c, 0x334c, 0x336d, 0x3bce, 0x65f5, 0x979b, 0xa7bc, 0x7698, 0x4cf2,
0x5573, 0x32eb, 0x1904, 0x18e3, 0x1082, 0x18a2, 0x18a3, 0x18a3, 0x18a3, 0x20c3,
0x18c3, 0x2104, 0x7aa8, 0xac6e, 0xac8f, 0xc552, 0xc572, 0xc5b3, 0xc5b3, 0xc5b3,
0xc5b3, 0xc5b3, 0xc593, 0xc552, 0xbd11, 0xbcb0, 0xac4e, 0xa3ed, 0x9bac, 0x8b2a,
0x4985, 0x1082, 0x18a2, 0x1082, 0x1082, 0x1062, 0x3b0b, 0x5573, 0x44b1, 0x5594,
0x8f3a, 0xa7dc, 0x8f5b, 0x4d33, 0x3bae, 0x336d, 0x334c, 0x332c, 0x330b, 0x32eb,
0x2acb, 0x2acb, 0x2aaa, 0x3b6d, 0x43ef, 0x3acb, 0x18a6, 0x18a6, 0x18a6, 0x2086,
0x20a7, 0x20a7, 0x2067, 0x2087, 0x2088, 0x28a9, 0x30aa, 0x38eb, 0x496f, 0x79b3,
0xe4bd, 0xbabb, 0x8976, 0x7994, 0x514f, 0x396c, 0x39ac, 0x41ce, 0x6272, 0x6b34,
0x73b6, 0x7c17, 0x84d9, 0x8d9a, 0x959b, 0x9ddb, 0xa67c, 0xaedd, 0xaf1e, 0xaf7e,
0xaf7e, 0xaf5e, 0xaf3e, 0xaf1e, 0xaf3e, 0xa6dd, 0xa5dc, 0x95db, 0x951a, 0x9479,
0x7cb8, 0x73d7, 0x6b35, 0x6293, 0x5a51, 0x420f, 0x416d, 0x496e, 0x492e, 0x8154,
0xed3d, 0xc45a, 0x50cf, 0x38eb, 0x30ca, 0x28a9, 0x2088, 0x2087, 0x2066, 0x2066,
0x20a7, 0x18a6, 0x1845, 0x1845, 0x1845, 0x1844, 0x1824, 0x1845, 0x7471, 0x6c71,
0x6c71, 0x6c51, 0x6c71, 0x6c72, 0x7450, 0xde11, 0xf672, 0x8491, 0x6c92, 0x7471,
0x6c31, 0x7492, 0x6c71, 0x6c71, 0x6c71, 0x6c71, 0x7492, 0x74b2, 0x74b2, 0x74b2,
0x74b2, 0x8d75, 0x6c30, 0x2104, 0x62a9, 0xde36, 0xb42d, 0x7ae9, 0x9bcc, 0xddb2,
0xedf3, 0xe634, 0xe5d3, 0xd571, 0xddb2, 0xddd3, 0xe634, 0xccf0, 0xbc2d, 0x9b4a,
0x7267, 0x5164, 0x82a9, 0xd6fa, 0x5aeb, 0x3186, 0x7cf3, 0x7d13, 0x6c72, 0x7492,
0x7472, 0x6c71, 0x6c71, 0x6c71, 0x6c51, 0x6c51, 0x6c51, 0x6c71, 0x7492, 0x7492,
0x7492, 0x7492, 0x7492, 0x7492, 0x6bf0, 0x6bf0, 0x636d, 0x634c, 0x532d, 0x530d,
0x74b3, 0x7cf3, 0x8535, 0x8d75, 0x8555, 0x2186, 0x5cd3, 0x5c71, 0x1946, 0x29c7,
0x29c7, 0x29c7, 0x2166, 0x53ae, 0x9efb, 0x9eba, 0xa6fb, 0xa6ba, 0x428a, 0x5b2c,
0xa450, 0x9b4a, 0xb42d, 0xbc8e, 0xc4af, 0xc4f0, 0xcd30, 0xcd51, 0xcd51, 0xcd71,
0xd592, 0xd5b2, 0xd5d3, 0xd5f3, 0xd5f3, 0xd5b2, 0xc510, 0xbcaf, 0x9b6a, 0x9309,
0x7a88, 0x20e3, 0x18c2, 0x18c2, 0x18a2, 0x18a2, 0x1061, 0x18e4, 0x7cd3, 0xb73c,
0xa6fb, 0xaefb, 0xa6fb, 0xa6da, 0xaf1b, 0x85d7, 0x29e8, 0x21a7, 0x29c8, 0x29c7,
0x29c7, 0x29a7, 0x21e8, 0x7e38, 0x2a49, 0x4b2d, 0x8555, 0x7d14, 0x7d14, 0x7cd3,
0x7d14, 0x4aec, 0x31a7, 0x89e8, 0x9a09, 0x4a08, 0x4a29, 0x4a29, 0x4a49, 0x4a49,
0x4249, 0x4249, 0x4a4a, 0x528b, 0x4a8a, 0x52cb, 0x5aec, 0x52ec, 0x52ec, 0x530c,
0x530c, 0x6c51, 0x426a, 0x2904, 0x30e3, 0x38a2, 0x28c3, 0x3904, 0x4165, 0x4986,
0x4145, 0x4165, 0x49e8, 0x51e8, 0x49c7, 0x49e8, 0x49c7, 0x49e7, 0x49e8, 0x49c7,
0x49e8, 0x49a7, 0x49e8, 0x49c7, 0x4166, 0x4165, 0x49a7, 0x4165, 0x3104, 0x30c3,
0x48a3, 0x30e3, 0x2904, 0x4aec, 0x7451, 0x52cc, 0x52ec, 0x52cc, 0x4acb, 0x4aab,
0x4a8b, 0x4a8a, 0x426a, 0x426a, 0x426a, 0x724a, 0x5229, 0x3a08, 0x4208, 0x39e8,
0x39e8, 0x39e8, 0x39c7, 0x39c7, 0x2c32, 0x3659, 0x1cd3, 0x0a09, 0x0925, 0x1105,
0x816e, 0x714c, 0x714b, 0x810b, 0x3084, 0x2864, 0x3885, 0x1863, 0x0862, 0x1083,
0x2063, 0x3885, 0x3084, 0x4085, 0x40a6, 0x58c8, 0x68e9, 0x40a6, 0x58c8, 0x992e,
0x896d, 0x61ab, 0x4189, 0x2106, 0x18c4, 0x1905, 0x2126, 0x18e4, 0x1083, 0x1062,
0x1062, 0x1062, 0x1062, 0x1062, 0x18a3, 0x4a4b, 0x5aee, 0x52cd, 0x52ad, 0x528c,
0x4a6b, 0x4a2a, 0x4209, 0x3967, 0x42ac, 0x43f0, 0x0801, 0x1946, 0x2187, 0x4493,
0x4472, 0x10e5, 0x1967, 0x1946, 0x1947, 0x1947, 0x1147, 0x1146, 0x1947, 0x1967,
0x21e9, 0x2a6c, 0x328c, 0x32ad, 0x2a4b, 0x2187, 0x38a5, 0x30a5, 0x3085, 0x3085,
0x30a5, 0x30a5, 0x38a5, 0x38a5, 0x38c6, 0x38c6, 0x38c6, 0x40c6, 0x40c6, 0x48e7,
0x50e8, 0x58e8, 0x5908, 0x6109, 0x6909, 0x712a, 0x894c, 0xa9b0, 0xd1f4, 0xa9f2,
0x920f, 0xa16e, 0x32af, 0x3579, 0x3e7d, 0x3acf, 0x724d, 0xc5b8, 0xde9b, 0xe6db,
0xeefb, 0xf75d, 0xef3c, 0xe6db, 0xe6db, 0xde9a, 0xd619, 0x9d77, 0xbd36, 0x9bd2,
0x7acf, 0x9c14, 0x83b1, 0x08e7, 0x9b55, 0xf257, 0xda56, 0xe236, 0xea58, 0xea57,
0xd215, 0xa990, 0x814c, 0x792b, 0x812b, 0x710a, 0x50e8, 0x38a6, 0x30a5, 0x2884,
0x2864, 0x2064, 0x2864, 0x2884, 0x38a5, 0x48c7, 0x58c8, 0x60e9, 0xc571, 0x49a5,
0x28c3, 0x20a2, 0x20c3, 0x28e3, 0x4144, 0x30e3, 0x28a3, 0x30c3, 0x40e4, 0x38e4,
0x40e4, 0x4104, 0x4125, 0x5b4d, 0x5d35, 0x10c4, 0x1906, 0x10e5, 0x1906, 0x1926,
0x21a9, 0x4104, 0x6986, 0xa38d, 0xc4b0, 0xcd12, 0xd573, 0xddb4, 0xddf5, 0xe636,
0xee77, 0xeeb8, 0xeed8, 0xe677, 0xb48e, 0xbcd0, 0xd594, 0xc4d1, 0xbc70, 0xabca,
0x59c5, 0x10e6, 0x2189, 0x2168, 0x2189, 0x1948, 0x10e5, 0x10a4, 0x08a4, 0x0863,
0x1967, 0x5d35, 0x6596, 0x5b4d, 0x5146, 0x40e4, 0x4104, 0x40e4, 0x38e4, 0x40e4,
0x30c3, 0x30a3, 0x30e3, 0x4144, 0x30e3, 0x20c3, 0x20a2, 0x28c3, 0x4164, 0xb4cf,
0x22ec, 0x230d, 0x22cc, 0x232d, 0x236e, 0x2b8f, 0x2bd0, 0x34b3, 0x34b3, 0x3d14,
0x6fbd, 0x55f6, 0x1a08, 0x1986, 0x1166, 0x1145, 0x1146, 0x1966, 0x1966, 0x19c7,
0x19a7, 0x19c7, 0x19c8, 0x19c8, 0x19c8, 0x2aab, 0x4410, 0x43f0, 0x4c31, 0x43d0,
0x43d0, 0x32cb, 0x0862, 0x0041, 0x0882, 0x0882, 0x08a2, 0x10a3, 0x1082, 0x10c3,
0x18c3, 0x18e4, 0x1904, 0x1904, 0x1924, 0x2986, 0x31e7, 0x31e8, 0x3208, 0x3208,
0x31e8, 0x2986, 0x2945, 0x10c3, 0x10e3, 0x10e3, 0x0882, 0x10e3, 0x10c3, 0x10c3,
0x0882, 0x0061, 0x0061, 0x19e8, 0x4e58, 0x236e, 0x22ec, 0x1aab, 0x1a8a, 0x1a6a,
0x1a49, 0x1a49, 
0x1947, 0x1947, 0x1968, 0x19a9, 0x19c9, 0x1988, 0x1147, 0x1146, 0x1947, 0x414a,
0x58ea, 0x2064, 0x1884, 0x30a6, 0x28a5, 0x2085, 0x0883, 0x1863, 0x4066, 0x4867,
0x1863, 0x0883, 0x1083, 0x1083, 0x10a4, 0x1083, 0x10a3, 0x18c4, 0x18c4, 0x10a4,
0x18c4, 0x28e5, 0x18c4, 0x18c4, 0x18c4, 0x49c9, 0x7c33, 0x9598, 0x9556, 0x9536,
0x94d4, 0x8c53, 0x8bf1, 0x8390, 0x7b2e, 0x72ac, 0x51a8, 0x1083, 0x0862, 0x1863,
0x3065, 0x48a8, 0x790e, 0x7990, 0x21ca, 0x19a9, 0x1989, 0x1988, 0x1968, 0x1947,
0x1126, 0x1106, 0x1105, 0x10e5, 0x10e5, 0x10e5, 0x10e5, 0x1105, 0x1105, 0x1105,
0x1105, 0x1105, 0x18c4, 0x18e4, 0x3985, 0x6aa7, 0x8b88, 0x93a8, 0x8348, 0x6266,
0x3165, 0x18e4, 0x18c4, 0x18c4, 0x2104, 0x3144, 0x20e4, 0x18c3, 0x6a66, 0x4984,
0x6a25, 0x7a85, 0x4163, 0x28e2, 0xc48b, 0xfe2e, 0x8b09, 0x7aea, 0x940e, 0x940e,
0x940e, 0x9c0e, 0x9c4f, 0xa4d1, 0xad12, 0xad12, 0xad33, 0xad33, 0xad33, 0xad33,
0xad33, 0xad33, 0xad33, 0xad12, 0xa490, 0x9c6f, 0x9c4f, 0x9c2f, 0x93ad, 0x7aa9,
0x8513, 0x9fff, 0x536d, 0x1882, 0x3b0c, 0x5cf4, 0x3249, 0x4c31, 0x2a09, 0x18e4,
0x18e4, 0x18c4, 0x18c4, 0x18c4, 0x18c4, 0x18c4, 0x18c4, 0x2104, 0x49e5, 0x8327,
0xa3e9, 0xa409, 0x9388, 0x6266, 0x440f, 0x332c, 0x2a8a, 0x2aca, 0x2acb, 0x2aeb,
0x330b, 0x332c, 0x334d, 0x336d, 0x3bef, 0x65f5, 0x979b, 0xa7bc, 0x7698, 0x4d13,
0x5532, 0x2a48, 0x2165, 0x10a2, 0x10a2, 0x10a2, 0x18a3, 0x18a2, 0x18c3, 0x18c3,
0x20c2, 0x4185, 0xa3ed, 0xbcd0, 0xb4d0, 0xc551, 0xc572, 0xc593, 0xc593, 0xc593,
0xc593, 0xc593, 0xc593, 0xc552, 0xbd11, 0xbcd0, 0xb46f, 0xa40d, 0x9bcc, 0x934b,
0x7247, 0x28e3, 0x1082, 0x1082, 0x1082, 0x1082, 0x21a6, 0x5553, 0x44f2, 0x5594,
0x8f5a, 0xa7dc, 0x8f5b, 0x5533, 0x3bce, 0x3b8d, 0x336d, 0x332c, 0x330c, 0x32eb,
0x32eb, 0x2acb, 0x2aaa, 0x3b6d, 0x440f, 0x3aeb, 0x1886, 0x1845, 0x1845, 0x1846,
0x2066, 0x2067, 0x2067, 0x2067, 0x2888, 0x30a9, 0x38aa, 0x40cb, 0x590f, 0x9255,
0xed1e, 0xc27b, 0xaa19, 0x5950, 0x496f, 0x41ef, 0x420f, 0x5a51, 0x6293, 0x6b34,
0x73b6, 0x7c37, 0x84f9, 0x8d9a, 0x959b, 0x9ddb, 0xa65c, 0xaedd, 0xaf3e, 0xaf3e,
0xaf3e, 0xaf5e, 0xaf1e, 0xaedd, 0xaf1d, 0xa6bd, 0xa63c, 0x9ddc, 0x951a, 0x8458,
0x84d9, 0x7417, 0x6b35, 0x62b3, 0x6a53, 0x5ab2, 0x4a50, 0x49af, 0x81d5, 0x9216,
0xaa79, 0xe49d, 0x7993, 0x38cb, 0x30aa, 0x28a8, 0x2088, 0x2087, 0x2066, 0x2066,
0x20a7, 0x1908, 0x18c7, 0x18c7, 0x18a7, 0x18a7, 0x18a6, 0x1845, 0x74b2, 0x7492,
0x7492, 0x7492, 0x7492, 0x7492, 0x7492, 0x84b1, 0xad72, 0x8cf2, 0x74b2, 0x7471,
0x6c30, 0x74d2, 0x74b2, 0x74b2, 0x74b2, 0x74d3, 0x74d3, 0x74d3, 0x74d3, 0x7cd3,
0x74f3, 0xad13, 0x8b2b, 0x18a2, 0x9cb1, 0xce16, 0x5164, 0x4103, 0x30c2, 0x4164,
0x830a, 0xa40d, 0xbc4e, 0xb40d, 0xc48e, 0xb40d, 0xabcc, 0x8ae9, 0x6206, 0x28c3,
0x2082, 0x30e3, 0x38e2, 0xb616, 0x9533, 0x18a3, 0x7a07, 0x9c91, 0x74d3, 0x7492,
0x7492, 0x7492, 0x7492, 0x7492, 0x7492, 0x7492, 0x7492, 0x74b2, 0x74b2, 0x74b2,
0x7492, 0x74b2, 0x7492, 0x7492, 0x6bf0, 0x6bef, 0x5b4d, 0x530c, 0x530d, 0x532d,
0x63f0, 0x6c51, 0x7492, 0x7cd3, 0x7cf4, 0x2166, 0x5cd3, 0x5c71, 0x2146, 0x29c7,
0x29c7, 0x29c7, 0x2186, 0x4b8e, 0x9eda, 0x9e9a, 0x9e9a, 0xaf3c, 0x6bef, 0x6bcf,
0xacd1, 0x8ae8, 0xb42d, 0xbc6e, 0xc4cf, 0xc510, 0xcd30, 0xcd30, 0xcd51, 0xcd51,
0xcd71, 0xd571, 0xd5b2, 0xddf4, 0xd5f4, 0xcd92, 0xcd31, 0xc4cf, 0x9b6b, 0x8ac9,
0x9309, 0x6206, 0x18a2, 0x20e2, 0x20c2, 0x18a2, 0x18a2, 0x0841, 0x5bef, 0xaf1c,
0xa6da, 0xa6db, 0xa6da, 0x9eda, 0xa6fb, 0x85d7, 0x2a08, 0x21a7, 0x29e8, 0x29c7,
0x29c7, 0x29c7, 0x21e8, 0x7e38, 0x2a49, 0x4b0c, 0x7cf4, 0x6c72, 0x6c51, 0x6410,
0x6c51, 0x42ab, 0x31a7, 0x89e8, 0x9a09, 0x4a08, 0x4a29, 0x4a29, 0x4a49, 0x4a49,
0x4249, 0x4249, 0x4a49, 0x528b, 0x4a8a, 0x52cb, 0x5aec, 0x52cc, 0x52ec, 0x52cb,
0x6c10, 0x426a, 0x28e4, 0x3166, 0x30e4, 0x78c3, 0x3882, 0x3082, 0x40e3, 0x4945,
0x5165, 0x5966, 0x5165, 0x59e8, 0x59c7, 0x59e7, 0x51c7, 0x51c7, 0x51c7, 0x51c7,
0x59c7, 0x59c7, 0x59c7, 0x5965, 0x5986, 0x5165, 0x4945, 0x40c3, 0x3082, 0x60c3,
0x78e4, 0x28e4, 0x3145, 0x28e4, 0x534d, 0x63af, 0x52ab, 0x52cc, 0x4acb, 0x4aab,
0x4a8b, 0x4a8a, 0x4a6a, 0x426a, 0x424a, 0x7249, 0x5229, 0x3a08, 0x4208, 0x41e8,
0x39e8, 0x39e8, 0x39c7, 0x39c7, 0x2c73, 0x3659, 0x24b3, 0x1a09, 0x1125, 0x694b,
0x4929, 0x4949, 0xa16e, 0x58c8, 0x2863, 0x3885, 0x3885, 0x0842, 0x1082, 0x1863,
0x2884, 0x2884, 0x3885, 0x3885, 0x48a6, 0x48a7, 0x3064, 0x68e9, 0xb14f, 0xb170,
0x896d, 0x614a, 0x30c5, 0x28e5, 0x2967, 0x2947, 0x18c4, 0x0841, 0x0841, 0x0841,
0x0841, 0x1042, 0x0841, 0x18c4, 0x528c, 0x634f, 0x5b0f, 0x5b0e, 0x5aee, 0x52ad,
0x528c, 0x4a4b, 0x4a0a, 0x41c8, 0x39a8, 0x5cf4, 0x1925, 0x10a3, 0x21c8, 0x330d,
0x44d4, 0x19a8, 0x1126, 0x1967, 0x1947, 0x1947, 0x1947, 0x1947, 0x1947, 0x1967,
0x21e9, 0x2a6c, 0x328c, 0x32ad, 0x2a4b, 0x2187, 0x38a5, 0x3085, 0x3085, 0x30a5,
0x30a5, 0x38a6, 0x40c6, 0x48c7, 0x48e7, 0x48e7, 0x50e7, 0x50e8, 0x5108, 0x5909,
0x6109, 0x6909, 0x6909, 0x6909, 0x690a, 0x712a, 0x894c, 0xa990, 0xc9d3, 0xb213,
0x91ae, 0x616c, 0x2372, 0x3539, 0x2c55, 0x51cb, 0xac95, 0xd619, 0xde7a, 0xe6bb,
0xe6db, 0xe6bb, 0xe6bb, 0xe6db, 0xe6bb, 0xe67a, 0xadb8, 0xad97, 0xc536, 0x9bd2,
0x7aae, 0x9c14, 0x7b91, 0x494c, 0x7311, 0xf297, 0xd9f5, 0xe237, 0xf258, 0xea58,
0xd215, 0xa990, 0x814c, 0x792b, 0x812b, 0x710a, 0x50e8, 0x38a6, 0x30a5, 0x3085,
0x2884, 0x2884, 0x2884, 0x3085, 0x40a6, 0x58c8, 0x60e9, 0x68ea, 0xc551, 0x51c6,
0x28c3, 0x20a2, 0x20c3, 0x30e3, 0x4144, 0x30e3, 0x28a3, 0x30c3, 0x4104, 0x40e4,
0x4104, 0x4104, 0x4125, 0x5baf, 0x54d4, 0x1105, 0x10e5, 0x10c5, 0x10e5, 0x1926,
0x2168, 0x4104, 0x8249, 0xb42f, 0xc4b1, 0xcd32, 0xd573, 0xddb4, 0xddf5, 0xe615,
0xe656, 0xee77, 0xee97, 0xee97, 0xcd52, 0xddf5, 0xd573, 0xcd12, 0xb42d, 0x9b47,
0x8ac7, 0x2905, 0x1947, 0x29a9, 0x3169, 0x2948, 0x1947, 0x1906, 0x10a4, 0x10e5,
0x1125, 0x328b, 0x6556, 0x6451, 0x5186, 0x4104, 0x4104, 0x40e4, 0x38e4, 0x4104,
0x30c3, 0x30a3, 0x30e3, 0x4144, 0x30e3, 0x20c3, 0x20a2, 0x28c3, 0x4165, 0xb4cf,
0x1aab, 0x22cc, 0x22ec, 0x230d, 0x234e, 0x2b8f, 0x2bf0, 0x34d3, 0x34b3, 0x4df7,
0x779c, 0x2b8e, 0x1186, 0x1986, 0x1166, 0x1145, 0x1145, 0x1966, 0x1986, 0x19c8,
0x19e8, 0x19c8, 0x19c7, 0x19c7, 0x226a, 0x4410, 0x43f0, 0x4c51, 0x4410, 0x4c31,
0x3bae, 0x0882, 0x0000, 0x0041, 0x0862, 0x08a2, 0x10c3, 0x10c3, 0x10c3, 0x08a3,
0x0882, 0x10c3, 0x10c3, 0x10e4, 0x1904, 0x1924, 0x1924, 0x1945, 0x2165, 0x2186,
0x2145, 0x2145, 0x2125, 0x18e3, 0x10e3, 0x10e3, 0x10c3, 0x0882, 0x10e3, 0x10e3,
0x08c3, 0x0061, 0x0061, 0x08c3, 0x3d34, 0x3451, 0x1aec, 0x1acc, 0x1a8a, 0x1a6a,
0x1a4a, 0x1a29, 
0x1947, 0x1927, 0x1926, 0x1967, 0x19a9, 0x1988, 0x1947, 0x2948, 0x514b, 0x590b,
0x38c7, 0x4109, 0x590a, 0x2885, 0x28a5, 0x1884, 0x0883, 0x3065, 0x4867, 0x2864,
0x0862, 0x1083, 0x1083, 0x1083, 0x1083, 0x1083, 0x10c4, 0x18c4, 0x10a4, 0x18c4,
0x3926, 0x20c4, 0x10a4, 0x3126, 0x3967, 0x7370, 0x9557, 0x9536, 0x9536, 0x9515,
0x94b4, 0x8c52, 0x8bf1, 0x8390, 0x7b2e, 0x72ac, 0x622a, 0x28e5, 0x0863, 0x1863,
0x3086, 0x810e, 0x99b2, 0x21ca, 0x21ca, 0x19a9, 0x1988, 0x1968, 0x1967, 0x1947,
0x1126, 0x1106, 0x1105, 0x10e5, 0x10e5, 0x1105, 0x1105, 0x1105, 0x1105, 0x1105,
0x1106, 0x1105, 0x18c4, 0x18e4, 0x3985, 0x72e7, 0x9bc9, 0x9be9, 0x93a8, 0x6aa7,
0x3165, 0x18e4, 0x18c4, 0x18c4, 0x18e4, 0x2104, 0x20e4, 0x20e4, 0x6a45, 0x3943,
0x6204, 0x7285, 0x59e4, 0x4184, 0xedce, 0xfe0f, 0xa3cb, 0x832b, 0x9c4f, 0xa4b0,
0xacf1, 0xa4b1, 0x9c70, 0xa4b1, 0xad33, 0xad33, 0xad33, 0xad33, 0xad33, 0xad33,
0xad33, 0xad33, 0xad33, 0xa512, 0xa4f2, 0xad32, 0xad12, 0x9c70, 0x8bcd, 0x830a,
0x8dd6, 0x97be, 0x75f7, 0x18c3, 0x3aeb, 0x5451, 0x2986, 0x43cf, 0x2a4a, 0x18e4,
0x18e4, 0x18c4, 0x18c4, 0x18c4, 0x18c4, 0x18c4, 0x18c4, 0x2104, 0x49e6, 0x8328,
0xa3e9, 0xa409, 0x9388, 0x6266, 0x442f, 0x334c, 0x2aaa, 0x2acb, 0x2acb, 0x32eb,
0x330c, 0x332c, 0x336d, 0x3b8d, 0x3bef, 0x65f6, 0x979b, 0xa7bc, 0x76b8, 0x4d33,
0x4cd1, 0x2a69, 0x1924, 0x1082, 0x10a2, 0x18a2, 0x18a2, 0x18a3, 0x18c3, 0x20a2,
0x51c5, 0x5a27, 0xb48f, 0xbcd0, 0xbd31, 0xc552, 0xc572, 0xc592, 0xc592, 0xc592,
0xc592, 0xc592, 0xc593, 0xc572, 0xbd31, 0xbcd0, 0xb48f, 0xac4e, 0xa40d, 0x936b,
0x7aa8, 0x51a5, 0x1062, 0x1082, 0x1082, 0x1082, 0x1924, 0x4c70, 0x4d53, 0x5594,
0x8f5a, 0xa7dc, 0x8f5b, 0x4d53, 0x3bce, 0x3bae, 0x336d, 0x334c, 0x332c, 0x330b,
0x32eb, 0x32eb, 0x2aca, 0x3b6d, 0x440f, 0x3aeb, 0x2067, 0x1865, 0x1866, 0x1845,
0x2086, 0x2087, 0x2067, 0x2087, 0x28a8, 0x30a9, 0x38ca, 0x40ec, 0x40ac, 0xc3d9,
0xec5e, 0xd2bc, 0x8a15, 0x7193, 0x61f1, 0x422f, 0x5250, 0x6232, 0x6293, 0x6b34,
0x6bb5, 0x7c17, 0x84d9, 0x8d9a, 0x959b, 0x9ddb, 0xa63c, 0xaebd, 0xaefe, 0xaf1e,
0xaf3e, 0xaf3e, 0xaf1e, 0xaf1e, 0xa6dd, 0xa6bd, 0xa65c, 0xa5dc, 0x951a, 0x8458,
0x7c78, 0x7437, 0x6b55, 0x62b3, 0x7254, 0x6293, 0x5ad3, 0x59f1, 0x7194, 0xdb7d,
0xcb5b, 0xdbdc, 0x7993, 0x40ec, 0x30ea, 0x28a8, 0x28a8, 0x2087, 0x2087, 0x2067,
0x20a7, 0x2149, 0x18e8, 0x18c7, 0x18e7, 0x18c7, 0x18a7, 0x1865, 0x84d2, 0x74b2,
0x7cd2, 0x7cf3, 0x7cd3, 0x7cd3, 0x7cd3, 0x7cf3, 0x74d3, 0x7cd3, 0x7d13, 0x6c51,
0x63f0, 0x7cf3, 0x7cf3, 0x7cf3, 0x7d13, 0x7d13, 0x7d13, 0x7cf3, 0x7cf3, 0x7cd3,
0x8555, 0x7289, 0x8247, 0x3144, 0xad94, 0x9bcd, 0x69a4, 0x7a67, 0x4944, 0x2061,
0x0800, 0x1040, 0x28a2, 0x5984, 0x92a8, 0x6185, 0x2061, 0x0800, 0x0800, 0x1861,
0x38e3, 0x5185, 0x48e2, 0x732b, 0xa5d6, 0x3945, 0x7164, 0x7289, 0x7d14, 0x7492,
0x74b2, 0x74b2, 0x74b2, 0x7492, 0x74b2, 0x74b2, 0x74b2, 0x74b2, 0x74b2, 0x74b2,
0x74b2, 0x6c51, 0x534d, 0x532d, 0x532d, 0x530d, 0x530d, 0x530c, 0x530c, 0x532d,
0x534e, 0x5baf, 0x6410, 0x6c51, 0x74b3, 0x2166, 0x5cd2, 0x5c72, 0x2146, 0x29c7,
0x29c7, 0x29c7, 0x2186, 0x4b8e, 0x96ba, 0x9699, 0x9679, 0xa73c, 0x6c30, 0x8cb2,
0xacd1, 0x9329, 0xb44d, 0xbcaf, 0xcd30, 0xcd30, 0xcd30, 0xcd30, 0xcd30, 0xcd31,
0xcd30, 0xcd71, 0xddf4, 0xde34, 0xde14, 0xe675, 0xcd92, 0xc4f0, 0xbc8e, 0x932a,
0x82c8, 0x92e9, 0x51a5, 0x1061, 0x20c2, 0x18a2, 0x1082, 0x0000, 0x63ef, 0xaf5c,
0x9eba, 0x9eda, 0x9eba, 0x9eba, 0x9eda, 0x7db6, 0x2a09, 0x29a7, 0x29e8, 0x29e8,
0x29c7, 0x29c7, 0x29e8, 0x7e38, 0x2a49, 0x4aec, 0x6c72, 0x5bcf, 0x538e, 0x536e,
0x5baf, 0x3a8a, 0x39a7, 0x89e8, 0x9a09, 0x4a08, 0x4a29, 0x4a29, 0x4a29, 0x4a49,
0x4a29, 0x4229, 0x4a49, 0x528a, 0x4a8a, 0x52cb, 0x5aec, 0x52cc, 0x52cb, 0x5b0c,
0x63cf, 0x31a6, 0x39a7, 0x39a6, 0x2904, 0x80c4, 0x70c3, 0x58c3, 0x90e4, 0x6882,
0x60c3, 0x6124, 0x6965, 0x71e8, 0x6a08, 0x71e8, 0x71e8, 0x69e8, 0x69e8, 0x69e8,
0x69c7, 0x7a28, 0x71c7, 0x6965, 0x6104, 0x68a3, 0x7883, 0x98e4, 0x50c3, 0xa105,
0x70e4, 0x3124, 0x39a7, 0x3966, 0x4228, 0x63cf, 0x5acc, 0x5acc, 0x52ab, 0x4aab,
0x4a8a, 0x4a8a, 0x4a6a, 0x4a6a, 0x424a, 0x7249, 0x5a29, 0x3a09, 0x4208, 0x4208,
0x41e8, 0x41e8, 0x39c8, 0x39c7, 0x2d97, 0x367a, 0x24b3, 0x1209, 0x4149, 0x3107,
0x2927, 0x918e, 0x996e, 0x3885, 0x38a5, 0x40a6, 0x2863, 0x0861, 0x1062, 0x2063,
0x2063, 0x2884, 0x3085, 0x40a5, 0x40a5, 0x2864, 0x58c8, 0x710a, 0x992d, 0xb971,
0x790b, 0x2884, 0x4127, 0x39a9, 0x2968, 0x1883, 0x0821, 0x0841, 0x0841, 0x0841,
0x0841, 0x0800, 0x20e4, 0x5aee, 0x73b1, 0x7390, 0x6b50, 0x632f, 0x5b0e, 0x52cd,
0x52ac, 0x4a6b, 0x4a2a, 0x41e9, 0x3147, 0x5cb3, 0x328b, 0x0862, 0x1966, 0x2aac,
0x4d35, 0x3c51, 0x1946, 0x1126, 0x1967, 0x1947, 0x1947, 0x1947, 0x1947, 0x1967,
0x220a, 0x2a6c, 0x32ad, 0x32cd, 0x324b, 0x2188, 0x30a5, 0x3085, 0x30a5, 0x30a5,
0x30a5, 0x40c6, 0x50e8, 0x6109, 0x612a, 0x692a, 0x694b, 0x694b, 0x714b, 0x794b,
0x794c, 0x814c, 0x792b, 0x712a, 0x712a, 0x792b, 0x894c, 0xa990, 0xc1d3, 0xc254,
0x896c, 0x296a, 0x2372, 0x2cb8, 0x2aaf, 0x7a8e, 0xc5b8, 0xcdd8, 0xd619, 0xde7a,
0xde9b, 0xe69b, 0xe69b, 0xde9b, 0xde7a, 0xd619, 0xadb8, 0xbd97, 0xbd16, 0x9bf2,
0x7a8e, 0x9c13, 0x6b70, 0xba95, 0x9a93, 0xcaf6, 0xe1f6, 0xe237, 0xf258, 0xea78,
0xd215, 0xa990, 0x814c, 0x792b, 0x792b, 0x710a, 0x58e8, 0x40a6, 0x30a5, 0x3085,
0x3085, 0x3085, 0x3085, 0x38a5, 0x48c7, 0x60e9, 0x68ea, 0x70ea, 0xc551, 0x51c6,
0x28e3, 0x20a2, 0x20c3, 0x30e3, 0x4144, 0x38e3, 0x28a3, 0x30c3, 0x4104, 0x4104,
0x4104, 0x4904, 0x4145, 0x63f0, 0x5cf4, 0x1967, 0x10a4, 0x10c5, 0x10c5, 0x1927,
0x2147, 0x4925, 0x930b, 0xbc6f, 0xc4d1, 0xd552, 0xd593, 0xddb4, 0xddd4, 0xe5f5,
0xe636, 0xe656, 0xee77, 0xe656, 0xcd52, 0xddf5, 0xd594, 0xcd33, 0xb44e, 0x9b49,
0x8ac7, 0x69e5, 0x1905, 0x2988, 0x2989, 0x3929, 0x4129, 0x2908, 0x18e6, 0x0884,
0x1987, 0x4c11, 0x5cb4, 0x6493, 0x51e8, 0x4104, 0x4104, 0x4104, 0x40e4, 0x4104,
0x30c3, 0x30a3, 0x30e3, 0x4144, 0x30e3, 0x20c3, 0x20a2, 0x28e3, 0x4165, 0xb4cf,
0x1acb, 0x22ec, 0x22ec, 0x234e, 0x2bd0, 0x2bd0, 0x2c11, 0x3493, 0x34d3, 0x671b,
0x55f6, 0x19e8, 0x1986, 0x1986, 0x1146, 0x1145, 0x1145, 0x1166, 0x1986, 0x1a49,
0x236e, 0x19a7, 0x19a7, 0x19e8, 0x3b6e, 0x43cf, 0x4431, 0x4c31, 0x4c72, 0x4431,
0x1104, 0x0124, 0x09c7, 0x09a6, 0x0945, 0x0924, 0x0924, 0x0924, 0x0904, 0x0904,
0x0904, 0x1104, 0x1145, 0x1125, 0x1125, 0x1104, 0x1104, 0x10e4, 0x10c3, 0x10c3,
0x10c3, 0x08a3, 0x08a3, 0x08a2, 0x08a3, 0x08a3, 0x08c3, 0x08c3, 0x08c3, 0x1124,
0x1104, 0x0061, 0x0061, 0x0862, 0x3cb2, 0x3e58, 0x23af, 0x230d, 0x1b0c, 0x1aab,
0x1acc, 0x238e, 
0x1947, 0x1926, 0x1926, 0x1926, 0x1947, 0x1968, 0x1967, 0x1947, 0x1947, 0x1968,
0x2189, 0x59ad, 0x692b, 0x1883, 0x30a6, 0x1083, 0x1883, 0x4066, 0x3866, 0x1062,
0x1083, 0x1083, 0x1083, 0x1083, 0x1083, 0x10c4, 0x18e5, 0x10c4, 0x20e5, 0x4146,
0x4167, 0x0883, 0x3126, 0x3987, 0x62ac, 0x94f5, 0x9536, 0x9516, 0x9516, 0x94f5,
0x9494, 0x8c32, 0x8bd1, 0x8390, 0x7b2e, 0x72ac, 0x6a2b, 0x4968, 0x1063, 0x1083,
0x40a8, 0xa952, 0x91d2, 0x19ea, 0x19ca, 0x1989, 0x1968, 0x1968, 0x1967, 0x1947,
0x1127, 0x1126, 0x1106, 0x1105, 0x1105, 0x1106, 0x1106, 0x1106, 0x1106, 0x1106,
0x1126, 0x1105, 0x18c4, 0x18e4, 0x39a5, 0x72e7, 0x9bc9, 0xa409, 0x93a8, 0x6aa7,
0x3185, 0x18e4, 0x18c4, 0x18e4, 0x18c4, 0x18e4, 0x20e4, 0x20e4, 0x6a45, 0x20a2,
0x49a4, 0x8ae6, 0x4143, 0x72e7, 0xfe4f, 0xfe2f, 0xa3ea, 0x4185, 0x3124, 0x41a6,
0x730b, 0x944f, 0xad12, 0xb553, 0xad53, 0xad33, 0xad12, 0xa4f1, 0xad12, 0xacf2,
0xad32, 0xad53, 0xb594, 0xb594, 0xa4f2, 0x83ce, 0x5a68, 0x3124, 0x3144, 0x51e7,
0x8df7, 0x979d, 0x8f3c, 0x29a6, 0x29e7, 0x3b0c, 0x1041, 0x436e, 0x2a8b, 0x18e4,
0x1904, 0x18c4, 0x18c4, 0x18c4, 0x18c4, 0x18c4, 0x18c4, 0x2104, 0x41e6, 0x8328,
0xa3e9, 0xa409, 0x93a8, 0x6286, 0x442f, 0x334c, 0x2aaa, 0x2acb, 0x2aeb, 0x330b,
0x332c, 0x334c, 0x336d, 0x3b8d, 0x3c0f, 0x6616, 0x979c, 0xa7bc, 0x76b8, 0x4d13,
0x4cf2, 0x2a68, 0x10a3, 0x10a2, 0x10a2, 0x10a2, 0x18a2, 0x18c3, 0x18a2, 0x59e6,
0x6aa8, 0x832a, 0xcd51, 0xcd92, 0xcdd3, 0xc5b3, 0xc593, 0xc593, 0xc592, 0xc592,
0xc592, 0xc592, 0xc5b3, 0xcdd3, 0xcdd4, 0xcd72, 0xbd10, 0xac6e, 0x9bcc, 0x9bac,
0x82e9, 0x6a27, 0x20c3, 0x0862, 0x1082, 0x1082, 0x1924, 0x3b4c, 0x5574, 0x5594,
0x8f5a, 0xa7dc, 0x875b, 0x4d53, 0x3bee, 0x3bae, 0x3b8d, 0x336d, 0x332c, 0x332c,
0x330b, 0x32eb, 0x2acb, 0x3b8d, 0x440f, 0x3aeb, 0x2868, 0x1866, 0x1886, 0x1866,
0x2086, 0x2087, 0x2067, 0x2087, 0x28a8, 0x30a9, 0x38ca, 0x40cc, 0x69b1, 0xcbbb,
0xe3dd, 0xcb5b, 0xaa19, 0x9a37, 0x5a11, 0x4a50, 0x5a32, 0x7233, 0x6293, 0x6b34,
0x73d6, 0x7c37, 0x8498, 0x95bb, 0x957a, 0x9d9b, 0xa61c, 0xa69d, 0xaefd, 0xaf1e,
0xaf1e, 0xaf3e, 0xa71e, 0xaf1d, 0xa6fd, 0xa6dd, 0xa65c, 0xa5db, 0x951a, 0x8458,
0x7c78, 0x7c78, 0x7395, 0x62b3, 0x7254, 0x7274, 0x5292, 0x7253, 0x8215, 0xb299,
0xfcff, 0xcbbb, 0x6912, 0x510e, 0x30ea, 0x28a9, 0x28a8, 0x2087, 0x2087, 0x2067,
0x20a8, 0x2129, 0x18e8, 0x20c7, 0x20c8, 0x20e8, 0x18a7, 0x1024, 0xbd72, 0xad52,
0x8d13, 0x7cf3, 0x7cf3, 0x7d13, 0x7d13, 0x7d13, 0x8513, 0x8534, 0x8534, 0x63f0,
0x73ce, 0x7cf3, 0x7d34, 0x7d34, 0x8534, 0x8534, 0x8534, 0x7d14, 0x7d13, 0x7d13,
0x8534, 0x9b6c, 0x8a88, 0x4185, 0xb532, 0x9b2a, 0x61a5, 0x4123, 0x5a47, 0x39a5,
0x51c6, 0x38e2, 0x40c2, 0x8288, 0xc4cf, 0x69e6, 0x2861, 0x30a2, 0x49a5, 0x3965,
0x49c6, 0x3903, 0x4924, 0x69c5, 0x8c0f, 0x49a6, 0x71c6, 0x8b8c, 0x7cf3, 0x74d2,
0x74d3, 0x7cd3, 0x74d2, 0x7cd2, 0x74d3, 0x7cd3, 0x7cd3, 0x7cd3, 0x74d2, 0x74d2,
0x74b2, 0x63af, 0x532d, 0x6b6c, 0x738c, 0x6b8d, 0x738d, 0x6b6d, 0x530d, 0x532d,
0x4aec, 0x4b2d, 0x5baf, 0x5bf0, 0x6c51, 0x2166, 0x5cd3, 0x5c92, 0x2146, 0x29c7,
0x29c7, 0x29c7, 0x2187, 0x4b8e, 0x8e99, 0x8e79, 0x8e79, 0x9efb, 0x6cb2, 0x8cd2,
0xac4f, 0xb44d, 0xc4cf, 0xc4ef, 0xcd72, 0xd5b2, 0xcd71, 0xcd51, 0xcd71, 0xcd10,
0xcd51, 0xd5d3, 0xde34, 0xe696, 0xe675, 0xacd0, 0x49e6, 0x3144, 0x6288, 0x936b,
0x9309, 0x82a8, 0x8ac8, 0x2903, 0x18a2, 0x1081, 0x1082, 0x8b4a, 0xa42e, 0xa6ba,
0x9eda, 0x9eba, 0x96ba, 0x9699, 0x96ba, 0x7d96, 0x3209, 0x29c7, 0x29e8, 0x29e8,
0x29c8, 0x29c7, 0x29e8, 0x7638, 0x2a49, 0x42ab, 0x5bf0, 0x534d, 0x4b0d, 0x4b0c,
0x534e, 0x3a49, 0x39a7, 0x81e8, 0x9a09, 0x4a08, 0x4a29, 0x4a29, 0x4a29, 0x4a29,
0x4229, 0x4249, 0x4a49, 0x528a, 0x4a8a, 0x52ab, 0x5acc, 0x52cb, 0x52ab, 0x5b2d,
0x530c, 0x3166, 0x426a, 0x4208, 0x3124, 0x78e4, 0x90e4, 0x60a2, 0xf2ab, 0xf30c,
0xc9a7, 0xa0c3, 0x80a2, 0x7924, 0x70e3, 0x70a3, 0x70c3, 0x70c3, 0x70c3, 0x70c3,
0x70a2, 0x8124, 0x8104, 0x8882, 0xb0e4, 0xd208, 0xfb6e, 0xda29, 0x60a2, 0xb946,
0x6904, 0x3986, 0x4a69, 0x4a49, 0x2924, 0x5b2d, 0x5aec, 0x52cc, 0x52ab, 0x4aab,
0x4a8a, 0x4a6a, 0x4a6a, 0x4a4a, 0x4249, 0x6a29, 0x5229, 0x4229, 0x4208, 0x4208,
0x41e8, 0x41e8, 0x41c8, 0x39c7, 0x365a, 0x3618, 0x1c11, 0x21e9, 0x3148, 0x1105,
0x594a, 0x818e, 0x892c, 0x3884, 0x50c7, 0x40a5, 0x1862, 0x0862, 0x1863, 0x2063,
0x1863, 0x2884, 0x3084, 0x38a5, 0x2063, 0x48a6, 0x58c8, 0x68ea, 0x912d, 0x70ea,
0x38a5, 0x690a, 0x514a, 0x3989, 0x20c4, 0x0821, 0x0821, 0x0821, 0x1042, 0x18a3,
0x2905, 0x39e9, 0x73d1, 0x8474, 0x8433, 0x83f2, 0x73b1, 0x634f, 0x5b0f, 0x5aee,
0x52ad, 0x4a6b, 0x4a2a, 0x420a, 0x3967, 0x53f1, 0x43cf, 0x0841, 0x21a7, 0x2a6b,
0x3bf0, 0x3bd0, 0x3baf, 0x19c8, 0x1967, 0x1967, 0x1967, 0x1967, 0x1967, 0x1987,
0x220a, 0x328c, 0x32ad, 0x3acd, 0x324b, 0x2187, 0x30a5, 0x2885, 0x28a5, 0x30a5,
0x30a5, 0x48e7, 0x6109, 0x714c, 0x81ad, 0x81ee, 0x820f, 0x820f, 0x820f, 0x89ef,
0x91af, 0x918e, 0x894d, 0x792b, 0x712b, 0x794b, 0x894d, 0xa990, 0xc1d3, 0xc253,
0x694a, 0x19ab, 0x2311, 0x23d4, 0x420c, 0xac54, 0xbd57, 0xcdd8, 0xd5f9, 0xd5f9,
0xd63a, 0xde3a, 0xde3a, 0xd63a, 0xd619, 0xd5f9, 0xadb8, 0xc5f8, 0xcdb8, 0xa413,
0x82ae, 0x9392, 0x93b3, 0xc456, 0xea36, 0xca95, 0xe236, 0xe237, 0xf278, 0xea78,
0xd215, 0xa990, 0x814c, 0x792b, 0x792b, 0x712a, 0x58e8, 0x40c6, 0x30a5, 0x30a5,
0x3085, 0x3085, 0x3085, 0x38a5, 0x48c7, 0x60e9, 0x68ea, 0x710a, 0xbd10, 0x51a5,
0x28e3, 0x20a2, 0x28c3, 0x30e3, 0x4964, 0x3903, 0x28a3, 0x30c3, 0x4104, 0x4104,
0x4104, 0x4925, 0x4166, 0x6451, 0x5d55, 0x1926, 0x08a4, 0x10c5, 0x10c5, 0x1947,
0x2106, 0x5965, 0xa36c, 0xbc6f, 0xccf1, 0xd552, 0xd573, 0xdd94, 0xddb4, 0xddf5,
0xe615, 0xe636, 0xee56, 0xe636, 0xcd93, 0xf6d9, 0xe656, 0xd5b4, 0xd532, 0xc470,
0xa36c, 0x8aa7, 0x59a5, 0x10c4, 0x1927, 0x2167, 0x2107, 0x28e6, 0x28e6, 0x18e6,
0x0884, 0x434e, 0x7ebb, 0x64f4, 0x5208, 0x4105, 0x4104, 0x4104, 0x40e4, 0x4104,
0x30c3, 0x30a3, 0x38e3, 0x4964, 0x3103, 0x20c3, 0x20a2, 0x28c3, 0x4164, 0xac8e,
0x2b8f, 0x236e, 0x232d, 0x236e, 0x2bd0, 0x2bf0, 0x2c52, 0x34b3, 0x3d75, 0x6f5b,
0x33cf, 0x1166, 0x1166, 0x1166, 0x1145, 0x1145, 0x1145, 0x1166, 0x1986, 0x1a6a,
0x1aec, 0x1987, 0x1986, 0x2a8b, 0x3b6e, 0x43f0, 0x4c31, 0x4431, 0x43f0, 0x19a6,
0x00c3, 0x0986, 0x1186, 0x11a6, 0x11a6, 0x0986, 0x0945, 0x0924, 0x0124, 0x0965,
0x0944, 0x11e7, 0x1a08, 0x1a28, 0x1a28, 0x1a28, 0x1207, 0x11c6, 0x1186, 0x1186,
0x1186, 0x1145, 0x08e3, 0x08e4, 0x08c3, 0x08c3, 0x0861, 0x08c3, 0x0904, 0x1124,
0x1165, 0x0041, 0x0882, 0x0862, 0x34b2, 0x3e17, 0x2410, 0x2410, 0x23d0, 0x232d,
0x236e, 0x2c92, 
0x1947, 0x1947, 0x1126, 0x1106, 0x1926, 0x1947, 0x1947, 0x1147, 0x1947, 0x1167,
0x2189, 0x8190, 0x48e8, 0x38a6, 0x28a5, 0x1083, 0x2885, 0x4867, 0x2044, 0x0862,
0x1083, 0x1063, 0x1063, 0x1083, 0x10e5, 0x18e5, 0x10a3, 0x20c4, 0x3906, 0x5a2a,
0x31a7, 0x20c4, 0x5a2a, 0x4a4a, 0x8c53, 0x9515, 0x94f5, 0x9515, 0x94f5, 0x94d5,
0x8c94, 0x8c32, 0x83f1, 0x83b0, 0x7b4e, 0x72ac, 0x6a2b, 0x71eb, 0x20a4, 0x2084,
0x40c8, 0xa172, 0x61cf, 0x19ca, 0x19aa, 0x1989, 0x1968, 0x1968, 0x1967, 0x1947,
0x1947, 0x1126, 0x1106, 0x1106, 0x1106, 0x1106, 0x1106, 0x1106, 0x1126, 0x1126,
0x1126, 0x1126, 0x18e4, 0x18e4, 0x39a5, 0x72e7, 0x9be9, 0xa409, 0x9bc9, 0x6ac7,
0x3985, 0x18e4, 0x18e4, 0x18e4, 0x18c4, 0x18e4, 0x20e4, 0x2904, 0x6205, 0x5a05,
0x51c5, 0x6204, 0x28c2, 0xa40a, 0xfe90, 0xc4ab, 0x49c5, 0x72ea, 0x7b4b, 0x41a6,
0x1861, 0x18a2, 0x3985, 0x5aa9, 0x83cd, 0xa490, 0xa490, 0x9c4f, 0xa4b0, 0x9c6f,
0xa4b0, 0x9c70, 0x734b, 0x4a07, 0x2903, 0x1061, 0x28e3, 0x62c9, 0x8bcd, 0x6aa9,
0x5b0b, 0x8edb, 0x97be, 0x3aaa, 0x1945, 0x2986, 0x4aaa, 0x4bf0, 0x2a6a, 0x18e4,
0x1904, 0x18c4, 0x18c4, 0x18c4, 0x18c4, 0x18c4, 0x18c4, 0x2104, 0x41e6, 0x8328,
0xa3e9, 0xa409, 0x93a8, 0x6286, 0x442f, 0x334c, 0x2aaa, 0x2aeb, 0x32eb, 0x330b,
0x332c, 0x334d, 0x3b8d, 0x3bae, 0x3c0f, 0x6616, 0x979c, 0xa7bc, 0x76b8, 0x5574,
0x4c90, 0x2165, 0x18e3, 0x10a2, 0x10a2, 0x10a2, 0x18c3, 0x18a2, 0x4144, 0x4185,
0x2903, 0x3144, 0x5a48, 0x7b4b, 0x9c2e, 0xbd11, 0xc592, 0xc572, 0xc572, 0xc572,
0xc551, 0xc572, 0xc592, 0xacd0, 0x8bcd, 0x6aea, 0x4a07, 0x3965, 0x3124, 0x51e6,
0x7aa9, 0x7268, 0x3944, 0x0861, 0x1082, 0x1082, 0x1904, 0x32ea, 0x5574, 0x55b4,
0x8f5a, 0xa7dc, 0x875b, 0x5553, 0x3bef, 0x3bae, 0x3b8d, 0x338d, 0x336d, 0x332c,
0x330c, 0x330b, 0x2acb, 0x3b8d, 0x440f, 0x3aeb, 0x2868, 0x2087, 0x18a6, 0x1866,
0x1866, 0x2066, 0x2087, 0x2087, 0x2088, 0x30aa, 0x38cb, 0x40ec, 0x8214, 0x8a55,
0xec5e, 0xcb5b, 0xcabb, 0x9277, 0x5a31, 0x4a50, 0x7a14, 0x8a77, 0x62b3, 0x6b34,
0x6c16, 0x7c78, 0x8498, 0x8d3a, 0x957a, 0x9d9b, 0xa5fc, 0xa65d, 0xaedd, 0xaefd,
0xaf1d, 0xaf1e, 0xa6fd, 0xaefd, 0xa6dd, 0xaebc, 0xb63c, 0x9ddb, 0x953a, 0x8479,
0x7c98, 0x7c58, 0x7376, 0x62d3, 0x7a55, 0xa298, 0x5251, 0x6212, 0xa2f8, 0xb29a,
0xec1e, 0xc39a, 0x6912, 0x510f, 0x396c, 0x28a9, 0x28a8, 0x2088, 0x2087, 0x2087,
0x20c8, 0x216a, 0x2108, 0x18c7, 0x18a7, 0x1886, 0x1886, 0x1845, 0xbd92, 0xc592,
0xbd72, 0x9533, 0x7d13, 0x8513, 0x7d13, 0x7d14, 0x8534, 0x8534, 0x8534, 0x63cf,
0x83ee, 0x8512, 0x7d34, 0x8534, 0x8534, 0x8534, 0x8534, 0x8534, 0x8534, 0x8534,
0x7d34, 0xb4b0, 0x8a67, 0x3945, 0xac6f, 0xc4af, 0xbcaf, 0x934a, 0x8ae9, 0x82c9,
0x71c6, 0x7a68, 0xa38b, 0xb40c, 0xe5d3, 0x8288, 0x5123, 0x6185, 0x61a5, 0x7a47,
0x69e6, 0x61a5, 0x82a8, 0x8aa8, 0x836c, 0x41a6, 0x7184, 0x9cb1, 0x7d13, 0x7cf3,
0x7cf3, 0x7cf3, 0x7cf3, 0x7cf3, 0x9533, 0x7cf3, 0x7cf3, 0x7cf3, 0x7cf3, 0x7cd3,
0x7cf3, 0x6bf0, 0x5b4d, 0x5b2c, 0x632c, 0x5b4d, 0x634d, 0x5b4d, 0x532d, 0x5b4d,
0x42ab, 0x42ec, 0x4b2d, 0x536e, 0x5bf0, 0x2166, 0x5cd3, 0x5c92, 0x2166, 0x29e8,
0x29e8, 0x29e8, 0x29a7, 0x4b8e, 0x8679, 0x8e59, 0x8e59, 0x9efb, 0x6c50, 0x8430,
0x51e6, 0x4184, 0xa40d, 0xcd30, 0xd571, 0xd5d3, 0xd5d3, 0xcd51, 0xcd51, 0xc510,
0xd5b2, 0xe634, 0xd5d3, 0x9c4e, 0x4a07, 0x1882, 0x28c2, 0x49a5, 0x51c5, 0x5a06,
0x82c9, 0x82c8, 0x8ae9, 0x49a5, 0x1081, 0x0861, 0x8b2a, 0x9b6b, 0x50c2, 0x9d95,
0x96fb, 0x969a, 0x969a, 0x8e79, 0x96ba, 0x7596, 0x3229, 0x29c7, 0x2a08, 0x29e8,
0x29e8, 0x29c7, 0x29e8, 0x7638, 0x2a49, 0x3a8a, 0x538e, 0x42ec, 0x42cb, 0x42ab,
0x4b0c, 0x3229, 0x39c7, 0x59e8, 0x71e8, 0x4a08, 0x4a29, 0x4a29, 0x4a29, 0x4a29,
0x4a29, 0x4a49, 0x524a, 0x5a8a, 0x528a, 0x5aab, 0x62ec, 0x62cb, 0x62cb, 0x6aec,
0x6b4d, 0x51a7, 0x62ab, 0x6229, 0x61e7, 0x7904, 0x90e4, 0x78c3, 0xeacb, 0xfcf3,
0xfc71, 0xfbcf, 0xeaeb, 0xc9e8, 0xc9e8, 0xc9e8, 0xd208, 0xd208, 0xd208, 0xd208,
0xc9e8, 0xc9c8, 0xd1e8, 0xeb0c, 0xfc30, 0xfcd2, 0xfd14, 0xd229, 0x78c3, 0xa105,
0x7186, 0x6208, 0x6acb, 0x6aec, 0x4986, 0x6b4e, 0x62ec, 0x62cc, 0x5aab, 0x5aab,
0x528a, 0x526a, 0x4a6a, 0x4a4a, 0x4a49, 0x7249, 0x5a29, 0x4229, 0x4208, 0x4208,
0x41e8, 0x41e8, 0x41e8, 0x41c7, 0x2c93, 0x23f1, 0x1a8b, 0x2988, 0x1125, 0x3928,
0x3127, 0xa9d0, 0x68e9, 0x50c7, 0x50c7, 0x3085, 0x1062, 0x1062, 0x2083, 0x1863,
0x2083, 0x2884, 0x3085, 0x2063, 0x3084, 0x40a6, 0x58c8, 0x790a, 0x50c8, 0x2864,
0x910c, 0x812c, 0x4949, 0x28e5, 0x0821, 0x1062, 0x2105, 0x4a6c, 0x6b90, 0x7c12,
0x8494, 0x9517, 0x9516, 0x8cb5, 0x8474, 0x8412, 0x7bb1, 0x6b70, 0x5b0e, 0x5aee,
0x52ad, 0x526c, 0x4a4b, 0x420a, 0x3987, 0x4b2e, 0x4c92, 0x0842, 0x21e8, 0x330d,
0x4452, 0x21a8, 0x1987, 0x2209, 0x21a8, 0x2187, 0x2187, 0x1987, 0x1967, 0x1987,
0x220a, 0x328c, 0x32ad, 0x32ad, 0x2a2a, 0x2188, 0x30a5, 0x28a5, 0x28a5, 0x30a5,
0x38c5, 0x48e7, 0x694b, 0x81ae, 0x8a71, 0x8333, 0x7bb4, 0x7bb5, 0x8394, 0x8b54,
0x9ab2, 0xa1f0, 0x998e, 0x894c, 0x794b, 0x814c, 0x916d, 0xa9b0, 0xc9f3, 0xba52,
0x4949, 0x19cc, 0x22b0, 0x22af, 0x51ea, 0x9c33, 0x9c73, 0xde7a, 0xd63a, 0xcdd9,
0xcdd9, 0xcdf9, 0xcdd9, 0xcdd9, 0xd5f9, 0xde3a, 0xc639, 0xbdf8, 0xa4f4, 0x93b1,
0x82ce, 0x8b50, 0x9391, 0x726c, 0xd295, 0xe1f6, 0xda36, 0xea37, 0xf278, 0xea78,
0xd215, 0xa9b0, 0x814c, 0x792b, 0x792b, 0x712a, 0x58e8, 0x40c6, 0x30a5, 0x30a5,
0x3085, 0x2884, 0x2884, 0x3085, 0x48c7, 0x60e9, 0x710a, 0x710a, 0x9b69, 0x4985,
0x28e3, 0x20a2, 0x28c3, 0x30e3, 0x4964, 0x3904, 0x30a3, 0x30c3, 0x4104, 0x4104,
0x4904, 0x4925, 0x4186, 0x6cf3, 0x54b3, 0x0863, 0x10a4, 0x10a4, 0x10c5, 0x2148,
0x2105, 0x69c6, 0xabad, 0xbc6f, 0xccf1, 0xd553, 0xd573, 0xdd94, 0xddb4, 0xddd4,
0xe5f5, 0xe615, 0xee97, 0xeeb7, 0xddf5, 0xb533, 0x5a6a, 0x5a8a, 0x836d, 0xa3ee,
0xb3ee, 0xa36c, 0x7a67, 0x4144, 0x08a4, 0x18c5, 0x10e5, 0x0884, 0x0863, 0x10a4,
0x10c4, 0x10e5, 0x5514, 0x7659, 0x4a49, 0x4145, 0x4104, 0x4104, 0x4104, 0x4104,
0x30c3, 0x30c3, 0x3903, 0x4964, 0x3103, 0x20c3, 0x20a2, 0x28e3, 0x4164, 0x9349,
0x2c31, 0x2bcf, 0x236e, 0x236e, 0x2bf0, 0x2c31, 0x2c31, 0x2c93, 0x4e58, 0x55f6,
0x1a29, 0x1145, 0x1166, 0x1166, 0x1145, 0x1145, 0x1145, 0x1166, 0x1987, 0x1986,
0x1966, 0x1966, 0x19e8, 0x32ec, 0x3b6e, 0x4410, 0x43cf, 0x4c92, 0x2249, 0x00e3,
0x0924, 0x1124, 0x1186, 0x1165, 0x1145, 0x1145, 0x1165, 0x0924, 0x08e3, 0x00a2,
0x0082, 0x00c2, 0x0924, 0x11a6, 0x1a28, 0x1a48, 0x1a28, 0x1a28, 0x19e7, 0x1165,
0x0924, 0x0944, 0x0965, 0x0965, 0x1186, 0x11c7, 0x1248, 0x11e7, 0x08e3, 0x1145,
0x1145, 0x0041, 0x0882, 0x0062, 0x34b2, 0x34b3, 0x23cf, 0x2431, 0x23cf, 0x230d,
0x232d, 0x2410, 
0x1967, 0x1947, 0x1126, 0x1106, 0x1106, 0x1126, 0x1926, 0x1147, 0x1947, 0x1167,
0x398a, 0x716e, 0x512a, 0x40c7, 0x28a5, 0x1083, 0x3886, 0x3065, 0x0862, 0x1063,
0x1063, 0x1083, 0x10c4, 0x1905, 0x10c4, 0x0862, 0x1883, 0x4126, 0x5a2a, 0x630d,
0x2926, 0x626b, 0x6b6f, 0x73b0, 0x9515, 0x94f5, 0x94f5, 0x94f5, 0x9515, 0x94f5,
0x8cb4, 0x94b4, 0x94b4, 0x83d1, 0x7b2e, 0x7acd, 0x6a2b, 0x920e, 0x5949, 0x2085,
0x68eb, 0x9171, 0x31ec, 0x19ca, 0x19a9, 0x1988, 0x1968, 0x1968, 0x1968, 0x1968,
0x1947, 0x1927, 0x1126, 0x1126, 0x1126, 0x1126, 0x1126, 0x1126, 0x1146, 0x1147,
0x1147, 0x1126, 0x18e4, 0x1904, 0x39a5, 0x72e7, 0x9be9, 0xa409, 0xac29, 0x72e7,
0x3185, 0x18e4, 0x18e4, 0x18e4, 0x18e4, 0x18e4, 0x2104, 0x2104, 0x6a66, 0xccac,
0x9b49, 0x3944, 0x28c2, 0xc4cb, 0xfe70, 0x9b89, 0x5a07, 0x8b6c, 0x8bad, 0x834b,
0x6227, 0x3944, 0x20a2, 0x1041, 0x2082, 0x5207, 0x93ad, 0x93cd, 0x93ee, 0x93cd,
0x8b8c, 0x3965, 0x1041, 0x1861, 0x30e3, 0x51c6, 0x7aea, 0x834b, 0x832b, 0x830b,
0x72ca, 0x8638, 0x97ff, 0x4bae, 0x1041, 0x62aa, 0x7cd3, 0x5d14, 0x2209, 0x1904,
0x1904, 0x18c4, 0x18c4, 0x18c4, 0x18c4, 0x18e4, 0x18c4, 0x2104, 0x49e6, 0x8328,
0xa3e9, 0xa409, 0x93a8, 0x6286, 0x442f, 0x334c, 0x2aca, 0x2aeb, 0x32eb, 0x332c,
0x336d, 0x336d, 0x3b8d, 0x3bae, 0x3c2f, 0x6616, 0x979c, 0xa7bc, 0x76b8, 0x55b4,
0x330b, 0x2165, 0x18e3, 0x10a2, 0x10a3, 0x18c3, 0x18a2, 0x3924, 0x5a06, 0x8b8b,
0x6aa9, 0x5a47, 0x3123, 0x1881, 0x18a2, 0x3144, 0x7aea, 0xb4af, 0xbcaf, 0xbccf,
0xbccf, 0xb4af, 0x6aa9, 0x2903, 0x1882, 0x20a2, 0x4164, 0x7ae9, 0x9bed, 0x8b6b,
0x5a07, 0x7268, 0x49a5, 0x1082, 0x1082, 0x10c3, 0x1924, 0x3b6c, 0x4d73, 0x55b4,
0x8f5a, 0xa7dc, 0x875b, 0x5553, 0x3bef, 0x3bce, 0x3bad, 0x33ae, 0x3c0f, 0x332c,
0x330c, 0x330b, 0x2aeb, 0x3bad, 0x440f, 0x3aeb, 0x2068, 0x28ea, 0x18c7, 0x1866,
0x1866, 0x2066, 0x2087, 0x2087, 0x2888, 0x38aa, 0x38aa, 0x512d, 0x7192, 0x6170,
0xecde, 0xd35c, 0xd37c, 0x9a97, 0x7a75, 0x51b0, 0xa278, 0xaaf9, 0x6375, 0x6b75,
0x6c37, 0x7cb8, 0x84b9, 0x8d3a, 0x95bb, 0x9dfb, 0x9e3c, 0xa67c, 0xaedd, 0xa6dd,
0xaefd, 0xaefd, 0xa6dd, 0xa6bd, 0xa6bc, 0xa6bc, 0xae5c, 0x9ddb, 0x953a, 0x8cb9,
0x84b9, 0x7c58, 0x7396, 0x62d3, 0x8255, 0xd37c, 0x7a54, 0x61f2, 0xab19, 0xcb1b,
0xdb9c, 0xcbfb, 0x58f0, 0x7132, 0x30ca, 0x28c9, 0x28c8, 0x2088, 0x2888, 0x2088,
0x20c8, 0x216a, 0x20e8, 0x20a7, 0x18a6, 0x1886, 0x1886, 0x1886, 0xbd92, 0xbd92,
0xbd92, 0xad72, 0x8513, 0x7d14, 0x8534, 0x8534, 0x8534, 0x8534, 0x8554, 0x63cf,
0x8bee, 0x8d12, 0x8554, 0x8554, 0x8554, 0x8554, 0x8554, 0x8554, 0x8554, 0x8554,
0x7d55, 0xad53, 0x71a5, 0x6aa9, 0xb46f, 0xc46e, 0xddf3, 0xcd31, 0xac0d, 0x9b4a,
0x9b8b, 0xcd31, 0xbbcb, 0xb38b, 0xd572, 0x8aa8, 0x6984, 0x8288, 0x9b4a, 0x92e9,
0x8267, 0x932a, 0xabec, 0x8267, 0x8bee, 0x5a89, 0x6123, 0x9d53, 0x7d14, 0x7d13,
0x7d13, 0x7d13, 0x7d13, 0x7d13, 0x9d73, 0x9d73, 0x7cf3, 0x8513, 0x7d13, 0x7d13,
0x8534, 0x6c30, 0x532d, 0x530d, 0x532d, 0x5b2d, 0x532d, 0x5b4d, 0x5b6d, 0x5b6e,
0x3a6a, 0x3a8a, 0x42cb, 0x4aec, 0x538e, 0x2145, 0x5cd3, 0x5c92, 0x2166, 0x29e8,
0x29e8, 0x29e8, 0x29a7, 0x4b8e, 0x8659, 0x8658, 0x8659, 0x96ba, 0x8bef, 0x4a48,
0x28a2, 0x28c2, 0x18a1, 0x49c5, 0x832a, 0xb48f, 0xd571, 0xc4ae, 0xc4cf, 0xb48e,
0xac6e, 0x6aa8, 0x2903, 0x0820, 0x0820, 0x3103, 0x7247, 0x8ae9, 0x8ae9, 0x7267,
0x6206, 0x7a88, 0x8b09, 0x51e6, 0x0861, 0x3944, 0x9b4b, 0x61e6, 0x8227, 0x8cf2,
0x96fb, 0x9699, 0x8e99, 0x8e79, 0x8e9a, 0x7576, 0x3229, 0x29e8, 0x3208, 0x2a08,
0x29e8, 0x29c8, 0x29e8, 0x7638, 0x2a69, 0x3a6a, 0x4b0d, 0x3a8b, 0x3a8a, 0x3a8a,
0x42ab, 0x3208, 0x41c7, 0x41e7, 0x49e8, 0x4a08, 0x5229, 0x5229, 0x5229, 0x5229,
0x4a29, 0x5249, 0x524a, 0x5a6a, 0x5a8a, 0x62ab, 0x6acb, 0x6acb, 0x6acb, 0x72ec,
0x734d, 0x59a6, 0x72cb, 0x7aab, 0x71c7, 0x6904, 0x78a3, 0x9904, 0xc125, 0xf2ec,
0xfc92, 0xfd13, 0xfd54, 0xfd95, 0xfe17, 0xfe58, 0xfe58, 0xfe78, 0xfe78, 0xfe58,
0xfe37, 0xfdf6, 0xfd95, 0xfd54, 0xfd34, 0xfc91, 0xeaab, 0xb945, 0x9125, 0x70a3,
0x71a7, 0x7a28, 0x830c, 0x7acb, 0x61a6, 0x7b6e, 0x7aec, 0x72cc, 0x6aab, 0x62ab,
0x5a8a, 0x5a6a, 0x526a, 0x524a, 0x4a49, 0x7a49, 0x6229, 0x4a29, 0x4a08, 0x4a08,
0x49e8, 0x49e8, 0x41e8, 0x41c7, 0x1a09, 0x19e8, 0x1987, 0x1926, 0x1105, 0x3928,
0x3948, 0xa1b0, 0x68e8, 0x6909, 0x38a5, 0x3084, 0x0862, 0x1863, 0x2063, 0x1062,
0x2083, 0x3084, 0x2063, 0x2884, 0x30a5, 0x40a6, 0x58e8, 0x50c7, 0x2063, 0x810b,
0x990d, 0x692a, 0x3947, 0x1883, 0x20c4, 0x4a2b, 0x8433, 0x9d37, 0x9d78, 0x9d99,
0x9d99, 0x9d78, 0x9537, 0x94f6, 0x8c95, 0x8433, 0x7bd1, 0x7370, 0x632f, 0x5aee,
0x52ad, 0x528c, 0x4a4b, 0x422a, 0x39a8, 0x42ac, 0x5d15, 0x10a3, 0x21a8, 0x3c31,
0x4492, 0x2a8b, 0x1926, 0x1967, 0x2187, 0x21a8, 0x21a8, 0x1987, 0x1967, 0x1987,
0x220a, 0x326c, 0x326c, 0x324b, 0x2a0a, 0x21a8, 0x38a5, 0x28a5, 0x28a5, 0x30a5,
0x38c6, 0x4908, 0x716b, 0x820f, 0x8373, 0x74b7, 0x7558, 0x7579, 0x7559, 0x74f8,
0x8bd6, 0x9a92, 0x99cf, 0x916d, 0x814c, 0x894d, 0x998f, 0xb9d1, 0xda15, 0xba72,
0x3128, 0x21cc, 0x228f, 0x220c, 0x59cb, 0x624e, 0x5a8d, 0xbd77, 0xeefc, 0xe69b,
0xcdd9, 0xcdd8, 0xcdb8, 0xcdf9, 0xe6bb, 0xeedc, 0x9cb4, 0x522c, 0x72ef, 0x7af0,
0x724d, 0x8aef, 0x82ae, 0x61eb, 0xca95, 0xe216, 0xda36, 0xea37, 0xf278, 0xf278,
0xd215, 0xa9b0, 0x814c, 0x792b, 0x792b, 0x712a, 0x58e8, 0x40c6, 0x30a5, 0x30a5,
0x3084, 0x2884, 0x2884, 0x3085, 0x48c7, 0x60e9, 0x690a, 0x690a, 0x7266, 0x4164,
0x28e3, 0x20a2, 0x28c3, 0x3103, 0x4964, 0x3904, 0x30c3, 0x30c3, 0x4104, 0x4104,
0x4904, 0x4925, 0x41c7, 0x6d96, 0x32cc, 0x0842, 0x10a4, 0x10a4, 0x1906, 0x2168,
0x20e5, 0x7a48, 0xbc4f, 0xccd1, 0xcd32, 0xcd53, 0xd573, 0xd593, 0xddb4, 0xddb4,
0xddd5, 0xee56, 0xe657, 0xa490, 0x41c7, 0x2105, 0x7b4c, 0xc553, 0xbcf2, 0xa40e,
0xa38d, 0xab6c, 0x8ac9, 0x7226, 0x18e5, 0x10c5, 0x0042, 0x3986, 0x936c, 0x4986,
0x0883, 0x1083, 0x1967, 0x5db6, 0x6431, 0x4145, 0x4104, 0x4104, 0x4104, 0x4104,
0x30c3, 0x30c3, 0x3903, 0x4964, 0x3103, 0x20c3, 0x20a2, 0x28e3, 0x4144, 0x6a25,
0x2baf, 0x238e, 0x238f, 0x236e, 0x2c10, 0x2c31, 0x2c51, 0x34d3, 0x56da, 0x3c30,
0x1166, 0x1145, 0x1145, 0x1166, 0x1145, 0x1145, 0x1145, 0x1966, 0x1986, 0x1966,
0x1966, 0x1166, 0x2a6a, 0x330c, 0x3b8e, 0x43af, 0x4431, 0x332c, 0x0904, 0x0965,
0x0904, 0x0924, 0x08e3, 0x08c3, 0x0944, 0x00e3, 0x0904, 0x0924, 0x0924, 0x1144,
0x0924, 0x0903, 0x0944, 0x11c6, 0x22a9, 0x22ea, 0x2289, 0x19c7, 0x0904, 0x00a2,
0x00a2, 0x00a2, 0x08e3, 0x1165, 0x19e7, 0x1acb, 0x12cb, 0x12ca, 0x08c3, 0x1145,
0x0904, 0x0061, 0x0882, 0x0062, 0x34f3, 0x3555, 0x2c31, 0x2c31, 0x23f0, 0x234d,
0x1aec, 0x1acc, 
0x1967, 0x1947, 0x1926, 0x1106, 0x1106, 0x1106, 0x1126, 0x1147, 0x1947, 0x1166,
0x516c, 0x516c, 0x694c, 0x40a7, 0x20a5, 0x2885, 0x3866, 0x1843, 0x0862, 0x1083,
0x10a4, 0x10c4, 0x10c4, 0x0862, 0x0862, 0x1062, 0x1042, 0x20c4, 0x6b2e, 0x5acc,
0x520a, 0x8432, 0x8432, 0x8cb4, 0x94d4, 0x94d4, 0x94f4, 0x94f5, 0x94f5, 0x9515,
0x9d16, 0x8473, 0x528c, 0x2126, 0x3167, 0x51e9, 0x620a, 0xb252, 0x99f0, 0x1884,
0x60ca, 0x8190, 0x21eb, 0x21ca, 0x19a9, 0x1988, 0x1968, 0x1968, 0x1988, 0x1988,
0x1968, 0x1947, 0x1927, 0x1126, 0x1126, 0x1126, 0x1147, 0x19a8, 0x1a0a, 0x1a2a,
0x1a2b, 0x1a0a, 0x18e4, 0x1904, 0x39a5, 0x72e7, 0x9be9, 0xa409, 0x9bc9, 0x6ac7,
0x3985, 0x18e4, 0x18e4, 0x18e4, 0x18e4, 0x2104, 0x2104, 0x20e4, 0x72a7, 0x7a45,
0x92c8, 0x7267, 0x20e2, 0xdd4d, 0xfe0f, 0xccac, 0x5185, 0x4965, 0x3924, 0x4145,
0x59e7, 0x51a6, 0x4965, 0x4965, 0x4144, 0x51c6, 0x832b, 0x8b6c, 0x8b8c, 0x8b6c,
0x82ea, 0x5185, 0x4965, 0x4965, 0x4965, 0x51c6, 0x51c6, 0x3924, 0x3924, 0x4944,
0x6289, 0x8eba, 0x97be, 0x5471, 0x30e3, 0x7c10, 0x49e7, 0x5410, 0x2209, 0x18e4,
0x1904, 0x18c4, 0x18c4, 0x18c4, 0x18e4, 0x18e4, 0x18e4, 0x2104, 0x49e6, 0x8328,
0xa3e9, 0xa409, 0x93a8, 0x6287, 0x442f, 0x334c, 0x2acb, 0x32eb, 0x32eb, 0x334c,
0x33ad, 0x336d, 0x3bae, 0x3bae, 0x3c2f, 0x6616, 0x979c, 0x9fbc, 0x7ed9, 0x4d32,
0x2a28, 0x2185, 0x1104, 0x18e3, 0x18c3, 0x0861, 0x28e3, 0x6a27, 0x8b4a, 0x9bcc,
0x8b6b, 0xac0d, 0x8b2a, 0x7247, 0x59c5, 0x4944, 0x59e6, 0xa3cc, 0xb42d, 0xb44d,
0xb42d, 0xa3ac, 0x59c5, 0x5164, 0x61e5, 0x7a67, 0x932a, 0xa3cc, 0xa3ed, 0xa3cc,
0x82e9, 0x6a47, 0x51c6, 0x1082, 0x10a2, 0x0862, 0x1945, 0x444f, 0x4d33, 0x55d5,
0x875a, 0xa7dc, 0x875b, 0x5553, 0x3bef, 0x3bce, 0x3bae, 0x338d, 0x334d, 0x332c,
0x332c, 0x330c, 0x32eb, 0x3bad, 0x4c0f, 0x3aeb, 0x28ea, 0x310b, 0x20a8, 0x1886,
0x1866, 0x2066, 0x2087, 0x2088, 0x2888, 0x30a9, 0x38aa, 0x48ed, 0x71b2, 0x592f,
0xdc3c, 0xec5e, 0xcbbb, 0xb2ba, 0x8235, 0x61d1, 0xdb7d, 0xbafa, 0x62f4, 0x6bd6,
0x7cf9, 0x853a, 0x8d3a, 0x8d9a, 0x9dfb, 0x9e3c, 0x9e5c, 0xa69c, 0xaedd, 0xa69c,
0xa69c, 0xa69c, 0xa69c, 0xa69c, 0xa69c, 0xa69c, 0xa67c, 0x9e1b, 0x95bb, 0x953a,
0x9d1a, 0x8519, 0x7438, 0x62f4, 0x8a76, 0xec3e, 0xb359, 0x59b1, 0xa278, 0xe3dd,
0xdbdc, 0xcbbb, 0x6130, 0x510f, 0x30ca, 0x28c9, 0x28c8, 0x2088, 0x28a8, 0x2087,
0x20c8, 0x216a, 0x2109, 0x20a7, 0x20a7, 0x18a6, 0x18a6, 0x1866, 0xbd72, 0xbd92,
0xbd72, 0xb572, 0x8d33, 0x8534, 0x8534, 0x8554, 0x8554, 0x8575, 0x7cf3, 0x63cf,
0x73ce, 0x84f3, 0x8575, 0x8574, 0x8554, 0x8554, 0x8554, 0x8554, 0x8554, 0x8574,
0x8575, 0x9574, 0x8aa8, 0x832b, 0xb4f2, 0xa329, 0xd530, 0xe614, 0xddb3, 0xd531,
0xe614, 0xd531, 0xb38a, 0xbbcc, 0xd551, 0x8a88, 0x71c5, 0x8a67, 0xbc2d, 0xcccf,
0xbc4e, 0xc48f, 0xa36b, 0x6964, 0xa554, 0x6a89, 0x8267, 0x8d74, 0x8554, 0x8554,
0x8554, 0x8554, 0x8534, 0x8534, 0x8534, 0x8d54, 0x8513, 0x8534, 0x8534, 0x8554,
0x74d2, 0x63af, 0x5b6e, 0x532d, 0x638d, 0x7bcd, 0x534d, 0x6bae, 0x638e, 0x638e,
0x3a49, 0x3a49, 0x3a6a, 0x428b, 0x4b2d, 0x2145, 0x5cd3, 0x5c92, 0x2166, 0x2a08,
0x29e8, 0x29e8, 0x29a7, 0x4b8e, 0x8658, 0x8638, 0x8658, 0x8679, 0x7bef, 0x6b0b,
0x6227, 0x7268, 0x3103, 0x0000, 0x0000, 0x1061, 0x51e6, 0x9b2a, 0xa36a, 0x82a8,
0x30e2, 0x0800, 0x1040, 0x1860, 0x1860, 0x18a2, 0x1061, 0x20a2, 0x30e2, 0x4103,
0x6206, 0x8b09, 0x9b4a, 0x6a67, 0x0041, 0x49a5, 0x7247, 0xa3ac, 0xa32a, 0x8cb2,
0x8edb, 0x8e79, 0x8e79, 0x8e59, 0x8e99, 0x7575, 0x3249, 0x29e8, 0x3209, 0x3208,
0x29e8, 0x29e8, 0x29e8, 0x7638, 0x2a69, 0x3249, 0x42cb, 0x3a6a, 0x3a6a, 0x3a4a,
0x3a8a, 0x3208, 0x41c7, 0x49e7, 0x49e8, 0x4a08, 0x4a29, 0x4a29, 0x4a29, 0x4a29,
0x4a29, 0x4a29, 0x4a4a, 0x526a, 0x526a, 0x52ab, 0x5acb, 0x5acb, 0x52ab, 0x5aec,
0x5b4d, 0x2925, 0x4208, 0x49e8, 0x3924, 0x4924, 0x48c2, 0x58c3, 0x7104, 0xa0c3,
0xd9c7, 0xfb8e, 0xfc92, 0xfcd3, 0xfc71, 0xfc51, 0xfc51, 0xfc51, 0xfc30, 0xfc30,
0xfc10, 0xfc51, 0xfcd3, 0xfc92, 0xfb4d, 0xc966, 0x88c3, 0x6904, 0x58a2, 0x50e3,
0x4945, 0x4965, 0x4a08, 0x49c7, 0x3965, 0x636e, 0x5aec, 0x5acc, 0x52ab, 0x528b,
0x4a6a, 0x4a6a, 0x4a4a, 0x4a49, 0x4249, 0x7a49, 0x5a29, 0x4209, 0x4208, 0x4208,
0x41e8, 0x41e8, 0x41e7, 0x41c7, 0x1946, 0x1926, 0x1926, 0x1105, 0x2106, 0x2907,
0x4969, 0x998f, 0x790a, 0x60e9, 0x2063, 0x2863, 0x0862, 0x2083, 0x1862, 0x1862,
0x2884, 0x2063, 0x1862, 0x2884, 0x30a5, 0x38a5, 0x40a6, 0x1863, 0x60e9, 0x810b,
0x790b, 0x30e6, 0x3126, 0x2926, 0x524b, 0x8474, 0x9537, 0x9558, 0x9d98, 0xa5b9,
0xa5b9, 0xa5b9, 0x9d78, 0x9517, 0x8cb5, 0x8453, 0x7bd1, 0x7370, 0x6b2f, 0x5acd,
0x52ac, 0x528c, 0x4a4b, 0x4a2a, 0x41c8, 0x424b, 0x6576, 0x1904, 0x21a7, 0x3bf0,
0x332d, 0x2acc, 0x1926, 0x1987, 0x1987, 0x1987, 0x1987, 0x1967, 0x1967, 0x1987,
0x21e9, 0x2a2a, 0x2a0a, 0x29e9, 0x29c9, 0x29a8, 0x38a5, 0x30a5, 0x30a5, 0x30a5,
0x38c6, 0x5108, 0x716c, 0x8270, 0x7c15, 0x6d99, 0x665b, 0x667b, 0x665b, 0x6dfa,
0x7cd8, 0x9314, 0x99f0, 0x916e, 0x894d, 0x916e, 0xa9b0, 0xc9f3, 0xe236, 0xc2b3,
0x2948, 0x21ab, 0x1a4e, 0x29aa, 0x4908, 0x496a, 0x2865, 0x2064, 0x7b70, 0xce19,
0xde5a, 0xc597, 0xc577, 0xd619, 0xcdd8, 0x6b2f, 0x2064, 0x38c6, 0x4128, 0x4109,
0x722d, 0x82ae, 0x6a0b, 0x9371, 0xda76, 0xe216, 0xda36, 0xea37, 0xf278, 0xf278,
0xd215, 0xa9b0, 0x814c, 0x792b, 0x792b, 0x712a, 0x58e8, 0x40c6, 0x38a5, 0x30a5,
0x3085, 0x2884, 0x2884, 0x3085, 0x48c7, 0x60e9, 0x68e9, 0x60e9, 0x51a5, 0x4164,
0x28e3, 0x20a2, 0x28c3, 0x3103, 0x4984, 0x3904, 0x30c3, 0x30c3, 0x4104, 0x4924,
0x4904, 0x4125, 0x4aaa, 0x6d96, 0x1906, 0x0883, 0x10a4, 0x10a4, 0x1927, 0x2168,
0x18c4, 0x20c3, 0x51e7, 0x9bce, 0xccf1, 0xdd93, 0xd573, 0xd573, 0xd573, 0xd573,
0xd552, 0x9bee, 0x39a7, 0x0842, 0x3904, 0x9b6d, 0xc470, 0xabae, 0x9b0b, 0x9acb,
0x92aa, 0x9aeb, 0x9b2b, 0x7226, 0x2926, 0x10c5, 0x2105, 0xb40e, 0x8228, 0x69e7,
0x18c4, 0x1084, 0x08a4, 0x2aac, 0x6db6, 0x41c7, 0x4104, 0x4104, 0x4104, 0x4104,
0x30c3, 0x30c3, 0x3904, 0x4965, 0x3103, 0x28c3, 0x20a2, 0x28e3, 0x4144, 0x4985,
0x2bd0, 0x238e, 0x236e, 0x236e, 0x2bd0, 0x2c10, 0x3472, 0x34f4, 0x5f1b, 0x2b4d,
0x1125, 0x1145, 0x1145, 0x1165, 0x1145, 0x1125, 0x1145, 0x1966, 0x1166, 0x1145,
0x1145, 0x19c8, 0x32cc, 0x3b0d, 0x3b6e, 0x43af, 0x43f0, 0x08e3, 0x00c2, 0x0924,
0x1144, 0x1145, 0x08e3, 0x1185, 0x12a9, 0x138d, 0x240e, 0x236d, 0x1186, 0x11a6,
0x11c6, 0x11e7, 0x19e7, 0x22ea, 0x3470, 0x3450, 0x2b6d, 0x11e7, 0x0903, 0x0903,
0x0924, 0x0904, 0x0945, 0x0944, 0x11a6, 0x23ce, 0x11e7, 0x12ca, 0x0904, 0x0904,
0x08a2, 0x0041, 0x0882, 0x0082, 0x3d34, 0x3535, 0x2c51, 0x2c51, 0x23d0, 0x234e,
0x232d, 0x232d, 
0x1967, 0x1947, 0x1926, 0x1106, 0x1106, 0x1106, 0x1126, 0x1147, 0x1947, 0x1147,
0x516c, 0x41ac, 0x694d, 0x38a6, 0x28a5, 0x38a6, 0x3065, 0x0863, 0x1083, 0x1083,
0x1083, 0x0862, 0x0841, 0x0842, 0x10a4, 0x20a4, 0x4187, 0x2926, 0x1083, 0x2926,
0x6aed, 0x8c32, 0x8c52, 0x8c73, 0x8c73, 0x8c93, 0x8c73, 0x9493, 0x9494, 0x7bf1,
0x4a6b, 0x18c4, 0x2105, 0x62cc, 0x732e, 0x5a4b, 0x61ea, 0xc274, 0xc234, 0x2884,
0x4087, 0x81ec, 0x7aaf, 0x19aa, 0x21a9, 0x1988, 0x1968, 0x1988, 0x1989, 0x1989,
0x1988, 0x1968, 0x1947, 0x1947, 0x1947, 0x1947, 0x19c9, 0x1aee, 0x2412, 0x2453,
0x2453, 0x2412, 0x18e4, 0x1904, 0x39a5, 0x72e7, 0x9bc9, 0xa409, 0x93a9, 0x6ac7,
0x3985, 0x1904, 0x18e4, 0x18e4, 0x18e4, 0x2104, 0x2104, 0x2904, 0x7266, 0x8286,
0x8246, 0x7a66, 0x3984, 0xedce, 0xd4cc, 0x8b07, 0x4123, 0x1041, 0x1020, 0x1881,
0x20e3, 0x28e3, 0x3903, 0x4144, 0x4965, 0x51a6, 0x7aca, 0x8b6c, 0x93ad, 0x938c,
0x6a68, 0x5185, 0x4965, 0x4124, 0x28c3, 0x20c3, 0x20e3, 0x1861, 0x1041, 0x1882,
0x3924, 0x6b4d, 0x96db, 0x6534, 0x4a28, 0x62eb, 0x630b, 0x4bcf, 0x21e8, 0x18e4,
0x18e4, 0x18e4, 0x18e4, 0x18e4, 0x18e4, 0x18e4, 0x18e4, 0x2104, 0x49e6, 0x8328,
0xa3e9, 0xa409, 0x93a8, 0x6287, 0x440f, 0x334c, 0x2acb, 0x32eb, 0x330c, 0x332c,
0x334c, 0x336d, 0x3bae, 0x3bce, 0x4430, 0x6636, 0x979c, 0x9fbc, 0x7ef9, 0x4490,
0x2a48, 0x1904, 0x41a6, 0x20e3, 0x0861, 0x0862, 0x3924, 0x7247, 0x7aa8, 0x7247,
0x61e6, 0x7247, 0x7aa8, 0x7a47, 0x69e6, 0x7206, 0x7a47, 0x932a, 0xabec, 0xabec,
0xa3cc, 0x932a, 0x7a47, 0x7206, 0x69e6, 0x7a68, 0x7aa9, 0x6a27, 0x6a06, 0x7a68,
0x7268, 0x6a47, 0x59e6, 0x10a2, 0x1062, 0x4985, 0x4248, 0x44b1, 0x4d53, 0x55d5,
0x875a, 0xa7dc, 0x875b, 0x5554, 0x3c0f, 0x3bce, 0x3bae, 0x338d, 0x334d, 0x332c,
0x332c, 0x330c, 0x32eb, 0x3bae, 0x440f, 0x3aeb, 0x28a9, 0x30cb, 0x2888, 0x1845,
0x1866, 0x2066, 0x2067, 0x2087, 0x2888, 0x2888, 0x30a9, 0x30aa, 0x594f, 0x6952,
0xbb79, 0xf55f, 0xcb9c, 0xcb1c, 0x6171, 0x9ab6, 0xfc5f, 0xc2db, 0x7316, 0x63b5,
0x6bf6, 0x7457, 0x8519, 0x95db, 0x9e9c, 0xa6bd, 0xa69c, 0x9e5c, 0x9e3c, 0x9e1b,
0x9e1b, 0x9e1b, 0x961b, 0x9e1b, 0x963b, 0xae9c, 0xb6bd, 0x9e9d, 0x965c, 0xa59b,
0x9cda, 0x6c16, 0x6395, 0x6335, 0x9ab8, 0xf4be, 0xd49c, 0x6992, 0x9a37, 0xd3fb,
0xecdd, 0xb2d9, 0x7192, 0x390d, 0x30cb, 0x28c9, 0x28c9, 0x28a8, 0x28a9, 0x2087,
0x20a7, 0x20e8, 0x20a7, 0x20a7, 0x2086, 0x1865, 0x1865, 0x18a6, 0xbd72, 0xbd72,
0xbd72, 0xad72, 0x8534, 0x8534, 0x8534, 0x8534, 0x8534, 0x7c92, 0x6c10, 0x63af,
0x63af, 0x6c10, 0x6c10, 0x7492, 0x8d95, 0x8554, 0x8575, 0x8575, 0x8575, 0x8575,
0x8575, 0x8db6, 0xa490, 0x8aa9, 0xbdb5, 0x92a8, 0xbbec, 0xc42d, 0xcc8e, 0xdd31,
0xdd72, 0xcccf, 0xb38b, 0xbb8b, 0xd4cf, 0x9288, 0x71a5, 0x8aa8, 0xb3cc, 0xcc8e,
0xcc8e, 0xab4a, 0x79e6, 0x61c6, 0xb678, 0x7a68, 0x9c90, 0x85b6, 0x8d75, 0x8d75,
0x8d75, 0x8d95, 0x8d75, 0x8554, 0x8554, 0x8554, 0x8513, 0x8554, 0x8554, 0x8d75,
0x7450, 0x5b4d, 0x5b6e, 0x5b4e, 0x6b8e, 0x7bee, 0x638e, 0x73ef, 0x63cf, 0x6bef,
0x3229, 0x3229, 0x3a49, 0x3a6a, 0x42ec, 0x1945, 0x5cd3, 0x5c92, 0x2166, 0x3208,
0x3208, 0x29e8, 0x29c7, 0x4b8e, 0x7e38, 0x8638, 0x8638, 0x8e9a, 0x84b1, 0x8c0f,
0x5a07, 0x2081, 0x2924, 0x20e3, 0x1061, 0x0840, 0x0800, 0x69c5, 0x9309, 0x82a8,
0x5143, 0x38e2, 0x30a1, 0x30c2, 0x83cd, 0x6b6c, 0x52a9, 0x62a9, 0x30e2, 0x8b6b,
0xc531, 0xbcaf, 0x9b6a, 0x82c9, 0x10a2, 0x5185, 0x4903, 0x7247, 0xabac, 0x9554,
0x8eba, 0x8e59, 0x8e79, 0x8659, 0x8e79, 0x6d75, 0x324a, 0x29e8, 0x3229, 0x3208,
0x2a08, 0x29e8, 0x2a08, 0x7638, 0x326a, 0x3209, 0x3a8b, 0x3249, 0x3a49, 0x3249,
0x3a49, 0x31e8, 0x49c7, 0x49e7, 0x49e8, 0x49e8, 0x5208, 0x5229, 0x5229, 0x4a29,
0x4a29, 0x4a29, 0x524a, 0x526a, 0x526a, 0x528b, 0x5aab, 0x5aab, 0x5aab, 0x5acc,
0x5b2d, 0x2904, 0x3125, 0x28e4, 0x3104, 0x49a7, 0x51c7, 0x4904, 0x48a2, 0x6124,
0x80e3, 0xb0e4, 0xea8b, 0xda6a, 0xb945, 0xb966, 0xb165, 0xb145, 0xa945, 0xa945,
0xa945, 0xb125, 0xeaab, 0xda29, 0xa0c3, 0x7104, 0x58e4, 0x4882, 0x5125, 0x59e7,
0x41a6, 0x30e4, 0x3124, 0x3104, 0x3145, 0x634d, 0x5acc, 0x5acb, 0x52ab, 0x528a,
0x4a6a, 0x4a6a, 0x4a49, 0x4a49, 0x4249, 0x7a49, 0x5a29, 0x5a09, 0x6a08, 0x6208,
0x69e8, 0x61e8, 0x61e8, 0x61c8, 0x1926, 0x1926, 0x1906, 0x1105, 0x2126, 0x2927,
0x4169, 0x998f, 0x914d, 0x3085, 0x2863, 0x1863, 0x1062, 0x2063, 0x1863, 0x2083,
0x1863, 0x0841, 0x2083, 0x2884, 0x2884, 0x30a5, 0x1862, 0x38a5, 0x60e9, 0x68e9,
0x48c7, 0x20e5, 0x3147, 0x49ea, 0x7bd2, 0x9517, 0x9537, 0x9d78, 0xa5b9, 0xa5d9,
0xa5da, 0xa5d9, 0x9d99, 0x9d37, 0x94d5, 0x8c74, 0x7bd1, 0x7350, 0x6b2f, 0x5acd,
0x528c, 0x526b, 0x4a4a, 0x4a2a, 0x41c8, 0x422a, 0x6d97, 0x1925, 0x21e9, 0x334e,
0x2a2a, 0x2a4b, 0x1947, 0x1967, 0x1967, 0x1967, 0x1967, 0x1967, 0x1967, 0x1988,
0x21a8, 0x29c9, 0x21a8, 0x21a8, 0x29a8, 0x29a9, 0x38a5, 0x30a5, 0x30a5, 0x30a5,
0x38c6, 0x5108, 0x718c, 0x8291, 0x7c56, 0x6dda, 0x669c, 0x66bc, 0x66bc, 0x6e5b,
0x7d19, 0x9355, 0x9a11, 0x916e, 0x896d, 0x998e, 0xb9d2, 0xd215, 0xf258, 0xc274,
0x3148, 0x29cb, 0x120c, 0x4a0c, 0x4107, 0x28a5, 0x434f, 0x22ab, 0x1064, 0x18a4,
0x628c, 0xa3f3, 0xa3f2, 0x6a8d, 0x20c5, 0x0843, 0x32ac, 0x53d0, 0x3106, 0x3927,
0xa433, 0x9330, 0x6a0b, 0xbbb4, 0xea57, 0xda36, 0xda16, 0xea37, 0xf278, 0xf278,
0xda15, 0xa9b0, 0x814c, 0x792b, 0x792b, 0x712b, 0x58e9, 0x40c7, 0x38a6, 0x30a5,
0x3085, 0x2884, 0x2884, 0x3085, 0x40c6, 0x58e8, 0x58e8, 0x48c7, 0x5185, 0x4164,
0x28e3, 0x20a2, 0x28c3, 0x3103, 0x4985, 0x3904, 0x30c3, 0x30c3, 0x4104, 0x4104,
0x4104, 0x3945, 0x53cf, 0x4c11, 0x0843, 0x10a4, 0x10a4, 0x10e5, 0x2947, 0x2147,
0x4125, 0x7249, 0x4166, 0x18a3, 0x2925, 0x6aca, 0xbc90, 0xccf1, 0xccf1, 0xccf1,
0x72aa, 0x1883, 0x30e4, 0x5965, 0x6186, 0x5145, 0x40e4, 0x2021, 0x2042, 0x40c4,
0x5125, 0xa36d, 0xa3ac, 0x7a45, 0x3987, 0x0884, 0x7aea, 0x8a89, 0x71c7, 0x7a48,
0x20e4, 0x1885, 0x18c5, 0x10e5, 0x54d3, 0x4a8a, 0x40e4, 0x4904, 0x4104, 0x4104,
0x30c3, 0x30c3, 0x3904, 0x4965, 0x3103, 0x20c3, 0x20a2, 0x28e3, 0x4144, 0x4964,
0x2b8e, 0x232d, 0x232d, 0x2451, 0x2dd5, 0x2c31, 0x3492, 0x34d3, 0x5efa, 0x2b0c,
0x1125, 0x1145, 0x1145, 0x1145, 0x1145, 0x1125, 0x1145, 0x1166, 0x1186, 0x1125,
0x1166, 0x2a6a, 0x32cc, 0x3b2d, 0x3b6e, 0x4410, 0x19c7, 0x0041, 0x08c3, 0x0924,
0x1165, 0x1186, 0x1986, 0x1a08, 0x230b, 0x2b8d, 0x2b6c, 0x2269, 0x1a07, 0x1aca,
0x1aea, 0x1a69, 0x22a9, 0x2bce, 0x2c50, 0x232c, 0x232b, 0x1208, 0x0924, 0x1186,
0x1248, 0x1b2c, 0x2c0f, 0x19e7, 0x11c7, 0x1b6d, 0x11c6, 0x1b4c, 0x08e3, 0x08c3,
0x0061, 0x0041, 0x0882, 0x0082, 0x3d75, 0x3555, 0x2c52, 0x2c51, 0x2c11, 0x23cf,
0x23f0, 0x234e, 
0x1967, 0x1947, 0x1926, 0x1106, 0x1106, 0x1126, 0x1126, 0x1127, 0x1947, 0x1947,
0x416b, 0x39ab, 0x694d, 0x3886, 0x40a7, 0x3886, 0x1043, 0x0862, 0x0842, 0x0862,
0x1063, 0x1063, 0x0862, 0x10a4, 0x18c4, 0x28a4, 0x4988, 0x51ea, 0x3926, 0x1883,
0x18a3, 0x3146, 0x628b, 0x838f, 0x83d0, 0x83d0, 0x83b0, 0x730d, 0x3987, 0x1083,
0x1042, 0x30e5, 0x59e9, 0x59ea, 0x59a9, 0x59a9, 0x61aa, 0x9a2f, 0xc255, 0x38a6,
0x48e7, 0x7968, 0x7969, 0x21cb, 0x1989, 0x1988, 0x1968, 0x1988, 0x1989, 0x1989,
0x1989, 0x1968, 0x1967, 0x1947, 0x1947, 0x1967, 0x1a2b, 0x2412, 0x2d98, 0x2598,
0x2598, 0x2557, 0x18e4, 0x2104, 0x39a5, 0x72e7, 0x9bc9, 0xa409, 0x93a9, 0x6aa7,
0x3985, 0x2104, 0x18e4, 0x18e4, 0x18e4, 0x2104, 0x2104, 0x2904, 0x7266, 0x9328,
0x8a87, 0x61c5, 0x5a46, 0xf60f, 0xa3ca, 0x49a6, 0x1061, 0x20c3, 0x4a28, 0x20e3,
0x20e3, 0x2945, 0x3986, 0x4165, 0x59e7, 0x5185, 0x6a48, 0x9c4f, 0xad12, 0x93cd,
0x61e7, 0x59c6, 0x6227, 0x3924, 0x3145, 0x20c3, 0x2924, 0x41c6, 0x4a08, 0x1041,
0x3104, 0x7268, 0x8df7, 0x7e38, 0x41e7, 0x6248, 0x6b8d, 0x4b8e, 0x21c8, 0x18e4,
0x18e4, 0x18e4, 0x18e4, 0x18e4, 0x18e4, 0x18e4, 0x18e4, 0x2104, 0x49e6, 0x8328,
0xa3e9, 0xa409, 0x93a8, 0x6287, 0x440f, 0x334d, 0x2acb, 0x330b, 0x330c, 0x332c,
0x334d, 0x336d, 0x3bae, 0x3bce, 0x4430, 0x6636, 0x979c, 0x9fbc, 0x7ef9, 0x444f,
0x2a89, 0x2186, 0x72e9, 0x61e6, 0x18c3, 0x10a2, 0x4985, 0x6a06, 0x5985, 0x30c2,
0x1840, 0x28e3, 0x3124, 0x4123, 0x5984, 0x69c5, 0x69e6, 0x8288, 0xa3cc, 0xac2d,
0xa3cc, 0x8267, 0x69c5, 0x61a5, 0x5144, 0x3964, 0x2903, 0x2081, 0x1861, 0x3903,
0x59a5, 0x6a27, 0x6227, 0x10a3, 0x3124, 0x7206, 0x6b6c, 0x4d53, 0x4d33, 0x5dd5,
0x875a, 0xa7dc, 0x875b, 0x5554, 0x3c0f, 0x3bce, 0x3bae, 0x336d, 0x334d, 0x334c,
0x332c, 0x332c, 0x330b, 0x3bae, 0x43ef, 0x3aeb, 0x2888, 0x30aa, 0x2889, 0x1845,
0x20a7, 0x2109, 0x20c8, 0x20e9, 0x290a, 0x292a, 0x312b, 0x30eb, 0x38ec, 0x5950,
0xa2d7, 0xf57e, 0xebfe, 0xb2d9, 0x512f, 0xcbfa, 0xfcbf, 0xcb1c, 0x5a32, 0x41ef,
0x4a70, 0x41ee, 0x41ce, 0x52d1, 0x6394, 0x7477, 0x8559, 0x95bb, 0x8d9a, 0x8d5a,
0x8d7a, 0x957a, 0x957a, 0x8d5a, 0x8d7a, 0x95ba, 0x8539, 0x6c36, 0x52f2, 0x62b3,
0x6a31, 0x312c, 0x41ae, 0x41cf, 0x9ab7, 0xfd3f, 0xf53e, 0x6992, 0xaab8, 0xdbfc,
0xed9d, 0xaab8, 0x6171, 0x38ed, 0x30eb, 0x28c9, 0x28a8, 0x30aa, 0x2888, 0x2066,
0x2087, 0x20a7, 0x1886, 0x28c8, 0x20a7, 0x1886, 0x1886, 0x1886, 0xbd72, 0xbd72,
0xbd72, 0x9d53, 0x8534, 0x8534, 0x8513, 0x84d2, 0x7cd3, 0x6bcf, 0x6bcf, 0x6bcf,
0x63cf, 0x63af, 0x638e, 0x63af, 0x7492, 0x8d75, 0x8d75, 0x8d75, 0x8d95, 0x8d95,
0x8d95, 0x8db6, 0x9d95, 0x9ae9, 0xc657, 0x938c, 0x9247, 0xa309, 0xc3ec, 0xcc8e,
0xd510, 0xb38b, 0xbbec, 0xcc8f, 0xe5d4, 0xab09, 0x8206, 0x8a88, 0xbbec, 0xbbec,
0xab09, 0x8206, 0x6123, 0x8bce, 0xb6b9, 0x8268, 0x95b5, 0x8d95, 0x8d95, 0x8d95,
0x8d95, 0x8d95, 0x8d95, 0x8d95, 0x8d95, 0x8d75, 0x7451, 0x8534, 0x8d95, 0x8d95,
0x6c31, 0x5b6e, 0x638e, 0x5b6e, 0x6bae, 0x73ee, 0x6bcf, 0x7c2f, 0x6bef, 0x9cf1,
0x3208, 0x3208, 0x3229, 0x3a29, 0x42ab, 0x1945, 0x5cd2, 0x5c92, 0x2186, 0x3208,
0x3208, 0x2a08, 0x29c8, 0x4b8e, 0x7e18, 0x7e18, 0x8618, 0x867a, 0x9555, 0x8bee,
0x6a68, 0x2881, 0x7b4b, 0x83cd, 0x5a89, 0x5a27, 0x5184, 0x6a26, 0xddd3, 0xc4cf,
0x8267, 0x6a26, 0x8b2a, 0x82c8, 0x9b8c, 0xa3cd, 0x9bcc, 0x82a8, 0x9bcc, 0xde55,
0xd5d3, 0xc4f0, 0xa36b, 0x7a67, 0x20e3, 0x7a88, 0x69c5, 0x61a5, 0xa38c, 0x9e17,
0x8e9a, 0x8e59, 0x8659, 0x8658, 0x8679, 0x6d55, 0x324a, 0x29e8, 0x3229, 0x3209,
0x3208, 0x29e8, 0x2a08, 0x7638, 0x326a, 0x3208, 0x3a6a, 0x3229, 0x3229, 0x3229,
0x3a29, 0x31e8, 0x49e7, 0x49e8, 0x49e8, 0x49e8, 0x5208, 0x5229, 0x5229, 0x4a29,
0x4a29, 0x4a29, 0x5249, 0x526a, 0x4a6a, 0x528b, 0x5aab, 0x5aab, 0x52ab, 0x5acb,
0x5b0c, 0x20e4, 0x2904, 0x28e4, 0x3104, 0x4186, 0x49c7, 0x51e8, 0x5166, 0x40a2,
0x50e3, 0x6945, 0x78c3, 0x70a3, 0x6904, 0x81a6, 0x79a6, 0x79a6, 0x79a6, 0x7986,
0x7165, 0x68e3, 0x78a3, 0x70c3, 0x6145, 0x48c3, 0x40a3, 0x5186, 0x49c7, 0x41a7,
0x3986, 0x3104, 0x3104, 0x28e4, 0x3165, 0x632d, 0x5aab, 0x5acb, 0x528b, 0x528a,
0x4a6a, 0x4a6a, 0x4a49, 0x4a49, 0x4a49, 0x7a49, 0x6229, 0x6a29, 0x7a08, 0x8208,
0x71e8, 0x79e8, 0x79e8, 0x71c8, 0x3969, 0x3949, 0x3148, 0x2126, 0x2126, 0x2126,
0x4969, 0xa990, 0x68e9, 0x1842, 0x3084, 0x1863, 0x2083, 0x2083, 0x1863, 0x1883,
0x1041, 0x1862, 0x2083, 0x2084, 0x2884, 0x2063, 0x1863, 0x40c6, 0x48a7, 0x58e8,
0x20a4, 0x3126, 0x3988, 0x62ee, 0x8cd6, 0x9517, 0x9d37, 0x9d78, 0x9d99, 0xa5b9,
0xa5b9, 0xa5b9, 0x9d99, 0x9d57, 0x94d6, 0x8c74, 0x7bd2, 0x7350, 0x730f, 0x62ee,
0x528c, 0x4a4b, 0x4a2a, 0x4a0a, 0x41c9, 0x422a, 0x6597, 0x1966, 0x2aab, 0x3b6f,
0x29c9, 0x21c8, 0x1967, 0x1987, 0x1987, 0x1987, 0x1967, 0x1988, 0x2188, 0x21a8,
0x21a9, 0x21c9, 0x21a8, 0x21a8, 0x29c9, 0x31c9, 0x38a5, 0x30a5, 0x30a5, 0x30a5,
0x38c6, 0x5108, 0x718c, 0x8291, 0x7c56, 0x6dfa, 0x66bc, 0x6edd, 0x6edc, 0x6e7b,
0x7d39, 0x9375, 0x9a11, 0x918e, 0x916d, 0x998f, 0xb9d2, 0xda35, 0xf278, 0xc234,
0x516a, 0x31ec, 0x11ec, 0x5a2c, 0xa414, 0x4969, 0x7391, 0x7475, 0x6a2d, 0x4148,
0x5169, 0xa413, 0xac74, 0x61cb, 0x4148, 0x622c, 0x7454, 0x6b50, 0x4948, 0xa453,
0xb4d5, 0x8aef, 0x8b0f, 0xdb37, 0xea37, 0xda36, 0xda16, 0xea37, 0xf258, 0xea58,
0xda15, 0xa9b1, 0x894d, 0x792b, 0x792b, 0x712b, 0x6109, 0x48e7, 0x38c6, 0x38a6,
0x30a5, 0x2885, 0x2884, 0x3085, 0x38a6, 0x48c7, 0x48c7, 0x38a5, 0x5185, 0x4144,
0x28e3, 0x20a2, 0x20c3, 0x3103, 0x5185, 0x3904, 0x30c3, 0x30c3, 0x4104, 0x40e4,
0x4104, 0x41a7, 0x5c92, 0x21e9, 0x0863, 0x10c4, 0x08a4, 0x1906, 0x3928, 0x1926,
0x40e4, 0x5125, 0x5145, 0x5125, 0x4104, 0x2883, 0x7a69, 0xbc2e, 0xbc4e, 0xbc4f,
0x930a, 0x71c6, 0x71a6, 0x5124, 0x2082, 0x1145, 0x1186, 0x1a08, 0x20c3, 0x0820,
0x8b0b, 0xcd33, 0xac0c, 0x8aa6, 0x4186, 0x1906, 0x8aa9, 0x8248, 0xb40f, 0x9aaa,
0x3104, 0x10a4, 0x28e6, 0x0884, 0x43f0, 0x4aec, 0x40e4, 0x4904, 0x4104, 0x4104,
0x30c3, 0x30c3, 0x3904, 0x4985, 0x3103, 0x20c3, 0x20a2, 0x28e3, 0x4144, 0x4964,
0x238e, 0x238e, 0x236e, 0x2c10, 0x2d54, 0x2d13, 0x34b3, 0x34f4, 0x5efb, 0x2b4d,
0x1104, 0x1145, 0x1145, 0x1145, 0x1145, 0x1125, 0x1145, 0x1145, 0x1145, 0x1125,
0x21e8, 0x328b, 0x3aec, 0x3aec, 0x2a8a, 0x21c7, 0x0041, 0x0862, 0x0924, 0x1166,
0x1165, 0x11a6, 0x2b4c, 0x33ee, 0x2b6c, 0x22ea, 0x2268, 0x1a48, 0x2289, 0x22ca,
0x234c, 0x2bce, 0x2c2f, 0x1aaa, 0x2aab, 0x1986, 0x10e4, 0x0924, 0x1186, 0x1186,
0x19e7, 0x2289, 0x1a28, 0x1a49, 0x22eb, 0x238d, 0x1228, 0x1bae, 0x0061, 0x0862,
0x0041, 0x0041, 0x0082, 0x0082, 0x4595, 0x3555, 0x2c31, 0x2bf0, 0x23f0, 0x2411,
0x2410, 0x23af, 
0x1968, 0x1947, 0x1926, 0x1126, 0x1126, 0x1126, 0x1126, 0x1126, 0x1147, 0x1947,
0x3169, 0x31ab, 0x614c, 0x40a7, 0x48c8, 0x2064, 0x0862, 0x1063, 0x0863, 0x1083,
0x1083, 0x0862, 0x1083, 0x10e5, 0x18a4, 0x1842, 0x0801, 0x1001, 0x28a4, 0x30a4,
0x28a4, 0x1883, 0x28c4, 0x6a6b, 0x7b0d, 0x7b0d, 0x7acc, 0x4967, 0x1863, 0x28a4,
0x30a4, 0x30c5, 0x1863, 0x0800, 0x1021, 0x2864, 0x40e6, 0x61c9, 0xba53, 0x4909,
0x5107, 0x7106, 0x5968, 0x21ca, 0x1989, 0x1988, 0x1968, 0x1988, 0x1989, 0x21a9,
0x1989, 0x1988, 0x1968, 0x1968, 0x1968, 0x1968, 0x1a4c, 0x2494, 0x2df9, 0x2d98,
0x1d17, 0x1cd6, 0x18e4, 0x2104, 0x39a5, 0x72e7, 0x9bc9, 0xa409, 0x93a9, 0x6aa7,
0x3985, 0x18e4, 0x18e4, 0x18e4, 0x18e4, 0x18e4, 0x2104, 0x2924, 0x6a66, 0xabc9,
0x8ac8, 0x40e3, 0x72a7, 0xfe2f, 0x8b09, 0x8b6c, 0x5a07, 0x28e3, 0x838d, 0x6aeb,
0x49e7, 0x734c, 0x83ae, 0x6a89, 0x942f, 0x7289, 0x7268, 0x9c70, 0xad54, 0x93ad,
0x7268, 0x8bad, 0x838c, 0x72aa, 0x8bee, 0x5a69, 0x5248, 0x7bad, 0x5207, 0x3103,
0x8bad, 0x8b6c, 0x8d13, 0x8efb, 0x39c7, 0x5186, 0x7410, 0x4bcf, 0x21a7, 0x18e4,
0x1904, 0x18e4, 0x18e4, 0x18e4, 0x18e4, 0x18e4, 0x18e4, 0x2104, 0x49e6, 0x8348,
0xa3e9, 0xa409, 0x93a8, 0x6287, 0x43ef, 0x334d, 0x2acb, 0x330c, 0x332c, 0x334c,
0x336d, 0x3b8d, 0x3bae, 0x3bce, 0x3c2f, 0x6636, 0x979c, 0x9fbc, 0x7ef9, 0x442f,
0x332c, 0x3207, 0x59e6, 0x59a5, 0x2945, 0x1082, 0x6206, 0x7aa8, 0x28a2, 0x1061,
0x4a07, 0x3144, 0x18c2, 0x3985, 0x59e7, 0x69c5, 0x7a67, 0x7a67, 0xa40d, 0xbd11,
0xa3cc, 0x7a47, 0x7a67, 0x61a5, 0x49c6, 0x2924, 0x20e3, 0x41c6, 0x49e7, 0x1020,
0x4164, 0x82e9, 0x7288, 0x20e4, 0x3965, 0x5964, 0x62a9, 0x5594, 0x4d33, 0x5dd5,
0x875b, 0xa7dc, 0x875b, 0x5574, 0x3c0f, 0x3bce, 0x3bae, 0x3b8d, 0x334d, 0x334c,
0x332c, 0x332c, 0x330b, 0x3bae, 0x43ee, 0x3aeb, 0x2889, 0x2889, 0x308a, 0x1846,
0x20c8, 0x20e9, 0x20a7, 0x28a8, 0x28c9, 0x28ea, 0x30ca, 0x30ca, 0x40ec, 0x510f,
0x8a14, 0xf57e, 0xdbfd, 0x81f5, 0x69b2, 0xe4dd, 0xfd1f, 0x9a97, 0x49f0, 0x5b35,
0x6c38, 0x63b5, 0x41cf, 0x28ca, 0x28a9, 0x28ca, 0x398d, 0x52b1, 0x7416, 0x84b8,
0x84b8, 0x8cb9, 0x8498, 0x8498, 0x73d6, 0x4a70, 0x314c, 0x28a9, 0x2068, 0x40ec,
0x6211, 0x63b5, 0x6c17, 0x5af4, 0x61d2, 0xdc3c, 0xfd9f, 0x8a56, 0x71b4, 0xdc5c,
0xf5de, 0x9a56, 0x490e, 0x390d, 0x30ca, 0x28c9, 0x28a9, 0x30aa, 0x2087, 0x2087,
0x2087, 0x2087, 0x20a7, 0x1886, 0x1866, 0x1866, 0x1866, 0x1845, 0xbd72, 0xbd72,
0xbd72, 0xa532, 0x7d13, 0x7cf3, 0x7cf3, 0x84d2, 0x7471, 0x8c70, 0x740f, 0x63cf,
0x6bef, 0x6bef, 0x6bcf, 0x63cf, 0x6c30, 0x8d95, 0x8d95, 0x8d95, 0x8d95, 0x8db5,
0x8db6, 0x8db5, 0x8df6, 0x8c0f, 0xb5d5, 0x93ee, 0x79c5, 0xa309, 0xbbab, 0xcc6d,
0xc44d, 0xbc2d, 0x9ae9, 0xab8b, 0xd4af, 0x9aa8, 0x7185, 0x7a06, 0xab6a, 0xb3ab,
0x9287, 0x71a5, 0x6184, 0x9491, 0xae17, 0x840f, 0x8dd6, 0x8d95, 0x8db5, 0x8db5,
0x8db5, 0x8db5, 0x8db5, 0x8d95, 0x8db5, 0x8d54, 0x6c10, 0x84f3, 0x95b5, 0x7cb2,
0x7bee, 0x6baf, 0x6bcf, 0x63ae, 0x6bcf, 0x7c0f, 0x7c0f, 0x7c50, 0x8450, 0xb572,
0x3208, 0x3208, 0x3208, 0x3229, 0x3a8a, 0x1945, 0x5cd3, 0x5c92, 0x2186, 0x3209,
0x3229, 0x2a08, 0x29e8, 0x4b8e, 0x7e18, 0x7e18, 0x8618, 0x8679, 0x8d75, 0x8b8d,
0x934a, 0x82c8, 0x61c5, 0x8ae9, 0x8ac9, 0xa3ac, 0xa40d, 0x8309, 0xddf3, 0xcd30,
0xab6a, 0xabab, 0xbccf, 0xac0d, 0x9309, 0x9b8b, 0xa3ed, 0xbcf0, 0xde55, 0xd5f3,
0xcd92, 0xbc6e, 0x92e9, 0x61c6, 0x4164, 0x934a, 0x82a8, 0x8aa8, 0x934b, 0x8e59,
0x8e79, 0x8659, 0x8659, 0x8638, 0x8659, 0x6d55, 0x324a, 0x2a08, 0x3229, 0x3229,
0x3209, 0x3208, 0x2a08, 0x7638, 0x326a, 0x31e8, 0x3a4a, 0x3208, 0x3229, 0x3208,
0x3229, 0x31c7, 0x49e8, 0x51e8, 0x51e8, 0x5208, 0x5208, 0x5228, 0x5229, 0x5229,
0x4a29, 0x4a29, 0x5249, 0x526a, 0x526a, 0x528a, 0x5aab, 0x5aab, 0x5aab, 0x5acb,
0x5b0c, 0x2104, 0x20e4, 0x28e4, 0x28c3, 0x3104, 0x3966, 0x41c7, 0x5208, 0x5a08,
0x4924, 0x40c2, 0x4904, 0x40c3, 0x5903, 0xa431, 0xb576, 0xb5b7, 0xb5d8, 0xb596,
0x932d, 0x50a2, 0x48c3, 0x40e3, 0x3882, 0x5145, 0x5a08, 0x49c7, 0x41a7, 0x3145,
0x28e4, 0x28e3, 0x2904, 0x20c3, 0x2966, 0x5b0c, 0x5acb, 0x5aab, 0x528b, 0x528a,
0x526a, 0x4a6a, 0x4a49, 0x4a49, 0x4a49, 0x7a49, 0x6229, 0x6a29, 0x8209, 0x8a08,
0x79e8, 0x79e8, 0x81e8, 0x81c8, 0x8231, 0x8a72, 0x6a0f, 0x3969, 0x1926, 0x1926,
0xa990, 0x892c, 0x1842, 0x2863, 0x2884, 0x1062, 0x2083, 0x1062, 0x1062, 0x1863,
0x1042, 0x1883, 0x1883, 0x2083, 0x2083, 0x1062, 0x30a5, 0x3085, 0x40a6, 0x28a4,
0x18a3, 0x3167, 0x4a0a, 0x7c13, 0x94f6, 0x9517, 0x9d37, 0x9d58, 0x9d98, 0x9d99,
0xa5b9, 0xa5b9, 0x9d99, 0x9d57, 0x94f6, 0x8c74, 0x7bf2, 0x7350, 0x6b0e, 0x6aee,
0x62cd, 0x524b, 0x4a2a, 0x420a, 0x41c8, 0x422a, 0x6576, 0x21a7, 0x3bd0, 0x32ac,
0x2188, 0x2188, 0x1987, 0x1987, 0x1987, 0x1987, 0x1988, 0x29a9, 0x49ec, 0x5a0e,
0x5a0e, 0x5a0e, 0x41ec, 0x29c9, 0x29e9, 0x320a, 0x38a5, 0x30a5, 0x30a5, 0x30a5,
0x38c6, 0x5108, 0x718c, 0x82b1, 0x7c76, 0x6e1a, 0x66bc, 0x6efd, 0x6edd, 0x6e7c,
0x7d39, 0x9375, 0x9a31, 0x918e, 0x916d, 0xa18f, 0xc1f3, 0xda36, 0xfa79, 0xca34,
0x81ae, 0x41ed, 0x11cb, 0x498a, 0xb4f6, 0xacd5, 0x8b30, 0x9310, 0xb4b5, 0xc598,
0x9bb2, 0xbd37, 0xc598, 0x9371, 0xbd16, 0xbd16, 0x8b50, 0x734f, 0xbcf6, 0xcdf9,
0xa3d2, 0x830f, 0xabb3, 0xf2b9, 0xe236, 0xda15, 0xda15, 0xe237, 0xf258, 0xea58,
0xda15, 0xa9b1, 0x894d, 0x794c, 0x794c, 0x714b, 0x612a, 0x5108, 0x40e7, 0x40c7,
0x38c6, 0x30a5, 0x30a5, 0x30a5, 0x38a5, 0x38a6, 0x3085, 0x2884, 0x4985, 0x4144,
0x28e3, 0x20a2, 0x20c3, 0x3103, 0x5185, 0x3904, 0x30c3, 0x38c3, 0x4104, 0x4104,
0x4125, 0x4aab, 0x4c11, 0x10c5, 0x1926, 0x10a4, 0x08c4, 0x3908, 0x4128, 0x10c5,
0x1821, 0x0800, 0x1041, 0x10e4, 0x28c3, 0x48e4, 0x5925, 0x9b0a, 0xc46f, 0xc470,
0xa32b, 0x8228, 0x79e7, 0x4945, 0x9c30, 0x6534, 0x3d75, 0x5c52, 0x38e4, 0x7aaa,
0xe5f5, 0xc532, 0x8b28, 0x8aa7, 0x59c6, 0x2946, 0x8249, 0x6124, 0x92ca, 0xab6c,
0x4125, 0x0883, 0x20e6, 0x10a4, 0x4411, 0x4acb, 0x40e4, 0x4904, 0x4104, 0x40e4,
0x30c3, 0x38c3, 0x3904, 0x4985, 0x3103, 0x20c3, 0x20a2, 0x28e3, 0x4144, 0x4964,
0x23af, 0x238f, 0x23cf, 0x2c10, 0x2c92, 0x34d3, 0x34d3, 0x3514, 0x5efb, 0x336d,
0x10e4, 0x1145, 0x1125, 0x1145, 0x1166, 0x1125, 0x1125, 0x1145, 0x1125, 0x1166,
0x2a4a, 0x328b, 0x3b2d, 0x2a29, 0x21c7, 0x08a3, 0x0041, 0x0882, 0x08c3, 0x11e7,
0x19a6, 0x2b2c, 0x3d33, 0x3d94, 0x3d12, 0x3470, 0x2bcd, 0x2b4c, 0x234c, 0x2c0f,
0x2cf2, 0x2491, 0x1a08, 0x1966, 0x2249, 0x1145, 0x10c3, 0x1125, 0x11a6, 0x19c7,
0x1a28, 0x1a07, 0x19e7, 0x1a28, 0x1a08, 0x23ce, 0x1b0c, 0x1b6c, 0x0020, 0x0061,
0x0041, 0x0041, 0x0082, 0x0082, 0x45b6, 0x3d75, 0x2c31, 0x23af, 0x236e, 0x238f,
0x234e, 0x22ec, 
0x1968, 0x1947, 0x1926, 0x1926, 0x1126, 0x1126, 0x1126, 0x1126, 0x1947, 0x1947,
0x2968, 0x29aa, 0x614c, 0x60ea, 0x3086, 0x0862, 0x1063, 0x0863, 0x0863, 0x1083,
0x1083, 0x1083, 0x10a3, 0x1905, 0x1083, 0x0820, 0x18c4, 0x09a7, 0x0987, 0x0905,
0x1842, 0x38c5, 0x4926, 0x59c8, 0x728c, 0x7acd, 0x6a4b, 0x5167, 0x40e5, 0x2863,
0x0862, 0x0966, 0x0a08, 0x21c8, 0x1883, 0x0801, 0x4167, 0x6a2a, 0xba53, 0x694b,
0x48c5, 0x79ca, 0x89aa, 0x21aa, 0x1989, 0x1988, 0x1988, 0x1989, 0x1989, 0x21a9,
0x2189, 0x1988, 0x1968, 0x1968, 0x1968, 0x1988, 0x1a4c, 0x2454, 0x35b8, 0x45d9,
0x3578, 0x24f6, 0x18e4, 0x2104, 0x39a5, 0x72e7, 0x9bc9, 0xa409, 0x93a9, 0x6aa7,
0x3985, 0x1904, 0x18e4, 0x18e4, 0x1904, 0x2105, 0x2925, 0x3145, 0x6a45, 0xabe9,
0x82a7, 0x40e3, 0x9b89, 0xf5ef, 0x82c9, 0x8b6c, 0x940e, 0x5a27, 0x3903, 0x59e7,
0x6a48, 0x7aca, 0x832b, 0xa470, 0xa4d1, 0x832b, 0x82ea, 0x9c2f, 0xad33, 0x93cd,
0x830b, 0x93ee, 0xa4d1, 0x8bad, 0x830b, 0x7aca, 0x6248, 0x51a6, 0x4986, 0x8bad,
0x9c4f, 0x8b4c, 0x8450, 0x8f5c, 0x5b6d, 0x4944, 0x6bcf, 0x438e, 0x29a8, 0x1905,
0x2125, 0x2125, 0x2125, 0x1905, 0x18e4, 0x18e4, 0x18e4, 0x2104, 0x41e6, 0x8348,
0xa3e9, 0xa409, 0x93a8, 0x6287, 0x43ae, 0x334c, 0x2acb, 0x330b, 0x330c, 0x332c,
0x334c, 0x336d, 0x3bae, 0x3bce, 0x3c2f, 0x6616, 0x979c, 0x9fbc, 0x7f1a, 0x4450,
0x3b8d, 0x3248, 0x7268, 0x6206, 0x2124, 0x18a3, 0x7267, 0xa3ec, 0x936b, 0x4923,
0x7289, 0x6aa9, 0x6227, 0x8b6c, 0x934b, 0x9b8c, 0xa42d, 0x8ac8, 0xac4e, 0xc552,
0xa3ac, 0x8ac8, 0xac4e, 0x936b, 0x9bcd, 0x7b0a, 0x6247, 0x7b0a, 0x61e6, 0x59a5,
0x9bcc, 0x9b8b, 0x82c9, 0x3145, 0x2924, 0x7247, 0x6b0a, 0x4d74, 0x4d53, 0x5dd5,
0x875b, 0xa7dc, 0x875b, 0x5574, 0x3c0f, 0x3bce, 0x3bae, 0x336d, 0x334c, 0x334c,
0x332c, 0x332c, 0x330b, 0x3b8d, 0x43ce, 0x3aca, 0x2868, 0x2889, 0x30aa, 0x2087,
0x20e9, 0x20c8, 0x2066, 0x2888, 0x28a8, 0x28a9, 0x28a9, 0x30ca, 0x40ed, 0x40ed,
0x71b2, 0xed1d, 0xcb5c, 0x9216, 0x79f3, 0xf55f, 0xf4df, 0x9216, 0x51f1, 0x5252,
0x5ab4, 0x6375, 0x52d4, 0x41d0, 0x392c, 0x30ca, 0x30ca, 0x30eb, 0x4a50, 0x73b6,
0x83f7, 0x8417, 0x83f7, 0x7396, 0x4a10, 0x28ca, 0x28a9, 0x30ea, 0x314d, 0x5a11,
0x6ad5, 0x5b35, 0x5294, 0x5232, 0x6192, 0xd37c, 0xfdbf, 0xab18, 0x8a16, 0xd39c,
0xed5d, 0x79b3, 0x48ee, 0x416e, 0x314b, 0x28c9, 0x30ca, 0x30aa, 0x2087, 0x2087,
0x2087, 0x2087, 0x216a, 0x2909, 0x1845, 0x1845, 0x1845, 0x1825, 0xbd71, 0xbd71,
0xbd51, 0xb551, 0x9d32, 0x9533, 0x9d33, 0x7cd2, 0x84b1, 0x9cd0, 0x6bef, 0x6bef,
0x842f, 0x946f, 0x7c0f, 0x6bef, 0x6c10, 0x8534, 0x8d95, 0x8d95, 0x8db6, 0x8db6,
0x8db6, 0x8db6, 0x8d95, 0x8e17, 0xb678, 0x7ac9, 0x7a47, 0xa32a, 0xb3cc, 0xbbec,
0xcccf, 0xe5f4, 0x69e6, 0x48c2, 0x7184, 0x5123, 0x40e2, 0x6a06, 0xa34a, 0xab4a,
0x92a8, 0x69c5, 0x61c5, 0x72c9, 0xa658, 0x8dd6, 0x8db6, 0x8db6, 0x8db6, 0x8db6,
0x8db6, 0x8db5, 0x8d95, 0x8d95, 0x95d6, 0x8513, 0x6bef, 0x8533, 0x8d54, 0x63af,
0x7c0f, 0x6bef, 0x6bef, 0x6bcf, 0x740f, 0x7c2f, 0x7c30, 0x8450, 0x8c90, 0xbd72,
0x31e8, 0x3208, 0x3208, 0x3208, 0x3a8a, 0x1925, 0x64d3, 0x5c92, 0x2187, 0x3229,
0x3229, 0x3229, 0x29e8, 0x4b8e, 0x75f8, 0x7e18, 0x7e18, 0x8659, 0x85f7, 0x83ce,
0x936a, 0xb46e, 0x9bab, 0x9b8b, 0xac2d, 0xbcf0, 0x82e9, 0x82c9, 0xddd3, 0xc4cf,
0xab8a, 0xabab, 0xb40c, 0xcd31, 0xbcaf, 0xbccf, 0xcd71, 0xd5f3, 0xd5f3, 0xd5d3,
0xccf0, 0xabab, 0x7227, 0x59a5, 0x61e6, 0x6a06, 0x82c9, 0x9309, 0x8471, 0x8eba,
0x8659, 0x8659, 0x8659, 0x8638, 0x8658, 0x6d34, 0x326a, 0x2a08, 0x3249, 0x3229,
0x3229, 0x3208, 0x2a08, 0x7638, 0x326a, 0x29e8, 0x3249, 0x3208, 0x3229, 0x3208,
0x3229, 0x31c7, 0x51e8, 0x51e8, 0x51e8, 0x5208, 0x5228, 0x5228, 0x5229, 0x5229,
0x4a29, 0x4a29, 0x5249, 0x526a, 0x526a, 0x528a, 0x5aab, 0x5aab, 0x52ab, 0x528a,
0x63af, 0x2945, 0x20c3, 0x20e4, 0x20a3, 0x28e3, 0x28e3, 0x3965, 0x41e8, 0x4a08,
0x5a6a, 0x51c7, 0x30a2, 0x4103, 0x4924, 0x838e, 0xbe7b, 0xbedc, 0xbedc, 0xb67a,
0x6acb, 0x4904, 0x38c3, 0x38c3, 0x59e8, 0x5a69, 0x4a28, 0x41e7, 0x3124, 0x28c3,
0x28e4, 0x20a3, 0x2904, 0x1882, 0x31e7, 0x6b8e, 0x528a, 0x5aab, 0x528a, 0x528a,
0x526a, 0x526a, 0x4a49, 0x4a49, 0x4a49, 0x7a49, 0x6229, 0x6a29, 0x8209, 0x8a08,
0x8a08, 0x79e8, 0x81e8, 0x81e8, 0xb2d6, 0xbb97, 0xa2f4, 0x498b, 0x2127, 0x898e,
0x912d, 0x2863, 0x2884, 0x3084, 0x2063, 0x1863, 0x2084, 0x1042, 0x1863, 0x1062,
0x1062, 0x1883, 0x1883, 0x2083, 0x1062, 0x2084, 0x30a4, 0x30a4, 0x28c5, 0x1062,
0x20e4, 0x3967, 0x62ce, 0x8cb5, 0x8cd6, 0x9516, 0x9537, 0x9d58, 0x9d78, 0x9d78,
0x9d99, 0x9d99, 0x9d98, 0x9537, 0x94d6, 0x8c74, 0x7bd2, 0x7350, 0x6aee, 0x6ace,
0x6acd, 0x5a8c, 0x4a2a, 0x420a, 0x41c8, 0x424b, 0x5cf4, 0x436f, 0x3bb0, 0x21a8,
0x21a8, 0x21a8, 0x1987, 0x1988, 0x1988, 0x1988, 0x1988, 0x41eb, 0x8292, 0xa316,
0xa316, 0xa2f6, 0x7a72, 0x39eb, 0x2a0a, 0x322b, 0x38a6, 0x30a5, 0x30a5, 0x30a5,
0x38c6, 0x5108, 0x718c, 0x82b1, 0x7c76, 0x6e1a, 0x66bc, 0x6efd, 0x6edd, 0x6e5c,
0x7d39, 0x9375, 0x9a31, 0x918f, 0x916e, 0xa18f, 0xc1f3, 0xe236, 0xf278, 0xda56,
0xb1f1, 0x520e, 0x1189, 0x4989, 0x8bb1, 0xc5b8, 0xe6bb, 0xde9b, 0xe69b, 0xcdd8,
0xac74, 0xbd57, 0xc598, 0xa434, 0xc597, 0xe69b, 0xde9a, 0xae18, 0xa5d8, 0x9cd5,
0x9330, 0x8330, 0xab54, 0xfab9, 0xe236, 0xda15, 0xda15, 0xe236, 0xea58, 0xea58,
0xd215, 0xa9b1, 0x896d, 0x798d, 0x79ad, 0x71ad, 0x698c, 0x596b, 0x4949, 0x4949,
0x4148, 0x3928, 0x3907, 0x38e6, 0x30c6, 0x30a5, 0x2884, 0x2064, 0x4985, 0x4144,
0x28e3, 0x20a2, 0x20c3, 0x3103, 0x5185, 0x3904, 0x30c3, 0x38c3, 0x4104, 0x4104,
0x4145, 0x5bef, 0x326b, 0x32cc, 0x21c8, 0x0863, 0x18e6, 0x5909, 0x3127, 0x0883,
0x1861, 0x2062, 0x8c10, 0x4493, 0x2431, 0x31e8, 0x6186, 0x8268, 0xd553, 0xcd32,
0xab8c, 0xabee, 0xc532, 0xabce, 0xb3ce, 0x9b6d, 0x728a, 0x6186, 0x934c, 0xee77,
0xddd4, 0xac4c, 0x72a7, 0x8267, 0x69e6, 0x49a7, 0x92ca, 0x71a6, 0x8248, 0xa34c,
0x3125, 0x08a4, 0x18c5, 0x1926, 0x5472, 0x4249, 0x4104, 0x4904, 0x4104, 0x4104,
0x38c3, 0x38c3, 0x3904, 0x5185, 0x3103, 0x20c3, 0x20a2, 0x28e3, 0x4144, 0x4964,
0x234e, 0x23af, 0x2bf0, 0x2c31, 0x2c72, 0x3493, 0x34d3, 0x3514, 0x5f1b, 0x338e,
0x08e4, 0x1145, 0x1125, 0x1166, 0x1166, 0x1124, 0x1125, 0x1125, 0x1125, 0x21e8,
0x2a6a, 0x32ec, 0x32ec, 0x328a, 0x2208, 0x0020, 0x0041, 0x0882, 0x10a2, 0x1144,
0x1b2b, 0x3d33, 0x4616, 0x4616, 0x45d5, 0x3d12, 0x344f, 0x3450, 0x3573, 0x3e36,
0x24b1, 0x1186, 0x1904, 0x1124, 0x2a08, 0x328a, 0x2166, 0x1104, 0x11a6, 0x1a08,
0x22ca, 0x2b0b, 0x22ca, 0x1a28, 0x1aaa, 0x24d2, 0x240f, 0x11e7, 0x0041, 0x0041,
0x0041, 0x0061, 0x0082, 0x0082, 0x4595, 0x3d96, 0x2c52, 0x2c31, 0x23af, 0x232d,
0x1acc, 0x1a8b, 
0x1988, 0x1967, 0x1926, 0x1926, 0x1126, 0x1126, 0x1126, 0x1127, 0x1947, 0x1947,
0x2168, 0x1989, 0x716e, 0x60ea, 0x1063, 0x1884, 0x1063, 0x0862, 0x1063, 0x10a4,
0x0862, 0x10a4, 0x10a3, 0x1905, 0x28e5, 0x1021, 0x49c9, 0x4c53, 0x2535, 0x3c52,
0x522a, 0x4126, 0x4967, 0x5187, 0x7b2e, 0x83d1, 0x6a6b, 0x5167, 0x4987, 0x3946,
0x530e, 0x2493, 0x2d15, 0x63b1, 0x28a4, 0x3105, 0x72cd, 0x624a, 0xba54, 0x796d,
0x4083, 0x79ca, 0x920c, 0x19aa, 0x1989, 0x1988, 0x1988, 0x1989, 0x1989, 0x2189,
0x2189, 0x2189, 0x1968, 0x1968, 0x1968, 0x1988, 0x1a4b, 0x1bd2, 0x2d57, 0x5619,
0x563a, 0x35d8, 0x18e4, 0x2104, 0x39c5, 0x72e7, 0x9bc9, 0xa409, 0x93a9, 0x6ac7,
0x39a5, 0x1904, 0x18e4, 0x1905, 0x2125, 0x2966, 0x3186, 0x3186, 0x7266, 0x72a6,
0x82a7, 0x71e5, 0xc46b, 0xedae, 0x82c9, 0x8b4b, 0x9c4f, 0xa490, 0x8bcd, 0x7b0b,
0x834c, 0x93cd, 0x9c6f, 0xa4d1, 0x8bad, 0x832b, 0x832b, 0x9c2f, 0xad12, 0x93cd,
0x936c, 0x8b8c, 0x9c70, 0x9c90, 0x940e, 0x93ee, 0x8bad, 0x8bee, 0xa4b1, 0xa4b1,
0x9c4f, 0x8b4c, 0x840f, 0x8f3c, 0x6cd3, 0x5a07, 0x52ca, 0x330c, 0x2a09, 0x2166,
0x2986, 0x2986, 0x2166, 0x2125, 0x1905, 0x18e4, 0x18e4, 0x2104, 0x41c6, 0x7b28,
0xa3e9, 0xa409, 0x93a8, 0x6287, 0x43ef, 0x43ee, 0x3bce, 0x43ee, 0x440f, 0x442f,
0x4450, 0x442f, 0x3bce, 0x3bce, 0x3c2f, 0x5e16, 0x979c, 0x9fbc, 0x7ef9, 0x4d33,
0x3b8d, 0x3aaa, 0x7b4a, 0x5a47, 0x18e4, 0x20c3, 0x82a8, 0xa3ec, 0xbccf, 0xa3ec,
0x7a47, 0x8267, 0x8aa8, 0x92e9, 0x9b6b, 0xb4af, 0xa40d, 0x9b4a, 0xb44e, 0xbd11,
0xa3ac, 0x932a, 0xac2e, 0xb4af, 0x9b6b, 0x9b0a, 0x92c9, 0x7a47, 0x82a8, 0xa42e,
0xac6e, 0x9b8b, 0x82c9, 0x41a6, 0x1904, 0x7288, 0x6bcd, 0x4d74, 0x4d53, 0x5df5,
0x875b, 0x9fdc, 0x875b, 0x4d74, 0x3c0f, 0x3bce, 0x3c0f, 0x4cd2, 0x4cf2, 0x4cd2,
0x4cb1, 0x4c91, 0x4c70, 0x4c91, 0x5470, 0x4bce, 0x2087, 0x28a9, 0x38ab, 0x20a8,
0x20e8, 0x20c8, 0x2087, 0x2888, 0x28a8, 0x28c9, 0x30a9, 0x30ca, 0x40ec, 0x38ac,
0xabd7, 0xc3ba, 0xa237, 0xa277, 0x9276, 0xfd3f, 0xf41f, 0x91d5, 0x410d, 0x410c,
0x390c, 0x394d, 0x420f, 0x41ae, 0x392d, 0x392c, 0x310b, 0x30ea, 0x418e, 0x5ad3,
0x7375, 0x83b6, 0x7355, 0x5a92, 0x398d, 0x30eb, 0x310b, 0x310c, 0x394d, 0x5a51,
0x51f0, 0x310c, 0x38ec, 0x410c, 0x50ee, 0xcafb, 0xfd7f, 0xbbba, 0x9a77, 0xb278,
0xb2b9, 0xc419, 0x48ee, 0x412d, 0x31cd, 0x28c9, 0x30ca, 0x30a9, 0x2087, 0x2087,
0x2087, 0x2086, 0x20e8, 0x20a7, 0x1865, 0x2066, 0x1845, 0x2046, 0xbd50, 0xbd51,
0xc571, 0xbd51, 0xb551, 0xbd92, 0xbd92, 0xa553, 0x8491, 0x7c50, 0x6c10, 0x7410,
0x7430, 0x7430, 0x6bef, 0x6bef, 0x6c10, 0x7cd2, 0x8d75, 0x8db5, 0x95d6, 0x8dd6,
0x8db5, 0x8dd6, 0x9e58, 0x7d34, 0x84d2, 0x7aca, 0x7a88, 0x9309, 0xabab, 0xbc4d,
0xc510, 0xb4af, 0xa40d, 0x7247, 0x4903, 0x4923, 0x5985, 0x6a27, 0x9309, 0x9b2a,
0x8a67, 0x69c5, 0x59a5, 0x61e6, 0xa637, 0x9638, 0x8db5, 0x8dd6, 0x95d6, 0x95d6,
0x95d6, 0x95d6, 0x8d95, 0x8d75, 0x95b5, 0x7c92, 0x6bf0, 0x84f3, 0x8d34, 0x63cf,
0x63cf, 0x7430, 0x7c50, 0x7c30, 0x8470, 0x8450, 0x7c50, 0x8470, 0x8c90, 0xbd72,
0x31e8, 0x31e8, 0x3208, 0x3208, 0x3a6a, 0x1925, 0x64d3, 0x5c92, 0x21a7, 0x3229,
0x3229, 0x3229, 0x29e8, 0x4b8e, 0x75f7, 0x7df7, 0x7e18, 0x8638, 0x8679, 0x8d34,
0x9309, 0xbc6d, 0xc4ae, 0xbcae, 0xc4cf, 0xbc6e, 0x7a47, 0x7a88, 0xd592, 0xbc8f,
0xab8b, 0xb3ec, 0xb3ec, 0xc4af, 0xcd71, 0xc510, 0xc4cf, 0xcd10, 0xcd30, 0xc4f0,
0xbc2d, 0x8aa8, 0x59a5, 0x59e6, 0x61e6, 0x7247, 0x932a, 0x8b4c, 0x969a, 0x8679,
0x8679, 0x8659, 0x8658, 0x7e38, 0x8638, 0x6514, 0x326a, 0x2a29, 0x3249, 0x3249,
0x3229, 0x3208, 0x2a29, 0x7e58, 0x328a, 0x29e8, 0x3249, 0x3208, 0x3208, 0x3208,
0x3208, 0x31c7, 0x51e8, 0x51e8, 0x51e8, 0x5208, 0x5228, 0x5228, 0x5229, 0x5229,
0x5229, 0x5229, 0x5249, 0x5a6a, 0x526a, 0x528a, 0x5aab, 0x52ab, 0x5aab, 0x63af,
0x4b2d, 0x31c7, 0x2104, 0x20c3, 0x1882, 0x1882, 0x20c3, 0x28e3, 0x3145, 0x4208,
0x41e8, 0x52aa, 0x6b0c, 0x3924, 0x3904, 0x5229, 0x8cd3, 0x8cb3, 0x8cb3, 0x7c71,
0x41a6, 0x3904, 0x4145, 0x6b4d, 0x5249, 0x4a28, 0x41e7, 0x3124, 0x28e3, 0x20a3,
0x1062, 0x18a3, 0x20c3, 0x2925, 0x3208, 0x5b8f, 0x636e, 0x5a8b, 0x528a, 0x528a,
0x526a, 0x526a, 0x524a, 0x5249, 0x4a49, 0x7a49, 0x6249, 0x6a29, 0x7a09, 0x8208,
0x8208, 0x79e8, 0x79e8, 0x79e8, 0xc358, 0xc419, 0xab55, 0x61cd, 0x796d, 0x70e9,
0x3084, 0x50e7, 0x48c7, 0x3085, 0x1862, 0x2884, 0x2063, 0x1041, 0x1863, 0x1062,
0x1082, 0x1883, 0x1883, 0x1062, 0x1883, 0x2884, 0x2083, 0x28c5, 0x1883, 0x20c4,
0x20e5, 0x41a8, 0x73b1, 0x8cd5, 0x8cd6, 0x94f6, 0x9517, 0x9537, 0x9d58, 0x9d78,
0x9d98, 0x9d98, 0x9d78, 0x9d78, 0x9d57, 0x94d5, 0x8433, 0x7b90, 0x6b0e, 0x6acd,
0x62ad, 0x62ad, 0x524b, 0x4209, 0x41e9, 0x3a09, 0x7412, 0x7bd2, 0x5c73, 0x220a,
0x29a8, 0x21a8, 0x1988, 0x1988, 0x1988, 0x2188, 0x2188, 0x4a0c, 0x8b75, 0xa4b9,
0x9cfa, 0x9cb9, 0x7b54, 0x3a0c, 0x322b, 0x3a6c, 0x38a6, 0x30a5, 0x30a5, 0x30a5,
0x38c6, 0x5108, 0x718c, 0x82b1, 0x7c76, 0x6e1a, 0x66bc, 0x6edc, 0x6ebc, 0x6e5b,
0x7d39, 0x9395, 0x9a31, 0x998f, 0x916e, 0xa18f, 0xc1f3, 0xe256, 0xf278, 0xea77,
0xca34, 0x61ef, 0x0968, 0x51eb, 0x8af0, 0xb4f6, 0xce19, 0xde5a, 0xde5a, 0xcd98,
0xac54, 0xc557, 0xcd98, 0xac54, 0xc577, 0xde5a, 0xde7a, 0xd639, 0xbd77, 0x8b91,
0x732f, 0x620d, 0xbb75, 0xf2d9, 0xe237, 0xd215, 0xd215, 0xe236, 0xea57, 0xea57,
0xd215, 0xa9d1, 0x89ae, 0x79ee, 0x7a50, 0x72b1, 0x6ad0, 0x62b0, 0x5a8f, 0x528e,
0x4a8e, 0x4a6d, 0x422c, 0x39aa, 0x3927, 0x30c6, 0x2885, 0x2084, 0x4985, 0x4144,
0x28e3, 0x20a2, 0x20c3, 0x3103, 0x5185, 0x4124, 0x38c3, 0x38c3, 0x4904, 0x4104,
0x49c7, 0x53af, 0x2a0a, 0x64f4, 0x1946, 0x08a4, 0x38e7, 0x58e9, 0x18e6, 0x0842,
0x4945, 0x30a3, 0x5a08, 0x7b2c, 0x736d, 0xa3ce, 0xbcd1, 0x9b0a, 0xd553, 0xd553,
0xbc0e, 0xc490, 0xddd5, 0xcd53, 0xbc4f, 0xbc4f, 0xc4b0, 0xd574, 0xf6b8, 0xde35,
0xc550, 0xabc9, 0x7a87, 0x8a67, 0x71c5, 0x6a28, 0x9b4c, 0x69a6, 0x9b0b, 0x82a9,
0x18a4, 0x10e5, 0x10a4, 0x1988, 0x5c92, 0x41a7, 0x4104, 0x4904, 0x4104, 0x4104,
0x38c3, 0x38c3, 0x3904, 0x5185, 0x3103, 0x20c3, 0x20a2, 0x28e3, 0x4144, 0x4964,
0x236e, 0x23cf, 0x2c10, 0x2c31, 0x2c72, 0x34d3, 0x3534, 0x3575, 0x677c, 0x33ae,
0x08e4, 0x1125, 0x1124, 0x1166, 0x1145, 0x1104, 0x1125, 0x1125, 0x1166, 0x2a29,
0x328a, 0x3b0d, 0x32cb, 0x2a29, 0x08a3, 0x0882, 0x0862, 0x0861, 0x10c3, 0x10a3,
0x11c7, 0x236c, 0x34b1, 0x3dd5, 0x3e36, 0x3e57, 0x3e97, 0x46b8, 0x3eb8, 0x24b1,
0x1124, 0x10c3, 0x08c3, 0x29a7, 0x6554, 0x5c92, 0x428b, 0x10e3, 0x1104, 0x1a69,
0x230b, 0x2b6d, 0x2b4c, 0x22ca, 0x1bae, 0x2e57, 0x242f, 0x1165, 0x0041, 0x0041,
0x0041, 0x0061, 0x0082, 0x0082, 0x4575, 0x3e18, 0x2d55, 0x2cb3, 0x2410, 0x238f,
0x232d, 0x1aec, 
0x1988, 0x1968, 0x1947, 0x1926, 0x1126, 0x1126, 0x1126, 0x1127, 0x1947, 0x1947,
0x1167, 0x298a, 0x814e, 0x2085, 0x1884, 0x1884, 0x0863, 0x0863, 0x1083, 0x1083,
0x0862, 0x18e5, 0x1083, 0x10e5, 0x3926, 0x4126, 0x2883, 0x4167, 0x420a, 0x5a2b,
0x6a6c, 0x7b90, 0x736f, 0x61e9, 0x83d1, 0x8cd4, 0x728c, 0x6a6b, 0x8411, 0x732e,
0x6a6b, 0x520a, 0x41a9, 0x30c5, 0x30e5, 0x6acd, 0x7b0e, 0x39a7, 0xaa33, 0x89af,
0x5105, 0x7988, 0x7a2d, 0x11a9, 0x2189, 0x1988, 0x1988, 0x1989, 0x2189, 0x2189,
0x298a, 0x296a, 0x2169, 0x2168, 0x1968, 0x1988, 0x1a4c, 0x1bd2, 0x2557, 0x4619,
0x4e3a, 0x2dd8, 0x1904, 0x2124, 0x41c6, 0x72e7, 0x9bc9, 0xa409, 0x93a9, 0x6ac7,
0x39a5, 0x1904, 0x1904, 0x2125, 0x2966, 0x31c8, 0x4228, 0x3a08, 0x82e8, 0x4983,
0x9308, 0x7a26, 0xab89, 0xf5ee, 0x8b09, 0x82ea, 0x9c0e, 0xa490, 0xa4b0, 0xa4b0,
0xa4b0, 0xa4b0, 0xa4d1, 0x9c4f, 0x8b8c, 0x8b4c, 0x832b, 0x9c0e, 0xacf2, 0x93cd,
0x938c, 0x93ad, 0x93ee, 0xa4d1, 0xa4d1, 0x9cb1, 0xa4f1, 0xa4f2, 0xa4d1, 0x9cb1,
0x9c2f, 0x82ca, 0x84b2, 0x86fb, 0x532c, 0x72eb, 0x3a08, 0x330c, 0x326a, 0x31e8,
0x3229, 0x3209, 0x5269, 0x39c7, 0x1905, 0x1904, 0x18e4, 0x2104, 0x5226, 0x8b48,
0x9be9, 0xa409, 0x93a8, 0x6287, 0x542f, 0x5470, 0x54b1, 0x54d2, 0x5cf2, 0x5d33,
0x6594, 0x65d5, 0x4470, 0x3bce, 0x3c2f, 0x5e16, 0x979b, 0x9fdc, 0x76f9, 0x5594,
0x4cd1, 0x43ce, 0x7b4b, 0x4a07, 0x10c3, 0x3124, 0x82a8, 0xabcc, 0xbcaf, 0xc511,
0xbccf, 0xac4e, 0xac4e, 0xac6e, 0xb4d0, 0xb48f, 0xabcc, 0xa3ab, 0xb42d, 0xbcf0,
0xabac, 0xa38b, 0xa3cc, 0xb4af, 0xb4b0, 0xac6f, 0xac6e, 0xac8f, 0xb4f0, 0xb4d0,
0xb44e, 0x9b6b, 0x82a9, 0x4a07, 0x10c3, 0x6268, 0x6c90, 0x4d94, 0x4d53, 0x5df5,
0x877b, 0x9fdc, 0x875b, 0x4d74, 0x3c0f, 0x3bee, 0x4d12, 0x6616, 0x6553, 0x5d13,
0x5cf2, 0x5cd2, 0x5cb1, 0x5491, 0x5450, 0x540f, 0x2868, 0x30aa, 0x38ab, 0x20a7,
0x20c7, 0x20a8, 0x20a8, 0x28a8, 0x28a8, 0x28a9, 0x30ca, 0x30ca, 0x38cb, 0x410d,
0xc337, 0xb1f7, 0x81f4, 0xaa38, 0xb338, 0xec5e, 0xdadd, 0x91b5, 0x40ab, 0x2868,
0x1846, 0x20a8, 0x322e, 0x3a0f, 0x28ca, 0x28a9, 0x30eb, 0x30ea, 0x30eb, 0x4a30,
0x6b75, 0x73f6, 0x6355, 0x41ef, 0x30ea, 0x30eb, 0x30ea, 0x2088, 0x316d, 0x5b33,
0x420f, 0x18a8, 0x2047, 0x3068, 0x50ce, 0xc25a, 0xebde, 0xdc1c, 0x9a57, 0x89f5,
0xb1d7, 0xca77, 0x516f, 0x410d, 0x30eb, 0x30ca, 0x30ca, 0x30a9, 0x2087, 0x2087,
0x2087, 0x2086, 0x2067, 0x2066, 0x1865, 0x1866, 0x1044, 0x3069, 0xc550, 0xb4cf,
0x7b2a, 0x9c6e, 0xbd51, 0xb552, 0xbdb3, 0xad31, 0x8450, 0x7c71, 0x7c51, 0x7450,
0x7c71, 0x7c71, 0x7410, 0x6c10, 0x6c10, 0x7cd3, 0x8d75, 0x8db5, 0x95d6, 0x8db5,
0x9617, 0x8dd6, 0x532d, 0x0841, 0x4a69, 0x7aea, 0x7288, 0x82c9, 0xa38b, 0xac2d,
0x9bed, 0x9bed, 0xac8f, 0xb4d0, 0x7a88, 0x7aa9, 0x7aa8, 0x7268, 0x7268, 0x7ac9,
0x8267, 0x61e6, 0x59c6, 0x61e7, 0x7430, 0x6cb2, 0x9678, 0x95f6, 0x8dd6, 0x95d6,
0x95d6, 0x95d6, 0x8d95, 0x84f3, 0x7cd2, 0x7430, 0x8470, 0x94b0, 0x84d2, 0x7410,
0x7430, 0x8470, 0x8490, 0x8470, 0x8c70, 0x8470, 0x8470, 0x8470, 0x8470, 0xa511,
0x31e8, 0x31e8, 0x3208, 0x3208, 0x3a4a, 0x1925, 0x64d3, 0x5cb2, 0x21a7, 0x3249,
0x3249, 0x3229, 0x3208, 0x4b8e, 0x75d7, 0x7df7, 0x7e18, 0x7e38, 0x7e58, 0x8e59,
0x830a, 0xabab, 0xbc6d, 0xc48e, 0xc4af, 0xb42d, 0x8288, 0x7a47, 0xcd31, 0xbc6e,
0xabab, 0xb3ec, 0xbc0c, 0xc4ae, 0xcd10, 0xcd10, 0xccef, 0xcccf, 0xc4ae, 0xbc2d,
0x9b2a, 0x69e6, 0x59c5, 0x6206, 0x6206, 0x934a, 0x92c9, 0x9575, 0x86ba, 0x8659,
0x8679, 0x8659, 0x8638, 0x7e18, 0x7e38, 0x6514, 0x3a8a, 0x2a29, 0x324a, 0x3249,
0x3229, 0x3229, 0x3229, 0x7e58, 0x328a, 0x29e8, 0x3229, 0x3208, 0x3208, 0x3208,
0x3208, 0x31c7, 0x59e8, 0x59e8, 0x59e8, 0x5a08, 0x5a08, 0x5a28, 0x5229, 0x5229,
0x5229, 0x5229, 0x5249, 0x5a6a, 0x526a, 0x5a8a, 0x5aab, 0x5a8b, 0x636e, 0x3a6a,
0x2125, 0x2966, 0x29a7, 0x2104, 0x1062, 0x1061, 0x1061, 0x20a2, 0x28c3, 0x3104,
0x41e8, 0x52ab, 0x7431, 0x41a6, 0x3104, 0x3986, 0x3965, 0x3945, 0x3945, 0x3965,
0x3965, 0x30e3, 0x4a49, 0x6c31, 0x528a, 0x41c7, 0x30e3, 0x28c3, 0x1882, 0x1061,
0x1062, 0x1882, 0x2945, 0x29c7, 0x2966, 0x2145, 0x42ab, 0x632d, 0x528a, 0x528a,
0x526a, 0x526a, 0x526a, 0x5249, 0x5249, 0x7a49, 0x6249, 0x6a29, 0x8229, 0x8208,
0x8208, 0x8208, 0x8208, 0x81e8, 0xcbf9, 0xcbf8, 0xb274, 0x996e, 0x6109, 0x50e8,
0x612a, 0x694a, 0x58c8, 0x2884, 0x1862, 0x3084, 0x1042, 0x1062, 0x1862, 0x1062,
0x1883, 0x1883, 0x1882, 0x1083, 0x2083, 0x1883, 0x18a3, 0x20c4, 0x18a3, 0x3146,
0x20e5, 0x4a2b, 0x8433, 0x8cb5, 0x8cd5, 0x94f6, 0x94f6, 0x9517, 0x9537, 0x9d58,
0x9d78, 0x9d99, 0xa5b9, 0x7c53, 0x4a6b, 0x4a6b, 0x52ac, 0x630e, 0x6b0e, 0x6ace,
0x62ad, 0x62ad, 0x526b, 0x4209, 0x39c8, 0x630e, 0x7370, 0x4147, 0x528c, 0x436f,
0x2168, 0x21a8, 0x1988, 0x1988, 0x2188, 0x21a8, 0x21a8, 0x4a2d, 0x8456, 0x8dba,
0x85fa, 0x85fa, 0x6c35, 0x3a4c, 0x324b, 0x3a6c, 0x38a6, 0x30a5, 0x30a5, 0x30a5,
0x38c6, 0x5108, 0x718c, 0x82b1, 0x7c76, 0x6dfa, 0x669c, 0x6ebc, 0x669c, 0x6e3b,
0x7d39, 0x9395, 0x9a52, 0x99af, 0x916e, 0xa18f, 0xc9f3, 0xe257, 0xf278, 0xf278,
0xd235, 0x71f0, 0x0928, 0x5a8d, 0x8b30, 0x9391, 0xc578, 0xcdf9, 0xd5f9, 0xb495,
0xabf3, 0xd5d9, 0xde5a, 0xb454, 0xac74, 0xd5f9, 0xd639, 0xcdb8, 0xac33, 0x92cf,
0x7b50, 0x2929, 0xc2d5, 0xfab9, 0xe257, 0xd215, 0xd215, 0xda16, 0xe237, 0xe237,
0xd215, 0xa9d1, 0x89cf, 0x7a4f, 0x7b12, 0x73d4, 0x7435, 0x6c35, 0x6435, 0x6414,
0x5c14, 0x5bf3, 0x5371, 0x4a8d, 0x4189, 0x38e6, 0x30a5, 0x2884, 0x4985, 0x4144,
0x28e3, 0x20a2, 0x20c3, 0x3103, 0x5185, 0x4124, 0x38c3, 0x38e3, 0x4904, 0x4104,
0x4a29, 0x430d, 0x3aab, 0x6514, 0x1947, 0x18c5, 0x60c8, 0x38e7, 0x08a4, 0x0842,
0x59c6, 0x930b, 0x7a48, 0x8a89, 0xb38c, 0xcd33, 0xc4f1, 0xa30a, 0xd553, 0xd532,
0xc44f, 0xccb0, 0xcd11, 0xddb4, 0xddb4, 0xddd4, 0xde15, 0xddd2, 0xc530, 0xc50e,
0xd54e, 0x9b48, 0x8a67, 0x8206, 0x69c6, 0x8289, 0x7a48, 0x930b, 0xa34b, 0x3945,
0x10a5, 0x1906, 0x1084, 0x21c9, 0x5bcf, 0x4166, 0x4104, 0x4904, 0x4104, 0x4904,
0x38c3, 0x38c3, 0x3904, 0x5185, 0x3103, 0x20c3, 0x20a2, 0x28e3, 0x4144, 0x4964,
0x238f, 0x2bcf, 0x2c10, 0x2c51, 0x2c92, 0x34f4, 0x3514, 0x3dd6, 0x6fdd, 0x33ef,
0x0904, 0x1125, 0x1124, 0x1166, 0x1145, 0x1104, 0x1125, 0x1125, 0x19a7, 0x2a09,
0x32cc, 0x32cc, 0x3b2d, 0x1986, 0x0020, 0x18c3, 0x18c3, 0x1082, 0x10a3, 0x1104,
0x1965, 0x21a7, 0x21a7, 0x19c7, 0x1a28, 0x230b, 0x2bae, 0x2c0f, 0x1aea, 0x08a2,
0x10c3, 0x08a2, 0x2986, 0x532d, 0x64d3, 0x5c71, 0x4aab, 0x1924, 0x0862, 0x1a28,
0x2c0f, 0x2c0f, 0x2c0f, 0x23ef, 0x24b1, 0x1b6d, 0x2b2c, 0x11c6, 0x0000, 0x0041,
0x0041, 0x0061, 0x0082, 0x0062, 0x4534, 0x4f1b, 0x3efa, 0x2c72, 0x2c10, 0x23af,
0x236e, 0x232d, 
0x1968, 0x1968, 0x1947, 0x1926, 0x1926, 0x1926, 0x1126, 0x1147, 0x1947, 0x1947,
0x1968, 0x618e, 0x40a7, 0x2085, 0x40c8, 0x1083, 0x1063, 0x0863, 0x1084, 0x1062,
0x1083, 0x18e5, 0x1083, 0x10c4, 0x3946, 0x730e, 0x6aac, 0x59c9, 0x61e9, 0x6a6b,
0x7b4f, 0x8473, 0x7bb0, 0x72ac, 0x83f1, 0x8cd5, 0x7acd, 0x7aed, 0x8432, 0x8452,
0x7b2e, 0x6a8c, 0x622a, 0x628c, 0x7bb0, 0x83d0, 0x5a6c, 0x20e4, 0x9a31, 0x920f,
0x5106, 0x81aa, 0x51ec, 0x19a9, 0x2189, 0x1988, 0x1989, 0x1989, 0x2189, 0x418c,
0x618e, 0x61af, 0x498c, 0x2969, 0x1968, 0x1989, 0x1a4c, 0x2433, 0x2db8, 0x35f9,
0x2dd9, 0x1d57, 0x1904, 0x2125, 0x41c6, 0x72e7, 0x9bc9, 0xa409, 0x93a9, 0x6ac7,
0x39a5, 0x2104, 0x1904, 0x2125, 0x29a7, 0x3a4a, 0x4aab, 0x4a8b, 0x8b6a, 0x4983,
0x51e5, 0xab89, 0x69a5, 0xedce, 0xb44b, 0x7269, 0x9bad, 0xa44f, 0xa4b0, 0xa4b0,
0xa4b0, 0xa4d1, 0xa490, 0x9c2e, 0x938d, 0x8b6c, 0x830b, 0x93cd, 0xa4d1, 0x938d,
0x938c, 0x93cd, 0x9c0e, 0x9c90, 0xa4f2, 0xa4f1, 0xa4d1, 0xa4d1, 0xa4b1, 0x9c4f,
0x93ce, 0x7a69, 0x8e38, 0x7595, 0x528a, 0x6c30, 0x18e3, 0x43af, 0x42ac, 0x3a8b,
0x42ab, 0x42ab, 0x426a, 0x31c7, 0x2125, 0x1904, 0x18e4, 0x2945, 0x82c7, 0xb409,
0xa409, 0xa409, 0x93a8, 0x6287, 0x4b6c, 0x4b6d, 0x4b8d, 0x4bae, 0x53ce, 0x53ce,
0x542f, 0x5d94, 0x4cb1, 0x3bce, 0x3c30, 0x5e16, 0x979b, 0x9fdc, 0x76f9, 0x4d94,
0x5594, 0x4d53, 0x638c, 0x31c6, 0x10a2, 0x41a6, 0x82c9, 0xa36b, 0xbc6e, 0xc4f0,
0xc510, 0xbd10, 0xbcf0, 0xbcf0, 0xbcd0, 0xb44d, 0xabec, 0xabac, 0xb40d, 0xbcd0,
0xabac, 0xa38b, 0xabcc, 0xb44e, 0xbcf0, 0xbcf0, 0xbcf0, 0xbcf0, 0xbcd0, 0xbc8f,
0xac0d, 0x92e9, 0x82e9, 0x5268, 0x1862, 0x4248, 0x5d32, 0x4d74, 0x4d53, 0x5df5,
0x877b, 0x9fdc, 0x875b, 0x4d74, 0x3c0f, 0x3bef, 0x5553, 0x5d53, 0x4bae, 0x4b8d,
0x4b6d, 0x4b6d, 0x4b6d, 0x434c, 0x434c, 0x432c, 0x68b0, 0x60d0, 0x30ab, 0x2087,
0x20c8, 0x20a8, 0x28a8, 0x28e9, 0x28c9, 0x28a9, 0x30ca, 0x30ca, 0x38cb, 0x390c,
0xb1d5, 0xb0d5, 0x81d3, 0x91f6, 0xc39a, 0xd3dc, 0x81f5, 0x60ef, 0x2026, 0x1024,
0x2867, 0x4352, 0x6456, 0x6cf8, 0x42d1, 0x2889, 0x28a9, 0x30eb, 0x30ca, 0x418e,
0x7437, 0x857a, 0x6bd6, 0x396d, 0x30ca, 0x30eb, 0x28a9, 0x30eb, 0x5456, 0x74f8,
0x6d59, 0x3a0f, 0x2026, 0x1024, 0x3869, 0x7973, 0xaab9, 0xec5e, 0xaa98, 0x9a17,
0xa0f2, 0xc1d6, 0x5170, 0x410d, 0x30cb, 0x30ca, 0x30ca, 0x30a9, 0x20a8, 0x2088,
0x2087, 0x2087, 0x2087, 0x2086, 0x2086, 0x20e8, 0x1866, 0x388b, 0xcd91, 0x93ec,
0x51e6, 0x7b4b, 0xb4f0, 0xbd51, 0xbd92, 0x9c90, 0x9513, 0x84b2, 0x7c91, 0x8491,
0x8491, 0x7c71, 0x7c71, 0x7c51, 0x7430, 0x7c91, 0x84f3, 0x8d74, 0x8db5, 0x95f7,
0x7cf3, 0x2987, 0x0821, 0x0821, 0x31a6, 0x72a9, 0x7268, 0x7288, 0x9b6b, 0x8b2a,
0x7268, 0x936b, 0x82e9, 0x7227, 0x7a68, 0x69e6, 0x61a5, 0x6a07, 0x61e6, 0x61e6,
0x7247, 0x61e6, 0x59c6, 0x6227, 0x4208, 0x0001, 0x4aec, 0x8e17, 0x9617, 0x95d6,
0x95d6, 0x95b6, 0x8533, 0x7c91, 0x7451, 0x8470, 0xcd4f, 0xa4f0, 0x7c71, 0x7430,
0x8470, 0x8c91, 0x8cb1, 0x8c91, 0x8c91, 0x8c91, 0x8470, 0x8c70, 0x8470, 0x94b1,
0x31e8, 0x31e8, 0x31e8, 0x31e8, 0x3a49, 0x1925, 0x64d3, 0x5cb2, 0x29a7, 0x3249,
0x3249, 0x3229, 0x3209, 0x4b8e, 0x6db7, 0x6dd7, 0x7e18, 0x7e38, 0x8638, 0x8eba,
0x8450, 0x8a87, 0xbc2d, 0xbc4d, 0xbc4d, 0xbc0c, 0x8aa8, 0x7a47, 0xccf0, 0xbc2d,
0xab8b, 0xab8b, 0xb40c, 0xccef, 0xcd10, 0xccef, 0xcccf, 0xc48e, 0xb40c, 0xa34a,
0x7a47, 0x61e5, 0x6a47, 0x6227, 0x6207, 0x92e9, 0x93ee, 0x8699, 0x8679, 0x8679,
0x8659, 0x8658, 0x8638, 0x7df8, 0x75f8, 0x64f4, 0x3a8b, 0x3229, 0x326a, 0x324a,
0x3249, 0x3229, 0x3229, 0x7e59, 0x328a, 0x29e8, 0x3229, 0x31e8, 0x3208, 0x31e8,
0x3208, 0x31c7, 0x6208, 0x59e8, 0x59e8, 0x5a08, 0x5a28, 0x5a28, 0x5a29, 0x5a29,
0x5229, 0x5229, 0x5a49, 0x5a6a, 0x526a, 0x5a8a, 0x5a8a, 0x5aec, 0x3a49, 0x2166,
0x2166, 0x1082, 0x10a2, 0x2145, 0x2125, 0x1082, 0x1882, 0x1061, 0x1062, 0x20a3,
0x28e3, 0x52ec, 0x7492, 0x4a49, 0x20c3, 0x3986, 0x3986, 0x3986, 0x3986, 0x3986,
0x3145, 0x28c3, 0x5b2d, 0x7451, 0x4a6a, 0x28c3, 0x20a2, 0x1061, 0x1062, 0x18a2,
0x1082, 0x2966, 0x2125, 0x1082, 0x10a2, 0x2986, 0x2146, 0x52ec, 0x5acb, 0x526a,
0x528a, 0x526a, 0x526a, 0x5249, 0x5249, 0x7a49, 0x6229, 0x6a29, 0x8229, 0x8208,
0x8208, 0x8208, 0x8208, 0x81e8, 0xcbd8, 0xcb77, 0xaa72, 0x518b, 0x4149, 0x798d,
0x4169, 0x792b, 0x60e8, 0x1863, 0x3084, 0x2864, 0x0841, 0x1862, 0x1862, 0x1062,
0x1883, 0x1062, 0x1883, 0x1883, 0x2083, 0x1883, 0x18c4, 0x1083, 0x2906, 0x39c9,
0x2905, 0x5acd, 0x8474, 0x8c95, 0x8cb5, 0x8cd6, 0x94d6, 0x94f6, 0x9517, 0x9537,
0xa599, 0x9537, 0x52ac, 0x18a3, 0x422a, 0x73d1, 0x6b90, 0x630e, 0x62cd, 0x62ce,
0x62cd, 0x6ace, 0x5a8c, 0x4209, 0x4a2a, 0x7b90, 0x49c9, 0x5a6c, 0x5a2b, 0x534f,
0x29a9, 0x21a8, 0x1988, 0x2188, 0x21a8, 0x21a8, 0x21a8, 0x4a2d, 0x8436, 0x8d9a,
0x8dba, 0x85ba, 0x6c15, 0x3a4c, 0x3a4c, 0x426d, 0x38a5, 0x30a5, 0x30a5, 0x30a5,
0x38c6, 0x5108, 0x718c, 0x82b1, 0x7c76, 0x6dda, 0x667c, 0x669c, 0x669c, 0x6e3b,
0x7d39, 0x9395, 0x9a52, 0x99af, 0x916e, 0xa190, 0xc9f3, 0xe257, 0xf278, 0xf279,
0xea57, 0x9231, 0x218a, 0x724e, 0xa414, 0x7a8f, 0xac75, 0xc577, 0xc577, 0xc577,
0x7a4d, 0xac13, 0xb4b5, 0x720c, 0xbd36, 0xc598, 0xc577, 0xbd16, 0x8af0, 0x9b71,
0x5ace, 0x418c, 0xfb5b, 0xf298, 0xe257, 0xd215, 0xc9f4, 0xd214, 0xda15, 0xd215,
0xc1f3, 0xa1d0, 0x89ce, 0x7a2f, 0x7b12, 0x7bf5, 0x7497, 0x74b7, 0x74b7, 0x74b7,
0x6cb7, 0x6c76, 0x63d3, 0x52cf, 0x49aa, 0x3907, 0x30a5, 0x2884, 0x4965, 0x4144,
0x28e3, 0x20a2, 0x20a3, 0x3103, 0x5185, 0x4124, 0x38c3, 0x38e3, 0x4904, 0x4104,
0x4a49, 0x3aed, 0x4b4e, 0x5cf3, 0x1146, 0x40c6, 0x58c8, 0x10c5, 0x1063, 0x1063,
0x51a5, 0xa3cc, 0xc4d1, 0xcd12, 0xcd53, 0xd553, 0xbc2e, 0xab4b, 0xd532, 0xccf1,
0xc44f, 0xccd0, 0xd511, 0xdd93, 0xddd4, 0xddd4, 0xd572, 0xdd8e, 0xd56e, 0xac0a,
0xbc4e, 0xa36c, 0x8246, 0x71e6, 0x8269, 0x8a89, 0x9b8c, 0xb40e, 0x7248, 0x1063,
0x3107, 0x18e6, 0x10e6, 0x438e, 0x632c, 0x4125, 0x4904, 0x4904, 0x4104, 0x4904,
0x38c3, 0x38c3, 0x3904, 0x5185, 0x3103, 0x20a3, 0x20a2, 0x28e3, 0x4144, 0x4164,
0x23af, 0x2bcf, 0x2bf0, 0x2c31, 0x2c92, 0x34f4, 0x3514, 0x4e99, 0x6ffe, 0x3430,
0x08e4, 0x1124, 0x1125, 0x1186, 0x1125, 0x1104, 0x1125, 0x1166, 0x21e8, 0x2a29,
0x32cc, 0x32cc, 0x330d, 0x08a2, 0x0041, 0x10c3, 0x18c3, 0x2104, 0x10a2, 0x10c3,
0x1986, 0x19c7, 0x1186, 0x1186, 0x1966, 0x1904, 0x10e4, 0x10c3, 0x1082, 0x08a3,
0x0882, 0x2986, 0x534d, 0x530c, 0x5c30, 0x5c72, 0x4a8a, 0x2165, 0x0861, 0x10e4,
0x1a89, 0x1a8a, 0x1a48, 0x11c7, 0x08c3, 0x10e3, 0x2b4d, 0x0882, 0x0021, 0x0041,
0x0041, 0x0061, 0x0082, 0x0041, 0x4534, 0x4efb, 0x2d96, 0x2cd3, 0x2bf0, 0x23cf,
0x23af, 0x236e, 
0x1968, 0x1968, 0x1947, 0x1947, 0x1947, 0x1927, 0x1927, 0x1947, 0x1947, 0x1147,
0x394a, 0x58ea, 0x38a7, 0x612c, 0x38a7, 0x1063, 0x1063, 0x1063, 0x1884, 0x0842,
0x10a4, 0x10c4, 0x0862, 0x10c4, 0x2946, 0x5acc, 0x83d1, 0x8411, 0x8432, 0x8432,
0x8c94, 0x8453, 0x7b4f, 0x7acd, 0x83d1, 0x8c94, 0x7aed, 0x7aed, 0x8390, 0x8cb4,
0x8cb4, 0x8c53, 0x8c73, 0x8432, 0x7bd1, 0x5aac, 0x3187, 0x3126, 0xb253, 0x81ac,
0x6188, 0x79cc, 0x21cb, 0x21a9, 0x2189, 0x1989, 0x1989, 0x1989, 0x298a, 0x59ae,
0x99d4, 0xa1d5, 0x71b0, 0x396b, 0x2169, 0x1989, 0x1a4c, 0x2454, 0x3dd9, 0x3dd9,
0x25b9, 0x1d57, 0x1905, 0x2125, 0x41a6, 0x72e7, 0x9bc9, 0xa409, 0x93a9, 0x6ac7,
0x39a5, 0x2105, 0x1904, 0x2145, 0x31e8, 0x428b, 0x52ec, 0x52ec, 0x838b, 0x6204,
0x0841, 0xabc9, 0x7a46, 0xcccc, 0xedef, 0x7248, 0x8b0b, 0x9bee, 0xa46f, 0xa4b0,
0xa4b0, 0xa4b0, 0xa490, 0x9c2f, 0x93ad, 0x8b4c, 0x82a9, 0x93ad, 0xa42f, 0x936c,
0x8b0b, 0x93ad, 0x9c2e, 0xa490, 0xa4b1, 0xa4d1, 0xa4d1, 0xa4b1, 0xa470, 0x9c0e,
0x8b0b, 0x7b0c, 0x97be, 0x7451, 0x7cb2, 0x3b0c, 0x1081, 0x4c10, 0x430d, 0x42ed,
0x4aed, 0x4aec, 0x3a8b, 0x29c8, 0x2125, 0x1904, 0x18e4, 0x2925, 0x7ac7, 0xb409,
0xa409, 0xa3e9, 0x93a8, 0x6287, 0x4b6d, 0x4b6d, 0x4b8d, 0x4bae, 0x53ee, 0x53ce,
0x53ce, 0x5d53, 0x4491, 0x3bce, 0x3c30, 0x5e16, 0x979c, 0x9fdc, 0x76f9, 0x5594,
0x4d53, 0x5594, 0x4c91, 0x2124, 0x10a3, 0x41c6, 0x8b0a, 0x9ae9, 0xbc0d, 0xc4af,
0xc4cf, 0xc4f0, 0xc4f0, 0xbcf0, 0xbcaf, 0xb44e, 0xabed, 0xa38b, 0xb3cc, 0xbc6e,
0xab6b, 0xa36b, 0xabec, 0xb44e, 0xbcaf, 0xbcf0, 0xbcd0, 0xbccf, 0xbcaf, 0xb42e,
0xa38c, 0x8268, 0x8b8c, 0x4a28, 0x38c2, 0x3228, 0x4d74, 0x4d74, 0x4d53, 0x5df5,
0x877b, 0x9fdc, 0x875b, 0x4d74, 0x3c0f, 0x3bef, 0x5533, 0x5d33, 0x436d, 0x32aa,
0x328a, 0x2a8a, 0x2a8a, 0x2a6a, 0x2a6a, 0x2a69, 0x2067, 0x30a9, 0x38ab, 0x2087,
0x2087, 0x2087, 0x2887, 0x28a8, 0x28a9, 0x28a9, 0x30ca, 0x38eb, 0x38cb, 0x38ec,
0xaa36, 0xc998, 0x7151, 0x91f6, 0xd3db, 0xcbbb, 0x6253, 0x51f1, 0x30a9, 0x2046,
0x6191, 0x7c9b, 0xafbf, 0x973e, 0x747a, 0x6a32, 0x5210, 0x4a91, 0x41ae, 0x49cf,
0x84f9, 0x9edd, 0x6bf6, 0x41af, 0x4a0f, 0x4a50, 0x51af, 0x72d5, 0x7d9c, 0xafbf,
0x96fe, 0x7b58, 0x48ec, 0x2026, 0x490d, 0x5a12, 0x9a98, 0xf4be, 0xc31a, 0x8193,
0xa935, 0xc237, 0x496e, 0x38ec, 0x310b, 0x30ea, 0x30ca, 0x28a9, 0x28a8, 0x28a8,
0x2087, 0x2067, 0x2067, 0x2066, 0x2087, 0x1866, 0x2889, 0x388b, 0x838b, 0x7b4a,
0x6247, 0x6288, 0xa44e, 0xbd51, 0xa4af, 0xad31, 0xb573, 0xad52, 0xa532, 0x94f2,
0x8cb2, 0x8491, 0x8491, 0x8491, 0x7c71, 0x7c51, 0x7c71, 0x84f3, 0x8d75, 0x8534,
0x31c8, 0x0842, 0x10a3, 0x0862, 0x18c3, 0x6aea, 0x6a07, 0x7268, 0x82e9, 0x8b0a,
0xa3cc, 0x9b8b, 0x9b0a, 0xab8b, 0x9b0a, 0x8a88, 0x71e6, 0x7206, 0x82a8, 0x7aa8,
0x6206, 0x59c6, 0x5185, 0x6aaa, 0x2145, 0x0862, 0x0821, 0x31c8, 0x8595, 0x9617,
0x9595, 0x9595, 0x7cb2, 0x7c71, 0x7c71, 0x8491, 0x8c91, 0x8491, 0x8491, 0x7c50,
0x8c91, 0x8cb1, 0x8cb1, 0x94d1, 0x9cd1, 0x94b1, 0x8471, 0x8c91, 0x94b1, 0xb551,
0x31e8, 0x31e8, 0x31e8, 0x31e8, 0x3a49, 0x1945, 0x64d3, 0x5cb2, 0x29c7, 0x3249,
0x324a, 0x3249, 0x3229, 0x4b8e, 0xa615, 0xb635, 0x8e17, 0x7e38, 0x8658, 0x7e59,
0x9679, 0x7ac9, 0xa34a, 0xb3ec, 0xb40c, 0xb40c, 0x8b09, 0x9b8b, 0xd571, 0xc4cf,
0xb3ec, 0xc46e, 0xb3cc, 0xbc6e, 0xcccf, 0xccef, 0xc48e, 0xbc0d, 0xa36b, 0x8ac8,
0x7206, 0x7267, 0x7288, 0x6a47, 0x49a6, 0x5b4c, 0x8e79, 0x8699, 0x8679, 0x8679,
0x8659, 0x8658, 0x7e38, 0xa636, 0xbe75, 0x7d13, 0x328b, 0x3229, 0x326a, 0x324a,
0x3249, 0x3229, 0x3249, 0x7e59, 0x328a, 0x29c7, 0x3229, 0x31e8, 0x3208, 0x31e8,
0x3208, 0x31c7, 0x6a08, 0x7208, 0x6a08, 0x6208, 0x6208, 0x6228, 0x6228, 0x5a29,
0x5a29, 0x5a29, 0x5a49, 0x5a69, 0x5a6a, 0x5a8a, 0x5aab, 0x530c, 0x2987, 0x29a7,
0x18c3, 0x10a2, 0x1062, 0x1904, 0x42ab, 0x18a2, 0x20c3, 0x18a2, 0x1862, 0x2082,
0x20a2, 0x3986, 0x7452, 0x5b2d, 0x20e3, 0x3186, 0x3145, 0x3165, 0x3165, 0x3165,
0x3145, 0x2924, 0x6bf0, 0x63af, 0x2904, 0x20a2, 0x2862, 0x1882, 0x18a3, 0x18a3,
0x2104, 0x42cb, 0x1062, 0x10a2, 0x1082, 0x2104, 0x29a7, 0x31e8, 0x5b2d, 0x526a,
0x528a, 0x5a6a, 0x526a, 0x5249, 0x5249, 0x8249, 0x6a29, 0x7229, 0x8229, 0x8a09,
0x8a08, 0x8208, 0x8208, 0x89e8, 0xcc59, 0xcc7a, 0xab76, 0x71ee, 0x796d, 0x2146,
0x518a, 0xa96f, 0x40a6, 0x2063, 0x40a6, 0x1842, 0x0841, 0x1862, 0x1062, 0x1883,
0x1062, 0x1062, 0x1083, 0x2083, 0x1883, 0x18a3, 0x18c4, 0x1883, 0x41c9, 0x41e9,
0x2926, 0x6b4f, 0x8474, 0x8c74, 0x8c95, 0x8cb5, 0x8cb5, 0x8cd5, 0x9516, 0x9d37,
0x73d1, 0x2925, 0x1062, 0x630e, 0x94b5, 0x8413, 0x7391, 0x6b0f, 0x5a6d, 0x5a8d,
0x6aee, 0x6b0e, 0x62ad, 0x41e9, 0x5a6c, 0x628c, 0x520a, 0x7370, 0x6aee, 0x530e,
0x31ca, 0x29a9, 0x2188, 0x21a8, 0x21a8, 0x21a8, 0x21a8, 0x4a0d, 0x9335, 0xb419,
0xac79, 0xac59, 0x8b34, 0x420c, 0x3a2c, 0x424d, 0x38a5, 0x30a5, 0x30a5, 0x30a5,
0x38c6, 0x5108, 0x718c, 0x82b1, 0x7c56, 0x6db9, 0x665b, 0x669c, 0x669c, 0x6e3b,
0x7d39, 0x9395, 0x9a32, 0x998f, 0x916e, 0xa190, 0xc1f3, 0xe236, 0xea57, 0xf258,
0xfa79, 0xb294, 0x420d, 0x9a11, 0xabf5, 0x7a8f, 0x9372, 0xb4d6, 0xbd37, 0xd619,
0xc577, 0x724c, 0x69eb, 0x9c13, 0xd63a, 0xcd98, 0xbcf6, 0xa413, 0x828f, 0x9bd3,
0x4a0c, 0x59ee, 0xeb59, 0xfa99, 0xe257, 0xd215, 0xc1f3, 0xc1d2, 0xb9d2, 0xb1d1,
0xa1b0, 0x91ae, 0x818d, 0x79ce, 0x8270, 0x8313, 0x8394, 0x83b5, 0x8bb5, 0x8bb5,
0x83b5, 0x7b94, 0x7312, 0x5a4e, 0x4969, 0x40e7, 0x30a5, 0x2884, 0x4965, 0x4144,
0x28e3, 0x20a2, 0x20a3, 0x3103, 0x51a5, 0x4124, 0x38c3, 0x38c3, 0x4904, 0x4104,
0x4a28, 0x3aac, 0x53af, 0x6555, 0x1906, 0x58a7, 0x30a5, 0x0883, 0x2084, 0x0842,
0x5185, 0xa349, 0xb42d, 0xccf1, 0xd512, 0xccf1, 0xbc0e, 0xab4b, 0xd4d1, 0xcc90,
0xc42e, 0xcc90, 0xd532, 0xdd73, 0xddb4, 0xddb4, 0xdd93, 0xcd0e, 0xcd0c, 0xbc6f,
0xbc2f, 0xab4c, 0x69e6, 0x8268, 0x92aa, 0x8aaa, 0xb3ce, 0x9b6c, 0x20c4, 0x30c6,
0x3908, 0x1926, 0x3b4d, 0x6cf3, 0x6a8a, 0x40e4, 0x4904, 0x4904, 0x4104, 0x4904,
0x38c3, 0x38c3, 0x3904, 0x5185, 0x3103, 0x20a3, 0x20a2, 0x28e3, 0x4144, 0x4144,
0x2bcf, 0x2bf0, 0x2c72, 0x2c72, 0x3493, 0x3514, 0x3d96, 0x5f7c, 0x5658, 0x3c51,
0x08e4, 0x1104, 0x1125, 0x1186, 0x1124, 0x1104, 0x1145, 0x19a7, 0x2208, 0x2a6a,
0x328b, 0x3b0c, 0x2229, 0x0041, 0x0882, 0x0882, 0x18c3, 0x18c3, 0x31e8, 0x3a69,
0x29c7, 0x1b2c, 0x11c7, 0x1208, 0x1186, 0x10e4, 0x10e4, 0x1104, 0x10e4, 0x10a3,
0x2966, 0x52ab, 0x530c, 0x532d, 0x5b6e, 0x5bf0, 0x4a6a, 0x2986, 0x0861, 0x0882,
0x0862, 0x0862, 0x0841, 0x0862, 0x1104, 0x22ca, 0x1104, 0x0000, 0x0041, 0x0041,
0x0041, 0x0041, 0x0082, 0x0041, 0x3cd3, 0x571b, 0x2d35, 0x2cd3, 0x2c31, 0x2bf0,
0x23af, 0x236e, 
0x1968, 0x1968, 0x1947, 0x1947, 0x1947, 0x1947, 0x1947, 0x1947, 0x1927, 0x3129,
0x3929, 0x48ea, 0x496c, 0x696d, 0x2885, 0x1063, 0x1863, 0x1884, 0x1863, 0x0842,
0x10c4, 0x10c4, 0x0842, 0x10a4, 0x2946, 0x41e9, 0x6b2e, 0x6b6f, 0x8c52, 0x8c73,
0x8c73, 0x83d1, 0x7b4f, 0x7acd, 0x8bb0, 0x9473, 0x82cd, 0x82ed, 0x836f, 0x8c32,
0x8c93, 0x8c73, 0x8c52, 0x6b4e, 0x630e, 0x39c9, 0x4188, 0x69ca, 0xd276, 0x61aa,
0x8a0c, 0x59cd, 0x19ca, 0x21aa, 0x2189, 0x1989, 0x1989, 0x2189, 0x318a, 0x69af,
0xa9d6, 0xb9d7, 0x81b2, 0x398b, 0x2169, 0x1989, 0x1a4c, 0x2c74, 0x4df9, 0x563a,
0x3e19, 0x2577, 0x1905, 0x2125, 0x39a6, 0x72e7, 0x9bc9, 0xa409, 0x93a9, 0x6ac7,
0x39a5, 0x2105, 0x1905, 0x2145, 0x31e8, 0x42ab, 0x530d, 0x52ec, 0x7b8c, 0x7265,
0x0000, 0x6a86, 0xa349, 0xa3aa, 0xfeb0, 0x9b69, 0x7228, 0x936c, 0x9c0e, 0xa46f,
0xa490, 0xa490, 0xa470, 0x9c2f, 0x93cd, 0x82ea, 0x82a9, 0x9bee, 0xa40e, 0x9bcd,
0x8aea, 0x936c, 0x9c2f, 0xa490, 0xa4b0, 0xa4b0, 0xa490, 0xa470, 0x9c0e, 0x938d,
0x7a28, 0x7d54, 0x8fbe, 0x7c50, 0x6cb2, 0x1904, 0x1904, 0x4c11, 0x4b0d, 0x4b0d,
0x4b0d, 0x4aed, 0x428b, 0x31c8, 0x2125, 0x1904, 0x18e4, 0x2105, 0x4a06, 0x8b48,
0x9bc9, 0x9be9, 0x8b88, 0x6267, 0x3aeb, 0x3aeb, 0x3aeb, 0x3b0c, 0x3b2c, 0x434c,
0x53ee, 0x5d53, 0x4491, 0x3bce, 0x3c30, 0x5e16, 0x8f9c, 0x9fdc, 0x76f9, 0x5594,
0x4d53, 0x55b4, 0x4450, 0x2924, 0x1904, 0x3985, 0x838c, 0x8a67, 0xab8b, 0xbc2d,
0xbc8f, 0xc4af, 0xc4cf, 0xc4af, 0xbc8f, 0xbc4e, 0xabac, 0xa30a, 0xbbcc, 0xc42d,
0xb38b, 0x9ae9, 0xabcc, 0xbc6e, 0xbcaf, 0xc4af, 0xc4af, 0xbc8f, 0xbc2e, 0xabcc,
0x9b0a, 0x7a47, 0x8bee, 0x49c6, 0x59a5, 0x39e7, 0x4d33, 0x5574, 0x4d53, 0x5df5,
0x877b, 0x9fdd, 0x875b, 0x4d74, 0x3c0f, 0x3bef, 0x5533, 0x5d33, 0x432c, 0x2208,
0x22cb, 0x2c4f, 0x2c90, 0x2c90, 0x2c90, 0x2c90, 0x2888, 0x30aa, 0x38cb, 0x30c9,
0x28c8, 0x2087, 0x2087, 0x28a8, 0x28a9, 0x2888, 0x30a9, 0x30ca, 0x412d, 0x38ec,
0x9234, 0xe2db, 0x6910, 0x7151, 0xe45d, 0xc3bb, 0x6ad5, 0x6375, 0x5231, 0x3088,
0x30c9, 0x5a31, 0x7bb6, 0x6355, 0x5a72, 0x62b3, 0x7c17, 0x7d3a, 0x52b2, 0x5292,
0x84f9, 0xa6dd, 0x73f6, 0x5292, 0x63b5, 0x853a, 0x6b75, 0x5a72, 0x62d4, 0x7bb7,
0x7335, 0x49ae, 0x2888, 0x38cb, 0x5a53, 0x62d4, 0x9b38, 0xfd3f, 0xb2f8, 0x486c,
0xb237, 0xbab8, 0x414e, 0x410d, 0x390b, 0x30ea, 0x30ca, 0x28a9, 0x28a8, 0x2888,
0x2087, 0x2087, 0x2888, 0x2087, 0x1866, 0x2066, 0x40ad, 0x40ad, 0x5a47, 0x6aa9,
0x6288, 0x6ac9, 0xa46e, 0xac8f, 0x8bac, 0xb531, 0xc5b3, 0xc5b3, 0xbd93, 0xbd93,
0x9d12, 0x8cd2, 0x8cb2, 0x84b2, 0x8492, 0x7c91, 0x7c91, 0x84b2, 0x8d54, 0x6c31,
0x2105, 0x1083, 0x1083, 0x1062, 0x10a3, 0x734c, 0x6207, 0x6207, 0x6a47, 0x8b2a,
0xb44d, 0xbc4e, 0xa38b, 0x8288, 0x7a68, 0x7207, 0x7206, 0x7a88, 0x82a8, 0x6a47,
0x5185, 0x4965, 0x59c6, 0x6bae, 0x18e4, 0x1082, 0x18a3, 0x0842, 0x31a7, 0x8555,
0x9575, 0x84b2, 0x8492, 0x7c71, 0x8471, 0x8471, 0x8471, 0x8491, 0x8491, 0x8491,
0x9490, 0x8c91, 0xa511, 0xbd51, 0xbd51, 0xbd51, 0xa4f1, 0x9cd1, 0xad11, 0xc571,
0x31e8, 0x31e8, 0x31e8, 0x31e8, 0x3a49, 0x1945, 0x64d3, 0x5cb3, 0x29c7, 0x324a,
0x326a, 0x3249, 0x3229, 0x4b8e, 0xbe35, 0xd674, 0x9e37, 0x7e38, 0x8658, 0x7e38,
0x96db, 0xa575, 0x7226, 0xab8b, 0xb3ec, 0xabcb, 0x9b8c, 0xbc8f, 0xdd92, 0xcd31,
0xab8b, 0xa36b, 0x9309, 0xcd31, 0xbc6e, 0xc48e, 0xbc6e, 0xb3ec, 0xa34a, 0x8288,
0x7267, 0x82e9, 0x7288, 0x6a48, 0x6b0b, 0x7d95, 0x8edb, 0x8679, 0x8679, 0x8679,
0x8659, 0x8659, 0x7e38, 0xae55, 0xd694, 0x8d32, 0x328b, 0x3249, 0x326a, 0x326a,
0x324a, 0x3249, 0x3249, 0x7e59, 0x328a, 0x29c7, 0x3229, 0x31e8, 0x3208, 0x31e8,
0x3208, 0x31c7, 0x7208, 0xa229, 0xa229, 0x7a08, 0x6a08, 0x6a28, 0x6229, 0x6229,
0x6229, 0x6229, 0x6249, 0x6249, 0x5a6a, 0x5a6a, 0x630c, 0x426a, 0x29a7, 0x2145,
0x1082, 0x10a2, 0x1062, 0x2124, 0x428a, 0x1882, 0x18c3, 0x18a3, 0x18a2, 0x58c3,
0x1882, 0x28c3, 0x52ec, 0x6c31, 0x2945, 0x3186, 0x2945, 0x3145, 0x3145, 0x3165,
0x2945, 0x39c7, 0x7cd4, 0x4228, 0x20a2, 0x28a2, 0x60e3, 0x10a3, 0x18a3, 0x18a3,
0x20e4, 0x42aa, 0x10a2, 0x1082, 0x10a2, 0x10a2, 0x2986, 0x2986, 0x530c, 0x62ec,
0x526a, 0x5a6a, 0x5a6a, 0x5a49, 0x5249, 0x8249, 0x6a29, 0x7229, 0x8229, 0x8a29,
0x8a09, 0x8a08, 0x8a08, 0x81e8, 0xab76, 0xa355, 0x9292, 0x79ae, 0x3148, 0x0925,
0x718d, 0xb170, 0x2063, 0x4085, 0x3084, 0x0841, 0x1042, 0x1862, 0x1883, 0x1062,
0x1062, 0x1883, 0x1082, 0x2084, 0x1083, 0x18c4, 0x1082, 0x1042, 0x41ea, 0x39c8,
0x39a8, 0x7391, 0x8453, 0x8454, 0x8474, 0x8474, 0x8474, 0x8cb5, 0x7bf2, 0x39e9,
0x0841, 0x1883, 0x520b, 0x5a6c, 0x41a9, 0x3947, 0x3127, 0x3927, 0x3947, 0x5a6c,
0x7390, 0x6b2f, 0x62ad, 0x4a0a, 0x5a6c, 0x49c9, 0x3126, 0x62cd, 0x6bb1, 0x4b0e,
0x39ea, 0x29c9, 0x21a8, 0x21a8, 0x21a8, 0x21c9, 0x21c9, 0x520d, 0xa2f5, 0xcb79,
0xcb99, 0xc359, 0x9a94, 0x4a0c, 0x422c, 0x4a4d, 0x38a5, 0x30a5, 0x30a5, 0x30a5,
0x38c6, 0x5108, 0x718c, 0x8a91, 0x7c35, 0x7599, 0x665b, 0x669c, 0x669c, 0x6e5b,
0x7d39, 0x9395, 0x9a32, 0x998f, 0x998e, 0xa190, 0xc1d3, 0xda15, 0xe237, 0xea58,
0xfa79, 0xe2b8, 0x524f, 0xb213, 0xbb76, 0x8311, 0x82d0, 0xa413, 0xb4f6, 0xc577,
0x9c53, 0x6a6d, 0x624c, 0x620b, 0x6a8d, 0xb4d5, 0xac95, 0x9351, 0x82b0, 0x8bd2,
0x59ad, 0xaad5, 0xd338, 0xfa99, 0xe277, 0xd214, 0xb9d2, 0xa9b0, 0xa18f, 0x998e,
0x896d, 0x816c, 0x796c, 0x798c, 0x81ce, 0x8a0f, 0x8a51, 0x9272, 0xa273, 0xa273,
0xa273, 0x9a52, 0x820f, 0x698c, 0x5129, 0x40c6, 0x3085, 0x2884, 0x4965, 0x4144,
0x28e3, 0x2082, 0x20a3, 0x3103, 0x5185, 0x4124, 0x38c3, 0x38c3, 0x4904, 0x4904,
0x49c7, 0x3aab, 0x53f0, 0x5d14, 0x30a6, 0x48a6, 0x0883, 0x18a4, 0x30a5, 0x0042,
0x4145, 0x8ac8, 0xabcb, 0xccd1, 0xccf1, 0xd4f1, 0xbc2e, 0xb3ad, 0xd4f1, 0xcc70,
0xc40e, 0xc46f, 0xcd11, 0xd553, 0xdd93, 0xdd93, 0xddb4, 0xd532, 0xbc6e, 0xc490,
0xb3ad, 0xa2ca, 0x8248, 0x92eb, 0x92cb, 0x61e7, 0x5186, 0x20c3, 0x1884, 0x612a,
0x30e7, 0x3b6e, 0x54d3, 0x8470, 0x6a08, 0x40e4, 0x4904, 0x4904, 0x4104, 0x4904,
0x38c3, 0x38c3, 0x3904, 0x5185, 0x3103, 0x20a3, 0x20a2, 0x28c3, 0x3924, 0x4144,
0x2bcf, 0x2c51, 0x2cf4, 0x2cb3, 0x34d3, 0x34f4, 0x56ba, 0x66fa, 0x33cf, 0x3471,
0x1104, 0x1104, 0x1145, 0x1166, 0x1104, 0x1125, 0x1166, 0x21c8, 0x2a29, 0x326a,
0x326a, 0x32ec, 0x08c3, 0x09c7, 0x0a48, 0x0882, 0x10a2, 0x18c3, 0x428a, 0x5410,
0x54b2, 0x3dd6, 0x3d34, 0x3513, 0x32ab, 0x2acb, 0x2a8a, 0x2186, 0x2166, 0x3a08,
0x4a8a, 0x4a6a, 0x528a, 0x52ec, 0x5b4e, 0x5b6e, 0x4a8a, 0x2986, 0x18a2, 0x0882,
0x0882, 0x0882, 0x10a3, 0x18e3, 0x29c7, 0x334d, 0x0000, 0x0041, 0x0041, 0x0041,
0x0041, 0x0041, 0x0061, 0x0041, 0x3cf3, 0x573c, 0x3555, 0x3514, 0x2c72, 0x2c10,
0x23af, 0x238f, 
0x2148, 0x2148, 0x1968, 0x1968, 0x1967, 0x1947, 0x1947, 0x1947, 0x1947, 0x1947,
0x3149, 0x414b, 0x29aa, 0x714d, 0x2064, 0x2064, 0x1884, 0x2084, 0x1062, 0x0862,
0x10a4, 0x10a4, 0x1042, 0x18a4, 0x3146, 0x522a, 0x7b6f, 0x7bb0, 0x8c32, 0x8c32,
0x8c11, 0x83b0, 0x7b0e, 0x7a8c, 0x8b70, 0x93f2, 0x82cd, 0x7aac, 0x834e, 0x8bf1,
0x8c52, 0x8c52, 0x8c32, 0x7bb0, 0x836f, 0x522a, 0x59e9, 0x9a0f, 0xda97, 0x5167,
0x71ce, 0x320d, 0x31cc, 0x29ab, 0x2189, 0x2189, 0x2189, 0x2189, 0x318a, 0x61af,
0xa9d5, 0xb1d6, 0x79b1, 0x398b, 0x2169, 0x1989, 0x1a4c, 0x2413, 0x3578, 0x45d9,
0x3db9, 0x24f6, 0x2105, 0x2125, 0x39a6, 0x72e7, 0x9bc9, 0xa3e9, 0x93a9, 0x6ac7,
0x39a6, 0x2105, 0x1905, 0x2146, 0x31e8, 0x42ab, 0x4aed, 0x52ec, 0x736c, 0x7aa6,
0x0841, 0x1882, 0x6a46, 0x9308, 0xfe2f, 0xe56d, 0x7247, 0x82ca, 0x93ad, 0x9c0e,
0xa44f, 0xa46f, 0xa46f, 0xa44f, 0x93cd, 0x82ea, 0x8289, 0xa40e, 0xb533, 0x9bee,
0x8b0b, 0x8b4c, 0x9c2e, 0xa470, 0xa470, 0xa470, 0xa44f, 0x9c0e, 0x9bcd, 0x8aca,
0x7b4c, 0x8f9d, 0x86ba, 0x63ae, 0x31e7, 0x1061, 0x21a6, 0x5431, 0x4aed, 0x4b0d,
0x4b0d, 0x42ed, 0x428b, 0x31c8, 0x2125, 0x1905, 0x18e4, 0x2125, 0x41c6, 0x6ac7,
0x9388, 0x93a9, 0x8348, 0x5a66, 0x2b0b, 0x2b0c, 0x2b4c, 0x33ad, 0x2b2c, 0x2aaa,
0x4bae, 0x5d53, 0x4491, 0x3bce, 0x3c30, 0x5e16, 0x8fbc, 0x9fdc, 0x7719, 0x5594,
0x4d53, 0x55b4, 0x3bad, 0x3b4c, 0x2125, 0x4144, 0x7bac, 0x7a68, 0x9ae9, 0xb3ac,
0xbc2d, 0xbc6e, 0xbc8e, 0xbc8e, 0xbc6e, 0xb44e, 0xa36b, 0xa32a, 0xbc2e, 0xcd31,
0xbbac, 0xa30a, 0xa3ab, 0xbc6e, 0xbc8e, 0xbc8e, 0xbc6e, 0xbc0d, 0xb3cc, 0xa36b,
0x8a68, 0x7aa9, 0x7bad, 0x59a5, 0x52a9, 0x434c, 0x4cb1, 0x55b4, 0x4d53, 0x5df6,
0x877b, 0x9fdd, 0x877b, 0x4d74, 0x3c0f, 0x3bef, 0x5533, 0x5d33, 0x432c, 0x2229,
0x2b4c, 0x35d4, 0x3e15, 0x3e15, 0x3e14, 0x3e35, 0x2087, 0x30aa, 0x38cb, 0x2888,
0x2887, 0x30a9, 0x30a9, 0x38aa, 0x38aa, 0x48ec, 0x50ed, 0x510d, 0x6991, 0x510f,
0x9235, 0xdb1b, 0x60ac, 0x60ed, 0xe45d, 0xcbdc, 0x7316, 0x6b96, 0x63b6, 0x5211,
0x390b, 0x40cb, 0x6990, 0x496e, 0x5a31, 0x6b95, 0x857a, 0x7498, 0x5b14, 0x6334,
0x84f9, 0xa6bd, 0x7bf7, 0x6354, 0x6355, 0x855a, 0x7cb8, 0x62d3, 0x49cf, 0x6991,
0x592e, 0x30aa, 0x414d, 0x62d4, 0x6bf7, 0x6af5, 0x9ab8, 0xfd7f, 0xaad6, 0x602c,
0xa215, 0xa2f7, 0x38ed, 0x38ec, 0x310b, 0x294b, 0x28c9, 0x28a8, 0x2088, 0x2087,
0x2087, 0x2086, 0x2887, 0x2067, 0x1866, 0x2889, 0x48ae, 0x48ee, 0x5207, 0x5206,
0x5a27, 0x6ac9, 0x7b4b, 0x836b, 0x6ac9, 0x9c2e, 0xbd31, 0xb510, 0xbd72, 0xbdb3,
0xad73, 0x94f2, 0x94f2, 0x9d32, 0x94f2, 0x84d2, 0x84b2, 0x84b2, 0x8d75, 0x6c31,
0x2946, 0x1082, 0x1083, 0x0862, 0x18c4, 0x6aca, 0x4965, 0x51c6, 0x59e6, 0x6a88,
0x82e9, 0x9309, 0x7a27, 0x5985, 0x5164, 0x5164, 0x59a5, 0x69e6, 0x61c6, 0x51a5,
0x4944, 0x51a6, 0x49c6, 0x52ca, 0x10a3, 0x1082, 0x10a3, 0x10a3, 0x1062, 0x42ab,
0x8d75, 0x84d2, 0x8492, 0x8491, 0x8cb1, 0x94b1, 0x8cb1, 0x8cb1, 0x8cb1, 0x8cb1,
0x9490, 0xa4d0, 0xc571, 0xc571, 0xc571, 0xc571, 0xc592, 0xc572, 0xb4f0, 0xc591,
0x31e8, 0x31e8, 0x31e8, 0x31e8, 0x3a49, 0x1945, 0x64f3, 0x5cb3, 0x29c8, 0x326a,
0x326a, 0x324a, 0x3229, 0x4b8e, 0x6d96, 0x6d96, 0x8e79, 0x96da, 0x7e38, 0x8659,
0x8679, 0xb6da, 0x730b, 0x8287, 0xa38b, 0xbc2d, 0x82e9, 0x59a5, 0xa38b, 0x8288,
0x4103, 0x40e2, 0x936b, 0xd5d3, 0xcd51, 0xbc8f, 0xbc4d, 0xb42d, 0xa3ab, 0x82a8,
0x82c9, 0x82e9, 0x7288, 0x6a68, 0x7bae, 0x8e38, 0x8eba, 0x8e99, 0x8679, 0x8679,
0x8659, 0x8659, 0x9f1b, 0x7618, 0x6db7, 0x5cd3, 0x3aab, 0x3249, 0x3a8a, 0x326a,
0x326a, 0x3249, 0x3249, 0x7e59, 0x328a, 0x29c7, 0x3229, 0x3208, 0x3208, 0x31e8,
0x3208, 0x31c7, 0x7208, 0xb229, 0xc22a, 0xb229, 0x8229, 0x6a29, 0x6a29, 0x6a29,
0x6229, 0x6249, 0x6249, 0x6249, 0x5a69, 0x628a, 0x5b2d, 0x31c7, 0x31e8, 0x18c3,
0x1082, 0x10a2, 0x1061, 0x2125, 0x426a, 0x1082, 0x18c3, 0x18a3, 0x18c3, 0x40a3,
0x2082, 0x20c3, 0x3986, 0x4208, 0x2104, 0x2965, 0x2945, 0x3145, 0x3145, 0x3145,
0x2945, 0x2924, 0x4a6a, 0x3125, 0x18a2, 0x3082, 0x38c3, 0x10c3, 0x18a3, 0x18a3,
0x18e4, 0x42ab, 0x10a2, 0x1082, 0x10a2, 0x1082, 0x2104, 0x31a7, 0x3a09, 0x634d,
0x5a6a, 0x5a8a, 0x5a6a, 0x5a49, 0x5a49, 0x8249, 0x6a49, 0x6a29, 0x6228, 0x6228,
0x6208, 0x6208, 0x61e8, 0x61e8, 0x59cd, 0x61cd, 0x69ad, 0x3969, 0x2147, 0x1146,
0x718d, 0x68e9, 0x3084, 0x50a6, 0x1042, 0x1042, 0x1862, 0x1863, 0x1062, 0x1062,
0x1883, 0x1062, 0x1883, 0x2063, 0x18a3, 0x18c4, 0x18a3, 0x18a4, 0x1062, 0x18a3,
0x3988, 0x7370, 0x7bf2, 0x7bf2, 0x7c12, 0x7c12, 0x7bf2, 0x52ac, 0x1083, 0x0821,
0x28e5, 0x3927, 0x28e5, 0x1083, 0x0020, 0x0000, 0x0821, 0x0821, 0x2926, 0x7c12,
0x7bd2, 0x732f, 0x62ad, 0x4a2a, 0x5a6c, 0x41c9, 0x4188, 0x49c9, 0x73d1, 0x534f,
0x39ea, 0x31ea, 0x21a9, 0x21c9, 0x29c9, 0x29e9, 0x29c9, 0x522d, 0xa355, 0xcc59,
0xcc7a, 0xcb99, 0x9a94, 0x4a0d, 0x4a2c, 0x524d, 0x38a5, 0x30a5, 0x30a5, 0x30a5,
0x38c6, 0x5108, 0x798c, 0x8a71, 0x8415, 0x7579, 0x665b, 0x669c, 0x66bc, 0x6e5b,
0x7d59, 0x8b95, 0xa252, 0xa1b0, 0xa18f, 0xa9b1, 0xc1d3, 0xda15, 0xe237, 0xea58,
0xf278, 0xfada, 0x6a91, 0xba54, 0xe2f8, 0xb415, 0x7a8f, 0x9372, 0xa434, 0x5a0b,
0x4988, 0x8b90, 0x9411, 0x8bd1, 0x51aa, 0x8b71, 0xa413, 0x82b0, 0x9352, 0xdb98,
0x9253, 0xeb39, 0xd338, 0xfab9, 0xe277, 0xd214, 0xb9d1, 0xa1b0, 0x998e, 0x896d,
0x814c, 0x794b, 0x794b, 0x794c, 0x816d, 0x898e, 0x91af, 0xa9d1, 0xb9f3, 0xc214,
0xc1f3, 0xb1f2, 0x99af, 0x714b, 0x58e8, 0x40c6, 0x3085, 0x2884, 0x4164, 0x4144,
0x28e3, 0x20a2, 0x20a3, 0x30e3, 0x5185, 0x4124, 0x38c3, 0x38c3, 0x4904, 0x4904,
0x4966, 0x42ab, 0x4bd0, 0x5472, 0x3865, 0x2885, 0x0883, 0x30a6, 0x28a5, 0x0042,
0x20a4, 0x7a49, 0x9b29, 0xbc6f, 0xccd1, 0xd4f1, 0xc490, 0xc42e, 0xe5b4, 0xccd1,
0xc40e, 0xc42e, 0xccd1, 0xd553, 0xd552, 0xdd73, 0xd553, 0xd532, 0xccd1, 0xbc0e,
0xab4c, 0x9aaa, 0x8288, 0x9b0b, 0x92eb, 0x4145, 0x0001, 0x0883, 0x4108, 0x590a,
0x2168, 0x5493, 0x8513, 0xa3cd, 0x69c7, 0x40e4, 0x4904, 0x4904, 0x4104, 0x4904,
0x38c3, 0x38c3, 0x3904, 0x5185, 0x3103, 0x20a3, 0x2082, 0x28c3, 0x3924, 0x4144,
0x2c72, 0x2cb3, 0x2cd3, 0x3514, 0x3555, 0x3576, 0x67dd, 0x4513, 0x1a08, 0x3430,
0x1125, 0x1104, 0x1145, 0x1145, 0x10e4, 0x1145, 0x19a7, 0x21e8, 0x2a6a, 0x326a,
0x32cb, 0x2208, 0x0041, 0x0986, 0x1470, 0x09c6, 0x0862, 0x18c3, 0x3a08, 0x532c,
0x4d13, 0x4617, 0x4dd6, 0x4678, 0x4db5, 0x3f1a, 0x46b9, 0x5410, 0x536e, 0x4acb,
0x4aaa, 0x5b8e, 0x52ec, 0x52ab, 0x63f0, 0x5bd0, 0x52cb, 0x3a08, 0x2124, 0x2945,
0x2986, 0x2986, 0x2104, 0x20a2, 0x3b0c, 0x2aaa, 0x0000, 0x0041, 0x0041, 0x0041,
0x0041, 0x0041, 0x0041, 0x08a2, 0x3492, 0x575c, 0x3df7, 0x3575, 0x2c93, 0x2c51,
0x2c11, 0x2bf0, 
0x496b, 0x416b, 0x2969, 0x1968, 0x1968, 0x1967, 0x1947, 0x1947, 0x1147, 0x2148,
0x2949, 0x1988, 0x31ab, 0x692c, 0x1864, 0x30a6, 0x2885, 0x2085, 0x0842, 0x1063,
0x10a4, 0x10a4, 0x1062, 0x2084, 0x3106, 0x726b, 0x7b2e, 0x83b0, 0x8bd1, 0x8bf1,
0x8bf1, 0x83b0, 0x7aac, 0x7a8c, 0x93f2, 0x9c94, 0x8b0e, 0x7a6b, 0x7b0d, 0x8bf1,
0x8c12, 0x8c12, 0x8bf1, 0x8bb0, 0x832f, 0x7a8c, 0x61a9, 0xca55, 0xba95, 0x51a9,
0x31ec, 0x3a0e, 0x51ef, 0x49cd, 0x29aa, 0x2189, 0x2189, 0x2189, 0x298a, 0x61af,
0xa1d5, 0xb1d6, 0x79b1, 0x398b, 0x2169, 0x1989, 0x1a2b, 0x1b91, 0x1cf6, 0x2558,
0x2557, 0x1cd5, 0x2105, 0x2125, 0x39a6, 0x72e7, 0x9bc9, 0x9be9, 0x93a9, 0x6ac7,
0x39a6, 0x2105, 0x1905, 0x2146, 0x31e8, 0x428b, 0x4aec, 0x52ec, 0x6b6c, 0x8ae7,
0x1061, 0x1881, 0x1061, 0x20c2, 0xd50c, 0xfe4f, 0xbc2b, 0x7227, 0x8b2b, 0x9bcd,
0x9c0e, 0xa44f, 0xa44f, 0xa46f, 0x9c0e, 0x6a07, 0x5165, 0x6a27, 0x8b2b, 0x6207,
0x59a5, 0x7aca, 0xa490, 0xa44f, 0xa470, 0xa42f, 0x9bee, 0x9bad, 0x934c, 0x7a89,
0x8617, 0x8fde, 0x6554, 0x1040, 0x18a2, 0x18a2, 0x2a28, 0x5432, 0x42ed, 0x4b0d,
0x4aed, 0x42ec, 0x3a8b, 0x29c8, 0x2125, 0x1905, 0x1904, 0x2125, 0x39a6, 0x8328,
0x8348, 0x7b28, 0x72e7, 0x5226, 0x45b3, 0x4592, 0x45d3, 0x4e95, 0x3d31, 0x2aeb,
0x4bae, 0x5d53, 0x4491, 0x3bce, 0x3c50, 0x5e36, 0x8fbc, 0x9fdc, 0x7719, 0x5594,
0x4d53, 0x5594, 0x43ee, 0x4cb1, 0x1924, 0x5144, 0x732a, 0x7b2a, 0x8247, 0xa34a,
0xb3ac, 0xbc0d, 0xbc2d, 0xbc4e, 0xbc4e, 0xb44e, 0x9b2a, 0x8a47, 0x9ae9, 0xb38b,
0x9268, 0x8a47, 0x9b4a, 0xbc6e, 0xbc4e, 0xbc2e, 0xb40d, 0xb3cc, 0xab6b, 0x92e9,
0x7a27, 0x7b4b, 0x72ea, 0x6164, 0x4c2f, 0x444f, 0x4c70, 0x55b5, 0x4d53, 0x5e16,
0x877b, 0x9fdc, 0x877b, 0x4d94, 0x3c0f, 0x3bef, 0x5533, 0x5d13, 0x3b2c, 0x2229,
0x2a6a, 0x2aeb, 0x2b0c, 0x2b0b, 0x2b0b, 0x22eb, 0x48ac, 0x58cf, 0x50ce, 0x40ab,
0x50ad, 0x68f0, 0x8912, 0x9133, 0x9154, 0xa195, 0x9194, 0x7171, 0x592f, 0x510f,
0x89d5, 0xc279, 0x68ad, 0x8932, 0xe43c, 0xe43d, 0x8296, 0x6b56, 0x943a, 0x9479,
0x6c16, 0x6b55, 0x9377, 0x7bf7, 0x8498, 0x85db, 0x8dbb, 0x73b6, 0x6bf6, 0x63b6,
0x84b8, 0xa69d, 0x7bd7, 0x6b55, 0x6375, 0x7478, 0x8e5c, 0x84d9, 0x73f6, 0x8bb7,
0x8356, 0x6354, 0x6c97, 0xa4fb, 0x8c59, 0x62f5, 0xa298, 0xf53f, 0xc2f9, 0xa0b2,
0xb1d6, 0xba99, 0x8174, 0x6931, 0x6171, 0x6191, 0x50ce, 0x48cd, 0x48ac, 0x40ab,
0x38aa, 0x3088, 0x3089, 0x3089, 0x30c9, 0x40ac, 0x48cd, 0x40cc, 0x49c6, 0x49c6,
0x5206, 0x5a26, 0x5a27, 0x5a47, 0x834a, 0x9c0d, 0xa46d, 0xaccf, 0xc5b2, 0xbd92,
0xbd92, 0xad52, 0xb572, 0xc5b3, 0xc5b3, 0xa552, 0x8cf3, 0x8cd2, 0x9e17, 0x7471,
0x39e8, 0x1082, 0x1082, 0x18c3, 0x18e4, 0x5a07, 0x69e6, 0x3924, 0x59c6, 0x6247,
0x7289, 0x7a68, 0x9b6b, 0xbcf0, 0xbcaf, 0x9bcc, 0x7ac9, 0x6a27, 0x59c6, 0x4985,
0x5185, 0x41a6, 0x30e3, 0x4a48, 0x10a3, 0x1062, 0x10a3, 0x18a3, 0x1082, 0x2146,
0x74b2, 0x9534, 0x8cd2, 0x94f2, 0x94f2, 0x94f2, 0x94f2, 0x94d1, 0x94d1, 0x94d2,
0x9cf1, 0xa48f, 0xbd51, 0xb4f0, 0x9c2e, 0x8bec, 0x7b4a, 0x8bac, 0x836b, 0x72e9,
0x31e8, 0x31e8, 0x3208, 0x3208, 0x3a49, 0x1945, 0x64f3, 0x5cb3, 0x29c8, 0x326a,
0x328a, 0x326a, 0x3249, 0x4b6e, 0x6d96, 0x6d96, 0x9699, 0x9f1b, 0x7e38, 0x8679,
0x7e79, 0x9e59, 0x83ce, 0x7267, 0x9b4a, 0xbc6e, 0x8b0a, 0x38e3, 0x38e2, 0x4103,
0x4965, 0x834b, 0xb4d0, 0xbcf0, 0xbcf0, 0xbcd0, 0xb46e, 0xb42d, 0xabec, 0x82c8,
0x830a, 0x82e9, 0x6a68, 0x6a89, 0x83ce, 0x9679, 0x86ba, 0x8e99, 0x8679, 0x8679,
0x8679, 0x8659, 0xa75c, 0x7617, 0x6db6, 0x5cd3, 0x3acb, 0x324a, 0x3a8b, 0x3a8a,
0x326a, 0x324a, 0x326a, 0x7e59, 0x328a, 0x29c7, 0x3229, 0x3208, 0x3208, 0x31e8,
0x3208, 0x29c7, 0x7208, 0xb229, 0xc22a, 0xc22a, 0x9229, 0x6a29, 0x6a29, 0x6a29,
0x6a29, 0x6249, 0x6249, 0x6249, 0x6249, 0x6acb, 0x5b4d, 0x31c7, 0x31c7, 0x1082,
0x1082, 0x1082, 0x1082, 0x18c3, 0x31e7, 0x2945, 0x18c3, 0x18a3, 0x18c3, 0x30a3,
0x1882, 0x20c3, 0x3904, 0x20c3, 0x2104, 0x2945, 0x2945, 0x2945, 0x2945, 0x2945,
0x2945, 0x20e4, 0x28c3, 0x3124, 0x18a2, 0x2882, 0x28c3, 0x18c3, 0x18a3, 0x18e4,
0x2986, 0x29a7, 0x1082, 0x1082, 0x10a2, 0x1082, 0x10a3, 0x31c7, 0x29c7, 0x63ae,
0x5a8a, 0x5a6a, 0x5a6a, 0x5a49, 0x5a49, 0x8a49, 0x6a29, 0x5a28, 0x5a28, 0x5a08,
0x5a08, 0x5a08, 0x59e8, 0x59e8, 0x3148, 0x3949, 0x2947, 0x2147, 0x1946, 0x2968,
0x794c, 0x3885, 0x58c8, 0x2863, 0x1041, 0x1842, 0x1863, 0x1042, 0x1062, 0x1883,
0x1062, 0x1883, 0x2084, 0x1883, 0x18e4, 0x18a3, 0x1883, 0x28e5, 0x20c4, 0x1082,
0x1042, 0x2926, 0x630e, 0x7370, 0x7370, 0x7370, 0x6b0f, 0x3126, 0x20c4, 0x3947,
0x28c4, 0x0800, 0x0841, 0x0841, 0x0842, 0x20c4, 0x0020, 0x20e4, 0x8474, 0x94f6,
0x7bf2, 0x730f, 0x628d, 0x522a, 0x62ad, 0x62ee, 0x51ea, 0x5a2b, 0x6b50, 0x4aee,
0x420b, 0x31ea, 0x21c9, 0x21c9, 0x29c9, 0x29c9, 0x29c9, 0x520d, 0xa335, 0xcc9a,
0xd4fa, 0xcbd9, 0x9a94, 0x4a0d, 0x4a2d, 0x524e, 0x38a5, 0x30a5, 0x30a5, 0x30a5,
0x38c6, 0x5109, 0x798c, 0x8a71, 0x8415, 0x7599, 0x667b, 0x66bc, 0x66dc, 0x6e7c,
0x7d59, 0x8bb5, 0xa252, 0xa1d0, 0xa9b1, 0xb9b2, 0xc9f4, 0xda15, 0xe236, 0xea58,
0xf298, 0xfada, 0x9ab4, 0xba75, 0xfab9, 0xfb9c, 0xabf4, 0x82d0, 0x93b2, 0x72ae,
0x6a4e, 0x9c34, 0x9c14, 0x622e, 0x7aaf, 0xac74, 0x8b11, 0x8b31, 0xe47a, 0xfb1b,
0xd317, 0xfb3a, 0xeb19, 0xf2b9, 0xe257, 0xd214, 0xb9d2, 0xa1b0, 0x998e, 0x916d,
0x896c, 0x794b, 0x794b, 0x794c, 0x816c, 0x916d, 0x998f, 0xb9d2, 0xd1f5, 0xd9f6,
0xd9f5, 0xc9d4, 0xa991, 0x812c, 0x58e8, 0x40a6, 0x3085, 0x2884, 0x4164, 0x4144,
0x28e3, 0x20a2, 0x20a2, 0x30e3, 0x5185, 0x4124, 0x38c3, 0x38e3, 0x4904, 0x4104,
0x4925, 0x4a49, 0x4c11, 0x4b6f, 0x3845, 0x1083, 0x1084, 0x40c7, 0x2084, 0x0863,
0x0863, 0x61a7, 0x9aea, 0xb3ed, 0xc490, 0xccf1, 0xcd11, 0x92a9, 0xa2ea, 0x9289,
0x71a6, 0x8a07, 0xccd1, 0xddf5, 0xd553, 0xd532, 0xd532, 0xccd1, 0xc46f, 0xb3ad,
0xab2c, 0x8aa9, 0x930a, 0x9b0c, 0x8b0b, 0x3925, 0x0863, 0x20c6, 0x592a, 0x28c7,
0x220a, 0x9e99, 0xb512, 0x9b4b, 0x69c7, 0x40e4, 0x4904, 0x4904, 0x4104, 0x4904,
0x38c3, 0x38c3, 0x3904, 0x5185, 0x3103, 0x20a3, 0x1882, 0x28c3, 0x3924, 0x4144,
0x2c51, 0x2c72, 0x2cb3, 0x3514, 0x3535, 0x4e79, 0x5f1a, 0x1a29, 0x11c7, 0x2bae,
0x1145, 0x1104, 0x1166, 0x1125, 0x1104, 0x1166, 0x21e8, 0x21e8, 0x2a09, 0x326a,
0x32cc, 0x10e3, 0x0041, 0x08c3, 0x130b, 0x0aea, 0x0862, 0x1082, 0x2986, 0x3c91,
0x3616, 0x4cb2, 0x4595, 0x3ed9, 0x45f6, 0x4575, 0x4cf3, 0x53cf, 0x532c, 0x4aec,
0x52cb, 0x63f0, 0x5b4e, 0x5aec, 0x6d35, 0x6452, 0x52cc, 0x426a, 0x2986, 0x3186,
0x3a49, 0x3a08, 0x2925, 0x2104, 0x4450, 0x08e4, 0x0020, 0x0041, 0x0041, 0x0041,
0x0041, 0x0041, 0x0041, 0x0061, 0x234d, 0x5f9d, 0x3e38, 0x3596, 0x2cd3, 0x2cb3,
0x2cf4, 0x2c72, 
0x91b2, 0x7190, 0x416b, 0x2168, 0x1988, 0x1968, 0x1968, 0x1967, 0x1947, 0x1968,
0x1968, 0x1988, 0x39ab, 0x610b, 0x20c5, 0x492a, 0x30a6, 0x2084, 0x0862, 0x1063,
0x10a4, 0x10a4, 0x1062, 0x38c5, 0x28e5, 0x59e9, 0x72cd, 0x834f, 0x83b0, 0x8bd1,
0x8bd1, 0x83b0, 0x7acd, 0x7a6c, 0x93b0, 0x9c73, 0x828c, 0x7a8c, 0x7aed, 0x83b0,
0x8bf1, 0x8bd1, 0x8390, 0x834f, 0x7acd, 0x620a, 0x79ab, 0xea37, 0x7ab4, 0x2a2c,
0x320d, 0x5210, 0x7212, 0x61f0, 0x31ab, 0x2189, 0x2189, 0x2189, 0x298a, 0x61af,
0xa1d5, 0xb1d6, 0x79b1, 0x398b, 0x2189, 0x1989, 0x1a2b, 0x1bd2, 0x2557, 0x35d9,
0x3dd9, 0x2d78, 0x2105, 0x2125, 0x39a6, 0x6ac7, 0x93a8, 0x93a9, 0x8b68, 0x62a7,
0x39a5, 0x2125, 0x1905, 0x2146, 0x31e8, 0x428b, 0x4aec, 0x52ec, 0x6b4c, 0x9348,
0x20a2, 0x1081, 0x18a2, 0x0000, 0x9bea, 0xf5ce, 0xed8e, 0x8ae9, 0x7268, 0x936c,
0x9bee, 0x9c2e, 0xa44f, 0xa490, 0xa4d1, 0x6207, 0x30a2, 0x4924, 0x5165, 0x4924,
0x4944, 0x8bad, 0xad33, 0xa490, 0xa44f, 0x9c2f, 0x9bcd, 0x938d, 0x8289, 0x7c71,
0x86da, 0x8f7c, 0x4bae, 0x1000, 0x1903, 0x1082, 0x3aeb, 0x5431, 0x42ed, 0x4b0d,
0x42ed, 0x42cc, 0x3a8b, 0x29c8, 0x2145, 0x1905, 0x1904, 0x2125, 0x3185, 0x8307,
0x6ac7, 0x6267, 0x5a47, 0x41e6, 0x4ed6, 0x4f57, 0x4f57, 0x4f37, 0x3d72, 0x330b,
0x4bae, 0x5d53, 0x4491, 0x3bce, 0x3c50, 0x5e36, 0x8fbc, 0x9fdc, 0x7719, 0x5594,
0x4d73, 0x4d53, 0x4c91, 0x4cf2, 0x1924, 0x5248, 0x6b4b, 0x7b8c, 0x7a47, 0x92c9,
0xa36b, 0xb3ac, 0xb40c, 0xbc2d, 0xbc4e, 0xbcf0, 0x8288, 0x50c2, 0x6964, 0x79c5,
0x6144, 0x58e2, 0x932a, 0xbcf0, 0xb42e, 0xb40d, 0xb3cc, 0xab8b, 0x9b0a, 0x8a68,
0x7227, 0x7b6b, 0x6b8c, 0x5289, 0x4cf2, 0x4470, 0x4c90, 0x55b5, 0x4d73, 0x5e16,
0x877b, 0x9fdc, 0x877b, 0x4d74, 0x3c2f, 0x3bef, 0x4d33, 0x5d13, 0x3b2c, 0x2229,
0x2249, 0x2229, 0x2249, 0x2249, 0x228a, 0x2249, 0x2888, 0x38cc, 0x30aa, 0x2087,
0x2888, 0x3089, 0x388a, 0x40ab, 0x48cc, 0x50ed, 0x7151, 0x81b3, 0x81b3, 0x9a35,
0xa2b7, 0xd33b, 0x9152, 0xa194, 0xe47d, 0xf4fe, 0x9217, 0x6af5, 0x8c78, 0x8dba,
0x85fb, 0x8d9b, 0xb51b, 0x957a, 0x963b, 0x965c, 0x84b9, 0x7457, 0x6b96, 0x6b14,
0x7c78, 0x961c, 0x7bb6, 0x62f4, 0x6b75, 0x73f7, 0x857a, 0x965c, 0x853a, 0xa4fb,
0xad5b, 0x8dbb, 0x9dfc, 0x9dbb, 0xa4da, 0x9b98, 0xcbbb, 0xf55e, 0xdb7c, 0xc217,
0xdb5b, 0xeafd, 0xdabc, 0xb9f9, 0x9996, 0x8974, 0x8954, 0x9154, 0xa195, 0xb1d6,
0x91b3, 0x60ef, 0x60ce, 0x68d0, 0x68d0, 0x68f1, 0x58cf, 0x48ad, 0x5a67, 0x5a47,
0x6267, 0x6267, 0x6267, 0x6aa8, 0x72e9, 0x93cc, 0xb4ef, 0xc592, 0xc5b2, 0xc5b2,
0xc5b2, 0xc5b2, 0xc5b2, 0xc5b3, 0xc5b3, 0xbdb3, 0xa573, 0xa4f1, 0xaed9, 0x6430,
0x4a8b, 0x2145, 0x0842, 0x2125, 0x0862, 0x4144, 0x930a, 0x59c5, 0x30e3, 0x59c6,
0x6a88, 0x834b, 0xa42e, 0xb46e, 0xac0d, 0x9bcc, 0x7ae9, 0x6a47, 0x59e6, 0x4985,
0x4165, 0x30c3, 0x4945, 0x3104, 0x10a3, 0x10a3, 0x1082, 0x10a3, 0x1082, 0x2105,
0x6410, 0x9d74, 0x9cf2, 0x9d12, 0x9d12, 0xa532, 0xa512, 0xa512, 0xa532, 0xa532,
0xb572, 0xa4af, 0x9c2d, 0x836b, 0x72e9, 0x72e9, 0x6268, 0x5a07, 0x5a27, 0x51e6,
0x31e8, 0x3208, 0x3208, 0x3208, 0x3a49, 0x1945, 0x64f3, 0x5cb3, 0x29e8, 0x326a,
0x328a, 0x326a, 0x3249, 0x436e, 0x6576, 0x6576, 0x8e99, 0x9f1b, 0x7e38, 0x8679,
0x7e59, 0x9699, 0x8c0f, 0x7ae9, 0x8b09, 0x93ab, 0x7b0a, 0x51c6, 0x4985, 0x51a5,
0x8bac, 0xacb0, 0xa44e, 0xa44f, 0xa42e, 0x93cc, 0x72ea, 0x8b4a, 0xa3ab, 0x7a88,
0x832a, 0x7ae9, 0x6a47, 0x6289, 0x7b8d, 0x96ba, 0x869a, 0x8e99, 0x8699, 0x8679,
0x8679, 0x8679, 0xa73c, 0x75f7, 0x6d96, 0x5cd3, 0x3acc, 0x326a, 0x3aab, 0x3a8b,
0x3a8a, 0x326a, 0x326a, 0x7e79, 0x328a, 0x29e8, 0x3229, 0x3208, 0x3208, 0x3208,
0x3208, 0x29c7, 0x7a08, 0xb229, 0xc22a, 0xc22a, 0x9229, 0x6a29, 0x6a29, 0x6a29,
0x6a49, 0x6249, 0x6249, 0x6249, 0x6229, 0x6b2d, 0x6410, 0x31e8, 0x29a7, 0x1082,
0x1082, 0x1082, 0x1082, 0x1082, 0x18a3, 0x2986, 0x31c7, 0x20e3, 0x18c3, 0x20a3,
0x2082, 0x20c3, 0x3924, 0x28e4, 0x2104, 0x2945, 0x2945, 0x2945, 0x2945, 0x2945,
0x2925, 0x20e4, 0x3104, 0x3904, 0x18a2, 0x28a2, 0x20c3, 0x18a3, 0x2104, 0x31c8,
0x2145, 0x10a2, 0x1082, 0x1082, 0x1082, 0x1082, 0x1082, 0x31c7, 0x3208, 0x7492,
0x62ab, 0x626a, 0x6269, 0x6249, 0x5a49, 0x8a49, 0x6a29, 0x5a28, 0x5a28, 0x5a08,
0x5a08, 0x6208, 0x6208, 0x61e8, 0x2126, 0x1926, 0x1946, 0x1946, 0x2947, 0x816d,
0x60c8, 0x58e8, 0x3884, 0x1042, 0x2063, 0x2063, 0x1042, 0x1062, 0x1883, 0x0841,
0x1883, 0x1883, 0x2083, 0x18c4, 0x18c4, 0x0821, 0x0000, 0x0000, 0x0000, 0x1082,
0x1062, 0x1062, 0x3967, 0x62ce, 0x6b0e, 0x6b2f, 0x62ce, 0x522b, 0x4168, 0x3106,
0x1062, 0x39e9, 0x420b, 0x3189, 0x4a0c, 0x39a9, 0x1062, 0x73d1, 0x9d98, 0x8cb5,
0x7bd2, 0x6aee, 0x624c, 0x520a, 0x5a8c, 0x526b, 0x522b, 0x62ad, 0x532f, 0x3a2b,
0x524c, 0x3a0a, 0x21c9, 0x21c9, 0x21c9, 0x21c9, 0x21c9, 0x520d, 0xa2d5, 0xcc39,
0xd4da, 0xcc19, 0x9ad4, 0x4a0d, 0x4a2d, 0x5a4e, 0x38a5, 0x30a5, 0x30a5, 0x30a5,
0x38c6, 0x5909, 0x798d, 0x8a71, 0x8416, 0x75b9, 0x6e9c, 0x6edd, 0x6edd, 0x6e7c,
0x7559, 0x8bb5, 0xa252, 0xa9d1, 0xb9b2, 0xc9d3, 0xd1f4, 0xda15, 0xe236, 0xea58,
0xf299, 0xfaba, 0xc2d6, 0xa273, 0xfb7d, 0xb314, 0x8bf2, 0x8b31, 0x8b10, 0x9391,
0x724e, 0x598c, 0x59cc, 0x61cc, 0x82cf, 0x8b51, 0x8af0, 0x830f, 0x7b50, 0xdbf9,
0xfb5c, 0xf31a, 0xfafa, 0xf2b9, 0xe257, 0xd214, 0xb9d2, 0xa9b0, 0xa18f, 0x998e,
0x896d, 0x814c, 0x794b, 0x814c, 0x894d, 0x916e, 0xa18f, 0xc1d3, 0xd9f6, 0xea17,
0xe217, 0xd9f5, 0xb1b1, 0x812c, 0x58e8, 0x40a6, 0x3085, 0x2884, 0x4144, 0x3944,
0x28e3, 0x20a2, 0x20a2, 0x30e3, 0x5185, 0x4124, 0x38c3, 0x38e3, 0x4904, 0x4104,
0x4925, 0x4986, 0x5c51, 0x42ee, 0x2844, 0x0883, 0x18a4, 0x50c7, 0x2084, 0x1083,
0x1063, 0x3105, 0x8a69, 0xa34c, 0xbc0e, 0xc490, 0xcd12, 0x8248, 0x6944, 0x79a6,
0x9b2b, 0xc4d1, 0xddf5, 0xddf5, 0xddb4, 0xd553, 0xcd11, 0xc4b0, 0xbc2e, 0xb38d,
0x9b0b, 0x934b, 0xa34d, 0x92eb, 0x832c, 0x28c4, 0x0883, 0x4108, 0x38e8, 0x10e6,
0x2a6c, 0xb698, 0xb4b0, 0x9b2a, 0x69a6, 0x38e4, 0x4104, 0x4904, 0x4104, 0x4904,
0x38c3, 0x38c3, 0x3904, 0x5185, 0x3103, 0x20a2, 0x1882, 0x28c3, 0x3924, 0x4144,
0x2c51, 0x2c11, 0x2c51, 0x34b3, 0x2cd3, 0x675c, 0x4d54, 0x0904, 0x11a6, 0x230c,
0x1145, 0x1104, 0x1145, 0x1104, 0x1125, 0x19c7, 0x2a08, 0x2a6a, 0x2a29, 0x328b,
0x2a29, 0x0020, 0x0061, 0x08a2, 0x12a9, 0x0aca, 0x10a3, 0x1166, 0x1cb1, 0x2cb2,
0x436d, 0x53cf, 0x3e37, 0x4cd2, 0x5430, 0x5430, 0x538e, 0x534d, 0x6cf3, 0x4acb,
0x3966, 0x39a7, 0x41c7, 0x4a29, 0x5baf, 0x5b8f, 0x4a6a, 0x3a49, 0x29a7, 0x2945,
0x39e8, 0x31a7, 0x20a3, 0x32cb, 0x2b2c, 0x0000, 0x0061, 0x0021, 0x0041, 0x0041,
0x0041, 0x0041, 0x0041, 0x00a2, 0x1208, 0x5f5c, 0x4659, 0x3596, 0x35b6, 0x3595,
0x35d6, 0x2d95, 
0xb1d6, 0x91b3, 0x498c, 0x2189, 0x21a9, 0x19a9, 0x1989, 0x1988, 0x1968, 0x1967,
0x1968, 0x1968, 0x31ab, 0x58ea, 0x2148, 0x516c, 0x48c8, 0x2084, 0x1063, 0x1884,
0x1884, 0x1084, 0x0862, 0x38c6, 0x38e6, 0x4967, 0x726b, 0x7b0e, 0x836f, 0x83b0,
0x83b0, 0x8c53, 0x726b, 0x48c4, 0x5967, 0x69a8, 0x5105, 0x5105, 0x7b8f, 0x8c32,
0x8390, 0x8390, 0x834f, 0x7aed, 0x724b, 0x61a8, 0x918c, 0xd236, 0x4a91, 0x31ac,
0x4a2e, 0x5230, 0x7a13, 0x61f0, 0x31ab, 0x2189, 0x2189, 0x2189, 0x298a, 0x61af,
0xa9d5, 0xb9d7, 0x81b2, 0x398b, 0x2189, 0x1989, 0x1a4c, 0x2433, 0x3dd9, 0x5e3a,
0x665a, 0x45d9, 0x2125, 0x2125, 0x3185, 0x5a67, 0x7b08, 0x8328, 0x7b08, 0x5a67,
0x3185, 0x2125, 0x1905, 0x2146, 0x31e8, 0x428b, 0x4aec, 0x52ec, 0x632c, 0xa388,
0x3102, 0x1061, 0x18a2, 0x0821, 0x6286, 0xedae, 0xdcec, 0xccac, 0x7248, 0x830a,
0x93ad, 0x9c0e, 0xa44f, 0xa490, 0xa4b0, 0x9c4f, 0x72ca, 0x51a5, 0x4944, 0x7b0b,
0x9c4f, 0xa4d1, 0xa4f2, 0xa4f1, 0xa470, 0x9c0f, 0x9bcd, 0x8b0b, 0x7b0b, 0x8617,
0x7db6, 0x8f1b, 0x3228, 0x1041, 0x18e4, 0x10a2, 0x438e, 0x53f1, 0x42ed, 0x430d,
0x42ed, 0x42cc, 0x3a6b, 0x29c8, 0x2145, 0x1905, 0x1905, 0x2105, 0x2965, 0x39a6,
0x4a06, 0x6ae8, 0x5a87, 0x39a5, 0x4695, 0x4f97, 0x4f57, 0x46b5, 0x3cf1, 0x330c,
0x4bce, 0x5d53, 0x4491, 0x3bce, 0x3c50, 0x5e36, 0x8fbc, 0x9fdc, 0x7719, 0x55b4,
0x4d73, 0x4d53, 0x4cb1, 0x4d33, 0x2145, 0x3c2f, 0x6636, 0x7b8c, 0x7247, 0x8288,
0x9b0a, 0xab8b, 0xb3ec, 0xb42d, 0xbc8e, 0xbcf0, 0xac6e, 0x8288, 0x6985, 0x6964,
0x71c5, 0x8ae9, 0xb48e, 0xbccf, 0xb48e, 0xb40d, 0xabac, 0xa34b, 0x92c9, 0x7a47,
0x7227, 0x83ac, 0x6e57, 0x4470, 0x5533, 0x440f, 0x4cd1, 0x55b4, 0x4d73, 0x5e16,
0x877b, 0x9fdd, 0x877b, 0x4d74, 0x3c0f, 0x3bef, 0x4d33, 0x5d13, 0x434c, 0x2a6a,
0x2a6a, 0x2a6a, 0x2a6a, 0x2a6a, 0x2a8a, 0x2a6a, 0x2087, 0x38cc, 0x28a8, 0x2087,
0x28a8, 0x2888, 0x3089, 0x48ac, 0x50cd, 0x8993, 0xa9b6, 0x9154, 0x9175, 0xa196,
0xc1fa, 0xe37d, 0xe2dc, 0xc1f8, 0xdc1b, 0xfd7e, 0xdb5c, 0xc41a, 0xccdc, 0xc55c,
0xb59c, 0xa5fb, 0xbdfc, 0xae5c, 0xa65c, 0x95ba, 0x84b8, 0x73d6, 0x6b55, 0x62d3,
0x7c17, 0x957b, 0x7376, 0x6af4, 0x6b35, 0x7417, 0x8cf9, 0x95fc, 0x9e1c, 0xb5bc,
0xa5bc, 0xa5dc, 0xc55d, 0x9c9a, 0x8397, 0x8af6, 0xdc5c, 0xf53e, 0x99b5, 0x8993,
0xcb3a, 0x89d5, 0x7993, 0x7191, 0x6991, 0x6970, 0x614f, 0x590e, 0x50ed, 0x50ed,
0x40eb, 0x38ca, 0x3889, 0x30a9, 0x30ca, 0x50ef, 0x40cc, 0x2889, 0x62a9, 0x730a,
0x7309, 0x62a9, 0x72e9, 0x7309, 0x7b2a, 0x8b6a, 0xbd0f, 0xbd30, 0xbd30, 0xc5b2,
0xc5b2, 0xc5b2, 0xc5b2, 0xc5b2, 0xc5b3, 0xc5b2, 0xc572, 0xb5d4, 0xb79c, 0x534d,
0x3a08, 0x5b4d, 0x0842, 0x2125, 0x1062, 0x4965, 0x8ae9, 0x9b6b, 0x30c2, 0x30c3,
0x59e7, 0x72a9, 0x8b4b, 0x934b, 0x6227, 0x830a, 0x7268, 0x51a6, 0x4985, 0x3924,
0x28a2, 0x4124, 0x4965, 0x28e3, 0x0841, 0x18e4, 0x0862, 0x10a3, 0x1082, 0x2145,
0x7451, 0xa553, 0xad52, 0xa573, 0xad31, 0xb551, 0xbd72, 0xbd72, 0xbd72, 0xbd72,
0xc5b1, 0xc570, 0x8bab, 0x6267, 0x6247, 0x5a26, 0x5a06, 0x49c5, 0x51e6, 0x7ae9,
0x3208, 0x3208, 0x3208, 0x3208, 0x3a49, 0x1945, 0x64f3, 0x5cd3, 0x29e8, 0x328a,
0x3a8a, 0x326a, 0x324a, 0x436e, 0x6575, 0x6576, 0x8e99, 0x9f1b, 0x7e38, 0x8679,
0x8659, 0x8eba, 0x94b2, 0x836c, 0x6a67, 0x5a27, 0x7b0a, 0x7ac9, 0x82e9, 0x9bcc,
0xa42e, 0xa42e, 0xa40d, 0x9bcd, 0x8b6b, 0x7ac9, 0x72a8, 0x93ac, 0x934a, 0x6a67,
0x832a, 0x72a8, 0x6268, 0x49c6, 0x7b2b, 0x9eda, 0x8679, 0x8e99, 0x8699, 0x8679,
0x8679, 0x8679, 0xa73c, 0x75f7, 0x6596, 0x54d3, 0x3aec, 0x326a, 0x3aab, 0x3aab,
0x3a8a, 0x326a, 0x328a, 0x7e79, 0x32aa, 0x29e8, 0x3229, 0x3208, 0x3208, 0x3208,
0x3228, 0x29a7, 0x7a28, 0xb229, 0xc22a, 0xc22a, 0x9249, 0x7229, 0x6a49, 0x6a49,
0x6a49, 0x6a49, 0x6249, 0x6249, 0x6229, 0x73af, 0x6cd3, 0x3a29, 0x31e8, 0x1082,
0x1082, 0x1082, 0x1082, 0x1082, 0x18c3, 0x18c3, 0x31c7, 0x3a08, 0x18c3, 0x18a2,
0x20a2, 0x18a2, 0x4104, 0x28e3, 0x2104, 0x2945, 0x2945, 0x2945, 0x2945, 0x2945,
0x2925, 0x20e4, 0x30e4, 0x3904, 0x1882, 0x28c3, 0x1082, 0x2104, 0x3a29, 0x2965,
0x18c3, 0x10a3, 0x1082, 0x1082, 0x1082, 0x1082, 0x10a3, 0x3208, 0x3a6a, 0x7535,
0x6b0c, 0x6249, 0x6269, 0x6249, 0x6249, 0x8a49, 0x7249, 0x5a28, 0x6228, 0x6228,
0x6208, 0x6208, 0x6208, 0x61e8, 0x1926, 0x1946, 0x2147, 0x3147, 0x716c, 0x812b,
0x60c8, 0x48a6, 0x2063, 0x2863, 0x2063, 0x1863, 0x1862, 0x1863, 0x1062, 0x1062,
0x1883, 0x2083, 0x1883, 0x20e5, 0x0842, 0x1042, 0x0000, 0x2947, 0x41ca, 0x1083,
0x1062, 0x1062, 0x20a3, 0x4a0a, 0x6b2f, 0x7350, 0x6b0f, 0x522b, 0x51ea, 0x4a0a,
0x4188, 0x7371, 0x6b50, 0x524c, 0x41c9, 0x20c4, 0x5aee, 0x9db9, 0x9d57, 0x8c94,
0x7b91, 0x6aad, 0x5a2b, 0x520a, 0x522b, 0x41a8, 0x6b0f, 0x6b4f, 0x3aed, 0x31c9,
0x526d, 0x3a0b, 0x21c9, 0x21c9, 0x21c9, 0x21c9, 0x29c9, 0x520d, 0xa2b5, 0xcb79,
0xcbfa, 0xcbb9, 0x9ad4, 0x4a2d, 0x4a4d, 0x5a4e, 0x38a5, 0x30a5, 0x30a5, 0x30a5,
0x38c6, 0x5909, 0x798d, 0x8a71, 0x8416, 0x75ba, 0x6e9c, 0x6efd, 0x6efd, 0x6e7c,
0x7d59, 0x8b95, 0x9a52, 0xa9d1, 0xb1b2, 0xc1d3, 0xc9d4, 0xd1f4, 0xda16, 0xea57,
0xf299, 0xfada, 0xeab9, 0x9ab3, 0x8af1, 0x10e3, 0x41a9, 0x5189, 0x7a8e, 0x9371,
0xa433, 0xb515, 0xbd56, 0xb4d5, 0x9bf3, 0x8b11, 0x59aa, 0x4948, 0x3167, 0x2126,
0xb395, 0xfb7c, 0xf2d9, 0xf2b8, 0xe257, 0xd215, 0xc1d2, 0xb1d1, 0xa9b0, 0xa18f,
0x916e, 0x894c, 0x814c, 0x814c, 0x894d, 0x916e, 0xa190, 0xc1d3, 0xe1f6, 0xea17,
0xea17, 0xd9f6, 0xb9b2, 0x894d, 0x58e8, 0x40a6, 0x3085, 0x2884, 0x4144, 0x3944,
0x28e3, 0x20a2, 0x20a2, 0x30e3, 0x5185, 0x4124, 0x30c3, 0x38c3, 0x4904, 0x4104,
0x4925, 0x4145, 0x4b6e, 0x4b0e, 0x1823, 0x08a4, 0x20a5, 0x60c8, 0x2084, 0x1884,
0x20a5, 0x10a4, 0x6209, 0x92aa, 0xabad, 0xbc4f, 0xc490, 0xabad, 0x8aa9, 0xa34b,
0xddd4, 0xe677, 0xddf5, 0xddb4, 0xd594, 0xd573, 0xccf1, 0xc470, 0xb3ee, 0xab8d,
0x932a, 0xa38d, 0x9b2c, 0x934d, 0x7b4d, 0x20c4, 0x10c5, 0x30e8, 0x220b, 0x43b0,
0x2a6b, 0xae58, 0xb48f, 0x9b0a, 0x69a6, 0x38e4, 0x4104, 0x4904, 0x4104, 0x4904,
0x38c3, 0x38c3, 0x3904, 0x5185, 0x30e3, 0x20a2, 0x1882, 0x28c3, 0x3924, 0x4144,
0x2c51, 0x2c31, 0x2c51, 0x34d4, 0x3d75, 0x673c, 0x4534, 0x0925, 0x1166, 0x1a69,
0x1145, 0x1104, 0x1145, 0x1104, 0x1166, 0x21e8, 0x2a49, 0x326a, 0x2a49, 0x32cb,
0x10e4, 0x0000, 0x0061, 0x08a2, 0x12aa, 0x0aaa, 0x1145, 0x1c30, 0x1acb, 0x29a7,
0x3b0c, 0x3d95, 0x45f6, 0x53ef, 0x540f, 0x53ae, 0x538e, 0x64f3, 0x75b6, 0x6430,
0x2925, 0x1062, 0x1882, 0x20e3, 0x3145, 0x3987, 0x3145, 0x2124, 0x20c3, 0x2925,
0x3186, 0x2945, 0x2124, 0x4491, 0x1124, 0x0020, 0x0041, 0x0021, 0x0041, 0x0041,
0x0061, 0x0041, 0x0041, 0x00a2, 0x00a3, 0x4e38, 0x4eda, 0x3596, 0x3637, 0x35d6,
0x2d75, 0x2d75, 
0xb1d6, 0x89b3, 0x498d, 0x29cb, 0x224c, 0x228d, 0x226d, 0x222b, 0x19a9, 0x1968,
0x1968, 0x1968, 0x31ab, 0x590a, 0x19a9, 0x59ad, 0x60ea, 0x2084, 0x1063, 0x2085,
0x1884, 0x1084, 0x0862, 0x30c5, 0x5128, 0x4126, 0x620a, 0x72ac, 0x7b2e, 0x836f,
0x83d1, 0x8c93, 0x7b90, 0x4905, 0x40e4, 0x40e5, 0x48e5, 0x59c8, 0x8473, 0x8c73,
0x83d0, 0x834f, 0x7b0e, 0x728c, 0x61e9, 0x6188, 0x918c, 0xba75, 0x32b0, 0x398b,
0x420e, 0x5a30, 0x7a13, 0x61f0, 0x31ab, 0x2189, 0x2189, 0x2189, 0x298a, 0x61af,
0xa1d5, 0xb9f7, 0x81b2, 0x418b, 0x2169, 0x1989, 0x1a2b, 0x2412, 0x35b8, 0x563a,
0x665a, 0x4dd9, 0x2125, 0x2125, 0x3185, 0x4a06, 0x6287, 0x62a7, 0x6287, 0x4a06,
0x3165, 0x2105, 0x2125, 0x2146, 0x31e8, 0x428b, 0x4aec, 0x52ec, 0x5b0c, 0xa3a9,
0x4163, 0x1061, 0x18a2, 0x1061, 0x3123, 0xe56d, 0xc42a, 0xdd0c, 0xa36a, 0x7289,
0x938c, 0x9c0e, 0xa44f, 0xa470, 0x9c6f, 0xa490, 0xa4b0, 0x942e, 0x8b6c, 0xa4b1,
0xa4d1, 0xa4d1, 0xa4d1, 0xa4d1, 0xa490, 0x9c0e, 0x93ad, 0x82ea, 0x84d3, 0x7d55,
0x7d34, 0x7e79, 0x20e3, 0x18a2, 0x18e3, 0x18c3, 0x4c31, 0x4bb0, 0x42ed, 0x42ed,
0x42ed, 0x42cc, 0x3a6b, 0x31c8, 0x2145, 0x1905, 0x1905, 0x2105, 0x2945, 0x3165,
0x4a47, 0x948d, 0x62c8, 0x3165, 0x46d6, 0x4f77, 0x4f37, 0x4634, 0x3cd1, 0x330c,
0x4bce, 0x5d53, 0x4491, 0x3bce, 0x3c50, 0x5e16, 0x8fbc, 0x9fdc, 0x7719, 0x55b4,
0x4d73, 0x4d53, 0x4470, 0x5554, 0x2a07, 0x3c0e, 0x5e16, 0x7c6f, 0x6a26, 0x7247,
0x8ac9, 0xa36a, 0xabcc, 0xb44d, 0xbc8e, 0xb48f, 0xb4af, 0xbcf0, 0x9bac, 0x7a47,
0xa40d, 0xb4d0, 0xb48f, 0xb48f, 0xb48e, 0xb42d, 0xa3ac, 0x9b2a, 0x8288, 0x7227,
0x7227, 0x7c8f, 0x6657, 0x4450, 0x55b4, 0x3b6d, 0x4d53, 0x5594, 0x4d74, 0x5e16,
0x877b, 0x9fdd, 0x877b, 0x4d74, 0x3c0f, 0x3bef, 0x4d33, 0x5d12, 0x4b8d, 0x4b8d,
0x436d, 0x436d, 0x436d, 0x436d, 0x434d, 0x434c, 0x2087, 0x38cb, 0x20a8, 0x2087,
0x2087, 0x2087, 0x2087, 0x20a8, 0x28a9, 0x28a9, 0x30ca, 0x38ec, 0x40cd, 0x5950,
0x6952, 0x7974, 0xd2bb, 0xc299, 0x91d4, 0xfdbe, 0xd39b, 0x8a56, 0x8b16, 0x9439,
0xa51a, 0xad9b, 0xaddb, 0x9ddb, 0xad3b, 0x8d5a, 0x8478, 0x7bb6, 0x62f3, 0x6293,
0x8418, 0x94fa, 0x7bb7, 0x62b3, 0x6b14, 0x73f6, 0x84b8, 0x9d7b, 0xad9b, 0x8e3b,
0x8e1c, 0x85db, 0x7cf9, 0x7396, 0x6253, 0x9a56, 0xf59f, 0xd43b, 0x89b3, 0xdb7c,
0x9a77, 0x6171, 0x5970, 0x512e, 0x490d, 0x40ec, 0x40cb, 0x40cb, 0x38aa, 0x38aa,
0x30ca, 0x28a9, 0x3089, 0x2888, 0x38cb, 0x490f, 0x40ec, 0x2087, 0x5a88, 0x732b,
0x6288, 0x5227, 0x6268, 0x5a47, 0x72e9, 0x834a, 0xb4ae, 0xa46d, 0xbd10, 0xc592,
0xc571, 0xc571, 0xc5b2, 0xbe76, 0xb677, 0xc655, 0xbf3a, 0x9eda, 0x9699, 0x532d,
0x18a3, 0x7431, 0x3a08, 0x18c3, 0x2904, 0x5165, 0x82a8, 0xa3ac, 0x7268, 0x2882,
0x30e3, 0x4985, 0x6207, 0x61e7, 0x4985, 0x59e6, 0x5185, 0x4965, 0x3904, 0x2082,
0x30e3, 0x4965, 0x4945, 0x30e3, 0x0841, 0x18c3, 0x1082, 0x1083, 0x0862, 0x31a7,
0x7d35, 0xb77c, 0x8490, 0x8533, 0xb697, 0xbdb3, 0xbd30, 0xbd51, 0xbd72, 0xbd51,
0xbd71, 0xbd30, 0x8bab, 0x6267, 0x6268, 0x6a88, 0x6aa8, 0x6a88, 0x6288, 0x6a88,
0x3208, 0x3208, 0x3208, 0x3208, 0x3a4a, 0x1945, 0x64f3, 0x5cd3, 0x29e8, 0x328a,
0x3a8b, 0x326a, 0x324a, 0x438e, 0x6575, 0x6576, 0x8e99, 0x9f1b, 0x7e38, 0x8679,
0x8679, 0x86da, 0x9554, 0x838d, 0x7ac9, 0x7288, 0x59e6, 0x61c5, 0x59a5, 0x61e6,
0x61c6, 0x61e6, 0x7227, 0x7a68, 0x82c9, 0xac0d, 0xbcaf, 0xa40d, 0x7288, 0x7288,
0x7ac9, 0x6a88, 0x49c6, 0x4964, 0x8b6c, 0x9efb, 0x8efb, 0x869a, 0x8e99, 0x8699,
0x8679, 0x8679, 0xa73c, 0x75f7, 0x6596, 0x54d3, 0x3aec, 0x328a, 0x3aab, 0x3aab,
0x3a8b, 0x3a8a, 0x328a, 0x7e79, 0x32aa, 0x29e8, 0x3229, 0x3208, 0x3208, 0x3208,
0x3229, 0x29a7, 0x7a28, 0xba29, 0xca4a, 0xc22a, 0x91e8, 0x7208, 0x7208, 0x6a08,
0x6a49, 0x6a49, 0x6a49, 0x6249, 0x6228, 0x7c51, 0x5410, 0x3a6a, 0x3a49, 0x10a2,
0x1082, 0x1082, 0x1082, 0x1082, 0x1082, 0x18c3, 0x18c3, 0x31a7, 0x31e8, 0x18c3,
0x20a2, 0x18a2, 0x4104, 0x28e4, 0x20e4, 0x2945, 0x2965, 0x2945, 0x2945, 0x2965,
0x2925, 0x20e4, 0x3904, 0x38e3, 0x1882, 0x2882, 0x2124, 0x3208, 0x2966, 0x18c3,
0x18c3, 0x1082, 0x1082, 0x1082, 0x1082, 0x1082, 0x1904, 0x426a, 0x3a6a, 0x6492,
0x738e, 0x6229, 0x6269, 0x6249, 0x6249, 0x8a49, 0x6a08, 0x5a08, 0x61e7, 0x59c7,
0x6228, 0x6208, 0x6208, 0x61e8, 0x1926, 0x2146, 0x2947, 0x3949, 0x792b, 0x70e9,
0x6109, 0x3147, 0x3885, 0x2864, 0x2063, 0x2063, 0x1062, 0x1062, 0x1042, 0x1863,
0x2083, 0x2083, 0x20c4, 0x1083, 0x0020, 0x20a4, 0x1863, 0x20c4, 0x524c, 0x2926,
0x4a2c, 0x4a0b, 0x41a8, 0x41a8, 0x6b4f, 0x8433, 0x7b91, 0x6acd, 0x7390, 0x8453,
0x730f, 0x5a4c, 0x520b, 0x520b, 0x524c, 0x7bf2, 0x9d98, 0x9d98, 0x9517, 0x8c33,
0x7b50, 0x626c, 0x5a0a, 0x520a, 0x524b, 0x630e, 0x62ee, 0x5bd1, 0x29e9, 0x3a0b,
0x5a6d, 0x3a0b, 0x21c9, 0x21c9, 0x29e9, 0x29e9, 0x29e9, 0x522e, 0xaad6, 0xcb19,
0xcb39, 0xc318, 0x9a94, 0x4a2d, 0x524d, 0x5a4e, 0x38a5, 0x30a5, 0x30a5, 0x30a5,
0x38c6, 0x5909, 0x818d, 0x9271, 0x8416, 0x75ba, 0x6ebc, 0x6efd, 0x6edd, 0x6e7b,
0x7d39, 0x8b95, 0x9a31, 0xa1b0, 0xa9b0, 0xb1b1, 0xb9d2, 0xc9d3, 0xd1f5, 0xea57,
0xf299, 0xfa99, 0xfb9b, 0x62ae, 0x20e5, 0x3988, 0x3968, 0x4907, 0x5148, 0x726d,
0xb4f6, 0xe6bb, 0xe6bc, 0xcdd9, 0x9bb2, 0x5989, 0x4927, 0x4127, 0x3967, 0x3127,
0x3187, 0xa374, 0xfb1b, 0xf278, 0xe257, 0xd215, 0xc1f3, 0xb9b2, 0xb1b1, 0xa9b0,
0x998f, 0x896d, 0x814c, 0x814c, 0x894d, 0x916e, 0xa190, 0xc1d3, 0xe216, 0xea17,
0xea17, 0xe1f6, 0xb9b2, 0x894d, 0x58e9, 0x40c6, 0x3085, 0x2884, 0x4144, 0x3944,
0x28e3, 0x2082, 0x20a2, 0x30e3, 0x5185, 0x4124, 0x30c3, 0x38c3, 0x4904, 0x4104,
0x4904, 0x4125, 0x4aec, 0x4b6f, 0x2106, 0x10c5, 0x20a5, 0x70c9, 0x2885, 0x18a4,
0x30c6, 0x1884, 0x3987, 0x82aa, 0x9b0b, 0xb3cd, 0xb40e, 0xbc2e, 0xbc6f, 0xccd1,
0xbc70, 0xcd12, 0xddb4, 0xddd4, 0xcd32, 0xb40e, 0xb42f, 0xbc4f, 0xb3ee, 0xa38d,
0x8b0a, 0xa36d, 0x9b0c, 0x8bcf, 0x732c, 0x2126, 0x0864, 0x32ce, 0x6515, 0x8513,
0x5bf0, 0x7575, 0xb4d0, 0x9aea, 0x61a6, 0x38c4, 0x4104, 0x4904, 0x40e4, 0x4904,
0x38c3, 0x38c3, 0x3904, 0x5185, 0x30e3, 0x20a2, 0x1882, 0x28c3, 0x3924, 0x4144,
0x2c31, 0x2c51, 0x4576, 0x5699, 0x4e58, 0x4df7, 0x3c51, 0x1145, 0x1145, 0x19e8,
0x1145, 0x1104, 0x1104, 0x1125, 0x19a7, 0x2a09, 0x326a, 0x2a49, 0x32ab, 0x2a29,
0x0000, 0x0021, 0x0061, 0x08a2, 0x12eb, 0x1269, 0x1a08, 0x23ef, 0x1966, 0x2430,
0x35d5, 0x3d34, 0x5410, 0x5bef, 0x53cf, 0x53ae, 0x64f3, 0x6d95, 0x6d34, 0x6cf4,
0x53af, 0x39c8, 0x2104, 0x20c3, 0x2104, 0x20c3, 0x18c3, 0x18a2, 0x18c3, 0x2904,
0x2945, 0x20e4, 0x334d, 0x3bef, 0x0000, 0x0061, 0x0021, 0x0041, 0x0041, 0x0041,
0x0082, 0x0061, 0x0041, 0x0062, 0x0021, 0x34b2, 0x573c, 0x35d7, 0x3638, 0x35b6,
0x3575, 0x2d14, 
0xb1d6, 0x89b3, 0x49ad, 0x2a4d, 0x2b91, 0x2454, 0x2433, 0x2370, 0x222b, 0x1968,
0x1968, 0x2168, 0x29aa, 0x494a, 0x21ca, 0x41ed, 0x690c, 0x2085, 0x1884, 0x28a5,
0x18a4, 0x1083, 0x0863, 0x1884, 0x6149, 0x4947, 0x51a8, 0x6a4b, 0x72cd, 0x7b4f,
0x83f1, 0x8411, 0x8c32, 0x83b0, 0x59e9, 0x4926, 0x72ed, 0x8411, 0x8432, 0x8411,
0x83f1, 0x7b4f, 0x72ad, 0x6a2a, 0x59a8, 0x6189, 0x91ad, 0x9ab4, 0x22af, 0x39cc,
0x3a2e, 0x5230, 0x7a13, 0x61f0, 0x31ab, 0x2189, 0x2189, 0x2189, 0x298a, 0x61af,
0xa1d5, 0xb1f7, 0x81b2, 0x416b, 0x2169, 0x1989, 0x1a2b, 0x23b1, 0x2517, 0x3dd9,
0x5e3a, 0x45b8, 0x2125, 0x2125, 0x3165, 0x39a6, 0x4a06, 0x4a06, 0x4a06, 0x39c6,
0x2945, 0x2125, 0x2125, 0x2166, 0x31e8, 0x428b, 0x4aec, 0x52ec, 0x5aeb, 0xabca,
0x61c4, 0x1061, 0x18a2, 0x18a2, 0x1061, 0xbc8b, 0xd46b, 0xcc6b, 0xcc8b, 0x7aa9,
0x832b, 0x9bed, 0x9c2e, 0x9c2f, 0xa490, 0x93ee, 0x724a, 0x7acb, 0x8bae, 0x728a,
0x7acb, 0x9c70, 0xa4d1, 0xa490, 0xa470, 0x9bee, 0x8b4b, 0x838d, 0x8555, 0x7c92,
0x85b6, 0x6513, 0x1040, 0x20e3, 0x18e3, 0x1904, 0x54b3, 0x4b8f, 0x430d, 0x42ed,
0x42cd, 0x42cc, 0x3a8b, 0x29c8, 0x2146, 0x1905, 0x1905, 0x2105, 0x2125, 0x2945,
0x41e6, 0x5aa8, 0x39a6, 0x2965, 0x4f57, 0x4f57, 0x4f37, 0x4655, 0x3cb0, 0x330c,
0x4bae, 0x5d53, 0x4491, 0x3bce, 0x3c30, 0x5e36, 0x8fbc, 0x9fdc, 0x7719, 0x4db4,
0x4d53, 0x5594, 0x4490, 0x5553, 0x328a, 0x4490, 0x5594, 0x6d53, 0x7247, 0x7247,
0x82a8, 0x932a, 0xa3ab, 0xac2d, 0xb44e, 0xb48f, 0xb4af, 0xac4e, 0xac4e, 0xb46f,
0xac2e, 0xac2e, 0xb4af, 0xb46e, 0xac4e, 0xac0d, 0xa38b, 0x8ae9, 0x7a47, 0x7247,
0x7267, 0x7573, 0x5574, 0x4cf2, 0x4d33, 0x440f, 0x55d5, 0x5574, 0x4d74, 0x5e16,
0x877b, 0x9fdd, 0x877b, 0x4d74, 0x3c0f, 0x3bef, 0x4d33, 0x5cf2, 0x4b8d, 0x4b6d,
0x4b6d, 0x4b6d, 0x4b4c, 0x4b4c, 0x4b6d, 0x4b4c, 0x2088, 0x38cc, 0x30ea, 0x2888,
0x2888, 0x2888, 0x2888, 0x38eb, 0x310b, 0x28a9, 0x30ca, 0x30eb, 0x38cb, 0x518f,
0x5990, 0x5151, 0x9a77, 0xc25a, 0x8174, 0xedbd, 0xecfe, 0x7a35, 0x5b14, 0x6c17,
0x84b8, 0x9cb9, 0x9d3a, 0x955a, 0xacfb, 0x8d19, 0x8478, 0x7395, 0x5a72, 0x6ad3,
0x8cd9, 0xa65c, 0x8458, 0x6293, 0x62d3, 0x73d6, 0x7cb8, 0x9d1a, 0xad5b, 0x95ba,
0x855a, 0x7d19, 0x7478, 0x6bb5, 0x5a72, 0xab38, 0xfe1f, 0xbb39, 0xaa38, 0xcbbb,
0x6172, 0x492f, 0x412d, 0x38ec, 0x392c, 0x394c, 0x38eb, 0x28c9, 0x28c8, 0x2067,
0x228e, 0x20e8, 0x2888, 0x28ca, 0x38cc, 0x38ac, 0x2869, 0x28a8, 0x7b4b, 0x8bcc,
0x6a88, 0x5a27, 0x7b2a, 0x834a, 0x8bab, 0x8bab, 0x9c0d, 0xbcef, 0xc530, 0xc530,
0xc592, 0xc676, 0xaf1a, 0x85b6, 0x5aeb, 0x7450, 0x7df7, 0x42eb, 0x428a, 0x4acb,
0x1062, 0x4229, 0x84d3, 0x31c7, 0x2925, 0x4944, 0x7a68, 0x9b6b, 0xa38c, 0x5185,
0x30a2, 0x28a2, 0x30c2, 0x30c3, 0x30e3, 0x30c3, 0x30c3, 0x28a2, 0x28a2, 0x30c2,
0x4144, 0x5165, 0x4124, 0x38e3, 0x1862, 0x18c3, 0x1082, 0x0862, 0x18e4, 0x5b4e,
0x534d, 0x5bcf, 0x42aa, 0x3165, 0x6c51, 0x9658, 0xb697, 0xc5b2, 0xc550, 0xc571,
0xc571, 0xb510, 0x7b2a, 0x6a88, 0x6247, 0x6aa8, 0x730a, 0x5a47, 0x5a27, 0x6268,
0x3208, 0x3208, 0x3208, 0x3208, 0x3a6a, 0x1945, 0x64f3, 0x5cd3, 0x2a08, 0x3a8a,
0x3aab, 0x328a, 0x326a, 0x438e, 0x6576, 0x6576, 0x8e99, 0x9f1b, 0x7e38, 0x8679,
0x8679, 0x869a, 0x9638, 0x7b8d, 0x7b0b, 0xa38b, 0x8ae9, 0x7a68, 0x9b4b, 0x9b4b,
0xabed, 0xc4b0, 0xb40d, 0xabcc, 0xb42d, 0xb44e, 0x9bcc, 0x832a, 0x6a47, 0x72a9,
0x72a8, 0x5a07, 0x28c2, 0x7268, 0x93ad, 0x63ae, 0x7470, 0x96da, 0x869a, 0x8699,
0x8679, 0x8679, 0xa73c, 0x6df7, 0x6596, 0x54d3, 0x3aec, 0x328b, 0x3acc, 0x3aab,
0x3aab, 0x3a8a, 0x328b, 0x7e79, 0x32ab, 0x29e8, 0x3229, 0x3208, 0x3208, 0x3208,
0x3229, 0x29a7, 0x7a28, 0xba4a, 0xc9e9, 0xc209, 0xa410, 0x7c72, 0x73cf, 0x7b0c,
0x6a08, 0x6a08, 0x6a49, 0x6a69, 0x6249, 0x84d3, 0x3aab, 0x3a4a, 0x42ab, 0x18e4,
0x1082, 0x1082, 0x1082, 0x1082, 0x1082, 0x18a3, 0x18a3, 0x18a2, 0x2986, 0x426a,
0x20c3, 0x1082, 0x4104, 0x30e3, 0x20e4, 0x2924, 0x2924, 0x2924, 0x2904, 0x2904,
0x2904, 0x20e3, 0x3904, 0x30e3, 0x1861, 0x3125, 0x3a6a, 0x2104, 0x18c3, 0x18a3,
0x18a3, 0x1082, 0x1082, 0x1082, 0x1082, 0x1061, 0x2986, 0x4acc, 0x3208, 0x53ae,
0x7c31, 0x6229, 0x626a, 0x6249, 0x6208, 0x9229, 0x7b2d, 0x6bf0, 0x7c72, 0x732d,
0x59a7, 0x61e7, 0x6208, 0x61e8, 0x1926, 0x1125, 0x3969, 0xa18f, 0x892c, 0x5929,
0x2988, 0x516a, 0x58a7, 0x2863, 0x2864, 0x1863, 0x1062, 0x1062, 0x1862, 0x2083,
0x2084, 0x2084, 0x20c4, 0x0821, 0x0821, 0x20a4, 0x3947, 0x20c4, 0x20a3, 0x3967,
0x5a4c, 0x6b0f, 0x8c95, 0x524b, 0x6b2f, 0x94d6, 0x7bf2, 0x734f, 0x7bd1, 0x8cb5,
0x8453, 0x8433, 0x8433, 0x8c74, 0x9517, 0x9d98, 0x9d98, 0x9d58, 0x8c75, 0x83b1,
0x72ce, 0x5a2b, 0x51ea, 0x522b, 0x5ace, 0x6b2f, 0x63d2, 0x32cd, 0x21a9, 0x422b,
0x5a6d, 0x3a0b, 0x21c9, 0x29e9, 0x29e9, 0x29e9, 0x29ea, 0x522e, 0xaaf6, 0xcbb9,
0xcb99, 0xcb39, 0x9a94, 0x4a2d, 0x4a2d, 0x5a4e, 0x38a5, 0x30a5, 0x30a5, 0x30a5,
0x40c6, 0x5909, 0x818d, 0x9271, 0x8416, 0x75ba, 0x6ebc, 0x6efd, 0x6edd, 0x6e5b,
0x7d19, 0x8b75, 0x9231, 0x91af, 0x996f, 0xa1b0, 0xb191, 0xba94, 0xd256, 0xea17,
0xf258, 0xfb3b, 0x8b51, 0x2126, 0x4a0b, 0x49ea, 0x20e5, 0x3927, 0x4928, 0x4907,
0x6a0c, 0x8b30, 0x9391, 0x7aae, 0x4907, 0x4107, 0x51a9, 0x2926, 0x18a4, 0x522b,
0x3967, 0x18c4, 0x9b33, 0xfafa, 0xe236, 0xd215, 0xd1f4, 0xc254, 0xc1d3, 0xb1d1,
0xa18f, 0x894d, 0x814c, 0x814c, 0x894d, 0x916e, 0xa190, 0xc1d3, 0xe216, 0xf218,
0xea18, 0xe1f6, 0xb9b2, 0x894d, 0x58e9, 0x40a6, 0x3085, 0x2884, 0x4144, 0x3944,
0x28c3, 0x2082, 0x20a2, 0x30e3, 0x5185, 0x4124, 0x30c3, 0x38c3, 0x4904, 0x4104,
0x4904, 0x4125, 0x4249, 0x53d0, 0x434e, 0x21c8, 0x20e6, 0x70e9, 0x38a6, 0x20a5,
0x38c7, 0x28a6, 0x20c6, 0x6b0c, 0x92ca, 0x9b2b, 0x9b2b, 0x8269, 0x6124, 0x6965,
0x6925, 0x6104, 0x71c7, 0x8a89, 0x92ca, 0xa38d, 0xb42f, 0xb42f, 0xabce, 0xa36c,
0x8aea, 0xa34d, 0x934d, 0x72ec, 0x72ec, 0x32cc, 0x2a2b, 0x64d4, 0x84b1, 0x8bee,
0xb594, 0x7d75, 0x94f2, 0x9aea, 0x61a6, 0x38c4, 0x4104, 0x4904, 0x4104, 0x4904,
0x38c3, 0x38c3, 0x3904, 0x5185, 0x30e3, 0x20a2, 0x1882, 0x28c3, 0x3924, 0x4144,
0x2c51, 0x5679, 0x5eda, 0x4596, 0x1a28, 0x228a, 0x33ef, 0x1166, 0x0904, 0x1186,
0x1145, 0x1104, 0x1104, 0x1145, 0x21e8, 0x2a29, 0x326a, 0x2a29, 0x32ec, 0x10e3,
0x0000, 0x0021, 0x0061, 0x08a3, 0x134c, 0x1249, 0x1a28, 0x2c2f, 0x24b1, 0x24b1,
0x3b4d, 0x534d, 0x5bae, 0x5bef, 0x5bef, 0x64b2, 0x6d34, 0x6cf3, 0x5c72, 0x53d0,
0x4b8f, 0x4b2d, 0x428b, 0x2125, 0x18a3, 0x18e3, 0x18a3, 0x18a3, 0x20e3, 0x2124,
0x2904, 0x2986, 0x4451, 0x19c7, 0x0000, 0x0041, 0x0021, 0x0041, 0x0041, 0x0041,
0x0082, 0x0062, 0x0041, 0x0041, 0x0021, 0x22cb, 0x575c, 0x3e18, 0x3658, 0x35f7,
0x2dd6, 0x2d75, 
0xb9d7, 0x91b3, 0x51ad, 0x2a8e, 0x2c54, 0x2d37, 0x2d37, 0x2433, 0x226d, 0x1989,
0x1968, 0x2168, 0x19a9, 0x396a, 0x29aa, 0x222c, 0x614d, 0x3086, 0x20a5, 0x38a7,
0x20a5, 0x1083, 0x1063, 0x18a5, 0x618b, 0x4968, 0x5188, 0x5a0a, 0x6a8c, 0x7b0e,
0x8390, 0x83d0, 0x8c11, 0x83d1, 0x8390, 0x836f, 0x8390, 0x83d1, 0x8411, 0x83d0,
0x838f, 0x7b0e, 0x6a6b, 0x59e9, 0x59a8, 0x59a9, 0x920f, 0x6a10, 0x39ed, 0x422f,
0x424f, 0x5a31, 0x7212, 0x59f0, 0x31ab, 0x2189, 0x2189, 0x2189, 0x298a, 0x59af,
0xa1d5, 0xb1f6, 0x81b2, 0x416b, 0x2169, 0x2189, 0x222b, 0x1b91, 0x1cf6, 0x3dd9,
0x561a, 0x3577, 0x2125, 0x2945, 0x3165, 0x3185, 0x39a6, 0x39c6, 0x39a6, 0x3185,
0x2945, 0x2125, 0x2965, 0x2966, 0x31e8, 0x428b, 0x4aec, 0x52ec, 0x5aec, 0xabea,
0x7a65, 0x1061, 0x18a2, 0x20c3, 0x0001, 0x8328, 0xe50c, 0xbbea, 0xd4cc, 0x9b49,
0x7aca, 0x8b8c, 0x9c0e, 0x9c4f, 0x728a, 0x48e5, 0x40a4, 0x40c4, 0x48e5, 0x48c4,
0x40c4, 0x5146, 0x8b6d, 0xa490, 0x9c0e, 0x93ad, 0x830b, 0x7c51, 0x7d14, 0x7451,
0x8638, 0x434c, 0x1020, 0x2104, 0x18e3, 0x2165, 0x5d35, 0x4b6f, 0x430d, 0x4aed,
0x42cc, 0x42cc, 0x3a8b, 0x31e8, 0x2146, 0x2105, 0x1905, 0x2105, 0x2125, 0x2145,
0x2945, 0x2945, 0x2945, 0x2945, 0x4f36, 0x4f16, 0x4f17, 0x4614, 0x3470, 0x330c,
0x4bae, 0x5533, 0x4491, 0x3bce, 0x3c30, 0x5e16, 0x8fbc, 0x9fdc, 0x7719, 0x4d94,
0x4d53, 0x4d74, 0x4d53, 0x4d53, 0x3b2c, 0x3bee, 0x4d94, 0x65d5, 0x730a, 0x6a47,
0x7268, 0x8b09, 0x9b6b, 0x9b8b, 0x9b8b, 0x9bcc, 0x8aa8, 0x7165, 0x7165, 0x79e6,
0x7164, 0x7185, 0x8aa9, 0x9bac, 0x936b, 0x936b, 0x9b4b, 0x82a9, 0x7247, 0x6a47,
0x7b0a, 0x6e36, 0x44b1, 0x5553, 0x4470, 0x4d53, 0x5594, 0x5574, 0x4d74, 0x5e16,
0x877b, 0x9fdd, 0x877b, 0x4d74, 0x3c0f, 0x3bef, 0x4d33, 0x5cf2, 0x4b8d, 0x4c0e,
0x4caf, 0x4bcd, 0x4caf, 0x442e, 0x4b4c, 0x4b4c, 0x2888, 0x38cc, 0x30aa, 0x28a9,
0x2888, 0x2888, 0x28a8, 0x30a9, 0x314b, 0x290a, 0x30ca, 0x390b, 0x38ec, 0x410d,
0x492f, 0x5171, 0x6192, 0xbada, 0x99d7, 0xd4bb, 0xfcff, 0xba79, 0x61f2, 0x6b55,
0x6bf7, 0x7cb9, 0x8cd9, 0x9d3a, 0xacba, 0x84f9, 0x8498, 0x6b54, 0x62f3, 0x62b3,
0x8cd9, 0xaedd, 0x7bf7, 0x6293, 0x62f3, 0x73b5, 0x84b8, 0x94d9, 0xb51b, 0x8d39,
0x84d9, 0x74b8, 0x6b55, 0x6293, 0x69d2, 0xdbbc, 0xfd9f, 0xb2d8, 0xba99, 0x8a96,
0x5932, 0x5150, 0x412d, 0x410d, 0x390c, 0x30eb, 0x30ca, 0x30ca, 0x28ea, 0x2888,
0x2a2d, 0x20c8, 0x2888, 0x316d, 0x40ee, 0x38ac, 0x2888, 0x2067, 0xacae, 0xa44d,
0x834a, 0x834a, 0x93cc, 0x8bab, 0x836b, 0x8b8b, 0x836b, 0xac8e, 0xcd91, 0xbe55,
0xa6d9, 0x9637, 0x63ce, 0x49c6, 0x4164, 0x3944, 0x2904, 0x20e4, 0x2104, 0x2105,
0x20e4, 0x2104, 0x73cf, 0x4229, 0x2104, 0x3945, 0x7207, 0x9b2a, 0xabcc, 0x82a9,
0x4103, 0x38e3, 0x30c2, 0x2882, 0x2882, 0x2882, 0x2882, 0x30c3, 0x30c3, 0x3903,
0x5185, 0x5185, 0x4104, 0x38e3, 0x1882, 0x2104, 0x0841, 0x0021, 0x39e8, 0x7c52,
0x2946, 0x1041, 0x20c4, 0x28e3, 0x30e3, 0x4a28, 0x74f3, 0x9eda, 0xb676, 0xc571,
0xc551, 0xa44d, 0x7b2a, 0x7b2a, 0x72e9, 0x72e9, 0x836b, 0x7b2a, 0x7b2a, 0x834b,
0x3209, 0x3209, 0x3229, 0x3229, 0x3a6a, 0x1966, 0x64f3, 0x64d3, 0x2a09, 0x3a8b,
0x3aab, 0x328b, 0x326a, 0x438e, 0x6575, 0x6576, 0x8e9a, 0x9f1b, 0x7e58, 0x8679,
0x8679, 0x8679, 0x8eda, 0x8d54, 0x734c, 0x7267, 0x932a, 0x7aa8, 0x7267, 0x7288,
0x7268, 0x6a47, 0x7ac8, 0x8b2a, 0x9b8b, 0x9bab, 0x8b6b, 0x72a8, 0x6a68, 0x72c9,
0x6227, 0x28a2, 0x5a06, 0x9b8b, 0x8b2b, 0x3186, 0x0000, 0x632a, 0x8e99, 0x8699,
0x8679, 0x8679, 0xa73c, 0x6df7, 0x6596, 0x54d3, 0x3b0c, 0x328b, 0x3acc, 0x3acb,
0x3aab, 0x3aab, 0x32ab, 0x7e79, 0x32ab, 0x29e8, 0x3249, 0x3229, 0x3229, 0x3208,
0x3229, 0x29a7, 0x79e8, 0xb9a8, 0xc36e, 0xb679, 0x7d76, 0x3229, 0x3249, 0x5bcf,
0x7c51, 0x72ec, 0x6a08, 0x6a49, 0x6a8a, 0x74b3, 0x2986, 0x3a08, 0x4b2d, 0x2986,
0x1062, 0x1082, 0x1082, 0x1082, 0x10a2, 0x18a3, 0x1082, 0x18a3, 0x18a3, 0x3a29,
0x428a, 0x1082, 0x30e4, 0x3104, 0x20e3, 0x31c7, 0x3a49, 0x426a, 0x4249, 0x426a,
0x2966, 0x20e3, 0x3924, 0x28a2, 0x18e3, 0x42cc, 0x2986, 0x18a2, 0x10a2, 0x1082,
0x18c3, 0x1082, 0x1082, 0x1082, 0x1082, 0x1082, 0x3a29, 0x4b0c, 0x2986, 0x3aab,
0x7c92, 0x6a29, 0x6249, 0x6208, 0x734d, 0x8451, 0x534d, 0x29e8, 0x3a8a, 0x85f8,
0x8d75, 0x6a8a, 0x5986, 0x61e8, 0x20e5, 0x594a, 0xa18f, 0x794c, 0x3107, 0x1104,
0x2906, 0x894d, 0x70ea, 0x2063, 0x3084, 0x1842, 0x1062, 0x1042, 0x2063, 0x2884,
0x2083, 0x20a4, 0x1042, 0x0821, 0x0821, 0x20a4, 0x49a9, 0x62ce, 0x62ce, 0x526c,
0x7b91, 0x8433, 0x8454, 0x5a6c, 0x7350, 0x94d6, 0x8412, 0x7b91, 0x7bd1, 0x8c53,
0x94d6, 0x8cb5, 0x94d6, 0x94f6, 0x9d37, 0x9d57, 0x9d57, 0x9cf6, 0x83f3, 0x730f,
0x626c, 0x51ea, 0x520a, 0x5b70, 0x428c, 0x4acd, 0x3acc, 0x1926, 0x1946, 0x2967,
0x3188, 0x2967, 0x1946, 0x1946, 0x1966, 0x1946, 0x1946, 0x3169, 0x61ed, 0x728f,
0x728f, 0x722f, 0x59ac, 0x3168, 0x3168, 0x3188, 0x38a5, 0x30a5, 0x30a5, 0x30a5,
0x40c6, 0x5909, 0x818d, 0x9271, 0x8416, 0x75ba, 0x6e9c, 0x6edd, 0x6edc, 0x6e3b,
0x7cf8, 0x8b54, 0x9230, 0x91af, 0xa2f2, 0xa1af, 0xb171, 0xaa72, 0xac15, 0xea37,
0xfb3a, 0xa393, 0x2126, 0x2906, 0x2106, 0x5a6b, 0x6aed, 0x3147, 0x3126, 0x3927,
0x3907, 0x38e6, 0x38e6, 0x4107, 0x49a9, 0x49c9, 0x3988, 0x41e9, 0x6acd, 0x3147,
0x2926, 0x28e6, 0x2146, 0xab54, 0xf279, 0xe1d6, 0xc396, 0xb334, 0xd1b4, 0xc1d2,
0xa9d0, 0x91ae, 0x812c, 0x814c, 0x894d, 0x916e, 0xa990, 0xc9d3, 0xe217, 0xf238,
0xf238, 0xe1f6, 0xc1b2, 0x894d, 0x58e9, 0x40a6, 0x3085, 0x2884, 0x4144, 0x3924,
0x28c3, 0x1882, 0x20a2, 0x30e3, 0x5165, 0x4104, 0x30c3, 0x38c3, 0x4904, 0x4104,
0x4904, 0x4904, 0x4186, 0x53af, 0x5c32, 0x4bb0, 0x2167, 0x6909, 0x50c7, 0x30c6,
0x40c7, 0x30c7, 0x20a6, 0x3a4b, 0x836d, 0x8aaa, 0x934c, 0x69a6, 0x7186, 0x79c7,
0x8249, 0xa36d, 0xa2cc, 0x9aaa, 0xb450, 0xc512, 0xbc90, 0xabee, 0xabad, 0x932b,
0x930b, 0x9b2d, 0x72ab, 0x69a6, 0x7baf, 0x769a, 0x96ba, 0x9618, 0x840f, 0x8bad,
0xbd53, 0xcdd4, 0xa44f, 0x9aea, 0x61a6, 0x38c4, 0x4104, 0x4904, 0x40e4, 0x4104,
0x38c3, 0x38c3, 0x3904, 0x5185, 0x30e3, 0x20a2, 0x1882, 0x28c3, 0x3924, 0x4144,
0x66fb, 0x4e17, 0x3cf3, 0x19c7, 0x0000, 0x19c6, 0x2b6d, 0x1186, 0x0904, 0x1125,
0x1125, 0x1104, 0x1125, 0x1986, 0x2a09, 0x2a6a, 0x2a29, 0x328b, 0x2a4a, 0x0000,
0x0020, 0x0020, 0x0061, 0x08a3, 0x130b, 0x134c, 0x1a8a, 0x2491, 0x2cd2, 0x2a6a,
0x3a6a, 0x4b2d, 0x53af, 0x5bef, 0x6471, 0x64d3, 0x5c71, 0x5410, 0x4b8f, 0x434e,
0x430d, 0x432d, 0x4b2d, 0x2946, 0x2125, 0x20e4, 0x18c3, 0x18e3, 0x2104, 0x2925,
0x20e4, 0x328a, 0x33cf, 0x08a3, 0x0041, 0x0041, 0x0021, 0x0041, 0x0041, 0x0041,
0x0082, 0x0082, 0x0041, 0x0041, 0x0041, 0x1166, 0x56b9, 0x4679, 0x3638, 0x35f7,
0x2d95, 0x2d55, 
0xb9d7, 0x99b3, 0x518d, 0x324d, 0x3b93, 0x4476, 0x4476, 0x3392, 0x222c, 0x1989,
0x1968, 0x1968, 0x21a9, 0x298a, 0x298a, 0x222c, 0x618e, 0x40c8, 0x2908, 0x40c8,
0x30c7, 0x1084, 0x1083, 0x18c6, 0x496a, 0x518a, 0x4988, 0x51c9, 0x622a, 0x6a8c,
0x6a8c, 0x730d, 0x622a, 0x48e5, 0x5106, 0x5968, 0x48a5, 0x4906, 0x6a8b, 0x6acd,
0x626b, 0x6a6b, 0x622a, 0x51c8, 0x51c9, 0x59ca, 0x7b11, 0x19c9, 0x08c6, 0x20e8,
0x314a, 0x49ce, 0x71f2, 0x61f0, 0x29cb, 0x2189, 0x2189, 0x2189, 0x298a, 0x59af,
0xa1f5, 0xb9f7, 0x81b2, 0x416b, 0x2168, 0x1988, 0x1a0b, 0x1bd2, 0x2577, 0x3e19,
0x3df9, 0x2537, 0x2145, 0x2945, 0x2945, 0x3165, 0x3185, 0x3185, 0x3165, 0x2945,
0x2125, 0x2125, 0x2125, 0x2966, 0x31e8, 0x428b, 0x4acc, 0x52ec, 0x5aec, 0xabea,
0x92c6, 0x1061, 0x18a2, 0x20c3, 0x0841, 0x3964, 0xdd2d, 0xbbc9, 0xd48b, 0xb3ca,
0x7289, 0x832b, 0x7b0b, 0x5186, 0x3083, 0x30a3, 0x38a3, 0x3082, 0x3062, 0x3082,
0x38c3, 0x38a3, 0x38a4, 0x6228, 0x834c, 0x8b4b, 0x7b2b, 0x7cb2, 0x7cb2, 0x7c92,
0x7e18, 0x2124, 0x1881, 0x2104, 0x18c3, 0x29c7, 0x6596, 0x4b6f, 0x430d, 0x4b0d,
0x42cc, 0x42cc, 0x4aab, 0x4a28, 0x2146, 0x2105, 0x1905, 0x2125, 0x2125, 0x2945,
0x3186, 0x2945, 0x2945, 0x2945, 0x4614, 0x4614, 0x4614, 0x3d72, 0x344f, 0x2aeb,
0x4bae, 0x5533, 0x4471, 0x3bae, 0x3c30, 0x5e36, 0x8fbc, 0x9fdc, 0x7719, 0x4db4,
0x55d5, 0x4d74, 0x4d94, 0x55d5, 0x444f, 0x2a8a, 0x5594, 0x5e16, 0x746f, 0x6a06,
0x7268, 0x82a8, 0x934a, 0x934a, 0x82a9, 0x6985, 0x6124, 0x6964, 0x6124, 0x58e3,
0x6144, 0x6965, 0x6924, 0x69a5, 0x82e9, 0x934a, 0x930a, 0x7a88, 0x7268, 0x6a27,
0x7c6f, 0x5e57, 0x4cb1, 0x4cf2, 0x4d12, 0x55d5, 0x5594, 0x5594, 0x4d74, 0x5e16,
0x877b, 0x9fdd, 0x877b, 0x4d74, 0x3c0f, 0x3bef, 0x4d33, 0x5cf2, 0x4b8d, 0x4c6f,
0x4d51, 0x4bed, 0x4d51, 0x4c8f, 0x4b4c, 0x434c, 0x2087, 0x38cc, 0x2889, 0x2888,
0x30a9, 0x28a8, 0x28c9, 0x28a8, 0x28c9, 0x28ca, 0x28ca, 0x496d, 0x410d, 0x390d,
0x492e, 0x5170, 0x5151, 0x9277, 0xab3a, 0xd41b, 0xf41e, 0xeafd, 0x81b4, 0x5272,
0x6ad4, 0x73f7, 0x8c98, 0x94f9, 0xa4ba, 0x84d8, 0x84d8, 0x6b75, 0x51f0, 0x410d,
0x6211, 0x6af4, 0x51b0, 0x412d, 0x51f1, 0x73f6, 0x7cb8, 0x94d9, 0xa4ba, 0x8cb8,
0x84d8, 0x6bf6, 0x5a92, 0x51d0, 0xaab8, 0xfbff, 0xf53e, 0xcb1a, 0x9b18, 0x51b2,
0x6172, 0x4950, 0x412d, 0x410d, 0x390c, 0x30eb, 0x30ca, 0x30ca, 0x28e9, 0x28ea,
0x28a8, 0x2087, 0x2888, 0x316d, 0x410e, 0x38ac, 0x2888, 0x2067, 0x834a, 0x7b09,
0x7b09, 0x7ac8, 0x72e9, 0x72a8, 0x7267, 0x7288, 0x72a8, 0xb46d, 0x9c8f, 0x5c10,
0x5b4c, 0x49c6, 0x4185, 0x4185, 0x49a6, 0x49c6, 0x4185, 0x2966, 0x2966, 0x18a3,
0x20e4, 0x2925, 0x39a7, 0x20e4, 0x1083, 0x2986, 0x51a6, 0x8ac9, 0xa38b, 0xa3ac,
0x7227, 0x5144, 0x4944, 0x38e3, 0x38e3, 0x38e3, 0x38e3, 0x38e3, 0x30c3, 0x4945,
0x59a6, 0x5165, 0x4104, 0x30c3, 0x2104, 0x2104, 0x0021, 0x0841, 0x2966, 0x31a7,
0x1083, 0x20e4, 0x18a3, 0x28e3, 0x3944, 0x3903, 0x3923, 0x52eb, 0x7513, 0xbdd3,
0xcd50, 0x93ab, 0x7ae8, 0x8329, 0x836a, 0x834a, 0x8b8a, 0x9c0c, 0x9bec, 0x9bec,
0x3229, 0x3229, 0x3229, 0x3229, 0x3a6a, 0x2166, 0x64f3, 0x64d3, 0x2a09, 0x3aab,
0x3aab, 0x32ab, 0x328a, 0x438e, 0x6575, 0x6576, 0x8e99, 0x9f1b, 0x7e58, 0x8679,
0x8679, 0x8699, 0x8699, 0x8eba, 0x9534, 0x6227, 0x7a88, 0x7267, 0x59c5, 0x4164,
0x4985, 0x59e6, 0x6a47, 0x8ac9, 0x932a, 0x8b4a, 0x7b2a, 0x6a88, 0x6a88, 0x6248,
0x28e2, 0x3103, 0xa3ec, 0x9b8c, 0x7a68, 0x2924, 0x0042, 0x28a1, 0x9e16, 0x86ba,
0x8679, 0x8679, 0xa73c, 0x6df7, 0x6596, 0x54d3, 0x3b0d, 0x32ab, 0x3aec, 0x3acb,
0x3acb, 0x3aab, 0x32ab, 0x7e79, 0x32cb, 0x2a08, 0x3249, 0x3229, 0x3229, 0x3229,
0x3229, 0x29a7, 0x69c7, 0xad14, 0xa73c, 0x7535, 0x426a, 0x31a7, 0x29a7, 0x2145,
0x3249, 0x6410, 0x7c10, 0x6a28, 0x7b8e, 0x6cb2, 0x18e4, 0x2986, 0x534e, 0x3a49,
0x1062, 0x1082, 0x1082, 0x10a3, 0x18c3, 0x10a3, 0x1082, 0x1062, 0x18a3, 0x18c3,
0x3a29, 0x3a4a, 0x28a3, 0x30e4, 0x18c3, 0x4b0c, 0x6c92, 0x6c10, 0x6c31, 0x74b3,
0x3a29, 0x20c3, 0x38e3, 0x20c3, 0x4aec, 0x31a7, 0x18c3, 0x1082, 0x1061, 0x10a2,
0x18c3, 0x18c3, 0x10a3, 0x1082, 0x1082, 0x18c3, 0x4aec, 0x4b0d, 0x2104, 0x29c7,
0x7534, 0x72eb, 0x6aaa, 0x7c71, 0x53af, 0x29c8, 0x2145, 0x29a7, 0x29a7, 0x4b0c,
0x8618, 0x9edb, 0x7c31, 0x61c7, 0x20c5, 0x28c5, 0x10a3, 0x00a2, 0x08c3, 0x08a3,
0x4908, 0x996f, 0x60c9, 0x2864, 0x4085, 0x1042, 0x1042, 0x1863, 0x2884, 0x2063,
0x2084, 0x1862, 0x0841, 0x0841, 0x0821, 0x2884, 0x51ca, 0x7330, 0x83d2, 0x7370,
0x8c54, 0x8c94, 0x7bd2, 0x5a6c, 0x7350, 0x8cd5, 0x8412, 0x83b1, 0x83f2, 0x8433,
0x8c74, 0x94b5, 0x94d6, 0x94f6, 0x94f6, 0x9d16, 0x94d6, 0x8c54, 0x8391, 0x6aad,
0x5a0b, 0x520a, 0x5a6c, 0x64f5, 0x19e8, 0x08c4, 0x10c4, 0x10e4, 0x10c4, 0x10e4,
0x18e4, 0x10e4, 0x10c4, 0x10c4, 0x10e4, 0x10c4, 0x10c4, 0x18e4, 0x2106, 0x2926,
0x2926, 0x2906, 0x20e6, 0x18c4, 0x10c4, 0x18c4, 0x38a5, 0x30a5, 0x30a5, 0x38a5,
0x40e7, 0x6129, 0x818d, 0x9271, 0x8416, 0x75ba, 0x6e9c, 0x6edc, 0x6ebc, 0x6e1b,
0x7cf8, 0x8b54, 0x9210, 0x916e, 0x93b1, 0x9af1, 0xb951, 0xc254, 0x8bf1, 0x9331,
0x6aae, 0x3188, 0x3968, 0x3127, 0x3167, 0x49ea, 0x3987, 0x20e5, 0x5a6c, 0x41c8,
0x3168, 0x41c9, 0x3147, 0x62ad, 0x6aee, 0x524b, 0x3167, 0x2906, 0x49c9, 0x41a8,
0x3988, 0x3988, 0x2906, 0x3988, 0xb3d5, 0xc315, 0x9452, 0xb253, 0xd9b5, 0xc9f4,
0xabf4, 0x89cd, 0x812c, 0x814c, 0x894d, 0x916e, 0xa990, 0xc9d3, 0xe217, 0xf238,
0xea38, 0xe1f6, 0xc1b2, 0x894d, 0x58e9, 0x40a6, 0x3085, 0x2884, 0x4144, 0x3924,
0x28c3, 0x1882, 0x20a2, 0x30e3, 0x4965, 0x4104, 0x30c3, 0x38c3, 0x4104, 0x40e4,
0x4904, 0x4904, 0x4125, 0x5acb, 0x5bcf, 0x8555, 0x334e, 0x596a, 0x68c8, 0x38c6,
0x40c7, 0x28c6, 0x28c7, 0x18c6, 0x5b4e, 0x8b2c, 0x9b4c, 0x9b2b, 0x9269, 0xa2eb,
0xab2d, 0xab6d, 0xa30b, 0xabcd, 0xb44f, 0xb44f, 0xac0e, 0xabcd, 0x9b6c, 0x932b,
0x9b2c, 0x6a08, 0x61a6, 0x8249, 0x7c10, 0x5c71, 0x640f, 0x7534, 0x7533, 0x9554,
0xbdb5, 0xc593, 0xa42e, 0x9ac9, 0x61a6, 0x38c3, 0x4104, 0x4904, 0x40e4, 0x4104,
0x38c3, 0x38c3, 0x3904, 0x4985, 0x30e3, 0x20a2, 0x1882, 0x28c3, 0x3924, 0x4144,
0x4e17, 0x3d14, 0x19a7, 0x0041, 0x0061, 0x1124, 0x226a, 0x19e7, 0x08e4, 0x0904,
0x1125, 0x1125, 0x1145, 0x21c7, 0x2a29, 0x32ab, 0x2a49, 0x334d, 0x1124, 0x0020,
0x0041, 0x0020, 0x0061, 0x08e3, 0x1145, 0x1c0f, 0x1d12, 0x2470, 0x2c71, 0x326a,
0x3a8a, 0x4b0c, 0x538e, 0x6410, 0x5c51, 0x5410, 0x4baf, 0x434e, 0x432d, 0x4b6e,
0x4b8f, 0x5c10, 0x5bd0, 0x31c8, 0x4b0c, 0x3a29, 0x2104, 0x2104, 0x2125, 0x2945,
0x2966, 0x334d, 0x2aeb, 0x0061, 0x0041, 0x0041, 0x0041, 0x0041, 0x0041, 0x0061,
0x0882, 0x08a2, 0x0061, 0x0041, 0x0061, 0x08a3, 0x3cf3, 0x4efb, 0x3617, 0x3555,
0x3514, 0x2cf3, 
0xa1b5, 0x81b2, 0x498c, 0x39cc, 0x5a71, 0x72d4, 0x72d4, 0x5a71, 0x31cc, 0x2168,
0x1968, 0x1988, 0x21a9, 0x21ca, 0x29aa, 0x2a0c, 0x420e, 0x490a, 0x314a, 0x510b,
0x40e9, 0x10a4, 0x1084, 0x08e5, 0x13b0, 0x4350, 0x41c9, 0x49c9, 0x59e9, 0x5a2a,
0x5a2a, 0x4947, 0x40a4, 0x48e6, 0x38a4, 0x3063, 0x40c5, 0x48e6, 0x40a5, 0x5168,
0x5a4b, 0x622a, 0x59e9, 0x51c9, 0x49c9, 0x528e, 0x4536, 0x1db7, 0x1cf5, 0x1390,
0x09e9, 0x08e6, 0x2108, 0x51ad, 0x49ce, 0x29aa, 0x1989, 0x2189, 0x298a, 0x59ae,
0x91f4, 0xa1f5, 0x71b1, 0x396b, 0x2168, 0x1988, 0x1a0b, 0x1bf2, 0x2dd9, 0x35d9,
0x2578, 0x1d57, 0x2145, 0x2965, 0x41c6, 0x2965, 0x3165, 0x2965, 0x2945, 0x2945,
0x2125, 0x2125, 0x2125, 0x2166, 0x31e8, 0x428b, 0x4aec, 0x52ec, 0x5b0c, 0xb40b,
0x92e6, 0x0841, 0x18a2, 0x20c3, 0x18a2, 0x0821, 0x9389, 0xd4ab, 0xbc0a, 0xc42a,
0x7a88, 0x72ca, 0x7b2b, 0x6a49, 0x5946, 0x6187, 0x7a0a, 0x7a8b, 0x7a8c, 0x82ac,
0x826b, 0x6988, 0x6167, 0x832c, 0x8b8d, 0x82ea, 0x7b4c, 0x7cb3, 0x7451, 0x85b6,
0x4b8d, 0x1000, 0x20c3, 0x2104, 0x18c3, 0x3249, 0x6df8, 0x4b8f, 0x430d, 0x42ed,
0x42cc, 0x42cc, 0x4aab, 0x39e8, 0x2146, 0x2125, 0x1905, 0x2965, 0x2145, 0x2945,
0x41c6, 0x2125, 0x2945, 0x2945, 0x33ce, 0x33ce, 0x33ce, 0x33ce, 0x2b6d, 0x32eb,
0x4bce, 0x5533, 0x4470, 0x3bae, 0x3c2f, 0x5e16, 0x8fbc, 0x9fdc, 0x771a, 0x4d94,
0x4e15, 0x55f5, 0x4d73, 0x55b4, 0x5574, 0x32aa, 0x4d12, 0x5df6, 0x6df5, 0x6ac9,
0x6a27, 0x7288, 0x82e9, 0x9b8b, 0xa40d, 0x9b4a, 0x9288, 0xaaea, 0xab4c, 0xab0b,
0xab4c, 0xa2c9, 0x9288, 0x934b, 0x9bcc, 0x936b, 0x82c9, 0x7268, 0x6a27, 0x72c9,
0x6df5, 0x55f5, 0x4cb1, 0x4cf2, 0x55b5, 0x55d5, 0x55d5, 0x4d94, 0x4d73, 0x5e16,
0x877b, 0x9fdd, 0x877b, 0x4d74, 0x3c0f, 0x3bef, 0x4d33, 0x54f2, 0x4b8d, 0x434c,
0x432c, 0x4b4c, 0x432c, 0x434c, 0x4b6d, 0x436c, 0x2087, 0x30cb, 0x28aa, 0x30a9,
0x40eb, 0x28a9, 0x28a9, 0x38ca, 0x38ca, 0x28ca, 0x30ca, 0x496d, 0x410c, 0x38ed,
0x412e, 0x494f, 0x5151, 0x61d4, 0x52b5, 0xa318, 0xec3d, 0xca3b, 0xc27a, 0x51f1,
0x5a52, 0x6b55, 0x7bd6, 0x8477, 0x94b9, 0x84d8, 0x8d9a, 0x6bb4, 0x306a, 0x2867,
0x30aa, 0x38cc, 0x30aa, 0x2067, 0x38cb, 0x7cb7, 0x8539, 0x84d8, 0x8c98, 0x8438,
0x7c16, 0x6374, 0x5210, 0x71d3, 0xdadc, 0xdb3c, 0xe4dd, 0x7a15, 0x51f3, 0x51b1,
0x6172, 0x5150, 0x494f, 0x410d, 0x390c, 0x30eb, 0x30ca, 0x30ca, 0x28e9, 0x30c9,
0x28c9, 0x28a8, 0x28a9, 0x316d, 0x410e, 0x38ac, 0x2888, 0x2087, 0x72a7, 0x6247,
0x5206, 0x72e9, 0x7287, 0x836b, 0x95b5, 0x73cd, 0x730a, 0xae35, 0xaf5b, 0x428a,
0x3924, 0x4185, 0x41a5, 0x49c6, 0x51e6, 0x5206, 0x51e6, 0x3985, 0x31a7, 0x2945,
0x18c4, 0x2925, 0x39c7, 0x2125, 0x0842, 0x2104, 0x31c7, 0x61e6, 0x9b0a, 0xa3cc,
0x932a, 0x69e6, 0x59a5, 0x5164, 0x4104, 0x38e3, 0x38e3, 0x38e3, 0x4124, 0x59a6,
0x59a6, 0x4944, 0x40e3, 0x2904, 0x2966, 0x0862, 0x0821, 0x0862, 0x3166, 0x2925,
0x1082, 0x20e4, 0x18a3, 0x41c6, 0x5269, 0x41c6, 0x3944, 0x3923, 0x41e6, 0xa636,
0xce13, 0x942e, 0x7c4f, 0x8bed, 0x7ac7, 0x72a8, 0x6aa8, 0x9349, 0xd5d1, 0x8329,
0x3229, 0x3229, 0x3249, 0x3249, 0x3a8a, 0x2166, 0x64f3, 0x64d3, 0x2a29, 0x3aab,
0x3acb, 0x32ab, 0x328a, 0x438f, 0x6575, 0x6576, 0x8e99, 0x9f1b, 0x7e58, 0x8699,
0x8699, 0x8699, 0x8e99, 0x8699, 0xa71c, 0x734c, 0x6206, 0x7288, 0x8b4a, 0xac4e,
0xb4af, 0xbcf0, 0xac6e, 0x9bac, 0x8b6b, 0x834b, 0x7b0a, 0x6a88, 0x5a27, 0x30e3,
0x28a2, 0x82e9, 0xb46e, 0x934a, 0x7247, 0x2924, 0x0021, 0x4a06, 0xa678, 0x869a,
0x8699, 0x8699, 0xa75c, 0x6df7, 0x6596, 0x54d3, 0x3b2d, 0x32ab, 0x3aec, 0x3acc,
0x3acb, 0x3aab, 0x3aab, 0x7e79, 0x32cb, 0x2a08, 0x326a, 0x3229, 0x3229, 0x3229,
0x3249, 0x29c7, 0x9659, 0x7e18, 0x4b4d, 0x2966, 0x3a6a, 0x3208, 0x2966, 0x10a3,
0x18a3, 0x18c3, 0x4b4d, 0x8df7, 0x8e38, 0x4b6e, 0x18c3, 0x20e4, 0x4b2d, 0x4b0c,
0x10a3, 0x1082, 0x10a2, 0x18e4, 0x1082, 0x10a2, 0x1082, 0x1082, 0x1062, 0x18a3,
0x18c3, 0x428b, 0x4acb, 0x18c3, 0x20e3, 0x3a29, 0x7d35, 0x8576, 0x8596, 0x74d3,
0x2986, 0x18e3, 0x2124, 0x5baf, 0x31e8, 0x18a3, 0x10a2, 0x1062, 0x1082, 0x18a3,
0x10a2, 0x10a2, 0x18e4, 0x10a2, 0x1061, 0x2166, 0x5baf, 0x42ab, 0x18a2, 0x2165,
0x5c51, 0x8e18, 0x95f7, 0x42cc, 0x10a3, 0x18c3, 0x18c3, 0x2986, 0x3209, 0x3a49,
0x3a49, 0x5c51, 0x8639, 0x8df7, 0x1105, 0x1105, 0x1925, 0x1926, 0x1925, 0x2947,
0x696c, 0xa990, 0x3885, 0x48a7, 0x40a6, 0x1042, 0x1862, 0x2884, 0x2864, 0x2083,
0x2063, 0x0821, 0x1062, 0x0841, 0x0821, 0x2063, 0x51aa, 0x6aee, 0x83b2, 0x7bf2,
0x8c74, 0x8433, 0x7bd1, 0x628d, 0x732f, 0x8c94, 0x83d2, 0x7b91, 0x83f2, 0x8433,
0x8c74, 0x8c95, 0x94b5, 0x94b5, 0x94b5, 0x9495, 0x8c33, 0x83b1, 0x730f, 0x624c,
0x59ea, 0x5a4b, 0x5aee, 0x5d76, 0x2a0a, 0x21a8, 0x21c8, 0x21a8, 0x21a8, 0x31c9,
0x39ea, 0x29c9, 0x21a8, 0x21a8, 0x21a8, 0x21a8, 0x21a8, 0x41eb, 0x7a91, 0x9313,
0x9313, 0x92b3, 0x7230, 0x41ca, 0x39ca, 0x41eb, 0x38a6, 0x30a5, 0x30a5, 0x40c6,
0x48e7, 0x692a, 0x818d, 0x9271, 0x8416, 0x75ba, 0x6e9c, 0x6ebc, 0x6e9c, 0x6e1b,
0x7cf8, 0x8b34, 0x9291, 0x99af, 0x824e, 0x9412, 0x92b0, 0x620c, 0x3947, 0x4a0a,
0x3147, 0x41ca, 0x41c9, 0x41a9, 0x2926, 0x1883, 0x30e6, 0x3147, 0x8bd1, 0x3988,
0x3968, 0x520b, 0x6acd, 0x6aee, 0x49ea, 0x6acd, 0x5a8c, 0x1884, 0x3907, 0x1883,
0x3147, 0x41a9, 0x39a9, 0x41c9, 0x4a0b, 0x4a0a, 0x520a, 0x8a2f, 0xd276, 0xb3d4,
0x8b70, 0x80cb, 0x792b, 0x816c, 0x894d, 0x916e, 0xa990, 0xc9d3, 0xe217, 0xea38,
0xea17, 0xe1f6, 0xc1b2, 0x894d, 0x60e9, 0x40a6, 0x3085, 0x2884, 0x4144, 0x3924,
0x28c3, 0x1882, 0x20a2, 0x30e3, 0x4965, 0x4104, 0x30c3, 0x38c3, 0x4104, 0x4104,
0x4904, 0x4904, 0x40e4, 0x6228, 0x738d, 0x7c71, 0xa678, 0x5b70, 0x68a8, 0x40e7,
0x40a7, 0x41ca, 0x320b, 0x2988, 0x4b4e, 0x7c72, 0x828a, 0x92ea, 0x8289, 0x71c6,
0x6985, 0x71a6, 0x8aca, 0xabad, 0xb40e, 0xb42f, 0xabee, 0xabad, 0x8ac9, 0x92ea,
0x69c7, 0x5124, 0x828a, 0x8aaa, 0x83cf, 0x3a8a, 0x1841, 0x20a2, 0x3164, 0x5b2b,
0x8d95, 0xb616, 0xa42e, 0x92c9, 0x61a6, 0x38c3, 0x4104, 0x4904, 0x40e4, 0x4104,
0x38c3, 0x38c3, 0x3904, 0x4965, 0x30e3, 0x20a2, 0x1882, 0x28c3, 0x3924, 0x4144,
0x2bf0, 0x2b6e, 0x08e4, 0x0061, 0x0041, 0x08a2, 0x11a6, 0x19e8, 0x0904, 0x0904,
0x1124, 0x1124, 0x1166, 0x21e8, 0x2a4a, 0x32ab, 0x334d, 0x2aeb, 0x0020, 0x0041,
0x0021, 0x0041, 0x0041, 0x08c3, 0x1124, 0x11a7, 0x1d13, 0x24f2, 0x2c71, 0x2aab,
0x32ec, 0x42ec, 0x538e, 0x5bef, 0x53cf, 0x438f, 0x436e, 0x4b8f, 0x53d0, 0x5c10,
0x5b8f, 0x4aab, 0x4a6a, 0x4aec, 0x536e, 0x3a08, 0x2986, 0x2966, 0x2125, 0x29a7,
0x328a, 0x338e, 0x1a08, 0x00a2, 0x0062, 0x0041, 0x0041, 0x0041, 0x0041, 0x0061,
0x08a2, 0x08a2, 0x0062, 0x0041, 0x0061, 0x0882, 0x22cb, 0x4eba, 0x35d7, 0x35b6,
0x3555, 0x2cd3, 
0x698f, 0x596e, 0x396a, 0x418c, 0x79d1, 0x9a14, 0x99f5, 0x79d1, 0x398c, 0x2168,
0x1968, 0x1988, 0x21a9, 0x21ca, 0x21eb, 0x220c, 0x324e, 0x618e, 0x3108, 0x40ea,
0x590c, 0x18c6, 0x08a4, 0x0906, 0x1d77, 0x2619, 0x32ee, 0x41c9, 0x51c9, 0x5a2a,
0x6acc, 0x6a8c, 0x69ea, 0x7a4d, 0x8af0, 0x828e, 0x8acf, 0x7a2d, 0x69ca, 0x6a8c,
0x6a8c, 0x5a09, 0x51c8, 0x49c9, 0x426d, 0x34f5, 0x1df8, 0x2618, 0x2639, 0x2619,
0x25d8, 0x1cb4, 0x126c, 0x10e6, 0x3129, 0x498d, 0x31ab, 0x19a9, 0x29aa, 0x41ac,
0x61cf, 0x69d0, 0x49ad, 0x296a, 0x2168, 0x1968, 0x19ea, 0x23b1, 0x2577, 0x2537,
0x1cd6, 0x1d16, 0x2946, 0x3166, 0x41c6, 0x3165, 0x2965, 0x2945, 0x2945, 0x2145,
0x2125, 0x2125, 0x2125, 0x2966, 0x31e8, 0x428b, 0x4aec, 0x4aec, 0x5b0c, 0xb40b,
0x82c6, 0x0841, 0x18c3, 0x20e3, 0x18a2, 0x1061, 0x18a2, 0xb42a, 0xcc4a, 0xbc0a,
0x8ae9, 0x6a69, 0x7aca, 0x832b, 0x6a28, 0x5126, 0x6188, 0x7a4b, 0x828c, 0x7a2a,
0x6187, 0x5967, 0x7aca, 0x834c, 0x830b, 0x7aca, 0x73ae, 0x7451, 0x8534, 0x6492,
0x1041, 0x1881, 0x20c3, 0x2924, 0x18c3, 0x3269, 0x6e18, 0x4bb0, 0x430d, 0x42ed,
0x42cc, 0x42cc, 0x3a6a, 0x29c8, 0x2146, 0x2125, 0x2125, 0x1925, 0x2125, 0x2125,
0x2945, 0x2125, 0x2945, 0x2965, 0x436d, 0x438d, 0x438d, 0x438d, 0x438d, 0x436d,
0x4bce, 0x5533, 0x4470, 0x3bae, 0x3c2f, 0x5e16, 0x8fbc, 0x9fdc, 0x7719, 0x4d94,
0x4db4, 0x4dd4, 0x4d74, 0x5594, 0x55f5, 0x440f, 0x4470, 0x55d5, 0x55f6, 0x6d32,
0x6a47, 0x6a47, 0x7aa8, 0x8b2a, 0x934a, 0x8b4a, 0x82c9, 0x8247, 0x8227, 0x8a47,
0x8207, 0x7a27, 0x82c8, 0x8b2a, 0x8b2a, 0x82e9, 0x7a88, 0x6a47, 0x6a47, 0x7553,
0x5e16, 0x5dd5, 0x4c90, 0x5574, 0x55b4, 0x55f5, 0x55f5, 0x4d74, 0x4d73, 0x55f5,
0x877b, 0x9ffd, 0x877b, 0x4d74, 0x3c0f, 0x3bef, 0x4d33, 0x54f2, 0x4b8d, 0x4b6d,
0x434c, 0x4b4c, 0x434c, 0x434c, 0x4b6d, 0x436c, 0x2087, 0x30ab, 0x30ab, 0x38ca,
0x40eb, 0x28a9, 0x30aa, 0x40cc, 0x410c, 0x28ea, 0x30ea, 0x414d, 0x392d, 0x390d,
0x412e, 0x4970, 0x5991, 0x61b3, 0x4a33, 0x7a55, 0xf49e, 0xa9b8, 0xc23a, 0x89f4,
0x51f0, 0x6314, 0x7395, 0x7c17, 0x84b8, 0x8d39, 0x8dda, 0x8539, 0x416d, 0x3048,
0x30aa, 0x38cb, 0x3089, 0x3069, 0x5250, 0x857a, 0x8d9a, 0x84f8, 0x8477, 0x7bf7,
0x7395, 0x5af3, 0x51d0, 0xaa38, 0xba1a, 0xd35b, 0xdcbc, 0x6153, 0x51b2, 0x5191,
0x5951, 0x49b0, 0x416e, 0x412d, 0x392c, 0x30eb, 0x390b, 0x30ea, 0x28ea, 0x28ea,
0x28e9, 0x28e9, 0x28aa, 0x394d, 0x410e, 0x30aa, 0x2888, 0x30aa, 0x6a88, 0x6267,
0x6247, 0x6a26, 0x8c6f, 0xa6fa, 0x6431, 0x5bcf, 0x6430, 0x7df7, 0x5bef, 0x31c7,
0x28e3, 0x49a5, 0x49c6, 0x5206, 0x5a27, 0x5a47, 0x5a27, 0x49c6, 0x31a7, 0x3a08,
0x2125, 0x20e4, 0x31a7, 0x2925, 0x0862, 0x10a3, 0x2945, 0x3a08, 0x6a27, 0x9309,
0xa38b, 0x8288, 0x61c6, 0x59a5, 0x4924, 0x4104, 0x4104, 0x4104, 0x5185, 0x61e7,
0x5185, 0x4104, 0x3924, 0x39c7, 0x18a3, 0x0841, 0x0841, 0x1082, 0x3186, 0x18e4,
0x1082, 0x20e4, 0x20c3, 0x41c6, 0x5269, 0x5a89, 0x5269, 0x49e7, 0x3944, 0x6cb2,
0x96b9, 0x426a, 0x3a4a, 0x9699, 0x8cd0, 0x6a46, 0x6a67, 0x8b29, 0x9baa, 0x7ae8,
0x3249, 0x3249, 0x3249, 0x3249, 0x3a8a, 0x2166, 0x64f3, 0x64f3, 0x2a29, 0x3aab,
0x3acb, 0x32ab, 0x328b, 0x43af, 0x6575, 0x6576, 0x8e9a, 0x9f1b, 0x7e59, 0x8699,
0x8699, 0x8e99, 0x8eba, 0x8eba, 0x7c70, 0x7c30, 0x5a07, 0x832b, 0xa40d, 0xb4af,
0xbd10, 0xbd10, 0xb4f0, 0xa46e, 0x93cc, 0x836b, 0x72e9, 0x51e6, 0x28c2, 0x30c2,
0x59c5, 0xac4e, 0xac2d, 0x8b09, 0x41a5, 0x10a3, 0x20e2, 0x6aa7, 0x8575, 0x8edb,
0x8699, 0x8699, 0xa75c, 0x6df7, 0x6596, 0x54d3, 0x3b2d, 0x32cb, 0x3aec, 0x3aec,
0x3acc, 0x3aab, 0x3acb, 0x7e79, 0x32cb, 0x2a09, 0x326a, 0x3249, 0x3249, 0x3229,
0x3249, 0x29c7, 0x536e, 0x31a7, 0x2145, 0x2986, 0x3a29, 0x31e8, 0x2145, 0x10a3,
0x10a3, 0x2186, 0x430c, 0x4b6d, 0x42ec, 0x29c7, 0x18e4, 0x1082, 0x428a, 0x5bd0,
0x2165, 0x0861, 0x18e3, 0x18c3, 0x1082, 0x10a2, 0x10a2, 0x1082, 0x1082, 0x1062,
0x18c3, 0x20e4, 0x4acb, 0x2125, 0x18e3, 0x2966, 0x5b2d, 0x532d, 0x5b6d, 0x532d,
0x2124, 0x18c3, 0x31a7, 0x4aab, 0x18a3, 0x18a3, 0x0861, 0x1082, 0x1082, 0x18a3,
0x10a2, 0x1082, 0x18e3, 0x18c3, 0x0861, 0x3a8a, 0x6411, 0x31c7, 0x1082, 0x2145,
0x2a08, 0x42cb, 0x536d, 0x42ab, 0x2145, 0x10a3, 0x10a3, 0x2966, 0x3208, 0x3a29,
0x29a7, 0x29c7, 0x3a49, 0x6472, 0x1946, 0x1967, 0x1967, 0x2167, 0x1966, 0x49aa,
0x81ae, 0xa990, 0x2864, 0x790b, 0x40a6, 0x1042, 0x2864, 0x3885, 0x2063, 0x2083,
0x1021, 0x1062, 0x1062, 0x1041, 0x0821, 0x1042, 0x5169, 0x628d, 0x7b91, 0x83f2,
0x8c53, 0x8c33, 0x83d2, 0x62ad, 0x732f, 0x8c33, 0x8391, 0x7b50, 0x7b70, 0x83f2,
0x8c53, 0x8c74, 0x8c74, 0x8c74, 0x8c54, 0x8c13, 0x83b1, 0x7b50, 0x6aad, 0x5a0b,
0x5a2b, 0x5a6c, 0x5b70, 0x5536, 0x2a0b, 0x322b, 0x2a2b, 0x2a0b, 0x2a0b, 0x3a2c,
0x4a6d, 0x3a4c, 0x2a0a, 0x2a2a, 0x2a0a, 0x2a0a, 0x322b, 0x5a6f, 0xab97, 0xd4bb,
0xd4db, 0xcbda, 0xa2b5, 0x524e, 0x4a6e, 0x528e, 0x38a6, 0x30a5, 0x38c5, 0x48c7,
0x5908, 0x692a, 0x818d, 0x9271, 0x8436, 0x75ba, 0x669c, 0x66bc, 0x6e9c, 0x6e1b,
0x74d8, 0x8b14, 0xabd4, 0xa434, 0x59ca, 0x628c, 0x524b, 0x20c4, 0x2905, 0x3988,
0x524c, 0x62ce, 0x4a0b, 0x41ca, 0x2105, 0x3126, 0x82af, 0x72ee, 0x49a9, 0x20c5,
0x3988, 0x522a, 0x730e, 0x6ace, 0x4a2a, 0x28c5, 0x628c, 0x7ace, 0x728e, 0x20e5,
0x2926, 0x41ea, 0x5a8d, 0x524c, 0x522c, 0x39a9, 0x2906, 0x2946, 0x62ac, 0x7b90,
0x720c, 0xaaf2, 0x928f, 0x80eb, 0x896d, 0x916e, 0xa190, 0xc9d3, 0xe216, 0xea17,
0xea17, 0xd9f6, 0xb9b2, 0x894d, 0x60e9, 0x40a6, 0x3085, 0x2884, 0x4144, 0x3924,
0x28c3, 0x1882, 0x20a2, 0x28e3, 0x4964, 0x3904, 0x30c3, 0x30c3, 0x4104, 0x40e4,
0x4904, 0x4904, 0x40e4, 0x61c7, 0x934b, 0x842f, 0xadb5, 0x95b6, 0x5929, 0x60e9,
0x48c8, 0x41eb, 0x7d75, 0x6c72, 0x8db6, 0x9658, 0x8450, 0x8a89, 0x930b, 0xa3ad,
0xbc90, 0xc512, 0xc4f2, 0xbcd1, 0xbc90, 0xb44f, 0xabee, 0x932b, 0x7206, 0x5965,
0x5104, 0x7a28, 0x9b2c, 0x92aa, 0x59e7, 0x324a, 0x18e4, 0x10a3, 0x1083, 0x1841,
0x4984, 0x95b4, 0xa490, 0x92c9, 0x61a6, 0x38e3, 0x4104, 0x4904, 0x40e4, 0x4104,
0x38c3, 0x30c3, 0x3904, 0x4965, 0x30e3, 0x20a2, 0x1882, 0x28c3, 0x3924, 0x4144,
0x2b6e, 0x2b4d, 0x1186, 0x0041, 0x0041, 0x0062, 0x08a2, 0x1166, 0x1125, 0x0904,
0x1124, 0x0904, 0x1986, 0x2a09, 0x2a29, 0x32cb, 0x3bf0, 0x1186, 0x0041, 0x0082,
0x0061, 0x0061, 0x0061, 0x10e3, 0x1124, 0x1145, 0x1b6d, 0x2513, 0x2410, 0x2491,
0x2db5, 0x42ab, 0x536e, 0x5baf, 0x4b8e, 0x434d, 0x42ec, 0x4b4e, 0x42ab, 0x3166,
0x20c3, 0x20a3, 0x2904, 0x2925, 0x20c3, 0x20a3, 0x2104, 0x2986, 0x2945, 0x2a08,
0x3bae, 0x336d, 0x0945, 0x0061, 0x0061, 0x0041, 0x0041, 0x0041, 0x0041, 0x0061,
0x08a2, 0x08a2, 0x0882, 0x0081, 0x0061, 0x08a2, 0x1145, 0x3db6, 0x3e59, 0x35d7,
0x3534, 0x2cb3, 
0x596d, 0x516c, 0x396a, 0x398b, 0x69af, 0x81d2, 0x89d2, 0x69af, 0x398b, 0x2168,
0x1968, 0x2169, 0x21a9, 0x21cb, 0x21eb, 0x420e, 0x49ad, 0x394a, 0x30c8, 0x126c,
0x59cf, 0x28e8, 0x0926, 0x122a, 0x1bf1, 0x267a, 0x1d56, 0x32ce, 0x49c9, 0x51e9,
0x5a09, 0x5a2a, 0x51c9, 0x5168, 0x6189, 0x6189, 0x5147, 0x4927, 0x51a8, 0x59e9,
0x59e9, 0x51c9, 0x49a8, 0x422b, 0x2c94, 0x1e19, 0x1dd8, 0x25f8, 0x1dd8, 0x25d8,
0x25d8, 0x25f8, 0x25f8, 0x1c52, 0x0947, 0x18e7, 0x498c, 0x41cc, 0x19ca, 0x2a0c,
0x322d, 0x322d, 0x29cb, 0x2189, 0x1968, 0x1968, 0x19a9, 0x1aad, 0x23f2, 0x23d1,
0x1b71, 0x1b91, 0x2966, 0x2965, 0x2965, 0x2965, 0x2945, 0x2945, 0x2145, 0x2145,
0x2125, 0x2125, 0x2125, 0x2966, 0x31e8, 0x428b, 0x4acc, 0x4aec, 0x630b, 0xbc2a,
0x7a65, 0x0841, 0x20c3, 0x20e3, 0x1882, 0x1882, 0x0841, 0x20e2, 0xc48b, 0xcc4a,
0x9b08, 0x6a48, 0x72a9, 0x7289, 0x6a89, 0x59c6, 0x4104, 0x38a3, 0x3882, 0x38a3,
0x4104, 0x6228, 0x7aa9, 0x7aa9, 0x7aca, 0x72ca, 0x73cf, 0x7cd3, 0x6cd3, 0x18a2,
0x1061, 0x1882, 0x20c3, 0x2924, 0x18c3, 0x2a08, 0x6e39, 0x5411, 0x430d, 0x42ed,
0x42cc, 0x42ac, 0x3a6a, 0x29c8, 0x2146, 0x2145, 0x2125, 0x2965, 0x2125, 0x2125,
0x2125, 0x2125, 0x2945, 0x2965, 0x432c, 0x432c, 0x434c, 0x4b6d, 0x4bad, 0x4bcd,
0x4bce, 0x5533, 0x4470, 0x33ae, 0x3c2f, 0x5e16, 0x8fbc, 0x9fdc, 0x7719, 0x4d94,
0x4d53, 0x4d73, 0x4d94, 0x5594, 0x55b4, 0x5594, 0x440f, 0x55d5, 0x5e36, 0x5df6,
0x640e, 0x6a27, 0x7268, 0x7ac9, 0x8b0a, 0x8b0a, 0x82c9, 0x6a26, 0x61a5, 0x61c5,
0x59c5, 0x6a06, 0x82a8, 0x82e9, 0x82e9, 0x7aa8, 0x7267, 0x6a47, 0x6c2e, 0x55f5,
0x5e36, 0x55b5, 0x4c91, 0x55d5, 0x55b4, 0x55b4, 0x5594, 0x4d74, 0x4d73, 0x55f5,
0x877b, 0x9fdd, 0x877b, 0x4d74, 0x3c0f, 0x3bef, 0x4d33, 0x54f2, 0x4b8d, 0x4c6f,
0x4d51, 0x4bed, 0x4d30, 0x4c8e, 0x4b4c, 0x434c, 0x2087, 0x28a9, 0x30cc, 0x30ca,
0x40cb, 0x28a9, 0x38cb, 0x50ee, 0x490e, 0x312b, 0x30eb, 0x30eb, 0x392d, 0x392d,
0x496f, 0x51d1, 0x61b3, 0x69b4, 0x5254, 0x69d4, 0xe45d, 0xb239, 0x99b6, 0xa9f8,
0x59b0, 0x5ab3, 0x6b34, 0x73d6, 0x8498, 0x8d59, 0x8d7a, 0x8dba, 0x7cb8, 0x5230,
0x390c, 0x3049, 0x498e, 0x6353, 0x7d19, 0x8559, 0x8599, 0x8539, 0x7c97, 0x73d6,
0x6314, 0x5251, 0x79d3, 0xb239, 0x9196, 0xdbbc, 0xc3db, 0x6954, 0x5213, 0x51d2,
0x5951, 0x4a11, 0x412d, 0x412d, 0x392c, 0x30eb, 0x38eb, 0x38eb, 0x394c, 0x294a,
0x294b, 0x296b, 0x30eb, 0x390d, 0x490e, 0x28a9, 0x28a9, 0x30cb, 0x6247, 0x6267,
0x6247, 0x8d74, 0x96da, 0x530c, 0x39c7, 0x3a09, 0x31c7, 0x18a3, 0x2104, 0x2945,
0x2125, 0x3944, 0x51e6, 0x5a27, 0x6268, 0x6267, 0x5a27, 0x51e6, 0x41a6, 0x3a29,
0x39e8, 0x18c4, 0x3186, 0x2945, 0x0842, 0x10a3, 0x18e4, 0x31a7, 0x39c7, 0x69e6,
0x932a, 0x930a, 0x69e6, 0x61c6, 0x5985, 0x5165, 0x5164, 0x5144, 0x61e6, 0x61e6,
0x4944, 0x4104, 0x3145, 0x2125, 0x0862, 0x1062, 0x0862, 0x10a3, 0x3186, 0x10a3,
0x18a3, 0x2104, 0x20c3, 0x4a28, 0x5269, 0x49e7, 0x5248, 0x5a89, 0x4a48, 0x2925,
0x2986, 0x1904, 0x2104, 0x426a, 0x8638, 0x9616, 0x7288, 0x6226, 0x5a47, 0x6247,
0x3249, 0x3249, 0x3249, 0x3249, 0x3a8a, 0x2166, 0x6514, 0x64f3, 0x2a49, 0x3acb,
0x3acc, 0x3acb, 0x32ab, 0x4baf, 0x6575, 0x6576, 0x8e9a, 0x9f1b, 0x7e79, 0x8699,
0x8699, 0x8699, 0x971b, 0x740e, 0x1061, 0x634d, 0x5a89, 0x72a8, 0x9bec, 0xa42e,
0x9bed, 0xac8f, 0xac8f, 0x9bed, 0x834b, 0x7b0a, 0x51e6, 0x20a2, 0x30c2, 0x4124,
0x8b4a, 0xbcaf, 0xa3cc, 0x5207, 0x10c3, 0x1082, 0x6aa7, 0x3122, 0x5bcf, 0x9f3c,
0x8679, 0x8699, 0xa75c, 0x75f7, 0x6596, 0x54f3, 0x3b2d, 0x32cc, 0x3b0c, 0x3aec,
0x3acc, 0x3acb, 0x3acc, 0x7e79, 0x3aec, 0x3229, 0x3a6a, 0x3249, 0x3249, 0x3249,
0x324a, 0x29c7, 0x2945, 0x2986, 0x4186, 0x2966, 0x3a29, 0x31e8, 0x2125, 0x1082,
0x1904, 0x2145, 0x2104, 0x18c3, 0x18c3, 0x2104, 0x18e3, 0x1082, 0x31c7, 0x74f4,
0x42ab, 0x1061, 0x18e4, 0x10a2, 0x1082, 0x18a3, 0x18a3, 0x1082, 0x1082, 0x1062,
0x1062, 0x18c3, 0x18c3, 0x18c3, 0x20e4, 0x2904, 0x1882, 0x18a2, 0x1882, 0x20a2,
0x2904, 0x18e3, 0x18c3, 0x20c3, 0x18a3, 0x0861, 0x1082, 0x1082, 0x1082, 0x18c3,
0x18a2, 0x1082, 0x18c3, 0x18c3, 0x10a2, 0x6431, 0x6c72, 0x1904, 0x18a2, 0x1904,
0x2124, 0x18e3, 0x18c3, 0x1904, 0x2145, 0x18e4, 0x10a2, 0x2165, 0x3208, 0x3209,
0x3186, 0x39a6, 0x29a7, 0x31a7, 0x1947, 0x1967, 0x1967, 0x2167, 0x1967, 0x59ab,
0x81ce, 0x998e, 0x3085, 0xa16f, 0x40a6, 0x1842, 0x40a6, 0x3085, 0x2083, 0x1842,
0x0821, 0x1082, 0x1062, 0x1062, 0x1041, 0x0020, 0x4107, 0x5a0b, 0x730f, 0x83b1,
0x8413, 0x8c33, 0x83f2, 0x6aad, 0x7b70, 0x9474, 0x8bd2, 0x8350, 0x8391, 0x7bb1,
0x8412, 0x8413, 0x8413, 0x8413, 0x83f2, 0x7b91, 0x7b50, 0x6ace, 0x624c, 0x5a0b,
0x5a6c, 0x5a6c, 0x5bd1, 0x5536, 0x324c, 0x326c, 0x2a0b, 0x29ea, 0x2a0b, 0x3a4c,
0x4a6d, 0x3a4c, 0x322b, 0x322b, 0x322b, 0x2a0b, 0x322b, 0x5a6f, 0xabb7, 0xd53b,
0xd53b, 0xcbd9, 0x9ab5, 0x524e, 0x4a6d, 0x526e, 0x38a5, 0x30a5, 0x38c6, 0x48e7,
0x5909, 0x712b, 0x818d, 0x9271, 0x8436, 0x75da, 0x669c, 0x66bc, 0x6e9c, 0x765c,
0x857a, 0x8bf4, 0x5a4b, 0x3187, 0x2906, 0x3126, 0x20e5, 0x20c4, 0x4a0a, 0x7b91,
0x526d, 0x62ce, 0x4a2b, 0x41ea, 0x18c4, 0x4168, 0x9392, 0x7aaf, 0x726e, 0x8350,
0x59cb, 0x5a0b, 0x6a6c, 0x59aa, 0x622c, 0x7aae, 0x7acf, 0x9bf3, 0x8310, 0x20c5,
0x2926, 0x4a2b, 0x5aae, 0x62ce, 0x5a8d, 0x7350, 0x41c9, 0x20a4, 0x2926, 0x4168,
0x3126, 0x62ed, 0x7b4f, 0x8a6e, 0x892c, 0x914d, 0xa190, 0xc9d3, 0xe216, 0xea17,
0xea17, 0xd9f6, 0xb9b2, 0x914d, 0x60e9, 0x40c6, 0x3085, 0x2884, 0x4144, 0x3924,
0x28c3, 0x1882, 0x20a2, 0x28e3, 0x4964, 0x3904, 0x30c3, 0x30c3, 0x4104, 0x40e4,
0x4904, 0x4104, 0x38e3, 0x61a6, 0x92ea, 0xac4e, 0xbd93, 0xb5d4, 0x6b90, 0x7889,
0x596a, 0x5390, 0x7492, 0xb678, 0x9e37, 0xa6da, 0x8eba, 0x8bae, 0xa34b, 0xc4d1,
0xd574, 0xddd5, 0xd5b4, 0xc532, 0xbc90, 0xb40e, 0x8aea, 0x59a5, 0x5104, 0x5125,
0x69a6, 0x9b2c, 0xa34c, 0x61e7, 0x18c3, 0x1905, 0x18a3, 0x18a3, 0x18a3, 0x0863,
0x4963, 0x9593, 0x9cf2, 0x92c9, 0x61a6, 0x38c3, 0x40e4, 0x4104, 0x40e4, 0x40e4,
0x30c3, 0x30c3, 0x3904, 0x4965, 0x30e3, 0x20a2, 0x1882, 0x28c3, 0x3924, 0x4144,
0x3c51, 0x2b2d, 0x228a, 0x0862, 0x0041, 0x0062, 0x0882, 0x08a3, 0x08e3, 0x08e3,
0x0904, 0x0904, 0x21c7, 0x2a08, 0x21c7, 0x2a6a, 0x2a69, 0x0020, 0x0041, 0x0021,
0x0020, 0x0041, 0x0041, 0x08a2, 0x1104, 0x1104, 0x1bce, 0x2491, 0x2470, 0x23ef,
0x2cd2, 0x3a8a, 0x4b4d, 0x538e, 0x4b4d, 0x3a49, 0x31c7, 0x2966, 0x2925, 0x3186,
0x3186, 0x2945, 0x20e4, 0x1082, 0x1082, 0x18a2, 0x1882, 0x18c3, 0x2124, 0x2a28,
0x33ce, 0x2bef, 0x0944, 0x0041, 0x0041, 0x0041, 0x0041, 0x0041, 0x0041, 0x0061,
0x08a3, 0x08a3, 0x08a2, 0x0061, 0x0041, 0x0882, 0x08a3, 0x3451, 0x46ba, 0x35f7,
0x3596, 0x2d14, 
0x8992, 0x7990, 0x496c, 0x318a, 0x39cc, 0x41cd, 0x49ad, 0x398b, 0x2969, 0x2168,
0x1968, 0x2169, 0x21aa, 0x21ca, 0x520e, 0x498c, 0x18e6, 0x0968, 0x2b30, 0x2597,
0x3b92, 0x390b, 0x1107, 0x1c73, 0x13b0, 0x1d77, 0x1e39, 0x1cd4, 0x32ad, 0x49a9,
0x51e9, 0x51e9, 0x51a8, 0x4946, 0x38e5, 0x3905, 0x3905, 0x4146, 0x51a8, 0x51c9,
0x51c9, 0x49a8, 0x426b, 0x2aac, 0x2432, 0x2639, 0x25f8, 0x1df8, 0x1dd8, 0x25f8,
0x25f8, 0x25d8, 0x2597, 0x25f8, 0x2536, 0x11a8, 0x1907, 0x598e, 0x424f, 0x230f,
0x2bb2, 0x2b91, 0x22ad, 0x21a9, 0x1968, 0x1948, 0x1968, 0x19a9, 0x1a0a, 0x1a0a,
0x19ea, 0x19c9, 0x2966, 0x3166, 0x3186, 0x3186, 0x2945, 0x2145, 0x2145, 0x2145,
0x2125, 0x2125, 0x2125, 0x2966, 0x31e8, 0x428b, 0x4acc, 0x4acc, 0x6b2b, 0xbc2a,
0x6205, 0x1061, 0x20c3, 0x20e4, 0x1882, 0x1061, 0x1882, 0x0821, 0x5a26, 0xc46b,
0xbbe9, 0x7268, 0x6a69, 0x72ca, 0x72a9, 0x7aca, 0x7b0b, 0x7b6c, 0x7b8d, 0x838d,
0x836c, 0x830b, 0x7aea, 0x830b, 0x7aea, 0x72ca, 0x7c92, 0x7514, 0x2986, 0x1020,
0x18a2, 0x1881, 0x20e3, 0x2904, 0x20e3, 0x21a6, 0x6e38, 0x5493, 0x430d, 0x42ed,
0x42cc, 0x42ac, 0x3a4a, 0x29c8, 0x2146, 0x2125, 0x2125, 0x2965, 0x2125, 0x2125,
0x2125, 0x2125, 0x2945, 0x2965, 0x2a08, 0x2a28, 0x3269, 0x432c, 0x4c0e, 0x4d70,
0x4c2e, 0x5512, 0x4470, 0x33ae, 0x3c2f, 0x5e16, 0x8fbc, 0x9fdc, 0x7719, 0x4d94,
0x4d53, 0x4d74, 0x4d94, 0x5594, 0x5594, 0x55d5, 0x5574, 0x4491, 0x2b4c, 0x11a6,
0x42c9, 0x5a68, 0x6a68, 0x7288, 0x82e9, 0x8b2a, 0x936b, 0xa40d, 0xac8f, 0xac8f,
0xac6f, 0xa3ed, 0x936b, 0x8b0a, 0x82e9, 0x7268, 0x6a68, 0x62a9, 0x4b0b, 0x11a6,
0x2b0b, 0x44d2, 0x55b4, 0x55b4, 0x55b4, 0x5594, 0x5594, 0x4d74, 0x4d53, 0x55f5,
0x877b, 0x9fdd, 0x877b, 0x4d74, 0x3c0f, 0x3bef, 0x4d33, 0x54f2, 0x4b6d, 0x4c2e,
0x4ccf, 0x4bcd, 0x4caf, 0x442e, 0x432c, 0x434c, 0x20c8, 0x2888, 0x30ab, 0x492e,
0x490c, 0x28ea, 0x38cb, 0x50ee, 0x410d, 0x30eb, 0x316c, 0x392d, 0x390d, 0x412e,
0x412f, 0x5170, 0x5972, 0x61b3, 0x5274, 0x5993, 0xc3bb, 0xcabb, 0x8195, 0x99d7,
0x71b3, 0x5271, 0x6314, 0x6b75, 0x7c57, 0x84f8, 0x8d39, 0x8519, 0x8519, 0x857a,
0x7436, 0x51f0, 0x7c98, 0x857a, 0x7cf8, 0x8518, 0x8539, 0x84f8, 0x7457, 0x6b54,
0x5a72, 0x59d0, 0x99d6, 0x91d6, 0x99d7, 0xec1d, 0xaafa, 0x6154, 0x5233, 0x49d2,
0x5150, 0x49d0, 0x412e, 0x412d, 0x394d, 0x30eb, 0x494e, 0x410c, 0x30eb, 0x28c9,
0x28c9, 0x28c9, 0x30eb, 0x412f, 0x490e, 0x30cb, 0x28a9, 0x2888, 0x59c5, 0x72e9,
0xa699, 0x8e18, 0x3a29, 0x3187, 0x3a29, 0x426a, 0x530c, 0x2966, 0x18e4, 0x31a7,
0x31a7, 0x2924, 0x49a5, 0x5a27, 0x6227, 0x5a47, 0x62ca, 0x73ae, 0x5a68, 0x39c7,
0x4a8a, 0x3186, 0x2945, 0x2946, 0x1082, 0x1082, 0x18e4, 0x2104, 0x2104, 0x61a6,
0x8268, 0x9b2a, 0x7247, 0x61c6, 0x69e6, 0x61c6, 0x5165, 0x61c6, 0x7a68, 0x59a6,
0x4924, 0x4124, 0x20e4, 0x10a3, 0x0862, 0x10a3, 0x1082, 0x18e3, 0x2966, 0x1083,
0x2104, 0x2945, 0x18c3, 0x3144, 0x5248, 0x5a8a, 0x5248, 0x4a07, 0x49e7, 0x2104,
0x2105, 0x1082, 0x2945, 0x39e8, 0x39c7, 0x85f7, 0x9eda, 0x732a, 0x6a67, 0x6aa8,
0x3249, 0x3249, 0x326a, 0x326a, 0x3a8b, 0x2186, 0x6514, 0x64f4, 0x2a4a, 0x3acc,
0x3aec, 0x3acc, 0x32ab, 0x4bcf, 0x6575, 0x6576, 0x8e9a, 0x9f1b, 0x7e79, 0x8699,
0x8699, 0x8efb, 0x8d74, 0x1860, 0x0061, 0x5acb, 0x49e7, 0x5a27, 0x832a, 0x834b,
0x6248, 0x8b6b, 0x938b, 0x7b2a, 0x72a9, 0x49a5, 0x2081, 0x30c2, 0x4124, 0x6206,
0xb46e, 0xb46e, 0x5a68, 0x18e4, 0x1082, 0x6266, 0x5205, 0x0862, 0x3229, 0xa71b,
0x8699, 0x8699, 0xa75c, 0x75f8, 0x65b6, 0x54f3, 0x434d, 0x3aec, 0x3b0d, 0x3b0c,
0x3aec, 0x3acc, 0x3aec, 0x7e79, 0x3aec, 0x3229, 0x3a8a, 0x326a, 0x324a, 0x3249,
0x326a, 0x29c7, 0x2966, 0x2966, 0x3966, 0x2966, 0x3a09, 0x31c8, 0x1904, 0x10a2,
0x18e4, 0x18e4, 0x2104, 0x2104, 0x2124, 0x18e3, 0x18c3, 0x18a3, 0x18c3, 0x74d3,
0x7493, 0x18c3, 0x18c3, 0x1082, 0x1082, 0x18a2, 0x18c3, 0x1082, 0x1082, 0x1062,
0x1062, 0x1062, 0x18c3, 0x18a2, 0x20e4, 0x2904, 0x2104, 0x20e4, 0x2104, 0x20e4,
0x2904, 0x18e3, 0x10a2, 0x18c3, 0x0861, 0x1062, 0x1082, 0x1082, 0x1082, 0x18c3,
0x10a2, 0x1082, 0x18a3, 0x10a2, 0x2966, 0x8597, 0x5bcf, 0x1082, 0x18c3, 0x18c3,
0x18e4, 0x2125, 0x2104, 0x2104, 0x18e3, 0x18e4, 0x10a2, 0x2125, 0x3208, 0x3208,
0x3186, 0x3986, 0x2986, 0x2986, 0x1967, 0x2167, 0x2167, 0x2167, 0x2167, 0x698d,
0x69ad, 0x916e, 0x48c7, 0xb191, 0x48a6, 0x2063, 0x58c8, 0x2884, 0x2063, 0x1042,
0x1041, 0x1883, 0x1883, 0x1062, 0x1041, 0x0020, 0x2884, 0x61ab, 0x5a4c, 0x7330,
0x7bb2, 0x83f2, 0x8412, 0x82cf, 0x8b71, 0x9cd6, 0x83b2, 0x72ad, 0x72ce, 0x6acd,
0x8c54, 0x7bd2, 0x7bd2, 0x7bb1, 0x7b70, 0x7330, 0x6aee, 0x628d, 0x5a2b, 0x5a4c,
0x5a8d, 0x524c, 0x6453, 0x4493, 0x19a9, 0x2aac, 0x332f, 0x330f, 0x324c, 0x3a2c,
0x4a8d, 0x426c, 0x324b, 0x324b, 0x322b, 0x322b, 0x322b, 0x5a6f, 0xab97, 0xccda,
0xccda, 0xcbb9, 0x9ab5, 0x524e, 0x4a6d, 0x528e, 0x38a5, 0x30a5, 0x40c6, 0x48e7,
0x5909, 0x692a, 0x818d, 0x9291, 0x8436, 0x75da, 0x669c, 0x66dd, 0x76bc, 0x9536,
0x7c33, 0x3167, 0x1884, 0x3127, 0x2926, 0x18a4, 0x18a4, 0x41eb, 0x41ca, 0x520b,
0x5a8d, 0x526c, 0x526d, 0x41ca, 0x20e5, 0x4989, 0x9351, 0x8b51, 0x9bd3, 0xb4f6,
0x8b31, 0x8310, 0x8310, 0x82af, 0x9392, 0xacb5, 0x9391, 0x9bd3, 0x7aef, 0x20c5,
0x2926, 0x4a0a, 0x526c, 0x524c, 0x526c, 0x732f, 0x4a0b, 0x39c9, 0x1883, 0x18a4,
0x28e5, 0x20c5, 0x18a4, 0x41c8, 0xa3d3, 0xab93, 0xa16f, 0xc1d3, 0xe1f6, 0xea17,
0xea17, 0xd9f6, 0xc1b2, 0x914d, 0x60e9, 0x40c6, 0x3085, 0x2884, 0x4144, 0x3924,
0x28c3, 0x1882, 0x20a3, 0x28e3, 0x4964, 0x3904, 0x30c3, 0x30c3, 0x4104, 0x40e4,
0x4904, 0x4104, 0x38e3, 0x61a6, 0x92c9, 0xa3ed, 0xc573, 0xc532, 0x8cf2, 0x626e,
0x6889, 0x8514, 0x7d14, 0x95f7, 0x9eb9, 0x6c91, 0x39c6, 0x52cb, 0x9bad, 0xb42f,
0xc4f1, 0xc512, 0xc4f2, 0xbc70, 0xabcd, 0x92ca, 0x5145, 0x40e4, 0x5945, 0x6186,
0x8aaa, 0x930b, 0x51c7, 0x18e4, 0x18a3, 0x1062, 0x1083, 0x18a3, 0x0042, 0x3944,
0x93ec, 0x8f1b, 0x9cb0, 0x92e9, 0x61a6, 0x38c3, 0x40e4, 0x4104, 0x40e4, 0x40e4,
0x30c3, 0x30c3, 0x3904, 0x4965, 0x30e3, 0x20a2, 0x1882, 0x28c3, 0x3924, 0x4144,
0x3451, 0x2aab, 0x2aec, 0x1166, 0x0020, 0x0061, 0x0082, 0x08a2, 0x08a2, 0x08c3,
0x08c3, 0x10e4, 0x21c7, 0x2a08, 0x21a7, 0x326a, 0x1925, 0x0020, 0x0041, 0x0041,
0x0020, 0x0041, 0x0041, 0x0041, 0x08a2, 0x19e7, 0x1b4c, 0x1c50, 0x240f, 0x2cd2,
0x2c91, 0x32cb, 0x42cc, 0x4b2d, 0x4b2d, 0x538e, 0x6471, 0x63cf, 0x5b0d, 0x5aec,
0x63af, 0x5b4e, 0x4a6a, 0x39e8, 0x3186, 0x28e4, 0x2104, 0x2166, 0x2104, 0x2a69,
0x34b2, 0x1acb, 0x0904, 0x0965, 0x0021, 0x0041, 0x0061, 0x0041, 0x0041, 0x0061,
0x08c3, 0x08c3, 0x08a3, 0x0061, 0x0041, 0x0882, 0x0882, 0x22ec, 0x469a, 0x3617,
0x35b6, 0x2d34, 
0xb9b6, 0x99b3, 0x51ae, 0x2a2c, 0x2aae, 0x2a8d, 0x2a0c, 0x2189, 0x2169, 0x2168,
0x2168, 0x2169, 0x21a9, 0x49ee, 0x598e, 0x1907, 0x1168, 0x1d15, 0x25b7, 0x2cf6,
0x24f5, 0x3ad1, 0x20a8, 0x1c73, 0x1d96, 0x1d15, 0x26bb, 0x1c11, 0x222a, 0x3aad,
0x49a9, 0x5a09, 0x626b, 0x730e, 0x7bd1, 0x8432, 0x83f1, 0x730e, 0x626b, 0x5a0a,
0x51c8, 0x420a, 0x2a4b, 0x2167, 0x23f1, 0x1dd8, 0x1df8, 0x1df8, 0x25f8, 0x25f8,
0x25d8, 0x25b8, 0x25d8, 0x2597, 0x25b8, 0x1d15, 0x1948, 0x2929, 0x6211, 0x2413,
0x2d37, 0x2d16, 0x2370, 0x21ea, 0x1948, 0x1947, 0x1947, 0x1947, 0x1947, 0x1947,
0x1926, 0x1906, 0x3186, 0x3186, 0x3186, 0x41a6, 0x2945, 0x2145, 0x2126, 0x2126,
0x2126, 0x2125, 0x2145, 0x3186, 0x3a08, 0x428b, 0x4acc, 0x4acc, 0x7b4b, 0xbc2a,
0x51c4, 0x1061, 0x20e3, 0x20e3, 0x1882, 0x1061, 0x1061, 0x1061, 0x51c5, 0x4164,
0xabca, 0xb3aa, 0x6207, 0x72ca, 0x836c, 0x940e, 0xa4d1, 0xad54, 0xb574, 0xb574,
0xad12, 0x9c70, 0x93cd, 0x832b, 0x72aa, 0x7c30, 0x5bef, 0x4a6a, 0x39e7, 0x1041,
0x1882, 0x1881, 0x20e3, 0x2904, 0x2104, 0x2125, 0x65d7, 0x5d15, 0x430d, 0x42ed,
0x42cc, 0x42ac, 0x3a4a, 0x31c8, 0x2166, 0x2125, 0x2125, 0x2125, 0x2125, 0x2125,
0x2125, 0x2125, 0x2945, 0x3165, 0x2208, 0x2a08, 0x3269, 0x432c, 0x4bcd, 0x4c8f,
0x4bee, 0x54f2, 0x4470, 0x33ae, 0x3c2f, 0x5e16, 0x8fbc, 0x97dc, 0x7719, 0x4d94,
0x4d53, 0x4d73, 0x4d74, 0x5594, 0x5594, 0x55d5, 0x3c0f, 0x1166, 0x08a2, 0x00c3,
0x4228, 0x4124, 0x49c6, 0x6a47, 0x7ac9, 0x934a, 0xa3ed, 0xb48f, 0xbcf0, 0xbcf0,
0xb4d0, 0xac6f, 0xa3cc, 0x8b2a, 0x7aa8, 0x6a47, 0x51e6, 0x4944, 0x4aa9, 0x00e3,
0x08a2, 0x0945, 0x33ef, 0x55d5, 0x55b5, 0x5594, 0x5574, 0x4d74, 0x4d53, 0x55f5,
0x877b, 0x9fdd, 0x877b, 0x4d74, 0x3c0f, 0x3bef, 0x4d13, 0x54d2, 0x4b6d, 0x4b6d,
0x4b4d, 0x4b6d, 0x4b4c, 0x4b4c, 0x432c, 0x432c, 0x20c8, 0x28a8, 0x30cb, 0x412d,
0x410c, 0x312b, 0x30eb, 0x490d, 0x390b, 0x310c, 0x314c, 0x314d, 0x412f, 0x5951,
0x416f, 0x51f2, 0x51d2, 0x59b3, 0x5294, 0x59b3, 0x9b38, 0xcb5b, 0x9196, 0x89d5,
0x81b4, 0x5a31, 0x5ad3, 0x6314, 0x73f6, 0x7c77, 0x8498, 0x84d8, 0x6bb5, 0x5251,
0x5271, 0x6b74, 0x5272, 0x5251, 0x73f6, 0x7cd8, 0x7cb8, 0x7c77, 0x6b95, 0x5ad3,
0x5211, 0x69b2, 0x99d6, 0x8995, 0xa1f8, 0xe43d, 0x9258, 0x6173, 0x5213, 0x49d1,
0x494f, 0x494f, 0x412e, 0x412d, 0x392d, 0x390c, 0x310c, 0x310b, 0x30cb, 0x30aa,
0x28aa, 0x30aa, 0x38cb, 0x492f, 0x40cd, 0x28ca, 0x2889, 0x2067, 0x6b4b, 0xa71b,
0x74f4, 0x31a7, 0x31c8, 0x3a29, 0x426a, 0x426a, 0x532d, 0x530c, 0x18c3, 0x2966,
0x3a08, 0x2986, 0x3964, 0x5207, 0x62eb, 0x7bcf, 0x7c10, 0x738e, 0x41c7, 0x3186,
0x52cc, 0x39e8, 0x18e4, 0x2925, 0x1062, 0x10a3, 0x18a3, 0x20e4, 0x2104, 0x2904,
0x51a6, 0x82c9, 0x8ac9, 0x69c6, 0x69e6, 0x61c6, 0x61a5, 0x7a68, 0x8288, 0x5165,
0x3924, 0x20c3, 0x18e4, 0x1082, 0x1082, 0x18e4, 0x1082, 0x18e4, 0x2104, 0x18e4,
0x3166, 0x2945, 0x2903, 0x3103, 0x30e3, 0x3965, 0x5228, 0x5a8a, 0x3165, 0x2125,
0x2966, 0x10a3, 0x2966, 0x4249, 0x31a7, 0x31a7, 0x6c72, 0x9efb, 0x94d0, 0x8b29,
0x324a, 0x324a, 0x326a, 0x3a6a, 0x3aab, 0x2186, 0x6514, 0x6514, 0x326a, 0x3aec,
0x3aec, 0x3aec, 0x3acb, 0x4bcf, 0x6575, 0x6576, 0x8e9a, 0x9f1b, 0x7e79, 0x8699,
0x8699, 0x96da, 0x5247, 0x0000, 0x0041, 0x5289, 0x3944, 0x3944, 0x4164, 0x49c5,
0x49a6, 0x49a5, 0x49a5, 0x4185, 0x3103, 0x2081, 0x30c2, 0x4944, 0x4124, 0x9b8b,
0xb44e, 0x5248, 0x1905, 0x18e3, 0x6ac8, 0x5a26, 0x18c3, 0x10a3, 0x10c3, 0x8e18,
0x96fb, 0x8699, 0xa73c, 0x75f8, 0x65b6, 0x5cf4, 0x434e, 0x3aec, 0x3b2d, 0x3b0d,
0x3b0c, 0x3aec, 0x3aec, 0x7e99, 0x3aec, 0x3229, 0x3a8b, 0x326a, 0x326a, 0x3249,
0x3a6a, 0x29c7, 0x2945, 0x2945, 0x2966, 0x2986, 0x3a29, 0x31c7, 0x1904, 0x18c3,
0x2104, 0x2104, 0x2104, 0x2104, 0x2124, 0x18e4, 0x18c3, 0x18c3, 0x1062, 0x5baf,
0x8df8, 0x2986, 0x1082, 0x10a2, 0x1082, 0x1082, 0x18c3, 0x1882, 0x1882, 0x1082,
0x1062, 0x1062, 0x1061, 0x0861, 0x18a2, 0x2904, 0x20e4, 0x20e4, 0x20e4, 0x20e4,
0x28e4, 0x1082, 0x0861, 0x1061, 0x1062, 0x1062, 0x1882, 0x1882, 0x18a3, 0x18c3,
0x10a2, 0x1082, 0x18a3, 0x1061, 0x42ab, 0x9639, 0x3a6a, 0x1062, 0x18c3, 0x18c3,
0x2104, 0x2125, 0x2104, 0x2104, 0x2104, 0x18e4, 0x18a2, 0x2125, 0x31e8, 0x3a29,
0x2986, 0x2986, 0x2966, 0x2966, 0x2167, 0x2187, 0x2187, 0x1987, 0x2988, 0x798e,
0x518b, 0x996e, 0x5108, 0xb1d2, 0x50c7, 0x3885, 0x68e9, 0x2863, 0x1842, 0x1842,
0x1041, 0x20c4, 0x20c4, 0x1883, 0x1041, 0x1041, 0x0821, 0x5909, 0x59cb, 0x628d,
0x7330, 0x7b91, 0x83f2, 0x728e, 0x61aa, 0x624c, 0x51c9, 0x3906, 0x4167, 0x7bb1,
0x94f6, 0x8454, 0x7bd2, 0x7370, 0x732f, 0x6aee, 0x62ce, 0x5a6c, 0x5a4c, 0x5a8d,
0x5aad, 0x522c, 0x6536, 0x6497, 0x41ae, 0x31ec, 0x21ca, 0x226b, 0x334e, 0x43b1,
0x4aef, 0x424c, 0x3a6c, 0x3a6c, 0x324b, 0x322b, 0x322b, 0x626f, 0xab16, 0xcbb9,
0xcbd9, 0xc359, 0x9ab5, 0x524e, 0x426d, 0x4a8e, 0x30a5, 0x30a5, 0x38a6, 0x48c7,
0x50e8, 0x692a, 0x818d, 0x8a71, 0x8436, 0x6dda, 0x669c, 0x5ebc, 0x6efd, 0x73f1,
0x2064, 0x20e5, 0x20c4, 0x18a3, 0x20c5, 0x3147, 0x3147, 0x3188, 0x41c9, 0x41ea,
0x62ce, 0x62ef, 0x4a0b, 0x3168, 0x18c4, 0x51ea, 0x9bb2, 0x8b71, 0x8b51, 0xa474,
0xa434, 0x9371, 0x9bd2, 0x8b31, 0xac95, 0x93b2, 0x8b51, 0x9bd2, 0x8b91, 0x28e5,
0x2926, 0x39a9, 0x5aad, 0x6b30, 0x4a2b, 0x3147, 0x3167, 0x41ea, 0x2926, 0x20c5,
0x20a4, 0x18a4, 0x28e5, 0x3127, 0x39c8, 0x9391, 0xa190, 0xc1d3, 0xe1f6, 0xea17,
0xea17, 0xd9f6, 0xc1b3, 0x914e, 0x6109, 0x40c6, 0x3085, 0x2884, 0x4144, 0x3924,
0x28c3, 0x1882, 0x20a2, 0x28e3, 0x4964, 0x3904, 0x30c3, 0x30c3, 0x40e4, 0x40e4,
0x4104, 0x4104, 0x38c3, 0x61a6, 0x92c9, 0xa3cd, 0xc552, 0xc532, 0x93ac, 0x6410,
0x69ac, 0x82f0, 0x9ed9, 0x74f3, 0x4a47, 0x2881, 0x1041, 0x0862, 0x5269, 0x9b4c,
0xabcd, 0xabee, 0xabad, 0x930b, 0x69e7, 0x48e4, 0x4904, 0x5966, 0x6186, 0x69c7,
0x6a69, 0x3166, 0x18e4, 0x18a3, 0x1083, 0x1082, 0x0842, 0x0842, 0x5206, 0x82e8,
0x5ac9, 0x75d6, 0x9c90, 0x92e9, 0x61a6, 0x38c3, 0x40e4, 0x4104, 0x38e4, 0x40e4,
0x30c3, 0x30c3, 0x3904, 0x4964, 0x28e3, 0x20a2, 0x1882, 0x28c3, 0x3924, 0x4144,
0x238e, 0x33af, 0x226a, 0x2acc, 0x08e4, 0x0021, 0x0082, 0x08a2, 0x0882, 0x0882,
0x08a3, 0x08c3, 0x1966, 0x2a08, 0x29e8, 0x2a49, 0x0882, 0x0041, 0x0061, 0x0041,
0x0020, 0x0041, 0x0041, 0x0041, 0x0041, 0x11a6, 0x11c7, 0x13ee, 0x23ae, 0x2470,
0x2491, 0x2cf2, 0x3aab, 0x3acb, 0x4b2d, 0x5bae, 0x5baf, 0x5b8e, 0x532d, 0x4a8a,
0x4a29, 0x4209, 0x41e8, 0x39c7, 0x3146, 0x2925, 0x31e8, 0x3229, 0x2945, 0x33ae,
0x2cb1, 0x08c3, 0x08c3, 0x08e3, 0x0041, 0x0061, 0x0061, 0x0041, 0x0041, 0x0061,
0x08e3, 0x08c3, 0x08a3, 0x0061, 0x0041, 0x0882, 0x08a3, 0x19e8, 0x4658, 0x3618,
0x3596, 0x3535, 
0xb9b7, 0x99b4, 0x51ef, 0x2b30, 0x2c54, 0x2433, 0x22ee, 0x21ca, 0x2168, 0x2168,
0x2168, 0x2169, 0x31cb, 0x618e, 0x2929, 0x1148, 0x1cd4, 0x2598, 0x2577, 0x2577,
0x1d97, 0x2578, 0x294b, 0x130e, 0x1e7a, 0x1e59, 0x14d4, 0x1b2e, 0x2147, 0x21a8,
0x3a0a, 0x51e9, 0x628b, 0x7b6f, 0x8412, 0x8432, 0x8412, 0x7b6f, 0x6a8c, 0x59e9,
0x41e9, 0x2988, 0x20c4, 0x29ea, 0x1aed, 0x0a4a, 0x1e19, 0x2619, 0x2619, 0x25f8,
0x25f8, 0x25d8, 0x2597, 0x25b8, 0x2577, 0x25d8, 0x1b0e, 0x18e7, 0x51ae, 0x3c76,
0x2db8, 0x2d78, 0x23b1, 0x21ea, 0x1968, 0x1947, 0x1927, 0x1926, 0x1906, 0x1906,
0x1906, 0x18e5, 0x3186, 0x3986, 0x3186, 0x2945, 0x2945, 0x2146, 0x2146, 0x2126,
0x2126, 0x2126, 0x2946, 0x3186, 0x31e8, 0x428b, 0x4acc, 0x52cc, 0x836b, 0xbbe9,
0x4963, 0x1082, 0x20e3, 0x20e3, 0x1882, 0x1061, 0x1882, 0x0821, 0x6266, 0x51a5,
0x3904, 0x8b08, 0x9b49, 0x6a48, 0x7b0b, 0x93ee, 0x9c70, 0xa4b1, 0xa4d1, 0xa4d2,
0xa490, 0x9c0e, 0x8b6c, 0x72aa, 0x6baf, 0x5b8e, 0x30c3, 0x5baf, 0x3249, 0x1020,
0x1882, 0x1861, 0x20c3, 0x20e4, 0x2124, 0x18e3, 0x5d14, 0x6576, 0x432e, 0x42ed,
0x42cc, 0x42ac, 0x3a4a, 0x31c8, 0x2146, 0x2125, 0x2125, 0x2125, 0x2125, 0x2125,
0x2126, 0x2126, 0x2945, 0x3186, 0x3acb, 0x3aeb, 0x430c, 0x432c, 0x432c, 0x432c,
0x4b8d, 0x4cd1, 0x3c30, 0x3bae, 0x3c2f, 0x5e36, 0x8fbc, 0x97dc, 0x7719, 0x4d94,
0x4d53, 0x4d73, 0x4d74, 0x5574, 0x55b5, 0x33ce, 0x0925, 0x08c3, 0x0904, 0x00e3,
0x3165, 0x4964, 0x3903, 0x4964, 0x6a27, 0x82e9, 0x9b8b, 0xa40d, 0xac4e, 0xac4e,
0xac4e, 0xa40d, 0x936b, 0x7ac9, 0x6a27, 0x4985, 0x3903, 0x5185, 0x31a6, 0x00c3,
0x0904, 0x08c3, 0x08e4, 0x338d, 0x55b5, 0x5594, 0x4d74, 0x4d74, 0x4d53, 0x55f5,
0x877b, 0x9fdd, 0x877b, 0x4d74, 0x3c0f, 0x3bef, 0x4491, 0x4c30, 0x432c, 0x430c,
0x430c, 0x430b, 0x430b, 0x3aeb, 0x3aeb, 0x3acb, 0x20a8, 0x28a9, 0x30cb, 0x38ec,
0x410c, 0x392c, 0x312b, 0x310b, 0x310b, 0x392c, 0x390c, 0x394e, 0x396f, 0x4170,
0x41d1, 0x3a31, 0x49b1, 0x51d3, 0x52b5, 0x6214, 0x7a96, 0xcbbc, 0x9997, 0x89b5,
0x8194, 0x61f1, 0x5292, 0x5ab3, 0x6355, 0x73d6, 0x6bd6, 0x5230, 0x308b, 0x306a,
0x308a, 0x30ab, 0x308a, 0x306a, 0x38cb, 0x5292, 0x73f7, 0x6bb6, 0x5b14, 0x5a72,
0x59d0, 0x8214, 0x91b5, 0x8995, 0xaa19, 0xd3bc, 0x69f5, 0x59b3, 0x5213, 0x49d2,
0x494f, 0x494f, 0x412e, 0x412e, 0x394d, 0x390c, 0x312c, 0x392c, 0x310c, 0x312c,
0x312c, 0x312c, 0x316d, 0x4190, 0x316d, 0x290a, 0x28ca, 0x18a7, 0x9efb, 0x5baf,
0x2925, 0x31e8, 0x3a49, 0x426a, 0x4aec, 0x530d, 0x63af, 0x7431, 0x424a, 0x18c3,
0x4229, 0x3a08, 0x2904, 0x5a8a, 0x7c10, 0x6b4d, 0x5269, 0x41a6, 0x3104, 0x31c7,
0x3186, 0x18c3, 0x2104, 0x3a29, 0x424a, 0x18c3, 0x10a3, 0x18c4, 0x2104, 0x10a3,
0x2124, 0x39a6, 0x5207, 0x51c6, 0x51a6, 0x5185, 0x51a5, 0x5a07, 0x49a6, 0x2924,
0x18e4, 0x18a3, 0x18c3, 0x18a3, 0x20e4, 0x18e4, 0x1082, 0x2986, 0x2945, 0x18a3,
0x18e4, 0x5a26, 0x51c5, 0x51e6, 0x4985, 0x3924, 0x30e3, 0x3144, 0x20e4, 0x2966,
0x3166, 0x1082, 0x31c7, 0x4a6a, 0x4208, 0x39e8, 0x3166, 0x530c, 0x8e79, 0xc6d8,
0x326a, 0x326a, 0x3a6a, 0x3a6a, 0x3aab, 0x2187, 0x6514, 0x6514, 0x326a, 0x3aec,
0x3b0c, 0x3aec, 0x3acc, 0x4bcf, 0x6576, 0x6596, 0x8e9a, 0x9f3b, 0x7e79, 0x8699,
0x86db, 0x8db5, 0x20a1, 0x0020, 0x0841, 0x20e3, 0x4164, 0x20a2, 0x2081, 0x2081,
0x2081, 0x2081, 0x2081, 0x2081, 0x2081, 0x30c2, 0x4944, 0x4124, 0x7a88, 0x93ac,
0x41e7, 0x10e4, 0x2924, 0x8349, 0x6a66, 0x20e4, 0x10c3, 0x10c3, 0x0021, 0x6410,
0xa73c, 0x7e79, 0xa75c, 0x7618, 0x65b6, 0x5cf4, 0x434e, 0x3b0d, 0x434e, 0x3b2d,
0x3b2d, 0x3b0c, 0x3b0c, 0x7e9a, 0x3b0c, 0x3249, 0x3aab, 0x326a, 0x326a, 0x324a,
0x3a6a, 0x29c7, 0x2945, 0x2966, 0x2966, 0x2966, 0x3a29, 0x31e8, 0x1904, 0x18c3,
0x2104, 0x2104, 0x2124, 0x2124, 0x2125, 0x2104, 0x18a3, 0x18c3, 0x1062, 0x3a29,
0x9639, 0x42eb, 0x0841, 0x10a2, 0x1082, 0x1082, 0x18a3, 0x18c3, 0x1082, 0x1082,
0x1062, 0x1062, 0x1062, 0x1062, 0x1062, 0x1082, 0x1082, 0x1082, 0x1082, 0x1082,
0x1062, 0x1061, 0x1062, 0x1062, 0x1062, 0x1082, 0x1882, 0x1882, 0x18c3, 0x18a2,
0x1082, 0x1082, 0x10a2, 0x1061, 0x6431, 0x8dd7, 0x2145, 0x1882, 0x18c3, 0x18a3,
0x2104, 0x2125, 0x2124, 0x2124, 0x2104, 0x2104, 0x18a2, 0x2125, 0x3a08, 0x3a49,
0x3186, 0x3186, 0x2966, 0x2945, 0x2187, 0x2187, 0x2187, 0x2187, 0x3189, 0x818f,
0x398a, 0x996e, 0x5128, 0x91d0, 0x68ea, 0x58c8, 0x710a, 0x1863, 0x1842, 0x2043,
0x1042, 0x20c5, 0x20e5, 0x1883, 0x1042, 0x1042, 0x0821, 0x2063, 0x718c, 0x51ca,
0x628d, 0x6b0f, 0x7b91, 0x630e, 0x3106, 0x30e5, 0x30e5, 0x524b, 0x8474, 0x9517,
0x8cb5, 0x8495, 0x8454, 0x7391, 0x62ad, 0x62ce, 0x62ce, 0x5a8d, 0x5a8d, 0x5aad,
0x526c, 0x52ad, 0x5d56, 0x63f7, 0x72d7, 0x7337, 0x6ad5, 0x49ef, 0x2149, 0x222a,
0x43f1, 0x4350, 0x3a2c, 0x3a6c, 0x324b, 0x322b, 0x322b, 0x5a4e, 0x9ab5, 0xb2f7,
0xb317, 0xb2f7, 0x8a93, 0x4a4d, 0x426d, 0x426d, 0x30a5, 0x30a5, 0x38a5, 0x40c6,
0x48e7, 0x6109, 0x796c, 0x8a70, 0x83f5, 0x6d99, 0x665b, 0x5e7c, 0x6edc, 0xa537,
0x4989, 0x2927, 0x2926, 0x3127, 0x62ce, 0x6b0f, 0x526d, 0x2927, 0x18a4, 0x20e5,
0x3988, 0x524c, 0x49ea, 0x3988, 0x1883, 0x5a4b, 0xc598, 0xc578, 0xbd57, 0xb4d5,
0x9bf3, 0x9bd2, 0x9bf3, 0x93b2, 0xa434, 0xac75, 0xbd37, 0xc578, 0xac95, 0x28e5,
0x20e5, 0x3167, 0x4a2b, 0x5aad, 0x3988, 0x20c4, 0x20e5, 0x3147, 0x4a2b, 0x6aee,
0x4a2b, 0x3147, 0x3167, 0x3947, 0x7b0f, 0xb475, 0xa170, 0xc1d3, 0xe1f6, 0xea17,
0xea17, 0xe1f6, 0xc1b3, 0x914e, 0x60e9, 0x40c6, 0x3085, 0x2884, 0x4144, 0x3924,
0x28c3, 0x1882, 0x20a2, 0x28e3, 0x4964, 0x3904, 0x30a3, 0x30c3, 0x40e4, 0x38e4,
0x4104, 0x40e4, 0x38c3, 0x61a6, 0x92a9, 0xa3ac, 0xc531, 0xc531, 0x938c, 0x6aea,
0x8596, 0x7a6f, 0x62ab, 0x28c1, 0x1861, 0x10a3, 0x1083, 0x1062, 0x0841, 0x3104,
0x61a6, 0x61a6, 0x5965, 0x4904, 0x40c3, 0x5104, 0x5945, 0x5145, 0x4104, 0x3166,
0x2967, 0x2105, 0x20e4, 0x18c3, 0x1062, 0x0001, 0x20e3, 0x7b08, 0x82e8, 0x4123,
0x3249, 0x86fa, 0x9c4f, 0x92e9, 0x61a6, 0x38c3, 0x40e4, 0x4104, 0x38e4, 0x40e4,
0x30c3, 0x30c3, 0x3904, 0x4964, 0x28e3, 0x20a2, 0x1882, 0x28c3, 0x3924, 0x3944,
0x232c, 0x22cb, 0x2acc, 0x2a8b, 0x2aab, 0x08a2, 0x0041, 0x0882, 0x0882, 0x0882,
0x08a2, 0x08c3, 0x1924, 0x2186, 0x2a4a, 0x1966, 0x0861, 0x0041, 0x0082, 0x0041,
0x0041, 0x0882, 0x0041, 0x0041, 0x0041, 0x0020, 0x00c3, 0x12ea, 0x1bce, 0x22eb,
0x2470, 0x2c0f, 0x2c91, 0x3a6a, 0x42ab, 0x52ec, 0x52ec, 0x4aab, 0x4a6a, 0x3a08,
0x2965, 0x18e4, 0x18e4, 0x18c3, 0x18e3, 0x2945, 0x2986, 0x2a08, 0x29e8, 0x34b2,
0x128a, 0x0061, 0x0061, 0x0021, 0x0061, 0x0061, 0x0062, 0x0061, 0x0041, 0x0082,
0x0904, 0x08c3, 0x08a3, 0x0061, 0x0041, 0x08a3, 0x08a3, 0x1125, 0x3d96, 0x3e58,
0x3658, 0x35d7, 
0xb1b6, 0x89b3, 0x522f, 0x2bd2, 0x2d37, 0x2517, 0x2370, 0x21ca, 0x2168, 0x2168,
0x2169, 0x2189, 0x49cd, 0x416c, 0x18e7, 0x130e, 0x25d8, 0x2557, 0x1d97, 0x1d77,
0x25b8, 0x2639, 0x2bd2, 0x222e, 0x265a, 0x1e39, 0x09e8, 0x19c8, 0x29e9, 0x28a4,
0x2105, 0x3988, 0x51c9, 0x6a8c, 0x72ee, 0x730e, 0x730e, 0x6a6c, 0x59e9, 0x4188,
0x2905, 0x28a4, 0x3126, 0x29ea, 0x21a8, 0x00c4, 0x1d36, 0x2639, 0x25f8, 0x25f8,
0x25f8, 0x25d8, 0x25b8, 0x2597, 0x2597, 0x1db8, 0x1b6f, 0x18e7, 0x51ae, 0x4497,
0x2db8, 0x2d78, 0x23b1, 0x21ea, 0x1948, 0x1947, 0x1927, 0x1926, 0x1906, 0x1906,
0x18e6, 0x18e5, 0x39c6, 0x39c6, 0x3986, 0x3165, 0x2945, 0x2146, 0x2146, 0x2146,
0x2146, 0x2125, 0x2125, 0x2986, 0x31e8, 0x428b, 0x4acc, 0x5aec, 0x838b, 0xab88,
0x3923, 0x1882, 0x20e3, 0x20c3, 0x1081, 0x1061, 0x1882, 0x0001, 0x72a6, 0x7267,
0x3924, 0x3104, 0x7267, 0x8ae8, 0x6248, 0x7b0b, 0x93cd, 0x93ee, 0x93ee, 0x9c0e,
0x93cd, 0x830b, 0x72ca, 0x636d, 0x4a6a, 0x3904, 0x4165, 0x7535, 0x29e7, 0x1020,
0x1882, 0x1061, 0x20c3, 0x20e3, 0x2124, 0x18c3, 0x4c30, 0x6597, 0x434e, 0x42ed,
0x42cc, 0x42ab, 0x3a4a, 0x29c8, 0x2146, 0x2125, 0x2125, 0x2125, 0x2146, 0x2146,
0x2146, 0x2146, 0x2945, 0x3166, 0x2a28, 0x2a69, 0x2a49, 0x2a69, 0x32aa, 0x32ca,
0x330c, 0x3bce, 0x3bce, 0x3bae, 0x3c2f, 0x5e36, 0x8fbc, 0x97dc, 0x7719, 0x4d94,
0x4d53, 0x4d73, 0x4d73, 0x5594, 0x4d33, 0x1a49, 0x08e3, 0x08e3, 0x08e3, 0x00c3,
0x2924, 0x4965, 0x4965, 0x4124, 0x4124, 0x59c6, 0x7aa8, 0x8b2a, 0x936b, 0x9b8b,
0x936b, 0x8b0a, 0x7288, 0x59c6, 0x4144, 0x4124, 0x4965, 0x5185, 0x2904, 0x00c3,
0x08e3, 0x08c3, 0x08a3, 0x19e8, 0x4d13, 0x55b4, 0x4d74, 0x4d73, 0x4d53, 0x55f5,
0x877b, 0x9fdd, 0x877b, 0x4d74, 0x3c0f, 0x3bcf, 0x3bce, 0x336d, 0x2acb, 0x2a8a,
0x2a28, 0x2a28, 0x2a49, 0x2a28, 0x2a28, 0x2207, 0x2909, 0x290a, 0x312b, 0x394d,
0x412d, 0x30ca, 0x310b, 0x30eb, 0x310c, 0x390c, 0x392e, 0x414e, 0x396f, 0x4190,
0x4170, 0x4970, 0x4971, 0x51b3, 0x5ad5, 0x5ab5, 0x5a75, 0xc37b, 0xb219, 0x8995,
0x7994, 0x61b1, 0x5252, 0x5252, 0x5272, 0x41cf, 0x30ca, 0x2848, 0x30a9, 0x30a8,
0x2046, 0x2026, 0x2046, 0x30a8, 0x30a9, 0x2869, 0x390b, 0x49ef, 0x5251, 0x51f0,
0x59b0, 0x79b4, 0x89b5, 0x8995, 0xc2ba, 0xa319, 0x59b4, 0x61d3, 0x5213, 0x49d2,
0x4950, 0x4950, 0x412f, 0x412e, 0x394d, 0x390d, 0x312c, 0x394d, 0x396e, 0x316d,
0x316d, 0x316d, 0x398e, 0x416f, 0x390d, 0x28ca, 0x28c9, 0x20a8, 0x532d, 0x3125,
0x3a08, 0x3a29, 0x428b, 0x534d, 0x5b6e, 0x6c31, 0x63d0, 0x9596, 0x9575, 0x10a3,
0x31a7, 0x4aab, 0x31a7, 0x2924, 0x41c6, 0x4185, 0x4164, 0x49a5, 0x49c6, 0x10a3,
0x18c3, 0x31c8, 0x532d, 0x5bb0, 0x6c31, 0x63af, 0x39e8, 0x20e4, 0x18e4, 0x18c3,
0x2124, 0x2945, 0x2945, 0x2966, 0x3186, 0x3186, 0x3165, 0x2124, 0x18e4, 0x20e4,
0x18c3, 0x18c3, 0x2104, 0x2104, 0x18c3, 0x18e4, 0x3a09, 0x3a29, 0x31a7, 0x2987,
0x2104, 0x6a86, 0x3103, 0x4985, 0x5a06, 0x59e6, 0x4985, 0x1882, 0x2966, 0x39c7,
0x2966, 0x0862, 0x426a, 0x530d, 0x426a, 0x4229, 0x39e8, 0x3166, 0x4229, 0x6cf4,
0x3a6a, 0x326a, 0x3a6a, 0x3a6a, 0x3aab, 0x21a7, 0x6514, 0x6514, 0x328a, 0x3b0c,
0x3b0d, 0x3b0c, 0x3aec, 0x4bd0, 0x6576, 0x6596, 0x8eba, 0x9f3b, 0x7e79, 0x8699,
0x8efb, 0x8d12, 0x1860, 0x0841, 0x1082, 0x1061, 0x3924, 0x3103, 0x20a2, 0x20a2,
0x20a1, 0x20a2, 0x28a2, 0x28c2, 0x30e3, 0x4964, 0x4964, 0x5185, 0x6268, 0x31c7,
0x10c4, 0x39c6, 0x8b89, 0x5a26, 0x2124, 0x18e4, 0x10c3, 0x10a3, 0x0842, 0x29c7,
0xaf1c, 0x9f1b, 0xa73c, 0x6df7, 0x65b7, 0x5d14, 0x436e, 0x3b0d, 0x436e, 0x434d,
0x3b2d, 0x3b0d, 0x3b0d, 0x7e9a, 0x3b0c, 0x324a, 0x3aab, 0x3a8a, 0x326a, 0x326a,
0x3a6a, 0x29c7, 0x2966, 0x3145, 0x5125, 0x2966, 0x530c, 0x31e8, 0x1904, 0x18c3,
0x2104, 0x2104, 0x2124, 0x2125, 0x2925, 0x2125, 0x18a3, 0x18c3, 0x18a2, 0x2104,
0x8db7, 0x6c72, 0x1061, 0x1082, 0x1082, 0x1082, 0x1082, 0x20e4, 0x20e3, 0x1882,
0x1082, 0x1082, 0x1062, 0x1062, 0x1082, 0x1082, 0x1062, 0x1062, 0x1062, 0x1062,
0x1082, 0x1082, 0x1062, 0x1082, 0x1082, 0x1882, 0x18a2, 0x20e4, 0x18c3, 0x1082,
0x1082, 0x1082, 0x1082, 0x2104, 0x8596, 0x74f4, 0x18a2, 0x18c3, 0x18a3, 0x18c3,
0x2145, 0x2925, 0x2125, 0x2124, 0x2104, 0x2104, 0x18a2, 0x2125, 0x3a29, 0x532d,
0x3986, 0x5925, 0x2966, 0x2965, 0x2187, 0x2188, 0x2187, 0x2187, 0x29a8, 0x81ae,
0x31a9, 0x998f, 0x5929, 0x61ad, 0x916e, 0x892d, 0x710a, 0x1842, 0x2063, 0x2063,
0x1042, 0x28c5, 0x28e5, 0x18a4, 0x1042, 0x1042, 0x1042, 0x0821, 0x48e7, 0x71ad,
0x51ea, 0x628d, 0x6b0f, 0x7370, 0x62ad, 0x522b, 0x6b0e, 0x8413, 0x9d37, 0x94f7,
0x94f7, 0x8cb6, 0x7bd2, 0x4a2b, 0x526c, 0x6b50, 0x62ee, 0x5a8d, 0x5aad, 0x5aad,
0x524c, 0x5390, 0x4390, 0x6bf7, 0x72b5, 0x6af5, 0x6ab5, 0x7337, 0x7337, 0x316b,
0x10e5, 0x3bd0, 0x4390, 0x322b, 0x324c, 0x324b, 0x322b, 0x424c, 0x626f, 0x6a91,
0x7291, 0x6a91, 0x5a6f, 0x3a4c, 0x3a6c, 0x428d, 0x30a5, 0x30a5, 0x30a5, 0x38c6,
0x48e7, 0x6109, 0x796c, 0x8a2f, 0x8374, 0x74d7, 0x6db9, 0x65fa, 0x9e1a, 0x9371,
0x9bd3, 0x49c9, 0x3168, 0x39a9, 0x41a9, 0x628c, 0x6b10, 0x7372, 0x49eb, 0x18a4,
0x1062, 0x18a4, 0x3147, 0x2906, 0x1083, 0x4188, 0xac55, 0xa475, 0xbd57, 0xd65a,
0xbd17, 0xa454, 0xacb5, 0x9c13, 0xbd16, 0xd63a, 0xb4d6, 0xa454, 0x93d2, 0x20c4,
0x18a4, 0x2905, 0x18a4, 0x1042, 0x18a3, 0x2926, 0x41ca, 0x62f0, 0x7351, 0x628c,
0x49ea, 0x524c, 0x4a0b, 0x7b2f, 0xa414, 0xa454, 0xbbb5, 0xc193, 0xe217, 0xea17,
0xea17, 0xd9f6, 0xc1b2, 0x914e, 0x60e9, 0x40c6, 0x3085, 0x2884, 0x4144, 0x3924,
0x28c3, 0x1882, 0x20a2, 0x28c3, 0x4944, 0x3904, 0x30a3, 0x30c3, 0x40e4, 0x38e4,
0x4104, 0x40e4, 0x38c3, 0x6186, 0x92a9, 0xa3ac, 0xc511, 0xbd11, 0x8bcd, 0x6c30,
0x74b1, 0x51c6, 0x50a5, 0x20c4, 0x10a3, 0x1083, 0x1082, 0x1062, 0x0842, 0x1083,
0x1862, 0x2882, 0x30a2, 0x38c3, 0x38e3, 0x30c3, 0x20a3, 0x1082, 0x18c4, 0x2105,
0x20e4, 0x2925, 0x18c4, 0x0022, 0x20e3, 0x7309, 0x9389, 0x6225, 0x3103, 0x1882,
0x2a49, 0x8efa, 0x9c0e, 0x92e9, 0x61a6, 0x38c3, 0x40e4, 0x40e4, 0x38e4, 0x40e4,
0x30c3, 0x30a3, 0x3904, 0x4964, 0x28e3, 0x20a2, 0x1882, 0x28c3, 0x3924, 0x3924,
0x22cb, 0x1186, 0x1a29, 0x2aab, 0x2acc, 0x228b, 0x0061, 0x0041, 0x0882, 0x0882,
0x0882, 0x08c3, 0x1104, 0x1925, 0x2a08, 0x1104, 0x0041, 0x0061, 0x0082, 0x0061,
0x0020, 0x0882, 0x0882, 0x0041, 0x0861, 0x0061, 0x0061, 0x01e7, 0x13ad, 0x1a08,
0x2450, 0x2a69, 0x2d33, 0x33cf, 0x3a4a, 0x428a, 0x4a6a, 0x4228, 0x39a7, 0x3145,
0x2104, 0x18e3, 0x10a3, 0x10a3, 0x18e3, 0x2104, 0x2945, 0x2186, 0x2b4d, 0x23ae,
0x0082, 0x0061, 0x0041, 0x0061, 0x0061, 0x0061, 0x0082, 0x0061, 0x0041, 0x08a2,
0x0904, 0x08c3, 0x08a3, 0x0061, 0x0061, 0x08c3, 0x08c3, 0x08c3, 0x3513, 0x3eda,
0x3eda, 0x3638, 
0xb1d6, 0x89b3, 0x4a2f, 0x2bd3, 0x2d57, 0x2d37, 0x2370, 0x21ca, 0x2168, 0x2168,
0x2169, 0x318b, 0x61f0, 0x418b, 0x1907, 0x1bf1, 0x2597, 0x2577, 0x1d36, 0x25d8,
0x25d8, 0x25b7, 0x25f8, 0x2371, 0x1cd5, 0x1df8, 0x09a8, 0x1083, 0x2967, 0x3126,
0x28c4, 0x20a4, 0x3106, 0x4167, 0x5188, 0x51a8, 0x51a8, 0x4967, 0x3906, 0x28c4,
0x2883, 0x3105, 0x3167, 0x3167, 0x1042, 0x0167, 0x1d56, 0x25f8, 0x25d8, 0x25f8,
0x25d8, 0x25d8, 0x25b8, 0x2577, 0x2597, 0x1d97, 0x222c, 0x1928, 0x8a32, 0x4c97,
0x25b8, 0x2d58, 0x23b1, 0x21ea, 0x1968, 0x1947, 0x1927, 0x1906, 0x1906, 0x18e6,
0x18e5, 0x18e5, 0x4a27, 0x4a06, 0x39a6, 0x3165, 0x2946, 0x2146, 0x2146, 0x2146,
0x1905, 0x41c6, 0x49e7, 0x2166, 0x3a09, 0x52cb, 0x4acc, 0x630b, 0x8b8b, 0x9b27,
0x3103, 0x1882, 0x20e3, 0x18c3, 0x1061, 0x1081, 0x1882, 0x0000, 0x72a7, 0x8b08,
0x4145, 0x4985, 0x3104, 0x4985, 0x6a27, 0x6227, 0x6a69, 0x7aca, 0x7aea, 0x7aca,
0x72a9, 0x6248, 0x5249, 0x41a7, 0x3925, 0x4165, 0x5207, 0x7df7, 0x2186, 0x1040,
0x1882, 0x1881, 0x18a2, 0x20e3, 0x2104, 0x18c3, 0x3b2c, 0x6597, 0x4b8f, 0x42ed,
0x42cc, 0x428b, 0x3a4a, 0x29c8, 0x2146, 0x2125, 0x2145, 0x2146, 0x2146, 0x2146,
0x2146, 0x2146, 0x2946, 0x2966, 0x19a6, 0x2228, 0x19c7, 0x21e7, 0x2a8a, 0x2acb,
0x2b0c, 0x336d, 0x3bae, 0x3bce, 0x3c2f, 0x5e36, 0x8fbc, 0x97dc, 0x7719, 0x4d94,
0x4d53, 0x4d53, 0x4d53, 0x5594, 0x4d13, 0x2249, 0x08c3, 0x08c3, 0x08e3, 0x00c3,
0x2904, 0x5185, 0x5185, 0x4985, 0x4144, 0x4123, 0x4964, 0x59a5, 0x61e6, 0x6206,
0x61e6, 0x59a5, 0x4964, 0x4124, 0x4944, 0x4965, 0x5185, 0x5185, 0x2103, 0x00a3,
0x08e3, 0x08c3, 0x08a3, 0x1a08, 0x44f2, 0x55b4, 0x4d73, 0x4d73, 0x4d53, 0x55f5,
0x7f7b, 0x9fdd, 0x7f7b, 0x4d74, 0x3c0f, 0x3bcf, 0x3bae, 0x336d, 0x2b0c, 0x2acb,
0x2208, 0x21e8, 0x2249, 0x2228, 0x2208, 0x19a6, 0x28a8, 0x28a9, 0x28c9, 0x494e,
0x410d, 0x30ca, 0x310b, 0x30eb, 0x312c, 0x390d, 0x412e, 0x414f, 0x4150, 0x41b1,
0x4991, 0x4971, 0x5192, 0x51d3, 0x5ab6, 0x5a75, 0x51d4, 0x9af9, 0xdb3c, 0x8956,
0x7994, 0x6992, 0x5211, 0x49f0, 0x49f0, 0x4a71, 0x4a2f, 0x4a31, 0x62b4, 0x8438,
0x8417, 0x7335, 0x8c58, 0x83d8, 0x6274, 0x51f0, 0x4a51, 0x4a51, 0x4a10, 0x49af,
0x59b1, 0x8215, 0x81d5, 0x99d7, 0xd3dd, 0x7a76, 0x6995, 0x61b4, 0x51f3, 0x51d2,
0x4991, 0x5170, 0x4970, 0x412e, 0x394e, 0x390d, 0x392d, 0x396e, 0x398e, 0x39af,
0x31ae, 0x31ae, 0x39af, 0x4190, 0x390d, 0x28a8, 0x2888, 0x40cd, 0x39c7, 0x4229,
0x3a29, 0x428a, 0x532d, 0x63af, 0x6c51, 0x7cd3, 0x8514, 0xb71c, 0xae9a, 0x428a,
0x1062, 0x4a6a, 0x5aec, 0x2966, 0x2104, 0x4985, 0x5a27, 0x6a68, 0x6a88, 0x41e7,
0x4a8a, 0x63cf, 0x6bf0, 0x8c4e, 0x632c, 0x63d0, 0x84b3, 0x638f, 0x31c7, 0x18e4,
0x2104, 0x3165, 0x3165, 0x3185, 0x3165, 0x3165, 0x2945, 0x2904, 0x2924, 0x2904,
0x20e4, 0x2125, 0x2104, 0x18c3, 0x2987, 0x4a8b, 0x4229, 0x4229, 0x5247, 0x41e6,
0x2966, 0x6aa7, 0x4164, 0x20a2, 0x30e3, 0x4985, 0x49a5, 0x3965, 0x3187, 0x4208,
0x2104, 0x1082, 0x638e, 0x63af, 0x530d, 0x426a, 0x4229, 0x39e8, 0x31a7, 0x2904,
0x3a6a, 0x3a6a, 0x3a6a, 0x3a8a, 0x3acb, 0x21a7, 0x6514, 0x6514, 0x328b, 0x3b0d,
0x3b2d, 0x3b0d, 0x3aec, 0x4bf0, 0x6576, 0x6596, 0x8eba, 0x9f3c, 0x7e99, 0x8e99,
0x86da, 0x9574, 0x30e2, 0x0041, 0x18c3, 0x0820, 0x3103, 0x3924, 0x28c2, 0x28a2,
0x28c2, 0x28e2, 0x30e2, 0x30e3, 0x4164, 0x5185, 0x4123, 0x3965, 0x2986, 0x1904,
0x62c9, 0x93aa, 0x49e5, 0x2125, 0x1925, 0x1904, 0x18c4, 0x10a3, 0x0882, 0x1925,
0x6451, 0x95d7, 0xb7be, 0x7e59, 0x6596, 0x5d14, 0x438f, 0x3b2d, 0x436e, 0x436e,
0x434d, 0x3b2d, 0x3b2d, 0x7e9a, 0x3b2d, 0x326a, 0x3acb, 0x3a8a, 0x3a6a, 0x326a,
0x3a8a, 0x29e8, 0x2966, 0x3165, 0x3986, 0x3a08, 0x6410, 0x4acc, 0x2125, 0x18a3,
0x2104, 0x1904, 0x6945, 0x6145, 0x1925, 0x4945, 0x28c3, 0x10a3, 0x18c3, 0x1061,
0x6c92, 0x9e7a, 0x2145, 0x1062, 0x1082, 0x1082, 0x1082, 0x18a3, 0x20e4, 0x1882,
0x1082, 0x1082, 0x1082, 0x1062, 0x1082, 0x18a2, 0x1882, 0x1882, 0x1882, 0x18a2,
0x18a2, 0x1082, 0x1082, 0x1082, 0x1082, 0x1882, 0x18a3, 0x20e4, 0x18a2, 0x1082,
0x1082, 0x1082, 0x0841, 0x3a49, 0xa6db, 0x536e, 0x1041, 0x18c3, 0x10a2, 0x3104,
0x4165, 0x1945, 0x7146, 0x5125, 0x1904, 0x2104, 0x18c3, 0x2966, 0x534d, 0x6410,
0x4229, 0x41a7, 0x3186, 0x2966, 0x2188, 0x2188, 0x2188, 0x2188, 0x21a8, 0x71ad,
0x31a9, 0x81ae, 0x792b, 0x39aa, 0x79ce, 0xc192, 0x6909, 0x1842, 0x3084, 0x2864,
0x1042, 0x30c5, 0x28e6, 0x20c4, 0x1062, 0x1042, 0x1042, 0x1062, 0x0842, 0x716c,
0x61cb, 0x524b, 0x5a4c, 0x62ad, 0x62ce, 0x39a8, 0x4a8b, 0x39c8, 0x2105, 0x2946,
0x2967, 0x3187, 0x2946, 0x6b70, 0x7bf2, 0x6b4f, 0x5ace, 0x5a8d, 0x5aad, 0x524c,
0x5b2f, 0x3a0a, 0x42ee, 0x63f7, 0x59d1, 0x5a52, 0x6ab4, 0x72f6, 0x6ab5, 0x7318,
0x31ac, 0x1926, 0x4453, 0x3aad, 0x324c, 0x324c, 0x324b, 0x324b, 0x324c, 0x3a4c,
0x3a4c, 0x3a4c, 0x3a4c, 0x324c, 0x3a6c, 0x3a8d, 0x30a5, 0x30a5, 0x38a5, 0x40c7,
0x5108, 0x612a, 0x714b, 0x81ce, 0x8a91, 0x8394, 0x7435, 0x8518, 0xa433, 0x9392,
0xb536, 0x730f, 0x4a0b, 0x5aae, 0x41ea, 0x49ea, 0x526d, 0x62cf, 0x41ca, 0x2926,
0x2926, 0x18a4, 0x1062, 0x2926, 0x2906, 0x1083, 0x7b50, 0xbd37, 0xac95, 0xbd37,
0xd61a, 0xcdb9, 0xc5b9, 0xc598, 0xcdd9, 0xb4f6, 0xacb5, 0xbd37, 0x9413, 0x20e5,
0x2105, 0x20e5, 0x1062, 0x20c4, 0x2946, 0x3168, 0x3989, 0x5a8d, 0x7bb3, 0x522c,
0x62cf, 0x7372, 0x524d, 0x9433, 0xbd37, 0x93b2, 0xac75, 0xca55, 0xe1d6, 0xea17,
0xea17, 0xd9f6, 0xb9b2, 0x894d, 0x60e9, 0x40a6, 0x3085, 0x2884, 0x3944, 0x3924,
0x28c3, 0x1882, 0x20a2, 0x28c3, 0x4944, 0x3904, 0x30a3, 0x30c3, 0x40e4, 0x38e3,
0x4104, 0x40e4, 0x38c3, 0x6186, 0x92a8, 0x9bac, 0xb532, 0xa553, 0x8d95, 0x846e,
0x4943, 0x20a2, 0x20e4, 0x28c5, 0x18a3, 0x1083, 0x1082, 0x1062, 0x0842, 0x1082,
0x1082, 0x0862, 0x1082, 0x1082, 0x1062, 0x1082, 0x1083, 0x1082, 0x2105, 0x20e5,
0x2105, 0x1083, 0x20e4, 0x7309, 0xb4ad, 0x8b49, 0x4963, 0x28e3, 0x18e4, 0x1041,
0x32cb, 0x96fa, 0x93ee, 0x92e9, 0x61a6, 0x38c3, 0x40e4, 0x40e4, 0x38e4, 0x38e4,
0x30c3, 0x30a3, 0x3903, 0x4964, 0x28e3, 0x20a2, 0x1882, 0x20c3, 0x3924, 0x3924,
0x1a08, 0x1986, 0x1104, 0x2229, 0x2aed, 0x2b0d, 0x2249, 0x0021, 0x0061, 0x0882,
0x0082, 0x08a2, 0x10e4, 0x1104, 0x1966, 0x10e4, 0x0061, 0x0061, 0x0082, 0x0062,
0x0041, 0x0041, 0x08a2, 0x0882, 0x0041, 0x0882, 0x0882, 0x00e3, 0x0228, 0x11a7,
0x1bee, 0x2249, 0x230c, 0x2513, 0x32cb, 0x428a, 0x426a, 0x4249, 0x4229, 0x4aec,
0x538e, 0x42cb, 0x3a09, 0x29a7, 0x2125, 0x2904, 0x2924, 0x2186, 0x2c50, 0x08e3,
0x0020, 0x0041, 0x0061, 0x0061, 0x0061, 0x0061, 0x0882, 0x0061, 0x0061, 0x0965,
0x1165, 0x08c3, 0x08a2, 0x0062, 0x0882, 0x10e4, 0x10e4, 0x08a3, 0x3d75, 0x3eba,
0x3eba, 0x3618, 
0xb9d7, 0x91b3, 0x522f, 0x2bd3, 0x2d57, 0x2517, 0x2350, 0x21ea, 0x2168, 0x2168,
0x2169, 0x318b, 0x7a12, 0x61af, 0x1127, 0x22ee, 0x1d97, 0x1cf5, 0x25b8, 0x2598,
0x25b8, 0x2597, 0x25d8, 0x1db8, 0x1c73, 0x1db7, 0x0a8b, 0x0062, 0x1083, 0x3126,
0x3106, 0x28c4, 0x28a4, 0x28a4, 0x28a4, 0x28a4, 0x28a4, 0x28a4, 0x28a4, 0x28a4,
0x30e5, 0x3926, 0x2905, 0x1082, 0x0883, 0x0a2a, 0x1d36, 0x2639, 0x25d8, 0x25d8,
0x25d8, 0x25d8, 0x25d8, 0x25b8, 0x1d77, 0x22ef, 0x198a, 0x414b, 0xd299, 0x3c76,
0x2578, 0x2d37, 0x23b1, 0x21ea, 0x1968, 0x1947, 0x1927, 0x1906, 0x1906, 0x1906,
0x18e5, 0x18e5, 0x62a7, 0x5a67, 0x41e6, 0x3166, 0x2146, 0x2146, 0x2146, 0x2146,
0x39a6, 0x39a6, 0x2966, 0x2966, 0x3a08, 0x4a8b, 0x52cb, 0x62eb, 0x9baa, 0x82a5,
0x28e2, 0x18a2, 0x20e3, 0x18a3, 0x1061, 0x1081, 0x1882, 0x0000, 0x6aa7, 0xabca,
0x4145, 0x49a5, 0x4985, 0x3944, 0x3924, 0x4165, 0x4965, 0x4985, 0x4985, 0x4985,
0x4165, 0x4166, 0x3945, 0x4145, 0x4186, 0x4985, 0x62eb, 0x7e79, 0x2165, 0x1041,
0x1882, 0x1881, 0x18a2, 0x20e3, 0x2104, 0x18e3, 0x2a28, 0x6576, 0x4bd0, 0x42ed,
0x42ac, 0x428b, 0x3a4a, 0x29c8, 0x2166, 0x2145, 0x2146, 0x2146, 0x2966, 0x2966,
0x2146, 0x2146, 0x2966, 0x2966, 0x21c7, 0x2249, 0x2207, 0x2208, 0x2acb, 0x2b0c,
0x334c, 0x338d, 0x3bae, 0x3bce, 0x3c2f, 0x5e36, 0x8fbc, 0x97dc, 0x7719, 0x4d94,
0x4d33, 0x4d53, 0x4d53, 0x5594, 0x4d53, 0x2aec, 0x1145, 0x08a2, 0x08e3, 0x00a2,
0x2904, 0x51a5, 0x51a5, 0x5185, 0x5185, 0x4965, 0x4144, 0x4124, 0x4124, 0x4124,
0x4124, 0x4124, 0x4144, 0x4965, 0x4985, 0x51a5, 0x51a5, 0x5185, 0x2103, 0x00a2,
0x08c3, 0x00a2, 0x0904, 0x22cb, 0x5573, 0x55b4, 0x4d53, 0x4dd5, 0x4db4, 0x55d5,
0x7f7b, 0x97dd, 0x7f7b, 0x4d74, 0x3bef, 0x3bcf, 0x3bce, 0x338e, 0x334c, 0x330c,
0x2249, 0x2208, 0x2a69, 0x2249, 0x2228, 0x19a6, 0x28e9, 0x28ea, 0x290a, 0x312c,
0x412d, 0x310b, 0x30ec, 0x310c, 0x312c, 0x394d, 0x396e, 0x4190, 0x4190, 0x41b1,
0x49f2, 0x5a33, 0x51d3, 0x5a14, 0x5215, 0x7297, 0x9bfb, 0x9c1b, 0xbb9b, 0xb1f8,
0x7974, 0x71b2, 0x59d1, 0x49cf, 0x4a30, 0x5ab3, 0x5ab3, 0x4a10, 0x49d0, 0x5a52,
0x6ab4, 0x6ab4, 0x6294, 0x5a11, 0x498f, 0x4a51, 0x5272, 0x5293, 0x49f0, 0x49d0,
0x6a13, 0x81b5, 0x8996, 0xcada, 0xa39a, 0x7bb9, 0xab9c, 0x9298, 0x5173, 0x51b2,
0x51d2, 0x59b2, 0x4970, 0x494f, 0x414e, 0x390d, 0x390d, 0x390d, 0x398f, 0x39f0,
0x39cf, 0x39cf, 0x41f0, 0x41f1, 0x318e, 0x28e9, 0x30aa, 0x6112, 0x2966, 0x39e8,
0x52ec, 0x5b2d, 0x63af, 0x7492, 0xa659, 0xbf1c, 0x8514, 0x7cd4, 0x7cb3, 0x6c10,
0x1062, 0x2966, 0x4a69, 0x4229, 0x2145, 0x41a5, 0x6a88, 0x5a07, 0x4164, 0x3985,
0x6b6d, 0x532e, 0x944d, 0xf66f, 0xac8c, 0x4acc, 0x7472, 0x84f4, 0x8d55, 0x63af,
0x18a3, 0x18c3, 0x2924, 0x3165, 0x3165, 0x3165, 0x2945, 0x3145, 0x2945, 0x2104,
0x18e3, 0x2104, 0x18a3, 0x52ec, 0x52ec, 0x39e8, 0x31c7, 0x52cb, 0x8b48, 0x6a65,
0x3144, 0x51e5, 0x8328, 0x3924, 0x3923, 0x20a2, 0x49c5, 0x41a5, 0x2125, 0x31a7,
0x0862, 0x2945, 0x6bd0, 0x6c10, 0x5b8e, 0x532d, 0x4aab, 0x4229, 0x39e8, 0x31c7,
0x3a6a, 0x3a6a, 0x3a8a, 0x3a8b, 0x3acc, 0x21c7, 0x6534, 0x6534, 0x32ab, 0x3b2d,
0x434d, 0x3b2d, 0x3b0c, 0x4bf0, 0x6596, 0x65b6, 0x8eba, 0x9f3c, 0x8699, 0x8679,
0x971c, 0x8db5, 0x6266, 0x10a2, 0x2104, 0x0020, 0x28c2, 0x4144, 0x30e3, 0x28c2,
0x28e2, 0x3923, 0x3923, 0x4985, 0x51a5, 0x3923, 0x2965, 0x29a7, 0x2125, 0x7b49,
0x8b89, 0x41c5, 0x1905, 0x2125, 0x2125, 0x1904, 0x18c4, 0x10a3, 0x10a3, 0x10a3,
0x2186, 0x1925, 0x4b2d, 0xa6fb, 0xa71c, 0x6535, 0x3b4e, 0x3b2d, 0x438f, 0x436e,
0x434e, 0x434d, 0x3b4d, 0x7e9a, 0x3b2d, 0x326a, 0x3acc, 0x3a8b, 0x3a8a, 0x3a6a,
0x3a8a, 0x29e8, 0x3186, 0x39e8, 0x29a7, 0x2104, 0x20e3, 0x5b6e, 0x3a08, 0x18e3,
0x2104, 0x2124, 0x3125, 0x3945, 0x2145, 0x3125, 0x20e3, 0x10a2, 0x18c3, 0x1061,
0x4aab, 0x8d96, 0x31a7, 0x1061, 0x1082, 0x1082, 0x1082, 0x1082, 0x18c3, 0x18c3,
0x1882, 0x1082, 0x1082, 0x1082, 0x1062, 0x1082, 0x1882, 0x18a2, 0x18a2, 0x18a2,
0x1082, 0x1062, 0x1082, 0x1082, 0x1882, 0x18a2, 0x18c3, 0x18a2, 0x1082, 0x1082,
0x1082, 0x10a2, 0x0841, 0x428a, 0x8555, 0x31a6, 0x1082, 0x18c3, 0x18a2, 0x2904,
0x3145, 0x2945, 0x3945, 0x2924, 0x2124, 0x2104, 0x2104, 0x4249, 0x530c, 0x18a2,
0x2124, 0x3208, 0x3a49, 0x31a7, 0x2188, 0x2188, 0x2188, 0x2188, 0x19a8, 0x49ab,
0x41aa, 0x41aa, 0xa96f, 0x2988, 0x39eb, 0xb9d2, 0x790b, 0x1842, 0x3885, 0x3885,
0x1042, 0x30a5, 0x30e6, 0x20c4, 0x1883, 0x1062, 0x1863, 0x1062, 0x1063, 0x59f0,
0x9211, 0x59ca, 0x5a6c, 0x49c9, 0x0821, 0x0000, 0x0000, 0x0000, 0x0841, 0x18c4,
0x10a3, 0x1083, 0x632f, 0x7c13, 0x6b70, 0x630f, 0x5aad, 0x5a8d, 0x526c, 0x52ad,
0x424b, 0x30e6, 0x4b90, 0x6417, 0x6233, 0x6ad4, 0x5a52, 0x51f1, 0x6ab5, 0x72f6,
0x6af5, 0x10c5, 0x332e, 0x4350, 0x322c, 0x324c, 0x324c, 0x324b, 0x324b, 0x324c,
0x324c, 0x324c, 0x324c, 0x326c, 0x3a6c, 0x3a8d, 0x38a5, 0x30a5, 0x40c6, 0x5909,
0x714b, 0x794c, 0x794c, 0x816c, 0x81ce, 0x8a50, 0x8271, 0xa434, 0x8330, 0x8b30,
0xb4d5, 0x7b4f, 0x4a2b, 0x62cf, 0x7b73, 0x7bb3, 0x3988, 0x2947, 0x2926, 0x2906,
0x2906, 0x39a8, 0x41ea, 0x41ea, 0x3147, 0x18a3, 0x2906, 0x9c74, 0xcdda, 0xc578,
0xcdd9, 0xd61a, 0xce1a, 0xcdf9, 0xc598, 0xbd37, 0xbd37, 0xcdda, 0x732f, 0x18a4,
0x3988, 0x39a9, 0x4a0a, 0x3167, 0x18c4, 0x20e5, 0x2926, 0x41ea, 0x62cf, 0x6b51,
0x6b10, 0x524c, 0x8bd1, 0xc5b8, 0xc598, 0xac54, 0x93b1, 0xcb36, 0xe1b6, 0xea17,
0xea17, 0xd9f5, 0xb9b2, 0x894d, 0x60e9, 0x40a6, 0x3085, 0x2884, 0x3944, 0x3924,
0x28c3, 0x1882, 0x20a2, 0x28c3, 0x4944, 0x3903, 0x30a3, 0x30c3, 0x38e4, 0x38e3,
0x40e4, 0x40e4, 0x38c3, 0x61a6, 0x92c9, 0x9bcc, 0xad94, 0xa637, 0xa48e, 0x61e4,
0x2945, 0x2105, 0x18c3, 0x18c3, 0x18a3, 0x1083, 0x1082, 0x1062, 0x0842, 0x0842,
0x1082, 0x0842, 0x1062, 0x1062, 0x1062, 0x1082, 0x18a3, 0x18a3, 0x2105, 0x2104,
0x20e4, 0x6b0a, 0xbcee, 0x9bca, 0x59e4, 0x3923, 0x2924, 0x18c4, 0x18c3, 0x1021,
0x43ae, 0x971b, 0x8bcd, 0x92ea, 0x61a6, 0x38c3, 0x40e4, 0x40e4, 0x38c3, 0x38e4,
0x30c3, 0x30c3, 0x3903, 0x4944, 0x28e3, 0x20a2, 0x1882, 0x20c3, 0x3924, 0x3924,
0x19e8, 0x1166, 0x1145, 0x1104, 0x2a8b, 0x2b0d, 0x2b0d, 0x2208, 0x0041, 0x0062,
0x0082, 0x0882, 0x10c3, 0x1104, 0x1966, 0x10e4, 0x0041, 0x0061, 0x0082, 0x0082,
0x0041, 0x0041, 0x0061, 0x08a3, 0x0882, 0x0861, 0x08a2, 0x0882, 0x0061, 0x00e3,
0x13ce, 0x1a29, 0x2229, 0x24f2, 0x330c, 0x3aab, 0x432d, 0x534d, 0x5c10, 0x64b2,
0x5c51, 0x53af, 0x42ec, 0x3a29, 0x2166, 0x2986, 0x2104, 0x2acb, 0x1aca, 0x0000,
0x0061, 0x0041, 0x0081, 0x0061, 0x0061, 0x0062, 0x0882, 0x0061, 0x0082, 0x11c7,
0x0924, 0x0924, 0x0944, 0x0082, 0x08c3, 0x1104, 0x10e4, 0x0904, 0x3df7, 0x3e79,
0x3e99, 0x3555, 
0xb9d7, 0x91b3, 0x522f, 0x2bd3, 0x2d57, 0x2d17, 0x2350, 0x21ea, 0x2169, 0x2168,
0x2169, 0x398b, 0x7a12, 0xb1f6, 0x2169, 0x21cb, 0x1b90, 0x1d97, 0x2577, 0x25b8,
0x1d77, 0x1db7, 0x25d8, 0x2619, 0x1df8, 0x1c93, 0x0a2a, 0x08e5, 0x0862, 0x0862,
0x20a4, 0x28c4, 0x28c4, 0x28c4, 0x28a4, 0x28a4, 0x28a4, 0x28c4, 0x30c4, 0x28c4,
0x28c4, 0x1883, 0x0842, 0x0862, 0x08e5, 0x0a0a, 0x1390, 0x1d35, 0x2639, 0x25f8,
0x1d97, 0x25b7, 0x2619, 0x2577, 0x22ce, 0x218a, 0x2149, 0x88ef, 0xd29a, 0x2c75,
0x2d58, 0x2d37, 0x2391, 0x21ea, 0x1968, 0x1927, 0x1927, 0x1906, 0x1906, 0x1906,
0x18e5, 0x18e5, 0x8348, 0x72e8, 0x4a26, 0x3186, 0x39a6, 0x2146, 0x2146, 0x2146,
0x3186, 0x2146, 0x2126, 0x2986, 0x31e8, 0x3a6a, 0x5acb, 0x5aeb, 0xa3a9, 0x6a25,
0x20c2, 0x18a2, 0x20c3, 0x18a2, 0x1061, 0x1081, 0x1061, 0x0821, 0x72c7, 0xc46b,
0x4965, 0x49a6, 0x4985, 0x4985, 0x4165, 0x3945, 0x3945, 0x3925, 0x3925, 0x3945,
0x3945, 0x4145, 0x4166, 0x4165, 0x4165, 0x6a48, 0x8430, 0x7e9a, 0x2186, 0x1041,
0x1882, 0x1882, 0x1882, 0x20e3, 0x20e3, 0x2104, 0x2145, 0x54d3, 0x5411, 0x430d,
0x42ac, 0x428b, 0x3a4a, 0x29c8, 0x2166, 0x2146, 0x2146, 0x2146, 0x2966, 0x2966,
0x2146, 0x2946, 0x2966, 0x2966, 0x21c7, 0x2a69, 0x2228, 0x2228, 0x2aeb, 0x332c,
0x336d, 0x338e, 0x3bae, 0x3bce, 0x3c2f, 0x5e36, 0x8fbc, 0x97dc, 0x6f19, 0x4d94,
0x4d33, 0x4d53, 0x4d53, 0x4d53, 0x5e16, 0x2b0c, 0x22ab, 0x08a2, 0x08a2, 0x00a2,
0x3124, 0x59a5, 0x59c6, 0x51a6, 0x51a5, 0x5185, 0x5185, 0x4985, 0x4965, 0x4965,
0x4965, 0x4985, 0x5185, 0x5185, 0x5185, 0x51a6, 0x51a6, 0x51a5, 0x2903, 0x00a2,
0x08a2, 0x0082, 0x1a49, 0x2b4d, 0x5e36, 0x5574, 0x4d73, 0x4d53, 0x4d53, 0x55f5,
0x7f7b, 0x97dd, 0x7f7b, 0x4d74, 0x3bef, 0x3bce, 0x3bce, 0x3bae, 0x336d, 0x334c,
0x2a69, 0x2228, 0x2a8a, 0x2a69, 0x2228, 0x21a7, 0x292b, 0x292b, 0x316c, 0x314c,
0x396d, 0x316d, 0x310c, 0x390d, 0x310c, 0x394e, 0x416f, 0x4170, 0x4170, 0x4971,
0x5a33, 0x82f5, 0x69d5, 0x69f6, 0x93da, 0x941a, 0x72b6, 0x6973, 0x60f1, 0xc31a,
0xa217, 0x71b3, 0x59d1, 0x498f, 0x41cf, 0x49f0, 0x49f0, 0x418e, 0x312c, 0x30ca,
0x30a9, 0x2889, 0x28a9, 0x30ca, 0x312c, 0x398e, 0x41af, 0x49f0, 0x418f, 0x4a30,
0x7234, 0x8174, 0xb259, 0xb2b8, 0x50af, 0x5931, 0x6a95, 0x945a, 0x9bfa, 0x7216,
0x5173, 0x61d3, 0x5191, 0x5170, 0x414e, 0x392e, 0x390d, 0x410d, 0x398f, 0x39d0,
0x39d0, 0x39f0, 0x4190, 0x414e, 0x312c, 0x28ea, 0x40ed, 0x5911, 0x3187, 0x2966,
0x638e, 0x7c72, 0x7c92, 0x9e18, 0x95d7, 0x8d55, 0x7431, 0x63f0, 0x6bf0, 0x6bf0,
0x2966, 0x1062, 0x2986, 0x10a3, 0x39c7, 0x5248, 0x28e3, 0x2904, 0x3165, 0x41c6,
0x6b4c, 0x530d, 0x62ea, 0x9c2b, 0x6b2a, 0x532d, 0x8535, 0x7cd4, 0x84d3, 0x8d55,
0x2986, 0x18e4, 0x2945, 0x20e4, 0x2104, 0x2104, 0x2104, 0x20e4, 0x20e3, 0x18e3,
0x18e3, 0x2104, 0x2125, 0x6bcf, 0x4229, 0x39e8, 0x39e8, 0x39e8, 0x5226, 0x51e5,
0x51c5, 0x3944, 0x72a7, 0x6a87, 0x51e5, 0x5a25, 0x51e5, 0x1082, 0x18c3, 0x18c3,
0x0000, 0x4a8a, 0x7431, 0x5b8e, 0x5b6e, 0x5b4e, 0x532d, 0x4aab, 0x4a8a, 0x31c7,
0x3a6a, 0x3a6a, 0x3a8a, 0x3aab, 0x3aec, 0x21c8, 0x6534, 0x6535, 0x32cb, 0x434d,
0x434e, 0x3b4d, 0x3b0d, 0x4c10, 0x6596, 0x65b6, 0x8eba, 0x9f1b, 0x7e59, 0xa75c,
0xaefb, 0x6c92, 0x5a46, 0x18e3, 0x2966, 0x0841, 0x20a2, 0x4124, 0x3923, 0x28c2,
0x28c2, 0x3903, 0x4985, 0x5185, 0x3144, 0x29a6, 0x31e7, 0x2125, 0x2103, 0x7ae7,
0x3985, 0x2146, 0x2a29, 0x2166, 0x2125, 0x1904, 0x18c4, 0x10c3, 0x10a3, 0x10c3,
0x2145, 0x1905, 0x10a3, 0x2986, 0x8575, 0xaf5c, 0x85d7, 0x5411, 0x3b4e, 0x3b4e,
0x436e, 0x436e, 0x436e, 0x7e9a, 0x3b4d, 0x328a, 0x3aec, 0x3aab, 0x3a8b, 0x3a8a,
0x3a8a, 0x29e8, 0x31c7, 0x2945, 0x20e3, 0x2904, 0x3125, 0x4aaa, 0x4aec, 0x2145,
0x2104, 0x2125, 0x2104, 0x2124, 0x2104, 0x2124, 0x2125, 0x18a2, 0x18a3, 0x18a3,
0x2104, 0x3186, 0x2104, 0x1082, 0x1082, 0x1082, 0x1082, 0x1082, 0x18a3, 0x18c3,
0x18a2, 0x1082, 0x1082, 0x1082, 0x1082, 0x1082, 0x1082, 0x1082, 0x1082, 0x1082,
0x1082, 0x1082, 0x1082, 0x1082, 0x18a2, 0x18a3, 0x18c3, 0x1882, 0x1082, 0x1082,
0x1082, 0x1082, 0x1082, 0x2124, 0x2965, 0x18c3, 0x18c3, 0x18a2, 0x18c3, 0x2125,
0x2124, 0x2124, 0x2124, 0x2124, 0x2125, 0x2104, 0x2966, 0x530d, 0x4269, 0x3145,
0x2104, 0x20e3, 0x2986, 0x3a29, 0x2188, 0x21a8, 0x2188, 0x21a8, 0x21a8, 0x29a9,
0x51ab, 0x19a7, 0x81ae, 0x696b, 0x19e9, 0xa232, 0x914d, 0x2063, 0x40a6, 0x50c7,
0x1862, 0x30a5, 0x40e6, 0x28c5, 0x18a3, 0x1062, 0x1062, 0x20a5, 0x20a5, 0x4a11,
0x82b6, 0x89ef, 0x520b, 0x62ad, 0x3147, 0x0842, 0x18c4, 0x18e4, 0x2988, 0x2967,
0x2105, 0x5aad, 0x7391, 0x6b70, 0x6b4f, 0x5ace, 0x5a8d, 0x526c, 0x526c, 0x39c9,
0x3126, 0x41a9, 0x5370, 0x6c17, 0x6233, 0x5a73, 0x6a94, 0x6293, 0x51d0, 0x7af7,
0x5251, 0x10c5, 0x3c52, 0x4370, 0x324c, 0x3a6c, 0x324c, 0x324c, 0x324c, 0x324c,
0x324c, 0x324c, 0x326c, 0x3a6c, 0x3a8d, 0x3a8d, 0x38a6, 0x38a6, 0x50e8, 0x794c,
0x996f, 0x916e, 0x814c, 0x794c, 0x796c, 0x798c, 0x81ad, 0x8b51, 0x6a6c, 0x9bd1,
0xcdf9, 0xc597, 0x5a6c, 0x41ea, 0x62af, 0x41ea, 0x2926, 0x18c4, 0x2105, 0x3147,
0x4a0a, 0x5aad, 0x524c, 0x4a2c, 0x3147, 0x20c4, 0x3147, 0x3988, 0x9c53, 0xd61a,
0xcdfa, 0xcdf9, 0xcdf9, 0xc5d9, 0xc598, 0xc598, 0xcdb9, 0x9c53, 0x2905, 0x20e5,
0x39c9, 0x528d, 0x6b30, 0x524c, 0x3147, 0x20e5, 0x20c4, 0x3168, 0x3988, 0x3167,
0x3988, 0x730e, 0xd63a, 0xd63a, 0xbcf5, 0xb4d6, 0x8370, 0xab53, 0xd9d5, 0xda16,
0xd9f5, 0xc9d4, 0xa990, 0x812c, 0x58e8, 0x40a6, 0x3085, 0x2884, 0x3924, 0x3924,
0x28c3, 0x1882, 0x20a2, 0x28c3, 0x4944, 0x3903, 0x28a3, 0x30c3, 0x38e3, 0x38c3,
0x40e4, 0x40e4, 0x38c3, 0x6186, 0x92a9, 0x93ed, 0xa5f5, 0xb4ee, 0x6205, 0x3187,
0x31a7, 0x2925, 0x18c4, 0x18c3, 0x18a3, 0x1083, 0x1082, 0x1062, 0x0842, 0x0841,
0x1083, 0x0862, 0x1062, 0x1062, 0x1062, 0x1083, 0x18c4, 0x18c4, 0x2105, 0x18e4,
0x3145, 0xa40b, 0x6a25, 0x4143, 0x2924, 0x18e5, 0x18e4, 0x18c4, 0x18a3, 0x1062,
0x3b6e, 0x86fb, 0x8c2f, 0x8b0a, 0x61a6, 0x38c3, 0x38e4, 0x40e4, 0x38c3, 0x38e3,
0x30c3, 0x30a3, 0x3903, 0x4944, 0x28c3, 0x20a2, 0x1882, 0x20c3, 0x3924, 0x3924,
0x1a08, 0x1186, 0x1145, 0x1125, 0x10e4, 0x2aab, 0x2b2d, 0x332d, 0x2208, 0x0020,
0x0061, 0x0062, 0x08a2, 0x10e4, 0x1945, 0x1104, 0x0041, 0x0061, 0x0882, 0x0082,
0x0062, 0x0041, 0x0061, 0x0862, 0x08c3, 0x0882, 0x0861, 0x08a2, 0x0882, 0x0082,
0x01c6, 0x1186, 0x1a29, 0x1cd2, 0x2aab, 0x328a, 0x3aec, 0x432d, 0x4bae, 0x5430,
0x53ef, 0x4b4d, 0x42ec, 0x3249, 0x2166, 0x21c7, 0x2a49, 0x2b0c, 0x0041, 0x0041,
0x0041, 0x0061, 0x0061, 0x0061, 0x0041, 0x0082, 0x0882, 0x0082, 0x08a2, 0x1125,
0x08e4, 0x08e3, 0x08c3, 0x08a3, 0x1125, 0x1146, 0x08c4, 0x236d, 0x46da, 0x3617,
0x3e38, 0x3535, 
0x89b2, 0x69af, 0x422e, 0x2bd3, 0x2d57, 0x2d17, 0x2350, 0x21ea, 0x2169, 0x2168,
0x2169, 0x398c, 0x69f0, 0xd219, 0x50eb, 0x1989, 0x21ec, 0x23b1, 0x2597, 0x1d97,
0x1d77, 0x1db8, 0x1e18, 0x1c93, 0x0a2b, 0x0927, 0x09e9, 0x00a4, 0x0883, 0x0883,
0x0842, 0x0842, 0x1063, 0x1883, 0x20a3, 0x20a4, 0x20a4, 0x20a3, 0x1883, 0x1062,
0x0842, 0x0862, 0x0883, 0x0883, 0x0083, 0x09c9, 0x0988, 0x08c6, 0x12ac, 0x1cf5,
0x25f8, 0x1d77, 0x1bf2, 0x226e, 0x21cb, 0x1927, 0x2866, 0x88ef, 0x8b16, 0x2454,
0x2d58, 0x2d37, 0x23b1, 0x220a, 0x1948, 0x1927, 0x1927, 0x1906, 0x1906, 0x1906,
0x18e6, 0x18e5, 0x93a9, 0x8348, 0x5247, 0x39a6, 0x39a6, 0x2146, 0x2146, 0x2146,
0x2146, 0x2146, 0x2946, 0x31a7, 0x31e8, 0x426a, 0x52ab, 0x630b, 0xab88, 0x59c4,
0x1882, 0x18a2, 0x18c3, 0x1882, 0x1061, 0x1061, 0x18a2, 0x18a3, 0x72c7, 0xdd0c,
0x51a6, 0x4986, 0x49a6, 0x4985, 0x4985, 0x4985, 0x4165, 0x4165, 0x4166, 0x4186,
0x4986, 0x4166, 0x4165, 0x4165, 0x5a28, 0x8b6c, 0x8450, 0x86fc, 0x21e8, 0x18c4,
0x1881, 0x1882, 0x1081, 0x20c3, 0x20e3, 0x2124, 0x1904, 0x43ae, 0x5452, 0x432d,
0x42ac, 0x428b, 0x3a4a, 0x31c7, 0x2966, 0x2146, 0x2146, 0x2146, 0x2946, 0x2946,
0x2946, 0x2946, 0x2966, 0x2966, 0x21e7, 0x2aaa, 0x2249, 0x2a49, 0x332c, 0x334d,
0x336d, 0x338e, 0x3bae, 0x3bce, 0x3c0f, 0x5e16, 0x87bc, 0x8fdc, 0x6f19, 0x4d74,
0x4d33, 0x4d33, 0x4d53, 0x4d53, 0x5e56, 0x2aeb, 0x2249, 0x22ab, 0x08a2, 0x08a2,
0x4164, 0x51a5, 0x61e6, 0x59c6, 0x51a6, 0x51a5, 0x51a6, 0x51a6, 0x51a6, 0x51a6,
0x51a6, 0x51a6, 0x51a5, 0x5185, 0x51a5, 0x59c6, 0x59e6, 0x5185, 0x3944, 0x08a2,
0x0061, 0x1a49, 0x1a49, 0x2aeb, 0x5e56, 0x4d53, 0x4d53, 0x4d53, 0x4d53, 0x55f5,
0x7f7b, 0x97dc, 0x7f7b, 0x4d74, 0x3bef, 0x3bce, 0x3bce, 0x3bae, 0x338d, 0x336d,
0x2aaa, 0x2228, 0x2aaa, 0x2a8a, 0x2a49, 0x21c7, 0x292b, 0x294b, 0x292b, 0x30ea,
0x310c, 0x392d, 0x392c, 0x38ed, 0x416e, 0x39cf, 0x396f, 0x414f, 0x4970, 0x4971,
0x6a34, 0x8a77, 0x92d9, 0xacdc, 0x72f6, 0x50d0, 0x5890, 0x7914, 0x8916, 0xba9a,
0xcb3b, 0x89d5, 0x5990, 0x51af, 0x41cf, 0x41cf, 0x41cf, 0x418e, 0x392c, 0x30aa,
0x2868, 0x2869, 0x2868, 0x28a9, 0x392c, 0x4250, 0x41cf, 0x41cf, 0x418e, 0x5211,
0x71b3, 0xa238, 0xdbfc, 0xa1d8, 0x8936, 0x7113, 0x58b0, 0x50f0, 0x72f5, 0xa4bb,
0x82b7, 0x71b5, 0x8235, 0x69b3, 0x414f, 0x412e, 0x412e, 0x412e, 0x396f, 0x398f,
0x41b0, 0x41d1, 0x4170, 0x396e, 0x314c, 0x290b, 0x490f, 0x48ef, 0x3187, 0x3186,
0x5b4d, 0x9dd7, 0x8d55, 0x74b3, 0x6c51, 0x63d0, 0x6c10, 0x63af, 0x5b4e, 0x5b6e,
0x426a, 0x1082, 0x0862, 0x18e4, 0x31a7, 0x6b2c, 0x3186, 0x4a28, 0x4a07, 0x736c,
0x6b4d, 0x5b8e, 0x63d0, 0x4acc, 0x5b6e, 0x8d76, 0x8d76, 0x8535, 0x8514, 0x8d55,
0x63af, 0x39c7, 0x426a, 0x4229, 0x4229, 0x4a8a, 0x4249, 0x3a08, 0x3a08, 0x39e8,
0x39e7, 0x3186, 0x31c7, 0x638f, 0x3a08, 0x3a29, 0x3a09, 0x39e8, 0x2986, 0x49a5,
0x51c5, 0x49a5, 0x3944, 0x4164, 0x3944, 0x28e3, 0x1882, 0x2125, 0x18e4, 0x18c3,
0x1082, 0x5b4d, 0x530c, 0x52ec, 0x532d, 0x52cc, 0x4aab, 0x52ec, 0x5b4d, 0x3166,
0x3a6a, 0x3a8a, 0x3a8b, 0x3aab, 0x3aec, 0x29e8, 0x6555, 0x6535, 0x32cc, 0x434e,
0x436e, 0x434e, 0x3b2d, 0x4c31, 0x6596, 0x6596, 0x8679, 0xaf7d, 0xaf7d, 0x7d13,
0x2166, 0x5b8e, 0x41a4, 0x18a2, 0x18e4, 0x10a2, 0x1881, 0x3903, 0x4124, 0x30e3,
0x30e3, 0x3923, 0x51a5, 0x4164, 0x0841, 0x3186, 0x2945, 0x18e4, 0x20e3, 0x6a86,
0x3165, 0x21e8, 0x4df7, 0x3c10, 0x1905, 0x1925, 0x18e4, 0x10c4, 0x10a3, 0x2166,
0x2145, 0x2125, 0x2166, 0x18e4, 0x10a3, 0x5bcf, 0x9638, 0xa6ba, 0x8e38, 0x5c52,
0x3b4e, 0x3b2d, 0x436e, 0x7eba, 0x436e, 0x32ab, 0x3aec, 0x3acb, 0x3aab, 0x3a8b,
0x3a8b, 0x29e8, 0x20c3, 0x20e3, 0x3945, 0xb146, 0x5945, 0x2965, 0x532d, 0x31e8,
0x2104, 0x2104, 0x2104, 0x2104, 0x2125, 0x2965, 0x3186, 0x18e4, 0x1082, 0x18a3,
0x18c3, 0x2965, 0x2124, 0x1082, 0x1082, 0x1082, 0x1082, 0x1082, 0x1882, 0x18c3,
0x18a3, 0x1882, 0x1082, 0x1082, 0x1082, 0x1082, 0x1082, 0x1082, 0x1082, 0x1882,
0x1082, 0x1082, 0x1062, 0x1082, 0x18a2, 0x18c3, 0x18a3, 0x1082, 0x1082, 0x1082,
0x1082, 0x1082, 0x10a2, 0x2925, 0x2925, 0x18c3, 0x18c3, 0x1082, 0x2125, 0x31a7,
0x2966, 0x2125, 0x2104, 0x2104, 0x2104, 0x2125, 0x3a29, 0x530c, 0x2166, 0x6986,
0xa186, 0x3165, 0x20e3, 0x20e4, 0x21a8, 0x21a8, 0x21a8, 0x21a8, 0x29a8, 0x21a8,
0x41ca, 0x39aa, 0x21a8, 0x71ad, 0x51ec, 0x8a51, 0xa96f, 0x2884, 0x40c7, 0x710a,
0x2884, 0x3085, 0x48c7, 0x30c5, 0x20a4, 0x1083, 0x18c5, 0x20a5, 0x312a, 0x49cf,
0x5253, 0x7a53, 0x81ce, 0x4a0a, 0x5a6c, 0x3127, 0x1883, 0x1083, 0x1062, 0x20c4,
0x4a0a, 0x62ee, 0x6b50, 0x6b70, 0x630f, 0x5aad, 0x526c, 0x4a4b, 0x3988, 0x28e5,
0x41ea, 0x4a0b, 0x4b0f, 0x6c17, 0x6253, 0x6274, 0x6274, 0x6a94, 0x6a95, 0x51d1,
0x2107, 0x2209, 0x56bb, 0x3b2f, 0x3a6c, 0x3a6c, 0x3a6c, 0x324c, 0x324c, 0x326c,
0x326c, 0x3a6c, 0x3a6c, 0x3a8c, 0x3a8d, 0x3a8d, 0x38a6, 0x40c6, 0x6109, 0x916e,
0xb191, 0xa190, 0x894d, 0x712b, 0x712b, 0x712b, 0x81ad, 0x72ae, 0x7b0f, 0xc5b8,
0xcdd8, 0xde9b, 0xb516, 0x41c9, 0x3167, 0x2906, 0x2905, 0x3167, 0x39c9, 0x420a,
0x4a2b, 0x4a2c, 0x4a0b, 0x4a2b, 0x39c9, 0x20c4, 0x3147, 0x39a9, 0x41ea, 0x8bf2,
0xc598, 0xd63a, 0xde5b, 0xd63a, 0xcdb9, 0xbd37, 0x8390, 0x3126, 0x18a4, 0x2926,
0x420b, 0x6b10, 0x7bb3, 0x5aae, 0x39c9, 0x39a8, 0x2926, 0x20e5, 0x2905, 0x2105,
0x3147, 0xacf5, 0xde7a, 0xde9b, 0xc536, 0xa391, 0x730f, 0x8ad0, 0xd1f4, 0xc1b3,
0xb9b2, 0xb191, 0x914e, 0x710a, 0x50e8, 0x40a6, 0x3085, 0x2884, 0x3924, 0x3924,
0x28c3, 0x1882, 0x20a2, 0x28c3, 0x4944, 0x3903, 0x28a3, 0x30c3, 0x38e3, 0x38c3,
0x40e4, 0x38e3, 0x38c3, 0x6185, 0x8aa8, 0x9bee, 0x9574, 0x8b49, 0x5a06, 0x2967,
0x2966, 0x2125, 0x2105, 0x18c4, 0x18a3, 0x1083, 0x1082, 0x1062, 0x0842, 0x0841,
0x1083, 0x1062, 0x1062, 0x1062, 0x1082, 0x18c4, 0x20e4, 0x20e4, 0x2105, 0x18e4,
0x3965, 0x7246, 0x4164, 0x2125, 0x18e4, 0x3145, 0x20e4, 0x18c4, 0x18a3, 0x18a3,
0x1925, 0x7679, 0x8554, 0x830b, 0x61e7, 0x38e4, 0x38e4, 0x40e4, 0x38c3, 0x38e3,
0x30c3, 0x30a3, 0x38e3, 0x4144, 0x28c3, 0x20a2, 0x1882, 0x20c3, 0x3104, 0x3924,
0x1a08, 0x1186, 0x1145, 0x1125, 0x1105, 0x10e4, 0x2acb, 0x336e, 0x338f, 0x2229,
0x0020, 0x0061, 0x0882, 0x08c3, 0x1925, 0x1925, 0x0041, 0x0061, 0x0882, 0x0082,
0x0882, 0x0041, 0x0041, 0x0061, 0x0862, 0x10e3, 0x08a2, 0x0861, 0x08a2, 0x0882,
0x0061, 0x00a2, 0x11a6, 0x1c30, 0x2249, 0x3249, 0x326a, 0x3aab, 0x3aab, 0x432d,
0x432d, 0x3249, 0x29c7, 0x3208, 0x2166, 0x2186, 0x334d, 0x1165, 0x0000, 0x0041,
0x0041, 0x0041, 0x0061, 0x0061, 0x0061, 0x0882, 0x0882, 0x0082, 0x08e4, 0x1104,
0x0904, 0x08c3, 0x0882, 0x1104, 0x1946, 0x1166, 0x1187, 0x4617, 0x3e79, 0x3638,
0x35f7, 0x3514, 
0x416b, 0x396a, 0x2a0c, 0x2bd2, 0x2d57, 0x2d17, 0x2350, 0x21ea, 0x2169, 0x2169,
0x2169, 0x39ac, 0x61f0, 0xba37, 0x68cc, 0x1884, 0x1989, 0x220c, 0x22ce, 0x1c33,
0x1db7, 0x1d97, 0x12ad, 0x08a5, 0x0063, 0x0926, 0x0987, 0x00a3, 0x0862, 0x0883,
0x0883, 0x0862, 0x0842, 0x0842, 0x0842, 0x0862, 0x0862, 0x0842, 0x0842, 0x0842,
0x10a3, 0x0883, 0x0863, 0x0862, 0x0883, 0x0946, 0x0987, 0x0084, 0x0063, 0x09a9,
0x23f2, 0x22ef, 0x21eb, 0x1989, 0x10c5, 0x1064, 0x2825, 0x51ce, 0x72f3, 0x3c75,
0x2d98, 0x2d78, 0x2bb2, 0x21eb, 0x1948, 0x1927, 0x1927, 0x1906, 0x1906, 0x1906,
0x18e6, 0x18e6, 0x9be9, 0x8369, 0x5a47, 0x3186, 0x2146, 0x2946, 0x2946, 0x2126,
0x1926, 0x2946, 0x2966, 0x3186, 0x31e8, 0x426a, 0x428a, 0x7b2a, 0xab67, 0x4163,
0x1882, 0x18a2, 0x18a3, 0x1082, 0x1061, 0x0841, 0x3944, 0x18e4, 0x3964, 0xc46b,
0x6a47, 0x4986, 0x51a6, 0x4986, 0x4985, 0x4986, 0x4986, 0x4986, 0x4986, 0x4986,
0x4986, 0x4965, 0x4165, 0x51c6, 0x8b8c, 0x8b6c, 0x7cd3, 0x7e59, 0x2125, 0x1946,
0x1904, 0x1061, 0x1882, 0x18a2, 0x20c3, 0x2104, 0x1904, 0x32aa, 0x5452, 0x432e,
0x42ac, 0x3a6b, 0x3a29, 0x31c7, 0x2966, 0x2146, 0x2146, 0x2146, 0x2146, 0x2946,
0x2966, 0x2946, 0x2966, 0x3166, 0x2208, 0x2acb, 0x2a69, 0x2a69, 0x334c, 0x336d,
0x338d, 0x338e, 0x3bae, 0x3bae, 0x3c0f, 0x55f5, 0x7f9b, 0x87bc, 0x6ed8, 0x4d53,
0x4d12, 0x4d33, 0x4d53, 0x4d53, 0x55d5, 0x22ca, 0x1125, 0x2aec, 0x232d, 0x2944,
0x4924, 0x51a5, 0x6a27, 0x6207, 0x59c6, 0x51a6, 0x59a6, 0x59c6, 0x59c6, 0x59c6,
0x59c6, 0x59a6, 0x51a6, 0x51a5, 0x59c6, 0x6207, 0x6206, 0x4985, 0x4944, 0x3103,
0x22ec, 0x2b0c, 0x1124, 0x2249, 0x5e16, 0x5574, 0x4d53, 0x4d53, 0x4d33, 0x55b4,
0x773a, 0x87dc, 0x775a, 0x4d53, 0x3bef, 0x3bce, 0x3bce, 0x3bae, 0x338e, 0x336d,
0x32eb, 0x2228, 0x2aaa, 0x2aaa, 0x2a69, 0x21c7, 0x314c, 0x314c, 0x292b, 0x310b,
0x310c, 0x390c, 0x390c, 0x392d, 0x412e, 0x390d, 0x394e, 0x41b0, 0x4970, 0x4991,
0x6154, 0xb35b, 0xa53c, 0x59b3, 0x508f, 0x6111, 0x9177, 0xa179, 0x7113, 0x99f7,
0x99d6, 0x89d4, 0x79b4, 0x518f, 0x49af, 0x41f0, 0x4210, 0x4a31, 0x5a92, 0x6b75,
0x7cb8, 0x8d7a, 0x7cd8, 0x6bb6, 0x5a93, 0x5292, 0x4a30, 0x4a10, 0x49cf, 0x51d1,
0x9216, 0xa256, 0xcafa, 0x8175, 0x7914, 0xa979, 0xa159, 0x68f2, 0x506f, 0x5151,
0xa55c, 0xa39a, 0x71b5, 0x69d4, 0x4991, 0x4950, 0x4950, 0x494f, 0x39d0, 0x39d0,
0x4211, 0x4211, 0x39b0, 0x398e, 0x312c, 0x30ec, 0x5130, 0x40ee, 0x31a7, 0x39c7,
0x5b0d, 0x63d0, 0x5b4e, 0x5b6e, 0x63cf, 0x638f, 0x5b6e, 0x5b4e, 0x530c, 0x530d,
0x52ec, 0x1082, 0x2125, 0x39e8, 0x3a29, 0x4a49, 0x734d, 0x6b2c, 0x7bce, 0x8c0f,
0x31a7, 0x7472, 0x8d76, 0x8d76, 0xa659, 0x9e18, 0x95b7, 0x9597, 0x8555, 0x8d76,
0x9576, 0x84d3, 0x5b4d, 0x3a08, 0x4208, 0x528a, 0x4a6a, 0x4249, 0x4208, 0x31a6,
0x2965, 0x3a08, 0x63af, 0x4acc, 0x4229, 0x4249, 0x4229, 0x31e8, 0x49e7, 0x59e5,
0x51a5, 0x49a5, 0x4985, 0x4144, 0x3103, 0x20a2, 0x28e3, 0x2966, 0x2966, 0x18c3,
0x2945, 0x6bf0, 0x2125, 0x4a8a, 0x530d, 0x4aab, 0x4aab, 0x4a8a, 0x52cc, 0x3186,
0x3a8a, 0x3a8a, 0x3a8b, 0x3aab, 0x42ec, 0x2a09, 0x6555, 0x6555, 0x3aec, 0x436e,
0x436e, 0x436e, 0x3b4e, 0x4bf0, 0x6596, 0x7e38, 0xa77d, 0xaf1c, 0x4b0c, 0x0000,
0x1082, 0x4b2d, 0x41a4, 0x10a2, 0x0000, 0x0861, 0x1882, 0x30e2, 0x4144, 0x3923,
0x3923, 0x4964, 0x5185, 0x3944, 0x0020, 0x10a2, 0x2125, 0x18e4, 0x18c3, 0x6a86,
0x3144, 0x2a6a, 0x3410, 0x4451, 0x330c, 0x18c4, 0x1904, 0x10a3, 0x2166, 0x2986,
0x2125, 0x2146, 0x2166, 0x2166, 0x2125, 0x18e4, 0x3208, 0x3a8a, 0x74b2, 0xaedb,
0x9e9a, 0x64d3, 0x438f, 0x7e99, 0x436e, 0x3acc, 0x430d, 0x3acc, 0x3aab, 0x3aab,
0x3aab, 0x29e8, 0x2925, 0x2945, 0x3945, 0x6125, 0x4145, 0x2924, 0x4229, 0x4acb,
0x2125, 0x20e4, 0x2104, 0x2945, 0x2966, 0x2965, 0x2966, 0x2945, 0x18a2, 0x18a3,
0x18c3, 0x2945, 0x2925, 0x18c3, 0x1082, 0x1082, 0x1082, 0x1082, 0x1082, 0x18a3,
0x18c3, 0x1882, 0x1082, 0x1062, 0x1082, 0x1082, 0x1082, 0x1082, 0x1082, 0x1082,
0x1062, 0x1082, 0x1082, 0x1882, 0x18a2, 0x18c3, 0x1882, 0x1082, 0x1082, 0x1082,
0x1082, 0x1082, 0x18c3, 0x2945, 0x2924, 0x18a3, 0x18a2, 0x18c3, 0x2986, 0x2986,
0x2966, 0x2966, 0x2945, 0x20e4, 0x18e3, 0x2966, 0x4acc, 0x3a08, 0x2945, 0x4166,
0x6165, 0x3165, 0x2966, 0x2945, 0x21a8, 0x21a8, 0x21a8, 0x21a8, 0x29a8, 0x29c9,
0x29c9, 0x39aa, 0x31a9, 0x29e9, 0x59ec, 0x7a10, 0xb1d2, 0x48a6, 0x516a, 0x796d,
0x50a7, 0x2884, 0x58c8, 0x30a5, 0x28a5, 0x1062, 0x49ce, 0x41ce, 0x2909, 0x49af,
0x6273, 0x5a74, 0x8a95, 0x79ee, 0x49ea, 0x520b, 0x4168, 0x3988, 0x49ea, 0x524c,
0x62ce, 0x6b50, 0x6b70, 0x6b4f, 0x5ace, 0x526c, 0x4a0b, 0x3147, 0x28e5, 0x39a8,
0x5a8d, 0x4a0b, 0x4a6d, 0x63b5, 0x6274, 0x6294, 0x6294, 0x6a95, 0x6232, 0x2928,
0x18e5, 0x2aac, 0x567a, 0x32ad, 0x320a, 0x320b, 0x320a, 0x320a, 0x320a, 0x320b,
0x320b, 0x320a, 0x320a, 0x320a, 0x322b, 0x3a6c, 0x40a6, 0x48c7, 0x690a, 0x996f,
0xb9b2, 0xa991, 0x894d, 0x712b, 0x692a, 0x690a, 0x81cd, 0x832f, 0x730f, 0x9474,
0xad16, 0xcdb8, 0xcdf9, 0x62cd, 0x18a4, 0x20c4, 0x41c9, 0x41ea, 0x8c12, 0x6b0f,
0x4a4c, 0x4a2b, 0x7350, 0x5aae, 0x526d, 0x20e5, 0x2905, 0x4189, 0x49ca, 0x3989,
0x520b, 0x6aee, 0x7b70, 0x83b1, 0x730f, 0x4a0a, 0x3147, 0x2926, 0x20c4, 0x3988,
0x6b30, 0x8c35, 0x6b0f, 0x4a0b, 0x62ad, 0x8c12, 0x3988, 0x3167, 0x18a4, 0x20e5,
0x2926, 0x9432, 0xd65a, 0xde7a, 0xd61a, 0xa433, 0x728d, 0x728e, 0xb1f2, 0xa16f,
0x916e, 0x894d, 0x710b, 0x60e9, 0x48c7, 0x38a6, 0x3085, 0x2884, 0x30e3, 0x28c3,
0x20a2, 0x1882, 0x20a2, 0x28c3, 0x4144, 0x3903, 0x28a3, 0x30c3, 0x38e3, 0x38c3,
0x38e4, 0x38e3, 0x38c3, 0x5985, 0x8aa8, 0x82ea, 0x8cd2, 0x7bed, 0x7265, 0x3166,
0x41c7, 0x3985, 0x2105, 0x20e4, 0x18a3, 0x1083, 0x1062, 0x0842, 0x0841, 0x0821,
0x1083, 0x1082, 0x1062, 0x1062, 0x1883, 0x2105, 0x20e4, 0x2105, 0x2104, 0x18c4,
0x4185, 0x7266, 0x3124, 0x3165, 0x6a67, 0x5a05, 0x20e4, 0x18c4, 0x18a3, 0x1083,
0x18a3, 0x4c10, 0x873c, 0x8575, 0x5a49, 0x3904, 0x38e4, 0x40e4, 0x38c3, 0x38e3,
0x30c3, 0x30a3, 0x38e3, 0x4144, 0x28c3, 0x20a2, 0x1882, 0x20a2, 0x28c3, 0x30e3,
0x1a08, 0x1166, 0x1145, 0x1105, 0x1125, 0x1125, 0x1104, 0x2b2d, 0x33cf, 0x3bd0,
0x2249, 0x0020, 0x0061, 0x0882, 0x1104, 0x1945, 0x0882, 0x0061, 0x0882, 0x0882,
0x08a2, 0x0062, 0x0041, 0x0061, 0x0061, 0x0882, 0x1104, 0x08c3, 0x0861, 0x0882,
0x0882, 0x0061, 0x0082, 0x138d, 0x1a49, 0x21a7, 0x2a08, 0x3229, 0x3249, 0x326a,
0x3249, 0x2145, 0x2125, 0x29e8, 0x1904, 0x21e7, 0x2aca, 0x0000, 0x0041, 0x0041,
0x0041, 0x0041, 0x0061, 0x0061, 0x0082, 0x0882, 0x0882, 0x08c3, 0x1124, 0x0904,
0x1104, 0x08a2, 0x1104, 0x1945, 0x1987, 0x0946, 0x3471, 0x46fb, 0x3e59, 0x3e59,
0x35b7, 0x3514, 
0x2148, 0x2168, 0x220b, 0x2bd2, 0x2d57, 0x2d16, 0x2350, 0x21ea, 0x2169, 0x2168,
0x2169, 0x39ac, 0x69f0, 0x6a72, 0x610d, 0x2064, 0x0883, 0x10e5, 0x19a9, 0x222d,
0x2330, 0x1aee, 0x0927, 0x08a4, 0x0883, 0x0905, 0x0105, 0x0883, 0x0862, 0x1863,
0x1063, 0x0883, 0x0842, 0x0842, 0x0842, 0x0842, 0x0842, 0x0842, 0x0842, 0x1083,
0x0882, 0x1843, 0x1063, 0x0862, 0x0863, 0x08c4, 0x0926, 0x08e5, 0x1a8d, 0x228d,
0x222c, 0x19ca, 0x10e6, 0x0863, 0x0863, 0x0803, 0x19a9, 0x3a8f, 0xb236, 0x2c95,
0x35b9, 0x2d98, 0x2bd2, 0x21ea, 0x1948, 0x1927, 0x1927, 0x1906, 0x1906, 0x1906,
0x18e6, 0x18e6, 0x9be9, 0x8b69, 0x5a47, 0x3186, 0x2946, 0x2946, 0x2126, 0x39c7,
0x6268, 0x2126, 0x2966, 0x2986, 0x31e8, 0x4249, 0x426a, 0x8b6a, 0x9b27, 0x3103,
0x1882, 0x18c3, 0x18a2, 0x1061, 0x1061, 0x18a2, 0x6247, 0x18c4, 0x20c3, 0x59c6,
0x6a47, 0x4986, 0x51a6, 0x4986, 0x4985, 0x4986, 0x4986, 0x4986, 0x4986, 0x4986,
0x4986, 0x4965, 0x51a6, 0x832b, 0x93ee, 0x8b8d, 0x7c50, 0x6b0b, 0x28e3, 0x1105,
0x324a, 0x1061, 0x1881, 0x18a2, 0x18c3, 0x18e4, 0x1924, 0x29e8, 0x5431, 0x432e,
0x42ac, 0x3a6b, 0x3209, 0x29a7, 0x2966, 0x2146, 0x2146, 0x2946, 0x39c6, 0x31a6,
0x2966, 0x2966, 0x2966, 0x3166, 0x2208, 0x2acb, 0x2a8a, 0x2a69, 0x334d, 0x336d,
0x338d, 0x3b8e, 0x3bae, 0x3bae, 0x3bef, 0x4d12, 0x5e57, 0x6697, 0x55f5, 0x4d33,
0x4d12, 0x4d33, 0x4d53, 0x5573, 0x55b4, 0x1a08, 0x1166, 0x19a7, 0x22ec, 0x338e,
0x39e7, 0x5144, 0x6a47, 0x7288, 0x61e6, 0x59a6, 0x59c6, 0x59c6, 0x59c6, 0x59c6,
0x59c6, 0x59c6, 0x59a6, 0x59a6, 0x6206, 0x7268, 0x6207, 0x4944, 0x4185, 0x336e,
0x232c, 0x19a7, 0x1125, 0x2269, 0x5e36, 0x4d53, 0x4d53, 0x4d33, 0x4d33, 0x4d53,
0x5e36, 0x6698, 0x5e16, 0x44b1, 0x3bef, 0x3bce, 0x3bce, 0x3bae, 0x3b8e, 0x338d,
0x332c, 0x2249, 0x2aaa, 0x2aeb, 0x2a8a, 0x21e7, 0x3a51, 0x31ce, 0x31ce, 0x31ae,
0x396d, 0x392d, 0x390d, 0x390d, 0x390c, 0x390d, 0x412e, 0x49d1, 0x4971, 0x5171,
0x7216, 0xadbd, 0x59b2, 0x508f, 0x6131, 0x9137, 0x7934, 0x6913, 0x78f4, 0x9156,
0x8133, 0x408b, 0x7992, 0x79d4, 0x496e, 0x41cf, 0x4a31, 0x5af3, 0x7417, 0x8519,
0x95fb, 0x9e1b, 0x95bb, 0x7cf9, 0x6bb6, 0x5ab3, 0x5292, 0x41cf, 0x51d1, 0x8215,
0x7171, 0x58ee, 0xa9f7, 0x8955, 0x7914, 0x6912, 0x9136, 0x8936, 0x6112, 0x508f,
0x61f3, 0xa5dd, 0x8257, 0x4972, 0x4991, 0x4970, 0x4970, 0x414f, 0x39af, 0x41f1,
0x4252, 0x39cf, 0x39cf, 0x39af, 0x312c, 0x412e, 0x4950, 0x40ee, 0x31a7, 0x4229,
0x5b0d, 0x52cc, 0x4aab, 0x52ec, 0x5b8e, 0x532d, 0x4acc, 0x4aec, 0x4aab, 0x31c7,
0x4acc, 0x2104, 0x2125, 0x3a08, 0x5baf, 0x3a29, 0x3145, 0x4a28, 0x62eb, 0x4185,
0x41c6, 0x8d55, 0x9dd7, 0xae7a, 0x9596, 0x7c92, 0xa69a, 0xa659, 0xa639, 0x9df8,
0x8514, 0x7cd4, 0x8d35, 0x530c, 0x2104, 0x39c7, 0x39c7, 0x31a7, 0x3166, 0x2924,
0x20c3, 0x5b2d, 0x5b4d, 0x426a, 0x426a, 0x424a, 0x3a29, 0x41e7, 0x5a06, 0x51c5,
0x51c5, 0x51c5, 0x4985, 0x4164, 0x28c3, 0x4164, 0x3944, 0x2966, 0x2966, 0x18e4,
0x2104, 0x4aab, 0x4a8b, 0x52ec, 0x4aab, 0x4aab, 0x4a8b, 0x4229, 0x4229, 0x39a7,
0x3a8a, 0x3a8a, 0x3aab, 0x3acb, 0x430d, 0x2a29, 0x6555, 0x6555, 0x3b0d, 0x438f,
0x438e, 0x3b2d, 0x436e, 0x7576, 0xa6fb, 0xb75d, 0x8555, 0x2145, 0x0821, 0x10c3,
0x10c3, 0x2186, 0x3984, 0x10a2, 0x0020, 0x0020, 0x10a2, 0x28a2, 0x4985, 0x4984,
0x4144, 0x4984, 0x3944, 0x10a3, 0x0861, 0x0861, 0x2124, 0x18e4, 0x10a2, 0x6a66,
0x3144, 0x2209, 0x3c10, 0x1966, 0x2208, 0x1904, 0x10c3, 0x2166, 0x2987, 0x2145,
0x2166, 0x2987, 0x2166, 0x2146, 0x2146, 0x2145, 0x1904, 0x2125, 0x18e4, 0x31e8,
0x6c51, 0x9679, 0x9eba, 0xa75c, 0x4baf, 0x328b, 0x3aec, 0x3aec, 0x3aec, 0x3aab,
0x3aab, 0x2a08, 0x2945, 0x2945, 0x2945, 0x2945, 0x3145, 0x2965, 0x2945, 0x426a,
0x31c7, 0x2104, 0x2104, 0x2125, 0x2986, 0x2966, 0x2945, 0x2966, 0x18a2, 0x1082,
0x18c3, 0x2945, 0x2925, 0x2104, 0x10a2, 0x1082, 0x1082, 0x10a2, 0x1082, 0x1882,
0x18c3, 0x18a3, 0x1882, 0x1082, 0x1062, 0x1062, 0x1062, 0x1082, 0x1062, 0x1062,
0x1062, 0x1082, 0x1082, 0x1882, 0x18a3, 0x18a3, 0x1082, 0x1082, 0x1082, 0x1082,
0x1082, 0x18c3, 0x2104, 0x2925, 0x2104, 0x18a2, 0x1082, 0x18e3, 0x2966, 0x2966,
0x2986, 0x3186, 0x2125, 0x2104, 0x2104, 0x39e8, 0x426a, 0x3166, 0x3166, 0x2965,
0x2945, 0x2945, 0x2945, 0x2945, 0x21a8, 0x29a8, 0x29a8, 0x29a9, 0x29c9, 0x29c9,
0x29c9, 0x29c9, 0x29c9, 0x31ea, 0x2a2a, 0x5a4e, 0xaa53, 0x890b, 0x4189, 0x7230,
0x818e, 0x4886, 0x50e7, 0x48c7, 0x30a5, 0x1883, 0x314a, 0x6ad7, 0x418e, 0x5a53,
0x6253, 0x6ad4, 0x62b4, 0x8a33, 0x71cd, 0x4a0a, 0x62ee, 0x7c13, 0x8c95, 0x8c95,
0x8454, 0x7bf2, 0x7391, 0x630f, 0x5a8c, 0x41ea, 0x3106, 0x2906, 0x3147, 0x528c,
0x5aad, 0x4a0b, 0x41ea, 0x5312, 0x6273, 0x72b5, 0x6a95, 0x49cf, 0x2127, 0x2127,
0x10c4, 0x228b, 0x4c74, 0x1987, 0x1925, 0x1925, 0x1905, 0x1905, 0x1905, 0x1905,
0x1905, 0x1905, 0x1905, 0x1905, 0x1925, 0x29c9, 0x40c6, 0x48e7, 0x712b, 0xa190,
0xb9b2, 0xa991, 0x894d, 0x712a, 0x610a, 0x68ea, 0x81ee, 0x7b30, 0x7b70, 0x9454,
0xbd16, 0xce19, 0xce1a, 0x628c, 0x1883, 0x1063, 0x20e5, 0x3988, 0x49ea, 0x524c,
0x526d, 0x3968, 0x5a6b, 0x6b10, 0x62ef, 0x2926, 0x49a9, 0x72ae, 0x72ad, 0x628c,
0x5a2b, 0x6a8d, 0x4148, 0x4969, 0x5a2c, 0x3968, 0x4989, 0x3126, 0x20e5, 0x4a0b,
0x6b51, 0x628c, 0x3968, 0x4a2c, 0x41c9, 0x41c9, 0x3988, 0x3167, 0x18a3, 0x1083,
0x520a, 0xbd57, 0xcdf9, 0xde7a, 0xde5a, 0xacd5, 0x8b30, 0x82af, 0xa1d0, 0x812c,
0x792b, 0x690a, 0x60e9, 0x50c8, 0x48c7, 0x38a6, 0x3085, 0x2884, 0x20a3, 0x20a2,
0x1882, 0x1882, 0x2082, 0x28c3, 0x4144, 0x38e3, 0x28a3, 0x30a3, 0x38c3, 0x30c3,
0x38e3, 0x38c3, 0x38c3, 0x5985, 0x8a88, 0x8ac9, 0x944f, 0x7cd1, 0x82e7, 0x41a5,
0x5a27, 0x6225, 0x2105, 0x20e4, 0x18a3, 0x1082, 0x1062, 0x0841, 0x0021, 0x0842,
0x1083, 0x10a3, 0x1062, 0x1082, 0x18c4, 0x2105, 0x20e4, 0x2105, 0x20e4, 0x18c4,
0x51c5, 0x6a25, 0x20e4, 0x49c5, 0x6a05, 0x4144, 0x20e4, 0x18c3, 0x1083, 0x18a3,
0x10a3, 0x2166, 0x432c, 0x65f7, 0x7659, 0x4b6e, 0x39a7, 0x30e4, 0x30e4, 0x38e4,
0x30a3, 0x28a3, 0x30e3, 0x4144, 0x28c3, 0x1882, 0x1882, 0x1882, 0x20a2, 0x20a2,
0x1a08, 0x1166, 0x1104, 0x1104, 0x1104, 0x1125, 0x1125, 0x1124, 0x336e, 0x33f0,
0x3c51, 0x2228, 0x0000, 0x0061, 0x08a2, 0x1925, 0x1104, 0x0041, 0x0882, 0x0882,
0x08c3, 0x0882, 0x0041, 0x0041, 0x0061, 0x0862, 0x08a2, 0x1125, 0x1124, 0x0862,
0x0882, 0x0881, 0x0061, 0x0104, 0x0924, 0x1925, 0x2166, 0x2166, 0x2186, 0x2186,
0x2165, 0x18e3, 0x2145, 0x2166, 0x1924, 0x2a28, 0x08c3, 0x0020, 0x0021, 0x0041,
0x0041, 0x0041, 0x0061, 0x0061, 0x0882, 0x0882, 0x0882, 0x1104, 0x1104, 0x1104,
0x08c3, 0x10e3, 0x1945, 0x1986, 0x1166, 0x1acb, 0x46da, 0x3eda, 0x3eda, 0x3e59,
0x35d7, 0x3555, 
0x1947, 0x1948, 0x220b, 0x2bd2, 0x2d37, 0x24f6, 0x2350, 0x21ea, 0x2169, 0x2168,
0x2169, 0x39ac, 0x69f0, 0x8a13, 0x2aaf, 0x20a5, 0x0842, 0x0863, 0x0863, 0x1106,
0x19a9, 0x226e, 0x1a2b, 0x08a4, 0x08a3, 0x08c4, 0x0083, 0x0863, 0x0862, 0x1863,
0x2064, 0x0862, 0x0842, 0x0842, 0x0842, 0x0842, 0x0842, 0x0842, 0x0842, 0x0862,
0x0862, 0x2844, 0x1063, 0x0862, 0x0862, 0x00a3, 0x00c4, 0x08c4, 0x19ca, 0x19a9,
0x08a4, 0x0863, 0x0863, 0x0843, 0x0802, 0x120a, 0x0b0d, 0x8910, 0xba78, 0x2433,
0x2d57, 0x2d16, 0x2b70, 0x21ea, 0x1948, 0x1927, 0x1927, 0x1906, 0x1906, 0x1906,
0x1906, 0x20e6, 0xa40a, 0x8b69, 0x5a47, 0x3186, 0x2946, 0x2966, 0x2126, 0x5247,
0x5a47, 0x2126, 0x2966, 0x3186, 0x31c8, 0x4249, 0x4a6a, 0xaba9, 0x7a85, 0x18a2,
0x18a2, 0x18c3, 0x18a2, 0x0841, 0x20e3, 0x3964, 0x7ae8, 0x10c4, 0x3103, 0x4145,
0x4965, 0x51a6, 0x51a6, 0x49a6, 0x4985, 0x4986, 0x4986, 0x4986, 0x4986, 0x4986,
0x4965, 0x4985, 0x72ca, 0x93ee, 0x93ee, 0x838d, 0x6aca, 0x6228, 0x3145, 0x10a4,
0x430d, 0x29a7, 0x1882, 0x1061, 0x18c3, 0x18e3, 0x2124, 0x2186, 0x4bcf, 0x4b6e,
0x3a8b, 0x3a6b, 0x3209, 0x29a7, 0x2146, 0x3186, 0x2986, 0x2146, 0x5ac8, 0x5ac8,
0x2966, 0x2966, 0x2966, 0x3166, 0x2208, 0x32eb, 0x2a8a, 0x2a69, 0x334d, 0x336d,
0x338d, 0x3b8e, 0x3bae, 0x3bae, 0x3bce, 0x3c2f, 0x44b1, 0x44d2, 0x44d2, 0x4cf2,
0x4d12, 0x4d33, 0x4d12, 0x5594, 0x6636, 0x19a7, 0x1145, 0x1986, 0x1166, 0x1a49,
0x2baf, 0x430b, 0x6a27, 0x7ac9, 0x7268, 0x59c6, 0x59c6, 0x59c6, 0x59e6, 0x59e6,
0x59e6, 0x59c6, 0x59c6, 0x59c6, 0x7288, 0x72a8, 0x61c6, 0x4a89, 0x33d0, 0x1a8a,
0x1166, 0x1186, 0x1125, 0x2289, 0x6657, 0x5574, 0x4d33, 0x4d33, 0x4d13, 0x4d12,
0x4cf2, 0x44d2, 0x4491, 0x3c2f, 0x3bcf, 0x3bce, 0x3bae, 0x3bae, 0x3b8e, 0x336d,
0x336d, 0x2a8a, 0x2a69, 0x2aeb, 0x2aaa, 0x21e7, 0x4292, 0x31ef, 0x31ad, 0x31ce,
0x39ae, 0x398e, 0x412e, 0x410d, 0x394e, 0x390e, 0x412e, 0x414f, 0x4991, 0x5131,
0xa3fa, 0x8c9a, 0x404e, 0x6132, 0x8936, 0x6111, 0x7914, 0x9137, 0x70f3, 0x58cf,
0x50ad, 0x48ac, 0x386a, 0x590e, 0x6972, 0x496f, 0x41ef, 0x5ad3, 0x6b96, 0x7c37,
0x8478, 0x7c78, 0x7c58, 0x7417, 0x6b55, 0x5a93, 0x41ef, 0x4990, 0x71b4, 0x590e,
0x3069, 0x48ac, 0x60ef, 0x60f1, 0x7914, 0x8936, 0x7113, 0x58f1, 0x8936, 0x6912,
0x486f, 0x84da, 0xac5c, 0x5132, 0x49b1, 0x4970, 0x4970, 0x4950, 0x4190, 0x49b1,
0x41f1, 0x392e, 0x394e, 0x392d, 0x40ed, 0x490f, 0x410e, 0x414f, 0x39a7, 0x4a6a,
0x52cb, 0x4acb, 0x4a6a, 0x4249, 0x530d, 0x4acb, 0x4aab, 0x4aab, 0x426a, 0x2945,
0x52ec, 0x31c7, 0x1904, 0x31e8, 0x532d, 0x5b8f, 0x4208, 0x49a5, 0x4985, 0x6227,
0x5228, 0x7cf4, 0x9e38, 0xae9a, 0x7c72, 0x7c72, 0xbf5d, 0xb6fb, 0xb71b, 0xa679,
0x8d76, 0x7493, 0x7cb3, 0x638e, 0x2925, 0x31a7, 0x3186, 0x31a6, 0x31c7, 0x39c7,
0x3186, 0x52ec, 0x530c, 0x428a, 0x4a8a, 0x426a, 0x3a08, 0x5a26, 0x59e6, 0x51c5,
0x51c5, 0x51a5, 0x49a5, 0x30e3, 0x3124, 0x51c5, 0x3964, 0x2966, 0x2966, 0x2125,
0x1062, 0x2104, 0x52cb, 0x4a6a, 0x426a, 0x4a8b, 0x4229, 0x3a09, 0x3a08, 0x39c7,
0x3a8a, 0x3a8b, 0x3aab, 0x3acc, 0x432d, 0x2a49, 0x6d75, 0x6555, 0x32ec, 0x3b4e,
0x4bf0, 0x7d96, 0xa6ba, 0x8dd7, 0x6cb3, 0x42ec, 0x1082, 0x10a3, 0x1904, 0x10c3,
0x10a3, 0x1082, 0x3964, 0x10a2, 0x0020, 0x0020, 0x1082, 0x20a2, 0x51a5, 0x6a47,
0x4964, 0x4985, 0x2103, 0x1082, 0x1082, 0x0840, 0x18e4, 0x18e4, 0x10a2, 0x6245,
0x3164, 0x21e8, 0x3c10, 0x1905, 0x1925, 0x18e4, 0x2166, 0x29a7, 0x2166, 0x2987,
0x31c8, 0x29a7, 0x2966, 0x2166, 0x2146, 0x2145, 0x2145, 0x2145, 0x2145, 0x1904,
0x10a3, 0x2166, 0x5b8e, 0x8dd7, 0xa6db, 0x8df8, 0x5c31, 0x3acc, 0x328b, 0x3a8b,
0x3acb, 0x3229, 0x2945, 0x2945, 0x2945, 0x2945, 0x2965, 0x2966, 0x2945, 0x3186,
0x426a, 0x2945, 0x2104, 0x2104, 0x2945, 0x20e4, 0x18a2, 0x1082, 0x18c3, 0x18c3,
0x18a2, 0x2925, 0x2925, 0x2104, 0x2104, 0x1062, 0x18e3, 0x39e7, 0x2945, 0x1062,
0x18a3, 0x18c3, 0x1882, 0x1082, 0x1062, 0x1062, 0x1062, 0x1062, 0x1062, 0x1062,
0x1062, 0x1062, 0x1082, 0x18a2, 0x18c3, 0x1882, 0x1082, 0x2966, 0x31a6, 0x18a2,
0x1082, 0x2104, 0x2104, 0x2945, 0x2104, 0x1082, 0x18c3, 0x18a3, 0x18a2, 0x18a3,
0x2104, 0x2945, 0x2104, 0x2104, 0x2966, 0x426a, 0x31a7, 0x3166, 0x3186, 0x2965,
0x2945, 0x2945, 0x2945, 0x2945, 0x29c9, 0x29c9, 0x29c9, 0x29c9, 0x29c9, 0x29e9,
0x29c9, 0x29c9, 0x29c9, 0x31ea, 0x2a2b, 0x526e, 0x72b1, 0xb1b1, 0x4928, 0x62b0,
0x72b1, 0x718d, 0x50a7, 0x790b, 0x40a6, 0x2884, 0x20c5, 0x51f0, 0x6254, 0x5a53,
0x6ad4, 0x6253, 0x6274, 0x5a74, 0x89d1, 0x6a0d, 0x632f, 0x8433, 0x8454, 0x8474,
0x8454, 0x73d2, 0x632f, 0x5a8c, 0x41a9, 0x2905, 0x3126, 0x3126, 0x41ea, 0x62ee,
0x5a8d, 0x4a0b, 0x3989, 0x426d, 0x312b, 0x51d0, 0x39ac, 0x2127, 0x1906, 0x0882,
0x0883, 0x5a50, 0x4cf5, 0x1166, 0x1905, 0x1905, 0x1905, 0x1905, 0x1904, 0x1105,
0x1104, 0x1104, 0x1105, 0x1905, 0x1905, 0x1946, 0x40c6, 0x50e8, 0x712b, 0xa190,
0xb9b2, 0xa991, 0x894d, 0x690a, 0x6109, 0x68ea, 0x820e, 0x8391, 0xac95, 0xbcd5,
0xc577, 0xce19, 0xc598, 0x9c13, 0x28e5, 0x1062, 0x1883, 0x41e9, 0x3989, 0x3988,
0x4a2a, 0x4a2c, 0x524c, 0x524c, 0x524c, 0x3188, 0x41a9, 0x93f2, 0x83b1, 0xacb5,
0xacf6, 0x7b0f, 0x9c34, 0x93f2, 0x72ce, 0x9c33, 0x7b4f, 0x49c9, 0x2926, 0x4a2b,
0x62ef, 0x41eb, 0x4a0b, 0x41ea, 0x3168, 0x39c9, 0x39a8, 0x18a4, 0x1063, 0x1063,
0x7b2f, 0xb516, 0xc5b8, 0xd65a, 0xde5a, 0x9c53, 0x7ace, 0x9310, 0x99f0, 0x812c,
0x712a, 0x68e9, 0x58e8, 0x50c7, 0x48c7, 0x40a6, 0x3085, 0x2884, 0x20a2, 0x20a2,
0x20a2, 0x20a2, 0x20a3, 0x30e3, 0x4964, 0x4124, 0x30c3, 0x38e4, 0x4104, 0x3904,
0x4124, 0x4124, 0x4104, 0x69c6, 0x8aa8, 0x8b0a, 0xacb0, 0x9574, 0x7b4a, 0x6a05,
0x2924, 0x51c5, 0x2925, 0x18e4, 0x10a3, 0x1062, 0x0841, 0x0021, 0x0842, 0x1062,
0x18a3, 0x18c4, 0x1062, 0x18a3, 0x2105, 0x2105, 0x2105, 0x2105, 0x20e4, 0x18c4,
0x6205, 0x61e5, 0x20e4, 0x4184, 0x4164, 0x2904, 0x20e4, 0x1083, 0x18a3, 0x18a3,
0x18e4, 0x2104, 0x1883, 0x2186, 0x3b4d, 0x6dd7, 0x7679, 0x5451, 0x4269, 0x3986,
0x3925, 0x3904, 0x4144, 0x4965, 0x3103, 0x28c3, 0x20a2, 0x20a3, 0x20a3, 0x20a2,
0x19c7, 0x1165, 0x1104, 0x1104, 0x1104, 0x1125, 0x1145, 0x10e4, 0x1125, 0x3c71,
0x3c71, 0x3c51, 0x1125, 0x0000, 0x0061, 0x10c3, 0x1945, 0x0882, 0x0882, 0x0882,
0x08c3, 0x08a3, 0x0062, 0x0041, 0x0061, 0x0862, 0x0882, 0x10c3, 0x1945, 0x1966,
0x08a2, 0x0882, 0x0882, 0x0861, 0x0041, 0x0862, 0x10c3, 0x10e3, 0x10e3, 0x10e3,
0x10e3, 0x10e3, 0x18e4, 0x1904, 0x1925, 0x0882, 0x0041, 0x0061, 0x0020, 0x0041,
0x0041, 0x0061, 0x0062, 0x0082, 0x0882, 0x0882, 0x08e3, 0x1124, 0x0904, 0x08e4,
0x08e3, 0x1945, 0x1966, 0x19a7, 0x1209, 0x3554, 0x3e99, 0x3eda, 0x3eba, 0x3e59,
0x35f7, 0x3596, 
0x1947, 0x1947, 0x220a, 0x23d2, 0x2d37, 0x2cf6, 0x2350, 0x21ea, 0x2169, 0x2168,
0x2169, 0x41ac, 0x59ef, 0xb216, 0x69f0, 0x030c, 0x10e5, 0x0802, 0x0883, 0x0863,
0x0842, 0x10e5, 0x10a4, 0x0883, 0x0062, 0x0062, 0x0862, 0x0842, 0x0862, 0x1063,
0x2864, 0x0882, 0x0862, 0x0842, 0x0842, 0x0842, 0x0842, 0x0842, 0x0842, 0x0883,
0x1063, 0x2844, 0x0862, 0x0862, 0x0862, 0x0862, 0x0862, 0x0883, 0x0883, 0x0883,
0x0863, 0x0863, 0x0863, 0x0906, 0x136e, 0x12ec, 0x1064, 0x890f, 0xb297, 0x1b2f,
0x2bd3, 0x2bb2, 0x22ad, 0x21a9, 0x1948, 0x1927, 0x1927, 0x1927, 0x1927, 0x2107,
0x2107, 0x2107, 0xa40a, 0x8b69, 0x5a67, 0x39a6, 0x2946, 0x2966, 0x3186, 0x2126,
0x2126, 0x2946, 0x2946, 0x3186, 0x39c7, 0x4229, 0x5a89, 0xb3c9, 0x51a4, 0x1882,
0x20c2, 0x18c2, 0x0841, 0x49a5, 0x3124, 0x5205, 0x8309, 0x08a5, 0x28e3, 0x4165,
0x4965, 0x4985, 0x51a6, 0x49a6, 0x4985, 0x4985, 0x4985, 0x4985, 0x4985, 0x4985,
0x4985, 0x6a68, 0x8b8d, 0x940e, 0x93ee, 0x834b, 0x6a89, 0x6269, 0x3985, 0x1083,
0x438f, 0x2a29, 0x2a29, 0x1082, 0x18a2, 0x18e3, 0x2124, 0x2145, 0x3b4c, 0x4bf0,
0x3a8b, 0x3a6b, 0x3209, 0x2987, 0x41e7, 0x7329, 0x39c7, 0x2146, 0x4207, 0x4a68,
0x3186, 0x2966, 0x3186, 0x2966, 0x2208, 0x32eb, 0x2a8a, 0x2a69, 0x334d, 0x336d,
0x338d, 0x3b8e, 0x3bae, 0x3bae, 0x3bae, 0x3bce, 0x4430, 0x4450, 0x4491, 0x4cf2,
0x44f2, 0x44f2, 0x55b4, 0x5e36, 0x4d32, 0x19c7, 0x1145, 0x1166, 0x1a47, 0x19c7,
0x1a08, 0x234d, 0x5248, 0x7a88, 0x82e9, 0x6a27, 0x59c6, 0x59e6, 0x59e6, 0x61e6,
0x59e6, 0x59e6, 0x59c6, 0x6a27, 0x82e9, 0x7288, 0x59c6, 0x332d, 0x22ab, 0x1146,
0x1a26, 0x11c6, 0x1125, 0x1a28, 0x5df5, 0x6656, 0x55b4, 0x4cf2, 0x4cf2, 0x4cf2,
0x44b1, 0x4450, 0x442f, 0x3bef, 0x3bce, 0x3bce, 0x3bae, 0x3bae, 0x338e, 0x338d,
0x336d, 0x2aeb, 0x2249, 0x2acb, 0x2acb, 0x2208, 0x4232, 0x39f0, 0x31ae, 0x318e,
0x396e, 0x394e, 0x414f, 0x414f, 0x396f, 0x398f, 0x41b0, 0x41b1, 0x49f2, 0x5173,
0x9c1a, 0x8c9a, 0x486e, 0x7935, 0x5911, 0x8155, 0x7934, 0x58d0, 0x68f2, 0x488c,
0x386b, 0x408c, 0x3869, 0x2047, 0x3889, 0x592f, 0x498f, 0x41cf, 0x5231, 0x62f4,
0x6b55, 0x6b55, 0x6315, 0x5ab4, 0x5252, 0x49d0, 0x4970, 0x512f, 0x3088, 0x2868,
0x388b, 0x408c, 0x408b, 0x50ae, 0x7113, 0x58f0, 0x8936, 0x7934, 0x6111, 0x8155,
0x488f, 0x7499, 0xcd1e, 0x9198, 0x79b6, 0x5972, 0x4970, 0x4950, 0x49d1, 0x4190,
0x41f1, 0x3a92, 0x3a73, 0x41d1, 0x494f, 0x4190, 0x394f, 0x3a11, 0x4228, 0x4a69,
0x426a, 0x4a8a, 0x4249, 0x426a, 0x426a, 0x4249, 0x4a8b, 0x426a, 0x4aab, 0x530c,
0x4acb, 0x2945, 0x1904, 0x31c7, 0x4aab, 0x534e, 0x4208, 0x6227, 0x6aa8, 0x6a88,
0x5207, 0x6c52, 0x8515, 0x9df8, 0x9596, 0x8d34, 0xb71c, 0xb71c, 0xb6fb, 0xaeba,
0x9df8, 0x84f4, 0x7cb3, 0x6bf0, 0x636e, 0x8d35, 0x5b6e, 0x63af, 0x5b6e, 0x5b2d,
0x426a, 0x52ec, 0x530d, 0x4aab, 0x4aab, 0x4249, 0x6247, 0x6226, 0x5a06, 0x51c5,
0x51c5, 0x49a5, 0x3944, 0x3103, 0x49c5, 0x49a5, 0x4164, 0x2945, 0x2966, 0x2125,
0x1082, 0x0862, 0x2966, 0x4a6a, 0x4229, 0x4249, 0x4229, 0x4229, 0x3a08, 0x39e8,
0x3a8b, 0x3aab, 0x3acb, 0x42ec, 0x434d, 0x2a29, 0x6534, 0x6d75, 0x5c31, 0x8e18,
0x9e9a, 0x8555, 0x4acb, 0x31e8, 0x2145, 0x0882, 0x1904, 0x1925, 0x18e4, 0x18e4,
0x10c3, 0x0862, 0x3964, 0x10a2, 0x0020, 0x0020, 0x0861, 0x20a2, 0x4985, 0x8b09,
0x6206, 0x59c5, 0x20e3, 0x10a2, 0x10a3, 0x0841, 0x10c3, 0x1904, 0x1082, 0x6225,
0x3164, 0x21a7, 0x3c10, 0x1904, 0x10e3, 0x2986, 0x31c8, 0x29a7, 0x31c8, 0x31e8,
0x31e8, 0x29a7, 0x2987, 0x2986, 0x2166, 0x2146, 0x2166, 0x2166, 0x2146, 0x2145,
0x2145, 0x1904, 0x10c3, 0x1925, 0x3a69, 0x6c51, 0x9617, 0x9659, 0x74f4, 0x4b2d,
0x326a, 0x29c7, 0x2945, 0x2945, 0x2945, 0x2945, 0x2945, 0x2104, 0x2945, 0x2965,
0x39e7, 0x2945, 0x20e3, 0x2124, 0x1082, 0x18c3, 0x31a6, 0x31a7, 0x31a6, 0x31a7,
0x1082, 0x2924, 0x2925, 0x20e3, 0x2945, 0x18e3, 0x2904, 0x39c7, 0x4249, 0x31a6,
0x18a2, 0x18a2, 0x18a2, 0x1082, 0x1082, 0x1082, 0x1082, 0x1082, 0x1082, 0x1082,
0x1082, 0x1082, 0x1082, 0x18a3, 0x1882, 0x18c3, 0x31c7, 0x3a28, 0x31a6, 0x20e3,
0x20e4, 0x2125, 0x20e4, 0x2945, 0x20e4, 0x10a2, 0x39e8, 0x2966, 0x31c7, 0x2986,
0x18c3, 0x10a2, 0x2925, 0x18c3, 0x2966, 0x3a08, 0x3186, 0x2965, 0x2124, 0x2945,
0x2945, 0x2945, 0x2945, 0x2945, 0x29c9, 0x29c9, 0x29c9, 0x29e9, 0x29e9, 0x29ea,
0x29ea, 0x29c9, 0x29e9, 0x320a, 0x322b, 0x428d, 0x52af, 0x62b0, 0xa16f, 0x4a2c,
0x6311, 0x6ad1, 0x7a0f, 0x914e, 0x912c, 0x30a5, 0x1883, 0x314a, 0x6274, 0x6ab3,
0x6253, 0x6295, 0x6294, 0x5a94, 0x71f2, 0x796d, 0x626d, 0x6b70, 0x73b2, 0x73d2,
0x7391, 0x62ee, 0x522b, 0x3147, 0x28e5, 0x3126, 0x3146, 0x3988, 0x5aad, 0x630e,
0x526c, 0x49ea, 0x4189, 0x3189, 0x2928, 0x2148, 0x2968, 0x18e5, 0x0061, 0x1063,
0x4849, 0x4c13, 0x4555, 0x10e4, 0x1104, 0x10e4, 0x10e4, 0x10e4, 0x10e4, 0x10e4,
0x10e4, 0x10e4, 0x10e4, 0x10e4, 0x10e4, 0x10e4, 0x40c6, 0x50e8, 0x712b, 0x996f,
0xb1b2, 0xa990, 0x894d, 0x690a, 0x6109, 0x68ea, 0x8a0e, 0x93d2, 0x9371, 0xbd36,
0xce19, 0xc598, 0xacf6, 0xa454, 0x5a0b, 0x1062, 0x1883, 0x522a, 0x41ea, 0x39a9,
0x41c9, 0x3988, 0x4a2b, 0x4a0b, 0x41ca, 0x3168, 0x49c9, 0x8bb1, 0xad16, 0x9c53,
0x8390, 0xacb5, 0x8b91, 0x8350, 0xa4b5, 0x8bf2, 0xa494, 0x5a2b, 0x2926, 0x4a0b,
0x4a4c, 0x420a, 0x41ea, 0x3988, 0x3168, 0x41c9, 0x20c4, 0x18a4, 0x1062, 0x20c5,
0x8b71, 0xa474, 0xbd77, 0xd639, 0xcdf9, 0xa494, 0x72ee, 0x82ef, 0xaa11, 0x914e,
0x812c, 0x710b, 0x60e9, 0x58e8, 0x48c7, 0x40a6, 0x3085, 0x2884, 0x5165, 0x59c6,
0x69e6, 0x61c6, 0x5185, 0x59a5, 0x61c6, 0x61c6, 0x61c6, 0x61e6, 0x6a07, 0x6a07,
0x6a27, 0x7228, 0x7248, 0x7a89, 0x934b, 0x936c, 0xa4d1, 0x9eb9, 0x74d1, 0x7225,
0x3145, 0x2105, 0x2105, 0x18c4, 0x1083, 0x0842, 0x0821, 0x0862, 0x1062, 0x1062,
0x18c4, 0x2125, 0x18a3, 0x20e4, 0x2105, 0x20e4, 0x2105, 0x20e4, 0x20e4, 0x18c4,
0x6a26, 0x51c4, 0x2104, 0x20e4, 0x20e4, 0x2105, 0x18c4, 0x18c4, 0x18c3, 0x2125,
0x2946, 0x2105, 0x18e4, 0x2104, 0x20e4, 0x2125, 0x3aec, 0x6d96, 0x7eba, 0x75b6,
0x6c0f, 0x632c, 0x6289, 0x5a07, 0x51a6, 0x5185, 0x59a6, 0x69e6, 0x61c6, 0x5185,
0x19c7, 0x1145, 0x1104, 0x1104, 0x1104, 0x1104, 0x1145, 0x1a08, 0x1228, 0x1a08,
0x3430, 0x3cb2, 0x3430, 0x08a3, 0x0020, 0x0061, 0x1925, 0x1104, 0x0061, 0x0882,
0x08c3, 0x08e4, 0x0882, 0x0061, 0x0041, 0x0861, 0x0882, 0x1945, 0x1945, 0x1125,
0x19a7, 0x08c3, 0x0882, 0x0882, 0x0861, 0x0041, 0x0041, 0x0041, 0x0041, 0x0861,
0x0861, 0x0861, 0x0861, 0x0862, 0x0021, 0x0041, 0x08a3, 0x0041, 0x0020, 0x0041,
0x0041, 0x0061, 0x0082, 0x0882, 0x0882, 0x08a2, 0x1104, 0x1104, 0x08e4, 0x08e3,
0x1945, 0x1945, 0x1986, 0x1186, 0x2c51, 0x45f7, 0x46da, 0x3eda, 0x3eba, 0x3e79,
0x3e38, 0x35d7, 
0x1947, 0x1947, 0x21ea, 0x23b1, 0x2d17, 0x2cd6, 0x2330, 0x21ca, 0x2169, 0x2169,
0x2189, 0x39ab, 0x51ce, 0x9a35, 0x9911, 0x1147, 0x13af, 0x124a, 0x0863, 0x0863,
0x0863, 0x1083, 0x10c4, 0x0883, 0x0042, 0x0042, 0x0842, 0x0842, 0x0842, 0x0862,
0x1863, 0x0883, 0x0862, 0x0842, 0x0842, 0x0842, 0x0842, 0x0842, 0x0842, 0x0883,
0x1063, 0x1063, 0x0862, 0x0862, 0x0842, 0x0842, 0x0842, 0x0883, 0x10a4, 0x0884,
0x0863, 0x0883, 0x0863, 0x130d, 0x128b, 0x0843, 0x1864, 0x810f, 0xb235, 0x2a2c,
0x226c, 0x1a0b, 0x19a9, 0x2168, 0x2148, 0x1927, 0x1927, 0x1927, 0x2127, 0x2127,
0x2128, 0x2107, 0xa40a, 0x8b89, 0x5a67, 0x3186, 0x2946, 0x2946, 0x2146, 0x2946,
0x2946, 0x2946, 0x2966, 0x3186, 0x39e7, 0x3a08, 0x7b09, 0xab68, 0x2902, 0x20c2,
0x18a2, 0x0841, 0x6a46, 0xa3a8, 0x10a3, 0x8307, 0x9349, 0x10c5, 0x20e3, 0x4165,
0x4985, 0x4985, 0x4985, 0x51a6, 0x4985, 0x4985, 0x4985, 0x4985, 0x4985, 0x4965,
0x6228, 0x834b, 0x93cd, 0x942e, 0x93cd, 0x7b0b, 0x6a89, 0x6a69, 0x3165, 0x0863,
0x4c32, 0x2a49, 0x2a29, 0x4c31, 0x1041, 0x18a2, 0x2124, 0x1945, 0x3269, 0x5472,
0x3acc, 0x3a6a, 0x3209, 0x29a7, 0x5268, 0x62c8, 0x2966, 0x2946, 0x2966, 0x3186,
0x3186, 0x2986, 0x2966, 0x2966, 0x2228, 0x330b, 0x2a89, 0x2a69, 0x334d, 0x336d,
0x338d, 0x3b8e, 0x3bae, 0x3bae, 0x3bae, 0x3bce, 0x440f, 0x4450, 0x4470, 0x4491,
0x4d53, 0x5e56, 0x5df5, 0x332b, 0x19c7, 0x19a7, 0x1145, 0x1146, 0x2b67, 0x2ba8,
0x19c7, 0x11a7, 0x41c6, 0x7288, 0x830a, 0x82e9, 0x6206, 0x59e6, 0x61e6, 0x61e6,
0x61e6, 0x59e6, 0x61e6, 0x7ac9, 0x830a, 0x7267, 0x59e6, 0x19c7, 0x11a7, 0x1a67,
0x3467, 0x1a06, 0x0905, 0x19e7, 0x332b, 0x334b, 0x5593, 0x5e77, 0x5574, 0x44b1,
0x4470, 0x4470, 0x442f, 0x3bef, 0x3bce, 0x3bce, 0x3bae, 0x3bae, 0x3b8e, 0x338d,
0x336d, 0x332c, 0x2a49, 0x2a8a, 0x2acb, 0x2208, 0x4cf9, 0x4232, 0x39f0, 0x398f,
0x314e, 0x394e, 0x416f, 0x4170, 0x4190, 0x3990, 0x41b0, 0x49d1, 0x5212, 0x61d4,
0x8ab7, 0xa61d, 0x69b4, 0x60f2, 0x7133, 0x7134, 0x6112, 0x7914, 0x70f3, 0x78f3,
0x2848, 0x386a, 0x3069, 0x2047, 0x1826, 0x2847, 0x40ec, 0x414e, 0x414e, 0x416f,
0x418f, 0x498f, 0x418f, 0x498f, 0x416e, 0x412e, 0x38cb, 0x2046, 0x2046, 0x2868,
0x388b, 0x386b, 0x3048, 0x78f3, 0x70f3, 0x8115, 0xb15a, 0x9137, 0x7133, 0x60f1,
0x6152, 0x95dd, 0xd45d, 0x61d5, 0x51b3, 0x4971, 0x4970, 0x41b1, 0x49b1, 0x4190,
0x3ab3, 0x3ad3, 0x3a53, 0x4212, 0x41d0, 0x3a52, 0x39f1, 0x39f1, 0x4249, 0x4a8a,
0x4229, 0x426a, 0x4229, 0x424a, 0x4a8a, 0x4249, 0x3a08, 0x426a, 0x424a, 0x4a8a,
0x2966, 0x0841, 0x18c4, 0x31e8, 0x3a08, 0x428b, 0x39c7, 0x51c6, 0x5a06, 0x6247,
0x49e6, 0x6410, 0x74b3, 0x8d35, 0x7c72, 0x8514, 0xaeba, 0xa67a, 0xa659, 0x95d7,
0x8d76, 0x8515, 0x7472, 0x7493, 0x5b4d, 0x63cf, 0x52ec, 0x530c, 0x428b, 0x426a,
0x4249, 0x638e, 0x4aec, 0x4aec, 0x428b, 0x5a48, 0x6a67, 0x6226, 0x5a06, 0x51e6,
0x51a5, 0x49a5, 0x18a3, 0x3944, 0x51a5, 0x49a5, 0x49a5, 0x2925, 0x2946, 0x2104,
0x18e4, 0x1082, 0x0861, 0x2966, 0x4a6a, 0x3a08, 0x4229, 0x3a29, 0x39e8, 0x31a7,
0x3aab, 0x3aab, 0x3acb, 0x32ab, 0x3aec, 0x432d, 0x8638, 0xaf5d, 0x9e79, 0x6c71,
0x29c7, 0x0882, 0x1904, 0x1925, 0x10c3, 0x1925, 0x2125, 0x1904, 0x18e4, 0x18e4,
0x18e4, 0x0882, 0x3943, 0x1082, 0x0020, 0x0020, 0x0841, 0x18a2, 0x4964, 0x8b0a,
0x7aa8, 0x6227, 0x18c3, 0x10a2, 0x10a2, 0x0020, 0x0861, 0x2104, 0x1082, 0x5a05,
0x3164, 0x1925, 0x2186, 0x18e4, 0x29a7, 0x3208, 0x31e8, 0x31e8, 0x31e8, 0x31e8,
0x31c8, 0x29c7, 0x29a7, 0x2987, 0x2966, 0x2986, 0x2987, 0x2966, 0x2166, 0x2166,
0x2166, 0x2146, 0x2145, 0x2125, 0x18e4, 0x10a3, 0x1904, 0x42ab, 0x74d3, 0x9618,
0x85b6, 0x536e, 0x2945, 0x2945, 0x2945, 0x2965, 0x2104, 0x20e3, 0x2945, 0x3166,
0x2945, 0x18a3, 0x18a2, 0x2925, 0x2945, 0x3a08, 0x31c7, 0x2124, 0x20e4, 0x2965,
0x18a3, 0x2104, 0x2925, 0x2104, 0x2124, 0x2945, 0x20c3, 0x18e3, 0x31c7, 0x426a,
0x3a08, 0x20e4, 0x1062, 0x1041, 0x0841, 0x0821, 0x0841, 0x0841, 0x0841, 0x0841,
0x0841, 0x0841, 0x1061, 0x1882, 0x2945, 0x3a28, 0x3a49, 0x2966, 0x18a3, 0x20e4,
0x2925, 0x2104, 0x2104, 0x2945, 0x18c3, 0x18e3, 0x2986, 0x18e3, 0x2945, 0x39e7,
0x31c7, 0x2925, 0x2124, 0x1082, 0x18c3, 0x2986, 0x31a6, 0x2945, 0x20e3, 0x2925,
0x2945, 0x2945, 0x2945, 0x2945, 0x29c9, 0x29e9, 0x29e9, 0x29ea, 0x29ea, 0x31ea,
0x31ea, 0x29c9, 0x29ea, 0x320b, 0x324b, 0x3acd, 0x5ad0, 0x4acf, 0x62d0, 0x81ae,
0x52af, 0x5b51, 0x5b72, 0x7ab2, 0x910e, 0x710a, 0x40a6, 0x20a4, 0x41ac, 0x6273,
0x6294, 0x5a73, 0x62b5, 0x62f5, 0x69f1, 0x40c7, 0x4928, 0x5a0b, 0x5a6c, 0x526c,
0x4a0b, 0x3988, 0x2905, 0x28e5, 0x3146, 0x3147, 0x3967, 0x4a2b, 0x630e, 0x62ee,
0x524b, 0x41c9, 0x3188, 0x2989, 0x2989, 0x2126, 0x0882, 0x0041, 0x3888, 0x50ab,
0x1083, 0x328c, 0x4412, 0x0904, 0x08a3, 0x08a3, 0x08a3, 0x08a3, 0x08a3, 0x08a3,
0x08a3, 0x08a3, 0x08a3, 0x08a3, 0x08a3, 0x08a3, 0x40c6, 0x48c7, 0x692a, 0x916e,
0xa991, 0xa190, 0x814c, 0x692a, 0x692a, 0x790b, 0x9a30, 0x8b50, 0x9370, 0xbd77,
0xbd77, 0xb516, 0xa474, 0x9bf3, 0x7acf, 0x20a4, 0x1083, 0x18a4, 0x18a4, 0x2906,
0x41ea, 0x41ea, 0x3167, 0x39a9, 0x4a0b, 0x39a9, 0x3967, 0xbd37, 0x9c73, 0x8370,
0xa494, 0x8370, 0x8350, 0x8371, 0x730f, 0xacd5, 0xa4b4, 0x3126, 0x3167, 0x41ea,
0x41ea, 0x41ea, 0x39a9, 0x39a9, 0x41e9, 0x20c4, 0x20e5, 0x2926, 0x1042, 0x3927,
0x8b31, 0x9bf2, 0xb516, 0xc5b8, 0xcdf8, 0xbd57, 0x8b71, 0x82f0, 0xba12, 0xa16f,
0x914e, 0x812c, 0x690a, 0x58e8, 0x50c7, 0x40a6, 0x3085, 0x2884, 0x8a89, 0x8a89,
0x8268, 0x7a48, 0x69e7, 0x4944, 0x4924, 0x5144, 0x5144, 0x5144, 0x5165, 0x5165,
0x5165, 0x5186, 0x51c7, 0x5269, 0x740f, 0x8d95, 0x8679, 0x6534, 0x3228, 0x6a46,
0x51c5, 0x2125, 0x2105, 0x18a3, 0x1082, 0x0841, 0x0862, 0x1082, 0x1083, 0x1083,
0x20e4, 0x2946, 0x18c4, 0x20e4, 0x2105, 0x2105, 0x2105, 0x20e4, 0x20e4, 0x20e4,
0x6a45, 0x4984, 0x2104, 0x20e4, 0x2105, 0x2104, 0x20e4, 0x18e4, 0x2966, 0x31a7,
0x2125, 0x2104, 0x31c8, 0x31a7, 0x2966, 0x2125, 0x20c4, 0x18c4, 0x2a08, 0x5d35,
0x871c, 0x6d54, 0x53ef, 0x5bef, 0x530c, 0x5208, 0x6a28, 0x7a68, 0x8289, 0x8289,
0x19e7, 0x1124, 0x1104, 0x08e4, 0x1104, 0x10e4, 0x1145, 0x1249, 0x1aaa, 0x1165,
0x19a6, 0x4595, 0x3c71, 0x19e8, 0x0020, 0x0041, 0x08a2, 0x1945, 0x08a3, 0x0882,
0x08a3, 0x10e4, 0x08c3, 0x0082, 0x0041, 0x0041, 0x0882, 0x1104, 0x1124, 0x10c3,
0x1925, 0x1104, 0x0061, 0x0882, 0x0041, 0x0041, 0x0041, 0x0041, 0x0041, 0x0020,
0x0020, 0x0041, 0x0041, 0x0041, 0x0882, 0x08a3, 0x0062, 0x0020, 0x0020, 0x0041,
0x0041, 0x0061, 0x0082, 0x0882, 0x0882, 0x08e3, 0x1124, 0x0904, 0x08e3, 0x1124,
0x1966, 0x1966, 0x1925, 0x1aeb, 0x2c10, 0x45f7, 0x573c, 0x3eda, 0x3eba, 0x3e99,
0x3e58, 0x3618, 
0x1947, 0x1947, 0x19c9, 0x230f, 0x2c13, 0x2bf2, 0x22ce, 0x21ca, 0x2169, 0x1968,
0x1148, 0x31ab, 0x49cd, 0x9214, 0x9971, 0x2865, 0x1106, 0x1acc, 0x08a4, 0x0863,
0x0862, 0x0883, 0x10a4, 0x0883, 0x0842, 0x0842, 0x0842, 0x0842, 0x0862, 0x0862,
0x0862, 0x0883, 0x0862, 0x0842, 0x0842, 0x0842, 0x0842, 0x0842, 0x0862, 0x1083,
0x0883, 0x0862, 0x0862, 0x0842, 0x0842, 0x0041, 0x0842, 0x1083, 0x0883, 0x0863,
0x0863, 0x0883, 0x0883, 0x0883, 0x0843, 0x0863, 0x2065, 0x68cc, 0x70ed, 0xc1d6,
0x59ae, 0x79f1, 0x51cd, 0x1147, 0x1126, 0x2127, 0x2127, 0x1927, 0x2127, 0x2928,
0x2928, 0x2908, 0xa40a, 0x8b89, 0x5a67, 0x3186, 0x2946, 0x2946, 0x2946, 0x2946,
0x2946, 0x2946, 0x2966, 0x3186, 0x41e7, 0x4208, 0x9b69, 0x7a86, 0x20c2, 0x1882,
0x20c2, 0x8307, 0xd48a, 0x8307, 0x0883, 0x82e7, 0x9b69, 0x1926, 0x18c4, 0x3944,
0x4985, 0x4985, 0x4985, 0x49a6, 0x4986, 0x4985, 0x4985, 0x4985, 0x4965, 0x5a07,
0x7b0b, 0x8b8c, 0x93ee, 0x9c2f, 0x8b8c, 0x72ca, 0x6a89, 0x6a69, 0x2904, 0x1084,
0x5493, 0x3b2d, 0x18e4, 0x6e39, 0x54b3, 0x18c3, 0x1082, 0x2165, 0x21c7, 0x4c30,
0x436e, 0x3a6a, 0x3229, 0x29a7, 0x31a7, 0x2966, 0x2146, 0x2966, 0x3186, 0x39a6,
0x39a6, 0x39c6, 0x3186, 0x2966, 0x2228, 0x330b, 0x2a69, 0x2a89, 0x334d, 0x336d,
0x338d, 0x3b8e, 0x3bae, 0x3bae, 0x3bae, 0x3bce, 0x442f, 0x3c0f, 0x44b1, 0x5e36,
0x5e15, 0x43ce, 0x21c7, 0x2165, 0x1925, 0x1124, 0x1165, 0x1146, 0x22a6, 0x2ba7,
0x19a7, 0x11c7, 0x39c6, 0x7268, 0x82e9, 0x8b6b, 0x7288, 0x61e6, 0x61e6, 0x61e6,
0x61e6, 0x61e6, 0x6a47, 0x8b4a, 0x7ac9, 0x7247, 0x5a07, 0x19c7, 0x1187, 0x22c6,
0x2be6, 0x1185, 0x1125, 0x0925, 0x1945, 0x2165, 0x21a6, 0x3b8c, 0x5594, 0x5e16,
0x5513, 0x4430, 0x440f, 0x3bef, 0x3bce, 0x3bce, 0x3bae, 0x3bae, 0x3b8e, 0x338d,
0x336d, 0x334d, 0x2acb, 0x2248, 0x2a8a, 0x2208, 0x555b, 0x555a, 0x42b3, 0x3a10,
0x39af, 0x398f, 0x4970, 0x492f, 0x4930, 0x412f, 0x414f, 0x69f3, 0x5a13, 0x61d3,
0x8256, 0xdd5f, 0x7d5b, 0x5931, 0x68b1, 0x6912, 0x7113, 0x60f1, 0x68d2, 0x488c,
0x50af, 0x3069, 0x2848, 0x30ca, 0x2088, 0x1846, 0x1824, 0x2067, 0x28ca, 0x30eb,
0x310c, 0x310c, 0x310c, 0x30eb, 0x28a9, 0x2046, 0x1825, 0x2046, 0x1846, 0x3089,
0x2868, 0x386b, 0x58b0, 0x50ae, 0x60d1, 0x60f1, 0xb15a, 0x8135, 0x6913, 0x58b0,
0x6cb9, 0xcdbf, 0xa2da, 0x49d3, 0x51d2, 0x59b2, 0x41f1, 0x41f1, 0x49b1, 0x41d1,
0x4293, 0x4232, 0x3a93, 0x3a73, 0x41f1, 0x3ab4, 0x3ab4, 0x4d3a, 0x4a49, 0x4208,
0x4229, 0x4229, 0x3a08, 0x3a08, 0x3a08, 0x4229, 0x39c7, 0x31a7, 0x426a, 0x2125,
0x0862, 0x10a3, 0x1904, 0x31a7, 0x3a08, 0x4a49, 0x5a47, 0x7288, 0x6a68, 0x6a88,
0x49c6, 0x5baf, 0x7cb3, 0x7472, 0x7472, 0x8514, 0x8514, 0x8d76, 0x8555, 0x8555,
0x8535, 0x7cd4, 0x7472, 0x7472, 0x63d0, 0x4acb, 0x5b6e, 0x530c, 0x4acc, 0x4aab,
0x428a, 0x5b6e, 0x4acc, 0x42ab, 0x5a68, 0x7287, 0x6a67, 0x5a06, 0x5a06, 0x59e6,
0x51c5, 0x2904, 0x2125, 0x41a5, 0x6227, 0x5a27, 0x51c5, 0x49c5, 0x2945, 0x2104,
0x18e4, 0x2104, 0x0841, 0x1082, 0x39c7, 0x3a08, 0x39e8, 0x39e8, 0x31a7, 0x3166,
0x326a, 0x328a, 0x4b4d, 0x6cb3, 0x8e18, 0x9e79, 0x7d14, 0x430c, 0x1945, 0x0882,
0x10a3, 0x1904, 0x1904, 0x18e4, 0x2125, 0x2145, 0x1905, 0x1904, 0x18e4, 0x1925,
0x2125, 0x1082, 0x3143, 0x1081, 0x0020, 0x0820, 0x0020, 0x10a2, 0x51a5, 0x8309,
0x82e9, 0x6247, 0x10a3, 0x1082, 0x0841, 0x0841, 0x0840, 0x18e4, 0x1082, 0x51e4,
0x3964, 0x10a3, 0x10c3, 0x31c8, 0x31e8, 0x31c8, 0x31e8, 0x31e8, 0x31e8, 0x31e8,
0x31e8, 0x31e8, 0x31c8, 0x29a7, 0x29a7, 0x2987, 0x2987, 0x2987, 0x2987, 0x2986,
0x2986, 0x2966, 0x2166, 0x2146, 0x2145, 0x2145, 0x2125, 0x10c3, 0x1082, 0x2145,
0x4b2c, 0x8dd7, 0x2925, 0x2945, 0x2945, 0x2945, 0x20e3, 0x2104, 0x2945, 0x2965,
0x2925, 0x18a2, 0x1061, 0x39e8, 0x39e7, 0x2104, 0x18a2, 0x18c3, 0x20e3, 0x2104,
0x20e4, 0x20c3, 0x2925, 0x2925, 0x2945, 0x2904, 0x20c3, 0x18c3, 0x18c3, 0x31a6,
0x428a, 0x4249, 0x2966, 0x2986, 0x2986, 0x2966, 0x2966, 0x2966, 0x2966, 0x2965,
0x2966, 0x2986, 0x2986, 0x31a7, 0x428a, 0x4269, 0x2945, 0x18a3, 0x18c3, 0x20e3,
0x2104, 0x2124, 0x2104, 0x2925, 0x18a3, 0x2104, 0x2104, 0x20e4, 0x18c3, 0x18a3,
0x2104, 0x3a08, 0x31a6, 0x0841, 0x18c3, 0x2945, 0x3186, 0x3166, 0x2104, 0x20e4,
0x2945, 0x2945, 0x2945, 0x2945, 0x29ea, 0x29ea, 0x29ea, 0x31ea, 0x320a, 0x320a,
0x31ea, 0x29e9, 0x31ea, 0x322b, 0x324c, 0x3ace, 0x430f, 0x5acf, 0x42ee, 0x52d0,
0x7270, 0x6af1, 0x5b51, 0x72d2, 0x78ed, 0x3885, 0x40a6, 0x38a6, 0x20a4, 0x396b,
0x6274, 0x6ad5, 0x5a73, 0x394d, 0x512d, 0x5109, 0x18a4, 0x28c5, 0x28e5, 0x28e5,
0x28c5, 0x20c5, 0x2906, 0x3147, 0x3126, 0x3167, 0x41ea, 0x5aad, 0x632f, 0x5aad,
0x39ca, 0x29a9, 0x31ca, 0x2988, 0x10c4, 0x0061, 0x2065, 0x58ab, 0x40a9, 0x0081,
0x1843, 0x524f, 0x3df7, 0x08c4, 0x08a3, 0x08a3, 0x08a3, 0x08a3, 0x08a3, 0x08a3,
0x08a3, 0x08a3, 0x08a3, 0x08a3, 0x08a3, 0x10c3, 0x40a6, 0x40c7, 0x6109, 0x894d,
0xa18f, 0x996f, 0x814c, 0x712b, 0x712b, 0x812d, 0xaa31, 0x9371, 0x9391, 0xacd5,
0xb516, 0xa494, 0xa454, 0xa495, 0x9392, 0x3126, 0x1883, 0x3127, 0x3147, 0x18a3,
0x3147, 0x4a0b, 0x4a2b, 0x39a9, 0x39a9, 0x4a0b, 0x20e5, 0x41a8, 0x9412, 0xbd37,
0x8bb1, 0x8330, 0x7aee, 0x7b50, 0xa474, 0x9c74, 0x62ad, 0x20e5, 0x3188, 0x3188,
0x3167, 0x3167, 0x41c9, 0x4a0a, 0x20e5, 0x2906, 0x39a9, 0x2926, 0x1062, 0x49a9,
0x8b30, 0x93b2, 0xa494, 0xbd57, 0xbd97, 0xacd5, 0x9391, 0xa3d3, 0xb1d1, 0x996f,
0x894d, 0x792b, 0x60e9, 0x58e8, 0x48c7, 0x40a6, 0x3085, 0x2884, 0x7a48, 0x7a27,
0x7207, 0x69e7, 0x61c6, 0x5165, 0x4924, 0x4924, 0x4924, 0x5165, 0x5185, 0x5a28,
0x634c, 0x6410, 0x6d55, 0x7618, 0x6555, 0x4baf, 0x2a09, 0x1082, 0x1062, 0x49a5,
0x6a45, 0x2904, 0x20e5, 0x10a3, 0x0842, 0x0841, 0x1062, 0x1083, 0x18c4, 0x10a3,
0x2926, 0x2966, 0x18c4, 0x2105, 0x20e4, 0x2946, 0x2105, 0x20e4, 0x18c4, 0x2904,
0x6a25, 0x3944, 0x18e5, 0x20e4, 0x2105, 0x2125, 0x18e4, 0x31a7, 0x39e8, 0x31a7,
0x2946, 0x18c3, 0x2105, 0x2966, 0x31a7, 0x31a7, 0x2987, 0x2946, 0x2946, 0x2146,
0x1925, 0x2146, 0x3acb, 0x5cd3, 0x7679, 0x7e99, 0x7575, 0x6bce, 0x6aeb, 0x7a89,
0x08e3, 0x1124, 0x0904, 0x08e4, 0x08e4, 0x1104, 0x1104, 0x1104, 0x1104, 0x1145,
0x08c3, 0x2b0c, 0x2b0c, 0x2229, 0x1104, 0x0020, 0x0061, 0x10e3, 0x1925, 0x0882,
0x08a2, 0x08e4, 0x1104, 0x08a3, 0x0062, 0x0061, 0x0061, 0x08a2, 0x08a3, 0x10e3,
0x1104, 0x1104, 0x0862, 0x1124, 0x1104, 0x08a2, 0x0861, 0x0061, 0x0061, 0x0061,
0x0862, 0x0882, 0x0041, 0x0882, 0x08a3, 0x0882, 0x0041, 0x0020, 0x0020, 0x0020,
0x0041, 0x0061, 0x0882, 0x0082, 0x08a3, 0x1124, 0x0904, 0x08e3, 0x08e3, 0x1966,
0x1966, 0x1945, 0x19e8, 0x1a8a, 0x1a08, 0x3db6, 0x56da, 0x46fb, 0x3eba, 0x3e99,
0x3e59, 0x3e38, 
0x1927, 0x1927, 0x1968, 0x220b, 0x226d, 0x226c, 0x220b, 0x1988, 0x1147, 0x29aa,
0x9274, 0xaa15, 0x7990, 0xa193, 0x50c9, 0x2886, 0x1063, 0x0822, 0x0863, 0x0863,
0x1063, 0x1063, 0x0883, 0x0883, 0x0842, 0x0842, 0x0842, 0x0842, 0x0842, 0x0862,
0x0863, 0x0883, 0x1083, 0x0842, 0x0842, 0x0862, 0x0862, 0x0842, 0x0862, 0x1083,
0x0883, 0x0862, 0x0862, 0x0842, 0x0841, 0x0842, 0x0862, 0x0083, 0x1084, 0x2865,
0x1063, 0x0863, 0x0863, 0x0863, 0x0863, 0x0843, 0x2865, 0x2044, 0x3066, 0x60cb,
0x48c9, 0x8950, 0xca17, 0xaa55, 0x49ac, 0x1106, 0x1106, 0x2127, 0x2127, 0x2928,
0x2928, 0x2908, 0xa409, 0x8b69, 0x5a67, 0x3186, 0x2946, 0x2946, 0x2946, 0x2946,
0x2946, 0x2946, 0x3166, 0x3986, 0x41e7, 0x5a68, 0xaba8, 0x4163, 0x1881, 0x49a4,
0xbc2a, 0xbc2a, 0x9b68, 0x51e6, 0x0882, 0x49a5, 0xa389, 0x3187, 0x10c5, 0x3104,
0x4985, 0x4985, 0x4985, 0x4985, 0x4986, 0x4985, 0x4965, 0x4985, 0x6207, 0x7aea,
0x836c, 0x8bad, 0x942e, 0x942e, 0x834c, 0x72aa, 0x72aa, 0x6248, 0x18c4, 0x1906,
0x54d4, 0x2a4a, 0x1062, 0x5471, 0x767a, 0x6596, 0x2a49, 0x18e4, 0x2186, 0x3b4d,
0x4c31, 0x328b, 0x324a, 0x29c8, 0x2987, 0x2166, 0x2966, 0x3186, 0x39c6, 0x4207,
0x4207, 0x41e6, 0x31a6, 0x3166, 0x2228, 0x330b, 0x2a69, 0x2a8a, 0x336d, 0x336d,
0x338d, 0x3b8e, 0x3bae, 0x3bce, 0x3b8e, 0x3b6d, 0x4430, 0x5574, 0x4d11, 0x440e,
0x29e7, 0x2145, 0x2186, 0x2186, 0x2186, 0x1104, 0x1145, 0x1186, 0x19c6, 0x2286,
0x19a6, 0x11a6, 0x39c6, 0x7268, 0x7ac9, 0x8b4b, 0x8b2a, 0x7268, 0x6a07, 0x6207,
0x6207, 0x6a27, 0x82e9, 0x8b6b, 0x7aa8, 0x7268, 0x5a27, 0x19a7, 0x1187, 0x1a26,
0x1a66, 0x1145, 0x0925, 0x0904, 0x2165, 0x2186, 0x2186, 0x2125, 0x2186, 0x3b8d,
0x4c90, 0x5512, 0x4470, 0x3b8e, 0x3bae, 0x3bce, 0x3bae, 0x3bae, 0x3b8e, 0x336d,
0x336d, 0x334d, 0x332c, 0x2a8a, 0x2208, 0x21e7, 0x5316, 0x5d7b, 0x55dc, 0x3b14,
0x3a72, 0x398f, 0x414f, 0x4950, 0x4950, 0x4970, 0x4190, 0x59b2, 0x5a13, 0x61b4,
0xb31b, 0xfc1f, 0xac7c, 0x5d19, 0x51b2, 0x6090, 0x6112, 0x7114, 0x48ae, 0x2027,
0x2027, 0x40ae, 0x308c, 0x30cb, 0x290a, 0x1866, 0x1846, 0x1825, 0x1825, 0x1826,
0x1846, 0x1846, 0x1846, 0x1826, 0x1825, 0x1846, 0x1846, 0x20c8, 0x292b, 0x2889,
0x308b, 0x48af, 0x2048, 0x2848, 0x58f0, 0x7914, 0x5911, 0x68f2, 0x60f1, 0x6499,
0xa57d, 0xdbdc, 0x8a79, 0x51d4, 0x51d3, 0x5254, 0x4212, 0x41d0, 0x5191, 0x5192,
0x4272, 0x3ab3, 0x3b35, 0x3ad3, 0x3a52, 0x43b7, 0x5e1d, 0x4498, 0x4208, 0x39e7,
0x3a08, 0x39e7, 0x39c7, 0x39c7, 0x31a7, 0x31a7, 0x31a7, 0x2966, 0x20e4, 0x0862,
0x1082, 0x2986, 0x2125, 0x2986, 0x31a7, 0x62c9, 0x6246, 0x3944, 0x5a06, 0x5a06,
0x6266, 0x83ed, 0x63f1, 0x6c11, 0x7472, 0x7cb3, 0x7cf4, 0x6c31, 0x7493, 0x74b3,
0x7cd4, 0x74b3, 0x6c52, 0x7452, 0x63af, 0x4acb, 0x5b6e, 0x52ec, 0x4acc, 0x4acb,
0x4249, 0x532d, 0x4acc, 0x5a89, 0x7287, 0x6a87, 0x6a47, 0x6247, 0x59e6, 0x59e6,
0x3924, 0x18e5, 0x5267, 0x6266, 0x28e3, 0x28e3, 0x1082, 0x4164, 0x39a5, 0x18e4,
0x18c3, 0x2125, 0x1082, 0x0821, 0x2104, 0x39e8, 0x39a7, 0x31a7, 0x3186, 0x2945,
0x4b6e, 0x7514, 0x8dd7, 0x7cf3, 0x4b2d, 0x2166, 0x1082, 0x1082, 0x18c3, 0x1904,
0x1904, 0x1904, 0x1905, 0x2125, 0x2145, 0x2125, 0x1904, 0x1904, 0x1905, 0x2145,
0x2166, 0x10c3, 0x18a2, 0x0861, 0x0020, 0x1082, 0x0861, 0x0041, 0x3965, 0x8b0a,
0x82e9, 0x2924, 0x0841, 0x0841, 0x1082, 0x18e3, 0x0841, 0x10a3, 0x1082, 0x51c4,
0x2903, 0x1904, 0x31e8, 0x31c8, 0x29a7, 0x31c8, 0x31e8, 0x31e8, 0x31e8, 0x31e8,
0x31e8, 0x31e8, 0x31e8, 0x31c8, 0x29a7, 0x29a7, 0x29c7, 0x31c8, 0x29a7, 0x29a7,
0x2987, 0x2987, 0x2987, 0x2986, 0x2966, 0x2146, 0x2145, 0x2145, 0x2145, 0x18e4,
0x18c3, 0x3a6a, 0x2925, 0x2925, 0x2925, 0x3165, 0x3166, 0x2925, 0x2945, 0x2965,
0x20e3, 0x18a3, 0x1061, 0x2104, 0x39a7, 0x20e3, 0x20e3, 0x2104, 0x2966, 0x3186,
0x2945, 0x2124, 0x2924, 0x2104, 0x2986, 0x20e4, 0x18c3, 0x18c3, 0x18c3, 0x18c3,
0x2965, 0x532d, 0x7cd4, 0x8db7, 0x95f8, 0x95f8, 0x9e18, 0x9e39, 0x9e38, 0x9e18,
0x95f8, 0x95d7, 0x8db7, 0x74b3, 0x4aeb, 0x2124, 0x18a3, 0x18c3, 0x18c3, 0x18c3,
0x2904, 0x2945, 0x20e4, 0x2924, 0x2124, 0x2965, 0x31a7, 0x2965, 0x2104, 0x20e3,
0x2104, 0x39e8, 0x18c3, 0x1082, 0x18a3, 0x2104, 0x3186, 0x3165, 0x3145, 0x3186,
0x3145, 0x3145, 0x3145, 0x3125, 0x31ea, 0x320a, 0x320a, 0x320a, 0x320a, 0x320a,
0x31ea, 0x29e9, 0x31ea, 0x322b, 0x3a6c, 0x3aee, 0x430f, 0x4aef, 0x52cf, 0x4af0,
0x5331, 0x6311, 0x5b31, 0x6af2, 0x68ec, 0x48a9, 0x1063, 0x0862, 0x18c5, 0x18e5,
0x316a, 0x5a52, 0x392c, 0x18a7, 0x40e9, 0x592a, 0x20c5, 0x28c5, 0x20c4, 0x28c5,
0x28e5, 0x3126, 0x3126, 0x3126, 0x3167, 0x41c9, 0x4a4b, 0x62ee, 0x6b50, 0x39e9,
0x2168, 0x2989, 0x10a4, 0x0882, 0x2085, 0x60ac, 0x50ab, 0x1863, 0x0040, 0x2886,
0x50aa, 0x226b, 0x44f5, 0x1145, 0x08a3, 0x08a3, 0x08a3, 0x08a3, 0x08a3, 0x08a3,
0x08a3, 0x08a3, 0x08a3, 0x08a3, 0x08a3, 0x10c3, 0x38a6, 0x40c6, 0x50e8, 0x792c,
0x996e, 0x996e, 0x814c, 0x792b, 0x794c, 0x914e, 0xb212, 0x9bd3, 0x8b71, 0xa474,
0xa474, 0xa454, 0xbd57, 0xbd57, 0x9c14, 0x4168, 0x18a4, 0x3988, 0x41ea, 0x4a0b,
0x20e5, 0x3147, 0x39a9, 0x39c9, 0x41c9, 0x39a9, 0x2905, 0x2106, 0x39a8, 0x62cd,
0x8370, 0x7aef, 0x6a2c, 0x7b0f, 0xa4b5, 0x7b4f, 0x3126, 0x20c4, 0x3167, 0x3147,
0x2926, 0x3988, 0x41e9, 0x2926, 0x41a9, 0x524d, 0x41c9, 0x3127, 0x1063, 0x5a0b,
0x9bf3, 0x9bf3, 0x9c33, 0xacf5, 0xb516, 0xac74, 0x8b50, 0xac14, 0x914e, 0x814c,
0x710b, 0x60e9, 0x50c8, 0x50c7, 0x48c7, 0x40a6, 0x3085, 0x2884, 0x7207, 0x69e7,
0x69c6, 0x5985, 0x4904, 0x5944, 0x69a5, 0x79e6, 0x8247, 0x82c9, 0x8490, 0x8e17,
0x5c92, 0x6534, 0x4c10, 0x3229, 0x2125, 0x18c4, 0x18a3, 0x20e4, 0x18c4, 0x20e3,
0x6a25, 0x3944, 0x18c4, 0x1082, 0x0842, 0x1083, 0x1062, 0x1062, 0x1083, 0x18c4,
0x3167, 0x2946, 0x20e4, 0x2105, 0x2105, 0x2925, 0x18c4, 0x20e4, 0x1083, 0x3123,
0x6205, 0x3124, 0x18e4, 0x20e4, 0x2925, 0x18a3, 0x2986, 0x39e8, 0x3a09, 0x39e8,
0x39e8, 0x39c8, 0x2946, 0x18c3, 0x18c4, 0x2925, 0x3187, 0x31a8, 0x2104, 0x18e4,
0x2925, 0x2966, 0x2925, 0x20e4, 0x2986, 0x42ec, 0x5d14, 0x769a, 0x75b6, 0x6c71,
0x0882, 0x0882, 0x08e3, 0x0904, 0x08e3, 0x1104, 0x1104, 0x1124, 0x1104, 0x1125,
0x1125, 0x1124, 0x2a8a, 0x2229, 0x19c7, 0x0041, 0x0041, 0x0862, 0x1104, 0x1104,
0x0882, 0x08c3, 0x1104, 0x10e4, 0x0882, 0x0041, 0x0061, 0x0041, 0x0882, 0x10c3,
0x10e4, 0x1104, 0x0061, 0x08a2, 0x1104, 0x1145, 0x1124, 0x08c3, 0x08a2, 0x0882,
0x0882, 0x0061, 0x0061, 0x08c3, 0x08c3, 0x08a3, 0x0021, 0x0020, 0x0020, 0x0020,
0x0041, 0x0062, 0x0882, 0x0882, 0x0904, 0x0904, 0x08e3, 0x08c3, 0x1925, 0x2166,
0x1966, 0x1945, 0x1a69, 0x08e3, 0x1145, 0x3d34, 0x4e38, 0x4f1b, 0x3eda, 0x3e79,
0x3e99, 0x3e79, 
0x1926, 0x1926, 0x1947, 0x1968, 0x2189, 0x2189, 0x1167, 0x29aa, 0x8a53, 0xca79,
0xb1d5, 0x590c, 0x38c7, 0x3086, 0x1043, 0x2064, 0x0863, 0x0862, 0x0863, 0x0883,
0x1864, 0x4087, 0x30a6, 0x1884, 0x0842, 0x0842, 0x0862, 0x0862, 0x0842, 0x0862,
0x1083, 0x1083, 0x1083, 0x0842, 0x0842, 0x0862, 0x0862, 0x0842, 0x1083, 0x1083,
0x0883, 0x0862, 0x0842, 0x0842, 0x0842, 0x0041, 0x1864, 0x40c8, 0x4087, 0x3866,
0x1043, 0x0863, 0x0863, 0x0863, 0x0842, 0x0843, 0x1022, 0x1043, 0x1063, 0x1083,
0x18c5, 0x20a5, 0x48c9, 0x9951, 0xda38, 0xb276, 0x49ac, 0x2148, 0x2127, 0x2928,
0x2928, 0x2908, 0xac2a, 0x8b89, 0x5a67, 0x3186, 0x2946, 0x2946, 0x2946, 0x2946,
0x2966, 0x3166, 0x3986, 0x41c6, 0x4a07, 0x7ae8, 0x82a6, 0x3123, 0x6245, 0xd4cb,
0xabc9, 0x7aa6, 0x7aa7, 0x3145, 0x0882, 0x2904, 0x9328, 0x5208, 0x10e6, 0x20c3,
0x49a6, 0x59e7, 0x51c6, 0x51a6, 0x5185, 0x4985, 0x51a6, 0x6a68, 0x7b0a, 0x834c,
0x8b6c, 0x93cd, 0x9c2f, 0x93ee, 0x7b0b, 0x72aa, 0x72ca, 0x49c6, 0x10a3, 0x29a8,
0x5473, 0x1946, 0x1041, 0x434d, 0x5d55, 0x65b6, 0x7edb, 0x5471, 0x2166, 0x21c7,
0x4c51, 0x3b2d, 0x326a, 0x3209, 0x29a7, 0x2987, 0x2986, 0x39c7, 0x4a27, 0x5a67,
0x5a67, 0x5227, 0x39c6, 0x3166, 0x2228, 0x330b, 0x2a49, 0x2a8a, 0x336d, 0x336d,
0x3b8d, 0x3bae, 0x338d, 0x336d, 0x3bce, 0x5573, 0x6656, 0x5552, 0x3289, 0x1925,
0x29a6, 0x29c7, 0x29c7, 0x29a6, 0x29a7, 0x2165, 0x0904, 0x1166, 0x1186, 0x1166,
0x19a6, 0x1186, 0x31a6, 0x7a88, 0x7ac9, 0x8b2a, 0x938b, 0x82e9, 0x7aa8, 0x7288,
0x7a88, 0x7aa9, 0x8b6b, 0x8b4a, 0x7288, 0x7a88, 0x5a27, 0x1186, 0x11a7, 0x1186,
0x1145, 0x1165, 0x0904, 0x1945, 0x29a6, 0x29a6, 0x29a6, 0x29c7, 0x21a6, 0x2145,
0x21a6, 0x4c2f, 0x5d94, 0x5573, 0x4450, 0x338d, 0x336d, 0x3b8e, 0x3b8e, 0x336d,
0x336d, 0x334d, 0x334c, 0x330c, 0x2a69, 0x21c7, 0x4a73, 0x52d5, 0x5cba, 0x5cd9,
0x4a73, 0x6213, 0x69f3, 0x4950, 0x5150, 0x4991, 0x51f3, 0x51d2, 0x51d2, 0x69f5,
0x9a99, 0xbb3c, 0xebbe, 0x9afa, 0x5d7a, 0x52f4, 0x6091, 0x50cf, 0x50cf, 0x3049,
0x1845, 0x1025, 0x388c, 0x38ce, 0x28aa, 0x1826, 0x2068, 0x1826, 0x1826, 0x1846,
0x1847, 0x1827, 0x1827, 0x1826, 0x1826, 0x1846, 0x1888, 0x1867, 0x290b, 0x38cd,
0x308c, 0x1025, 0x1846, 0x388c, 0x50d0, 0x40ee, 0x68b2, 0x5131, 0x64f9, 0x8cdb,
0xec5d, 0xbb7c, 0x6216, 0x5214, 0x5234, 0x4a33, 0x41d0, 0x416f, 0x4970, 0x5172,
0x4355, 0x3b75, 0x3bb6, 0x3b55, 0x3a53, 0x55fc, 0x4c99, 0x3a73, 0x31a7, 0x39c7,
0x39a7, 0x39a6, 0x3186, 0x3166, 0x3186, 0x3186, 0x39c7, 0x2966, 0x0841, 0x0862,
0x18e4, 0x31a7, 0x2104, 0x2966, 0x2987, 0x6288, 0x49c5, 0x2945, 0x20e4, 0x1083,
0x41a5, 0x7329, 0x5b6f, 0x6bf0, 0x6c31, 0x6bf0, 0x7452, 0x6c31, 0x6c52, 0x6c11,
0x6c31, 0x6c11, 0x6411, 0x6c11, 0x5b6e, 0x428a, 0x530d, 0x4aec, 0x4acc, 0x4acc,
0x4249, 0x4acc, 0x5aaa, 0x7287, 0x7287, 0x7267, 0x6a67, 0x6a47, 0x6206, 0x4144,
0x2104, 0x31a8, 0x3985, 0x5a05, 0x10a3, 0x2945, 0x41a5, 0x51e5, 0x4185, 0x18e4,
0x18c3, 0x2125, 0x1082, 0x1082, 0x1082, 0x3186, 0x31a6, 0x2965, 0x2945, 0x3145,
0x6c51, 0x42ab, 0x2186, 0x0841, 0x0862, 0x10a3, 0x18e4, 0x1904, 0x1904, 0x1904,
0x1925, 0x2125, 0x2125, 0x2145, 0x2145, 0x2125, 0x2105, 0x1925, 0x2145, 0x2145,
0x1905, 0x18e4, 0x0862, 0x0000, 0x0841, 0x10a2, 0x18e4, 0x0040, 0x0861, 0x7ac9,
0x49c6, 0x0020, 0x0841, 0x1082, 0x2124, 0x18c3, 0x0862, 0x0861, 0x1082, 0x20e2,
0x1904, 0x31e8, 0x31a7, 0x29a7, 0x31c8, 0x31c8, 0x31e8, 0x31e8, 0x31e8, 0x31e8,
0x31e8, 0x31e8, 0x31e8, 0x31e8, 0x31c8, 0x31e8, 0x31e8, 0x31e8, 0x31e8, 0x31c8,
0x31c8, 0x29c7, 0x29a7, 0x29a7, 0x2987, 0x2986, 0x2966, 0x2966, 0x2145, 0x2145,
0x2966, 0x18c3, 0x2925, 0x2925, 0x2925, 0x2925, 0x2945, 0x3145, 0x2945, 0x2904,
0x20a3, 0x18c3, 0x18a2, 0x1061, 0x20a3, 0x20e3, 0x2945, 0x39c7, 0x39e8, 0x39e8,
0x3a08, 0x4228, 0x3186, 0x18c3, 0x3186, 0x2104, 0x18c3, 0x18c3, 0x18c3, 0x18e3,
0x18a2, 0x31a7, 0x52ec, 0x4aab, 0x4aab, 0x4acb, 0x4acb, 0x4aab, 0x4aab, 0x4aab,
0x4aaa, 0x4aab, 0x4acb, 0x4acb, 0x2145, 0x18a3, 0x18c3, 0x18c3, 0x18c3, 0x18c3,
0x2104, 0x2966, 0x20e4, 0x31c7, 0x3a29, 0x3a08, 0x3a08, 0x3a08, 0x31c7, 0x2945,
0x20e3, 0x18c3, 0x1061, 0x18a3, 0x18c3, 0x20c3, 0x2924, 0x3165, 0x3165, 0x3145,
0x3145, 0x3145, 0x3125, 0x3125, 0x320b, 0x320b, 0x320b, 0x320b, 0x320b, 0x320b,
0x320a, 0x31ea, 0x31ea, 0x322b, 0x3a6c, 0x3aee, 0x430f, 0x4aef, 0x52ef, 0x52f0,
0x5b11, 0x5b31, 0x5b51, 0x7333, 0x892f, 0x3085, 0x50a9, 0x1043, 0x0841, 0x2106,
0x29a9, 0x18e6, 0x20a7, 0x0863, 0x610b, 0x5109, 0x28e5, 0x28e5, 0x28e5, 0x28e5,
0x2906, 0x3126, 0x3126, 0x3147, 0x41c9, 0x4a2b, 0x528c, 0x632f, 0x6b2f, 0x2947,
0x18c4, 0x18c4, 0x0862, 0x0862, 0x60cc, 0x30c7, 0x0060, 0x0041, 0x4089, 0x40a9,
0x0882, 0x38a8, 0x55f9, 0x11e7, 0x0862, 0x10c4, 0x08a3, 0x08a3, 0x08a3, 0x08a3,
0x08a3, 0x08a3, 0x08a3, 0x08a3, 0x08a3, 0x10a3, 0x38a5, 0x38a6, 0x50c7, 0x712a,
0x894d, 0x916e, 0x814c, 0x792b, 0x814c, 0x994f, 0xba33, 0xb496, 0x830f, 0x9c13,
0x9c33, 0xb516, 0xcdf9, 0xbd57, 0xa434, 0x49a9, 0x20e5, 0x41ca, 0x5a8d, 0x6b10,
0x524c, 0x2906, 0x3167, 0x3988, 0x3147, 0x3167, 0x2905, 0x2926, 0x41c9, 0x3968,
0x3968, 0x4189, 0x49ea, 0x5a4c, 0x49ea, 0x3988, 0x2105, 0x20e5, 0x2926, 0x3146,
0x3168, 0x41c9, 0x2906, 0x41ca, 0x62ae, 0x524c, 0x41c9, 0x3168, 0x18a4, 0x622c,
0xac95, 0xb4f6, 0xacb5, 0xac95, 0xacb5, 0x9bd2, 0x93b2, 0xb435, 0x70ca, 0x690a,
0x58e8, 0x50c7, 0x48c6, 0x40a6, 0x40a6, 0x38a6, 0x3085, 0x2884, 0x69c6, 0x61c6,
0x61a6, 0x4944, 0x30c3, 0x40e3, 0x5124, 0x6985, 0x7227, 0x7bce, 0x5c92, 0x3229,
0x2105, 0x2105, 0x1883, 0x20c4, 0x20e4, 0x2925, 0x2105, 0x20e4, 0x18e4, 0x10a3,
0x49a4, 0x4984, 0x18a3, 0x1062, 0x1082, 0x2926, 0x2966, 0x2946, 0x20e4, 0x18a3,
0x2946, 0x2125, 0x20e5, 0x20e4, 0x18a3, 0x1083, 0x1083, 0x18c3, 0x10a3, 0x3944,
0x61e4, 0x2904, 0x18e4, 0x20e4, 0x2104, 0x2966, 0x3187, 0x4229, 0x424a, 0x4a4a,
0x4a6a, 0x4a6b, 0x4a6b, 0x424a, 0x31c8, 0x2925, 0x20e4, 0x2104, 0x31a7, 0x39e9,
0x31a8, 0x3187, 0x3187, 0x3187, 0x2966, 0x20e4, 0x18c4, 0x2105, 0x1925, 0x21a7,
0x08c3, 0x08a2, 0x0062, 0x08c3, 0x08e3, 0x08e3, 0x0904, 0x1124, 0x1104, 0x1104,
0x1125, 0x10e4, 0x19c7, 0x2229, 0x21e8, 0x08c3, 0x0020, 0x0041, 0x0882, 0x1925,
0x1124, 0x08a3, 0x08c3, 0x10e4, 0x08e3, 0x0862, 0x0041, 0x0862, 0x0061, 0x0882,
0x08a3, 0x10e4, 0x0882, 0x0041, 0x0882, 0x08a3, 0x08c3, 0x08c3, 0x0882, 0x0061,
0x0061, 0x0041, 0x08a2, 0x08a3, 0x08a3, 0x0862, 0x0020, 0x0020, 0x0020, 0x0021,
0x0061, 0x0082, 0x0882, 0x08c3, 0x0904, 0x08e3, 0x08c3, 0x10e3, 0x2187, 0x1966,
0x1946, 0x19a6, 0x0904, 0x0882, 0x0904, 0x2bae, 0x3cf3, 0x3db6, 0x3e38, 0x4f1b,
0x3e59, 0x3e59, 
0x1906, 0x1906, 0x1927, 0x2148, 0x2168, 0x2989, 0x9294, 0xca79, 0xa9b4, 0x60ec,
0x28a6, 0x10a4, 0x18c5, 0x1083, 0x0862, 0x0842, 0x0842, 0x0842, 0x0863, 0x0883,
0x1063, 0x2845, 0x5088, 0x3887, 0x0042, 0x0842, 0x0862, 0x0883, 0x0883, 0x0883,
0x0883, 0x0883, 0x1083, 0x0862, 0x0842, 0x0862, 0x0862, 0x0842, 0x1083, 0x1083,
0x0862, 0x0862, 0x0883, 0x0863, 0x0862, 0x0042, 0x2064, 0x4888, 0x3845, 0x2845,
0x0863, 0x0863, 0x0863, 0x0843, 0x0842, 0x0822, 0x0842, 0x1063, 0x1083, 0x18c5,
0x18c5, 0x18c5, 0x10a5, 0x18a5, 0x48c9, 0x9151, 0xe2ba, 0x59ad, 0x10e5, 0x2928,
0x2928, 0x2908, 0xac2a, 0x9389, 0x5a67, 0x3186, 0x2946, 0x2966, 0x3166, 0x3166,
0x3986, 0x41a6, 0x49c6, 0x41c6, 0x49e6, 0x9348, 0xb3e9, 0xc44a, 0xcc8a, 0x82e7,
0x6225, 0x6226, 0x51e5, 0x2944, 0x1082, 0x18a4, 0x6226, 0x6a68, 0x1927, 0x10a4,
0x41a6, 0x72ca, 0x6a89, 0x6a89, 0x72a9, 0x6a68, 0x72ca, 0x834b, 0x834c, 0x8b6c,
0x8b8d, 0x93ee, 0x9c4f, 0x8bad, 0x72ca, 0x72ca, 0x72ca, 0x3145, 0x10a4, 0x322b,
0x438f, 0x1083, 0x1062, 0x29c8, 0x4c10, 0x432d, 0x5cb2, 0x7efc, 0x5492, 0x32cb,
0x43cf, 0x3b4e, 0x32ab, 0x328a, 0x2a09, 0x29c8, 0x31c7, 0x4207, 0x5aa8, 0x7329,
0x72e8, 0x62a8, 0x4207, 0x3186, 0x2249, 0x32eb, 0x2a49, 0x2aaa, 0x336d, 0x336d,
0x332c, 0x334d, 0x4430, 0x5d94, 0x6636, 0x54d1, 0x3b0b, 0x29c7, 0x29a7, 0x29c7,
0x29c7, 0x2a08, 0x3208, 0x3208, 0x29e7, 0x29e7, 0x1925, 0x0904, 0x1186, 0x1186,
0x19a6, 0x1186, 0x31a6, 0x7a88, 0x82c9, 0x8309, 0x93ac, 0x8b2a, 0x82e9, 0x82e9,
0x82e9, 0x8b0a, 0x93ac, 0x830a, 0x7288, 0x82c9, 0x5a07, 0x1186, 0x11a6, 0x1186,
0x1186, 0x0905, 0x10e4, 0x29c6, 0x29e7, 0x3208, 0x29e7, 0x29c7, 0x29c7, 0x21a6,
0x29c7, 0x21a6, 0x3289, 0x4c6f, 0x5dd5, 0x5dd5, 0x4cb1, 0x3bae, 0x334d, 0x334d,
0x336d, 0x334d, 0x334c, 0x332c, 0x32eb, 0x2208, 0x396e, 0x49f2, 0x5ab6, 0x651b,
0x64ba, 0x5a76, 0x61d4, 0x59d3, 0x59b2, 0x4991, 0x59d3, 0x61f3, 0x51b2, 0x61f4,
0x5a35, 0x8a79, 0xe47e, 0xd21b, 0x71b5, 0x5519, 0x4c16, 0x60d2, 0x486d, 0x2868,
0x2048, 0x2088, 0x1065, 0x1846, 0x28ab, 0x28ec, 0x2088, 0x1025, 0x1825, 0x1826,
0x1827, 0x1827, 0x1827, 0x1827, 0x1825, 0x1025, 0x2088, 0x290c, 0x314d, 0x1847,
0x1044, 0x2087, 0x2068, 0x2869, 0x60f1, 0x6091, 0x41d1, 0x657b, 0x6bd8, 0xb299,
0xecde, 0x92f9, 0x72b7, 0x4a13, 0x5a35, 0x5213, 0x4971, 0x4950, 0x416f, 0x41b1,
0x4293, 0x3b96, 0x3c37, 0x3b96, 0x4d1a, 0x4438, 0x3ab5, 0x4c17, 0x3186, 0x3186,
0x3186, 0x3986, 0x3166, 0x3165, 0x3166, 0x31a7, 0x31a7, 0x1062, 0x0861, 0x18c3,
0x18c3, 0x31a7, 0x18e4, 0x2945, 0x2986, 0x39a5, 0x8328, 0xa42b, 0x93eb, 0x7b6a,
0x72c8, 0x5227, 0x42ab, 0x6bd0, 0x63af, 0x638f, 0x638f, 0x6bf0, 0x6c31, 0x63f0,
0x63d0, 0x63f0, 0x63d0, 0x63af, 0x5b4e, 0x424a, 0x530d, 0x52ec, 0x4aec, 0x4acb,
0x3a29, 0x5a89, 0x7288, 0x7287, 0x7287, 0x7267, 0x6a67, 0x6247, 0x4985, 0x2104,
0x31e8, 0x31c7, 0x2986, 0x5a05, 0x72a7, 0x8307, 0x7ac6, 0x6225, 0x2104, 0x18e4,
0x18a3, 0x18e4, 0x1082, 0x2125, 0x0841, 0x2104, 0x3186, 0x2945, 0x3125, 0x3125,
0x2166, 0x10a3, 0x10c3, 0x18e4, 0x18e4, 0x18e4, 0x1904, 0x1904, 0x1905, 0x2125,
0x2125, 0x2145, 0x2145, 0x2145, 0x2125, 0x2125, 0x2125, 0x2145, 0x1925, 0x1925,
0x62e9, 0x836a, 0x20c2, 0x0000, 0x10a2, 0x1082, 0x2104, 0x18c3, 0x0000, 0x3144,
0x10a2, 0x0020, 0x0862, 0x2124, 0x18e3, 0x1082, 0x18c3, 0x0861, 0x1061, 0x5205,
0x4a27, 0x2146, 0x2987, 0x31c7, 0x31c8, 0x31e8, 0x31e8, 0x31e8, 0x31e8, 0x31e8,
0x31e8, 0x31e8, 0x31e8, 0x31e8, 0x31e8, 0x3209, 0x31e9, 0x31e9, 0x31e9, 0x31e8,
0x31e8, 0x31e8, 0x31e8, 0x31c8, 0x31c8, 0x29a7, 0x29a7, 0x2987, 0x2987, 0x2987,
0x1904, 0x2987, 0x2925, 0x2925, 0x2925, 0x2945, 0x2945, 0x2904, 0x20c3, 0x20a2,
0x1882, 0x20c3, 0x20e3, 0x1882, 0x2104, 0x31a6, 0x39c7, 0x39e8, 0x39e8, 0x39e8,
0x3a08, 0x3a08, 0x4249, 0x31c7, 0x2124, 0x18c3, 0x18a3, 0x18c3, 0x18c3, 0x18c3,
0x18c3, 0x18c3, 0x20e3, 0x18a3, 0x18a3, 0x18a2, 0x18a2, 0x18a2, 0x18a2, 0x18a2,
0x18a3, 0x18a3, 0x18a3, 0x20c3, 0x18c3, 0x18c3, 0x18c3, 0x18c3, 0x18c3, 0x18a3,
0x18c3, 0x2945, 0x3a08, 0x4229, 0x3a08, 0x3a08, 0x3a08, 0x39e8, 0x3a08, 0x39e8,
0x3186, 0x20e3, 0x1882, 0x20e4, 0x18c3, 0x1882, 0x20a2, 0x20c3, 0x2924, 0x3145,
0x3145, 0x3125, 0x3125, 0x3125, 0x322b, 0x322b, 0x322b, 0x320b, 0x320b, 0x320b,
0x320a, 0x31ea, 0x320a, 0x322b, 0x3a8c, 0x430f, 0x4b2f, 0x52f0, 0x52f0, 0x5b10,
0x6331, 0x6352, 0x5b71, 0x7b53, 0x9930, 0x3866, 0x1062, 0x4088, 0x0842, 0x0862,
0x1905, 0x1083, 0x1063, 0x58ea, 0x692b, 0x38e6, 0x3106, 0x3106, 0x28e5, 0x28e5,
0x2906, 0x3126, 0x3147, 0x39a8, 0x4a2b, 0x524b, 0x5acd, 0x6b4f, 0x62ee, 0x2105,
0x10a3, 0x10c4, 0x0882, 0x2065, 0x40a8, 0x0061, 0x3087, 0x60cd, 0x30a7, 0x0060,
0x3847, 0x396a, 0x4eba, 0x3d75, 0x08c3, 0x0821, 0x08a3, 0x10c3, 0x08a3, 0x08a3,
0x08a3, 0x08a3, 0x08a3, 0x08a3, 0x08a3, 0x10c3, 0x38a5, 0x38a5, 0x48c7, 0x690a,
0x814d, 0x914d, 0x814c, 0x792b, 0x814c, 0x994f, 0xba73, 0xb517, 0x82ef, 0x9bd2,
0xacd5, 0xcdd9, 0xcdf9, 0xb537, 0xa454, 0x49c9, 0x20e5, 0x524c, 0x7372, 0x7373,
0x5a8d, 0x62ef, 0x3168, 0x41ea, 0x3168, 0x2926, 0x2906, 0x20e5, 0x9433, 0xc5b9,
0xa434, 0x726d, 0x4989, 0x3147, 0x3168, 0x4a0b, 0x2926, 0x20e5, 0x2906, 0x2926,
0x49ea, 0x3167, 0x420b, 0x6b10, 0x5a6d, 0x5a8e, 0x522c, 0x3989, 0x20a4, 0x624c,
0xacb5, 0xc598, 0xc5b8, 0xbd37, 0xac95, 0x9371, 0x93d2, 0xac75, 0x68a9, 0x60e9,
0x48c7, 0x40a6, 0x38a5, 0x38a5, 0x38a5, 0x38a5, 0x3085, 0x2884, 0x61a6, 0x61a6,
0x5985, 0x4924, 0x30a2, 0x38c2, 0x48e3, 0x5144, 0x5a08, 0x6cf3, 0x29c8, 0x18a3,
0x2104, 0x2925, 0x2946, 0x2926, 0x2105, 0x2966, 0x2946, 0x2925, 0x20e4, 0x1083,
0x3103, 0x59c4, 0x18c3, 0x0862, 0x18a3, 0x20e4, 0x2925, 0x39a8, 0x4a8b, 0x20e4,
0x18c4, 0x2105, 0x18c4, 0x18a3, 0x39c8, 0x422a, 0x39e9, 0x39e8, 0x3187, 0x4184,
0x59a4, 0x20e4, 0x18c4, 0x18e4, 0x31a7, 0x39e8, 0x31c8, 0x2966, 0x4209, 0x422a,
0x4229, 0x422a, 0x4a6b, 0x52cc, 0x5b0e, 0x5b0e, 0x31c8, 0x52ed, 0x52cc, 0x424a,
0x4229, 0x39e9, 0x4a4a, 0x3a09, 0x18e4, 0x18c3, 0x18e4, 0x18c3, 0x1062, 0x2a29,
0x10c3, 0x10c3, 0x08a3, 0x0862, 0x08a2, 0x08e3, 0x08e3, 0x1124, 0x1104, 0x1104,
0x1145, 0x1125, 0x1124, 0x2229, 0x19c8, 0x1145, 0x0020, 0x0041, 0x0061, 0x08a3,
0x1945, 0x1925, 0x10c3, 0x08e3, 0x1104, 0x08c3, 0x0041, 0x0041, 0x0861, 0x0882,
0x08a2, 0x10c3, 0x08a2, 0x0061, 0x08a3, 0x0882, 0x0882, 0x08a2, 0x0862, 0x0061,
0x0041, 0x0041, 0x08c3, 0x0882, 0x0061, 0x0041, 0x0021, 0x0020, 0x0020, 0x0021,
0x0062, 0x0082, 0x08a2, 0x0904, 0x08e4, 0x08e3, 0x08a3, 0x1966, 0x2186, 0x21a7,
0x1945, 0x08a2, 0x0041, 0x0882, 0x08e4, 0x19e8, 0x22eb, 0x2b4d, 0x1186, 0x3cf3,
0x677d, 0x469a, 
0x1906, 0x1906, 0x2127, 0x1947, 0x1167, 0x396a, 0xa1d4, 0x590c, 0x20a5, 0x18c5,
0x18c5, 0x18c5, 0x18e6, 0x18e5, 0x0863, 0x0862, 0x0021, 0x0842, 0x0862, 0x0883,
0x0843, 0x2844, 0x4046, 0x3866, 0x0862, 0x0842, 0x0862, 0x0883, 0x1083, 0x10a3,
0x10c3, 0x10a3, 0x1083, 0x0862, 0x0862, 0x0862, 0x0862, 0x0842, 0x1083, 0x10a3,
0x10c4, 0x10c4, 0x10a3, 0x0883, 0x0862, 0x0042, 0x2865, 0x4067, 0x3045, 0x1843,
0x0842, 0x0863, 0x0863, 0x0842, 0x0021, 0x0842, 0x1083, 0x1083, 0x18e5, 0x1906,
0x18e5, 0x18c5, 0x18c5, 0x18c5, 0x10a4, 0x40c9, 0x58ca, 0x610b, 0x59ad, 0x1106,
0x2107, 0x2928, 0xa3e9, 0x8b89, 0x6287, 0x39a6, 0x3166, 0x3986, 0x39a6, 0x41a6,
0x41a6, 0x41a6, 0x51e6, 0x7ae8, 0xbc4a, 0xd4cb, 0xabc9, 0x9b88, 0x7ae7, 0x3964,
0x3964, 0x2924, 0x2124, 0x2125, 0x10a2, 0x10a3, 0x3145, 0x6a67, 0x2988, 0x10e5,
0x2925, 0x7b0a, 0x72ea, 0x72c9, 0x8bcd, 0x8bad, 0x836c, 0x836c, 0x8b6c, 0x8b6c,
0x8bad, 0x93cd, 0x9c4f, 0x836c, 0x72ca, 0x7b0a, 0x6a69, 0x18c4, 0x18c5, 0x326c,
0x326a, 0x0863, 0x1083, 0x2945, 0x31c7, 0x2985, 0x31a6, 0x438e, 0x6e59, 0x65b6,
0x6e79, 0x5d96, 0x3b8f, 0x2a8b, 0x2a4a, 0x2a4a, 0x3249, 0x4aa9, 0x6b2a, 0x8c2c,
0x836a, 0x6ae9, 0x4a27, 0x3186, 0x2a49, 0x32cb, 0x2a49, 0x2acb, 0x330c, 0x338d,
0x4cb1, 0x5df5, 0x6615, 0x4c90, 0x2a69, 0x2166, 0x29a6, 0x29c7, 0x29e7, 0x3208,
0x29e7, 0x3228, 0x3228, 0x3249, 0x3208, 0x2967, 0x21e6, 0x19e4, 0x1145, 0x1186,
0x19a6, 0x1186, 0x29a6, 0x7a88, 0x8309, 0x82e9, 0x93ac, 0x936b, 0x8b0a, 0x8b0a,
0x8b0a, 0x8b4a, 0x93cc, 0x7ac9, 0x7ac9, 0x82e9, 0x51e7, 0x1186, 0x11a6, 0x1186,
0x1166, 0x11a5, 0x2205, 0x2986, 0x3208, 0x3269, 0x3249, 0x3208, 0x29e7, 0x2a08,
0x29e7, 0x29c7, 0x21a6, 0x2186, 0x2a28, 0x43ad, 0x5553, 0x5dd5, 0x4cf2, 0x3bef,
0x332c, 0x330c, 0x334d, 0x332c, 0x32eb, 0x2228, 0x312c, 0x59b1, 0x6275, 0x5337,
0x5d7c, 0x559c, 0x43b7, 0x5234, 0x59d3, 0x59d3, 0x59d3, 0x51d2, 0x59f3, 0x59f4,
0x62d7, 0x82b9, 0xc3bc, 0xcb7b, 0x78f4, 0x40ae, 0x43f6, 0x4d59, 0x396e, 0x2829,
0x2889, 0x1847, 0x20a8, 0x1908, 0x1085, 0x1846, 0x28aa, 0x288a, 0x1025, 0x2048,
0x2849, 0x2849, 0x2048, 0x2868, 0x1825, 0x20a9, 0x28aa, 0x1846, 0x1045, 0x20c8,
0x20a8, 0x2047, 0x2089, 0x308a, 0x386c, 0x52f5, 0x5dbb, 0x4a93, 0x50d0, 0xdbfc,
0xc3fc, 0x8b39, 0x8af9, 0x59f4, 0x5214, 0x41f1, 0x8197, 0x6974, 0x398f, 0x41d1,
0x4293, 0x4315, 0x4356, 0x4d1a, 0x4d5b, 0x3bb7, 0x43d7, 0x4273, 0x39a7, 0x2945,
0x3166, 0x3145, 0x2945, 0x2945, 0x2945, 0x31a7, 0x20e4, 0x0841, 0x10a3, 0x2145,
0x10a3, 0x2966, 0x18c3, 0x2125, 0x2966, 0x2945, 0x49a4, 0x6a66, 0x8307, 0x9348,
0x51e5, 0x39e8, 0x5b4e, 0x52ec, 0x5b6e, 0x5b4e, 0x5b6e, 0x5b6e, 0x63d0, 0x63d0,
0x5b8f, 0x5baf, 0x5b6e, 0x5b8f, 0x534d, 0x4249, 0x530d, 0x530c, 0x4acb, 0x428b,
0x5269, 0x6a67, 0x6a67, 0x7267, 0x7267, 0x6a67, 0x6a47, 0x51a5, 0x20e4, 0x39e8,
0x39e8, 0x31c8, 0x31a7, 0x20e4, 0x4984, 0x5a05, 0x3964, 0x3103, 0x20e4, 0x18c3,
0x10a3, 0x10a3, 0x10a3, 0x2125, 0x1082, 0x1082, 0x3166, 0x3165, 0x2924, 0x2924,
0x18c4, 0x1905, 0x18e4, 0x18e4, 0x18e4, 0x1904, 0x1925, 0x2125, 0x2125, 0x2145,
0x2145, 0x2145, 0x2145, 0x2145, 0x2145, 0x2145, 0x1925, 0x1925, 0x4a07, 0x8349,
0xacad, 0x5a87, 0x0840, 0x0861, 0x2124, 0x18c3, 0x18c3, 0x2925, 0x1082, 0x0841,
0x0820, 0x1082, 0x2104, 0x18e4, 0x18c3, 0x2104, 0x2125, 0x18e3, 0x0862, 0x3964,
0x72c7, 0x6ae9, 0x29a7, 0x2167, 0x31e8, 0x31e8, 0x31e8, 0x31e8, 0x31e8, 0x31e8,
0x31e8, 0x3208, 0x3209, 0x3209, 0x3209, 0x3209, 0x3209, 0x3209, 0x3209, 0x3209,
0x3209, 0x3209, 0x31e9, 0x31e8, 0x31e8, 0x31e8, 0x31c8, 0x29a7, 0x31c8, 0x1905,
0x29a7, 0x31c8, 0x2925, 0x2925, 0x2925, 0x2904, 0x20c3, 0x18a2, 0x1882, 0x1082,
0x18a2, 0x20c3, 0x28e4, 0x2104, 0x3165, 0x3186, 0x3166, 0x39c7, 0x3a08, 0x39e8,
0x4208, 0x4229, 0x4229, 0x4249, 0x39e8, 0x18c3, 0x1082, 0x18c3, 0x18c3, 0x18c3,
0x18c3, 0x20e4, 0x2124, 0x2104, 0x2104, 0x2104, 0x2104, 0x2104, 0x2104, 0x2104,
0x2104, 0x2104, 0x2104, 0x2104, 0x18c3, 0x18c3, 0x18c3, 0x18c3, 0x18c3, 0x1082,
0x2104, 0x3a29, 0x4249, 0x4229, 0x4229, 0x4228, 0x3a08, 0x4229, 0x39c7, 0x3186,
0x31a6, 0x2965, 0x20e3, 0x2104, 0x18a2, 0x1882, 0x1082, 0x1882, 0x18a2, 0x20c3,
0x2924, 0x3145, 0x3125, 0x3124, 0x322b, 0x3a2b, 0x322b, 0x320b, 0x320a, 0x320a,
0x320a, 0x31ea, 0x320a, 0x322b, 0x3a6c, 0x430f, 0x4b0f, 0x4aef, 0x52f0, 0x5b10,
0x5b10, 0x5b30, 0x8b14, 0xca37, 0xa130, 0x3867, 0x3066, 0x3887, 0x3087, 0x0040,
0x1083, 0x0882, 0x30c6, 0x5109, 0x30e6, 0x30e6, 0x3106, 0x3127, 0x2906, 0x2905,
0x2906, 0x3126, 0x3988, 0x420a, 0x524b, 0x526c, 0x630e, 0x6b4f, 0x5aad, 0x18c4,
0x10a3, 0x1083, 0x0081, 0x48aa, 0x28a5, 0x2064, 0x50cb, 0x10a3, 0x0061, 0x488a,
0x2865, 0x11a6, 0x2b2d, 0x45d7, 0x3df7, 0x3451, 0x1104, 0x0821, 0x0883, 0x10c3,
0x08c3, 0x08a3, 0x08a3, 0x08a3, 0x08a3, 0x10c3, 0x38a5, 0x38a5, 0x40c6, 0x6109,
0x792c, 0x894d, 0x812c, 0x792b, 0x814d, 0x992e, 0xbad4, 0xa454, 0x82ef, 0xac94,
0xbd37, 0xcdf9, 0xcdd9, 0xb536, 0xa434, 0x49c9, 0x20e5, 0x41ea, 0x62f0, 0x7b92,
0x4a2b, 0x83f4, 0x6b50, 0x2947, 0x39a9, 0x3126, 0x2905, 0x20c4, 0x39a8, 0x7b90,
0x9c74, 0x9372, 0x724d, 0x8b51, 0x5a4c, 0x3147, 0x20e5, 0x20e5, 0x2906, 0x3167,
0x3146, 0x4a0b, 0x8c15, 0x7351, 0x5a8e, 0x7b93, 0x62cf, 0x3968, 0x18a4, 0x6a6d,
0xacd6, 0xc598, 0xcdd8, 0xbd57, 0xacd5, 0x9bd2, 0x8b30, 0xac54, 0x68e9, 0x58e8,
0x48c7, 0x38a6, 0x38a5, 0x38a5, 0x38a5, 0x3085, 0x2884, 0x2884, 0x61a6, 0x5985,
0x5965, 0x4924, 0x30c2, 0x30a2, 0x40e3, 0x4965, 0x63cf, 0x7e59, 0x29a7, 0x2925,
0x2125, 0x3167, 0x3187, 0x3187, 0x2925, 0x2946, 0x2946, 0x2925, 0x2104, 0x18e4,
0x20e3, 0x51a4, 0x20c2, 0x0862, 0x18c4, 0x20e4, 0x20c4, 0x2105, 0x3a09, 0x3187,
0x18a3, 0x18c4, 0x18c4, 0x3187, 0x39e9, 0x31a8, 0x2966, 0x2925, 0x20e4, 0x49a4,
0x5184, 0x18a2, 0x18e4, 0x39e8, 0x39e8, 0x39c8, 0x39e8, 0x39c8, 0x2946, 0x31c8,
0x4209, 0x4209, 0x4209, 0x4209, 0x4a6b, 0x39e8, 0x4aac, 0x636f, 0x636f, 0x6390,
0x5b2e, 0x5b4e, 0x31a7, 0x1082, 0x31a7, 0x39e8, 0x31a7, 0x2946, 0x20c4, 0x3249,
0x10c3, 0x10c3, 0x10c3, 0x10e3, 0x0882, 0x08a2, 0x08c3, 0x1104, 0x1104, 0x10e4,
0x1165, 0x1165, 0x10e4, 0x19c7, 0x19e8, 0x1986, 0x0061, 0x0021, 0x0041, 0x0041,
0x08c3, 0x1945, 0x1966, 0x1104, 0x08e3, 0x1104, 0x08a2, 0x0041, 0x0061, 0x0862,
0x08a3, 0x08c3, 0x08a3, 0x0061, 0x10e4, 0x10e4, 0x0882, 0x0862, 0x0061, 0x0061,
0x0041, 0x0882, 0x08c3, 0x0061, 0x0041, 0x0041, 0x0021, 0x0021, 0x0020, 0x0041,
0x0082, 0x0082, 0x08c3, 0x0904, 0x08e3, 0x08a3, 0x1104, 0x2187, 0x21a7, 0x21a7,
0x0882, 0x0021, 0x0082, 0x0081, 0x08c3, 0x19a7, 0x22eb, 0x3450, 0x0925, 0x0925,
0x4d75, 0x77ff, 
0x1906, 0x1906, 0x0905, 0x2168, 0x9254, 0xa9d4, 0x2865, 0x30c7, 0x18c5, 0x18c5,
0x18e5, 0x1906, 0x1906, 0x1947, 0x10c5, 0x0883, 0x0862, 0x0021, 0x0842, 0x0863,
0x0842, 0x0842, 0x2044, 0x2865, 0x0862, 0x0842, 0x0862, 0x0883, 0x10a3, 0x10c3,
0x10c4, 0x10e4, 0x10e4, 0x10a3, 0x10a3, 0x10a3, 0x10c3, 0x10a3, 0x10c4, 0x10e5,
0x10e4, 0x10c4, 0x10a3, 0x0883, 0x0862, 0x0862, 0x1063, 0x1864, 0x0863, 0x0862,
0x0842, 0x0862, 0x0842, 0x0021, 0x0842, 0x10a4, 0x10a3, 0x10e5, 0x1968, 0x1947,
0x1927, 0x18e6, 0x18e5, 0x10c5, 0x20c6, 0x38a7, 0x1864, 0x790e, 0xda18, 0xaa35,
0x498b, 0x1906, 0x9be9, 0x8b88, 0x6aa7, 0x49e6, 0x41c6, 0x41a6, 0x4185, 0x49c6,
0x6a67, 0x9b89, 0xcc8b, 0xd4cb, 0xaba8, 0x6225, 0x3964, 0x7aa7, 0x3964, 0x2924,
0x2104, 0x2104, 0x2925, 0x2925, 0x1082, 0x1083, 0x18c4, 0x5a06, 0x41c8, 0x1927,
0x10a3, 0x62a9, 0x834b, 0x72a9, 0x8bad, 0x940e, 0x8b8c, 0x8b8c, 0x8b8c, 0x8b8c,
0x8bad, 0x93cd, 0x9c4f, 0x7b0b, 0x72ca, 0x7b0b, 0x49c7, 0x10a3, 0x1906, 0x324b,
0x2167, 0x1083, 0x1083, 0x2945, 0x2925, 0x2104, 0x1904, 0x18e4, 0x432c, 0x6555,
0x3b6d, 0x65f7, 0x6edb, 0x65d7, 0x4411, 0x32ec, 0x328a, 0x530b, 0x73cc, 0x946d,
0x83eb, 0x734a, 0x4a68, 0x31a7, 0x2a69, 0x2aca, 0x2228, 0x3b8d, 0x5512, 0x5573,
0x54d1, 0x438d, 0x2a28, 0x2166, 0x29a6, 0x29e7, 0x2a08, 0x3208, 0x3228, 0x3249,
0x3249, 0x3228, 0x3a69, 0x31c8, 0x3288, 0x33e8, 0x2c27, 0x22e6, 0x1125, 0x1125,
0x1186, 0x1186, 0x2186, 0x7268, 0x8309, 0x82e9, 0x938b, 0x93ac, 0x8b0a, 0x8b2a,
0x8b0a, 0x938b, 0x938b, 0x7aa9, 0x7ac9, 0x82c9, 0x49c6, 0x0966, 0x11a6, 0x1165,
0x0905, 0x1a66, 0x2c27, 0x3428, 0x32e8, 0x31c8, 0x3249, 0x3228, 0x3228, 0x3a49,
0x3228, 0x3208, 0x29e7, 0x29c7, 0x29a6, 0x2165, 0x2186, 0x3289, 0x43cd, 0x4cf1,
0x5533, 0x4430, 0x330c, 0x332c, 0x330b, 0x2228, 0x30eb, 0x414e, 0x5992, 0x5a75,
0x4316, 0x4c5a, 0x5e3e, 0x53d8, 0x59f4, 0x6214, 0x61f4, 0x61f4, 0x6215, 0x5a15,
0x5b78, 0x6ad8, 0x8b19, 0xe3dd, 0x7973, 0x38ad, 0x306b, 0x3b53, 0x55fb, 0x314d,
0x2849, 0x292c, 0x2089, 0x2068, 0x214b, 0x18c8, 0x1025, 0x288a, 0x1868, 0x2047,
0x306b, 0x286a, 0x286a, 0x2048, 0x1867, 0x288a, 0x1024, 0x1887, 0x210a, 0x2089,
0x2089, 0x290b, 0x28a9, 0x2808, 0x42b2, 0x4d9a, 0x3a72, 0x38ad, 0x79b4, 0xd31c,
0xbbbb, 0x8379, 0x7ab8, 0x6235, 0x4a13, 0x49d2, 0x4991, 0x4171, 0x4252, 0x3a72,
0x42b4, 0x3a12, 0x4315, 0x5e7e, 0x4cd9, 0x3af4, 0x3990, 0x410e, 0x2925, 0x3186,
0x2925, 0x2925, 0x2925, 0x2945, 0x3166, 0x2925, 0x0862, 0x1082, 0x10c3, 0x2945,
0x10a3, 0x2125, 0x10a3, 0x2104, 0x2966, 0x3186, 0x4985, 0x49a5, 0x4185, 0x3924,
0x2945, 0x426a, 0x4acc, 0x530d, 0x4aab, 0x5b2d, 0x532d, 0x532d, 0x5b4e, 0x534e,
0x534e, 0x534e, 0x52ec, 0x5b4e, 0x530c, 0x3a29, 0x4aec, 0x4acc, 0x42ab, 0x5269,
0x6247, 0x6247, 0x6a47, 0x6a67, 0x6a67, 0x6206, 0x51c5, 0x20e3, 0x31e8, 0x3a29,
0x39e8, 0x3a08, 0x2946, 0x2946, 0x20c3, 0x3924, 0x4144, 0x4164, 0x2904, 0x18c3,
0x10a3, 0x1062, 0x10c3, 0x18e4, 0x2104, 0x0862, 0x20e4, 0x3165, 0x2945, 0x2945,
0x18e4, 0x1905, 0x1905, 0x1904, 0x1925, 0x2125, 0x2125, 0x2145, 0x2145, 0x2145,
0x2145, 0x2145, 0x2145, 0x2145, 0x2125, 0x1925, 0x31a6, 0x6267, 0x72a7, 0x5206,
0x2987, 0x18e5, 0x0000, 0x1082, 0x18e3, 0x2125, 0x18c3, 0x2104, 0x18e3, 0x0861,
0x1082, 0x2145, 0x2125, 0x2124, 0x2945, 0x2124, 0x2124, 0x10a2, 0x1082, 0x1925,
0x3185, 0x8b49, 0xb4ce, 0x52a9, 0x1946, 0x31c7, 0x31e8, 0x31c8, 0x31e8, 0x31e8,
0x31e8, 0x31e8, 0x31e8, 0x3208, 0x3209, 0x3209, 0x3209, 0x3209, 0x3209, 0x3209,
0x3209, 0x3209, 0x3209, 0x3209, 0x3209, 0x31e8, 0x31e8, 0x3209, 0x2145, 0x2986,
0x3209, 0x2966, 0x3125, 0x2904, 0x20c3, 0x20a2, 0x1882, 0x1062, 0x1061, 0x1061,
0x20c3, 0x20a2, 0x28e3, 0x2924, 0x3125, 0x3145, 0x3145, 0x3145, 0x4208, 0x4a6a,
0x4229, 0x4229, 0x4249, 0x4249, 0x426a, 0x3a29, 0x18c3, 0x1082, 0x18c3, 0x18c3,
0x18c3, 0x18e3, 0x2104, 0x20e4, 0x20e4, 0x20e4, 0x20e4, 0x20e4, 0x2104, 0x2104,
0x20e4, 0x20e4, 0x20e4, 0x20e4, 0x18c3, 0x18c3, 0x18c3, 0x18c3, 0x1062, 0x2104,
0x4249, 0x4269, 0x4249, 0x4249, 0x4249, 0x4249, 0x4a8a, 0x39e8, 0x3145, 0x3145,
0x3145, 0x3145, 0x2924, 0x20c3, 0x20a2, 0x18a2, 0x1061, 0x1061, 0x1062, 0x1882,
0x20a2, 0x28e3, 0x2924, 0x3925, 0x29c9, 0x29c9, 0x29c9, 0x29c8, 0x29c8, 0x29a9,
0x29a8, 0x29a8, 0x29c9, 0x29c9, 0x31e9, 0x2a09, 0x320a, 0x29e9, 0x29e9, 0x420b,
0x8251, 0xb234, 0x9970, 0x710c, 0x50c8, 0x4087, 0x3886, 0x1884, 0x4088, 0x1863,
0x0862, 0x1083, 0x18a4, 0x28e5, 0x30e6, 0x3106, 0x3106, 0x3947, 0x3127, 0x2906,
0x3126, 0x3967, 0x41c9, 0x4a2b, 0x524c, 0x5a8c, 0x6b4f, 0x632f, 0x4a4b, 0x10a3,
0x1083, 0x0862, 0x3888, 0x58cb, 0x0882, 0x0862, 0x0040, 0x2065, 0x58ac, 0x2085,
0x0061, 0x08c3, 0x10c3, 0x10c3, 0x2b6e, 0x3d76, 0x4659, 0x2bcf, 0x1125, 0x0841,
0x0862, 0x08a3, 0x0882, 0x08a3, 0x08c3, 0x10c3, 0x30a5, 0x38a5, 0x40c6, 0x60e9,
0x792b, 0x812c, 0x792b, 0x792b, 0x814c, 0x912e, 0xbb13, 0x93f2, 0x8b30, 0xacb5,
0xbd57, 0xce19, 0xcdf9, 0xb536, 0xa414, 0x49a9, 0x18a4, 0x3988, 0x4a2c, 0x4a0b,
0x524b, 0x7372, 0x7b93, 0x3167, 0x3187, 0x3167, 0x20e5, 0x20c4, 0x2905, 0x28e6,
0x3947, 0x3988, 0x41a9, 0x5a6c, 0x524b, 0x3168, 0x20c4, 0x20e5, 0x2926, 0x3988,
0x2927, 0x6b10, 0x7b93, 0x7351, 0x5a6d, 0x62af, 0x41ca, 0x2926, 0x1884, 0x6a8d,
0xb4d6, 0xc598, 0xd619, 0xcd97, 0xac74, 0xa434, 0x8b30, 0xac74, 0x712a, 0x58e8,
0x48c7, 0x40a6, 0x38a5, 0x3085, 0x3085, 0x3084, 0x2884, 0x2064, 0x6185, 0x5985,
0x5165, 0x4924, 0x30c3, 0x30a2, 0x40e4, 0x4a28, 0x7e38, 0x4baf, 0x31a7, 0x2946,
0x2945, 0x3187, 0x2966, 0x2966, 0x2125, 0x3145, 0x5a26, 0x3165, 0x3187, 0x2966,
0x18e4, 0x4963, 0x20c2, 0x1083, 0x2105, 0x2925, 0x20e4, 0x2105, 0x3187, 0x39e8,
0x2105, 0x2946, 0x31a7, 0x3187, 0x2125, 0x2104, 0x2104, 0x2105, 0x20e4, 0x4164,
0x4963, 0x2104, 0x39e8, 0x39c8, 0x39c8, 0x39c8, 0x39c8, 0x39e9, 0x4a07, 0x6a86,
0x3187, 0x39c8, 0x41e8, 0x4209, 0x39c8, 0x39c8, 0x4a6b, 0x4a6a, 0x4a8b, 0x5b2e,
0x6bd1, 0x2966, 0x18c3, 0x5b6f, 0x5b2e, 0x4a4a, 0x39c8, 0x2966, 0x2925, 0x1862,
0x10e3, 0x10e4, 0x10e4, 0x10e4, 0x10e4, 0x0882, 0x08a2, 0x08e3, 0x1104, 0x1124,
0x1104, 0x1104, 0x1124, 0x1145, 0x2208, 0x19a6, 0x08c3, 0x0020, 0x0041, 0x0041,
0x0041, 0x08c3, 0x1986, 0x21a7, 0x1104, 0x08e3, 0x08e4, 0x0862, 0x0041, 0x0861,
0x08a2, 0x08c3, 0x08c3, 0x0041, 0x08a2, 0x1104, 0x1104, 0x08c3, 0x0882, 0x0882,
0x0041, 0x08a3, 0x08a2, 0x0041, 0x0041, 0x0041, 0x0041, 0x0041, 0x0020, 0x0041,
0x0082, 0x0082, 0x0904, 0x08e4, 0x08c3, 0x10e3, 0x2186, 0x21a7, 0x21c8, 0x08a3,
0x0021, 0x0061, 0x0882, 0x0061, 0x08e3, 0x1986, 0x2b0c, 0x33ef, 0x1186, 0x08e4,
0x1a08, 0x675c, 
0x1906, 0x1927, 0x61ce, 0xca58, 0xa9d5, 0x38e8, 0x1084, 0x2085, 0x18e6, 0x1906,
0x1927, 0x1947, 0x1947, 0x1947, 0x1947, 0x10a4, 0x10c4, 0x0863, 0x0821, 0x0842,
0x0862, 0x0862, 0x0862, 0x0883, 0x0863, 0x0862, 0x0883, 0x10a3, 0x10a3, 0x10a3,
0x10e4, 0x10e4, 0x10e4, 0x10c4, 0x10a3, 0x10c4, 0x10c4, 0x10c4, 0x10e4, 0x10e5,
0x10e4, 0x10c4, 0x10a3, 0x08a3, 0x08a3, 0x0862, 0x0862, 0x0862, 0x0863, 0x0863,
0x0862, 0x0842, 0x0821, 0x0862, 0x10c4, 0x10e5, 0x10c4, 0x1968, 0x2148, 0x2148,
0x1967, 0x1947, 0x1927, 0x1906, 0x28a6, 0x1063, 0x18a5, 0x18a4, 0x40a8, 0xb1b4,
0xca57, 0x9233, 0xa3e9, 0x93a9, 0x72a7, 0x49c6, 0x49a5, 0x6247, 0x9369, 0xc46b,
0xd4ab, 0xc449, 0x9b68, 0x6a45, 0x4984, 0x2903, 0x49a5, 0x3144, 0x20e3, 0x2104,
0x2104, 0x2104, 0x2945, 0x2945, 0x10a2, 0x1083, 0x0883, 0x4185, 0x49e7, 0x1948,
0x10a4, 0x3145, 0x8b8c, 0x72ca, 0x836c, 0x940e, 0x8bad, 0x8b8c, 0x8bac, 0x8bad,
0x8b8c, 0x93ee, 0x940e, 0x72a9, 0x7aea, 0x72ea, 0x2925, 0x10a4, 0x2147, 0x29e9,
0x10e4, 0x10a4, 0x1082, 0x2104, 0x2125, 0x2104, 0x2124, 0x2945, 0x20e3, 0x432c,
0x438e, 0x1945, 0x3baf, 0x6e38, 0x7f1c, 0x6679, 0x5d55, 0x5c71, 0x746e, 0x8c6d,
0x8c4d, 0x73cc, 0x52ea, 0x3208, 0x2aaa, 0x2228, 0x442f, 0x5d73, 0x3b6c, 0x21c7,
0x2145, 0x2166, 0x29a6, 0x29e7, 0x3208, 0x3208, 0x3228, 0x3229, 0x3a69, 0x3a89,
0x3a8a, 0x31e8, 0x2a07, 0x3c29, 0x3ce9, 0x2b88, 0x1a08, 0x19c7, 0x2249, 0x1186,
0x1124, 0x1186, 0x2186, 0x6a27, 0x7a88, 0x7aa8, 0x8b2a, 0x93cc, 0x8b2a, 0x8b2a,
0x8b2a, 0x9bcc, 0x8b4a, 0x7a88, 0x7aa8, 0x7a88, 0x41a6, 0x0986, 0x1145, 0x1145,
0x19e7, 0x19e8, 0x1a08, 0x2b48, 0x3ce9, 0x3c89, 0x2a47, 0x2987, 0x3a8a, 0x3a89,
0x3a69, 0x3a69, 0x3249, 0x3208, 0x3208, 0x29e7, 0x29c7, 0x2186, 0x2165, 0x2186,
0x32a9, 0x5490, 0x5553, 0x336d, 0x2aaa, 0x2a49, 0x310c, 0x394d, 0x51b2, 0x51f3,
0x4233, 0x4295, 0x549a, 0x5d5b, 0x6275, 0x5a54, 0x61d4, 0x59f4, 0x9238, 0xa23a,
0x5bd8, 0x7b79, 0x8339, 0xb2f9, 0x8996, 0x50ef, 0x30ab, 0x292c, 0x43d5, 0x4d7a,
0x2069, 0x28cb, 0x3a31, 0x296d, 0x2089, 0x1887, 0x18c8, 0x1846, 0x208a, 0x1847,
0x284a, 0x286a, 0x286a, 0x1847, 0x2089, 0x1846, 0x18a7, 0x1887, 0x20c9, 0x294c,
0x31f0, 0x28eb, 0x1806, 0x292b, 0x55bb, 0x3b53, 0x28cb, 0x5951, 0x7133, 0xa278,
0x8b9a, 0x5b78, 0x62f6, 0x5234, 0x5234, 0x49f2, 0x49d1, 0x41d1, 0x4232, 0x3a32,
0x3a12, 0x3af5, 0x561c, 0x4d9b, 0x3ad4, 0x39b0, 0x396e, 0x412e, 0x18a3, 0x2925,
0x3166, 0x2945, 0x3165, 0x3165, 0x2945, 0x10a2, 0x0862, 0x2125, 0x18c3, 0x2104,
0x10a3, 0x1904, 0x1082, 0x2104, 0x2104, 0x3965, 0x59e6, 0x6227, 0x6227, 0x4164,
0x31a7, 0x426a, 0x426a, 0x4acc, 0x52ec, 0x4a8a, 0x52ec, 0x4acc, 0x4acc, 0x52cc,
0x530d, 0x530d, 0x52cc, 0x52ec, 0x4acc, 0x3a29, 0x4aab, 0x428b, 0x5269, 0x6206,
0x59e6, 0x59e6, 0x6226, 0x6226, 0x6226, 0x59c5, 0x28e3, 0x31c7, 0x4249, 0x39e8,
0x426a, 0x3186, 0x2966, 0x2966, 0x20e3, 0x3944, 0x4185, 0x4164, 0x2904, 0x18c3,
0x10a2, 0x0861, 0x10a3, 0x1904, 0x2145, 0x1082, 0x0841, 0x1082, 0x18e3, 0x2104,
0x1904, 0x1904, 0x2125, 0x1925, 0x2125, 0x2125, 0x2125, 0x2145, 0x2145, 0x2145,
0x2145, 0x2145, 0x2125, 0x1925, 0x2986, 0x5a46, 0x6a86, 0x41c5, 0x1925, 0x1925,
0x31c8, 0x2125, 0x0000, 0x10c3, 0x18c3, 0x18e3, 0x2925, 0x2104, 0x1082, 0x1082,
0x2945, 0x2945, 0x2125, 0x2104, 0x2104, 0x2104, 0x2104, 0x1082, 0x10c3, 0x2146,
0x2987, 0x2986, 0x838a, 0xee72, 0x944d, 0x31c7, 0x2987, 0x31c8, 0x31c8, 0x31c8,
0x31c8, 0x31e8, 0x31e8, 0x31e8, 0x3208, 0x3209, 0x3209, 0x3209, 0x31e8, 0x31e8,
0x31e9, 0x3209, 0x3209, 0x3209, 0x3209, 0x31e8, 0x3209, 0x29a7, 0x2125, 0x3a09,
0x29a7, 0x1925, 0x30e4, 0x18a2, 0x1882, 0x1082, 0x1061, 0x1061, 0x1061, 0x1061,
0x1882, 0x20a2, 0x20a2, 0x3104, 0x3124, 0x3925, 0x3945, 0x3945, 0x3945, 0x4208,
0x4aab, 0x426a, 0x426a, 0x426a, 0x426a, 0x428a, 0x426a, 0x2104, 0x1082, 0x18e3,
0x18c3, 0x18e3, 0x2104, 0x20e4, 0x20e4, 0x20e4, 0x20e4, 0x20e4, 0x20e4, 0x20e4,
0x20e4, 0x20e4, 0x20e4, 0x20e4, 0x18c3, 0x18c3, 0x18c3, 0x1062, 0x2145, 0x428a,
0x428a, 0x426a, 0x4269, 0x4269, 0x4a8a, 0x52cb, 0x41c7, 0x3945, 0x3945, 0x3945,
0x3945, 0x3124, 0x3104, 0x20a2, 0x20a2, 0x1061, 0x1061, 0x1061, 0x1061, 0x1061,
0x1862, 0x1882, 0x18a2, 0x3104, 0x2146, 0x2146, 0x2146, 0x2146, 0x2146, 0x2147,
0x2167, 0x2167, 0x2166, 0x1945, 0x2146, 0x516b, 0x4969, 0x516b, 0x9191, 0xb9b4,
0xb193, 0x70eb, 0x2063, 0x2063, 0x1843, 0x2885, 0x40a8, 0x1062, 0x1062, 0x3887,
0x0861, 0x1083, 0x1083, 0x3106, 0x3106, 0x3106, 0x3106, 0x3947, 0x3988, 0x3147,
0x3967, 0x39a9, 0x4a0a, 0x524b, 0x524b, 0x5acd, 0x6b70, 0x62ee, 0x41e9, 0x1083,
0x1083, 0x1083, 0x58cc, 0x10a3, 0x0882, 0x1883, 0x48a9, 0x50ab, 0x1063, 0x0040,
0x0842, 0x0862, 0x0882, 0x10a3, 0x10c4, 0x1105, 0x226a, 0x3431, 0x3d96, 0x3492,
0x1a49, 0x1125, 0x11a7, 0x08c3, 0x0862, 0x08a3, 0x30a5, 0x30a5, 0x40c6, 0x58e8,
0x710a, 0x792b, 0x792b, 0x792b, 0x814c, 0x890d, 0xb373, 0x8b91, 0x9391, 0xacb5,
0xbd36, 0xc5b8, 0xbd77, 0xb536, 0xa434, 0x49a9, 0x1083, 0x2926, 0x3168, 0x3988,
0x4a0a, 0x526d, 0x4a0c, 0x4a0b, 0x2905, 0x3146, 0x2905, 0x18a4, 0x3968, 0x7aef,
0x72ae, 0x59eb, 0x4168, 0x3147, 0x3147, 0x3147, 0x20c4, 0x20c5, 0x3146, 0x2926,
0x41ea, 0x526d, 0x524d, 0x5a6d, 0x41ea, 0x3168, 0x20e5, 0x2905, 0x1883, 0x72ae,
0xb4d6, 0xc598, 0xd5f9, 0xd65a, 0xbd16, 0xa3f2, 0x8b50, 0xa434, 0x79ac, 0x6109,
0x5908, 0x48c7, 0x40a6, 0x38a5, 0x3085, 0x2884, 0x2884, 0x2063, 0x5985, 0x5965,
0x5165, 0x4924, 0x30c3, 0x28a2, 0x3904, 0x5c30, 0x6534, 0x20e4, 0x31c8, 0x3166,
0x2925, 0x2946, 0x2925, 0x2945, 0x41a5, 0x8b07, 0x6a67, 0x2967, 0x31a7, 0x2967,
0x41c6, 0x6246, 0x1062, 0x20e4, 0x2925, 0x2946, 0x2925, 0x2925, 0x3187, 0x31a7,
0x31a7, 0x31a8, 0x3166, 0x2925, 0x2125, 0x2946, 0x2946, 0x2946, 0x2945, 0x7266,
0x51e5, 0x39c8, 0x31a7, 0x39c7, 0x39e8, 0x39e8, 0x41e8, 0x39c8, 0x7ae8, 0xb3e9,
0x82e7, 0x39a6, 0x31a8, 0x39c8, 0x3166, 0x3a09, 0x4209, 0x4229, 0x4209, 0x4a6a,
0x2945, 0x2104, 0x6bf1, 0x84f5, 0x5b2e, 0x4a8b, 0x4229, 0x31a7, 0x2946, 0x2105,
0x10c3, 0x10e4, 0x1924, 0x1904, 0x1904, 0x10e4, 0x0882, 0x08a2, 0x0904, 0x1145,
0x1104, 0x1124, 0x1145, 0x1104, 0x19c7, 0x19c7, 0x1124, 0x0041, 0x0041, 0x0041,
0x0041, 0x0041, 0x08c3, 0x2186, 0x21a7, 0x1125, 0x08c3, 0x08c3, 0x0041, 0x0041,
0x0882, 0x08a3, 0x08c3, 0x0061, 0x0882, 0x08a3, 0x08c3, 0x08a3, 0x0882, 0x0062,
0x0061, 0x08c3, 0x0882, 0x0041, 0x0041, 0x0041, 0x0061, 0x0041, 0x0020, 0x0061,
0x0082, 0x08c3, 0x08e4, 0x08c3, 0x08a3, 0x1966, 0x21c7, 0x2a08, 0x10e4, 0x0041,
0x0061, 0x0082, 0x0082, 0x0061, 0x1104, 0x1986, 0x22aa, 0x228a, 0x1165, 0x0904,
0x1125, 0x4534, 
0x0905, 0x61ae, 0x99d2, 0x48ea, 0x18a5, 0x08a4, 0x10c5, 0x1083, 0x18c5, 0x1947,
0x1948, 0x2128, 0x50ea, 0x58ea, 0x2147, 0x10c4, 0x10e5, 0x1905, 0x10a4, 0x0021,
0x0842, 0x0862, 0x0863, 0x1083, 0x0883, 0x0862, 0x10a3, 0x10c4, 0x10e5, 0x1105,
0x10c4, 0x10e5, 0x18e5, 0x10c4, 0x10c4, 0x10e4, 0x10e4, 0x10c4, 0x10e4, 0x1905,
0x10c4, 0x10c4, 0x1105, 0x10c4, 0x10a3, 0x0862, 0x0883, 0x0883, 0x0863, 0x0862,
0x0842, 0x0842, 0x0842, 0x10e5, 0x1926, 0x10e5, 0x10a4, 0x10e5, 0x58ea, 0x78cd,
0x490a, 0x2168, 0x1968, 0x18e6, 0x1083, 0x10c5, 0x18a5, 0x18a5, 0x18a4, 0x1885,
0x48c9, 0x9191, 0xa409, 0x9ba8, 0x8307, 0x8b48, 0xbc4a, 0xe50b, 0xd4aa, 0xa388,
0x7286, 0x5a05, 0x4184, 0x3144, 0x2904, 0x3124, 0x3144, 0x18e3, 0x20e4, 0x20e4,
0x20e4, 0x2104, 0x2125, 0x2125, 0x10a2, 0x1083, 0x0883, 0x20e4, 0x59e6, 0x2168,
0x2147, 0x10a4, 0x6289, 0x832b, 0x7b0b, 0x942f, 0x8bad, 0x8b8c, 0x8b8c, 0x8bad,
0x834b, 0x940e, 0x8bad, 0x72a9, 0x7b0b, 0x6268, 0x10a3, 0x18e5, 0x29aa, 0x2167,
0x10a3, 0x10a4, 0x1082, 0x2104, 0x3166, 0x2945, 0x2124, 0x2104, 0x2125, 0x18c3,
0x3b4d, 0x2a49, 0x1946, 0x2a29, 0x4bef, 0x4cd3, 0x5d96, 0x6e9a, 0x7e99, 0x8636,
0x8d73, 0x7c6e, 0x530b, 0x3229, 0x2aaa, 0x43ee, 0x3bcd, 0x2a07, 0x1904, 0x29a6,
0x29c7, 0x29e7, 0x3208, 0x3228, 0x3229, 0x3249, 0x3a49, 0x3a69, 0x3aaa, 0x3a69,
0x31c8, 0x3308, 0x3ce9, 0x33c9, 0x2269, 0x228b, 0x2b0c, 0x22aa, 0x2228, 0x228a,
0x19a7, 0x0945, 0x1965, 0x8309, 0x93ac, 0x8b6b, 0x8b2a, 0x936b, 0x936b, 0x934a,
0x936b, 0x938b, 0x8b0a, 0x8b4a, 0x938b, 0x9bac, 0x41e6, 0x0945, 0x1165, 0x1a29,
0x1a08, 0x2269, 0x2b0b, 0x2acc, 0x226a, 0x3389, 0x3d09, 0x33a8, 0x3208, 0x3a29,
0x3a8a, 0x3a8a, 0x3a8a, 0x3a49, 0x3229, 0x3228, 0x3208, 0x29e7, 0x29c7, 0x29a6,
0x2165, 0x2125, 0x332b, 0x444f, 0x3b6d, 0x2228, 0x310c, 0x314c, 0x5992, 0x61b4,
0x4a13, 0x4a55, 0x4bd8, 0x5dfd, 0x4a95, 0x4a34, 0x6215, 0x51f3, 0x5a35, 0x7236,
0x5c19, 0x851b, 0x5ad8, 0xcc3d, 0x7993, 0x50f0, 0x40ec, 0x498e, 0x28ec, 0x4497,
0x43d5, 0x2007, 0x292c, 0x3a51, 0x20ea, 0x1826, 0x1866, 0x1886, 0x2069, 0x2068,
0x2849, 0x306b, 0x2849, 0x1847, 0x2069, 0x1886, 0x1887, 0x1826, 0x20e9, 0x3271,
0x290c, 0x2047, 0x2069, 0x4cb7, 0x3bf5, 0x31ef, 0x396e, 0x490f, 0x7993, 0xe45e,
0x7b5a, 0x6338, 0x6af7, 0x5254, 0x5254, 0x4a33, 0x39d2, 0x39d2, 0x4212, 0x41f2,
0x4356, 0x5ebe, 0x4cda, 0x3af5, 0x3a52, 0x3a10, 0x392e, 0x490e, 0x2104, 0x18a3,
0x2104, 0x2925, 0x20e4, 0x1082, 0x0862, 0x0862, 0x10a3, 0x2145, 0x18e4, 0x10a3,
0x10c3, 0x18c3, 0x0862, 0x18e4, 0x18e4, 0x3985, 0x51c5, 0x51e6, 0x51e6, 0x3124,
0x31c8, 0x3a09, 0x4229, 0x424a, 0x4a8b, 0x4aab, 0x426a, 0x4aab, 0x4aab, 0x4a8a,
0x4a8b, 0x4a8b, 0x4aab, 0x4aab, 0x4aab, 0x31c8, 0x3a4a, 0x5228, 0x59e5, 0x51c5,
0x59e5, 0x51a5, 0x59e5, 0x59e6, 0x51a5, 0x2903, 0x31a7, 0x4249, 0x3a08, 0x4a8a,
0x31c7, 0x3186, 0x2966, 0x2945, 0x18e4, 0x3103, 0x4144, 0x3944, 0x3165, 0x18a3,
0x0862, 0x0861, 0x1082, 0x2125, 0x2125, 0x18c3, 0x1082, 0x0841, 0x0021, 0x1082,
0x1904, 0x1904, 0x2125, 0x2125, 0x2125, 0x2125, 0x2125, 0x2145, 0x2145, 0x2145,
0x2145, 0x2125, 0x2966, 0x4a06, 0x6266, 0x49e5, 0x2145, 0x1905, 0x2125, 0x2146,
0x31c7, 0x10c3, 0x0020, 0x18e3, 0x20e4, 0x18a3, 0x2104, 0x2104, 0x10a2, 0x2945,
0x2124, 0x2104, 0x2104, 0x2104, 0x2104, 0x2124, 0x2104, 0x1082, 0x18e4, 0x2966,
0x29a7, 0x29a7, 0x2146, 0x5289, 0xcd90, 0xbd0e, 0x52a9, 0x2187, 0x29a7, 0x31c8,
0x31c8, 0x31c8, 0x31c8, 0x31e8, 0x31e8, 0x31e8, 0x31e8, 0x31e8, 0x31c8, 0x31c8,
0x31e8, 0x31e8, 0x3208, 0x3208, 0x3209, 0x31e8, 0x31e8, 0x1905, 0x31c8, 0x31e8,
0x2145, 0x18c4, 0x1882, 0x1882, 0x1061, 0x1061, 0x1062, 0x1062, 0x1061, 0x1861,
0x1861, 0x2082, 0x28c3, 0x38e4, 0x4104, 0x4924, 0x5145, 0x5145, 0x4945, 0x4125,
0x41c7, 0x4aab, 0x4aaa, 0x4a8a, 0x4a8a, 0x428a, 0x4aab, 0x4acb, 0x2965, 0x1082,
0x18e3, 0x18c3, 0x2104, 0x20e4, 0x20e3, 0x20e3, 0x20e4, 0x2104, 0x2104, 0x2104,
0x20e3, 0x20e4, 0x20e4, 0x20e3, 0x18c3, 0x18c3, 0x1062, 0x2986, 0x4acb, 0x4aaa,
0x4a8a, 0x4a8a, 0x4a6a, 0x4aaa, 0x4aaa, 0x41a6, 0x4145, 0x4945, 0x5145, 0x5145,
0x4124, 0x3904, 0x3104, 0x28c3, 0x1861, 0x1861, 0x1061, 0x1862, 0x1862, 0x1061,
0x1061, 0x1061, 0x1882, 0x1882, 0x08a3, 0x08a3, 0x10a3, 0x10a3, 0x10a3, 0x10a4,
0x08a3, 0x08a2, 0x28c6, 0x714d, 0xa9b3, 0xc1b5, 0x792d, 0xc9d5, 0x892f, 0x40a7,
0x1062, 0x1062, 0x1083, 0x1083, 0x0862, 0x0841, 0x1062, 0x3066, 0x0842, 0x4088,
0x0862, 0x1083, 0x1082, 0x3106, 0x3127, 0x3127, 0x3106, 0x3967, 0x4a0b, 0x41c9,
0x41c9, 0x49ea, 0x4a4b, 0x524c, 0x524b, 0x630e, 0x6b4f, 0x5a8d, 0x39a8, 0x0862,
0x0882, 0x1884, 0x50ca, 0x0882, 0x1082, 0x510a, 0x38c7, 0x0061, 0x0841, 0x0841,
0x0862, 0x1083, 0x10a3, 0x10c4, 0x10c3, 0x10c4, 0x10a3, 0x1062, 0x22ac, 0x45b7,
0x3d55, 0x3451, 0x3d76, 0x34f4, 0x234d, 0x1166, 0x30a5, 0x30a5, 0x38a6, 0x50c7,
0x60e9, 0x690a, 0x690a, 0x710a, 0x792b, 0x80ec, 0xabb3, 0x8b91, 0x9bd2, 0xacd5,
0xb516, 0xacd5, 0xb536, 0xacd5, 0x8370, 0x4168, 0x0842, 0x20e5, 0x20c4, 0x2906,
0x39a9, 0x39a9, 0x3988, 0x41a9, 0x2926, 0x20c4, 0x20e5, 0x18a4, 0x2905, 0x49c9,
0x6a6d, 0x6a4d, 0x59cb, 0x620c, 0x3927, 0x20e5, 0x18a4, 0x20e5, 0x2905, 0x20c5,
0x3988, 0x3989, 0x3147, 0x39a9, 0x2906, 0x20e5, 0x2906, 0x18a4, 0x1863, 0x7b0f,
0xbd37, 0xcdb8, 0xcdf9, 0xcdd8, 0xbd77, 0xb4d5, 0x9330, 0xa433, 0x7a4e, 0x618b,
0x596a, 0x5129, 0x48e7, 0x40c6, 0x38a5, 0x30a5, 0x2884, 0x2084, 0x5985, 0x5165,
0x5144, 0x4924, 0x30c3, 0x28a3, 0x3186, 0x6d96, 0x3a6a, 0x18a3, 0x2966, 0x3187,
0x2925, 0x2946, 0x2105, 0x20e3, 0x7266, 0x6247, 0x3187, 0x2967, 0x39a6, 0x6267,
0xa3ea, 0x5205, 0x0862, 0x2946, 0x2946, 0x2946, 0x2966, 0x3166, 0x3187, 0x31a7,
0x3187, 0x3166, 0x3166, 0x2966, 0x3166, 0x3187, 0x3187, 0x2125, 0x6ac8, 0xa3c9,
0x5206, 0x2987, 0x39c8, 0x39c8, 0x39e8, 0x39e8, 0x4208, 0x39e8, 0x7b08, 0xb40a,
0xa3c9, 0x9ba9, 0x5206, 0x2125, 0x3187, 0x31a7, 0x39c8, 0x39c8, 0x39e9, 0x2925,
0x10a3, 0x4a6a, 0x5b0e, 0x7c73, 0x6bd0, 0x52ac, 0x4a4a, 0x39e8, 0x3166, 0x2945,
0x10c3, 0x10c3, 0x1104, 0x1925, 0x1904, 0x1925, 0x10e3, 0x0882, 0x0882, 0x08c3,
0x0904, 0x1124, 0x1144, 0x1104, 0x1165, 0x19c7, 0x1165, 0x0061, 0x0041, 0x0041,
0x0041, 0x0041, 0x0041, 0x08a2, 0x1966, 0x21c7, 0x1945, 0x08c3, 0x0882, 0x0041,
0x0061, 0x0882, 0x08c3, 0x0862, 0x0061, 0x0882, 0x0882, 0x0882, 0x0862, 0x0061,
0x0882, 0x08a3, 0x0061, 0x0041, 0x0041, 0x0062, 0x0882, 0x0041, 0x0020, 0x0061,
0x0882, 0x08c3, 0x08c3, 0x08a2, 0x1925, 0x29c8, 0x2a09, 0x1946, 0x0041, 0x0041,
0x0082, 0x0082, 0x0082, 0x0061, 0x1125, 0x19c7, 0x19e7, 0x1145, 0x1104, 0x08c3,
0x1104, 0x2b4d, 
0x2127, 0x7990, 0x490b, 0x00a3, 0x18a5, 0x18c5, 0x18e5, 0x10e5, 0x1083, 0x1927,
0x2168, 0x70cc, 0x78cc, 0x40a7, 0x1063, 0x10c4, 0x1968, 0x1926, 0x0862, 0x0842,
0x0842, 0x0842, 0x0842, 0x0863, 0x0883, 0x0862, 0x10a3, 0x10e4, 0x1905, 0x1946,
0x10e5, 0x10c4, 0x18e5, 0x10c4, 0x10c4, 0x18e5, 0x10e4, 0x10c4, 0x10e4, 0x10e4,
0x10e4, 0x1926, 0x1105, 0x10c4, 0x10a3, 0x0862, 0x0863, 0x0862, 0x0042, 0x0842,
0x0842, 0x0863, 0x0862, 0x0842, 0x1906, 0x1968, 0x1905, 0x1083, 0x1884, 0x48c8,
0x80ed, 0x3149, 0x1968, 0x1083, 0x10c5, 0x1906, 0x18e5, 0x18c5, 0x18a5, 0x18a5,
0x40e9, 0x2865, 0xc48a, 0xd4cb, 0xe50b, 0xe50b, 0xbc09, 0x82e6, 0x6205, 0x51a4,
0x4984, 0x3964, 0x2904, 0x2104, 0x2104, 0x3144, 0x2904, 0x2104, 0x2104, 0x20e4,
0x2104, 0x2104, 0x2125, 0x2125, 0x10a3, 0x1083, 0x0883, 0x18c3, 0x49c7, 0x1906,
0x10a3, 0x10e5, 0x2966, 0x832b, 0x7aea, 0x940e, 0x8bad, 0x8b8c, 0x8b8c, 0x8b8c,
0x830b, 0x942f, 0x834b, 0x72a9, 0x7b0b, 0x4186, 0x10c4, 0x18e5, 0x18e5, 0x2147,
0x10a4, 0x10a4, 0x1082, 0x2104, 0x2946, 0x2125, 0x2105, 0x2104, 0x2104, 0x18e4,
0x2145, 0x3aec, 0x2186, 0x2186, 0x2986, 0x21c7, 0x2a49, 0x434d, 0x54d3, 0x6618,
0x76ba, 0x7e9a, 0x6d95, 0x438e, 0x3bae, 0x65d5, 0x19c7, 0x1924, 0x29c7, 0x29e7,
0x3208, 0x3208, 0x3228, 0x3a69, 0x3a69, 0x3a69, 0x3a8a, 0x3a6a, 0x31e9, 0x3227,
0x3c28, 0x3ca9, 0x2ac9, 0x2a8b, 0x2b2c, 0x2b2c, 0x2b2c, 0x2b4d, 0x2aaa, 0x228a,
0x2aaa, 0x1a08, 0x1125, 0x6288, 0xa42d, 0xac6e, 0xa40d, 0x938b, 0x936b, 0x936b,
0x938b, 0x936b, 0x9bcc, 0xa44e, 0xa42e, 0x8b6b, 0x3185, 0x1186, 0x2249, 0x2249,
0x2269, 0x2b0c, 0x2b2c, 0x2b2c, 0x2b4d, 0x2acc, 0x2aaa, 0x3469, 0x3cc9, 0x3368,
0x3248, 0x3209, 0x3a4a, 0x3a8a, 0x3a69, 0x3a49, 0x3249, 0x3228, 0x29e8, 0x29e7,
0x29c7, 0x29a6, 0x1124, 0x4470, 0x5512, 0x2208, 0x30eb, 0x310b, 0x5931, 0x6173,
0x6214, 0x5214, 0x4316, 0x5dbc, 0x4ad6, 0x4ab6, 0x5275, 0x51f4, 0x5235, 0x6236,
0x5c59, 0x64bb, 0x6338, 0xabfc, 0xd35c, 0x48ee, 0x48ef, 0x38ca, 0x2889, 0x296e,
0x4d3a, 0x322f, 0x2027, 0x28ec, 0x28eb, 0x1025, 0x1846, 0x1866, 0x1868, 0x2068,
0x1846, 0x2048, 0x1826, 0x2068, 0x1848, 0x1866, 0x1846, 0x1825, 0x20ea, 0x20ca,
0x2088, 0x2028, 0x3b93, 0x4477, 0x28ab, 0x30cb, 0x48ee, 0x40cd, 0xdb3c, 0xbc7d,
0x6bb9, 0x5b78, 0x5af7, 0x5275, 0x5a75, 0x4a13, 0x72f6, 0x72d6, 0x39f2, 0x42f6,
0x5e5d, 0x557b, 0x42f5, 0x4273, 0x3990, 0x396e, 0x412e, 0x490f, 0x3186, 0x3166,
0x18a3, 0x0841, 0x0021, 0x0841, 0x1083, 0x2125, 0x2145, 0x2104, 0x2125, 0x1082,
0x10a3, 0x10a2, 0x1082, 0x1082, 0x18c3, 0x39a7, 0x41c6, 0x49a5, 0x4985, 0x20e3,
0x5a88, 0x4a49, 0x39c8, 0x4209, 0x3a09, 0x424a, 0x4a6a, 0x4229, 0x4209, 0x4249,
0x4229, 0x4249, 0x4a8a, 0x424a, 0x52ab, 0x940c, 0x72e8, 0x4164, 0x51a5, 0x51a5,
0x51a5, 0x51a5, 0x51a5, 0x4984, 0x20e3, 0x2986, 0x3a08, 0x39c7, 0x31c7, 0x39c7,
0x2986, 0x2966, 0x2125, 0x39a6, 0x3965, 0x20c3, 0x3944, 0x3986, 0x28e3, 0x1082,
0x0861, 0x0841, 0x10a3, 0x2145, 0x18c3, 0x18c3, 0x18e4, 0x10c3, 0x0862, 0x1082,
0x1904, 0x18e4, 0x2125, 0x1905, 0x2125, 0x2125, 0x2125, 0x2125, 0x2145, 0x2145,
0x2125, 0x39c6, 0x6266, 0x49e5, 0x1904, 0x10e4, 0x1925, 0x2145, 0x2125, 0x2166,
0x29a7, 0x0882, 0x0841, 0x2104, 0x2104, 0x20e4, 0x18c3, 0x18c3, 0x2104, 0x2945,
0x18e4, 0x2104, 0x20e4, 0x20e4, 0x2124, 0x2945, 0x18c3, 0x1082, 0x2125, 0x2986,
0x29a7, 0x29a7, 0x31a7, 0x2166, 0x2986, 0x7309, 0xb4ac, 0x8bab, 0x31e7, 0x2187,
0x31c7, 0x31c7, 0x31c7, 0x31c8, 0x31e8, 0x31e8, 0x31c7, 0x29a7, 0x29a7, 0x31a7,
0x31c8, 0x31e8, 0x31e8, 0x31e8, 0x31e8, 0x31e9, 0x2966, 0x2125, 0x3208, 0x2986,
0x1904, 0x10a3, 0x1061, 0x1061, 0x1061, 0x1862, 0x1862, 0x1862, 0x1862, 0x1861,
0x1861, 0x2062, 0x38c3, 0x40e3, 0x48e4, 0x58e3, 0x58c3, 0x6145, 0x6165, 0x5145,
0x4125, 0x4186, 0x4a8a, 0x4aab, 0x4a8a, 0x4a8a, 0x4a8a, 0x4aec, 0x534d, 0x29a6,
0x1062, 0x20e3, 0x20e4, 0x20e4, 0x20c3, 0x20e4, 0x20e4, 0x2104, 0x2104, 0x2104,
0x20e3, 0x18c3, 0x20e4, 0x20e3, 0x18c3, 0x1062, 0x31e8, 0x530c, 0x4acb, 0x4aab,
0x4aaa, 0x4a8a, 0x4aab, 0x4a6a, 0x4166, 0x4945, 0x5165, 0x6165, 0x6145, 0x58c3,
0x58e4, 0x4904, 0x40e4, 0x30e3, 0x2061, 0x1861, 0x1861, 0x1882, 0x1862, 0x1862,
0x1862, 0x1061, 0x1061, 0x1062, 0x0882, 0x0882, 0x0882, 0x0883, 0x0882, 0x0061,
0x38c7, 0x9150, 0xc1b5, 0xa172, 0x50e9, 0x40a7, 0x38a6, 0x50c8, 0x2063, 0x1062,
0x1883, 0x1083, 0x10a3, 0x10a3, 0x1083, 0x0841, 0x0021, 0x0862, 0x0841, 0x38a7,
0x1063, 0x0882, 0x0862, 0x2906, 0x3968, 0x3988, 0x3147, 0x3967, 0x524c, 0x524c,
0x4a0a, 0x4a2b, 0x524b, 0x522b, 0x526c, 0x6b4f, 0x630e, 0x524b, 0x2946, 0x0862,
0x0862, 0x2084, 0x50aa, 0x0061, 0x1062, 0x0882, 0x0061, 0x0842, 0x0841, 0x0841,
0x1082, 0x1083, 0x18c4, 0x18c4, 0x10c4, 0x10c3, 0x10c4, 0x10c4, 0x10e4, 0x10c4,
0x1987, 0x19a7, 0x1967, 0x22cc, 0x3cb3, 0x45f8, 0x3084, 0x3084, 0x30a5, 0x40a6,
0x50c7, 0x58e8, 0x58e8, 0x6109, 0x690a, 0x70ea, 0xa3f3, 0x7b4f, 0x82ef, 0x7aef,
0x7ace, 0x6a4d, 0xa433, 0x83b1, 0x2927, 0x49ea, 0x2105, 0x1062, 0x20a4, 0x18a4,
0x2926, 0x2926, 0x2906, 0x2905, 0x2905, 0x18a4, 0x20c4, 0x1883, 0x20c4, 0x18a4,
0x20c4, 0x28e5, 0x3106, 0x3127, 0x28e5, 0x18c4, 0x1883, 0x2926, 0x18a4, 0x20e5,
0x28e5, 0x20e5, 0x2905, 0x3126, 0x18a4, 0x20c4, 0x18a4, 0x1063, 0x1063, 0x6a8d,
0x6aee, 0x5a4c, 0x5a8d, 0x5a8d, 0x5a4c, 0x5a2b, 0x624c, 0x93b1, 0x8311, 0x626e,
0x5a6e, 0x51ec, 0x518a, 0x4948, 0x4107, 0x30c6, 0x28a5, 0x20a4, 0x5965, 0x5165,
0x4944, 0x4904, 0x30c3, 0x20a3, 0x3a8a, 0x6d96, 0x2105, 0x20e4, 0x2125, 0x2946,
0x2925, 0x2105, 0x10a3, 0x20e4, 0x2925, 0x2126, 0x4a07, 0x93aa, 0xa3ea, 0x8328,
0x51c5, 0x18a2, 0x2105, 0x2946, 0x2946, 0x2966, 0x3166, 0x3187, 0x31a7, 0x3187,
0x3187, 0x3187, 0x3187, 0x3187, 0x3187, 0x3187, 0x3166, 0x2946, 0x41a5, 0x8308,
0x9328, 0x6226, 0x39a7, 0x39c8, 0x41e9, 0x41e8, 0x4209, 0x4229, 0x4a07, 0x9ba9,
0xbc6b, 0xabea, 0x5a06, 0x10a3, 0x3166, 0x3187, 0x3187, 0x39a7, 0x3186, 0x1082,
0x3187, 0x39e9, 0x4a6b, 0x638f, 0x6bb0, 0x5aed, 0x4a8b, 0x39e9, 0x2947, 0x2105,
0x2a6a, 0x08a3, 0x10e4, 0x1104, 0x1925, 0x1924, 0x1925, 0x10c3, 0x0862, 0x0882,
0x08e3, 0x1124, 0x1124, 0x1104, 0x1124, 0x19c7, 0x1986, 0x0882, 0x0041, 0x0061,
0x0041, 0x0041, 0x0082, 0x0082, 0x0082, 0x1925, 0x21c8, 0x1966, 0x08c3, 0x0062,
0x0041, 0x0061, 0x0882, 0x0862, 0x0061, 0x0882, 0x0862, 0x0061, 0x0061, 0x0041,
0x08a2, 0x0882, 0x0041, 0x0041, 0x0882, 0x08c3, 0x0882, 0x0041, 0x0041, 0x0082,
0x08a2, 0x08c3, 0x08a2, 0x10e4, 0x21c7, 0x2a09, 0x21a7, 0x0041, 0x0020, 0x0021,
0x0061, 0x0082, 0x0061, 0x0882, 0x1145, 0x1a08, 0x1124, 0x08a2, 0x08c3, 0x08a2,
0x1104, 0x1a08, 
0x618e, 0x9172, 0x30a7, 0x20c6, 0x10c4, 0x18c5, 0x18e6, 0x1927, 0x10a4, 0x10c4,
0x2148, 0x40a7, 0x18a4, 0x08c3, 0x1947, 0x2189, 0x1106, 0x0946, 0x0925, 0x1083,
0x10a4, 0x0883, 0x1042, 0x0842, 0x0841, 0x10e5, 0x10c4, 0x10c4, 0x10e5, 0x1926,
0x1947, 0x1946, 0x1925, 0x10c4, 0x10c4, 0x08e4, 0x10c4, 0x10c4, 0x1105, 0x1926,
0x1946, 0x1926, 0x10e4, 0x10c4, 0x10c4, 0x10c4, 0x0842, 0x1063, 0x1864, 0x1083,
0x10a4, 0x10a4, 0x1084, 0x09a7, 0x0966, 0x10e5, 0x2188, 0x2189, 0x1926, 0x08c4,
0x1884, 0x2127, 0x10e5, 0x10c4, 0x2168, 0x1947, 0x1907, 0x18e6, 0x18c5, 0x28a6,
0x2064, 0x2085, 0xe50b, 0xcc6a, 0xa368, 0x6a45, 0x49a4, 0x49a4, 0x3964, 0x3144,
0x3124, 0x3124, 0x2904, 0x2104, 0x20e3, 0x2104, 0x2104, 0x2104, 0x2104, 0x2104,
0x2924, 0x2945, 0x2945, 0x2104, 0x10a3, 0x1083, 0x0883, 0x2904, 0x2946, 0x0863,
0x0841, 0x0842, 0x10a4, 0x5a28, 0x72a9, 0x8bad, 0x93ee, 0x836c, 0x8b8d, 0x836c,
0x7b0b, 0x942f, 0x7aca, 0x6a48, 0x6a48, 0x2905, 0x10a4, 0x0841, 0x0821, 0x1906,
0x10c4, 0x1083, 0x1083, 0x18c3, 0x2946, 0x2966, 0x2125, 0x2124, 0x2124, 0x2924,
0x2104, 0x2986, 0x29a7, 0x2125, 0x29a6, 0x2186, 0x2166, 0x2186, 0x29e7, 0x328a,
0x43cf, 0x5d35, 0x7679, 0x873c, 0x54f2, 0x332c, 0x1a08, 0x19a6, 0x2186, 0x29e7,
0x3a49, 0x3a49, 0x3a69, 0x3a8a, 0x3a8a, 0x3a4a, 0x3209, 0x3288, 0x3c09, 0x3d09,
0x33e9, 0x2a8b, 0x2aec, 0x2b2c, 0x2b2c, 0x334d, 0x334d, 0x3b2c, 0x2b0c, 0x2acb,
0x2acb, 0x228a, 0x1924, 0x2125, 0x4228, 0x732b, 0x9bed, 0xa40d, 0x9bcc, 0x9bcc,
0x9bcc, 0x9bed, 0xa42e, 0x8bac, 0x62a9, 0x31a6, 0x10c3, 0x19e8, 0x228a, 0x2269,
0x2aeb, 0x332c, 0x3b0c, 0x2b2c, 0x332c, 0x2b2c, 0x2b2c, 0x2aab, 0x2b4a, 0x3c69,
0x3ce9, 0x3c69, 0x3b49, 0x3249, 0x3a09, 0x3a6a, 0x3a8a, 0x3a69, 0x3a49, 0x3208,
0x29c7, 0x1945, 0x228a, 0x22aa, 0x5512, 0x2aaa, 0x312c, 0x292c, 0x5971, 0x69b4,
0x3a52, 0x4253, 0x3a33, 0x555b, 0x545a, 0x4ab7, 0x4b98, 0x4a95, 0x5235, 0x5a16,
0x73fa, 0x7c5b, 0x6c1a, 0x93db, 0xbaba, 0x7994, 0x40ad, 0x30ab, 0x1825, 0x29ce,
0x3bf5, 0x4c77, 0x28eb, 0x28cb, 0x2088, 0x1004, 0x1825, 0x1846, 0x1846, 0x2048,
0x1827, 0x1826, 0x1827, 0x2048, 0x1846, 0x1846, 0x1825, 0x1005, 0x2089, 0x28ca,
0x2069, 0x29ad, 0x4d39, 0x294d, 0x2069, 0x308b, 0x48ee, 0x79d4, 0xc29b, 0x9cdc,
0x543a, 0x6c1a, 0x5af7, 0x5275, 0x62b5, 0x5274, 0x7b37, 0x8b78, 0x3b56, 0x4418,
0x56fe, 0x4bf8, 0x4a13, 0x4a12, 0x4990, 0x316e, 0x492f, 0x5930, 0x39a7, 0x20e4,
0x1062, 0x10a3, 0x1082, 0x10a3, 0x1904, 0x2986, 0x31c7, 0x2104, 0x2104, 0x1082,
0x0862, 0x1082, 0x10a3, 0x10a3, 0x20c3, 0x3944, 0x41c7, 0x49c6, 0x3103, 0x2104,
0x41a5, 0x39a6, 0x39c7, 0x39c8, 0x39e8, 0x39c8, 0x4209, 0x3a08, 0x4209, 0x4208,
0x4229, 0x4229, 0x3a09, 0x5aaa, 0x93ca, 0x5a26, 0x8307, 0x5a06, 0x4144, 0x4985,
0x4985, 0x4985, 0x4144, 0x20c3, 0x2986, 0x3a08, 0x31c7, 0x41c7, 0x39c7, 0x3186,
0x2945, 0x2925, 0x2104, 0x2904, 0x3145, 0x20e4, 0x3985, 0x2904, 0x30e3, 0x18a2,
0x0841, 0x0841, 0x18c3, 0x18c4, 0x10a3, 0x2125, 0x2986, 0x18e4, 0x18e4, 0x18e4,
0x2125, 0x10c3, 0x1905, 0x1904, 0x1905, 0x2125, 0x2125, 0x2125, 0x2125, 0x2145,
0x1905, 0x5a47, 0x5a46, 0x2945, 0x5a67, 0x2966, 0x2125, 0x2125, 0x2125, 0x2966,
0x29a7, 0x0841, 0x0861, 0x2125, 0x2124, 0x2104, 0x20e4, 0x2104, 0x1904, 0x18e4,
0x2124, 0x18e4, 0x2104, 0x2145, 0x2945, 0x2124, 0x1062, 0x10a3, 0x2146, 0x2987,
0x29a7, 0x29a7, 0x29a7, 0x31a7, 0x2987, 0x2166, 0x4207, 0x93aa, 0x9beb, 0x5a89,
0x29a7, 0x31a7, 0x31a7, 0x31c7, 0x31c7, 0x29a7, 0x29a7, 0x29a7, 0x29a7, 0x2987,
0x29a7, 0x31c8, 0x31c8, 0x31c8, 0x31c8, 0x31c8, 0x1904, 0x29a7, 0x29a7, 0x2125,
0x18c4, 0x18c4, 0x1861, 0x1861, 0x2062, 0x2082, 0x2882, 0x2862, 0x2862, 0x2882,
0x2862, 0x3882, 0x48c3, 0x50e4, 0x60c3, 0xa9a7, 0xd24a, 0x80e4, 0x7125, 0x6966,
0x5945, 0x4945, 0x3966, 0x4249, 0x4aab, 0x4a8a, 0x4aab, 0x4acb, 0x530c, 0x5b6e,
0x31e7, 0x1062, 0x20e4, 0x20e4, 0x20e3, 0x20e4, 0x20e4, 0x20e4, 0x20e4, 0x20e4,
0x20e4, 0x18c3, 0x20e4, 0x20c3, 0x1062, 0x428a, 0x5b4d, 0x4acb, 0x4acb, 0x4acb,
0x4aab, 0x52cb, 0x4a49, 0x3965, 0x4945, 0x5965, 0x6966, 0x6904, 0x8104, 0xda4a,
0x9945, 0x60e4, 0x5104, 0x48e3, 0x3062, 0x2862, 0x2862, 0x2062, 0x2062, 0x2082,
0x2082, 0x2062, 0x1861, 0x1861, 0x0882, 0x0883, 0x0883, 0x0882, 0x1884, 0x9971,
0xc9d6, 0x894f, 0x50c9, 0x2084, 0x1863, 0x20a4, 0x1883, 0x1863, 0x20a4, 0x1883,
0x10a3, 0x18a4, 0x10a4, 0x10a3, 0x1062, 0x0841, 0x0021, 0x0841, 0x0041, 0x3087,
0x2084, 0x0862, 0x0862, 0x20e5, 0x4189, 0x41c9, 0x39a8, 0x3968, 0x524c, 0x5a8d,
0x522b, 0x522b, 0x524b, 0x522b, 0x5aad, 0x6b70, 0x5a8c, 0x4a0b, 0x2105, 0x0862,
0x0861, 0x2065, 0x48a9, 0x0061, 0x0862, 0x0862, 0x0842, 0x0841, 0x0862, 0x0862,
0x0841, 0x1082, 0x10a3, 0x18c4, 0x18e4, 0x18c4, 0x18c4, 0x10c4, 0x1082, 0x1083,
0x18e4, 0x10a4, 0x10c4, 0x10c4, 0x10e4, 0x2229, 0x2884, 0x2884, 0x3084, 0x38a5,
0x40a6, 0x48c7, 0x50c7, 0x58e8, 0x60e9, 0x6909, 0x9bf2, 0x620b, 0x724c, 0x72ae,
0x830f, 0x830f, 0x5a0b, 0x3106, 0x20e5, 0x3188, 0x41ca, 0x3147, 0x1883, 0x1042,
0x2905, 0x2906, 0x18a4, 0x20c4, 0x20c4, 0x18a4, 0x18a4, 0x1883, 0x18a4, 0x3106,
0x2906, 0x20c4, 0x20c4, 0x20c4, 0x20c4, 0x1883, 0x18a4, 0x2905, 0x18a4, 0x20c4,
0x18a4, 0x1883, 0x18c4, 0x2905, 0x1062, 0x1063, 0x1883, 0x1062, 0x1062, 0x28e5,
0x522b, 0x8bf2, 0xacf5, 0xb536, 0x9c53, 0x7b2f, 0x3968, 0x62cd, 0x8372, 0x62f0,
0x5b30, 0x530f, 0x4aae, 0x4a4c, 0x41ca, 0x3968, 0x3107, 0x28e5, 0x5144, 0x5144,
0x4924, 0x4104, 0x30c3, 0x20a3, 0x4baf, 0x5c72, 0x1883, 0x2125, 0x20e4, 0x2925,
0x20e4, 0x1082, 0x18c4, 0x2105, 0x2925, 0x72c8, 0xd52d, 0xa40a, 0x49a5, 0x18a2,
0x1083, 0x2105, 0x2966, 0x2966, 0x3166, 0x3166, 0x3167, 0x3187, 0x31a7, 0x3187,
0x3187, 0x3187, 0x3187, 0x3187, 0x3187, 0x3167, 0x3166, 0x2946, 0x1083, 0x20a2,
0x6226, 0x9328, 0x82c7, 0x49e6, 0x31c8, 0x4229, 0x4229, 0x4a4a, 0x528c, 0x4a49,
0x6268, 0x39c7, 0x39e8, 0x2966, 0x10a3, 0x3187, 0x20e4, 0x2946, 0x18c3, 0x2125,
0x3187, 0x39c8, 0x422a, 0x52cc, 0x638f, 0x5b0d, 0x4a8b, 0x5a89, 0x6ac8, 0x72c7,
0x3b4d, 0x21a7, 0x0882, 0x1104, 0x1104, 0x1904, 0x1104, 0x10e4, 0x08a2, 0x0861,
0x08c3, 0x1104, 0x1104, 0x1104, 0x08e4, 0x19c7, 0x1986, 0x08c3, 0x0061, 0x0882,
0x0061, 0x0062, 0x0061, 0x0021, 0x0021, 0x0041, 0x10e4, 0x21c7, 0x2186, 0x10c3,
0x0041, 0x0862, 0x0882, 0x0061, 0x0041, 0x0862, 0x0882, 0x0882, 0x0061, 0x0061,
0x0882, 0x0041, 0x0041, 0x08a3, 0x10e4, 0x08a3, 0x0082, 0x0041, 0x0041, 0x0082,
0x08a3, 0x08a2, 0x10c3, 0x2186, 0x29e8, 0x29e8, 0x0882, 0x0020, 0x0041, 0x0041,
0x0041, 0x0061, 0x0061, 0x08c3, 0x1966, 0x19e7, 0x08a2, 0x08a3, 0x08a2, 0x0882,
0x1104, 0x1986, 
0xb215, 0x48c9, 0x1083, 0x20a5, 0x18e5, 0x1906, 0x1927, 0x1948, 0x1947, 0x1083,
0x10a4, 0x08c4, 0x1926, 0x21a9, 0x1948, 0x0863, 0x08c4, 0x1411, 0x134e, 0x10c5,
0x10e6, 0x10c4, 0x40a8, 0x5889, 0x1063, 0x10a4, 0x10c4, 0x10e4, 0x18e5, 0x1905,
0x1926, 0x1967, 0x1967, 0x1926, 0x10c4, 0x40c8, 0x20c5, 0x1105, 0x1926, 0x1967,
0x1926, 0x1905, 0x10e5, 0x10e4, 0x10e5, 0x10a4, 0x0883, 0x3887, 0x60aa, 0x20e6,
0x10e5, 0x10e5, 0x1106, 0x13af, 0x13d0, 0x08a3, 0x0862, 0x1926, 0x21a9, 0x2189,
0x1926, 0x10a4, 0x1083, 0x21a9, 0x29eb, 0x2189, 0x1948, 0x1927, 0x1906, 0x1063,
0x10a4, 0x10a4, 0xa367, 0x7265, 0x4164, 0x3944, 0x3964, 0x3144, 0x2904, 0x2904,
0x2924, 0x2924, 0x2904, 0x20e4, 0x18e3, 0x2104, 0x20e4, 0x20e4, 0x20e4, 0x20e4,
0x2104, 0x2124, 0x20e4, 0x2124, 0x18c3, 0x0883, 0x1083, 0x20e4, 0x18c4, 0x0842,
0x0862, 0x0842, 0x0842, 0x4a07, 0x72a9, 0x7b0a, 0x940e, 0x8b6c, 0x8b8c, 0x832b,
0x834b, 0x8bcd, 0x7289, 0x72ea, 0x6a89, 0x18e4, 0x0842, 0x0842, 0x0842, 0x1083,
0x18c5, 0x1083, 0x1083, 0x20e4, 0x20e4, 0x2925, 0x3186, 0x2945, 0x2124, 0x2104,
0x2104, 0x18e4, 0x2125, 0x1904, 0x2945, 0x2965, 0x2145, 0x2145, 0x2965, 0x2145,
0x2166, 0x3249, 0x4b4d, 0x5492, 0x4470, 0x1166, 0x1a08, 0x22aa, 0x2186, 0x29e7,
0x3228, 0x3a69, 0x3a8a, 0x3a29, 0x31e8, 0x3ae8, 0x4489, 0x452a, 0x3c2a, 0x2aea,
0x2b0d, 0x334d, 0x2b2c, 0x2b0c, 0x332c, 0x336d, 0x3b2c, 0x4a69, 0x332c, 0x2b0c,
0x2b0c, 0x1a49, 0x18c3, 0x2986, 0x29a6, 0x29a6, 0x31e7, 0x836b, 0xa44e, 0xa40d,
0xa42d, 0xa42e, 0x62ca, 0x31c7, 0x29a6, 0x29a6, 0x18e3, 0x1965, 0x22aa, 0x2acb,
0x2b4d, 0x32eb, 0x4a69, 0x334d, 0x334d, 0x2b2c, 0x2b2c, 0x336d, 0x334d, 0x2aec,
0x2b0b, 0x33ca, 0x3cca, 0x4509, 0x3be9, 0x3268, 0x31e8, 0x3a49, 0x3a49, 0x31e8,
0x2986, 0x2208, 0x22cb, 0x1186, 0x442f, 0x43ee, 0x28eb, 0x290b, 0x5971, 0x79f6,
0x39d0, 0x3a12, 0x4234, 0x5b37, 0x5d9c, 0x53d9, 0x5af7, 0x4b77, 0x4af6, 0x4bd8,
0x5d5b, 0x6ddd, 0x555b, 0x953d, 0xbada, 0x40ce, 0x490e, 0x38cc, 0x2068, 0x1887,
0x294d, 0x4416, 0x3af2, 0x288a, 0x312d, 0x28ca, 0x1867, 0x1025, 0x1846, 0x1846,
0x2048, 0x2048, 0x2028, 0x1847, 0x1846, 0x1025, 0x1845, 0x20c9, 0x312d, 0x28cb,
0x2047, 0x4476, 0x3312, 0x292c, 0x20a9, 0x40ed, 0x492f, 0x7175, 0xe3fd, 0x9cfd,
0x4cfb, 0x6cbb, 0x6317, 0x5255, 0x5af6, 0x52b5, 0x5b16, 0x74ba, 0x4377, 0x4d1a,
0x4d9c, 0x4315, 0x49f2, 0x51f2, 0x59d2, 0x396f, 0x5151, 0x6152, 0x1082, 0x1062,
0x18c4, 0x2986, 0x1904, 0x2145, 0x2966, 0x18e4, 0x2986, 0x2966, 0x18c3, 0x10a3,
0x0841, 0x0862, 0x10a3, 0x1082, 0x3124, 0x4985, 0x3924, 0x39c7, 0x2924, 0x2104,
0x2945, 0x2945, 0x3186, 0x3187, 0x31a7, 0x3186, 0x31a7, 0x39c7, 0x39e8, 0x4208,
0x4208, 0x4229, 0x6b0a, 0x7b28, 0x51c5, 0x3924, 0x3944, 0x8307, 0x4984, 0x4144,
0x4164, 0x3923, 0x18a3, 0x2986, 0x3a08, 0x39c7, 0x31c7, 0x39a6, 0x31a6, 0x2945,
0x2925, 0x2104, 0x2104, 0x20e4, 0x20e4, 0x18c3, 0x20e4, 0x28e3, 0x30e3, 0x20a2,
0x0021, 0x0862, 0x10a3, 0x1062, 0x2125, 0x29a7, 0x2145, 0x18c3, 0x2945, 0x2125,
0x2146, 0x10c3, 0x1904, 0x18e4, 0x1904, 0x2125, 0x2125, 0x2125, 0x2125, 0x2145,
0x1905, 0x5226, 0x6287, 0x5a26, 0x9368, 0x3186, 0x1905, 0x2145, 0x2125, 0x2987,
0x2986, 0x0020, 0x1082, 0x2125, 0x2125, 0x2925, 0x2104, 0x2104, 0x2966, 0x2965,
0x2104, 0x2925, 0x2965, 0x2945, 0x2945, 0x18e3, 0x0861, 0x18e4, 0x2966, 0x2987,
0x2987, 0x29a7, 0x31a7, 0x2967, 0x5268, 0xd5f2, 0x738c, 0x10e4, 0x9beb, 0x9c0c,
0x2166, 0x31c7, 0x31a7, 0x31a7, 0x29a7, 0x2987, 0x2987, 0x29a7, 0x2987, 0x2146,
0x2966, 0x29a7, 0x29a7, 0x29a7, 0x29a7, 0x2146, 0x1925, 0x31e8, 0x2146, 0x18e4,
0x18e4, 0x2145, 0x1862, 0x1882, 0x18a2, 0x2904, 0x3166, 0x20c3, 0x1882, 0x1882,
0x1861, 0x2082, 0x30e3, 0x38e3, 0x50e4, 0x7104, 0xca29, 0xeaac, 0x9925, 0x68e4,
0x6965, 0x5965, 0x4945, 0x4145, 0x4a29, 0x52cb, 0x52ab, 0x52ec, 0x530c, 0x5b4d,
0x63cf, 0x31e8, 0x1061, 0x1882, 0x1882, 0x1882, 0x1882, 0x1882, 0x1882, 0x1882,
0x1882, 0x1082, 0x1082, 0x18a2, 0x4aeb, 0x63f0, 0x5b4d, 0x530c, 0x5aeb, 0x52cb,
0x5aec, 0x4a08, 0x3945, 0x4965, 0x5165, 0x6145, 0x68c4, 0xa166, 0xf2cc, 0xb9c8,
0x6904, 0x5104, 0x38e3, 0x30e3, 0x2082, 0x1861, 0x1862, 0x1882, 0x20e3, 0x3986,
0x2904, 0x20a3, 0x1882, 0x1862, 0x08a3, 0x08a3, 0x10a3, 0x0082, 0x50e9, 0xa972,
0x38a6, 0x2083, 0x1883, 0x18a4, 0x18a4, 0x18a4, 0x10a3, 0x1062, 0x18a4, 0x18c4,
0x18a4, 0x10a4, 0x1083, 0x0862, 0x0841, 0x0841, 0x0862, 0x0821, 0x0040, 0x2865,
0x2865, 0x0061, 0x0862, 0x20c4, 0x3988, 0x41c9, 0x41c9, 0x3988, 0x4a4b, 0x5aae,
0x524c, 0x524b, 0x522b, 0x522b, 0x630e, 0x630f, 0x522b, 0x4a0a, 0x18c4, 0x0862,
0x0061, 0x2885, 0x4088, 0x0061, 0x1062, 0x0841, 0x0841, 0x0862, 0x1083, 0x1082,
0x1082, 0x0862, 0x0841, 0x0862, 0x10a3, 0x18c4, 0x18c4, 0x1083, 0x1082, 0x1905,
0x18e5, 0x18e5, 0x18e5, 0x18e4, 0x10c4, 0x1083, 0x2884, 0x2884, 0x2884, 0x3085,
0x40a6, 0x40a6, 0x48c7, 0x50c7, 0x58c8, 0x6129, 0x9bf2, 0x82cf, 0xa434, 0xb4d6,
0xac95, 0xcdd9, 0x8bf1, 0x3127, 0x41ea, 0x528d, 0x41ea, 0x4a0b, 0x39a9, 0x20c5,
0x18a4, 0x20e4, 0x1883, 0x18a4, 0x18a4, 0x1883, 0x1883, 0x1883, 0x1062, 0x1883,
0x1883, 0x1083, 0x1883, 0x18a4, 0x18a4, 0x1062, 0x1883, 0x1042, 0x1063, 0x3167,
0x3967, 0x39a8, 0x3167, 0x20c4, 0x18c4, 0x18a4, 0x1883, 0x0841, 0x1042, 0x72ce,
0xa475, 0xb537, 0xb536, 0xa494, 0xa494, 0x9c13, 0x830f, 0x9412, 0x8311, 0x6aaf,
0x6351, 0x5391, 0x5391, 0x4b70, 0x430f, 0x3a8d, 0x320a, 0x2988, 0x5165, 0x4924,
0x4924, 0x4103, 0x30c3, 0x20e4, 0x54b2, 0x430c, 0x1883, 0x2105, 0x2925, 0x20c3,
0x1082, 0x1083, 0x2104, 0x49c5, 0x82e7, 0x8b08, 0x41a4, 0x1062, 0x10a3, 0x2125,
0x3166, 0x3166, 0x3166, 0x3166, 0x3187, 0x3187, 0x3187, 0x31a7, 0x3187, 0x3187,
0x3187, 0x3187, 0x3187, 0x3187, 0x3167, 0x3167, 0x3167, 0x3166, 0x2966, 0x18c4,
0x1042, 0x3944, 0x82e8, 0x9b88, 0x72c7, 0x4208, 0x424b, 0x52cc, 0x632e, 0x528b,
0x4209, 0x4a4a, 0x4a4a, 0x2966, 0x1082, 0x18a3, 0x2946, 0x20e4, 0x18a3, 0x2946,
0x2966, 0x31a7, 0x39e8, 0x528b, 0x52ec, 0x9a31, 0x822e, 0x9c2b, 0xa389, 0x6a67,
0x2a4a, 0x2a29, 0x1104, 0x0882, 0x1904, 0x10e3, 0x10e3, 0x10c3, 0x10c3, 0x0882,
0x0862, 0x08e3, 0x1104, 0x1104, 0x08e3, 0x19a6, 0x19a6, 0x08e3, 0x0041, 0x08a2,
0x08a2, 0x08a2, 0x08c3, 0x08c3, 0x0061, 0x0041, 0x0020, 0x08c3, 0x21a7, 0x21a7,
0x10e4, 0x0041, 0x08a3, 0x10e4, 0x08c3, 0x0882, 0x0041, 0x0041, 0x0041, 0x0061,
0x0041, 0x0882, 0x1104, 0x1104, 0x08c3, 0x0882, 0x0062, 0x0041, 0x0041, 0x0082,
0x0882, 0x08a3, 0x1966, 0x21a7, 0x29e8, 0x08c3, 0x0000, 0x0061, 0x0882, 0x0041,
0x0041, 0x0041, 0x0061, 0x1104, 0x1986, 0x1166, 0x0861, 0x10c3, 0x0882, 0x0882,
0x1125, 0x1145, 
0xc1d6, 0x2085, 0x10c4, 0x1084, 0x18e6, 0x1947, 0x1968, 0x2189, 0x2189, 0x1926,
0x1905, 0x2189, 0x2168, 0x10a4, 0x0842, 0x10a4, 0x1106, 0x13af, 0x1c31, 0x1988,
0x1906, 0x1106, 0x68ec, 0x68cb, 0x10a4, 0x10c4, 0x10c4, 0x10e5, 0x1905, 0x1905,
0x1926, 0x1926, 0x1947, 0x1105, 0x38a7, 0x70ac, 0x40a8, 0x1105, 0x1926, 0x1946,
0x1905, 0x1905, 0x18e5, 0x10e5, 0x10c4, 0x10c4, 0x10c5, 0x3887, 0x80ee, 0x30e8,
0x1106, 0x18e6, 0x122a, 0x1472, 0x12ed, 0x10e5, 0x10e5, 0x0862, 0x0883, 0x1967,
0x21ca, 0x2168, 0x2188, 0x21aa, 0x21ca, 0x21ca, 0x2189, 0x2168, 0x10a4, 0x10c4,
0x18e6, 0x10a4, 0x49a4, 0x3964, 0x3124, 0x3124, 0x3144, 0x3144, 0x2904, 0x2904,
0x2924, 0x2924, 0x2104, 0x18c3, 0x18c3, 0x2104, 0x2104, 0x2104, 0x2104, 0x2104,
0x2104, 0x18c3, 0x2104, 0x2945, 0x18e3, 0x0883, 0x1083, 0x10c4, 0x1063, 0x0842,
0x0842, 0x0862, 0x0862, 0x5289, 0x9c6f, 0x8bad, 0x8bad, 0x8b8c, 0x836c, 0x7b0b,
0x834c, 0x8bad, 0x8bcd, 0xa490, 0x7b4c, 0x18c4, 0x0863, 0x0862, 0x0862, 0x0842,
0x10c4, 0x10a3, 0x1082, 0x2104, 0x2945, 0x2104, 0x18e4, 0x2125, 0x2125, 0x2104,
0x2104, 0x18e4, 0x18c3, 0x18c3, 0x2925, 0x2945, 0x2104, 0x2125, 0x2945, 0x2145,
0x2145, 0x2125, 0x2986, 0x2186, 0x330b, 0x1166, 0x19e7, 0x22cb, 0x2228, 0x29a6,
0x3228, 0x3208, 0x31c8, 0x32c8, 0x3c89, 0x4509, 0x33ca, 0x2aeb, 0x2aed, 0x336d,
0x338d, 0x336d, 0x334d, 0x332c, 0x334d, 0x338d, 0x338d, 0x334d, 0x336d, 0x334d,
0x2b2c, 0x19c7, 0x18c3, 0x2986, 0x2986, 0x31c7, 0x2186, 0x5aa9, 0xac6e, 0xa44e,
0xac6e, 0x9c0d, 0x31e7, 0x29a6, 0x29a6, 0x2986, 0x2104, 0x10c3, 0x22aa, 0x2b2c,
0x336d, 0x336d, 0x334d, 0x338e, 0x336d, 0x334d, 0x334d, 0x336d, 0x338d, 0x338e,
0x338e, 0x332d, 0x2acc, 0x2b2a, 0x3429, 0x3ce9, 0x3c08, 0x29e6, 0x2987, 0x31e7,
0x2165, 0x22eb, 0x1a49, 0x19a7, 0x2aca, 0x54f2, 0x292c, 0x292c, 0x6151, 0x6974,
0x396f, 0x41b0, 0x4213, 0x5337, 0x44da, 0x5dfd, 0x63f9, 0x4a35, 0x5255, 0x52f6,
0x549a, 0x665e, 0x749c, 0x9c9c, 0xf41e, 0x6972, 0x2889, 0x40ed, 0x288a, 0x20c7,
0x2048, 0x318e, 0x4cb8, 0x2088, 0x28aa, 0x396f, 0x39d0, 0x292b, 0x1045, 0x1887,
0x2089, 0x1827, 0x2088, 0x2088, 0x1846, 0x290a, 0x39af, 0x316e, 0x20ca, 0x1005,
0x32f0, 0x4456, 0x208a, 0x18a8, 0x28eb, 0x5150, 0x38ce, 0xa278, 0xfd1f, 0x9cfd,
0x561d, 0x5dfd, 0x5cba, 0x6bb9, 0x5af7, 0x4bb8, 0x5cba, 0x841a, 0x4bf9, 0x55fc,
0x43b7, 0x4a95, 0x51f2, 0x41b1, 0x4190, 0x4970, 0x5972, 0x6952, 0x1083, 0x2104,
0x29a7, 0x31e8, 0x2145, 0x1904, 0x31c7, 0x2145, 0x18c3, 0x2145, 0x18e4, 0x1082,
0x0841, 0x0862, 0x10a3, 0x18a3, 0x3924, 0x3944, 0x4164, 0x3104, 0x20e4, 0x20e4,
0x2925, 0x3145, 0x3165, 0x3165, 0x3166, 0x3166, 0x3166, 0x31a7, 0x39c7, 0x4208,
0x3a08, 0x5248, 0x8b48, 0x3103, 0x4144, 0x59e6, 0x3103, 0x49a4, 0x7ac6, 0x3924,
0x30e3, 0x20c3, 0x31c7, 0x4229, 0x4208, 0x39c7, 0x39c7, 0x31a6, 0x3166, 0x2924,
0x2104, 0x2104, 0x20e4, 0x20e4, 0x20c3, 0x18a3, 0x1882, 0x3103, 0x28c3, 0x20a2,
0x0841, 0x0862, 0x0862, 0x18e4, 0x2986, 0x2986, 0x2125, 0x18e4, 0x2104, 0x2125,
0x2145, 0x10c3, 0x18e4, 0x18e4, 0x1904, 0x2125, 0x2125, 0x1905, 0x2125, 0x2145,
0x1905, 0x49e6, 0x72c8, 0x2944, 0x3985, 0x1925, 0x2145, 0x2145, 0x2145, 0x29a7,
0x2146, 0x0841, 0x1082, 0x2104, 0x2125, 0x2945, 0x2104, 0x2125, 0x2966, 0x2965,
0x2125, 0x2124, 0x18e3, 0x2104, 0x2104, 0x18c3, 0x10a2, 0x1904, 0x2986, 0x2987,
0x2987, 0x2987, 0x31a7, 0x2166, 0x5a67, 0xcd2e, 0x7329, 0x2986, 0xc52e, 0x39a5,
0x2166, 0x31a7, 0x29a7, 0x29a7, 0x2987, 0x2987, 0x2987, 0x2987, 0x2166, 0x2125,
0x2145, 0x2987, 0x2987, 0x2986, 0x2966, 0x18e4, 0x2966, 0x2987, 0x1905, 0x18e4,
0x2125, 0x2987, 0x1882, 0x1882, 0x1082, 0x1061, 0x1882, 0x20c3, 0x20a2, 0x1882,
0x1861, 0x2082, 0x28e3, 0x30e3, 0x40e4, 0x5904, 0x68e3, 0xa186, 0xf2cc, 0xb9c8,
0x7104, 0x5945, 0x4945, 0x4165, 0x3945, 0x4208, 0x530c, 0x52ec, 0x532c, 0x5b4d,
0x63af, 0x6410, 0x4aec, 0x4acb, 0x4acb, 0x4acb, 0x42aa, 0x428a, 0x42ab, 0x4aab,
0x4aab, 0x4aaa, 0x42aa, 0x534d, 0x6c31, 0x638e, 0x5b6d, 0x5b0c, 0x5b0c, 0x5b2c,
0x41c7, 0x3945, 0x3965, 0x4945, 0x5145, 0x7104, 0xca29, 0xeacc, 0x9945, 0x60e3,
0x5104, 0x40e3, 0x30e3, 0x28e3, 0x1882, 0x1861, 0x1882, 0x18a2, 0x18a2, 0x1882,
0x1062, 0x1882, 0x1882, 0x1882, 0x10c4, 0x10c4, 0x10e4, 0x08c3, 0x896f, 0x712c,
0x1062, 0x20a4, 0x18a4, 0x18a4, 0x18c4, 0x18c4, 0x18a4, 0x0862, 0x10a4, 0x18c4,
0x10a3, 0x0862, 0x0841, 0x0842, 0x1062, 0x1083, 0x1062, 0x1062, 0x0020, 0x1042,
0x3066, 0x0041, 0x0862, 0x18a3, 0x41a9, 0x41a9, 0x41a9, 0x41a9, 0x524b, 0x5ace,
0x526c, 0x524b, 0x4a2b, 0x526c, 0x630e, 0x526c, 0x49ea, 0x41e9, 0x1083, 0x0862,
0x0041, 0x3086, 0x3087, 0x0041, 0x0020, 0x0041, 0x1083, 0x10a3, 0x1083, 0x10a4,
0x10c4, 0x10a3, 0x1083, 0x0862, 0x0862, 0x0862, 0x1083, 0x0862, 0x18c4, 0x2126,
0x2125, 0x1905, 0x18e5, 0x18e4, 0x18e4, 0x18e4, 0x2864, 0x2864, 0x2884, 0x3085,
0x38a5, 0x40a6, 0x48c6, 0x50c7, 0x50c7, 0x5909, 0xacb5, 0x9c13, 0xa434, 0x830f,
0x6a2c, 0x726d, 0x49c9, 0x18a4, 0x20e5, 0x3147, 0x41ea, 0x4a0b, 0x41ea, 0x41c9,
0x2926, 0x18a4, 0x1062, 0x1883, 0x1883, 0x1883, 0x1883, 0x1083, 0x1062, 0x1883,
0x28c5, 0x30e5, 0x20a4, 0x1042, 0x0822, 0x1083, 0x3147, 0x5a6b, 0x7b70, 0x41a9,
0x8bf2, 0xcdd9, 0xb4f6, 0x49c9, 0x3988, 0x41c9, 0x3988, 0x3167, 0x2105, 0x624c,
0x8370, 0x9c33, 0xa4b5, 0xa4d5, 0x832f, 0x626c, 0x5a2b, 0x93b1, 0x8a4f, 0x71ac,
0x6a6e, 0x62f0, 0x5371, 0x4bb1, 0x4bb2, 0x4391, 0x3b4f, 0x32ee, 0x69e6, 0x4904,
0x4904, 0x38e3, 0x28c3, 0x2166, 0x5d14, 0x29c8, 0x18c3, 0x18e5, 0x49a5, 0x3943,
0x0842, 0x3124, 0x6a26, 0x8267, 0x4984, 0x1082, 0x10a3, 0x2925, 0x3166, 0x3166,
0x3187, 0x3187, 0x3187, 0x3187, 0x3187, 0x3187, 0x31a7, 0x31a7, 0x3187, 0x3187,
0x3187, 0x3187, 0x3187, 0x3187, 0x3187, 0x3187, 0x3187, 0x3187, 0x3187, 0x3187,
0x2946, 0x18a3, 0x20a2, 0x7247, 0xbc6c, 0xac6b, 0x5a69, 0x52cd, 0x632e, 0x4a4a,
0x4229, 0x4209, 0x31a7, 0x2104, 0x39a7, 0x1082, 0x10a3, 0x18a3, 0x2104, 0x2925,
0x2946, 0x3187, 0x39c8, 0x422a, 0x428a, 0xa252, 0xc235, 0x7309, 0x9348, 0x6287,
0x2a09, 0x21e8, 0x21c7, 0x08a2, 0x0882, 0x1104, 0x10c3, 0x10c3, 0x10a3, 0x10c3,
0x0882, 0x0882, 0x08e3, 0x1104, 0x08c3, 0x1165, 0x19a7, 0x1124, 0x00a2, 0x0082,
0x08a2, 0x08a2, 0x08a2, 0x08e3, 0x0924, 0x0882, 0x0061, 0x0041, 0x0882, 0x2186,
0x21c7, 0x10e4, 0x0061, 0x08c3, 0x1104, 0x1125, 0x1125, 0x10e4, 0x08c3, 0x10e4,
0x08e3, 0x1104, 0x1104, 0x08e3, 0x0882, 0x0882, 0x0061, 0x0041, 0x0061, 0x0082,
0x0882, 0x1925, 0x2166, 0x21e8, 0x1104, 0x0000, 0x0041, 0x0882, 0x0882, 0x0041,
0x0041, 0x0041, 0x0882, 0x1145, 0x1986, 0x08e3, 0x0882, 0x10c3, 0x0882, 0x0882,
0x1125, 0x1945, 
0x790e, 0x18a5, 0x10c4, 0x10e5, 0x10a4, 0x1968, 0x2188, 0x1926, 0x10c5, 0x2168,
0x2188, 0x10e5, 0x0842, 0x0863, 0x1906, 0x1968, 0x18e6, 0x12cc, 0x1c93, 0x1a4b,
0x1906, 0x2127, 0x70ed, 0x48a9, 0x10c4, 0x10c5, 0x10c4, 0x10e5, 0x1905, 0x1925,
0x1926, 0x1946, 0x1946, 0x20c6, 0x58ea, 0x50a9, 0x60cb, 0x30c7, 0x1125, 0x1946,
0x1926, 0x1905, 0x1905, 0x10e5, 0x10c4, 0x18e5, 0x1906, 0x28a5, 0x78ed, 0x490a,
0x1147, 0x1906, 0x134e, 0x1452, 0x11e9, 0x1906, 0x1968, 0x1947, 0x10c4, 0x0842,
0x10a4, 0x1947, 0x2189, 0x10c4, 0x1906, 0x2188, 0x21a9, 0x1927, 0x0883, 0x1947,
0x18e5, 0x18a5, 0x3124, 0x3164, 0x2924, 0x2924, 0x2924, 0x3144, 0x2104, 0x2104,
0x2924, 0x2924, 0x2104, 0x2104, 0x20e3, 0x1082, 0x18a2, 0x18e3, 0x2104, 0x20e3,
0x20e3, 0x2925, 0x2125, 0x2125, 0x18e3, 0x0882, 0x10a3, 0x10a3, 0x0842, 0x0842,
0x0862, 0x0862, 0x0883, 0x39c7, 0xa490, 0x9c70, 0x93ee, 0x8bad, 0x836c, 0x834b,
0x8bad, 0x93ee, 0x9c6f, 0x9c4f, 0x6aa9, 0x18e4, 0x1083, 0x0842, 0x0862, 0x0842,
0x1083, 0x10a4, 0x1082, 0x2104, 0x2945, 0x2945, 0x2945, 0x2104, 0x2104, 0x18e4,
0x10a3, 0x1082, 0x18a3, 0x20e4, 0x2925, 0x2945, 0x2104, 0x2104, 0x2944, 0x2124,
0x2104, 0x2125, 0x2965, 0x2165, 0x19e7, 0x19a7, 0x1a08, 0x2249, 0x2aeb, 0x2186,
0x2986, 0x29e6, 0x3c28, 0x3cc9, 0x2b49, 0x2aab, 0x2aec, 0x334d, 0x336d, 0x334d,
0x338d, 0x33ae, 0x336d, 0x334d, 0x336d, 0x338e, 0x33ae, 0x33ce, 0x338e, 0x338d,
0x2b0c, 0x2aeb, 0x2a08, 0x2145, 0x2965, 0x29a7, 0x29a6, 0x4a28, 0xac6e, 0xac6e,
0xac8f, 0x8bcc, 0x29c7, 0x29a6, 0x2986, 0x2945, 0x2165, 0x2269, 0x22cb, 0x2b4d,
0x33ae, 0x338e, 0x33ae, 0x338e, 0x336d, 0x336d, 0x336d, 0x338d, 0x336d, 0x336d,
0x334d, 0x338d, 0x338e, 0x336e, 0x2aec, 0x2aea, 0x33e8, 0x3467, 0x2ae6, 0x2145,
0x2228, 0x22eb, 0x1a28, 0x19e8, 0x19c7, 0x4470, 0x3230, 0x316d, 0x5150, 0x6172,
0x398f, 0x41b0, 0x41d2, 0x43b7, 0x457b, 0x4c19, 0x5dfd, 0x5358, 0x5297, 0x5398,
0x54fb, 0x663d, 0x84fc, 0xccde, 0xd35c, 0xaa59, 0x50ee, 0x2888, 0x2869, 0x1866,
0x20a8, 0x2069, 0x3b94, 0x328f, 0x1003, 0x2088, 0x316f, 0x39b0, 0x1866, 0x1025,
0x2068, 0x1827, 0x1846, 0x1024, 0x1866, 0x41d0, 0x396f, 0x1888, 0x1003, 0x18a7,
0x44b7, 0x298e, 0x2068, 0x1866, 0x30cc, 0x38cd, 0x79d4, 0xcb5c, 0xe39d, 0xa57d,
0x55fd, 0x5e1d, 0x65dc, 0x551b, 0x5c7a, 0x54da, 0x547a, 0x6b37, 0x5d9c, 0x53f9,
0x4b37, 0x6ad6, 0x5213, 0x51d2, 0x59b2, 0x4990, 0x5171, 0x5951, 0x3165, 0x2966,
0x31c8, 0x31c7, 0x2104, 0x2125, 0x29a7, 0x29a7, 0x1904, 0x18c3, 0x2104, 0x1082,
0x0841, 0x0861, 0x1082, 0x28e3, 0x3924, 0x3124, 0x3944, 0x20a2, 0x1082, 0x2925,
0x20e4, 0x2945, 0x3165, 0x3145, 0x3145, 0x3145, 0x3145, 0x31a6, 0x31a7, 0x39c7,
0x3187, 0x62a8, 0x8b89, 0x6a87, 0x28c3, 0x49a5, 0x51c5, 0x30e3, 0x51e4, 0x59e5,
0x1882, 0x2125, 0x31a7, 0x31a6, 0x39a7, 0x3186, 0x39a7, 0x3186, 0x3165, 0x2104,
0x2104, 0x2104, 0x2104, 0x20e4, 0x20e3, 0x18a3, 0x0861, 0x28c3, 0x28c3, 0x20a2,
0x0841, 0x0861, 0x10a3, 0x18e4, 0x1904, 0x2966, 0x2986, 0x2145, 0x10a3, 0x3186,
0x2125, 0x10c3, 0x10c3, 0x10e4, 0x18e4, 0x2125, 0x2125, 0x1905, 0x2125, 0x2145,
0x1905, 0x39c5, 0x8369, 0x1905, 0x1925, 0x2145, 0x2145, 0x2145, 0x2145, 0x29a7,
0x1904, 0x0861, 0x1082, 0x18e3, 0x2124, 0x2945, 0x2104, 0x2945, 0x2966, 0x2945,
0x18c3, 0x18c3, 0x18e3, 0x2124, 0x18e3, 0x2124, 0x10a3, 0x2145, 0x2987, 0x2987,
0x2987, 0x2987, 0x2987, 0x29a7, 0x2966, 0x3185, 0x1905, 0x940c, 0x940b, 0x10c3,
0x31c7, 0x2987, 0x29a7, 0x2987, 0x2986, 0x2986, 0x2986, 0x2986, 0x2125, 0x1904,
0x2125, 0x2966, 0x2166, 0x2166, 0x1925, 0x10e3, 0x2987, 0x2125, 0x1904, 0x2125,
0x2986, 0x29a7, 0x1882, 0x1882, 0x18a3, 0x3165, 0x2924, 0x1062, 0x1882, 0x1882,
0x1861, 0x18a2, 0x28e3, 0x30e3, 0x38e3, 0x4104, 0x5924, 0x6104, 0x8125, 0xda4a,
0x8125, 0x38c3, 0x4145, 0x3965, 0x3165, 0x2945, 0x39e7, 0x534d, 0x532d, 0x532d,
0x5b8e, 0x6c30, 0x7471, 0x6c51, 0x7451, 0x7471, 0x7472, 0x7471, 0x6c71, 0x7471,
0x7471, 0x6c51, 0x7471, 0x6c71, 0x63af, 0x5b8e, 0x5b6d, 0x5b8e, 0x5b4d, 0x31a7,
0x2945, 0x3165, 0x3165, 0x4145, 0x38a3, 0x9966, 0xd26a, 0x7904, 0x6104, 0x5104,
0x40e4, 0x38e3, 0x30e3, 0x28c3, 0x1882, 0x1861, 0x1882, 0x1882, 0x1082, 0x2945,
0x2925, 0x18a3, 0x1882, 0x1882, 0x1905, 0x1905, 0x1104, 0x514b, 0xd9d7, 0x710b,
0x20a4, 0x18a4, 0x18c4, 0x18e4, 0x18e5, 0x18c4, 0x10c4, 0x1083, 0x0862, 0x0862,
0x0841, 0x0862, 0x1083, 0x1083, 0x10a3, 0x1083, 0x1083, 0x08a3, 0x1083, 0x2865,
0x0821, 0x0841, 0x0862, 0x0861, 0x2946, 0x526c, 0x528d, 0x526c, 0x526c, 0x5aad,
0x528c, 0x524b, 0x4a2b, 0x526c, 0x526c, 0x522b, 0x526c, 0x420a, 0x0862, 0x0862,
0x0841, 0x1063, 0x1042, 0x0020, 0x4088, 0x2085, 0x08a2, 0x10a3, 0x18c4, 0x18e4,
0x18c4, 0x10a3, 0x1083, 0x10c3, 0x18c4, 0x1083, 0x0862, 0x0841, 0x10a3, 0x18c4,
0x1905, 0x2105, 0x2126, 0x1905, 0x18e4, 0x1905, 0x2063, 0x2864, 0x2884, 0x3085,
0x38a5, 0x40a6, 0x48a6, 0x48c7, 0x50c7, 0x5969, 0x8b90, 0x7aae, 0x61eb, 0x61eb,
0x830f, 0x9c33, 0x4a0a, 0x3147, 0x41c9, 0x528d, 0x41ca, 0x41ea, 0x41ca, 0x3988,
0x3167, 0x62ac, 0x5a8c, 0x2926, 0x1883, 0x1042, 0x0842, 0x0821, 0x0842, 0x0842,
0x1042, 0x1884, 0x28e5, 0x4188, 0x6aee, 0x9c53, 0xbd57, 0xc5b9, 0xcdfa, 0x7b90,
0x5aac, 0xc5b8, 0xcdd9, 0x7b4f, 0x3167, 0x49ea, 0x4a0a, 0x39a9, 0x2926, 0x72ae,
0xac95, 0xc598, 0xcdf9, 0xc536, 0xb4b5, 0xb4f6, 0x8b30, 0x8b50, 0x81ad, 0x712b,
0x718c, 0x69cc, 0x5a4d, 0x52cf, 0x4b30, 0x4b91, 0x43d2, 0x3bf2, 0x8287, 0x4924,
0x38e3, 0x38c3, 0x38e3, 0x42aa, 0x64f3, 0x2105, 0x20e4, 0x2105, 0x59e5, 0x20a2,
0x3145, 0x7a48, 0x5965, 0x28a3, 0x10a3, 0x2125, 0x2966, 0x3166, 0x3187, 0x3187,
0x31a7, 0x31a7, 0x31a7, 0x31a7, 0x31a7, 0x31a7, 0x31a7, 0x31a7, 0x3187, 0x3187,
0x3187, 0x3187, 0x3167, 0x3187, 0x31a7, 0x31a8, 0x39c8, 0x39c8, 0x39a8, 0x3187,
0x3187, 0x3187, 0x2905, 0x2884, 0x6187, 0xccae, 0xf6b2, 0x942d, 0x528b, 0x424a,
0x39c8, 0x39c8, 0x2125, 0x2966, 0x31a7, 0x10a3, 0x3103, 0x5a05, 0x2125, 0x20e4,
0x2105, 0x2966, 0x31a7, 0x41e9, 0x4a6a, 0x6a2c, 0xd217, 0x6a4a, 0x9ba9, 0x5a26,
0x21a7, 0x2187, 0x21c7, 0x1925, 0x0041, 0x10c3, 0x10e3, 0x10c3, 0x10a3, 0x08a3,
0x10c3, 0x0882, 0x0862, 0x08e3, 0x08e3, 0x1124, 0x19a7, 0x1145, 0x0082, 0x0061,
0x08a2, 0x08a3, 0x08c3, 0x08a2, 0x08e3, 0x1165, 0x08c3, 0x0041, 0x0041, 0x0882,
0x1945, 0x21a7, 0x10e4, 0x0861, 0x08c3, 0x08c3, 0x1104, 0x1125, 0x1145, 0x1946,
0x1104, 0x08a3, 0x08e3, 0x08a3, 0x0082, 0x0062, 0x0041, 0x0041, 0x0062, 0x0082,
0x1104, 0x1946, 0x21c8, 0x1925, 0x0020, 0x0041, 0x0041, 0x08a3, 0x0082, 0x0041,
0x0041, 0x0020, 0x08e3, 0x1986, 0x1145, 0x0882, 0x08a2, 0x10c3, 0x0862, 0x08a3,
0x1125, 0x1966, 
0x1884, 0x10a4, 0x10c4, 0x1927, 0x10c4, 0x1906, 0x1968, 0x1906, 0x18e5, 0x1906,
0x0863, 0x0842, 0x10a4, 0x1906, 0x1947, 0x1968, 0x1947, 0x1a0a, 0x1431, 0x1b6f,
0x1126, 0x3929, 0x810e, 0x30a6, 0x1126, 0x1906, 0x19a9, 0x1905, 0x1905, 0x1926,
0x1926, 0x1946, 0x1966, 0x20c6, 0x710d, 0x50e9, 0x792e, 0x38c7, 0x1125, 0x1946,
0x1926, 0x1926, 0x10e5, 0x1926, 0x1988, 0x18e6, 0x1947, 0x18c5, 0x68eb, 0x712d,
0x1126, 0x19e9, 0x1452, 0x136f, 0x1968, 0x1988, 0x1968, 0x1968, 0x1968, 0x1105,
0x0842, 0x0842, 0x10c4, 0x1906, 0x1905, 0x1926, 0x1947, 0x1083, 0x1947, 0x1947,
0x10e5, 0x10a4, 0x2924, 0x3144, 0x2104, 0x2124, 0x2924, 0x2945, 0x2104, 0x2104,
0x2945, 0x2925, 0x2104, 0x2125, 0x2945, 0x2104, 0x18e3, 0x1082, 0x10a2, 0x2104,
0x2925, 0x2945, 0x2125, 0x2925, 0x18e4, 0x0882, 0x10a4, 0x0862, 0x0842, 0x0862,
0x0862, 0x0862, 0x10c4, 0x2125, 0x8bcd, 0x9c4f, 0x944f, 0x93ee, 0x8bcd, 0x8bcd,
0x93ee, 0x940e, 0x940e, 0x93ee, 0x6268, 0x10a3, 0x10c4, 0x0842, 0x0862, 0x0862,
0x0842, 0x10a3, 0x1083, 0x20e4, 0x2925, 0x2925, 0x3165, 0x2945, 0x2104, 0x1082,
0x1082, 0x2124, 0x2925, 0x2125, 0x2945, 0x2965, 0x2125, 0x2125, 0x2945, 0x2924,
0x2104, 0x2104, 0x2945, 0x2145, 0x1145, 0x19c7, 0x1a28, 0x1a28, 0x2aeb, 0x2208,
0x2285, 0x3447, 0x22e6, 0x2229, 0x2b0c, 0x332c, 0x332c, 0x332c, 0x332c, 0x334c,
0x338d, 0x338e, 0x336d, 0x336d, 0x338d, 0x33ae, 0x33ae, 0x33ae, 0x338e, 0x338e,
0x33ae, 0x338e, 0x2b6d, 0x2acb, 0x29c7, 0x2965, 0x29a7, 0x39e7, 0x9c0d, 0xac8e,
0xb4af, 0x734b, 0x29a6, 0x2986, 0x2965, 0x2a28, 0x2b0c, 0x2b6d, 0x338d, 0x33ae,
0x33ae, 0x33ae, 0x338e, 0x338e, 0x338e, 0x338e, 0x338d, 0x338e, 0x336d, 0x336d,
0x2b2c, 0x2b2c, 0x336d, 0x336d, 0x338d, 0x2b4d, 0x224a, 0x2248, 0x2bc7, 0x1a85,
0x228b, 0x22aa, 0x2269, 0x1a08, 0x1186, 0x2269, 0x4af5, 0x39d0, 0x392e, 0x418f,
0x39af, 0x4190, 0x41b1, 0x4396, 0x457b, 0x4439, 0x5cdb, 0x5ddd, 0x541a, 0x559c,
0x5e3d, 0x55dd, 0x757c, 0xed3e, 0xd2dd, 0x7152, 0x6911, 0x38ec, 0x28ca, 0x2047,
0x1887, 0x2068, 0x296d, 0x4436, 0x1867, 0x1004, 0x28ca, 0x396f, 0x1887, 0x2088,
0x2089, 0x2068, 0x1887, 0x1867, 0x1866, 0x396f, 0x28eb, 0x1025, 0x1003, 0x32f0,
0x3333, 0x2007, 0x1887, 0x20e9, 0x2889, 0x48ee, 0x7994, 0x91d7, 0xcb1c, 0xdd3e,
0x6d9d, 0x65dd, 0x6d7c, 0x557c, 0x5cfb, 0x547a, 0x4cba, 0x5317, 0x653b, 0x54ba,
0x5397, 0x5254, 0x4a13, 0x6a15, 0x69d4, 0x4170, 0x5170, 0x5150, 0x5a25, 0x62e8,
0x29a7, 0x2986, 0x2104, 0x29a7, 0x2145, 0x2966, 0x2986, 0x18c3, 0x10a3, 0x10c3,
0x0841, 0x0841, 0x1082, 0x30e3, 0x3103, 0x3124, 0x3103, 0x1082, 0x1082, 0x18c3,
0x2925, 0x20e4, 0x2945, 0x3166, 0x2945, 0x3145, 0x3186, 0x2945, 0x2104, 0x18a3,
0x5246, 0x8328, 0x6a86, 0x8b89, 0x5a26, 0x30e3, 0x51c5, 0x3924, 0x49c5, 0x6a66,
0x20e4, 0x2104, 0x20e4, 0x20e4, 0x20e4, 0x20e4, 0x20e4, 0x20e4, 0x2924, 0x2925,
0x2104, 0x2924, 0x2904, 0x20e4, 0x18c3, 0x1062, 0x1082, 0x18a2, 0x20a2, 0x20a2,
0x0841, 0x0882, 0x10a3, 0x18c3, 0x2104, 0x2966, 0x2125, 0x18e4, 0x18e4, 0x3144,
0x1904, 0x18e3, 0x10a3, 0x10c3, 0x18e4, 0x2125, 0x1905, 0x1904, 0x2125, 0x2125,
0x1905, 0x3185, 0x93ca, 0x2145, 0x2145, 0x2145, 0x2145, 0x2145, 0x2145, 0x29a7,
0x10c3, 0x10a2, 0x10a2, 0x18c3, 0x18e4, 0x2124, 0x2104, 0x2965, 0x2965, 0x2125,
0x10a3, 0x18c3, 0x2104, 0x20e4, 0x2124, 0x1904, 0x10a3, 0x2966, 0x2987, 0x2987,
0x2987, 0x2987, 0x2987, 0x2987, 0x29a7, 0x2167, 0x31c7, 0xcd90, 0x39a5, 0x2146,
0x29a7, 0x2987, 0x2986, 0x2986, 0x2966, 0x2986, 0x2986, 0x2146, 0x1904, 0x18e4,
0x2125, 0x2146, 0x2146, 0x2145, 0x10c3, 0x1925, 0x2166, 0x1904, 0x1904, 0x2166,
0x29a7, 0x2986, 0x1882, 0x18a2, 0x20c3, 0x2904, 0x2945, 0x18a3, 0x1882, 0x1082,
0x1061, 0x20a3, 0x28e3, 0x28e3, 0x30e3, 0x3904, 0x4104, 0x5104, 0x5104, 0x50e3,
0x5124, 0x40e3, 0x28c3, 0x3145, 0x3165, 0x2965, 0x2945, 0x39e7, 0x5b8e, 0x5b8e,
0x5b8e, 0x6c10, 0x6c10, 0x6c10, 0x6c10, 0x6c31, 0x6c51, 0x6c51, 0x6c51, 0x6c31,
0x6c51, 0x6c51, 0x7471, 0x6c10, 0x63ef, 0x5b8e, 0x6c10, 0x63af, 0x3186, 0x2945,
0x2965, 0x3165, 0x3124, 0x28c3, 0x4104, 0x5104, 0x58e3, 0x5104, 0x4904, 0x4104,
0x30e4, 0x28e3, 0x28e3, 0x28e3, 0x18a2, 0x1062, 0x1082, 0x1882, 0x18c3, 0x3145,
0x2904, 0x20c3, 0x18a2, 0x1082, 0x2126, 0x2126, 0x1926, 0xb1d4, 0x710c, 0x2884,
0x28a5, 0x18c4, 0x18c4, 0x18c4, 0x10c4, 0x10a3, 0x1082, 0x0841, 0x0841, 0x10a3,
0x10c4, 0x18e5, 0x10a3, 0x10a3, 0x10a3, 0x10c4, 0x10c4, 0x10c4, 0x50a9, 0x2865,
0x0041, 0x0021, 0x0862, 0x0841, 0x0041, 0x2126, 0x52ad, 0x6b91, 0x632f, 0x5acd,
0x5a8d, 0x524b, 0x522b, 0x5aad, 0x6b2f, 0x6b4f, 0x5aee, 0x2967, 0x0841, 0x0862,
0x0841, 0x0020, 0x0841, 0x0862, 0x1863, 0x60ac, 0x38c8, 0x10e4, 0x18e5, 0x18e5,
0x18e5, 0x18e5, 0x10c4, 0x18e5, 0x18e4, 0x10c4, 0x18c4, 0x10c4, 0x0862, 0x0841,
0x10a3, 0x18e5, 0x18e5, 0x2105, 0x2126, 0x18e4, 0x2064, 0x2884, 0x2884, 0x3085,
0x38a5, 0x40a6, 0x40a6, 0x48c7, 0x50c7, 0x5148, 0x59a9, 0x6a0c, 0x830f, 0x9c13,
0x9391, 0xa474, 0x41e9, 0x20e5, 0x2906, 0x3147, 0x39c9, 0x41ca, 0x3968, 0x2906,
0x4a0a, 0xcdb8, 0xa494, 0x2906, 0x730e, 0x8390, 0x5a4b, 0x3987, 0x20c4, 0x3988,
0x62cd, 0x8bf2, 0xa4b5, 0xb4d5, 0xc577, 0xcdf9, 0xc5d8, 0xc5b8, 0xc5d8, 0xa4b4,
0x3988, 0xacd5, 0xbd77, 0x8370, 0x2905, 0x3988, 0x41ca, 0x39a9, 0x2926, 0x72ae,
0xa454, 0xb516, 0xb4f5, 0xb4b5, 0xbd77, 0xac95, 0x8b50, 0x9391, 0x796c, 0x710a,
0x712a, 0x692a, 0x614a, 0x598b, 0x520c, 0x526d, 0x4aef, 0x4390, 0x9308, 0x5164,
0x4103, 0x5164, 0x61a6, 0x73ee, 0x5c51, 0x18a3, 0x18e4, 0x3145, 0x4984, 0x20e3,
0x7208, 0x70c8, 0x4086, 0x28e5, 0x2946, 0x2966, 0x3187, 0x3187, 0x39a7, 0x39c8,
0x39c8, 0x39c8, 0x39a8, 0x31a7, 0x31a7, 0x31a7, 0x31a7, 0x3187, 0x3187, 0x3187,
0x2966, 0x2966, 0x3166, 0x3187, 0x39c8, 0x39e9, 0x39e9, 0x39c8, 0x39c8, 0x39a8,
0x39a8, 0x4188, 0x49a9, 0x4147, 0x4887, 0x68c8, 0xd4d1, 0xff95, 0x9beb, 0x39e8,
0x39a7, 0x2966, 0x2104, 0x2966, 0x2946, 0x0862, 0x28e3, 0x7266, 0x3985, 0x2125,
0x2125, 0x2945, 0x3166, 0x39c8, 0x4229, 0x4a09, 0xca15, 0x820e, 0x7ae7, 0x6226,
0x2187, 0x2187, 0x1967, 0x1987, 0x08a2, 0x0041, 0x10e3, 0x10c3, 0x10c3, 0x08a2,
0x10c3, 0x10c3, 0x0861, 0x0882, 0x08c3, 0x1104, 0x1986, 0x1145, 0x0862, 0x0061,
0x0882, 0x08c3, 0x08c3, 0x08e3, 0x08c3, 0x1104, 0x1145, 0x08c3, 0x0041, 0x0041,
0x0882, 0x1925, 0x21a7, 0x08c3, 0x0882, 0x08c3, 0x08a3, 0x08c3, 0x08e3, 0x10e4,
0x08c3, 0x08c3, 0x08c3, 0x0882, 0x0061, 0x0061, 0x0041, 0x0041, 0x0062, 0x08a2,
0x1925, 0x21a7, 0x1925, 0x0020, 0x0862, 0x0021, 0x08c3, 0x1166, 0x0082, 0x0882,
0x1165, 0x08a2, 0x08c3, 0x1124, 0x08c3, 0x0882, 0x08c3, 0x08c3, 0x0061, 0x10e4,
0x1104, 0x1966, 
0x0862, 0x10a4, 0x10c5, 0x1906, 0x1968, 0x10a3, 0x1926, 0x1906, 0x10a4, 0x0021,
0x0862, 0x10e5, 0x10e5, 0x1906, 0x1968, 0x1968, 0x1989, 0x1968, 0x1bd0, 0x1c32,
0x11c8, 0x3108, 0x70eb, 0x28e6, 0x1968, 0x1105, 0x21ea, 0x21ea, 0x1905, 0x1926,
0x1926, 0x1947, 0x1126, 0x28c6, 0x810e, 0x712d, 0x812f, 0x38e7, 0x1105, 0x1947,
0x1946, 0x1925, 0x1905, 0x21ea, 0x1968, 0x10e5, 0x2168, 0x1906, 0x50c9, 0x590a,
0x10e6, 0x1aed, 0x1473, 0x134e, 0x1948, 0x19a9, 0x21a9, 0x2189, 0x1906, 0x1926,
0x10c5, 0x0883, 0x0021, 0x0842, 0x10c5, 0x1905, 0x10a4, 0x10c4, 0x2189, 0x1926,
0x18e5, 0x10a4, 0x2103, 0x2945, 0x2104, 0x2125, 0x2925, 0x2945, 0x2104, 0x2125,
0x2945, 0x2925, 0x2105, 0x2125, 0x2945, 0x2125, 0x18e4, 0x20e4, 0x2925, 0x2125,
0x2104, 0x2945, 0x2925, 0x2125, 0x20e4, 0x1083, 0x1083, 0x0842, 0x0862, 0x0862,
0x0862, 0x0862, 0x18e5, 0x10a4, 0x732c, 0x9c0e, 0x942e, 0x942e, 0x940e, 0x940e,
0x940e, 0x940e, 0x93ee, 0x93ed, 0x5228, 0x1083, 0x1905, 0x0862, 0x0862, 0x0883,
0x0862, 0x0862, 0x1083, 0x2104, 0x2925, 0x2945, 0x2945, 0x2125, 0x2946, 0x2945,
0x20e4, 0x2104, 0x2125, 0x2125, 0x2925, 0x3165, 0x2125, 0x2125, 0x2945, 0x2945,
0x2125, 0x2104, 0x2945, 0x2124, 0x2165, 0x19a7, 0x1a08, 0x2249, 0x2269, 0x228a,
0x1a65, 0x2268, 0x19c8, 0x2269, 0x2b2c, 0x2aeb, 0x2aeb, 0x2aeb, 0x332c, 0x332c,
0x338e, 0x338d, 0x334d, 0x336d, 0x338e, 0x33ae, 0x33ae, 0x33ae, 0x33ae, 0x338e,
0x338e, 0x33ce, 0x2b8d, 0x2b2c, 0x2b0c, 0x2a6a, 0x29a6, 0x29a6, 0x838c, 0xac8f,
0xac8f, 0x5aa9, 0x2986, 0x29c7, 0x2acb, 0x2b0c, 0x2b4d, 0x33ae, 0x33ae, 0x33ae,
0x3bcf, 0x33ae, 0x33ae, 0x33ae, 0x338e, 0x338e, 0x338e, 0x338e, 0x336d, 0x336d,
0x2b2c, 0x2acb, 0x2b0c, 0x334d, 0x334d, 0x2aeb, 0x2269, 0x22cb, 0x226a, 0x1186,
0x2aeb, 0x22aa, 0x226a, 0x19e8, 0x19a6, 0x2145, 0x52b6, 0x4a34, 0x4190, 0x3990,
0x39f1, 0x39d0, 0x4971, 0x53b7, 0x459b, 0x4c5a, 0x54fb, 0x5ddd, 0x6e5d, 0x5e5d,
0x563d, 0x7ddd, 0xdcfe, 0xd47d, 0xba5b, 0x7a34, 0x30aa, 0x40ed, 0x396e, 0x2088,
0x1825, 0x1845, 0x2069, 0x4395, 0x29ed, 0x1004, 0x1887, 0x3990, 0x2088, 0x1826,
0x1846, 0x1867, 0x1846, 0x1845, 0x1866, 0x398f, 0x20a8, 0x1004, 0x1866, 0x3c35,
0x210a, 0x1846, 0x1887, 0x28a9, 0x38ed, 0x38cc, 0x48ae, 0x7975, 0xcafc, 0xec9e,
0xa57e, 0x65bd, 0x65bd, 0x5e1d, 0x5d3c, 0x5d1c, 0x549b, 0x7bfa, 0x75bd, 0x55fc,
0x5b77, 0x5a75, 0x5234, 0x51f3, 0x49b2, 0x4991, 0x5170, 0x5171, 0x3944, 0x5a25,
0x2965, 0x2125, 0x2104, 0x29a7, 0x29a6, 0x2966, 0x2986, 0x2104, 0x1082, 0x10a3,
0x0862, 0x0841, 0x20c2, 0x28e3, 0x28e3, 0x3103, 0x20a2, 0x18c3, 0x2925, 0x1082,
0x18a3, 0x2945, 0x20e4, 0x2925, 0x3166, 0x3165, 0x2925, 0x18e4, 0x2104, 0x4185,
0x72a7, 0x6a86, 0x6a86, 0x72a7, 0x72c7, 0x4164, 0x28e3, 0x5205, 0x6266, 0x20c2,
0x1082, 0x1082, 0x1082, 0x1082, 0x10a3, 0x18a3, 0x18a3, 0x20e4, 0x20e4, 0x2904,
0x2925, 0x2904, 0x2104, 0x20e3, 0x1062, 0x18c3, 0x10a2, 0x1882, 0x20a2, 0x1882,
0x1061, 0x1082, 0x10a3, 0x18c3, 0x18c3, 0x10a3, 0x18c3, 0x2924, 0x41c6, 0x3104,
0x18e4, 0x1904, 0x0882, 0x10a3, 0x18c4, 0x2125, 0x1904, 0x1904, 0x1905, 0x2125,
0x1925, 0x2945, 0x9bea, 0x2965, 0x1925, 0x2145, 0x2145, 0x2125, 0x2145, 0x29a7,
0x10a3, 0x10c3, 0x10c3, 0x18c3, 0x18e3, 0x18e4, 0x2104, 0x2945, 0x2945, 0x2104,
0x10a2, 0x20e4, 0x2124, 0x1904, 0x2986, 0x10a2, 0x18e4, 0x2986, 0x2986, 0x2986,
0x2986, 0x2986, 0x2987, 0x2987, 0x29a7, 0x1925, 0x8c0c, 0x9c2b, 0x10c4, 0x31a7,
0x2986, 0x2987, 0x2986, 0x2986, 0x2986, 0x2986, 0x2966, 0x2125, 0x18e4, 0x18e4,
0x1904, 0x2145, 0x2145, 0x1904, 0x10a2, 0x2145, 0x1925, 0x1904, 0x2145, 0x2986,
0x2166, 0x2146, 0x1882, 0x18a3, 0x20c3, 0x20c3, 0x20c3, 0x20c3, 0x1882, 0x1062,
0x1082, 0x20e4, 0x20c3, 0x28e3, 0x28e3, 0x30e3, 0x3904, 0x3904, 0x4104, 0x4104,
0x4104, 0x3924, 0x3104, 0x20c3, 0x2924, 0x2965, 0x2965, 0x2925, 0x31a6, 0x63cf,
0x6c51, 0x6c10, 0x6c31, 0x6c31, 0x6c31, 0x6c51, 0x6c51, 0x6c51, 0x6c51, 0x6c31,
0x6c30, 0x6c51, 0x7451, 0x6c30, 0x63f0, 0x7472, 0x5b8e, 0x2945, 0x2945, 0x2965,
0x2965, 0x2904, 0x20c3, 0x3124, 0x3924, 0x4104, 0x4104, 0x4104, 0x3904, 0x3104,
0x28e3, 0x28e3, 0x28e3, 0x20e3, 0x20e4, 0x1062, 0x1062, 0x18a2, 0x20c3, 0x20c3,
0x20c3, 0x20c3, 0x18a2, 0x1882, 0x3188, 0x2166, 0x59ad, 0xc1b4, 0x1883, 0x1083,
0x1863, 0x10a3, 0x10a4, 0x1083, 0x0862, 0x0842, 0x0862, 0x10a4, 0x18e5, 0x18e4,
0x18e5, 0x18e5, 0x10a3, 0x18e4, 0x18c4, 0x18c4, 0x1105, 0x40e9, 0x3086, 0x0882,
0x18a4, 0x0841, 0x0841, 0x0041, 0x0841, 0x1083, 0x10a3, 0x420a, 0x6b91, 0x630e,
0x5acd, 0x5a8d, 0x62ce, 0x528c, 0x422a, 0x3187, 0x18e4, 0x0841, 0x0841, 0x0021,
0x0841, 0x1082, 0x10a3, 0x18a3, 0x1083, 0x0882, 0x70ce, 0x28e6, 0x1905, 0x2126,
0x2126, 0x10c4, 0x18c4, 0x18e5, 0x10c4, 0x18c4, 0x18e4, 0x1905, 0x1905, 0x10a3,
0x0862, 0x0842, 0x10a3, 0x18e4, 0x18c4, 0x0862, 0x2864, 0x2884, 0x3084, 0x3885,
0x38a5, 0x40a6, 0x40a6, 0x48c7, 0x50c7, 0x5929, 0x7b0f, 0x6a2c, 0x8b50, 0x7aae,
0x726d, 0x8330, 0x7b90, 0x2946, 0x2926, 0x2927, 0x2106, 0x3147, 0x31e9, 0x2967,
0x6a8d, 0x9d36, 0x73b1, 0x5a2b, 0xa474, 0xac75, 0x9598, 0x9d57, 0xacb5, 0xb4b5,
0xc557, 0xce19, 0xce19, 0xcdf9, 0xbd36, 0xbcf5, 0xbd78, 0xbd77, 0xbd97, 0xacd5,
0x3147, 0x72ee, 0xa3f3, 0x72ad, 0x20c4, 0x3147, 0x3989, 0x3147, 0x20c5, 0x6a4d,
0xa434, 0xb4d5, 0xb4f6, 0xc5b8, 0xbd37, 0xa474, 0x8b50, 0x93b2, 0x712b, 0x68ea,
0x690a, 0x68e9, 0x6109, 0x6109, 0x5929, 0x5149, 0x49aa, 0x422c, 0x8ac7, 0x6a06,
0x61a5, 0x71e6, 0x6a07, 0x7c91, 0x4baf, 0x18a3, 0x18e4, 0x49a5, 0x3103, 0x3104,
0x60c8, 0xd0f4, 0x892d, 0x3146, 0x3167, 0x3187, 0x31a7, 0x39c8, 0x39e8, 0x39e9,
0x39e8, 0x39e8, 0x39c8, 0x39a8, 0x39a7, 0x3187, 0x31a7, 0x3187, 0x3166, 0x2925,
0x2945, 0x3166, 0x3187, 0x39c8, 0x4209, 0x422a, 0x420a, 0x41e9, 0x41e9, 0x49ea,
0x49ca, 0x51aa, 0x698c, 0xb9b2, 0xf1b7, 0xa0ef, 0x6888, 0xa36b, 0xd56e, 0x8b49,
0x39a6, 0x20e4, 0x2945, 0x2105, 0x2105, 0x1082, 0x1083, 0x59e5, 0x6205, 0x18e4,
0x2125, 0x2925, 0x2946, 0x3187, 0x41e9, 0x3a08, 0xa1f1, 0xba33, 0x39c7, 0x6226,
0x2187, 0x1966, 0x19a6, 0x19a7, 0x1125, 0x0041, 0x0861, 0x10e3, 0x10c3, 0x10c3,
0x08a3, 0x10e3, 0x08a3, 0x0861, 0x0861, 0x1104, 0x19a6, 0x1165, 0x0061, 0x0061,
0x0062, 0x08c3, 0x08c3, 0x08e3, 0x0904, 0x08a2, 0x1186, 0x22eb, 0x1145, 0x0021,
0x0041, 0x0882, 0x1945, 0x2186, 0x0882, 0x0882, 0x08a2, 0x08a3, 0x08c3, 0x08c3,
0x08a3, 0x08a3, 0x0882, 0x0061, 0x0061, 0x0882, 0x0041, 0x0041, 0x0082, 0x10e3,
0x21a7, 0x1945, 0x0020, 0x0061, 0x0862, 0x0021, 0x1145, 0x19a6, 0x0061, 0x08e3,
0x19c6, 0x1124, 0x0882, 0x0882, 0x0882, 0x08a3, 0x08a3, 0x0882, 0x0061, 0x1104,
0x1945, 0x1104, 
0x30c7, 0x10a4, 0x10a4, 0x18e5, 0x1947, 0x1105, 0x1083, 0x0862, 0x0821, 0x10a4,
0x10e5, 0x10e5, 0x10c5, 0x1906, 0x1968, 0x1968, 0x1927, 0x1acd, 0x1bf1, 0x1c32,
0x11a9, 0x2907, 0x3866, 0x2127, 0x2188, 0x1927, 0x1105, 0x21ca, 0x1988, 0x18e5,
0x1947, 0x1906, 0x1146, 0x30e7, 0x60eb, 0x3127, 0x590b, 0x40e8, 0x1125, 0x1906,
0x1946, 0x1905, 0x2188, 0x1968, 0x10e5, 0x2148, 0x2168, 0x1968, 0x30c6, 0x30a6,
0x1947, 0x19ea, 0x1c52, 0x1c31, 0x1b4e, 0x1988, 0x1968, 0x2189, 0x1947, 0x18e6,
0x10c5, 0x10a4, 0x10a4, 0x0862, 0x0821, 0x0883, 0x0863, 0x1968, 0x1947, 0x1926,
0x10e5, 0x10c4, 0x18e3, 0x2945, 0x2105, 0x2105, 0x2925, 0x2945, 0x2125, 0x2125,
0x2945, 0x2925, 0x2105, 0x2105, 0x2104, 0x18e3, 0x2104, 0x2925, 0x2924, 0x2104,
0x2105, 0x2925, 0x2965, 0x2125, 0x2104, 0x1083, 0x0862, 0x0862, 0x0883, 0x10a3,
0x0883, 0x1083, 0x1905, 0x0884, 0x5249, 0x9c2f, 0x940e, 0x942f, 0x942f, 0x942f,
0x942f, 0x940e, 0x940e, 0x93ee, 0x41a6, 0x08a4, 0x1906, 0x10a3, 0x0863, 0x10a3,
0x1083, 0x0842, 0x1082, 0x2104, 0x2925, 0x3165, 0x2945, 0x2925, 0x2125, 0x3165,
0x2945, 0x2125, 0x18e4, 0x18e4, 0x2124, 0x3165, 0x2105, 0x2105, 0x2945, 0x2945,
0x2125, 0x2125, 0x3165, 0x2104, 0x2145, 0x2166, 0x21a6, 0x1a49, 0x2249, 0x22aa,
0x19a5, 0x226a, 0x2269, 0x1a08, 0x2aeb, 0x2acb, 0x228a, 0x2acb, 0x2b2c, 0x332c,
0x338d, 0x336d, 0x336d, 0x338d, 0x33ae, 0x33ae, 0x33ae, 0x33ae, 0x338e, 0x338e,
0x33ae, 0x336d, 0x532c, 0x438d, 0x2b4c, 0x2b4d, 0x29c7, 0x2166, 0x6aea, 0xb4af,
0xa44e, 0x4228, 0x2965, 0x2acb, 0x2b4d, 0x2b4d, 0x532c, 0x4b0b, 0x33ae, 0x3bcf,
0x3bcf, 0x33ce, 0x33ce, 0x33ae, 0x338e, 0x338e, 0x338e, 0x338d, 0x336d, 0x336d,
0x2b2c, 0x2acb, 0x22aa, 0x2b0c, 0x2b4d, 0x22aa, 0x19e8, 0x2aeb, 0x2249, 0x1a25,
0x22ca, 0x22cb, 0x2229, 0x2166, 0x2166, 0x2125, 0x5a75, 0x5a14, 0x5213, 0x49f2,
0x4a33, 0x5234, 0x5234, 0x5b16, 0x4c99, 0x547a, 0x557c, 0x5d1c, 0x6dbd, 0x66be,
0x963e, 0xe53e, 0xf3de, 0x8afa, 0x71b5, 0x6973, 0x39ae, 0x2828, 0x28a9, 0x298c,
0x20e9, 0x1805, 0x2027, 0x320f, 0x3352, 0x1805, 0x1845, 0x316f, 0x20a8, 0x1045,
0x1887, 0x1867, 0x20e9, 0x1846, 0x1867, 0x316e, 0x1846, 0x1004, 0x29ec, 0x3374,
0x1826, 0x1866, 0x20e9, 0x298c, 0x38ec, 0x408b, 0x40ce, 0x8155, 0xa9b9, 0x93fb,
0xecff, 0xbdbe, 0x763d, 0x5ddd, 0x567d, 0x4e5d, 0x5d7c, 0x6c3b, 0x557c, 0x5e5d,
0x5b78, 0x5a35, 0x5214, 0x59f3, 0x51d2, 0x49b1, 0x5191, 0x5171, 0x49c4, 0x3944,
0x4144, 0x41e7, 0x2945, 0x18e4, 0x2125, 0x2966, 0x2966, 0x2104, 0x10a3, 0x1082,
0x0861, 0x1061, 0x28c3, 0x20c3, 0x28e3, 0x28c3, 0x1882, 0x2104, 0x2925, 0x2925,
0x1082, 0x10a2, 0x2925, 0x2104, 0x2924, 0x2104, 0x18e4, 0x2904, 0x3924, 0x4985,
0x72a6, 0x6a86, 0x6a66, 0x6a66, 0x72a6, 0x6246, 0x5a05, 0x6225, 0x18a3, 0x18c4,
0x2104, 0x20e4, 0x18e4, 0x18c3, 0x18a3, 0x1082, 0x1062, 0x0862, 0x18a3, 0x20e4,
0x20e4, 0x2104, 0x20e3, 0x0861, 0x1082, 0x18a3, 0x1062, 0x1062, 0x1882, 0x1861,
0x0841, 0x0862, 0x10a3, 0x10a3, 0x18a3, 0x2903, 0x3944, 0x3944, 0x3165, 0x3125,
0x10a3, 0x1904, 0x0862, 0x10a3, 0x10c3, 0x2125, 0x1904, 0x1904, 0x1905, 0x2125,
0x2125, 0x1904, 0x9c0b, 0x39c6, 0x1905, 0x2145, 0x2125, 0x2125, 0x2146, 0x2987,
0x0882, 0x18e3, 0x10c3, 0x18a3, 0x18e4, 0x18c3, 0x2104, 0x2125, 0x2104, 0x18c3,
0x18c3, 0x2125, 0x20e4, 0x2965, 0x2165, 0x1082, 0x2125, 0x2966, 0x2966, 0x2966,
0x2986, 0x2986, 0x2986, 0x2987, 0x2166, 0x3a07, 0xd5b0, 0x3185, 0x2166, 0x29c7,
0x29a7, 0x29a7, 0x29a7, 0x29a7, 0x29a7, 0x29a7, 0x2186, 0x1925, 0x18e4, 0x18e4,
0x1904, 0x2125, 0x2125, 0x10c3, 0x10c3, 0x2125, 0x18e4, 0x1904, 0x2145, 0x2146,
0x2145, 0x2145, 0x1882, 0x18a3, 0x18a3, 0x20c3, 0x20a3, 0x18a3, 0x1882, 0x1061,
0x18c3, 0x2104, 0x20c3, 0x20e3, 0x28e3, 0x28e3, 0x2904, 0x3104, 0x3104, 0x3104,
0x3124, 0x3104, 0x3124, 0x2924, 0x20c3, 0x2104, 0x2945, 0x2965, 0x2945, 0x2986,
0x7451, 0x7cf4, 0x7492, 0x6c51, 0x7492, 0x6c71, 0x6c51, 0x6c51, 0x6c51, 0x6c51,
0x6c51, 0x6c31, 0x7471, 0x7472, 0x7492, 0x5b8e, 0x2124, 0x2945, 0x2966, 0x2965,
0x20e3, 0x20e3, 0x2925, 0x3104, 0x3104, 0x3104, 0x3104, 0x3104, 0x2904, 0x28e3,
0x28e3, 0x20e3, 0x20e3, 0x20c3, 0x2924, 0x18a2, 0x1062, 0x1882, 0x18a3, 0x20c3,
0x20c3, 0x18a3, 0x18a3, 0x1882, 0x2968, 0x49ab, 0x99b2, 0x790d, 0x1863, 0x18e4,
0x1062, 0x1062, 0x0862, 0x0862, 0x10a3, 0x10a4, 0x18c4, 0x2126, 0x1905, 0x10a3,
0x10a4, 0x10c4, 0x18e4, 0x2105, 0x18e5, 0x18e5, 0x2148, 0x50ca, 0x1083, 0x20c5,
0x10a3, 0x0862, 0x1082, 0x0021, 0x0862, 0x10a3, 0x10a3, 0x18e5, 0x634f, 0x6b70,
0x632f, 0x6b50, 0x420a, 0x10a3, 0x10a3, 0x0883, 0x0862, 0x0841, 0x0862, 0x0862,
0x1082, 0x10c4, 0x10a3, 0x10a3, 0x3107, 0x10a3, 0x40c9, 0x410a, 0x1925, 0x2126,
0x18c4, 0x2106, 0x2147, 0x1905, 0x1905, 0x2146, 0x2105, 0x18e4, 0x2106, 0x2105,
0x1905, 0x10a3, 0x0862, 0x0862, 0x0862, 0x0862, 0x3084, 0x3085, 0x3885, 0x38a5,
0x40a6, 0x40a6, 0x48c7, 0x48c7, 0x50c7, 0x6149, 0x836f, 0x59ca, 0x59a9, 0x7aae,
0x93b2, 0x8b50, 0x7b0f, 0x2926, 0x49ca, 0x62ad, 0x834f, 0x84d5, 0x7df8, 0xacd5,
0x9d57, 0x85f9, 0xacf6, 0xbd37, 0xbd17, 0xa598, 0x9e7a, 0xc5b8, 0xcdf9, 0xc5b8,
0xbcd5, 0xbcb5, 0xc598, 0xbd57, 0xbd78, 0xb4d5, 0xa433, 0xa474, 0xa474, 0x8b91,
0x2905, 0x2905, 0x3947, 0x2906, 0x1883, 0x1883, 0x18a4, 0x20e5, 0x20c5, 0x59eb,
0x8b30, 0xa454, 0xb516, 0xbd77, 0xb516, 0xa434, 0x8b50, 0x9bf2, 0x690a, 0x60e9,
0x60e9, 0x60e9, 0x60e9, 0x60e9, 0x58e8, 0x50e8, 0x48e8, 0x4928, 0x7a66, 0x8267,
0x7206, 0x7a07, 0x7a68, 0x7d13, 0x430d, 0x1083, 0x3145, 0x59c5, 0x20a3, 0x20a3,
0x890d, 0xf97b, 0x996f, 0x3967, 0x3988, 0x39a8, 0x39e8, 0x4209, 0x4209, 0x4209,
0x4209, 0x39e9, 0x39c8, 0x39c8, 0x31a7, 0x3187, 0x3187, 0x2946, 0x2105, 0x2925,
0x3166, 0x3187, 0x39c8, 0x422a, 0x4a4b, 0x4a4b, 0x4a2b, 0x522b, 0x520b, 0x59eb,
0x79ed, 0xba13, 0xf239, 0xfa3a, 0xfa1a, 0xf9b8, 0x88ec, 0x2043, 0x6a47, 0xc4cd,
0x8b69, 0x10a3, 0x2925, 0x20e4, 0x20e4, 0x1082, 0x10a4, 0x3103, 0x7246, 0x2944,
0x2105, 0x2925, 0x2925, 0x2966, 0x39a8, 0x39e8, 0x69ec, 0xd1f5, 0x41a9, 0x3187,
0x1987, 0x1966, 0x19a6, 0x21a7, 0x1945, 0x0862, 0x0041, 0x08a2, 0x10e3, 0x08a3,
0x10e4, 0x10c3, 0x10a3, 0x10c3, 0x0861, 0x08a2, 0x1104, 0x08a3, 0x1145, 0x1a28,
0x0904, 0x08a2, 0x08c3, 0x08e3, 0x0904, 0x08c3, 0x1104, 0x1a48, 0x22eb, 0x1166,
0x0021, 0x0041, 0x0862, 0x1946, 0x1946, 0x0882, 0x0882, 0x0882, 0x0882, 0x0882,
0x0882, 0x0882, 0x0061, 0x0862, 0x08a3, 0x08a2, 0x0041, 0x0061, 0x0882, 0x1946,
0x1966, 0x0021, 0x0041, 0x0882, 0x0041, 0x0061, 0x19a7, 0x11a6, 0x0041, 0x1144,
0x19a6, 0x1103, 0x0882, 0x10c3, 0x08a2, 0x0882, 0x0882, 0x0882, 0x0862, 0x1945,
0x1986, 0x1925, 
0x20e6, 0x1968, 0x1927, 0x10c5, 0x1906, 0x1968, 0x0883, 0x0842, 0x1083, 0x18e5,
0x10c5, 0x10c4, 0x10a4, 0x1906, 0x1106, 0x1168, 0x1b4e, 0x1411, 0x1c72, 0x126b,
0x1968, 0x1968, 0x1927, 0x2168, 0x2188, 0x2189, 0x2168, 0x1905, 0x1967, 0x1926,
0x1905, 0x1926, 0x2187, 0x18e5, 0x2064, 0x28a5, 0x2084, 0x18c5, 0x2167, 0x1926,
0x1905, 0x1926, 0x1926, 0x1905, 0x2189, 0x2168, 0x2168, 0x2189, 0x1947, 0x1947,
0x1968, 0x1948, 0x122a, 0x1c31, 0x1c31, 0x1bb0, 0x1a0a, 0x1906, 0x1927, 0x10e5,
0x10c4, 0x0862, 0x18e5, 0x10e5, 0x0862, 0x0001, 0x10a4, 0x2188, 0x1926, 0x1906,
0x1906, 0x21ca, 0x18c3, 0x2945, 0x2105, 0x2105, 0x2925, 0x2945, 0x2105, 0x2104,
0x2925, 0x2925, 0x20e4, 0x18c3, 0x20e3, 0x2124, 0x2125, 0x2104, 0x2924, 0x2125,
0x2105, 0x2105, 0x3165, 0x2945, 0x2104, 0x1062, 0x0862, 0x10a4, 0x10a4, 0x10a4,
0x1083, 0x10a3, 0x1905, 0x10a4, 0x2966, 0x940e, 0x942f, 0x942f, 0x942f, 0x942f,
0x942f, 0x942f, 0x942f, 0x8bcd, 0x2925, 0x10c5, 0x18e5, 0x18c5, 0x1083, 0x10c5,
0x10c5, 0x1083, 0x1062, 0x2104, 0x2945, 0x3165, 0x2125, 0x2925, 0x2945, 0x2945,
0x2125, 0x2945, 0x2925, 0x2104, 0x18e3, 0x2924, 0x2105, 0x2105, 0x2945, 0x2945,
0x2125, 0x2125, 0x3165, 0x20e4, 0x2145, 0x2165, 0x1945, 0x2249, 0x224a, 0x3409,
0x2305, 0x1987, 0x2269, 0x19c7, 0x2acb, 0x228a, 0x2229, 0x2acb, 0x2b0c, 0x332c,
0x336d, 0x336d, 0x336d, 0x338e, 0x33ae, 0x33ae, 0x33ae, 0x33ae, 0x338e, 0x338e,
0x33ce, 0x3b2c, 0x5aaa, 0x430c, 0x2bae, 0x2acb, 0x2145, 0x2186, 0x4a48, 0xb4af,
0x9c0d, 0x31a6, 0x2965, 0x2a28, 0x2b8e, 0x336d, 0x528a, 0x4a8a, 0x338e, 0x3bcf,
0x3bef, 0x33ae, 0x32aa, 0x3a8a, 0x3a8a, 0x3a8a, 0x326a, 0x3249, 0x3229, 0x3229,
0x3249, 0x3228, 0x2a08, 0x22aa, 0x2b2c, 0x226a, 0x19c7, 0x2aeb, 0x1126, 0x33e7,
0x33c9, 0x228b, 0x1a28, 0x1924, 0x2146, 0x21a5, 0x59f4, 0x59d3, 0x59b3, 0x5213,
0x4a94, 0x6a55, 0x5275, 0x5215, 0x53f9, 0x5cfb, 0x5d9c, 0x565e, 0xad5e, 0xd61e,
0xe47e, 0xdb9d, 0xbaba, 0x81d7, 0x39f3, 0x488d, 0x40ed, 0x30ab, 0x2027, 0x20e9,
0x29cc, 0x214a, 0x1846, 0x20c9, 0x3b94, 0x20a8, 0x1004, 0x290b, 0x20a8, 0x1024,
0x20a8, 0x2088, 0x20e8, 0x1025, 0x2088, 0x290b, 0x1845, 0x1804, 0x3311, 0x29ee,
0x2027, 0x214a, 0x216b, 0x214a, 0x312b, 0x41b0, 0x412e, 0x60d0, 0x6215, 0x82d9,
0xaa99, 0xdcde, 0xddfe, 0x869e, 0x7e1e, 0x763e, 0x5e1d, 0x6cfc, 0x5cfb, 0x5e5d,
0x5b98, 0x5a55, 0x5a34, 0x5a55, 0x4a53, 0x4a33, 0x51b2, 0x5191, 0x49a4, 0x3123,
0x4165, 0x39a6, 0x4165, 0x4164, 0x2904, 0x18c3, 0x18c4, 0x1904, 0x10a3, 0x1082,
0x0841, 0x20a2, 0x28c3, 0x28c3, 0x28c3, 0x1882, 0x18c3, 0x20e4, 0x2104, 0x2924,
0x2104, 0x1082, 0x1082, 0x2924, 0x2104, 0x20e4, 0x3965, 0x51a5, 0x3103, 0x3944,
0x72a6, 0x6a66, 0x6a86, 0x72a6, 0x5a05, 0x4184, 0x51c5, 0x18c3, 0x2125, 0x31c8,
0x31c8, 0x31a8, 0x31a7, 0x3187, 0x2966, 0x2104, 0x20e4, 0x18a3, 0x0841, 0x1082,
0x20e4, 0x18c3, 0x1082, 0x1082, 0x20c3, 0x20c3, 0x20e3, 0x1082, 0x18a2, 0x28e3,
0x18a2, 0x1882, 0x1062, 0x18a2, 0x28e3, 0x3924, 0x3944, 0x3944, 0x3124, 0x3145,
0x10a3, 0x1904, 0x1082, 0x1082, 0x10c3, 0x1904, 0x1904, 0x1904, 0x1904, 0x1905,
0x2125, 0x10e4, 0x9c0b, 0x4a27, 0x1905, 0x2145, 0x2125, 0x2125, 0x2146, 0x2986,
0x0861, 0x18e3, 0x18e4, 0x1082, 0x20e4, 0x18c3, 0x2104, 0x2104, 0x18c3, 0x18e4,
0x2124, 0x20e4, 0x2104, 0x29a6, 0x2124, 0x10a3, 0x2146, 0x2966, 0x2966, 0x2966,
0x2966, 0x2966, 0x2966, 0x2987, 0x1905, 0x942c, 0x9c6d, 0x08c4, 0x29e8, 0x21e8,
0x21e8, 0x21e8, 0x21e8, 0x21c8, 0x21c7, 0x21a7, 0x2166, 0x18e4, 0x18c4, 0x18e4,
0x18e4, 0x2125, 0x1904, 0x0882, 0x18e4, 0x18e4, 0x18e4, 0x1904, 0x1925, 0x2125,
0x2145, 0x2145, 0x1882, 0x18a2, 0x20c3, 0x20c3, 0x18a2, 0x18a2, 0x1082, 0x1061,
0x2104, 0x2104, 0x20c3, 0x20e3, 0x20e3, 0x20e4, 0x28e3, 0x28e4, 0x2904, 0x2904,
0x2924, 0x2924, 0x2924, 0x2924, 0x2925, 0x20e3, 0x20e4, 0x2945, 0x2965, 0x2925,
0x31a6, 0x7d14, 0x95d7, 0x8535, 0x8d96, 0x8555, 0x8535, 0x8535, 0x8555, 0x8555,
0x8555, 0x8535, 0x8535, 0x8d96, 0x6c31, 0x2125, 0x2965, 0x2965, 0x2945, 0x20e3,
0x20e4, 0x2925, 0x2904, 0x2904, 0x2904, 0x2904, 0x2904, 0x2904, 0x28e4, 0x20e4,
0x20e4, 0x20e4, 0x20e4, 0x20c3, 0x2124, 0x20e3, 0x1061, 0x1082, 0x18a2, 0x18a2,
0x18c3, 0x20c3, 0x18a2, 0x1882, 0x518b, 0x91b0, 0x4108, 0x1883, 0x1863, 0x18c4,
0x18c4, 0x0021, 0x0862, 0x18e5, 0x2106, 0x18e5, 0x1083, 0x18c4, 0x18e5, 0x18c4,
0x18c4, 0x18e5, 0x2106, 0x1905, 0x2106, 0x1946, 0x490a, 0x30a6, 0x18a4, 0x18c4,
0x1083, 0x10c4, 0x10c4, 0x0021, 0x0841, 0x1082, 0x10a3, 0x10c4, 0x5aee, 0x7391,
0x7391, 0x52ad, 0x10a3, 0x10c4, 0x10a3, 0x1083, 0x10a3, 0x18c4, 0x1905, 0x2105,
0x10a3, 0x10a3, 0x1083, 0x10c4, 0x2106, 0x20c5, 0x30c7, 0x590c, 0x1125, 0x18e5,
0x2147, 0x2988, 0x2967, 0x2126, 0x2947, 0x2147, 0x18e5, 0x20e5, 0x2126, 0x2106,
0x2126, 0x2126, 0x2126, 0x1082, 0x0020, 0x2947, 0x3085, 0x3885, 0x40a6, 0x40a6,
0x40a6, 0x48c6, 0x48c7, 0x48e8, 0x5108, 0x518a, 0x9c13, 0x6a2c, 0x51a9, 0x7a8e,
0x7ace, 0x6a2c, 0x6a6c, 0x9413, 0xbd57, 0xcdd9, 0xc63a, 0xa71d, 0xce1a, 0xce1a,
0xa71c, 0xaebc, 0xbdfa, 0xbe5a, 0xb67b, 0xa6bb, 0xc5f9, 0xcdd9, 0xc5b8, 0xbd78,
0xbd57, 0xb4d5, 0xb4b5, 0xacd5, 0xa454, 0x9c13, 0x8b30, 0x7aae, 0x726d, 0x3947,
0x18a4, 0x1883, 0x1883, 0x3106, 0x4aac, 0x5bf1, 0x7b2f, 0x8391, 0x93d2, 0x93f2,
0x8b71, 0x93b2, 0xac95, 0xbd37, 0xacf6, 0xa413, 0x8b91, 0x9454, 0x60e9, 0x58c8,
0x58c9, 0x60c8, 0x60c8, 0x58c8, 0x58c8, 0x50c7, 0x48c7, 0x48c7, 0x69e6, 0x7206,
0x8247, 0x8268, 0x82ea, 0x8595, 0x2a4a, 0x20c3, 0x59e5, 0x3923, 0x2987, 0x3126,
0x692b, 0xf9ba, 0xb9b3, 0x49a9, 0x49c9, 0x39e9, 0x4209, 0x422a, 0x424a, 0x422a,
0x4209, 0x41e9, 0x39c8, 0x39a8, 0x3187, 0x3187, 0x2125, 0x2105, 0x2925, 0x3166,
0x3187, 0x39c8, 0x422a, 0x4a6b, 0x5a8d, 0x62ae, 0x628d, 0x6a4d, 0x9251, 0xcad6,
0xfafb, 0xfadc, 0xfa7b, 0xf1f8, 0xc994, 0x912e, 0x5128, 0x3926, 0x1042, 0x7ae7,
0xac0a, 0x3944, 0x18c4, 0x18c3, 0x18c3, 0x1082, 0x18a3, 0x1082, 0x6205, 0x5a06,
0x18e4, 0x2105, 0x2925, 0x2925, 0x3187, 0x39c8, 0x41c8, 0xc9b5, 0x69ac, 0x29a6,
0x1966, 0x2187, 0x2187, 0x1105, 0x08c3, 0x1124, 0x0862, 0x0041, 0x08a3, 0x10c3,
0x08a2, 0x10c3, 0x10e3, 0x08a2, 0x0862, 0x08a2, 0x08a2, 0x0882, 0x2228, 0x2249,
0x1a48, 0x08a2, 0x08c3, 0x08c3, 0x08e3, 0x08c3, 0x1104, 0x08c3, 0x1a49, 0x2aec,
0x1166, 0x0021, 0x0041, 0x0061, 0x1966, 0x1925, 0x0882, 0x0882, 0x0882, 0x0882,
0x0882, 0x0882, 0x0882, 0x08c3, 0x1104, 0x0882, 0x0041, 0x0061, 0x10e4, 0x1966,
0x0041, 0x0041, 0x0862, 0x0882, 0x0020, 0x08c3, 0x19e8, 0x1165, 0x0041, 0x11e6,
0x1986, 0x1945, 0x08c3, 0x0882, 0x0882, 0x1124, 0x1124, 0x0882, 0x0062, 0x08c3,
0x1946, 0x1966, 
0x10a4, 0x21a9, 0x21ca, 0x10e5, 0x10c5, 0x1926, 0x10c4, 0x0862, 0x10a4, 0x10a4,
0x10c4, 0x10a4, 0x10a4, 0x10a4, 0x120a, 0x1c11, 0x1c72, 0x1bd0, 0x11e9, 0x1968,
0x1967, 0x2168, 0x21a9, 0x2189, 0x2189, 0x2189, 0x2189, 0x2188, 0x1906, 0x10e5,
0x1905, 0x2167, 0x2167, 0x1926, 0x10e4, 0x1105, 0x1105, 0x1926, 0x2167, 0x2167,
0x1905, 0x10e5, 0x1906, 0x21a9, 0x2168, 0x2188, 0x21a9, 0x2189, 0x2189, 0x2189,
0x1926, 0x1988, 0x1968, 0x1167, 0x134e, 0x1c32, 0x1c31, 0x1acc, 0x10e5, 0x10c4,
0x10c4, 0x0842, 0x10e5, 0x10c4, 0x10a4, 0x1083, 0x0883, 0x18e5, 0x1906, 0x10e5,
0x1927, 0x1989, 0x18c3, 0x2924, 0x2105, 0x2105, 0x2125, 0x2945, 0x2104, 0x2104,
0x2925, 0x2104, 0x18c3, 0x2104, 0x2125, 0x2924, 0x2104, 0x2104, 0x2124, 0x2944,
0x2104, 0x2105, 0x2945, 0x3165, 0x2105, 0x1082, 0x1083, 0x18e6, 0x18e5, 0x10c4,
0x1083, 0x10a4, 0x1906, 0x18e5, 0x10c4, 0x7b6c, 0x9c4f, 0x942f, 0x9c2f, 0x9c2f,
0x9c2f, 0x942f, 0x9c4f, 0x7b4c, 0x18c4, 0x18e5, 0x18e5, 0x18e5, 0x10a4, 0x1926,
0x1906, 0x10a3, 0x1082, 0x20e4, 0x3185, 0x2945, 0x2925, 0x2125, 0x3165, 0x2945,
0x2925, 0x2125, 0x2945, 0x2925, 0x2104, 0x18c3, 0x20e4, 0x2105, 0x3165, 0x2925,
0x2125, 0x2105, 0x2945, 0x18e3, 0x2166, 0x2145, 0x1965, 0x1a49, 0x2289, 0x3488,
0x1a28, 0x1166, 0x2229, 0x11a6, 0x22aa, 0x2229, 0x1a28, 0x2acb, 0x2aeb, 0x2b0c,
0x332d, 0x334d, 0x336d, 0x338d, 0x338e, 0x33ae, 0x33ae, 0x33ae, 0x338e, 0x33ae,
0x33ae, 0x33ae, 0x330c, 0x336d, 0x33ae, 0x2269, 0x2104, 0x29a6, 0x39e7, 0xa44e,
0x838c, 0x2186, 0x2965, 0x21a6, 0x2b6d, 0x338e, 0x332c, 0x334c, 0x33cf, 0x33cf,
0x3bef, 0x338d, 0x29e7, 0x3a69, 0x3a8a, 0x3a49, 0x3b29, 0x3bea, 0x3c0a, 0x3ac9,
0x3a28, 0x3228, 0x29c7, 0x2228, 0x2aeb, 0x2249, 0x19c7, 0x2269, 0x1166, 0x2309,
0x3468, 0x2249, 0x1a49, 0x1945, 0x2125, 0x2226, 0x5a95, 0x59f4, 0x5275, 0x4ab5,
0x4ab4, 0x49f3, 0x5a35, 0x6a76, 0x5bd9, 0x54db, 0x6d9d, 0xa63e, 0xed3e, 0xeb5e,
0xb19a, 0x7194, 0x6132, 0x58af, 0x49d3, 0x316f, 0x2807, 0x28a9, 0x20e9, 0x2047,
0x290a, 0x212a, 0x20c8, 0x2026, 0x3af2, 0x29cd, 0x1004, 0x20a9, 0x20a8, 0x1024,
0x212a, 0x20a9, 0x1846, 0x1025, 0x2088, 0x20a9, 0x1805, 0x1867, 0x3373, 0x20c9,
0x2088, 0x20e9, 0x28ea, 0x20c9, 0x296c, 0x292b, 0x304a, 0x4190, 0x5a55, 0x68d1,
0x6153, 0x9359, 0xbadb, 0xdcbe, 0xddbe, 0xadfe, 0x55dd, 0x5d5c, 0x753c, 0x665d,
0x5bd9, 0x5357, 0x52f6, 0x5337, 0x5ab5, 0x51f3, 0x51b2, 0x5191, 0x4984, 0x3924,
0x3985, 0x3145, 0x4164, 0x4985, 0x4164, 0x3924, 0x28e3, 0x18a3, 0x1082, 0x0862,
0x0841, 0x20a2, 0x20c3, 0x28c3, 0x20a2, 0x1062, 0x18a3, 0x18a3, 0x18c3, 0x18c3,
0x18c3, 0x20e4, 0x1082, 0x0841, 0x20e3, 0x49a5, 0x51c5, 0x4985, 0x4144, 0x3103,
0x4164, 0x49a4, 0x51c5, 0x4164, 0x1882, 0x18c3, 0x18c3, 0x2966, 0x3a09, 0x31c8,
0x31c8, 0x31a7, 0x31a7, 0x31c7, 0x31a7, 0x2945, 0x2104, 0x20e4, 0x18a3, 0x0862,
0x0841, 0x20a2, 0x4185, 0x5a27, 0x5206, 0x5206, 0x5206, 0x49e6, 0x3964, 0x49a5,
0x49c6, 0x49a6, 0x3944, 0x20a2, 0x20a2, 0x3103, 0x3924, 0x3944, 0x3124, 0x3144,
0x10a3, 0x18e4, 0x1082, 0x0862, 0x10c3, 0x18e4, 0x18e4, 0x1904, 0x1904, 0x1904,
0x2125, 0x10c4, 0x93ca, 0x5aa8, 0x10e4, 0x2145, 0x2125, 0x2125, 0x2146, 0x2166,
0x0861, 0x18e3, 0x1904, 0x0861, 0x18c3, 0x18c3, 0x18e4, 0x18c3, 0x18c3, 0x2104,
0x18e4, 0x18c3, 0x2966, 0x2965, 0x18e3, 0x10c3, 0x2166, 0x2966, 0x2966, 0x2966,
0x2966, 0x2966, 0x2966, 0x2146, 0x39e7, 0xbd0e, 0x3aea, 0x4e38, 0x5eb9, 0x5e79,
0x5e58, 0x5617, 0x55d7, 0x4d96, 0x4554, 0x44d3, 0x3c30, 0x33ae, 0x2229, 0x10c3,
0x18e4, 0x1905, 0x10c3, 0x0862, 0x18e4, 0x10c3, 0x18c4, 0x18e4, 0x1905, 0x2125,
0x2145, 0x2125, 0x1882, 0x1082, 0x18a2, 0x18c3, 0x18a2, 0x1082, 0x1062, 0x1062,
0x2925, 0x2104, 0x18c3, 0x20e3, 0x20e4, 0x20e4, 0x20e4, 0x20e4, 0x28e4, 0x2904,
0x2904, 0x2924, 0x2924, 0x2904, 0x2924, 0x2925, 0x20e3, 0x2104, 0x2945, 0x2945,
0x2925, 0x4269, 0x4aaa, 0x3a29, 0x3a28, 0x3a28, 0x3a28, 0x3a08, 0x3a08, 0x3a08,
0x3a28, 0x3a29, 0x3a28, 0x428a, 0x39e8, 0x2925, 0x2945, 0x2945, 0x2104, 0x2104,
0x2925, 0x2904, 0x2904, 0x2904, 0x2904, 0x2904, 0x20e4, 0x20e4, 0x20e4, 0x20e4,
0x20e4, 0x20e4, 0x20e3, 0x18c3, 0x2124, 0x2124, 0x1062, 0x1062, 0x1082, 0x18a2,
0x18a3, 0x18a2, 0x1082, 0x1882, 0x798d, 0x4108, 0x2987, 0x18e5, 0x0842, 0x10a3,
0x2106, 0x0842, 0x10a3, 0x18e5, 0x18e5, 0x18a3, 0x11e8, 0x510b, 0x28c6, 0x10c4,
0x1905, 0x2126, 0x2126, 0x2106, 0x2126, 0x2968, 0x50eb, 0x10a3, 0x20c5, 0x10c4,
0x10a3, 0x1905, 0x0862, 0x0021, 0x0842, 0x0862, 0x1082, 0x10a3, 0x4a4b, 0x73b1,
0x632f, 0x1905, 0x10a3, 0x1083, 0x18e5, 0x2146, 0x2126, 0x18e4, 0x18c4, 0x2105,
0x10c3, 0x10a3, 0x10a3, 0x18e5, 0x2105, 0x2906, 0x20c5, 0x690d, 0x1946, 0x2126,
0x2988, 0x2968, 0x1905, 0x2147, 0x2146, 0x2126, 0x29c9, 0x2aac, 0x2126, 0x2147,
0x2988, 0x2968, 0x3188, 0x0862, 0x10a3, 0x31a9, 0x3885, 0x38a6, 0x40a6, 0x40c6,
0x40c6, 0x48e7, 0x4908, 0x4949, 0x49aa, 0x4a4d, 0x9433, 0x82cf, 0x93b2, 0x9c33,
0x9bf3, 0xa474, 0xcdd9, 0xce19, 0xce19, 0xd619, 0xaefc, 0xc67b, 0xd61a, 0xd63a,
0xce5a, 0xb6bc, 0x8f3d, 0xae7a, 0xb65a, 0xbdf9, 0xc578, 0xbd57, 0xb4f6, 0xacd5,
0xa494, 0x9c33, 0x9391, 0x8b30, 0x82ef, 0x7a8e, 0x6a2c, 0x5189, 0x4927, 0x30e6,
0x4989, 0x7b0f, 0x9433, 0xacd6, 0xc598, 0xa6dc, 0xce1a, 0xd5f9, 0xcdf9, 0xcdf9,
0xc598, 0xb516, 0xacb5, 0xacf6, 0xacb5, 0x94b5, 0x6597, 0x7cb4, 0x5887, 0x58e8,
0x58c8, 0x58c8, 0x58c8, 0x58c8, 0x50c7, 0x48a7, 0x48a7, 0x40a6, 0x5165, 0x5985,
0x7206, 0x8268, 0x832b, 0x85b6, 0x3208, 0x51a4, 0x3903, 0x430c, 0x31a7, 0x3926,
0x4968, 0xd9f6, 0xea78, 0x59cb, 0x522b, 0x422a, 0x4a4a, 0x4a6b, 0x4a6b, 0x4a4a,
0x422a, 0x4209, 0x39e8, 0x31a7, 0x3187, 0x2105, 0x20e4, 0x2925, 0x3166, 0x3187,
0x39c8, 0x422a, 0x526c, 0x6ace, 0x7310, 0x8b11, 0xb354, 0xe3ba, 0xfbdd, 0xfb7c,
0xead9, 0xc234, 0x99af, 0x698b, 0x4127, 0x3126, 0x4167, 0x3967, 0x2105, 0x1061,
0x7286, 0x6225, 0x18a3, 0x18a3, 0x1083, 0x1062, 0x18a3, 0x0882, 0x4144, 0x8ac7,
0x6267, 0x2125, 0x20e5, 0x2945, 0x2946, 0x3987, 0x31a6, 0x9990, 0xb9d3, 0x698c,
0x2187, 0x2187, 0x10e4, 0x08a3, 0x1104, 0x1945, 0x1104, 0x0061, 0x0861, 0x10c3,
0x10e4, 0x08a3, 0x0041, 0x0861, 0x10c3, 0x10c3, 0x10e3, 0x0882, 0x1104, 0x2229,
0x2248, 0x11a5, 0x0862, 0x0904, 0x08a2, 0x08e3, 0x10e3, 0x10e3, 0x1104, 0x2289,
0x2b0c, 0x1165, 0x0020, 0x0041, 0x0882, 0x1966, 0x10e4, 0x0862, 0x08a2, 0x0882,
0x0882, 0x08a2, 0x10e4, 0x08c3, 0x08c3, 0x0061, 0x0041, 0x0882, 0x1945, 0x0882,
0x0021, 0x0862, 0x0882, 0x0061, 0x0020, 0x1166, 0x1a49, 0x08e3, 0x00a2, 0x1a47,
0x1945, 0x1985, 0x1966, 0x1165, 0x08c3, 0x1965, 0x1a08, 0x08c3, 0x0082, 0x0082,
0x08c3, 0x19a7, 
0x10a4, 0x18e5, 0x18e5, 0x10a4, 0x10c4, 0x10e5, 0x0863, 0x0883, 0x10a4, 0x0883,
0x10a3, 0x10a4, 0x0883, 0x124a, 0x13f1, 0x1c32, 0x132e, 0x1147, 0x1947, 0x1968,
0x10e5, 0x1927, 0x21aa, 0x21a9, 0x21a9, 0x21a9, 0x21a9, 0x21c9, 0x1947, 0x10e5,
0x1947, 0x2188, 0x2188, 0x1967, 0x1947, 0x2168, 0x1967, 0x1967, 0x2188, 0x2167,
0x1947, 0x10e5, 0x1967, 0x21a9, 0x21a9, 0x21a9, 0x21a9, 0x21a9, 0x21aa, 0x1968,
0x1905, 0x1926, 0x1967, 0x1967, 0x10e6, 0x126b, 0x1bf1, 0x1c11, 0x12ec, 0x10c4,
0x10a4, 0x0862, 0x10c4, 0x10a4, 0x1083, 0x10c4, 0x0883, 0x0883, 0x10c5, 0x10c4,
0x10c4, 0x10e5, 0x18e4, 0x20e3, 0x2104, 0x2104, 0x2104, 0x2944, 0x20e4, 0x2104,
0x2925, 0x2103, 0x10a3, 0x2104, 0x2104, 0x2924, 0x2104, 0x2104, 0x2104, 0x2945,
0x2125, 0x2125, 0x2125, 0x3165, 0x2925, 0x1082, 0x10c4, 0x1927, 0x1927, 0x1906,
0x10c5, 0x0883, 0x18e5, 0x1906, 0x08a4, 0x4a49, 0xa470, 0x942f, 0x9c4f, 0x9c4f,
0x9c4f, 0x942f, 0x9c6f, 0x5a69, 0x08a4, 0x18e5, 0x1906, 0x10a4, 0x1906, 0x2168,
0x18e5, 0x0862, 0x1082, 0x2104, 0x3185, 0x2125, 0x2925, 0x2925, 0x3165, 0x2925,
0x2945, 0x2945, 0x2945, 0x2125, 0x2105, 0x18c3, 0x18e4, 0x2125, 0x3165, 0x2925,
0x2105, 0x2105, 0x2924, 0x18e3, 0x2165, 0x1904, 0x19a6, 0x1a09, 0x22e7, 0x2b27,
0x226a, 0x1186, 0x19c7, 0x1186, 0x2249, 0x19c7, 0x2228, 0x2acb, 0x2b6c, 0x2bad,
0x33ad, 0x33cd, 0x33ce, 0x33ce, 0x33ce, 0x33ce, 0x33ce, 0x33ae, 0x33ae, 0x338d,
0x33ae, 0x33ae, 0x33ce, 0x33ae, 0x2b8e, 0x21e7, 0x2124, 0x29a6, 0x2986, 0x93ac,
0x6aea, 0x2166, 0x2986, 0x2125, 0x2b0c, 0x336d, 0x33cf, 0x33ef, 0x3bcf, 0x33cf,
0x3bef, 0x33ae, 0x2a08, 0x3a49, 0x3a69, 0x31e9, 0x3baa, 0x3bca, 0x3baa, 0x3bca,
0x31a8, 0x31e8, 0x29e7, 0x19c7, 0x226a, 0x1a08, 0x11a6, 0x19c7, 0x19c7, 0x226a,
0x2b87, 0x22c8, 0x1a29, 0x1965, 0x2105, 0x21e5, 0x6277, 0x6296, 0x5b18, 0x5337,
0x5ad6, 0x5af7, 0x7318, 0x92fa, 0x73ba, 0x9cfd, 0xdcfe, 0xfd5f, 0xe43e, 0xa15a,
0x8136, 0x58f0, 0x5931, 0x48ce, 0x386b, 0x39f1, 0x312d, 0x2006, 0x2087, 0x212a,
0x28ca, 0x20a8, 0x1867, 0x2047, 0x31ce, 0x32b0, 0x1804, 0x20a9, 0x20a8, 0x1866,
0x210a, 0x20c9, 0x2048, 0x1867, 0x2088, 0x20a8, 0x1929, 0x214b, 0x3352, 0x2067,
0x2067, 0x20a8, 0x28cb, 0x294b, 0x20c9, 0x2026, 0x312c, 0x4213, 0x40ad, 0x40ee,
0x6194, 0x69d5, 0x9198, 0xc1db, 0xec1e, 0xf5bf, 0xd57e, 0x957d, 0x6e3d, 0x5e7e,
0x653b, 0x5c39, 0x5b17, 0x52f6, 0x59f4, 0x61d4, 0x61d3, 0x7214, 0x3103, 0x3944,
0x3986, 0x3144, 0x4164, 0x4164, 0x3944, 0x3103, 0x28e3, 0x28e3, 0x20a2, 0x1062,
0x1041, 0x1882, 0x20a2, 0x20a2, 0x1061, 0x1062, 0x1082, 0x1082, 0x18a3, 0x18c3,
0x3965, 0x2924, 0x18c3, 0x3124, 0x49a5, 0x49a5, 0x4185, 0x4985, 0x4164, 0x3103,
0x20c2, 0x3924, 0x28c3, 0x18a3, 0x31c8, 0x31e8, 0x31c8, 0x424a, 0x3a09, 0x39e8,
0x31a7, 0x39c7, 0x39c7, 0x31e8, 0x31a7, 0x2925, 0x2125, 0x2104, 0x20e4, 0x1082,
0x1882, 0x1862, 0x0821, 0x3944, 0x6a88, 0x5a27, 0x5207, 0x5a27, 0x49c6, 0x20c3,
0x49c6, 0x49a5, 0x41a5, 0x2903, 0x20a2, 0x28c3, 0x3924, 0x3944, 0x3124, 0x20c3,
0x10a3, 0x10a3, 0x10a2, 0x0861, 0x10a3, 0x18e4, 0x18e4, 0x18e4, 0x1904, 0x1904,
0x2125, 0x10c4, 0x7b29, 0x6ae8, 0x10c4, 0x2145, 0x2125, 0x2125, 0x2146, 0x2145,
0x0861, 0x18e3, 0x2125, 0x0882, 0x1082, 0x18a3, 0x18c3, 0x18a3, 0x18c3, 0x18c3,
0x1082, 0x2145, 0x2965, 0x2145, 0x10c3, 0x18e4, 0x2166, 0x2146, 0x2166, 0x2166,
0x2166, 0x2966, 0x2966, 0x1925, 0x83cb, 0x8baa, 0x1186, 0x3c30, 0x4492, 0x4cf3,
0x4d75, 0x55b6, 0x5617, 0x5e78, 0x5eba, 0x5efa, 0x5efb, 0x677c, 0x3c71, 0x1082,
0x10e4, 0x1904, 0x1082, 0x1082, 0x18c4, 0x10c3, 0x18e4, 0x1904, 0x2125, 0x2125,
0x2125, 0x2125, 0x1062, 0x1082, 0x1062, 0x1062, 0x1062, 0x1062, 0x1061, 0x1082,
0x20e4, 0x2945, 0x2104, 0x20e3, 0x18a3, 0x20e3, 0x20e4, 0x20e4, 0x20e4, 0x20e4,
0x2104, 0x2104, 0x2904, 0x2924, 0x2924, 0x2124, 0x2124, 0x2124, 0x2945, 0x2945,
0x2966, 0x2104, 0x1882, 0x18a2, 0x18a2, 0x18a2, 0x18a2, 0x18a2, 0x18a2, 0x18a2,
0x18a2, 0x18a2, 0x1882, 0x1882, 0x2104, 0x2965, 0x2925, 0x2945, 0x2104, 0x2124,
0x2104, 0x2104, 0x2104, 0x2104, 0x2104, 0x20e4, 0x20e4, 0x20e4, 0x20e4, 0x20e4,
0x20e3, 0x18a2, 0x20e3, 0x2125, 0x2925, 0x18e3, 0x1082, 0x1062, 0x1062, 0x1062,
0x1062, 0x1062, 0x1062, 0x1061, 0x818e, 0x38e6, 0x2147, 0x18c4, 0x0862, 0x1083,
0x2126, 0x10a3, 0x1083, 0x18e5, 0x10c4, 0x1042, 0x136d, 0x5a50, 0x40a7, 0x10c3,
0x2106, 0x2167, 0x2168, 0x1967, 0x1167, 0x490b, 0x30e7, 0x18c4, 0x10a4, 0x18c4,
0x18e4, 0x2125, 0x0021, 0x0841, 0x0862, 0x0862, 0x0862, 0x10a3, 0x18c4, 0x2946,
0x2105, 0x10a3, 0x1082, 0x1082, 0x2146, 0x18e5, 0x18e4, 0x18c4, 0x18c4, 0x1905,
0x10a3, 0x18c4, 0x18e4, 0x2105, 0x1905, 0x3128, 0x10c4, 0x692e, 0x2968, 0x2967,
0x31a9, 0x2126, 0x2967, 0x2147, 0x1926, 0x20c5, 0x23f0, 0x4af1, 0x510b, 0x2187,
0x3188, 0x2967, 0x2947, 0x0021, 0x2988, 0x31a9, 0x3085, 0x38a5, 0x40a6, 0x40c6,
0x4107, 0x4128, 0x41aa, 0x422c, 0x4aef, 0x43b1, 0x9d16, 0x82cf, 0x93d2, 0xa454,
0xac95, 0xc598, 0xc5d8, 0xc5d8, 0xcd98, 0xb65a, 0xae9b, 0xd598, 0xc619, 0xa6bb,
0xc5d9, 0xc557, 0xb598, 0x9e7b, 0xbdb8, 0xbd16, 0xacd5, 0xa474, 0x9bf3, 0x8b91,
0x8330, 0x7acf, 0x7a8e, 0x724c, 0x61ca, 0x5168, 0x5168, 0x5189, 0x61ca, 0x830f,
0xacb5, 0xbd77, 0xcdb8, 0xcdd9, 0xcdd9, 0xc61a, 0xaebb, 0xbe7b, 0xd5f9, 0xce1a,
0xce1a, 0xcdf9, 0xc5b8, 0xb4f6, 0x9cf6, 0x7597, 0x9475, 0x9bd2, 0x4887, 0x50c8,
0x50c7, 0x50c7, 0x48c7, 0x48a7, 0x48a7, 0x40a6, 0x40a6, 0x40a6, 0x4944, 0x5144,
0x69e6, 0x8288, 0x83cd, 0x7d34, 0x5a26, 0x30c2, 0x432c, 0x42ec, 0x2905, 0x39a8,
0x49c9, 0xa231, 0xfbdc, 0x826f, 0x5a6c, 0x526b, 0x52ac, 0x52cc, 0x4a8b, 0x4a4a,
0x422a, 0x4209, 0x39c8, 0x3187, 0x2125, 0x20e4, 0x2925, 0x2946, 0x3187, 0x39c8,
0x4a0a, 0x5a6c, 0x6aef, 0x82f0, 0xb3b5, 0xed7b, 0xfd3e, 0xfc1b, 0xcad5, 0x9210,
0x69cc, 0x51c9, 0x49e9, 0x41c9, 0x3987, 0x3988, 0x3167, 0x2946, 0x3166, 0x10a3,
0x3923, 0x7246, 0x2903, 0x1083, 0x1082, 0x0862, 0x1082, 0x18c4, 0x10a2, 0x4984,
0x7a86, 0x72a7, 0x39a5, 0x2105, 0x2946, 0x3166, 0x3186, 0x598a, 0xe1d7, 0xc9d5,
0x1966, 0x08a3, 0x10c3, 0x1925, 0x1945, 0x1986, 0x1946, 0x0061, 0x0061, 0x0882,
0x0882, 0x0882, 0x19c6, 0x1165, 0x0882, 0x08c3, 0x0862, 0x08c3, 0x19e7, 0x2228,
0x21c7, 0x230a, 0x0903, 0x08a2, 0x08c3, 0x08e3, 0x10e3, 0x10e3, 0x1104, 0x1145,
0x22ca, 0x2b0c, 0x1145, 0x0020, 0x0041, 0x08a3, 0x1946, 0x0882, 0x08a2, 0x08c3,
0x08c3, 0x10e4, 0x1104, 0x08a2, 0x0882, 0x0061, 0x0041, 0x10e4, 0x10e4, 0x0021,
0x0862, 0x0882, 0x0882, 0x0041, 0x0062, 0x1a08, 0x1a69, 0x0082, 0x08c2, 0x22a8,
0x19a6, 0x1185, 0x19c6, 0x1986, 0x1986, 0x1986, 0x1a28, 0x08e3, 0x08a2, 0x08c3,
0x08c3, 0x00a2, 
0x10a4, 0x10a4, 0x0863, 0x1083, 0x10c5, 0x1083, 0x0883, 0x10c4, 0x0883, 0x0883,
0x0883, 0x0863, 0x1209, 0x13f0, 0x138f, 0x11e9, 0x10e6, 0x1947, 0x1947, 0x2188,
0x1947, 0x10e5, 0x21a9, 0x21ca, 0x21ca, 0x21ca, 0x2188, 0x1926, 0x1968, 0x1905,
0x1947, 0x21a8, 0x2188, 0x1967, 0x2188, 0x21ea, 0x2188, 0x2187, 0x21a9, 0x21a9,
0x1967, 0x1926, 0x2188, 0x1926, 0x1988, 0x21ca, 0x21ca, 0x21ca, 0x29ea, 0x1947,
0x1926, 0x21a9, 0x2189, 0x1968, 0x1968, 0x18e6, 0x1146, 0x130d, 0x1bf0, 0x122a,
0x0843, 0x0862, 0x10a4, 0x10a3, 0x0883, 0x10c4, 0x10a4, 0x0862, 0x10c4, 0x10a4,
0x0883, 0x1083, 0x2104, 0x18e3, 0x2104, 0x20e4, 0x18e4, 0x2944, 0x2104, 0x20e4,
0x2125, 0x2124, 0x10a2, 0x20e4, 0x2104, 0x2124, 0x2924, 0x2104, 0x2104, 0x2945,
0x2945, 0x2105, 0x2105, 0x2945, 0x2965, 0x10a3, 0x10c5, 0x2148, 0x2148, 0x2148,
0x1927, 0x10c4, 0x0882, 0x1905, 0x10e5, 0x2125, 0x940f, 0x9c4f, 0x9c4f, 0x9c4f,
0x9c4f, 0x9c4f, 0x9c2f, 0x2946, 0x10c5, 0x1906, 0x10c4, 0x10c5, 0x2168, 0x1906,
0x1083, 0x0862, 0x0862, 0x2924, 0x2965, 0x2125, 0x2125, 0x2945, 0x2945, 0x2125,
0x2925, 0x2945, 0x2945, 0x2125, 0x2104, 0x10a3, 0x2104, 0x2105, 0x3165, 0x2925,
0x2104, 0x2104, 0x20e3, 0x18e4, 0x2125, 0x1904, 0x19c7, 0x19e8, 0x2366, 0x1a67,
0x228a, 0x11a6, 0x1145, 0x1186, 0x1a08, 0x19a6, 0x2229, 0x33cd, 0x3cf0, 0x34af,
0x34cf, 0x34f0, 0x34f0, 0x3cf0, 0x34f0, 0x34f0, 0x3510, 0x34f0, 0x3510, 0x348f,
0x336d, 0x33ae, 0x33ae, 0x338e, 0x2b4d, 0x1965, 0x2945, 0x29a6, 0x2165, 0x6aa9,
0x4a48, 0x2166, 0x29a6, 0x1904, 0x228a, 0x336d, 0x33ce, 0x33ce, 0x33ef, 0x33cf,
0x3bef, 0x33ce, 0x2a28, 0x3208, 0x3b2a, 0x3bca, 0x3c4a, 0x3c2b, 0x3b8a, 0x3be9,
0x3369, 0x3348, 0x29c7, 0x19a6, 0x19e8, 0x19e8, 0x1166, 0x1145, 0x19e7, 0x224a,
0x22c7, 0x2347, 0x19e8, 0x1986, 0x1904, 0x2145, 0x64fb, 0x6bf9, 0x6338, 0x5a97,
0x5ad8, 0x5b58, 0x73da, 0xcc9d, 0xe53e, 0xf47f, 0xd2dd, 0xcb7c, 0xd33d, 0x89d7,
0x5952, 0x5931, 0x48ce, 0x410e, 0x28aa, 0x2868, 0x31af, 0x296d, 0x2047, 0x1846,
0x20e9, 0x20c9, 0x1846, 0x2047, 0x290b, 0x32f2, 0x1826, 0x2088, 0x20a9, 0x1826,
0x20a8, 0x20e9, 0x20c9, 0x1847, 0x20a8, 0x20a8, 0x1845, 0x21ab, 0x32f1, 0x1826,
0x1846, 0x2088, 0x290b, 0x2088, 0x2027, 0x292c, 0x3a10, 0x308a, 0x28aa, 0x4190,
0x41d1, 0x5992, 0x6914, 0x9998, 0xd35d, 0xd35d, 0xf49f, 0xf53f, 0xcd7e, 0x86de,
0x6d3b, 0x5b18, 0x52f7, 0x5ad6, 0x6214, 0x7a15, 0x79f5, 0x69f4, 0x10a3, 0x18a3,
0x2104, 0x3103, 0x4164, 0x3944, 0x3103, 0x28e3, 0x28c3, 0x20a2, 0x20a2, 0x20a2,
0x1061, 0x1882, 0x20a2, 0x1062, 0x1062, 0x18a3, 0x18c3, 0x20e4, 0x2104, 0x20e4,
0x3984, 0x3964, 0x3944, 0x4164, 0x4164, 0x4164, 0x4985, 0x4184, 0x4184, 0x4144,
0x28e3, 0x1882, 0x18e4, 0x3a49, 0x42ab, 0x428b, 0x426a, 0x3a29, 0x39e8, 0x39c8,
0x31c7, 0x31c7, 0x31a7, 0x39e8, 0x31a7, 0x2925, 0x2125, 0x2104, 0x2104, 0x1082,
0x20a2, 0x20c3, 0x1882, 0x0841, 0x41a5, 0x4185, 0x3964, 0x3944, 0x3944, 0x20a2,
0x3124, 0x3103, 0x2903, 0x28e3, 0x20a2, 0x28c3, 0x28e3, 0x28e3, 0x1882, 0x10c3,
0x10c3, 0x10a3, 0x10a2, 0x0861, 0x10a3, 0x10c3, 0x18e4, 0x18e4, 0x1904, 0x1904,
0x1925, 0x10c4, 0x5226, 0x6ac8, 0x10e4, 0x2145, 0x2125, 0x1925, 0x2145, 0x2125,
0x0861, 0x18e3, 0x2124, 0x10a2, 0x0881, 0x10a2, 0x18c3, 0x10a3, 0x18c3, 0x10a2,
0x18e3, 0x2986, 0x2145, 0x2145, 0x10a2, 0x1905, 0x2145, 0x2145, 0x2146, 0x2146,
0x2146, 0x2966, 0x2146, 0x39c6, 0xac4b, 0x3185, 0x1925, 0x2145, 0x2186, 0x21a7,
0x21a7, 0x21c7, 0x21e8, 0x21e8, 0x21e8, 0x21e8, 0x21e7, 0x21c7, 0x1965, 0x10a3,
0x10c3, 0x18e4, 0x0861, 0x10a3, 0x10c3, 0x10c3, 0x18e4, 0x1904, 0x1905, 0x1904,
0x18e4, 0x1904, 0x18a3, 0x1062, 0x1061, 0x1062, 0x1062, 0x1062, 0x1062, 0x18a2,
0x18a3, 0x18c3, 0x2124, 0x2945, 0x31a7, 0x18c3, 0x20c3, 0x20e4, 0x20e3, 0x20e4,
0x20e4, 0x20e4, 0x2104, 0x2104, 0x2124, 0x2124, 0x2124, 0x2925, 0x2945, 0x2945,
0x2945, 0x20e3, 0x20e4, 0x20e4, 0x20e4, 0x20e4, 0x20e4, 0x20e4, 0x20e4, 0x20e4,
0x20e4, 0x20e4, 0x20e4, 0x20e4, 0x20e3, 0x2925, 0x2945, 0x2945, 0x2124, 0x2124,
0x2124, 0x2104, 0x2104, 0x2104, 0x2104, 0x20e4, 0x20e4, 0x20e3, 0x2104, 0x18c3,
0x20e4, 0x31e7, 0x2965, 0x2104, 0x18c3, 0x18a2, 0x10a2, 0x1062, 0x1062, 0x1062,
0x1062, 0x1062, 0x1062, 0x18a2, 0x816d, 0x28c5, 0x1083, 0x1062, 0x1062, 0x1082,
0x2126, 0x18e5, 0x0862, 0x10c4, 0x10a3, 0x1042, 0x11a7, 0x29ea, 0x28a5, 0x10e4,
0x1105, 0x1967, 0x318a, 0x518d, 0x71b1, 0x492b, 0x18c4, 0x2106, 0x10c4, 0x18c4,
0x1925, 0x18e4, 0x0020, 0x0841, 0x1082, 0x0882, 0x0862, 0x1083, 0x10a3, 0x1083,
0x10a3, 0x1083, 0x0862, 0x0862, 0x2105, 0x18c4, 0x18c4, 0x18c4, 0x18c4, 0x1905,
0x10a3, 0x1905, 0x2126, 0x2126, 0x1925, 0x3148, 0x10e4, 0x714e, 0x3929, 0x11a7,
0x2988, 0x2968, 0x2988, 0x1926, 0x20c5, 0x222a, 0x2bb0, 0x80cf, 0x3127, 0x2126,
0x2146, 0x2146, 0x10a3, 0x1082, 0x39ea, 0x2988, 0x30a5, 0x30c6, 0x38e7, 0x3948,
0x41aa, 0x422c, 0x42ee, 0x43b1, 0x4433, 0x54f6, 0x73b0, 0x4168, 0x8330, 0xa454,
0xacf6, 0xb536, 0xb537, 0xb516, 0xbd57, 0x8efc, 0x9e7a, 0xae3a, 0x9e9b, 0x9e19,
0x865a, 0x9d98, 0xa577, 0xa4f6, 0x7df9, 0x94d5, 0x9391, 0x832f, 0x7aae, 0x728e,
0x726d, 0x6a2c, 0x59c9, 0x4968, 0x4948, 0x5989, 0x61aa, 0x6a4c, 0x93d2, 0xacf6,
0xb516, 0xa578, 0xa5f9, 0xbd98, 0xbd57, 0xb516, 0xb516, 0x963a, 0xb5f9, 0xcd57,
0xc578, 0xcd98, 0xc577, 0xacf6, 0x7db8, 0x83f2, 0x8370, 0x93b1, 0x4866, 0x50c7,
0x48a7, 0x48a7, 0x48a6, 0x40a6, 0x40a6, 0x3885, 0x3885, 0x3885, 0x4944, 0x61a5,
0x7a27, 0x7a67, 0x8490, 0x6bcd, 0x30a1, 0x3acb, 0x5c51, 0x20e4, 0x31a7, 0x41e9,
0x522b, 0x722d, 0xfcdc, 0xb394, 0x5a6d, 0x630e, 0x632e, 0x5aed, 0x528c, 0x4a6a,
0x422a, 0x4209, 0x31a7, 0x2925, 0x18e4, 0x2125, 0x2946, 0x3187, 0x39a8, 0x4a0a,
0x5a8d, 0x72cf, 0xab13, 0xec5b, 0xfd7e, 0xe4fa, 0xb354, 0x8a8f, 0x6a6d, 0x5a6c,
0x526b, 0x4a4b, 0x41e9, 0x3187, 0x39c8, 0x39a7, 0x3187, 0x2946, 0x2945, 0x2105,
0x1062, 0x51a4, 0x4964, 0x0841, 0x1082, 0x0841, 0x0862, 0x18e4, 0x10a3, 0x0862,
0x3123, 0x7246, 0x82e7, 0x5a26, 0x2125, 0x2926, 0x3166, 0x3187, 0x39a8, 0x31a7,
0x0882, 0x10e4, 0x1125, 0x1946, 0x1986, 0x1945, 0x0061, 0x0041, 0x0061, 0x0061,
0x0081, 0x2268, 0x2aaa, 0x2228, 0x08c3, 0x08a2, 0x19a6, 0x2269, 0x2249, 0x21e8,
0x21e7, 0x22c9, 0x1ae8, 0x0041, 0x08c3, 0x08e3, 0x10c3, 0x10e3, 0x1104, 0x1124,
0x19a6, 0x232c, 0x2aec, 0x1104, 0x0020, 0x0041, 0x10e3, 0x10e4, 0x0061, 0x08a3,
0x10e3, 0x08e3, 0x08a3, 0x0882, 0x0882, 0x0041, 0x0061, 0x1905, 0x0861, 0x0861,
0x0882, 0x0882, 0x0061, 0x0020, 0x08e4, 0x22ab, 0x1a08, 0x0081, 0x0061, 0x0924,
0x1a67, 0x22c9, 0x22a8, 0x1965, 0x1945, 0x19c6, 0x19e6, 0x00c3, 0x08c3, 0x08a2,
0x00a2, 0x0061, 
0x1083, 0x0842, 0x0842, 0x1083, 0x10c4, 0x0862, 0x1083, 0x10c4, 0x0862, 0x0863,
0x0862, 0x08a4, 0x136e, 0x1b8f, 0x1126, 0x08a4, 0x1106, 0x1947, 0x2168, 0x21a9,
0x21ca, 0x21a9, 0x21ca, 0x21ea, 0x21eb, 0x29eb, 0x21a9, 0x1926, 0x21a9, 0x1926,
0x1947, 0x21a9, 0x21a8, 0x1967, 0x2188, 0x2a2b, 0x21c9, 0x2187, 0x21c9, 0x21c9,
0x1947, 0x1926, 0x21a9, 0x1946, 0x21ca, 0x29eb, 0x29eb, 0x2a0b, 0x2a0b, 0x29eb,
0x21ca, 0x21ca, 0x21a9, 0x2189, 0x1968, 0x1926, 0x10c4, 0x08e4, 0x136e, 0x1b6e,
0x08c4, 0x0842, 0x0883, 0x0863, 0x0863, 0x10a4, 0x10c4, 0x0842, 0x10a4, 0x10a4,
0x0863, 0x0842, 0x2945, 0x18c3, 0x18e4, 0x18e4, 0x18e4, 0x2924, 0x2104, 0x18e4,
0x2124, 0x2945, 0x10a3, 0x18c3, 0x2104, 0x2105, 0x2924, 0x2104, 0x2104, 0x2104,
0x2945, 0x2105, 0x2105, 0x2125, 0x3165, 0x18c3, 0x10c4, 0x2169, 0x2168, 0x2148,
0x2148, 0x1947, 0x10c4, 0x1083, 0x1926, 0x08a4, 0x6b0b, 0xa490, 0x9c4f, 0x9c70,
0x9c70, 0xa490, 0x734c, 0x10a4, 0x1905, 0x18e5, 0x10a4, 0x2168, 0x1927, 0x10a3,
0x1083, 0x0862, 0x1082, 0x2944, 0x2925, 0x2125, 0x2105, 0x3165, 0x2125, 0x2125,
0x2125, 0x2945, 0x2925, 0x2925, 0x18e4, 0x10a2, 0x2104, 0x2104, 0x3165, 0x2104,
0x20e4, 0x20e4, 0x18c3, 0x2104, 0x2124, 0x1104, 0x19c7, 0x1a27, 0x2326, 0x1a08,
0x228a, 0x11a6, 0x08e3, 0x1165, 0x19a7, 0x1186, 0x2269, 0x342d, 0x3d30, 0x45d1,
0x3d71, 0x348f, 0x346f, 0x346e, 0x346e, 0x346e, 0x346e, 0x3d30, 0x3d30, 0x348f,
0x2b0b, 0x33ae, 0x33ae, 0x338d, 0x2aeb, 0x1904, 0x2986, 0x29a6, 0x2986, 0x2986,
0x2986, 0x29a6, 0x29a6, 0x2104, 0x2208, 0x336d, 0x33ae, 0x33cf, 0x33cf, 0x33cf,
0x3bcf, 0x33cf, 0x2269, 0x31a7, 0x43ea, 0x43eb, 0x3b8b, 0x3c0b, 0x3c0a, 0x3b6a,
0x3b0a, 0x3bc9, 0x29e6, 0x1986, 0x1186, 0x19c7, 0x1125, 0x0904, 0x1a08, 0x1a29,
0x1a27, 0x2346, 0x19e7, 0x19a7, 0x1904, 0x2125, 0x6359, 0x5cfb, 0x65dd, 0x64fc,
0x6c5b, 0xa4dd, 0xe59e, 0xec7e, 0xcabc, 0xa21a, 0xbb1b, 0x9aba, 0x8a18, 0xa25a,
0x6172, 0x40cd, 0x390d, 0x290b, 0x28ca, 0x2087, 0x2046, 0x294c, 0x31ce, 0x20e9,
0x1846, 0x28c9, 0x1866, 0x2047, 0x20a8, 0x32f1, 0x1867, 0x2067, 0x20a9, 0x1846,
0x20e9, 0x20c9, 0x20c9, 0x1847, 0x2088, 0x20a9, 0x1804, 0x29ec, 0x2a6f, 0x1805,
0x1845, 0x20c8, 0x2087, 0x20a8, 0x31cf, 0x318e, 0x2047, 0x2888, 0x30ec, 0x310c,
0x392d, 0x40ee, 0x48f0, 0x8a17, 0x81d7, 0xbabb, 0xcb1c, 0xb2fb, 0xc51d, 0xd63e,
0xe51e, 0xb3fb, 0x8319, 0x6297, 0x79f7, 0x8217, 0x71d5, 0x69d4, 0x18c3, 0x2104,
0x2104, 0x20e4, 0x20c3, 0x28e3, 0x30e3, 0x28e3, 0x28c3, 0x20a2, 0x20a2, 0x1882,
0x1061, 0x1882, 0x1061, 0x0861, 0x1082, 0x18a3, 0x18c3, 0x18a3, 0x18c3, 0x20e3,
0x3104, 0x3924, 0x3924, 0x3924, 0x3924, 0x4164, 0x4164, 0x4164, 0x4164, 0x3103,
0x18c3, 0x2125, 0x4acc, 0x4aec, 0x4aab, 0x42ab, 0x426a, 0x3a29, 0x3a09, 0x39e8,
0x39e8, 0x31c8, 0x39e8, 0x4208, 0x31a7, 0x2945, 0x2125, 0x20e4, 0x2124, 0x1082,
0x18a2, 0x3103, 0x3124, 0x2903, 0x3944, 0x3944, 0x3124, 0x3104, 0x3124, 0x20a2,
0x3103, 0x2903, 0x2903, 0x28e3, 0x20a2, 0x1882, 0x1082, 0x0862, 0x1924, 0x2986,
0x10a3, 0x10a3, 0x0882, 0x0841, 0x1083, 0x10a3, 0x18e4, 0x18e4, 0x1904, 0x1904,
0x1904, 0x10e4, 0x3964, 0x6287, 0x1904, 0x2125, 0x1925, 0x1904, 0x2145, 0x1905,
0x0861, 0x18e3, 0x1924, 0x10c3, 0x0861, 0x1082, 0x1904, 0x2104, 0x10a2, 0x10a2,
0x2165, 0x2145, 0x2165, 0x1904, 0x10a2, 0x2125, 0x2145, 0x2145, 0x2145, 0x2145,
0x2145, 0x2146, 0x1925, 0x7308, 0x72c7, 0x08a3, 0x2166, 0x2166, 0x2186, 0x2186,
0x21a6, 0x21a7, 0x21a7, 0x21a7, 0x2186, 0x2166, 0x1945, 0x1904, 0x10c3, 0x1082,
0x10a3, 0x10a3, 0x0841, 0x10a3, 0x10a3, 0x10c3, 0x18e4, 0x18e4, 0x10c3, 0x10a3,
0x10c3, 0x10c3, 0x20c3, 0x18c3, 0x1082, 0x1062, 0x1062, 0x1062, 0x1082, 0x18a3,
0x18c3, 0x18c3, 0x18a3, 0x18c3, 0x426a, 0x534d, 0x2104, 0x18a2, 0x20e4, 0x20e4,
0x20e4, 0x20e4, 0x20e4, 0x2104, 0x2104, 0x2104, 0x2124, 0x2125, 0x2925, 0x2945,
0x20e4, 0x20e3, 0x20e3, 0x20e3, 0x20e3, 0x20c3, 0x20e3, 0x20e3, 0x20e3, 0x20e3,
0x20e3, 0x20c3, 0x20c3, 0x20c3, 0x18c3, 0x20e4, 0x2945, 0x2925, 0x2125, 0x2124,
0x2104, 0x2104, 0x2104, 0x2104, 0x20e4, 0x20e4, 0x20e4, 0x2104, 0x1882, 0x2965,
0x538e, 0x3a29, 0x18a2, 0x18a2, 0x18a3, 0x18c3, 0x18a2, 0x1082, 0x1062, 0x1062,
0x1082, 0x1082, 0x18a3, 0x20e3, 0x816d, 0x20a4, 0x0841, 0x0862, 0x1083, 0x1082,
0x18e5, 0x1905, 0x0841, 0x10a3, 0x0862, 0x0882, 0x1083, 0x08a2, 0x08c3, 0x20c5,
0x38c8, 0x60ec, 0x7190, 0x59ef, 0x31aa, 0x1905, 0x2906, 0x2126, 0x18e5, 0x18e5,
0x2167, 0x1083, 0x0021, 0x0862, 0x1082, 0x10a3, 0x0862, 0x0882, 0x10c3, 0x10c4,
0x1082, 0x0862, 0x0882, 0x1082, 0x2105, 0x18e4, 0x18e4, 0x18e4, 0x2105, 0x18e5,
0x1083, 0x1905, 0x1905, 0x2126, 0x2106, 0x3168, 0x20e5, 0x3949, 0x9193, 0x512b,
0x1926, 0x1988, 0x2988, 0x2126, 0x18e5, 0x1986, 0x414a, 0x48e9, 0x08e3, 0x18c4,
0x2106, 0x18e5, 0x0841, 0x18c4, 0x2988, 0x2988, 0x2906, 0x3147, 0x31c9, 0x3a6c,
0x430f, 0x43b1, 0x4453, 0x44b5, 0x4494, 0x7516, 0x49a8, 0x2084, 0x6a8d, 0x9c33,
0xa454, 0xac74, 0xacb5, 0xb537, 0x9e7a, 0x9df9, 0xad57, 0x9d98, 0x9d16, 0xa434,
0x8cf6, 0x7d98, 0x75b8, 0x7577, 0x83f3, 0x5cd5, 0x6bd2, 0x7aae, 0x728d, 0x61eb,
0x5189, 0x4948, 0x5168, 0x5989, 0x61ca, 0x61ca, 0x6a4c, 0x8b71, 0x9c54, 0xac54,
0x9577, 0x8619, 0x8df9, 0x8e19, 0xb4d6, 0xb4b5, 0xac95, 0xa4f6, 0x7e3a, 0x95d8,
0x95d8, 0x95d9, 0x95b8, 0x7dd8, 0x8d57, 0x6a6d, 0x3147, 0x7b2f, 0x50e8, 0x48a7,
0x48a7, 0x40a6, 0x40a6, 0x40a6, 0x3885, 0x3085, 0x3085, 0x3085, 0x4944, 0x7227,
0x8a88, 0x82a8, 0x84f2, 0x4227, 0x1904, 0x7534, 0x3187, 0x3166, 0x39c8, 0x422a,
0x528c, 0x628d, 0xc3d6, 0xecba, 0x72ae, 0x7bb1, 0x6b70, 0x5b0e, 0x528b, 0x4a4a,
0x4229, 0x39e8, 0x2946, 0x20e4, 0x2104, 0x2925, 0x2966, 0x39a7, 0x49ea, 0x5a4c,
0x828f, 0xd2f7, 0xfbfd, 0xebf9, 0xab33, 0x82f0, 0x7b30, 0x732f, 0x630e, 0x5aac,
0x528b, 0x4a4a, 0x31a7, 0x39e9, 0x39c8, 0x39a7, 0x3187, 0x2946, 0x2125, 0x2104,
0x1082, 0x28c2, 0x5184, 0x18a2, 0x0041, 0x0841, 0x0861, 0x10a3, 0x18e4, 0x18c4,
0x0862, 0x20c2, 0x6205, 0x8ae7, 0x6a66, 0x3165, 0x2926, 0x3166, 0x3187, 0x3187,
0x1104, 0x1125, 0x1946, 0x1986, 0x10c3, 0x0041, 0x0041, 0x0882, 0x0082, 0x0061,
0x0041, 0x1a68, 0x2248, 0x21e7, 0x2208, 0x2228, 0x2a69, 0x2208, 0x2208, 0x2228,
0x2269, 0x2b4b, 0x1a88, 0x0081, 0x08a2, 0x08e3, 0x10e4, 0x10e3, 0x1104, 0x1124,
0x1125, 0x19c7, 0x2b6d, 0x2b2c, 0x10e4, 0x0020, 0x0061, 0x1104, 0x08a2, 0x0862,
0x08a2, 0x08a2, 0x0882, 0x0882, 0x0882, 0x0041, 0x08c3, 0x10c3, 0x0041, 0x0882,
0x0882, 0x0882, 0x0041, 0x0041, 0x19a7, 0x230c, 0x1165, 0x0061, 0x0882, 0x10e3,
0x08a2, 0x1164, 0x1206, 0x1a68, 0x1a07, 0x19e7, 0x11c6, 0x08e3, 0x08e3, 0x08e3,
0x08e3, 0x00a2, 
0x0842, 0x0842, 0x0862, 0x1084, 0x10a4, 0x0842, 0x0883, 0x10a4, 0x0862, 0x0862,
0x0842, 0x08e4, 0x124a, 0x1146, 0x1885, 0x30e7, 0x1126, 0x1968, 0x2188, 0x21aa,
0x21ca, 0x2a0b, 0x2a0b, 0x21eb, 0x2a0b, 0x2a0b, 0x2a0c, 0x21ca, 0x2188, 0x1926,
0x1947, 0x21a9, 0x21a8, 0x1967, 0x2188, 0x2a2b, 0x21c9, 0x1967, 0x21c9, 0x21c9,
0x1946, 0x1946, 0x2188, 0x29eb, 0x2a0b, 0x2a0b, 0x2a2c, 0x2a2c, 0x2a2c, 0x2a0c,
0x29eb, 0x29eb, 0x21ca, 0x21a9, 0x2168, 0x1126, 0x28e7, 0x28a5, 0x0926, 0x11a8,
0x08c4, 0x0842, 0x0863, 0x0862, 0x0862, 0x10a4, 0x1083, 0x0021, 0x0883, 0x10a4,
0x1083, 0x0842, 0x2965, 0x18c3, 0x18c3, 0x18e4, 0x18e4, 0x2924, 0x2104, 0x18e4,
0x2104, 0x2945, 0x18e3, 0x10a2, 0x2104, 0x2105, 0x2924, 0x2924, 0x2104, 0x2104,
0x2925, 0x2945, 0x2105, 0x2125, 0x2945, 0x18e3, 0x1083, 0x2189, 0x2189, 0x2148,
0x1927, 0x2148, 0x1947, 0x1083, 0x10a4, 0x10e5, 0x39a7, 0xa490, 0x9c90, 0x9c90,
0x9c70, 0xa4b0, 0x4208, 0x08a4, 0x1906, 0x10a3, 0x2147, 0x2147, 0x10a4, 0x1083,
0x10a4, 0x0862, 0x10a2, 0x2924, 0x2125, 0x2105, 0x2945, 0x2945, 0x2104, 0x2105,
0x2925, 0x2945, 0x2125, 0x2125, 0x18c3, 0x18e3, 0x2105, 0x2104, 0x3165, 0x2104,
0x20e4, 0x18e4, 0x18c2, 0x2924, 0x1904, 0x1145, 0x19a7, 0x1a66, 0x1a85, 0x19c8,
0x2269, 0x19c7, 0x08a3, 0x1145, 0x1166, 0x19a7, 0x22ea, 0x344e, 0x3db1, 0x4673,
0x45d2, 0x34cf, 0x34af, 0x348f, 0x34af, 0x34af, 0x34af, 0x34cf, 0x34cf, 0x2bac,
0x2aab, 0x33ae, 0x338e, 0x2b6d, 0x2269, 0x18e4, 0x29a6, 0x29a6, 0x29a6, 0x29a6,
0x29a6, 0x29a6, 0x29a6, 0x2145, 0x1986, 0x2b4d, 0x338e, 0x33ce, 0x33cf, 0x33ce,
0x33ce, 0x33ce, 0x228a, 0x29a7, 0x3b29, 0x3c2a, 0x3bea, 0x3baa, 0x3b69, 0x3b89,
0x3369, 0x33a8, 0x29e6, 0x2166, 0x1166, 0x1166, 0x0904, 0x08e4, 0x1a08, 0x1a08,
0x19a7, 0x22e5, 0x1a07, 0x19c7, 0x1104, 0x1924, 0x8a59, 0x9bfb, 0xbd9e, 0xce5f,
0xce7f, 0xbdbe, 0x9d1d, 0x9cfd, 0x8c7b, 0x6a56, 0x6994, 0x7a97, 0x51d2, 0x6973,
0x7a18, 0x492f, 0x30aa, 0x30ca, 0x28eb, 0x288a, 0x2087, 0x1845, 0x20a9, 0x298d,
0x298c, 0x28eb, 0x2088, 0x1846, 0x2067, 0x32f1, 0x20a8, 0x2047, 0x20a8, 0x1826,
0x28ea, 0x20c9, 0x20a8, 0x1846, 0x2088, 0x2088, 0x1805, 0x2a2e, 0x21cc, 0x1804,
0x1846, 0x30cb, 0x292b, 0x31ce, 0x294c, 0x2046, 0x2868, 0x28a9, 0x30aa, 0x30cb,
0x30cb, 0x310c, 0x6255, 0x61d4, 0x5932, 0x79d5, 0x6b99, 0x853c, 0xa3db, 0xaa59,
0xd35c, 0xf3fe, 0xec7e, 0xdcbd, 0xd3dc, 0xa299, 0x91f7, 0x79b6, 0x2986, 0x2966,
0x2986, 0x29a7, 0x2145, 0x18c3, 0x18a2, 0x18a2, 0x20c2, 0x20a2, 0x20a2, 0x1882,
0x1061, 0x1061, 0x0841, 0x1062, 0x1082, 0x1082, 0x18a3, 0x2924, 0x2904, 0x3103,
0x30e3, 0x30e3, 0x3903, 0x3924, 0x3924, 0x3944, 0x4144, 0x4164, 0x28e3, 0x18c3,
0x3187, 0x426a, 0x2966, 0x18c3, 0x1904, 0x18e4, 0x18c4, 0x18c3, 0x18c3, 0x18c3,
0x18c3, 0x18c3, 0x18c3, 0x18a3, 0x2945, 0x2966, 0x2104, 0x2125, 0x18c3, 0x0821,
0x18a2, 0x28e3, 0x3103, 0x3123, 0x3944, 0x3924, 0x3104, 0x3103, 0x3104, 0x20a2,
0x3103, 0x28e3, 0x28e3, 0x20c3, 0x0861, 0x0862, 0x1082, 0x1904, 0x2986, 0x2966,
0x0882, 0x10a3, 0x0862, 0x0841, 0x0882, 0x10a3, 0x10c3, 0x18e4, 0x18e4, 0x18e4,
0x1904, 0x18e4, 0x2924, 0x5a46, 0x1904, 0x1904, 0x1904, 0x18e4, 0x2125, 0x1904,
0x0861, 0x18e3, 0x1904, 0x1904, 0x0841, 0x0862, 0x10a2, 0x10a2, 0x1082, 0x18e3,
0x2165, 0x2145, 0x2165, 0x18c3, 0x10a3, 0x2125, 0x2125, 0x2125, 0x2125, 0x2125,
0x2145, 0x2125, 0x3185, 0x8348, 0x2103, 0x18e4, 0x2125, 0x2125, 0x2125, 0x2125,
0x2125, 0x2125, 0x1925, 0x1904, 0x1904, 0x1904, 0x18e4, 0x18e4, 0x10c3, 0x0882,
0x10a3, 0x0882, 0x0841, 0x10a3, 0x10a3, 0x10c3, 0x10a3, 0x1083, 0x10a3, 0x10a3,
0x10a3, 0x10c4, 0x1082, 0x18a2, 0x18a2, 0x1882, 0x1082, 0x1061, 0x1082, 0x18c3,
0x18a3, 0x18a3, 0x18c3, 0x18c3, 0x1882, 0x3a28, 0x5bef, 0x29a6, 0x1882, 0x20e4,
0x20e4, 0x20e4, 0x20e4, 0x20e4, 0x2104, 0x2104, 0x2104, 0x2125, 0x2945, 0x2124,
0x20c3, 0x20e3, 0x20e3, 0x20c3, 0x20c3, 0x20c3, 0x20c3, 0x20c3, 0x20c3, 0x20c3,
0x20c3, 0x20c3, 0x20c3, 0x20c3, 0x20c3, 0x18c3, 0x2124, 0x2925, 0x2124, 0x2104,
0x2104, 0x2104, 0x2104, 0x20e4, 0x20e4, 0x20e4, 0x2104, 0x1882, 0x3208, 0x5c10,
0x29a7, 0x1082, 0x18c3, 0x18a3, 0x18a3, 0x18a3, 0x18a2, 0x1082, 0x1062, 0x1082,
0x1082, 0x18a2, 0x18a2, 0x1082, 0x4108, 0x28a4, 0x0841, 0x0842, 0x1083, 0x1083,
0x18c4, 0x18e5, 0x0841, 0x1082, 0x0862, 0x0862, 0x0882, 0x38a7, 0x50aa, 0x58cb,
0x40a8, 0x2085, 0x10e4, 0x2147, 0x39eb, 0x39ca, 0x2967, 0x2126, 0x18e5, 0x1905,
0x2167, 0x0841, 0x0841, 0x0882, 0x10a3, 0x10a3, 0x10a3, 0x0862, 0x10a3, 0x1082,
0x0862, 0x10a3, 0x10a3, 0x1082, 0x18e4, 0x18c4, 0x10a3, 0x1082, 0x0862, 0x0862,
0x18c4, 0x1905, 0x1905, 0x2187, 0x2a4b, 0x330e, 0x39eb, 0x18a4, 0x2127, 0x71f0,
0x8a33, 0x596c, 0x20e6, 0x1105, 0x1925, 0x18c5, 0x18a3, 0x10a3, 0x10a4, 0x1083,
0x18c4, 0x1083, 0x0841, 0x18e4, 0x2967, 0x2947, 0x2a0a, 0x32ac, 0x3b4f, 0x3bf2,
0x4474, 0x44b5, 0x44b5, 0x4c54, 0x4bb2, 0x6371, 0x426c, 0x29e9, 0x49a9, 0x93f2,
0x9cb5, 0x85b8, 0x6e9b, 0x76fc, 0x7efc, 0x8dd8, 0xac34, 0x9bf3, 0x8b71, 0x8b91,
0x8b71, 0x8b30, 0x8310, 0x6c33, 0x5536, 0x6c33, 0x5473, 0x428c, 0x28a4, 0x1062,
0x20a4, 0x3906, 0x5189, 0x61ca, 0x61eb, 0x69eb, 0x726d, 0x7ace, 0x82ef, 0x8413,
0x7577, 0x9c33, 0xac13, 0x7639, 0x765a, 0x8db8, 0x9c95, 0xa434, 0x9cf6, 0x8d98,
0x8d77, 0x8d77, 0x8d77, 0x9d98, 0x9433, 0x49ca, 0x28c5, 0x4188, 0x5908, 0x48a7,
0x48a7, 0x40a6, 0x40a6, 0x38a6, 0x3885, 0x3085, 0x2884, 0x2864, 0x4944, 0x7a47,
0x92a8, 0x92e9, 0x94b1, 0x434d, 0x5430, 0x42ab, 0x2925, 0x39c8, 0x4209, 0x4a6b,
0x52ac, 0x6b2f, 0x8ad1, 0xfc3b, 0x92f1, 0x7370, 0x634f, 0x52cd, 0x4a6b, 0x422a,
0x4209, 0x31a7, 0x2104, 0x20e4, 0x2105, 0x2946, 0x3167, 0x49c9, 0x520b, 0x8a0f,
0xf259, 0xf2fa, 0xaad2, 0x7aef, 0x8412, 0x8c94, 0x73d1, 0x632e, 0x5b0d, 0x52cc,
0x52ab, 0x39e8, 0x4229, 0x4209, 0x39e8, 0x39a7, 0x3187, 0x2946, 0x2105, 0x18e4,
0x18a3, 0x0861, 0x3923, 0x3903, 0x0021, 0x0020, 0x0841, 0x1082, 0x18c3, 0x2104,
0x20e4, 0x0862, 0x1062, 0x49a4, 0x82a6, 0x7aa6, 0x49c6, 0x2125, 0x2126, 0x2126,
0x1125, 0x1986, 0x1966, 0x0882, 0x0020, 0x0041, 0x0041, 0x08c3, 0x08e3, 0x08a2,
0x0041, 0x0923, 0x232a, 0x21e7, 0x2228, 0x2228, 0x2207, 0x2228, 0x22a9, 0x232a,
0x1a88, 0x0944, 0x08e3, 0x08a2, 0x08a2, 0x08a2, 0x10e4, 0x10e3, 0x10e4, 0x1124,
0x1145, 0x1125, 0x1a89, 0x2c0f, 0x2b0c, 0x08c3, 0x0020, 0x0882, 0x10e4, 0x0882,
0x0882, 0x0882, 0x0882, 0x0882, 0x0062, 0x0041, 0x1104, 0x0882, 0x0062, 0x0882,
0x0882, 0x0062, 0x0041, 0x0882, 0x226a, 0x230b, 0x08c2, 0x0882, 0x08a2, 0x1124,
0x1124, 0x10c3, 0x0882, 0x0923, 0x1206, 0x1a27, 0x1165, 0x0904, 0x0904, 0x08e3,
0x0904, 0x00c2, 
0x0862, 0x0863, 0x1083, 0x1084, 0x0863, 0x0863, 0x0863, 0x0863, 0x0862, 0x0842,
0x0842, 0x0842, 0x0842, 0x1083, 0x18e6, 0x60cb, 0x2928, 0x1988, 0x2189, 0x21ca,
0x21eb, 0x2a0b, 0x2a4d, 0x2a2c, 0x2a2c, 0x2a4d, 0x2a4d, 0x2a2c, 0x2188, 0x1906,
0x1946, 0x21a8, 0x2188, 0x1967, 0x1967, 0x21a9, 0x2188, 0x1967, 0x21a9, 0x2188,
0x1926, 0x1946, 0x21ca, 0x2a0b, 0x2a0b, 0x2a2c, 0x2a4d, 0x2a4d, 0x2a6d, 0x2a2c,
0x2a2c, 0x2a2c, 0x21eb, 0x21aa, 0x1968, 0x1927, 0x60eb, 0x30c7, 0x08a4, 0x0843,
0x0842, 0x0842, 0x0842, 0x0842, 0x0862, 0x1083, 0x0842, 0x0842, 0x0842, 0x10a4,
0x1083, 0x1083, 0x2945, 0x18e4, 0x10a2, 0x18c3, 0x18c3, 0x2104, 0x2104, 0x18e4,
0x2104, 0x2945, 0x2104, 0x1082, 0x18c3, 0x2104, 0x2104, 0x2924, 0x2104, 0x2104,
0x2104, 0x3165, 0x2105, 0x2125, 0x2125, 0x20e3, 0x1083, 0x2148, 0x2189, 0x2168,
0x1906, 0x18e5, 0x1927, 0x1906, 0x1083, 0x18e5, 0x18e5, 0x8bee, 0xa4b1, 0x9c90,
0xa4b1, 0x942f, 0x18e4, 0x18e5, 0x10a4, 0x1906, 0x2168, 0x10c4, 0x10a4, 0x10a4,
0x10c5, 0x0862, 0x10a2, 0x2104, 0x2125, 0x2104, 0x3145, 0x2104, 0x2104, 0x2104,
0x2924, 0x2125, 0x2125, 0x2104, 0x10a2, 0x2924, 0x2104, 0x2104, 0x3165, 0x20e4,
0x18e4, 0x18c3, 0x10a2, 0x2945, 0x18e4, 0x1165, 0x19a7, 0x2306, 0x19e5, 0x1166,
0x1a28, 0x19c7, 0x08c3, 0x1124, 0x1145, 0x19c7, 0x2b8c, 0x346e, 0x348e, 0x34af,
0x34cf, 0x348f, 0x344e, 0x348f, 0x34cf, 0x34ef, 0x3510, 0x34af, 0x346e, 0x22ca,
0x2aeb, 0x338e, 0x336d, 0x2b4d, 0x21e7, 0x2104, 0x29a6, 0x29a6, 0x29a6, 0x29c7,
0x29a7, 0x2986, 0x2986, 0x2966, 0x1945, 0x2b0c, 0x336d, 0x33ae, 0x33ce, 0x33ae,
0x33ae, 0x33ce, 0x2acb, 0x29a7, 0x3208, 0x3268, 0x3288, 0x3be9, 0x32e9, 0x3ba9,
0x3287, 0x29e7, 0x29a6, 0x2166, 0x1186, 0x1145, 0x08e4, 0x08e4, 0x1a08, 0x19e7,
0x1187, 0x1a65, 0x1a86, 0x19c8, 0x1104, 0x1904, 0xecfe, 0xf4ff, 0xf41f, 0xe3fd,
0xb33a, 0x92b9, 0x9279, 0x7256, 0x5c39, 0x657c, 0x52b5, 0x4971, 0x4910, 0x41d0,
0x5191, 0x5973, 0x30aa, 0x30ca, 0x312c, 0x30ec, 0x30ab, 0x2889, 0x1845, 0x2046,
0x20ea, 0x59d2, 0x496f, 0x1887, 0x1825, 0x2a2e, 0x20c9, 0x2048, 0x2088, 0x1846,
0x28ea, 0x20a9, 0x2067, 0x1887, 0x20c8, 0x2068, 0x1805, 0x29cd, 0x2109, 0x1804,
0x20c9, 0x61d3, 0x49f1, 0x20c8, 0x20a8, 0x28a9, 0x30cb, 0x30cb, 0x30aa, 0x30cb,
0x28aa, 0x4190, 0x59f3, 0x49d1, 0x51f3, 0x4c18, 0x5c79, 0x7bf9, 0x71d5, 0x8937,
0x8136, 0x99d7, 0xc29b, 0xd2fc, 0xfc9f, 0xfd3f, 0xecde, 0xdbfc, 0x29a6, 0x2986,
0x2986, 0x2966, 0x2966, 0x2945, 0x2104, 0x1082, 0x1062, 0x1082, 0x1882, 0x1041,
0x0821, 0x0841, 0x1062, 0x1062, 0x0862, 0x1062, 0x20c3, 0x39a6, 0x3124, 0x28c2,
0x28e3, 0x30e3, 0x3103, 0x3103, 0x3103, 0x3924, 0x3103, 0x1882, 0x20e4, 0x31a7,
0x3a08, 0x18e4, 0x10a3, 0x2125, 0x1904, 0x2104, 0x2104, 0x2104, 0x1904, 0x1904,
0x18e4, 0x18e4, 0x18c4, 0x18c3, 0x1062, 0x2104, 0x2945, 0x20e4, 0x1062, 0x0821,
0x1882, 0x28e3, 0x3124, 0x3124, 0x3944, 0x3124, 0x3103, 0x3103, 0x3103, 0x20a2,
0x3103, 0x28e3, 0x28e3, 0x20c3, 0x0862, 0x1082, 0x18c3, 0x2966, 0x2986, 0x2966,
0x1082, 0x0862, 0x0862, 0x0841, 0x0882, 0x1083, 0x10a3, 0x18c4, 0x18e4, 0x18e4,
0x18e4, 0x18e4, 0x18e3, 0x51e5, 0x2104, 0x18e4, 0x18e4, 0x18e4, 0x2125, 0x18e4,
0x0861, 0x18e3, 0x18e3, 0x1904, 0x0861, 0x0861, 0x1082, 0x1082, 0x10a2, 0x2145,
0x2124, 0x2125, 0x2145, 0x10a2, 0x10c3, 0x1904, 0x1904, 0x1904, 0x2105, 0x2125,
0x2125, 0x1905, 0x6267, 0x5a25, 0x0882, 0x2166, 0x2145, 0x2145, 0x2145, 0x2145,
0x2145, 0x2145, 0x2125, 0x1904, 0x1904, 0x1904, 0x18e4, 0x18c4, 0x10a3, 0x0882,
0x1082, 0x0861, 0x0861, 0x10a3, 0x10a3, 0x1082, 0x0882, 0x0882, 0x0882, 0x10a3,
0x18c4, 0x18e4, 0x18a3, 0x1082, 0x1062, 0x1062, 0x1062, 0x1062, 0x18a2, 0x18c3,
0x18a3, 0x18a3, 0x18a3, 0x18a3, 0x18c3, 0x1062, 0x2986, 0x5c10, 0x3a49, 0x1882,
0x20e4, 0x20e4, 0x20e4, 0x20e4, 0x2104, 0x2104, 0x2104, 0x2925, 0x2925, 0x20e3,
0x20e3, 0x20c3, 0x20c3, 0x20c3, 0x20c3, 0x20c3, 0x20c3, 0x20c3, 0x20c3, 0x20c3,
0x20c3, 0x20c3, 0x20c3, 0x20c3, 0x18c3, 0x18c3, 0x20e3, 0x2925, 0x2124, 0x2104,
0x2104, 0x2104, 0x20e4, 0x20e4, 0x20e4, 0x20e3, 0x1882, 0x4aeb, 0x5bf0, 0x2104,
0x1062, 0x18c3, 0x18a3, 0x18a3, 0x18a3, 0x18a3, 0x18a3, 0x1082, 0x1062, 0x1062,
0x1082, 0x1062, 0x1082, 0x10a2, 0x2906, 0x814d, 0x1042, 0x0862, 0x1062, 0x10a3,
0x10a3, 0x18c4, 0x0841, 0x0862, 0x0862, 0x0862, 0x48c9, 0x3887, 0x1884, 0x10a3,
0x10c3, 0x20e5, 0x28c6, 0x3350, 0x3c74, 0x2b6f, 0x2927, 0x2147, 0x1905, 0x2126,
0x1925, 0x0020, 0x0842, 0x1083, 0x10a3, 0x10a3, 0x10a3, 0x10a3, 0x0862, 0x1083,
0x10c4, 0x10a3, 0x10a3, 0x0862, 0x0841, 0x0841, 0x0841, 0x18c4, 0x10a3, 0x10a3,
0x2146, 0x2146, 0x20e5, 0x29e9, 0x2cb4, 0x33d1, 0x334f, 0x4109, 0x3107, 0x10e4,
0x2147, 0x514c, 0x70ed, 0x58aa, 0x28c6, 0x10c3, 0x10c3, 0x10a3, 0x1083, 0x1062,
0x1082, 0x0862, 0x0861, 0x10a3, 0x10a4, 0x2126, 0x33b0, 0x3c53, 0x3cd5, 0x3cf5,
0x44b5, 0x4433, 0x4bb1, 0x4aef, 0x522c, 0x6a4d, 0x5a8c, 0x2b8f, 0x3968, 0x51c9,
0x54f5, 0x56db, 0x85b8, 0x94b5, 0x9bf3, 0x7556, 0x6d76, 0x7b0f, 0x726d, 0x728d,
0x6a6d, 0x6a6d, 0x6a6d, 0x7a4d, 0x630f, 0x332e, 0x18c4, 0x0842, 0x0821, 0x0842,
0x0841, 0x0821, 0x1042, 0x28a4, 0x4127, 0x59aa, 0x6a0b, 0x722c, 0x72ce, 0x5cb4,
0x7350, 0x82ef, 0x6cb5, 0x6557, 0x8453, 0x7d16, 0x7598, 0x9c13, 0xa3f3, 0xac13,
0xac33, 0xb495, 0xb495, 0x9bf2, 0x626d, 0x4a4c, 0x324b, 0x5189, 0x50c8, 0x48c7,
0x48a7, 0x48a7, 0x40a6, 0x3885, 0x3085, 0x3084, 0x2864, 0x2864, 0x4944, 0x7a27,
0x92a8, 0x8ae9, 0x8470, 0x75d7, 0x5c30, 0x20c4, 0x3187, 0x39c8, 0x422a, 0x4a8b,
0x52cc, 0x7370, 0x7b70, 0xe2b7, 0xba73, 0x62cd, 0x5aad, 0x4a6b, 0x424a, 0x4209,
0x39c8, 0x2946, 0x20e4, 0x2104, 0x2925, 0x2946, 0x4188, 0x49ca, 0x99d0, 0xf9f9,
0xc1f4, 0x6a2c, 0x6b0e, 0x7c12, 0x8474, 0x8494, 0x7c12, 0x6b90, 0x632e, 0x5b0d,
0x4229, 0x424a, 0x4a4a, 0x4209, 0x39e8, 0x31a7, 0x3187, 0x2946, 0x2105, 0x18c3,
0x18a3, 0x0862, 0x1881, 0x4143, 0x1882, 0x0001, 0x0021, 0x1062, 0x18a3, 0x18e4,
0x2105, 0x2105, 0x0862, 0x0021, 0x3943, 0x7246, 0x7a86, 0x6246, 0x6267, 0x8b69,
0x1966, 0x1104, 0x0041, 0x0020, 0x0061, 0x0061, 0x0041, 0x0082, 0x0904, 0x1104,
0x08c3, 0x0000, 0x1287, 0x230a, 0x21c7, 0x2207, 0x2289, 0x2b4b, 0x2309, 0x11a5,
0x0862, 0x08a2, 0x19a6, 0x1165, 0x08e3, 0x08e3, 0x08a2, 0x1104, 0x10e3, 0x1104,
0x1124, 0x1145, 0x1125, 0x2228, 0x33ef, 0x2aec, 0x08c3, 0x0000, 0x08a3, 0x10c3,
0x0061, 0x0862, 0x0862, 0x0862, 0x0041, 0x0862, 0x10c3, 0x0041, 0x0061, 0x0061,
0x0041, 0x0041, 0x0020, 0x1145, 0x2b2d, 0x1a89, 0x0061, 0x08c3, 0x0882, 0x0882,
0x08a2, 0x10e4, 0x1104, 0x10c3, 0x0882, 0x0882, 0x0904, 0x08e3, 0x08c3, 0x08a3,
0x08c3, 0x0082, 
0x0863, 0x0863, 0x1083, 0x1083, 0x0842, 0x10a3, 0x0883, 0x0842, 0x0862, 0x0821,
0x0842, 0x0863, 0x1083, 0x10c5, 0x1106, 0x40e8, 0x3129, 0x1988, 0x21aa, 0x21eb,
0x2a2c, 0x2a4d, 0x2a6d, 0x2a6e, 0x2a8e, 0x2a6e, 0x2a4d, 0x2a0b, 0x21ea, 0x1926,
0x1905, 0x2167, 0x2187, 0x1946, 0x1926, 0x2147, 0x1926, 0x1926, 0x2167, 0x1947,
0x1905, 0x1967, 0x29eb, 0x2a0b, 0x2a2c, 0x2a6e, 0x2a8e, 0x2a8e, 0x2a6e, 0x2a6d,
0x2a6e, 0x2a4d, 0x21eb, 0x21ca, 0x1968, 0x2168, 0x40e9, 0x1906, 0x10c5, 0x1083,
0x0863, 0x0821, 0x0822, 0x0822, 0x0862, 0x0842, 0x0842, 0x10a4, 0x0842, 0x1083,
0x1083, 0x1083, 0x2104, 0x2104, 0x1082, 0x18c3, 0x18c3, 0x2104, 0x2124, 0x18e4,
0x20e4, 0x2944, 0x2125, 0x18c3, 0x10a2, 0x2104, 0x2104, 0x2924, 0x2104, 0x2104,
0x2104, 0x2945, 0x2925, 0x2104, 0x2125, 0x20e3, 0x1082, 0x10c5, 0x2127, 0x2189,
0x2147, 0x10c5, 0x18c5, 0x1906, 0x10c4, 0x10a3, 0x10c5, 0x5aaa, 0xacd1, 0x9c70,
0xa4d1, 0x6aeb, 0x0884, 0x18e5, 0x10e5, 0x2169, 0x18e5, 0x10a4, 0x10c5, 0x18e5,
0x1906, 0x0883, 0x10a2, 0x2104, 0x2104, 0x2124, 0x2944, 0x18e4, 0x20e4, 0x2104,
0x2924, 0x2104, 0x2105, 0x18c3, 0x18c2, 0x2925, 0x20e4, 0x2104, 0x2945, 0x18e4,
0x18e3, 0x10a2, 0x10a3, 0x2944, 0x10c3, 0x1166, 0x1a07, 0x2b66, 0x11a6, 0x1165,
0x19a7, 0x11a6, 0x08c3, 0x08e4, 0x1145, 0x19e7, 0x33ed, 0x342d, 0x342e, 0x342d,
0x340d, 0x344e, 0x344e, 0x346e, 0x34af, 0x3caf, 0x346e, 0x342e, 0x340d, 0x1a28,
0x2b4d, 0x336d, 0x336d, 0x2b2c, 0x1986, 0x2145, 0x2986, 0x2986, 0x29a6, 0x2986,
0x2986, 0x2986, 0x2986, 0x2986, 0x1904, 0x22ab, 0x2b4d, 0x338e, 0x33ae, 0x33ae,
0x338e, 0x33ae, 0x2b0c, 0x2186, 0x31e7, 0x31e8, 0x31a7, 0x3be9, 0x3bc9, 0x33c9,
0x29e7, 0x2986, 0x29a6, 0x2165, 0x1186, 0x1125, 0x08c3, 0x08e4, 0x19c7, 0x11a6,
0x1186, 0x19e6, 0x2326, 0x11a7, 0x1124, 0x10c3, 0xebfe, 0xaa19, 0x89b6, 0x7153,
0x81b7, 0x8278, 0x59f3, 0x5993, 0x5254, 0x4d19, 0x3ad3, 0x3a32, 0x41f1, 0x414f,
0x30ab, 0x30cb, 0x30cb, 0x28ca, 0x290b, 0x310b, 0x28a9, 0x28a9, 0x2868, 0x2068,
0x20c9, 0x40ed, 0x314c, 0x31ae, 0x290b, 0x28ca, 0x2047, 0x2047, 0x20a8, 0x2088,
0x20c9, 0x20c9, 0x28a9, 0x20a9, 0x20a8, 0x2087, 0x1826, 0x2088, 0x28c9, 0x292c,
0x29ad, 0x392d, 0x40ed, 0x20c9, 0x28ea, 0x28a9, 0x30ca, 0x310c, 0x30ec, 0x30eb,
0x31ce, 0x31ef, 0x312c, 0x416f, 0x54fa, 0x53b7, 0x5ab5, 0x4211, 0x41b1, 0x5192,
0x7113, 0x7915, 0x8196, 0x8176, 0xa1d9, 0xc29b, 0xec7e, 0xd69f, 0x2145, 0x2966,
0x2946, 0x2145, 0x2145, 0x2145, 0x18e4, 0x10a3, 0x18c3, 0x1083, 0x0862, 0x39a6,
0x10a3, 0x0821, 0x0841, 0x0841, 0x1062, 0x28c3, 0x28c3, 0x2904, 0x3124, 0x20c2,
0x28c3, 0x30e3, 0x30e3, 0x3103, 0x28e3, 0x1882, 0x1062, 0x1082, 0x1083, 0x2945,
0x18e4, 0x1082, 0x52ec, 0x4aec, 0x424a, 0x426a, 0x426a, 0x4229, 0x3a09, 0x3a09,
0x39e8, 0x31a7, 0x31a7, 0x39c8, 0x2945, 0x1082, 0x18c3, 0x1082, 0x18c3, 0x0841,
0x18a2, 0x28e3, 0x3124, 0x3124, 0x3944, 0x3104, 0x3944, 0x3124, 0x28e3, 0x20a2,
0x28e3, 0x3124, 0x3944, 0x20a2, 0x0862, 0x1082, 0x2125, 0x2966, 0x2145, 0x2145,
0x10c3, 0x0841, 0x0862, 0x0841, 0x0882, 0x1082, 0x10a3, 0x10c3, 0x18e4, 0x18e4,
0x18e4, 0x18e4, 0x10c3, 0x41a4, 0x2124, 0x10c4, 0x18e4, 0x18c4, 0x2105, 0x18e4,
0x0861, 0x18e3, 0x10c3, 0x1904, 0x1082, 0x0841, 0x1082, 0x0861, 0x1904, 0x2124,
0x2124, 0x2124, 0x1924, 0x0882, 0x18e4, 0x1904, 0x18e4, 0x1904, 0x1904, 0x1904,
0x1904, 0x2945, 0x72c7, 0x20e2, 0x18e4, 0x2145, 0x2145, 0x2145, 0x2125, 0x2125,
0x2125, 0x2125, 0x2125, 0x1904, 0x1904, 0x1904, 0x18c4, 0x10a3, 0x10a3, 0x0882,
0x0882, 0x0841, 0x0861, 0x1082, 0x0862, 0x0862, 0x0862, 0x0882, 0x10a3, 0x18e4,
0x18e4, 0x18e4, 0x2945, 0x18e3, 0x1882, 0x1082, 0x1062, 0x1062, 0x18a2, 0x18c3,
0x18a3, 0x18a3, 0x18a3, 0x18c3, 0x18c3, 0x18c3, 0x1882, 0x20e4, 0x5bcf, 0x4b0c,
0x1882, 0x20c3, 0x20e4, 0x20e3, 0x20e3, 0x20e4, 0x2104, 0x2925, 0x20e4, 0x20c3,
0x20c3, 0x20c3, 0x20c3, 0x20c3, 0x20c3, 0x20c3, 0x20c3, 0x20c3, 0x20c3, 0x20c3,
0x20c3, 0x20c3, 0x20c3, 0x18c3, 0x18c3, 0x20c3, 0x18c3, 0x2104, 0x2124, 0x2104,
0x20e4, 0x20e3, 0x20e4, 0x2104, 0x18c3, 0x18c3, 0x538e, 0x536e, 0x18a3, 0x1882,
0x18c3, 0x18a3, 0x18a3, 0x18a3, 0x18a3, 0x18a3, 0x18a3, 0x10a2, 0x1062, 0x1082,
0x1082, 0x1082, 0x18c3, 0x2945, 0x696c, 0x792d, 0x1863, 0x0862, 0x0862, 0x10a3,
0x18e5, 0x10a3, 0x0021, 0x0841, 0x0041, 0x38a7, 0x38a7, 0x0081, 0x18a4, 0x20e6,
0x2106, 0x2106, 0x20c5, 0x2aed, 0x2c73, 0x3453, 0x324c, 0x2147, 0x2106, 0x2146,
0x10a3, 0x0021, 0x0862, 0x10a3, 0x10a3, 0x10a3, 0x10c3, 0x10a3, 0x1082, 0x10c4,
0x10a3, 0x10a3, 0x1083, 0x1083, 0x0862, 0x10a3, 0x1083, 0x2147, 0x18e4, 0x10a3,
0x2126, 0x2126, 0x29a8, 0x2cd4, 0x32ad, 0x34b4, 0x33d1, 0x2126, 0x3168, 0x418a,
0x3107, 0x08a3, 0x08a3, 0x40c8, 0x68cc, 0x588a, 0x2885, 0x0882, 0x1083, 0x0862,
0x0862, 0x0841, 0x0841, 0x1082, 0x18a4, 0x2126, 0x3cf5, 0x3d16, 0x3cd5, 0x4433,
0x4370, 0x42ce, 0x4a2c, 0x51ab, 0x5929, 0x698b, 0x6a4c, 0x324b, 0x338f, 0x31c9,
0x41c9, 0x528d, 0x728d, 0x8330, 0x7aef, 0x82cf, 0x6432, 0x4d35, 0x632f, 0x6a2c,
0x6a4d, 0x6a2c, 0x59ca, 0x3127, 0x1863, 0x0801, 0x0842, 0x1062, 0x1042, 0x1042,
0x1042, 0x1042, 0x0842, 0x0821, 0x0821, 0x1062, 0x28c5, 0x4968, 0x4bf1, 0x632f,
0x722c, 0x63b1, 0x54f5, 0x72ce, 0x726d, 0x7a8e, 0x7433, 0x6d97, 0x7d16, 0x7cf5,
0x8c94, 0x8bb1, 0x6ace, 0x520b, 0x51aa, 0x4370, 0x426c, 0x724d, 0x50a8, 0x50c8,
0x48c7, 0x48a7, 0x40a6, 0x3885, 0x3085, 0x2864, 0x2864, 0x2064, 0x4924, 0x7207,
0x8a88, 0x7a88, 0x7491, 0x86ba, 0x31e8, 0x2105, 0x3187, 0x39e8, 0x422a, 0x4a8b,
0x52cc, 0x6b4f, 0x73d1, 0xaa72, 0xd1d5, 0x520b, 0x524b, 0x4209, 0x39e9, 0x39c8,
0x3187, 0x2105, 0x20e4, 0x2105, 0x2925, 0x3947, 0x4188, 0x9990, 0xf9d9, 0x89cf,
0x524b, 0x5aed, 0x632f, 0x7412, 0x8cf6, 0x8cf6, 0x8494, 0x7c32, 0x6b90, 0x4a6b,
0x52ab, 0x52cc, 0x4a4a, 0x4209, 0x39c8, 0x31a7, 0x2966, 0x2925, 0x20e4, 0x18c3,
0x1083, 0x1083, 0x0841, 0x30e2, 0x30e2, 0x0841, 0x0000, 0x0862, 0x10a3, 0x18c3,
0x2104, 0x2925, 0x18e4, 0x20e4, 0x0842, 0x18c2, 0x51c5, 0x7a86, 0x9b89, 0xc4cb,
0x0882, 0x0020, 0x0021, 0x0041, 0x0862, 0x0882, 0x0061, 0x0041, 0x08e3, 0x1145,
0x1125, 0x0882, 0x08c2, 0x242c, 0x22ea, 0x232a, 0x1ae9, 0x0985, 0x0882, 0x0882,
0x1104, 0x1965, 0x1124, 0x10e4, 0x08a2, 0x1125, 0x08c3, 0x08c3, 0x1104, 0x10e4,
0x1124, 0x1145, 0x1165, 0x1145, 0x2269, 0x3450, 0x2acb, 0x1104, 0x0061, 0x0882,
0x0882, 0x0882, 0x0882, 0x08a2, 0x08a3, 0x1104, 0x1104, 0x08e3, 0x08e4, 0x0904,
0x1104, 0x1124, 0x1166, 0x226a, 0x2bef, 0x1185, 0x0862, 0x08a2, 0x08c3, 0x10e3,
0x10c3, 0x08a2, 0x08a2, 0x10e4, 0x10e3, 0x0882, 0x1104, 0x08c3, 0x08a2, 0x0882,
0x08a3, 0x0061, 
0x0863, 0x0883, 0x0863, 0x1083, 0x0842, 0x10a3, 0x10a4, 0x0822, 0x0842, 0x0021,
0x0842, 0x1063, 0x1083, 0x10c5, 0x1906, 0x1947, 0x1988, 0x1989, 0x21ca, 0x222c,
0x2a6e, 0x2a8e, 0x2aaf, 0x2acf, 0x2aaf, 0x2aaf, 0x2a6d, 0x2a0b, 0x21ca, 0x1947,
0x10e4, 0x1947, 0x2167, 0x1105, 0x10e5, 0x1926, 0x1105, 0x1105, 0x1946, 0x1926,
0x10e4, 0x1967, 0x2a0b, 0x2a2c, 0x2a6d, 0x2aaf, 0x2acf, 0x2ad0, 0x2aaf, 0x2aaf,
0x2a8e, 0x2a4d, 0x2a0c, 0x21ca, 0x1988, 0x1968, 0x1147, 0x1906, 0x10c5, 0x1084,
0x0863, 0x0842, 0x0021, 0x0821, 0x0842, 0x0021, 0x0863, 0x10c4, 0x0842, 0x0863,
0x1083, 0x0862, 0x20e3, 0x2104, 0x10a2, 0x10a3, 0x18c3, 0x18e3, 0x2124, 0x18e4,
0x18e4, 0x2924, 0x2104, 0x18e4, 0x1082, 0x18e4, 0x2104, 0x2104, 0x2924, 0x2104,
0x2104, 0x2104, 0x3145, 0x2104, 0x2105, 0x20e4, 0x1082, 0x1083, 0x10c4, 0x1926,
0x2169, 0x1906, 0x10a4, 0x10c4, 0x18e5, 0x10a3, 0x10a4, 0x3187, 0x9c70, 0x9c90,
0xa490, 0x3186, 0x10a4, 0x10c4, 0x2168, 0x1927, 0x18e5, 0x18e5, 0x1906, 0x1927,
0x2148, 0x0883, 0x10a2, 0x20e4, 0x18e4, 0x2944, 0x2104, 0x18e4, 0x18e4, 0x2104,
0x2104, 0x20e4, 0x2104, 0x1082, 0x20e3, 0x2924, 0x18e4, 0x2124, 0x2944, 0x18e4,
0x18c3, 0x1082, 0x10a3, 0x2945, 0x1124, 0x1125, 0x1a66, 0x2306, 0x19e8, 0x1165,
0x1145, 0x1186, 0x08c3, 0x08e3, 0x1145, 0x1a48, 0x33ed, 0x340d, 0x33ed, 0x33ed,
0x346e, 0x342d, 0x340d, 0x340d, 0x33ed, 0x340d, 0x342d, 0x340d, 0x2b8c, 0x1a28,
0x336d, 0x334d, 0x2b4d, 0x2aeb, 0x1925, 0x2966, 0x2986, 0x29a6, 0x2986, 0x2986,
0x2986, 0x2986, 0x2986, 0x29a6, 0x2104, 0x2249, 0x2b2c, 0x336d, 0x338e, 0x338e,
0x338d, 0x338e, 0x2b2c, 0x2186, 0x29c7, 0x31e7, 0x31c7, 0x3227, 0x3267, 0x2a07,
0x29a6, 0x2986, 0x2986, 0x2165, 0x1966, 0x1145, 0x08a3, 0x08e4, 0x1186, 0x1165,
0x1186, 0x19e8, 0x22e5, 0x11a5, 0x1125, 0x1104, 0xba7a, 0xa1f8, 0x7914, 0x8937,
0x7113, 0x58b0, 0x4970, 0x42b3, 0x3210, 0x3c16, 0x3b74, 0x314e, 0x41b0, 0x30cb,
0x28a9, 0x2889, 0x28ca, 0x30cb, 0x312c, 0x28ea, 0x2888, 0x2889, 0x28a9, 0x31ef,
0x310c, 0x30eb, 0x2067, 0x28ea, 0x31ae, 0x3a30, 0x31ef, 0x31ce, 0x3b53, 0x31ce,
0x30ab, 0x30cc, 0x30ec, 0x28ab, 0x328f, 0x32d1, 0x31ae, 0x3a30, 0x3a30, 0x316c,
0x20a8, 0x1826, 0x312c, 0x310c, 0x31ce, 0x292b, 0x28a9, 0x290b, 0x310c, 0x3a71,
0x3230, 0x28eb, 0x28cb, 0x4cb8, 0x4bd6, 0x4a73, 0x41f0, 0x308a, 0x30eb, 0x39af,
0x41d1, 0x5931, 0x6953, 0x7975, 0x69b6, 0x747b, 0x865e, 0x8c7c, 0x18c3, 0x2104,
0x2145, 0x2145, 0x2125, 0x2145, 0x2104, 0x2104, 0x18e4, 0x10a3, 0x1082, 0x6288,
0x31c6, 0x0001, 0x1062, 0x1882, 0x20a2, 0x20c2, 0x20a2, 0x20c3, 0x3124, 0x28e3,
0x28c2, 0x28c3, 0x28c3, 0x20a2, 0x1062, 0x1082, 0x18a3, 0x2104, 0x20e4, 0x1082,
0x18a3, 0x31a7, 0x424a, 0x39e8, 0x39c8, 0x31a8, 0x31a7, 0x31a7, 0x3187, 0x3187,
0x2966, 0x2966, 0x2966, 0x3187, 0x3186, 0x18e4, 0x10a3, 0x20e4, 0x18c4, 0x0861,
0x18a2, 0x28e3, 0x3124, 0x3103, 0x28e3, 0x3924, 0x4184, 0x3944, 0x28e3, 0x1882,
0x20c2, 0x3123, 0x3103, 0x1062, 0x0862, 0x18c3, 0x2125, 0x2145, 0x2104, 0x2945,
0x18e4, 0x0882, 0x0841, 0x0841, 0x0882, 0x1082, 0x1083, 0x10a3, 0x10c3, 0x18c4,
0x18e4, 0x18e4, 0x10c3, 0x3963, 0x2924, 0x10a3, 0x18c3, 0x10c3, 0x1904, 0x18c3,
0x0841, 0x10c3, 0x10c3, 0x1904, 0x10c3, 0x0841, 0x0861, 0x10a2, 0x2124, 0x1904,
0x1924, 0x2124, 0x18c3, 0x0882, 0x18e4, 0x18e4, 0x18e4, 0x18e4, 0x18e4, 0x1904,
0x10e4, 0x5206, 0x51e5, 0x0882, 0x2125, 0x2125, 0x2125, 0x2125, 0x2125, 0x2125,
0x2125, 0x2125, 0x1904, 0x1904, 0x1904, 0x18e4, 0x18c3, 0x10a3, 0x1082, 0x1082,
0x0862, 0x0821, 0x0841, 0x0862, 0x0862, 0x0862, 0x0882, 0x10c3, 0x18e4, 0x18e4,
0x18c4, 0x10c3, 0x2104, 0x18a2, 0x18a2, 0x1082, 0x1082, 0x1082, 0x18a3, 0x18c3,
0x18a3, 0x18a3, 0x18a3, 0x18a3, 0x18c3, 0x18c3, 0x18c3, 0x18a2, 0x1882, 0x4b2c,
0x53ae, 0x2104, 0x18a2, 0x18c3, 0x18c3, 0x20e4, 0x2104, 0x2104, 0x20c3, 0x20c3,
0x20c3, 0x20c3, 0x20e3, 0x20e3, 0x20c3, 0x20e3, 0x20e3, 0x20c3, 0x20c3, 0x20c3,
0x20e3, 0x20e3, 0x20c3, 0x20c3, 0x18c3, 0x18c3, 0x18c3, 0x18c3, 0x2104, 0x2104,
0x20e3, 0x18a3, 0x18a2, 0x1882, 0x2945, 0x6410, 0x42ab, 0x1061, 0x18a3, 0x18c3,
0x18c3, 0x10a3, 0x18c3, 0x18c3, 0x18a3, 0x18a3, 0x18a3, 0x18a2, 0x1082, 0x1082,
0x1082, 0x18a2, 0x18a3, 0x2104, 0x5109, 0x1082, 0x1062, 0x0862, 0x0862, 0x1062,
0x10a3, 0x1083, 0x0841, 0x0020, 0x1063, 0x3887, 0x0841, 0x19e8, 0x1a8b, 0x1884,
0x18c5, 0x2147, 0x2aed, 0x32ad, 0x2c53, 0x2bd1, 0x2aac, 0x2126, 0x2126, 0x2167,
0x0841, 0x0841, 0x1082, 0x10a3, 0x10a3, 0x10a3, 0x10c4, 0x1082, 0x10a3, 0x10c4,
0x10a3, 0x10a3, 0x10a3, 0x10a3, 0x0862, 0x10a3, 0x10a3, 0x2147, 0x10a3, 0x18c4,
0x20e5, 0x21a8, 0x34f5, 0x32ce, 0x3494, 0x3494, 0x3168, 0x2988, 0x2147, 0x2147,
0x2947, 0x3148, 0x28a5, 0x1082, 0x0081, 0x2885, 0x58aa, 0x50aa, 0x0882, 0x0862,
0x0841, 0x0841, 0x0862, 0x10a3, 0x1905, 0x2105, 0x3cb4, 0x3c32, 0x3b70, 0x3aad,
0x420b, 0x498a, 0x4949, 0x5108, 0x5908, 0x60e9, 0x6a2c, 0x29c9, 0x328c, 0x3bd0,
0x3b6f, 0x3107, 0x28c5, 0x61eb, 0x726d, 0x6a4c, 0x720c, 0x6350, 0x4515, 0x4b0e,
0x3907, 0x20a4, 0x18a4, 0x0842, 0x0842, 0x1083, 0x1883, 0x1883, 0x1042, 0x1063,
0x28e5, 0x28c5, 0x2084, 0x1863, 0x1062, 0x0841, 0x1083, 0x0842, 0x1083, 0x2083,
0x3947, 0x3b6f, 0x626c, 0x6a0b, 0x6a2c, 0x6a4d, 0x63f2, 0x5536, 0x6453, 0x5cf5,
0x5473, 0x3167, 0x4168, 0x428d, 0x3bb0, 0x3b90, 0x4a2b, 0x69cb, 0x50a7, 0x50c7,
0x48a7, 0x40a6, 0x3885, 0x3085, 0x3084, 0x2864, 0x2864, 0x2063, 0x4924, 0x71e6,
0x7a27, 0x51c6, 0x6db6, 0x6d75, 0x18a3, 0x2946, 0x3187, 0x39c8, 0x4209, 0x4a4a,
0x528b, 0x52cc, 0x630e, 0x7a8e, 0xd994, 0x618b, 0x41e9, 0x39c8, 0x31a7, 0x3187,
0x2946, 0x20e4, 0x20e4, 0x2105, 0x3126, 0x3147, 0x816e, 0xe997, 0x69ac, 0x4a4a,
0x5aac, 0x5acd, 0x632e, 0x6bd1, 0x8494, 0x8cf5, 0x84b4, 0x7c73, 0x5aed, 0x52ac,
0x634e, 0x52ac, 0x4a6a, 0x4209, 0x39c8, 0x3187, 0x2946, 0x2105, 0x18c4, 0x18a3,
0x1082, 0x1082, 0x0841, 0x1061, 0x30e2, 0x20a2, 0x0020, 0x0841, 0x1083, 0x10a3,
0x20e4, 0x20e4, 0x2925, 0x3166, 0x2104, 0x0842, 0x0862, 0x3943, 0x51a4, 0x4163,
0x0021, 0x0041, 0x0041, 0x0041, 0x0882, 0x08a2, 0x0882, 0x0041, 0x0882, 0x1145,
0x1165, 0x1124, 0x0862, 0x11e6, 0x1b09, 0x0944, 0x0862, 0x0882, 0x1104, 0x1945,
0x1124, 0x10c3, 0x0882, 0x0061, 0x08c3, 0x1145, 0x1986, 0x08e4, 0x10e3, 0x1104,
0x1104, 0x1145, 0x1145, 0x1145, 0x1125, 0x22aa, 0x3cb1, 0x338e, 0x226a, 0x228a,
0x2acb, 0x2acb, 0x2aec, 0x2aec, 0x2aec, 0x2aec, 0x2b0c, 0x2aec, 0x2aec, 0x2aec,
0x2aec, 0x2aec, 0x2aec, 0x2acb, 0x22eb, 0x08c3, 0x0882, 0x0882, 0x10e3, 0x10e4,
0x1104, 0x1924, 0x10c3, 0x0862, 0x0882, 0x08a2, 0x08c3, 0x08c3, 0x08a2, 0x0882,
0x08c3, 0x0882, 
0x0863, 0x0883, 0x0883, 0x0821, 0x0842, 0x0883, 0x1083, 0x0842, 0x0821, 0x0021,
0x0842, 0x1063, 0x10a4, 0x10c5, 0x1906, 0x1947, 0x1988, 0x19a9, 0x21ea, 0x2a4c,
0x2a6e, 0x2a8e, 0x2acf, 0x2ad0, 0x2acf, 0x2aaf, 0x2a4d, 0x29eb, 0x21ca, 0x1947,
0x10e4, 0x20e6, 0x40c8, 0x48c8, 0x50e9, 0x50ea, 0x58eb, 0x58ea, 0x48e9, 0x20e6,
0x10e5, 0x1968, 0x21ca, 0x220b, 0x2a6d, 0x2a8e, 0x2aaf, 0x2af0, 0x2ad0, 0x2acf,
0x2a8e, 0x2a6d, 0x2a2c, 0x21ea, 0x19a9, 0x1968, 0x1927, 0x1906, 0x10c5, 0x10a4,
0x1063, 0x0842, 0x0021, 0x0021, 0x0821, 0x0821, 0x10a4, 0x0863, 0x0842, 0x0021,
0x0863, 0x1083, 0x18c3, 0x18e4, 0x10a3, 0x10a2, 0x18c3, 0x18e3, 0x2924, 0x18e4,
0x18e4, 0x2124, 0x2104, 0x2104, 0x10a2, 0x10a3, 0x2104, 0x2104, 0x2924, 0x2104,
0x2104, 0x20e4, 0x2944, 0x2924, 0x2104, 0x20e4, 0x1082, 0x1083, 0x10a4, 0x10a4,
0x1906, 0x2168, 0x18e5, 0x10a4, 0x10c4, 0x10c4, 0x10a3, 0x18e5, 0x7b6c, 0xa4b0,
0x7b6c, 0x10c4, 0x10c4, 0x1927, 0x1947, 0x18e5, 0x1906, 0x2148, 0x2168, 0x2168,
0x1927, 0x0862, 0x10a2, 0x18e4, 0x2104, 0x2944, 0x18e4, 0x18e4, 0x20e4, 0x2124,
0x18e4, 0x2104, 0x18e3, 0x1082, 0x2124, 0x2124, 0x18e4, 0x2124, 0x2924, 0x18c3,
0x18a3, 0x1082, 0x18c3, 0x2945, 0x1145, 0x1125, 0x1a25, 0x1a05, 0x19e8, 0x19c7,
0x1124, 0x1145, 0x08a3, 0x08e3, 0x1165, 0x230a, 0x340d, 0x340d, 0x348e, 0x34ae,
0x344d, 0x34ef, 0x34cf, 0x340d, 0x33cd, 0x33ac, 0x33cc, 0x348e, 0x22ea, 0x2269,
0x334d, 0x332c, 0x2b0c, 0x228a, 0x1904, 0x2986, 0x29a6, 0x29a6, 0x29a6, 0x29a6,
0x29a6, 0x29a6, 0x29a6, 0x29a6, 0x2124, 0x19e7, 0x2b0c, 0x334c, 0x336d, 0x336d,
0x336d, 0x336d, 0x334d, 0x1986, 0x1904, 0x1924, 0x1924, 0x1904, 0x18e4, 0x1904,
0x1904, 0x1904, 0x1904, 0x1904, 0x1165, 0x1166, 0x08c3, 0x08e3, 0x1145, 0x1124,
0x19a6, 0x19c7, 0x1a05, 0x1184, 0x1104, 0x1145, 0xa199, 0x9998, 0x70f3, 0x60d0,
0x6110, 0x4170, 0x31cf, 0x290b, 0x290c, 0x32b1, 0x4d7a, 0x3a51, 0x31ae, 0x290b,
0x30aa, 0x28eb, 0x292c, 0x28ca, 0x296d, 0x292a, 0x2888, 0x2889, 0x3271, 0x314d,
0x314c, 0x296c, 0x28e9, 0x41ad, 0x2868, 0x28c9, 0x31ce, 0x3ad2, 0x4374, 0x43b4,
0x4bd5, 0x43d5, 0x4bf5, 0x4bd5, 0x43d4, 0x4373, 0x3ad2, 0x39ef, 0x30ea, 0x2067,
0x39cd, 0x28c8, 0x20a9, 0x3230, 0x292c, 0x322f, 0x2a0e, 0x296c, 0x3291, 0x3230,
0x292c, 0x318d, 0x3bf5, 0x3c97, 0x31cf, 0x39ae, 0x30eb, 0x28ca, 0x30aa, 0x28a9,
0x294c, 0x3a10, 0x41d0, 0x4b55, 0x5e1c, 0x65bc, 0x7297, 0x6113, 0x2125, 0x2104,
0x2125, 0x2966, 0x2966, 0x2145, 0x2124, 0x18c3, 0x10a3, 0x1082, 0x1082, 0x62ea,
0x534c, 0x1061, 0x20a2, 0x20a2, 0x20a2, 0x20a2, 0x20c2, 0x20a2, 0x28e3, 0x2904,
0x20a2, 0x20a2, 0x1061, 0x0862, 0x18c3, 0x2104, 0x18a3, 0x2925, 0x2945, 0x2946,
0x2986, 0x3187, 0x3a09, 0x3a08, 0x39e8, 0x31a7, 0x3187, 0x3186, 0x3186, 0x2987,
0x3166, 0x3166, 0x3166, 0x31a7, 0x2945, 0x2104, 0x2104, 0x20e4, 0x18c3, 0x0862,
0x20a2, 0x28e3, 0x3103, 0x3924, 0x20c3, 0x3103, 0x3124, 0x3103, 0x18a2, 0x20a2,
0x20a2, 0x3123, 0x3123, 0x0841, 0x1082, 0x18c3, 0x18c3, 0x18e4, 0x2125, 0x2145,
0x10a3, 0x10c3, 0x0861, 0x0020, 0x0882, 0x1083, 0x1082, 0x10a3, 0x10a3, 0x10c3,
0x18c3, 0x18e4, 0x10a3, 0x2923, 0x3144, 0x10a3, 0x10c3, 0x10a3, 0x18e4, 0x18c3,
0x0841, 0x10c3, 0x10c3, 0x10e3, 0x18e3, 0x0841, 0x0861, 0x1904, 0x1904, 0x1904,
0x1904, 0x1904, 0x10a2, 0x1082, 0x18c4, 0x18c4, 0x18c4, 0x18e4, 0x18e4, 0x10c4,
0x2124, 0x6266, 0x18c2, 0x10e4, 0x2125, 0x2125, 0x2125, 0x1905, 0x1905, 0x1905,
0x1905, 0x1905, 0x1904, 0x18e4, 0x18e4, 0x18e4, 0x10a3, 0x1082, 0x0862, 0x0862,
0x0862, 0x0020, 0x0841, 0x0861, 0x0882, 0x10a3, 0x18e4, 0x18e4, 0x10a3, 0x1083,
0x1082, 0x0882, 0x18a3, 0x18a3, 0x18a2, 0x1082, 0x1082, 0x1082, 0x18a3, 0x18c3,
0x18a3, 0x18c3, 0x18a2, 0x40c3, 0x38c3, 0x18c3, 0x18c3, 0x18c3, 0x18c3, 0x1061,
0x3a69, 0x538e, 0x18e4, 0x18c3, 0x20e4, 0x2104, 0x20e3, 0x20c3, 0x20c3, 0x20c3,
0x20c3, 0x20c3, 0x18c3, 0x18a3, 0x18a2, 0x18a2, 0x18a2, 0x18a2, 0x18a2, 0x18a2,
0x18a2, 0x18a2, 0x18a2, 0x18a3, 0x18c3, 0x18c3, 0x18c3, 0x18c3, 0x18e3, 0x20e4,
0x20e4, 0x20e3, 0x18a2, 0x2125, 0x5bf0, 0x3208, 0x1061, 0x18c3, 0x18c3, 0x18c3,
0x18a3, 0x40c3, 0x38c3, 0x18a2, 0x18c3, 0x18a3, 0x18c3, 0x10a2, 0x1082, 0x1082,
0x1082, 0x18a2, 0x18a3, 0x18c3, 0x20c5, 0x2106, 0x1082, 0x0862, 0x0862, 0x0862,
0x1082, 0x1083, 0x0841, 0x0020, 0x2064, 0x1062, 0x1083, 0x2146, 0x2432, 0x222a,
0x2b4e, 0x2c93, 0x3473, 0x326c, 0x2a8c, 0x2c73, 0x2126, 0x2167, 0x2147, 0x2146,
0x0020, 0x0862, 0x10a3, 0x10a3, 0x10a3, 0x10a3, 0x10c4, 0x0862, 0x10c3, 0x10c4,
0x10c4, 0x10c3, 0x10a3, 0x1083, 0x0862, 0x18c4, 0x10a3, 0x2987, 0x10a3, 0x18c4,
0x20e5, 0x21e9, 0x328d, 0x3cf5, 0x3494, 0x324c, 0x328c, 0x3147, 0x2947, 0x2126,
0x2126, 0x20c4, 0x2b2e, 0x29e9, 0x1863, 0x0862, 0x0040, 0x50a9, 0x3086, 0x0061,
0x0841, 0x0021, 0x0862, 0x18c4, 0x18c4, 0x18e5, 0x3b2e, 0x3a6c, 0x39ca, 0x4169,
0x4928, 0x4908, 0x50e8, 0x50e8, 0x50e8, 0x50c8, 0x6149, 0x3a0a, 0x2b2e, 0x3a2b,
0x324b, 0x29c9, 0x2884, 0x3906, 0x61ca, 0x5189, 0x3927, 0x30e5, 0x20e5, 0x10e4,
0x0821, 0x0842, 0x20c4, 0x1883, 0x1883, 0x18a4, 0x20c4, 0x1883, 0x1062, 0x20c5,
0x4168, 0x4148, 0x4147, 0x28c5, 0x1063, 0x1063, 0x20c4, 0x1883, 0x1042, 0x0842,
0x0821, 0x1021, 0x1062, 0x20a4, 0x30e5, 0x422a, 0x43f0, 0x5a2c, 0x69eb, 0x6a0b,
0x4147, 0x2084, 0x29e9, 0x338f, 0x3b2e, 0x32ed, 0x41ea, 0x50e8, 0x48a7, 0x40a6,
0x38a6, 0x3885, 0x3085, 0x2884, 0x2864, 0x2864, 0x2064, 0x2063, 0x4124, 0x61a5,
0x5985, 0x41e7, 0x7699, 0x434d, 0x1883, 0x2925, 0x2966, 0x3187, 0x39c8, 0x4209,
0x424a, 0x4a6b, 0x528c, 0x5a6c, 0xb992, 0x814d, 0x3187, 0x3167, 0x2966, 0x2946,
0x2105, 0x18e4, 0x18e4, 0x20e5, 0x3106, 0x592a, 0xd975, 0x616b, 0x4209, 0x4a4b,
0x4a8b, 0x52cc, 0x5aed, 0x5b2e, 0x636f, 0x6bb0, 0x6bd0, 0x634e, 0x4a8b, 0x6b8f,
0x5aed, 0x52ab, 0x422a, 0x39e8, 0x31a7, 0x2966, 0x2925, 0x20e4, 0x18c3, 0x10a3,
0x1082, 0x0862, 0x1083, 0x0862, 0x1061, 0x30e2, 0x20a1, 0x0021, 0x1082, 0x1083,
0x18c4, 0x18e4, 0x2946, 0x2945, 0x3186, 0x2105, 0x1082, 0x28e2, 0x28c2, 0x4983,
0x0041, 0x0041, 0x0061, 0x0041, 0x0061, 0x08c3, 0x08c3, 0x0061, 0x0061, 0x1104,
0x1166, 0x1145, 0x1104, 0x0061, 0x0841, 0x1104, 0x1145, 0x1124, 0x1124, 0x10e3,
0x0882, 0x0862, 0x0882, 0x08c3, 0x10e4, 0x1145, 0x1986, 0x19a7, 0x08c3, 0x1104,
0x1104, 0x10e4, 0x1124, 0x1145, 0x1145, 0x1105, 0x3430, 0x34d1, 0x22eb, 0x22aa,
0x22aa, 0x1a28, 0x2269, 0x2249, 0x2228, 0x2208, 0x19c7, 0x19e7, 0x19c7, 0x19a7,
0x19a6, 0x1986, 0x1165, 0x1145, 0x19c7, 0x08a2, 0x0882, 0x08a2, 0x10e3, 0x1104,
0x10e4, 0x1104, 0x10c3, 0x08a2, 0x1104, 0x1104, 0x08e4, 0x08c3, 0x08a2, 0x0882,
0x08c3, 0x0882, 
0x0862, 0x0862, 0x0821, 0x0842, 0x0883, 0x0883, 0x0883, 0x0862, 0x0821, 0x0821,
0x1042, 0x1063, 0x1084, 0x10c5, 0x1106, 0x1927, 0x1968, 0x1988, 0x21ca, 0x220b,
0x2a4d, 0x2a6d, 0x2a8e, 0x2a8e, 0x2a8e, 0x2a4c, 0x21ea, 0x21ca, 0x21ca, 0x1947,
0x10c4, 0x10e5, 0x2085, 0x40a8, 0x68ab, 0x60aa, 0x60ca, 0x68aa, 0x30a6, 0x08c4,
0x10e5, 0x1947, 0x2189, 0x21ca, 0x220b, 0x2a4d, 0x2a8e, 0x2a8e, 0x2a8e, 0x2a6e,
0x2a4d, 0x2a2c, 0x220b, 0x21aa, 0x1968, 0x1967, 0x1927, 0x10e5, 0x10c5, 0x1084,
0x1063, 0x1043, 0x0021, 0x0021, 0x0021, 0x0862, 0x0863, 0x0842, 0x0863, 0x0842,
0x0021, 0x0862, 0x18c3, 0x18c3, 0x10a3, 0x1082, 0x18a3, 0x18c3, 0x2104, 0x18e4,
0x18e4, 0x2104, 0x2104, 0x18e4, 0x18c3, 0x1082, 0x18e4, 0x2104, 0x2104, 0x2124,
0x20e4, 0x20e4, 0x2104, 0x2944, 0x18e4, 0x18e4, 0x1082, 0x1083, 0x10a4, 0x10a4,
0x10a4, 0x1906, 0x1947, 0x18e5, 0x10a4, 0x10c4, 0x10c4, 0x0883, 0x5249, 0xa46f,
0x5248, 0x0883, 0x18e5, 0x1927, 0x18e5, 0x1927, 0x2189, 0x2189, 0x2148, 0x18e5,
0x10a4, 0x0862, 0x10a2, 0x18e4, 0x2924, 0x2104, 0x18e4, 0x18e4, 0x2104, 0x2104,
0x18e4, 0x2104, 0x10a2, 0x10a3, 0x2924, 0x2104, 0x18e4, 0x2104, 0x2104, 0x18c3,
0x10a2, 0x1082, 0x18c3, 0x2945, 0x1165, 0x1125, 0x11e4, 0x1164, 0x1145, 0x19e8,
0x1145, 0x08e4, 0x08a2, 0x08e4, 0x19a6, 0x2b8b, 0x2b8b, 0x2b4b, 0x2bcc, 0x2bcc,
0x2bac, 0x342d, 0x33cc, 0x338c, 0x2b8c, 0x2b6b, 0x2bac, 0x348e, 0x1a27, 0x2acb,
0x2b2c, 0x2b0c, 0x2aeb, 0x2249, 0x1904, 0x29a6, 0x2986, 0x2986, 0x2986, 0x2986,
0x2986, 0x29a6, 0x2986, 0x29a6, 0x2145, 0x1986, 0x2aeb, 0x2b0c, 0x334d, 0x334d,
0x334d, 0x334d, 0x334d, 0x2acb, 0x2249, 0x228a, 0x2249, 0x1a08, 0x2269, 0x2249,
0x2249, 0x2228, 0x19e8, 0x19c7, 0x19a6, 0x1166, 0x08e3, 0x08c3, 0x0904, 0x1125,
0x19c7, 0x1145, 0x11c4, 0x1164, 0x1145, 0x1186, 0x6132, 0x40cd, 0x494e, 0xb2d8,
0x41d0, 0x292b, 0x2088, 0x28a9, 0x290b, 0x292c, 0x44d8, 0x4559, 0x29ee, 0x29ad,
0x296c, 0x290b, 0x30cb, 0x28aa, 0x290b, 0x292b, 0x2889, 0x3270, 0x318d, 0x31ee,
0x32b1, 0x2088, 0x41ce, 0x396c, 0x28ea, 0x290a, 0x30ab, 0x312c, 0x322f, 0x3b33,
0x4374, 0x565b, 0x4cd7, 0x43b4, 0x3b53, 0x3250, 0x314d, 0x30cb, 0x292c, 0x28ea,
0x394c, 0x41cd, 0x2047, 0x296c, 0x3b13, 0x292b, 0x32d2, 0x3312, 0x29ce, 0x296d,
0x4416, 0x44d8, 0x3c36, 0x31ae, 0x292c, 0x28a9, 0x31ee, 0x320e, 0x2889, 0x28ca,
0x292b, 0x2a70, 0x4e7d, 0x5f5f, 0x4457, 0x412f, 0x48ce, 0x410e, 0x2986, 0x2966,
0x2966, 0x2145, 0x2124, 0x18e3, 0x10a3, 0x10a2, 0x10a3, 0x0862, 0x3124, 0x636c,
0x31c7, 0x1861, 0x20a2, 0x20a2, 0x20a2, 0x20a2, 0x20c2, 0x20a2, 0x20a2, 0x2904,
0x18a2, 0x0861, 0x10a3, 0x20e4, 0x2104, 0x2104, 0x18a3, 0x2125, 0x2925, 0x2945,
0x2966, 0x2986, 0x39e8, 0x39e8, 0x31a7, 0x3187, 0x3186, 0x2966, 0x2966, 0x2966,
0x2966, 0x3165, 0x2966, 0x3186, 0x2945, 0x20e4, 0x20e4, 0x20e4, 0x18c3, 0x0862,
0x20a2, 0x28e3, 0x3103, 0x3924, 0x3944, 0x20a2, 0x4184, 0x3123, 0x1882, 0x20a2,
0x28e3, 0x20a2, 0x20c2, 0x0841, 0x1062, 0x1082, 0x10a3, 0x18a3, 0x18e3, 0x18e4,
0x0882, 0x10a3, 0x10a2, 0x0020, 0x0882, 0x10a3, 0x0882, 0x1083, 0x10a3, 0x10a3,
0x10a3, 0x10c3, 0x10c3, 0x20e3, 0x3964, 0x10a3, 0x10a3, 0x10a3, 0x18e4, 0x10c3,
0x0841, 0x10a2, 0x10c3, 0x10c3, 0x18e3, 0x0861, 0x10a3, 0x1904, 0x18e3, 0x1904,
0x18e3, 0x10c3, 0x0861, 0x1082, 0x10c3, 0x10c3, 0x10c3, 0x10c3, 0x10c3, 0x10a3,
0x49c5, 0x49a4, 0x0862, 0x2125, 0x1904, 0x1904, 0x1904, 0x1904, 0x1904, 0x1904,
0x1904, 0x1904, 0x18e4, 0x18e4, 0x18c4, 0x10a3, 0x10a3, 0x10a3, 0x0862, 0x0861,
0x0862, 0x0020, 0x0841, 0x0861, 0x1082, 0x10c3, 0x18e4, 0x1905, 0x1904, 0x18e4,
0x10c3, 0x10a3, 0x18a2, 0x18a2, 0x10a2, 0x1082, 0x1082, 0x1082, 0x1082, 0x18c3,
0x18c3, 0x18a2, 0x48c3, 0xa125, 0x38c3, 0x18a3, 0x18c3, 0x18c3, 0x18c3, 0x18c3,
0x1062, 0x2145, 0x2145, 0x1082, 0x18a2, 0x18a2, 0x18c3, 0x20c3, 0x18c3, 0x20c3,
0x20e3, 0x18a2, 0x1082, 0x1082, 0x1082, 0x1062, 0x1062, 0x1082, 0x1082, 0x1082,
0x1062, 0x1062, 0x1062, 0x1062, 0x18a2, 0x18c3, 0x18c3, 0x18c3, 0x20c3, 0x18a3,
0x18a2, 0x18a2, 0x10a2, 0x2966, 0x2124, 0x1061, 0x18c3, 0x18a3, 0x18c3, 0x18c3,
0x10a2, 0x48e4, 0xa926, 0x38c3, 0x18c3, 0x18c3, 0x18c3, 0x1082, 0x1082, 0x1082,
0x1082, 0x10a2, 0x18a2, 0x18c2, 0x20e5, 0x18c4, 0x0862, 0x1062, 0x0862, 0x0862,
0x0862, 0x1083, 0x0861, 0x0021, 0x0841, 0x0862, 0x18c4, 0x18a4, 0x222a, 0x2c32,
0x22cd, 0x21a8, 0x2927, 0x2968, 0x29ca, 0x2cd4, 0x2188, 0x2126, 0x2167, 0x10c4,
0x0020, 0x0882, 0x10a3, 0x10a3, 0x10a3, 0x10c4, 0x10a3, 0x1082, 0x18c4, 0x10c4,
0x10c4, 0x10a3, 0x10a3, 0x1082, 0x0862, 0x18e5, 0x10a3, 0x2988, 0x10a3, 0x18c4,
0x2126, 0x20c5, 0x3453, 0x34d5, 0x3128, 0x2acd, 0x3598, 0x34b4, 0x29ea, 0x20e5,
0x20a4, 0x232e, 0x23f1, 0x18c4, 0x18c4, 0x18a4, 0x1083, 0x0842, 0x4889, 0x0841,
0x0841, 0x0021, 0x0841, 0x0862, 0x1083, 0x18c4, 0x3189, 0x3948, 0x4107, 0x40e7,
0x48e7, 0x48c7, 0x48c7, 0x48c7, 0x50c7, 0x50c7, 0x58e8, 0x5108, 0x3948, 0x2aac,
0x28a5, 0x2106, 0x20a4, 0x30a5, 0x698b, 0x41a8, 0x0001, 0x1062, 0x1883, 0x28c5,
0x1883, 0x1063, 0x20e5, 0x1883, 0x20c4, 0x2905, 0x20e5, 0x1883, 0x1083, 0x20e5,
0x624c, 0x8b51, 0x8b71, 0x72ce, 0x4168, 0x18a4, 0x20e5, 0x18a4, 0x20a4, 0x20e5,
0x20c4, 0x1883, 0x1042, 0x0842, 0x0842, 0x0842, 0x1042, 0x1062, 0x20c4, 0x4948,
0x20a4, 0x20a4, 0x21a8, 0x3168, 0x32ac, 0x3927, 0x38a6, 0x40a6, 0x38a5, 0x3085,
0x3085, 0x2884, 0x2864, 0x2864, 0x2064, 0x2064, 0x2064, 0x2063, 0x4104, 0x4944,
0x4124, 0x4b0c, 0x7679, 0x2a08, 0x1083, 0x2105, 0x2125, 0x2946, 0x3187, 0x31a7,
0x39e8, 0x4209, 0x4209, 0x4a2a, 0x81ae, 0xa12f, 0x3126, 0x3126, 0x2125, 0x2105,
0x18e4, 0x18c4, 0x18c4, 0x28e5, 0x3106, 0xb952, 0x794c, 0x31a7, 0x41e9, 0x4229,
0x4a4a, 0x4a8b, 0x52ac, 0x52cc, 0x52ed, 0x52ed, 0x5aed, 0x4a4a, 0x5b0d, 0x5aed,
0x528b, 0x4a4a, 0x39e9, 0x31a7, 0x3166, 0x2946, 0x2105, 0x18c4, 0x18a3, 0x1083,
0x1082, 0x1083, 0x18c3, 0x10a3, 0x0841, 0x1041, 0x28c2, 0x1061, 0x0862, 0x1083,
0x10a3, 0x2104, 0x2925, 0x2945, 0x3166, 0x2946, 0x5a06, 0x5a05, 0x2104, 0x9368,
0x0041, 0x0082, 0x0082, 0x0061, 0x0041, 0x08c3, 0x10e3, 0x0882, 0x0041, 0x08c3,
0x1165, 0x1986, 0x1166, 0x08e3, 0x08c3, 0x1124, 0x1965, 0x1104, 0x08a2, 0x0862,
0x0882, 0x10e4, 0x1124, 0x1104, 0x10e3, 0x1124, 0x1986, 0x19c7, 0x1186, 0x08c3,
0x1104, 0x1124, 0x1145, 0x1124, 0x1145, 0x19a6, 0x22aa, 0x0904, 0x1124, 0x1124,
0x1145, 0x1145, 0x1145, 0x1145, 0x1145, 0x1145, 0x1125, 0x1145, 0x1145, 0x1145,
0x1145, 0x1145, 0x1124, 0x1145, 0x1145, 0x0882, 0x0062, 0x10c3, 0x10e3, 0x10c3,
0x08a3, 0x10c3, 0x08a2, 0x10e4, 0x1145, 0x1104, 0x1124, 0x08e3, 0x0882, 0x0882,
0x08c3, 0x0882, 
0x0021, 0x0021, 0x0862, 0x0883, 0x10a3, 0x0863, 0x0862, 0x0842, 0x0821, 0x0821,
0x1863, 0x1063, 0x1084, 0x10c5, 0x10e6, 0x1926, 0x1947, 0x1947, 0x21a9, 0x21ca,
0x21ea, 0x21eb, 0x220b, 0x220b, 0x2a0c, 0x220b, 0x21a9, 0x2168, 0x2188, 0x1926,
0x10a4, 0x10c5, 0x2885, 0x38a7, 0x608a, 0x608a, 0x48a7, 0x50a9, 0x28a6, 0x08c4,
0x10c4, 0x1927, 0x2168, 0x21a9, 0x21ca, 0x220b, 0x2a0c, 0x2a0c, 0x2a0c, 0x220b,
0x21eb, 0x21ca, 0x21a9, 0x2189, 0x1947, 0x1947, 0x1906, 0x10e5, 0x10c4, 0x1084,
0x1063, 0x1063, 0x0821, 0x0000, 0x0841, 0x0842, 0x0842, 0x0863, 0x0863, 0x0862,
0x0862, 0x0841, 0x18c3, 0x10a3, 0x10a3, 0x1082, 0x10a3, 0x10a3, 0x2103, 0x18e3,
0x18c3, 0x20e4, 0x2104, 0x18e4, 0x18e4, 0x1082, 0x10a3, 0x2104, 0x18e4, 0x2104,
0x20e4, 0x18e4, 0x18e4, 0x2924, 0x2104, 0x18e4, 0x10a2, 0x1083, 0x10a4, 0x10a4,
0x10a4, 0x10a4, 0x18e5, 0x1906, 0x10c5, 0x10c4, 0x18e5, 0x0884, 0x3186, 0x93ad,
0x3186, 0x08a4, 0x1906, 0x1906, 0x1927, 0x2189, 0x2168, 0x1906, 0x10c4, 0x10c4,
0x10c4, 0x0862, 0x10a2, 0x20e4, 0x2924, 0x18c3, 0x18e3, 0x18e3, 0x2104, 0x18e4,
0x18e4, 0x18e3, 0x1082, 0x18c3, 0x2924, 0x20e4, 0x18c3, 0x2104, 0x18e3, 0x18c3,
0x10a2, 0x1082, 0x18e4, 0x2944, 0x19a6, 0x1166, 0x11c4, 0x1164, 0x1104, 0x1165,
0x1186, 0x08e3, 0x08a2, 0x08e4, 0x1a07, 0x2bec, 0x34af, 0x34ef, 0x3ccf, 0x3ccf,
0x34cf, 0x348e, 0x348e, 0x342d, 0x3c4e, 0x3c4d, 0x342d, 0x2bac, 0x19c7, 0x2aeb,
0x2aeb, 0x2aeb, 0x22cb, 0x19c7, 0x2104, 0x2986, 0x2986, 0x2986, 0x2986, 0x2986,
0x2986, 0x2986, 0x2986, 0x2986, 0x2965, 0x1925, 0x22ab, 0x2aeb, 0x2b0c, 0x2b2c,
0x2b2c, 0x2b2c, 0x2b2c, 0x2b2c, 0x2b2c, 0x2b2c, 0x2aeb, 0x22aa, 0x2aeb, 0x2acb,
0x2aaa, 0x228a, 0x2249, 0x19e8, 0x19a7, 0x1165, 0x0904, 0x08a3, 0x08e3, 0x1165,
0x1165, 0x10e4, 0x11c4, 0x1185, 0x19a7, 0x1166, 0x310d, 0x31ef, 0x39ef, 0x6211,
0x28c9, 0x2088, 0x2088, 0x20a9, 0x28ea, 0x292c, 0x2a50, 0x457a, 0x3436, 0x21ce,
0x29ee, 0x298d, 0x290b, 0x292b, 0x292c, 0x28ca, 0x3210, 0x318d, 0x324f, 0x3bb4,
0x2088, 0x28a9, 0x396c, 0x312b, 0x312c, 0x39ef, 0x3a30, 0x39af, 0x4210, 0x4292,
0x3b94, 0x4e1b, 0x44d7, 0x3b95, 0x3a92, 0x4252, 0x39cf, 0x3a0f, 0x31ae, 0x30eb,
0x28ea, 0x398d, 0x30ea, 0x2027, 0x29ed, 0x3bd5, 0x2a0f, 0x3bb5, 0x29ce, 0x3c15,
0x3c36, 0x2a71, 0x298e, 0x292c, 0x292c, 0x290b, 0x20a8, 0x28a9, 0x310b, 0x29ee,
0x2ab1, 0x45fb, 0x45da, 0x3271, 0x3251, 0x3210, 0x39af, 0x418f, 0x10a3, 0x18c3,
0x18c3, 0x10a3, 0x10a3, 0x10a3, 0x10a3, 0x10a3, 0x0862, 0x2904, 0x5a27, 0x5aa9,
0x4269, 0x1861, 0x20a2, 0x20a2, 0x20a2, 0x20a2, 0x20a2, 0x1882, 0x1061, 0x1062,
0x1062, 0x10a3, 0x18e3, 0x18e4, 0x18c3, 0x2104, 0x10a3, 0x2104, 0x2104, 0x2925,
0x2945, 0x2966, 0x31a7, 0x39e8, 0x31a7, 0x3187, 0x3186, 0x3166, 0x3166, 0x3166,
0x2966, 0x3166, 0x3166, 0x3186, 0x2925, 0x20e4, 0x20e4, 0x20e4, 0x18a3, 0x1062,
0x20a2, 0x28c3, 0x3103, 0x3124, 0x3944, 0x3103, 0x20c2, 0x28e3, 0x20a2, 0x20a2,
0x3103, 0x20c3, 0x18a2, 0x0841, 0x0862, 0x1082, 0x1082, 0x18a3, 0x18c3, 0x10a3,
0x0882, 0x10a3, 0x0882, 0x0841, 0x0861, 0x10a3, 0x0862, 0x1082, 0x1083, 0x10a3,
0x10a3, 0x10a3, 0x10a3, 0x18c2, 0x3984, 0x10a3, 0x10a3, 0x10a3, 0x10c4, 0x10c3,
0x0841, 0x1082, 0x10a2, 0x10c3, 0x10c3, 0x10a3, 0x18e3, 0x18e3, 0x18e3, 0x18e3,
0x10c3, 0x10a2, 0x0841, 0x10a3, 0x10c3, 0x10c3, 0x10c3, 0x10c3, 0x10a3, 0x20e3,
0x5a46, 0x18a2, 0x10a3, 0x1904, 0x1904, 0x1904, 0x1904, 0x1904, 0x1904, 0x18e4,
0x18e4, 0x18e4, 0x18c4, 0x10c3, 0x10a3, 0x10a3, 0x1083, 0x10a3, 0x0882, 0x0841,
0x0861, 0x0020, 0x0841, 0x0861, 0x0861, 0x0862, 0x1082, 0x10a3, 0x18e4, 0x1905,
0x2145, 0x2145, 0x18a3, 0x10a2, 0x1082, 0x1082, 0x1082, 0x1082, 0x1082, 0x18a3,
0x18c3, 0x28c3, 0x8105, 0x30c3, 0x10a3, 0x18c3, 0x18c3, 0x18c3, 0x18c3, 0x18c3,
0x18c3, 0x18a2, 0x20e3, 0x18c3, 0x18c3, 0x18c3, 0x18c3, 0x18c3, 0x18c3, 0x20c3,
0x18a2, 0x1082, 0x1082, 0x1082, 0x1082, 0x1082, 0x1082, 0x1082, 0x1082, 0x1082,
0x1082, 0x1082, 0x1082, 0x1082, 0x1082, 0x18a3, 0x18c3, 0x18c3, 0x18c3, 0x18c3,
0x18c3, 0x18a2, 0x18c3, 0x18e3, 0x18a2, 0x18c3, 0x18a3, 0x18a3, 0x18c3, 0x18c3,
0x18c3, 0x10a2, 0x50e3, 0x8905, 0x20c3, 0x18c3, 0x18a2, 0x1082, 0x1082, 0x1082,
0x1082, 0x1082, 0x10a2, 0x18a3, 0x18c4, 0x0862, 0x0862, 0x1062, 0x1082, 0x0862,
0x0841, 0x0862, 0x0862, 0x0020, 0x0841, 0x1083, 0x18a3, 0x10a3, 0x18c4, 0x18a4,
0x20c4, 0x2105, 0x2147, 0x2926, 0x2b2f, 0x2c12, 0x2106, 0x1905, 0x2147, 0x0862,
0x0841, 0x1083, 0x10a3, 0x10a3, 0x10a3, 0x10c4, 0x1083, 0x1083, 0x18c4, 0x10c3,
0x10c3, 0x10a3, 0x10a3, 0x0882, 0x1062, 0x18e4, 0x18c4, 0x2967, 0x1083, 0x18c4,
0x2126, 0x20e5, 0x2c73, 0x2b2e, 0x2947, 0x2947, 0x2988, 0x33f1, 0x2d77, 0x2bb0,
0x2b8f, 0x2452, 0x18a4, 0x18c4, 0x18c4, 0x1083, 0x1083, 0x0041, 0x2865, 0x2865,
0x0020, 0x0821, 0x0862, 0x0862, 0x0862, 0x1083, 0x38e6, 0x38c6, 0x38c6, 0x40a6,
0x40a6, 0x40a6, 0x40a6, 0x40a6, 0x48c7, 0x50c7, 0x50e8, 0x58e9, 0x6109, 0x5909,
0x5129, 0x5108, 0x5129, 0x58c8, 0x7a4e, 0x3187, 0x0801, 0x1063, 0x1883, 0x20e5,
0x1883, 0x20c4, 0x3146, 0x20c5, 0x2906, 0x2926, 0x20e5, 0x1883, 0x1883, 0x20c4,
0x2906, 0x628c, 0x7b30, 0x8b91, 0x72ce, 0x20e5, 0x20a4, 0x20a4, 0x20c4, 0x28e5,
0x2906, 0x20e5, 0x1883, 0x1883, 0x1883, 0x1062, 0x0841, 0x0801, 0x18c4, 0x59ea,
0x38a6, 0x38e6, 0x38c6, 0x3907, 0x40c7, 0x38a6, 0x38a5, 0x3085, 0x3084, 0x2884,
0x2864, 0x2064, 0x2063, 0x2063, 0x2063, 0x2063, 0x2063, 0x2063, 0x4103, 0x4104,
0x3124, 0x5c51, 0x6d75, 0x21a7, 0x1082, 0x18c4, 0x20e4, 0x2105, 0x2945, 0x2966,
0x3187, 0x3187, 0x39a7, 0x41a8, 0x59aa, 0xa12f, 0x38e6, 0x28e5, 0x20e4, 0x18e4,
0x18c3, 0x18c3, 0x20c4, 0x20c4, 0x710c, 0xa150, 0x2966, 0x39a8, 0x39a8, 0x39e8,
0x4209, 0x4229, 0x422a, 0x424a, 0x424a, 0x4a6a, 0x422a, 0x422a, 0x528b, 0x4a4a,
0x422a, 0x39e8, 0x31a7, 0x3166, 0x2946, 0x2105, 0x20e4, 0x18c3, 0x10a3, 0x1083,
0x1083, 0x18c4, 0x18c4, 0x18a3, 0x1082, 0x0841, 0x0841, 0x1041, 0x0862, 0x1082,
0x10a3, 0x2104, 0x2105, 0x2945, 0x2946, 0x3985, 0x8b27, 0x41e7, 0x29a8, 0x5205,
0x0061, 0x08a2, 0x08a2, 0x0082, 0x0041, 0x0882, 0x08c3, 0x08a2, 0x0061, 0x0882,
0x1166, 0x19c7, 0x1166, 0x1104, 0x0882, 0x0882, 0x08a2, 0x0882, 0x0861, 0x08c3,
0x1124, 0x1104, 0x10e4, 0x10e3, 0x10c3, 0x10e3, 0x1145, 0x1166, 0x19c7, 0x1165,
0x08c3, 0x1124, 0x1104, 0x10e3, 0x1145, 0x19c7, 0x1165, 0x1124, 0x1166, 0x1165,
0x1965, 0x1145, 0x1145, 0x1145, 0x1104, 0x1104, 0x1104, 0x1104, 0x1104, 0x1124,
0x1145, 0x1145, 0x1124, 0x1145, 0x08e3, 0x0061, 0x0882, 0x10e3, 0x10c3, 0x08a2,
0x10c3, 0x10c3, 0x08a2, 0x1104, 0x1125, 0x1145, 0x1124, 0x08e3, 0x08a2, 0x08a2,
0x08c3, 0x0882, 
0x0842, 0x0842, 0x10a4, 0x10a4, 0x10a4, 0x0883, 0x0842, 0x0842, 0x0821, 0x0821,
0x1864, 0x1063, 0x1083, 0x10a4, 0x10e5, 0x1906, 0x1927, 0x1926, 0x1968, 0x2188,
0x2189, 0x2189, 0x2189, 0x21a9, 0x2189, 0x21a9, 0x2189, 0x1947, 0x1947, 0x10e5,
0x10a3, 0x10a4, 0x2885, 0x3887, 0x5068, 0x4067, 0x4087, 0x58a9, 0x3086, 0x10a4,
0x10c4, 0x1926, 0x1968, 0x1968, 0x2189, 0x21a9, 0x21a9, 0x21aa, 0x21a9, 0x21a9,
0x2189, 0x2188, 0x1968, 0x1947, 0x1906, 0x1906, 0x1906, 0x10c5, 0x10a4, 0x1083,
0x1063, 0x1063, 0x1042, 0x0000, 0x0842, 0x0821, 0x0842, 0x0863, 0x0842, 0x1083,
0x10c4, 0x10a4, 0x18a3, 0x10a3, 0x18a2, 0x1082, 0x10a2, 0x10a3, 0x18e3, 0x18e3,
0x18c3, 0x18e3, 0x2104, 0x18c4, 0x18e4, 0x18c3, 0x1082, 0x18e4, 0x18e4, 0x20e4,
0x2104, 0x18c3, 0x18e3, 0x18e3, 0x2924, 0x18e4, 0x10a2, 0x10a4, 0x10c5, 0x10a4,
0x10a4, 0x10a4, 0x10c4, 0x18e5, 0x18e6, 0x10e5, 0x18e5, 0x10e5, 0x18e5, 0x6aa9,
0x2105, 0x10c5, 0x1906, 0x1947, 0x2169, 0x1927, 0x10c5, 0x10c5, 0x18e5, 0x18e6,
0x10c4, 0x0862, 0x10a3, 0x2924, 0x2104, 0x18c3, 0x18c3, 0x2103, 0x2103, 0x18c3,
0x18e4, 0x10a3, 0x10a2, 0x18e4, 0x2104, 0x18e3, 0x18c3, 0x2103, 0x18c3, 0x10a3,
0x1082, 0x10a2, 0x18e4, 0x2104, 0x1186, 0x19a7, 0x1a45, 0x1164, 0x1125, 0x1124,
0x1124, 0x08e3, 0x08a2, 0x1104, 0x1165, 0x1a68, 0x22a9, 0x22e9, 0x2b4a, 0x2b8b,
0x2bcc, 0x2bec, 0x344d, 0x342d, 0x44cf, 0x4d71, 0x4510, 0x22a9, 0x19c7, 0x2aeb,
0x2aab, 0x2aaa, 0x22aa, 0x1986, 0x2104, 0x2986, 0x2966, 0x2966, 0x2966, 0x2966,
0x2986, 0x2966, 0x2966, 0x2966, 0x2965, 0x1904, 0x2269, 0x22aa, 0x2aeb, 0x2aeb,
0x2b0c, 0x2b0c, 0x2b0b, 0x2aeb, 0x2aeb, 0x2aeb, 0x2acb, 0x2269, 0x2acb, 0x228a,
0x228a, 0x2269, 0x2228, 0x19e7, 0x19a6, 0x1165, 0x1104, 0x08a2, 0x08e4, 0x1145,
0x1125, 0x1125, 0x1a04, 0x1a06, 0x1186, 0x1125, 0x3313, 0x210c, 0x20ca, 0x1888,
0x28a9, 0x20a8, 0x2088, 0x20a8, 0x28ea, 0x290b, 0x298d, 0x2af2, 0x55db, 0x4bf5,
0x29ae, 0x28eb, 0x290b, 0x296c, 0x28eb, 0x31cf, 0x296d, 0x31ee, 0x3bd5, 0x2088,
0x2888, 0x28a9, 0x28c9, 0x318d, 0x3a30, 0x5252, 0x6234, 0x5a94, 0x5396, 0x42d3,
0x4436, 0x565c, 0x4d7a, 0x4b75, 0x4ab3, 0x5396, 0x5a53, 0x5233, 0x4231, 0x3a0f,
0x3230, 0x30eb, 0x28a9, 0x28ca, 0x2048, 0x2a4f, 0x3c57, 0x3251, 0x4539, 0x33d5,
0x29ae, 0x2a0e, 0x294c, 0x290b, 0x28ca, 0x28a9, 0x2889, 0x294b, 0x2a2f, 0x29ce,
0x3415, 0x45fb, 0x210c, 0x292b, 0x292a, 0x28ea, 0x294c, 0x31ae, 0x10a3, 0x0862,
0x1082, 0x1082, 0x1082, 0x10a3, 0x10a3, 0x1082, 0x1062, 0x49e7, 0x5227, 0x5a27,
0x52eb, 0x20a2, 0x20a2, 0x20a2, 0x20a2, 0x1882, 0x1061, 0x1882, 0x18a2, 0x18a2,
0x18a3, 0x20c3, 0x20c3, 0x20e3, 0x20e3, 0x18c3, 0x1082, 0x18c3, 0x2925, 0x2904,
0x2925, 0x2945, 0x3186, 0x2104, 0x18c4, 0x18c3, 0x18a3, 0x18a3, 0x18a3, 0x18a3,
0x18a3, 0x18a3, 0x18c3, 0x18c3, 0x2904, 0x20e4, 0x20e4, 0x20e4, 0x1062, 0x1082,
0x20a2, 0x28c3, 0x3103, 0x3124, 0x3124, 0x3124, 0x28e3, 0x28e3, 0x20a2, 0x20a2,
0x3103, 0x28e3, 0x20c3, 0x0841, 0x0841, 0x0862, 0x10a3, 0x10a3, 0x1062, 0x0862,
0x10c3, 0x1082, 0x0861, 0x0841, 0x0841, 0x10a3, 0x0862, 0x0882, 0x0882, 0x1083,
0x1083, 0x10a3, 0x10a3, 0x1082, 0x3963, 0x18c3, 0x0883, 0x1083, 0x10c3, 0x10c3,
0x0020, 0x0882, 0x1082, 0x10a3, 0x10a2, 0x10c3, 0x10c3, 0x10c3, 0x10c3, 0x10a2,
0x10a2, 0x0882, 0x0841, 0x10a3, 0x10a3, 0x10a3, 0x10a3, 0x10a3, 0x0883, 0x41a4,
0x41a4, 0x0841, 0x18e4, 0x18e4, 0x18e4, 0x18e4, 0x18e4, 0x18e4, 0x18e4, 0x18e4,
0x18c4, 0x10c3, 0x10c3, 0x10a3, 0x1083, 0x1083, 0x0882, 0x0882, 0x0882, 0x0841,
0x0841, 0x0020, 0x0020, 0x0861, 0x0862, 0x0862, 0x0861, 0x0862, 0x0862, 0x0882,
0x10a3, 0x10c3, 0x10a2, 0x1082, 0x1082, 0x1082, 0x1082, 0x1082, 0x1082, 0x1082,
0x18c3, 0x20c3, 0x20c3, 0x18a3, 0x18c3, 0x18c3, 0x18a3, 0x18a3, 0x18a3, 0x18a3,
0x18a3, 0x18c3, 0x18e3, 0x20e4, 0x18a3, 0x18c3, 0x18c3, 0x18c3, 0x18c3, 0x18c3,
0x1082, 0x1082, 0x1082, 0x1082, 0x1082, 0x1082, 0x1082, 0x1082, 0x1082, 0x1082,
0x1082, 0x1082, 0x1082, 0x1082, 0x1082, 0x1082, 0x18a3, 0x18c3, 0x18c3, 0x18c3,
0x18c3, 0x18a2, 0x20e4, 0x18c3, 0x18c3, 0x18a3, 0x18a3, 0x18a3, 0x18a3, 0x18a3,
0x18a3, 0x18c3, 0x18a3, 0x20c3, 0x20c3, 0x18c3, 0x1082, 0x1082, 0x1082, 0x1082,
0x1082, 0x1082, 0x1082, 0x10a2, 0x0861, 0x0841, 0x0862, 0x1062, 0x1082, 0x1082,
0x0841, 0x0841, 0x0841, 0x0020, 0x0841, 0x1062, 0x1062, 0x10a3, 0x18c4, 0x18e4,
0x18e5, 0x2105, 0x2126, 0x2106, 0x2c73, 0x2a8c, 0x2105, 0x18e5, 0x1905, 0x0020,
0x0862, 0x10a3, 0x10a3, 0x10a3, 0x10a3, 0x10c4, 0x0862, 0x10a3, 0x10c4, 0x10a3,
0x10a3, 0x10a3, 0x10a3, 0x0862, 0x10a3, 0x18e4, 0x10c4, 0x2147, 0x1062, 0x18c4,
0x2126, 0x20c5, 0x2b90, 0x2bf1, 0x28e6, 0x2967, 0x2126, 0x28e6, 0x2167, 0x2bf1,
0x2c52, 0x18e5, 0x18c4, 0x18c4, 0x18a3, 0x1083, 0x0862, 0x0862, 0x0841, 0x2865,
0x0020, 0x0021, 0x0841, 0x0862, 0x0841, 0x0862, 0x38a5, 0x38a5, 0x38a5, 0x3885,
0x3885, 0x3885, 0x3885, 0x40a6, 0x48c6, 0x48c7, 0x50e8, 0x50e8, 0x5109, 0x5129,
0x5949, 0x5949, 0x5949, 0x50e8, 0x6a6c, 0x2104, 0x1042, 0x1883, 0x1883, 0x1883,
0x18a4, 0x2906, 0x3146, 0x2906, 0x2926, 0x2906, 0x2905, 0x18a3, 0x1063, 0x18a4,
0x20e5, 0x28e5, 0x49ea, 0x41c9, 0x2926, 0x3126, 0x4a0a, 0x20c4, 0x20e5, 0x28e5,
0x2906, 0x2905, 0x20c5, 0x18a4, 0x1883, 0x1883, 0x1042, 0x0821, 0x1042, 0x520a,
0x38c6, 0x38e7, 0x38e7, 0x38c6, 0x38c6, 0x30a5, 0x3085, 0x2884, 0x2864, 0x2064,
0x2063, 0x2063, 0x1843, 0x1843, 0x1843, 0x1843, 0x1843, 0x1843, 0x3903, 0x38e3,
0x3185, 0x6514, 0x4bcf, 0x29c7, 0x1062, 0x10a3, 0x18c4, 0x18e4, 0x20e4, 0x2105,
0x2125, 0x2925, 0x2946, 0x3147, 0x3967, 0x892e, 0x48e8, 0x20c4, 0x18c4, 0x18c3,
0x18a3, 0x18a3, 0x20a4, 0x28c5, 0x990f, 0x4127, 0x2946, 0x2946, 0x3166, 0x3187,
0x31a7, 0x31a8, 0x39c8, 0x39c8, 0x39c8, 0x39c8, 0x3187, 0x39e8, 0x39e8, 0x39e8,
0x39c8, 0x3187, 0x2966, 0x2946, 0x2105, 0x20e4, 0x18c3, 0x10a3, 0x1083, 0x1083,
0x18a3, 0x20e4, 0x18c4, 0x10a3, 0x1082, 0x0862, 0x0841, 0x0041, 0x0821, 0x1082,
0x10a3, 0x18e4, 0x2104, 0x2945, 0x2105, 0x6246, 0x6a67, 0x2966, 0x3a09, 0x39a7,
0x0061, 0x08a2, 0x08a3, 0x0882, 0x0061, 0x0062, 0x08c3, 0x08c3, 0x0061, 0x0061,
0x08e3, 0x08e4, 0x08e4, 0x1166, 0x1186, 0x1124, 0x08e3, 0x0061, 0x08a2, 0x1104,
0x10e4, 0x10e3, 0x10e3, 0x10e4, 0x10c3, 0x10c3, 0x10c3, 0x1124, 0x1986, 0x19a7,
0x1125, 0x08c3, 0x1124, 0x10e4, 0x1965, 0x19a7, 0x1124, 0x1165, 0x1145, 0x1145,
0x1125, 0x1124, 0x1104, 0x1124, 0x1185, 0x1185, 0x1186, 0x1186, 0x11a6, 0x1165,
0x1104, 0x1124, 0x1124, 0x1124, 0x08a2, 0x0061, 0x10c3, 0x10e3, 0x10c3, 0x10a3,
0x10c3, 0x08c3, 0x08c3, 0x1124, 0x1104, 0x1125, 0x1125, 0x08c3, 0x08a2, 0x08a3,
0x08a3, 0x0882, 
0x0842, 0x0862, 0x0863, 0x10a4, 0x10a4, 0x10a3, 0x0862, 0x0822, 0x0021, 0x0822,
0x2064, 0x1063, 0x1063, 0x1084, 0x10c5, 0x10e5, 0x1106, 0x1106, 0x1906, 0x1927,
0x1947, 0x1947, 0x1947, 0x1947, 0x1927, 0x1927, 0x1927, 0x1947, 0x1947, 0x10e5,
0x0863, 0x1063, 0x2864, 0x2864, 0x1843, 0x1864, 0x1843, 0x2064, 0x2064, 0x1063,
0x08a3, 0x1106, 0x1947, 0x1926, 0x1947, 0x1927, 0x1947, 0x1948, 0x1947, 0x1927,
0x1927, 0x1927, 0x1926, 0x1906, 0x10e5, 0x10e5, 0x10c5, 0x10a4, 0x1084, 0x1063,
0x1063, 0x1864, 0x1043, 0x0001, 0x0821, 0x0821, 0x0842, 0x0842, 0x0883, 0x10c5,
0x1083, 0x0883, 0x10a3, 0x10a3, 0x18a2, 0x1082, 0x1082, 0x10a3, 0x18c3, 0x20e3,
0x18c3, 0x18c3, 0x2103, 0x18c3, 0x18c3, 0x20e3, 0x18a2, 0x10a3, 0x18e3, 0x18c3,
0x2103, 0x18e3, 0x18c3, 0x18c3, 0x2104, 0x2104, 0x10a2, 0x10a4, 0x1906, 0x1906,
0x1906, 0x1906, 0x1906, 0x1927, 0x2148, 0x2147, 0x1906, 0x1906, 0x10e5, 0x3986,
0x18e5, 0x1906, 0x2168, 0x2168, 0x1906, 0x10c5, 0x18e6, 0x1927, 0x1927, 0x1906,
0x10c4, 0x0862, 0x18c3, 0x2924, 0x18c3, 0x18c3, 0x18c3, 0x2103, 0x18c3, 0x18c3,
0x18c3, 0x1082, 0x18c3, 0x18e4, 0x2103, 0x18c3, 0x18c3, 0x20e3, 0x18a3, 0x10a3,
0x1082, 0x10a2, 0x10a3, 0x18c3, 0x1166, 0x11a6, 0x22e5, 0x11a6, 0x19c7, 0x1186,
0x1124, 0x08c3, 0x08a2, 0x1104, 0x1125, 0x1124, 0x1125, 0x1145, 0x1145, 0x1145,
0x1145, 0x1145, 0x1124, 0x1185, 0x11a6, 0x11c6, 0x1a07, 0x1165, 0x2228, 0x2aaa,
0x228a, 0x226a, 0x2269, 0x1945, 0x2104, 0x2165, 0x2165, 0x2965, 0x2965, 0x2965,
0x2965, 0x2965, 0x2965, 0x2165, 0x2965, 0x18e3, 0x1a08, 0x228a, 0x2aaa, 0x2aab,
0x2acb, 0x2acb, 0x2acb, 0x2acb, 0x2acb, 0x2acb, 0x2acb, 0x2249, 0x22aa, 0x228a,
0x2269, 0x2249, 0x1a08, 0x19c7, 0x1986, 0x1145, 0x1104, 0x08a2, 0x08c3, 0x1104,
0x1165, 0x1987, 0x1a05, 0x1a65, 0x1146, 0x1145, 0x3c96, 0x3cd7, 0x3c15, 0x210c,
0x20a9, 0x20a9, 0x2088, 0x2067, 0x20a9, 0x20ea, 0x290b, 0x212c, 0x3a91, 0x5cd8,
0x3cd8, 0x2a0f, 0x312c, 0x292b, 0x298d, 0x296d, 0x290b, 0x3271, 0x2088, 0x2088,
0x20a9, 0x28ca, 0x292b, 0x312c, 0x31ae, 0x5313, 0x52f4, 0x5335, 0x4ad3, 0x43f7,
0x4477, 0x4e5b, 0x4d19, 0x4478, 0x4b55, 0x52f4, 0x52f5, 0x4b35, 0x4a52, 0x392c,
0x310b, 0x292c, 0x28eb, 0x28ca, 0x20ea, 0x21ad, 0x4539, 0x44f9, 0x3353, 0x29ee,
0x216c, 0x296c, 0x28ea, 0x28a9, 0x28a9, 0x28a9, 0x29ac, 0x29ad, 0x20eb, 0x2a91,
0x56fe, 0x2a70, 0x20ea, 0x290a, 0x20c9, 0x2067, 0x38ca, 0x20a8, 0x2966, 0x2124,
0x1082, 0x1062, 0x1082, 0x1082, 0x10a3, 0x10a3, 0x10a2, 0x51e7, 0x5227, 0x5207,
0x5aaa, 0x2104, 0x1861, 0x1882, 0x1061, 0x0841, 0x20a3, 0x4165, 0x3964, 0x4165,
0x4165, 0x4185, 0x4185, 0x4185, 0x20c2, 0x18a2, 0x1082, 0x1082, 0x18c3, 0x2925,
0x2925, 0x2945, 0x18c3, 0x18c3, 0x18e4, 0x20e4, 0x20e4, 0x20e4, 0x20e4, 0x18e4,
0x18c3, 0x18c3, 0x18a3, 0x1082, 0x18a3, 0x2904, 0x20e3, 0x1082, 0x1082, 0x1082,
0x20a2, 0x28c3, 0x28e3, 0x3103, 0x3124, 0x3124, 0x3103, 0x3103, 0x20a2, 0x20c3,
0x3103, 0x28e3, 0x20a2, 0x0841, 0x0841, 0x1082, 0x10a2, 0x0862, 0x1082, 0x2104,
0x1083, 0x0862, 0x0861, 0x0841, 0x0021, 0x10a3, 0x0882, 0x0862, 0x0882, 0x1082,
0x1083, 0x1082, 0x10a3, 0x0862, 0x3123, 0x20e3, 0x0882, 0x1082, 0x10a3, 0x10a3,
0x0020, 0x0861, 0x10a2, 0x10a2, 0x10a2, 0x10c3, 0x10c3, 0x10c3, 0x10a2, 0x0882,
0x10a2, 0x0861, 0x0861, 0x10a3, 0x10a3, 0x10a3, 0x10a3, 0x10a3, 0x18c3, 0x5205,
0x18a2, 0x0882, 0x18e4, 0x18e4, 0x18e4, 0x18e4, 0x18e4, 0x18c4, 0x10c3, 0x10c3,
0x10a3, 0x10a3, 0x10a3, 0x1083, 0x0883, 0x0882, 0x0882, 0x0862, 0x0882, 0x0862,
0x0841, 0x0020, 0x0020, 0x0841, 0x0862, 0x1082, 0x1082, 0x1082, 0x0882, 0x0882,
0x0882, 0x0882, 0x1082, 0x1082, 0x1082, 0x1082, 0x1082, 0x1082, 0x1082, 0x1082,
0x18a2, 0x18c3, 0x18c3, 0x18a3, 0x18a3, 0x18a3, 0x18a3, 0x18a3, 0x18a3, 0x18a3,
0x18a3, 0x18c3, 0x18c3, 0x20e3, 0x18c3, 0x18c3, 0x18c3, 0x18c3, 0x18c3, 0x1082,
0x1082, 0x1082, 0x18a2, 0x20e3, 0x20e3, 0x20e3, 0x20e3, 0x20e3, 0x20e3, 0x20e3,
0x20e3, 0x20e3, 0x20e3, 0x1082, 0x1082, 0x1062, 0x1082, 0x18c3, 0x18c3, 0x18c3,
0x18c3, 0x18c3, 0x18e3, 0x18a3, 0x18a3, 0x18a3, 0x18a3, 0x18a3, 0x18a3, 0x18a3,
0x18a3, 0x18a3, 0x18c3, 0x18c3, 0x18c3, 0x18a2, 0x1082, 0x1082, 0x1082, 0x1082,
0x1082, 0x1082, 0x1082, 0x1082, 0x2884, 0x0842, 0x0862, 0x0862, 0x1082, 0x0862,
0x0862, 0x0841, 0x0021, 0x0841, 0x1082, 0x10a3, 0x10a3, 0x1082, 0x10a3, 0x10a3,
0x18c4, 0x18e5, 0x20e5, 0x21c8, 0x2c52, 0x2105, 0x18e5, 0x1905, 0x10c4, 0x0020,
0x1082, 0x10a3, 0x10a3, 0x10a3, 0x10a3, 0x10a3, 0x0862, 0x10c3, 0x10a3, 0x10a3,
0x10a3, 0x10a3, 0x10a3, 0x0862, 0x10c3, 0x18e4, 0x18c4, 0x2147, 0x0862, 0x18e4,
0x2105, 0x20c4, 0x2acd, 0x2c52, 0x20e5, 0x2146, 0x2105, 0x2126, 0x2105, 0x1884,
0x18a4, 0x18c4, 0x18c4, 0x10a3, 0x1083, 0x1082, 0x0842, 0x0842, 0x0841, 0x0841,
0x0821, 0x0021, 0x0841, 0x0862, 0x0841, 0x1062, 0x30a5, 0x3085, 0x3085, 0x3085,
0x3085, 0x3085, 0x3885, 0x38a6, 0x40a6, 0x40c7, 0x48c7, 0x48e7, 0x4908, 0x4908,
0x4928, 0x4908, 0x4908, 0x48e7, 0x5149, 0x4188, 0x1863, 0x1883, 0x1883, 0x18a4,
0x20a4, 0x3126, 0x3147, 0x2906, 0x3147, 0x28e5, 0x2905, 0x1063, 0x28e5, 0x49a9,
0x3126, 0x20c5, 0x2906, 0x3126, 0x2906, 0x28e5, 0x5a4c, 0x3146, 0x20c5, 0x2906,
0x2905, 0x2906, 0x28e5, 0x20c4, 0x20a4, 0x1883, 0x1062, 0x0821, 0x18a3, 0x41a9,
0x30c5, 0x30c6, 0x30e6, 0x30c6, 0x30a5, 0x2885, 0x2884, 0x2864, 0x2064, 0x2063,
0x2063, 0x1843, 0x1843, 0x1843, 0x1843, 0x1843, 0x1843, 0x1843, 0x38e3, 0x30e3,
0x3a69, 0x5cd3, 0x3228, 0x3229, 0x1062, 0x1083, 0x1083, 0x18a3, 0x18c4, 0x18c4,
0x18e4, 0x20e4, 0x20e4, 0x28e5, 0x2905, 0x612a, 0x58e9, 0x18c4, 0x18a4, 0x18a3,
0x10a3, 0x18a3, 0x18a3, 0x50c9, 0x690b, 0x18e4, 0x2105, 0x2105, 0x2925, 0x2946,
0x2946, 0x2966, 0x2966, 0x2966, 0x2946, 0x2946, 0x2925, 0x3166, 0x3187, 0x3166,
0x2946, 0x2926, 0x2125, 0x20e4, 0x18c4, 0x18c3, 0x10a3, 0x1083, 0x1083, 0x1083,
0x18c4, 0x20e4, 0x18c3, 0x1083, 0x1082, 0x0862, 0x0862, 0x0841, 0x08a2, 0x0862,
0x10a3, 0x18c4, 0x20e4, 0x2925, 0x2105, 0x51e5, 0x5a26, 0x2966, 0x39a7, 0x4229,
0x0882, 0x0082, 0x08c3, 0x0882, 0x0061, 0x0061, 0x08a3, 0x08c3, 0x0882, 0x0041,
0x08a3, 0x1186, 0x1166, 0x1186, 0x1986, 0x1966, 0x19a7, 0x1104, 0x0861, 0x10c3,
0x10c3, 0x10e3, 0x10e4, 0x10e3, 0x10e3, 0x10c3, 0x10c3, 0x10e3, 0x1145, 0x1986,
0x1986, 0x1104, 0x08c3, 0x1124, 0x1986, 0x1165, 0x1124, 0x1145, 0x1125, 0x1125,
0x1124, 0x1104, 0x10e3, 0x1a68, 0x22ea, 0x22ea, 0x230a, 0x22c9, 0x1aa9, 0x19c6,
0x10e3, 0x1124, 0x1124, 0x08e3, 0x0061, 0x0882, 0x10e3, 0x10c3, 0x10a3, 0x10c3,
0x10e3, 0x0882, 0x10e4, 0x1124, 0x1104, 0x1125, 0x1104, 0x08c3, 0x08a2, 0x08a3,
0x0882, 0x0882, 
0x0862, 0x0883, 0x0883, 0x0863, 0x0883, 0x1083, 0x0862, 0x0842, 0x0021, 0x0822,
0x2064, 0x1063, 0x0863, 0x1063, 0x1084, 0x10a4, 0x10c4, 0x10c4, 0x10c5, 0x10c5,
0x10e5, 0x10e5, 0x1906, 0x1906, 0x10e5, 0x10e5, 0x10e5, 0x1906, 0x10c5, 0x10a4,
0x0883, 0x10a4, 0x08a3, 0x0883, 0x0883, 0x08a3, 0x0883, 0x0883, 0x08a4, 0x08a3,
0x1083, 0x10e5, 0x1906, 0x1906, 0x10e5, 0x10e5, 0x1106, 0x10e5, 0x10e5, 0x10e5,
0x10e5, 0x10c5, 0x10c5, 0x10c5, 0x10a4, 0x10c4, 0x10a4, 0x1084, 0x0863, 0x0863,
0x1063, 0x1864, 0x1843, 0x0001, 0x0821, 0x0821, 0x0842, 0x0863, 0x10c4, 0x0883,
0x0863, 0x10c4, 0x10a3, 0x10a3, 0x18a2, 0x1082, 0x1082, 0x10a2, 0x18c3, 0x20e3,
0x10a3, 0x18c3, 0x18e3, 0x18c3, 0x18c3, 0x20e3, 0x18e3, 0x1082, 0x18c3, 0x18c3,
0x18e3, 0x20e3, 0x18c3, 0x18c3, 0x18e3, 0x2924, 0x10a2, 0x10a3, 0x1907, 0x1927,
0x1927, 0x1927, 0x1927, 0x1927, 0x2148, 0x2189, 0x2189, 0x2148, 0x1927, 0x18c4,
0x1906, 0x2169, 0x2148, 0x18e5, 0x18e5, 0x1927, 0x1948, 0x1948, 0x1927, 0x1906,
0x10a4, 0x0862, 0x20e3, 0x20e3, 0x18c3, 0x18c3, 0x20e3, 0x20e3, 0x18c3, 0x18c3,
0x18c3, 0x10a2, 0x18e4, 0x18c3, 0x20e3, 0x18c3, 0x18c3, 0x18e3, 0x10a3, 0x10a2,
0x1082, 0x10a2, 0x10a2, 0x18a3, 0x1166, 0x19e5, 0x1a85, 0x1146, 0x1165, 0x1145,
0x0904, 0x08a3, 0x08a3, 0x1104, 0x1125, 0x1986, 0x19c7, 0x19e7, 0x2208, 0x2228,
0x2249, 0x2269, 0x1a08, 0x2228, 0x2208, 0x19e7, 0x19a7, 0x19e7, 0x2269, 0x2269,
0x2269, 0x2249, 0x2249, 0x1104, 0x2104, 0x2145, 0x2125, 0x2145, 0x2145, 0x2145,
0x2145, 0x2145, 0x2145, 0x2145, 0x2145, 0x18c3, 0x19c7, 0x2269, 0x228a, 0x228a,
0x2aaa, 0x2aaa, 0x2aaa, 0x2aaa, 0x2a8a, 0x228a, 0x22aa, 0x2249, 0x2269, 0x2249,
0x2229, 0x1a08, 0x19c7, 0x1986, 0x1165, 0x1125, 0x1104, 0x08a2, 0x08a3, 0x0904,
0x1165, 0x1186, 0x19a5, 0x1a85, 0x1166, 0x1145, 0x20c9, 0x33f4, 0x45da, 0x45da,
0x3cb7, 0x216c, 0x20c9, 0x20a9, 0x2088, 0x2088, 0x20c9, 0x28eb, 0x320f, 0x2a50,
0x32f2, 0x4559, 0x320f, 0x294c, 0x298d, 0x28ea, 0x29ae, 0x2088, 0x2088, 0x20a9,
0x2089, 0x290b, 0x294b, 0x298d, 0x31ef, 0x49ae, 0x5314, 0x5498, 0x4a72, 0x4417,
0x3cd8, 0x4edc, 0x4579, 0x44b8, 0x4314, 0x4273, 0x4cb8, 0x4211, 0x490f, 0x31cf,
0x298d, 0x292b, 0x292b, 0x290b, 0x216d, 0x4559, 0x3435, 0x3374, 0x29ae, 0x292b,
0x298c, 0x20e9, 0x28ca, 0x28ea, 0x2889, 0x298c, 0x298c, 0x20ea, 0x2a90, 0x56fd,
0x33d4, 0x20ea, 0x20ea, 0x20c9, 0x20c8, 0x2888, 0x596d, 0x1867, 0x2945, 0x2986,
0x2145, 0x18c3, 0x1082, 0x1082, 0x1082, 0x1082, 0x1082, 0x49e7, 0x5207, 0x5207,
0x5227, 0x41a6, 0x0821, 0x0841, 0x1062, 0x1082, 0x28e3, 0x3944, 0x3944, 0x3944,
0x3964, 0x4165, 0x4185, 0x3944, 0x1061, 0x20a2, 0x1082, 0x18c3, 0x18c3, 0x10a3,
0x2104, 0x18c3, 0x20e4, 0x39c7, 0x3166, 0x3186, 0x3166, 0x2966, 0x2945, 0x2945,
0x2945, 0x2945, 0x2945, 0x3145, 0x18c3, 0x1082, 0x1082, 0x20c3, 0x18a2, 0x1082,
0x18a2, 0x20c3, 0x28e3, 0x28e3, 0x3124, 0x3104, 0x28e3, 0x28e3, 0x1882, 0x1882,
0x20c3, 0x28e3, 0x1062, 0x0841, 0x0862, 0x1082, 0x0862, 0x1082, 0x18c3, 0x18c3,
0x0882, 0x0861, 0x0861, 0x0841, 0x0020, 0x0882, 0x0882, 0x0862, 0x0862, 0x0882,
0x1082, 0x1082, 0x10a3, 0x0862, 0x2902, 0x2923, 0x0862, 0x1082, 0x10a3, 0x10a3,
0x0021, 0x0841, 0x1082, 0x1082, 0x10a3, 0x0882, 0x08a2, 0x10a2, 0x0882, 0x10a2,
0x10a2, 0x0861, 0x0862, 0x10a3, 0x10a3, 0x10a3, 0x10a3, 0x0882, 0x3964, 0x4184,
0x0041, 0x10c3, 0x18c4, 0x18c3, 0x10c3, 0x10c3, 0x10c3, 0x10c3, 0x10a3, 0x10a3,
0x10a3, 0x10a3, 0x1082, 0x0882, 0x0882, 0x0862, 0x0862, 0x0862, 0x0862, 0x0862,
0x0841, 0x0020, 0x0020, 0x0841, 0x0862, 0x1082, 0x1082, 0x1082, 0x10a3, 0x10a3,
0x10a3, 0x10c3, 0x1082, 0x1082, 0x1082, 0x1082, 0x1082, 0x1882, 0x1082, 0x1082,
0x1082, 0x18a3, 0x18c3, 0x18a3, 0x18a3, 0x18a3, 0x18a3, 0x18a3, 0x18a3, 0x18a3,
0x18a3, 0x18a3, 0x18a3, 0x18c3, 0x20e3, 0x18c3, 0x18c3, 0x18c3, 0x1082, 0x1082,
0x1082, 0x1082, 0x20e3, 0x20e4, 0x20e4, 0x20e3, 0x20e4, 0x20e4, 0x20e4, 0x20e4,
0x20e4, 0x20e4, 0x2104, 0x20e3, 0x1082, 0x1082, 0x1062, 0x1082, 0x18c3, 0x18c3,
0x18c3, 0x20e3, 0x18c3, 0x18a3, 0x18a3, 0x18a3, 0x18a3, 0x18a3, 0x18a3, 0x18a3,
0x18a3, 0x18a3, 0x18a3, 0x18c3, 0x18a2, 0x1082, 0x1082, 0x1082, 0x20a2, 0x1882,
0x1082, 0x1082, 0x1082, 0x1082, 0x50e9, 0x1062, 0x0862, 0x0862, 0x1062, 0x0862,
0x1082, 0x0841, 0x0821, 0x1062, 0x1062, 0x1062, 0x18c4, 0x18c3, 0x1082, 0x10a3,
0x18c4, 0x18e5, 0x18a4, 0x22ed, 0x230d, 0x1883, 0x10c4, 0x1905, 0x0862, 0x0021,
0x1082, 0x10a3, 0x10a3, 0x10a3, 0x10a3, 0x1083, 0x1082, 0x10c4, 0x10a3, 0x10a3,
0x10a3, 0x10a3, 0x10a3, 0x0862, 0x10c4, 0x10c4, 0x18c4, 0x2126, 0x0862, 0x18c4,
0x2105, 0x20e5, 0x220a, 0x2c73, 0x2106, 0x2126, 0x20e5, 0x18e5, 0x18e5, 0x18e4,
0x18c4, 0x18c4, 0x10a3, 0x1083, 0x10a3, 0x1083, 0x0862, 0x0842, 0x0841, 0x0020,
0x0020, 0x0021, 0x0841, 0x0841, 0x1082, 0x0862, 0x3085, 0x3085, 0x2884, 0x2884,
0x2884, 0x3084, 0x3085, 0x38a5, 0x38a6, 0x38a6, 0x38a6, 0x38c6, 0x38c6, 0x38e7,
0x38e7, 0x38e7, 0x38c6, 0x38c6, 0x38c6, 0x40a6, 0x4988, 0x18c4, 0x1062, 0x1883,
0x1883, 0x3146, 0x3146, 0x20e5, 0x2926, 0x20e5, 0x20e5, 0x28e5, 0x20a4, 0x5a2b,
0x8b71, 0x626d, 0x3126, 0x20e5, 0x4189, 0x28e5, 0x49ea, 0x4a0a, 0x18a4, 0x2926,
0x2905, 0x2905, 0x20c4, 0x18a3, 0x18a4, 0x1883, 0x1063, 0x18a4, 0x2084, 0x2884,
0x2884, 0x28a5, 0x28a5, 0x28a5, 0x2884, 0x2884, 0x2064, 0x2064, 0x2063, 0x2063,
0x2063, 0x1843, 0x1843, 0x1863, 0x1843, 0x1843, 0x1843, 0x1843, 0x38e3, 0x30c3,
0x4bae, 0x4bcf, 0x1904, 0x326a, 0x1082, 0x1082, 0x1083, 0x1083, 0x1083, 0x18a3,
0x18a3, 0x18a3, 0x18c3, 0x18c4, 0x20c4, 0x40e7, 0x58c9, 0x20a4, 0x18a3, 0x10a3,
0x10a3, 0x1883, 0x1883, 0x60ca, 0x30e6, 0x18c4, 0x18c4, 0x18c4, 0x18e4, 0x20e4,
0x20e4, 0x2105, 0x2105, 0x2105, 0x2105, 0x20e4, 0x20e4, 0x2105, 0x2125, 0x2105,
0x2105, 0x20e4, 0x18c4, 0x18c3, 0x18a3, 0x10a3, 0x1083, 0x1083, 0x1083, 0x18a3,
0x20e4, 0x18c4, 0x18a3, 0x1083, 0x1062, 0x0862, 0x0821, 0x2a08, 0x4c71, 0x0841,
0x10a3, 0x18c3, 0x18e4, 0x2125, 0x2125, 0x3144, 0x6a66, 0x2966, 0x3187, 0x39e8,
0x08a3, 0x0061, 0x08c3, 0x0882, 0x0062, 0x0041, 0x0882, 0x08c3, 0x08a2, 0x0041,
0x0882, 0x1165, 0x1124, 0x1104, 0x1145, 0x1145, 0x1145, 0x1145, 0x08c3, 0x0861,
0x10c3, 0x10c3, 0x10e3, 0x10c3, 0x10c3, 0x10c3, 0x10c3, 0x10c3, 0x10e3, 0x1166,
0x1166, 0x1966, 0x1104, 0x08e3, 0x1165, 0x1124, 0x1145, 0x1125, 0x1125, 0x1124,
0x1104, 0x08c3, 0x19e7, 0x1a07, 0x10e4, 0x1124, 0x1104, 0x1104, 0x1104, 0x1104,
0x10e3, 0x1104, 0x1124, 0x08a3, 0x0061, 0x10c3, 0x10c3, 0x10c3, 0x10a3, 0x10c3,
0x08a3, 0x0904, 0x1186, 0x10e4, 0x1104, 0x1125, 0x0904, 0x08c3, 0x08a2, 0x08a2,
0x0882, 0x0882, 
0x0863, 0x10c4, 0x10c4, 0x10a4, 0x0883, 0x0862, 0x0842, 0x0842, 0x0021, 0x0822,
0x2064, 0x1063, 0x0863, 0x0863, 0x0863, 0x1083, 0x1083, 0x10a4, 0x10a4, 0x10a4,
0x10a4, 0x10a4, 0x10a4, 0x10c5, 0x10a4, 0x10a4, 0x10a4, 0x10a4, 0x10a4, 0x10a4,
0x0863, 0x1083, 0x10a4, 0x1083, 0x0883, 0x10a3, 0x1083, 0x1083, 0x10a4, 0x0883,
0x0883, 0x10c4, 0x10a4, 0x10a4, 0x10a4, 0x10a4, 0x10a4, 0x10a4, 0x10a4, 0x10a4,
0x10a4, 0x10a4, 0x1084, 0x1084, 0x0883, 0x1083, 0x0863, 0x0863, 0x0863, 0x0863,
0x1063, 0x2064, 0x1843, 0x0001, 0x0021, 0x0822, 0x0862, 0x0883, 0x0883, 0x0842,
0x10a4, 0x10c4, 0x18a3, 0x10a3, 0x18a2, 0x1082, 0x1082, 0x10a2, 0x10a3, 0x18e3,
0x18c3, 0x10a3, 0x18e3, 0x18c3, 0x18c3, 0x18e3, 0x2103, 0x1082, 0x10a2, 0x18c3,
0x18c3, 0x20e3, 0x18c3, 0x18c3, 0x18c3, 0x2104, 0x20e3, 0x0882, 0x18e6, 0x1927,
0x1907, 0x1906, 0x10c5, 0x10a4, 0x10c4, 0x10e5, 0x1906, 0x1947, 0x2148, 0x10e5,
0x1927, 0x1927, 0x10c4, 0x10e5, 0x1927, 0x2148, 0x1948, 0x1927, 0x1906, 0x10e5,
0x10a4, 0x1082, 0x2103, 0x18c3, 0x18c3, 0x18c3, 0x2103, 0x18c3, 0x18c3, 0x18c3,
0x10a2, 0x18c3, 0x18c3, 0x18c3, 0x18e3, 0x10a3, 0x18c3, 0x18c3, 0x10a3, 0x10a2,
0x1082, 0x10a2, 0x10a2, 0x18a3, 0x1146, 0x1a24, 0x19e5, 0x1145, 0x1124, 0x08e4,
0x08c3, 0x08a2, 0x08a3, 0x1104, 0x1124, 0x1145, 0x1986, 0x19a6, 0x19c7, 0x19e8,
0x1a08, 0x2249, 0x2249, 0x2249, 0x2249, 0x2249, 0x2269, 0x2249, 0x2249, 0x2249,
0x2249, 0x2228, 0x1a08, 0x10e3, 0x18e3, 0x2104, 0x2104, 0x2124, 0x2124, 0x2124,
0x2124, 0x2124, 0x2124, 0x2124, 0x2124, 0x18c3, 0x1986, 0x2228, 0x2249, 0x2249,
0x2249, 0x2269, 0x2269, 0x2249, 0x2249, 0x2249, 0x2249, 0x1a08, 0x1a28, 0x1a08,
0x19e8, 0x19c7, 0x19a6, 0x1166, 0x1145, 0x1124, 0x1104, 0x08a2, 0x08a3, 0x0904,
0x1145, 0x19a6, 0x1166, 0x1a44, 0x1985, 0x1165, 0x20e9, 0x2089, 0x210a, 0x2a4e,
0x3d38, 0x45fb, 0x2a0e, 0x21cd, 0x296b, 0x292a, 0x28ea, 0x312c, 0x294c, 0x32b0,
0x296d, 0x3250, 0x4d79, 0x3210, 0x28ea, 0x298d, 0x20a8, 0x2087, 0x20a8, 0x2088,
0x28ca, 0x292b, 0x292b, 0x29ce, 0x312d, 0x4210, 0x4374, 0x4314, 0x4519, 0x459a,
0x44b7, 0x4ebc, 0x4539, 0x4539, 0x4539, 0x4cb8, 0x42b2, 0x4b95, 0x49b0, 0x394e,
0x29cf, 0x294c, 0x294c, 0x298d, 0x4539, 0x33d4, 0x214c, 0x20e9, 0x294b, 0x290b,
0x290b, 0x290a, 0x2068, 0x20a9, 0x298d, 0x29ad, 0x210b, 0x2ad1, 0x4e9c, 0x3393,
0x18ea, 0x210a, 0x20a8, 0x2088, 0x20a8, 0x2888, 0x596d, 0x1867, 0x18a3, 0x18c3,
0x18c3, 0x18e4, 0x18c3, 0x1082, 0x1082, 0x1082, 0x2904, 0x5207, 0x5207, 0x5207,
0x51e7, 0x5a89, 0x42ca, 0x0841, 0x18a2, 0x1082, 0x20c3, 0x28e3, 0x28e3, 0x3103,
0x3103, 0x3103, 0x3103, 0x28e3, 0x20a2, 0x20c3, 0x1082, 0x18c3, 0x2104, 0x18c3,
0x18a3, 0x18c3, 0x2925, 0x2946, 0x2925, 0x2925, 0x2125, 0x2125, 0x2125, 0x2125,
0x2125, 0x2104, 0x2104, 0x2925, 0x2904, 0x18a3, 0x18c3, 0x20e4, 0x18a3, 0x18a3,
0x1062, 0x1062, 0x1882, 0x20a2, 0x20c3, 0x18a2, 0x1882, 0x1062, 0x3124, 0x3965,
0x41a6, 0x41a6, 0x0862, 0x0862, 0x1082, 0x1082, 0x1082, 0x10a3, 0x1082, 0x1062,
0x0862, 0x0861, 0x0861, 0x0861, 0x0020, 0x0862, 0x0883, 0x0862, 0x0862, 0x0882,
0x0882, 0x0882, 0x1082, 0x0882, 0x18a2, 0x3143, 0x0882, 0x1082, 0x10a3, 0x10a3,
0x0841, 0x0841, 0x0861, 0x1082, 0x10a2, 0x2923, 0x20e3, 0x0882, 0x10a2, 0x10a2,
0x10a2, 0x0841, 0x1082, 0x10a3, 0x10a3, 0x10a3, 0x10a3, 0x18c3, 0x51e5, 0x18a2,
0x0862, 0x10c3, 0x10c3, 0x10c3, 0x10c3, 0x10c3, 0x10a3, 0x10a3, 0x10a3, 0x10a3,
0x10a3, 0x0882, 0x0882, 0x0882, 0x0862, 0x0862, 0x0861, 0x0861, 0x0861, 0x0861,
0x0861, 0x0020, 0x0000, 0x0841, 0x0861, 0x0862, 0x1082, 0x1082, 0x10a3, 0x10c3,
0x10c4, 0x18e4, 0x1082, 0x1082, 0x1082, 0x1082, 0x20a2, 0x5104, 0x1882, 0x1082,
0x1082, 0x1082, 0x18a3, 0x18a3, 0x18a3, 0x18a3, 0x18a3, 0x18a3, 0x18a3, 0x18a3,
0x18a3, 0x18a3, 0x18a3, 0x18a3, 0x18e3, 0x18c3, 0x18c3, 0x10a2, 0x1082, 0x1082,
0x1082, 0x18a3, 0x20e3, 0x20e4, 0x20e4, 0x20e3, 0x20e4, 0x20e3, 0x20e4, 0x20e4,
0x20e4, 0x20e4, 0x20e4, 0x20e3, 0x18a2, 0x1082, 0x1082, 0x1062, 0x10a2, 0x18c3,
0x18c3, 0x18e3, 0x18a3, 0x18c3, 0x18a3, 0x18a3, 0x18a3, 0x18a3, 0x18a3, 0x18a3,
0x18a3, 0x18a3, 0x18a3, 0x18a3, 0x1082, 0x1082, 0x1082, 0x18a2, 0x5924, 0x20a2,
0x1082, 0x1082, 0x1082, 0x1082, 0x2084, 0x0862, 0x0862, 0x0862, 0x0862, 0x0862,
0x1082, 0x0841, 0x0841, 0x1062, 0x0842, 0x0862, 0x0862, 0x18e4, 0x10a3, 0x10a3,
0x18c4, 0x18c4, 0x18c4, 0x23f0, 0x1987, 0x10a3, 0x10a3, 0x18e5, 0x0841, 0x0841,
0x1083, 0x1083, 0x10a3, 0x10a3, 0x10a3, 0x1082, 0x1083, 0x10c3, 0x10a3, 0x10a3,
0x10a3, 0x10a3, 0x10a3, 0x0862, 0x18c4, 0x10a3, 0x18c4, 0x2146, 0x0862, 0x18c4,
0x20e5, 0x20e5, 0x2167, 0x2c73, 0x2126, 0x2105, 0x18e5, 0x18c4, 0x18c4, 0x18a4,
0x18a4, 0x10a3, 0x10a3, 0x18c4, 0x10a3, 0x1082, 0x1083, 0x1083, 0x1082, 0x0021,
0x0000, 0x0021, 0x0821, 0x0841, 0x0862, 0x0862, 0x3084, 0x2864, 0x2864, 0x2864,
0x2884, 0x2884, 0x3085, 0x3085, 0x3085, 0x3085, 0x3085, 0x3085, 0x30a5, 0x30a5,
0x30a5, 0x30a5, 0x30a5, 0x30a5, 0x30a5, 0x38e6, 0x524a, 0x0842, 0x3906, 0x28c5,
0x1883, 0x20e5, 0x20c5, 0x20c4, 0x20e5, 0x20c4, 0x20c5, 0x51ca, 0x72ae, 0x3967,
0x4188, 0x72ce, 0x72cf, 0x49ca, 0x2906, 0x20c5, 0x41a8, 0x41c9, 0x18a4, 0x20e5,
0x20e5, 0x20c4, 0x18a4, 0x1883, 0x1062, 0x1883, 0x30c5, 0x5a8c, 0x3947, 0x1843,
0x2084, 0x2064, 0x2064, 0x2064, 0x2064, 0x2064, 0x2063, 0x2063, 0x2063, 0x1863,
0x1863, 0x1863, 0x1843, 0x1863, 0x2063, 0x2063, 0x2043, 0x1843, 0x38e3, 0x3124,
0x5cf3, 0x326a, 0x1883, 0x324a, 0x18e4, 0x1082, 0x1082, 0x1082, 0x1082, 0x1083,
0x1083, 0x1083, 0x1083, 0x18a3, 0x18a4, 0x20c4, 0x48c8, 0x2084, 0x1883, 0x1083,
0x1083, 0x1083, 0x2884, 0x50c8, 0x18c3, 0x18a3, 0x10a3, 0x10a3, 0x18a3, 0x18a3,
0x18a4, 0x18c4, 0x18c4, 0x18c4, 0x18c4, 0x18c4, 0x18c4, 0x18c4, 0x18c4, 0x18c4,
0x18c4, 0x18a3, 0x18a3, 0x1083, 0x1083, 0x1083, 0x1083, 0x1083, 0x1083, 0x18c4,
0x20e4, 0x18a3, 0x10a3, 0x1082, 0x1062, 0x0862, 0x1904, 0x5d14, 0x5492, 0x1104,
0x1062, 0x18a3, 0x18c4, 0x2104, 0x2945, 0x2104, 0x6a25, 0x39a6, 0x2967, 0x39c8,
0x08c3, 0x0882, 0x0882, 0x08a2, 0x0062, 0x0041, 0x0882, 0x08c3, 0x08c3, 0x0061,
0x0062, 0x1145, 0x1145, 0x1104, 0x1124, 0x1124, 0x1125, 0x1125, 0x1145, 0x08c3,
0x0862, 0x10e3, 0x10c3, 0x10c3, 0x10c3, 0x10c3, 0x10c3, 0x10c3, 0x10c3, 0x08c3,
0x10e4, 0x1125, 0x1124, 0x08e3, 0x1124, 0x1104, 0x1145, 0x1125, 0x1125, 0x1124,
0x08c3, 0x1144, 0x19e6, 0x10e4, 0x1104, 0x1104, 0x1104, 0x1104, 0x1104, 0x1104,
0x08e3, 0x1104, 0x1104, 0x0882, 0x0882, 0x10c3, 0x10c3, 0x08c3, 0x08c3, 0x10c3,
0x08a2, 0x1145, 0x1186, 0x10e4, 0x1104, 0x1124, 0x08e4, 0x08c3, 0x08a2, 0x0882,
0x0882, 0x0062, 
0x0862, 0x0883, 0x10a4, 0x10a4, 0x0863, 0x0842, 0x0822, 0x0822, 0x0021, 0x0822,
0x2064, 0x1063, 0x0842, 0x0843, 0x0863, 0x0863, 0x0863, 0x0863, 0x1083, 0x0883,
0x1083, 0x1083, 0x1083, 0x1083, 0x1083, 0x0883, 0x1084, 0x1083, 0x1084, 0x1083,
0x0862, 0x0863, 0x0863, 0x0863, 0x0863, 0x1083, 0x0883, 0x0863, 0x0883, 0x0863,
0x0863, 0x0883, 0x1084, 0x0883, 0x0884, 0x0884, 0x0883, 0x0884, 0x0883, 0x0883,
0x0883, 0x0883, 0x0883, 0x0883, 0x0863, 0x0863, 0x0863, 0x0863, 0x0863, 0x0863,
0x1063, 0x2064, 0x1043, 0x0001, 0x0021, 0x0822, 0x0842, 0x0863, 0x0842, 0x0863,
0x10c4, 0x0883, 0x18a3, 0x18a3, 0x18a2, 0x1082, 0x1082, 0x10a2, 0x10a3, 0x18c3,
0x18c3, 0x10a3, 0x18c3, 0x18c3, 0x18c3, 0x18c3, 0x2103, 0x10a3, 0x1082, 0x18c3,
0x18c3, 0x18e3, 0x20e3, 0x18c3, 0x18c3, 0x18e3, 0x2103, 0x0882, 0x10c5, 0x1906,
0x1927, 0x1927, 0x1907, 0x10c5, 0x10a4, 0x10a4, 0x10a4, 0x10c5, 0x10c5, 0x18e5,
0x10c5, 0x10c4, 0x18e6, 0x1948, 0x1948, 0x1927, 0x1927, 0x1906, 0x10e5, 0x10c5,
0x1083, 0x10a2, 0x18e3, 0x18c3, 0x18c3, 0x18e3, 0x20e3, 0x18c3, 0x18c3, 0x18c3,
0x10a2, 0x20e3, 0x18c3, 0x18c3, 0x18e3, 0x10a3, 0x18c3, 0x18c3, 0x10a2, 0x1082,
0x1082, 0x18a2, 0x10a2, 0x18c3, 0x1165, 0x1a64, 0x1185, 0x1166, 0x1165, 0x1125,
0x08c3, 0x08a2, 0x08a3, 0x1104, 0x1104, 0x1125, 0x1165, 0x1986, 0x19a6, 0x19c7,
0x19c7, 0x1a08, 0x1a08, 0x2208, 0x2208, 0x2208, 0x2208, 0x2208, 0x2208, 0x2208,
0x2228, 0x2208, 0x19e7, 0x10c3, 0x18e3, 0x18e3, 0x18e3, 0x18e4, 0x18e4, 0x18e4,
0x18e3, 0x18e4, 0x18e3, 0x18e3, 0x18e4, 0x18a3, 0x1965, 0x1a08, 0x2228, 0x2228,
0x2228, 0x2228, 0x2228, 0x2208, 0x2208, 0x2208, 0x1a08, 0x19c7, 0x19e8, 0x19c7,
0x19c7, 0x1986, 0x1166, 0x1145, 0x1125, 0x1124, 0x1104, 0x08a3, 0x08c3, 0x1124,
0x1165, 0x19a6, 0x1166, 0x1a04, 0x19c5, 0x1166, 0x20a8, 0x20c9, 0x20c8, 0x2088,
0x1889, 0x3cb6, 0x3414, 0x18ca, 0x214b, 0x292b, 0x29ac, 0x29cd, 0x216b, 0x298c,
0x2a6f, 0x296d, 0x3b74, 0x3d17, 0x29ee, 0x20ea, 0x2067, 0x20a8, 0x20a8, 0x2088,
0x20c9, 0x290b, 0x296c, 0x316d, 0x392c, 0x4353, 0x39f0, 0x4477, 0x5375, 0x4314,
0x3b75, 0x46dd, 0x4518, 0x3b14, 0x3ad3, 0x4416, 0x4354, 0x3a51, 0x4b54, 0x38ed,
0x298e, 0x298d, 0x214c, 0x3c76, 0x3c56, 0x18ca, 0x210a, 0x20a8, 0x2088, 0x294b,
0x20c9, 0x290b, 0x20c9, 0x20e9, 0x296c, 0x20ca, 0x2a0e, 0x4e5c, 0x3393, 0x212b,
0x210a, 0x20a8, 0x20a8, 0x2088, 0x2087, 0x2088, 0x596d, 0x1867, 0x18a3, 0x1082,
0x1082, 0x1082, 0x10a3, 0x10a3, 0x1082, 0x1082, 0x49c6, 0x5207, 0x5207, 0x5207,
0x51e6, 0x5aa9, 0x640f, 0x0841, 0x1082, 0x1062, 0x20c3, 0x28e3, 0x28e3, 0x28e3,
0x3103, 0x3103, 0x3103, 0x28e3, 0x20c2, 0x20c3, 0x1082, 0x18a3, 0x2104, 0x20e4,
0x2104, 0x2104, 0x2925, 0x2966, 0x2925, 0x2925, 0x2925, 0x2925, 0x2925, 0x2105,
0x2105, 0x2105, 0x2104, 0x2925, 0x20e4, 0x20c3, 0x20c3, 0x20c3, 0x18a3, 0x10a2,
0x1082, 0x1062, 0x0862, 0x0841, 0x0861, 0x0861, 0x0841, 0x0841, 0x41a6, 0x5227,
0x5207, 0x5207, 0x18a3, 0x0862, 0x10a2, 0x10a2, 0x1082, 0x1062, 0x1062, 0x18a3,
0x0862, 0x0862, 0x0861, 0x0861, 0x0841, 0x0861, 0x10a3, 0x0862, 0x0862, 0x0862,
0x0882, 0x1082, 0x1082, 0x0882, 0x1082, 0x3143, 0x1082, 0x0882, 0x10a3, 0x10a3,
0x0841, 0x0861, 0x0861, 0x0882, 0x18c3, 0x49a4, 0x41a4, 0x18c3, 0x10a2, 0x10a2,
0x1082, 0x0841, 0x10a3, 0x10a3, 0x10a3, 0x10a3, 0x0882, 0x3144, 0x4184, 0x0041,
0x10a3, 0x10c3, 0x10a3, 0x10a3, 0x10a3, 0x10a3, 0x10a3, 0x10a3, 0x10a3, 0x10a3,
0x1083, 0x0882, 0x0882, 0x0862, 0x0862, 0x0861, 0x0861, 0x0861, 0x0841, 0x0841,
0x0841, 0x0841, 0x0020, 0x0841, 0x0861, 0x0862, 0x1082, 0x10a3, 0x10c3, 0x10c3,
0x10c4, 0x18e4, 0x1082, 0x1082, 0x1082, 0x1082, 0x40e4, 0x7165, 0x28c3, 0x0882,
0x1082, 0x1082, 0x10a2, 0x18a3, 0x18a3, 0x18a3, 0x18a3, 0x18a3, 0x18a3, 0x18a3,
0x18a3, 0x18a3, 0x18a3, 0x18a3, 0x18c3, 0x18c3, 0x18a3, 0x1082, 0x1082, 0x1082,
0x18a2, 0x18c3, 0x18c3, 0x20e4, 0x20e4, 0x20e4, 0x20e4, 0x20e4, 0x20e4, 0x20e4,
0x20e4, 0x20e4, 0x20e4, 0x18c3, 0x18c3, 0x1082, 0x1082, 0x1082, 0x1082, 0x18a3,
0x20e3, 0x18c3, 0x18c3, 0x18c3, 0x18a3, 0x18a3, 0x18a3, 0x18a3, 0x18a3, 0x18a3,
0x18a3, 0x18a3, 0x18a3, 0x1082, 0x1082, 0x1082, 0x1082, 0x30c3, 0x7166, 0x38e4,
0x1082, 0x1082, 0x1082, 0x1082, 0x1062, 0x0862, 0x0862, 0x0862, 0x0862, 0x0861,
0x0841, 0x0841, 0x1062, 0x0862, 0x0862, 0x0862, 0x0862, 0x18c3, 0x1083, 0x1083,
0x10a3, 0x1883, 0x1987, 0x238f, 0x18a3, 0x10a3, 0x10a3, 0x10c4, 0x0020, 0x0862,
0x1083, 0x1083, 0x1083, 0x10a3, 0x10a3, 0x0862, 0x10a3, 0x10a3, 0x10a3, 0x10a3,
0x10a3, 0x10a3, 0x10a3, 0x0862, 0x18c4, 0x10a3, 0x18c4, 0x2126, 0x0862, 0x18a4,
0x18c4, 0x18c4, 0x18e5, 0x2c32, 0x2187, 0x18c4, 0x18c4, 0x18c4, 0x18a3, 0x10a3,
0x1083, 0x18c4, 0x18e4, 0x1083, 0x0862, 0x0862, 0x0842, 0x0842, 0x0862, 0x0841,
0x0020, 0x0021, 0x0021, 0x0841, 0x0862, 0x0862, 0x2864, 0x2064, 0x2064, 0x2864,
0x2864, 0x2884, 0x2884, 0x2884, 0x2884, 0x2884, 0x2884, 0x2884, 0x2884, 0x2884,
0x2884, 0x2884, 0x2884, 0x28a5, 0x2044, 0x51c9, 0x41c8, 0x0801, 0x28e5, 0x620b,
0x4988, 0x1063, 0x1063, 0x1883, 0x1883, 0x18a4, 0x18a4, 0x20c4, 0x6a8d, 0x8330,
0x49c9, 0x20c5, 0x3147, 0x49c9, 0x4168, 0x20c5, 0x18a4, 0x1062, 0x1063, 0x1863,
0x1883, 0x1883, 0x1062, 0x20a4, 0x28c4, 0x4968, 0x4948, 0x3167, 0x5a8b, 0x1822,
0x2063, 0x1863, 0x1863, 0x1863, 0x1863, 0x1863, 0x1863, 0x1843, 0x1863, 0x1863,
0x1863, 0x1843, 0x1843, 0x1843, 0x1843, 0x1843, 0x1843, 0x1843, 0x38e3, 0x39e7,
0x5d14, 0x2145, 0x1883, 0x29a7, 0x2166, 0x1062, 0x1082, 0x1083, 0x1062, 0x1062,
0x1083, 0x1083, 0x1083, 0x1083, 0x1883, 0x18a3, 0x30a5, 0x2084, 0x1083, 0x1083,
0x1083, 0x1082, 0x2884, 0x30a5, 0x10a3, 0x1083, 0x1083, 0x1083, 0x1083, 0x1083,
0x1083, 0x1083, 0x10a3, 0x10a3, 0x18a3, 0x10a3, 0x18a3, 0x18a3, 0x10a3, 0x10a3,
0x1083, 0x1083, 0x1083, 0x1083, 0x1083, 0x1083, 0x1083, 0x1083, 0x18a3, 0x20e4,
0x18c4, 0x18a3, 0x1083, 0x1082, 0x1062, 0x1082, 0x43af, 0x5cd3, 0x3a8a, 0x2a08,
0x0842, 0x18a3, 0x18c3, 0x18e4, 0x2925, 0x1905, 0x51c4, 0x5206, 0x2946, 0x39a7,
0x08c3, 0x08a3, 0x0882, 0x08a2, 0x0882, 0x0061, 0x0062, 0x08c3, 0x08c3, 0x0062,
0x0062, 0x1104, 0x1145, 0x1104, 0x1104, 0x1104, 0x1125, 0x1125, 0x1125, 0x1125,
0x08a3, 0x08a2, 0x10e3, 0x10c3, 0x10c3, 0x10c3, 0x10c3, 0x10c3, 0x10c3, 0x08a3,
0x08c3, 0x1104, 0x10e4, 0x1104, 0x1104, 0x1104, 0x1124, 0x1125, 0x1125, 0x08e3,
0x08e4, 0x1145, 0x1104, 0x1104, 0x1104, 0x1104, 0x1104, 0x1104, 0x1104, 0x1104,
0x08e3, 0x1104, 0x1104, 0x0862, 0x08a3, 0x10c3, 0x10c3, 0x08c3, 0x10c3, 0x10c3,
0x08c3, 0x10e4, 0x10e4, 0x1104, 0x1104, 0x1104, 0x0904, 0x08c3, 0x08a2, 0x0882,
0x0882, 0x0062, 

};

const struct bitmap bm_nightcity_portraits = { 
    .width = BMPWIDTH_nightcity_portraits, 
    .height = BMPHEIGHT_nightcity_portraits, 
    .format = FORMAT_NATIVE, 
    .data = (unsigned char*)nightcity_portraits,
};
