#include "lcd.h"
#include "/home/david/Documents/RockBox_Personal-master/build-native-ipodnano3g/pluginbitmaps/nightcity_endings.h"
const unsigned short nightcity_endings[] = {
0x0000, 0x0000, 0x0000, 0x0000, 0x0000, 0x0000, 0x1082, 0x4208, 0x39e7, 0x39e7,
0x39e7, 0x39e7, 0x4208, 0x3a07, 0x3a07, 0x3a07, 0x39e7, 0x39e7, 0x39e7, 0x3a07,
0x39e7, 0x3a07, 0x3a07, 0x3a07, 0x3a07, 0x39e7, 0x39e7, 0x39e7, 0x39e7, 0x3a07,
0x39e7, 0x39e7, 0x4207, 0x4208, 0x4208, 0x4208, 0x4208, 0x4208, 0x4208, 0x4208,
0x4208, 0x4208, 0x4208, 0x4208, 0x4208, 0x4208, 0x4208, 0x4208, 0x4208, 0x4208,
0x4208, 0x4208, 0x4208, 0x4208, 0x4208, 0x4208, 0x4208, 0x4208, 0x3a08, 0x39e7,
0x4208, 0x1082, 0x0000, 0x0000, 0x0000, 0x0000, 0x0000, 0x0000, 0x10c4, 0x0883,
0x0883, 0x0883, 0x0883, 0x0883, 0x0883, 0x0883, 0x0883, 0x0883, 0x0883, 0x0883,
0x0883, 0x0883, 0x0883, 0x0883, 0x0883, 0x08a3, 0x0042, 0x39c5, 0x5206, 0x08c4,
0x1c93, 0x330b, 0x3a27, 0x132e, 0x08c4, 0x1882, 0x3143, 0x41c5, 0x39a5, 0x31a5,
0x41e5, 0x4a46, 0x4a67, 0x39c5, 0x31a5, 0x39a5, 0x41a5, 0x3143, 0x1881, 0x08a4,
0x130d, 0x3a47, 0x3aeb, 0x1c93, 0x08c4, 0x49e5, 0x39c6, 0x0042, 0x0883, 0x0883,
0x0883, 0x0883, 0x0883, 0x0883, 0x0883, 0x0883, 0x0883, 0x0883, 0x0883, 0x0883,
0x0883, 0x0883, 0x0883, 0x0883, 0x0883, 0x10c4, 0x0000, 0x0000, 0x0000, 0x0000,
0x0000, 0x0000, 0x0000, 0x0000, 0x0000, 0x0000, 0x0000, 0x0000, 0x0000, 0x0000,
0x0000, 0x0000, 0x0000, 0x0000, 0x0000, 0x0000, 0x0000, 0x0000, 0x0000, 0x0000,
0x0000, 0x0000, 0x0000, 0x0000, 0x0000, 0x0000, 0x0000, 0x0000, 0x0000, 0x0000,
0x0000, 0x0000, 0x0000, 0x0000, 0x0000, 0x0000, 0x0000, 0x0000, 0x0000, 0x0000,
0x0000, 0x0000, 0x0000, 0x0000, 0x0000, 0x0000, 0x0000, 0x0000, 0x0000, 0x0000,
0x0000, 0x0000, 0x0000, 0x0000, 0x0000, 0x0000, 0x0000, 0x0000, 0x0000, 0x0000,
0x0000, 0x0000, 0x0000, 0x0000, 0x0000, 0x0000, 0x0000, 0x0000, 0x0000, 0x0000,
0x0000, 0x0000, 0x0000, 0x0000, 0x0000, 0x0000, 0x0000, 0x0000, 0x0000, 0x0000,
0x0000, 0x0000, 0x0000, 0x0000, 0x0000, 0x0000, 0x0000, 0x0000, 0x0000, 0x0000,
0x0000, 0x0000, 0x0000, 0x0000, 0x0000, 0x0000, 0x0000, 0x0000, 0x0000, 0x0000,
0x0000, 0x0000, 0x0000, 0x0000, 0x0000, 0x0000, 0x0000, 0x0000, 0x0000, 0x0000,
0x0000, 0x0000, 0x0000, 0x0000, 0x0000, 0x0000, 0x0000, 0x0000, 0x0000, 0x0000,
0x0000, 0x0000, 0x0000, 0x0000, 0x0000, 0x0000, 0x0000, 0x0000, 0x0000, 0x0000,
0x0000, 0x0000, 
0x0000, 0x0000, 0x0000, 0x0000, 0x0000, 0x0000, 0x4228, 0xffff, 0xffff, 0xffff,
0xffff, 0xffff, 0xffff, 0xffff, 0xffff, 0xffff, 0xffff, 0xffff, 0xffff, 0xffff,
0xffff, 0xffff, 0xffff, 0xffff, 0xffff, 0xffff, 0xffff, 0xffff, 0xffff, 0xffff,
0xffff, 0xffff, 0xffff, 0xffff, 0xffff, 0xffff, 0xffff, 0xffff, 0xffff, 0xffff,
0xffff, 0xffff, 0xffff, 0xffff, 0xefff, 0xffff, 0xffff, 0xffff, 0xffff, 0xffff,
0xffff, 0xffff, 0xffff, 0xffff, 0xffff, 0xffff, 0xffff, 0xffff, 0xffff, 0xffff,
0xffff, 0x4208, 0x0000, 0x0000, 0x0000, 0x0000, 0x0000, 0x0000, 0x10c4, 0x0883,
0x0883, 0x0883, 0x0883, 0x0883, 0x0883, 0x0883, 0x0883, 0x0883, 0x0883, 0x0883,
0x0883, 0x0883, 0x08a3, 0x0883, 0x0883, 0x0042, 0x4206, 0x4a26, 0x09a8, 0x369a,
0x47ff, 0x130d, 0x0801, 0x20c2, 0x41c5, 0x39c5, 0x1904, 0x0883, 0x0063, 0x18e4,
0x31a6, 0x1904, 0x1904, 0x31a5, 0x18e4, 0x0063, 0x0883, 0x1904, 0x39c5, 0x41e5,
0x20e3, 0x0821, 0x12ec, 0x47ff, 0x3ebb, 0x09c8, 0x41e5, 0x4206, 0x0042, 0x0883,
0x0883, 0x08a3, 0x0883, 0x0883, 0x0883, 0x0883, 0x0883, 0x0883, 0x0883, 0x0883,
0x0883, 0x0883, 0x0883, 0x0883, 0x0883, 0x10c4, 0x0000, 0x0000, 0x0000, 0x0000,
0x0000, 0x0000, 0x0000, 0x0000, 0x0000, 0x0000, 0x0000, 0x0000, 0x0000, 0x0000,
0x0000, 0x0000, 0x0000, 0x0000, 0x0000, 0x0000, 0x0000, 0x0000, 0x0000, 0x0000,
0x0000, 0x0000, 0x0000, 0x0000, 0x0000, 0x0000, 0x0000, 0x0000, 0x0000, 0x0000,
0x0000, 0x0000, 0x0000, 0x0000, 0x0000, 0x0000, 0x0000, 0x0000, 0x0000, 0x0000,
0x0000, 0x0000, 0x0000, 0x0000, 0x0000, 0x0000, 0x0000, 0x0000, 0x0000, 0x0000,
0x0000, 0x0000, 0x0000, 0x0000, 0x0000, 0x0000, 0x0000, 0x0000, 0x0000, 0x0000,
0x0000, 0x0000, 0x0000, 0x0000, 0x0000, 0x0000, 0x0000, 0x0000, 0x0000, 0x0000,
0x0000, 0x0000, 0x0000, 0x0000, 0x0000, 0x0000, 0x0000, 0x0000, 0x0000, 0x0000,
0x0000, 0x0000, 0x0000, 0x0000, 0x0000, 0x0000, 0x0000, 0x0000, 0x0000, 0x0000,
0x0000, 0x0000, 0x0000, 0x0000, 0x0000, 0x0000, 0x0000, 0x0000, 0x0000, 0x0000,
0x0000, 0x0000, 0x0000, 0x0000, 0x0000, 0x0000, 0x0000, 0x0000, 0x0000, 0x0000,
0x0000, 0x0000, 0x0000, 0x0000, 0x0000, 0x0000, 0x0000, 0x0000, 0x0000, 0x0000,
0x0000, 0x0000, 0x0000, 0x0000, 0x0000, 0x0000, 0x0000, 0x0000, 0x0000, 0x0000,
0x0000, 0x0000, 
0x0000, 0x0000, 0x0000, 0x0000, 0x0000, 0x0000, 0x4208, 0xffff, 0xffdf, 0xffff,
0xffff, 0xffff, 0xffff, 0xffff, 0xffff, 0xffff, 0xffff, 0xffff, 0xffff, 0xffff,
0xffff, 0xffff, 0xffff, 0xffff, 0xffff, 0xffff, 0xffff, 0xffff, 0xffff, 0xffff,
0xffff, 0xffff, 0xffff, 0xffff, 0xffff, 0xffff, 0xffff, 0xffff, 0xffff, 0xffff,
0xffff, 0xffdf, 0xffff, 0xffff, 0x97df, 0xd7ff, 0xffff, 0xffff, 0xffff, 0xffff,
0xffff, 0xffff, 0xffff, 0xffff, 0xffff, 0xffff, 0xffff, 0xffff, 0xffff, 0xffdf,
0xffff, 0x39e7, 0x0000, 0x0000, 0x0000, 0x0000, 0x0000, 0x0000, 0x10c4, 0x0883,
0x0883, 0x0883, 0x0883, 0x0883, 0x0883, 0x0883, 0x0883, 0x0883, 0x0883, 0x0883,
0x08a3, 0x0042, 0x4a26, 0x5aa8, 0x3185, 0x31a5, 0x31a5, 0x0022, 0x35f8, 0x36fb,
0x2249, 0x3144, 0x39c5, 0x39a5, 0x10a3, 0x0002, 0x0043, 0x0863, 0x2124, 0x41e6,
0x2124, 0x2124, 0x2145, 0x2124, 0x41e6, 0x2124, 0x0063, 0x0043, 0x0002, 0x10a3,
0x39a5, 0x39a5, 0x3144, 0x2249, 0x36db, 0x3618, 0x0002, 0x3185, 0x31a5, 0x3185,
0x5287, 0x4a47, 0x0042, 0x08a3, 0x0883, 0x0883, 0x0883, 0x0883, 0x0883, 0x0883,
0x0883, 0x0883, 0x0883, 0x0883, 0x0883, 0x10c4, 0x0000, 0x0000, 0x0000, 0x0000,
0x0000, 0x0000, 0x0000, 0x0000, 0x0000, 0x0000, 0x0000, 0x0000, 0x0000, 0x0000,
0x0000, 0x0000, 0x0000, 0x0000, 0x0000, 0x0000, 0x0000, 0x0000, 0x0000, 0x0000,
0x0000, 0x0000, 0x0000, 0x0000, 0x0000, 0x0000, 0x0000, 0x0000, 0x0000, 0x0000,
0x0000, 0x0000, 0x0000, 0x0000, 0x0000, 0x0000, 0x0000, 0x0000, 0x0000, 0x0000,
0x0000, 0x0000, 0x0000, 0x0000, 0x0000, 0x0000, 0x0000, 0x0000, 0x0000, 0x0000,
0x0000, 0x0000, 0x0000, 0x0000, 0x0000, 0x0000, 0x0000, 0x0000, 0x0000, 0x0000,
0x0000, 0x0000, 0x0000, 0x0000, 0x0000, 0x0000, 0x0000, 0x0000, 0x0000, 0x0000,
0x0000, 0x0000, 0x0000, 0x0000, 0x0000, 0x0000, 0x0000, 0x0000, 0x0000, 0x0000,
0x0000, 0x0000, 0x0000, 0x0000, 0x0000, 0x0000, 0x0000, 0x0000, 0x0000, 0x0000,
0x0000, 0x0000, 0x0000, 0x0000, 0x0882, 0x10a3, 0x0862, 0x0000, 0x0000, 0x0882,
0x1925, 0x0882, 0x0000, 0x0000, 0x0000, 0x0000, 0x0000, 0x0000, 0x0000, 0x0000,
0x0000, 0x0000, 0x0000, 0x0000, 0x0000, 0x0000, 0x0000, 0x0000, 0x0000, 0x0000,
0x0000, 0x0000, 0x0000, 0x0000, 0x0000, 0x0000, 0x0000, 0x0000, 0x0000, 0x0000,
0x0000, 0x0000, 
0x0000, 0x0000, 0x0000, 0x0000, 0x0000, 0x0000, 0x4208, 0xffff, 0xffff, 0xffff,
0xffff, 0xffff, 0xffff, 0xffff, 0xffff, 0xffff, 0xffff, 0xffff, 0xffff, 0xffff,
0xffff, 0xffff, 0xffff, 0xffff, 0xffff, 0xffff, 0xffff, 0xffff, 0xffff, 0xffff,
0xffff, 0xffff, 0xffff, 0xffff, 0xffff, 0xffff, 0xffff, 0xffff, 0xffff, 0xffff,
0xffff, 0xffff, 0xffff, 0xffff, 0x5fff, 0xb7ff, 0xffff, 0xffff, 0xffff, 0xffff,
0xffff, 0xffff, 0xffff, 0xffff, 0xffff, 0xffff, 0xffff, 0xffff, 0xffff, 0xffff,
0xffff, 0x39e7, 0x0000, 0x0000, 0x0000, 0x0000, 0x0000, 0x0000, 0x10c4, 0x0883,
0x0883, 0x0883, 0x0883, 0x0883, 0x0883, 0x0883, 0x0883, 0x0883, 0x0883, 0x0883,
0x0883, 0x0883, 0x10a3, 0x10a3, 0x08a3, 0x31c6, 0x20e3, 0x41c4, 0x19a7, 0x0905,
0x20c2, 0x6b08, 0x2965, 0x0002, 0x0043, 0x5267, 0x736a, 0x736a, 0x7b6a, 0x7329,
0x7b89, 0x7baa, 0x7baa, 0x7b8a, 0x6b29, 0x7369, 0x736a, 0x736a, 0x5267, 0x0063,
0x0002, 0x2965, 0x7328, 0x20c2, 0x00e5, 0x19a7, 0x49c4, 0x2103, 0x31c6, 0x0883,
0x10a3, 0x10a3, 0x0883, 0x0883, 0x0883, 0x0883, 0x0883, 0x0883, 0x0883, 0x0883,
0x0883, 0x0883, 0x0883, 0x0883, 0x0883, 0x10c4, 0x0000, 0x0000, 0x0000, 0x0000,
0x0000, 0x0000, 0x0000, 0x0000, 0x0000, 0x0000, 0x0000, 0x0000, 0x0000, 0x0000,
0x0000, 0x0000, 0x0000, 0x0000, 0x0000, 0x0000, 0x0000, 0x0000, 0x0000, 0x0000,
0x0000, 0x0000, 0x0000, 0x0000, 0x0000, 0x0000, 0x0000, 0x0000, 0x0000, 0x0000,
0x0000, 0x0000, 0x0000, 0x0000, 0x0000, 0x0000, 0x0000, 0x0000, 0x0000, 0x0000,
0x0000, 0x0000, 0x0000, 0x0000, 0x0000, 0x0000, 0x0000, 0x0000, 0x0000, 0x0000,
0x0000, 0x0000, 0x0000, 0x0000, 0x0000, 0x0000, 0x0000, 0x0000, 0x0000, 0x0000,
0x0000, 0x0000, 0x0000, 0x0000, 0x0000, 0x0000, 0x0000, 0x0000, 0x0000, 0x0000,
0x0000, 0x0000, 0x0000, 0x0000, 0x0000, 0x0000, 0x0000, 0x0000, 0x0000, 0x0000,
0x0000, 0x0000, 0x0000, 0x0000, 0x0000, 0x0000, 0x0000, 0x0000, 0x0000, 0x0000,
0x0000, 0x0020, 0x42cb, 0x8cf4, 0xa597, 0xbdf9, 0xb557, 0x8bf2, 0x4a09, 0x1082,
0x0041, 0x0020, 0x0000, 0x0000, 0x0000, 0x0000, 0x0000, 0x0000, 0x0000, 0x0000,
0x0000, 0x0000, 0x0000, 0x0000, 0x0000, 0x0000, 0x0000, 0x0000, 0x0000, 0x0000,
0x0000, 0x0000, 0x0000, 0x0000, 0x0000, 0x0000, 0x0000, 0x0000, 0x0000, 0x0000,
0x0000, 0x0000, 
0x0000, 0x0000, 0x0000, 0x0000, 0x0000, 0x0000, 0x4208, 0xffff, 0xffff, 0xffff,
0xffff, 0xffff, 0xffff, 0xffff, 0xffff, 0xffff, 0xffff, 0xffff, 0xffff, 0xffff,
0xffff, 0xffff, 0xffff, 0xffff, 0xffff, 0xffff, 0xffff, 0xffff, 0xffff, 0xffff,
0xffff, 0xffff, 0xffff, 0xffff, 0xffff, 0xffff, 0xffff, 0xffff, 0xffff, 0xffff,
0xff5e, 0xff1e, 0xffff, 0xffff, 0x2f9e, 0x97df, 0xffff, 0xffff, 0xffff, 0xffff,
0xffff, 0xffff, 0xffff, 0xffff, 0xffff, 0xffff, 0xffff, 0xffff, 0xffff, 0xffff,
0xffff, 0x39e7, 0x0000, 0x0000, 0x0000, 0x0000, 0x0000, 0x0000, 0x10a4, 0x0883,
0x0883, 0x0883, 0x0883, 0x0883, 0x0883, 0x0883, 0x0883, 0x0883, 0x0883, 0x0883,
0x0883, 0x0883, 0x0883, 0x0883, 0x1167, 0x0822, 0x64b0, 0x3a89, 0x0821, 0x3164,
0x39c5, 0x0863, 0x2965, 0x2965, 0x7328, 0x5ac8, 0x08a4, 0x10c4, 0x3185, 0x2964,
0x0883, 0x0863, 0x0863, 0x0883, 0x2944, 0x3185, 0x18e4, 0x08a3, 0x5ac8, 0x7328,
0x2965, 0x2965, 0x0863, 0x39c5, 0x3164, 0x0821, 0x3289, 0x5c90, 0x0821, 0x0946,
0x0883, 0x0883, 0x0883, 0x0883, 0x0883, 0x0883, 0x0883, 0x0883, 0x0883, 0x0883,
0x0883, 0x0883, 0x0883, 0x0883, 0x0883, 0x10c4, 0x0000, 0x0000, 0x0000, 0x0000,
0x0000, 0x0000, 0x0000, 0x0000, 0x0000, 0x0000, 0x0000, 0x0000, 0x0000, 0x0000,
0x0000, 0x0000, 0x0000, 0x0000, 0x0000, 0x0000, 0x0000, 0x0000, 0x0000, 0x0000,
0x0000, 0x0000, 0x0000, 0x0000, 0x0000, 0x0000, 0x0000, 0x0000, 0x0000, 0x0000,
0x0000, 0x0000, 0x0000, 0x0000, 0x0000, 0x0000, 0x0000, 0x0000, 0x0000, 0x0000,
0x0000, 0x0000, 0x0000, 0x0000, 0x0000, 0x0000, 0x0000, 0x0000, 0x0000, 0x0000,
0x0000, 0x0000, 0x0000, 0x0000, 0x0000, 0x0000, 0x0000, 0x0000, 0x0000, 0x0000,
0x0000, 0x0000, 0x0000, 0x0000, 0x0000, 0x0000, 0x0000, 0x0000, 0x0000, 0x0000,
0x0000, 0x0000, 0x0000, 0x0000, 0x0000, 0x0000, 0x0000, 0x0000, 0x0000, 0x0000,
0x0000, 0x0000, 0x0000, 0x0000, 0x0000, 0x0000, 0x0000, 0x0000, 0x0861, 0x0861,
0x1124, 0x7d75, 0xaefc, 0xb69b, 0xbe5b, 0x73b0, 0x2966, 0x18c3, 0x2925, 0x20e4,
0x0000, 0x0000, 0x0000, 0x0000, 0x0000, 0x0000, 0x0000, 0x0000, 0x0000, 0x0000,
0x0000, 0x0000, 0x0000, 0x0000, 0x0000, 0x0000, 0x0000, 0x0841, 0x1082, 0x0861,
0x0861, 0x0862, 0x0841, 0x0000, 0x0000, 0x0000, 0x0000, 0x0000, 0x0000, 0x0000,
0x0000, 0x0000, 
0x0000, 0x0000, 0x0000, 0x0000, 0x0000, 0x0000, 0x4208, 0xffff, 0xffff, 0xffff,
0xffff, 0xffff, 0xffff, 0xffff, 0xffff, 0xffff, 0xffff, 0xffff, 0xffff, 0xffff,
0xffff, 0xffff, 0xffff, 0xffff, 0xffff, 0xffff, 0xffff, 0xffff, 0xffff, 0xffff,
0xffff, 0xffff, 0xffff, 0xffff, 0xffff, 0xf7ff, 0xcfff, 0xffff, 0xffff, 0xffff,
0xffbf, 0xfc38, 0xffdf, 0xffff, 0x0e39, 0x677d, 0xffff, 0xe7ff, 0xc7ff, 0xffff,
0xffff, 0xffff, 0xffff, 0xffff, 0xffff, 0xffff, 0xffff, 0xffff, 0xffff, 0xffff,
0xffff, 0x39e7, 0x0000, 0x0000, 0x0000, 0x0000, 0x0000, 0x0000, 0x10a4, 0x0883,
0x0883, 0x0883, 0x0883, 0x0883, 0x0883, 0x0883, 0x0883, 0x0883, 0x0883, 0x0883,
0x0883, 0x08a3, 0x0883, 0x1167, 0x0863, 0x238e, 0x7636, 0x2145, 0x2944, 0x39a5,
0x0022, 0x0042, 0x5a87, 0x8bca, 0x2a49, 0x01e9, 0x4227, 0x5a67, 0x62e8, 0x6ae9,
0x5288, 0x5247, 0x5247, 0x5267, 0x62e8, 0x62e8, 0x5a67, 0x4226, 0x01c9, 0x2229,
0x83ca, 0x5a87, 0x0042, 0x0022, 0x39a5, 0x3164, 0x2125, 0x5df5, 0x23af, 0x0862,
0x1167, 0x0883, 0x0883, 0x0883, 0x0883, 0x0883, 0x0883, 0x0883, 0x0883, 0x0883,
0x0883, 0x0883, 0x0883, 0x0883, 0x0883, 0x10c4, 0x0000, 0x0000, 0x0000, 0x0000,
0x0000, 0x0000, 0x0000, 0x0000, 0x0000, 0x0000, 0x0000, 0x0000, 0x0000, 0x0000,
0x0000, 0x0000, 0x0000, 0x0000, 0x0000, 0x0000, 0x0000, 0x0000, 0x0000, 0x0000,
0x0000, 0x0000, 0x0000, 0x0000, 0x0000, 0x0000, 0x0000, 0x0000, 0x0000, 0x0000,
0x0000, 0x0000, 0x0000, 0x0000, 0x0000, 0x0000, 0x0000, 0x0000, 0x0000, 0x0000,
0x0000, 0x0000, 0x0000, 0x0000, 0x0000, 0x0000, 0x0000, 0x0000, 0x0000, 0x0000,
0x0000, 0x0000, 0x0000, 0x0000, 0x0000, 0x0000, 0x0000, 0x0000, 0x0000, 0x0000,
0x0000, 0x0000, 0x0000, 0x0000, 0x0000, 0x0000, 0x0000, 0x0000, 0x0000, 0x0000,
0x0000, 0x0000, 0x0000, 0x0000, 0x0000, 0x0000, 0x0000, 0x0000, 0x0000, 0x0000,
0x0000, 0x0000, 0x0000, 0x0000, 0x0000, 0x0000, 0x0000, 0x0020, 0x10e3, 0x21c6,
0x8e99, 0x9efb, 0xa65a, 0xa5d8, 0x31e8, 0x08a2, 0x0020, 0x0000, 0x0000, 0x0000,
0x0000, 0x1924, 0x10e3, 0x0000, 0x0000, 0x0000, 0x0000, 0x0000, 0x0000, 0x0000,
0x0000, 0x0000, 0x0000, 0x0000, 0x0000, 0x0000, 0x10a3, 0x18e3, 0x1082, 0x1082,
0x1082, 0x1082, 0x0861, 0x0000, 0x0000, 0x0000, 0x0000, 0x0000, 0x0000, 0x0000,
0x0000, 0x0000, 
0x0000, 0x0000, 0x0000, 0x0000, 0x0000, 0x0000, 0x4208, 0xffff, 0xffff, 0xffff,
0xffff, 0xffff, 0xffff, 0xffff, 0xffff, 0xffff, 0xffff, 0xffff, 0xffff, 0xffff,
0xffff, 0xffff, 0xffff, 0xffff, 0xffff, 0xffff, 0xffff, 0xffff, 0xffff, 0xffff,
0xffff, 0xffff, 0xffff, 0xffff, 0xffff, 0xffff, 0xb7ff, 0x67ff, 0xf7ff, 0xffdf,
0xffff, 0xf316, 0xfd3a, 0xdfff, 0x0639, 0x477d, 0xffff, 0x6fff, 0xd7ff, 0xfe1c,
0xffff, 0xffff, 0xdfff, 0xe7ff, 0xffff, 0xffff, 0xffff, 0xffff, 0xffff, 0xffff,
0xffff, 0x39e7, 0x0000, 0x0000, 0x0000, 0x0000, 0x0000, 0x0000, 0x10c4, 0x0883,
0x0883, 0x0883, 0x0883, 0x0883, 0x0883, 0x0883, 0x0883, 0x0883, 0x0883, 0x08a3,
0x0883, 0x0883, 0x08c4, 0x08e5, 0x11e8, 0x3e79, 0x1945, 0x49e5, 0x41c5, 0x0002,
0x2104, 0x7b69, 0x5ae9, 0x01a8, 0x228a, 0x7b49, 0x5aa8, 0x3aaa, 0x3249, 0x3249,
0x3a48, 0x3a48, 0x3a48, 0x3a48, 0x3a49, 0x3a69, 0x3aaa, 0x5a87, 0x7b49, 0x2a8a,
0x01a8, 0x5ac8, 0x7b49, 0x2124, 0x0002, 0x39c5, 0x49e5, 0x1924, 0x3e9a, 0x1a29,
0x08e4, 0x08c4, 0x0883, 0x0883, 0x08a3, 0x0883, 0x0883, 0x0883, 0x0883, 0x0883,
0x0883, 0x0883, 0x0883, 0x0883, 0x0883, 0x10c4, 0x0000, 0x0000, 0x0000, 0x0000,
0x0000, 0x0000, 0x0000, 0x0000, 0x0000, 0x0000, 0x0000, 0x0000, 0x0000, 0x0000,
0x0000, 0x0000, 0x0000, 0x0000, 0x0000, 0x0000, 0x0000, 0x0000, 0x0000, 0x0000,
0x0000, 0x0000, 0x0000, 0x0000, 0x0000, 0x0000, 0x0000, 0x0000, 0x0000, 0x0000,
0x0000, 0x0000, 0x0000, 0x0000, 0x0000, 0x0000, 0x0000, 0x0000, 0x0000, 0x0000,
0x0000, 0x0000, 0x0000, 0x0000, 0x0000, 0x0000, 0x0000, 0x0000, 0x0000, 0x0000,
0x0000, 0x0000, 0x0000, 0x0000, 0x0000, 0x0000, 0x0000, 0x0000, 0x0000, 0x0000,
0x0000, 0x0000, 0x0000, 0x0000, 0x0000, 0x0000, 0x0000, 0x0000, 0x0000, 0x0000,
0x0000, 0x0000, 0x0000, 0x0000, 0x0000, 0x0000, 0x0000, 0x0000, 0x0000, 0x0000,
0x0000, 0x0000, 0x0000, 0x0000, 0x0000, 0x0000, 0x0000, 0x0000, 0x0000, 0x5430,
0x9f5c, 0x9e59, 0xaebb, 0x426a, 0x0000, 0x0000, 0x0000, 0x0000, 0x0000, 0x0000,
0x0000, 0x0000, 0x10e3, 0x1924, 0x10e3, 0x10c3, 0x10e3, 0x1904, 0x18e4, 0x0000,
0x0000, 0x0000, 0x0000, 0x0000, 0x0000, 0x2104, 0x18e4, 0x0020, 0x0020, 0x0020,
0x0020, 0x0020, 0x0020, 0x0841, 0x0020, 0x0000, 0x0000, 0x0000, 0x0000, 0x0000,
0x0000, 0x0000, 
0x0000, 0x0000, 0x0000, 0x0000, 0x0000, 0x0000, 0x4208, 0xffff, 0xffff, 0xffff,
0xffff, 0xffff, 0xffff, 0xffff, 0xffff, 0xffff, 0xffff, 0xffff, 0xffff, 0xffff,
0xffff, 0xffff, 0xffff, 0xffff, 0xffff, 0xffff, 0xffff, 0xffff, 0xffff, 0xffff,
0xffff, 0xffff, 0xffff, 0xffff, 0xffff, 0xffff, 0xffff, 0x77ff, 0x27ff, 0xc7df,
0xffff, 0xfd1a, 0xf912, 0xb7df, 0x0659, 0x2f7d, 0xefff, 0x7fff, 0xf439, 0xfdbb,
0xffff, 0x87df, 0x7fff, 0xf7ff, 0xffff, 0xffff, 0xffff, 0xffff, 0xffff, 0xffff,
0xffff, 0x39e7, 0x0000, 0x0000, 0x0000, 0x0000, 0x0000, 0x0000, 0x10c4, 0x0883,
0x0883, 0x0883, 0x0883, 0x0883, 0x0883, 0x0883, 0x0883, 0x0883, 0x0883, 0x0063,
0x0883, 0x0883, 0x1146, 0x0883, 0x3618, 0x126a, 0x28c2, 0x4a26, 0x0063, 0x4a47,
0x7b69, 0x2a48, 0x020a, 0x5309, 0x72e7, 0x3249, 0x1390, 0x130d, 0x09e9, 0x09c8,
0x09c9, 0x09e9, 0x09e9, 0x09c9, 0x09c8, 0x09e9, 0x130d, 0x138f, 0x2a49, 0x72e7,
0x530a, 0x0a0a, 0x2a28, 0x7b48, 0x5247, 0x0063, 0x4a06, 0x28e2, 0x1229, 0x3e39,
0x08a3, 0x1146, 0x0883, 0x0883, 0x0063, 0x0883, 0x0883, 0x0883, 0x0883, 0x0883,
0x0883, 0x0883, 0x0883, 0x0883, 0x0883, 0x10c4, 0x0000, 0x0000, 0x0000, 0x0000,
0x0000, 0x0000, 0x0000, 0x0000, 0x0000, 0x0000, 0x0000, 0x0000, 0x0000, 0x0000,
0x0000, 0x0000, 0x0000, 0x0000, 0x0000, 0x0000, 0x0000, 0x0000, 0x0000, 0x0000,
0x0000, 0x0000, 0x0000, 0x0000, 0x0000, 0x0000, 0x0000, 0x0000, 0x0000, 0x0000,
0x0000, 0x0000, 0x0000, 0x0000, 0x0000, 0x0000, 0x0000, 0x0000, 0x0000, 0x0000,
0x0000, 0x0000, 0x0000, 0x0000, 0x0000, 0x0000, 0x0000, 0x0000, 0x0000, 0x0000,
0x0000, 0x0000, 0x0000, 0x0000, 0x0000, 0x0000, 0x0000, 0x0000, 0x0000, 0x0000,
0x0000, 0x0000, 0x0000, 0x0000, 0x0000, 0x0000, 0x0000, 0x0000, 0x0000, 0x0000,
0x0000, 0x0000, 0x0000, 0x0000, 0x0000, 0x0000, 0x0000, 0x0000, 0x0000, 0x0000,
0x0000, 0x0000, 0x0000, 0x0000, 0x08a2, 0x1124, 0x0041, 0x0000, 0x1103, 0x8efb,
0x96ba, 0xa6bb, 0x95b7, 0x0020, 0x0000, 0x0000, 0x0000, 0x0020, 0x0041, 0x0041,
0x0861, 0x2186, 0x29e7, 0x1945, 0x1965, 0x10e3, 0x0020, 0x0000, 0x0841, 0x1945,
0x10c3, 0x18e4, 0x0882, 0x0000, 0x2945, 0x3186, 0x18a3, 0x18c3, 0x18c3, 0x18a3,
0x18a3, 0x18a3, 0x18a3, 0x18a3, 0x0841, 0x0000, 0x0000, 0x0000, 0x0000, 0x0000,
0x0000, 0x0000, 
0x0000, 0x0000, 0x0000, 0x0000, 0x0000, 0x0000, 0x4208, 0xffff, 0xffff, 0xffff,
0xffff, 0xffff, 0xffff, 0xffff, 0xffff, 0xffff, 0xffff, 0xffff, 0xffff, 0xffff,
0xffff, 0xffff, 0xffff, 0xffff, 0xffff, 0xffff, 0xffff, 0xffff, 0xffff, 0xffff,
0xffff, 0xffff, 0xffff, 0xffff, 0xffff, 0xffff, 0xffff, 0xffff, 0x47df, 0x07df,
0x87ff, 0xff1e, 0xf80f, 0x851a, 0x06da, 0x0f5d, 0xe7ff, 0xfcb9, 0xf953, 0xc7ff,
0x37ff, 0x27df, 0xf7ff, 0xffff, 0xffff, 0xffff, 0xffff, 0xffff, 0xffff, 0xffff,
0xffff, 0x39e7, 0x0000, 0x0000, 0x0000, 0x0000, 0x0000, 0x0000, 0x10c4, 0x0883,
0x0883, 0x0883, 0x0883, 0x0883, 0x0883, 0x0883, 0x0883, 0x0883, 0x08a3, 0x4a26,
0x18c3, 0x08e5, 0x08a4, 0x1b4d, 0x2d35, 0x0801, 0x0022, 0x2944, 0x8bc9, 0x6309,
0x0a09, 0x1a49, 0x7349, 0x5288, 0x128b, 0x1baf, 0x2b4e, 0x228b, 0x22ab, 0x22ab,
0x22ab, 0x22cb, 0x22ab, 0x22ab, 0x22ab, 0x22ab, 0x228a, 0x2b6d, 0x1bcf, 0x128b,
0x5288, 0x7349, 0x2269, 0x09e9, 0x5ae9, 0x8ba9, 0x2944, 0x0022, 0x0801, 0x2cd3,
0x238e, 0x08a3, 0x0905, 0x10c3, 0x4a26, 0x08a3, 0x0883, 0x0883, 0x0883, 0x0883,
0x0883, 0x0883, 0x0883, 0x0883, 0x0883, 0x10c4, 0x0000, 0x0000, 0x0000, 0x0000,
0x0000, 0x0000, 0x0000, 0x0000, 0x0000, 0x0000, 0x0000, 0x0000, 0x0000, 0x0000,
0x0000, 0x0000, 0x0000, 0x0000, 0x0000, 0x0000, 0x0000, 0x0000, 0x0000, 0x0000,
0x0000, 0x0000, 0x0000, 0x0000, 0x0000, 0x0000, 0x0000, 0x0000, 0x0000, 0x0000,
0x0000, 0x0000, 0x0000, 0x0000, 0x0000, 0x0000, 0x0000, 0x0000, 0x0000, 0x0000,
0x0000, 0x0000, 0x0000, 0x0000, 0x0000, 0x0000, 0x0000, 0x0000, 0x0000, 0x0000,
0x0000, 0x0000, 0x0000, 0x0000, 0x0000, 0x0000, 0x0000, 0x0000, 0x0000, 0x0000,
0x0000, 0x0000, 0x0000, 0x0000, 0x0000, 0x0000, 0x0000, 0x0000, 0x0000, 0x0000,
0x0000, 0x0000, 0x0000, 0x0000, 0x0000, 0x0000, 0x0000, 0x0000, 0x0000, 0x0000,
0x0000, 0x0000, 0x0000, 0x0000, 0x0041, 0x0881, 0x0020, 0x0000, 0x32ca, 0x977c,
0x969a, 0xaefc, 0x7472, 0x0000, 0x0000, 0x0000, 0x10e3, 0x1924, 0x1104, 0x1104,
0x1104, 0x0861, 0x0000, 0x0000, 0x0000, 0x10c3, 0x1924, 0x08a2, 0x0882, 0x1904,
0x29c7, 0x0882, 0x08a2, 0x3a08, 0x2945, 0x0000, 0x0000, 0x0000, 0x0000, 0x0000,
0x0000, 0x0000, 0x0000, 0x0000, 0x0000, 0x0000, 0x0000, 0x0000, 0x0000, 0x0000,
0x0000, 0x0000, 
0x0000, 0x0000, 0x0000, 0x0000, 0x0000, 0x0000, 0x4208, 0xffff, 0xffff, 0xffff,
0xffff, 0xffff, 0xffff, 0xffff, 0xffff, 0xffff, 0xffff, 0xffff, 0xffff, 0xffff,
0xffff, 0xffff, 0xffff, 0xffff, 0xffff, 0xffff, 0xffff, 0xffff, 0xffff, 0xffff,
0xffff, 0xffff, 0xffff, 0xffff, 0xffff, 0xff9f, 0xfedd, 0xffff, 0xefff, 0x1fff,
0x07ff, 0x2fff, 0xc194, 0x64fa, 0x6e99, 0x4638, 0xb5dc, 0xd0b1, 0x5dfb, 0x07ff,
0x17df, 0xf7ff, 0xffff, 0xffff, 0xffff, 0xffff, 0xffff, 0xffff, 0xffff, 0xffff,
0xffff, 0x39e7, 0x0000, 0x0000, 0x0000, 0x0000, 0x0000, 0x0000, 0x10a4, 0x0883,
0x0883, 0x0883, 0x0883, 0x0883, 0x0883, 0x0883, 0x08a3, 0x08a3, 0x0883, 0x5a87,
0x18c3, 0x0946, 0x0905, 0x35f7, 0x11a7, 0x0002, 0x4a47, 0x7b69, 0x2a28, 0x01e9,
0x532a, 0x7329, 0x39c6, 0x5b0a, 0x8d30, 0x6b49, 0x6ae8, 0x6b29, 0x6b29, 0x6b29,
0x6b29, 0x6b29, 0x6b29, 0x6b29, 0x6b29, 0x6b29, 0x6b29, 0x6ae8, 0x6b29, 0x8d50,
0x530a, 0x39c6, 0x6b29, 0x5b2a, 0x01e9, 0x2a08, 0x7b69, 0x4a47, 0x0022, 0x1166,
0x3df8, 0x1105, 0x0946, 0x10c3, 0x5266, 0x0883, 0x0883, 0x08a3, 0x08a3, 0x0883,
0x0883, 0x0883, 0x0883, 0x0883, 0x0883, 0x10c4, 0x0000, 0x0000, 0x0000, 0x0000,
0x0000, 0x0000, 0x0000, 0x0000, 0x0000, 0x0000, 0x0000, 0x0000, 0x0000, 0x0000,
0x0000, 0x0000, 0x0000, 0x0000, 0x0000, 0x0000, 0x0000, 0x0000, 0x0000, 0x0000,
0x0000, 0x0000, 0x0000, 0x0000, 0x0000, 0x0000, 0x0000, 0x0000, 0x0000, 0x0000,
0x0000, 0x0000, 0x0000, 0x0000, 0x0000, 0x0000, 0x0000, 0x0000, 0x0000, 0x0000,
0x0000, 0x0000, 0x0000, 0x0000, 0x0000, 0x0000, 0x0000, 0x0000, 0x0000, 0x0000,
0x0000, 0x0000, 0x0000, 0x0000, 0x0000, 0x0000, 0x0000, 0x0000, 0x0000, 0x0000,
0x0000, 0x0000, 0x0000, 0x0000, 0x0000, 0x0000, 0x0000, 0x0000, 0x0000, 0x0000,
0x0000, 0x0000, 0x0000, 0x0000, 0x0000, 0x0000, 0x0000, 0x0000, 0x0000, 0x0000,
0x0000, 0x0000, 0x0000, 0x0000, 0x0000, 0x0000, 0x0000, 0x0000, 0x438d, 0x977c,
0x969a, 0xa6fc, 0x6c51, 0x0041, 0x0861, 0x1104, 0x10e3, 0x0000, 0x0000, 0x0000,
0x0000, 0x0000, 0x18c3, 0x1082, 0x18c3, 0x0000, 0x0020, 0x08a2, 0x10a2, 0x0882,
0x10c3, 0x29c7, 0x4269, 0x2125, 0x0020, 0x10c3, 0x0841, 0x0000, 0x0000, 0x0000,
0x0000, 0x0000, 0x0000, 0x0000, 0x0000, 0x0000, 0x0000, 0x0000, 0x0000, 0x0000,
0x0000, 0x0000, 
0x0000, 0x0000, 0x0000, 0x0000, 0x0000, 0x0000, 0x4208, 0xffff, 0xffff, 0xffff,
0xffff, 0xffff, 0xffff, 0xffff, 0xffff, 0xffff, 0xffff, 0xffff, 0xffff, 0xffff,
0xffff, 0xffff, 0xffff, 0xffff, 0xffff, 0xffff, 0xffff, 0xffff, 0xffff, 0xffff,
0xffff, 0xffff, 0xffff, 0xffff, 0xffff, 0xffbf, 0xfdbb, 0xf2b5, 0xfb77, 0xc5bb,
0x07ff, 0x57ff, 0x977e, 0xc73d, 0xa515, 0xadb7, 0xddfc, 0x871e, 0x27ff, 0x17df,
0xd7ff, 0xe7ff, 0x9fff, 0xbfff, 0xffff, 0xffff, 0xffff, 0xffff, 0xffff, 0xffff,
0xffff, 0x39e7, 0x0000, 0x0000, 0x0000, 0x0000, 0x0000, 0x0000, 0x10a4, 0x0883,
0x0883, 0x0883, 0x0883, 0x0883, 0x0883, 0x10c4, 0x10c4, 0x0883, 0x0883, 0x2965,
0x08c4, 0x0906, 0x19e8, 0x2431, 0x0021, 0x62e8, 0x634a, 0x0147, 0x224a, 0x6b28,
0x5267, 0x4a68, 0x738a, 0x3a07, 0x39c6, 0x1125, 0x08e5, 0x08e5, 0x08e5, 0x08e5,
0x08e5, 0x0905, 0x0905, 0x08e5, 0x08e5, 0x08e5, 0x08e5, 0x08e5, 0x1105, 0x39a6,
0x39e6, 0x73ab, 0x4a68, 0x5267, 0x6b28, 0x226a, 0x0188, 0x634a, 0x6ae8, 0x0021,
0x2411, 0x1a29, 0x0905, 0x08c4, 0x2965, 0x0883, 0x08a3, 0x08a3, 0x08a3, 0x08a3,
0x0883, 0x0883, 0x0883, 0x0883, 0x0883, 0x10c4, 0x0000, 0x0000, 0x0000, 0x0000,
0x0000, 0x0000, 0x0000, 0x0000, 0x0000, 0x0000, 0x0000, 0x0000, 0x0000, 0x0000,
0x0000, 0x0000, 0x0000, 0x0000, 0x0000, 0x0000, 0x0000, 0x0000, 0x0000, 0x0000,
0x0000, 0x0000, 0x0000, 0x0000, 0x0000, 0x0000, 0x0000, 0x0000, 0x0000, 0x0000,
0x0000, 0x0000, 0x0000, 0x0000, 0x0000, 0x0000, 0x0000, 0x0000, 0x0000, 0x0000,
0x0000, 0x0000, 0x0000, 0x0000, 0x0000, 0x0000, 0x0000, 0x0000, 0x0000, 0x0000,
0x0000, 0x0000, 0x0000, 0x0000, 0x0000, 0x0000, 0x0000, 0x0000, 0x0000, 0x0000,
0x0000, 0x0000, 0x0000, 0x0000, 0x0000, 0x0000, 0x0000, 0x0000, 0x0000, 0x0000,
0x0000, 0x0000, 0x0000, 0x0000, 0x0000, 0x0000, 0x0000, 0x0000, 0x0000, 0x0000,
0x0000, 0x0000, 0x0000, 0x0000, 0x0000, 0x0000, 0x08c3, 0x10e3, 0x4c2f, 0x8f7c,
0x8eda, 0x9edb, 0x85b7, 0x08e3, 0x08e3, 0x08a2, 0x0000, 0x0000, 0x0000, 0x0000,
0x0000, 0x0000, 0x1082, 0x0861, 0x1062, 0x0020, 0x0000, 0x0000, 0x0000, 0x0000,
0x0000, 0x20e3, 0x0861, 0x0000, 0x0020, 0x10a3, 0x0841, 0x0000, 0x0000, 0x0000,
0x0000, 0x0000, 0x0000, 0x0000, 0x0000, 0x0000, 0x0000, 0x0000, 0x0000, 0x0000,
0x0000, 0x0000, 
0x0000, 0x0000, 0x0000, 0x0000, 0x0000, 0x0000, 0x4208, 0xffff, 0xffff, 0xffff,
0xffff, 0xffff, 0xffff, 0xffff, 0xffff, 0xffff, 0xffff, 0xffff, 0xffff, 0xffff,
0xffff, 0xffff, 0xffff, 0xffff, 0xffff, 0xffff, 0xffff, 0xffff, 0xffff, 0xffff,
0xffff, 0xffff, 0xffff, 0xffff, 0xffff, 0xffff, 0xffff, 0xff1e, 0xfaf6, 0xc953,
0x73d7, 0xa7df, 0xffff, 0xef9e, 0x8453, 0xbdd8, 0xffff, 0xffff, 0x6fdf, 0x2fff,
0x4fff, 0x37ff, 0xa7ff, 0xffff, 0xffff, 0xffff, 0xffff, 0xffff, 0xffff, 0xffff,
0xffff, 0x39e7, 0x0000, 0x0000, 0x0000, 0x0000, 0x0000, 0x0000, 0x10a4, 0x0883,
0x0883, 0x0883, 0x0883, 0x0883, 0x08a3, 0x08a3, 0x08a3, 0x08a3, 0x0883, 0x3185,
0x10e4, 0x08a4, 0x31a6, 0x39a5, 0x39c6, 0x62c7, 0x00c5, 0x4b0a, 0x6ac7, 0x4247,
0x6309, 0x5ae9, 0x1105, 0x00a4, 0x4247, 0x31e7, 0x08e5, 0x0905, 0x0905, 0x0905,
0x0905, 0x08e5, 0x08e5, 0x0905, 0x0905, 0x0905, 0x0905, 0x08e5, 0x31e7, 0x4247,
0x00a4, 0x0905, 0x5ae9, 0x6309, 0x4248, 0x6ac7, 0x4b0a, 0x00c5, 0x62a7, 0x39c6,
0x39a5, 0x39c6, 0x08a4, 0x10e4, 0x3185, 0x0883, 0x08a3, 0x08a3, 0x08a3, 0x08a3,
0x08a3, 0x08a3, 0x0883, 0x0883, 0x0883, 0x10c4, 0x0000, 0x0000, 0x0000, 0x0000,
0x0000, 0x0002, 0x0802, 0x0802, 0x0802, 0x0001, 0x1023, 0x508c, 0x3048, 0x0000,
0x0822, 0x0822, 0x0822, 0x0802, 0x0966, 0x122a, 0x1825, 0x1865, 0x0843, 0x1043,
0x1044, 0x1044, 0x1044, 0x1065, 0x1085, 0x3889, 0x1085, 0x10a5, 0x0885, 0x0907,
0x08e7, 0x0885, 0x18e6, 0x0884, 0x2067, 0x2066, 0x1064, 0x0864, 0x2086, 0x3808,
0x0946, 0x0946, 0x0802, 0x0843, 0x0843, 0x0863, 0x0863, 0x0863, 0x0843, 0x1002,
0x0884, 0x0946, 0x0801, 0x0801, 0x0802, 0x0802, 0x0802, 0x0802, 0x0001, 0x0000,
0x0000, 0x0000, 0x0000, 0x0000, 0x0000, 0x0000, 0x0000, 0x0000, 0x0000, 0x0000,
0x0000, 0x0000, 0x0000, 0x0000, 0x0000, 0x0000, 0x0000, 0x0000, 0x0000, 0x0000,
0x0000, 0x0000, 0x0000, 0x0000, 0x0000, 0x0000, 0x2207, 0x4c50, 0x8699, 0x8eda,
0x969a, 0xa67a, 0xb5b8, 0x520a, 0x28e4, 0x1041, 0x0000, 0x0000, 0x20a3, 0x20e4,
0x18c3, 0x20e4, 0x3125, 0x18a3, 0x18a3, 0x18a3, 0x18c3, 0x18c3, 0x18c3, 0x20c4,
0x20c3, 0x0821, 0x0000, 0x0000, 0x0000, 0x0000, 0x0000, 0x0000, 0x0000, 0x0000,
0x0000, 0x0000, 0x0000, 0x0000, 0x0000, 0x0000, 0x0000, 0x0000, 0x0000, 0x0000,
0x0000, 0x0000, 
0x0000, 0x0000, 0x0000, 0x0000, 0x0000, 0x0000, 0x4208, 0xffff, 0xffff, 0xffff,
0xffff, 0xffff, 0xffff, 0xffff, 0xffff, 0xffff, 0xffff, 0xffff, 0xffff, 0xffff,
0xffff, 0xffff, 0xffff, 0xffff, 0xffff, 0xffff, 0xffff, 0xffff, 0xffff, 0xffff,
0xffff, 0xffff, 0xffff, 0xffff, 0xffff, 0xffff, 0xf7ff, 0xdfff, 0x77ff, 0x175e,
0x7418, 0xe7ff, 0x8cb4, 0x320b, 0x21a9, 0x2967, 0x3a0a, 0xf73d, 0xa7ff, 0x07ff,
0x17ff, 0xb7ff, 0xf7ff, 0xffff, 0xffff, 0xffff, 0xffff, 0xffff, 0xffff, 0xffff,
0xffff, 0x39e7, 0x0000, 0x0000, 0x0000, 0x0000, 0x0000, 0x0000, 0x10c4, 0x0883,
0x0883, 0x0883, 0x0883, 0x08a3, 0x08a3, 0x08a3, 0x08a3, 0x08a3, 0x0883, 0x39a5,
0x1946, 0x08c4, 0x1209, 0x1105, 0x4a27, 0x7369, 0x5225, 0x5226, 0x5288, 0x736a,
0x3208, 0x00c5, 0x0905, 0x0905, 0x3a27, 0x31e7, 0x0905, 0x0926, 0x0926, 0x1126,
0x00e5, 0x3a28, 0x3a48, 0x00e5, 0x1126, 0x0926, 0x0926, 0x0905, 0x29e7, 0x4248,
0x0905, 0x0905, 0x00e5, 0x2a08, 0x736a, 0x52a8, 0x5226, 0x5225, 0x7349, 0x4a27,
0x1104, 0x1229, 0x08e4, 0x1945, 0x39a5, 0x0883, 0x08a3, 0x08a3, 0x08a3, 0x08a3,
0x08a3, 0x08a3, 0x08a3, 0x0883, 0x0883, 0x10c4, 0x0000, 0x0000, 0x0000, 0x0000,
0x0000, 0x1025, 0x1045, 0x1045, 0x1045, 0x1045, 0x1045, 0x408b, 0x88f6, 0x60d1,
0x1866, 0x1886, 0x20a7, 0x20c8, 0x2109, 0x2310, 0x33f5, 0x50f0, 0x490f, 0x30cb,
0x30cc, 0x392d, 0x390d, 0x392e, 0x316f, 0x7196, 0x6174, 0x4992, 0x71d6, 0x8b1a,
0x82f9, 0x61d5, 0x4192, 0x4992, 0x71b5, 0x4170, 0x312d, 0x490f, 0x7915, 0x41f1,
0x3d19, 0x398e, 0x28aa, 0x210a, 0x216b, 0x212a, 0x2848, 0x2047, 0x1846, 0x2807,
0x2a6e, 0x1a4c, 0x1004, 0x18c7, 0x1866, 0x1825, 0x1845, 0x1024, 0x2068, 0x0001,
0x0000, 0x0000, 0x0000, 0x0000, 0x0000, 0x0000, 0x0000, 0x0000, 0x0000, 0x0000,
0x0000, 0x0000, 0x0000, 0x0000, 0x0000, 0x0000, 0x0000, 0x0000, 0x0000, 0x0000,
0x0000, 0x0000, 0x0000, 0x0841, 0x2925, 0x2904, 0x1062, 0x18a2, 0x2966, 0x8658,
0x96da, 0x9e7a, 0xae59, 0xbe19, 0x628b, 0x4187, 0x3145, 0x41a7, 0x1082, 0x0000,
0x0000, 0x5a2a, 0x1062, 0x0000, 0x0000, 0x0000, 0x0000, 0x0000, 0x0000, 0x0000,
0x0000, 0x0000, 0x0000, 0x0000, 0x0000, 0x0000, 0x0000, 0x0000, 0x0000, 0x0000,
0x0000, 0x0000, 0x0000, 0x0000, 0x0000, 0x0000, 0x0000, 0x0000, 0x0000, 0x0000,
0x0000, 0x0000, 
0x0000, 0x0000, 0x0000, 0x0000, 0x0000, 0x0000, 0x4208, 0xffff, 0xffff, 0xffff,
0xffff, 0xffff, 0xffff, 0xffff, 0xffff, 0xffff, 0xffff, 0xffff, 0xffff, 0xffff,
0xffff, 0xffff, 0xffff, 0xffff, 0xffff, 0xffff, 0xffff, 0xffff, 0xffff, 0xffff,
0xffff, 0xffff, 0xcfff, 0x8fff, 0x57ff, 0x2fff, 0x1fff, 0x07ff, 0x07df, 0x07ff,
0xa7ff, 0x8c52, 0x08e7, 0x0044, 0x0044, 0x0002, 0x0003, 0x31e9, 0xe6db, 0x9fff,
0x07ff, 0x07ff, 0x07df, 0x0fff, 0x37ff, 0x5fff, 0x97ff, 0xd7ff, 0xffff, 0xffff,
0xffff, 0x39e7, 0x0000, 0x0000, 0x0000, 0x0000, 0x0000, 0x0000, 0x10c4, 0x0883,
0x0883, 0x0883, 0x08a3, 0x08a3, 0x0883, 0x08a3, 0x08a4, 0x08a4, 0x0883, 0x39e6,
0x2186, 0x1229, 0x2472, 0x0842, 0x2965, 0x83a9, 0x4247, 0x6b29, 0x4a67, 0x08e5,
0x126b, 0x1a2a, 0x0905, 0x0906, 0x4248, 0x3a27, 0x0926, 0x1987, 0x0926, 0x1146,
0x0926, 0x3228, 0x3228, 0x0926, 0x1146, 0x0946, 0x1146, 0x0906, 0x3a27, 0x4268,
0x1146, 0x0905, 0x1a4a, 0x126b, 0x0905, 0x4a67, 0x6b29, 0x4a47, 0x83a9, 0x2985,
0x0822, 0x2c72, 0x1a4a, 0x2165, 0x39e6, 0x0883, 0x08a3, 0x18e4, 0x10c4, 0x08a3,
0x08a3, 0x08a3, 0x0883, 0x0883, 0x0883, 0x10c4, 0x0000, 0x0000, 0x0000, 0x0000,
0x0000, 0x1024, 0x1024, 0x3049, 0x1845, 0x1045, 0x1045, 0x0823, 0x0844, 0x408c,
0x58af, 0x1866, 0x2087, 0x20a8, 0x20a7, 0x2005, 0x2b30, 0x3331, 0x406c, 0x4930,
0x38cd, 0x3a0f, 0x398f, 0x412e, 0x396f, 0x5152, 0xba7b, 0xd37c, 0xd31d, 0xd3dd,
0xdbfd, 0xdb5d, 0xc31b, 0x91f8, 0x3971, 0x318f, 0x490f, 0x6235, 0x3456, 0x2c76,
0x4230, 0x388b, 0x290b, 0x292b, 0x2868, 0x2868, 0x4250, 0x2b11, 0x1b50, 0x23d2,
0x2494, 0x18c7, 0x1025, 0x18a6, 0x1065, 0x0844, 0x1024, 0x3069, 0x48ae, 0x0000,
0x0000, 0x0000, 0x0000, 0x0000, 0x0000, 0x0000, 0x0000, 0x0000, 0x0000, 0x0000,
0x0000, 0x0000, 0x0000, 0x0000, 0x0000, 0x0000, 0x0000, 0x0000, 0x0000, 0x0000,
0x0000, 0x0020, 0x0020, 0x1082, 0x2925, 0x18a3, 0x18c3, 0x2905, 0x18c3, 0x63f0,
0xa73c, 0x969a, 0xa67a, 0xae5a, 0x9535, 0x52ab, 0x2904, 0x0861, 0x0020, 0x18a3,
0x9391, 0x5a4a, 0x0000, 0x0000, 0x0000, 0x0000, 0x0000, 0x0000, 0x0000, 0x0000,
0x0000, 0x0000, 0x0000, 0x0000, 0x0000, 0x0000, 0x0000, 0x0000, 0x0000, 0x0000,
0x0000, 0x0000, 0x0000, 0x0000, 0x0000, 0x0000, 0x0000, 0x0000, 0x0000, 0x0000,
0x0000, 0x0000, 
0x0000, 0x0000, 0x0000, 0x0000, 0x0000, 0x0000, 0x4208, 0xffff, 0xffff, 0xffff,
0xffff, 0xffff, 0xffff, 0xffff, 0xffff, 0xffff, 0xffff, 0xffff, 0xffff, 0xffff,
0xffff, 0xffff, 0xffff, 0xffff, 0xffff, 0xffff, 0xffff, 0xffff, 0xffff, 0xffff,
0xffff, 0xffff, 0xefff, 0xd7ff, 0xb7ff, 0x97ff, 0x1fff, 0x07ff, 0x0fff, 0x17ff,
0x779e, 0x28e7, 0x1805, 0x2066, 0x1845, 0x2066, 0x2066, 0x1002, 0x9c93, 0x7fdf,
0x173d, 0x37ff, 0x57ff, 0x7fff, 0x9fff, 0xbfff, 0xd7ff, 0xefff, 0xffff, 0xffff,
0xffff, 0x39e7, 0x0000, 0x0000, 0x0000, 0x0000, 0x0000, 0x0000, 0x10a4, 0x0883,
0x0883, 0x0883, 0x08a3, 0x08a3, 0x1904, 0x10c4, 0x08a4, 0x08a4, 0x08a4, 0x31a5,
0x08c4, 0x236e, 0x3492, 0x3102, 0x31a5, 0x8bea, 0x5ac8, 0x29c7, 0x12cd, 0x1aab,
0x08e5, 0x0926, 0x1146, 0x0926, 0x4288, 0x4288, 0x0926, 0x1167, 0x1167, 0x1167,
0x0947, 0x2a08, 0x2a08, 0x0926, 0x1167, 0x1167, 0x1167, 0x0926, 0x4aa8, 0x4a88,
0x0946, 0x1146, 0x0926, 0x08e5, 0x1aab, 0x12ed, 0x21e7, 0x5ac8, 0x8bea, 0x31c6,
0x30e2, 0x3472, 0x23af, 0x08c4, 0x2985, 0x08a4, 0x08a4, 0x08c4, 0x08a4, 0x08a3,
0x08a3, 0x08a3, 0x0883, 0x0883, 0x0883, 0x10c4, 0x0000, 0x0000, 0x0000, 0x0000,
0x0001, 0x2889, 0x1045, 0x1846, 0x1845, 0x1044, 0x1045, 0x1886, 0x1846, 0x2066,
0x40ac, 0x58d0, 0x1867, 0x2087, 0x20a8, 0x28c9, 0x2889, 0x2b93, 0x3b33, 0x5911,
0x5931, 0x414f, 0x414f, 0x4170, 0x6154, 0xcb5c, 0xdb5d, 0x9a7a, 0x6a37, 0x53b9,
0x5399, 0x6237, 0xaadb, 0xe3de, 0x9a79, 0x5152, 0x5992, 0x3c36, 0x41d0, 0x48ef,
0x30ec, 0x30cb, 0x30cb, 0x296c, 0x298c, 0x2b72, 0x2af0, 0x2a0d, 0x218b, 0x20c8,
0x1846, 0x1846, 0x1045, 0x0824, 0x2868, 0x408c, 0x488d, 0x48ae, 0x1846, 0x0000,
0x0000, 0x0000, 0x0000, 0x0000, 0x0000, 0x0000, 0x0000, 0x0000, 0x0000, 0x0000,
0x0000, 0x0000, 0x0000, 0x0000, 0x0020, 0x18c3, 0x2104, 0x0000, 0x0861, 0x2125,
0x2946, 0x3187, 0x39a7, 0x2946, 0x18c3, 0x10a3, 0x18a3, 0x18a3, 0x20c3, 0x18a3,
0x6410, 0xa6fb, 0xa659, 0xa5f8, 0xb619, 0xb63a, 0x94d4, 0x7bf1, 0x9453, 0xd5b9,
0x834f, 0x0000, 0x18a3, 0x18a3, 0x1061, 0x0000, 0x0000, 0x0000, 0x0000, 0x0000,
0x0000, 0x0000, 0x0000, 0x0000, 0x0000, 0x0000, 0x0000, 0x0000, 0x0000, 0x0000,
0x0000, 0x0000, 0x0000, 0x0000, 0x0000, 0x0000, 0x0000, 0x0000, 0x0000, 0x0000,
0x0000, 0x0000, 
0x0000, 0x0000, 0x0000, 0x0000, 0x0000, 0x0000, 0x4208, 0xffff, 0xffff, 0xffff,
0xffff, 0xffff, 0xffff, 0xffff, 0xffff, 0xffff, 0xffff, 0xffff, 0xffff, 0xffff,
0xffff, 0xffff, 0xffff, 0xffff, 0xffff, 0xffff, 0xffff, 0xffff, 0xffff, 0xffff,
0xffff, 0xffff, 0xffff, 0xffff, 0xffff, 0xffff, 0x3fff, 0x07ff, 0x1fff, 0xe7ff,
0xafff, 0x2949, 0x3807, 0x3047, 0x3047, 0x3847, 0x3047, 0x3026, 0x6414, 0xcb17,
0xe0d1, 0xf953, 0xfcfa, 0xffbf, 0xffff, 0xffff, 0xffff, 0xffff, 0xffff, 0xffff,
0xffff, 0x39e7, 0x0000, 0x0000, 0x0000, 0x0000, 0x0000, 0x0000, 0x10a4, 0x0883,
0x0883, 0x0883, 0x08a3, 0x08a3, 0x10e4, 0x08c4, 0x08a4, 0x08c4, 0x08a4, 0x31a6,
0x0842, 0x1b4e, 0x232d, 0x3123, 0x39e6, 0x734a, 0x0167, 0x1b6f, 0x1a4a, 0x0926,
0x11e9, 0x0947, 0x1167, 0x0947, 0x3248, 0x0967, 0x1167, 0x1167, 0x1187, 0x1187,
0x0967, 0x2a28, 0x3249, 0x19a7, 0x1167, 0x1187, 0x1187, 0x1187, 0x0967, 0x3a48,
0x0947, 0x1167, 0x1147, 0x11e9, 0x0926, 0x1a2a, 0x1b6f, 0x0188, 0x7349, 0x39e6,
0x3123, 0x230c, 0x1b6f, 0x0842, 0x31a5, 0x08a4, 0x08a4, 0x08a4, 0x08a4, 0x10e4,
0x08a3, 0x08a3, 0x0883, 0x0883, 0x0883, 0x10c4, 0x0000, 0x0000, 0x0000, 0x0000,
0x0000, 0x38cc, 0x38ad, 0x1024, 0x1044, 0x3069, 0x306a, 0x2088, 0x1866, 0x2888,
0x58cf, 0x68d2, 0x48ad, 0x48ad, 0x48cd, 0x40cd, 0x38ac, 0x308a, 0x4b35, 0x4b76,
0x59f4, 0x6153, 0x4971, 0x5153, 0xcafc, 0xc39c, 0x827a, 0x52f8, 0x53b8, 0x4498,
0x4458, 0x4377, 0x4ad7, 0x7258, 0xeb9e, 0x9a79, 0x3bf6, 0x4a94, 0x412f, 0x4190,
0x414f, 0x39ef, 0x2b93, 0x43f6, 0x4c99, 0x2af0, 0x20a8, 0x20e8, 0x20a8, 0x1866,
0x18e7, 0x10c7, 0x386a, 0x68f2, 0x588f, 0x3068, 0x308b, 0x1846, 0x0824, 0x0000,
0x0000, 0x0000, 0x0000, 0x0000, 0x0000, 0x0000, 0x0000, 0x0000, 0x0000, 0x0000,
0x0000, 0x0000, 0x0000, 0x0000, 0x0000, 0x0000, 0x0000, 0x2966, 0x39a7, 0x2125,
0x0862, 0x0000, 0x0000, 0x0000, 0x0000, 0x0000, 0x0000, 0x0000, 0x0000, 0x0000,
0x10c3, 0x64b2, 0x9edb, 0xaf1c, 0xb6bb, 0xb67a, 0xc69b, 0xd69c, 0xc5d9, 0x62cc,
0x0000, 0x0000, 0x1082, 0x1082, 0x0841, 0x0000, 0x0000, 0x0000, 0x0000, 0x0000,
0x0000, 0x0000, 0x0000, 0x0000, 0x0000, 0x0000, 0x0000, 0x0000, 0x0000, 0x0000,
0x0000, 0x0000, 0x0000, 0x0000, 0x0000, 0x0000, 0x0000, 0x0000, 0x0000, 0x0000,
0x0000, 0x0000, 
0x0000, 0x0000, 0x0000, 0x0000, 0x0000, 0x0000, 0x4208, 0xffff, 0xffff, 0xffff,
0xffff, 0xffff, 0xffff, 0xffff, 0xffff, 0xffff, 0xffff, 0xffff, 0xffff, 0xffff,
0xffff, 0xffff, 0xffff, 0xffff, 0xffff, 0xffff, 0xffff, 0xffff, 0xffff, 0xffff,
0xffff, 0xffff, 0xffff, 0xffff, 0xff7f, 0xffbf, 0x3fff, 0x07ff, 0x1fff, 0xffdf,
0x93f4, 0x0108, 0x00a5, 0x0128, 0x00a5, 0x0023, 0x0043, 0x0023, 0x0989, 0xdf3d,
0xfedd, 0xfd7b, 0xf3d8, 0xf499, 0xff3e, 0xffff, 0xffff, 0xffff, 0xffff, 0xffff,
0xffff, 0x39e7, 0x0000, 0x0000, 0x0000, 0x0000, 0x0000, 0x0000, 0x10a4, 0x0883,
0x0883, 0x0883, 0x08a4, 0x08a4, 0x0083, 0x08a4, 0x08c4, 0x08c4, 0x08a4, 0x31a5,
0x31a6, 0x2965, 0x2965, 0x31a5, 0x39c6, 0x5aa8, 0x12cd, 0x1a2a, 0x08c4, 0x11a8,
0x1b2d, 0x0947, 0x1167, 0x19a7, 0x3a69, 0x11a8, 0x1188, 0x1188, 0x11a8, 0x11c9,
0x0988, 0x2a49, 0x2a49, 0x11a8, 0x11c8, 0x11a8, 0x1188, 0x1188, 0x11a8, 0x3a68,
0x1167, 0x1187, 0x0946, 0x1b0d, 0x11a8, 0x08c5, 0x1a09, 0x12ed, 0x5aa8, 0x39e6,
0x3185, 0x2965, 0x3165, 0x31a6, 0x3185, 0x08a4, 0x08c4, 0x08c4, 0x08a4, 0x08a4,
0x08a4, 0x08a4, 0x0883, 0x0883, 0x0883, 0x10c4, 0x0000, 0x0000, 0x0000, 0x0000,
0x0000, 0x10c6, 0x30ca, 0x30cc, 0x2889, 0x30aa, 0x3089, 0x308a, 0x40ac, 0x38ab,
0x308a, 0x50ae, 0x40cc, 0x20a9, 0x30aa, 0x30aa, 0x28ca, 0x30ec, 0x38ec, 0x39cf,
0x5272, 0x5a35, 0x59b5, 0xaa9b, 0xdb9d, 0x5a58, 0x5c39, 0x6c7b, 0x453b, 0x455a,
0x455a, 0x555b, 0x4c59, 0x4b18, 0x8afa, 0xcd7f, 0x6a77, 0x4192, 0x5193, 0x5953,
0x4232, 0x4375, 0x49f2, 0x5910, 0x386b, 0x38ab, 0x392c, 0x392d, 0x490e, 0x58cf,
0x50ce, 0x6090, 0x68b1, 0x308a, 0x1024, 0x214b, 0x218b, 0x18e7, 0x1025, 0x0000,
0x0000, 0x0000, 0x0000, 0x0000, 0x0000, 0x0000, 0x0000, 0x0000, 0x0000, 0x0000,
0x0000, 0x0000, 0x0000, 0x0000, 0x0000, 0x0000, 0x18c3, 0x10c3, 0x0000, 0x0000,
0x0000, 0x0000, 0x0000, 0x0000, 0x0000, 0x0000, 0x0000, 0x0000, 0x0000, 0x0020,
0x0861, 0x0021, 0x1904, 0x536d, 0x7c92, 0x8cd4, 0x8452, 0x5aec, 0x18c3, 0x0000,
0x0000, 0x0000, 0x0000, 0x0000, 0x0000, 0x0000, 0x0000, 0x0000, 0x0000, 0x0000,
0x0000, 0x0000, 0x0000, 0x0000, 0x0000, 0x0000, 0x0000, 0x0000, 0x0000, 0x0000,
0x0000, 0x0000, 0x0000, 0x0000, 0x0000, 0x0000, 0x0000, 0x0000, 0x0000, 0x0000,
0x0000, 0x0000, 
0x0000, 0x0000, 0x0000, 0x0000, 0x0000, 0x0000, 0x4208, 0xffff, 0xffff, 0xffff,
0xffff, 0xffff, 0xffff, 0xffff, 0xffff, 0xffff, 0xffff, 0xffff, 0xffff, 0xffff,
0xffff, 0xffff, 0xffff, 0xffff, 0xffff, 0xffff, 0xffff, 0xffff, 0xffff, 0xffff,
0xffff, 0xffff, 0xffff, 0xfddc, 0xf9d5, 0xffbf, 0x37ff, 0x07ff, 0x1fbf, 0xfa56,
0x702b, 0x0169, 0x08c7, 0x016a, 0x00a6, 0x0023, 0x0044, 0x0044, 0x0003, 0xb518,
0xffff, 0xffff, 0xffff, 0xffff, 0xffbf, 0xffff, 0xffff, 0xffff, 0xffff, 0xffff,
0xffff, 0x39e7, 0x0000, 0x0000, 0x0000, 0x0000, 0x0000, 0x0000, 0x10a3, 0x0883,
0x0883, 0x0883, 0x08a4, 0x0883, 0x2985, 0x1904, 0x08a4, 0x08c4, 0x08c4, 0x08c4,
0x10c4, 0x1209, 0x1167, 0x2124, 0x39e6, 0x5ac8, 0x12ac, 0x1a4a, 0x0946, 0x1187,
0x1a8b, 0x1188, 0x11a8, 0x11c8, 0x3289, 0x11c8, 0x11c8, 0x11c8, 0x122a, 0x236f,
0x0988, 0x2a6a, 0x2a6a, 0x0988, 0x1b4e, 0x122a, 0x11a8, 0x11c8, 0x19c8, 0x3a89,
0x11a8, 0x11a8, 0x1188, 0x1a6b, 0x1187, 0x0946, 0x1a2a, 0x12ac, 0x5ac8, 0x3a07,
0x2124, 0x1167, 0x1209, 0x08c4, 0x08c4, 0x08c4, 0x08c4, 0x08a4, 0x1104, 0x2985,
0x08a3, 0x08a4, 0x08a3, 0x0883, 0x0883, 0x10c4, 0x0000, 0x0000, 0x0000, 0x0000,
0x0000, 0x18a5, 0x1907, 0x2109, 0x28aa, 0x28e9, 0x28ca, 0x1887, 0x2087, 0x30aa,
0x38ab, 0x40cd, 0x7915, 0x8115, 0x7914, 0x7914, 0x6112, 0x50ef, 0x6132, 0x71d6,
0x7134, 0x49b2, 0x5256, 0xa3bc, 0x937b, 0x4bb8, 0x4cda, 0x5e1d, 0x56fe, 0x4e5b,
0x5e7b, 0x56fe, 0x45bc, 0x5d1a, 0x749a, 0xdb5e, 0xaa1a, 0x51f5, 0x61f5, 0x5234,
0x5a34, 0x50f0, 0x50cf, 0x412f, 0x4990, 0x4990, 0x41f0, 0x3a71, 0x320f, 0x316c,
0x316d, 0x29ed, 0x1128, 0x10c7, 0x38ad, 0x30ab, 0x1044, 0x1845, 0x1045, 0x0000,
0x0000, 0x0000, 0x0000, 0x0000, 0x0000, 0x0000, 0x0000, 0x0000, 0x0000, 0x0020,
0x0861, 0x0861, 0x0861, 0x0861, 0x0882, 0x1904, 0x1082, 0x0000, 0x0000, 0x0000,
0x0000, 0x0000, 0x0000, 0x0000, 0x0000, 0x0000, 0x0000, 0x0000, 0x0000, 0x0000,
0x0000, 0x0000, 0x0000, 0x0000, 0x0000, 0x0000, 0x0000, 0x0000, 0x0000, 0x0000,
0x0000, 0x0000, 0x0000, 0x0000, 0x0000, 0x0000, 0x0000, 0x0000, 0x0000, 0x0000,
0x0000, 0x0000, 0x0000, 0x0000, 0x0000, 0x0000, 0x0000, 0x0000, 0x0000, 0x0000,
0x0000, 0x0000, 0x0000, 0x0000, 0x0000, 0x0020, 0x0000, 0x0000, 0x0000, 0x0000,
0x0000, 0x0000, 
0x0000, 0x0000, 0x0000, 0x0000, 0x0000, 0x0000, 0x4208, 0xffff, 0xffff, 0xffff,
0xffff, 0xffff, 0xffff, 0xffff, 0xffff, 0xffff, 0xffff, 0xffff, 0xffff, 0xffff,
0xffff, 0xffff, 0xffff, 0xffff, 0xffff, 0xffff, 0xffff, 0xffff, 0xffff, 0xffff,
0xffff, 0xffff, 0xfcb9, 0xf010, 0xf092, 0xffff, 0x37ff, 0x07ff, 0x175e, 0xf832,
0x70cd, 0x0148, 0x00c7, 0x0149, 0x00a6, 0x0023, 0x0044, 0x0044, 0x0844, 0xd80f,
0xfe1c, 0xffff, 0xffdf, 0xffff, 0xffff, 0xffff, 0xffff, 0xffff, 0xffff, 0xffff,
0xffff, 0x39e7, 0x0000, 0x0000, 0x0000, 0x0000, 0x0000, 0x0000, 0x10a4, 0x0883,
0x0883, 0x0883, 0x08c4, 0x0083, 0x4226, 0x2145, 0x08a4, 0x08c4, 0x08c4, 0x1105,
0x08a4, 0x1209, 0x0988, 0x1905, 0x39e6, 0x5ac8, 0x1acc, 0x1a4a, 0x0926, 0x0946,
0x124a, 0x1acc, 0x1aac, 0x128c, 0x330c, 0x128c, 0x12ac, 0x1acc, 0x1acc, 0x1b0d,
0x09c9, 0x2a8a, 0x2aaa, 0x09a8, 0x1aed, 0x1aed, 0x1aac, 0x12ac, 0x128b, 0x330c,
0x12ac, 0x1aac, 0x1acc, 0x124a, 0x0946, 0x0926, 0x1a4a, 0x12ac, 0x5aa8, 0x3a07,
0x1925, 0x0987, 0x1209, 0x10c4, 0x1105, 0x08c4, 0x08c4, 0x08a4, 0x1925, 0x4226,
0x0083, 0x08c4, 0x08a3, 0x0883, 0x0883, 0x10c4, 0x0000, 0x0000, 0x0000, 0x0000,
0x0020, 0x08e5, 0x10c6, 0x10e6, 0x10c5, 0x10a5, 0x312c, 0x48ce, 0x3089, 0x2088,
0x20a9, 0x30cb, 0x38cc, 0x40ed, 0x40ed, 0x490f, 0x5932, 0x6133, 0x7175, 0x6955,
0x8197, 0x81b8, 0x5975, 0x5196, 0x7ad9, 0x8d1c, 0x4e3d, 0x4f3e, 0x97ff, 0x7d16,
0x8557, 0x8fff, 0x671e, 0x8d1c, 0x7a79, 0x93dd, 0x951e, 0x731a, 0x69f6, 0x6173,
0x5932, 0x5131, 0x5110, 0x5130, 0x412e, 0x31ae, 0x314d, 0x312c, 0x30eb, 0x28ea,
0x20c9, 0x29ad, 0x396f, 0x4151, 0x40ae, 0x2888, 0x1887, 0x1866, 0x1045, 0x0000,
0x0000, 0x0000, 0x0000, 0x0000, 0x0000, 0x0000, 0x0000, 0x0000, 0x0000, 0x0020,
0x10a2, 0x10a2, 0x10a2, 0x10a2, 0x10a3, 0x0041, 0x0000, 0x0000, 0x0000, 0x0000,
0x0000, 0x0000, 0x0000, 0x0000, 0x0000, 0x0000, 0x0000, 0x0000, 0x0000, 0x0000,
0x0000, 0x0000, 0x0000, 0x0020, 0x0000, 0x0000, 0x0000, 0x0000, 0x0000, 0x0000,
0x0000, 0x0000, 0x0000, 0x0000, 0x0000, 0x0000, 0x0000, 0x0000, 0x0000, 0x0000,
0x0000, 0x0000, 0x0000, 0x0000, 0x0000, 0x0000, 0x0000, 0x0000, 0x0000, 0x0000,
0x0000, 0x0000, 0x0020, 0x0020, 0x0020, 0x0021, 0x0000, 0x0000, 0x0000, 0x0000,
0x0000, 0x0000, 
0x0000, 0x0000, 0x0000, 0x0000, 0x0000, 0x0000, 0x4208, 0xffff, 0xffff, 0xffff,
0xffff, 0xffff, 0xffff, 0xffff, 0xffff, 0xffff, 0xffff, 0xffff, 0xffff, 0xffff,
0xffff, 0xffff, 0xffff, 0xffff, 0xffff, 0xffff, 0xffff, 0xffff, 0xffff, 0xffff,
0xffff, 0xfb57, 0xf010, 0xf831, 0xfc79, 0xffff, 0x3fff, 0x07ff, 0x175e, 0xf093,
0x70ad, 0x0148, 0x00c7, 0x014a, 0x00a6, 0x0023, 0x0044, 0x0023, 0x00a5, 0xda93,
0xf8d3, 0xfedd, 0xffff, 0xffff, 0xffff, 0xffff, 0xffff, 0xffff, 0xffff, 0xffff,
0xffff, 0x39e7, 0x0000, 0x0000, 0x0000, 0x0000, 0x0000, 0x0000, 0x10a3, 0x0883,
0x0883, 0x0883, 0x08c4, 0x00a4, 0x29a6, 0x1105, 0x08c4, 0x08e4, 0x08e4, 0x1125,
0x08c4, 0x122a, 0x120a, 0x10e4, 0x3248, 0x6c2e, 0x1b4f, 0x11c8, 0x122a, 0x232e,
0x11e9, 0x11c8, 0x11c8, 0x11c9, 0x3aaa, 0x32ca, 0x224a, 0x09c9, 0x122a, 0x1acc,
0x09ea, 0x2acb, 0x32cb, 0x09e9, 0x1acc, 0x122a, 0x09c9, 0x224a, 0x32aa, 0x3aa9,
0x11e9, 0x11c8, 0x19e8, 0x11c9, 0x1b2e, 0x1a4b, 0x11c8, 0x132e, 0x6c0d, 0x3a48,
0x10e4, 0x1209, 0x1229, 0x10c4, 0x1105, 0x08e4, 0x08e4, 0x08c4, 0x1105, 0x31a6,
0x00a3, 0x08c4, 0x0883, 0x0883, 0x0883, 0x10c4, 0x0000, 0x0000, 0x0000, 0x0000,
0x0822, 0x7133, 0x6131, 0x5930, 0x590f, 0x48ed, 0x490f, 0x5911, 0x48ee, 0x58f0,
0x308a, 0x30ab, 0x38ed, 0x30cb, 0x30ec, 0x410d, 0x410e, 0x4930, 0x5972, 0x6995,
0x69b6, 0x6a17, 0x925a, 0xd33d, 0x831b, 0x749c, 0x761e, 0x777e, 0xdfff, 0xa4f5,
0xad36, 0xe7ff, 0x9f3e, 0x65dd, 0x4e5d, 0x5e3d, 0x8b7c, 0x61b7, 0x51b4, 0x5193,
0x6954, 0x7195, 0x49b1, 0x494f, 0x490e, 0x394e, 0x394d, 0x390c, 0x310b, 0x30ab,
0x38ad, 0x48cf, 0x48cf, 0x50cf, 0x38ab, 0x2067, 0x1805, 0x1805, 0x1066, 0x0000,
0x0000, 0x0000, 0x0000, 0x0000, 0x0000, 0x0000, 0x0000, 0x0000, 0x0000, 0x0000,
0x0000, 0x0000, 0x0000, 0x0000, 0x0000, 0x0000, 0x0000, 0x0000, 0x0000, 0x0000,
0x0000, 0x0000, 0x0000, 0x0000, 0x0000, 0x0000, 0x0000, 0x0000, 0x0000, 0x0000,
0x0000, 0x0000, 0x0000, 0x0000, 0x0000, 0x0000, 0x0000, 0x0000, 0x0000, 0x0000,
0x0000, 0x0000, 0x0000, 0x0000, 0x0000, 0x0000, 0x0000, 0x0000, 0x0000, 0x0000,
0x0000, 0x0000, 0x0000, 0x0000, 0x0000, 0x0000, 0x0000, 0x0000, 0x0000, 0x0020,
0x0020, 0x0020, 0x0021, 0x0021, 0x0021, 0x0021, 0x0000, 0x0000, 0x0000, 0x0000,
0x0000, 0x0000, 
0x0000, 0x0000, 0x0000, 0x0000, 0x0000, 0x0000, 0x4208, 0xffff, 0xffff, 0xffff,
0xffff, 0xffff, 0xffff, 0xffff, 0xffff, 0xffff, 0xffff, 0xffff, 0xffff, 0xffff,
0xffff, 0xffff, 0xffff, 0xffff, 0xffff, 0xffff, 0xffff, 0xffff, 0xffff, 0xffff,
0xffdf, 0xf8d2, 0xf010, 0xfc39, 0xffff, 0xffdf, 0x37ff, 0x07ff, 0x175e, 0xf873,
0x688c, 0x0148, 0x00c7, 0x014a, 0x00a6, 0x0023, 0x0044, 0x0044, 0x0044, 0xc77c,
0xfdfc, 0xf356, 0xff3e, 0xffff, 0xffff, 0xffff, 0xffff, 0xffff, 0xffff, 0xffff,
0xffff, 0x39e7, 0x0000, 0x0000, 0x0000, 0x0000, 0x0000, 0x0000, 0x10a3, 0x0883,
0x0883, 0x0883, 0x08c4, 0x00a4, 0x31c6, 0x1925, 0x08c4, 0x08e5, 0x08e5, 0x08e5,
0x08c4, 0x11c9, 0x1b0d, 0x0084, 0x338e, 0x6bcc, 0x1c32, 0x234e, 0x1b2e, 0x1acc,
0x1b2e, 0x1188, 0x12ac, 0x2209, 0x530a, 0x536e, 0x7c90, 0x538c, 0x0a0a, 0x1b2e,
0x122a, 0x2acb, 0x2acc, 0x1a4a, 0x234e, 0x0a0a, 0x4b6c, 0x7cb0, 0x4b6e, 0x5b2b,
0x2229, 0x12cd, 0x11a8, 0x1b0d, 0x1aed, 0x1b0d, 0x234e, 0x1c52, 0x63cc, 0x3bae,
0x0084, 0x1b0d, 0x11e8, 0x08a4, 0x08e5, 0x08e5, 0x08e5, 0x08c4, 0x1925, 0x31e6,
0x00a4, 0x08c4, 0x08a3, 0x0883, 0x0883, 0x10c4, 0x0000, 0x0000, 0x0000, 0x0000,
0x0000, 0x406c, 0x586e, 0x586e, 0x492e, 0x4270, 0x31cd, 0x4950, 0x40ec, 0x390d,
0x51b1, 0x414e, 0x310b, 0x5110, 0x7134, 0x6933, 0x5912, 0x6133, 0x6974, 0x7176,
0x7997, 0x7218, 0x927b, 0xebde, 0x7c3c, 0x4ddc, 0x4f1e, 0x8f5e, 0xf7df, 0xa516,
0xb537, 0xffff, 0x971e, 0x6e5e, 0x757e, 0xb3bd, 0xd31d, 0x7279, 0x6ab7, 0xa2db,
0x9afb, 0x5316, 0x5336, 0x4b55, 0x49d1, 0x5130, 0x392d, 0x394e, 0x40cd, 0x4150,
0x4211, 0x2089, 0x38ab, 0x408c, 0x1867, 0x1909, 0x222c, 0x2391, 0x2391, 0x0041,
0x0000, 0x0000, 0x0000, 0x0000, 0x0000, 0x0000, 0x0000, 0x0000, 0x0000, 0x0000,
0x0000, 0x0000, 0x0000, 0x0000, 0x0000, 0x0000, 0x0000, 0x0000, 0x0000, 0x0000,
0x0000, 0x0000, 0x0000, 0x0000, 0x0000, 0x0000, 0x0000, 0x0000, 0x0000, 0x0000,
0x0000, 0x0000, 0x0000, 0x0000, 0x0000, 0x0000, 0x0000, 0x0000, 0x0000, 0x0000,
0x0000, 0x0000, 0x0000, 0x0000, 0x0000, 0x0000, 0x0000, 0x0000, 0x0000, 0x0000,
0x0000, 0x0000, 0x0000, 0x0000, 0x0000, 0x0000, 0x0020, 0x0020, 0x0020, 0x0021,
0x0021, 0x0021, 0x0021, 0x0021, 0x0041, 0x0041, 0x0000, 0x0000, 0x0000, 0x0000,
0x0000, 0x0000, 
0x0000, 0x0000, 0x0000, 0x0000, 0x0000, 0x0000, 0x4208, 0xffff, 0xffff, 0xffff,
0xffff, 0xffff, 0xffff, 0xffff, 0xffff, 0xffff, 0xffff, 0xffff, 0xffff, 0xffff,
0xffff, 0xffff, 0xffff, 0xffff, 0xffff, 0xffff, 0xffff, 0xff3e, 0xffff, 0xffff,
0xffdf, 0xf933, 0xf010, 0xfd3b, 0xcefb, 0xffbf, 0x3fff, 0x07ff, 0x175e, 0xf873,
0x68ac, 0x0148, 0x00c7, 0x014a, 0x00a6, 0x0023, 0x0044, 0x0044, 0x0044, 0x76bb,
0xffff, 0xff9e, 0xfefe, 0xffff, 0xffff, 0xffff, 0xffff, 0xffff, 0xffff, 0xffff,
0xffff, 0x39e7, 0x0000, 0x0000, 0x0000, 0x0000, 0x0000, 0x0000, 0x10a4, 0x0883,
0x0883, 0x0883, 0x08c4, 0x00a4, 0x31c6, 0x1925, 0x08e5, 0x08e5, 0x1125, 0x1946,
0x0926, 0x1b0d, 0x1aac, 0x1acd, 0x3b6d, 0x62a8, 0x12cd, 0x234e, 0x1187, 0x1167,
0x1b4e, 0x2390, 0x23b0, 0x0926, 0x2965, 0x2a0a, 0x324a, 0x8c8f, 0x3b2d, 0x1b2e,
0x1a6b, 0x2aec, 0x330c, 0x124b, 0x1b0e, 0x332d, 0x8caf, 0x322a, 0x21ea, 0x2986,
0x0925, 0x23b0, 0x23b0, 0x1b4e, 0x1187, 0x1187, 0x234e, 0x130e, 0x5a87, 0x3b6d,
0x1aed, 0x1acc, 0x1aec, 0x0926, 0x1925, 0x1945, 0x08e5, 0x08c5, 0x1925, 0x31e6,
0x00a4, 0x08c4, 0x08a3, 0x0883, 0x0883, 0x10c4, 0x0000, 0x0000, 0x0000, 0x0000,
0x0000, 0x0885, 0x1128, 0x1a2b, 0x22ae, 0x21ec, 0x2a6f, 0x328f, 0x4292, 0x4af4,
0x3a71, 0x61d3, 0xa21a, 0x9198, 0x71d5, 0x6214, 0x6a15, 0x71b6, 0x79d7, 0x8259,
0x831a, 0x839b, 0x9bdc, 0xe53e, 0xc41e, 0xa47d, 0xac9e, 0xb53e, 0xf7bf, 0xad16,
0xb577, 0xef3f, 0xa5de, 0x86de, 0x8e1e, 0x6e5e, 0x859d, 0x84fc, 0x7bfa, 0x72d8,
0x6256, 0x61b4, 0x6133, 0x5993, 0x5b36, 0x52f5, 0x4ad5, 0x4b15, 0x4b55, 0x3271,
0x294b, 0x48ce, 0x5931, 0x21ac, 0x2ad0, 0x2b31, 0x22cf, 0x21ab, 0x28aa, 0x0001,
0x0000, 0x0000, 0x0000, 0x0000, 0x0000, 0x0000, 0x0000, 0x0000, 0x0000, 0x0000,
0x0000, 0x0000, 0x0000, 0x0000, 0x0000, 0x0000, 0x0000, 0x0000, 0x0000, 0x0000,
0x0000, 0x0000, 0x0000, 0x0000, 0x0000, 0x0000, 0x0000, 0x0000, 0x0000, 0x0000,
0x0000, 0x0000, 0x0000, 0x0000, 0x0000, 0x0000, 0x0821, 0x0820, 0x0000, 0x0000,
0x0000, 0x0000, 0x0000, 0x0000, 0x0000, 0x0000, 0x0000, 0x0000, 0x0000, 0x0000,
0x0000, 0x0000, 0x0000, 0x0000, 0x0020, 0x0020, 0x0021, 0x0021, 0x0021, 0x0021,
0x0041, 0x0841, 0x0041, 0x0841, 0x0842, 0x0862, 0x0000, 0x0000, 0x0000, 0x0000,
0x0000, 0x0000, 
0x0000, 0x0000, 0x0000, 0x0000, 0x0000, 0x0000, 0x4208, 0xffff, 0xffff, 0xffff,
0xffff, 0xffff, 0xffff, 0xffff, 0xffff, 0xffff, 0xffff, 0xffff, 0xffff, 0xffff,
0xffff, 0xffff, 0xffff, 0xffff, 0xffff, 0xffbf, 0xfad6, 0xf418, 0xffff, 0xffff,
0xefdf, 0xf933, 0xf00f, 0xfd3b, 0xae59, 0xce3a, 0x3fff, 0x07ff, 0x175e, 0xf872,
0x68ac, 0x0148, 0x00c7, 0x016a, 0x00a6, 0x0023, 0x0044, 0x0044, 0x0044, 0x1ebb,
0xf7ff, 0xffff, 0xffff, 0xffff, 0xffff, 0xffff, 0xffff, 0xffff, 0xffff, 0xffff,
0xffff, 0x39e7, 0x0000, 0x0000, 0x0000, 0x0000, 0x0000, 0x0000, 0x10a3, 0x0883,
0x0883, 0x0883, 0x08e4, 0x00a4, 0x31c6, 0x1945, 0x08e5, 0x0905, 0x0905, 0x08e5,
0x0905, 0x1aed, 0x08e5, 0x0967, 0x2986, 0x6b6b, 0x1b6f, 0x1b4e, 0x1a6b, 0x1a6b,
0x1209, 0x1a6b, 0x120a, 0x08c4, 0x21a7, 0x2166, 0x1aed, 0x5c0e, 0x4b8d, 0x132e,
0x128c, 0x332d, 0x332d, 0x12ac, 0x1b4f, 0x436d, 0x53ce, 0x12ec, 0x2146, 0x29c8,
0x08a4, 0x122a, 0x1a6b, 0x122a, 0x1a8b, 0x1aac, 0x234e, 0x1b90, 0x638b, 0x29a7,
0x0967, 0x08e5, 0x1aed, 0x0926, 0x08e5, 0x0905, 0x0905, 0x08e5, 0x1925, 0x31e7,
0x08a4, 0x08e4, 0x08a3, 0x0883, 0x0883, 0x10c4, 0x0000, 0x0000, 0x0000, 0x0000,
0x0021, 0x220c, 0x2a4e, 0x29ac, 0x2889, 0x2848, 0x30eb, 0x2a90, 0x31cd, 0x4930,
0x5110, 0x490e, 0x6152, 0x494f, 0x4970, 0x5213, 0x61f4, 0x7276, 0x7379, 0x7bfa,
0x8aba, 0xa23b, 0xb27c, 0xdb9e, 0xe33f, 0xc1fe, 0xad5e, 0x87bf, 0xd7ff, 0x6b71,
0x7bf2, 0xcfff, 0xadbe, 0xbb7d, 0xbb9e, 0xc61e, 0x95bd, 0x8cbc, 0x837a, 0x7b19,
0x7257, 0x71f6, 0x6974, 0x71d4, 0x9af7, 0x79d6, 0x6154, 0x4910, 0x398f, 0x59f4,
0x6215, 0x5971, 0x31ae, 0x318c, 0x28ea, 0x2868, 0x2849, 0x308a, 0x308a, 0x0000,
0x0000, 0x0000, 0x0000, 0x0000, 0x0000, 0x0000, 0x0000, 0x0000, 0x0000, 0x0000,
0x0000, 0x0000, 0x0000, 0x0000, 0x0000, 0x0000, 0x0000, 0x0000, 0x0000, 0x0000,
0x0000, 0x0000, 0x0000, 0x0000, 0x0000, 0x0000, 0x0000, 0x0000, 0x0000, 0x0000,
0x0000, 0x0000, 0x0000, 0x0000, 0x0000, 0x0000, 0x0821, 0x0821, 0x0000, 0x0000,
0x0000, 0x0000, 0x0000, 0x0000, 0x0000, 0x0000, 0x0000, 0x0000, 0x0000, 0x0000,
0x0000, 0x0020, 0x0020, 0x0021, 0x0021, 0x0021, 0x0021, 0x0041, 0x0041, 0x0041,
0x0862, 0x0862, 0x0842, 0x0862, 0x0862, 0x0862, 0x0020, 0x0000, 0x0000, 0x0000,
0x0000, 0x0000, 
0x0000, 0x0000, 0x0000, 0x0000, 0x0000, 0x0000, 0x4208, 0xffff, 0xffff, 0xffff,
0xffff, 0xffff, 0xffff, 0xffff, 0xffff, 0xffff, 0xffff, 0xffff, 0xffff, 0xffff,
0xffff, 0xffff, 0xffff, 0xffff, 0xffff, 0xfdfc, 0xf00f, 0xfc79, 0xffff, 0x6fdf,
0x6fdf, 0xf933, 0xf00f, 0xfd3b, 0xb679, 0xb5b8, 0x3fff, 0x07ff, 0x17bf, 0xf893,
0x60ac, 0x0148, 0x00c7, 0x014a, 0x00a6, 0x0023, 0x0044, 0x0044, 0x0843, 0x16bb,
0xb7ff, 0xffff, 0xffff, 0xffff, 0xffff, 0xffff, 0xffff, 0xffff, 0xffff, 0xffff,
0xffff, 0x39e7, 0x0000, 0x0000, 0x0000, 0x0000, 0x0000, 0x0000, 0x10a4, 0x0883,
0x0883, 0x08a3, 0x08e5, 0x00c4, 0x31e7, 0x1946, 0x08e5, 0x0905, 0x08e5, 0x1a6b,
0x1acc, 0x1acc, 0x0926, 0x0905, 0x330c, 0x6c6e, 0x1bf1, 0x23f0, 0x1aed, 0x234f,
0x23d1, 0x1aed, 0x1aac, 0x120a, 0x08c4, 0x18e5, 0x2d15, 0x47df, 0x1b0e, 0x2bd0,
0x12cd, 0x2b4e, 0x336e, 0x0aad, 0x1b90, 0x232d, 0x3f7e, 0x2d76, 0x1905, 0x10c4,
0x11a8, 0x12ac, 0x1aed, 0x2411, 0x238f, 0x1b0d, 0x2431, 0x1c12, 0x6c6f, 0x332c,
0x0906, 0x1126, 0x1aac, 0x1aac, 0x124a, 0x08e5, 0x0905, 0x08e5, 0x1946, 0x31e7,
0x00a4, 0x08e5, 0x08a3, 0x0883, 0x0883, 0x10c4, 0x0000, 0x0000, 0x0000, 0x0000,
0x0000, 0x2067, 0x2047, 0x2868, 0x28c9, 0x28ca, 0x296c, 0x4251, 0x398e, 0x40ed,
0x5952, 0x5952, 0x5150, 0x5151, 0x6153, 0x59d3, 0x6295, 0x7a78, 0x81d7, 0x9179,
0xa9fb, 0xba1d, 0xc23d, 0xd21e, 0xf41e, 0xb59e, 0x47be, 0x579e, 0x8fff, 0x3aae,
0x4330, 0x7fff, 0x57df, 0x95de, 0xeb1e, 0xeb3e, 0xc31d, 0xc29d, 0xba5c, 0xbbbc,
0x9bba, 0x8197, 0x8176, 0x69b5, 0x7155, 0x6995, 0x5131, 0x5130, 0x6934, 0x5931,
0x40ce, 0x3250, 0x316d, 0x310b, 0x30cb, 0x390d, 0x30eb, 0x28a9, 0x20c8, 0x0000,
0x0000, 0x0000, 0x0000, 0x0000, 0x0000, 0x0000, 0x0000, 0x0000, 0x0000, 0x0000,
0x0000, 0x0000, 0x0000, 0x0000, 0x0000, 0x0000, 0x0000, 0x0000, 0x0000, 0x0000,
0x0000, 0x0000, 0x0000, 0x0000, 0x0000, 0x0000, 0x0000, 0x0000, 0x0000, 0x0000,
0x0000, 0x0000, 0x0000, 0x0000, 0x0000, 0x0000, 0x0000, 0x0020, 0x0000, 0x0000,
0x0000, 0x0000, 0x0000, 0x0000, 0x0000, 0x0000, 0x0041, 0x0000, 0x0020, 0x0020,
0x0020, 0x0021, 0x0021, 0x0041, 0x0041, 0x0041, 0x0041, 0x0041, 0x0862, 0x0041,
0x10e5, 0x1106, 0x0862, 0x0882, 0x0883, 0x0883, 0x0020, 0x0000, 0x0000, 0x0000,
0x0000, 0x0000, 
0x0000, 0x0000, 0x0000, 0x0000, 0x0000, 0x0000, 0x4208, 0xffff, 0xffff, 0xffff,
0xffff, 0xffff, 0xffff, 0xffff, 0xffff, 0xffff, 0xffff, 0xffff, 0xffff, 0xffff,
0xffff, 0xffff, 0xffff, 0xffff, 0xffff, 0xfdfc, 0xf00f, 0xdc58, 0x4fff, 0x07df,
0x7fdf, 0xf933, 0xf00f, 0xfd7b, 0xae39, 0x9cf5, 0x3efc, 0x06fb, 0x167a, 0xf872,
0x60ac, 0x0148, 0x00c7, 0x0149, 0x00a6, 0x0023, 0x0044, 0x0044, 0x0844, 0xa69a,
0x7fff, 0xffff, 0xffff, 0xffff, 0xffff, 0xffff, 0xffff, 0xffff, 0xffff, 0xffff,
0xffff, 0x39e7, 0x0000, 0x0000, 0x0000, 0x0000, 0x0000, 0x0000, 0x10a3, 0x0883,
0x0883, 0x08a3, 0x08e5, 0x00c4, 0x31e7, 0x1946, 0x0905, 0x0905, 0x1187, 0x1b2e,
0x0926, 0x0926, 0x1146, 0x1b2e, 0x432b, 0x62e8, 0x128c, 0x1acd, 0x11e9, 0x11e9,
0x122a, 0x236e, 0x2baf, 0x1209, 0x0022, 0x1946, 0x328a, 0x4596, 0x1b6f, 0x3c10,
0x43ce, 0x4c0f, 0x4c0f, 0x2b4e, 0x4c30, 0x2bd0, 0x3d76, 0x2a8b, 0x1987, 0x0022,
0x11c8, 0x234f, 0x238f, 0x124a, 0x120a, 0x1209, 0x1aed, 0x12cd, 0x62e8, 0x432b,
0x132e, 0x1167, 0x0926, 0x0926, 0x1b0d, 0x11a8, 0x08e5, 0x0905, 0x1946, 0x31e7,
0x1105, 0x1105, 0x08a3, 0x0883, 0x0883, 0x10c4, 0x0000, 0x0000, 0x0000, 0x0000,
0x0000, 0x20a8, 0x28c9, 0x28c9, 0x30ca, 0x30ca, 0x40cd, 0x6111, 0x412e, 0x40ed,
0x50cf, 0x60f2, 0x7135, 0x6913, 0x6974, 0x7a97, 0x7a36, 0x89d8, 0x9a5a, 0xaa5c,
0xba3d, 0xc29d, 0xc2bd, 0xa4be, 0x8e1e, 0x5edf, 0x575f, 0x679e, 0x47ff, 0x32cf,
0x3330, 0x4fff, 0x475e, 0x4f3e, 0xb61e, 0xc41e, 0xca3d, 0xca1d, 0xca3d, 0xc1dc,
0xb27b, 0xa33a, 0x8a38, 0x8136, 0x79d6, 0x61d4, 0x5952, 0x7154, 0x5952, 0x414e,
0x412e, 0x3ab2, 0x398e, 0x38ac, 0x41b0, 0x31ce, 0x2888, 0x294b, 0x224e, 0x0000,
0x0000, 0x0000, 0x0000, 0x0000, 0x0000, 0x0000, 0x0000, 0x0000, 0x0000, 0x0000,
0x0000, 0x0000, 0x0000, 0x0000, 0x0000, 0x0000, 0x0000, 0x0000, 0x0000, 0x0000,
0x0000, 0x0000, 0x0820, 0x0000, 0x0000, 0x0000, 0x0000, 0x0000, 0x0000, 0x0020,
0x0020, 0x0000, 0x0000, 0x0000, 0x0000, 0x0000, 0x0020, 0x0021, 0x0000, 0x0000,
0x0000, 0x0000, 0x0000, 0x0000, 0x0021, 0x21e8, 0x1966, 0x0041, 0x0021, 0x0021,
0x0021, 0x0021, 0x0041, 0x0041, 0x0041, 0x0842, 0x0862, 0x0862, 0x0862, 0x0842,
0x1106, 0x1968, 0x0883, 0x0883, 0x0883, 0x08a3, 0x0021, 0x0000, 0x0000, 0x0000,
0x0000, 0x0000, 
0x0000, 0x0000, 0x0000, 0x0000, 0x0000, 0x0000, 0x4208, 0xffff, 0xffff, 0xffff,
0xffff, 0xffff, 0xffff, 0xffff, 0xffff, 0xffff, 0xffff, 0xffff, 0xffff, 0xffff,
0xffff, 0xffff, 0xffff, 0xffff, 0xefff, 0xf5fc, 0xf80f, 0x7479, 0x07ff, 0x4fdf,
0xf7bf, 0xf113, 0xf810, 0xdc57, 0x228d, 0x00c7, 0x0064, 0x0043, 0x0844, 0xf010,
0x60cd, 0x0148, 0x00c7, 0x0149, 0x00a6, 0x0023, 0x0044, 0x0044, 0x0023, 0xde9a,
0xcfff, 0xefff, 0xffff, 0xffff, 0xffff, 0xffff, 0xffff, 0xffff, 0xffff, 0xffff,
0xffff, 0x39e7, 0x0000, 0x0000, 0x0000, 0x0000, 0x0000, 0x0000, 0x10a4, 0x0883,
0x0883, 0x08a3, 0x0905, 0x08e5, 0x31e7, 0x2186, 0x1966, 0x0926, 0x08c4, 0x1aac,
0x11e9, 0x08e5, 0x1b0d, 0x2a6a, 0x5aa7, 0x6c4e, 0x2556, 0x367a, 0x365a, 0x34d3,
0x4268, 0x52c9, 0x52a8, 0x1966, 0x1946, 0x0020, 0x1925, 0x436d, 0x1bb0, 0x1bf1,
0x23d0, 0x4c70, 0x4c30, 0x3c31, 0x3451, 0x1b90, 0x436d, 0x1945, 0x0000, 0x2186,
0x1987, 0x4aa8, 0x52ea, 0x4a68, 0x3c92, 0x365a, 0x369a, 0x2577, 0x6c6e, 0x62a7,
0x2a69, 0x1b0e, 0x08e5, 0x11e9, 0x1acc, 0x08c4, 0x0905, 0x1146, 0x2186, 0x31e7,
0x08e5, 0x1105, 0x08a3, 0x0883, 0x0883, 0x10c4, 0x0000, 0x0000, 0x0000, 0x0000,
0x0000, 0x2088, 0x28a9, 0x28ca, 0x30aa, 0x298c, 0x6295, 0x50f0, 0x388c, 0x494f,
0x4ab3, 0x5ab4, 0x6193, 0x7256, 0x7b5a, 0x5170, 0x81d5, 0xa23b, 0xb27c, 0xc25d,
0xc9fd, 0xd1fd, 0xbc3e, 0x8cde, 0x74fe, 0x65de, 0x7539, 0x56bd, 0x4f3e, 0x310a,
0x3371, 0x47bf, 0x571f, 0x66df, 0x5dfe, 0x7d7d, 0xbc9e, 0xda7d, 0xd21d, 0xc9dc,
0xc1dc, 0xb23b, 0x93db, 0x8379, 0x89d8, 0x9958, 0x9999, 0x6974, 0x5131, 0x5131,
0x4950, 0x492f, 0x5130, 0x5131, 0x38ec, 0x30cb, 0x310b, 0x290b, 0x20c9, 0x0000,
0x0000, 0x0000, 0x0000, 0x0000, 0x0000, 0x0000, 0x0000, 0x0000, 0x0000, 0x0000,
0x0000, 0x0000, 0x0000, 0x0000, 0x0000, 0x0000, 0x0000, 0x0000, 0x0000, 0x0000,
0x0000, 0x0000, 0x0841, 0x0000, 0x0000, 0x0000, 0x0000, 0x0000, 0x0000, 0x0021,
0x0041, 0x0000, 0x0000, 0x0000, 0x0000, 0x0000, 0x0020, 0x0041, 0x0000, 0x0000,
0x0883, 0x1947, 0x0862, 0x0000, 0x0041, 0x1966, 0x10e5, 0x0882, 0x0021, 0x0041,
0x0041, 0x0041, 0x0042, 0x0842, 0x0862, 0x0862, 0x0862, 0x0863, 0x0862, 0x08a3,
0x1927, 0x2168, 0x10c4, 0x0883, 0x10a4, 0x10a4, 0x0021, 0x0000, 0x0000, 0x0000,
0x0000, 0x0000, 
0x0000, 0x0000, 0x0000, 0x0000, 0x0000, 0x0000, 0x4208, 0xffff, 0xffff, 0xffff,
0xffff, 0xffff, 0xffff, 0xffff, 0xffff, 0xffff, 0xffff, 0xffff, 0xffff, 0xffff,
0xffff, 0xffff, 0xffff, 0x97df, 0x57ff, 0xfdfb, 0xf80f, 0x7479, 0x07ff, 0x6fff,
0xffff, 0xf113, 0xf811, 0x60ec, 0x0128, 0x0108, 0x0024, 0x0043, 0x0824, 0xf011,
0x60cd, 0x0148, 0x00c7, 0x0149, 0x00a6, 0x0023, 0x0044, 0x0044, 0x0023, 0xce7a,
0xffff, 0xffff, 0xffff, 0xffff, 0xffff, 0xffff, 0xffff, 0xffff, 0xffff, 0xffff,
0xffff, 0x39e7, 0x0000, 0x0000, 0x0000, 0x0000, 0x0000, 0x0000, 0x10a4, 0x0883,
0x0883, 0x08a3, 0x0905, 0x08e5, 0x31e7, 0x1966, 0x0926, 0x0926, 0x122a, 0x1b2e,
0x1188, 0x122a, 0x22ec, 0x41e6, 0x3baf, 0x7e97, 0x263a, 0x2d97, 0x2dd8, 0x2b4e,
0x29e9, 0x3b4f, 0x6431, 0x52a8, 0x326a, 0x532c, 0x3a27, 0x11c8, 0x23f1, 0x2c93,
0x1bb1, 0x3431, 0x3431, 0x13d1, 0x1c53, 0x1bf1, 0x11c7, 0x3a27, 0x532b, 0x42cb,
0x52a9, 0x6451, 0x3b70, 0x29e9, 0x2aed, 0x2db8, 0x2d97, 0x263a, 0x7eb7, 0x3c10,
0x4206, 0x22ec, 0x122a, 0x1187, 0x1b0d, 0x1209, 0x0926, 0x0906, 0x1966, 0x3207,
0x08e5, 0x1105, 0x08a3, 0x0883, 0x0883, 0x10c4, 0x0000, 0x0000, 0x0000, 0x0000,
0x0000, 0x292b, 0x316c, 0x316c, 0x394d, 0x59b1, 0x61d4, 0x490e, 0x4313, 0x4bb6,
0x5294, 0x5a75, 0x5b36, 0x6ad7, 0x7995, 0x2889, 0x79f5, 0xb9dc, 0xc19c, 0xc1bb,
0xd99d, 0xd2fe, 0xb3de, 0xa3bd, 0x94de, 0x7d5a, 0x30a9, 0x657d, 0x663d, 0x2888,
0x328f, 0x66df, 0x5c38, 0x4b53, 0x74bc, 0x8c3d, 0x9bbb, 0xc35d, 0xcadd, 0xd2fd,
0xca3c, 0xb9db, 0xaadb, 0xaadc, 0x9bbc, 0x927a, 0x7a16, 0x61b3, 0x5952, 0x5130,
0x5110, 0x50cf, 0x48ef, 0x48ce, 0x38cc, 0x30ec, 0x30ec, 0x28aa, 0x2089, 0x0000,
0x0000, 0x0000, 0x0000, 0x0000, 0x0000, 0x0000, 0x0000, 0x0000, 0x0000, 0x0000,
0x0000, 0x0000, 0x0000, 0x0000, 0x0000, 0x0000, 0x0000, 0x0000, 0x0000, 0x0000,
0x0000, 0x0000, 0x0020, 0x0020, 0x0000, 0x0000, 0x0000, 0x0000, 0x0000, 0x0020,
0x0021, 0x0000, 0x0000, 0x0000, 0x0000, 0x0000, 0x0021, 0x0862, 0x0020, 0x0000,
0x0883, 0x21ca, 0x08a4, 0x0000, 0x0862, 0x1987, 0x10c5, 0x1105, 0x0841, 0x0842,
0x0842, 0x0862, 0x0862, 0x0862, 0x0862, 0x0883, 0x0883, 0x0883, 0x0883, 0x10c4,
0x1968, 0x2168, 0x21c9, 0x1906, 0x08a4, 0x10c5, 0x0021, 0x0000, 0x0000, 0x0000,
0x0000, 0x0000, 
0x0000, 0x0000, 0x0000, 0x0000, 0x0000, 0x0000, 0x4208, 0xffff, 0xffff, 0xffff,
0xffff, 0xffff, 0xffff, 0xffff, 0xffff, 0xffff, 0xffff, 0xffff, 0xffff, 0xffff,
0xffff, 0xffff, 0xefff, 0x07df, 0x4fff, 0xfdfc, 0xf80f, 0x7499, 0x077e, 0x56fc,
0xef5d, 0xf133, 0xf811, 0x58cc, 0x0169, 0x0108, 0x0044, 0x0043, 0x0844, 0xf011,
0x60cc, 0x0148, 0x00c7, 0x0149, 0x00a6, 0x0023, 0x0044, 0x0044, 0x0003, 0xce7a,
0xffff, 0xffff, 0xffff, 0xffff, 0xffff, 0xffff, 0xffff, 0xffff, 0xffff, 0xffff,
0xffff, 0x39e7, 0x0000, 0x0000, 0x0000, 0x0000, 0x0000, 0x0000, 0x10a3, 0x0883,
0x0883, 0x08a3, 0x1125, 0x0905, 0x31e7, 0x1986, 0x0906, 0x11a8, 0x232e, 0x1146,
0x0905, 0x1b0e, 0x3a48, 0x226a, 0x469a, 0x75b4, 0x2516, 0x2452, 0x1b0e, 0x10e5,
0x1967, 0x3b4f, 0x32cd, 0x42aa, 0x3a07, 0x538e, 0x6430, 0x5ac8, 0x12cd, 0x24b4,
0x2432, 0x44b2, 0x3c72, 0x1c12, 0x2494, 0x0aed, 0x5288, 0x6430, 0x5bcf, 0x39e7,
0x42aa, 0x32ee, 0x436f, 0x19a8, 0x10c4, 0x1b0d, 0x2473, 0x2516, 0x75b3, 0x4eba,
0x22ab, 0x4248, 0x1b0e, 0x1126, 0x1146, 0x232e, 0x11a8, 0x0906, 0x1966, 0x3207,
0x0905, 0x1126, 0x08a3, 0x0883, 0x0883, 0x10c4, 0x0000, 0x0000, 0x0000, 0x0000,
0x0000, 0x292b, 0x39ae, 0x31ce, 0x5191, 0x7133, 0x5911, 0x3c15, 0x4b76, 0x5111,
0x5911, 0x6132, 0x6953, 0x7934, 0x40ec, 0x20c9, 0x89f6, 0xc1bc, 0xc99c, 0xba1a,
0xd39e, 0xd3fe, 0xc29d, 0xb33d, 0xb55f, 0x8cba, 0x30aa, 0x849d, 0x857d, 0x28a9,
0x314b, 0x855e, 0x6192, 0x1805, 0x7336, 0xac1f, 0x8a36, 0xba5c, 0xca9d, 0xd2de,
0xcb7e, 0xc31c, 0xc97c, 0xb17b, 0x9279, 0x82f8, 0x7ab7, 0x5232, 0x61b3, 0x59d3,
0x51d2, 0x49d1, 0x4190, 0x394e, 0x38ed, 0x38ab, 0x38ec, 0x30eb, 0x28a9, 0x0000,
0x0000, 0x0000, 0x0000, 0x0000, 0x0000, 0x0000, 0x0000, 0x0000, 0x0000, 0x0000,
0x0000, 0x0000, 0x0000, 0x0000, 0x0000, 0x0000, 0x0000, 0x0000, 0x0000, 0x0000,
0x0000, 0x0000, 0x1905, 0x08e4, 0x0000, 0x0020, 0x0000, 0x0000, 0x0000, 0x0021,
0x0041, 0x0000, 0x0020, 0x0020, 0x0021, 0x0021, 0x0021, 0x0883, 0x0021, 0x0021,
0x10e5, 0x2168, 0x10a4, 0x0020, 0x08a3, 0x1988, 0x10a5, 0x1126, 0x0862, 0x0842,
0x0862, 0x0862, 0x0862, 0x0883, 0x0883, 0x0883, 0x08a4, 0x0883, 0x08a3, 0x10c4,
0x1947, 0x1947, 0x2989, 0x2127, 0x10c4, 0x10e5, 0x0021, 0x0000, 0x0000, 0x0000,
0x0000, 0x0000, 
0x0000, 0x0000, 0x0000, 0x0000, 0x0000, 0x0000, 0x4208, 0xffff, 0xffff, 0xffff,
0xffff, 0xffff, 0xffff, 0xffff, 0xffff, 0xffff, 0xffff, 0xffff, 0xffff, 0xffff,
0xffff, 0xffff, 0xe7ff, 0x07df, 0x4fff, 0xfdfc, 0xf80f, 0x74da, 0x032d, 0x0021,
0x7390, 0xf995, 0xf811, 0x58cc, 0x0149, 0x0108, 0x0044, 0x0043, 0x0844, 0xf011,
0x58cc, 0x0148, 0x00c7, 0x0149, 0x00a6, 0x0023, 0x0044, 0x0044, 0x0003, 0xce7a,
0xffff, 0xffff, 0xffff, 0xffff, 0xffff, 0xffff, 0xffff, 0xffff, 0xffff, 0xffff,
0xffff, 0x39e7, 0x0000, 0x0000, 0x0000, 0x0000, 0x0000, 0x0000, 0x10a3, 0x0883,
0x0883, 0x08a3, 0x0926, 0x0906, 0x3207, 0x1987, 0x0926, 0x1167, 0x1aed, 0x1209,
0x1167, 0x238f, 0x21a7, 0x1bf1, 0x4659, 0x74f0, 0x2cf5, 0x236f, 0x12ac, 0x0883,
0x0883, 0x2a0a, 0x2209, 0x2a4b, 0x1926, 0x3aab, 0x5c10, 0x6bcd, 0x22cb, 0x2d15,
0x2453, 0x3cd3, 0x3cb3, 0x2453, 0x2d15, 0x22ab, 0x6bcd, 0x5c10, 0x42ec, 0x1105,
0x220a, 0x220a, 0x326b, 0x10a4, 0x0862, 0x124a, 0x23b0, 0x1cf5, 0x6d11, 0x4638,
0x1c52, 0x29c7, 0x238f, 0x1167, 0x11e9, 0x1b2d, 0x1187, 0x0926, 0x1987, 0x3207,
0x0906, 0x1126, 0x08a3, 0x0883, 0x0883, 0x10c4, 0x0000, 0x0000, 0x0000, 0x0000,
0x0000, 0x292b, 0x392d, 0x5191, 0x59d2, 0x3270, 0x4395, 0x4ab4, 0x5110, 0x5972,
0x6193, 0x69b3, 0x71d4, 0x8216, 0x310b, 0x18c7, 0x8277, 0xc2bc, 0xc43e, 0x8ab5,
0x49ee, 0xb23b, 0xda5e, 0xcb7d, 0xccde, 0x935a, 0x2889, 0x82d8, 0x9c9d, 0x28a9,
0x312b, 0x947d, 0x61d2, 0x1847, 0x82d6, 0xc3be, 0x38eb, 0xb1f9, 0x5950, 0x50ac,
0xb198, 0xbc1d, 0xba7c, 0xb95a, 0xb1da, 0x99b8, 0x91d8, 0x410d, 0x414e, 0x69d5,
0x51d2, 0x5233, 0x4a93, 0x42b3, 0x3af3, 0x3b53, 0x316d, 0x308a, 0x28ca, 0x0000,
0x0000, 0x0000, 0x0000, 0x0000, 0x0000, 0x0000, 0x0000, 0x0000, 0x0000, 0x0000,
0x0000, 0x0000, 0x0000, 0x0000, 0x0000, 0x0000, 0x0000, 0x0000, 0x0000, 0x0000,
0x0020, 0x0000, 0x2147, 0x1947, 0x0020, 0x0020, 0x0020, 0x0841, 0x0021, 0x0041,
0x0042, 0x0021, 0x0021, 0x0841, 0x0841, 0x0021, 0x0842, 0x2147, 0x0862, 0x0041,
0x10e5, 0x2968, 0x10c4, 0x0021, 0x08a3, 0x1967, 0x10c5, 0x10e5, 0x1125, 0x0862,
0x0862, 0x0863, 0x0883, 0x0883, 0x0883, 0x10c4, 0x1926, 0x08a4, 0x08a4, 0x10c4,
0x1947, 0x2148, 0x2147, 0x1926, 0x10c5, 0x10e5, 0x0041, 0x0000, 0x0000, 0x0000,
0x0000, 0x0000, 
0x0000, 0x0000, 0x0000, 0x0000, 0x0000, 0x0000, 0x4208, 0xffff, 0xffff, 0xffff,
0xffff, 0xffff, 0xffff, 0xffff, 0xffff, 0xffff, 0xffff, 0xffff, 0xffff, 0xffff,
0xffff, 0xffff, 0xe7ff, 0x07df, 0x4fff, 0xfdfc, 0xf80f, 0x74da, 0x02ec, 0x0000,
0x6b6f, 0xf9b5, 0xf811, 0x58ec, 0x0149, 0x0108, 0x0044, 0x0043, 0x0844, 0xf011,
0x58cc, 0x0128, 0x00c6, 0x016a, 0x00a6, 0x0023, 0x0044, 0x0044, 0x0003, 0xce59,
0xffff, 0xffff, 0xffff, 0xffff, 0xffff, 0xffff, 0xffff, 0xffff, 0xffff, 0xffff,
0xffff, 0x39e7, 0x0000, 0x0000, 0x0000, 0x0000, 0x0000, 0x0000, 0x10a3, 0x0883,
0x0883, 0x08a3, 0x1146, 0x0946, 0x3207, 0x19a7, 0x0947, 0x1146, 0x1187, 0x1b2e,
0x1167, 0x2c72, 0x1a8b, 0x2493, 0x4617, 0x6c6e, 0x1c32, 0x23b0, 0x2c11, 0x29e7,
0x2923, 0x2902, 0x29c7, 0x31e7, 0x10a3, 0x328c, 0x3aed, 0x63cd, 0x44f3, 0x3d14,
0x4d13, 0x3d14, 0x3d14, 0x4d13, 0x3d14, 0x44d3, 0x63ce, 0x3aed, 0x32cd, 0x10c4,
0x31e7, 0x29e8, 0x3123, 0x3143, 0x2985, 0x1b2e, 0x23d1, 0x1c73, 0x6caf, 0x45f7,
0x24d4, 0x128c, 0x2473, 0x1187, 0x1b2e, 0x1187, 0x0946, 0x1167, 0x21c7, 0x3207,
0x0926, 0x1146, 0x08a4, 0x0883, 0x0883, 0x10c4, 0x0000, 0x0000, 0x0000, 0x0000,
0x0000, 0x28eb, 0x39cf, 0x3b94, 0x4456, 0x42b3, 0x4971, 0x5151, 0x5992, 0x6172,
0x69b4, 0x7215, 0x71f5, 0x8a37, 0x396c, 0x18a7, 0x72f7, 0xc3fe, 0xaa18, 0x29cc,
0x18e9, 0x99d8, 0xfa9f, 0xdb5d, 0xd33e, 0xa2ba, 0x2889, 0x7a56, 0xb39c, 0x28a9,
0x30ea, 0xa37c, 0x5971, 0x1867, 0x9a37, 0x9258, 0x1887, 0xb1f9, 0x512f, 0x1908,
0x2088, 0xb1b8, 0xbc5e, 0xab1b, 0xa2db, 0x99d9, 0x99d9, 0x412d, 0x18e7, 0x51b1,
0x61f4, 0x5972, 0x5110, 0x490f, 0x412f, 0x3a10, 0x3373, 0x3a91, 0x2889, 0x0000,
0x0000, 0x0000, 0x0000, 0x0000, 0x0000, 0x0000, 0x0000, 0x0000, 0x0000, 0x0000,
0x0000, 0x0020, 0x0020, 0x0020, 0x0020, 0x0020, 0x0020, 0x0020, 0x0020, 0x0020,
0x0021, 0x0000, 0x1906, 0x2168, 0x0041, 0x0021, 0x0021, 0x10c4, 0x0842, 0x0021,
0x08a3, 0x0021, 0x0021, 0x0862, 0x10c4, 0x0862, 0x0041, 0x1947, 0x10a4, 0x0041,
0x10e6, 0x1968, 0x10e5, 0x0041, 0x10e4, 0x1946, 0x10a4, 0x10e5, 0x1106, 0x1946,
0x1125, 0x1126, 0x10c4, 0x10c4, 0x10a4, 0x10e6, 0x1968, 0x10c5, 0x10c4, 0x10c5,
0x2968, 0x2168, 0x1947, 0x1906, 0x10e6, 0x1106, 0x0041, 0x0000, 0x0000, 0x0000,
0x0000, 0x0000, 
0x0000, 0x0000, 0x0000, 0x0000, 0x0000, 0x0000, 0x4208, 0xffff, 0xffff, 0xffff,
0xffff, 0xffff, 0xffff, 0xffff, 0xffff, 0xffff, 0xffff, 0xffff, 0xffff, 0xffff,
0xffff, 0xffff, 0xe7ff, 0x07df, 0x4fff, 0xfdfc, 0xf80f, 0x74da, 0x030d, 0x0000,
0x736f, 0xf975, 0xf811, 0x58cc, 0x0169, 0x00e8, 0x0043, 0x0043, 0x0844, 0xf011,
0x58cc, 0x0148, 0x00c7, 0x014a, 0x00a6, 0x0023, 0x0044, 0x0044, 0x0003, 0xc639,
0xffff, 0xffff, 0xffff, 0xffff, 0xffff, 0xffff, 0xffff, 0xffff, 0xffff, 0xffff,
0xffff, 0x41e7, 0x0000, 0x0000, 0x0000, 0x0000, 0x0000, 0x0000, 0x10a3, 0x0883,
0x0883, 0x08a3, 0x1167, 0x0946, 0x3228, 0x19a7, 0x0967, 0x1187, 0x1b0d, 0x1a8b,
0x1187, 0x1b2e, 0x1126, 0x2473, 0x4638, 0x6c4e, 0x1bf2, 0x23f1, 0x23b0, 0x2411,
0x19a7, 0x1062, 0x2986, 0x2944, 0x0883, 0x21a8, 0x2a6c, 0x42ec, 0x44f4, 0x1cf6,
0x4555, 0x4554, 0x4555, 0x4555, 0x1cf5, 0x4514, 0x42ec, 0x2a6c, 0x21c9, 0x08a4,
0x1082, 0x2924, 0x18c3, 0x10a2, 0x1b2e, 0x3452, 0x23f1, 0x1c32, 0x6c6e, 0x4637,
0x24d4, 0x1146, 0x1b2e, 0x11a8, 0x1aac, 0x1acc, 0x1167, 0x0967, 0x19a7, 0x3228,
0x0926, 0x1146, 0x08a4, 0x0883, 0x0883, 0x10c4, 0x0000, 0x0000, 0x0000, 0x0000,
0x0041, 0x3373, 0x3c77, 0x3ad3, 0x416f, 0x4970, 0x49b2, 0x59b3, 0x61b3, 0x69b3,
0x69f4, 0x7a56, 0x8a57, 0x8ab8, 0x39cd, 0x20a8, 0x89d6, 0xe9de, 0x9934, 0x198a,
0x312c, 0x91b6, 0xb9f9, 0xd25c, 0xeabf, 0xba3a, 0x2088, 0x8215, 0xcabd, 0x28a9,
0x30aa, 0xb2bb, 0x5130, 0x1887, 0xa1f7, 0x81b6, 0x2087, 0xc1fa, 0x512f, 0x28c9,
0x20e9, 0xb178, 0xda7d, 0xbb1c, 0xa37c, 0x9b9b, 0x937b, 0x39ee, 0x312a, 0x51f0,
0x6a35, 0x59d3, 0x59d3, 0x69f3, 0x4170, 0x414f, 0x396e, 0x33b4, 0x2b92, 0x0020,
0x0000, 0x0000, 0x0000, 0x0000, 0x0000, 0x0000, 0x0000, 0x0000, 0x0000, 0x0000,
0x0021, 0x0021, 0x0021, 0x0021, 0x0021, 0x0021, 0x0021, 0x0021, 0x0021, 0x0021,
0x0021, 0x0021, 0x10c5, 0x1947, 0x0862, 0x0021, 0x0882, 0x1968, 0x0842, 0x0862,
0x21ca, 0x10e5, 0x0041, 0x10e5, 0x1968, 0x1906, 0x10e5, 0x1906, 0x10c4, 0x0842,
0x1106, 0x1947, 0x10e5, 0x0863, 0x10c4, 0x1105, 0x10a5, 0x10e5, 0x10c5, 0x10c5,
0x1966, 0x1967, 0x1906, 0x10e5, 0x10e5, 0x1106, 0x1927, 0x10e5, 0x10e5, 0x10e5,
0x2968, 0x1906, 0x1906, 0x10c5, 0x10e6, 0x1927, 0x0042, 0x0000, 0x0000, 0x0000,
0x0000, 0x0000, 
0x0000, 0x0000, 0x0000, 0x0000, 0x0000, 0x0000, 0x4208, 0xffff, 0xffff, 0xffff,
0xffff, 0xffff, 0xffff, 0xffff, 0xffff, 0xffff, 0xffff, 0xffff, 0xffff, 0xffff,
0xffff, 0xffff, 0xe7ff, 0x07df, 0x4fff, 0xfdfc, 0xf80f, 0x74da, 0x030d, 0x0000,
0x5b6f, 0x761c, 0xe0b3, 0x6029, 0x0107, 0x0108, 0x2826, 0x0043, 0x0844, 0xf011,
0x5049, 0x00c6, 0x00c7, 0x0149, 0x00a6, 0x0023, 0x0044, 0x0044, 0x0003, 0xc619,
0xffff, 0xffff, 0xffff, 0xffff, 0xffff, 0xffff, 0xffff, 0xffff, 0xffff, 0xffff,
0xffff, 0x39e7, 0x0000, 0x0000, 0x0000, 0x0000, 0x0000, 0x0000, 0x10a3, 0x0883,
0x0883, 0x08a4, 0x1167, 0x0947, 0x3228, 0x19c8, 0x0987, 0x11c8, 0x1b6f, 0x11c8,
0x1167, 0x234e, 0x120a, 0x12cd, 0x4699, 0x7552, 0x24f5, 0x2c73, 0x1b90, 0x24d4,
0x1b6f, 0x18c3, 0x32cd, 0x4aa9, 0x0001, 0x10c4, 0x1926, 0x1987, 0x3515, 0x2d56,
0x3d55, 0x4575, 0x4576, 0x4575, 0x2556, 0x2d15, 0x19c8, 0x1906, 0x08c4, 0x08c4,
0x0863, 0x4aaa, 0x2a4b, 0x10c4, 0x1bb0, 0x3c92, 0x2412, 0x1cf5, 0x7572, 0x4eba,
0x1b2e, 0x11e9, 0x1b6f, 0x1167, 0x1188, 0x1b6f, 0x11e9, 0x0967, 0x19c8, 0x3228,
0x0947, 0x1167, 0x08a4, 0x0883, 0x0883, 0x10c4, 0x0000, 0x0000, 0x0000, 0x0000,
0x0061, 0x32d2, 0x39b0, 0x392f, 0x4190, 0x49d2, 0x59d3, 0x59f3, 0x61d3, 0x7235,
0x7a16, 0x8996, 0x9b3a, 0x93db, 0x396c, 0x20c8, 0x89f6, 0xf1ff, 0xa135, 0x2088,
0x390c, 0x5950, 0x30ea, 0x30ea, 0x9217, 0xb9f9, 0x2088, 0x89b6, 0xc1fa, 0x1866,
0x28a9, 0xb239, 0x5130, 0x1086, 0xb1b7, 0x8996, 0x1867, 0xa9b7, 0x492e, 0x2088,
0x20a8, 0xb9b9, 0xe21d, 0xb959, 0xc99c, 0xc1db, 0xaa3b, 0x3a71, 0x31cd, 0x5190,
0x69d5, 0x6214, 0x6254, 0x61f3, 0x49b2, 0x49d1, 0x39d0, 0x394f, 0x2af2, 0x0082,
0x0000, 0x0000, 0x0000, 0x0000, 0x0000, 0x0000, 0x0000, 0x0000, 0x0000, 0x0000,
0x0021, 0x0021, 0x0021, 0x0021, 0x0021, 0x0041, 0x0041, 0x0041, 0x0041, 0x0041,
0x0041, 0x0021, 0x10c4, 0x1947, 0x0883, 0x0041, 0x0883, 0x1948, 0x0883, 0x0883,
0x2148, 0x1906, 0x0862, 0x1927, 0x1947, 0x1947, 0x1927, 0x1906, 0x10e5, 0x0862,
0x1106, 0x1927, 0x1106, 0x10c4, 0x10a4, 0x1104, 0x08a4, 0x10c5, 0x10c5, 0x10c5,
0x0862, 0x1106, 0x1906, 0x1106, 0x1926, 0x1947, 0x10e6, 0x18e6, 0x1907, 0x10e5,
0x1106, 0x21a8, 0x21c9, 0x21e9, 0x21e9, 0x220a, 0x0882, 0x0000, 0x0000, 0x0000,
0x0000, 0x0000, 
0x0000, 0x0000, 0x0000, 0x0000, 0x0000, 0x0000, 0x4208, 0xffff, 0xffff, 0xffff,
0xffff, 0xffff, 0xffff, 0xffff, 0xffff, 0xffff, 0xffff, 0xffff, 0xffff, 0xffff,
0xffff, 0xffff, 0xe7ff, 0x07df, 0x4fff, 0xfdfc, 0xf80f, 0x74da, 0x030d, 0x0000,
0x03d0, 0x07ff, 0xe8d3, 0x6008, 0x0043, 0x0086, 0x2046, 0x0023, 0x0844, 0xf031,
0x5028, 0x0022, 0x0086, 0x016a, 0x00a6, 0x0023, 0x0044, 0x0044, 0x0003, 0xc618,
0xffff, 0xffff, 0xffff, 0xffff, 0xffff, 0xffff, 0xffff, 0xffff, 0xffff, 0xffff,
0xffff, 0x39e7, 0x0000, 0x0000, 0x0000, 0x0000, 0x0000, 0x0000, 0x10a3, 0x0883,
0x0883, 0x08a4, 0x1187, 0x0967, 0x3228, 0x19e8, 0x11a8, 0x11a8, 0x1a6b, 0x1b4e,
0x124a, 0x1a8c, 0x234f, 0x0967, 0x3c92, 0x7e35, 0x25f9, 0x35d8, 0x2536, 0x2e3a,
0x2d97, 0x2145, 0x31c6, 0x3a07, 0x3a07, 0x10c4, 0x0022, 0x1aed, 0x2db8, 0x2d77,
0x4596, 0x45b6, 0x45b7, 0x45b6, 0x2557, 0x25d9, 0x236e, 0x0842, 0x10c4, 0x10c4,
0x0862, 0x4a88, 0x3a6b, 0x1882, 0x1c72, 0x3e19, 0x35d8, 0x265a, 0x7676, 0x3cb2,
0x0988, 0x1b4e, 0x1acc, 0x120a, 0x1b6f, 0x1acc, 0x11a8, 0x11a8, 0x19e8, 0x3228,
0x0967, 0x1187, 0x08c4, 0x0883, 0x0883, 0x10c4, 0x0000, 0x0000, 0x0000, 0x0000,
0x0001, 0x312d, 0x39d1, 0x41d1, 0x49b2, 0x5192, 0x61b3, 0x71d5, 0x71b5, 0x79b5,
0x9176, 0x91f7, 0x8c1b, 0xb9ba, 0x410c, 0x18a7, 0x91f7, 0xf9ff, 0xa956, 0x1086,
0x30cb, 0x5950, 0x390c, 0x1886, 0x28eb, 0x91b5, 0x30a9, 0x6973, 0x50ed, 0x1866,
0x1066, 0x8153, 0x5951, 0x1086, 0xa175, 0x7974, 0x1086, 0x40ec, 0x490d, 0x20a8,
0x2929, 0x9195, 0x48ec, 0x2088, 0x8153, 0xd9dd, 0xb9fb, 0x492e, 0x1948, 0x494e,
0x81d7, 0x6994, 0x61d4, 0x59d3, 0x59d3, 0x49b2, 0x4190, 0x398f, 0x310d, 0x0000,
0x0000, 0x0000, 0x0000, 0x0000, 0x0000, 0x0000, 0x0000, 0x0000, 0x0000, 0x0000,
0x0041, 0x0041, 0x0041, 0x0883, 0x0883, 0x0041, 0x0042, 0x0041, 0x0842, 0x0842,
0x0862, 0x0841, 0x08a3, 0x1927, 0x08a4, 0x0842, 0x0862, 0x1947, 0x10e5, 0x10c4,
0x1947, 0x10e5, 0x0862, 0x1926, 0x1948, 0x1926, 0x1906, 0x1106, 0x1906, 0x10c4,
0x1106, 0x1926, 0x1947, 0x1988, 0x10a4, 0x1105, 0x0883, 0x0862, 0x08a4, 0x10e5,
0x1105, 0x1906, 0x18e6, 0x10c5, 0x10e6, 0x1947, 0x21a8, 0x2a4a, 0x328c, 0x3b0e,
0x330d, 0x21c8, 0x1967, 0x1105, 0x10e5, 0x10e5, 0x0041, 0x0000, 0x0000, 0x0000,
0x0000, 0x0000, 
0x0000, 0x0000, 0x0000, 0x0000, 0x0000, 0x0000, 0x4208, 0xffff, 0xffff, 0xffff,
0xffff, 0xffff, 0xffff, 0xffff, 0xffff, 0xffff, 0xffff, 0xffff, 0xffff, 0xffff,
0xffff, 0xffbf, 0xe439, 0x075e, 0x4fff, 0xfdfc, 0xf80f, 0x74da, 0x030d, 0x0000,
0x03d0, 0x0fff, 0xf0d3, 0x6008, 0x0043, 0x0044, 0x3047, 0x0044, 0x0844, 0xe831,
0x5028, 0x0022, 0x0085, 0x016a, 0x00a6, 0x0023, 0x0044, 0x0044, 0x0003, 0xbdf8,
0xffff, 0xffff, 0xffff, 0xffff, 0xffff, 0xffff, 0xffff, 0xffff, 0xffff, 0xffff,
0xffff, 0x39e7, 0x0000, 0x0000, 0x0000, 0x0000, 0x0000, 0x0000, 0x10a3, 0x0883,
0x0883, 0x08a4, 0x1188, 0x0988, 0x3249, 0x19e9, 0x11c8, 0x2229, 0x11a8, 0x122a,
0x238f, 0x11c9, 0x238f, 0x128c, 0x32cb, 0x7573, 0x2e19, 0x369b, 0x367b, 0x36bb,
0x35b7, 0x1167, 0x31e8, 0x2a08, 0x53f0, 0x532b, 0x4a68, 0x4596, 0x1db8, 0x35b7,
0x45d7, 0x45d7, 0x45d7, 0x3dd7, 0x2e19, 0x5513, 0x4247, 0x3a6a, 0x08c4, 0x0883,
0x0862, 0x19c7, 0x31a5, 0x39c6, 0x232e, 0x3efc, 0x369a, 0x2e9b, 0x75b4, 0x32cb,
0x128c, 0x23d0, 0x11c9, 0x1b8f, 0x124b, 0x0988, 0x2229, 0x11c9, 0x19e9, 0x3249,
0x0988, 0x11a8, 0x08c4, 0x0883, 0x0883, 0x10c4, 0x0000, 0x0000, 0x0000, 0x0000,
0x0021, 0x31af, 0x41b1, 0x42f5, 0x4ab5, 0x59d3, 0x69d5, 0x6953, 0x40ed, 0x71b4,
0x9279, 0x93db, 0xb29b, 0xc9bc, 0x40cb, 0x1887, 0x38cb, 0x91b6, 0xa9b6, 0x1866,
0x30cb, 0x5950, 0x38eb, 0x20a7, 0x38ec, 0x8994, 0x30ca, 0x390d, 0x1887, 0x2087,
0x2087, 0x610f, 0x492e, 0x18c8, 0x7130, 0x410d, 0x20a8, 0x410c, 0x410d, 0x20c8,
0x30ea, 0x8974, 0x20a8, 0x1886, 0x48cb, 0xe1dd, 0xca3c, 0x412d, 0x1085, 0x5211,
0x7b39, 0x6378, 0x69d5, 0x6994, 0x61b4, 0x49d2, 0x41d1, 0x39d1, 0x31af, 0x0000,
0x0000, 0x0000, 0x0000, 0x0000, 0x0000, 0x0000, 0x0000, 0x0000, 0x0000, 0x0020,
0x0862, 0x0883, 0x0842, 0x08a4, 0x10c4, 0x0862, 0x0842, 0x10e5, 0x10e5, 0x0842,
0x0862, 0x0862, 0x08a3, 0x1927, 0x10c4, 0x0862, 0x0883, 0x1947, 0x10e5, 0x10e5,
0x2148, 0x1106, 0x0883, 0x1926, 0x1968, 0x1106, 0x1906, 0x1106, 0x1927, 0x10e5,
0x1106, 0x1927, 0x1967, 0x29ea, 0x10e5, 0x1125, 0x08a4, 0x08c4, 0x10c5, 0x1927,
0x10e6, 0x10e6, 0x21a8, 0x2a4a, 0x3b6e, 0x4451, 0x43ef, 0x330c, 0x19c7, 0x1105,
0x1106, 0x10e5, 0x1106, 0x1968, 0x1968, 0x2189, 0x0862, 0x0000, 0x0000, 0x0000,
0x0000, 0x0000, 
0x0000, 0x0000, 0x0000, 0x0000, 0x0000, 0x0000, 0x4208, 0xffff, 0xffff, 0xffff,
0xffff, 0xffff, 0xffff, 0xffff, 0xffff, 0xffff, 0xffff, 0xffff, 0xffff, 0xffff,
0xfedd, 0xf9b4, 0xe031, 0x07be, 0x4fff, 0xfdfc, 0xf80f, 0x74da, 0x030d, 0x0000,
0x03d0, 0x0fff, 0xe8d3, 0x6009, 0x0043, 0x0044, 0x1845, 0x0044, 0x0844, 0xe831,
0x5028, 0x0043, 0x0024, 0x00a6, 0x00a6, 0x0023, 0x0044, 0x0064, 0x0002, 0xbdf8,
0xffff, 0xffff, 0xffff, 0xffff, 0xffff, 0xffff, 0xffff, 0xffff, 0xffff, 0xffff,
0xffff, 0x39e7, 0x0000, 0x0000, 0x0000, 0x0000, 0x0000, 0x0000, 0x10a3, 0x0883,
0x0883, 0x08c4, 0x11a8, 0x09a8, 0x3269, 0x1a09, 0x11e9, 0x09e9, 0x11c9, 0x236f,
0x1acc, 0x11e9, 0x120a, 0x2432, 0x44d3, 0x63ed, 0x1c53, 0x2d15, 0x2cd4, 0x2cb4,
0x2474, 0x1b6e, 0x08e5, 0x1904, 0x1987, 0x2a6b, 0x63ef, 0x6533, 0x3e39, 0x367a,
0x4639, 0x4659, 0x3e39, 0x5658, 0x6554, 0x326b, 0x2924, 0x42cb, 0x1947, 0x0883,
0x0001, 0x430b, 0x5bad, 0x2146, 0x1acd, 0x4535, 0x2d15, 0x1cb4, 0x63ed, 0x3c92,
0x2473, 0x122a, 0x11e9, 0x1aac, 0x1b6f, 0x11e9, 0x11e9, 0x11e9, 0x1a09, 0x3269,
0x09a8, 0x11c8, 0x08c4, 0x0883, 0x0883, 0x10c4, 0x0000, 0x0000, 0x0000, 0x0000,
0x0021, 0x39d1, 0x49d3, 0x51b3, 0x59b4, 0x6994, 0x7976, 0x414d, 0x1989, 0x7a97,
0x8a37, 0x40ab, 0x6110, 0xa1f9, 0x40cb, 0x18a6, 0x2067, 0x492e, 0x89d4, 0x1949,
0x390c, 0x592f, 0x310b, 0x218a, 0x390d, 0x40ec, 0x2087, 0x28a9, 0x1866, 0x2087,
0x2888, 0x48cc, 0x1886, 0x2087, 0x410d, 0x30c9, 0x1866, 0x410c, 0x410d, 0x20c8,
0x2129, 0x7973, 0x310a, 0x20a8, 0x30ca, 0xb978, 0xd21c, 0x412e, 0x18e7, 0x514f,
0x9998, 0x7a77, 0x63f9, 0x6297, 0x6194, 0x5993, 0x4971, 0x41f2, 0x31d0, 0x0000,
0x0000, 0x0000, 0x0000, 0x0000, 0x0000, 0x0000, 0x0000, 0x0000, 0x0000, 0x0021,
0x0862, 0x10c4, 0x0862, 0x10c4, 0x10c5, 0x0862, 0x0862, 0x1105, 0x1106, 0x08a3,
0x0883, 0x0883, 0x10e5, 0x1926, 0x10e5, 0x0883, 0x10e5, 0x1927, 0x1106, 0x10e5,
0x1947, 0x1906, 0x10c4, 0x10e5, 0x1146, 0x1947, 0x1106, 0x1106, 0x1906, 0x10c5,
0x1106, 0x1906, 0x1927, 0x1968, 0x10e6, 0x1105, 0x1105, 0x1105, 0x2a29, 0x326b,
0x1987, 0x19a8, 0x21c8, 0x1946, 0x1946, 0x1126, 0x10e5, 0x10e6, 0x1927, 0x1947,
0x1947, 0x1968, 0x1968, 0x1968, 0x1948, 0x1947, 0x0042, 0x0000, 0x0000, 0x0000,
0x0000, 0x0000, 
0x0000, 0x0000, 0x0000, 0x0000, 0x0000, 0x0000, 0x4208, 0xffff, 0xffff, 0xffff,
0xffff, 0xffff, 0xffff, 0xffff, 0xffff, 0xffff, 0xffff, 0xffff, 0xffff, 0xffff,
0xfa76, 0xf810, 0xe5bb, 0x07ff, 0x4fff, 0xfdfc, 0xf80f, 0x74da, 0x030d, 0x0800,
0x03d0, 0x0fff, 0xe8d3, 0x6009, 0x0043, 0x0044, 0x3827, 0x0044, 0x0844, 0xe831,
0x4828, 0x0043, 0x0044, 0x0023, 0x0044, 0x0044, 0x0044, 0x0044, 0x0023, 0x94b4,
0xf7df, 0xffff, 0xffff, 0xffff, 0xffff, 0xffff, 0xffff, 0xffff, 0xffff, 0xffff,
0xffff, 0x39e7, 0x0000, 0x0000, 0x0000, 0x0000, 0x0000, 0x0000, 0x10a3, 0x0883,
0x0883, 0x08c4, 0x11c8, 0x09c9, 0x3289, 0x1a29, 0x120a, 0x4b4b, 0x1a2a, 0x1acc,
0x23d0, 0x238f, 0x2aec, 0x126c, 0x3bf0, 0x6c6f, 0x2494, 0x1c94, 0x4491, 0x4cf3,
0x2516, 0x3619, 0x0986, 0x0841, 0x18c2, 0x10c4, 0x08e5, 0x1987, 0x536c, 0x44b2,
0x64f2, 0x5c90, 0x4cd2, 0x432c, 0x21a8, 0x0001, 0x31a5, 0x3a49, 0x1967, 0x0862,
0x0041, 0x52ea, 0x2a4b, 0x1104, 0x2473, 0x4cd2, 0x2493, 0x1c94, 0x646e, 0x3c10,
0x128c, 0x1aed, 0x1b8f, 0x238f, 0x1aed, 0x122a, 0x4b2b, 0x120a, 0x1a2a, 0x3289,
0x09c9, 0x11e9, 0x08c4, 0x0883, 0x0883, 0x10c4, 0x0000, 0x0000, 0x0000, 0x0000,
0x0000, 0x312c, 0x51d3, 0x5a75, 0x5af6, 0x6b17, 0x737a, 0x42d1, 0x1949, 0x89b6,
0x8955, 0x1065, 0x30cb, 0x79b5, 0x48cb, 0x1866, 0x1866, 0x512f, 0x89d4, 0x1148,
0x312c, 0x592f, 0x28c9, 0x18a7, 0x30cb, 0x30ca, 0x1866, 0x2087, 0x30a9, 0x1846,
0x1846, 0x81d4, 0x2087, 0x1887, 0x2888, 0x2087, 0x18e8, 0x30ea, 0x28a9, 0x20e8,
0x20c8, 0x492f, 0x28a9, 0x18a7, 0x20e9, 0x7912, 0xe23d, 0x412e, 0x1024, 0x610f,
0xa9fa, 0x9177, 0x7a37, 0x63f9, 0x5b78, 0x52d6, 0x4b77, 0x4a54, 0x39b0, 0x0021,
0x0000, 0x0000, 0x0000, 0x0000, 0x0000, 0x0000, 0x0000, 0x0000, 0x0000, 0x0041,
0x0883, 0x10c4, 0x0883, 0x10c5, 0x1106, 0x0883, 0x0883, 0x10c5, 0x10e5, 0x10e5,
0x10c5, 0x10e5, 0x10e5, 0x1927, 0x1906, 0x10e5, 0x1106, 0x1927, 0x1907, 0x10e5,
0x1927, 0x1906, 0x1906, 0x10e5, 0x18c5, 0x1927, 0x1106, 0x1106, 0x1927, 0x10e5,
0x1126, 0x1988, 0x1927, 0x21a8, 0x4c72, 0x32cc, 0x1946, 0x19a8, 0x10e4, 0x10e5,
0x1988, 0x1968, 0x1948, 0x1968, 0x1968, 0x21c9, 0x21a9, 0x2189, 0x1989, 0x1988,
0x21c9, 0x2a2a, 0x21ea, 0x1989, 0x1968, 0x1968, 0x0862, 0x0000, 0x0000, 0x0000,
0x0000, 0x0000, 
0x0000, 0x0000, 0x0000, 0x0000, 0x0000, 0x0000, 0x4208, 0xffff, 0xffff, 0xffff,
0xffff, 0xffff, 0xffff, 0xffff, 0xffff, 0xffff, 0xffff, 0xffff, 0xffff, 0xffff,
0xfa75, 0xf832, 0xefdf, 0x07ff, 0x4fff, 0xfdfc, 0xf80f, 0x74da, 0x030d, 0x0000,
0x03d0, 0x0fff, 0xf8d4, 0x6008, 0x0043, 0x0044, 0x0844, 0x0043, 0x0844, 0xe831,
0x4828, 0x0043, 0x0044, 0x0044, 0x0044, 0x0044, 0x0044, 0x0044, 0x0023, 0x8453,
0xef5d, 0xffff, 0xffff, 0xffff, 0xffff, 0xffff, 0xffff, 0xffff, 0xffff, 0xffff,
0xffff, 0x39e7, 0x0000, 0x0000, 0x0000, 0x0000, 0x0000, 0x0000, 0x10a3, 0x0883,
0x0883, 0x08c4, 0x11e9, 0x09e9, 0x32aa, 0x1a4a, 0x122a, 0x4b2c, 0x1a6b, 0x1a8b,
0x128c, 0x1acd, 0x3431, 0x126c, 0x32ec, 0x6c8f, 0x1cb4, 0x2d77, 0x3d35, 0x3d96,
0x2598, 0x2473, 0x0883, 0x10e5, 0x1105, 0x1125, 0x1946, 0x1986, 0x1062, 0x1967,
0x3a08, 0x31a6, 0x2945, 0x0001, 0x08a3, 0x132e, 0x4d95, 0x3a6a, 0x1147, 0x1946,
0x10e4, 0x534c, 0x1925, 0x1186, 0x2dd8, 0x2536, 0x2d77, 0x1cb5, 0x646f, 0x330c,
0x126b, 0x23f1, 0x1b0d, 0x128c, 0x126b, 0x126b, 0x432c, 0x122a, 0x1a4a, 0x328a,
0x09e9, 0x1209, 0x08c4, 0x0883, 0x0883, 0x10c4, 0x0000, 0x0000, 0x0000, 0x0000,
0x0000, 0x20a8, 0x59b4, 0x5c7a, 0x63b9, 0x7338, 0x8a99, 0x38cb, 0x1886, 0x91d7,
0x58ee, 0x10a7, 0x30ca, 0x81d5, 0x48cb, 0x1867, 0x2067, 0x492e, 0x89d4, 0x10e7,
0x310b, 0x512f, 0x1886, 0x20a7, 0x2087, 0x1867, 0x2087, 0x81b3, 0xaa79, 0x7a33,
0x8ab7, 0x71f2, 0x1045, 0x2046, 0x20e8, 0x2067, 0x21ec, 0x212a, 0x1846, 0x314b,
0x292b, 0x490e, 0x290a, 0x2109, 0x1086, 0x70ef, 0xd21b, 0x390c, 0x1127, 0x6170,
0xc1dc, 0xa1fa, 0x99d8, 0x89b7, 0x7236, 0x6358, 0x5b77, 0x4c58, 0x3a52, 0x0000,
0x0000, 0x0000, 0x0000, 0x0000, 0x0000, 0x0000, 0x0000, 0x0000, 0x0000, 0x0041,
0x08a4, 0x10e5, 0x10e5, 0x10a4, 0x10e6, 0x08a3, 0x10c4, 0x1927, 0x1968, 0x2168,
0x21ca, 0x2188, 0x1127, 0x1927, 0x1926, 0x1106, 0x10e6, 0x1927, 0x1927, 0x10e5,
0x1947, 0x1947, 0x1947, 0x2968, 0x08c4, 0x1947, 0x1927, 0x1106, 0x1948, 0x1106,
0x2147, 0x1947, 0x1106, 0x1125, 0x1124, 0x1145, 0x10e5, 0x1105, 0x10c5, 0x08a4,
0x1947, 0x1988, 0x1968, 0x1968, 0x21a9, 0x1988, 0x1989, 0x21a9, 0x1968, 0x32ac,
0x2a8c, 0x1988, 0x2a2b, 0x21a8, 0x10e5, 0x1989, 0x0862, 0x0000, 0x0000, 0x0000,
0x0000, 0x0000, 
0x0000, 0x0000, 0x0000, 0x0000, 0x0000, 0x0000, 0x4208, 0xffff, 0xffff, 0xffff,
0xffff, 0xffff, 0xffff, 0xffff, 0xffff, 0xffff, 0xffff, 0xffff, 0xffff, 0xffff,
0xfa75, 0xf831, 0xe77e, 0x07ff, 0x4fff, 0xfdfc, 0xf80f, 0x74da, 0x030d, 0x0000,
0x03d0, 0x0fdf, 0xb0d1, 0x4849, 0x0063, 0x0044, 0x0044, 0x0043, 0x0844, 0xf031,
0x4828, 0x0043, 0x0044, 0x0044, 0x0044, 0x0044, 0x0044, 0x0044, 0x0023, 0x5b0e,
0xb5d8, 0xffff, 0xffff, 0xffff, 0xffff, 0xffff, 0xffff, 0xffff, 0xffff, 0xffff,
0xffff, 0x39e7, 0x0000, 0x0000, 0x0000, 0x0000, 0x0000, 0x0000, 0x10a3, 0x0883,
0x0863, 0x08c4, 0x1209, 0x0a0a, 0x32aa, 0x226b, 0x124b, 0x432c, 0x1a8c, 0x22cc,
0x5bcd, 0x230d, 0x2411, 0x1b4f, 0x3c51, 0x646f, 0x24d5, 0x2d16, 0x34b3, 0x3cf4,
0x25b8, 0x126b, 0x0842, 0x08a3, 0x10e5, 0x1967, 0x52c9, 0x54f2, 0x1cd4, 0x29c7,
0x1987, 0x224b, 0x31a7, 0x22cb, 0x25b8, 0x2f3e, 0x4d95, 0x5289, 0x2187, 0x08e5,
0x18c3, 0x5b4b, 0x10e5, 0x128b, 0x2d77, 0x24d5, 0x2d15, 0x1cf5, 0x646f, 0x3c71,
0x1b6f, 0x23f1, 0x1b0d, 0x5bcd, 0x1aac, 0x126b, 0x434c, 0x124b, 0x226b, 0x32aa,
0x120a, 0x120a, 0x08e4, 0x0883, 0x0883, 0x10c4, 0x0000, 0x0000, 0x0000, 0x0000,
0x0000, 0x2047, 0x61f5, 0x5cba, 0x81f7, 0x9198, 0x58ef, 0x1866, 0x2088, 0x91f7,
0x58ee, 0x1045, 0x30cb, 0x6973, 0x38aa, 0x20a8, 0x20e8, 0x514f, 0x592f, 0x1045,
0x28a9, 0x28a9, 0x2087, 0x2888, 0x1886, 0x1045, 0x49ce, 0x93da, 0x7b98, 0xa4bf,
0x6ad4, 0x1929, 0x20c8, 0x220d, 0x2a8f, 0x1846, 0x2067, 0x2888, 0x2067, 0x2888,
0x2088, 0x490e, 0x28c9, 0x1886, 0x2088, 0x2889, 0x20e8, 0x20e9, 0x18c7, 0x7151,
0x7131, 0x40ed, 0x40ed, 0x492e, 0x89d7, 0x7277, 0x6a16, 0x6257, 0x4417, 0x0041,
0x0000, 0x0000, 0x0000, 0x0000, 0x0000, 0x0000, 0x0000, 0x0000, 0x0000, 0x0041,
0x1106, 0x1926, 0x1947, 0x2188, 0x1968, 0x2189, 0x29ea, 0x21ca, 0x21c9, 0x2189,
0x1968, 0x21c9, 0x1948, 0x10e5, 0x1926, 0x1968, 0x1947, 0x1927, 0x1927, 0x10e5,
0x1947, 0x1968, 0x2989, 0x49eb, 0x2126, 0x2148, 0x1927, 0x1126, 0x1948, 0x2147,
0x49aa, 0x2948, 0x1106, 0x2188, 0x0041, 0x0000, 0x0020, 0x0000, 0x0021, 0x0862,
0x08a3, 0x10e5, 0x1947, 0x1968, 0x1988, 0x1989, 0x1968, 0x1126, 0x1968, 0x10c4,
0x0863, 0x10e6, 0x10c4, 0x0000, 0x0000, 0x08c4, 0x0021, 0x0000, 0x0000, 0x0000,
0x0000, 0x0000, 
0x0000, 0x0000, 0x0000, 0x0000, 0x0000, 0x0000, 0x4208, 0xffff, 0xffff, 0xffff,
0xffff, 0xffff, 0xffff, 0xffff, 0xffff, 0xffff, 0xffff, 0xffff, 0xffff, 0xffff,
0xf275, 0xf831, 0xe77e, 0x07ff, 0x4fff, 0xfdfc, 0xf80f, 0x6cda, 0x030c, 0x0000,
0x0411, 0x079e, 0x0129, 0x0149, 0x0064, 0x0044, 0x0044, 0x0043, 0x1044, 0xd830,
0x3847, 0x0043, 0x0044, 0x0044, 0x0044, 0x0044, 0x0044, 0x0044, 0x0044, 0x0002,
0x73b0, 0xffff, 0xffff, 0xffff, 0xffff, 0xffff, 0xffff, 0xffff, 0xffff, 0xffff,
0xffff, 0x39e7, 0x0000, 0x0000, 0x0000, 0x0000, 0x0000, 0x0000, 0x10a3, 0x0883,
0x0863, 0x08c4, 0x122a, 0x1a4a, 0x3aeb, 0x228b, 0x126b, 0x436d, 0x1aac, 0x1aac,
0x540e, 0x230d, 0x1b4f, 0x2453, 0x3410, 0x646f, 0x24f6, 0x3619, 0x3d76, 0x3d55,
0x2e5a, 0x1167, 0x2944, 0x2187, 0x4227, 0x10e5, 0x29a8, 0x2b90, 0x37df, 0x34b2,
0x2944, 0x1083, 0x1a29, 0x3ebb, 0x373d, 0x36fc, 0x2bf1, 0x29c9, 0x1106, 0x4206,
0x2986, 0x3a48, 0x08a4, 0x24b3, 0x2df9, 0x24f5, 0x3619, 0x2537, 0x646f, 0x33cf,
0x1c32, 0x1b90, 0x1aed, 0x53ee, 0x1acc, 0x1aac, 0x436d, 0x128c, 0x228b, 0x32cb,
0x122a, 0x1a2a, 0x08e4, 0x0883, 0x0883, 0x10c4, 0x0000, 0x0000, 0x0000, 0x0000,
0x0000, 0x2a4d, 0x5cdb, 0x6ab7, 0x38cb, 0x91d8, 0x592f, 0x1044, 0x2067, 0x40ec,
0x30cb, 0x1866, 0x2087, 0x2087, 0x1866, 0x20c9, 0x20a7, 0x410e, 0x38eb, 0x1845,
0x1866, 0x1866, 0x1866, 0x2867, 0x40ab, 0x1024, 0x3a0e, 0x75bf, 0x6d9e, 0x4c37,
0x1002, 0x21ac, 0x222d, 0x2149, 0x2bd3, 0x1887, 0x1866, 0x2067, 0x2067, 0x2087,
0x2067, 0x30ca, 0x2088, 0x1866, 0x2087, 0x2088, 0x20e8, 0x18a7, 0x38ec, 0x6952,
0x30ca, 0x20a8, 0x1867, 0x30aa, 0x9259, 0x7a78, 0x5992, 0x390d, 0x51b2, 0x0041,
0x0000, 0x0000, 0x0000, 0x0000, 0x0000, 0x0000, 0x0000, 0x0000, 0x0000, 0x0041,
0x1926, 0x10e5, 0x2168, 0x29ea, 0x1968, 0x1927, 0x1947, 0x1927, 0x1106, 0x1906,
0x10e5, 0x1988, 0x1947, 0x1106, 0x1927, 0x2a4c, 0x21a9, 0x1948, 0x1927, 0x10e5,
0x1927, 0x2169, 0x31ca, 0x31ca, 0x49ea, 0x2948, 0x18e6, 0x1907, 0x2989, 0x49eb,
0x2947, 0x3168, 0x1927, 0x2168, 0x1947, 0x10e4, 0x10c4, 0x0020, 0x0000, 0x0041,
0x0000, 0x0041, 0x10c4, 0x1967, 0x1989, 0x1989, 0x1968, 0x1947, 0x1947, 0x08a3,
0x0862, 0x0042, 0x0020, 0x0000, 0x0000, 0x0000, 0x0000, 0x0000, 0x0000, 0x0000,
0x0000, 0x0000, 
0x0000, 0x0000, 0x0000, 0x0000, 0x0000, 0x0000, 0x4208, 0xffff, 0xffff, 0xffff,
0xffff, 0xffff, 0xffff, 0xffff, 0xffff, 0xffff, 0xffff, 0xffff, 0xffdf, 0xffff,
0xf275, 0xf832, 0xf7ff, 0x07ff, 0x47ff, 0xfe1c, 0xf80f, 0x751b, 0x032d, 0x0000,
0x03f1, 0x079e, 0x0149, 0x0129, 0x0064, 0x0044, 0x0044, 0x0043, 0x2046, 0x802b,
0x0043, 0x0044, 0x0044, 0x0044, 0x0044, 0x0044, 0x0044, 0x0044, 0x0044, 0x0044,
0x0023, 0xd6bb, 0xffff, 0xffff, 0xffff, 0xffff, 0xffff, 0xffff, 0xffff, 0xffff,
0xffff, 0x39e7, 0x0000, 0x0000, 0x0000, 0x0000, 0x0000, 0x0000, 0x10a3, 0x0883,
0x0863, 0x08c4, 0x124a, 0x126b, 0x3aeb, 0x228b, 0x1b2e, 0x4c0f, 0x1aac, 0x1aed,
0x438e, 0x1b2e, 0x236f, 0x1b4f, 0x33cf, 0x6c8f, 0x2516, 0x2db8, 0x3618, 0x4679,
0x2e39, 0x0987, 0x39a5, 0x21c8, 0x534d, 0x41e6, 0x0883, 0x33f1, 0x373d, 0x3f3d,
0x35f8, 0x2d15, 0x36fc, 0x373d, 0x5efc, 0x3f5d, 0x2c32, 0x0883, 0x3a06, 0x534d,
0x3208, 0x2125, 0x08e4, 0x2dd8, 0x367b, 0x2df9, 0x2df9, 0x2557, 0x6490, 0x33ef,
0x134f, 0x1b4f, 0x1b4f, 0x43ae, 0x1aed, 0x1aac, 0x4c0f, 0x1b4f, 0x1a6b, 0x432c,
0x1a4b, 0x124b, 0x08e4, 0x0883, 0x0883, 0x10c4, 0x0000, 0x0000, 0x0000, 0x0000,
0x0061, 0x2b71, 0x7a38, 0x8196, 0x1867, 0x510e, 0x38aa, 0x1928, 0x1929, 0x1908,
0x18a8, 0x2067, 0x1866, 0x1866, 0x1866, 0x1908, 0x20e8, 0x2067, 0x1866, 0x1866,
0x1866, 0x1846, 0x1866, 0x1887, 0x386a, 0x1866, 0x1887, 0x3d7b, 0x46bf, 0x3dfc,
0x22cf, 0x1949, 0x218b, 0x2c14, 0x22af, 0x1805, 0x18c8, 0x1887, 0x1846, 0x2888,
0x28a9, 0x1846, 0x2087, 0x2067, 0x1866, 0x28a9, 0x40ab, 0x1845, 0x410d, 0x40ed,
0x2888, 0x2067, 0x18c8, 0x30ea, 0x91d7, 0x9219, 0x494f, 0x1045, 0x4991, 0x0821,
0x0000, 0x0000, 0x0000, 0x0000, 0x0000, 0x0000, 0x0000, 0x0000, 0x0000, 0x0041,
0x1926, 0x10a4, 0x10a4, 0x1106, 0x1927, 0x1106, 0x1106, 0x1927, 0x1927, 0x1927,
0x10e6, 0x18e6, 0x2148, 0x1106, 0x1927, 0x1988, 0x1947, 0x1927, 0x1927, 0x1906,
0x1927, 0x2169, 0x524d, 0x422c, 0x3188, 0x520c, 0x4431, 0x4411, 0x520c, 0x41ea,
0x3168, 0x49eb, 0x1927, 0x2168, 0x21a9, 0x1947, 0x2189, 0x21c9, 0x1106, 0x0021,
0x0000, 0x0000, 0x0000, 0x0000, 0x0041, 0x08c4, 0x1948, 0x1968, 0x1947, 0x1968,
0x1947, 0x0042, 0x0020, 0x0000, 0x0000, 0x0000, 0x0000, 0x0000, 0x0000, 0x0000,
0x0000, 0x0000, 
0x0000, 0x0000, 0x0000, 0x0000, 0x0000, 0x0000, 0x4208, 0xffff, 0xffff, 0xffff,
0xffff, 0xffff, 0xffff, 0xffff, 0xffff, 0xffff, 0xffdf, 0xffff, 0xffff, 0xffff,
0xea75, 0x800a, 0x6b8f, 0x071b, 0x5e7d, 0xfd1a, 0xa02c, 0x318b, 0x0127, 0x0001,
0x0411, 0x07df, 0x0149, 0x0129, 0x0064, 0x0023, 0x0044, 0x0043, 0x2025, 0x900b,
0x0023, 0x0023, 0x0023, 0x0023, 0x0023, 0x0044, 0x0044, 0x0044, 0x0044, 0x0044,
0x0023, 0xce7a, 0xffff, 0xffff, 0xffff, 0xffff, 0xffff, 0xffff, 0xffff, 0xffff,
0xffff, 0x39e7, 0x0000, 0x0000, 0x0000, 0x0000, 0x0000, 0x0000, 0x10a3, 0x0883,
0x0862, 0x08e4, 0x126b, 0x124b, 0x330c, 0x22ac, 0x1b6f, 0x4c30, 0x22ed, 0x1aad,
0x538d, 0x33af, 0x1bb0, 0x1bf1, 0x3410, 0x6cb0, 0x2536, 0x2dd8, 0x2e19, 0x369b,
0x2e39, 0x11a7, 0x3985, 0x2187, 0x224b, 0x5b4b, 0x1882, 0x2bf1, 0x377e, 0x573c,
0x377e, 0x379f, 0x375e, 0x373d, 0x4f3d, 0x3f7e, 0x2c73, 0x1062, 0x5b4b, 0x222b,
0x4248, 0x2a09, 0x1146, 0x2db7, 0x3ebc, 0x2e39, 0x2df9, 0x2577, 0x64b0, 0x3410,
0x1bf1, 0x1bb0, 0x33cf, 0x63ce, 0x1aad, 0x1aed, 0x4c30, 0x1b6f, 0x22ac, 0x3b0c,
0x126b, 0x1a6b, 0x08e4, 0x0883, 0x0883, 0x10c4, 0x0000, 0x0000, 0x0000, 0x0000,
0x0000, 0x1805, 0x38cb, 0x38eb, 0x1867, 0x1045, 0x1045, 0x18a7, 0x18a7, 0x1886,
0x1865, 0x2067, 0x1866, 0x1845, 0x1866, 0x18a7, 0x1886, 0x1845, 0x1866, 0x1886,
0x1845, 0x1866, 0x1825, 0x1866, 0x10c7, 0x1825, 0x1804, 0x198a, 0x2579, 0x275f,
0x2e1b, 0x2c34, 0x24f6, 0x1b2f, 0x1024, 0x1024, 0x10a6, 0x1065, 0x1025, 0x1086,
0x1065, 0x1846, 0x1846, 0x1845, 0x1846, 0x1825, 0x1805, 0x1044, 0x28a9, 0x2088,
0x1866, 0x2067, 0x1887, 0x1866, 0x2889, 0x490e, 0x2088, 0x1866, 0x51b2, 0x0822,
0x0000, 0x0000, 0x0000, 0x0000, 0x0000, 0x0000, 0x0000, 0x0000, 0x0000, 0x0041,
0x1906, 0x10c5, 0x10c5, 0x1927, 0x2148, 0x1907, 0x1927, 0x1106, 0x1106, 0x1927,
0x10e5, 0x2126, 0x2168, 0x1927, 0x1927, 0x21aa, 0x2189, 0x19c9, 0x3a4c, 0x1927,
0x1927, 0x2189, 0x5aaf, 0x3a0b, 0x3147, 0x51eb, 0x4d14, 0x5575, 0x49cb, 0x41eb,
0x3169, 0x41aa, 0x1947, 0x29aa, 0x2168, 0x1968, 0x1948, 0x1947, 0x1948, 0x1126,
0x1926, 0x1106, 0x0000, 0x0000, 0x0000, 0x0000, 0x0000, 0x0041, 0x0883, 0x1126,
0x1947, 0x1127, 0x10e5, 0x0863, 0x0021, 0x0020, 0x0000, 0x0000, 0x0000, 0x0000,
0x0000, 0x0000, 
0x0000, 0x0000, 0x0000, 0x0000, 0x0000, 0x0000, 0x4208, 0xffff, 0xffff, 0xffff,
0xffff, 0xffff, 0xffff, 0xffff, 0xffff, 0xffff, 0xffff, 0xfe3d, 0xfb77, 0xfe9e,
0xf2f5, 0x0127, 0x0002, 0x0638, 0x765e, 0xfcfa, 0x800b, 0x1804, 0x0002, 0x0023,
0x0106, 0x020a, 0x0149, 0x092a, 0x0865, 0x0085, 0x0044, 0x0065, 0x10c7, 0x40aa,
0x00c6, 0x00c6, 0x00c6, 0x00c7, 0x00c7, 0x0044, 0x0044, 0x0044, 0x0044, 0x0044,
0x0023, 0xd69a, 0xffff, 0xffff, 0xffff, 0xffff, 0xffff, 0xffff, 0xffff, 0xffff,
0xffff, 0x39e7, 0x0000, 0x0000, 0x0000, 0x0000, 0x0000, 0x0000, 0x10a3, 0x0883,
0x0862, 0x08e4, 0x1a8b, 0x128c, 0x332c, 0x22cc, 0x1b90, 0x4c50, 0x232e, 0x1acd,
0x324a, 0x642f, 0x23d0, 0x1bb1, 0x3431, 0x64b0, 0x2577, 0x2df9, 0x2452, 0x367a,
0x3eba, 0x232d, 0x1082, 0x1946, 0x220a, 0x5b4c, 0x1061, 0x2515, 0x479e, 0x473d,
0x2f5e, 0x5f3b, 0x5f3b, 0x2f5e, 0x473d, 0x3f9f, 0x2d97, 0x1062, 0x5b2b, 0x220a,
0x1946, 0x2166, 0x1187, 0x367a, 0x46db, 0x2431, 0x2df8, 0x25b8, 0x64b0, 0x3430,
0x1bd1, 0x23d1, 0x642f, 0x324b, 0x1acd, 0x1b0e, 0x4c30, 0x1bd0, 0x22ec, 0x330c,
0x128c, 0x1a8b, 0x08e5, 0x0883, 0x0883, 0x10c4, 0x0000, 0x0000, 0x0000, 0x0000,
0x0000, 0x1045, 0x1044, 0x1044, 0x1045, 0x1846, 0x1845, 0x1845, 0x1845, 0x1845,
0x1825, 0x1045, 0x1045, 0x1846, 0x1805, 0x1825, 0x1845, 0x1866, 0x1066, 0x1825,
0x1846, 0x1004, 0x18e7, 0x1b0f, 0x234f, 0x1b50, 0x1949, 0x1002, 0x1002, 0x1b0f,
0x279f, 0x12ee, 0x3807, 0x506b, 0x50cc, 0x48cc, 0x48ac, 0x50cc, 0x388a, 0x1045,
0x1845, 0x1045, 0x1045, 0x1886, 0x1866, 0x1189, 0x21ec, 0x58ef, 0x3069, 0x1846,
0x1045, 0x1866, 0x1845, 0x1045, 0x1045, 0x2067, 0x1045, 0x1846, 0x2087, 0x0000,
0x0000, 0x0000, 0x0000, 0x0000, 0x0000, 0x0000, 0x0000, 0x0000, 0x0000, 0x0021,
0x10c5, 0x10c5, 0x10c5, 0x1127, 0x39aa, 0x2168, 0x1927, 0x1906, 0x10c5, 0x1968,
0x10e5, 0x1946, 0x1947, 0x1927, 0x1927, 0x1948, 0x10e5, 0x21a7, 0x32ac, 0x1947,
0x1927, 0x21aa, 0x4a2c, 0x4a0c, 0x49a9, 0x20c5, 0x3acc, 0x4c12, 0x39ec, 0x4a6c,
0x426c, 0x428d, 0x226b, 0x326d, 0x29ca, 0x1126, 0x1947, 0x10c4, 0x1927, 0x1126,
0x1968, 0x29ec, 0x0883, 0x0000, 0x0021, 0x0000, 0x0000, 0x0000, 0x0000, 0x0000,
0x0041, 0x08a4, 0x1126, 0x1967, 0x1948, 0x10e5, 0x0021, 0x0000, 0x0000, 0x0000,
0x0000, 0x0000, 
0x0000, 0x0000, 0x0000, 0x0000, 0x0000, 0x0000, 0x4208, 0xffff, 0xffff, 0xffff,
0xffff, 0xffff, 0xffff, 0xffff, 0xffff, 0xb5d8, 0x8cf5, 0x92d2, 0x900c, 0x9b54,
0x8270, 0x08c7, 0x00e7, 0x0452, 0x4455, 0x9b94, 0x488a, 0x10c7, 0x00c6, 0x00c6,
0x0085, 0x0024, 0x0149, 0x290a, 0x1866, 0x01c9, 0x0023, 0x0065, 0x00c7, 0x00e7,
0x00e8, 0x00e8, 0x00e8, 0x00e7, 0x00a6, 0x0064, 0x0065, 0x0044, 0x0044, 0x0044,
0x0023, 0xd69a, 0xce59, 0xffdf, 0xffff, 0xffff, 0xffff, 0xffff, 0xffff, 0xffff,
0xffff, 0x41e8, 0x0000, 0x0000, 0x0000, 0x0000, 0x0000, 0x0000, 0x10a3, 0x0883,
0x0862, 0x08e4, 0x1aac, 0x12ac, 0x332c, 0x230d, 0x23d1, 0x4c71, 0x1b2e, 0x22ed,
0x21ea, 0x5b8d, 0x3431, 0x24b4, 0x3492, 0x64b0, 0x2598, 0x2df8, 0x138f, 0x469a,
0x66f9, 0x1d77, 0x0862, 0x1946, 0x2a0a, 0x5b0a, 0x0841, 0x2df8, 0x3fbf, 0x475d,
0x377e, 0x575c, 0x5f5b, 0x377e, 0x475d, 0x3f9e, 0x365a, 0x0862, 0x52ca, 0x2a2b,
0x1105, 0x0021, 0x2472, 0x373e, 0x3edb, 0x1baf, 0x2dd8, 0x25d9, 0x64b0, 0x3471,
0x1cb5, 0x2c31, 0x63ce, 0x220a, 0x22ed, 0x1b2e, 0x4c50, 0x2411, 0x230d, 0x332c,
0x12ac, 0x1aac, 0x08e5, 0x0883, 0x0883, 0x10c4, 0x0000, 0x0000, 0x0000, 0x0000,
0x0000, 0x1044, 0x1045, 0x1045, 0x1045, 0x1045, 0x10a6, 0x1045, 0x1045, 0x1066,
0x10a6, 0x1086, 0x1845, 0x28c9, 0x1a4d, 0x1169, 0x1024, 0x1086, 0x1128, 0x18a7,
0x1886, 0x10c6, 0x1ace, 0x10c6, 0x1003, 0x1107, 0x1b91, 0x1b91, 0x1b2f, 0x1cd5,
0x1e7b, 0x122b, 0x58ce, 0x89d5, 0x8173, 0x692f, 0x612f, 0x9195, 0x50cd, 0x0824,
0x1045, 0x1866, 0x1845, 0x1065, 0x1866, 0x214a, 0x198a, 0x28a9, 0x2047, 0x1845,
0x1045, 0x1045, 0x1045, 0x1045, 0x1045, 0x1045, 0x1045, 0x1045, 0x1024, 0x0000,
0x0000, 0x0000, 0x0000, 0x0000, 0x0000, 0x0000, 0x0000, 0x0000, 0x0000, 0x0021,
0x18e5, 0x18c4, 0x1968, 0x326d, 0x428e, 0x3ace, 0x2a4c, 0x1948, 0x10c5, 0x1927,
0x10e5, 0x10c5, 0x1948, 0x29cb, 0x2189, 0x1927, 0x1907, 0x1084, 0x1084, 0x1947,
0x29ca, 0x21aa, 0x424d, 0x628e, 0x2126, 0x10a5, 0x4b4f, 0x4c32, 0x2a0c, 0x42ce,
0x6b30, 0x42ad, 0x222b, 0x21c9, 0x1968, 0x10a4, 0x10c4, 0x10c4, 0x1968, 0x29ea,
0x21a9, 0x21aa, 0x1926, 0x0000, 0x0021, 0x0041, 0x0000, 0x0862, 0x0021, 0x0000,
0x0000, 0x0000, 0x0000, 0x0041, 0x0883, 0x0883, 0x0020, 0x0000, 0x0000, 0x0000,
0x0000, 0x0000, 
0x0000, 0x0000, 0x0000, 0x0000, 0x0000, 0x0000, 0x4208, 0xffff, 0xffff, 0xffff,
0xffff, 0xffff, 0xffff, 0xffff, 0xffff, 0xadd8, 0x322c, 0x00e6, 0x0148, 0x00a6,
0x00a6, 0x00a6, 0x00c7, 0x0065, 0x0065, 0x0085, 0x00c6, 0x00c6, 0x00c7, 0x00c6,
0x00c7, 0x0085, 0x0129, 0x210a, 0x1886, 0x01ca, 0x0024, 0x0044, 0x0044, 0x0085,
0x0065, 0x0065, 0x0085, 0x0064, 0x0023, 0x0044, 0x0085, 0x0043, 0x0044, 0x0044,
0x0023, 0xceba, 0xbe39, 0xffff, 0xffff, 0xffff, 0xffff, 0xffff, 0xffff, 0xffff,
0xffff, 0x39e7, 0x0000, 0x0000, 0x0000, 0x0000, 0x0000, 0x0000, 0x10a3, 0x0883,
0x0862, 0x08e4, 0x1aac, 0x12cd, 0x334d, 0x22ed, 0x1bd0, 0x4c71, 0x1b90, 0x230e,
0x2188, 0x5b8d, 0x2c11, 0x25b9, 0x4535, 0x648f, 0x25f9, 0x238f, 0x1aed, 0x473d,
0x4f1b, 0x2597, 0x1083, 0x1106, 0x2a09, 0x5288, 0x0883, 0x36bb, 0x379f, 0x477d,
0x3f7d, 0x4f9d, 0x579d, 0x3f7e, 0x4f5d, 0x379f, 0x36fc, 0x08a4, 0x4a48, 0x2a0a,
0x1126, 0x0862, 0x2556, 0x3f3d, 0x3f5e, 0x234e, 0x238f, 0x263a, 0x6490, 0x3d14,
0x1df9, 0x2411, 0x63ce, 0x19a9, 0x230e, 0x1b90, 0x4c71, 0x1bd1, 0x22ed, 0x334d,
0x22ed, 0x22ed, 0x08e5, 0x0883, 0x0883, 0x10c4, 0x0000, 0x0000, 0x0000, 0x0000,
0x0000, 0x1045, 0x1045, 0x1045, 0x1045, 0x1045, 0x1066, 0x1045, 0x1045, 0x1066,
0x1086, 0x1066, 0x2066, 0x2087, 0x10e7, 0x1086, 0x1045, 0x1045, 0x18a6, 0x10c6,
0x1107, 0x1969, 0x1085, 0x1024, 0x1065, 0x1004, 0x1045, 0x19eb, 0x1a6d, 0x19eb,
0x1045, 0x1004, 0x1887, 0x1867, 0x2067, 0x1867, 0x1866, 0x1867, 0x1866, 0x1045,
0x1045, 0x1045, 0x1045, 0x1045, 0x1045, 0x1005, 0x1805, 0x1024, 0x1045, 0x1045,
0x1045, 0x1045, 0x1045, 0x1045, 0x1045, 0x1045, 0x1045, 0x1845, 0x1045, 0x0000,
0x0000, 0x0000, 0x0000, 0x0000, 0x0000, 0x0000, 0x0000, 0x0000, 0x0000, 0x0882,
0x426d, 0x424d, 0x424d, 0x324d, 0x3aae, 0x3acf, 0x21ca, 0x10e5, 0x1106, 0x10e5,
0x10e5, 0x10c5, 0x2989, 0x4a6e, 0x41eb, 0x2989, 0x2a4c, 0x10e5, 0x08a4, 0x2989,
0x5ad0, 0x424d, 0x426d, 0x3a2c, 0x10c4, 0x10e6, 0x330d, 0x4c32, 0x29ca, 0x1948,
0x2989, 0x1948, 0x1948, 0x1927, 0x1106, 0x1906, 0x10e5, 0x1947, 0x21ea, 0x29ea,
0x29ea, 0x2189, 0x08a3, 0x0862, 0x0021, 0x0021, 0x0000, 0x0021, 0x0883, 0x08a4,
0x0862, 0x0020, 0x0000, 0x0000, 0x0000, 0x0000, 0x0000, 0x0000, 0x0000, 0x0000,
0x0000, 0x0000, 
0x0000, 0x0000, 0x0000, 0x0000, 0x0000, 0x0000, 0x4208, 0xffff, 0xffff, 0xffff,
0xffff, 0xffff, 0xffff, 0xffff, 0xffff, 0xffff, 0xffff, 0xef5d, 0xa4d4, 0x422a,
0x70eb, 0x1004, 0x0023, 0x0044, 0x0044, 0x0043, 0x0023, 0x0023, 0x0023, 0x0023,
0x0023, 0x0064, 0x0149, 0x210a, 0x1886, 0x01c9, 0x0024, 0x0044, 0x0044, 0x0024,
0x0044, 0x0043, 0x0043, 0x0044, 0x0044, 0x0044, 0x0085, 0x0044, 0x0044, 0x0044,
0x0044, 0xcdb9, 0xacb5, 0xd6bb, 0xf7be, 0xffff, 0xffff, 0xffff, 0xffff, 0xffff,
0xffff, 0x39e7, 0x0000, 0x0000, 0x0000, 0x0000, 0x0000, 0x0000, 0x10a3, 0x0883,
0x0862, 0x08e5, 0x1acd, 0x12cd, 0x3b4d, 0x230d, 0x1bd1, 0x4c91, 0x1b2e, 0x1a0a,
0x1927, 0x536d, 0x6c8f, 0x5658, 0x3556, 0x646f, 0x2e5a, 0x1b2d, 0x1084, 0x3d56,
0x4f3b, 0x36bb, 0x1146, 0x2945, 0x3208, 0x4206, 0x0905, 0x375e, 0x6f5a, 0x577d,
0x379f, 0x4d55, 0x5554, 0x377e, 0x4f7d, 0x6f3a, 0x377e, 0x0926, 0x41e6, 0x3208,
0x2965, 0x0926, 0x365a, 0x3f5e, 0x3db8, 0x10c5, 0x1aec, 0x267b, 0x5c6f, 0x2d15,
0x5679, 0x74af, 0x5bae, 0x1947, 0x19e9, 0x1b90, 0x4471, 0x2c11, 0x232d, 0x3b6d,
0x12ed, 0x1aed, 0x0905, 0x0863, 0x0883, 0x10c4, 0x0000, 0x0000, 0x0000, 0x0000,
0x0000, 0x0001, 0x0802, 0x0802, 0x0802, 0x0802, 0x0802, 0x0802, 0x0822, 0x0801,
0x0801, 0x0801, 0x0001, 0x0001, 0x0801, 0x0801, 0x0822, 0x0801, 0x0801, 0x0801,
0x0801, 0x0801, 0x0801, 0x0822, 0x0801, 0x0822, 0x0822, 0x0800, 0x0000, 0x0800,
0x0801, 0x0822, 0x0001, 0x0001, 0x0001, 0x0001, 0x0001, 0x0001, 0x0001, 0x0802,
0x0802, 0x0802, 0x0802, 0x0822, 0x0802, 0x0822, 0x0822, 0x0822, 0x0802, 0x0802,
0x0802, 0x0802, 0x0802, 0x0802, 0x0802, 0x0802, 0x0802, 0x0802, 0x0801, 0x0000,
0x0000, 0x0000, 0x0000, 0x0000, 0x0000, 0x0000, 0x0000, 0x0000, 0x0000, 0x0862,
0x2189, 0x1926, 0x18e5, 0x08a4, 0x2189, 0x29ca, 0x2188, 0x1927, 0x1927, 0x1106,
0x1106, 0x10e5, 0x2168, 0x31ec, 0x3a0c, 0x29aa, 0x42ef, 0x2968, 0x08a4, 0x2989,
0x62b0, 0x6ad0, 0x6ab0, 0x524e, 0x2147, 0x18e6, 0x434e, 0x4c53, 0x324d, 0x1948,
0x1988, 0x1947, 0x10e5, 0x1946, 0x1927, 0x1927, 0x1927, 0x1968, 0x1968, 0x2189,
0x1947, 0x10e5, 0x0042, 0x0000, 0x0000, 0x0000, 0x0020, 0x0000, 0x0000, 0x0041,
0x08a4, 0x10e6, 0x0883, 0x0041, 0x0000, 0x0000, 0x0000, 0x0000, 0x0000, 0x0000,
0x0000, 0x0000, 
0x0000, 0x0000, 0x0000, 0x0000, 0x0000, 0x0000, 0x4208, 0xffff, 0xffff, 0xffff,
0xffff, 0xffff, 0xffff, 0xffff, 0xffff, 0xffdf, 0xffff, 0xffff, 0xffdf, 0x7411,
0xc9b2, 0x2005, 0x0043, 0x0044, 0x0044, 0x0044, 0x0023, 0x0085, 0x00c7, 0x0044,
0x0023, 0x0064, 0x0149, 0x212a, 0x1865, 0x0167, 0x0024, 0x0044, 0x0044, 0x0044,
0x0044, 0x0044, 0x0044, 0x0024, 0x0023, 0x0023, 0x00e7, 0x0065, 0x0023, 0x0023,
0x00a4, 0xe458, 0x4807, 0x0043, 0xe71c, 0xffff, 0xffff, 0xffff, 0xffff, 0xffff,
0xffff, 0x39e7, 0x0000, 0x0000, 0x0000, 0x0000, 0x0000, 0x0000, 0x10a3, 0x0883,
0x0862, 0x08e5, 0x1aed, 0x230d, 0x3b6e, 0x234e, 0x2432, 0x44d2, 0x1a0a, 0x1906,
0x1927, 0x538d, 0x744d, 0x63ad, 0x6d52, 0x5c8f, 0x2e5b, 0x23cf, 0x0800, 0x2aec,
0x4f5c, 0x375e, 0x11c8, 0x3144, 0x31c7, 0x2903, 0x11e8, 0x3fdf, 0x671a, 0x4f9e,
0x2e5a, 0x426a, 0x428a, 0x2e1a, 0x47be, 0x671a, 0x3fdf, 0x1209, 0x2903, 0x31e7,
0x3165, 0x09a7, 0x373d, 0x377f, 0x2b6f, 0x0800, 0x1b6e, 0x267b, 0x5c90, 0x6d52,
0x6bce, 0x6c2e, 0x5bce, 0x1947, 0x1906, 0x19c9, 0x4cb1, 0x2432, 0x234e, 0x3b8e,
0x1aee, 0x1b0d, 0x0905, 0x0863, 0x0883, 0x10c4, 0x0000, 0x0000, 0x0000, 0x0000,
0x0000, 0x0000, 0x0000, 0x0000, 0x0000, 0x0000, 0x0000, 0x0000, 0x0000, 0x0000,
0x0000, 0x0000, 0x0000, 0x0000, 0x0000, 0x0000, 0x0000, 0x0000, 0x0000, 0x0000,
0x0000, 0x0000, 0x0000, 0x0000, 0x0000, 0x0000, 0x0000, 0x0000, 0x0000, 0x0000,
0x0000, 0x0000, 0x0000, 0x0000, 0x0000, 0x0000, 0x0000, 0x0000, 0x0000, 0x0000,
0x0000, 0x0000, 0x0000, 0x0000, 0x0000, 0x0000, 0x0000, 0x0000, 0x0000, 0x0000,
0x0000, 0x0000, 0x0000, 0x0000, 0x0000, 0x0000, 0x0000, 0x0000, 0x0000, 0x0000,
0x0000, 0x0000, 0x0000, 0x0000, 0x0000, 0x0000, 0x0000, 0x0000, 0x0000, 0x0021,
0x10a4, 0x1967, 0x1126, 0x1927, 0x10c5, 0x1105, 0x1948, 0x1127, 0x2169, 0x29aa,
0x2189, 0x1106, 0x1989, 0x322c, 0x428e, 0x18e6, 0x1967, 0x1967, 0x10a4, 0x1947,
0x31aa, 0x18c4, 0x398a, 0x6ad0, 0x3189, 0x2168, 0x438f, 0x5c13, 0x4aef, 0x1948,
0x1105, 0x10c5, 0x2168, 0x1968, 0x21a9, 0x2189, 0x1106, 0x2189, 0x1969, 0x1927,
0x10a4, 0x10e5, 0x10e5, 0x10a4, 0x0862, 0x0021, 0x0000, 0x0000, 0x0000, 0x0000,
0x0862, 0x10c5, 0x10e6, 0x10e6, 0x10c5, 0x0862, 0x0020, 0x0000, 0x0000, 0x0000,
0x0000, 0x0000, 
0x0000, 0x0000, 0x0000, 0x0000, 0x0000, 0x0000, 0x4208, 0xffff, 0xffff, 0xffff,
0xffff, 0xffff, 0xdf3d, 0xffff, 0xffff, 0xffff, 0xffff, 0xffff, 0xffff, 0x7c11,
0xc9b1, 0x1004, 0x5048, 0x1845, 0x0043, 0x0024, 0x00c6, 0x0129, 0x0149, 0x00e8,
0x00e7, 0x0108, 0x0149, 0x0149, 0x00e8, 0x00e7, 0x00a6, 0x0044, 0x0003, 0x0044,
0x0044, 0x0044, 0x00a6, 0x00e8, 0x00c7, 0x00e7, 0x0129, 0x00e8, 0x00c7, 0x00c7,
0x0107, 0x526e, 0x18c8, 0x00c6, 0x4b0f, 0x4b0f, 0xb5f9, 0xffff, 0xffff, 0xffff,
0xffff, 0x39e7, 0x0000, 0x0000, 0x0000, 0x0000, 0x0000, 0x0000, 0x10a3, 0x0883,
0x0862, 0x0905, 0x1b0e, 0x1b2e, 0x3b8e, 0x2b2e, 0x2e5a, 0x4cf3, 0x1167, 0x10c4,
0x1967, 0x536d, 0x6c4e, 0x2188, 0x4a69, 0x8531, 0x36bc, 0x1baf, 0x0801, 0x232e,
0x8738, 0x477d, 0x124a, 0x0842, 0x4a88, 0x18e3, 0x1946, 0x3e9a, 0x5f7c, 0x4fff,
0x2e19, 0x3a6a, 0x3a6a, 0x2df9, 0x47ff, 0x677b, 0x3ebb, 0x21a7, 0x10a3, 0x52a9,
0x0862, 0x11c8, 0x3f3d, 0x7f5a, 0x23b0, 0x0801, 0x134e, 0x2edc, 0x8531, 0x52c9,
0x1968, 0x6c6f, 0x5bcd, 0x1968, 0x10c4, 0x0946, 0x4cd2, 0x2e5a, 0x234e, 0x3b6e,
0x1b2e, 0x1b2e, 0x0905, 0x0862, 0x0883, 0x10c4, 0x0000, 0x0000, 0x0000, 0x0000,
0x0000, 0x0000, 0x0000, 0x0000, 0x0000, 0x0000, 0x0000, 0x0000, 0x0000, 0x0000,
0x0000, 0x0000, 0x0000, 0x0000, 0x0000, 0x0000, 0x0000, 0x0000, 0x0000, 0x0000,
0x0000, 0x0000, 0x0000, 0x0000, 0x0000, 0x0000, 0x0000, 0x0000, 0x0000, 0x0000,
0x0000, 0x0000, 0x0000, 0x0000, 0x0000, 0x0000, 0x0000, 0x0000, 0x0000, 0x0000,
0x0000, 0x0000, 0x0000, 0x0000, 0x0000, 0x0000, 0x0000, 0x0000, 0x0000, 0x0000,
0x0000, 0x0000, 0x0000, 0x0000, 0x0000, 0x0000, 0x0000, 0x0000, 0x0000, 0x0000,
0x0000, 0x0000, 0x0000, 0x0000, 0x0000, 0x0000, 0x0000, 0x0000, 0x0000, 0x0862,
0x1968, 0x21a9, 0x1969, 0x1948, 0x10e5, 0x08c4, 0x2147, 0x2127, 0x422d, 0x29ca,
0x1968, 0x21ea, 0x2a4c, 0x2aac, 0x2a4c, 0x1926, 0x10c4, 0x1106, 0x10e5, 0x1927,
0x2168, 0x10c5, 0x29a9, 0x29ca, 0x29aa, 0x29eb, 0x3b4f, 0x53b1, 0x6bd3, 0x420d,
0x31cb, 0x326d, 0x32cf, 0x2a2c, 0x29eb, 0x21aa, 0x2a2a, 0x2a4b, 0x326c, 0x32ac,
0x2187, 0x2188, 0x10e6, 0x10c4, 0x08a4, 0x10c5, 0x0883, 0x0021, 0x0000, 0x0000,
0x0000, 0x0000, 0x0042, 0x08a4, 0x08c5, 0x08a4, 0x0042, 0x0000, 0x0000, 0x0000,
0x0000, 0x0000, 
0x0000, 0x0000, 0x0000, 0x0000, 0x0000, 0x0000, 0x4208, 0xffff, 0xffff, 0xffff,
0xffff, 0xffff, 0xb5f9, 0xf7bf, 0xdf1c, 0xe73d, 0xdefc, 0x634f, 0xa556, 0x7411,
0xa990, 0x1045, 0x686b, 0x1866, 0x0064, 0x0065, 0x0086, 0x00a6, 0x00e7, 0x0085,
0x0085, 0x0085, 0x0065, 0x0065, 0x0085, 0x0086, 0x0065, 0x0023, 0x01ca, 0x0064,
0x0044, 0x0044, 0x0065, 0x00a6, 0x0108, 0x0108, 0x00e7, 0x00e7, 0x00e8, 0x0108,
0x00e8, 0x00a6, 0x0108, 0x0108, 0x08e7, 0x8474, 0xdf1c, 0xffdf, 0xffdf, 0xffdf,
0xffff, 0x39e7, 0x0000, 0x0000, 0x0000, 0x0000, 0x0000, 0x0000, 0x10a3, 0x0883,
0x0862, 0x0905, 0x1b2e, 0x132e, 0x332c, 0x3514, 0x375e, 0x4cf3, 0x0946, 0x10e4,
0x21c9, 0x536c, 0x6c0d, 0x29c8, 0x1189, 0x426b, 0x7dd4, 0x238e, 0x0801, 0x1b4e,
0x9f16, 0x4f5c, 0x09a8, 0x18a3, 0x428b, 0x29a6, 0x1084, 0x2536, 0x66f9, 0x65b5,
0x365a, 0x3a49, 0x3a29, 0x363a, 0x5df6, 0x6eb8, 0x2d97, 0x10a4, 0x2986, 0x3a8a,
0x18e4, 0x0926, 0x471c, 0x9f37, 0x23b0, 0x0801, 0x232d, 0x7e35, 0x42ab, 0x11a9,
0x29a8, 0x63ed, 0x5bad, 0x21c9, 0x10e5, 0x0925, 0x4cd2, 0x3f5d, 0x3515, 0x3b2c,
0x1b2f, 0x1b4f, 0x0905, 0x0862, 0x0883, 0x10c4, 0x0000, 0x0000, 0x0000, 0x0000,
0x0000, 0x0000, 0x0000, 0x0000, 0x0000, 0x0000, 0x0000, 0x0000, 0x0000, 0x0000,
0x0000, 0x0000, 0x0000, 0x0000, 0x0000, 0x0000, 0x0000, 0x0000, 0x0000, 0x0000,
0x0000, 0x0000, 0x0000, 0x0000, 0x0000, 0x0000, 0x0000, 0x0000, 0x0000, 0x0000,
0x0000, 0x0000, 0x0000, 0x0000, 0x0000, 0x0000, 0x0000, 0x0000, 0x0000, 0x0000,
0x0000, 0x0000, 0x0000, 0x0000, 0x0000, 0x0000, 0x0000, 0x0000, 0x0000, 0x0000,
0x0000, 0x0000, 0x0000, 0x0000, 0x0000, 0x0000, 0x0000, 0x0000, 0x0000, 0x0000,
0x0000, 0x0000, 0x0000, 0x0000, 0x0000, 0x0000, 0x0000, 0x0000, 0x0000, 0x0042,
0x1927, 0x1106, 0x10e5, 0x10e5, 0x10e5, 0x10e5, 0x1927, 0x1927, 0x31eb, 0x1968,
0x10c4, 0x1947, 0x21a9, 0x2168, 0x2148, 0x1906, 0x10e5, 0x10e6, 0x10e5, 0x1926,
0x1906, 0x1926, 0x2168, 0x2147, 0x29ca, 0x3aae, 0x4b91, 0x4b91, 0x5bd2, 0x4aaf,
0x42ae, 0x42ef, 0x326c, 0x320b, 0x3a4d, 0x324e, 0x430f, 0x3b2e, 0x324c, 0x21ca,
0x21c9, 0x21a8, 0x1967, 0x1946, 0x08c5, 0x0042, 0x0862, 0x0062, 0x0000, 0x0000,
0x0000, 0x0000, 0x0000, 0x0000, 0x0000, 0x0042, 0x0021, 0x0000, 0x0000, 0x0000,
0x0000, 0x0000, 
0x0000, 0x0000, 0x0000, 0x0000, 0x0000, 0x0000, 0x4208, 0xffff, 0xffff, 0xffff,
0xffff, 0xffff, 0xce9b, 0xf7df, 0x63b1, 0x1149, 0x0086, 0x0025, 0x0108, 0x0928,
0x0908, 0x0108, 0x0108, 0x0108, 0x0108, 0x0108, 0x00c7, 0x0085, 0x00c7, 0x0044,
0x0023, 0x0024, 0x0044, 0x0044, 0x0044, 0x0023, 0x0044, 0x0023, 0x0370, 0x0085,
0x0024, 0x0044, 0x0044, 0x0044, 0x0065, 0x0865, 0x0064, 0x0065, 0x0065, 0x0064,
0x0064, 0x0085, 0x0044, 0x4aad, 0xe73c, 0xffff, 0xffff, 0xffff, 0xffff, 0xffff,
0xffff, 0x4208, 0x0000, 0x0000, 0x0000, 0x0000, 0x0000, 0x0000, 0x10a3, 0x0883,
0x0862, 0x0905, 0x1b2e, 0x1b6f, 0x35b7, 0x3f7d, 0x373d, 0x4d14, 0x1167, 0x1105,
0x220a, 0x21a8, 0x5ac9, 0x29c8, 0x1947, 0x19ca, 0x3a8b, 0x52a8, 0x0002, 0x232d,
0x9f99, 0x3514, 0x0842, 0x4a07, 0x29c7, 0x08a3, 0x10a4, 0x2e5a, 0x5db5, 0x32ab,
0x2e3a, 0x426a, 0x4249, 0x2e3a, 0x2acc, 0x54f2, 0x36bb, 0x10e5, 0x0883, 0x29a7,
0x4a47, 0x1062, 0x2cb3, 0xa7b9, 0x338f, 0x0002, 0x5288, 0x42ab, 0x19ca, 0x1967,
0x29a8, 0x5aea, 0x21a8, 0x220a, 0x1926, 0x0946, 0x4cf3, 0x3f1c, 0x3f7e, 0x35f8,
0x1b90, 0x1b4f, 0x1105, 0x0862, 0x0883, 0x10c4, 0x0000, 0x0000, 0x0000, 0x0000,
0x0000, 0x0000, 0x0000, 0x0000, 0x0000, 0x0000, 0x0000, 0x0000, 0x0000, 0x0000,
0x0000, 0x0000, 0x0000, 0x0000, 0x0000, 0x0000, 0x0000, 0x0000, 0x0000, 0x0000,
0x0000, 0x0000, 0x0000, 0x0000, 0x0000, 0x0000, 0x0000, 0x0000, 0x0000, 0x0000,
0x0000, 0x0000, 0x0000, 0x0000, 0x0000, 0x0000, 0x0000, 0x0000, 0x0000, 0x0000,
0x0000, 0x0000, 0x0000, 0x0000, 0x0000, 0x0000, 0x0000, 0x0000, 0x0000, 0x0000,
0x0000, 0x0000, 0x0000, 0x0000, 0x0000, 0x0000, 0x0000, 0x0000, 0x0000, 0x0000,
0x0000, 0x0000, 0x0000, 0x0000, 0x0000, 0x0000, 0x0000, 0x0000, 0x0000, 0x0021,
0x10a4, 0x10a4, 0x08a3, 0x10e5, 0x1106, 0x1906, 0x1947, 0x1947, 0x1126, 0x1927,
0x10e5, 0x10c4, 0x1907, 0x1927, 0x1948, 0x1927, 0x10e6, 0x1906, 0x10e5, 0x1947,
0x1948, 0x1905, 0x2126, 0x2126, 0x21aa, 0x42ef, 0x5473, 0x3a8d, 0x4370, 0x2a4c,
0x324c, 0x29aa, 0x3189, 0x21c9, 0x322b, 0x29eb, 0x320d, 0x298a, 0x218a, 0x29eb,
0x2a2b, 0x2a0a, 0x1927, 0x10e5, 0x10c5, 0x0041, 0x0000, 0x0000, 0x0000, 0x0000,
0x0000, 0x0000, 0x0000, 0x0000, 0x0000, 0x0000, 0x0000, 0x0000, 0x0000, 0x0000,
0x0000, 0x0000, 
0x0000, 0x0000, 0x0000, 0x0000, 0x0000, 0x0000, 0x4208, 0xffff, 0xffff, 0xffff,
0xffdf, 0x5aed, 0x31a8, 0xc639, 0xffff, 0x8c73, 0x5aed, 0x422a, 0x0023, 0x0023,
0x0023, 0x0023, 0x0023, 0x0023, 0x0023, 0x0024, 0x0024, 0x0085, 0x00c7, 0x0044,
0x0044, 0x0044, 0x0044, 0x0044, 0x0044, 0x0044, 0x0044, 0x0024, 0x028c, 0x00a5,
0x0024, 0x0044, 0x0044, 0x0043, 0x2026, 0x4027, 0x0043, 0x0024, 0x0023, 0x0023,
0x0044, 0x0044, 0x0023, 0x31a9, 0x8432, 0x8c52, 0x8c52, 0x8c73, 0x9493, 0x8c73,
0x8c73, 0x2125, 0x0000, 0x0000, 0x0000, 0x0000, 0x0000, 0x0000, 0x10a3, 0x0883,
0x0862, 0x0905, 0x1b0e, 0x2473, 0x3f9e, 0x371c, 0x3fbf, 0x44d3, 0x1105, 0x1105,
0x21c9, 0x1966, 0x5aa9, 0x21a8, 0x1947, 0x1946, 0x52cb, 0x4a68, 0x0042, 0x29e8,
0xae53, 0x3c71, 0x0001, 0x29c8, 0x1925, 0x0001, 0x1a4a, 0x37ff, 0x5d53, 0x2aed,
0x4659, 0x21a8, 0x2188, 0x4659, 0x230e, 0x54b1, 0x3fff, 0x1aac, 0x0001, 0x1925,
0x29c8, 0x0002, 0x2c30, 0xae94, 0x3229, 0x0043, 0x4a47, 0x52eb, 0x1967, 0x1967,
0x2188, 0x5ac9, 0x2186, 0x21e9, 0x1926, 0x08e5, 0x4c92, 0x3f9e, 0x371c, 0x3f9e,
0x24b4, 0x1b2e, 0x1125, 0x0862, 0x0883, 0x10c4, 0x0000, 0x0000, 0x0000, 0x0000,
0x0000, 0x0000, 0x0000, 0x0000, 0x0000, 0x0000, 0x0000, 0x0000, 0x0000, 0x0000,
0x0000, 0x0000, 0x0000, 0x0000, 0x0000, 0x0000, 0x0000, 0x0000, 0x0000, 0x0000,
0x0000, 0x0000, 0x0000, 0x0000, 0x0000, 0x0000, 0x0000, 0x0000, 0x0000, 0x0000,
0x0000, 0x0000, 0x0000, 0x0000, 0x0000, 0x0000, 0x0000, 0x0000, 0x0000, 0x0000,
0x0000, 0x0000, 0x0000, 0x0000, 0x0000, 0x0000, 0x0000, 0x0000, 0x0000, 0x0000,
0x0000, 0x0000, 0x0000, 0x0000, 0x0000, 0x0000, 0x0000, 0x0000, 0x0000, 0x0000,
0x0000, 0x0000, 0x0000, 0x0000, 0x0000, 0x0000, 0x0000, 0x0000, 0x0000, 0x0021,
0x08a3, 0x20e5, 0x10c5, 0x10c4, 0x1947, 0x1968, 0x2989, 0x2989, 0x2169, 0x21aa,
0x2148, 0x10c5, 0x21ca, 0x21ca, 0x2a0b, 0x21aa, 0x1106, 0x1927, 0x1906, 0x1947,
0x1948, 0x1926, 0x1926, 0x2988, 0x31eb, 0x5351, 0x4c73, 0x5c33, 0x6413, 0x4a4d,
0x522d, 0x39eb, 0x31eb, 0x3a2c, 0x328d, 0x3a4c, 0x31eb, 0x29eb, 0x29ec, 0x2a0c,
0x2189, 0x29ea, 0x21c9, 0x08a4, 0x10c5, 0x10c5, 0x0862, 0x0020, 0x0000, 0x0041,
0x0000, 0x0000, 0x0000, 0x0000, 0x0000, 0x0000, 0x0000, 0x0000, 0x0000, 0x0000,
0x0000, 0x0000, 
0x0000, 0x0000, 0x0000, 0x0000, 0x0000, 0x0000, 0x4208, 0xffff, 0xd6fc, 0xdefc,
0xcebb, 0x08a5, 0x0002, 0x9d35, 0xb5d8, 0xc67a, 0xefbf, 0x8cb4, 0x0024, 0x0108,
0x0085, 0x0065, 0x0065, 0x0065, 0x0065, 0x0064, 0x0023, 0x0085, 0x00e7, 0x0044,
0x0024, 0x0044, 0x0044, 0x0044, 0x0024, 0x0024, 0x0044, 0x0023, 0x0086, 0x0086,
0x0044, 0x0065, 0x0044, 0x0023, 0x2826, 0x4047, 0x0023, 0x0065, 0x00c7, 0x00a6,
0x0023, 0x0044, 0x0024, 0x2107, 0x5acd, 0x632e, 0x5aed, 0x632e, 0x52ad, 0x4a6b,
0x6b4f, 0x1083, 0x0000, 0x0000, 0x0000, 0x0000, 0x0000, 0x0000, 0x10a3, 0x0883,
0x0862, 0x0905, 0x1b2e, 0x2473, 0x3f7e, 0x3f7e, 0x2493, 0x220a, 0x10c5, 0x1105,
0x21a9, 0x2187, 0x5a87, 0x31a7, 0x08c5, 0x1967, 0x52a9, 0x4a68, 0x0063, 0x1147,
0x324b, 0x6bcc, 0x2965, 0x08e6, 0x08a4, 0x0001, 0x24b3, 0x3fff, 0x5554, 0x4a8a,
0x5b8c, 0x1148, 0x1148, 0x5b8c, 0x428a, 0x54d2, 0x3fff, 0x2514, 0x0001, 0x08a4,
0x08e6, 0x2966, 0x6bcc, 0x326b, 0x1967, 0x0063, 0x4a47, 0x52a9, 0x2167, 0x08e5,
0x29a7, 0x5a87, 0x29a7, 0x19a9, 0x1126, 0x10c4, 0x21e9, 0x2452, 0x3f5e, 0x3f7e,
0x2493, 0x1b4f, 0x1126, 0x0862, 0x0883, 0x10c4, 0x0000, 0x0000, 0x0000, 0x0000,
0x0000, 0x0000, 0x0000, 0x0000, 0x0000, 0x0000, 0x0000, 0x0000, 0x0000, 0x0000,
0x0000, 0x0000, 0x0000, 0x0000, 0x0000, 0x0000, 0x0000, 0x0000, 0x0000, 0x0000,
0x0000, 0x0000, 0x0000, 0x0000, 0x0000, 0x0000, 0x0000, 0x0000, 0x0000, 0x0000,
0x0000, 0x0000, 0x0000, 0x0000, 0x0000, 0x0000, 0x0000, 0x0000, 0x0000, 0x0000,
0x0000, 0x0000, 0x0000, 0x0000, 0x0000, 0x0000, 0x0000, 0x0000, 0x0000, 0x0000,
0x0000, 0x0000, 0x0000, 0x0000, 0x0000, 0x0000, 0x0000, 0x0000, 0x0000, 0x0000,
0x0000, 0x0000, 0x0000, 0x0000, 0x0000, 0x0000, 0x0000, 0x0000, 0x0000, 0x0021,
0x10a4, 0x10c4, 0x10e5, 0x1968, 0x2a0b, 0x3a4e, 0x528e, 0x426d, 0x4aae, 0x3a6e,
0x2a6d, 0x1947, 0x21ea, 0x2a2b, 0x21cb, 0x1969, 0x1947, 0x1927, 0x2188, 0x29ca,
0x31a9, 0x1947, 0x39a9, 0x5a4c, 0x8351, 0x7cb5, 0x6dd7, 0x7e18, 0x7e39, 0x8c54,
0x93b3, 0x72f0, 0x426d, 0x424d, 0x4a6e, 0x428d, 0x324d, 0x322c, 0x320c, 0x29ec,
0x29aa, 0x21e9, 0x1966, 0x10c5, 0x10e5, 0x10c5, 0x10c5, 0x10e6, 0x0883, 0x0862,
0x0000, 0x0000, 0x0000, 0x0000, 0x0000, 0x0000, 0x0000, 0x0000, 0x0000, 0x0000,
0x0000, 0x0000, 
0x0000, 0x0000, 0x0000, 0x0000, 0x0000, 0x0000, 0x4208, 0xffff, 0x7c94, 0x19aa,
0x0908, 0x0928, 0x0108, 0x0108, 0x0108, 0x0108, 0x00e7, 0x0108, 0x0108, 0x0108,
0x0108, 0x0108, 0x0108, 0x00e8, 0x0108, 0x00a6, 0x0023, 0x0085, 0x00c7, 0x0065,
0x0064, 0x0064, 0x0064, 0x0065, 0x0065, 0x0065, 0x0065, 0x0065, 0x00e7, 0x00a6,
0x0086, 0x016a, 0x00e7, 0x0064, 0x2067, 0x3868, 0x0064, 0x00a6, 0x016b, 0x0128,
0x0065, 0x0085, 0x0044, 0x4a8d, 0xce9a, 0xe75d, 0xe75d, 0xdefc, 0xd6bb, 0xa535,
0xb5b7, 0x2104, 0x0000, 0x0000, 0x0000, 0x0000, 0x0000, 0x0000, 0x10a3, 0x0883,
0x0862, 0x0925, 0x1b4f, 0x2473, 0x36fc, 0x1aab, 0x0822, 0x21a8, 0x10c4, 0x10e5,
0x1988, 0x1946, 0x3229, 0x5a67, 0x20e3, 0x08a4, 0x5288, 0x4a47, 0x0042, 0x1926,
0x1105, 0x2a0a, 0x632a, 0x4227, 0x0043, 0x0801, 0x2e18, 0x369a, 0x3a8a, 0x4249,
0x4248, 0x4289, 0x4a89, 0x4228, 0x4228, 0x3a69, 0x3659, 0x2e39, 0x0822, 0x0042,
0x4227, 0x632a, 0x2a2a, 0x1106, 0x1926, 0x0042, 0x4207, 0x5288, 0x08a4, 0x18c3,
0x5267, 0x2a29, 0x1946, 0x1988, 0x1105, 0x10c4, 0x21a8, 0x0842, 0x1a4a, 0x36db,
0x24b4, 0x1b6f, 0x1126, 0x0862, 0x0883, 0x10c4, 0x0000, 0x0000, 0x0000, 0x0000,
0x0000, 0x0000, 0x0000, 0x0000, 0x0000, 0x0000, 0x0000, 0x0000, 0x0000, 0x0000,
0x0000, 0x0000, 0x0000, 0x0000, 0x0000, 0x0000, 0x0000, 0x0000, 0x0000, 0x0000,
0x0000, 0x0000, 0x0000, 0x0000, 0x0000, 0x0000, 0x0000, 0x0000, 0x0000, 0x0000,
0x0000, 0x0000, 0x0000, 0x0000, 0x0000, 0x0000, 0x0000, 0x0000, 0x0000, 0x0000,
0x0000, 0x0000, 0x0000, 0x0000, 0x0000, 0x0000, 0x0000, 0x0000, 0x0000, 0x0000,
0x0000, 0x0000, 0x0000, 0x0000, 0x0000, 0x0000, 0x0000, 0x0000, 0x0000, 0x0000,
0x0000, 0x0000, 0x0000, 0x0000, 0x0000, 0x0000, 0x0000, 0x0000, 0x0000, 0x0021,
0x10e5, 0x10c5, 0x10e5, 0x2189, 0x2a2c, 0x324d, 0x2a0b, 0x2a4d, 0x3a2d, 0x320c,
0x326d, 0x1968, 0x2168, 0x324c, 0x320c, 0x2189, 0x1948, 0x31ca, 0x31a9, 0x29c9,
0x528e, 0x526d, 0x82cf, 0xab93, 0xac34, 0x9d56, 0x8df8, 0x8df8, 0x95d8, 0xacf6,
0xac55, 0xbbf4, 0x7b52, 0x5310, 0x6b72, 0x5b10, 0x52cf, 0x322c, 0x29eb, 0x320c,
0x320c, 0x1906, 0x0000, 0x0883, 0x0883, 0x08a4, 0x0863, 0x0042, 0x0020, 0x0000,
0x0000, 0x0000, 0x0000, 0x0000, 0x0000, 0x0000, 0x0000, 0x0000, 0x0000, 0x0000,
0x0000, 0x0000, 
0x0000, 0x0000, 0x0000, 0x0000, 0x0000, 0x0000, 0x39e7, 0xe75d, 0xef7d, 0x4a6b,
0x0002, 0x0044, 0x0043, 0x0023, 0x0023, 0x0023, 0x00a5, 0x1045, 0x0024, 0x0023,
0x0043, 0x0043, 0x0043, 0x0023, 0x0043, 0x0044, 0x0044, 0x0044, 0x00a6, 0x00e7,
0x00e7, 0x00c7, 0x00e7, 0x0108, 0x0108, 0x0108, 0x0108, 0x0108, 0x0108, 0x0108,
0x0108, 0x0108, 0x0108, 0x0108, 0x0108, 0x0108, 0x0108, 0x0108, 0x0108, 0x0108,
0x0108, 0x0108, 0x0108, 0x0129, 0x0948, 0x0949, 0x118a, 0x21cb, 0x8cf5, 0xffdf,
0xef5d, 0x4208, 0x0000, 0x0000, 0x0000, 0x0000, 0x0000, 0x0000, 0x10a3, 0x0883,
0x0862, 0x0925, 0x1b4f, 0x24f5, 0x2d76, 0x0000, 0x08c4, 0x1968, 0x08a4, 0x10e5,
0x1968, 0x1926, 0x19a8, 0x19a8, 0x4a26, 0x2944, 0x4206, 0x4a26, 0x0022, 0x10e5,
0x08a3, 0x220a, 0x08e5, 0x41e6, 0x4a26, 0x0042, 0x4e79, 0x4c0e, 0x0885, 0x31e7,
0x4227, 0x83cb, 0x83eb, 0x4227, 0x39e7, 0x0064, 0x4bad, 0x4e99, 0x0062, 0x4a06,
0x4206, 0x08e5, 0x21ea, 0x08a3, 0x10e5, 0x0042, 0x4206, 0x4206, 0x3144, 0x4a26,
0x11a8, 0x11a8, 0x1926, 0x1968, 0x1105, 0x08a3, 0x1988, 0x08e4, 0x0000, 0x2d55,
0x2d16, 0x1b90, 0x1126, 0x0862, 0x0883, 0x10c4, 0x0000, 0x0000, 0x0000, 0x0000,
0x0000, 0x0000, 0x0000, 0x0000, 0x0000, 0x0000, 0x0000, 0x0000, 0x0000, 0x0000,
0x0000, 0x0000, 0x0000, 0x0000, 0x0000, 0x0000, 0x0000, 0x0000, 0x0000, 0x0000,
0x0000, 0x0000, 0x0000, 0x0000, 0x0000, 0x0000, 0x0000, 0x0000, 0x0000, 0x0000,
0x0000, 0x0000, 0x0000, 0x0000, 0x0000, 0x0000, 0x0000, 0x0000, 0x0000, 0x0000,
0x0000, 0x0000, 0x0000, 0x0000, 0x0000, 0x0000, 0x0000, 0x0000, 0x0000, 0x0000,
0x0000, 0x0000, 0x0000, 0x0000, 0x0000, 0x0000, 0x0000, 0x0000, 0x0000, 0x0000,
0x0000, 0x0000, 0x0000, 0x0000, 0x0000, 0x0000, 0x0000, 0x0000, 0x0000, 0x0041,
0x10e5, 0x1106, 0x1106, 0x1927, 0x2a0b, 0x2a2c, 0x1927, 0x2989, 0x2989, 0x1968,
0x21a9, 0x21a9, 0x2189, 0x29ca, 0x29ca, 0x2189, 0x21a9, 0x29a9, 0x29ea, 0x324c,
0x3aad, 0x5330, 0x8331, 0x9b31, 0xa393, 0xa4f6, 0x9d36, 0xa4f6, 0xa4d5, 0xac75,
0x8b92, 0x624d, 0x5b10, 0x5371, 0x428e, 0x4aaf, 0x424d, 0x29eb, 0x320b, 0x322c,
0x3a4e, 0x29aa, 0x0000, 0x0000, 0x0000, 0x0000, 0x0000, 0x0000, 0x0000, 0x0000,
0x0000, 0x0000, 0x0000, 0x0000, 0x0000, 0x0000, 0x0000, 0x0000, 0x0000, 0x0000,
0x0000, 0x0000, 
0x0000, 0x0000, 0x0000, 0x0000, 0x0000, 0x0000, 0x0001, 0x0003, 0x0002, 0x0024,
0x0044, 0x0044, 0x0044, 0x0044, 0x0044, 0x0044, 0x020a, 0x3868, 0x0844, 0x0044,
0x0044, 0x0044, 0x0044, 0x0044, 0x0044, 0x0044, 0x0044, 0x0044, 0x0044, 0x0065,
0x0065, 0x0065, 0x0064, 0x0044, 0x0044, 0x0044, 0x0044, 0x0044, 0x0044, 0x0044,
0x0044, 0x0044, 0x0044, 0x0044, 0x0044, 0x0044, 0x0044, 0x0044, 0x0043, 0x0044,
0x0044, 0x0044, 0x0044, 0x0044, 0x0023, 0x0023, 0x0064, 0x7c11, 0xffff, 0xffff,
0xffff, 0x39e7, 0x0000, 0x0000, 0x0000, 0x0000, 0x0000, 0x0000, 0x10a3, 0x0883,
0x0862, 0x0925, 0x1b6f, 0x2cf5, 0x2d96, 0x0842, 0x0883, 0x1147, 0x08a4, 0x10c3,
0x1926, 0x2145, 0x2166, 0x2166, 0x21a7, 0x39c6, 0x5246, 0x41e5, 0x0042, 0x10e5,
0x08a3, 0x21e9, 0x1946, 0x0001, 0x5a46, 0x5a87, 0x31e6, 0x1082, 0x21a7, 0x3a08,
0x31c6, 0x1967, 0x1967, 0x31a6, 0x3a07, 0x2187, 0x1082, 0x31e6, 0x5aa7, 0x6286,
0x0001, 0x1946, 0x21e9, 0x08a3, 0x10e5, 0x0063, 0x39c5, 0x5246, 0x39a5, 0x1987,
0x1966, 0x2166, 0x2945, 0x1926, 0x10c3, 0x08a3, 0x1147, 0x08a4, 0x0841, 0x2d76,
0x2d36, 0x1b90, 0x1146, 0x0862, 0x0883, 0x10c4, 0x0000, 0x0000, 0x0000, 0x0000,
0x0000, 0x0000, 0x0000, 0x0000, 0x0000, 0x0000, 0x0000, 0x0000, 0x0000, 0x0000,
0x0000, 0x0000, 0x0000, 0x0000, 0x0000, 0x0000, 0x0000, 0x0000, 0x0000, 0x0000,
0x0000, 0x0000, 0x0000, 0x0000, 0x0000, 0x0000, 0x0000, 0x0000, 0x0000, 0x0000,
0x0000, 0x0000, 0x0000, 0x0000, 0x0000, 0x0000, 0x0000, 0x0000, 0x0000, 0x0000,
0x0000, 0x0000, 0x0000, 0x0000, 0x0000, 0x0000, 0x0000, 0x0000, 0x0000, 0x0000,
0x0000, 0x0000, 0x0000, 0x0000, 0x0000, 0x0000, 0x0000, 0x0000, 0x0000, 0x0000,
0x0000, 0x0000, 0x0000, 0x0000, 0x0000, 0x0000, 0x0000, 0x0000, 0x0000, 0x0041,
0x1906, 0x1906, 0x1906, 0x1968, 0x2189, 0x21aa, 0x2189, 0x322b, 0x42ce, 0x3b0e,
0x2a4b, 0x2a6b, 0x21e9, 0x2189, 0x29ca, 0x29ca, 0x2a0b, 0x31eb, 0x320b, 0x324c,
0x326d, 0x42cf, 0x3a8e, 0x420b, 0x49ca, 0x5aee, 0x63b1, 0x534f, 0x530e, 0x4a4c,
0x1967, 0x1905, 0x31eb, 0x42cf, 0x428e, 0x3a6e, 0x3a8e, 0x3a8e, 0x322d, 0x29ca,
0x1927, 0x0883, 0x0000, 0x0000, 0x0000, 0x0000, 0x0000, 0x0000, 0x0000, 0x0000,
0x0000, 0x0000, 0x0000, 0x0000, 0x0000, 0x0000, 0x0000, 0x0000, 0x0000, 0x0000,
0x0000, 0x0000, 
0x0000, 0x0000, 0x0000, 0x0000, 0x0000, 0x0000, 0x18e4, 0x73d1, 0x73d1, 0x2148,
0x0023, 0x0044, 0x0044, 0x0044, 0x0044, 0x0044, 0x0168, 0x2066, 0x0844, 0x0044,
0x0044, 0x0044, 0x0044, 0x0044, 0x0044, 0x0044, 0x0044, 0x0044, 0x0044, 0x0044,
0x0044, 0x0044, 0x0044, 0x0044, 0x0044, 0x0044, 0x0044, 0x0044, 0x0044, 0x0044,
0x0044, 0x0044, 0x0044, 0x0044, 0x0044, 0x0044, 0x0044, 0x0044, 0x0044, 0x0044,
0x0044, 0x0044, 0x0044, 0x0044, 0x0044, 0x0044, 0x0865, 0x7c12, 0xffff, 0xffff,
0xffff, 0x4208, 0x0000, 0x0000, 0x0000, 0x0000, 0x0000, 0x0000, 0x10a3, 0x0883,
0x0862, 0x0925, 0x1b90, 0x24f5, 0x2d76, 0x0001, 0x10c3, 0x2166, 0x3185, 0x3984,
0x3144, 0x2944, 0x2944, 0x2944, 0x2944, 0x2924, 0x3185, 0x0042, 0x0022, 0x0084,
0x0042, 0x21a8, 0x1105, 0x0042, 0x2965, 0x3209, 0x0083, 0x0883, 0x4248, 0x29c7,
0x2965, 0x1105, 0x1105, 0x2165, 0x29a7, 0x4248, 0x08a3, 0x0063, 0x3229, 0x3186,
0x0042, 0x10e5, 0x21a9, 0x0063, 0x0084, 0x0042, 0x0042, 0x3164, 0x2124, 0x2923,
0x2924, 0x2944, 0x2924, 0x2944, 0x3984, 0x3185, 0x2166, 0x18e3, 0x0001, 0x2d76,
0x2516, 0x1bb1, 0x1146, 0x0862, 0x0883, 0x10c4, 0x0000, 0x0000, 0x0000, 0x0000,
0x0000, 0x0000, 0x0000, 0x0000, 0x0000, 0x0000, 0x0000, 0x0000, 0x0000, 0x0000,
0x0000, 0x0000, 0x0000, 0x0000, 0x0000, 0x0000, 0x0000, 0x0000, 0x0000, 0x0000,
0x0000, 0x0000, 0x0000, 0x0000, 0x0000, 0x0000, 0x0000, 0x0000, 0x0000, 0x0000,
0x0000, 0x0000, 0x0000, 0x0000, 0x0000, 0x0000, 0x0000, 0x0000, 0x0000, 0x0000,
0x0000, 0x0000, 0x0000, 0x0000, 0x0000, 0x0000, 0x0000, 0x0000, 0x0000, 0x0000,
0x0000, 0x0000, 0x0000, 0x0000, 0x0000, 0x0000, 0x0000, 0x0000, 0x0000, 0x0000,
0x0000, 0x0000, 0x0000, 0x0000, 0x0000, 0x0000, 0x0000, 0x0000, 0x0000, 0x0041,
0x1906, 0x1926, 0x2168, 0x29ea, 0x21c9, 0x21e9, 0x32cd, 0x2a8c, 0x222a, 0x21c8,
0x0883, 0x0042, 0x08c3, 0x324c, 0x322d, 0x322d, 0x322c, 0x3a2c, 0x31ca, 0x18e5,
0x29ea, 0x2a0b, 0x29ca, 0x29a9, 0x1926, 0x1106, 0x2988, 0x1927, 0x2127, 0x2168,
0x1906, 0x10e5, 0x1906, 0x29eb, 0x326e, 0x3a4d, 0x29aa, 0x1906, 0x0862, 0x0000,
0x0000, 0x0000, 0x0000, 0x0000, 0x0000, 0x0000, 0x0000, 0x0000, 0x0000, 0x0000,
0x0000, 0x0000, 0x0000, 0x0000, 0x0000, 0x0000, 0x0000, 0x0000, 0x0000, 0x0000,
0x0000, 0x0000, 
0x0000, 0x0000, 0x0000, 0x0000, 0x0000, 0x0000, 0x1082, 0x4a69, 0x4a69, 0x10a3,
0x0000, 0x0001, 0x0001, 0x0001, 0x0001, 0x0001, 0x0000, 0x0000, 0x0001, 0x0001,
0x0001, 0x0001, 0x0001, 0x0001, 0x0001, 0x0001, 0x0001, 0x0001, 0x0001, 0x0001,
0x0001, 0x0001, 0x0001, 0x0001, 0x0001, 0x0001, 0x0001, 0x0001, 0x0001, 0x0001,
0x0001, 0x0001, 0x0001, 0x0001, 0x0001, 0x0001, 0x0001, 0x0001, 0x0001, 0x0001,
0x0001, 0x0001, 0x0001, 0x0001, 0x0001, 0x0001, 0x0021, 0x18e3, 0x39c7, 0x39c7,
0x39c7, 0x0861, 0x0000, 0x0000, 0x0000, 0x0000, 0x0000, 0x0000, 0x10a3, 0x0883,
0x0862, 0x0926, 0x1bb0, 0x3535, 0x3596, 0x3943, 0x5a45, 0x41c5, 0x4a06, 0x4a27,
0x2124, 0x0042, 0x0063, 0x0063, 0x0042, 0x0022, 0x0042, 0x3185, 0x31a5, 0x3a07,
0x31a5, 0x1106, 0x10c4, 0x0862, 0x1105, 0x21c9, 0x10c4, 0x0062, 0x3a07, 0x2187,
0x2965, 0x2944, 0x2944, 0x2965, 0x2166, 0x4207, 0x0862, 0x10c4, 0x21c9, 0x1106,
0x0862, 0x08a4, 0x1105, 0x3185, 0x4207, 0x31a6, 0x31a5, 0x0062, 0x0022, 0x0042,
0x0063, 0x0063, 0x0042, 0x2124, 0x4a27, 0x4a06, 0x41c5, 0x5225, 0x3943, 0x3576,
0x3556, 0x23d1, 0x1146, 0x0862, 0x0883, 0x10c4, 0x0000, 0x0000, 0x0000, 0x0000,
0x0000, 0x0000, 0x0000, 0x0000, 0x0000, 0x0000, 0x0000, 0x0000, 0x0000, 0x0000,
0x0000, 0x0000, 0x0000, 0x0000, 0x0000, 0x0000, 0x0000, 0x0000, 0x0000, 0x0000,
0x0000, 0x0000, 0x0000, 0x0000, 0x0000, 0x0000, 0x0000, 0x0000, 0x0000, 0x0000,
0x0000, 0x0000, 0x0000, 0x0000, 0x0000, 0x0000, 0x0000, 0x0000, 0x0000, 0x0000,
0x0000, 0x0000, 0x0000, 0x0000, 0x0000, 0x0000, 0x0000, 0x0000, 0x0000, 0x0000,
0x0000, 0x0000, 0x0000, 0x0000, 0x0000, 0x0000, 0x0000, 0x0000, 0x0000, 0x0000,
0x0000, 0x0000, 0x0000, 0x0000, 0x0000, 0x0000, 0x0000, 0x0000, 0x0000, 0x0862,
0x21c9, 0x21e9, 0x21a8, 0x21e9, 0x1967, 0x1106, 0x0883, 0x0042, 0x0000, 0x0000,
0x0020, 0x0021, 0x0861, 0x2a0a, 0x322d, 0x29eb, 0x31eb, 0x322c, 0x2a0b, 0x18e5,
0x0883, 0x10e5, 0x2a0b, 0x21a9, 0x10e5, 0x1906, 0x1927, 0x1927, 0x1947, 0x1147,
0x1906, 0x10c5, 0x1106, 0x10e5, 0x0883, 0x0021, 0x0000, 0x0000, 0x0000, 0x0000,
0x0000, 0x0000, 0x0000, 0x0000, 0x0000, 0x0000, 0x0000, 0x0000, 0x0000, 0x0000,
0x0000, 0x0000, 0x0000, 0x0000, 0x0000, 0x0000, 0x0000, 0x0000, 0x0000, 0x0000,
0x0000, 0x0000, 

};

const struct bitmap bm_nightcity_endings = { 
    .width = BMPWIDTH_nightcity_endings, 
    .height = BMPHEIGHT_nightcity_endings, 
    .format = FORMAT_NATIVE, 
    .data = (unsigned char*)nightcity_endings,
};
