#include "lcd.h"
#include "/home/david/Documents/RockBox_Personal-master/build-native-ipodnano3g/pluginbitmaps/nightcity_title.h"
const unsigned short nightcity_title[] = {
0x08e6, 0x08e6, 0x08e6, 0x08e6, 0x08e6, 0x08e6, 0x08e6, 0x08e6, 0x08e6, 0x08e6,
0x08e6, 0x08e6, 0x08e6, 0x08e6, 0x08e6, 0x08e6, 0x08e6, 0x08e6, 0x08e6, 0x08e6,
0x08e6, 0x08e6, 0x08e6, 0x08e6, 0x08e6, 0x08e6, 0x08e6, 0x08e6, 0x08e6, 0x08e6,
0x08e6, 0x08e6, 0x08e6, 0x08e6, 0x08e6, 0x08e6, 0x08e6, 0x08e6, 0x08e6, 0x08e6,
0x08e6, 0x08e6, 0x08e6, 0x08e6, 0x08e6, 0x08e6, 0x08e6, 0x08e6, 0x08e6, 0x08e6,
0x08e6, 0x08e6, 0x08e6, 0x08e6, 0x08e6, 0x08e6, 0x08e6, 0x08e6, 0x08e6, 0x08e6,
0x08e6, 0x08e6, 0x08e6, 0x08e6, 0x08e6, 0x08e6, 0x08e6, 0x08e6, 0x08e6, 0x08e6,
0x08e6, 0x08e6, 0x08e6, 0x08e6, 0x08e6, 0x08e6, 0x08e6, 0x08e6, 0x08e6, 0x08e6,
0x08e6, 0x08e6, 0x08e6, 0x08e6, 0x08e6, 0x08e6, 0x08e6, 0x08e6, 0x08e6, 0x08e6,
0x08e6, 0x08e6, 0x08e6, 0x08e6, 0x08e6, 0x08e6, 0x08e6, 0x08e6, 0x08e6, 0x08e6,
0x08e6, 0x08e6, 0x08e6, 0x08e6, 0x08e6, 0x08e6, 0x0906, 0x0906, 0x0906, 0x0906,
0x0906, 0x0906, 0x0907, 0x0907, 0x0907, 0x0907, 0x0907, 0x0907, 0x0907, 0x0907,
0x0907, 0x0907, 0x0907, 0x0907, 0x0907, 0x0907, 0x0907, 0x0907, 0x0907, 0x0907,
0x0927, 0x0907, 0x1127, 0x1127, 0x1127, 0x1127, 0x1127, 0x1127, 0x1127, 0x1127,
0x1127, 0x1127, 0x1127, 0x1127, 0x1127, 0x1127, 0x1127, 0x1147, 0x1147, 0x1147,
0x1947, 0x1947, 0x1947, 0x1947, 0x1967, 0x1967, 0x1967, 0x1968, 0x2168, 0x2188,
0x2188, 0x2188, 0x2188, 0x2988, 0x29a8, 0x29a8, 0x29a8, 0x29a8, 0x31c8, 0x31e9,
0x31c8, 0x31e8, 0x39e8, 0x39e8, 0x3a08, 0x3a08, 0x4208, 0x4209, 0x4a49, 0x4a49,
0x4a49, 0x4a49, 0x5249, 0x5249, 0x5a69, 0x5a69, 0x5a89, 0x6289, 0x62a9, 0x6aa9,
0x6aa9, 0x6ac9, 0x72c9, 0x72e9, 0x72e9, 0x7b09, 0x7b09, 0x7b09, 0x72e9, 0x72e9,
0x834a, 0xa40b, 0xc4cc, 0xe5ad, 0xfe0e, 0xfe4e, 0xfe4e, 0xfe4e, 0xfe4e, 0xfe2e,
0xfe2d, 0xdd2b, 0x0084, 0x2125, 0x9bea, 0x10a5, 0x0085, 0x1906, 0xedcd, 0xfe6e,
0xfe4e, 0xfe6f, 0xfe8f, 0xfe6f, 0xfe4f, 0xf60e, 0xdd6d, 0xb46c, 0x938a, 0x72e9,
0x6aa9, 0x6ac9, 0x6aa9, 0xd50c, 0x6ac8, 0x0045, 0x09a8, 0x0a6b, 0x09c9, 0x122a,
0x09e9, 0x11e9, 0x11c8, 0x0084, 0x08e5, 0x0947, 0x0926, 0x0926, 0x08a5, 0x08a4,
0x31c8, 0x4229, 0x3a09, 0x39e9, 0x39e9, 0x39e9, 0x31e9, 0x31c9, 0x31e9, 0x31e9,
0x29c9, 0x29c9, 0x29c9, 0x29a9, 0x2188, 0x2188, 0x21a9, 0x21a8, 0x21a8, 0x21a9,
0x1988, 0x4a69, 0x31c6, 0x0907, 0x2188, 0x1968, 0x1968, 0x1968, 0x1968, 0x1968,
0x1968, 0x1968, 0x1968, 0x1148, 0x1968, 0x1168, 0x1148, 0x1148, 0x1148, 0x1148,
0x1148, 0x1148, 0x1148, 0x1148, 0x1148, 0x1148, 0x1148, 0x1148, 0x1128, 0x1128,
0x1148, 0x1127, 0x0927, 0x1127, 0x1127, 0x0927, 0x0927, 0x1127, 0x0927, 0x0927,
0x0927, 0x0927, 0x0927, 0x0927, 0x0927, 0x0927, 0x0927, 0x0927, 0x0927, 0x1127,

0x08e6, 0x08e6, 0x08e6, 0x08e6, 0x08e6, 0x08e6, 0x08e6, 0x08e6, 0x08e6, 0x08e6,
0x08e6, 0x08e6, 0x08e6, 0x08e6, 0x08e6, 0x08e6, 0x08e6, 0x08e6, 0x08e6, 0x08e6,
0x08e6, 0x08e6, 0x08e6, 0x08e6, 0x08e6, 0x08e6, 0x08e6, 0x08e6, 0x08e6, 0x08e6,
0x08e6, 0x08e6, 0x08e6, 0x08e6, 0x08e6, 0x08e6, 0x08e6, 0x08e6, 0x08e6, 0x08e6,
0x08e6, 0x08e6, 0x08e6, 0x08e6, 0x08e6, 0x08e6, 0x08e6, 0x08e6, 0x08e6, 0x08e6,
0x08e6, 0x08e6, 0x08e6, 0x08e6, 0x08e6, 0x08e6, 0x08e6, 0x08e6, 0x08e6, 0x08e6,
0x08e6, 0x08e6, 0x08e6, 0x08e6, 0x08e6, 0x08e6, 0x08e6, 0x08e6, 0x08e6, 0x08e6,
0x08e6, 0x08e6, 0x08e6, 0x08e6, 0x08e6, 0x08e6, 0x08e6, 0x08e6, 0x08e6, 0x08e6,
0x08e6, 0x08e6, 0x08e6, 0x08e6, 0x08e6, 0x08e6, 0x08e6, 0x08e6, 0x08e6, 0x08e6,
0x08e6, 0x08e6, 0x08e6, 0x08e6, 0x08e6, 0x08e6, 0x08e6, 0x08e6, 0x08e6, 0x08e6,
0x08e6, 0x08e6, 0x08e6, 0x08e6, 0x0906, 0x0906, 0x0906, 0x0906, 0x0906, 0x0906,
0x0906, 0x0906, 0x0907, 0x0907, 0x0907, 0x0907, 0x0907, 0x0907, 0x0907, 0x0907,
0x0907, 0x0907, 0x0907, 0x0907, 0x0907, 0x0907, 0x0907, 0x0907, 0x0907, 0x0907,
0x0907, 0x0907, 0x1127, 0x0927, 0x1127, 0x1127, 0x1127, 0x1127, 0x1127, 0x1127,
0x1127, 0x1127, 0x1127, 0x1127, 0x1147, 0x1147, 0x1147, 0x1147, 0x1147, 0x1947,
0x1947, 0x1947, 0x1947, 0x1967, 0x1967, 0x1968, 0x1968, 0x2168, 0x2188, 0x2188,
0x2188, 0x2188, 0x2988, 0x29a8, 0x29a8, 0x29a8, 0x29c8, 0x31c8, 0x31c8, 0x3a09,
0x31c8, 0x39e8, 0x39e8, 0x3a08, 0x4208, 0x4209, 0x4229, 0x4228, 0x4a69, 0x4a49,
0x5249, 0x5269, 0x5269, 0x5a69, 0x5a89, 0x6289, 0x62a9, 0x6aa9, 0x6aa9, 0x6ac9,
0x72c9, 0x72e9, 0x72e9, 0x7b09, 0x7b2a, 0x7b09, 0x72e9, 0x832a, 0xa40b, 0xcd0c,
0xeded, 0xfe4e, 0xfe4e, 0xfe2e, 0xfe2e, 0xfe0e, 0xfe2e, 0xfe2e, 0xfe2e, 0xfe2e,
0xfe2e, 0xdd2c, 0x10e5, 0x0084, 0x08a5, 0x10c5, 0x00a5, 0x1906, 0xe5cd, 0xfe4e,
0xfe2e, 0xfe2e, 0xfe2e, 0xfe2e, 0xfe2e, 0xfe4e, 0xfe4e, 0xfe4e, 0xfe2e, 0xe5ad,
0xbcac, 0x93ab, 0x6ac9, 0xd4ec, 0x62c8, 0x0044, 0x11c9, 0x1baf, 0x1b2d, 0x11e9,
0x11c9, 0x11c8, 0x09a8, 0x0884, 0x09c8, 0x12cc, 0x128b, 0x12ab, 0x08e5, 0x00a4,
0x31c8, 0x4229, 0x4209, 0x3a09, 0x3a09, 0x39e9, 0x31e9, 0x31e9, 0x31e9, 0x31e9,
0x31c9, 0x31c9, 0x31c9, 0x2188, 0x5269, 0x4227, 0x1968, 0x29c9, 0x21a9, 0x21a9,
0x1989, 0x4a89, 0x39c7, 0x1127, 0x2188, 0x1968, 0x1968, 0x1968, 0x1968, 0x1968,
0x1968, 0x1968, 0x1968, 0x1168, 0x1968, 0x1968, 0x1148, 0x1148, 0x1148, 0x1148,
0x1148, 0x1148, 0x1148, 0x1148, 0x1148, 0x1148, 0x1148, 0x1148, 0x1148, 0x1148,
0x1148, 0x1127, 0x1128, 0x1127, 0x1127, 0x1128, 0x1127, 0x1127, 0x1127, 0x0927,
0x0927, 0x0927, 0x0927, 0x0927, 0x0927, 0x0927, 0x0927, 0x0927, 0x0927, 0x1127,

0x08e6, 0x08e6, 0x08e6, 0x08e6, 0x08e6, 0x08e6, 0x08e6, 0x08e6, 0x08e6, 0x08e6,
0x08e6, 0x08e6, 0x08e6, 0x08e6, 0x08e6, 0x08e6, 0x08e6, 0x08e6, 0x08e6, 0x08e6,
0x08e6, 0x08e6, 0x08e6, 0x08e6, 0x08e6, 0x08e6, 0x08e6, 0x08e6, 0x08e6, 0x08e6,
0x08e6, 0x08e6, 0x08e6, 0x08e6, 0x08e6, 0x08e6, 0x08e6, 0x08e6, 0x08e6, 0x08e6,
0x08e6, 0x08e6, 0x08e6, 0x08e6, 0x08e6, 0x08e6, 0x08e6, 0x08e6, 0x08e6, 0x08e6,
0x08e6, 0x08e6, 0x08e6, 0x08e6, 0x08e6, 0x08e6, 0x08e6, 0x08e6, 0x08e6, 0x08e6,
0x08e6, 0x08e6, 0x08e6, 0x08e6, 0x08e6, 0x08e6, 0x08e6, 0x08e6, 0x08e6, 0x08e6,
0x08e6, 0x08e6, 0x08e6, 0x08e6, 0x08e6, 0x08e6, 0x08e6, 0x08e6, 0x08e6, 0x08e6,
0x08e6, 0x08e6, 0x08e6, 0x08e6, 0x08e6, 0x08e6, 0x08e6, 0x08e6, 0x08e6, 0x08e6,
0x08e6, 0x08e6, 0x08e6, 0x08e6, 0x08e6, 0x08e6, 0x08e6, 0x08e6, 0x08e6, 0x08e6,
0x08e6, 0x08e6, 0x08e6, 0x0906, 0x0906, 0x0906, 0x0906, 0x0906, 0x0906, 0x0906,
0x0906, 0x0907, 0x0907, 0x0907, 0x0907, 0x0907, 0x0907, 0x0907, 0x0907, 0x0907,
0x0907, 0x0907, 0x0907, 0x0907, 0x0907, 0x0907, 0x0907, 0x0907, 0x0907, 0x0927,
0x0927, 0x1127, 0x1127, 0x1127, 0x1127, 0x1127, 0x1127, 0x1127, 0x1127, 0x1127,
0x1127, 0x1127, 0x1127, 0x1127, 0x1127, 0x1127, 0x1147, 0x1147, 0x1947, 0x1947,
0x1947, 0x1947, 0x1967, 0x1967, 0x1968, 0x1968, 0x2168, 0x2168, 0x2188, 0x2188,
0x2188, 0x2988, 0x2988, 0x29a8, 0x29a8, 0x29a8, 0x31c8, 0x31c8, 0x31c8, 0x3a09,
0x39e8, 0x39e8, 0x39e8, 0x4208, 0x4208, 0x4229, 0x4229, 0x4a29, 0x4a49, 0x5249,
0x5249, 0x5269, 0x5a69, 0x5a89, 0x6289, 0x62a9, 0x6aa9, 0x6aa9, 0x72c9, 0x72e9,
0x72e9, 0x7ae9, 0x7b09, 0x7b09, 0x7b09, 0x938a, 0xbcac, 0xedcd, 0xfe4e, 0xfe4e,
0xfe2e, 0xfe2e, 0xfe2e, 0xfe2e, 0xfe2e, 0xfe2e, 0xfe2e, 0xfe2e, 0xfe2e, 0xfe2e,
0xfe4e, 0xdd4c, 0x10c5, 0x08a5, 0x08a5, 0x08a5, 0x00a5, 0x1906, 0xe5cd, 0xfe4e,
0xfe2e, 0xfe4e, 0xfe4f, 0xfe4f, 0xfe2f, 0xfe2e, 0xfe2e, 0xfe0e, 0xfe0e, 0xfe4e,
0xfe6e, 0xfe4f, 0xdd8e, 0xed8d, 0x5a88, 0x0045, 0x0947, 0x126b, 0x122a, 0x00a5,
0x0084, 0x0064, 0x0064, 0x08a5, 0x0884, 0x0064, 0x0064, 0x0864, 0x08a5, 0x08a5,
0x39e8, 0x4a29, 0x4209, 0x4209, 0x3a09, 0x39e9, 0x39e9, 0x31e9, 0x31e9, 0x31e9,
0x31e9, 0x31e9, 0x31e9, 0x1968, 0x7b6a, 0x6287, 0x0085, 0x29c9, 0x29c9, 0x29c9,
0x1988, 0x528a, 0x39c7, 0x0907, 0x2188, 0x1968, 0x1968, 0x1968, 0x1968, 0x1968,
0x1968, 0x1968, 0x1968, 0x1968, 0x1168, 0x1148, 0x1168, 0x1148, 0x1168, 0x1148,
0x1148, 0x1148, 0x1148, 0x1148, 0x1148, 0x1148, 0x1148, 0x1128, 0x1148, 0x1128,
0x1128, 0x1127, 0x1127, 0x1127, 0x1127, 0x1127, 0x0927, 0x1127, 0x1127, 0x0927,
0x0927, 0x0927, 0x0927, 0x0927, 0x0927, 0x0927, 0x0927, 0x0927, 0x0927, 0x1147,

0x08e6, 0x08e6, 0x08e6, 0x08e6, 0x08e6, 0x08e6, 0x08e6, 0x08e6, 0x08e6, 0x08e6,
0x08e6, 0x08e6, 0x08e6, 0x08e6, 0x08e6, 0x08e6, 0x08e6, 0x08e6, 0x08e6, 0x08e6,
0x08e6, 0x08e6, 0x08e6, 0x08e6, 0x08e6, 0x08e6, 0x08e6, 0x08e6, 0x08e6, 0x08e6,
0x08e6, 0x08e6, 0x08e6, 0x08e6, 0x08e6, 0x08e6, 0x08e6, 0x08e6, 0x08e6, 0x08e6,
0x08e6, 0x08e6, 0x08e6, 0x08e6, 0x08e6, 0x08e6, 0x08e6, 0x08e6, 0x08e6, 0x08e6,
0x08e6, 0x08e6, 0x08e6, 0x08e6, 0x08e6, 0x08e6, 0x08e6, 0x08e6, 0x08e6, 0x08e6,
0x08e6, 0x08e6, 0x08e6, 0x08e6, 0x08e6, 0x08e6, 0x08e6, 0x08e6, 0x08e6, 0x08e6,
0x08e6, 0x08e6, 0x08e6, 0x08e6, 0x08e6, 0x08e6, 0x08e6, 0x08e6, 0x08e6, 0x08e6,
0x08e6, 0x08e6, 0x08e6, 0x08e6, 0x08e6, 0x08e6, 0x08e6, 0x08e6, 0x08e6, 0x08e6,
0x08e6, 0x08e6, 0x08e6, 0x08e6, 0x08e6, 0x08e6, 0x08e6, 0x08e6, 0x08e6, 0x08e6,
0x08e6, 0x08e6, 0x08e6, 0x0906, 0x0906, 0x0906, 0x0906, 0x0906, 0x0906, 0x0906,
0x0907, 0x0907, 0x0907, 0x0907, 0x0907, 0x0907, 0x0907, 0x0907, 0x0907, 0x0907,
0x0907, 0x0907, 0x0907, 0x0907, 0x0907, 0x0907, 0x0907, 0x0907, 0x0907, 0x1107,
0x1127, 0x1127, 0x1127, 0x1127, 0x1127, 0x1127, 0x1127, 0x1127, 0x1127, 0x1127,
0x1127, 0x1127, 0x1127, 0x1127, 0x1147, 0x1147, 0x1147, 0x1147, 0x1947, 0x1947,
0x1947, 0x1967, 0x1967, 0x1967, 0x1967, 0x1968, 0x2188, 0x2188, 0x2188, 0x2188,
0x2988, 0x29a8, 0x29a8, 0x29a8, 0x29a8, 0x31a8, 0x31c8, 0x31c8, 0x31c8, 0x3a09,
0x39e8, 0x39e8, 0x3a08, 0x4209, 0x4229, 0x4a29, 0x4a49, 0x4a49, 0x5249, 0x5269,
0x5a69, 0x5a69, 0x6289, 0x62a9, 0x6aa9, 0x6aa9, 0x6ac9, 0x72c9, 0x72e9, 0x7ae9,
0x7b09, 0x7b09, 0x7ae9, 0x938a, 0xccec, 0xf60e, 0xfe6e, 0xfe4e, 0xfe2e, 0xfe2e,
0xfe2e, 0xfe2e, 0xfe2e, 0xfe2e, 0xfe2e, 0xfe2e, 0xfe2e, 0xfe2e, 0xfe2e, 0xfe2e,
0xfe6f, 0xdd4d, 0x10e5, 0x08c5, 0x08c5, 0x08c5, 0x08a5, 0x10e5, 0xedee, 0xfe6f,
0xfe2e, 0xfe4f, 0xfe4f, 0xfe2e, 0xfe2e, 0xfe2e, 0xfe2e, 0xfe2e, 0xfe2e, 0xfe2e,
0xfe2e, 0xfe2e, 0xfe4f, 0xfe0e, 0x5a68, 0x0085, 0x0885, 0x0024, 0x0885, 0x08c6,
0x08c5, 0x08c5, 0x08c5, 0x08a5, 0x08c5, 0x08c5, 0x08c5, 0x08c5, 0x08c5, 0x08c5,
0x39e8, 0x4a49, 0x4229, 0x4209, 0x4209, 0x3a09, 0x39e9, 0x39e9, 0x31e9, 0x31e9,
0x31e9, 0x31e9, 0x31e9, 0x2188, 0x7b6a, 0x62a7, 0x0044, 0x1106, 0x29c9, 0x29c9,
0x2188, 0x4a8a, 0x31a6, 0x0907, 0x2189, 0x1968, 0x1968, 0x1968, 0x1968, 0x1968,
0x1968, 0x1968, 0x1968, 0x1968, 0x1968, 0x1168, 0x1168, 0x1168, 0x1168, 0x1148,
0x1148, 0x1148, 0x1148, 0x1148, 0x1148, 0x1148, 0x1148, 0x1148, 0x1148, 0x1128,
0x1128, 0x1128, 0x1128, 0x1128, 0x1128, 0x1127, 0x0928, 0x1127, 0x1127, 0x1128,
0x0927, 0x0927, 0x0927, 0x0927, 0x0927, 0x0927, 0x0927, 0x0927, 0x0927, 0x1127,

0x08e6, 0x08e6, 0x08e6, 0x08e6, 0x08e6, 0x08e6, 0x08e6, 0x08e6, 0x08e6, 0x08e6,
0x08e6, 0x08e6, 0x08e6, 0x08e6, 0x08e6, 0x08e6, 0x08e6, 0x08e6, 0x08e6, 0x08e6,
0x08e6, 0x08e6, 0x08e6, 0x08e6, 0x08e6, 0x08e6, 0x08e6, 0x08e6, 0x08e6, 0x08e6,
0x08e6, 0x08e6, 0x08e6, 0x08e6, 0x08e6, 0x08e6, 0x08e6, 0x08e6, 0x08e6, 0x08e6,
0x08e6, 0x08e6, 0x08e6, 0x08e6, 0x08e6, 0x08e6, 0x08e6, 0x08e6, 0x08e6, 0x08e6,
0x08e6, 0x08e6, 0x08e6, 0x08e6, 0x08e6, 0x08e6, 0x08e6, 0x08e6, 0x08e6, 0x08e6,
0x08e6, 0x08e6, 0x08e6, 0x08e6, 0x08e6, 0x08e6, 0x08e6, 0x08e6, 0x08e6, 0x08e6,
0x08e6, 0x08e6, 0x08e6, 0x08e6, 0x08e6, 0x08e6, 0x08e6, 0x08e6, 0x08e6, 0x08e6,
0x08e6, 0x08e6, 0x08e6, 0x08e6, 0x08e6, 0x08e6, 0x08e6, 0x08e6, 0x08e6, 0x08e6,
0x08e6, 0x08e6, 0x08e6, 0x08e6, 0x08e6, 0x08e6, 0x08e6, 0x08e6, 0x08e6, 0x08e6,
0x08e6, 0x08e6, 0x0906, 0x0906, 0x0906, 0x0906, 0x0906, 0x0906, 0x0907, 0x0907,
0x0907, 0x0907, 0x0907, 0x0907, 0x0907, 0x0907, 0x0907, 0x0907, 0x0907, 0x0907,
0x0907, 0x0907, 0x0907, 0x0907, 0x0907, 0x0907, 0x0907, 0x0907, 0x0927, 0x0927,
0x1127, 0x1127, 0x1127, 0x1127, 0x1127, 0x1127, 0x1127, 0x1127, 0x1127, 0x1127,
0x1127, 0x1127, 0x1147, 0x1147, 0x1147, 0x1147, 0x1147, 0x1947, 0x1947, 0x1947,
0x1948, 0x1967, 0x1967, 0x1968, 0x1968, 0x2168, 0x2188, 0x2188, 0x2188, 0x2988,
0x29a8, 0x29a8, 0x29a8, 0x29c8, 0x31c8, 0x31c8, 0x31c8, 0x31c8, 0x39e8, 0x39e8,
0x39e8, 0x3a08, 0x4208, 0x4229, 0x4a29, 0x4a49, 0x4a49, 0x5249, 0x5269, 0x5a69,
0x5a89, 0x6289, 0x62a9, 0x6aa9, 0x6ac9, 0x72c9, 0x72e9, 0x72e9, 0x7b0a, 0x7b09,
0x72e9, 0x8b4a, 0xc4cc, 0xfe0e, 0xfe4e, 0xfe4e, 0xfe0e, 0xfe2e, 0xfe2e, 0xfe2e,
0xfe2e, 0xfe2e, 0xfe2e, 0xfe2e, 0xfe2e, 0xfe2e, 0xfe2e, 0xfe2e, 0xfe2e, 0xfe2e,
0xfe6f, 0xd54d, 0x08e6, 0x08c5, 0x08c5, 0x08c5, 0x08c5, 0x0085, 0x5ac9, 0xfe8f,
0xfe4f, 0xfe4f, 0xfe4f, 0xfe2e, 0xfe2e, 0xfe2e, 0xfe2e, 0xfe2e, 0xfe2e, 0xfe2f,
0xfe2f, 0xfe2f, 0xf62e, 0xfdee, 0x5a68, 0x0044, 0x0967, 0x09e9, 0x08c5, 0x08c5,
0x08c5, 0x08a5, 0x08c5, 0x08c5, 0x08a5, 0x00a5, 0x08a5, 0x08c5, 0x08a5, 0x08c5,
0x3a08, 0x4a49, 0x4229, 0x4229, 0x4209, 0x4209, 0x3a09, 0x39e9, 0x39e9, 0x31e9,
0x31e9, 0x3209, 0x31e9, 0x2189, 0x7b6a, 0x62a7, 0x0065, 0x08c5, 0x1106, 0x29e9,
0x2189, 0x5289, 0x31a6, 0x0907, 0x21a9, 0x1988, 0x1968, 0x1968, 0x1968, 0x1968,
0x1989, 0x1968, 0x1989, 0x1989, 0x1968, 0x1968, 0x1168, 0x1168, 0x1168, 0x1168,
0x1148, 0x1148, 0x1148, 0x1148, 0x1148, 0x1148, 0x1148, 0x1148, 0x1148, 0x1148,
0x1148, 0x1148, 0x1148, 0x1128, 0x1128, 0x1148, 0x1128, 0x1127, 0x0927, 0x0928,
0x1127, 0x0927, 0x0927, 0x0927, 0x0927, 0x0927, 0x0927, 0x0927, 0x0927, 0x1128,

0x08e6, 0x08e6, 0x08e6, 0x08e6, 0x08e6, 0x08e6, 0x08e6, 0x08e6, 0x08e6, 0x08e6,
0x08e6, 0x08e6, 0x08e6, 0x08e6, 0x08e6, 0x08e6, 0x08e6, 0x08e6, 0x08e6, 0x08e6,
0x08e6, 0x08e6, 0x08e6, 0x08e6, 0x08e6, 0x08e6, 0x08e6, 0x08e6, 0x08e6, 0x08e6,
0x08e6, 0x08e6, 0x08e6, 0x08e6, 0x08e6, 0x08e6, 0x08e6, 0x08e6, 0x08e6, 0x08e6,
0x08e6, 0x08e6, 0x08e6, 0x08e6, 0x08e6, 0x08e6, 0x08e6, 0x08e6, 0x08e6, 0x08e6,
0x08e6, 0x08e6, 0x08e6, 0x08e6, 0x08e6, 0x08e6, 0x08e6, 0x08e6, 0x08e6, 0x08e6,
0x08e6, 0x08e6, 0x08e6, 0x08e6, 0x08e6, 0x08e6, 0x08e6, 0x08e6, 0x08e6, 0x08e6,
0x08e6, 0x08e6, 0x08e6, 0x08e6, 0x08e6, 0x08e6, 0x08e6, 0x08e6, 0x08e6, 0x08e6,
0x08e6, 0x08e6, 0x08e6, 0x08e6, 0x08e6, 0x08e6, 0x08e6, 0x08e6, 0x08e6, 0x08e6,
0x08e6, 0x08e6, 0x08e6, 0x08e6, 0x08e6, 0x08e6, 0x08e6, 0x08e6, 0x08e6, 0x08e6,
0x08e6, 0x08e6, 0x0906, 0x0906, 0x0906, 0x0906, 0x0907, 0x0907, 0x0907, 0x0907,
0x0907, 0x0907, 0x0907, 0x0907, 0x0907, 0x0907, 0x0907, 0x0907, 0x0907, 0x0907,
0x0907, 0x0907, 0x0907, 0x0907, 0x0907, 0x0907, 0x0907, 0x0927, 0x1127, 0x1127,
0x1127, 0x1127, 0x1127, 0x1127, 0x1127, 0x1127, 0x1127, 0x1127, 0x1127, 0x1127,
0x1127, 0x1127, 0x1147, 0x1127, 0x1147, 0x1147, 0x1947, 0x1947, 0x1947, 0x1947,
0x1967, 0x1967, 0x1968, 0x1968, 0x2168, 0x2188, 0x2188, 0x2188, 0x2188, 0x29a8,
0x29a8, 0x29a8, 0x29a8, 0x31c8, 0x31c8, 0x31c8, 0x31c8, 0x39e8, 0x39e8, 0x3a08,
0x4208, 0x4208, 0x4209, 0x4229, 0x4a49, 0x4a49, 0x5249, 0x5269, 0x5a69, 0x5a89,
0x6289, 0x62a9, 0x6aa9, 0x6ac9, 0x72c9, 0x72e9, 0x7ae9, 0x7b2a, 0x7ae9, 0x7b09,
0xb46b, 0xf5ed, 0xfe4e, 0xfe2e, 0xfe0e, 0xfe4e, 0xfe2e, 0xfe2e, 0xfe2e, 0xfe2e,
0xfe2e, 0xfe2e, 0xfe2e, 0xfe2e, 0xfe4f, 0xfe2e, 0xfe2f, 0xfe4f, 0xfe2e, 0xfe2e,
0xfe6e, 0xd52d, 0x08c6, 0x08c5, 0x08c5, 0x08c5, 0x08c5, 0x08e5, 0x0065, 0x5ac9,
0xfe90, 0xfe6f, 0xfe4f, 0xfe2e, 0xfe2e, 0xfe2e, 0xfe2e, 0xfe4f, 0xfe6f, 0xfe6f,
0xfe6f, 0xfe4f, 0xfe2e, 0xfdee, 0x5a68, 0x0024, 0x124a, 0x1bae, 0x08c5, 0x08a4,
0x08c5, 0x08a5, 0x08a5, 0x08c5, 0x08a5, 0x08a5, 0x08c5, 0x08c5, 0x08e6, 0x08c5,
0x4209, 0x5269, 0x4a29, 0x4a29, 0x4229, 0x4209, 0x3a09, 0x3a09, 0x39e9, 0x39e9,
0x3a09, 0x3a09, 0x39e9, 0x21a9, 0x7b6a, 0x62a7, 0x0064, 0x08c5, 0x08a5, 0x1106,
0x2188, 0x5aaa, 0x31a6, 0x0907, 0x21a9, 0x1988, 0x1988, 0x1968, 0x1968, 0x1988,
0x1989, 0x1968, 0x1989, 0x1968, 0x1968, 0x1968, 0x1968, 0x1168, 0x1168, 0x1168,
0x1168, 0x1148, 0x1148, 0x1148, 0x1148, 0x1148, 0x1148, 0x1148, 0x1148, 0x1148,
0x1148, 0x1148, 0x1148, 0x1148, 0x1148, 0x1148, 0x1148, 0x1148, 0x1148, 0x0948,
0x1127, 0x0927, 0x0927, 0x1127, 0x0927, 0x0927, 0x0927, 0x0928, 0x0927, 0x1148,

0x08e6, 0x08e6, 0x08e6, 0x08e6, 0x08e6, 0x08e6, 0x08e6, 0x08e6, 0x08e6, 0x08e6,
0x08e6, 0x08e6, 0x08e6, 0x08e6, 0x08e6, 0x08e6, 0x08e6, 0x08e6, 0x08e6, 0x08e6,
0x08e6, 0x08e6, 0x08e6, 0x08e6, 0x08e6, 0x08e6, 0x08e6, 0x08e6, 0x08e6, 0x08e6,
0x08e6, 0x08e6, 0x08e6, 0x08e6, 0x08e6, 0x08e6, 0x08e6, 0x08e6, 0x08e6, 0x08e6,
0x08e6, 0x08e6, 0x08e6, 0x08e6, 0x08e6, 0x08e6, 0x08e6, 0x08e6, 0x08e6, 0x08e6,
0x08e6, 0x08e6, 0x08e6, 0x08e6, 0x08e6, 0x08e6, 0x08e6, 0x08e6, 0x08e6, 0x08e6,
0x08e6, 0x08e6, 0x08e6, 0x08e6, 0x08e6, 0x08e6, 0x08e6, 0x08e6, 0x08e6, 0x08e6,
0x08e6, 0x08e6, 0x08e6, 0x08e6, 0x08e6, 0x08e6, 0x08e6, 0x08e6, 0x08e6, 0x08e6,
0x08e6, 0x08e6, 0x08e6, 0x08e6, 0x08e6, 0x08e6, 0x08e6, 0x08e6, 0x08e6, 0x08e6,
0x08e6, 0x08e6, 0x08e6, 0x08e6, 0x08e6, 0x08e6, 0x08e6, 0x08e6, 0x08e6, 0x0906,
0x0906, 0x0906, 0x0906, 0x0906, 0x0906, 0x0907, 0x0906, 0x0907, 0x0907, 0x0907,
0x0907, 0x0907, 0x0907, 0x0907, 0x0907, 0x0907, 0x0907, 0x0907, 0x0907, 0x0907,
0x0907, 0x0907, 0x0907, 0x0907, 0x0907, 0x0907, 0x0907, 0x0927, 0x1127, 0x1127,
0x1127, 0x1127, 0x1127, 0x1127, 0x1127, 0x1127, 0x1127, 0x1127, 0x1127, 0x1127,
0x1127, 0x1147, 0x1147, 0x1147, 0x1147, 0x1147, 0x1147, 0x1947, 0x1947, 0x1967,
0x1968, 0x1968, 0x1968, 0x2168, 0x2188, 0x2188, 0x2188, 0x2188, 0x29a8, 0x29a8,
0x29a8, 0x29a8, 0x31c8, 0x31c8, 0x31c8, 0x31c8, 0x39e8, 0x39e8, 0x3a09, 0x3a08,
0x4209, 0x4229, 0x4229, 0x4a49, 0x4a49, 0x5269, 0x5269, 0x5a69, 0x5a89, 0x6289,
0x62a9, 0x6ac9, 0x6ac9, 0x72e9, 0x72e9, 0x7b09, 0x7b2a, 0x7b09, 0x9bca, 0xdd6d,
0xfe4e, 0xfe2e, 0xfe0e, 0xfe2e, 0xfe2e, 0xfe2e, 0xfe2e, 0xfe2e, 0xfe2e, 0xfe4e,
0xfe4f, 0xfe4f, 0xfe4f, 0xfe4f, 0xfe4f, 0xfe4f, 0xfe4f, 0xfe4f, 0xfe2e, 0xfe2f,
0xfe4e, 0xccec, 0x08c5, 0x08c5, 0x08c5, 0x08e5, 0x08e5, 0x08c5, 0x08e5, 0x0085,
0x5268, 0xac2b, 0x9bcb, 0x9bcb, 0x93ab, 0x93ab, 0x9bcb, 0xa40c, 0xac6c, 0xbccd,
0xcd2e, 0xe5ae, 0xf62f, 0xfe0e, 0x5a68, 0x0085, 0x0885, 0x0043, 0x08a4, 0x08a4,
0x08c5, 0x00a5, 0x08c5, 0x08a5, 0x08c5, 0x08a5, 0x08c5, 0x08c5, 0x08e6, 0x00c6,
0x4208, 0x528a, 0x4a49, 0x4a29, 0x4229, 0x4229, 0x4209, 0x3a09, 0x3a29, 0x3a09,
0x3a09, 0x3a09, 0x3a09, 0x29a9, 0x7b6a, 0x62a8, 0x0064, 0x08c5, 0x08c5, 0x08c5,
0x08e6, 0x39e8, 0x1925, 0x1127, 0x21a8, 0x1988, 0x1988, 0x1988, 0x1988, 0x1988,
0x1989, 0x1968, 0x1989, 0x1989, 0x1968, 0x1968, 0x1968, 0x1168, 0x1168, 0x1168,
0x1168, 0x1148, 0x1148, 0x1148, 0x1148, 0x1148, 0x1148, 0x1148, 0x1148, 0x1148,
0x1148, 0x1148, 0x1148, 0x1148, 0x1148, 0x1148, 0x1148, 0x1148, 0x1148, 0x1128,
0x0948, 0x0928, 0x1128, 0x0927, 0x0927, 0x0927, 0x0928, 0x0928, 0x0927, 0x1148,

0x08e6, 0x08e6, 0x08e6, 0x08e6, 0x08e6, 0x08e6, 0x08e6, 0x08e6, 0x08e6, 0x08e6,
0x08e6, 0x08e6, 0x08e6, 0x08e6, 0x08e6, 0x08e6, 0x08e6, 0x08e6, 0x08e6, 0x08e6,
0x08e6, 0x08e6, 0x08e6, 0x08e6, 0x08e6, 0x08e6, 0x08e6, 0x08e6, 0x08e6, 0x08e6,
0x08e6, 0x08e6, 0x08e6, 0x08e6, 0x08e6, 0x08e6, 0x08e6, 0x08e6, 0x08e6, 0x08e6,
0x08e6, 0x08e6, 0x08e6, 0x08e6, 0x08e6, 0x08e6, 0x08e6, 0x08e6, 0x08e6, 0x08e6,
0x08e6, 0x08e6, 0x08e6, 0x08e6, 0x08e6, 0x08e6, 0x08e6, 0x08e6, 0x08e6, 0x08e6,
0x08e6, 0x08e6, 0x08e6, 0x08e6, 0x08e6, 0x08e6, 0x08e6, 0x08e6, 0x08e6, 0x08e6,
0x08e6, 0x08e6, 0x08e6, 0x08e6, 0x08e6, 0x08e6, 0x08e6, 0x08e6, 0x08e6, 0x08e6,
0x08e6, 0x08e6, 0x08e6, 0x08e6, 0x08e6, 0x08e6, 0x08e6, 0x08e6, 0x08e6, 0x08e6,
0x08e6, 0x08e6, 0x08e6, 0x08e6, 0x08e6, 0x08e6, 0x08e6, 0x08e6, 0x08e6, 0x08e6,
0x0906, 0x0906, 0x0906, 0x0906, 0x0906, 0x0907, 0x0907, 0x0907, 0x0907, 0x0907,
0x0907, 0x0907, 0x0907, 0x0907, 0x0907, 0x0907, 0x0907, 0x0907, 0x0907, 0x0907,
0x0907, 0x0907, 0x0907, 0x0907, 0x0907, 0x0907, 0x0907, 0x1127, 0x0927, 0x1127,
0x1127, 0x1127, 0x1127, 0x1127, 0x1127, 0x1127, 0x1127, 0x1127, 0x1127, 0x1127,
0x1147, 0x1147, 0x1147, 0x1147, 0x1147, 0x1947, 0x1947, 0x1947, 0x1968, 0x1968,
0x1968, 0x1968, 0x2168, 0x2168, 0x2188, 0x2188, 0x2188, 0x2988, 0x29a8, 0x29a8,
0x29c8, 0x31c8, 0x31c8, 0x31c8, 0x31c8, 0x39e8, 0x39e8, 0x39e8, 0x3a08, 0x4208,
0x4228, 0x4229, 0x4a49, 0x4a49, 0x5249, 0x5269, 0x5a69, 0x5a89, 0x62a9, 0x62a9,
0x6ac9, 0x6ac9, 0x72e9, 0x7ae9, 0x7b0a, 0x8329, 0x7b09, 0xbc8c, 0xfe0e, 0xfe4e,
0xfe0e, 0xfe0e, 0xfe2e, 0xfe2e, 0xfe2e, 0xfe2e, 0xfe2e, 0xfe4e, 0xfe4f, 0xfe4f,
0xfe4f, 0xfe4f, 0xfe4f, 0xfe4f, 0xfe4f, 0xfe4f, 0xfe4f, 0xfe4f, 0xfe4f, 0xfe4f,
0xfe8f, 0xcd0c, 0x08c5, 0x08c5, 0x00c4, 0x508c, 0x28a9, 0x00c5, 0x08c5, 0x08e6,
0x0065, 0x5a68, 0x8b6a, 0x832a, 0x832a, 0x7b0a, 0x7b2a, 0x7b2b, 0x7b2a, 0x7b0a,
0x730b, 0x7b4b, 0x836b, 0xdd4d, 0x62a8, 0x0065, 0x08c5, 0x08c5, 0x08a4, 0x0884,
0x08a5, 0x08a5, 0x08c5, 0x08c5, 0x08c5, 0x08c5, 0x08c5, 0x08c5, 0x08c5, 0x00a5,
0x39e8, 0x5a8a, 0x4a49, 0x4a49, 0x4a49, 0x4229, 0x4229, 0x4229, 0x4229, 0x3a09,
0x3a09, 0x3a09, 0x3a09, 0x29a9, 0x7b6a, 0x62a8, 0x0064, 0x08c5, 0x08c5, 0x08c5,
0x08c5, 0x00a5, 0x00a4, 0x1947, 0x21a9, 0x1988, 0x2188, 0x2188, 0x1988, 0x1988,
0x1989, 0x1968, 0x1989, 0x1969, 0x1968, 0x1968, 0x1968, 0x1168, 0x1168, 0x1168,
0x1168, 0x1148, 0x1148, 0x1148, 0x1148, 0x1148, 0x1148, 0x1148, 0x1148, 0x1148,
0x1148, 0x1148, 0x1148, 0x1148, 0x1148, 0x1148, 0x1148, 0x1148, 0x1148, 0x1128,
0x1148, 0x0948, 0x1148, 0x0948, 0x0928, 0x0928, 0x0927, 0x0948, 0x1128, 0x1148,

0x08e6, 0x08e6, 0x08e6, 0x08e6, 0x08e6, 0x08e6, 0x08e6, 0x08e6, 0x08e6, 0x08e6,
0x08e6, 0x08e6, 0x08e6, 0x08e6, 0x08e6, 0x08e6, 0x08e6, 0x08e6, 0x08e6, 0x08e6,
0x08e6, 0x08e6, 0x08e6, 0x08e6, 0x08e6, 0x08e6, 0x08e6, 0x08e6, 0x08e6, 0x08e6,
0x08e6, 0x08e6, 0x08e6, 0x08e6, 0x08e6, 0x08e6, 0x08e6, 0x08e6, 0x08e6, 0x08e6,
0x08e6, 0x08e6, 0x08e6, 0x08e6, 0x08e6, 0x08e6, 0x08e6, 0x08e6, 0x08e6, 0x08e6,
0x08e6, 0x08e6, 0x08e6, 0x08e6, 0x08e6, 0x08e6, 0x08e6, 0x08e6, 0x08e6, 0x08e6,
0x08e6, 0x08e6, 0x08e6, 0x08e6, 0x08e6, 0x08e6, 0x08e6, 0x08e6, 0x08e6, 0x08e6,
0x08e6, 0x08e6, 0x08e6, 0x08e6, 0x08e6, 0x08e6, 0x08e6, 0x08e6, 0x08e6, 0x08e6,
0x08e6, 0x08e6, 0x08e6, 0x08e6, 0x08e6, 0x08e6, 0x08e6, 0x08e6, 0x08e6, 0x08e6,
0x08e6, 0x08e6, 0x08e6, 0x08e6, 0x08e6, 0x08e6, 0x08e6, 0x08e6, 0x0906, 0x0906,
0x0906, 0x0906, 0x0906, 0x0906, 0x0906, 0x0907, 0x0907, 0x0907, 0x0907, 0x0907,
0x0907, 0x0907, 0x0907, 0x0907, 0x0907, 0x0907, 0x0907, 0x0907, 0x0907, 0x0907,
0x0907, 0x0907, 0x0907, 0x0907, 0x0927, 0x0927, 0x0927, 0x1127, 0x1127, 0x1127,
0x1127, 0x1127, 0x1127, 0x1127, 0x1127, 0x1127, 0x1127, 0x1127, 0x1127, 0x1127,
0x1147, 0x1147, 0x1147, 0x1147, 0x1147, 0x1947, 0x1967, 0x1968, 0x1968, 0x1968,
0x1968, 0x1968, 0x2168, 0x2188, 0x2188, 0x2188, 0x2988, 0x29a8, 0x29a8, 0x29a8,
0x29a8, 0x31c8, 0x31c8, 0x31c8, 0x39e9, 0x39e8, 0x3a08, 0x3a09, 0x4209, 0x4228,
0x4a29, 0x4a49, 0x4a49, 0x5249, 0x5269, 0x5a69, 0x5a89, 0x6289, 0x62a9, 0x6aa9,
0x72c9, 0x72c9, 0x7b09, 0x7b09, 0x7b09, 0x8b4a, 0xd54d, 0xfe4e, 0xfe2e, 0xfe2e,
0xfe2e, 0xfe2e, 0xfe2e, 0xfe2e, 0xfe2e, 0xfe4e, 0xfe4e, 0xfe4e, 0xfe4f, 0xfe4f,
0xfe4f, 0xfe4f, 0xfe4f, 0xfe4f, 0xfe4f, 0xfe4f, 0xfe4f, 0xfe6f, 0xfe6f, 0xedee,
0xdd4d, 0xc4cc, 0x08c5, 0x08a5, 0x00c4, 0x688e, 0x38aa, 0x00c4, 0x08c5, 0x08c5,
0x0085, 0x5a68, 0x938a, 0x834a, 0x834a, 0x834a, 0x834a, 0x834a, 0x834b, 0x834b,
0x7b2b, 0x7b2b, 0x6aeb, 0xcccc, 0x62a8, 0x0065, 0x08c5, 0x08a4, 0x08e5, 0x08e5,
0x08a5, 0x08a5, 0x08c5, 0x08c5, 0x08c5, 0x08a5, 0x08c5, 0x08c5, 0x08c5, 0x00a5,
0x39e8, 0x5a8a, 0x5269, 0x5269, 0x4a49, 0x4a29, 0x4229, 0x4229, 0x4229, 0x4209,
0x3a09, 0x3a09, 0x3a09, 0x29c9, 0x7b6b, 0x62a8, 0x0064, 0x08c5, 0x08a5, 0x08c5,
0x08a5, 0x08c5, 0x08a5, 0x1947, 0x21a9, 0x2188, 0x2188, 0x2188, 0x2188, 0x1988,
0x19a9, 0x1988, 0x19a9, 0x1989, 0x1968, 0x1968, 0x1968, 0x1168, 0x1168, 0x1168,
0x1168, 0x1168, 0x1148, 0x1148, 0x1148, 0x1148, 0x1148, 0x1148, 0x1148, 0x1148,
0x1148, 0x1148, 0x1148, 0x1148, 0x1148, 0x1148, 0x1148, 0x1148, 0x1148, 0x0948,
0x0948, 0x0948, 0x0948, 0x1148, 0x0948, 0x0928, 0x0928, 0x0948, 0x1128, 0x1148,

0x08e6, 0x08e6, 0x08e6, 0x08e6, 0x08e6, 0x08e6, 0x08e6, 0x08e6, 0x08e6, 0x08e6,
0x08e6, 0x08e6, 0x08e6, 0x08e6, 0x08e6, 0x08e6, 0x08e6, 0x08e6, 0x08e6, 0x08e6,
0x08e6, 0x08e6, 0x08e6, 0x08e6, 0x08e6, 0x08e6, 0x08e6, 0x08e6, 0x08e6, 0x08e6,
0x08e6, 0x08e6, 0x08e6, 0x08e6, 0x08e6, 0x08e6, 0x08e6, 0x08e6, 0x08e6, 0x08e6,
0x08e6, 0x08e6, 0x08e6, 0x08e6, 0x08e6, 0x08e6, 0x08e6, 0x08e6, 0x08e6, 0x08e6,
0x08e6, 0x08e6, 0x08e6, 0x08e6, 0x08e6, 0x08e6, 0x08e6, 0x08e6, 0x08e6, 0x08e6,
0x08e6, 0x08e6, 0x08e6, 0x08e6, 0x08e6, 0x08e6, 0x08e6, 0x08e6, 0x08e6, 0x08e6,
0x08e6, 0x08e6, 0x08e6, 0x08e6, 0x08e6, 0x08e6, 0x08e6, 0x08e6, 0x08e6, 0x08e6,
0x08e6, 0x08e6, 0x08e6, 0x08e6, 0x08e6, 0x08e6, 0x08e6, 0x08e6, 0x08e6, 0x08e6,
0x08e6, 0x08e6, 0x08e6, 0x08e6, 0x08e6, 0x08e6, 0x08e6, 0x0906, 0x0906, 0x08e6,
0x0906, 0x0906, 0x0906, 0x0906, 0x0907, 0x0907, 0x0907, 0x0907, 0x0907, 0x0907,
0x0907, 0x0907, 0x0907, 0x0907, 0x0907, 0x0907, 0x0907, 0x0907, 0x0907, 0x0907,
0x0907, 0x0907, 0x0927, 0x0907, 0x0927, 0x0927, 0x1127, 0x1127, 0x1127, 0x1127,
0x1127, 0x1127, 0x1127, 0x1127, 0x1127, 0x1127, 0x1127, 0x1147, 0x1147, 0x1147,
0x1147, 0x1147, 0x1147, 0x1147, 0x1147, 0x1947, 0x1967, 0x1967, 0x1968, 0x1968,
0x1968, 0x1968, 0x2188, 0x2188, 0x2188, 0x2188, 0x2988, 0x29a8, 0x29a8, 0x29a8,
0x31c8, 0x31c8, 0x31c8, 0x39e8, 0x3a09, 0x39e8, 0x3a08, 0x4209, 0x4229, 0x4229,
0x4a49, 0x4a49, 0x5269, 0x5269, 0x5a69, 0x5a89, 0x6289, 0x62a9, 0x6ac9, 0x6ac9,
0x72e9, 0x72e9, 0x832a, 0x7b09, 0x93aa, 0xedad, 0xfe4e, 0xfe0e, 0xfe2e, 0xfe2e,
0xfe2e, 0xfe2e, 0xfe2e, 0xfe4e, 0xfe4e, 0xfe4e, 0xfe4e, 0xfe4e, 0xfe4f, 0xfe4f,
0xfe6f, 0xfe6f, 0xfe6f, 0xfe6f, 0xfe6f, 0xfe90, 0xfe90, 0xe5ee, 0xbcac, 0x9bab,
0xa3cb, 0xc4ac, 0x08c4, 0x08a5, 0x00a4, 0x60ad, 0x30a9, 0x00c4, 0x08c5, 0x08a5,
0x0085, 0x5a68, 0x8b6a, 0x834a, 0x834a, 0x834a, 0x834a, 0x834b, 0x7b2b, 0x7b2b,
0x7b2b, 0x7b2b, 0x6aeb, 0xcccc, 0x5a88, 0x0065, 0x08c5, 0x0884, 0x1aec, 0x23cf,
0x0906, 0x0084, 0x08c5, 0x08c5, 0x08c5, 0x08c5, 0x08c5, 0x08a5, 0x08c5, 0x00a5,
0x39c8, 0x5a8a, 0x5269, 0x5269, 0x5249, 0x4a49, 0x4a49, 0x4229, 0x4229, 0x4229,
0x4229, 0x3a09, 0x3a29, 0x29c9, 0x7b6b, 0x62a8, 0x0064, 0x08c5, 0x08a5, 0x08a5,
0x08c5, 0x08c5, 0x08a5, 0x1106, 0x21a9, 0x21a9, 0x2188, 0x21a9, 0x2188, 0x1988,
0x1989, 0x1988, 0x1988, 0x1988, 0x1968, 0x1968, 0x1968, 0x1968, 0x1168, 0x1168,
0x1168, 0x1168, 0x1168, 0x1168, 0x1148, 0x1148, 0x1148, 0x1148, 0x1148, 0x1148,
0x1148, 0x1148, 0x1148, 0x1148, 0x1148, 0x1148, 0x1148, 0x1148, 0x1148, 0x1148,
0x1148, 0x1148, 0x1148, 0x1148, 0x1148, 0x0948, 0x0928, 0x0928, 0x1128, 0x1148,

0x08e6, 0x08e6, 0x08e6, 0x08e6, 0x08e6, 0x08e6, 0x08e6, 0x08e6, 0x08e6, 0x08e6,
0x08e6, 0x08e6, 0x08e6, 0x08e6, 0x08e6, 0x08e6, 0x08e6, 0x08e6, 0x08e6, 0x08e6,
0x08e6, 0x08e6, 0x08e6, 0x08e6, 0x08e6, 0x08e6, 0x08e6, 0x08e6, 0x08e6, 0x08e6,
0x08e6, 0x08e6, 0x08e6, 0x08e6, 0x08e6, 0x08e6, 0x08e6, 0x08e6, 0x08e6, 0x08e6,
0x08e6, 0x08e6, 0x08e6, 0x08e6, 0x08e6, 0x08e6, 0x08e6, 0x08e6, 0x08e6, 0x08e6,
0x08e6, 0x08e6, 0x08e6, 0x08e6, 0x08e6, 0x08e6, 0x08e6, 0x08e6, 0x08e6, 0x08e6,
0x08e6, 0x08e6, 0x08e6, 0x08e6, 0x08e6, 0x08e6, 0x08e6, 0x08e6, 0x08e6, 0x08e6,
0x08e6, 0x08e6, 0x08e6, 0x08e6, 0x08e6, 0x08e6, 0x08e6, 0x08e6, 0x08e6, 0x08e6,
0x08e6, 0x08e6, 0x08e6, 0x08e6, 0x08e6, 0x08e6, 0x08e6, 0x08e6, 0x08e6, 0x08e6,
0x08e6, 0x08e6, 0x08e6, 0x08e6, 0x08e6, 0x08e6, 0x0906, 0x0906, 0x0906, 0x0906,
0x0906, 0x0906, 0x0906, 0x0907, 0x0907, 0x0907, 0x0907, 0x0907, 0x0907, 0x0907,
0x0907, 0x0907, 0x0907, 0x0907, 0x0907, 0x0907, 0x0907, 0x0907, 0x0907, 0x0907,
0x0907, 0x0927, 0x0907, 0x0907, 0x0927, 0x0927, 0x1127, 0x1127, 0x1127, 0x1127,
0x1127, 0x1127, 0x1127, 0x1127, 0x1127, 0x1127, 0x1127, 0x1147, 0x1147, 0x1147,
0x1147, 0x1147, 0x1147, 0x1147, 0x1947, 0x1947, 0x1968, 0x1968, 0x1968, 0x1968,
0x2168, 0x2188, 0x2188, 0x2188, 0x2188, 0x2988, 0x29a8, 0x29a8, 0x29c8, 0x31c8,
0x31c8, 0x31c8, 0x31e8, 0x3a09, 0x3a08, 0x3a08, 0x4208, 0x4229, 0x4229, 0x4a49,
0x4a49, 0x5269, 0x5269, 0x5a69, 0x5a89, 0x6289, 0x62a9, 0x6ac9, 0x72ea, 0x72ea,
0x7b09, 0x832a, 0x7ae9, 0xa3eb, 0xf60e, 0xfe2e, 0xfe2e, 0xfe2e, 0xfe2e, 0xfe2e,
0xfe4e, 0xfe4e, 0xfe4e, 0xfe4e, 0xfe4e, 0xfe4e, 0xfe6f, 0xd58e, 0xddae, 0xfe8f,
0xfe4f, 0xfe6f, 0xfe6f, 0xfe90, 0xfeb0, 0xee0f, 0xbcad, 0x9bab, 0x938a, 0x938b,
0xa3eb, 0xc4ac, 0x08c5, 0x08a5, 0x00a4, 0x58ad, 0x30a8, 0x00a4, 0x08a5, 0x08c5,
0x0084, 0x5a68, 0x8b6b, 0x7b4b, 0x834b, 0x834b, 0x7b2a, 0x7b2b, 0x7b2a, 0x7b2a,
0x7b2b, 0x7b2a, 0x6aca, 0xc4ac, 0x5a67, 0x0064, 0x08c5, 0x08c5, 0x08a4, 0x08a4,
0x08c5, 0x08c5, 0x08e5, 0x08c5, 0x08a5, 0x08c5, 0x08c5, 0x08c5, 0x08c5, 0x0084,
0x39c8, 0x62aa, 0x5269, 0x5269, 0x5269, 0x4a69, 0x4a49, 0x4a49, 0x4249, 0x4229,
0x4229, 0x3a29, 0x3a29, 0x29c9, 0x7b6b, 0x62a8, 0x0064, 0x08c5, 0x08a5, 0x08a5,
0x08a5, 0x08a5, 0x08c5, 0x08a5, 0x1127, 0x21c9, 0x21a9, 0x21a9, 0x21a8, 0x2189,
0x1988, 0x1989, 0x1988, 0x1988, 0x1968, 0x1968, 0x1968, 0x1168, 0x1168, 0x1168,
0x1168, 0x1168, 0x1168, 0x1168, 0x1148, 0x1148, 0x1148, 0x1148, 0x1148, 0x1148,
0x1148, 0x1148, 0x1148, 0x1148, 0x1148, 0x1148, 0x1148, 0x1148, 0x1148, 0x1148,
0x1148, 0x1148, 0x1148, 0x1148, 0x1148, 0x0948, 0x0928, 0x0948, 0x1148, 0x1148,

0x08e6, 0x08e6, 0x08e6, 0x08e6, 0x08e6, 0x08e6, 0x08e6, 0x08e6, 0x08e6, 0x08e6,
0x08e6, 0x08e6, 0x08e6, 0x08e6, 0x08e6, 0x08e6, 0x08e6, 0x08e6, 0x08e6, 0x08e6,
0x08e6, 0x08e6, 0x08e6, 0x08e6, 0x08e6, 0x08e6, 0x08e6, 0x08e6, 0x08e6, 0x08e6,
0x08e6, 0x08e6, 0x08e6, 0x08e6, 0x08e6, 0x08e6, 0x08e6, 0x08e6, 0x08e6, 0x08e6,
0x08e6, 0x08e6, 0x08e6, 0x08e6, 0x08e6, 0x08e6, 0x08e6, 0x08e6, 0x08e6, 0x08e6,
0x08e6, 0x08e6, 0x08e6, 0x08e6, 0x08e6, 0x08e6, 0x08e6, 0x08e6, 0x08e6, 0x08e6,
0x08e6, 0x08e6, 0x08e6, 0x08e6, 0x08e6, 0x08e6, 0x08e6, 0x08e6, 0x08e6, 0x08e6,
0x08e6, 0x08e6, 0x08e6, 0x08e6, 0x08e6, 0x08e6, 0x08e6, 0x08e6, 0x08e6, 0x08e6,
0x08e6, 0x08e6, 0x08e6, 0x08e6, 0x08e6, 0x08e6, 0x08e6, 0x08e6, 0x08e6, 0x08e6,
0x08e6, 0x08e6, 0x08e6, 0x0906, 0x0906, 0x08e6, 0x08e6, 0x0906, 0x0906, 0x0906,
0x0906, 0x0906, 0x0906, 0x0907, 0x0907, 0x0907, 0x0907, 0x0907, 0x0907, 0x0907,
0x0907, 0x0907, 0x0907, 0x0907, 0x0907, 0x0907, 0x0907, 0x0907, 0x0907, 0x0907,
0x0927, 0x0907, 0x0907, 0x0927, 0x0927, 0x0927, 0x1127, 0x1127, 0x1127, 0x1127,
0x1127, 0x1127, 0x1127, 0x1127, 0x1127, 0x1127, 0x1127, 0x1147, 0x1147, 0x1147,
0x1147, 0x1147, 0x1947, 0x1947, 0x1967, 0x1968, 0x1968, 0x1968, 0x1968, 0x1968,
0x2168, 0x2188, 0x2188, 0x2188, 0x2188, 0x29a8, 0x29a8, 0x29a8, 0x31c8, 0x31c8,
0x31c8, 0x31e8, 0x39e8, 0x3a09, 0x3a09, 0x4209, 0x4229, 0x4229, 0x4a49, 0x4a49,
0x5269, 0x5269, 0x5a69, 0x5a89, 0x6289, 0x62a9, 0x6ac9, 0x6ae9, 0x730a, 0x7b09,
0x7b2a, 0x72e9, 0xac2b, 0xfe2e, 0xfe2e, 0xfe0e, 0xfe2e, 0xfe2e, 0xfe2e, 0xfe2e,
0xfe4e, 0xfe4e, 0xfe4e, 0xfe4e, 0xfe4f, 0xfe4e, 0xfe8f, 0xc54d, 0xcd6d, 0xfeaf,
0xfe4f, 0xfe6f, 0xfeb0, 0xf650, 0xc4ed, 0x9bcb, 0x938b, 0x9bab, 0x9bab, 0x938b,
0xa3cb, 0xc4ac, 0x08c5, 0x08a5, 0x00a4, 0x58ac, 0x30a8, 0x00a4, 0x08a5, 0x08c5,
0x0085, 0x5a68, 0x8b6b, 0x7b4b, 0x7b2b, 0x834b, 0x7b2a, 0x7b2b, 0x7b2a, 0x7b2b,
0x730b, 0x730a, 0x62ca, 0xc48b, 0x5a47, 0x0044, 0x0864, 0x0023, 0x0843, 0x0023,
0x0023, 0x0064, 0x00a4, 0x0064, 0x0084, 0x08c5, 0x0064, 0x0085, 0x08a5, 0x0085,
0x39c8, 0x6aea, 0x5a89, 0x5a69, 0x5269, 0x5269, 0x4a6a, 0x4a4a, 0x4a4a, 0x4229,
0x4229, 0x4229, 0x4229, 0x31c9, 0x7b4b, 0x62a8, 0x0064, 0x08c5, 0x08a5, 0x08a5,
0x08a5, 0x08c5, 0x08c5, 0x08a5, 0x10e6, 0x21a9, 0x21a9, 0x21a9, 0x21a9, 0x2189,
0x2189, 0x1988, 0x1988, 0x1988, 0x1968, 0x1968, 0x1968, 0x1968, 0x1168, 0x1168,
0x1168, 0x1168, 0x1168, 0x1148, 0x1168, 0x1148, 0x1148, 0x1168, 0x1148, 0x1148,
0x1148, 0x1148, 0x1148, 0x1148, 0x1148, 0x1148, 0x1148, 0x1148, 0x1148, 0x1148,
0x1148, 0x1148, 0x1148, 0x1148, 0x1148, 0x1148, 0x1148, 0x1148, 0x1148, 0x1148,

0x08e6, 0x08e6, 0x08e6, 0x08e6, 0x08e6, 0x08e6, 0x08e6, 0x08e6, 0x08e6, 0x08e6,
0x08e6, 0x08e6, 0x08e6, 0x08e6, 0x08e6, 0x08e6, 0x08e6, 0x08e6, 0x08e6, 0x08e6,
0x08e6, 0x08e6, 0x08e6, 0x08e6, 0x08e6, 0x08e6, 0x08e6, 0x08e6, 0x08e6, 0x08e6,
0x08e6, 0x08e6, 0x08e6, 0x08e6, 0x08e6, 0x08e6, 0x08e6, 0x08e6, 0x08e6, 0x08e6,
0x08e6, 0x08e6, 0x08e6, 0x08e6, 0x08e6, 0x08e6, 0x08e6, 0x08e6, 0x08e6, 0x08e6,
0x08e6, 0x08e6, 0x08e6, 0x08e6, 0x08e6, 0x08e6, 0x08e6, 0x08e6, 0x08e6, 0x08e6,
0x08e6, 0x08e6, 0x08e6, 0x08e6, 0x08e6, 0x08e6, 0x08e6, 0x08e6, 0x08e6, 0x08e6,
0x08e6, 0x08e6, 0x08e6, 0x08e6, 0x08e6, 0x08e6, 0x08e6, 0x08e6, 0x08e6, 0x08e6,
0x08e6, 0x08e6, 0x08e6, 0x08e6, 0x08e6, 0x08e6, 0x08e6, 0x08e6, 0x08e6, 0x08e6,
0x08e6, 0x08e6, 0x08e6, 0x08e6, 0x0906, 0x0906, 0x0906, 0x0906, 0x0906, 0x0906,
0x0906, 0x0907, 0x0907, 0x0907, 0x0907, 0x0907, 0x0907, 0x0907, 0x0907, 0x0907,
0x0907, 0x0907, 0x0907, 0x0907, 0x0907, 0x0907, 0x0907, 0x0907, 0x0907, 0x0907,
0x0927, 0x0927, 0x0907, 0x0927, 0x0927, 0x1127, 0x1127, 0x1127, 0x1127, 0x1127,
0x1127, 0x1127, 0x1127, 0x1127, 0x1127, 0x1127, 0x1127, 0x1147, 0x1147, 0x1147,
0x1147, 0x1147, 0x1947, 0x1947, 0x1968, 0x1967, 0x1968, 0x1968, 0x1968, 0x2168,
0x2188, 0x2188, 0x2188, 0x2188, 0x29a8, 0x29a8, 0x29a8, 0x29c8, 0x31c8, 0x31c8,
0x31e8, 0x39e9, 0x39e8, 0x4229, 0x4209, 0x4209, 0x4229, 0x4a29, 0x4a49, 0x5249,
0x5269, 0x5a69, 0x5a89, 0x6289, 0x62a9, 0x6ac9, 0x6ac9, 0x72ea, 0x7b0a, 0x832a,
0x7ae9, 0xac2b, 0xfe4e, 0xfe2e, 0xfe0e, 0xfe2e, 0xfe2e, 0xfe2e, 0xfe2e, 0xfe4e,
0xfe4e, 0xfe4e, 0xfe4e, 0xfe4f, 0xfe4f, 0xfe4f, 0xfe8f, 0xc54d, 0xd56d, 0xfe8f,
0xfe6f, 0xfe8f, 0xdd8e, 0xa40b, 0x9baa, 0x9bcb, 0x9bab, 0x9bab, 0x93ab, 0x938b,
0xa3eb, 0xc4cc, 0x08c5, 0x08a5, 0x00a4, 0x50ac, 0x28a8, 0x00a4, 0x08a5, 0x08a5,
0x0085, 0x5a69, 0x8b6b, 0x7b2b, 0x7b2a, 0x7b4b, 0x7b2b, 0x7b2b, 0x7b2b, 0x730b,
0x730a, 0x730b, 0x62aa, 0xc46b, 0x5246, 0x0023, 0x0aab, 0x0c31, 0x0bf0, 0x0bd0,
0x0c11, 0x0a09, 0x0967, 0x0a4a, 0x0947, 0x08e6, 0x0acc, 0x09c9, 0x09a9, 0x0085,
0x41e8, 0x62ca, 0x5a8a, 0x5a89, 0x5a89, 0x5269, 0x526a, 0x4a6a, 0x4a49, 0x4a49,
0x424a, 0x4229, 0x4229, 0x31e9, 0x7b4b, 0x5aa8, 0x0064, 0x08c5, 0x08c5, 0x08a5,
0x08c5, 0x08c5, 0x08c5, 0x08a5, 0x1106, 0x21c9, 0x21a9, 0x21a9, 0x21a9, 0x21a9,
0x21a9, 0x1989, 0x1989, 0x1989, 0x1988, 0x1988, 0x1988, 0x1968, 0x1968, 0x1168,
0x1168, 0x1168, 0x1168, 0x1168, 0x1168, 0x1168, 0x1168, 0x1168, 0x1148, 0x1148,
0x1168, 0x1148, 0x1148, 0x1148, 0x1148, 0x1148, 0x1148, 0x1148, 0x1148, 0x1148,
0x1148, 0x1148, 0x1148, 0x1148, 0x1148, 0x1148, 0x1148, 0x1148, 0x0948, 0x1148,

0x08e6, 0x08e6, 0x08e6, 0x08e6, 0x08e6, 0x08e6, 0x08e6, 0x08e6, 0x08e6, 0x08e6,
0x08e6, 0x08e6, 0x08e6, 0x08e6, 0x08e6, 0x08e6, 0x08e6, 0x08e6, 0x08e6, 0x08e6,
0x08e6, 0x08e6, 0x08e6, 0x08e6, 0x08e6, 0x08e6, 0x08e6, 0x08e6, 0x08e6, 0x08e6,
0x08e6, 0x08e6, 0x08e6, 0x08e6, 0x08e6, 0x08e6, 0x08e6, 0x08e6, 0x08e6, 0x08e6,
0x08e6, 0x08e6, 0x08e6, 0x08e6, 0x08e6, 0x08e6, 0x08e6, 0x08e6, 0x08e6, 0x08e6,
0x08e6, 0x08e6, 0x08e6, 0x08e6, 0x08e6, 0x08e6, 0x08e6, 0x08e6, 0x08e6, 0x08e6,
0x08e6, 0x08e6, 0x08e6, 0x08e6, 0x08e6, 0x08e6, 0x08e6, 0x08e6, 0x08e6, 0x08e6,
0x08e6, 0x08e6, 0x08e6, 0x08e6, 0x08e6, 0x08e6, 0x08e6, 0x08e6, 0x08e6, 0x08e6,
0x08e6, 0x08e6, 0x08e6, 0x08e6, 0x08e6, 0x08e6, 0x08e6, 0x08e6, 0x08e6, 0x08e6,
0x08e6, 0x0906, 0x08e6, 0x08e6, 0x0906, 0x0906, 0x0906, 0x0906, 0x0906, 0x0906,
0x0907, 0x0907, 0x0907, 0x0907, 0x0907, 0x0907, 0x0907, 0x0907, 0x0907, 0x0907,
0x0907, 0x0907, 0x0907, 0x0907, 0x0907, 0x0907, 0x0907, 0x0907, 0x0907, 0x0907,
0x0927, 0x0927, 0x1127, 0x1127, 0x0927, 0x1127, 0x1127, 0x1127, 0x1127, 0x1127,
0x1127, 0x1127, 0x1127, 0x1127, 0x1147, 0x1147, 0x1147, 0x1147, 0x1147, 0x1147,
0x1147, 0x1147, 0x1148, 0x1948, 0x1968, 0x1968, 0x1968, 0x1968, 0x1968, 0x2188,
0x2188, 0x2188, 0x2188, 0x2988, 0x29a8, 0x29a8, 0x29c8, 0x31c8, 0x31c8, 0x31e8,
0x39e8, 0x39e9, 0x3a08, 0x4229, 0x4229, 0x4229, 0x4a29, 0x4a49, 0x4a69, 0x5269,
0x5269, 0x5a89, 0x6289, 0x62a9, 0x6ac9, 0x6aca, 0x72ea, 0x72ea, 0x7b2a, 0x7ae9,
0xac2b, 0xfe4e, 0xfe2e, 0xfe2e, 0xfe2e, 0xfe2e, 0xfe2e, 0xfe2e, 0xfe2e, 0xfe4e,
0xfe4e, 0xfe4f, 0xfe4f, 0xfe6f, 0xfe6f, 0xfe4f, 0xfeaf, 0xc54d, 0xcd6d, 0xfeaf,
0xfe6f, 0xc4cc, 0x938a, 0x9bab, 0x9bcb, 0x9bab, 0x93ab, 0x93ab, 0x93ab, 0x8b8b,
0xa3eb, 0xc4ac, 0x08a5, 0x08a5, 0x00a3, 0x50ab, 0x28a8, 0x00a4, 0x08a5, 0x08c5,
0x0085, 0x5a69, 0x834b, 0x7b2b, 0x7b2b, 0x7b2b, 0x7b2b, 0x730b, 0x730b, 0x730b,
0x730a, 0x730a, 0x62aa, 0xc46b, 0x5246, 0x0023, 0x0a29, 0x0b4e, 0x0b0d, 0x0b0d,
0x132e, 0x09a9, 0x0967, 0x0a09, 0x0926, 0x08e5, 0x0a6a, 0x09a8, 0x0988, 0x0084,
0x4208, 0x6aea, 0x5aaa, 0x5aaa, 0x5a89, 0x528a, 0x528a, 0x526a, 0x4a6a, 0x4a6a,
0x4a4a, 0x4249, 0x4249, 0x31e9, 0x7b4b, 0x5a87, 0x0064, 0x08c5, 0x08a5, 0x08a5,
0x08c5, 0x08c5, 0x08c5, 0x08a5, 0x10e6, 0x29c9, 0x21a9, 0x21a9, 0x21a9, 0x21a9,
0x21a9, 0x1989, 0x1988, 0x1989, 0x1989, 0x1988, 0x1988, 0x1968, 0x1968, 0x1168,
0x1168, 0x1168, 0x1168, 0x1168, 0x1168, 0x1168, 0x1168, 0x1168, 0x1168, 0x1168,
0x1148, 0x1148, 0x1148, 0x1148, 0x1148, 0x1148, 0x1148, 0x1148, 0x1148, 0x1148,
0x1148, 0x1148, 0x1148, 0x1148, 0x1148, 0x1148, 0x1148, 0x1148, 0x1148, 0x1148,

0x08e6, 0x08e6, 0x08e6, 0x08e6, 0x08e6, 0x08e6, 0x08e6, 0x08e6, 0x08e6, 0x08e6,
0x08e6, 0x08e6, 0x08e6, 0x08e6, 0x08e6, 0x08e6, 0x08e6, 0x08e6, 0x08e6, 0x08e6,
0x08e6, 0x08e6, 0x08e6, 0x08e6, 0x08e6, 0x08e6, 0x08e6, 0x08e6, 0x08e6, 0x08e6,
0x08e6, 0x08e6, 0x08e6, 0x08e6, 0x08e6, 0x08e6, 0x08e6, 0x08e6, 0x08e6, 0x08e6,
0x08e6, 0x08e6, 0x08e6, 0x08e6, 0x08e6, 0x08e6, 0x08e6, 0x08e6, 0x08e6, 0x08e6,
0x08e6, 0x08e6, 0x08e6, 0x08e6, 0x08e6, 0x08e6, 0x08e6, 0x08e6, 0x08e6, 0x08e6,
0x08e6, 0x08e6, 0x08e6, 0x08e6, 0x08e6, 0x08e6, 0x08e6, 0x08e6, 0x08e6, 0x08e6,
0x08e6, 0x08e6, 0x08e6, 0x08e6, 0x08e6, 0x08e6, 0x08e6, 0x08e6, 0x08e6, 0x08e6,
0x08e6, 0x08e6, 0x08e6, 0x08e6, 0x08e6, 0x08e6, 0x08e6, 0x08e6, 0x08e6, 0x08e6,
0x08e6, 0x08e6, 0x0906, 0x0906, 0x0906, 0x0906, 0x0906, 0x0906, 0x0906, 0x0907,
0x0907, 0x0907, 0x0907, 0x0907, 0x0907, 0x0907, 0x0907, 0x0907, 0x0907, 0x0907,
0x0907, 0x0907, 0x0907, 0x0907, 0x0907, 0x0907, 0x0927, 0x0907, 0x0927, 0x0927,
0x0927, 0x0927, 0x0927, 0x0927, 0x0927, 0x1127, 0x1127, 0x1127, 0x1127, 0x1127,
0x1127, 0x1127, 0x1127, 0x1127, 0x1147, 0x1147, 0x1147, 0x1147, 0x1147, 0x1147,
0x1147, 0x1147, 0x1968, 0x1968, 0x1968, 0x1968, 0x1968, 0x1988, 0x2168, 0x2188,
0x2188, 0x2188, 0x21a8, 0x29a8, 0x29a8, 0x29c8, 0x31c8, 0x31e9, 0x31c8, 0x31e8,
0x39e8, 0x3a09, 0x3a09, 0x4229, 0x4229, 0x4249, 0x4a49, 0x4a49, 0x5269, 0x5269,
0x5a89, 0x6289, 0x62a9, 0x6aa9, 0x6ac9, 0x72ea, 0x7b0a, 0x7b2a, 0x7b09, 0x9beb,
0xfe2e, 0xfe2d, 0xfe2e, 0xfe2e, 0xfe2e, 0xfe2e, 0xfe2e, 0xfe2e, 0xfe4e, 0xfe4e,
0xfe4f, 0xfe4f, 0xfe6f, 0xfe6f, 0xfe6f, 0xfe6f, 0xfeb0, 0xcd4d, 0xd5ad, 0xf64e,
0xac0b, 0x936a, 0x9bcb, 0x9bab, 0x93aa, 0x93ab, 0x93ab, 0x938b, 0x93ab, 0x8b6b,
0x9bcb, 0xc4cc, 0x08c5, 0x08a5, 0x00a3, 0x50ac, 0x28a8, 0x00a4, 0x08a5, 0x08c5,
0x0085, 0x5269, 0x834b, 0x730b, 0x7b2b, 0x732b, 0x730b, 0x730b, 0x730b, 0x730b,
0x730a, 0x730a, 0x62aa, 0xc46b, 0x5247, 0x0023, 0x12ab, 0x1c72, 0x1188, 0x0803,
0x0844, 0x0884, 0x0884, 0x0063, 0x0084, 0x08a4, 0x0043, 0x0064, 0x0884, 0x0084,
0x41e8, 0x6aca, 0x62aa, 0x62aa, 0x5aaa, 0x5a8a, 0x5aaa, 0x528a, 0x526a, 0x4a6a,
0x4a6a, 0x4a49, 0x4249, 0x31e9, 0x7b4b, 0x5a88, 0x0064, 0x08c5, 0x08c5, 0x08c5,
0x08c5, 0x08c5, 0x08c5, 0x08c5, 0x10e6, 0x29c9, 0x21c9, 0x21a9, 0x21a9, 0x21a9,
0x21a9, 0x21a9, 0x21a9, 0x1989, 0x1989, 0x1989, 0x1988, 0x1968, 0x1968, 0x1988,
0x1968, 0x1168, 0x1168, 0x1168, 0x1168, 0x1168, 0x1168, 0x1168, 0x1168, 0x1168,
0x1168, 0x1148, 0x1168, 0x1148, 0x1148, 0x1148, 0x1148, 0x1148, 0x1148, 0x1148,
0x1148, 0x1148, 0x1148, 0x1148, 0x1148, 0x1148, 0x1148, 0x1148, 0x1148, 0x1148,

0x08e6, 0x08e6, 0x08e6, 0x08e6, 0x08e6, 0x08e6, 0x08e6, 0x08e6, 0x08e6, 0x08e6,
0x08e6, 0x08e6, 0x08e6, 0x08e6, 0x08e6, 0x08e6, 0x08e6, 0x08e6, 0x08e6, 0x08e6,
0x08e6, 0x08e6, 0x08e6, 0x08e6, 0x08e6, 0x08e6, 0x08e6, 0x08e6, 0x08e6, 0x08e6,
0x08e6, 0x08e6, 0x08e6, 0x08e6, 0x08e6, 0x08e6, 0x08e6, 0x08e6, 0x08e6, 0x08e6,
0x08e6, 0x08e6, 0x08e6, 0x08e6, 0x08e6, 0x08e6, 0x08e6, 0x08e6, 0x08e6, 0x08e6,
0x08e6, 0x08e6, 0x08e6, 0x08e6, 0x08e6, 0x08e6, 0x08e6, 0x08e6, 0x08e6, 0x08e6,
0x08e6, 0x08e6, 0x08e6, 0x08e6, 0x08e6, 0x08e6, 0x08e6, 0x08e6, 0x08e6, 0x08e6,
0x08e6, 0x08e6, 0x08e6, 0x08e6, 0x08e6, 0x08e6, 0x08e6, 0x08e6, 0x08e6, 0x08e6,
0x08e6, 0x08e6, 0x08e6, 0x08e6, 0x08e6, 0x08e6, 0x08e6, 0x08e6, 0x08e6, 0x08e6,
0x08e6, 0x08e6, 0x0906, 0x0906, 0x0906, 0x0906, 0x0906, 0x0906, 0x0907, 0x0907,
0x0907, 0x0907, 0x0907, 0x0907, 0x0907, 0x0907, 0x0907, 0x0907, 0x0907, 0x0907,
0x0907, 0x0907, 0x0907, 0x0907, 0x0907, 0x0907, 0x0907, 0x0907, 0x0927, 0x0927,
0x0927, 0x0927, 0x0927, 0x0927, 0x1127, 0x1127, 0x1127, 0x1127, 0x1127, 0x1127,
0x1127, 0x1127, 0x1127, 0x1127, 0x1147, 0x1147, 0x1147, 0x1147, 0x1148, 0x1147,
0x1147, 0x1147, 0x1968, 0x1968, 0x1968, 0x1968, 0x1988, 0x2188, 0x2188, 0x2188,
0x2188, 0x2188, 0x29a8, 0x29a8, 0x29a8, 0x29c9, 0x31c8, 0x31c8, 0x31e8, 0x39e8,
0x39e9, 0x3a09, 0x4209, 0x4229, 0x4229, 0x4a49, 0x4a49, 0x5269, 0x5269, 0x5a89,
0x5a89, 0x62a9, 0x6aa9, 0x6ac9, 0x72e9, 0x72ea, 0x7b2a, 0x7b0a, 0x93aa, 0xf60e,
0xfe2e, 0xfe2e, 0xfe2e, 0xfe2e, 0xfe2e, 0xfe2e, 0xfe4e, 0xfe4e, 0xfe4e, 0xfe4e,
0xfe6f, 0xfe4f, 0xfe6f, 0xfe6f, 0xfe6f, 0xfe6f, 0xfeb0, 0xcd6e, 0xbccc, 0xac0b,
0x936a, 0x9bcb, 0x9bcb, 0x93ab, 0x938b, 0x938b, 0x938b, 0x938b, 0x8b8b, 0x834b,
0xac2c, 0xd4ec, 0x08a5, 0x08a5, 0x00a3, 0x50ac, 0x28a8, 0x00a4, 0x08a5, 0x08c5,
0x0085, 0x5249, 0x7b4b, 0x730b, 0x730a, 0x730b, 0x730b, 0x730b, 0x730b, 0x730a,
0x6aea, 0x6aeb, 0x5aaa, 0xbc6c, 0x5247, 0x0064, 0x08c5, 0x08e6, 0x08e6, 0x08e6,
0x08c5, 0x08c5, 0x08c5, 0x08c5, 0x08a4, 0x08a5, 0x08c5, 0x08c5, 0x08c5, 0x0064,
0x6b09, 0x7b4a, 0x5a8a, 0x62ca, 0x62aa, 0x5a8a, 0x5a8a, 0x528a, 0x528a, 0x526a,
0x4a6a, 0x4a4a, 0x4a49, 0x31e9, 0x7b6b, 0x5a88, 0x0064, 0x08c5, 0x08a5, 0x08c5,
0x00c5, 0x00c5, 0x00c4, 0x00a4, 0x10e6, 0x29c9, 0x21c9, 0x21c9, 0x21a9, 0x21c9,
0x21a9, 0x21a9, 0x21a9, 0x19a9, 0x1989, 0x1989, 0x1989, 0x1988, 0x1989, 0x1968,
0x1968, 0x1168, 0x1168, 0x1168, 0x1989, 0x1168, 0x1168, 0x1168, 0x1168, 0x1168,
0x1168, 0x1168, 0x1168, 0x1148, 0x1148, 0x1148, 0x1168, 0x1148, 0x1148, 0x1148,
0x1148, 0x1148, 0x1148, 0x1148, 0x1148, 0x1148, 0x1148, 0x1148, 0x1148, 0x1148,

0x08e6, 0x08e6, 0x08e6, 0x08e6, 0x08e6, 0x08e6, 0x08e6, 0x08e6, 0x08e6, 0x08e6,
0x08e6, 0x08e6, 0x08e6, 0x08e6, 0x08e6, 0x08e6, 0x08e6, 0x08e6, 0x08e6, 0x08e6,
0x08e6, 0x08e6, 0x08e6, 0x08e6, 0x08e6, 0x08e6, 0x08e6, 0x08e6, 0x08e6, 0x08e6,
0x08e6, 0x08e6, 0x08e6, 0x08e6, 0x08e6, 0x08e6, 0x08e6, 0x08e6, 0x08e6, 0x08e6,
0x08e6, 0x08e6, 0x08e6, 0x08e6, 0x08e6, 0x08e6, 0x08e6, 0x08e6, 0x08e6, 0x08e6,
0x08e6, 0x08e6, 0x08e6, 0x08e6, 0x08e6, 0x08e6, 0x08e6, 0x08e6, 0x08e6, 0x08e6,
0x08e6, 0x08e6, 0x08e6, 0x08e6, 0x08e6, 0x08e6, 0x08e6, 0x08e6, 0x08e6, 0x08e6,
0x08e6, 0x08e6, 0x08e6, 0x08e6, 0x08e6, 0x08e6, 0x08e6, 0x08e6, 0x08e6, 0x08e6,
0x08e6, 0x08e6, 0x08e6, 0x08e6, 0x08e6, 0x08e6, 0x08e6, 0x08e6, 0x08e6, 0x08e6,
0x08e6, 0x0906, 0x0906, 0x0906, 0x0906, 0x0906, 0x0906, 0x0907, 0x0907, 0x0907,
0x0907, 0x0907, 0x0907, 0x0907, 0x0907, 0x0907, 0x0907, 0x0907, 0x0907, 0x0907,
0x0907, 0x0907, 0x0907, 0x0907, 0x0907, 0x0927, 0x0907, 0x0927, 0x0927, 0x0927,
0x0927, 0x0927, 0x1127, 0x1127, 0x0927, 0x1127, 0x1127, 0x1127, 0x1127, 0x1127,
0x1127, 0x1127, 0x1127, 0x1147, 0x1147, 0x1147, 0x1147, 0x1147, 0x1147, 0x1147,
0x1147, 0x1948, 0x1968, 0x1968, 0x1968, 0x1968, 0x1988, 0x2188, 0x2188, 0x2188,
0x2188, 0x29a8, 0x29a8, 0x29a8, 0x29a8, 0x29c8, 0x31c8, 0x31e9, 0x31e9, 0x39e9,
0x3a09, 0x3a09, 0x4229, 0x4229, 0x4a29, 0x4a49, 0x4a49, 0x5269, 0x5a89, 0x5a89,
0x62a9, 0x6aa9, 0x6ac9, 0x72ea, 0x72ea, 0x7b0a, 0x832a, 0x834a, 0xe5ad, 0xfe4e,
0xfe2e, 0xfe2e, 0xfe2e, 0xfe2e, 0xfe2e, 0xfe4e, 0xfe4e, 0xfe4e, 0xfe4f, 0xfe4f,
0xfe6f, 0xfe6f, 0xfe6f, 0xfe6f, 0xfe70, 0xfe70, 0xfef1, 0xbced, 0x7b09, 0xa3cb,
0x9bab, 0x9baa, 0x9bab, 0x938b, 0x938b, 0x936a, 0x8b6a, 0x8b6b, 0x836b, 0x8b8c,
0xe56e, 0x5248, 0x0085, 0x08c5, 0x00a4, 0x50ac, 0x28c8, 0x00a4, 0x08a5, 0x08a5,
0x0085, 0x5249, 0x7b4b, 0x732b, 0x730b, 0x730b, 0x730b, 0x6b0b, 0x6aeb, 0x6aea,
0x6aeb, 0x6b0b, 0x5aaa, 0xbc8c, 0x5247, 0x0064, 0x08c5, 0x00a4, 0x08c5, 0x00c4,
0x00c5, 0x08c5, 0x08c5, 0x00a3, 0x00a4, 0x00a3, 0x0084, 0x0043, 0x0084, 0x0084,
0x4a28, 0x9c2b, 0x62ea, 0x62ca, 0x62aa, 0x5aaa, 0x5a8a, 0x5aaa, 0x528a, 0x528a,
0x528a, 0x4a6a, 0x4a6a, 0x3a09, 0x7b6b, 0x5a88, 0x0064, 0x08c5, 0x08a5, 0x00c4,
0x28c9, 0x30e9, 0x40ca, 0x28a8, 0x08e5, 0x29c9, 0x21c9, 0x21c9, 0x21c9, 0x21c9,
0x21a9, 0x21a9, 0x21a9, 0x21a9, 0x19a9, 0x1989, 0x1989, 0x1989, 0x1988, 0x1988,
0x1989, 0x1168, 0x1168, 0x1168, 0x1168, 0x1168, 0x1168, 0x1168, 0x1168, 0x1168,
0x1168, 0x1168, 0x1168, 0x1148, 0x1148, 0x1148, 0x1148, 0x1148, 0x1148, 0x1148,
0x1148, 0x1148, 0x1148, 0x1148, 0x1148, 0x1148, 0x1148, 0x1148, 0x1148, 0x1148,

0x08e6, 0x08e6, 0x08e6, 0x08e6, 0x08e6, 0x08e6, 0x08e6, 0x08e6, 0x08e6, 0x08e6,
0x08e6, 0x08e6, 0x08e6, 0x08e6, 0x08e6, 0x08e6, 0x08e6, 0x08e6, 0x08e6, 0x08e6,
0x08e6, 0x08e6, 0x08e6, 0x08e6, 0x08e6, 0x08e6, 0x08e6, 0x08e6, 0x08e6, 0x08e6,
0x08e6, 0x08e6, 0x08e6, 0x08e6, 0x08e6, 0x08e6, 0x08e6, 0x08e6, 0x08e6, 0x08e6,
0x08e6, 0x08e6, 0x08e6, 0x08e6, 0x08e6, 0x08e6, 0x08e6, 0x08e6, 0x08e6, 0x08e6,
0x08e6, 0x08e6, 0x08e6, 0x08e6, 0x08e6, 0x08e6, 0x08e6, 0x08e6, 0x08e6, 0x08e6,
0x08e6, 0x08e6, 0x08e6, 0x08e6, 0x08e6, 0x08e6, 0x08e6, 0x08e6, 0x08e6, 0x08e6,
0x08e6, 0x08e6, 0x08e6, 0x08e6, 0x08e6, 0x08e6, 0x08e6, 0x08e6, 0x08e6, 0x08e6,
0x08e6, 0x08e6, 0x08e6, 0x08e6, 0x08e6, 0x08e6, 0x08e6, 0x08e6, 0x08e6, 0x0906,
0x08e6, 0x0906, 0x0906, 0x0906, 0x0906, 0x0906, 0x0907, 0x0907, 0x0907, 0x0907,
0x0907, 0x0907, 0x0907, 0x0907, 0x0907, 0x0907, 0x0907, 0x0907, 0x0907, 0x0907,
0x0907, 0x0907, 0x0907, 0x0907, 0x0927, 0x0927, 0x0927, 0x0927, 0x0927, 0x0927,
0x0927, 0x0927, 0x0927, 0x0927, 0x1127, 0x1127, 0x1127, 0x1127, 0x1127, 0x1127,
0x1127, 0x1147, 0x1147, 0x1147, 0x1147, 0x1147, 0x1147, 0x1147, 0x1147, 0x1167,
0x1968, 0x1968, 0x1968, 0x1968, 0x1968, 0x1968, 0x2188, 0x2188, 0x2188, 0x2188,
0x21a8, 0x29a8, 0x29a8, 0x29a8, 0x29c8, 0x31c8, 0x31c8, 0x31e9, 0x39e9, 0x39e9,
0x3a09, 0x4209, 0x4229, 0x4249, 0x4a49, 0x4a49, 0x528a, 0x5289, 0x5a89, 0x62a9,
0x62a9, 0x6ac9, 0x72c9, 0x72ea, 0x7b0a, 0x832a, 0x7b0a, 0xd52d, 0xfe4e, 0xfe2e,
0xfe2e, 0xfe2e, 0xfe2e, 0xfe4e, 0xfe2e, 0xfe4e, 0xfe4e, 0xfe4f, 0xfe4f, 0xfe4f,
0xfe6f, 0xfe6f, 0xfe6f, 0xfe6f, 0xfe70, 0xfed0, 0xe5ef, 0x834a, 0x834a, 0xa3eb,
0x9bab, 0x938a, 0x93ab, 0x938b, 0x8b6b, 0x8b6a, 0x8b6b, 0x834b, 0x836b, 0xdd4e,
0x62c9, 0x0065, 0x08c5, 0x08c5, 0x00a4, 0x50ac, 0x28a8, 0x00a4, 0x08a5, 0x08c5,
0x0085, 0x5249, 0x732b, 0x6aeb, 0x6b0b, 0x6b0b, 0x6aeb, 0x6aeb, 0x6aeb, 0x6aeb,
0x6aeb, 0x6aeb, 0x5aaa, 0xbc8c, 0x5248, 0x0065, 0x10c6, 0x40ca, 0x00a4, 0x60ee,
0x20c8, 0x00c4, 0x18c7, 0x7911, 0x28c8, 0x406b, 0x1126, 0x3aec, 0x19a8, 0x0063,
0x39e8, 0x730b, 0x7b8b, 0x62ca, 0x62ca, 0x62ca, 0x5aaa, 0x5aaa, 0x528a, 0x5aab,
0x528a, 0x4a6a, 0x4a6a, 0x3a2a, 0x7b6b, 0x5a88, 0x0064, 0x08c5, 0x08c5, 0x00a4,
0x1866, 0x20a7, 0x2086, 0x1085, 0x08e5, 0x29c9, 0x29c9, 0x29c9, 0x21c9, 0x21c9,
0x21a9, 0x21a9, 0x21a9, 0x21a9, 0x19a9, 0x1989, 0x1989, 0x1989, 0x1989, 0x1988,
0x1988, 0x1188, 0x1169, 0x1168, 0x1168, 0x1168, 0x1168, 0x1168, 0x1168, 0x1168,
0x1168, 0x1168, 0x1168, 0x1168, 0x1168, 0x1148, 0x1168, 0x1148, 0x1148, 0x1148,
0x1168, 0x1148, 0x1148, 0x1148, 0x1148, 0x1148, 0x1148, 0x1148, 0x1148, 0x1168,

0x08e6, 0x08e6, 0x08e6, 0x08e6, 0x08e6, 0x08e6, 0x08e6, 0x08e6, 0x08e6, 0x08e6,
0x08e6, 0x08e6, 0x08e6, 0x08e6, 0x08e6, 0x08e6, 0x08e6, 0x08e6, 0x08e6, 0x08e6,
0x08e6, 0x08e6, 0x08e6, 0x08e6, 0x08e6, 0x08e6, 0x08e6, 0x08e6, 0x08e6, 0x08e6,
0x08e6, 0x08e6, 0x08e6, 0x08e6, 0x08e6, 0x08e6, 0x08e6, 0x08e6, 0x08e6, 0x08e6,
0x08e6, 0x08e6, 0x08e6, 0x08e6, 0x08e6, 0x08e6, 0x08e6, 0x08e6, 0x08e6, 0x08e6,
0x08e6, 0x08e6, 0x08e6, 0x08e6, 0x08e6, 0x08e6, 0x08e6, 0x08e6, 0x08e6, 0x08e6,
0x08e6, 0x08e6, 0x08e6, 0x08e6, 0x08e6, 0x08e6, 0x08e6, 0x08e6, 0x08e6, 0x08e6,
0x08e6, 0x08e6, 0x08e6, 0x08e6, 0x08e6, 0x08e6, 0x08e6, 0x08e6, 0x08e6, 0x08e6,
0x08e6, 0x08e6, 0x08e6, 0x08e6, 0x08e6, 0x08e6, 0x08e6, 0x08e6, 0x08e6, 0x0906,
0x08e6, 0x08e6, 0x0906, 0x0906, 0x0906, 0x0907, 0x0907, 0x0907, 0x0907, 0x0907,
0x0907, 0x0907, 0x0907, 0x0907, 0x0907, 0x0907, 0x0907, 0x0907, 0x0907, 0x0907,
0x0907, 0x0907, 0x0907, 0x0907, 0x0907, 0x0927, 0x0927, 0x0927, 0x0927, 0x0927,
0x0927, 0x0927, 0x1127, 0x1127, 0x0927, 0x1127, 0x1127, 0x1127, 0x1127, 0x1127,
0x1127, 0x1147, 0x1147, 0x1147, 0x1147, 0x1148, 0x1148, 0x1148, 0x1147, 0x1148,
0x1148, 0x1968, 0x1968, 0x1968, 0x1968, 0x1988, 0x2188, 0x2188, 0x2188, 0x21a8,
0x21a8, 0x29a8, 0x29c9, 0x29a8, 0x31c8, 0x31c8, 0x31e8, 0x31e9, 0x39e9, 0x3a09,
0x3a09, 0x4229, 0x4229, 0x4a49, 0x4a49, 0x5269, 0x5a8a, 0x5a89, 0x5a89, 0x62a9,
0x6aca, 0x6ac9, 0x72ea, 0x7b0a, 0x832a, 0x7b0a, 0xb46c, 0xfe4e, 0xfe0e, 0xfe2e,
0xfe2e, 0xfe2e, 0xfe2e, 0xfe4f, 0xfe4f, 0xfe4e, 0xfe4f, 0xfe6f, 0xfe6f, 0xfe4f,
0xfe6f, 0xfe6f, 0xfe6f, 0xfe6f, 0xfeb0, 0xe5cf, 0xac0b, 0x832a, 0x832a, 0xa3eb,
0x93ab, 0x938b, 0x93ab, 0x8b8b, 0x8b6b, 0x8b6b, 0x834b, 0x7b2a, 0xbcad, 0x732a,
0x0065, 0x08e5, 0x08c5, 0x08c5, 0x00c4, 0x58cc, 0x30c9, 0x00a4, 0x08a5, 0x08c5,
0x0085, 0x5249, 0x730b, 0x6aea, 0x6aeb, 0x6aea, 0x6aea, 0x6aeb, 0x6aeb, 0x6aeb,
0x6aeb, 0x6aeb, 0x5aaa, 0xbc8c, 0x5268, 0x0065, 0x10a6, 0x38c9, 0x0884, 0x48cb,
0x18c7, 0x00c5, 0x18c7, 0x690f, 0x28c8, 0x388a, 0x1106, 0x3a8b, 0x1967, 0x0043,
0x4208, 0x6aea, 0x6aca, 0x6aea, 0x62ca, 0x62aa, 0x5aaa, 0x5aaa, 0x5a8a, 0x5aab,
0x528a, 0x4a6a, 0x4a6a, 0x3a2a, 0x7b8b, 0x5aa8, 0x0064, 0x08c5, 0x0884, 0x0967,
0x0a69, 0x09c8, 0x0a09, 0x0147, 0x08c5, 0x29e9, 0x29e9, 0x29c9, 0x29c9, 0x21c9,
0x21c9, 0x21a9, 0x21a9, 0x21a9, 0x21a9, 0x19a9, 0x19a9, 0x1989, 0x1989, 0x1988,
0x1989, 0x1989, 0x1969, 0x1169, 0x1189, 0x1168, 0x1168, 0x1168, 0x1168, 0x1168,
0x1168, 0x1168, 0x1168, 0x1168, 0x1168, 0x1168, 0x1168, 0x1168, 0x1168, 0x1168,
0x1148, 0x1148, 0x1148, 0x1148, 0x1148, 0x1148, 0x1148, 0x1148, 0x1148, 0x1168,

0x08e6, 0x08e6, 0x08e6, 0x08e6, 0x08e6, 0x08e6, 0x08e6, 0x08e6, 0x08e6, 0x08e6,
0x08e6, 0x08e6, 0x08e6, 0x08e6, 0x08e6, 0x08e6, 0x08e6, 0x08e6, 0x08e6, 0x08e6,
0x08e6, 0x08e6, 0x08e6, 0x08e6, 0x08e6, 0x08e6, 0x08e6, 0x08e6, 0x08e6, 0x08e6,
0x08e6, 0x08e6, 0x08e6, 0x08e6, 0x08e6, 0x08e6, 0x08e6, 0x08e6, 0x08e6, 0x08e6,
0x08e6, 0x08e6, 0x08e6, 0x08e6, 0x08e6, 0x08e6, 0x08e6, 0x08e6, 0x08e6, 0x08e6,
0x08e6, 0x08e6, 0x08e6, 0x08e6, 0x08e6, 0x08e6, 0x08e6, 0x08e6, 0x08e6, 0x08e6,
0x08e6, 0x08e6, 0x08e6, 0x08e6, 0x08e6, 0x08e6, 0x08e6, 0x08e6, 0x08e6, 0x08e6,
0x08e6, 0x08e6, 0x08e6, 0x08e6, 0x08e6, 0x08e6, 0x08e6, 0x08e6, 0x08e6, 0x08e6,
0x08e6, 0x08e6, 0x08e6, 0x08e6, 0x08e6, 0x08e6, 0x08e6, 0x0906, 0x0906, 0x0906,
0x0906, 0x0906, 0x0906, 0x0906, 0x0907, 0x0907, 0x0907, 0x0907, 0x0907, 0x0907,
0x0907, 0x0907, 0x0907, 0x0907, 0x0907, 0x0907, 0x0907, 0x0907, 0x0907, 0x0907,
0x0907, 0x0907, 0x0907, 0x0927, 0x0927, 0x0927, 0x0927, 0x0927, 0x0927, 0x0927,
0x0927, 0x0927, 0x0927, 0x1127, 0x1127, 0x1127, 0x1127, 0x1127, 0x1127, 0x1127,
0x1127, 0x1127, 0x1147, 0x1148, 0x1147, 0x1147, 0x1148, 0x1147, 0x1148, 0x1948,
0x1968, 0x1968, 0x1968, 0x1968, 0x1968, 0x2188, 0x2188, 0x2188, 0x2188, 0x21a8,
0x29a8, 0x29a8, 0x29c9, 0x29c8, 0x31c8, 0x31c8, 0x31e9, 0x39e9, 0x3a09, 0x3a09,
0x4229, 0x4229, 0x4a29, 0x4a49, 0x4a69, 0x5269, 0x5aaa, 0x5aaa, 0x62a9, 0x62ca,
0x730a, 0x72ea, 0x7b0a, 0x7b2a, 0x832a, 0x93ab, 0xf60e, 0xfe2e, 0xfe2e, 0xfe2e,
0xfe2e, 0xfe2e, 0xfe2e, 0xfe4f, 0xfe4f, 0xfe4f, 0xfe4f, 0xfe6f, 0xfe6f, 0xfe6f,
0xfe6f, 0xfe6f, 0xfe6f, 0xfeb0, 0xee0f, 0xa3eb, 0xac0b, 0x834a, 0x7b29, 0xa3eb,
0x93ab, 0x938b, 0x8b8b, 0x8b6b, 0x8b6b, 0x834b, 0x7b4b, 0x836b, 0xa40b, 0x00a5,
0x08c5, 0x08c5, 0x08c5, 0x08c5, 0x00a4, 0x58ad, 0x30a9, 0x00a4, 0x08c5, 0x08c5,
0x00a5, 0x4a49, 0x730b, 0x6aea, 0x6aeb, 0x6aeb, 0x6aeb, 0x6aeb, 0x6aeb, 0x6aeb,
0x6aeb, 0x6aeb, 0x5aaa, 0xbc8c, 0x5248, 0x0065, 0x08a4, 0x0043, 0x08a5, 0x00a3,
0x00a4, 0x08c5, 0x08c5, 0x00c4, 0x00c5, 0x00c4, 0x00a5, 0x0043, 0x0084, 0x0084,
0x4a08, 0x72eb, 0x6aca, 0x6aea, 0x62ca, 0x62aa, 0x5aaa, 0x5a8a, 0x5a8a, 0x5aaa,
0x528a, 0x526a, 0x528a, 0x424a, 0x838c, 0x5aa8, 0x0065, 0x08c5, 0x0884, 0x0967,
0x12ab, 0x11c8, 0x126a, 0x0988, 0x08c5, 0x320a, 0x29e9, 0x29c9, 0x29e9, 0x29ea,
0x21c9, 0x21c9, 0x21a9, 0x21a9, 0x21a9, 0x19a9, 0x1989, 0x1989, 0x1989, 0x1989,
0x1989, 0x1989, 0x1989, 0x1169, 0x1189, 0x1189, 0x1168, 0x1168, 0x1168, 0x1168,
0x1168, 0x1168, 0x1168, 0x1168, 0x1168, 0x1168, 0x1168, 0x1168, 0x1168, 0x1148,
0x1148, 0x1148, 0x1148, 0x1168, 0x1148, 0x1148, 0x1148, 0x1148, 0x1168, 0x1168,

0x08e6, 0x08e6, 0x08e6, 0x08e6, 0x08e6, 0x08e6, 0x08e6, 0x08e6, 0x08e6, 0x08e6,
0x08e6, 0x08e6, 0x08e6, 0x08e6, 0x08e6, 0x08e6, 0x08e6, 0x08e6, 0x08e6, 0x08e6,
0x08e6, 0x08e6, 0x08e6, 0x08e6, 0x08e6, 0x08e6, 0x08e6, 0x08e6, 0x08e6, 0x08e6,
0x08e6, 0x08e6, 0x08e6, 0x08e6, 0x08e6, 0x08e6, 0x08e6, 0x08e6, 0x08e6, 0x08e6,
0x08e6, 0x08e6, 0x08e6, 0x08e6, 0x08e6, 0x08e6, 0x08e6, 0x08e6, 0x08e6, 0x08e6,
0x08e6, 0x08e6, 0x08e6, 0x08e6, 0x08e6, 0x08e6, 0x08e6, 0x08e6, 0x08e6, 0x08e6,
0x08e6, 0x08e6, 0x08e6, 0x08e6, 0x08e6, 0x08e6, 0x08e6, 0x08e6, 0x08e6, 0x08e6,
0x08e6, 0x08e6, 0x08e6, 0x08e6, 0x08e6, 0x08e6, 0x08e6, 0x08e6, 0x08e6, 0x08e6,
0x08e6, 0x08e6, 0x08e6, 0x08e6, 0x08e6, 0x08e6, 0x08e6, 0x0906, 0x0906, 0x0906,
0x0906, 0x0906, 0x0906, 0x0907, 0x0907, 0x0907, 0x0907, 0x0907, 0x0907, 0x0907,
0x0907, 0x0907, 0x0907, 0x0907, 0x0907, 0x0907, 0x0907, 0x0907, 0x0907, 0x0907,
0x0907, 0x0927, 0x0907, 0x0927, 0x0927, 0x0927, 0x0927, 0x0927, 0x0927, 0x0927,
0x0927, 0x0927, 0x0927, 0x1127, 0x1127, 0x1127, 0x1127, 0x1127, 0x1147, 0x1147,
0x1147, 0x1147, 0x1147, 0x1147, 0x1147, 0x1147, 0x1148, 0x1148, 0x1148, 0x1948,
0x1968, 0x1968, 0x1968, 0x1968, 0x1988, 0x2188, 0x2188, 0x2188, 0x2188, 0x21a8,
0x29a8, 0x29a8, 0x31e9, 0x31c8, 0x31e9, 0x31e9, 0x39e9, 0x3a09, 0x3a09, 0x4209,
0x4229, 0x4229, 0x4a49, 0x4a49, 0x5269, 0x5269, 0x62ca, 0x62aa, 0x62a9, 0x6aca,
0x732b, 0x730a, 0x7b0a, 0x832a, 0x832a, 0xd54d, 0xfe4e, 0xfe2e, 0xfe2e, 0xfe2e,
0xfe2e, 0xfe4e, 0xfe4e, 0xfe4f, 0xfe4f, 0xfe4f, 0xfe6f, 0xfe6f, 0xfe6f, 0xfe6f,
0xfe8f, 0xfe6f, 0xfe90, 0xf64f, 0xac0b, 0x9bcb, 0xac0b, 0x7b29, 0x7309, 0xa3eb,
0x938b, 0x938b, 0x8b6b, 0x8b8b, 0x836b, 0x834b, 0x7b2b, 0x836b, 0x93aa, 0x00a5,
0x08c5, 0x08a5, 0x08c5, 0x08c5, 0x00c4, 0x58ad, 0x30c9, 0x00a4, 0x08c5, 0x08c5,
0x00a5, 0x4a49, 0x6b0b, 0x62cb, 0x6aeb, 0x6acb, 0x62ea, 0x6aeb, 0x6aeb, 0x6aeb,
0x6aeb, 0x6b0b, 0x5aab, 0xbc8c, 0x5247, 0x0023, 0x0947, 0x128b, 0x08a4, 0x08a5,
0x08c5, 0x08a5, 0x08a5, 0x08c5, 0x08c5, 0x08c5, 0x08c5, 0x08c5, 0x08c5, 0x0084,
0x4a28, 0x72eb, 0x6aca, 0x6aeb, 0x6aeb, 0x62ca, 0x62cb, 0x62ca, 0x5aaa, 0x5acb,
0x52aa, 0x52aa, 0x52aa, 0x4a6a, 0x838c, 0x5aa8, 0x0064, 0x08c5, 0x08a5, 0x0884,
0x0843, 0x0864, 0x0864, 0x0084, 0x1106, 0x31ea, 0x29e9, 0x29c9, 0x29ea, 0x29c9,
0x21c9, 0x21c9, 0x21c9, 0x21a9, 0x21a9, 0x21a9, 0x19a9, 0x19a9, 0x1989, 0x1989,
0x1989, 0x1989, 0x1989, 0x1189, 0x1189, 0x1189, 0x1189, 0x1189, 0x1169, 0x1189,
0x1169, 0x1169, 0x1169, 0x1169, 0x1168, 0x1168, 0x1168, 0x1168, 0x1168, 0x1168,
0x1168, 0x1148, 0x1148, 0x1168, 0x1148, 0x1148, 0x1148, 0x1148, 0x1148, 0x1168,

0x08e6, 0x08e6, 0x08e6, 0x08e6, 0x08e6, 0x08e6, 0x08e6, 0x08e6, 0x08e6, 0x08e6,
0x08e6, 0x08e6, 0x08e6, 0x08e6, 0x08e6, 0x08e6, 0x08e6, 0x08e6, 0x08e6, 0x08e6,
0x08e6, 0x08e6, 0x08e6, 0x08e6, 0x08e6, 0x08e6, 0x08e6, 0x08e6, 0x08e6, 0x08e6,
0x08e6, 0x08e6, 0x08e6, 0x08e6, 0x08e6, 0x08e6, 0x08e6, 0x08e6, 0x08e6, 0x08e6,
0x08e6, 0x08e6, 0x08e6, 0x08e6, 0x08e6, 0x08e6, 0x08e6, 0x08e6, 0x08e6, 0x08e6,
0x08e6, 0x08e6, 0x08e6, 0x08e6, 0x08e6, 0x08e6, 0x08e6, 0x08e6, 0x08e6, 0x08e6,
0x08e6, 0x08e6, 0x08e6, 0x08e6, 0x08e6, 0x08e6, 0x08e6, 0x08e6, 0x08e6, 0x08e6,
0x08e6, 0x08e6, 0x08e6, 0x08e6, 0x08e6, 0x08e6, 0x08e6, 0x08e6, 0x08e6, 0x08e6,
0x08e6, 0x08e6, 0x08e6, 0x08e6, 0x08e6, 0x08e6, 0x08e6, 0x0906, 0x0906, 0x0906,
0x0906, 0x0906, 0x0907, 0x0907, 0x0907, 0x0907, 0x0907, 0x0907, 0x0907, 0x0907,
0x0907, 0x0907, 0x0907, 0x0907, 0x0907, 0x0907, 0x0907, 0x0907, 0x0907, 0x0907,
0x0907, 0x0927, 0x0927, 0x0927, 0x0927, 0x0927, 0x0927, 0x0927, 0x0927, 0x0927,
0x0927, 0x0927, 0x0927, 0x1127, 0x1127, 0x1127, 0x1127, 0x1127, 0x1147, 0x1147,
0x1148, 0x1147, 0x1147, 0x1148, 0x1147, 0x1148, 0x1148, 0x1148, 0x1148, 0x1968,
0x1968, 0x1968, 0x1968, 0x1968, 0x1988, 0x2188, 0x2188, 0x2188, 0x2188, 0x29a8,
0x29a8, 0x29a8, 0x31e9, 0x31c9, 0x31e9, 0x31e9, 0x39e9, 0x3a09, 0x3a09, 0x4229,
0x4229, 0x4a29, 0x4a49, 0x5249, 0x5269, 0x5a89, 0x62aa, 0x62ca, 0x6aa9, 0x6aca,
0x7b0a, 0x7b0a, 0x832a, 0x7b2a, 0xac2b, 0xfe4e, 0xfe0e, 0xfe2e, 0xfe2e, 0xfe2e,
0xfe2e, 0xfe4f, 0xfe4f, 0xfe4f, 0xfe4f, 0xfe6f, 0xfe6f, 0xfe6f, 0xfe6f, 0xfe6f,
0xfe6f, 0xfe70, 0xfe8f, 0xb46c, 0x9bab, 0x9bcb, 0xa3eb, 0x7309, 0x62a9, 0x9bcb,
0x8b8b, 0x8b8b, 0x8b6b, 0x8b6b, 0x836c, 0x836b, 0x7b2b, 0x836b, 0x93ca, 0x00a5,
0x08c5, 0x08a5, 0x08a5, 0x08a5, 0x00a4, 0x58ac, 0x30c9, 0x00c4, 0x08c5, 0x08c5,
0x0085, 0x4a49, 0x6aeb, 0x62ca, 0x62cb, 0x62ca, 0x62cb, 0x62eb, 0x6aeb, 0x6aeb,
0x6aeb, 0x6b0b, 0x5aaa, 0xbc8c, 0x5247, 0x0044, 0x08c5, 0x0906, 0x08a5, 0x08a5,
0x08a5, 0x08c5, 0x08a5, 0x08c5, 0x08a5, 0x08a5, 0x08a5, 0x08c5, 0x08c5, 0x0084,
0x4a29, 0x730b, 0x6aca, 0x6aca, 0x62aa, 0x62ca, 0x5a8a, 0x526a, 0x5229, 0x5229,
0x4a49, 0x524a, 0x5aab, 0x4a6a, 0x7b8c, 0x5a88, 0x0064, 0x08c5, 0x08a4, 0x08a5,
0x08e5, 0x08c5, 0x08c5, 0x00a5, 0x1106, 0x320a, 0x29e9, 0x29ea, 0x29ea, 0x29ea,
0x29c9, 0x21c9, 0x21c9, 0x29ea, 0x21c9, 0x21a9, 0x21a9, 0x19a9, 0x19a9, 0x1989,
0x1989, 0x1189, 0x1989, 0x1189, 0x1189, 0x19a9, 0x1189, 0x1189, 0x1189, 0x1189,
0x1189, 0x1169, 0x1169, 0x1168, 0x1169, 0x1169, 0x1168, 0x1168, 0x1168, 0x1168,
0x1168, 0x1168, 0x1168, 0x1168, 0x1148, 0x1148, 0x1168, 0x1168, 0x1148, 0x1168,

0x08e6, 0x08e6, 0x08e6, 0x08e6, 0x08e6, 0x08e6, 0x08e6, 0x08e6, 0x08e6, 0x08e6,
0x08e6, 0x08e6, 0x08e6, 0x08e6, 0x08e6, 0x08e6, 0x08e6, 0x08e6, 0x08e6, 0x08e6,
0x08e6, 0x08e6, 0x08e6, 0x08e6, 0x08e6, 0x08e6, 0x08e6, 0x08e6, 0x08e6, 0x08e6,
0x08e6, 0x08e6, 0x08e6, 0x08e6, 0x08e6, 0x08e6, 0x08e6, 0x08e6, 0x08e6, 0x08e6,
0x08e6, 0x08e6, 0x08e6, 0x08e6, 0x08e6, 0x08e6, 0x08e6, 0x08e6, 0x08e6, 0x08e6,
0x08e6, 0x08e6, 0x08e6, 0x08e6, 0x08e6, 0x08e6, 0x08e6, 0x08e6, 0x08e6, 0x08e6,
0x08e6, 0x08e6, 0x08e6, 0x08e6, 0x08e6, 0x08e6, 0x08e6, 0x08e6, 0x08e6, 0x08e6,
0x08e6, 0x08e6, 0x08e6, 0x08e6, 0x08e6, 0x08e6, 0x08e6, 0x08e6, 0x08e6, 0x08e6,
0x08e6, 0x08e6, 0x08e6, 0x08e6, 0x0906, 0x0906, 0x0906, 0x0906, 0x0906, 0x0906,
0x0906, 0x0906, 0x0906, 0x0907, 0x0907, 0x0907, 0x0907, 0x0907, 0x0907, 0x0907,
0x0907, 0x0907, 0x0907, 0x0907, 0x0907, 0x0907, 0x0907, 0x0907, 0x0907, 0x0907,
0x0907, 0x0927, 0x0927, 0x0927, 0x0927, 0x0927, 0x0927, 0x0927, 0x0927, 0x0927,
0x1127, 0x1127, 0x1127, 0x1127, 0x1127, 0x1127, 0x1127, 0x1127, 0x1147, 0x1147,
0x1147, 0x1147, 0x1148, 0x1148, 0x1148, 0x1148, 0x1148, 0x1148, 0x1168, 0x1968,
0x1968, 0x1968, 0x1968, 0x1968, 0x2188, 0x2188, 0x2188, 0x2188, 0x21a8, 0x29a8,
0x29a8, 0x29c8, 0x31e9, 0x31c9, 0x31e9, 0x31e9, 0x39e9, 0x3a09, 0x4209, 0x4229,
0x4229, 0x4a49, 0x4a49, 0x5269, 0x5a69, 0x5a8a, 0x62a9, 0x6aa9, 0x6aca, 0x72ea,
0x730a, 0x7b2a, 0x832a, 0x8b4a, 0xedad, 0xfe2e, 0xfe2e, 0xfe2e, 0xfe2e, 0xfe2e,
0xfe4f, 0xfe4f, 0xfe4f, 0xfe6f, 0xfe6f, 0xfe6f, 0xfe6f, 0xfe8f, 0xfe6f, 0xfe6f,
0xfe6f, 0xfeb0, 0xcd0d, 0x9b8b, 0x9bcb, 0x9bab, 0xa3eb, 0x4228, 0x5269, 0x9bcb,
0x8b8b, 0x8b8b, 0x8b6b, 0x836b, 0x836b, 0x7b4b, 0x732b, 0x7b4b, 0x93ca, 0x00a5,
0x08c5, 0x08a5, 0x08a5, 0x08a5, 0x00a4, 0x50ac, 0x30c9, 0x00c4, 0x08c5, 0x08c5,
0x0085, 0x4a29, 0x6aeb, 0x62cb, 0x62cb, 0x62cb, 0x62eb, 0x62cb, 0x62cb, 0x62eb,
0x6aeb, 0x6aeb, 0x5a8a, 0xbc8c, 0x5247, 0x0044, 0x08a5, 0x0884, 0x08a5, 0x08a5,
0x08a5, 0x08a5, 0x08a5, 0x08a5, 0x08a5, 0x08a5, 0x08a5, 0x08c5, 0x08c5, 0x00a5,
0x5269, 0x7b4c, 0x7b2b, 0x4a28, 0x2966, 0x3187, 0x31e8, 0x21a8, 0x19c9, 0x1a09,
0x222a, 0x2249, 0x5aaa, 0x5acc, 0x838c, 0x5a88, 0x0044, 0x08c5, 0x08a4, 0x08a5,
0x08c5, 0x08c5, 0x08c5, 0x00c5, 0x1106, 0x320a, 0x29e9, 0x29ea, 0x29ea, 0x29ea,
0x29c9, 0x21c9, 0x21c9, 0x21c9, 0x21c9, 0x21a9, 0x21a9, 0x19a9, 0x19a9, 0x19a9,
0x19a9, 0x1989, 0x1989, 0x1989, 0x1989, 0x1989, 0x1189, 0x1189, 0x1189, 0x1189,
0x1189, 0x1169, 0x1169, 0x1189, 0x1169, 0x1169, 0x1169, 0x1168, 0x1168, 0x1168,
0x1168, 0x1168, 0x1168, 0x1168, 0x1168, 0x1168, 0x1168, 0x1168, 0x1168, 0x1168,

0x08e6, 0x08e6, 0x08e6, 0x08e6, 0x08e6, 0x08e6, 0x08e6, 0x08e6, 0x08e6, 0x08e6,
0x08e6, 0x08e6, 0x08e6, 0x08e6, 0x08e6, 0x08e6, 0x08e6, 0x08e6, 0x08e6, 0x08e6,
0x08e6, 0x08e6, 0x08e6, 0x08e6, 0x08e6, 0x08e6, 0x08e6, 0x08e6, 0x08e6, 0x08e6,
0x08e6, 0x08e6, 0x08e6, 0x08e6, 0x08e6, 0x08e6, 0x08e6, 0x08e6, 0x08e6, 0x08e6,
0x08e6, 0x08e6, 0x08e6, 0x08e6, 0x08e6, 0x08e6, 0x08e6, 0x08e6, 0x08e6, 0x08e6,
0x08e6, 0x08e6, 0x08e6, 0x08e6, 0x08e6, 0x08e6, 0x08e6, 0x08e6, 0x08e6, 0x08e6,
0x08e6, 0x08e6, 0x08e6, 0x08e6, 0x08e6, 0x08e6, 0x08e6, 0x08e6, 0x08e6, 0x08e6,
0x08e6, 0x08e6, 0x08e6, 0x08e6, 0x08e6, 0x08e6, 0x08e6, 0x08e6, 0x08e6, 0x08e6,
0x08e6, 0x08e6, 0x08e6, 0x08e6, 0x0906, 0x0906, 0x0906, 0x0906, 0x0906, 0x0906,
0x0906, 0x0906, 0x0907, 0x0907, 0x0907, 0x0907, 0x0907, 0x0907, 0x0907, 0x0907,
0x0907, 0x0907, 0x0907, 0x0907, 0x0907, 0x0907, 0x0907, 0x0907, 0x0907, 0x0927,
0x0927, 0x0927, 0x0927, 0x0927, 0x0927, 0x0927, 0x0927, 0x0927, 0x0927, 0x0927,
0x1127, 0x1127, 0x1127, 0x1127, 0x1127, 0x1127, 0x1147, 0x1147, 0x1127, 0x1147,
0x1147, 0x1147, 0x1148, 0x1148, 0x1148, 0x1148, 0x1148, 0x1148, 0x1968, 0x1968,
0x1968, 0x1968, 0x1968, 0x1968, 0x2188, 0x2188, 0x2188, 0x2188, 0x21a8, 0x29a8,
0x29a8, 0x29c8, 0x29c9, 0x31c9, 0x31e9, 0x39e9, 0x3a09, 0x3a09, 0x4229, 0x4229,
0x4a29, 0x4a49, 0x5269, 0x5269, 0x5a8a, 0x62aa, 0x62aa, 0x6aca, 0x72ea, 0x730a,
0x7b0a, 0x832a, 0x7b0a, 0xbc8c, 0xfe4e, 0xfe2e, 0xfe2e, 0xfe2e, 0xfe2e, 0xfe4e,
0xfe4f, 0xfe4f, 0xfe6f, 0xfe70, 0xfe6f, 0xfe6f, 0xfe6f, 0xfe90, 0xfe90, 0xfe70,
0xfeb0, 0xe5ce, 0x9bcb, 0xa3cb, 0x9bcb, 0x9bab, 0xa3ec, 0x2967, 0x5248, 0x9bcb,
0x8b8b, 0x8b6b, 0x836b, 0x834b, 0x7b4b, 0x7b4b, 0x730b, 0x7b4b, 0x93aa, 0x00a5,
0x08c5, 0x08a5, 0x08a5, 0x08a5, 0x00a4, 0x50cc, 0x30c9, 0x00c4, 0x08c5, 0x08c5,
0x0085, 0x4a29, 0x62eb, 0x62cb, 0x62cb, 0x62eb, 0x62eb, 0x62cb, 0x62cb, 0x62cb,
0x62cb, 0x62cb, 0x7b2b, 0xdd4d, 0x4207, 0x0064, 0x08c5, 0x08a5, 0x08a5, 0x08a5,
0x08c5, 0x08a5, 0x08c5, 0x08a5, 0x08a5, 0x08a5, 0x08a5, 0x08c5, 0x08c5, 0x08a5,
0x2987, 0x39c8, 0x31a7, 0x1105, 0x00a4, 0x08a4, 0x0906, 0x1127, 0x1a4a, 0x1a4a,
0x19e9, 0x19e9, 0x2987, 0x31c8, 0x4228, 0x3186, 0x0064, 0x08c4, 0x08a5, 0x08c5,
0x00a5, 0x00c5, 0x00a5, 0x00a4, 0x1106, 0x320a, 0x29ea, 0x29ea, 0x29ea, 0x29ea,
0x29ea, 0x29e9, 0x29c9, 0x21c9, 0x21c9, 0x21c9, 0x21a9, 0x21a9, 0x19a9, 0x19a9,
0x19a9, 0x19a9, 0x19a9, 0x1989, 0x1189, 0x1189, 0x1189, 0x1189, 0x1189, 0x1189,
0x1189, 0x1189, 0x1169, 0x1189, 0x1189, 0x1169, 0x1169, 0x1169, 0x1168, 0x1168,
0x1168, 0x1168, 0x1168, 0x1168, 0x1168, 0x1168, 0x1168, 0x1168, 0x1168, 0x1168,

0x08e6, 0x08e6, 0x08e6, 0x08e6, 0x08e6, 0x08e6, 0x08e6, 0x08e6, 0x08e6, 0x08e6,
0x08e6, 0x08e6, 0x08e6, 0x08e6, 0x08e6, 0x08e6, 0x08e6, 0x08e6, 0x08e6, 0x08e6,
0x08e6, 0x08e6, 0x08e6, 0x08e6, 0x08e6, 0x08e6, 0x08e6, 0x08e6, 0x08e6, 0x08e6,
0x08e6, 0x08e6, 0x08e6, 0x08e6, 0x08e6, 0x08e6, 0x08e6, 0x08e6, 0x08e6, 0x08e6,
0x08e6, 0x08e6, 0x08e6, 0x08e6, 0x08e6, 0x08e6, 0x08e6, 0x08e6, 0x08e6, 0x08e6,
0x08e6, 0x08e6, 0x08e6, 0x08e6, 0x08e6, 0x08e6, 0x08e6, 0x08e6, 0x08e6, 0x08e6,
0x08e6, 0x08e6, 0x08e6, 0x08e6, 0x08e6, 0x08e6, 0x08e6, 0x08e6, 0x08e6, 0x08e6,
0x08e6, 0x08e6, 0x08e6, 0x08e6, 0x08e6, 0x08e6, 0x08e6, 0x08e6, 0x08e6, 0x08e6,
0x08e6, 0x08e6, 0x08e6, 0x08e6, 0x0906, 0x0906, 0x0906, 0x0906, 0x0906, 0x0906,
0x0907, 0x0906, 0x0907, 0x0907, 0x0907, 0x0907, 0x0907, 0x0907, 0x0907, 0x0907,
0x0907, 0x0907, 0x0907, 0x0907, 0x0907, 0x0907, 0x0907, 0x0927, 0x0927, 0x0907,
0x0907, 0x0927, 0x0927, 0x0927, 0x0927, 0x0927, 0x1127, 0x0927, 0x1127, 0x1127,
0x1127, 0x1127, 0x1127, 0x1127, 0x1127, 0x1127, 0x1147, 0x1147, 0x1147, 0x1148,
0x1147, 0x1147, 0x1148, 0x1148, 0x1148, 0x1168, 0x1148, 0x1148, 0x1968, 0x1968,
0x1968, 0x1968, 0x1968, 0x2188, 0x2188, 0x2188, 0x2188, 0x21a8, 0x29a8, 0x29a8,
0x29c8, 0x29c9, 0x31c9, 0x31c9, 0x31e9, 0x39e9, 0x3a09, 0x4209, 0x4229, 0x4229,
0x4a49, 0x4a49, 0x5269, 0x5a69, 0x5a89, 0x62aa, 0x6aca, 0x6aca, 0x72ea, 0x7b0a,
0x7b2a, 0x832a, 0x8b6a, 0xf5cd, 0xfe2e, 0xfe2e, 0xfe2e, 0xfe2e, 0xfe2e, 0xfe4f,
0xfe4f, 0xfe6f, 0xfe6f, 0xfe6f, 0xfe6f, 0xfe70, 0xfe90, 0xfe90, 0xfe90, 0xfe90,
0xfe90, 0xb44c, 0xa3cb, 0x9bcb, 0x9bcb, 0x9bab, 0x9bcb, 0x2166, 0x4a48, 0x9bab,
0x836b, 0x836b, 0x836b, 0x834b, 0x7b4b, 0x7b4b, 0x730b, 0x7b4b, 0x93ca, 0x00a5,
0x08c5, 0x08a5, 0x08a5, 0x08a5, 0x00a3, 0x50cc, 0x30c9, 0x00a4, 0x08c5, 0x08c5,
0x00a5, 0x4a29, 0x62cb, 0x62cb, 0x62cb, 0x62eb, 0x62cb, 0x62cb, 0x62cb, 0x62cb,
0x62aa, 0x6aeb, 0xa40b, 0x6ae9, 0x41e7, 0x0085, 0x08c5, 0x08a5, 0x08a5, 0x08a5,
0x08c5, 0x08c5, 0x08a5, 0x08a5, 0x08a5, 0x08a5, 0x08a5, 0x08c5, 0x08c5, 0x08c5,
0x00a5, 0x0084, 0x0084, 0x0084, 0x0084, 0x0084, 0x0084, 0x0085, 0x0064, 0x0064,
0x0064, 0x0064, 0x0084, 0x0083, 0x0023, 0x0064, 0x08a4, 0x08a4, 0x08a5, 0x08c5,
0x1906, 0x10c6, 0x1167, 0x0906, 0x10e6, 0x320a, 0x320a, 0x320a, 0x2a0a, 0x29ea,
0x2a0a, 0x29e9, 0x29ea, 0x29ea, 0x21c9, 0x21c9, 0x21c9, 0x21a9, 0x21a9, 0x21a9,
0x19a9, 0x1989, 0x19a9, 0x19a9, 0x19a9, 0x1989, 0x1189, 0x1189, 0x1189, 0x1189,
0x1189, 0x1189, 0x1189, 0x1189, 0x1169, 0x1169, 0x1169, 0x1169, 0x1169, 0x1169,
0x1168, 0x1168, 0x1169, 0x1169, 0x1169, 0x1168, 0x1168, 0x1168, 0x1168, 0x1168,

0x08e6, 0x08e6, 0x08e6, 0x08e6, 0x08e6, 0x08e6, 0x08e6, 0x08e6, 0x08e6, 0x08e6,
0x08e6, 0x08e6, 0x08e6, 0x08e6, 0x08e6, 0x08e6, 0x08e6, 0x08e6, 0x08e6, 0x08e6,
0x08e6, 0x08e6, 0x08e6, 0x08e6, 0x08e6, 0x08e6, 0x08e6, 0x08e6, 0x08e6, 0x08e6,
0x08e6, 0x08e6, 0x08e6, 0x08e6, 0x08e6, 0x08e6, 0x08e6, 0x08e6, 0x08e6, 0x08e6,
0x08e6, 0x08e6, 0x08e6, 0x08e6, 0x08e6, 0x08e6, 0x08e6, 0x08e6, 0x08e6, 0x08e6,
0x08e6, 0x08e6, 0x08e6, 0x08e6, 0x08e6, 0x08e6, 0x08e6, 0x08e6, 0x08e6, 0x08e6,
0x08e6, 0x08e6, 0x08e6, 0x08e6, 0x08e6, 0x08e6, 0x08e6, 0x08e6, 0x08e6, 0x08e6,
0x08e6, 0x08e6, 0x08e6, 0x08e6, 0x08e6, 0x08e6, 0x08e6, 0x08e6, 0x08e6, 0x08e6,
0x08e6, 0x08e6, 0x0906, 0x0906, 0x0906, 0x0906, 0x0906, 0x0906, 0x0906, 0x0906,
0x0907, 0x0907, 0x0907, 0x0907, 0x0907, 0x0907, 0x0907, 0x0907, 0x0907, 0x0907,
0x0907, 0x0907, 0x0907, 0x0907, 0x0907, 0x0907, 0x0907, 0x0927, 0x0927, 0x0927,
0x0927, 0x0927, 0x0927, 0x0927, 0x0927, 0x0927, 0x0927, 0x0927, 0x0927, 0x1127,
0x1127, 0x1127, 0x1127, 0x1127, 0x1127, 0x1128, 0x1127, 0x1147, 0x1148, 0x1148,
0x1148, 0x1148, 0x1148, 0x1148, 0x1148, 0x1168, 0x1168, 0x1968, 0x1968, 0x1968,
0x1968, 0x1968, 0x1968, 0x2188, 0x2188, 0x2188, 0x2188, 0x21a8, 0x29a8, 0x29a8,
0x29c8, 0x29c9, 0x31c9, 0x31e9, 0x39e9, 0x3a09, 0x3a09, 0x4229, 0x4229, 0x4a29,
0x4a49, 0x5269, 0x5269, 0x5a89, 0x628a, 0x62ca, 0x6aca, 0x72ea, 0x730a, 0x7b2a,
0x834a, 0x832a, 0xbc8c, 0xfe4e, 0xfe2e, 0xfe2e, 0xfe2e, 0xfe4e, 0xfe4f, 0xfe4f,
0xfe4f, 0xfe6f, 0xfe6f, 0xfe6f, 0xfe70, 0xfe90, 0xfe90, 0xfe90, 0xfe90, 0xfed0,
0xcd2d, 0x9bcb, 0xa3eb, 0x9bcb, 0x9bab, 0x938b, 0x9bab, 0x2146, 0x4a28, 0x93ab,
0x836b, 0x834b, 0x834b, 0x7b4b, 0x7b2b, 0x7b2b, 0x730b, 0x7b4c, 0x93cb, 0x08a5,
0x08c5, 0x08a5, 0x08a5, 0x08a5, 0x00a4, 0x50ac, 0x30a9, 0x00a4, 0x08a5, 0x08c5,
0x0085, 0x4a29, 0x62cb, 0x5acb, 0x62cb, 0x62cb, 0x62cb, 0x62cb, 0x62cb, 0x5acb,
0x5aab, 0x6ac9, 0x5247, 0x31a7, 0x5247, 0x0065, 0x08c5, 0x08c5, 0x08a5, 0x08a5,
0x08c5, 0x08a5, 0x08a5, 0x08c5, 0x08a5, 0x08a5, 0x08a5, 0x08a5, 0x08c5, 0x00a5,
0x2988, 0x5a8a, 0x08e5, 0x2146, 0x4a29, 0x4a29, 0x4a29, 0x4a49, 0x4a49, 0x4a49,
0x4229, 0x4229, 0x1905, 0x08a4, 0x5269, 0x2146, 0x0084, 0x08c5, 0x08c5, 0x00c5,
0x3167, 0x2906, 0x2289, 0x1987, 0x10a5, 0x322a, 0x320a, 0x320a, 0x31ea, 0x2a0a,
0x320b, 0x29ea, 0x29ea, 0x29ea, 0x21ca, 0x21c9, 0x21c9, 0x21c9, 0x21a9, 0x21a9,
0x21aa, 0x19a9, 0x19a9, 0x19a9, 0x19a9, 0x19a9, 0x1989, 0x1989, 0x1189, 0x1189,
0x1189, 0x1189, 0x1189, 0x1189, 0x1189, 0x1189, 0x1189, 0x1169, 0x1169, 0x1169,
0x1168, 0x1169, 0x1169, 0x1168, 0x1169, 0x1169, 0x1168, 0x1169, 0x1169, 0x1169,

0x08e6, 0x08e6, 0x08e6, 0x08e6, 0x08e6, 0x08e6, 0x08e6, 0x08e6, 0x08e6, 0x08e6,
0x08e6, 0x08e6, 0x08e6, 0x08e6, 0x08e6, 0x08e6, 0x08e6, 0x08e6, 0x08e6, 0x08e6,
0x08e6, 0x08e6, 0x08e6, 0x08e6, 0x08e6, 0x08e6, 0x08e6, 0x08e6, 0x08e6, 0x08e6,
0x08e6, 0x08e6, 0x08e6, 0x08e6, 0x08e6, 0x08e6, 0x08e6, 0x08e6, 0x08e6, 0x08e6,
0x08e6, 0x08e6, 0x08e6, 0x08e6, 0x08e6, 0x08e6, 0x08e6, 0x08e6, 0x08e6, 0x08e6,
0x08e6, 0x08e6, 0x08e6, 0x08e6, 0x08e6, 0x08e6, 0x08e6, 0x08e6, 0x08e6, 0x08e6,
0x08e6, 0x08e6, 0x08e6, 0x08e6, 0x08e6, 0x08e6, 0x08e6, 0x08e6, 0x08e6, 0x08e6,
0x08e6, 0x08e6, 0x08e6, 0x08e6, 0x08e6, 0x08e6, 0x08e6, 0x08e6, 0x08e6, 0x08e6,
0x0906, 0x0906, 0x0906, 0x0906, 0x0906, 0x0906, 0x0906, 0x0906, 0x0907, 0x0907,
0x0907, 0x0907, 0x0907, 0x0907, 0x0907, 0x0907, 0x0907, 0x0907, 0x0907, 0x0907,
0x0907, 0x0907, 0x0907, 0x0907, 0x0907, 0x0927, 0x0927, 0x0927, 0x0927, 0x0927,
0x0927, 0x0927, 0x0927, 0x0927, 0x0927, 0x0927, 0x1127, 0x0927, 0x1127, 0x1127,
0x1127, 0x1127, 0x1127, 0x1147, 0x1147, 0x1147, 0x1147, 0x1147, 0x1147, 0x1147,
0x1148, 0x1148, 0x1148, 0x1148, 0x1148, 0x1148, 0x1168, 0x1168, 0x1968, 0x1968,
0x1968, 0x1968, 0x1968, 0x2188, 0x2188, 0x2188, 0x21a8, 0x21a8, 0x29a8, 0x29a9,
0x29c9, 0x29c9, 0x31c9, 0x31e9, 0x31e9, 0x3a09, 0x3a09, 0x4229, 0x424a, 0x4a49,
0x4a6a, 0x526a, 0x5a6a, 0x5a8a, 0x62aa, 0x6aca, 0x6aea, 0x72ea, 0x7b0a, 0x832a,
0x834a, 0x8b6b, 0xedad, 0xfe2e, 0xfe2e, 0xfe2e, 0xfe2e, 0xfe4e, 0xfe4f, 0xfe4f,
0xfe6f, 0xfe6f, 0xfe6f, 0xfe90, 0xfe90, 0xfe90, 0xfe90, 0xfe90, 0xfeb0, 0xf64f,
0xac0c, 0xa3ec, 0xa3eb, 0x9bcb, 0x9bab, 0x938b, 0x93ab, 0x2146, 0x4a28, 0x8b8b,
0x7b4b, 0x834b, 0x7b4b, 0x7b4b, 0x7b2b, 0x7b2b, 0x730b, 0x7b4c, 0x93cb, 0x08a5,
0x08c5, 0x08a5, 0x08a5, 0x08a5, 0x00a4, 0x50ac, 0x30a8, 0x00a4, 0x08a5, 0x08a5,
0x0084, 0x4a29, 0x62eb, 0x5acb, 0x62cb, 0x62cb, 0x62eb, 0x62eb, 0x5acb, 0x62cb,
0x5aab, 0x3186, 0x4a07, 0x39c7, 0x5247, 0x0065, 0x08c5, 0x08c5, 0x08a5, 0x08a5,
0x08c5, 0x08a5, 0x08a5, 0x08c5, 0x08a5, 0x08a5, 0x08a5, 0x08a5, 0x08a5, 0x00a5,
0x2147, 0x2167, 0x3a09, 0x732c, 0x730b, 0x730b, 0x732b, 0x732c, 0x732c, 0x6b2c,
0x6b0b, 0x6b0b, 0x5acb, 0x1926, 0x39c7, 0x31c8, 0x0084, 0x08c5, 0x08a5, 0x08c5,
0x00a5, 0x00a5, 0x0064, 0x0064, 0x08c5, 0x31ea, 0x322a, 0x320a, 0x320a, 0x320a,
0x322b, 0x29ea, 0x29ea, 0x29ea, 0x29ca, 0x21ca, 0x21c9, 0x21ea, 0x21c9, 0x21ca,
0x21ca, 0x19a9, 0x19aa, 0x19aa, 0x19a9, 0x19a9, 0x19a9, 0x1189, 0x1189, 0x1189,
0x1189, 0x1189, 0x1189, 0x1189, 0x1189, 0x1189, 0x1189, 0x1169, 0x1169, 0x1169,
0x1169, 0x1169, 0x1169, 0x1168, 0x1169, 0x1169, 0x1168, 0x1169, 0x1169, 0x1169,

0x08e6, 0x08e6, 0x08e6, 0x08e6, 0x08e6, 0x08e6, 0x08e6, 0x08e6, 0x08e6, 0x08e6,
0x08e6, 0x08e6, 0x08e6, 0x08e6, 0x08e6, 0x08e6, 0x08e6, 0x08e6, 0x08e6, 0x08e6,
0x08e6, 0x08e6, 0x08e6, 0x08e6, 0x08e6, 0x08e6, 0x08e6, 0x08e6, 0x08e6, 0x08e6,
0x08e6, 0x08e6, 0x08e6, 0x08e6, 0x08e6, 0x08e6, 0x08e6, 0x08e6, 0x08e6, 0x08e6,
0x08e6, 0x08e6, 0x08e6, 0x08e6, 0x08e6, 0x08e6, 0x08e6, 0x08e6, 0x08e6, 0x08e6,
0x08e6, 0x08e6, 0x08e6, 0x08e6, 0x08e6, 0x08e6, 0x08e6, 0x08e6, 0x08e6, 0x08e6,
0x08e6, 0x08e6, 0x08e6, 0x08e6, 0x08e6, 0x08e6, 0x08e6, 0x08e6, 0x08e6, 0x08e6,
0x08e6, 0x08e6, 0x08e6, 0x08e6, 0x08e6, 0x08e6, 0x08e6, 0x08e6, 0x08e6, 0x08e6,
0x0906, 0x08e6, 0x0906, 0x0906, 0x0906, 0x0906, 0x0907, 0x0906, 0x0907, 0x0907,
0x0907, 0x0907, 0x0907, 0x0907, 0x0907, 0x0907, 0x0907, 0x0907, 0x0907, 0x0907,
0x0907, 0x0907, 0x0907, 0x0907, 0x0927, 0x0907, 0x0927, 0x0927, 0x0927, 0x0927,
0x0927, 0x0927, 0x0927, 0x0927, 0x0927, 0x0927, 0x0927, 0x1127, 0x1127, 0x1127,
0x1127, 0x1127, 0x1127, 0x1127, 0x1127, 0x1147, 0x1148, 0x1148, 0x1148, 0x1148,
0x1148, 0x1148, 0x1148, 0x1148, 0x1148, 0x1168, 0x1148, 0x1968, 0x1968, 0x1968,
0x1968, 0x1988, 0x1988, 0x2188, 0x2188, 0x2188, 0x21a8, 0x21a8, 0x29a8, 0x29a9,
0x29c9, 0x31c9, 0x31e9, 0x31e9, 0x3a09, 0x3a09, 0x3a29, 0x4229, 0x4a49, 0x4a4a,
0x526a, 0x5269, 0x5a8a, 0x5aaa, 0x62aa, 0x6aca, 0x72ea, 0x7b0a, 0x7b2a, 0x834a,
0x834a, 0xac4c, 0xfe4e, 0xfe0e, 0xfe2e, 0xfe2e, 0xfe4e, 0xfe4f, 0xfe4f, 0xfe6f,
0xfe6f, 0xfe6f, 0xfe70, 0xfe90, 0xfe90, 0xfe90, 0xfe90, 0xfe90, 0xfed0, 0xcd0d,
0xa3eb, 0xa40c, 0xa3eb, 0x9bcb, 0x93ab, 0x938b, 0x938b, 0x1926, 0x4a28, 0x8b8b,
0x7b4b, 0x7b4b, 0x7b4b, 0x7b4c, 0x732b, 0x732c, 0x730b, 0x7b4c, 0x9bcb, 0x08a5,
0x08c5, 0x08a5, 0x08a5, 0x08a5, 0x00a4, 0x50ab, 0x28c8, 0x00a4, 0x08a5, 0x08c5,
0x00a4, 0x4a29, 0x62eb, 0x5acb, 0x5acb, 0x5acb, 0x5acb, 0x5acb, 0x5acb, 0x62cb,
0x528b, 0x2966, 0x4207, 0x3186, 0x4a27, 0x0065, 0x08c5, 0x08c5, 0x08c5, 0x08a4,
0x08a5, 0x08a5, 0x08a5, 0x08a5, 0x08a5, 0x08a5, 0x08c5, 0x08a4, 0x08a4, 0x08a5,
0x00a5, 0x4229, 0x7b4c, 0x6b0b, 0x6b0b, 0x6b0b, 0x6b0b, 0x6b0b, 0x6aeb, 0x62eb,
0x62eb, 0x62cb, 0x62eb, 0x62eb, 0x1126, 0x0085, 0x08c5, 0x08a5, 0x08c5, 0x08a5,
0x08c5, 0x08a5, 0x08a5, 0x08a5, 0x0084, 0x10e5, 0x320a, 0x322a, 0x322a, 0x320a,
0x322b, 0x2a0a, 0x29ea, 0x29ea, 0x29ea, 0x29ea, 0x21ca, 0x21ca, 0x21ca, 0x21ca,
0x21ca, 0x19a9, 0x19ca, 0x19aa, 0x19aa, 0x19aa, 0x19a9, 0x19a9, 0x19a9, 0x1989,
0x19a9, 0x11a9, 0x11a9, 0x1189, 0x2989, 0x2189, 0x1189, 0x1189, 0x1189, 0x1169,
0x1169, 0x1169, 0x1189, 0x1169, 0x1169, 0x1169, 0x1169, 0x1169, 0x1169, 0x1169,

0x08e6, 0x08e6, 0x08e6, 0x08e6, 0x08e6, 0x08e6, 0x08e6, 0x08e6, 0x08e6, 0x08e6,
0x08e6, 0x08e6, 0x08e6, 0x08e6, 0x08e6, 0x08e6, 0x08e6, 0x08e6, 0x08e6, 0x08e6,
0x08e6, 0x08e6, 0x08e6, 0x08e6, 0x08e6, 0x08e6, 0x08e6, 0x08e6, 0x08e6, 0x08e6,
0x08e6, 0x08e6, 0x08e6, 0x08e6, 0x08e6, 0x08e6, 0x08e6, 0x08e6, 0x08e6, 0x08e6,
0x08e6, 0x08e6, 0x08e6, 0x08e6, 0x08e6, 0x08e6, 0x08e6, 0x08e6, 0x08e6, 0x08e6,
0x08e6, 0x08e6, 0x08e6, 0x08e6, 0x08e6, 0x08e6, 0x08e6, 0x08e6, 0x08e6, 0x08e6,
0x08e6, 0x08e6, 0x08e6, 0x08e6, 0x08e6, 0x08e6, 0x08e6, 0x08e6, 0x08e6, 0x08e6,
0x08e6, 0x08e6, 0x08e6, 0x08e6, 0x08e6, 0x08e6, 0x08e6, 0x08e6, 0x08e6, 0x0906,
0x08e6, 0x0906, 0x0906, 0x0906, 0x0906, 0x0906, 0x0906, 0x0906, 0x0907, 0x0907,
0x0907, 0x0907, 0x0907, 0x0907, 0x0907, 0x0907, 0x0907, 0x0907, 0x0907, 0x0907,
0x0907, 0x0907, 0x0907, 0x0927, 0x0927, 0x0927, 0x0927, 0x0927, 0x0927, 0x0927,
0x0927, 0x0927, 0x0927, 0x0927, 0x1127, 0x0927, 0x1127, 0x1127, 0x1127, 0x1127,
0x1127, 0x1127, 0x1128, 0x1147, 0x1148, 0x1148, 0x1148, 0x1148, 0x1148, 0x1148,
0x1148, 0x1148, 0x1148, 0x1148, 0x1148, 0x1148, 0x1168, 0x1968, 0x1968, 0x1968,
0x1968, 0x1988, 0x2188, 0x2188, 0x2188, 0x21a8, 0x21a8, 0x29a8, 0x29c9, 0x29c8,
0x29c9, 0x31e9, 0x31e9, 0x3209, 0x3a09, 0x3a09, 0x4229, 0x4229, 0x4a49, 0x4a4a,
0x526a, 0x526a, 0x5a8a, 0x62aa, 0x62ca, 0x6aca, 0x72ea, 0x7b0a, 0x7b2a, 0x836b,
0x834b, 0xdd4d, 0xfe4e, 0xfe0e, 0xfe2e, 0xfe2e, 0xfe4f, 0xfe4f, 0xfe4f, 0xfe4f,
0xfe6f, 0xfe70, 0xfe90, 0xfe90, 0xfe90, 0xfe90, 0xfe90, 0xfeb0, 0xf650, 0xac2c,
0xac0c, 0xa3eb, 0xa3eb, 0x9bcb, 0x93ab, 0x938b, 0x938b, 0x1926, 0x4a28, 0x8b8b,
0x7b2b, 0x7b4b, 0x7b2b, 0x7b2b, 0x732b, 0x732c, 0x730b, 0x732c, 0x9bcb, 0x08a5,
0x08a5, 0x08a5, 0x08a5, 0x08a5, 0x00a4, 0x50ab, 0x30c8, 0x00a4, 0x08a5, 0x08a5,
0x00a5, 0x4a4a, 0x62eb, 0x5acb, 0x5acb, 0x5acb, 0x5acb, 0x5acb, 0x5acb, 0x62ec,
0x526a, 0x2966, 0x41e6, 0x3186, 0x4a06, 0x0064, 0x08c5, 0x08c5, 0x08c5, 0x08a5,
0x08a5, 0x08a5, 0x08a5, 0x08a5, 0x08a5, 0x08a5, 0x08a5, 0x08a4, 0x08a5, 0x0084,
0x2126, 0x732c, 0x6b0b, 0x6b0b, 0x6b0c, 0x6b0b, 0x6b0b, 0x6b0b, 0x6b0b, 0x6aeb,
0x62eb, 0x62eb, 0x62eb, 0x62cb, 0x93cc, 0x2966, 0x00a5, 0x08c5, 0x08a5, 0x08c5,
0x08a5, 0x08a5, 0x08a5, 0x08a5, 0x08a5, 0x0084, 0x1127, 0x3a2b, 0x322a, 0x322b,
0x322b, 0x2a0a, 0x2a0a, 0x29ea, 0x29ea, 0x29ea, 0x29ea, 0x21ea, 0x21ca, 0x21ca,
0x21ca, 0x19ca, 0x19ca, 0x19ca, 0x19aa, 0x19aa, 0x19aa, 0x19a9, 0x19a9, 0x19a9,
0x19a9, 0x11a9, 0x19a9, 0x11a9, 0x21a9, 0x1989, 0x1189, 0x1189, 0x1189, 0x1189,
0x1169, 0x1169, 0x1189, 0x1189, 0x1169, 0x1169, 0x1169, 0x1169, 0x1189, 0x1189,

0x08e6, 0x08e6, 0x08e6, 0x08e6, 0x08e6, 0x08e6, 0x08e6, 0x08e6, 0x08e6, 0x08e6,
0x08e6, 0x08e6, 0x08e6, 0x08e6, 0x08e6, 0x08e6, 0x08e6, 0x08e6, 0x08e6, 0x08e6,
0x08e6, 0x08e6, 0x08e6, 0x08e6, 0x08e6, 0x08e6, 0x08e6, 0x08e6, 0x08e6, 0x08e6,
0x08e6, 0x08e6, 0x08e6, 0x08e6, 0x08e6, 0x08e6, 0x08e6, 0x08e6, 0x08e6, 0x08e6,
0x08e6, 0x08e6, 0x08e6, 0x08e6, 0x08e6, 0x08e6, 0x08e6, 0x08e6, 0x08e6, 0x08e6,
0x08e6, 0x08e6, 0x08e6, 0x08e6, 0x08e6, 0x08e6, 0x08e6, 0x08e6, 0x08e6, 0x08e6,
0x08e6, 0x08e6, 0x08e6, 0x08e6, 0x08e6, 0x08e6, 0x08e6, 0x08e6, 0x08e6, 0x08e6,
0x08e6, 0x08e6, 0x08e6, 0x08e6, 0x08e6, 0x08e6, 0x08e6, 0x08e6, 0x0906, 0x08e6,
0x0906, 0x0906, 0x0906, 0x0906, 0x0906, 0x0907, 0x0907, 0x0907, 0x0907, 0x0907,
0x0907, 0x0907, 0x0907, 0x0907, 0x0907, 0x0907, 0x0907, 0x0907, 0x0907, 0x0907,
0x0907, 0x0907, 0x0927, 0x0907, 0x0927, 0x0927, 0x0927, 0x0927, 0x0927, 0x0927,
0x0927, 0x1127, 0x1127, 0x1127, 0x1127, 0x1127, 0x1127, 0x1127, 0x1127, 0x1127,
0x1148, 0x1148, 0x1147, 0x1147, 0x1148, 0x1148, 0x1148, 0x1148, 0x1148, 0x1148,
0x1148, 0x1148, 0x1148, 0x1148, 0x1168, 0x1968, 0x1968, 0x1968, 0x1968, 0x1968,
0x1988, 0x1988, 0x2188, 0x2188, 0x2188, 0x21a8, 0x21a8, 0x29a8, 0x29c9, 0x29c9,
0x29c9, 0x31e9, 0x31e9, 0x3a09, 0x3a09, 0x3a09, 0x4229, 0x4229, 0x4a4a, 0x4a6a,
0x526a, 0x5a8a, 0x5aaa, 0x62ca, 0x6aeb, 0x6aea, 0x730a, 0x7b2b, 0x834b, 0x834b,
0x9bcb, 0xf60e, 0xfe2e, 0xfe2e, 0xfe2e, 0xfe4e, 0xfe6f, 0xfe6f, 0xfe4f, 0xfe6f,
0xfe6f, 0xfe90, 0xfe90, 0xfe90, 0xfe90, 0xfe90, 0xfe90, 0xfed1, 0xcd2e, 0xa3ec,
0xac0c, 0xa3ec, 0xa3cc, 0x9bcb, 0x93ab, 0x938b, 0x938b, 0x1926, 0x4a28, 0x8b6b,
0x7b4b, 0x7b4b, 0x7b2b, 0x732b, 0x732b, 0x732b, 0x6b0b, 0x732c, 0x9bcb, 0x08a5,
0x08a5, 0x08a5, 0x08a5, 0x08a5, 0x00a4, 0x50ab, 0x28a8, 0x00a4, 0x08a5, 0x08a5,
0x0085, 0x4229, 0x630c, 0x5acb, 0x5acb, 0x5acb, 0x5acb, 0x5acb, 0x5acb, 0x62ec,
0x528b, 0x2166, 0x41c6, 0x3186, 0x49e6, 0x0064, 0x08c5, 0x08c5, 0x08c5, 0x08a5,
0x08a5, 0x08a5, 0x08a5, 0x08a5, 0x08c6, 0x08a5, 0x08a4, 0x08a5, 0x08a5, 0x0084,
0x1906, 0x6b0b, 0x730c, 0x730c, 0x6b0b, 0x6b0b, 0x6b0b, 0x6b0b, 0x6b0b, 0x6aeb,
0x62eb, 0x62eb, 0x62eb, 0x5acb, 0xe52d, 0x5a68, 0x0085, 0x08c5, 0x08a5, 0x08a4,
0x08a4, 0x08a5, 0x08a5, 0x08a5, 0x08a5, 0x08c5, 0x00a5, 0x2188, 0x3a4b, 0x322b,
0x324b, 0x320a, 0x2a0a, 0x2a0a, 0x2a0a, 0x2a0a, 0x2a0a, 0x21ea, 0x21ea, 0x21ea,
0x21ea, 0x21ca, 0x19ca, 0x19ca, 0x19ca, 0x19aa, 0x19aa, 0x19aa, 0x19aa, 0x19aa,
0x19a9, 0x19aa, 0x19a9, 0x11aa, 0x19c9, 0x1989, 0x1189, 0x1189, 0x1189, 0x1189,
0x1189, 0x1189, 0x1169, 0x1169, 0x1169, 0x1189, 0x1169, 0x1189, 0x1169, 0x1189,

0x08e6, 0x08e6, 0x08e6, 0x08e6, 0x08e6, 0x08e6, 0x08e6, 0x08e6, 0x08e6, 0x08e6,
0x08e6, 0x08e6, 0x08e6, 0x08e6, 0x08e6, 0x08e6, 0x08e6, 0x08e6, 0x08e6, 0x08e6,
0x08e6, 0x08e6, 0x08e6, 0x08e6, 0x08e6, 0x08e6, 0x08e6, 0x08e6, 0x08e6, 0x08e6,
0x08e6, 0x08e6, 0x08e6, 0x08e6, 0x08e6, 0x08e6, 0x08e6, 0x08e6, 0x08e6, 0x08e6,
0x08e6, 0x08e6, 0x08e6, 0x08e6, 0x08e6, 0x08e6, 0x08e6, 0x08e6, 0x08e6, 0x08e6,
0x08e6, 0x08e6, 0x08e6, 0x08e6, 0x08e6, 0x08e6, 0x08e6, 0x08e6, 0x08e6, 0x08e6,
0x08e6, 0x08e6, 0x08e6, 0x08e6, 0x08e6, 0x08e6, 0x08e6, 0x08e6, 0x08e6, 0x08e6,
0x08e6, 0x08e6, 0x08e6, 0x08e6, 0x08e6, 0x08e6, 0x08e6, 0x0906, 0x0906, 0x0906,
0x0906, 0x0906, 0x0906, 0x0906, 0x0906, 0x0906, 0x0907, 0x0907, 0x0907, 0x0907,
0x0907, 0x0907, 0x0907, 0x0907, 0x0907, 0x0907, 0x0907, 0x0907, 0x0907, 0x0907,
0x0907, 0x0907, 0x0927, 0x0927, 0x0927, 0x0927, 0x0927, 0x0927, 0x0927, 0x0927,
0x0927, 0x1127, 0x1127, 0x1127, 0x1127, 0x1127, 0x1127, 0x1127, 0x1127, 0x1128,
0x1148, 0x1148, 0x1148, 0x1147, 0x1148, 0x1148, 0x1148, 0x1148, 0x1148, 0x1148,
0x1148, 0x1148, 0x1148, 0x1148, 0x1168, 0x1968, 0x1968, 0x1968, 0x1968, 0x1988,
0x1988, 0x1988, 0x1988, 0x2188, 0x21a8, 0x21a8, 0x21a8, 0x29c9, 0x29c9, 0x29c9,
0x31c9, 0x31e9, 0x3209, 0x3a09, 0x3a09, 0x3a29, 0x4229, 0x4229, 0x4a4a, 0x526a,
0x528a, 0x5a8a, 0x62aa, 0x62ca, 0x6aca, 0x72ea, 0x730a, 0x834b, 0x8b6b, 0x834b,
0xbc8c, 0xfe4e, 0xfe2e, 0xfe2e, 0xfe4e, 0xfe4e, 0xfe6f, 0xfe6f, 0xfe6f, 0xfe6f,
0xfe90, 0xfe90, 0xfe90, 0xfe90, 0xfe90, 0xfeb0, 0xfeb0, 0xf670, 0xb44c, 0xac0c,
0xa40c, 0xa3ec, 0x9bcc, 0x9bcc, 0x93ac, 0x8b8b, 0x93ab, 0x1946, 0x4a28, 0x8b6b,
0x7b2b, 0x7b2b, 0x732b, 0x732c, 0x732b, 0x732c, 0x6b0b, 0x732c, 0x93cb, 0x08a5,
0x08a5, 0x08a5, 0x08a5, 0x08a5, 0x00a4, 0x50ab, 0x28c8, 0x00a4, 0x08a5, 0x08a5,
0x08a5, 0x08e6, 0x4a6a, 0x62ec, 0x5aab, 0x5acb, 0x5acb, 0x5acb, 0x5acb, 0x62ec,
0x528b, 0x2966, 0x41e6, 0x3186, 0x4a06, 0x0064, 0x08c5, 0x08a5, 0x00a4, 0x00a4,
0x00a4, 0x00a4, 0x00a4, 0x00a4, 0x08a5, 0x00a4, 0x00a4, 0x08a5, 0x08a5, 0x0084,
0x1926, 0x732c, 0x6b0b, 0x732c, 0x732c, 0x6b0b, 0x6b0c, 0x6b0b, 0x6b0b, 0x6b0b,
0x6b0b, 0x630b, 0x630c, 0x62ec, 0xe54d, 0x5227, 0x0085, 0x10c6, 0x08a5, 0x08a4,
0x08a5, 0x08c5, 0x08a5, 0x08a5, 0x08c5, 0x08c5, 0x00a5, 0x1927, 0x3a4b, 0x322a,
0x324b, 0x320a, 0x320a, 0x2a0a, 0x2a0a, 0x2a0a, 0x2a0a, 0x29ea, 0x21ea, 0x21ea,
0x21ea, 0x21ca, 0x21ca, 0x19ea, 0x19ca, 0x19ca, 0x19ca, 0x19aa, 0x19aa, 0x19aa,
0x19aa, 0x19aa, 0x19a9, 0x11aa, 0x29e9, 0x1989, 0x1189, 0x1189, 0x1189, 0x1189,
0x1189, 0x1189, 0x1189, 0x1189, 0x1169, 0x1189, 0x1189, 0x1189, 0x1189, 0x1189,

0x08e6, 0x08e6, 0x08e6, 0x08e6, 0x08e6, 0x08e6, 0x08e6, 0x08e6, 0x08e6, 0x08e6,
0x08e6, 0x08e6, 0x08e6, 0x08e6, 0x08e6, 0x08e6, 0x08e6, 0x08e6, 0x08e6, 0x08e6,
0x08e6, 0x08e6, 0x08e6, 0x08e6, 0x08e6, 0x08e6, 0x08e6, 0x08e6, 0x08e6, 0x08e6,
0x08e6, 0x08e6, 0x08e6, 0x08e6, 0x08e6, 0x08e6, 0x08e6, 0x08e6, 0x08e6, 0x08e6,
0x08e6, 0x08e6, 0x08e6, 0x08e6, 0x08e6, 0x08e6, 0x08e6, 0x08e6, 0x08e6, 0x08e6,
0x08e6, 0x08e6, 0x08e6, 0x08e6, 0x08e6, 0x08e6, 0x08e6, 0x08e6, 0x08e6, 0x08e6,
0x08e6, 0x08e6, 0x08e6, 0x08e6, 0x08e6, 0x08e6, 0x08e6, 0x08e6, 0x08e6, 0x08e6,
0x08e6, 0x08e6, 0x08e6, 0x08e6, 0x08e6, 0x0906, 0x0906, 0x0906, 0x0906, 0x0906,
0x0906, 0x0906, 0x0907, 0x0906, 0x0906, 0x0907, 0x0907, 0x0907, 0x0907, 0x0907,
0x0907, 0x0907, 0x0907, 0x0907, 0x0907, 0x0907, 0x0907, 0x0907, 0x0907, 0x0927,
0x0927, 0x0927, 0x0927, 0x0927, 0x0927, 0x0927, 0x0927, 0x0927, 0x0927, 0x0927,
0x0927, 0x0927, 0x1127, 0x1127, 0x1127, 0x1127, 0x1127, 0x1127, 0x1128, 0x1148,
0x1148, 0x1148, 0x1148, 0x1148, 0x1148, 0x1148, 0x1148, 0x1148, 0x1148, 0x1148,
0x1148, 0x1148, 0x1148, 0x1148, 0x1168, 0x1968, 0x1968, 0x1968, 0x1968, 0x1968,
0x1988, 0x1988, 0x2188, 0x2188, 0x21a8, 0x21a8, 0x29a9, 0x29c9, 0x29c9, 0x29c9,
0x31e9, 0x31e9, 0x3209, 0x3a09, 0x3a09, 0x3a29, 0x4229, 0x424a, 0x4a4a, 0x526a,
0x528a, 0x5a8a, 0x62aa, 0x6aca, 0x6aea, 0x730a, 0x7b2a, 0x834b, 0x834b, 0x834b,
0xdd6d, 0xfe4e, 0xfe2e, 0xfe4e, 0xfe4e, 0xfe4f, 0xfe70, 0xfe6f, 0xfe6f, 0xfe70,
0xfe90, 0xfe90, 0xfe90, 0xfe90, 0xfe90, 0xfe90, 0xfed1, 0xddaf, 0xac0c, 0xac2c,
0xa40c, 0xa3ec, 0x9bcc, 0x9bcc, 0x93ac, 0x8b8c, 0x93ac, 0x1946, 0x31c7, 0x834b,
0x7b2b, 0x7b4c, 0x732c, 0x732b, 0x732b, 0x6b0c, 0x6aeb, 0x6b2c, 0x93cb, 0x08a5,
0x08a5, 0x08a5, 0x08a5, 0x08a5, 0x00a4, 0x50ac, 0x28c8, 0x00a4, 0x08a5, 0x08a5,
0x08c5, 0x08a5, 0x08e6, 0x4a8b, 0x62ec, 0x5aab, 0x5acb, 0x5acb, 0x5acb, 0x62ec,
0x528b, 0x2966, 0x41e7, 0x3186, 0x4a06, 0x0064, 0x08c5, 0x08a5, 0x388a, 0x48cb,
0x40cb, 0x40eb, 0x40cb, 0x30a9, 0x00a4, 0x2087, 0x20a7, 0x00a4, 0x08a5, 0x0084,
0x1946, 0x732c, 0x732c, 0x62cb, 0x6b2c, 0x732c, 0x6b0b, 0x6b0b, 0x6b2c, 0x6b0c,
0x6b0b, 0x6b0c, 0x630c, 0x630c, 0xe54d, 0x4a07, 0x0065, 0x4889, 0x1885, 0x0084,
0x0064, 0x0064, 0x00a4, 0x08a5, 0x08c5, 0x08a5, 0x00a5, 0x1947, 0x3a4b, 0x322b,
0x322b, 0x320a, 0x320a, 0x320b, 0x2a0a, 0x2a0a, 0x2a0a, 0x2a0a, 0x21ea, 0x21ea,
0x21ea, 0x21ea, 0x19ca, 0x19ea, 0x19ca, 0x19ca, 0x19ca, 0x19aa, 0x19aa, 0x19aa,
0x19aa, 0x19aa, 0x19aa, 0x11aa, 0x29e9, 0x1989, 0x1189, 0x1189, 0x1189, 0x1189,
0x1189, 0x1189, 0x1189, 0x1189, 0x1189, 0x1189, 0x1189, 0x1189, 0x1189, 0x1189,

0x08e6, 0x08e6, 0x08e6, 0x08e6, 0x08e6, 0x08e6, 0x08e6, 0x08e6, 0x08e6, 0x08e6,
0x08e6, 0x08e6, 0x08e6, 0x08e6, 0x08e6, 0x08e6, 0x08e6, 0x08e6, 0x08e6, 0x08e6,
0x08e6, 0x08e6, 0x08e6, 0x08e6, 0x08e6, 0x08e6, 0x08e6, 0x08e6, 0x08e6, 0x08e6,
0x08e6, 0x08e6, 0x08e6, 0x08e6, 0x08e6, 0x08e6, 0x08e6, 0x08e6, 0x08e6, 0x08e6,
0x08e6, 0x08e6, 0x08e6, 0x08e6, 0x08e6, 0x08e6, 0x08e6, 0x08e6, 0x08e6, 0x08e6,
0x08e6, 0x08e6, 0x08e6, 0x08e6, 0x08e6, 0x08e6, 0x08e6, 0x08e6, 0x08e6, 0x08e6,
0x08e6, 0x08e6, 0x08e6, 0x08e6, 0x08e6, 0x08e6, 0x08e6, 0x08e6, 0x08e6, 0x08e6,
0x08e6, 0x08e6, 0x08e6, 0x0906, 0x08e6, 0x0906, 0x0906, 0x0906, 0x0906, 0x0906,
0x0906, 0x0906, 0x0906, 0x0907, 0x0907, 0x0907, 0x0907, 0x0907, 0x0907, 0x0907,
0x0907, 0x0907, 0x0907, 0x0907, 0x0907, 0x0907, 0x0907, 0x0907, 0x0907, 0x0907,
0x0927, 0x0927, 0x0927, 0x0927, 0x0927, 0x0927, 0x0927, 0x0927, 0x0927, 0x0927,
0x0927, 0x1127, 0x1127, 0x1127, 0x1128, 0x1127, 0x1127, 0x1127, 0x1147, 0x1148,
0x1148, 0x1148, 0x1148, 0x1148, 0x1148, 0x1148, 0x1148, 0x1148, 0x1148, 0x1148,
0x1148, 0x1148, 0x1168, 0x1168, 0x1168, 0x1968, 0x1968, 0x1988, 0x1988, 0x1988,
0x1988, 0x1988, 0x2188, 0x2188, 0x21a8, 0x21a8, 0x29c9, 0x29c9, 0x29c9, 0x29c9,
0x31e9, 0x31e9, 0x3a09, 0x3a09, 0x3a09, 0x4229, 0x422a, 0x4a4a, 0x4a6a, 0x528a,
0x528a, 0x5aaa, 0x62ca, 0x6aca, 0x6aea, 0x730a, 0x7b2a, 0x834b, 0x834b, 0x93ab,
0xf60e, 0xfe2e, 0xfe4e, 0xfe4e, 0xfe4f, 0xfe4f, 0xfe70, 0xfe6f, 0xfe6f, 0xfe90,
0xfe90, 0xfe90, 0xfe90, 0xfe90, 0xfeb0, 0xfe90, 0xfed1, 0xc4cd, 0xac0c, 0xac2c,
0xa40c, 0xa3ec, 0x9bec, 0x9bcc, 0x93ac, 0x8b8b, 0x938c, 0x2146, 0x2146, 0x834b,
0x7b2b, 0x7b4c, 0x732c, 0x732b, 0x732c, 0x6b0c, 0x6aeb, 0x6b0c, 0x93cb, 0x08a5,
0x08a5, 0x08a5, 0x08a5, 0x08c5, 0x00a4, 0x50cc, 0x28c8, 0x00a4, 0x08a5, 0x08a5,
0x08c5, 0x08c5, 0x08a5, 0x10e6, 0x4a6a, 0x5aab, 0x5acb, 0x5acb, 0x5acb, 0x62ec,
0x528b, 0x2966, 0x4207, 0x31a7, 0x4a06, 0x0064, 0x08c5, 0x08a4, 0x10a6, 0x18a6,
0x10a6, 0x10a6, 0x10a6, 0x10a5, 0x00a4, 0x08a5, 0x10a5, 0x08a5, 0x08c5, 0x0084,
0x1946, 0x6b2c, 0x734c, 0x4229, 0x62eb, 0x732c, 0x6b0b, 0x6b2b, 0x6b2b, 0x6b0c,
0x6b0b, 0x6b2c, 0x6b0c, 0x6b2c, 0xe54d, 0x41e7, 0x0045, 0x0884, 0x41c9, 0x1946,
0x3a08, 0x2a09, 0x10e6, 0x08a5, 0x08c5, 0x08c5, 0x00a5, 0x1927, 0x3a4b, 0x322b,
0x322a, 0x320a, 0x322a, 0x322b, 0x2a0a, 0x2a0a, 0x2a2b, 0x2a0a, 0x29ea, 0x29ea,
0x21ea, 0x21ea, 0x21ea, 0x21ea, 0x19ea, 0x19ca, 0x19ca, 0x19ca, 0x19ca, 0x19aa,
0x19aa, 0x19ca, 0x19ca, 0x11aa, 0x29e9, 0x19a9, 0x11aa, 0x1189, 0x1189, 0x11a9,
0x1189, 0x1189, 0x1189, 0x1189, 0x1189, 0x1189, 0x1189, 0x1189, 0x1189, 0x1189,

0x08e6, 0x08e6, 0x08e6, 0x08e6, 0x08e6, 0x08e6, 0x08e6, 0x08e6, 0x08e6, 0x08e6,
0x08e6, 0x08e6, 0x08e6, 0x08e6, 0x08e6, 0x08e6, 0x08e6, 0x08e6, 0x08e6, 0x08e6,
0x08e6, 0x08e6, 0x08e6, 0x08e6, 0x08e6, 0x08e6, 0x08e6, 0x08e6, 0x08e6, 0x08e6,
0x08e6, 0x08e6, 0x08e6, 0x08e6, 0x08e6, 0x08e6, 0x08e6, 0x08e6, 0x08e6, 0x08e6,
0x08e6, 0x08e6, 0x08e6, 0x08e6, 0x08e6, 0x08e6, 0x08e6, 0x08e6, 0x08e6, 0x08e6,
0x08e6, 0x08e6, 0x08e6, 0x08e6, 0x08e6, 0x08e6, 0x08e6, 0x08e6, 0x08e6, 0x08e6,
0x08e6, 0x08e6, 0x08e6, 0x08e6, 0x08e6, 0x08e6, 0x08e6, 0x08e6, 0x08e6, 0x08e6,
0x08e6, 0x08e6, 0x08e6, 0x0906, 0x0906, 0x0906, 0x0906, 0x0906, 0x0906, 0x0906,
0x0906, 0x0906, 0x0906, 0x0907, 0x0907, 0x0907, 0x0907, 0x0907, 0x0907, 0x0907,
0x0907, 0x0907, 0x0907, 0x0907, 0x0907, 0x0907, 0x0907, 0x0907, 0x0907, 0x0927,
0x0927, 0x0927, 0x0927, 0x0927, 0x0927, 0x0927, 0x0927, 0x0927, 0x0927, 0x0927,
0x1127, 0x1127, 0x0927, 0x1127, 0x1128, 0x1127, 0x1127, 0x1147, 0x1148, 0x1148,
0x1148, 0x1148, 0x1148, 0x1148, 0x1148, 0x1148, 0x1148, 0x1148, 0x1148, 0x1148,
0x1148, 0x1168, 0x1168, 0x1168, 0x1168, 0x1968, 0x1968, 0x1968, 0x1988, 0x1988,
0x1988, 0x2188, 0x2188, 0x21a8, 0x21a8, 0x21a9, 0x29c9, 0x29c9, 0x29c9, 0x29e9,
0x31e9, 0x31e9, 0x3209, 0x3a09, 0x3a2a, 0x422a, 0x424a, 0x4a4a, 0x528a, 0x528a,
0x5a8a, 0x5aaa, 0x62ca, 0x6aea, 0x72ea, 0x7b0b, 0x7b2b, 0x836b, 0x834b, 0xac4c,
0xfe4e, 0xfe2e, 0xfe4e, 0xfe4f, 0xfe4f, 0xfe4f, 0xfe6f, 0xfe6f, 0xfe6f, 0xfe90,
0xfe90, 0xfe90, 0xfe90, 0xfe90, 0xfe90, 0xfeb0, 0xf650, 0xac2c, 0xac2c, 0xac2c,
0xa40c, 0xa3ec, 0x9bec, 0x9bcc, 0x93ac, 0x8b8c, 0x8b8c, 0x2146, 0x2146, 0x7b4b,
0x7b2b, 0x732c, 0x732c, 0x732c, 0x6b0b, 0x6b0c, 0x62eb, 0x6b2c, 0x93aa, 0x00a5,
0x08a5, 0x08c5, 0x08c5, 0x08a5, 0x00a3, 0x50ac, 0x28c8, 0x00a4, 0x08a5, 0x08a5,
0x08a5, 0x08c5, 0x08a5, 0x0084, 0x2147, 0x5aab, 0x5acb, 0x5acc, 0x5acb, 0x62ec,
0x52ab, 0x2986, 0x4207, 0x31a7, 0x4a07, 0x0064, 0x08c5, 0x08a5, 0x00a4, 0x00a4,
0x00a4, 0x00a4, 0x00a4, 0x00a4, 0x08a5, 0x00a4, 0x00a4, 0x08a5, 0x08a5, 0x00a4,
0x1926, 0x6b2c, 0x734d, 0x4229, 0x62cb, 0x732c, 0x6b2c, 0x6b2c, 0x6b0b, 0x6b0b,
0x6b2c, 0x6b2c, 0x6b2c, 0x6b2c, 0xe54d, 0x39a6, 0x00c6, 0x2209, 0x18e6, 0x1106,
0x1946, 0x1987, 0x08e5, 0x08a5, 0x08a5, 0x08c5, 0x0084, 0x1926, 0x3a4b, 0x322b,
0x322b, 0x322b, 0x322b, 0x324b, 0x322b, 0x322b, 0x2a2b, 0x2a0b, 0x2a0a, 0x2a0a,
0x220a, 0x21ea, 0x21ea, 0x21ea, 0x21ea, 0x19ca, 0x19ca, 0x19ca, 0x19ca, 0x19aa,
0x19aa, 0x19ca, 0x19ca, 0x19aa, 0x2a0a, 0x19a9, 0x19aa, 0x11a9, 0x11a9, 0x11a9,
0x11a9, 0x1189, 0x1189, 0x1189, 0x1189, 0x1189, 0x1189, 0x1189, 0x1189, 0x11a9,

0x08e6, 0x08e6, 0x08e6, 0x08e6, 0x08e6, 0x08e6, 0x08e6, 0x08e6, 0x08e6, 0x08e6,
0x08e6, 0x08e6, 0x08e6, 0x08e6, 0x08e6, 0x08e6, 0x08e6, 0x08e6, 0x08e6, 0x08e6,
0x08e6, 0x08e6, 0x08e6, 0x08e6, 0x08e6, 0x08e6, 0x08e6, 0x08e6, 0x08e6, 0x08e6,
0x08e6, 0x08e6, 0x08e6, 0x08e6, 0x08e6, 0x08e6, 0x08e6, 0x08e6, 0x08e6, 0x08e6,
0x08e6, 0x08e6, 0x08e6, 0x08e6, 0x08e6, 0x08e6, 0x08e6, 0x08e6, 0x08e6, 0x08e6,
0x08e6, 0x08e6, 0x08e6, 0x08e6, 0x08e6, 0x08e6, 0x08e6, 0x08e6, 0x08e6, 0x08e6,
0x08e6, 0x08e6, 0x08e6, 0x08e6, 0x08e6, 0x08e6, 0x08e6, 0x08e6, 0x08e6, 0x08e6,
0x08e6, 0x08e6, 0x0906, 0x0906, 0x0906, 0x0906, 0x0906, 0x0906, 0x0906, 0x0906,
0x0906, 0x0907, 0x0907, 0x0906, 0x0907, 0x0907, 0x0907, 0x0907, 0x0907, 0x0907,
0x0907, 0x0907, 0x0907, 0x0907, 0x0907, 0x0927, 0x0907, 0x0927, 0x0927, 0x0927,
0x0927, 0x0927, 0x0927, 0x0927, 0x0927, 0x0927, 0x0927, 0x1127, 0x0927, 0x0927,
0x0927, 0x1127, 0x1127, 0x1127, 0x1128, 0x1128, 0x1128, 0x1148, 0x1148, 0x1148,
0x1148, 0x1148, 0x1148, 0x1148, 0x1148, 0x1148, 0x1148, 0x1148, 0x1148, 0x1148,
0x1168, 0x1168, 0x1168, 0x1168, 0x1168, 0x1968, 0x1968, 0x1988, 0x1988, 0x1988,
0x1988, 0x1988, 0x2189, 0x21a8, 0x21a9, 0x21a9, 0x29c9, 0x29c9, 0x29c9, 0x31e9,
0x31e9, 0x3209, 0x3a09, 0x3a09, 0x422a, 0x424a, 0x424a, 0x4a6a, 0x52ab, 0x528a,
0x5aaa, 0x62aa, 0x62ca, 0x6aea, 0x730a, 0x7b2b, 0x834b, 0x8b6b, 0x834b, 0xcced,
0xfe6e, 0xfe2e, 0xfe4e, 0xfe4f, 0xfe4f, 0xfe6f, 0xfe6f, 0xfe70, 0xfe90, 0xfe90,
0xfe90, 0xfe90, 0xfe90, 0xfeb0, 0xfe90, 0xfed1, 0xddaf, 0xac0c, 0xac4c, 0xac2c,
0xa40c, 0x9bec, 0x9bec, 0x9bcc, 0x93ac, 0x8b8c, 0x8b8c, 0x2986, 0x1946, 0x7b4b,
0x7b2b, 0x732c, 0x732c, 0x6b0c, 0x6b0b, 0x6b0b, 0x62eb, 0x6b0c, 0x93aa, 0x00a5,
0x08c5, 0x08a5, 0x08c5, 0x08c5, 0x00a3, 0x58ac, 0x28c8, 0x00a4, 0x08a5, 0x08a5,
0x08a5, 0x08a5, 0x08a5, 0x08a4, 0x1926, 0x5aab, 0x5acb, 0x5acb, 0x5acb, 0x62ec,
0x4a8b, 0x31a6, 0x4207, 0x2987, 0x4a06, 0x0064, 0x08c5, 0x08a5, 0x08a5, 0x08c5,
0x08a4, 0x08a4, 0x08a5, 0x08a5, 0x08a5, 0x08a5, 0x08a5, 0x08a5, 0x08a5, 0x00a5,
0x1926, 0x6b2c, 0x734c, 0x3a09, 0x62cb, 0x732c, 0x6b2c, 0x6b2c, 0x6b2c, 0x6b2c,
0x6b2c, 0x6b2c, 0x6b0c, 0x6b2c, 0xe52c, 0x3165, 0x00e6, 0x224a, 0x0084, 0x00c5,
0x00a5, 0x00a5, 0x08c5, 0x08c5, 0x08a5, 0x08a4, 0x0084, 0x1126, 0x3a4b, 0x322b,
0x426b, 0x29ea, 0x29ea, 0x29ea, 0x29ea, 0x29ea, 0x2a0b, 0x2a0b, 0x2a0b, 0x2a0b,
0x220b, 0x21ea, 0x21eb, 0x21ea, 0x21ea, 0x19ea, 0x19ea, 0x19ca, 0x19ca, 0x19ca,
0x19ca, 0x19ca, 0x19ca, 0x19ca, 0x2a09, 0x19a9, 0x11aa, 0x11aa, 0x11aa, 0x11aa,
0x11a9, 0x11a9, 0x11a9, 0x11a9, 0x1189, 0x11a9, 0x11a9, 0x1189, 0x1189, 0x11aa,

0x08e6, 0x08e6, 0x08e6, 0x08e6, 0x08e6, 0x08e6, 0x08e6, 0x08e6, 0x08e6, 0x08e6,
0x08e6, 0x08e6, 0x08e6, 0x08e6, 0x08e6, 0x08e6, 0x08e6, 0x08e6, 0x08e6, 0x08e6,
0x08e6, 0x08e6, 0x08e6, 0x08e6, 0x08e6, 0x08e6, 0x08e6, 0x08e6, 0x08e6, 0x08e6,
0x08e6, 0x08e6, 0x08e6, 0x08e6, 0x08e6, 0x08e6, 0x08e6, 0x08e6, 0x08e6, 0x08e6,
0x08e6, 0x08e6, 0x08e6, 0x08e6, 0x08e6, 0x08e6, 0x08e6, 0x08e6, 0x08e6, 0x08e6,
0x08e6, 0x08e6, 0x08e6, 0x08e6, 0x08e6, 0x08e6, 0x08e6, 0x08e6, 0x08e6, 0x08e6,
0x08e6, 0x08e6, 0x08e6, 0x08e6, 0x08e6, 0x08e6, 0x08e6, 0x08e6, 0x08e6, 0x08e6,
0x0906, 0x0906, 0x0906, 0x0906, 0x0906, 0x0906, 0x0906, 0x0906, 0x0906, 0x0907,
0x0907, 0x0907, 0x0907, 0x0907, 0x0907, 0x0907, 0x0907, 0x0907, 0x0907, 0x0907,
0x0907, 0x0907, 0x0907, 0x0907, 0x0907, 0x0927, 0x0907, 0x0927, 0x0927, 0x0927,
0x0927, 0x0927, 0x0927, 0x0927, 0x0927, 0x0927, 0x0927, 0x0927, 0x0927, 0x0927,
0x1127, 0x0927, 0x1127, 0x0927, 0x1148, 0x1147, 0x1127, 0x1148, 0x1148, 0x1148,
0x1148, 0x1148, 0x1148, 0x1148, 0x1148, 0x1148, 0x1148, 0x1148, 0x1148, 0x1148,
0x1148, 0x1168, 0x1168, 0x1168, 0x1968, 0x1968, 0x1968, 0x1988, 0x1988, 0x1988,
0x1988, 0x1988, 0x21a8, 0x21a9, 0x21a9, 0x29c9, 0x29c9, 0x29c9, 0x29c9, 0x31e9,
0x31e9, 0x3209, 0x3a09, 0x3a09, 0x422a, 0x4229, 0x4a4a, 0x4a6a, 0x52ab, 0x5a8a,
0x5aaa, 0x62aa, 0x6aca, 0x6aea, 0x730b, 0x7b2b, 0x834b, 0x8b6b, 0x8b6b, 0xe58d,
0xfe4e, 0xfe2f, 0xfe2f, 0xfe4f, 0xfe6f, 0xfe6f, 0xfe70, 0xfe70, 0xfe90, 0xfe90,
0xfe90, 0xfe90, 0xfeb0, 0xfeb0, 0xfe90, 0xfed1, 0xcd0e, 0xac0c, 0xac2c, 0xac0c,
0xa3ec, 0x9bec, 0x9bec, 0x93cc, 0x93cc, 0x8b8c, 0xc4ad, 0x39c7, 0x1926, 0x836c,
0x7b4c, 0x732c, 0x734c, 0x6b2c, 0x6b0c, 0x6b0b, 0x62eb, 0x838c, 0x8b8a, 0x0084,
0x08a5, 0x08a5, 0x08c5, 0x08c5, 0x00a3, 0x58cc, 0x30c8, 0x00a4, 0x08a5, 0x08c5,
0x08a5, 0x08a5, 0x08a4, 0x0084, 0x1926, 0x5aab, 0x5acc, 0x5acb, 0x5acb, 0x5aec,
0x4a6b, 0x4228, 0x4a28, 0x2986, 0x4a06, 0x0064, 0x08c5, 0x08a5, 0x08a5, 0x08a5,
0x00a4, 0x08a4, 0x08a5, 0x08a5, 0x08a5, 0x08a5, 0x08a5, 0x08c5, 0x08a5, 0x00a4,
0x1926, 0x6b0c, 0x732c, 0x39e8, 0x62cb, 0x732c, 0x6b2c, 0x732c, 0x734c, 0x736d,
0x734c, 0x6b2c, 0x6b0c, 0x6b2c, 0xe52c, 0x3186, 0x0064, 0x0863, 0x08a5, 0x08a5,
0x08c5, 0x08c5, 0x08c5, 0x08c5, 0x08c5, 0x08a5, 0x0084, 0x1926, 0x322b, 0x4aab,
0x83aa, 0x0907, 0x1148, 0x1148, 0x1147, 0x1127, 0x1989, 0x2a2b, 0x2a0b, 0x2a0b,
0x220b, 0x220b, 0x220b, 0x21eb, 0x21eb, 0x21eb, 0x19ea, 0x19ea, 0x19ca, 0x19ca,
0x19ca, 0x19ca, 0x19ca, 0x19ca, 0x29e9, 0x1988, 0x19aa, 0x11aa, 0x11aa, 0x11aa,
0x11a9, 0x11a9, 0x11a9, 0x11aa, 0x11a9, 0x11a9, 0x11aa, 0x1189, 0x1189, 0x11aa,

0x08e6, 0x08e6, 0x08e6, 0x08e6, 0x08e6, 0x08e6, 0x08e6, 0x08e6, 0x08e6, 0x08e6,
0x08e6, 0x08e6, 0x08e6, 0x08e6, 0x08e6, 0x08e6, 0x08e6, 0x08e6, 0x08e6, 0x08e6,
0x08e6, 0x08e6, 0x08e6, 0x08e6, 0x08e6, 0x08e6, 0x08e6, 0x08e6, 0x08e6, 0x08e6,
0x08e6, 0x08e6, 0x08e6, 0x08e6, 0x08e6, 0x08e6, 0x08e6, 0x08e6, 0x08e6, 0x08e6,
0x08e6, 0x08e6, 0x08e6, 0x08e6, 0x08e6, 0x08e6, 0x08e6, 0x08e6, 0x08e6, 0x08e6,
0x08e6, 0x08e6, 0x08e6, 0x08e6, 0x08e6, 0x08e6, 0x08e6, 0x08e6, 0x08e6, 0x08e6,
0x08e6, 0x08e6, 0x08e6, 0x08e6, 0x08e6, 0x08e6, 0x08e6, 0x08e6, 0x08e6, 0x0906,
0x0906, 0x0906, 0x0906, 0x0906, 0x0906, 0x0906, 0x0906, 0x0906, 0x0906, 0x0906,
0x0907, 0x0907, 0x0907, 0x0907, 0x0907, 0x0907, 0x0907, 0x0907, 0x0907, 0x0907,
0x0907, 0x0907, 0x0907, 0x0907, 0x0927, 0x0927, 0x0927, 0x0927, 0x0927, 0x0927,
0x0927, 0x0927, 0x0927, 0x0927, 0x0927, 0x0927, 0x0927, 0x0927, 0x1127, 0x0927,
0x1127, 0x1127, 0x1127, 0x1148, 0x1147, 0x1147, 0x1148, 0x1148, 0x1148, 0x1148,
0x1148, 0x1148, 0x1148, 0x1148, 0x1148, 0x1148, 0x1148, 0x1148, 0x1148, 0x1148,
0x1168, 0x1168, 0x1168, 0x1168, 0x1168, 0x1968, 0x1968, 0x1988, 0x1988, 0x1988,
0x1988, 0x21a8, 0x21a9, 0x21a9, 0x21a9, 0x21c9, 0x29c9, 0x29c9, 0x29e9, 0x31e9,
0x3209, 0x3209, 0x3a09, 0x3a2a, 0x422a, 0x4229, 0x4a4a, 0x4a6a, 0x52ab, 0x5aaa,
0x5aaa, 0x62ca, 0x6aea, 0x6aea, 0x732b, 0x7b2b, 0x834b, 0x8b6b, 0x93ab, 0xf5ee,
0xfe4f, 0xfe2e, 0xfe4f, 0xfe4f, 0xfe6f, 0xfe6f, 0xfe70, 0xfe90, 0xfe90, 0xfe90,
0xfe90, 0xfe90, 0xfeb0, 0xfeb0, 0xfeb1, 0xfeb1, 0xbcad, 0xac2c, 0xac2c, 0xac0c,
0xa40c, 0x9bec, 0x9bec, 0x93cc, 0x93ac, 0x9bed, 0xa40b, 0x00a5, 0x2147, 0x834b,
0x7b4c, 0x734c, 0x734c, 0x6b2c, 0x6b0c, 0x62eb, 0x8bcc, 0x6ac8, 0x08a5, 0x08c5,
0x08a5, 0x08a4, 0x08c5, 0x08c5, 0x00a3, 0x50cc, 0x30c8, 0x00a4, 0x08a5, 0x08c5,
0x08a5, 0x08a5, 0x08a5, 0x0084, 0x2126, 0x5acb, 0x5acc, 0x5acc, 0x5acb, 0x5aec,
0x4a6b, 0x5248, 0x4207, 0x2986, 0x4a07, 0x0065, 0x08c5, 0x08c5, 0x08a5, 0x08a5,
0x00a4, 0x08a4, 0x08a5, 0x08a5, 0x08a5, 0x08a5, 0x08a5, 0x08a5, 0x08a5, 0x00a4,
0x1926, 0x6b0c, 0x734c, 0x39e8, 0x62cb, 0x734c, 0x6b4c, 0x734c, 0x6b4d, 0x630c,
0x734d, 0x6b2c, 0x6b2c, 0x732c, 0xe50c, 0x3165, 0x0064, 0x08e5, 0x0906, 0x0906,
0x08e6, 0x08c5, 0x08c5, 0x08c5, 0x08c5, 0x08a5, 0x0084, 0x1926, 0x320b, 0x52cb,
0x8bca, 0x0107, 0x1168, 0x0947, 0x1147, 0x1147, 0x1988, 0x2a2c, 0x2a2b, 0x2a2b,
0x2a0b, 0x220b, 0x220b, 0x220b, 0x21eb, 0x21eb, 0x21eb, 0x21eb, 0x19ea, 0x19ea,
0x19ea, 0x19ea, 0x19ca, 0x19cb, 0x29e9, 0x1189, 0x19ca, 0x19aa, 0x11aa, 0x11aa,
0x11aa, 0x11aa, 0x11aa, 0x11aa, 0x11aa, 0x11aa, 0x11aa, 0x11aa, 0x1189, 0x11aa,

0x08e6, 0x08e6, 0x08e6, 0x08e6, 0x08e6, 0x08e6, 0x08e6, 0x08e6, 0x08e6, 0x08e6,
0x08e6, 0x08e6, 0x08e6, 0x08e6, 0x08e6, 0x08e6, 0x08e6, 0x08e6, 0x08e6, 0x08e6,
0x08e6, 0x08e6, 0x08e6, 0x08e6, 0x08e6, 0x08e6, 0x08e6, 0x08e6, 0x08e6, 0x08e6,
0x08e6, 0x08e6, 0x08e6, 0x08e6, 0x08e6, 0x08e6, 0x08e6, 0x08e6, 0x08e6, 0x08e6,
0x08e6, 0x08e6, 0x08e6, 0x08e6, 0x08e6, 0x08e6, 0x08e6, 0x08e6, 0x08e6, 0x08e6,
0x08e6, 0x08e6, 0x08e6, 0x08e6, 0x08e6, 0x08e6, 0x08e6, 0x08e6, 0x08e6, 0x08e6,
0x08e6, 0x08e6, 0x08e6, 0x08e6, 0x08e6, 0x08e6, 0x08e6, 0x08e6, 0x08e6, 0x0906,
0x0906, 0x0906, 0x0906, 0x0906, 0x0906, 0x0906, 0x0907, 0x0907, 0x0907, 0x0907,
0x0907, 0x0907, 0x0907, 0x0907, 0x0907, 0x0907, 0x0907, 0x0907, 0x0907, 0x0907,
0x0907, 0x0907, 0x0927, 0x0927, 0x0927, 0x0927, 0x0927, 0x0927, 0x0927, 0x0927,
0x0927, 0x0927, 0x0927, 0x0927, 0x0927, 0x0927, 0x0927, 0x1127, 0x0927, 0x0927,
0x0927, 0x1127, 0x1147, 0x1148, 0x0948, 0x1148, 0x1148, 0x1148, 0x1148, 0x1148,
0x1148, 0x1148, 0x1148, 0x1148, 0x1148, 0x1148, 0x1148, 0x1148, 0x1168, 0x1168,
0x1168, 0x1168, 0x1168, 0x1168, 0x1968, 0x1968, 0x1988, 0x1988, 0x1988, 0x1988,
0x2188, 0x21a9, 0x21a9, 0x21a9, 0x21c9, 0x29c9, 0x29c9, 0x29c9, 0x29e9, 0x31e9,
0x3209, 0x3a0a, 0x3a09, 0x3a2a, 0x424a, 0x424a, 0x4a4a, 0x4a6a, 0x528a, 0x5aaa,
0x5aaa, 0x62cb, 0x6aeb, 0x6b0b, 0x732b, 0x7b2b, 0x834b, 0x836b, 0xa40c, 0xfe2e,
0xfe2e, 0xfe2f, 0xfe4f, 0xfe4f, 0xfe6f, 0xfe70, 0xfe70, 0xfe90, 0xfe90, 0xfe90,
0xfeb0, 0xfeb0, 0xfeb0, 0xfeb0, 0xfed1, 0xf650, 0xb46d, 0xac4c, 0xac2c, 0xa40c,
0xa40c, 0x9bec, 0x9bec, 0x9bcc, 0x93ac, 0xa42e, 0x4a28, 0x0085, 0x2146, 0x834b,
0x734c, 0x732c, 0x734c, 0x6b2c, 0x6b0c, 0x62ec, 0x8bec, 0x5268, 0x0064, 0x08c5,
0x08a5, 0x08a5, 0x08c5, 0x08c5, 0x00a3, 0x50cc, 0x30c8, 0x00a4, 0x08a5, 0x08c6,
0x08a5, 0x08a5, 0x08c5, 0x0084, 0x2146, 0x5acb, 0x52ab, 0x5acc, 0x5acb, 0x5aec,
0x422a, 0x31a6, 0x31c7, 0x2986, 0x4a07, 0x0065, 0x08c5, 0x08a5, 0x08c5, 0x08a5,
0x00a4, 0x08a5, 0x08a5, 0x08a5, 0x08a5, 0x08a5, 0x08a5, 0x08a5, 0x08a5, 0x0084,
0x1926, 0x6b2c, 0x734c, 0x39e8, 0x5acb, 0x734d, 0x6b4c, 0x736d, 0x6b2c, 0x31c9,
0x736d, 0x734c, 0x6b2c, 0x732c, 0xe52c, 0x3165, 0x0023, 0x0b2d, 0x0bf0, 0x0c10,
0x0a4b, 0x08a5, 0x08e5, 0x08c5, 0x08c5, 0x08c5, 0x0084, 0x1126, 0x31ea, 0x5aec,
0x83ca, 0x10e8, 0x2969, 0x316a, 0x2949, 0x1127, 0x1968, 0x2a2b, 0x2a2b, 0x2a2b,
0x2a2b, 0x220b, 0x220b, 0x220b, 0x220b, 0x220b, 0x21eb, 0x220b, 0x19eb, 0x19ea,
0x19ea, 0x19ea, 0x19ca, 0x21eb, 0x21c9, 0x29c8, 0x21c9, 0x11aa, 0x19aa, 0x11aa,
0x11aa, 0x11aa, 0x11aa, 0x11aa, 0x11aa, 0x11aa, 0x11aa, 0x11aa, 0x11aa, 0x11aa,

0x08e6, 0x08e6, 0x08e6, 0x08e6, 0x08e6, 0x08e6, 0x08e6, 0x08e6, 0x08e6, 0x08e6,
0x08e6, 0x08e6, 0x08e6, 0x08e6, 0x08e6, 0x08e6, 0x08e6, 0x08e6, 0x08e6, 0x08e6,
0x08e6, 0x08e6, 0x08e6, 0x08e6, 0x08e6, 0x08e6, 0x08e6, 0x08e6, 0x08e6, 0x08e6,
0x08e6, 0x08e6, 0x08e6, 0x08e6, 0x08e6, 0x08e6, 0x08e6, 0x08e6, 0x08e6, 0x08e6,
0x08e6, 0x08e6, 0x08e6, 0x08e6, 0x08e6, 0x08e6, 0x08e6, 0x08e6, 0x08e6, 0x08e6,
0x08e6, 0x08e6, 0x08e6, 0x08e6, 0x08e6, 0x08e6, 0x08e6, 0x08e6, 0x08e6, 0x08e6,
0x08e6, 0x08e6, 0x08e6, 0x08e6, 0x08e6, 0x08e6, 0x08e6, 0x08e6, 0x08e6, 0x0906,
0x0906, 0x0906, 0x0906, 0x0906, 0x0906, 0x0906, 0x0906, 0x0907, 0x0907, 0x0906,
0x0907, 0x0907, 0x0907, 0x0907, 0x0907, 0x0907, 0x0907, 0x0907, 0x0907, 0x0907,
0x0907, 0x0927, 0x0927, 0x0907, 0x0927, 0x0927, 0x0927, 0x0927, 0x0927, 0x0927,
0x0927, 0x0927, 0x0927, 0x0927, 0x0927, 0x0927, 0x0927, 0x1127, 0x0927, 0x1127,
0x1128, 0x1127, 0x1127, 0x1148, 0x1148, 0x1148, 0x1148, 0x1148, 0x1148, 0x1148,
0x1148, 0x1148, 0x1148, 0x1148, 0x1148, 0x1148, 0x1148, 0x1148, 0x1148, 0x1168,
0x1168, 0x1168, 0x1168, 0x1168, 0x1968, 0x1968, 0x1988, 0x1988, 0x1988, 0x1988,
0x1988, 0x21a9, 0x21a9, 0x21a9, 0x21a9, 0x29c9, 0x29c9, 0x29c9, 0x29e9, 0x31e9,
0x31e9, 0x3a0a, 0x3a0a, 0x422a, 0x424a, 0x424a, 0x4a4a, 0x4a6a, 0x528a, 0x5aaa,
0x62ca, 0x62eb, 0x6aeb, 0x730b, 0x732b, 0x7b4b, 0x8b6b, 0x834b, 0xb46c, 0xfe4f,
0xfe2f, 0xfe4f, 0xfe4f, 0xfe6f, 0xfe6f, 0xfe6f, 0xfe70, 0xfe90, 0xfe90, 0xfeb0,
0xf670, 0xee50, 0xfeb0, 0xfe90, 0xfed1, 0xe5f0, 0xb44d, 0xb44d, 0xac2c, 0xa40c,
0xa3ec, 0x9bec, 0x9bec, 0x93cc, 0x8b8d, 0xc4ee, 0x4227, 0x0907, 0x31c8, 0x7b4c,
0x7b4c, 0x734c, 0x732c, 0x6b2c, 0x6b0c, 0x62cb, 0x8bcd, 0x5268, 0x0065, 0x08c5,
0x08a5, 0x08a5, 0x08c5, 0x08a5, 0x00a4, 0x50cc, 0x30c9, 0x00a4, 0x08a5, 0x08c5,
0x08a5, 0x08a5, 0x08a4, 0x0084, 0x1906, 0x5acb, 0x52ab, 0x5acc, 0x5acc, 0x630c,
0x3a2a, 0x31a6, 0x39c6, 0x2986, 0x4a27, 0x0065, 0x08c5, 0x08a5, 0x08a5, 0x08c5,
0x08a5, 0x00a4, 0x00a5, 0x08a5, 0x08a4, 0x08a4, 0x08a5, 0x08a5, 0x08a5, 0x00a4,
0x1926, 0x6b2c, 0x734c, 0x31c8, 0x5acb, 0x734c, 0x6b4c, 0x736d, 0x6b2c, 0x31e8,
0x736d, 0x6b4c, 0x6b2c, 0x734c, 0xe52c, 0x31a7, 0x00c6, 0x0864, 0x0884, 0x08a4,
0x08c5, 0x08c5, 0x08c5, 0x00c5, 0x08c5, 0x08c5, 0x00a4, 0x1927, 0x320b, 0x5b0c,
0x83aa, 0x290a, 0x51ad, 0x314a, 0x2149, 0x1127, 0x1168, 0x2a2b, 0x2a2b, 0x2a2b,
0x2a2b, 0x220b, 0x220b, 0x220b, 0x220b, 0x220b, 0x220b, 0x220b, 0x1a0b, 0x19eb,
0x19eb, 0x19eb, 0x19ea, 0x11cb, 0x4a8a, 0x5a67, 0x1127, 0x19ca, 0x19aa, 0x11aa,
0x11aa, 0x11aa, 0x11aa, 0x11ca, 0x11aa, 0x11aa, 0x19ca, 0x11aa, 0x11aa, 0x11aa,

0x08e6, 0x08e6, 0x08e6, 0x08e6, 0x08e6, 0x08e6, 0x08e6, 0x08e6, 0x08e6, 0x08e6,
0x08e6, 0x08e6, 0x08e6, 0x08e6, 0x08e6, 0x08e6, 0x08e6, 0x08e6, 0x08e6, 0x08e6,
0x08e6, 0x08e6, 0x08e6, 0x08e6, 0x08e6, 0x08e6, 0x08e6, 0x08e6, 0x08e6, 0x08e6,
0x08e6, 0x08e6, 0x08e6, 0x08e6, 0x08e6, 0x08e6, 0x08e6, 0x08e6, 0x08e6, 0x08e6,
0x08e6, 0x08e6, 0x08e6, 0x08e6, 0x08e6, 0x08e6, 0x08e6, 0x08e6, 0x08e6, 0x08e6,
0x08e6, 0x08e6, 0x08e6, 0x08e6, 0x08e6, 0x08e6, 0x08e6, 0x08e6, 0x08e6, 0x08e6,
0x08e6, 0x08e6, 0x08e6, 0x08e6, 0x08e6, 0x08e6, 0x08e6, 0x0906, 0x0906, 0x0906,
0x0906, 0x0906, 0x0906, 0x0906, 0x0906, 0x0906, 0x0907, 0x0907, 0x0907, 0x0907,
0x0907, 0x0907, 0x0907, 0x0907, 0x0907, 0x0907, 0x0907, 0x0907, 0x0907, 0x0907,
0x0907, 0x0907, 0x0927, 0x0927, 0x0927, 0x0927, 0x0927, 0x0927, 0x0927, 0x0927,
0x0927, 0x0927, 0x0927, 0x0927, 0x0927, 0x0927, 0x0927, 0x0927, 0x0927, 0x1127,
0x1128, 0x1147, 0x1148, 0x1148, 0x1148, 0x1148, 0x1148, 0x1148, 0x1148, 0x1148,
0x1148, 0x1148, 0x1148, 0x1148, 0x1148, 0x1148, 0x1148, 0x1148, 0x1168, 0x1168,
0x1168, 0x1168, 0x1168, 0x1168, 0x1968, 0x1968, 0x1988, 0x1988, 0x1988, 0x1989,
0x19a9, 0x21a9, 0x21a9, 0x21a9, 0x21c9, 0x29c9, 0x29c9, 0x29e9, 0x31e9, 0x31e9,
0x3209, 0x3a0a, 0x3a2a, 0x422a, 0x424a, 0x4a4a, 0x4a6a, 0x526a, 0x528a, 0x5aaa,
0x62ca, 0x62eb, 0x6b0b, 0x730b, 0x7b2b, 0x834b, 0x8b6b, 0x834b, 0xc4ac, 0xfe6f,
0xfe2f, 0xfe4f, 0xfe4f, 0xfe6f, 0xfe6f, 0xfe70, 0xfe90, 0xfe90, 0xfe90, 0xfed0,
0xd5cf, 0xbd4f, 0xfef1, 0xfe90, 0xfed1, 0xdd8f, 0xac4d, 0xb46d, 0xac4d, 0xac2d,
0xa40d, 0x9bec, 0x93cc, 0x93ac, 0xbcad, 0x7329, 0x10e6, 0x21a9, 0x3209, 0x834c,
0x7b4c, 0x734c, 0x734c, 0x6b2c, 0x6b0c, 0x62eb, 0x8bed, 0x5268, 0x0064, 0x08c5,
0x08a5, 0x08a5, 0x08a5, 0x08c5, 0x00a4, 0x50cc, 0x30c9, 0x00a4, 0x08a5, 0x08c5,
0x08a4, 0x08a4, 0x08a4, 0x08a5, 0x0084, 0x29a8, 0x5aec, 0x52cb, 0x5acc, 0x630c,
0x3a2a, 0x31a6, 0x39c6, 0x2986, 0x4a07, 0x0065, 0x08a5, 0x08a5, 0x08a5, 0x08c5,
0x00a5, 0x40ea, 0x28e8, 0x08a5, 0x08a4, 0x00a4, 0x08a5, 0x08a5, 0x08a5, 0x00a4,
0x1926, 0x6b2c, 0x734c, 0x31c8, 0x5acb, 0x734c, 0x6b4c, 0x736d, 0x6b0c, 0x31a8,
0x736d, 0x734c, 0x6b2c, 0x734c, 0xe52c, 0x31a6, 0x00a5, 0x0884, 0x08a4, 0x08a5,
0x08a5, 0x08c5, 0x08a5, 0x08c5, 0x08c5, 0x08e5, 0x00a4, 0x1947, 0x322c, 0x5aeb,
0x83ca, 0x00e7, 0x1148, 0x0926, 0x0927, 0x1147, 0x1168, 0x2a2b, 0x2a2b, 0x2a2b,
0x2a2b, 0x2a2b, 0x222b, 0x222b, 0x220b, 0x220b, 0x220b, 0x220b, 0x220b, 0x220b,
0x19eb, 0x220b, 0x11cb, 0x3a6b, 0x7b69, 0x08c5, 0x0928, 0x19ca, 0x19aa, 0x19aa,
0x11aa, 0x11aa, 0x11aa, 0x19ca, 0x11aa, 0x11aa, 0x11ca, 0x11aa, 0x11aa, 0x11aa,

0x08e6, 0x08e6, 0x08e6, 0x08e6, 0x08e6, 0x08e6, 0x08e6, 0x08e6, 0x08e6, 0x08e6,
0x08e6, 0x08e6, 0x08e6, 0x08e6, 0x08e6, 0x08e6, 0x08e6, 0x08e6, 0x08e6, 0x08e6,
0x08e6, 0x08e6, 0x08e6, 0x08e6, 0x08e6, 0x08e6, 0x08e6, 0x08e6, 0x08e6, 0x08e6,
0x08e6, 0x08e6, 0x08e6, 0x08e6, 0x08e6, 0x08e6, 0x08e6, 0x08e6, 0x08e6, 0x08e6,
0x08e6, 0x08e6, 0x08e6, 0x08e6, 0x08e6, 0x08e6, 0x08e6, 0x08e6, 0x08e6, 0x08e6,
0x08e6, 0x08e6, 0x08e6, 0x08e6, 0x08e6, 0x08e6, 0x08e6, 0x08e6, 0x08e6, 0x08e6,
0x08e6, 0x08e6, 0x08e6, 0x08e6, 0x08e6, 0x0906, 0x0906, 0x0906, 0x0906, 0x0906,
0x0906, 0x0906, 0x0906, 0x0906, 0x0906, 0x0907, 0x0907, 0x0907, 0x0907, 0x0907,
0x0907, 0x0907, 0x0907, 0x0907, 0x0907, 0x0907, 0x0907, 0x0907, 0x0907, 0x0927,
0x0927, 0x0927, 0x0927, 0x0927, 0x0927, 0x0927, 0x0927, 0x0927, 0x0927, 0x0927,
0x0927, 0x0927, 0x0927, 0x0927, 0x0927, 0x1127, 0x1127, 0x1127, 0x1127, 0x1148,
0x1147, 0x1148, 0x1148, 0x1148, 0x1148, 0x1148, 0x1148, 0x1148, 0x1148, 0x1148,
0x1148, 0x1148, 0x1148, 0x1148, 0x1148, 0x1148, 0x1148, 0x1148, 0x1168, 0x1168,
0x1168, 0x1168, 0x1168, 0x1168, 0x1968, 0x1988, 0x1988, 0x1988, 0x1989, 0x1989,
0x19a9, 0x21a9, 0x21a9, 0x21a9, 0x21c9, 0x29c9, 0x29c9, 0x29e9, 0x31e9, 0x31e9,
0x3209, 0x3a09, 0x3a2a, 0x422a, 0x424a, 0x4a4a, 0x4a6a, 0x526a, 0x528a, 0x5acb,
0x62ca, 0x6b0b, 0x6b0b, 0x730b, 0x7b2b, 0x834b, 0x8b8b, 0x834b, 0xcd0d, 0xfe6f,
0xfe2f, 0xfe4f, 0xfe4f, 0xfe6f, 0xfe70, 0xfe70, 0xfe90, 0xfe90, 0xfe90, 0xfed1,
0xddef, 0xc56f, 0xfef1, 0xfe91, 0xfed1, 0xcd4e, 0xac2c, 0xb44d, 0xac4d, 0xac4d,
0xa40d, 0x9bcc, 0x9bcc, 0xbcad, 0x5247, 0x0085, 0x1127, 0x08c6, 0x2167, 0x836c,
0x7b4c, 0x734c, 0x734d, 0x6b2c, 0x6b2c, 0x62ec, 0x8bcd, 0x5268, 0x0064, 0x08c5,
0x08a5, 0x08c5, 0x08a5, 0x08c5, 0x00a3, 0x48ab, 0x30a9, 0x00a3, 0x00a4, 0x00a4,
0x08a5, 0x08a4, 0x08a4, 0x08a4, 0x08a4, 0x0084, 0x39e9, 0x5aec, 0x5acc, 0x630c,
0x3a2a, 0x31a6, 0x31c6, 0x2966, 0x4a27, 0x0065, 0x08c5, 0x08a5, 0x08a5, 0x08c5,
0x08c5, 0x10c5, 0x08a5, 0x08a4, 0x08a4, 0x08a5, 0x08a5, 0x08a5, 0x08a5, 0x00a4,
0x1926, 0x6b2c, 0x734d, 0x39e8, 0x62cb, 0x734c, 0x6b2c, 0x734d, 0x630c, 0x29a8,
0x736d, 0x734d, 0x6b2c, 0x7b6d, 0xe54d, 0x3186, 0x0064, 0x08a5, 0x08a4, 0x08c5,
0x08a4, 0x00a5, 0x08a5, 0x08c5, 0x08c5, 0x08e5, 0x00a5, 0x1947, 0x322c, 0x5aec,
0x83ca, 0x00e7, 0x1148, 0x1127, 0x1127, 0x1127, 0x1168, 0x2a2b, 0x2a4c, 0x2a2b,
0x2a2b, 0x2a2b, 0x222b, 0x222b, 0x222b, 0x220b, 0x220b, 0x220b, 0x220b, 0x220b,
0x220b, 0x19eb, 0x2a2c, 0x83aa, 0x1905, 0x00a5, 0x1148, 0x19ca, 0x19aa, 0x19ca,
0x11aa, 0x19aa, 0x11aa, 0x11aa, 0x11aa, 0x11aa, 0x11ca, 0x11aa, 0x11aa, 0x19ca,

0x08e6, 0x08e6, 0x08e6, 0x08e6, 0x08e6, 0x08e6, 0x08e6, 0x08e6, 0x08e6, 0x08e6,
0x08e6, 0x08e6, 0x08e6, 0x08e6, 0x08e6, 0x08e6, 0x08e6, 0x08e6, 0x08e6, 0x08e6,
0x08e6, 0x08e6, 0x08e6, 0x08e6, 0x08e6, 0x08e6, 0x08e6, 0x08e6, 0x08e6, 0x08e6,
0x08e6, 0x08e6, 0x08e6, 0x08e6, 0x08e6, 0x08e6, 0x08e6, 0x08e6, 0x08e6, 0x08e6,
0x08e6, 0x08e6, 0x08e6, 0x08e6, 0x08e6, 0x08e6, 0x08e6, 0x08e6, 0x08e6, 0x08e6,
0x08e6, 0x08e6, 0x08e6, 0x08e6, 0x08e6, 0x08e6, 0x08e6, 0x08e6, 0x08e6, 0x08e6,
0x08e6, 0x08e6, 0x08e6, 0x08e6, 0x08e6, 0x08e6, 0x08e6, 0x0906, 0x0906, 0x0906,
0x0906, 0x0906, 0x0906, 0x0906, 0x0906, 0x0907, 0x0907, 0x0907, 0x0907, 0x0907,
0x0907, 0x0907, 0x0907, 0x0907, 0x0907, 0x0907, 0x0907, 0x0907, 0x0907, 0x0907,
0x0907, 0x0907, 0x0927, 0x0927, 0x0927, 0x0927, 0x0927, 0x0927, 0x0927, 0x0927,
0x0927, 0x0927, 0x0927, 0x0927, 0x0927, 0x1127, 0x0927, 0x1127, 0x1127, 0x1127,
0x1148, 0x1148, 0x1148, 0x1148, 0x1148, 0x1148, 0x1148, 0x1148, 0x1148, 0x1148,
0x1148, 0x1148, 0x1148, 0x1148, 0x1148, 0x1148, 0x1168, 0x1168, 0x1168, 0x1168,
0x1168, 0x1168, 0x1168, 0x1168, 0x1988, 0x1988, 0x1988, 0x1988, 0x1989, 0x1989,
0x19a9, 0x21a9, 0x21a9, 0x21a9, 0x21c9, 0x29c9, 0x29c9, 0x29e9, 0x31e9, 0x3209,
0x320a, 0x3a0a, 0x3a2a, 0x422a, 0x424a, 0x4a6a, 0x4a6a, 0x528a, 0x528a, 0x5aeb,
0x62cb, 0x6aeb, 0x6b0b, 0x730b, 0x7b2b, 0x834b, 0x8b8c, 0x8b6b, 0xd54d, 0xfe6f,
0xfe2f, 0xfe4f, 0xfe4f, 0xfe6f, 0xfe70, 0xfe70, 0xfe90, 0xfe90, 0xfe90, 0xfed1,
0xddef, 0xc56f, 0xfef1, 0xfeb1, 0xfed1, 0xcd0e, 0xac2c, 0xac4d, 0xac4d, 0xac2d,
0x9bed, 0xa40d, 0xbcac, 0x41e7, 0x0064, 0x1106, 0x1126, 0x08e6, 0x2167, 0x838c,
0x7b6c, 0x734c, 0x732c, 0x6b2c, 0x6b2c, 0x62ec, 0x8bec, 0x5268, 0x0064, 0x08c5,
0x08a5, 0x08a5, 0x08c5, 0x08a5, 0x10e5, 0x70ef, 0x30a9, 0x08c4, 0x28a7, 0x20a7,
0x00a4, 0x08a5, 0x08a5, 0x0084, 0x2167, 0x2987, 0x0084, 0x424a, 0x5aec, 0x630c,
0x3a2a, 0x31a6, 0x31a6, 0x2966, 0x4a07, 0x0085, 0x08c5, 0x08c5, 0x08a5, 0x08c5,
0x0884, 0x0084, 0x00a4, 0x00a4, 0x0843, 0x0884, 0x08a4, 0x00a4, 0x08a4, 0x0084,
0x1926, 0x732c, 0x736d, 0x31e8, 0x5acb, 0x734d, 0x6b2c, 0x734d, 0x5acb, 0x2987,
0x736d, 0x734d, 0x6b4d, 0x7b6d, 0xe56e, 0x31a7, 0x0085, 0x08a5, 0x08a5, 0x08c5,
0x08a4, 0x08a5, 0x08a5, 0x00a5, 0x08c5, 0x08c5, 0x00a5, 0x1967, 0x324c, 0x5aec,
0x8c0b, 0x00c7, 0x1127, 0x1168, 0x11a9, 0x1168, 0x1148, 0x2a2b, 0x2a4c, 0x2a2b,
0x2a2b, 0x222b, 0x222b, 0x222b, 0x222b, 0x222b, 0x220b, 0x220b, 0x220b, 0x220b,
0x220b, 0x1a0b, 0x7bab, 0x2146, 0x00a5, 0x08e5, 0x1148, 0x19ca, 0x19aa, 0x19ca,
0x19ca, 0x11ca, 0x11ca, 0x11ca, 0x11aa, 0x11aa, 0x11ca, 0x11aa, 0x11aa, 0x19ca,

0x08e6, 0x08e6, 0x08e6, 0x08e6, 0x08e6, 0x08e6, 0x08e6, 0x08e6, 0x08e6, 0x08e6,
0x08e6, 0x08e6, 0x08e6, 0x08e6, 0x08e6, 0x08e6, 0x08e6, 0x08e6, 0x08e6, 0x08e6,
0x08e6, 0x08e6, 0x08e6, 0x08e6, 0x08e6, 0x08e6, 0x08e6, 0x08e6, 0x08e6, 0x08e6,
0x08e6, 0x08e6, 0x08e6, 0x08e6, 0x08e6, 0x08e6, 0x08e6, 0x08e6, 0x08e6, 0x08e6,
0x08e6, 0x08e6, 0x08e6, 0x08e6, 0x08e6, 0x08e6, 0x08e6, 0x08e6, 0x08e6, 0x08e6,
0x08e6, 0x08e6, 0x08e6, 0x08e6, 0x08e6, 0x08e6, 0x08e6, 0x08e6, 0x08e6, 0x08e6,
0x08e6, 0x08e6, 0x08e6, 0x0906, 0x0906, 0x0906, 0x0906, 0x0906, 0x0906, 0x0906,
0x0906, 0x0906, 0x0906, 0x0906, 0x0907, 0x0907, 0x0907, 0x0907, 0x0907, 0x0907,
0x0907, 0x0907, 0x0907, 0x0907, 0x0907, 0x0907, 0x0907, 0x0907, 0x0907, 0x0907,
0x0927, 0x0907, 0x0927, 0x0927, 0x0927, 0x0927, 0x0927, 0x0927, 0x0927, 0x0927,
0x0927, 0x0927, 0x0927, 0x0927, 0x0927, 0x1127, 0x1127, 0x1148, 0x1128, 0x0948,
0x1148, 0x1148, 0x1148, 0x1148, 0x1148, 0x1148, 0x1148, 0x1148, 0x1148, 0x1148,
0x1148, 0x1148, 0x1148, 0x1148, 0x1148, 0x1168, 0x1168, 0x1168, 0x1168, 0x1168,
0x1168, 0x1168, 0x1168, 0x1968, 0x1988, 0x1989, 0x1988, 0x1989, 0x1989, 0x19a9,
0x21a9, 0x21a9, 0x21a9, 0x21a9, 0x21c9, 0x29c9, 0x29c9, 0x31e9, 0x31e9, 0x3209,
0x320a, 0x3a0a, 0x3a2a, 0x422a, 0x424a, 0x4a6a, 0x4a8a, 0x4aaa, 0x52aa, 0x5acb,
0x62eb, 0x6aeb, 0x730b, 0x732b, 0x7b4b, 0x836b, 0x8b8c, 0x8b6b, 0xdd6d, 0xfe4f,
0xfe2f, 0xfe4f, 0xfe6f, 0xfe6f, 0xfe70, 0xfe90, 0xfe90, 0xfe90, 0xfe90, 0xfed1,
0xddef, 0xc56f, 0xff11, 0xfeb1, 0xfed1, 0xc4ed, 0xb44d, 0xb44d, 0xac4d, 0xa40d,
0xb46d, 0xb4ac, 0x3187, 0x0085, 0x10e5, 0x10e6, 0x1106, 0x08c5, 0x2167, 0x838c,
0x7b4c, 0x734c, 0x734c, 0x6b2c, 0x6b2c, 0x62ec, 0x8bec, 0x5268, 0x0064, 0x08c5,
0x08c5, 0x08a5, 0x08c5, 0x00a5, 0x20e7, 0x8130, 0x30c9, 0x20e5, 0x40ca, 0x38a9,
0x00a4, 0x08a5, 0x08a5, 0x0084, 0x2167, 0x630d, 0x1106, 0x2167, 0x630d, 0x630c,
0x3a2a, 0x31a6, 0x31a6, 0x2966, 0x4a07, 0x0065, 0x08c5, 0x08a5, 0x08c5, 0x08a5,
0x0967, 0x0967, 0x08c4, 0x08c5, 0x0a09, 0x0947, 0x0084, 0x08a4, 0x08a5, 0x0084,
0x1926, 0x734c, 0x7b8d, 0x29a8, 0x528a, 0x734d, 0x6b2c, 0x734c, 0x528a, 0x2146,
0x736d, 0x734d, 0x6b2d, 0x7b6d, 0xe56e, 0x31a7, 0x0085, 0x08a5, 0x08a4, 0x08a4,
0x08c5, 0x08a5, 0x08a5, 0x00c5, 0x08c5, 0x08c5, 0x00a5, 0x1968, 0x324d, 0x83ec,
0x5ac9, 0x0a2d, 0x1a6c, 0x1168, 0x1a2c, 0x11a9, 0x1127, 0x2a2b, 0x2a4c, 0x2a2b,
0x2a2c, 0x2a2b, 0x2a2c, 0x222b, 0x222b, 0x222b, 0x222b, 0x220b, 0x220b, 0x220b,
0x19eb, 0x83ac, 0x31c7, 0x00a5, 0x10e6, 0x08c5, 0x1148, 0x19cb, 0x19ca, 0x19ca,
0x19ca, 0x19ca, 0x19ca, 0x19ca, 0x19ca, 0x11aa, 0x11aa, 0x11ca, 0x11ca, 0x11ca,

0x08e6, 0x08e6, 0x08e6, 0x08e6, 0x08e6, 0x08e6, 0x08e6, 0x08e6, 0x08e6, 0x08e6,
0x08e6, 0x08e6, 0x08e6, 0x08e6, 0x08e6, 0x08e6, 0x08e6, 0x08e6, 0x08e6, 0x08e6,
0x08e6, 0x08e6, 0x08e6, 0x08e6, 0x08e6, 0x08e6, 0x08e6, 0x08e6, 0x08e6, 0x08e6,
0x08e6, 0x08e6, 0x08e6, 0x08e6, 0x08e6, 0x08e6, 0x08e6, 0x08e6, 0x08e6, 0x08e6,
0x08e6, 0x08e6, 0x08e6, 0x08e6, 0x08e6, 0x08e6, 0x08e6, 0x08e6, 0x08e6, 0x08e6,
0x08e6, 0x08e6, 0x08e6, 0x08e6, 0x08e6, 0x08e6, 0x08e6, 0x08e6, 0x08e6, 0x08e6,
0x08e6, 0x08e6, 0x08e6, 0x08e6, 0x0906, 0x0906, 0x0906, 0x0906, 0x0906, 0x0906,
0x0906, 0x0906, 0x0906, 0x0907, 0x0907, 0x0907, 0x0907, 0x0907, 0x0907, 0x0907,
0x0907, 0x0907, 0x0907, 0x0907, 0x0907, 0x0907, 0x0907, 0x0907, 0x0907, 0x0907,
0x0907, 0x0927, 0x0927, 0x0927, 0x0927, 0x0927, 0x0927, 0x0927, 0x0927, 0x0927,
0x0927, 0x0927, 0x0927, 0x0927, 0x1127, 0x1128, 0x1128, 0x1147, 0x1148, 0x1148,
0x1148, 0x1148, 0x1148, 0x1148, 0x1148, 0x1148, 0x1148, 0x1148, 0x1148, 0x1148,
0x1148, 0x1148, 0x1148, 0x1148, 0x1148, 0x1148, 0x1168, 0x1168, 0x1168, 0x1168,
0x1168, 0x1168, 0x1188, 0x1968, 0x1988, 0x1989, 0x1989, 0x1989, 0x1989, 0x19a9,
0x21a9, 0x21c9, 0x21a8, 0x29c8, 0x21c9, 0x29c9, 0x29e9, 0x29e9, 0x320a, 0x3209,
0x320a, 0x3a2a, 0x3a2a, 0x424a, 0x424a, 0x4a6a, 0x4a8a, 0x722b, 0x6a6b, 0x5aeb,
0x62eb, 0x6aeb, 0x730b, 0x732b, 0x7b4b, 0x836b, 0x8b8c, 0x8b8b, 0xe5ae, 0xfe6f,
0xfe4f, 0xfe4f, 0xfe4f, 0xfe70, 0xfe90, 0xfe70, 0xfe90, 0xfe90, 0xfe90, 0xfed1,
0xe630, 0xbd4e, 0xff11, 0xfeb1, 0xfeb1, 0xc4ce, 0xb44d, 0xb44d, 0xac2c, 0xbc8d,
0xac6b, 0x2146, 0x08c6, 0x1106, 0x10e6, 0x10e6, 0x1106, 0x08c5, 0x2147, 0x836c,
0x7b6c, 0x734c, 0x734c, 0x732c, 0x6b2c, 0x630c, 0x8bed, 0x5248, 0x0065, 0x08c5,
0x08a5, 0x08a5, 0x08a5, 0x08a5, 0x00a3, 0x40aa, 0x30a9, 0x00a4, 0x00a4, 0x00a4,
0x08a5, 0x08a5, 0x08c5, 0x0084, 0x2147, 0x6b2d, 0x2167, 0x2167, 0x630d, 0x630c,
0x422a, 0x31a6, 0x31a6, 0x2966, 0x4a06, 0x0064, 0x08c5, 0x08a5, 0x08c5, 0x0864,
0x0aed, 0x0aed, 0x0906, 0x0926, 0x14b3, 0x0a8b, 0x0063, 0x08c5, 0x08a5, 0x0084,
0x1926, 0x734c, 0x7b8d, 0x2987, 0x4a8a, 0x736d, 0x6b2c, 0x734d, 0x528a, 0x2167,
0x734c, 0x6b2c, 0x6b2d, 0x7b6d, 0xe56d, 0x39a7, 0x0085, 0x08a5, 0x08a4, 0x0064,
0x0063, 0x0884, 0x0084, 0x0023, 0x08a5, 0x08c5, 0x00a5, 0x1968, 0x3a6d, 0x942c,
0x2188, 0x11aa, 0x11a9, 0x1107, 0x1106, 0x1127, 0x1127, 0x2a2b, 0x2a4c, 0x2a2b,
0x2a4c, 0x2a2c, 0x222c, 0x222b, 0x222c, 0x222b, 0x222b, 0x222b, 0x222b, 0x11eb,
0x736c, 0x4a27, 0x00a5, 0x08e6, 0x08e6, 0x08c5, 0x1148, 0x19cb, 0x19ca, 0x19ca,
0x19ca, 0x19ca, 0x19ca, 0x19ca, 0x19ca, 0x19ca, 0x11ca, 0x11ca, 0x11ca, 0x19ca,

0x08e6, 0x08e6, 0x08e6, 0x08e6, 0x08e6, 0x08e6, 0x08e6, 0x08e6, 0x08e6, 0x08e6,
0x08e6, 0x08e6, 0x08e6, 0x08e6, 0x08e6, 0x08e6, 0x08e6, 0x08e6, 0x08e6, 0x08e6,
0x08e6, 0x08e6, 0x08e6, 0x08e6, 0x08e6, 0x08e6, 0x08e6, 0x08e6, 0x08e6, 0x08e6,
0x08e6, 0x08e6, 0x08e6, 0x08e6, 0x08e6, 0x08e6, 0x08e6, 0x08e6, 0x08e6, 0x08e6,
0x08e6, 0x08e6, 0x08e6, 0x08e6, 0x08e6, 0x08e6, 0x08e6, 0x08e6, 0x08e6, 0x08e6,
0x08e6, 0x08e6, 0x08e6, 0x08e6, 0x08e6, 0x08e6, 0x08e6, 0x08e6, 0x08e6, 0x08e6,
0x08e6, 0x08e6, 0x08e6, 0x0906, 0x0906, 0x0906, 0x0906, 0x0906, 0x0906, 0x0906,
0x0906, 0x0906, 0x0907, 0x0907, 0x0907, 0x0907, 0x0907, 0x0907, 0x0907, 0x0907,
0x0907, 0x0907, 0x0907, 0x0907, 0x0907, 0x0907, 0x0907, 0x0907, 0x0907, 0x0907,
0x0927, 0x0927, 0x0927, 0x0927, 0x0927, 0x0927, 0x0927, 0x0927, 0x0927, 0x0927,
0x0927, 0x0927, 0x0927, 0x0927, 0x0927, 0x1127, 0x1128, 0x1148, 0x1148, 0x1148,
0x1148, 0x1148, 0x1148, 0x1148, 0x1148, 0x1148, 0x1148, 0x1148, 0x1148, 0x1148,
0x1148, 0x1148, 0x1148, 0x1148, 0x1168, 0x1168, 0x1168, 0x1168, 0x1168, 0x1168,
0x1168, 0x1188, 0x1188, 0x1988, 0x1989, 0x1989, 0x1989, 0x1989, 0x19a9, 0x19a9,
0x21a9, 0x21c9, 0x21a9, 0x31e9, 0x21ca, 0x29c9, 0x29e9, 0x29ea, 0x320a, 0x320a,
0x320a, 0x3a2a, 0x3a2a, 0x424a, 0x424a, 0x4a6a, 0x4a8a, 0x5a6b, 0x5a8b, 0x5acb,
0x62eb, 0x6aeb, 0x730b, 0x7b2b, 0x7b4b, 0x836c, 0x8b8c, 0x938c, 0xedae, 0xfe4f,
0xfe4f, 0xfe4f, 0xfe6f, 0xfe6f, 0xfe70, 0xfe90, 0xfe90, 0xfe90, 0xfe90, 0xfef1,
0x7bcc, 0x946d, 0xff11, 0xfe91, 0xfeb1, 0xc4ee, 0xb44d, 0xb44d, 0xb44d, 0x7b4a,
0x10e6, 0x08c6, 0x1106, 0x10e6, 0x10e6, 0x10e6, 0x1106, 0x08a5, 0x2147, 0x7b6c,
0x7b6c, 0x734c, 0x734c, 0x734c, 0x6b4c, 0x62ec, 0x8bed, 0x5248, 0x0065, 0x08c5,
0x08a5, 0x08a5, 0x08a5, 0x08a5, 0x00c4, 0x50ac, 0x30a9, 0x00c4, 0x08a5, 0x08a5,
0x08a5, 0x08a5, 0x08c5, 0x0084, 0x2147, 0x6b4d, 0x2167, 0x2167, 0x630c, 0x630c,
0x422a, 0x31a6, 0x31c6, 0x2966, 0x4a06, 0x0064, 0x08c5, 0x08a5, 0x08a5, 0x10c5,
0x0864, 0x0063, 0x0084, 0x08a4, 0x0843, 0x0884, 0x08c5, 0x08a5, 0x08a5, 0x0084,
0x1926, 0x736d, 0x62eb, 0x08a5, 0x528b, 0x736d, 0x6b2d, 0x736d, 0x528a, 0x1926,
0x732c, 0x732c, 0x6b0c, 0x732c, 0xf5ad, 0x39c7, 0x0085, 0x08a5, 0x08a5, 0x09a8,
0x09c8, 0x0926, 0x0927, 0x12cc, 0x08c5, 0x08c5, 0x08a5, 0x1947, 0x3a6d, 0x8c2c,
0x21a9, 0x10e7, 0x10e7, 0x1148, 0x1148, 0x1127, 0x1127, 0x2a2b, 0x2a4c, 0x2a4c,
0x2a4c, 0x2a4c, 0x2a4c, 0x2a2c, 0x222c, 0x222b, 0x222b, 0x222c, 0x11eb, 0x632c,
0x62a8, 0x0065, 0x08e6, 0x08c5, 0x08e6, 0x08c5, 0x1148, 0x19eb, 0x19ca, 0x19ca,
0x19cb, 0x19ca, 0x19ca, 0x19cb, 0x19ca, 0x19eb, 0x19ca, 0x19ca, 0x19ca, 0x19ca,

0x08e6, 0x08e6, 0x08e6, 0x08e6, 0x08e6, 0x08e6, 0x08e6, 0x08e6, 0x08e6, 0x08e6,
0x08e6, 0x08e6, 0x08e6, 0x08e6, 0x08e6, 0x08e6, 0x08e6, 0x08e6, 0x08e6, 0x08e6,
0x08e6, 0x08e6, 0x08e6, 0x08e6, 0x08e6, 0x08e6, 0x08e6, 0x08e6, 0x08e6, 0x08e6,
0x08e6, 0x08e6, 0x08e6, 0x08e6, 0x08e6, 0x08e6, 0x08e6, 0x08e6, 0x08e6, 0x08e6,
0x08e6, 0x08e6, 0x08e6, 0x08e6, 0x08e6, 0x08e6, 0x08e6, 0x08e6, 0x08e6, 0x08e6,
0x08e6, 0x08e6, 0x08e6, 0x08e6, 0x08e6, 0x08e6, 0x08e6, 0x08e6, 0x08e6, 0x08e6,
0x08e6, 0x08e6, 0x0906, 0x0906, 0x0906, 0x0906, 0x0906, 0x0906, 0x0906, 0x0906,
0x0906, 0x0907, 0x0907, 0x0907, 0x0907, 0x0907, 0x0907, 0x0907, 0x0907, 0x0907,
0x0907, 0x0907, 0x0907, 0x0907, 0x0907, 0x0907, 0x0927, 0x0907, 0x0907, 0x0907,
0x0907, 0x0927, 0x0927, 0x0927, 0x0927, 0x0927, 0x0927, 0x0927, 0x0927, 0x0927,
0x0927, 0x0927, 0x0927, 0x1127, 0x0947, 0x1148, 0x1148, 0x1148, 0x1148, 0x1148,
0x1148, 0x1148, 0x1148, 0x1148, 0x1148, 0x1148, 0x1148, 0x1148, 0x1148, 0x1148,
0x1148, 0x1148, 0x1148, 0x1148, 0x1168, 0x1168, 0x1168, 0x1168, 0x1168, 0x1168,
0x1168, 0x1168, 0x1989, 0x1989, 0x1989, 0x1989, 0x1989, 0x19a9, 0x19a9, 0x21a9,
0x21a9, 0x21c9, 0x21a9, 0x31e9, 0x21ca, 0x29ea, 0x29ea, 0x29ea, 0x3209, 0x322a,
0x322a, 0x3a2a, 0x3a2a, 0x424a, 0x426a, 0x4a6a, 0x4a8b, 0x4a8a, 0x52ab, 0x5aeb,
0x630c, 0x6b0b, 0x730b, 0x7b2b, 0x7b4b, 0x836c, 0x8b8c, 0x93ac, 0xedce, 0xfe4f,
0xfe4f, 0xfe4f, 0xfe6f, 0xfe70, 0xfe70, 0xfe90, 0xfe90, 0xfe90, 0xfeb1, 0xee50,
0x0948, 0x944c, 0xff11, 0xfe90, 0xfeb1, 0xc4ee, 0xb46d, 0xb46d, 0xbc8e, 0x39c8,
0x00a5, 0x1106, 0x1106, 0x10e6, 0x10e6, 0x10e6, 0x1106, 0x08a5, 0x2146, 0x7b6c,
0x7b6c, 0x734c, 0x734c, 0x734d, 0x734d, 0x62ec, 0x8bed, 0x5248, 0x0065, 0x08c5,
0x08a5, 0x08a5, 0x08a5, 0x08a5, 0x00a4, 0x50ab, 0x30a9, 0x00a4, 0x08a5, 0x08a5,
0x08a5, 0x08a5, 0x08c5, 0x0084, 0x2167, 0x6b6d, 0x2167, 0x2167, 0x630c, 0x630c,
0x422a, 0x3186, 0x31a6, 0x2146, 0x41e6, 0x0064, 0x08a5, 0x08a5, 0x08a5, 0x08a5,
0x00a4, 0x00a4, 0x08a4, 0x08a5, 0x08c5, 0x08a5, 0x08a5, 0x08c5, 0x08c5, 0x00a4,
0x1926, 0x736d, 0x4208, 0x0084, 0x528b, 0x736d, 0x6b2c, 0x736d, 0x528a, 0x1926,
0x732c, 0x6b2c, 0x62ec, 0xcced, 0xac2b, 0x08a5, 0x08a5, 0x08a5, 0x08a5, 0x09a8,
0x0a09, 0x0926, 0x0947, 0x12cc, 0x08c5, 0x08a5, 0x00a4, 0x1947, 0x3a4c, 0x8c0c,
0x21e9, 0x130f, 0x1b4f, 0x19ca, 0x1128, 0x1147, 0x1127, 0x2a0b, 0x2a4c, 0x2a4c,
0x2a6c, 0x2a4c, 0x2a4c, 0x2a4c, 0x222c, 0x222c, 0x222b, 0x222c, 0x11ec, 0x83cc,
0x4a27, 0x00a5, 0x08e5, 0x08c5, 0x08e5, 0x08c5, 0x1168, 0x19eb, 0x19eb, 0x19eb,
0x19eb, 0x19eb, 0x19eb, 0x19ca, 0x19ea, 0x19eb, 0x19ca, 0x19ca, 0x19ca, 0x19cb,

0x08e6, 0x08e6, 0x08e6, 0x08e6, 0x08e6, 0x08e6, 0x08e6, 0x08e6, 0x08e6, 0x08e6,
0x08e6, 0x08e6, 0x08e6, 0x08e6, 0x08e6, 0x08e6, 0x08e6, 0x08e6, 0x08e6, 0x08e6,
0x08e6, 0x08e6, 0x08e6, 0x08e6, 0x08e6, 0x08e6, 0x08e6, 0x08e6, 0x08e6, 0x08e6,
0x08e6, 0x08e6, 0x08e6, 0x08e6, 0x08e6, 0x08e6, 0x08e6, 0x08e6, 0x08e6, 0x08e6,
0x08e6, 0x08e6, 0x08e6, 0x08e6, 0x08e6, 0x08e6, 0x08e6, 0x08e6, 0x08e6, 0x08e6,
0x08e6, 0x08e6, 0x08e6, 0x08e6, 0x08e6, 0x08e6, 0x08e6, 0x08e6, 0x08e6, 0x08e6,
0x08e6, 0x08e6, 0x0906, 0x0906, 0x0906, 0x0906, 0x0906, 0x0906, 0x0906, 0x0906,
0x0906, 0x0907, 0x0907, 0x0907, 0x0907, 0x0907, 0x0907, 0x0907, 0x0907, 0x0907,
0x0907, 0x0907, 0x0907, 0x0907, 0x0907, 0x0907, 0x0927, 0x0907, 0x0927, 0x0927,
0x0907, 0x0927, 0x0927, 0x0927, 0x0927, 0x0927, 0x0927, 0x0927, 0x0927, 0x0927,
0x1127, 0x1127, 0x1127, 0x0948, 0x1148, 0x1148, 0x1148, 0x1148, 0x1148, 0x1148,
0x1148, 0x1148, 0x1148, 0x1148, 0x1148, 0x1148, 0x1148, 0x1148, 0x1148, 0x1148,
0x1148, 0x1148, 0x1148, 0x1168, 0x1148, 0x1168, 0x1168, 0x1168, 0x1168, 0x1168,
0x1189, 0x1168, 0x1989, 0x1989, 0x1989, 0x1989, 0x19a9, 0x19a9, 0x19a9, 0x21a9,
0x21a9, 0x21ca, 0x21a9, 0x3209, 0x29ea, 0x29ea, 0x29ea, 0x29ea, 0x31ea, 0x322a,
0x322a, 0x3a4a, 0x426b, 0x424a, 0x426a, 0x4a6b, 0x52ab, 0x4a6a, 0x528b, 0x62eb,
0x6b0c, 0x6b0b, 0x730b, 0x7b2b, 0x7b4b, 0x836c, 0x8b8c, 0x93ac, 0xedce, 0xfe4f,
0xfe4f, 0xfe4f, 0xfe6f, 0xfe70, 0xfe90, 0xfe90, 0xfe90, 0xfe90, 0xfeb1, 0xee50,
0x1188, 0x9c6c, 0xff11, 0xf690, 0xfed1, 0xc4ee, 0xb46d, 0xb46d, 0xbc8d, 0x4208,
0x08c5, 0x10e6, 0x1106, 0x10e6, 0x1106, 0x1106, 0x1106, 0x08c5, 0x2147, 0x7b6d,
0x7b6c, 0x7b4c, 0x734d, 0x734d, 0x734d, 0x630c, 0x93ed, 0x5248, 0x0065, 0x08c5,
0x08a5, 0x08a5, 0x08a5, 0x08a5, 0x00a4, 0x48ab, 0x30a8, 0x00a4, 0x08a5, 0x08a5,
0x08a5, 0x08c5, 0x08a5, 0x0084, 0x2167, 0x736e, 0x2167, 0x2167, 0x630c, 0x630c,
0x3a2a, 0x31a6, 0x39c6, 0x2146, 0x41e6, 0x0064, 0x08a5, 0x08c5, 0x08a5, 0x08a5,
0x08a4, 0x08a4, 0x08a4, 0x08a5, 0x08a5, 0x08a5, 0x08a5, 0x08c5, 0x08c5, 0x00a4,
0x1926, 0x6b2c, 0x4a29, 0x0084, 0x4a6a, 0x736d, 0x6b2d, 0x738d, 0x528b, 0x1927,
0x734d, 0x62ec, 0xbc8d, 0xbc8b, 0x0884, 0x0084, 0x08a5, 0x08a5, 0x08a5, 0x0064,
0x0823, 0x08a4, 0x0043, 0x0001, 0x08a5, 0x08c5, 0x0084, 0x1927, 0x322c, 0x840b,
0x2209, 0x1350, 0x1b4f, 0x1a8d, 0x1168, 0x1127, 0x1127, 0x2a0b, 0x2a4c, 0x2a4c,
0x2a6c, 0x2a4c, 0x2a4c, 0x2a2c, 0x222b, 0x222b, 0x222b, 0x222b, 0x11ec, 0x7bac,
0x5247, 0x0085, 0x08e5, 0x08c5, 0x08c5, 0x08c5, 0x1168, 0x1a0b, 0x19eb, 0x19eb,
0x19eb, 0x19eb, 0x19eb, 0x19eb, 0x19eb, 0x19eb, 0x19ea, 0x19eb, 0x19eb, 0x19eb,

0x08e6, 0x08e6, 0x08e6, 0x08e6, 0x08e6, 0x08e6, 0x08e6, 0x08e6, 0x08e6, 0x08e6,
0x08e6, 0x08e6, 0x08e6, 0x08e6, 0x08e6, 0x08e6, 0x08e6, 0x08e6, 0x08e6, 0x08e6,
0x08e6, 0x08e6, 0x08e6, 0x08e6, 0x08e6, 0x08e6, 0x08e6, 0x08e6, 0x08e6, 0x08e6,
0x08e6, 0x08e6, 0x08e6, 0x08e6, 0x08e6, 0x08e6, 0x08e6, 0x08e6, 0x08e6, 0x08e6,
0x08e6, 0x08e6, 0x08e6, 0x08e6, 0x08e6, 0x08e6, 0x08e6, 0x08e6, 0x08e6, 0x08e6,
0x08e6, 0x08e6, 0x08e6, 0x08e6, 0x08e6, 0x08e6, 0x08e6, 0x08e6, 0x08e6, 0x08e6,
0x08e6, 0x08e6, 0x08e6, 0x08e6, 0x0906, 0x0906, 0x0906, 0x0906, 0x0906, 0x0906,
0x0906, 0x0907, 0x0907, 0x0907, 0x0907, 0x0907, 0x0907, 0x0907, 0x0907, 0x0907,
0x0907, 0x0907, 0x0907, 0x0907, 0x0907, 0x0907, 0x0907, 0x0907, 0x0927, 0x0927,
0x0927, 0x0927, 0x0927, 0x0927, 0x0927, 0x0927, 0x0927, 0x1127, 0x1127, 0x1127,
0x1127, 0x1127, 0x1127, 0x1148, 0x1148, 0x1148, 0x1148, 0x1148, 0x1148, 0x1148,
0x1148, 0x1148, 0x1148, 0x1148, 0x1148, 0x1148, 0x1148, 0x1148, 0x1148, 0x1148,
0x1148, 0x1168, 0x1168, 0x1168, 0x1168, 0x1168, 0x1169, 0x1168, 0x1168, 0x1168,
0x1168, 0x1189, 0x1989, 0x1989, 0x1989, 0x1989, 0x19a9, 0x19c9, 0x19a9, 0x21a9,
0x21c9, 0x21ca, 0x21a9, 0x3209, 0x29ea, 0x29ea, 0x29ea, 0x2a0a, 0x320a, 0x322a,
0x322a, 0x3a4a, 0x424a, 0x424b, 0x4a6b, 0x4a6b, 0x52ab, 0x4a6a, 0x528b, 0x62eb,
0x62eb, 0x6b0b, 0x732c, 0x7b4c, 0x7b4b, 0x836c, 0x8b8c, 0x93ac, 0xe5ae, 0xfe6f,
0xfe4f, 0xfe4f, 0xfe6f, 0xfe70, 0xfe70, 0xfe90, 0xfe90, 0xfe90, 0xfeb1, 0xf670,
0x1189, 0x9c6d, 0xff11, 0xf690, 0xfeb1, 0xcd0e, 0xb46d, 0xb46d, 0xbc8e, 0x4208,
0x08c5, 0x10e6, 0x10e5, 0x10e5, 0x1106, 0x10e6, 0x10e6, 0x08c5, 0x2147, 0x838d,
0x7b6d, 0x7b6c, 0x734d, 0x734d, 0x734c, 0x630d, 0x93ed, 0x4a47, 0x0065, 0x08c5,
0x08a5, 0x08a5, 0x08a5, 0x08a5, 0x0083, 0x40aa, 0x30a8, 0x00a3, 0x08a5, 0x08a5,
0x08c5, 0x08c5, 0x08a5, 0x0084, 0x2167, 0x736e, 0x2167, 0x2167, 0x630c, 0x630c,
0x422a, 0x3185, 0x39c6, 0x2946, 0x4a06, 0x0064, 0x08a5, 0x08c5, 0x18a6, 0x08a5,
0x08a4, 0x08a4, 0x08a5, 0x08a5, 0x08a5, 0x08a5, 0x08a5, 0x08a5, 0x08a5, 0x0084,
0x1906, 0x6b2c, 0x4a49, 0x0043, 0x4a49, 0x736d, 0x6b4d, 0x7b8e, 0x528b, 0x1947,
0x6b4d, 0x93ed, 0xbc6b, 0x10a4, 0x0064, 0x08a5, 0x00a4, 0x00c4, 0x00a5, 0x0189,
0x0acc, 0x08c5, 0x09a8, 0x0aab, 0x0884, 0x08c5, 0x08a4, 0x1927, 0x322c, 0x83eb,
0x21e9, 0x132f, 0x132f, 0x1a6c, 0x1148, 0x1147, 0x1127, 0x2a0b, 0x2a4c, 0x2a4c,
0x2a6d, 0x2a4c, 0x2a4c, 0x222c, 0x2a2c, 0x222b, 0x222b, 0x2a2b, 0x11ec, 0x83cc,
0x5247, 0x0085, 0x08e5, 0x08c5, 0x08e5, 0x08c5, 0x1168, 0x1a0b, 0x19eb, 0x19eb,
0x19eb, 0x19eb, 0x19eb, 0x19eb, 0x19eb, 0x19eb, 0x19eb, 0x19eb, 0x19eb, 0x19eb,

0x08e6, 0x08e6, 0x08e6, 0x08e6, 0x08e6, 0x08e6, 0x08e6, 0x08e6, 0x08e6, 0x08e6,
0x08e6, 0x08e6, 0x08e6, 0x08e6, 0x08e6, 0x08e6, 0x08e6, 0x08e6, 0x08e6, 0x08e6,
0x08e6, 0x08e6, 0x08e6, 0x08e6, 0x08e6, 0x08e6, 0x08e6, 0x08e6, 0x08e6, 0x08e6,
0x08e6, 0x08e6, 0x08e6, 0x08e6, 0x08e6, 0x08e6, 0x08e6, 0x08e6, 0x08e6, 0x08e6,
0x08e6, 0x08e6, 0x08e6, 0x08e6, 0x08e6, 0x08e6, 0x08e6, 0x08e6, 0x08e6, 0x08e6,
0x08e6, 0x08e6, 0x08e6, 0x08e6, 0x08e6, 0x08e6, 0x08e6, 0x08e6, 0x08e6, 0x08e6,
0x08e6, 0x0906, 0x08e6, 0x0906, 0x0906, 0x0906, 0x0906, 0x0906, 0x0906, 0x0906,
0x0907, 0x0907, 0x0907, 0x0907, 0x0907, 0x0907, 0x0907, 0x0907, 0x0907, 0x0907,
0x0907, 0x0907, 0x0907, 0x0907, 0x0927, 0x0907, 0x0907, 0x0907, 0x0927, 0x0927,
0x0927, 0x0927, 0x0927, 0x0927, 0x0927, 0x0927, 0x0927, 0x0927, 0x1127, 0x0927,
0x1127, 0x1127, 0x1128, 0x1148, 0x1148, 0x1148, 0x1148, 0x1148, 0x1148, 0x1148,
0x1148, 0x1148, 0x1148, 0x1148, 0x1148, 0x1148, 0x1148, 0x1148, 0x1148, 0x1148,
0x1148, 0x1168, 0x1148, 0x1168, 0x1168, 0x1168, 0x1169, 0x1168, 0x1168, 0x1168,
0x1189, 0x1989, 0x1989, 0x1989, 0x1989, 0x1989, 0x19a9, 0x21ca, 0x19a9, 0x21a9,
0x21ca, 0x21ca, 0x21c9, 0x3209, 0x29ea, 0x29ea, 0x29ea, 0x320a, 0x320a, 0x322a,
0x322a, 0x3a4a, 0x3a4a, 0x426a, 0x426b, 0x4a8b, 0x52ab, 0x426a, 0x528b, 0x62ec,
0x62eb, 0x6b0c, 0x732b, 0x7b2c, 0x834c, 0x836c, 0x8b8c, 0x8b8c, 0xe58e, 0xfe6f,
0xfe4f, 0xfe6f, 0xfe70, 0xfe90, 0xfe70, 0xfe90, 0xfe90, 0xfe90, 0xfeb0, 0xf670,
0x19a9, 0x9c6d, 0xff11, 0xf690, 0xfeb1, 0xcd0e, 0xb44d, 0xb46d, 0xbc8d, 0x4208,
0x08c5, 0x10e6, 0x10e6, 0x10e5, 0x10e6, 0x10e5, 0x08e5, 0x08c5, 0x2147, 0x838d,
0x7b6d, 0x7b6d, 0x736d, 0x734d, 0x734d, 0x630d, 0x8bed, 0x4a47, 0x0065, 0x08c5,
0x08a5, 0x08a5, 0x08a5, 0x08a5, 0x0084, 0x60ac, 0x1886, 0x00a4, 0x08a5, 0x08a5,
0x08c5, 0x08c5, 0x08c5, 0x0085, 0x2167, 0x736e, 0x2167, 0x2167, 0x630d, 0x5b0c,
0x3a2a, 0x3185, 0x39a6, 0x2946, 0x41e6, 0x0064, 0x08a5, 0x00a4, 0x3089, 0x60ad,
0x00a3, 0x08c5, 0x08a5, 0x08c5, 0x08c5, 0x08a5, 0x08a5, 0x08a5, 0x08a5, 0x0084,
0x1906, 0x6b2c, 0x4a49, 0x0064, 0x4a4a, 0x734d, 0x6b2d, 0x7b8e, 0x528b, 0x1947,
0x6b4e, 0xac6e, 0x5a67, 0x0023, 0x08a5, 0x0084, 0x30a7, 0x40a8, 0x10a6, 0x128d,
0x0c31, 0x08e6, 0x0a0a, 0x0b6e, 0x0864, 0x08a5, 0x0084, 0x1927, 0x322c, 0x840b,
0x21c9, 0x12ce, 0x12ee, 0x11ea, 0x1128, 0x1147, 0x1127, 0x220b, 0x2a4c, 0x2a4c,
0x2a4c, 0x2a4c, 0x2a4c, 0x222c, 0x222c, 0x222c, 0x222c, 0x222c, 0x11ec, 0x83ac,
0x5247, 0x0085, 0x08e6, 0x08c5, 0x08c5, 0x08c5, 0x1168, 0x1a0c, 0x19eb, 0x19eb,
0x19eb, 0x19eb, 0x19eb, 0x19eb, 0x19eb, 0x19eb, 0x19eb, 0x19eb, 0x19eb, 0x19eb,

0x08e6, 0x08e6, 0x08e6, 0x08e6, 0x08e6, 0x08e6, 0x08e6, 0x08e6, 0x08e6, 0x08e6,
0x08e6, 0x08e6, 0x08e6, 0x08e6, 0x08e6, 0x08e6, 0x08e6, 0x08e6, 0x08e6, 0x08e6,
0x08e6, 0x08e6, 0x08e6, 0x08e6, 0x08e6, 0x08e6, 0x08e6, 0x08e6, 0x08e6, 0x08e6,
0x08e6, 0x08e6, 0x08e6, 0x08e6, 0x08e6, 0x08e6, 0x08e6, 0x08e6, 0x08e6, 0x08e6,
0x08e6, 0x08e6, 0x08e6, 0x08e6, 0x08e6, 0x08e6, 0x08e6, 0x08e6, 0x08e6, 0x08e6,
0x08e6, 0x08e6, 0x08e6, 0x08e6, 0x08e6, 0x08e6, 0x08e6, 0x08e6, 0x08e6, 0x08e6,
0x08e6, 0x08e6, 0x0906, 0x0906, 0x0906, 0x0906, 0x0906, 0x0906, 0x0906, 0x0907,
0x0907, 0x0907, 0x0907, 0x0907, 0x0907, 0x0907, 0x0907, 0x0907, 0x0907, 0x0907,
0x0907, 0x0907, 0x0907, 0x0907, 0x0907, 0x0907, 0x0907, 0x0927, 0x0927, 0x0907,
0x0927, 0x0927, 0x0927, 0x0927, 0x0927, 0x0927, 0x0927, 0x1128, 0x1127, 0x1127,
0x1148, 0x1127, 0x1148, 0x1148, 0x1148, 0x1148, 0x1148, 0x1148, 0x1148, 0x1148,
0x1148, 0x1148, 0x1148, 0x1148, 0x1148, 0x1148, 0x1148, 0x1148, 0x1148, 0x1148,
0x1168, 0x1168, 0x1168, 0x1168, 0x1168, 0x1168, 0x1189, 0x1168, 0x1168, 0x1169,
0x1189, 0x1189, 0x1989, 0x1989, 0x1989, 0x1989, 0x19a9, 0x21ca, 0x21a9, 0x21c9,
0x21ca, 0x21ca, 0x21c9, 0x3209, 0x29ea, 0x29ea, 0x2a0a, 0x320a, 0x320a, 0x322a,
0x322a, 0x3a4a, 0x3a4a, 0x426b, 0x4a6b, 0x4a8b, 0x52ab, 0x4a6a, 0x528b, 0x62eb,
0x62ec, 0x6b0c, 0x732c, 0x7b4c, 0x834c, 0x836c, 0x8b8c, 0x8b8c, 0xdd8e, 0xfe6f,
0xfe4f, 0xfe6f, 0xfe70, 0xfe90, 0xfe90, 0xfe90, 0xfe90, 0xfe90, 0xfeb0, 0xf670,
0x1189, 0x946d, 0xff11, 0xf691, 0xfed1, 0xd52e, 0xb44d, 0xb46d, 0xbc8d, 0x4228,
0x08c6, 0x1106, 0x10e5, 0x10e5, 0x10e6, 0x08c5, 0x08c5, 0x08a5, 0x2147, 0x838d,
0x7b8d, 0x7b6d, 0x7b6d, 0x734d, 0x734d, 0x6b2d, 0x93ed, 0x4a28, 0x0065, 0x08c5,
0x08a5, 0x08a5, 0x08a5, 0x00a4, 0x608c, 0x3088, 0x0083, 0x0064, 0x0084, 0x0084,
0x08c5, 0x08c5, 0x08c5, 0x0085, 0x2167, 0x736e, 0x2168, 0x2147, 0x630c, 0x630d,
0x422a, 0x3185, 0x39c6, 0x2146, 0x5a67, 0x0044, 0x08c4, 0x08a5, 0x00a3, 0x50ab,
0x38a9, 0x00a4, 0x08c5, 0x08c5, 0x08c5, 0x08a5, 0x08a5, 0x08a5, 0x08a5, 0x0084,
0x1106, 0x734c, 0x4a69, 0x0084, 0x4a4a, 0x736d, 0x6b4d, 0x7b8e, 0x528b, 0x1927,
0x6b4e, 0xac6e, 0x6aa8, 0x0044, 0x08a5, 0x0084, 0x1085, 0x18a6, 0x08a5, 0x0885,
0x0844, 0x08c5, 0x0884, 0x0844, 0x08a5, 0x08a5, 0x0084, 0x1927, 0x322c, 0x8c0c,
0x21a9, 0x10e7, 0x1107, 0x1127, 0x1148, 0x1147, 0x1127, 0x2a2b, 0x2a4c, 0x2a4c,
0x2a4c, 0x222c, 0x224c, 0x2a2c, 0x222c, 0x222c, 0x222b, 0x2a4c, 0x09ab, 0x7b8c,
0x5247, 0x0085, 0x10e6, 0x08c5, 0x08e5, 0x08c5, 0x1168, 0x1a0c, 0x19eb, 0x19eb,
0x1a0b, 0x19eb, 0x19eb, 0x19eb, 0x19eb, 0x19eb, 0x19eb, 0x19eb, 0x19eb, 0x19eb,

0x08e6, 0x08e6, 0x08e6, 0x08e6, 0x08e6, 0x08e6, 0x08e6, 0x08e6, 0x08e6, 0x08e6,
0x08e6, 0x08e6, 0x08e6, 0x08e6, 0x08e6, 0x08e6, 0x08e6, 0x08e6, 0x08e6, 0x08e6,
0x08e6, 0x08e6, 0x08e6, 0x08e6, 0x08e6, 0x08e6, 0x08e6, 0x08e6, 0x08e6, 0x08e6,
0x08e6, 0x08e6, 0x08e6, 0x08e6, 0x08e6, 0x08e6, 0x08e6, 0x08e6, 0x08e6, 0x08e6,
0x08e6, 0x08e6, 0x08e6, 0x08e6, 0x08e6, 0x08e6, 0x08e6, 0x08e6, 0x08e6, 0x08e6,
0x08e6, 0x08e6, 0x08e6, 0x08e6, 0x08e6, 0x08e6, 0x08e6, 0x08e6, 0x08e6, 0x08e6,
0x0906, 0x08e6, 0x0906, 0x0906, 0x08e6, 0x0906, 0x0906, 0x0906, 0x0907, 0x0907,
0x0907, 0x0907, 0x0907, 0x0907, 0x0907, 0x0907, 0x0907, 0x0907, 0x0907, 0x0907,
0x0907, 0x0907, 0x0907, 0x0907, 0x0907, 0x0907, 0x0927, 0x0927, 0x0927, 0x0927,
0x0927, 0x0927, 0x0927, 0x0927, 0x1127, 0x1127, 0x1127, 0x1127, 0x1127, 0x1128,
0x1128, 0x1148, 0x1148, 0x1148, 0x1148, 0x1148, 0x1148, 0x1148, 0x1148, 0x1148,
0x1148, 0x1148, 0x1148, 0x1148, 0x1148, 0x1148, 0x1148, 0x1148, 0x1148, 0x1168,
0x1168, 0x1168, 0x1168, 0x1168, 0x1168, 0x1168, 0x1168, 0x1168, 0x1169, 0x1189,
0x1189, 0x1189, 0x1989, 0x19a9, 0x1989, 0x19a9, 0x19a9, 0x19a9, 0x19c9, 0x21ca,
0x21ca, 0x21ea, 0x1988, 0x3a08, 0x29ea, 0x29ea, 0x2a2a, 0x320a, 0x322a, 0x322a,
0x3a2a, 0x3a4b, 0x3a4b, 0x426b, 0x4a8b, 0x4a8b, 0x52ab, 0x424a, 0x528a, 0x5aec,
0x630c, 0x6b0c, 0x734c, 0x7b4c, 0x7b4c, 0x836c, 0x8b8c, 0x8b8c, 0xd54e, 0xfe8f,
0xfe4f, 0xfe70, 0xfe70, 0xfe90, 0xfe90, 0xfe90, 0xfe90, 0xfe90, 0xfeb0, 0xf670,
0x1988, 0x9c8d, 0xff32, 0xf691, 0xfed1, 0xdd8f, 0xac4d, 0xb44d, 0xbc8e, 0x4208,
0x08c5, 0x1106, 0x10e5, 0x08e5, 0x08e5, 0x08c5, 0x08c5, 0x08a5, 0x2147, 0x83ad,
0x838d, 0x7b8d, 0x7b6d, 0x736d, 0x736d, 0x6b2d, 0x93ed, 0x4a27, 0x0065, 0x08c5,
0x08c5, 0x08a5, 0x00c4, 0x68ad, 0x30a8, 0x00c4, 0x08a5, 0x1106, 0x1926, 0x1906,
0x00a5, 0x08c5, 0x08c5, 0x0085, 0x2167, 0x736e, 0x2168, 0x2147, 0x630d, 0x630d,
0x422a, 0x3185, 0x41e6, 0x0064, 0x6ac8, 0x2966, 0x0064, 0x08c5, 0x08a4, 0x0083,
0x68ad, 0x18c6, 0x00c5, 0x08c5, 0x08a5, 0x08a5, 0x08a5, 0x08a5, 0x08a5, 0x08a5,
0x08a4, 0x4a49, 0x5a8a, 0x0084, 0x4a4a, 0x736d, 0x6b4d, 0x738d, 0x528b, 0x1927,
0x6b4e, 0xa46e, 0x6aa8, 0x0044, 0x08c5, 0x00a5, 0x00a4, 0x00a4, 0x00a5, 0x08a5,
0x08c5, 0x08a5, 0x08c5, 0x08c5, 0x08a5, 0x08a5, 0x10c5, 0x1947, 0x324d, 0x8c0c,
0x21a9, 0x1148, 0x1168, 0x1148, 0x1148, 0x1147, 0x1127, 0x19a9, 0x2a4c, 0x2a4c,
0x2a4c, 0x2a4c, 0x224c, 0x222c, 0x222c, 0x222c, 0x222c, 0x2a4c, 0x098a, 0x7b6b,
0x5247, 0x0085, 0x08e6, 0x08e5, 0x00c5, 0x00c4, 0x1168, 0x1a0c, 0x19eb, 0x1a0b,
0x1a0b, 0x1a0b, 0x19eb, 0x19eb, 0x19eb, 0x19eb, 0x19eb, 0x19eb, 0x19eb, 0x1a0b,

0x08e6, 0x08e6, 0x08e6, 0x08e6, 0x08e6, 0x08e6, 0x08e6, 0x08e6, 0x08e6, 0x08e6,
0x08e6, 0x08e6, 0x08e6, 0x08e6, 0x08e6, 0x08e6, 0x08e6, 0x08e6, 0x08e6, 0x08e6,
0x08e6, 0x08e6, 0x08e6, 0x08e6, 0x08e6, 0x08e6, 0x08e6, 0x08e6, 0x08e6, 0x08e6,
0x08e6, 0x08e6, 0x08e6, 0x08e6, 0x08e6, 0x08e6, 0x08e6, 0x08e6, 0x08e6, 0x08e6,
0x08e6, 0x08e6, 0x08e6, 0x08e6, 0x08e6, 0x08e6, 0x08e6, 0x08e6, 0x08e6, 0x08e6,
0x08e6, 0x08e6, 0x08e6, 0x08e6, 0x08e6, 0x08e6, 0x08e6, 0x08e6, 0x08e6, 0x08e6,
0x0906, 0x0906, 0x0906, 0x0906, 0x08e6, 0x0906, 0x0906, 0x0907, 0x0907, 0x0907,
0x0907, 0x0907, 0x0907, 0x0907, 0x0907, 0x0907, 0x0907, 0x0907, 0x0907, 0x0907,
0x0907, 0x0907, 0x0907, 0x0907, 0x0927, 0x0927, 0x0927, 0x0927, 0x0927, 0x0927,
0x0927, 0x0927, 0x0927, 0x0927, 0x1127, 0x1127, 0x0927, 0x1127, 0x1127, 0x1128,
0x1148, 0x1148, 0x1148, 0x1148, 0x1148, 0x1148, 0x1148, 0x1148, 0x1148, 0x1148,
0x1148, 0x1148, 0x1148, 0x1148, 0x1148, 0x1148, 0x1148, 0x1148, 0x1148, 0x1148,
0x1168, 0x1168, 0x1168, 0x1168, 0x1168, 0x1169, 0x1168, 0x1169, 0x1169, 0x1189,
0x1989, 0x1189, 0x1989, 0x19a9, 0x1989, 0x19a9, 0x19a9, 0x19aa, 0x21ca, 0x21ca,
0x21ca, 0x21eb, 0x1948, 0x39e8, 0x2a0a, 0x2a0a, 0x2a0a, 0x320a, 0x322a, 0x324a,
0x3a4b, 0x3a4b, 0x426b, 0x426b, 0x428b, 0x4a8b, 0x52ab, 0x426a, 0x4a8a, 0x62eb,
0x630c, 0x6b0c, 0x732c, 0x7b2c, 0x7b6c, 0x836c, 0x8bac, 0x8b8c, 0xcd0d, 0xfe90,
0xfe4f, 0xfe70, 0xfe70, 0xfe90, 0xfe90, 0xfe90, 0xfe90, 0xfe90, 0xfeb0, 0xf64f,
0x1988, 0x7bac, 0xfef1, 0xfeb1, 0xfed1, 0xe5cf, 0xb44d, 0xb46d, 0xbc8e, 0x4208,
0x08c6, 0x1106, 0x10e5, 0x10c5, 0x08c5, 0x08c5, 0x08c5, 0x08a5, 0x2167, 0x83ad,
0x838d, 0x7b8d, 0x7b8d, 0x736d, 0x736d, 0x6b2d, 0x940d, 0x4a27, 0x0065, 0x08c6,
0x00a5, 0x00a5, 0x68cc, 0x30c8, 0x00a4, 0x08c5, 0x08a4, 0x1906, 0x1926, 0x1106,
0x0085, 0x08a5, 0x08c5, 0x0085, 0x2167, 0x738e, 0x2168, 0x2147, 0x630d, 0x630d,
0x422a, 0x3165, 0x41e6, 0x0064, 0x08c6, 0x6ac8, 0x18e5, 0x0084, 0x08a5, 0x00a4,
0x18a6, 0x68ad, 0x00c4, 0x08a5, 0x08c5, 0x08a5, 0x08a5, 0x08a5, 0x08a5, 0x08a5,
0x0085, 0x0084, 0x3187, 0x0084, 0x4a4a, 0x736d, 0x6b4d, 0x7b8e, 0x528b, 0x1926,
0x632e, 0xa46e, 0x6aa8, 0x0044, 0x08c5, 0x08a5, 0x08a5, 0x08a5, 0x08a5, 0x08a5,
0x08a5, 0x08a5, 0x08a5, 0x08c5, 0x08a5, 0x08a5, 0x08a5, 0x1948, 0x324d, 0x8c0c,
0x21a9, 0x0927, 0x1127, 0x1127, 0x1147, 0x1147, 0x1147, 0x1127, 0x21ca, 0x2a4c,
0x2a4c, 0x2a4c, 0x2a2c, 0x222c, 0x2a2c, 0x222c, 0x222c, 0x2a4c, 0x09aa, 0x7b6b,
0x5227, 0x00a5, 0x08e6, 0x10e7, 0x20e7, 0x18a7, 0x1168, 0x1a2c, 0x1a0b, 0x19eb,
0x1a0b, 0x1a0b, 0x1a0b, 0x1a0b, 0x1a0b, 0x1a0b, 0x19eb, 0x19eb, 0x19eb, 0x1a0b,

0x08e6, 0x08e6, 0x08e6, 0x08e6, 0x08e6, 0x08e6, 0x08e6, 0x08e6, 0x08e6, 0x08e6,
0x08e6, 0x08e6, 0x08e6, 0x08e6, 0x08e6, 0x08e6, 0x08e6, 0x08e6, 0x08e6, 0x08e6,
0x08e6, 0x08e6, 0x08e6, 0x08e6, 0x08e6, 0x08e6, 0x08e6, 0x08e6, 0x08e6, 0x08e6,
0x08e6, 0x08e6, 0x08e6, 0x08e6, 0x08e6, 0x08e6, 0x08e6, 0x08e6, 0x08e6, 0x08e6,
0x08e6, 0x08e6, 0x08e6, 0x08e6, 0x08e6, 0x08e6, 0x08e6, 0x08e6, 0x08e6, 0x08e6,
0x08e6, 0x08e6, 0x08e6, 0x08e6, 0x08e6, 0x08e6, 0x08e6, 0x08e6, 0x08e6, 0x0906,
0x0906, 0x0906, 0x0906, 0x0906, 0x0906, 0x0906, 0x0906, 0x0907, 0x0907, 0x0907,
0x0907, 0x0907, 0x0907, 0x0907, 0x0907, 0x0907, 0x0907, 0x0907, 0x0907, 0x0907,
0x0907, 0x0907, 0x0907, 0x0907, 0x0927, 0x0927, 0x0927, 0x0927, 0x0927, 0x0927,
0x0927, 0x0927, 0x0927, 0x0927, 0x0927, 0x1127, 0x1127, 0x1128, 0x1148, 0x1128,
0x1148, 0x1148, 0x1148, 0x1148, 0x1148, 0x1148, 0x1148, 0x1148, 0x1148, 0x1148,
0x1148, 0x1148, 0x1148, 0x1148, 0x1148, 0x1148, 0x1168, 0x1148, 0x1148, 0x1168,
0x1168, 0x1168, 0x1168, 0x1168, 0x1168, 0x1169, 0x1169, 0x1169, 0x1189, 0x1189,
0x1989, 0x1989, 0x1989, 0x19a9, 0x19a9, 0x19a9, 0x19a9, 0x21ca, 0x21ca, 0x21ca,
0x21ca, 0x220b, 0x1968, 0x3a08, 0x2a0a, 0x2a0a, 0x2a0a, 0x322a, 0x322a, 0x322b,
0x3a4b, 0x3a4b, 0x3a6b, 0x426b, 0x4a8b, 0x4a8b, 0x52ac, 0x426a, 0x528b, 0x630c,
0x62ec, 0x6b0c, 0x732c, 0x7b2c, 0x7b4c, 0x836c, 0x8b8c, 0x8b8c, 0xbcad, 0xfe90,
0xfe70, 0xfe90, 0xfe70, 0xfe90, 0xfe90, 0xfeb1, 0xfe90, 0xfe90, 0xfeb0, 0xf64f,
0x29e9, 0x1168, 0x426a, 0xe630, 0xfed1, 0xee50, 0xb48e, 0xb46d, 0xbc8e, 0x4208,
0x08c5, 0x08e5, 0x08e5, 0x00c4, 0x08c5, 0x08c5, 0x08c5, 0x08a5, 0x2147, 0x8bad,
0x83ad, 0x7b8d, 0x7b8d, 0x7b6d, 0x7b6d, 0x6b2d, 0x940d, 0x4a07, 0x0085, 0x00a5,
0x10a5, 0x78ed, 0x30c7, 0x00a4, 0x08a5, 0x00a4, 0x0084, 0x0084, 0x0084, 0x0084,
0x08a5, 0x08a5, 0x08a5, 0x00a5, 0x2167, 0x738e, 0x2188, 0x2167, 0x630d, 0x630d,
0x422a, 0x3185, 0x41c6, 0x0085, 0x00a5, 0x1906, 0x6aa8, 0x08a4, 0x08a5, 0x08a5,
0x00a4, 0x40aa, 0x50ab, 0x00c4, 0x08a5, 0x08a5, 0x08a5, 0x08a5, 0x08a5, 0x08c5,
0x08c5, 0x08a4, 0x0084, 0x0064, 0x4a6a, 0x7b8e, 0x6b2d, 0x7b6d, 0x528b, 0x1926,
0x632e, 0xa46e, 0x6aa8, 0x0064, 0x08c5, 0x08a5, 0x08a5, 0x08a5, 0x08a5, 0x08a5,
0x08a5, 0x00a5, 0x08a5, 0x08c5, 0x08a5, 0x08c5, 0x00a4, 0x1948, 0x3a6e, 0x8c0c,
0x21a8, 0x0927, 0x1127, 0x1127, 0x1127, 0x1147, 0x1127, 0x1147, 0x1989, 0x2a4c,
0x2a6c, 0x2a4c, 0x2a2c, 0x2a2c, 0x222c, 0x224c, 0x224c, 0x2a2c, 0x098a, 0x7b6c,
0x5228, 0x00a6, 0x08e6, 0x38eb, 0x690f, 0x60ad, 0x1968, 0x1a2c, 0x19eb, 0x1a0b,
0x1a0b, 0x1a0b, 0x1a0b, 0x1a0b, 0x1a0b, 0x19eb, 0x19eb, 0x19eb, 0x1a0b, 0x1a0b,

0x08e6, 0x08e6, 0x08e6, 0x08e6, 0x08e6, 0x08e6, 0x08e6, 0x08e6, 0x08e6, 0x08e6,
0x08e6, 0x08e6, 0x08e6, 0x08e6, 0x08e6, 0x08e6, 0x08e6, 0x08e6, 0x08e6, 0x08e6,
0x08e6, 0x08e6, 0x08e6, 0x08e6, 0x08e6, 0x08e6, 0x08e6, 0x08e6, 0x08e6, 0x08e6,
0x08e6, 0x08e6, 0x08e6, 0x08e6, 0x08e6, 0x08e6, 0x08e6, 0x08e6, 0x08e6, 0x08e6,
0x08e6, 0x08e6, 0x08e6, 0x08e6, 0x08e6, 0x08e6, 0x08e6, 0x08e6, 0x08e6, 0x08e6,
0x08e6, 0x08e6, 0x08e6, 0x08e6, 0x08e6, 0x08e6, 0x08e6, 0x08e6, 0x08e6, 0x0906,
0x0906, 0x0906, 0x0906, 0x0906, 0x0906, 0x0906, 0x0907, 0x0907, 0x0907, 0x0907,
0x0907, 0x0907, 0x0907, 0x0907, 0x0907, 0x0907, 0x0907, 0x0907, 0x0907, 0x0907,
0x0907, 0x0907, 0x0927, 0x0907, 0x0927, 0x0907, 0x0927, 0x0927, 0x0927, 0x0927,
0x0927, 0x1127, 0x1127, 0x1127, 0x1127, 0x1128, 0x1147, 0x1148, 0x1148, 0x1148,
0x1148, 0x1148, 0x1148, 0x1148, 0x1148, 0x1148, 0x1148, 0x1148, 0x1148, 0x1148,
0x1148, 0x1148, 0x1148, 0x1148, 0x1148, 0x1148, 0x1168, 0x1148, 0x1168, 0x1168,
0x1168, 0x1168, 0x1169, 0x1169, 0x1169, 0x1169, 0x1189, 0x1169, 0x1189, 0x1989,
0x19a9, 0x19a9, 0x19a9, 0x19a9, 0x19a9, 0x19a9, 0x19ca, 0x21ca, 0x21ca, 0x21ca,
0x21ca, 0x220b, 0x1968, 0x3a08, 0x2a0b, 0x2a0a, 0x2a2a, 0x322a, 0x322a, 0x324b,
0x3a6b, 0x3a4b, 0x426b, 0x426b, 0x428b, 0x4a8b, 0x52cc, 0x29c9, 0x4a8a, 0x630c,
0x62ec, 0x6b0c, 0x730c, 0x732c, 0x7b4c, 0x836c, 0x8bac, 0x93ac, 0xac4d, 0xfe70,
0xfe70, 0xfe90, 0xfe70, 0xfe90, 0xfe90, 0xfe90, 0xfeb0, 0xfeb1, 0xfeb1, 0xf670,
0x29e9, 0x1148, 0x1148, 0xd5cf, 0xfef1, 0xfe91, 0xbcce, 0xb46e, 0xbcae, 0x4208,
0x08a5, 0x58cd, 0x58ec, 0x68ce, 0x18c7, 0x08c5, 0x08c5, 0x08c5, 0x2167, 0x8bae,
0x83ad, 0x838d, 0x7b8d, 0x7b8d, 0x7b6d, 0x6b2d, 0x940d, 0x4a27, 0x0045, 0x20e7,
0x994e, 0x30e7, 0x0083, 0x08a5, 0x08a5, 0x08a5, 0x08a4, 0x08a5, 0x08a5, 0x08a5,
0x0885, 0x08a5, 0x08a5, 0x0085, 0x2167, 0x7bae, 0x2988, 0x2167, 0x632d, 0x632d,
0x424b, 0x3185, 0x41e6, 0x0064, 0x08c5, 0x0065, 0x2966, 0x5a67, 0x0064, 0x08c5,
0x08a5, 0x00a4, 0x68ad, 0x20c7, 0x00a4, 0x08a5, 0x08a5, 0x08a5, 0x08a5, 0x08a5,
0x08a5, 0x08a4, 0x08a5, 0x0084, 0x2987, 0x736d, 0x734d, 0x7b6d, 0x528b, 0x1106,
0x632e, 0xa46e, 0x6ac8, 0x0065, 0x08c5, 0x08a5, 0x08a5, 0x08a5, 0x08a5, 0x08c5,
0x08a5, 0x08a5, 0x00a5, 0x08c5, 0x08a5, 0x08c5, 0x00a4, 0x1948, 0x3a6e, 0x8c0d,
0x21a8, 0x0907, 0x1127, 0x1127, 0x1127, 0x1127, 0x1127, 0x1127, 0x1148, 0x2a4c,
0x2a4c, 0x2a4c, 0x2a4c, 0x2a2c, 0x2a4c, 0x222c, 0x224c, 0x2a4c, 0x09aa, 0x7b6c,
0x5228, 0x00a6, 0x08e6, 0x08e5, 0x00e5, 0x00c4, 0x1168, 0x1a2c, 0x1a0b, 0x1a0b,
0x1a0b, 0x1a0b, 0x1a2c, 0x1a0b, 0x1a0b, 0x1a0b, 0x1a0b, 0x1a0b, 0x1a0b, 0x1a0b,

0x08e6, 0x08e6, 0x08e6, 0x08e6, 0x08e6, 0x08e6, 0x08e6, 0x08e6, 0x08e6, 0x08e6,
0x08e6, 0x08e6, 0x08e6, 0x08e6, 0x08e6, 0x08e6, 0x08e6, 0x08e6, 0x08e6, 0x08e6,
0x08e6, 0x08e6, 0x08e6, 0x08e6, 0x08e6, 0x08e6, 0x08e6, 0x08e6, 0x08e6, 0x08e6,
0x08e6, 0x08e6, 0x08e6, 0x08e6, 0x08e6, 0x08e6, 0x08e6, 0x08e6, 0x08e6, 0x08e6,
0x08e6, 0x08e6, 0x08e6, 0x08e6, 0x08e6, 0x08e6, 0x08e6, 0x08e6, 0x08e6, 0x08e6,
0x08e6, 0x08e6, 0x08e6, 0x08e6, 0x08e6, 0x08e6, 0x08e6, 0x08e6, 0x0906, 0x0906,
0x0906, 0x0906, 0x08e6, 0x0906, 0x0906, 0x0906, 0x0907, 0x0907, 0x0907, 0x0907,
0x0907, 0x0907, 0x0907, 0x0907, 0x0907, 0x0907, 0x0907, 0x0907, 0x0907, 0x0907,
0x0927, 0x0907, 0x0927, 0x0927, 0x0907, 0x0927, 0x0927, 0x0927, 0x0927, 0x0927,
0x0927, 0x0927, 0x0927, 0x0927, 0x1127, 0x1127, 0x1128, 0x1148, 0x1148, 0x1148,
0x1148, 0x1148, 0x1148, 0x1148, 0x1148, 0x1148, 0x1148, 0x1148, 0x1148, 0x1148,
0x1148, 0x1148, 0x1148, 0x1148, 0x1148, 0x1168, 0x1168, 0x1168, 0x1168, 0x1168,
0x1168, 0x1169, 0x1169, 0x1189, 0x1189, 0x1189, 0x1189, 0x1189, 0x1189, 0x1989,
0x19a9, 0x19a9, 0x19a9, 0x19a9, 0x19a9, 0x19ca, 0x19ca, 0x21ea, 0x21ea, 0x21ca,
0x21ca, 0x21eb, 0x1968, 0x4208, 0x2a2b, 0x2a0b, 0x2a2a, 0x322a, 0x322b, 0x324b,
0x3a6b, 0x3a4b, 0x426b, 0x428b, 0x4a8b, 0x4a8b, 0x52ec, 0x29c9, 0x424a, 0x62ec,
0x62ec, 0x62ec, 0x6b0c, 0x732c, 0x7b4c, 0x838c, 0x8bac, 0x93ac, 0x9c0d, 0xf64f,
0xfe90, 0xfe70, 0xfe90, 0xfe90, 0xfe90, 0xfe90, 0xfeb0, 0xfe91, 0xfef1, 0xddef,
0x1988, 0x1148, 0x1968, 0xd5af, 0xfed0, 0xfed1, 0xcd4f, 0xb46e, 0xbcce, 0x4208,
0x08a5, 0x20e7, 0x28e7, 0x20c7, 0x10c6, 0x08c5, 0x10e6, 0x08a5, 0x2167, 0x8bce,
0x83ad, 0x83ad, 0x7b8d, 0x7b8e, 0x7b8e, 0x6b2d, 0x9c0d, 0x39c6, 0x28e7, 0xaa0e,
0x30e7, 0x0084, 0x08a5, 0x00a4, 0x08a5, 0x08a5, 0x08a5, 0x00a5, 0x08a5, 0x08a5,
0x08a5, 0x08a5, 0x08a5, 0x0085, 0x2167, 0x7bae, 0x2188, 0x2168, 0x632d, 0x632d,
0x426b, 0x3186, 0x39c6, 0x0064, 0x08c5, 0x08a5, 0x0064, 0x41c7, 0x4a27, 0x0064,
0x08c5, 0x00a5, 0x10a6, 0x68ce, 0x00a4, 0x08a5, 0x08a5, 0x08a5, 0x08a5, 0x08a5,
0x08a5, 0x08a4, 0x08a5, 0x0084, 0x10e5, 0x6b4d, 0x736d, 0x7b6d, 0x528b, 0x1106,
0x632e, 0xa46e, 0x62a8, 0x0065, 0x08c5, 0x08a5, 0x08a5, 0x08a5, 0x08a5, 0x08a5,
0x08c5, 0x08a5, 0x08a5, 0x08e6, 0x08a5, 0x08c5, 0x00a4, 0x1948, 0x3a6e, 0x840c,
0x21a8, 0x0907, 0x1127, 0x1127, 0x1127, 0x1127, 0x1127, 0x1127, 0x1148, 0x2a4c,
0x2a4c, 0x224c, 0x2a4c, 0x2a4c, 0x224c, 0x222c, 0x2a4c, 0x2a4c, 0x09aa, 0x7b8c,
0x5248, 0x0085, 0x08e6, 0x08c6, 0x08e6, 0x08c5, 0x1169, 0x1a2c, 0x1a0c, 0x1a0c,
0x1a0c, 0x1a0b, 0x1a2c, 0x1a0c, 0x1a0b, 0x1a0b, 0x1a0b, 0x1a0b, 0x1a0b, 0x1a0c,

0x08e6, 0x08e6, 0x08e6, 0x08e6, 0x08e6, 0x08e6, 0x08e6, 0x08e6, 0x08e6, 0x08e6,
0x08e6, 0x08e6, 0x08e6, 0x08e6, 0x08e6, 0x08e6, 0x08e6, 0x08e6, 0x08e6, 0x08e6,
0x08e6, 0x08e6, 0x08e6, 0x08e6, 0x08e6, 0x08e6, 0x08e6, 0x08e6, 0x08e6, 0x08e6,
0x08e6, 0x08e6, 0x08e6, 0x08e6, 0x08e6, 0x08e6, 0x08e6, 0x08e6, 0x08e6, 0x08e6,
0x08e6, 0x08e6, 0x08e6, 0x08e6, 0x08e6, 0x08e6, 0x08e6, 0x08e6, 0x08e6, 0x08e6,
0x08e6, 0x08e6, 0x08e6, 0x08e6, 0x08e6, 0x08e6, 0x08e6, 0x08e6, 0x0906, 0x0906,
0x0906, 0x0906, 0x0906, 0x0906, 0x0906, 0x0906, 0x0907, 0x0907, 0x0907, 0x0907,
0x0907, 0x0907, 0x0907, 0x0907, 0x0907, 0x0907, 0x0907, 0x0907, 0x0907, 0x0907,
0x0927, 0x0927, 0x0907, 0x0927, 0x0907, 0x0927, 0x0927, 0x0927, 0x0927, 0x0927,
0x0927, 0x0927, 0x0927, 0x1127, 0x1127, 0x1147, 0x1148, 0x1148, 0x1148, 0x1148,
0x1148, 0x1148, 0x1148, 0x1148, 0x1148, 0x1148, 0x1148, 0x1148, 0x1148, 0x1148,
0x1148, 0x1148, 0x1148, 0x1168, 0x1168, 0x1168, 0x1168, 0x1168, 0x1168, 0x1168,
0x1169, 0x1189, 0x1189, 0x1189, 0x1189, 0x1189, 0x1189, 0x11a9, 0x19a9, 0x19a9,
0x19aa, 0x19a9, 0x19a9, 0x19a9, 0x19ca, 0x19ca, 0x21ca, 0x21ea, 0x21ea, 0x21ea,
0x21ea, 0x220b, 0x1968, 0x4228, 0x2a2b, 0x2a2b, 0x322b, 0x322b, 0x322b, 0x324b,
0x3a4b, 0x426b, 0x428b, 0x428b, 0x4aac, 0x4aac, 0x52ec, 0x29c9, 0x52aa, 0x5aec,
0x5acb, 0x630c, 0x6b2c, 0x732c, 0x7b4c, 0x836c, 0x8bac, 0x93cc, 0x93cc, 0xedef,
0xfe90, 0xfe70, 0xfe90, 0xfe91, 0xfe90, 0xfe90, 0xfe90, 0xfed1, 0xe651, 0x3a4a,
0x1169, 0x1968, 0x1968, 0xd5ae, 0xfed0, 0xfed1, 0xe5f0, 0xb46e, 0xbcce, 0x4208,
0x0885, 0x18e5, 0x2927, 0x00c4, 0x08c5, 0x1147, 0x12ad, 0x0084, 0x2147, 0x8bce,
0x83ce, 0x83ae, 0x83ae, 0x838e, 0x7b8e, 0x736e, 0x93ed, 0x72a8, 0xb2ec, 0x3127,
0x0084, 0x08a5, 0x08a5, 0x08a5, 0x08a5, 0x08a5, 0x08a5, 0x08a5, 0x08a5, 0x08a5,
0x08a5, 0x08a5, 0x08a5, 0x0084, 0x2167, 0x7b8e, 0x2168, 0x2188, 0x7bae, 0x7bae,
0x422a, 0x3186, 0x6aa7, 0x0044, 0x08a4, 0x08a4, 0x08a5, 0x0065, 0x5248, 0x39c7,
0x0085, 0x08c5, 0x00a4, 0x38a9, 0x50cb, 0x00a3, 0x08a5, 0x00a4, 0x00a4, 0x08a4,
0x08a5, 0x08a5, 0x08a5, 0x0085, 0x10e6, 0x6b4d, 0x736d, 0x7b8e, 0x52ab, 0x1106,
0x632e, 0xa44e, 0x62a8, 0x0044, 0x08c5, 0x08a5, 0x08a5, 0x08a5, 0x08a5, 0x08a5,
0x08c5, 0x08a5, 0x08a5, 0x08e6, 0x08c5, 0x08c5, 0x00a4, 0x1948, 0x3a6e, 0x840c,
0x21a8, 0x0907, 0x1127, 0x1127, 0x1127, 0x1148, 0x1148, 0x1127, 0x1148, 0x2a4c,
0x2a6c, 0x2a4c, 0x2a6c, 0x2a4c, 0x224c, 0x224c, 0x224c, 0x2a4c, 0x09aa, 0x83ac,
0x5248, 0x0085, 0x08c5, 0x08c5, 0x08c6, 0x08c5, 0x1168, 0x1a4c, 0x1a0c, 0x1a0c,
0x1a0c, 0x1a0c, 0x1a2c, 0x1a2c, 0x1a0b, 0x1a0b, 0x1a0b, 0x1a0b, 0x1a0b, 0x1a0c,

0x08e6, 0x08e6, 0x08e6, 0x08e6, 0x08e6, 0x08e6, 0x08e6, 0x08e6, 0x08e6, 0x08e6,
0x08e6, 0x08e6, 0x08e6, 0x08e6, 0x08e6, 0x08e6, 0x08e6, 0x08e6, 0x08e6, 0x08e6,
0x08e6, 0x08e6, 0x08e6, 0x08e6, 0x08e6, 0x08e6, 0x08e6, 0x08e6, 0x08e6, 0x08e6,
0x08e6, 0x08e6, 0x08e6, 0x08e6, 0x08e6, 0x08e6, 0x08e6, 0x08e6, 0x08e6, 0x08e6,
0x08e6, 0x08e6, 0x08e6, 0x08e6, 0x08e6, 0x08e6, 0x08e6, 0x08e6, 0x08e6, 0x08e6,
0x08e6, 0x08e6, 0x08e6, 0x08e6, 0x0906, 0x08e6, 0x0906, 0x0906, 0x0906, 0x0906,
0x0906, 0x0906, 0x0906, 0x0906, 0x0906, 0x0906, 0x0907, 0x0907, 0x0907, 0x0907,
0x0907, 0x0907, 0x0907, 0x0907, 0x0907, 0x0907, 0x0927, 0x0907, 0x0907, 0x0907,
0x0907, 0x0927, 0x0927, 0x0927, 0x0907, 0x0927, 0x0927, 0x0927, 0x0927, 0x0927,
0x0927, 0x0927, 0x1127, 0x0947, 0x0927, 0x1148, 0x1148, 0x1148, 0x1148, 0x1148,
0x1148, 0x1148, 0x1148, 0x1148, 0x1148, 0x1148, 0x1148, 0x1148, 0x1148, 0x1148,
0x1148, 0x1148, 0x1168, 0x1168, 0x1168, 0x1168, 0x1168, 0x1169, 0x1169, 0x1169,
0x1189, 0x1189, 0x1189, 0x1189, 0x11a9, 0x11a9, 0x19a9, 0x19a9, 0x19a9, 0x19a9,
0x19ca, 0x19aa, 0x19aa, 0x19ca, 0x19ca, 0x19ca, 0x19ca, 0x21ea, 0x21ea, 0x21ea,
0x21ea, 0x220b, 0x1127, 0x4a48, 0x2a2b, 0x2a2b, 0x322b, 0x322b, 0x324b, 0x3a4b,
0x3a6b, 0x428c, 0x428b, 0x428c, 0x4aac, 0x4aac, 0x5aed, 0x29a9, 0x31c8, 0x7b8b,
0x5acc, 0x630c, 0x6b2c, 0x734c, 0x7b4c, 0x838c, 0x8bad, 0x93ac, 0x8bac, 0xd56e,
0xfeb0, 0xfe90, 0xfe90, 0xfe90, 0xfe90, 0xfe91, 0xfeb1, 0xf690, 0x4a8a, 0x0948,
0x21a9, 0x1968, 0x1988, 0xd5cf, 0xfed0, 0xfeb0, 0xf670, 0xb48e, 0xbcae, 0x4208,
0x0885, 0x2106, 0x3147, 0x08e6, 0x08e6, 0x08e6, 0x10e5, 0x0084, 0x2146, 0x8bce,
0x8bce, 0x83ce, 0x83ae, 0x83ae, 0x83ae, 0x6b6e, 0xa42e, 0xd42c, 0x2906, 0x0084,
0x08a5, 0x08a5, 0x08a5, 0x08a5, 0x08a5, 0x08c5, 0x08a5, 0x08a5, 0x08a5, 0x08c5,
0x08a5, 0x08a5, 0x08a5, 0x0084, 0x2147, 0x7b8e, 0x2167, 0x29a8, 0x4a6b, 0x2168,
0x0065, 0x39c7, 0x5a88, 0x39c6, 0x0064, 0x08a4, 0x08a5, 0x08a5, 0x08a5, 0x41e7,
0x08c5, 0x08a5, 0x08a5, 0x00a3, 0x58cc, 0x28a8, 0x00a4, 0x08a5, 0x0084, 0x08a4,
0x08a5, 0x08a5, 0x08a5, 0x08a5, 0x10e5, 0x6b2d, 0x736d, 0x7b8e, 0x52ab, 0x1106,
0x632e, 0xa44e, 0x6aa8, 0x0044, 0x08c5, 0x08a5, 0x08a5, 0x08a5, 0x08a5, 0x08a5,
0x08c5, 0x00a5, 0x08a5, 0x08e6, 0x08a5, 0x08c5, 0x00a4, 0x1968, 0x3a6e, 0x840c,
0x21a8, 0x1128, 0x414b, 0x2949, 0x1127, 0x1147, 0x1147, 0x1127, 0x1148, 0x2a4c,
0x2a4c, 0x224c, 0x2a6c, 0x2a4c, 0x224c, 0x224c, 0x224c, 0x2a4c, 0x09ab, 0x83cd,
0x5247, 0x01ca, 0x1a4a, 0x09e9, 0x09a7, 0x1acc, 0x1168, 0x1a4c, 0x1a0c, 0x1a2c,
0x1a0c, 0x1a0c, 0x1a2c, 0x1a0c, 0x1a0c, 0x1a0b, 0x1a0b, 0x1a0b, 0x19eb, 0x1a0b,

0x08e6, 0x08e6, 0x08e6, 0x08e6, 0x08e6, 0x08e6, 0x08e6, 0x08e6, 0x08e6, 0x08e6,
0x08e6, 0x08e6, 0x08e6, 0x08e6, 0x08e6, 0x08e6, 0x08e6, 0x08e6, 0x08e6, 0x08e6,
0x08e6, 0x08e6, 0x08e6, 0x08e6, 0x08e6, 0x08e6, 0x08e6, 0x08e6, 0x08e6, 0x08e6,
0x08e6, 0x08e6, 0x08e6, 0x08e6, 0x08e6, 0x08e6, 0x08e6, 0x08e6, 0x08e6, 0x08e6,
0x08e6, 0x08e6, 0x08e6, 0x08e6, 0x08e6, 0x08e6, 0x08e6, 0x08e6, 0x08e6, 0x08e6,
0x08e6, 0x08e6, 0x08e6, 0x08e6, 0x0906, 0x0906, 0x08e6, 0x0906, 0x0906, 0x0906,
0x0906, 0x0906, 0x0906, 0x0906, 0x0906, 0x0906, 0x0907, 0x0907, 0x0907, 0x0907,
0x0907, 0x0907, 0x0907, 0x0907, 0x0907, 0x0907, 0x0907, 0x0907, 0x0927, 0x0927,
0x0927, 0x0907, 0x0927, 0x0927, 0x0927, 0x0927, 0x0927, 0x0927, 0x0927, 0x0927,
0x0927, 0x1127, 0x1127, 0x0927, 0x1148, 0x1148, 0x1148, 0x1148, 0x1148, 0x1148,
0x1148, 0x1148, 0x1148, 0x1148, 0x1148, 0x1148, 0x1148, 0x1148, 0x1168, 0x1168,
0x1168, 0x1168, 0x1168, 0x1168, 0x1168, 0x1169, 0x1169, 0x1169, 0x1189, 0x1189,
0x1189, 0x1189, 0x11a9, 0x11a9, 0x19a9, 0x19a9, 0x19a9, 0x19aa, 0x19aa, 0x19aa,
0x19ca, 0x19ca, 0x19ca, 0x19ca, 0x19ea, 0x19ea, 0x21ea, 0x21ea, 0x21ea, 0x220b,
0x21eb, 0x220b, 0x1127, 0x39e7, 0x4acb, 0x2a0b, 0x322b, 0x326c, 0x3a6b, 0x3a6b,
0x3a6b, 0x428b, 0x428c, 0x428c, 0x4aac, 0x4aac, 0x52ec, 0x29c9, 0x00a6, 0x4a48,
0x83ac, 0x5aec, 0x6b4c, 0x734c, 0x7b4c, 0x836c, 0x838c, 0x8bac, 0x8bac, 0xbcce,
0xfeb0, 0xfe70, 0xfe90, 0xfeb1, 0xfe91, 0xfe91, 0xff11, 0x7bcc, 0x0108, 0x2189,
0x1968, 0x1968, 0x1989, 0xd5ef, 0xfef1, 0xfe90, 0xfed0, 0xc4ed, 0xb48e, 0x4208,
0x0885, 0x2106, 0x3148, 0x08e6, 0x08e6, 0x08e6, 0x08c5, 0x0084, 0x2146, 0x8bee,
0x8bce, 0x8bce, 0x83ce, 0x83ae, 0x736e, 0x940e, 0xc48d, 0x2126, 0x0064, 0x08c5,
0x08a5, 0x08a5, 0x08c5, 0x08a5, 0x08a5, 0x08c5, 0x00a5, 0x08a5, 0x08a5, 0x08a5,
0x08a5, 0x08a5, 0x08a5, 0x0084, 0x3147, 0x7b8e, 0x2988, 0x1106, 0x08e7, 0x29c9,
0x2148, 0x3a07, 0x31a7, 0x3186, 0x39c6, 0x0044, 0x08c5, 0x08a5, 0x08c5, 0x00a5,
0x08c5, 0x08a5, 0x08a5, 0x08a4, 0x08a5, 0x68cd, 0x08a4, 0x00a4, 0x00a4, 0x0884,
0x08a5, 0x08a5, 0x08a5, 0x08a5, 0x10e5, 0x6b2d, 0x736d, 0x7b8e, 0x52ab, 0x1106,
0x632e, 0xa44e, 0x62a8, 0x0044, 0x08c5, 0x08a5, 0x08a5, 0x08a5, 0x08a5, 0x08a5,
0x08e5, 0x00a5, 0x08a5, 0x08c5, 0x08c5, 0x08c5, 0x0084, 0x1968, 0x3a6e, 0x83eb,
0x21a8, 0x1949, 0x21cb, 0x218a, 0x1107, 0x1127, 0x1127, 0x1127, 0x1148, 0x2a4c,
0x2a4c, 0x2a4c, 0x2a4c, 0x2a4c, 0x224c, 0x224c, 0x224c, 0x2a4c, 0x09ab, 0x83cd,
0x5268, 0x2129, 0x1906, 0x20e6, 0x3128, 0x2107, 0x1168, 0x224c, 0x1a0c, 0x1a0c,
0x1a2c, 0x1a0c, 0x1a2c, 0x1a2c, 0x1a0c, 0x1a0c, 0x1a0c, 0x1a0b, 0x1a0b, 0x1a0c,

0x08e6, 0x08e6, 0x08e6, 0x08e6, 0x08e6, 0x08e6, 0x08e6, 0x08e6, 0x08e6, 0x08e6,
0x08e6, 0x08e6, 0x08e6, 0x08e6, 0x08e6, 0x08e6, 0x08e6, 0x08e6, 0x08e6, 0x08e6,
0x08e6, 0x08e6, 0x08e6, 0x08e6, 0x08e6, 0x08e6, 0x08e6, 0x08e6, 0x08e6, 0x08e6,
0x08e6, 0x08e6, 0x08e6, 0x08e6, 0x08e6, 0x08e6, 0x08e6, 0x08e6, 0x08e6, 0x08e6,
0x08e6, 0x08e6, 0x08e6, 0x08e6, 0x08e6, 0x08e6, 0x08e6, 0x08e6, 0x08e6, 0x08e6,
0x08e6, 0x08e6, 0x08e6, 0x08e6, 0x0906, 0x08e6, 0x0906, 0x0906, 0x0906, 0x0906,
0x0906, 0x0906, 0x0906, 0x0907, 0x0907, 0x0907, 0x0907, 0x0907, 0x0907, 0x0907,
0x0907, 0x0907, 0x0907, 0x0907, 0x0907, 0x0907, 0x0907, 0x0907, 0x0927, 0x0927,
0x0907, 0x0927, 0x0927, 0x0927, 0x0927, 0x0927, 0x0927, 0x0927, 0x0927, 0x0927,
0x0927, 0x1127, 0x1127, 0x1148, 0x0948, 0x1148, 0x1148, 0x1148, 0x1148, 0x1148,
0x1148, 0x1148, 0x1148, 0x1148, 0x1148, 0x1148, 0x1148, 0x1168, 0x1168, 0x1168,
0x1168, 0x1168, 0x1168, 0x1168, 0x1168, 0x1169, 0x1169, 0x1189, 0x1189, 0x1189,
0x1189, 0x11a9, 0x11a9, 0x19a9, 0x19aa, 0x19aa, 0x19aa, 0x19aa, 0x19ca, 0x19ca,
0x19ca, 0x19ca, 0x19ca, 0x19ea, 0x19ea, 0x21ea, 0x21ea, 0x220b, 0x220b, 0x21eb,
0x220b, 0x2a0b, 0x1968, 0x08c5, 0x5aa8, 0x3a8b, 0x2a2b, 0x324b, 0x3a6b, 0x3a6b,
0x3a6c, 0x3a8c, 0x428c, 0x42ac, 0x4acc, 0x4aac, 0x52ec, 0x29c9, 0x08e6, 0x00c6,
0x62e9, 0x8bed, 0x630d, 0x734d, 0x7b4c, 0x7b6c, 0x838c, 0x8bac, 0x93cd, 0xa44d,
0xfe70, 0xfe90, 0xfe90, 0xfeb1, 0xfeb1, 0xfe91, 0xff12, 0x6b6c, 0x0928, 0x1988,
0x1968, 0x1988, 0x1989, 0xde10, 0xfef1, 0xfeb0, 0xfed0, 0xddae, 0xb46d, 0x4a08,
0x0885, 0x2106, 0x3168, 0x08e6, 0x10e6, 0x130d, 0x1b6e, 0x08e6, 0x2146, 0x93ee,
0x8bce, 0x8bce, 0x8bee, 0x83ae, 0x93ee, 0xb46d, 0x2126, 0x0085, 0x08a5, 0x08a5,
0x08a5, 0x08c5, 0x08c5, 0x00a5, 0x08a5, 0x08c5, 0x00a5, 0x08a5, 0x08a5, 0x08a5,
0x08a5, 0x08a5, 0x08a5, 0x0084, 0x2967, 0x7b8e, 0x2988, 0x00a5, 0x5aec, 0x83ef,
0x4a8b, 0x4207, 0x39e7, 0x0004, 0x4a27, 0x2945, 0x0064, 0x08c5, 0x08a5, 0x08a5,
0x08a5, 0x08c5, 0x08a5, 0x08a5, 0x00a4, 0x30a8, 0x58ab, 0x0083, 0x08a5, 0x00a5,
0x08a5, 0x08a5, 0x08a5, 0x00a5, 0x10e5, 0x6b2d, 0x738e, 0x7bae, 0x52ab, 0x1106,
0x634e, 0xa44e, 0x6287, 0x0044, 0x08c5, 0x08a5, 0x08a5, 0x08a5, 0x00a5, 0x08a5,
0x08e5, 0x00a5, 0x08a5, 0x08a5, 0x08c5, 0x08c6, 0x0084, 0x1947, 0x326d, 0x83cb,
0x2187, 0x1a4b, 0x11a8, 0x0907, 0x1127, 0x1127, 0x1127, 0x1127, 0x1148, 0x2a4c,
0x2a6c, 0x2a4c, 0x2a4c, 0x2a6c, 0x2a4c, 0x224c, 0x224c, 0x2a4c, 0x09ab, 0x83ac,
0x5268, 0x394c, 0x2108, 0x28e8, 0x412a, 0x3108, 0x1168, 0x1a4c, 0x1a0c, 0x1a2c,
0x1a2c, 0x1a2c, 0x1a2c, 0x1a2c, 0x1a0c, 0x1a0c, 0x1a0c, 0x1a0c, 0x1a0c, 0x1a2c,

0x08e6, 0x08e6, 0x08e6, 0x08e6, 0x08e6, 0x08e6, 0x08e6, 0x08e6, 0x08e6, 0x08e6,
0x08e6, 0x08e6, 0x08e6, 0x08e6, 0x08e6, 0x08e6, 0x08e6, 0x08e6, 0x08e6, 0x08e6,
0x08e6, 0x08e6, 0x08e6, 0x08e6, 0x08e6, 0x08e6, 0x08e6, 0x08e6, 0x08e6, 0x08e6,
0x08e6, 0x08e6, 0x08e6, 0x08e6, 0x08e6, 0x08e6, 0x08e6, 0x08e6, 0x08e6, 0x08e6,
0x08e6, 0x08e6, 0x08e6, 0x08e6, 0x08e6, 0x08e6, 0x08e6, 0x08e6, 0x08e6, 0x08e6,
0x08e6, 0x08e6, 0x08e6, 0x08e6, 0x08e6, 0x0906, 0x0906, 0x0906, 0x0906, 0x0906,
0x0906, 0x0906, 0x0906, 0x0906, 0x0907, 0x0907, 0x0907, 0x0907, 0x0907, 0x0907,
0x0907, 0x0907, 0x0927, 0x0907, 0x0927, 0x0927, 0x0907, 0x0927, 0x0927, 0x0927,
0x0927, 0x0927, 0x0927, 0x0927, 0x0927, 0x0927, 0x0927, 0x0927, 0x0927, 0x0927,
0x1128, 0x0947, 0x0947, 0x1148, 0x1148, 0x1148, 0x1148, 0x1148, 0x1148, 0x1148,
0x1148, 0x1148, 0x1148, 0x1148, 0x1148, 0x1148, 0x1168, 0x1168, 0x1168, 0x1168,
0x1168, 0x1168, 0x1168, 0x1168, 0x1168, 0x1169, 0x1189, 0x1189, 0x1189, 0x1189,
0x11a9, 0x11a9, 0x11a9, 0x19aa, 0x19aa, 0x19ca, 0x19ca, 0x19ca, 0x19ca, 0x19ca,
0x19ca, 0x19ca, 0x19ea, 0x19ea, 0x21ea, 0x21eb, 0x21ea, 0x220b, 0x220b, 0x220b,
0x220b, 0x220b, 0x1947, 0x00a5, 0x4a47, 0x4acc, 0x2a2b, 0x3a6c, 0x3a6c, 0x3a6c,
0x3a8c, 0x3a8c, 0x428c, 0x428c, 0x4aac, 0x4aac, 0x52ec, 0x29c9, 0x0906, 0x1127,
0x0907, 0x7b8a, 0x83cd, 0x6b2d, 0x7b4c, 0x7b6c, 0x838c, 0x8bac, 0x93ed, 0x9bed,
0xe5ef, 0xfeb0, 0xfe90, 0xfe90, 0xfeb1, 0xfe91, 0xff12, 0x738c, 0x0928, 0x1988,
0x1968, 0x1968, 0x1989, 0xde10, 0xfef1, 0xfeb1, 0xfed0, 0xf670, 0xbcad, 0x41e8,
0x0885, 0x2127, 0x3168, 0x08c6, 0x08e6, 0x08e6, 0x08e6, 0x00a5, 0x2147, 0x93ee,
0x8bce, 0x8bee, 0x7b8d, 0x7b8e, 0xb44d, 0x2125, 0x0065, 0x08c5, 0x08a5, 0x08a5,
0x08a5, 0x08a5, 0x00a5, 0x08a5, 0x08c5, 0x08e6, 0x08a5, 0x08c5, 0x08a5, 0x08a5,
0x08a5, 0x08a4, 0x08a5, 0x0084, 0x1926, 0x7bae, 0x2167, 0x2168, 0x73ae, 0x738e,
0x426b, 0x39e7, 0x39e7, 0x0064, 0x0084, 0x5247, 0x2125, 0x0085, 0x08c5, 0x08a5,
0x08a5, 0x08a5, 0x08a5, 0x08a5, 0x08a5, 0x0083, 0x58ab, 0x30a8, 0x00a3, 0x08a5,
0x08a5, 0x08a5, 0x08a5, 0x00a5, 0x10e5, 0x734d, 0x7b8e, 0x7bae, 0x52ab, 0x1906,
0x6b4e, 0xa44e, 0x6287, 0x0044, 0x08a5, 0x08a5, 0x08a5, 0x08a5, 0x08a5, 0x08a5,
0x10e6, 0x00a5, 0x08a5, 0x08a5, 0x08c5, 0x08e5, 0x0084, 0x1947, 0x326d, 0x83cb,
0x2187, 0x1a8c, 0x11a8, 0x0927, 0x1127, 0x1127, 0x1127, 0x1127, 0x1148, 0x2a4c,
0x2a6c, 0x2a4c, 0x2a4c, 0x2a4c, 0x2a4c, 0x224c, 0x224c, 0x2a4c, 0x09ab, 0x7bac,
0x5a68, 0x00a6, 0x0906, 0x00e5, 0x00e5, 0x00c4, 0x1168, 0x1a2c, 0x1a2c, 0x1a2c,
0x1a2c, 0x1a2c, 0x1a2c, 0x1a2c, 0x1a2c, 0x1a2c, 0x1a2c, 0x1a2c, 0x1a2c, 0x1a2c,

0x08e6, 0x08e6, 0x08e6, 0x08e6, 0x08e6, 0x08e6, 0x08e6, 0x08e6, 0x08e6, 0x08e6,
0x08e6, 0x08e6, 0x08e6, 0x08e6, 0x08e6, 0x08e6, 0x08e6, 0x08e6, 0x08e6, 0x08e6,
0x08e6, 0x08e6, 0x08e6, 0x08e6, 0x08e6, 0x08e6, 0x08e6, 0x08e6, 0x08e6, 0x08e6,
0x08e6, 0x08e6, 0x08e6, 0x08e6, 0x08e6, 0x08e6, 0x08e6, 0x08e6, 0x08e6, 0x08e6,
0x08e6, 0x08e6, 0x08e6, 0x08e6, 0x08e6, 0x08e6, 0x08e6, 0x08e6, 0x08e6, 0x08e6,
0x08e6, 0x08e6, 0x08e6, 0x08e6, 0x08e6, 0x08e6, 0x0906, 0x0906, 0x0906, 0x0906,
0x0906, 0x0906, 0x0906, 0x0907, 0x0907, 0x0907, 0x0907, 0x0907, 0x0907, 0x0907,
0x0907, 0x0927, 0x0907, 0x0907, 0x0907, 0x0927, 0x0927, 0x0927, 0x0927, 0x0927,
0x0927, 0x0927, 0x0927, 0x0927, 0x0927, 0x0927, 0x0927, 0x0927, 0x1127, 0x0927,
0x1128, 0x1147, 0x1148, 0x1148, 0x1148, 0x1148, 0x1148, 0x1148, 0x1148, 0x1148,
0x1148, 0x1148, 0x1148, 0x1148, 0x1168, 0x1168, 0x1168, 0x1168, 0x1168, 0x1168,
0x1168, 0x1168, 0x1168, 0x1169, 0x1189, 0x1189, 0x1189, 0x1189, 0x1189, 0x11a9,
0x11a9, 0x11a9, 0x19aa, 0x19aa, 0x19aa, 0x19ca, 0x19ca, 0x19ca, 0x19ca, 0x19ca,
0x19ea, 0x19ca, 0x19ea, 0x21ea, 0x21eb, 0x220b, 0x220b, 0x220b, 0x220b, 0x220b,
0x2a2b, 0x222b, 0x1927, 0x08a5, 0x4a47, 0x4aec, 0x324c, 0x3a6c, 0x3a6c, 0x3a8c,
0x428c, 0x428c, 0x42ac, 0x4aac, 0x4aac, 0x4aac, 0x52ed, 0x29e9, 0x0907, 0x1127,
0x1128, 0x1127, 0x8beb, 0x7b8d, 0x734c, 0x7b8d, 0x838c, 0x8bad, 0x93ed, 0x93cd,
0xcd2e, 0xfeb0, 0xfe90, 0xfe90, 0xfeb1, 0xfe91, 0xff12, 0x738c, 0x0928, 0x1988,
0x1968, 0x1968, 0x1988, 0xde0f, 0xfef1, 0xfeb1, 0xfeb0, 0xfed0, 0xd56e, 0x39c7,
0x0085, 0x2107, 0x41a8, 0x00c6, 0x08e6, 0x08c5, 0x08c5, 0x00a5, 0x2167, 0x940e,
0x8bee, 0x9c2f, 0x4a6a, 0x4a4a, 0x836b, 0x0043, 0x08a5, 0x08a5, 0x08a5, 0x00a5,
0x08a5, 0x08c5, 0x0064, 0x0884, 0x08c5, 0x0085, 0x00a5, 0x0064, 0x0085, 0x08a5,
0x08a5, 0x08a5, 0x08a5, 0x0084, 0x1927, 0x7baf, 0x2167, 0x2188, 0x738e, 0x73ae,
0x4a8b, 0x39e7, 0x39c7, 0x0064, 0x08a5, 0x08c5, 0x5268, 0x10e5, 0x00a5, 0x08a5,
0x08a5, 0x08a5, 0x08a4, 0x08a5, 0x08a5, 0x00a4, 0x08a5, 0x68ad, 0x10a5, 0x00a4,
0x08a5, 0x08a5, 0x08a5, 0x00a5, 0x10e5, 0x736d, 0x7bae, 0x83cf, 0x52ab, 0x10e5,
0x6b2e, 0xa44e, 0x62a7, 0x0044, 0x10c5, 0x00a4, 0x08a5, 0x08a5, 0x08a5, 0x08a5,
0x10e6, 0x08a5, 0x00a5, 0x08a5, 0x08c5, 0x08c5, 0x0084, 0x1947, 0x326d, 0x83cb,
0x2187, 0x08c6, 0x1127, 0x1127, 0x0927, 0x1127, 0x1127, 0x1127, 0x1148, 0x2a4c,
0x2a6c, 0x2a4c, 0x2a6c, 0x2a4c, 0x2a4c, 0x2a4c, 0x224c, 0x2a4c, 0x09ab, 0x7bac,
0x5268, 0x00c7, 0x08e6, 0x08c5, 0x08c5, 0x08c5, 0x1168, 0x1a2c, 0x1a2c, 0x1a2c,
0x1a2c, 0x1a2c, 0x1a2c, 0x1a2c, 0x1a2c, 0x1a2c, 0x1a2c, 0x1a0c, 0x1a0c, 0x1a2c,

0x08e6, 0x08e6, 0x08e6, 0x08e6, 0x08e6, 0x08e6, 0x08e6, 0x08e6, 0x08e6, 0x08e6,
0x08e6, 0x08e6, 0x08e6, 0x08e6, 0x08e6, 0x08e6, 0x08e6, 0x08e6, 0x08e6, 0x08e6,
0x08e6, 0x08e6, 0x08e6, 0x08e6, 0x08e6, 0x08e6, 0x08e6, 0x08e6, 0x08e6, 0x08e6,
0x08e6, 0x08e6, 0x08e6, 0x08e6, 0x08e6, 0x08e6, 0x08e6, 0x08e6, 0x08e6, 0x08e6,
0x08e6, 0x08e6, 0x08e6, 0x08e6, 0x08e6, 0x08e6, 0x08e6, 0x08e6, 0x08e6, 0x08e6,
0x08e6, 0x08e6, 0x08e6, 0x08e6, 0x08e6, 0x0906, 0x0906, 0x0906, 0x0906, 0x0906,
0x0906, 0x0906, 0x0906, 0x0906, 0x0907, 0x0906, 0x0907, 0x0907, 0x0907, 0x0907,
0x0907, 0x0907, 0x0907, 0x0907, 0x0907, 0x0907, 0x0927, 0x0927, 0x0927, 0x0927,
0x0927, 0x0927, 0x0927, 0x0927, 0x0927, 0x0927, 0x0927, 0x0927, 0x1127, 0x0927,
0x0927, 0x0948, 0x0948, 0x1148, 0x1148, 0x1148, 0x1148, 0x1148, 0x1148, 0x1148,
0x1148, 0x1148, 0x1168, 0x1168, 0x1168, 0x1168, 0x1168, 0x1168, 0x1168, 0x1168,
0x1169, 0x1169, 0x1168, 0x1189, 0x1189, 0x1189, 0x1189, 0x1189, 0x1189, 0x11a9,
0x11a9, 0x11a9, 0x11aa, 0x19aa, 0x19aa, 0x19ca, 0x19ca, 0x19ca, 0x19ca, 0x19ca,
0x19ea, 0x19ea, 0x19ea, 0x21eb, 0x21eb, 0x220b, 0x220b, 0x220b, 0x220b, 0x222b,
0x2a2b, 0x1968, 0x1106, 0x08c6, 0x4a47, 0x4aec, 0x324c, 0x3a8c, 0x3a8c, 0x3a8c,
0x42ac, 0x42ac, 0x4acd, 0x4acc, 0x4acc, 0x4aac, 0x52ed, 0x29c9, 0x1107, 0x4169,
0x1948, 0x08e7, 0x2987, 0x942c, 0x734d, 0x838d, 0x838d, 0x8bcd, 0x93ed, 0x93cd,
0xac6d, 0xfe90, 0xfe90, 0xfe90, 0xfeb1, 0xfe91, 0xff33, 0x738c, 0x0928, 0x19a9,
0x1968, 0x1968, 0x1968, 0xddef, 0xfed1, 0xfeb1, 0xfeb1, 0xfed1, 0xf690, 0x39c7,
0x0065, 0x5228, 0x2146, 0x00a5, 0x08c5, 0x08c5, 0x10e5, 0x00a5, 0x2967, 0x942e,
0x940e, 0x9c4f, 0x4a4a, 0x41e9, 0x8b8c, 0x0064, 0x08a4, 0x08a5, 0x08a5, 0x08a5,
0x08a5, 0x08a5, 0x126b, 0x11e9, 0x08c6, 0x21ea, 0x08a5, 0x322a, 0x1126, 0x0084,
0x08a5, 0x08a5, 0x08a5, 0x0084, 0x1926, 0x7baf, 0x2167, 0x2167, 0x736e, 0x738e,
0x4a6b, 0x39c7, 0x39c7, 0x0065, 0x08c5, 0x00a5, 0x1106, 0x4227, 0x08c5, 0x08a5,
0x08a5, 0x08a4, 0x08a4, 0x08a4, 0x08a4, 0x08a5, 0x00a4, 0x28c8, 0x50cb, 0x00a4,
0x08a5, 0x08a5, 0x08a5, 0x00a5, 0x10e6, 0x736e, 0x7bae, 0x83cf, 0x528b, 0x10e5,
0x6b4e, 0xa46e, 0x62a7, 0x0044, 0x10e5, 0x00a4, 0x08a5, 0x00a5, 0x08a5, 0x08a5,
0x10e6, 0x08a5, 0x08a5, 0x08a5, 0x08c5, 0x08c5, 0x00a4, 0x1947, 0x324d, 0x83cb,
0x2187, 0x0907, 0x1127, 0x1127, 0x1127, 0x1127, 0x1127, 0x1127, 0x1148, 0x2a4c,
0x2a6c, 0x2a6c, 0x2a6c, 0x2a4c, 0x2a4c, 0x2a4c, 0x224c, 0x2a4c, 0x09ab, 0x7b8c,
0x5268, 0x00a6, 0x1a0a, 0x1a6c, 0x1a4b, 0x0927, 0x1148, 0x1a4c, 0x1a2c, 0x1a2c,
0x1a2c, 0x1a2c, 0x1a2c, 0x1a2c, 0x1a2c, 0x1a2c, 0x1a2c, 0x1a2c, 0x1a0c, 0x1a2c,

0x08e6, 0x08e6, 0x08e6, 0x08e6, 0x08e6, 0x08e6, 0x08e6, 0x08e6, 0x08e6, 0x08e6,
0x08e6, 0x08e6, 0x08e6, 0x08e6, 0x08e6, 0x08e6, 0x08e6, 0x08e6, 0x08e6, 0x08e6,
0x08e6, 0x08e6, 0x08e6, 0x08e6, 0x08e6, 0x08e6, 0x08e6, 0x08e6, 0x08e6, 0x08e6,
0x08e6, 0x08e6, 0x08e6, 0x08e6, 0x08e6, 0x08e6, 0x08e6, 0x08e6, 0x08e6, 0x08e6,
0x08e6, 0x08e6, 0x08e6, 0x08e6, 0x08e6, 0x08e6, 0x08e6, 0x08e6, 0x08e6, 0x08e6,
0x0906, 0x08e6, 0x08e6, 0x08e6, 0x08e6, 0x0906, 0x0906, 0x0906, 0x0906, 0x0906,
0x0906, 0x0906, 0x0906, 0x0906, 0x0907, 0x0907, 0x0907, 0x0907, 0x0907, 0x0907,
0x0907, 0x0907, 0x0927, 0x0927, 0x0907, 0x0927, 0x0927, 0x0927, 0x0927, 0x0927,
0x0927, 0x0927, 0x0927, 0x0927, 0x0927, 0x0927, 0x0927, 0x0927, 0x0948, 0x1148,
0x1128, 0x1148, 0x0948, 0x1148, 0x1148, 0x1148, 0x1148, 0x1148, 0x1148, 0x1148,
0x1148, 0x1148, 0x1168, 0x1168, 0x1168, 0x1168, 0x1168, 0x1168, 0x1168, 0x1168,
0x1169, 0x1169, 0x1189, 0x1189, 0x1189, 0x1189, 0x11a9, 0x11a9, 0x11a9, 0x11a9,
0x11aa, 0x11aa, 0x19aa, 0x19aa, 0x19ca, 0x19ca, 0x19ca, 0x19ca, 0x19ca, 0x19ca,
0x19ea, 0x19ea, 0x19ea, 0x19eb, 0x220a, 0x220b, 0x220b, 0x220b, 0x220b, 0x222b,
0x21ca, 0x08e6, 0x1126, 0x08c6, 0x4a48, 0x530d, 0x326c, 0x3a8c, 0x3a8c, 0x3a8c,
0x42ac, 0x42ac, 0x4aed, 0x4acd, 0x4aac, 0x4aac, 0x52ed, 0x29a9, 0x1106, 0x2128,
0x1127, 0x1107, 0x1947, 0x8c0c, 0x738d, 0x7b8d, 0x838d, 0x8bcd, 0x8bed, 0x93cd,
0x9bed, 0xee0f, 0xfeb1, 0xfe90, 0xfe91, 0xfed1, 0xcdb0, 0x2a0a, 0x1948, 0x1948,
0x1968, 0x1989, 0x19ca, 0xddee, 0xfed0, 0xfeb1, 0xfed1, 0xfed1, 0xfef1, 0x4a28,
0x41e7, 0x3186, 0x0084, 0x08c5, 0x08c5, 0x08c5, 0x08c5, 0x08a5, 0x2967, 0x9c2f,
0x940e, 0xa46f, 0x4a4a, 0x4209, 0x93ac, 0x0064, 0x0884, 0x0084, 0x08a4, 0x0084,
0x0064, 0x0864, 0x1c93, 0x1b2e, 0x08a5, 0x3390, 0x08a6, 0x43cf, 0x19a8, 0x0064,
0x08a5, 0x08a5, 0x08a5, 0x0084, 0x1906, 0x7bae, 0x2167, 0x2167, 0x736e, 0x738e,
0x4a6b, 0x39c6, 0x39c7, 0x0085, 0x08a5, 0x08c5, 0x00a5, 0x10e6, 0x10e5, 0x00a5,
0x00a4, 0x08a4, 0x0884, 0x08a4, 0x08a4, 0x08a4, 0x00a5, 0x10a6, 0x50cc, 0x00a4,
0x08a4, 0x08a5, 0x00a5, 0x00a5, 0x10e6, 0x736e, 0x7bae, 0x83ef, 0x52ab, 0x1105,
0x6b4e, 0xa44d, 0x6287, 0x0024, 0x08a4, 0x00a4, 0x08a4, 0x00a5, 0x08a5, 0x08a5,
0x10e6, 0x08a5, 0x08a5, 0x08c5, 0x08c5, 0x08c5, 0x00a4, 0x1947, 0x324d, 0x83cb,
0x2187, 0x0907, 0x1127, 0x1127, 0x1127, 0x1147, 0x1127, 0x0927, 0x1148, 0x2a6c,
0x2a6c, 0x2a8d, 0x2a8d, 0x2a6c, 0x2a6d, 0x2a4c, 0x2a4c, 0x2a4c, 0x09aa, 0x7b8c,
0x5248, 0x00a6, 0x11ca, 0x1a0b, 0x1a0a, 0x0927, 0x1148, 0x1a2c, 0x1a2c, 0x224d,
0x1a2c, 0x1a2c, 0x1a2c, 0x1a2c, 0x1a2c, 0x1a2c, 0x1a2c, 0x1a2c, 0x1a2c, 0x1a2c,

0x08e6, 0x08e6, 0x08e6, 0x08e6, 0x08e6, 0x08e6, 0x08e6, 0x08e6, 0x08e6, 0x08e6,
0x08e6, 0x08e6, 0x08e6, 0x08e6, 0x08e6, 0x08e6, 0x08e6, 0x08e6, 0x08e6, 0x08e6,
0x08e6, 0x08e6, 0x08e6, 0x08e6, 0x08e6, 0x08e6, 0x08e6, 0x08e6, 0x08e6, 0x08e6,
0x08e6, 0x08e6, 0x08e6, 0x08e6, 0x08e6, 0x08e6, 0x08e6, 0x08e6, 0x08e6, 0x08e6,
0x08e6, 0x08e6, 0x08e6, 0x08e6, 0x08e6, 0x08e6, 0x08e6, 0x08e6, 0x08e6, 0x08e6,
0x08e6, 0x08e6, 0x08e6, 0x0906, 0x0906, 0x0906, 0x0906, 0x0906, 0x0906, 0x0906,
0x0906, 0x0906, 0x0906, 0x0907, 0x0907, 0x0907, 0x0907, 0x0907, 0x0907, 0x0927,
0x0907, 0x0927, 0x0907, 0x0907, 0x0927, 0x0927, 0x0927, 0x0927, 0x0927, 0x0927,
0x0927, 0x0927, 0x0927, 0x0927, 0x0927, 0x0927, 0x0927, 0x0927, 0x0947, 0x0947,
0x1147, 0x1148, 0x1148, 0x1148, 0x1148, 0x1148, 0x1148, 0x1148, 0x1148, 0x1168,
0x1148, 0x1168, 0x1168, 0x1168, 0x1168, 0x1168, 0x1169, 0x1169, 0x1169, 0x1189,
0x1169, 0x1189, 0x1189, 0x1189, 0x1189, 0x1189, 0x11a9, 0x11a9, 0x11a9, 0x11aa,
0x11aa, 0x11aa, 0x19aa, 0x19aa, 0x19ca, 0x19ca, 0x19ca, 0x19ca, 0x19ea, 0x19ea,
0x19ea, 0x19ea, 0x19eb, 0x19eb, 0x220b, 0x220b, 0x220b, 0x220b, 0x220b, 0x2a2b,
0x19c9, 0x08e6, 0x0906, 0x08e6, 0x2187, 0x42ac, 0x326c, 0x3a8c, 0x3a8c, 0x3a8c,
0x42ac, 0x42ac, 0x4aed, 0x4acd, 0x4aac, 0x4acc, 0x320a, 0x1126, 0x0927, 0x0927,
0x1127, 0x1107, 0x1947, 0x940c, 0x736d, 0x7b8d, 0x838d, 0x83ad, 0x8bcd, 0x93ed,
0x93cd, 0xcd2f, 0xfef1, 0xfe91, 0xfe91, 0xff11, 0x634c, 0x0128, 0x234e, 0x23d0,
0x1a2a, 0x1988, 0x1188, 0xde0f, 0xfef0, 0xfeb0, 0xfed1, 0xfed1, 0xff12, 0x9beb,
0x2125, 0x0084, 0x08c5, 0x08a5, 0x08c5, 0x08c5, 0x08c5, 0x08a5, 0x2987, 0x9c2f,
0x940e, 0xa46f, 0x4a4a, 0x4209, 0x93cc, 0x0064, 0x1147, 0x1a4a, 0x1126, 0x0968,
0x122a, 0x124b, 0x122a, 0x122b, 0x08e6, 0x0885, 0x08c5, 0x0085, 0x00a5, 0x08a5,
0x08a4, 0x08a5, 0x08a5, 0x0084, 0x1906, 0x7bae, 0x2167, 0x2167, 0x738e, 0x738e,
0x4a6b, 0x39c6, 0x31a7, 0x0085, 0x08a5, 0x08a5, 0x08a5, 0x00a5, 0x00a5, 0x08a5,
0x08a4, 0x0084, 0x08a4, 0x08a4, 0x08a5, 0x08a4, 0x00a4, 0x10a6, 0x50cc, 0x00a4,
0x08a5, 0x00a4, 0x08c5, 0x00a5, 0x10e6, 0x736e, 0x7baf, 0x83f0, 0x52ac, 0x08e5,
0x6b6f, 0xa46e, 0x6287, 0x0023, 0x08a5, 0x08a4, 0x08a4, 0x08a5, 0x08a5, 0x08a5,
0x08e6, 0x08a5, 0x08a5, 0x08a5, 0x08c5, 0x08c5, 0x00a4, 0x1947, 0x2a4e, 0x83cb,
0x2987, 0x0907, 0x1127, 0x1127, 0x1127, 0x1127, 0x1127, 0x1127, 0x1148, 0x2a6d,
0x2a6d, 0x2a8d, 0x2a8d, 0x2a6c, 0x2a6d, 0x2a4c, 0x224c, 0x2a4c, 0x09aa, 0x7b8c,
0x5247, 0x00a5, 0x08c6, 0x08c5, 0x08c5, 0x08c6, 0x1168, 0x1a4c, 0x1a2c, 0x224d,
0x1a2c, 0x1a2c, 0x1a2c, 0x1a2c, 0x1a2c, 0x1a2c, 0x1a2c, 0x1a2c, 0x1a2c, 0x1a2c,

0x08e6, 0x08e6, 0x08e6, 0x08e6, 0x08e6, 0x08e6, 0x08e6, 0x08e6, 0x08e6, 0x08e6,
0x08e6, 0x08e6, 0x08e6, 0x08e6, 0x08e6, 0x08e6, 0x08e6, 0x08e6, 0x08e6, 0x08e6,
0x08e6, 0x08e6, 0x08e6, 0x08e6, 0x08e6, 0x08e6, 0x08e6, 0x08e6, 0x08e6, 0x08e6,
0x08e6, 0x08e6, 0x08e6, 0x08e6, 0x08e6, 0x08e6, 0x08e6, 0x08e6, 0x08e6, 0x08e6,
0x08e6, 0x08e6, 0x08e6, 0x08e6, 0x08e6, 0x08e6, 0x08e6, 0x08e6, 0x08e6, 0x08e6,
0x08e6, 0x08e6, 0x08e6, 0x0906, 0x08e6, 0x0906, 0x0906, 0x0906, 0x0906, 0x0906,
0x0906, 0x0906, 0x0907, 0x0907, 0x0907, 0x0907, 0x0907, 0x0907, 0x0907, 0x0907,
0x0907, 0x0907, 0x0907, 0x0907, 0x0907, 0x0927, 0x0927, 0x0927, 0x0927, 0x0927,
0x0927, 0x0927, 0x0927, 0x0927, 0x0927, 0x0927, 0x0927, 0x0948, 0x0927, 0x0948,
0x0948, 0x1148, 0x1148, 0x1148, 0x1148, 0x1148, 0x1148, 0x1148, 0x1148, 0x1168,
0x1168, 0x1168, 0x1168, 0x1168, 0x1168, 0x1168, 0x1168, 0x1169, 0x1169, 0x1189,
0x1189, 0x1189, 0x1189, 0x1189, 0x1189, 0x11a9, 0x11a9, 0x11a9, 0x11aa, 0x11aa,
0x11aa, 0x11aa, 0x19aa, 0x19ca, 0x19ca, 0x19ca, 0x19ca, 0x19ca, 0x19ea, 0x19ea,
0x19eb, 0x19eb, 0x19eb, 0x220b, 0x220b, 0x220b, 0x220b, 0x220b, 0x220b, 0x2a2c,
0x19a9, 0x08e6, 0x0906, 0x1106, 0x00c6, 0x31e8, 0x4acc, 0x324c, 0x3a8c, 0x3a8c,
0x3aac, 0x42ac, 0x4aed, 0x4acd, 0x4acd, 0x428b, 0x1106, 0x1106, 0x1906, 0x1107,
0x1127, 0x1127, 0x1947, 0x8c0c, 0x736d, 0x7b6d, 0x838d, 0x83ad, 0x8bcd, 0x93ed,
0x940e, 0xac6e, 0xfeb1, 0xfeb1, 0xfe91, 0xfef1, 0x632b, 0x0907, 0x21a9, 0x21ca,
0x21a9, 0x1968, 0x1148, 0x5b2b, 0xee70, 0xfed0, 0xf6b0, 0xff11, 0xe630, 0x39a7,
0x0085, 0x08c5, 0x08a5, 0x08a5, 0x08c5, 0x08c5, 0x08c5, 0x00a5, 0x2987, 0x9c4f,
0x940e, 0xa46f, 0x4a4a, 0x4209, 0x93cc, 0x0064, 0x08c5, 0x08e5, 0x08a4, 0x08e6,
0x0906, 0x0906, 0x0926, 0x0906, 0x08c5, 0x08c5, 0x08a5, 0x08c5, 0x08a5, 0x08a5,
0x08a5, 0x08a4, 0x08a5, 0x0064, 0x1105, 0x7bae, 0x2167, 0x2167, 0x738e, 0x7bae,
0x4a8b, 0x39a6, 0x31a6, 0x0084, 0x08a5, 0x08a5, 0x08a5, 0x08a5, 0x08a4, 0x08a5,
0x08a4, 0x08a4, 0x08a5, 0x08a4, 0x08a4, 0x08a4, 0x00a4, 0x10a6, 0x50cb, 0x00a4,
0x08a5, 0x08a5, 0x08a5, 0x0085, 0x2126, 0x83ac, 0x8bcd, 0x8c0e, 0x736c, 0x5a88,
0x7bad, 0x9bec, 0x4a07, 0x0044, 0x08a5, 0x08a5, 0x08a5, 0x08a5, 0x08a5, 0x08a5,
0x08a5, 0x08a5, 0x08a5, 0x08a5, 0x08a5, 0x08a5, 0x0084, 0x1947, 0x2a4e, 0x83cc,
0x21a7, 0x0907, 0x1127, 0x1127, 0x1127, 0x1147, 0x1127, 0x1127, 0x1148, 0x2a6d,
0x2a6d, 0x2a6d, 0x2a6d, 0x2a6d, 0x2a6d, 0x2a6c, 0x2a6c, 0x2a6c, 0x09aa, 0x7b6c,
0x5247, 0x0085, 0x0906, 0x0906, 0x0906, 0x08e6, 0x1168, 0x1a4d, 0x1a2c, 0x224d,
0x1a2c, 0x1a2c, 0x1a2c, 0x1a2c, 0x1a2c, 0x1a2c, 0x1a2c, 0x1a2c, 0x1a2c, 0x1a2c,

0x08e6, 0x08e6, 0x08e6, 0x08e6, 0x08e6, 0x08e6, 0x08e6, 0x08e6, 0x08e6, 0x08e6,
0x08e6, 0x08e6, 0x08e6, 0x08e6, 0x08e6, 0x08e6, 0x08e6, 0x08e6, 0x08e6, 0x08e6,
0x08e6, 0x08e6, 0x08e6, 0x08e6, 0x08e6, 0x08e6, 0x08e6, 0x08e6, 0x08e6, 0x08e6,
0x08e6, 0x08e6, 0x08e6, 0x08e6, 0x08e6, 0x08e6, 0x08e6, 0x08e6, 0x08e6, 0x08e6,
0x08e6, 0x08e6, 0x08e6, 0x08e6, 0x08e6, 0x08e6, 0x08e6, 0x08e6, 0x08e6, 0x08e6,
0x08e6, 0x08e6, 0x08e6, 0x0906, 0x0906, 0x0906, 0x0906, 0x0906, 0x0906, 0x0906,
0x0906, 0x0906, 0x0907, 0x0907, 0x0907, 0x0907, 0x0907, 0x0907, 0x0907, 0x0907,
0x0927, 0x0907, 0x0927, 0x0927, 0x0927, 0x0927, 0x0927, 0x0927, 0x0927, 0x0927,
0x0927, 0x0927, 0x0927, 0x0927, 0x0927, 0x1127, 0x1127, 0x1148, 0x1148, 0x1148,
0x1148, 0x1148, 0x1148, 0x1148, 0x1148, 0x1148, 0x1148, 0x1148, 0x1148, 0x1168,
0x1168, 0x1168, 0x1168, 0x1168, 0x1169, 0x1169, 0x1169, 0x1189, 0x1189, 0x1189,
0x1189, 0x1189, 0x1189, 0x1189, 0x11a9, 0x11a9, 0x11aa, 0x11aa, 0x11aa, 0x11aa,
0x11aa, 0x11aa, 0x19aa, 0x19ca, 0x19ca, 0x19ca, 0x19ca, 0x19ea, 0x19ea, 0x19ea,
0x19ea, 0x19ea, 0x19ea, 0x220b, 0x220b, 0x220b, 0x220b, 0x220b, 0x220b, 0x2a2c,
0x19c9, 0x08e6, 0x0906, 0x08e6, 0x08e6, 0x08c5, 0x5aa9, 0x42cc, 0x326c, 0x3a8c,
0x3aac, 0x42ac, 0x42cd, 0x4acd, 0x4aed, 0x428c, 0x1927, 0x2168, 0x29a8, 0x1967,
0x21e9, 0x1148, 0x1967, 0x8bec, 0x736d, 0x7b6d, 0x7b8d, 0x83ad, 0x8bad, 0x93ee,
0x9c2e, 0x9bee, 0xddd0, 0xfed1, 0xfe90, 0xfef1, 0x632a, 0x0907, 0x1a6b, 0x1aac,
0x22ed, 0x1a4c, 0x19c9, 0x0107, 0xacee, 0xff11, 0xfed1, 0xe62f, 0x2986, 0x0085,
0x10e6, 0x08c5, 0x08c5, 0x08c5, 0x08c5, 0x08c5, 0x08e5, 0x08a5, 0x2987, 0x9c2e,
0x940e, 0xa46f, 0x424a, 0x4209, 0x9bec, 0x0085, 0x0084, 0x0043, 0x0884, 0x0064,
0x0064, 0x0884, 0x0084, 0x0084, 0x08a4, 0x08a5, 0x08a5, 0x08a5, 0x08a5, 0x08a5,
0x08a4, 0x08a4, 0x08a4, 0x00a5, 0x1926, 0x7bae, 0x2167, 0x2167, 0x7bae, 0x7bae,
0x4a8b, 0x39c6, 0x31a6, 0x0084, 0x08a5, 0x08a5, 0x08a5, 0x0884, 0x08a4, 0x08a4,
0x08a4, 0x0884, 0x0884, 0x08a4, 0x08a4, 0x08c5, 0x00a5, 0x10a6, 0x50cc, 0x00a4,
0x08a5, 0x08a5, 0x08a5, 0x08a5, 0x10c5, 0x10e5, 0x10e5, 0x1106, 0x1906, 0x1926,
0x10c4, 0x08a4, 0x0084, 0x0084, 0x08a5, 0x08a5, 0x08a5, 0x08a5, 0x08a5, 0x08a5,
0x08a5, 0x08a5, 0x08a5, 0x08a5, 0x08a5, 0x08a5, 0x00a4, 0x1968, 0x2a4e, 0x83cc,
0x29a8, 0x0907, 0x1127, 0x1127, 0x1127, 0x1147, 0x1127, 0x1107, 0x1168, 0x2a6d,
0x2a6d, 0x2a6d, 0x2a8d, 0x2a6d, 0x2a8d, 0x2a6c, 0x2a6c, 0x2a6d, 0x09aa, 0x736c,
0x4a27, 0x0085, 0x08e6, 0x0906, 0x0948, 0x08e6, 0x1168, 0x224d, 0x1a2c, 0x1a2c,
0x1a2c, 0x1a2c, 0x1a2c, 0x1a2c, 0x1a2c, 0x1a2c, 0x1a2c, 0x1a2c, 0x1a2c, 0x1a2c,

0x08e6, 0x08e6, 0x08e6, 0x08e6, 0x08e6, 0x08e6, 0x08e6, 0x08e6, 0x08e6, 0x08e6,
0x08e6, 0x08e6, 0x08e6, 0x08e6, 0x08e6, 0x08e6, 0x08e6, 0x08e6, 0x08e6, 0x08e6,
0x08e6, 0x08e6, 0x08e6, 0x08e6, 0x08e6, 0x08e6, 0x08e6, 0x08e6, 0x08e6, 0x08e6,
0x08e6, 0x08e6, 0x08e6, 0x08e6, 0x08e6, 0x08e6, 0x08e6, 0x08e6, 0x08e6, 0x08e6,
0x08e6, 0x08e6, 0x08e6, 0x08e6, 0x08e6, 0x08e6, 0x08e6, 0x08e6, 0x08e6, 0x08e6,
0x08e6, 0x08e6, 0x08e6, 0x0906, 0x0906, 0x0906, 0x0906, 0x0906, 0x0906, 0x0906,
0x0906, 0x0906, 0x0907, 0x0907, 0x0907, 0x0907, 0x0907, 0x0907, 0x0907, 0x0907,
0x0907, 0x0907, 0x0927, 0x0907, 0x0927, 0x0927, 0x0927, 0x0927, 0x0927, 0x0927,
0x0927, 0x0927, 0x0927, 0x0927, 0x0927, 0x0927, 0x1127, 0x0948, 0x1148, 0x1148,
0x1148, 0x1148, 0x1148, 0x1148, 0x1148, 0x1148, 0x1148, 0x1168, 0x1148, 0x1168,
0x1168, 0x1168, 0x1168, 0x1169, 0x1169, 0x1189, 0x1189, 0x1189, 0x1189, 0x1189,
0x1189, 0x1189, 0x1189, 0x1189, 0x11a9, 0x11a9, 0x11aa, 0x11aa, 0x11aa, 0x11aa,
0x11aa, 0x11aa, 0x11aa, 0x19ca, 0x19ca, 0x19ca, 0x19ca, 0x19eb, 0x19eb, 0x19eb,
0x19eb, 0x19eb, 0x19eb, 0x19eb, 0x19eb, 0x220b, 0x220b, 0x220b, 0x220b, 0x222c,
0x19a9, 0x08e6, 0x0906, 0x08e6, 0x08e6, 0x08c6, 0x10e5, 0x6b2a, 0x42cd, 0x3a8d,
0x3a8c, 0x42ac, 0x42cd, 0x42ac, 0x4aed, 0x428c, 0x1947, 0x19ea, 0x1a8c, 0x11c9,
0x1988, 0x1148, 0x1947, 0x8bec, 0x736d, 0x736d, 0x7b8d, 0x83ad, 0x8bcd, 0x8bed,
0x940e, 0x940e, 0xb4ae, 0xfeb1, 0xfe90, 0xfef1, 0x632a, 0x08e6, 0x1aac, 0x1aed,
0x1aed, 0x1a8c, 0x19c9, 0x0928, 0xacee, 0xff32, 0xee4f, 0x31a6, 0x0064, 0x10e5,
0x08c5, 0x08c5, 0x08c5, 0x08c5, 0x08c5, 0x08c5, 0x08e6, 0x08a5, 0x2987, 0xa44e,
0x940e, 0xa46f, 0x4229, 0x41e9, 0x9bec, 0x00a5, 0x1127, 0x21c8, 0x08a5, 0x2127,
0x08c5, 0x00a5, 0x10c5, 0x10a6, 0x0084, 0x08a5, 0x08c5, 0x08a5, 0x08a5, 0x08a5,
0x08a5, 0x08a5, 0x08a4, 0x00a5, 0x1906, 0x83ae, 0x2187, 0x2167, 0x7bcf, 0x7bcf,
0x4a8b, 0x39c6, 0x31a6, 0x0085, 0x08c5, 0x08a5, 0x08a4, 0x0884, 0x00a4, 0x08a4,
0x08a5, 0x08a5, 0x08a5, 0x08a4, 0x0884, 0x08c5, 0x00a5, 0x10a6, 0x50cc, 0x00a4,
0x08a5, 0x08a5, 0x08a5, 0x08a5, 0x0084, 0x0044, 0x0064, 0x0065, 0x0085, 0x0084,
0x0084, 0x0064, 0x0064, 0x08a5, 0x08a5, 0x08a5, 0x08c5, 0x08c5, 0x00a4, 0x00a4,
0x08a4, 0x08a4, 0x00a4, 0x08a4, 0x00a4, 0x08a4, 0x00a4, 0x1968, 0x2a4e, 0x7bac,
0x29c8, 0x0907, 0x1127, 0x1127, 0x1127, 0x1147, 0x1127, 0x1127, 0x1168, 0x2a8d,
0x2a8d, 0x2a6d, 0x2a8d, 0x2a6d, 0x2a8d, 0x2a6d, 0x2a6c, 0x2a8d, 0x016a, 0x83ac,
0x5268, 0x0085, 0x08e6, 0x0927, 0x126c, 0x08c6, 0x1168, 0x226d, 0x1a2c, 0x1a2c,
0x1a2c, 0x1a2c, 0x1a2c, 0x1a2c, 0x1a2c, 0x1a2c, 0x1a2c, 0x1a2c, 0x1a2c, 0x1a2c,

0x08e6, 0x08e6, 0x08e6, 0x08e6, 0x08e6, 0x08e6, 0x08e6, 0x08e6, 0x08e6, 0x08e6,
0x08e6, 0x08e6, 0x08e6, 0x08e6, 0x08e6, 0x08e6, 0x08e6, 0x08e6, 0x08e6, 0x08e6,
0x08e6, 0x08e6, 0x08e6, 0x08e6, 0x08e6, 0x08e6, 0x08e6, 0x08e6, 0x08e6, 0x08e6,
0x08e6, 0x08e6, 0x08e6, 0x08e6, 0x08e6, 0x08e6, 0x08e6, 0x08e6, 0x08e6, 0x08e6,
0x08e6, 0x08e6, 0x08e6, 0x08e6, 0x08e6, 0x08e6, 0x08e6, 0x08e6, 0x08e6, 0x08e6,
0x08e6, 0x08e6, 0x0906, 0x0906, 0x0906, 0x0906, 0x0906, 0x0906, 0x0906, 0x0906,
0x0906, 0x0907, 0x0906, 0x0907, 0x0907, 0x0907, 0x0907, 0x0907, 0x0907, 0x0907,
0x0907, 0x0907, 0x0927, 0x0927, 0x0927, 0x0927, 0x0927, 0x0927, 0x0927, 0x0927,
0x0927, 0x0927, 0x1127, 0x0927, 0x0927, 0x0927, 0x1148, 0x0948, 0x1148, 0x1148,
0x1148, 0x1148, 0x1148, 0x1148, 0x1148, 0x1148, 0x1168, 0x1168, 0x1168, 0x1168,
0x1168, 0x1168, 0x1168, 0x1169, 0x1169, 0x1189, 0x1189, 0x1189, 0x1189, 0x1189,
0x1189, 0x1189, 0x1189, 0x11a9, 0x1189, 0x11aa, 0x11aa, 0x11aa, 0x11aa, 0x11aa,
0x11aa, 0x11aa, 0x19ca, 0x19ca, 0x19ca, 0x19ca, 0x19ca, 0x19ea, 0x19eb, 0x19eb,
0x19eb, 0x19eb, 0x19eb, 0x19eb, 0x220b, 0x220b, 0x220b, 0x220b, 0x220b, 0x2a2c,
0x19a9, 0x08e6, 0x08e6, 0x08e6, 0x08e6, 0x08e6, 0x00a6, 0x31a7, 0x7bad, 0x328d,
0x3aac, 0x3aad, 0x42ad, 0x42ac, 0x4aed, 0x3a6c, 0x0927, 0x1127, 0x10e6, 0x1126,
0x1127, 0x0907, 0x1947, 0x83cc, 0x6b6d, 0x736d, 0x7b8d, 0x83ad, 0x83ce, 0x8bcd,
0x93ee, 0x9c0e, 0x9c0e, 0xe5f0, 0xfeb1, 0xfef1, 0x632a, 0x0a2c, 0x1a4b, 0x1906,
0x18e6, 0x1947, 0x1988, 0x0928, 0xacee, 0xff73, 0xbd4e, 0x0064, 0x08e5, 0x08c5,
0x08c5, 0x08c5, 0x08c5, 0x08c6, 0x08c5, 0x08c5, 0x08c5, 0x08c5, 0x10e6, 0x7b6c,
0x9c2e, 0xa44e, 0x4209, 0x41e8, 0x9bcc, 0x00a5, 0x1127, 0x29e8, 0x08c5, 0x2126,
0x10e6, 0x00a4, 0x18a6, 0x28a8, 0x00a4, 0x08a5, 0x08a5, 0x08c5, 0x08a5, 0x08a5,
0x08a5, 0x08e5, 0x08a4, 0x0084, 0x10e5, 0x83ce, 0x2167, 0x2167, 0x7bcf, 0x7bcf,
0x52ab, 0x39c6, 0x31a7, 0x0085, 0x0884, 0x08a4, 0x0884, 0x0083, 0x0884, 0x08a5,
0x0884, 0x0864, 0x08a4, 0x0884, 0x0884, 0x0884, 0x00a4, 0x10a6, 0x58cc, 0x00a4,
0x08a5, 0x08a5, 0x08a5, 0x0084, 0x10e5, 0x5aab, 0x5aac, 0x630c, 0x3a09, 0x08a4,
0x0884, 0x5aca, 0x4a49, 0x0064, 0x08c5, 0x08c5, 0x08c5, 0x08c5, 0x08a4, 0x08a4,
0x0084, 0x0084, 0x00a4, 0x00a4, 0x0084, 0x00a4, 0x0084, 0x1968, 0x2a8e, 0x7bad,
0x29c8, 0x0907, 0x1127, 0x1127, 0x1127, 0x1127, 0x1127, 0x1107, 0x1168, 0x2a8d,
0x2a8d, 0x2a8d, 0x2a6d, 0x2a8d, 0x2a8d, 0x2a6d, 0x2a6d, 0x1a2d, 0x3a6b, 0xb48c,
0x2146, 0x00a5, 0x08e6, 0x08c5, 0x08e6, 0x08e6, 0x1168, 0x226d, 0x1a2c, 0x1a2c,
0x1a2c, 0x1a2c, 0x1a2c, 0x1a2c, 0x1a2c, 0x1a2c, 0x1a2c, 0x1a2c, 0x1a2c, 0x1a2c,

0x08e6, 0x08e6, 0x08e6, 0x08e6, 0x08e6, 0x08e6, 0x08e6, 0x08e6, 0x08e6, 0x08e6,
0x08e6, 0x08e6, 0x08e6, 0x08e6, 0x08e6, 0x08e6, 0x08e6, 0x08e6, 0x08e6, 0x08e6,
0x08e6, 0x08e6, 0x08e6, 0x08e6, 0x08e6, 0x08e6, 0x08e6, 0x08e6, 0x08e6, 0x08e6,
0x08e6, 0x08e6, 0x08e6, 0x08e6, 0x08e6, 0x08e6, 0x08e6, 0x08e6, 0x08e6, 0x08e6,
0x08e6, 0x08e6, 0x08e6, 0x08e6, 0x08e6, 0x08e6, 0x08e6, 0x08e6, 0x08e6, 0x0906,
0x08e6, 0x08e6, 0x08e6, 0x08e6, 0x0906, 0x08e6, 0x0906, 0x0906, 0x0906, 0x0906,
0x0907, 0x0907, 0x0907, 0x0907, 0x0907, 0x0907, 0x0907, 0x0907, 0x0907, 0x0907,
0x0907, 0x0927, 0x0927, 0x0927, 0x0907, 0x0927, 0x0927, 0x0927, 0x0927, 0x0927,
0x0927, 0x0927, 0x0927, 0x1127, 0x0927, 0x1148, 0x1148, 0x1148, 0x1148, 0x1148,
0x1148, 0x1148, 0x1148, 0x1148, 0x1148, 0x1148, 0x1168, 0x1168, 0x1148, 0x1168,
0x1168, 0x1169, 0x1169, 0x1169, 0x1189, 0x1189, 0x1189, 0x1189, 0x1189, 0x1189,
0x1189, 0x11a9, 0x11a9, 0x11a9, 0x11a9, 0x11aa, 0x11aa, 0x11aa, 0x11aa, 0x11aa,
0x11aa, 0x11ca, 0x19ca, 0x19ca, 0x19ca, 0x19ca, 0x19ca, 0x19ca, 0x19eb, 0x19eb,
0x19eb, 0x19eb, 0x19eb, 0x1a0b, 0x220b, 0x220b, 0x220b, 0x220b, 0x220b, 0x222c,
0x19a9, 0x08c6, 0x08e6, 0x08e6, 0x08e6, 0x08e6, 0x00c6, 0x2987, 0x7bad, 0x328d,
0x3aac, 0x3aac, 0x3aac, 0x42ac, 0x4aed, 0x3a8c, 0x1127, 0x1147, 0x1147, 0x1147,
0x1127, 0x0907, 0x1927, 0x83cc, 0x6b6d, 0x736d, 0x7b8e, 0x7bad, 0x83ce, 0x8bcd,
0x93cd, 0x93ee, 0x93ee, 0xb4af, 0xfeb1, 0xff11, 0x632b, 0x0928, 0x1968, 0x1968,
0x19c9, 0x1947, 0x19a9, 0x0928, 0xacee, 0xff93, 0xc54e, 0x0884, 0x08e6, 0x08c5,
0x08c5, 0x08c5, 0x08c5, 0x08c6, 0x08c5, 0x08c5, 0x08c5, 0x08c5, 0x00a5, 0x2987,
0xa44e, 0xac6e, 0x4229, 0x41e8, 0x93ed, 0x0085, 0x08a5, 0x0084, 0x08a5, 0x0064,
0x08a5, 0x08a5, 0x00a4, 0x00a4, 0x08a5, 0x08a5, 0x08a5, 0x08c5, 0x08a5, 0x08a5,
0x08a5, 0x08a4, 0x08a5, 0x0084, 0x1105, 0x83ce, 0x2187, 0x2187, 0x7bcf, 0x83cf,
0x52ab, 0x39e6, 0x2966, 0x09c9, 0x2cb2, 0x0104, 0x20a7, 0x8972, 0x08a4, 0x0083,
0x0926, 0x0187, 0x0864, 0x0884, 0x0926, 0x08e5, 0x00a4, 0x10a6, 0x58cc, 0x00a4,
0x08a5, 0x08a4, 0x08a5, 0x0084, 0x1906, 0x83cf, 0x83ef, 0x8c30, 0x4a8a, 0x10e5,
0x5b0d, 0x2987, 0x31a7, 0x0085, 0x08c5, 0x08a5, 0x08a5, 0x08a5, 0x08a5, 0x0864,
0x0988, 0x09a8, 0x0863, 0x08e5, 0x138e, 0x0905, 0x0084, 0x1148, 0x2a8e, 0x8c0d,
0x29a8, 0x0907, 0x1127, 0x1127, 0x1127, 0x1127, 0x1127, 0x0907, 0x1168, 0x2a8d,
0x2a8d, 0x2a8d, 0x2a8d, 0x2a8d, 0x2a8d, 0x2a6d, 0x224c, 0x328d, 0xbcad, 0x31c7,
0x0085, 0x08e6, 0x08c6, 0x08c6, 0x08e6, 0x08c6, 0x1168, 0x226d, 0x1a4d, 0x1a2c,
0x1a2c, 0x1a2c, 0x1a2c, 0x1a4c, 0x1a4d, 0x1a2c, 0x1a2c, 0x1a2c, 0x1a2c, 0x1a2c,

0x08e6, 0x08e6, 0x08e6, 0x08e6, 0x08e6, 0x08e6, 0x08e6, 0x08e6, 0x08e6, 0x08e6,
0x08e6, 0x08e6, 0x08e6, 0x08e6, 0x08e6, 0x08e6, 0x08e6, 0x08e6, 0x08e6, 0x08e6,
0x08e6, 0x08e6, 0x08e6, 0x08e6, 0x08e6, 0x08e6, 0x08e6, 0x08e6, 0x08e6, 0x08e6,
0x08e6, 0x08e6, 0x08e6, 0x08e6, 0x08e6, 0x08e6, 0x08e6, 0x08e6, 0x08e6, 0x08e6,
0x08e6, 0x08e6, 0x08e6, 0x08e6, 0x08e6, 0x08e6, 0x08e6, 0x08e6, 0x08e6, 0x08e6,
0x08e6, 0x0906, 0x08e6, 0x08e6, 0x08e6, 0x0906, 0x0906, 0x0906, 0x0906, 0x0906,
0x0906, 0x0907, 0x0907, 0x0907, 0x0907, 0x0907, 0x0907, 0x0907, 0x0907, 0x0907,
0x0907, 0x0927, 0x0927, 0x0927, 0x0927, 0x0927, 0x0927, 0x0927, 0x0927, 0x0927,
0x0927, 0x0927, 0x0927, 0x1127, 0x1127, 0x0948, 0x1148, 0x1148, 0x1148, 0x1148,
0x1148, 0x1148, 0x1148, 0x1148, 0x1148, 0x1148, 0x1148, 0x1168, 0x1168, 0x1168,
0x1169, 0x1169, 0x1189, 0x1189, 0x1189, 0x1189, 0x1189, 0x1189, 0x1189, 0x1189,
0x1189, 0x1189, 0x1189, 0x11a9, 0x11aa, 0x11aa, 0x11aa, 0x11aa, 0x11aa, 0x11aa,
0x11ca, 0x19ca, 0x19ca, 0x19ca, 0x19ca, 0x19eb, 0x19ca, 0x19ea, 0x19eb, 0x19eb,
0x19eb, 0x19eb, 0x19eb, 0x19eb, 0x1a0b, 0x220b, 0x220b, 0x220b, 0x220b, 0x222b,
0x19a9, 0x08c5, 0x08e6, 0x08e6, 0x08e6, 0x08e6, 0x00c6, 0x2987, 0x73ad, 0x328d,
0x3aac, 0x42ad, 0x42ad, 0x42ad, 0x4aed, 0x324b, 0x0927, 0x1127, 0x0927, 0x0927,
0x1127, 0x0907, 0x1927, 0x83cc, 0x6b6d, 0x736d, 0x7b8d, 0x7bae, 0x83ae, 0x83ad,
0x8bcd, 0x93ee, 0x940e, 0x9c0e, 0xd5d0, 0xff52, 0x632b, 0x0928, 0x1988, 0x1968,
0x19a9, 0x1948, 0x1989, 0x0927, 0xad0e, 0xff93, 0xc56e, 0x08a5, 0x08c5, 0x08c5,
0x08c5, 0x08c5, 0x08c5, 0x08c5, 0x08c5, 0x0885, 0x08c5, 0x08c5, 0x00a5, 0x2987,
0xa46f, 0xac8f, 0x4a29, 0x39e8, 0x93ec, 0x0085, 0x08c5, 0x08a5, 0x08a5, 0x08a5,
0x08a5, 0x08a4, 0x08a4, 0x08a5, 0x08a5, 0x08a5, 0x08a5, 0x08c5, 0x08a5, 0x08a5,
0x08a5, 0x08a5, 0x08a5, 0x0084, 0x1105, 0x83ef, 0x2987, 0x2187, 0x7bcf, 0x83ef,
0x52ac, 0x39c6, 0x3186, 0x00a5, 0x1146, 0x00a4, 0x60cd, 0x38c9, 0x40c9, 0x18a6,
0x18e6, 0x1907, 0x0884, 0x0864, 0x124a, 0x0947, 0x0084, 0x10c6, 0x50cc, 0x00a4,
0x08a5, 0x08a4, 0x08a5, 0x0084, 0x2127, 0x83af, 0x92f1, 0x83cf, 0x426a, 0x08c4,
0x73f0, 0x52ab, 0x0084, 0x08c5, 0x08a5, 0x08a5, 0x08a5, 0x08a5, 0x08a4, 0x08a5,
0x08c5, 0x08a4, 0x0884, 0x08a4, 0x08e5, 0x08a4, 0x0084, 0x1168, 0x2a8f, 0x8bed,
0x29a8, 0x0907, 0x1127, 0x1127, 0x1127, 0x1127, 0x1127, 0x0927, 0x1148, 0x2a8d,
0x2a8d, 0x2a8d, 0x2a8d, 0x2a8d, 0x2a8d, 0x224d, 0x2a6c, 0xbc8d, 0x4208, 0x0085,
0x08e6, 0x08c6, 0x08c6, 0x08e6, 0x08e6, 0x08e6, 0x1168, 0x1a6d, 0x1a4d, 0x1a4d,
0x1a2c, 0x1a2c, 0x1a2c, 0x1a2c, 0x1a2c, 0x1a2c, 0x1a2c, 0x1a2c, 0x1a2c, 0x1a2c,

0x08e6, 0x08e6, 0x08e6, 0x08e6, 0x08e6, 0x08e6, 0x08e6, 0x08e6, 0x08e6, 0x08e6,
0x08e6, 0x08e6, 0x08e6, 0x08e6, 0x08e6, 0x08e6, 0x08e6, 0x08e6, 0x08e6, 0x08e6,
0x08e6, 0x08e6, 0x08e6, 0x08e6, 0x08e6, 0x08e6, 0x08e6, 0x08e6, 0x08e6, 0x08e6,
0x08e6, 0x08e6, 0x08e6, 0x08e6, 0x08e6, 0x08e6, 0x08e6, 0x08e6, 0x08e6, 0x08e6,
0x08e6, 0x08e6, 0x08e6, 0x08e6, 0x08e6, 0x08e6, 0x08e6, 0x08e6, 0x08e6, 0x08e6,
0x08e6, 0x08e6, 0x0906, 0x08e6, 0x0906, 0x0906, 0x0906, 0x0906, 0x0906, 0x0906,
0x0906, 0x0907, 0x0907, 0x0907, 0x0907, 0x0907, 0x0907, 0x0907, 0x0907, 0x0907,
0x0927, 0x0927, 0x0927, 0x0927, 0x0927, 0x0927, 0x0927, 0x1127, 0x0927, 0x0927,
0x0927, 0x0927, 0x0928, 0x0928, 0x1148, 0x1148, 0x1148, 0x1148, 0x1148, 0x1148,
0x1148, 0x1148, 0x1148, 0x1148, 0x1148, 0x1168, 0x1168, 0x1168, 0x1168, 0x1169,
0x1169, 0x1169, 0x1189, 0x1189, 0x1189, 0x1189, 0x1189, 0x1189, 0x1189, 0x11a9,
0x11a9, 0x11a9, 0x11aa, 0x11aa, 0x11aa, 0x11aa, 0x11aa, 0x11aa, 0x11aa, 0x11ca,
0x19ca, 0x19ca, 0x19ca, 0x19ca, 0x19ca, 0x19eb, 0x19ea, 0x19ea, 0x19eb, 0x19eb,
0x19eb, 0x19eb, 0x19eb, 0x19eb, 0x19eb, 0x220b, 0x220b, 0x220b, 0x220b, 0x222b,
0x1989, 0x08c5, 0x08e6, 0x08e6, 0x08e6, 0x08e6, 0x00c6, 0x2966, 0x738c, 0x326d,
0x3aad, 0x3aad, 0x42ad, 0x42ad, 0x4aed, 0x2a2b, 0x2149, 0x39cb, 0x2a4b, 0x19e9,
0x0927, 0x1127, 0x1127, 0x83cc, 0x6b6e, 0x736d, 0x7bae, 0x7bae, 0x83ae, 0x83ad,
0x8bce, 0x8bee, 0x93ee, 0x9c0e, 0xa44e, 0xfef2, 0x6b4c, 0x0907, 0x19a9, 0x1988,
0x1948, 0x1147, 0x19a9, 0x0948, 0xaced, 0xff72, 0xc56e, 0x0064, 0x00a5, 0x08c5,
0x00a3, 0x00a4, 0x08a5, 0x08a5, 0x08a5, 0x0967, 0x08e6, 0x10c6, 0x08a5, 0x2967,
0xac6f, 0xb4b0, 0x4a2a, 0x4208, 0x93cc, 0x0085, 0x08c5, 0x08a5, 0x08a5, 0x08a5,
0x08c5, 0x08a4, 0x08a4, 0x08a5, 0x08a5, 0x08a5, 0x08a4, 0x08a5, 0x08a5, 0x08a5,
0x08a4, 0x08a5, 0x08a5, 0x00a4, 0x1105, 0x8bef, 0x2988, 0x2987, 0x83ef, 0x83ef,
0x52ac, 0x39a6, 0x3186, 0x0064, 0x0864, 0x0084, 0x58ac, 0x1885, 0x50cc, 0x20a8,
0x08a6, 0x10a5, 0x08a5, 0x08a5, 0x0885, 0x08a5, 0x00a5, 0x10a6, 0x58cc, 0x00a4,
0x0885, 0x0085, 0x08a5, 0x0084, 0x2148, 0x8b91, 0xc1b5, 0x83d0, 0x426a, 0x10e5,
0x6390, 0xa44f, 0x5a67, 0x0065, 0x08c5, 0x08a5, 0x08a5, 0x08a5, 0x00a4, 0x08c5,
0x08a5, 0x0884, 0x08a4, 0x08a4, 0x0884, 0x08a4, 0x0084, 0x1989, 0x2a8e, 0x630b,
0x29c8, 0x0907, 0x1127, 0x1127, 0x1127, 0x1127, 0x1127, 0x1107, 0x1148, 0x2a8d,
0x2a8d, 0x2a8d, 0x2a8d, 0x2a8d, 0x226d, 0x2a8d, 0xac6d, 0x5248, 0x0065, 0x08e6,
0x08e6, 0x08c6, 0x08c6, 0x08c5, 0x08c5, 0x0884, 0x1148, 0x224d, 0x1a2c, 0x1a2d,
0x1a2c, 0x1a2c, 0x1a2c, 0x1a2c, 0x1a2c, 0x1a2c, 0x1a4d, 0x1a2c, 0x1a2c, 0x1a2c,

0x08e6, 0x08e6, 0x08e6, 0x08e6, 0x08e6, 0x08e6, 0x08e6, 0x08e6, 0x08e6, 0x08e6,
0x08e6, 0x08e6, 0x08e6, 0x08e6, 0x08e6, 0x08e6, 0x08e6, 0x08e6, 0x08e6, 0x08e6,
0x08e6, 0x08e6, 0x08e6, 0x08e6, 0x08e6, 0x08e6, 0x08e6, 0x08e6, 0x08e6, 0x08e6,
0x08e6, 0x08e6, 0x08e6, 0x08e6, 0x08e6, 0x08e6, 0x08e6, 0x08e6, 0x08e6, 0x08e6,
0x08e6, 0x08e6, 0x08e6, 0x08e6, 0x08e6, 0x08e6, 0x08e6, 0x08e6, 0x08e6, 0x08e6,
0x08e6, 0x08e6, 0x08e6, 0x0906, 0x0906, 0x0906, 0x0906, 0x0906, 0x0906, 0x0906,
0x0907, 0x0907, 0x0907, 0x0907, 0x0907, 0x0907, 0x0907, 0x0907, 0x0907, 0x0927,
0x0907, 0x0927, 0x0907, 0x0927, 0x0927, 0x0927, 0x0927, 0x0927, 0x0927, 0x0927,
0x0927, 0x0927, 0x0928, 0x1148, 0x1148, 0x1148, 0x1148, 0x1148, 0x1148, 0x1148,
0x1148, 0x1148, 0x1148, 0x1148, 0x1148, 0x1168, 0x1168, 0x1168, 0x1168, 0x1169,
0x1169, 0x1189, 0x1189, 0x1189, 0x1189, 0x1189, 0x1189, 0x11a9, 0x11a9, 0x11a9,
0x11a9, 0x11a9, 0x11aa, 0x11aa, 0x11aa, 0x11aa, 0x11aa, 0x11aa, 0x11aa, 0x19ca,
0x11ca, 0x19ca, 0x19ca, 0x19ca, 0x19ca, 0x19eb, 0x19ea, 0x19ea, 0x19eb, 0x19eb,
0x19eb, 0x19eb, 0x19eb, 0x19eb, 0x1a0b, 0x220b, 0x220b, 0x220b, 0x220b, 0x222c,
0x1989, 0x08c5, 0x08e6, 0x08e6, 0x08e6, 0x08e6, 0x00c6, 0x2146, 0x6b6c, 0x2a6d,
0x3aac, 0x3aad, 0x42cd, 0x42cd, 0x42ed, 0x2a2a, 0x1107, 0x1947, 0x1968, 0x1147,
0x1127, 0x1127, 0x1127, 0x83cc, 0x6b6e, 0x736d, 0x738e, 0x7bae, 0x7bae, 0x83ad,
0x8bcd, 0x8bce, 0x93ee, 0x9c2e, 0x93ee, 0xd591, 0x6b6c, 0x0907, 0x1968, 0x1168,
0x1148, 0x1147, 0x19a9, 0x0948, 0xaccd, 0xff72, 0xbd4d, 0x1988, 0x29e9, 0x08a4,
0x58ad, 0x38ca, 0x08c4, 0x18c7, 0x1105, 0x01c6, 0x00e5, 0x00c5, 0x00a4, 0x21a6,
0xa4af, 0xacef, 0x3a48, 0x3a07, 0x93ac, 0x0064, 0x08a5, 0x08a5, 0x08a5, 0x08a5,
0x08c5, 0x08a4, 0x08a4, 0x08a5, 0x08a5, 0x08a5, 0x08a4, 0x08c5, 0x08a5, 0x08a5,
0x08a5, 0x08a5, 0x08c5, 0x00a4, 0x1106, 0x8c0f, 0x2987, 0x2187, 0x83cf, 0x83ef,
0x52ac, 0x39a6, 0x3186, 0x0064, 0x08a4, 0x0884, 0x0082, 0x0084, 0x00a3, 0x00a4,
0x00a4, 0x00a4, 0x08a5, 0x08a5, 0x08a5, 0x08a5, 0x00a5, 0x10a6, 0x50cc, 0x00a4,
0x0885, 0x08a5, 0x08a5, 0x0085, 0x1907, 0x8390, 0xba33, 0x7bb1, 0x4a6b, 0x10e5,
0x6390, 0x9c2f, 0x6288, 0x0065, 0x08c5, 0x08a5, 0x08a4, 0x08a4, 0x08a4, 0x08c5,
0x08a5, 0x08a4, 0x08a4, 0x08a4, 0x08a4, 0x08a5, 0x0084, 0x1968, 0x2a8f, 0x4a8a,
0x21a8, 0x0907, 0x1127, 0x1127, 0x1107, 0x1127, 0x1148, 0x0927, 0x1148, 0x2a8d,
0x2aae, 0x2aae, 0x2a8d, 0x2aae, 0x1a4d, 0x5b4e, 0x6ac8, 0x0045, 0x08e6, 0x08c5,
0x08c6, 0x08e6, 0x08e6, 0x0906, 0x0947, 0x126b, 0x19ca, 0x1a4d, 0x1a2c, 0x1a4d,
0x1a2d, 0x1a2d, 0x1a2d, 0x1a2c, 0x1a4c, 0x1a4c, 0x1a4c, 0x1a2c, 0x1a2c, 0x1a2c,

0x08e6, 0x08e6, 0x08e6, 0x08e6, 0x08e6, 0x08e6, 0x08e6, 0x08e6, 0x08e6, 0x08e6,
0x08e6, 0x08e6, 0x08e6, 0x08e6, 0x08e6, 0x08e6, 0x08e6, 0x08e6, 0x08e6, 0x08e6,
0x08e6, 0x08e6, 0x08e6, 0x08e6, 0x08e6, 0x08e6, 0x08e6, 0x08e6, 0x08e6, 0x08e6,
0x08e6, 0x08e6, 0x08e6, 0x08e6, 0x08e6, 0x08e6, 0x08e6, 0x08e6, 0x08e6, 0x08e6,
0x08e6, 0x08e6, 0x08e6, 0x08e6, 0x08e6, 0x08e6, 0x08e6, 0x08e6, 0x08e6, 0x08e6,
0x0906, 0x0906, 0x0906, 0x0906, 0x0906, 0x0906, 0x0906, 0x0906, 0x0906, 0x0907,
0x0907, 0x0907, 0x0907, 0x0907, 0x0907, 0x0907, 0x0907, 0x0907, 0x0907, 0x0907,
0x0927, 0x0927, 0x0927, 0x0927, 0x0927, 0x0927, 0x0927, 0x0927, 0x0927, 0x0927,
0x1127, 0x1147, 0x1128, 0x1148, 0x1148, 0x1148, 0x1148, 0x1148, 0x1148, 0x1148,
0x1148, 0x1148, 0x1168, 0x1168, 0x1168, 0x1168, 0x1168, 0x1169, 0x1169, 0x1189,
0x1189, 0x1189, 0x1189, 0x1189, 0x1189, 0x11a9, 0x1189, 0x11a9, 0x11a9, 0x11a9,
0x11a9, 0x11aa, 0x11aa, 0x11aa, 0x11aa, 0x11aa, 0x11aa, 0x11aa, 0x19ca, 0x11ca,
0x19ca, 0x19ca, 0x19ca, 0x19ca, 0x19ca, 0x19eb, 0x19eb, 0x19eb, 0x1a0b, 0x19eb,
0x19eb, 0x19eb, 0x19eb, 0x1a0b, 0x1a0b, 0x220b, 0x220b, 0x220b, 0x220b, 0x220b,
0x1989, 0x08c5, 0x08e6, 0x08e6, 0x08e6, 0x08e6, 0x00c6, 0x2146, 0x6b6c, 0x2a6d,
0x3aac, 0x3aad, 0x42cd, 0x42cd, 0x42ed, 0x2a0a, 0x08e6, 0x1106, 0x1127, 0x1127,
0x1127, 0x1127, 0x1947, 0x83cc, 0x6b6e, 0x736d, 0x736d, 0x738d, 0x7bae, 0x83ae,
0x83ce, 0x8bee, 0x93ee, 0x940e, 0x940e, 0xa46f, 0x52cb, 0x0927, 0x1968, 0x1168,
0x1148, 0x1148, 0x1968, 0x08e7, 0xaced, 0xff71, 0xc56e, 0x1168, 0x1988, 0x08c5,
0x30e8, 0x18c6, 0x08a4, 0x10c5, 0x20e6, 0x50cb, 0x48ec, 0x50cc, 0x50ac, 0x714e,
0xc3d2, 0xcbf3, 0x81ce, 0x89ee, 0x936d, 0x0064, 0x08a5, 0x08a5, 0x08a5, 0x08a5,
0x08a5, 0x08a5, 0x08a5, 0x08a5, 0x0884, 0x08a5, 0x08a5, 0x08a5, 0x08a5, 0x08a5,
0x08c5, 0x00a4, 0x08c5, 0x08a5, 0x10e5, 0x940f, 0x2988, 0x2987, 0x83ef, 0x83ef,
0x528b, 0x3185, 0x2966, 0x0064, 0x08a4, 0x08a4, 0x0884, 0x08a5, 0x08a5, 0x08a5,
0x08a4, 0x08a5, 0x08a5, 0x08a5, 0x08a5, 0x08a5, 0x00a4, 0x10a6, 0x50cc, 0x00a4,
0x08a5, 0x08a5, 0x08a5, 0x0085, 0x1927, 0x8390, 0xb233, 0x83b2, 0x4a8b, 0x10e5,
0x6bb0, 0x83ad, 0x2126, 0x00a5, 0x08a5, 0x08a4, 0x00a4, 0x00a4, 0x08a4, 0x08a5,
0x08a4, 0x08a4, 0x08a4, 0x08a5, 0x08a5, 0x08a5, 0x0084, 0x1968, 0x2a8f, 0x3209,
0x2188, 0x0927, 0x1127, 0x1127, 0x0927, 0x1127, 0x1147, 0x0927, 0x1148, 0x2a8d,
0x2aae, 0x2aae, 0x2a8d, 0x2aad, 0x1a6e, 0x5b4e, 0x4a07, 0x0085, 0x08e6, 0x08e6,
0x08c6, 0x08c6, 0x08c6, 0x08e6, 0x0927, 0x128c, 0x0947, 0x19cb, 0x1a4d, 0x1a2c,
0x1a2c, 0x1a2c, 0x1a4d, 0x1a4c, 0x1a2c, 0x1a2c, 0x1a4d, 0x1a4d, 0x1a2c, 0x1a4c,

0x08e6, 0x08e6, 0x08e6, 0x08e6, 0x08e6, 0x08e6, 0x08e6, 0x08e6, 0x08e6, 0x08e6,
0x08e6, 0x08e6, 0x08e6, 0x08e6, 0x08e6, 0x08e6, 0x08e6, 0x08e6, 0x08e6, 0x08e6,
0x08e6, 0x08e6, 0x08e6, 0x08e6, 0x08e6, 0x08e6, 0x08e6, 0x08e6, 0x08e6, 0x08e6,
0x08e6, 0x08e6, 0x08e6, 0x08e6, 0x08e6, 0x08e6, 0x08e6, 0x08e6, 0x08e6, 0x08e6,
0x08e6, 0x08e6, 0x08e6, 0x08e6, 0x08e6, 0x08e6, 0x08e6, 0x08e6, 0x08e6, 0x0906,
0x08e6, 0x0906, 0x0906, 0x0906, 0x0906, 0x0906, 0x0906, 0x0906, 0x0906, 0x0907,
0x0907, 0x0907, 0x0907, 0x0907, 0x0907, 0x0907, 0x0907, 0x0907, 0x0907, 0x0927,
0x0927, 0x0907, 0x0907, 0x0927, 0x0927, 0x0927, 0x0927, 0x0927, 0x1127, 0x1127,
0x0927, 0x0948, 0x1148, 0x0948, 0x1148, 0x1148, 0x1148, 0x1148, 0x1148, 0x1148,
0x1148, 0x1148, 0x1148, 0x1168, 0x1168, 0x1168, 0x1169, 0x1169, 0x1169, 0x1189,
0x1189, 0x1189, 0x1189, 0x1189, 0x1189, 0x11a9, 0x11a9, 0x11aa, 0x11a9, 0x11aa,
0x11aa, 0x11aa, 0x11aa, 0x11aa, 0x11aa, 0x11aa, 0x19ca, 0x11ca, 0x19ca, 0x19ca,
0x19ca, 0x19ca, 0x19ca, 0x19ea, 0x19ea, 0x19ea, 0x19eb, 0x19eb, 0x19eb, 0x19eb,
0x19eb, 0x19eb, 0x19eb, 0x1a0b, 0x19eb, 0x220b, 0x220b, 0x220b, 0x220b, 0x222b,
0x19a9, 0x08c5, 0x08e6, 0x08e6, 0x08e6, 0x1107, 0x0907, 0x2146, 0x6b8c, 0x2a6d,
0x3aad, 0x3aad, 0x3aad, 0x3aad, 0x42cd, 0x324b, 0x2168, 0x0907, 0x1147, 0x1127,
0x1127, 0x1128, 0x1947, 0x83cc, 0x6b6e, 0x6b6d, 0x736d, 0x738d, 0x7b8d, 0x7b8e,
0x83ce, 0x8bce, 0x8bee, 0x93ee, 0x940e, 0xa44f, 0x3a2a, 0x0927, 0x1968, 0x1168,
0x1148, 0x1148, 0x1968, 0x08e7, 0xa4cd, 0xff71, 0xbd6e, 0x0927, 0x0926, 0x08e5,
0x00c4, 0x08c4, 0x00a3, 0x20c6, 0x88b1, 0x40c9, 0x38c9, 0x40ea, 0x38ca, 0x598c,
0xbc11, 0xc431, 0x720c, 0x7a2d, 0x9b6e, 0x0064, 0x08a5, 0x08a5, 0x08a4, 0x08a5,
0x08a5, 0x08a5, 0x08a5, 0x08a5, 0x0885, 0x00a4, 0x08a4, 0x08c5, 0x08a5, 0x08a5,
0x08a5, 0x00a5, 0x08c5, 0x00a5, 0x1106, 0x9c50, 0x29a8, 0x2187, 0x83ef, 0x83ef,
0x52ab, 0x3185, 0x2966, 0x0064, 0x08a5, 0x08a5, 0x00a4, 0x08c5, 0x08a5, 0x08a5,
0x08a4, 0x08a5, 0x08a5, 0x08a5, 0x08a5, 0x08a5, 0x00a4, 0x10a5, 0x50cc, 0x00a4,
0x0885, 0x08a5, 0x08a5, 0x0064, 0x1907, 0x7b90, 0xb233, 0x7bb2, 0x428c, 0x10e5,
0x73d0, 0x3a0a, 0x0065, 0x00a4, 0x00a3, 0x0884, 0x08a4, 0x0884, 0x08a4, 0x08a5,
0x0884, 0x08a5, 0x08a5, 0x08a5, 0x08c5, 0x08a5, 0x0884, 0x1968, 0x32af, 0x1168,
0x1127, 0x1127, 0x1127, 0x1148, 0x1128, 0x1128, 0x1147, 0x1127, 0x1148, 0x2a8d,
0x2a8e, 0x2a8e, 0x2a8d, 0x2aae, 0x1a6e, 0x636e, 0x4a48, 0x00a5, 0x08e6, 0x08e6,
0x08c6, 0x1147, 0x2187, 0x3187, 0x2187, 0x2127, 0x3927, 0x08e6, 0x1a2c, 0x1a4d,
0x1a2c, 0x1a4d, 0x1a4d, 0x1a4c, 0x1a2d, 0x1a2c, 0x1a2c, 0x1a4d, 0x1a2c, 0x1a2c,

0x08e6, 0x08e6, 0x08e6, 0x08e6, 0x08e6, 0x08e6, 0x08e6, 0x08e6, 0x08e6, 0x08e6,
0x08e6, 0x08e6, 0x08e6, 0x08e6, 0x08e6, 0x08e6, 0x08e6, 0x08e6, 0x08e6, 0x08e6,
0x08e6, 0x08e6, 0x08e6, 0x08e6, 0x08e6, 0x08e6, 0x08e6, 0x08e6, 0x08e6, 0x08e6,
0x08e6, 0x08e6, 0x08e6, 0x08e6, 0x08e6, 0x08e6, 0x08e6, 0x08e6, 0x08e6, 0x08e6,
0x08e6, 0x08e6, 0x08e6, 0x08e6, 0x08e6, 0x08e6, 0x08e6, 0x08e6, 0x08e6, 0x08e6,
0x08e6, 0x0906, 0x0906, 0x0906, 0x0906, 0x0906, 0x0906, 0x0906, 0x0907, 0x0907,
0x0907, 0x0907, 0x0907, 0x0907, 0x0907, 0x0907, 0x0907, 0x0907, 0x0907, 0x0927,
0x0907, 0x0927, 0x0927, 0x0927, 0x0927, 0x0927, 0x0927, 0x0927, 0x0928, 0x0928,
0x0928, 0x1148, 0x1148, 0x0948, 0x1148, 0x1148, 0x1148, 0x1148, 0x1148, 0x1148,
0x1168, 0x1168, 0x1168, 0x1168, 0x1168, 0x1169, 0x1189, 0x1189, 0x1189, 0x1189,
0x1189, 0x1189, 0x1189, 0x1189, 0x1189, 0x11a9, 0x11aa, 0x11aa, 0x11aa, 0x11aa,
0x11aa, 0x11aa, 0x11aa, 0x11aa, 0x11aa, 0x11aa, 0x19ca, 0x19ca, 0x19ca, 0x19ca,
0x19ca, 0x19ca, 0x19ca, 0x19eb, 0x19eb, 0x19eb, 0x19eb, 0x19eb, 0x1a0b, 0x19eb,
0x19eb, 0x19eb, 0x19eb, 0x1a0b, 0x19eb, 0x220b, 0x220b, 0x220b, 0x220b, 0x222c,
0x1989, 0x08c5, 0x08e6, 0x08e6, 0x08e6, 0x08e6, 0x00c6, 0x2166, 0x738c, 0x326d,
0x3aad, 0x3aad, 0x3aad, 0x3aad, 0x3acd, 0x2a0a, 0x1106, 0x1127, 0x1147, 0x1127,
0x1127, 0x1127, 0x1927, 0x83cc, 0x6b6e, 0x6b4d, 0x6b6d, 0x736d, 0x738d, 0x7b8e,
0x83ae, 0x83ce, 0x8bee, 0x8bee, 0x940e, 0x9c2e, 0x3a29, 0x0927, 0x1148, 0x1148,
0x1147, 0x1148, 0x1968, 0x08e7, 0xa4cd, 0xff71, 0xbd2e, 0x0885, 0x08c5, 0x08c5,
0x10c6, 0x00a4, 0x18e6, 0x80b2, 0x18e7, 0x00a3, 0x00a4, 0x00c4, 0x0083, 0x21a7,
0xaccf, 0xb50f, 0x4268, 0x4289, 0x93ed, 0x0064, 0x08c5, 0x10e6, 0x0884, 0x08a5,
0x08a5, 0x08a5, 0x08a5, 0x08a5, 0x08a4, 0x08a5, 0x00a4, 0x08a5, 0x08a5, 0x08a5,
0x00a4, 0x08a4, 0x08a5, 0x0084, 0x1106, 0x9c50, 0x31a8, 0x2187, 0x8bef, 0x8c0f,
0x5aab, 0x3186, 0x2966, 0x0064, 0x08a4, 0x08a4, 0x00a5, 0x08c5, 0x08c5, 0x08c5,
0x08a5, 0x08a5, 0x08a5, 0x10e6, 0x08a4, 0x08a5, 0x00a4, 0x10a5, 0x50ab, 0x0906,
0x08c6, 0x0884, 0x08a5, 0x0064, 0x1907, 0x7b90, 0xb253, 0x7392, 0x428c, 0x10e5,
0x6bb0, 0x29a9, 0x0082, 0x38a9, 0x488b, 0x00a3, 0x08a4, 0x0884, 0x08a5, 0x08c5,
0x0884, 0x08a5, 0x08a5, 0x08a5, 0x08c5, 0x08c5, 0x0884, 0x1968, 0x328e, 0x1148,
0x1127, 0x1127, 0x1127, 0x1148, 0x41eb, 0x39eb, 0x1148, 0x1127, 0x1148, 0x2a8d,
0x2a8d, 0x2a8e, 0x2a8e, 0x2aae, 0x228e, 0x638e, 0x4a48, 0x00a6, 0x08e6, 0x08c6,
0x08c6, 0x1126, 0x1947, 0x2167, 0x1967, 0x1927, 0x2947, 0x08c5, 0x1127, 0x1a4d,
0x1a4d, 0x1a4c, 0x1a4d, 0x1a4d, 0x1a4c, 0x1a4c, 0x1a2d, 0x1a2c, 0x1a2d, 0x1a4d,

0x08e6, 0x08e6, 0x08e6, 0x08e6, 0x08e6, 0x08e6, 0x08e6, 0x08e6, 0x08e6, 0x08e6,
0x08e6, 0x08e6, 0x08e6, 0x08e6, 0x08e6, 0x08e6, 0x08e6, 0x08e6, 0x08e6, 0x08e6,
0x08e6, 0x08e6, 0x08e6, 0x08e6, 0x08e6, 0x08e6, 0x08e6, 0x08e6, 0x08e6, 0x08e6,
0x08e6, 0x08e6, 0x08e6, 0x08e6, 0x08e6, 0x08e6, 0x08e6, 0x08e6, 0x08e6, 0x08e6,
0x08e6, 0x08e6, 0x08e6, 0x08e6, 0x08e6, 0x08e6, 0x08e6, 0x08e6, 0x0906, 0x0906,
0x0906, 0x0906, 0x0906, 0x0906, 0x0906, 0x0906, 0x0906, 0x0906, 0x0907, 0x0907,
0x0907, 0x0907, 0x0907, 0x0907, 0x0907, 0x0927, 0x0927, 0x0927, 0x0927, 0x0927,
0x0927, 0x0927, 0x0927, 0x0927, 0x1127, 0x0927, 0x0927, 0x1127, 0x0927, 0x1148,
0x1148, 0x1148, 0x1148, 0x1148, 0x1148, 0x1148, 0x1148, 0x1148, 0x1148, 0x1168,
0x1168, 0x1168, 0x1168, 0x1168, 0x1169, 0x1189, 0x1189, 0x1189, 0x1189, 0x1189,
0x1189, 0x1189, 0x1189, 0x11a9, 0x11a9, 0x11a9, 0x11aa, 0x11aa, 0x11aa, 0x11aa,
0x11aa, 0x11aa, 0x11ca, 0x11ca, 0x11ca, 0x11ca, 0x19ca, 0x19ca, 0x19ca, 0x19ca,
0x19ca, 0x19ca, 0x19ea, 0x19ea, 0x19eb, 0x19eb, 0x19eb, 0x19eb, 0x1a0b, 0x19eb,
0x19eb, 0x19eb, 0x1a0b, 0x1a0b, 0x1a0b, 0x1a0b, 0x220b, 0x220b, 0x220b, 0x222c,
0x19a9, 0x08c5, 0x08e6, 0x08e6, 0x08e5, 0x08e6, 0x00c6, 0x2167, 0x738c, 0x326d,
0x3a8d, 0x3a8c, 0x3a8d, 0x3a8c, 0x3acd, 0x2a0a, 0x0907, 0x1127, 0x1127, 0x1127,
0x1127, 0x1127, 0x1947, 0x83cc, 0x6b6e, 0x6b6d, 0x6b6d, 0x736e, 0x738d, 0x7b8d,
0x7bae, 0x83ce, 0x8bee, 0x8bee, 0x940e, 0x9c2e, 0x3a29, 0x0907, 0x1148, 0x1148,
0x1148, 0x1148, 0x1968, 0x0907, 0xaccd, 0xff71, 0xbd2d, 0x00a5, 0x08e5, 0x10e6,
0x00c5, 0x18e7, 0x88d2, 0x18c7, 0x08c4, 0x10c5, 0x08a5, 0x10e6, 0x0085, 0x31a8,
0xb48f, 0xbcd0, 0x4a49, 0x526a, 0x8bcd, 0x0064, 0x08c5, 0x08c5, 0x08a5, 0x08a5,
0x08a5, 0x08a5, 0x08a4, 0x08a4, 0x08a4, 0x08a4, 0x08a5, 0x00a5, 0x08a5, 0x00a4,
0x08a5, 0x08a5, 0x08a5, 0x00a5, 0x1106, 0x9c70, 0x31c8, 0x2167, 0x8bef, 0x8c0f,
0x52ab, 0x3185, 0x2966, 0x0064, 0x08a4, 0x08a5, 0x08a4, 0x08a5, 0x08c5, 0x08a5,
0x08a5, 0x08c5, 0x08a5, 0x08a5, 0x08a5, 0x08a5, 0x00a4, 0x10a5, 0x50ab, 0x00c4,
0x08a5, 0x0884, 0x08a5, 0x0064, 0x2148, 0x7bb0, 0xaa53, 0x7392, 0x428c, 0x1105,
0x6bb1, 0x2187, 0x688d, 0xf89f, 0x8892, 0x00a3, 0x0885, 0x0084, 0x08a5, 0x08a5,
0x00a4, 0x08a5, 0x08c5, 0x08c5, 0x08c5, 0x08c5, 0x0084, 0x1148, 0x2a8e, 0x1168,
0x1107, 0x1106, 0x1127, 0x1148, 0x1148, 0x1147, 0x1148, 0x1147, 0x1127, 0x224c,
0x2aae, 0x2aae, 0x2a8e, 0x2aae, 0x228e, 0x638e, 0x4a48, 0x00a6, 0x08e6, 0x08e6,
0x08e6, 0x08c6, 0x08c6, 0x00c6, 0x08c6, 0x08c6, 0x00c5, 0x08e6, 0x08c5, 0x1168,
0x1a4d, 0x1a4d, 0x1a4d, 0x1a4d, 0x1a4d, 0x1a4c, 0x1a4c, 0x1a4d, 0x1a2d, 0x1a4d,

0x08e6, 0x08e6, 0x08e6, 0x08e6, 0x08e6, 0x08e6, 0x08e6, 0x08e6, 0x08e6, 0x08e6,
0x08e6, 0x08e6, 0x08e6, 0x08e6, 0x08e6, 0x08e6, 0x08e6, 0x08e6, 0x08e6, 0x08e6,
0x08e6, 0x08e6, 0x08e6, 0x08e6, 0x08e6, 0x08e6, 0x08e6, 0x08e6, 0x08e6, 0x08e6,
0x08e6, 0x08e6, 0x08e6, 0x08e6, 0x08e6, 0x08e6, 0x08e6, 0x08e6, 0x08e6, 0x08e6,
0x08e6, 0x08e6, 0x08e6, 0x08e6, 0x08e6, 0x08e6, 0x08e6, 0x08e6, 0x0906, 0x0906,
0x0906, 0x0906, 0x0906, 0x0906, 0x0906, 0x0906, 0x0906, 0x0907, 0x0907, 0x0907,
0x0907, 0x0907, 0x0907, 0x0907, 0x0907, 0x0907, 0x0907, 0x0907, 0x0927, 0x0907,
0x0927, 0x0927, 0x0927, 0x0927, 0x0927, 0x0927, 0x0927, 0x1127, 0x0947, 0x1148,
0x1148, 0x1148, 0x1148, 0x1148, 0x1148, 0x1148, 0x1148, 0x1168, 0x1148, 0x1168,
0x1168, 0x1168, 0x1169, 0x1169, 0x1169, 0x1189, 0x1189, 0x1189, 0x1189, 0x1189,
0x1189, 0x1189, 0x11a9, 0x11a9, 0x11a9, 0x11a9, 0x11aa, 0x11aa, 0x11aa, 0x11aa,
0x11aa, 0x11aa, 0x19ca, 0x11ca, 0x11aa, 0x11ca, 0x19ca, 0x19ca, 0x19ca, 0x19ca,
0x19ca, 0x19eb, 0x19ea, 0x19ea, 0x19ea, 0x19eb, 0x19eb, 0x19eb, 0x1a0b, 0x19eb,
0x19eb, 0x1a0b, 0x1a0b, 0x1a0b, 0x1a0b, 0x1a0b, 0x220b, 0x220b, 0x220b, 0x222c,
0x1989, 0x08c5, 0x08e6, 0x08c5, 0x10c6, 0x10e6, 0x10e7, 0x2187, 0x73ac, 0x328d,
0x3aad, 0x3a8d, 0x3a8d, 0x3a8c, 0x42cd, 0x2a0a, 0x1127, 0x1127, 0x1127, 0x1127,
0x1127, 0x0907, 0x1127, 0x83ac, 0x6b6e, 0x6b8e, 0x6b6d, 0x6b6d, 0x738e, 0x738d,
0x7bae, 0x83ae, 0x83ce, 0x8bce, 0x8bee, 0x9c2e, 0x3a29, 0x0907, 0x1948, 0x1148,
0x1147, 0x1147, 0x1968, 0x0928, 0xacee, 0xff72, 0xbd4e, 0x0084, 0x08c5, 0x08c5,
0x18e7, 0x9113, 0x20e8, 0x00a4, 0x1907, 0x08e5, 0x08c5, 0x1127, 0x0064, 0x31a7,
0xac8f, 0xb4cf, 0x4a28, 0x4a29, 0x8bad, 0x0085, 0x08a5, 0x0885, 0x0885, 0x0885,
0x0884, 0x0884, 0x0884, 0x08a4, 0x08a4, 0x08a5, 0x00a5, 0x00a5, 0x08a5, 0x00a5,
0x08a5, 0x08a5, 0x08a5, 0x0084, 0x2147, 0xbd11, 0x39e8, 0x2987, 0x9c70, 0x9450,
0x734d, 0x4207, 0x2965, 0x0064, 0x08a4, 0x08a4, 0x08a5, 0x00a5, 0x10c5, 0x10c5,
0x00a5, 0x08a5, 0x08a5, 0x08a5, 0x08a5, 0x08a5, 0x00a4, 0x10a5, 0x50ab, 0x00a4,
0x0884, 0x0884, 0x08a5, 0x0064, 0x2148, 0x7bd1, 0xaa53, 0x73b2, 0x428d, 0x1905,
0x53ae, 0x718f, 0xf83c, 0x68ae, 0x0083, 0x08a5, 0x08a5, 0x0084, 0x08a5, 0x08c5,
0x08a4, 0x08c5, 0x08c5, 0x08a5, 0x08a5, 0x08a5, 0x0084, 0x1147, 0x2a8e, 0x1148,
0x1127, 0x11e9, 0x11a8, 0x1147, 0x1147, 0x1147, 0x1148, 0x1148, 0x1127, 0x1106,
0x222c, 0x2ace, 0x2aae, 0x2aae, 0x228e, 0x638e, 0x4228, 0x00c6, 0x08e6, 0x08e6,
0x08e6, 0x08e6, 0x08e6, 0x08e6, 0x08e6, 0x08e6, 0x08e6, 0x08e6, 0x08e6, 0x08c5,
0x19eb, 0x1a6d, 0x1a4d, 0x1a4d, 0x1a4d, 0x1a4d, 0x1a4c, 0x1a4d, 0x1a4c, 0x1a4c,

0x08e6, 0x08e6, 0x08e6, 0x08e6, 0x08e6, 0x08e6, 0x08e6, 0x08e6, 0x08e6, 0x08e6,
0x08e6, 0x08e6, 0x08e6, 0x08e6, 0x08e6, 0x08e6, 0x08e6, 0x08e6, 0x08e6, 0x08e6,
0x08e6, 0x08e6, 0x08e6, 0x08e6, 0x08e6, 0x08e6, 0x08e6, 0x08e6, 0x08e6, 0x08e6,
0x08e6, 0x08e6, 0x08e6, 0x08e6, 0x08e6, 0x08e6, 0x08e6, 0x08e6, 0x08e6, 0x08e6,
0x08e6, 0x08e6, 0x08e6, 0x08e6, 0x08e6, 0x08e6, 0x08e6, 0x08e6, 0x0906, 0x0906,
0x0906, 0x0906, 0x0906, 0x0906, 0x0906, 0x0906, 0x0907, 0x0907, 0x0907, 0x0907,
0x0907, 0x0907, 0x0907, 0x0907, 0x0907, 0x0907, 0x0907, 0x0927, 0x0927, 0x0927,
0x0927, 0x0927, 0x0927, 0x0927, 0x0927, 0x0927, 0x0927, 0x0928, 0x1148, 0x0948,
0x1148, 0x1148, 0x1148, 0x1148, 0x1148, 0x1148, 0x1168, 0x1148, 0x1168, 0x1168,
0x1168, 0x1169, 0x1168, 0x1169, 0x1189, 0x1189, 0x1189, 0x1189, 0x1189, 0x1189,
0x11a9, 0x11a9, 0x11a9, 0x11a9, 0x11a9, 0x11aa, 0x11aa, 0x11aa, 0x11aa, 0x11aa,
0x11aa, 0x11ca, 0x11ca, 0x11ca, 0x11ca, 0x11ca, 0x19ca, 0x19ca, 0x19ca, 0x19cb,
0x19eb, 0x19eb, 0x19eb, 0x19eb, 0x19eb, 0x19eb, 0x19eb, 0x19eb, 0x19eb, 0x19eb,
0x1a0b, 0x1a0b, 0x1a0b, 0x1a0b, 0x1a0b, 0x220b, 0x1a0b, 0x220b, 0x220b, 0x222c,
0x19a9, 0x08e6, 0x08e6, 0x00c4, 0x40c9, 0x30e9, 0x38ea, 0x2967, 0x73ac, 0x328d,
0x3aad, 0x3aad, 0x3a8d, 0x3a8c, 0x3aad, 0x2a0a, 0x1107, 0x1127, 0x1127, 0x1127,
0x1127, 0x0907, 0x1127, 0x83ac, 0x6b6e, 0x6b6e, 0x634d, 0x632d, 0x738e, 0x738e,
0x7bae, 0x7bae, 0x83ae, 0x83ce, 0x8bee, 0x942f, 0x3a2a, 0x0907, 0x1147, 0x1147,
0x1127, 0x1147, 0x1988, 0x1128, 0xacee, 0xff72, 0xbd4e, 0x0084, 0x08c5, 0x00c5,
0x7930, 0x3109, 0x00c5, 0x08a6, 0x10c5, 0x08a5, 0x08a5, 0x08c5, 0x0084, 0x2987,
0xac6e, 0xb4af, 0x4a28, 0x4228, 0x8bac, 0x0064, 0x09e9, 0x0a8b, 0x0a2a, 0x0a2a,
0x09e9, 0x09e9, 0x09e9, 0x00c5, 0x08a4, 0x08a5, 0x08a5, 0x08a5, 0x00a5, 0x08a5,
0x08a5, 0x08a5, 0x08a5, 0x00a5, 0x10e5, 0x4a49, 0x1926, 0x10e5, 0x31a7, 0x3187,
0x2967, 0x41e7, 0x2966, 0x0064, 0x08a4, 0x00a4, 0x08a5, 0x08a5, 0x10c6, 0x08c5,
0x08a5, 0x08a5, 0x08a5, 0x08a4, 0x08a5, 0x08a5, 0x00a5, 0x10a5, 0x50ab, 0x00a4,
0x08a5, 0x08a5, 0x08a5, 0x0064, 0x1927, 0x7bd1, 0xaa73, 0x7393, 0x428d, 0x18e5,
0x43ae, 0xa935, 0x9852, 0x00a1, 0x0885, 0x08c5, 0x08a5, 0x08a4, 0x08a5, 0x08c5,
0x08a5, 0x08c5, 0x08c5, 0x08a5, 0x08a5, 0x08a5, 0x0884, 0x1147, 0x328e, 0x1148,
0x1168, 0x12cd, 0x120a, 0x1127, 0x1127, 0x1127, 0x1147, 0x1127, 0x1147, 0x1a0b,
0x1127, 0x224c, 0x2aae, 0x32ce, 0x22cf, 0x63af, 0x4a28, 0x00c6, 0x0906, 0x08e6,
0x08e6, 0x08e6, 0x08e6, 0x08e6, 0x08e6, 0x08e6, 0x08e6, 0x08e6, 0x08e6, 0x08c6,
0x19eb, 0x1a6d, 0x1a4d, 0x1a4d, 0x1a4d, 0x1a4d, 0x1a4d, 0x1a6d, 0x1a4d, 0x1a4d,

0x08e6, 0x08e6, 0x08e6, 0x08e6, 0x08e6, 0x08e6, 0x08e6, 0x08e6, 0x08e6, 0x08e6,
0x08e6, 0x08e6, 0x08e6, 0x08e6, 0x08e6, 0x08e6, 0x08e6, 0x08e6, 0x08e6, 0x08e6,
0x08e6, 0x08e6, 0x08e6, 0x08e6, 0x08e6, 0x08e6, 0x08e6, 0x08e6, 0x08e6, 0x08e6,
0x08e6, 0x08e6, 0x08e6, 0x08e6, 0x08e6, 0x08e6, 0x08e6, 0x08e6, 0x08e6, 0x08e6,
0x08e6, 0x08e6, 0x08e6, 0x08e6, 0x08e6, 0x08e6, 0x0906, 0x0906, 0x08e6, 0x0906,
0x0906, 0x0906, 0x0906, 0x0906, 0x0906, 0x0906, 0x0906, 0x0907, 0x0907, 0x0907,
0x0907, 0x0907, 0x0907, 0x0907, 0x0927, 0x0927, 0x0927, 0x0927, 0x0927, 0x0927,
0x0927, 0x0927, 0x0927, 0x0927, 0x0927, 0x1127, 0x0947, 0x0947, 0x1147, 0x1148,
0x1148, 0x1148, 0x1148, 0x1148, 0x1148, 0x1168, 0x1168, 0x1168, 0x1168, 0x1168,
0x1168, 0x1169, 0x1169, 0x1189, 0x1189, 0x1189, 0x1189, 0x1189, 0x1189, 0x1189,
0x1189, 0x11a9, 0x11a9, 0x11a9, 0x11aa, 0x11aa, 0x11aa, 0x11aa, 0x11aa, 0x11ca,
0x11ca, 0x11ca, 0x11ca, 0x19ca, 0x11ca, 0x19ca, 0x19ca, 0x19ea, 0x19ca, 0x19ea,
0x19eb, 0x19eb, 0x19eb, 0x19eb, 0x19eb, 0x19eb, 0x19eb, 0x19eb, 0x19eb, 0x19eb,
0x1a0b, 0x1a0b, 0x1a0b, 0x1a0b, 0x220b, 0x220b, 0x220b, 0x220b, 0x220b, 0x222c,
0x1148, 0x08e6, 0x0906, 0x1127, 0x0906, 0x0906, 0x0907, 0x2146, 0x6b8c, 0x2a6d,
0x3aad, 0x3a8d, 0x3a8c, 0x3a8c, 0x3aad, 0x29ea, 0x1106, 0x1127, 0x1127, 0x1127,
0x1127, 0x1127, 0x1127, 0x83ac, 0x636e, 0x6b6e, 0x634e, 0x632d, 0x738e, 0x738e,
0x738e, 0x7bae, 0x83ae, 0x83ce, 0x83ee, 0x940e, 0x3a2a, 0x0907, 0x1947, 0x1948,
0x1127, 0x1148, 0x1967, 0x0927, 0xad0e, 0xff73, 0xbd4e, 0x0084, 0x08c5, 0x08c5,
0x710f, 0x08e5, 0x08c6, 0x08c5, 0x08c6, 0x08c5, 0x08a5, 0x10e5, 0x0084, 0x3187,
0xac4e, 0xb48e, 0x4a28, 0x4228, 0x8bad, 0x0064, 0x1127, 0x0906, 0x08a4, 0x08a4,
0x0884, 0x08a4, 0x08c5, 0x08a4, 0x00a4, 0x08a5, 0x00a5, 0x08a5, 0x08a5, 0x00a5,
0x08a5, 0x08a5, 0x08a5, 0x08a5, 0x00a5, 0x0044, 0x0085, 0x0084, 0x0023, 0x0023,
0x0023, 0x39c7, 0x3186, 0x0064, 0x08a4, 0x0884, 0x08a4, 0x08a5, 0x10c5, 0x00a5,
0x08a5, 0x08a5, 0x08a4, 0x08a5, 0x00a5, 0x08a5, 0x00a4, 0x08a5, 0x50ab, 0x0084,
0x08a5, 0x08a5, 0x08a5, 0x0084, 0x1927, 0x7bd1, 0xaa73, 0x6b93, 0x3a8c, 0x10c5,
0x3bae, 0xa113, 0x9031, 0x0083, 0x0885, 0x08a5, 0x08a5, 0x08a5, 0x08a5, 0x08a5,
0x08a5, 0x08a5, 0x08c5, 0x08a5, 0x08a4, 0x08a5, 0x0084, 0x1147, 0x328e, 0x1188,
0x1168, 0x1188, 0x1168, 0x1168, 0x1147, 0x1127, 0x1127, 0x1127, 0x1106, 0x1168,
0x0927, 0x0907, 0x1148, 0x1169, 0x19cb, 0x21ca, 0x1947, 0x08e6, 0x08e6, 0x08e6,
0x08e6, 0x08e6, 0x08e6, 0x08e6, 0x08e6, 0x08e6, 0x08e6, 0x08e6, 0x08e6, 0x08c6,
0x19cb, 0x226d, 0x1a4d, 0x1a4d, 0x1a4d, 0x1a4d, 0x1a4d, 0x1a6d, 0x1a4d, 0x1a4d,

0x08e6, 0x08e6, 0x08e6, 0x08e6, 0x08e6, 0x08e6, 0x08e6, 0x08e6, 0x08e6, 0x08e6,
0x08e6, 0x08e6, 0x08e6, 0x08e6, 0x08e6, 0x08e6, 0x08e6, 0x08e6, 0x08e6, 0x08e6,
0x08e6, 0x08e6, 0x08e6, 0x08e6, 0x08e6, 0x08e6, 0x08e6, 0x08e6, 0x08e6, 0x08e6,
0x08e6, 0x08e6, 0x08e6, 0x08e6, 0x08e6, 0x08e6, 0x08e6, 0x08e6, 0x08e6, 0x08e6,
0x08e6, 0x08e6, 0x08e6, 0x08e6, 0x08e6, 0x08e6, 0x08e6, 0x0906, 0x0906, 0x0906,
0x0906, 0x0906, 0x0906, 0x0906, 0x0906, 0x0906, 0x0907, 0x0907, 0x0906, 0x0907,
0x0907, 0x0907, 0x0907, 0x0907, 0x0927, 0x0927, 0x0927, 0x0927, 0x0927, 0x0927,
0x0927, 0x1127, 0x0927, 0x0927, 0x0947, 0x0947, 0x1147, 0x1148, 0x1148, 0x1148,
0x1148, 0x1148, 0x1148, 0x1168, 0x1168, 0x1168, 0x1168, 0x1168, 0x1168, 0x1168,
0x1168, 0x1169, 0x1189, 0x1189, 0x1189, 0x1189, 0x1189, 0x1189, 0x1189, 0x1189,
0x11a9, 0x11a9, 0x11aa, 0x11aa, 0x11aa, 0x11aa, 0x11aa, 0x19aa, 0x11ca, 0x11ca,
0x11ca, 0x11ca, 0x19ca, 0x19ca, 0x19ca, 0x19ca, 0x19ca, 0x19eb, 0x19ca, 0x19ca,
0x19eb, 0x19eb, 0x19eb, 0x19eb, 0x19eb, 0x1a0b, 0x19eb, 0x19eb, 0x19eb, 0x1a0b,
0x1a0b, 0x1a0b, 0x1a0b, 0x1a0b, 0x220b, 0x220b, 0x220c, 0x220b, 0x222c, 0x19ca,
0x08e5, 0x08e6, 0x08e6, 0x1a8c, 0x120a, 0x1147, 0x19aa, 0x2125, 0x6b8c, 0x2a4d,
0x3aad, 0x32ad, 0x328c, 0x3a8d, 0x3aad, 0x21ea, 0x08e6, 0x1127, 0x1107, 0x1127,
0x1127, 0x0907, 0x0907, 0x7bac, 0x636e, 0x6b6e, 0x634d, 0x5b0d, 0x738e, 0x738e,
0x738e, 0x7bae, 0x7bae, 0x83ce, 0x83ce, 0x8c0f, 0x3a2a, 0x0907, 0x1148, 0x1968,
0x1147, 0x1147, 0x1167, 0x0907, 0xacee, 0xff73, 0xbd6e, 0x00a5, 0x08e5, 0x08c5,
0x690e, 0x10c5, 0x08c5, 0x08c5, 0x08c5, 0x08c5, 0x08a5, 0x08c5, 0x0064, 0x39e7,
0xe630, 0xbccf, 0x4208, 0x4a49, 0x8bad, 0x0064, 0x09a8, 0x0a2a, 0x11e8, 0x09c8,
0x0987, 0x0967, 0x08c5, 0x00a4, 0x08c5, 0x00a5, 0x00a5, 0x08a5, 0x08a5, 0x08a4,
0x08a4, 0x08a4, 0x08a5, 0x08a5, 0x08c5, 0x62eb, 0x2167, 0x1947, 0x6b2c, 0x6b2c,
0x39e8, 0x39c7, 0x31a7, 0x0084, 0x08a5, 0x00a4, 0x08a4, 0x00c5, 0x10e6, 0x08c5,
0x08c5, 0x08a5, 0x08a5, 0x08a5, 0x08a5, 0x08a5, 0x0084, 0x0885, 0x50ab, 0x0084,
0x0884, 0x08a4, 0x08a5, 0x0085, 0x1927, 0x7bd1, 0xaa73, 0x7393, 0x3a6c, 0x10c5,
0x3b8e, 0x9913, 0x9832, 0x00a2, 0x0885, 0x00a4, 0x00a5, 0x08a5, 0x08c5, 0x08c5,
0x08c5, 0x08c5, 0x08c5, 0x00a5, 0x08a4, 0x08a5, 0x0084, 0x1148, 0x32ae, 0x1189,
0x1189, 0x1b8f, 0x1b8f, 0x1b4e, 0x12ac, 0x11c9, 0x1148, 0x1127, 0x1147, 0x19ca,
0x19eb, 0x1a0b, 0x19eb, 0x19ca, 0x0928, 0x21a9, 0x1947, 0x08e6, 0x08e6, 0x08e6,
0x08e6, 0x08e6, 0x08e6, 0x08e6, 0x08e6, 0x08e6, 0x08e6, 0x08e6, 0x08e6, 0x08c5,
0x19eb, 0x226d, 0x1a4d, 0x1a4d, 0x1a4d, 0x226d, 0x226d, 0x224d, 0x1a4d, 0x1a4d,

0x08e6, 0x08e6, 0x08e6, 0x08e6, 0x08e6, 0x08e6, 0x08e6, 0x08e6, 0x08e6, 0x08e6,
0x08e6, 0x08e6, 0x08e6, 0x08e6, 0x08e6, 0x08e6, 0x08e6, 0x08e6, 0x08e6, 0x08e6,
0x08e6, 0x08e6, 0x08e6, 0x08e6, 0x08e6, 0x08e6, 0x08e6, 0x08e6, 0x08e6, 0x08e6,
0x08e6, 0x08e6, 0x08e6, 0x08e6, 0x08e6, 0x08e6, 0x08e6, 0x08e6, 0x08e6, 0x08e6,
0x08e6, 0x08e6, 0x08e6, 0x08e6, 0x08e6, 0x08e6, 0x0906, 0x08e6, 0x0906, 0x0906,
0x0906, 0x0906, 0x0906, 0x0906, 0x0906, 0x0906, 0x0907, 0x0907, 0x0907, 0x0907,
0x0907, 0x0907, 0x0907, 0x0927, 0x0927, 0x0927, 0x0927, 0x0927, 0x0927, 0x0927,
0x0927, 0x1127, 0x1127, 0x0947, 0x0947, 0x1147, 0x0947, 0x1148, 0x1148, 0x1148,
0x1148, 0x1148, 0x1148, 0x1148, 0x1168, 0x1168, 0x1168, 0x1168, 0x1168, 0x1168,
0x1168, 0x1169, 0x1189, 0x1189, 0x1189, 0x1189, 0x1189, 0x1189, 0x1189, 0x11a9,
0x11a9, 0x11a9, 0x11aa, 0x11aa, 0x11aa, 0x11aa, 0x11aa, 0x11ca, 0x11ca, 0x11ca,
0x11ca, 0x19ca, 0x19ca, 0x19ca, 0x11ca, 0x19ca, 0x19ca, 0x19eb, 0x19ca, 0x19ea,
0x19eb, 0x19eb, 0x19eb, 0x19eb, 0x1a0b, 0x1a0b, 0x19eb, 0x19eb, 0x19eb, 0x19eb,
0x1a0b, 0x1a0b, 0x1a0b, 0x1a0b, 0x220b, 0x220c, 0x220c, 0x222c, 0x1a0b, 0x0906,
0x08a5, 0x11e9, 0x1b2e, 0x126c, 0x12ac, 0x11ea, 0x0107, 0x2125, 0x6b6b, 0x2a4c,
0x3ace, 0x3aad, 0x328c, 0x3a8d, 0x3aad, 0x29ea, 0x10e6, 0x08e6, 0x08e6, 0x10e6,
0x18e7, 0x31ab, 0x39eb, 0x736b, 0x6b6e, 0x634e, 0x634d, 0x5b0c, 0x738e, 0x6b8e,
0x738e, 0x73ae, 0x7bae, 0x7bae, 0x7bae, 0x8bee, 0x422a, 0x1128, 0x1948, 0x1948,
0x1148, 0x1948, 0x1968, 0x0907, 0xacce, 0xff53, 0xbd4e, 0x00a5, 0x08e5, 0x08c5,
0x68ee, 0x08c5, 0x08c5, 0x08c5, 0x08c5, 0x08a5, 0x08a5, 0x08c5, 0x0064, 0x39e7,
0xff11, 0xfef1, 0x52a9, 0x4229, 0x8bac, 0x0064, 0x0926, 0x0946, 0x0926, 0x0947,
0x0988, 0x0947, 0x0084, 0x0084, 0x08a5, 0x00a5, 0x00a5, 0x08a4, 0x00a5, 0x08a5,
0x08a4, 0x08a4, 0x08a5, 0x08a5, 0x0064, 0x83cd, 0x3a09, 0x29a9, 0xacd1, 0xacd1,
0x52ab, 0x31a6, 0x31a6, 0x0085, 0x08c5, 0x00c5, 0x0064, 0x0043, 0x0864, 0x0043,
0x0043, 0x0064, 0x08a5, 0x08c5, 0x08a4, 0x08a4, 0x0084, 0x10a5, 0x50ab, 0x00a4,
0x08a5, 0x08a4, 0x08a5, 0x0085, 0x1927, 0x7bd1, 0xb294, 0x6b93, 0x326c, 0x10e5,
0x3b8e, 0x98f3, 0x9832, 0x00a2, 0x08a5, 0x08a5, 0x08a5, 0x00a5, 0x08a5, 0x08a5,
0x08a4, 0x08c5, 0x10e6, 0x08a5, 0x08c5, 0x08a4, 0x0084, 0x1968, 0x32ce, 0x1189,
0x1168, 0x122b, 0x120a, 0x11ea, 0x1168, 0x1189, 0x1127, 0x1127, 0x1168, 0x2aae,
0x2acf, 0x2acf, 0x2aef, 0x32ef, 0x1a4d, 0x52ec, 0x4a28, 0x00c6, 0x0906, 0x08e6,
0x08e6, 0x1107, 0x08e6, 0x08e6, 0x08e6, 0x08e6, 0x08e6, 0x08e6, 0x08e6, 0x08c5,
0x19eb, 0x226d, 0x1a6d, 0x1a6d, 0x1a6d, 0x228d, 0x226d, 0x1a4d, 0x1a4d, 0x1a6d,

0x08e6, 0x08e6, 0x08e6, 0x08e6, 0x08e6, 0x08e6, 0x08e6, 0x08e6, 0x08e6, 0x08e6,
0x08e6, 0x08e6, 0x08e6, 0x08e6, 0x08e6, 0x08e6, 0x08e6, 0x08e6, 0x08e6, 0x08e6,
0x08e6, 0x08e6, 0x08e6, 0x08e6, 0x08e6, 0x08e6, 0x08e6, 0x08e6, 0x08e6, 0x08e6,
0x08e6, 0x08e6, 0x08e6, 0x08e6, 0x08e6, 0x08e6, 0x08e6, 0x08e6, 0x08e6, 0x08e6,
0x08e6, 0x08e6, 0x08e6, 0x08e6, 0x08e6, 0x08e6, 0x0906, 0x0906, 0x0906, 0x0906,
0x0906, 0x0906, 0x0906, 0x0906, 0x0906, 0x0906, 0x0907, 0x0907, 0x0907, 0x0907,
0x0907, 0x0907, 0x0927, 0x0927, 0x0927, 0x0927, 0x0927, 0x0927, 0x0927, 0x0927,
0x0927, 0x0927, 0x1127, 0x0947, 0x0947, 0x0947, 0x0948, 0x1148, 0x1148, 0x1148,
0x1168, 0x1168, 0x1168, 0x1168, 0x1168, 0x1168, 0x1168, 0x1168, 0x1168, 0x1168,
0x1169, 0x1189, 0x1189, 0x1189, 0x1189, 0x1189, 0x1189, 0x11a9, 0x11a9, 0x11a9,
0x11a9, 0x11a9, 0x11aa, 0x11aa, 0x11aa, 0x11ca, 0x11ca, 0x11ca, 0x11ca, 0x11ca,
0x11ca, 0x11ca, 0x11ca, 0x19ca, 0x19ca, 0x19ca, 0x19ca, 0x19eb, 0x19ea, 0x19eb,
0x19eb, 0x19eb, 0x19eb, 0x1a0b, 0x1a0b, 0x19eb, 0x19eb, 0x19eb, 0x19eb, 0x1a0b,
0x1a0b, 0x1a0b, 0x1a0b, 0x1a0b, 0x220b, 0x1a0b, 0x1a0c, 0x222c, 0x1168, 0x08c5,
0x08e6, 0x0927, 0x1168, 0x0968, 0x0968, 0x1a4b, 0x120b, 0x2125, 0x6b6c, 0x224c,
0x32ce, 0x32ad, 0x328d, 0x3a8d, 0x3aad, 0x2a0a, 0x08e6, 0x1968, 0x21a8, 0x2188,
0x2127, 0x2169, 0x19aa, 0x6b8b, 0x6b6e, 0x634e, 0x5b2d, 0x5aec, 0x6b8e, 0x6b8e,
0x738e, 0x73ae, 0x7bae, 0x7bae, 0x7bae, 0x83ce, 0x39e9, 0x1907, 0x2148, 0x2107,
0x2128, 0x2127, 0x1947, 0x0906, 0xa4ae, 0xff52, 0xbd4e, 0x00c6, 0x0906, 0x08c5,
0x68ee, 0x08c5, 0x08c5, 0x08c5, 0x08c5, 0x08c5, 0x08c5, 0x08c5, 0x0065, 0x39e7,
0xfed1, 0xff52, 0x632a, 0x4229, 0x8bcc, 0x0044, 0x11c9, 0x1aab, 0x1a8b, 0x124a,
0x08a4, 0x08e6, 0x11c9, 0x0926, 0x00a4, 0x00a5, 0x08a5, 0x00a4, 0x08a5, 0x08a5,
0x08a5, 0x08a4, 0x08c5, 0x08a5, 0x0064, 0x734c, 0x39e8, 0x29a8, 0xa490, 0xa490,
0x4a8a, 0x3186, 0x2966, 0x00a5, 0x0064, 0x0064, 0x09a9, 0x0acd, 0x0b2e, 0x0aed,
0x0a8c, 0x09c9, 0x08a5, 0x0823, 0x08c4, 0x0884, 0x0084, 0x1085, 0x50ab, 0x00a4,
0x08a5, 0x08a5, 0x08a5, 0x0085, 0x1907, 0x4ace, 0x99f2, 0x6393, 0x324c, 0x10e5,
0x336e, 0x98f2, 0x9852, 0x00a3, 0x08a5, 0x00a4, 0x08a5, 0x08a5, 0x08a5, 0x08a5,
0x08a4, 0x08c5, 0x08e6, 0x0084, 0x08c5, 0x08a4, 0x0084, 0x1968, 0x32ce, 0x1989,
0x1168, 0x12ed, 0x130d, 0x12ec, 0x11a8, 0x1107, 0x1127, 0x1127, 0x1168, 0x2a8e,
0x2aae, 0x2aae, 0x2aae, 0x2aae, 0x228e, 0x5b6e, 0x4227, 0x00a6, 0x08e6, 0x08e6,
0x08e6, 0x1106, 0x08e6, 0x08e6, 0x08e6, 0x08e6, 0x08e6, 0x08e6, 0x08e6, 0x08c5,
0x11eb, 0x228e, 0x1a6d, 0x1a6d, 0x226d, 0x1a6d, 0x226d, 0x226d, 0x1a4d, 0x226d,

0x08e6, 0x08e6, 0x08e6, 0x08e6, 0x08e6, 0x08e6, 0x08e6, 0x08e6, 0x08e6, 0x08e6,
0x08e6, 0x08e6, 0x08e6, 0x08e6, 0x08e6, 0x08e6, 0x08e6, 0x08e6, 0x08e6, 0x08e6,
0x08e6, 0x08e6, 0x08e6, 0x08e6, 0x08e6, 0x08e6, 0x08e6, 0x08e6, 0x08e6, 0x08e6,
0x08e6, 0x08e6, 0x08e6, 0x08e6, 0x08e6, 0x08e6, 0x08e6, 0x08e6, 0x08e6, 0x08e6,
0x08e6, 0x08e6, 0x08e6, 0x08e6, 0x08e6, 0x0906, 0x0906, 0x0906, 0x0906, 0x0906,
0x0906, 0x0906, 0x0906, 0x0906, 0x0907, 0x0906, 0x0907, 0x0907, 0x0907, 0x0907,
0x0907, 0x0907, 0x0927, 0x0927, 0x0927, 0x0927, 0x0927, 0x0927, 0x0927, 0x0927,
0x0927, 0x1127, 0x0947, 0x0947, 0x0948, 0x1148, 0x1148, 0x1148, 0x1148, 0x1148,
0x1148, 0x1148, 0x1168, 0x1168, 0x1168, 0x1168, 0x1168, 0x1168, 0x1168, 0x1169,
0x1189, 0x1189, 0x1189, 0x1189, 0x1189, 0x1189, 0x11a9, 0x11a9, 0x11a9, 0x11a9,
0x11a9, 0x11aa, 0x11aa, 0x11aa, 0x11aa, 0x11ca, 0x11ca, 0x11ca, 0x11ca, 0x11ca,
0x11ca, 0x19ca, 0x19ca, 0x19cb, 0x19cb, 0x19ea, 0x19ea, 0x19eb, 0x19eb, 0x19eb,
0x19eb, 0x19eb, 0x19eb, 0x1a0b, 0x1a0c, 0x19eb, 0x19eb, 0x1a0b, 0x1a0b, 0x1a0b,
0x1a0b, 0x1a0b, 0x1a0b, 0x1a0b, 0x1a0b, 0x1a0b, 0x1a2c, 0x11a9, 0x08e6, 0x0906,
0x08c6, 0x0906, 0x08e6, 0x08e6, 0x08c6, 0x19a9, 0x0948, 0x2146, 0x6b6c, 0x2a4d,
0x32ce, 0x328d, 0x328d, 0x328d, 0x3aad, 0x2a0b, 0x08e6, 0x2a0a, 0x3a8c, 0x3a6b,
0x39a9, 0x2928, 0x0948, 0x73ac, 0x636e, 0x6b6e, 0x52ec, 0x428b, 0x73ae, 0x6b8e,
0x6b8e, 0x738e, 0x738e, 0x7bae, 0x7bae, 0x7bae, 0x21c9, 0x0906, 0x11a9, 0x126b,
0x11c9, 0x1a0a, 0x19c9, 0x0926, 0x734d, 0xde11, 0xc56e, 0x08c5, 0x10e5, 0x08c5,
0x68ee, 0x08e5, 0x08c5, 0x08a5, 0x08a5, 0x08c5, 0x08c5, 0x08c5, 0x0084, 0x39e8,
0xfed1, 0xff52, 0x5aea, 0x52ca, 0xa4ad, 0x0024, 0x0927, 0x0988, 0x1188, 0x0947,
0x08c5, 0x08e6, 0x0947, 0x08e5, 0x00a5, 0x08a5, 0x08a5, 0x00a4, 0x08c5, 0x08c5,
0x00a4, 0x08a5, 0x08c5, 0x08c5, 0x0044, 0x736c, 0x39c8, 0x2988, 0xa490, 0xa4b1,
0x528a, 0x3186, 0x2986, 0x0002, 0x0a2a, 0x1659, 0x17bf, 0x175d, 0x173d, 0x173c,
0x0f3d, 0x175d, 0x0efc, 0x0bb0, 0x0023, 0x0084, 0x0084, 0x0885, 0x50ac, 0x00a4,
0x08c5, 0x08a5, 0x08a5, 0x00a5, 0x1107, 0x324c, 0x91b2, 0x6393, 0x324c, 0x10e5,
0x336e, 0x90f2, 0x9852, 0x00c3, 0x08a5, 0x08a5, 0x08a5, 0x0885, 0x08a5, 0x08c5,
0x00a4, 0x08a5, 0x08e5, 0x0084, 0x08c5, 0x08a4, 0x0084, 0x1988, 0x32ef, 0x19a9,
0x1148, 0x1107, 0x1106, 0x08e6, 0x1107, 0x1127, 0x1127, 0x1127, 0x1168, 0x2a8e,
0x2aae, 0x2ace, 0x2aae, 0x2aae, 0x1a6e, 0x534e, 0x4207, 0x00a6, 0x0906, 0x08e6,
0x08e6, 0x08e6, 0x08e6, 0x08e6, 0x08e6, 0x08e6, 0x0906, 0x08e6, 0x08e6, 0x08c5,
0x19eb, 0x228e, 0x226d, 0x226d, 0x226d, 0x226d, 0x226d, 0x226d, 0x226d, 0x226d,

0x08e6, 0x08e6, 0x08e6, 0x08e6, 0x08e6, 0x08e6, 0x08e6, 0x08e6, 0x08e6, 0x08e6,
0x08e6, 0x08e6, 0x08e6, 0x08e6, 0x08e6, 0x08e6, 0x08e6, 0x08e6, 0x08e6, 0x08e6,
0x08e6, 0x08e6, 0x08e6, 0x08e6, 0x08e6, 0x08e6, 0x08e6, 0x08e6, 0x08e6, 0x08e6,
0x08e6, 0x08e6, 0x08e6, 0x08e6, 0x08e6, 0x08e6, 0x08e6, 0x08e6, 0x08e6, 0x08e6,
0x08e6, 0x08e6, 0x08e6, 0x08e6, 0x0906, 0x08e6, 0x0906, 0x0906, 0x0906, 0x0906,
0x0906, 0x0906, 0x0906, 0x0906, 0x0907, 0x0906, 0x0907, 0x0907, 0x0907, 0x0907,
0x0907, 0x0907, 0x0927, 0x0927, 0x0927, 0x0927, 0x0927, 0x0927, 0x0927, 0x0927,
0x0927, 0x0947, 0x1147, 0x0947, 0x1148, 0x1148, 0x0948, 0x1148, 0x1148, 0x1148,
0x1148, 0x1148, 0x1168, 0x1168, 0x1168, 0x1168, 0x1168, 0x1168, 0x1169, 0x1189,
0x1189, 0x1189, 0x1189, 0x1189, 0x1189, 0x1189, 0x11a9, 0x11a9, 0x11a9, 0x11a9,
0x11aa, 0x11aa, 0x11aa, 0x11aa, 0x11ca, 0x11ca, 0x11ca, 0x11ca, 0x11ca, 0x11ca,
0x19ca, 0x19ca, 0x19ea, 0x19ea, 0x19ea, 0x19eb, 0x19eb, 0x19eb, 0x19eb, 0x19eb,
0x19eb, 0x19eb, 0x19eb, 0x1a0b, 0x1a0c, 0x19eb, 0x19eb, 0x1a0b, 0x1a0b, 0x1a0b,
0x1a0b, 0x1a0b, 0x1a0b, 0x1a0b, 0x1a0b, 0x1a2c, 0x19ea, 0x08e5, 0x08c5, 0x0947,
0x120a, 0x08e6, 0x0907, 0x08e6, 0x08e6, 0x08c5, 0x00a6, 0x2167, 0x6b6c, 0x2a4d,
0x32ae, 0x328d, 0x328d, 0x328d, 0x3aad, 0x2a0b, 0x1107, 0x222a, 0x226b, 0x2a4b,
0x1988, 0x0907, 0x0907, 0x738b, 0x6b6e, 0x636e, 0x4aac, 0x21a8, 0x6b8e, 0x6b6e,
0x6b6e, 0x738e, 0x738e, 0x738e, 0x7bae, 0x73ae, 0x21a9, 0x1106, 0x1989, 0x12ad,
0x1a2b, 0x1a4b, 0x1a2b, 0x0927, 0x6b4c, 0xa490, 0x8bed, 0x08a4, 0x08c5, 0x08c5,
0x68ee, 0x08e5, 0x08c5, 0x08a5, 0x08a5, 0x08a5, 0x08c5, 0x08c5, 0x0085, 0x39e8,
0xfef1, 0xff52, 0x5aea, 0x5aca, 0xaccd, 0x0023, 0x08a4, 0x0884, 0x0884, 0x08c5,
0x08e5, 0x0884, 0x0084, 0x00a4, 0x08a5, 0x00a4, 0x00a4, 0x00a5, 0x00a4, 0x08a5,
0x00a5, 0x08a5, 0x08c5, 0x08a5, 0x0064, 0x736c, 0x31c8, 0x2987, 0xa490, 0xa4b1,
0x5acb, 0x08c4, 0x0843, 0x0b6f, 0x17df, 0x1515, 0x0a2a, 0x0906, 0x08e6, 0x08e6,
0x0927, 0x0188, 0x0b4f, 0x075d, 0x0cb4, 0x0002, 0x0083, 0x08a5, 0x58ac, 0x00a4,
0x08c5, 0x08a5, 0x08a5, 0x00a4, 0x1106, 0x324c, 0x91b2, 0x5b73, 0x324c, 0x1105,
0x336e, 0x90d2, 0x9853, 0x00c3, 0x08a5, 0x08a5, 0x08a5, 0x0084, 0x0884, 0x08a5,
0x00a4, 0x08a5, 0x08e6, 0x08a4, 0x08e5, 0x08a5, 0x0084, 0x1988, 0x32ef, 0x19aa,
0x1148, 0x1127, 0x1127, 0x1127, 0x0927, 0x1127, 0x1127, 0x1127, 0x1168, 0x2aae,
0x2acf, 0x2aae, 0x2aae, 0x2aae, 0x1a6e, 0x534d, 0x39e6, 0x00a6, 0x08e6, 0x0906,
0x08e6, 0x0906, 0x0906, 0x08e6, 0x08e6, 0x08e6, 0x08e6, 0x08e6, 0x08e6, 0x08c5,
0x19eb, 0x228e, 0x226d, 0x226d, 0x226e, 0x226d, 0x228e, 0x226d, 0x1a6d, 0x226d,

0x08e6, 0x08e6, 0x08e6, 0x08e6, 0x08e6, 0x08e6, 0x08e6, 0x08e6, 0x08e6, 0x08e6,
0x08e6, 0x08e6, 0x08e6, 0x08e6, 0x08e6, 0x08e6, 0x08e6, 0x08e6, 0x08e6, 0x08e6,
0x08e6, 0x08e6, 0x08e6, 0x08e6, 0x08e6, 0x08e6, 0x08e6, 0x08e6, 0x08e6, 0x08e6,
0x08e6, 0x08e6, 0x08e6, 0x08e6, 0x08e6, 0x08e6, 0x08e6, 0x08e6, 0x08e6, 0x08e6,
0x08e6, 0x08e6, 0x08e6, 0x08e6, 0x08e6, 0x0906, 0x0906, 0x0906, 0x0906, 0x0906,
0x0906, 0x0906, 0x0906, 0x0906, 0x0907, 0x0907, 0x0907, 0x0907, 0x0907, 0x0907,
0x0907, 0x0927, 0x0927, 0x0927, 0x0927, 0x0927, 0x0927, 0x0927, 0x0927, 0x0927,
0x0927, 0x0947, 0x1147, 0x1148, 0x1148, 0x1148, 0x1148, 0x1148, 0x1148, 0x1168,
0x1168, 0x1168, 0x1168, 0x1168, 0x1168, 0x1168, 0x1168, 0x1169, 0x1189, 0x1189,
0x1189, 0x1189, 0x1189, 0x1189, 0x11a9, 0x1189, 0x11a9, 0x11a9, 0x11a9, 0x11aa,
0x11aa, 0x11aa, 0x11ca, 0x11ca, 0x11ca, 0x11ca, 0x19ca, 0x19ca, 0x19ca, 0x19ca,
0x19ca, 0x11ca, 0x19cb, 0x19ea, 0x19eb, 0x19eb, 0x19eb, 0x19eb, 0x19eb, 0x19eb,
0x19eb, 0x19eb, 0x1a0b, 0x1a0b, 0x1a0b, 0x19eb, 0x1a0b, 0x1a0b, 0x1a0b, 0x1a0b,
0x1a0b, 0x1a0b, 0x1a0b, 0x1a0c, 0x222c, 0x1a0b, 0x0907, 0x08a5, 0x0988, 0x124a,
0x1b2d, 0x08c6, 0x0907, 0x08e6, 0x08e6, 0x08e6, 0x00e6, 0x2986, 0x6b6c, 0x2a6d,
0x328d, 0x326c, 0x328d, 0x328d, 0x3ace, 0x2a0b, 0x1127, 0x1147, 0x0927, 0x0906,
0x1107, 0x0907, 0x08e6, 0x738c, 0x5b2d, 0x736d, 0x52ed, 0x21a8, 0x6b8e, 0x636e,
0x6b6e, 0x6b6e, 0x738e, 0x738e, 0x73ae, 0x7bae, 0x29a9, 0x1127, 0x1947, 0x1127,
0x1148, 0x1147, 0x1147, 0x0948, 0x736d, 0xa490, 0x6b2c, 0x0084, 0x08c5, 0x08c5,
0x68ee, 0x08c5, 0x08c5, 0x08a5, 0x08a5, 0x08a5, 0x08a5, 0x08c5, 0x0085, 0x39e8,
0xfef2, 0xff52, 0x5aea, 0x5aea, 0xa4ad, 0x0003, 0x08c4, 0x08a5, 0x08a5, 0x1127,
0x1106, 0x00a4, 0x08c5, 0x08a5, 0x08a5, 0x00a4, 0x08a5, 0x08a4, 0x08a5, 0x00a4,
0x00a5, 0x08a4, 0x08a5, 0x08a5, 0x0064, 0x7b6c, 0x39c7, 0x2967, 0xa470, 0xa4b1,
0x5b0c, 0x0002, 0x136f, 0x17ff, 0x0a8b, 0x0001, 0x0843, 0x0884, 0x08a4, 0x08a4,
0x0884, 0x0884, 0x0002, 0x0947, 0x0f3c, 0x0cd4, 0x0002, 0x08a6, 0x688e, 0x00a4,
0x08c5, 0x08a5, 0x08a5, 0x00a4, 0x10c5, 0x21ca, 0x91b1, 0x5b72, 0x324c, 0x1106,
0x338f, 0x90d2, 0xa053, 0x00c3, 0x08a5, 0x00a4, 0x0084, 0x0084, 0x0884, 0x08a5,
0x0084, 0x00a4, 0x08a5, 0x08a5, 0x10e6, 0x08a5, 0x08a5, 0x08c5, 0x2a4c, 0x19ca,
0x1148, 0x1128, 0x1127, 0x1127, 0x1127, 0x1127, 0x1127, 0x1127, 0x1989, 0x222c,
0x226d, 0x2ace, 0x2aae, 0x2aae, 0x2aae, 0x2a8d, 0x1106, 0x08c6, 0x08e6, 0x0906,
0x08e6, 0x0906, 0x0907, 0x08e6, 0x08e6, 0x08e6, 0x08e6, 0x08e6, 0x08e6, 0x08e6,
0x1a0b, 0x228e, 0x226d, 0x226d, 0x226d, 0x226d, 0x22ae, 0x226d, 0x226d, 0x226d,

0x08e6, 0x08e6, 0x08e6, 0x08e6, 0x08e6, 0x08e6, 0x08e6, 0x08e6, 0x08e6, 0x08e6,
0x08e6, 0x08e6, 0x08e6, 0x08e6, 0x08e6, 0x08e6, 0x08e6, 0x08e6, 0x08e6, 0x08e6,
0x08e6, 0x08e6, 0x08e6, 0x08e6, 0x08e6, 0x08e6, 0x08e6, 0x08e6, 0x08e6, 0x08e6,
0x08e6, 0x08e6, 0x08e6, 0x08e6, 0x08e6, 0x08e6, 0x08e6, 0x08e6, 0x08e6, 0x08e6,
0x08e6, 0x08e6, 0x08e6, 0x08e6, 0x0906, 0x0906, 0x0906, 0x0906, 0x0906, 0x0906,
0x0906, 0x0906, 0x0906, 0x0906, 0x0907, 0x0907, 0x0907, 0x0907, 0x0907, 0x0907,
0x0927, 0x0927, 0x0927, 0x0927, 0x0927, 0x0927, 0x0927, 0x0927, 0x0927, 0x1147,
0x1127, 0x0947, 0x0947, 0x1148, 0x1148, 0x1148, 0x1148, 0x1148, 0x1168, 0x1168,
0x1168, 0x1168, 0x1168, 0x1168, 0x1168, 0x1168, 0x1168, 0x1169, 0x1189, 0x1189,
0x1189, 0x1189, 0x1189, 0x11a9, 0x11a9, 0x11a9, 0x11a9, 0x11aa, 0x11a9, 0x11aa,
0x11aa, 0x11aa, 0x11ca, 0x11ca, 0x11ca, 0x11ca, 0x19ca, 0x19ca, 0x19ca, 0x19cb,
0x19eb, 0x19eb, 0x19eb, 0x19eb, 0x19eb, 0x19eb, 0x19eb, 0x19eb, 0x19eb, 0x19eb,
0x19eb, 0x19eb, 0x1a0b, 0x1a0b, 0x1a0c, 0x19eb, 0x1a0b, 0x1a0b, 0x1a0b, 0x1a0b,
0x1a0b, 0x1a0b, 0x1a2c, 0x1a2c, 0x222c, 0x19ca, 0x08e6, 0x08a4, 0x0a2a, 0x0aac,
0x12ec, 0x08c6, 0x0906, 0x08e6, 0x08e6, 0x08e6, 0x00c6, 0x2966, 0x6b6c, 0x2a6e,
0x328d, 0x2a6c, 0x328d, 0x328d, 0x3acd, 0x2a0b, 0x1127, 0x1147, 0x0927, 0x1127,
0x1147, 0x1148, 0x08e6, 0x738c, 0x42ac, 0x39e8, 0x734c, 0x1989, 0x636e, 0x634e,
0x636e, 0x6b6e, 0x6b8e, 0x738e, 0x73ae, 0x7bcf, 0x29ea, 0x1128, 0x1168, 0x1168,
0x1168, 0x1168, 0x1168, 0x0948, 0x736d, 0xa490, 0x734c, 0x0084, 0x08a4, 0x08a5,
0x68ee, 0x08c5, 0x08c5, 0x08a5, 0x08a5, 0x08a5, 0x08a5, 0x08c5, 0x0085, 0x39e8,
0xfed2, 0xff53, 0x5aea, 0x5aea, 0xa4ad, 0x0023, 0x08c4, 0x00a4, 0x08a4, 0x08a4,
0x0084, 0x08a5, 0x0084, 0x00a5, 0x08a5, 0x08a5, 0x08c5, 0x08a5, 0x08a5, 0x0084,
0x08a4, 0x00a4, 0x08c5, 0x08c5, 0x0064, 0x83ad, 0x39c7, 0x2987, 0xa470, 0xa4d1,
0x5a49, 0x028c, 0x17ff, 0x0acc, 0x0002, 0x08c4, 0x08a4, 0x08a4, 0x08a4, 0x08a5,
0x08a5, 0x08a4, 0x08c5, 0x0022, 0x0967, 0x0f9e, 0x0cd4, 0x1004, 0x38aa, 0x08c5,
0x08c5, 0x08a5, 0x08a5, 0x08a5, 0x0884, 0x00c5, 0x8991, 0x5b52, 0x326c, 0x1926,
0x338f, 0x88d2, 0xa053, 0x00a3, 0x0885, 0x08a5, 0x0084, 0x0084, 0x08a4, 0x08a4,
0x0084, 0x00a4, 0x08a4, 0x08a5, 0x08c5, 0x08a5, 0x08c5, 0x0084, 0x19a9, 0x19aa,
0x1148, 0x1148, 0x1148, 0x0948, 0x0948, 0x0927, 0x0948, 0x1127, 0x1169, 0x21eb,
0x19a9, 0x224c, 0x2ace, 0x2aae, 0x2aae, 0x226d, 0x08e6, 0x08c5, 0x0947, 0x1229,
0x0927, 0x08e6, 0x09ca, 0x0a0a, 0x0906, 0x08c5, 0x09a9, 0x128d, 0x0947, 0x08c5,
0x19eb, 0x228e, 0x226d, 0x226e, 0x226d, 0x226d, 0x22ae, 0x226d, 0x226d, 0x226e,

0x08e6, 0x08e6, 0x08e6, 0x08e6, 0x08e6, 0x08e6, 0x08e6, 0x08e6, 0x08e6, 0x08e6,
0x08e6, 0x08e6, 0x08e6, 0x08e6, 0x08e6, 0x08e6, 0x08e6, 0x08e6, 0x08e6, 0x08e6,
0x08e6, 0x08e6, 0x08e6, 0x08e6, 0x08e6, 0x08e6, 0x08e6, 0x08e6, 0x08e6, 0x08e6,
0x08e6, 0x08e6, 0x08e6, 0x08e6, 0x08e6, 0x08e6, 0x08e6, 0x08e6, 0x08e6, 0x08e6,
0x08e6, 0x08e6, 0x08e6, 0x0906, 0x08e6, 0x0906, 0x0906, 0x0906, 0x0906, 0x0906,
0x0906, 0x0906, 0x0906, 0x0907, 0x0907, 0x0907, 0x0907, 0x0907, 0x0927, 0x0907,
0x0927, 0x0927, 0x0927, 0x0927, 0x0927, 0x0927, 0x0927, 0x0927, 0x0947, 0x0947,
0x1127, 0x0947, 0x0948, 0x1148, 0x1148, 0x1148, 0x1148, 0x1148, 0x1168, 0x1168,
0x1168, 0x1168, 0x1168, 0x1168, 0x1168, 0x1168, 0x1168, 0x1189, 0x1189, 0x1189,
0x1189, 0x1189, 0x1189, 0x1189, 0x11a9, 0x11a9, 0x11a9, 0x11aa, 0x11aa, 0x11aa,
0x11ca, 0x11ca, 0x11ca, 0x11ca, 0x19ca, 0x19ca, 0x11ca, 0x19ca, 0x19ea, 0x19ea,
0x19eb, 0x19eb, 0x19eb, 0x19eb, 0x19eb, 0x19eb, 0x19eb, 0x19eb, 0x19eb, 0x19eb,
0x1a0b, 0x1a0b, 0x1a0b, 0x1a0b, 0x1a0b, 0x19eb, 0x1a0b, 0x1a0b, 0x1a0b, 0x1a0b,
0x1a0b, 0x1a0b, 0x1a2c, 0x1a2c, 0x222c, 0x19ea, 0x0906, 0x08a5, 0x0a09, 0x0a0a,
0x11c9, 0x08e6, 0x0906, 0x08e6, 0x08e6, 0x08e6, 0x00c6, 0x2966, 0x6b6c, 0x2a6d,
0x328d, 0x2a6d, 0x328d, 0x328d, 0x32ad, 0x220b, 0x1127, 0x1147, 0x1127, 0x1127,
0x1127, 0x1127, 0x08e6, 0x736b, 0x42ad, 0x0907, 0x2188, 0x426a, 0x5b4e, 0x5b4e,
0x634e, 0x636e, 0x6b8e, 0x738e, 0x73ae, 0x7bcf, 0x29ea, 0x1148, 0x1148, 0x1148,
0x1148, 0x1148, 0x1168, 0x0948, 0x6b6d, 0xacb0, 0x734c, 0x0064, 0x08a4, 0x08a5,
0x68ee, 0x08c5, 0x08c5, 0x08a5, 0x08a5, 0x08c5, 0x08a5, 0x10e6, 0x0085, 0x39e8,
0xfed2, 0xff53, 0x5b0a, 0x5aea, 0x9c8d, 0x0023, 0x08a4, 0x0084, 0x0084, 0x0084,
0x08c5, 0x0906, 0x414a, 0x10c6, 0x00a4, 0x08a5, 0x08c5, 0x08a5, 0x08a5, 0x08a4,
0x08a4, 0x0084, 0x10e6, 0x08c5, 0x0064, 0x83cd, 0x39e8, 0x2987, 0xa4b1, 0xa40f,
0x436e, 0x07ff, 0x0bb0, 0x0823, 0x08c5, 0x0884, 0x0884, 0x00a4, 0x08a4, 0x08a4,
0x08a4, 0x08a4, 0x08a4, 0x08c5, 0x0023, 0x09e9, 0x07ff, 0x0cb4, 0x0023, 0x08c5,
0x08c5, 0x00a5, 0x00a4, 0x08a4, 0x0884, 0x00e5, 0x8991, 0x5b72, 0x326d, 0x1927,
0x2b6e, 0x88f2, 0xa033, 0x00a2, 0x0884, 0x08c5, 0x08a5, 0x0084, 0x08a4, 0x08a5,
0x0084, 0x08a4, 0x08a5, 0x08a5, 0x08a5, 0x00a5, 0x08a5, 0x0084, 0x19a9, 0x1989,
0x1127, 0x1148, 0x1148, 0x31eb, 0x29aa, 0x298a, 0x298a, 0x1147, 0x1168, 0x19ea,
0x1168, 0x1a0b, 0x2acf, 0x2a8e, 0x2aae, 0x2a6d, 0x08e6, 0x08c6, 0x08c5, 0x0968,
0x0948, 0x08c6, 0x1a8c, 0x1a8c, 0x08c6, 0x1189, 0x126c, 0x122b, 0x0927, 0x08c5,
0x19eb, 0x228e, 0x226d, 0x226e, 0x226d, 0x226d, 0x22ae, 0x226d, 0x226d, 0x226e,

0x08e6, 0x08e6, 0x08e6, 0x08e6, 0x08e6, 0x08e6, 0x08e6, 0x08e6, 0x08e6, 0x08e6,
0x08e6, 0x08e6, 0x08e6, 0x08e6, 0x08e6, 0x08e6, 0x08e6, 0x08e6, 0x08e6, 0x08e6,
0x08e6, 0x08e6, 0x08e6, 0x08e6, 0x08e6, 0x08e6, 0x08e6, 0x08e6, 0x08e6, 0x08e6,
0x08e6, 0x08e6, 0x08e6, 0x08e6, 0x08e6, 0x08e6, 0x08e6, 0x08e6, 0x08e6, 0x08e6,
0x08e6, 0x08e6, 0x08e6, 0x0906, 0x08e6, 0x0906, 0x0906, 0x0906, 0x0906, 0x0906,
0x0906, 0x0906, 0x0906, 0x0907, 0x0907, 0x0907, 0x0907, 0x0907, 0x0907, 0x0927,
0x0927, 0x0927, 0x0927, 0x0927, 0x0927, 0x0927, 0x0927, 0x0927, 0x0947, 0x1127,
0x1148, 0x1148, 0x1148, 0x1148, 0x1148, 0x1148, 0x1148, 0x1148, 0x1168, 0x1168,
0x1168, 0x1168, 0x1168, 0x1168, 0x1168, 0x1169, 0x1168, 0x1189, 0x1189, 0x1189,
0x1189, 0x1189, 0x1189, 0x11a9, 0x11a9, 0x11a9, 0x11a9, 0x11aa, 0x11aa, 0x11aa,
0x11ca, 0x11ca, 0x11ca, 0x19ca, 0x19ca, 0x11ca, 0x19ca, 0x19ea, 0x19ea, 0x19ea,
0x19eb, 0x19eb, 0x19eb, 0x19eb, 0x19eb, 0x19eb, 0x19eb, 0x19eb, 0x19eb, 0x1a0b,
0x1a0b, 0x1a0b, 0x1a0b, 0x1a0b, 0x1a0b, 0x1a0b, 0x1a0b, 0x1a0b, 0x1a0b, 0x1a0c,
0x1a0b, 0x1a0b, 0x1a2c, 0x1a2c, 0x222c, 0x19ea, 0x08e6, 0x08e6, 0x0926, 0x0947,
0x0967, 0x08c5, 0x0906, 0x08e6, 0x08e6, 0x0906, 0x00c6, 0x2966, 0x6b6c, 0x226d,
0x328d, 0x328d, 0x328d, 0x328d, 0x32ad, 0x220a, 0x1107, 0x1127, 0x1127, 0x1127,
0x1127, 0x1127, 0x0907, 0x738c, 0x3a8c, 0x1127, 0x0907, 0x4a69, 0x7bcd, 0x532e,
0x636e, 0x636e, 0x636e, 0x6b8e, 0x738e, 0x73cf, 0x29ea, 0x1148, 0x1168, 0x1148,
0x1148, 0x1148, 0x1168, 0x0927, 0x6b6d, 0xa490, 0x2987, 0x0084, 0x08c5, 0x08a4,
0x68ce, 0x08c5, 0x08c5, 0x08a5, 0x08a5, 0x08a5, 0x08a5, 0x08c5, 0x0085, 0x39e8,
0xfed2, 0xff53, 0x5aea, 0x5aea, 0x9c8d, 0x0023, 0x08a5, 0x08a4, 0x0884, 0x08a4,
0x0906, 0x1126, 0x2948, 0x08c6, 0x00a5, 0x08a5, 0x08e5, 0x08a5, 0x08a4, 0x00a4,
0x00a4, 0x00a4, 0x08a4, 0x08c5, 0x0064, 0x8bce, 0x3a08, 0x29c8, 0xb490, 0x7c91,
0x0fff, 0x0c31, 0x0823, 0x08c5, 0x0884, 0x08a5, 0x08c5, 0x0884, 0x08a4, 0x00a4,
0x08a4, 0x0884, 0x0084, 0x0084, 0x08c5, 0x0043, 0x0a0b, 0x07ff, 0x0c93, 0x0823,
0x08e5, 0x00a4, 0x00a4, 0x0884, 0x0884, 0x00e5, 0x8992, 0x5372, 0x32ae, 0x1947,
0x2baf, 0x88d3, 0xa053, 0x00c3, 0x0885, 0x0084, 0x0084, 0x0084, 0x08a4, 0x0884,
0x08c5, 0x08a5, 0x08a5, 0x08a5, 0x08c5, 0x18c6, 0x08a5, 0x0084, 0x1147, 0x1168,
0x1127, 0x1148, 0x1168, 0x31ca, 0x2989, 0x2969, 0x318a, 0x1147, 0x1168, 0x19ca,
0x1168, 0x1a0b, 0x2acf, 0x2aae, 0x2aae, 0x226d, 0x08e6, 0x08c6, 0x08c6, 0x0906,
0x0906, 0x08c6, 0x11a9, 0x19ea, 0x08e6, 0x1168, 0x11ca, 0x11c9, 0x0927, 0x08e6,
0x19eb, 0x22af, 0x228e, 0x226d, 0x226d, 0x226d, 0x22ae, 0x226d, 0x226e, 0x228e,

0x08e6, 0x08e6, 0x08e6, 0x08e6, 0x08e6, 0x08e6, 0x08e6, 0x08e6, 0x08e6, 0x08e6,
0x08e6, 0x08e6, 0x08e6, 0x08e6, 0x08e6, 0x08e6, 0x08e6, 0x08e6, 0x08e6, 0x08e6,
0x08e6, 0x08e6, 0x08e6, 0x08e6, 0x08e6, 0x08e6, 0x08e6, 0x08e6, 0x08e6, 0x08e6,
0x08e6, 0x08e6, 0x08e6, 0x08e6, 0x08e6, 0x08e6, 0x08e6, 0x08e6, 0x08e6, 0x08e6,
0x08e6, 0x0906, 0x08e6, 0x08e6, 0x0906, 0x0906, 0x0906, 0x0906, 0x0906, 0x0906,
0x0906, 0x0906, 0x0907, 0x0907, 0x0907, 0x0907, 0x0907, 0x0907, 0x0907, 0x0927,
0x0927, 0x0927, 0x0927, 0x0927, 0x0927, 0x0927, 0x0927, 0x0927, 0x0947, 0x1147,
0x1148, 0x1148, 0x1148, 0x1148, 0x1148, 0x1148, 0x1148, 0x1148, 0x1168, 0x1168,
0x1168, 0x1168, 0x1168, 0x1168, 0x1168, 0x1189, 0x1189, 0x1189, 0x1189, 0x1189,
0x1189, 0x11a9, 0x1189, 0x11a9, 0x11a9, 0x11a9, 0x11aa, 0x11aa, 0x11ca, 0x11aa,
0x11aa, 0x11ca, 0x11ca, 0x19ca, 0x19ca, 0x19ea, 0x19ca, 0x19cb, 0x19eb, 0x19eb,
0x19eb, 0x19eb, 0x19eb, 0x19eb, 0x1a0b, 0x1a0b, 0x1a0b, 0x1a0b, 0x1a0b, 0x1a0b,
0x1a0b, 0x1a0b, 0x1a0b, 0x1a0b, 0x1a0b, 0x1a0b, 0x1a0b, 0x1a0c, 0x1a0c, 0x1a0c,
0x1a0c, 0x1a2c, 0x1a2c, 0x1a2c, 0x1a2c, 0x19ea, 0x0906, 0x08c6, 0x1187, 0x0987,
0x1167, 0x08c5, 0x0906, 0x08e6, 0x0906, 0x1106, 0x00c6, 0x2966, 0x6b6c, 0x224d,
0x328d, 0x328d, 0x328d, 0x328d, 0x32ce, 0x220b, 0x0907, 0x1127, 0x1127, 0x1127,
0x1127, 0x1127, 0x1128, 0x738d, 0x3a8c, 0x1107, 0x1148, 0x08e7, 0x6b0a, 0x6b8e,
0x5b4e, 0x636e, 0x636e, 0x6b6e, 0x6b8e, 0x7bcf, 0x29ea, 0x0948, 0x1168, 0x1168,
0x1148, 0x1147, 0x1147, 0x0927, 0x52cc, 0x39c8, 0x0044, 0x08a5, 0x08a5, 0x08a4,
0x68ce, 0x08e5, 0x08a5, 0x08a5, 0x08a5, 0x08a5, 0x08a5, 0x08c5, 0x0085, 0x39e8,
0xfed2, 0xff52, 0x5ae9, 0x5aea, 0x9c8d, 0x0022, 0x20a7, 0x58ad, 0x308a, 0x08c5,
0x19c9, 0x19e9, 0x1a09, 0x1126, 0x08a5, 0x08a5, 0x08e5, 0x00a5, 0x00a4, 0x08a5,
0x00a4, 0x00a4, 0x00a4, 0x08a5, 0x0064, 0x8bce, 0x3a09, 0x39c8, 0xad13, 0x17df,
0x04d4, 0x0802, 0x08c5, 0x08a5, 0x0884, 0x08a5, 0x08c5, 0x08a4, 0x08c4, 0x08a4,
0x08a4, 0x08a4, 0x08e5, 0x08c5, 0x08a5, 0x1146, 0x0864, 0x0a4b, 0x07ff, 0x0c12,
0x0802, 0x08c5, 0x08a4, 0x08a4, 0x08a5, 0x00e5, 0x9193, 0x5351, 0x2a4c, 0x1927,
0x1b2d, 0x88b2, 0xa054, 0x00a2, 0x0884, 0x0084, 0x0084, 0x0084, 0x00a4, 0x00a4,
0x00c4, 0x00c4, 0x00a4, 0x00c4, 0x00a4, 0x10c6, 0x08a4, 0x0884, 0x08e5, 0x1127,
0x1147, 0x1148, 0x1168, 0x1188, 0x1188, 0x1168, 0x1168, 0x1148, 0x1989, 0x19ca,
0x1168, 0x220b, 0x2acf, 0x2aae, 0x2aae, 0x226d, 0x0906, 0x08e6, 0x0906, 0x08e6,
0x08e6, 0x08e6, 0x08a5, 0x08c6, 0x08e7, 0x08c6, 0x08c6, 0x08c6, 0x08e6, 0x08e6,
0x19eb, 0x22ae, 0x226d, 0x226d, 0x226d, 0x228e, 0x228e, 0x228e, 0x226d, 0x228e,

0x08e6, 0x08e6, 0x08e6, 0x08e6, 0x08e6, 0x08e6, 0x08e6, 0x08e6, 0x08e6, 0x08e6,
0x08e6, 0x08e6, 0x08e6, 0x08e6, 0x08e6, 0x08e6, 0x08e6, 0x08e6, 0x08e6, 0x08e6,
0x08e6, 0x08e6, 0x08e6, 0x08e6, 0x08e6, 0x08e6, 0x08e6, 0x08e6, 0x08e6, 0x08e6,
0x08e6, 0x08e6, 0x08e6, 0x08e6, 0x08e6, 0x08e6, 0x08e6, 0x08e6, 0x08e6, 0x08e6,
0x08e6, 0x08e6, 0x08e6, 0x08e6, 0x0906, 0x0906, 0x0906, 0x0906, 0x0906, 0x0906,
0x0906, 0x0906, 0x0907, 0x0907, 0x0907, 0x0907, 0x0907, 0x0927, 0x0907, 0x0927,
0x0927, 0x0927, 0x0927, 0x0927, 0x0927, 0x0927, 0x0927, 0x1127, 0x0947, 0x0947,
0x1148, 0x1148, 0x1148, 0x1148, 0x1148, 0x1148, 0x1148, 0x1168, 0x1168, 0x1168,
0x1168, 0x1168, 0x1168, 0x1169, 0x1168, 0x1189, 0x1189, 0x1189, 0x1189, 0x1189,
0x1189, 0x1189, 0x1189, 0x11a9, 0x11a9, 0x11aa, 0x11aa, 0x11aa, 0x11ca, 0x11ca,
0x11ca, 0x19ca, 0x11ca, 0x19ca, 0x19ca, 0x19ea, 0x19eb, 0x19eb, 0x19eb, 0x19eb,
0x19eb, 0x19eb, 0x19eb, 0x19eb, 0x19eb, 0x19eb, 0x1a0b, 0x1a0b, 0x1a0b, 0x1a0b,
0x1a0b, 0x1a0b, 0x1a0b, 0x1a0c, 0x1a0c, 0x1a0b, 0x1a0c, 0x1a2c, 0x1a2c, 0x1a2c,
0x1a2c, 0x1a2c, 0x1a2c, 0x1a2c, 0x1a2c, 0x19eb, 0x0906, 0x08c5, 0x09c9, 0x126b,
0x1aec, 0x0884, 0x0906, 0x08e6, 0x1106, 0x1106, 0x00c6, 0x2966, 0x6b6c, 0x226d,
0x328d, 0x326d, 0x32ad, 0x328d, 0x32ad, 0x220a, 0x0907, 0x0927, 0x1127, 0x1148,
0x1127, 0x1127, 0x1127, 0x324c, 0x324b, 0x1107, 0x1148, 0x00e7, 0x5289, 0x73cf,
0x5b2e, 0x636e, 0x636e, 0x636e, 0x73cf, 0x4acc, 0x2189, 0x420b, 0x420a, 0x3a2b,
0x21a9, 0x1147, 0x1147, 0x1168, 0x10e6, 0x0064, 0x08a5, 0x08a5, 0x08a4, 0x00a4,
0x68ce, 0x10e6, 0x08a5, 0x08a5, 0x08a5, 0x08a5, 0x08a5, 0x08c5, 0x0084, 0x39e8,
0xfed2, 0xff52, 0x5aca, 0x5aea, 0x9c6d, 0x0023, 0x08a4, 0x00a4, 0x0084, 0x0084,
0x0064, 0x0064, 0x0884, 0x0885, 0x08a5, 0x08a4, 0x08e5, 0x00a5, 0x08a5, 0x08a5,
0x00a4, 0x00a4, 0x08a4, 0x08a5, 0x0043, 0x93ee, 0x39c8, 0x31e9, 0x2fbe, 0x26fa,
0x2147, 0x0084, 0x08c5, 0x08a4, 0x08a5, 0x08a4, 0x0864, 0x0822, 0x0822, 0x08a4,
0x08a4, 0x08a4, 0x1209, 0x09a8, 0x0064, 0x22aa, 0x0946, 0x0023, 0x0a6c, 0x07ff,
0x0b6f, 0x0802, 0x00c5, 0x08a4, 0x08a5, 0x0906, 0x99d4, 0x5352, 0x32ce, 0x1927,
0x0166, 0x88b2, 0xa053, 0x00a2, 0x0884, 0x00a4, 0x0084, 0x00a4, 0x18a7, 0x586e,
0x486c, 0x408b, 0x408b, 0x40aa, 0x20a7, 0x0084, 0x0884, 0x0884, 0x08e6, 0x1127,
0x1148, 0x1148, 0x19ca, 0x226c, 0x2a8d, 0x224c, 0x1989, 0x1148, 0x1189, 0x19ca,
0x1189, 0x1a0b, 0x2aef, 0x2a8e, 0x228d, 0x224c, 0x0906, 0x08e6, 0x0906, 0x08e6,
0x08c5, 0x08c6, 0x08e6, 0x0907, 0x08e6, 0x0106, 0x0906, 0x0906, 0x0106, 0x08e6,
0x19eb, 0x228e, 0x226e, 0x226e, 0x226d, 0x228e, 0x228e, 0x228d, 0x228e, 0x228e,

0x08e6, 0x08e6, 0x08e6, 0x08e6, 0x08e6, 0x08e6, 0x08e6, 0x08e6, 0x08e6, 0x08e6,
0x08e6, 0x08e6, 0x08e6, 0x08e6, 0x08e6, 0x08e6, 0x08e6, 0x08e6, 0x08e6, 0x08e6,
0x08e6, 0x08e6, 0x08e6, 0x08e6, 0x08e6, 0x08e6, 0x08e6, 0x08e6, 0x08e6, 0x08e6,
0x08e6, 0x08e6, 0x08e6, 0x08e6, 0x08e6, 0x08e6, 0x08e6, 0x08e6, 0x08e6, 0x08e6,
0x08e6, 0x08e6, 0x08e6, 0x0906, 0x0906, 0x0906, 0x0906, 0x0906, 0x0906, 0x0906,
0x0906, 0x0906, 0x0907, 0x0907, 0x0907, 0x0907, 0x0907, 0x0907, 0x0927, 0x0907,
0x0927, 0x0927, 0x0927, 0x0927, 0x0927, 0x0927, 0x0927, 0x1147, 0x0947, 0x1147,
0x1148, 0x1148, 0x1148, 0x1148, 0x1148, 0x1148, 0x1148, 0x1168, 0x1168, 0x1168,
0x1168, 0x1168, 0x1168, 0x1168, 0x1169, 0x1189, 0x1189, 0x1189, 0x1189, 0x1189,
0x1189, 0x1189, 0x1189, 0x11a9, 0x11a9, 0x11aa, 0x11aa, 0x11aa, 0x11ca, 0x11ca,
0x11ca, 0x11ca, 0x19ca, 0x19ca, 0x19ea, 0x19ea, 0x19ea, 0x19ea, 0x19eb, 0x19eb,
0x1a0b, 0x19eb, 0x19eb, 0x19eb, 0x19eb, 0x1a0b, 0x1a0b, 0x1a0b, 0x1a0b, 0x1a0b,
0x1a0b, 0x1a0b, 0x1a0b, 0x1a0c, 0x1a0c, 0x1a0b, 0x1a0c, 0x1a2c, 0x1a2c, 0x1a2c,
0x1a2c, 0x1a2c, 0x1a2c, 0x222c, 0x224c, 0x19eb, 0x0906, 0x0906, 0x0927, 0x1167,
0x11c9, 0x08c5, 0x1127, 0x08e6, 0x1106, 0x1106, 0x00c6, 0x2966, 0x6b6c, 0x226d,
0x328d, 0x328d, 0x32ae, 0x328d, 0x32ae, 0x220a, 0x0907, 0x1127, 0x1127, 0x1127,
0x0907, 0x1127, 0x1127, 0x2a0b, 0x2a0b, 0x1107, 0x1127, 0x08e7, 0x5aa9, 0x73ef,
0x5b2e, 0x636e, 0x634e, 0x6baf, 0x52ed, 0x0927, 0x1968, 0x31ea, 0x31ca, 0x1988,
0x1168, 0x1148, 0x1147, 0x1148, 0x08c5, 0x08a5, 0x08a5, 0x08a5, 0x08a5, 0x08a4,
0x68ce, 0x08c5, 0x08a4, 0x08a5, 0x08a5, 0x08a5, 0x08c5, 0x08c5, 0x0084, 0x31e8,
0xfed2, 0xff52, 0x5ac9, 0x52ea, 0x9c6d, 0x0024, 0x08c5, 0x00a4, 0x0084, 0x08a4,
0x00a4, 0x08a4, 0x08a4, 0x08a4, 0x08a5, 0x08a4, 0x08e5, 0x08a5, 0x08a5, 0x08a5,
0x00a5, 0x00a4, 0x00a4, 0x08a4, 0x0064, 0x93ce, 0x4a08, 0x067a, 0x2f3b, 0xde33,
0x31a8, 0x0003, 0x0843, 0x0043, 0x0822, 0x08e5, 0x0a09, 0x0c10, 0x0b6e, 0x0843,
0x0023, 0x0843, 0x08a4, 0x08a5, 0x08a5, 0x00a5, 0x00c5, 0x00c5, 0x0002, 0x0a8c,
0x0fdf, 0x0b2e, 0x0002, 0x08e5, 0x08a5, 0x0927, 0xa215, 0x5331, 0x3b30, 0x21eb,
0x0145, 0x8070, 0x9853, 0x0082, 0x0885, 0x0084, 0x08a5, 0x08c5, 0x08a5, 0x08a6,
0x08a5, 0x08a5, 0x08a5, 0x08a5, 0x0885, 0x08a5, 0x08c5, 0x08a4, 0x08e6, 0x1148,
0x1127, 0x1168, 0x1169, 0x1128, 0x1168, 0x1168, 0x1168, 0x1148, 0x19a9, 0x19eb,
0x1189, 0x1a0b, 0x2aef, 0x226d, 0x1189, 0x19ea, 0x0906, 0x08c5, 0x08c5, 0x08e6,
0x08c5, 0x08a5, 0x08a5, 0x08a5, 0x1086, 0x408b, 0x20e8, 0x2108, 0x310a, 0x08e6,
0x19eb, 0x22cf, 0x228e, 0x226d, 0x228e, 0x228e, 0x228e, 0x228e, 0x228e, 0x228e,

0x08e6, 0x08e6, 0x08e6, 0x08e6, 0x08e6, 0x08e6, 0x08e6, 0x08e6, 0x08e6, 0x08e6,
0x08e6, 0x08e6, 0x08e6, 0x08e6, 0x08e6, 0x08e6, 0x08e6, 0x08e6, 0x08e6, 0x08e6,
0x08e6, 0x08e6, 0x08e6, 0x08e6, 0x08e6, 0x08e6, 0x08e6, 0x08e6, 0x08e6, 0x08e6,
0x08e6, 0x08e6, 0x08e6, 0x08e6, 0x08e6, 0x08e6, 0x08e6, 0x08e6, 0x08e6, 0x08e6,
0x08e6, 0x08e6, 0x0906, 0x0906, 0x0906, 0x0906, 0x0906, 0x0906, 0x0906, 0x0906,
0x0906, 0x0906, 0x0907, 0x0907, 0x0907, 0x0907, 0x0907, 0x0907, 0x0927, 0x0907,
0x0927, 0x0927, 0x0927, 0x0927, 0x0927, 0x0927, 0x1127, 0x1127, 0x0947, 0x0948,
0x1148, 0x1148, 0x1148, 0x1148, 0x1148, 0x1148, 0x1168, 0x1168, 0x1168, 0x1168,
0x1168, 0x1168, 0x1168, 0x1169, 0x1189, 0x1189, 0x1189, 0x1189, 0x1189, 0x1189,
0x1189, 0x1189, 0x11a9, 0x11a9, 0x11a9, 0x11aa, 0x11aa, 0x11ca, 0x11ca, 0x19ca,
0x11ca, 0x19ca, 0x19ca, 0x19ca, 0x19ea, 0x19eb, 0x19eb, 0x19eb, 0x19eb, 0x19eb,
0x19eb, 0x1a0b, 0x1a0b, 0x1a0b, 0x1a0b, 0x1a0b, 0x1a0b, 0x1a0b, 0x1a0b, 0x1a0b,
0x1a0b, 0x1a0c, 0x1a0c, 0x1a0b, 0x1a0b, 0x1a0c, 0x1a0c, 0x1a0c, 0x1a2c, 0x1a2c,
0x1a2c, 0x222c, 0x222c, 0x222c, 0x224c, 0x19eb, 0x0967, 0x08e6, 0x11e9, 0x11c9,
0x1127, 0x08e6, 0x1127, 0x08e6, 0x1106, 0x0906, 0x00c6, 0x2946, 0x6b4c, 0x224d,
0x2a8d, 0x328d, 0x32ce, 0x328d, 0x32ad, 0x220b, 0x0927, 0x1127, 0x0907, 0x1127,
0x1988, 0x1148, 0x0907, 0x2a2b, 0x2a0b, 0x1107, 0x1127, 0x08e7, 0x52a9, 0x73cf,
0x532e, 0x634e, 0x638f, 0x4b0d, 0x1127, 0x428c, 0x29ea, 0x19ca, 0x220a, 0x1168,
0x0927, 0x1147, 0x1168, 0x1168, 0x08e6, 0x08a5, 0x08a5, 0x08a5, 0x08a5, 0x00a4,
0x68ae, 0x0884, 0x00a4, 0x00a4, 0x00a4, 0x00a4, 0x08c5, 0x08c5, 0x0084, 0x39e7,
0xfed2, 0xff52, 0x52c9, 0x52ca, 0x9c8d, 0x0024, 0x08c5, 0x00a4, 0x08a4, 0x08a4,
0x00a4, 0x08a4, 0x08a4, 0x08a4, 0x08a4, 0x08a4, 0x00c5, 0x10a6, 0x686e, 0x00c4,
0x08a5, 0x00a5, 0x00a4, 0x08c5, 0x0063, 0x9bcd, 0x371b, 0x1699, 0xfef4, 0xef36,
0x1bcf, 0x132d, 0x132d, 0x130d, 0x12ec, 0x138f, 0x1431, 0x1514, 0x14b3, 0x0aec,
0x0aec, 0x09e9, 0x0864, 0x08e5, 0x08a5, 0x00a5, 0x00a4, 0x00a4, 0x00c4, 0x0002,
0x0acd, 0x07ff, 0x0b0e, 0x0844, 0x08c6, 0x0906, 0x9194, 0x4b10, 0x32ce, 0x21ea,
0x124a, 0x7870, 0x9853, 0x0082, 0x0885, 0x0084, 0x00a5, 0x00a5, 0x00a5, 0x00a5,
0x00a4, 0x00a4, 0x00a4, 0x00a4, 0x0063, 0x0a2a, 0x1b8f, 0x0a4a, 0x08c5, 0x1168,
0x1148, 0x1148, 0x1107, 0x0906, 0x1106, 0x1107, 0x1168, 0x1148, 0x19a9, 0x19ea,
0x1189, 0x1a0b, 0x2aef, 0x226d, 0x1189, 0x19ea, 0x0906, 0x08c5, 0x08c5, 0x122a,
0x12cc, 0x0a6b, 0x124b, 0x1a2b, 0x322d, 0x7212, 0x314a, 0x19a9, 0x29aa, 0x08e5,
0x19eb, 0x22ae, 0x228e, 0x228e, 0x228e, 0x228e, 0x228e, 0x2a8d, 0x226d, 0x22ae,

0x08e6, 0x08e6, 0x08e6, 0x08e6, 0x08e6, 0x08e6, 0x08e6, 0x08e6, 0x08e6, 0x08e6,
0x08e6, 0x08e6, 0x08e6, 0x08e6, 0x08e6, 0x08e6, 0x08e6, 0x08e6, 0x08e6, 0x08e6,
0x08e6, 0x08e6, 0x08e6, 0x08e6, 0x08e6, 0x08e6, 0x08e6, 0x08e6, 0x08e6, 0x08e6,
0x08e6, 0x08e6, 0x08e6, 0x08e6, 0x08e6, 0x08e6, 0x08e6, 0x08e6, 0x08e6, 0x08e6,
0x08e6, 0x0906, 0x0906, 0x0906, 0x0906, 0x0906, 0x0906, 0x0906, 0x0906, 0x0906,
0x0906, 0x0907, 0x0907, 0x0907, 0x0907, 0x0927, 0x0907, 0x0927, 0x0927, 0x0907,
0x0927, 0x0927, 0x0927, 0x0927, 0x0927, 0x0927, 0x1147, 0x1127, 0x1148, 0x1148,
0x1148, 0x1148, 0x1148, 0x1148, 0x1148, 0x1148, 0x1168, 0x1168, 0x1168, 0x1168,
0x1168, 0x1168, 0x1168, 0x1189, 0x1189, 0x1189, 0x1189, 0x1189, 0x1189, 0x11a9,
0x1189, 0x11a9, 0x11a9, 0x11aa, 0x11aa, 0x11aa, 0x11ca, 0x11ca, 0x19ca, 0x19ca,
0x19ca, 0x19ca, 0x19ea, 0x19eb, 0x19ea, 0x19eb, 0x19eb, 0x19eb, 0x19eb, 0x19eb,
0x1a0b, 0x19eb, 0x1a0b, 0x1a0b, 0x1a0b, 0x1a0b, 0x1a0b, 0x1a0c, 0x1a2c, 0x11ec,
0x1a0c, 0x1a0c, 0x1a0c, 0x1a0c, 0x1a2c, 0x1a2c, 0x1a2c, 0x1a2c, 0x1a2c, 0x222c,
0x222c, 0x222c, 0x224c, 0x1a2c, 0x224c, 0x1a0b, 0x0906, 0x08e6, 0x1188, 0x120a,
0x12ac, 0x08a5, 0x1127, 0x08e6, 0x1106, 0x1106, 0x00c6, 0x2946, 0x634c, 0x226d,
0x328d, 0x328d, 0x32ae, 0x328d, 0x32ae, 0x220b, 0x0927, 0x1127, 0x1127, 0x1127,
0x1107, 0x1127, 0x0907, 0x2a0b, 0x2a0b, 0x1107, 0x1147, 0x00c6, 0x5289, 0x73ce,
0x5b2e, 0x5b6f, 0x338f, 0x11ea, 0x426b, 0x6bf1, 0x21c9, 0x1189, 0x1a0a, 0x19c9,
0x1168, 0x11ca, 0x1147, 0x1148, 0x08c5, 0x08a5, 0x08a5, 0x08a5, 0x08c5, 0x08c5,
0x70f0, 0x1989, 0x08c4, 0x20a7, 0x18c7, 0x1906, 0x00a5, 0x08c5, 0x0064, 0x31c7,
0xfed1, 0xff52, 0x52c9, 0x52ca, 0x9c6d, 0x0044, 0x08c5, 0x00a5, 0x00a4, 0x08a4,
0x00a4, 0x08a5, 0x08a5, 0x08a5, 0x08a5, 0x08a4, 0x00a4, 0x18a6, 0x78af, 0x00c4,
0x08a5, 0x08a5, 0x08c5, 0x00a4, 0x0844, 0x369a, 0x05f9, 0x2945, 0xad50, 0x336c,
0x0147, 0x0967, 0x0967, 0x0947, 0x0946, 0x0906, 0x0906, 0x08c5, 0x0906, 0x0967,
0x0927, 0x0b8e, 0x0a4a, 0x0843, 0x00c5, 0x00a4, 0x0884, 0x00a4, 0x0084, 0x00c4,
0x0002, 0x0b2e, 0x0fff, 0x0aee, 0x0824, 0x0906, 0x8912, 0x42af, 0x32ad, 0x21ea,
0x1249, 0x7870, 0x9853, 0x00a2, 0x0885, 0x00a5, 0x00a5, 0x00a5, 0x00a4, 0x00a5,
0x0084, 0x0064, 0x0063, 0x0083, 0x08a4, 0x00c5, 0x08c5, 0x08c5, 0x08e6, 0x1168,
0x1148, 0x1148, 0x1107, 0x08e6, 0x08c5, 0x08c5, 0x1148, 0x1168, 0x19aa, 0x19ea,
0x1189, 0x1a0b, 0x2aef, 0x224c, 0x1189, 0x19ea, 0x08e6, 0x08c5, 0x08c6, 0x0968,
0x09c9, 0x09e9, 0x1188, 0x11c9, 0x19ca, 0x09a9, 0x1106, 0x1188, 0x0988, 0x08c6,
0x1a0b, 0x228e, 0x226e, 0x228e, 0x228e, 0x228e, 0x22ae, 0x428b, 0x1a2c, 0x22ae,

0x08e6, 0x08e6, 0x08e6, 0x08e6, 0x08e6, 0x08e6, 0x08e6, 0x08e6, 0x08e6, 0x08e6,
0x08e6, 0x08e6, 0x08e6, 0x08e6, 0x08e6, 0x08e6, 0x08e6, 0x08e6, 0x08e6, 0x08e6,
0x08e6, 0x08e6, 0x08e6, 0x08e6, 0x08e6, 0x08e6, 0x08e6, 0x08e6, 0x08e6, 0x08e6,
0x08e6, 0x08e6, 0x08e6, 0x08e6, 0x08e6, 0x08e6, 0x08e6, 0x08e6, 0x08e6, 0x08e6,
0x08e6, 0x0906, 0x0906, 0x0906, 0x0906, 0x0906, 0x0906, 0x0906, 0x0906, 0x0906,
0x0906, 0x0907, 0x0907, 0x0907, 0x0907, 0x0907, 0x0907, 0x0907, 0x0927, 0x0927,
0x0927, 0x0927, 0x0927, 0x0927, 0x0927, 0x1127, 0x0927, 0x1148, 0x1148, 0x1148,
0x1148, 0x1148, 0x1148, 0x1148, 0x1148, 0x1148, 0x1148, 0x1168, 0x1168, 0x1168,
0x1168, 0x1168, 0x1169, 0x1189, 0x1189, 0x1189, 0x1189, 0x1189, 0x1189, 0x1189,
0x11a9, 0x11a9, 0x11a9, 0x11aa, 0x11aa, 0x11aa, 0x11ca, 0x11ca, 0x11ca, 0x11ca,
0x19ca, 0x19ca, 0x19ea, 0x19ea, 0x19eb, 0x19eb, 0x19eb, 0x19eb, 0x19eb, 0x1a0b,
0x1a0b, 0x1a0b, 0x1a0b, 0x1a0b, 0x1a0b, 0x1a0c, 0x1a0c, 0x19ca, 0x21c9, 0x5aeb,
0x1a2c, 0x1a0c, 0x1a0c, 0x1a2c, 0x1a2c, 0x1a2c, 0x1a2c, 0x1a2c, 0x1a2c, 0x224c,
0x224d, 0x222c, 0x224c, 0x224c, 0x224d, 0x1a0b, 0x08e6, 0x0906, 0x08c6, 0x1127,
0x11c9, 0x08c6, 0x1127, 0x08e6, 0x0906, 0x0906, 0x00c6, 0x2146, 0x634c, 0x226d,
0x328d, 0x2a8d, 0x2a8d, 0x328d, 0x32ee, 0x222b, 0x1127, 0x0927, 0x1128, 0x1127,
0x0907, 0x1107, 0x0906, 0x2a0a, 0x29ea, 0x1107, 0x1147, 0x00e7, 0x5289, 0x6bce,
0x5b4f, 0x4b4f, 0x120a, 0x3a6b, 0x63b0, 0x638f, 0x21ea, 0x1168, 0x19a9, 0x19c9,
0x1168, 0x1189, 0x1148, 0x1168, 0x08c6, 0x08a5, 0x08a5, 0x08a5, 0x08a5, 0x08c5,
0x8932, 0x22cf, 0x08e5, 0x3889, 0x30e8, 0x2127, 0x00a5, 0x08c5, 0x0064, 0x31c7,
0xfef2, 0xff52, 0x52a9, 0x52ca, 0x9c8d, 0x0024, 0x08c5, 0x08a5, 0x08a5, 0x00a5,
0x08a5, 0x08a4, 0x08a4, 0x08a4, 0x08a4, 0x08a4, 0x0084, 0x18a6, 0x70cf, 0x00a4,
0x08a5, 0x08c5, 0x08c5, 0x0844, 0x0d97, 0x0edb, 0x08c5, 0x1905, 0x29a7, 0x0023,
0x0864, 0x0063, 0x0084, 0x0063, 0x0064, 0x0863, 0x0884, 0x0084, 0x08a4, 0x0884,
0x0884, 0x0885, 0x13ef, 0x09c8, 0x0043, 0x08c4, 0x0084, 0x08a4, 0x00a4, 0x00a4,
0x08c5, 0x0823, 0x0b90, 0x0fff, 0x0aad, 0x0064, 0x8133, 0x4aaf, 0x32ce, 0x21ea,
0x1249, 0x7870, 0x9854, 0x00a3, 0x08a5, 0x0085, 0x00a5, 0x00a5, 0x38aa, 0x0845,
0x11e8, 0x1acb, 0x330d, 0x414a, 0x31ec, 0x0a2a, 0x0a4a, 0x0968, 0x08e6, 0x1169,
0x1148, 0x1148, 0x0906, 0x08e6, 0x08c5, 0x08c5, 0x1127, 0x1127, 0x1148, 0x19ca,
0x1189, 0x1a0b, 0x2aef, 0x224c, 0x1189, 0x19ea, 0x0906, 0x08e6, 0x08e6, 0x1188,
0x124a, 0x11e9, 0x1188, 0x120a, 0x19ea, 0x19cb, 0x11ca, 0x08e6, 0x08e7, 0x08c6,
0x1a0b, 0x228e, 0x226e, 0x228e, 0x228e, 0x228e, 0x22af, 0x428c, 0x1a0c, 0x22ae,

0x08e6, 0x08e6, 0x08e6, 0x08e6, 0x08e6, 0x08e6, 0x08e6, 0x08e6, 0x08e6, 0x08e6,
0x08e6, 0x08e6, 0x08e6, 0x08e6, 0x08e6, 0x08e6, 0x08e6, 0x08e6, 0x08e6, 0x08e6,
0x08e6, 0x08e6, 0x08e6, 0x08e6, 0x08e6, 0x08e6, 0x08e6, 0x08e6, 0x08e6, 0x08e6,
0x08e6, 0x08e6, 0x08e6, 0x08e6, 0x08e6, 0x08e6, 0x08e6, 0x08e6, 0x0906, 0x08e6,
0x08e6, 0x0906, 0x0906, 0x0906, 0x0906, 0x0906, 0x0906, 0x0906, 0x0906, 0x0907,
0x0906, 0x0907, 0x0907, 0x0907, 0x0907, 0x0907, 0x0907, 0x0927, 0x0927, 0x0927,
0x1127, 0x0927, 0x0927, 0x1127, 0x0927, 0x0927, 0x1127, 0x1148, 0x1148, 0x1148,
0x1148, 0x1148, 0x1148, 0x1148, 0x1148, 0x1168, 0x1168, 0x1168, 0x1168, 0x1168,
0x1168, 0x1168, 0x1189, 0x1189, 0x1189, 0x1189, 0x1189, 0x1189, 0x1189, 0x1189,
0x11a9, 0x11a9, 0x11a9, 0x11aa, 0x11aa, 0x11aa, 0x11ca, 0x11ca, 0x19ca, 0x11ca,
0x19ca, 0x19ca, 0x19ea, 0x19eb, 0x19eb, 0x19eb, 0x19eb, 0x19eb, 0x19eb, 0x1a0b,
0x1a0b, 0x1a0b, 0x1a0b, 0x1a0b, 0x1a0b, 0x1a0c, 0x1a0c, 0x1148, 0x08e7, 0x5aa9,
0x42ac, 0x120c, 0x1a2c, 0x1a2c, 0x1a2c, 0x1a2c, 0x1a2c, 0x1a2c, 0x222c, 0x226c,
0x226d, 0x222c, 0x224c, 0x224c, 0x224d, 0x1a0b, 0x08e6, 0x08e6, 0x1106, 0x10e6,
0x08e6, 0x0906, 0x08e6, 0x08e6, 0x08e6, 0x08e6, 0x08c6, 0x2146, 0x634c, 0x226e,
0x2a8d, 0x2a8d, 0x2aae, 0x2a8d, 0x220b, 0x1989, 0x1127, 0x1127, 0x1128, 0x1127,
0x0907, 0x0907, 0x08c6, 0x19ca, 0x19aa, 0x1148, 0x1988, 0x00c7, 0x5288, 0x73cf,
0x5370, 0x3a6b, 0x29e9, 0x63b0, 0x5b6f, 0x63b0, 0x29ea, 0x1147, 0x1147, 0x1147,
0x1147, 0x1127, 0x1147, 0x1148, 0x08c5, 0x08a5, 0x08a5, 0x08a5, 0x08a5, 0x08c5,
0x78af, 0x0884, 0x08c5, 0x00c5, 0x00a5, 0x00a5, 0x0906, 0x08a5, 0x0084, 0x2967,
0xd5f0, 0xff52, 0x5ac9, 0x3208, 0x52a9, 0x0064, 0x08a5, 0x08a5, 0x08a5, 0x08a5,
0x08a5, 0x08a5, 0x08a5, 0x0884, 0x00a4, 0x08a4, 0x0084, 0x18a6, 0x70ae, 0x00a4,
0x08a5, 0x08c5, 0x0844, 0x1577, 0x0f3d, 0x2167, 0x2105, 0x0084, 0x0884, 0x10c4,
0x0084, 0x0884, 0x08a4, 0x00a5, 0x0864, 0x0884, 0x0084, 0x0843, 0x0864, 0x00c5,
0x0884, 0x0884, 0x08a5, 0x0bcf, 0x0947, 0x0043, 0x08a4, 0x00a4, 0x00a4, 0x08a4,
0x00a5, 0x08c5, 0x0823, 0x0bf1, 0x17ff, 0x0a8c, 0x8852, 0x3a4e, 0x220a, 0x21ca,
0x1249, 0x7850, 0xa055, 0x00c3, 0x0885, 0x00a5, 0x00a5, 0x00a5, 0x20a8, 0x0885,
0x08e5, 0x0905, 0x1105, 0x10c5, 0x0884, 0x0a4a, 0x0b6e, 0x09e9, 0x08e6, 0x1169,
0x1148, 0x1148, 0x1106, 0x08e6, 0x08c5, 0x08c6, 0x08c5, 0x08c5, 0x08e6, 0x11aa,
0x11a9, 0x1a0b, 0x2aef, 0x226d, 0x19a9, 0x19ea, 0x0906, 0x0907, 0x08c6, 0x1189,
0x122b, 0x11c9, 0x1188, 0x11c9, 0x09a8, 0x09a9, 0x0968, 0x08e6, 0x08e6, 0x08c5,
0x19eb, 0x228e, 0x226e, 0x228e, 0x228e, 0x228e, 0x22af, 0x428c, 0x1a0c, 0x1a6d,

0x08e6, 0x08e6, 0x08e6, 0x08e6, 0x08e6, 0x08e6, 0x08e6, 0x08e6, 0x08e6, 0x08e6,
0x08e6, 0x08e6, 0x08e6, 0x08e6, 0x08e6, 0x08e6, 0x08e6, 0x08e6, 0x08e6, 0x08e6,
0x08e6, 0x08e6, 0x08e6, 0x08e6, 0x08e6, 0x08e6, 0x08e6, 0x08e6, 0x08e6, 0x08e6,
0x08e6, 0x08e6, 0x08e6, 0x08e6, 0x08e6, 0x08e6, 0x08e6, 0x08e6, 0x08e6, 0x08e6,
0x08e6, 0x0906, 0x0906, 0x0906, 0x0906, 0x0906, 0x0906, 0x0906, 0x0907, 0x0907,
0x0907, 0x0907, 0x0907, 0x0907, 0x0907, 0x0927, 0x0927, 0x0927, 0x0927, 0x1127,
0x1127, 0x1127, 0x0927, 0x0927, 0x0927, 0x1127, 0x1127, 0x1147, 0x1147, 0x1148,
0x1148, 0x1148, 0x1148, 0x1148, 0x1148, 0x1168, 0x1168, 0x1168, 0x1168, 0x1168,
0x1168, 0x1168, 0x1189, 0x1189, 0x1189, 0x1189, 0x1189, 0x1189, 0x1189, 0x11a9,
0x11a9, 0x11a9, 0x11a9, 0x11aa, 0x11aa, 0x11ca, 0x11ca, 0x19ca, 0x19ca, 0x19ca,
0x19ca, 0x19ca, 0x19ea, 0x19eb, 0x19eb, 0x19eb, 0x19eb, 0x1a0b, 0x1a0b, 0x1a0b,
0x1a0b, 0x1a0b, 0x1a0b, 0x1a0c, 0x1a0b, 0x1a0c, 0x1a0b, 0x1168, 0x0907, 0x4229,
0x42cc, 0x120c, 0x1a2c, 0x1a2c, 0x1a2c, 0x1a2c, 0x222c, 0x222c, 0x222c, 0x226d,
0x228d, 0x224c, 0x224d, 0x224d, 0x226d, 0x1a0b, 0x08e6, 0x08e6, 0x08e6, 0x1106,
0x1106, 0x08e6, 0x08e6, 0x08e6, 0x08e6, 0x08e6, 0x08c6, 0x2146, 0x530c, 0x2a8e,
0x2a8d, 0x2a8e, 0x32ce, 0x1a0b, 0x1148, 0x1148, 0x1127, 0x0927, 0x1127, 0x1148,
0x1127, 0x0907, 0x31c8, 0x5b0b, 0x322a, 0x1127, 0x1968, 0x00e7, 0x5289, 0x6bcf,
0x5370, 0x324b, 0x2a0a, 0x6390, 0x5b6f, 0x42ed, 0x21ca, 0x1168, 0x1168, 0x1168,
0x1168, 0x1189, 0x1147, 0x1148, 0x08c5, 0x08a5, 0x08a5, 0x08a5, 0x08a5, 0x08c5,
0x78d0, 0x1168, 0x08e6, 0x08a5, 0x08c5, 0x08c5, 0x08c5, 0x08c5, 0x0084, 0x1946,
0x83cf, 0xb4f0, 0x4a48, 0x0085, 0x00a5, 0x08a5, 0x08a4, 0x08a5, 0x08a5, 0x08a5,
0x08a5, 0x08a5, 0x08a5, 0x08a5, 0x08a4, 0x08a4, 0x0083, 0x1885, 0x68ae, 0x00a4,
0x08c5, 0x0843, 0x0cf4, 0x0f9e, 0x0948, 0x10a5, 0x10e5, 0x0043, 0x7b8d, 0x52aa,
0x0022, 0x0884, 0x08c5, 0x0044, 0x132d, 0x1209, 0x0947, 0x1514, 0x0c92, 0x08a5,
0x0c52, 0x0aab, 0x0002, 0x08a4, 0x0bcf, 0x0926, 0x0043, 0x08a4, 0x08a4, 0x08a4,
0x08a4, 0x08a5, 0x08e5, 0x0823, 0x1411, 0x0fff, 0x6a55, 0x2046, 0x00e5, 0x10c6,
0x0145, 0x8071, 0xa055, 0x00c3, 0x0885, 0x0085, 0x00a5, 0x08a5, 0x00a4, 0x00a4,
0x0084, 0x0064, 0x0084, 0x0084, 0x00c4, 0x00c5, 0x0927, 0x0906, 0x0906, 0x1168,
0x1148, 0x1148, 0x08e6, 0x08e6, 0x08c5, 0x08e6, 0x08c5, 0x08c5, 0x08c5, 0x1168,
0x11a9, 0x1a0b, 0x2b0f, 0x228d, 0x19aa, 0x19ca, 0x08e6, 0x0907, 0x0907, 0x08c5,
0x08a5, 0x08c5, 0x08c6, 0x10a6, 0x30c9, 0x30e8, 0x28e8, 0x08e6, 0x08e6, 0x08c5,
0x19cb, 0x228e, 0x228e, 0x228e, 0x228e, 0x228e, 0x22af, 0x428c, 0x1a0b, 0x1a6e,


};

const struct bitmap bm_nightcity_title = { 
    .width = BMPWIDTH_nightcity_title, 
    .height = BMPHEIGHT_nightcity_title, 
    .format = FORMAT_NATIVE, 
    .data = (unsigned char*)nightcity_title,
};
