game_key	title	console	set_kind	cover_path	achievement_file	unlocked	total	earned_points	total_points	last_played	launch_target	ra_game_id	ra_hash
783a9917c3f29f6c80f5	101 Starships	Arduboy	local-baseline	/.rockbox/achievements/generations/bbda4426deed4869/games/783a9917c3f29f6c80f5/cover.bmp	/.rockbox/achievements/generations/bbda4426deed4869/games/783a9917c3f29f6c80f5/achievements.tsv		4		50		/.rockbox/games/arduboy/roms/101 Starships [9e77ff].hex		
217f7292a079c3b41930	1010	Arduboy	local-baseline	/.rockbox/achievements/generations/bbda4426deed4869/games/217f7292a079c3b41930/cover.bmp	/.rockbox/achievements/generations/bbda4426deed4869/games/217f7292a079c3b41930/achievements.tsv		4		50		/.rockbox/games/arduboy/roms/1010 [c8f88f].hex		
5a8c9cd2f37ed353b4b8	1943	Arduboy	local-baseline	/.rockbox/achievements/generations/bbda4426deed4869/games/5a8c9cd2f37ed353b4b8/cover.bmp	/.rockbox/achievements/generations/bbda4426deed4869/games/5a8c9cd2f37ed353b4b8/achievements.tsv		4		50		/.rockbox/games/arduboy/roms/1943 [299da2].hex		
b0e400b6f4666e973838	1944	Arduboy	local-baseline	/.rockbox/achievements/generations/bbda4426deed4869/games/b0e400b6f4666e973838/cover.bmp	/.rockbox/achievements/generations/bbda4426deed4869/games/b0e400b6f4666e973838/achievements.tsv		4		50		/.rockbox/games/arduboy/roms/1944 [5b180b].hex		
1335c60a4c8cc19e1b80	1nvader	Arduboy	local-baseline	/.rockbox/achievements/generations/bbda4426deed4869/games/1335c60a4c8cc19e1b80/cover.bmp	/.rockbox/achievements/generations/bbda4426deed4869/games/1335c60a4c8cc19e1b80/achievements.tsv		4		50		/.rockbox/games/arduboy/roms/1nvader [4269dc].hex		
0c0d12a458082e2edc32	2048	Arduboy	local-baseline	/.rockbox/achievements/generations/bbda4426deed4869/games/0c0d12a458082e2edc32/cover.bmp	/.rockbox/achievements/generations/bbda4426deed4869/games/0c0d12a458082e2edc32/achievements.tsv		4		50		/.rockbox/games/arduboy/roms/2048 [bb5734].hex		
6680489573e4791a3337	2PlayersPack	Arduboy	local-baseline	/.rockbox/achievements/generations/bbda4426deed4869/games/6680489573e4791a3337/cover.bmp	/.rockbox/achievements/generations/bbda4426deed4869/games/6680489573e4791a3337/achievements.tsv		4		50		/.rockbox/games/arduboy/roms/2PlayersPack [c8f06a].hex		
fdec8208274f2050dda5	3in1A	Arduboy	local-baseline	/.rockbox/achievements/generations/bbda4426deed4869/games/fdec8208274f2050dda5/cover.bmp	/.rockbox/achievements/generations/bbda4426deed4869/games/fdec8208274f2050dda5/achievements.tsv		4		50		/.rockbox/games/arduboy/roms/3in1A [136a32].hex		
2d76b8be30619f83a588	3in1B	Arduboy	local-baseline	/.rockbox/achievements/generations/bbda4426deed4869/games/2d76b8be30619f83a588/cover.bmp	/.rockbox/achievements/generations/bbda4426deed4869/games/2d76b8be30619f83a588/achievements.tsv		4		50		/.rockbox/games/arduboy/roms/3in1B [896523].hex		
967dc62c696b27f1116b	3in1C	Arduboy	local-baseline	/.rockbox/achievements/generations/bbda4426deed4869/games/967dc62c696b27f1116b/cover.bmp	/.rockbox/achievements/generations/bbda4426deed4869/games/967dc62c696b27f1116b/achievements.tsv		4		50		/.rockbox/games/arduboy/roms/3in1C [cd7238].hex		
9a7fe51215ac2e551bf3	3in1D	Arduboy	local-baseline	/.rockbox/achievements/generations/bbda4426deed4869/games/9a7fe51215ac2e551bf3/cover.bmp	/.rockbox/achievements/generations/bbda4426deed4869/games/9a7fe51215ac2e551bf3/achievements.tsv		4		50		/.rockbox/games/arduboy/roms/3in1D [c004de].hex		
76c3057157f1e22d73cd	3in1E	Arduboy	local-baseline	/.rockbox/achievements/generations/bbda4426deed4869/games/76c3057157f1e22d73cd/cover.bmp	/.rockbox/achievements/generations/bbda4426deed4869/games/76c3057157f1e22d73cd/achievements.tsv		4		50		/.rockbox/games/arduboy/roms/3in1E [f0264a].hex		
9da15c55e5e0368e2c05	3in1F	Arduboy	local-baseline	/.rockbox/achievements/generations/bbda4426deed4869/games/9da15c55e5e0368e2c05/cover.bmp	/.rockbox/achievements/generations/bbda4426deed4869/games/9da15c55e5e0368e2c05/achievements.tsv		4		50		/.rockbox/games/arduboy/roms/3in1F [9a2fb3].hex		
4ebe71ef81964dc7e9c0	ABAsm DP1	Arduboy	local-baseline	/.rockbox/achievements/generations/bbda4426deed4869/games/4ebe71ef81964dc7e9c0/cover.bmp	/.rockbox/achievements/generations/bbda4426deed4869/games/4ebe71ef81964dc7e9c0/achievements.tsv		4		50		/.rockbox/games/arduboy/roms/ABAsm DP1 [db9827].hex		
c0c5a361cbf957047466	Abshell	Arduboy	local-baseline	/.rockbox/achievements/generations/bbda4426deed4869/games/c0c5a361cbf957047466/cover.bmp	/.rockbox/achievements/generations/bbda4426deed4869/games/c0c5a361cbf957047466/achievements.tsv		4		50		/.rockbox/games/arduboy/roms/Abshell [9f3d0f].hex		
e1a6e00964e14c834540	abSynth FM	Arduboy	local-baseline	/.rockbox/achievements/generations/bbda4426deed4869/games/e1a6e00964e14c834540/cover.bmp	/.rockbox/achievements/generations/bbda4426deed4869/games/e1a6e00964e14c834540/achievements.tsv		4		50		/.rockbox/games/arduboy/roms/abSynth FM [4348d2].hex		
4586365065025fb69af2	APara	Arduboy	local-baseline	/.rockbox/achievements/generations/bbda4426deed4869/games/4586365065025fb69af2/cover.bmp	/.rockbox/achievements/generations/bbda4426deed4869/games/4586365065025fb69af2/achievements.tsv		4		50		/.rockbox/games/arduboy/roms/APara [658956].hex		
69f6362bdaddd248f749	Arcodia	Arduboy	local-baseline	/.rockbox/achievements/generations/bbda4426deed4869/games/69f6362bdaddd248f749/cover.bmp	/.rockbox/achievements/generations/bbda4426deed4869/games/69f6362bdaddd248f749/achievements.tsv		4		50		/.rockbox/games/arduboy/roms/Arcodia [6d1d3e].hex		
687f0a7a23ae8b016714	Ard-Drivin	Arduboy	local-baseline	/.rockbox/achievements/generations/bbda4426deed4869/games/687f0a7a23ae8b016714/cover.bmp	/.rockbox/achievements/generations/bbda4426deed4869/games/687f0a7a23ae8b016714/achievements.tsv		4		50		/.rockbox/games/arduboy/roms/Ard-Drivin [8f088c].hex		
e1f570a386e059c52a4c	ARDecipher	Arduboy	local-baseline	/.rockbox/achievements/generations/bbda4426deed4869/games/e1f570a386e059c52a4c/cover.bmp	/.rockbox/achievements/generations/bbda4426deed4869/games/e1f570a386e059c52a4c/achievements.tsv		4		50		/.rockbox/games/arduboy/roms/ARDecipher [440f46].hex		
e63a5ed92ae081c66225	Ardletics	Arduboy	local-baseline	/.rockbox/achievements/generations/bbda4426deed4869/games/e63a5ed92ae081c66225/cover.bmp	/.rockbox/achievements/generations/bbda4426deed4869/games/e63a5ed92ae081c66225/achievements.tsv		4		50		/.rockbox/games/arduboy/roms/Ardletics [d594a2].hex		
c994ab4257b45c6e414e	Ardu Buggy	Arduboy	local-baseline	/.rockbox/achievements/generations/bbda4426deed4869/games/c994ab4257b45c6e414e/cover.bmp	/.rockbox/achievements/generations/bbda4426deed4869/games/c994ab4257b45c6e414e/achievements.tsv		4		50		/.rockbox/games/arduboy/roms/Ardu Buggy [9f0238].hex		
3f848f559e44a1e3dcf0	Ardu Turf Masters	Arduboy	local-baseline	/.rockbox/achievements/generations/bbda4426deed4869/games/3f848f559e44a1e3dcf0/cover.bmp	/.rockbox/achievements/generations/bbda4426deed4869/games/3f848f559e44a1e3dcf0/achievements.tsv		4		50		/.rockbox/games/arduboy/roms/Ardu Turf Masters [c42e79].hex		
c986c2f3254bab21a7a8	Ardu-EZ Button	Arduboy	local-baseline	/.rockbox/achievements/generations/bbda4426deed4869/games/c986c2f3254bab21a7a8/cover.bmp	/.rockbox/achievements/generations/bbda4426deed4869/games/c986c2f3254bab21a7a8/achievements.tsv		4		50		/.rockbox/games/arduboy/roms/Ardu-EZ Button [d32074].hex		
6d91c58f99db99c74502	Ardu-man	Arduboy	local-baseline	/.rockbox/achievements/generations/bbda4426deed4869/games/6d91c58f99db99c74502/cover.bmp	/.rockbox/achievements/generations/bbda4426deed4869/games/6d91c58f99db99c74502/achievements.tsv		4		50		/.rockbox/games/arduboy/roms/Ardu-man [a312cc].hex		
cbe956b7a70d4f02a0c9	Ardu-Racer	Arduboy	local-baseline	/.rockbox/achievements/generations/bbda4426deed4869/games/cbe956b7a70d4f02a0c9/cover.bmp	/.rockbox/achievements/generations/bbda4426deed4869/games/cbe956b7a70d4f02a0c9/achievements.tsv		4		50		/.rockbox/games/arduboy/roms/Ardu-Racer [1444ca].hex		
644a000a96fe2c263dea	Ardu-Whack	Arduboy	local-baseline	/.rockbox/achievements/generations/bbda4426deed4869/games/644a000a96fe2c263dea/cover.bmp	/.rockbox/achievements/generations/bbda4426deed4869/games/644a000a96fe2c263dea/achievements.tsv		4		50		/.rockbox/games/arduboy/roms/Ardu-Whack [ced638].hex		
be0e30b11eeb4313b33d	ArduBall	Arduboy	local-baseline	/.rockbox/achievements/generations/bbda4426deed4869/games/be0e30b11eeb4313b33d/cover.bmp	/.rockbox/achievements/generations/bbda4426deed4869/games/be0e30b11eeb4313b33d/achievements.tsv		4		50		/.rockbox/games/arduboy/roms/ArduBall [10cfd6].hex		
46765538f6ce5e6955f1	Arduboy Assistant	Arduboy	local-baseline	/.rockbox/achievements/generations/bbda4426deed4869/games/46765538f6ce5e6955f1/cover.bmp	/.rockbox/achievements/generations/bbda4426deed4869/games/46765538f6ce5e6955f1/achievements.tsv		4		50		/.rockbox/games/arduboy/roms/Arduboy Assistant [b1b117].hex		
e8e7b024c4cfbfa13ced	Arduboy Calendar	Arduboy	local-baseline	/.rockbox/achievements/generations/bbda4426deed4869/games/e8e7b024c4cfbfa13ced/cover.bmp	/.rockbox/achievements/generations/bbda4426deed4869/games/e8e7b024c4cfbfa13ced/achievements.tsv		4		50		/.rockbox/games/arduboy/roms/Arduboy Calendar [814602].hex		
6ad9ca9313d205a349e2	Arduboy Gamepad	Arduboy	local-baseline	/.rockbox/achievements/generations/bbda4426deed4869/games/6ad9ca9313d205a349e2/cover.bmp	/.rockbox/achievements/generations/bbda4426deed4869/games/6ad9ca9313d205a349e2/achievements.tsv		4		50		/.rockbox/games/arduboy/roms/Arduboy Gamepad [e3ab6e].hex		
42aa832f69a6626d0129	Arduboy Says	Arduboy	local-baseline	/.rockbox/achievements/generations/bbda4426deed4869/games/42aa832f69a6626d0129/cover.bmp	/.rockbox/achievements/generations/bbda4426deed4869/games/42aa832f69a6626d0129/achievements.tsv		4		50		/.rockbox/games/arduboy/roms/Arduboy Says [e12413].hex		
26c549eb0efb5d68d32a	Arduboy Sprite Editor	Arduboy	local-baseline	/.rockbox/achievements/generations/bbda4426deed4869/games/26c549eb0efb5d68d32a/cover.bmp	/.rockbox/achievements/generations/bbda4426deed4869/games/26c549eb0efb5d68d32a/achievements.tsv		4		50		/.rockbox/games/arduboy/roms/Arduboy Sprite Editor [4b3fc1].hex		
c244453fb9a5f655242e	ArduboyLife	Arduboy	local-baseline	/.rockbox/achievements/generations/bbda4426deed4869/games/c244453fb9a5f655242e/cover.bmp	/.rockbox/achievements/generations/bbda4426deed4869/games/c244453fb9a5f655242e/achievements.tsv		4		50		/.rockbox/games/arduboy/roms/ArduboyLife [992e64].hex		
c2dfbd13bc58598b3aa0	ArduBOYNG	Arduboy	local-baseline	/.rockbox/achievements/generations/bbda4426deed4869/games/c2dfbd13bc58598b3aa0/cover.bmp	/.rockbox/achievements/generations/bbda4426deed4869/games/c2dfbd13bc58598b3aa0/achievements.tsv		4		50		/.rockbox/games/arduboy/roms/ArduBOYNG [b38973].hex		
0a6669e9b375203b814f	ArduBrain	Arduboy	local-baseline	/.rockbox/achievements/generations/bbda4426deed4869/games/0a6669e9b375203b814f/cover.bmp	/.rockbox/achievements/generations/bbda4426deed4869/games/0a6669e9b375203b814f/achievements.tsv		4		50		/.rockbox/games/arduboy/roms/ArduBrain [86f6b6].hex		
f874240a327c5609eb9c	ARDUBULLETs	Arduboy	local-baseline	/.rockbox/achievements/generations/bbda4426deed4869/games/f874240a327c5609eb9c/cover.bmp	/.rockbox/achievements/generations/bbda4426deed4869/games/f874240a327c5609eb9c/achievements.tsv		4		50		/.rockbox/games/arduboy/roms/ARDUBULLETs [3dd148].hex		
17f06f78bbf6bb01c765	ArduCC	Arduboy	local-baseline	/.rockbox/achievements/generations/bbda4426deed4869/games/17f06f78bbf6bb01c765/cover.bmp	/.rockbox/achievements/generations/bbda4426deed4869/games/17f06f78bbf6bb01c765/achievements.tsv		4		50		/.rockbox/games/arduboy/roms/ArduCC [e255cb].hex		
c77cd0943231ccdb8f27	Arducross	Arduboy	local-baseline	/.rockbox/achievements/generations/bbda4426deed4869/games/c77cd0943231ccdb8f27/cover.bmp	/.rockbox/achievements/generations/bbda4426deed4869/games/c77cd0943231ccdb8f27/achievements.tsv		4		50		/.rockbox/games/arduboy/roms/Arducross [86c3f8].hex		
7abf4f2df7121e80f3c3	ArduIndy	Arduboy	local-baseline	/.rockbox/achievements/generations/bbda4426deed4869/games/7abf4f2df7121e80f3c3/cover.bmp	/.rockbox/achievements/generations/bbda4426deed4869/games/7abf4f2df7121e80f3c3/achievements.tsv		4		50		/.rockbox/games/arduboy/roms/ArduIndy [075103].hex		
3dbf231c45cea107d458	Ardulem	Arduboy	local-baseline	/.rockbox/achievements/generations/bbda4426deed4869/games/3dbf231c45cea107d458/cover.bmp	/.rockbox/achievements/generations/bbda4426deed4869/games/3dbf231c45cea107d458/achievements.tsv		4		50		/.rockbox/games/arduboy/roms/Ardulem [badc99].hex		
8be1e86a8b77d260a0d4	ArduLO	Arduboy	local-baseline	/.rockbox/achievements/generations/bbda4426deed4869/games/8be1e86a8b77d260a0d4/cover.bmp	/.rockbox/achievements/generations/bbda4426deed4869/games/8be1e86a8b77d260a0d4/achievements.tsv		4		50		/.rockbox/games/arduboy/roms/ArduLO [3dfcef].hex		
e3ecdbcb235cc39369b9	Arduloop	Arduboy	local-baseline	/.rockbox/achievements/generations/bbda4426deed4869/games/e3ecdbcb235cc39369b9/cover.bmp	/.rockbox/achievements/generations/bbda4426deed4869/games/e3ecdbcb235cc39369b9/achievements.tsv		4		50		/.rockbox/games/arduboy/roms/Arduloop [6d31ec].hex		
98a244de339286f971bd	Ardumania	Arduboy	local-baseline	/.rockbox/achievements/generations/bbda4426deed4869/games/98a244de339286f971bd/cover.bmp	/.rockbox/achievements/generations/bbda4426deed4869/games/98a244de339286f971bd/achievements.tsv		4		50		/.rockbox/games/arduboy/roms/Ardumania [3b1dba].hex		
d12ae3795daddfa75b6c	ArduMetronome	Arduboy	local-baseline	/.rockbox/achievements/generations/bbda4426deed4869/games/d12ae3795daddfa75b6c/cover.bmp	/.rockbox/achievements/generations/bbda4426deed4869/games/d12ae3795daddfa75b6c/achievements.tsv		4		50		/.rockbox/games/arduboy/roms/ArduMetronome [6e2fb9].hex		
7f38273e7aadc3d2149d	Arduminer	Arduboy	local-baseline	/.rockbox/achievements/generations/bbda4426deed4869/games/7f38273e7aadc3d2149d/cover.bmp	/.rockbox/achievements/generations/bbda4426deed4869/games/7f38273e7aadc3d2149d/achievements.tsv		4		50		/.rockbox/games/arduboy/roms/Arduminer [a102c9].hex		
884fab768427392b6807	ArduRemote	Arduboy	local-baseline	/.rockbox/achievements/generations/bbda4426deed4869/games/884fab768427392b6807/cover.bmp	/.rockbox/achievements/generations/bbda4426deed4869/games/884fab768427392b6807/achievements.tsv		4		50		/.rockbox/games/arduboy/roms/ArduRemote [f4e736].hex		
2fcea33b955ba42032dc	ArduSaver	Arduboy	local-baseline	/.rockbox/achievements/generations/bbda4426deed4869/games/2fcea33b955ba42032dc/cover.bmp	/.rockbox/achievements/generations/bbda4426deed4869/games/2fcea33b955ba42032dc/achievements.tsv		4		50		/.rockbox/games/arduboy/roms/ArduSaver [7e289e].hex		
29f37c37130f78aa0643	Arduslide	Arduboy	local-baseline	/.rockbox/achievements/generations/bbda4426deed4869/games/29f37c37130f78aa0643/cover.bmp	/.rockbox/achievements/generations/bbda4426deed4869/games/29f37c37130f78aa0643/achievements.tsv		4		50		/.rockbox/games/arduboy/roms/Arduslide [910229].hex		
e4138c707eca929a16c9	Ardusweeper	Arduboy	local-baseline	/.rockbox/achievements/generations/bbda4426deed4869/games/e4138c707eca929a16c9/cover.bmp	/.rockbox/achievements/generations/bbda4426deed4869/games/e4138c707eca929a16c9/achievements.tsv		4		50		/.rockbox/games/arduboy/roms/Ardusweeper [8a676a].hex		
d324ff9420ede6f3ab02	Ardutosh	Arduboy	local-baseline	/.rockbox/achievements/generations/bbda4426deed4869/games/d324ff9420ede6f3ab02/cover.bmp	/.rockbox/achievements/generations/bbda4426deed4869/games/d324ff9420ede6f3ab02/achievements.tsv		4		50		/.rockbox/games/arduboy/roms/Ardutosh [a81321].hex		
53010e4b86cf771a7686	Ardynia	Arduboy	local-baseline	/.rockbox/achievements/generations/bbda4426deed4869/games/53010e4b86cf771a7686/cover.bmp	/.rockbox/achievements/generations/bbda4426deed4869/games/53010e4b86cf771a7686/achievements.tsv		4		50		/.rockbox/games/arduboy/roms/Ardynia [a8327f].hex		
1c8f6893705bc485be69	Armageddon	Arduboy	local-baseline	/.rockbox/achievements/generations/bbda4426deed4869/games/1c8f6893705bc485be69/cover.bmp	/.rockbox/achievements/generations/bbda4426deed4869/games/1c8f6893705bc485be69/achievements.tsv		4		50		/.rockbox/games/arduboy/roms/Armageddon [13761a].hex		
aa1e4044f190ec7903c9	ARtillery	Arduboy	local-baseline	/.rockbox/achievements/generations/bbda4426deed4869/games/aa1e4044f190ec7903c9/cover.bmp	/.rockbox/achievements/generations/bbda4426deed4869/games/aa1e4044f190ec7903c9/achievements.tsv		4		50		/.rockbox/games/arduboy/roms/ARtillery [82c5a2].hex		
bca6b90c3dc1c2f6ef77	ASTEROIDS	Arduboy	local-baseline	/.rockbox/achievements/generations/bbda4426deed4869/games/bca6b90c3dc1c2f6ef77/cover.bmp	/.rockbox/achievements/generations/bbda4426deed4869/games/bca6b90c3dc1c2f6ef77/achievements.tsv		4		50		/.rockbox/games/arduboy/roms/ASTEROIDS [5b7793].hex		
266e12aaff08b8a90be1	Atomic Puzzle Pack	Arduboy	local-baseline	/.rockbox/achievements/generations/bbda4426deed4869/games/266e12aaff08b8a90be1/cover.bmp	/.rockbox/achievements/generations/bbda4426deed4869/games/266e12aaff08b8a90be1/achievements.tsv		4		50		/.rockbox/games/arduboy/roms/Atomic Puzzle Pack [f36fb6].hex		
1aa062746ea9da24567b	Back to the Jungle	Arduboy	local-baseline	/.rockbox/achievements/generations/bbda4426deed4869/games/1aa062746ea9da24567b/cover.bmp	/.rockbox/achievements/generations/bbda4426deed4869/games/1aa062746ea9da24567b/achievements.tsv		4		50		/.rockbox/games/arduboy/roms/Back to the Jungle [207142].hex		
a48ffae547900955ac22	Bang! Bang!	Arduboy	local-baseline	/.rockbox/achievements/generations/bbda4426deed4869/games/a48ffae547900955ac22/cover.bmp	/.rockbox/achievements/generations/bbda4426deed4869/games/a48ffae547900955ac22/achievements.tsv		4		50		/.rockbox/games/arduboy/roms/Bang! Bang! [2a08b4].hex		
1ed73ab2eebc7a02426e	Bangi	Arduboy	local-baseline	/.rockbox/achievements/generations/bbda4426deed4869/games/1ed73ab2eebc7a02426e/cover.bmp	/.rockbox/achievements/generations/bbda4426deed4869/games/1ed73ab2eebc7a02426e/achievements.tsv		4		50		/.rockbox/games/arduboy/roms/Bangi [4969ea].hex		
70cdf512377c1eb2627b	Battle For Zuthsrah	Arduboy	local-baseline	/.rockbox/achievements/generations/bbda4426deed4869/games/70cdf512377c1eb2627b/cover.bmp	/.rockbox/achievements/generations/bbda4426deed4869/games/70cdf512377c1eb2627b/achievements.tsv		4		50		/.rockbox/games/arduboy/roms/Battle For Zuthsrah [325d59].hex		
047b7865c3e9ad065b5b	Beam 'Em Up	Arduboy	local-baseline	/.rockbox/achievements/generations/bbda4426deed4869/games/047b7865c3e9ad065b5b/cover.bmp	/.rockbox/achievements/generations/bbda4426deed4869/games/047b7865c3e9ad065b5b/achievements.tsv		4		50		/.rockbox/games/arduboy/roms/Beam 'Em Up [219d6e].hex		
3a275753a4cd822d948b	Biddy Watering	Arduboy	local-baseline	/.rockbox/achievements/generations/bbda4426deed4869/games/3a275753a4cd822d948b/cover.bmp	/.rockbox/achievements/generations/bbda4426deed4869/games/3a275753a4cd822d948b/achievements.tsv		4		50		/.rockbox/games/arduboy/roms/Biddy Watering [4b06d9].hex		
fedd47571c86ccd452c1	BigBlackBox	Arduboy	local-baseline	/.rockbox/achievements/generations/bbda4426deed4869/games/fedd47571c86ccd452c1/cover.bmp	/.rockbox/achievements/generations/bbda4426deed4869/games/fedd47571c86ccd452c1/achievements.tsv		4		50		/.rockbox/games/arduboy/roms/BigBlackBox [b700d5].hex		
f00880f7592b4e359cdb	BiriBiriBeat	Arduboy	local-baseline	/.rockbox/achievements/generations/bbda4426deed4869/games/f00880f7592b4e359cdb/cover.bmp	/.rockbox/achievements/generations/bbda4426deed4869/games/f00880f7592b4e359cdb/achievements.tsv		4		50		/.rockbox/games/arduboy/roms/BiriBiriBeat [2ec60e].hex		
b1112facebc7c4e1ec29	Blackjack	Arduboy	local-baseline	/.rockbox/achievements/generations/bbda4426deed4869/games/b1112facebc7c4e1ec29/cover.bmp	/.rockbox/achievements/generations/bbda4426deed4869/games/b1112facebc7c4e1ec29/achievements.tsv		4		50		/.rockbox/games/arduboy/roms/Blackjack [c2c3d7].hex		
21940833ca65513b7d14	Blocks	Arduboy	local-baseline	/.rockbox/achievements/generations/bbda4426deed4869/games/21940833ca65513b7d14/cover.bmp	/.rockbox/achievements/generations/bbda4426deed4869/games/21940833ca65513b7d14/achievements.tsv		4		50		/.rockbox/games/arduboy/roms/Blocks [49fe58].hex		
c4fd297ef453cd1320e0	Boids	Arduboy	local-baseline	/.rockbox/achievements/generations/bbda4426deed4869/games/c4fd297ef453cd1320e0/cover.bmp	/.rockbox/achievements/generations/bbda4426deed4869/games/c4fd297ef453cd1320e0/achievements.tsv		4		50		/.rockbox/games/arduboy/roms/Boids [985c32].hex		
62b46354b525dc7db609	Bombzzle	Arduboy	local-baseline	/.rockbox/achievements/generations/bbda4426deed4869/games/62b46354b525dc7db609/cover.bmp	/.rockbox/achievements/generations/bbda4426deed4869/games/62b46354b525dc7db609/achievements.tsv		4		50		/.rockbox/games/arduboy/roms/Bombzzle [a9c900].hex		
a5ea89fead9033c8e9ba	Book Reader - The Pig and the Box	Arduboy	local-baseline	/.rockbox/achievements/generations/bbda4426deed4869/games/a5ea89fead9033c8e9ba/cover.bmp	/.rockbox/achievements/generations/bbda4426deed4869/games/a5ea89fead9033c8e9ba/achievements.tsv		4		50		/.rockbox/games/arduboy/roms/Book Reader - The Pig and the Box [9c820b].hex		
d666abf976eec528d212	Boris goes skiing	Arduboy	local-baseline	/.rockbox/achievements/generations/bbda4426deed4869/games/d666abf976eec528d212/cover.bmp	/.rockbox/achievements/generations/bbda4426deed4869/games/d666abf976eec528d212/achievements.tsv		4		50		/.rockbox/games/arduboy/roms/Boris goes skiing [ae5087].hex		
88e8a6fdb2c57026a293	Bounce	Arduboy	local-baseline	/.rockbox/achievements/generations/bbda4426deed4869/games/88e8a6fdb2c57026a293/cover.bmp	/.rockbox/achievements/generations/bbda4426deed4869/games/88e8a6fdb2c57026a293/achievements.tsv		4		50		/.rockbox/games/arduboy/roms/Bounce [1ff5fd].hex		
daf4cdde978536abac20	Box Stacker	Arduboy	local-baseline	/.rockbox/achievements/generations/bbda4426deed4869/games/daf4cdde978536abac20/cover.bmp	/.rockbox/achievements/generations/bbda4426deed4869/games/daf4cdde978536abac20/achievements.tsv		4		50		/.rockbox/games/arduboy/roms/Box Stacker [5ff448].hex		
508d802c8ddb8d60f903	Brainfuck interpreter	Arduboy	local-baseline	/.rockbox/achievements/generations/bbda4426deed4869/games/508d802c8ddb8d60f903/cover.bmp	/.rockbox/achievements/generations/bbda4426deed4869/games/508d802c8ddb8d60f903/achievements.tsv		4		50		/.rockbox/games/arduboy/roms/Brainfuck interpreter [2cba3c].hex		
529e44f7b95f2f8d7b82	Breakout-V	Arduboy	local-baseline	/.rockbox/achievements/generations/bbda4426deed4869/games/529e44f7b95f2f8d7b82/cover.bmp	/.rockbox/achievements/generations/bbda4426deed4869/games/529e44f7b95f2f8d7b82/achievements.tsv		4		50		/.rockbox/games/arduboy/roms/Breakout-V [92f126].hex		
f4b293baacf5ca973542	BurgardTime	Arduboy	local-baseline	/.rockbox/achievements/generations/bbda4426deed4869/games/f4b293baacf5ca973542/cover.bmp	/.rockbox/achievements/generations/bbda4426deed4869/games/f4b293baacf5ca973542/achievements.tsv		4		50		/.rockbox/games/arduboy/roms/BurgardTime [a3687e].hex		
320c544a7888c11fcd76	Cascade Path	Arduboy	local-baseline	/.rockbox/achievements/generations/bbda4426deed4869/games/320c544a7888c11fcd76/cover.bmp	/.rockbox/achievements/generations/bbda4426deed4869/games/320c544a7888c11fcd76/achievements.tsv		4		50		/.rockbox/games/arduboy/roms/Cascade Path [1a9f36].hex		
d8972168060271984d79	CastleBoy	Arduboy	local-baseline	/.rockbox/achievements/generations/bbda4426deed4869/games/d8972168060271984d79/cover.bmp	/.rockbox/achievements/generations/bbda4426deed4869/games/d8972168060271984d79/achievements.tsv		4		50		/.rockbox/games/arduboy/roms/CastleBoy [3c1e5a].hex		
c2a618f7f362e132ec78	Catacombs of the damned!	Arduboy	local-baseline	/.rockbox/achievements/generations/bbda4426deed4869/games/c2a618f7f362e132ec78/cover.bmp	/.rockbox/achievements/generations/bbda4426deed4869/games/c2a618f7f362e132ec78/achievements.tsv		4		50		/.rockbox/games/arduboy/roms/Catacombs of the damned! [a11673].hex		
05afae33e91c20f71004	Chicken Launcher	Arduboy	local-baseline	/.rockbox/achievements/generations/bbda4426deed4869/games/05afae33e91c20f71004/cover.bmp	/.rockbox/achievements/generations/bbda4426deed4869/games/05afae33e91c20f71004/achievements.tsv		4		50		/.rockbox/games/arduboy/roms/Chicken Launcher [d74c28].hex		
5d90b5de93d562a0ba9b	Chie Magari Ita	Arduboy	local-baseline	/.rockbox/achievements/generations/bbda4426deed4869/games/5d90b5de93d562a0ba9b/cover.bmp	/.rockbox/achievements/generations/bbda4426deed4869/games/5d90b5de93d562a0ba9b/achievements.tsv		4		50		/.rockbox/games/arduboy/roms/Chie Magari Ita [6297d2].hex		
d3091461aaa5d1fc5681	Chirp	Arduboy	local-baseline	/.rockbox/achievements/generations/bbda4426deed4869/games/d3091461aaa5d1fc5681/cover.bmp	/.rockbox/achievements/generations/bbda4426deed4869/games/d3091461aaa5d1fc5681/achievements.tsv		4		50		/.rockbox/games/arduboy/roms/Chirp [3ec3c8].hex		
bb1cd27e0f59ff9071e9	Choplifter	Arduboy	local-baseline	/.rockbox/achievements/generations/bbda4426deed4869/games/bb1cd27e0f59ff9071e9/cover.bmp	/.rockbox/achievements/generations/bbda4426deed4869/games/bb1cd27e0f59ff9071e9/achievements.tsv		4		50		/.rockbox/games/arduboy/roms/Choplifter [448b9b].hex		
b94e70e3e733323b5deb	Chri-Bocchi Cat	Arduboy	local-baseline	/.rockbox/achievements/generations/bbda4426deed4869/games/b94e70e3e733323b5deb/cover.bmp	/.rockbox/achievements/generations/bbda4426deed4869/games/b94e70e3e733323b5deb/achievements.tsv		4		50		/.rockbox/games/arduboy/roms/Chri-Bocchi Cat [fdac0b].hex		
e80e7bed655a7644045a	Chrome Dino	Arduboy	local-baseline	/.rockbox/achievements/generations/bbda4426deed4869/games/e80e7bed655a7644045a/cover.bmp	/.rockbox/achievements/generations/bbda4426deed4869/games/e80e7bed655a7644045a/achievements.tsv		4		50		/.rockbox/games/arduboy/roms/Chrome Dino [1dc867].hex		
60851d43308e0a2d7bda	Chrome Dino - Halloween	Arduboy	local-baseline	/.rockbox/achievements/generations/bbda4426deed4869/games/60851d43308e0a2d7bda/cover.bmp	/.rockbox/achievements/generations/bbda4426deed4869/games/60851d43308e0a2d7bda/achievements.tsv		4		50		/.rockbox/games/arduboy/roms/Chrome Dino - Halloween [ad5e66].hex		
b7a8935973b8d24cd077	Cistercia	Arduboy	local-baseline	/.rockbox/achievements/generations/bbda4426deed4869/games/b7a8935973b8d24cd077/cover.bmp	/.rockbox/achievements/generations/bbda4426deed4869/games/b7a8935973b8d24cd077/achievements.tsv		4		50		/.rockbox/games/arduboy/roms/Cistercia [b23503].hex		
d6602d45d122996dcf51	Coder's Toolbox	Arduboy	local-baseline	/.rockbox/achievements/generations/bbda4426deed4869/games/d6602d45d122996dcf51/cover.bmp	/.rockbox/achievements/generations/bbda4426deed4869/games/d6602d45d122996dcf51/achievements.tsv		4		50		/.rockbox/games/arduboy/roms/Coder's Toolbox [1f125f].hex		
73508395fec137ca405e	CosmicPods	Arduboy	local-baseline	/.rockbox/achievements/generations/bbda4426deed4869/games/73508395fec137ca405e/cover.bmp	/.rockbox/achievements/generations/bbda4426deed4869/games/73508395fec137ca405e/achievements.tsv		4		50		/.rockbox/games/arduboy/roms/CosmicPods [19721d].hex		
8129f6d5fb81b847d55b	CowBro	Arduboy	local-baseline	/.rockbox/achievements/generations/bbda4426deed4869/games/8129f6d5fb81b847d55b/cover.bmp	/.rockbox/achievements/generations/bbda4426deed4869/games/8129f6d5fb81b847d55b/achievements.tsv		4		50		/.rockbox/games/arduboy/roms/CowBro [764d6a].hex		
8fd7345f45c5065d2c9f	Crabator	Arduboy	local-baseline	/.rockbox/achievements/generations/bbda4426deed4869/games/8fd7345f45c5065d2c9f/cover.bmp	/.rockbox/achievements/generations/bbda4426deed4869/games/8fd7345f45c5065d2c9f/achievements.tsv		4		50		/.rockbox/games/arduboy/roms/Crabator [cd2462].hex		
b2db6d1e017ef1c9ea5b	Crate Confusion	Arduboy	local-baseline	/.rockbox/achievements/generations/bbda4426deed4869/games/b2db6d1e017ef1c9ea5b/cover.bmp	/.rockbox/achievements/generations/bbda4426deed4869/games/b2db6d1e017ef1c9ea5b/achievements.tsv		4		50		/.rockbox/games/arduboy/roms/Crate Confusion [a304ef].hex		
8d20d9dc83e16b130840	Crates 3D	Arduboy	local-baseline	/.rockbox/achievements/generations/bbda4426deed4869/games/8d20d9dc83e16b130840/cover.bmp	/.rockbox/achievements/generations/bbda4426deed4869/games/8d20d9dc83e16b130840/achievements.tsv		4		50		/.rockbox/games/arduboy/roms/Crates 3D [eb8081].hex		
7d7adcbe4c0b4853db1b	CrazyKart	Arduboy	local-baseline	/.rockbox/achievements/generations/bbda4426deed4869/games/7d7adcbe4c0b4853db1b/cover.bmp	/.rockbox/achievements/generations/bbda4426deed4869/games/7d7adcbe4c0b4853db1b/achievements.tsv		4		50		/.rockbox/games/arduboy/roms/CrazyKart [7b2341].hex		
e917ca8df8ef18b3efab	Cribbage	Arduboy	local-baseline	/.rockbox/achievements/generations/bbda4426deed4869/games/e917ca8df8ef18b3efab/cover.bmp	/.rockbox/achievements/generations/bbda4426deed4869/games/e917ca8df8ef18b3efab/achievements.tsv		4		50		/.rockbox/games/arduboy/roms/Cribbage [ec1207].hex		
81620e51a68b8dbbe84e	Cripple Mr Onion!	Arduboy	local-baseline	/.rockbox/achievements/generations/bbda4426deed4869/games/81620e51a68b8dbbe84e/cover.bmp	/.rockbox/achievements/generations/bbda4426deed4869/games/81620e51a68b8dbbe84e/achievements.tsv		4		50		/.rockbox/games/arduboy/roms/Cripple Mr Onion! [1c18fe].hex		
a513d7d1e55854a5c9d6	Cursed Mansion 1300	Arduboy	local-baseline	/.rockbox/achievements/generations/bbda4426deed4869/games/a513d7d1e55854a5c9d6/cover.bmp	/.rockbox/achievements/generations/bbda4426deed4869/games/a513d7d1e55854a5c9d6/achievements.tsv		4		50		/.rockbox/games/arduboy/roms/Cursed Mansion 1300 [310f18].hex		
67ab35d0dc62fbd1b695	Cute E	Arduboy	local-baseline	/.rockbox/achievements/generations/bbda4426deed4869/games/67ab35d0dc62fbd1b695/cover.bmp	/.rockbox/achievements/generations/bbda4426deed4869/games/67ab35d0dc62fbd1b695/achievements.tsv		4		50		/.rockbox/games/arduboy/roms/Cute E [f06c3b].hex		
0ae9fe6c85786d2b183f	CyberHack	Arduboy	local-baseline	/.rockbox/achievements/generations/bbda4426deed4869/games/0ae9fe6c85786d2b183f/cover.bmp	/.rockbox/achievements/generations/bbda4426deed4869/games/0ae9fe6c85786d2b183f/achievements.tsv		4		50		/.rockbox/games/arduboy/roms/CyberHack [b66803].hex		
97827c6010269152e2f2	DanceRow	Arduboy	local-baseline	/.rockbox/achievements/generations/bbda4426deed4869/games/97827c6010269152e2f2/cover.bmp	/.rockbox/achievements/generations/bbda4426deed4869/games/97827c6010269152e2f2/achievements.tsv		4		50		/.rockbox/games/arduboy/roms/DanceRow [6a710d].hex		
354f7f67d0697486809a	Dark & Under	Arduboy	local-baseline	/.rockbox/achievements/generations/bbda4426deed4869/games/354f7f67d0697486809a/cover.bmp	/.rockbox/achievements/generations/bbda4426deed4869/games/354f7f67d0697486809a/achievements.tsv		4		50		/.rockbox/games/arduboy/roms/Dark & Under [8ba227].hex		
bc90235a18d67f303efa	Deep Dish Nine	Arduboy	local-baseline	/.rockbox/achievements/generations/bbda4426deed4869/games/bc90235a18d67f303efa/cover.bmp	/.rockbox/achievements/generations/bbda4426deed4869/games/bc90235a18d67f303efa/achievements.tsv		4		50		/.rockbox/games/arduboy/roms/Deep Dish Nine [499ef3].hex		
f4eba5bd2a42e3244965	Defenduino	Arduboy	local-baseline	/.rockbox/achievements/generations/bbda4426deed4869/games/f4eba5bd2a42e3244965/cover.bmp	/.rockbox/achievements/generations/bbda4426deed4869/games/f4eba5bd2a42e3244965/achievements.tsv		4		50		/.rockbox/games/arduboy/roms/Defenduino [471b44].hex		
77844f0a407f356dc845	Diamonds	Arduboy	local-baseline	/.rockbox/achievements/generations/bbda4426deed4869/games/77844f0a407f356dc845/cover.bmp	/.rockbox/achievements/generations/bbda4426deed4869/games/77844f0a407f356dc845/achievements.tsv		4		50		/.rockbox/games/arduboy/roms/Diamonds [e0d7e8].hex		
0042c2692bf759d966b0	Digger	Arduboy	local-baseline	/.rockbox/achievements/generations/bbda4426deed4869/games/0042c2692bf759d966b0/cover.bmp	/.rockbox/achievements/generations/bbda4426deed4869/games/0042c2692bf759d966b0/achievements.tsv		4		50		/.rockbox/games/arduboy/roms/Digger [23dfaa].hex		
d943095a7d4f28b976af	DIGMAN	Arduboy	local-baseline	/.rockbox/achievements/generations/bbda4426deed4869/games/d943095a7d4f28b976af/cover.bmp	/.rockbox/achievements/generations/bbda4426deed4869/games/d943095a7d4f28b976af/achievements.tsv		4		50		/.rockbox/games/arduboy/roms/DIGMAN [1f829e].hex		
f23fa470424afae7b2e5	Do You Remember Love	Arduboy	local-baseline	/.rockbox/achievements/generations/bbda4426deed4869/games/f23fa470424afae7b2e5/cover.bmp	/.rockbox/achievements/generations/bbda4426deed4869/games/f23fa470424afae7b2e5/achievements.tsv		4		50		/.rockbox/games/arduboy/roms/Do You Remember Love [7fcc52].hex		
1923e74a747f05c916a3	Dominoes 'All Fives'	Arduboy	local-baseline	/.rockbox/achievements/generations/bbda4426deed4869/games/1923e74a747f05c916a3/cover.bmp	/.rockbox/achievements/generations/bbda4426deed4869/games/1923e74a747f05c916a3/achievements.tsv		4		50		/.rockbox/games/arduboy/roms/Dominoes 'All Fives' [40a221].hex		
429b87a49bc5a1bae895	Egg Master Pro 2020	Arduboy	local-baseline	/.rockbox/achievements/generations/bbda4426deed4869/games/429b87a49bc5a1bae895/cover.bmp	/.rockbox/achievements/generations/bbda4426deed4869/games/429b87a49bc5a1bae895/achievements.tsv		4		50		/.rockbox/games/arduboy/roms/Egg Master Pro 2020 [cfc639].hex		
91fff0161a100154a8d7	Electronic Quarterback	Arduboy	local-baseline	/.rockbox/achievements/generations/bbda4426deed4869/games/91fff0161a100154a8d7/cover.bmp	/.rockbox/achievements/generations/bbda4426deed4869/games/91fff0161a100154a8d7/achievements.tsv		4		50		/.rockbox/games/arduboy/roms/Electronic Quarterback [b1cdf7].hex		
8752a11ac691e6c9c9d8	ElsieBoy4	Arduboy	local-baseline	/.rockbox/achievements/generations/bbda4426deed4869/games/8752a11ac691e6c9c9d8/cover.bmp	/.rockbox/achievements/generations/bbda4426deed4869/games/8752a11ac691e6c9c9d8/achievements.tsv		4		50		/.rockbox/games/arduboy/roms/ElsieBoy4 [5e126c].hex		
bfbc0de1534e05dc573d	Epic Mini Games!	Arduboy	local-baseline	/.rockbox/achievements/generations/bbda4426deed4869/games/bfbc0de1534e05dc573d/cover.bmp	/.rockbox/achievements/generations/bbda4426deed4869/games/bfbc0de1534e05dc573d/achievements.tsv		4		50		/.rockbox/games/arduboy/roms/Epic Mini Games! [b9a252].hex		
75a1d591b5e3b3bbbcd2	Evade	Arduboy	local-baseline	/.rockbox/achievements/generations/bbda4426deed4869/games/75a1d591b5e3b3bbbcd2/cover.bmp	/.rockbox/achievements/generations/bbda4426deed4869/games/75a1d591b5e3b3bbbcd2/achievements.tsv		4		50		/.rockbox/games/arduboy/roms/Evade [5a545f].hex		
819bdbdfe710382ec26d	Evade 2	Arduboy	local-baseline	/.rockbox/achievements/generations/bbda4426deed4869/games/819bdbdfe710382ec26d/cover.bmp	/.rockbox/achievements/generations/bbda4426deed4869/games/819bdbdfe710382ec26d/achievements.tsv		4		50		/.rockbox/games/arduboy/roms/Evade 2 [150634].hex		
13c6a426cb7d3e5a5ec2	Fanboat	Arduboy	local-baseline	/.rockbox/achievements/generations/bbda4426deed4869/games/13c6a426cb7d3e5a5ec2/cover.bmp	/.rockbox/achievements/generations/bbda4426deed4869/games/13c6a426cb7d3e5a5ec2/achievements.tsv		4		50		/.rockbox/games/arduboy/roms/Fanboat [ab7519].hex		
590fa17cd83a7939df1e	Farkle	Arduboy	local-baseline	/.rockbox/achievements/generations/bbda4426deed4869/games/590fa17cd83a7939df1e/cover.bmp	/.rockbox/achievements/generations/bbda4426deed4869/games/590fa17cd83a7939df1e/achievements.tsv		4		50		/.rockbox/games/arduboy/roms/Farkle [13d73b].hex		
b9337652ff0e1f6b1411	Fatsche	Arduboy	local-baseline	/.rockbox/achievements/generations/bbda4426deed4869/games/b9337652ff0e1f6b1411/cover.bmp	/.rockbox/achievements/generations/bbda4426deed4869/games/b9337652ff0e1f6b1411/achievements.tsv		4		50		/.rockbox/games/arduboy/roms/Fatsche [f4c529].hex		
b29170a2c5f19f35c123	Fidget Spinner	Arduboy	local-baseline	/.rockbox/achievements/generations/bbda4426deed4869/games/b29170a2c5f19f35c123/cover.bmp	/.rockbox/achievements/generations/bbda4426deed4869/games/b29170a2c5f19f35c123/achievements.tsv		4		50		/.rockbox/games/arduboy/roms/Fidget Spinner [050dfe].hex		
b03dcbf2004b53638a65	Fire	Arduboy	local-baseline	/.rockbox/achievements/generations/bbda4426deed4869/games/b03dcbf2004b53638a65/cover.bmp	/.rockbox/achievements/generations/bbda4426deed4869/games/b03dcbf2004b53638a65/achievements.tsv		4		50		/.rockbox/games/arduboy/roms/Fire [f58887].hex		
cecc2c7034816bd177c9	Flappy Ball	Arduboy	local-baseline	/.rockbox/achievements/generations/bbda4426deed4869/games/cecc2c7034816bd177c9/cover.bmp	/.rockbox/achievements/generations/bbda4426deed4869/games/cecc2c7034816bd177c9/achievements.tsv		4		50		/.rockbox/games/arduboy/roms/Flappy Ball [1fd0d0].hex		
b4f9256880a2810f216a	Flappy Birdie	Arduboy	local-baseline	/.rockbox/achievements/generations/bbda4426deed4869/games/b4f9256880a2810f216a/cover.bmp	/.rockbox/achievements/generations/bbda4426deed4869/games/b4f9256880a2810f216a/achievements.tsv		4		50		/.rockbox/games/arduboy/roms/Flappy Birdie [630615].hex		
511e79f8ce3e38c31723	Flood fill	Arduboy	local-baseline	/.rockbox/achievements/generations/bbda4426deed4869/games/511e79f8ce3e38c31723/cover.bmp	/.rockbox/achievements/generations/bbda4426deed4869/games/511e79f8ce3e38c31723/achievements.tsv		4		50		/.rockbox/games/arduboy/roms/Flood fill [5b1f7a].hex		
cf026a6927953a49b7af	Galaxion	Arduboy	local-baseline	/.rockbox/achievements/generations/bbda4426deed4869/games/cf026a6927953a49b7af/cover.bmp	/.rockbox/achievements/generations/bbda4426deed4869/games/cf026a6927953a49b7af/achievements.tsv		4		50		/.rockbox/games/arduboy/roms/Galaxion [702831].hex		
3d865f3f3811405666fc	Game of Life	Arduboy	local-baseline	/.rockbox/achievements/generations/bbda4426deed4869/games/3d865f3f3811405666fc/cover.bmp	/.rockbox/achievements/generations/bbda4426deed4869/games/3d865f3f3811405666fc/achievements.tsv		4		50		/.rockbox/games/arduboy/roms/Game of Life [f0c15e].hex		
ec7752df1b5b0f6e412b	Games'n Goblins: The Game!	Arduboy	local-baseline	/.rockbox/achievements/generations/bbda4426deed4869/games/ec7752df1b5b0f6e412b/cover.bmp	/.rockbox/achievements/generations/bbda4426deed4869/games/ec7752df1b5b0f6e412b/achievements.tsv		4		50		/.rockbox/games/arduboy/roms/Games'n Goblins The Game! [bb15c8].hex		
54b44367a0bbe55bace9	German Whist	Arduboy	local-baseline	/.rockbox/achievements/generations/bbda4426deed4869/games/54b44367a0bbe55bace9/cover.bmp	/.rockbox/achievements/generations/bbda4426deed4869/games/54b44367a0bbe55bace9/achievements.tsv		4		50		/.rockbox/games/arduboy/roms/German Whist [253499].hex		
f1284d37965f21127910	Gilbert in the Downland	Arduboy	local-baseline	/.rockbox/achievements/generations/bbda4426deed4869/games/f1284d37965f21127910/cover.bmp	/.rockbox/achievements/generations/bbda4426deed4869/games/f1284d37965f21127910/achievements.tsv		4		50		/.rockbox/games/arduboy/roms/Gilbert in the Downland [b32537].hex		
129845fc343e97199566	Glove	Arduboy	local-baseline	/.rockbox/achievements/generations/bbda4426deed4869/games/129845fc343e97199566/cover.bmp	/.rockbox/achievements/generations/bbda4426deed4869/games/129845fc343e97199566/achievements.tsv		4		50		/.rockbox/games/arduboy/roms/Glove [29d26e].hex		
485a9126108067f002e5	Graph	Arduboy	local-baseline	/.rockbox/achievements/generations/bbda4426deed4869/games/485a9126108067f002e5/cover.bmp	/.rockbox/achievements/generations/bbda4426deed4869/games/485a9126108067f002e5/achievements.tsv		4		50		/.rockbox/games/arduboy/roms/Graph [564e51].hex		
bd3171d9ba615566db8e	Graph 2	Arduboy	local-baseline	/.rockbox/achievements/generations/bbda4426deed4869/games/bd3171d9ba615566db8e/cover.bmp	/.rockbox/achievements/generations/bbda4426deed4869/games/bd3171d9ba615566db8e/achievements.tsv		4		50		/.rockbox/games/arduboy/roms/Graph 2 [c28c62].hex		
dc6d5d8dc8968df2b366	Hangman!	Arduboy	local-baseline	/.rockbox/achievements/generations/bbda4426deed4869/games/dc6d5d8dc8968df2b366/cover.bmp	/.rockbox/achievements/generations/bbda4426deed4869/games/dc6d5d8dc8968df2b366/achievements.tsv		4		50		/.rockbox/games/arduboy/roms/Hangman! [b2390d].hex		
03e45a39cb532acd65d3	Harambe's Revenge	Arduboy	local-baseline	/.rockbox/achievements/generations/bbda4426deed4869/games/03e45a39cb532acd65d3/cover.bmp	/.rockbox/achievements/generations/bbda4426deed4869/games/03e45a39cb532acd65d3/achievements.tsv		4		50		/.rockbox/games/arduboy/roms/Harambe's Revenge [c0f145].hex		
62e926f3c1f9e40de912	Helii	Arduboy	local-baseline	/.rockbox/achievements/generations/bbda4426deed4869/games/62e926f3c1f9e40de912/cover.bmp	/.rockbox/achievements/generations/bbda4426deed4869/games/62e926f3c1f9e40de912/achievements.tsv		4		50		/.rockbox/games/arduboy/roms/Helii [edb7bc].hex		
a2014aed5f7da2ff1dae	Hello, Commander	Arduboy	local-baseline	/.rockbox/achievements/generations/bbda4426deed4869/games/a2014aed5f7da2ff1dae/cover.bmp	/.rockbox/achievements/generations/bbda4426deed4869/games/a2014aed5f7da2ff1dae/achievements.tsv		4		50		/.rockbox/games/arduboy/roms/Hello, Commander [6dcfb5].hex		
7fabc965b91332b639f7	Hollow Seeker	Arduboy	local-baseline	/.rockbox/achievements/generations/bbda4426deed4869/games/7fabc965b91332b639f7/cover.bmp	/.rockbox/achievements/generations/bbda4426deed4869/games/7fabc965b91332b639f7/achievements.tsv		4		50		/.rockbox/games/arduboy/roms/Hollow Seeker [1c0f31].hex		
f729482870c0472f22bb	Hopper	Arduboy	local-baseline	/.rockbox/achievements/generations/bbda4426deed4869/games/f729482870c0472f22bb/cover.bmp	/.rockbox/achievements/generations/bbda4426deed4869/games/f729482870c0472f22bb/achievements.tsv		4		50		/.rockbox/games/arduboy/roms/Hopper [8d219b].hex		
ee9ec8a1e38a7c7ae492	HP35boy	Arduboy	local-baseline	/.rockbox/achievements/generations/bbda4426deed4869/games/ee9ec8a1e38a7c7ae492/cover.bmp	/.rockbox/achievements/generations/bbda4426deed4869/games/ee9ec8a1e38a7c7ae492/achievements.tsv		4		50		/.rockbox/games/arduboy/roms/HP35boy [1926af].hex		
c5e1de8511d4dafba3b6	Humanity Revenge DC	Arduboy	local-baseline	/.rockbox/achievements/generations/bbda4426deed4869/games/c5e1de8511d4dafba3b6/cover.bmp	/.rockbox/achievements/generations/bbda4426deed4869/games/c5e1de8511d4dafba3b6/achievements.tsv		4		50		/.rockbox/games/arduboy/roms/Humanity Revenge DC [4e03ab].hex		
d520273285d13d4467f2	IDOUDO	Arduboy	local-baseline	/.rockbox/achievements/generations/bbda4426deed4869/games/d520273285d13d4467f2/cover.bmp	/.rockbox/achievements/generations/bbda4426deed4869/games/d520273285d13d4467f2/achievements.tsv		4		50		/.rockbox/games/arduboy/roms/IDOUDO [47c186].hex		
70a7124b828343e32d7e	Invaders	Arduboy	local-baseline	/.rockbox/achievements/generations/bbda4426deed4869/games/70a7124b828343e32d7e/cover.bmp	/.rockbox/achievements/generations/bbda4426deed4869/games/70a7124b828343e32d7e/achievements.tsv		4		50		/.rockbox/games/arduboy/roms/Invaders [b269a3].hex		
5546e5973fd5e9455d65	Is this? Loss - The Game	Arduboy	local-baseline	/.rockbox/achievements/generations/bbda4426deed4869/games/5546e5973fd5e9455d65/cover.bmp	/.rockbox/achievements/generations/bbda4426deed4869/games/5546e5973fd5e9455d65/achievements.tsv		4		50		/.rockbox/games/arduboy/roms/Is this Loss - The Game [25faa6].hex		
12e7981a7aaa05e4eb15	Jet Pac	Arduboy	local-baseline	/.rockbox/achievements/generations/bbda4426deed4869/games/12e7981a7aaa05e4eb15/cover.bmp	/.rockbox/achievements/generations/bbda4426deed4869/games/12e7981a7aaa05e4eb15/achievements.tsv		4		50		/.rockbox/games/arduboy/roms/Jet Pac [9b7a1f].hex		
30e5dfb7b774ff8bdecc	Jezzball	Arduboy	local-baseline	/.rockbox/achievements/generations/bbda4426deed4869/games/30e5dfb7b774ff8bdecc/cover.bmp	/.rockbox/achievements/generations/bbda4426deed4869/games/30e5dfb7b774ff8bdecc/achievements.tsv		4		50		/.rockbox/games/arduboy/roms/Jezzball [084a0b].hex		
6c78c7800003a6b66492	Joustish	Arduboy	local-baseline	/.rockbox/achievements/generations/bbda4426deed4869/games/6c78c7800003a6b66492/cover.bmp	/.rockbox/achievements/generations/bbda4426deed4869/games/6c78c7800003a6b66492/achievements.tsv		4		50		/.rockbox/games/arduboy/roms/Joustish [94bbaa].hex		
9aa6c6475aa09d80ecda	JumpBoy	Arduboy	local-baseline	/.rockbox/achievements/generations/bbda4426deed4869/games/9aa6c6475aa09d80ecda/cover.bmp	/.rockbox/achievements/generations/bbda4426deed4869/games/9aa6c6475aa09d80ecda/achievements.tsv		4		50		/.rockbox/games/arduboy/roms/JumpBoy [63c0c3].hex		
a857537049d5261dc998	Juno First	Arduboy	local-baseline	/.rockbox/achievements/generations/bbda4426deed4869/games/a857537049d5261dc998/cover.bmp	/.rockbox/achievements/generations/bbda4426deed4869/games/a857537049d5261dc998/achievements.tsv		4		50		/.rockbox/games/arduboy/roms/Juno First [0db787].hex		
ffe0a31c6954a7c0f8ca	Karateka	Arduboy	local-baseline	/.rockbox/achievements/generations/bbda4426deed4869/games/ffe0a31c6954a7c0f8ca/cover.bmp	/.rockbox/achievements/generations/bbda4426deed4869/games/ffe0a31c6954a7c0f8ca/achievements.tsv		4		50		/.rockbox/games/arduboy/roms/Karateka [51105e].hex		
eb89cff3124dc8237e64	Kemono Patrol	Arduboy	local-baseline	/.rockbox/achievements/generations/bbda4426deed4869/games/eb89cff3124dc8237e64/cover.bmp	/.rockbox/achievements/generations/bbda4426deed4869/games/eb89cff3124dc8237e64/achievements.tsv		4		50		/.rockbox/games/arduboy/roms/Kemono Patrol [2fcea5].hex		
daa32a846d227da41445	KeyKat - I.T.	Arduboy	local-baseline	/.rockbox/achievements/generations/bbda4426deed4869/games/daa32a846d227da41445/cover.bmp	/.rockbox/achievements/generations/bbda4426deed4869/games/daa32a846d227da41445/achievements.tsv		4		50		/.rockbox/games/arduboy/roms/KeyKat - I.T [71905e].hex		
c97f05d218bc76e22200	Knight Move	Arduboy	local-baseline	/.rockbox/achievements/generations/bbda4426deed4869/games/c97f05d218bc76e22200/cover.bmp	/.rockbox/achievements/generations/bbda4426deed4869/games/c97f05d218bc76e22200/achievements.tsv		4		50		/.rockbox/games/arduboy/roms/Knight Move [8c8d94].hex		
fbba53f3d875c0562307	Kong	Arduboy	local-baseline	/.rockbox/achievements/generations/bbda4426deed4869/games/fbba53f3d875c0562307/cover.bmp	/.rockbox/achievements/generations/bbda4426deed4869/games/fbba53f3d875c0562307/achievements.tsv		4		50		/.rockbox/games/arduboy/roms/Kong [cab896].hex		
ad16e5886789300af049	Kong II	Arduboy	local-baseline	/.rockbox/achievements/generations/bbda4426deed4869/games/ad16e5886789300af049/cover.bmp	/.rockbox/achievements/generations/bbda4426deed4869/games/ad16e5886789300af049/achievements.tsv		4		50		/.rockbox/games/arduboy/roms/Kong II [1745eb].hex		
e443ab487bd7402c79dd	Kooky Kookies	Arduboy	local-baseline	/.rockbox/achievements/generations/bbda4426deed4869/games/e443ab487bd7402c79dd/cover.bmp	/.rockbox/achievements/generations/bbda4426deed4869/games/e443ab487bd7402c79dd/achievements.tsv		4		50		/.rockbox/games/arduboy/roms/Kooky Kookies [5512da].hex		
65d09704de5769378663	Kunenhrayenhnenh	Arduboy	local-baseline	/.rockbox/achievements/generations/bbda4426deed4869/games/65d09704de5769378663/cover.bmp	/.rockbox/achievements/generations/bbda4426deed4869/games/65d09704de5769378663/achievements.tsv		4		50		/.rockbox/games/arduboy/roms/Kunenhrayenhnenh [eca4ef].hex		
f4995cf9ea4746ec0c84	Kung Fu Escape	Arduboy	local-baseline	/.rockbox/achievements/generations/bbda4426deed4869/games/f4995cf9ea4746ec0c84/cover.bmp	/.rockbox/achievements/generations/bbda4426deed4869/games/f4995cf9ea4746ec0c84/achievements.tsv		4		50		/.rockbox/games/arduboy/roms/Kung Fu Escape [d4fb0e].hex		
06c2566eafa74e8ff697	l4arduboy	Arduboy	local-baseline	/.rockbox/achievements/generations/bbda4426deed4869/games/06c2566eafa74e8ff697/cover.bmp	/.rockbox/achievements/generations/bbda4426deed4869/games/06c2566eafa74e8ff697/achievements.tsv		4		50		/.rockbox/games/arduboy/roms/l4arduboy [8a84ca].hex		
b3e42c7a7141c57c91b5	Lasers	Arduboy	local-baseline	/.rockbox/achievements/generations/bbda4426deed4869/games/b3e42c7a7141c57c91b5/cover.bmp	/.rockbox/achievements/generations/bbda4426deed4869/games/b3e42c7a7141c57c91b5/achievements.tsv		4		50		/.rockbox/games/arduboy/roms/Lasers [553a08].hex		
fd10727f74b979054cd7	LATE	Arduboy	local-baseline	/.rockbox/achievements/generations/bbda4426deed4869/games/fd10727f74b979054cd7/cover.bmp	/.rockbox/achievements/generations/bbda4426deed4869/games/fd10727f74b979054cd7/achievements.tsv		4		50		/.rockbox/games/arduboy/roms/LATE [1aaeff].hex		
10dbdf21ffd211514041	Leanna the Lion	Arduboy	local-baseline	/.rockbox/achievements/generations/bbda4426deed4869/games/10dbdf21ffd211514041/cover.bmp	/.rockbox/achievements/generations/bbda4426deed4869/games/10dbdf21ffd211514041/achievements.tsv		4		50		/.rockbox/games/arduboy/roms/Leanna the Lion [ad1a28].hex		
02a19a3e8069631f1503	Light Meter	Arduboy	local-baseline	/.rockbox/achievements/generations/bbda4426deed4869/games/02a19a3e8069631f1503/cover.bmp	/.rockbox/achievements/generations/bbda4426deed4869/games/02a19a3e8069631f1503/achievements.tsv		4		50		/.rockbox/games/arduboy/roms/Light Meter [5467b9].hex		
3463ec0b8ae20e964821	Lion	Arduboy	local-baseline	/.rockbox/achievements/generations/bbda4426deed4869/games/3463ec0b8ae20e964821/cover.bmp	/.rockbox/achievements/generations/bbda4426deed4869/games/3463ec0b8ae20e964821/achievements.tsv		4		50		/.rockbox/games/arduboy/roms/Lion [eba1ab].hex		
13f341bc5cfb7b271c26	Lite Out	Arduboy	local-baseline	/.rockbox/achievements/generations/bbda4426deed4869/games/13f341bc5cfb7b271c26/cover.bmp	/.rockbox/achievements/generations/bbda4426deed4869/games/13f341bc5cfb7b271c26/achievements.tsv		4		50		/.rockbox/games/arduboy/roms/Lite Out [105161].hex		
de9e12556504648df474	Little Rook Chess	Arduboy	local-baseline	/.rockbox/achievements/generations/bbda4426deed4869/games/de9e12556504648df474/cover.bmp	/.rockbox/achievements/generations/bbda4426deed4869/games/de9e12556504648df474/achievements.tsv		4		50		/.rockbox/games/arduboy/roms/Little Rook Chess [9a8cbb].hex		
9b147dba129d789926bf	Lode Runner (Level 1 to 40)	Arduboy	local-baseline	/.rockbox/achievements/generations/bbda4426deed4869/games/9b147dba129d789926bf/cover.bmp	/.rockbox/achievements/generations/bbda4426deed4869/games/9b147dba129d789926bf/achievements.tsv		4		50		/.rockbox/games/arduboy/roms/Lode Runner (Level 1 to 40) [3fc017].hex		
3a406a778dc347a0bb10	Lode Runner (Level 120 to 154)	Arduboy	local-baseline	/.rockbox/achievements/generations/bbda4426deed4869/games/3a406a778dc347a0bb10/cover.bmp	/.rockbox/achievements/generations/bbda4426deed4869/games/3a406a778dc347a0bb10/achievements.tsv		4		50		/.rockbox/games/arduboy/roms/Lode Runner (Level 120 to 154) [36574c].hex		
c8141d7e557e169e159f	Lode Runner (Level 41 to 80)	Arduboy	local-baseline	/.rockbox/achievements/generations/bbda4426deed4869/games/c8141d7e557e169e159f/cover.bmp	/.rockbox/achievements/generations/bbda4426deed4869/games/c8141d7e557e169e159f/achievements.tsv		4		50		/.rockbox/games/arduboy/roms/Lode Runner (Level 41 to 80) [2d3bfb].hex		
22b9d5bc19a318bd0213	Lode Runner (Level 81 to 120)	Arduboy	local-baseline	/.rockbox/achievements/generations/bbda4426deed4869/games/22b9d5bc19a318bd0213/cover.bmp	/.rockbox/achievements/generations/bbda4426deed4869/games/22b9d5bc19a318bd0213/achievements.tsv		4		50		/.rockbox/games/arduboy/roms/Lode Runner (Level 81 to 120) [d7ec16].hex		
780f0dc069a5384d8972	Logix (Game Jam 3)	Arduboy	local-baseline	/.rockbox/achievements/generations/bbda4426deed4869/games/780f0dc069a5384d8972/cover.bmp	/.rockbox/achievements/generations/bbda4426deed4869/games/780f0dc069a5384d8972/achievements.tsv		4		50		/.rockbox/games/arduboy/roms/Logix (Game Jam 3) [708784].hex		
a17bd1ab948b3ba3e02f	Love Tester	Arduboy	local-baseline	/.rockbox/achievements/generations/bbda4426deed4869/games/a17bd1ab948b3ba3e02f/cover.bmp	/.rockbox/achievements/generations/bbda4426deed4869/games/a17bd1ab948b3ba3e02f/achievements.tsv		4		50		/.rockbox/games/arduboy/roms/Love Tester [fc027d].hex		
15161f42078f2090a211	LoveRush	Arduboy	local-baseline	/.rockbox/achievements/generations/bbda4426deed4869/games/15161f42078f2090a211/cover.bmp	/.rockbox/achievements/generations/bbda4426deed4869/games/15161f42078f2090a211/achievements.tsv		4		50		/.rockbox/games/arduboy/roms/LoveRush [c5a0ec].hex		
7aec8b77114369b54022	Magic 8 Arduball	Arduboy	local-baseline	/.rockbox/achievements/generations/bbda4426deed4869/games/7aec8b77114369b54022/cover.bmp	/.rockbox/achievements/generations/bbda4426deed4869/games/7aec8b77114369b54022/achievements.tsv		4		50		/.rockbox/games/arduboy/roms/Magic 8 Arduball [a80650].hex		
694e05e3ebc990531bfc	MayQ	Arduboy	local-baseline	/.rockbox/achievements/generations/bbda4426deed4869/games/694e05e3ebc990531bfc/cover.bmp	/.rockbox/achievements/generations/bbda4426deed4869/games/694e05e3ebc990531bfc/achievements.tsv		4		50		/.rockbox/games/arduboy/roms/MayQ [73319f].hex		
46d69f272ae23aef42b9	MazezaM	Arduboy	local-baseline	/.rockbox/achievements/generations/bbda4426deed4869/games/46d69f272ae23aef42b9/cover.bmp	/.rockbox/achievements/generations/bbda4426deed4869/games/46d69f272ae23aef42b9/achievements.tsv		4		50		/.rockbox/games/arduboy/roms/MazezaM [1ea305].hex		
67d9c36c220157d45309	Mazogs	Arduboy	local-baseline	/.rockbox/achievements/generations/bbda4426deed4869/games/67d9c36c220157d45309/cover.bmp	/.rockbox/achievements/generations/bbda4426deed4869/games/67d9c36c220157d45309/achievements.tsv		4		50		/.rockbox/games/arduboy/roms/Mazogs [839fbb].hex		
b63be179e208045d3f0a	Metalog	Arduboy	local-baseline	/.rockbox/achievements/generations/bbda4426deed4869/games/b63be179e208045d3f0a/cover.bmp	/.rockbox/achievements/generations/bbda4426deed4869/games/b63be179e208045d3f0a/achievements.tsv		4		50		/.rockbox/games/arduboy/roms/Metalog [1df685].hex		
8666e701545440c09bf9	MicroCheckers	Arduboy	local-baseline	/.rockbox/achievements/generations/bbda4426deed4869/games/8666e701545440c09bf9/cover.bmp	/.rockbox/achievements/generations/bbda4426deed4869/games/8666e701545440c09bf9/achievements.tsv		4		50		/.rockbox/games/arduboy/roms/MicroCheckers [546d7a].hex		
82028e81b68f6c513842	MicroCity	Arduboy	local-baseline	/.rockbox/achievements/generations/bbda4426deed4869/games/82028e81b68f6c513842/cover.bmp	/.rockbox/achievements/generations/bbda4426deed4869/games/82028e81b68f6c513842/achievements.tsv		4		50		/.rockbox/games/arduboy/roms/MicroCity [143d5f].hex		
02b0d8e5e64c19bd48da	MicroTank	Arduboy	local-baseline	/.rockbox/achievements/generations/bbda4426deed4869/games/02b0d8e5e64c19bd48da/cover.bmp	/.rockbox/achievements/generations/bbda4426deed4869/games/02b0d8e5e64c19bd48da/achievements.tsv		4		50		/.rockbox/games/arduboy/roms/MicroTank [47ce23].hex		
8679e66da12bcd9ce9fd	MicroTD	Arduboy	local-baseline	/.rockbox/achievements/generations/bbda4426deed4869/games/8679e66da12bcd9ce9fd/cover.bmp	/.rockbox/achievements/generations/bbda4426deed4869/games/8679e66da12bcd9ce9fd/achievements.tsv		4		50		/.rockbox/games/arduboy/roms/MicroTD [a62511].hex		
6c019e994a6da3d683e6	Millipe	Arduboy	local-baseline	/.rockbox/achievements/generations/bbda4426deed4869/games/6c019e994a6da3d683e6/cover.bmp	/.rockbox/achievements/generations/bbda4426deed4869/games/6c019e994a6da3d683e6/achievements.tsv		4		50		/.rockbox/games/arduboy/roms/Millipe [10a5af].hex		
56ee03f1f6d081814d3b	Minesweeper	Arduboy	local-baseline	/.rockbox/achievements/generations/bbda4426deed4869/games/56ee03f1f6d081814d3b/cover.bmp	/.rockbox/achievements/generations/bbda4426deed4869/games/56ee03f1f6d081814d3b/achievements.tsv		4		50		/.rockbox/games/arduboy/roms/Minesweeper [b5d06c].hex		
e784c3b2f2ba9732d981	Mini Rogue	Arduboy	local-baseline	/.rockbox/achievements/generations/bbda4426deed4869/games/e784c3b2f2ba9732d981/cover.bmp	/.rockbox/achievements/generations/bbda4426deed4869/games/e784c3b2f2ba9732d981/achievements.tsv		4		50		/.rockbox/games/arduboy/roms/Mini Rogue [fc0676].hex		
a88d6cdc07f6e31e0c47	Miss Snake	Arduboy	local-baseline	/.rockbox/achievements/generations/bbda4426deed4869/games/a88d6cdc07f6e31e0c47/cover.bmp	/.rockbox/achievements/generations/bbda4426deed4869/games/a88d6cdc07f6e31e0c47/achievements.tsv		4		50		/.rockbox/games/arduboy/roms/Miss Snake [4ac5dc].hex		
5975995f0f7904bde3e3	MUGICGEN POCKET is	Arduboy	local-baseline	/.rockbox/achievements/generations/bbda4426deed4869/games/5975995f0f7904bde3e3/cover.bmp	/.rockbox/achievements/generations/bbda4426deed4869/games/5975995f0f7904bde3e3/achievements.tsv		4		50		/.rockbox/games/arduboy/roms/MUGICGEN POCKET is [758820].hex		
a92457fbcc14cf47496a	Multiplication Table Game	Arduboy	local-baseline	/.rockbox/achievements/generations/bbda4426deed4869/games/a92457fbcc14cf47496a/cover.bmp	/.rockbox/achievements/generations/bbda4426deed4869/games/a92457fbcc14cf47496a/achievements.tsv		4		50		/.rockbox/games/arduboy/roms/Multiplication Table Game [7a8784].hex		
549c7f0763652e00b46e	Nanoseq	Arduboy	local-baseline	/.rockbox/achievements/generations/bbda4426deed4869/games/549c7f0763652e00b46e/cover.bmp	/.rockbox/achievements/generations/bbda4426deed4869/games/549c7f0763652e00b46e/achievements.tsv		4		50		/.rockbox/games/arduboy/roms/Nanoseq [6a0305].hex		
795f4af72a4d634228e7	Night Raid	Arduboy	local-baseline	/.rockbox/achievements/generations/bbda4426deed4869/games/795f4af72a4d634228e7/cover.bmp	/.rockbox/achievements/generations/bbda4426deed4869/games/795f4af72a4d634228e7/achievements.tsv		4		50		/.rockbox/games/arduboy/roms/Night Raid [3218d3].hex		
80e7f69b0cfdcedee3f3	Ninja Fuzzgrawth	Arduboy	local-baseline	/.rockbox/achievements/generations/bbda4426deed4869/games/80e7f69b0cfdcedee3f3/cover.bmp	/.rockbox/achievements/generations/bbda4426deed4869/games/80e7f69b0cfdcedee3f3/achievements.tsv		4		50		/.rockbox/games/arduboy/roms/Ninja Fuzzgrawth [bf9f2f].hex		
d99a8a0c6e15257c036b	Nohzdyve	Arduboy	local-baseline	/.rockbox/achievements/generations/bbda4426deed4869/games/d99a8a0c6e15257c036b/cover.bmp	/.rockbox/achievements/generations/bbda4426deed4869/games/d99a8a0c6e15257c036b/achievements.tsv		4		50		/.rockbox/games/arduboy/roms/Nohzdyve [574dd6].hex		
41162c3100b18ba36825	Nomis	Arduboy	local-baseline	/.rockbox/achievements/generations/bbda4426deed4869/games/41162c3100b18ba36825/cover.bmp	/.rockbox/achievements/generations/bbda4426deed4869/games/41162c3100b18ba36825/achievements.tsv		4		50		/.rockbox/games/arduboy/roms/Nomis [42d890].hex		
d112ebadd670635f7660	Not Just a Hat Rack	Arduboy	local-baseline	/.rockbox/achievements/generations/bbda4426deed4869/games/d112ebadd670635f7660/cover.bmp	/.rockbox/achievements/generations/bbda4426deed4869/games/d112ebadd670635f7660/achievements.tsv		4		50		/.rockbox/games/arduboy/roms/Not Just a Hat Rack [1613db].hex		
770c54e5e53b413377e0	NumberMind	Arduboy	local-baseline	/.rockbox/achievements/generations/bbda4426deed4869/games/770c54e5e53b413377e0/cover.bmp	/.rockbox/achievements/generations/bbda4426deed4869/games/770c54e5e53b413377e0/achievements.tsv		4		50		/.rockbox/games/arduboy/roms/NumberMind [a73190].hex		
48620caec7a99486216a	Oh Mummy	Arduboy	local-baseline	/.rockbox/achievements/generations/bbda4426deed4869/games/48620caec7a99486216a/cover.bmp	/.rockbox/achievements/generations/bbda4426deed4869/games/48620caec7a99486216a/achievements.tsv		4		50		/.rockbox/games/arduboy/roms/Oh Mummy [64612b].hex		
cc5a6ce412da5c9969ec	Oh, You're Gunna Die	Arduboy	local-baseline	/.rockbox/achievements/generations/bbda4426deed4869/games/cc5a6ce412da5c9969ec/cover.bmp	/.rockbox/achievements/generations/bbda4426deed4869/games/cc5a6ce412da5c9969ec/achievements.tsv		4		50		/.rockbox/games/arduboy/roms/Oh, You're Gunna Die [3e1e4b].hex		
b1f584cbf51fd16fcc5a	Oil Panic	Arduboy	local-baseline	/.rockbox/achievements/generations/bbda4426deed4869/games/b1f584cbf51fd16fcc5a/cover.bmp	/.rockbox/achievements/generations/bbda4426deed4869/games/b1f584cbf51fd16fcc5a/achievements.tsv		4		50		/.rockbox/games/arduboy/roms/Oil Panic [7ade8a].hex		
1907ba9b0084c4fb2073	OktaArduToken	Arduboy	local-baseline	/.rockbox/achievements/generations/bbda4426deed4869/games/1907ba9b0084c4fb2073/cover.bmp	/.rockbox/achievements/generations/bbda4426deed4869/games/1907ba9b0084c4fb2073/achievements.tsv		4		50		/.rockbox/games/arduboy/roms/OktaArduToken [dbe5dd].hex		
56affab0021448aa5cdb	Omega Chase	Arduboy	local-baseline	/.rockbox/achievements/generations/bbda4426deed4869/games/56affab0021448aa5cdb/cover.bmp	/.rockbox/achievements/generations/bbda4426deed4869/games/56affab0021448aa5cdb/achievements.tsv		4		50		/.rockbox/games/arduboy/roms/Omega Chase [267e65].hex		
43ae8858784bec752a19	Omega Horizon	Arduboy	local-baseline	/.rockbox/achievements/generations/bbda4426deed4869/games/43ae8858784bec752a19/cover.bmp	/.rockbox/achievements/generations/bbda4426deed4869/games/43ae8858784bec752a19/achievements.tsv		4		50		/.rockbox/games/arduboy/roms/Omega Horizon [0be438].hex		
f943fbf526af8cb55d1f	Orbs	Arduboy	local-baseline	/.rockbox/achievements/generations/bbda4426deed4869/games/f943fbf526af8cb55d1f/cover.bmp	/.rockbox/achievements/generations/bbda4426deed4869/games/f943fbf526af8cb55d1f/achievements.tsv		4		50		/.rockbox/games/arduboy/roms/Orbs [2b80a7].hex		
df2f40ffb0b1a4908c9d	PAC-Tastic	Arduboy	local-baseline	/.rockbox/achievements/generations/bbda4426deed4869/games/df2f40ffb0b1a4908c9d/cover.bmp	/.rockbox/achievements/generations/bbda4426deed4869/games/df2f40ffb0b1a4908c9d/achievements.tsv		4		50		/.rockbox/games/arduboy/roms/PAC-Tastic [1cecd8].hex		
306dac04d347c404334b	Paqman	Arduboy	local-baseline	/.rockbox/achievements/generations/bbda4426deed4869/games/306dac04d347c404334b/cover.bmp	/.rockbox/achievements/generations/bbda4426deed4869/games/306dac04d347c404334b/achievements.tsv		4		50		/.rockbox/games/arduboy/roms/Paqman [98c918].hex		
4c09a6eeae1d223d912b	Petit of the dead	Arduboy	local-baseline	/.rockbox/achievements/generations/bbda4426deed4869/games/4c09a6eeae1d223d912b/cover.bmp	/.rockbox/achievements/generations/bbda4426deed4869/games/4c09a6eeae1d223d912b/achievements.tsv		4		50		/.rockbox/games/arduboy/roms/Petit of the dead [6f7765].hex		
901d4a196a5196fffb95	Petitseq	Arduboy	local-baseline	/.rockbox/achievements/generations/bbda4426deed4869/games/901d4a196a5196fffb95/cover.bmp	/.rockbox/achievements/generations/bbda4426deed4869/games/901d4a196a5196fffb95/achievements.tsv		4		50		/.rockbox/games/arduboy/roms/Petitseq [f9e5ed].hex		
b1fa9e70b3a186ee960c	PI 24k	Arduboy	local-baseline	/.rockbox/achievements/generations/bbda4426deed4869/games/b1fa9e70b3a186ee960c/cover.bmp	/.rockbox/achievements/generations/bbda4426deed4869/games/b1fa9e70b3a186ee960c/achievements.tsv		4		50		/.rockbox/games/arduboy/roms/PI 24k [9ac2ca].hex		
b4b2d84f58d6f6f96ad1	Picovaders	Arduboy	local-baseline	/.rockbox/achievements/generations/bbda4426deed4869/games/b4b2d84f58d6f6f96ad1/cover.bmp	/.rockbox/achievements/generations/bbda4426deed4869/games/b4b2d84f58d6f6f96ad1/achievements.tsv		4		50		/.rockbox/games/arduboy/roms/Picovaders [cc2568].hex		
e330d31976260a80fe30	PiCross	Arduboy	local-baseline	/.rockbox/achievements/generations/bbda4426deed4869/games/e330d31976260a80fe30/cover.bmp	/.rockbox/achievements/generations/bbda4426deed4869/games/e330d31976260a80fe30/achievements.tsv		4		50		/.rockbox/games/arduboy/roms/PiCross [e5b1f6].hex		
4245b6aca432220e7301	Pipe Boy	Arduboy	local-baseline	/.rockbox/achievements/generations/bbda4426deed4869/games/4245b6aca432220e7301/cover.bmp	/.rockbox/achievements/generations/bbda4426deed4869/games/4245b6aca432220e7301/achievements.tsv		4		50		/.rockbox/games/arduboy/roms/Pipe Boy [ba8cdd].hex		
34a66aed690cc6cee02a	Pipes	Arduboy	local-baseline	/.rockbox/achievements/generations/bbda4426deed4869/games/34a66aed690cc6cee02a/cover.bmp	/.rockbox/achievements/generations/bbda4426deed4869/games/34a66aed690cc6cee02a/achievements.tsv		4		50		/.rockbox/games/arduboy/roms/Pipes [bbc9c1].hex		
d45f5066f866658e5d7c	Pocket Fighter	Arduboy	local-baseline	/.rockbox/achievements/generations/bbda4426deed4869/games/d45f5066f866658e5d7c/cover.bmp	/.rockbox/achievements/generations/bbda4426deed4869/games/d45f5066f866658e5d7c/achievements.tsv		4		50		/.rockbox/games/arduboy/roms/Pocket Fighter [5104df].hex		
988a8bd9966aeb8e3b59	Pocket Othello	Arduboy	local-baseline	/.rockbox/achievements/generations/bbda4426deed4869/games/988a8bd9966aeb8e3b59/cover.bmp	/.rockbox/achievements/generations/bbda4426deed4869/games/988a8bd9966aeb8e3b59/achievements.tsv		4		50		/.rockbox/games/arduboy/roms/Pocket Othello [5662a8].hex		
06678f1a67eebd16b727	Pocket PDA	Arduboy	local-baseline	/.rockbox/achievements/generations/bbda4426deed4869/games/06678f1a67eebd16b727/cover.bmp	/.rockbox/achievements/generations/bbda4426deed4869/games/06678f1a67eebd16b727/achievements.tsv		4		50		/.rockbox/games/arduboy/roms/Pocket PDA [e8425e].hex		
961481ab923ce2b2ed1a	Poitto	Arduboy	local-baseline	/.rockbox/achievements/generations/bbda4426deed4869/games/961481ab923ce2b2ed1a/cover.bmp	/.rockbox/achievements/generations/bbda4426deed4869/games/961481ab923ce2b2ed1a/achievements.tsv		4		50		/.rockbox/games/arduboy/roms/Poitto [c29a10].hex		
dabb4c55e82ff9b99d5e	Pong	Arduboy	local-baseline	/.rockbox/achievements/generations/bbda4426deed4869/games/dabb4c55e82ff9b99d5e/cover.bmp	/.rockbox/achievements/generations/bbda4426deed4869/games/dabb4c55e82ff9b99d5e/achievements.tsv		4		50		/.rockbox/games/arduboy/roms/Pong [5d42d2].hex		
ef21a3993d8b6790647e	PongHauKi	Arduboy	local-baseline	/.rockbox/achievements/generations/bbda4426deed4869/games/ef21a3993d8b6790647e/cover.bmp	/.rockbox/achievements/generations/bbda4426deed4869/games/ef21a3993d8b6790647e/achievements.tsv		4		50		/.rockbox/games/arduboy/roms/PongHauKi [8d04b0].hex		
a920d6efecfabac27cbb	Poop Panic!	Arduboy	local-baseline	/.rockbox/achievements/generations/bbda4426deed4869/games/a920d6efecfabac27cbb/cover.bmp	/.rockbox/achievements/generations/bbda4426deed4869/games/a920d6efecfabac27cbb/achievements.tsv		4		50		/.rockbox/games/arduboy/roms/Poop Panic! [3cfeeb].hex		
e5dbba1b3342db29cb0e	Psi Colo	Arduboy	local-baseline	/.rockbox/achievements/generations/bbda4426deed4869/games/e5dbba1b3342db29cb0e/cover.bmp	/.rockbox/achievements/generations/bbda4426deed4869/games/e5dbba1b3342db29cb0e/achievements.tsv		4		50		/.rockbox/games/arduboy/roms/Psi Colo [a7f4a5].hex		
49420803b7ed950d145e	Pyoro!	Arduboy	local-baseline	/.rockbox/achievements/generations/bbda4426deed4869/games/49420803b7ed950d145e/cover.bmp	/.rockbox/achievements/generations/bbda4426deed4869/games/49420803b7ed950d145e/achievements.tsv		4		50		/.rockbox/games/arduboy/roms/Pyoro! [91bb4a].hex		
eeec9997986483ee8bea	Quadrastic	Arduboy	local-baseline	/.rockbox/achievements/generations/bbda4426deed4869/games/eeec9997986483ee8bea/cover.bmp	/.rockbox/achievements/generations/bbda4426deed4869/games/eeec9997986483ee8bea/achievements.tsv		4		50		/.rockbox/games/arduboy/roms/Quadrastic [62f452].hex		
af6a910260f8ac9bbe34	Quarto!	Arduboy	local-baseline	/.rockbox/achievements/generations/bbda4426deed4869/games/af6a910260f8ac9bbe34/cover.bmp	/.rockbox/achievements/generations/bbda4426deed4869/games/af6a910260f8ac9bbe34/achievements.tsv		4		50		/.rockbox/games/arduboy/roms/Quarto! [34a6d6].hex		
6262b710a06c2c00ce7e	Randocity	Arduboy	local-baseline	/.rockbox/achievements/generations/bbda4426deed4869/games/6262b710a06c2c00ce7e/cover.bmp	/.rockbox/achievements/generations/bbda4426deed4869/games/6262b710a06c2c00ce7e/achievements.tsv		4		50		/.rockbox/games/arduboy/roms/Randocity [950b5f].hex		
a0684ba74bc425f7cce8	Ravine Despoiler	Arduboy	local-baseline	/.rockbox/achievements/generations/bbda4426deed4869/games/a0684ba74bc425f7cce8/cover.bmp	/.rockbox/achievements/generations/bbda4426deed4869/games/a0684ba74bc425f7cce8/achievements.tsv		4		50		/.rockbox/games/arduboy/roms/Ravine Despoiler [edec82].hex		
026080b276d5cbfce8dd	Rayne the Rogue	Arduboy	local-baseline	/.rockbox/achievements/generations/bbda4426deed4869/games/026080b276d5cbfce8dd/cover.bmp	/.rockbox/achievements/generations/bbda4426deed4869/games/026080b276d5cbfce8dd/achievements.tsv		4		50		/.rockbox/games/arduboy/roms/Rayne the Rogue [43e88d].hex		
3fd88a9c1443becf16c0	Reversi	Arduboy	local-baseline	/.rockbox/achievements/generations/bbda4426deed4869/games/3fd88a9c1443becf16c0/cover.bmp	/.rockbox/achievements/generations/bbda4426deed4869/games/3fd88a9c1443becf16c0/achievements.tsv		4		50		/.rockbox/games/arduboy/roms/Reversi [b27ae8].hex		
84d0f0d2eacf140cb21f	Rick and Morty Game	Arduboy	local-baseline	/.rockbox/achievements/generations/bbda4426deed4869/games/84d0f0d2eacf140cb21f/cover.bmp	/.rockbox/achievements/generations/bbda4426deed4869/games/84d0f0d2eacf140cb21f/achievements.tsv		4		50		/.rockbox/games/arduboy/roms/Rick and Morty Game [d1e57a].hex		
f705abe88fbd58651897	Ring Puzzle	Arduboy	local-baseline	/.rockbox/achievements/generations/bbda4426deed4869/games/f705abe88fbd58651897/cover.bmp	/.rockbox/achievements/generations/bbda4426deed4869/games/f705abe88fbd58651897/achievements.tsv		4		50		/.rockbox/games/arduboy/roms/Ring Puzzle [88735f].hex		
9690506527955ce62f4f	Road Trip	Arduboy	local-baseline	/.rockbox/achievements/generations/bbda4426deed4869/games/9690506527955ce62f4f/cover.bmp	/.rockbox/achievements/generations/bbda4426deed4869/games/9690506527955ce62f4f/achievements.tsv		4		50		/.rockbox/games/arduboy/roms/Road Trip [6de930].hex		
b1669f5d6bcb3c79ed37	RoboDodge	Arduboy	local-baseline	/.rockbox/achievements/generations/bbda4426deed4869/games/b1669f5d6bcb3c79ed37/cover.bmp	/.rockbox/achievements/generations/bbda4426deed4869/games/b1669f5d6bcb3c79ed37/achievements.tsv		4		50		/.rockbox/games/arduboy/roms/RoboDodge [3589bb].hex		
2ab88a947940c1457db7	Rogue	Arduboy	local-baseline	/.rockbox/achievements/generations/bbda4426deed4869/games/2ab88a947940c1457db7/cover.bmp	/.rockbox/achievements/generations/bbda4426deed4869/games/2ab88a947940c1457db7/achievements.tsv		4		50		/.rockbox/games/arduboy/roms/Rogue [dc8eaa].hex		
1e17d796d4ad91411d50	Roo Run	Arduboy	local-baseline	/.rockbox/achievements/generations/bbda4426deed4869/games/1e17d796d4ad91411d50/cover.bmp	/.rockbox/achievements/generations/bbda4426deed4869/games/1e17d796d4ad91411d50/achievements.tsv		4		50		/.rockbox/games/arduboy/roms/Roo Run [ca1982].hex		
2b864be0891f7b1ed1ae	Rooftop Rescue	Arduboy	local-baseline	/.rockbox/achievements/generations/bbda4426deed4869/games/2b864be0891f7b1ed1ae/cover.bmp	/.rockbox/achievements/generations/bbda4426deed4869/games/2b864be0891f7b1ed1ae/achievements.tsv		4		50		/.rockbox/games/arduboy/roms/Rooftop Rescue [20f99b].hex		
880cce2400ed7e90f2a7	Roshambo	Arduboy	local-baseline	/.rockbox/achievements/generations/bbda4426deed4869/games/880cce2400ed7e90f2a7/cover.bmp	/.rockbox/achievements/generations/bbda4426deed4869/games/880cce2400ed7e90f2a7/achievements.tsv		4		50		/.rockbox/games/arduboy/roms/Roshambo [6aba21].hex		
b4519b90fffc50ccff81	Row Farm	Arduboy	local-baseline	/.rockbox/achievements/generations/bbda4426deed4869/games/b4519b90fffc50ccff81/cover.bmp	/.rockbox/achievements/generations/bbda4426deed4869/games/b4519b90fffc50ccff81/achievements.tsv		4		50		/.rockbox/games/arduboy/roms/Row Farm [6adbf6].hex		
6ca060a0a45c28f74aae	SameGame - A famous tile-matching puzzle	Arduboy	local-baseline	/.rockbox/achievements/generations/bbda4426deed4869/games/6ca060a0a45c28f74aae/cover.bmp	/.rockbox/achievements/generations/bbda4426deed4869/games/6ca060a0a45c28f74aae/achievements.tsv		4		50		/.rockbox/games/arduboy/roms/SameGame - A famous tile-matching puzzle [09bca0].hex		
35fc78197d768aef8eb4	SanSan	Arduboy	local-baseline	/.rockbox/achievements/generations/bbda4426deed4869/games/35fc78197d768aef8eb4/cover.bmp	/.rockbox/achievements/generations/bbda4426deed4869/games/35fc78197d768aef8eb4/achievements.tsv		4		50		/.rockbox/games/arduboy/roms/SanSan [c4702d].hex		
809c0b3ad32a9b3310dd	Santa's Happy Little Packer	Arduboy	local-baseline	/.rockbox/achievements/generations/bbda4426deed4869/games/809c0b3ad32a9b3310dd/cover.bmp	/.rockbox/achievements/generations/bbda4426deed4869/games/809c0b3ad32a9b3310dd/achievements.tsv		4		50		/.rockbox/games/arduboy/roms/Santa's Happy Little Packer [adab99].hex		
a2e2c4cedcf9c798ddbc	Self destruct message	Arduboy	local-baseline	/.rockbox/achievements/generations/bbda4426deed4869/games/a2e2c4cedcf9c798ddbc/cover.bmp	/.rockbox/achievements/generations/bbda4426deed4869/games/a2e2c4cedcf9c798ddbc/achievements.tsv		4		50		/.rockbox/games/arduboy/roms/Self destruct message [e81b7e].hex		
1ad9d4111ee3085a54fe	Sensitive	Arduboy	local-baseline	/.rockbox/achievements/generations/bbda4426deed4869/games/1ad9d4111ee3085a54fe/cover.bmp	/.rockbox/achievements/generations/bbda4426deed4869/games/1ad9d4111ee3085a54fe/achievements.tsv		4		50		/.rockbox/games/arduboy/roms/Sensitive [fc4c6a].hex		
9c65b5f3afab38dfe55b	SetSystemEEPROM	Arduboy	local-baseline	/.rockbox/achievements/generations/bbda4426deed4869/games/9c65b5f3afab38dfe55b/cover.bmp	/.rockbox/achievements/generations/bbda4426deed4869/games/9c65b5f3afab38dfe55b/achievements.tsv		4		50		/.rockbox/games/arduboy/roms/SetSystemEEPROM [7c7b59].hex		
6fac7dbe42ac83790fc5	SFCave	Arduboy	local-baseline	/.rockbox/achievements/generations/bbda4426deed4869/games/6fac7dbe42ac83790fc5/cover.bmp	/.rockbox/achievements/generations/bbda4426deed4869/games/6fac7dbe42ac83790fc5/achievements.tsv		4		50		/.rockbox/games/arduboy/roms/SFCave [035989].hex		
a207503e79b6343b2599	SFZ	Arduboy	local-baseline	/.rockbox/achievements/generations/bbda4426deed4869/games/a207503e79b6343b2599/cover.bmp	/.rockbox/achievements/generations/bbda4426deed4869/games/a207503e79b6343b2599/achievements.tsv		4		50		/.rockbox/games/arduboy/roms/SFZ [bcc701].hex		
0a2469dadfd8fc52085e	Shattered Lands	Arduboy	local-baseline	/.rockbox/achievements/generations/bbda4426deed4869/games/0a2469dadfd8fc52085e/cover.bmp	/.rockbox/achievements/generations/bbda4426deed4869/games/0a2469dadfd8fc52085e/achievements.tsv		4		50		/.rockbox/games/arduboy/roms/Shattered Lands [c50967].hex		
20888a53a19039cb99dd	Siege	Arduboy	local-baseline	/.rockbox/achievements/generations/bbda4426deed4869/games/20888a53a19039cb99dd/cover.bmp	/.rockbox/achievements/generations/bbda4426deed4869/games/20888a53a19039cb99dd/achievements.tsv		4		50		/.rockbox/games/arduboy/roms/Siege [5abdb0].hex		
a2d891be6a5c0f50fb1f	SkateArdDie!	Arduboy	local-baseline	/.rockbox/achievements/generations/bbda4426deed4869/games/a2d891be6a5c0f50fb1f/cover.bmp	/.rockbox/achievements/generations/bbda4426deed4869/games/a2d891be6a5c0f50fb1f/achievements.tsv		4		50		/.rockbox/games/arduboy/roms/SkateArdDie! [a9334f].hex		
d45c72229b759431d5ef	Sketch-A-Sketch	Arduboy	local-baseline	/.rockbox/achievements/generations/bbda4426deed4869/games/d45c72229b759431d5ef/cover.bmp	/.rockbox/achievements/generations/bbda4426deed4869/games/d45c72229b759431d5ef/achievements.tsv		4		50		/.rockbox/games/arduboy/roms/Sketch-A-Sketch [a7db67].hex		
846d811984fe292d8f62	Snake	Arduboy	local-baseline	/.rockbox/achievements/generations/bbda4426deed4869/games/846d811984fe292d8f62/cover.bmp	/.rockbox/achievements/generations/bbda4426deed4869/games/846d811984fe292d8f62/achievements.tsv		4		50		/.rockbox/games/arduboy/roms/Snake [8cad96].hex		
d5a20fc6fa7555f260d8	Snake	Arduboy	local-baseline	/.rockbox/achievements/generations/bbda4426deed4869/games/d5a20fc6fa7555f260d8/cover.bmp	/.rockbox/achievements/generations/bbda4426deed4869/games/d5a20fc6fa7555f260d8/achievements.tsv		4		50		/.rockbox/games/arduboy/roms/Snake [e3b8af].hex		
2dbc47a44648069564a1	snELk	Arduboy	local-baseline	/.rockbox/achievements/generations/bbda4426deed4869/games/2dbc47a44648069564a1/cover.bmp	/.rockbox/achievements/generations/bbda4426deed4869/games/2dbc47a44648069564a1/achievements.tsv		4		50		/.rockbox/games/arduboy/roms/snELk [f536eb].hex		
c81682e2faf85f9c0a12	Solitaire	Arduboy	local-baseline	/.rockbox/achievements/generations/bbda4426deed4869/games/c81682e2faf85f9c0a12/cover.bmp	/.rockbox/achievements/generations/bbda4426deed4869/games/c81682e2faf85f9c0a12/achievements.tsv		4		50		/.rockbox/games/arduboy/roms/Solitaire [70c5aa].hex		
dd10fecd7e346da5f03f	Space Battle - Trench Run	Arduboy	local-baseline	/.rockbox/achievements/generations/bbda4426deed4869/games/dd10fecd7e346da5f03f/cover.bmp	/.rockbox/achievements/generations/bbda4426deed4869/games/dd10fecd7e346da5f03f/achievements.tsv		4		50		/.rockbox/games/arduboy/roms/Space Battle - Trench Run [3f7c31].hex		
613730005b6074d3b321	Space Cab	Arduboy	local-baseline	/.rockbox/achievements/generations/bbda4426deed4869/games/613730005b6074d3b321/cover.bmp	/.rockbox/achievements/generations/bbda4426deed4869/games/613730005b6074d3b321/achievements.tsv		4		50		/.rockbox/games/arduboy/roms/Space Cab [5edc25].hex		
3e170d5c7581de926dc7	Space Fighter	Arduboy	local-baseline	/.rockbox/achievements/generations/bbda4426deed4869/games/3e170d5c7581de926dc7/cover.bmp	/.rockbox/achievements/generations/bbda4426deed4869/games/3e170d5c7581de926dc7/achievements.tsv		4		50		/.rockbox/games/arduboy/roms/Space Fighter [9e9a37].hex		
b84c3695812047ae671d	Space Invaders	Arduboy	local-baseline	/.rockbox/achievements/generations/bbda4426deed4869/games/b84c3695812047ae671d/cover.bmp	/.rockbox/achievements/generations/bbda4426deed4869/games/b84c3695812047ae671d/achievements.tsv		4		50		/.rockbox/games/arduboy/roms/Space Invaders [d682b3].hex		
79ed6a0fd2ab83ae80c9	Space Knife	Arduboy	local-baseline	/.rockbox/achievements/generations/bbda4426deed4869/games/79ed6a0fd2ab83ae80c9/cover.bmp	/.rockbox/achievements/generations/bbda4426deed4869/games/79ed6a0fd2ab83ae80c9/achievements.tsv		4		50		/.rockbox/games/arduboy/roms/Space Knife [dc2a78].hex		
3e6b035979adac88d701	Space Quarth	Arduboy	local-baseline	/.rockbox/achievements/generations/bbda4426deed4869/games/3e6b035979adac88d701/cover.bmp	/.rockbox/achievements/generations/bbda4426deed4869/games/3e6b035979adac88d701/achievements.tsv		4		50		/.rockbox/games/arduboy/roms/Space Quarth [964eb8].hex		
4fec0debd7c80f4ed3f9	Square Nose	Arduboy	local-baseline	/.rockbox/achievements/generations/bbda4426deed4869/games/4fec0debd7c80f4ed3f9/cover.bmp	/.rockbox/achievements/generations/bbda4426deed4869/games/4fec0debd7c80f4ed3f9/achievements.tsv		4		50		/.rockbox/games/arduboy/roms/Square Nose [1dd773].hex		
5dca7b58335239d88efb	Squario	Arduboy	local-baseline	/.rockbox/achievements/generations/bbda4426deed4869/games/5dca7b58335239d88efb/cover.bmp	/.rockbox/achievements/generations/bbda4426deed4869/games/5dca7b58335239d88efb/achievements.tsv		4		50		/.rockbox/games/arduboy/roms/Squario [0fee4b].hex		
1020bd3327102a7b8b8d	Squid Jump	Arduboy	local-baseline	/.rockbox/achievements/generations/bbda4426deed4869/games/1020bd3327102a7b8b8d/cover.bmp	/.rockbox/achievements/generations/bbda4426deed4869/games/1020bd3327102a7b8b8d/achievements.tsv		4		50		/.rockbox/games/arduboy/roms/Squid Jump [bdad3c].hex		
d1ea99c21f8132f63154	Stairs Sweep	Arduboy	local-baseline	/.rockbox/achievements/generations/bbda4426deed4869/games/d1ea99c21f8132f63154/cover.bmp	/.rockbox/achievements/generations/bbda4426deed4869/games/d1ea99c21f8132f63154/achievements.tsv		4		50		/.rockbox/games/arduboy/roms/Stairs Sweep [9c79a5].hex		
1b0410c85e3a3c81c383	Star Honor	Arduboy	local-baseline	/.rockbox/achievements/generations/bbda4426deed4869/games/1b0410c85e3a3c81c383/cover.bmp	/.rockbox/achievements/generations/bbda4426deed4869/games/1b0410c85e3a3c81c383/achievements.tsv		4		50		/.rockbox/games/arduboy/roms/Star Honor [a6b71d].hex		
1d5e38321b1dc708e091	Starduino	Arduboy	local-baseline	/.rockbox/achievements/generations/bbda4426deed4869/games/1d5e38321b1dc708e091/cover.bmp	/.rockbox/achievements/generations/bbda4426deed4869/games/1d5e38321b1dc708e091/achievements.tsv		4		50		/.rockbox/games/arduboy/roms/Starduino [8397d8].hex		
4f66c1e351cff5cfdc0a	Starduino Turbo	Arduboy	local-baseline	/.rockbox/achievements/generations/bbda4426deed4869/games/4f66c1e351cff5cfdc0a/cover.bmp	/.rockbox/achievements/generations/bbda4426deed4869/games/4f66c1e351cff5cfdc0a/achievements.tsv		4		50		/.rockbox/games/arduboy/roms/Starduino Turbo [31bd7b].hex		
a8ef1a0dcb8a4125c82c	Stellar Impact	Arduboy	local-baseline	/.rockbox/achievements/generations/bbda4426deed4869/games/a8ef1a0dcb8a4125c82c/cover.bmp	/.rockbox/achievements/generations/bbda4426deed4869/games/a8ef1a0dcb8a4125c82c/achievements.tsv		4		50		/.rockbox/games/arduboy/roms/Stellar Impact [40f0be].hex		
5bfc7abd8cb65b801eb7	Sudoku-NBP	Arduboy	local-baseline	/.rockbox/achievements/generations/bbda4426deed4869/games/5bfc7abd8cb65b801eb7/cover.bmp	/.rockbox/achievements/generations/bbda4426deed4869/games/5bfc7abd8cb65b801eb7/achievements.tsv		4		50		/.rockbox/games/arduboy/roms/Sudoku-NBP [005998].hex		
40cbc6011784fc0af46c	Super Crate Buino	Arduboy	local-baseline	/.rockbox/achievements/generations/bbda4426deed4869/games/40cbc6011784fc0af46c/cover.bmp	/.rockbox/achievements/generations/bbda4426deed4869/games/40cbc6011784fc0af46c/achievements.tsv		4		50		/.rockbox/games/arduboy/roms/Super Crate Buino [2fb317].hex		
3455f3fe6d641e21f321	Super Soldiers	Arduboy	local-baseline	/.rockbox/achievements/generations/bbda4426deed4869/games/3455f3fe6d641e21f321/cover.bmp	/.rockbox/achievements/generations/bbda4426deed4869/games/3455f3fe6d641e21f321/achievements.tsv		4		50		/.rockbox/games/arduboy/roms/Super Soldiers [eb262f].hex		
893a61505d6d157b3fe2	Tackle Box	Arduboy	local-baseline	/.rockbox/achievements/generations/bbda4426deed4869/games/893a61505d6d157b3fe2/cover.bmp	/.rockbox/achievements/generations/bbda4426deed4869/games/893a61505d6d157b3fe2/achievements.tsv		4		50		/.rockbox/games/arduboy/roms/Tackle Box [566276].hex		
da74207ae2c1f524a943	Tamaguino-AB	Arduboy	local-baseline	/.rockbox/achievements/generations/bbda4426deed4869/games/da74207ae2c1f524a943/cover.bmp	/.rockbox/achievements/generations/bbda4426deed4869/games/da74207ae2c1f524a943/achievements.tsv		4		50		/.rockbox/games/arduboy/roms/Tamaguino-AB [45f0c5].hex		
9fca64c8ae6b314c74ae	Techno Monkey	Arduboy	local-baseline	/.rockbox/achievements/generations/bbda4426deed4869/games/9fca64c8ae6b314c74ae/cover.bmp	/.rockbox/achievements/generations/bbda4426deed4869/games/9fca64c8ae6b314c74ae/achievements.tsv		4		50		/.rockbox/games/arduboy/roms/Techno Monkey [ad0eb5].hex		
d513d7bf757b377e6968	Tetris	Arduboy	local-baseline	/.rockbox/achievements/generations/bbda4426deed4869/games/d513d7bf757b377e6968/cover.bmp	/.rockbox/achievements/generations/bbda4426deed4869/games/d513d7bf757b377e6968/achievements.tsv		4		50		/.rockbox/games/arduboy/roms/Tetris [8a55a3].hex		
7c4aeb705066199ac16f	Tetroi	Arduboy	local-baseline	/.rockbox/achievements/generations/bbda4426deed4869/games/7c4aeb705066199ac16f/cover.bmp	/.rockbox/achievements/generations/bbda4426deed4869/games/7c4aeb705066199ac16f/achievements.tsv		4		50		/.rockbox/games/arduboy/roms/Tetroi [c0c8ad].hex		
d0932f16c1fff382e7f6	The Bounce	Arduboy	local-baseline	/.rockbox/achievements/generations/bbda4426deed4869/games/d0932f16c1fff382e7f6/cover.bmp	/.rockbox/achievements/generations/bbda4426deed4869/games/d0932f16c1fff382e7f6/achievements.tsv		4		50		/.rockbox/games/arduboy/roms/The Bounce [860b11].hex		
ed9e46a0a5b52489c4ad	The Curse of Astarok	Arduboy	local-baseline	/.rockbox/achievements/generations/bbda4426deed4869/games/ed9e46a0a5b52489c4ad/cover.bmp	/.rockbox/achievements/generations/bbda4426deed4869/games/ed9e46a0a5b52489c4ad/achievements.tsv		4		50		/.rockbox/games/arduboy/roms/The Curse of Astarok [0ec233].hex		
6c7baeef2c7c7872116c	The guy who never complains	Arduboy	local-baseline	/.rockbox/achievements/generations/bbda4426deed4869/games/6c7baeef2c7c7872116c/cover.bmp	/.rockbox/achievements/generations/bbda4426deed4869/games/6c7baeef2c7c7872116c/achievements.tsv		4		50		/.rockbox/games/arduboy/roms/The guy who never complains [2c3ae6].hex		
1e239d8a2cb970c218c1	The Quest for Truth	Arduboy	local-baseline	/.rockbox/achievements/generations/bbda4426deed4869/games/1e239d8a2cb970c218c1/cover.bmp	/.rockbox/achievements/generations/bbda4426deed4869/games/1e239d8a2cb970c218c1/achievements.tsv		4		50		/.rockbox/games/arduboy/roms/The Quest for Truth [383dc8].hex		
79514a2e2462b25952f1	The Social Distance Game	Arduboy	local-baseline	/.rockbox/achievements/generations/bbda4426deed4869/games/79514a2e2462b25952f1/cover.bmp	/.rockbox/achievements/generations/bbda4426deed4869/games/79514a2e2462b25952f1/achievements.tsv		4		50		/.rockbox/games/arduboy/roms/The Social Distance Game [93198c].hex		
68625c9e0620249ac5a6	TheQuestForTruth	Arduboy	local-baseline	/.rockbox/achievements/generations/bbda4426deed4869/games/68625c9e0620249ac5a6/cover.bmp	/.rockbox/achievements/generations/bbda4426deed4869/games/68625c9e0620249ac5a6/achievements.tsv		4		50		/.rockbox/games/arduboy/roms/TheQuestForTruth [5f9569].hex		
d3dc81ae1e3fe025e660	TicTacCurly	Arduboy	local-baseline	/.rockbox/achievements/generations/bbda4426deed4869/games/d3dc81ae1e3fe025e660/cover.bmp	/.rockbox/achievements/generations/bbda4426deed4869/games/d3dc81ae1e3fe025e660/achievements.tsv		4		50		/.rockbox/games/arduboy/roms/TicTacCurly [3e4017].hex		
fc38e104a6fbe79401d0	TiMiNoo	Arduboy	local-baseline	/.rockbox/achievements/generations/bbda4426deed4869/games/fc38e104a6fbe79401d0/cover.bmp	/.rockbox/achievements/generations/bbda4426deed4869/games/fc38e104a6fbe79401d0/achievements.tsv		4		50		/.rockbox/games/arduboy/roms/TiMiNoo [27ec27].hex		
31afe0a1fab377c9da10	Tiny Asteroids	Arduboy	local-baseline	/.rockbox/achievements/generations/bbda4426deed4869/games/31afe0a1fab377c9da10/cover.bmp	/.rockbox/achievements/generations/bbda4426deed4869/games/31afe0a1fab377c9da10/achievements.tsv		4		50		/.rockbox/games/arduboy/roms/Tiny Asteroids [927e42].hex		
51c80c1d3f82dd28685a	Tiny Depth	Arduboy	local-baseline	/.rockbox/achievements/generations/bbda4426deed4869/games/51c80c1d3f82dd28685a/cover.bmp	/.rockbox/achievements/generations/bbda4426deed4869/games/51c80c1d3f82dd28685a/achievements.tsv		4		50		/.rockbox/games/arduboy/roms/Tiny Depth [ecbc6a].hex		
0cc35715bf607a29dbf7	Tiny Digital Invader	Arduboy	local-baseline	/.rockbox/achievements/generations/bbda4426deed4869/games/0cc35715bf607a29dbf7/cover.bmp	/.rockbox/achievements/generations/bbda4426deed4869/games/0cc35715bf607a29dbf7/achievements.tsv		4		50		/.rockbox/games/arduboy/roms/Tiny Digital Invader [058a1f].hex		
cc9b28bd8e00b43dfccc	Tiny NS-Tower	Arduboy	local-baseline	/.rockbox/achievements/generations/bbda4426deed4869/games/cc9b28bd8e00b43dfccc/cover.bmp	/.rockbox/achievements/generations/bbda4426deed4869/games/cc9b28bd8e00b43dfccc/achievements.tsv		4		50		/.rockbox/games/arduboy/roms/Tiny NS-Tower [12fa54].hex		
822565a68d8825c25f2d	Tiny Sokoban	Arduboy	local-baseline	/.rockbox/achievements/generations/bbda4426deed4869/games/822565a68d8825c25f2d/cover.bmp	/.rockbox/achievements/generations/bbda4426deed4869/games/822565a68d8825c25f2d/achievements.tsv		4		50		/.rockbox/games/arduboy/roms/Tiny Sokoban [6b1f12].hex		
124db9e379b8fa5d94c4	Tiny-Bert	Arduboy	local-baseline	/.rockbox/achievements/generations/bbda4426deed4869/games/124db9e379b8fa5d94c4/cover.bmp	/.rockbox/achievements/generations/bbda4426deed4869/games/124db9e379b8fa5d94c4/achievements.tsv		4		50		/.rockbox/games/arduboy/roms/Tiny-Bert [bb940d].hex		
230233732d5aaf471165	Tiny-Bike v1.2	Arduboy	local-baseline	/.rockbox/achievements/generations/bbda4426deed4869/games/230233732d5aaf471165/cover.bmp	/.rockbox/achievements/generations/bbda4426deed4869/games/230233732d5aaf471165/achievements.tsv		4		50		/.rockbox/games/arduboy/roms/Tiny-Bike v1.2 [258b4b].hex		
e70262be59e3187f3621	Tiny-DDug	Arduboy	local-baseline	/.rockbox/achievements/generations/bbda4426deed4869/games/e70262be59e3187f3621/cover.bmp	/.rockbox/achievements/generations/bbda4426deed4869/games/e70262be59e3187f3621/achievements.tsv		4		50		/.rockbox/games/arduboy/roms/Tiny-DDug [213e71].hex		
36691913c8c9c9488577	Tiny-Doc	Arduboy	local-baseline	/.rockbox/achievements/generations/bbda4426deed4869/games/36691913c8c9c9488577/cover.bmp	/.rockbox/achievements/generations/bbda4426deed4869/games/36691913c8c9c9488577/achievements.tsv		4		50		/.rockbox/games/arduboy/roms/Tiny-Doc [e42531].hex		
83991972e8600982ac68	Tiny-Lander	Arduboy	local-baseline	/.rockbox/achievements/generations/bbda4426deed4869/games/83991972e8600982ac68/cover.bmp	/.rockbox/achievements/generations/bbda4426deed4869/games/83991972e8600982ac68/achievements.tsv		4		50		/.rockbox/games/arduboy/roms/Tiny-Lander [76fb1b].hex		
7e096b7b0ea7d5f68531	Tiny-Missile	Arduboy	local-baseline	/.rockbox/achievements/generations/bbda4426deed4869/games/7e096b7b0ea7d5f68531/cover.bmp	/.rockbox/achievements/generations/bbda4426deed4869/games/7e096b7b0ea7d5f68531/achievements.tsv		4		50		/.rockbox/games/arduboy/roms/Tiny-Missile [fa4a60].hex		
1877ece7076610cef92d	Tiny-Morpion	Arduboy	local-baseline	/.rockbox/achievements/generations/bbda4426deed4869/games/1877ece7076610cef92d/cover.bmp	/.rockbox/achievements/generations/bbda4426deed4869/games/1877ece7076610cef92d/achievements.tsv		4		50		/.rockbox/games/arduboy/roms/Tiny-Morpion [112c79].hex		
fb0a3f46456f09836c1c	Tiny-Pipe	Arduboy	local-baseline	/.rockbox/achievements/generations/bbda4426deed4869/games/fb0a3f46456f09836c1c/cover.bmp	/.rockbox/achievements/generations/bbda4426deed4869/games/fb0a3f46456f09836c1c/achievements.tsv		4		50		/.rockbox/games/arduboy/roms/Tiny-Pipe [6f57ff].hex		
81235a5447e2c7ea969b	Tiny-Plaque	Arduboy	local-baseline	/.rockbox/achievements/generations/bbda4426deed4869/games/81235a5447e2c7ea969b/cover.bmp	/.rockbox/achievements/generations/bbda4426deed4869/games/81235a5447e2c7ea969b/achievements.tsv		4		50		/.rockbox/games/arduboy/roms/Tiny-Plaque [89c2b4].hex		
69e85333efcea0f824d3	Tiny-SQuest	Arduboy	local-baseline	/.rockbox/achievements/generations/bbda4426deed4869/games/69e85333efcea0f824d3/cover.bmp	/.rockbox/achievements/generations/bbda4426deed4869/games/69e85333efcea0f824d3/achievements.tsv		4		50		/.rockbox/games/arduboy/roms/Tiny-SQuest [fd2413].hex		
d93f1ea2a5690e333851	Tiny-Trick	Arduboy	local-baseline	/.rockbox/achievements/generations/bbda4426deed4869/games/d93f1ea2a5690e333851/cover.bmp	/.rockbox/achievements/generations/bbda4426deed4869/games/d93f1ea2a5690e333851/achievements.tsv		4		50		/.rockbox/games/arduboy/roms/Tiny-Trick [5a2630].hex		
384277f4741b92f53050	Tiny-Tris	Arduboy	local-baseline	/.rockbox/achievements/generations/bbda4426deed4869/games/384277f4741b92f53050/cover.bmp	/.rockbox/achievements/generations/bbda4426deed4869/games/384277f4741b92f53050/achievements.tsv		4		50		/.rockbox/games/arduboy/roms/Tiny-Tris [48bd8c].hex		
43f529cf1f8c5defffc7	TinyDungeon	Arduboy	local-baseline	/.rockbox/achievements/generations/bbda4426deed4869/games/43f529cf1f8c5defffc7/cover.bmp	/.rockbox/achievements/generations/bbda4426deed4869/games/43f529cf1f8c5defffc7/achievements.tsv		4		50		/.rockbox/games/arduboy/roms/TinyDungeon [65c288].hex		
41fdf552503bfaa39be0	To	Arduboy	local-baseline	/.rockbox/achievements/generations/bbda4426deed4869/games/41fdf552503bfaa39be0/cover.bmp	/.rockbox/achievements/generations/bbda4426deed4869/games/41fdf552503bfaa39be0/achievements.tsv		4		50		/.rockbox/games/arduboy/roms/To [04cbfa].hex		
eb9d6b683f125c1277bc	Toyoshiki Tiny Basic	Arduboy	local-baseline	/.rockbox/achievements/generations/bbda4426deed4869/games/eb9d6b683f125c1277bc/cover.bmp	/.rockbox/achievements/generations/bbda4426deed4869/games/eb9d6b683f125c1277bc/achievements.tsv		4		50		/.rockbox/games/arduboy/roms/Toyoshiki Tiny Basic [29139e].hex		
21123862f85237982f1a	Train Dodge	Arduboy	local-baseline	/.rockbox/achievements/generations/bbda4426deed4869/games/21123862f85237982f1a/cover.bmp	/.rockbox/achievements/generations/bbda4426deed4869/games/21123862f85237982f1a/achievements.tsv		4		50		/.rockbox/games/arduboy/roms/Train Dodge [272706].hex		
a4bd932ca2a996210ce1	Tres	Arduboy	local-baseline	/.rockbox/achievements/generations/bbda4426deed4869/games/a4bd932ca2a996210ce1/cover.bmp	/.rockbox/achievements/generations/bbda4426deed4869/games/a4bd932ca2a996210ce1/achievements.tsv		4		50		/.rockbox/games/arduboy/roms/Tres [d5173a].hex		
c824e0dcc55cba8c4fd3	Tris	Arduboy	local-baseline	/.rockbox/achievements/generations/bbda4426deed4869/games/c824e0dcc55cba8c4fd3/cover.bmp	/.rockbox/achievements/generations/bbda4426deed4869/games/c824e0dcc55cba8c4fd3/achievements.tsv		4		50		/.rockbox/games/arduboy/roms/Tris [64acfb].hex		
eed4facab729837ca042	TTyGO	Arduboy	local-baseline	/.rockbox/achievements/generations/bbda4426deed4869/games/eed4facab729837ca042/cover.bmp	/.rockbox/achievements/generations/bbda4426deed4869/games/eed4facab729837ca042/achievements.tsv		4		50		/.rockbox/games/arduboy/roms/TTyGO [2eefce].hex		
8e6a3d7b88469ff12299	Turtle Bridge	Arduboy	local-baseline	/.rockbox/achievements/generations/bbda4426deed4869/games/8e6a3d7b88469ff12299/cover.bmp	/.rockbox/achievements/generations/bbda4426deed4869/games/8e6a3d7b88469ff12299/achievements.tsv		4		50		/.rockbox/games/arduboy/roms/Turtle Bridge [45cfe5].hex		
f942dfeecf7e91fa2f3f	TV Tuner	Arduboy	local-baseline	/.rockbox/achievements/generations/bbda4426deed4869/games/f942dfeecf7e91fa2f3f/cover.bmp	/.rockbox/achievements/generations/bbda4426deed4869/games/f942dfeecf7e91fa2f3f/achievements.tsv		4		50		/.rockbox/games/arduboy/roms/TV Tuner [08c3be].hex		
1f2e6e73ae122cf5a334	Twotris	Arduboy	local-baseline	/.rockbox/achievements/generations/bbda4426deed4869/games/1f2e6e73ae122cf5a334/cover.bmp	/.rockbox/achievements/generations/bbda4426deed4869/games/1f2e6e73ae122cf5a334/achievements.tsv		4		50		/.rockbox/games/arduboy/roms/Twotris [186c83].hex		
1a366d6f61bf580de238	Ufo-Race	Arduboy	local-baseline	/.rockbox/achievements/generations/bbda4426deed4869/games/1a366d6f61bf580de238/cover.bmp	/.rockbox/achievements/generations/bbda4426deed4869/games/1a366d6f61bf580de238/achievements.tsv		4		50		/.rockbox/games/arduboy/roms/Ufo-Race [dbd946].hex		
bb1b811529719081e696	Umeroose	Arduboy	local-baseline	/.rockbox/achievements/generations/bbda4426deed4869/games/bb1b811529719081e696/cover.bmp	/.rockbox/achievements/generations/bbda4426deed4869/games/bb1b811529719081e696/achievements.tsv		4		50		/.rockbox/games/arduboy/roms/Umeroose [258745].hex		
210602f3b7f1b880630f	Under the Tower	Arduboy	local-baseline	/.rockbox/achievements/generations/bbda4426deed4869/games/210602f3b7f1b880630f/cover.bmp	/.rockbox/achievements/generations/bbda4426deed4869/games/210602f3b7f1b880630f/achievements.tsv		4		50		/.rockbox/games/arduboy/roms/Under the Tower [3f557c].hex		
0f656bf9da8cfc61753b	Unicorn Dash	Arduboy	local-baseline	/.rockbox/achievements/generations/bbda4426deed4869/games/0f656bf9da8cfc61753b/cover.bmp	/.rockbox/achievements/generations/bbda4426deed4869/games/0f656bf9da8cfc61753b/achievements.tsv		4		50		/.rockbox/games/arduboy/roms/Unicorn Dash [ff98cc].hex		
4f8101d235b3ffe11602	Virtual Gamepad	Arduboy	local-baseline	/.rockbox/achievements/generations/bbda4426deed4869/games/4f8101d235b3ffe11602/cover.bmp	/.rockbox/achievements/generations/bbda4426deed4869/games/4f8101d235b3ffe11602/achievements.tsv		4		50		/.rockbox/games/arduboy/roms/Virtual Gamepad [ff3559].hex		
531e8415d6f79df85026	Waternet	Arduboy	local-baseline	/.rockbox/achievements/generations/bbda4426deed4869/games/531e8415d6f79df85026/cover.bmp	/.rockbox/achievements/generations/bbda4426deed4869/games/531e8415d6f79df85026/achievements.tsv		4		50		/.rockbox/games/arduboy/roms/Waternet [096add].hex		
dc7cc7e38c16036e32ef	WHG	Arduboy	local-baseline	/.rockbox/achievements/generations/bbda4426deed4869/games/dc7cc7e38c16036e32ef/cover.bmp	/.rockbox/achievements/generations/bbda4426deed4869/games/dc7cc7e38c16036e32ef/achievements.tsv		4		50		/.rockbox/games/arduboy/roms/WHG [8e6e69].hex		
d29726a07ede5805aaa4	Wire Screensaver	Arduboy	local-baseline	/.rockbox/achievements/generations/bbda4426deed4869/games/d29726a07ede5805aaa4/cover.bmp	/.rockbox/achievements/generations/bbda4426deed4869/games/d29726a07ede5805aaa4/achievements.tsv		4		50		/.rockbox/games/arduboy/roms/Wire Screensaver [b0b352].hex		
0a28cafad3bef5996022	Yatzy	Arduboy	local-baseline	/.rockbox/achievements/generations/bbda4426deed4869/games/0a28cafad3bef5996022/cover.bmp	/.rockbox/achievements/generations/bbda4426deed4869/games/0a28cafad3bef5996022/achievements.tsv		4		50		/.rockbox/games/arduboy/roms/Yatzy [87d996].hex		
81bf6613416a2d5cc6f3	YouWontSurvive	Arduboy	local-baseline	/.rockbox/achievements/generations/bbda4426deed4869/games/81bf6613416a2d5cc6f3/cover.bmp	/.rockbox/achievements/generations/bbda4426deed4869/games/81bf6613416a2d5cc6f3/achievements.tsv		4		50		/.rockbox/games/arduboy/roms/YouWontSurvive [e3d155].hex		
10e9f643691cdcc767dd	Zoo	Arduboy	local-baseline	/.rockbox/achievements/generations/bbda4426deed4869/games/10e9f643691cdcc767dd/cover.bmp	/.rockbox/achievements/generations/bbda4426deed4869/games/10e9f643691cdcc767dd/achievements.tsv		4		50		/.rockbox/games/arduboy/roms/Zoo [4d6f38].hex		
a09bc836c16459e43fd6	Zoo at Midnight	Arduboy	local-baseline	/.rockbox/achievements/generations/bbda4426deed4869/games/a09bc836c16459e43fd6/cover.bmp	/.rockbox/achievements/generations/bbda4426deed4869/games/a09bc836c16459e43fd6/achievements.tsv		4		50		/.rockbox/games/arduboy/roms/Zoo at Midnight [fe4349].hex		
7b03cab7e795449b7739	ZooEscape	Arduboy	local-baseline	/.rockbox/achievements/generations/bbda4426deed4869/games/7b03cab7e795449b7739/cover.bmp	/.rockbox/achievements/generations/bbda4426deed4869/games/7b03cab7e795449b7739/achievements.tsv		4		50		/.rockbox/games/arduboy/roms/ZooEscape [137520].hex		
7140ebb90029e0f6e48e	Stick RPG	Flash	local-baseline	/.rockbox/achievements/generations/bbda4426deed4869/games/7140ebb90029e0f6e48e/cover.bmp	/.rockbox/achievements/generations/bbda4426deed4869/games/7140ebb90029e0f6e48e/achievements.tsv		4		50		/.rockbox/flash/stickrpg/stickrpg.swf		
92895b3bb0af5c077938	Final Fantasy Legend III (USA)	Game Boy	retroachievements	/.rockbox/achievements/generations/bbda4426deed4869/games/92895b3bb0af5c077938/cover.bmp	/.rockbox/achievements/generations/bbda4426deed4869/games/92895b3bb0af5c077938/achievements.tsv		52		400		/gameboy/Final Fantasy Legend III (USA).gb	700	db156bc96b528996ce1bf771195171af
d1cf6110e32b0f3846e0	Legend of Zelda, The - Link's Awakening (Canada) (Fr)	Game Boy	local-baseline	/.rockbox/achievements/generations/bbda4426deed4869/games/d1cf6110e32b0f3846e0/cover.bmp	/.rockbox/achievements/generations/bbda4426deed4869/games/d1cf6110e32b0f3846e0/achievements.tsv		4		50		/gameboy/Legend of Zelda, The - Link's Awakening (Canada) (Fr).gb		
938aa7873e465b386c10	NHL 96 (USA, Europe) (SGB Enhanced)	Game Boy	local-baseline	/.rockbox/achievements/generations/bbda4426deed4869/games/938aa7873e465b386c10/cover.bmp	/.rockbox/achievements/generations/bbda4426deed4869/games/938aa7873e465b386c10/achievements.tsv		4		50		/gameboy/NHL 96 (USA, Europe) (SGB Enhanced).gb		
ab797003bfb33125c81e	Pokemon - Red Version (USA, Europe) (SGB Enhanced)	Game Boy	retroachievements	/.rockbox/achievements/generations/bbda4426deed4869/games/ab797003bfb33125c81e/cover.bmp	/.rockbox/achievements/generations/bbda4426deed4869/games/ab797003bfb33125c81e/achievements.tsv		93		745		/gameboy/Pokemon - Red Version (USA, Europe) (SGB Enhanced).gb	724	3d45c1ee9abd5738df46d2bdda8b57dc
7edba525ddfe457758c1	Legend of Zelda, The - Oracle of Ages (USA, Australia)	Game Boy Color	retroachievements	/.rockbox/achievements/generations/bbda4426deed4869/games/7edba525ddfe457758c1/cover.bmp	/.rockbox/achievements/generations/bbda4426deed4869/games/7edba525ddfe457758c1/achievements.tsv		55		514		/gameboy/Legend of Zelda, The - Oracle of Ages (USA, Australia).gbc	710	c4639cc61c049e5a085526bb6cac03bb
b2264711aa9b2c1417e1	Earthworm Jim (USA)	Game Gear	retroachievements	/.rockbox/achievements/generations/bbda4426deed4869/games/b2264711aa9b2c1417e1/cover.bmp	/.rockbox/achievements/generations/bbda4426deed4869/games/b2264711aa9b2c1417e1/achievements.tsv		29		291		/.rockbox/games/smsgg/roms/Earthworm Jim (USA).gg	14289	c25af3925fd6973af62bdd6d0c5f61ca
213c64b55b44ddaa5445	Mortal Kombat II (World)	Game Gear	retroachievements	/.rockbox/achievements/generations/bbda4426deed4869/games/213c64b55b44ddaa5445/cover.bmp	/.rockbox/achievements/generations/bbda4426deed4869/games/213c64b55b44ddaa5445/achievements.tsv		30		439		/.rockbox/games/smsgg/roms/Mortal Kombat II (World).gg	12737	159256f5a372f2e409ecb343a3946001
e3ece6b3546f06bd48b8	NBA Jam (USA) (Rev 1) (Putative Proto)	Game Gear	local-baseline	/.rockbox/achievements/generations/bbda4426deed4869/games/e3ece6b3546f06bd48b8/cover.bmp	/.rockbox/achievements/generations/bbda4426deed4869/games/e3ece6b3546f06bd48b8/achievements.tsv		4		50		/.rockbox/games/smsgg/roms/NBA Jam (USA) (Rev 1) (Putative Proto).gg		
a3737888c81c98628781	Ristar (World)	Game Gear	retroachievements	/.rockbox/achievements/generations/bbda4426deed4869/games/a3737888c81c98628781/cover.bmp	/.rockbox/achievements/generations/bbda4426deed4869/games/a3737888c81c98628781/achievements.tsv		80		655		/.rockbox/games/smsgg/roms/Ristar (World).gg	13242	06f0a495fbb70fad50246da715f8add7
ab7d24a9641ff8063ef8	Road Rash (USA)	Game Gear	local-baseline	/.rockbox/achievements/generations/bbda4426deed4869/games/ab7d24a9641ff8063ef8/cover.bmp	/.rockbox/achievements/generations/bbda4426deed4869/games/ab7d24a9641ff8063ef8/achievements.tsv		4		50		/.rockbox/games/smsgg/roms/Road Rash (USA).gg		
c66a518f221296867cab	Shinobi (World) (Rev A)	Game Gear	retroachievements	/.rockbox/achievements/generations/bbda4426deed4869/games/c66a518f221296867cab/cover.bmp	/.rockbox/achievements/generations/bbda4426deed4869/games/c66a518f221296867cab/achievements.tsv		50		495		/.rockbox/games/smsgg/roms/Shinobi (World) (Rev A).gg	12385	8fa7438dec1403f2e9d7b1ca60b29f1a
22339d66ea912ba46e37	Sonic Blast (World)	Game Gear	retroachievements	/.rockbox/achievements/generations/bbda4426deed4869/games/22339d66ea912ba46e37/cover.bmp	/.rockbox/achievements/generations/bbda4426deed4869/games/22339d66ea912ba46e37/achievements.tsv		36		300		/.rockbox/games/smsgg/roms/Sonic Blast (World).gg	12644	56e1561d981a9a7c240cdd8d5580ccf0
c845f5c86ca3bffb7c96	Sonic The Hedgehog - Triple Trouble (USA, Europe, Brazil) (En)	Game Gear	retroachievements	/.rockbox/achievements/generations/bbda4426deed4869/games/c845f5c86ca3bffb7c96/cover.bmp	/.rockbox/achievements/generations/bbda4426deed4869/games/c845f5c86ca3bffb7c96/achievements.tsv		43		343		/.rockbox/games/smsgg/roms/Sonic The Hedgehog - Triple Trouble (USA, Europe, Brazil) (En).gg	12646	f0f7e4dfe2908f0030e64fd9ed843422
d5dcfb3f5a3de28fe142	Sonic The Hedgehog 2 (Game Gear)	Game Gear	retroachievements	/.rockbox/achievements/generations/bbda4426deed4869/games/d5dcfb3f5a3de28fe142/cover.bmp	/.rockbox/achievements/generations/bbda4426deed4869/games/d5dcfb3f5a3de28fe142/achievements.tsv		25		300		/.rockbox/games/smsgg/roms/Sonic The Hedgehog 2 (World).gg	12652	9c64846563d8b9a24400471322e53fb5
1b5d4e39fb3eec0e02dc	Streets of Rage 2 (World)	Game Gear	retroachievements	/.rockbox/achievements/generations/bbda4426deed4869/games/1b5d4e39fb3eec0e02dc/cover.bmp	/.rockbox/achievements/generations/bbda4426deed4869/games/1b5d4e39fb3eec0e02dc/achievements.tsv		65		466		/.rockbox/games/smsgg/roms/Streets of Rage 2 (World).gg	13237	5566e332f860dc0f9da1507fd7feb1cd
8ecae0817edd290ed7e1	Super Smash T.V. (World)	Game Gear	local-baseline	/.rockbox/achievements/generations/bbda4426deed4869/games/8ecae0817edd290ed7e1/cover.bmp	/.rockbox/achievements/generations/bbda4426deed4869/games/8ecae0817edd290ed7e1/achievements.tsv		4		50		/.rockbox/games/smsgg/roms/Super Smash T.V. (World).gg		
5eedbc6459cd8c6e3919	Armor Battle (Mattel Electronics)	Games	local-baseline	/.rockbox/achievements/generations/bbda4426deed4869/games/5eedbc6459cd8c6e3919/cover.bmp	/.rockbox/achievements/generations/bbda4426deed4869/games/5eedbc6459cd8c6e3919/achievements.tsv		4		50		/.rockbox/games/gwatch/roms-fast/Armor Battle (Mattel Electronics).mgw		
751960bef8a98c8b6cfa	Banana (VTech, Time & Fun)	Games	local-baseline	/.rockbox/achievements/generations/bbda4426deed4869/games/751960bef8a98c8b6cfa/cover.bmp	/.rockbox/achievements/generations/bbda4426deed4869/games/751960bef8a98c8b6cfa/achievements.tsv		4		50		/.rockbox/games/gwatch/roms-fast/Banana (VTech, Time & Fun).mgw		
bc7fd3a595af63afd03b	Baseball (VTech, Explorer Time & Fun)	Games	local-baseline	/.rockbox/achievements/generations/bbda4426deed4869/games/bc7fd3a595af63afd03b/cover.bmp	/.rockbox/achievements/generations/bbda4426deed4869/games/bc7fd3a595af63afd03b/achievements.tsv		4		50		/.rockbox/games/gwatch/roms-fast/Baseball (VTech, Explorer Time & Fun).mgw		
c4e7bffd2c41234b8a14	Bomb Fight (VTech, Mini Time & Fun)	Games	local-baseline	/.rockbox/achievements/generations/bbda4426deed4869/games/c4e7bffd2c41234b8a14/cover.bmp	/.rockbox/achievements/generations/bbda4426deed4869/games/c4e7bffd2c41234b8a14/achievements.tsv		4		50		/.rockbox/games/gwatch/roms-fast/Bomb Fight (VTech, Mini Time & Fun).mgw		
e697973b9b4d83f5ffe0	Caccia al Ladro (VTech, Mini Time & Fun)	Games	local-baseline	/.rockbox/achievements/generations/bbda4426deed4869/games/e697973b9b4d83f5ffe0/cover.bmp	/.rockbox/achievements/generations/bbda4426deed4869/games/e697973b9b4d83f5ffe0/achievements.tsv		4		50		/.rockbox/games/gwatch/roms-fast/Caccia al Ladro (VTech, Mini Time & Fun).mgw		
ea209f9d90a18b99307d	Cessate il Fuoco (VTech, Mini Time & Fun)	Games	local-baseline	/.rockbox/achievements/generations/bbda4426deed4869/games/ea209f9d90a18b99307d/cover.bmp	/.rockbox/achievements/generations/bbda4426deed4869/games/ea209f9d90a18b99307d/achievements.tsv		4		50		/.rockbox/games/gwatch/roms-fast/Cessate il Fuoco (VTech, Mini Time & Fun).mgw		
2ba12293468f181c5eda	Chicky Woggy (VTech, Arcade Time & Fun)	Games	local-baseline	/.rockbox/achievements/generations/bbda4426deed4869/games/2ba12293468f181c5eda/cover.bmp	/.rockbox/achievements/generations/bbda4426deed4869/games/2ba12293468f181c5eda/achievements.tsv		4		50		/.rockbox/games/gwatch/roms-fast/Chicky Woggy (VTech, Arcade Time & Fun).mgw		
1ccf50a77b67352e032a	Chicky Woggy (VTech, Electronic Tini-Arcade)	Games	local-baseline	/.rockbox/achievements/generations/bbda4426deed4869/games/1ccf50a77b67352e032a/cover.bmp	/.rockbox/achievements/generations/bbda4426deed4869/games/1ccf50a77b67352e032a/achievements.tsv		4		50		/.rockbox/games/gwatch/roms-fast/Chicky Woggy (VTech, Electronic Tini-Arcade).mgw		
920be0e2c9bb2b7a3e49	Condor (VTech, Time & Fun)	Games	local-baseline	/.rockbox/achievements/generations/bbda4426deed4869/games/920be0e2c9bb2b7a3e49/cover.bmp	/.rockbox/achievements/generations/bbda4426deed4869/games/920be0e2c9bb2b7a3e49/achievements.tsv		4		50		/.rockbox/games/gwatch/roms-fast/Condor (VTech, Time & Fun).mgw		
0f827d96d12f266159ca	Crazy Chewy (VTech, Electronic Tini-Arcade)	Games	local-baseline	/.rockbox/achievements/generations/bbda4426deed4869/games/0f827d96d12f266159ca/cover.bmp	/.rockbox/achievements/generations/bbda4426deed4869/games/0f827d96d12f266159ca/achievements.tsv		4		50		/.rockbox/games/gwatch/roms-fast/Crazy Chewy (VTech, Electronic Tini-Arcade).mgw		
f0af80886e29dff7f899	Defendo (VTech, Explorer Time & Fun)	Games	local-baseline	/.rockbox/achievements/generations/bbda4426deed4869/games/f0af80886e29dff7f899/cover.bmp	/.rockbox/achievements/generations/bbda4426deed4869/games/f0af80886e29dff7f899/achievements.tsv		4		50		/.rockbox/games/gwatch/roms-fast/Defendo (VTech, Explorer Time & Fun).mgw		
43be0162c3c7a622df74	Donkey Angler (Gakken, LCD Card Game)	Games	local-baseline	/.rockbox/achievements/generations/bbda4426deed4869/games/43be0162c3c7a622df74/cover.bmp	/.rockbox/achievements/generations/bbda4426deed4869/games/43be0162c3c7a622df74/achievements.tsv		4		50		/.rockbox/games/gwatch/roms-fast/Donkey Angler (Gakken, LCD Card Game).mgw		
ff2278a4427e773d38f7	Donkey Kong (Coleco)	Games	local-baseline	/.rockbox/achievements/generations/bbda4426deed4869/games/ff2278a4427e773d38f7/cover.bmp	/.rockbox/achievements/generations/bbda4426deed4869/games/ff2278a4427e773d38f7/achievements.tsv		4		50		/.rockbox/games/gwatch/roms-fast/Donkey Kong (Coleco).mgw		
6e3bc83602fc5c6a01d3	Donkey Kong (Nintendo, Multi Screen)	Games	local-baseline	/.rockbox/achievements/generations/bbda4426deed4869/games/6e3bc83602fc5c6a01d3/cover.bmp	/.rockbox/achievements/generations/bbda4426deed4869/games/6e3bc83602fc5c6a01d3/achievements.tsv		4		50		/.rockbox/games/gwatch/roms-fast/Donkey Kong (Nintendo, Multi Screen).mgw		
cc4df5491fb22c1ef44d	Donkey Kong Circus (Nintendo, Panorama Screen)	Games	local-baseline	/.rockbox/achievements/generations/bbda4426deed4869/games/cc4df5491fb22c1ef44d/cover.bmp	/.rockbox/achievements/generations/bbda4426deed4869/games/cc4df5491fb22c1ef44d/achievements.tsv		4		50		/.rockbox/games/gwatch/roms-fast/Donkey Kong Circus (Nintendo, Panorama Screen).mgw		
941a0345be7593adbe8f	Donkey Kong II (Nintendo, Multi Screen)	Games	local-baseline	/.rockbox/achievements/generations/bbda4426deed4869/games/941a0345be7593adbe8f/cover.bmp	/.rockbox/achievements/generations/bbda4426deed4869/games/941a0345be7593adbe8f/achievements.tsv		4		50		/.rockbox/games/gwatch/roms-fast/Donkey Kong II (Nintendo, Multi Screen).mgw		
6f161d72d623105eb31f	Donkey Kong Jr. (Coleco)	Games	local-baseline	/.rockbox/achievements/generations/bbda4426deed4869/games/6f161d72d623105eb31f/cover.bmp	/.rockbox/achievements/generations/bbda4426deed4869/games/6f161d72d623105eb31f/achievements.tsv		4		50		/.rockbox/games/gwatch/roms-fast/Donkey Kong Jr. (Coleco).mgw		
48ce4f9a25aac4e02c41	Donkey Kong Jr. (Nintendo, Panorama Screen)	Games	local-baseline	/.rockbox/achievements/generations/bbda4426deed4869/games/48ce4f9a25aac4e02c41/cover.bmp	/.rockbox/achievements/generations/bbda4426deed4869/games/48ce4f9a25aac4e02c41/achievements.tsv		4		50		/.rockbox/games/gwatch/roms-fast/Donkey Kong Jr. (Nintendo, Panorama Screen).mgw		
34fef83d256e8890270f	Donkey Kong Jr. (Nintendo, Table Top)	Games	local-baseline	/.rockbox/achievements/generations/bbda4426deed4869/games/34fef83d256e8890270f/cover.bmp	/.rockbox/achievements/generations/bbda4426deed4869/games/34fef83d256e8890270f/achievements.tsv		4		50		/.rockbox/games/gwatch/roms-fast/Donkey Kong Jr. (Nintendo, Table Top).mgw		
5a0e88f28ee674154fbe	Dungeons & Dragons Computer Fantasy Game (Mattel Electronics, Arcade Action Series)	Games	local-baseline	/.rockbox/achievements/generations/bbda4426deed4869/games/5a0e88f28ee674154fbe/cover.bmp	/.rockbox/achievements/generations/bbda4426deed4869/games/5a0e88f28ee674154fbe/achievements.tsv		4		50		/.rockbox/games/gwatch/roms-fast/Dungeons & Dragons Computer Fantasy Game (Mattel Electronics, Arcade Action Series).mgw		
cfb976e50eceff73476b	Egg (Nintendo, Wide Screen)	Games	local-baseline	/.rockbox/achievements/generations/bbda4426deed4869/games/cfb976e50eceff73476b/cover.bmp	/.rockbox/achievements/generations/bbda4426deed4869/games/cfb976e50eceff73476b/achievements.tsv		4		50		/.rockbox/games/gwatch/roms-fast/Egg (Nintendo, Wide Screen).mgw		
5e3bccd3b800469526ee	Engine Room (VTech, Explorer Time & Fun)	Games	local-baseline	/.rockbox/achievements/generations/bbda4426deed4869/games/5e3bccd3b800469526ee/cover.bmp	/.rockbox/achievements/generations/bbda4426deed4869/games/5e3bccd3b800469526ee/achievements.tsv		4		50		/.rockbox/games/gwatch/roms-fast/Engine Room (VTech, Explorer Time & Fun).mgw		
6ab14413d2b19c4350b9	Escape (VTech, Time & Fun)	Games	local-baseline	/.rockbox/achievements/generations/bbda4426deed4869/games/6ab14413d2b19c4350b9/cover.bmp	/.rockbox/achievements/generations/bbda4426deed4869/games/6ab14413d2b19c4350b9/achievements.tsv		4		50		/.rockbox/games/gwatch/roms-fast/Escape (VTech, Time & Fun).mgw		
3acafa41d98dbcea45c5	Explorers of Space (Elektronika)	Games	local-baseline	/.rockbox/achievements/generations/bbda4426deed4869/games/3acafa41d98dbcea45c5/cover.bmp	/.rockbox/achievements/generations/bbda4426deed4869/games/3acafa41d98dbcea45c5/achievements.tsv		4		50		/.rockbox/games/gwatch/roms-fast/Explorers of Space (Elektronika).mgw		
1655cc8f1a429eb7fdfb	Fowling (Elektronika)	Games	local-baseline	/.rockbox/achievements/generations/bbda4426deed4869/games/1655cc8f1a429eb7fdfb/cover.bmp	/.rockbox/achievements/generations/bbda4426deed4869/games/1655cc8f1a429eb7fdfb/achievements.tsv		4		50		/.rockbox/games/gwatch/roms-fast/Fowling (Elektronika).mgw		
9081042c5b410c862dfb	Frog Boaster (Elektronika)	Games	local-baseline	/.rockbox/achievements/generations/bbda4426deed4869/games/9081042c5b410c862dfb/cover.bmp	/.rockbox/achievements/generations/bbda4426deed4869/games/9081042c5b410c862dfb/achievements.tsv		4		50		/.rockbox/games/gwatch/roms-fast/Frog Boaster (Elektronika).mgw		
766cb439015f9268e51e	Galaxy II (Epoch)	Games	local-baseline	/.rockbox/achievements/generations/bbda4426deed4869/games/766cb439015f9268e51e/cover.bmp	/.rockbox/achievements/generations/bbda4426deed4869/games/766cb439015f9268e51e/achievements.tsv		4		50		/.rockbox/games/gwatch/roms-fast/Galaxy II (Epoch).mgw		
c61abfb5e19746a865d4	Grab Man (unknown manufacturer, Game & Time)	Games	local-baseline	/.rockbox/achievements/generations/bbda4426deed4869/games/c61abfb5e19746a865d4/cover.bmp	/.rockbox/achievements/generations/bbda4426deed4869/games/c61abfb5e19746a865d4/achievements.tsv		4		50		/.rockbox/games/gwatch/roms-fast/Grab Man (unknown manufacturer, Game & Time).mgw		
af075aa4c3889c180fc2	Hippo Teeth (VTech, Mini Time & Fun)	Games	local-baseline	/.rockbox/achievements/generations/bbda4426deed4869/games/af075aa4c3889c180fc2/cover.bmp	/.rockbox/achievements/generations/bbda4426deed4869/games/af075aa4c3889c180fc2/achievements.tsv		4		50		/.rockbox/games/gwatch/roms-fast/Hippo Teeth (VTech, Mini Time & Fun).mgw		
3eccf2777721b37010cd	Hippo Teeth (VTech, Sporty Time & Fun)	Games	local-baseline	/.rockbox/achievements/generations/bbda4426deed4869/games/3eccf2777721b37010cd/cover.bmp	/.rockbox/achievements/generations/bbda4426deed4869/games/3eccf2777721b37010cd/achievements.tsv		4		50		/.rockbox/games/gwatch/roms-fast/Hippo Teeth (VTech, Sporty Time & Fun).mgw		
2569f881f9e659ba2d83	Hot Line (VTech, Mini Time & Fun)	Games	local-baseline	/.rockbox/achievements/generations/bbda4426deed4869/games/2569f881f9e659ba2d83/cover.bmp	/.rockbox/achievements/generations/bbda4426deed4869/games/2569f881f9e659ba2d83/achievements.tsv		4		50		/.rockbox/games/gwatch/roms-fast/Hot Line (VTech, Mini Time & Fun).mgw		
400c2ce3797f7d78e8f9	Hot Line (VTech, Sporty Time & Fun)	Games	local-baseline	/.rockbox/achievements/generations/bbda4426deed4869/games/400c2ce3797f7d78e8f9/cover.bmp	/.rockbox/achievements/generations/bbda4426deed4869/games/400c2ce3797f7d78e8f9/achievements.tsv		4		50		/.rockbox/games/gwatch/roms-fast/Hot Line (VTech, Sporty Time & Fun).mgw		
e385a1190b51531c4532	Las Vegas (Bandai, LCD Game Digital)	Games	local-baseline	/.rockbox/achievements/generations/bbda4426deed4869/games/e385a1190b51531c4532/cover.bmp	/.rockbox/achievements/generations/bbda4426deed4869/games/e385a1190b51531c4532/achievements.tsv		4		50		/.rockbox/games/gwatch/roms-fast/Las Vegas (Bandai, LCD Game Digital).mgw		
4a345d8ef0485b3c8128	Lifeboat (Nintendo, Multi Screen)	Games	local-baseline	/.rockbox/achievements/generations/bbda4426deed4869/games/4a345d8ef0485b3c8128/cover.bmp	/.rockbox/achievements/generations/bbda4426deed4869/games/4a345d8ef0485b3c8128/achievements.tsv		4		50		/.rockbox/games/gwatch/roms-fast/Lifeboat (Nintendo, Multi Screen).mgw		
63d3c02e6d67daced448	Mario Bros. (Nintendo, Multi Screen)	Games	local-baseline	/.rockbox/achievements/generations/bbda4426deed4869/games/63d3c02e6d67daced448/cover.bmp	/.rockbox/achievements/generations/bbda4426deed4869/games/63d3c02e6d67daced448/achievements.tsv		4		50		/.rockbox/games/gwatch/roms-fast/Mario Bros. (Nintendo, Multi Screen).mgw		
a67d3f4530ddf789a435	Mario's Bombs Away (Nintendo, Panorama Screen)	Games	local-baseline	/.rockbox/achievements/generations/bbda4426deed4869/games/a67d3f4530ddf789a435/cover.bmp	/.rockbox/achievements/generations/bbda4426deed4869/games/a67d3f4530ddf789a435/achievements.tsv		4		50		/.rockbox/games/gwatch/roms-fast/Mario's Bombs Away (Nintendo, Panorama Screen).mgw		
15185b2fb278977a68f2	Mickey Mouse (Nintendo, Panorama Screen)	Games	local-baseline	/.rockbox/achievements/generations/bbda4426deed4869/games/15185b2fb278977a68f2/cover.bmp	/.rockbox/achievements/generations/bbda4426deed4869/games/15185b2fb278977a68f2/achievements.tsv		4		50		/.rockbox/games/gwatch/roms-fast/Mickey Mouse (Nintendo, Panorama Screen).mgw		
9c495bad0be75da4289a	Mickey Mouse (Nintendo, Wide Screen)	Games	local-baseline	/.rockbox/achievements/generations/bbda4426deed4869/games/9c495bad0be75da4289a/cover.bmp	/.rockbox/achievements/generations/bbda4426deed4869/games/9c495bad0be75da4289a/achievements.tsv		4		50		/.rockbox/games/gwatch/roms-fast/Mickey Mouse (Nintendo, Wide Screen).mgw		
0a9c5a7b4476511075b7	Monkey (VTech, Time & Fun)	Games	local-baseline	/.rockbox/achievements/generations/bbda4426deed4869/games/0a9c5a7b4476511075b7/cover.bmp	/.rockbox/achievements/generations/bbda4426deed4869/games/0a9c5a7b4476511075b7/achievements.tsv		4		50		/.rockbox/games/gwatch/roms-fast/Monkey (VTech, Time & Fun).mgw		
409a5c6df98d738fe823	Monkey Jump (VTech, Arcade Time & Fun)	Games	local-baseline	/.rockbox/achievements/generations/bbda4426deed4869/games/409a5c6df98d738fe823/cover.bmp	/.rockbox/achievements/generations/bbda4426deed4869/games/409a5c6df98d738fe823/achievements.tsv		4		50		/.rockbox/games/gwatch/roms-fast/Monkey Jump (VTech, Arcade Time & Fun).mgw		
c2560364959cce37a63e	Motor Cross (Queentex)	Games	local-baseline	/.rockbox/achievements/generations/bbda4426deed4869/games/c2560364959cce37a63e/cover.bmp	/.rockbox/achievements/generations/bbda4426deed4869/games/c2560364959cce37a63e/achievements.tsv		4		50		/.rockbox/games/gwatch/roms-fast/Motor Cross (Queentex).mgw		
45e24930b95740246c57	Pac Man (Tomytronic)	Games	local-baseline	/.rockbox/achievements/generations/bbda4426deed4869/games/45e24930b95740246c57/cover.bmp	/.rockbox/achievements/generations/bbda4426deed4869/games/45e24930b95740246c57/achievements.tsv		4		50		/.rockbox/games/gwatch/roms-fast/Pac Man (Tomytronic).mgw		
3b7af4bb4a3ce07e1de3	Pancake (VTech, Time & Fun)	Games	local-baseline	/.rockbox/achievements/generations/bbda4426deed4869/games/3b7af4bb4a3ce07e1de3/cover.bmp	/.rockbox/achievements/generations/bbda4426deed4869/games/3b7af4bb4a3ce07e1de3/achievements.tsv		4		50		/.rockbox/games/gwatch/roms-fast/Pancake (VTech, Time & Fun).mgw		
14bd4356a530931c4a59	Parachute (Nintendo, Wide Screen)	Games	local-baseline	/.rockbox/achievements/generations/bbda4426deed4869/games/14bd4356a530931c4a59/cover.bmp	/.rockbox/achievements/generations/bbda4426deed4869/games/14bd4356a530931c4a59/achievements.tsv		4		50		/.rockbox/games/gwatch/roms-fast/Parachute (Nintendo, Wide Screen).mgw		
667c230883cdd496cce4	Penguin Land (Bandai, LSI Game Double Play)	Games	local-baseline	/.rockbox/achievements/generations/bbda4426deed4869/games/667c230883cdd496cce4/cover.bmp	/.rockbox/achievements/generations/bbda4426deed4869/games/667c230883cdd496cce4/achievements.tsv		4		50		/.rockbox/games/gwatch/roms-fast/Penguin Land (Bandai, LSI Game Double Play).mgw		
6a17227c2ceb98c75092	Pirate (VTech, Time & Fun)	Games	local-baseline	/.rockbox/achievements/generations/bbda4426deed4869/games/6a17227c2ceb98c75092/cover.bmp	/.rockbox/achievements/generations/bbda4426deed4869/games/6a17227c2ceb98c75092/achievements.tsv		4		50		/.rockbox/games/gwatch/roms-fast/Pirate (VTech, Time & Fun).mgw		
0bc9e8371ec1116fba46	Roller Coaster (VTech, Explorer Time & Fun)	Games	local-baseline	/.rockbox/achievements/generations/bbda4426deed4869/games/0bc9e8371ec1116fba46/cover.bmp	/.rockbox/achievements/generations/bbda4426deed4869/games/0bc9e8371ec1116fba46/achievements.tsv		4		50		/.rockbox/games/gwatch/roms-fast/Roller Coaster (VTech, Explorer Time & Fun).mgw		
328a58157d2c1374cecf	Safari (VTech, Time & Fun)	Games	local-baseline	/.rockbox/achievements/generations/bbda4426deed4869/games/328a58157d2c1374cecf/cover.bmp	/.rockbox/achievements/generations/bbda4426deed4869/games/328a58157d2c1374cecf/achievements.tsv		4		50		/.rockbox/games/gwatch/roms-fast/Safari (VTech, Time & Fun).mgw		
7daf2a9f1b1c0fa47fc3	Sleep Walker (VTech, Time & Fun)	Games	local-baseline	/.rockbox/achievements/generations/bbda4426deed4869/games/7daf2a9f1b1c0fa47fc3/cover.bmp	/.rockbox/achievements/generations/bbda4426deed4869/games/7daf2a9f1b1c0fa47fc3/achievements.tsv		4		50		/.rockbox/games/gwatch/roms-fast/Sleep Walker (VTech, Time & Fun).mgw		
883d3632319c1e2512df	Snoopy (Nintendo, Panorama Screen)	Games	local-baseline	/.rockbox/achievements/generations/bbda4426deed4869/games/883d3632319c1e2512df/cover.bmp	/.rockbox/achievements/generations/bbda4426deed4869/games/883d3632319c1e2512df/achievements.tsv		4		50		/.rockbox/games/gwatch/roms-fast/Snoopy (Nintendo, Panorama Screen).mgw		
f5ccbe5d1bbe63f4af6a	Snoopy (Nintendo, Table Top)	Games	local-baseline	/.rockbox/achievements/generations/bbda4426deed4869/games/f5ccbe5d1bbe63f4af6a/cover.bmp	/.rockbox/achievements/generations/bbda4426deed4869/games/f5ccbe5d1bbe63f4af6a/achievements.tsv		4		50		/.rockbox/games/gwatch/roms-fast/Snoopy (Nintendo, Table Top).mgw		
0afbe0240d867714ce79	Snoopy Tennis (Nintendo, Wide Screen)	Games	local-baseline	/.rockbox/achievements/generations/bbda4426deed4869/games/0afbe0240d867714ce79/cover.bmp	/.rockbox/achievements/generations/bbda4426deed4869/games/0afbe0240d867714ce79/achievements.tsv		4		50		/.rockbox/games/gwatch/roms-fast/Snoopy Tennis (Nintendo, Wide Screen).mgw		
f78542f8ee42da3290e2	Sub Chase (Mattel Electronics)	Games	local-baseline	/.rockbox/achievements/generations/bbda4426deed4869/games/f78542f8ee42da3290e2/cover.bmp	/.rockbox/achievements/generations/bbda4426deed4869/games/f78542f8ee42da3290e2/achievements.tsv		4		50		/.rockbox/games/gwatch/roms-fast/Sub Chase (Mattel Electronics).mgw		
ab5f375052bf37f08f06	Tennis Menace (VTech, Sporty Time & Fun)	Games	local-baseline	/.rockbox/achievements/generations/bbda4426deed4869/games/ab5f375052bf37f08f06/cover.bmp	/.rockbox/achievements/generations/bbda4426deed4869/games/ab5f375052bf37f08f06/achievements.tsv		4		50		/.rockbox/games/gwatch/roms-fast/Tennis Menace (VTech, Sporty Time & Fun).mgw		
21e0abdbc154cfde053f	Tom & Jerry Popper (Gakken, LCD Card Game)	Games	local-baseline	/.rockbox/achievements/generations/bbda4426deed4869/games/21e0abdbc154cfde053f/cover.bmp	/.rockbox/achievements/generations/bbda4426deed4869/games/21e0abdbc154cfde053f/achievements.tsv		4		50		/.rockbox/games/gwatch/roms-fast/Tom & Jerry Popper (Gakken, LCD Card Game).mgw		
f90168252ba0124d319d	Towering Rescue (Gakken, LCD Card Game)	Games	local-baseline	/.rockbox/achievements/generations/bbda4426deed4869/games/f90168252ba0124d319d/cover.bmp	/.rockbox/achievements/generations/bbda4426deed4869/games/f90168252ba0124d319d/achievements.tsv		4		50		/.rockbox/games/gwatch/roms-fast/Towering Rescue (Gakken, LCD Card Game).mgw		
262a0bc98257ee08fe8f	Tron (Tomytronic)	Games	local-baseline	/.rockbox/achievements/generations/bbda4426deed4869/games/262a0bc98257ee08fe8f/cover.bmp	/.rockbox/achievements/generations/bbda4426deed4869/games/262a0bc98257ee08fe8f/achievements.tsv		4		50		/.rockbox/games/gwatch/roms-fast/Tron (Tomytronic).mgw		
067d61956c12a4d09173	Turtle Bridge (Nintendo, Wide Screen)	Games	local-baseline	/.rockbox/achievements/generations/bbda4426deed4869/games/067d61956c12a4d09173/cover.bmp	/.rockbox/achievements/generations/bbda4426deed4869/games/067d61956c12a4d09173/achievements.tsv		4		50		/.rockbox/games/gwatch/roms-fast/Turtle Bridge (Nintendo, Wide Screen).mgw		
cf558909731c325368a0	Wild Man Jump (VTech, Electronic Tini-Arcade)	Games	local-baseline	/.rockbox/achievements/generations/bbda4426deed4869/games/cf558909731c325368a0/cover.bmp	/.rockbox/achievements/generations/bbda4426deed4869/games/cf558909731c325368a0/achievements.tsv		4		50		/.rockbox/games/gwatch/roms-fast/Wild Man Jump (VTech, Electronic Tini-Arcade).mgw		
8412d6c783759ba596c6	B.O.B. (USA, Europe)	Genesis	retroachievements	/.rockbox/achievements/generations/bbda4426deed4869/games/8412d6c783759ba596c6/cover.bmp	/.rockbox/achievements/generations/bbda4426deed4869/games/8412d6c783759ba596c6/achievements.tsv		36		330		/.rockbox/games/genesis/roms/B.O.B. (USA, Europe).md	159	6dd99077ae4e896155a88363b0649080
f48d3c0ca06688263c59	Sonic The Hedgehog 3 (USA)	Genesis	retroachievements	/.rockbox/achievements/generations/bbda4426deed4869/games/f48d3c0ca06688263c59/cover.bmp	/.rockbox/achievements/generations/bbda4426deed4869/games/f48d3c0ca06688263c59/achievements.tsv		29		310		/.rockbox/games/genesis/roms/Sonic The Hedgehog 3 (USA).md	21	d724ea4dd417fe330c9dcfd955c596b2
106a1366d3a0cd64a250	Ms. PAC-MAN	iPod Games	local-baseline	/.rockbox/achievements/generations/bbda4426deed4869/games/106a1366d3a0cd64a250/cover.bmp	/.rockbox/achievements/generations/bbda4426deed4869/games/106a1366d3a0cd64a250/achievements.tsv		4		50		/.rockbox/ipodgames/games/14004/game.igame		
2001e4f45e2aadbbc969	Vortex	iPod Games	local-baseline	/.rockbox/achievements/generations/bbda4426deed4869/games/2001e4f45e2aadbbc969/cover.bmp	/.rockbox/achievements/generations/bbda4426deed4869/games/2001e4f45e2aadbbc969/achievements.tsv		4		50		/.rockbox/ipodgames/games/12345/game.igame		
be6a43ce0904f8af4ae7	Bases Loaded (USA) (Rev 2)	NES	local-baseline	/.rockbox/achievements/generations/bbda4426deed4869/games/be6a43ce0904f8af4ae7/cover.bmp	/.rockbox/achievements/generations/bbda4426deed4869/games/be6a43ce0904f8af4ae7/achievements.tsv		4		50		/gameboy/Bases Loaded (USA) (Rev 2).nes		
a315e2122fe713f8feb6	Castlevania (USA) (Rev 1)	NES	retroachievements	/.rockbox/achievements/generations/bbda4426deed4869/games/a315e2122fe713f8feb6/cover.bmp	/.rockbox/achievements/generations/bbda4426deed4869/games/a315e2122fe713f8feb6/achievements.tsv		74		661		/gameboy/Castlevania (USA) (Rev 1).nes	1462	728e05f245ab8b7fe61083f6919dc485
942d92430e064ac86c2e	Excitebike (Japan, USA) (En)	NES	retroachievements	/.rockbox/achievements/generations/bbda4426deed4869/games/942d92430e064ac86c2e/cover.bmp	/.rockbox/achievements/generations/bbda4426deed4869/games/942d92430e064ac86c2e/achievements.tsv		17		260		/gameboy/Excitebike (Japan, USA) (En).nes	1473	9b0727e0adb0a7b4f94e072b7cf28a5a
1c6b2fa94a86601426af	Galaga - Demons of Death (USA)	NES	retroachievements	/.rockbox/achievements/generations/bbda4426deed4869/games/1c6b2fa94a86601426af/cover.bmp	/.rockbox/achievements/generations/bbda4426deed4869/games/1c6b2fa94a86601426af/achievements.tsv		16		410		/gameboy/Galaga - Demons of Death (USA).nes	1701	52485ad0d6aaca08be2c1bd4c855a080
93fa3bb77592f825a04a	Joust (USA)	NES	retroachievements	/.rockbox/achievements/generations/bbda4426deed4869/games/93fa3bb77592f825a04a/cover.bmp	/.rockbox/achievements/generations/bbda4426deed4869/games/93fa3bb77592f825a04a/achievements.tsv		10		100		/gameboy/Joust (USA).nes	1769	54fcf9168a09107cbaaaa6185abf9651
222e53ab693e52a9b517	Kirby's Adventure (USA) (Rev 1)	NES	retroachievements	/.rockbox/achievements/generations/bbda4426deed4869/games/222e53ab693e52a9b517/cover.bmp	/.rockbox/achievements/generations/bbda4426deed4869/games/222e53ab693e52a9b517/achievements.tsv		60		492		/gameboy/Kirby's Adventure (USA) (Rev 1).nes	1479	758744ec2d2fa3d1f2020586401f97e8
8c7e0678c9a72291b55f	Legend of Zelda, The (USA) (Rev 1)	NES	retroachievements	/.rockbox/achievements/generations/bbda4426deed4869/games/8c7e0678c9a72291b55f/cover.bmp	/.rockbox/achievements/generations/bbda4426deed4869/games/8c7e0678c9a72291b55f/achievements.tsv		69		800		/gameboy/Legend of Zelda, The (USA) (Rev 1).nes	1454	d3f453931146e95b04a31647de80fdab
00b8f712db6e7e104362	Metroid (USA)	NES	retroachievements	/.rockbox/achievements/generations/bbda4426deed4869/games/00b8f712db6e7e104362/cover.bmp	/.rockbox/achievements/generations/bbda4426deed4869/games/00b8f712db6e7e104362/achievements.tsv		25		353		/gameboy/Metroid (USA).nes	1487	b2d2d9ed68b3e5e0d29053ea525bd37c
09fcc97d2837fed15107	Mike Tyson's Punch-Out!! (Japan, USA) (En) (Rev 1)	NES	retroachievements	/.rockbox/achievements/generations/bbda4426deed4869/games/09fcc97d2837fed15107/cover.bmp	/.rockbox/achievements/generations/bbda4426deed4869/games/09fcc97d2837fed15107/achievements.tsv		28		536		/gameboy/Mike Tyson's Punch-Out!! (Japan, USA) (En) (Rev 1).nes	1489	5bc7fac06e58fda15fd981fd03572c34
53a7b9bd9f3d10105ffb	Street Fighter 2010 - The Final Fight (USA)	NES	retroachievements	/.rockbox/achievements/generations/bbda4426deed4869/games/53a7b9bd9f3d10105ffb/cover.bmp	/.rockbox/achievements/generations/bbda4426deed4869/games/53a7b9bd9f3d10105ffb/achievements.tsv		27		260		/gameboy/Street Fighter 2010 - The Final Fight (USA).nes	1501	f5e07200389089e9b5b801a9a247dcef
6d9abebee41af071b5e3	Super Mario Bros. (World)	NES	retroachievements	/.rockbox/achievements/generations/bbda4426deed4869/games/6d9abebee41af071b5e3/cover.bmp	/.rockbox/achievements/generations/bbda4426deed4869/games/6d9abebee41af071b5e3/achievements.tsv		76		773		/gameboy/Super Mario Bros. (World).nes	1446	8e3630186e35d477231bf8fd50e54cdd
b62eae4d392682975f2e	Tetris (USA)	NES	retroachievements	/.rockbox/achievements/generations/bbda4426deed4869/games/b62eae4d392682975f2e/cover.bmp	/.rockbox/achievements/generations/bbda4426deed4869/games/b62eae4d392682975f2e/achievements.tsv	3	37	9	480		/gameboy/Tetris (USA).nes	2022	5b0e571558c8c796937b96af469561c6
0e6b2f95f272e5683fd8	Zelda II - The Adventure of Link (USA)	NES	retroachievements	/.rockbox/achievements/generations/bbda4426deed4869/games/0e6b2f95f272e5683fd8/cover.bmp	/.rockbox/achievements/generations/bbda4426deed4869/games/0e6b2f95f272e5683fd8/achievements.tsv		44		517		/gameboy/Zelda II - The Adventure of Link (USA).nes	1453	88c0493fb1146834836c0ff4f3e06e45
5c606de99a2491eabde7	Super Mario 64	Nintendo 64	local-baseline	/.rockbox/achievements/generations/bbda4426deed4869/games/5c606de99a2491eabde7/cover.bmp	/.rockbox/achievements/generations/bbda4426deed4869/games/5c606de99a2491eabde7/achievements.tsv		4		50		/.rockbox/rocks/games/sm64.rock		
480cb1fff0a68de1a419	Lunch Time (USA) (GameCube)	PokeMini	retroachievements	/.rockbox/achievements/generations/bbda4426deed4869/games/480cb1fff0a68de1a419/cover.bmp	/.rockbox/achievements/generations/bbda4426deed4869/games/480cb1fff0a68de1a419/achievements.tsv		11		80		/PokeMini/Lunch Time (USA) (GameCube).min	11781	199aaed9afb5851c4d39ef78c29b86d1
0afc83a605806f1e54b3	Pichu Bros. Mini (Japan)	PokeMini	retroachievements	/.rockbox/achievements/generations/bbda4426deed4869/games/0afc83a605806f1e54b3/cover.bmp	/.rockbox/achievements/generations/bbda4426deed4869/games/0afc83a605806f1e54b3/achievements.tsv		10		100		/PokeMini/Pichu Bros. Mini (Japan).min	14714	a587b6f5aa51fc8506ae818127e5d1b3
ed285e594cff40f9a079	Pichu Bros. Mini - Netsukikyuu (Japan) (Preview)	PokeMini	local-baseline	/.rockbox/achievements/generations/bbda4426deed4869/games/ed285e594cff40f9a079/cover.bmp	/.rockbox/achievements/generations/bbda4426deed4869/games/ed285e594cff40f9a079/achievements.tsv		4		50		/PokeMini/Pichu Bros. Mini - Netsukikyuu (Japan) (Preview).min		
185e9caa9f2b83a6724b	Pokemon Anime Card Daisakusen (Japan)	PokeMini	local-baseline	/.rockbox/achievements/generations/bbda4426deed4869/games/185e9caa9f2b83a6724b/cover.bmp	/.rockbox/achievements/generations/bbda4426deed4869/games/185e9caa9f2b83a6724b/achievements.tsv		4		50		/PokeMini/Pokemon Anime Card Daisakusen (Japan).min		
d5d816b37eb1c1bc72c6	Pokemon Party Mini (USA)	PokeMini	retroachievements	/.rockbox/achievements/generations/bbda4426deed4869/games/d5d816b37eb1c1bc72c6/cover.bmp	/.rockbox/achievements/generations/bbda4426deed4869/games/d5d816b37eb1c1bc72c6/achievements.tsv		11		80		/PokeMini/Pokemon Party Mini (USA).min	11781	e0a064e6d758f958752a49c0ce798388
f94f8c7510aab3f00365	Pokemon Party Mini - Baseline Judge (USA) (GameCube)	PokeMini	local-baseline	/.rockbox/achievements/generations/bbda4426deed4869/games/f94f8c7510aab3f00365/cover.bmp	/.rockbox/achievements/generations/bbda4426deed4869/games/f94f8c7510aab3f00365/achievements.tsv		4		50		/PokeMini/Pokemon Party Mini - Baseline Judge (USA) (GameCube).min		
8e37164975f578b7c673	Pokemon Party Mini - Chansey's Dribble (Europe) (GameCube)	PokeMini	local-baseline	/.rockbox/achievements/generations/bbda4426deed4869/games/8e37164975f578b7c673/cover.bmp	/.rockbox/achievements/generations/bbda4426deed4869/games/8e37164975f578b7c673/achievements.tsv		4		50		/PokeMini/Pokemon Party Mini - Chansey's Dribble (Europe) (GameCube).min		
65b7f2a7431ad58a85c3	Pokemon Party Mini - Pikachu's Rocket Start (Europe) (GameCube)	PokeMini	local-baseline	/.rockbox/achievements/generations/bbda4426deed4869/games/65b7f2a7431ad58a85c3/cover.bmp	/.rockbox/achievements/generations/bbda4426deed4869/games/65b7f2a7431ad58a85c3/achievements.tsv		4		50		/PokeMini/Pokemon Party Mini - Pikachu's Rocket Start (Europe) (GameCube).min		
f0cc8110cc04b32affda	Pokemon Party Mini - Ricochet Dribble (USA) (GameCube)	PokeMini	local-baseline	/.rockbox/achievements/generations/bbda4426deed4869/games/f0cc8110cc04b32affda/cover.bmp	/.rockbox/achievements/generations/bbda4426deed4869/games/f0cc8110cc04b32affda/achievements.tsv		4		50		/PokeMini/Pokemon Party Mini - Ricochet Dribble (USA) (GameCube).min		
ddd9be3aa7dc0ca5bf3f	Pokemon Party Mini - Rocket Start (USA) (GameCube)	PokeMini	local-baseline	/.rockbox/achievements/generations/bbda4426deed4869/games/ddd9be3aa7dc0ca5bf3f/cover.bmp	/.rockbox/achievements/generations/bbda4426deed4869/games/ddd9be3aa7dc0ca5bf3f/achievements.tsv		4		50		/PokeMini/Pokemon Party Mini - Rocket Start (USA) (GameCube).min		
62e40a72740a718005c4	Pokemon Party Mini - Slowking's Judge (Europe) (GameCube)	PokeMini	local-baseline	/.rockbox/achievements/generations/bbda4426deed4869/games/62e40a72740a718005c4/cover.bmp	/.rockbox/achievements/generations/bbda4426deed4869/games/62e40a72740a718005c4/achievements.tsv		4		50		/PokeMini/Pokemon Party Mini - Slowking's Judge (Europe) (GameCube).min		
abec62b081b1ef5de33a	Pokemon Pinball Mini (USA) (GameCube Preview)	PokeMini	local-baseline	/.rockbox/achievements/generations/bbda4426deed4869/games/abec62b081b1ef5de33a/cover.bmp	/.rockbox/achievements/generations/bbda4426deed4869/games/abec62b081b1ef5de33a/achievements.tsv		4		50		/PokeMini/Pokemon Pinball Mini (USA) (GameCube Preview).min		
916fbf4f4779542f7a6b	Pokemon Puzzle Collection (Japan)	PokeMini	local-baseline	/.rockbox/achievements/generations/bbda4426deed4869/games/916fbf4f4779542f7a6b/cover.bmp	/.rockbox/achievements/generations/bbda4426deed4869/games/916fbf4f4779542f7a6b/achievements.tsv		4		50		/PokeMini/Pokemon Puzzle Collection (Japan).min		
df6ac60af9f97ba4a97f	Pokemon Puzzle Collection (Japan) (GameCube)	PokeMini	local-baseline	/.rockbox/achievements/generations/bbda4426deed4869/games/df6ac60af9f97ba4a97f/cover.bmp	/.rockbox/achievements/generations/bbda4426deed4869/games/df6ac60af9f97ba4a97f/achievements.tsv		4		50		/PokeMini/Pokemon Puzzle Collection (Japan) (GameCube).min		
2896437f1d6c8f0dcd2c	Pokemon Puzzle Collection (USA, Europe)	PokeMini	retroachievements	/.rockbox/achievements/generations/bbda4426deed4869/games/2896437f1d6c8f0dcd2c/cover.bmp	/.rockbox/achievements/generations/bbda4426deed4869/games/2896437f1d6c8f0dcd2c/achievements.tsv		22		80		/PokeMini/Pokemon Puzzle Collection (USA, Europe).min	14703	1bb47758e8ea1c5ba39acf4a1d10c78e
f4a90759c6178558f891	Pokemon Race Mini (Japan)	PokeMini	retroachievements	/.rockbox/achievements/generations/bbda4426deed4869/games/f4a90759c6178558f891/cover.bmp	/.rockbox/achievements/generations/bbda4426deed4869/games/f4a90759c6178558f891/achievements.tsv		39		539		/PokeMini/Pokemon Race Mini (Japan).min	14716	8b50be4cf91a6a3268f5be5e67120056
400f940ecad5bddd75bc	Pokemon Shock Tetris (Japan)	PokeMini	local-baseline	/.rockbox/achievements/generations/bbda4426deed4869/games/400f940ecad5bddd75bc/cover.bmp	/.rockbox/achievements/generations/bbda4426deed4869/games/400f940ecad5bddd75bc/achievements.tsv		4		50		/PokeMini/Pokemon Shock Tetris (Japan).min		
38dfe3aa76e3be7c2b3b	Pokemon Sodateyasan Mini (Japan)	PokeMini	retroachievements	/.rockbox/achievements/generations/bbda4426deed4869/games/38dfe3aa76e3be7c2b3b/cover.bmp	/.rockbox/achievements/generations/bbda4426deed4869/games/38dfe3aa76e3be7c2b3b/achievements.tsv		27		110		/PokeMini/Pokemon Sodateyasan Mini (Japan).min	11789	0eb5e7e191ce056f3ee2c6572bc61906
6d1ca0800679e69eea93	Pokemon Tetris (Europe) (En,Ja,Fr)	PokeMini	retroachievements	/.rockbox/achievements/generations/bbda4426deed4869/games/6d1ca0800679e69eea93/cover.bmp	/.rockbox/achievements/generations/bbda4426deed4869/games/6d1ca0800679e69eea93/achievements.tsv		114		645		/PokeMini/Pokemon Tetris (Europe) (En,Ja,Fr).min	14717	f100caf74574aeabe5084f3b5c9e03d2
57422f9b0d439646f892	Pokemon Zany Cards (USA, Europe)	PokeMini	retroachievements	/.rockbox/achievements/generations/bbda4426deed4869/games/57422f9b0d439646f892/cover.bmp	/.rockbox/achievements/generations/bbda4426deed4869/games/57422f9b0d439646f892/achievements.tsv		28		159		/PokeMini/Pokemon Zany Cards (USA, Europe).min	14718	28ddb09ed326df90b706aa61a851c732
d34a61865c94b12fba09	Snorlax's Lunch Time (Europe) (GameCube)	PokeMini	retroachievements	/.rockbox/achievements/generations/bbda4426deed4869/games/d34a61865c94b12fba09/cover.bmp	/.rockbox/achievements/generations/bbda4426deed4869/games/d34a61865c94b12fba09/achievements.tsv		11		80		/PokeMini/Snorlax's Lunch Time (Europe) (GameCube).min	11781	0823b8d49dc88033659f0d4eae114907
6ec9f264049737af4321	Snorlax's Lunch Time (Japan) (GameCube)	PokeMini	retroachievements	/.rockbox/achievements/generations/bbda4426deed4869/games/6ec9f264049737af4321/cover.bmp	/.rockbox/achievements/generations/bbda4426deed4869/games/6ec9f264049737af4321/achievements.tsv		11		80		/PokeMini/Snorlax's Lunch Time (Japan) (GameCube).min	11781	96f6a0cedc7471a0357271dc799ed342
cf8b42c5f5aee0d90aa1	Togepi no Daibouken (Japan)	PokeMini	retroachievements	/.rockbox/achievements/generations/bbda4426deed4869/games/cf8b42c5f5aee0d90aa1/cover.bmp	/.rockbox/achievements/generations/bbda4426deed4869/games/cf8b42c5f5aee0d90aa1/achievements.tsv		29		283		/PokeMini/Togepi no Daibouken (Japan).min	14701	a4eb2facaa5beb947f306ced2bf5cd15
e145b87e8d458a3a1c15	2048	Rockbox	local-baseline	/.rockbox/achievements/generations/bbda4426deed4869/games/e145b87e8d458a3a1c15/cover.bmp	/.rockbox/achievements/generations/bbda4426deed4869/games/e145b87e8d458a3a1c15/achievements.tsv		4		50		/.rockbox/rocks/games/2048.rock		
5d3d9628d646d6d5ef1e	Amaze	Rockbox	local-baseline	/.rockbox/achievements/generations/bbda4426deed4869/games/5d3d9628d646d6d5ef1e/cover.bmp	/.rockbox/achievements/generations/bbda4426deed4869/games/5d3d9628d646d6d5ef1e/achievements.tsv		4		50		/.rockbox/rocks/games/amaze.rock		
d244051dedf85c1e4302	Arduboy	Rockbox	local-baseline	/.rockbox/achievements/generations/bbda4426deed4869/games/d244051dedf85c1e4302/cover.bmp	/.rockbox/achievements/generations/bbda4426deed4869/games/d244051dedf85c1e4302/achievements.tsv		4		50		/.rockbox/rocks/games/arduboy.rock		
6dd22b18ba111a1e0f99	Blackjack	Rockbox	local-baseline	/.rockbox/achievements/generations/bbda4426deed4869/games/6dd22b18ba111a1e0f99/cover.bmp	/.rockbox/achievements/generations/bbda4426deed4869/games/6dd22b18ba111a1e0f99/achievements.tsv		4		50		/.rockbox/rocks/games/blackjack.rock		
16c0800ddc46015c4ada	Brickmania	Rockbox	local-baseline	/.rockbox/achievements/generations/bbda4426deed4869/games/16c0800ddc46015c4ada/cover.bmp	/.rockbox/achievements/generations/bbda4426deed4869/games/16c0800ddc46015c4ada/achievements.tsv		4		50		/.rockbox/rocks/games/brickmania.rock		
32335d0aeb01ed2e9bf3	Bubbles	Rockbox	local-baseline	/.rockbox/achievements/generations/bbda4426deed4869/games/32335d0aeb01ed2e9bf3/cover.bmp	/.rockbox/achievements/generations/bbda4426deed4869/games/32335d0aeb01ed2e9bf3/achievements.tsv		4		50		/.rockbox/rocks/games/bubbles.rock		
c31d2c7dcea40acb3517	Cdogs	Rockbox	local-baseline	/.rockbox/achievements/generations/bbda4426deed4869/games/c31d2c7dcea40acb3517/cover.bmp	/.rockbox/achievements/generations/bbda4426deed4869/games/c31d2c7dcea40acb3517/achievements.tsv		4		50		/.rockbox/rocks/games/cdogs.rock		
cf8d29d5473efc04d665	Chessbox	Rockbox	local-baseline	/.rockbox/achievements/generations/bbda4426deed4869/games/cf8d29d5473efc04d665/cover.bmp	/.rockbox/achievements/generations/bbda4426deed4869/games/cf8d29d5473efc04d665/achievements.tsv		4		50		/.rockbox/rocks/games/chessbox.rock		
52984d1cc5f51dfd76ed	Chopper	Rockbox	local-baseline	/.rockbox/achievements/generations/bbda4426deed4869/games/52984d1cc5f51dfd76ed/cover.bmp	/.rockbox/achievements/generations/bbda4426deed4869/games/52984d1cc5f51dfd76ed/achievements.tsv		4		50		/.rockbox/rocks/games/chopper.rock		
68cb18fe4862bb9d96c8	Clix	Rockbox	local-baseline	/.rockbox/achievements/generations/bbda4426deed4869/games/68cb18fe4862bb9d96c8/cover.bmp	/.rockbox/achievements/generations/bbda4426deed4869/games/68cb18fe4862bb9d96c8/achievements.tsv		4		50		/.rockbox/rocks/games/clix.rock		
c50676d669c156e93438	Clubpenguin	Rockbox	local-baseline	/.rockbox/achievements/generations/bbda4426deed4869/games/c50676d669c156e93438/cover.bmp	/.rockbox/achievements/generations/bbda4426deed4869/games/c50676d669c156e93438/achievements.tsv		4		50		/.rockbox/rocks/games/clubpenguin.rock		
21ef877feea35a13525c	Codebuster	Rockbox	local-baseline	/.rockbox/achievements/generations/bbda4426deed4869/games/21ef877feea35a13525c/cover.bmp	/.rockbox/achievements/generations/bbda4426deed4869/games/21ef877feea35a13525c/achievements.tsv		4		50		/.rockbox/rocks/games/codebuster.rock		
511d2ec5fd14462eabc8	Dice	Rockbox	local-baseline	/.rockbox/achievements/generations/bbda4426deed4869/games/511d2ec5fd14462eabc8/cover.bmp	/.rockbox/achievements/generations/bbda4426deed4869/games/511d2ec5fd14462eabc8/achievements.tsv		4		50		/.rockbox/rocks/games/dice.rock		
a177a705efb41c7ab189	DOOM	Rockbox	local-baseline	/.rockbox/achievements/generations/bbda4426deed4869/games/a177a705efb41c7ab189/cover.bmp	/.rockbox/achievements/generations/bbda4426deed4869/games/a177a705efb41c7ab189/achievements.tsv		4		50		/.rockbox/rocks/games/doom.rock		
206776d2db96adf8612b	DOOM Play	Rockbox	local-baseline	/.rockbox/achievements/generations/bbda4426deed4869/games/206776d2db96adf8612b/cover.bmp	/.rockbox/achievements/generations/bbda4426deed4869/games/206776d2db96adf8612b/achievements.tsv		4		50		/.rockbox/rocks/games/doom_play.rock		
8f4284a9f8ceae050094	Flipit	Rockbox	local-baseline	/.rockbox/achievements/generations/bbda4426deed4869/games/8f4284a9f8ceae050094/cover.bmp	/.rockbox/achievements/generations/bbda4426deed4869/games/8f4284a9f8ceae050094/achievements.tsv		4		50		/.rockbox/rocks/games/flipit.rock		
d470779d362d2b28a5ee	Goban	Rockbox	local-baseline	/.rockbox/achievements/generations/bbda4426deed4869/games/d470779d362d2b28a5ee/cover.bmp	/.rockbox/achievements/generations/bbda4426deed4869/games/d470779d362d2b28a5ee/achievements.tsv		4		50		/.rockbox/rocks/games/goban.rock		
7fb2b44b36fe16c5dea8	Invadrox	Rockbox	local-baseline	/.rockbox/achievements/generations/bbda4426deed4869/games/7fb2b44b36fe16c5dea8/cover.bmp	/.rockbox/achievements/generations/bbda4426deed4869/games/7fb2b44b36fe16c5dea8/achievements.tsv		4		50		/.rockbox/rocks/games/invadrox.rock		
d24abaa0220f5ab272bd	Ipodhero	Rockbox	local-baseline	/.rockbox/achievements/generations/bbda4426deed4869/games/d24abaa0220f5ab272bd/cover.bmp	/.rockbox/achievements/generations/bbda4426deed4869/games/d24abaa0220f5ab272bd/achievements.tsv		4		50		/.rockbox/rocks/games/ipodhero.rock		
49d772b4b77df64f56a3	Jackpot	Rockbox	local-baseline	/.rockbox/achievements/generations/bbda4426deed4869/games/49d772b4b77df64f56a3/cover.bmp	/.rockbox/achievements/generations/bbda4426deed4869/games/49d772b4b77df64f56a3/achievements.tsv		4		50		/.rockbox/rocks/games/jackpot.rock		
71cc3acbdac6b890ca29	Jewels	Rockbox	local-baseline	/.rockbox/achievements/generations/bbda4426deed4869/games/71cc3acbdac6b890ca29/cover.bmp	/.rockbox/achievements/generations/bbda4426deed4869/games/71cc3acbdac6b890ca29/achievements.tsv		4		50		/.rockbox/rocks/games/jewels.rock		
ec6450501bbafe149038	Maze	Rockbox	local-baseline	/.rockbox/achievements/generations/bbda4426deed4869/games/ec6450501bbafe149038/cover.bmp	/.rockbox/achievements/generations/bbda4426deed4869/games/ec6450501bbafe149038/achievements.tsv		4		50		/.rockbox/rocks/games/maze.rock		
3aba9577a7ac8f198fe0	Mazezam	Rockbox	local-baseline	/.rockbox/achievements/generations/bbda4426deed4869/games/3aba9577a7ac8f198fe0/cover.bmp	/.rockbox/achievements/generations/bbda4426deed4869/games/3aba9577a7ac8f198fe0/achievements.tsv		4		50		/.rockbox/rocks/games/mazezam.rock		
94853bf5e9cebd91c45f	Minesweeper	Rockbox	local-baseline	/.rockbox/achievements/generations/bbda4426deed4869/games/94853bf5e9cebd91c45f/cover.bmp	/.rockbox/achievements/generations/bbda4426deed4869/games/94853bf5e9cebd91c45f/achievements.tsv		4		50		/.rockbox/rocks/games/minesweeper.rock		
454df9ce39c95bda0d98	Pacbox	Rockbox	local-baseline	/.rockbox/achievements/generations/bbda4426deed4869/games/454df9ce39c95bda0d98/cover.bmp	/.rockbox/achievements/generations/bbda4426deed4869/games/454df9ce39c95bda0d98/achievements.tsv		4		50		/.rockbox/rocks/games/pacbox.rock		
cd34c8856711a88c0ecd	Pegbox	Rockbox	local-baseline	/.rockbox/achievements/generations/bbda4426deed4869/games/cd34c8856711a88c0ecd/cover.bmp	/.rockbox/achievements/generations/bbda4426deed4869/games/cd34c8856711a88c0ecd/achievements.tsv		4		50		/.rockbox/rocks/games/pegbox.rock		
ad7d7595b4a1f79eaa8d	Pocketcatch	Rockbox	local-baseline	/.rockbox/achievements/generations/bbda4426deed4869/games/ad7d7595b4a1f79eaa8d/cover.bmp	/.rockbox/achievements/generations/bbda4426deed4869/games/ad7d7595b4a1f79eaa8d/achievements.tsv		4		50		/.rockbox/rocks/games/pocketcatch.rock		
f6f1b57bfbc5fc3aa3d4	Pokemini	Rockbox	local-baseline	/.rockbox/achievements/generations/bbda4426deed4869/games/f6f1b57bfbc5fc3aa3d4/cover.bmp	/.rockbox/achievements/generations/bbda4426deed4869/games/f6f1b57bfbc5fc3aa3d4/achievements.tsv		4		50		/.rockbox/rocks/games/pokemini.rock		
20548a7896a243a2ae27	Pokemini Launcher	Rockbox	local-baseline	/.rockbox/achievements/generations/bbda4426deed4869/games/20548a7896a243a2ae27/cover.bmp	/.rockbox/achievements/generations/bbda4426deed4869/games/20548a7896a243a2ae27/achievements.tsv		4		50		/.rockbox/rocks/games/pokemini_launcher.rock		
e134fbde7bfa630fc230	Pong	Rockbox	local-baseline	/.rockbox/achievements/generations/bbda4426deed4869/games/e134fbde7bfa630fc230/cover.bmp	/.rockbox/achievements/generations/bbda4426deed4869/games/e134fbde7bfa630fc230/achievements.tsv		4		50		/.rockbox/rocks/games/pong.rock		
e7501aa7013cb2aba45e	Reversi	Rockbox	local-baseline	/.rockbox/achievements/generations/bbda4426deed4869/games/e7501aa7013cb2aba45e/cover.bmp	/.rockbox/achievements/generations/bbda4426deed4869/games/e7501aa7013cb2aba45e/achievements.tsv		4		50		/.rockbox/rocks/games/reversi.rock		
44bc95e9e15e090a41b7	Robotfindskitten	Rockbox	local-baseline	/.rockbox/achievements/generations/bbda4426deed4869/games/44bc95e9e15e090a41b7/cover.bmp	/.rockbox/achievements/generations/bbda4426deed4869/games/44bc95e9e15e090a41b7/achievements.tsv		4		50		/.rockbox/rocks/games/robotfindskitten.rock		
5ea95826670dc196c2e1	Rockblox	Rockbox	local-baseline	/.rockbox/achievements/generations/bbda4426deed4869/games/5ea95826670dc196c2e1/cover.bmp	/.rockbox/achievements/generations/bbda4426deed4869/games/5ea95826670dc196c2e1/achievements.tsv		4		50		/.rockbox/rocks/games/rockblox.rock		
971f49604fcaf81b9630	Rockblox1D	Rockbox	local-baseline	/.rockbox/achievements/generations/bbda4426deed4869/games/971f49604fcaf81b9630/cover.bmp	/.rockbox/achievements/generations/bbda4426deed4869/games/971f49604fcaf81b9630/achievements.tsv		4		50		/.rockbox/rocks/games/rockblox1d.rock		
b20ed873f7c3dd43c7f8	Rockboy	Rockbox	local-baseline	/.rockbox/achievements/generations/bbda4426deed4869/games/b20ed873f7c3dd43c7f8/cover.bmp	/.rockbox/achievements/generations/bbda4426deed4869/games/b20ed873f7c3dd43c7f8/achievements.tsv		4		50		/.rockbox/rocks/games/rockboy.rock		
1ca47597f409b2e5fa4d	Rockboy Launcher	Rockbox	local-baseline	/.rockbox/achievements/generations/bbda4426deed4869/games/1ca47597f409b2e5fa4d/cover.bmp	/.rockbox/achievements/generations/bbda4426deed4869/games/1ca47597f409b2e5fa4d/achievements.tsv		4		50		/.rockbox/rocks/games/rockboy_launcher.rock		
feae6169d079eb501bbc	Runepod	Rockbox	local-baseline	/.rockbox/achievements/generations/bbda4426deed4869/games/feae6169d079eb501bbc/cover.bmp	/.rockbox/achievements/generations/bbda4426deed4869/games/feae6169d079eb501bbc/achievements.tsv		4		50		/.rockbox/rocks/games/runepod.rock		
d6987a406f25038c4cc1	Runescape Classic	Rockbox	local-baseline	/.rockbox/achievements/generations/bbda4426deed4869/games/d6987a406f25038c4cc1/cover.bmp	/.rockbox/achievements/generations/bbda4426deed4869/games/d6987a406f25038c4cc1/achievements.tsv		4		50		/.rockbox/rocks/games/runescape_classic.rock		
685a3b344689a443362e	Sliding Puzzle	Rockbox	local-baseline	/.rockbox/achievements/generations/bbda4426deed4869/games/685a3b344689a443362e/cover.bmp	/.rockbox/achievements/generations/bbda4426deed4869/games/685a3b344689a443362e/achievements.tsv		4		50		/.rockbox/rocks/games/sliding_puzzle.rock		
e53116eb996c2985c3ad	Smsgg	Rockbox	local-baseline	/.rockbox/achievements/generations/bbda4426deed4869/games/e53116eb996c2985c3ad/cover.bmp	/.rockbox/achievements/generations/bbda4426deed4869/games/e53116eb996c2985c3ad/achievements.tsv		4		50		/.rockbox/rocks/games/smsgg.rock		
9484583d16fc1ed718f3	Snake	Rockbox	local-baseline	/.rockbox/achievements/generations/bbda4426deed4869/games/9484583d16fc1ed718f3/cover.bmp	/.rockbox/achievements/generations/bbda4426deed4869/games/9484583d16fc1ed718f3/achievements.tsv		4		50		/.rockbox/rocks/games/snake.rock		
4a11b20c26eec2495530	Snake2	Rockbox	local-baseline	/.rockbox/achievements/generations/bbda4426deed4869/games/4a11b20c26eec2495530/cover.bmp	/.rockbox/achievements/generations/bbda4426deed4869/games/4a11b20c26eec2495530/achievements.tsv		4		50		/.rockbox/rocks/games/snake2.rock		
7d7ed2c7234e1458ba59	Sokoban	Rockbox	local-baseline	/.rockbox/achievements/generations/bbda4426deed4869/games/7d7ed2c7234e1458ba59/cover.bmp	/.rockbox/achievements/generations/bbda4426deed4869/games/7d7ed2c7234e1458ba59/achievements.tsv		4		50		/.rockbox/rocks/games/sokoban.rock		
b95379f1497371a4db54	Solitaire	Rockbox	local-baseline	/.rockbox/achievements/generations/bbda4426deed4869/games/b95379f1497371a4db54/cover.bmp	/.rockbox/achievements/generations/bbda4426deed4869/games/b95379f1497371a4db54/achievements.tsv		4		50		/.rockbox/rocks/games/solitaire.rock		
caa7f96ab156f445a7f5	Spacerocks	Rockbox	local-baseline	/.rockbox/achievements/generations/bbda4426deed4869/games/caa7f96ab156f445a7f5/cover.bmp	/.rockbox/achievements/generations/bbda4426deed4869/games/caa7f96ab156f445a7f5/achievements.tsv		4		50		/.rockbox/rocks/games/spacerocks.rock		
9645cd311ecb2702d6cd	Star	Rockbox	local-baseline	/.rockbox/achievements/generations/bbda4426deed4869/games/9645cd311ecb2702d6cd/cover.bmp	/.rockbox/achievements/generations/bbda4426deed4869/games/9645cd311ecb2702d6cd/achievements.tsv		4		50		/.rockbox/rocks/games/star.rock		
294ad38f8cbe6a26f38b	SUDOKU	Rockbox	local-baseline	/.rockbox/achievements/generations/bbda4426deed4869/games/294ad38f8cbe6a26f38b/cover.bmp	/.rockbox/achievements/generations/bbda4426deed4869/games/294ad38f8cbe6a26f38b/achievements.tsv		4		50		/.rockbox/rocks/games/sudoku.rock		
7107c90009e17020188f	Superdom	Rockbox	local-baseline	/.rockbox/achievements/generations/bbda4426deed4869/games/7107c90009e17020188f/cover.bmp	/.rockbox/achievements/generations/bbda4426deed4869/games/7107c90009e17020188f/achievements.tsv		4		50		/.rockbox/rocks/games/superdom.rock		
c752b1d745658bccfe69	Wormlet	Rockbox	local-baseline	/.rockbox/achievements/generations/bbda4426deed4869/games/c752b1d745658bccfe69/cover.bmp	/.rockbox/achievements/generations/bbda4426deed4869/games/c752b1d745658bccfe69/achievements.tsv		4		50		/.rockbox/rocks/games/wormlet.rock		
24311d95cce3bda5352b	Wwe Backstage	Rockbox	local-baseline	/.rockbox/achievements/generations/bbda4426deed4869/games/24311d95cce3bda5352b/cover.bmp	/.rockbox/achievements/generations/bbda4426deed4869/games/24311d95cce3bda5352b/achievements.tsv		4		50		/.rockbox/rocks/games/wwe_backstage.rock		
a87cdc7e2eefcd504b67	Xobox	Rockbox	local-baseline	/.rockbox/achievements/generations/bbda4426deed4869/games/a87cdc7e2eefcd504b67/cover.bmp	/.rockbox/achievements/generations/bbda4426deed4869/games/a87cdc7e2eefcd504b67/achievements.tsv		4		50		/.rockbox/rocks/games/xobox.rock		
e68c44ffad413995c778	Xrick	Rockbox	local-baseline	/.rockbox/achievements/generations/bbda4426deed4869/games/e68c44ffad413995c778/cover.bmp	/.rockbox/achievements/generations/bbda4426deed4869/games/e68c44ffad413995c778/achievements.tsv		4		50		/.rockbox/rocks/games/xrick.rock		
f25acf49e74d0c1eaa2d	Xworld	Rockbox	local-baseline	/.rockbox/achievements/generations/bbda4426deed4869/games/f25acf49e74d0c1eaa2d/cover.bmp	/.rockbox/achievements/generations/bbda4426deed4869/games/f25acf49e74d0c1eaa2d/achievements.tsv		4		50		/.rockbox/rocks/games/xworld.rock		
cbb65562d6eae662841c	Donkey Kong Country 3 - Dixie Kong's Double Trouble! (USA) (En,Fr)	Super Nintendo	retroachievements	/.rockbox/achievements/generations/bbda4426deed4869/games/cbb65562d6eae662841c/cover.bmp	/.rockbox/achievements/generations/bbda4426deed4869/games/cbb65562d6eae662841c/achievements.tsv	1	84	5	884		/.rockbox/roms/snes/Donkey Kong Country 3 - Dixie Kong's Double Trouble! (USA) (En,Fr).sfc	473	120abf304f0c40fe059f6a192ed4f947
00f641c45571ce596da9	Final Fantasy III (USA) (Rev 1)	Super Nintendo	retroachievements	/.rockbox/achievements/generations/bbda4426deed4869/games/00f641c45571ce596da9/cover.bmp	/.rockbox/achievements/generations/bbda4426deed4869/games/00f641c45571ce596da9/achievements.tsv		115		843		/.rockbox/roms/snes/Final Fantasy III (USA) (Rev 1).sfc	341	544311e104805e926083acf29ec664da
8c4ff26542351e1b3690	Killer Instinct (USA) (Rev 1)	Super Nintendo	retroachievements	/.rockbox/achievements/generations/bbda4426deed4869/games/8c4ff26542351e1b3690/cover.bmp	/.rockbox/achievements/generations/bbda4426deed4869/games/8c4ff26542351e1b3690/achievements.tsv	5	53	40	1121		/.rockbox/roms/snes/Killer Instinct (USA) (Rev 1).sfc	279	c9b698cf98f1aede7a87c1e449384632
2010ff0a5212b628ca0e	NHL '94 (USA)	Super Nintendo	retroachievements	/.rockbox/achievements/generations/bbda4426deed4869/games/2010ff0a5212b628ca0e/cover.bmp	/.rockbox/achievements/generations/bbda4426deed4869/games/2010ff0a5212b628ca0e/achievements.tsv		25		222		/.rockbox/roms/snes/NHL '94 (USA).sfc	1061	a93ffed8ea7198a8cd23d698933e2cd9
c255b6f1976d1c1b7884	Secret of Mana (USA)	Super Nintendo	retroachievements	/.rockbox/achievements/generations/bbda4426deed4869/games/c255b6f1976d1c1b7884/cover.bmp	/.rockbox/achievements/generations/bbda4426deed4869/games/c255b6f1976d1c1b7884/achievements.tsv	8	85	22	650		/.rockbox/roms/snes/Secret of Mana (USA).sfc	400	10a894199a9adc50ff88815fd9853e19
3cd51913429c8992dd7f	Super Mario Kart (USA)	Super Nintendo	retroachievements	/.rockbox/achievements/generations/bbda4426deed4869/games/3cd51913429c8992dd7f/cover.bmp	/.rockbox/achievements/generations/bbda4426deed4869/games/3cd51913429c8992dd7f/achievements.tsv	1	47	5	575		/.rockbox/roms/snes/Super Mario Kart (USA).sfc	232	7f25ce5a283d902694c52fb1152fa61a
