mode=scan clip="/Videos/OpenH264/phone_20.h264" bytes=517810 nal_count=290 idr_count=7 sps_count=7 pps_count=7 scan_ticks=9 error=0 decoder=not_vendored
mode=raw_rvp clip="/Videos/OpenH264/quick_raw.rvp" width=320 height=240 fps=20 sample_rate=44100 channels=2 frames=120 video_bytes=13824000 audio_bytes=1058400 late_frames=99 play_ticks=813 error=0
mode=raw_rvp clip="/Videos/OpenH264/quick_raw.rvp" width=320 height=240 fps=20 sample_rate=44100 channels=2 frames=120 video_bytes=13824000 audio_bytes=1058400 late_frames=0 play_ticks=4 error=0
mode=raw_rvp clip="/Videos/OpenH264/phone_raw.rvp" width=320 height=240 fps=20 sample_rate=44100 channels=2 frames=275 video_bytes=31680000 audio_bytes=2429176 late_frames=71 play_ticks=607 error=0
mode=raw_rvp clip="/Videos/OpenH264/phone_raw.rvp" width=320 height=240 fps=20 sample_rate=44100 channels=2 frames=275 video_bytes=31680000 audio_bytes=2429176 late_frames=24 play_ticks=272 error=0
mode=raw_rvp clip="/Videos/Downloaded/Who Can Stay Homeless The Longest - Kenny vs Spenny (HD).rvp" width=320 height=240 fps=20 sample_rate=44100 channels=2 frames=0 video_bytes=-2 audio_bytes=240242688 late_frames=0 play_ticks=0 error=-1
mode=raw_rvp clip="/Videos/Downloaded/Oliver Tree & Robin Schulz - Miss You [Official Music Video].rvp" width=320 height=240 fps=20 sample_rate=44100 channels=2 frames=3383 video_bytes=389721600 audio_bytes=29841408 late_frames=15 play_ticks=114 error=0
mode=raw_rvp clip="/Videos/OpenH264/phone_raw.rvp" width=320 height=240 fps=20 sample_rate=44100 channels=2 frames=275 video_bytes=31680000 audio_bytes=2429176 late_frames=3 play_ticks=128 error=0
mode=raw_rvp clip="/Videos/Downloaded/Who Can Stay Homeless The Longest - Kenny vs Spenny (HD).rvp" width=320 height=240 fps=20 sample_rate=44100 channels=2 frames=0 video_bytes=-2 audio_bytes=240242688 late_frames=0 play_ticks=0 error=-1
mode=raw_rvp clip="/Videos/Downloaded/Oliver Tree & Robin Schulz - Miss You [Official Music Video].rvp" width=320 height=240 fps=20 sample_rate=44100 channels=2 frames=-1 video_bytes=0 audio_bytes=0 late_frames=0 play_ticks=0 error=-20
mode=raw_rvp clip="/Videos/Downloaded/Oliver Tree & Robin Schulz - Miss You [Official Music Video].rvp" width=320 height=240 fps=20 sample_rate=44100 channels=2 frames=-2 video_bytes=1 audio_bytes=0 late_frames=0 play_ticks=0 error=-21
mode=raw_rvp clip="/Videos/Downloaded/Oliver Tree & Robin Schulz - Miss You [Official Music Video].rvp" width=320 height=240 fps=20 sample_rate=44100 channels=2 frames=3383 video_bytes=389721600 audio_bytes=29841408 late_frames=2 play_ticks=15 error=0
mode=raw_rvp clip="/Videos/Downloaded/Oliver Tree & Robin Schulz - Miss You [Official Music Video].rvp" width=320 height=240 fps=20 sample_rate=44100 channels=2 frames=-1 video_bytes=0 audio_bytes=0 late_frames=0 play_ticks=0 error=-20
mode=raw_rvp clip="/Videos/Downloaded/Oliver Tree & Robin Schulz - Miss You [Official Music Video].rvp" width=320 height=240 fps=20 sample_rate=44100 channels=2 frames=-2 video_bytes=1 audio_bytes=0 late_frames=0 play_ticks=0 error=-21
mode=raw_rvp clip="/Videos/Downloaded/Oliver Tree & Robin Schulz - Miss You [Official Music Video].rvp" width=320 height=240 fps=20 sample_rate=44100 channels=2 frames=3383 video_bytes=389721600 audio_bytes=29841408 late_frames=127 play_ticks=907 error=0
mode=raw_rvp clip="/Videos/OpenH264/phone_raw.rvp" width=320 height=240 fps=20 sample_rate=44100 channels=2 frames=-1 video_bytes=0 audio_bytes=0 late_frames=0 play_ticks=0 error=-20
mode=raw_rvp clip="/Videos/OpenH264/phone_raw.rvp" width=320 height=240 fps=20 sample_rate=44100 channels=2 frames=-2 video_bytes=1 audio_bytes=0 late_frames=0 play_ticks=0 error=-21
mode=raw_rvp clip="/Videos/OpenH264/phone_raw.rvp" width=320 height=240 fps=20 sample_rate=44100 channels=2 frames=275 video_bytes=31680000 audio_bytes=2429176 late_frames=2 play_ticks=116 error=0
mode=raw_rvp clip="/Videos/Downloaded/Who Can Stay Homeless The Longest - Kenny vs Spenny (HD).rvp" width=320 height=240 fps=20 sample_rate=44100 channels=2 frames=-1 video_bytes=0 audio_bytes=0 late_frames=0 play_ticks=0 error=-20
mode=raw_rvp clip="/Videos/Downloaded/Who Can Stay Homeless The Longest - Kenny vs Spenny (HD).rvp" width=320 height=240 fps=20 sample_rate=44100 channels=2 frames=-2 video_bytes=23 audio_bytes=0 late_frames=0 play_ticks=0 error=-21
mode=raw_rvp clip="/Videos/Downloaded/Who Can Stay Homeless The Longest - Kenny vs Spenny (HD).rvp" width=320 height=240 fps=20 sample_rate=44100 channels=2 frames=1200 video_bytes=138240000 audio_bytes=10584000 late_frames=180 play_ticks=1335 error=0
mode=raw_rvp clip="/Videos/Downloaded/Who Can Stay Homeless The Longest - Kenny vs Spenny (HD).rvp" width=320 height=240 fps=20 sample_rate=44100 channels=2 frames=1200 video_bytes=138240000 audio_bytes=10584000 late_frames=30 play_ticks=270 error=0
mode=raw_rvp clip="/Videos/Downloaded/Who Can Stay Homeless The Longest - Kenny vs Spenny (HD).rvp" width=320 height=240 fps=20 sample_rate=44100 channels=2 frames=1200 video_bytes=138240000 audio_bytes=10584000 late_frames=413 play_ticks=3004 error=0
mode=raw_rvp clip="/Videos/Downloaded/Who Can Stay Homeless The Longest - Kenny vs Spenny (HD).rvp" width=320 height=240 fps=20 sample_rate=44100 channels=2 frames=1200 video_bytes=138240000 audio_bytes=10584000 late_frames=6 play_ticks=100 error=0
mode=raw_rvp clip="/Videos/Downloaded/Who Can Stay Homeless The Longest - Kenny vs Spenny (HD).rvp" width=320 height=240 fps=20 sample_rate=44100 channels=2 frames=1200 video_bytes=138240000 audio_bytes=10584000 late_frames=1 play_ticks=64 error=0
mode=raw_rvp clip="/Videos/Downloaded/Who Can Stay Homeless The Longest - Kenny vs Spenny (HD).rvp" width=320 height=240 fps=20 sample_rate=44100 channels=2 frames=1200 video_bytes=138240000 audio_bytes=10584000 late_frames=0 play_ticks=42 error=0
mode=raw_rvp clip="/Videos/Downloaded/Who Can Stay Homeless The Longest - Kenny vs Spenny (HD).rvp" width=320 height=240 fps=20 sample_rate=44100 channels=2 frames=7200 video_bytes=0 audio_bytes=0 late_frames=630 play_ticks=4815 error=0
mode=raw_rvp clip="/Videos/OpenH264/phone_raw.rvp" width=320 height=240 fps=20 sample_rate=44100 channels=2 frames=-1 video_bytes=0 audio_bytes=0 late_frames=0 play_ticks=0 error=-20
mode=raw_rvp clip="/Videos/OpenH264/phone_raw.rvp" width=320 height=240 fps=20 sample_rate=44100 channels=2 frames=-2 video_bytes=1 audio_bytes=0 late_frames=0 play_ticks=0 error=-21
mode=raw_rvp clip="/Videos/OpenH264/phone_raw.rvp" width=320 height=240 fps=20 sample_rate=44100 channels=2 frames=275 video_bytes=31680000 audio_bytes=2429176 late_frames=52 play_ticks=472 error=0
mode=raw_rvp clip="/Videos/Downloaded/Oliver Tree & Robin Schulz - Miss You [Official Music Video].rvp" width=320 height=240 fps=20 sample_rate=44100 channels=2 frames=-1 video_bytes=0 audio_bytes=0 late_frames=0 play_ticks=0 error=-20
mode=raw_rvp clip="/Videos/Downloaded/Oliver Tree & Robin Schulz - Miss You [Official Music Video].rvp" width=320 height=240 fps=20 sample_rate=44100 channels=2 frames=-2 video_bytes=1 audio_bytes=0 late_frames=0 play_ticks=0 error=-21
mode=raw_rvp clip="/Videos/Downloaded/Oliver Tree & Robin Schulz - Miss You [Official Music Video].rvp" width=320 height=240 fps=20 sample_rate=44100 channels=2 frames=3383 video_bytes=389721600 audio_bytes=29841408 late_frames=11 play_ticks=85 error=0
mode=raw_rvp clip="/Videos/Downloaded/Who Can Stay Homeless The Longest - Kenny vs Spenny (HD).rvp" width=320 height=240 fps=20 sample_rate=44100 channels=2 frames=-1 video_bytes=0 audio_bytes=0 late_frames=0 play_ticks=0 error=-20
mode=raw_rvp clip="/Videos/Downloaded/Who Can Stay Homeless The Longest - Kenny vs Spenny (HD).rvp" width=320 height=240 fps=20 sample_rate=44100 channels=2 frames=-2 video_bytes=23 audio_bytes=0 late_frames=0 play_ticks=0 error=-21
mode=raw_rvp clip="/Videos/Downloaded/Who Can Stay Homeless The Longest - Kenny vs Spenny (HD).rvp" width=320 height=240 fps=20 sample_rate=44100 channels=2 frames=1200 video_bytes=138240000 audio_bytes=10584000 late_frames=86 play_ticks=670 error=0
mode=raw_rvp clip="/Videos/Downloaded/Who Can Stay Homeless The Longest - Kenny vs Spenny (HD).rvp" width=320 height=240 fps=20 sample_rate=44100 channels=2 frames=1200 video_bytes=138240000 audio_bytes=10584000 late_frames=48 play_ticks=399 error=0
mode=raw_rvp clip="/Videos/Downloaded/Who Can Stay Homeless The Longest - Kenny vs Spenny (HD).rvp" width=320 height=240 fps=20 sample_rate=44100 channels=2 frames=1200 video_bytes=138240000 audio_bytes=10584000 late_frames=0 play_ticks=14 error=0
mode=raw_rvp clip="/Videos/Downloaded/Who Can Stay Homeless The Longest - Kenny vs Spenny (HD).rvp" width=320 height=240 fps=20 sample_rate=44100 channels=2 frames=1200 video_bytes=138240000 audio_bytes=10584000 late_frames=0 play_ticks=3 error=0
mode=raw_rvp clip="/Videos/Downloaded/Who Can Stay Homeless The Longest - Kenny vs Spenny (HD).rvp" width=320 height=240 fps=20 sample_rate=44100 channels=2 frames=1200 video_bytes=138240000 audio_bytes=10584000 late_frames=0 play_ticks=4 error=0
mode=raw_rvp clip="/Videos/Downloaded/Who Can Stay Homeless The Longest - Kenny vs Spenny (HD).rvp" width=320 height=240 fps=20 sample_rate=44100 channels=2 frames=1200 video_bytes=138240000 audio_bytes=10584000 late_frames=0 play_ticks=36 error=0
mode=raw_rvp clip="/Videos/Downloaded/Who Can Stay Homeless The Longest - Kenny vs Spenny (HD).rvp" width=320 height=240 fps=20 sample_rate=44100 channels=2 frames=1200 video_bytes=138240000 audio_bytes=10584000 late_frames=0 play_ticks=6 error=0
mode=raw_rvp clip="/Videos/Downloaded/Who Can Stay Homeless The Longest - Kenny vs Spenny (HD).rvp" width=320 height=240 fps=20 sample_rate=44100 channels=2 frames=8400 video_bytes=0 audio_bytes=0 late_frames=134 play_ticks=1132 error=0
mode=raw_rvp clip="/Videos/Downloaded/Oliver Tree & Robin Schulz - Miss You [Official Music Video].rvp" width=320 height=240 fps=20 sample_rate=44100 channels=2 frames=-1 video_bytes=0 audio_bytes=0 late_frames=0 play_ticks=0 error=-20
mode=raw_rvp clip="/Videos/Downloaded/Oliver Tree & Robin Schulz - Miss You [Official Music Video].rvp" width=320 height=240 fps=20 sample_rate=44100 channels=2 frames=-2 video_bytes=1 audio_bytes=0 late_frames=0 play_ticks=0 error=-21
mode=raw_rvp clip="/Videos/Downloaded/Oliver Tree & Robin Schulz - Miss You [Official Music Video].rvp" width=320 height=240 fps=20 sample_rate=44100 channels=2 frames=3383 video_bytes=389721600 audio_bytes=29841408 late_frames=20 play_ticks=149 error=0
mode=raw_rvp clip="/Videos/Downloaded/Who Can Stay Homeless The Longest - Kenny vs Spenny (HD).rvp" width=320 height=240 fps=20 sample_rate=44100 channels=2 frames=-1 video_bytes=0 audio_bytes=0 late_frames=0 play_ticks=0 error=-20
mode=raw_rvp clip="/Videos/Downloaded/Who Can Stay Homeless The Longest - Kenny vs Spenny (HD).rvp" width=320 height=240 fps=20 sample_rate=44100 channels=2 frames=-2 video_bytes=23 audio_bytes=0 late_frames=0 play_ticks=0 error=-21
mode=raw_rvp clip="/Videos/Downloaded/Who Can Stay Homeless The Longest - Kenny vs Spenny (HD).rvp" width=320 height=240 fps=20 sample_rate=44100 channels=2 frames=1200 video_bytes=138240000 audio_bytes=10584000 late_frames=320 play_ticks=2334 error=0
mode=raw_rvp clip="/Videos/Downloaded/Who Can Stay Homeless The Longest - Kenny vs Spenny (HD).rvp" width=320 height=240 fps=20 sample_rate=44100 channels=2 frames=1200 video_bytes=138240000 audio_bytes=10584000 late_frames=13 play_ticks=154 error=0
mode=raw_rvp clip="/Videos/Downloaded/Who Can Stay Homeless The Longest - Kenny vs Spenny (HD).rvp" width=320 height=240 fps=20 sample_rate=44100 channels=2 frames=2400 video_bytes=0 audio_bytes=0 late_frames=333 play_ticks=2488 error=0
mode=raw_rvp clip="/Videos/Downloaded/Oliver Tree & Robin Schulz - Miss You [Official Music Video].rvp" width=320 height=240 fps=20 sample_rate=44100 channels=2 frames=-1 video_bytes=0 audio_bytes=0 late_frames=0 play_ticks=0 error=-20
mode=raw_rvp clip="/Videos/Downloaded/Oliver Tree & Robin Schulz - Miss You [Official Music Video].rvp" width=320 height=240 fps=20 sample_rate=44100 channels=2 frames=-2 video_bytes=1 audio_bytes=0 late_frames=0 play_ticks=0 error=-21
mode=raw_rvp clip="/Videos/Downloaded/Oliver Tree & Robin Schulz - Miss You [Official Music Video].rvp" width=320 height=240 fps=20 sample_rate=44100 channels=2 frames=3383 video_bytes=389721600 audio_bytes=29841408 late_frames=38 play_ticks=278 error=0
mode=raw_rvp clip="/Videos/Downloaded/Who Can Stay Homeless The Longest - Kenny vs Spenny (HD).rvp" width=320 height=240 fps=20 sample_rate=44100 channels=2 frames=-1 video_bytes=0 audio_bytes=0 late_frames=0 play_ticks=0 error=-20
mode=raw_rvp clip="/Videos/Downloaded/Who Can Stay Homeless The Longest - Kenny vs Spenny (HD).rvp" width=320 height=240 fps=20 sample_rate=44100 channels=2 frames=-2 video_bytes=46 audio_bytes=0 late_frames=0 play_ticks=0 error=-21
mode=raw_rvp clip="/Videos/Downloaded/Who Can Stay Homeless The Longest - Kenny vs Spenny (HD).rvp" width=320 height=240 fps=20 sample_rate=44100 channels=2 frames=600 video_bytes=69120000 audio_bytes=5292000 late_frames=84 play_ticks=538 error=0
mode=raw_rvp clip="/Videos/Downloaded/Who Can Stay Homeless The Longest - Kenny vs Spenny (HD).rvp" width=320 height=240 fps=20 sample_rate=44100 channels=2 frames=600 video_bytes=69120000 audio_bytes=5292000 late_frames=8 play_ticks=137 error=0
mode=raw_rvp clip="/Videos/Downloaded/Who Can Stay Homeless The Longest - Kenny vs Spenny (HD).rvp" width=320 height=240 fps=20 sample_rate=44100 channels=2 frames=600 video_bytes=69120000 audio_bytes=5292000 late_frames=8 play_ticks=253 error=0
mode=raw_rvp clip="/Videos/Downloaded/Who Can Stay Homeless The Longest - Kenny vs Spenny (HD).rvp" width=320 height=240 fps=20 sample_rate=44100 channels=2 frames=600 video_bytes=69120000 audio_bytes=5292000 late_frames=0 play_ticks=49 error=0
mode=raw_rvp clip="/Videos/Downloaded/Who Can Stay Homeless The Longest - Kenny vs Spenny (HD).rvp" width=320 height=240 fps=20 sample_rate=44100 channels=2 frames=600 video_bytes=69120000 audio_bytes=5292000 late_frames=0 play_ticks=106 error=0
mode=raw_rvp clip="/Videos/Downloaded/Who Can Stay Homeless The Longest - Kenny vs Spenny (HD).rvp" width=320 height=240 fps=20 sample_rate=44100 channels=2 frames=600 video_bytes=69120000 audio_bytes=5292000 late_frames=0 play_ticks=22 error=0
mode=raw_rvp clip="/Videos/Downloaded/Who Can Stay Homeless The Longest - Kenny vs Spenny (HD).rvp" width=320 height=240 fps=20 sample_rate=44100 channels=2 frames=600 video_bytes=69120000 audio_bytes=5292000 late_frames=0 play_ticks=83 error=0
mode=raw_rvp clip="/Videos/Downloaded/Who Can Stay Homeless The Longest - Kenny vs Spenny (HD).rvp" width=320 height=240 fps=20 sample_rate=44100 channels=2 frames=-1 video_bytes=0 audio_bytes=0 late_frames=0 play_ticks=0 error=-20
mode=raw_rvp clip="/Videos/Downloaded/Who Can Stay Homeless The Longest - Kenny vs Spenny (HD).rvp" width=320 height=240 fps=20 sample_rate=44100 channels=2 frames=-2 video_bytes=46 audio_bytes=0 late_frames=0 play_ticks=0 error=-21
mode=raw_rvp clip="/Videos/Downloaded/Who Can Stay Homeless The Longest - Kenny vs Spenny (HD).rvp" width=320 height=240 fps=20 sample_rate=44100 channels=2 frames=600 video_bytes=69120000 audio_bytes=5292000 late_frames=481 play_ticks=3001 error=0
mode=raw_rvp clip="/Videos/Downloaded/Who Can Stay Homeless The Longest - Kenny vs Spenny (HD).rvp" width=320 height=240 fps=20 sample_rate=44100 channels=2 frames=600 video_bytes=69120000 audio_bytes=5292000 late_frames=498 play_ticks=3001 error=0
mode=raw_rvp clip="/Videos/Downloaded/Who Can Stay Homeless The Longest - Kenny vs Spenny (HD).rvp" width=320 height=240 fps=20 sample_rate=44100 channels=2 frames=600 video_bytes=69120000 audio_bytes=5292000 late_frames=281 play_ticks=1591 error=0
mode=raw_rvp clip="/Videos/Downloaded/Who Can Stay Homeless The Longest - Kenny vs Spenny (HD).rvp" width=320 height=240 fps=20 sample_rate=44100 channels=2 frames=600 video_bytes=69120000 audio_bytes=5292000 late_frames=0 play_ticks=11 error=0
mode=raw_rvp clip="/Videos/Downloaded/Who Can Stay Homeless The Longest - Kenny vs Spenny (HD).rvp" width=320 height=240 fps=20 sample_rate=44100 channels=2 frames=600 video_bytes=69120000 audio_bytes=5292000 late_frames=0 play_ticks=41 error=0
mode=raw_rvp clip="/Videos/Downloaded/Who Can Stay Homeless The Longest - Kenny vs Spenny (HD).rvp" width=320 height=240 fps=20 sample_rate=44100 channels=2 frames=600 video_bytes=69120000 audio_bytes=5292000 late_frames=0 play_ticks=218 error=0
mode=raw_rvp clip="/Videos/Downloaded/Who Can Stay Homeless The Longest - Kenny vs Spenny (HD).rvp" width=320 height=240 fps=20 sample_rate=44100 channels=2 frames=600 video_bytes=69120000 audio_bytes=5292000 late_frames=0 play_ticks=39 error=0
mode=raw_rvp clip="/Videos/Downloaded/Who Can Stay Homeless The Longest - Kenny vs Spenny (HD).rvp" width=320 height=240 fps=20 sample_rate=44100 channels=2 frames=600 video_bytes=69120000 audio_bytes=5292000 late_frames=0 play_ticks=34 error=0
mode=raw_rvp clip="/Videos/Downloaded/Who Can Stay Homeless The Longest - Kenny vs Spenny (HD).rvp" width=320 height=240 fps=20 sample_rate=44100 channels=2 frames=600 video_bytes=69120000 audio_bytes=5292000 late_frames=0 play_ticks=28 error=0
mode=raw_rvp clip="/Videos/Downloaded/Who Can Stay Homeless The Longest - Kenny vs Spenny (HD).rvp" width=320 height=240 fps=20 sample_rate=44100 channels=2 frames=600 video_bytes=69120000 audio_bytes=5292000 late_frames=0 play_ticks=4 error=0
mode=raw_rvp clip="/Videos/Downloaded/Who Can Stay Homeless The Longest - Kenny vs Spenny (HD).rvp" width=320 height=240 fps=20 sample_rate=44100 channels=2 frames=600 video_bytes=69120000 audio_bytes=5292000 late_frames=0 play_ticks=6 error=0
mode=raw_rvp clip="/Videos/Downloaded/Who Can Stay Homeless The Longest - Kenny vs Spenny (HD).rvp" width=320 height=240 fps=20 sample_rate=44100 channels=2 frames=600 video_bytes=69120000 audio_bytes=5292000 late_frames=0 play_ticks=6 error=0
mode=raw_rvp clip="/Videos/Downloaded/Who Can Stay Homeless The Longest - Kenny vs Spenny (HD).rvp" width=320 height=240 fps=20 sample_rate=44100 channels=2 frames=600 video_bytes=69120000 audio_bytes=5292000 late_frames=0 play_ticks=6 error=0
mode=raw_rvp clip="/Videos/Downloaded/Who Can Stay Homeless The Longest - Kenny vs Spenny (HD).rvp" width=320 height=240 fps=20 sample_rate=44100 channels=2 frames=600 video_bytes=69120000 audio_bytes=5292000 late_frames=0 play_ticks=5 error=0
mode=raw_rvp clip="/Videos/Downloaded/Who Can Stay Homeless The Longest - Kenny vs Spenny (HD).rvp" width=320 height=240 fps=20 sample_rate=44100 channels=2 frames=600 video_bytes=69120000 audio_bytes=5292000 late_frames=0 play_ticks=7 error=0
mode=raw_rvp clip="/Videos/Downloaded/Who Can Stay Homeless The Longest - Kenny vs Spenny (HD).rvp" width=320 height=240 fps=20 sample_rate=44100 channels=2 frames=600 video_bytes=69120000 audio_bytes=5292000 late_frames=0 play_ticks=10 error=0
mode=raw_rvp clip="/Videos/Downloaded/Who Can Stay Homeless The Longest - Kenny vs Spenny (HD).rvp" width=320 height=240 fps=20 sample_rate=44100 channels=2 frames=600 video_bytes=69120000 audio_bytes=5292000 late_frames=0 play_ticks=6 error=0
mode=raw_rvp clip="/Videos/Downloaded/Who Can Stay Homeless The Longest - Kenny vs Spenny (HD).rvp" width=320 height=240 fps=20 sample_rate=44100 channels=2 frames=600 video_bytes=69120000 audio_bytes=5292000 late_frames=0 play_ticks=6 error=0
mode=raw_rvp clip="/Videos/Downloaded/Who Can Stay Homeless The Longest - Kenny vs Spenny (HD).rvp" width=320 height=240 fps=20 sample_rate=44100 channels=2 frames=600 video_bytes=69120000 audio_bytes=5292000 late_frames=0 play_ticks=3 error=0
mode=raw_rvp clip="/Videos/Downloaded/Who Can Stay Homeless The Longest - Kenny vs Spenny (HD).rvp" width=320 height=240 fps=20 sample_rate=44100 channels=2 frames=600 video_bytes=69120000 audio_bytes=5292000 late_frames=0 play_ticks=6 error=0
mode=raw_rvp clip="/Videos/Downloaded/Who Can Stay Homeless The Longest - Kenny vs Spenny (HD).rvp" width=320 height=240 fps=20 sample_rate=44100 channels=2 frames=600 video_bytes=69120000 audio_bytes=5292000 late_frames=0 play_ticks=6 error=0
mode=raw_rvp clip="/Videos/Downloaded/Who Can Stay Homeless The Longest - Kenny vs Spenny (HD).rvp" width=320 height=240 fps=20 sample_rate=44100 channels=2 frames=600 video_bytes=69120000 audio_bytes=5292000 late_frames=0 play_ticks=21 error=0
mode=raw_rvp clip="/Videos/Downloaded/Who Can Stay Homeless The Longest - Kenny vs Spenny (HD).rvp" width=320 height=240 fps=20 sample_rate=44100 channels=2 frames=600 video_bytes=69120000 audio_bytes=5292000 late_frames=0 play_ticks=4 error=0
mode=raw_rvp clip="/Videos/Downloaded/Who Can Stay Homeless The Longest - Kenny vs Spenny (HD).rvp" width=320 height=240 fps=20 sample_rate=44100 channels=2 frames=600 video_bytes=69120000 audio_bytes=5292000 late_frames=334 play_ticks=1947 error=0
mode=raw_rvp clip="/Videos/Downloaded/Who Can Stay Homeless The Longest - Kenny vs Spenny (HD).rvp" width=320 height=240 fps=20 sample_rate=44100 channels=2 frames=600 video_bytes=69120000 audio_bytes=5292000 late_frames=231 play_ticks=1317 error=0
mode=raw_rvp clip="/Videos/Downloaded/Who Can Stay Homeless The Longest - Kenny vs Spenny (HD).rvp" width=320 height=240 fps=20 sample_rate=44100 channels=2 frames=600 video_bytes=69120000 audio_bytes=5292000 late_frames=0 play_ticks=29 error=0
mode=raw_rvp clip="/Videos/Downloaded/Who Can Stay Homeless The Longest - Kenny vs Spenny (HD).rvp" width=320 height=240 fps=20 sample_rate=44100 channels=2 frames=600 video_bytes=69120000 audio_bytes=5292000 late_frames=0 play_ticks=24 error=0
mode=raw_rvp clip="/Videos/Downloaded/Who Can Stay Homeless The Longest - Kenny vs Spenny (HD).rvp" width=320 height=240 fps=20 sample_rate=44100 channels=2 frames=600 video_bytes=69120000 audio_bytes=5292000 late_frames=0 play_ticks=14 error=0
mode=raw_rvp clip="/Videos/Downloaded/Who Can Stay Homeless The Longest - Kenny vs Spenny (HD).rvp" width=320 height=240 fps=20 sample_rate=44100 channels=2 frames=600 video_bytes=69120000 audio_bytes=5292000 late_frames=0 play_ticks=9 error=0
mode=raw_rvp clip="/Videos/Downloaded/Who Can Stay Homeless The Longest - Kenny vs Spenny (HD).rvp" width=320 height=240 fps=20 sample_rate=44100 channels=2 frames=600 video_bytes=69120000 audio_bytes=5292000 late_frames=0 play_ticks=9 error=0
mode=raw_rvp clip="/Videos/Downloaded/Who Can Stay Homeless The Longest - Kenny vs Spenny (HD).rvp" width=320 height=240 fps=20 sample_rate=44100 channels=2 frames=600 video_bytes=69120000 audio_bytes=5292000 late_frames=0 play_ticks=29 error=0
mode=raw_rvp clip="/Videos/Downloaded/Who Can Stay Homeless The Longest - Kenny vs Spenny (HD).rvp" width=320 height=240 fps=20 sample_rate=44100 channels=2 frames=600 video_bytes=69120000 audio_bytes=5292000 late_frames=0 play_ticks=34 error=0
mode=raw_rvp clip="/Videos/Downloaded/Who Can Stay Homeless The Longest - Kenny vs Spenny (HD).rvp" width=320 height=240 fps=20 sample_rate=44100 channels=2 frames=600 video_bytes=69120000 audio_bytes=5292000 late_frames=0 play_ticks=26 error=0
mode=raw_rvp clip="/Videos/Downloaded/Who Can Stay Homeless The Longest - Kenny vs Spenny (HD).rvp" width=320 height=240 fps=20 sample_rate=44100 channels=2 frames=600 video_bytes=69120000 audio_bytes=5292000 late_frames=0 play_ticks=36 error=0
mode=raw_rvp clip="/Videos/Downloaded/Who Can Stay Homeless The Longest - Kenny vs Spenny (HD).rvp" width=320 height=240 fps=20 sample_rate=44100 channels=2 frames=600 video_bytes=69120000 audio_bytes=5292000 late_frames=0 play_ticks=8 error=0
mode=raw_rvp clip="/Videos/Downloaded/Who Can Stay Homeless The Longest - Kenny vs Spenny (HD).rvp" width=320 height=240 fps=20 sample_rate=44100 channels=2 frames=600 video_bytes=69120000 audio_bytes=5292000 late_frames=0 play_ticks=24 error=0
mode=raw_rvp clip="/Videos/Downloaded/Who Can Stay Homeless The Longest - Kenny vs Spenny (HD).rvp" width=320 height=240 fps=20 sample_rate=44100 channels=2 frames=600 video_bytes=69120000 audio_bytes=5292000 late_frames=0 play_ticks=17 error=0
mode=raw_rvp clip="/Videos/Downloaded/Who Can Stay Homeless The Longest - Kenny vs Spenny (HD).rvp" width=320 height=240 fps=20 sample_rate=44100 channels=2 frames=600 video_bytes=69120000 audio_bytes=5292000 late_frames=0 play_ticks=11 error=0
mode=raw_rvp clip="/Videos/Downloaded/Who Can Stay Homeless The Longest - Kenny vs Spenny (HD).rvp" width=320 height=240 fps=20 sample_rate=44100 channels=2 frames=600 video_bytes=69120000 audio_bytes=5292000 late_frames=0 play_ticks=11 error=0
mode=raw_rvp clip="/Videos/Downloaded/Who Can Stay Homeless The Longest - Kenny vs Spenny (HD).rvp" width=320 height=240 fps=20 sample_rate=44100 channels=2 frames=600 video_bytes=69120000 audio_bytes=5292000 late_frames=0 play_ticks=10 error=0
mode=raw_rvp clip="/Videos/Downloaded/Who Can Stay Homeless The Longest - Kenny vs Spenny (HD).rvp" width=320 height=240 fps=20 sample_rate=44100 channels=2 frames=600 video_bytes=69120000 audio_bytes=5292000 late_frames=0 play_ticks=11 error=0
mode=raw_rvp clip="/Videos/Downloaded/Who Can Stay Homeless The Longest - Kenny vs Spenny (HD).rvp" width=320 height=240 fps=20 sample_rate=44100 channels=2 frames=600 video_bytes=69120000 audio_bytes=5292000 late_frames=0 play_ticks=10 error=0
mode=raw_rvp clip="/Videos/Downloaded/Who Can Stay Homeless The Longest - Kenny vs Spenny (HD).rvp" width=320 height=240 fps=20 sample_rate=44100 channels=2 frames=600 video_bytes=69120000 audio_bytes=5292000 late_frames=0 play_ticks=9 error=0
mode=raw_rvp clip="/Videos/Downloaded/Who Can Stay Homeless The Longest - Kenny vs Spenny (HD).rvp" width=320 height=240 fps=20 sample_rate=44100 channels=2 frames=600 video_bytes=69120000 audio_bytes=5292000 late_frames=0 play_ticks=13 error=0
mode=raw_rvp clip="/Videos/Downloaded/Who Can Stay Homeless The Longest - Kenny vs Spenny (HD).rvp" width=320 height=240 fps=20 sample_rate=44100 channels=2 frames=600 video_bytes=69120000 audio_bytes=5292000 late_frames=0 play_ticks=11 error=0
mode=raw_rvp clip="/Videos/Downloaded/Who Can Stay Homeless The Longest - Kenny vs Spenny (HD).rvp" width=320 height=240 fps=20 sample_rate=44100 channels=2 frames=238 video_bytes=27417600 audio_bytes=2102688 late_frames=0 play_ticks=3 error=0
mode=raw_rvp clip="/Videos/Downloaded/Who Can Stay Homeless The Longest - Kenny vs Spenny (HD).rvp" width=320 height=240 fps=20 sample_rate=44100 channels=2 frames=27238 video_bytes=0 audio_bytes=0 late_frames=1825 play_ticks=11672 error=0
mode=raw_rvp clip="/Videos/Downloaded/Who Can Stay Homeless The Longest - Kenny vs Spenny (HD).rvp" width=320 height=240 fps=20 sample_rate=44100 channels=2 frames=-1 video_bytes=0 audio_bytes=0 late_frames=0 play_ticks=0 error=-20
mode=raw_rvp clip="/Videos/Downloaded/Who Can Stay Homeless The Longest - Kenny vs Spenny (HD).rvp" width=320 height=240 fps=20 sample_rate=44100 channels=2 frames=-2 video_bytes=12 audio_bytes=0 late_frames=0 play_ticks=0 error=-21
mode=raw_rvp clip="/Videos/Downloaded/Who Can Stay Homeless The Longest - Kenny vs Spenny (HD).rvp" width=320 height=240 fps=20 sample_rate=44100 channels=2 frames=600 video_bytes=69120000 audio_bytes=5292000 late_frames=20 play_ticks=194 error=0
mode=raw_rvp clip="/Videos/Downloaded/Who Can Stay Homeless The Longest - Kenny vs Spenny (HD).rvp" width=320 height=240 fps=20 sample_rate=44100 channels=2 frames=600 video_bytes=0 audio_bytes=0 late_frames=20 play_ticks=194 error=0
mode=raw_rvp clip="/Videos/Downloaded/Who Can Stay Homeless The Longest - Kenny vs Spenny (HD).rvp" width=320 height=240 fps=20 sample_rate=44100 channels=2 frames=-1 video_bytes=0 audio_bytes=0 late_frames=0 play_ticks=0 error=-20
mode=raw_rvp clip="/Videos/Downloaded/Who Can Stay Homeless The Longest - Kenny vs Spenny (HD).rvp" width=320 height=240 fps=20 sample_rate=44100 channels=2 frames=-2 video_bytes=12 audio_bytes=0 late_frames=0 play_ticks=0 error=-21
mode=raw_rvp clip="/Videos/Downloaded/Who Can Stay Homeless The Longest - Kenny vs Spenny (HD).rvp" width=320 height=240 fps=20 sample_rate=44100 channels=2 frames=600 video_bytes=69120000 audio_bytes=5292000 late_frames=376 play_ticks=2200 error=0
mode=raw_rvp clip="/Videos/Downloaded/Who Can Stay Homeless The Longest - Kenny vs Spenny (HD).rvp" width=320 height=240 fps=20 sample_rate=44100 channels=2 frames=600 video_bytes=0 audio_bytes=0 late_frames=376 play_ticks=2200 error=0
mode=raw_rvp clip="/Videos/Downloaded/Oliver Tree & Robin Schulz - Miss You [Official Music Video].rvp" width=320 height=240 fps=20 sample_rate=44100 channels=2 frames=-1 video_bytes=0 audio_bytes=0 late_frames=0 play_ticks=0 error=-20
mode=raw_rvp clip="/Videos/Downloaded/Oliver Tree & Robin Schulz - Miss You [Official Music Video].rvp" width=320 height=240 fps=20 sample_rate=44100 channels=2 frames=-2 video_bytes=1 audio_bytes=0 late_frames=0 play_ticks=0 error=-21
mode=raw_rvp clip="/Videos/Downloaded/Oliver Tree & Robin Schulz - Miss You [Official Music Video].rvp" width=320 height=240 fps=20 sample_rate=44100 channels=2 frames=3383 video_bytes=389721600 audio_bytes=29841408 late_frames=37 play_ticks=353 error=0
mode=raw_rvp clip="/Videos/Downloaded/Who Can Stay Homeless The Longest - Kenny vs Spenny (HD).rvp" width=320 height=240 fps=20 sample_rate=44100 channels=2 frames=-1 video_bytes=0 audio_bytes=0 late_frames=0 play_ticks=0 error=-20
mode=raw_rvp clip="/Videos/Downloaded/Who Can Stay Homeless The Longest - Kenny vs Spenny (HD).rvp" width=320 height=240 fps=20 sample_rate=44100 channels=2 frames=-2 video_bytes=12 audio_bytes=0 late_frames=0 play_ticks=0 error=-21
mode=raw_rvp clip="/Videos/Downloaded/Who Can Stay Homeless The Longest - Kenny vs Spenny (HD).rvp" width=320 height=240 fps=20 sample_rate=44100 channels=2 frames=600 video_bytes=69120000 audio_bytes=5292000 late_frames=248 play_ticks=1609 error=0
mode=raw_rvp clip="/Videos/Downloaded/Who Can Stay Homeless The Longest - Kenny vs Spenny (HD).rvp" width=320 height=240 fps=20 sample_rate=44100 channels=2 frames=600 video_bytes=0 audio_bytes=0 late_frames=248 play_ticks=1609 error=0
mode=raw_rvp clip="/Videos/Downloaded/Who Can Stay Homeless The Longest - Kenny vs Spenny (HD).rvp" width=320 height=240 fps=20 sample_rate=44100 channels=2 frames=-1 video_bytes=0 audio_bytes=0 late_frames=0 play_ticks=0 error=-20
mode=raw_rvp clip="/Videos/Downloaded/Who Can Stay Homeless The Longest - Kenny vs Spenny (HD).rvp" width=320 height=240 fps=20 sample_rate=44100 channels=2 frames=-2 video_bytes=12 audio_bytes=0 late_frames=0 play_ticks=0 error=-21
mode=raw_rvp clip="/Videos/Downloaded/Who Can Stay Homeless The Longest - Kenny vs Spenny (HD).rvp" width=320 height=240 fps=20 sample_rate=44100 channels=2 frames=600 video_bytes=69120000 audio_bytes=5292000 late_frames=164 play_ticks=1061 error=0
mode=raw_rvp clip="/Videos/Downloaded/Who Can Stay Homeless The Longest - Kenny vs Spenny (HD).rvp" width=320 height=240 fps=20 sample_rate=44100 channels=2 frames=600 video_bytes=0 audio_bytes=0 late_frames=164 play_ticks=1061 error=0
mode=raw_rvp clip="/Videos/Downloaded/Who Can Stay Homeless The Longest - Kenny vs Spenny (HD).rvp" width=320 height=240 fps=20 sample_rate=44100 channels=2 frames=-1 video_bytes=0 audio_bytes=0 late_frames=0 play_ticks=0 error=-20
mode=raw_rvp clip="/Videos/Downloaded/Who Can Stay Homeless The Longest - Kenny vs Spenny (HD).rvp" width=320 height=240 fps=20 sample_rate=44100 channels=2 frames=-2 video_bytes=12 audio_bytes=0 late_frames=0 play_ticks=0 error=-21
mode=raw_rvp clip="/Videos/Downloaded/Who Can Stay Homeless The Longest - Kenny vs Spenny (HD).rvp" width=320 height=240 fps=20 sample_rate=44100 channels=2 frames=600 video_bytes=69120000 audio_bytes=5292000 late_frames=542 play_ticks=3001 error=0
mode=raw_rvp clip="/Videos/Downloaded/Who Can Stay Homeless The Longest - Kenny vs Spenny (HD).rvp" width=320 height=240 fps=20 sample_rate=44100 channels=2 frames=600 video_bytes=69120000 audio_bytes=5292000 late_frames=29 play_ticks=264 error=0
mode=raw_rvp clip="/Videos/Downloaded/Who Can Stay Homeless The Longest - Kenny vs Spenny (HD).rvp" width=320 height=240 fps=20 sample_rate=44100 channels=2 frames=1200 video_bytes=0 audio_bytes=0 late_frames=571 play_ticks=3265 error=0
mode=raw_rvp clip="/Videos/Downloaded/Oliver Tree & Robin Schulz - Miss You [Official Music Video].rvp" width=320 height=240 fps=20 sample_rate=44100 channels=2 frames=-1 video_bytes=0 audio_bytes=0 late_frames=0 play_ticks=0 error=-20
mode=raw_rvp clip="/Videos/Downloaded/Oliver Tree & Robin Schulz - Miss You [Official Music Video].rvp" width=320 height=240 fps=20 sample_rate=44100 channels=2 frames=-2 video_bytes=1 audio_bytes=0 late_frames=0 play_ticks=0 error=-21
mode=raw_rvp clip="/Videos/Downloaded/Oliver Tree & Robin Schulz - Miss You [Official Music Video].rvp" width=320 height=240 fps=20 sample_rate=44100 channels=2 frames=3383 video_bytes=389721600 audio_bytes=29841408 late_frames=34 play_ticks=211 error=0
mode=raw_rvp clip="/Videos/Downloaded/Who Can Stay Homeless The Longest - Kenny vs Spenny (HD).rvp" width=320 height=240 fps=20 sample_rate=44100 channels=2 frames=-1 video_bytes=0 audio_bytes=0 late_frames=0 play_ticks=0 error=-20
mode=raw_rvp clip="/Videos/Downloaded/Who Can Stay Homeless The Longest - Kenny vs Spenny (HD).rvp" width=320 height=240 fps=20 sample_rate=44100 channels=2 frames=-2 video_bytes=12 audio_bytes=0 late_frames=0 play_ticks=0 error=-21
mode=raw_rvp clip="/Videos/Downloaded/Who Can Stay Homeless The Longest - Kenny vs Spenny (HD).rvp" width=320 height=240 fps=20 sample_rate=44100 channels=2 frames=600 video_bytes=69120000 audio_bytes=5292000 late_frames=57 play_ticks=489 error=0
mode=raw_rvp clip="/Videos/Downloaded/Who Can Stay Homeless The Longest - Kenny vs Spenny (HD).rvp" width=320 height=240 fps=20 sample_rate=44100 channels=2 frames=600 video_bytes=0 audio_bytes=0 late_frames=57 play_ticks=489 error=0
mode=raw_rvp clip="/Videos/Downloaded/Who Can Stay Homeless The Longest - Kenny vs Spenny (HD).rvp" width=320 height=240 fps=20 sample_rate=44100 channels=2 frames=-1 video_bytes=0 audio_bytes=0 late_frames=0 play_ticks=0 error=-20
mode=raw_rvp clip="/Videos/Downloaded/Who Can Stay Homeless The Longest - Kenny vs Spenny (HD).rvp" width=320 height=240 fps=20 sample_rate=44100 channels=2 frames=-2 video_bytes=12 audio_bytes=0 late_frames=0 play_ticks=0 error=-21
mode=raw_rvp clip="/Videos/Downloaded/Who Can Stay Homeless The Longest - Kenny vs Spenny (HD).rvp" width=320 height=240 fps=20 sample_rate=44100 channels=2 frames=600 video_bytes=69120000 audio_bytes=5292000 late_frames=369 play_ticks=2746 error=0
mode=raw_rvp clip="/Videos/Downloaded/Who Can Stay Homeless The Longest - Kenny vs Spenny (HD).rvp" width=320 height=240 fps=20 sample_rate=44100 channels=2 frames=600 video_bytes=0 audio_bytes=0 late_frames=369 play_ticks=2746 error=0
mode=raw_audio_state stage=prepare-before-stop clip="/Videos/Downloaded/Who Can Stay Homeless The Longest - Kenny vs Spenny (HD).rvp" audio_status=1 mixer_status=1 mixer_waiting=4096 mixer_freq=48000 pcm_playing=1 saved_status=1 saved_elapsed=37200 saved_offset=909101 pool=(nil) pool_size=0
mode=raw_audio_state stage=prepare-after-stop clip="/Videos/Downloaded/Who Can Stay Homeless The Longest - Kenny vs Spenny (HD).rvp" audio_status=0 mixer_status=0 mixer_waiting=0 mixer_freq=44100 pcm_playing=0 saved_status=1 saved_elapsed=37200 saved_offset=909101 pool=(nil) pool_size=0
mode=raw_rvp clip="/Videos/Downloaded/Who Can Stay Homeless The Longest - Kenny vs Spenny (HD).rvp" width=320 height=240 fps=20 sample_rate=44100 channels=2 frames=-1 video_bytes=0 audio_bytes=0 late_frames=0 play_ticks=0 error=-20
mode=raw_rvp clip="/Videos/Downloaded/Who Can Stay Homeless The Longest - Kenny vs Spenny (HD).rvp" width=320 height=240 fps=20 sample_rate=44100 channels=2 frames=-2 video_bytes=12 audio_bytes=0 late_frames=0 play_ticks=0 error=-21
mode=raw_audio_state stage=start-at-frame clip="/Videos/Downloaded/Who Can Stay Homeless The Longest - Kenny vs Spenny (HD).rvp" audio_status=0 mixer_status=1 mixer_waiting=30720 mixer_freq=44100 pcm_playing=1 saved_status=1 saved_elapsed=37200 saved_offset=909101 pool=0x87dfdfc pool_size=54640628
mode=raw_rvp clip="/Videos/Downloaded/Who Can Stay Homeless The Longest - Kenny vs Spenny (HD).rvp" width=320 height=240 fps=20 sample_rate=44100 channels=2 frames=600 video_bytes=69120000 audio_bytes=5292000 late_frames=174 play_ticks=1016 error=0
mode=raw_rvp clip="/Videos/Downloaded/Who Can Stay Homeless The Longest - Kenny vs Spenny (HD).rvp" width=320 height=240 fps=20 sample_rate=44100 channels=2 frames=600 video_bytes=0 audio_bytes=0 late_frames=174 play_ticks=1016 error=0
mode=raw_audio_state stage=shutdown-after-restore clip="/Videos/Downloaded/Who Can Stay Homeless The Longest - Kenny vs Spenny (HD).rvp" audio_status=1 mixer_status=0 mixer_waiting=0 mixer_freq=48000 pcm_playing=0 saved_status=1 saved_elapsed=37200 saved_offset=909101 pool=(nil) pool_size=0
mode=raw_audio_state stage=prepare-before-stop clip="/Videos/Downloaded/Who Can Stay Homeless The Longest - Kenny vs Spenny (HD).rvp" audio_status=1 pcm_playing=1 saved_status=1 saved_elapsed=48336 saved_offset=1177517 pool=(nil) pool_size=0
mode=raw_audio_state stage=prepare-after-stop clip="/Videos/Downloaded/Who Can Stay Homeless The Longest - Kenny vs Spenny (HD).rvp" audio_status=0 pcm_playing=0 saved_status=1 saved_elapsed=48336 saved_offset=1177517 pool=(nil) pool_size=0
mode=raw_rvp clip="/Videos/Downloaded/Who Can Stay Homeless The Longest - Kenny vs Spenny (HD).rvp" width=320 height=240 fps=20 sample_rate=44100 channels=2 frames=-1 video_bytes=0 audio_bytes=0 late_frames=0 play_ticks=0 error=-20
mode=raw_rvp clip="/Videos/Downloaded/Who Can Stay Homeless The Longest - Kenny vs Spenny (HD).rvp" width=320 height=240 fps=20 sample_rate=44100 channels=2 frames=-2 video_bytes=12 audio_bytes=0 late_frames=0 play_ticks=0 error=-21
mode=raw_audio_state stage=start-at-frame clip="/Videos/Downloaded/Who Can Stay Homeless The Longest - Kenny vs Spenny (HD).rvp" audio_status=0 pcm_playing=1 saved_status=1 saved_elapsed=48336 saved_offset=1177517 pool=0x87dfdfc pool_size=54640628
mode=raw_rvp clip="/Videos/Downloaded/Who Can Stay Homeless The Longest - Kenny vs Spenny (HD).rvp" width=320 height=240 fps=20 sample_rate=44100 channels=2 frames=600 video_bytes=69120000 audio_bytes=5292000 late_frames=74 play_ticks=813 error=0
mode=raw_rvp clip="/Videos/Downloaded/Who Can Stay Homeless The Longest - Kenny vs Spenny (HD).rvp" width=320 height=240 fps=20 sample_rate=44100 channels=2 frames=600 video_bytes=0 audio_bytes=0 late_frames=74 play_ticks=813 error=0
mode=raw_audio_state stage=shutdown-after-restore clip="/Videos/Downloaded/Who Can Stay Homeless The Longest - Kenny vs Spenny (HD).rvp" audio_status=1 pcm_playing=0 saved_status=1 saved_elapsed=48336 saved_offset=1177517 pool=(nil) pool_size=0
mode=raw_audio_state stage=prepare-before-stop clip="/Videos/Downloaded/Who Can Stay Homeless The Longest - Kenny vs Spenny (HD).rvp" audio_status=0 pcm_playing=1 saved_status=0 saved_elapsed=0 saved_offset=0 pool=(nil) pool_size=0
mode=raw_audio_state stage=prepare-after-stop clip="/Videos/Downloaded/Who Can Stay Homeless The Longest - Kenny vs Spenny (HD).rvp" audio_status=0 pcm_playing=0 saved_status=0 saved_elapsed=0 saved_offset=0 pool=(nil) pool_size=0
mode=raw_rvp clip="/Videos/Downloaded/Who Can Stay Homeless The Longest - Kenny vs Spenny (HD).rvp" width=320 height=240 fps=20 sample_rate=44100 channels=2 frames=-1 video_bytes=0 audio_bytes=0 late_frames=0 play_ticks=0 error=-20
mode=raw_rvp clip="/Videos/Downloaded/Who Can Stay Homeless The Longest - Kenny vs Spenny (HD).rvp" width=320 height=240 fps=20 sample_rate=44100 channels=2 frames=-2 video_bytes=12 audio_bytes=0 late_frames=0 play_ticks=0 error=-21
mode=raw_audio_state stage=start-at-frame clip="/Videos/Downloaded/Who Can Stay Homeless The Longest - Kenny vs Spenny (HD).rvp" audio_status=0 pcm_playing=1 saved_status=0 saved_elapsed=0 saved_offset=0 pool=0x87dfdfc pool_size=54640628
mode=raw_rvp clip="/Videos/Downloaded/Who Can Stay Homeless The Longest - Kenny vs Spenny (HD).rvp" width=320 height=240 fps=20 sample_rate=44100 channels=2 frames=600 video_bytes=69120000 audio_bytes=5292000 late_frames=381 play_ticks=2108 error=0
mode=raw_rvp clip="/Videos/Downloaded/Who Can Stay Homeless The Longest - Kenny vs Spenny (HD).rvp" width=320 height=240 fps=20 sample_rate=44100 channels=2 frames=600 video_bytes=0 audio_bytes=0 late_frames=381 play_ticks=2108 error=0
mode=raw_audio_state stage=shutdown-after-restore clip="/Videos/Downloaded/Who Can Stay Homeless The Longest - Kenny vs Spenny (HD).rvp" audio_status=0 pcm_playing=0 saved_status=0 saved_elapsed=0 saved_offset=0 pool=(nil) pool_size=0
mode=raw_audio_state stage=prepare-before-stop clip="/Videos/Downloaded/Who Can Stay Homeless The Longest - Kenny vs Spenny (HD).rvp" audio_status=1 pcm_playing=1 saved_status=1 saved_elapsed=62016 saved_offset=1506989 pool=(nil) pool_size=0
mode=raw_audio_state stage=prepare-after-stop clip="/Videos/Downloaded/Who Can Stay Homeless The Longest - Kenny vs Spenny (HD).rvp" audio_status=0 pcm_playing=0 saved_status=1 saved_elapsed=62016 saved_offset=1506989 pool=(nil) pool_size=0
mode=raw_rvp clip="/Videos/Downloaded/Who Can Stay Homeless The Longest - Kenny vs Spenny (HD).rvp" width=320 height=240 fps=20 sample_rate=44100 channels=2 frames=-1 video_bytes=0 audio_bytes=0 late_frames=0 play_ticks=0 error=-20
mode=raw_rvp clip="/Videos/Downloaded/Who Can Stay Homeless The Longest - Kenny vs Spenny (HD).rvp" width=320 height=240 fps=20 sample_rate=44100 channels=2 frames=-2 video_bytes=12 audio_bytes=0 late_frames=0 play_ticks=0 error=-21
mode=raw_audio_state stage=start-at-frame clip="/Videos/Downloaded/Who Can Stay Homeless The Longest - Kenny vs Spenny (HD).rvp" audio_status=0 pcm_playing=1 saved_status=1 saved_elapsed=62016 saved_offset=1506989 pool=0x87dfdfc pool_size=54640628
mode=raw_audio_state stage=prepare-before-stop clip="/Videos/Downloaded/Who Can Stay Homeless The Longest - Kenny vs Spenny (HD).rvp" audio_status=0 pcm_playing=0 saved_status=0 saved_elapsed=0 saved_offset=0 pool=(nil) pool_size=0
mode=raw_audio_state stage=prepare-after-stop clip="/Videos/Downloaded/Who Can Stay Homeless The Longest - Kenny vs Spenny (HD).rvp" audio_status=0 pcm_playing=0 saved_status=0 saved_elapsed=0 saved_offset=0 pool=(nil) pool_size=0
mode=raw_rvp clip="/Videos/Downloaded/Who Can Stay Homeless The Longest - Kenny vs Spenny (HD).rvp" width=320 height=240 fps=20 sample_rate=44100 channels=2 frames=-1 video_bytes=0 audio_bytes=0 late_frames=0 play_ticks=0 error=-20
mode=raw_rvp clip="/Videos/Downloaded/Who Can Stay Homeless The Longest - Kenny vs Spenny (HD).rvp" width=320 height=240 fps=20 sample_rate=44100 channels=2 frames=-2 video_bytes=12 audio_bytes=0 late_frames=0 play_ticks=0 error=-21
mode=raw_audio_state stage=start-at-frame clip="/Videos/Downloaded/Who Can Stay Homeless The Longest - Kenny vs Spenny (HD).rvp" audio_status=0 pcm_playing=1 saved_status=0 saved_elapsed=0 saved_offset=0 pool=0x87dfe1c pool_size=54640596
mode=raw_rvp clip="/Videos/Downloaded/Who Can Stay Homeless The Longest - Kenny vs Spenny (HD).rvp" width=320 height=240 fps=20 sample_rate=44100 channels=2 frames=600 video_bytes=69120000 audio_bytes=5292000 late_frames=22 play_ticks=286 error=0
mode=raw_rvp clip="/Videos/Downloaded/Who Can Stay Homeless The Longest - Kenny vs Spenny (HD).rvp" width=320 height=240 fps=20 sample_rate=44100 channels=2 frames=600 video_bytes=0 audio_bytes=0 late_frames=22 play_ticks=286 error=0
mode=raw_audio_state stage=shutdown-after-restore clip="/Videos/Downloaded/Who Can Stay Homeless The Longest - Kenny vs Spenny (HD).rvp" audio_status=0 pcm_playing=0 saved_status=0 saved_elapsed=0 saved_offset=0 pool=(nil) pool_size=0
mode=raw_audio_state stage=prepare-before-stop clip="/Videos/Downloaded/Who Can Stay Homeless The Longest - Kenny vs Spenny (HD).rvp" audio_status=1 pcm_playing=1 saved_status=1 saved_elapsed=60096 saved_offset=1460909 pool=(nil) pool_size=0
mode=raw_audio_state stage=prepare-after-stop clip="/Videos/Downloaded/Who Can Stay Homeless The Longest - Kenny vs Spenny (HD).rvp" audio_status=0 pcm_playing=0 saved_status=1 saved_elapsed=60096 saved_offset=1460909 pool=(nil) pool_size=0
mode=raw_rvp clip="/Videos/Downloaded/Who Can Stay Homeless The Longest - Kenny vs Spenny (HD).rvp" width=320 height=240 fps=20 sample_rate=44100 channels=2 frames=-1 video_bytes=0 audio_bytes=0 late_frames=0 play_ticks=0 error=-20
mode=raw_rvp clip="/Videos/Downloaded/Who Can Stay Homeless The Longest - Kenny vs Spenny (HD).rvp" width=320 height=240 fps=20 sample_rate=44100 channels=2 frames=-2 video_bytes=12 audio_bytes=0 late_frames=0 play_ticks=0 error=-21
mode=raw_audio_state stage=start-at-frame clip="/Videos/Downloaded/Who Can Stay Homeless The Longest - Kenny vs Spenny (HD).rvp" audio_status=0 pcm_playing=1 saved_status=1 saved_elapsed=60096 saved_offset=1460909 pool=0x87dfdfc pool_size=54640628
mode=raw_rvp clip="/Videos/Downloaded/Who Can Stay Homeless The Longest - Kenny vs Spenny (HD).rvp" width=320 height=240 fps=20 sample_rate=44100 channels=2 frames=600 video_bytes=69120000 audio_bytes=5292000 late_frames=132 play_ticks=864 error=0
mode=raw_rvp clip="/Videos/Downloaded/Who Can Stay Homeless The Longest - Kenny vs Spenny (HD).rvp" width=320 height=240 fps=20 sample_rate=44100 channels=2 frames=600 video_bytes=0 audio_bytes=0 late_frames=132 play_ticks=864 error=0
mode=raw_audio_state stage=shutdown-after-restore clip="/Videos/Downloaded/Who Can Stay Homeless The Longest - Kenny vs Spenny (HD).rvp" audio_status=1 pcm_playing=0 saved_status=1 saved_elapsed=60096 saved_offset=1460909 pool=(nil) pool_size=0
mode=raw_audio_state stage=prepare-before-stop clip="/Videos/Downloaded/Who Can Stay Homeless The Longest - Kenny vs Spenny (HD).rvp" audio_status=0 pcm_playing=1 saved_status=0 saved_elapsed=0 saved_offset=0 pool=(nil) pool_size=0
mode=raw_audio_state stage=prepare-after-stop clip="/Videos/Downloaded/Who Can Stay Homeless The Longest - Kenny vs Spenny (HD).rvp" audio_status=0 pcm_playing=0 saved_status=0 saved_elapsed=0 saved_offset=0 pool=(nil) pool_size=0
mode=raw_rvp clip="/Videos/Downloaded/Who Can Stay Homeless The Longest - Kenny vs Spenny (HD).rvp" width=320 height=240 fps=20 sample_rate=44100 channels=2 frames=-1 video_bytes=0 audio_bytes=0 late_frames=0 play_ticks=0 error=-20
mode=raw_rvp clip="/Videos/Downloaded/Who Can Stay Homeless The Longest - Kenny vs Spenny (HD).rvp" width=320 height=240 fps=20 sample_rate=44100 channels=2 frames=-2 video_bytes=12 audio_bytes=0 late_frames=0 play_ticks=0 error=-21
mode=raw_audio_state stage=start-at-frame clip="/Videos/Downloaded/Who Can Stay Homeless The Longest - Kenny vs Spenny (HD).rvp" audio_status=0 pcm_playing=1 saved_status=0 saved_elapsed=0 saved_offset=0 pool=0x87dfdfc pool_size=54640628
mode=raw_rvp clip="/Videos/Downloaded/Who Can Stay Homeless The Longest - Kenny vs Spenny (HD).rvp" width=320 height=240 fps=20 sample_rate=44100 channels=2 frames=600 video_bytes=69120000 audio_bytes=5292000 late_frames=74 play_ticks=767 error=0
mode=raw_rvp clip="/Videos/Downloaded/Who Can Stay Homeless The Longest - Kenny vs Spenny (HD).rvp" width=320 height=240 fps=20 sample_rate=44100 channels=2 frames=600 video_bytes=0 audio_bytes=0 late_frames=74 play_ticks=767 error=0
mode=raw_audio_state stage=shutdown-after-restore clip="/Videos/Downloaded/Who Can Stay Homeless The Longest - Kenny vs Spenny (HD).rvp" audio_status=0 pcm_playing=0 saved_status=0 saved_elapsed=0 saved_offset=0 pool=(nil) pool_size=0
mode=raw_audio_state stage=prepare-before-stop clip="/Videos/Downloaded/Who Can Stay Homeless The Longest - Kenny vs Spenny (HD).rvp" audio_status=1 pcm_playing=1 saved_status=1 saved_elapsed=71688 saved_offset=1740269 pool=(nil) pool_size=0
mode=raw_audio_state stage=prepare-after-stop clip="/Videos/Downloaded/Who Can Stay Homeless The Longest - Kenny vs Spenny (HD).rvp" audio_status=0 pcm_playing=0 saved_status=1 saved_elapsed=71688 saved_offset=1740269 pool=(nil) pool_size=0
mode=raw_rvp clip="/Videos/Downloaded/Who Can Stay Homeless The Longest - Kenny vs Spenny (HD).rvp" width=320 height=240 fps=20 sample_rate=44100 channels=2 frames=-1 video_bytes=0 audio_bytes=0 late_frames=0 play_ticks=0 error=-20
mode=raw_rvp clip="/Videos/Downloaded/Who Can Stay Homeless The Longest - Kenny vs Spenny (HD).rvp" width=320 height=240 fps=20 sample_rate=44100 channels=2 frames=-2 video_bytes=12 audio_bytes=0 late_frames=0 play_ticks=0 error=-21
mode=raw_audio_state stage=start-at-frame clip="/Videos/Downloaded/Who Can Stay Homeless The Longest - Kenny vs Spenny (HD).rvp" audio_status=0 pcm_playing=1 saved_status=1 saved_elapsed=71688 saved_offset=1740269 pool=0x87dfdfc pool_size=54640628
mode=raw_rvp clip="/Videos/Downloaded/Who Can Stay Homeless The Longest - Kenny vs Spenny (HD).rvp" width=320 height=240 fps=20 sample_rate=44100 channels=2 frames=600 video_bytes=69120000 audio_bytes=5292000 late_frames=127 play_ticks=839 error=0
mode=raw_rvp clip="/Videos/Downloaded/Who Can Stay Homeless The Longest - Kenny vs Spenny (HD).rvp" width=320 height=240 fps=20 sample_rate=44100 channels=2 frames=600 video_bytes=0 audio_bytes=0 late_frames=127 play_ticks=839 error=0
mode=raw_audio_state stage=shutdown-after-restore clip="/Videos/Downloaded/Who Can Stay Homeless The Longest - Kenny vs Spenny (HD).rvp" audio_status=1 pcm_playing=0 saved_status=1 saved_elapsed=71688 saved_offset=1740269 pool=(nil) pool_size=0
mode=raw_audio_state stage=prepare-before-stop clip="/Videos/Downloaded/Who Can Stay Homeless The Longest - Kenny vs Spenny (HD).rvp" audio_status=1 pcm_playing=1 mixer_freq=48000 saved_status=1 saved_elapsed=85248 saved_offset=2066861 pool=(nil) pool_size=0
mode=raw_audio_state stage=prepare-after-stop clip="/Videos/Downloaded/Who Can Stay Homeless The Longest - Kenny vs Spenny (HD).rvp" audio_status=0 pcm_playing=0 mixer_freq=48000 saved_status=1 saved_elapsed=85248 saved_offset=2066861 pool=(nil) pool_size=0
mode=raw_rvp clip="/Videos/Downloaded/Who Can Stay Homeless The Longest - Kenny vs Spenny (HD).rvp" width=320 height=240 fps=20 sample_rate=44100 channels=2 frames=-1 video_bytes=0 audio_bytes=0 late_frames=0 play_ticks=0 error=-20
mode=raw_rvp clip="/Videos/Downloaded/Who Can Stay Homeless The Longest - Kenny vs Spenny (HD).rvp" width=320 height=240 fps=20 sample_rate=44100 channels=2 frames=-2 video_bytes=12 audio_bytes=0 late_frames=0 play_ticks=0 error=-21
mode=raw_audio_state stage=start-at-frame clip="/Videos/Downloaded/Who Can Stay Homeless The Longest - Kenny vs Spenny (HD).rvp" audio_status=0 pcm_playing=1 mixer_freq=48000 saved_status=1 saved_elapsed=85248 saved_offset=2066861 pool=0x87dfdfc pool_size=54640628
mode=raw_rvp clip="/Videos/Downloaded/Who Can Stay Homeless The Longest - Kenny vs Spenny (HD).rvp" width=320 height=240 fps=20 sample_rate=44100 channels=2 frames=600 video_bytes=69120000 audio_bytes=5292000 late_frames=62 play_ticks=377 error=0
mode=raw_rvp clip="/Videos/Downloaded/Who Can Stay Homeless The Longest - Kenny vs Spenny (HD).rvp" width=320 height=240 fps=20 sample_rate=44100 channels=2 frames=600 video_bytes=0 audio_bytes=0 late_frames=62 play_ticks=377 error=0
mode=raw_audio_state stage=shutdown-after-restore clip="/Videos/Downloaded/Who Can Stay Homeless The Longest - Kenny vs Spenny (HD).rvp" audio_status=1 pcm_playing=0 mixer_freq=48000 saved_status=1 saved_elapsed=85248 saved_offset=2066861 pool=(nil) pool_size=0
mode=raw_audio_state stage=prepare-before-stop clip="/Videos/Downloaded/Who Can Stay Homeless The Longest - Kenny vs Spenny (HD).rvp" audio_status=0 pcm_playing=1 mixer_freq=48000 saved_status=0 saved_elapsed=0 saved_offset=0 pool=(nil) pool_size=0
mode=raw_audio_state stage=prepare-after-stop clip="/Videos/Downloaded/Who Can Stay Homeless The Longest - Kenny vs Spenny (HD).rvp" audio_status=0 pcm_playing=0 mixer_freq=48000 saved_status=0 saved_elapsed=0 saved_offset=0 pool=(nil) pool_size=0
mode=raw_rvp clip="/Videos/Downloaded/Who Can Stay Homeless The Longest - Kenny vs Spenny (HD).rvp" width=320 height=240 fps=20 sample_rate=44100 channels=2 frames=-1 video_bytes=0 audio_bytes=0 late_frames=0 play_ticks=0 error=-20
mode=raw_rvp clip="/Videos/Downloaded/Who Can Stay Homeless The Longest - Kenny vs Spenny (HD).rvp" width=320 height=240 fps=20 sample_rate=44100 channels=2 frames=-2 video_bytes=12 audio_bytes=0 late_frames=0 play_ticks=0 error=-21
mode=raw_audio_state stage=start-at-frame clip="/Videos/Downloaded/Who Can Stay Homeless The Longest - Kenny vs Spenny (HD).rvp" audio_status=0 pcm_playing=1 mixer_freq=48000 saved_status=0 saved_elapsed=0 saved_offset=0 pool=0x87dfdfc pool_size=54640628
mode=raw_rvp clip="/Videos/Downloaded/Who Can Stay Homeless The Longest - Kenny vs Spenny (HD).rvp" width=320 height=240 fps=20 sample_rate=44100 channels=2 frames=600 video_bytes=69120000 audio_bytes=5292000 late_frames=82 play_ticks=1601 error=0
mode=raw_rvp clip="/Videos/Downloaded/Who Can Stay Homeless The Longest - Kenny vs Spenny (HD).rvp" width=320 height=240 fps=20 sample_rate=44100 channels=2 frames=600 video_bytes=0 audio_bytes=0 late_frames=82 play_ticks=1601 error=0
mode=raw_audio_state stage=shutdown-after-restore clip="/Videos/Downloaded/Who Can Stay Homeless The Longest - Kenny vs Spenny (HD).rvp" audio_status=0 pcm_playing=0 mixer_freq=48000 saved_status=0 saved_elapsed=0 saved_offset=0 pool=(nil) pool_size=0
mode=raw_audio_state stage=prepare-before-stop clip="/Videos/Downloaded/Who Can Stay Homeless The Longest - Kenny vs Spenny (HD).rvp" audio_status=1 pcm_playing=1 mixer_freq=48000 saved_status=1 saved_elapsed=105264 saved_offset=2548397 pool=(nil) pool_size=0
mode=raw_audio_state stage=prepare-after-stop clip="/Videos/Downloaded/Who Can Stay Homeless The Longest - Kenny vs Spenny (HD).rvp" audio_status=0 pcm_playing=1 mixer_freq=48000 saved_status=1 saved_elapsed=105264 saved_offset=2548397 pool=(nil) pool_size=0
mode=raw_rvp clip="/Videos/Downloaded/Who Can Stay Homeless The Longest - Kenny vs Spenny (HD).rvp" width=320 height=240 fps=20 sample_rate=44100 channels=2 frames=-1 video_bytes=0 audio_bytes=0 late_frames=0 play_ticks=0 error=-20
mode=raw_rvp clip="/Videos/Downloaded/Who Can Stay Homeless The Longest - Kenny vs Spenny (HD).rvp" width=320 height=240 fps=20 sample_rate=44100 channels=2 frames=-2 video_bytes=12 audio_bytes=0 late_frames=0 play_ticks=0 error=-21
mode=raw_audio_state stage=start-at-frame clip="/Videos/Downloaded/Who Can Stay Homeless The Longest - Kenny vs Spenny (HD).rvp" audio_status=0 pcm_playing=1 mixer_freq=44100 saved_status=1 saved_elapsed=105264 saved_offset=2548397 pool=0x87dfdfc pool_size=54640628
mode=raw_audio_state stage=start-at-frame clip="/Videos/Downloaded/Who Can Stay Homeless The Longest - Kenny vs Spenny (HD).rvp" audio_status=0 pcm_playing=1 mixer_freq=44100 saved_status=1 saved_elapsed=105264 saved_offset=2548397 pool=0x87dfdfc pool_size=54640628
mode=raw_rvp clip="/Videos/Downloaded/Who Can Stay Homeless The Longest - Kenny vs Spenny (HD).rvp" width=320 height=240 fps=20 sample_rate=44100 channels=2 frames=600 video_bytes=69120000 audio_bytes=5292000 late_frames=56 play_ticks=1144 error=0
mode=raw_rvp clip="/Videos/Downloaded/Who Can Stay Homeless The Longest - Kenny vs Spenny (HD).rvp" width=320 height=240 fps=20 sample_rate=44100 channels=2 frames=600 video_bytes=0 audio_bytes=0 late_frames=56 play_ticks=1144 error=0
mode=raw_audio_state stage=shutdown-after-restore clip="/Videos/Downloaded/Who Can Stay Homeless The Longest - Kenny vs Spenny (HD).rvp" audio_status=1 pcm_playing=0 mixer_freq=48000 saved_status=1 saved_elapsed=105264 saved_offset=2548397 pool=(nil) pool_size=0
mode=raw_audio_state stage=prepare-before-stop clip="/Videos/Downloaded/Who Can Stay Homeless The Longest - Kenny vs Spenny (HD).rvp" audio_status=0 pcm_playing=1 mixer_freq=48000 saved_status=0 saved_elapsed=0 saved_offset=0 pool=(nil) pool_size=0
mode=raw_audio_state stage=prepare-after-stop clip="/Videos/Downloaded/Who Can Stay Homeless The Longest - Kenny vs Spenny (HD).rvp" audio_status=0 pcm_playing=1 mixer_freq=48000 saved_status=0 saved_elapsed=0 saved_offset=0 pool=(nil) pool_size=0
mode=raw_rvp clip="/Videos/Downloaded/Who Can Stay Homeless The Longest - Kenny vs Spenny (HD).rvp" width=320 height=240 fps=20 sample_rate=44100 channels=2 frames=-1 video_bytes=0 audio_bytes=0 late_frames=0 play_ticks=0 error=-20
mode=raw_rvp clip="/Videos/Downloaded/Who Can Stay Homeless The Longest - Kenny vs Spenny (HD).rvp" width=320 height=240 fps=20 sample_rate=44100 channels=2 frames=-2 video_bytes=12 audio_bytes=0 late_frames=0 play_ticks=0 error=-21
mode=raw_audio_state stage=start-at-frame clip="/Videos/Downloaded/Who Can Stay Homeless The Longest - Kenny vs Spenny (HD).rvp" audio_status=0 pcm_playing=1 mixer_freq=44100 saved_status=0 saved_elapsed=0 saved_offset=0 pool=0x87dfdfc pool_size=54640628
mode=raw_rvp clip="/Videos/Downloaded/Who Can Stay Homeless The Longest - Kenny vs Spenny (HD).rvp" width=320 height=240 fps=20 sample_rate=44100 channels=2 frames=600 video_bytes=69120000 audio_bytes=5292000 late_frames=42 play_ticks=945 error=0
mode=raw_rvp clip="/Videos/Downloaded/Who Can Stay Homeless The Longest - Kenny vs Spenny (HD).rvp" width=320 height=240 fps=20 sample_rate=44100 channels=2 frames=600 video_bytes=0 audio_bytes=0 late_frames=42 play_ticks=945 error=0
mode=raw_audio_state stage=shutdown-after-restore clip="/Videos/Downloaded/Who Can Stay Homeless The Longest - Kenny vs Spenny (HD).rvp" audio_status=0 pcm_playing=0 mixer_freq=48000 saved_status=0 saved_elapsed=0 saved_offset=0 pool=(nil) pool_size=0
mode=raw_audio_state stage=prepare-before-stop clip="/Videos/Downloaded/Who Can Stay Homeless The Longest - Kenny vs Spenny (HD).rvp" audio_status=1 pcm_playing=1 mixer_freq=48000 mix_status=1 mix_waiting=5120 saved_status=1 saved_elapsed=124488 saved_offset=3010925 pool=(nil) pool_size=0
mode=raw_audio_state stage=prepare-after-stop clip="/Videos/Downloaded/Who Can Stay Homeless The Longest - Kenny vs Spenny (HD).rvp" audio_status=0 pcm_playing=0 mixer_freq=48000 mix_status=0 mix_waiting=0 saved_status=1 saved_elapsed=124488 saved_offset=3010925 pool=(nil) pool_size=0
mode=raw_rvp clip="/Videos/Downloaded/Who Can Stay Homeless The Longest - Kenny vs Spenny (HD).rvp" width=320 height=240 fps=20 sample_rate=44100 channels=2 frames=-1 video_bytes=0 audio_bytes=0 late_frames=0 play_ticks=0 error=-20
mode=raw_rvp clip="/Videos/Downloaded/Who Can Stay Homeless The Longest - Kenny vs Spenny (HD).rvp" width=320 height=240 fps=20 sample_rate=44100 channels=2 frames=-2 video_bytes=12 audio_bytes=0 late_frames=0 play_ticks=0 error=-21
mode=raw_audio_state stage=start-at-frame clip="/Videos/Downloaded/Who Can Stay Homeless The Longest - Kenny vs Spenny (HD).rvp" audio_status=0 pcm_playing=1 mixer_freq=44100 mix_status=1 mix_waiting=30720 saved_status=1 saved_elapsed=124488 saved_offset=3010925 pool=0x87dfdfc pool_size=54640628
mode=raw_rvp clip="/Videos/Downloaded/Who Can Stay Homeless The Longest - Kenny vs Spenny (HD).rvp" width=320 height=240 fps=20 sample_rate=44100 channels=2 frames=600 video_bytes=69120000 audio_bytes=5292000 late_frames=111 play_ticks=817 error=0
mode=raw_rvp clip="/Videos/Downloaded/Who Can Stay Homeless The Longest - Kenny vs Spenny (HD).rvp" width=320 height=240 fps=20 sample_rate=44100 channels=2 frames=600 video_bytes=0 audio_bytes=0 late_frames=111 play_ticks=817 error=0
mode=raw_audio_state stage=shutdown-after-restore clip="/Videos/Downloaded/Who Can Stay Homeless The Longest - Kenny vs Spenny (HD).rvp" audio_status=1 pcm_playing=0 mixer_freq=48000 mix_status=0 mix_waiting=0 saved_status=1 saved_elapsed=124488 saved_offset=3010925 pool=(nil) pool_size=0
mode=raw_audio_state stage=prepare-before-stop clip="/Videos/Downloaded/Who Can Stay Homeless The Longest - Kenny vs Spenny (HD).rvp" audio_status=0 pcm_playing=1 mixer_freq=48000 mix_status=0 mix_waiting=0 saved_status=0 saved_elapsed=0 saved_offset=0 pool=(nil) pool_size=0
mode=raw_audio_state stage=prepare-after-stop clip="/Videos/Downloaded/Who Can Stay Homeless The Longest - Kenny vs Spenny (HD).rvp" audio_status=0 pcm_playing=0 mixer_freq=48000 mix_status=0 mix_waiting=0 saved_status=0 saved_elapsed=0 saved_offset=0 pool=(nil) pool_size=0
mode=raw_rvp clip="/Videos/Downloaded/Who Can Stay Homeless The Longest - Kenny vs Spenny (HD).rvp" width=320 height=240 fps=20 sample_rate=44100 channels=2 frames=-1 video_bytes=0 audio_bytes=0 late_frames=0 play_ticks=0 error=-20
mode=raw_rvp clip="/Videos/Downloaded/Who Can Stay Homeless The Longest - Kenny vs Spenny (HD).rvp" width=320 height=240 fps=20 sample_rate=44100 channels=2 frames=-2 video_bytes=12 audio_bytes=0 late_frames=0 play_ticks=0 error=-21
mode=raw_audio_state stage=start-at-frame clip="/Videos/Downloaded/Who Can Stay Homeless The Longest - Kenny vs Spenny (HD).rvp" audio_status=0 pcm_playing=1 mixer_freq=44100 mix_status=1 mix_waiting=30720 saved_status=0 saved_elapsed=0 saved_offset=0 pool=0x87dfdfc pool_size=54640628
mode=raw_rvp clip="/Videos/Downloaded/Who Can Stay Homeless The Longest - Kenny vs Spenny (HD).rvp" width=320 height=240 fps=20 sample_rate=44100 channels=2 frames=600 video_bytes=69120000 audio_bytes=5292000 late_frames=58 play_ticks=382 error=0
mode=raw_rvp clip="/Videos/Downloaded/Who Can Stay Homeless The Longest - Kenny vs Spenny (HD).rvp" width=320 height=240 fps=20 sample_rate=44100 channels=2 frames=600 video_bytes=0 audio_bytes=0 late_frames=58 play_ticks=382 error=0
mode=raw_audio_state stage=shutdown-after-restore clip="/Videos/Downloaded/Who Can Stay Homeless The Longest - Kenny vs Spenny (HD).rvp" audio_status=0 pcm_playing=0 mixer_freq=48000 mix_status=0 mix_waiting=0 saved_status=0 saved_elapsed=0 saved_offset=0 pool=(nil) pool_size=0
mode=raw_audio_state stage=prepare-before-stop clip="/Videos/Downloaded/Oliver Tree & Robin Schulz - Miss You [Official Music Video].rvp" audio_status=1 pcm_playing=1 mixer_freq=48000 mix_status=1 mix_waiting=8192 saved_status=1 saved_elapsed=136368 saved_offset=3297197 pool=(nil) pool_size=0
mode=raw_audio_state stage=prepare-after-stop clip="/Videos/Downloaded/Oliver Tree & Robin Schulz - Miss You [Official Music Video].rvp" audio_status=0 pcm_playing=0 mixer_freq=48000 mix_status=0 mix_waiting=0 saved_status=1 saved_elapsed=136368 saved_offset=3297197 pool=(nil) pool_size=0
mode=raw_rvp clip="/Videos/Downloaded/Oliver Tree & Robin Schulz - Miss You [Official Music Video].rvp" width=320 height=240 fps=20 sample_rate=44100 channels=2 frames=-1 video_bytes=0 audio_bytes=0 late_frames=0 play_ticks=0 error=-20
mode=raw_rvp clip="/Videos/Downloaded/Oliver Tree & Robin Schulz - Miss You [Official Music Video].rvp" width=320 height=240 fps=20 sample_rate=44100 channels=2 frames=-2 video_bytes=1 audio_bytes=0 late_frames=0 play_ticks=0 error=-21
mode=raw_audio_state stage=start-at-frame clip="/Videos/Downloaded/Oliver Tree & Robin Schulz - Miss You [Official Music Video].rvp" audio_status=0 pcm_playing=1 mixer_freq=44100 mix_status=1 mix_waiting=30720 saved_status=1 saved_elapsed=136368 saved_offset=3297197 pool=0x87dfdfc pool_size=54640628
mode=raw_rvp clip="/Videos/Downloaded/Oliver Tree & Robin Schulz - Miss You [Official Music Video].rvp" width=320 height=240 fps=20 sample_rate=44100 channels=2 frames=3383 video_bytes=389721600 audio_bytes=29841408 late_frames=31 play_ticks=181 error=0
mode=raw_audio_state stage=shutdown-after-restore clip="/Videos/Downloaded/Oliver Tree & Robin Schulz - Miss You [Official Music Video].rvp" audio_status=1 pcm_playing=0 mixer_freq=48000 mix_status=0 mix_waiting=0 saved_status=1 saved_elapsed=136368 saved_offset=3297197 pool=(nil) pool_size=0
mode=raw_audio_state stage=prepare-before-stop clip="/Videos/Downloaded/Who Can Stay Homeless The Longest - Kenny vs Spenny (HD).rvp" audio_status=1 pcm_playing=1 mixer_freq=48000 mix_status=1 mix_waiting=4096 saved_status=1 saved_elapsed=140208 saved_offset=3389933 pool=(nil) pool_size=0
mode=raw_audio_state stage=prepare-after-stop clip="/Videos/Downloaded/Who Can Stay Homeless The Longest - Kenny vs Spenny (HD).rvp" audio_status=0 pcm_playing=0 mixer_freq=48000 mix_status=0 mix_waiting=0 saved_status=1 saved_elapsed=140208 saved_offset=3389933 pool=(nil) pool_size=0
mode=raw_rvp clip="/Videos/Downloaded/Who Can Stay Homeless The Longest - Kenny vs Spenny (HD).rvp" width=320 height=240 fps=20 sample_rate=44100 channels=2 frames=-1 video_bytes=0 audio_bytes=0 late_frames=0 play_ticks=0 error=-20
mode=raw_rvp clip="/Videos/Downloaded/Who Can Stay Homeless The Longest - Kenny vs Spenny (HD).rvp" width=320 height=240 fps=20 sample_rate=44100 channels=2 frames=-2 video_bytes=12 audio_bytes=0 late_frames=0 play_ticks=0 error=-21
mode=raw_audio_state stage=start-at-frame clip="/Videos/Downloaded/Who Can Stay Homeless The Longest - Kenny vs Spenny (HD).rvp" audio_status=0 pcm_playing=1 mixer_freq=44100 mix_status=1 mix_waiting=30720 saved_status=1 saved_elapsed=140208 saved_offset=3389933 pool=0x87dfdfc pool_size=54640628
mode=raw_rvp clip="/Videos/Downloaded/Who Can Stay Homeless The Longest - Kenny vs Spenny (HD).rvp" width=320 height=240 fps=20 sample_rate=44100 channels=2 frames=600 video_bytes=69120000 audio_bytes=5292000 late_frames=145 play_ticks=844 error=0
mode=raw_rvp clip="/Videos/Downloaded/Who Can Stay Homeless The Longest - Kenny vs Spenny (HD).rvp" width=320 height=240 fps=20 sample_rate=44100 channels=2 frames=600 video_bytes=0 audio_bytes=0 late_frames=145 play_ticks=844 error=0
mode=raw_audio_state stage=shutdown-after-restore clip="/Videos/Downloaded/Who Can Stay Homeless The Longest - Kenny vs Spenny (HD).rvp" audio_status=1 pcm_playing=0 mixer_freq=48000 mix_status=0 mix_waiting=0 saved_status=1 saved_elapsed=140208 saved_offset=3389933 pool=(nil) pool_size=0
mode=raw_audio_state stage=prepare-before-stop clip="/Videos/Downloaded/Who Can Stay Homeless The Longest - Kenny vs Spenny (HD).rvp" audio_status=1 pcm_playing=1 mixer_freq=48000 mix_status=0 mix_waiting=0 saved_status=1 saved_elapsed=153336 saved_offset=3706157 pool=(nil) pool_size=0
mode=raw_audio_state stage=prepare-after-stop clip="/Videos/Downloaded/Who Can Stay Homeless The Longest - Kenny vs Spenny (HD).rvp" audio_status=0 pcm_playing=0 mixer_freq=48000 mix_status=0 mix_waiting=0 saved_status=1 saved_elapsed=153336 saved_offset=3706157 pool=(nil) pool_size=0
mode=raw_rvp clip="/Videos/Downloaded/Who Can Stay Homeless The Longest - Kenny vs Spenny (HD).rvp" width=320 height=240 fps=20 sample_rate=44100 channels=2 frames=-1 video_bytes=0 audio_bytes=0 late_frames=0 play_ticks=0 error=-20
mode=raw_rvp clip="/Videos/Downloaded/Who Can Stay Homeless The Longest - Kenny vs Spenny (HD).rvp" width=320 height=240 fps=20 sample_rate=44100 channels=2 frames=-2 video_bytes=12 audio_bytes=0 late_frames=0 play_ticks=0 error=-21
mode=raw_audio_state stage=start-at-frame clip="/Videos/Downloaded/Who Can Stay Homeless The Longest - Kenny vs Spenny (HD).rvp" audio_status=0 pcm_playing=1 mixer_freq=44100 mix_status=1 mix_waiting=30720 saved_status=1 saved_elapsed=153336 saved_offset=3706157 pool=0x87dfdfc pool_size=54640628
mode=raw_rvp clip="/Videos/Downloaded/Who Can Stay Homeless The Longest - Kenny vs Spenny (HD).rvp" width=320 height=240 fps=20 sample_rate=44100 channels=2 frames=600 video_bytes=69120000 audio_bytes=5292000 late_frames=116 play_ticks=656 error=0
mode=raw_rvp clip="/Videos/Downloaded/Who Can Stay Homeless The Longest - Kenny vs Spenny (HD).rvp" width=320 height=240 fps=20 sample_rate=44100 channels=2 frames=600 video_bytes=0 audio_bytes=0 late_frames=116 play_ticks=656 error=0
mode=raw_audio_state stage=shutdown-after-restore clip="/Videos/Downloaded/Who Can Stay Homeless The Longest - Kenny vs Spenny (HD).rvp" audio_status=1 pcm_playing=0 mixer_freq=48000 mix_status=0 mix_waiting=0 saved_status=1 saved_elapsed=153336 saved_offset=3706157 pool=(nil) pool_size=0
mode=raw_audio_state stage=prepare-before-stop clip="/Videos/Downloaded/Who Can Stay Homeless The Longest - Kenny vs Spenny (HD).rvp" audio_status=0 pcm_playing=1 mixer_freq=48000 mix_status=0 mix_waiting=0 saved_status=0 saved_elapsed=0 saved_offset=0 pool=(nil) pool_size=0
mode=raw_audio_state stage=prepare-after-stop clip="/Videos/Downloaded/Who Can Stay Homeless The Longest - Kenny vs Spenny (HD).rvp" audio_status=0 pcm_playing=0 mixer_freq=48000 mix_status=0 mix_waiting=0 saved_status=0 saved_elapsed=0 saved_offset=0 pool=(nil) pool_size=0
mode=raw_rvp clip="/Videos/Downloaded/Who Can Stay Homeless The Longest - Kenny vs Spenny (HD).rvp" width=320 height=240 fps=20 sample_rate=44100 channels=2 frames=-1 video_bytes=0 audio_bytes=0 late_frames=0 play_ticks=0 error=-20
mode=raw_rvp clip="/Videos/Downloaded/Who Can Stay Homeless The Longest - Kenny vs Spenny (HD).rvp" width=320 height=240 fps=20 sample_rate=44100 channels=2 frames=-2 video_bytes=12 audio_bytes=0 late_frames=0 play_ticks=0 error=-21
mode=raw_audio_state stage=start-at-frame clip="/Videos/Downloaded/Who Can Stay Homeless The Longest - Kenny vs Spenny (HD).rvp" audio_status=0 pcm_playing=1 mixer_freq=44100 mix_status=1 mix_waiting=30720 saved_status=0 saved_elapsed=0 saved_offset=0 pool=0x87dfdfc pool_size=54640628
mode=raw_rvp clip="/Videos/Downloaded/Who Can Stay Homeless The Longest - Kenny vs Spenny (HD).rvp" width=320 height=240 fps=20 sample_rate=44100 channels=2 frames=600 video_bytes=69120000 audio_bytes=5292000 late_frames=59 play_ticks=403 error=0
mode=raw_rvp clip="/Videos/Downloaded/Who Can Stay Homeless The Longest - Kenny vs Spenny (HD).rvp" width=320 height=240 fps=20 sample_rate=44100 channels=2 frames=600 video_bytes=0 audio_bytes=0 late_frames=59 play_ticks=403 error=0
mode=raw_audio_state stage=shutdown-after-restore clip="/Videos/Downloaded/Who Can Stay Homeless The Longest - Kenny vs Spenny (HD).rvp" audio_status=0 pcm_playing=0 mixer_freq=48000 mix_status=0 mix_waiting=0 saved_status=0 saved_elapsed=0 saved_offset=0 pool=(nil) pool_size=0
mode=raw_audio_state stage=prepare-before-stop clip="/Videos/Downloaded/Oliver Tree & Robin Schulz - Miss You [Official Music Video].rvp" audio_status=0 pcm_playing=0 mixer_freq=44100 mix_status=0 mix_waiting=0 saved_status=0 saved_elapsed=0 saved_offset=0 pool=(nil) pool_size=0
mode=raw_audio_state stage=prepare-after-stop clip="/Videos/Downloaded/Oliver Tree & Robin Schulz - Miss You [Official Music Video].rvp" audio_status=0 pcm_playing=0 mixer_freq=44100 mix_status=0 mix_waiting=0 saved_status=0 saved_elapsed=0 saved_offset=0 pool=(nil) pool_size=0
mode=raw_rvp clip="/Videos/Downloaded/Oliver Tree & Robin Schulz - Miss You [Official Music Video].rvp" width=320 height=240 fps=20 sample_rate=44100 channels=2 frames=-1 video_bytes=0 audio_bytes=0 late_frames=0 play_ticks=0 error=-20
mode=raw_rvp clip="/Videos/Downloaded/Oliver Tree & Robin Schulz - Miss You [Official Music Video].rvp" width=320 height=240 fps=20 sample_rate=44100 channels=2 frames=-2 video_bytes=1 audio_bytes=0 late_frames=0 play_ticks=0 error=-21
mode=raw_audio_state stage=start-at-frame clip="/Videos/Downloaded/Oliver Tree & Robin Schulz - Miss You [Official Music Video].rvp" audio_status=0 pcm_playing=1 mixer_freq=44100 mix_status=1 mix_waiting=30720 saved_status=0 saved_elapsed=0 saved_offset=0 pool=0x87dfd14 pool_size=54640860
mode=raw_rvp clip="/Videos/Downloaded/Oliver Tree & Robin Schulz - Miss You [Official Music Video].rvp" width=320 height=240 fps=20 sample_rate=44100 channels=2 frames=3383 video_bytes=389721600 audio_bytes=29841408 late_frames=27 play_ticks=390 error=0
mode=raw_audio_state stage=shutdown-after-restore clip="/Videos/Downloaded/Oliver Tree & Robin Schulz - Miss You [Official Music Video].rvp" audio_status=0 pcm_playing=0 mixer_freq=44100 mix_status=0 mix_waiting=0 saved_status=0 saved_elapsed=0 saved_offset=0 pool=(nil) pool_size=0
mode=raw_audio_state stage=prepare-before-stop clip="/Videos/Downloaded/Who Can Stay Homeless The Longest - Kenny vs Spenny (HD).rvp" audio_status=0 pcm_playing=0 mixer_freq=44100 mix_status=0 mix_waiting=0 saved_status=0 saved_elapsed=0 saved_offset=0 pool=(nil) pool_size=0
mode=raw_audio_state stage=prepare-after-stop clip="/Videos/Downloaded/Who Can Stay Homeless The Longest - Kenny vs Spenny (HD).rvp" audio_status=0 pcm_playing=0 mixer_freq=44100 mix_status=0 mix_waiting=0 saved_status=0 saved_elapsed=0 saved_offset=0 pool=(nil) pool_size=0
mode=raw_rvp clip="/Videos/Downloaded/Who Can Stay Homeless The Longest - Kenny vs Spenny (HD).rvp" width=320 height=240 fps=20 sample_rate=44100 channels=2 frames=-1 video_bytes=0 audio_bytes=0 late_frames=0 play_ticks=0 error=-20
mode=raw_rvp clip="/Videos/Downloaded/Who Can Stay Homeless The Longest - Kenny vs Spenny (HD).rvp" width=320 height=240 fps=20 sample_rate=44100 channels=2 frames=-2 video_bytes=12 audio_bytes=0 late_frames=0 play_ticks=0 error=-21
mode=raw_audio_state stage=start-at-frame clip="/Videos/Downloaded/Who Can Stay Homeless The Longest - Kenny vs Spenny (HD).rvp" audio_status=0 pcm_playing=1 mixer_freq=44100 mix_status=1 mix_waiting=30720 saved_status=0 saved_elapsed=0 saved_offset=0 pool=0x87dfd14 pool_size=54640860
mode=raw_rvp clip="/Videos/Downloaded/Who Can Stay Homeless The Longest - Kenny vs Spenny (HD).rvp" width=320 height=240 fps=20 sample_rate=44100 channels=2 frames=600 video_bytes=69120000 audio_bytes=5292000 late_frames=406 play_ticks=2233 error=0
mode=raw_rvp clip="/Videos/Downloaded/Who Can Stay Homeless The Longest - Kenny vs Spenny (HD).rvp" width=320 height=240 fps=20 sample_rate=44100 channels=2 frames=600 video_bytes=0 audio_bytes=0 late_frames=406 play_ticks=2233 error=0
mode=raw_audio_state stage=shutdown-after-restore clip="/Videos/Downloaded/Who Can Stay Homeless The Longest - Kenny vs Spenny (HD).rvp" audio_status=0 pcm_playing=0 mixer_freq=44100 mix_status=0 mix_waiting=0 saved_status=0 saved_elapsed=0 saved_offset=0 pool=(nil) pool_size=0
mode=raw_audio_state stage=prepare-before-stop clip="/Videos/Downloaded/Who Can Stay Homeless The Longest - Kenny vs Spenny (HD).rvp" audio_status=3 pcm_playing=1 mixer_freq=48000 mix_status=0 mix_waiting=0 saved_status=3 saved_elapsed=158712 saved_offset=3835757 pool=(nil) pool_size=0
mode=raw_audio_state stage=prepare-after-stop clip="/Videos/Downloaded/Who Can Stay Homeless The Longest - Kenny vs Spenny (HD).rvp" audio_status=0 pcm_playing=0 mixer_freq=48000 mix_status=0 mix_waiting=0 saved_status=3 saved_elapsed=158712 saved_offset=3835757 pool=(nil) pool_size=0
mode=raw_rvp clip="/Videos/Downloaded/Who Can Stay Homeless The Longest - Kenny vs Spenny (HD).rvp" width=320 height=240 fps=20 sample_rate=44100 channels=2 frames=-1 video_bytes=0 audio_bytes=0 late_frames=0 play_ticks=0 error=-20
mode=raw_rvp clip="/Videos/Downloaded/Who Can Stay Homeless The Longest - Kenny vs Spenny (HD).rvp" width=320 height=240 fps=20 sample_rate=44100 channels=2 frames=-2 video_bytes=12 audio_bytes=0 late_frames=0 play_ticks=0 error=-21
mode=raw_audio_state stage=start-at-frame clip="/Videos/Downloaded/Who Can Stay Homeless The Longest - Kenny vs Spenny (HD).rvp" audio_status=0 pcm_playing=1 mixer_freq=44100 mix_status=1 mix_waiting=30720 saved_status=3 saved_elapsed=158712 saved_offset=3835757 pool=0x87dfd00 pool_size=54640880
mode=raw_audio_state stage=start-at-frame clip="/Videos/Downloaded/Who Can Stay Homeless The Longest - Kenny vs Spenny (HD).rvp" audio_status=0 pcm_playing=1 mixer_freq=44100 mix_status=1 mix_waiting=30720 saved_status=3 saved_elapsed=158712 saved_offset=3835757 pool=0x87dfd00 pool_size=54640880
mode=raw_rvp clip="/Videos/Downloaded/Who Can Stay Homeless The Longest - Kenny vs Spenny (HD).rvp" width=320 height=240 fps=20 sample_rate=44100 channels=2 frames=600 video_bytes=69120000 audio_bytes=5292000 late_frames=53 play_ticks=421 error=0
mode=raw_rvp clip="/Videos/Downloaded/Who Can Stay Homeless The Longest - Kenny vs Spenny (HD).rvp" width=320 height=240 fps=20 sample_rate=44100 channels=2 frames=600 video_bytes=0 audio_bytes=0 late_frames=53 play_ticks=421 error=0
mode=raw_audio_state stage=shutdown-after-restore clip="/Videos/Downloaded/Who Can Stay Homeless The Longest - Kenny vs Spenny (HD).rvp" audio_status=0 pcm_playing=0 mixer_freq=48000 mix_status=0 mix_waiting=0 saved_status=3 saved_elapsed=158712 saved_offset=3835757 pool=(nil) pool_size=0
mode=raw_audio_state stage=prepare-before-stop clip="/Videos/Downloaded/Who Can Stay Homeless The Longest - Kenny vs Spenny (HD).rvp" audio_status=0 pcm_playing=1 mixer_freq=44100 mix_status=0 mix_waiting=0 saved_status=0 saved_elapsed=0 saved_offset=0 pool=(nil) pool_size=0
mode=raw_audio_state stage=prepare-after-stop clip="/Videos/Downloaded/Who Can Stay Homeless The Longest - Kenny vs Spenny (HD).rvp" audio_status=0 pcm_playing=0 mixer_freq=44100 mix_status=0 mix_waiting=0 saved_status=0 saved_elapsed=0 saved_offset=0 pool=(nil) pool_size=0
mode=raw_rvp clip="/Videos/Downloaded/Who Can Stay Homeless The Longest - Kenny vs Spenny (HD).rvp" width=320 height=240 fps=20 sample_rate=44100 channels=2 frames=-1 video_bytes=0 audio_bytes=0 late_frames=0 play_ticks=0 error=-20
mode=raw_rvp clip="/Videos/Downloaded/Who Can Stay Homeless The Longest - Kenny vs Spenny (HD).rvp" width=320 height=240 fps=20 sample_rate=44100 channels=2 frames=-2 video_bytes=12 audio_bytes=0 late_frames=0 play_ticks=0 error=-21
mode=raw_audio_state stage=start-at-frame clip="/Videos/Downloaded/Who Can Stay Homeless The Longest - Kenny vs Spenny (HD).rvp" audio_status=0 pcm_playing=1 mixer_freq=44100 mix_status=1 mix_waiting=30720 saved_status=0 saved_elapsed=0 saved_offset=0 pool=0x87dfd00 pool_size=54640880
mode=raw_rvp clip="/Videos/Downloaded/Who Can Stay Homeless The Longest - Kenny vs Spenny (HD).rvp" width=320 height=240 fps=20 sample_rate=44100 channels=2 frames=600 video_bytes=69120000 audio_bytes=5292000 late_frames=17 play_ticks=186 error=0
mode=raw_rvp clip="/Videos/Downloaded/Who Can Stay Homeless The Longest - Kenny vs Spenny (HD).rvp" width=320 height=240 fps=20 sample_rate=44100 channels=2 frames=600 video_bytes=0 audio_bytes=0 late_frames=17 play_ticks=186 error=0
mode=raw_audio_state stage=shutdown-after-restore clip="/Videos/Downloaded/Who Can Stay Homeless The Longest - Kenny vs Spenny (HD).rvp" audio_status=0 pcm_playing=0 mixer_freq=44100 mix_status=0 mix_waiting=0 saved_status=0 saved_elapsed=0 saved_offset=0 pool=(nil) pool_size=0
mode=raw_audio_state stage=prepare-before-stop clip="/Videos/Downloaded/Who Can Stay Homeless The Longest - Kenny vs Spenny (HD).rvp" audio_status=1 pcm_playing=1 mixer_freq=48000 mix_status=0 mix_waiting=0 saved_status=1 saved_elapsed=22368 saved_offset=4454231 pool=(nil) pool_size=0
mode=raw_audio_state stage=prepare-after-stop clip="/Videos/Downloaded/Who Can Stay Homeless The Longest - Kenny vs Spenny (HD).rvp" audio_status=0 pcm_playing=0 mixer_freq=48000 mix_status=0 mix_waiting=0 saved_status=1 saved_elapsed=22368 saved_offset=4454231 pool=(nil) pool_size=0
mode=raw_rvp clip="/Videos/Downloaded/Who Can Stay Homeless The Longest - Kenny vs Spenny (HD).rvp" width=320 height=240 fps=20 sample_rate=44100 channels=2 frames=-1 video_bytes=0 audio_bytes=0 late_frames=0 play_ticks=0 error=-20
mode=raw_rvp clip="/Videos/Downloaded/Who Can Stay Homeless The Longest - Kenny vs Spenny (HD).rvp" width=320 height=240 fps=20 sample_rate=44100 channels=2 frames=-2 video_bytes=12 audio_bytes=0 late_frames=0 play_ticks=0 error=-21
mode=raw_audio_state stage=start-at-frame clip="/Videos/Downloaded/Who Can Stay Homeless The Longest - Kenny vs Spenny (HD).rvp" audio_status=0 pcm_playing=1 mixer_freq=44100 mix_status=1 mix_waiting=30720 saved_status=1 saved_elapsed=22368 saved_offset=4454231 pool=0x87dfda0 pool_size=54640720
mode=raw_rvp clip="/Videos/Downloaded/Who Can Stay Homeless The Longest - Kenny vs Spenny (HD).rvp" width=320 height=240 fps=20 sample_rate=44100 channels=2 frames=600 video_bytes=69120000 audio_bytes=5292000 late_frames=36 play_ticks=331 error=0
mode=raw_rvp clip="/Videos/Downloaded/Who Can Stay Homeless The Longest - Kenny vs Spenny (HD).rvp" width=320 height=240 fps=20 sample_rate=44100 channels=2 frames=600 video_bytes=0 audio_bytes=0 late_frames=36 play_ticks=331 error=0
mode=raw_audio_state stage=shutdown-after-restore clip="/Videos/Downloaded/Who Can Stay Homeless The Longest - Kenny vs Spenny (HD).rvp" audio_status=0 pcm_playing=0 mixer_freq=48000 mix_status=0 mix_waiting=0 saved_status=1 saved_elapsed=22368 saved_offset=4454231 pool=(nil) pool_size=0
mode=raw_audio_state stage=prepare-before-stop clip="/Videos/Downloaded/Who Can Stay Homeless The Longest - Kenny vs Spenny (HD).rvp" audio_status=0 pcm_playing=0 mixer_freq=48000 mix_status=0 mix_waiting=0 saved_status=0 saved_elapsed=0 saved_offset=0 pool=(nil) pool_size=0
mode=raw_audio_state stage=prepare-after-stop clip="/Videos/Downloaded/Who Can Stay Homeless The Longest - Kenny vs Spenny (HD).rvp" audio_status=0 pcm_playing=0 mixer_freq=48000 mix_status=0 mix_waiting=0 saved_status=0 saved_elapsed=0 saved_offset=0 pool=(nil) pool_size=0
mode=raw_rvp clip="/Videos/Downloaded/Who Can Stay Homeless The Longest - Kenny vs Spenny (HD).rvp" width=320 height=240 fps=20 sample_rate=44100 channels=2 frames=-1 video_bytes=0 audio_bytes=0 late_frames=0 play_ticks=0 error=-20
mode=raw_rvp clip="/Videos/Downloaded/Who Can Stay Homeless The Longest - Kenny vs Spenny (HD).rvp" width=320 height=240 fps=20 sample_rate=44100 channels=2 frames=-2 video_bytes=12 audio_bytes=0 late_frames=0 play_ticks=0 error=-21
mode=raw_audio_state stage=start-at-frame clip="/Videos/Downloaded/Who Can Stay Homeless The Longest - Kenny vs Spenny (HD).rvp" audio_status=0 pcm_playing=1 mixer_freq=44100 mix_status=1 mix_waiting=30720 saved_status=0 saved_elapsed=0 saved_offset=0 pool=0x87dfda0 pool_size=54640720
mode=raw_rvp clip="/Videos/Downloaded/Who Can Stay Homeless The Longest - Kenny vs Spenny (HD).rvp" width=320 height=240 fps=20 sample_rate=44100 channels=2 frames=600 video_bytes=69120000 audio_bytes=5292000 late_frames=36 play_ticks=287 error=0
mode=raw_rvp clip="/Videos/Downloaded/Who Can Stay Homeless The Longest - Kenny vs Spenny (HD).rvp" width=320 height=240 fps=20 sample_rate=44100 channels=2 frames=600 video_bytes=0 audio_bytes=0 late_frames=36 play_ticks=287 error=0
mode=raw_audio_state stage=shutdown-after-restore clip="/Videos/Downloaded/Who Can Stay Homeless The Longest - Kenny vs Spenny (HD).rvp" audio_status=0 pcm_playing=0 mixer_freq=48000 mix_status=0 mix_waiting=0 saved_status=0 saved_elapsed=0 saved_offset=0 pool=(nil) pool_size=0
mode=raw_audio_state stage=prepare-before-stop clip="/Videos/Downloaded/Who Can Stay Homeless The Longest - Kenny vs Spenny (HD).rvp" audio_status=1 pcm_playing=1 mixer_freq=48000 mix_status=1 mix_waiting=3072 saved_status=1 saved_elapsed=32544 saved_offset=6472127 pool=(nil) pool_size=0
mode=raw_audio_state stage=prepare-after-stop clip="/Videos/Downloaded/Who Can Stay Homeless The Longest - Kenny vs Spenny (HD).rvp" audio_status=0 pcm_playing=0 mixer_freq=48000 mix_status=0 mix_waiting=0 saved_status=1 saved_elapsed=32544 saved_offset=6472127 pool=(nil) pool_size=0
mode=raw_rvp clip="/Videos/Downloaded/Who Can Stay Homeless The Longest - Kenny vs Spenny (HD).rvp" width=320 height=240 fps=20 sample_rate=44100 channels=2 frames=-1 video_bytes=0 audio_bytes=0 late_frames=0 play_ticks=0 error=-20
mode=raw_rvp clip="/Videos/Downloaded/Who Can Stay Homeless The Longest - Kenny vs Spenny (HD).rvp" width=320 height=240 fps=20 sample_rate=44100 channels=2 frames=-2 video_bytes=12 audio_bytes=0 late_frames=0 play_ticks=0 error=-21
mode=raw_audio_state stage=start-at-frame clip="/Videos/Downloaded/Who Can Stay Homeless The Longest - Kenny vs Spenny (HD).rvp" audio_status=0 pcm_playing=1 mixer_freq=44100 mix_status=1 mix_waiting=30720 saved_status=1 saved_elapsed=32544 saved_offset=6472127 pool=0x87dfda0 pool_size=54640720
mode=raw_rvp clip="/Videos/Downloaded/Who Can Stay Homeless The Longest - Kenny vs Spenny (HD).rvp" width=320 height=240 fps=20 sample_rate=44100 channels=2 frames=600 video_bytes=69120000 audio_bytes=5292000 late_frames=118 play_ticks=705 error=0
mode=raw_rvp clip="/Videos/Downloaded/Who Can Stay Homeless The Longest - Kenny vs Spenny (HD).rvp" width=320 height=240 fps=20 sample_rate=44100 channels=2 frames=600 video_bytes=0 audio_bytes=0 late_frames=118 play_ticks=705 error=0
mode=raw_audio_state stage=shutdown-after-restore clip="/Videos/Downloaded/Who Can Stay Homeless The Longest - Kenny vs Spenny (HD).rvp" audio_status=0 pcm_playing=0 mixer_freq=48000 mix_status=0 mix_waiting=0 saved_status=1 saved_elapsed=32544 saved_offset=6472127 pool=(nil) pool_size=0
mode=raw_audio_state stage=prepare-before-stop clip="/Videos/Downloaded/Who Can Stay Homeless The Longest - Kenny vs Spenny (HD).rvp" audio_status=1 pcm_playing=1 mixer_freq=48000 mix_status=1 mix_waiting=4096 saved_status=1 saved_elapsed=78912 saved_offset=15395332 pool=(nil) pool_size=0
mode=raw_audio_state stage=prepare-after-stop clip="/Videos/Downloaded/Who Can Stay Homeless The Longest - Kenny vs Spenny (HD).rvp" audio_status=0 pcm_playing=0 mixer_freq=48000 mix_status=0 mix_waiting=0 saved_status=1 saved_elapsed=78912 saved_offset=15395332 pool=0x87dfda0 pool_size=54640720
mode=raw_rvp clip="/Videos/Downloaded/Who Can Stay Homeless The Longest - Kenny vs Spenny (HD).rvp" width=320 height=240 fps=20 sample_rate=44100 channels=2 frames=-1 video_bytes=0 audio_bytes=0 late_frames=0 play_ticks=0 error=-20
mode=raw_rvp clip="/Videos/Downloaded/Who Can Stay Homeless The Longest - Kenny vs Spenny (HD).rvp" width=320 height=240 fps=20 sample_rate=44100 channels=2 frames=-2 video_bytes=12 audio_bytes=0 late_frames=0 play_ticks=0 error=-21
mode=raw_audio_state stage=start-at-frame clip="/Videos/Downloaded/Who Can Stay Homeless The Longest - Kenny vs Spenny (HD).rvp" audio_status=0 pcm_playing=1 mixer_freq=44100 mix_status=1 mix_waiting=30720 saved_status=1 saved_elapsed=78912 saved_offset=15395332 pool=0x87dfda0 pool_size=54640720
mode=raw_rvp clip="/Videos/Downloaded/Who Can Stay Homeless The Longest - Kenny vs Spenny (HD).rvp" width=320 height=240 fps=20 sample_rate=44100 channels=2 frames=600 video_bytes=69120000 audio_bytes=5292000 late_frames=407 play_ticks=2598 error=0
mode=raw_rvp clip="/Videos/Downloaded/Who Can Stay Homeless The Longest - Kenny vs Spenny (HD).rvp" width=320 height=240 fps=20 sample_rate=44100 channels=2 frames=600 video_bytes=0 audio_bytes=0 late_frames=407 play_ticks=2598 error=0
mode=raw_audio_state stage=shutdown-after-restore clip="/Videos/Downloaded/Who Can Stay Homeless The Longest - Kenny vs Spenny (HD).rvp" audio_status=0 pcm_playing=0 mixer_freq=48000 mix_status=0 mix_waiting=0 saved_status=1 saved_elapsed=78912 saved_offset=15395332 pool=(nil) pool_size=0
mode=raw_audio_state stage=prepare-before-stop clip="/Videos/Downloaded/Who Can Stay Homeless The Longest - Kenny vs Spenny (HD).rvp" audio_status=1 pcm_playing=1 mixer_freq=48000 mix_status=1 mix_waiting=8192 saved_status=1 saved_elapsed=91200 saved_offset=17785351 pool=(nil) pool_size=0
mode=raw_audio_state stage=prepare-after-stop clip="/Videos/Downloaded/Who Can Stay Homeless The Longest - Kenny vs Spenny (HD).rvp" audio_status=0 pcm_playing=0 mixer_freq=48000 mix_status=0 mix_waiting=0 saved_status=1 saved_elapsed=91200 saved_offset=17785351 pool=0x87dfda0 pool_size=54640720
mode=raw_rvp clip="/Videos/Downloaded/Who Can Stay Homeless The Longest - Kenny vs Spenny (HD).rvp" width=320 height=240 fps=20 sample_rate=44100 channels=2 frames=-1 video_bytes=0 audio_bytes=0 late_frames=0 play_ticks=0 error=-20
mode=raw_rvp clip="/Videos/Downloaded/Who Can Stay Homeless The Longest - Kenny vs Spenny (HD).rvp" width=320 height=240 fps=20 sample_rate=44100 channels=2 frames=-2 video_bytes=12 audio_bytes=0 late_frames=0 play_ticks=0 error=-21
mode=raw_audio_state stage=start-at-frame clip="/Videos/Downloaded/Who Can Stay Homeless The Longest - Kenny vs Spenny (HD).rvp" audio_status=0 pcm_playing=1 mixer_freq=44100 mix_status=1 mix_waiting=30720 saved_status=1 saved_elapsed=91200 saved_offset=17785351 pool=0x87dfda0 pool_size=54640720
mode=raw_rvp clip="/Videos/Downloaded/Who Can Stay Homeless The Longest - Kenny vs Spenny (HD).rvp" width=320 height=240 fps=20 sample_rate=44100 channels=2 frames=600 video_bytes=69120000 audio_bytes=5292000 late_frames=497 play_ticks=3008 error=0
mode=raw_audio_state stage=start-at-frame clip="/Videos/Downloaded/Who Can Stay Homeless The Longest - Kenny vs Spenny (HD).rvp" audio_status=0 pcm_playing=1 mixer_freq=44100 mix_status=1 mix_waiting=30720 saved_status=1 saved_elapsed=91200 saved_offset=17785351 pool=0x87dfda0 pool_size=54640720
mode=raw_rvp clip="/Videos/Downloaded/Who Can Stay Homeless The Longest - Kenny vs Spenny (HD).rvp" width=320 height=240 fps=20 sample_rate=44100 channels=2 frames=600 video_bytes=69120000 audio_bytes=5292000 late_frames=540 play_ticks=3006 error=0
mode=raw_audio_state stage=start-at-frame clip="/Videos/Downloaded/Who Can Stay Homeless The Longest - Kenny vs Spenny (HD).rvp" audio_status=0 pcm_playing=1 mixer_freq=44100 mix_status=1 mix_waiting=30720 saved_status=1 saved_elapsed=91200 saved_offset=17785351 pool=0x87dfda0 pool_size=54640720
mode=raw_rvp clip="/Videos/Downloaded/Who Can Stay Homeless The Longest - Kenny vs Spenny (HD).rvp" width=320 height=240 fps=20 sample_rate=44100 channels=2 frames=600 video_bytes=69120000 audio_bytes=5292000 late_frames=543 play_ticks=3010 error=0
mode=raw_audio_state stage=start-at-frame clip="/Videos/Downloaded/Who Can Stay Homeless The Longest - Kenny vs Spenny (HD).rvp" audio_status=0 pcm_playing=1 mixer_freq=44100 mix_status=1 mix_waiting=30720 saved_status=1 saved_elapsed=91200 saved_offset=17785351 pool=0x87dfda0 pool_size=54640720
mode=raw_rvp clip="/Videos/Downloaded/Who Can Stay Homeless The Longest - Kenny vs Spenny (HD).rvp" width=320 height=240 fps=20 sample_rate=44100 channels=2 frames=600 video_bytes=69120000 audio_bytes=5292000 late_frames=544 play_ticks=3010 error=0
mode=raw_audio_state stage=start-at-frame clip="/Videos/Downloaded/Who Can Stay Homeless The Longest - Kenny vs Spenny (HD).rvp" audio_status=0 pcm_playing=1 mixer_freq=44100 mix_status=1 mix_waiting=30720 saved_status=1 saved_elapsed=91200 saved_offset=17785351 pool=0x87dfda0 pool_size=54640720
mode=raw_rvp clip="/Videos/Downloaded/Who Can Stay Homeless The Longest - Kenny vs Spenny (HD).rvp" width=320 height=240 fps=20 sample_rate=44100 channels=2 frames=600 video_bytes=69120000 audio_bytes=5292000 late_frames=411 play_ticks=2457 error=0
mode=raw_rvp clip="/Videos/Downloaded/Who Can Stay Homeless The Longest - Kenny vs Spenny (HD).rvp" width=320 height=240 fps=20 sample_rate=44100 channels=2 frames=3000 video_bytes=0 audio_bytes=0 late_frames=2535 play_ticks=14491 error=0
mode=raw_audio_state stage=shutdown-after-restore clip="/Videos/Downloaded/Who Can Stay Homeless The Longest - Kenny vs Spenny (HD).rvp" audio_status=0 pcm_playing=0 mixer_freq=48000 mix_status=0 mix_waiting=0 saved_status=1 saved_elapsed=91200 saved_offset=17785351 pool=(nil) pool_size=0
mode=raw_audio_state stage=prepare-before-stop clip="/Videos/Downloaded/Oliver Tree & Robin Schulz - Miss You [Official Music Video].rvp" audio_status=0 pcm_playing=0 mixer_freq=44100 mix_status=0 mix_waiting=0 saved_status=0 saved_elapsed=0 saved_offset=0 pool=(nil) pool_size=0
mode=raw_audio_state stage=prepare-after-stop clip="/Videos/Downloaded/Oliver Tree & Robin Schulz - Miss You [Official Music Video].rvp" audio_status=0 pcm_playing=0 mixer_freq=44100 mix_status=0 mix_waiting=0 saved_status=0 saved_elapsed=0 saved_offset=0 pool=0x87dfeb4 pool_size=54640444
mode=raw_rvp clip="/Videos/Downloaded/Oliver Tree & Robin Schulz - Miss You [Official Music Video].rvp" width=320 height=240 fps=20 sample_rate=44100 channels=2 frames=-1 video_bytes=0 audio_bytes=0 late_frames=0 play_ticks=0 error=-20
mode=raw_rvp clip="/Videos/Downloaded/Oliver Tree & Robin Schulz - Miss You [Official Music Video].rvp" width=320 height=240 fps=20 sample_rate=44100 channels=2 frames=-2 video_bytes=1 audio_bytes=0 late_frames=0 play_ticks=0 error=-21
mode=raw_audio_state stage=start-at-frame clip="/Videos/Downloaded/Oliver Tree & Robin Schulz - Miss You [Official Music Video].rvp" audio_status=0 pcm_playing=1 mixer_freq=44100 mix_status=1 mix_waiting=30720 saved_status=0 saved_elapsed=0 saved_offset=0 pool=0x87dfeb4 pool_size=54640444
mode=raw_rvp clip="/Videos/Downloaded/Oliver Tree & Robin Schulz - Miss You [Official Music Video].rvp" width=320 height=240 fps=20 sample_rate=44100 channels=2 frames=3383 video_bytes=389721600 audio_bytes=29841408 late_frames=14 play_ticks=98 error=0
mode=raw_audio_state stage=shutdown-after-restore clip="/Videos/Downloaded/Oliver Tree & Robin Schulz - Miss You [Official Music Video].rvp" audio_status=0 pcm_playing=0 mixer_freq=44100 mix_status=0 mix_waiting=0 saved_status=0 saved_elapsed=0 saved_offset=0 pool=(nil) pool_size=0
mode=raw_audio_state stage=prepare-before-stop clip="/Videos/Downloaded/Disney's Recess - Lord Of the Nerds.rvp" audio_status=0 pcm_playing=0 mixer_freq=44100 mix_status=0 mix_waiting=0 saved_status=0 saved_elapsed=0 saved_offset=0 pool=(nil) pool_size=0
mode=raw_audio_state stage=prepare-after-stop clip="/Videos/Downloaded/Disney's Recess - Lord Of the Nerds.rvp" audio_status=0 pcm_playing=0 mixer_freq=44100 mix_status=0 mix_waiting=0 saved_status=0 saved_elapsed=0 saved_offset=0 pool=0x87dcc1c pool_size=54653396
mode=raw_rvp clip="/Videos/Downloaded/Disney's Recess - Lord Of the Nerds.rvp" width=320 height=240 fps=20 sample_rate=44100 channels=2 frames=-1 video_bytes=0 audio_bytes=0 late_frames=0 play_ticks=0 error=-20
mode=raw_rvp clip="/Videos/Downloaded/Disney's Recess - Lord Of the Nerds.rvp" width=320 height=240 fps=20 sample_rate=44100 channels=2 frames=-2 video_bytes=1 audio_bytes=0 late_frames=0 play_ticks=0 error=-21
mode=raw_rvp clip="/Videos/Downloaded/Disney's Recess - Lord Of the Nerds.rvp" width=320 height=240 fps=20 sample_rate=44100 channels=2 frames=12088 video_bytes=1392537600 audio_bytes=106624512 late_frames=0 play_ticks=0 error=-1
mode=raw_audio_state stage=shutdown-after-restore clip="/Videos/Downloaded/Disney's Recess - Lord Of the Nerds.rvp" audio_status=0 pcm_playing=0 mixer_freq=44100 mix_status=0 mix_waiting=0 saved_status=0 saved_elapsed=0 saved_offset=0 pool=(nil) pool_size=0
mode=raw_audio_state stage=prepare-before-stop clip="/Videos/Downloaded/Oliver Tree & Robin Schulz - Miss You [Official Music Video].rvp" audio_status=0 pcm_playing=0 mixer_freq=44100 mix_status=0 mix_waiting=0 saved_status=0 saved_elapsed=0 saved_offset=0 pool=(nil) pool_size=0
mode=raw_audio_state stage=prepare-after-stop clip="/Videos/Downloaded/Oliver Tree & Robin Schulz - Miss You [Official Music Video].rvp" audio_status=0 pcm_playing=0 mixer_freq=44100 mix_status=0 mix_waiting=0 saved_status=0 saved_elapsed=0 saved_offset=0 pool=0x87dcc1c pool_size=54653396
mode=raw_rvp clip="/Videos/Downloaded/Oliver Tree & Robin Schulz - Miss You [Official Music Video].rvp" width=320 height=240 fps=20 sample_rate=44100 channels=2 frames=-1 video_bytes=0 audio_bytes=0 late_frames=0 play_ticks=0 error=-20
mode=raw_rvp clip="/Videos/Downloaded/Oliver Tree & Robin Schulz - Miss You [Official Music Video].rvp" width=320 height=240 fps=20 sample_rate=44100 channels=2 frames=-2 video_bytes=1 audio_bytes=0 late_frames=0 play_ticks=0 error=-21
mode=raw_audio_state stage=start-at-frame clip="/Videos/Downloaded/Oliver Tree & Robin Schulz - Miss You [Official Music Video].rvp" audio_status=0 pcm_playing=1 mixer_freq=44100 mix_status=1 mix_waiting=30720 saved_status=0 saved_elapsed=0 saved_offset=0 pool=0x87dcc1c pool_size=54653396
mode=raw_rvp clip="/Videos/Downloaded/Oliver Tree & Robin Schulz - Miss You [Official Music Video].rvp" width=320 height=240 fps=20 sample_rate=44100 channels=2 frames=3383 video_bytes=389721600 audio_bytes=29841408 late_frames=13 play_ticks=247 error=0
mode=raw_audio_state stage=shutdown-after-restore clip="/Videos/Downloaded/Oliver Tree & Robin Schulz - Miss You [Official Music Video].rvp" audio_status=0 pcm_playing=0 mixer_freq=44100 mix_status=0 mix_waiting=0 saved_status=0 saved_elapsed=0 saved_offset=0 pool=(nil) pool_size=0
mode=raw_audio_state stage=prepare-before-stop clip="/Videos/Downloaded/Who Can Stay Homeless The Longest - Kenny vs Spenny (HD).rvp" audio_status=0 pcm_playing=0 mixer_freq=44100 mix_status=0 mix_waiting=0 saved_status=0 saved_elapsed=0 saved_offset=0 pool=(nil) pool_size=0
mode=raw_audio_state stage=prepare-after-stop clip="/Videos/Downloaded/Who Can Stay Homeless The Longest - Kenny vs Spenny (HD).rvp" audio_status=0 pcm_playing=0 mixer_freq=44100 mix_status=0 mix_waiting=0 saved_status=0 saved_elapsed=0 saved_offset=0 pool=0x87dcc1c pool_size=54653396
mode=raw_rvp clip="/Videos/Downloaded/Who Can Stay Homeless The Longest - Kenny vs Spenny (HD).rvp" width=320 height=240 fps=20 sample_rate=44100 channels=2 frames=-1 video_bytes=0 audio_bytes=0 late_frames=0 play_ticks=0 error=-20
mode=raw_rvp clip="/Videos/Downloaded/Who Can Stay Homeless The Longest - Kenny vs Spenny (HD).rvp" width=320 height=240 fps=20 sample_rate=44100 channels=2 frames=-2 video_bytes=12 audio_bytes=0 late_frames=0 play_ticks=0 error=-21
mode=raw_audio_state stage=start-at-frame clip="/Videos/Downloaded/Who Can Stay Homeless The Longest - Kenny vs Spenny (HD).rvp" audio_status=0 pcm_playing=1 mixer_freq=44100 mix_status=1 mix_waiting=30720 saved_status=0 saved_elapsed=0 saved_offset=0 pool=0x87dcc1c pool_size=54653396
mode=raw_rvp clip="/Videos/Downloaded/Who Can Stay Homeless The Longest - Kenny vs Spenny (HD).rvp" width=320 height=240 fps=20 sample_rate=44100 channels=2 frames=600 video_bytes=69120000 audio_bytes=5292000 late_frames=37 play_ticks=285 error=0
mode=raw_rvp clip="/Videos/Downloaded/Who Can Stay Homeless The Longest - Kenny vs Spenny (HD).rvp" width=320 height=240 fps=20 sample_rate=44100 channels=2 frames=600 video_bytes=0 audio_bytes=0 late_frames=37 play_ticks=285 error=0
mode=raw_audio_state stage=shutdown-after-restore clip="/Videos/Downloaded/Who Can Stay Homeless The Longest - Kenny vs Spenny (HD).rvp" audio_status=0 pcm_playing=0 mixer_freq=44100 mix_status=0 mix_waiting=0 saved_status=0 saved_elapsed=0 saved_offset=0 pool=(nil) pool_size=0
mode=raw_audio_state stage=prepare-before-stop clip="/Videos/Downloaded/Disney's Recess - Lord Of the Nerds.rvp" audio_status=0 pcm_playing=0 mixer_freq=44100 mix_status=0 mix_waiting=0 saved_status=0 saved_elapsed=0 saved_offset=0 pool=(nil) pool_size=0
mode=raw_audio_state stage=prepare-after-stop clip="/Videos/Downloaded/Disney's Recess - Lord Of the Nerds.rvp" audio_status=0 pcm_playing=0 mixer_freq=44100 mix_status=0 mix_waiting=0 saved_status=0 saved_elapsed=0 saved_offset=0 pool=0x87dcf2c pool_size=54652612
mode=raw_rvp clip="/Videos/Downloaded/Disney's Recess - Lord Of the Nerds.rvp" width=320 height=240 fps=20 sample_rate=44100 channels=2 frames=-1 video_bytes=0 audio_bytes=0 late_frames=0 play_ticks=0 error=-20
mode=raw_rvp clip="/Videos/Downloaded/Disney's Recess - Lord Of the Nerds.rvp" width=320 height=240 fps=20 sample_rate=44100 channels=2 frames=-2 video_bytes=6 audio_bytes=0 late_frames=0 play_ticks=0 error=-21
mode=raw_audio_state stage=start-at-frame clip="/Videos/Downloaded/Disney's Recess - Lord Of the Nerds.rvp" audio_status=0 pcm_playing=1 mixer_freq=44100 mix_status=1 mix_waiting=30720 saved_status=0 saved_elapsed=0 saved_offset=0 pool=0x87dcf2c pool_size=54652612
mode=raw_rvp clip="/Videos/Downloaded/Disney's Recess - Lord Of the Nerds.rvp" width=320 height=240 fps=20 sample_rate=44100 channels=2 frames=2400 video_bytes=276480000 audio_bytes=0 late_frames=2065 play_ticks=12001 error=0
mode=raw_audio_state stage=start-at-frame clip="/Videos/Downloaded/Disney's Recess - Lord Of the Nerds.rvp" audio_status=0 pcm_playing=1 mixer_freq=44100 mix_status=1 mix_waiting=30720 saved_status=0 saved_elapsed=0 saved_offset=0 pool=0x87dcf2c pool_size=54652612
mode=raw_rvp clip="/Videos/Downloaded/Disney's Recess - Lord Of the Nerds.rvp" width=320 height=240 fps=20 sample_rate=44100 channels=2 frames=2400 video_bytes=276480000 audio_bytes=0 late_frames=1646 play_ticks=8745 error=0
mode=raw_rvp clip="/Videos/Downloaded/Disney's Recess - Lord Of the Nerds.rvp" width=320 height=240 fps=20 sample_rate=44100 channels=2 frames=4800 video_bytes=0 audio_bytes=0 late_frames=3711 play_ticks=20746 error=0
mode=raw_audio_state stage=shutdown-after-restore clip="/Videos/Downloaded/Disney's Recess - Lord Of the Nerds.rvp" audio_status=0 pcm_playing=0 mixer_freq=44100 mix_status=0 mix_waiting=0 saved_status=0 saved_elapsed=0 saved_offset=0 pool=(nil) pool_size=0
mode=raw_audio_state stage=prepare-before-stop clip="/Videos/Downloaded/Oliver Tree & Robin Schulz - Miss You [Official Music Video].rvp" audio_status=0 pcm_playing=0 mixer_freq=44100 mix_status=0 mix_waiting=0 saved_status=0 saved_elapsed=0 saved_offset=0 pool=(nil) pool_size=0
mode=raw_audio_state stage=prepare-after-stop clip="/Videos/Downloaded/Oliver Tree & Robin Schulz - Miss You [Official Music Video].rvp" audio_status=0 pcm_playing=0 mixer_freq=44100 mix_status=0 mix_waiting=0 saved_status=0 saved_elapsed=0 saved_offset=0 pool=0x87dcf5c pool_size=54652564
mode=raw_rvp clip="/Videos/Downloaded/Oliver Tree & Robin Schulz - Miss You [Official Music Video].rvp" width=320 height=240 fps=20 sample_rate=44100 channels=2 frames=-1 video_bytes=0 audio_bytes=0 late_frames=0 play_ticks=0 error=-20
mode=raw_rvp clip="/Videos/Downloaded/Oliver Tree & Robin Schulz - Miss You [Official Music Video].rvp" width=320 height=240 fps=20 sample_rate=44100 channels=2 frames=-2 video_bytes=1 audio_bytes=0 late_frames=0 play_ticks=0 error=-21
mode=raw_audio_state stage=start-at-frame clip="/Videos/Downloaded/Oliver Tree & Robin Schulz - Miss You [Official Music Video].rvp" audio_status=0 pcm_playing=1 mixer_freq=44100 mix_status=1 mix_waiting=30720 saved_status=0 saved_elapsed=0 saved_offset=0 pool=0x87dcf5c pool_size=54652564
mode=raw_rvp clip="/Videos/Downloaded/Oliver Tree & Robin Schulz - Miss You [Official Music Video].rvp" width=320 height=240 fps=20 sample_rate=44100 channels=2 frames=3383 video_bytes=389721600 audio_bytes=0 late_frames=17 play_ticks=112 error=0
mode=raw_audio_state stage=shutdown-after-restore clip="/Videos/Downloaded/Oliver Tree & Robin Schulz - Miss You [Official Music Video].rvp" audio_status=0 pcm_playing=0 mixer_freq=44100 mix_status=0 mix_waiting=0 saved_status=0 saved_elapsed=0 saved_offset=0 pool=(nil) pool_size=0
mode=raw_audio_state stage=prepare-before-stop clip="/Videos/TV Shows/Kenny vs. Spenny/Season 01/S01E22 - Who Can Stay Homeless the Longest.rvp" audio_status=0 pcm_playing=0 mixer_freq=44100 mix_status=0 mix_waiting=0 saved_status=0 saved_elapsed=0 saved_offset=0 pool=(nil) pool_size=0
mode=raw_audio_state stage=prepare-after-stop clip="/Videos/TV Shows/Kenny vs. Spenny/Season 01/S01E22 - Who Can Stay Homeless the Longest.rvp" audio_status=0 pcm_playing=0 mixer_freq=44100 mix_status=0 mix_waiting=0 saved_status=0 saved_elapsed=0 saved_offset=0 pool=0x87dcf5c pool_size=54652564
mode=raw_rvp clip="/Videos/TV Shows/Kenny vs. Spenny/Season 01/S01E22 - Who Can Stay Homeless the Longest.rvp" width=320 height=240 fps=20 sample_rate=44100 channels=2 frames=-1 video_bytes=0 audio_bytes=0 late_frames=0 play_ticks=0 error=-20
mode=raw_rvp clip="/Videos/TV Shows/Kenny vs. Spenny/Season 01/S01E22 - Who Can Stay Homeless the Longest.rvp" width=320 height=240 fps=20 sample_rate=44100 channels=2 frames=-2 video_bytes=12 audio_bytes=0 late_frames=0 play_ticks=0 error=-21
mode=raw_audio_state stage=start-at-frame clip="/Videos/TV Shows/Kenny vs. Spenny/Season 01/S01E22 - Who Can Stay Homeless the Longest.rvp" audio_status=0 pcm_playing=1 mixer_freq=44100 mix_status=1 mix_waiting=30720 saved_status=0 saved_elapsed=0 saved_offset=0 pool=0x87dcf5c pool_size=54652564
mode=raw_rvp clip="/Videos/TV Shows/Kenny vs. Spenny/Season 01/S01E22 - Who Can Stay Homeless the Longest.rvp" width=320 height=240 fps=20 sample_rate=44100 channels=2 frames=600 video_bytes=69120000 audio_bytes=0 late_frames=493 play_ticks=3007 error=0
mode=raw_audio_state stage=start-at-frame clip="/Videos/TV Shows/Kenny vs. Spenny/Season 01/S01E22 - Who Can Stay Homeless the Longest.rvp" audio_status=0 pcm_playing=1 mixer_freq=44100 mix_status=1 mix_waiting=30720 saved_status=0 saved_elapsed=0 saved_offset=0 pool=0x87dcf5c pool_size=54652564
mode=raw_rvp clip="/Videos/TV Shows/Kenny vs. Spenny/Season 01/S01E22 - Who Can Stay Homeless the Longest.rvp" width=320 height=240 fps=20 sample_rate=44100 channels=2 frames=600 video_bytes=69120000 audio_bytes=0 late_frames=551 play_ticks=3001 error=0
mode=raw_audio_state stage=start-at-frame clip="/Videos/TV Shows/Kenny vs. Spenny/Season 01/S01E22 - Who Can Stay Homeless the Longest.rvp" audio_status=0 pcm_playing=1 mixer_freq=44100 mix_status=1 mix_waiting=30720 saved_status=0 saved_elapsed=0 saved_offset=0 pool=0x87dcf5c pool_size=54652564
mode=raw_rvp clip="/Videos/TV Shows/Kenny vs. Spenny/Season 01/S01E22 - Who Can Stay Homeless the Longest.rvp" width=320 height=240 fps=20 sample_rate=44100 channels=2 frames=600 video_bytes=69120000 audio_bytes=0 late_frames=430 play_ticks=2431 error=0
mode=raw_rvp clip="/Videos/TV Shows/Kenny vs. Spenny/Season 01/S01E22 - Who Can Stay Homeless the Longest.rvp" width=320 height=240 fps=20 sample_rate=44100 channels=2 frames=1800 video_bytes=0 audio_bytes=0 late_frames=1474 play_ticks=8439 error=0
mode=raw_audio_state stage=shutdown-after-restore clip="/Videos/TV Shows/Kenny vs. Spenny/Season 01/S01E22 - Who Can Stay Homeless the Longest.rvp" audio_status=0 pcm_playing=0 mixer_freq=44100 mix_status=0 mix_waiting=0 saved_status=0 saved_elapsed=0 saved_offset=0 pool=(nil) pool_size=0
mode=raw_audio_state stage=prepare-before-stop clip="/Videos/TV Shows/Recess/Season 03/S03E37 - Lord of the Nerds.rvp" audio_status=0 pcm_playing=0 mixer_freq=44100 mix_status=0 mix_waiting=0 saved_status=0 saved_elapsed=0 saved_offset=0 pool=(nil) pool_size=0
mode=raw_audio_state stage=prepare-after-stop clip="/Videos/TV Shows/Recess/Season 03/S03E37 - Lord of the Nerds.rvp" audio_status=0 pcm_playing=0 mixer_freq=44100 mix_status=0 mix_waiting=0 saved_status=0 saved_elapsed=0 saved_offset=0 pool=0x87dcf5c pool_size=54652564
mode=raw_rvp clip="/Videos/TV Shows/Recess/Season 03/S03E37 - Lord of the Nerds.rvp" width=320 height=240 fps=20 sample_rate=44100 channels=2 frames=-1 video_bytes=0 audio_bytes=0 late_frames=0 play_ticks=0 error=-20
mode=raw_rvp clip="/Videos/TV Shows/Recess/Season 03/S03E37 - Lord of the Nerds.rvp" width=320 height=240 fps=20 sample_rate=44100 channels=2 frames=-2 video_bytes=6 audio_bytes=0 late_frames=0 play_ticks=0 error=-21
mode=raw_audio_state stage=start-at-frame clip="/Videos/TV Shows/Recess/Season 03/S03E37 - Lord of the Nerds.rvp" audio_status=0 pcm_playing=1 mixer_freq=44100 mix_status=1 mix_waiting=30720 saved_status=0 saved_elapsed=0 saved_offset=0 pool=0x87dcf5c pool_size=54652564
mode=raw_rvp clip="/Videos/TV Shows/Recess/Season 03/S03E37 - Lord of the Nerds.rvp" width=320 height=240 fps=20 sample_rate=44100 channels=2 frames=2400 video_bytes=276480000 audio_bytes=0 late_frames=1265 play_ticks=6824 error=0
mode=raw_rvp clip="/Videos/TV Shows/Recess/Season 03/S03E37 - Lord of the Nerds.rvp" width=320 height=240 fps=20 sample_rate=44100 channels=2 frames=2400 video_bytes=0 audio_bytes=0 late_frames=1265 play_ticks=6824 error=0
mode=raw_audio_state stage=shutdown-after-restore clip="/Videos/TV Shows/Recess/Season 03/S03E37 - Lord of the Nerds.rvp" audio_status=0 pcm_playing=0 mixer_freq=44100 mix_status=0 mix_waiting=0 saved_status=0 saved_elapsed=0 saved_offset=0 pool=(nil) pool_size=0
mode=raw_audio_state stage=prepare-before-stop clip="/Videos/TV Shows/Kenny vs. Spenny/Season 01/S01E22 - Who Can Stay Homeless the Longest.rvp" audio_status=0 pcm_playing=0 mixer_freq=44100 mix_status=0 mix_waiting=0 saved_status=0 saved_elapsed=0 saved_offset=0 pool=(nil) pool_size=0
mode=raw_audio_state stage=prepare-after-stop clip="/Videos/TV Shows/Kenny vs. Spenny/Season 01/S01E22 - Who Can Stay Homeless the Longest.rvp" audio_status=0 pcm_playing=0 mixer_freq=44100 mix_status=0 mix_waiting=0 saved_status=0 saved_elapsed=0 saved_offset=0 pool=0x87ddafc pool_size=54649588
mode=raw_rvp clip="/Videos/TV Shows/Kenny vs. Spenny/Season 01/S01E22 - Who Can Stay Homeless the Longest.rvp" width=320 height=240 fps=20 sample_rate=44100 channels=2 frames=-1 video_bytes=0 audio_bytes=0 late_frames=0 play_ticks=0 error=-20
mode=raw_rvp clip="/Videos/TV Shows/Kenny vs. Spenny/Season 01/S01E22 - Who Can Stay Homeless the Longest.rvp" width=320 height=240 fps=20 sample_rate=44100 channels=2 frames=-2 video_bytes=12 audio_bytes=0 late_frames=0 play_ticks=0 error=-21
mode=raw_audio_state stage=start-at-frame clip="/Videos/TV Shows/Kenny vs. Spenny/Season 01/S01E22 - Who Can Stay Homeless the Longest.rvp" audio_status=0 pcm_playing=1 mixer_freq=44100 mix_status=1 mix_waiting=30720 saved_status=0 saved_elapsed=0 saved_offset=0 pool=0x87ddafc pool_size=54649588
mode=raw_rvp clip="/Videos/TV Shows/Kenny vs. Spenny/Season 01/S01E22 - Who Can Stay Homeless the Longest.rvp" width=320 height=240 fps=20 sample_rate=44100 channels=2 frames=600 video_bytes=69120000 audio_bytes=0 late_frames=133 play_ticks=887 error=0
mode=raw_rvp clip="/Videos/TV Shows/Kenny vs. Spenny/Season 01/S01E22 - Who Can Stay Homeless the Longest.rvp" width=320 height=240 fps=20 sample_rate=44100 channels=2 frames=600 video_bytes=0 audio_bytes=0 late_frames=133 play_ticks=887 error=0
mode=raw_audio_state stage=shutdown-after-restore clip="/Videos/TV Shows/Kenny vs. Spenny/Season 01/S01E22 - Who Can Stay Homeless the Longest.rvp" audio_status=0 pcm_playing=0 mixer_freq=44100 mix_status=0 mix_waiting=0 saved_status=0 saved_elapsed=0 saved_offset=0 pool=(nil) pool_size=0
mode=raw_audio_state stage=prepare-before-stop clip="/Videos/Downloaded/Oliver Tree & Robin Schulz - Miss You [Official Music Video].rvp" audio_status=0 pcm_playing=0 mixer_freq=44100 mix_status=0 mix_waiting=0 saved_status=0 saved_elapsed=0 saved_offset=0 pool=(nil) pool_size=0
mode=raw_audio_state stage=prepare-after-stop clip="/Videos/Downloaded/Oliver Tree & Robin Schulz - Miss You [Official Music Video].rvp" audio_status=0 pcm_playing=0 mixer_freq=44100 mix_status=0 mix_waiting=0 saved_status=0 saved_elapsed=0 saved_offset=0 pool=0x87e0e5c pool_size=54636436
mode=raw_rvp clip="/Videos/Downloaded/Oliver Tree & Robin Schulz - Miss You [Official Music Video].rvp" width=320 height=240 fps=20 sample_rate=44100 channels=2 frames=-1 video_bytes=0 audio_bytes=0 late_frames=0 play_ticks=0 error=-20
mode=raw_rvp clip="/Videos/Downloaded/Oliver Tree & Robin Schulz - Miss You [Official Music Video].rvp" width=320 height=240 fps=20 sample_rate=44100 channels=2 frames=-2 video_bytes=1 audio_bytes=0 late_frames=0 play_ticks=0 error=-21
mode=raw_audio_state stage=start-at-frame clip="/Videos/Downloaded/Oliver Tree & Robin Schulz - Miss You [Official Music Video].rvp" audio_status=0 pcm_playing=1 mixer_freq=44100 mix_status=1 mix_waiting=30720 saved_status=0 saved_elapsed=0 saved_offset=0 pool=0x87e0e5c pool_size=54636436
mode=raw_rvp clip="/Videos/Downloaded/Oliver Tree & Robin Schulz - Miss You [Official Music Video].rvp" width=320 height=240 fps=20 sample_rate=44100 channels=2 frames=3383 video_bytes=389721600 audio_bytes=0 late_frames=6 play_ticks=200 error=0
mode=raw_audio_state stage=shutdown-after-restore clip="/Videos/Downloaded/Oliver Tree & Robin Schulz - Miss You [Official Music Video].rvp" audio_status=0 pcm_playing=0 mixer_freq=44100 mix_status=0 mix_waiting=0 saved_status=0 saved_elapsed=0 saved_offset=0 pool=(nil) pool_size=0
mode=raw_audio_state stage=prepare-before-stop clip="/Videos/TV Shows/Kenny vs. Spenny/Season 01/S01E22 - Who Can Stay Homeless the Longest.rvp" audio_status=0 pcm_playing=0 mixer_freq=44100 mix_status=0 mix_waiting=0 saved_status=0 saved_elapsed=0 saved_offset=0 pool=(nil) pool_size=0
mode=raw_audio_state stage=prepare-after-stop clip="/Videos/TV Shows/Kenny vs. Spenny/Season 01/S01E22 - Who Can Stay Homeless the Longest.rvp" audio_status=0 pcm_playing=0 mixer_freq=44100 mix_status=0 mix_waiting=0 saved_status=0 saved_elapsed=0 saved_offset=0 pool=0x87e0e5c pool_size=54636436
mode=raw_rvp clip="/Videos/TV Shows/Kenny vs. Spenny/Season 01/S01E22 - Who Can Stay Homeless the Longest.rvp" width=320 height=240 fps=20 sample_rate=44100 channels=2 frames=-1 video_bytes=0 audio_bytes=0 late_frames=0 play_ticks=0 error=-20
mode=raw_rvp clip="/Videos/TV Shows/Kenny vs. Spenny/Season 01/S01E22 - Who Can Stay Homeless the Longest.rvp" width=320 height=240 fps=20 sample_rate=44100 channels=2 frames=-2 video_bytes=12 audio_bytes=0 late_frames=0 play_ticks=0 error=-21
mode=raw_audio_state stage=start-at-frame clip="/Videos/TV Shows/Kenny vs. Spenny/Season 01/S01E22 - Who Can Stay Homeless the Longest.rvp" audio_status=0 pcm_playing=1 mixer_freq=44100 mix_status=1 mix_waiting=30720 saved_status=0 saved_elapsed=0 saved_offset=0 pool=0x87e0e5c pool_size=54636436
mode=raw_rvp clip="/Videos/TV Shows/Kenny vs. Spenny/Season 01/S01E22 - Who Can Stay Homeless the Longest.rvp" width=320 height=240 fps=20 sample_rate=44100 channels=2 frames=600 video_bytes=69120000 audio_bytes=0 late_frames=487 play_ticks=3003 error=0
mode=raw_audio_state stage=start-at-frame clip="/Videos/TV Shows/Kenny vs. Spenny/Season 01/S01E22 - Who Can Stay Homeless the Longest.rvp" audio_status=0 pcm_playing=1 mixer_freq=44100 mix_status=1 mix_waiting=30720 saved_status=0 saved_elapsed=0 saved_offset=0 pool=0x87e0e5c pool_size=54636436
mode=raw_rvp clip="/Videos/TV Shows/Kenny vs. Spenny/Season 01/S01E22 - Who Can Stay Homeless the Longest.rvp" width=320 height=240 fps=20 sample_rate=44100 channels=2 frames=600 video_bytes=69120000 audio_bytes=0 late_frames=554 play_ticks=3000 error=0
mode=raw_audio_state stage=start-at-frame clip="/Videos/TV Shows/Kenny vs. Spenny/Season 01/S01E22 - Who Can Stay Homeless the Longest.rvp" audio_status=0 pcm_playing=1 mixer_freq=44100 mix_status=1 mix_waiting=30720 saved_status=0 saved_elapsed=0 saved_offset=0 pool=0x87e0e5c pool_size=54636436
mode=raw_rvp clip="/Videos/TV Shows/Kenny vs. Spenny/Season 01/S01E22 - Who Can Stay Homeless the Longest.rvp" width=320 height=240 fps=20 sample_rate=44100 channels=2 frames=600 video_bytes=69120000 audio_bytes=0 late_frames=557 play_ticks=3001 error=0
mode=raw_audio_state stage=start-at-frame clip="/Videos/TV Shows/Kenny vs. Spenny/Season 01/S01E22 - Who Can Stay Homeless the Longest.rvp" audio_status=0 pcm_playing=1 mixer_freq=44100 mix_status=1 mix_waiting=30720 saved_status=0 saved_elapsed=0 saved_offset=0 pool=0x87e0e5c pool_size=54636436
mode=raw_rvp clip="/Videos/TV Shows/Kenny vs. Spenny/Season 01/S01E22 - Who Can Stay Homeless the Longest.rvp" width=320 height=240 fps=20 sample_rate=44100 channels=2 frames=600 video_bytes=69120000 audio_bytes=0 late_frames=561 play_ticks=3001 error=0
mode=raw_audio_state stage=start-at-frame clip="/Videos/TV Shows/Kenny vs. Spenny/Season 01/S01E22 - Who Can Stay Homeless the Longest.rvp" audio_status=0 pcm_playing=1 mixer_freq=44100 mix_status=1 mix_waiting=30720 saved_status=0 saved_elapsed=0 saved_offset=0 pool=0x87e0e5c pool_size=54636436
mode=raw_rvp clip="/Videos/TV Shows/Kenny vs. Spenny/Season 01/S01E22 - Who Can Stay Homeless the Longest.rvp" width=320 height=240 fps=20 sample_rate=44100 channels=2 frames=600 video_bytes=69120000 audio_bytes=0 late_frames=557 play_ticks=3001 error=0
mode=raw_audio_state stage=start-at-frame clip="/Videos/TV Shows/Kenny vs. Spenny/Season 01/S01E22 - Who Can Stay Homeless the Longest.rvp" audio_status=0 pcm_playing=1 mixer_freq=44100 mix_status=1 mix_waiting=30720 saved_status=0 saved_elapsed=0 saved_offset=0 pool=0x87e0e5c pool_size=54636436
mode=raw_rvp clip="/Videos/TV Shows/Kenny vs. Spenny/Season 01/S01E22 - Who Can Stay Homeless the Longest.rvp" width=320 height=240 fps=20 sample_rate=44100 channels=2 frames=600 video_bytes=69120000 audio_bytes=0 late_frames=557 play_ticks=3001 error=0
mode=raw_audio_state stage=start-at-frame clip="/Videos/TV Shows/Kenny vs. Spenny/Season 01/S01E22 - Who Can Stay Homeless the Longest.rvp" audio_status=0 pcm_playing=1 mixer_freq=44100 mix_status=1 mix_waiting=30720 saved_status=0 saved_elapsed=0 saved_offset=0 pool=0x87e0e5c pool_size=54636436
mode=raw_rvp clip="/Videos/TV Shows/Kenny vs. Spenny/Season 01/S01E22 - Who Can Stay Homeless the Longest.rvp" width=320 height=240 fps=20 sample_rate=44100 channels=2 frames=600 video_bytes=69120000 audio_bytes=0 late_frames=553 play_ticks=3001 error=0
mode=raw_audio_state stage=start-at-frame clip="/Videos/TV Shows/Kenny vs. Spenny/Season 01/S01E22 - Who Can Stay Homeless the Longest.rvp" audio_status=0 pcm_playing=1 mixer_freq=44100 mix_status=1 mix_waiting=30720 saved_status=0 saved_elapsed=0 saved_offset=0 pool=0x87e0e5c pool_size=54636436
mode=raw_rvp clip="/Videos/TV Shows/Kenny vs. Spenny/Season 01/S01E22 - Who Can Stay Homeless the Longest.rvp" width=320 height=240 fps=20 sample_rate=44100 channels=2 frames=600 video_bytes=69120000 audio_bytes=0 late_frames=576 play_ticks=3000 error=0
mode=raw_audio_state stage=start-at-frame clip="/Videos/TV Shows/Kenny vs. Spenny/Season 01/S01E22 - Who Can Stay Homeless the Longest.rvp" audio_status=0 pcm_playing=1 mixer_freq=44100 mix_status=1 mix_waiting=30720 saved_status=0 saved_elapsed=0 saved_offset=0 pool=0x87e0e5c pool_size=54636436
mode=raw_rvp clip="/Videos/TV Shows/Kenny vs. Spenny/Season 01/S01E22 - Who Can Stay Homeless the Longest.rvp" width=320 height=240 fps=20 sample_rate=44100 channels=2 frames=600 video_bytes=69120000 audio_bytes=0 late_frames=552 play_ticks=3001 error=0
mode=raw_audio_state stage=start-at-frame clip="/Videos/TV Shows/Kenny vs. Spenny/Season 01/S01E22 - Who Can Stay Homeless the Longest.rvp" audio_status=0 pcm_playing=1 mixer_freq=44100 mix_status=1 mix_waiting=30720 saved_status=0 saved_elapsed=0 saved_offset=0 pool=0x87e0e5c pool_size=54636436
mode=raw_rvp clip="/Videos/TV Shows/Kenny vs. Spenny/Season 01/S01E22 - Who Can Stay Homeless the Longest.rvp" width=320 height=240 fps=20 sample_rate=44100 channels=2 frames=600 video_bytes=69120000 audio_bytes=0 late_frames=566 play_ticks=3002 error=0
mode=raw_audio_state stage=start-at-frame clip="/Videos/TV Shows/Kenny vs. Spenny/Season 01/S01E22 - Who Can Stay Homeless the Longest.rvp" audio_status=0 pcm_playing=1 mixer_freq=44100 mix_status=1 mix_waiting=30720 saved_status=0 saved_elapsed=0 saved_offset=0 pool=0x87e0e5c pool_size=54636436
mode=raw_rvp clip="/Videos/TV Shows/Kenny vs. Spenny/Season 01/S01E22 - Who Can Stay Homeless the Longest.rvp" width=320 height=240 fps=20 sample_rate=44100 channels=2 frames=600 video_bytes=69120000 audio_bytes=0 late_frames=553 play_ticks=3001 error=0
mode=raw_audio_state stage=start-at-frame clip="/Videos/TV Shows/Kenny vs. Spenny/Season 01/S01E22 - Who Can Stay Homeless the Longest.rvp" audio_status=0 pcm_playing=1 mixer_freq=44100 mix_status=1 mix_waiting=30720 saved_status=0 saved_elapsed=0 saved_offset=0 pool=0x87e0e5c pool_size=54636436
mode=raw_rvp clip="/Videos/TV Shows/Kenny vs. Spenny/Season 01/S01E22 - Who Can Stay Homeless the Longest.rvp" width=320 height=240 fps=20 sample_rate=44100 channels=2 frames=600 video_bytes=69120000 audio_bytes=0 late_frames=580 play_ticks=3000 error=0
mode=raw_rvp clip="/Videos/TV Shows/Kenny vs. Spenny/Season 01/S01E22 - Who Can Stay Homeless the Longest.rvp" width=320 height=240 fps=20 sample_rate=44100 channels=2 frames=7200 video_bytes=0 audio_bytes=0 late_frames=6653 play_ticks=36012 error=0
mode=raw_audio_state stage=shutdown-after-restore clip="/Videos/TV Shows/Kenny vs. Spenny/Season 01/S01E22 - Who Can Stay Homeless the Longest.rvp" audio_status=0 pcm_playing=0 mixer_freq=44100 mix_status=0 mix_waiting=0 saved_status=0 saved_elapsed=0 saved_offset=0 pool=(nil) pool_size=0
mode=raw_audio_state stage=prepare-before-stop clip="/Videos/TV Shows/Recess/Season 03/S03E37 - Lord of the Nerds.rvp" audio_status=0 pcm_playing=0 mixer_freq=44100 mix_status=0 mix_waiting=0 saved_status=0 saved_elapsed=0 saved_offset=0 pool=(nil) pool_size=0
mode=raw_audio_state stage=prepare-after-stop clip="/Videos/TV Shows/Recess/Season 03/S03E37 - Lord of the Nerds.rvp" audio_status=0 pcm_playing=0 mixer_freq=44100 mix_status=0 mix_waiting=0 saved_status=0 saved_elapsed=0 saved_offset=0 pool=0x87e0e5c pool_size=54636436
mode=raw_rvp clip="/Videos/TV Shows/Recess/Season 03/S03E37 - Lord of the Nerds.rvp" width=320 height=240 fps=20 sample_rate=44100 channels=2 frames=-1 video_bytes=0 audio_bytes=0 late_frames=0 play_ticks=0 error=-20
mode=raw_rvp clip="/Videos/TV Shows/Recess/Season 03/S03E37 - Lord of the Nerds.rvp" width=320 height=240 fps=20 sample_rate=44100 channels=2 frames=-2 video_bytes=6 audio_bytes=0 late_frames=0 play_ticks=0 error=-21
mode=raw_audio_state stage=start-at-frame clip="/Videos/TV Shows/Recess/Season 03/S03E37 - Lord of the Nerds.rvp" audio_status=0 pcm_playing=1 mixer_freq=44100 mix_status=1 mix_waiting=30720 saved_status=0 saved_elapsed=0 saved_offset=0 pool=0x87e0e5c pool_size=54636436
mode=raw_rvp clip="/Videos/TV Shows/Recess/Season 03/S03E37 - Lord of the Nerds.rvp" width=320 height=240 fps=20 sample_rate=44100 channels=2 frames=2400 video_bytes=276480000 audio_bytes=0 late_frames=2282 play_ticks=12001 error=0
mode=raw_audio_state stage=start-at-frame clip="/Videos/TV Shows/Recess/Season 03/S03E37 - Lord of the Nerds.rvp" audio_status=0 pcm_playing=1 mixer_freq=44100 mix_status=1 mix_waiting=30720 saved_status=0 saved_elapsed=0 saved_offset=0 pool=0x87e0e5c pool_size=54636436
mode=raw_rvp clip="/Videos/TV Shows/Recess/Season 03/S03E37 - Lord of the Nerds.rvp" width=320 height=240 fps=20 sample_rate=44100 channels=2 frames=2400 video_bytes=276480000 audio_bytes=0 late_frames=2289 play_ticks=12005 error=0
mode=raw_audio_state stage=start-at-frame clip="/Videos/TV Shows/Recess/Season 03/S03E37 - Lord of the Nerds.rvp" audio_status=0 pcm_playing=1 mixer_freq=44100 mix_status=1 mix_waiting=30720 saved_status=0 saved_elapsed=0 saved_offset=0 pool=0x87e0e5c pool_size=54636436
mode=raw_rvp clip="/Videos/TV Shows/Recess/Season 03/S03E37 - Lord of the Nerds.rvp" width=320 height=240 fps=20 sample_rate=44100 channels=2 frames=2400 video_bytes=276480000 audio_bytes=0 late_frames=2293 play_ticks=12005 error=0
mode=raw_audio_state stage=start-at-frame clip="/Videos/TV Shows/Recess/Season 03/S03E37 - Lord of the Nerds.rvp" audio_status=0 pcm_playing=1 mixer_freq=44100 mix_status=1 mix_waiting=30720 saved_status=0 saved_elapsed=0 saved_offset=0 pool=0x87e0e5c pool_size=54636436
mode=raw_rvp clip="/Videos/TV Shows/Recess/Season 03/S03E37 - Lord of the Nerds.rvp" width=320 height=240 fps=20 sample_rate=44100 channels=2 frames=2400 video_bytes=276480000 audio_bytes=0 late_frames=2248 play_ticks=12003 error=0
mode=raw_audio_state stage=start-at-frame clip="/Videos/TV Shows/Recess/Season 03/S03E37 - Lord of the Nerds.rvp" audio_status=0 pcm_playing=1 mixer_freq=44100 mix_status=1 mix_waiting=30720 saved_status=0 saved_elapsed=0 saved_offset=0 pool=0x87e0e5c pool_size=54636436
mode=raw_rvp clip="/Videos/TV Shows/Recess/Season 03/S03E37 - Lord of the Nerds.rvp" width=320 height=240 fps=20 sample_rate=44100 channels=2 frames=2400 video_bytes=276480000 audio_bytes=0 late_frames=2282 play_ticks=12006 error=0
mode=raw_audio_state stage=start-at-frame clip="/Videos/TV Shows/Recess/Season 03/S03E37 - Lord of the Nerds.rvp" audio_status=0 pcm_playing=1 mixer_freq=44100 mix_status=1 mix_waiting=30720 saved_status=0 saved_elapsed=0 saved_offset=0 pool=0x87e0e5c pool_size=54636436
mode=raw_rvp clip="/Videos/TV Shows/Recess/Season 03/S03E37 - Lord of the Nerds.rvp" width=320 height=240 fps=20 sample_rate=44100 channels=2 frames=88 video_bytes=10137600 audio_bytes=0 late_frames=83 play_ticks=443 error=0
mode=raw_rvp clip="/Videos/TV Shows/Recess/Season 03/S03E37 - Lord of the Nerds.rvp" width=320 height=240 fps=20 sample_rate=44100 channels=2 frames=12088 video_bytes=0 audio_bytes=0 late_frames=11477 play_ticks=60463 error=0
mode=raw_audio_state stage=shutdown-after-restore clip="/Videos/TV Shows/Recess/Season 03/S03E37 - Lord of the Nerds.rvp" audio_status=0 pcm_playing=0 mixer_freq=44100 mix_status=0 mix_waiting=0 saved_status=0 saved_elapsed=0 saved_offset=0 pool=(nil) pool_size=0
mode=raw_audio_state stage=prepare-before-stop clip="/Videos/TV Shows/Recess/Season 03/S03E37 - Lord of the Nerds.rvp" audio_status=0 pcm_playing=0 mixer_freq=44100 mix_status=0 mix_waiting=0 saved_status=0 saved_elapsed=0 saved_offset=0 pool=(nil) pool_size=0
mode=raw_audio_state stage=prepare-after-stop clip="/Videos/TV Shows/Recess/Season 03/S03E37 - Lord of the Nerds.rvp" audio_status=0 pcm_playing=0 mixer_freq=44100 mix_status=0 mix_waiting=0 saved_status=0 saved_elapsed=0 saved_offset=0 pool=0x87e0e5c pool_size=54636436
mode=raw_rvp clip="/Videos/TV Shows/Recess/Season 03/S03E37 - Lord of the Nerds.rvp" width=320 height=240 fps=20 sample_rate=44100 channels=2 frames=-1 video_bytes=0 audio_bytes=0 late_frames=0 play_ticks=0 error=-20
mode=raw_rvp clip="/Videos/TV Shows/Recess/Season 03/S03E37 - Lord of the Nerds.rvp" width=320 height=240 fps=20 sample_rate=44100 channels=2 frames=-2 video_bytes=6 audio_bytes=0 late_frames=0 play_ticks=0 error=-21
mode=raw_audio_state stage=start-at-frame clip="/Videos/TV Shows/Recess/Season 03/S03E37 - Lord of the Nerds.rvp" audio_status=0 pcm_playing=1 mixer_freq=44100 mix_status=1 mix_waiting=30720 saved_status=0 saved_elapsed=0 saved_offset=0 pool=0x87e0e5c pool_size=54636436
mode=raw_rvp clip="/Videos/TV Shows/Recess/Season 03/S03E37 - Lord of the Nerds.rvp" width=320 height=240 fps=20 sample_rate=44100 channels=2 frames=2400 video_bytes=276480000 audio_bytes=0 late_frames=101 play_ticks=538 error=0
mode=raw_rvp clip="/Videos/TV Shows/Recess/Season 03/S03E37 - Lord of the Nerds.rvp" width=320 height=240 fps=20 sample_rate=44100 channels=2 frames=2400 video_bytes=0 audio_bytes=0 late_frames=101 play_ticks=538 error=0
mode=raw_audio_state stage=shutdown-after-restore clip="/Videos/TV Shows/Recess/Season 03/S03E37 - Lord of the Nerds.rvp" audio_status=0 pcm_playing=0 mixer_freq=44100 mix_status=0 mix_waiting=0 saved_status=0 saved_elapsed=0 saved_offset=0 pool=(nil) pool_size=0
mode=raw_audio_state stage=prepare-before-stop clip="/Videos/TV Shows/Unknown/Specials/01 - Episode 1 - 6Teen FULL EPISODE RETRO RERUN.rvp" audio_status=0 pcm_playing=0 mixer_freq=44100 mix_status=0 mix_waiting=0 saved_status=0 saved_elapsed=0 saved_offset=0 pool=(nil) pool_size=0
mode=raw_audio_state stage=prepare-after-stop clip="/Videos/TV Shows/Unknown/Specials/01 - Episode 1 - 6Teen FULL EPISODE RETRO RERUN.rvp" audio_status=0 pcm_playing=0 mixer_freq=44100 mix_status=0 mix_waiting=0 saved_status=0 saved_elapsed=0 saved_offset=0 pool=0x87de4dc pool_size=54647060
mode=raw_rvp clip="/Videos/TV Shows/Unknown/Specials/01 - Episode 1 - 6Teen FULL EPISODE RETRO RERUN.rvp" width=320 height=240 fps=20 sample_rate=44100 channels=2 frames=-1 video_bytes=0 audio_bytes=0 late_frames=0 play_ticks=0 error=-20
mode=raw_rvp clip="/Videos/TV Shows/Unknown/Specials/01 - Episode 1 - 6Teen FULL EPISODE RETRO RERUN.rvp" width=320 height=240 fps=20 sample_rate=44100 channels=2 frames=-2 video_bytes=11 audio_bytes=0 late_frames=0 play_ticks=0 error=-21
mode=raw_audio_state stage=start-at-frame clip="/Videos/TV Shows/Unknown/Specials/01 - Episode 1 - 6Teen FULL EPISODE RETRO RERUN.rvp" audio_status=0 pcm_playing=1 mixer_freq=44100 mix_status=1 mix_waiting=30720 saved_status=0 saved_elapsed=0 saved_offset=0 pool=0x87de4dc pool_size=54647060
mode=raw_rvp clip="/Videos/TV Shows/Unknown/Specials/01 - Episode 1 - 6Teen FULL EPISODE RETRO RERUN.rvp" width=320 height=240 fps=20 sample_rate=44100 channels=2 frames=2400 video_bytes=276480000 audio_bytes=0 late_frames=127 play_ticks=1223 error=0
mode=raw_rvp clip="/Videos/TV Shows/Unknown/Specials/01 - Episode 1 - 6Teen FULL EPISODE RETRO RERUN.rvp" width=320 height=240 fps=20 sample_rate=44100 channels=2 frames=2400 video_bytes=0 audio_bytes=0 late_frames=127 play_ticks=1223 error=0
mode=raw_audio_state stage=shutdown-after-restore clip="/Videos/TV Shows/Unknown/Specials/01 - Episode 1 - 6Teen FULL EPISODE RETRO RERUN.rvp" audio_status=0 pcm_playing=0 mixer_freq=44100 mix_status=0 mix_waiting=0 saved_status=0 saved_elapsed=0 saved_offset=0 pool=(nil) pool_size=0
mode=raw_audio_state stage=prepare-before-stop clip="/Videos/TV Shows/Unknown/Specials/01 - Episode 1 - 6Teen FULL EPISODE RETRO RERUN.rvp" audio_status=0 pcm_playing=0 mixer_freq=44100 mix_status=0 mix_waiting=0 saved_status=0 saved_elapsed=0 saved_offset=0 pool=(nil) pool_size=0
mode=raw_audio_state stage=prepare-after-stop clip="/Videos/TV Shows/Unknown/Specials/01 - Episode 1 - 6Teen FULL EPISODE RETRO RERUN.rvp" audio_status=0 pcm_playing=0 mixer_freq=44100 mix_status=0 mix_waiting=0 saved_status=0 saved_elapsed=0 saved_offset=0 pool=0x87de4dc pool_size=54647060
mode=raw_rvp clip="/Videos/TV Shows/Unknown/Specials/01 - Episode 1 - 6Teen FULL EPISODE RETRO RERUN.rvp" width=320 height=240 fps=20 sample_rate=44100 channels=2 frames=-1 video_bytes=0 audio_bytes=0 late_frames=0 play_ticks=0 error=-20
mode=raw_rvp clip="/Videos/TV Shows/Unknown/Specials/01 - Episode 1 - 6Teen FULL EPISODE RETRO RERUN.rvp" width=320 height=240 fps=20 sample_rate=44100 channels=2 frames=-2 video_bytes=11 audio_bytes=0 late_frames=0 play_ticks=0 error=-21
mode=raw_audio_state stage=start-at-frame clip="/Videos/TV Shows/Unknown/Specials/01 - Episode 1 - 6Teen FULL EPISODE RETRO RERUN.rvp" audio_status=0 pcm_playing=1 mixer_freq=44100 mix_status=1 mix_waiting=30720 saved_status=0 saved_elapsed=0 saved_offset=0 pool=0x87de4dc pool_size=54647060
mode=raw_rvp clip="/Videos/TV Shows/Unknown/Specials/01 - Episode 1 - 6Teen FULL EPISODE RETRO RERUN.rvp" width=320 height=240 fps=20 sample_rate=44100 channels=2 frames=2400 video_bytes=276480000 audio_bytes=0 late_frames=2213 play_ticks=12005 error=0
mode=raw_audio_state stage=start-at-frame clip="/Videos/TV Shows/Unknown/Specials/01 - Episode 1 - 6Teen FULL EPISODE RETRO RERUN.rvp" audio_status=0 pcm_playing=1 mixer_freq=44100 mix_status=1 mix_waiting=30720 saved_status=0 saved_elapsed=0 saved_offset=0 pool=0x87de4dc pool_size=54647060
mode=raw_rvp clip="/Videos/TV Shows/Unknown/Specials/01 - Episode 1 - 6Teen FULL EPISODE RETRO RERUN.rvp" width=320 height=240 fps=20 sample_rate=44100 channels=2 frames=2400 video_bytes=276480000 audio_bytes=0 late_frames=1681 play_ticks=8966 error=0
mode=raw_rvp clip="/Videos/TV Shows/Unknown/Specials/01 - Episode 1 - 6Teen FULL EPISODE RETRO RERUN.rvp" width=320 height=240 fps=20 sample_rate=44100 channels=2 frames=4800 video_bytes=0 audio_bytes=0 late_frames=3894 play_ticks=20971 error=0
mode=raw_audio_state stage=shutdown-after-restore clip="/Videos/TV Shows/Unknown/Specials/01 - Episode 1 - 6Teen FULL EPISODE RETRO RERUN.rvp" audio_status=0 pcm_playing=0 mixer_freq=44100 mix_status=0 mix_waiting=0 saved_status=0 saved_elapsed=0 saved_offset=0 pool=(nil) pool_size=0
mode=raw_audio_state stage=prepare-before-stop clip="/Videos/Downloaded/The French ReConnection - Kenny Hotz's Triumph of the Will.rvp" audio_status=0 pcm_playing=0 mixer_freq=44100 mix_status=0 mix_waiting=0 saved_status=0 saved_elapsed=0 saved_offset=0 pool=(nil) pool_size=0
mode=raw_audio_state stage=prepare-after-stop clip="/Videos/Downloaded/The French ReConnection - Kenny Hotz's Triumph of the Will.rvp" audio_status=0 pcm_playing=0 mixer_freq=44100 mix_status=0 mix_waiting=0 saved_status=0 saved_elapsed=0 saved_offset=0 pool=0x87dfa90 pool_size=54641504
mode=raw_rvp clip="/Videos/Downloaded/The French ReConnection - Kenny Hotz's Triumph of the Will.rvp" width=320 height=240 fps=20 sample_rate=44100 channels=2 frames=-1 video_bytes=0 audio_bytes=0 late_frames=0 play_ticks=0 error=-20
mode=raw_rvp clip="/Videos/Downloaded/The French ReConnection - Kenny Hotz's Triumph of the Will.rvp" width=320 height=240 fps=20 sample_rate=44100 channels=2 frames=-2 video_bytes=12 audio_bytes=0 late_frames=0 play_ticks=0 error=-21
mode=raw_audio_state stage=start-at-frame clip="/Videos/Downloaded/The French ReConnection - Kenny Hotz's Triumph of the Will.rvp" audio_status=0 pcm_playing=1 mixer_freq=44100 mix_status=1 mix_waiting=30720 saved_status=0 saved_elapsed=0 saved_offset=0 pool=0x87dfa90 pool_size=54641504
mode=raw_rvp clip="/Videos/Downloaded/The French ReConnection - Kenny Hotz's Triumph of the Will.rvp" width=320 height=240 fps=20 sample_rate=44100 channels=2 frames=2400 video_bytes=276480000 audio_bytes=0 late_frames=1067 play_ticks=6000 error=0
mode=raw_rvp clip="/Videos/Downloaded/The French ReConnection - Kenny Hotz's Triumph of the Will.rvp" width=320 height=240 fps=20 sample_rate=44100 channels=2 frames=2400 video_bytes=0 audio_bytes=0 late_frames=1067 play_ticks=6000 error=0
mode=raw_audio_state stage=shutdown-after-restore clip="/Videos/Downloaded/The French ReConnection - Kenny Hotz's Triumph of the Will.rvp" audio_status=0 pcm_playing=0 mixer_freq=44100 mix_status=0 mix_waiting=0 saved_status=0 saved_elapsed=0 saved_offset=0 pool=(nil) pool_size=0
mode=raw_audio_state stage=prepare-before-stop clip="/Videos/Downloaded/Recess Hustlers Apprentice.rvp" audio_status=0 pcm_playing=0 mixer_freq=44100 mix_status=0 mix_waiting=0 saved_status=0 saved_elapsed=0 saved_offset=0 pool=(nil) pool_size=0
mode=raw_audio_state stage=prepare-after-stop clip="/Videos/Downloaded/Recess Hustlers Apprentice.rvp" audio_status=0 pcm_playing=0 mixer_freq=44100 mix_status=0 mix_waiting=0 saved_status=0 saved_elapsed=0 saved_offset=0 pool=0x87dfa90 pool_size=54641504
mode=raw_rvp clip="/Videos/Downloaded/Recess Hustlers Apprentice.rvp" width=320 height=240 fps=20 sample_rate=44100 channels=2 frames=-1 video_bytes=0 audio_bytes=0 late_frames=0 play_ticks=0 error=-20
mode=raw_rvp clip="/Videos/Downloaded/Recess Hustlers Apprentice.rvp" width=320 height=240 fps=20 sample_rate=44100 channels=2 frames=-2 video_bytes=6 audio_bytes=0 late_frames=0 play_ticks=0 error=-21
mode=raw_audio_state stage=start-at-frame clip="/Videos/Downloaded/Recess Hustlers Apprentice.rvp" audio_status=0 pcm_playing=1 mixer_freq=44100 mix_status=1 mix_waiting=30720 saved_status=0 saved_elapsed=0 saved_offset=0 pool=0x87dfa90 pool_size=54641504
mode=raw_rvp clip="/Videos/Downloaded/Recess Hustlers Apprentice.rvp" width=320 height=240 fps=20 sample_rate=44100 channels=2 frames=2400 video_bytes=276480000 audio_bytes=0 late_frames=1632 play_ticks=9046 error=0
mode=raw_rvp clip="/Videos/Downloaded/Recess Hustlers Apprentice.rvp" width=320 height=240 fps=20 sample_rate=44100 channels=2 frames=2400 video_bytes=0 audio_bytes=0 late_frames=1632 play_ticks=9046 error=0
mode=raw_audio_state stage=shutdown-after-restore clip="/Videos/Downloaded/Recess Hustlers Apprentice.rvp" audio_status=0 pcm_playing=0 mixer_freq=44100 mix_status=0 mix_waiting=0 saved_status=0 saved_elapsed=0 saved_offset=0 pool=(nil) pool_size=0
mode=raw_audio_state stage=prepare-before-stop clip="/Videos/TV Shows/Unknown/Specials/01 - Episode 1 - 6Teen FULL EPISODE RETRO RERUN.rvp" audio_status=0 pcm_playing=0 mixer_freq=44100 mix_status=0 mix_waiting=0 saved_status=0 saved_elapsed=0 saved_offset=0 pool=(nil) pool_size=0
mode=raw_audio_state stage=prepare-after-stop clip="/Videos/TV Shows/Unknown/Specials/01 - Episode 1 - 6Teen FULL EPISODE RETRO RERUN.rvp" audio_status=0 pcm_playing=0 mixer_freq=44100 mix_status=0 mix_waiting=0 saved_status=0 saved_elapsed=0 saved_offset=0 pool=0x87dfa90 pool_size=54641504
mode=raw_rvp clip="/Videos/TV Shows/Unknown/Specials/01 - Episode 1 - 6Teen FULL EPISODE RETRO RERUN.rvp" width=320 height=240 fps=20 sample_rate=44100 channels=2 frames=-1 video_bytes=0 audio_bytes=0 late_frames=0 play_ticks=0 error=-20
mode=raw_rvp clip="/Videos/TV Shows/Unknown/Specials/01 - Episode 1 - 6Teen FULL EPISODE RETRO RERUN.rvp" width=320 height=240 fps=20 sample_rate=44100 channels=2 frames=-2 video_bytes=11 audio_bytes=0 late_frames=0 play_ticks=0 error=-21
mode=raw_audio_state stage=start-at-frame clip="/Videos/TV Shows/Unknown/Specials/01 - Episode 1 - 6Teen FULL EPISODE RETRO RERUN.rvp" audio_status=0 pcm_playing=1 mixer_freq=44100 mix_status=1 mix_waiting=30720 saved_status=0 saved_elapsed=0 saved_offset=0 pool=0x87dfa90 pool_size=54641504
mode=raw_rvp clip="/Videos/TV Shows/Unknown/Specials/01 - Episode 1 - 6Teen FULL EPISODE RETRO RERUN.rvp" width=320 height=240 fps=20 sample_rate=44100 channels=2 frames=2400 video_bytes=276480000 audio_bytes=0 late_frames=179 play_ticks=1139 error=0
mode=raw_rvp clip="/Videos/TV Shows/Unknown/Specials/01 - Episode 1 - 6Teen FULL EPISODE RETRO RERUN.rvp" width=320 height=240 fps=20 sample_rate=44100 channels=2 frames=2400 video_bytes=0 audio_bytes=0 late_frames=179 play_ticks=1139 error=0
mode=raw_audio_state stage=shutdown-after-restore clip="/Videos/TV Shows/Unknown/Specials/01 - Episode 1 - 6Teen FULL EPISODE RETRO RERUN.rvp" audio_status=0 pcm_playing=0 mixer_freq=44100 mix_status=0 mix_waiting=0 saved_status=0 saved_elapsed=0 saved_offset=0 pool=(nil) pool_size=0
mode=raw_audio_state stage=prepare-before-stop clip="/Videos/Downloaded/Recess Hustlers Apprentice.rvp" audio_status=0 pcm_playing=0 mixer_freq=44100 mix_status=0 mix_waiting=0 saved_status=0 saved_elapsed=0 saved_offset=0 pool=(nil) pool_size=0
mode=raw_audio_state stage=prepare-after-stop clip="/Videos/Downloaded/Recess Hustlers Apprentice.rvp" audio_status=0 pcm_playing=0 mixer_freq=44100 mix_status=0 mix_waiting=0 saved_status=0 saved_elapsed=0 saved_offset=0 pool=0x87dfa90 pool_size=54641504
mode=raw_rvp clip="/Videos/Downloaded/Recess Hustlers Apprentice.rvp" width=320 height=240 fps=20 sample_rate=44100 channels=2 frames=-1 video_bytes=0 audio_bytes=0 late_frames=0 play_ticks=0 error=-20
mode=raw_rvp clip="/Videos/Downloaded/Recess Hustlers Apprentice.rvp" width=320 height=240 fps=20 sample_rate=44100 channels=2 frames=-2 video_bytes=6 audio_bytes=0 late_frames=0 play_ticks=0 error=-21
mode=raw_audio_state stage=start-at-frame clip="/Videos/Downloaded/Recess Hustlers Apprentice.rvp" audio_status=0 pcm_playing=1 mixer_freq=44100 mix_status=1 mix_waiting=30720 saved_status=0 saved_elapsed=0 saved_offset=0 pool=0x87dfa90 pool_size=54641504
mode=raw_rvp clip="/Videos/Downloaded/Recess Hustlers Apprentice.rvp" width=320 height=240 fps=20 sample_rate=44100 channels=2 frames=2400 video_bytes=276480000 audio_bytes=0 late_frames=10 play_ticks=247 error=0
mode=raw_rvp clip="/Videos/Downloaded/Recess Hustlers Apprentice.rvp" width=320 height=240 fps=20 sample_rate=44100 channels=2 frames=2400 video_bytes=0 audio_bytes=0 late_frames=10 play_ticks=247 error=0
mode=raw_audio_state stage=shutdown-after-restore clip="/Videos/Downloaded/Recess Hustlers Apprentice.rvp" audio_status=0 pcm_playing=0 mixer_freq=44100 mix_status=0 mix_waiting=0 saved_status=0 saved_elapsed=0 saved_offset=0 pool=(nil) pool_size=0
mode=raw_audio_state stage=prepare-before-stop clip="/Videos/Downloaded/Disney's Recess - The Dude.rvp" audio_status=0 pcm_playing=0 mixer_freq=44100 mix_status=0 mix_waiting=0 saved_status=0 saved_elapsed=0 saved_offset=0 pool=(nil) pool_size=0
mode=raw_audio_state stage=prepare-after-stop clip="/Videos/Downloaded/Disney's Recess - The Dude.rvp" audio_status=0 pcm_playing=0 mixer_freq=44100 mix_status=0 mix_waiting=0 saved_status=0 saved_elapsed=0 saved_offset=0 pool=0x87dfa90 pool_size=54641504
mode=raw_rvp clip="/Videos/Downloaded/Disney's Recess - The Dude.rvp" width=320 height=240 fps=20 sample_rate=44100 channels=2 frames=-1 video_bytes=0 audio_bytes=0 late_frames=0 play_ticks=0 error=-20
mode=raw_rvp clip="/Videos/Downloaded/Disney's Recess - The Dude.rvp" width=320 height=240 fps=20 sample_rate=44100 channels=2 frames=-2 video_bytes=6 audio_bytes=0 late_frames=0 play_ticks=0 error=-21
mode=raw_audio_state stage=start-at-frame clip="/Videos/Downloaded/Disney's Recess - The Dude.rvp" audio_status=0 pcm_playing=1 mixer_freq=44100 mix_status=1 mix_waiting=30720 saved_status=0 saved_elapsed=0 saved_offset=0 pool=0x87dfa90 pool_size=54641504
mode=raw_rvp clip="/Videos/Downloaded/Disney's Recess - The Dude.rvp" width=320 height=240 fps=20 sample_rate=44100 channels=2 frames=2400 video_bytes=276480000 audio_bytes=0 late_frames=2206 play_ticks=12010 error=0
mode=raw_audio_state stage=start-at-frame clip="/Videos/Downloaded/Disney's Recess - The Dude.rvp" audio_status=0 pcm_playing=1 mixer_freq=44100 mix_status=1 mix_waiting=30720 saved_status=0 saved_elapsed=0 saved_offset=0 pool=0x87dfa90 pool_size=54641504
mode=raw_rvp clip="/Videos/Downloaded/Disney's Recess - The Dude.rvp" width=320 height=240 fps=20 sample_rate=44100 channels=2 frames=2400 video_bytes=276480000 audio_bytes=0 late_frames=2238 play_ticks=12005 error=0
mode=raw_audio_state stage=start-at-frame clip="/Videos/Downloaded/Disney's Recess - The Dude.rvp" audio_status=0 pcm_playing=1 mixer_freq=44100 mix_status=1 mix_waiting=30720 saved_status=0 saved_elapsed=0 saved_offset=0 pool=0x87dfa90 pool_size=54641504
mode=raw_rvp clip="/Videos/Downloaded/Disney's Recess - The Dude.rvp" width=320 height=240 fps=20 sample_rate=44100 channels=2 frames=2400 video_bytes=276480000 audio_bytes=0 late_frames=2238 play_ticks=12007 error=0
mode=raw_audio_state stage=start-at-frame clip="/Videos/Downloaded/Disney's Recess - The Dude.rvp" audio_status=0 pcm_playing=1 mixer_freq=44100 mix_status=1 mix_waiting=30720 saved_status=0 saved_elapsed=0 saved_offset=0 pool=0x87dfa90 pool_size=54641504
mode=raw_rvp clip="/Videos/Downloaded/Disney's Recess - The Dude.rvp" width=320 height=240 fps=20 sample_rate=44100 channels=2 frames=2400 video_bytes=276480000 audio_bytes=0 late_frames=2235 play_ticks=12000 error=0
mode=raw_audio_state stage=start-at-frame clip="/Videos/Downloaded/Disney's Recess - The Dude.rvp" audio_status=0 pcm_playing=1 mixer_freq=44100 mix_status=1 mix_waiting=30720 saved_status=0 saved_elapsed=0 saved_offset=0 pool=0x87dfa90 pool_size=54641504
mode=raw_rvp clip="/Videos/Downloaded/Disney's Recess - The Dude.rvp" width=320 height=240 fps=20 sample_rate=44100 channels=2 frames=2400 video_bytes=276480000 audio_bytes=0 late_frames=2192 play_ticks=12005 error=0
mode=raw_audio_state stage=start-at-frame clip="/Videos/Downloaded/Disney's Recess - The Dude.rvp" audio_status=0 pcm_playing=1 mixer_freq=44100 mix_status=1 mix_waiting=30720 saved_status=0 saved_elapsed=0 saved_offset=0 pool=0x87dfa90 pool_size=54641504
mode=raw_rvp clip="/Videos/Downloaded/Disney's Recess - The Dude.rvp" width=320 height=240 fps=20 sample_rate=44100 channels=2 frames=92 video_bytes=10598400 audio_bytes=0 late_frames=82 play_ticks=467 error=0
mode=raw_rvp clip="/Videos/Downloaded/Disney's Recess - The Dude.rvp" width=320 height=240 fps=20 sample_rate=44100 channels=2 frames=12092 video_bytes=0 audio_bytes=0 late_frames=11191 play_ticks=60494 error=0
mode=raw_audio_state stage=shutdown-after-restore clip="/Videos/Downloaded/Disney's Recess - The Dude.rvp" audio_status=0 pcm_playing=0 mixer_freq=44100 mix_status=0 mix_waiting=0 saved_status=0 saved_elapsed=0 saved_offset=0 pool=(nil) pool_size=0
mode=raw_audio_state stage=prepare-before-stop clip="/Videos/Downloaded/Disney's Recess - Principal For A Day.rvp" audio_status=0 pcm_playing=0 mixer_freq=44100 mix_status=0 mix_waiting=0 saved_status=0 saved_elapsed=0 saved_offset=0 pool=(nil) pool_size=0
mode=raw_audio_state stage=prepare-after-stop clip="/Videos/Downloaded/Disney's Recess - Principal For A Day.rvp" audio_status=0 pcm_playing=0 mixer_freq=44100 mix_status=0 mix_waiting=0 saved_status=0 saved_elapsed=0 saved_offset=0 pool=0x87dfa90 pool_size=54641504
mode=raw_rvp clip="/Videos/Downloaded/Disney's Recess - Principal For A Day.rvp" width=320 height=240 fps=20 sample_rate=44100 channels=2 frames=-1 video_bytes=0 audio_bytes=0 late_frames=0 play_ticks=0 error=-20
mode=raw_rvp clip="/Videos/Downloaded/Disney's Recess - Principal For A Day.rvp" width=320 height=240 fps=20 sample_rate=44100 channels=2 frames=-2 video_bytes=6 audio_bytes=0 late_frames=0 play_ticks=0 error=-21
mode=raw_audio_state stage=start-at-frame clip="/Videos/Downloaded/Disney's Recess - Principal For A Day.rvp" audio_status=0 pcm_playing=1 mixer_freq=44100 mix_status=1 mix_waiting=30720 saved_status=0 saved_elapsed=0 saved_offset=0 pool=0x87dfa90 pool_size=54641504
mode=raw_rvp clip="/Videos/Downloaded/Disney's Recess - Principal For A Day.rvp" width=320 height=240 fps=20 sample_rate=44100 channels=2 frames=2400 video_bytes=276480000 audio_bytes=0 late_frames=159 play_ticks=879 error=0
mode=raw_rvp clip="/Videos/Downloaded/Disney's Recess - Principal For A Day.rvp" width=320 height=240 fps=20 sample_rate=44100 channels=2 frames=2400 video_bytes=0 audio_bytes=0 late_frames=159 play_ticks=879 error=0
mode=raw_audio_state stage=shutdown-after-restore clip="/Videos/Downloaded/Disney's Recess - Principal For A Day.rvp" audio_status=0 pcm_playing=0 mixer_freq=44100 mix_status=0 mix_waiting=0 saved_status=0 saved_elapsed=0 saved_offset=0 pool=(nil) pool_size=0
mode=raw_audio_state stage=prepare-before-stop clip="/Videos/Downloaded/Who Can Commit The Most Crimes_ - Kenny vs. Spenny (4K).rvp" audio_status=0 pcm_playing=0 mixer_freq=44100 mix_status=0 mix_waiting=0 saved_status=0 saved_elapsed=0 saved_offset=0 pool=(nil) pool_size=0
mode=raw_audio_state stage=prepare-after-stop clip="/Videos/Downloaded/Who Can Commit The Most Crimes_ - Kenny vs. Spenny (4K).rvp" audio_status=0 pcm_playing=0 mixer_freq=44100 mix_status=0 mix_waiting=0 saved_status=0 saved_elapsed=0 saved_offset=0 pool=0x87e168c pool_size=54634340
mode=raw_rvp clip="/Videos/Downloaded/Who Can Commit The Most Crimes_ - Kenny vs. Spenny (4K).rvp" width=320 height=240 fps=20 sample_rate=44100 channels=2 frames=-1 video_bytes=0 audio_bytes=0 late_frames=0 play_ticks=0 error=-20
mode=raw_rvp clip="/Videos/Downloaded/Who Can Commit The Most Crimes_ - Kenny vs. Spenny (4K).rvp" width=320 height=240 fps=20 sample_rate=44100 channels=2 frames=-2 video_bytes=11 audio_bytes=0 late_frames=0 play_ticks=0 error=-21
mode=raw_audio_state stage=start-at-frame clip="/Videos/Downloaded/Who Can Commit The Most Crimes_ - Kenny vs. Spenny (4K).rvp" audio_status=0 pcm_playing=1 mixer_freq=44100 mix_status=1 mix_waiting=30720 saved_status=0 saved_elapsed=0 saved_offset=0 pool=0x87e168c pool_size=54634340
mode=raw_rvp clip="/Videos/Downloaded/Who Can Commit The Most Crimes_ - Kenny vs. Spenny (4K).rvp" width=320 height=240 fps=20 sample_rate=44100 channels=2 frames=432 video_bytes=49766400 audio_bytes=0 late_frames=43 play_ticks=243 error=0
mode=raw_rvp clip="/Videos/Downloaded/Who Can Commit The Most Crimes_ - Kenny vs. Spenny (4K).rvp" width=320 height=240 fps=20 sample_rate=44100 channels=2 frames=432 video_bytes=0 audio_bytes=0 late_frames=43 play_ticks=243 error=0
mode=raw_audio_state stage=shutdown-after-restore clip="/Videos/Downloaded/Who Can Commit The Most Crimes_ - Kenny vs. Spenny (4K).rvp" audio_status=0 pcm_playing=0 mixer_freq=44100 mix_status=0 mix_waiting=0 saved_status=0 saved_elapsed=0 saved_offset=0 pool=(nil) pool_size=0
mode=raw_audio_state stage=prepare-before-stop clip="/Videos/Downloaded/Oliver Tree & Robin Schulz - Miss You [Official Music Video].rvp" audio_status=0 pcm_playing=0 mixer_freq=44100 mix_status=0 mix_waiting=0 saved_status=0 saved_elapsed=0 saved_offset=0 pool=(nil) pool_size=0
mode=raw_audio_state stage=prepare-after-stop clip="/Videos/Downloaded/Oliver Tree & Robin Schulz - Miss You [Official Music Video].rvp" audio_status=0 pcm_playing=0 mixer_freq=44100 mix_status=0 mix_waiting=0 saved_status=0 saved_elapsed=0 saved_offset=0 pool=0x87e168c pool_size=54634340
mode=raw_rvp clip="/Videos/Downloaded/Oliver Tree & Robin Schulz - Miss You [Official Music Video].rvp" width=320 height=240 fps=20 sample_rate=44100 channels=2 frames=-1 video_bytes=0 audio_bytes=0 late_frames=0 play_ticks=0 error=-20
mode=raw_rvp clip="/Videos/Downloaded/Oliver Tree & Robin Schulz - Miss You [Official Music Video].rvp" width=320 height=240 fps=20 sample_rate=44100 channels=2 frames=-2 video_bytes=1 audio_bytes=0 late_frames=0 play_ticks=0 error=-21
mode=raw_rvp clip="/Videos/Downloaded/Oliver Tree & Robin Schulz - Miss You [Official Music Video].rvp" width=320 height=240 fps=20 sample_rate=44100 channels=2 frames=609 video_bytes=70170624 audio_bytes=29841408 late_frames=0 play_ticks=1 error=-1
mode=raw_audio_state stage=shutdown-after-restore clip="/Videos/Downloaded/Oliver Tree & Robin Schulz - Miss You [Official Music Video].rvp" audio_status=0 pcm_playing=0 mixer_freq=44100 mix_status=0 mix_waiting=0 saved_status=0 saved_elapsed=0 saved_offset=0 pool=(nil) pool_size=0
mode=raw_audio_state stage=prepare-before-stop clip="/Videos/TV Shows/Kenny vs. Spenny/Season 01/S01E22 - Who Can Stay Homeless the Longest.rvp" audio_status=0 pcm_playing=0 mixer_freq=44100 mix_status=0 mix_waiting=0 saved_status=0 saved_elapsed=0 saved_offset=0 pool=(nil) pool_size=0
mode=raw_audio_state stage=prepare-after-stop clip="/Videos/TV Shows/Kenny vs. Spenny/Season 01/S01E22 - Who Can Stay Homeless the Longest.rvp" audio_status=0 pcm_playing=0 mixer_freq=44100 mix_status=0 mix_waiting=0 saved_status=0 saved_elapsed=0 saved_offset=0 pool=0x87e168c pool_size=54634340
mode=raw_rvp clip="/Videos/TV Shows/Kenny vs. Spenny/Season 01/S01E22 - Who Can Stay Homeless the Longest.rvp" width=320 height=240 fps=20 sample_rate=44100 channels=2 frames=-1 video_bytes=0 audio_bytes=0 late_frames=0 play_ticks=0 error=-20
mode=raw_rvp clip="/Videos/TV Shows/Kenny vs. Spenny/Season 01/S01E22 - Who Can Stay Homeless the Longest.rvp" width=320 height=240 fps=20 sample_rate=44100 channels=2 frames=-2 video_bytes=12 audio_bytes=0 late_frames=0 play_ticks=0 error=-21
mode=raw_audio_state stage=start-at-frame clip="/Videos/TV Shows/Kenny vs. Spenny/Season 01/S01E22 - Who Can Stay Homeless the Longest.rvp" audio_status=0 pcm_playing=1 mixer_freq=44100 mix_status=1 mix_waiting=30720 saved_status=0 saved_elapsed=0 saved_offset=0 pool=0x87e168c pool_size=54634340
mode=raw_rvp clip="/Videos/TV Shows/Kenny vs. Spenny/Season 01/S01E22 - Who Can Stay Homeless the Longest.rvp" width=320 height=240 fps=20 sample_rate=44100 channels=2 frames=432 video_bytes=49766400 audio_bytes=0 late_frames=92 play_ticks=497 error=0
mode=raw_rvp clip="/Videos/TV Shows/Kenny vs. Spenny/Season 01/S01E22 - Who Can Stay Homeless the Longest.rvp" width=320 height=240 fps=20 sample_rate=44100 channels=2 frames=432 video_bytes=0 audio_bytes=0 late_frames=92 play_ticks=497 error=0
mode=raw_audio_state stage=shutdown-after-restore clip="/Videos/TV Shows/Kenny vs. Spenny/Season 01/S01E22 - Who Can Stay Homeless the Longest.rvp" audio_status=0 pcm_playing=0 mixer_freq=44100 mix_status=0 mix_waiting=0 saved_status=0 saved_elapsed=0 saved_offset=0 pool=(nil) pool_size=0
mode=raw_audio_state stage=prepare-before-stop clip="/Videos/TV Shows/Recess/Season 03/S03E37 - Lord of the Nerds.rvp" audio_status=0 pcm_playing=0 mixer_freq=44100 mix_status=0 mix_waiting=0 saved_status=0 saved_elapsed=0 saved_offset=0 pool=(nil) pool_size=0
mode=raw_audio_state stage=prepare-after-stop clip="/Videos/TV Shows/Recess/Season 03/S03E37 - Lord of the Nerds.rvp" audio_status=0 pcm_playing=0 mixer_freq=44100 mix_status=0 mix_waiting=0 saved_status=0 saved_elapsed=0 saved_offset=0 pool=0x87e168c pool_size=54634340
mode=raw_rvp clip="/Videos/TV Shows/Recess/Season 03/S03E37 - Lord of the Nerds.rvp" width=320 height=240 fps=20 sample_rate=44100 channels=2 frames=-1 video_bytes=0 audio_bytes=0 late_frames=0 play_ticks=0 error=-20
mode=raw_rvp clip="/Videos/TV Shows/Recess/Season 03/S03E37 - Lord of the Nerds.rvp" width=320 height=240 fps=20 sample_rate=44100 channels=2 frames=-2 video_bytes=6 audio_bytes=0 late_frames=0 play_ticks=0 error=-21
mode=raw_audio_state stage=start-at-frame clip="/Videos/TV Shows/Recess/Season 03/S03E37 - Lord of the Nerds.rvp" audio_status=0 pcm_playing=1 mixer_freq=44100 mix_status=1 mix_waiting=30720 saved_status=0 saved_elapsed=0 saved_offset=0 pool=0x87e168c pool_size=54634340
mode=raw_rvp clip="/Videos/TV Shows/Recess/Season 03/S03E37 - Lord of the Nerds.rvp" width=320 height=240 fps=20 sample_rate=44100 channels=2 frames=432 video_bytes=49766400 audio_bytes=0 late_frames=12 play_ticks=226 error=0
mode=raw_rvp clip="/Videos/TV Shows/Recess/Season 03/S03E37 - Lord of the Nerds.rvp" width=320 height=240 fps=20 sample_rate=44100 channels=2 frames=432 video_bytes=0 audio_bytes=0 late_frames=12 play_ticks=226 error=0
mode=raw_audio_state stage=shutdown-after-restore clip="/Videos/TV Shows/Recess/Season 03/S03E37 - Lord of the Nerds.rvp" audio_status=0 pcm_playing=0 mixer_freq=44100 mix_status=0 mix_waiting=0 saved_status=0 saved_elapsed=0 saved_offset=0 pool=(nil) pool_size=0
mode=raw_audio_state stage=prepare-before-stop clip="/Videos/Downloaded/Disney's Recess - Principal For A Day.rvp" audio_status=0 pcm_playing=0 mixer_freq=44100 mix_status=0 mix_waiting=0 saved_status=0 saved_elapsed=0 saved_offset=0 pool=(nil) pool_size=0
mode=raw_audio_state stage=prepare-after-stop clip="/Videos/Downloaded/Disney's Recess - Principal For A Day.rvp" audio_status=0 pcm_playing=0 mixer_freq=44100 mix_status=0 mix_waiting=0 saved_status=0 saved_elapsed=0 saved_offset=0 pool=0x87e168c pool_size=54634340
mode=raw_rvp clip="/Videos/Downloaded/Disney's Recess - Principal For A Day.rvp" width=320 height=240 fps=20 sample_rate=44100 channels=2 frames=-1 video_bytes=0 audio_bytes=0 late_frames=0 play_ticks=0 error=-20
mode=raw_rvp clip="/Videos/Downloaded/Disney's Recess - Principal For A Day.rvp" width=320 height=240 fps=20 sample_rate=44100 channels=2 frames=-2 video_bytes=6 audio_bytes=0 late_frames=0 play_ticks=0 error=-21
mode=raw_audio_state stage=start-at-frame clip="/Videos/Downloaded/Disney's Recess - Principal For A Day.rvp" audio_status=0 pcm_playing=1 mixer_freq=44100 mix_status=1 mix_waiting=30720 saved_status=0 saved_elapsed=0 saved_offset=0 pool=0x87e168c pool_size=54634340
mode=raw_rvp clip="/Videos/Downloaded/Disney's Recess - Principal For A Day.rvp" width=320 height=240 fps=20 sample_rate=44100 channels=2 frames=432 video_bytes=49766400 audio_bytes=0 late_frames=43 play_ticks=821 error=0
mode=raw_rvp clip="/Videos/Downloaded/Disney's Recess - Principal For A Day.rvp" width=320 height=240 fps=20 sample_rate=44100 channels=2 frames=432 video_bytes=0 audio_bytes=0 late_frames=43 play_ticks=821 error=0
mode=raw_audio_state stage=shutdown-after-restore clip="/Videos/Downloaded/Disney's Recess - Principal For A Day.rvp" audio_status=0 pcm_playing=0 mixer_freq=44100 mix_status=0 mix_waiting=0 saved_status=0 saved_elapsed=0 saved_offset=0 pool=(nil) pool_size=0
mode=raw_audio_state stage=prepare-before-stop clip="/Videos/Movies/Disney's Recess - Principal For A Day.rvp" audio_status=0 pcm_playing=0 mixer_freq=44100 mix_status=0 mix_waiting=0 saved_status=0 saved_elapsed=0 saved_offset=0 pool=(nil) pool_size=0
mode=raw_audio_state stage=prepare-after-stop clip="/Videos/Movies/Disney's Recess - Principal For A Day.rvp" audio_status=0 pcm_playing=0 mixer_freq=44100 mix_status=0 mix_waiting=0 saved_status=0 saved_elapsed=0 saved_offset=0 pool=0x87e16fc pool_size=54634228
mode=raw_rvp clip="/Videos/Movies/Disney's Recess - Principal For A Day.rvp" width=320 height=240 fps=20 sample_rate=44100 channels=2 frames=-1 video_bytes=0 audio_bytes=0 late_frames=0 play_ticks=0 error=-20
mode=raw_rvp clip="/Videos/Movies/Disney's Recess - Principal For A Day.rvp" width=320 height=240 fps=20 sample_rate=44100 channels=2 frames=-2 video_bytes=6 audio_bytes=0 late_frames=0 play_ticks=0 error=-21
mode=raw_audio_state stage=start-at-frame clip="/Videos/Movies/Disney's Recess - Principal For A Day.rvp" audio_status=0 pcm_playing=1 mixer_freq=44100 mix_status=1 mix_waiting=30720 saved_status=0 saved_elapsed=0 saved_offset=0 pool=0x87e16fc pool_size=54634228
mode=raw_rvp clip="/Videos/Movies/Disney's Recess - Principal For A Day.rvp" width=320 height=240 fps=20 sample_rate=44100 channels=2 frames=432 video_bytes=49766400 audio_bytes=0 late_frames=99 play_ticks=683 error=0
mode=raw_rvp clip="/Videos/Movies/Disney's Recess - Principal For A Day.rvp" width=320 height=240 fps=20 sample_rate=44100 channels=2 frames=432 video_bytes=0 audio_bytes=0 late_frames=99 play_ticks=683 error=0
mode=raw_audio_state stage=shutdown-after-restore clip="/Videos/Movies/Disney's Recess - Principal For A Day.rvp" audio_status=0 pcm_playing=0 mixer_freq=44100 mix_status=0 mix_waiting=0 saved_status=0 saved_elapsed=0 saved_offset=0 pool=(nil) pool_size=0
mode=raw_audio_state stage=prepare-before-stop clip="/Videos/Movies/Disney's Recess - Principal For A Day.rvp" audio_status=0 pcm_playing=0 mixer_freq=44100 mix_status=0 mix_waiting=0 saved_status=0 saved_elapsed=0 saved_offset=0 pool=(nil) pool_size=0
mode=raw_audio_state stage=prepare-after-stop clip="/Videos/Movies/Disney's Recess - Principal For A Day.rvp" audio_status=0 pcm_playing=0 mixer_freq=44100 mix_status=0 mix_waiting=0 saved_status=0 saved_elapsed=0 saved_offset=0 pool=0x87e16fc pool_size=54634228
mode=raw_rvp clip="/Videos/Movies/Disney's Recess - Principal For A Day.rvp" width=320 height=240 fps=20 sample_rate=44100 channels=2 frames=-1 video_bytes=0 audio_bytes=0 late_frames=0 play_ticks=0 error=-20
mode=raw_rvp clip="/Videos/Movies/Disney's Recess - Principal For A Day.rvp" width=320 height=240 fps=20 sample_rate=44100 channels=2 frames=-2 video_bytes=6 audio_bytes=0 late_frames=0 play_ticks=0 error=-21
mode=raw_audio_state stage=start-at-frame clip="/Videos/Movies/Disney's Recess - Principal For A Day.rvp" audio_status=0 pcm_playing=1 mixer_freq=44100 mix_status=1 mix_waiting=30720 saved_status=0 saved_elapsed=0 saved_offset=0 pool=0x87e16fc pool_size=54634228
mode=raw_rvp clip="/Videos/Movies/Disney's Recess - Principal For A Day.rvp" width=320 height=240 fps=20 sample_rate=44100 channels=2 frames=432 video_bytes=49766400 audio_bytes=0 late_frames=13 play_ticks=76 error=0
mode=raw_rvp clip="/Videos/Movies/Disney's Recess - Principal For A Day.rvp" width=320 height=240 fps=20 sample_rate=44100 channels=2 frames=432 video_bytes=0 audio_bytes=0 late_frames=13 play_ticks=76 error=0
mode=raw_audio_state stage=shutdown-after-restore clip="/Videos/Movies/Disney's Recess - Principal For A Day.rvp" audio_status=0 pcm_playing=0 mixer_freq=44100 mix_status=0 mix_waiting=0 saved_status=0 saved_elapsed=0 saved_offset=0 pool=(nil) pool_size=0
mode=raw_audio_state stage=prepare-before-stop clip="/Videos/TV Shows/Unknown/Specials/01 - Episode 1 - 6Teen FULL EPISODE RETRO RERUN.rvp" audio_status=0 pcm_playing=0 mixer_freq=44100 mix_status=0 mix_waiting=0 saved_status=0 saved_elapsed=0 saved_offset=0 pool=(nil) pool_size=0
mode=raw_audio_state stage=prepare-after-stop clip="/Videos/TV Shows/Unknown/Specials/01 - Episode 1 - 6Teen FULL EPISODE RETRO RERUN.rvp" audio_status=0 pcm_playing=0 mixer_freq=44100 mix_status=0 mix_waiting=0 saved_status=0 saved_elapsed=0 saved_offset=0 pool=0x87e16fc pool_size=54634228
mode=raw_rvp clip="/Videos/TV Shows/Unknown/Specials/01 - Episode 1 - 6Teen FULL EPISODE RETRO RERUN.rvp" width=320 height=240 fps=20 sample_rate=44100 channels=2 frames=-1 video_bytes=0 audio_bytes=0 late_frames=0 play_ticks=0 error=-20
mode=raw_rvp clip="/Videos/TV Shows/Unknown/Specials/01 - Episode 1 - 6Teen FULL EPISODE RETRO RERUN.rvp" width=320 height=240 fps=20 sample_rate=44100 channels=2 frames=-2 video_bytes=11 audio_bytes=0 late_frames=0 play_ticks=0 error=-21
mode=raw_audio_state stage=start-at-frame clip="/Videos/TV Shows/Unknown/Specials/01 - Episode 1 - 6Teen FULL EPISODE RETRO RERUN.rvp" audio_status=0 pcm_playing=1 mixer_freq=44100 mix_status=1 mix_waiting=30720 saved_status=0 saved_elapsed=0 saved_offset=0 pool=0x87e16fc pool_size=54634228
mode=raw_rvp clip="/Videos/TV Shows/Unknown/Specials/01 - Episode 1 - 6Teen FULL EPISODE RETRO RERUN.rvp" width=320 height=240 fps=20 sample_rate=44100 channels=2 frames=432 video_bytes=49766400 audio_bytes=0 late_frames=25 play_ticks=271 error=0
mode=raw_rvp clip="/Videos/TV Shows/Unknown/Specials/01 - Episode 1 - 6Teen FULL EPISODE RETRO RERUN.rvp" width=320 height=240 fps=20 sample_rate=44100 channels=2 frames=432 video_bytes=0 audio_bytes=0 late_frames=25 play_ticks=271 error=0
mode=raw_audio_state stage=shutdown-after-restore clip="/Videos/TV Shows/Unknown/Specials/01 - Episode 1 - 6Teen FULL EPISODE RETRO RERUN.rvp" audio_status=0 pcm_playing=0 mixer_freq=44100 mix_status=0 mix_waiting=0 saved_status=0 saved_elapsed=0 saved_offset=0 pool=(nil) pool_size=0
mode=raw_audio_state stage=prepare-before-stop clip="/Videos/TV Shows/Kenny vs. Spenny/Season 01/S01E22 - Who Can Stay Homeless the Longest.rvp" audio_status=0 pcm_playing=0 mixer_freq=44100 mix_status=0 mix_waiting=0 saved_status=0 saved_elapsed=0 saved_offset=0 pool=(nil) pool_size=0
mode=raw_audio_state stage=prepare-after-stop clip="/Videos/TV Shows/Kenny vs. Spenny/Season 01/S01E22 - Who Can Stay Homeless the Longest.rvp" audio_status=0 pcm_playing=0 mixer_freq=44100 mix_status=0 mix_waiting=0 saved_status=0 saved_elapsed=0 saved_offset=0 pool=0x87e16d0 pool_size=54634272
mode=raw_rvp clip="/Videos/TV Shows/Kenny vs. Spenny/Season 01/S01E22 - Who Can Stay Homeless the Longest.rvp" width=320 height=240 fps=20 sample_rate=44100 channels=2 frames=-1 video_bytes=0 audio_bytes=0 late_frames=0 play_ticks=0 error=-20
mode=raw_rvp clip="/Videos/TV Shows/Kenny vs. Spenny/Season 01/S01E22 - Who Can Stay Homeless the Longest.rvp" width=320 height=240 fps=20 sample_rate=44100 channels=2 frames=-2 video_bytes=12 audio_bytes=0 late_frames=0 play_ticks=0 error=-21
mode=raw_audio_state stage=start-at-frame clip="/Videos/TV Shows/Kenny vs. Spenny/Season 01/S01E22 - Who Can Stay Homeless the Longest.rvp" audio_status=0 pcm_playing=1 mixer_freq=44100 mix_status=1 mix_waiting=30720 saved_status=0 saved_elapsed=0 saved_offset=0 pool=0x87e16d0 pool_size=54634272
mode=raw_rvp clip="/Videos/TV Shows/Kenny vs. Spenny/Season 01/S01E22 - Who Can Stay Homeless the Longest.rvp" width=320 height=240 fps=20 sample_rate=44100 channels=2 frames=432 video_bytes=49766400 audio_bytes=0 late_frames=42 play_ticks=596 error=0
mode=raw_rvp clip="/Videos/TV Shows/Kenny vs. Spenny/Season 01/S01E22 - Who Can Stay Homeless the Longest.rvp" width=320 height=240 fps=20 sample_rate=44100 channels=2 frames=432 video_bytes=0 audio_bytes=0 late_frames=42 play_ticks=596 error=0
mode=raw_audio_state stage=shutdown-after-restore clip="/Videos/TV Shows/Kenny vs. Spenny/Season 01/S01E22 - Who Can Stay Homeless the Longest.rvp" audio_status=0 pcm_playing=0 mixer_freq=44100 mix_status=0 mix_waiting=0 saved_status=0 saved_elapsed=0 saved_offset=0 pool=(nil) pool_size=0
mode=raw_audio_state stage=prepare-before-stop clip="/Videos/Movies/Disney's Recess - CopyCat Kid.rvp" audio_status=0 pcm_playing=0 mixer_freq=44100 mix_status=0 mix_waiting=0 saved_status=0 saved_elapsed=0 saved_offset=0 pool=(nil) pool_size=0
mode=raw_audio_state stage=prepare-after-stop clip="/Videos/Movies/Disney's Recess - CopyCat Kid.rvp" audio_status=0 pcm_playing=0 mixer_freq=44100 mix_status=0 mix_waiting=0 saved_status=0 saved_elapsed=0 saved_offset=0 pool=0x87dd80c pool_size=54650340
mode=raw_rvp clip="/Videos/Movies/Disney's Recess - CopyCat Kid.rvp" width=320 height=240 fps=20 sample_rate=44100 channels=2 frames=-1 video_bytes=0 audio_bytes=0 late_frames=0 play_ticks=0 error=-20
mode=raw_rvp clip="/Videos/Movies/Disney's Recess - CopyCat Kid.rvp" width=320 height=240 fps=20 sample_rate=44100 channels=2 frames=-2 video_bytes=6 audio_bytes=0 late_frames=0 play_ticks=0 error=-21
mode=raw_audio_state stage=start-at-frame clip="/Videos/Movies/Disney's Recess - CopyCat Kid.rvp" audio_status=0 pcm_playing=1 mixer_freq=44100 mix_status=1 mix_waiting=30720 saved_status=0 saved_elapsed=0 saved_offset=0 pool=0x87dd80c pool_size=54650340
mode=raw_rvp clip="/Videos/Movies/Disney's Recess - CopyCat Kid.rvp" width=320 height=240 fps=20 sample_rate=44100 channels=2 frames=432 video_bytes=49766400 audio_bytes=0 late_frames=54 play_ticks=301 error=0
mode=raw_rvp clip="/Videos/Movies/Disney's Recess - CopyCat Kid.rvp" width=320 height=240 fps=20 sample_rate=44100 channels=2 frames=432 video_bytes=0 audio_bytes=0 late_frames=54 play_ticks=301 error=0
mode=raw_audio_state stage=shutdown-after-restore clip="/Videos/Movies/Disney's Recess - CopyCat Kid.rvp" audio_status=0 pcm_playing=0 mixer_freq=44100 mix_status=0 mix_waiting=0 saved_status=0 saved_elapsed=0 saved_offset=0 pool=(nil) pool_size=0
